solid OpenSCAD_Model
  facet normal -1 0 0
    outer loop
      vertex 0 17.4 17.4
      vertex 0 31.4 150.4
      vertex 0 31.4 17.4
    endloop
  endfacet
  facet normal -1 -0 0
    outer loop
      vertex 0 31.4 150.4
      vertex 0 17.4 17.4
      vertex 0 17.4 150.4
    endloop
  endfacet
  facet normal -1 0 0
    outer loop
      vertex 0 39.4 150.4
      vertex 0 75.4 25.8641
      vertex 0 39.4 17.4
    endloop
  endfacet
  facet normal -1 0 0
    outer loop
      vertex 0 75.4 25.8641
      vertex 0 39.4 150.4
      vertex 0 53.4 150.4
    endloop
  endfacet
  facet normal -1 0 0
    outer loop
      vertex 0 53.4 17.4
      vertex 0 75.4 25.8641
      vertex 0 74.8288 25.4642
    endloop
  endfacet
  facet normal -1 0 0
    outer loop
      vertex 0 53.4 17.4
      vertex 0 74.8288 25.4642
      vertex 0 74.3358 24.9711
    endloop
  endfacet
  facet normal -1 0 0
    outer loop
      vertex 0 61.4 17.4
      vertex 0 74.3358 24.9711
      vertex 0 73.9359 24.4
    endloop
  endfacet
  facet normal -1 0 0
    outer loop
      vertex 0 61.4 17.4
      vertex 0 73.9359 24.4
      vertex 0 73.6412 23.7681
    endloop
  endfacet
  facet normal -1 0 0
    outer loop
      vertex 0 61.4 17.4
      vertex 0 73.6412 23.7681
      vertex 0 73.4608 23.0946
    endloop
  endfacet
  facet normal -1 0 0
    outer loop
      vertex 0 61.4 17.4
      vertex 0 73.4608 23.0946
      vertex 0 73.4 22.4
    endloop
  endfacet
  facet normal -1 0 0
    outer loop
      vertex 0 74.3358 24.9711
      vertex 0 61.4 17.4
      vertex 0 53.4 17.4
    endloop
  endfacet
  facet normal -1 0 0
    outer loop
      vertex 0 75.4 25.8641
      vertex 0 61.4 150.4
      vertex 0 75.4 150.4
    endloop
  endfacet
  facet normal -1 0 0
    outer loop
      vertex 0 81.4 22.4
      vertex 0 97.4 17.4
      vertex 0 83.4 17.4
    endloop
  endfacet
  facet normal -1 0 0
    outer loop
      vertex 0 80.8641 24.4
      vertex 0 97.4 17.4
      vertex 0 81.1588 23.7681
    endloop
  endfacet
  facet normal -1 0 0
    outer loop
      vertex 0 105.4 17.4
      vertex 0 119.4 150.4
      vertex 0 119.4 17.4
    endloop
  endfacet
  facet normal -1 -0 0
    outer loop
      vertex 0 119.4 150.4
      vertex 0 105.4 17.4
      vertex 0 105.4 150.4
    endloop
  endfacet
  facet normal -1 0 0
    outer loop
      vertex 0 127.4 17.4
      vertex 0 141.4 150.4
      vertex 0 141.4 17.4
    endloop
  endfacet
  facet normal -1 -0 0
    outer loop
      vertex 0 141.4 150.4
      vertex 0 127.4 17.4
      vertex 0 127.4 150.4
    endloop
  endfacet
  facet normal -1 0 0
    outer loop
      vertex 0 141.4 17.4
      vertex 0 154.8 0
      vertex 0 141.4 12.4
    endloop
  endfacet
  facet normal -1 0 0
    outer loop
      vertex 0 154.8 0
      vertex 0 127.4 12.4
      vertex 0 141.4 12.4
    endloop
  endfacet
  facet normal -1 0 0
    outer loop
      vertex 0 119.4 17.4
      vertex 0 127.4 17.4
      vertex 0 127.4 12.4
    endloop
  endfacet
  facet normal -1 0 0
    outer loop
      vertex 0 127.4 17.4
      vertex 0 119.4 17.4
      vertex 0 127.4 150.4
    endloop
  endfacet
  facet normal -1 0 0
    outer loop
      vertex 0 119.4 17.4
      vertex 0 127.4 12.4
      vertex 0 119.4 12.4
    endloop
  endfacet
  facet normal -1 0 0
    outer loop
      vertex 0 154.8 0
      vertex 0 119.4 12.4
      vertex 0 127.4 12.4
    endloop
  endfacet
  facet normal -1 0 0
    outer loop
      vertex 0 154.8 0
      vertex 0 105.4 12.4
      vertex 0 119.4 12.4
    endloop
  endfacet
  facet normal -1 0 0
    outer loop
      vertex 0 97.4 17.4
      vertex 0 105.4 17.4
      vertex 0 105.4 12.4
    endloop
  endfacet
  facet normal -1 0 0
    outer loop
      vertex 0 105.4 17.4
      vertex 0 97.4 17.4
      vertex 0 105.4 150.4
    endloop
  endfacet
  facet normal -1 0 0
    outer loop
      vertex 0 97.4 17.4
      vertex 0 105.4 12.4
      vertex 0 97.4 12.4
    endloop
  endfacet
  facet normal -1 0 0
    outer loop
      vertex 0 154.8 0
      vertex 0 97.4 12.4
      vertex 0 105.4 12.4
    endloop
  endfacet
  facet normal -1 0 0
    outer loop
      vertex 0 154.8 0
      vertex 0 83.4 12.4
      vertex 0 97.4 12.4
    endloop
  endfacet
  facet normal -1 0 0
    outer loop
      vertex 0 78.7681 18.6412
      vertex 0 83.4 17.4
      vertex 0 83.4 12.4
    endloop
  endfacet
  facet normal -1 0 0
    outer loop
      vertex 0 97.4 17.4
      vertex 0 81.3392 23.0946
      vertex 0 81.1588 23.7681
    endloop
  endfacet
  facet normal -1 0 0
    outer loop
      vertex 0 97.4 17.4
      vertex 0 81.4 22.4
      vertex 0 81.3392 23.0946
    endloop
  endfacet
  facet normal -1 0 0
    outer loop
      vertex 0 83.4 17.4
      vertex 0 81.3392 21.7054
      vertex 0 81.4 22.4
    endloop
  endfacet
  facet normal -1 0 0
    outer loop
      vertex 0 83.4 17.4
      vertex 0 81.1588 21.0319
      vertex 0 81.3392 21.7054
    endloop
  endfacet
  facet normal -1 0 0
    outer loop
      vertex 0 83.4 17.4
      vertex 0 80.8641 20.4
      vertex 0 81.1588 21.0319
    endloop
  endfacet
  facet normal -1 0 0
    outer loop
      vertex 0 83.4 17.4
      vertex 0 80.4642 19.8288
      vertex 0 80.8641 20.4
    endloop
  endfacet
  facet normal -1 0 0
    outer loop
      vertex 0 83.4 17.4
      vertex 0 79.9712 19.3358
      vertex 0 80.4642 19.8288
    endloop
  endfacet
  facet normal -1 0 0
    outer loop
      vertex 0 83.4 17.4
      vertex 0 79.4 18.9359
      vertex 0 79.9712 19.3358
    endloop
  endfacet
  facet normal -1 0 0
    outer loop
      vertex 0 83.4 17.4
      vertex 0 78.7681 18.6412
      vertex 0 79.4 18.9359
    endloop
  endfacet
  facet normal -1 0 0
    outer loop
      vertex 0 83.4 12.4
      vertex 0 78.0946 18.4608
      vertex 0 78.7681 18.6412
    endloop
  endfacet
  facet normal -1 0 0
    outer loop
      vertex 0 75.4 12.4
      vertex 0 78.0946 18.4608
      vertex 0 83.4 12.4
    endloop
  endfacet
  facet normal -1 0 0
    outer loop
      vertex 0 78.0946 18.4608
      vertex 0 75.4 12.4
      vertex 0 77.4 18.4
    endloop
  endfacet
  facet normal -1 0 0
    outer loop
      vertex 0 75.4 17.4
      vertex 0 77.4 18.4
      vertex 0 75.4 12.4
    endloop
  endfacet
  facet normal -1 -0 0
    outer loop
      vertex 0 77.4 18.4
      vertex 0 75.4 17.4
      vertex 0 76.7054 18.4608
    endloop
  endfacet
  facet normal -1 0 0
    outer loop
      vertex 0 154.8 0
      vertex 0 75.4 12.4
      vertex 0 83.4 12.4
    endloop
  endfacet
  facet normal -1 0 0
    outer loop
      vertex 0 0 0
      vertex 0 75.4 12.4
      vertex 0 154.8 0
    endloop
  endfacet
  facet normal -1 0 0
    outer loop
      vertex 0 53.4 17.4
      vertex 0 61.4 17.4
      vertex 0 61.4 12.4
    endloop
  endfacet
  facet normal -1 0 0
    outer loop
      vertex 0 39.4 17.4
      vertex 0 75.4 25.8641
      vertex 0 53.4 17.4
    endloop
  endfacet
  facet normal -1 0 0
    outer loop
      vertex 0 53.4 17.4
      vertex 0 61.4 12.4
      vertex 0 53.4 12.4
    endloop
  endfacet
  facet normal -1 -0 0
    outer loop
      vertex 0 75.4 12.4
      vertex 0 0 0
      vertex 0 61.4 12.4
    endloop
  endfacet
  facet normal -1 -0 0
    outer loop
      vertex 0 61.4 12.4
      vertex 0 0 0
      vertex 0 53.4 12.4
    endloop
  endfacet
  facet normal -1 0 0
    outer loop
      vertex 0 31.4 17.4
      vertex 0 39.4 17.4
      vertex 0 39.4 12.4
    endloop
  endfacet
  facet normal -1 0 0
    outer loop
      vertex 0 39.4 17.4
      vertex 0 31.4 17.4
      vertex 0 39.4 150.4
    endloop
  endfacet
  facet normal -1 0 0
    outer loop
      vertex 0 31.4 17.4
      vertex 0 39.4 12.4
      vertex 0 31.4 12.4
    endloop
  endfacet
  facet normal -1 -0 0
    outer loop
      vertex 0 53.4 12.4
      vertex 0 0 0
      vertex 0 39.4 12.4
    endloop
  endfacet
  facet normal -1 -0 0
    outer loop
      vertex 0 39.4 12.4
      vertex 0 0 0
      vertex 0 31.4 12.4
    endloop
  endfacet
  facet normal -1 0 0
    outer loop
      vertex 0 0 0
      vertex 0 17.4 17.4
      vertex 0 17.4 12.4
    endloop
  endfacet
  facet normal -1 -0 0
    outer loop
      vertex 0 17.4 17.4
      vertex 0 0 0
      vertex 0 17.4 150.4
    endloop
  endfacet
  facet normal -1 0 0
    outer loop
      vertex 0 0 172.4
      vertex 0 17.4 150.4
      vertex 0 0 0
    endloop
  endfacet
  facet normal -1 -0 0
    outer loop
      vertex 0 31.4 12.4
      vertex 0 0 0
      vertex 0 17.4 12.4
    endloop
  endfacet
  facet normal -1 0 0
    outer loop
      vertex 0 141.4 150.4
      vertex 0 154.8 0
      vertex 0 141.4 17.4
    endloop
  endfacet
  facet normal -1 0 0
    outer loop
      vertex 0 154.8 0
      vertex 0 141.4 150.4
      vertex 0 154.8 172.4
    endloop
  endfacet
  facet normal -1 0 0
    outer loop
      vertex 0 141.4 155.4
      vertex 0 154.8 172.4
      vertex 0 141.4 150.4
    endloop
  endfacet
  facet normal -1 0 0
    outer loop
      vertex 0 127.4 155.4
      vertex 0 154.8 172.4
      vertex 0 141.4 155.4
    endloop
  endfacet
  facet normal -1 0 0
    outer loop
      vertex 0 119.4 150.4
      vertex 0 127.4 150.4
      vertex 0 119.4 17.4
    endloop
  endfacet
  facet normal -1 0 0
    outer loop
      vertex 0 127.4 150.4
      vertex 0 119.4 150.4
      vertex 0 127.4 155.4
    endloop
  endfacet
  facet normal -1 0 0
    outer loop
      vertex 0 119.4 155.4
      vertex 0 127.4 155.4
      vertex 0 119.4 150.4
    endloop
  endfacet
  facet normal -1 0 0
    outer loop
      vertex 0 119.4 155.4
      vertex 0 154.8 172.4
      vertex 0 127.4 155.4
    endloop
  endfacet
  facet normal -1 0 0
    outer loop
      vertex 0 105.4 155.4
      vertex 0 154.8 172.4
      vertex 0 119.4 155.4
    endloop
  endfacet
  facet normal -1 0 0
    outer loop
      vertex 0 97.4 150.4
      vertex 0 105.4 150.4
      vertex 0 97.4 17.4
    endloop
  endfacet
  facet normal -1 0 0
    outer loop
      vertex 0 105.4 150.4
      vertex 0 97.4 150.4
      vertex 0 105.4 155.4
    endloop
  endfacet
  facet normal -1 0 0
    outer loop
      vertex 0 97.4 155.4
      vertex 0 105.4 155.4
      vertex 0 97.4 150.4
    endloop
  endfacet
  facet normal -1 0 0
    outer loop
      vertex 0 97.4 155.4
      vertex 0 154.8 172.4
      vertex 0 105.4 155.4
    endloop
  endfacet
  facet normal -1 0 0
    outer loop
      vertex 0 83.4 155.4
      vertex 0 154.8 172.4
      vertex 0 97.4 155.4
    endloop
  endfacet
  facet normal -1 0 0
    outer loop
      vertex 0 80.4642 24.9711
      vertex 0 97.4 17.4
      vertex 0 80.8641 24.4
    endloop
  endfacet
  facet normal -1 0 0
    outer loop
      vertex 0 79.9712 25.4642
      vertex 0 97.4 17.4
      vertex 0 80.4642 24.9711
    endloop
  endfacet
  facet normal -1 0 0
    outer loop
      vertex 0 79.4 25.8641
      vertex 0 97.4 17.4
      vertex 0 79.9712 25.4642
    endloop
  endfacet
  facet normal -1 0 0
    outer loop
      vertex 0 97.4 17.4
      vertex 0 79.4 25.8641
      vertex 0 97.4 150.4
    endloop
  endfacet
  facet normal -1 0 0
    outer loop
      vertex 0 78.7681 26.1588
      vertex 0 97.4 150.4
      vertex 0 79.4 25.8641
    endloop
  endfacet
  facet normal -1 0 0
    outer loop
      vertex 0 78.0946 26.3392
      vertex 0 97.4 150.4
      vertex 0 78.7681 26.1588
    endloop
  endfacet
  facet normal -1 -0 0
    outer loop
      vertex 0 97.4 150.4
      vertex 0 78.0946 26.3392
      vertex 0 83.4 150.4
    endloop
  endfacet
  facet normal -1 0 0
    outer loop
      vertex 0 77.4 26.4
      vertex 0 83.4 150.4
      vertex 0 78.0946 26.3392
    endloop
  endfacet
  facet normal -1 -0 0
    outer loop
      vertex 0 83.4 150.4
      vertex 0 77.4 26.4
      vertex 0 75.4 150.4
    endloop
  endfacet
  facet normal -1 0 0
    outer loop
      vertex 0 75.4 150.4
      vertex 0 77.4 26.4
      vertex 0 76.7054 26.3392
    endloop
  endfacet
  facet normal -1 0 0
    outer loop
      vertex 0 75.4 150.4
      vertex 0 76.7054 26.3392
      vertex 0 76.0319 26.1588
    endloop
  endfacet
  facet normal -1 0 0
    outer loop
      vertex 0 75.4 150.4
      vertex 0 76.0319 26.1588
      vertex 0 75.4 25.8641
    endloop
  endfacet
  facet normal -1 0 0
    outer loop
      vertex 0 83.4 150.4
      vertex 0 75.4 150.4
      vertex 0 83.4 155.4
    endloop
  endfacet
  facet normal -1 0 0
    outer loop
      vertex 0 75.4 155.4
      vertex 0 83.4 155.4
      vertex 0 75.4 150.4
    endloop
  endfacet
  facet normal -1 0 0
    outer loop
      vertex 0 75.4 155.4
      vertex 0 154.8 172.4
      vertex 0 83.4 155.4
    endloop
  endfacet
  facet normal -1 0 0
    outer loop
      vertex 0 0 172.4
      vertex 0 75.4 155.4
      vertex 0 61.4 155.4
    endloop
  endfacet
  facet normal -1 0 0
    outer loop
      vertex 0 75.4 25.8641
      vertex 0 53.4 150.4
      vertex 0 61.4 150.4
    endloop
  endfacet
  facet normal -1 0 0
    outer loop
      vertex 0 61.4 150.4
      vertex 0 53.4 150.4
      vertex 0 61.4 155.4
    endloop
  endfacet
  facet normal -1 0 0
    outer loop
      vertex 0 53.4 155.4
      vertex 0 61.4 155.4
      vertex 0 53.4 150.4
    endloop
  endfacet
  facet normal -1 0 0
    outer loop
      vertex 0 0 172.4
      vertex 0 61.4 155.4
      vertex 0 53.4 155.4
    endloop
  endfacet
  facet normal -1 0 0
    outer loop
      vertex 0 0 172.4
      vertex 0 53.4 155.4
      vertex 0 39.4 155.4
    endloop
  endfacet
  facet normal -1 0 0
    outer loop
      vertex 0 31.4 150.4
      vertex 0 39.4 150.4
      vertex 0 31.4 17.4
    endloop
  endfacet
  facet normal -1 0 0
    outer loop
      vertex 0 39.4 150.4
      vertex 0 31.4 150.4
      vertex 0 39.4 155.4
    endloop
  endfacet
  facet normal -1 0 0
    outer loop
      vertex 0 31.4 155.4
      vertex 0 39.4 155.4
      vertex 0 31.4 150.4
    endloop
  endfacet
  facet normal -1 0 0
    outer loop
      vertex 0 0 172.4
      vertex 0 39.4 155.4
      vertex 0 31.4 155.4
    endloop
  endfacet
  facet normal -1 0 0
    outer loop
      vertex 0 0 172.4
      vertex 0 31.4 155.4
      vertex 0 17.4 155.4
    endloop
  endfacet
  facet normal -1 0 0
    outer loop
      vertex 0 75.4 155.4
      vertex 0 0 172.4
      vertex 0 154.8 172.4
    endloop
  endfacet
  facet normal -1 0 0
    outer loop
      vertex 0 17.4 150.4
      vertex 0 0 172.4
      vertex 0 17.4 155.4
    endloop
  endfacet
  facet normal -1 -0 0
    outer loop
      vertex 0 76.7054 18.4608
      vertex 0 75.4 17.4
      vertex 0 76.0319 18.6412
    endloop
  endfacet
  facet normal -1 0 0
    outer loop
      vertex 0 75.4 17.4
      vertex 0 75.4 18.9359
      vertex 0 76.0319 18.6412
    endloop
  endfacet
  facet normal -1 0 0
    outer loop
      vertex 0 75.4 17.4
      vertex 0 74.8288 19.3358
      vertex 0 75.4 18.9359
    endloop
  endfacet
  facet normal -1 0 0
    outer loop
      vertex 0 75.4 17.4
      vertex 0 74.3358 19.8288
      vertex 0 74.8288 19.3358
    endloop
  endfacet
  facet normal -1 0 0
    outer loop
      vertex 0 61.4 17.4
      vertex 0 74.3358 19.8288
      vertex 0 75.4 17.4
    endloop
  endfacet
  facet normal -1 -0 0
    outer loop
      vertex 0 73.4608 21.7054
      vertex 0 61.4 17.4
      vertex 0 73.4 22.4
    endloop
  endfacet
  facet normal -1 -0 0
    outer loop
      vertex 0 73.6412 21.0319
      vertex 0 61.4 17.4
      vertex 0 73.4608 21.7054
    endloop
  endfacet
  facet normal -1 -0 0
    outer loop
      vertex 0 73.9359 20.4
      vertex 0 61.4 17.4
      vertex 0 73.6412 21.0319
    endloop
  endfacet
  facet normal -1 -0 0
    outer loop
      vertex 0 74.3358 19.8288
      vertex 0 61.4 17.4
      vertex 0 73.9359 20.4
    endloop
  endfacet
  facet normal 0 0 1
    outer loop
      vertex 84.8 0 172.4
      vertex 87.8 2.4 172.4
      vertex 84.8 2.4 172.4
    endloop
  endfacet
  facet normal 0 0 1
    outer loop
      vertex 87.8 2.4 172.4
      vertex 84.8 0 172.4
      vertex 87.8 -10 172.4
    endloop
  endfacet
  facet normal 0 0 1
    outer loop
      vertex 87.8 -10 172.4
      vertex 84.8 0 172.4
      vertex 84.8 -10 172.4
    endloop
  endfacet
  facet normal 0 0 1
    outer loop
      vertex 84.8 154.8 172.4
      vertex 87.8 164.8 172.4
      vertex 84.8 164.8 172.4
    endloop
  endfacet
  facet normal 0 0 1
    outer loop
      vertex 87.8 164.8 172.4
      vertex 84.8 154.8 172.4
      vertex 87.8 152.4 172.4
    endloop
  endfacet
  facet normal 0 0 1
    outer loop
      vertex 84.8 154.8 172.4
      vertex 84.8 152.4 172.4
      vertex 87.8 152.4 172.4
    endloop
  endfacet
  facet normal 0 0 1
    outer loop
      vertex 82.4 152.4 172.4
      vertex 84.8 152.4 172.4
      vertex 84.8 154.8 172.4
    endloop
  endfacet
  facet normal 0 0 1
    outer loop
      vertex 84.8 152.4 172.4
      vertex 82.4 152.4 172.4
      vertex 84.8 2.4 172.4
    endloop
  endfacet
  facet normal 0 0 1
    outer loop
      vertex 82.4 2.4 172.4
      vertex 84.8 2.4 172.4
      vertex 82.4 152.4 172.4
    endloop
  endfacet
  facet normal 0 0 1
    outer loop
      vertex 84.8 154.8 172.4
      vertex 2.4 152.4 172.4
      vertex 82.4 152.4 172.4
    endloop
  endfacet
  facet normal 0 0 1
    outer loop
      vertex 2.4 152.4 172.4
      vertex 0 154.8 172.4
      vertex 2.4 2.4 172.4
    endloop
  endfacet
  facet normal -0 0 1
    outer loop
      vertex 0 154.8 172.4
      vertex 2.4 152.4 172.4
      vertex 84.8 154.8 172.4
    endloop
  endfacet
  facet normal 0 0 1
    outer loop
      vertex 84.8 2.4 172.4
      vertex 82.4 2.4 172.4
      vertex 84.8 0 172.4
    endloop
  endfacet
  facet normal -0 0 1
    outer loop
      vertex 2.4 2.4 172.4
      vertex 84.8 0 172.4
      vertex 82.4 2.4 172.4
    endloop
  endfacet
  facet normal 0 0 1
    outer loop
      vertex 2.4 2.4 172.4
      vertex 0 0 172.4
      vertex 84.8 0 172.4
    endloop
  endfacet
  facet normal 0 0 1
    outer loop
      vertex 0 0 172.4
      vertex 2.4 2.4 172.4
      vertex 0 154.8 172.4
    endloop
  endfacet
  facet normal -1 0 0
    outer loop
      vertex 84.8 -3.32583 157.105
      vertex 84.8 0 172.4
      vertex 84.8 -3.32583 86.4952
    endloop
  endfacet
  facet normal -1 0 0
    outer loop
      vertex 84.8 0 172.4
      vertex 84.8 -3.32583 157.105
      vertex 84.8 -3.3 157.4
    endloop
  endfacet
  facet normal -1 0 0
    outer loop
      vertex 84.8 -3.40252 86.7814
      vertex 84.8 -3.32583 157.105
      vertex 84.8 -3.32583 86.4952
    endloop
  endfacet
  facet normal -1 0 0
    outer loop
      vertex 84.8 -3.40252 86.7814
      vertex 84.8 -3.40252 156.819
      vertex 84.8 -3.32583 157.105
    endloop
  endfacet
  facet normal -1 0 0
    outer loop
      vertex 84.8 -3.52776 87.05
      vertex 84.8 -3.40252 156.819
      vertex 84.8 -3.40252 86.7814
    endloop
  endfacet
  facet normal -1 0 0
    outer loop
      vertex 84.8 -3.52776 87.05
      vertex 84.8 -3.52776 156.55
      vertex 84.8 -3.40252 156.819
    endloop
  endfacet
  facet normal -1 0 0
    outer loop
      vertex 84.8 -3.69772 87.2927
      vertex 84.8 -3.52776 156.55
      vertex 84.8 -3.52776 87.05
    endloop
  endfacet
  facet normal -1 0 0
    outer loop
      vertex 84.8 -3.69772 87.2927
      vertex 84.8 -3.69772 156.307
      vertex 84.8 -3.52776 156.55
    endloop
  endfacet
  facet normal -1 0 0
    outer loop
      vertex 84.8 -3.90726 87.5023
      vertex 84.8 -3.69772 156.307
      vertex 84.8 -3.69772 87.2927
    endloop
  endfacet
  facet normal -1 0 0
    outer loop
      vertex 84.8 -3.90726 87.5023
      vertex 84.8 -3.90726 156.098
      vertex 84.8 -3.69772 156.307
    endloop
  endfacet
  facet normal -1 0 0
    outer loop
      vertex 84.8 -4.15 87.6722
      vertex 84.8 -3.90726 156.098
      vertex 84.8 -3.90726 87.5023
    endloop
  endfacet
  facet normal -1 0 0
    outer loop
      vertex 84.8 -4.15 87.6722
      vertex 84.8 -4.15 155.928
      vertex 84.8 -3.90726 156.098
    endloop
  endfacet
  facet normal -1 0 0
    outer loop
      vertex 84.8 -4.41857 87.7975
      vertex 84.8 -4.15 155.928
      vertex 84.8 -4.15 87.6722
    endloop
  endfacet
  facet normal -1 0 0
    outer loop
      vertex 84.8 -4.41857 87.7975
      vertex 84.8 -4.41857 155.803
      vertex 84.8 -4.15 155.928
    endloop
  endfacet
  facet normal -1 0 0
    outer loop
      vertex 84.8 -4.7048 87.8742
      vertex 84.8 -4.41857 155.803
      vertex 84.8 -4.41857 87.7975
    endloop
  endfacet
  facet normal -1 0 0
    outer loop
      vertex 84.8 -4.7048 87.8742
      vertex 84.8 -4.7048 155.726
      vertex 84.8 -4.41857 155.803
    endloop
  endfacet
  facet normal -1 0 0
    outer loop
      vertex 84.8 -5 87.9
      vertex 84.8 -4.7048 155.726
      vertex 84.8 -4.7048 87.8742
    endloop
  endfacet
  facet normal -1 0 0
    outer loop
      vertex 84.8 -5 87.9
      vertex 84.8 -5 155.7
      vertex 84.8 -4.7048 155.726
    endloop
  endfacet
  facet normal -1 0 0
    outer loop
      vertex 84.8 -5.2952 87.8742
      vertex 84.8 -5 155.7
      vertex 84.8 -5 87.9
    endloop
  endfacet
  facet normal -1 0 0
    outer loop
      vertex 84.8 -5.2952 87.8742
      vertex 84.8 -5.2952 155.726
      vertex 84.8 -5 155.7
    endloop
  endfacet
  facet normal -1 0 0
    outer loop
      vertex 84.8 -5.58143 87.7975
      vertex 84.8 -5.2952 155.726
      vertex 84.8 -5.2952 87.8742
    endloop
  endfacet
  facet normal -1 0 0
    outer loop
      vertex 84.8 -5.58143 87.7975
      vertex 84.8 -5.58143 155.803
      vertex 84.8 -5.2952 155.726
    endloop
  endfacet
  facet normal -1 0 0
    outer loop
      vertex 84.8 -5.85 87.6722
      vertex 84.8 -5.58143 155.803
      vertex 84.8 -5.58143 87.7975
    endloop
  endfacet
  facet normal -1 0 0
    outer loop
      vertex 84.8 -5.85 87.6722
      vertex 84.8 -5.85 155.928
      vertex 84.8 -5.58143 155.803
    endloop
  endfacet
  facet normal -1 0 0
    outer loop
      vertex 84.8 -6.09274 87.5023
      vertex 84.8 -5.85 155.928
      vertex 84.8 -5.85 87.6722
    endloop
  endfacet
  facet normal -1 0 0
    outer loop
      vertex 84.8 -6.09274 87.5023
      vertex 84.8 -6.09274 156.098
      vertex 84.8 -5.85 155.928
    endloop
  endfacet
  facet normal -1 0 0
    outer loop
      vertex 84.8 -6.30227 87.2927
      vertex 84.8 -6.09274 156.098
      vertex 84.8 -6.09274 87.5023
    endloop
  endfacet
  facet normal -1 0 0
    outer loop
      vertex 84.8 -6.30227 87.2927
      vertex 84.8 -6.30227 156.307
      vertex 84.8 -6.09274 156.098
    endloop
  endfacet
  facet normal -1 0 0
    outer loop
      vertex 84.8 -6.47224 87.05
      vertex 84.8 -6.30227 156.307
      vertex 84.8 -6.30227 87.2927
    endloop
  endfacet
  facet normal -1 0 0
    outer loop
      vertex 84.8 -6.47224 87.05
      vertex 84.8 -6.47224 156.55
      vertex 84.8 -6.30227 156.307
    endloop
  endfacet
  facet normal -1 0 0
    outer loop
      vertex 84.8 -6.59748 86.7814
      vertex 84.8 -6.47224 156.55
      vertex 84.8 -6.47224 87.05
    endloop
  endfacet
  facet normal -1 0 0
    outer loop
      vertex 84.8 -6.59748 86.7814
      vertex 84.8 -6.59748 156.819
      vertex 84.8 -6.47224 156.55
    endloop
  endfacet
  facet normal -1 0 0
    outer loop
      vertex 84.8 -6.67417 86.4952
      vertex 84.8 -6.59748 156.819
      vertex 84.8 -6.59748 86.7814
    endloop
  endfacet
  facet normal -1 0 0
    outer loop
      vertex 84.8 -6.67417 86.4952
      vertex 84.8 -6.67417 157.105
      vertex 84.8 -6.59748 156.819
    endloop
  endfacet
  facet normal -1 0 0
    outer loop
      vertex 84.8 -10 172.4
      vertex 84.8 -6.67417 86.4952
      vertex 84.8 -6.7 86.2
    endloop
  endfacet
  facet normal -1 0 0
    outer loop
      vertex 84.8 -6.67417 86.4952
      vertex 84.8 -10 172.4
      vertex 84.8 -6.67417 157.105
    endloop
  endfacet
  facet normal -1 0 0
    outer loop
      vertex 84.8 -3.32583 25.2952
      vertex 84.8 -3.3 86.2
      vertex 84.8 -3.3 25
    endloop
  endfacet
  facet normal -1 0 0
    outer loop
      vertex 84.8 -3.32583 25.2952
      vertex 84.8 -3.32583 85.9048
      vertex 84.8 -3.3 86.2
    endloop
  endfacet
  facet normal -1 0 0
    outer loop
      vertex 84.8 -3.40252 25.5814
      vertex 84.8 -3.32583 85.9048
      vertex 84.8 -3.32583 25.2952
    endloop
  endfacet
  facet normal -1 0 0
    outer loop
      vertex 84.8 -3.40252 25.5814
      vertex 84.8 -3.40252 85.6186
      vertex 84.8 -3.32583 85.9048
    endloop
  endfacet
  facet normal -1 0 0
    outer loop
      vertex 84.8 -3.52776 25.85
      vertex 84.8 -3.40252 85.6186
      vertex 84.8 -3.40252 25.5814
    endloop
  endfacet
  facet normal -1 0 0
    outer loop
      vertex 84.8 -3.52776 25.85
      vertex 84.8 -3.52776 85.35
      vertex 84.8 -3.40252 85.6186
    endloop
  endfacet
  facet normal -1 0 0
    outer loop
      vertex 84.8 -3.69772 26.0927
      vertex 84.8 -3.52776 85.35
      vertex 84.8 -3.52776 25.85
    endloop
  endfacet
  facet normal -1 0 0
    outer loop
      vertex 84.8 -3.69772 26.0927
      vertex 84.8 -3.69772 85.1073
      vertex 84.8 -3.52776 85.35
    endloop
  endfacet
  facet normal -1 0 0
    outer loop
      vertex 84.8 -3.90726 26.3023
      vertex 84.8 -3.69772 85.1073
      vertex 84.8 -3.69772 26.0927
    endloop
  endfacet
  facet normal -1 0 0
    outer loop
      vertex 84.8 -3.90726 26.3023
      vertex 84.8 -3.90726 84.8977
      vertex 84.8 -3.69772 85.1073
    endloop
  endfacet
  facet normal -1 0 0
    outer loop
      vertex 84.8 -4.15 26.4722
      vertex 84.8 -3.90726 84.8977
      vertex 84.8 -3.90726 26.3023
    endloop
  endfacet
  facet normal -1 0 0
    outer loop
      vertex 84.8 -4.15 26.4722
      vertex 84.8 -4.15 84.7278
      vertex 84.8 -3.90726 84.8977
    endloop
  endfacet
  facet normal -1 0 0
    outer loop
      vertex 84.8 -4.41857 26.5975
      vertex 84.8 -4.15 84.7278
      vertex 84.8 -4.15 26.4722
    endloop
  endfacet
  facet normal -1 0 0
    outer loop
      vertex 84.8 -4.41857 26.5975
      vertex 84.8 -4.41857 84.6025
      vertex 84.8 -4.15 84.7278
    endloop
  endfacet
  facet normal -1 0 0
    outer loop
      vertex 84.8 -4.7048 26.6742
      vertex 84.8 -4.41857 84.6025
      vertex 84.8 -4.41857 26.5975
    endloop
  endfacet
  facet normal -1 0 0
    outer loop
      vertex 84.8 -4.7048 26.6742
      vertex 84.8 -4.7048 84.5258
      vertex 84.8 -4.41857 84.6025
    endloop
  endfacet
  facet normal -1 0 0
    outer loop
      vertex 84.8 -5 26.7
      vertex 84.8 -4.7048 84.5258
      vertex 84.8 -4.7048 26.6742
    endloop
  endfacet
  facet normal -1 0 0
    outer loop
      vertex 84.8 -5 26.7
      vertex 84.8 -5 84.5
      vertex 84.8 -4.7048 84.5258
    endloop
  endfacet
  facet normal -1 0 0
    outer loop
      vertex 84.8 -5.2952 26.6742
      vertex 84.8 -5 84.5
      vertex 84.8 -5 26.7
    endloop
  endfacet
  facet normal -1 0 0
    outer loop
      vertex 84.8 -5.2952 26.6742
      vertex 84.8 -5.2952 84.5258
      vertex 84.8 -5 84.5
    endloop
  endfacet
  facet normal -1 0 0
    outer loop
      vertex 84.8 -5.58143 26.5975
      vertex 84.8 -5.2952 84.5258
      vertex 84.8 -5.2952 26.6742
    endloop
  endfacet
  facet normal -1 0 0
    outer loop
      vertex 84.8 -5.58143 26.5975
      vertex 84.8 -5.58143 84.6025
      vertex 84.8 -5.2952 84.5258
    endloop
  endfacet
  facet normal -1 0 0
    outer loop
      vertex 84.8 -5.85 26.4722
      vertex 84.8 -5.58143 84.6025
      vertex 84.8 -5.58143 26.5975
    endloop
  endfacet
  facet normal -1 0 0
    outer loop
      vertex 84.8 -5.85 26.4722
      vertex 84.8 -5.85 84.7278
      vertex 84.8 -5.58143 84.6025
    endloop
  endfacet
  facet normal -1 0 0
    outer loop
      vertex 84.8 -6.09274 26.3023
      vertex 84.8 -5.85 84.7278
      vertex 84.8 -5.85 26.4722
    endloop
  endfacet
  facet normal -1 0 0
    outer loop
      vertex 84.8 -6.09274 26.3023
      vertex 84.8 -6.09274 84.8977
      vertex 84.8 -5.85 84.7278
    endloop
  endfacet
  facet normal -1 0 0
    outer loop
      vertex 84.8 -6.30227 26.0927
      vertex 84.8 -6.09274 84.8977
      vertex 84.8 -6.09274 26.3023
    endloop
  endfacet
  facet normal -1 0 0
    outer loop
      vertex 84.8 -6.30227 26.0927
      vertex 84.8 -6.30227 85.1073
      vertex 84.8 -6.09274 84.8977
    endloop
  endfacet
  facet normal -1 0 0
    outer loop
      vertex 84.8 -6.47224 25.85
      vertex 84.8 -6.30227 85.1073
      vertex 84.8 -6.30227 26.0927
    endloop
  endfacet
  facet normal -1 0 0
    outer loop
      vertex 84.8 -6.47224 25.85
      vertex 84.8 -6.47224 85.35
      vertex 84.8 -6.30227 85.1073
    endloop
  endfacet
  facet normal -1 0 0
    outer loop
      vertex 84.8 -6.59748 25.5814
      vertex 84.8 -6.47224 85.35
      vertex 84.8 -6.47224 25.85
    endloop
  endfacet
  facet normal -1 0 0
    outer loop
      vertex 84.8 -6.59748 25.5814
      vertex 84.8 -6.59748 85.6186
      vertex 84.8 -6.47224 85.35
    endloop
  endfacet
  facet normal -1 0 0
    outer loop
      vertex 84.8 -6.67417 25.2952
      vertex 84.8 -6.59748 85.6186
      vertex 84.8 -6.59748 25.5814
    endloop
  endfacet
  facet normal -1 0 0
    outer loop
      vertex 84.8 -6.67417 25.2952
      vertex 84.8 -6.67417 85.9048
      vertex 84.8 -6.59748 85.6186
    endloop
  endfacet
  facet normal -1 0 0
    outer loop
      vertex 84.8 -6.7 25
      vertex 84.8 -6.67417 85.9048
      vertex 84.8 -6.67417 25.2952
    endloop
  endfacet
  facet normal -1 -0 0
    outer loop
      vertex 84.8 -6.67417 85.9048
      vertex 84.8 -6.7 25
      vertex 84.8 -6.7 86.2
    endloop
  endfacet
  facet normal -1 0 0
    outer loop
      vertex 84.8 -3.3 86.2
      vertex 84.8 0 0
      vertex 84.8 -3.3 25
    endloop
  endfacet
  facet normal -1 0 0
    outer loop
      vertex 84.8 0 0
      vertex 84.8 -3.32583 24.7048
      vertex 84.8 -3.3 25
    endloop
  endfacet
  facet normal -1 0 0
    outer loop
      vertex 84.8 0 0
      vertex 84.8 -3.40252 24.4186
      vertex 84.8 -3.32583 24.7048
    endloop
  endfacet
  facet normal -1 0 0
    outer loop
      vertex 84.8 0 0
      vertex 84.8 -3.52776 24.15
      vertex 84.8 -3.40252 24.4186
    endloop
  endfacet
  facet normal -1 0 0
    outer loop
      vertex 84.8 0 0
      vertex 84.8 -3.69772 23.9073
      vertex 84.8 -3.52776 24.15
    endloop
  endfacet
  facet normal -1 0 0
    outer loop
      vertex 84.8 0 0
      vertex 84.8 -3.90726 23.6977
      vertex 84.8 -3.69772 23.9073
    endloop
  endfacet
  facet normal -1 0 0
    outer loop
      vertex 84.8 0 0
      vertex 84.8 -4.15 23.5278
      vertex 84.8 -3.90726 23.6977
    endloop
  endfacet
  facet normal -1 0 0
    outer loop
      vertex 84.8 0 0
      vertex 84.8 -4.41857 23.4025
      vertex 84.8 -4.15 23.5278
    endloop
  endfacet
  facet normal -1 0 0
    outer loop
      vertex 84.8 0 0
      vertex 84.8 -4.7048 23.3258
      vertex 84.8 -4.41857 23.4025
    endloop
  endfacet
  facet normal -1 0 0
    outer loop
      vertex 84.8 0 0
      vertex 84.8 -5 23.3
      vertex 84.8 -4.7048 23.3258
    endloop
  endfacet
  facet normal -1 0 0
    outer loop
      vertex 84.8 -10 0
      vertex 84.8 -5 23.3
      vertex 84.8 0 0
    endloop
  endfacet
  facet normal -1 -0 0
    outer loop
      vertex 84.8 -5 23.3
      vertex 84.8 -10 0
      vertex 84.8 -5.2952 23.3258
    endloop
  endfacet
  facet normal -1 -0 0
    outer loop
      vertex 84.8 -5.2952 23.3258
      vertex 84.8 -10 0
      vertex 84.8 -5.58143 23.4025
    endloop
  endfacet
  facet normal -1 -0 0
    outer loop
      vertex 84.8 -5.58143 23.4025
      vertex 84.8 -10 0
      vertex 84.8 -5.85 23.5278
    endloop
  endfacet
  facet normal -1 -0 0
    outer loop
      vertex 84.8 -5.85 23.5278
      vertex 84.8 -10 0
      vertex 84.8 -6.09274 23.6977
    endloop
  endfacet
  facet normal -1 -0 0
    outer loop
      vertex 84.8 -6.09274 23.6977
      vertex 84.8 -10 0
      vertex 84.8 -6.30227 23.9073
    endloop
  endfacet
  facet normal -1 -0 0
    outer loop
      vertex 84.8 -6.30227 23.9073
      vertex 84.8 -10 0
      vertex 84.8 -6.47224 24.15
    endloop
  endfacet
  facet normal -1 0 0
    outer loop
      vertex 84.8 -10 0
      vertex 84.8 -6.7 86.2
      vertex 84.8 -6.7 25
    endloop
  endfacet
  facet normal -1 -0 0
    outer loop
      vertex 84.8 -6.7 86.2
      vertex 84.8 -10 0
      vertex 84.8 -10 172.4
    endloop
  endfacet
  facet normal -1 -0 0
    outer loop
      vertex 84.8 -6.67417 24.7048
      vertex 84.8 -10 0
      vertex 84.8 -6.7 25
    endloop
  endfacet
  facet normal -1 -0 0
    outer loop
      vertex 84.8 -6.59748 24.4186
      vertex 84.8 -10 0
      vertex 84.8 -6.67417 24.7048
    endloop
  endfacet
  facet normal -1 -0 0
    outer loop
      vertex 84.8 -6.47224 24.15
      vertex 84.8 -10 0
      vertex 84.8 -6.59748 24.4186
    endloop
  endfacet
  facet normal -1 0 0
    outer loop
      vertex 84.8 0 0
      vertex 84.8 -3.3 86.2
      vertex 84.8 0 172.4
    endloop
  endfacet
  facet normal -1 0 0
    outer loop
      vertex 84.8 -3.32583 86.4952
      vertex 84.8 0 172.4
      vertex 84.8 -3.3 86.2
    endloop
  endfacet
  facet normal -1 0 0
    outer loop
      vertex 84.8 -3.32583 157.695
      vertex 84.8 0 172.4
      vertex 84.8 -3.3 157.4
    endloop
  endfacet
  facet normal -1 0 0
    outer loop
      vertex 84.8 -3.40252 157.981
      vertex 84.8 0 172.4
      vertex 84.8 -3.32583 157.695
    endloop
  endfacet
  facet normal -1 0 0
    outer loop
      vertex 84.8 -3.52776 158.25
      vertex 84.8 0 172.4
      vertex 84.8 -3.40252 157.981
    endloop
  endfacet
  facet normal -1 0 0
    outer loop
      vertex 84.8 -3.69772 158.493
      vertex 84.8 0 172.4
      vertex 84.8 -3.52776 158.25
    endloop
  endfacet
  facet normal -1 0 0
    outer loop
      vertex 84.8 -3.90726 158.702
      vertex 84.8 0 172.4
      vertex 84.8 -3.69772 158.493
    endloop
  endfacet
  facet normal -1 0 0
    outer loop
      vertex 84.8 -4.15 158.872
      vertex 84.8 0 172.4
      vertex 84.8 -3.90726 158.702
    endloop
  endfacet
  facet normal -1 0 0
    outer loop
      vertex 84.8 -4.41857 158.997
      vertex 84.8 0 172.4
      vertex 84.8 -4.15 158.872
    endloop
  endfacet
  facet normal -1 0 0
    outer loop
      vertex 84.8 -4.7048 159.074
      vertex 84.8 0 172.4
      vertex 84.8 -4.41857 158.997
    endloop
  endfacet
  facet normal -1 0 0
    outer loop
      vertex 84.8 -5 159.1
      vertex 84.8 0 172.4
      vertex 84.8 -4.7048 159.074
    endloop
  endfacet
  facet normal -1 0 0
    outer loop
      vertex 84.8 -10 172.4
      vertex 84.8 -5 159.1
      vertex 84.8 -5.2952 159.074
    endloop
  endfacet
  facet normal -1 0 0
    outer loop
      vertex 84.8 -10 172.4
      vertex 84.8 -5.2952 159.074
      vertex 84.8 -5.58143 158.997
    endloop
  endfacet
  facet normal -1 0 0
    outer loop
      vertex 84.8 -10 172.4
      vertex 84.8 -5.58143 158.997
      vertex 84.8 -5.85 158.872
    endloop
  endfacet
  facet normal -1 0 0
    outer loop
      vertex 84.8 -10 172.4
      vertex 84.8 -5.85 158.872
      vertex 84.8 -6.09274 158.702
    endloop
  endfacet
  facet normal -1 0 0
    outer loop
      vertex 84.8 -10 172.4
      vertex 84.8 -6.09274 158.702
      vertex 84.8 -6.30227 158.493
    endloop
  endfacet
  facet normal -1 0 0
    outer loop
      vertex 84.8 -10 172.4
      vertex 84.8 -6.30227 158.493
      vertex 84.8 -6.47224 158.25
    endloop
  endfacet
  facet normal -1 0 0
    outer loop
      vertex 84.8 -10 172.4
      vertex 84.8 -6.47224 158.25
      vertex 84.8 -6.59748 157.981
    endloop
  endfacet
  facet normal -1 0 0
    outer loop
      vertex 84.8 -5 159.1
      vertex 84.8 -10 172.4
      vertex 84.8 0 172.4
    endloop
  endfacet
  facet normal -1 0 0
    outer loop
      vertex 84.8 -6.67417 157.695
      vertex 84.8 -10 172.4
      vertex 84.8 -6.59748 157.981
    endloop
  endfacet
  facet normal -1 0 0
    outer loop
      vertex 84.8 -6.7 157.4
      vertex 84.8 -10 172.4
      vertex 84.8 -6.67417 157.695
    endloop
  endfacet
  facet normal -1 0 0
    outer loop
      vertex 84.8 -6.67417 157.105
      vertex 84.8 -10 172.4
      vertex 84.8 -6.7 157.4
    endloop
  endfacet
  facet normal -1 0 0
    outer loop
      vertex 84.8 161.474 157.105
      vertex 84.8 164.8 172.4
      vertex 84.8 161.474 86.4952
    endloop
  endfacet
  facet normal -1 0 0
    outer loop
      vertex 84.8 164.8 172.4
      vertex 84.8 161.474 157.105
      vertex 84.8 161.5 157.4
    endloop
  endfacet
  facet normal -1 0 0
    outer loop
      vertex 84.8 161.397 86.7814
      vertex 84.8 161.474 157.105
      vertex 84.8 161.474 86.4952
    endloop
  endfacet
  facet normal -1 0 0
    outer loop
      vertex 84.8 161.397 86.7814
      vertex 84.8 161.397 156.819
      vertex 84.8 161.474 157.105
    endloop
  endfacet
  facet normal -1 0 0
    outer loop
      vertex 84.8 161.272 87.05
      vertex 84.8 161.397 156.819
      vertex 84.8 161.397 86.7814
    endloop
  endfacet
  facet normal -1 0 0
    outer loop
      vertex 84.8 161.272 87.05
      vertex 84.8 161.272 156.55
      vertex 84.8 161.397 156.819
    endloop
  endfacet
  facet normal -1 0 0
    outer loop
      vertex 84.8 161.102 87.2927
      vertex 84.8 161.272 156.55
      vertex 84.8 161.272 87.05
    endloop
  endfacet
  facet normal -1 0 0
    outer loop
      vertex 84.8 161.102 87.2927
      vertex 84.8 161.102 156.307
      vertex 84.8 161.272 156.55
    endloop
  endfacet
  facet normal -1 0 0
    outer loop
      vertex 84.8 160.893 87.5023
      vertex 84.8 161.102 156.307
      vertex 84.8 161.102 87.2927
    endloop
  endfacet
  facet normal -1 0 0
    outer loop
      vertex 84.8 160.893 87.5023
      vertex 84.8 160.893 156.098
      vertex 84.8 161.102 156.307
    endloop
  endfacet
  facet normal -1 0 0
    outer loop
      vertex 84.8 160.65 87.6722
      vertex 84.8 160.893 156.098
      vertex 84.8 160.893 87.5023
    endloop
  endfacet
  facet normal -1 0 0
    outer loop
      vertex 84.8 160.65 87.6722
      vertex 84.8 160.65 155.928
      vertex 84.8 160.893 156.098
    endloop
  endfacet
  facet normal -1 0 0
    outer loop
      vertex 84.8 160.381 87.7975
      vertex 84.8 160.65 155.928
      vertex 84.8 160.65 87.6722
    endloop
  endfacet
  facet normal -1 0 0
    outer loop
      vertex 84.8 160.381 87.7975
      vertex 84.8 160.381 155.803
      vertex 84.8 160.65 155.928
    endloop
  endfacet
  facet normal -1 0 0
    outer loop
      vertex 84.8 160.095 87.8742
      vertex 84.8 160.381 155.803
      vertex 84.8 160.381 87.7975
    endloop
  endfacet
  facet normal -1 0 0
    outer loop
      vertex 84.8 160.095 87.8742
      vertex 84.8 160.095 155.726
      vertex 84.8 160.381 155.803
    endloop
  endfacet
  facet normal -1 0 0
    outer loop
      vertex 84.8 159.8 87.9
      vertex 84.8 160.095 155.726
      vertex 84.8 160.095 87.8742
    endloop
  endfacet
  facet normal -1 0 0
    outer loop
      vertex 84.8 159.8 87.9
      vertex 84.8 159.8 155.7
      vertex 84.8 160.095 155.726
    endloop
  endfacet
  facet normal -1 0 0
    outer loop
      vertex 84.8 159.505 87.8742
      vertex 84.8 159.8 155.7
      vertex 84.8 159.8 87.9
    endloop
  endfacet
  facet normal -1 0 0
    outer loop
      vertex 84.8 159.505 87.8742
      vertex 84.8 159.505 155.726
      vertex 84.8 159.8 155.7
    endloop
  endfacet
  facet normal -1 0 0
    outer loop
      vertex 84.8 159.219 87.7975
      vertex 84.8 159.505 155.726
      vertex 84.8 159.505 87.8742
    endloop
  endfacet
  facet normal -1 0 0
    outer loop
      vertex 84.8 159.219 87.7975
      vertex 84.8 159.219 155.803
      vertex 84.8 159.505 155.726
    endloop
  endfacet
  facet normal -1 0 0
    outer loop
      vertex 84.8 158.95 87.6722
      vertex 84.8 159.219 155.803
      vertex 84.8 159.219 87.7975
    endloop
  endfacet
  facet normal -1 0 0
    outer loop
      vertex 84.8 158.95 87.6722
      vertex 84.8 158.95 155.928
      vertex 84.8 159.219 155.803
    endloop
  endfacet
  facet normal -1 0 0
    outer loop
      vertex 84.8 158.707 87.5023
      vertex 84.8 158.95 155.928
      vertex 84.8 158.95 87.6722
    endloop
  endfacet
  facet normal -1 0 0
    outer loop
      vertex 84.8 158.707 87.5023
      vertex 84.8 158.707 156.098
      vertex 84.8 158.95 155.928
    endloop
  endfacet
  facet normal -1 0 0
    outer loop
      vertex 84.8 158.498 87.2927
      vertex 84.8 158.707 156.098
      vertex 84.8 158.707 87.5023
    endloop
  endfacet
  facet normal -1 0 0
    outer loop
      vertex 84.8 158.498 87.2927
      vertex 84.8 158.498 156.307
      vertex 84.8 158.707 156.098
    endloop
  endfacet
  facet normal -1 0 0
    outer loop
      vertex 84.8 158.328 87.05
      vertex 84.8 158.498 156.307
      vertex 84.8 158.498 87.2927
    endloop
  endfacet
  facet normal -1 0 0
    outer loop
      vertex 84.8 158.328 87.05
      vertex 84.8 158.328 156.55
      vertex 84.8 158.498 156.307
    endloop
  endfacet
  facet normal -1 0 0
    outer loop
      vertex 84.8 158.203 86.7814
      vertex 84.8 158.328 156.55
      vertex 84.8 158.328 87.05
    endloop
  endfacet
  facet normal -1 0 0
    outer loop
      vertex 84.8 158.203 86.7814
      vertex 84.8 158.203 156.819
      vertex 84.8 158.328 156.55
    endloop
  endfacet
  facet normal -1 0 0
    outer loop
      vertex 84.8 158.126 86.4952
      vertex 84.8 158.203 156.819
      vertex 84.8 158.203 86.7814
    endloop
  endfacet
  facet normal -1 0 0
    outer loop
      vertex 84.8 158.126 86.4952
      vertex 84.8 158.126 157.105
      vertex 84.8 158.203 156.819
    endloop
  endfacet
  facet normal -1 0 0
    outer loop
      vertex 84.8 154.8 172.4
      vertex 84.8 158.126 86.4952
      vertex 84.8 158.1 86.2
    endloop
  endfacet
  facet normal -1 0 0
    outer loop
      vertex 84.8 158.126 86.4952
      vertex 84.8 154.8 172.4
      vertex 84.8 158.126 157.105
    endloop
  endfacet
  facet normal -1 0 0
    outer loop
      vertex 84.8 161.474 25.2952
      vertex 84.8 161.5 86.2
      vertex 84.8 161.5 25
    endloop
  endfacet
  facet normal -1 0 0
    outer loop
      vertex 84.8 161.474 25.2952
      vertex 84.8 161.474 85.9048
      vertex 84.8 161.5 86.2
    endloop
  endfacet
  facet normal -1 0 0
    outer loop
      vertex 84.8 161.397 25.5814
      vertex 84.8 161.474 85.9048
      vertex 84.8 161.474 25.2952
    endloop
  endfacet
  facet normal -1 0 0
    outer loop
      vertex 84.8 161.397 25.5814
      vertex 84.8 161.397 85.6186
      vertex 84.8 161.474 85.9048
    endloop
  endfacet
  facet normal -1 0 0
    outer loop
      vertex 84.8 161.272 25.85
      vertex 84.8 161.397 85.6186
      vertex 84.8 161.397 25.5814
    endloop
  endfacet
  facet normal -1 0 0
    outer loop
      vertex 84.8 161.272 25.85
      vertex 84.8 161.272 85.35
      vertex 84.8 161.397 85.6186
    endloop
  endfacet
  facet normal -1 0 0
    outer loop
      vertex 84.8 161.102 26.0927
      vertex 84.8 161.272 85.35
      vertex 84.8 161.272 25.85
    endloop
  endfacet
  facet normal -1 0 0
    outer loop
      vertex 84.8 161.102 26.0927
      vertex 84.8 161.102 85.1073
      vertex 84.8 161.272 85.35
    endloop
  endfacet
  facet normal -1 0 0
    outer loop
      vertex 84.8 160.893 26.3023
      vertex 84.8 161.102 85.1073
      vertex 84.8 161.102 26.0927
    endloop
  endfacet
  facet normal -1 0 0
    outer loop
      vertex 84.8 160.893 26.3023
      vertex 84.8 160.893 84.8977
      vertex 84.8 161.102 85.1073
    endloop
  endfacet
  facet normal -1 0 0
    outer loop
      vertex 84.8 160.65 26.4722
      vertex 84.8 160.893 84.8977
      vertex 84.8 160.893 26.3023
    endloop
  endfacet
  facet normal -1 0 0
    outer loop
      vertex 84.8 160.65 26.4722
      vertex 84.8 160.65 84.7278
      vertex 84.8 160.893 84.8977
    endloop
  endfacet
  facet normal -1 0 0
    outer loop
      vertex 84.8 160.381 26.5975
      vertex 84.8 160.65 84.7278
      vertex 84.8 160.65 26.4722
    endloop
  endfacet
  facet normal -1 0 0
    outer loop
      vertex 84.8 160.381 26.5975
      vertex 84.8 160.381 84.6025
      vertex 84.8 160.65 84.7278
    endloop
  endfacet
  facet normal -1 0 0
    outer loop
      vertex 84.8 160.095 26.6742
      vertex 84.8 160.381 84.6025
      vertex 84.8 160.381 26.5975
    endloop
  endfacet
  facet normal -1 0 0
    outer loop
      vertex 84.8 160.095 26.6742
      vertex 84.8 160.095 84.5258
      vertex 84.8 160.381 84.6025
    endloop
  endfacet
  facet normal -1 0 0
    outer loop
      vertex 84.8 159.8 26.7
      vertex 84.8 160.095 84.5258
      vertex 84.8 160.095 26.6742
    endloop
  endfacet
  facet normal -1 0 0
    outer loop
      vertex 84.8 159.8 26.7
      vertex 84.8 159.8 84.5
      vertex 84.8 160.095 84.5258
    endloop
  endfacet
  facet normal -1 0 0
    outer loop
      vertex 84.8 159.505 26.6742
      vertex 84.8 159.8 84.5
      vertex 84.8 159.8 26.7
    endloop
  endfacet
  facet normal -1 0 0
    outer loop
      vertex 84.8 159.505 26.6742
      vertex 84.8 159.505 84.5258
      vertex 84.8 159.8 84.5
    endloop
  endfacet
  facet normal -1 0 0
    outer loop
      vertex 84.8 159.219 26.5975
      vertex 84.8 159.505 84.5258
      vertex 84.8 159.505 26.6742
    endloop
  endfacet
  facet normal -1 0 0
    outer loop
      vertex 84.8 159.219 26.5975
      vertex 84.8 159.219 84.6025
      vertex 84.8 159.505 84.5258
    endloop
  endfacet
  facet normal -1 0 0
    outer loop
      vertex 84.8 158.95 26.4722
      vertex 84.8 159.219 84.6025
      vertex 84.8 159.219 26.5975
    endloop
  endfacet
  facet normal -1 0 0
    outer loop
      vertex 84.8 158.95 26.4722
      vertex 84.8 158.95 84.7278
      vertex 84.8 159.219 84.6025
    endloop
  endfacet
  facet normal -1 0 0
    outer loop
      vertex 84.8 158.707 26.3023
      vertex 84.8 158.95 84.7278
      vertex 84.8 158.95 26.4722
    endloop
  endfacet
  facet normal -1 0 0
    outer loop
      vertex 84.8 158.707 26.3023
      vertex 84.8 158.707 84.8977
      vertex 84.8 158.95 84.7278
    endloop
  endfacet
  facet normal -1 0 0
    outer loop
      vertex 84.8 158.498 26.0927
      vertex 84.8 158.707 84.8977
      vertex 84.8 158.707 26.3023
    endloop
  endfacet
  facet normal -1 0 0
    outer loop
      vertex 84.8 158.498 26.0927
      vertex 84.8 158.498 85.1073
      vertex 84.8 158.707 84.8977
    endloop
  endfacet
  facet normal -1 0 0
    outer loop
      vertex 84.8 158.328 25.85
      vertex 84.8 158.498 85.1073
      vertex 84.8 158.498 26.0927
    endloop
  endfacet
  facet normal -1 0 0
    outer loop
      vertex 84.8 158.328 25.85
      vertex 84.8 158.328 85.35
      vertex 84.8 158.498 85.1073
    endloop
  endfacet
  facet normal -1 0 0
    outer loop
      vertex 84.8 158.203 25.5814
      vertex 84.8 158.328 85.35
      vertex 84.8 158.328 25.85
    endloop
  endfacet
  facet normal -1 0 0
    outer loop
      vertex 84.8 158.203 25.5814
      vertex 84.8 158.203 85.6186
      vertex 84.8 158.328 85.35
    endloop
  endfacet
  facet normal -1 0 0
    outer loop
      vertex 84.8 158.126 25.2952
      vertex 84.8 158.203 85.6186
      vertex 84.8 158.203 25.5814
    endloop
  endfacet
  facet normal -1 0 0
    outer loop
      vertex 84.8 158.126 25.2952
      vertex 84.8 158.126 85.9048
      vertex 84.8 158.203 85.6186
    endloop
  endfacet
  facet normal -1 0 0
    outer loop
      vertex 84.8 158.1 25
      vertex 84.8 158.126 85.9048
      vertex 84.8 158.126 25.2952
    endloop
  endfacet
  facet normal -1 -0 0
    outer loop
      vertex 84.8 158.126 85.9048
      vertex 84.8 158.1 25
      vertex 84.8 158.1 86.2
    endloop
  endfacet
  facet normal -1 0 0
    outer loop
      vertex 84.8 161.5 86.2
      vertex 84.8 164.8 0
      vertex 84.8 161.5 25
    endloop
  endfacet
  facet normal -1 0 0
    outer loop
      vertex 84.8 164.8 0
      vertex 84.8 161.474 24.7048
      vertex 84.8 161.5 25
    endloop
  endfacet
  facet normal -1 0 0
    outer loop
      vertex 84.8 164.8 0
      vertex 84.8 161.397 24.4186
      vertex 84.8 161.474 24.7048
    endloop
  endfacet
  facet normal -1 0 0
    outer loop
      vertex 84.8 164.8 0
      vertex 84.8 161.272 24.15
      vertex 84.8 161.397 24.4186
    endloop
  endfacet
  facet normal -1 0 0
    outer loop
      vertex 84.8 164.8 0
      vertex 84.8 161.102 23.9073
      vertex 84.8 161.272 24.15
    endloop
  endfacet
  facet normal -1 0 0
    outer loop
      vertex 84.8 164.8 0
      vertex 84.8 160.893 23.6977
      vertex 84.8 161.102 23.9073
    endloop
  endfacet
  facet normal -1 0 0
    outer loop
      vertex 84.8 164.8 0
      vertex 84.8 160.65 23.5278
      vertex 84.8 160.893 23.6977
    endloop
  endfacet
  facet normal -1 0 0
    outer loop
      vertex 84.8 164.8 0
      vertex 84.8 160.381 23.4025
      vertex 84.8 160.65 23.5278
    endloop
  endfacet
  facet normal -1 0 0
    outer loop
      vertex 84.8 164.8 0
      vertex 84.8 160.095 23.3258
      vertex 84.8 160.381 23.4025
    endloop
  endfacet
  facet normal -1 0 0
    outer loop
      vertex 84.8 164.8 0
      vertex 84.8 159.8 23.3
      vertex 84.8 160.095 23.3258
    endloop
  endfacet
  facet normal -1 0 0
    outer loop
      vertex 84.8 154.8 0
      vertex 84.8 159.8 23.3
      vertex 84.8 164.8 0
    endloop
  endfacet
  facet normal -1 -0 0
    outer loop
      vertex 84.8 159.8 23.3
      vertex 84.8 154.8 0
      vertex 84.8 159.505 23.3258
    endloop
  endfacet
  facet normal -1 -0 0
    outer loop
      vertex 84.8 159.505 23.3258
      vertex 84.8 154.8 0
      vertex 84.8 159.219 23.4025
    endloop
  endfacet
  facet normal -1 -0 0
    outer loop
      vertex 84.8 159.219 23.4025
      vertex 84.8 154.8 0
      vertex 84.8 158.95 23.5278
    endloop
  endfacet
  facet normal -1 -0 0
    outer loop
      vertex 84.8 158.95 23.5278
      vertex 84.8 154.8 0
      vertex 84.8 158.707 23.6977
    endloop
  endfacet
  facet normal -1 -0 0
    outer loop
      vertex 84.8 158.707 23.6977
      vertex 84.8 154.8 0
      vertex 84.8 158.498 23.9073
    endloop
  endfacet
  facet normal -1 -0 0
    outer loop
      vertex 84.8 158.498 23.9073
      vertex 84.8 154.8 0
      vertex 84.8 158.328 24.15
    endloop
  endfacet
  facet normal -1 0 0
    outer loop
      vertex 84.8 154.8 0
      vertex 84.8 158.1 86.2
      vertex 84.8 158.1 25
    endloop
  endfacet
  facet normal -1 -0 0
    outer loop
      vertex 84.8 158.1 86.2
      vertex 84.8 154.8 0
      vertex 84.8 154.8 172.4
    endloop
  endfacet
  facet normal -1 -0 0
    outer loop
      vertex 84.8 158.126 24.7048
      vertex 84.8 154.8 0
      vertex 84.8 158.1 25
    endloop
  endfacet
  facet normal -1 -0 0
    outer loop
      vertex 84.8 158.203 24.4186
      vertex 84.8 154.8 0
      vertex 84.8 158.126 24.7048
    endloop
  endfacet
  facet normal -1 -0 0
    outer loop
      vertex 84.8 158.328 24.15
      vertex 84.8 154.8 0
      vertex 84.8 158.203 24.4186
    endloop
  endfacet
  facet normal -1 0 0
    outer loop
      vertex 84.8 164.8 0
      vertex 84.8 161.5 86.2
      vertex 84.8 164.8 172.4
    endloop
  endfacet
  facet normal -1 0 0
    outer loop
      vertex 84.8 161.474 86.4952
      vertex 84.8 164.8 172.4
      vertex 84.8 161.5 86.2
    endloop
  endfacet
  facet normal -1 0 0
    outer loop
      vertex 84.8 161.474 157.695
      vertex 84.8 164.8 172.4
      vertex 84.8 161.5 157.4
    endloop
  endfacet
  facet normal -1 0 0
    outer loop
      vertex 84.8 161.397 157.981
      vertex 84.8 164.8 172.4
      vertex 84.8 161.474 157.695
    endloop
  endfacet
  facet normal -1 0 0
    outer loop
      vertex 84.8 161.272 158.25
      vertex 84.8 164.8 172.4
      vertex 84.8 161.397 157.981
    endloop
  endfacet
  facet normal -1 0 0
    outer loop
      vertex 84.8 161.102 158.493
      vertex 84.8 164.8 172.4
      vertex 84.8 161.272 158.25
    endloop
  endfacet
  facet normal -1 0 0
    outer loop
      vertex 84.8 160.893 158.702
      vertex 84.8 164.8 172.4
      vertex 84.8 161.102 158.493
    endloop
  endfacet
  facet normal -1 0 0
    outer loop
      vertex 84.8 160.65 158.872
      vertex 84.8 164.8 172.4
      vertex 84.8 160.893 158.702
    endloop
  endfacet
  facet normal -1 0 0
    outer loop
      vertex 84.8 160.381 158.997
      vertex 84.8 164.8 172.4
      vertex 84.8 160.65 158.872
    endloop
  endfacet
  facet normal -1 0 0
    outer loop
      vertex 84.8 160.095 159.074
      vertex 84.8 164.8 172.4
      vertex 84.8 160.381 158.997
    endloop
  endfacet
  facet normal -1 0 0
    outer loop
      vertex 84.8 159.8 159.1
      vertex 84.8 164.8 172.4
      vertex 84.8 160.095 159.074
    endloop
  endfacet
  facet normal -1 0 0
    outer loop
      vertex 84.8 154.8 172.4
      vertex 84.8 159.8 159.1
      vertex 84.8 159.505 159.074
    endloop
  endfacet
  facet normal -1 0 0
    outer loop
      vertex 84.8 154.8 172.4
      vertex 84.8 159.505 159.074
      vertex 84.8 159.219 158.997
    endloop
  endfacet
  facet normal -1 0 0
    outer loop
      vertex 84.8 154.8 172.4
      vertex 84.8 159.219 158.997
      vertex 84.8 158.95 158.872
    endloop
  endfacet
  facet normal -1 0 0
    outer loop
      vertex 84.8 154.8 172.4
      vertex 84.8 158.95 158.872
      vertex 84.8 158.707 158.702
    endloop
  endfacet
  facet normal -1 0 0
    outer loop
      vertex 84.8 154.8 172.4
      vertex 84.8 158.707 158.702
      vertex 84.8 158.498 158.493
    endloop
  endfacet
  facet normal -1 0 0
    outer loop
      vertex 84.8 154.8 172.4
      vertex 84.8 158.498 158.493
      vertex 84.8 158.328 158.25
    endloop
  endfacet
  facet normal -1 0 0
    outer loop
      vertex 84.8 154.8 172.4
      vertex 84.8 158.328 158.25
      vertex 84.8 158.203 157.981
    endloop
  endfacet
  facet normal -1 0 0
    outer loop
      vertex 84.8 159.8 159.1
      vertex 84.8 154.8 172.4
      vertex 84.8 164.8 172.4
    endloop
  endfacet
  facet normal -1 0 0
    outer loop
      vertex 84.8 158.126 157.695
      vertex 84.8 154.8 172.4
      vertex 84.8 158.203 157.981
    endloop
  endfacet
  facet normal -1 0 0
    outer loop
      vertex 84.8 158.1 157.4
      vertex 84.8 154.8 172.4
      vertex 84.8 158.126 157.695
    endloop
  endfacet
  facet normal -1 0 0
    outer loop
      vertex 84.8 158.126 157.105
      vertex 84.8 154.8 172.4
      vertex 84.8 158.1 157.4
    endloop
  endfacet
  facet normal 1 -0 0
    outer loop
      vertex 84.8 118.847 35.2925
      vertex 84.8 152.4 10
      vertex 84.8 152.4 172.4
    endloop
  endfacet
  facet normal 1 0 0
    outer loop
      vertex 84.8 152.4 10
      vertex 84.8 119.832 33.1814
      vertex 84.8 119.9 32.4
    endloop
  endfacet
  facet normal 1 0 0
    outer loop
      vertex 84.8 152.4 10
      vertex 84.8 119.629 33.9391
      vertex 84.8 119.832 33.1814
    endloop
  endfacet
  facet normal 1 0 0
    outer loop
      vertex 84.8 152.4 10
      vertex 84.8 119.297 34.65
      vertex 84.8 119.629 33.9391
    endloop
  endfacet
  facet normal 1 0 0
    outer loop
      vertex 84.8 152.4 10
      vertex 84.8 118.847 35.2925
      vertex 84.8 119.297 34.65
    endloop
  endfacet
  facet normal 1 0 0
    outer loop
      vertex 84.8 152.4 172.4
      vertex 84.8 118.293 35.8472
      vertex 84.8 118.847 35.2925
    endloop
  endfacet
  facet normal 1 0 0
    outer loop
      vertex 84.8 152.4 172.4
      vertex 84.8 117.65 36.2971
      vertex 84.8 118.293 35.8472
    endloop
  endfacet
  facet normal 1 0 0
    outer loop
      vertex 84.8 152.4 172.4
      vertex 84.8 116.939 36.6286
      vertex 84.8 117.65 36.2971
    endloop
  endfacet
  facet normal 1 0 0
    outer loop
      vertex 84.8 152.4 172.4
      vertex 84.8 116.181 36.8316
      vertex 84.8 116.939 36.6286
    endloop
  endfacet
  facet normal 1 0 0
    outer loop
      vertex 84.8 152.4 172.4
      vertex 84.8 115.4 36.9
      vertex 84.8 116.181 36.8316
    endloop
  endfacet
  facet normal 1 0 0
    outer loop
      vertex 84.8 152.4 172.4
      vertex 84.8 114.619 36.8316
      vertex 84.8 115.4 36.9
    endloop
  endfacet
  facet normal 1 0 0
    outer loop
      vertex 84.8 78.1814 36.8316
      vertex 84.8 114.619 36.8316
      vertex 84.8 152.4 172.4
    endloop
  endfacet
  facet normal 1 0 0
    outer loop
      vertex 84.8 114.619 36.8316
      vertex 84.8 78.1814 36.8316
      vertex 84.8 113.861 36.6286
    endloop
  endfacet
  facet normal 1 0 -0
    outer loop
      vertex 84.8 78.9391 36.6286
      vertex 84.8 113.861 36.6286
      vertex 84.8 78.1814 36.8316
    endloop
  endfacet
  facet normal 1 0 0
    outer loop
      vertex 84.8 113.861 36.6286
      vertex 84.8 78.9391 36.6286
      vertex 84.8 113.15 36.2971
    endloop
  endfacet
  facet normal 1 0 0
    outer loop
      vertex 84.8 113.15 36.2971
      vertex 84.8 79.65 36.2971
      vertex 84.8 112.507 35.8472
    endloop
  endfacet
  facet normal 1 0 -0
    outer loop
      vertex 84.8 80.2925 35.8472
      vertex 84.8 112.507 35.8472
      vertex 84.8 79.65 36.2971
    endloop
  endfacet
  facet normal 1 0 0
    outer loop
      vertex 84.8 110.968 33.1814
      vertex 84.8 81.9 32.4
      vertex 84.8 110.9 32.4
    endloop
  endfacet
  facet normal 1 0 0
    outer loop
      vertex 84.8 81.8316 33.1814
      vertex 84.8 110.968 33.1814
      vertex 84.8 111.171 33.9391
    endloop
  endfacet
  facet normal 1 0 0
    outer loop
      vertex 84.8 112.507 35.8472
      vertex 84.8 80.2925 35.8472
      vertex 84.8 111.953 35.2925
    endloop
  endfacet
  facet normal 1 0 0
    outer loop
      vertex 84.8 110.968 33.1814
      vertex 84.8 81.8316 33.1814
      vertex 84.8 81.9 32.4
    endloop
  endfacet
  facet normal 1 0 0
    outer loop
      vertex 84.8 111.171 33.9391
      vertex 84.8 81.6286 33.9391
      vertex 84.8 81.8316 33.1814
    endloop
  endfacet
  facet normal 1 0 0
    outer loop
      vertex 84.8 111.171 33.9391
      vertex 84.8 81.2971 34.65
      vertex 84.8 81.6286 33.9391
    endloop
  endfacet
  facet normal 1 0 0
    outer loop
      vertex 84.8 111.503 34.65
      vertex 84.8 81.2971 34.65
      vertex 84.8 111.171 33.9391
    endloop
  endfacet
  facet normal 1 0 -0
    outer loop
      vertex 84.8 81.2971 34.65
      vertex 84.8 111.503 34.65
      vertex 84.8 80.8472 35.2925
    endloop
  endfacet
  facet normal 1 0 0
    outer loop
      vertex 84.8 111.953 35.2925
      vertex 84.8 80.8472 35.2925
      vertex 84.8 111.503 34.65
    endloop
  endfacet
  facet normal 1 0 -0
    outer loop
      vertex 84.8 80.8472 35.2925
      vertex 84.8 111.953 35.2925
      vertex 84.8 80.2925 35.8472
    endloop
  endfacet
  facet normal 1 0 -0
    outer loop
      vertex 84.8 79.65 36.2971
      vertex 84.8 113.15 36.2971
      vertex 84.8 78.9391 36.6286
    endloop
  endfacet
  facet normal 1 0 0
    outer loop
      vertex 84.8 152.4 172.4
      vertex 84.8 77.4 36.9
      vertex 84.8 78.1814 36.8316
    endloop
  endfacet
  facet normal 1 -0 0
    outer loop
      vertex 84.8 2.4 172.4
      vertex 84.8 77.4 36.9
      vertex 84.8 152.4 172.4
    endloop
  endfacet
  facet normal 1 0 0
    outer loop
      vertex 84.8 77.4 36.9
      vertex 84.8 2.4 172.4
      vertex 84.8 76.6186 36.8316
    endloop
  endfacet
  facet normal 1 0 -0
    outer loop
      vertex 84.8 40.1814 36.8316
      vertex 84.8 76.6186 36.8316
      vertex 84.8 2.4 172.4
    endloop
  endfacet
  facet normal 1 0 0
    outer loop
      vertex 84.8 76.6186 36.8316
      vertex 84.8 40.1814 36.8316
      vertex 84.8 75.8609 36.6286
    endloop
  endfacet
  facet normal 1 0 -0
    outer loop
      vertex 84.8 40.9391 36.6286
      vertex 84.8 75.8609 36.6286
      vertex 84.8 40.1814 36.8316
    endloop
  endfacet
  facet normal 1 0 0
    outer loop
      vertex 84.8 75.8609 36.6286
      vertex 84.8 40.9391 36.6286
      vertex 84.8 75.15 36.2971
    endloop
  endfacet
  facet normal 1 0 0
    outer loop
      vertex 84.8 72.9684 33.1814
      vertex 84.8 43.9 32.4
      vertex 84.8 72.9 32.4
    endloop
  endfacet
  facet normal 1 0 0
    outer loop
      vertex 84.8 43.8316 33.1814
      vertex 84.8 72.9684 33.1814
      vertex 84.8 73.1714 33.9391
    endloop
  endfacet
  facet normal 1 0 0
    outer loop
      vertex 84.8 43.6286 33.9391
      vertex 84.8 73.1714 33.9391
      vertex 84.8 73.5029 34.65
    endloop
  endfacet
  facet normal 1 0 -0
    outer loop
      vertex 84.8 41.65 36.2971
      vertex 84.8 75.15 36.2971
      vertex 84.8 40.9391 36.6286
    endloop
  endfacet
  facet normal 1 0 0
    outer loop
      vertex 84.8 72.9684 33.1814
      vertex 84.8 43.8316 33.1814
      vertex 84.8 43.9 32.4
    endloop
  endfacet
  facet normal 1 0 0
    outer loop
      vertex 84.8 73.1714 33.9391
      vertex 84.8 43.6286 33.9391
      vertex 84.8 43.8316 33.1814
    endloop
  endfacet
  facet normal 1 0 0
    outer loop
      vertex 84.8 73.5029 34.65
      vertex 84.8 43.2971 34.65
      vertex 84.8 43.6286 33.9391
    endloop
  endfacet
  facet normal 1 0 0
    outer loop
      vertex 84.8 73.5029 34.65
      vertex 84.8 42.8472 35.2925
      vertex 84.8 43.2971 34.65
    endloop
  endfacet
  facet normal 1 0 0
    outer loop
      vertex 84.8 73.9528 35.2925
      vertex 84.8 42.8472 35.2925
      vertex 84.8 73.5029 34.65
    endloop
  endfacet
  facet normal 1 0 -0
    outer loop
      vertex 84.8 42.8472 35.2925
      vertex 84.8 73.9528 35.2925
      vertex 84.8 42.2925 35.8472
    endloop
  endfacet
  facet normal 1 0 0
    outer loop
      vertex 84.8 74.5075 35.8472
      vertex 84.8 42.2925 35.8472
      vertex 84.8 73.9528 35.2925
    endloop
  endfacet
  facet normal 1 0 -0
    outer loop
      vertex 84.8 42.2925 35.8472
      vertex 84.8 74.5075 35.8472
      vertex 84.8 41.65 36.2971
    endloop
  endfacet
  facet normal 1 0 0
    outer loop
      vertex 84.8 75.15 36.2971
      vertex 84.8 41.65 36.2971
      vertex 84.8 74.5075 35.8472
    endloop
  endfacet
  facet normal 1 0 0
    outer loop
      vertex 84.8 40.1814 36.8316
      vertex 84.8 2.4 172.4
      vertex 84.8 39.4 36.9
    endloop
  endfacet
  facet normal 1 0 0
    outer loop
      vertex 84.8 39.4 36.9
      vertex 84.8 2.4 172.4
      vertex 84.8 38.6186 36.8316
    endloop
  endfacet
  facet normal 1 0 0
    outer loop
      vertex 84.8 38.6186 36.8316
      vertex 84.8 2.4 172.4
      vertex 84.8 37.8609 36.6286
    endloop
  endfacet
  facet normal 1 0 0
    outer loop
      vertex 84.8 37.8609 36.6286
      vertex 84.8 2.4 172.4
      vertex 84.8 37.15 36.2971
    endloop
  endfacet
  facet normal 1 0 0
    outer loop
      vertex 84.8 37.15 36.2971
      vertex 84.8 2.4 172.4
      vertex 84.8 36.5075 35.8472
    endloop
  endfacet
  facet normal 1 0 0
    outer loop
      vertex 84.8 35.1714 33.9391
      vertex 84.8 2.4 10
      vertex 84.8 34.9684 33.1814
    endloop
  endfacet
  facet normal 1 0 0
    outer loop
      vertex 84.8 35.5029 34.65
      vertex 84.8 2.4 10
      vertex 84.8 35.1714 33.9391
    endloop
  endfacet
  facet normal 1 0 0
    outer loop
      vertex 84.8 35.9528 35.2925
      vertex 84.8 2.4 10
      vertex 84.8 35.5029 34.65
    endloop
  endfacet
  facet normal 1 0 0
    outer loop
      vertex 84.8 2.4 10
      vertex 84.8 35.9528 35.2925
      vertex 84.8 2.4 172.4
    endloop
  endfacet
  facet normal 1 0 0
    outer loop
      vertex 84.8 36.5075 35.8472
      vertex 84.8 2.4 172.4
      vertex 84.8 35.9528 35.2925
    endloop
  endfacet
  facet normal 1 -0 0
    outer loop
      vertex 84.8 119.832 31.6186
      vertex 84.8 152.4 10
      vertex 84.8 119.9 32.4
    endloop
  endfacet
  facet normal 1 -0 0
    outer loop
      vertex 84.8 119.629 30.8609
      vertex 84.8 152.4 10
      vertex 84.8 119.832 31.6186
    endloop
  endfacet
  facet normal 1 -0 0
    outer loop
      vertex 84.8 119.297 30.15
      vertex 84.8 152.4 10
      vertex 84.8 119.629 30.8609
    endloop
  endfacet
  facet normal 1 -0 0
    outer loop
      vertex 84.8 118.847 29.5075
      vertex 84.8 152.4 10
      vertex 84.8 119.297 30.15
    endloop
  endfacet
  facet normal 1 -0 0
    outer loop
      vertex 84.8 118.293 28.9528
      vertex 84.8 152.4 10
      vertex 84.8 118.847 29.5075
    endloop
  endfacet
  facet normal 1 -0 0
    outer loop
      vertex 84.8 117.65 28.5029
      vertex 84.8 152.4 10
      vertex 84.8 118.293 28.9528
    endloop
  endfacet
  facet normal 1 -0 0
    outer loop
      vertex 84.8 116.939 28.1714
      vertex 84.8 152.4 10
      vertex 84.8 117.65 28.5029
    endloop
  endfacet
  facet normal 1 -0 0
    outer loop
      vertex 84.8 116.181 27.9684
      vertex 84.8 152.4 10
      vertex 84.8 116.939 28.1714
    endloop
  endfacet
  facet normal 1 -0 0
    outer loop
      vertex 84.8 115.4 27.9
      vertex 84.8 152.4 10
      vertex 84.8 116.181 27.9684
    endloop
  endfacet
  facet normal 1 0 0
    outer loop
      vertex 84.8 114.619 27.9684
      vertex 84.8 152.4 10
      vertex 84.8 115.4 27.9
    endloop
  endfacet
  facet normal 1 0 0
    outer loop
      vertex 84.8 78.1814 27.9684
      vertex 84.8 114.619 27.9684
      vertex 84.8 113.861 28.1714
    endloop
  endfacet
  facet normal 1 0 0
    outer loop
      vertex 84.8 78.9391 28.1714
      vertex 84.8 113.861 28.1714
      vertex 84.8 113.15 28.5029
    endloop
  endfacet
  facet normal 1 -0 0
    outer loop
      vertex 84.8 81.9 32.4
      vertex 84.8 110.968 31.6186
      vertex 84.8 110.9 32.4
    endloop
  endfacet
  facet normal 1 0 0
    outer loop
      vertex 84.8 81.8316 31.6186
      vertex 84.8 110.968 31.6186
      vertex 84.8 81.9 32.4
    endloop
  endfacet
  facet normal 1 0 0
    outer loop
      vertex 84.8 110.968 31.6186
      vertex 84.8 81.8316 31.6186
      vertex 84.8 111.171 30.8609
    endloop
  endfacet
  facet normal 1 0 0
    outer loop
      vertex 84.8 81.6286 30.8609
      vertex 84.8 111.171 30.8609
      vertex 84.8 81.8316 31.6186
    endloop
  endfacet
  facet normal 1 0 0
    outer loop
      vertex 84.8 111.171 30.8609
      vertex 84.8 81.6286 30.8609
      vertex 84.8 111.503 30.15
    endloop
  endfacet
  facet normal 1 0 0
    outer loop
      vertex 84.8 81.2971 30.15
      vertex 84.8 111.503 30.15
      vertex 84.8 81.6286 30.8609
    endloop
  endfacet
  facet normal 1 0 0
    outer loop
      vertex 84.8 111.503 30.15
      vertex 84.8 81.2971 30.15
      vertex 84.8 111.953 29.5075
    endloop
  endfacet
  facet normal 1 0 0
    outer loop
      vertex 84.8 80.8472 29.5075
      vertex 84.8 111.953 29.5075
      vertex 84.8 81.2971 30.15
    endloop
  endfacet
  facet normal 1 0 0
    outer loop
      vertex 84.8 111.953 29.5075
      vertex 84.8 80.8472 29.5075
      vertex 84.8 112.507 28.9528
    endloop
  endfacet
  facet normal 1 0 0
    outer loop
      vertex 84.8 80.2925 28.9528
      vertex 84.8 112.507 28.9528
      vertex 84.8 80.8472 29.5075
    endloop
  endfacet
  facet normal 1 0 0
    outer loop
      vertex 84.8 112.507 28.9528
      vertex 84.8 80.2925 28.9528
      vertex 84.8 113.15 28.5029
    endloop
  endfacet
  facet normal 1 0 0
    outer loop
      vertex 84.8 79.65 28.5029
      vertex 84.8 113.15 28.5029
      vertex 84.8 80.2925 28.9528
    endloop
  endfacet
  facet normal 1 0 0
    outer loop
      vertex 84.8 78.9391 28.1714
      vertex 84.8 113.15 28.5029
      vertex 84.8 79.65 28.5029
    endloop
  endfacet
  facet normal 1 0 0
    outer loop
      vertex 84.8 113.861 28.1714
      vertex 84.8 78.9391 28.1714
      vertex 84.8 78.1814 27.9684
    endloop
  endfacet
  facet normal 1 0 0
    outer loop
      vertex 84.8 114.619 27.9684
      vertex 84.8 78.1814 27.9684
      vertex 84.8 152.4 10
    endloop
  endfacet
  facet normal 1 -0 0
    outer loop
      vertex 84.8 77.4 27.9
      vertex 84.8 152.4 10
      vertex 84.8 78.1814 27.9684
    endloop
  endfacet
  facet normal 1 0 0
    outer loop
      vertex 84.8 2.4 10
      vertex 84.8 77.4 27.9
      vertex 84.8 76.6186 27.9684
    endloop
  endfacet
  facet normal 1 -0 0
    outer loop
      vertex 84.8 43.9 32.4
      vertex 84.8 72.9684 31.6186
      vertex 84.8 72.9 32.4
    endloop
  endfacet
  facet normal 1 0 0
    outer loop
      vertex 84.8 43.8316 31.6186
      vertex 84.8 72.9684 31.6186
      vertex 84.8 43.9 32.4
    endloop
  endfacet
  facet normal 1 0 0
    outer loop
      vertex 84.8 72.9684 31.6186
      vertex 84.8 43.8316 31.6186
      vertex 84.8 73.1714 30.8609
    endloop
  endfacet
  facet normal 1 0 0
    outer loop
      vertex 84.8 43.6286 30.8609
      vertex 84.8 73.1714 30.8609
      vertex 84.8 43.8316 31.6186
    endloop
  endfacet
  facet normal 1 0 0
    outer loop
      vertex 84.8 73.1714 30.8609
      vertex 84.8 43.6286 30.8609
      vertex 84.8 73.5029 30.15
    endloop
  endfacet
  facet normal 1 0 0
    outer loop
      vertex 84.8 43.2971 30.15
      vertex 84.8 73.5029 30.15
      vertex 84.8 43.6286 30.8609
    endloop
  endfacet
  facet normal 1 0 0
    outer loop
      vertex 84.8 73.5029 30.15
      vertex 84.8 43.2971 30.15
      vertex 84.8 73.9528 29.5075
    endloop
  endfacet
  facet normal 1 0 0
    outer loop
      vertex 84.8 42.8472 29.5075
      vertex 84.8 73.9528 29.5075
      vertex 84.8 43.2971 30.15
    endloop
  endfacet
  facet normal 1 0 0
    outer loop
      vertex 84.8 73.9528 29.5075
      vertex 84.8 42.8472 29.5075
      vertex 84.8 74.5075 28.9528
    endloop
  endfacet
  facet normal 1 0 0
    outer loop
      vertex 84.8 42.2925 28.9528
      vertex 84.8 74.5075 28.9528
      vertex 84.8 42.8472 29.5075
    endloop
  endfacet
  facet normal 1 0 0
    outer loop
      vertex 84.8 74.5075 28.9528
      vertex 84.8 42.2925 28.9528
      vertex 84.8 75.15 28.5029
    endloop
  endfacet
  facet normal 1 0 0
    outer loop
      vertex 84.8 41.65 28.5029
      vertex 84.8 75.15 28.5029
      vertex 84.8 42.2925 28.9528
    endloop
  endfacet
  facet normal 1 0 0
    outer loop
      vertex 84.8 75.15 28.5029
      vertex 84.8 41.65 28.5029
      vertex 84.8 75.8609 28.1714
    endloop
  endfacet
  facet normal 1 0 0
    outer loop
      vertex 84.8 40.9391 28.1714
      vertex 84.8 75.8609 28.1714
      vertex 84.8 41.65 28.5029
    endloop
  endfacet
  facet normal 1 0 0
    outer loop
      vertex 84.8 75.8609 28.1714
      vertex 84.8 40.9391 28.1714
      vertex 84.8 76.6186 27.9684
    endloop
  endfacet
  facet normal 1 0 0
    outer loop
      vertex 84.8 40.1814 27.9684
      vertex 84.8 76.6186 27.9684
      vertex 84.8 40.9391 28.1714
    endloop
  endfacet
  facet normal 1 0 0
    outer loop
      vertex 84.8 76.6186 27.9684
      vertex 84.8 40.1814 27.9684
      vertex 84.8 2.4 10
    endloop
  endfacet
  facet normal 1 0 0
    outer loop
      vertex 84.8 2.4 10
      vertex 84.8 40.1814 27.9684
      vertex 84.8 39.4 27.9
    endloop
  endfacet
  facet normal 1 0 0
    outer loop
      vertex 84.8 2.4 10
      vertex 84.8 39.4 27.9
      vertex 84.8 38.6186 27.9684
    endloop
  endfacet
  facet normal 1 0 0
    outer loop
      vertex 84.8 34.9684 33.1814
      vertex 84.8 2.4 10
      vertex 84.8 34.9 32.4
    endloop
  endfacet
  facet normal 1 0 0
    outer loop
      vertex 84.8 77.4 27.9
      vertex 84.8 2.4 10
      vertex 84.8 152.4 10
    endloop
  endfacet
  facet normal 1 0 0
    outer loop
      vertex 84.8 37.8609 28.1714
      vertex 84.8 2.4 10
      vertex 84.8 38.6186 27.9684
    endloop
  endfacet
  facet normal 1 0 0
    outer loop
      vertex 84.8 37.15 28.5029
      vertex 84.8 2.4 10
      vertex 84.8 37.8609 28.1714
    endloop
  endfacet
  facet normal 1 0 0
    outer loop
      vertex 84.8 36.5075 28.9528
      vertex 84.8 2.4 10
      vertex 84.8 37.15 28.5029
    endloop
  endfacet
  facet normal 1 0 0
    outer loop
      vertex 84.8 35.9528 29.5075
      vertex 84.8 2.4 10
      vertex 84.8 36.5075 28.9528
    endloop
  endfacet
  facet normal 1 0 0
    outer loop
      vertex 84.8 35.5029 30.15
      vertex 84.8 2.4 10
      vertex 84.8 35.9528 29.5075
    endloop
  endfacet
  facet normal 1 0 0
    outer loop
      vertex 84.8 35.1714 30.8609
      vertex 84.8 2.4 10
      vertex 84.8 35.5029 30.15
    endloop
  endfacet
  facet normal 1 0 0
    outer loop
      vertex 84.8 34.9684 31.6186
      vertex 84.8 2.4 10
      vertex 84.8 35.1714 30.8609
    endloop
  endfacet
  facet normal 1 0 0
    outer loop
      vertex 84.8 34.9 32.4
      vertex 84.8 2.4 10
      vertex 84.8 34.9684 31.6186
    endloop
  endfacet
  facet normal 1 0 0
    outer loop
      vertex 84.8 116.574 5.2952
      vertex 84.8 116.574 4.7048
      vertex 84.8 116.6 5
    endloop
  endfacet
  facet normal 1 0 0
    outer loop
      vertex 84.8 116.497 5.58143
      vertex 84.8 116.574 4.7048
      vertex 84.8 116.574 5.2952
    endloop
  endfacet
  facet normal 1 0 0
    outer loop
      vertex 84.8 116.497 5.58143
      vertex 84.8 116.497 4.41857
      vertex 84.8 116.574 4.7048
    endloop
  endfacet
  facet normal 1 0 0
    outer loop
      vertex 84.8 116.372 5.85
      vertex 84.8 116.497 4.41857
      vertex 84.8 116.497 5.58143
    endloop
  endfacet
  facet normal 1 0 0
    outer loop
      vertex 84.8 116.372 5.85
      vertex 84.8 116.372 4.15
      vertex 84.8 116.497 4.41857
    endloop
  endfacet
  facet normal 1 0 0
    outer loop
      vertex 84.8 116.202 6.09274
      vertex 84.8 116.372 4.15
      vertex 84.8 116.372 5.85
    endloop
  endfacet
  facet normal 1 0 0
    outer loop
      vertex 84.8 116.202 6.09274
      vertex 84.8 116.202 3.90726
      vertex 84.8 116.372 4.15
    endloop
  endfacet
  facet normal 1 0 0
    outer loop
      vertex 84.8 115.993 6.30227
      vertex 84.8 116.202 3.90726
      vertex 84.8 116.202 6.09274
    endloop
  endfacet
  facet normal 1 0 0
    outer loop
      vertex 84.8 115.993 6.30227
      vertex 84.8 115.993 3.69772
      vertex 84.8 116.202 3.90726
    endloop
  endfacet
  facet normal 1 0 0
    outer loop
      vertex 84.8 115.75 6.47224
      vertex 84.8 115.993 3.69772
      vertex 84.8 115.993 6.30227
    endloop
  endfacet
  facet normal 1 0 0
    outer loop
      vertex 84.8 115.75 6.47224
      vertex 84.8 115.75 3.52776
      vertex 84.8 115.993 3.69772
    endloop
  endfacet
  facet normal 1 0 0
    outer loop
      vertex 84.8 115.481 6.59748
      vertex 84.8 115.75 3.52776
      vertex 84.8 115.75 6.47224
    endloop
  endfacet
  facet normal 1 0 0
    outer loop
      vertex 84.8 115.481 6.59748
      vertex 84.8 115.481 3.40252
      vertex 84.8 115.75 3.52776
    endloop
  endfacet
  facet normal 1 0 0
    outer loop
      vertex 84.8 115.195 6.67417
      vertex 84.8 115.481 3.40252
      vertex 84.8 115.481 6.59748
    endloop
  endfacet
  facet normal 1 0 0
    outer loop
      vertex 84.8 115.195 6.67417
      vertex 84.8 115.195 3.32583
      vertex 84.8 115.481 3.40252
    endloop
  endfacet
  facet normal 1 0 0
    outer loop
      vertex 84.8 114.9 6.7
      vertex 84.8 115.195 3.32583
      vertex 84.8 115.195 6.67417
    endloop
  endfacet
  facet normal 1 0 0
    outer loop
      vertex 84.8 114.9 6.7
      vertex 84.8 114.9 3.3
      vertex 84.8 115.195 3.32583
    endloop
  endfacet
  facet normal 1 -0 0
    outer loop
      vertex 84.8 114.605 6.67417
      vertex 84.8 114.9 3.3
      vertex 84.8 114.9 6.7
    endloop
  endfacet
  facet normal 1 0 0
    outer loop
      vertex 84.8 114.605 6.67417
      vertex 84.8 114.605 3.32583
      vertex 84.8 114.9 3.3
    endloop
  endfacet
  facet normal 1 -0 0
    outer loop
      vertex 84.8 114.319 6.59748
      vertex 84.8 114.605 3.32583
      vertex 84.8 114.605 6.67417
    endloop
  endfacet
  facet normal 1 0 0
    outer loop
      vertex 84.8 114.319 6.59748
      vertex 84.8 114.319 3.40252
      vertex 84.8 114.605 3.32583
    endloop
  endfacet
  facet normal 1 -0 0
    outer loop
      vertex 84.8 114.05 6.47224
      vertex 84.8 114.319 3.40252
      vertex 84.8 114.319 6.59748
    endloop
  endfacet
  facet normal 1 0 0
    outer loop
      vertex 84.8 114.05 6.47224
      vertex 84.8 114.05 3.52776
      vertex 84.8 114.319 3.40252
    endloop
  endfacet
  facet normal 1 -0 0
    outer loop
      vertex 84.8 113.807 6.30227
      vertex 84.8 114.05 3.52776
      vertex 84.8 114.05 6.47224
    endloop
  endfacet
  facet normal 1 0 0
    outer loop
      vertex 84.8 113.807 6.30227
      vertex 84.8 113.807 3.69772
      vertex 84.8 114.05 3.52776
    endloop
  endfacet
  facet normal 1 -0 0
    outer loop
      vertex 84.8 113.598 6.09274
      vertex 84.8 113.807 3.69772
      vertex 84.8 113.807 6.30227
    endloop
  endfacet
  facet normal 1 0 0
    outer loop
      vertex 84.8 113.598 6.09274
      vertex 84.8 113.598 3.90726
      vertex 84.8 113.807 3.69772
    endloop
  endfacet
  facet normal 1 -0 0
    outer loop
      vertex 84.8 113.428 5.85
      vertex 84.8 113.598 3.90726
      vertex 84.8 113.598 6.09274
    endloop
  endfacet
  facet normal 1 0 0
    outer loop
      vertex 84.8 113.428 5.85
      vertex 84.8 113.428 4.15
      vertex 84.8 113.598 3.90726
    endloop
  endfacet
  facet normal 1 -0 0
    outer loop
      vertex 84.8 113.303 5.58143
      vertex 84.8 113.428 4.15
      vertex 84.8 113.428 5.85
    endloop
  endfacet
  facet normal 1 0 0
    outer loop
      vertex 84.8 113.303 5.58143
      vertex 84.8 113.303 4.41857
      vertex 84.8 113.428 4.15
    endloop
  endfacet
  facet normal 1 -0 0
    outer loop
      vertex 84.8 113.226 5.2952
      vertex 84.8 113.303 4.41857
      vertex 84.8 113.303 5.58143
    endloop
  endfacet
  facet normal 1 0 0
    outer loop
      vertex 84.8 113.226 5.2952
      vertex 84.8 113.226 4.7048
      vertex 84.8 113.303 4.41857
    endloop
  endfacet
  facet normal 1 0 -0
    outer loop
      vertex 84.8 113.226 4.7048
      vertex 84.8 113.226 5.2952
      vertex 84.8 113.2 5
    endloop
  endfacet
  facet normal 1 0 0
    outer loop
      vertex 84.8 41.5742 5.2952
      vertex 84.8 41.5742 4.7048
      vertex 84.8 41.6 5
    endloop
  endfacet
  facet normal 1 0 0
    outer loop
      vertex 84.8 41.4975 5.58143
      vertex 84.8 41.5742 4.7048
      vertex 84.8 41.5742 5.2952
    endloop
  endfacet
  facet normal 1 0 0
    outer loop
      vertex 84.8 41.4975 5.58143
      vertex 84.8 41.4975 4.41857
      vertex 84.8 41.5742 4.7048
    endloop
  endfacet
  facet normal 1 0 0
    outer loop
      vertex 84.8 41.3722 5.85
      vertex 84.8 41.4975 4.41857
      vertex 84.8 41.4975 5.58143
    endloop
  endfacet
  facet normal 1 0 0
    outer loop
      vertex 84.8 41.3722 5.85
      vertex 84.8 41.3722 4.15
      vertex 84.8 41.4975 4.41857
    endloop
  endfacet
  facet normal 1 0 0
    outer loop
      vertex 84.8 41.2023 6.09274
      vertex 84.8 41.3722 4.15
      vertex 84.8 41.3722 5.85
    endloop
  endfacet
  facet normal 1 0 0
    outer loop
      vertex 84.8 41.2023 6.09274
      vertex 84.8 41.2023 3.90726
      vertex 84.8 41.3722 4.15
    endloop
  endfacet
  facet normal 1 0 0
    outer loop
      vertex 84.8 40.9927 6.30227
      vertex 84.8 41.2023 3.90726
      vertex 84.8 41.2023 6.09274
    endloop
  endfacet
  facet normal 1 0 0
    outer loop
      vertex 84.8 40.9927 6.30227
      vertex 84.8 40.9927 3.69772
      vertex 84.8 41.2023 3.90726
    endloop
  endfacet
  facet normal 1 0 0
    outer loop
      vertex 84.8 40.75 6.47224
      vertex 84.8 40.9927 3.69772
      vertex 84.8 40.9927 6.30227
    endloop
  endfacet
  facet normal 1 0 0
    outer loop
      vertex 84.8 40.75 6.47224
      vertex 84.8 40.75 3.52776
      vertex 84.8 40.9927 3.69772
    endloop
  endfacet
  facet normal 1 0 0
    outer loop
      vertex 84.8 40.4814 6.59748
      vertex 84.8 40.75 3.52776
      vertex 84.8 40.75 6.47224
    endloop
  endfacet
  facet normal 1 0 0
    outer loop
      vertex 84.8 40.4814 6.59748
      vertex 84.8 40.4814 3.40252
      vertex 84.8 40.75 3.52776
    endloop
  endfacet
  facet normal 1 0 0
    outer loop
      vertex 84.8 40.1952 6.67417
      vertex 84.8 40.4814 3.40252
      vertex 84.8 40.4814 6.59748
    endloop
  endfacet
  facet normal 1 0 0
    outer loop
      vertex 84.8 40.1952 6.67417
      vertex 84.8 40.1952 3.32583
      vertex 84.8 40.4814 3.40252
    endloop
  endfacet
  facet normal 1 0 0
    outer loop
      vertex 84.8 39.9 6.7
      vertex 84.8 40.1952 3.32583
      vertex 84.8 40.1952 6.67417
    endloop
  endfacet
  facet normal 1 0 0
    outer loop
      vertex 84.8 39.9 6.7
      vertex 84.8 39.9 3.3
      vertex 84.8 40.1952 3.32583
    endloop
  endfacet
  facet normal 1 -0 0
    outer loop
      vertex 84.8 39.6048 6.67417
      vertex 84.8 39.9 3.3
      vertex 84.8 39.9 6.7
    endloop
  endfacet
  facet normal 1 0 0
    outer loop
      vertex 84.8 39.6048 6.67417
      vertex 84.8 39.6048 3.32583
      vertex 84.8 39.9 3.3
    endloop
  endfacet
  facet normal 1 -0 0
    outer loop
      vertex 84.8 39.3186 6.59748
      vertex 84.8 39.6048 3.32583
      vertex 84.8 39.6048 6.67417
    endloop
  endfacet
  facet normal 1 0 0
    outer loop
      vertex 84.8 39.3186 6.59748
      vertex 84.8 39.3186 3.40252
      vertex 84.8 39.6048 3.32583
    endloop
  endfacet
  facet normal 1 -0 0
    outer loop
      vertex 84.8 39.05 6.47224
      vertex 84.8 39.3186 3.40252
      vertex 84.8 39.3186 6.59748
    endloop
  endfacet
  facet normal 1 0 0
    outer loop
      vertex 84.8 39.05 6.47224
      vertex 84.8 39.05 3.52776
      vertex 84.8 39.3186 3.40252
    endloop
  endfacet
  facet normal 1 -0 0
    outer loop
      vertex 84.8 38.8073 6.30227
      vertex 84.8 39.05 3.52776
      vertex 84.8 39.05 6.47224
    endloop
  endfacet
  facet normal 1 0 0
    outer loop
      vertex 84.8 38.8073 6.30227
      vertex 84.8 38.8073 3.69772
      vertex 84.8 39.05 3.52776
    endloop
  endfacet
  facet normal 1 -0 0
    outer loop
      vertex 84.8 38.5977 6.09274
      vertex 84.8 38.8073 3.69772
      vertex 84.8 38.8073 6.30227
    endloop
  endfacet
  facet normal 1 0 0
    outer loop
      vertex 84.8 38.5977 6.09274
      vertex 84.8 38.5977 3.90726
      vertex 84.8 38.8073 3.69772
    endloop
  endfacet
  facet normal 1 -0 0
    outer loop
      vertex 84.8 38.4278 5.85
      vertex 84.8 38.5977 3.90726
      vertex 84.8 38.5977 6.09274
    endloop
  endfacet
  facet normal 1 0 0
    outer loop
      vertex 84.8 38.4278 5.85
      vertex 84.8 38.4278 4.15
      vertex 84.8 38.5977 3.90726
    endloop
  endfacet
  facet normal 1 -0 0
    outer loop
      vertex 84.8 38.3025 5.58143
      vertex 84.8 38.4278 4.15
      vertex 84.8 38.4278 5.85
    endloop
  endfacet
  facet normal 1 0 0
    outer loop
      vertex 84.8 38.3025 5.58143
      vertex 84.8 38.3025 4.41857
      vertex 84.8 38.4278 4.15
    endloop
  endfacet
  facet normal 1 -0 0
    outer loop
      vertex 84.8 38.2258 5.2952
      vertex 84.8 38.3025 4.41857
      vertex 84.8 38.3025 5.58143
    endloop
  endfacet
  facet normal 1 0 0
    outer loop
      vertex 84.8 38.2258 5.2952
      vertex 84.8 38.2258 4.7048
      vertex 84.8 38.3025 4.41857
    endloop
  endfacet
  facet normal 1 0 -0
    outer loop
      vertex 84.8 38.2258 4.7048
      vertex 84.8 38.2258 5.2952
      vertex 84.8 38.2 5
    endloop
  endfacet
  facet normal 0 0 -1
    outer loop
      vertex 0 0 0
      vertex 84.8 154.8 0
      vertex 84.8 0 0
    endloop
  endfacet
  facet normal -0 0 -1
    outer loop
      vertex 84.8 154.8 0
      vertex 0 0 0
      vertex 0 154.8 0
    endloop
  endfacet
  facet normal 0 0 -1
    outer loop
      vertex 84.8 0 0
      vertex 87.8 -10 0
      vertex 84.8 -10 0
    endloop
  endfacet
  facet normal 0 0 -1
    outer loop
      vertex 87.8 -10 0
      vertex 84.8 0 0
      vertex 87.8 164.8 0
    endloop
  endfacet
  facet normal 0 0 -1
    outer loop
      vertex 84.8 154.8 0
      vertex 87.8 164.8 0
      vertex 84.8 0 0
    endloop
  endfacet
  facet normal -0 0 -1
    outer loop
      vertex 87.8 164.8 0
      vertex 84.8 154.8 0
      vertex 84.8 164.8 0
    endloop
  endfacet
  facet normal 0 -1 0
    outer loop
      vertex 0 0 0
      vertex 84.8 0 172.4
      vertex 0 0 172.4
    endloop
  endfacet
  facet normal 0 -1 -0
    outer loop
      vertex 84.8 0 172.4
      vertex 0 0 0
      vertex 84.8 0 0
    endloop
  endfacet
  facet normal 0 1 -0
    outer loop
      vertex 84.8 154.8 0
      vertex 0 154.8 172.4
      vertex 84.8 154.8 172.4
    endloop
  endfacet
  facet normal 0 1 0
    outer loop
      vertex 0 154.8 172.4
      vertex 84.8 154.8 0
      vertex 0 154.8 0
    endloop
  endfacet
  facet normal 1 -0 0
    outer loop
      vertex 2.4 17.4 150.4
      vertex 2.4 31.4 17.4
      vertex 2.4 31.4 150.4
    endloop
  endfacet
  facet normal 1 0 0
    outer loop
      vertex 2.4 31.4 17.4
      vertex 2.4 17.4 150.4
      vertex 2.4 17.4 17.4
    endloop
  endfacet
  facet normal 1 0 0
    outer loop
      vertex 2.4 39.4 17.4
      vertex 2.4 75.4 25.8641
      vertex 2.4 39.4 150.4
    endloop
  endfacet
  facet normal 1 0 0
    outer loop
      vertex 2.4 75.4 25.8641
      vertex 2.4 39.4 17.4
      vertex 2.4 53.4 17.4
    endloop
  endfacet
  facet normal 1 0 0
    outer loop
      vertex 2.4 74.8288 19.3358
      vertex 2.4 75.4 17.4
      vertex 2.4 75.4 18.9359
    endloop
  endfacet
  facet normal 1 0 0
    outer loop
      vertex 2.4 74.3358 19.8288
      vertex 2.4 75.4 17.4
      vertex 2.4 74.8288 19.3358
    endloop
  endfacet
  facet normal 1 0 0
    outer loop
      vertex 2.4 61.4 17.4
      vertex 2.4 74.3358 19.8288
      vertex 2.4 73.9359 20.4
    endloop
  endfacet
  facet normal 1 0 0
    outer loop
      vertex 2.4 73.9359 24.4
      vertex 2.4 61.4 17.4
      vertex 2.4 73.6412 23.7681
    endloop
  endfacet
  facet normal 1 0 0
    outer loop
      vertex 2.4 74.3358 19.8288
      vertex 2.4 61.4 17.4
      vertex 2.4 75.4 17.4
    endloop
  endfacet
  facet normal 1 0 0
    outer loop
      vertex 2.4 73.6412 21.0319
      vertex 2.4 61.4 17.4
      vertex 2.4 73.9359 20.4
    endloop
  endfacet
  facet normal 1 0 0
    outer loop
      vertex 2.4 73.4608 21.7054
      vertex 2.4 61.4 17.4
      vertex 2.4 73.6412 21.0319
    endloop
  endfacet
  facet normal 1 0 0
    outer loop
      vertex 2.4 73.6412 23.7681
      vertex 2.4 61.4 17.4
      vertex 2.4 73.4608 23.0946
    endloop
  endfacet
  facet normal 1 0 0
    outer loop
      vertex 2.4 78.0946 26.3392
      vertex 2.4 97.4 150.4
      vertex 2.4 83.4 150.4
    endloop
  endfacet
  facet normal 1 0 0
    outer loop
      vertex 2.4 97.4 150.4
      vertex 2.4 79.4 25.8641
      vertex 2.4 97.4 17.4
    endloop
  endfacet
  facet normal 1 -0 0
    outer loop
      vertex 2.4 105.4 150.4
      vertex 2.4 119.4 17.4
      vertex 2.4 119.4 150.4
    endloop
  endfacet
  facet normal 1 0 0
    outer loop
      vertex 2.4 119.4 17.4
      vertex 2.4 105.4 150.4
      vertex 2.4 105.4 17.4
    endloop
  endfacet
  facet normal 1 -0 0
    outer loop
      vertex 2.4 127.4 150.4
      vertex 2.4 141.4 17.4
      vertex 2.4 141.4 150.4
    endloop
  endfacet
  facet normal 1 0 0
    outer loop
      vertex 2.4 141.4 17.4
      vertex 2.4 127.4 150.4
      vertex 2.4 127.4 17.4
    endloop
  endfacet
  facet normal 1 0 0
    outer loop
      vertex 2.4 141.4 150.4
      vertex 2.4 152.4 172.4
      vertex 2.4 141.4 155.4
    endloop
  endfacet
  facet normal 1 0 0
    outer loop
      vertex 2.4 152.4 172.4
      vertex 2.4 127.4 155.4
      vertex 2.4 141.4 155.4
    endloop
  endfacet
  facet normal 1 0 0
    outer loop
      vertex 2.4 119.4 150.4
      vertex 2.4 127.4 150.4
      vertex 2.4 127.4 155.4
    endloop
  endfacet
  facet normal 1 0 0
    outer loop
      vertex 2.4 127.4 150.4
      vertex 2.4 119.4 150.4
      vertex 2.4 127.4 17.4
    endloop
  endfacet
  facet normal 1 0 0
    outer loop
      vertex 2.4 119.4 150.4
      vertex 2.4 127.4 155.4
      vertex 2.4 119.4 155.4
    endloop
  endfacet
  facet normal 1 0 0
    outer loop
      vertex 2.4 152.4 172.4
      vertex 2.4 119.4 155.4
      vertex 2.4 127.4 155.4
    endloop
  endfacet
  facet normal 1 0 0
    outer loop
      vertex 2.4 152.4 172.4
      vertex 2.4 105.4 155.4
      vertex 2.4 119.4 155.4
    endloop
  endfacet
  facet normal 1 0 0
    outer loop
      vertex 2.4 97.4 150.4
      vertex 2.4 105.4 150.4
      vertex 2.4 105.4 155.4
    endloop
  endfacet
  facet normal 1 0 0
    outer loop
      vertex 2.4 105.4 150.4
      vertex 2.4 97.4 150.4
      vertex 2.4 105.4 17.4
    endloop
  endfacet
  facet normal 1 0 0
    outer loop
      vertex 2.4 97.4 150.4
      vertex 2.4 105.4 155.4
      vertex 2.4 97.4 155.4
    endloop
  endfacet
  facet normal 1 0 0
    outer loop
      vertex 2.4 152.4 172.4
      vertex 2.4 97.4 155.4
      vertex 2.4 105.4 155.4
    endloop
  endfacet
  facet normal 1 0 0
    outer loop
      vertex 2.4 152.4 172.4
      vertex 2.4 83.4 155.4
      vertex 2.4 97.4 155.4
    endloop
  endfacet
  facet normal 1 0 0
    outer loop
      vertex 2.4 75.4 150.4
      vertex 2.4 83.4 150.4
      vertex 2.4 83.4 155.4
    endloop
  endfacet
  facet normal 1 -0 -0
    outer loop
      vertex 2.4 81.3392 23.0946
      vertex 2.4 97.4 17.4
      vertex 2.4 81.1588 23.7681
    endloop
  endfacet
  facet normal 1 0 0
    outer loop
      vertex 2.4 97.4 17.4
      vertex 2.4 81.4 22.4
      vertex 2.4 83.4 17.4
    endloop
  endfacet
  facet normal 1 -0 0
    outer loop
      vertex 2.4 81.3392 21.7054
      vertex 2.4 83.4 17.4
      vertex 2.4 81.4 22.4
    endloop
  endfacet
  facet normal 1 -0 -0
    outer loop
      vertex 2.4 81.4 22.4
      vertex 2.4 97.4 17.4
      vertex 2.4 81.3392 23.0946
    endloop
  endfacet
  facet normal 1 0 0
    outer loop
      vertex 2.4 97.4 17.4
      vertex 2.4 80.8641 24.4
      vertex 2.4 81.1588 23.7681
    endloop
  endfacet
  facet normal 1 0 0
    outer loop
      vertex 2.4 97.4 17.4
      vertex 2.4 80.4642 24.9711
      vertex 2.4 80.8641 24.4
    endloop
  endfacet
  facet normal 1 0 0
    outer loop
      vertex 2.4 97.4 17.4
      vertex 2.4 79.9712 25.4642
      vertex 2.4 80.4642 24.9711
    endloop
  endfacet
  facet normal 1 0 0
    outer loop
      vertex 2.4 97.4 17.4
      vertex 2.4 79.4 25.8641
      vertex 2.4 79.9712 25.4642
    endloop
  endfacet
  facet normal 1 0 -0
    outer loop
      vertex 2.4 77.4 26.4
      vertex 2.4 83.4 150.4
      vertex 2.4 75.4 150.4
    endloop
  endfacet
  facet normal 1 0 0
    outer loop
      vertex 2.4 97.4 150.4
      vertex 2.4 78.7681 26.1588
      vertex 2.4 79.4 25.8641
    endloop
  endfacet
  facet normal 1 0 0
    outer loop
      vertex 2.4 97.4 150.4
      vertex 2.4 78.0946 26.3392
      vertex 2.4 78.7681 26.1588
    endloop
  endfacet
  facet normal 1 0 0
    outer loop
      vertex 2.4 83.4 150.4
      vertex 2.4 77.4 26.4
      vertex 2.4 78.0946 26.3392
    endloop
  endfacet
  facet normal 1 0 0
    outer loop
      vertex 2.4 77.4 26.4
      vertex 2.4 75.4 150.4
      vertex 2.4 76.7054 26.3392
    endloop
  endfacet
  facet normal 1 0 0
    outer loop
      vertex 2.4 75.4 150.4
      vertex 2.4 83.4 155.4
      vertex 2.4 75.4 155.4
    endloop
  endfacet
  facet normal 1 0 0
    outer loop
      vertex 2.4 152.4 172.4
      vertex 2.4 75.4 155.4
      vertex 2.4 83.4 155.4
    endloop
  endfacet
  facet normal 1 -0 0
    outer loop
      vertex 2.4 2.4 172.4
      vertex 2.4 75.4 155.4
      vertex 2.4 152.4 172.4
    endloop
  endfacet
  facet normal 1 0 0
    outer loop
      vertex 2.4 53.4 150.4
      vertex 2.4 61.4 150.4
      vertex 2.4 61.4 155.4
    endloop
  endfacet
  facet normal 1 0 0
    outer loop
      vertex 2.4 73.4608 23.0946
      vertex 2.4 61.4 17.4
      vertex 2.4 73.4 22.4
    endloop
  endfacet
  facet normal 1 0 0
    outer loop
      vertex 2.4 53.4 150.4
      vertex 2.4 61.4 155.4
      vertex 2.4 53.4 155.4
    endloop
  endfacet
  facet normal 1 0 0
    outer loop
      vertex 2.4 75.4 155.4
      vertex 2.4 2.4 172.4
      vertex 2.4 61.4 155.4
    endloop
  endfacet
  facet normal 1 0 0
    outer loop
      vertex 2.4 61.4 155.4
      vertex 2.4 2.4 172.4
      vertex 2.4 53.4 155.4
    endloop
  endfacet
  facet normal 1 0 0
    outer loop
      vertex 2.4 31.4 150.4
      vertex 2.4 39.4 150.4
      vertex 2.4 39.4 155.4
    endloop
  endfacet
  facet normal 1 0 0
    outer loop
      vertex 2.4 39.4 150.4
      vertex 2.4 31.4 150.4
      vertex 2.4 39.4 17.4
    endloop
  endfacet
  facet normal 1 0 0
    outer loop
      vertex 2.4 31.4 150.4
      vertex 2.4 39.4 155.4
      vertex 2.4 31.4 155.4
    endloop
  endfacet
  facet normal 1 0 0
    outer loop
      vertex 2.4 53.4 155.4
      vertex 2.4 2.4 172.4
      vertex 2.4 39.4 155.4
    endloop
  endfacet
  facet normal 1 0 0
    outer loop
      vertex 2.4 39.4 155.4
      vertex 2.4 2.4 172.4
      vertex 2.4 31.4 155.4
    endloop
  endfacet
  facet normal 1 0 0
    outer loop
      vertex 2.4 2.4 172.4
      vertex 2.4 17.4 150.4
      vertex 2.4 17.4 155.4
    endloop
  endfacet
  facet normal 1 0 0
    outer loop
      vertex 2.4 17.4 150.4
      vertex 2.4 2.4 2.4
      vertex 2.4 17.4 17.4
    endloop
  endfacet
  facet normal 1 0 0
    outer loop
      vertex 2.4 17.4 150.4
      vertex 2.4 2.4 172.4
      vertex 2.4 2.4 2.4
    endloop
  endfacet
  facet normal 1 0 0
    outer loop
      vertex 2.4 31.4 155.4
      vertex 2.4 2.4 172.4
      vertex 2.4 17.4 155.4
    endloop
  endfacet
  facet normal 1 0 0
    outer loop
      vertex 2.4 152.4 172.4
      vertex 2.4 141.4 150.4
      vertex 2.4 152.4 2.4
    endloop
  endfacet
  facet normal 1 -0 0
    outer loop
      vertex 2.4 141.4 17.4
      vertex 2.4 152.4 2.4
      vertex 2.4 141.4 150.4
    endloop
  endfacet
  facet normal 1 -0 0
    outer loop
      vertex 2.4 141.4 12.4
      vertex 2.4 152.4 2.4
      vertex 2.4 141.4 17.4
    endloop
  endfacet
  facet normal 1 -0 0
    outer loop
      vertex 2.4 127.4 12.4
      vertex 2.4 152.4 2.4
      vertex 2.4 141.4 12.4
    endloop
  endfacet
  facet normal 1 0 0
    outer loop
      vertex 2.4 119.4 17.4
      vertex 2.4 127.4 17.4
      vertex 2.4 119.4 150.4
    endloop
  endfacet
  facet normal 1 0 0
    outer loop
      vertex 2.4 127.4 17.4
      vertex 2.4 119.4 17.4
      vertex 2.4 127.4 12.4
    endloop
  endfacet
  facet normal 1 0 0
    outer loop
      vertex 2.4 119.4 12.4
      vertex 2.4 127.4 12.4
      vertex 2.4 119.4 17.4
    endloop
  endfacet
  facet normal 1 -0 0
    outer loop
      vertex 2.4 119.4 12.4
      vertex 2.4 152.4 2.4
      vertex 2.4 127.4 12.4
    endloop
  endfacet
  facet normal 1 -0 0
    outer loop
      vertex 2.4 105.4 12.4
      vertex 2.4 152.4 2.4
      vertex 2.4 119.4 12.4
    endloop
  endfacet
  facet normal 1 0 0
    outer loop
      vertex 2.4 97.4 17.4
      vertex 2.4 105.4 17.4
      vertex 2.4 97.4 150.4
    endloop
  endfacet
  facet normal 1 0 0
    outer loop
      vertex 2.4 105.4 17.4
      vertex 2.4 97.4 17.4
      vertex 2.4 105.4 12.4
    endloop
  endfacet
  facet normal 1 0 0
    outer loop
      vertex 2.4 97.4 12.4
      vertex 2.4 105.4 12.4
      vertex 2.4 97.4 17.4
    endloop
  endfacet
  facet normal 1 -0 0
    outer loop
      vertex 2.4 97.4 12.4
      vertex 2.4 152.4 2.4
      vertex 2.4 105.4 12.4
    endloop
  endfacet
  facet normal 1 -0 0
    outer loop
      vertex 2.4 83.4 12.4
      vertex 2.4 152.4 2.4
      vertex 2.4 97.4 12.4
    endloop
  endfacet
  facet normal 1 -0 0
    outer loop
      vertex 2.4 81.1588 21.0319
      vertex 2.4 83.4 17.4
      vertex 2.4 81.3392 21.7054
    endloop
  endfacet
  facet normal 1 -0 0
    outer loop
      vertex 2.4 80.8641 20.4
      vertex 2.4 83.4 17.4
      vertex 2.4 81.1588 21.0319
    endloop
  endfacet
  facet normal 1 -0 0
    outer loop
      vertex 2.4 80.4642 19.8288
      vertex 2.4 83.4 17.4
      vertex 2.4 80.8641 20.4
    endloop
  endfacet
  facet normal 1 -0 0
    outer loop
      vertex 2.4 79.9712 19.3358
      vertex 2.4 83.4 17.4
      vertex 2.4 80.4642 19.8288
    endloop
  endfacet
  facet normal 1 -0 0
    outer loop
      vertex 2.4 79.4 18.9359
      vertex 2.4 83.4 17.4
      vertex 2.4 79.9712 19.3358
    endloop
  endfacet
  facet normal 1 -0 0
    outer loop
      vertex 2.4 78.7681 18.6412
      vertex 2.4 83.4 17.4
      vertex 2.4 79.4 18.9359
    endloop
  endfacet
  facet normal 1 0 0
    outer loop
      vertex 2.4 83.4 17.4
      vertex 2.4 78.7681 18.6412
      vertex 2.4 83.4 12.4
    endloop
  endfacet
  facet normal 1 -0 0
    outer loop
      vertex 2.4 78.0946 18.4608
      vertex 2.4 83.4 12.4
      vertex 2.4 78.7681 18.6412
    endloop
  endfacet
  facet normal 1 0 0
    outer loop
      vertex 2.4 75.4 12.4
      vertex 2.4 78.0946 18.4608
      vertex 2.4 77.4 18.4
    endloop
  endfacet
  facet normal 1 0 0
    outer loop
      vertex 2.4 75.4 17.4
      vertex 2.4 77.4 18.4
      vertex 2.4 76.7054 18.4608
    endloop
  endfacet
  facet normal 1 0 0
    outer loop
      vertex 2.4 75.4 17.4
      vertex 2.4 76.7054 18.4608
      vertex 2.4 76.0319 18.6412
    endloop
  endfacet
  facet normal 1 0 0
    outer loop
      vertex 2.4 75.4 17.4
      vertex 2.4 76.0319 18.6412
      vertex 2.4 75.4 18.9359
    endloop
  endfacet
  facet normal 1 0 0
    outer loop
      vertex 2.4 77.4 18.4
      vertex 2.4 75.4 17.4
      vertex 2.4 75.4 12.4
    endloop
  endfacet
  facet normal 1 0 0
    outer loop
      vertex 2.4 78.0946 18.4608
      vertex 2.4 75.4 12.4
      vertex 2.4 83.4 12.4
    endloop
  endfacet
  facet normal 1 -0 0
    outer loop
      vertex 2.4 75.4 12.4
      vertex 2.4 152.4 2.4
      vertex 2.4 83.4 12.4
    endloop
  endfacet
  facet normal 1 0 0
    outer loop
      vertex 2.4 2.4 2.4
      vertex 2.4 75.4 12.4
      vertex 2.4 61.4 12.4
    endloop
  endfacet
  facet normal 1 0 0
    outer loop
      vertex 2.4 73.4 22.4
      vertex 2.4 61.4 17.4
      vertex 2.4 73.4608 21.7054
    endloop
  endfacet
  facet normal 1 0 0
    outer loop
      vertex 2.4 61.4 17.4
      vertex 2.4 53.4 17.4
      vertex 2.4 61.4 12.4
    endloop
  endfacet
  facet normal 1 0 0
    outer loop
      vertex 2.4 53.4 12.4
      vertex 2.4 61.4 12.4
      vertex 2.4 53.4 17.4
    endloop
  endfacet
  facet normal 1 0 0
    outer loop
      vertex 2.4 2.4 2.4
      vertex 2.4 61.4 12.4
      vertex 2.4 53.4 12.4
    endloop
  endfacet
  facet normal 1 0 0
    outer loop
      vertex 2.4 2.4 2.4
      vertex 2.4 53.4 12.4
      vertex 2.4 39.4 12.4
    endloop
  endfacet
  facet normal 1 0 0
    outer loop
      vertex 2.4 31.4 17.4
      vertex 2.4 39.4 17.4
      vertex 2.4 31.4 150.4
    endloop
  endfacet
  facet normal 1 0 0
    outer loop
      vertex 2.4 39.4 17.4
      vertex 2.4 31.4 17.4
      vertex 2.4 39.4 12.4
    endloop
  endfacet
  facet normal 1 0 0
    outer loop
      vertex 2.4 31.4 12.4
      vertex 2.4 39.4 12.4
      vertex 2.4 31.4 17.4
    endloop
  endfacet
  facet normal 1 0 0
    outer loop
      vertex 2.4 2.4 2.4
      vertex 2.4 39.4 12.4
      vertex 2.4 31.4 12.4
    endloop
  endfacet
  facet normal 1 0 0
    outer loop
      vertex 2.4 2.4 2.4
      vertex 2.4 31.4 12.4
      vertex 2.4 17.4 12.4
    endloop
  endfacet
  facet normal 1 0 0
    outer loop
      vertex 2.4 75.4 12.4
      vertex 2.4 2.4 2.4
      vertex 2.4 152.4 2.4
    endloop
  endfacet
  facet normal 1 0 0
    outer loop
      vertex 2.4 17.4 17.4
      vertex 2.4 2.4 2.4
      vertex 2.4 17.4 12.4
    endloop
  endfacet
  facet normal 1 -0 0
    outer loop
      vertex 2.4 61.4 150.4
      vertex 2.4 76.7054 26.3392
      vertex 2.4 75.4 150.4
    endloop
  endfacet
  facet normal 1 0 0
    outer loop
      vertex 2.4 76.7054 26.3392
      vertex 2.4 61.4 150.4
      vertex 2.4 76.0319 26.1588
    endloop
  endfacet
  facet normal 1 -0 0
    outer loop
      vertex 2.4 53.4 150.4
      vertex 2.4 76.0319 26.1588
      vertex 2.4 61.4 150.4
    endloop
  endfacet
  facet normal 1 0 0
    outer loop
      vertex 2.4 76.0319 26.1588
      vertex 2.4 53.4 150.4
      vertex 2.4 75.4 25.8641
    endloop
  endfacet
  facet normal 1 -0 0
    outer loop
      vertex 2.4 39.4 150.4
      vertex 2.4 75.4 25.8641
      vertex 2.4 53.4 150.4
    endloop
  endfacet
  facet normal 1 0 0
    outer loop
      vertex 2.4 75.4 25.8641
      vertex 2.4 53.4 17.4
      vertex 2.4 74.8288 25.4642
    endloop
  endfacet
  facet normal 1 0 0
    outer loop
      vertex 2.4 74.8288 25.4642
      vertex 2.4 53.4 17.4
      vertex 2.4 74.3358 24.9711
    endloop
  endfacet
  facet normal 1 0 -0
    outer loop
      vertex 2.4 61.4 17.4
      vertex 2.4 74.3358 24.9711
      vertex 2.4 53.4 17.4
    endloop
  endfacet
  facet normal 1 0 0
    outer loop
      vertex 2.4 74.3358 24.9711
      vertex 2.4 61.4 17.4
      vertex 2.4 73.9359 24.4
    endloop
  endfacet
  facet normal -1 0 0
    outer loop
      vertex 82.4 119.832 33.1814
      vertex 82.4 152.4 2.4
      vertex 82.4 119.9 32.4
    endloop
  endfacet
  facet normal -1 0 0
    outer loop
      vertex 82.4 152.4 2.4
      vertex 82.4 119.832 31.6186
      vertex 82.4 119.9 32.4
    endloop
  endfacet
  facet normal -1 0 0
    outer loop
      vertex 82.4 152.4 2.4
      vertex 82.4 119.629 30.8609
      vertex 82.4 119.832 31.6186
    endloop
  endfacet
  facet normal -1 0 0
    outer loop
      vertex 82.4 152.4 2.4
      vertex 82.4 119.297 30.15
      vertex 82.4 119.629 30.8609
    endloop
  endfacet
  facet normal -1 0 0
    outer loop
      vertex 82.4 152.4 2.4
      vertex 82.4 118.847 29.5075
      vertex 82.4 119.297 30.15
    endloop
  endfacet
  facet normal -1 0 0
    outer loop
      vertex 82.4 152.4 2.4
      vertex 82.4 118.293 28.9528
      vertex 82.4 118.847 29.5075
    endloop
  endfacet
  facet normal -1 0 0
    outer loop
      vertex 82.4 152.4 2.4
      vertex 82.4 117.65 28.5029
      vertex 82.4 118.293 28.9528
    endloop
  endfacet
  facet normal -1 0 0
    outer loop
      vertex 82.4 152.4 2.4
      vertex 82.4 116.939 28.1714
      vertex 82.4 117.65 28.5029
    endloop
  endfacet
  facet normal -1 0 0
    outer loop
      vertex 82.4 152.4 2.4
      vertex 82.4 116.181 27.9684
      vertex 82.4 116.939 28.1714
    endloop
  endfacet
  facet normal -1 0 0
    outer loop
      vertex 82.4 152.4 2.4
      vertex 82.4 115.4 27.9
      vertex 82.4 116.181 27.9684
    endloop
  endfacet
  facet normal -1 0 0
    outer loop
      vertex 82.4 152.4 2.4
      vertex 82.4 114.619 27.9684
      vertex 82.4 115.4 27.9
    endloop
  endfacet
  facet normal -1 0 0
    outer loop
      vertex 82.4 152.4 2.4
      vertex 82.4 113.861 28.1714
      vertex 82.4 114.619 27.9684
    endloop
  endfacet
  facet normal -1 0 0
    outer loop
      vertex 82.4 78.9391 28.1714
      vertex 82.4 113.861 28.1714
      vertex 82.4 152.4 2.4
    endloop
  endfacet
  facet normal -1 0 0
    outer loop
      vertex 82.4 110.968 31.6186
      vertex 82.4 81.9 32.4
      vertex 82.4 110.9 32.4
    endloop
  endfacet
  facet normal -1 0 0
    outer loop
      vertex 82.4 81.8316 31.6186
      vertex 82.4 110.968 31.6186
      vertex 82.4 111.171 30.8609
    endloop
  endfacet
  facet normal -1 0 0
    outer loop
      vertex 82.4 81.6286 30.8609
      vertex 82.4 111.171 30.8609
      vertex 82.4 111.503 30.15
    endloop
  endfacet
  facet normal -1 0 0
    outer loop
      vertex 82.4 81.2971 30.15
      vertex 82.4 111.503 30.15
      vertex 82.4 111.953 29.5075
    endloop
  endfacet
  facet normal -1 0 0
    outer loop
      vertex 82.4 80.8472 29.5075
      vertex 82.4 111.953 29.5075
      vertex 82.4 112.507 28.9528
    endloop
  endfacet
  facet normal -1 0 0
    outer loop
      vertex 82.4 80.2925 28.9528
      vertex 82.4 112.507 28.9528
      vertex 82.4 113.15 28.5029
    endloop
  endfacet
  facet normal -1 0 0
    outer loop
      vertex 82.4 113.861 28.1714
      vertex 82.4 78.9391 28.1714
      vertex 82.4 113.15 28.5029
    endloop
  endfacet
  facet normal -1 0 0
    outer loop
      vertex 82.4 110.968 31.6186
      vertex 82.4 81.8316 31.6186
      vertex 82.4 81.9 32.4
    endloop
  endfacet
  facet normal -1 0 0
    outer loop
      vertex 82.4 111.171 30.8609
      vertex 82.4 81.6286 30.8609
      vertex 82.4 81.8316 31.6186
    endloop
  endfacet
  facet normal -1 0 0
    outer loop
      vertex 82.4 111.503 30.15
      vertex 82.4 81.2971 30.15
      vertex 82.4 81.6286 30.8609
    endloop
  endfacet
  facet normal -1 0 0
    outer loop
      vertex 82.4 111.953 29.5075
      vertex 82.4 80.8472 29.5075
      vertex 82.4 81.2971 30.15
    endloop
  endfacet
  facet normal -1 0 0
    outer loop
      vertex 82.4 112.507 28.9528
      vertex 82.4 80.2925 28.9528
      vertex 82.4 80.8472 29.5075
    endloop
  endfacet
  facet normal -1 0 0
    outer loop
      vertex 82.4 113.15 28.5029
      vertex 82.4 79.65 28.5029
      vertex 82.4 80.2925 28.9528
    endloop
  endfacet
  facet normal -1 -0 0
    outer loop
      vertex 82.4 113.15 28.5029
      vertex 82.4 78.9391 28.1714
      vertex 82.4 79.65 28.5029
    endloop
  endfacet
  facet normal -1 0 0
    outer loop
      vertex 82.4 152.4 2.4
      vertex 82.4 78.1814 27.9684
      vertex 82.4 78.9391 28.1714
    endloop
  endfacet
  facet normal -1 0 0
    outer loop
      vertex 82.4 152.4 2.4
      vertex 82.4 77.4 27.9
      vertex 82.4 78.1814 27.9684
    endloop
  endfacet
  facet normal -1 0 0
    outer loop
      vertex 82.4 2.4 2.4
      vertex 82.4 77.4 27.9
      vertex 82.4 152.4 2.4
    endloop
  endfacet
  facet normal -1 -0 0
    outer loop
      vertex 82.4 77.4 27.9
      vertex 82.4 2.4 2.4
      vertex 82.4 76.6186 27.9684
    endloop
  endfacet
  facet normal -1 0 0
    outer loop
      vertex 82.4 72.9684 31.6186
      vertex 82.4 43.9 32.4
      vertex 82.4 72.9 32.4
    endloop
  endfacet
  facet normal -1 0 0
    outer loop
      vertex 82.4 43.8316 31.6186
      vertex 82.4 72.9684 31.6186
      vertex 82.4 73.1714 30.8609
    endloop
  endfacet
  facet normal -1 0 0
    outer loop
      vertex 82.4 43.6286 30.8609
      vertex 82.4 73.1714 30.8609
      vertex 82.4 73.5029 30.15
    endloop
  endfacet
  facet normal -1 0 0
    outer loop
      vertex 82.4 43.2971 30.15
      vertex 82.4 73.5029 30.15
      vertex 82.4 73.9528 29.5075
    endloop
  endfacet
  facet normal -1 0 0
    outer loop
      vertex 82.4 42.8472 29.5075
      vertex 82.4 73.9528 29.5075
      vertex 82.4 74.5075 28.9528
    endloop
  endfacet
  facet normal -1 0 0
    outer loop
      vertex 82.4 42.2925 28.9528
      vertex 82.4 74.5075 28.9528
      vertex 82.4 75.15 28.5029
    endloop
  endfacet
  facet normal -1 0 0
    outer loop
      vertex 82.4 41.65 28.5029
      vertex 82.4 75.15 28.5029
      vertex 82.4 75.8609 28.1714
    endloop
  endfacet
  facet normal -1 -0 0
    outer loop
      vertex 82.4 76.6186 27.9684
      vertex 82.4 2.4 2.4
      vertex 82.4 75.8609 28.1714
    endloop
  endfacet
  facet normal -1 0 0
    outer loop
      vertex 82.4 72.9684 31.6186
      vertex 82.4 43.8316 31.6186
      vertex 82.4 43.9 32.4
    endloop
  endfacet
  facet normal -1 0 0
    outer loop
      vertex 82.4 73.1714 30.8609
      vertex 82.4 43.6286 30.8609
      vertex 82.4 43.8316 31.6186
    endloop
  endfacet
  facet normal -1 0 0
    outer loop
      vertex 82.4 73.5029 30.15
      vertex 82.4 43.2971 30.15
      vertex 82.4 43.6286 30.8609
    endloop
  endfacet
  facet normal -1 0 0
    outer loop
      vertex 82.4 73.9528 29.5075
      vertex 82.4 42.8472 29.5075
      vertex 82.4 43.2971 30.15
    endloop
  endfacet
  facet normal -1 0 0
    outer loop
      vertex 82.4 74.5075 28.9528
      vertex 82.4 42.2925 28.9528
      vertex 82.4 42.8472 29.5075
    endloop
  endfacet
  facet normal -1 0 0
    outer loop
      vertex 82.4 75.15 28.5029
      vertex 82.4 41.65 28.5029
      vertex 82.4 42.2925 28.9528
    endloop
  endfacet
  facet normal -1 0 0
    outer loop
      vertex 82.4 75.8609 28.1714
      vertex 82.4 40.9391 28.1714
      vertex 82.4 41.65 28.5029
    endloop
  endfacet
  facet normal -1 -0 0
    outer loop
      vertex 82.4 75.8609 28.1714
      vertex 82.4 2.4 2.4
      vertex 82.4 40.9391 28.1714
    endloop
  endfacet
  facet normal -1 0 0
    outer loop
      vertex 82.4 40.9391 28.1714
      vertex 82.4 2.4 2.4
      vertex 82.4 40.1814 27.9684
    endloop
  endfacet
  facet normal -1 0 0
    outer loop
      vertex 82.4 40.1814 27.9684
      vertex 82.4 2.4 2.4
      vertex 82.4 39.4 27.9
    endloop
  endfacet
  facet normal -1 -0 0
    outer loop
      vertex 82.4 34.9684 31.6186
      vertex 82.4 2.4 2.4
      vertex 82.4 34.9 32.4
    endloop
  endfacet
  facet normal -1 -0 0
    outer loop
      vertex 82.4 35.1714 30.8609
      vertex 82.4 2.4 2.4
      vertex 82.4 34.9684 31.6186
    endloop
  endfacet
  facet normal -1 -0 0
    outer loop
      vertex 82.4 35.5029 30.15
      vertex 82.4 2.4 2.4
      vertex 82.4 35.1714 30.8609
    endloop
  endfacet
  facet normal -1 -0 0
    outer loop
      vertex 82.4 35.9528 29.5075
      vertex 82.4 2.4 2.4
      vertex 82.4 35.5029 30.15
    endloop
  endfacet
  facet normal -1 -0 0
    outer loop
      vertex 82.4 36.5075 28.9528
      vertex 82.4 2.4 2.4
      vertex 82.4 35.9528 29.5075
    endloop
  endfacet
  facet normal -1 -0 0
    outer loop
      vertex 82.4 37.15 28.5029
      vertex 82.4 2.4 2.4
      vertex 82.4 36.5075 28.9528
    endloop
  endfacet
  facet normal -1 -0 0
    outer loop
      vertex 82.4 37.8609 28.1714
      vertex 82.4 2.4 2.4
      vertex 82.4 37.15 28.5029
    endloop
  endfacet
  facet normal -1 -0 0
    outer loop
      vertex 82.4 38.6186 27.9684
      vertex 82.4 2.4 2.4
      vertex 82.4 37.8609 28.1714
    endloop
  endfacet
  facet normal -1 -0 0
    outer loop
      vertex 82.4 39.4 27.9
      vertex 82.4 2.4 2.4
      vertex 82.4 38.6186 27.9684
    endloop
  endfacet
  facet normal -1 0 0
    outer loop
      vertex 82.4 119.629 33.9391
      vertex 82.4 152.4 2.4
      vertex 82.4 119.832 33.1814
    endloop
  endfacet
  facet normal -1 0 0
    outer loop
      vertex 82.4 119.297 34.65
      vertex 82.4 152.4 2.4
      vertex 82.4 119.629 33.9391
    endloop
  endfacet
  facet normal -1 0 0
    outer loop
      vertex 82.4 152.4 2.4
      vertex 82.4 119.297 34.65
      vertex 82.4 152.4 172.4
    endloop
  endfacet
  facet normal -1 0 0
    outer loop
      vertex 82.4 118.847 35.2925
      vertex 82.4 152.4 172.4
      vertex 82.4 119.297 34.65
    endloop
  endfacet
  facet normal -1 0 0
    outer loop
      vertex 82.4 118.293 35.8472
      vertex 82.4 152.4 172.4
      vertex 82.4 118.847 35.2925
    endloop
  endfacet
  facet normal -1 0 0
    outer loop
      vertex 82.4 117.65 36.2971
      vertex 82.4 152.4 172.4
      vertex 82.4 118.293 35.8472
    endloop
  endfacet
  facet normal -1 0 0
    outer loop
      vertex 82.4 116.939 36.6286
      vertex 82.4 152.4 172.4
      vertex 82.4 117.65 36.2971
    endloop
  endfacet
  facet normal -1 0 0
    outer loop
      vertex 82.4 116.181 36.8316
      vertex 82.4 152.4 172.4
      vertex 82.4 116.939 36.6286
    endloop
  endfacet
  facet normal -1 0 0
    outer loop
      vertex 82.4 115.4 36.9
      vertex 82.4 152.4 172.4
      vertex 82.4 116.181 36.8316
    endloop
  endfacet
  facet normal -1 0 0
    outer loop
      vertex 82.4 114.619 36.8316
      vertex 82.4 152.4 172.4
      vertex 82.4 115.4 36.9
    endloop
  endfacet
  facet normal -1 0 0
    outer loop
      vertex 82.4 78.1814 36.8316
      vertex 82.4 114.619 36.8316
      vertex 82.4 113.861 36.6286
    endloop
  endfacet
  facet normal -1 0 0
    outer loop
      vertex 82.4 78.9391 36.6286
      vertex 82.4 113.861 36.6286
      vertex 82.4 113.15 36.2971
    endloop
  endfacet
  facet normal -1 0 0
    outer loop
      vertex 82.4 79.65 36.2971
      vertex 82.4 113.15 36.2971
      vertex 82.4 112.507 35.8472
    endloop
  endfacet
  facet normal -1 0 0
    outer loop
      vertex 82.4 80.2925 35.8472
      vertex 82.4 112.507 35.8472
      vertex 82.4 111.953 35.2925
    endloop
  endfacet
  facet normal -1 0 0
    outer loop
      vertex 82.4 80.8472 35.2925
      vertex 82.4 111.953 35.2925
      vertex 82.4 111.503 34.65
    endloop
  endfacet
  facet normal -1 0 0
    outer loop
      vertex 82.4 81.2971 34.65
      vertex 82.4 111.503 34.65
      vertex 82.4 111.171 33.9391
    endloop
  endfacet
  facet normal -1 0 0
    outer loop
      vertex 82.4 81.9 32.4
      vertex 82.4 110.968 33.1814
      vertex 82.4 110.9 32.4
    endloop
  endfacet
  facet normal -1 0 0
    outer loop
      vertex 82.4 81.8316 33.1814
      vertex 82.4 110.968 33.1814
      vertex 82.4 81.9 32.4
    endloop
  endfacet
  facet normal -1 0 0
    outer loop
      vertex 82.4 110.968 33.1814
      vertex 82.4 81.8316 33.1814
      vertex 82.4 111.171 33.9391
    endloop
  endfacet
  facet normal -1 0 0
    outer loop
      vertex 82.4 81.6286 33.9391
      vertex 82.4 111.171 33.9391
      vertex 82.4 81.8316 33.1814
    endloop
  endfacet
  facet normal -1 0 0
    outer loop
      vertex 82.4 81.2971 34.65
      vertex 82.4 111.171 33.9391
      vertex 82.4 81.6286 33.9391
    endloop
  endfacet
  facet normal -1 0 0
    outer loop
      vertex 82.4 111.503 34.65
      vertex 82.4 81.2971 34.65
      vertex 82.4 80.8472 35.2925
    endloop
  endfacet
  facet normal -1 0 0
    outer loop
      vertex 82.4 111.953 35.2925
      vertex 82.4 80.8472 35.2925
      vertex 82.4 80.2925 35.8472
    endloop
  endfacet
  facet normal -1 0 0
    outer loop
      vertex 82.4 112.507 35.8472
      vertex 82.4 80.2925 35.8472
      vertex 82.4 79.65 36.2971
    endloop
  endfacet
  facet normal -1 0 0
    outer loop
      vertex 82.4 113.15 36.2971
      vertex 82.4 79.65 36.2971
      vertex 82.4 78.9391 36.6286
    endloop
  endfacet
  facet normal -1 0 0
    outer loop
      vertex 82.4 113.861 36.6286
      vertex 82.4 78.9391 36.6286
      vertex 82.4 78.1814 36.8316
    endloop
  endfacet
  facet normal -1 0 0
    outer loop
      vertex 82.4 114.619 36.8316
      vertex 82.4 78.1814 36.8316
      vertex 82.4 152.4 172.4
    endloop
  endfacet
  facet normal -1 0 0
    outer loop
      vertex 82.4 77.4 36.9
      vertex 82.4 152.4 172.4
      vertex 82.4 78.1814 36.8316
    endloop
  endfacet
  facet normal -1 0 0
    outer loop
      vertex 82.4 2.4 172.4
      vertex 82.4 77.4 36.9
      vertex 82.4 76.6186 36.8316
    endloop
  endfacet
  facet normal -1 0 0
    outer loop
      vertex 82.4 40.1814 36.8316
      vertex 82.4 76.6186 36.8316
      vertex 82.4 75.8609 36.6286
    endloop
  endfacet
  facet normal -1 0 0
    outer loop
      vertex 82.4 40.9391 36.6286
      vertex 82.4 75.8609 36.6286
      vertex 82.4 75.15 36.2971
    endloop
  endfacet
  facet normal -1 0 0
    outer loop
      vertex 82.4 41.65 36.2971
      vertex 82.4 75.15 36.2971
      vertex 82.4 74.5075 35.8472
    endloop
  endfacet
  facet normal -1 0 0
    outer loop
      vertex 82.4 42.2925 35.8472
      vertex 82.4 74.5075 35.8472
      vertex 82.4 73.9528 35.2925
    endloop
  endfacet
  facet normal -1 0 0
    outer loop
      vertex 82.4 42.8472 35.2925
      vertex 82.4 73.9528 35.2925
      vertex 82.4 73.5029 34.65
    endloop
  endfacet
  facet normal -1 0 0
    outer loop
      vertex 82.4 43.9 32.4
      vertex 82.4 72.9684 33.1814
      vertex 82.4 72.9 32.4
    endloop
  endfacet
  facet normal -1 0 0
    outer loop
      vertex 82.4 43.8316 33.1814
      vertex 82.4 72.9684 33.1814
      vertex 82.4 43.9 32.4
    endloop
  endfacet
  facet normal -1 0 0
    outer loop
      vertex 82.4 72.9684 33.1814
      vertex 82.4 43.8316 33.1814
      vertex 82.4 73.1714 33.9391
    endloop
  endfacet
  facet normal -1 0 0
    outer loop
      vertex 82.4 43.6286 33.9391
      vertex 82.4 73.1714 33.9391
      vertex 82.4 43.8316 33.1814
    endloop
  endfacet
  facet normal -1 0 0
    outer loop
      vertex 82.4 73.1714 33.9391
      vertex 82.4 43.6286 33.9391
      vertex 82.4 73.5029 34.65
    endloop
  endfacet
  facet normal -1 0 0
    outer loop
      vertex 82.4 43.2971 34.65
      vertex 82.4 73.5029 34.65
      vertex 82.4 43.6286 33.9391
    endloop
  endfacet
  facet normal -1 0 0
    outer loop
      vertex 82.4 42.8472 35.2925
      vertex 82.4 73.5029 34.65
      vertex 82.4 43.2971 34.65
    endloop
  endfacet
  facet normal -1 0 0
    outer loop
      vertex 82.4 73.9528 35.2925
      vertex 82.4 42.8472 35.2925
      vertex 82.4 42.2925 35.8472
    endloop
  endfacet
  facet normal -1 0 0
    outer loop
      vertex 82.4 74.5075 35.8472
      vertex 82.4 42.2925 35.8472
      vertex 82.4 41.65 36.2971
    endloop
  endfacet
  facet normal -1 0 0
    outer loop
      vertex 82.4 75.15 36.2971
      vertex 82.4 41.65 36.2971
      vertex 82.4 40.9391 36.6286
    endloop
  endfacet
  facet normal -1 0 0
    outer loop
      vertex 82.4 75.8609 36.6286
      vertex 82.4 40.9391 36.6286
      vertex 82.4 40.1814 36.8316
    endloop
  endfacet
  facet normal -1 0 0
    outer loop
      vertex 82.4 76.6186 36.8316
      vertex 82.4 40.1814 36.8316
      vertex 82.4 2.4 172.4
    endloop
  endfacet
  facet normal -1 0 0
    outer loop
      vertex 82.4 2.4 172.4
      vertex 82.4 40.1814 36.8316
      vertex 82.4 39.4 36.9
    endloop
  endfacet
  facet normal -1 0 0
    outer loop
      vertex 82.4 2.4 172.4
      vertex 82.4 39.4 36.9
      vertex 82.4 38.6186 36.8316
    endloop
  endfacet
  facet normal -1 0 0
    outer loop
      vertex 82.4 2.4 172.4
      vertex 82.4 38.6186 36.8316
      vertex 82.4 37.8609 36.6286
    endloop
  endfacet
  facet normal -1 0 0
    outer loop
      vertex 82.4 2.4 172.4
      vertex 82.4 37.8609 36.6286
      vertex 82.4 37.15 36.2971
    endloop
  endfacet
  facet normal -1 0 0
    outer loop
      vertex 82.4 2.4 172.4
      vertex 82.4 37.15 36.2971
      vertex 82.4 36.5075 35.8472
    endloop
  endfacet
  facet normal -1 0 0
    outer loop
      vertex 82.4 2.4 172.4
      vertex 82.4 36.5075 35.8472
      vertex 82.4 35.9528 35.2925
    endloop
  endfacet
  facet normal -1 0 0
    outer loop
      vertex 82.4 2.4 2.4
      vertex 82.4 34.9684 33.1814
      vertex 82.4 34.9 32.4
    endloop
  endfacet
  facet normal -1 0 0
    outer loop
      vertex 82.4 2.4 2.4
      vertex 82.4 35.1714 33.9391
      vertex 82.4 34.9684 33.1814
    endloop
  endfacet
  facet normal -1 0 0
    outer loop
      vertex 82.4 2.4 2.4
      vertex 82.4 35.5029 34.65
      vertex 82.4 35.1714 33.9391
    endloop
  endfacet
  facet normal -1 0 0
    outer loop
      vertex 82.4 2.4 172.4
      vertex 82.4 35.5029 34.65
      vertex 82.4 2.4 2.4
    endloop
  endfacet
  facet normal -1 0 0
    outer loop
      vertex 82.4 35.5029 34.65
      vertex 82.4 2.4 172.4
      vertex 82.4 35.9528 35.2925
    endloop
  endfacet
  facet normal -1 0 0
    outer loop
      vertex 82.4 77.4 36.9
      vertex 82.4 2.4 172.4
      vertex 82.4 152.4 172.4
    endloop
  endfacet
  facet normal 0 -1 0
    outer loop
      vertex 2.4 152.4 2.4
      vertex 82.4 152.4 172.4
      vertex 2.4 152.4 172.4
    endloop
  endfacet
  facet normal 0 -1 -0
    outer loop
      vertex 82.4 152.4 172.4
      vertex 2.4 152.4 2.4
      vertex 82.4 152.4 2.4
    endloop
  endfacet
  facet normal -0 0 1
    outer loop
      vertex 2.4 152.4 2.4
      vertex 82.4 2.4 2.4
      vertex 82.4 152.4 2.4
    endloop
  endfacet
  facet normal 0 0 1
    outer loop
      vertex 82.4 2.4 2.4
      vertex 2.4 152.4 2.4
      vertex 2.4 2.4 2.4
    endloop
  endfacet
  facet normal 0 1 -0
    outer loop
      vertex 82.4 2.4 2.4
      vertex 2.4 2.4 172.4
      vertex 82.4 2.4 172.4
    endloop
  endfacet
  facet normal 0 1 0
    outer loop
      vertex 2.4 2.4 172.4
      vertex 82.4 2.4 2.4
      vertex 2.4 2.4 2.4
    endloop
  endfacet
  facet normal 0 -0.819121 0.573621
    outer loop
      vertex 84.8 -3.69772 23.9073
      vertex 87.8 -3.52776 24.15
      vertex 84.8 -3.52776 24.15
    endloop
  endfacet
  facet normal 0 -0.819121 0.573621
    outer loop
      vertex 87.8 -3.52776 24.15
      vertex 84.8 -3.69772 23.9073
      vertex 87.8 -3.69772 23.9073
    endloop
  endfacet
  facet normal 0 -0.258834 -0.965922
    outer loop
      vertex 84.8 -4.7048 26.6742
      vertex 87.8 -4.41857 26.5975
      vertex 87.8 -4.7048 26.6742
    endloop
  endfacet
  facet normal -0 -0.258834 -0.965922
    outer loop
      vertex 87.8 -4.41857 26.5975
      vertex 84.8 -4.7048 26.6742
      vertex 84.8 -4.41857 26.5975
    endloop
  endfacet
  facet normal 0 0.906321 -0.42259
    outer loop
      vertex 87.8 -6.59748 25.5814
      vertex 84.8 -6.47224 25.85
      vertex 87.8 -6.47224 25.85
    endloop
  endfacet
  facet normal 0 0.906321 -0.42259
    outer loop
      vertex 84.8 -6.47224 25.85
      vertex 87.8 -6.59748 25.5814
      vertex 84.8 -6.59748 25.5814
    endloop
  endfacet
  facet normal 0 -0.906321 -0.42259
    outer loop
      vertex 84.8 -3.40252 25.5814
      vertex 87.8 -3.52776 25.85
      vertex 84.8 -3.52776 25.85
    endloop
  endfacet
  facet normal 0 -0.906321 -0.42259
    outer loop
      vertex 87.8 -3.52776 25.85
      vertex 84.8 -3.40252 25.5814
      vertex 87.8 -3.40252 25.5814
    endloop
  endfacet
  facet normal 0 -0.422795 -0.906225
    outer loop
      vertex 84.8 -4.41857 26.5975
      vertex 87.8 -4.15 26.4722
      vertex 87.8 -4.41857 26.5975
    endloop
  endfacet
  facet normal -0 -0.422795 -0.906225
    outer loop
      vertex 87.8 -4.15 26.4722
      vertex 84.8 -4.41857 26.5975
      vertex 84.8 -4.15 26.4722
    endloop
  endfacet
  facet normal 0 0.422795 -0.906225
    outer loop
      vertex 84.8 -5.85 26.4722
      vertex 87.8 -5.58143 26.5975
      vertex 87.8 -5.85 26.4722
    endloop
  endfacet
  facet normal 0 0.422795 -0.906225
    outer loop
      vertex 87.8 -5.58143 26.5975
      vertex 84.8 -5.85 26.4722
      vertex 84.8 -5.58143 26.5975
    endloop
  endfacet
  facet normal 0 -0.422795 0.906225
    outer loop
      vertex 84.8 -4.15 23.5278
      vertex 87.8 -4.41857 23.4025
      vertex 87.8 -4.15 23.5278
    endloop
  endfacet
  facet normal 0 -0.422795 0.906225
    outer loop
      vertex 87.8 -4.41857 23.4025
      vertex 84.8 -4.15 23.5278
      vertex 84.8 -4.41857 23.4025
    endloop
  endfacet
  facet normal 0 -0.258834 0.965922
    outer loop
      vertex 84.8 -4.41857 23.4025
      vertex 87.8 -4.7048 23.3258
      vertex 87.8 -4.41857 23.4025
    endloop
  endfacet
  facet normal 0 -0.258834 0.965922
    outer loop
      vertex 87.8 -4.7048 23.3258
      vertex 84.8 -4.41857 23.4025
      vertex 84.8 -4.7048 23.3258
    endloop
  endfacet
  facet normal 0 -0.573422 0.81926
    outer loop
      vertex 84.8 -3.90726 23.6977
      vertex 87.8 -4.15 23.5278
      vertex 87.8 -3.90726 23.6977
    endloop
  endfacet
  facet normal 0 -0.573422 0.81926
    outer loop
      vertex 87.8 -4.15 23.5278
      vertex 84.8 -3.90726 23.6977
      vertex 84.8 -4.15 23.5278
    endloop
  endfacet
  facet normal 0 -0.965923 0.258828
    outer loop
      vertex 84.8 -3.40252 24.4186
      vertex 87.8 -3.32583 24.7048
      vertex 84.8 -3.32583 24.7048
    endloop
  endfacet
  facet normal 0 -0.965923 0.258828
    outer loop
      vertex 87.8 -3.32583 24.7048
      vertex 84.8 -3.40252 24.4186
      vertex 87.8 -3.40252 24.4186
    endloop
  endfacet
  facet normal 0 -0.996194 0.087167
    outer loop
      vertex 84.8 -3.32583 24.7048
      vertex 87.8 -3.3 25
      vertex 84.8 -3.3 25
    endloop
  endfacet
  facet normal 0 -0.996194 0.087167
    outer loop
      vertex 87.8 -3.3 25
      vertex 84.8 -3.32583 24.7048
      vertex 87.8 -3.32583 24.7048
    endloop
  endfacet
  facet normal 0 -0.0870665 -0.996203
    outer loop
      vertex 84.8 -5 26.7
      vertex 87.8 -4.7048 26.6742
      vertex 87.8 -5 26.7
    endloop
  endfacet
  facet normal -0 -0.0870665 -0.996203
    outer loop
      vertex 87.8 -4.7048 26.6742
      vertex 84.8 -5 26.7
      vertex 84.8 -4.7048 26.6742
    endloop
  endfacet
  facet normal 0 -0.573422 -0.81926
    outer loop
      vertex 84.8 -4.15 26.4722
      vertex 87.8 -3.90726 26.3023
      vertex 87.8 -4.15 26.4722
    endloop
  endfacet
  facet normal -0 -0.573422 -0.81926
    outer loop
      vertex 87.8 -3.90726 26.3023
      vertex 84.8 -4.15 26.4722
      vertex 84.8 -3.90726 26.3023
    endloop
  endfacet
  facet normal 0 -0.819121 -0.573621
    outer loop
      vertex 84.8 -3.52776 25.85
      vertex 87.8 -3.69772 26.0927
      vertex 84.8 -3.69772 26.0927
    endloop
  endfacet
  facet normal 0 -0.819121 -0.573621
    outer loop
      vertex 87.8 -3.69772 26.0927
      vertex 84.8 -3.52776 25.85
      vertex 87.8 -3.52776 25.85
    endloop
  endfacet
  facet normal 0 -0.707208 -0.707006
    outer loop
      vertex 84.8 -3.90726 26.3023
      vertex 87.8 -3.69772 26.0927
      vertex 87.8 -3.90726 26.3023
    endloop
  endfacet
  facet normal -0 -0.707208 -0.707006
    outer loop
      vertex 87.8 -3.69772 26.0927
      vertex 84.8 -3.90726 26.3023
      vertex 84.8 -3.69772 26.0927
    endloop
  endfacet
  facet normal 0 -0.0870665 0.996203
    outer loop
      vertex 84.8 -4.7048 23.3258
      vertex 87.8 -5 23.3
      vertex 87.8 -4.7048 23.3258
    endloop
  endfacet
  facet normal 0 -0.0870665 0.996203
    outer loop
      vertex 87.8 -5 23.3
      vertex 84.8 -4.7048 23.3258
      vertex 84.8 -5 23.3
    endloop
  endfacet
  facet normal 0 0.996194 0.087167
    outer loop
      vertex 87.8 -6.67417 24.7048
      vertex 84.8 -6.7 25
      vertex 87.8 -6.7 25
    endloop
  endfacet
  facet normal 0 0.996194 0.087167
    outer loop
      vertex 84.8 -6.7 25
      vertex 87.8 -6.67417 24.7048
      vertex 84.8 -6.67417 24.7048
    endloop
  endfacet
  facet normal 0 0.965923 0.258828
    outer loop
      vertex 87.8 -6.59748 24.4186
      vertex 84.8 -6.67417 24.7048
      vertex 87.8 -6.67417 24.7048
    endloop
  endfacet
  facet normal 0 0.965923 0.258828
    outer loop
      vertex 84.8 -6.67417 24.7048
      vertex 87.8 -6.59748 24.4186
      vertex 84.8 -6.59748 24.4186
    endloop
  endfacet
  facet normal 0 0.707225 0.706989
    outer loop
      vertex 87.8 -6.09274 23.6977
      vertex 84.8 -6.30227 23.9073
      vertex 87.8 -6.30227 23.9073
    endloop
  endfacet
  facet normal 0 0.707225 0.706989
    outer loop
      vertex 84.8 -6.30227 23.9073
      vertex 87.8 -6.09274 23.6977
      vertex 84.8 -6.09274 23.6977
    endloop
  endfacet
  facet normal 0 0.906321 0.42259
    outer loop
      vertex 87.8 -6.47224 24.15
      vertex 84.8 -6.59748 24.4186
      vertex 87.8 -6.59748 24.4186
    endloop
  endfacet
  facet normal 0 0.906321 0.42259
    outer loop
      vertex 84.8 -6.59748 24.4186
      vertex 87.8 -6.47224 24.15
      vertex 84.8 -6.47224 24.15
    endloop
  endfacet
  facet normal -0 0.573422 0.81926
    outer loop
      vertex 84.8 -5.85 23.5278
      vertex 87.8 -6.09274 23.6977
      vertex 87.8 -5.85 23.5278
    endloop
  endfacet
  facet normal 0 0.573422 0.81926
    outer loop
      vertex 87.8 -6.09274 23.6977
      vertex 84.8 -5.85 23.5278
      vertex 84.8 -6.09274 23.6977
    endloop
  endfacet
  facet normal 0 0.707225 -0.706989
    outer loop
      vertex 84.8 -6.30227 26.0927
      vertex 87.8 -6.09274 26.3023
      vertex 87.8 -6.30227 26.0927
    endloop
  endfacet
  facet normal 0 0.707225 -0.706989
    outer loop
      vertex 87.8 -6.09274 26.3023
      vertex 84.8 -6.30227 26.0927
      vertex 84.8 -6.09274 26.3023
    endloop
  endfacet
  facet normal 0 0.819105 -0.573644
    outer loop
      vertex 87.8 -6.47224 25.85
      vertex 84.8 -6.30227 26.0927
      vertex 87.8 -6.30227 26.0927
    endloop
  endfacet
  facet normal 0 0.819105 -0.573644
    outer loop
      vertex 84.8 -6.30227 26.0927
      vertex 87.8 -6.47224 25.85
      vertex 84.8 -6.47224 25.85
    endloop
  endfacet
  facet normal 0 0.0870665 -0.996203
    outer loop
      vertex 84.8 -5.2952 26.6742
      vertex 87.8 -5 26.7
      vertex 87.8 -5.2952 26.6742
    endloop
  endfacet
  facet normal 0 0.0870665 -0.996203
    outer loop
      vertex 87.8 -5 26.7
      vertex 84.8 -5.2952 26.6742
      vertex 84.8 -5 26.7
    endloop
  endfacet
  facet normal 0 0.258834 -0.965922
    outer loop
      vertex 84.8 -5.58143 26.5975
      vertex 87.8 -5.2952 26.6742
      vertex 87.8 -5.58143 26.5975
    endloop
  endfacet
  facet normal 0 0.258834 -0.965922
    outer loop
      vertex 87.8 -5.2952 26.6742
      vertex 84.8 -5.58143 26.5975
      vertex 84.8 -5.2952 26.6742
    endloop
  endfacet
  facet normal 0 0.573422 -0.81926
    outer loop
      vertex 84.8 -6.09274 26.3023
      vertex 87.8 -5.85 26.4722
      vertex 87.8 -6.09274 26.3023
    endloop
  endfacet
  facet normal 0 0.573422 -0.81926
    outer loop
      vertex 87.8 -5.85 26.4722
      vertex 84.8 -6.09274 26.3023
      vertex 84.8 -5.85 26.4722
    endloop
  endfacet
  facet normal 0 -0.707208 0.707006
    outer loop
      vertex 84.8 -3.90726 23.6977
      vertex 87.8 -3.69772 23.9073
      vertex 84.8 -3.69772 23.9073
    endloop
  endfacet
  facet normal 0 -0.707208 0.707006
    outer loop
      vertex 87.8 -3.69772 23.9073
      vertex 84.8 -3.90726 23.6977
      vertex 87.8 -3.90726 23.6977
    endloop
  endfacet
  facet normal 0 -0.906321 0.42259
    outer loop
      vertex 84.8 -3.52776 24.15
      vertex 87.8 -3.40252 24.4186
      vertex 84.8 -3.40252 24.4186
    endloop
  endfacet
  facet normal 0 -0.906321 0.42259
    outer loop
      vertex 87.8 -3.40252 24.4186
      vertex 84.8 -3.52776 24.15
      vertex 87.8 -3.52776 24.15
    endloop
  endfacet
  facet normal 0 -0.996194 -0.087167
    outer loop
      vertex 84.8 -3.3 25
      vertex 87.8 -3.32583 25.2952
      vertex 84.8 -3.32583 25.2952
    endloop
  endfacet
  facet normal 0 -0.996194 -0.087167
    outer loop
      vertex 87.8 -3.32583 25.2952
      vertex 84.8 -3.3 25
      vertex 87.8 -3.3 25
    endloop
  endfacet
  facet normal 0 -0.965923 -0.258828
    outer loop
      vertex 84.8 -3.32583 25.2952
      vertex 87.8 -3.40252 25.5814
      vertex 84.8 -3.40252 25.5814
    endloop
  endfacet
  facet normal 0 -0.965923 -0.258828
    outer loop
      vertex 87.8 -3.40252 25.5814
      vertex 84.8 -3.32583 25.2952
      vertex 87.8 -3.32583 25.2952
    endloop
  endfacet
  facet normal -0 0.0870665 0.996203
    outer loop
      vertex 84.8 -5 23.3
      vertex 87.8 -5.2952 23.3258
      vertex 87.8 -5 23.3
    endloop
  endfacet
  facet normal 0 0.0870665 0.996203
    outer loop
      vertex 87.8 -5.2952 23.3258
      vertex 84.8 -5 23.3
      vertex 84.8 -5.2952 23.3258
    endloop
  endfacet
  facet normal -0 0.258834 0.965922
    outer loop
      vertex 84.8 -5.2952 23.3258
      vertex 87.8 -5.58143 23.4025
      vertex 87.8 -5.2952 23.3258
    endloop
  endfacet
  facet normal 0 0.258834 0.965922
    outer loop
      vertex 87.8 -5.58143 23.4025
      vertex 84.8 -5.2952 23.3258
      vertex 84.8 -5.58143 23.4025
    endloop
  endfacet
  facet normal 0 0.819105 0.573644
    outer loop
      vertex 87.8 -6.30227 23.9073
      vertex 84.8 -6.47224 24.15
      vertex 87.8 -6.47224 24.15
    endloop
  endfacet
  facet normal 0 0.819105 0.573644
    outer loop
      vertex 84.8 -6.47224 24.15
      vertex 87.8 -6.30227 23.9073
      vertex 84.8 -6.30227 23.9073
    endloop
  endfacet
  facet normal -0 0.422795 0.906225
    outer loop
      vertex 84.8 -5.58143 23.4025
      vertex 87.8 -5.85 23.5278
      vertex 87.8 -5.58143 23.4025
    endloop
  endfacet
  facet normal 0 0.422795 0.906225
    outer loop
      vertex 87.8 -5.85 23.5278
      vertex 84.8 -5.58143 23.4025
      vertex 84.8 -5.85 23.5278
    endloop
  endfacet
  facet normal 0 0.996194 -0.087167
    outer loop
      vertex 87.8 -6.7 25
      vertex 84.8 -6.67417 25.2952
      vertex 87.8 -6.67417 25.2952
    endloop
  endfacet
  facet normal 0 0.996194 -0.087167
    outer loop
      vertex 84.8 -6.67417 25.2952
      vertex 87.8 -6.7 25
      vertex 84.8 -6.7 25
    endloop
  endfacet
  facet normal 0 0.965923 -0.258828
    outer loop
      vertex 87.8 -6.67417 25.2952
      vertex 84.8 -6.59748 25.5814
      vertex 87.8 -6.59748 25.5814
    endloop
  endfacet
  facet normal 0 0.965923 -0.258828
    outer loop
      vertex 84.8 -6.59748 25.5814
      vertex 87.8 -6.67417 25.2952
      vertex 84.8 -6.67417 25.2952
    endloop
  endfacet
  facet normal 0 -0.0870665 0.996203
    outer loop
      vertex 84.8 -4.7048 84.5258
      vertex 87.8 -5 84.5
      vertex 87.8 -4.7048 84.5258
    endloop
  endfacet
  facet normal 0 -0.0870665 0.996203
    outer loop
      vertex 87.8 -5 84.5
      vertex 84.8 -4.7048 84.5258
      vertex 84.8 -5 84.5
    endloop
  endfacet
  facet normal 0 -0.0870665 -0.996203
    outer loop
      vertex 84.8 -5 87.9
      vertex 87.8 -4.7048 87.8742
      vertex 87.8 -5 87.9
    endloop
  endfacet
  facet normal -0 -0.0870665 -0.996203
    outer loop
      vertex 87.8 -4.7048 87.8742
      vertex 84.8 -5 87.9
      vertex 84.8 -4.7048 87.8742
    endloop
  endfacet
  facet normal 0 0.996194 -0.087167
    outer loop
      vertex 87.8 -6.7 86.2
      vertex 84.8 -6.67417 86.4952
      vertex 87.8 -6.67417 86.4952
    endloop
  endfacet
  facet normal 0 0.996194 -0.087167
    outer loop
      vertex 84.8 -6.67417 86.4952
      vertex 87.8 -6.7 86.2
      vertex 84.8 -6.7 86.2
    endloop
  endfacet
  facet normal 0 0.573422 -0.81926
    outer loop
      vertex 84.8 -6.09274 87.5023
      vertex 87.8 -5.85 87.6722
      vertex 87.8 -6.09274 87.5023
    endloop
  endfacet
  facet normal 0 0.573422 -0.81926
    outer loop
      vertex 87.8 -5.85 87.6722
      vertex 84.8 -6.09274 87.5023
      vertex 84.8 -5.85 87.6722
    endloop
  endfacet
  facet normal 0 -0.707208 -0.707006
    outer loop
      vertex 84.8 -3.90726 87.5023
      vertex 87.8 -3.69772 87.2927
      vertex 87.8 -3.90726 87.5023
    endloop
  endfacet
  facet normal -0 -0.707208 -0.707006
    outer loop
      vertex 87.8 -3.69772 87.2927
      vertex 84.8 -3.90726 87.5023
      vertex 84.8 -3.69772 87.2927
    endloop
  endfacet
  facet normal 0 -0.965923 -0.258828
    outer loop
      vertex 84.8 -3.32583 86.4952
      vertex 87.8 -3.40252 86.7814
      vertex 84.8 -3.40252 86.7814
    endloop
  endfacet
  facet normal 0 -0.965923 -0.258828
    outer loop
      vertex 87.8 -3.40252 86.7814
      vertex 84.8 -3.32583 86.4952
      vertex 87.8 -3.32583 86.4952
    endloop
  endfacet
  facet normal 0 0.707225 0.706989
    outer loop
      vertex 87.8 -6.09274 84.8977
      vertex 84.8 -6.30227 85.1073
      vertex 87.8 -6.30227 85.1073
    endloop
  endfacet
  facet normal 0 0.707225 0.706989
    outer loop
      vertex 84.8 -6.30227 85.1073
      vertex 87.8 -6.09274 84.8977
      vertex 84.8 -6.09274 84.8977
    endloop
  endfacet
  facet normal 0 0.258834 -0.965922
    outer loop
      vertex 84.8 -5.58143 87.7975
      vertex 87.8 -5.2952 87.8742
      vertex 87.8 -5.58143 87.7975
    endloop
  endfacet
  facet normal 0 0.258834 -0.965922
    outer loop
      vertex 87.8 -5.2952 87.8742
      vertex 84.8 -5.58143 87.7975
      vertex 84.8 -5.2952 87.8742
    endloop
  endfacet
  facet normal 0 -0.258834 0.965922
    outer loop
      vertex 84.8 -4.41857 84.6025
      vertex 87.8 -4.7048 84.5258
      vertex 87.8 -4.41857 84.6025
    endloop
  endfacet
  facet normal 0 -0.258834 0.965922
    outer loop
      vertex 87.8 -4.7048 84.5258
      vertex 84.8 -4.41857 84.6025
      vertex 84.8 -4.7048 84.5258
    endloop
  endfacet
  facet normal 0 -0.573422 0.81926
    outer loop
      vertex 84.8 -3.90726 84.8977
      vertex 87.8 -4.15 84.7278
      vertex 87.8 -3.90726 84.8977
    endloop
  endfacet
  facet normal 0 -0.573422 0.81926
    outer loop
      vertex 87.8 -4.15 84.7278
      vertex 84.8 -3.90726 84.8977
      vertex 84.8 -4.15 84.7278
    endloop
  endfacet
  facet normal 0 -0.965923 0.258828
    outer loop
      vertex 84.8 -3.40252 85.6186
      vertex 87.8 -3.32583 85.9048
      vertex 84.8 -3.32583 85.9048
    endloop
  endfacet
  facet normal 0 -0.965923 0.258828
    outer loop
      vertex 87.8 -3.32583 85.9048
      vertex 84.8 -3.40252 85.6186
      vertex 87.8 -3.40252 85.6186
    endloop
  endfacet
  facet normal 0 -0.819121 0.573621
    outer loop
      vertex 84.8 -3.69772 85.1073
      vertex 87.8 -3.52776 85.35
      vertex 84.8 -3.52776 85.35
    endloop
  endfacet
  facet normal 0 -0.819121 0.573621
    outer loop
      vertex 87.8 -3.52776 85.35
      vertex 84.8 -3.69772 85.1073
      vertex 87.8 -3.69772 85.1073
    endloop
  endfacet
  facet normal 0 -0.422795 -0.906225
    outer loop
      vertex 84.8 -4.41857 87.7975
      vertex 87.8 -4.15 87.6722
      vertex 87.8 -4.41857 87.7975
    endloop
  endfacet
  facet normal -0 -0.422795 -0.906225
    outer loop
      vertex 87.8 -4.15 87.6722
      vertex 84.8 -4.41857 87.7975
      vertex 84.8 -4.15 87.6722
    endloop
  endfacet
  facet normal 0 -0.573422 -0.81926
    outer loop
      vertex 84.8 -4.15 87.6722
      vertex 87.8 -3.90726 87.5023
      vertex 87.8 -4.15 87.6722
    endloop
  endfacet
  facet normal -0 -0.573422 -0.81926
    outer loop
      vertex 87.8 -3.90726 87.5023
      vertex 84.8 -4.15 87.6722
      vertex 84.8 -3.90726 87.5023
    endloop
  endfacet
  facet normal 0 -0.258834 -0.965922
    outer loop
      vertex 84.8 -4.7048 87.8742
      vertex 87.8 -4.41857 87.7975
      vertex 87.8 -4.7048 87.8742
    endloop
  endfacet
  facet normal -0 -0.258834 -0.965922
    outer loop
      vertex 87.8 -4.41857 87.7975
      vertex 84.8 -4.7048 87.8742
      vertex 84.8 -4.41857 87.7975
    endloop
  endfacet
  facet normal 0 -0.996194 -0.087167
    outer loop
      vertex 84.8 -3.3 86.2
      vertex 87.8 -3.32583 86.4952
      vertex 84.8 -3.32583 86.4952
    endloop
  endfacet
  facet normal 0 -0.996194 -0.087167
    outer loop
      vertex 87.8 -3.32583 86.4952
      vertex 84.8 -3.3 86.2
      vertex 87.8 -3.3 86.2
    endloop
  endfacet
  facet normal 0 0.996194 0.087167
    outer loop
      vertex 87.8 -6.67417 85.9048
      vertex 84.8 -6.7 86.2
      vertex 87.8 -6.7 86.2
    endloop
  endfacet
  facet normal 0 0.996194 0.087167
    outer loop
      vertex 84.8 -6.7 86.2
      vertex 87.8 -6.67417 85.9048
      vertex 84.8 -6.67417 85.9048
    endloop
  endfacet
  facet normal 0 0.906321 0.42259
    outer loop
      vertex 87.8 -6.47224 85.35
      vertex 84.8 -6.59748 85.6186
      vertex 87.8 -6.59748 85.6186
    endloop
  endfacet
  facet normal 0 0.906321 0.42259
    outer loop
      vertex 84.8 -6.59748 85.6186
      vertex 87.8 -6.47224 85.35
      vertex 84.8 -6.47224 85.35
    endloop
  endfacet
  facet normal -0 0.573422 0.81926
    outer loop
      vertex 84.8 -5.85 84.7278
      vertex 87.8 -6.09274 84.8977
      vertex 87.8 -5.85 84.7278
    endloop
  endfacet
  facet normal 0 0.573422 0.81926
    outer loop
      vertex 87.8 -6.09274 84.8977
      vertex 84.8 -5.85 84.7278
      vertex 84.8 -6.09274 84.8977
    endloop
  endfacet
  facet normal -0 0.258834 0.965922
    outer loop
      vertex 84.8 -5.2952 84.5258
      vertex 87.8 -5.58143 84.6025
      vertex 87.8 -5.2952 84.5258
    endloop
  endfacet
  facet normal 0 0.258834 0.965922
    outer loop
      vertex 87.8 -5.58143 84.6025
      vertex 84.8 -5.2952 84.5258
      vertex 84.8 -5.58143 84.6025
    endloop
  endfacet
  facet normal 0 0.906321 -0.42259
    outer loop
      vertex 87.8 -6.59748 86.7814
      vertex 84.8 -6.47224 87.05
      vertex 87.8 -6.47224 87.05
    endloop
  endfacet
  facet normal 0 0.906321 -0.42259
    outer loop
      vertex 84.8 -6.47224 87.05
      vertex 87.8 -6.59748 86.7814
      vertex 84.8 -6.59748 86.7814
    endloop
  endfacet
  facet normal 0 0.707225 -0.706989
    outer loop
      vertex 84.8 -6.30227 87.2927
      vertex 87.8 -6.09274 87.5023
      vertex 87.8 -6.30227 87.2927
    endloop
  endfacet
  facet normal 0 0.707225 -0.706989
    outer loop
      vertex 87.8 -6.09274 87.5023
      vertex 84.8 -6.30227 87.2927
      vertex 84.8 -6.09274 87.5023
    endloop
  endfacet
  facet normal 0 0.965923 -0.258828
    outer loop
      vertex 87.8 -6.67417 86.4952
      vertex 84.8 -6.59748 86.7814
      vertex 87.8 -6.59748 86.7814
    endloop
  endfacet
  facet normal 0 0.965923 -0.258828
    outer loop
      vertex 84.8 -6.59748 86.7814
      vertex 87.8 -6.67417 86.4952
      vertex 84.8 -6.67417 86.4952
    endloop
  endfacet
  facet normal 0 0.422795 -0.906225
    outer loop
      vertex 84.8 -5.85 87.6722
      vertex 87.8 -5.58143 87.7975
      vertex 87.8 -5.85 87.6722
    endloop
  endfacet
  facet normal 0 0.422795 -0.906225
    outer loop
      vertex 87.8 -5.58143 87.7975
      vertex 84.8 -5.85 87.6722
      vertex 84.8 -5.58143 87.7975
    endloop
  endfacet
  facet normal 0 0.0870665 -0.996203
    outer loop
      vertex 84.8 -5.2952 87.8742
      vertex 87.8 -5 87.9
      vertex 87.8 -5.2952 87.8742
    endloop
  endfacet
  facet normal 0 0.0870665 -0.996203
    outer loop
      vertex 87.8 -5 87.9
      vertex 84.8 -5.2952 87.8742
      vertex 84.8 -5 87.9
    endloop
  endfacet
  facet normal 0 -0.422795 0.906225
    outer loop
      vertex 84.8 -4.15 84.7278
      vertex 87.8 -4.41857 84.6025
      vertex 87.8 -4.15 84.7278
    endloop
  endfacet
  facet normal 0 -0.422795 0.906225
    outer loop
      vertex 87.8 -4.41857 84.6025
      vertex 84.8 -4.15 84.7278
      vertex 84.8 -4.41857 84.6025
    endloop
  endfacet
  facet normal 0 -0.707208 0.707006
    outer loop
      vertex 84.8 -3.90726 84.8977
      vertex 87.8 -3.69772 85.1073
      vertex 84.8 -3.69772 85.1073
    endloop
  endfacet
  facet normal 0 -0.707208 0.707006
    outer loop
      vertex 87.8 -3.69772 85.1073
      vertex 84.8 -3.90726 84.8977
      vertex 87.8 -3.90726 84.8977
    endloop
  endfacet
  facet normal 0 -0.996194 0.087167
    outer loop
      vertex 84.8 -3.32583 85.9048
      vertex 87.8 -3.3 86.2
      vertex 84.8 -3.3 86.2
    endloop
  endfacet
  facet normal 0 -0.996194 0.087167
    outer loop
      vertex 87.8 -3.3 86.2
      vertex 84.8 -3.32583 85.9048
      vertex 87.8 -3.32583 85.9048
    endloop
  endfacet
  facet normal 0 -0.906321 0.42259
    outer loop
      vertex 84.8 -3.52776 85.35
      vertex 87.8 -3.40252 85.6186
      vertex 84.8 -3.40252 85.6186
    endloop
  endfacet
  facet normal 0 -0.906321 0.42259
    outer loop
      vertex 87.8 -3.40252 85.6186
      vertex 84.8 -3.52776 85.35
      vertex 87.8 -3.52776 85.35
    endloop
  endfacet
  facet normal 0 -0.906321 -0.42259
    outer loop
      vertex 84.8 -3.40252 86.7814
      vertex 87.8 -3.52776 87.05
      vertex 84.8 -3.52776 87.05
    endloop
  endfacet
  facet normal 0 -0.906321 -0.42259
    outer loop
      vertex 87.8 -3.52776 87.05
      vertex 84.8 -3.40252 86.7814
      vertex 87.8 -3.40252 86.7814
    endloop
  endfacet
  facet normal 0 -0.819121 -0.573621
    outer loop
      vertex 84.8 -3.52776 87.05
      vertex 87.8 -3.69772 87.2927
      vertex 84.8 -3.69772 87.2927
    endloop
  endfacet
  facet normal 0 -0.819121 -0.573621
    outer loop
      vertex 87.8 -3.69772 87.2927
      vertex 84.8 -3.52776 87.05
      vertex 87.8 -3.52776 87.05
    endloop
  endfacet
  facet normal -0 0.0870665 0.996203
    outer loop
      vertex 84.8 -5 84.5
      vertex 87.8 -5.2952 84.5258
      vertex 87.8 -5 84.5
    endloop
  endfacet
  facet normal 0 0.0870665 0.996203
    outer loop
      vertex 87.8 -5.2952 84.5258
      vertex 84.8 -5 84.5
      vertex 84.8 -5.2952 84.5258
    endloop
  endfacet
  facet normal 0 0.965923 0.258828
    outer loop
      vertex 87.8 -6.59748 85.6186
      vertex 84.8 -6.67417 85.9048
      vertex 87.8 -6.67417 85.9048
    endloop
  endfacet
  facet normal 0 0.965923 0.258828
    outer loop
      vertex 84.8 -6.67417 85.9048
      vertex 87.8 -6.59748 85.6186
      vertex 84.8 -6.59748 85.6186
    endloop
  endfacet
  facet normal 0 0.819105 0.573644
    outer loop
      vertex 87.8 -6.30227 85.1073
      vertex 84.8 -6.47224 85.35
      vertex 87.8 -6.47224 85.35
    endloop
  endfacet
  facet normal 0 0.819105 0.573644
    outer loop
      vertex 84.8 -6.47224 85.35
      vertex 87.8 -6.30227 85.1073
      vertex 84.8 -6.30227 85.1073
    endloop
  endfacet
  facet normal -0 0.422795 0.906225
    outer loop
      vertex 84.8 -5.58143 84.6025
      vertex 87.8 -5.85 84.7278
      vertex 87.8 -5.58143 84.6025
    endloop
  endfacet
  facet normal 0 0.422795 0.906225
    outer loop
      vertex 87.8 -5.85 84.7278
      vertex 84.8 -5.58143 84.6025
      vertex 84.8 -5.85 84.7278
    endloop
  endfacet
  facet normal 0 0.819105 -0.573644
    outer loop
      vertex 87.8 -6.47224 87.05
      vertex 84.8 -6.30227 87.2927
      vertex 87.8 -6.30227 87.2927
    endloop
  endfacet
  facet normal 0 0.819105 -0.573644
    outer loop
      vertex 84.8 -6.30227 87.2927
      vertex 87.8 -6.47224 87.05
      vertex 84.8 -6.47224 87.05
    endloop
  endfacet
  facet normal 0 -0.819454 0.573145
    outer loop
      vertex 84.8 -3.69772 156.307
      vertex 87.8 -3.52776 156.55
      vertex 84.8 -3.52776 156.55
    endloop
  endfacet
  facet normal 0 -0.819454 0.573145
    outer loop
      vertex 87.8 -3.52776 156.55
      vertex 84.8 -3.69772 156.307
      vertex 87.8 -3.69772 156.307
    endloop
  endfacet
  facet normal 0 -0.259779 -0.965668
    outer loop
      vertex 84.8 -4.7048 159.074
      vertex 87.8 -4.41857 158.997
      vertex 87.8 -4.7048 159.074
    endloop
  endfacet
  facet normal -0 -0.259779 -0.965668
    outer loop
      vertex 87.8 -4.41857 158.997
      vertex 84.8 -4.7048 159.074
      vertex 84.8 -4.41857 158.997
    endloop
  endfacet
  facet normal -0 0.259779 0.965668
    outer loop
      vertex 84.8 -5.2952 155.726
      vertex 87.8 -5.58143 155.803
      vertex 87.8 -5.2952 155.726
    endloop
  endfacet
  facet normal 0 0.259779 0.965668
    outer loop
      vertex 87.8 -5.58143 155.803
      vertex 84.8 -5.2952 155.726
      vertex 84.8 -5.58143 155.803
    endloop
  endfacet
  facet normal 0 0.965878 -0.258997
    outer loop
      vertex 87.8 -6.67417 157.695
      vertex 84.8 -6.59748 157.981
      vertex 87.8 -6.59748 157.981
    endloop
  endfacet
  facet normal 0 0.965878 -0.258997
    outer loop
      vertex 84.8 -6.59748 157.981
      vertex 87.8 -6.67417 157.695
      vertex 84.8 -6.67417 157.695
    endloop
  endfacet
  facet normal 0 -0.965878 -0.258997
    outer loop
      vertex 84.8 -3.32583 157.695
      vertex 87.8 -3.40252 157.981
      vertex 84.8 -3.40252 157.981
    endloop
  endfacet
  facet normal 0 -0.965878 -0.258997
    outer loop
      vertex 87.8 -3.40252 157.981
      vertex 84.8 -3.32583 157.695
      vertex 87.8 -3.32583 157.695
    endloop
  endfacet
  facet normal 0 -0.421963 -0.906613
    outer loop
      vertex 84.8 -4.41857 158.997
      vertex 87.8 -4.15 158.872
      vertex 87.8 -4.41857 158.997
    endloop
  endfacet
  facet normal -0 -0.421963 -0.906613
    outer loop
      vertex 87.8 -4.15 158.872
      vertex 84.8 -4.41857 158.997
      vertex 84.8 -4.15 158.872
    endloop
  endfacet
  facet normal 0 0.259779 -0.965668
    outer loop
      vertex 84.8 -5.58143 158.997
      vertex 87.8 -5.2952 159.074
      vertex 87.8 -5.58143 158.997
    endloop
  endfacet
  facet normal 0 0.259779 -0.965668
    outer loop
      vertex 87.8 -5.2952 159.074
      vertex 84.8 -5.58143 158.997
      vertex 84.8 -5.2952 159.074
    endloop
  endfacet
  facet normal 0 0.906562 -0.422074
    outer loop
      vertex 87.8 -6.59748 157.981
      vertex 84.8 -6.47224 158.25
      vertex 87.8 -6.47224 158.25
    endloop
  endfacet
  facet normal 0 0.906562 -0.422074
    outer loop
      vertex 84.8 -6.47224 158.25
      vertex 87.8 -6.59748 157.981
      vertex 84.8 -6.59748 157.981
    endloop
  endfacet
  facet normal 0 -0.421963 0.906613
    outer loop
      vertex 84.8 -4.15 155.928
      vertex 87.8 -4.41857 155.803
      vertex 87.8 -4.15 155.928
    endloop
  endfacet
  facet normal 0 -0.421963 0.906613
    outer loop
      vertex 87.8 -4.41857 155.803
      vertex 84.8 -4.15 155.928
      vertex 84.8 -4.41857 155.803
    endloop
  endfacet
  facet normal 0 -0.259779 0.965668
    outer loop
      vertex 84.8 -4.41857 155.803
      vertex 87.8 -4.7048 155.726
      vertex 87.8 -4.41857 155.803
    endloop
  endfacet
  facet normal 0 -0.259779 0.965668
    outer loop
      vertex 87.8 -4.7048 155.726
      vertex 84.8 -4.41857 155.803
      vertex 84.8 -4.7048 155.726
    endloop
  endfacet
  facet normal 0 -0.573648 0.819102
    outer loop
      vertex 84.8 -3.90726 156.098
      vertex 87.8 -4.15 155.928
      vertex 87.8 -3.90726 156.098
    endloop
  endfacet
  facet normal 0 -0.573648 0.819102
    outer loop
      vertex 87.8 -4.15 155.928
      vertex 84.8 -3.90726 156.098
      vertex 84.8 -4.15 155.928
    endloop
  endfacet
  facet normal 0 -0.965878 0.258997
    outer loop
      vertex 84.8 -3.40252 156.819
      vertex 87.8 -3.32583 157.105
      vertex 84.8 -3.32583 157.105
    endloop
  endfacet
  facet normal 0 -0.965878 0.258997
    outer loop
      vertex 87.8 -3.32583 157.105
      vertex 84.8 -3.40252 156.819
      vertex 87.8 -3.40252 156.819
    endloop
  endfacet
  facet normal 0 -0.996189 0.0872256
    outer loop
      vertex 84.8 -3.32583 157.105
      vertex 87.8 -3.3 157.4
      vertex 84.8 -3.3 157.4
    endloop
  endfacet
  facet normal 0 -0.996189 0.0872256
    outer loop
      vertex 87.8 -3.3 157.4
      vertex 84.8 -3.32583 157.105
      vertex 87.8 -3.32583 157.105
    endloop
  endfacet
  facet normal 0 -0.0877362 -0.996144
    outer loop
      vertex 84.8 -5 159.1
      vertex 87.8 -4.7048 159.074
      vertex 87.8 -5 159.1
    endloop
  endfacet
  facet normal -0 -0.0877362 -0.996144
    outer loop
      vertex 87.8 -4.7048 159.074
      vertex 84.8 -5 159.1
      vertex 84.8 -4.7048 159.074
    endloop
  endfacet
  facet normal 0 -0.573648 -0.819102
    outer loop
      vertex 84.8 -4.15 158.872
      vertex 87.8 -3.90726 158.702
      vertex 87.8 -4.15 158.872
    endloop
  endfacet
  facet normal -0 -0.573648 -0.819102
    outer loop
      vertex 87.8 -3.90726 158.702
      vertex 84.8 -4.15 158.872
      vertex 84.8 -3.90726 158.702
    endloop
  endfacet
  facet normal 0 -0.906562 -0.422074
    outer loop
      vertex 84.8 -3.40252 157.981
      vertex 87.8 -3.52776 158.25
      vertex 84.8 -3.52776 158.25
    endloop
  endfacet
  facet normal 0 -0.906562 -0.422074
    outer loop
      vertex 87.8 -3.52776 158.25
      vertex 84.8 -3.40252 157.981
      vertex 87.8 -3.40252 157.981
    endloop
  endfacet
  facet normal 0 -0.996189 -0.0872256
    outer loop
      vertex 84.8 -3.3 157.4
      vertex 87.8 -3.32583 157.695
      vertex 84.8 -3.32583 157.695
    endloop
  endfacet
  facet normal 0 -0.996189 -0.0872256
    outer loop
      vertex 87.8 -3.32583 157.695
      vertex 84.8 -3.3 157.4
      vertex 87.8 -3.3 157.4
    endloop
  endfacet
  facet normal -0 0.0877362 0.996144
    outer loop
      vertex 84.8 -5 155.7
      vertex 87.8 -5.2952 155.726
      vertex 87.8 -5 155.7
    endloop
  endfacet
  facet normal 0 0.0877362 0.996144
    outer loop
      vertex 87.8 -5.2952 155.726
      vertex 84.8 -5 155.7
      vertex 84.8 -5.2952 155.726
    endloop
  endfacet
  facet normal 0 0.996189 0.0872256
    outer loop
      vertex 87.8 -6.67417 157.105
      vertex 84.8 -6.7 157.4
      vertex 87.8 -6.7 157.4
    endloop
  endfacet
  facet normal 0 0.996189 0.0872256
    outer loop
      vertex 84.8 -6.7 157.4
      vertex 87.8 -6.67417 157.105
      vertex 84.8 -6.67417 157.105
    endloop
  endfacet
  facet normal 0 0.965878 0.258997
    outer loop
      vertex 87.8 -6.59748 156.819
      vertex 84.8 -6.67417 157.105
      vertex 87.8 -6.67417 157.105
    endloop
  endfacet
  facet normal 0 0.965878 0.258997
    outer loop
      vertex 84.8 -6.67417 157.105
      vertex 87.8 -6.59748 156.819
      vertex 84.8 -6.59748 156.819
    endloop
  endfacet
  facet normal 0 0.906562 0.422074
    outer loop
      vertex 87.8 -6.47224 156.55
      vertex 84.8 -6.59748 156.819
      vertex 87.8 -6.59748 156.819
    endloop
  endfacet
  facet normal 0 0.906562 0.422074
    outer loop
      vertex 84.8 -6.59748 156.819
      vertex 87.8 -6.47224 156.55
      vertex 84.8 -6.47224 156.55
    endloop
  endfacet
  facet normal -0 0.573648 0.819102
    outer loop
      vertex 84.8 -5.85 155.928
      vertex 87.8 -6.09274 156.098
      vertex 87.8 -5.85 155.928
    endloop
  endfacet
  facet normal 0 0.573648 0.819102
    outer loop
      vertex 87.8 -6.09274 156.098
      vertex 84.8 -5.85 155.928
      vertex 84.8 -6.09274 156.098
    endloop
  endfacet
  facet normal 0 0.996189 -0.0872256
    outer loop
      vertex 87.8 -6.7 157.4
      vertex 84.8 -6.67417 157.695
      vertex 87.8 -6.67417 157.695
    endloop
  endfacet
  facet normal 0 0.996189 -0.0872256
    outer loop
      vertex 84.8 -6.67417 157.695
      vertex 87.8 -6.7 157.4
      vertex 84.8 -6.7 157.4
    endloop
  endfacet
  facet normal 0 0.706211 -0.708002
    outer loop
      vertex 84.8 -6.30227 158.493
      vertex 87.8 -6.09274 158.702
      vertex 87.8 -6.30227 158.493
    endloop
  endfacet
  facet normal 0 0.706211 -0.708002
    outer loop
      vertex 87.8 -6.09274 158.702
      vertex 84.8 -6.30227 158.493
      vertex 84.8 -6.09274 158.702
    endloop
  endfacet
  facet normal 0 0.421963 -0.906613
    outer loop
      vertex 84.8 -5.85 158.872
      vertex 87.8 -5.58143 158.997
      vertex 87.8 -5.85 158.872
    endloop
  endfacet
  facet normal 0 0.421963 -0.906613
    outer loop
      vertex 87.8 -5.58143 158.997
      vertex 84.8 -5.85 158.872
      vertex 84.8 -5.58143 158.997
    endloop
  endfacet
  facet normal 0 0.0877362 -0.996144
    outer loop
      vertex 84.8 -5.2952 159.074
      vertex 87.8 -5 159.1
      vertex 87.8 -5.2952 159.074
    endloop
  endfacet
  facet normal 0 0.0877362 -0.996144
    outer loop
      vertex 87.8 -5 159.1
      vertex 84.8 -5.2952 159.074
      vertex 84.8 -5 159.1
    endloop
  endfacet
  facet normal 0 0.573648 -0.819102
    outer loop
      vertex 84.8 -6.09274 158.702
      vertex 87.8 -5.85 158.872
      vertex 87.8 -6.09274 158.702
    endloop
  endfacet
  facet normal 0 0.573648 -0.819102
    outer loop
      vertex 87.8 -5.85 158.872
      vertex 84.8 -6.09274 158.702
      vertex 84.8 -5.85 158.872
    endloop
  endfacet
  facet normal 0 -0.706194 0.708019
    outer loop
      vertex 84.8 -3.90726 156.098
      vertex 87.8 -3.69772 156.307
      vertex 84.8 -3.69772 156.307
    endloop
  endfacet
  facet normal 0 -0.706194 0.708019
    outer loop
      vertex 87.8 -3.69772 156.307
      vertex 84.8 -3.90726 156.098
      vertex 87.8 -3.90726 156.098
    endloop
  endfacet
  facet normal 0 -0.906562 0.422074
    outer loop
      vertex 84.8 -3.52776 156.55
      vertex 87.8 -3.40252 156.819
      vertex 84.8 -3.40252 156.819
    endloop
  endfacet
  facet normal 0 -0.906562 0.422074
    outer loop
      vertex 87.8 -3.40252 156.819
      vertex 84.8 -3.52776 156.55
      vertex 87.8 -3.52776 156.55
    endloop
  endfacet
  facet normal 0 -0.819454 -0.573145
    outer loop
      vertex 84.8 -3.52776 158.25
      vertex 87.8 -3.69772 158.493
      vertex 84.8 -3.69772 158.493
    endloop
  endfacet
  facet normal 0 -0.819454 -0.573145
    outer loop
      vertex 87.8 -3.69772 158.493
      vertex 84.8 -3.52776 158.25
      vertex 87.8 -3.52776 158.25
    endloop
  endfacet
  facet normal 0 -0.706194 -0.708019
    outer loop
      vertex 84.8 -3.90726 158.702
      vertex 87.8 -3.69772 158.493
      vertex 87.8 -3.90726 158.702
    endloop
  endfacet
  facet normal -0 -0.706194 -0.708019
    outer loop
      vertex 87.8 -3.69772 158.493
      vertex 84.8 -3.90726 158.702
      vertex 84.8 -3.69772 158.493
    endloop
  endfacet
  facet normal 0 -0.0877362 0.996144
    outer loop
      vertex 84.8 -4.7048 155.726
      vertex 87.8 -5 155.7
      vertex 87.8 -4.7048 155.726
    endloop
  endfacet
  facet normal 0 -0.0877362 0.996144
    outer loop
      vertex 87.8 -5 155.7
      vertex 84.8 -4.7048 155.726
      vertex 84.8 -5 155.7
    endloop
  endfacet
  facet normal 0 0.819438 0.573168
    outer loop
      vertex 87.8 -6.30227 156.307
      vertex 84.8 -6.47224 156.55
      vertex 87.8 -6.47224 156.55
    endloop
  endfacet
  facet normal 0 0.819438 0.573168
    outer loop
      vertex 84.8 -6.47224 156.55
      vertex 87.8 -6.30227 156.307
      vertex 84.8 -6.30227 156.307
    endloop
  endfacet
  facet normal -0 0.421963 0.906613
    outer loop
      vertex 84.8 -5.58143 155.803
      vertex 87.8 -5.85 155.928
      vertex 87.8 -5.58143 155.803
    endloop
  endfacet
  facet normal 0 0.421963 0.906613
    outer loop
      vertex 87.8 -5.85 155.928
      vertex 84.8 -5.58143 155.803
      vertex 84.8 -5.85 155.928
    endloop
  endfacet
  facet normal 0 0.819438 -0.573168
    outer loop
      vertex 87.8 -6.47224 158.25
      vertex 84.8 -6.30227 158.493
      vertex 87.8 -6.30227 158.493
    endloop
  endfacet
  facet normal 0 0.819438 -0.573168
    outer loop
      vertex 84.8 -6.30227 158.493
      vertex 87.8 -6.47224 158.25
      vertex 84.8 -6.47224 158.25
    endloop
  endfacet
  facet normal 0 0.706211 0.708002
    outer loop
      vertex 87.8 -6.09274 156.098
      vertex 84.8 -6.30227 156.307
      vertex 87.8 -6.30227 156.307
    endloop
  endfacet
  facet normal 0 0.706211 0.708002
    outer loop
      vertex 84.8 -6.30227 156.307
      vertex 87.8 -6.09274 156.098
      vertex 84.8 -6.09274 156.098
    endloop
  endfacet
  facet normal 0 -0.0871251 0.996197
    outer loop
      vertex 84.8 160.095 23.3258
      vertex 87.8 159.8 23.3
      vertex 87.8 160.095 23.3258
    endloop
  endfacet
  facet normal 0 -0.0871251 0.996197
    outer loop
      vertex 87.8 159.8 23.3
      vertex 84.8 160.095 23.3258
      vertex 84.8 159.8 23.3
    endloop
  endfacet
  facet normal 0 -0.0871251 -0.996197
    outer loop
      vertex 84.8 159.8 26.7
      vertex 87.8 160.095 26.6742
      vertex 87.8 159.8 26.7
    endloop
  endfacet
  facet normal -0 -0.0871251 -0.996197
    outer loop
      vertex 87.8 160.095 26.6742
      vertex 84.8 159.8 26.7
      vertex 84.8 160.095 26.6742
    endloop
  endfacet
  facet normal 0 0.996144 0.0877362
    outer loop
      vertex 87.8 158.126 24.7048
      vertex 84.8 158.1 25
      vertex 87.8 158.1 25
    endloop
  endfacet
  facet normal 0 0.996144 0.0877362
    outer loop
      vertex 84.8 158.1 25
      vertex 87.8 158.126 24.7048
      vertex 84.8 158.126 24.7048
    endloop
  endfacet
  facet normal 0 -0.70812 -0.706093
    outer loop
      vertex 84.8 160.893 26.3023
      vertex 87.8 161.102 26.0927
      vertex 87.8 160.893 26.3023
    endloop
  endfacet
  facet normal -0 -0.70812 -0.706093
    outer loop
      vertex 87.8 161.102 26.0927
      vertex 84.8 160.893 26.3023
      vertex 84.8 161.102 26.0927
    endloop
  endfacet
  facet normal 0 -0.906631 -0.421924
    outer loop
      vertex 84.8 161.397 25.5814
      vertex 87.8 161.272 25.85
      vertex 84.8 161.272 25.85
    endloop
  endfacet
  facet normal 0 -0.906631 -0.421924
    outer loop
      vertex 87.8 161.272 25.85
      vertex 84.8 161.397 25.5814
      vertex 87.8 161.397 25.5814
    endloop
  endfacet
  facet normal -0 0.57301 0.819549
    outer loop
      vertex 84.8 158.95 23.5278
      vertex 87.8 158.707 23.6977
      vertex 87.8 158.95 23.5278
    endloop
  endfacet
  facet normal 0 0.57301 0.819549
    outer loop
      vertex 87.8 158.707 23.6977
      vertex 84.8 158.95 23.5278
      vertex 84.8 158.707 23.6977
    endloop
  endfacet
  facet normal 0 -0.259029 0.96587
    outer loop
      vertex 84.8 160.381 23.4025
      vertex 87.8 160.095 23.3258
      vertex 87.8 160.381 23.4025
    endloop
  endfacet
  facet normal 0 -0.259029 0.96587
    outer loop
      vertex 87.8 160.095 23.3258
      vertex 84.8 160.381 23.4025
      vertex 84.8 160.095 23.3258
    endloop
  endfacet
  facet normal 0 -0.57301 0.819549
    outer loop
      vertex 84.8 160.893 23.6977
      vertex 87.8 160.65 23.5278
      vertex 87.8 160.893 23.6977
    endloop
  endfacet
  facet normal 0 -0.57301 0.819549
    outer loop
      vertex 87.8 160.65 23.5278
      vertex 84.8 160.893 23.6977
      vertex 84.8 160.65 23.5278
    endloop
  endfacet
  facet normal 0 -0.965661 0.259804
    outer loop
      vertex 84.8 161.397 24.4186
      vertex 87.8 161.474 24.7048
      vertex 84.8 161.474 24.7048
    endloop
  endfacet
  facet normal 0 -0.965661 0.259804
    outer loop
      vertex 87.8 161.474 24.7048
      vertex 84.8 161.397 24.4186
      vertex 87.8 161.397 24.4186
    endloop
  endfacet
  facet normal 0 -0.819057 0.573711
    outer loop
      vertex 84.8 161.102 23.9073
      vertex 87.8 161.272 24.15
      vertex 84.8 161.272 24.15
    endloop
  endfacet
  facet normal 0 -0.819057 0.573711
    outer loop
      vertex 87.8 161.272 24.15
      vertex 84.8 161.102 23.9073
      vertex 87.8 161.102 23.9073
    endloop
  endfacet
  facet normal 0 -0.42224 -0.906484
    outer loop
      vertex 84.8 160.381 26.5975
      vertex 87.8 160.65 26.4722
      vertex 87.8 160.381 26.5975
    endloop
  endfacet
  facet normal -0 -0.42224 -0.906484
    outer loop
      vertex 87.8 160.65 26.4722
      vertex 84.8 160.381 26.5975
      vertex 84.8 160.65 26.4722
    endloop
  endfacet
  facet normal 0 -0.57301 -0.819549
    outer loop
      vertex 84.8 160.65 26.4722
      vertex 87.8 160.893 26.3023
      vertex 87.8 160.65 26.4722
    endloop
  endfacet
  facet normal -0 -0.57301 -0.819549
    outer loop
      vertex 87.8 160.893 26.3023
      vertex 84.8 160.65 26.4722
      vertex 84.8 160.893 26.3023
    endloop
  endfacet
  facet normal 0 -0.259029 -0.96587
    outer loop
      vertex 84.8 160.095 26.6742
      vertex 87.8 160.381 26.5975
      vertex 87.8 160.095 26.6742
    endloop
  endfacet
  facet normal -0 -0.259029 -0.96587
    outer loop
      vertex 87.8 160.381 26.5975
      vertex 84.8 160.095 26.6742
      vertex 84.8 160.381 26.5975
    endloop
  endfacet
  facet normal 0 -0.819057 -0.573711
    outer loop
      vertex 84.8 161.272 25.85
      vertex 87.8 161.102 26.0927
      vertex 84.8 161.102 26.0927
    endloop
  endfacet
  facet normal 0 -0.819057 -0.573711
    outer loop
      vertex 87.8 161.102 26.0927
      vertex 84.8 161.272 25.85
      vertex 87.8 161.272 25.85
    endloop
  endfacet
  facet normal 0 -0.965661 -0.259804
    outer loop
      vertex 84.8 161.474 25.2952
      vertex 87.8 161.397 25.5814
      vertex 84.8 161.397 25.5814
    endloop
  endfacet
  facet normal 0 -0.965661 -0.259804
    outer loop
      vertex 87.8 161.397 25.5814
      vertex 84.8 161.474 25.2952
      vertex 87.8 161.474 25.2952
    endloop
  endfacet
  facet normal 0 -0.42224 0.906484
    outer loop
      vertex 84.8 160.65 23.5278
      vertex 87.8 160.381 23.4025
      vertex 87.8 160.65 23.5278
    endloop
  endfacet
  facet normal 0 -0.42224 0.906484
    outer loop
      vertex 87.8 160.381 23.4025
      vertex 84.8 160.65 23.5278
      vertex 84.8 160.381 23.4025
    endloop
  endfacet
  facet normal 0 -0.70812 0.706093
    outer loop
      vertex 84.8 161.102 23.9073
      vertex 87.8 160.893 23.6977
      vertex 87.8 161.102 23.9073
    endloop
  endfacet
  facet normal 0 -0.70812 0.706093
    outer loop
      vertex 87.8 160.893 23.6977
      vertex 84.8 161.102 23.9073
      vertex 84.8 160.893 23.6977
    endloop
  endfacet
  facet normal 0 -0.996144 0.0877362
    outer loop
      vertex 84.8 161.474 24.7048
      vertex 87.8 161.5 25
      vertex 84.8 161.5 25
    endloop
  endfacet
  facet normal 0 -0.996144 0.0877362
    outer loop
      vertex 87.8 161.5 25
      vertex 84.8 161.474 24.7048
      vertex 87.8 161.474 24.7048
    endloop
  endfacet
  facet normal 0 -0.906631 0.421924
    outer loop
      vertex 84.8 161.272 24.15
      vertex 87.8 161.397 24.4186
      vertex 84.8 161.397 24.4186
    endloop
  endfacet
  facet normal 0 -0.906631 0.421924
    outer loop
      vertex 87.8 161.397 24.4186
      vertex 84.8 161.272 24.15
      vertex 87.8 161.272 24.15
    endloop
  endfacet
  facet normal 0 -0.996144 -0.0877362
    outer loop
      vertex 84.8 161.5 25
      vertex 87.8 161.474 25.2952
      vertex 84.8 161.474 25.2952
    endloop
  endfacet
  facet normal 0 -0.996144 -0.0877362
    outer loop
      vertex 87.8 161.474 25.2952
      vertex 84.8 161.5 25
      vertex 87.8 161.5 25
    endloop
  endfacet
  facet normal 0 0.965661 0.259804
    outer loop
      vertex 87.8 158.203 24.4186
      vertex 84.8 158.126 24.7048
      vertex 87.8 158.126 24.7048
    endloop
  endfacet
  facet normal 0 0.965661 0.259804
    outer loop
      vertex 84.8 158.126 24.7048
      vertex 87.8 158.203 24.4186
      vertex 84.8 158.203 24.4186
    endloop
  endfacet
  facet normal 0 0.819057 0.573711
    outer loop
      vertex 87.8 158.498 23.9073
      vertex 84.8 158.328 24.15
      vertex 87.8 158.328 24.15
    endloop
  endfacet
  facet normal 0 0.819057 0.573711
    outer loop
      vertex 84.8 158.328 24.15
      vertex 87.8 158.498 23.9073
      vertex 84.8 158.498 23.9073
    endloop
  endfacet
  facet normal 0 0.70812 0.706093
    outer loop
      vertex 87.8 158.707 23.6977
      vertex 84.8 158.498 23.9073
      vertex 87.8 158.498 23.9073
    endloop
  endfacet
  facet normal 0 0.70812 0.706093
    outer loop
      vertex 84.8 158.498 23.9073
      vertex 87.8 158.707 23.6977
      vertex 84.8 158.707 23.6977
    endloop
  endfacet
  facet normal -0 0.42224 0.906484
    outer loop
      vertex 84.8 159.219 23.4025
      vertex 87.8 158.95 23.5278
      vertex 87.8 159.219 23.4025
    endloop
  endfacet
  facet normal 0 0.42224 0.906484
    outer loop
      vertex 87.8 158.95 23.5278
      vertex 84.8 159.219 23.4025
      vertex 84.8 158.95 23.5278
    endloop
  endfacet
  facet normal -0 0.259029 0.96587
    outer loop
      vertex 84.8 159.505 23.3258
      vertex 87.8 159.219 23.4025
      vertex 87.8 159.505 23.3258
    endloop
  endfacet
  facet normal 0 0.259029 0.96587
    outer loop
      vertex 87.8 159.219 23.4025
      vertex 84.8 159.505 23.3258
      vertex 84.8 159.219 23.4025
    endloop
  endfacet
  facet normal 0 0.996144 -0.0877362
    outer loop
      vertex 87.8 158.1 25
      vertex 84.8 158.126 25.2952
      vertex 87.8 158.126 25.2952
    endloop
  endfacet
  facet normal 0 0.996144 -0.0877362
    outer loop
      vertex 84.8 158.126 25.2952
      vertex 87.8 158.1 25
      vertex 84.8 158.1 25
    endloop
  endfacet
  facet normal 0 0.965661 -0.259804
    outer loop
      vertex 87.8 158.126 25.2952
      vertex 84.8 158.203 25.5814
      vertex 87.8 158.203 25.5814
    endloop
  endfacet
  facet normal 0 0.965661 -0.259804
    outer loop
      vertex 84.8 158.203 25.5814
      vertex 87.8 158.126 25.2952
      vertex 84.8 158.126 25.2952
    endloop
  endfacet
  facet normal 0 0.70812 -0.706093
    outer loop
      vertex 87.8 158.498 26.0927
      vertex 84.8 158.707 26.3023
      vertex 87.8 158.707 26.3023
    endloop
  endfacet
  facet normal 0 0.70812 -0.706093
    outer loop
      vertex 84.8 158.707 26.3023
      vertex 87.8 158.498 26.0927
      vertex 84.8 158.498 26.0927
    endloop
  endfacet
  facet normal 0 0.259029 -0.96587
    outer loop
      vertex 84.8 159.219 26.5975
      vertex 87.8 159.505 26.6742
      vertex 87.8 159.219 26.5975
    endloop
  endfacet
  facet normal 0 0.259029 -0.96587
    outer loop
      vertex 87.8 159.505 26.6742
      vertex 84.8 159.219 26.5975
      vertex 84.8 159.505 26.6742
    endloop
  endfacet
  facet normal 0 0.0871251 -0.996197
    outer loop
      vertex 84.8 159.505 26.6742
      vertex 87.8 159.8 26.7
      vertex 87.8 159.505 26.6742
    endloop
  endfacet
  facet normal 0 0.0871251 -0.996197
    outer loop
      vertex 87.8 159.8 26.7
      vertex 84.8 159.505 26.6742
      vertex 84.8 159.8 26.7
    endloop
  endfacet
  facet normal 0 0.906631 0.421924
    outer loop
      vertex 87.8 158.328 24.15
      vertex 84.8 158.203 24.4186
      vertex 87.8 158.203 24.4186
    endloop
  endfacet
  facet normal 0 0.906631 0.421924
    outer loop
      vertex 84.8 158.203 24.4186
      vertex 87.8 158.328 24.15
      vertex 84.8 158.328 24.15
    endloop
  endfacet
  facet normal -0 0.0871251 0.996197
    outer loop
      vertex 84.8 159.8 23.3
      vertex 87.8 159.505 23.3258
      vertex 87.8 159.8 23.3
    endloop
  endfacet
  facet normal 0 0.0871251 0.996197
    outer loop
      vertex 87.8 159.505 23.3258
      vertex 84.8 159.8 23.3
      vertex 84.8 159.505 23.3258
    endloop
  endfacet
  facet normal 0 0.819057 -0.573711
    outer loop
      vertex 87.8 158.328 25.85
      vertex 84.8 158.498 26.0927
      vertex 87.8 158.498 26.0927
    endloop
  endfacet
  facet normal 0 0.819057 -0.573711
    outer loop
      vertex 84.8 158.498 26.0927
      vertex 87.8 158.328 25.85
      vertex 84.8 158.328 25.85
    endloop
  endfacet
  facet normal 0 0.57301 -0.819549
    outer loop
      vertex 84.8 158.707 26.3023
      vertex 87.8 158.95 26.4722
      vertex 87.8 158.707 26.3023
    endloop
  endfacet
  facet normal 0 0.57301 -0.819549
    outer loop
      vertex 87.8 158.95 26.4722
      vertex 84.8 158.707 26.3023
      vertex 84.8 158.95 26.4722
    endloop
  endfacet
  facet normal 0 0.42224 -0.906484
    outer loop
      vertex 84.8 158.95 26.4722
      vertex 87.8 159.219 26.5975
      vertex 87.8 158.95 26.4722
    endloop
  endfacet
  facet normal 0 0.42224 -0.906484
    outer loop
      vertex 87.8 159.219 26.5975
      vertex 84.8 158.95 26.4722
      vertex 84.8 159.219 26.5975
    endloop
  endfacet
  facet normal 0 0.906631 -0.421924
    outer loop
      vertex 87.8 158.203 25.5814
      vertex 84.8 158.328 25.85
      vertex 87.8 158.328 25.85
    endloop
  endfacet
  facet normal 0 0.906631 -0.421924
    outer loop
      vertex 84.8 158.328 25.85
      vertex 87.8 158.203 25.5814
      vertex 84.8 158.203 25.5814
    endloop
  endfacet
  facet normal 0 -0.0871251 0.996197
    outer loop
      vertex 84.8 160.095 84.5258
      vertex 87.8 159.8 84.5
      vertex 87.8 160.095 84.5258
    endloop
  endfacet
  facet normal 0 -0.0871251 0.996197
    outer loop
      vertex 87.8 159.8 84.5
      vertex 84.8 160.095 84.5258
      vertex 84.8 159.8 84.5
    endloop
  endfacet
  facet normal 0 -0.0871251 -0.996197
    outer loop
      vertex 84.8 159.8 87.9
      vertex 87.8 160.095 87.8742
      vertex 87.8 159.8 87.9
    endloop
  endfacet
  facet normal -0 -0.0871251 -0.996197
    outer loop
      vertex 87.8 160.095 87.8742
      vertex 84.8 159.8 87.9
      vertex 84.8 160.095 87.8742
    endloop
  endfacet
  facet normal 0 0.996144 0.0877362
    outer loop
      vertex 87.8 158.126 85.9048
      vertex 84.8 158.1 86.2
      vertex 87.8 158.1 86.2
    endloop
  endfacet
  facet normal 0 0.996144 0.0877362
    outer loop
      vertex 84.8 158.1 86.2
      vertex 87.8 158.126 85.9048
      vertex 84.8 158.126 85.9048
    endloop
  endfacet
  facet normal 0 -0.70812 -0.706093
    outer loop
      vertex 84.8 160.893 87.5023
      vertex 87.8 161.102 87.2927
      vertex 87.8 160.893 87.5023
    endloop
  endfacet
  facet normal -0 -0.70812 -0.706093
    outer loop
      vertex 87.8 161.102 87.2927
      vertex 84.8 160.893 87.5023
      vertex 84.8 161.102 87.2927
    endloop
  endfacet
  facet normal 0 -0.965661 -0.259804
    outer loop
      vertex 84.8 161.474 86.4952
      vertex 87.8 161.397 86.7814
      vertex 84.8 161.397 86.7814
    endloop
  endfacet
  facet normal 0 -0.965661 -0.259804
    outer loop
      vertex 87.8 161.397 86.7814
      vertex 84.8 161.474 86.4952
      vertex 87.8 161.474 86.4952
    endloop
  endfacet
  facet normal -0 0.57301 0.819549
    outer loop
      vertex 84.8 158.95 84.7278
      vertex 87.8 158.707 84.8977
      vertex 87.8 158.95 84.7278
    endloop
  endfacet
  facet normal 0 0.57301 0.819549
    outer loop
      vertex 87.8 158.707 84.8977
      vertex 84.8 158.95 84.7278
      vertex 84.8 158.707 84.8977
    endloop
  endfacet
  facet normal 0 -0.259029 0.96587
    outer loop
      vertex 84.8 160.381 84.6025
      vertex 87.8 160.095 84.5258
      vertex 87.8 160.381 84.6025
    endloop
  endfacet
  facet normal 0 -0.259029 0.96587
    outer loop
      vertex 87.8 160.095 84.5258
      vertex 84.8 160.381 84.6025
      vertex 84.8 160.095 84.5258
    endloop
  endfacet
  facet normal 0 -0.57301 0.819549
    outer loop
      vertex 84.8 160.893 84.8977
      vertex 87.8 160.65 84.7278
      vertex 87.8 160.893 84.8977
    endloop
  endfacet
  facet normal 0 -0.57301 0.819549
    outer loop
      vertex 87.8 160.65 84.7278
      vertex 84.8 160.893 84.8977
      vertex 84.8 160.65 84.7278
    endloop
  endfacet
  facet normal 0 -0.965661 0.259804
    outer loop
      vertex 84.8 161.397 85.6186
      vertex 87.8 161.474 85.9048
      vertex 84.8 161.474 85.9048
    endloop
  endfacet
  facet normal 0 -0.965661 0.259804
    outer loop
      vertex 87.8 161.474 85.9048
      vertex 84.8 161.397 85.6186
      vertex 87.8 161.397 85.6186
    endloop
  endfacet
  facet normal 0 -0.819057 0.573711
    outer loop
      vertex 84.8 161.102 85.1073
      vertex 87.8 161.272 85.35
      vertex 84.8 161.272 85.35
    endloop
  endfacet
  facet normal 0 -0.819057 0.573711
    outer loop
      vertex 87.8 161.272 85.35
      vertex 84.8 161.102 85.1073
      vertex 87.8 161.102 85.1073
    endloop
  endfacet
  facet normal 0 -0.42224 -0.906484
    outer loop
      vertex 84.8 160.381 87.7975
      vertex 87.8 160.65 87.6722
      vertex 87.8 160.381 87.7975
    endloop
  endfacet
  facet normal -0 -0.42224 -0.906484
    outer loop
      vertex 87.8 160.65 87.6722
      vertex 84.8 160.381 87.7975
      vertex 84.8 160.65 87.6722
    endloop
  endfacet
  facet normal 0 -0.57301 -0.819549
    outer loop
      vertex 84.8 160.65 87.6722
      vertex 87.8 160.893 87.5023
      vertex 87.8 160.65 87.6722
    endloop
  endfacet
  facet normal -0 -0.57301 -0.819549
    outer loop
      vertex 87.8 160.893 87.5023
      vertex 84.8 160.65 87.6722
      vertex 84.8 160.893 87.5023
    endloop
  endfacet
  facet normal 0 -0.259029 -0.96587
    outer loop
      vertex 84.8 160.095 87.8742
      vertex 87.8 160.381 87.7975
      vertex 87.8 160.095 87.8742
    endloop
  endfacet
  facet normal -0 -0.259029 -0.96587
    outer loop
      vertex 87.8 160.381 87.7975
      vertex 84.8 160.095 87.8742
      vertex 84.8 160.381 87.7975
    endloop
  endfacet
  facet normal 0 -0.996144 -0.0877362
    outer loop
      vertex 84.8 161.5 86.2
      vertex 87.8 161.474 86.4952
      vertex 84.8 161.474 86.4952
    endloop
  endfacet
  facet normal 0 -0.996144 -0.0877362
    outer loop
      vertex 87.8 161.474 86.4952
      vertex 84.8 161.5 86.2
      vertex 87.8 161.5 86.2
    endloop
  endfacet
  facet normal 0 0.57301 -0.819549
    outer loop
      vertex 84.8 158.707 87.5023
      vertex 87.8 158.95 87.6722
      vertex 87.8 158.707 87.5023
    endloop
  endfacet
  facet normal 0 0.57301 -0.819549
    outer loop
      vertex 87.8 158.95 87.6722
      vertex 84.8 158.707 87.5023
      vertex 84.8 158.95 87.6722
    endloop
  endfacet
  facet normal -0 0.259029 0.96587
    outer loop
      vertex 84.8 159.505 84.5258
      vertex 87.8 159.219 84.6025
      vertex 87.8 159.505 84.5258
    endloop
  endfacet
  facet normal 0 0.259029 0.96587
    outer loop
      vertex 87.8 159.219 84.6025
      vertex 84.8 159.505 84.5258
      vertex 84.8 159.219 84.6025
    endloop
  endfacet
  facet normal 0 -0.42224 0.906484
    outer loop
      vertex 84.8 160.65 84.7278
      vertex 87.8 160.381 84.6025
      vertex 87.8 160.65 84.7278
    endloop
  endfacet
  facet normal 0 -0.42224 0.906484
    outer loop
      vertex 87.8 160.381 84.6025
      vertex 84.8 160.65 84.7278
      vertex 84.8 160.381 84.6025
    endloop
  endfacet
  facet normal 0 -0.70812 0.706093
    outer loop
      vertex 84.8 161.102 85.1073
      vertex 87.8 160.893 84.8977
      vertex 87.8 161.102 85.1073
    endloop
  endfacet
  facet normal 0 -0.70812 0.706093
    outer loop
      vertex 87.8 160.893 84.8977
      vertex 84.8 161.102 85.1073
      vertex 84.8 160.893 84.8977
    endloop
  endfacet
  facet normal 0 -0.996144 0.0877362
    outer loop
      vertex 84.8 161.474 85.9048
      vertex 87.8 161.5 86.2
      vertex 84.8 161.5 86.2
    endloop
  endfacet
  facet normal 0 -0.996144 0.0877362
    outer loop
      vertex 87.8 161.5 86.2
      vertex 84.8 161.474 85.9048
      vertex 87.8 161.474 85.9048
    endloop
  endfacet
  facet normal 0 -0.906631 0.421924
    outer loop
      vertex 84.8 161.272 85.35
      vertex 87.8 161.397 85.6186
      vertex 84.8 161.397 85.6186
    endloop
  endfacet
  facet normal 0 -0.906631 0.421924
    outer loop
      vertex 87.8 161.397 85.6186
      vertex 84.8 161.272 85.35
      vertex 87.8 161.272 85.35
    endloop
  endfacet
  facet normal 0 -0.906631 -0.421924
    outer loop
      vertex 84.8 161.397 86.7814
      vertex 87.8 161.272 87.05
      vertex 84.8 161.272 87.05
    endloop
  endfacet
  facet normal 0 -0.906631 -0.421924
    outer loop
      vertex 87.8 161.272 87.05
      vertex 84.8 161.397 86.7814
      vertex 87.8 161.397 86.7814
    endloop
  endfacet
  facet normal 0 -0.819057 -0.573711
    outer loop
      vertex 84.8 161.272 87.05
      vertex 87.8 161.102 87.2927
      vertex 84.8 161.102 87.2927
    endloop
  endfacet
  facet normal 0 -0.819057 -0.573711
    outer loop
      vertex 87.8 161.102 87.2927
      vertex 84.8 161.272 87.05
      vertex 87.8 161.272 87.05
    endloop
  endfacet
  facet normal -0 0.0871251 0.996197
    outer loop
      vertex 84.8 159.8 84.5
      vertex 87.8 159.505 84.5258
      vertex 87.8 159.8 84.5
    endloop
  endfacet
  facet normal 0 0.0871251 0.996197
    outer loop
      vertex 87.8 159.505 84.5258
      vertex 84.8 159.8 84.5
      vertex 84.8 159.505 84.5258
    endloop
  endfacet
  facet normal 0 0.259029 -0.96587
    outer loop
      vertex 84.8 159.219 87.7975
      vertex 87.8 159.505 87.8742
      vertex 87.8 159.219 87.7975
    endloop
  endfacet
  facet normal 0 0.259029 -0.96587
    outer loop
      vertex 87.8 159.505 87.8742
      vertex 84.8 159.219 87.7975
      vertex 84.8 159.505 87.8742
    endloop
  endfacet
  facet normal 0 0.965661 0.259804
    outer loop
      vertex 87.8 158.203 85.6186
      vertex 84.8 158.126 85.9048
      vertex 87.8 158.126 85.9048
    endloop
  endfacet
  facet normal 0 0.965661 0.259804
    outer loop
      vertex 84.8 158.126 85.9048
      vertex 87.8 158.203 85.6186
      vertex 84.8 158.203 85.6186
    endloop
  endfacet
  facet normal 0 0.819057 0.573711
    outer loop
      vertex 87.8 158.498 85.1073
      vertex 84.8 158.328 85.35
      vertex 87.8 158.328 85.35
    endloop
  endfacet
  facet normal 0 0.819057 0.573711
    outer loop
      vertex 84.8 158.328 85.35
      vertex 87.8 158.498 85.1073
      vertex 84.8 158.498 85.1073
    endloop
  endfacet
  facet normal -0 0.42224 0.906484
    outer loop
      vertex 84.8 159.219 84.6025
      vertex 87.8 158.95 84.7278
      vertex 87.8 159.219 84.6025
    endloop
  endfacet
  facet normal 0 0.42224 0.906484
    outer loop
      vertex 87.8 158.95 84.7278
      vertex 84.8 159.219 84.6025
      vertex 84.8 158.95 84.7278
    endloop
  endfacet
  facet normal 0 0.996144 -0.0877362
    outer loop
      vertex 87.8 158.1 86.2
      vertex 84.8 158.126 86.4952
      vertex 87.8 158.126 86.4952
    endloop
  endfacet
  facet normal 0 0.996144 -0.0877362
    outer loop
      vertex 84.8 158.126 86.4952
      vertex 87.8 158.1 86.2
      vertex 84.8 158.1 86.2
    endloop
  endfacet
  facet normal 0 0.819057 -0.573711
    outer loop
      vertex 87.8 158.328 87.05
      vertex 84.8 158.498 87.2927
      vertex 87.8 158.498 87.2927
    endloop
  endfacet
  facet normal 0 0.819057 -0.573711
    outer loop
      vertex 84.8 158.498 87.2927
      vertex 87.8 158.328 87.05
      vertex 84.8 158.328 87.05
    endloop
  endfacet
  facet normal 0 0.965661 -0.259804
    outer loop
      vertex 87.8 158.126 86.4952
      vertex 84.8 158.203 86.7814
      vertex 87.8 158.203 86.7814
    endloop
  endfacet
  facet normal 0 0.965661 -0.259804
    outer loop
      vertex 84.8 158.203 86.7814
      vertex 87.8 158.126 86.4952
      vertex 84.8 158.126 86.4952
    endloop
  endfacet
  facet normal 0 0.70812 -0.706093
    outer loop
      vertex 87.8 158.498 87.2927
      vertex 84.8 158.707 87.5023
      vertex 87.8 158.707 87.5023
    endloop
  endfacet
  facet normal 0 0.70812 -0.706093
    outer loop
      vertex 84.8 158.707 87.5023
      vertex 87.8 158.498 87.2927
      vertex 84.8 158.498 87.2927
    endloop
  endfacet
  facet normal 0 0.0871251 -0.996197
    outer loop
      vertex 84.8 159.505 87.8742
      vertex 87.8 159.8 87.9
      vertex 87.8 159.505 87.8742
    endloop
  endfacet
  facet normal 0 0.0871251 -0.996197
    outer loop
      vertex 87.8 159.8 87.9
      vertex 84.8 159.505 87.8742
      vertex 84.8 159.8 87.9
    endloop
  endfacet
  facet normal 0 0.906631 0.421924
    outer loop
      vertex 87.8 158.328 85.35
      vertex 84.8 158.203 85.6186
      vertex 87.8 158.203 85.6186
    endloop
  endfacet
  facet normal 0 0.906631 0.421924
    outer loop
      vertex 84.8 158.203 85.6186
      vertex 87.8 158.328 85.35
      vertex 84.8 158.328 85.35
    endloop
  endfacet
  facet normal 0 0.70812 0.706093
    outer loop
      vertex 87.8 158.707 84.8977
      vertex 84.8 158.498 85.1073
      vertex 87.8 158.498 85.1073
    endloop
  endfacet
  facet normal 0 0.70812 0.706093
    outer loop
      vertex 84.8 158.498 85.1073
      vertex 87.8 158.707 84.8977
      vertex 84.8 158.707 84.8977
    endloop
  endfacet
  facet normal 0 0.906631 -0.421924
    outer loop
      vertex 87.8 158.203 86.7814
      vertex 84.8 158.328 87.05
      vertex 87.8 158.328 87.05
    endloop
  endfacet
  facet normal 0 0.906631 -0.421924
    outer loop
      vertex 84.8 158.328 87.05
      vertex 87.8 158.203 86.7814
      vertex 84.8 158.203 86.7814
    endloop
  endfacet
  facet normal 0 0.42224 -0.906484
    outer loop
      vertex 84.8 158.95 87.6722
      vertex 87.8 159.219 87.7975
      vertex 87.8 158.95 87.6722
    endloop
  endfacet
  facet normal 0 0.42224 -0.906484
    outer loop
      vertex 87.8 159.219 87.7975
      vertex 84.8 158.95 87.6722
      vertex 84.8 159.219 87.7975
    endloop
  endfacet
  facet normal 0 -0.0877953 0.996139
    outer loop
      vertex 84.8 160.095 155.726
      vertex 87.8 159.8 155.7
      vertex 87.8 160.095 155.726
    endloop
  endfacet
  facet normal 0 -0.0877953 0.996139
    outer loop
      vertex 87.8 159.8 155.7
      vertex 84.8 160.095 155.726
      vertex 84.8 159.8 155.7
    endloop
  endfacet
  facet normal 0 -0.0877953 -0.996139
    outer loop
      vertex 84.8 159.8 159.1
      vertex 87.8 160.095 159.074
      vertex 87.8 159.8 159.1
    endloop
  endfacet
  facet normal -0 -0.0877953 -0.996139
    outer loop
      vertex 87.8 160.095 159.074
      vertex 84.8 159.8 159.1
      vertex 84.8 160.095 159.074
    endloop
  endfacet
  facet normal 0 0.996139 0.0877953
    outer loop
      vertex 87.8 158.126 157.105
      vertex 84.8 158.1 157.4
      vertex 87.8 158.1 157.4
    endloop
  endfacet
  facet normal 0 0.996139 0.0877953
    outer loop
      vertex 84.8 158.1 157.4
      vertex 87.8 158.126 157.105
      vertex 84.8 158.126 157.105
    endloop
  endfacet
  facet normal 0 -0.707107 -0.707107
    outer loop
      vertex 84.8 160.893 158.702
      vertex 87.8 161.102 158.493
      vertex 87.8 160.893 158.702
    endloop
  endfacet
  facet normal -0 -0.707107 -0.707107
    outer loop
      vertex 87.8 161.102 158.493
      vertex 84.8 160.893 158.702
      vertex 84.8 161.102 158.493
    endloop
  endfacet
  facet normal 0 -0.965616 -0.259973
    outer loop
      vertex 84.8 161.474 157.695
      vertex 87.8 161.397 157.981
      vertex 84.8 161.397 157.981
    endloop
  endfacet
  facet normal 0 -0.965616 -0.259973
    outer loop
      vertex 87.8 161.397 157.981
      vertex 84.8 161.474 157.695
      vertex 87.8 161.474 157.695
    endloop
  endfacet
  facet normal -0 0.573236 0.81939
    outer loop
      vertex 84.8 158.95 155.928
      vertex 87.8 158.707 156.098
      vertex 87.8 158.95 155.928
    endloop
  endfacet
  facet normal 0 0.573236 0.81939
    outer loop
      vertex 87.8 158.707 156.098
      vertex 84.8 158.95 155.928
      vertex 84.8 158.707 156.098
    endloop
  endfacet
  facet normal 0 -0.259973 0.965616
    outer loop
      vertex 84.8 160.381 155.803
      vertex 87.8 160.095 155.726
      vertex 87.8 160.381 155.803
    endloop
  endfacet
  facet normal 0 -0.259973 0.965616
    outer loop
      vertex 87.8 160.095 155.726
      vertex 84.8 160.381 155.803
      vertex 84.8 160.095 155.726
    endloop
  endfacet
  facet normal 0 -0.573236 0.81939
    outer loop
      vertex 84.8 160.893 156.098
      vertex 87.8 160.65 155.928
      vertex 87.8 160.893 156.098
    endloop
  endfacet
  facet normal 0 -0.573236 0.81939
    outer loop
      vertex 87.8 160.65 155.928
      vertex 84.8 160.893 156.098
      vertex 84.8 160.65 155.928
    endloop
  endfacet
  facet normal 0 -0.965616 0.259973
    outer loop
      vertex 84.8 161.397 156.819
      vertex 87.8 161.474 157.105
      vertex 84.8 161.474 157.105
    endloop
  endfacet
  facet normal 0 -0.965616 0.259973
    outer loop
      vertex 87.8 161.474 157.105
      vertex 84.8 161.397 156.819
      vertex 87.8 161.397 156.819
    endloop
  endfacet
  facet normal 0 -0.81939 0.573236
    outer loop
      vertex 84.8 161.102 156.307
      vertex 87.8 161.272 156.55
      vertex 84.8 161.272 156.55
    endloop
  endfacet
  facet normal 0 -0.81939 0.573236
    outer loop
      vertex 87.8 161.272 156.55
      vertex 84.8 161.102 156.307
      vertex 87.8 161.102 156.307
    endloop
  endfacet
  facet normal 0 -0.421408 -0.906871
    outer loop
      vertex 84.8 160.381 158.997
      vertex 87.8 160.65 158.872
      vertex 87.8 160.381 158.997
    endloop
  endfacet
  facet normal -0 -0.421408 -0.906871
    outer loop
      vertex 87.8 160.65 158.872
      vertex 84.8 160.381 158.997
      vertex 84.8 160.65 158.872
    endloop
  endfacet
  facet normal 0 -0.573236 -0.81939
    outer loop
      vertex 84.8 160.65 158.872
      vertex 87.8 160.893 158.702
      vertex 87.8 160.65 158.872
    endloop
  endfacet
  facet normal -0 -0.573236 -0.81939
    outer loop
      vertex 87.8 160.893 158.702
      vertex 84.8 160.65 158.872
      vertex 84.8 160.893 158.702
    endloop
  endfacet
  facet normal 0 -0.259973 -0.965616
    outer loop
      vertex 84.8 160.095 159.074
      vertex 87.8 160.381 158.997
      vertex 87.8 160.095 159.074
    endloop
  endfacet
  facet normal -0 -0.259973 -0.965616
    outer loop
      vertex 87.8 160.381 158.997
      vertex 84.8 160.095 159.074
      vertex 84.8 160.381 158.997
    endloop
  endfacet
  facet normal 0 -0.906871 -0.421408
    outer loop
      vertex 84.8 161.397 157.981
      vertex 87.8 161.272 158.25
      vertex 84.8 161.272 158.25
    endloop
  endfacet
  facet normal 0 -0.906871 -0.421408
    outer loop
      vertex 87.8 161.272 158.25
      vertex 84.8 161.397 157.981
      vertex 87.8 161.397 157.981
    endloop
  endfacet
  facet normal 0 -0.996139 -0.0877953
    outer loop
      vertex 84.8 161.5 157.4
      vertex 87.8 161.474 157.695
      vertex 84.8 161.474 157.695
    endloop
  endfacet
  facet normal 0 -0.996139 -0.0877953
    outer loop
      vertex 87.8 161.474 157.695
      vertex 84.8 161.5 157.4
      vertex 87.8 161.5 157.4
    endloop
  endfacet
  facet normal 0 0.573236 -0.81939
    outer loop
      vertex 84.8 158.707 158.702
      vertex 87.8 158.95 158.872
      vertex 87.8 158.707 158.702
    endloop
  endfacet
  facet normal 0 0.573236 -0.81939
    outer loop
      vertex 87.8 158.95 158.872
      vertex 84.8 158.707 158.702
      vertex 84.8 158.95 158.872
    endloop
  endfacet
  facet normal -0 0.259973 0.965616
    outer loop
      vertex 84.8 159.505 155.726
      vertex 87.8 159.219 155.803
      vertex 87.8 159.505 155.726
    endloop
  endfacet
  facet normal 0 0.259973 0.965616
    outer loop
      vertex 87.8 159.219 155.803
      vertex 84.8 159.505 155.726
      vertex 84.8 159.219 155.803
    endloop
  endfacet
  facet normal 0 -0.421408 0.906871
    outer loop
      vertex 84.8 160.65 155.928
      vertex 87.8 160.381 155.803
      vertex 87.8 160.65 155.928
    endloop
  endfacet
  facet normal 0 -0.421408 0.906871
    outer loop
      vertex 87.8 160.381 155.803
      vertex 84.8 160.65 155.928
      vertex 84.8 160.381 155.803
    endloop
  endfacet
  facet normal 0 -0.707107 0.707107
    outer loop
      vertex 84.8 160.893 156.098
      vertex 87.8 161.102 156.307
      vertex 84.8 161.102 156.307
    endloop
  endfacet
  facet normal 0 -0.707107 0.707107
    outer loop
      vertex 87.8 161.102 156.307
      vertex 84.8 160.893 156.098
      vertex 87.8 160.893 156.098
    endloop
  endfacet
  facet normal 0 -0.996139 0.0877953
    outer loop
      vertex 84.8 161.474 157.105
      vertex 87.8 161.5 157.4
      vertex 84.8 161.5 157.4
    endloop
  endfacet
  facet normal 0 -0.996139 0.0877953
    outer loop
      vertex 87.8 161.5 157.4
      vertex 84.8 161.474 157.105
      vertex 87.8 161.474 157.105
    endloop
  endfacet
  facet normal 0 -0.906871 0.421408
    outer loop
      vertex 84.8 161.272 156.55
      vertex 87.8 161.397 156.819
      vertex 84.8 161.397 156.819
    endloop
  endfacet
  facet normal 0 -0.906871 0.421408
    outer loop
      vertex 87.8 161.397 156.819
      vertex 84.8 161.272 156.55
      vertex 87.8 161.272 156.55
    endloop
  endfacet
  facet normal 0 -0.81939 -0.573236
    outer loop
      vertex 84.8 161.272 158.25
      vertex 87.8 161.102 158.493
      vertex 84.8 161.102 158.493
    endloop
  endfacet
  facet normal 0 -0.81939 -0.573236
    outer loop
      vertex 87.8 161.102 158.493
      vertex 84.8 161.272 158.25
      vertex 87.8 161.272 158.25
    endloop
  endfacet
  facet normal -0 0.0877953 0.996139
    outer loop
      vertex 84.8 159.8 155.7
      vertex 87.8 159.505 155.726
      vertex 87.8 159.8 155.7
    endloop
  endfacet
  facet normal 0 0.0877953 0.996139
    outer loop
      vertex 87.8 159.505 155.726
      vertex 84.8 159.8 155.7
      vertex 84.8 159.505 155.726
    endloop
  endfacet
  facet normal 0 0.259973 -0.965616
    outer loop
      vertex 84.8 159.219 158.997
      vertex 87.8 159.505 159.074
      vertex 87.8 159.219 158.997
    endloop
  endfacet
  facet normal 0 0.259973 -0.965616
    outer loop
      vertex 87.8 159.505 159.074
      vertex 84.8 159.219 158.997
      vertex 84.8 159.505 159.074
    endloop
  endfacet
  facet normal 0 0.965616 0.259973
    outer loop
      vertex 87.8 158.203 156.819
      vertex 84.8 158.126 157.105
      vertex 87.8 158.126 157.105
    endloop
  endfacet
  facet normal 0 0.965616 0.259973
    outer loop
      vertex 84.8 158.126 157.105
      vertex 87.8 158.203 156.819
      vertex 84.8 158.203 156.819
    endloop
  endfacet
  facet normal 0 0.81939 0.573236
    outer loop
      vertex 87.8 158.498 156.307
      vertex 84.8 158.328 156.55
      vertex 87.8 158.328 156.55
    endloop
  endfacet
  facet normal 0 0.81939 0.573236
    outer loop
      vertex 84.8 158.328 156.55
      vertex 87.8 158.498 156.307
      vertex 84.8 158.498 156.307
    endloop
  endfacet
  facet normal -0 0.421408 0.906871
    outer loop
      vertex 84.8 159.219 155.803
      vertex 87.8 158.95 155.928
      vertex 87.8 159.219 155.803
    endloop
  endfacet
  facet normal 0 0.421408 0.906871
    outer loop
      vertex 87.8 158.95 155.928
      vertex 84.8 159.219 155.803
      vertex 84.8 158.95 155.928
    endloop
  endfacet
  facet normal 0 0.996139 -0.0877953
    outer loop
      vertex 87.8 158.1 157.4
      vertex 84.8 158.126 157.695
      vertex 87.8 158.126 157.695
    endloop
  endfacet
  facet normal 0 0.996139 -0.0877953
    outer loop
      vertex 84.8 158.126 157.695
      vertex 87.8 158.1 157.4
      vertex 84.8 158.1 157.4
    endloop
  endfacet
  facet normal 0 0.707107 -0.707107
    outer loop
      vertex 87.8 158.498 158.493
      vertex 84.8 158.707 158.702
      vertex 87.8 158.707 158.702
    endloop
  endfacet
  facet normal 0 0.707107 -0.707107
    outer loop
      vertex 84.8 158.707 158.702
      vertex 87.8 158.498 158.493
      vertex 84.8 158.498 158.493
    endloop
  endfacet
  facet normal 0 0.0877953 -0.996139
    outer loop
      vertex 84.8 159.505 159.074
      vertex 87.8 159.8 159.1
      vertex 87.8 159.505 159.074
    endloop
  endfacet
  facet normal 0 0.0877953 -0.996139
    outer loop
      vertex 87.8 159.8 159.1
      vertex 84.8 159.505 159.074
      vertex 84.8 159.8 159.1
    endloop
  endfacet
  facet normal 0 0.906871 0.421408
    outer loop
      vertex 87.8 158.328 156.55
      vertex 84.8 158.203 156.819
      vertex 87.8 158.203 156.819
    endloop
  endfacet
  facet normal 0 0.906871 0.421408
    outer loop
      vertex 84.8 158.203 156.819
      vertex 87.8 158.328 156.55
      vertex 84.8 158.328 156.55
    endloop
  endfacet
  facet normal 0 0.707107 0.707107
    outer loop
      vertex 87.8 158.707 156.098
      vertex 84.8 158.498 156.307
      vertex 87.8 158.498 156.307
    endloop
  endfacet
  facet normal 0 0.707107 0.707107
    outer loop
      vertex 84.8 158.498 156.307
      vertex 87.8 158.707 156.098
      vertex 84.8 158.707 156.098
    endloop
  endfacet
  facet normal 0 0.965616 -0.259973
    outer loop
      vertex 87.8 158.126 157.695
      vertex 84.8 158.203 157.981
      vertex 87.8 158.203 157.981
    endloop
  endfacet
  facet normal 0 0.965616 -0.259973
    outer loop
      vertex 84.8 158.203 157.981
      vertex 87.8 158.126 157.695
      vertex 84.8 158.126 157.695
    endloop
  endfacet
  facet normal 0 0.81939 -0.573236
    outer loop
      vertex 87.8 158.328 158.25
      vertex 84.8 158.498 158.493
      vertex 87.8 158.498 158.493
    endloop
  endfacet
  facet normal 0 0.81939 -0.573236
    outer loop
      vertex 84.8 158.498 158.493
      vertex 87.8 158.328 158.25
      vertex 84.8 158.328 158.25
    endloop
  endfacet
  facet normal 0 0.421408 -0.906871
    outer loop
      vertex 84.8 158.95 158.872
      vertex 87.8 159.219 158.997
      vertex 87.8 158.95 158.872
    endloop
  endfacet
  facet normal 0 0.421408 -0.906871
    outer loop
      vertex 87.8 159.219 158.997
      vertex 84.8 158.95 158.872
      vertex 84.8 159.219 158.997
    endloop
  endfacet
  facet normal 0 0.906871 -0.421408
    outer loop
      vertex 87.8 158.203 157.981
      vertex 84.8 158.328 158.25
      vertex 87.8 158.328 158.25
    endloop
  endfacet
  facet normal 0 0.906871 -0.421408
    outer loop
      vertex 84.8 158.328 158.25
      vertex 87.8 158.203 157.981
      vertex 84.8 158.203 157.981
    endloop
  endfacet
  facet normal 0 -0.573621 0.819121
    outer loop
      vertex 84.8 40.9927 3.69772
      vertex 87.8 40.75 3.52776
      vertex 87.8 40.9927 3.69772
    endloop
  endfacet
  facet normal 0 -0.573621 0.819121
    outer loop
      vertex 87.8 40.75 3.52776
      vertex 84.8 40.9927 3.69772
      vertex 84.8 40.75 3.52776
    endloop
  endfacet
  facet normal 0 -0.996203 0.0870665
    outer loop
      vertex 84.8 41.5742 4.7048
      vertex 87.8 41.6 5
      vertex 84.8 41.6 5
    endloop
  endfacet
  facet normal 0 -0.996203 0.0870665
    outer loop
      vertex 87.8 41.6 5
      vertex 84.8 41.5742 4.7048
      vertex 87.8 41.5742 4.7048
    endloop
  endfacet
  facet normal 0 -0.965922 0.258834
    outer loop
      vertex 84.8 41.4975 4.41857
      vertex 87.8 41.5742 4.7048
      vertex 84.8 41.5742 4.7048
    endloop
  endfacet
  facet normal 0 -0.965922 0.258834
    outer loop
      vertex 87.8 41.5742 4.7048
      vertex 84.8 41.4975 4.41857
      vertex 87.8 41.4975 4.41857
    endloop
  endfacet
  facet normal 0 -0.906225 -0.422795
    outer loop
      vertex 84.8 41.4975 5.58143
      vertex 87.8 41.3722 5.85
      vertex 84.8 41.3722 5.85
    endloop
  endfacet
  facet normal 0 -0.906225 -0.422795
    outer loop
      vertex 87.8 41.3722 5.85
      vertex 84.8 41.4975 5.58143
      vertex 87.8 41.4975 5.58143
    endloop
  endfacet
  facet normal 0 -0.42259 -0.906321
    outer loop
      vertex 84.8 40.4814 6.59748
      vertex 87.8 40.75 6.47224
      vertex 87.8 40.4814 6.59748
    endloop
  endfacet
  facet normal -0 -0.42259 -0.906321
    outer loop
      vertex 87.8 40.75 6.47224
      vertex 84.8 40.4814 6.59748
      vertex 84.8 40.75 6.47224
    endloop
  endfacet
  facet normal -0 0.087167 0.996194
    outer loop
      vertex 84.8 39.9 3.3
      vertex 87.8 39.6048 3.32583
      vertex 87.8 39.9 3.3
    endloop
  endfacet
  facet normal 0 0.087167 0.996194
    outer loop
      vertex 87.8 39.6048 3.32583
      vertex 84.8 39.9 3.3
      vertex 84.8 39.6048 3.32583
    endloop
  endfacet
  facet normal 0 -0.258828 0.965923
    outer loop
      vertex 84.8 40.4814 3.40252
      vertex 87.8 40.1952 3.32583
      vertex 87.8 40.4814 3.40252
    endloop
  endfacet
  facet normal 0 -0.258828 0.965923
    outer loop
      vertex 87.8 40.1952 3.32583
      vertex 84.8 40.4814 3.40252
      vertex 84.8 40.1952 3.32583
    endloop
  endfacet
  facet normal 0 -0.42259 0.906321
    outer loop
      vertex 84.8 40.75 3.52776
      vertex 87.8 40.4814 3.40252
      vertex 87.8 40.75 3.52776
    endloop
  endfacet
  facet normal 0 -0.42259 0.906321
    outer loop
      vertex 87.8 40.4814 3.40252
      vertex 84.8 40.75 3.52776
      vertex 84.8 40.4814 3.40252
    endloop
  endfacet
  facet normal 0 -0.996203 -0.0870665
    outer loop
      vertex 84.8 41.6 5
      vertex 87.8 41.5742 5.2952
      vertex 84.8 41.5742 5.2952
    endloop
  endfacet
  facet normal 0 -0.996203 -0.0870665
    outer loop
      vertex 87.8 41.5742 5.2952
      vertex 84.8 41.6 5
      vertex 87.8 41.6 5
    endloop
  endfacet
  facet normal 0 -0.906225 0.422795
    outer loop
      vertex 84.8 41.3722 4.15
      vertex 87.8 41.4975 4.41857
      vertex 84.8 41.4975 4.41857
    endloop
  endfacet
  facet normal 0 -0.906225 0.422795
    outer loop
      vertex 87.8 41.4975 4.41857
      vertex 84.8 41.3722 4.15
      vertex 87.8 41.3722 4.15
    endloop
  endfacet
  facet normal 0 -0.087167 -0.996194
    outer loop
      vertex 84.8 39.9 6.7
      vertex 87.8 40.1952 6.67417
      vertex 87.8 39.9 6.7
    endloop
  endfacet
  facet normal -0 -0.087167 -0.996194
    outer loop
      vertex 87.8 40.1952 6.67417
      vertex 84.8 39.9 6.7
      vertex 84.8 40.1952 6.67417
    endloop
  endfacet
  facet normal 0 -0.573644 -0.819105
    outer loop
      vertex 84.8 40.75 6.47224
      vertex 87.8 40.9927 6.30227
      vertex 87.8 40.75 6.47224
    endloop
  endfacet
  facet normal -0 -0.573644 -0.819105
    outer loop
      vertex 87.8 40.9927 6.30227
      vertex 84.8 40.75 6.47224
      vertex 84.8 40.9927 6.30227
    endloop
  endfacet
  facet normal 0 -0.81926 -0.573422
    outer loop
      vertex 84.8 41.3722 5.85
      vertex 87.8 41.2023 6.09274
      vertex 84.8 41.2023 6.09274
    endloop
  endfacet
  facet normal 0 -0.81926 -0.573422
    outer loop
      vertex 87.8 41.2023 6.09274
      vertex 84.8 41.3722 5.85
      vertex 87.8 41.3722 5.85
    endloop
  endfacet
  facet normal 0 -0.965922 -0.258834
    outer loop
      vertex 84.8 41.5742 5.2952
      vertex 87.8 41.4975 5.58143
      vertex 84.8 41.4975 5.58143
    endloop
  endfacet
  facet normal 0 -0.965922 -0.258834
    outer loop
      vertex 87.8 41.4975 5.58143
      vertex 84.8 41.5742 5.2952
      vertex 87.8 41.5742 5.2952
    endloop
  endfacet
  facet normal 0 -0.706989 -0.707225
    outer loop
      vertex 84.8 40.9927 6.30227
      vertex 87.8 41.2023 6.09274
      vertex 87.8 40.9927 6.30227
    endloop
  endfacet
  facet normal -0 -0.706989 -0.707225
    outer loop
      vertex 87.8 41.2023 6.09274
      vertex 84.8 40.9927 6.30227
      vertex 84.8 41.2023 6.09274
    endloop
  endfacet
  facet normal 0 -0.087167 0.996194
    outer loop
      vertex 84.8 40.1952 3.32583
      vertex 87.8 39.9 3.3
      vertex 87.8 40.1952 3.32583
    endloop
  endfacet
  facet normal 0 -0.087167 0.996194
    outer loop
      vertex 87.8 39.9 3.3
      vertex 84.8 40.1952 3.32583
      vertex 84.8 39.9 3.3
    endloop
  endfacet
  facet normal -0 0.258828 0.965923
    outer loop
      vertex 84.8 39.6048 3.32583
      vertex 87.8 39.3186 3.40252
      vertex 87.8 39.6048 3.32583
    endloop
  endfacet
  facet normal 0 0.258828 0.965923
    outer loop
      vertex 87.8 39.3186 3.40252
      vertex 84.8 39.6048 3.32583
      vertex 84.8 39.3186 3.40252
    endloop
  endfacet
  facet normal 0 0.706989 -0.707225
    outer loop
      vertex 87.8 38.5977 6.09274
      vertex 84.8 38.8073 6.30227
      vertex 87.8 38.8073 6.30227
    endloop
  endfacet
  facet normal 0 0.706989 -0.707225
    outer loop
      vertex 84.8 38.8073 6.30227
      vertex 87.8 38.5977 6.09274
      vertex 84.8 38.5977 6.09274
    endloop
  endfacet
  facet normal 0 0.81926 0.573422
    outer loop
      vertex 87.8 38.5977 3.90726
      vertex 84.8 38.4278 4.15
      vertex 87.8 38.4278 4.15
    endloop
  endfacet
  facet normal 0 0.81926 0.573422
    outer loop
      vertex 84.8 38.4278 4.15
      vertex 87.8 38.5977 3.90726
      vertex 84.8 38.5977 3.90726
    endloop
  endfacet
  facet normal 0 -0.707006 0.707208
    outer loop
      vertex 84.8 41.2023 3.90726
      vertex 87.8 40.9927 3.69772
      vertex 87.8 41.2023 3.90726
    endloop
  endfacet
  facet normal 0 -0.707006 0.707208
    outer loop
      vertex 87.8 40.9927 3.69772
      vertex 84.8 41.2023 3.90726
      vertex 84.8 40.9927 3.69772
    endloop
  endfacet
  facet normal 0 -0.81926 0.573422
    outer loop
      vertex 84.8 41.2023 3.90726
      vertex 87.8 41.3722 4.15
      vertex 84.8 41.3722 4.15
    endloop
  endfacet
  facet normal 0 -0.81926 0.573422
    outer loop
      vertex 87.8 41.3722 4.15
      vertex 84.8 41.2023 3.90726
      vertex 87.8 41.2023 3.90726
    endloop
  endfacet
  facet normal 0 -0.258828 -0.965923
    outer loop
      vertex 84.8 40.1952 6.67417
      vertex 87.8 40.4814 6.59748
      vertex 87.8 40.1952 6.67417
    endloop
  endfacet
  facet normal -0 -0.258828 -0.965923
    outer loop
      vertex 87.8 40.4814 6.59748
      vertex 84.8 40.1952 6.67417
      vertex 84.8 40.4814 6.59748
    endloop
  endfacet
  facet normal -0 0.42259 0.906321
    outer loop
      vertex 84.8 39.3186 3.40252
      vertex 87.8 39.05 3.52776
      vertex 87.8 39.3186 3.40252
    endloop
  endfacet
  facet normal 0 0.42259 0.906321
    outer loop
      vertex 87.8 39.05 3.52776
      vertex 84.8 39.3186 3.40252
      vertex 84.8 39.05 3.52776
    endloop
  endfacet
  facet normal 0 0.996203 0.0870665
    outer loop
      vertex 87.8 38.2258 4.7048
      vertex 84.8 38.2 5
      vertex 87.8 38.2 5
    endloop
  endfacet
  facet normal 0 0.996203 0.0870665
    outer loop
      vertex 84.8 38.2 5
      vertex 87.8 38.2258 4.7048
      vertex 84.8 38.2258 4.7048
    endloop
  endfacet
  facet normal 0 0.42259 -0.906321
    outer loop
      vertex 84.8 39.05 6.47224
      vertex 87.8 39.3186 6.59748
      vertex 87.8 39.05 6.47224
    endloop
  endfacet
  facet normal 0 0.42259 -0.906321
    outer loop
      vertex 87.8 39.3186 6.59748
      vertex 84.8 39.05 6.47224
      vertex 84.8 39.3186 6.59748
    endloop
  endfacet
  facet normal 0 0.965922 0.258834
    outer loop
      vertex 87.8 38.3025 4.41857
      vertex 84.8 38.2258 4.7048
      vertex 87.8 38.2258 4.7048
    endloop
  endfacet
  facet normal 0 0.965922 0.258834
    outer loop
      vertex 84.8 38.2258 4.7048
      vertex 87.8 38.3025 4.41857
      vertex 84.8 38.3025 4.41857
    endloop
  endfacet
  facet normal 0 0.906225 0.422795
    outer loop
      vertex 87.8 38.4278 4.15
      vertex 84.8 38.3025 4.41857
      vertex 87.8 38.3025 4.41857
    endloop
  endfacet
  facet normal 0 0.906225 0.422795
    outer loop
      vertex 84.8 38.3025 4.41857
      vertex 87.8 38.4278 4.15
      vertex 84.8 38.4278 4.15
    endloop
  endfacet
  facet normal -0 0.573621 0.819121
    outer loop
      vertex 84.8 39.05 3.52776
      vertex 87.8 38.8073 3.69772
      vertex 87.8 39.05 3.52776
    endloop
  endfacet
  facet normal 0 0.573621 0.819121
    outer loop
      vertex 87.8 38.8073 3.69772
      vertex 84.8 39.05 3.52776
      vertex 84.8 38.8073 3.69772
    endloop
  endfacet
  facet normal 0 0.573644 -0.819105
    outer loop
      vertex 84.8 38.8073 6.30227
      vertex 87.8 39.05 6.47224
      vertex 87.8 38.8073 6.30227
    endloop
  endfacet
  facet normal 0 0.573644 -0.819105
    outer loop
      vertex 87.8 39.05 6.47224
      vertex 84.8 38.8073 6.30227
      vertex 84.8 39.05 6.47224
    endloop
  endfacet
  facet normal 0 0.258828 -0.965923
    outer loop
      vertex 84.8 39.3186 6.59748
      vertex 87.8 39.6048 6.67417
      vertex 87.8 39.3186 6.59748
    endloop
  endfacet
  facet normal 0 0.258828 -0.965923
    outer loop
      vertex 87.8 39.6048 6.67417
      vertex 84.8 39.3186 6.59748
      vertex 84.8 39.6048 6.67417
    endloop
  endfacet
  facet normal 0 0.087167 -0.996194
    outer loop
      vertex 84.8 39.6048 6.67417
      vertex 87.8 39.9 6.7
      vertex 87.8 39.6048 6.67417
    endloop
  endfacet
  facet normal 0 0.087167 -0.996194
    outer loop
      vertex 87.8 39.9 6.7
      vertex 84.8 39.6048 6.67417
      vertex 84.8 39.9 6.7
    endloop
  endfacet
  facet normal 0 0.707006 0.707208
    outer loop
      vertex 87.8 38.8073 3.69772
      vertex 84.8 38.5977 3.90726
      vertex 87.8 38.5977 3.90726
    endloop
  endfacet
  facet normal 0 0.707006 0.707208
    outer loop
      vertex 84.8 38.5977 3.90726
      vertex 87.8 38.8073 3.69772
      vertex 84.8 38.8073 3.69772
    endloop
  endfacet
  facet normal 0 0.906225 -0.422795
    outer loop
      vertex 87.8 38.3025 5.58143
      vertex 84.8 38.4278 5.85
      vertex 87.8 38.4278 5.85
    endloop
  endfacet
  facet normal 0 0.906225 -0.422795
    outer loop
      vertex 84.8 38.4278 5.85
      vertex 87.8 38.3025 5.58143
      vertex 84.8 38.3025 5.58143
    endloop
  endfacet
  facet normal 0 0.81926 -0.573422
    outer loop
      vertex 87.8 38.4278 5.85
      vertex 84.8 38.5977 6.09274
      vertex 87.8 38.5977 6.09274
    endloop
  endfacet
  facet normal 0 0.81926 -0.573422
    outer loop
      vertex 84.8 38.5977 6.09274
      vertex 87.8 38.4278 5.85
      vertex 84.8 38.4278 5.85
    endloop
  endfacet
  facet normal 0 0.965922 -0.258834
    outer loop
      vertex 87.8 38.2258 5.2952
      vertex 84.8 38.3025 5.58143
      vertex 87.8 38.3025 5.58143
    endloop
  endfacet
  facet normal 0 0.965922 -0.258834
    outer loop
      vertex 84.8 38.3025 5.58143
      vertex 87.8 38.2258 5.2952
      vertex 84.8 38.2258 5.2952
    endloop
  endfacet
  facet normal 0 0.996203 -0.0870665
    outer loop
      vertex 87.8 38.2 5
      vertex 84.8 38.2258 5.2952
      vertex 87.8 38.2258 5.2952
    endloop
  endfacet
  facet normal 0 0.996203 -0.0870665
    outer loop
      vertex 84.8 38.2258 5.2952
      vertex 87.8 38.2 5
      vertex 84.8 38.2 5
    endloop
  endfacet
  facet normal 0 -0.0872256 0.996189
    outer loop
      vertex 84.8 115.195 3.32583
      vertex 87.8 114.9 3.3
      vertex 87.8 115.195 3.32583
    endloop
  endfacet
  facet normal 0 -0.0872256 0.996189
    outer loop
      vertex 87.8 114.9 3.3
      vertex 84.8 115.195 3.32583
      vertex 84.8 114.9 3.3
    endloop
  endfacet
  facet normal 0 -0.0872256 -0.996189
    outer loop
      vertex 84.8 114.9 6.7
      vertex 87.8 115.195 6.67417
      vertex 87.8 114.9 6.7
    endloop
  endfacet
  facet normal -0 -0.0872256 -0.996189
    outer loop
      vertex 87.8 115.195 6.67417
      vertex 84.8 114.9 6.7
      vertex 84.8 115.195 6.67417
    endloop
  endfacet
  facet normal 0 -0.996144 -0.0877362
    outer loop
      vertex 84.8 116.6 5
      vertex 87.8 116.574 5.2952
      vertex 84.8 116.574 5.2952
    endloop
  endfacet
  facet normal 0 -0.996144 -0.0877362
    outer loop
      vertex 87.8 116.574 5.2952
      vertex 84.8 116.6 5
      vertex 87.8 116.6 5
    endloop
  endfacet
  facet normal 0 0.996144 0.0877362
    outer loop
      vertex 87.8 113.226 4.7048
      vertex 84.8 113.2 5
      vertex 87.8 113.2 5
    endloop
  endfacet
  facet normal 0 0.996144 0.0877362
    outer loop
      vertex 84.8 113.2 5
      vertex 87.8 113.226 4.7048
      vertex 84.8 113.226 4.7048
    endloop
  endfacet
  facet normal -0 0.573145 0.819454
    outer loop
      vertex 84.8 114.05 3.52776
      vertex 87.8 113.807 3.69772
      vertex 87.8 114.05 3.52776
    endloop
  endfacet
  facet normal 0 0.573145 0.819454
    outer loop
      vertex 87.8 113.807 3.69772
      vertex 84.8 114.05 3.52776
      vertex 84.8 113.807 3.69772
    endloop
  endfacet
  facet normal 0 -0.819102 0.573648
    outer loop
      vertex 84.8 116.202 3.90726
      vertex 87.8 116.372 4.15
      vertex 84.8 116.372 4.15
    endloop
  endfacet
  facet normal 0 -0.819102 0.573648
    outer loop
      vertex 87.8 116.372 4.15
      vertex 84.8 116.202 3.90726
      vertex 87.8 116.202 3.90726
    endloop
  endfacet
  facet normal 0 -0.708002 -0.706211
    outer loop
      vertex 84.8 115.993 6.30227
      vertex 87.8 116.202 6.09274
      vertex 87.8 115.993 6.30227
    endloop
  endfacet
  facet normal -0 -0.708002 -0.706211
    outer loop
      vertex 87.8 116.202 6.09274
      vertex 84.8 115.993 6.30227
      vertex 84.8 116.202 6.09274
    endloop
  endfacet
  facet normal 0 -0.906613 -0.421963
    outer loop
      vertex 84.8 116.497 5.58143
      vertex 87.8 116.372 5.85
      vertex 84.8 116.372 5.85
    endloop
  endfacet
  facet normal 0 -0.906613 -0.421963
    outer loop
      vertex 87.8 116.372 5.85
      vertex 84.8 116.497 5.58143
      vertex 87.8 116.497 5.58143
    endloop
  endfacet
  facet normal 0 -0.258997 0.965878
    outer loop
      vertex 84.8 115.481 3.40252
      vertex 87.8 115.195 3.32583
      vertex 87.8 115.481 3.40252
    endloop
  endfacet
  facet normal 0 -0.258997 0.965878
    outer loop
      vertex 87.8 115.195 3.32583
      vertex 84.8 115.481 3.40252
      vertex 84.8 115.195 3.32583
    endloop
  endfacet
  facet normal 0 -0.573145 0.819454
    outer loop
      vertex 84.8 115.993 3.69772
      vertex 87.8 115.75 3.52776
      vertex 87.8 115.993 3.69772
    endloop
  endfacet
  facet normal 0 -0.573145 0.819454
    outer loop
      vertex 87.8 115.75 3.52776
      vertex 84.8 115.993 3.69772
      vertex 84.8 115.75 3.52776
    endloop
  endfacet
  facet normal 0 -0.996144 0.0877362
    outer loop
      vertex 84.8 116.574 4.7048
      vertex 87.8 116.6 5
      vertex 84.8 116.6 5
    endloop
  endfacet
  facet normal 0 -0.996144 0.0877362
    outer loop
      vertex 87.8 116.6 5
      vertex 84.8 116.574 4.7048
      vertex 87.8 116.574 4.7048
    endloop
  endfacet
  facet normal 0 -0.906613 0.421963
    outer loop
      vertex 84.8 116.372 4.15
      vertex 87.8 116.497 4.41857
      vertex 84.8 116.497 4.41857
    endloop
  endfacet
  facet normal 0 -0.906613 0.421963
    outer loop
      vertex 87.8 116.497 4.41857
      vertex 84.8 116.372 4.15
      vertex 87.8 116.372 4.15
    endloop
  endfacet
  facet normal 0 -0.422074 -0.906562
    outer loop
      vertex 84.8 115.481 6.59748
      vertex 87.8 115.75 6.47224
      vertex 87.8 115.481 6.59748
    endloop
  endfacet
  facet normal -0 -0.422074 -0.906562
    outer loop
      vertex 87.8 115.75 6.47224
      vertex 84.8 115.481 6.59748
      vertex 84.8 115.75 6.47224
    endloop
  endfacet
  facet normal 0 -0.573168 -0.819438
    outer loop
      vertex 84.8 115.75 6.47224
      vertex 87.8 115.993 6.30227
      vertex 87.8 115.75 6.47224
    endloop
  endfacet
  facet normal -0 -0.573168 -0.819438
    outer loop
      vertex 87.8 115.993 6.30227
      vertex 84.8 115.75 6.47224
      vertex 84.8 115.993 6.30227
    endloop
  endfacet
  facet normal 0 -0.258997 -0.965878
    outer loop
      vertex 84.8 115.195 6.67417
      vertex 87.8 115.481 6.59748
      vertex 87.8 115.195 6.67417
    endloop
  endfacet
  facet normal -0 -0.258997 -0.965878
    outer loop
      vertex 87.8 115.481 6.59748
      vertex 84.8 115.195 6.67417
      vertex 84.8 115.481 6.59748
    endloop
  endfacet
  facet normal 0 -0.819102 -0.573648
    outer loop
      vertex 84.8 116.372 5.85
      vertex 87.8 116.202 6.09274
      vertex 84.8 116.202 6.09274
    endloop
  endfacet
  facet normal 0 -0.819102 -0.573648
    outer loop
      vertex 87.8 116.202 6.09274
      vertex 84.8 116.372 5.85
      vertex 87.8 116.372 5.85
    endloop
  endfacet
  facet normal 0 -0.965668 -0.259779
    outer loop
      vertex 84.8 116.574 5.2952
      vertex 87.8 116.497 5.58143
      vertex 84.8 116.497 5.58143
    endloop
  endfacet
  facet normal 0 -0.965668 -0.259779
    outer loop
      vertex 87.8 116.497 5.58143
      vertex 84.8 116.574 5.2952
      vertex 87.8 116.574 5.2952
    endloop
  endfacet
  facet normal -0 0.0872256 0.996189
    outer loop
      vertex 84.8 114.9 3.3
      vertex 87.8 114.605 3.32583
      vertex 87.8 114.9 3.3
    endloop
  endfacet
  facet normal 0 0.0872256 0.996189
    outer loop
      vertex 87.8 114.605 3.32583
      vertex 84.8 114.9 3.3
      vertex 84.8 114.605 3.32583
    endloop
  endfacet
  facet normal 0 0.965668 0.259779
    outer loop
      vertex 87.8 113.303 4.41857
      vertex 84.8 113.226 4.7048
      vertex 87.8 113.226 4.7048
    endloop
  endfacet
  facet normal 0 0.965668 0.259779
    outer loop
      vertex 84.8 113.226 4.7048
      vertex 87.8 113.303 4.41857
      vertex 84.8 113.303 4.41857
    endloop
  endfacet
  facet normal 0 -0.422074 0.906562
    outer loop
      vertex 84.8 115.75 3.52776
      vertex 87.8 115.481 3.40252
      vertex 87.8 115.75 3.52776
    endloop
  endfacet
  facet normal 0 -0.422074 0.906562
    outer loop
      vertex 87.8 115.481 3.40252
      vertex 84.8 115.75 3.52776
      vertex 84.8 115.481 3.40252
    endloop
  endfacet
  facet normal 0 -0.708019 0.706194
    outer loop
      vertex 84.8 116.202 3.90726
      vertex 87.8 115.993 3.69772
      vertex 87.8 116.202 3.90726
    endloop
  endfacet
  facet normal 0 -0.708019 0.706194
    outer loop
      vertex 87.8 115.993 3.69772
      vertex 84.8 116.202 3.90726
      vertex 84.8 115.993 3.69772
    endloop
  endfacet
  facet normal 0 -0.965668 0.259779
    outer loop
      vertex 84.8 116.497 4.41857
      vertex 87.8 116.574 4.7048
      vertex 84.8 116.574 4.7048
    endloop
  endfacet
  facet normal 0 -0.965668 0.259779
    outer loop
      vertex 87.8 116.574 4.7048
      vertex 84.8 116.497 4.41857
      vertex 87.8 116.497 4.41857
    endloop
  endfacet
  facet normal -0 0.422074 0.906562
    outer loop
      vertex 84.8 114.319 3.40252
      vertex 87.8 114.05 3.52776
      vertex 87.8 114.319 3.40252
    endloop
  endfacet
  facet normal 0 0.422074 0.906562
    outer loop
      vertex 87.8 114.05 3.52776
      vertex 84.8 114.319 3.40252
      vertex 84.8 114.05 3.52776
    endloop
  endfacet
  facet normal 0 0.819102 0.573648
    outer loop
      vertex 87.8 113.598 3.90726
      vertex 84.8 113.428 4.15
      vertex 87.8 113.428 4.15
    endloop
  endfacet
  facet normal 0 0.819102 0.573648
    outer loop
      vertex 84.8 113.428 4.15
      vertex 87.8 113.598 3.90726
      vertex 84.8 113.598 3.90726
    endloop
  endfacet
  facet normal 0 0.906613 0.421963
    outer loop
      vertex 87.8 113.428 4.15
      vertex 84.8 113.303 4.41857
      vertex 87.8 113.303 4.41857
    endloop
  endfacet
  facet normal 0 0.906613 0.421963
    outer loop
      vertex 84.8 113.303 4.41857
      vertex 87.8 113.428 4.15
      vertex 84.8 113.428 4.15
    endloop
  endfacet
  facet normal -0 0.258997 0.965878
    outer loop
      vertex 84.8 114.605 3.32583
      vertex 87.8 114.319 3.40252
      vertex 87.8 114.605 3.32583
    endloop
  endfacet
  facet normal 0 0.258997 0.965878
    outer loop
      vertex 87.8 114.319 3.40252
      vertex 84.8 114.605 3.32583
      vertex 84.8 114.319 3.40252
    endloop
  endfacet
  facet normal 0 0.965668 -0.259779
    outer loop
      vertex 87.8 113.226 5.2952
      vertex 84.8 113.303 5.58143
      vertex 87.8 113.303 5.58143
    endloop
  endfacet
  facet normal 0 0.965668 -0.259779
    outer loop
      vertex 84.8 113.303 5.58143
      vertex 87.8 113.226 5.2952
      vertex 84.8 113.226 5.2952
    endloop
  endfacet
  facet normal 0 0.422074 -0.906562
    outer loop
      vertex 84.8 114.05 6.47224
      vertex 87.8 114.319 6.59748
      vertex 87.8 114.05 6.47224
    endloop
  endfacet
  facet normal 0 0.422074 -0.906562
    outer loop
      vertex 87.8 114.319 6.59748
      vertex 84.8 114.05 6.47224
      vertex 84.8 114.319 6.59748
    endloop
  endfacet
  facet normal 0 0.258997 -0.965878
    outer loop
      vertex 84.8 114.319 6.59748
      vertex 87.8 114.605 6.67417
      vertex 87.8 114.319 6.59748
    endloop
  endfacet
  facet normal 0 0.258997 -0.965878
    outer loop
      vertex 87.8 114.605 6.67417
      vertex 84.8 114.319 6.59748
      vertex 84.8 114.605 6.67417
    endloop
  endfacet
  facet normal 0 0.0872256 -0.996189
    outer loop
      vertex 84.8 114.605 6.67417
      vertex 87.8 114.9 6.7
      vertex 87.8 114.605 6.67417
    endloop
  endfacet
  facet normal 0 0.0872256 -0.996189
    outer loop
      vertex 87.8 114.9 6.7
      vertex 84.8 114.605 6.67417
      vertex 84.8 114.9 6.7
    endloop
  endfacet
  facet normal 0 0.708019 0.706194
    outer loop
      vertex 87.8 113.807 3.69772
      vertex 84.8 113.598 3.90726
      vertex 87.8 113.598 3.90726
    endloop
  endfacet
  facet normal 0 0.708019 0.706194
    outer loop
      vertex 84.8 113.598 3.90726
      vertex 87.8 113.807 3.69772
      vertex 84.8 113.807 3.69772
    endloop
  endfacet
  facet normal 0 0.996144 -0.0877362
    outer loop
      vertex 87.8 113.2 5
      vertex 84.8 113.226 5.2952
      vertex 87.8 113.226 5.2952
    endloop
  endfacet
  facet normal 0 0.996144 -0.0877362
    outer loop
      vertex 84.8 113.226 5.2952
      vertex 87.8 113.2 5
      vertex 84.8 113.2 5
    endloop
  endfacet
  facet normal 0 0.906613 -0.421963
    outer loop
      vertex 87.8 113.303 5.58143
      vertex 84.8 113.428 5.85
      vertex 87.8 113.428 5.85
    endloop
  endfacet
  facet normal 0 0.906613 -0.421963
    outer loop
      vertex 84.8 113.428 5.85
      vertex 87.8 113.303 5.58143
      vertex 84.8 113.303 5.58143
    endloop
  endfacet
  facet normal 0 0.708002 -0.706211
    outer loop
      vertex 87.8 113.598 6.09274
      vertex 84.8 113.807 6.30227
      vertex 87.8 113.807 6.30227
    endloop
  endfacet
  facet normal 0 0.708002 -0.706211
    outer loop
      vertex 84.8 113.807 6.30227
      vertex 87.8 113.598 6.09274
      vertex 84.8 113.598 6.09274
    endloop
  endfacet
  facet normal 0 0.573168 -0.819438
    outer loop
      vertex 84.8 113.807 6.30227
      vertex 87.8 114.05 6.47224
      vertex 87.8 113.807 6.30227
    endloop
  endfacet
  facet normal 0 0.573168 -0.819438
    outer loop
      vertex 87.8 114.05 6.47224
      vertex 84.8 113.807 6.30227
      vertex 84.8 114.05 6.47224
    endloop
  endfacet
  facet normal 0 0.819102 -0.573648
    outer loop
      vertex 87.8 113.428 5.85
      vertex 84.8 113.598 6.09274
      vertex 87.8 113.598 6.09274
    endloop
  endfacet
  facet normal 0 0.819102 -0.573648
    outer loop
      vertex 84.8 113.598 6.09274
      vertex 87.8 113.428 5.85
      vertex 84.8 113.428 5.85
    endloop
  endfacet
  facet normal 1 -0 0
    outer loop
      vertex 87.8 -3.40252 85.6186
      vertex 87.8 2.4 10
      vertex 87.8 -3.32583 85.9048
    endloop
  endfacet
  facet normal 1 0 0
    outer loop
      vertex 87.8 2.4 10
      vertex 87.8 -3.32583 25.2952
      vertex 87.8 -3.3 25
    endloop
  endfacet
  facet normal 1 -0 0
    outer loop
      vertex 87.8 -3.40252 25.5814
      vertex 87.8 2.4 10
      vertex 87.8 -3.40252 85.6186
    endloop
  endfacet
  facet normal 1 0 0
    outer loop
      vertex 87.8 2.4 10
      vertex 87.8 -3.40252 25.5814
      vertex 87.8 -3.32583 25.2952
    endloop
  endfacet
  facet normal 1 -0 0
    outer loop
      vertex 87.8 -3.52776 85.35
      vertex 87.8 -3.40252 25.5814
      vertex 87.8 -3.40252 85.6186
    endloop
  endfacet
  facet normal 1 0 0
    outer loop
      vertex 87.8 -3.52776 85.35
      vertex 87.8 -3.52776 25.85
      vertex 87.8 -3.40252 25.5814
    endloop
  endfacet
  facet normal 1 -0 0
    outer loop
      vertex 87.8 -3.69772 85.1073
      vertex 87.8 -3.52776 25.85
      vertex 87.8 -3.52776 85.35
    endloop
  endfacet
  facet normal 1 0 0
    outer loop
      vertex 87.8 -3.69772 85.1073
      vertex 87.8 -3.69772 26.0927
      vertex 87.8 -3.52776 25.85
    endloop
  endfacet
  facet normal 1 -0 0
    outer loop
      vertex 87.8 -3.90726 84.8977
      vertex 87.8 -3.69772 26.0927
      vertex 87.8 -3.69772 85.1073
    endloop
  endfacet
  facet normal 1 0 0
    outer loop
      vertex 87.8 -3.90726 84.8977
      vertex 87.8 -3.90726 26.3023
      vertex 87.8 -3.69772 26.0927
    endloop
  endfacet
  facet normal 1 -0 0
    outer loop
      vertex 87.8 -4.15 84.7278
      vertex 87.8 -3.90726 26.3023
      vertex 87.8 -3.90726 84.8977
    endloop
  endfacet
  facet normal 1 0 0
    outer loop
      vertex 87.8 -4.15 84.7278
      vertex 87.8 -4.15 26.4722
      vertex 87.8 -3.90726 26.3023
    endloop
  endfacet
  facet normal 1 -0 0
    outer loop
      vertex 87.8 -4.41857 84.6025
      vertex 87.8 -4.15 26.4722
      vertex 87.8 -4.15 84.7278
    endloop
  endfacet
  facet normal 1 0 0
    outer loop
      vertex 87.8 -4.41857 84.6025
      vertex 87.8 -4.41857 26.5975
      vertex 87.8 -4.15 26.4722
    endloop
  endfacet
  facet normal 1 -0 0
    outer loop
      vertex 87.8 -4.7048 84.5258
      vertex 87.8 -4.41857 26.5975
      vertex 87.8 -4.41857 84.6025
    endloop
  endfacet
  facet normal 1 0 0
    outer loop
      vertex 87.8 -4.7048 84.5258
      vertex 87.8 -4.7048 26.6742
      vertex 87.8 -4.41857 26.5975
    endloop
  endfacet
  facet normal 1 -0 0
    outer loop
      vertex 87.8 -5 84.5
      vertex 87.8 -4.7048 26.6742
      vertex 87.8 -4.7048 84.5258
    endloop
  endfacet
  facet normal 1 0 0
    outer loop
      vertex 87.8 -5 84.5
      vertex 87.8 -5 26.7
      vertex 87.8 -4.7048 26.6742
    endloop
  endfacet
  facet normal 1 0 0
    outer loop
      vertex 87.8 -5.2952 84.5258
      vertex 87.8 -5 26.7
      vertex 87.8 -5 84.5
    endloop
  endfacet
  facet normal 1 0 0
    outer loop
      vertex 87.8 -5.2952 84.5258
      vertex 87.8 -5.2952 26.6742
      vertex 87.8 -5 26.7
    endloop
  endfacet
  facet normal 1 0 0
    outer loop
      vertex 87.8 -5.58143 84.6025
      vertex 87.8 -5.2952 26.6742
      vertex 87.8 -5.2952 84.5258
    endloop
  endfacet
  facet normal 1 0 0
    outer loop
      vertex 87.8 -5.58143 84.6025
      vertex 87.8 -5.58143 26.5975
      vertex 87.8 -5.2952 26.6742
    endloop
  endfacet
  facet normal 1 0 0
    outer loop
      vertex 87.8 -5.85 84.7278
      vertex 87.8 -5.58143 26.5975
      vertex 87.8 -5.58143 84.6025
    endloop
  endfacet
  facet normal 1 0 0
    outer loop
      vertex 87.8 -5.85 84.7278
      vertex 87.8 -5.85 26.4722
      vertex 87.8 -5.58143 26.5975
    endloop
  endfacet
  facet normal 1 0 0
    outer loop
      vertex 87.8 -6.09274 84.8977
      vertex 87.8 -5.85 26.4722
      vertex 87.8 -5.85 84.7278
    endloop
  endfacet
  facet normal 1 0 0
    outer loop
      vertex 87.8 -6.09274 84.8977
      vertex 87.8 -6.09274 26.3023
      vertex 87.8 -5.85 26.4722
    endloop
  endfacet
  facet normal 1 0 0
    outer loop
      vertex 87.8 -6.30227 85.1073
      vertex 87.8 -6.09274 26.3023
      vertex 87.8 -6.09274 84.8977
    endloop
  endfacet
  facet normal 1 0 0
    outer loop
      vertex 87.8 -6.30227 85.1073
      vertex 87.8 -6.30227 26.0927
      vertex 87.8 -6.09274 26.3023
    endloop
  endfacet
  facet normal 1 0 0
    outer loop
      vertex 87.8 -6.47224 85.35
      vertex 87.8 -6.30227 26.0927
      vertex 87.8 -6.30227 85.1073
    endloop
  endfacet
  facet normal 1 0 0
    outer loop
      vertex 87.8 -6.47224 85.35
      vertex 87.8 -6.47224 25.85
      vertex 87.8 -6.30227 26.0927
    endloop
  endfacet
  facet normal 1 0 0
    outer loop
      vertex 87.8 -6.59748 85.6186
      vertex 87.8 -6.47224 25.85
      vertex 87.8 -6.47224 85.35
    endloop
  endfacet
  facet normal 1 0 0
    outer loop
      vertex 87.8 -6.59748 85.6186
      vertex 87.8 -6.59748 25.5814
      vertex 87.8 -6.47224 25.85
    endloop
  endfacet
  facet normal 1 0 0
    outer loop
      vertex 87.8 -6.67417 85.9048
      vertex 87.8 -6.59748 25.5814
      vertex 87.8 -6.59748 85.6186
    endloop
  endfacet
  facet normal 1 0 0
    outer loop
      vertex 87.8 -6.67417 85.9048
      vertex 87.8 -6.67417 25.2952
      vertex 87.8 -6.59748 25.5814
    endloop
  endfacet
  facet normal 1 0 0
    outer loop
      vertex 87.8 -6.7 86.2
      vertex 87.8 -6.67417 25.2952
      vertex 87.8 -6.67417 85.9048
    endloop
  endfacet
  facet normal 1 0 0
    outer loop
      vertex 87.8 -6.67417 25.2952
      vertex 87.8 -6.7 86.2
      vertex 87.8 -6.7 25
    endloop
  endfacet
  facet normal 1 0 0
    outer loop
      vertex 87.8 -3.40252 156.819
      vertex 87.8 2.4 172.4
      vertex 87.8 -3.32583 157.105
    endloop
  endfacet
  facet normal 1 0 0
    outer loop
      vertex 87.8 2.4 172.4
      vertex 87.8 -3.32583 86.4952
      vertex 87.8 -3.3 86.2
    endloop
  endfacet
  facet normal 1 0 0
    outer loop
      vertex 87.8 -3.40252 86.7814
      vertex 87.8 2.4 172.4
      vertex 87.8 -3.40252 156.819
    endloop
  endfacet
  facet normal 1 0 0
    outer loop
      vertex 87.8 2.4 172.4
      vertex 87.8 -3.40252 86.7814
      vertex 87.8 -3.32583 86.4952
    endloop
  endfacet
  facet normal 1 -0 0
    outer loop
      vertex 87.8 -3.52776 156.55
      vertex 87.8 -3.40252 86.7814
      vertex 87.8 -3.40252 156.819
    endloop
  endfacet
  facet normal 1 0 0
    outer loop
      vertex 87.8 -3.52776 156.55
      vertex 87.8 -3.52776 87.05
      vertex 87.8 -3.40252 86.7814
    endloop
  endfacet
  facet normal 1 -0 0
    outer loop
      vertex 87.8 -3.69772 156.307
      vertex 87.8 -3.52776 87.05
      vertex 87.8 -3.52776 156.55
    endloop
  endfacet
  facet normal 1 0 0
    outer loop
      vertex 87.8 -3.69772 156.307
      vertex 87.8 -3.69772 87.2927
      vertex 87.8 -3.52776 87.05
    endloop
  endfacet
  facet normal 1 -0 0
    outer loop
      vertex 87.8 -3.90726 156.098
      vertex 87.8 -3.69772 87.2927
      vertex 87.8 -3.69772 156.307
    endloop
  endfacet
  facet normal 1 0 0
    outer loop
      vertex 87.8 -3.90726 156.098
      vertex 87.8 -3.90726 87.5023
      vertex 87.8 -3.69772 87.2927
    endloop
  endfacet
  facet normal 1 -0 0
    outer loop
      vertex 87.8 -4.15 155.928
      vertex 87.8 -3.90726 87.5023
      vertex 87.8 -3.90726 156.098
    endloop
  endfacet
  facet normal 1 0 0
    outer loop
      vertex 87.8 -4.15 155.928
      vertex 87.8 -4.15 87.6722
      vertex 87.8 -3.90726 87.5023
    endloop
  endfacet
  facet normal 1 -0 0
    outer loop
      vertex 87.8 -4.41857 155.803
      vertex 87.8 -4.15 87.6722
      vertex 87.8 -4.15 155.928
    endloop
  endfacet
  facet normal 1 0 0
    outer loop
      vertex 87.8 -4.41857 155.803
      vertex 87.8 -4.41857 87.7975
      vertex 87.8 -4.15 87.6722
    endloop
  endfacet
  facet normal 1 -0 0
    outer loop
      vertex 87.8 -4.7048 155.726
      vertex 87.8 -4.41857 87.7975
      vertex 87.8 -4.41857 155.803
    endloop
  endfacet
  facet normal 1 0 0
    outer loop
      vertex 87.8 -4.7048 155.726
      vertex 87.8 -4.7048 87.8742
      vertex 87.8 -4.41857 87.7975
    endloop
  endfacet
  facet normal 1 -0 0
    outer loop
      vertex 87.8 -5 155.7
      vertex 87.8 -4.7048 87.8742
      vertex 87.8 -4.7048 155.726
    endloop
  endfacet
  facet normal 1 0 0
    outer loop
      vertex 87.8 -5 155.7
      vertex 87.8 -5 87.9
      vertex 87.8 -4.7048 87.8742
    endloop
  endfacet
  facet normal 1 0 0
    outer loop
      vertex 87.8 -5.2952 155.726
      vertex 87.8 -5 87.9
      vertex 87.8 -5 155.7
    endloop
  endfacet
  facet normal 1 0 0
    outer loop
      vertex 87.8 -5.2952 155.726
      vertex 87.8 -5.2952 87.8742
      vertex 87.8 -5 87.9
    endloop
  endfacet
  facet normal 1 0 0
    outer loop
      vertex 87.8 -5.58143 155.803
      vertex 87.8 -5.2952 87.8742
      vertex 87.8 -5.2952 155.726
    endloop
  endfacet
  facet normal 1 0 0
    outer loop
      vertex 87.8 -5.58143 155.803
      vertex 87.8 -5.58143 87.7975
      vertex 87.8 -5.2952 87.8742
    endloop
  endfacet
  facet normal 1 0 0
    outer loop
      vertex 87.8 -5.85 155.928
      vertex 87.8 -5.58143 87.7975
      vertex 87.8 -5.58143 155.803
    endloop
  endfacet
  facet normal 1 0 0
    outer loop
      vertex 87.8 -5.85 155.928
      vertex 87.8 -5.85 87.6722
      vertex 87.8 -5.58143 87.7975
    endloop
  endfacet
  facet normal 1 0 0
    outer loop
      vertex 87.8 -6.09274 156.098
      vertex 87.8 -5.85 87.6722
      vertex 87.8 -5.85 155.928
    endloop
  endfacet
  facet normal 1 0 0
    outer loop
      vertex 87.8 -6.09274 156.098
      vertex 87.8 -6.09274 87.5023
      vertex 87.8 -5.85 87.6722
    endloop
  endfacet
  facet normal 1 0 0
    outer loop
      vertex 87.8 -6.30227 156.307
      vertex 87.8 -6.09274 87.5023
      vertex 87.8 -6.09274 156.098
    endloop
  endfacet
  facet normal 1 0 0
    outer loop
      vertex 87.8 -6.30227 156.307
      vertex 87.8 -6.30227 87.2927
      vertex 87.8 -6.09274 87.5023
    endloop
  endfacet
  facet normal 1 0 0
    outer loop
      vertex 87.8 -6.47224 156.55
      vertex 87.8 -6.30227 87.2927
      vertex 87.8 -6.30227 156.307
    endloop
  endfacet
  facet normal 1 0 0
    outer loop
      vertex 87.8 -6.47224 156.55
      vertex 87.8 -6.47224 87.05
      vertex 87.8 -6.30227 87.2927
    endloop
  endfacet
  facet normal 1 0 0
    outer loop
      vertex 87.8 -6.59748 156.819
      vertex 87.8 -6.47224 87.05
      vertex 87.8 -6.47224 156.55
    endloop
  endfacet
  facet normal 1 0 0
    outer loop
      vertex 87.8 -6.59748 156.819
      vertex 87.8 -6.59748 86.7814
      vertex 87.8 -6.47224 87.05
    endloop
  endfacet
  facet normal 1 0 0
    outer loop
      vertex 87.8 -6.67417 157.105
      vertex 87.8 -6.59748 86.7814
      vertex 87.8 -6.59748 156.819
    endloop
  endfacet
  facet normal 1 0 0
    outer loop
      vertex 87.8 -6.67417 157.105
      vertex 87.8 -6.67417 86.4952
      vertex 87.8 -6.59748 86.7814
    endloop
  endfacet
  facet normal 1 0 0
    outer loop
      vertex 87.8 -10 172.4
      vertex 87.8 -6.67417 157.105
      vertex 87.8 -6.7 157.4
    endloop
  endfacet
  facet normal 1 0 0
    outer loop
      vertex 87.8 -6.67417 157.105
      vertex 87.8 -10 172.4
      vertex 87.8 -6.67417 86.4952
    endloop
  endfacet
  facet normal 1 0 0
    outer loop
      vertex 87.8 -3.32583 157.105
      vertex 87.8 2.4 172.4
      vertex 87.8 -3.3 157.4
    endloop
  endfacet
  facet normal 1 0 0
    outer loop
      vertex 87.8 2.4 172.4
      vertex 87.8 -3.32583 157.695
      vertex 87.8 -3.3 157.4
    endloop
  endfacet
  facet normal 1 0 0
    outer loop
      vertex 87.8 2.4 172.4
      vertex 87.8 -3.40252 157.981
      vertex 87.8 -3.32583 157.695
    endloop
  endfacet
  facet normal 1 0 0
    outer loop
      vertex 87.8 2.4 172.4
      vertex 87.8 -3.52776 158.25
      vertex 87.8 -3.40252 157.981
    endloop
  endfacet
  facet normal 1 0 0
    outer loop
      vertex 87.8 2.4 172.4
      vertex 87.8 -3.69772 158.493
      vertex 87.8 -3.52776 158.25
    endloop
  endfacet
  facet normal 1 0 0
    outer loop
      vertex 87.8 2.4 172.4
      vertex 87.8 -3.90726 158.702
      vertex 87.8 -3.69772 158.493
    endloop
  endfacet
  facet normal 1 0 0
    outer loop
      vertex 87.8 2.4 172.4
      vertex 87.8 -4.15 158.872
      vertex 87.8 -3.90726 158.702
    endloop
  endfacet
  facet normal 1 0 0
    outer loop
      vertex 87.8 2.4 172.4
      vertex 87.8 -4.41857 158.997
      vertex 87.8 -4.15 158.872
    endloop
  endfacet
  facet normal 1 0 0
    outer loop
      vertex 87.8 2.4 172.4
      vertex 87.8 -4.7048 159.074
      vertex 87.8 -4.41857 158.997
    endloop
  endfacet
  facet normal 1 -0 0
    outer loop
      vertex 87.8 -10 172.4
      vertex 87.8 -4.7048 159.074
      vertex 87.8 2.4 172.4
    endloop
  endfacet
  facet normal 1 0 0
    outer loop
      vertex 87.8 -4.7048 159.074
      vertex 87.8 -10 172.4
      vertex 87.8 -5 159.1
    endloop
  endfacet
  facet normal 1 0 0
    outer loop
      vertex 87.8 -5 159.1
      vertex 87.8 -10 172.4
      vertex 87.8 -5.2952 159.074
    endloop
  endfacet
  facet normal 1 0 0
    outer loop
      vertex 87.8 -5.2952 159.074
      vertex 87.8 -10 172.4
      vertex 87.8 -5.58143 158.997
    endloop
  endfacet
  facet normal 1 0 0
    outer loop
      vertex 87.8 -5.58143 158.997
      vertex 87.8 -10 172.4
      vertex 87.8 -5.85 158.872
    endloop
  endfacet
  facet normal 1 0 0
    outer loop
      vertex 87.8 -5.85 158.872
      vertex 87.8 -10 172.4
      vertex 87.8 -6.09274 158.702
    endloop
  endfacet
  facet normal 1 0 0
    outer loop
      vertex 87.8 -6.09274 158.702
      vertex 87.8 -10 172.4
      vertex 87.8 -6.30227 158.493
    endloop
  endfacet
  facet normal 1 0 0
    outer loop
      vertex 87.8 -6.67417 86.4952
      vertex 87.8 -10 172.4
      vertex 87.8 -6.7 86.2
    endloop
  endfacet
  facet normal 1 0 0
    outer loop
      vertex 87.8 -10 0
      vertex 87.8 -6.7 86.2
      vertex 87.8 -10 172.4
    endloop
  endfacet
  facet normal 1 0 0
    outer loop
      vertex 87.8 -6.67417 157.695
      vertex 87.8 -10 172.4
      vertex 87.8 -6.7 157.4
    endloop
  endfacet
  facet normal 1 0 0
    outer loop
      vertex 87.8 -6.59748 157.981
      vertex 87.8 -10 172.4
      vertex 87.8 -6.67417 157.695
    endloop
  endfacet
  facet normal 1 0 0
    outer loop
      vertex 87.8 -6.47224 158.25
      vertex 87.8 -10 172.4
      vertex 87.8 -6.59748 157.981
    endloop
  endfacet
  facet normal 1 0 0
    outer loop
      vertex 87.8 -6.30227 158.493
      vertex 87.8 -10 172.4
      vertex 87.8 -6.47224 158.25
    endloop
  endfacet
  facet normal 1 0 0
    outer loop
      vertex 87.8 152.4 10
      vertex 87.8 116.574 5.2952
      vertex 87.8 116.6 5
    endloop
  endfacet
  facet normal 1 0 0
    outer loop
      vertex 87.8 152.4 10
      vertex 87.8 116.497 5.58143
      vertex 87.8 116.574 5.2952
    endloop
  endfacet
  facet normal 1 0 0
    outer loop
      vertex 87.8 152.4 10
      vertex 87.8 116.372 5.85
      vertex 87.8 116.497 5.58143
    endloop
  endfacet
  facet normal 1 0 0
    outer loop
      vertex 87.8 152.4 10
      vertex 87.8 116.202 6.09274
      vertex 87.8 116.372 5.85
    endloop
  endfacet
  facet normal 1 0 0
    outer loop
      vertex 87.8 152.4 10
      vertex 87.8 115.993 6.30227
      vertex 87.8 116.202 6.09274
    endloop
  endfacet
  facet normal 1 0 0
    outer loop
      vertex 87.8 152.4 10
      vertex 87.8 115.75 6.47224
      vertex 87.8 115.993 6.30227
    endloop
  endfacet
  facet normal 1 0 0
    outer loop
      vertex 87.8 152.4 10
      vertex 87.8 115.481 6.59748
      vertex 87.8 115.75 6.47224
    endloop
  endfacet
  facet normal 1 0 0
    outer loop
      vertex 87.8 152.4 10
      vertex 87.8 115.195 6.67417
      vertex 87.8 115.481 6.59748
    endloop
  endfacet
  facet normal 1 0 0
    outer loop
      vertex 87.8 152.4 10
      vertex 87.8 114.9 6.7
      vertex 87.8 115.195 6.67417
    endloop
  endfacet
  facet normal 1 0 0
    outer loop
      vertex 87.8 39.9 6.7
      vertex 87.8 114.9 6.7
      vertex 87.8 152.4 10
    endloop
  endfacet
  facet normal 1 0 0
    outer loop
      vertex 87.8 113.226 5.2952
      vertex 87.8 41.6 5
      vertex 87.8 113.2 5
    endloop
  endfacet
  facet normal 1 0 0
    outer loop
      vertex 87.8 41.5742 5.2952
      vertex 87.8 113.226 5.2952
      vertex 87.8 113.303 5.58143
    endloop
  endfacet
  facet normal 1 0 0
    outer loop
      vertex 87.8 41.4975 5.58143
      vertex 87.8 113.303 5.58143
      vertex 87.8 113.428 5.85
    endloop
  endfacet
  facet normal 1 0 0
    outer loop
      vertex 87.8 41.3722 5.85
      vertex 87.8 113.428 5.85
      vertex 87.8 113.598 6.09274
    endloop
  endfacet
  facet normal 1 0 0
    outer loop
      vertex 87.8 41.2023 6.09274
      vertex 87.8 113.598 6.09274
      vertex 87.8 113.807 6.30227
    endloop
  endfacet
  facet normal 1 0 0
    outer loop
      vertex 87.8 40.9927 6.30227
      vertex 87.8 113.807 6.30227
      vertex 87.8 114.05 6.47224
    endloop
  endfacet
  facet normal 1 0 0
    outer loop
      vertex 87.8 40.75 6.47224
      vertex 87.8 114.05 6.47224
      vertex 87.8 114.319 6.59748
    endloop
  endfacet
  facet normal 1 0 0
    outer loop
      vertex 87.8 40.4814 6.59748
      vertex 87.8 114.319 6.59748
      vertex 87.8 114.605 6.67417
    endloop
  endfacet
  facet normal 1 0 0
    outer loop
      vertex 87.8 114.9 6.7
      vertex 87.8 39.9 6.7
      vertex 87.8 114.605 6.67417
    endloop
  endfacet
  facet normal 1 0 0
    outer loop
      vertex 87.8 113.226 5.2952
      vertex 87.8 41.5742 5.2952
      vertex 87.8 41.6 5
    endloop
  endfacet
  facet normal 1 0 0
    outer loop
      vertex 87.8 113.303 5.58143
      vertex 87.8 41.4975 5.58143
      vertex 87.8 41.5742 5.2952
    endloop
  endfacet
  facet normal 1 0 0
    outer loop
      vertex 87.8 113.428 5.85
      vertex 87.8 41.3722 5.85
      vertex 87.8 41.4975 5.58143
    endloop
  endfacet
  facet normal 1 0 0
    outer loop
      vertex 87.8 113.598 6.09274
      vertex 87.8 41.2023 6.09274
      vertex 87.8 41.3722 5.85
    endloop
  endfacet
  facet normal 1 0 0
    outer loop
      vertex 87.8 113.807 6.30227
      vertex 87.8 40.9927 6.30227
      vertex 87.8 41.2023 6.09274
    endloop
  endfacet
  facet normal 1 0 0
    outer loop
      vertex 87.8 114.05 6.47224
      vertex 87.8 40.75 6.47224
      vertex 87.8 40.9927 6.30227
    endloop
  endfacet
  facet normal 1 0 0
    outer loop
      vertex 87.8 114.319 6.59748
      vertex 87.8 40.4814 6.59748
      vertex 87.8 40.75 6.47224
    endloop
  endfacet
  facet normal 1 0 0
    outer loop
      vertex 87.8 114.605 6.67417
      vertex 87.8 40.1952 6.67417
      vertex 87.8 40.4814 6.59748
    endloop
  endfacet
  facet normal 1 0 0
    outer loop
      vertex 87.8 114.605 6.67417
      vertex 87.8 39.9 6.7
      vertex 87.8 40.1952 6.67417
    endloop
  endfacet
  facet normal 1 0 0
    outer loop
      vertex 87.8 38.2258 5.2952
      vertex 87.8 2.4 10
      vertex 87.8 38.2 5
    endloop
  endfacet
  facet normal 1 0 0
    outer loop
      vertex 87.8 38.3025 5.58143
      vertex 87.8 2.4 10
      vertex 87.8 38.2258 5.2952
    endloop
  endfacet
  facet normal 1 0 0
    outer loop
      vertex 87.8 38.4278 5.85
      vertex 87.8 2.4 10
      vertex 87.8 38.3025 5.58143
    endloop
  endfacet
  facet normal 1 0 0
    outer loop
      vertex 87.8 38.5977 6.09274
      vertex 87.8 2.4 10
      vertex 87.8 38.4278 5.85
    endloop
  endfacet
  facet normal 1 0 0
    outer loop
      vertex 87.8 38.8073 6.30227
      vertex 87.8 2.4 10
      vertex 87.8 38.5977 6.09274
    endloop
  endfacet
  facet normal 1 0 0
    outer loop
      vertex 87.8 39.05 6.47224
      vertex 87.8 2.4 10
      vertex 87.8 38.8073 6.30227
    endloop
  endfacet
  facet normal 1 0 0
    outer loop
      vertex 87.8 39.3186 6.59748
      vertex 87.8 2.4 10
      vertex 87.8 39.05 6.47224
    endloop
  endfacet
  facet normal 1 0 0
    outer loop
      vertex 87.8 39.6048 6.67417
      vertex 87.8 2.4 10
      vertex 87.8 39.3186 6.59748
    endloop
  endfacet
  facet normal 1 0 0
    outer loop
      vertex 87.8 39.9 6.7
      vertex 87.8 2.4 10
      vertex 87.8 39.6048 6.67417
    endloop
  endfacet
  facet normal 1 -0 0
    outer loop
      vertex 87.8 2.4 10
      vertex 87.8 39.9 6.7
      vertex 87.8 152.4 10
    endloop
  endfacet
  facet normal 1 -0 0
    outer loop
      vertex 87.8 161.474 85.9048
      vertex 87.8 161.5 25
      vertex 87.8 161.5 86.2
    endloop
  endfacet
  facet normal 1 0 0
    outer loop
      vertex 87.8 161.474 85.9048
      vertex 87.8 161.474 25.2952
      vertex 87.8 161.5 25
    endloop
  endfacet
  facet normal 1 -0 0
    outer loop
      vertex 87.8 161.397 85.6186
      vertex 87.8 161.474 25.2952
      vertex 87.8 161.474 85.9048
    endloop
  endfacet
  facet normal 1 0 0
    outer loop
      vertex 87.8 161.397 85.6186
      vertex 87.8 161.397 25.5814
      vertex 87.8 161.474 25.2952
    endloop
  endfacet
  facet normal 1 -0 0
    outer loop
      vertex 87.8 161.272 85.35
      vertex 87.8 161.397 25.5814
      vertex 87.8 161.397 85.6186
    endloop
  endfacet
  facet normal 1 0 0
    outer loop
      vertex 87.8 161.272 85.35
      vertex 87.8 161.272 25.85
      vertex 87.8 161.397 25.5814
    endloop
  endfacet
  facet normal 1 -0 0
    outer loop
      vertex 87.8 161.102 85.1073
      vertex 87.8 161.272 25.85
      vertex 87.8 161.272 85.35
    endloop
  endfacet
  facet normal 1 0 0
    outer loop
      vertex 87.8 161.102 85.1073
      vertex 87.8 161.102 26.0927
      vertex 87.8 161.272 25.85
    endloop
  endfacet
  facet normal 1 -0 0
    outer loop
      vertex 87.8 160.893 84.8977
      vertex 87.8 161.102 26.0927
      vertex 87.8 161.102 85.1073
    endloop
  endfacet
  facet normal 1 0 0
    outer loop
      vertex 87.8 160.893 84.8977
      vertex 87.8 160.893 26.3023
      vertex 87.8 161.102 26.0927
    endloop
  endfacet
  facet normal 1 -0 0
    outer loop
      vertex 87.8 160.65 84.7278
      vertex 87.8 160.893 26.3023
      vertex 87.8 160.893 84.8977
    endloop
  endfacet
  facet normal 1 0 0
    outer loop
      vertex 87.8 160.65 84.7278
      vertex 87.8 160.65 26.4722
      vertex 87.8 160.893 26.3023
    endloop
  endfacet
  facet normal 1 -0 0
    outer loop
      vertex 87.8 160.381 84.6025
      vertex 87.8 160.65 26.4722
      vertex 87.8 160.65 84.7278
    endloop
  endfacet
  facet normal 1 0 0
    outer loop
      vertex 87.8 160.381 84.6025
      vertex 87.8 160.381 26.5975
      vertex 87.8 160.65 26.4722
    endloop
  endfacet
  facet normal 1 -0 0
    outer loop
      vertex 87.8 160.095 84.5258
      vertex 87.8 160.381 26.5975
      vertex 87.8 160.381 84.6025
    endloop
  endfacet
  facet normal 1 0 0
    outer loop
      vertex 87.8 160.095 84.5258
      vertex 87.8 160.095 26.6742
      vertex 87.8 160.381 26.5975
    endloop
  endfacet
  facet normal 1 -0 0
    outer loop
      vertex 87.8 159.8 84.5
      vertex 87.8 160.095 26.6742
      vertex 87.8 160.095 84.5258
    endloop
  endfacet
  facet normal 1 0 0
    outer loop
      vertex 87.8 159.8 84.5
      vertex 87.8 159.8 26.7
      vertex 87.8 160.095 26.6742
    endloop
  endfacet
  facet normal 1 0 0
    outer loop
      vertex 87.8 159.505 84.5258
      vertex 87.8 159.8 26.7
      vertex 87.8 159.8 84.5
    endloop
  endfacet
  facet normal 1 0 0
    outer loop
      vertex 87.8 159.505 84.5258
      vertex 87.8 159.505 26.6742
      vertex 87.8 159.8 26.7
    endloop
  endfacet
  facet normal 1 0 0
    outer loop
      vertex 87.8 159.219 84.6025
      vertex 87.8 159.505 26.6742
      vertex 87.8 159.505 84.5258
    endloop
  endfacet
  facet normal 1 0 0
    outer loop
      vertex 87.8 159.219 84.6025
      vertex 87.8 159.219 26.5975
      vertex 87.8 159.505 26.6742
    endloop
  endfacet
  facet normal 1 0 0
    outer loop
      vertex 87.8 158.95 84.7278
      vertex 87.8 159.219 26.5975
      vertex 87.8 159.219 84.6025
    endloop
  endfacet
  facet normal 1 0 0
    outer loop
      vertex 87.8 158.95 84.7278
      vertex 87.8 158.95 26.4722
      vertex 87.8 159.219 26.5975
    endloop
  endfacet
  facet normal 1 0 0
    outer loop
      vertex 87.8 158.707 84.8977
      vertex 87.8 158.95 26.4722
      vertex 87.8 158.95 84.7278
    endloop
  endfacet
  facet normal 1 0 0
    outer loop
      vertex 87.8 158.707 84.8977
      vertex 87.8 158.707 26.3023
      vertex 87.8 158.95 26.4722
    endloop
  endfacet
  facet normal 1 0 0
    outer loop
      vertex 87.8 158.498 85.1073
      vertex 87.8 158.707 26.3023
      vertex 87.8 158.707 84.8977
    endloop
  endfacet
  facet normal 1 0 0
    outer loop
      vertex 87.8 158.498 85.1073
      vertex 87.8 158.498 26.0927
      vertex 87.8 158.707 26.3023
    endloop
  endfacet
  facet normal 1 0 0
    outer loop
      vertex 87.8 158.328 85.35
      vertex 87.8 158.498 26.0927
      vertex 87.8 158.498 85.1073
    endloop
  endfacet
  facet normal 1 0 0
    outer loop
      vertex 87.8 158.328 85.35
      vertex 87.8 158.328 25.85
      vertex 87.8 158.498 26.0927
    endloop
  endfacet
  facet normal 1 0 0
    outer loop
      vertex 87.8 158.203 85.6186
      vertex 87.8 158.328 25.85
      vertex 87.8 158.328 85.35
    endloop
  endfacet
  facet normal 1 0 0
    outer loop
      vertex 87.8 158.203 85.6186
      vertex 87.8 158.203 25.5814
      vertex 87.8 158.328 25.85
    endloop
  endfacet
  facet normal 1 0 0
    outer loop
      vertex 87.8 152.4 10
      vertex 87.8 158.203 85.6186
      vertex 87.8 158.126 85.9048
    endloop
  endfacet
  facet normal 1 0 0
    outer loop
      vertex 87.8 158.203 85.6186
      vertex 87.8 152.4 10
      vertex 87.8 158.203 25.5814
    endloop
  endfacet
  facet normal 1 0 0
    outer loop
      vertex 87.8 152.4 10
      vertex 87.8 158.126 85.9048
      vertex 87.8 158.1 86.2
    endloop
  endfacet
  facet normal 1 0 0
    outer loop
      vertex 87.8 158.203 25.5814
      vertex 87.8 152.4 10
      vertex 87.8 158.126 25.2952
    endloop
  endfacet
  facet normal 1 0 0
    outer loop
      vertex 87.8 161.474 86.4952
      vertex 87.8 164.8 172.4
      vertex 87.8 161.474 157.105
    endloop
  endfacet
  facet normal 1 0 0
    outer loop
      vertex 87.8 164.8 172.4
      vertex 87.8 161.474 86.4952
      vertex 87.8 161.5 86.2
    endloop
  endfacet
  facet normal 1 -0 0
    outer loop
      vertex 87.8 161.397 156.819
      vertex 87.8 161.474 86.4952
      vertex 87.8 161.474 157.105
    endloop
  endfacet
  facet normal 1 0 0
    outer loop
      vertex 87.8 161.397 156.819
      vertex 87.8 161.397 86.7814
      vertex 87.8 161.474 86.4952
    endloop
  endfacet
  facet normal 1 -0 0
    outer loop
      vertex 87.8 161.272 156.55
      vertex 87.8 161.397 86.7814
      vertex 87.8 161.397 156.819
    endloop
  endfacet
  facet normal 1 0 0
    outer loop
      vertex 87.8 161.272 156.55
      vertex 87.8 161.272 87.05
      vertex 87.8 161.397 86.7814
    endloop
  endfacet
  facet normal 1 -0 0
    outer loop
      vertex 87.8 161.102 156.307
      vertex 87.8 161.272 87.05
      vertex 87.8 161.272 156.55
    endloop
  endfacet
  facet normal 1 0 0
    outer loop
      vertex 87.8 161.102 156.307
      vertex 87.8 161.102 87.2927
      vertex 87.8 161.272 87.05
    endloop
  endfacet
  facet normal 1 -0 0
    outer loop
      vertex 87.8 160.893 156.098
      vertex 87.8 161.102 87.2927
      vertex 87.8 161.102 156.307
    endloop
  endfacet
  facet normal 1 0 0
    outer loop
      vertex 87.8 160.893 156.098
      vertex 87.8 160.893 87.5023
      vertex 87.8 161.102 87.2927
    endloop
  endfacet
  facet normal 1 -0 0
    outer loop
      vertex 87.8 160.65 155.928
      vertex 87.8 160.893 87.5023
      vertex 87.8 160.893 156.098
    endloop
  endfacet
  facet normal 1 0 0
    outer loop
      vertex 87.8 160.65 155.928
      vertex 87.8 160.65 87.6722
      vertex 87.8 160.893 87.5023
    endloop
  endfacet
  facet normal 1 -0 0
    outer loop
      vertex 87.8 160.381 155.803
      vertex 87.8 160.65 87.6722
      vertex 87.8 160.65 155.928
    endloop
  endfacet
  facet normal 1 0 0
    outer loop
      vertex 87.8 160.381 155.803
      vertex 87.8 160.381 87.7975
      vertex 87.8 160.65 87.6722
    endloop
  endfacet
  facet normal 1 -0 0
    outer loop
      vertex 87.8 160.095 155.726
      vertex 87.8 160.381 87.7975
      vertex 87.8 160.381 155.803
    endloop
  endfacet
  facet normal 1 0 0
    outer loop
      vertex 87.8 160.095 155.726
      vertex 87.8 160.095 87.8742
      vertex 87.8 160.381 87.7975
    endloop
  endfacet
  facet normal 1 -0 0
    outer loop
      vertex 87.8 159.8 155.7
      vertex 87.8 160.095 87.8742
      vertex 87.8 160.095 155.726
    endloop
  endfacet
  facet normal 1 0 0
    outer loop
      vertex 87.8 159.8 155.7
      vertex 87.8 159.8 87.9
      vertex 87.8 160.095 87.8742
    endloop
  endfacet
  facet normal 1 0 0
    outer loop
      vertex 87.8 159.505 155.726
      vertex 87.8 159.8 87.9
      vertex 87.8 159.8 155.7
    endloop
  endfacet
  facet normal 1 0 0
    outer loop
      vertex 87.8 159.505 155.726
      vertex 87.8 159.505 87.8742
      vertex 87.8 159.8 87.9
    endloop
  endfacet
  facet normal 1 0 0
    outer loop
      vertex 87.8 159.219 155.803
      vertex 87.8 159.505 87.8742
      vertex 87.8 159.505 155.726
    endloop
  endfacet
  facet normal 1 0 0
    outer loop
      vertex 87.8 159.219 155.803
      vertex 87.8 159.219 87.7975
      vertex 87.8 159.505 87.8742
    endloop
  endfacet
  facet normal 1 0 0
    outer loop
      vertex 87.8 158.95 155.928
      vertex 87.8 159.219 87.7975
      vertex 87.8 159.219 155.803
    endloop
  endfacet
  facet normal 1 0 0
    outer loop
      vertex 87.8 158.95 155.928
      vertex 87.8 158.95 87.6722
      vertex 87.8 159.219 87.7975
    endloop
  endfacet
  facet normal 1 0 0
    outer loop
      vertex 87.8 158.707 156.098
      vertex 87.8 158.95 87.6722
      vertex 87.8 158.95 155.928
    endloop
  endfacet
  facet normal 1 0 0
    outer loop
      vertex 87.8 158.707 156.098
      vertex 87.8 158.707 87.5023
      vertex 87.8 158.95 87.6722
    endloop
  endfacet
  facet normal 1 0 0
    outer loop
      vertex 87.8 158.498 156.307
      vertex 87.8 158.707 87.5023
      vertex 87.8 158.707 156.098
    endloop
  endfacet
  facet normal 1 0 0
    outer loop
      vertex 87.8 158.498 156.307
      vertex 87.8 158.498 87.2927
      vertex 87.8 158.707 87.5023
    endloop
  endfacet
  facet normal 1 0 0
    outer loop
      vertex 87.8 158.328 156.55
      vertex 87.8 158.498 87.2927
      vertex 87.8 158.498 156.307
    endloop
  endfacet
  facet normal 1 0 0
    outer loop
      vertex 87.8 158.328 156.55
      vertex 87.8 158.328 87.05
      vertex 87.8 158.498 87.2927
    endloop
  endfacet
  facet normal 1 0 0
    outer loop
      vertex 87.8 158.203 156.819
      vertex 87.8 158.328 87.05
      vertex 87.8 158.328 156.55
    endloop
  endfacet
  facet normal 1 0 0
    outer loop
      vertex 87.8 158.203 156.819
      vertex 87.8 158.203 86.7814
      vertex 87.8 158.328 87.05
    endloop
  endfacet
  facet normal 1 0 0
    outer loop
      vertex 87.8 152.4 172.4
      vertex 87.8 158.203 156.819
      vertex 87.8 158.126 157.105
    endloop
  endfacet
  facet normal 1 0 0
    outer loop
      vertex 87.8 158.203 156.819
      vertex 87.8 152.4 172.4
      vertex 87.8 158.203 86.7814
    endloop
  endfacet
  facet normal 1 0 0
    outer loop
      vertex 87.8 152.4 172.4
      vertex 87.8 158.126 157.105
      vertex 87.8 158.1 157.4
    endloop
  endfacet
  facet normal 1 0 0
    outer loop
      vertex 87.8 158.203 86.7814
      vertex 87.8 152.4 172.4
      vertex 87.8 158.126 86.4952
    endloop
  endfacet
  facet normal 1 0 0
    outer loop
      vertex 87.8 161.474 157.105
      vertex 87.8 164.8 172.4
      vertex 87.8 161.5 157.4
    endloop
  endfacet
  facet normal 1 0 0
    outer loop
      vertex 87.8 164.8 172.4
      vertex 87.8 161.474 157.695
      vertex 87.8 161.5 157.4
    endloop
  endfacet
  facet normal 1 0 0
    outer loop
      vertex 87.8 164.8 172.4
      vertex 87.8 161.397 157.981
      vertex 87.8 161.474 157.695
    endloop
  endfacet
  facet normal 1 0 0
    outer loop
      vertex 87.8 164.8 172.4
      vertex 87.8 161.272 158.25
      vertex 87.8 161.397 157.981
    endloop
  endfacet
  facet normal 1 0 0
    outer loop
      vertex 87.8 164.8 172.4
      vertex 87.8 161.102 158.493
      vertex 87.8 161.272 158.25
    endloop
  endfacet
  facet normal 1 0 0
    outer loop
      vertex 87.8 164.8 172.4
      vertex 87.8 160.893 158.702
      vertex 87.8 161.102 158.493
    endloop
  endfacet
  facet normal 1 0 0
    outer loop
      vertex 87.8 164.8 172.4
      vertex 87.8 160.65 158.872
      vertex 87.8 160.893 158.702
    endloop
  endfacet
  facet normal 1 0 0
    outer loop
      vertex 87.8 164.8 172.4
      vertex 87.8 160.381 158.997
      vertex 87.8 160.65 158.872
    endloop
  endfacet
  facet normal 1 0 0
    outer loop
      vertex 87.8 164.8 172.4
      vertex 87.8 160.095 159.074
      vertex 87.8 160.381 158.997
    endloop
  endfacet
  facet normal 1 0 0
    outer loop
      vertex 87.8 164.8 172.4
      vertex 87.8 159.8 159.1
      vertex 87.8 160.095 159.074
    endloop
  endfacet
  facet normal 1 0 0
    outer loop
      vertex 87.8 164.8 172.4
      vertex 87.8 159.505 159.074
      vertex 87.8 159.8 159.1
    endloop
  endfacet
  facet normal 1 -0 0
    outer loop
      vertex 87.8 152.4 172.4
      vertex 87.8 159.505 159.074
      vertex 87.8 164.8 172.4
    endloop
  endfacet
  facet normal 1 0 0
    outer loop
      vertex 87.8 159.505 159.074
      vertex 87.8 152.4 172.4
      vertex 87.8 159.219 158.997
    endloop
  endfacet
  facet normal 1 0 0
    outer loop
      vertex 87.8 159.219 158.997
      vertex 87.8 152.4 172.4
      vertex 87.8 158.95 158.872
    endloop
  endfacet
  facet normal 1 0 0
    outer loop
      vertex 87.8 158.95 158.872
      vertex 87.8 152.4 172.4
      vertex 87.8 158.707 158.702
    endloop
  endfacet
  facet normal 1 0 0
    outer loop
      vertex 87.8 158.707 158.702
      vertex 87.8 152.4 172.4
      vertex 87.8 158.498 158.493
    endloop
  endfacet
  facet normal 1 0 0
    outer loop
      vertex 87.8 158.498 158.493
      vertex 87.8 152.4 172.4
      vertex 87.8 158.328 158.25
    endloop
  endfacet
  facet normal 1 0 0
    outer loop
      vertex 87.8 158.126 86.4952
      vertex 87.8 152.4 172.4
      vertex 87.8 158.1 86.2
    endloop
  endfacet
  facet normal 1 0 0
    outer loop
      vertex 87.8 152.4 10
      vertex 87.8 158.1 86.2
      vertex 87.8 152.4 172.4
    endloop
  endfacet
  facet normal 1 0 0
    outer loop
      vertex 87.8 158.126 157.695
      vertex 87.8 152.4 172.4
      vertex 87.8 158.1 157.4
    endloop
  endfacet
  facet normal 1 0 0
    outer loop
      vertex 87.8 158.203 157.981
      vertex 87.8 152.4 172.4
      vertex 87.8 158.126 157.695
    endloop
  endfacet
  facet normal 1 0 0
    outer loop
      vertex 87.8 158.328 158.25
      vertex 87.8 152.4 172.4
      vertex 87.8 158.203 157.981
    endloop
  endfacet
  facet normal 1 0 0
    outer loop
      vertex 87.8 164.8 172.4
      vertex 87.8 161.5 86.2
      vertex 87.8 164.8 0
    endloop
  endfacet
  facet normal 1 -0 0
    outer loop
      vertex 87.8 161.5 25
      vertex 87.8 164.8 0
      vertex 87.8 161.5 86.2
    endloop
  endfacet
  facet normal 1 -0 0
    outer loop
      vertex 87.8 161.474 24.7048
      vertex 87.8 164.8 0
      vertex 87.8 161.5 25
    endloop
  endfacet
  facet normal 1 -0 0
    outer loop
      vertex 87.8 161.397 24.4186
      vertex 87.8 164.8 0
      vertex 87.8 161.474 24.7048
    endloop
  endfacet
  facet normal 1 -0 0
    outer loop
      vertex 87.8 161.272 24.15
      vertex 87.8 164.8 0
      vertex 87.8 161.397 24.4186
    endloop
  endfacet
  facet normal 1 -0 0
    outer loop
      vertex 87.8 161.102 23.9073
      vertex 87.8 164.8 0
      vertex 87.8 161.272 24.15
    endloop
  endfacet
  facet normal 1 -0 0
    outer loop
      vertex 87.8 160.893 23.6977
      vertex 87.8 164.8 0
      vertex 87.8 161.102 23.9073
    endloop
  endfacet
  facet normal 1 -0 0
    outer loop
      vertex 87.8 160.65 23.5278
      vertex 87.8 164.8 0
      vertex 87.8 160.893 23.6977
    endloop
  endfacet
  facet normal 1 -0 0
    outer loop
      vertex 87.8 160.381 23.4025
      vertex 87.8 164.8 0
      vertex 87.8 160.65 23.5278
    endloop
  endfacet
  facet normal 1 0 0
    outer loop
      vertex 87.8 152.4 10
      vertex 87.8 160.381 23.4025
      vertex 87.8 160.095 23.3258
    endloop
  endfacet
  facet normal 1 0 0
    outer loop
      vertex 87.8 152.4 10
      vertex 87.8 160.095 23.3258
      vertex 87.8 159.8 23.3
    endloop
  endfacet
  facet normal 1 0 0
    outer loop
      vertex 87.8 152.4 10
      vertex 87.8 159.8 23.3
      vertex 87.8 159.505 23.3258
    endloop
  endfacet
  facet normal 1 0 0
    outer loop
      vertex 87.8 152.4 10
      vertex 87.8 159.505 23.3258
      vertex 87.8 159.219 23.4025
    endloop
  endfacet
  facet normal 1 0 0
    outer loop
      vertex 87.8 152.4 10
      vertex 87.8 159.219 23.4025
      vertex 87.8 158.95 23.5278
    endloop
  endfacet
  facet normal 1 0 0
    outer loop
      vertex 87.8 152.4 10
      vertex 87.8 158.95 23.5278
      vertex 87.8 158.707 23.6977
    endloop
  endfacet
  facet normal 1 0 0
    outer loop
      vertex 87.8 152.4 10
      vertex 87.8 158.707 23.6977
      vertex 87.8 158.498 23.9073
    endloop
  endfacet
  facet normal 1 0 0
    outer loop
      vertex 87.8 152.4 10
      vertex 87.8 158.498 23.9073
      vertex 87.8 158.328 24.15
    endloop
  endfacet
  facet normal 1 0 0
    outer loop
      vertex 87.8 152.4 10
      vertex 87.8 158.328 24.15
      vertex 87.8 158.203 24.4186
    endloop
  endfacet
  facet normal 1 0 0
    outer loop
      vertex 87.8 158.126 25.2952
      vertex 87.8 152.4 10
      vertex 87.8 158.1 25
    endloop
  endfacet
  facet normal 1 0 0
    outer loop
      vertex 87.8 152.4 10
      vertex 87.8 158.126 24.7048
      vertex 87.8 158.1 25
    endloop
  endfacet
  facet normal 1 0 0
    outer loop
      vertex 87.8 152.4 10
      vertex 87.8 158.203 24.4186
      vertex 87.8 158.126 24.7048
    endloop
  endfacet
  facet normal 1 0 0
    outer loop
      vertex 87.8 160.381 23.4025
      vertex 87.8 152.4 10
      vertex 87.8 164.8 0
    endloop
  endfacet
  facet normal 1 0 0
    outer loop
      vertex 87.8 116.574 4.7048
      vertex 87.8 152.4 10
      vertex 87.8 116.6 5
    endloop
  endfacet
  facet normal 1 0 0
    outer loop
      vertex 87.8 116.497 4.41857
      vertex 87.8 152.4 10
      vertex 87.8 116.574 4.7048
    endloop
  endfacet
  facet normal 1 0 0
    outer loop
      vertex 87.8 116.372 4.15
      vertex 87.8 152.4 10
      vertex 87.8 116.497 4.41857
    endloop
  endfacet
  facet normal 1 0 0
    outer loop
      vertex 87.8 116.202 3.90726
      vertex 87.8 152.4 10
      vertex 87.8 116.372 4.15
    endloop
  endfacet
  facet normal 1 0 0
    outer loop
      vertex 87.8 115.993 3.69772
      vertex 87.8 152.4 10
      vertex 87.8 116.202 3.90726
    endloop
  endfacet
  facet normal 1 0 0
    outer loop
      vertex 87.8 152.4 10
      vertex 87.8 115.993 3.69772
      vertex 87.8 164.8 0
    endloop
  endfacet
  facet normal 1 -0 0
    outer loop
      vertex 87.8 115.75 3.52776
      vertex 87.8 164.8 0
      vertex 87.8 115.993 3.69772
    endloop
  endfacet
  facet normal 1 -0 0
    outer loop
      vertex 87.8 115.481 3.40252
      vertex 87.8 164.8 0
      vertex 87.8 115.75 3.52776
    endloop
  endfacet
  facet normal 1 -0 0
    outer loop
      vertex 87.8 115.195 3.32583
      vertex 87.8 164.8 0
      vertex 87.8 115.481 3.40252
    endloop
  endfacet
  facet normal 1 -0 0
    outer loop
      vertex 87.8 114.9 3.3
      vertex 87.8 164.8 0
      vertex 87.8 115.195 3.32583
    endloop
  endfacet
  facet normal 1 -0 0
    outer loop
      vertex 87.8 41.6 5
      vertex 87.8 113.226 4.7048
      vertex 87.8 113.2 5
    endloop
  endfacet
  facet normal 1 0 0
    outer loop
      vertex 87.8 41.5742 4.7048
      vertex 87.8 113.226 4.7048
      vertex 87.8 41.6 5
    endloop
  endfacet
  facet normal 1 0 0
    outer loop
      vertex 87.8 113.226 4.7048
      vertex 87.8 41.5742 4.7048
      vertex 87.8 113.303 4.41857
    endloop
  endfacet
  facet normal 1 0 0
    outer loop
      vertex 87.8 41.4975 4.41857
      vertex 87.8 113.303 4.41857
      vertex 87.8 41.5742 4.7048
    endloop
  endfacet
  facet normal 1 0 0
    outer loop
      vertex 87.8 113.303 4.41857
      vertex 87.8 41.4975 4.41857
      vertex 87.8 113.428 4.15
    endloop
  endfacet
  facet normal 1 0 0
    outer loop
      vertex 87.8 41.3722 4.15
      vertex 87.8 113.428 4.15
      vertex 87.8 41.4975 4.41857
    endloop
  endfacet
  facet normal 1 0 0
    outer loop
      vertex 87.8 113.428 4.15
      vertex 87.8 41.3722 4.15
      vertex 87.8 113.598 3.90726
    endloop
  endfacet
  facet normal 1 0 0
    outer loop
      vertex 87.8 41.2023 3.90726
      vertex 87.8 113.598 3.90726
      vertex 87.8 41.3722 4.15
    endloop
  endfacet
  facet normal 1 0 0
    outer loop
      vertex 87.8 113.598 3.90726
      vertex 87.8 41.2023 3.90726
      vertex 87.8 113.807 3.69772
    endloop
  endfacet
  facet normal 1 0 0
    outer loop
      vertex 87.8 40.9927 3.69772
      vertex 87.8 113.807 3.69772
      vertex 87.8 41.2023 3.90726
    endloop
  endfacet
  facet normal 1 0 0
    outer loop
      vertex 87.8 113.807 3.69772
      vertex 87.8 40.9927 3.69772
      vertex 87.8 114.05 3.52776
    endloop
  endfacet
  facet normal 1 0 0
    outer loop
      vertex 87.8 40.75 3.52776
      vertex 87.8 114.05 3.52776
      vertex 87.8 40.9927 3.69772
    endloop
  endfacet
  facet normal 1 0 0
    outer loop
      vertex 87.8 114.05 3.52776
      vertex 87.8 40.75 3.52776
      vertex 87.8 114.319 3.40252
    endloop
  endfacet
  facet normal 1 0 0
    outer loop
      vertex 87.8 40.4814 3.40252
      vertex 87.8 114.319 3.40252
      vertex 87.8 40.75 3.52776
    endloop
  endfacet
  facet normal 1 0 0
    outer loop
      vertex 87.8 114.319 3.40252
      vertex 87.8 40.4814 3.40252
      vertex 87.8 114.605 3.32583
    endloop
  endfacet
  facet normal 1 0 0
    outer loop
      vertex 87.8 40.1952 3.32583
      vertex 87.8 114.605 3.32583
      vertex 87.8 40.4814 3.40252
    endloop
  endfacet
  facet normal 1 0 0
    outer loop
      vertex 87.8 114.605 3.32583
      vertex 87.8 40.1952 3.32583
      vertex 87.8 114.9 3.3
    endloop
  endfacet
  facet normal 1 0 0
    outer loop
      vertex 87.8 39.9 3.3
      vertex 87.8 114.9 3.3
      vertex 87.8 40.1952 3.32583
    endloop
  endfacet
  facet normal 1 0 0
    outer loop
      vertex 87.8 114.9 3.3
      vertex 87.8 39.9 3.3
      vertex 87.8 164.8 0
    endloop
  endfacet
  facet normal 1 0 0
    outer loop
      vertex 87.8 2.4 10
      vertex 87.8 38.2258 4.7048
      vertex 87.8 38.2 5
    endloop
  endfacet
  facet normal 1 0 0
    outer loop
      vertex 87.8 2.4 10
      vertex 87.8 38.3025 4.41857
      vertex 87.8 38.2258 4.7048
    endloop
  endfacet
  facet normal 1 0 0
    outer loop
      vertex 87.8 2.4 10
      vertex 87.8 38.4278 4.15
      vertex 87.8 38.3025 4.41857
    endloop
  endfacet
  facet normal 1 0 0
    outer loop
      vertex 87.8 2.4 10
      vertex 87.8 38.5977 3.90726
      vertex 87.8 38.4278 4.15
    endloop
  endfacet
  facet normal 1 0 0
    outer loop
      vertex 87.8 2.4 10
      vertex 87.8 38.8073 3.69772
      vertex 87.8 38.5977 3.90726
    endloop
  endfacet
  facet normal 1 0 0
    outer loop
      vertex 87.8 -10 0
      vertex 87.8 38.8073 3.69772
      vertex 87.8 2.4 10
    endloop
  endfacet
  facet normal 1 0 0
    outer loop
      vertex 87.8 38.8073 3.69772
      vertex 87.8 -10 0
      vertex 87.8 39.05 3.52776
    endloop
  endfacet
  facet normal 1 0 0
    outer loop
      vertex 87.8 39.05 3.52776
      vertex 87.8 -10 0
      vertex 87.8 39.3186 3.40252
    endloop
  endfacet
  facet normal 1 0 0
    outer loop
      vertex 87.8 2.4 172.4
      vertex 87.8 -3.3 86.2
      vertex 87.8 2.4 10
    endloop
  endfacet
  facet normal 1 -0 0
    outer loop
      vertex 87.8 -3.32583 85.9048
      vertex 87.8 2.4 10
      vertex 87.8 -3.3 86.2
    endloop
  endfacet
  facet normal 1 -0 0
    outer loop
      vertex 87.8 -3.32583 24.7048
      vertex 87.8 2.4 10
      vertex 87.8 -3.3 25
    endloop
  endfacet
  facet normal 1 -0 0
    outer loop
      vertex 87.8 -3.40252 24.4186
      vertex 87.8 2.4 10
      vertex 87.8 -3.32583 24.7048
    endloop
  endfacet
  facet normal 1 -0 0
    outer loop
      vertex 87.8 -3.52776 24.15
      vertex 87.8 2.4 10
      vertex 87.8 -3.40252 24.4186
    endloop
  endfacet
  facet normal 1 -0 0
    outer loop
      vertex 87.8 -3.69772 23.9073
      vertex 87.8 2.4 10
      vertex 87.8 -3.52776 24.15
    endloop
  endfacet
  facet normal 1 -0 0
    outer loop
      vertex 87.8 -3.90726 23.6977
      vertex 87.8 2.4 10
      vertex 87.8 -3.69772 23.9073
    endloop
  endfacet
  facet normal 1 -0 0
    outer loop
      vertex 87.8 -4.15 23.5278
      vertex 87.8 2.4 10
      vertex 87.8 -3.90726 23.6977
    endloop
  endfacet
  facet normal 1 -0 0
    outer loop
      vertex 87.8 -4.41857 23.4025
      vertex 87.8 2.4 10
      vertex 87.8 -4.15 23.5278
    endloop
  endfacet
  facet normal 1 -0 0
    outer loop
      vertex 87.8 -4.7048 23.3258
      vertex 87.8 2.4 10
      vertex 87.8 -4.41857 23.4025
    endloop
  endfacet
  facet normal 1 -0 0
    outer loop
      vertex 87.8 -5 23.3
      vertex 87.8 2.4 10
      vertex 87.8 -4.7048 23.3258
    endloop
  endfacet
  facet normal 1 0 0
    outer loop
      vertex 87.8 -5.2952 23.3258
      vertex 87.8 2.4 10
      vertex 87.8 -5 23.3
    endloop
  endfacet
  facet normal 1 0 0
    outer loop
      vertex 87.8 -5.58143 23.4025
      vertex 87.8 2.4 10
      vertex 87.8 -5.2952 23.3258
    endloop
  endfacet
  facet normal 1 0 0
    outer loop
      vertex 87.8 -10 0
      vertex 87.8 -5.58143 23.4025
      vertex 87.8 -5.85 23.5278
    endloop
  endfacet
  facet normal 1 0 0
    outer loop
      vertex 87.8 -10 0
      vertex 87.8 -5.85 23.5278
      vertex 87.8 -6.09274 23.6977
    endloop
  endfacet
  facet normal 1 0 0
    outer loop
      vertex 87.8 -10 0
      vertex 87.8 -6.09274 23.6977
      vertex 87.8 -6.30227 23.9073
    endloop
  endfacet
  facet normal 1 0 0
    outer loop
      vertex 87.8 -10 0
      vertex 87.8 -6.30227 23.9073
      vertex 87.8 -6.47224 24.15
    endloop
  endfacet
  facet normal 1 0 0
    outer loop
      vertex 87.8 39.9 3.3
      vertex 87.8 -10 0
      vertex 87.8 164.8 0
    endloop
  endfacet
  facet normal 1 0 0
    outer loop
      vertex 87.8 39.6048 3.32583
      vertex 87.8 -10 0
      vertex 87.8 39.9 3.3
    endloop
  endfacet
  facet normal 1 0 0
    outer loop
      vertex 87.8 39.3186 3.40252
      vertex 87.8 -10 0
      vertex 87.8 39.6048 3.32583
    endloop
  endfacet
  facet normal 1 0 0
    outer loop
      vertex 87.8 -5.58143 23.4025
      vertex 87.8 -10 0
      vertex 87.8 2.4 10
    endloop
  endfacet
  facet normal 1 0 0
    outer loop
      vertex 87.8 -6.59748 24.4186
      vertex 87.8 -10 0
      vertex 87.8 -6.47224 24.15
    endloop
  endfacet
  facet normal 1 0 0
    outer loop
      vertex 87.8 -6.67417 24.7048
      vertex 87.8 -10 0
      vertex 87.8 -6.59748 24.4186
    endloop
  endfacet
  facet normal 1 0 0
    outer loop
      vertex 87.8 -6.7 25
      vertex 87.8 -10 0
      vertex 87.8 -6.67417 24.7048
    endloop
  endfacet
  facet normal 1 0 0
    outer loop
      vertex 87.8 -6.7 86.2
      vertex 87.8 -10 0
      vertex 87.8 -6.7 25
    endloop
  endfacet
  facet normal 0 1 -0
    outer loop
      vertex 87.8 164.8 0
      vertex 84.8 164.8 172.4
      vertex 87.8 164.8 172.4
    endloop
  endfacet
  facet normal 0 1 0
    outer loop
      vertex 84.8 164.8 172.4
      vertex 87.8 164.8 0
      vertex 84.8 164.8 0
    endloop
  endfacet
  facet normal 0 -1 0
    outer loop
      vertex 84.8 -10 0
      vertex 87.8 -10 172.4
      vertex 84.8 -10 172.4
    endloop
  endfacet
  facet normal 0 -1 -0
    outer loop
      vertex 87.8 -10 172.4
      vertex 84.8 -10 0
      vertex 87.8 -10 0
    endloop
  endfacet
  facet normal 0 -1 0
    outer loop
      vertex 84.8 152.4 10
      vertex 87.8 152.4 172.4
      vertex 84.8 152.4 172.4
    endloop
  endfacet
  facet normal 0 -1 -0
    outer loop
      vertex 87.8 152.4 172.4
      vertex 84.8 152.4 10
      vertex 87.8 152.4 10
    endloop
  endfacet
  facet normal -0 0 1
    outer loop
      vertex 84.8 152.4 10
      vertex 87.8 2.4 10
      vertex 87.8 152.4 10
    endloop
  endfacet
  facet normal 0 0 1
    outer loop
      vertex 87.8 2.4 10
      vertex 84.8 152.4 10
      vertex 84.8 2.4 10
    endloop
  endfacet
  facet normal 0 1 -0
    outer loop
      vertex 87.8 2.4 10
      vertex 84.8 2.4 172.4
      vertex 87.8 2.4 172.4
    endloop
  endfacet
  facet normal 0 1 0
    outer loop
      vertex 84.8 2.4 172.4
      vertex 87.8 2.4 10
      vertex 84.8 2.4 10
    endloop
  endfacet
  facet normal 0.573506 0.819201 -0
    outer loop
      vertex 18.6498 17.0812 2.4
      vertex 18.15 17.4311 7.4
      vertex 18.6498 17.0812 7.4
    endloop
  endfacet
  facet normal 0.573506 0.819201 0
    outer loop
      vertex 18.15 17.4311 7.4
      vertex 18.6498 17.0812 2.4
      vertex 18.15 17.4311 2.4
    endloop
  endfacet
  facet normal 0.996191 -0.0871954 0
    outer loop
      vertex 19.8468 13.7922 7.4
      vertex 19.9 14.4 2.4
      vertex 19.9 14.4 7.4
    endloop
  endfacet
  facet normal 0.996191 -0.0871954 0
    outer loop
      vertex 19.9 14.4 2.4
      vertex 19.8468 13.7922 7.4
      vertex 19.8468 13.7922 2.4
    endloop
  endfacet
  facet normal -0.258815 0.965927 0
    outer loop
      vertex 15.7922 17.8468 2.4
      vertex 15.2029 17.6889 7.4
      vertex 15.7922 17.8468 7.4
    endloop
  endfacet
  facet normal -0.258815 0.965927 0
    outer loop
      vertex 15.2029 17.6889 7.4
      vertex 15.7922 17.8468 2.4
      vertex 15.2029 17.6889 2.4
    endloop
  endfacet
  facet normal -0.819201 0.573506 0
    outer loop
      vertex 13.3689 16.15 2.4
      vertex 13.7188 16.6498 7.4
      vertex 13.7188 16.6498 2.4
    endloop
  endfacet
  facet normal -0.819201 0.573506 0
    outer loop
      vertex 13.7188 16.6498 7.4
      vertex 13.3689 16.15 2.4
      vertex 13.3689 16.15 7.4
    endloop
  endfacet
  facet normal 0.965927 0.258815 0
    outer loop
      vertex 19.8468 15.0078 7.4
      vertex 19.6889 15.5971 2.4
      vertex 19.6889 15.5971 7.4
    endloop
  endfacet
  facet normal 0.965927 0.258815 0
    outer loop
      vertex 19.6889 15.5971 2.4
      vertex 19.8468 15.0078 7.4
      vertex 19.8468 15.0078 2.4
    endloop
  endfacet
  facet normal 0.906321 0.422589 0
    outer loop
      vertex 19.6889 15.5971 7.4
      vertex 19.4311 16.15 2.4
      vertex 19.4311 16.15 7.4
    endloop
  endfacet
  facet normal 0.906321 0.422589 0
    outer loop
      vertex 19.4311 16.15 2.4
      vertex 19.6889 15.5971 7.4
      vertex 19.6889 15.5971 2.4
    endloop
  endfacet
  facet normal 0.819201 0.573506 0
    outer loop
      vertex 19.4311 16.15 7.4
      vertex 19.0812 16.6498 2.4
      vertex 19.0812 16.6498 7.4
    endloop
  endfacet
  facet normal 0.819201 0.573506 0
    outer loop
      vertex 19.0812 16.6498 2.4
      vertex 19.4311 16.15 7.4
      vertex 19.4311 16.15 2.4
    endloop
  endfacet
  facet normal 0.707107 0.707107 0
    outer loop
      vertex 19.0812 16.6498 7.4
      vertex 18.6498 17.0812 2.4
      vertex 18.6498 17.0812 7.4
    endloop
  endfacet
  facet normal 0.707107 0.707107 0
    outer loop
      vertex 18.6498 17.0812 2.4
      vertex 19.0812 16.6498 7.4
      vertex 19.0812 16.6498 2.4
    endloop
  endfacet
  facet normal 0.422589 0.906321 -0
    outer loop
      vertex 18.15 17.4311 2.4
      vertex 17.5971 17.6889 7.4
      vertex 18.15 17.4311 7.4
    endloop
  endfacet
  facet normal 0.422589 0.906321 0
    outer loop
      vertex 17.5971 17.6889 7.4
      vertex 18.15 17.4311 2.4
      vertex 17.5971 17.6889 2.4
    endloop
  endfacet
  facet normal 0.0871954 0.996191 -0
    outer loop
      vertex 17.0078 17.8468 2.4
      vertex 16.4 17.9 7.4
      vertex 17.0078 17.8468 7.4
    endloop
  endfacet
  facet normal 0.0871954 0.996191 0
    outer loop
      vertex 16.4 17.9 7.4
      vertex 17.0078 17.8468 2.4
      vertex 16.4 17.9 2.4
    endloop
  endfacet
  facet normal -0.996191 0.0871954 0
    outer loop
      vertex 12.9 14.4 2.4
      vertex 12.9532 15.0078 7.4
      vertex 12.9532 15.0078 2.4
    endloop
  endfacet
  facet normal -0.996191 0.0871954 0
    outer loop
      vertex 12.9532 15.0078 7.4
      vertex 12.9 14.4 2.4
      vertex 12.9 14.4 7.4
    endloop
  endfacet
  facet normal -0.707107 0.707107 0
    outer loop
      vertex 13.7188 16.6498 2.4
      vertex 14.1502 17.0812 7.4
      vertex 14.1502 17.0812 2.4
    endloop
  endfacet
  facet normal -0.707107 0.707107 0
    outer loop
      vertex 14.1502 17.0812 7.4
      vertex 13.7188 16.6498 2.4
      vertex 13.7188 16.6498 7.4
    endloop
  endfacet
  facet normal -0.422589 0.906321 0
    outer loop
      vertex 15.2029 17.6889 2.4
      vertex 14.65 17.4311 7.4
      vertex 15.2029 17.6889 7.4
    endloop
  endfacet
  facet normal -0.422589 0.906321 0
    outer loop
      vertex 14.65 17.4311 7.4
      vertex 15.2029 17.6889 2.4
      vertex 14.65 17.4311 2.4
    endloop
  endfacet
  facet normal -0.0871954 0.996191 0
    outer loop
      vertex 16.4 17.9 2.4
      vertex 15.7922 17.8468 7.4
      vertex 16.4 17.9 7.4
    endloop
  endfacet
  facet normal -0.0871954 0.996191 0
    outer loop
      vertex 15.7922 17.8468 7.4
      vertex 16.4 17.9 2.4
      vertex 15.7922 17.8468 2.4
    endloop
  endfacet
  facet normal -0.573506 0.819201 0
    outer loop
      vertex 14.65 17.4311 2.4
      vertex 14.1502 17.0812 7.4
      vertex 14.65 17.4311 7.4
    endloop
  endfacet
  facet normal -0.573506 0.819201 0
    outer loop
      vertex 14.1502 17.0812 7.4
      vertex 14.65 17.4311 2.4
      vertex 14.1502 17.0812 2.4
    endloop
  endfacet
  facet normal 0.996191 0.0871954 0
    outer loop
      vertex 19.9 14.4 7.4
      vertex 19.8468 15.0078 2.4
      vertex 19.8468 15.0078 7.4
    endloop
  endfacet
  facet normal 0.996191 0.0871954 0
    outer loop
      vertex 19.8468 15.0078 2.4
      vertex 19.9 14.4 7.4
      vertex 19.9 14.4 2.4
    endloop
  endfacet
  facet normal 0.0871954 -0.996191 0
    outer loop
      vertex 16.4 10.9 2.4
      vertex 17.0078 10.9532 7.4
      vertex 16.4 10.9 7.4
    endloop
  endfacet
  facet normal 0.0871954 -0.996191 0
    outer loop
      vertex 17.0078 10.9532 7.4
      vertex 16.4 10.9 2.4
      vertex 17.0078 10.9532 2.4
    endloop
  endfacet
  facet normal 0.965927 -0.258815 0
    outer loop
      vertex 19.6889 13.2029 7.4
      vertex 19.8468 13.7922 2.4
      vertex 19.8468 13.7922 7.4
    endloop
  endfacet
  facet normal 0.965927 -0.258815 0
    outer loop
      vertex 19.8468 13.7922 2.4
      vertex 19.6889 13.2029 7.4
      vertex 19.6889 13.2029 2.4
    endloop
  endfacet
  facet normal 0.573506 -0.819201 0
    outer loop
      vertex 18.15 11.3689 2.4
      vertex 18.6498 11.7188 7.4
      vertex 18.15 11.3689 7.4
    endloop
  endfacet
  facet normal 0.573506 -0.819201 0
    outer loop
      vertex 18.6498 11.7188 7.4
      vertex 18.15 11.3689 2.4
      vertex 18.6498 11.7188 2.4
    endloop
  endfacet
  facet normal -0.0871954 -0.996191 0
    outer loop
      vertex 15.7922 10.9532 2.4
      vertex 16.4 10.9 7.4
      vertex 15.7922 10.9532 7.4
    endloop
  endfacet
  facet normal -0.0871954 -0.996191 -0
    outer loop
      vertex 16.4 10.9 7.4
      vertex 15.7922 10.9532 2.4
      vertex 16.4 10.9 2.4
    endloop
  endfacet
  facet normal -0.707107 -0.707107 0
    outer loop
      vertex 14.1502 11.7188 2.4
      vertex 13.7188 12.1502 7.4
      vertex 13.7188 12.1502 2.4
    endloop
  endfacet
  facet normal -0.707107 -0.707107 0
    outer loop
      vertex 13.7188 12.1502 7.4
      vertex 14.1502 11.7188 2.4
      vertex 14.1502 11.7188 7.4
    endloop
  endfacet
  facet normal -0.906321 -0.422589 0
    outer loop
      vertex 13.3689 12.65 2.4
      vertex 13.1111 13.2029 7.4
      vertex 13.1111 13.2029 2.4
    endloop
  endfacet
  facet normal -0.906321 -0.422589 0
    outer loop
      vertex 13.1111 13.2029 7.4
      vertex 13.3689 12.65 2.4
      vertex 13.3689 12.65 7.4
    endloop
  endfacet
  facet normal -0.996191 -0.0871954 0
    outer loop
      vertex 12.9532 13.7922 2.4
      vertex 12.9 14.4 7.4
      vertex 12.9 14.4 2.4
    endloop
  endfacet
  facet normal -0.996191 -0.0871954 0
    outer loop
      vertex 12.9 14.4 7.4
      vertex 12.9532 13.7922 2.4
      vertex 12.9532 13.7922 7.4
    endloop
  endfacet
  facet normal 0 0 -1
    outer loop
      vertex 19.8468 13.7922 2.4
      vertex 19.8468 15.0078 2.4
      vertex 19.9 14.4 2.4
    endloop
  endfacet
  facet normal 0 0 -1
    outer loop
      vertex 19.6889 13.2029 2.4
      vertex 19.8468 15.0078 2.4
      vertex 19.8468 13.7922 2.4
    endloop
  endfacet
  facet normal 0 0 -1
    outer loop
      vertex 19.6889 13.2029 2.4
      vertex 19.6889 15.5971 2.4
      vertex 19.8468 15.0078 2.4
    endloop
  endfacet
  facet normal 0 0 -1
    outer loop
      vertex 19.4311 12.65 2.4
      vertex 19.6889 15.5971 2.4
      vertex 19.6889 13.2029 2.4
    endloop
  endfacet
  facet normal 0 0 -1
    outer loop
      vertex 19.4311 12.65 2.4
      vertex 19.4311 16.15 2.4
      vertex 19.6889 15.5971 2.4
    endloop
  endfacet
  facet normal 0 0 -1
    outer loop
      vertex 19.0812 12.1502 2.4
      vertex 19.4311 16.15 2.4
      vertex 19.4311 12.65 2.4
    endloop
  endfacet
  facet normal 0 0 -1
    outer loop
      vertex 19.0812 12.1502 2.4
      vertex 19.0812 16.6498 2.4
      vertex 19.4311 16.15 2.4
    endloop
  endfacet
  facet normal 0 0 -1
    outer loop
      vertex 18.6498 11.7188 2.4
      vertex 19.0812 16.6498 2.4
      vertex 19.0812 12.1502 2.4
    endloop
  endfacet
  facet normal 0 0 -1
    outer loop
      vertex 18.6498 11.7188 2.4
      vertex 18.6498 17.0812 2.4
      vertex 19.0812 16.6498 2.4
    endloop
  endfacet
  facet normal 0 0 -1
    outer loop
      vertex 18.15 11.3689 2.4
      vertex 18.6498 17.0812 2.4
      vertex 18.6498 11.7188 2.4
    endloop
  endfacet
  facet normal 0 0 -1
    outer loop
      vertex 18.15 11.3689 2.4
      vertex 18.15 17.4311 2.4
      vertex 18.6498 17.0812 2.4
    endloop
  endfacet
  facet normal 0 0 -1
    outer loop
      vertex 17.5971 11.1111 2.4
      vertex 18.15 17.4311 2.4
      vertex 18.15 11.3689 2.4
    endloop
  endfacet
  facet normal 0 0 -1
    outer loop
      vertex 17.5971 11.1111 2.4
      vertex 17.5971 17.6889 2.4
      vertex 18.15 17.4311 2.4
    endloop
  endfacet
  facet normal 0 0 -1
    outer loop
      vertex 17.0078 10.9532 2.4
      vertex 17.5971 17.6889 2.4
      vertex 17.5971 11.1111 2.4
    endloop
  endfacet
  facet normal 0 0 -1
    outer loop
      vertex 17.0078 10.9532 2.4
      vertex 17.0078 17.8468 2.4
      vertex 17.5971 17.6889 2.4
    endloop
  endfacet
  facet normal 0 0 -1
    outer loop
      vertex 16.4 10.9 2.4
      vertex 17.0078 17.8468 2.4
      vertex 17.0078 10.9532 2.4
    endloop
  endfacet
  facet normal 0 0 -1
    outer loop
      vertex 16.4 10.9 2.4
      vertex 16.4 17.9 2.4
      vertex 17.0078 17.8468 2.4
    endloop
  endfacet
  facet normal 0 0 -1
    outer loop
      vertex 15.7922 10.9532 2.4
      vertex 16.4 17.9 2.4
      vertex 16.4 10.9 2.4
    endloop
  endfacet
  facet normal 0 0 -1
    outer loop
      vertex 15.7922 10.9532 2.4
      vertex 15.7922 17.8468 2.4
      vertex 16.4 17.9 2.4
    endloop
  endfacet
  facet normal 0 0 -1
    outer loop
      vertex 15.2029 11.1111 2.4
      vertex 15.7922 17.8468 2.4
      vertex 15.7922 10.9532 2.4
    endloop
  endfacet
  facet normal 0 0 -1
    outer loop
      vertex 15.2029 11.1111 2.4
      vertex 15.2029 17.6889 2.4
      vertex 15.7922 17.8468 2.4
    endloop
  endfacet
  facet normal 0 0 -1
    outer loop
      vertex 14.65 11.3689 2.4
      vertex 15.2029 17.6889 2.4
      vertex 15.2029 11.1111 2.4
    endloop
  endfacet
  facet normal 0 0 -1
    outer loop
      vertex 14.65 11.3689 2.4
      vertex 14.65 17.4311 2.4
      vertex 15.2029 17.6889 2.4
    endloop
  endfacet
  facet normal 0 0 -1
    outer loop
      vertex 14.1502 11.7188 2.4
      vertex 14.65 17.4311 2.4
      vertex 14.65 11.3689 2.4
    endloop
  endfacet
  facet normal 0 0 -1
    outer loop
      vertex 14.1502 11.7188 2.4
      vertex 14.1502 17.0812 2.4
      vertex 14.65 17.4311 2.4
    endloop
  endfacet
  facet normal 0 0 -1
    outer loop
      vertex 13.7188 12.1502 2.4
      vertex 14.1502 17.0812 2.4
      vertex 14.1502 11.7188 2.4
    endloop
  endfacet
  facet normal 0 0 -1
    outer loop
      vertex 13.7188 12.1502 2.4
      vertex 13.7188 16.6498 2.4
      vertex 14.1502 17.0812 2.4
    endloop
  endfacet
  facet normal 0 0 -1
    outer loop
      vertex 13.3689 12.65 2.4
      vertex 13.7188 16.6498 2.4
      vertex 13.7188 12.1502 2.4
    endloop
  endfacet
  facet normal 0 0 -1
    outer loop
      vertex 13.3689 12.65 2.4
      vertex 13.3689 16.15 2.4
      vertex 13.7188 16.6498 2.4
    endloop
  endfacet
  facet normal 0 0 -1
    outer loop
      vertex 13.1111 13.2029 2.4
      vertex 13.3689 16.15 2.4
      vertex 13.3689 12.65 2.4
    endloop
  endfacet
  facet normal 0 0 -1
    outer loop
      vertex 13.1111 13.2029 2.4
      vertex 13.1111 15.5971 2.4
      vertex 13.3689 16.15 2.4
    endloop
  endfacet
  facet normal 0 0 -1
    outer loop
      vertex 12.9532 13.7922 2.4
      vertex 13.1111 15.5971 2.4
      vertex 13.1111 13.2029 2.4
    endloop
  endfacet
  facet normal 0 0 -1
    outer loop
      vertex 12.9532 13.7922 2.4
      vertex 12.9532 15.0078 2.4
      vertex 13.1111 15.5971 2.4
    endloop
  endfacet
  facet normal 0 -0 -1
    outer loop
      vertex 12.9532 15.0078 2.4
      vertex 12.9532 13.7922 2.4
      vertex 12.9 14.4 2.4
    endloop
  endfacet
  facet normal 0.258815 0.965927 -0
    outer loop
      vertex 17.5971 17.6889 2.4
      vertex 17.0078 17.8468 7.4
      vertex 17.5971 17.6889 7.4
    endloop
  endfacet
  facet normal 0.258815 0.965927 0
    outer loop
      vertex 17.0078 17.8468 7.4
      vertex 17.5971 17.6889 2.4
      vertex 17.0078 17.8468 2.4
    endloop
  endfacet
  facet normal 0 0 1
    outer loop
      vertex 17.65 14.4 7.4
      vertex 19.9 14.4 7.4
      vertex 19.8468 15.0078 7.4
    endloop
  endfacet
  facet normal 0 0 1
    outer loop
      vertex 17.631 14.6171 7.4
      vertex 19.8468 15.0078 7.4
      vertex 19.6889 15.5971 7.4
    endloop
  endfacet
  facet normal 0 0 1
    outer loop
      vertex 19.9 14.4 7.4
      vertex 17.65 14.4 7.4
      vertex 19.8468 13.7922 7.4
    endloop
  endfacet
  facet normal 0 0 1
    outer loop
      vertex 17.5746 14.8275 7.4
      vertex 19.6889 15.5971 7.4
      vertex 19.4311 16.15 7.4
    endloop
  endfacet
  facet normal -0 0 1
    outer loop
      vertex 17.631 14.1829 7.4
      vertex 19.8468 13.7922 7.4
      vertex 17.65 14.4 7.4
    endloop
  endfacet
  facet normal 0 0 1
    outer loop
      vertex 17.4825 15.025 7.4
      vertex 19.4311 16.15 7.4
      vertex 19.0812 16.6498 7.4
    endloop
  endfacet
  facet normal 0 0 1
    outer loop
      vertex 19.8468 13.7922 7.4
      vertex 17.631 14.1829 7.4
      vertex 19.6889 13.2029 7.4
    endloop
  endfacet
  facet normal 0 0 1
    outer loop
      vertex 17.3576 15.2035 7.4
      vertex 19.0812 16.6498 7.4
      vertex 18.6498 17.0812 7.4
    endloop
  endfacet
  facet normal -0 0 1
    outer loop
      vertex 17.5746 13.9725 7.4
      vertex 19.6889 13.2029 7.4
      vertex 17.631 14.1829 7.4
    endloop
  endfacet
  facet normal 0 0 1
    outer loop
      vertex 17.2035 15.3576 7.4
      vertex 18.6498 17.0812 7.4
      vertex 18.15 17.4311 7.4
    endloop
  endfacet
  facet normal 0 0 1
    outer loop
      vertex 19.6889 13.2029 7.4
      vertex 17.5746 13.9725 7.4
      vertex 19.4311 12.65 7.4
    endloop
  endfacet
  facet normal -0 0 1
    outer loop
      vertex 17.4825 13.775 7.4
      vertex 19.4311 12.65 7.4
      vertex 17.5746 13.9725 7.4
    endloop
  endfacet
  facet normal 0 0 1
    outer loop
      vertex 19.8468 15.0078 7.4
      vertex 17.631 14.6171 7.4
      vertex 17.65 14.4 7.4
    endloop
  endfacet
  facet normal 0 0 1
    outer loop
      vertex 17.025 15.4825 7.4
      vertex 18.15 17.4311 7.4
      vertex 17.5971 17.6889 7.4
    endloop
  endfacet
  facet normal 0 0 1
    outer loop
      vertex 19.6889 15.5971 7.4
      vertex 17.5746 14.8275 7.4
      vertex 17.631 14.6171 7.4
    endloop
  endfacet
  facet normal 0 0 1
    outer loop
      vertex 19.4311 16.15 7.4
      vertex 17.4825 15.025 7.4
      vertex 17.5746 14.8275 7.4
    endloop
  endfacet
  facet normal 0 0 1
    outer loop
      vertex 19.0812 16.6498 7.4
      vertex 17.3576 15.2035 7.4
      vertex 17.4825 15.025 7.4
    endloop
  endfacet
  facet normal 0 0 1
    outer loop
      vertex 18.6498 17.0812 7.4
      vertex 17.2035 15.3576 7.4
      vertex 17.3576 15.2035 7.4
    endloop
  endfacet
  facet normal 0 0 1
    outer loop
      vertex 18.15 17.4311 7.4
      vertex 17.025 15.4825 7.4
      vertex 17.2035 15.3576 7.4
    endloop
  endfacet
  facet normal 0 0 1
    outer loop
      vertex 16.8275 15.5746 7.4
      vertex 17.5971 17.6889 7.4
      vertex 17.0078 17.8468 7.4
    endloop
  endfacet
  facet normal 0 0 1
    outer loop
      vertex 17.5971 17.6889 7.4
      vertex 16.8275 15.5746 7.4
      vertex 17.025 15.4825 7.4
    endloop
  endfacet
  facet normal 0 0 1
    outer loop
      vertex 17.0078 17.8468 7.4
      vertex 16.6171 15.631 7.4
      vertex 16.8275 15.5746 7.4
    endloop
  endfacet
  facet normal 0 0 1
    outer loop
      vertex 16.4 17.9 7.4
      vertex 16.6171 15.631 7.4
      vertex 17.0078 17.8468 7.4
    endloop
  endfacet
  facet normal 0 0 1
    outer loop
      vertex 16.4 17.9 7.4
      vertex 16.4 15.65 7.4
      vertex 16.6171 15.631 7.4
    endloop
  endfacet
  facet normal 0 0 1
    outer loop
      vertex 16.4 17.9 7.4
      vertex 16.1829 15.631 7.4
      vertex 16.4 15.65 7.4
    endloop
  endfacet
  facet normal -0 0 1
    outer loop
      vertex 15.7922 17.8468 7.4
      vertex 16.1829 15.631 7.4
      vertex 16.4 17.9 7.4
    endloop
  endfacet
  facet normal 0 0 1
    outer loop
      vertex 16.1829 15.631 7.4
      vertex 15.7922 17.8468 7.4
      vertex 15.9725 15.5746 7.4
    endloop
  endfacet
  facet normal -0 0 1
    outer loop
      vertex 15.2029 17.6889 7.4
      vertex 15.9725 15.5746 7.4
      vertex 15.7922 17.8468 7.4
    endloop
  endfacet
  facet normal 0 0 1
    outer loop
      vertex 15.9725 15.5746 7.4
      vertex 15.2029 17.6889 7.4
      vertex 15.775 15.4825 7.4
    endloop
  endfacet
  facet normal -0 0 1
    outer loop
      vertex 14.65 17.4311 7.4
      vertex 15.775 15.4825 7.4
      vertex 15.2029 17.6889 7.4
    endloop
  endfacet
  facet normal 0 0 1
    outer loop
      vertex 15.775 15.4825 7.4
      vertex 14.65 17.4311 7.4
      vertex 15.5965 15.3576 7.4
    endloop
  endfacet
  facet normal -0 0 1
    outer loop
      vertex 14.1502 17.0812 7.4
      vertex 15.5965 15.3576 7.4
      vertex 14.65 17.4311 7.4
    endloop
  endfacet
  facet normal 0 0 1
    outer loop
      vertex 15.5965 15.3576 7.4
      vertex 14.1502 17.0812 7.4
      vertex 15.4424 15.2035 7.4
    endloop
  endfacet
  facet normal -0 0 1
    outer loop
      vertex 13.7188 16.6498 7.4
      vertex 15.4424 15.2035 7.4
      vertex 14.1502 17.0812 7.4
    endloop
  endfacet
  facet normal 0 0 1
    outer loop
      vertex 15.4424 15.2035 7.4
      vertex 13.7188 16.6498 7.4
      vertex 15.3175 15.025 7.4
    endloop
  endfacet
  facet normal -0 0 1
    outer loop
      vertex 13.3689 16.15 7.4
      vertex 15.3175 15.025 7.4
      vertex 13.7188 16.6498 7.4
    endloop
  endfacet
  facet normal 0 0 1
    outer loop
      vertex 19.4311 12.65 7.4
      vertex 17.4825 13.775 7.4
      vertex 19.0812 12.1502 7.4
    endloop
  endfacet
  facet normal -0 0 1
    outer loop
      vertex 17.3576 13.5965 7.4
      vertex 19.0812 12.1502 7.4
      vertex 17.4825 13.775 7.4
    endloop
  endfacet
  facet normal 0 0 1
    outer loop
      vertex 19.0812 12.1502 7.4
      vertex 17.3576 13.5965 7.4
      vertex 18.6498 11.7188 7.4
    endloop
  endfacet
  facet normal -0 0 1
    outer loop
      vertex 17.2035 13.4424 7.4
      vertex 18.6498 11.7188 7.4
      vertex 17.3576 13.5965 7.4
    endloop
  endfacet
  facet normal 0 0 1
    outer loop
      vertex 18.6498 11.7188 7.4
      vertex 17.2035 13.4424 7.4
      vertex 18.15 11.3689 7.4
    endloop
  endfacet
  facet normal -0 0 1
    outer loop
      vertex 17.025 13.3175 7.4
      vertex 18.15 11.3689 7.4
      vertex 17.2035 13.4424 7.4
    endloop
  endfacet
  facet normal 0 0 1
    outer loop
      vertex 18.15 11.3689 7.4
      vertex 17.025 13.3175 7.4
      vertex 17.5971 11.1111 7.4
    endloop
  endfacet
  facet normal -0 0 1
    outer loop
      vertex 16.8275 13.2254 7.4
      vertex 17.5971 11.1111 7.4
      vertex 17.025 13.3175 7.4
    endloop
  endfacet
  facet normal 0 0 1
    outer loop
      vertex 17.5971 11.1111 7.4
      vertex 16.8275 13.2254 7.4
      vertex 17.0078 10.9532 7.4
    endloop
  endfacet
  facet normal -0 0 1
    outer loop
      vertex 16.6171 13.169 7.4
      vertex 17.0078 10.9532 7.4
      vertex 16.8275 13.2254 7.4
    endloop
  endfacet
  facet normal -0 0 1
    outer loop
      vertex 16.4 13.15 7.4
      vertex 17.0078 10.9532 7.4
      vertex 16.6171 13.169 7.4
    endloop
  endfacet
  facet normal 0 0 1
    outer loop
      vertex 16.4 13.15 7.4
      vertex 16.4 10.9 7.4
      vertex 17.0078 10.9532 7.4
    endloop
  endfacet
  facet normal 0 0 1
    outer loop
      vertex 16.1829 13.169 7.4
      vertex 16.4 10.9 7.4
      vertex 16.4 13.15 7.4
    endloop
  endfacet
  facet normal 0 0 1
    outer loop
      vertex 15.7922 10.9532 7.4
      vertex 16.1829 13.169 7.4
      vertex 15.9725 13.2254 7.4
    endloop
  endfacet
  facet normal 0 0 1
    outer loop
      vertex 16.1829 13.169 7.4
      vertex 15.7922 10.9532 7.4
      vertex 16.4 10.9 7.4
    endloop
  endfacet
  facet normal 0 0 1
    outer loop
      vertex 15.2029 11.1111 7.4
      vertex 15.9725 13.2254 7.4
      vertex 15.775 13.3175 7.4
    endloop
  endfacet
  facet normal 0 0 1
    outer loop
      vertex 14.65 11.3689 7.4
      vertex 15.775 13.3175 7.4
      vertex 15.5965 13.4424 7.4
    endloop
  endfacet
  facet normal 0 0 1
    outer loop
      vertex 14.1502 11.7188 7.4
      vertex 15.5965 13.4424 7.4
      vertex 15.4424 13.5965 7.4
    endloop
  endfacet
  facet normal 0 0 1
    outer loop
      vertex 13.7188 12.1502 7.4
      vertex 15.4424 13.5965 7.4
      vertex 15.3175 13.775 7.4
    endloop
  endfacet
  facet normal 0 0 1
    outer loop
      vertex 13.3689 12.65 7.4
      vertex 15.3175 13.775 7.4
      vertex 15.2254 13.9725 7.4
    endloop
  endfacet
  facet normal 0 0 1
    outer loop
      vertex 15.9725 13.2254 7.4
      vertex 15.2029 11.1111 7.4
      vertex 15.7922 10.9532 7.4
    endloop
  endfacet
  facet normal 0 0 1
    outer loop
      vertex 13.1111 13.2029 7.4
      vertex 15.2254 13.9725 7.4
      vertex 15.169 14.1829 7.4
    endloop
  endfacet
  facet normal 0 0 1
    outer loop
      vertex 12.9532 13.7922 7.4
      vertex 15.169 14.1829 7.4
      vertex 15.15 14.4 7.4
    endloop
  endfacet
  facet normal 0 0 1
    outer loop
      vertex 15.3175 15.025 7.4
      vertex 13.3689 16.15 7.4
      vertex 15.2254 14.8275 7.4
    endloop
  endfacet
  facet normal 0 0 1
    outer loop
      vertex 15.775 13.3175 7.4
      vertex 14.65 11.3689 7.4
      vertex 15.2029 11.1111 7.4
    endloop
  endfacet
  facet normal -0 0 1
    outer loop
      vertex 13.1111 15.5971 7.4
      vertex 15.2254 14.8275 7.4
      vertex 13.3689 16.15 7.4
    endloop
  endfacet
  facet normal 0 0 1
    outer loop
      vertex 15.5965 13.4424 7.4
      vertex 14.1502 11.7188 7.4
      vertex 14.65 11.3689 7.4
    endloop
  endfacet
  facet normal 0 0 1
    outer loop
      vertex 15.2254 14.8275 7.4
      vertex 13.1111 15.5971 7.4
      vertex 15.169 14.6171 7.4
    endloop
  endfacet
  facet normal 0 0 1
    outer loop
      vertex 15.4424 13.5965 7.4
      vertex 13.7188 12.1502 7.4
      vertex 14.1502 11.7188 7.4
    endloop
  endfacet
  facet normal -0 0 1
    outer loop
      vertex 12.9532 15.0078 7.4
      vertex 15.169 14.6171 7.4
      vertex 13.1111 15.5971 7.4
    endloop
  endfacet
  facet normal 0 0 1
    outer loop
      vertex 15.3175 13.775 7.4
      vertex 13.3689 12.65 7.4
      vertex 13.7188 12.1502 7.4
    endloop
  endfacet
  facet normal 0 0 1
    outer loop
      vertex 15.169 14.6171 7.4
      vertex 12.9532 15.0078 7.4
      vertex 15.15 14.4 7.4
    endloop
  endfacet
  facet normal 0 0 1
    outer loop
      vertex 15.2254 13.9725 7.4
      vertex 13.1111 13.2029 7.4
      vertex 13.3689 12.65 7.4
    endloop
  endfacet
  facet normal 0 0 1
    outer loop
      vertex 12.9 14.4 7.4
      vertex 15.15 14.4 7.4
      vertex 12.9532 15.0078 7.4
    endloop
  endfacet
  facet normal 0 0 1
    outer loop
      vertex 15.169 14.1829 7.4
      vertex 12.9532 13.7922 7.4
      vertex 13.1111 13.2029 7.4
    endloop
  endfacet
  facet normal 0 0 1
    outer loop
      vertex 15.15 14.4 7.4
      vertex 12.9 14.4 7.4
      vertex 12.9532 13.7922 7.4
    endloop
  endfacet
  facet normal -0.906321 0.422589 0
    outer loop
      vertex 13.1111 15.5971 2.4
      vertex 13.3689 16.15 7.4
      vertex 13.3689 16.15 2.4
    endloop
  endfacet
  facet normal -0.906321 0.422589 0
    outer loop
      vertex 13.3689 16.15 7.4
      vertex 13.1111 15.5971 2.4
      vertex 13.1111 15.5971 7.4
    endloop
  endfacet
  facet normal -0.965927 0.258815 0
    outer loop
      vertex 12.9532 15.0078 2.4
      vertex 13.1111 15.5971 7.4
      vertex 13.1111 15.5971 2.4
    endloop
  endfacet
  facet normal -0.965927 0.258815 0
    outer loop
      vertex 13.1111 15.5971 7.4
      vertex 12.9532 15.0078 2.4
      vertex 12.9532 15.0078 7.4
    endloop
  endfacet
  facet normal 0.819201 -0.573506 0
    outer loop
      vertex 19.0812 12.1502 7.4
      vertex 19.4311 12.65 2.4
      vertex 19.4311 12.65 7.4
    endloop
  endfacet
  facet normal 0.819201 -0.573506 0
    outer loop
      vertex 19.4311 12.65 2.4
      vertex 19.0812 12.1502 7.4
      vertex 19.0812 12.1502 2.4
    endloop
  endfacet
  facet normal 0.258815 -0.965927 0
    outer loop
      vertex 17.0078 10.9532 2.4
      vertex 17.5971 11.1111 7.4
      vertex 17.0078 10.9532 7.4
    endloop
  endfacet
  facet normal 0.258815 -0.965927 0
    outer loop
      vertex 17.5971 11.1111 7.4
      vertex 17.0078 10.9532 2.4
      vertex 17.5971 11.1111 2.4
    endloop
  endfacet
  facet normal 0.707107 -0.707107 0
    outer loop
      vertex 18.6498 11.7188 2.4
      vertex 19.0812 12.1502 7.4
      vertex 18.6498 11.7188 7.4
    endloop
  endfacet
  facet normal 0.707107 -0.707107 0
    outer loop
      vertex 19.0812 12.1502 7.4
      vertex 18.6498 11.7188 2.4
      vertex 19.0812 12.1502 2.4
    endloop
  endfacet
  facet normal -0.422589 -0.906321 0
    outer loop
      vertex 14.65 11.3689 2.4
      vertex 15.2029 11.1111 7.4
      vertex 14.65 11.3689 7.4
    endloop
  endfacet
  facet normal -0.422589 -0.906321 -0
    outer loop
      vertex 15.2029 11.1111 7.4
      vertex 14.65 11.3689 2.4
      vertex 15.2029 11.1111 2.4
    endloop
  endfacet
  facet normal -0.573506 -0.819201 0
    outer loop
      vertex 14.1502 11.7188 2.4
      vertex 14.65 11.3689 7.4
      vertex 14.1502 11.7188 7.4
    endloop
  endfacet
  facet normal -0.573506 -0.819201 -0
    outer loop
      vertex 14.65 11.3689 7.4
      vertex 14.1502 11.7188 2.4
      vertex 14.65 11.3689 2.4
    endloop
  endfacet
  facet normal -0.965927 -0.258815 0
    outer loop
      vertex 13.1111 13.2029 2.4
      vertex 12.9532 13.7922 7.4
      vertex 12.9532 13.7922 2.4
    endloop
  endfacet
  facet normal -0.965927 -0.258815 0
    outer loop
      vertex 12.9532 13.7922 7.4
      vertex 13.1111 13.2029 2.4
      vertex 13.1111 13.2029 7.4
    endloop
  endfacet
  facet normal -0.819201 -0.573506 0
    outer loop
      vertex 13.7188 12.1502 2.4
      vertex 13.3689 12.65 7.4
      vertex 13.3689 12.65 2.4
    endloop
  endfacet
  facet normal -0.819201 -0.573506 0
    outer loop
      vertex 13.3689 12.65 7.4
      vertex 13.7188 12.1502 2.4
      vertex 13.7188 12.1502 7.4
    endloop
  endfacet
  facet normal 0.906321 -0.422589 0
    outer loop
      vertex 19.4311 12.65 7.4
      vertex 19.6889 13.2029 2.4
      vertex 19.6889 13.2029 7.4
    endloop
  endfacet
  facet normal 0.906321 -0.422589 0
    outer loop
      vertex 19.6889 13.2029 2.4
      vertex 19.4311 12.65 7.4
      vertex 19.4311 12.65 2.4
    endloop
  endfacet
  facet normal 0.422589 -0.906321 0
    outer loop
      vertex 17.5971 11.1111 2.4
      vertex 18.15 11.3689 7.4
      vertex 17.5971 11.1111 7.4
    endloop
  endfacet
  facet normal 0.422589 -0.906321 0
    outer loop
      vertex 18.15 11.3689 7.4
      vertex 17.5971 11.1111 2.4
      vertex 18.15 11.3689 2.4
    endloop
  endfacet
  facet normal -0.258815 -0.965927 0
    outer loop
      vertex 15.2029 11.1111 2.4
      vertex 15.7922 10.9532 7.4
      vertex 15.2029 11.1111 7.4
    endloop
  endfacet
  facet normal -0.258815 -0.965927 -0
    outer loop
      vertex 15.7922 10.9532 7.4
      vertex 15.2029 11.1111 2.4
      vertex 15.7922 10.9532 2.4
    endloop
  endfacet
  facet normal -0.573308 -0.81934 0
    outer loop
      vertex 17.025 15.4825 3.4
      vertex 17.2035 15.3576 7.4
      vertex 17.025 15.4825 7.4
    endloop
  endfacet
  facet normal -0.573308 -0.81934 -0
    outer loop
      vertex 17.2035 15.3576 7.4
      vertex 17.025 15.4825 3.4
      vertex 17.2035 15.3576 3.4
    endloop
  endfacet
  facet normal -0.996192 0.087184 0
    outer loop
      vertex 17.631 14.1829 3.4
      vertex 17.65 14.4 7.4
      vertex 17.65 14.4 3.4
    endloop
  endfacet
  facet normal -0.996192 0.087184 0
    outer loop
      vertex 17.65 14.4 7.4
      vertex 17.631 14.1829 3.4
      vertex 17.631 14.1829 7.4
    endloop
  endfacet
  facet normal 0.25892 -0.965899 0
    outer loop
      vertex 15.9725 15.5746 3.4
      vertex 16.1829 15.631 7.4
      vertex 15.9725 15.5746 7.4
    endloop
  endfacet
  facet normal 0.25892 -0.965899 0
    outer loop
      vertex 16.1829 15.631 7.4
      vertex 15.9725 15.5746 3.4
      vertex 16.1829 15.631 3.4
    endloop
  endfacet
  facet normal 0.81934 -0.573308 0
    outer loop
      vertex 15.3175 15.025 7.4
      vertex 15.4424 15.2035 3.4
      vertex 15.4424 15.2035 7.4
    endloop
  endfacet
  facet normal 0.81934 -0.573308 0
    outer loop
      vertex 15.4424 15.2035 3.4
      vertex 15.3175 15.025 7.4
      vertex 15.3175 15.025 3.4
    endloop
  endfacet
  facet normal -0.9063 -0.422634 0
    outer loop
      vertex 17.5746 14.8275 3.4
      vertex 17.4825 15.025 7.4
      vertex 17.4825 15.025 3.4
    endloop
  endfacet
  facet normal -0.9063 -0.422634 0
    outer loop
      vertex 17.4825 15.025 7.4
      vertex 17.5746 14.8275 3.4
      vertex 17.5746 14.8275 7.4
    endloop
  endfacet
  facet normal -0.81934 -0.573308 0
    outer loop
      vertex 17.4825 15.025 3.4
      vertex 17.3576 15.2035 7.4
      vertex 17.3576 15.2035 3.4
    endloop
  endfacet
  facet normal -0.81934 -0.573308 0
    outer loop
      vertex 17.3576 15.2035 7.4
      vertex 17.4825 15.025 3.4
      vertex 17.4825 15.025 7.4
    endloop
  endfacet
  facet normal -0.707107 -0.707107 0
    outer loop
      vertex 17.2035 15.3576 3.4
      vertex 17.3576 15.2035 7.4
      vertex 17.2035 15.3576 7.4
    endloop
  endfacet
  facet normal -0.707107 -0.707107 -0
    outer loop
      vertex 17.3576 15.2035 7.4
      vertex 17.2035 15.3576 3.4
      vertex 17.3576 15.2035 3.4
    endloop
  endfacet
  facet normal -0.422634 -0.9063 0
    outer loop
      vertex 16.8275 15.5746 3.4
      vertex 17.025 15.4825 7.4
      vertex 16.8275 15.5746 7.4
    endloop
  endfacet
  facet normal -0.422634 -0.9063 -0
    outer loop
      vertex 17.025 15.4825 7.4
      vertex 16.8275 15.5746 3.4
      vertex 17.025 15.4825 3.4
    endloop
  endfacet
  facet normal -0.087184 -0.996192 0
    outer loop
      vertex 16.4 15.65 3.4
      vertex 16.6171 15.631 7.4
      vertex 16.4 15.65 7.4
    endloop
  endfacet
  facet normal -0.087184 -0.996192 -0
    outer loop
      vertex 16.6171 15.631 7.4
      vertex 16.4 15.65 3.4
      vertex 16.6171 15.631 3.4
    endloop
  endfacet
  facet normal 0.996192 -0.087184 0
    outer loop
      vertex 15.15 14.4 7.4
      vertex 15.169 14.6171 3.4
      vertex 15.169 14.6171 7.4
    endloop
  endfacet
  facet normal 0.996192 -0.087184 0
    outer loop
      vertex 15.169 14.6171 3.4
      vertex 15.15 14.4 7.4
      vertex 15.15 14.4 3.4
    endloop
  endfacet
  facet normal 0.707107 -0.707107 0
    outer loop
      vertex 15.4424 15.2035 7.4
      vertex 15.5965 15.3576 3.4
      vertex 15.5965 15.3576 7.4
    endloop
  endfacet
  facet normal 0.707107 -0.707107 0
    outer loop
      vertex 15.5965 15.3576 3.4
      vertex 15.4424 15.2035 7.4
      vertex 15.4424 15.2035 3.4
    endloop
  endfacet
  facet normal 0.422634 -0.9063 0
    outer loop
      vertex 15.775 15.4825 3.4
      vertex 15.9725 15.5746 7.4
      vertex 15.775 15.4825 7.4
    endloop
  endfacet
  facet normal 0.422634 -0.9063 0
    outer loop
      vertex 15.9725 15.5746 7.4
      vertex 15.775 15.4825 3.4
      vertex 15.9725 15.5746 3.4
    endloop
  endfacet
  facet normal 0.087184 -0.996192 0
    outer loop
      vertex 16.1829 15.631 3.4
      vertex 16.4 15.65 7.4
      vertex 16.1829 15.631 7.4
    endloop
  endfacet
  facet normal 0.087184 -0.996192 0
    outer loop
      vertex 16.4 15.65 7.4
      vertex 16.1829 15.631 3.4
      vertex 16.4 15.65 3.4
    endloop
  endfacet
  facet normal 0.573308 -0.81934 0
    outer loop
      vertex 15.5965 15.3576 3.4
      vertex 15.775 15.4825 7.4
      vertex 15.5965 15.3576 7.4
    endloop
  endfacet
  facet normal 0.573308 -0.81934 0
    outer loop
      vertex 15.775 15.4825 7.4
      vertex 15.5965 15.3576 3.4
      vertex 15.775 15.4825 3.4
    endloop
  endfacet
  facet normal -0.996192 -0.087184 0
    outer loop
      vertex 17.65 14.4 3.4
      vertex 17.631 14.6171 7.4
      vertex 17.631 14.6171 3.4
    endloop
  endfacet
  facet normal -0.996192 -0.087184 0
    outer loop
      vertex 17.631 14.6171 7.4
      vertex 17.65 14.4 3.4
      vertex 17.65 14.4 7.4
    endloop
  endfacet
  facet normal -0.087184 0.996192 0
    outer loop
      vertex 16.6171 13.169 3.4
      vertex 16.4 13.15 7.4
      vertex 16.6171 13.169 7.4
    endloop
  endfacet
  facet normal -0.087184 0.996192 0
    outer loop
      vertex 16.4 13.15 7.4
      vertex 16.6171 13.169 3.4
      vertex 16.4 13.15 3.4
    endloop
  endfacet
  facet normal -0.965899 0.25892 0
    outer loop
      vertex 17.5746 13.9725 3.4
      vertex 17.631 14.1829 7.4
      vertex 17.631 14.1829 3.4
    endloop
  endfacet
  facet normal -0.965899 0.25892 0
    outer loop
      vertex 17.631 14.1829 7.4
      vertex 17.5746 13.9725 3.4
      vertex 17.5746 13.9725 7.4
    endloop
  endfacet
  facet normal -0.422634 0.9063 0
    outer loop
      vertex 17.025 13.3175 3.4
      vertex 16.8275 13.2254 7.4
      vertex 17.025 13.3175 7.4
    endloop
  endfacet
  facet normal -0.422634 0.9063 0
    outer loop
      vertex 16.8275 13.2254 7.4
      vertex 17.025 13.3175 3.4
      vertex 16.8275 13.2254 3.4
    endloop
  endfacet
  facet normal -0.573308 0.81934 0
    outer loop
      vertex 17.2035 13.4424 3.4
      vertex 17.025 13.3175 7.4
      vertex 17.2035 13.4424 7.4
    endloop
  endfacet
  facet normal -0.573308 0.81934 0
    outer loop
      vertex 17.025 13.3175 7.4
      vertex 17.2035 13.4424 3.4
      vertex 17.025 13.3175 3.4
    endloop
  endfacet
  facet normal 0.087184 0.996192 -0
    outer loop
      vertex 16.4 13.15 3.4
      vertex 16.1829 13.169 7.4
      vertex 16.4 13.15 7.4
    endloop
  endfacet
  facet normal 0.087184 0.996192 0
    outer loop
      vertex 16.1829 13.169 7.4
      vertex 16.4 13.15 3.4
      vertex 16.1829 13.169 3.4
    endloop
  endfacet
  facet normal 0.707107 0.707107 0
    outer loop
      vertex 15.5965 13.4424 7.4
      vertex 15.4424 13.5965 3.4
      vertex 15.4424 13.5965 7.4
    endloop
  endfacet
  facet normal 0.707107 0.707107 0
    outer loop
      vertex 15.4424 13.5965 3.4
      vertex 15.5965 13.4424 7.4
      vertex 15.5965 13.4424 3.4
    endloop
  endfacet
  facet normal 0.9063 0.422634 0
    outer loop
      vertex 15.3175 13.775 7.4
      vertex 15.2254 13.9725 3.4
      vertex 15.2254 13.9725 7.4
    endloop
  endfacet
  facet normal 0.9063 0.422634 0
    outer loop
      vertex 15.2254 13.9725 3.4
      vertex 15.3175 13.775 7.4
      vertex 15.3175 13.775 3.4
    endloop
  endfacet
  facet normal 0.996192 0.087184 0
    outer loop
      vertex 15.169 14.1829 7.4
      vertex 15.15 14.4 3.4
      vertex 15.15 14.4 7.4
    endloop
  endfacet
  facet normal 0.996192 0.087184 0
    outer loop
      vertex 15.15 14.4 3.4
      vertex 15.169 14.1829 7.4
      vertex 15.169 14.1829 3.4
    endloop
  endfacet
  facet normal 0 0 1
    outer loop
      vertex 17.631 14.6171 3.4
      vertex 17.631 14.1829 3.4
      vertex 17.65 14.4 3.4
    endloop
  endfacet
  facet normal 0 0 1
    outer loop
      vertex 17.5746 14.8275 3.4
      vertex 17.631 14.1829 3.4
      vertex 17.631 14.6171 3.4
    endloop
  endfacet
  facet normal 0 0 1
    outer loop
      vertex 17.5746 14.8275 3.4
      vertex 17.5746 13.9725 3.4
      vertex 17.631 14.1829 3.4
    endloop
  endfacet
  facet normal 0 0 1
    outer loop
      vertex 17.4825 15.025 3.4
      vertex 17.5746 13.9725 3.4
      vertex 17.5746 14.8275 3.4
    endloop
  endfacet
  facet normal 0 0 1
    outer loop
      vertex 17.4825 15.025 3.4
      vertex 17.4825 13.775 3.4
      vertex 17.5746 13.9725 3.4
    endloop
  endfacet
  facet normal 0 0 1
    outer loop
      vertex 17.3576 15.2035 3.4
      vertex 17.4825 13.775 3.4
      vertex 17.4825 15.025 3.4
    endloop
  endfacet
  facet normal 0 0 1
    outer loop
      vertex 17.3576 15.2035 3.4
      vertex 17.3576 13.5965 3.4
      vertex 17.4825 13.775 3.4
    endloop
  endfacet
  facet normal 0 0 1
    outer loop
      vertex 17.2035 15.3576 3.4
      vertex 17.3576 13.5965 3.4
      vertex 17.3576 15.2035 3.4
    endloop
  endfacet
  facet normal 0 0 1
    outer loop
      vertex 17.2035 15.3576 3.4
      vertex 17.2035 13.4424 3.4
      vertex 17.3576 13.5965 3.4
    endloop
  endfacet
  facet normal 0 0 1
    outer loop
      vertex 17.025 15.4825 3.4
      vertex 17.2035 13.4424 3.4
      vertex 17.2035 15.3576 3.4
    endloop
  endfacet
  facet normal 0 0 1
    outer loop
      vertex 17.025 15.4825 3.4
      vertex 17.025 13.3175 3.4
      vertex 17.2035 13.4424 3.4
    endloop
  endfacet
  facet normal 0 0 1
    outer loop
      vertex 16.8275 15.5746 3.4
      vertex 17.025 13.3175 3.4
      vertex 17.025 15.4825 3.4
    endloop
  endfacet
  facet normal 0 0 1
    outer loop
      vertex 16.8275 15.5746 3.4
      vertex 16.8275 13.2254 3.4
      vertex 17.025 13.3175 3.4
    endloop
  endfacet
  facet normal 0 0 1
    outer loop
      vertex 16.6171 15.631 3.4
      vertex 16.8275 13.2254 3.4
      vertex 16.8275 15.5746 3.4
    endloop
  endfacet
  facet normal 0 0 1
    outer loop
      vertex 16.6171 15.631 3.4
      vertex 16.6171 13.169 3.4
      vertex 16.8275 13.2254 3.4
    endloop
  endfacet
  facet normal 0 0 1
    outer loop
      vertex 16.4 15.65 3.4
      vertex 16.6171 13.169 3.4
      vertex 16.6171 15.631 3.4
    endloop
  endfacet
  facet normal 0 0 1
    outer loop
      vertex 16.4 15.65 3.4
      vertex 16.4 13.15 3.4
      vertex 16.6171 13.169 3.4
    endloop
  endfacet
  facet normal -0 0 1
    outer loop
      vertex 16.1829 15.631 3.4
      vertex 16.4 13.15 3.4
      vertex 16.4 15.65 3.4
    endloop
  endfacet
  facet normal 0 0 1
    outer loop
      vertex 16.1829 15.631 3.4
      vertex 16.1829 13.169 3.4
      vertex 16.4 13.15 3.4
    endloop
  endfacet
  facet normal -0 0 1
    outer loop
      vertex 15.9725 15.5746 3.4
      vertex 16.1829 13.169 3.4
      vertex 16.1829 15.631 3.4
    endloop
  endfacet
  facet normal 0 0 1
    outer loop
      vertex 15.9725 15.5746 3.4
      vertex 15.9725 13.2254 3.4
      vertex 16.1829 13.169 3.4
    endloop
  endfacet
  facet normal -0 0 1
    outer loop
      vertex 15.775 15.4825 3.4
      vertex 15.9725 13.2254 3.4
      vertex 15.9725 15.5746 3.4
    endloop
  endfacet
  facet normal 0 0 1
    outer loop
      vertex 15.775 15.4825 3.4
      vertex 15.775 13.3175 3.4
      vertex 15.9725 13.2254 3.4
    endloop
  endfacet
  facet normal -0 0 1
    outer loop
      vertex 15.5965 15.3576 3.4
      vertex 15.775 13.3175 3.4
      vertex 15.775 15.4825 3.4
    endloop
  endfacet
  facet normal 0 0 1
    outer loop
      vertex 15.5965 15.3576 3.4
      vertex 15.5965 13.4424 3.4
      vertex 15.775 13.3175 3.4
    endloop
  endfacet
  facet normal -0 0 1
    outer loop
      vertex 15.4424 15.2035 3.4
      vertex 15.5965 13.4424 3.4
      vertex 15.5965 15.3576 3.4
    endloop
  endfacet
  facet normal 0 0 1
    outer loop
      vertex 15.4424 15.2035 3.4
      vertex 15.4424 13.5965 3.4
      vertex 15.5965 13.4424 3.4
    endloop
  endfacet
  facet normal -0 0 1
    outer loop
      vertex 15.3175 15.025 3.4
      vertex 15.4424 13.5965 3.4
      vertex 15.4424 15.2035 3.4
    endloop
  endfacet
  facet normal 0 0 1
    outer loop
      vertex 15.3175 15.025 3.4
      vertex 15.3175 13.775 3.4
      vertex 15.4424 13.5965 3.4
    endloop
  endfacet
  facet normal -0 0 1
    outer loop
      vertex 15.2254 14.8275 3.4
      vertex 15.3175 13.775 3.4
      vertex 15.3175 15.025 3.4
    endloop
  endfacet
  facet normal 0 0 1
    outer loop
      vertex 15.2254 14.8275 3.4
      vertex 15.2254 13.9725 3.4
      vertex 15.3175 13.775 3.4
    endloop
  endfacet
  facet normal -0 0 1
    outer loop
      vertex 15.169 14.6171 3.4
      vertex 15.2254 13.9725 3.4
      vertex 15.2254 14.8275 3.4
    endloop
  endfacet
  facet normal 0 0 1
    outer loop
      vertex 15.169 14.6171 3.4
      vertex 15.169 14.1829 3.4
      vertex 15.2254 13.9725 3.4
    endloop
  endfacet
  facet normal 0 -0 1
    outer loop
      vertex 15.169 14.1829 3.4
      vertex 15.169 14.6171 3.4
      vertex 15.15 14.4 3.4
    endloop
  endfacet
  facet normal 0.81934 0.573308 0
    outer loop
      vertex 15.4424 13.5965 7.4
      vertex 15.3175 13.775 3.4
      vertex 15.3175 13.775 7.4
    endloop
  endfacet
  facet normal 0.81934 0.573308 0
    outer loop
      vertex 15.3175 13.775 3.4
      vertex 15.4424 13.5965 7.4
      vertex 15.4424 13.5965 3.4
    endloop
  endfacet
  facet normal -0.965899 -0.25892 0
    outer loop
      vertex 17.631 14.6171 3.4
      vertex 17.5746 14.8275 7.4
      vertex 17.5746 14.8275 3.4
    endloop
  endfacet
  facet normal -0.965899 -0.25892 0
    outer loop
      vertex 17.5746 14.8275 7.4
      vertex 17.631 14.6171 3.4
      vertex 17.631 14.6171 7.4
    endloop
  endfacet
  facet normal -0.25892 -0.965899 0
    outer loop
      vertex 16.6171 15.631 3.4
      vertex 16.8275 15.5746 7.4
      vertex 16.6171 15.631 7.4
    endloop
  endfacet
  facet normal -0.25892 -0.965899 -0
    outer loop
      vertex 16.8275 15.5746 7.4
      vertex 16.6171 15.631 3.4
      vertex 16.8275 15.5746 3.4
    endloop
  endfacet
  facet normal 0.9063 -0.422634 0
    outer loop
      vertex 15.2254 14.8275 7.4
      vertex 15.3175 15.025 3.4
      vertex 15.3175 15.025 7.4
    endloop
  endfacet
  facet normal 0.9063 -0.422634 0
    outer loop
      vertex 15.3175 15.025 3.4
      vertex 15.2254 14.8275 7.4
      vertex 15.2254 14.8275 3.4
    endloop
  endfacet
  facet normal 0.965899 -0.25892 0
    outer loop
      vertex 15.169 14.6171 7.4
      vertex 15.2254 14.8275 3.4
      vertex 15.2254 14.8275 7.4
    endloop
  endfacet
  facet normal 0.965899 -0.25892 0
    outer loop
      vertex 15.2254 14.8275 3.4
      vertex 15.169 14.6171 7.4
      vertex 15.169 14.6171 3.4
    endloop
  endfacet
  facet normal -0.81934 0.573308 0
    outer loop
      vertex 17.3576 13.5965 3.4
      vertex 17.4825 13.775 7.4
      vertex 17.4825 13.775 3.4
    endloop
  endfacet
  facet normal -0.81934 0.573308 0
    outer loop
      vertex 17.4825 13.775 7.4
      vertex 17.3576 13.5965 3.4
      vertex 17.3576 13.5965 7.4
    endloop
  endfacet
  facet normal -0.9063 0.422634 0
    outer loop
      vertex 17.4825 13.775 3.4
      vertex 17.5746 13.9725 7.4
      vertex 17.5746 13.9725 3.4
    endloop
  endfacet
  facet normal -0.9063 0.422634 0
    outer loop
      vertex 17.5746 13.9725 7.4
      vertex 17.4825 13.775 3.4
      vertex 17.4825 13.775 7.4
    endloop
  endfacet
  facet normal -0.25892 0.965899 0
    outer loop
      vertex 16.8275 13.2254 3.4
      vertex 16.6171 13.169 7.4
      vertex 16.8275 13.2254 7.4
    endloop
  endfacet
  facet normal -0.25892 0.965899 0
    outer loop
      vertex 16.6171 13.169 7.4
      vertex 16.8275 13.2254 3.4
      vertex 16.6171 13.169 3.4
    endloop
  endfacet
  facet normal -0.707107 0.707107 0
    outer loop
      vertex 17.3576 13.5965 3.4
      vertex 17.2035 13.4424 7.4
      vertex 17.3576 13.5965 7.4
    endloop
  endfacet
  facet normal -0.707107 0.707107 0
    outer loop
      vertex 17.2035 13.4424 7.4
      vertex 17.3576 13.5965 3.4
      vertex 17.2035 13.4424 3.4
    endloop
  endfacet
  facet normal 0.422634 0.9063 -0
    outer loop
      vertex 15.9725 13.2254 3.4
      vertex 15.775 13.3175 7.4
      vertex 15.9725 13.2254 7.4
    endloop
  endfacet
  facet normal 0.422634 0.9063 0
    outer loop
      vertex 15.775 13.3175 7.4
      vertex 15.9725 13.2254 3.4
      vertex 15.775 13.3175 3.4
    endloop
  endfacet
  facet normal 0.573308 0.81934 -0
    outer loop
      vertex 15.775 13.3175 3.4
      vertex 15.5965 13.4424 7.4
      vertex 15.775 13.3175 7.4
    endloop
  endfacet
  facet normal 0.573308 0.81934 0
    outer loop
      vertex 15.5965 13.4424 7.4
      vertex 15.775 13.3175 3.4
      vertex 15.5965 13.4424 3.4
    endloop
  endfacet
  facet normal 0.965899 0.25892 0
    outer loop
      vertex 15.2254 13.9725 7.4
      vertex 15.169 14.1829 3.4
      vertex 15.169 14.1829 7.4
    endloop
  endfacet
  facet normal 0.965899 0.25892 0
    outer loop
      vertex 15.169 14.1829 3.4
      vertex 15.2254 13.9725 7.4
      vertex 15.2254 13.9725 3.4
    endloop
  endfacet
  facet normal 0.25892 0.965899 -0
    outer loop
      vertex 16.1829 13.169 3.4
      vertex 15.9725 13.2254 7.4
      vertex 16.1829 13.169 7.4
    endloop
  endfacet
  facet normal 0.25892 0.965899 0
    outer loop
      vertex 15.9725 13.2254 7.4
      vertex 16.1829 13.169 3.4
      vertex 15.9725 13.2254 3.4
    endloop
  endfacet
  facet normal 0.573506 0.819201 -0
    outer loop
      vertex 18.6498 65.0812 2.4
      vertex 18.15 65.4311 7.4
      vertex 18.6498 65.0812 7.4
    endloop
  endfacet
  facet normal 0.573506 0.819201 0
    outer loop
      vertex 18.15 65.4311 7.4
      vertex 18.6498 65.0812 2.4
      vertex 18.15 65.4311 2.4
    endloop
  endfacet
  facet normal 0.996191 -0.0871954 0
    outer loop
      vertex 19.8468 61.7922 7.4
      vertex 19.9 62.4 2.4
      vertex 19.9 62.4 7.4
    endloop
  endfacet
  facet normal 0.996191 -0.0871954 0
    outer loop
      vertex 19.9 62.4 2.4
      vertex 19.8468 61.7922 7.4
      vertex 19.8468 61.7922 2.4
    endloop
  endfacet
  facet normal -0.258815 0.965927 0
    outer loop
      vertex 15.7922 65.8468 2.4
      vertex 15.2029 65.6889 7.4
      vertex 15.7922 65.8468 7.4
    endloop
  endfacet
  facet normal -0.258815 0.965927 0
    outer loop
      vertex 15.2029 65.6889 7.4
      vertex 15.7922 65.8468 2.4
      vertex 15.2029 65.6889 2.4
    endloop
  endfacet
  facet normal -0.819201 0.573506 0
    outer loop
      vertex 13.3689 64.15 2.4
      vertex 13.7188 64.6498 7.4
      vertex 13.7188 64.6498 2.4
    endloop
  endfacet
  facet normal -0.819201 0.573506 0
    outer loop
      vertex 13.7188 64.6498 7.4
      vertex 13.3689 64.15 2.4
      vertex 13.3689 64.15 7.4
    endloop
  endfacet
  facet normal 0.965927 0.258815 0
    outer loop
      vertex 19.8468 63.0078 7.4
      vertex 19.6889 63.5971 2.4
      vertex 19.6889 63.5971 7.4
    endloop
  endfacet
  facet normal 0.965927 0.258815 0
    outer loop
      vertex 19.6889 63.5971 2.4
      vertex 19.8468 63.0078 7.4
      vertex 19.8468 63.0078 2.4
    endloop
  endfacet
  facet normal 0.906321 0.422589 0
    outer loop
      vertex 19.6889 63.5971 7.4
      vertex 19.4311 64.15 2.4
      vertex 19.4311 64.15 7.4
    endloop
  endfacet
  facet normal 0.906321 0.422589 0
    outer loop
      vertex 19.4311 64.15 2.4
      vertex 19.6889 63.5971 7.4
      vertex 19.6889 63.5971 2.4
    endloop
  endfacet
  facet normal 0.819201 0.573506 0
    outer loop
      vertex 19.4311 64.15 7.4
      vertex 19.0812 64.6498 2.4
      vertex 19.0812 64.6498 7.4
    endloop
  endfacet
  facet normal 0.819201 0.573506 0
    outer loop
      vertex 19.0812 64.6498 2.4
      vertex 19.4311 64.15 7.4
      vertex 19.4311 64.15 2.4
    endloop
  endfacet
  facet normal 0.707107 0.707107 -0
    outer loop
      vertex 19.0812 64.6498 2.4
      vertex 18.6498 65.0812 7.4
      vertex 19.0812 64.6498 7.4
    endloop
  endfacet
  facet normal 0.707107 0.707107 0
    outer loop
      vertex 18.6498 65.0812 7.4
      vertex 19.0812 64.6498 2.4
      vertex 18.6498 65.0812 2.4
    endloop
  endfacet
  facet normal 0.422589 0.906321 -0
    outer loop
      vertex 18.15 65.4311 2.4
      vertex 17.5971 65.6889 7.4
      vertex 18.15 65.4311 7.4
    endloop
  endfacet
  facet normal 0.422589 0.906321 0
    outer loop
      vertex 17.5971 65.6889 7.4
      vertex 18.15 65.4311 2.4
      vertex 17.5971 65.6889 2.4
    endloop
  endfacet
  facet normal 0.0871954 0.996191 -0
    outer loop
      vertex 17.0078 65.8468 2.4
      vertex 16.4 65.9 7.4
      vertex 17.0078 65.8468 7.4
    endloop
  endfacet
  facet normal 0.0871954 0.996191 0
    outer loop
      vertex 16.4 65.9 7.4
      vertex 17.0078 65.8468 2.4
      vertex 16.4 65.9 2.4
    endloop
  endfacet
  facet normal -0.996191 0.0871954 0
    outer loop
      vertex 12.9 62.4 2.4
      vertex 12.9532 63.0078 7.4
      vertex 12.9532 63.0078 2.4
    endloop
  endfacet
  facet normal -0.996191 0.0871954 0
    outer loop
      vertex 12.9532 63.0078 7.4
      vertex 12.9 62.4 2.4
      vertex 12.9 62.4 7.4
    endloop
  endfacet
  facet normal -0.707107 0.707107 0
    outer loop
      vertex 14.1502 65.0812 2.4
      vertex 13.7188 64.6498 7.4
      vertex 14.1502 65.0812 7.4
    endloop
  endfacet
  facet normal -0.707107 0.707107 0
    outer loop
      vertex 13.7188 64.6498 7.4
      vertex 14.1502 65.0812 2.4
      vertex 13.7188 64.6498 2.4
    endloop
  endfacet
  facet normal -0.422589 0.906321 0
    outer loop
      vertex 15.2029 65.6889 2.4
      vertex 14.65 65.4311 7.4
      vertex 15.2029 65.6889 7.4
    endloop
  endfacet
  facet normal -0.422589 0.906321 0
    outer loop
      vertex 14.65 65.4311 7.4
      vertex 15.2029 65.6889 2.4
      vertex 14.65 65.4311 2.4
    endloop
  endfacet
  facet normal -0.0871954 0.996191 0
    outer loop
      vertex 16.4 65.9 2.4
      vertex 15.7922 65.8468 7.4
      vertex 16.4 65.9 7.4
    endloop
  endfacet
  facet normal -0.0871954 0.996191 0
    outer loop
      vertex 15.7922 65.8468 7.4
      vertex 16.4 65.9 2.4
      vertex 15.7922 65.8468 2.4
    endloop
  endfacet
  facet normal -0.573506 0.819201 0
    outer loop
      vertex 14.65 65.4311 2.4
      vertex 14.1502 65.0812 7.4
      vertex 14.65 65.4311 7.4
    endloop
  endfacet
  facet normal -0.573506 0.819201 0
    outer loop
      vertex 14.1502 65.0812 7.4
      vertex 14.65 65.4311 2.4
      vertex 14.1502 65.0812 2.4
    endloop
  endfacet
  facet normal 0.996191 0.0871954 0
    outer loop
      vertex 19.9 62.4 7.4
      vertex 19.8468 63.0078 2.4
      vertex 19.8468 63.0078 7.4
    endloop
  endfacet
  facet normal 0.996191 0.0871954 0
    outer loop
      vertex 19.8468 63.0078 2.4
      vertex 19.9 62.4 7.4
      vertex 19.9 62.4 2.4
    endloop
  endfacet
  facet normal 0.0871954 -0.996191 0
    outer loop
      vertex 16.4 58.9 2.4
      vertex 17.0078 58.9532 7.4
      vertex 16.4 58.9 7.4
    endloop
  endfacet
  facet normal 0.0871954 -0.996191 0
    outer loop
      vertex 17.0078 58.9532 7.4
      vertex 16.4 58.9 2.4
      vertex 17.0078 58.9532 2.4
    endloop
  endfacet
  facet normal 0.965927 -0.258815 0
    outer loop
      vertex 19.6889 61.2029 7.4
      vertex 19.8468 61.7922 2.4
      vertex 19.8468 61.7922 7.4
    endloop
  endfacet
  facet normal 0.965927 -0.258815 0
    outer loop
      vertex 19.8468 61.7922 2.4
      vertex 19.6889 61.2029 7.4
      vertex 19.6889 61.2029 2.4
    endloop
  endfacet
  facet normal 0.573506 -0.819201 0
    outer loop
      vertex 18.15 59.3689 2.4
      vertex 18.6498 59.7188 7.4
      vertex 18.15 59.3689 7.4
    endloop
  endfacet
  facet normal 0.573506 -0.819201 0
    outer loop
      vertex 18.6498 59.7188 7.4
      vertex 18.15 59.3689 2.4
      vertex 18.6498 59.7188 2.4
    endloop
  endfacet
  facet normal -0.0871954 -0.996191 0
    outer loop
      vertex 15.7922 58.9532 2.4
      vertex 16.4 58.9 7.4
      vertex 15.7922 58.9532 7.4
    endloop
  endfacet
  facet normal -0.0871954 -0.996191 -0
    outer loop
      vertex 16.4 58.9 7.4
      vertex 15.7922 58.9532 2.4
      vertex 16.4 58.9 2.4
    endloop
  endfacet
  facet normal -0.707107 -0.707107 0
    outer loop
      vertex 14.1502 59.7188 2.4
      vertex 13.7188 60.1502 7.4
      vertex 13.7188 60.1502 2.4
    endloop
  endfacet
  facet normal -0.707107 -0.707107 0
    outer loop
      vertex 13.7188 60.1502 7.4
      vertex 14.1502 59.7188 2.4
      vertex 14.1502 59.7188 7.4
    endloop
  endfacet
  facet normal -0.906321 -0.422589 0
    outer loop
      vertex 13.3689 60.65 2.4
      vertex 13.1111 61.2029 7.4
      vertex 13.1111 61.2029 2.4
    endloop
  endfacet
  facet normal -0.906321 -0.422589 0
    outer loop
      vertex 13.1111 61.2029 7.4
      vertex 13.3689 60.65 2.4
      vertex 13.3689 60.65 7.4
    endloop
  endfacet
  facet normal -0.996191 -0.0871954 0
    outer loop
      vertex 12.9532 61.7922 2.4
      vertex 12.9 62.4 7.4
      vertex 12.9 62.4 2.4
    endloop
  endfacet
  facet normal -0.996191 -0.0871954 0
    outer loop
      vertex 12.9 62.4 7.4
      vertex 12.9532 61.7922 2.4
      vertex 12.9532 61.7922 7.4
    endloop
  endfacet
  facet normal 0 0 -1
    outer loop
      vertex 19.8468 61.7922 2.4
      vertex 19.8468 63.0078 2.4
      vertex 19.9 62.4 2.4
    endloop
  endfacet
  facet normal 0 0 -1
    outer loop
      vertex 19.6889 61.2029 2.4
      vertex 19.8468 63.0078 2.4
      vertex 19.8468 61.7922 2.4
    endloop
  endfacet
  facet normal 0 0 -1
    outer loop
      vertex 19.6889 61.2029 2.4
      vertex 19.6889 63.5971 2.4
      vertex 19.8468 63.0078 2.4
    endloop
  endfacet
  facet normal 0 0 -1
    outer loop
      vertex 19.4311 60.65 2.4
      vertex 19.6889 63.5971 2.4
      vertex 19.6889 61.2029 2.4
    endloop
  endfacet
  facet normal 0 0 -1
    outer loop
      vertex 19.4311 60.65 2.4
      vertex 19.4311 64.15 2.4
      vertex 19.6889 63.5971 2.4
    endloop
  endfacet
  facet normal 0 0 -1
    outer loop
      vertex 19.0812 60.1502 2.4
      vertex 19.4311 64.15 2.4
      vertex 19.4311 60.65 2.4
    endloop
  endfacet
  facet normal 0 0 -1
    outer loop
      vertex 19.0812 60.1502 2.4
      vertex 19.0812 64.6498 2.4
      vertex 19.4311 64.15 2.4
    endloop
  endfacet
  facet normal 0 0 -1
    outer loop
      vertex 18.6498 59.7188 2.4
      vertex 19.0812 64.6498 2.4
      vertex 19.0812 60.1502 2.4
    endloop
  endfacet
  facet normal 0 0 -1
    outer loop
      vertex 18.6498 59.7188 2.4
      vertex 18.6498 65.0812 2.4
      vertex 19.0812 64.6498 2.4
    endloop
  endfacet
  facet normal 0 0 -1
    outer loop
      vertex 18.15 59.3689 2.4
      vertex 18.6498 65.0812 2.4
      vertex 18.6498 59.7188 2.4
    endloop
  endfacet
  facet normal 0 0 -1
    outer loop
      vertex 18.15 59.3689 2.4
      vertex 18.15 65.4311 2.4
      vertex 18.6498 65.0812 2.4
    endloop
  endfacet
  facet normal 0 0 -1
    outer loop
      vertex 17.5971 59.1111 2.4
      vertex 18.15 65.4311 2.4
      vertex 18.15 59.3689 2.4
    endloop
  endfacet
  facet normal 0 0 -1
    outer loop
      vertex 17.5971 59.1111 2.4
      vertex 17.5971 65.6889 2.4
      vertex 18.15 65.4311 2.4
    endloop
  endfacet
  facet normal 0 0 -1
    outer loop
      vertex 17.0078 58.9532 2.4
      vertex 17.5971 65.6889 2.4
      vertex 17.5971 59.1111 2.4
    endloop
  endfacet
  facet normal 0 0 -1
    outer loop
      vertex 17.0078 58.9532 2.4
      vertex 17.0078 65.8468 2.4
      vertex 17.5971 65.6889 2.4
    endloop
  endfacet
  facet normal 0 0 -1
    outer loop
      vertex 16.4 58.9 2.4
      vertex 17.0078 65.8468 2.4
      vertex 17.0078 58.9532 2.4
    endloop
  endfacet
  facet normal 0 0 -1
    outer loop
      vertex 16.4 58.9 2.4
      vertex 16.4 65.9 2.4
      vertex 17.0078 65.8468 2.4
    endloop
  endfacet
  facet normal 0 0 -1
    outer loop
      vertex 15.7922 58.9532 2.4
      vertex 16.4 65.9 2.4
      vertex 16.4 58.9 2.4
    endloop
  endfacet
  facet normal 0 0 -1
    outer loop
      vertex 15.7922 58.9532 2.4
      vertex 15.7922 65.8468 2.4
      vertex 16.4 65.9 2.4
    endloop
  endfacet
  facet normal 0 0 -1
    outer loop
      vertex 15.2029 59.1111 2.4
      vertex 15.7922 65.8468 2.4
      vertex 15.7922 58.9532 2.4
    endloop
  endfacet
  facet normal 0 0 -1
    outer loop
      vertex 15.2029 59.1111 2.4
      vertex 15.2029 65.6889 2.4
      vertex 15.7922 65.8468 2.4
    endloop
  endfacet
  facet normal 0 0 -1
    outer loop
      vertex 14.65 59.3689 2.4
      vertex 15.2029 65.6889 2.4
      vertex 15.2029 59.1111 2.4
    endloop
  endfacet
  facet normal 0 0 -1
    outer loop
      vertex 14.65 59.3689 2.4
      vertex 14.65 65.4311 2.4
      vertex 15.2029 65.6889 2.4
    endloop
  endfacet
  facet normal 0 0 -1
    outer loop
      vertex 14.1502 59.7188 2.4
      vertex 14.65 65.4311 2.4
      vertex 14.65 59.3689 2.4
    endloop
  endfacet
  facet normal 0 0 -1
    outer loop
      vertex 14.1502 59.7188 2.4
      vertex 14.1502 65.0812 2.4
      vertex 14.65 65.4311 2.4
    endloop
  endfacet
  facet normal 0 0 -1
    outer loop
      vertex 13.7188 60.1502 2.4
      vertex 14.1502 65.0812 2.4
      vertex 14.1502 59.7188 2.4
    endloop
  endfacet
  facet normal 0 0 -1
    outer loop
      vertex 13.7188 60.1502 2.4
      vertex 13.7188 64.6498 2.4
      vertex 14.1502 65.0812 2.4
    endloop
  endfacet
  facet normal 0 0 -1
    outer loop
      vertex 13.3689 60.65 2.4
      vertex 13.7188 64.6498 2.4
      vertex 13.7188 60.1502 2.4
    endloop
  endfacet
  facet normal 0 0 -1
    outer loop
      vertex 13.3689 60.65 2.4
      vertex 13.3689 64.15 2.4
      vertex 13.7188 64.6498 2.4
    endloop
  endfacet
  facet normal 0 0 -1
    outer loop
      vertex 13.1111 61.2029 2.4
      vertex 13.3689 64.15 2.4
      vertex 13.3689 60.65 2.4
    endloop
  endfacet
  facet normal 0 0 -1
    outer loop
      vertex 13.1111 61.2029 2.4
      vertex 13.1111 63.5971 2.4
      vertex 13.3689 64.15 2.4
    endloop
  endfacet
  facet normal 0 0 -1
    outer loop
      vertex 12.9532 61.7922 2.4
      vertex 13.1111 63.5971 2.4
      vertex 13.1111 61.2029 2.4
    endloop
  endfacet
  facet normal 0 0 -1
    outer loop
      vertex 12.9532 61.7922 2.4
      vertex 12.9532 63.0078 2.4
      vertex 13.1111 63.5971 2.4
    endloop
  endfacet
  facet normal 0 -0 -1
    outer loop
      vertex 12.9532 63.0078 2.4
      vertex 12.9532 61.7922 2.4
      vertex 12.9 62.4 2.4
    endloop
  endfacet
  facet normal 0.258815 0.965927 -0
    outer loop
      vertex 17.5971 65.6889 2.4
      vertex 17.0078 65.8468 7.4
      vertex 17.5971 65.6889 7.4
    endloop
  endfacet
  facet normal 0.258815 0.965927 0
    outer loop
      vertex 17.0078 65.8468 7.4
      vertex 17.5971 65.6889 2.4
      vertex 17.0078 65.8468 2.4
    endloop
  endfacet
  facet normal 0 0 1
    outer loop
      vertex 17.65 62.4 7.4
      vertex 19.9 62.4 7.4
      vertex 19.8468 63.0078 7.4
    endloop
  endfacet
  facet normal 0 0 1
    outer loop
      vertex 17.631 62.6171 7.4
      vertex 19.8468 63.0078 7.4
      vertex 19.6889 63.5971 7.4
    endloop
  endfacet
  facet normal 0 0 1
    outer loop
      vertex 19.9 62.4 7.4
      vertex 17.65 62.4 7.4
      vertex 19.8468 61.7922 7.4
    endloop
  endfacet
  facet normal 0 0 1
    outer loop
      vertex 17.5746 62.8275 7.4
      vertex 19.6889 63.5971 7.4
      vertex 19.4311 64.15 7.4
    endloop
  endfacet
  facet normal -0 0 1
    outer loop
      vertex 17.631 62.1829 7.4
      vertex 19.8468 61.7922 7.4
      vertex 17.65 62.4 7.4
    endloop
  endfacet
  facet normal 0 0 1
    outer loop
      vertex 17.4825 63.025 7.4
      vertex 19.4311 64.15 7.4
      vertex 19.0812 64.6498 7.4
    endloop
  endfacet
  facet normal 0 0 1
    outer loop
      vertex 19.8468 61.7922 7.4
      vertex 17.631 62.1829 7.4
      vertex 19.6889 61.2029 7.4
    endloop
  endfacet
  facet normal 0 0 1
    outer loop
      vertex 17.3576 63.2035 7.4
      vertex 19.0812 64.6498 7.4
      vertex 18.6498 65.0812 7.4
    endloop
  endfacet
  facet normal -0 0 1
    outer loop
      vertex 17.5746 61.9725 7.4
      vertex 19.6889 61.2029 7.4
      vertex 17.631 62.1829 7.4
    endloop
  endfacet
  facet normal 0 0 1
    outer loop
      vertex 17.2035 63.3576 7.4
      vertex 18.6498 65.0812 7.4
      vertex 18.15 65.4311 7.4
    endloop
  endfacet
  facet normal 0 0 1
    outer loop
      vertex 19.6889 61.2029 7.4
      vertex 17.5746 61.9725 7.4
      vertex 19.4311 60.65 7.4
    endloop
  endfacet
  facet normal -0 0 1
    outer loop
      vertex 17.4825 61.775 7.4
      vertex 19.4311 60.65 7.4
      vertex 17.5746 61.9725 7.4
    endloop
  endfacet
  facet normal 0 0 1
    outer loop
      vertex 19.8468 63.0078 7.4
      vertex 17.631 62.6171 7.4
      vertex 17.65 62.4 7.4
    endloop
  endfacet
  facet normal 0 0 1
    outer loop
      vertex 17.025 63.4825 7.4
      vertex 18.15 65.4311 7.4
      vertex 17.5971 65.6889 7.4
    endloop
  endfacet
  facet normal 0 0 1
    outer loop
      vertex 19.6889 63.5971 7.4
      vertex 17.5746 62.8275 7.4
      vertex 17.631 62.6171 7.4
    endloop
  endfacet
  facet normal 0 0 1
    outer loop
      vertex 19.4311 64.15 7.4
      vertex 17.4825 63.025 7.4
      vertex 17.5746 62.8275 7.4
    endloop
  endfacet
  facet normal 0 0 1
    outer loop
      vertex 19.0812 64.6498 7.4
      vertex 17.3576 63.2035 7.4
      vertex 17.4825 63.025 7.4
    endloop
  endfacet
  facet normal 0 0 1
    outer loop
      vertex 18.6498 65.0812 7.4
      vertex 17.2035 63.3576 7.4
      vertex 17.3576 63.2035 7.4
    endloop
  endfacet
  facet normal 0 0 1
    outer loop
      vertex 18.15 65.4311 7.4
      vertex 17.025 63.4825 7.4
      vertex 17.2035 63.3576 7.4
    endloop
  endfacet
  facet normal 0 0 1
    outer loop
      vertex 16.8275 63.5746 7.4
      vertex 17.5971 65.6889 7.4
      vertex 17.0078 65.8468 7.4
    endloop
  endfacet
  facet normal 0 0 1
    outer loop
      vertex 17.5971 65.6889 7.4
      vertex 16.8275 63.5746 7.4
      vertex 17.025 63.4825 7.4
    endloop
  endfacet
  facet normal 0 0 1
    outer loop
      vertex 17.0078 65.8468 7.4
      vertex 16.6171 63.631 7.4
      vertex 16.8275 63.5746 7.4
    endloop
  endfacet
  facet normal 0 0 1
    outer loop
      vertex 16.4 65.9 7.4
      vertex 16.6171 63.631 7.4
      vertex 17.0078 65.8468 7.4
    endloop
  endfacet
  facet normal 0 0 1
    outer loop
      vertex 16.4 65.9 7.4
      vertex 16.4 63.65 7.4
      vertex 16.6171 63.631 7.4
    endloop
  endfacet
  facet normal 0 0 1
    outer loop
      vertex 16.4 65.9 7.4
      vertex 16.1829 63.631 7.4
      vertex 16.4 63.65 7.4
    endloop
  endfacet
  facet normal -0 0 1
    outer loop
      vertex 15.7922 65.8468 7.4
      vertex 16.1829 63.631 7.4
      vertex 16.4 65.9 7.4
    endloop
  endfacet
  facet normal 0 0 1
    outer loop
      vertex 16.1829 63.631 7.4
      vertex 15.7922 65.8468 7.4
      vertex 15.9725 63.5746 7.4
    endloop
  endfacet
  facet normal -0 0 1
    outer loop
      vertex 15.2029 65.6889 7.4
      vertex 15.9725 63.5746 7.4
      vertex 15.7922 65.8468 7.4
    endloop
  endfacet
  facet normal 0 0 1
    outer loop
      vertex 15.9725 63.5746 7.4
      vertex 15.2029 65.6889 7.4
      vertex 15.775 63.4825 7.4
    endloop
  endfacet
  facet normal -0 0 1
    outer loop
      vertex 14.65 65.4311 7.4
      vertex 15.775 63.4825 7.4
      vertex 15.2029 65.6889 7.4
    endloop
  endfacet
  facet normal 0 0 1
    outer loop
      vertex 15.775 63.4825 7.4
      vertex 14.65 65.4311 7.4
      vertex 15.5965 63.3576 7.4
    endloop
  endfacet
  facet normal -0 0 1
    outer loop
      vertex 14.1502 65.0812 7.4
      vertex 15.5965 63.3576 7.4
      vertex 14.65 65.4311 7.4
    endloop
  endfacet
  facet normal 0 0 1
    outer loop
      vertex 15.5965 63.3576 7.4
      vertex 14.1502 65.0812 7.4
      vertex 15.4424 63.2035 7.4
    endloop
  endfacet
  facet normal -0 0 1
    outer loop
      vertex 13.7188 64.6498 7.4
      vertex 15.4424 63.2035 7.4
      vertex 14.1502 65.0812 7.4
    endloop
  endfacet
  facet normal 0 0 1
    outer loop
      vertex 15.4424 63.2035 7.4
      vertex 13.7188 64.6498 7.4
      vertex 15.3175 63.025 7.4
    endloop
  endfacet
  facet normal -0 0 1
    outer loop
      vertex 13.3689 64.15 7.4
      vertex 15.3175 63.025 7.4
      vertex 13.7188 64.6498 7.4
    endloop
  endfacet
  facet normal 0 0 1
    outer loop
      vertex 19.4311 60.65 7.4
      vertex 17.4825 61.775 7.4
      vertex 19.0812 60.1502 7.4
    endloop
  endfacet
  facet normal -0 0 1
    outer loop
      vertex 17.3576 61.5965 7.4
      vertex 19.0812 60.1502 7.4
      vertex 17.4825 61.775 7.4
    endloop
  endfacet
  facet normal 0 0 1
    outer loop
      vertex 19.0812 60.1502 7.4
      vertex 17.3576 61.5965 7.4
      vertex 18.6498 59.7188 7.4
    endloop
  endfacet
  facet normal -0 0 1
    outer loop
      vertex 17.2035 61.4424 7.4
      vertex 18.6498 59.7188 7.4
      vertex 17.3576 61.5965 7.4
    endloop
  endfacet
  facet normal 0 0 1
    outer loop
      vertex 18.6498 59.7188 7.4
      vertex 17.2035 61.4424 7.4
      vertex 18.15 59.3689 7.4
    endloop
  endfacet
  facet normal -0 0 1
    outer loop
      vertex 17.025 61.3175 7.4
      vertex 18.15 59.3689 7.4
      vertex 17.2035 61.4424 7.4
    endloop
  endfacet
  facet normal 0 0 1
    outer loop
      vertex 18.15 59.3689 7.4
      vertex 17.025 61.3175 7.4
      vertex 17.5971 59.1111 7.4
    endloop
  endfacet
  facet normal -0 0 1
    outer loop
      vertex 16.8275 61.2254 7.4
      vertex 17.5971 59.1111 7.4
      vertex 17.025 61.3175 7.4
    endloop
  endfacet
  facet normal 0 0 1
    outer loop
      vertex 17.5971 59.1111 7.4
      vertex 16.8275 61.2254 7.4
      vertex 17.0078 58.9532 7.4
    endloop
  endfacet
  facet normal -0 0 1
    outer loop
      vertex 16.6171 61.169 7.4
      vertex 17.0078 58.9532 7.4
      vertex 16.8275 61.2254 7.4
    endloop
  endfacet
  facet normal -0 0 1
    outer loop
      vertex 16.4 61.15 7.4
      vertex 17.0078 58.9532 7.4
      vertex 16.6171 61.169 7.4
    endloop
  endfacet
  facet normal 0 0 1
    outer loop
      vertex 16.4 61.15 7.4
      vertex 16.4 58.9 7.4
      vertex 17.0078 58.9532 7.4
    endloop
  endfacet
  facet normal 0 0 1
    outer loop
      vertex 16.1829 61.169 7.4
      vertex 16.4 58.9 7.4
      vertex 16.4 61.15 7.4
    endloop
  endfacet
  facet normal 0 0 1
    outer loop
      vertex 15.7922 58.9532 7.4
      vertex 16.1829 61.169 7.4
      vertex 15.9725 61.2254 7.4
    endloop
  endfacet
  facet normal 0 0 1
    outer loop
      vertex 16.1829 61.169 7.4
      vertex 15.7922 58.9532 7.4
      vertex 16.4 58.9 7.4
    endloop
  endfacet
  facet normal 0 0 1
    outer loop
      vertex 15.2029 59.1111 7.4
      vertex 15.9725 61.2254 7.4
      vertex 15.775 61.3175 7.4
    endloop
  endfacet
  facet normal 0 0 1
    outer loop
      vertex 14.65 59.3689 7.4
      vertex 15.775 61.3175 7.4
      vertex 15.5965 61.4424 7.4
    endloop
  endfacet
  facet normal 0 0 1
    outer loop
      vertex 14.1502 59.7188 7.4
      vertex 15.5965 61.4424 7.4
      vertex 15.4424 61.5965 7.4
    endloop
  endfacet
  facet normal 0 0 1
    outer loop
      vertex 13.7188 60.1502 7.4
      vertex 15.4424 61.5965 7.4
      vertex 15.3175 61.775 7.4
    endloop
  endfacet
  facet normal 0 0 1
    outer loop
      vertex 13.3689 60.65 7.4
      vertex 15.3175 61.775 7.4
      vertex 15.2254 61.9725 7.4
    endloop
  endfacet
  facet normal 0 0 1
    outer loop
      vertex 15.9725 61.2254 7.4
      vertex 15.2029 59.1111 7.4
      vertex 15.7922 58.9532 7.4
    endloop
  endfacet
  facet normal 0 0 1
    outer loop
      vertex 13.1111 61.2029 7.4
      vertex 15.2254 61.9725 7.4
      vertex 15.169 62.1829 7.4
    endloop
  endfacet
  facet normal 0 0 1
    outer loop
      vertex 12.9532 61.7922 7.4
      vertex 15.169 62.1829 7.4
      vertex 15.15 62.4 7.4
    endloop
  endfacet
  facet normal 0 0 1
    outer loop
      vertex 15.3175 63.025 7.4
      vertex 13.3689 64.15 7.4
      vertex 15.2254 62.8275 7.4
    endloop
  endfacet
  facet normal 0 0 1
    outer loop
      vertex 15.775 61.3175 7.4
      vertex 14.65 59.3689 7.4
      vertex 15.2029 59.1111 7.4
    endloop
  endfacet
  facet normal -0 0 1
    outer loop
      vertex 13.1111 63.5971 7.4
      vertex 15.2254 62.8275 7.4
      vertex 13.3689 64.15 7.4
    endloop
  endfacet
  facet normal 0 0 1
    outer loop
      vertex 15.5965 61.4424 7.4
      vertex 14.1502 59.7188 7.4
      vertex 14.65 59.3689 7.4
    endloop
  endfacet
  facet normal 0 0 1
    outer loop
      vertex 15.2254 62.8275 7.4
      vertex 13.1111 63.5971 7.4
      vertex 15.169 62.6171 7.4
    endloop
  endfacet
  facet normal 0 0 1
    outer loop
      vertex 15.4424 61.5965 7.4
      vertex 13.7188 60.1502 7.4
      vertex 14.1502 59.7188 7.4
    endloop
  endfacet
  facet normal -0 0 1
    outer loop
      vertex 12.9532 63.0078 7.4
      vertex 15.169 62.6171 7.4
      vertex 13.1111 63.5971 7.4
    endloop
  endfacet
  facet normal 0 0 1
    outer loop
      vertex 15.3175 61.775 7.4
      vertex 13.3689 60.65 7.4
      vertex 13.7188 60.1502 7.4
    endloop
  endfacet
  facet normal 0 0 1
    outer loop
      vertex 15.169 62.6171 7.4
      vertex 12.9532 63.0078 7.4
      vertex 15.15 62.4 7.4
    endloop
  endfacet
  facet normal 0 0 1
    outer loop
      vertex 15.2254 61.9725 7.4
      vertex 13.1111 61.2029 7.4
      vertex 13.3689 60.65 7.4
    endloop
  endfacet
  facet normal 0 0 1
    outer loop
      vertex 12.9 62.4 7.4
      vertex 15.15 62.4 7.4
      vertex 12.9532 63.0078 7.4
    endloop
  endfacet
  facet normal 0 0 1
    outer loop
      vertex 15.169 62.1829 7.4
      vertex 12.9532 61.7922 7.4
      vertex 13.1111 61.2029 7.4
    endloop
  endfacet
  facet normal 0 0 1
    outer loop
      vertex 15.15 62.4 7.4
      vertex 12.9 62.4 7.4
      vertex 12.9532 61.7922 7.4
    endloop
  endfacet
  facet normal -0.906321 0.422589 0
    outer loop
      vertex 13.1111 63.5971 2.4
      vertex 13.3689 64.15 7.4
      vertex 13.3689 64.15 2.4
    endloop
  endfacet
  facet normal -0.906321 0.422589 0
    outer loop
      vertex 13.3689 64.15 7.4
      vertex 13.1111 63.5971 2.4
      vertex 13.1111 63.5971 7.4
    endloop
  endfacet
  facet normal -0.965927 0.258815 0
    outer loop
      vertex 12.9532 63.0078 2.4
      vertex 13.1111 63.5971 7.4
      vertex 13.1111 63.5971 2.4
    endloop
  endfacet
  facet normal -0.965927 0.258815 0
    outer loop
      vertex 13.1111 63.5971 7.4
      vertex 12.9532 63.0078 2.4
      vertex 12.9532 63.0078 7.4
    endloop
  endfacet
  facet normal 0.819201 -0.573506 0
    outer loop
      vertex 19.0812 60.1502 7.4
      vertex 19.4311 60.65 2.4
      vertex 19.4311 60.65 7.4
    endloop
  endfacet
  facet normal 0.819201 -0.573506 0
    outer loop
      vertex 19.4311 60.65 2.4
      vertex 19.0812 60.1502 7.4
      vertex 19.0812 60.1502 2.4
    endloop
  endfacet
  facet normal 0.258815 -0.965927 0
    outer loop
      vertex 17.0078 58.9532 2.4
      vertex 17.5971 59.1111 7.4
      vertex 17.0078 58.9532 7.4
    endloop
  endfacet
  facet normal 0.258815 -0.965927 0
    outer loop
      vertex 17.5971 59.1111 7.4
      vertex 17.0078 58.9532 2.4
      vertex 17.5971 59.1111 2.4
    endloop
  endfacet
  facet normal 0.707107 -0.707107 0
    outer loop
      vertex 18.6498 59.7188 7.4
      vertex 19.0812 60.1502 2.4
      vertex 19.0812 60.1502 7.4
    endloop
  endfacet
  facet normal 0.707107 -0.707107 0
    outer loop
      vertex 19.0812 60.1502 2.4
      vertex 18.6498 59.7188 7.4
      vertex 18.6498 59.7188 2.4
    endloop
  endfacet
  facet normal -0.422589 -0.906321 0
    outer loop
      vertex 14.65 59.3689 2.4
      vertex 15.2029 59.1111 7.4
      vertex 14.65 59.3689 7.4
    endloop
  endfacet
  facet normal -0.422589 -0.906321 -0
    outer loop
      vertex 15.2029 59.1111 7.4
      vertex 14.65 59.3689 2.4
      vertex 15.2029 59.1111 2.4
    endloop
  endfacet
  facet normal -0.573506 -0.819201 0
    outer loop
      vertex 14.1502 59.7188 2.4
      vertex 14.65 59.3689 7.4
      vertex 14.1502 59.7188 7.4
    endloop
  endfacet
  facet normal -0.573506 -0.819201 -0
    outer loop
      vertex 14.65 59.3689 7.4
      vertex 14.1502 59.7188 2.4
      vertex 14.65 59.3689 2.4
    endloop
  endfacet
  facet normal -0.965927 -0.258815 0
    outer loop
      vertex 13.1111 61.2029 2.4
      vertex 12.9532 61.7922 7.4
      vertex 12.9532 61.7922 2.4
    endloop
  endfacet
  facet normal -0.965927 -0.258815 0
    outer loop
      vertex 12.9532 61.7922 7.4
      vertex 13.1111 61.2029 2.4
      vertex 13.1111 61.2029 7.4
    endloop
  endfacet
  facet normal -0.819201 -0.573506 0
    outer loop
      vertex 13.7188 60.1502 2.4
      vertex 13.3689 60.65 7.4
      vertex 13.3689 60.65 2.4
    endloop
  endfacet
  facet normal -0.819201 -0.573506 0
    outer loop
      vertex 13.3689 60.65 7.4
      vertex 13.7188 60.1502 2.4
      vertex 13.7188 60.1502 7.4
    endloop
  endfacet
  facet normal 0.906321 -0.422589 0
    outer loop
      vertex 19.4311 60.65 7.4
      vertex 19.6889 61.2029 2.4
      vertex 19.6889 61.2029 7.4
    endloop
  endfacet
  facet normal 0.906321 -0.422589 0
    outer loop
      vertex 19.6889 61.2029 2.4
      vertex 19.4311 60.65 7.4
      vertex 19.4311 60.65 2.4
    endloop
  endfacet
  facet normal 0.422589 -0.906321 0
    outer loop
      vertex 17.5971 59.1111 2.4
      vertex 18.15 59.3689 7.4
      vertex 17.5971 59.1111 7.4
    endloop
  endfacet
  facet normal 0.422589 -0.906321 0
    outer loop
      vertex 18.15 59.3689 7.4
      vertex 17.5971 59.1111 2.4
      vertex 18.15 59.3689 2.4
    endloop
  endfacet
  facet normal -0.258815 -0.965927 0
    outer loop
      vertex 15.2029 59.1111 2.4
      vertex 15.7922 58.9532 7.4
      vertex 15.2029 59.1111 7.4
    endloop
  endfacet
  facet normal -0.258815 -0.965927 -0
    outer loop
      vertex 15.7922 58.9532 7.4
      vertex 15.2029 59.1111 2.4
      vertex 15.7922 58.9532 2.4
    endloop
  endfacet
  facet normal -0.573308 -0.81934 0
    outer loop
      vertex 17.025 63.4825 3.4
      vertex 17.2035 63.3576 7.4
      vertex 17.025 63.4825 7.4
    endloop
  endfacet
  facet normal -0.573308 -0.81934 -0
    outer loop
      vertex 17.2035 63.3576 7.4
      vertex 17.025 63.4825 3.4
      vertex 17.2035 63.3576 3.4
    endloop
  endfacet
  facet normal -0.996192 0.087184 0
    outer loop
      vertex 17.631 62.1829 3.4
      vertex 17.65 62.4 7.4
      vertex 17.65 62.4 3.4
    endloop
  endfacet
  facet normal -0.996192 0.087184 0
    outer loop
      vertex 17.65 62.4 7.4
      vertex 17.631 62.1829 3.4
      vertex 17.631 62.1829 7.4
    endloop
  endfacet
  facet normal 0.25892 -0.965899 0
    outer loop
      vertex 15.9725 63.5746 3.4
      vertex 16.1829 63.631 7.4
      vertex 15.9725 63.5746 7.4
    endloop
  endfacet
  facet normal 0.25892 -0.965899 0
    outer loop
      vertex 16.1829 63.631 7.4
      vertex 15.9725 63.5746 3.4
      vertex 16.1829 63.631 3.4
    endloop
  endfacet
  facet normal 0.81934 -0.573308 0
    outer loop
      vertex 15.3175 63.025 7.4
      vertex 15.4424 63.2035 3.4
      vertex 15.4424 63.2035 7.4
    endloop
  endfacet
  facet normal 0.81934 -0.573308 0
    outer loop
      vertex 15.4424 63.2035 3.4
      vertex 15.3175 63.025 7.4
      vertex 15.3175 63.025 3.4
    endloop
  endfacet
  facet normal -0.9063 -0.422634 0
    outer loop
      vertex 17.5746 62.8275 3.4
      vertex 17.4825 63.025 7.4
      vertex 17.4825 63.025 3.4
    endloop
  endfacet
  facet normal -0.9063 -0.422634 0
    outer loop
      vertex 17.4825 63.025 7.4
      vertex 17.5746 62.8275 3.4
      vertex 17.5746 62.8275 7.4
    endloop
  endfacet
  facet normal -0.81934 -0.573308 0
    outer loop
      vertex 17.4825 63.025 3.4
      vertex 17.3576 63.2035 7.4
      vertex 17.3576 63.2035 3.4
    endloop
  endfacet
  facet normal -0.81934 -0.573308 0
    outer loop
      vertex 17.3576 63.2035 7.4
      vertex 17.4825 63.025 3.4
      vertex 17.4825 63.025 7.4
    endloop
  endfacet
  facet normal -0.707107 -0.707107 0
    outer loop
      vertex 17.3576 63.2035 3.4
      vertex 17.2035 63.3576 7.4
      vertex 17.2035 63.3576 3.4
    endloop
  endfacet
  facet normal -0.707107 -0.707107 0
    outer loop
      vertex 17.2035 63.3576 7.4
      vertex 17.3576 63.2035 3.4
      vertex 17.3576 63.2035 7.4
    endloop
  endfacet
  facet normal -0.422634 -0.9063 0
    outer loop
      vertex 16.8275 63.5746 3.4
      vertex 17.025 63.4825 7.4
      vertex 16.8275 63.5746 7.4
    endloop
  endfacet
  facet normal -0.422634 -0.9063 -0
    outer loop
      vertex 17.025 63.4825 7.4
      vertex 16.8275 63.5746 3.4
      vertex 17.025 63.4825 3.4
    endloop
  endfacet
  facet normal -0.087184 -0.996192 0
    outer loop
      vertex 16.4 63.65 3.4
      vertex 16.6171 63.631 7.4
      vertex 16.4 63.65 7.4
    endloop
  endfacet
  facet normal -0.087184 -0.996192 -0
    outer loop
      vertex 16.6171 63.631 7.4
      vertex 16.4 63.65 3.4
      vertex 16.6171 63.631 3.4
    endloop
  endfacet
  facet normal 0.996192 -0.087184 0
    outer loop
      vertex 15.15 62.4 7.4
      vertex 15.169 62.6171 3.4
      vertex 15.169 62.6171 7.4
    endloop
  endfacet
  facet normal 0.996192 -0.087184 0
    outer loop
      vertex 15.169 62.6171 3.4
      vertex 15.15 62.4 7.4
      vertex 15.15 62.4 3.4
    endloop
  endfacet
  facet normal 0.707107 -0.707107 0
    outer loop
      vertex 15.4424 63.2035 7.4
      vertex 15.5965 63.3576 3.4
      vertex 15.5965 63.3576 7.4
    endloop
  endfacet
  facet normal 0.707107 -0.707107 0
    outer loop
      vertex 15.5965 63.3576 3.4
      vertex 15.4424 63.2035 7.4
      vertex 15.4424 63.2035 3.4
    endloop
  endfacet
  facet normal 0.422634 -0.9063 0
    outer loop
      vertex 15.775 63.4825 3.4
      vertex 15.9725 63.5746 7.4
      vertex 15.775 63.4825 7.4
    endloop
  endfacet
  facet normal 0.422634 -0.9063 0
    outer loop
      vertex 15.9725 63.5746 7.4
      vertex 15.775 63.4825 3.4
      vertex 15.9725 63.5746 3.4
    endloop
  endfacet
  facet normal 0.087184 -0.996192 0
    outer loop
      vertex 16.1829 63.631 3.4
      vertex 16.4 63.65 7.4
      vertex 16.1829 63.631 7.4
    endloop
  endfacet
  facet normal 0.087184 -0.996192 0
    outer loop
      vertex 16.4 63.65 7.4
      vertex 16.1829 63.631 3.4
      vertex 16.4 63.65 3.4
    endloop
  endfacet
  facet normal 0.573308 -0.81934 0
    outer loop
      vertex 15.5965 63.3576 3.4
      vertex 15.775 63.4825 7.4
      vertex 15.5965 63.3576 7.4
    endloop
  endfacet
  facet normal 0.573308 -0.81934 0
    outer loop
      vertex 15.775 63.4825 7.4
      vertex 15.5965 63.3576 3.4
      vertex 15.775 63.4825 3.4
    endloop
  endfacet
  facet normal -0.996192 -0.087184 0
    outer loop
      vertex 17.65 62.4 3.4
      vertex 17.631 62.6171 7.4
      vertex 17.631 62.6171 3.4
    endloop
  endfacet
  facet normal -0.996192 -0.087184 0
    outer loop
      vertex 17.631 62.6171 7.4
      vertex 17.65 62.4 3.4
      vertex 17.65 62.4 7.4
    endloop
  endfacet
  facet normal -0.087184 0.996192 0
    outer loop
      vertex 16.6171 61.169 3.4
      vertex 16.4 61.15 7.4
      vertex 16.6171 61.169 7.4
    endloop
  endfacet
  facet normal -0.087184 0.996192 0
    outer loop
      vertex 16.4 61.15 7.4
      vertex 16.6171 61.169 3.4
      vertex 16.4 61.15 3.4
    endloop
  endfacet
  facet normal -0.965899 0.25892 0
    outer loop
      vertex 17.5746 61.9725 3.4
      vertex 17.631 62.1829 7.4
      vertex 17.631 62.1829 3.4
    endloop
  endfacet
  facet normal -0.965899 0.25892 0
    outer loop
      vertex 17.631 62.1829 7.4
      vertex 17.5746 61.9725 3.4
      vertex 17.5746 61.9725 7.4
    endloop
  endfacet
  facet normal -0.422634 0.9063 0
    outer loop
      vertex 17.025 61.3175 3.4
      vertex 16.8275 61.2254 7.4
      vertex 17.025 61.3175 7.4
    endloop
  endfacet
  facet normal -0.422634 0.9063 0
    outer loop
      vertex 16.8275 61.2254 7.4
      vertex 17.025 61.3175 3.4
      vertex 16.8275 61.2254 3.4
    endloop
  endfacet
  facet normal -0.573308 0.81934 0
    outer loop
      vertex 17.2035 61.4424 3.4
      vertex 17.025 61.3175 7.4
      vertex 17.2035 61.4424 7.4
    endloop
  endfacet
  facet normal -0.573308 0.81934 0
    outer loop
      vertex 17.025 61.3175 7.4
      vertex 17.2035 61.4424 3.4
      vertex 17.025 61.3175 3.4
    endloop
  endfacet
  facet normal 0.087184 0.996192 -0
    outer loop
      vertex 16.4 61.15 3.4
      vertex 16.1829 61.169 7.4
      vertex 16.4 61.15 7.4
    endloop
  endfacet
  facet normal 0.087184 0.996192 0
    outer loop
      vertex 16.1829 61.169 7.4
      vertex 16.4 61.15 3.4
      vertex 16.1829 61.169 3.4
    endloop
  endfacet
  facet normal 0.707107 0.707107 0
    outer loop
      vertex 15.5965 61.4424 7.4
      vertex 15.4424 61.5965 3.4
      vertex 15.4424 61.5965 7.4
    endloop
  endfacet
  facet normal 0.707107 0.707107 0
    outer loop
      vertex 15.4424 61.5965 3.4
      vertex 15.5965 61.4424 7.4
      vertex 15.5965 61.4424 3.4
    endloop
  endfacet
  facet normal 0.9063 0.422634 0
    outer loop
      vertex 15.3175 61.775 7.4
      vertex 15.2254 61.9725 3.4
      vertex 15.2254 61.9725 7.4
    endloop
  endfacet
  facet normal 0.9063 0.422634 0
    outer loop
      vertex 15.2254 61.9725 3.4
      vertex 15.3175 61.775 7.4
      vertex 15.3175 61.775 3.4
    endloop
  endfacet
  facet normal 0.996192 0.087184 0
    outer loop
      vertex 15.169 62.1829 7.4
      vertex 15.15 62.4 3.4
      vertex 15.15 62.4 7.4
    endloop
  endfacet
  facet normal 0.996192 0.087184 0
    outer loop
      vertex 15.15 62.4 3.4
      vertex 15.169 62.1829 7.4
      vertex 15.169 62.1829 3.4
    endloop
  endfacet
  facet normal 0 0 1
    outer loop
      vertex 17.631 62.6171 3.4
      vertex 17.631 62.1829 3.4
      vertex 17.65 62.4 3.4
    endloop
  endfacet
  facet normal 0 0 1
    outer loop
      vertex 17.5746 62.8275 3.4
      vertex 17.631 62.1829 3.4
      vertex 17.631 62.6171 3.4
    endloop
  endfacet
  facet normal 0 0 1
    outer loop
      vertex 17.5746 62.8275 3.4
      vertex 17.5746 61.9725 3.4
      vertex 17.631 62.1829 3.4
    endloop
  endfacet
  facet normal 0 0 1
    outer loop
      vertex 17.4825 63.025 3.4
      vertex 17.5746 61.9725 3.4
      vertex 17.5746 62.8275 3.4
    endloop
  endfacet
  facet normal 0 0 1
    outer loop
      vertex 17.4825 63.025 3.4
      vertex 17.4825 61.775 3.4
      vertex 17.5746 61.9725 3.4
    endloop
  endfacet
  facet normal 0 0 1
    outer loop
      vertex 17.3576 63.2035 3.4
      vertex 17.4825 61.775 3.4
      vertex 17.4825 63.025 3.4
    endloop
  endfacet
  facet normal 0 0 1
    outer loop
      vertex 17.3576 63.2035 3.4
      vertex 17.3576 61.5965 3.4
      vertex 17.4825 61.775 3.4
    endloop
  endfacet
  facet normal 0 0 1
    outer loop
      vertex 17.2035 63.3576 3.4
      vertex 17.3576 61.5965 3.4
      vertex 17.3576 63.2035 3.4
    endloop
  endfacet
  facet normal 0 0 1
    outer loop
      vertex 17.2035 63.3576 3.4
      vertex 17.2035 61.4424 3.4
      vertex 17.3576 61.5965 3.4
    endloop
  endfacet
  facet normal 0 0 1
    outer loop
      vertex 17.025 63.4825 3.4
      vertex 17.2035 61.4424 3.4
      vertex 17.2035 63.3576 3.4
    endloop
  endfacet
  facet normal 0 0 1
    outer loop
      vertex 17.025 63.4825 3.4
      vertex 17.025 61.3175 3.4
      vertex 17.2035 61.4424 3.4
    endloop
  endfacet
  facet normal 0 0 1
    outer loop
      vertex 16.8275 63.5746 3.4
      vertex 17.025 61.3175 3.4
      vertex 17.025 63.4825 3.4
    endloop
  endfacet
  facet normal 0 0 1
    outer loop
      vertex 16.8275 63.5746 3.4
      vertex 16.8275 61.2254 3.4
      vertex 17.025 61.3175 3.4
    endloop
  endfacet
  facet normal 0 0 1
    outer loop
      vertex 16.6171 63.631 3.4
      vertex 16.8275 61.2254 3.4
      vertex 16.8275 63.5746 3.4
    endloop
  endfacet
  facet normal 0 0 1
    outer loop
      vertex 16.6171 63.631 3.4
      vertex 16.6171 61.169 3.4
      vertex 16.8275 61.2254 3.4
    endloop
  endfacet
  facet normal 0 0 1
    outer loop
      vertex 16.4 63.65 3.4
      vertex 16.6171 61.169 3.4
      vertex 16.6171 63.631 3.4
    endloop
  endfacet
  facet normal 0 0 1
    outer loop
      vertex 16.4 63.65 3.4
      vertex 16.4 61.15 3.4
      vertex 16.6171 61.169 3.4
    endloop
  endfacet
  facet normal -0 0 1
    outer loop
      vertex 16.1829 63.631 3.4
      vertex 16.4 61.15 3.4
      vertex 16.4 63.65 3.4
    endloop
  endfacet
  facet normal 0 0 1
    outer loop
      vertex 16.1829 63.631 3.4
      vertex 16.1829 61.169 3.4
      vertex 16.4 61.15 3.4
    endloop
  endfacet
  facet normal -0 0 1
    outer loop
      vertex 15.9725 63.5746 3.4
      vertex 16.1829 61.169 3.4
      vertex 16.1829 63.631 3.4
    endloop
  endfacet
  facet normal 0 0 1
    outer loop
      vertex 15.9725 63.5746 3.4
      vertex 15.9725 61.2254 3.4
      vertex 16.1829 61.169 3.4
    endloop
  endfacet
  facet normal -0 0 1
    outer loop
      vertex 15.775 63.4825 3.4
      vertex 15.9725 61.2254 3.4
      vertex 15.9725 63.5746 3.4
    endloop
  endfacet
  facet normal 0 0 1
    outer loop
      vertex 15.775 63.4825 3.4
      vertex 15.775 61.3175 3.4
      vertex 15.9725 61.2254 3.4
    endloop
  endfacet
  facet normal -0 0 1
    outer loop
      vertex 15.5965 63.3576 3.4
      vertex 15.775 61.3175 3.4
      vertex 15.775 63.4825 3.4
    endloop
  endfacet
  facet normal 0 0 1
    outer loop
      vertex 15.5965 63.3576 3.4
      vertex 15.5965 61.4424 3.4
      vertex 15.775 61.3175 3.4
    endloop
  endfacet
  facet normal -0 0 1
    outer loop
      vertex 15.4424 63.2035 3.4
      vertex 15.5965 61.4424 3.4
      vertex 15.5965 63.3576 3.4
    endloop
  endfacet
  facet normal 0 0 1
    outer loop
      vertex 15.4424 63.2035 3.4
      vertex 15.4424 61.5965 3.4
      vertex 15.5965 61.4424 3.4
    endloop
  endfacet
  facet normal -0 0 1
    outer loop
      vertex 15.3175 63.025 3.4
      vertex 15.4424 61.5965 3.4
      vertex 15.4424 63.2035 3.4
    endloop
  endfacet
  facet normal 0 0 1
    outer loop
      vertex 15.3175 63.025 3.4
      vertex 15.3175 61.775 3.4
      vertex 15.4424 61.5965 3.4
    endloop
  endfacet
  facet normal -0 0 1
    outer loop
      vertex 15.2254 62.8275 3.4
      vertex 15.3175 61.775 3.4
      vertex 15.3175 63.025 3.4
    endloop
  endfacet
  facet normal 0 0 1
    outer loop
      vertex 15.2254 62.8275 3.4
      vertex 15.2254 61.9725 3.4
      vertex 15.3175 61.775 3.4
    endloop
  endfacet
  facet normal -0 0 1
    outer loop
      vertex 15.169 62.6171 3.4
      vertex 15.2254 61.9725 3.4
      vertex 15.2254 62.8275 3.4
    endloop
  endfacet
  facet normal 0 0 1
    outer loop
      vertex 15.169 62.6171 3.4
      vertex 15.169 62.1829 3.4
      vertex 15.2254 61.9725 3.4
    endloop
  endfacet
  facet normal 0 -0 1
    outer loop
      vertex 15.169 62.1829 3.4
      vertex 15.169 62.6171 3.4
      vertex 15.15 62.4 3.4
    endloop
  endfacet
  facet normal 0.81934 0.573308 0
    outer loop
      vertex 15.4424 61.5965 7.4
      vertex 15.3175 61.775 3.4
      vertex 15.3175 61.775 7.4
    endloop
  endfacet
  facet normal 0.81934 0.573308 0
    outer loop
      vertex 15.3175 61.775 3.4
      vertex 15.4424 61.5965 7.4
      vertex 15.4424 61.5965 3.4
    endloop
  endfacet
  facet normal -0.965899 -0.25892 0
    outer loop
      vertex 17.631 62.6171 3.4
      vertex 17.5746 62.8275 7.4
      vertex 17.5746 62.8275 3.4
    endloop
  endfacet
  facet normal -0.965899 -0.25892 0
    outer loop
      vertex 17.5746 62.8275 7.4
      vertex 17.631 62.6171 3.4
      vertex 17.631 62.6171 7.4
    endloop
  endfacet
  facet normal -0.25892 -0.965899 0
    outer loop
      vertex 16.6171 63.631 3.4
      vertex 16.8275 63.5746 7.4
      vertex 16.6171 63.631 7.4
    endloop
  endfacet
  facet normal -0.25892 -0.965899 -0
    outer loop
      vertex 16.8275 63.5746 7.4
      vertex 16.6171 63.631 3.4
      vertex 16.8275 63.5746 3.4
    endloop
  endfacet
  facet normal 0.9063 -0.422634 0
    outer loop
      vertex 15.2254 62.8275 7.4
      vertex 15.3175 63.025 3.4
      vertex 15.3175 63.025 7.4
    endloop
  endfacet
  facet normal 0.9063 -0.422634 0
    outer loop
      vertex 15.3175 63.025 3.4
      vertex 15.2254 62.8275 7.4
      vertex 15.2254 62.8275 3.4
    endloop
  endfacet
  facet normal 0.965899 -0.25892 0
    outer loop
      vertex 15.169 62.6171 7.4
      vertex 15.2254 62.8275 3.4
      vertex 15.2254 62.8275 7.4
    endloop
  endfacet
  facet normal 0.965899 -0.25892 0
    outer loop
      vertex 15.2254 62.8275 3.4
      vertex 15.169 62.6171 7.4
      vertex 15.169 62.6171 3.4
    endloop
  endfacet
  facet normal -0.81934 0.573308 0
    outer loop
      vertex 17.3576 61.5965 3.4
      vertex 17.4825 61.775 7.4
      vertex 17.4825 61.775 3.4
    endloop
  endfacet
  facet normal -0.81934 0.573308 0
    outer loop
      vertex 17.4825 61.775 7.4
      vertex 17.3576 61.5965 3.4
      vertex 17.3576 61.5965 7.4
    endloop
  endfacet
  facet normal -0.9063 0.422634 0
    outer loop
      vertex 17.4825 61.775 3.4
      vertex 17.5746 61.9725 7.4
      vertex 17.5746 61.9725 3.4
    endloop
  endfacet
  facet normal -0.9063 0.422634 0
    outer loop
      vertex 17.5746 61.9725 7.4
      vertex 17.4825 61.775 3.4
      vertex 17.4825 61.775 7.4
    endloop
  endfacet
  facet normal -0.25892 0.965899 0
    outer loop
      vertex 16.8275 61.2254 3.4
      vertex 16.6171 61.169 7.4
      vertex 16.8275 61.2254 7.4
    endloop
  endfacet
  facet normal -0.25892 0.965899 0
    outer loop
      vertex 16.6171 61.169 7.4
      vertex 16.8275 61.2254 3.4
      vertex 16.6171 61.169 3.4
    endloop
  endfacet
  facet normal -0.707107 0.707107 0
    outer loop
      vertex 17.2035 61.4424 3.4
      vertex 17.3576 61.5965 7.4
      vertex 17.3576 61.5965 3.4
    endloop
  endfacet
  facet normal -0.707107 0.707107 0
    outer loop
      vertex 17.3576 61.5965 7.4
      vertex 17.2035 61.4424 3.4
      vertex 17.2035 61.4424 7.4
    endloop
  endfacet
  facet normal 0.422634 0.9063 -0
    outer loop
      vertex 15.9725 61.2254 3.4
      vertex 15.775 61.3175 7.4
      vertex 15.9725 61.2254 7.4
    endloop
  endfacet
  facet normal 0.422634 0.9063 0
    outer loop
      vertex 15.775 61.3175 7.4
      vertex 15.9725 61.2254 3.4
      vertex 15.775 61.3175 3.4
    endloop
  endfacet
  facet normal 0.573308 0.81934 -0
    outer loop
      vertex 15.775 61.3175 3.4
      vertex 15.5965 61.4424 7.4
      vertex 15.775 61.3175 7.4
    endloop
  endfacet
  facet normal 0.573308 0.81934 0
    outer loop
      vertex 15.5965 61.4424 7.4
      vertex 15.775 61.3175 3.4
      vertex 15.5965 61.4424 3.4
    endloop
  endfacet
  facet normal 0.965899 0.25892 0
    outer loop
      vertex 15.2254 61.9725 7.4
      vertex 15.169 62.1829 3.4
      vertex 15.169 62.1829 7.4
    endloop
  endfacet
  facet normal 0.965899 0.25892 0
    outer loop
      vertex 15.169 62.1829 3.4
      vertex 15.2254 61.9725 7.4
      vertex 15.2254 61.9725 3.4
    endloop
  endfacet
  facet normal 0.25892 0.965899 -0
    outer loop
      vertex 16.1829 61.169 3.4
      vertex 15.9725 61.2254 7.4
      vertex 16.1829 61.169 7.4
    endloop
  endfacet
  facet normal 0.25892 0.965899 0
    outer loop
      vertex 15.9725 61.2254 7.4
      vertex 16.1829 61.169 3.4
      vertex 15.9725 61.2254 3.4
    endloop
  endfacet
  facet normal 0.573506 0.819201 -0
    outer loop
      vertex 41.6498 17.0812 2.4
      vertex 41.15 17.4311 7.4
      vertex 41.6498 17.0812 7.4
    endloop
  endfacet
  facet normal 0.573506 0.819201 0
    outer loop
      vertex 41.15 17.4311 7.4
      vertex 41.6498 17.0812 2.4
      vertex 41.15 17.4311 2.4
    endloop
  endfacet
  facet normal 0.996191 -0.0871954 0
    outer loop
      vertex 42.8468 13.7922 7.4
      vertex 42.9 14.4 2.4
      vertex 42.9 14.4 7.4
    endloop
  endfacet
  facet normal 0.996191 -0.0871954 0
    outer loop
      vertex 42.9 14.4 2.4
      vertex 42.8468 13.7922 7.4
      vertex 42.8468 13.7922 2.4
    endloop
  endfacet
  facet normal -0.258815 0.965927 0
    outer loop
      vertex 38.7922 17.8468 2.4
      vertex 38.2029 17.6889 7.4
      vertex 38.7922 17.8468 7.4
    endloop
  endfacet
  facet normal -0.258815 0.965927 0
    outer loop
      vertex 38.2029 17.6889 7.4
      vertex 38.7922 17.8468 2.4
      vertex 38.2029 17.6889 2.4
    endloop
  endfacet
  facet normal -0.819201 0.573506 0
    outer loop
      vertex 36.3689 16.15 2.4
      vertex 36.7188 16.6498 7.4
      vertex 36.7188 16.6498 2.4
    endloop
  endfacet
  facet normal -0.819201 0.573506 0
    outer loop
      vertex 36.7188 16.6498 7.4
      vertex 36.3689 16.15 2.4
      vertex 36.3689 16.15 7.4
    endloop
  endfacet
  facet normal 0.965927 0.258815 0
    outer loop
      vertex 42.8468 15.0078 7.4
      vertex 42.6889 15.5971 2.4
      vertex 42.6889 15.5971 7.4
    endloop
  endfacet
  facet normal 0.965927 0.258815 0
    outer loop
      vertex 42.6889 15.5971 2.4
      vertex 42.8468 15.0078 7.4
      vertex 42.8468 15.0078 2.4
    endloop
  endfacet
  facet normal 0.906321 0.422589 0
    outer loop
      vertex 42.6889 15.5971 7.4
      vertex 42.4311 16.15 2.4
      vertex 42.4311 16.15 7.4
    endloop
  endfacet
  facet normal 0.906321 0.422589 0
    outer loop
      vertex 42.4311 16.15 2.4
      vertex 42.6889 15.5971 7.4
      vertex 42.6889 15.5971 2.4
    endloop
  endfacet
  facet normal 0.819201 0.573506 0
    outer loop
      vertex 42.4311 16.15 7.4
      vertex 42.0812 16.6498 2.4
      vertex 42.0812 16.6498 7.4
    endloop
  endfacet
  facet normal 0.819201 0.573506 0
    outer loop
      vertex 42.0812 16.6498 2.4
      vertex 42.4311 16.15 7.4
      vertex 42.4311 16.15 2.4
    endloop
  endfacet
  facet normal 0.707107 0.707107 0
    outer loop
      vertex 42.0812 16.6498 7.4
      vertex 41.6498 17.0812 2.4
      vertex 41.6498 17.0812 7.4
    endloop
  endfacet
  facet normal 0.707107 0.707107 0
    outer loop
      vertex 41.6498 17.0812 2.4
      vertex 42.0812 16.6498 7.4
      vertex 42.0812 16.6498 2.4
    endloop
  endfacet
  facet normal 0.422589 0.906321 -0
    outer loop
      vertex 41.15 17.4311 2.4
      vertex 40.5971 17.6889 7.4
      vertex 41.15 17.4311 7.4
    endloop
  endfacet
  facet normal 0.422589 0.906321 0
    outer loop
      vertex 40.5971 17.6889 7.4
      vertex 41.15 17.4311 2.4
      vertex 40.5971 17.6889 2.4
    endloop
  endfacet
  facet normal 0.0871954 0.996191 -0
    outer loop
      vertex 40.0078 17.8468 2.4
      vertex 39.4 17.9 7.4
      vertex 40.0078 17.8468 7.4
    endloop
  endfacet
  facet normal 0.0871954 0.996191 0
    outer loop
      vertex 39.4 17.9 7.4
      vertex 40.0078 17.8468 2.4
      vertex 39.4 17.9 2.4
    endloop
  endfacet
  facet normal -0.996191 0.0871954 0
    outer loop
      vertex 35.9 14.4 2.4
      vertex 35.9532 15.0078 7.4
      vertex 35.9532 15.0078 2.4
    endloop
  endfacet
  facet normal -0.996191 0.0871954 0
    outer loop
      vertex 35.9532 15.0078 7.4
      vertex 35.9 14.4 2.4
      vertex 35.9 14.4 7.4
    endloop
  endfacet
  facet normal -0.707107 0.707107 0
    outer loop
      vertex 36.7188 16.6498 2.4
      vertex 37.1502 17.0812 7.4
      vertex 37.1502 17.0812 2.4
    endloop
  endfacet
  facet normal -0.707107 0.707107 0
    outer loop
      vertex 37.1502 17.0812 7.4
      vertex 36.7188 16.6498 2.4
      vertex 36.7188 16.6498 7.4
    endloop
  endfacet
  facet normal -0.422589 0.906321 0
    outer loop
      vertex 38.2029 17.6889 2.4
      vertex 37.65 17.4311 7.4
      vertex 38.2029 17.6889 7.4
    endloop
  endfacet
  facet normal -0.422589 0.906321 0
    outer loop
      vertex 37.65 17.4311 7.4
      vertex 38.2029 17.6889 2.4
      vertex 37.65 17.4311 2.4
    endloop
  endfacet
  facet normal -0.0871954 0.996191 0
    outer loop
      vertex 39.4 17.9 2.4
      vertex 38.7922 17.8468 7.4
      vertex 39.4 17.9 7.4
    endloop
  endfacet
  facet normal -0.0871954 0.996191 0
    outer loop
      vertex 38.7922 17.8468 7.4
      vertex 39.4 17.9 2.4
      vertex 38.7922 17.8468 2.4
    endloop
  endfacet
  facet normal -0.573506 0.819201 0
    outer loop
      vertex 37.65 17.4311 2.4
      vertex 37.1502 17.0812 7.4
      vertex 37.65 17.4311 7.4
    endloop
  endfacet
  facet normal -0.573506 0.819201 0
    outer loop
      vertex 37.1502 17.0812 7.4
      vertex 37.65 17.4311 2.4
      vertex 37.1502 17.0812 2.4
    endloop
  endfacet
  facet normal 0.996191 0.0871954 0
    outer loop
      vertex 42.9 14.4 7.4
      vertex 42.8468 15.0078 2.4
      vertex 42.8468 15.0078 7.4
    endloop
  endfacet
  facet normal 0.996191 0.0871954 0
    outer loop
      vertex 42.8468 15.0078 2.4
      vertex 42.9 14.4 7.4
      vertex 42.9 14.4 2.4
    endloop
  endfacet
  facet normal 0.0871954 -0.996191 0
    outer loop
      vertex 39.4 10.9 2.4
      vertex 40.0078 10.9532 7.4
      vertex 39.4 10.9 7.4
    endloop
  endfacet
  facet normal 0.0871954 -0.996191 0
    outer loop
      vertex 40.0078 10.9532 7.4
      vertex 39.4 10.9 2.4
      vertex 40.0078 10.9532 2.4
    endloop
  endfacet
  facet normal 0.965927 -0.258815 0
    outer loop
      vertex 42.6889 13.2029 7.4
      vertex 42.8468 13.7922 2.4
      vertex 42.8468 13.7922 7.4
    endloop
  endfacet
  facet normal 0.965927 -0.258815 0
    outer loop
      vertex 42.8468 13.7922 2.4
      vertex 42.6889 13.2029 7.4
      vertex 42.6889 13.2029 2.4
    endloop
  endfacet
  facet normal 0.573506 -0.819201 0
    outer loop
      vertex 41.15 11.3689 2.4
      vertex 41.6498 11.7188 7.4
      vertex 41.15 11.3689 7.4
    endloop
  endfacet
  facet normal 0.573506 -0.819201 0
    outer loop
      vertex 41.6498 11.7188 7.4
      vertex 41.15 11.3689 2.4
      vertex 41.6498 11.7188 2.4
    endloop
  endfacet
  facet normal -0.0871954 -0.996191 0
    outer loop
      vertex 38.7922 10.9532 2.4
      vertex 39.4 10.9 7.4
      vertex 38.7922 10.9532 7.4
    endloop
  endfacet
  facet normal -0.0871954 -0.996191 -0
    outer loop
      vertex 39.4 10.9 7.4
      vertex 38.7922 10.9532 2.4
      vertex 39.4 10.9 2.4
    endloop
  endfacet
  facet normal -0.707107 -0.707107 0
    outer loop
      vertex 36.7188 12.1502 2.4
      vertex 37.1502 11.7188 7.4
      vertex 36.7188 12.1502 7.4
    endloop
  endfacet
  facet normal -0.707107 -0.707107 -0
    outer loop
      vertex 37.1502 11.7188 7.4
      vertex 36.7188 12.1502 2.4
      vertex 37.1502 11.7188 2.4
    endloop
  endfacet
  facet normal -0.906321 -0.422589 0
    outer loop
      vertex 36.3689 12.65 2.4
      vertex 36.1111 13.2029 7.4
      vertex 36.1111 13.2029 2.4
    endloop
  endfacet
  facet normal -0.906321 -0.422589 0
    outer loop
      vertex 36.1111 13.2029 7.4
      vertex 36.3689 12.65 2.4
      vertex 36.3689 12.65 7.4
    endloop
  endfacet
  facet normal -0.996191 -0.0871954 0
    outer loop
      vertex 35.9532 13.7922 2.4
      vertex 35.9 14.4 7.4
      vertex 35.9 14.4 2.4
    endloop
  endfacet
  facet normal -0.996191 -0.0871954 0
    outer loop
      vertex 35.9 14.4 7.4
      vertex 35.9532 13.7922 2.4
      vertex 35.9532 13.7922 7.4
    endloop
  endfacet
  facet normal 0 0 -1
    outer loop
      vertex 42.8468 13.7922 2.4
      vertex 42.8468 15.0078 2.4
      vertex 42.9 14.4 2.4
    endloop
  endfacet
  facet normal 0 0 -1
    outer loop
      vertex 42.6889 13.2029 2.4
      vertex 42.8468 15.0078 2.4
      vertex 42.8468 13.7922 2.4
    endloop
  endfacet
  facet normal 0 0 -1
    outer loop
      vertex 42.6889 13.2029 2.4
      vertex 42.6889 15.5971 2.4
      vertex 42.8468 15.0078 2.4
    endloop
  endfacet
  facet normal 0 0 -1
    outer loop
      vertex 42.4311 12.65 2.4
      vertex 42.6889 15.5971 2.4
      vertex 42.6889 13.2029 2.4
    endloop
  endfacet
  facet normal 0 0 -1
    outer loop
      vertex 42.4311 12.65 2.4
      vertex 42.4311 16.15 2.4
      vertex 42.6889 15.5971 2.4
    endloop
  endfacet
  facet normal 0 0 -1
    outer loop
      vertex 42.0812 12.1502 2.4
      vertex 42.4311 16.15 2.4
      vertex 42.4311 12.65 2.4
    endloop
  endfacet
  facet normal 0 0 -1
    outer loop
      vertex 42.0812 12.1502 2.4
      vertex 42.0812 16.6498 2.4
      vertex 42.4311 16.15 2.4
    endloop
  endfacet
  facet normal 0 0 -1
    outer loop
      vertex 41.6498 11.7188 2.4
      vertex 42.0812 16.6498 2.4
      vertex 42.0812 12.1502 2.4
    endloop
  endfacet
  facet normal 0 0 -1
    outer loop
      vertex 41.6498 11.7188 2.4
      vertex 41.6498 17.0812 2.4
      vertex 42.0812 16.6498 2.4
    endloop
  endfacet
  facet normal 0 0 -1
    outer loop
      vertex 41.15 11.3689 2.4
      vertex 41.6498 17.0812 2.4
      vertex 41.6498 11.7188 2.4
    endloop
  endfacet
  facet normal 0 0 -1
    outer loop
      vertex 41.15 11.3689 2.4
      vertex 41.15 17.4311 2.4
      vertex 41.6498 17.0812 2.4
    endloop
  endfacet
  facet normal 0 0 -1
    outer loop
      vertex 40.5971 11.1111 2.4
      vertex 41.15 17.4311 2.4
      vertex 41.15 11.3689 2.4
    endloop
  endfacet
  facet normal 0 0 -1
    outer loop
      vertex 40.5971 11.1111 2.4
      vertex 40.5971 17.6889 2.4
      vertex 41.15 17.4311 2.4
    endloop
  endfacet
  facet normal 0 0 -1
    outer loop
      vertex 40.0078 10.9532 2.4
      vertex 40.5971 17.6889 2.4
      vertex 40.5971 11.1111 2.4
    endloop
  endfacet
  facet normal 0 0 -1
    outer loop
      vertex 40.0078 10.9532 2.4
      vertex 40.0078 17.8468 2.4
      vertex 40.5971 17.6889 2.4
    endloop
  endfacet
  facet normal 0 0 -1
    outer loop
      vertex 39.4 10.9 2.4
      vertex 40.0078 17.8468 2.4
      vertex 40.0078 10.9532 2.4
    endloop
  endfacet
  facet normal 0 0 -1
    outer loop
      vertex 39.4 10.9 2.4
      vertex 39.4 17.9 2.4
      vertex 40.0078 17.8468 2.4
    endloop
  endfacet
  facet normal 0 0 -1
    outer loop
      vertex 38.7922 10.9532 2.4
      vertex 39.4 17.9 2.4
      vertex 39.4 10.9 2.4
    endloop
  endfacet
  facet normal 0 0 -1
    outer loop
      vertex 38.7922 10.9532 2.4
      vertex 38.7922 17.8468 2.4
      vertex 39.4 17.9 2.4
    endloop
  endfacet
  facet normal 0 0 -1
    outer loop
      vertex 38.2029 11.1111 2.4
      vertex 38.7922 17.8468 2.4
      vertex 38.7922 10.9532 2.4
    endloop
  endfacet
  facet normal 0 0 -1
    outer loop
      vertex 38.2029 11.1111 2.4
      vertex 38.2029 17.6889 2.4
      vertex 38.7922 17.8468 2.4
    endloop
  endfacet
  facet normal 0 0 -1
    outer loop
      vertex 37.65 11.3689 2.4
      vertex 38.2029 17.6889 2.4
      vertex 38.2029 11.1111 2.4
    endloop
  endfacet
  facet normal 0 0 -1
    outer loop
      vertex 37.65 11.3689 2.4
      vertex 37.65 17.4311 2.4
      vertex 38.2029 17.6889 2.4
    endloop
  endfacet
  facet normal 0 0 -1
    outer loop
      vertex 37.1502 11.7188 2.4
      vertex 37.65 17.4311 2.4
      vertex 37.65 11.3689 2.4
    endloop
  endfacet
  facet normal 0 0 -1
    outer loop
      vertex 37.1502 11.7188 2.4
      vertex 37.1502 17.0812 2.4
      vertex 37.65 17.4311 2.4
    endloop
  endfacet
  facet normal 0 0 -1
    outer loop
      vertex 36.7188 12.1502 2.4
      vertex 37.1502 17.0812 2.4
      vertex 37.1502 11.7188 2.4
    endloop
  endfacet
  facet normal 0 0 -1
    outer loop
      vertex 36.7188 12.1502 2.4
      vertex 36.7188 16.6498 2.4
      vertex 37.1502 17.0812 2.4
    endloop
  endfacet
  facet normal 0 0 -1
    outer loop
      vertex 36.3689 12.65 2.4
      vertex 36.7188 16.6498 2.4
      vertex 36.7188 12.1502 2.4
    endloop
  endfacet
  facet normal 0 0 -1
    outer loop
      vertex 36.3689 12.65 2.4
      vertex 36.3689 16.15 2.4
      vertex 36.7188 16.6498 2.4
    endloop
  endfacet
  facet normal 0 0 -1
    outer loop
      vertex 36.1111 13.2029 2.4
      vertex 36.3689 16.15 2.4
      vertex 36.3689 12.65 2.4
    endloop
  endfacet
  facet normal 0 0 -1
    outer loop
      vertex 36.1111 13.2029 2.4
      vertex 36.1111 15.5971 2.4
      vertex 36.3689 16.15 2.4
    endloop
  endfacet
  facet normal 0 0 -1
    outer loop
      vertex 35.9532 13.7922 2.4
      vertex 36.1111 15.5971 2.4
      vertex 36.1111 13.2029 2.4
    endloop
  endfacet
  facet normal 0 0 -1
    outer loop
      vertex 35.9532 13.7922 2.4
      vertex 35.9532 15.0078 2.4
      vertex 36.1111 15.5971 2.4
    endloop
  endfacet
  facet normal 0 -0 -1
    outer loop
      vertex 35.9532 15.0078 2.4
      vertex 35.9532 13.7922 2.4
      vertex 35.9 14.4 2.4
    endloop
  endfacet
  facet normal 0.258815 0.965927 -0
    outer loop
      vertex 40.5971 17.6889 2.4
      vertex 40.0078 17.8468 7.4
      vertex 40.5971 17.6889 7.4
    endloop
  endfacet
  facet normal 0.258815 0.965927 0
    outer loop
      vertex 40.0078 17.8468 7.4
      vertex 40.5971 17.6889 2.4
      vertex 40.0078 17.8468 2.4
    endloop
  endfacet
  facet normal 0 0 1
    outer loop
      vertex 40.65 14.4 7.4
      vertex 42.9 14.4 7.4
      vertex 42.8468 15.0078 7.4
    endloop
  endfacet
  facet normal 0 0 1
    outer loop
      vertex 40.631 14.6171 7.4
      vertex 42.8468 15.0078 7.4
      vertex 42.6889 15.5971 7.4
    endloop
  endfacet
  facet normal 0 0 1
    outer loop
      vertex 42.9 14.4 7.4
      vertex 40.65 14.4 7.4
      vertex 42.8468 13.7922 7.4
    endloop
  endfacet
  facet normal 0 0 1
    outer loop
      vertex 40.5746 14.8275 7.4
      vertex 42.6889 15.5971 7.4
      vertex 42.4311 16.15 7.4
    endloop
  endfacet
  facet normal -0 0 1
    outer loop
      vertex 40.631 14.1829 7.4
      vertex 42.8468 13.7922 7.4
      vertex 40.65 14.4 7.4
    endloop
  endfacet
  facet normal 0 0 1
    outer loop
      vertex 40.4825 15.025 7.4
      vertex 42.4311 16.15 7.4
      vertex 42.0812 16.6498 7.4
    endloop
  endfacet
  facet normal 0 0 1
    outer loop
      vertex 42.8468 13.7922 7.4
      vertex 40.631 14.1829 7.4
      vertex 42.6889 13.2029 7.4
    endloop
  endfacet
  facet normal 0 0 1
    outer loop
      vertex 40.3576 15.2035 7.4
      vertex 42.0812 16.6498 7.4
      vertex 41.6498 17.0812 7.4
    endloop
  endfacet
  facet normal -0 0 1
    outer loop
      vertex 40.5746 13.9725 7.4
      vertex 42.6889 13.2029 7.4
      vertex 40.631 14.1829 7.4
    endloop
  endfacet
  facet normal 0 0 1
    outer loop
      vertex 40.2035 15.3576 7.4
      vertex 41.6498 17.0812 7.4
      vertex 41.15 17.4311 7.4
    endloop
  endfacet
  facet normal 0 0 1
    outer loop
      vertex 42.6889 13.2029 7.4
      vertex 40.5746 13.9725 7.4
      vertex 42.4311 12.65 7.4
    endloop
  endfacet
  facet normal -0 0 1
    outer loop
      vertex 40.4825 13.775 7.4
      vertex 42.4311 12.65 7.4
      vertex 40.5746 13.9725 7.4
    endloop
  endfacet
  facet normal 0 0 1
    outer loop
      vertex 42.8468 15.0078 7.4
      vertex 40.631 14.6171 7.4
      vertex 40.65 14.4 7.4
    endloop
  endfacet
  facet normal 0 0 1
    outer loop
      vertex 40.025 15.4825 7.4
      vertex 41.15 17.4311 7.4
      vertex 40.5971 17.6889 7.4
    endloop
  endfacet
  facet normal 0 0 1
    outer loop
      vertex 42.6889 15.5971 7.4
      vertex 40.5746 14.8275 7.4
      vertex 40.631 14.6171 7.4
    endloop
  endfacet
  facet normal 0 0 1
    outer loop
      vertex 42.4311 16.15 7.4
      vertex 40.4825 15.025 7.4
      vertex 40.5746 14.8275 7.4
    endloop
  endfacet
  facet normal 0 0 1
    outer loop
      vertex 42.0812 16.6498 7.4
      vertex 40.3576 15.2035 7.4
      vertex 40.4825 15.025 7.4
    endloop
  endfacet
  facet normal 0 0 1
    outer loop
      vertex 41.6498 17.0812 7.4
      vertex 40.2035 15.3576 7.4
      vertex 40.3576 15.2035 7.4
    endloop
  endfacet
  facet normal 0 0 1
    outer loop
      vertex 41.15 17.4311 7.4
      vertex 40.025 15.4825 7.4
      vertex 40.2035 15.3576 7.4
    endloop
  endfacet
  facet normal 0 0 1
    outer loop
      vertex 39.8275 15.5746 7.4
      vertex 40.5971 17.6889 7.4
      vertex 40.0078 17.8468 7.4
    endloop
  endfacet
  facet normal 0 0 1
    outer loop
      vertex 40.5971 17.6889 7.4
      vertex 39.8275 15.5746 7.4
      vertex 40.025 15.4825 7.4
    endloop
  endfacet
  facet normal 0 0 1
    outer loop
      vertex 40.0078 17.8468 7.4
      vertex 39.6171 15.631 7.4
      vertex 39.8275 15.5746 7.4
    endloop
  endfacet
  facet normal 0 0 1
    outer loop
      vertex 39.4 17.9 7.4
      vertex 39.6171 15.631 7.4
      vertex 40.0078 17.8468 7.4
    endloop
  endfacet
  facet normal 0 0 1
    outer loop
      vertex 39.4 17.9 7.4
      vertex 39.4 15.65 7.4
      vertex 39.6171 15.631 7.4
    endloop
  endfacet
  facet normal 0 0 1
    outer loop
      vertex 39.4 17.9 7.4
      vertex 39.1829 15.631 7.4
      vertex 39.4 15.65 7.4
    endloop
  endfacet
  facet normal -0 0 1
    outer loop
      vertex 38.7922 17.8468 7.4
      vertex 39.1829 15.631 7.4
      vertex 39.4 17.9 7.4
    endloop
  endfacet
  facet normal 0 0 1
    outer loop
      vertex 39.1829 15.631 7.4
      vertex 38.7922 17.8468 7.4
      vertex 38.9725 15.5746 7.4
    endloop
  endfacet
  facet normal -0 0 1
    outer loop
      vertex 38.2029 17.6889 7.4
      vertex 38.9725 15.5746 7.4
      vertex 38.7922 17.8468 7.4
    endloop
  endfacet
  facet normal 0 0 1
    outer loop
      vertex 38.9725 15.5746 7.4
      vertex 38.2029 17.6889 7.4
      vertex 38.775 15.4825 7.4
    endloop
  endfacet
  facet normal -0 0 1
    outer loop
      vertex 37.65 17.4311 7.4
      vertex 38.775 15.4825 7.4
      vertex 38.2029 17.6889 7.4
    endloop
  endfacet
  facet normal 0 0 1
    outer loop
      vertex 38.775 15.4825 7.4
      vertex 37.65 17.4311 7.4
      vertex 38.5965 15.3576 7.4
    endloop
  endfacet
  facet normal -0 0 1
    outer loop
      vertex 37.1502 17.0812 7.4
      vertex 38.5965 15.3576 7.4
      vertex 37.65 17.4311 7.4
    endloop
  endfacet
  facet normal 0 0 1
    outer loop
      vertex 38.5965 15.3576 7.4
      vertex 37.1502 17.0812 7.4
      vertex 38.4424 15.2035 7.4
    endloop
  endfacet
  facet normal -0 0 1
    outer loop
      vertex 36.7188 16.6498 7.4
      vertex 38.4424 15.2035 7.4
      vertex 37.1502 17.0812 7.4
    endloop
  endfacet
  facet normal 0 0 1
    outer loop
      vertex 38.4424 15.2035 7.4
      vertex 36.7188 16.6498 7.4
      vertex 38.3175 15.025 7.4
    endloop
  endfacet
  facet normal -0 0 1
    outer loop
      vertex 36.3689 16.15 7.4
      vertex 38.3175 15.025 7.4
      vertex 36.7188 16.6498 7.4
    endloop
  endfacet
  facet normal 0 0 1
    outer loop
      vertex 42.4311 12.65 7.4
      vertex 40.4825 13.775 7.4
      vertex 42.0812 12.1502 7.4
    endloop
  endfacet
  facet normal -0 0 1
    outer loop
      vertex 40.3576 13.5965 7.4
      vertex 42.0812 12.1502 7.4
      vertex 40.4825 13.775 7.4
    endloop
  endfacet
  facet normal 0 0 1
    outer loop
      vertex 42.0812 12.1502 7.4
      vertex 40.3576 13.5965 7.4
      vertex 41.6498 11.7188 7.4
    endloop
  endfacet
  facet normal -0 0 1
    outer loop
      vertex 40.2035 13.4424 7.4
      vertex 41.6498 11.7188 7.4
      vertex 40.3576 13.5965 7.4
    endloop
  endfacet
  facet normal 0 0 1
    outer loop
      vertex 41.6498 11.7188 7.4
      vertex 40.2035 13.4424 7.4
      vertex 41.15 11.3689 7.4
    endloop
  endfacet
  facet normal -0 0 1
    outer loop
      vertex 40.025 13.3175 7.4
      vertex 41.15 11.3689 7.4
      vertex 40.2035 13.4424 7.4
    endloop
  endfacet
  facet normal 0 0 1
    outer loop
      vertex 41.15 11.3689 7.4
      vertex 40.025 13.3175 7.4
      vertex 40.5971 11.1111 7.4
    endloop
  endfacet
  facet normal -0 0 1
    outer loop
      vertex 39.8275 13.2254 7.4
      vertex 40.5971 11.1111 7.4
      vertex 40.025 13.3175 7.4
    endloop
  endfacet
  facet normal 0 0 1
    outer loop
      vertex 40.5971 11.1111 7.4
      vertex 39.8275 13.2254 7.4
      vertex 40.0078 10.9532 7.4
    endloop
  endfacet
  facet normal -0 0 1
    outer loop
      vertex 39.6171 13.169 7.4
      vertex 40.0078 10.9532 7.4
      vertex 39.8275 13.2254 7.4
    endloop
  endfacet
  facet normal -0 0 1
    outer loop
      vertex 39.4 13.15 7.4
      vertex 40.0078 10.9532 7.4
      vertex 39.6171 13.169 7.4
    endloop
  endfacet
  facet normal 0 0 1
    outer loop
      vertex 39.4 13.15 7.4
      vertex 39.4 10.9 7.4
      vertex 40.0078 10.9532 7.4
    endloop
  endfacet
  facet normal 0 0 1
    outer loop
      vertex 39.1829 13.169 7.4
      vertex 39.4 10.9 7.4
      vertex 39.4 13.15 7.4
    endloop
  endfacet
  facet normal 0 0 1
    outer loop
      vertex 38.7922 10.9532 7.4
      vertex 39.1829 13.169 7.4
      vertex 38.9725 13.2254 7.4
    endloop
  endfacet
  facet normal 0 0 1
    outer loop
      vertex 39.1829 13.169 7.4
      vertex 38.7922 10.9532 7.4
      vertex 39.4 10.9 7.4
    endloop
  endfacet
  facet normal 0 0 1
    outer loop
      vertex 38.2029 11.1111 7.4
      vertex 38.9725 13.2254 7.4
      vertex 38.775 13.3175 7.4
    endloop
  endfacet
  facet normal 0 0 1
    outer loop
      vertex 37.65 11.3689 7.4
      vertex 38.775 13.3175 7.4
      vertex 38.5965 13.4424 7.4
    endloop
  endfacet
  facet normal 0 0 1
    outer loop
      vertex 37.1502 11.7188 7.4
      vertex 38.5965 13.4424 7.4
      vertex 38.4424 13.5965 7.4
    endloop
  endfacet
  facet normal 0 0 1
    outer loop
      vertex 36.7188 12.1502 7.4
      vertex 38.4424 13.5965 7.4
      vertex 38.3175 13.775 7.4
    endloop
  endfacet
  facet normal 0 0 1
    outer loop
      vertex 36.3689 12.65 7.4
      vertex 38.3175 13.775 7.4
      vertex 38.2254 13.9725 7.4
    endloop
  endfacet
  facet normal 0 0 1
    outer loop
      vertex 38.9725 13.2254 7.4
      vertex 38.2029 11.1111 7.4
      vertex 38.7922 10.9532 7.4
    endloop
  endfacet
  facet normal 0 0 1
    outer loop
      vertex 36.1111 13.2029 7.4
      vertex 38.2254 13.9725 7.4
      vertex 38.169 14.1829 7.4
    endloop
  endfacet
  facet normal 0 0 1
    outer loop
      vertex 35.9532 13.7922 7.4
      vertex 38.169 14.1829 7.4
      vertex 38.15 14.4 7.4
    endloop
  endfacet
  facet normal 0 0 1
    outer loop
      vertex 38.3175 15.025 7.4
      vertex 36.3689 16.15 7.4
      vertex 38.2254 14.8275 7.4
    endloop
  endfacet
  facet normal 0 0 1
    outer loop
      vertex 38.775 13.3175 7.4
      vertex 37.65 11.3689 7.4
      vertex 38.2029 11.1111 7.4
    endloop
  endfacet
  facet normal -0 0 1
    outer loop
      vertex 36.1111 15.5971 7.4
      vertex 38.2254 14.8275 7.4
      vertex 36.3689 16.15 7.4
    endloop
  endfacet
  facet normal 0 0 1
    outer loop
      vertex 38.5965 13.4424 7.4
      vertex 37.1502 11.7188 7.4
      vertex 37.65 11.3689 7.4
    endloop
  endfacet
  facet normal 0 0 1
    outer loop
      vertex 38.2254 14.8275 7.4
      vertex 36.1111 15.5971 7.4
      vertex 38.169 14.6171 7.4
    endloop
  endfacet
  facet normal 0 0 1
    outer loop
      vertex 38.4424 13.5965 7.4
      vertex 36.7188 12.1502 7.4
      vertex 37.1502 11.7188 7.4
    endloop
  endfacet
  facet normal -0 0 1
    outer loop
      vertex 35.9532 15.0078 7.4
      vertex 38.169 14.6171 7.4
      vertex 36.1111 15.5971 7.4
    endloop
  endfacet
  facet normal 0 0 1
    outer loop
      vertex 38.3175 13.775 7.4
      vertex 36.3689 12.65 7.4
      vertex 36.7188 12.1502 7.4
    endloop
  endfacet
  facet normal 0 0 1
    outer loop
      vertex 38.169 14.6171 7.4
      vertex 35.9532 15.0078 7.4
      vertex 38.15 14.4 7.4
    endloop
  endfacet
  facet normal 0 0 1
    outer loop
      vertex 38.2254 13.9725 7.4
      vertex 36.1111 13.2029 7.4
      vertex 36.3689 12.65 7.4
    endloop
  endfacet
  facet normal 0 0 1
    outer loop
      vertex 35.9 14.4 7.4
      vertex 38.15 14.4 7.4
      vertex 35.9532 15.0078 7.4
    endloop
  endfacet
  facet normal 0 0 1
    outer loop
      vertex 38.169 14.1829 7.4
      vertex 35.9532 13.7922 7.4
      vertex 36.1111 13.2029 7.4
    endloop
  endfacet
  facet normal 0 0 1
    outer loop
      vertex 38.15 14.4 7.4
      vertex 35.9 14.4 7.4
      vertex 35.9532 13.7922 7.4
    endloop
  endfacet
  facet normal -0.906321 0.422589 0
    outer loop
      vertex 36.1111 15.5971 2.4
      vertex 36.3689 16.15 7.4
      vertex 36.3689 16.15 2.4
    endloop
  endfacet
  facet normal -0.906321 0.422589 0
    outer loop
      vertex 36.3689 16.15 7.4
      vertex 36.1111 15.5971 2.4
      vertex 36.1111 15.5971 7.4
    endloop
  endfacet
  facet normal -0.965927 0.258815 0
    outer loop
      vertex 35.9532 15.0078 2.4
      vertex 36.1111 15.5971 7.4
      vertex 36.1111 15.5971 2.4
    endloop
  endfacet
  facet normal -0.965927 0.258815 0
    outer loop
      vertex 36.1111 15.5971 7.4
      vertex 35.9532 15.0078 2.4
      vertex 35.9532 15.0078 7.4
    endloop
  endfacet
  facet normal 0.819201 -0.573506 0
    outer loop
      vertex 42.0812 12.1502 7.4
      vertex 42.4311 12.65 2.4
      vertex 42.4311 12.65 7.4
    endloop
  endfacet
  facet normal 0.819201 -0.573506 0
    outer loop
      vertex 42.4311 12.65 2.4
      vertex 42.0812 12.1502 7.4
      vertex 42.0812 12.1502 2.4
    endloop
  endfacet
  facet normal 0.258815 -0.965927 0
    outer loop
      vertex 40.0078 10.9532 2.4
      vertex 40.5971 11.1111 7.4
      vertex 40.0078 10.9532 7.4
    endloop
  endfacet
  facet normal 0.258815 -0.965927 0
    outer loop
      vertex 40.5971 11.1111 7.4
      vertex 40.0078 10.9532 2.4
      vertex 40.5971 11.1111 2.4
    endloop
  endfacet
  facet normal 0.707107 -0.707107 0
    outer loop
      vertex 41.6498 11.7188 7.4
      vertex 42.0812 12.1502 2.4
      vertex 42.0812 12.1502 7.4
    endloop
  endfacet
  facet normal 0.707107 -0.707107 0
    outer loop
      vertex 42.0812 12.1502 2.4
      vertex 41.6498 11.7188 7.4
      vertex 41.6498 11.7188 2.4
    endloop
  endfacet
  facet normal -0.422589 -0.906321 0
    outer loop
      vertex 37.65 11.3689 2.4
      vertex 38.2029 11.1111 7.4
      vertex 37.65 11.3689 7.4
    endloop
  endfacet
  facet normal -0.422589 -0.906321 -0
    outer loop
      vertex 38.2029 11.1111 7.4
      vertex 37.65 11.3689 2.4
      vertex 38.2029 11.1111 2.4
    endloop
  endfacet
  facet normal -0.573506 -0.819201 0
    outer loop
      vertex 37.1502 11.7188 2.4
      vertex 37.65 11.3689 7.4
      vertex 37.1502 11.7188 7.4
    endloop
  endfacet
  facet normal -0.573506 -0.819201 -0
    outer loop
      vertex 37.65 11.3689 7.4
      vertex 37.1502 11.7188 2.4
      vertex 37.65 11.3689 2.4
    endloop
  endfacet
  facet normal -0.965927 -0.258815 0
    outer loop
      vertex 36.1111 13.2029 2.4
      vertex 35.9532 13.7922 7.4
      vertex 35.9532 13.7922 2.4
    endloop
  endfacet
  facet normal -0.965927 -0.258815 0
    outer loop
      vertex 35.9532 13.7922 7.4
      vertex 36.1111 13.2029 2.4
      vertex 36.1111 13.2029 7.4
    endloop
  endfacet
  facet normal -0.819201 -0.573506 0
    outer loop
      vertex 36.7188 12.1502 2.4
      vertex 36.3689 12.65 7.4
      vertex 36.3689 12.65 2.4
    endloop
  endfacet
  facet normal -0.819201 -0.573506 0
    outer loop
      vertex 36.3689 12.65 7.4
      vertex 36.7188 12.1502 2.4
      vertex 36.7188 12.1502 7.4
    endloop
  endfacet
  facet normal 0.906321 -0.422589 0
    outer loop
      vertex 42.4311 12.65 7.4
      vertex 42.6889 13.2029 2.4
      vertex 42.6889 13.2029 7.4
    endloop
  endfacet
  facet normal 0.906321 -0.422589 0
    outer loop
      vertex 42.6889 13.2029 2.4
      vertex 42.4311 12.65 7.4
      vertex 42.4311 12.65 2.4
    endloop
  endfacet
  facet normal 0.422589 -0.906321 0
    outer loop
      vertex 40.5971 11.1111 2.4
      vertex 41.15 11.3689 7.4
      vertex 40.5971 11.1111 7.4
    endloop
  endfacet
  facet normal 0.422589 -0.906321 0
    outer loop
      vertex 41.15 11.3689 7.4
      vertex 40.5971 11.1111 2.4
      vertex 41.15 11.3689 2.4
    endloop
  endfacet
  facet normal -0.258815 -0.965927 0
    outer loop
      vertex 38.2029 11.1111 2.4
      vertex 38.7922 10.9532 7.4
      vertex 38.2029 11.1111 7.4
    endloop
  endfacet
  facet normal -0.258815 -0.965927 -0
    outer loop
      vertex 38.7922 10.9532 7.4
      vertex 38.2029 11.1111 2.4
      vertex 38.7922 10.9532 2.4
    endloop
  endfacet
  facet normal -0.573308 -0.81934 0
    outer loop
      vertex 40.025 15.4825 3.4
      vertex 40.2035 15.3576 7.4
      vertex 40.025 15.4825 7.4
    endloop
  endfacet
  facet normal -0.573308 -0.81934 -0
    outer loop
      vertex 40.2035 15.3576 7.4
      vertex 40.025 15.4825 3.4
      vertex 40.2035 15.3576 3.4
    endloop
  endfacet
  facet normal -0.996192 0.087184 0
    outer loop
      vertex 40.631 14.1829 3.4
      vertex 40.65 14.4 7.4
      vertex 40.65 14.4 3.4
    endloop
  endfacet
  facet normal -0.996192 0.087184 0
    outer loop
      vertex 40.65 14.4 7.4
      vertex 40.631 14.1829 3.4
      vertex 40.631 14.1829 7.4
    endloop
  endfacet
  facet normal 0.25892 -0.965899 0
    outer loop
      vertex 38.9725 15.5746 3.4
      vertex 39.1829 15.631 7.4
      vertex 38.9725 15.5746 7.4
    endloop
  endfacet
  facet normal 0.25892 -0.965899 0
    outer loop
      vertex 39.1829 15.631 7.4
      vertex 38.9725 15.5746 3.4
      vertex 39.1829 15.631 3.4
    endloop
  endfacet
  facet normal 0.81934 -0.573308 0
    outer loop
      vertex 38.3175 15.025 7.4
      vertex 38.4424 15.2035 3.4
      vertex 38.4424 15.2035 7.4
    endloop
  endfacet
  facet normal 0.81934 -0.573308 0
    outer loop
      vertex 38.4424 15.2035 3.4
      vertex 38.3175 15.025 7.4
      vertex 38.3175 15.025 3.4
    endloop
  endfacet
  facet normal -0.9063 -0.422634 0
    outer loop
      vertex 40.5746 14.8275 3.4
      vertex 40.4825 15.025 7.4
      vertex 40.4825 15.025 3.4
    endloop
  endfacet
  facet normal -0.9063 -0.422634 0
    outer loop
      vertex 40.4825 15.025 7.4
      vertex 40.5746 14.8275 3.4
      vertex 40.5746 14.8275 7.4
    endloop
  endfacet
  facet normal -0.81934 -0.573308 0
    outer loop
      vertex 40.4825 15.025 3.4
      vertex 40.3576 15.2035 7.4
      vertex 40.3576 15.2035 3.4
    endloop
  endfacet
  facet normal -0.81934 -0.573308 0
    outer loop
      vertex 40.3576 15.2035 7.4
      vertex 40.4825 15.025 3.4
      vertex 40.4825 15.025 7.4
    endloop
  endfacet
  facet normal -0.707107 -0.707107 0
    outer loop
      vertex 40.2035 15.3576 3.4
      vertex 40.3576 15.2035 7.4
      vertex 40.2035 15.3576 7.4
    endloop
  endfacet
  facet normal -0.707107 -0.707107 -0
    outer loop
      vertex 40.3576 15.2035 7.4
      vertex 40.2035 15.3576 3.4
      vertex 40.3576 15.2035 3.4
    endloop
  endfacet
  facet normal -0.422634 -0.9063 0
    outer loop
      vertex 39.8275 15.5746 3.4
      vertex 40.025 15.4825 7.4
      vertex 39.8275 15.5746 7.4
    endloop
  endfacet
  facet normal -0.422634 -0.9063 -0
    outer loop
      vertex 40.025 15.4825 7.4
      vertex 39.8275 15.5746 3.4
      vertex 40.025 15.4825 3.4
    endloop
  endfacet
  facet normal -0.087184 -0.996192 0
    outer loop
      vertex 39.4 15.65 3.4
      vertex 39.6171 15.631 7.4
      vertex 39.4 15.65 7.4
    endloop
  endfacet
  facet normal -0.087184 -0.996192 -0
    outer loop
      vertex 39.6171 15.631 7.4
      vertex 39.4 15.65 3.4
      vertex 39.6171 15.631 3.4
    endloop
  endfacet
  facet normal 0.996192 -0.087184 0
    outer loop
      vertex 38.15 14.4 7.4
      vertex 38.169 14.6171 3.4
      vertex 38.169 14.6171 7.4
    endloop
  endfacet
  facet normal 0.996192 -0.087184 0
    outer loop
      vertex 38.169 14.6171 3.4
      vertex 38.15 14.4 7.4
      vertex 38.15 14.4 3.4
    endloop
  endfacet
  facet normal 0.707107 -0.707107 0
    outer loop
      vertex 38.4424 15.2035 3.4
      vertex 38.5965 15.3576 7.4
      vertex 38.4424 15.2035 7.4
    endloop
  endfacet
  facet normal 0.707107 -0.707107 0
    outer loop
      vertex 38.5965 15.3576 7.4
      vertex 38.4424 15.2035 3.4
      vertex 38.5965 15.3576 3.4
    endloop
  endfacet
  facet normal 0.422634 -0.9063 0
    outer loop
      vertex 38.775 15.4825 3.4
      vertex 38.9725 15.5746 7.4
      vertex 38.775 15.4825 7.4
    endloop
  endfacet
  facet normal 0.422634 -0.9063 0
    outer loop
      vertex 38.9725 15.5746 7.4
      vertex 38.775 15.4825 3.4
      vertex 38.9725 15.5746 3.4
    endloop
  endfacet
  facet normal 0.087184 -0.996192 0
    outer loop
      vertex 39.1829 15.631 3.4
      vertex 39.4 15.65 7.4
      vertex 39.1829 15.631 7.4
    endloop
  endfacet
  facet normal 0.087184 -0.996192 0
    outer loop
      vertex 39.4 15.65 7.4
      vertex 39.1829 15.631 3.4
      vertex 39.4 15.65 3.4
    endloop
  endfacet
  facet normal 0.573308 -0.81934 0
    outer loop
      vertex 38.5965 15.3576 3.4
      vertex 38.775 15.4825 7.4
      vertex 38.5965 15.3576 7.4
    endloop
  endfacet
  facet normal 0.573308 -0.81934 0
    outer loop
      vertex 38.775 15.4825 7.4
      vertex 38.5965 15.3576 3.4
      vertex 38.775 15.4825 3.4
    endloop
  endfacet
  facet normal -0.996192 -0.087184 0
    outer loop
      vertex 40.65 14.4 3.4
      vertex 40.631 14.6171 7.4
      vertex 40.631 14.6171 3.4
    endloop
  endfacet
  facet normal -0.996192 -0.087184 0
    outer loop
      vertex 40.631 14.6171 7.4
      vertex 40.65 14.4 3.4
      vertex 40.65 14.4 7.4
    endloop
  endfacet
  facet normal -0.087184 0.996192 0
    outer loop
      vertex 39.6171 13.169 3.4
      vertex 39.4 13.15 7.4
      vertex 39.6171 13.169 7.4
    endloop
  endfacet
  facet normal -0.087184 0.996192 0
    outer loop
      vertex 39.4 13.15 7.4
      vertex 39.6171 13.169 3.4
      vertex 39.4 13.15 3.4
    endloop
  endfacet
  facet normal -0.965899 0.25892 0
    outer loop
      vertex 40.5746 13.9725 3.4
      vertex 40.631 14.1829 7.4
      vertex 40.631 14.1829 3.4
    endloop
  endfacet
  facet normal -0.965899 0.25892 0
    outer loop
      vertex 40.631 14.1829 7.4
      vertex 40.5746 13.9725 3.4
      vertex 40.5746 13.9725 7.4
    endloop
  endfacet
  facet normal -0.422634 0.9063 0
    outer loop
      vertex 40.025 13.3175 3.4
      vertex 39.8275 13.2254 7.4
      vertex 40.025 13.3175 7.4
    endloop
  endfacet
  facet normal -0.422634 0.9063 0
    outer loop
      vertex 39.8275 13.2254 7.4
      vertex 40.025 13.3175 3.4
      vertex 39.8275 13.2254 3.4
    endloop
  endfacet
  facet normal -0.573308 0.81934 0
    outer loop
      vertex 40.2035 13.4424 3.4
      vertex 40.025 13.3175 7.4
      vertex 40.2035 13.4424 7.4
    endloop
  endfacet
  facet normal -0.573308 0.81934 0
    outer loop
      vertex 40.025 13.3175 7.4
      vertex 40.2035 13.4424 3.4
      vertex 40.025 13.3175 3.4
    endloop
  endfacet
  facet normal 0.087184 0.996192 -0
    outer loop
      vertex 39.4 13.15 3.4
      vertex 39.1829 13.169 7.4
      vertex 39.4 13.15 7.4
    endloop
  endfacet
  facet normal 0.087184 0.996192 0
    outer loop
      vertex 39.1829 13.169 7.4
      vertex 39.4 13.15 3.4
      vertex 39.1829 13.169 3.4
    endloop
  endfacet
  facet normal 0.707107 0.707107 -0
    outer loop
      vertex 38.5965 13.4424 3.4
      vertex 38.4424 13.5965 7.4
      vertex 38.5965 13.4424 7.4
    endloop
  endfacet
  facet normal 0.707107 0.707107 0
    outer loop
      vertex 38.4424 13.5965 7.4
      vertex 38.5965 13.4424 3.4
      vertex 38.4424 13.5965 3.4
    endloop
  endfacet
  facet normal 0.9063 0.422634 0
    outer loop
      vertex 38.3175 13.775 7.4
      vertex 38.2254 13.9725 3.4
      vertex 38.2254 13.9725 7.4
    endloop
  endfacet
  facet normal 0.9063 0.422634 0
    outer loop
      vertex 38.2254 13.9725 3.4
      vertex 38.3175 13.775 7.4
      vertex 38.3175 13.775 3.4
    endloop
  endfacet
  facet normal 0.996192 0.087184 0
    outer loop
      vertex 38.169 14.1829 7.4
      vertex 38.15 14.4 3.4
      vertex 38.15 14.4 7.4
    endloop
  endfacet
  facet normal 0.996192 0.087184 0
    outer loop
      vertex 38.15 14.4 3.4
      vertex 38.169 14.1829 7.4
      vertex 38.169 14.1829 3.4
    endloop
  endfacet
  facet normal 0 0 1
    outer loop
      vertex 40.631 14.6171 3.4
      vertex 40.631 14.1829 3.4
      vertex 40.65 14.4 3.4
    endloop
  endfacet
  facet normal 0 0 1
    outer loop
      vertex 40.5746 14.8275 3.4
      vertex 40.631 14.1829 3.4
      vertex 40.631 14.6171 3.4
    endloop
  endfacet
  facet normal 0 0 1
    outer loop
      vertex 40.5746 14.8275 3.4
      vertex 40.5746 13.9725 3.4
      vertex 40.631 14.1829 3.4
    endloop
  endfacet
  facet normal 0 0 1
    outer loop
      vertex 40.4825 15.025 3.4
      vertex 40.5746 13.9725 3.4
      vertex 40.5746 14.8275 3.4
    endloop
  endfacet
  facet normal 0 0 1
    outer loop
      vertex 40.4825 15.025 3.4
      vertex 40.4825 13.775 3.4
      vertex 40.5746 13.9725 3.4
    endloop
  endfacet
  facet normal 0 0 1
    outer loop
      vertex 40.3576 15.2035 3.4
      vertex 40.4825 13.775 3.4
      vertex 40.4825 15.025 3.4
    endloop
  endfacet
  facet normal 0 0 1
    outer loop
      vertex 40.3576 15.2035 3.4
      vertex 40.3576 13.5965 3.4
      vertex 40.4825 13.775 3.4
    endloop
  endfacet
  facet normal 0 0 1
    outer loop
      vertex 40.2035 15.3576 3.4
      vertex 40.3576 13.5965 3.4
      vertex 40.3576 15.2035 3.4
    endloop
  endfacet
  facet normal 0 0 1
    outer loop
      vertex 40.2035 15.3576 3.4
      vertex 40.2035 13.4424 3.4
      vertex 40.3576 13.5965 3.4
    endloop
  endfacet
  facet normal 0 0 1
    outer loop
      vertex 40.025 15.4825 3.4
      vertex 40.2035 13.4424 3.4
      vertex 40.2035 15.3576 3.4
    endloop
  endfacet
  facet normal 0 0 1
    outer loop
      vertex 40.025 15.4825 3.4
      vertex 40.025 13.3175 3.4
      vertex 40.2035 13.4424 3.4
    endloop
  endfacet
  facet normal 0 0 1
    outer loop
      vertex 39.8275 15.5746 3.4
      vertex 40.025 13.3175 3.4
      vertex 40.025 15.4825 3.4
    endloop
  endfacet
  facet normal 0 0 1
    outer loop
      vertex 39.8275 15.5746 3.4
      vertex 39.8275 13.2254 3.4
      vertex 40.025 13.3175 3.4
    endloop
  endfacet
  facet normal 0 0 1
    outer loop
      vertex 39.6171 15.631 3.4
      vertex 39.8275 13.2254 3.4
      vertex 39.8275 15.5746 3.4
    endloop
  endfacet
  facet normal 0 0 1
    outer loop
      vertex 39.6171 15.631 3.4
      vertex 39.6171 13.169 3.4
      vertex 39.8275 13.2254 3.4
    endloop
  endfacet
  facet normal 0 0 1
    outer loop
      vertex 39.4 15.65 3.4
      vertex 39.6171 13.169 3.4
      vertex 39.6171 15.631 3.4
    endloop
  endfacet
  facet normal 0 0 1
    outer loop
      vertex 39.4 15.65 3.4
      vertex 39.4 13.15 3.4
      vertex 39.6171 13.169 3.4
    endloop
  endfacet
  facet normal -0 0 1
    outer loop
      vertex 39.1829 15.631 3.4
      vertex 39.4 13.15 3.4
      vertex 39.4 15.65 3.4
    endloop
  endfacet
  facet normal 0 0 1
    outer loop
      vertex 39.1829 15.631 3.4
      vertex 39.1829 13.169 3.4
      vertex 39.4 13.15 3.4
    endloop
  endfacet
  facet normal -0 0 1
    outer loop
      vertex 38.9725 15.5746 3.4
      vertex 39.1829 13.169 3.4
      vertex 39.1829 15.631 3.4
    endloop
  endfacet
  facet normal 0 0 1
    outer loop
      vertex 38.9725 15.5746 3.4
      vertex 38.9725 13.2254 3.4
      vertex 39.1829 13.169 3.4
    endloop
  endfacet
  facet normal -0 0 1
    outer loop
      vertex 38.775 15.4825 3.4
      vertex 38.9725 13.2254 3.4
      vertex 38.9725 15.5746 3.4
    endloop
  endfacet
  facet normal 0 0 1
    outer loop
      vertex 38.775 15.4825 3.4
      vertex 38.775 13.3175 3.4
      vertex 38.9725 13.2254 3.4
    endloop
  endfacet
  facet normal -0 0 1
    outer loop
      vertex 38.5965 15.3576 3.4
      vertex 38.775 13.3175 3.4
      vertex 38.775 15.4825 3.4
    endloop
  endfacet
  facet normal 0 0 1
    outer loop
      vertex 38.5965 15.3576 3.4
      vertex 38.5965 13.4424 3.4
      vertex 38.775 13.3175 3.4
    endloop
  endfacet
  facet normal -0 0 1
    outer loop
      vertex 38.4424 15.2035 3.4
      vertex 38.5965 13.4424 3.4
      vertex 38.5965 15.3576 3.4
    endloop
  endfacet
  facet normal 0 0 1
    outer loop
      vertex 38.4424 15.2035 3.4
      vertex 38.4424 13.5965 3.4
      vertex 38.5965 13.4424 3.4
    endloop
  endfacet
  facet normal -0 0 1
    outer loop
      vertex 38.3175 15.025 3.4
      vertex 38.4424 13.5965 3.4
      vertex 38.4424 15.2035 3.4
    endloop
  endfacet
  facet normal 0 0 1
    outer loop
      vertex 38.3175 15.025 3.4
      vertex 38.3175 13.775 3.4
      vertex 38.4424 13.5965 3.4
    endloop
  endfacet
  facet normal -0 0 1
    outer loop
      vertex 38.2254 14.8275 3.4
      vertex 38.3175 13.775 3.4
      vertex 38.3175 15.025 3.4
    endloop
  endfacet
  facet normal 0 0 1
    outer loop
      vertex 38.2254 14.8275 3.4
      vertex 38.2254 13.9725 3.4
      vertex 38.3175 13.775 3.4
    endloop
  endfacet
  facet normal -0 0 1
    outer loop
      vertex 38.169 14.6171 3.4
      vertex 38.2254 13.9725 3.4
      vertex 38.2254 14.8275 3.4
    endloop
  endfacet
  facet normal 0 0 1
    outer loop
      vertex 38.169 14.6171 3.4
      vertex 38.169 14.1829 3.4
      vertex 38.2254 13.9725 3.4
    endloop
  endfacet
  facet normal 0 -0 1
    outer loop
      vertex 38.169 14.1829 3.4
      vertex 38.169 14.6171 3.4
      vertex 38.15 14.4 3.4
    endloop
  endfacet
  facet normal 0.81934 0.573308 0
    outer loop
      vertex 38.4424 13.5965 7.4
      vertex 38.3175 13.775 3.4
      vertex 38.3175 13.775 7.4
    endloop
  endfacet
  facet normal 0.81934 0.573308 0
    outer loop
      vertex 38.3175 13.775 3.4
      vertex 38.4424 13.5965 7.4
      vertex 38.4424 13.5965 3.4
    endloop
  endfacet
  facet normal -0.965899 -0.25892 0
    outer loop
      vertex 40.631 14.6171 3.4
      vertex 40.5746 14.8275 7.4
      vertex 40.5746 14.8275 3.4
    endloop
  endfacet
  facet normal -0.965899 -0.25892 0
    outer loop
      vertex 40.5746 14.8275 7.4
      vertex 40.631 14.6171 3.4
      vertex 40.631 14.6171 7.4
    endloop
  endfacet
  facet normal -0.25892 -0.965899 0
    outer loop
      vertex 39.6171 15.631 3.4
      vertex 39.8275 15.5746 7.4
      vertex 39.6171 15.631 7.4
    endloop
  endfacet
  facet normal -0.25892 -0.965899 -0
    outer loop
      vertex 39.8275 15.5746 7.4
      vertex 39.6171 15.631 3.4
      vertex 39.8275 15.5746 3.4
    endloop
  endfacet
  facet normal 0.9063 -0.422634 0
    outer loop
      vertex 38.2254 14.8275 7.4
      vertex 38.3175 15.025 3.4
      vertex 38.3175 15.025 7.4
    endloop
  endfacet
  facet normal 0.9063 -0.422634 0
    outer loop
      vertex 38.3175 15.025 3.4
      vertex 38.2254 14.8275 7.4
      vertex 38.2254 14.8275 3.4
    endloop
  endfacet
  facet normal 0.965899 -0.25892 0
    outer loop
      vertex 38.169 14.6171 7.4
      vertex 38.2254 14.8275 3.4
      vertex 38.2254 14.8275 7.4
    endloop
  endfacet
  facet normal 0.965899 -0.25892 0
    outer loop
      vertex 38.2254 14.8275 3.4
      vertex 38.169 14.6171 7.4
      vertex 38.169 14.6171 3.4
    endloop
  endfacet
  facet normal -0.81934 0.573308 0
    outer loop
      vertex 40.3576 13.5965 3.4
      vertex 40.4825 13.775 7.4
      vertex 40.4825 13.775 3.4
    endloop
  endfacet
  facet normal -0.81934 0.573308 0
    outer loop
      vertex 40.4825 13.775 7.4
      vertex 40.3576 13.5965 3.4
      vertex 40.3576 13.5965 7.4
    endloop
  endfacet
  facet normal -0.9063 0.422634 0
    outer loop
      vertex 40.4825 13.775 3.4
      vertex 40.5746 13.9725 7.4
      vertex 40.5746 13.9725 3.4
    endloop
  endfacet
  facet normal -0.9063 0.422634 0
    outer loop
      vertex 40.5746 13.9725 7.4
      vertex 40.4825 13.775 3.4
      vertex 40.4825 13.775 7.4
    endloop
  endfacet
  facet normal -0.25892 0.965899 0
    outer loop
      vertex 39.8275 13.2254 3.4
      vertex 39.6171 13.169 7.4
      vertex 39.8275 13.2254 7.4
    endloop
  endfacet
  facet normal -0.25892 0.965899 0
    outer loop
      vertex 39.6171 13.169 7.4
      vertex 39.8275 13.2254 3.4
      vertex 39.6171 13.169 3.4
    endloop
  endfacet
  facet normal -0.707107 0.707107 0
    outer loop
      vertex 40.3576 13.5965 3.4
      vertex 40.2035 13.4424 7.4
      vertex 40.3576 13.5965 7.4
    endloop
  endfacet
  facet normal -0.707107 0.707107 0
    outer loop
      vertex 40.2035 13.4424 7.4
      vertex 40.3576 13.5965 3.4
      vertex 40.2035 13.4424 3.4
    endloop
  endfacet
  facet normal 0.422634 0.9063 -0
    outer loop
      vertex 38.9725 13.2254 3.4
      vertex 38.775 13.3175 7.4
      vertex 38.9725 13.2254 7.4
    endloop
  endfacet
  facet normal 0.422634 0.9063 0
    outer loop
      vertex 38.775 13.3175 7.4
      vertex 38.9725 13.2254 3.4
      vertex 38.775 13.3175 3.4
    endloop
  endfacet
  facet normal 0.573308 0.81934 -0
    outer loop
      vertex 38.775 13.3175 3.4
      vertex 38.5965 13.4424 7.4
      vertex 38.775 13.3175 7.4
    endloop
  endfacet
  facet normal 0.573308 0.81934 0
    outer loop
      vertex 38.5965 13.4424 7.4
      vertex 38.775 13.3175 3.4
      vertex 38.5965 13.4424 3.4
    endloop
  endfacet
  facet normal 0.965899 0.25892 0
    outer loop
      vertex 38.2254 13.9725 7.4
      vertex 38.169 14.1829 3.4
      vertex 38.169 14.1829 7.4
    endloop
  endfacet
  facet normal 0.965899 0.25892 0
    outer loop
      vertex 38.169 14.1829 3.4
      vertex 38.2254 13.9725 7.4
      vertex 38.2254 13.9725 3.4
    endloop
  endfacet
  facet normal 0.25892 0.965899 -0
    outer loop
      vertex 39.1829 13.169 3.4
      vertex 38.9725 13.2254 7.4
      vertex 39.1829 13.169 7.4
    endloop
  endfacet
  facet normal 0.25892 0.965899 0
    outer loop
      vertex 38.9725 13.2254 7.4
      vertex 39.1829 13.169 3.4
      vertex 38.9725 13.2254 3.4
    endloop
  endfacet
  facet normal 0.573506 0.819201 -0
    outer loop
      vertex 41.6498 65.0812 2.4
      vertex 41.15 65.4311 7.4
      vertex 41.6498 65.0812 7.4
    endloop
  endfacet
  facet normal 0.573506 0.819201 0
    outer loop
      vertex 41.15 65.4311 7.4
      vertex 41.6498 65.0812 2.4
      vertex 41.15 65.4311 2.4
    endloop
  endfacet
  facet normal 0.996191 -0.0871954 0
    outer loop
      vertex 42.8468 61.7922 7.4
      vertex 42.9 62.4 2.4
      vertex 42.9 62.4 7.4
    endloop
  endfacet
  facet normal 0.996191 -0.0871954 0
    outer loop
      vertex 42.9 62.4 2.4
      vertex 42.8468 61.7922 7.4
      vertex 42.8468 61.7922 2.4
    endloop
  endfacet
  facet normal -0.258815 0.965927 0
    outer loop
      vertex 38.7922 65.8468 2.4
      vertex 38.2029 65.6889 7.4
      vertex 38.7922 65.8468 7.4
    endloop
  endfacet
  facet normal -0.258815 0.965927 0
    outer loop
      vertex 38.2029 65.6889 7.4
      vertex 38.7922 65.8468 2.4
      vertex 38.2029 65.6889 2.4
    endloop
  endfacet
  facet normal -0.819201 0.573506 0
    outer loop
      vertex 36.3689 64.15 2.4
      vertex 36.7188 64.6498 7.4
      vertex 36.7188 64.6498 2.4
    endloop
  endfacet
  facet normal -0.819201 0.573506 0
    outer loop
      vertex 36.7188 64.6498 7.4
      vertex 36.3689 64.15 2.4
      vertex 36.3689 64.15 7.4
    endloop
  endfacet
  facet normal 0.965927 0.258815 0
    outer loop
      vertex 42.8468 63.0078 7.4
      vertex 42.6889 63.5971 2.4
      vertex 42.6889 63.5971 7.4
    endloop
  endfacet
  facet normal 0.965927 0.258815 0
    outer loop
      vertex 42.6889 63.5971 2.4
      vertex 42.8468 63.0078 7.4
      vertex 42.8468 63.0078 2.4
    endloop
  endfacet
  facet normal 0.906321 0.422589 0
    outer loop
      vertex 42.6889 63.5971 7.4
      vertex 42.4311 64.15 2.4
      vertex 42.4311 64.15 7.4
    endloop
  endfacet
  facet normal 0.906321 0.422589 0
    outer loop
      vertex 42.4311 64.15 2.4
      vertex 42.6889 63.5971 7.4
      vertex 42.6889 63.5971 2.4
    endloop
  endfacet
  facet normal 0.819201 0.573506 0
    outer loop
      vertex 42.4311 64.15 7.4
      vertex 42.0812 64.6498 2.4
      vertex 42.0812 64.6498 7.4
    endloop
  endfacet
  facet normal 0.819201 0.573506 0
    outer loop
      vertex 42.0812 64.6498 2.4
      vertex 42.4311 64.15 7.4
      vertex 42.4311 64.15 2.4
    endloop
  endfacet
  facet normal 0.707107 0.707107 0
    outer loop
      vertex 42.0812 64.6498 7.4
      vertex 41.6498 65.0812 2.4
      vertex 41.6498 65.0812 7.4
    endloop
  endfacet
  facet normal 0.707107 0.707107 0
    outer loop
      vertex 41.6498 65.0812 2.4
      vertex 42.0812 64.6498 7.4
      vertex 42.0812 64.6498 2.4
    endloop
  endfacet
  facet normal 0.422589 0.906321 -0
    outer loop
      vertex 41.15 65.4311 2.4
      vertex 40.5971 65.6889 7.4
      vertex 41.15 65.4311 7.4
    endloop
  endfacet
  facet normal 0.422589 0.906321 0
    outer loop
      vertex 40.5971 65.6889 7.4
      vertex 41.15 65.4311 2.4
      vertex 40.5971 65.6889 2.4
    endloop
  endfacet
  facet normal 0.0871954 0.996191 -0
    outer loop
      vertex 40.0078 65.8468 2.4
      vertex 39.4 65.9 7.4
      vertex 40.0078 65.8468 7.4
    endloop
  endfacet
  facet normal 0.0871954 0.996191 0
    outer loop
      vertex 39.4 65.9 7.4
      vertex 40.0078 65.8468 2.4
      vertex 39.4 65.9 2.4
    endloop
  endfacet
  facet normal -0.996191 0.0871954 0
    outer loop
      vertex 35.9 62.4 2.4
      vertex 35.9532 63.0078 7.4
      vertex 35.9532 63.0078 2.4
    endloop
  endfacet
  facet normal -0.996191 0.0871954 0
    outer loop
      vertex 35.9532 63.0078 7.4
      vertex 35.9 62.4 2.4
      vertex 35.9 62.4 7.4
    endloop
  endfacet
  facet normal -0.707107 0.707107 0
    outer loop
      vertex 37.1502 65.0812 2.4
      vertex 36.7188 64.6498 7.4
      vertex 37.1502 65.0812 7.4
    endloop
  endfacet
  facet normal -0.707107 0.707107 0
    outer loop
      vertex 36.7188 64.6498 7.4
      vertex 37.1502 65.0812 2.4
      vertex 36.7188 64.6498 2.4
    endloop
  endfacet
  facet normal -0.422589 0.906321 0
    outer loop
      vertex 38.2029 65.6889 2.4
      vertex 37.65 65.4311 7.4
      vertex 38.2029 65.6889 7.4
    endloop
  endfacet
  facet normal -0.422589 0.906321 0
    outer loop
      vertex 37.65 65.4311 7.4
      vertex 38.2029 65.6889 2.4
      vertex 37.65 65.4311 2.4
    endloop
  endfacet
  facet normal -0.0871954 0.996191 0
    outer loop
      vertex 39.4 65.9 2.4
      vertex 38.7922 65.8468 7.4
      vertex 39.4 65.9 7.4
    endloop
  endfacet
  facet normal -0.0871954 0.996191 0
    outer loop
      vertex 38.7922 65.8468 7.4
      vertex 39.4 65.9 2.4
      vertex 38.7922 65.8468 2.4
    endloop
  endfacet
  facet normal -0.573506 0.819201 0
    outer loop
      vertex 37.65 65.4311 2.4
      vertex 37.1502 65.0812 7.4
      vertex 37.65 65.4311 7.4
    endloop
  endfacet
  facet normal -0.573506 0.819201 0
    outer loop
      vertex 37.1502 65.0812 7.4
      vertex 37.65 65.4311 2.4
      vertex 37.1502 65.0812 2.4
    endloop
  endfacet
  facet normal 0.996191 0.0871954 0
    outer loop
      vertex 42.9 62.4 7.4
      vertex 42.8468 63.0078 2.4
      vertex 42.8468 63.0078 7.4
    endloop
  endfacet
  facet normal 0.996191 0.0871954 0
    outer loop
      vertex 42.8468 63.0078 2.4
      vertex 42.9 62.4 7.4
      vertex 42.9 62.4 2.4
    endloop
  endfacet
  facet normal 0.0871954 -0.996191 0
    outer loop
      vertex 39.4 58.9 2.4
      vertex 40.0078 58.9532 7.4
      vertex 39.4 58.9 7.4
    endloop
  endfacet
  facet normal 0.0871954 -0.996191 0
    outer loop
      vertex 40.0078 58.9532 7.4
      vertex 39.4 58.9 2.4
      vertex 40.0078 58.9532 2.4
    endloop
  endfacet
  facet normal 0.965927 -0.258815 0
    outer loop
      vertex 42.6889 61.2029 7.4
      vertex 42.8468 61.7922 2.4
      vertex 42.8468 61.7922 7.4
    endloop
  endfacet
  facet normal 0.965927 -0.258815 0
    outer loop
      vertex 42.8468 61.7922 2.4
      vertex 42.6889 61.2029 7.4
      vertex 42.6889 61.2029 2.4
    endloop
  endfacet
  facet normal 0.573506 -0.819201 0
    outer loop
      vertex 41.15 59.3689 2.4
      vertex 41.6498 59.7188 7.4
      vertex 41.15 59.3689 7.4
    endloop
  endfacet
  facet normal 0.573506 -0.819201 0
    outer loop
      vertex 41.6498 59.7188 7.4
      vertex 41.15 59.3689 2.4
      vertex 41.6498 59.7188 2.4
    endloop
  endfacet
  facet normal -0.0871954 -0.996191 0
    outer loop
      vertex 38.7922 58.9532 2.4
      vertex 39.4 58.9 7.4
      vertex 38.7922 58.9532 7.4
    endloop
  endfacet
  facet normal -0.0871954 -0.996191 -0
    outer loop
      vertex 39.4 58.9 7.4
      vertex 38.7922 58.9532 2.4
      vertex 39.4 58.9 2.4
    endloop
  endfacet
  facet normal -0.707107 -0.707107 0
    outer loop
      vertex 37.1502 59.7188 2.4
      vertex 36.7188 60.1502 7.4
      vertex 36.7188 60.1502 2.4
    endloop
  endfacet
  facet normal -0.707107 -0.707107 0
    outer loop
      vertex 36.7188 60.1502 7.4
      vertex 37.1502 59.7188 2.4
      vertex 37.1502 59.7188 7.4
    endloop
  endfacet
  facet normal -0.906321 -0.422589 0
    outer loop
      vertex 36.3689 60.65 2.4
      vertex 36.1111 61.2029 7.4
      vertex 36.1111 61.2029 2.4
    endloop
  endfacet
  facet normal -0.906321 -0.422589 0
    outer loop
      vertex 36.1111 61.2029 7.4
      vertex 36.3689 60.65 2.4
      vertex 36.3689 60.65 7.4
    endloop
  endfacet
  facet normal -0.996191 -0.0871954 0
    outer loop
      vertex 35.9532 61.7922 2.4
      vertex 35.9 62.4 7.4
      vertex 35.9 62.4 2.4
    endloop
  endfacet
  facet normal -0.996191 -0.0871954 0
    outer loop
      vertex 35.9 62.4 7.4
      vertex 35.9532 61.7922 2.4
      vertex 35.9532 61.7922 7.4
    endloop
  endfacet
  facet normal 0 0 -1
    outer loop
      vertex 42.8468 61.7922 2.4
      vertex 42.8468 63.0078 2.4
      vertex 42.9 62.4 2.4
    endloop
  endfacet
  facet normal 0 0 -1
    outer loop
      vertex 42.6889 61.2029 2.4
      vertex 42.8468 63.0078 2.4
      vertex 42.8468 61.7922 2.4
    endloop
  endfacet
  facet normal 0 0 -1
    outer loop
      vertex 42.6889 61.2029 2.4
      vertex 42.6889 63.5971 2.4
      vertex 42.8468 63.0078 2.4
    endloop
  endfacet
  facet normal 0 0 -1
    outer loop
      vertex 42.4311 60.65 2.4
      vertex 42.6889 63.5971 2.4
      vertex 42.6889 61.2029 2.4
    endloop
  endfacet
  facet normal 0 0 -1
    outer loop
      vertex 42.4311 60.65 2.4
      vertex 42.4311 64.15 2.4
      vertex 42.6889 63.5971 2.4
    endloop
  endfacet
  facet normal 0 0 -1
    outer loop
      vertex 42.0812 60.1502 2.4
      vertex 42.4311 64.15 2.4
      vertex 42.4311 60.65 2.4
    endloop
  endfacet
  facet normal 0 0 -1
    outer loop
      vertex 42.0812 60.1502 2.4
      vertex 42.0812 64.6498 2.4
      vertex 42.4311 64.15 2.4
    endloop
  endfacet
  facet normal 0 0 -1
    outer loop
      vertex 41.6498 59.7188 2.4
      vertex 42.0812 64.6498 2.4
      vertex 42.0812 60.1502 2.4
    endloop
  endfacet
  facet normal 0 0 -1
    outer loop
      vertex 41.6498 59.7188 2.4
      vertex 41.6498 65.0812 2.4
      vertex 42.0812 64.6498 2.4
    endloop
  endfacet
  facet normal 0 0 -1
    outer loop
      vertex 41.15 59.3689 2.4
      vertex 41.6498 65.0812 2.4
      vertex 41.6498 59.7188 2.4
    endloop
  endfacet
  facet normal 0 0 -1
    outer loop
      vertex 41.15 59.3689 2.4
      vertex 41.15 65.4311 2.4
      vertex 41.6498 65.0812 2.4
    endloop
  endfacet
  facet normal 0 0 -1
    outer loop
      vertex 40.5971 59.1111 2.4
      vertex 41.15 65.4311 2.4
      vertex 41.15 59.3689 2.4
    endloop
  endfacet
  facet normal 0 0 -1
    outer loop
      vertex 40.5971 59.1111 2.4
      vertex 40.5971 65.6889 2.4
      vertex 41.15 65.4311 2.4
    endloop
  endfacet
  facet normal 0 0 -1
    outer loop
      vertex 40.0078 58.9532 2.4
      vertex 40.5971 65.6889 2.4
      vertex 40.5971 59.1111 2.4
    endloop
  endfacet
  facet normal 0 0 -1
    outer loop
      vertex 40.0078 58.9532 2.4
      vertex 40.0078 65.8468 2.4
      vertex 40.5971 65.6889 2.4
    endloop
  endfacet
  facet normal 0 0 -1
    outer loop
      vertex 39.4 58.9 2.4
      vertex 40.0078 65.8468 2.4
      vertex 40.0078 58.9532 2.4
    endloop
  endfacet
  facet normal 0 0 -1
    outer loop
      vertex 39.4 58.9 2.4
      vertex 39.4 65.9 2.4
      vertex 40.0078 65.8468 2.4
    endloop
  endfacet
  facet normal 0 0 -1
    outer loop
      vertex 38.7922 58.9532 2.4
      vertex 39.4 65.9 2.4
      vertex 39.4 58.9 2.4
    endloop
  endfacet
  facet normal 0 0 -1
    outer loop
      vertex 38.7922 58.9532 2.4
      vertex 38.7922 65.8468 2.4
      vertex 39.4 65.9 2.4
    endloop
  endfacet
  facet normal 0 0 -1
    outer loop
      vertex 38.2029 59.1111 2.4
      vertex 38.7922 65.8468 2.4
      vertex 38.7922 58.9532 2.4
    endloop
  endfacet
  facet normal 0 0 -1
    outer loop
      vertex 38.2029 59.1111 2.4
      vertex 38.2029 65.6889 2.4
      vertex 38.7922 65.8468 2.4
    endloop
  endfacet
  facet normal 0 0 -1
    outer loop
      vertex 37.65 59.3689 2.4
      vertex 38.2029 65.6889 2.4
      vertex 38.2029 59.1111 2.4
    endloop
  endfacet
  facet normal 0 0 -1
    outer loop
      vertex 37.65 59.3689 2.4
      vertex 37.65 65.4311 2.4
      vertex 38.2029 65.6889 2.4
    endloop
  endfacet
  facet normal 0 0 -1
    outer loop
      vertex 37.1502 59.7188 2.4
      vertex 37.65 65.4311 2.4
      vertex 37.65 59.3689 2.4
    endloop
  endfacet
  facet normal 0 0 -1
    outer loop
      vertex 37.1502 59.7188 2.4
      vertex 37.1502 65.0812 2.4
      vertex 37.65 65.4311 2.4
    endloop
  endfacet
  facet normal 0 0 -1
    outer loop
      vertex 36.7188 60.1502 2.4
      vertex 37.1502 65.0812 2.4
      vertex 37.1502 59.7188 2.4
    endloop
  endfacet
  facet normal 0 0 -1
    outer loop
      vertex 36.7188 60.1502 2.4
      vertex 36.7188 64.6498 2.4
      vertex 37.1502 65.0812 2.4
    endloop
  endfacet
  facet normal 0 0 -1
    outer loop
      vertex 36.3689 60.65 2.4
      vertex 36.7188 64.6498 2.4
      vertex 36.7188 60.1502 2.4
    endloop
  endfacet
  facet normal 0 0 -1
    outer loop
      vertex 36.3689 60.65 2.4
      vertex 36.3689 64.15 2.4
      vertex 36.7188 64.6498 2.4
    endloop
  endfacet
  facet normal 0 0 -1
    outer loop
      vertex 36.1111 61.2029 2.4
      vertex 36.3689 64.15 2.4
      vertex 36.3689 60.65 2.4
    endloop
  endfacet
  facet normal 0 0 -1
    outer loop
      vertex 36.1111 61.2029 2.4
      vertex 36.1111 63.5971 2.4
      vertex 36.3689 64.15 2.4
    endloop
  endfacet
  facet normal 0 0 -1
    outer loop
      vertex 35.9532 61.7922 2.4
      vertex 36.1111 63.5971 2.4
      vertex 36.1111 61.2029 2.4
    endloop
  endfacet
  facet normal 0 0 -1
    outer loop
      vertex 35.9532 61.7922 2.4
      vertex 35.9532 63.0078 2.4
      vertex 36.1111 63.5971 2.4
    endloop
  endfacet
  facet normal 0 -0 -1
    outer loop
      vertex 35.9532 63.0078 2.4
      vertex 35.9532 61.7922 2.4
      vertex 35.9 62.4 2.4
    endloop
  endfacet
  facet normal 0.258815 0.965927 -0
    outer loop
      vertex 40.5971 65.6889 2.4
      vertex 40.0078 65.8468 7.4
      vertex 40.5971 65.6889 7.4
    endloop
  endfacet
  facet normal 0.258815 0.965927 0
    outer loop
      vertex 40.0078 65.8468 7.4
      vertex 40.5971 65.6889 2.4
      vertex 40.0078 65.8468 2.4
    endloop
  endfacet
  facet normal 0 0 1
    outer loop
      vertex 40.65 62.4 7.4
      vertex 42.9 62.4 7.4
      vertex 42.8468 63.0078 7.4
    endloop
  endfacet
  facet normal 0 0 1
    outer loop
      vertex 40.631 62.6171 7.4
      vertex 42.8468 63.0078 7.4
      vertex 42.6889 63.5971 7.4
    endloop
  endfacet
  facet normal 0 0 1
    outer loop
      vertex 42.9 62.4 7.4
      vertex 40.65 62.4 7.4
      vertex 42.8468 61.7922 7.4
    endloop
  endfacet
  facet normal 0 0 1
    outer loop
      vertex 40.5746 62.8275 7.4
      vertex 42.6889 63.5971 7.4
      vertex 42.4311 64.15 7.4
    endloop
  endfacet
  facet normal -0 0 1
    outer loop
      vertex 40.631 62.1829 7.4
      vertex 42.8468 61.7922 7.4
      vertex 40.65 62.4 7.4
    endloop
  endfacet
  facet normal 0 0 1
    outer loop
      vertex 40.4825 63.025 7.4
      vertex 42.4311 64.15 7.4
      vertex 42.0812 64.6498 7.4
    endloop
  endfacet
  facet normal 0 0 1
    outer loop
      vertex 42.8468 61.7922 7.4
      vertex 40.631 62.1829 7.4
      vertex 42.6889 61.2029 7.4
    endloop
  endfacet
  facet normal 0 0 1
    outer loop
      vertex 40.3576 63.2035 7.4
      vertex 42.0812 64.6498 7.4
      vertex 41.6498 65.0812 7.4
    endloop
  endfacet
  facet normal -0 0 1
    outer loop
      vertex 40.5746 61.9725 7.4
      vertex 42.6889 61.2029 7.4
      vertex 40.631 62.1829 7.4
    endloop
  endfacet
  facet normal 0 0 1
    outer loop
      vertex 40.2035 63.3576 7.4
      vertex 41.6498 65.0812 7.4
      vertex 41.15 65.4311 7.4
    endloop
  endfacet
  facet normal 0 0 1
    outer loop
      vertex 42.6889 61.2029 7.4
      vertex 40.5746 61.9725 7.4
      vertex 42.4311 60.65 7.4
    endloop
  endfacet
  facet normal -0 0 1
    outer loop
      vertex 40.4825 61.775 7.4
      vertex 42.4311 60.65 7.4
      vertex 40.5746 61.9725 7.4
    endloop
  endfacet
  facet normal 0 0 1
    outer loop
      vertex 42.8468 63.0078 7.4
      vertex 40.631 62.6171 7.4
      vertex 40.65 62.4 7.4
    endloop
  endfacet
  facet normal 0 0 1
    outer loop
      vertex 40.025 63.4825 7.4
      vertex 41.15 65.4311 7.4
      vertex 40.5971 65.6889 7.4
    endloop
  endfacet
  facet normal 0 0 1
    outer loop
      vertex 42.6889 63.5971 7.4
      vertex 40.5746 62.8275 7.4
      vertex 40.631 62.6171 7.4
    endloop
  endfacet
  facet normal 0 0 1
    outer loop
      vertex 42.4311 64.15 7.4
      vertex 40.4825 63.025 7.4
      vertex 40.5746 62.8275 7.4
    endloop
  endfacet
  facet normal 0 0 1
    outer loop
      vertex 42.0812 64.6498 7.4
      vertex 40.3576 63.2035 7.4
      vertex 40.4825 63.025 7.4
    endloop
  endfacet
  facet normal 0 0 1
    outer loop
      vertex 41.6498 65.0812 7.4
      vertex 40.2035 63.3576 7.4
      vertex 40.3576 63.2035 7.4
    endloop
  endfacet
  facet normal 0 0 1
    outer loop
      vertex 41.15 65.4311 7.4
      vertex 40.025 63.4825 7.4
      vertex 40.2035 63.3576 7.4
    endloop
  endfacet
  facet normal 0 0 1
    outer loop
      vertex 39.8275 63.5746 7.4
      vertex 40.5971 65.6889 7.4
      vertex 40.0078 65.8468 7.4
    endloop
  endfacet
  facet normal 0 0 1
    outer loop
      vertex 40.5971 65.6889 7.4
      vertex 39.8275 63.5746 7.4
      vertex 40.025 63.4825 7.4
    endloop
  endfacet
  facet normal 0 0 1
    outer loop
      vertex 40.0078 65.8468 7.4
      vertex 39.6171 63.631 7.4
      vertex 39.8275 63.5746 7.4
    endloop
  endfacet
  facet normal 0 0 1
    outer loop
      vertex 39.4 65.9 7.4
      vertex 39.6171 63.631 7.4
      vertex 40.0078 65.8468 7.4
    endloop
  endfacet
  facet normal 0 0 1
    outer loop
      vertex 39.4 65.9 7.4
      vertex 39.4 63.65 7.4
      vertex 39.6171 63.631 7.4
    endloop
  endfacet
  facet normal 0 0 1
    outer loop
      vertex 39.4 65.9 7.4
      vertex 39.1829 63.631 7.4
      vertex 39.4 63.65 7.4
    endloop
  endfacet
  facet normal -0 0 1
    outer loop
      vertex 38.7922 65.8468 7.4
      vertex 39.1829 63.631 7.4
      vertex 39.4 65.9 7.4
    endloop
  endfacet
  facet normal 0 0 1
    outer loop
      vertex 39.1829 63.631 7.4
      vertex 38.7922 65.8468 7.4
      vertex 38.9725 63.5746 7.4
    endloop
  endfacet
  facet normal -0 0 1
    outer loop
      vertex 38.2029 65.6889 7.4
      vertex 38.9725 63.5746 7.4
      vertex 38.7922 65.8468 7.4
    endloop
  endfacet
  facet normal 0 0 1
    outer loop
      vertex 38.9725 63.5746 7.4
      vertex 38.2029 65.6889 7.4
      vertex 38.775 63.4825 7.4
    endloop
  endfacet
  facet normal -0 0 1
    outer loop
      vertex 37.65 65.4311 7.4
      vertex 38.775 63.4825 7.4
      vertex 38.2029 65.6889 7.4
    endloop
  endfacet
  facet normal 0 0 1
    outer loop
      vertex 38.775 63.4825 7.4
      vertex 37.65 65.4311 7.4
      vertex 38.5965 63.3576 7.4
    endloop
  endfacet
  facet normal -0 0 1
    outer loop
      vertex 37.1502 65.0812 7.4
      vertex 38.5965 63.3576 7.4
      vertex 37.65 65.4311 7.4
    endloop
  endfacet
  facet normal 0 0 1
    outer loop
      vertex 38.5965 63.3576 7.4
      vertex 37.1502 65.0812 7.4
      vertex 38.4424 63.2035 7.4
    endloop
  endfacet
  facet normal -0 0 1
    outer loop
      vertex 36.7188 64.6498 7.4
      vertex 38.4424 63.2035 7.4
      vertex 37.1502 65.0812 7.4
    endloop
  endfacet
  facet normal 0 0 1
    outer loop
      vertex 38.4424 63.2035 7.4
      vertex 36.7188 64.6498 7.4
      vertex 38.3175 63.025 7.4
    endloop
  endfacet
  facet normal -0 0 1
    outer loop
      vertex 36.3689 64.15 7.4
      vertex 38.3175 63.025 7.4
      vertex 36.7188 64.6498 7.4
    endloop
  endfacet
  facet normal 0 0 1
    outer loop
      vertex 42.4311 60.65 7.4
      vertex 40.4825 61.775 7.4
      vertex 42.0812 60.1502 7.4
    endloop
  endfacet
  facet normal -0 0 1
    outer loop
      vertex 40.3576 61.5965 7.4
      vertex 42.0812 60.1502 7.4
      vertex 40.4825 61.775 7.4
    endloop
  endfacet
  facet normal 0 0 1
    outer loop
      vertex 42.0812 60.1502 7.4
      vertex 40.3576 61.5965 7.4
      vertex 41.6498 59.7188 7.4
    endloop
  endfacet
  facet normal -0 0 1
    outer loop
      vertex 40.2035 61.4424 7.4
      vertex 41.6498 59.7188 7.4
      vertex 40.3576 61.5965 7.4
    endloop
  endfacet
  facet normal 0 0 1
    outer loop
      vertex 41.6498 59.7188 7.4
      vertex 40.2035 61.4424 7.4
      vertex 41.15 59.3689 7.4
    endloop
  endfacet
  facet normal -0 0 1
    outer loop
      vertex 40.025 61.3175 7.4
      vertex 41.15 59.3689 7.4
      vertex 40.2035 61.4424 7.4
    endloop
  endfacet
  facet normal 0 0 1
    outer loop
      vertex 41.15 59.3689 7.4
      vertex 40.025 61.3175 7.4
      vertex 40.5971 59.1111 7.4
    endloop
  endfacet
  facet normal -0 0 1
    outer loop
      vertex 39.8275 61.2254 7.4
      vertex 40.5971 59.1111 7.4
      vertex 40.025 61.3175 7.4
    endloop
  endfacet
  facet normal 0 0 1
    outer loop
      vertex 40.5971 59.1111 7.4
      vertex 39.8275 61.2254 7.4
      vertex 40.0078 58.9532 7.4
    endloop
  endfacet
  facet normal -0 0 1
    outer loop
      vertex 39.6171 61.169 7.4
      vertex 40.0078 58.9532 7.4
      vertex 39.8275 61.2254 7.4
    endloop
  endfacet
  facet normal -0 0 1
    outer loop
      vertex 39.4 61.15 7.4
      vertex 40.0078 58.9532 7.4
      vertex 39.6171 61.169 7.4
    endloop
  endfacet
  facet normal 0 0 1
    outer loop
      vertex 39.4 61.15 7.4
      vertex 39.4 58.9 7.4
      vertex 40.0078 58.9532 7.4
    endloop
  endfacet
  facet normal 0 0 1
    outer loop
      vertex 39.1829 61.169 7.4
      vertex 39.4 58.9 7.4
      vertex 39.4 61.15 7.4
    endloop
  endfacet
  facet normal 0 0 1
    outer loop
      vertex 38.7922 58.9532 7.4
      vertex 39.1829 61.169 7.4
      vertex 38.9725 61.2254 7.4
    endloop
  endfacet
  facet normal 0 0 1
    outer loop
      vertex 39.1829 61.169 7.4
      vertex 38.7922 58.9532 7.4
      vertex 39.4 58.9 7.4
    endloop
  endfacet
  facet normal 0 0 1
    outer loop
      vertex 38.2029 59.1111 7.4
      vertex 38.9725 61.2254 7.4
      vertex 38.775 61.3175 7.4
    endloop
  endfacet
  facet normal 0 0 1
    outer loop
      vertex 37.65 59.3689 7.4
      vertex 38.775 61.3175 7.4
      vertex 38.5965 61.4424 7.4
    endloop
  endfacet
  facet normal 0 0 1
    outer loop
      vertex 37.1502 59.7188 7.4
      vertex 38.5965 61.4424 7.4
      vertex 38.4424 61.5965 7.4
    endloop
  endfacet
  facet normal 0 0 1
    outer loop
      vertex 36.7188 60.1502 7.4
      vertex 38.4424 61.5965 7.4
      vertex 38.3175 61.775 7.4
    endloop
  endfacet
  facet normal 0 0 1
    outer loop
      vertex 36.3689 60.65 7.4
      vertex 38.3175 61.775 7.4
      vertex 38.2254 61.9725 7.4
    endloop
  endfacet
  facet normal 0 0 1
    outer loop
      vertex 38.9725 61.2254 7.4
      vertex 38.2029 59.1111 7.4
      vertex 38.7922 58.9532 7.4
    endloop
  endfacet
  facet normal 0 0 1
    outer loop
      vertex 36.1111 61.2029 7.4
      vertex 38.2254 61.9725 7.4
      vertex 38.169 62.1829 7.4
    endloop
  endfacet
  facet normal 0 0 1
    outer loop
      vertex 35.9532 61.7922 7.4
      vertex 38.169 62.1829 7.4
      vertex 38.15 62.4 7.4
    endloop
  endfacet
  facet normal 0 0 1
    outer loop
      vertex 38.3175 63.025 7.4
      vertex 36.3689 64.15 7.4
      vertex 38.2254 62.8275 7.4
    endloop
  endfacet
  facet normal 0 0 1
    outer loop
      vertex 38.775 61.3175 7.4
      vertex 37.65 59.3689 7.4
      vertex 38.2029 59.1111 7.4
    endloop
  endfacet
  facet normal -0 0 1
    outer loop
      vertex 36.1111 63.5971 7.4
      vertex 38.2254 62.8275 7.4
      vertex 36.3689 64.15 7.4
    endloop
  endfacet
  facet normal 0 0 1
    outer loop
      vertex 38.5965 61.4424 7.4
      vertex 37.1502 59.7188 7.4
      vertex 37.65 59.3689 7.4
    endloop
  endfacet
  facet normal 0 0 1
    outer loop
      vertex 38.2254 62.8275 7.4
      vertex 36.1111 63.5971 7.4
      vertex 38.169 62.6171 7.4
    endloop
  endfacet
  facet normal 0 0 1
    outer loop
      vertex 38.4424 61.5965 7.4
      vertex 36.7188 60.1502 7.4
      vertex 37.1502 59.7188 7.4
    endloop
  endfacet
  facet normal -0 0 1
    outer loop
      vertex 35.9532 63.0078 7.4
      vertex 38.169 62.6171 7.4
      vertex 36.1111 63.5971 7.4
    endloop
  endfacet
  facet normal 0 0 1
    outer loop
      vertex 38.3175 61.775 7.4
      vertex 36.3689 60.65 7.4
      vertex 36.7188 60.1502 7.4
    endloop
  endfacet
  facet normal 0 0 1
    outer loop
      vertex 38.169 62.6171 7.4
      vertex 35.9532 63.0078 7.4
      vertex 38.15 62.4 7.4
    endloop
  endfacet
  facet normal 0 0 1
    outer loop
      vertex 38.2254 61.9725 7.4
      vertex 36.1111 61.2029 7.4
      vertex 36.3689 60.65 7.4
    endloop
  endfacet
  facet normal 0 0 1
    outer loop
      vertex 35.9 62.4 7.4
      vertex 38.15 62.4 7.4
      vertex 35.9532 63.0078 7.4
    endloop
  endfacet
  facet normal 0 0 1
    outer loop
      vertex 38.169 62.1829 7.4
      vertex 35.9532 61.7922 7.4
      vertex 36.1111 61.2029 7.4
    endloop
  endfacet
  facet normal 0 0 1
    outer loop
      vertex 38.15 62.4 7.4
      vertex 35.9 62.4 7.4
      vertex 35.9532 61.7922 7.4
    endloop
  endfacet
  facet normal -0.906321 0.422589 0
    outer loop
      vertex 36.1111 63.5971 2.4
      vertex 36.3689 64.15 7.4
      vertex 36.3689 64.15 2.4
    endloop
  endfacet
  facet normal -0.906321 0.422589 0
    outer loop
      vertex 36.3689 64.15 7.4
      vertex 36.1111 63.5971 2.4
      vertex 36.1111 63.5971 7.4
    endloop
  endfacet
  facet normal -0.965927 0.258815 0
    outer loop
      vertex 35.9532 63.0078 2.4
      vertex 36.1111 63.5971 7.4
      vertex 36.1111 63.5971 2.4
    endloop
  endfacet
  facet normal -0.965927 0.258815 0
    outer loop
      vertex 36.1111 63.5971 7.4
      vertex 35.9532 63.0078 2.4
      vertex 35.9532 63.0078 7.4
    endloop
  endfacet
  facet normal 0.819201 -0.573506 0
    outer loop
      vertex 42.0812 60.1502 7.4
      vertex 42.4311 60.65 2.4
      vertex 42.4311 60.65 7.4
    endloop
  endfacet
  facet normal 0.819201 -0.573506 0
    outer loop
      vertex 42.4311 60.65 2.4
      vertex 42.0812 60.1502 7.4
      vertex 42.0812 60.1502 2.4
    endloop
  endfacet
  facet normal 0.258815 -0.965927 0
    outer loop
      vertex 40.0078 58.9532 2.4
      vertex 40.5971 59.1111 7.4
      vertex 40.0078 58.9532 7.4
    endloop
  endfacet
  facet normal 0.258815 -0.965927 0
    outer loop
      vertex 40.5971 59.1111 7.4
      vertex 40.0078 58.9532 2.4
      vertex 40.5971 59.1111 2.4
    endloop
  endfacet
  facet normal 0.707107 -0.707107 0
    outer loop
      vertex 41.6498 59.7188 7.4
      vertex 42.0812 60.1502 2.4
      vertex 42.0812 60.1502 7.4
    endloop
  endfacet
  facet normal 0.707107 -0.707107 0
    outer loop
      vertex 42.0812 60.1502 2.4
      vertex 41.6498 59.7188 7.4
      vertex 41.6498 59.7188 2.4
    endloop
  endfacet
  facet normal -0.422589 -0.906321 0
    outer loop
      vertex 37.65 59.3689 2.4
      vertex 38.2029 59.1111 7.4
      vertex 37.65 59.3689 7.4
    endloop
  endfacet
  facet normal -0.422589 -0.906321 -0
    outer loop
      vertex 38.2029 59.1111 7.4
      vertex 37.65 59.3689 2.4
      vertex 38.2029 59.1111 2.4
    endloop
  endfacet
  facet normal -0.573506 -0.819201 0
    outer loop
      vertex 37.1502 59.7188 2.4
      vertex 37.65 59.3689 7.4
      vertex 37.1502 59.7188 7.4
    endloop
  endfacet
  facet normal -0.573506 -0.819201 -0
    outer loop
      vertex 37.65 59.3689 7.4
      vertex 37.1502 59.7188 2.4
      vertex 37.65 59.3689 2.4
    endloop
  endfacet
  facet normal -0.965927 -0.258815 0
    outer loop
      vertex 36.1111 61.2029 2.4
      vertex 35.9532 61.7922 7.4
      vertex 35.9532 61.7922 2.4
    endloop
  endfacet
  facet normal -0.965927 -0.258815 0
    outer loop
      vertex 35.9532 61.7922 7.4
      vertex 36.1111 61.2029 2.4
      vertex 36.1111 61.2029 7.4
    endloop
  endfacet
  facet normal -0.819201 -0.573506 0
    outer loop
      vertex 36.7188 60.1502 2.4
      vertex 36.3689 60.65 7.4
      vertex 36.3689 60.65 2.4
    endloop
  endfacet
  facet normal -0.819201 -0.573506 0
    outer loop
      vertex 36.3689 60.65 7.4
      vertex 36.7188 60.1502 2.4
      vertex 36.7188 60.1502 7.4
    endloop
  endfacet
  facet normal 0.906321 -0.422589 0
    outer loop
      vertex 42.4311 60.65 7.4
      vertex 42.6889 61.2029 2.4
      vertex 42.6889 61.2029 7.4
    endloop
  endfacet
  facet normal 0.906321 -0.422589 0
    outer loop
      vertex 42.6889 61.2029 2.4
      vertex 42.4311 60.65 7.4
      vertex 42.4311 60.65 2.4
    endloop
  endfacet
  facet normal 0.422589 -0.906321 0
    outer loop
      vertex 40.5971 59.1111 2.4
      vertex 41.15 59.3689 7.4
      vertex 40.5971 59.1111 7.4
    endloop
  endfacet
  facet normal 0.422589 -0.906321 0
    outer loop
      vertex 41.15 59.3689 7.4
      vertex 40.5971 59.1111 2.4
      vertex 41.15 59.3689 2.4
    endloop
  endfacet
  facet normal -0.258815 -0.965927 0
    outer loop
      vertex 38.2029 59.1111 2.4
      vertex 38.7922 58.9532 7.4
      vertex 38.2029 59.1111 7.4
    endloop
  endfacet
  facet normal -0.258815 -0.965927 -0
    outer loop
      vertex 38.7922 58.9532 7.4
      vertex 38.2029 59.1111 2.4
      vertex 38.7922 58.9532 2.4
    endloop
  endfacet
  facet normal -0.573308 -0.81934 0
    outer loop
      vertex 40.025 63.4825 3.4
      vertex 40.2035 63.3576 7.4
      vertex 40.025 63.4825 7.4
    endloop
  endfacet
  facet normal -0.573308 -0.81934 -0
    outer loop
      vertex 40.2035 63.3576 7.4
      vertex 40.025 63.4825 3.4
      vertex 40.2035 63.3576 3.4
    endloop
  endfacet
  facet normal -0.996192 0.087184 0
    outer loop
      vertex 40.631 62.1829 3.4
      vertex 40.65 62.4 7.4
      vertex 40.65 62.4 3.4
    endloop
  endfacet
  facet normal -0.996192 0.087184 0
    outer loop
      vertex 40.65 62.4 7.4
      vertex 40.631 62.1829 3.4
      vertex 40.631 62.1829 7.4
    endloop
  endfacet
  facet normal 0.25892 -0.965899 0
    outer loop
      vertex 38.9725 63.5746 3.4
      vertex 39.1829 63.631 7.4
      vertex 38.9725 63.5746 7.4
    endloop
  endfacet
  facet normal 0.25892 -0.965899 0
    outer loop
      vertex 39.1829 63.631 7.4
      vertex 38.9725 63.5746 3.4
      vertex 39.1829 63.631 3.4
    endloop
  endfacet
  facet normal 0.81934 -0.573308 0
    outer loop
      vertex 38.3175 63.025 7.4
      vertex 38.4424 63.2035 3.4
      vertex 38.4424 63.2035 7.4
    endloop
  endfacet
  facet normal 0.81934 -0.573308 0
    outer loop
      vertex 38.4424 63.2035 3.4
      vertex 38.3175 63.025 7.4
      vertex 38.3175 63.025 3.4
    endloop
  endfacet
  facet normal -0.9063 -0.422634 0
    outer loop
      vertex 40.5746 62.8275 3.4
      vertex 40.4825 63.025 7.4
      vertex 40.4825 63.025 3.4
    endloop
  endfacet
  facet normal -0.9063 -0.422634 0
    outer loop
      vertex 40.4825 63.025 7.4
      vertex 40.5746 62.8275 3.4
      vertex 40.5746 62.8275 7.4
    endloop
  endfacet
  facet normal -0.81934 -0.573308 0
    outer loop
      vertex 40.4825 63.025 3.4
      vertex 40.3576 63.2035 7.4
      vertex 40.3576 63.2035 3.4
    endloop
  endfacet
  facet normal -0.81934 -0.573308 0
    outer loop
      vertex 40.3576 63.2035 7.4
      vertex 40.4825 63.025 3.4
      vertex 40.4825 63.025 7.4
    endloop
  endfacet
  facet normal -0.707107 -0.707107 0
    outer loop
      vertex 40.3576 63.2035 3.4
      vertex 40.2035 63.3576 7.4
      vertex 40.2035 63.3576 3.4
    endloop
  endfacet
  facet normal -0.707107 -0.707107 0
    outer loop
      vertex 40.2035 63.3576 7.4
      vertex 40.3576 63.2035 3.4
      vertex 40.3576 63.2035 7.4
    endloop
  endfacet
  facet normal -0.422634 -0.9063 0
    outer loop
      vertex 39.8275 63.5746 3.4
      vertex 40.025 63.4825 7.4
      vertex 39.8275 63.5746 7.4
    endloop
  endfacet
  facet normal -0.422634 -0.9063 -0
    outer loop
      vertex 40.025 63.4825 7.4
      vertex 39.8275 63.5746 3.4
      vertex 40.025 63.4825 3.4
    endloop
  endfacet
  facet normal -0.087184 -0.996192 0
    outer loop
      vertex 39.4 63.65 3.4
      vertex 39.6171 63.631 7.4
      vertex 39.4 63.65 7.4
    endloop
  endfacet
  facet normal -0.087184 -0.996192 -0
    outer loop
      vertex 39.6171 63.631 7.4
      vertex 39.4 63.65 3.4
      vertex 39.6171 63.631 3.4
    endloop
  endfacet
  facet normal 0.996192 -0.087184 0
    outer loop
      vertex 38.15 62.4 7.4
      vertex 38.169 62.6171 3.4
      vertex 38.169 62.6171 7.4
    endloop
  endfacet
  facet normal 0.996192 -0.087184 0
    outer loop
      vertex 38.169 62.6171 3.4
      vertex 38.15 62.4 7.4
      vertex 38.15 62.4 3.4
    endloop
  endfacet
  facet normal 0.707107 -0.707107 0
    outer loop
      vertex 38.4424 63.2035 7.4
      vertex 38.5965 63.3576 3.4
      vertex 38.5965 63.3576 7.4
    endloop
  endfacet
  facet normal 0.707107 -0.707107 0
    outer loop
      vertex 38.5965 63.3576 3.4
      vertex 38.4424 63.2035 7.4
      vertex 38.4424 63.2035 3.4
    endloop
  endfacet
  facet normal 0.422634 -0.9063 0
    outer loop
      vertex 38.775 63.4825 3.4
      vertex 38.9725 63.5746 7.4
      vertex 38.775 63.4825 7.4
    endloop
  endfacet
  facet normal 0.422634 -0.9063 0
    outer loop
      vertex 38.9725 63.5746 7.4
      vertex 38.775 63.4825 3.4
      vertex 38.9725 63.5746 3.4
    endloop
  endfacet
  facet normal 0.087184 -0.996192 0
    outer loop
      vertex 39.1829 63.631 3.4
      vertex 39.4 63.65 7.4
      vertex 39.1829 63.631 7.4
    endloop
  endfacet
  facet normal 0.087184 -0.996192 0
    outer loop
      vertex 39.4 63.65 7.4
      vertex 39.1829 63.631 3.4
      vertex 39.4 63.65 3.4
    endloop
  endfacet
  facet normal 0.573308 -0.81934 0
    outer loop
      vertex 38.5965 63.3576 3.4
      vertex 38.775 63.4825 7.4
      vertex 38.5965 63.3576 7.4
    endloop
  endfacet
  facet normal 0.573308 -0.81934 0
    outer loop
      vertex 38.775 63.4825 7.4
      vertex 38.5965 63.3576 3.4
      vertex 38.775 63.4825 3.4
    endloop
  endfacet
  facet normal -0.996192 -0.087184 0
    outer loop
      vertex 40.65 62.4 3.4
      vertex 40.631 62.6171 7.4
      vertex 40.631 62.6171 3.4
    endloop
  endfacet
  facet normal -0.996192 -0.087184 0
    outer loop
      vertex 40.631 62.6171 7.4
      vertex 40.65 62.4 3.4
      vertex 40.65 62.4 7.4
    endloop
  endfacet
  facet normal -0.087184 0.996192 0
    outer loop
      vertex 39.6171 61.169 3.4
      vertex 39.4 61.15 7.4
      vertex 39.6171 61.169 7.4
    endloop
  endfacet
  facet normal -0.087184 0.996192 0
    outer loop
      vertex 39.4 61.15 7.4
      vertex 39.6171 61.169 3.4
      vertex 39.4 61.15 3.4
    endloop
  endfacet
  facet normal -0.965899 0.25892 0
    outer loop
      vertex 40.5746 61.9725 3.4
      vertex 40.631 62.1829 7.4
      vertex 40.631 62.1829 3.4
    endloop
  endfacet
  facet normal -0.965899 0.25892 0
    outer loop
      vertex 40.631 62.1829 7.4
      vertex 40.5746 61.9725 3.4
      vertex 40.5746 61.9725 7.4
    endloop
  endfacet
  facet normal -0.422634 0.9063 0
    outer loop
      vertex 40.025 61.3175 3.4
      vertex 39.8275 61.2254 7.4
      vertex 40.025 61.3175 7.4
    endloop
  endfacet
  facet normal -0.422634 0.9063 0
    outer loop
      vertex 39.8275 61.2254 7.4
      vertex 40.025 61.3175 3.4
      vertex 39.8275 61.2254 3.4
    endloop
  endfacet
  facet normal -0.573308 0.81934 0
    outer loop
      vertex 40.2035 61.4424 3.4
      vertex 40.025 61.3175 7.4
      vertex 40.2035 61.4424 7.4
    endloop
  endfacet
  facet normal -0.573308 0.81934 0
    outer loop
      vertex 40.025 61.3175 7.4
      vertex 40.2035 61.4424 3.4
      vertex 40.025 61.3175 3.4
    endloop
  endfacet
  facet normal 0.087184 0.996192 -0
    outer loop
      vertex 39.4 61.15 3.4
      vertex 39.1829 61.169 7.4
      vertex 39.4 61.15 7.4
    endloop
  endfacet
  facet normal 0.087184 0.996192 0
    outer loop
      vertex 39.1829 61.169 7.4
      vertex 39.4 61.15 3.4
      vertex 39.1829 61.169 3.4
    endloop
  endfacet
  facet normal 0.707107 0.707107 0
    outer loop
      vertex 38.5965 61.4424 7.4
      vertex 38.4424 61.5965 3.4
      vertex 38.4424 61.5965 7.4
    endloop
  endfacet
  facet normal 0.707107 0.707107 0
    outer loop
      vertex 38.4424 61.5965 3.4
      vertex 38.5965 61.4424 7.4
      vertex 38.5965 61.4424 3.4
    endloop
  endfacet
  facet normal 0.9063 0.422634 0
    outer loop
      vertex 38.3175 61.775 7.4
      vertex 38.2254 61.9725 3.4
      vertex 38.2254 61.9725 7.4
    endloop
  endfacet
  facet normal 0.9063 0.422634 0
    outer loop
      vertex 38.2254 61.9725 3.4
      vertex 38.3175 61.775 7.4
      vertex 38.3175 61.775 3.4
    endloop
  endfacet
  facet normal 0.996192 0.087184 0
    outer loop
      vertex 38.169 62.1829 7.4
      vertex 38.15 62.4 3.4
      vertex 38.15 62.4 7.4
    endloop
  endfacet
  facet normal 0.996192 0.087184 0
    outer loop
      vertex 38.15 62.4 3.4
      vertex 38.169 62.1829 7.4
      vertex 38.169 62.1829 3.4
    endloop
  endfacet
  facet normal 0 0 1
    outer loop
      vertex 40.631 62.6171 3.4
      vertex 40.631 62.1829 3.4
      vertex 40.65 62.4 3.4
    endloop
  endfacet
  facet normal 0 0 1
    outer loop
      vertex 40.5746 62.8275 3.4
      vertex 40.631 62.1829 3.4
      vertex 40.631 62.6171 3.4
    endloop
  endfacet
  facet normal 0 0 1
    outer loop
      vertex 40.5746 62.8275 3.4
      vertex 40.5746 61.9725 3.4
      vertex 40.631 62.1829 3.4
    endloop
  endfacet
  facet normal 0 0 1
    outer loop
      vertex 40.4825 63.025 3.4
      vertex 40.5746 61.9725 3.4
      vertex 40.5746 62.8275 3.4
    endloop
  endfacet
  facet normal 0 0 1
    outer loop
      vertex 40.4825 63.025 3.4
      vertex 40.4825 61.775 3.4
      vertex 40.5746 61.9725 3.4
    endloop
  endfacet
  facet normal 0 0 1
    outer loop
      vertex 40.3576 63.2035 3.4
      vertex 40.4825 61.775 3.4
      vertex 40.4825 63.025 3.4
    endloop
  endfacet
  facet normal 0 0 1
    outer loop
      vertex 40.3576 63.2035 3.4
      vertex 40.3576 61.5965 3.4
      vertex 40.4825 61.775 3.4
    endloop
  endfacet
  facet normal 0 0 1
    outer loop
      vertex 40.2035 63.3576 3.4
      vertex 40.3576 61.5965 3.4
      vertex 40.3576 63.2035 3.4
    endloop
  endfacet
  facet normal 0 0 1
    outer loop
      vertex 40.2035 63.3576 3.4
      vertex 40.2035 61.4424 3.4
      vertex 40.3576 61.5965 3.4
    endloop
  endfacet
  facet normal 0 0 1
    outer loop
      vertex 40.025 63.4825 3.4
      vertex 40.2035 61.4424 3.4
      vertex 40.2035 63.3576 3.4
    endloop
  endfacet
  facet normal 0 0 1
    outer loop
      vertex 40.025 63.4825 3.4
      vertex 40.025 61.3175 3.4
      vertex 40.2035 61.4424 3.4
    endloop
  endfacet
  facet normal 0 0 1
    outer loop
      vertex 39.8275 63.5746 3.4
      vertex 40.025 61.3175 3.4
      vertex 40.025 63.4825 3.4
    endloop
  endfacet
  facet normal 0 0 1
    outer loop
      vertex 39.8275 63.5746 3.4
      vertex 39.8275 61.2254 3.4
      vertex 40.025 61.3175 3.4
    endloop
  endfacet
  facet normal 0 0 1
    outer loop
      vertex 39.6171 63.631 3.4
      vertex 39.8275 61.2254 3.4
      vertex 39.8275 63.5746 3.4
    endloop
  endfacet
  facet normal 0 0 1
    outer loop
      vertex 39.6171 63.631 3.4
      vertex 39.6171 61.169 3.4
      vertex 39.8275 61.2254 3.4
    endloop
  endfacet
  facet normal 0 0 1
    outer loop
      vertex 39.4 63.65 3.4
      vertex 39.6171 61.169 3.4
      vertex 39.6171 63.631 3.4
    endloop
  endfacet
  facet normal 0 0 1
    outer loop
      vertex 39.4 63.65 3.4
      vertex 39.4 61.15 3.4
      vertex 39.6171 61.169 3.4
    endloop
  endfacet
  facet normal -0 0 1
    outer loop
      vertex 39.1829 63.631 3.4
      vertex 39.4 61.15 3.4
      vertex 39.4 63.65 3.4
    endloop
  endfacet
  facet normal 0 0 1
    outer loop
      vertex 39.1829 63.631 3.4
      vertex 39.1829 61.169 3.4
      vertex 39.4 61.15 3.4
    endloop
  endfacet
  facet normal -0 0 1
    outer loop
      vertex 38.9725 63.5746 3.4
      vertex 39.1829 61.169 3.4
      vertex 39.1829 63.631 3.4
    endloop
  endfacet
  facet normal 0 0 1
    outer loop
      vertex 38.9725 63.5746 3.4
      vertex 38.9725 61.2254 3.4
      vertex 39.1829 61.169 3.4
    endloop
  endfacet
  facet normal -0 0 1
    outer loop
      vertex 38.775 63.4825 3.4
      vertex 38.9725 61.2254 3.4
      vertex 38.9725 63.5746 3.4
    endloop
  endfacet
  facet normal 0 0 1
    outer loop
      vertex 38.775 63.4825 3.4
      vertex 38.775 61.3175 3.4
      vertex 38.9725 61.2254 3.4
    endloop
  endfacet
  facet normal -0 0 1
    outer loop
      vertex 38.5965 63.3576 3.4
      vertex 38.775 61.3175 3.4
      vertex 38.775 63.4825 3.4
    endloop
  endfacet
  facet normal 0 0 1
    outer loop
      vertex 38.5965 63.3576 3.4
      vertex 38.5965 61.4424 3.4
      vertex 38.775 61.3175 3.4
    endloop
  endfacet
  facet normal -0 0 1
    outer loop
      vertex 38.4424 63.2035 3.4
      vertex 38.5965 61.4424 3.4
      vertex 38.5965 63.3576 3.4
    endloop
  endfacet
  facet normal 0 0 1
    outer loop
      vertex 38.4424 63.2035 3.4
      vertex 38.4424 61.5965 3.4
      vertex 38.5965 61.4424 3.4
    endloop
  endfacet
  facet normal -0 0 1
    outer loop
      vertex 38.3175 63.025 3.4
      vertex 38.4424 61.5965 3.4
      vertex 38.4424 63.2035 3.4
    endloop
  endfacet
  facet normal 0 0 1
    outer loop
      vertex 38.3175 63.025 3.4
      vertex 38.3175 61.775 3.4
      vertex 38.4424 61.5965 3.4
    endloop
  endfacet
  facet normal -0 0 1
    outer loop
      vertex 38.2254 62.8275 3.4
      vertex 38.3175 61.775 3.4
      vertex 38.3175 63.025 3.4
    endloop
  endfacet
  facet normal 0 0 1
    outer loop
      vertex 38.2254 62.8275 3.4
      vertex 38.2254 61.9725 3.4
      vertex 38.3175 61.775 3.4
    endloop
  endfacet
  facet normal -0 0 1
    outer loop
      vertex 38.169 62.6171 3.4
      vertex 38.2254 61.9725 3.4
      vertex 38.2254 62.8275 3.4
    endloop
  endfacet
  facet normal 0 0 1
    outer loop
      vertex 38.169 62.6171 3.4
      vertex 38.169 62.1829 3.4
      vertex 38.2254 61.9725 3.4
    endloop
  endfacet
  facet normal 0 -0 1
    outer loop
      vertex 38.169 62.1829 3.4
      vertex 38.169 62.6171 3.4
      vertex 38.15 62.4 3.4
    endloop
  endfacet
  facet normal 0.81934 0.573308 0
    outer loop
      vertex 38.4424 61.5965 7.4
      vertex 38.3175 61.775 3.4
      vertex 38.3175 61.775 7.4
    endloop
  endfacet
  facet normal 0.81934 0.573308 0
    outer loop
      vertex 38.3175 61.775 3.4
      vertex 38.4424 61.5965 7.4
      vertex 38.4424 61.5965 3.4
    endloop
  endfacet
  facet normal -0.965899 -0.25892 0
    outer loop
      vertex 40.631 62.6171 3.4
      vertex 40.5746 62.8275 7.4
      vertex 40.5746 62.8275 3.4
    endloop
  endfacet
  facet normal -0.965899 -0.25892 0
    outer loop
      vertex 40.5746 62.8275 7.4
      vertex 40.631 62.6171 3.4
      vertex 40.631 62.6171 7.4
    endloop
  endfacet
  facet normal -0.25892 -0.965899 0
    outer loop
      vertex 39.6171 63.631 3.4
      vertex 39.8275 63.5746 7.4
      vertex 39.6171 63.631 7.4
    endloop
  endfacet
  facet normal -0.25892 -0.965899 -0
    outer loop
      vertex 39.8275 63.5746 7.4
      vertex 39.6171 63.631 3.4
      vertex 39.8275 63.5746 3.4
    endloop
  endfacet
  facet normal 0.9063 -0.422634 0
    outer loop
      vertex 38.2254 62.8275 7.4
      vertex 38.3175 63.025 3.4
      vertex 38.3175 63.025 7.4
    endloop
  endfacet
  facet normal 0.9063 -0.422634 0
    outer loop
      vertex 38.3175 63.025 3.4
      vertex 38.2254 62.8275 7.4
      vertex 38.2254 62.8275 3.4
    endloop
  endfacet
  facet normal 0.965899 -0.25892 0
    outer loop
      vertex 38.169 62.6171 7.4
      vertex 38.2254 62.8275 3.4
      vertex 38.2254 62.8275 7.4
    endloop
  endfacet
  facet normal 0.965899 -0.25892 0
    outer loop
      vertex 38.2254 62.8275 3.4
      vertex 38.169 62.6171 7.4
      vertex 38.169 62.6171 3.4
    endloop
  endfacet
  facet normal -0.81934 0.573308 0
    outer loop
      vertex 40.3576 61.5965 3.4
      vertex 40.4825 61.775 7.4
      vertex 40.4825 61.775 3.4
    endloop
  endfacet
  facet normal -0.81934 0.573308 0
    outer loop
      vertex 40.4825 61.775 7.4
      vertex 40.3576 61.5965 3.4
      vertex 40.3576 61.5965 7.4
    endloop
  endfacet
  facet normal -0.9063 0.422634 0
    outer loop
      vertex 40.4825 61.775 3.4
      vertex 40.5746 61.9725 7.4
      vertex 40.5746 61.9725 3.4
    endloop
  endfacet
  facet normal -0.9063 0.422634 0
    outer loop
      vertex 40.5746 61.9725 7.4
      vertex 40.4825 61.775 3.4
      vertex 40.4825 61.775 7.4
    endloop
  endfacet
  facet normal -0.25892 0.965899 0
    outer loop
      vertex 39.8275 61.2254 3.4
      vertex 39.6171 61.169 7.4
      vertex 39.8275 61.2254 7.4
    endloop
  endfacet
  facet normal -0.25892 0.965899 0
    outer loop
      vertex 39.6171 61.169 7.4
      vertex 39.8275 61.2254 3.4
      vertex 39.6171 61.169 3.4
    endloop
  endfacet
  facet normal -0.707107 0.707107 0
    outer loop
      vertex 40.2035 61.4424 3.4
      vertex 40.3576 61.5965 7.4
      vertex 40.3576 61.5965 3.4
    endloop
  endfacet
  facet normal -0.707107 0.707107 0
    outer loop
      vertex 40.3576 61.5965 7.4
      vertex 40.2035 61.4424 3.4
      vertex 40.2035 61.4424 7.4
    endloop
  endfacet
  facet normal 0.422634 0.9063 -0
    outer loop
      vertex 38.9725 61.2254 3.4
      vertex 38.775 61.3175 7.4
      vertex 38.9725 61.2254 7.4
    endloop
  endfacet
  facet normal 0.422634 0.9063 0
    outer loop
      vertex 38.775 61.3175 7.4
      vertex 38.9725 61.2254 3.4
      vertex 38.775 61.3175 3.4
    endloop
  endfacet
  facet normal 0.573308 0.81934 -0
    outer loop
      vertex 38.775 61.3175 3.4
      vertex 38.5965 61.4424 7.4
      vertex 38.775 61.3175 7.4
    endloop
  endfacet
  facet normal 0.573308 0.81934 0
    outer loop
      vertex 38.5965 61.4424 7.4
      vertex 38.775 61.3175 3.4
      vertex 38.5965 61.4424 3.4
    endloop
  endfacet
  facet normal 0.965899 0.25892 0
    outer loop
      vertex 38.2254 61.9725 7.4
      vertex 38.169 62.1829 3.4
      vertex 38.169 62.1829 7.4
    endloop
  endfacet
  facet normal 0.965899 0.25892 0
    outer loop
      vertex 38.169 62.1829 3.4
      vertex 38.2254 61.9725 7.4
      vertex 38.2254 61.9725 3.4
    endloop
  endfacet
  facet normal 0.25892 0.965899 -0
    outer loop
      vertex 39.1829 61.169 3.4
      vertex 38.9725 61.2254 7.4
      vertex 39.1829 61.169 7.4
    endloop
  endfacet
  facet normal 0.25892 0.965899 0
    outer loop
      vertex 38.9725 61.2254 7.4
      vertex 39.1829 61.169 3.4
      vertex 38.9725 61.2254 3.4
    endloop
  endfacet
  facet normal 0.573506 0.819201 -0
    outer loop
      vertex 20.6498 87.0812 2.4
      vertex 20.15 87.4311 7.4
      vertex 20.6498 87.0812 7.4
    endloop
  endfacet
  facet normal 0.573506 0.819201 0
    outer loop
      vertex 20.15 87.4311 7.4
      vertex 20.6498 87.0812 2.4
      vertex 20.15 87.4311 2.4
    endloop
  endfacet
  facet normal 0.996191 -0.0871954 0
    outer loop
      vertex 21.8468 83.7922 7.4
      vertex 21.9 84.4 2.4
      vertex 21.9 84.4 7.4
    endloop
  endfacet
  facet normal 0.996191 -0.0871954 0
    outer loop
      vertex 21.9 84.4 2.4
      vertex 21.8468 83.7922 7.4
      vertex 21.8468 83.7922 2.4
    endloop
  endfacet
  facet normal -0.258815 0.965927 0
    outer loop
      vertex 17.7922 87.8468 2.4
      vertex 17.2029 87.6889 7.4
      vertex 17.7922 87.8468 7.4
    endloop
  endfacet
  facet normal -0.258815 0.965927 0
    outer loop
      vertex 17.2029 87.6889 7.4
      vertex 17.7922 87.8468 2.4
      vertex 17.2029 87.6889 2.4
    endloop
  endfacet
  facet normal -0.819201 0.573506 0
    outer loop
      vertex 15.3689 86.15 2.4
      vertex 15.7188 86.6498 7.4
      vertex 15.7188 86.6498 2.4
    endloop
  endfacet
  facet normal -0.819201 0.573506 0
    outer loop
      vertex 15.7188 86.6498 7.4
      vertex 15.3689 86.15 2.4
      vertex 15.3689 86.15 7.4
    endloop
  endfacet
  facet normal 0.965927 0.258815 0
    outer loop
      vertex 21.8468 85.0078 7.4
      vertex 21.6889 85.5971 2.4
      vertex 21.6889 85.5971 7.4
    endloop
  endfacet
  facet normal 0.965927 0.258815 0
    outer loop
      vertex 21.6889 85.5971 2.4
      vertex 21.8468 85.0078 7.4
      vertex 21.8468 85.0078 2.4
    endloop
  endfacet
  facet normal 0.906321 0.422589 0
    outer loop
      vertex 21.6889 85.5971 7.4
      vertex 21.4311 86.15 2.4
      vertex 21.4311 86.15 7.4
    endloop
  endfacet
  facet normal 0.906321 0.422589 0
    outer loop
      vertex 21.4311 86.15 2.4
      vertex 21.6889 85.5971 7.4
      vertex 21.6889 85.5971 2.4
    endloop
  endfacet
  facet normal 0.819201 0.573506 0
    outer loop
      vertex 21.4311 86.15 7.4
      vertex 21.0812 86.6498 2.4
      vertex 21.0812 86.6498 7.4
    endloop
  endfacet
  facet normal 0.819201 0.573506 0
    outer loop
      vertex 21.0812 86.6498 2.4
      vertex 21.4311 86.15 7.4
      vertex 21.4311 86.15 2.4
    endloop
  endfacet
  facet normal 0.707107 0.707107 -0
    outer loop
      vertex 21.0812 86.6498 2.4
      vertex 20.6498 87.0812 7.4
      vertex 21.0812 86.6498 7.4
    endloop
  endfacet
  facet normal 0.707107 0.707107 0
    outer loop
      vertex 20.6498 87.0812 7.4
      vertex 21.0812 86.6498 2.4
      vertex 20.6498 87.0812 2.4
    endloop
  endfacet
  facet normal 0.422589 0.906321 -0
    outer loop
      vertex 20.15 87.4311 2.4
      vertex 19.5971 87.6889 7.4
      vertex 20.15 87.4311 7.4
    endloop
  endfacet
  facet normal 0.422589 0.906321 0
    outer loop
      vertex 19.5971 87.6889 7.4
      vertex 20.15 87.4311 2.4
      vertex 19.5971 87.6889 2.4
    endloop
  endfacet
  facet normal 0.0871954 0.996191 -0
    outer loop
      vertex 19.0078 87.8468 2.4
      vertex 18.4 87.9 7.4
      vertex 19.0078 87.8468 7.4
    endloop
  endfacet
  facet normal 0.0871954 0.996191 0
    outer loop
      vertex 18.4 87.9 7.4
      vertex 19.0078 87.8468 2.4
      vertex 18.4 87.9 2.4
    endloop
  endfacet
  facet normal -0.996191 0.0871954 0
    outer loop
      vertex 14.9 84.4 2.4
      vertex 14.9532 85.0078 7.4
      vertex 14.9532 85.0078 2.4
    endloop
  endfacet
  facet normal -0.996191 0.0871954 0
    outer loop
      vertex 14.9532 85.0078 7.4
      vertex 14.9 84.4 2.4
      vertex 14.9 84.4 7.4
    endloop
  endfacet
  facet normal -0.707107 0.707107 0
    outer loop
      vertex 16.1502 87.0812 2.4
      vertex 15.7188 86.6498 7.4
      vertex 16.1502 87.0812 7.4
    endloop
  endfacet
  facet normal -0.707107 0.707107 0
    outer loop
      vertex 15.7188 86.6498 7.4
      vertex 16.1502 87.0812 2.4
      vertex 15.7188 86.6498 2.4
    endloop
  endfacet
  facet normal -0.422589 0.906321 0
    outer loop
      vertex 17.2029 87.6889 2.4
      vertex 16.65 87.4311 7.4
      vertex 17.2029 87.6889 7.4
    endloop
  endfacet
  facet normal -0.422589 0.906321 0
    outer loop
      vertex 16.65 87.4311 7.4
      vertex 17.2029 87.6889 2.4
      vertex 16.65 87.4311 2.4
    endloop
  endfacet
  facet normal -0.0871954 0.996191 0
    outer loop
      vertex 18.4 87.9 2.4
      vertex 17.7922 87.8468 7.4
      vertex 18.4 87.9 7.4
    endloop
  endfacet
  facet normal -0.0871954 0.996191 0
    outer loop
      vertex 17.7922 87.8468 7.4
      vertex 18.4 87.9 2.4
      vertex 17.7922 87.8468 2.4
    endloop
  endfacet
  facet normal -0.573506 0.819201 0
    outer loop
      vertex 16.65 87.4311 2.4
      vertex 16.1502 87.0812 7.4
      vertex 16.65 87.4311 7.4
    endloop
  endfacet
  facet normal -0.573506 0.819201 0
    outer loop
      vertex 16.1502 87.0812 7.4
      vertex 16.65 87.4311 2.4
      vertex 16.1502 87.0812 2.4
    endloop
  endfacet
  facet normal 0.996191 0.0871954 0
    outer loop
      vertex 21.9 84.4 7.4
      vertex 21.8468 85.0078 2.4
      vertex 21.8468 85.0078 7.4
    endloop
  endfacet
  facet normal 0.996191 0.0871954 0
    outer loop
      vertex 21.8468 85.0078 2.4
      vertex 21.9 84.4 7.4
      vertex 21.9 84.4 2.4
    endloop
  endfacet
  facet normal 0.0871954 -0.996191 0
    outer loop
      vertex 18.4 80.9 2.4
      vertex 19.0078 80.9532 7.4
      vertex 18.4 80.9 7.4
    endloop
  endfacet
  facet normal 0.0871954 -0.996191 0
    outer loop
      vertex 19.0078 80.9532 7.4
      vertex 18.4 80.9 2.4
      vertex 19.0078 80.9532 2.4
    endloop
  endfacet
  facet normal 0.965927 -0.258815 0
    outer loop
      vertex 21.6889 83.2029 7.4
      vertex 21.8468 83.7922 2.4
      vertex 21.8468 83.7922 7.4
    endloop
  endfacet
  facet normal 0.965927 -0.258815 0
    outer loop
      vertex 21.8468 83.7922 2.4
      vertex 21.6889 83.2029 7.4
      vertex 21.6889 83.2029 2.4
    endloop
  endfacet
  facet normal 0.573506 -0.819201 0
    outer loop
      vertex 20.15 81.3689 2.4
      vertex 20.6498 81.7188 7.4
      vertex 20.15 81.3689 7.4
    endloop
  endfacet
  facet normal 0.573506 -0.819201 0
    outer loop
      vertex 20.6498 81.7188 7.4
      vertex 20.15 81.3689 2.4
      vertex 20.6498 81.7188 2.4
    endloop
  endfacet
  facet normal -0.0871954 -0.996191 0
    outer loop
      vertex 17.7922 80.9532 2.4
      vertex 18.4 80.9 7.4
      vertex 17.7922 80.9532 7.4
    endloop
  endfacet
  facet normal -0.0871954 -0.996191 -0
    outer loop
      vertex 18.4 80.9 7.4
      vertex 17.7922 80.9532 2.4
      vertex 18.4 80.9 2.4
    endloop
  endfacet
  facet normal -0.707107 -0.707107 0
    outer loop
      vertex 16.1502 81.7188 2.4
      vertex 15.7188 82.1502 7.4
      vertex 15.7188 82.1502 2.4
    endloop
  endfacet
  facet normal -0.707107 -0.707107 0
    outer loop
      vertex 15.7188 82.1502 7.4
      vertex 16.1502 81.7188 2.4
      vertex 16.1502 81.7188 7.4
    endloop
  endfacet
  facet normal -0.906321 -0.422589 0
    outer loop
      vertex 15.3689 82.65 2.4
      vertex 15.1111 83.2029 7.4
      vertex 15.1111 83.2029 2.4
    endloop
  endfacet
  facet normal -0.906321 -0.422589 0
    outer loop
      vertex 15.1111 83.2029 7.4
      vertex 15.3689 82.65 2.4
      vertex 15.3689 82.65 7.4
    endloop
  endfacet
  facet normal -0.996191 -0.0871954 0
    outer loop
      vertex 14.9532 83.7922 2.4
      vertex 14.9 84.4 7.4
      vertex 14.9 84.4 2.4
    endloop
  endfacet
  facet normal -0.996191 -0.0871954 0
    outer loop
      vertex 14.9 84.4 7.4
      vertex 14.9532 83.7922 2.4
      vertex 14.9532 83.7922 7.4
    endloop
  endfacet
  facet normal 0 0 -1
    outer loop
      vertex 21.8468 83.7922 2.4
      vertex 21.8468 85.0078 2.4
      vertex 21.9 84.4 2.4
    endloop
  endfacet
  facet normal 0 0 -1
    outer loop
      vertex 21.6889 83.2029 2.4
      vertex 21.8468 85.0078 2.4
      vertex 21.8468 83.7922 2.4
    endloop
  endfacet
  facet normal 0 0 -1
    outer loop
      vertex 21.6889 83.2029 2.4
      vertex 21.6889 85.5971 2.4
      vertex 21.8468 85.0078 2.4
    endloop
  endfacet
  facet normal 0 0 -1
    outer loop
      vertex 21.4311 82.65 2.4
      vertex 21.6889 85.5971 2.4
      vertex 21.6889 83.2029 2.4
    endloop
  endfacet
  facet normal 0 0 -1
    outer loop
      vertex 21.4311 82.65 2.4
      vertex 21.4311 86.15 2.4
      vertex 21.6889 85.5971 2.4
    endloop
  endfacet
  facet normal 0 0 -1
    outer loop
      vertex 21.0812 82.1502 2.4
      vertex 21.4311 86.15 2.4
      vertex 21.4311 82.65 2.4
    endloop
  endfacet
  facet normal 0 0 -1
    outer loop
      vertex 21.0812 82.1502 2.4
      vertex 21.0812 86.6498 2.4
      vertex 21.4311 86.15 2.4
    endloop
  endfacet
  facet normal 0 0 -1
    outer loop
      vertex 20.6498 81.7188 2.4
      vertex 21.0812 86.6498 2.4
      vertex 21.0812 82.1502 2.4
    endloop
  endfacet
  facet normal 0 0 -1
    outer loop
      vertex 20.6498 81.7188 2.4
      vertex 20.6498 87.0812 2.4
      vertex 21.0812 86.6498 2.4
    endloop
  endfacet
  facet normal 0 0 -1
    outer loop
      vertex 20.15 81.3689 2.4
      vertex 20.6498 87.0812 2.4
      vertex 20.6498 81.7188 2.4
    endloop
  endfacet
  facet normal 0 0 -1
    outer loop
      vertex 20.15 81.3689 2.4
      vertex 20.15 87.4311 2.4
      vertex 20.6498 87.0812 2.4
    endloop
  endfacet
  facet normal 0 0 -1
    outer loop
      vertex 19.5971 81.1111 2.4
      vertex 20.15 87.4311 2.4
      vertex 20.15 81.3689 2.4
    endloop
  endfacet
  facet normal 0 0 -1
    outer loop
      vertex 19.5971 81.1111 2.4
      vertex 19.5971 87.6889 2.4
      vertex 20.15 87.4311 2.4
    endloop
  endfacet
  facet normal 0 0 -1
    outer loop
      vertex 19.0078 80.9532 2.4
      vertex 19.5971 87.6889 2.4
      vertex 19.5971 81.1111 2.4
    endloop
  endfacet
  facet normal 0 0 -1
    outer loop
      vertex 19.0078 80.9532 2.4
      vertex 19.0078 87.8468 2.4
      vertex 19.5971 87.6889 2.4
    endloop
  endfacet
  facet normal 0 0 -1
    outer loop
      vertex 18.4 80.9 2.4
      vertex 19.0078 87.8468 2.4
      vertex 19.0078 80.9532 2.4
    endloop
  endfacet
  facet normal 0 0 -1
    outer loop
      vertex 18.4 80.9 2.4
      vertex 18.4 87.9 2.4
      vertex 19.0078 87.8468 2.4
    endloop
  endfacet
  facet normal 0 0 -1
    outer loop
      vertex 17.7922 80.9532 2.4
      vertex 18.4 87.9 2.4
      vertex 18.4 80.9 2.4
    endloop
  endfacet
  facet normal 0 0 -1
    outer loop
      vertex 17.7922 80.9532 2.4
      vertex 17.7922 87.8468 2.4
      vertex 18.4 87.9 2.4
    endloop
  endfacet
  facet normal 0 0 -1
    outer loop
      vertex 17.2029 81.1111 2.4
      vertex 17.7922 87.8468 2.4
      vertex 17.7922 80.9532 2.4
    endloop
  endfacet
  facet normal 0 0 -1
    outer loop
      vertex 17.2029 81.1111 2.4
      vertex 17.2029 87.6889 2.4
      vertex 17.7922 87.8468 2.4
    endloop
  endfacet
  facet normal 0 0 -1
    outer loop
      vertex 16.65 81.3689 2.4
      vertex 17.2029 87.6889 2.4
      vertex 17.2029 81.1111 2.4
    endloop
  endfacet
  facet normal 0 0 -1
    outer loop
      vertex 16.65 81.3689 2.4
      vertex 16.65 87.4311 2.4
      vertex 17.2029 87.6889 2.4
    endloop
  endfacet
  facet normal 0 0 -1
    outer loop
      vertex 16.1502 81.7188 2.4
      vertex 16.65 87.4311 2.4
      vertex 16.65 81.3689 2.4
    endloop
  endfacet
  facet normal 0 0 -1
    outer loop
      vertex 16.1502 81.7188 2.4
      vertex 16.1502 87.0812 2.4
      vertex 16.65 87.4311 2.4
    endloop
  endfacet
  facet normal 0 0 -1
    outer loop
      vertex 15.7188 82.1502 2.4
      vertex 16.1502 87.0812 2.4
      vertex 16.1502 81.7188 2.4
    endloop
  endfacet
  facet normal 0 0 -1
    outer loop
      vertex 15.7188 82.1502 2.4
      vertex 15.7188 86.6498 2.4
      vertex 16.1502 87.0812 2.4
    endloop
  endfacet
  facet normal 0 0 -1
    outer loop
      vertex 15.3689 82.65 2.4
      vertex 15.7188 86.6498 2.4
      vertex 15.7188 82.1502 2.4
    endloop
  endfacet
  facet normal 0 0 -1
    outer loop
      vertex 15.3689 82.65 2.4
      vertex 15.3689 86.15 2.4
      vertex 15.7188 86.6498 2.4
    endloop
  endfacet
  facet normal 0 0 -1
    outer loop
      vertex 15.1111 83.2029 2.4
      vertex 15.3689 86.15 2.4
      vertex 15.3689 82.65 2.4
    endloop
  endfacet
  facet normal 0 0 -1
    outer loop
      vertex 15.1111 83.2029 2.4
      vertex 15.1111 85.5971 2.4
      vertex 15.3689 86.15 2.4
    endloop
  endfacet
  facet normal 0 0 -1
    outer loop
      vertex 14.9532 83.7922 2.4
      vertex 15.1111 85.5971 2.4
      vertex 15.1111 83.2029 2.4
    endloop
  endfacet
  facet normal 0 0 -1
    outer loop
      vertex 14.9532 83.7922 2.4
      vertex 14.9532 85.0078 2.4
      vertex 15.1111 85.5971 2.4
    endloop
  endfacet
  facet normal 0 -0 -1
    outer loop
      vertex 14.9532 85.0078 2.4
      vertex 14.9532 83.7922 2.4
      vertex 14.9 84.4 2.4
    endloop
  endfacet
  facet normal 0.258815 0.965927 -0
    outer loop
      vertex 19.5971 87.6889 2.4
      vertex 19.0078 87.8468 7.4
      vertex 19.5971 87.6889 7.4
    endloop
  endfacet
  facet normal 0.258815 0.965927 0
    outer loop
      vertex 19.0078 87.8468 7.4
      vertex 19.5971 87.6889 2.4
      vertex 19.0078 87.8468 2.4
    endloop
  endfacet
  facet normal 0 0 1
    outer loop
      vertex 19.65 84.4 7.4
      vertex 21.9 84.4 7.4
      vertex 21.8468 85.0078 7.4
    endloop
  endfacet
  facet normal 0 0 1
    outer loop
      vertex 19.631 84.6171 7.4
      vertex 21.8468 85.0078 7.4
      vertex 21.6889 85.5971 7.4
    endloop
  endfacet
  facet normal 0 0 1
    outer loop
      vertex 21.9 84.4 7.4
      vertex 19.65 84.4 7.4
      vertex 21.8468 83.7922 7.4
    endloop
  endfacet
  facet normal 0 0 1
    outer loop
      vertex 19.5746 84.8275 7.4
      vertex 21.6889 85.5971 7.4
      vertex 21.4311 86.15 7.4
    endloop
  endfacet
  facet normal -0 0 1
    outer loop
      vertex 19.631 84.1829 7.4
      vertex 21.8468 83.7922 7.4
      vertex 19.65 84.4 7.4
    endloop
  endfacet
  facet normal 0 0 1
    outer loop
      vertex 19.4825 85.025 7.4
      vertex 21.4311 86.15 7.4
      vertex 21.0812 86.6498 7.4
    endloop
  endfacet
  facet normal 0 0 1
    outer loop
      vertex 21.8468 83.7922 7.4
      vertex 19.631 84.1829 7.4
      vertex 21.6889 83.2029 7.4
    endloop
  endfacet
  facet normal 0 0 1
    outer loop
      vertex 19.3576 85.2035 7.4
      vertex 21.0812 86.6498 7.4
      vertex 20.6498 87.0812 7.4
    endloop
  endfacet
  facet normal -0 0 1
    outer loop
      vertex 19.5746 83.9725 7.4
      vertex 21.6889 83.2029 7.4
      vertex 19.631 84.1829 7.4
    endloop
  endfacet
  facet normal 0 0 1
    outer loop
      vertex 19.2035 85.3576 7.4
      vertex 20.6498 87.0812 7.4
      vertex 20.15 87.4311 7.4
    endloop
  endfacet
  facet normal 0 0 1
    outer loop
      vertex 21.6889 83.2029 7.4
      vertex 19.5746 83.9725 7.4
      vertex 21.4311 82.65 7.4
    endloop
  endfacet
  facet normal -0 0 1
    outer loop
      vertex 19.4825 83.775 7.4
      vertex 21.4311 82.65 7.4
      vertex 19.5746 83.9725 7.4
    endloop
  endfacet
  facet normal 0 0 1
    outer loop
      vertex 21.8468 85.0078 7.4
      vertex 19.631 84.6171 7.4
      vertex 19.65 84.4 7.4
    endloop
  endfacet
  facet normal 0 0 1
    outer loop
      vertex 19.025 85.4825 7.4
      vertex 20.15 87.4311 7.4
      vertex 19.5971 87.6889 7.4
    endloop
  endfacet
  facet normal 0 0 1
    outer loop
      vertex 21.6889 85.5971 7.4
      vertex 19.5746 84.8275 7.4
      vertex 19.631 84.6171 7.4
    endloop
  endfacet
  facet normal 0 0 1
    outer loop
      vertex 21.4311 86.15 7.4
      vertex 19.4825 85.025 7.4
      vertex 19.5746 84.8275 7.4
    endloop
  endfacet
  facet normal 0 0 1
    outer loop
      vertex 21.0812 86.6498 7.4
      vertex 19.3576 85.2035 7.4
      vertex 19.4825 85.025 7.4
    endloop
  endfacet
  facet normal 0 0 1
    outer loop
      vertex 20.6498 87.0812 7.4
      vertex 19.2035 85.3576 7.4
      vertex 19.3576 85.2035 7.4
    endloop
  endfacet
  facet normal 0 0 1
    outer loop
      vertex 20.15 87.4311 7.4
      vertex 19.025 85.4825 7.4
      vertex 19.2035 85.3576 7.4
    endloop
  endfacet
  facet normal 0 0 1
    outer loop
      vertex 18.8275 85.5746 7.4
      vertex 19.5971 87.6889 7.4
      vertex 19.0078 87.8468 7.4
    endloop
  endfacet
  facet normal 0 0 1
    outer loop
      vertex 19.5971 87.6889 7.4
      vertex 18.8275 85.5746 7.4
      vertex 19.025 85.4825 7.4
    endloop
  endfacet
  facet normal 0 0 1
    outer loop
      vertex 19.0078 87.8468 7.4
      vertex 18.6171 85.631 7.4
      vertex 18.8275 85.5746 7.4
    endloop
  endfacet
  facet normal 0 0 1
    outer loop
      vertex 18.4 87.9 7.4
      vertex 18.6171 85.631 7.4
      vertex 19.0078 87.8468 7.4
    endloop
  endfacet
  facet normal 0 0 1
    outer loop
      vertex 18.4 87.9 7.4
      vertex 18.4 85.65 7.4
      vertex 18.6171 85.631 7.4
    endloop
  endfacet
  facet normal 0 0 1
    outer loop
      vertex 18.4 87.9 7.4
      vertex 18.1829 85.631 7.4
      vertex 18.4 85.65 7.4
    endloop
  endfacet
  facet normal -0 0 1
    outer loop
      vertex 17.7922 87.8468 7.4
      vertex 18.1829 85.631 7.4
      vertex 18.4 87.9 7.4
    endloop
  endfacet
  facet normal 0 0 1
    outer loop
      vertex 18.1829 85.631 7.4
      vertex 17.7922 87.8468 7.4
      vertex 17.9725 85.5746 7.4
    endloop
  endfacet
  facet normal -0 0 1
    outer loop
      vertex 17.2029 87.6889 7.4
      vertex 17.9725 85.5746 7.4
      vertex 17.7922 87.8468 7.4
    endloop
  endfacet
  facet normal 0 0 1
    outer loop
      vertex 17.9725 85.5746 7.4
      vertex 17.2029 87.6889 7.4
      vertex 17.775 85.4825 7.4
    endloop
  endfacet
  facet normal -0 0 1
    outer loop
      vertex 16.65 87.4311 7.4
      vertex 17.775 85.4825 7.4
      vertex 17.2029 87.6889 7.4
    endloop
  endfacet
  facet normal 0 0 1
    outer loop
      vertex 17.775 85.4825 7.4
      vertex 16.65 87.4311 7.4
      vertex 17.5965 85.3576 7.4
    endloop
  endfacet
  facet normal -0 0 1
    outer loop
      vertex 16.1502 87.0812 7.4
      vertex 17.5965 85.3576 7.4
      vertex 16.65 87.4311 7.4
    endloop
  endfacet
  facet normal 0 0 1
    outer loop
      vertex 17.5965 85.3576 7.4
      vertex 16.1502 87.0812 7.4
      vertex 17.4424 85.2035 7.4
    endloop
  endfacet
  facet normal -0 0 1
    outer loop
      vertex 15.7188 86.6498 7.4
      vertex 17.4424 85.2035 7.4
      vertex 16.1502 87.0812 7.4
    endloop
  endfacet
  facet normal 0 0 1
    outer loop
      vertex 17.4424 85.2035 7.4
      vertex 15.7188 86.6498 7.4
      vertex 17.3175 85.025 7.4
    endloop
  endfacet
  facet normal -0 0 1
    outer loop
      vertex 15.3689 86.15 7.4
      vertex 17.3175 85.025 7.4
      vertex 15.7188 86.6498 7.4
    endloop
  endfacet
  facet normal 0 0 1
    outer loop
      vertex 21.4311 82.65 7.4
      vertex 19.4825 83.775 7.4
      vertex 21.0812 82.1502 7.4
    endloop
  endfacet
  facet normal -0 0 1
    outer loop
      vertex 19.3576 83.5965 7.4
      vertex 21.0812 82.1502 7.4
      vertex 19.4825 83.775 7.4
    endloop
  endfacet
  facet normal 0 0 1
    outer loop
      vertex 21.0812 82.1502 7.4
      vertex 19.3576 83.5965 7.4
      vertex 20.6498 81.7188 7.4
    endloop
  endfacet
  facet normal -0 0 1
    outer loop
      vertex 19.2035 83.4424 7.4
      vertex 20.6498 81.7188 7.4
      vertex 19.3576 83.5965 7.4
    endloop
  endfacet
  facet normal 0 0 1
    outer loop
      vertex 20.6498 81.7188 7.4
      vertex 19.2035 83.4424 7.4
      vertex 20.15 81.3689 7.4
    endloop
  endfacet
  facet normal -0 0 1
    outer loop
      vertex 19.025 83.3175 7.4
      vertex 20.15 81.3689 7.4
      vertex 19.2035 83.4424 7.4
    endloop
  endfacet
  facet normal 0 0 1
    outer loop
      vertex 20.15 81.3689 7.4
      vertex 19.025 83.3175 7.4
      vertex 19.5971 81.1111 7.4
    endloop
  endfacet
  facet normal -0 0 1
    outer loop
      vertex 18.8275 83.2254 7.4
      vertex 19.5971 81.1111 7.4
      vertex 19.025 83.3175 7.4
    endloop
  endfacet
  facet normal 0 0 1
    outer loop
      vertex 19.5971 81.1111 7.4
      vertex 18.8275 83.2254 7.4
      vertex 19.0078 80.9532 7.4
    endloop
  endfacet
  facet normal -0 0 1
    outer loop
      vertex 18.6171 83.169 7.4
      vertex 19.0078 80.9532 7.4
      vertex 18.8275 83.2254 7.4
    endloop
  endfacet
  facet normal -0 0 1
    outer loop
      vertex 18.4 83.15 7.4
      vertex 19.0078 80.9532 7.4
      vertex 18.6171 83.169 7.4
    endloop
  endfacet
  facet normal 0 0 1
    outer loop
      vertex 18.4 83.15 7.4
      vertex 18.4 80.9 7.4
      vertex 19.0078 80.9532 7.4
    endloop
  endfacet
  facet normal 0 0 1
    outer loop
      vertex 18.1829 83.169 7.4
      vertex 18.4 80.9 7.4
      vertex 18.4 83.15 7.4
    endloop
  endfacet
  facet normal 0 0 1
    outer loop
      vertex 17.7922 80.9532 7.4
      vertex 18.1829 83.169 7.4
      vertex 17.9725 83.2254 7.4
    endloop
  endfacet
  facet normal 0 0 1
    outer loop
      vertex 18.1829 83.169 7.4
      vertex 17.7922 80.9532 7.4
      vertex 18.4 80.9 7.4
    endloop
  endfacet
  facet normal 0 0 1
    outer loop
      vertex 17.2029 81.1111 7.4
      vertex 17.9725 83.2254 7.4
      vertex 17.775 83.3175 7.4
    endloop
  endfacet
  facet normal 0 0 1
    outer loop
      vertex 16.65 81.3689 7.4
      vertex 17.775 83.3175 7.4
      vertex 17.5965 83.4424 7.4
    endloop
  endfacet
  facet normal 0 0 1
    outer loop
      vertex 16.1502 81.7188 7.4
      vertex 17.5965 83.4424 7.4
      vertex 17.4424 83.5965 7.4
    endloop
  endfacet
  facet normal 0 0 1
    outer loop
      vertex 15.7188 82.1502 7.4
      vertex 17.4424 83.5965 7.4
      vertex 17.3175 83.775 7.4
    endloop
  endfacet
  facet normal 0 0 1
    outer loop
      vertex 15.3689 82.65 7.4
      vertex 17.3175 83.775 7.4
      vertex 17.2254 83.9725 7.4
    endloop
  endfacet
  facet normal 0 0 1
    outer loop
      vertex 17.9725 83.2254 7.4
      vertex 17.2029 81.1111 7.4
      vertex 17.7922 80.9532 7.4
    endloop
  endfacet
  facet normal 0 0 1
    outer loop
      vertex 15.1111 83.2029 7.4
      vertex 17.2254 83.9725 7.4
      vertex 17.169 84.1829 7.4
    endloop
  endfacet
  facet normal 0 0 1
    outer loop
      vertex 14.9532 83.7922 7.4
      vertex 17.169 84.1829 7.4
      vertex 17.15 84.4 7.4
    endloop
  endfacet
  facet normal 0 0 1
    outer loop
      vertex 17.3175 85.025 7.4
      vertex 15.3689 86.15 7.4
      vertex 17.2254 84.8275 7.4
    endloop
  endfacet
  facet normal 0 0 1
    outer loop
      vertex 17.775 83.3175 7.4
      vertex 16.65 81.3689 7.4
      vertex 17.2029 81.1111 7.4
    endloop
  endfacet
  facet normal -0 0 1
    outer loop
      vertex 15.1111 85.5971 7.4
      vertex 17.2254 84.8275 7.4
      vertex 15.3689 86.15 7.4
    endloop
  endfacet
  facet normal 0 0 1
    outer loop
      vertex 17.5965 83.4424 7.4
      vertex 16.1502 81.7188 7.4
      vertex 16.65 81.3689 7.4
    endloop
  endfacet
  facet normal 0 0 1
    outer loop
      vertex 17.2254 84.8275 7.4
      vertex 15.1111 85.5971 7.4
      vertex 17.169 84.6171 7.4
    endloop
  endfacet
  facet normal 0 0 1
    outer loop
      vertex 17.4424 83.5965 7.4
      vertex 15.7188 82.1502 7.4
      vertex 16.1502 81.7188 7.4
    endloop
  endfacet
  facet normal -0 0 1
    outer loop
      vertex 14.9532 85.0078 7.4
      vertex 17.169 84.6171 7.4
      vertex 15.1111 85.5971 7.4
    endloop
  endfacet
  facet normal 0 0 1
    outer loop
      vertex 17.3175 83.775 7.4
      vertex 15.3689 82.65 7.4
      vertex 15.7188 82.1502 7.4
    endloop
  endfacet
  facet normal 0 0 1
    outer loop
      vertex 17.169 84.6171 7.4
      vertex 14.9532 85.0078 7.4
      vertex 17.15 84.4 7.4
    endloop
  endfacet
  facet normal 0 0 1
    outer loop
      vertex 17.2254 83.9725 7.4
      vertex 15.1111 83.2029 7.4
      vertex 15.3689 82.65 7.4
    endloop
  endfacet
  facet normal 0 0 1
    outer loop
      vertex 14.9 84.4 7.4
      vertex 17.15 84.4 7.4
      vertex 14.9532 85.0078 7.4
    endloop
  endfacet
  facet normal 0 0 1
    outer loop
      vertex 17.169 84.1829 7.4
      vertex 14.9532 83.7922 7.4
      vertex 15.1111 83.2029 7.4
    endloop
  endfacet
  facet normal 0 0 1
    outer loop
      vertex 17.15 84.4 7.4
      vertex 14.9 84.4 7.4
      vertex 14.9532 83.7922 7.4
    endloop
  endfacet
  facet normal -0.906321 0.422589 0
    outer loop
      vertex 15.1111 85.5971 2.4
      vertex 15.3689 86.15 7.4
      vertex 15.3689 86.15 2.4
    endloop
  endfacet
  facet normal -0.906321 0.422589 0
    outer loop
      vertex 15.3689 86.15 7.4
      vertex 15.1111 85.5971 2.4
      vertex 15.1111 85.5971 7.4
    endloop
  endfacet
  facet normal -0.965927 0.258815 0
    outer loop
      vertex 14.9532 85.0078 2.4
      vertex 15.1111 85.5971 7.4
      vertex 15.1111 85.5971 2.4
    endloop
  endfacet
  facet normal -0.965927 0.258815 0
    outer loop
      vertex 15.1111 85.5971 7.4
      vertex 14.9532 85.0078 2.4
      vertex 14.9532 85.0078 7.4
    endloop
  endfacet
  facet normal 0.819201 -0.573506 0
    outer loop
      vertex 21.0812 82.1502 7.4
      vertex 21.4311 82.65 2.4
      vertex 21.4311 82.65 7.4
    endloop
  endfacet
  facet normal 0.819201 -0.573506 0
    outer loop
      vertex 21.4311 82.65 2.4
      vertex 21.0812 82.1502 7.4
      vertex 21.0812 82.1502 2.4
    endloop
  endfacet
  facet normal 0.258815 -0.965927 0
    outer loop
      vertex 19.0078 80.9532 2.4
      vertex 19.5971 81.1111 7.4
      vertex 19.0078 80.9532 7.4
    endloop
  endfacet
  facet normal 0.258815 -0.965927 0
    outer loop
      vertex 19.5971 81.1111 7.4
      vertex 19.0078 80.9532 2.4
      vertex 19.5971 81.1111 2.4
    endloop
  endfacet
  facet normal 0.707107 -0.707107 0
    outer loop
      vertex 20.6498 81.7188 7.4
      vertex 21.0812 82.1502 2.4
      vertex 21.0812 82.1502 7.4
    endloop
  endfacet
  facet normal 0.707107 -0.707107 0
    outer loop
      vertex 21.0812 82.1502 2.4
      vertex 20.6498 81.7188 7.4
      vertex 20.6498 81.7188 2.4
    endloop
  endfacet
  facet normal -0.422589 -0.906321 0
    outer loop
      vertex 16.65 81.3689 2.4
      vertex 17.2029 81.1111 7.4
      vertex 16.65 81.3689 7.4
    endloop
  endfacet
  facet normal -0.422589 -0.906321 -0
    outer loop
      vertex 17.2029 81.1111 7.4
      vertex 16.65 81.3689 2.4
      vertex 17.2029 81.1111 2.4
    endloop
  endfacet
  facet normal -0.573506 -0.819201 0
    outer loop
      vertex 16.1502 81.7188 2.4
      vertex 16.65 81.3689 7.4
      vertex 16.1502 81.7188 7.4
    endloop
  endfacet
  facet normal -0.573506 -0.819201 -0
    outer loop
      vertex 16.65 81.3689 7.4
      vertex 16.1502 81.7188 2.4
      vertex 16.65 81.3689 2.4
    endloop
  endfacet
  facet normal -0.965927 -0.258815 0
    outer loop
      vertex 15.1111 83.2029 2.4
      vertex 14.9532 83.7922 7.4
      vertex 14.9532 83.7922 2.4
    endloop
  endfacet
  facet normal -0.965927 -0.258815 0
    outer loop
      vertex 14.9532 83.7922 7.4
      vertex 15.1111 83.2029 2.4
      vertex 15.1111 83.2029 7.4
    endloop
  endfacet
  facet normal -0.819201 -0.573506 0
    outer loop
      vertex 15.7188 82.1502 2.4
      vertex 15.3689 82.65 7.4
      vertex 15.3689 82.65 2.4
    endloop
  endfacet
  facet normal -0.819201 -0.573506 0
    outer loop
      vertex 15.3689 82.65 7.4
      vertex 15.7188 82.1502 2.4
      vertex 15.7188 82.1502 7.4
    endloop
  endfacet
  facet normal 0.906321 -0.422589 0
    outer loop
      vertex 21.4311 82.65 7.4
      vertex 21.6889 83.2029 2.4
      vertex 21.6889 83.2029 7.4
    endloop
  endfacet
  facet normal 0.906321 -0.422589 0
    outer loop
      vertex 21.6889 83.2029 2.4
      vertex 21.4311 82.65 7.4
      vertex 21.4311 82.65 2.4
    endloop
  endfacet
  facet normal 0.422589 -0.906321 0
    outer loop
      vertex 19.5971 81.1111 2.4
      vertex 20.15 81.3689 7.4
      vertex 19.5971 81.1111 7.4
    endloop
  endfacet
  facet normal 0.422589 -0.906321 0
    outer loop
      vertex 20.15 81.3689 7.4
      vertex 19.5971 81.1111 2.4
      vertex 20.15 81.3689 2.4
    endloop
  endfacet
  facet normal -0.258815 -0.965927 0
    outer loop
      vertex 17.2029 81.1111 2.4
      vertex 17.7922 80.9532 7.4
      vertex 17.2029 81.1111 7.4
    endloop
  endfacet
  facet normal -0.258815 -0.965927 -0
    outer loop
      vertex 17.7922 80.9532 7.4
      vertex 17.2029 81.1111 2.4
      vertex 17.7922 80.9532 2.4
    endloop
  endfacet
  facet normal -0.573308 -0.81934 0
    outer loop
      vertex 19.025 85.4825 3.4
      vertex 19.2035 85.3576 7.4
      vertex 19.025 85.4825 7.4
    endloop
  endfacet
  facet normal -0.573308 -0.81934 -0
    outer loop
      vertex 19.2035 85.3576 7.4
      vertex 19.025 85.4825 3.4
      vertex 19.2035 85.3576 3.4
    endloop
  endfacet
  facet normal -0.996192 0.087184 0
    outer loop
      vertex 19.631 84.1829 3.4
      vertex 19.65 84.4 7.4
      vertex 19.65 84.4 3.4
    endloop
  endfacet
  facet normal -0.996192 0.087184 0
    outer loop
      vertex 19.65 84.4 7.4
      vertex 19.631 84.1829 3.4
      vertex 19.631 84.1829 7.4
    endloop
  endfacet
  facet normal 0.25892 -0.965899 0
    outer loop
      vertex 17.9725 85.5746 3.4
      vertex 18.1829 85.631 7.4
      vertex 17.9725 85.5746 7.4
    endloop
  endfacet
  facet normal 0.25892 -0.965899 0
    outer loop
      vertex 18.1829 85.631 7.4
      vertex 17.9725 85.5746 3.4
      vertex 18.1829 85.631 3.4
    endloop
  endfacet
  facet normal 0.81934 -0.573308 0
    outer loop
      vertex 17.3175 85.025 7.4
      vertex 17.4424 85.2035 3.4
      vertex 17.4424 85.2035 7.4
    endloop
  endfacet
  facet normal 0.81934 -0.573308 0
    outer loop
      vertex 17.4424 85.2035 3.4
      vertex 17.3175 85.025 7.4
      vertex 17.3175 85.025 3.4
    endloop
  endfacet
  facet normal -0.9063 -0.422634 0
    outer loop
      vertex 19.5746 84.8275 3.4
      vertex 19.4825 85.025 7.4
      vertex 19.4825 85.025 3.4
    endloop
  endfacet
  facet normal -0.9063 -0.422634 0
    outer loop
      vertex 19.4825 85.025 7.4
      vertex 19.5746 84.8275 3.4
      vertex 19.5746 84.8275 7.4
    endloop
  endfacet
  facet normal -0.81934 -0.573308 0
    outer loop
      vertex 19.4825 85.025 3.4
      vertex 19.3576 85.2035 7.4
      vertex 19.3576 85.2035 3.4
    endloop
  endfacet
  facet normal -0.81934 -0.573308 0
    outer loop
      vertex 19.3576 85.2035 7.4
      vertex 19.4825 85.025 3.4
      vertex 19.4825 85.025 7.4
    endloop
  endfacet
  facet normal -0.707107 -0.707107 0
    outer loop
      vertex 19.2035 85.3576 3.4
      vertex 19.3576 85.2035 7.4
      vertex 19.2035 85.3576 7.4
    endloop
  endfacet
  facet normal -0.707107 -0.707107 -0
    outer loop
      vertex 19.3576 85.2035 7.4
      vertex 19.2035 85.3576 3.4
      vertex 19.3576 85.2035 3.4
    endloop
  endfacet
  facet normal -0.422634 -0.9063 0
    outer loop
      vertex 18.8275 85.5746 3.4
      vertex 19.025 85.4825 7.4
      vertex 18.8275 85.5746 7.4
    endloop
  endfacet
  facet normal -0.422634 -0.9063 -0
    outer loop
      vertex 19.025 85.4825 7.4
      vertex 18.8275 85.5746 3.4
      vertex 19.025 85.4825 3.4
    endloop
  endfacet
  facet normal -0.087184 -0.996192 0
    outer loop
      vertex 18.4 85.65 3.4
      vertex 18.6171 85.631 7.4
      vertex 18.4 85.65 7.4
    endloop
  endfacet
  facet normal -0.087184 -0.996192 -0
    outer loop
      vertex 18.6171 85.631 7.4
      vertex 18.4 85.65 3.4
      vertex 18.6171 85.631 3.4
    endloop
  endfacet
  facet normal 0.996192 -0.087184 0
    outer loop
      vertex 17.15 84.4 7.4
      vertex 17.169 84.6171 3.4
      vertex 17.169 84.6171 7.4
    endloop
  endfacet
  facet normal 0.996192 -0.087184 0
    outer loop
      vertex 17.169 84.6171 3.4
      vertex 17.15 84.4 7.4
      vertex 17.15 84.4 3.4
    endloop
  endfacet
  facet normal 0.707107 -0.707107 0
    outer loop
      vertex 17.4424 85.2035 3.4
      vertex 17.5965 85.3576 7.4
      vertex 17.4424 85.2035 7.4
    endloop
  endfacet
  facet normal 0.707107 -0.707107 0
    outer loop
      vertex 17.5965 85.3576 7.4
      vertex 17.4424 85.2035 3.4
      vertex 17.5965 85.3576 3.4
    endloop
  endfacet
  facet normal 0.422634 -0.9063 0
    outer loop
      vertex 17.775 85.4825 3.4
      vertex 17.9725 85.5746 7.4
      vertex 17.775 85.4825 7.4
    endloop
  endfacet
  facet normal 0.422634 -0.9063 0
    outer loop
      vertex 17.9725 85.5746 7.4
      vertex 17.775 85.4825 3.4
      vertex 17.9725 85.5746 3.4
    endloop
  endfacet
  facet normal 0.087184 -0.996192 0
    outer loop
      vertex 18.1829 85.631 3.4
      vertex 18.4 85.65 7.4
      vertex 18.1829 85.631 7.4
    endloop
  endfacet
  facet normal 0.087184 -0.996192 0
    outer loop
      vertex 18.4 85.65 7.4
      vertex 18.1829 85.631 3.4
      vertex 18.4 85.65 3.4
    endloop
  endfacet
  facet normal 0.573308 -0.81934 0
    outer loop
      vertex 17.5965 85.3576 3.4
      vertex 17.775 85.4825 7.4
      vertex 17.5965 85.3576 7.4
    endloop
  endfacet
  facet normal 0.573308 -0.81934 0
    outer loop
      vertex 17.775 85.4825 7.4
      vertex 17.5965 85.3576 3.4
      vertex 17.775 85.4825 3.4
    endloop
  endfacet
  facet normal -0.996192 -0.087184 0
    outer loop
      vertex 19.65 84.4 3.4
      vertex 19.631 84.6171 7.4
      vertex 19.631 84.6171 3.4
    endloop
  endfacet
  facet normal -0.996192 -0.087184 0
    outer loop
      vertex 19.631 84.6171 7.4
      vertex 19.65 84.4 3.4
      vertex 19.65 84.4 7.4
    endloop
  endfacet
  facet normal -0.087184 0.996192 0
    outer loop
      vertex 18.6171 83.169 3.4
      vertex 18.4 83.15 7.4
      vertex 18.6171 83.169 7.4
    endloop
  endfacet
  facet normal -0.087184 0.996192 0
    outer loop
      vertex 18.4 83.15 7.4
      vertex 18.6171 83.169 3.4
      vertex 18.4 83.15 3.4
    endloop
  endfacet
  facet normal -0.965899 0.25892 0
    outer loop
      vertex 19.5746 83.9725 3.4
      vertex 19.631 84.1829 7.4
      vertex 19.631 84.1829 3.4
    endloop
  endfacet
  facet normal -0.965899 0.25892 0
    outer loop
      vertex 19.631 84.1829 7.4
      vertex 19.5746 83.9725 3.4
      vertex 19.5746 83.9725 7.4
    endloop
  endfacet
  facet normal -0.422634 0.9063 0
    outer loop
      vertex 19.025 83.3175 3.4
      vertex 18.8275 83.2254 7.4
      vertex 19.025 83.3175 7.4
    endloop
  endfacet
  facet normal -0.422634 0.9063 0
    outer loop
      vertex 18.8275 83.2254 7.4
      vertex 19.025 83.3175 3.4
      vertex 18.8275 83.2254 3.4
    endloop
  endfacet
  facet normal -0.573308 0.81934 0
    outer loop
      vertex 19.2035 83.4424 3.4
      vertex 19.025 83.3175 7.4
      vertex 19.2035 83.4424 7.4
    endloop
  endfacet
  facet normal -0.573308 0.81934 0
    outer loop
      vertex 19.025 83.3175 7.4
      vertex 19.2035 83.4424 3.4
      vertex 19.025 83.3175 3.4
    endloop
  endfacet
  facet normal 0.087184 0.996192 -0
    outer loop
      vertex 18.4 83.15 3.4
      vertex 18.1829 83.169 7.4
      vertex 18.4 83.15 7.4
    endloop
  endfacet
  facet normal 0.087184 0.996192 0
    outer loop
      vertex 18.1829 83.169 7.4
      vertex 18.4 83.15 3.4
      vertex 18.1829 83.169 3.4
    endloop
  endfacet
  facet normal 0.707107 0.707107 0
    outer loop
      vertex 17.5965 83.4424 7.4
      vertex 17.4424 83.5965 3.4
      vertex 17.4424 83.5965 7.4
    endloop
  endfacet
  facet normal 0.707107 0.707107 0
    outer loop
      vertex 17.4424 83.5965 3.4
      vertex 17.5965 83.4424 7.4
      vertex 17.5965 83.4424 3.4
    endloop
  endfacet
  facet normal 0.9063 0.422634 0
    outer loop
      vertex 17.3175 83.775 7.4
      vertex 17.2254 83.9725 3.4
      vertex 17.2254 83.9725 7.4
    endloop
  endfacet
  facet normal 0.9063 0.422634 0
    outer loop
      vertex 17.2254 83.9725 3.4
      vertex 17.3175 83.775 7.4
      vertex 17.3175 83.775 3.4
    endloop
  endfacet
  facet normal 0.996192 0.087184 0
    outer loop
      vertex 17.169 84.1829 7.4
      vertex 17.15 84.4 3.4
      vertex 17.15 84.4 7.4
    endloop
  endfacet
  facet normal 0.996192 0.087184 0
    outer loop
      vertex 17.15 84.4 3.4
      vertex 17.169 84.1829 7.4
      vertex 17.169 84.1829 3.4
    endloop
  endfacet
  facet normal 0 0 1
    outer loop
      vertex 19.631 84.6171 3.4
      vertex 19.631 84.1829 3.4
      vertex 19.65 84.4 3.4
    endloop
  endfacet
  facet normal 0 0 1
    outer loop
      vertex 19.5746 84.8275 3.4
      vertex 19.631 84.1829 3.4
      vertex 19.631 84.6171 3.4
    endloop
  endfacet
  facet normal 0 0 1
    outer loop
      vertex 19.5746 84.8275 3.4
      vertex 19.5746 83.9725 3.4
      vertex 19.631 84.1829 3.4
    endloop
  endfacet
  facet normal 0 0 1
    outer loop
      vertex 19.4825 85.025 3.4
      vertex 19.5746 83.9725 3.4
      vertex 19.5746 84.8275 3.4
    endloop
  endfacet
  facet normal 0 0 1
    outer loop
      vertex 19.4825 85.025 3.4
      vertex 19.4825 83.775 3.4
      vertex 19.5746 83.9725 3.4
    endloop
  endfacet
  facet normal 0 0 1
    outer loop
      vertex 19.3576 85.2035 3.4
      vertex 19.4825 83.775 3.4
      vertex 19.4825 85.025 3.4
    endloop
  endfacet
  facet normal 0 0 1
    outer loop
      vertex 19.3576 85.2035 3.4
      vertex 19.3576 83.5965 3.4
      vertex 19.4825 83.775 3.4
    endloop
  endfacet
  facet normal 0 0 1
    outer loop
      vertex 19.2035 85.3576 3.4
      vertex 19.3576 83.5965 3.4
      vertex 19.3576 85.2035 3.4
    endloop
  endfacet
  facet normal 0 0 1
    outer loop
      vertex 19.2035 85.3576 3.4
      vertex 19.2035 83.4424 3.4
      vertex 19.3576 83.5965 3.4
    endloop
  endfacet
  facet normal 0 0 1
    outer loop
      vertex 19.025 85.4825 3.4
      vertex 19.2035 83.4424 3.4
      vertex 19.2035 85.3576 3.4
    endloop
  endfacet
  facet normal 0 0 1
    outer loop
      vertex 19.025 85.4825 3.4
      vertex 19.025 83.3175 3.4
      vertex 19.2035 83.4424 3.4
    endloop
  endfacet
  facet normal 0 0 1
    outer loop
      vertex 18.8275 85.5746 3.4
      vertex 19.025 83.3175 3.4
      vertex 19.025 85.4825 3.4
    endloop
  endfacet
  facet normal 0 0 1
    outer loop
      vertex 18.8275 85.5746 3.4
      vertex 18.8275 83.2254 3.4
      vertex 19.025 83.3175 3.4
    endloop
  endfacet
  facet normal 0 0 1
    outer loop
      vertex 18.6171 85.631 3.4
      vertex 18.8275 83.2254 3.4
      vertex 18.8275 85.5746 3.4
    endloop
  endfacet
  facet normal 0 0 1
    outer loop
      vertex 18.6171 85.631 3.4
      vertex 18.6171 83.169 3.4
      vertex 18.8275 83.2254 3.4
    endloop
  endfacet
  facet normal 0 0 1
    outer loop
      vertex 18.4 85.65 3.4
      vertex 18.6171 83.169 3.4
      vertex 18.6171 85.631 3.4
    endloop
  endfacet
  facet normal 0 0 1
    outer loop
      vertex 18.4 85.65 3.4
      vertex 18.4 83.15 3.4
      vertex 18.6171 83.169 3.4
    endloop
  endfacet
  facet normal -0 0 1
    outer loop
      vertex 18.1829 85.631 3.4
      vertex 18.4 83.15 3.4
      vertex 18.4 85.65 3.4
    endloop
  endfacet
  facet normal 0 0 1
    outer loop
      vertex 18.1829 85.631 3.4
      vertex 18.1829 83.169 3.4
      vertex 18.4 83.15 3.4
    endloop
  endfacet
  facet normal -0 0 1
    outer loop
      vertex 17.9725 85.5746 3.4
      vertex 18.1829 83.169 3.4
      vertex 18.1829 85.631 3.4
    endloop
  endfacet
  facet normal 0 0 1
    outer loop
      vertex 17.9725 85.5746 3.4
      vertex 17.9725 83.2254 3.4
      vertex 18.1829 83.169 3.4
    endloop
  endfacet
  facet normal -0 0 1
    outer loop
      vertex 17.775 85.4825 3.4
      vertex 17.9725 83.2254 3.4
      vertex 17.9725 85.5746 3.4
    endloop
  endfacet
  facet normal 0 0 1
    outer loop
      vertex 17.775 85.4825 3.4
      vertex 17.775 83.3175 3.4
      vertex 17.9725 83.2254 3.4
    endloop
  endfacet
  facet normal -0 0 1
    outer loop
      vertex 17.5965 85.3576 3.4
      vertex 17.775 83.3175 3.4
      vertex 17.775 85.4825 3.4
    endloop
  endfacet
  facet normal 0 0 1
    outer loop
      vertex 17.5965 85.3576 3.4
      vertex 17.5965 83.4424 3.4
      vertex 17.775 83.3175 3.4
    endloop
  endfacet
  facet normal -0 0 1
    outer loop
      vertex 17.4424 85.2035 3.4
      vertex 17.5965 83.4424 3.4
      vertex 17.5965 85.3576 3.4
    endloop
  endfacet
  facet normal 0 0 1
    outer loop
      vertex 17.4424 85.2035 3.4
      vertex 17.4424 83.5965 3.4
      vertex 17.5965 83.4424 3.4
    endloop
  endfacet
  facet normal -0 0 1
    outer loop
      vertex 17.3175 85.025 3.4
      vertex 17.4424 83.5965 3.4
      vertex 17.4424 85.2035 3.4
    endloop
  endfacet
  facet normal 0 0 1
    outer loop
      vertex 17.3175 85.025 3.4
      vertex 17.3175 83.775 3.4
      vertex 17.4424 83.5965 3.4
    endloop
  endfacet
  facet normal -0 0 1
    outer loop
      vertex 17.2254 84.8275 3.4
      vertex 17.3175 83.775 3.4
      vertex 17.3175 85.025 3.4
    endloop
  endfacet
  facet normal 0 0 1
    outer loop
      vertex 17.2254 84.8275 3.4
      vertex 17.2254 83.9725 3.4
      vertex 17.3175 83.775 3.4
    endloop
  endfacet
  facet normal -0 0 1
    outer loop
      vertex 17.169 84.6171 3.4
      vertex 17.2254 83.9725 3.4
      vertex 17.2254 84.8275 3.4
    endloop
  endfacet
  facet normal 0 0 1
    outer loop
      vertex 17.169 84.6171 3.4
      vertex 17.169 84.1829 3.4
      vertex 17.2254 83.9725 3.4
    endloop
  endfacet
  facet normal 0 -0 1
    outer loop
      vertex 17.169 84.1829 3.4
      vertex 17.169 84.6171 3.4
      vertex 17.15 84.4 3.4
    endloop
  endfacet
  facet normal 0.81934 0.573308 0
    outer loop
      vertex 17.4424 83.5965 7.4
      vertex 17.3175 83.775 3.4
      vertex 17.3175 83.775 7.4
    endloop
  endfacet
  facet normal 0.81934 0.573308 0
    outer loop
      vertex 17.3175 83.775 3.4
      vertex 17.4424 83.5965 7.4
      vertex 17.4424 83.5965 3.4
    endloop
  endfacet
  facet normal -0.965899 -0.25892 0
    outer loop
      vertex 19.631 84.6171 3.4
      vertex 19.5746 84.8275 7.4
      vertex 19.5746 84.8275 3.4
    endloop
  endfacet
  facet normal -0.965899 -0.25892 0
    outer loop
      vertex 19.5746 84.8275 7.4
      vertex 19.631 84.6171 3.4
      vertex 19.631 84.6171 7.4
    endloop
  endfacet
  facet normal -0.25892 -0.965899 0
    outer loop
      vertex 18.6171 85.631 3.4
      vertex 18.8275 85.5746 7.4
      vertex 18.6171 85.631 7.4
    endloop
  endfacet
  facet normal -0.25892 -0.965899 -0
    outer loop
      vertex 18.8275 85.5746 7.4
      vertex 18.6171 85.631 3.4
      vertex 18.8275 85.5746 3.4
    endloop
  endfacet
  facet normal 0.9063 -0.422634 0
    outer loop
      vertex 17.2254 84.8275 7.4
      vertex 17.3175 85.025 3.4
      vertex 17.3175 85.025 7.4
    endloop
  endfacet
  facet normal 0.9063 -0.422634 0
    outer loop
      vertex 17.3175 85.025 3.4
      vertex 17.2254 84.8275 7.4
      vertex 17.2254 84.8275 3.4
    endloop
  endfacet
  facet normal 0.965899 -0.25892 0
    outer loop
      vertex 17.169 84.6171 7.4
      vertex 17.2254 84.8275 3.4
      vertex 17.2254 84.8275 7.4
    endloop
  endfacet
  facet normal 0.965899 -0.25892 0
    outer loop
      vertex 17.2254 84.8275 3.4
      vertex 17.169 84.6171 7.4
      vertex 17.169 84.6171 3.4
    endloop
  endfacet
  facet normal -0.81934 0.573308 0
    outer loop
      vertex 19.3576 83.5965 3.4
      vertex 19.4825 83.775 7.4
      vertex 19.4825 83.775 3.4
    endloop
  endfacet
  facet normal -0.81934 0.573308 0
    outer loop
      vertex 19.4825 83.775 7.4
      vertex 19.3576 83.5965 3.4
      vertex 19.3576 83.5965 7.4
    endloop
  endfacet
  facet normal -0.9063 0.422634 0
    outer loop
      vertex 19.4825 83.775 3.4
      vertex 19.5746 83.9725 7.4
      vertex 19.5746 83.9725 3.4
    endloop
  endfacet
  facet normal -0.9063 0.422634 0
    outer loop
      vertex 19.5746 83.9725 7.4
      vertex 19.4825 83.775 3.4
      vertex 19.4825 83.775 7.4
    endloop
  endfacet
  facet normal -0.25892 0.965899 0
    outer loop
      vertex 18.8275 83.2254 3.4
      vertex 18.6171 83.169 7.4
      vertex 18.8275 83.2254 7.4
    endloop
  endfacet
  facet normal -0.25892 0.965899 0
    outer loop
      vertex 18.6171 83.169 7.4
      vertex 18.8275 83.2254 3.4
      vertex 18.6171 83.169 3.4
    endloop
  endfacet
  facet normal -0.707107 0.707107 0
    outer loop
      vertex 19.2035 83.4424 3.4
      vertex 19.3576 83.5965 7.4
      vertex 19.3576 83.5965 3.4
    endloop
  endfacet
  facet normal -0.707107 0.707107 0
    outer loop
      vertex 19.3576 83.5965 7.4
      vertex 19.2035 83.4424 3.4
      vertex 19.2035 83.4424 7.4
    endloop
  endfacet
  facet normal 0.422634 0.9063 -0
    outer loop
      vertex 17.9725 83.2254 3.4
      vertex 17.775 83.3175 7.4
      vertex 17.9725 83.2254 7.4
    endloop
  endfacet
  facet normal 0.422634 0.9063 0
    outer loop
      vertex 17.775 83.3175 7.4
      vertex 17.9725 83.2254 3.4
      vertex 17.775 83.3175 3.4
    endloop
  endfacet
  facet normal 0.573308 0.81934 -0
    outer loop
      vertex 17.775 83.3175 3.4
      vertex 17.5965 83.4424 7.4
      vertex 17.775 83.3175 7.4
    endloop
  endfacet
  facet normal 0.573308 0.81934 0
    outer loop
      vertex 17.5965 83.4424 7.4
      vertex 17.775 83.3175 3.4
      vertex 17.5965 83.4424 3.4
    endloop
  endfacet
  facet normal 0.965899 0.25892 0
    outer loop
      vertex 17.2254 83.9725 7.4
      vertex 17.169 84.1829 3.4
      vertex 17.169 84.1829 7.4
    endloop
  endfacet
  facet normal 0.965899 0.25892 0
    outer loop
      vertex 17.169 84.1829 3.4
      vertex 17.2254 83.9725 7.4
      vertex 17.2254 83.9725 3.4
    endloop
  endfacet
  facet normal 0.25892 0.965899 -0
    outer loop
      vertex 18.1829 83.169 3.4
      vertex 17.9725 83.2254 7.4
      vertex 18.1829 83.169 7.4
    endloop
  endfacet
  facet normal 0.25892 0.965899 0
    outer loop
      vertex 17.9725 83.2254 7.4
      vertex 18.1829 83.169 3.4
      vertex 17.9725 83.2254 3.4
    endloop
  endfacet
  facet normal 0.573506 0.819201 -0
    outer loop
      vertex 64.6498 87.0812 2.4
      vertex 64.15 87.4311 7.4
      vertex 64.6498 87.0812 7.4
    endloop
  endfacet
  facet normal 0.573506 0.819201 0
    outer loop
      vertex 64.15 87.4311 7.4
      vertex 64.6498 87.0812 2.4
      vertex 64.15 87.4311 2.4
    endloop
  endfacet
  facet normal 0.996191 -0.0871954 0
    outer loop
      vertex 65.8468 83.7922 7.4
      vertex 65.9 84.4 2.4
      vertex 65.9 84.4 7.4
    endloop
  endfacet
  facet normal 0.996191 -0.0871954 0
    outer loop
      vertex 65.9 84.4 2.4
      vertex 65.8468 83.7922 7.4
      vertex 65.8468 83.7922 2.4
    endloop
  endfacet
  facet normal -0.258815 0.965927 0
    outer loop
      vertex 61.7922 87.8468 2.4
      vertex 61.2029 87.6889 7.4
      vertex 61.7922 87.8468 7.4
    endloop
  endfacet
  facet normal -0.258815 0.965927 0
    outer loop
      vertex 61.2029 87.6889 7.4
      vertex 61.7922 87.8468 2.4
      vertex 61.2029 87.6889 2.4
    endloop
  endfacet
  facet normal -0.819201 0.573506 0
    outer loop
      vertex 59.3689 86.15 2.4
      vertex 59.7188 86.6498 7.4
      vertex 59.7188 86.6498 2.4
    endloop
  endfacet
  facet normal -0.819201 0.573506 0
    outer loop
      vertex 59.7188 86.6498 7.4
      vertex 59.3689 86.15 2.4
      vertex 59.3689 86.15 7.4
    endloop
  endfacet
  facet normal 0.965927 0.258815 0
    outer loop
      vertex 65.8468 85.0078 7.4
      vertex 65.6889 85.5971 2.4
      vertex 65.6889 85.5971 7.4
    endloop
  endfacet
  facet normal 0.965927 0.258815 0
    outer loop
      vertex 65.6889 85.5971 2.4
      vertex 65.8468 85.0078 7.4
      vertex 65.8468 85.0078 2.4
    endloop
  endfacet
  facet normal 0.906321 0.422589 0
    outer loop
      vertex 65.6889 85.5971 7.4
      vertex 65.4311 86.15 2.4
      vertex 65.4311 86.15 7.4
    endloop
  endfacet
  facet normal 0.906321 0.422589 0
    outer loop
      vertex 65.4311 86.15 2.4
      vertex 65.6889 85.5971 7.4
      vertex 65.6889 85.5971 2.4
    endloop
  endfacet
  facet normal 0.819201 0.573506 0
    outer loop
      vertex 65.4311 86.15 7.4
      vertex 65.0812 86.6498 2.4
      vertex 65.0812 86.6498 7.4
    endloop
  endfacet
  facet normal 0.819201 0.573506 0
    outer loop
      vertex 65.0812 86.6498 2.4
      vertex 65.4311 86.15 7.4
      vertex 65.4311 86.15 2.4
    endloop
  endfacet
  facet normal 0.707107 0.707107 0
    outer loop
      vertex 65.0812 86.6498 7.4
      vertex 64.6498 87.0812 2.4
      vertex 64.6498 87.0812 7.4
    endloop
  endfacet
  facet normal 0.707107 0.707107 0
    outer loop
      vertex 64.6498 87.0812 2.4
      vertex 65.0812 86.6498 7.4
      vertex 65.0812 86.6498 2.4
    endloop
  endfacet
  facet normal 0.422589 0.906321 -0
    outer loop
      vertex 64.15 87.4311 2.4
      vertex 63.5971 87.6889 7.4
      vertex 64.15 87.4311 7.4
    endloop
  endfacet
  facet normal 0.422589 0.906321 0
    outer loop
      vertex 63.5971 87.6889 7.4
      vertex 64.15 87.4311 2.4
      vertex 63.5971 87.6889 2.4
    endloop
  endfacet
  facet normal 0.0871954 0.996191 -0
    outer loop
      vertex 63.0078 87.8468 2.4
      vertex 62.4 87.9 7.4
      vertex 63.0078 87.8468 7.4
    endloop
  endfacet
  facet normal 0.0871954 0.996191 0
    outer loop
      vertex 62.4 87.9 7.4
      vertex 63.0078 87.8468 2.4
      vertex 62.4 87.9 2.4
    endloop
  endfacet
  facet normal -0.996191 0.0871954 0
    outer loop
      vertex 58.9 84.4 2.4
      vertex 58.9532 85.0078 7.4
      vertex 58.9532 85.0078 2.4
    endloop
  endfacet
  facet normal -0.996191 0.0871954 0
    outer loop
      vertex 58.9532 85.0078 7.4
      vertex 58.9 84.4 2.4
      vertex 58.9 84.4 7.4
    endloop
  endfacet
  facet normal -0.707107 0.707107 0
    outer loop
      vertex 60.1502 87.0812 2.4
      vertex 59.7188 86.6498 7.4
      vertex 60.1502 87.0812 7.4
    endloop
  endfacet
  facet normal -0.707107 0.707107 0
    outer loop
      vertex 59.7188 86.6498 7.4
      vertex 60.1502 87.0812 2.4
      vertex 59.7188 86.6498 2.4
    endloop
  endfacet
  facet normal -0.422589 0.906321 0
    outer loop
      vertex 61.2029 87.6889 2.4
      vertex 60.65 87.4311 7.4
      vertex 61.2029 87.6889 7.4
    endloop
  endfacet
  facet normal -0.422589 0.906321 0
    outer loop
      vertex 60.65 87.4311 7.4
      vertex 61.2029 87.6889 2.4
      vertex 60.65 87.4311 2.4
    endloop
  endfacet
  facet normal -0.0871954 0.996191 0
    outer loop
      vertex 62.4 87.9 2.4
      vertex 61.7922 87.8468 7.4
      vertex 62.4 87.9 7.4
    endloop
  endfacet
  facet normal -0.0871954 0.996191 0
    outer loop
      vertex 61.7922 87.8468 7.4
      vertex 62.4 87.9 2.4
      vertex 61.7922 87.8468 2.4
    endloop
  endfacet
  facet normal -0.573506 0.819201 0
    outer loop
      vertex 60.65 87.4311 2.4
      vertex 60.1502 87.0812 7.4
      vertex 60.65 87.4311 7.4
    endloop
  endfacet
  facet normal -0.573506 0.819201 0
    outer loop
      vertex 60.1502 87.0812 7.4
      vertex 60.65 87.4311 2.4
      vertex 60.1502 87.0812 2.4
    endloop
  endfacet
  facet normal 0.996191 0.0871954 0
    outer loop
      vertex 65.9 84.4 7.4
      vertex 65.8468 85.0078 2.4
      vertex 65.8468 85.0078 7.4
    endloop
  endfacet
  facet normal 0.996191 0.0871954 0
    outer loop
      vertex 65.8468 85.0078 2.4
      vertex 65.9 84.4 7.4
      vertex 65.9 84.4 2.4
    endloop
  endfacet
  facet normal 0.0871954 -0.996191 0
    outer loop
      vertex 62.4 80.9 2.4
      vertex 63.0078 80.9532 7.4
      vertex 62.4 80.9 7.4
    endloop
  endfacet
  facet normal 0.0871954 -0.996191 0
    outer loop
      vertex 63.0078 80.9532 7.4
      vertex 62.4 80.9 2.4
      vertex 63.0078 80.9532 2.4
    endloop
  endfacet
  facet normal 0.965927 -0.258815 0
    outer loop
      vertex 65.6889 83.2029 7.4
      vertex 65.8468 83.7922 2.4
      vertex 65.8468 83.7922 7.4
    endloop
  endfacet
  facet normal 0.965927 -0.258815 0
    outer loop
      vertex 65.8468 83.7922 2.4
      vertex 65.6889 83.2029 7.4
      vertex 65.6889 83.2029 2.4
    endloop
  endfacet
  facet normal 0.573506 -0.819201 0
    outer loop
      vertex 64.15 81.3689 2.4
      vertex 64.6498 81.7188 7.4
      vertex 64.15 81.3689 7.4
    endloop
  endfacet
  facet normal 0.573506 -0.819201 0
    outer loop
      vertex 64.6498 81.7188 7.4
      vertex 64.15 81.3689 2.4
      vertex 64.6498 81.7188 2.4
    endloop
  endfacet
  facet normal -0.0871954 -0.996191 0
    outer loop
      vertex 61.7922 80.9532 2.4
      vertex 62.4 80.9 7.4
      vertex 61.7922 80.9532 7.4
    endloop
  endfacet
  facet normal -0.0871954 -0.996191 -0
    outer loop
      vertex 62.4 80.9 7.4
      vertex 61.7922 80.9532 2.4
      vertex 62.4 80.9 2.4
    endloop
  endfacet
  facet normal -0.707107 -0.707107 0
    outer loop
      vertex 60.1502 81.7188 2.4
      vertex 59.7188 82.1502 7.4
      vertex 59.7188 82.1502 2.4
    endloop
  endfacet
  facet normal -0.707107 -0.707107 0
    outer loop
      vertex 59.7188 82.1502 7.4
      vertex 60.1502 81.7188 2.4
      vertex 60.1502 81.7188 7.4
    endloop
  endfacet
  facet normal -0.906321 -0.422589 0
    outer loop
      vertex 59.3689 82.65 2.4
      vertex 59.1111 83.2029 7.4
      vertex 59.1111 83.2029 2.4
    endloop
  endfacet
  facet normal -0.906321 -0.422589 0
    outer loop
      vertex 59.1111 83.2029 7.4
      vertex 59.3689 82.65 2.4
      vertex 59.3689 82.65 7.4
    endloop
  endfacet
  facet normal -0.996191 -0.0871954 0
    outer loop
      vertex 58.9532 83.7922 2.4
      vertex 58.9 84.4 7.4
      vertex 58.9 84.4 2.4
    endloop
  endfacet
  facet normal -0.996191 -0.0871954 0
    outer loop
      vertex 58.9 84.4 7.4
      vertex 58.9532 83.7922 2.4
      vertex 58.9532 83.7922 7.4
    endloop
  endfacet
  facet normal 0 0 -1
    outer loop
      vertex 65.8468 83.7922 2.4
      vertex 65.8468 85.0078 2.4
      vertex 65.9 84.4 2.4
    endloop
  endfacet
  facet normal 0 0 -1
    outer loop
      vertex 65.6889 83.2029 2.4
      vertex 65.8468 85.0078 2.4
      vertex 65.8468 83.7922 2.4
    endloop
  endfacet
  facet normal 0 0 -1
    outer loop
      vertex 65.6889 83.2029 2.4
      vertex 65.6889 85.5971 2.4
      vertex 65.8468 85.0078 2.4
    endloop
  endfacet
  facet normal 0 0 -1
    outer loop
      vertex 65.4311 82.65 2.4
      vertex 65.6889 85.5971 2.4
      vertex 65.6889 83.2029 2.4
    endloop
  endfacet
  facet normal 0 0 -1
    outer loop
      vertex 65.4311 82.65 2.4
      vertex 65.4311 86.15 2.4
      vertex 65.6889 85.5971 2.4
    endloop
  endfacet
  facet normal 0 0 -1
    outer loop
      vertex 65.0812 82.1502 2.4
      vertex 65.4311 86.15 2.4
      vertex 65.4311 82.65 2.4
    endloop
  endfacet
  facet normal 0 0 -1
    outer loop
      vertex 65.0812 82.1502 2.4
      vertex 65.0812 86.6498 2.4
      vertex 65.4311 86.15 2.4
    endloop
  endfacet
  facet normal 0 0 -1
    outer loop
      vertex 64.6498 81.7188 2.4
      vertex 65.0812 86.6498 2.4
      vertex 65.0812 82.1502 2.4
    endloop
  endfacet
  facet normal 0 0 -1
    outer loop
      vertex 64.6498 81.7188 2.4
      vertex 64.6498 87.0812 2.4
      vertex 65.0812 86.6498 2.4
    endloop
  endfacet
  facet normal 0 0 -1
    outer loop
      vertex 64.15 81.3689 2.4
      vertex 64.6498 87.0812 2.4
      vertex 64.6498 81.7188 2.4
    endloop
  endfacet
  facet normal 0 0 -1
    outer loop
      vertex 64.15 81.3689 2.4
      vertex 64.15 87.4311 2.4
      vertex 64.6498 87.0812 2.4
    endloop
  endfacet
  facet normal 0 0 -1
    outer loop
      vertex 63.5971 81.1111 2.4
      vertex 64.15 87.4311 2.4
      vertex 64.15 81.3689 2.4
    endloop
  endfacet
  facet normal 0 0 -1
    outer loop
      vertex 63.5971 81.1111 2.4
      vertex 63.5971 87.6889 2.4
      vertex 64.15 87.4311 2.4
    endloop
  endfacet
  facet normal 0 0 -1
    outer loop
      vertex 63.0078 80.9532 2.4
      vertex 63.5971 87.6889 2.4
      vertex 63.5971 81.1111 2.4
    endloop
  endfacet
  facet normal 0 0 -1
    outer loop
      vertex 63.0078 80.9532 2.4
      vertex 63.0078 87.8468 2.4
      vertex 63.5971 87.6889 2.4
    endloop
  endfacet
  facet normal 0 0 -1
    outer loop
      vertex 62.4 80.9 2.4
      vertex 63.0078 87.8468 2.4
      vertex 63.0078 80.9532 2.4
    endloop
  endfacet
  facet normal 0 0 -1
    outer loop
      vertex 62.4 80.9 2.4
      vertex 62.4 87.9 2.4
      vertex 63.0078 87.8468 2.4
    endloop
  endfacet
  facet normal 0 0 -1
    outer loop
      vertex 61.7922 80.9532 2.4
      vertex 62.4 87.9 2.4
      vertex 62.4 80.9 2.4
    endloop
  endfacet
  facet normal 0 0 -1
    outer loop
      vertex 61.7922 80.9532 2.4
      vertex 61.7922 87.8468 2.4
      vertex 62.4 87.9 2.4
    endloop
  endfacet
  facet normal 0 0 -1
    outer loop
      vertex 61.2029 81.1111 2.4
      vertex 61.7922 87.8468 2.4
      vertex 61.7922 80.9532 2.4
    endloop
  endfacet
  facet normal 0 0 -1
    outer loop
      vertex 61.2029 81.1111 2.4
      vertex 61.2029 87.6889 2.4
      vertex 61.7922 87.8468 2.4
    endloop
  endfacet
  facet normal 0 0 -1
    outer loop
      vertex 60.65 81.3689 2.4
      vertex 61.2029 87.6889 2.4
      vertex 61.2029 81.1111 2.4
    endloop
  endfacet
  facet normal 0 0 -1
    outer loop
      vertex 60.65 81.3689 2.4
      vertex 60.65 87.4311 2.4
      vertex 61.2029 87.6889 2.4
    endloop
  endfacet
  facet normal 0 0 -1
    outer loop
      vertex 60.1502 81.7188 2.4
      vertex 60.65 87.4311 2.4
      vertex 60.65 81.3689 2.4
    endloop
  endfacet
  facet normal 0 0 -1
    outer loop
      vertex 60.1502 81.7188 2.4
      vertex 60.1502 87.0812 2.4
      vertex 60.65 87.4311 2.4
    endloop
  endfacet
  facet normal 0 0 -1
    outer loop
      vertex 59.7188 82.1502 2.4
      vertex 60.1502 87.0812 2.4
      vertex 60.1502 81.7188 2.4
    endloop
  endfacet
  facet normal 0 0 -1
    outer loop
      vertex 59.7188 82.1502 2.4
      vertex 59.7188 86.6498 2.4
      vertex 60.1502 87.0812 2.4
    endloop
  endfacet
  facet normal 0 0 -1
    outer loop
      vertex 59.3689 82.65 2.4
      vertex 59.7188 86.6498 2.4
      vertex 59.7188 82.1502 2.4
    endloop
  endfacet
  facet normal 0 0 -1
    outer loop
      vertex 59.3689 82.65 2.4
      vertex 59.3689 86.15 2.4
      vertex 59.7188 86.6498 2.4
    endloop
  endfacet
  facet normal 0 0 -1
    outer loop
      vertex 59.1111 83.2029 2.4
      vertex 59.3689 86.15 2.4
      vertex 59.3689 82.65 2.4
    endloop
  endfacet
  facet normal 0 0 -1
    outer loop
      vertex 59.1111 83.2029 2.4
      vertex 59.1111 85.5971 2.4
      vertex 59.3689 86.15 2.4
    endloop
  endfacet
  facet normal 0 0 -1
    outer loop
      vertex 58.9532 83.7922 2.4
      vertex 59.1111 85.5971 2.4
      vertex 59.1111 83.2029 2.4
    endloop
  endfacet
  facet normal 0 0 -1
    outer loop
      vertex 58.9532 83.7922 2.4
      vertex 58.9532 85.0078 2.4
      vertex 59.1111 85.5971 2.4
    endloop
  endfacet
  facet normal 0 -0 -1
    outer loop
      vertex 58.9532 85.0078 2.4
      vertex 58.9532 83.7922 2.4
      vertex 58.9 84.4 2.4
    endloop
  endfacet
  facet normal 0.258815 0.965927 -0
    outer loop
      vertex 63.5971 87.6889 2.4
      vertex 63.0078 87.8468 7.4
      vertex 63.5971 87.6889 7.4
    endloop
  endfacet
  facet normal 0.258815 0.965927 0
    outer loop
      vertex 63.0078 87.8468 7.4
      vertex 63.5971 87.6889 2.4
      vertex 63.0078 87.8468 2.4
    endloop
  endfacet
  facet normal 0 0 1
    outer loop
      vertex 63.65 84.4 7.4
      vertex 65.9 84.4 7.4
      vertex 65.8468 85.0078 7.4
    endloop
  endfacet
  facet normal 0 0 1
    outer loop
      vertex 63.631 84.6171 7.4
      vertex 65.8468 85.0078 7.4
      vertex 65.6889 85.5971 7.4
    endloop
  endfacet
  facet normal 0 0 1
    outer loop
      vertex 65.9 84.4 7.4
      vertex 63.65 84.4 7.4
      vertex 65.8468 83.7922 7.4
    endloop
  endfacet
  facet normal 0 0 1
    outer loop
      vertex 63.5746 84.8275 7.4
      vertex 65.6889 85.5971 7.4
      vertex 65.4311 86.15 7.4
    endloop
  endfacet
  facet normal -0 0 1
    outer loop
      vertex 63.631 84.1829 7.4
      vertex 65.8468 83.7922 7.4
      vertex 63.65 84.4 7.4
    endloop
  endfacet
  facet normal 0 0 1
    outer loop
      vertex 63.4825 85.025 7.4
      vertex 65.4311 86.15 7.4
      vertex 65.0812 86.6498 7.4
    endloop
  endfacet
  facet normal 0 0 1
    outer loop
      vertex 65.8468 83.7922 7.4
      vertex 63.631 84.1829 7.4
      vertex 65.6889 83.2029 7.4
    endloop
  endfacet
  facet normal 0 0 1
    outer loop
      vertex 63.3576 85.2035 7.4
      vertex 65.0812 86.6498 7.4
      vertex 64.6498 87.0812 7.4
    endloop
  endfacet
  facet normal -0 0 1
    outer loop
      vertex 63.5746 83.9725 7.4
      vertex 65.6889 83.2029 7.4
      vertex 63.631 84.1829 7.4
    endloop
  endfacet
  facet normal 0 0 1
    outer loop
      vertex 63.2035 85.3576 7.4
      vertex 64.6498 87.0812 7.4
      vertex 64.15 87.4311 7.4
    endloop
  endfacet
  facet normal 0 0 1
    outer loop
      vertex 65.6889 83.2029 7.4
      vertex 63.5746 83.9725 7.4
      vertex 65.4311 82.65 7.4
    endloop
  endfacet
  facet normal -0 0 1
    outer loop
      vertex 63.4825 83.775 7.4
      vertex 65.4311 82.65 7.4
      vertex 63.5746 83.9725 7.4
    endloop
  endfacet
  facet normal 0 0 1
    outer loop
      vertex 65.8468 85.0078 7.4
      vertex 63.631 84.6171 7.4
      vertex 63.65 84.4 7.4
    endloop
  endfacet
  facet normal 0 0 1
    outer loop
      vertex 63.025 85.4825 7.4
      vertex 64.15 87.4311 7.4
      vertex 63.5971 87.6889 7.4
    endloop
  endfacet
  facet normal 0 0 1
    outer loop
      vertex 65.6889 85.5971 7.4
      vertex 63.5746 84.8275 7.4
      vertex 63.631 84.6171 7.4
    endloop
  endfacet
  facet normal 0 0 1
    outer loop
      vertex 65.4311 86.15 7.4
      vertex 63.4825 85.025 7.4
      vertex 63.5746 84.8275 7.4
    endloop
  endfacet
  facet normal 0 0 1
    outer loop
      vertex 65.0812 86.6498 7.4
      vertex 63.3576 85.2035 7.4
      vertex 63.4825 85.025 7.4
    endloop
  endfacet
  facet normal 0 0 1
    outer loop
      vertex 64.6498 87.0812 7.4
      vertex 63.2035 85.3576 7.4
      vertex 63.3576 85.2035 7.4
    endloop
  endfacet
  facet normal 0 0 1
    outer loop
      vertex 64.15 87.4311 7.4
      vertex 63.025 85.4825 7.4
      vertex 63.2035 85.3576 7.4
    endloop
  endfacet
  facet normal 0 0 1
    outer loop
      vertex 62.8275 85.5746 7.4
      vertex 63.5971 87.6889 7.4
      vertex 63.0078 87.8468 7.4
    endloop
  endfacet
  facet normal 0 0 1
    outer loop
      vertex 63.5971 87.6889 7.4
      vertex 62.8275 85.5746 7.4
      vertex 63.025 85.4825 7.4
    endloop
  endfacet
  facet normal 0 0 1
    outer loop
      vertex 63.0078 87.8468 7.4
      vertex 62.6171 85.631 7.4
      vertex 62.8275 85.5746 7.4
    endloop
  endfacet
  facet normal 0 0 1
    outer loop
      vertex 62.4 87.9 7.4
      vertex 62.6171 85.631 7.4
      vertex 63.0078 87.8468 7.4
    endloop
  endfacet
  facet normal 0 0 1
    outer loop
      vertex 62.4 87.9 7.4
      vertex 62.4 85.65 7.4
      vertex 62.6171 85.631 7.4
    endloop
  endfacet
  facet normal 0 0 1
    outer loop
      vertex 62.4 87.9 7.4
      vertex 62.1829 85.631 7.4
      vertex 62.4 85.65 7.4
    endloop
  endfacet
  facet normal -0 0 1
    outer loop
      vertex 61.7922 87.8468 7.4
      vertex 62.1829 85.631 7.4
      vertex 62.4 87.9 7.4
    endloop
  endfacet
  facet normal 0 0 1
    outer loop
      vertex 62.1829 85.631 7.4
      vertex 61.7922 87.8468 7.4
      vertex 61.9725 85.5746 7.4
    endloop
  endfacet
  facet normal -0 0 1
    outer loop
      vertex 61.2029 87.6889 7.4
      vertex 61.9725 85.5746 7.4
      vertex 61.7922 87.8468 7.4
    endloop
  endfacet
  facet normal 0 0 1
    outer loop
      vertex 61.9725 85.5746 7.4
      vertex 61.2029 87.6889 7.4
      vertex 61.775 85.4825 7.4
    endloop
  endfacet
  facet normal -0 0 1
    outer loop
      vertex 60.65 87.4311 7.4
      vertex 61.775 85.4825 7.4
      vertex 61.2029 87.6889 7.4
    endloop
  endfacet
  facet normal 0 0 1
    outer loop
      vertex 61.775 85.4825 7.4
      vertex 60.65 87.4311 7.4
      vertex 61.5965 85.3576 7.4
    endloop
  endfacet
  facet normal -0 0 1
    outer loop
      vertex 60.1502 87.0812 7.4
      vertex 61.5965 85.3576 7.4
      vertex 60.65 87.4311 7.4
    endloop
  endfacet
  facet normal 0 0 1
    outer loop
      vertex 61.5965 85.3576 7.4
      vertex 60.1502 87.0812 7.4
      vertex 61.4424 85.2035 7.4
    endloop
  endfacet
  facet normal -0 0 1
    outer loop
      vertex 59.7188 86.6498 7.4
      vertex 61.4424 85.2035 7.4
      vertex 60.1502 87.0812 7.4
    endloop
  endfacet
  facet normal 0 0 1
    outer loop
      vertex 61.4424 85.2035 7.4
      vertex 59.7188 86.6498 7.4
      vertex 61.3175 85.025 7.4
    endloop
  endfacet
  facet normal -0 0 1
    outer loop
      vertex 59.3689 86.15 7.4
      vertex 61.3175 85.025 7.4
      vertex 59.7188 86.6498 7.4
    endloop
  endfacet
  facet normal 0 0 1
    outer loop
      vertex 65.4311 82.65 7.4
      vertex 63.4825 83.775 7.4
      vertex 65.0812 82.1502 7.4
    endloop
  endfacet
  facet normal -0 0 1
    outer loop
      vertex 63.3576 83.5965 7.4
      vertex 65.0812 82.1502 7.4
      vertex 63.4825 83.775 7.4
    endloop
  endfacet
  facet normal 0 0 1
    outer loop
      vertex 65.0812 82.1502 7.4
      vertex 63.3576 83.5965 7.4
      vertex 64.6498 81.7188 7.4
    endloop
  endfacet
  facet normal -0 0 1
    outer loop
      vertex 63.2035 83.4424 7.4
      vertex 64.6498 81.7188 7.4
      vertex 63.3576 83.5965 7.4
    endloop
  endfacet
  facet normal 0 0 1
    outer loop
      vertex 64.6498 81.7188 7.4
      vertex 63.2035 83.4424 7.4
      vertex 64.15 81.3689 7.4
    endloop
  endfacet
  facet normal -0 0 1
    outer loop
      vertex 63.025 83.3175 7.4
      vertex 64.15 81.3689 7.4
      vertex 63.2035 83.4424 7.4
    endloop
  endfacet
  facet normal 0 0 1
    outer loop
      vertex 64.15 81.3689 7.4
      vertex 63.025 83.3175 7.4
      vertex 63.5971 81.1111 7.4
    endloop
  endfacet
  facet normal -0 0 1
    outer loop
      vertex 62.8275 83.2254 7.4
      vertex 63.5971 81.1111 7.4
      vertex 63.025 83.3175 7.4
    endloop
  endfacet
  facet normal 0 0 1
    outer loop
      vertex 63.5971 81.1111 7.4
      vertex 62.8275 83.2254 7.4
      vertex 63.0078 80.9532 7.4
    endloop
  endfacet
  facet normal -0 0 1
    outer loop
      vertex 62.6171 83.169 7.4
      vertex 63.0078 80.9532 7.4
      vertex 62.8275 83.2254 7.4
    endloop
  endfacet
  facet normal -0 0 1
    outer loop
      vertex 62.4 83.15 7.4
      vertex 63.0078 80.9532 7.4
      vertex 62.6171 83.169 7.4
    endloop
  endfacet
  facet normal 0 0 1
    outer loop
      vertex 62.4 83.15 7.4
      vertex 62.4 80.9 7.4
      vertex 63.0078 80.9532 7.4
    endloop
  endfacet
  facet normal 0 0 1
    outer loop
      vertex 62.1829 83.169 7.4
      vertex 62.4 80.9 7.4
      vertex 62.4 83.15 7.4
    endloop
  endfacet
  facet normal 0 0 1
    outer loop
      vertex 61.7922 80.9532 7.4
      vertex 62.1829 83.169 7.4
      vertex 61.9725 83.2254 7.4
    endloop
  endfacet
  facet normal 0 0 1
    outer loop
      vertex 62.1829 83.169 7.4
      vertex 61.7922 80.9532 7.4
      vertex 62.4 80.9 7.4
    endloop
  endfacet
  facet normal 0 0 1
    outer loop
      vertex 61.2029 81.1111 7.4
      vertex 61.9725 83.2254 7.4
      vertex 61.775 83.3175 7.4
    endloop
  endfacet
  facet normal 0 0 1
    outer loop
      vertex 60.65 81.3689 7.4
      vertex 61.775 83.3175 7.4
      vertex 61.5965 83.4424 7.4
    endloop
  endfacet
  facet normal 0 0 1
    outer loop
      vertex 60.1502 81.7188 7.4
      vertex 61.5965 83.4424 7.4
      vertex 61.4424 83.5965 7.4
    endloop
  endfacet
  facet normal 0 0 1
    outer loop
      vertex 59.7188 82.1502 7.4
      vertex 61.4424 83.5965 7.4
      vertex 61.3175 83.775 7.4
    endloop
  endfacet
  facet normal 0 0 1
    outer loop
      vertex 59.3689 82.65 7.4
      vertex 61.3175 83.775 7.4
      vertex 61.2254 83.9725 7.4
    endloop
  endfacet
  facet normal 0 0 1
    outer loop
      vertex 61.9725 83.2254 7.4
      vertex 61.2029 81.1111 7.4
      vertex 61.7922 80.9532 7.4
    endloop
  endfacet
  facet normal 0 0 1
    outer loop
      vertex 59.1111 83.2029 7.4
      vertex 61.2254 83.9725 7.4
      vertex 61.169 84.1829 7.4
    endloop
  endfacet
  facet normal 0 0 1
    outer loop
      vertex 58.9532 83.7922 7.4
      vertex 61.169 84.1829 7.4
      vertex 61.15 84.4 7.4
    endloop
  endfacet
  facet normal 0 0 1
    outer loop
      vertex 61.3175 85.025 7.4
      vertex 59.3689 86.15 7.4
      vertex 61.2254 84.8275 7.4
    endloop
  endfacet
  facet normal 0 0 1
    outer loop
      vertex 61.775 83.3175 7.4
      vertex 60.65 81.3689 7.4
      vertex 61.2029 81.1111 7.4
    endloop
  endfacet
  facet normal -0 0 1
    outer loop
      vertex 59.1111 85.5971 7.4
      vertex 61.2254 84.8275 7.4
      vertex 59.3689 86.15 7.4
    endloop
  endfacet
  facet normal 0 0 1
    outer loop
      vertex 61.5965 83.4424 7.4
      vertex 60.1502 81.7188 7.4
      vertex 60.65 81.3689 7.4
    endloop
  endfacet
  facet normal 0 0 1
    outer loop
      vertex 61.2254 84.8275 7.4
      vertex 59.1111 85.5971 7.4
      vertex 61.169 84.6171 7.4
    endloop
  endfacet
  facet normal 0 0 1
    outer loop
      vertex 61.4424 83.5965 7.4
      vertex 59.7188 82.1502 7.4
      vertex 60.1502 81.7188 7.4
    endloop
  endfacet
  facet normal -0 0 1
    outer loop
      vertex 58.9532 85.0078 7.4
      vertex 61.169 84.6171 7.4
      vertex 59.1111 85.5971 7.4
    endloop
  endfacet
  facet normal 0 0 1
    outer loop
      vertex 61.3175 83.775 7.4
      vertex 59.3689 82.65 7.4
      vertex 59.7188 82.1502 7.4
    endloop
  endfacet
  facet normal 0 0 1
    outer loop
      vertex 61.169 84.6171 7.4
      vertex 58.9532 85.0078 7.4
      vertex 61.15 84.4 7.4
    endloop
  endfacet
  facet normal 0 0 1
    outer loop
      vertex 61.2254 83.9725 7.4
      vertex 59.1111 83.2029 7.4
      vertex 59.3689 82.65 7.4
    endloop
  endfacet
  facet normal 0 0 1
    outer loop
      vertex 58.9 84.4 7.4
      vertex 61.15 84.4 7.4
      vertex 58.9532 85.0078 7.4
    endloop
  endfacet
  facet normal 0 0 1
    outer loop
      vertex 61.169 84.1829 7.4
      vertex 58.9532 83.7922 7.4
      vertex 59.1111 83.2029 7.4
    endloop
  endfacet
  facet normal 0 0 1
    outer loop
      vertex 61.15 84.4 7.4
      vertex 58.9 84.4 7.4
      vertex 58.9532 83.7922 7.4
    endloop
  endfacet
  facet normal -0.906321 0.422589 0
    outer loop
      vertex 59.1111 85.5971 2.4
      vertex 59.3689 86.15 7.4
      vertex 59.3689 86.15 2.4
    endloop
  endfacet
  facet normal -0.906321 0.422589 0
    outer loop
      vertex 59.3689 86.15 7.4
      vertex 59.1111 85.5971 2.4
      vertex 59.1111 85.5971 7.4
    endloop
  endfacet
  facet normal -0.965927 0.258815 0
    outer loop
      vertex 58.9532 85.0078 2.4
      vertex 59.1111 85.5971 7.4
      vertex 59.1111 85.5971 2.4
    endloop
  endfacet
  facet normal -0.965927 0.258815 0
    outer loop
      vertex 59.1111 85.5971 7.4
      vertex 58.9532 85.0078 2.4
      vertex 58.9532 85.0078 7.4
    endloop
  endfacet
  facet normal 0.819201 -0.573506 0
    outer loop
      vertex 65.0812 82.1502 7.4
      vertex 65.4311 82.65 2.4
      vertex 65.4311 82.65 7.4
    endloop
  endfacet
  facet normal 0.819201 -0.573506 0
    outer loop
      vertex 65.4311 82.65 2.4
      vertex 65.0812 82.1502 7.4
      vertex 65.0812 82.1502 2.4
    endloop
  endfacet
  facet normal 0.258815 -0.965927 0
    outer loop
      vertex 63.0078 80.9532 2.4
      vertex 63.5971 81.1111 7.4
      vertex 63.0078 80.9532 7.4
    endloop
  endfacet
  facet normal 0.258815 -0.965927 0
    outer loop
      vertex 63.5971 81.1111 7.4
      vertex 63.0078 80.9532 2.4
      vertex 63.5971 81.1111 2.4
    endloop
  endfacet
  facet normal 0.707107 -0.707107 0
    outer loop
      vertex 64.6498 81.7188 7.4
      vertex 65.0812 82.1502 2.4
      vertex 65.0812 82.1502 7.4
    endloop
  endfacet
  facet normal 0.707107 -0.707107 0
    outer loop
      vertex 65.0812 82.1502 2.4
      vertex 64.6498 81.7188 7.4
      vertex 64.6498 81.7188 2.4
    endloop
  endfacet
  facet normal -0.422589 -0.906321 0
    outer loop
      vertex 60.65 81.3689 2.4
      vertex 61.2029 81.1111 7.4
      vertex 60.65 81.3689 7.4
    endloop
  endfacet
  facet normal -0.422589 -0.906321 -0
    outer loop
      vertex 61.2029 81.1111 7.4
      vertex 60.65 81.3689 2.4
      vertex 61.2029 81.1111 2.4
    endloop
  endfacet
  facet normal -0.573506 -0.819201 0
    outer loop
      vertex 60.1502 81.7188 2.4
      vertex 60.65 81.3689 7.4
      vertex 60.1502 81.7188 7.4
    endloop
  endfacet
  facet normal -0.573506 -0.819201 -0
    outer loop
      vertex 60.65 81.3689 7.4
      vertex 60.1502 81.7188 2.4
      vertex 60.65 81.3689 2.4
    endloop
  endfacet
  facet normal -0.965927 -0.258815 0
    outer loop
      vertex 59.1111 83.2029 2.4
      vertex 58.9532 83.7922 7.4
      vertex 58.9532 83.7922 2.4
    endloop
  endfacet
  facet normal -0.965927 -0.258815 0
    outer loop
      vertex 58.9532 83.7922 7.4
      vertex 59.1111 83.2029 2.4
      vertex 59.1111 83.2029 7.4
    endloop
  endfacet
  facet normal -0.819201 -0.573506 0
    outer loop
      vertex 59.7188 82.1502 2.4
      vertex 59.3689 82.65 7.4
      vertex 59.3689 82.65 2.4
    endloop
  endfacet
  facet normal -0.819201 -0.573506 0
    outer loop
      vertex 59.3689 82.65 7.4
      vertex 59.7188 82.1502 2.4
      vertex 59.7188 82.1502 7.4
    endloop
  endfacet
  facet normal 0.906321 -0.422589 0
    outer loop
      vertex 65.4311 82.65 7.4
      vertex 65.6889 83.2029 2.4
      vertex 65.6889 83.2029 7.4
    endloop
  endfacet
  facet normal 0.906321 -0.422589 0
    outer loop
      vertex 65.6889 83.2029 2.4
      vertex 65.4311 82.65 7.4
      vertex 65.4311 82.65 2.4
    endloop
  endfacet
  facet normal 0.422589 -0.906321 0
    outer loop
      vertex 63.5971 81.1111 2.4
      vertex 64.15 81.3689 7.4
      vertex 63.5971 81.1111 7.4
    endloop
  endfacet
  facet normal 0.422589 -0.906321 0
    outer loop
      vertex 64.15 81.3689 7.4
      vertex 63.5971 81.1111 2.4
      vertex 64.15 81.3689 2.4
    endloop
  endfacet
  facet normal -0.258815 -0.965927 0
    outer loop
      vertex 61.2029 81.1111 2.4
      vertex 61.7922 80.9532 7.4
      vertex 61.2029 81.1111 7.4
    endloop
  endfacet
  facet normal -0.258815 -0.965927 -0
    outer loop
      vertex 61.7922 80.9532 7.4
      vertex 61.2029 81.1111 2.4
      vertex 61.7922 80.9532 2.4
    endloop
  endfacet
  facet normal -0.573308 -0.81934 0
    outer loop
      vertex 63.025 85.4825 3.4
      vertex 63.2035 85.3576 7.4
      vertex 63.025 85.4825 7.4
    endloop
  endfacet
  facet normal -0.573308 -0.81934 -0
    outer loop
      vertex 63.2035 85.3576 7.4
      vertex 63.025 85.4825 3.4
      vertex 63.2035 85.3576 3.4
    endloop
  endfacet
  facet normal -0.996192 0.087184 0
    outer loop
      vertex 63.631 84.1829 3.4
      vertex 63.65 84.4 7.4
      vertex 63.65 84.4 3.4
    endloop
  endfacet
  facet normal -0.996192 0.087184 0
    outer loop
      vertex 63.65 84.4 7.4
      vertex 63.631 84.1829 3.4
      vertex 63.631 84.1829 7.4
    endloop
  endfacet
  facet normal 0.25892 -0.965899 0
    outer loop
      vertex 61.9725 85.5746 3.4
      vertex 62.1829 85.631 7.4
      vertex 61.9725 85.5746 7.4
    endloop
  endfacet
  facet normal 0.25892 -0.965899 0
    outer loop
      vertex 62.1829 85.631 7.4
      vertex 61.9725 85.5746 3.4
      vertex 62.1829 85.631 3.4
    endloop
  endfacet
  facet normal 0.81934 -0.573308 0
    outer loop
      vertex 61.3175 85.025 7.4
      vertex 61.4424 85.2035 3.4
      vertex 61.4424 85.2035 7.4
    endloop
  endfacet
  facet normal 0.81934 -0.573308 0
    outer loop
      vertex 61.4424 85.2035 3.4
      vertex 61.3175 85.025 7.4
      vertex 61.3175 85.025 3.4
    endloop
  endfacet
  facet normal -0.9063 -0.422634 0
    outer loop
      vertex 63.5746 84.8275 3.4
      vertex 63.4825 85.025 7.4
      vertex 63.4825 85.025 3.4
    endloop
  endfacet
  facet normal -0.9063 -0.422634 0
    outer loop
      vertex 63.4825 85.025 7.4
      vertex 63.5746 84.8275 3.4
      vertex 63.5746 84.8275 7.4
    endloop
  endfacet
  facet normal -0.81934 -0.573308 0
    outer loop
      vertex 63.4825 85.025 3.4
      vertex 63.3576 85.2035 7.4
      vertex 63.3576 85.2035 3.4
    endloop
  endfacet
  facet normal -0.81934 -0.573308 0
    outer loop
      vertex 63.3576 85.2035 7.4
      vertex 63.4825 85.025 3.4
      vertex 63.4825 85.025 7.4
    endloop
  endfacet
  facet normal -0.707107 -0.707107 0
    outer loop
      vertex 63.2035 85.3576 3.4
      vertex 63.3576 85.2035 7.4
      vertex 63.2035 85.3576 7.4
    endloop
  endfacet
  facet normal -0.707107 -0.707107 -0
    outer loop
      vertex 63.3576 85.2035 7.4
      vertex 63.2035 85.3576 3.4
      vertex 63.3576 85.2035 3.4
    endloop
  endfacet
  facet normal -0.422634 -0.9063 0
    outer loop
      vertex 62.8275 85.5746 3.4
      vertex 63.025 85.4825 7.4
      vertex 62.8275 85.5746 7.4
    endloop
  endfacet
  facet normal -0.422634 -0.9063 -0
    outer loop
      vertex 63.025 85.4825 7.4
      vertex 62.8275 85.5746 3.4
      vertex 63.025 85.4825 3.4
    endloop
  endfacet
  facet normal -0.087184 -0.996192 0
    outer loop
      vertex 62.4 85.65 3.4
      vertex 62.6171 85.631 7.4
      vertex 62.4 85.65 7.4
    endloop
  endfacet
  facet normal -0.087184 -0.996192 -0
    outer loop
      vertex 62.6171 85.631 7.4
      vertex 62.4 85.65 3.4
      vertex 62.6171 85.631 3.4
    endloop
  endfacet
  facet normal 0.996192 -0.087184 0
    outer loop
      vertex 61.15 84.4 7.4
      vertex 61.169 84.6171 3.4
      vertex 61.169 84.6171 7.4
    endloop
  endfacet
  facet normal 0.996192 -0.087184 0
    outer loop
      vertex 61.169 84.6171 3.4
      vertex 61.15 84.4 7.4
      vertex 61.15 84.4 3.4
    endloop
  endfacet
  facet normal 0.707107 -0.707107 0
    outer loop
      vertex 61.4424 85.2035 3.4
      vertex 61.5965 85.3576 7.4
      vertex 61.4424 85.2035 7.4
    endloop
  endfacet
  facet normal 0.707107 -0.707107 0
    outer loop
      vertex 61.5965 85.3576 7.4
      vertex 61.4424 85.2035 3.4
      vertex 61.5965 85.3576 3.4
    endloop
  endfacet
  facet normal 0.422634 -0.9063 0
    outer loop
      vertex 61.775 85.4825 3.4
      vertex 61.9725 85.5746 7.4
      vertex 61.775 85.4825 7.4
    endloop
  endfacet
  facet normal 0.422634 -0.9063 0
    outer loop
      vertex 61.9725 85.5746 7.4
      vertex 61.775 85.4825 3.4
      vertex 61.9725 85.5746 3.4
    endloop
  endfacet
  facet normal 0.087184 -0.996192 0
    outer loop
      vertex 62.1829 85.631 3.4
      vertex 62.4 85.65 7.4
      vertex 62.1829 85.631 7.4
    endloop
  endfacet
  facet normal 0.087184 -0.996192 0
    outer loop
      vertex 62.4 85.65 7.4
      vertex 62.1829 85.631 3.4
      vertex 62.4 85.65 3.4
    endloop
  endfacet
  facet normal 0.573308 -0.81934 0
    outer loop
      vertex 61.5965 85.3576 3.4
      vertex 61.775 85.4825 7.4
      vertex 61.5965 85.3576 7.4
    endloop
  endfacet
  facet normal 0.573308 -0.81934 0
    outer loop
      vertex 61.775 85.4825 7.4
      vertex 61.5965 85.3576 3.4
      vertex 61.775 85.4825 3.4
    endloop
  endfacet
  facet normal -0.996192 -0.087184 0
    outer loop
      vertex 63.65 84.4 3.4
      vertex 63.631 84.6171 7.4
      vertex 63.631 84.6171 3.4
    endloop
  endfacet
  facet normal -0.996192 -0.087184 0
    outer loop
      vertex 63.631 84.6171 7.4
      vertex 63.65 84.4 3.4
      vertex 63.65 84.4 7.4
    endloop
  endfacet
  facet normal -0.087184 0.996192 0
    outer loop
      vertex 62.6171 83.169 3.4
      vertex 62.4 83.15 7.4
      vertex 62.6171 83.169 7.4
    endloop
  endfacet
  facet normal -0.087184 0.996192 0
    outer loop
      vertex 62.4 83.15 7.4
      vertex 62.6171 83.169 3.4
      vertex 62.4 83.15 3.4
    endloop
  endfacet
  facet normal -0.965899 0.25892 0
    outer loop
      vertex 63.5746 83.9725 3.4
      vertex 63.631 84.1829 7.4
      vertex 63.631 84.1829 3.4
    endloop
  endfacet
  facet normal -0.965899 0.25892 0
    outer loop
      vertex 63.631 84.1829 7.4
      vertex 63.5746 83.9725 3.4
      vertex 63.5746 83.9725 7.4
    endloop
  endfacet
  facet normal -0.422634 0.9063 0
    outer loop
      vertex 63.025 83.3175 3.4
      vertex 62.8275 83.2254 7.4
      vertex 63.025 83.3175 7.4
    endloop
  endfacet
  facet normal -0.422634 0.9063 0
    outer loop
      vertex 62.8275 83.2254 7.4
      vertex 63.025 83.3175 3.4
      vertex 62.8275 83.2254 3.4
    endloop
  endfacet
  facet normal -0.573308 0.81934 0
    outer loop
      vertex 63.2035 83.4424 3.4
      vertex 63.025 83.3175 7.4
      vertex 63.2035 83.4424 7.4
    endloop
  endfacet
  facet normal -0.573308 0.81934 0
    outer loop
      vertex 63.025 83.3175 7.4
      vertex 63.2035 83.4424 3.4
      vertex 63.025 83.3175 3.4
    endloop
  endfacet
  facet normal 0.087184 0.996192 -0
    outer loop
      vertex 62.4 83.15 3.4
      vertex 62.1829 83.169 7.4
      vertex 62.4 83.15 7.4
    endloop
  endfacet
  facet normal 0.087184 0.996192 0
    outer loop
      vertex 62.1829 83.169 7.4
      vertex 62.4 83.15 3.4
      vertex 62.1829 83.169 3.4
    endloop
  endfacet
  facet normal 0.707107 0.707107 0
    outer loop
      vertex 61.5965 83.4424 7.4
      vertex 61.4424 83.5965 3.4
      vertex 61.4424 83.5965 7.4
    endloop
  endfacet
  facet normal 0.707107 0.707107 0
    outer loop
      vertex 61.4424 83.5965 3.4
      vertex 61.5965 83.4424 7.4
      vertex 61.5965 83.4424 3.4
    endloop
  endfacet
  facet normal 0.9063 0.422634 0
    outer loop
      vertex 61.3175 83.775 7.4
      vertex 61.2254 83.9725 3.4
      vertex 61.2254 83.9725 7.4
    endloop
  endfacet
  facet normal 0.9063 0.422634 0
    outer loop
      vertex 61.2254 83.9725 3.4
      vertex 61.3175 83.775 7.4
      vertex 61.3175 83.775 3.4
    endloop
  endfacet
  facet normal 0.996192 0.087184 0
    outer loop
      vertex 61.169 84.1829 7.4
      vertex 61.15 84.4 3.4
      vertex 61.15 84.4 7.4
    endloop
  endfacet
  facet normal 0.996192 0.087184 0
    outer loop
      vertex 61.15 84.4 3.4
      vertex 61.169 84.1829 7.4
      vertex 61.169 84.1829 3.4
    endloop
  endfacet
  facet normal 0 0 1
    outer loop
      vertex 63.631 84.6171 3.4
      vertex 63.631 84.1829 3.4
      vertex 63.65 84.4 3.4
    endloop
  endfacet
  facet normal 0 0 1
    outer loop
      vertex 63.5746 84.8275 3.4
      vertex 63.631 84.1829 3.4
      vertex 63.631 84.6171 3.4
    endloop
  endfacet
  facet normal 0 0 1
    outer loop
      vertex 63.5746 84.8275 3.4
      vertex 63.5746 83.9725 3.4
      vertex 63.631 84.1829 3.4
    endloop
  endfacet
  facet normal 0 0 1
    outer loop
      vertex 63.4825 85.025 3.4
      vertex 63.5746 83.9725 3.4
      vertex 63.5746 84.8275 3.4
    endloop
  endfacet
  facet normal 0 0 1
    outer loop
      vertex 63.4825 85.025 3.4
      vertex 63.4825 83.775 3.4
      vertex 63.5746 83.9725 3.4
    endloop
  endfacet
  facet normal 0 0 1
    outer loop
      vertex 63.3576 85.2035 3.4
      vertex 63.4825 83.775 3.4
      vertex 63.4825 85.025 3.4
    endloop
  endfacet
  facet normal 0 0 1
    outer loop
      vertex 63.3576 85.2035 3.4
      vertex 63.3576 83.5965 3.4
      vertex 63.4825 83.775 3.4
    endloop
  endfacet
  facet normal 0 0 1
    outer loop
      vertex 63.2035 85.3576 3.4
      vertex 63.3576 83.5965 3.4
      vertex 63.3576 85.2035 3.4
    endloop
  endfacet
  facet normal 0 0 1
    outer loop
      vertex 63.2035 85.3576 3.4
      vertex 63.2035 83.4424 3.4
      vertex 63.3576 83.5965 3.4
    endloop
  endfacet
  facet normal 0 0 1
    outer loop
      vertex 63.025 85.4825 3.4
      vertex 63.2035 83.4424 3.4
      vertex 63.2035 85.3576 3.4
    endloop
  endfacet
  facet normal 0 0 1
    outer loop
      vertex 63.025 85.4825 3.4
      vertex 63.025 83.3175 3.4
      vertex 63.2035 83.4424 3.4
    endloop
  endfacet
  facet normal 0 0 1
    outer loop
      vertex 62.8275 85.5746 3.4
      vertex 63.025 83.3175 3.4
      vertex 63.025 85.4825 3.4
    endloop
  endfacet
  facet normal 0 0 1
    outer loop
      vertex 62.8275 85.5746 3.4
      vertex 62.8275 83.2254 3.4
      vertex 63.025 83.3175 3.4
    endloop
  endfacet
  facet normal 0 0 1
    outer loop
      vertex 62.6171 85.631 3.4
      vertex 62.8275 83.2254 3.4
      vertex 62.8275 85.5746 3.4
    endloop
  endfacet
  facet normal 0 0 1
    outer loop
      vertex 62.6171 85.631 3.4
      vertex 62.6171 83.169 3.4
      vertex 62.8275 83.2254 3.4
    endloop
  endfacet
  facet normal 0 0 1
    outer loop
      vertex 62.4 85.65 3.4
      vertex 62.6171 83.169 3.4
      vertex 62.6171 85.631 3.4
    endloop
  endfacet
  facet normal 0 0 1
    outer loop
      vertex 62.4 85.65 3.4
      vertex 62.4 83.15 3.4
      vertex 62.6171 83.169 3.4
    endloop
  endfacet
  facet normal -0 0 1
    outer loop
      vertex 62.1829 85.631 3.4
      vertex 62.4 83.15 3.4
      vertex 62.4 85.65 3.4
    endloop
  endfacet
  facet normal 0 0 1
    outer loop
      vertex 62.1829 85.631 3.4
      vertex 62.1829 83.169 3.4
      vertex 62.4 83.15 3.4
    endloop
  endfacet
  facet normal -0 0 1
    outer loop
      vertex 61.9725 85.5746 3.4
      vertex 62.1829 83.169 3.4
      vertex 62.1829 85.631 3.4
    endloop
  endfacet
  facet normal 0 0 1
    outer loop
      vertex 61.9725 85.5746 3.4
      vertex 61.9725 83.2254 3.4
      vertex 62.1829 83.169 3.4
    endloop
  endfacet
  facet normal -0 0 1
    outer loop
      vertex 61.775 85.4825 3.4
      vertex 61.9725 83.2254 3.4
      vertex 61.9725 85.5746 3.4
    endloop
  endfacet
  facet normal 0 0 1
    outer loop
      vertex 61.775 85.4825 3.4
      vertex 61.775 83.3175 3.4
      vertex 61.9725 83.2254 3.4
    endloop
  endfacet
  facet normal -0 0 1
    outer loop
      vertex 61.5965 85.3576 3.4
      vertex 61.775 83.3175 3.4
      vertex 61.775 85.4825 3.4
    endloop
  endfacet
  facet normal 0 0 1
    outer loop
      vertex 61.5965 85.3576 3.4
      vertex 61.5965 83.4424 3.4
      vertex 61.775 83.3175 3.4
    endloop
  endfacet
  facet normal -0 0 1
    outer loop
      vertex 61.4424 85.2035 3.4
      vertex 61.5965 83.4424 3.4
      vertex 61.5965 85.3576 3.4
    endloop
  endfacet
  facet normal 0 0 1
    outer loop
      vertex 61.4424 85.2035 3.4
      vertex 61.4424 83.5965 3.4
      vertex 61.5965 83.4424 3.4
    endloop
  endfacet
  facet normal -0 0 1
    outer loop
      vertex 61.3175 85.025 3.4
      vertex 61.4424 83.5965 3.4
      vertex 61.4424 85.2035 3.4
    endloop
  endfacet
  facet normal 0 0 1
    outer loop
      vertex 61.3175 85.025 3.4
      vertex 61.3175 83.775 3.4
      vertex 61.4424 83.5965 3.4
    endloop
  endfacet
  facet normal -0 0 1
    outer loop
      vertex 61.2254 84.8275 3.4
      vertex 61.3175 83.775 3.4
      vertex 61.3175 85.025 3.4
    endloop
  endfacet
  facet normal 0 0 1
    outer loop
      vertex 61.2254 84.8275 3.4
      vertex 61.2254 83.9725 3.4
      vertex 61.3175 83.775 3.4
    endloop
  endfacet
  facet normal -0 0 1
    outer loop
      vertex 61.169 84.6171 3.4
      vertex 61.2254 83.9725 3.4
      vertex 61.2254 84.8275 3.4
    endloop
  endfacet
  facet normal 0 0 1
    outer loop
      vertex 61.169 84.6171 3.4
      vertex 61.169 84.1829 3.4
      vertex 61.2254 83.9725 3.4
    endloop
  endfacet
  facet normal 0 -0 1
    outer loop
      vertex 61.169 84.1829 3.4
      vertex 61.169 84.6171 3.4
      vertex 61.15 84.4 3.4
    endloop
  endfacet
  facet normal 0.81934 0.573308 0
    outer loop
      vertex 61.4424 83.5965 7.4
      vertex 61.3175 83.775 3.4
      vertex 61.3175 83.775 7.4
    endloop
  endfacet
  facet normal 0.81934 0.573308 0
    outer loop
      vertex 61.3175 83.775 3.4
      vertex 61.4424 83.5965 7.4
      vertex 61.4424 83.5965 3.4
    endloop
  endfacet
  facet normal -0.965899 -0.25892 0
    outer loop
      vertex 63.631 84.6171 3.4
      vertex 63.5746 84.8275 7.4
      vertex 63.5746 84.8275 3.4
    endloop
  endfacet
  facet normal -0.965899 -0.25892 0
    outer loop
      vertex 63.5746 84.8275 7.4
      vertex 63.631 84.6171 3.4
      vertex 63.631 84.6171 7.4
    endloop
  endfacet
  facet normal -0.25892 -0.965899 0
    outer loop
      vertex 62.6171 85.631 3.4
      vertex 62.8275 85.5746 7.4
      vertex 62.6171 85.631 7.4
    endloop
  endfacet
  facet normal -0.25892 -0.965899 -0
    outer loop
      vertex 62.8275 85.5746 7.4
      vertex 62.6171 85.631 3.4
      vertex 62.8275 85.5746 3.4
    endloop
  endfacet
  facet normal 0.9063 -0.422634 0
    outer loop
      vertex 61.2254 84.8275 7.4
      vertex 61.3175 85.025 3.4
      vertex 61.3175 85.025 7.4
    endloop
  endfacet
  facet normal 0.9063 -0.422634 0
    outer loop
      vertex 61.3175 85.025 3.4
      vertex 61.2254 84.8275 7.4
      vertex 61.2254 84.8275 3.4
    endloop
  endfacet
  facet normal 0.965899 -0.25892 0
    outer loop
      vertex 61.169 84.6171 7.4
      vertex 61.2254 84.8275 3.4
      vertex 61.2254 84.8275 7.4
    endloop
  endfacet
  facet normal 0.965899 -0.25892 0
    outer loop
      vertex 61.2254 84.8275 3.4
      vertex 61.169 84.6171 7.4
      vertex 61.169 84.6171 3.4
    endloop
  endfacet
  facet normal -0.81934 0.573308 0
    outer loop
      vertex 63.3576 83.5965 3.4
      vertex 63.4825 83.775 7.4
      vertex 63.4825 83.775 3.4
    endloop
  endfacet
  facet normal -0.81934 0.573308 0
    outer loop
      vertex 63.4825 83.775 7.4
      vertex 63.3576 83.5965 3.4
      vertex 63.3576 83.5965 7.4
    endloop
  endfacet
  facet normal -0.9063 0.422634 0
    outer loop
      vertex 63.4825 83.775 3.4
      vertex 63.5746 83.9725 7.4
      vertex 63.5746 83.9725 3.4
    endloop
  endfacet
  facet normal -0.9063 0.422634 0
    outer loop
      vertex 63.5746 83.9725 7.4
      vertex 63.4825 83.775 3.4
      vertex 63.4825 83.775 7.4
    endloop
  endfacet
  facet normal -0.25892 0.965899 0
    outer loop
      vertex 62.8275 83.2254 3.4
      vertex 62.6171 83.169 7.4
      vertex 62.8275 83.2254 7.4
    endloop
  endfacet
  facet normal -0.25892 0.965899 0
    outer loop
      vertex 62.6171 83.169 7.4
      vertex 62.8275 83.2254 3.4
      vertex 62.6171 83.169 3.4
    endloop
  endfacet
  facet normal -0.707107 0.707107 0
    outer loop
      vertex 63.2035 83.4424 3.4
      vertex 63.3576 83.5965 7.4
      vertex 63.3576 83.5965 3.4
    endloop
  endfacet
  facet normal -0.707107 0.707107 0
    outer loop
      vertex 63.3576 83.5965 7.4
      vertex 63.2035 83.4424 3.4
      vertex 63.2035 83.4424 7.4
    endloop
  endfacet
  facet normal 0.422634 0.9063 -0
    outer loop
      vertex 61.9725 83.2254 3.4
      vertex 61.775 83.3175 7.4
      vertex 61.9725 83.2254 7.4
    endloop
  endfacet
  facet normal 0.422634 0.9063 0
    outer loop
      vertex 61.775 83.3175 7.4
      vertex 61.9725 83.2254 3.4
      vertex 61.775 83.3175 3.4
    endloop
  endfacet
  facet normal 0.573308 0.81934 -0
    outer loop
      vertex 61.775 83.3175 3.4
      vertex 61.5965 83.4424 7.4
      vertex 61.775 83.3175 7.4
    endloop
  endfacet
  facet normal 0.573308 0.81934 0
    outer loop
      vertex 61.5965 83.4424 7.4
      vertex 61.775 83.3175 3.4
      vertex 61.5965 83.4424 3.4
    endloop
  endfacet
  facet normal 0.965899 0.25892 0
    outer loop
      vertex 61.2254 83.9725 7.4
      vertex 61.169 84.1829 3.4
      vertex 61.169 84.1829 7.4
    endloop
  endfacet
  facet normal 0.965899 0.25892 0
    outer loop
      vertex 61.169 84.1829 3.4
      vertex 61.2254 83.9725 7.4
      vertex 61.2254 83.9725 3.4
    endloop
  endfacet
  facet normal 0.25892 0.965899 -0
    outer loop
      vertex 62.1829 83.169 3.4
      vertex 61.9725 83.2254 7.4
      vertex 62.1829 83.169 7.4
    endloop
  endfacet
  facet normal 0.25892 0.965899 0
    outer loop
      vertex 61.9725 83.2254 7.4
      vertex 62.1829 83.169 3.4
      vertex 61.9725 83.2254 3.4
    endloop
  endfacet
  facet normal 0.573616 0.819124 -0
    outer loop
      vertex 20.6498 138.081 2.4
      vertex 20.15 138.431 7.4
      vertex 20.6498 138.081 7.4
    endloop
  endfacet
  facet normal 0.573616 0.819124 0
    outer loop
      vertex 20.15 138.431 7.4
      vertex 20.6498 138.081 2.4
      vertex 20.15 138.431 2.4
    endloop
  endfacet
  facet normal 0.996194 -0.087167 0
    outer loop
      vertex 21.8468 134.792 7.4
      vertex 21.9 135.4 2.4
      vertex 21.9 135.4 7.4
    endloop
  endfacet
  facet normal 0.996194 -0.087167 0
    outer loop
      vertex 21.9 135.4 2.4
      vertex 21.8468 134.792 7.4
      vertex 21.8468 134.792 2.4
    endloop
  endfacet
  facet normal -0.258968 0.965886 0
    outer loop
      vertex 17.7922 138.847 2.4
      vertex 17.2029 138.689 7.4
      vertex 17.7922 138.847 7.4
    endloop
  endfacet
  facet normal -0.258968 0.965886 0
    outer loop
      vertex 17.2029 138.689 7.4
      vertex 17.7922 138.847 2.4
      vertex 17.2029 138.689 2.4
    endloop
  endfacet
  facet normal -0.819309 0.573352 0
    outer loop
      vertex 15.3689 137.15 2.4
      vertex 15.7188 137.65 7.4
      vertex 15.7188 137.65 2.4
    endloop
  endfacet
  facet normal -0.819309 0.573352 0
    outer loop
      vertex 15.7188 137.65 7.4
      vertex 15.3689 137.15 2.4
      vertex 15.3689 137.15 7.4
    endloop
  endfacet
  facet normal 0.965894 0.258938 0
    outer loop
      vertex 21.8468 136.008 7.4
      vertex 21.6889 136.597 2.4
      vertex 21.6889 136.597 7.4
    endloop
  endfacet
  facet normal 0.965894 0.258938 0
    outer loop
      vertex 21.6889 136.597 2.4
      vertex 21.8468 136.008 7.4
      vertex 21.8468 136.008 2.4
    endloop
  endfacet
  facet normal 0.906351 0.422527 0
    outer loop
      vertex 21.6889 136.597 7.4
      vertex 21.4311 137.15 2.4
      vertex 21.4311 137.15 7.4
    endloop
  endfacet
  facet normal 0.906351 0.422527 0
    outer loop
      vertex 21.4311 137.15 2.4
      vertex 21.6889 136.597 7.4
      vertex 21.6889 136.597 2.4
    endloop
  endfacet
  facet normal 0.819309 0.573352 0
    outer loop
      vertex 21.4311 137.15 7.4
      vertex 21.0812 137.65 2.4
      vertex 21.0812 137.65 7.4
    endloop
  endfacet
  facet normal 0.819309 0.573352 0
    outer loop
      vertex 21.0812 137.65 2.4
      vertex 21.4311 137.15 7.4
      vertex 21.4311 137.15 2.4
    endloop
  endfacet
  facet normal 0.706779 0.707435 0
    outer loop
      vertex 21.0812 137.65 7.4
      vertex 20.6498 138.081 2.4
      vertex 20.6498 138.081 7.4
    endloop
  endfacet
  facet normal 0.706779 0.707435 0
    outer loop
      vertex 20.6498 138.081 2.4
      vertex 21.0812 137.65 7.4
      vertex 21.0812 137.65 2.4
    endloop
  endfacet
  facet normal 0.422859 0.906196 -0
    outer loop
      vertex 20.15 138.431 2.4
      vertex 19.5971 138.689 7.4
      vertex 20.15 138.431 7.4
    endloop
  endfacet
  facet normal 0.422859 0.906196 0
    outer loop
      vertex 19.5971 138.689 7.4
      vertex 20.15 138.431 2.4
      vertex 19.5971 138.689 2.4
    endloop
  endfacet
  facet normal 0.0868701 0.99622 -0
    outer loop
      vertex 19.0078 138.847 2.4
      vertex 18.4 138.9 7.4
      vertex 19.0078 138.847 7.4
    endloop
  endfacet
  facet normal 0.0868701 0.99622 0
    outer loop
      vertex 18.4 138.9 7.4
      vertex 19.0078 138.847 2.4
      vertex 18.4 138.9 2.4
    endloop
  endfacet
  facet normal -0.996194 0.087167 0
    outer loop
      vertex 14.9 135.4 2.4
      vertex 14.9532 136.008 7.4
      vertex 14.9532 136.008 2.4
    endloop
  endfacet
  facet normal -0.996194 0.087167 0
    outer loop
      vertex 14.9532 136.008 7.4
      vertex 14.9 135.4 2.4
      vertex 14.9 135.4 7.4
    endloop
  endfacet
  facet normal -0.706779 0.707435 0
    outer loop
      vertex 15.7188 137.65 2.4
      vertex 16.1502 138.081 7.4
      vertex 16.1502 138.081 2.4
    endloop
  endfacet
  facet normal -0.706779 0.707435 0
    outer loop
      vertex 16.1502 138.081 7.4
      vertex 15.7188 137.65 2.4
      vertex 15.7188 137.65 7.4
    endloop
  endfacet
  facet normal -0.422859 0.906196 0
    outer loop
      vertex 17.2029 138.689 2.4
      vertex 16.65 138.431 7.4
      vertex 17.2029 138.689 7.4
    endloop
  endfacet
  facet normal -0.422859 0.906196 0
    outer loop
      vertex 16.65 138.431 7.4
      vertex 17.2029 138.689 2.4
      vertex 16.65 138.431 2.4
    endloop
  endfacet
  facet normal -0.0868701 0.99622 0
    outer loop
      vertex 18.4 138.9 2.4
      vertex 17.7922 138.847 7.4
      vertex 18.4 138.9 7.4
    endloop
  endfacet
  facet normal -0.0868701 0.99622 0
    outer loop
      vertex 17.7922 138.847 7.4
      vertex 18.4 138.9 2.4
      vertex 17.7922 138.847 2.4
    endloop
  endfacet
  facet normal -0.573616 0.819124 0
    outer loop
      vertex 16.65 138.431 2.4
      vertex 16.1502 138.081 7.4
      vertex 16.65 138.431 7.4
    endloop
  endfacet
  facet normal -0.573616 0.819124 0
    outer loop
      vertex 16.1502 138.081 7.4
      vertex 16.65 138.431 2.4
      vertex 16.1502 138.081 2.4
    endloop
  endfacet
  facet normal 0.996194 0.087167 0
    outer loop
      vertex 21.9 135.4 7.4
      vertex 21.8468 136.008 2.4
      vertex 21.8468 136.008 7.4
    endloop
  endfacet
  facet normal 0.996194 0.087167 0
    outer loop
      vertex 21.8468 136.008 2.4
      vertex 21.9 135.4 7.4
      vertex 21.9 135.4 2.4
    endloop
  endfacet
  facet normal 0.0868701 -0.99622 0
    outer loop
      vertex 18.4 131.9 2.4
      vertex 19.0078 131.953 7.4
      vertex 18.4 131.9 7.4
    endloop
  endfacet
  facet normal 0.0868701 -0.99622 0
    outer loop
      vertex 19.0078 131.953 7.4
      vertex 18.4 131.9 2.4
      vertex 19.0078 131.953 2.4
    endloop
  endfacet
  facet normal 0.965894 -0.258938 0
    outer loop
      vertex 21.6889 134.203 7.4
      vertex 21.8468 134.792 2.4
      vertex 21.8468 134.792 7.4
    endloop
  endfacet
  facet normal 0.965894 -0.258938 0
    outer loop
      vertex 21.8468 134.792 2.4
      vertex 21.6889 134.203 7.4
      vertex 21.6889 134.203 2.4
    endloop
  endfacet
  facet normal 0.573616 -0.819124 0
    outer loop
      vertex 20.15 132.369 2.4
      vertex 20.6498 132.719 7.4
      vertex 20.15 132.369 7.4
    endloop
  endfacet
  facet normal 0.573616 -0.819124 0
    outer loop
      vertex 20.6498 132.719 7.4
      vertex 20.15 132.369 2.4
      vertex 20.6498 132.719 2.4
    endloop
  endfacet
  facet normal -0.0868701 -0.99622 0
    outer loop
      vertex 17.7922 131.953 2.4
      vertex 18.4 131.9 7.4
      vertex 17.7922 131.953 7.4
    endloop
  endfacet
  facet normal -0.0868701 -0.99622 -0
    outer loop
      vertex 18.4 131.9 7.4
      vertex 17.7922 131.953 2.4
      vertex 18.4 131.9 2.4
    endloop
  endfacet
  facet normal -0.706779 -0.707435 0
    outer loop
      vertex 15.7188 133.15 2.4
      vertex 16.1502 132.719 7.4
      vertex 15.7188 133.15 7.4
    endloop
  endfacet
  facet normal -0.706779 -0.707435 -0
    outer loop
      vertex 16.1502 132.719 7.4
      vertex 15.7188 133.15 2.4
      vertex 16.1502 132.719 2.4
    endloop
  endfacet
  facet normal -0.906351 -0.422527 0
    outer loop
      vertex 15.3689 133.65 2.4
      vertex 15.1111 134.203 7.4
      vertex 15.1111 134.203 2.4
    endloop
  endfacet
  facet normal -0.906351 -0.422527 0
    outer loop
      vertex 15.1111 134.203 7.4
      vertex 15.3689 133.65 2.4
      vertex 15.3689 133.65 7.4
    endloop
  endfacet
  facet normal -0.996194 -0.087167 0
    outer loop
      vertex 14.9532 134.792 2.4
      vertex 14.9 135.4 7.4
      vertex 14.9 135.4 2.4
    endloop
  endfacet
  facet normal -0.996194 -0.087167 0
    outer loop
      vertex 14.9 135.4 7.4
      vertex 14.9532 134.792 2.4
      vertex 14.9532 134.792 7.4
    endloop
  endfacet
  facet normal 0 0 -1
    outer loop
      vertex 21.8468 134.792 2.4
      vertex 21.8468 136.008 2.4
      vertex 21.9 135.4 2.4
    endloop
  endfacet
  facet normal 0 0 -1
    outer loop
      vertex 21.6889 134.203 2.4
      vertex 21.8468 136.008 2.4
      vertex 21.8468 134.792 2.4
    endloop
  endfacet
  facet normal 0 0 -1
    outer loop
      vertex 21.6889 134.203 2.4
      vertex 21.6889 136.597 2.4
      vertex 21.8468 136.008 2.4
    endloop
  endfacet
  facet normal 0 0 -1
    outer loop
      vertex 21.4311 133.65 2.4
      vertex 21.6889 136.597 2.4
      vertex 21.6889 134.203 2.4
    endloop
  endfacet
  facet normal 0 0 -1
    outer loop
      vertex 21.4311 133.65 2.4
      vertex 21.4311 137.15 2.4
      vertex 21.6889 136.597 2.4
    endloop
  endfacet
  facet normal 0 0 -1
    outer loop
      vertex 21.0812 133.15 2.4
      vertex 21.4311 137.15 2.4
      vertex 21.4311 133.65 2.4
    endloop
  endfacet
  facet normal 0 0 -1
    outer loop
      vertex 21.0812 133.15 2.4
      vertex 21.0812 137.65 2.4
      vertex 21.4311 137.15 2.4
    endloop
  endfacet
  facet normal 0 0 -1
    outer loop
      vertex 20.6498 132.719 2.4
      vertex 21.0812 137.65 2.4
      vertex 21.0812 133.15 2.4
    endloop
  endfacet
  facet normal 0 0 -1
    outer loop
      vertex 20.6498 132.719 2.4
      vertex 20.6498 138.081 2.4
      vertex 21.0812 137.65 2.4
    endloop
  endfacet
  facet normal 0 0 -1
    outer loop
      vertex 20.15 132.369 2.4
      vertex 20.6498 138.081 2.4
      vertex 20.6498 132.719 2.4
    endloop
  endfacet
  facet normal 0 0 -1
    outer loop
      vertex 20.15 132.369 2.4
      vertex 20.15 138.431 2.4
      vertex 20.6498 138.081 2.4
    endloop
  endfacet
  facet normal 0 0 -1
    outer loop
      vertex 19.5971 132.111 2.4
      vertex 20.15 138.431 2.4
      vertex 20.15 132.369 2.4
    endloop
  endfacet
  facet normal 0 0 -1
    outer loop
      vertex 19.5971 132.111 2.4
      vertex 19.5971 138.689 2.4
      vertex 20.15 138.431 2.4
    endloop
  endfacet
  facet normal 0 0 -1
    outer loop
      vertex 19.0078 131.953 2.4
      vertex 19.5971 138.689 2.4
      vertex 19.5971 132.111 2.4
    endloop
  endfacet
  facet normal 0 0 -1
    outer loop
      vertex 19.0078 131.953 2.4
      vertex 19.0078 138.847 2.4
      vertex 19.5971 138.689 2.4
    endloop
  endfacet
  facet normal 0 0 -1
    outer loop
      vertex 18.4 131.9 2.4
      vertex 19.0078 138.847 2.4
      vertex 19.0078 131.953 2.4
    endloop
  endfacet
  facet normal 0 0 -1
    outer loop
      vertex 18.4 131.9 2.4
      vertex 18.4 138.9 2.4
      vertex 19.0078 138.847 2.4
    endloop
  endfacet
  facet normal 0 0 -1
    outer loop
      vertex 17.7922 131.953 2.4
      vertex 18.4 138.9 2.4
      vertex 18.4 131.9 2.4
    endloop
  endfacet
  facet normal 0 0 -1
    outer loop
      vertex 17.7922 131.953 2.4
      vertex 17.7922 138.847 2.4
      vertex 18.4 138.9 2.4
    endloop
  endfacet
  facet normal 0 0 -1
    outer loop
      vertex 17.2029 132.111 2.4
      vertex 17.7922 138.847 2.4
      vertex 17.7922 131.953 2.4
    endloop
  endfacet
  facet normal 0 0 -1
    outer loop
      vertex 17.2029 132.111 2.4
      vertex 17.2029 138.689 2.4
      vertex 17.7922 138.847 2.4
    endloop
  endfacet
  facet normal 0 0 -1
    outer loop
      vertex 16.65 132.369 2.4
      vertex 17.2029 138.689 2.4
      vertex 17.2029 132.111 2.4
    endloop
  endfacet
  facet normal 0 0 -1
    outer loop
      vertex 16.65 132.369 2.4
      vertex 16.65 138.431 2.4
      vertex 17.2029 138.689 2.4
    endloop
  endfacet
  facet normal 0 0 -1
    outer loop
      vertex 16.1502 132.719 2.4
      vertex 16.65 138.431 2.4
      vertex 16.65 132.369 2.4
    endloop
  endfacet
  facet normal 0 0 -1
    outer loop
      vertex 16.1502 132.719 2.4
      vertex 16.1502 138.081 2.4
      vertex 16.65 138.431 2.4
    endloop
  endfacet
  facet normal 0 0 -1
    outer loop
      vertex 15.7188 133.15 2.4
      vertex 16.1502 138.081 2.4
      vertex 16.1502 132.719 2.4
    endloop
  endfacet
  facet normal 0 0 -1
    outer loop
      vertex 15.7188 133.15 2.4
      vertex 15.7188 137.65 2.4
      vertex 16.1502 138.081 2.4
    endloop
  endfacet
  facet normal 0 0 -1
    outer loop
      vertex 15.3689 133.65 2.4
      vertex 15.7188 137.65 2.4
      vertex 15.7188 133.15 2.4
    endloop
  endfacet
  facet normal 0 0 -1
    outer loop
      vertex 15.3689 133.65 2.4
      vertex 15.3689 137.15 2.4
      vertex 15.7188 137.65 2.4
    endloop
  endfacet
  facet normal 0 0 -1
    outer loop
      vertex 15.1111 134.203 2.4
      vertex 15.3689 137.15 2.4
      vertex 15.3689 133.65 2.4
    endloop
  endfacet
  facet normal 0 0 -1
    outer loop
      vertex 15.1111 134.203 2.4
      vertex 15.1111 136.597 2.4
      vertex 15.3689 137.15 2.4
    endloop
  endfacet
  facet normal 0 0 -1
    outer loop
      vertex 14.9532 134.792 2.4
      vertex 15.1111 136.597 2.4
      vertex 15.1111 134.203 2.4
    endloop
  endfacet
  facet normal 0 0 -1
    outer loop
      vertex 14.9532 134.792 2.4
      vertex 14.9532 136.008 2.4
      vertex 15.1111 136.597 2.4
    endloop
  endfacet
  facet normal 0 -0 -1
    outer loop
      vertex 14.9532 136.008 2.4
      vertex 14.9532 134.792 2.4
      vertex 14.9 135.4 2.4
    endloop
  endfacet
  facet normal 0.258968 0.965886 -0
    outer loop
      vertex 19.5971 138.689 2.4
      vertex 19.0078 138.847 7.4
      vertex 19.5971 138.689 7.4
    endloop
  endfacet
  facet normal 0.258968 0.965886 0
    outer loop
      vertex 19.0078 138.847 7.4
      vertex 19.5971 138.689 2.4
      vertex 19.0078 138.847 2.4
    endloop
  endfacet
  facet normal 0 0 1
    outer loop
      vertex 19.65 135.4 7.4
      vertex 21.9 135.4 7.4
      vertex 21.8468 136.008 7.4
    endloop
  endfacet
  facet normal 0 0 1
    outer loop
      vertex 19.631 135.617 7.4
      vertex 21.8468 136.008 7.4
      vertex 21.6889 136.597 7.4
    endloop
  endfacet
  facet normal 0 0 1
    outer loop
      vertex 21.9 135.4 7.4
      vertex 19.65 135.4 7.4
      vertex 21.8468 134.792 7.4
    endloop
  endfacet
  facet normal 0 0 1
    outer loop
      vertex 19.5746 135.828 7.4
      vertex 21.6889 136.597 7.4
      vertex 21.4311 137.15 7.4
    endloop
  endfacet
  facet normal -0 0 1
    outer loop
      vertex 19.631 135.183 7.4
      vertex 21.8468 134.792 7.4
      vertex 19.65 135.4 7.4
    endloop
  endfacet
  facet normal 0 0 1
    outer loop
      vertex 19.4825 136.025 7.4
      vertex 21.4311 137.15 7.4
      vertex 21.0812 137.65 7.4
    endloop
  endfacet
  facet normal 0 0 1
    outer loop
      vertex 21.8468 134.792 7.4
      vertex 19.631 135.183 7.4
      vertex 21.6889 134.203 7.4
    endloop
  endfacet
  facet normal 0 0 1
    outer loop
      vertex 19.3576 136.203 7.4
      vertex 21.0812 137.65 7.4
      vertex 20.6498 138.081 7.4
    endloop
  endfacet
  facet normal -0 0 1
    outer loop
      vertex 19.5746 134.972 7.4
      vertex 21.6889 134.203 7.4
      vertex 19.631 135.183 7.4
    endloop
  endfacet
  facet normal 0 0 1
    outer loop
      vertex 19.2035 136.358 7.4
      vertex 20.6498 138.081 7.4
      vertex 20.15 138.431 7.4
    endloop
  endfacet
  facet normal 0 0 1
    outer loop
      vertex 21.6889 134.203 7.4
      vertex 19.5746 134.972 7.4
      vertex 21.4311 133.65 7.4
    endloop
  endfacet
  facet normal -0 0 1
    outer loop
      vertex 19.4825 134.775 7.4
      vertex 21.4311 133.65 7.4
      vertex 19.5746 134.972 7.4
    endloop
  endfacet
  facet normal 0 0 1
    outer loop
      vertex 21.8468 136.008 7.4
      vertex 19.631 135.617 7.4
      vertex 19.65 135.4 7.4
    endloop
  endfacet
  facet normal 0 0 1
    outer loop
      vertex 19.025 136.483 7.4
      vertex 20.15 138.431 7.4
      vertex 19.5971 138.689 7.4
    endloop
  endfacet
  facet normal 0 0 1
    outer loop
      vertex 21.6889 136.597 7.4
      vertex 19.5746 135.828 7.4
      vertex 19.631 135.617 7.4
    endloop
  endfacet
  facet normal 0 0 1
    outer loop
      vertex 21.4311 137.15 7.4
      vertex 19.4825 136.025 7.4
      vertex 19.5746 135.828 7.4
    endloop
  endfacet
  facet normal 0 0 1
    outer loop
      vertex 21.0812 137.65 7.4
      vertex 19.3576 136.203 7.4
      vertex 19.4825 136.025 7.4
    endloop
  endfacet
  facet normal 0 0 1
    outer loop
      vertex 20.6498 138.081 7.4
      vertex 19.2035 136.358 7.4
      vertex 19.3576 136.203 7.4
    endloop
  endfacet
  facet normal 0 0 1
    outer loop
      vertex 20.15 138.431 7.4
      vertex 19.025 136.483 7.4
      vertex 19.2035 136.358 7.4
    endloop
  endfacet
  facet normal 0 0 1
    outer loop
      vertex 18.8275 136.575 7.4
      vertex 19.5971 138.689 7.4
      vertex 19.0078 138.847 7.4
    endloop
  endfacet
  facet normal 0 0 1
    outer loop
      vertex 19.5971 138.689 7.4
      vertex 18.8275 136.575 7.4
      vertex 19.025 136.483 7.4
    endloop
  endfacet
  facet normal 0 0 1
    outer loop
      vertex 19.0078 138.847 7.4
      vertex 18.6171 136.631 7.4
      vertex 18.8275 136.575 7.4
    endloop
  endfacet
  facet normal 0 0 1
    outer loop
      vertex 18.4 138.9 7.4
      vertex 18.6171 136.631 7.4
      vertex 19.0078 138.847 7.4
    endloop
  endfacet
  facet normal 0 0 1
    outer loop
      vertex 18.4 138.9 7.4
      vertex 18.4 136.65 7.4
      vertex 18.6171 136.631 7.4
    endloop
  endfacet
  facet normal 0 0 1
    outer loop
      vertex 18.4 138.9 7.4
      vertex 18.1829 136.631 7.4
      vertex 18.4 136.65 7.4
    endloop
  endfacet
  facet normal -0 0 1
    outer loop
      vertex 17.7922 138.847 7.4
      vertex 18.1829 136.631 7.4
      vertex 18.4 138.9 7.4
    endloop
  endfacet
  facet normal 0 0 1
    outer loop
      vertex 18.1829 136.631 7.4
      vertex 17.7922 138.847 7.4
      vertex 17.9725 136.575 7.4
    endloop
  endfacet
  facet normal -0 0 1
    outer loop
      vertex 17.2029 138.689 7.4
      vertex 17.9725 136.575 7.4
      vertex 17.7922 138.847 7.4
    endloop
  endfacet
  facet normal 0 0 1
    outer loop
      vertex 17.9725 136.575 7.4
      vertex 17.2029 138.689 7.4
      vertex 17.775 136.483 7.4
    endloop
  endfacet
  facet normal -0 0 1
    outer loop
      vertex 16.65 138.431 7.4
      vertex 17.775 136.483 7.4
      vertex 17.2029 138.689 7.4
    endloop
  endfacet
  facet normal 0 0 1
    outer loop
      vertex 17.775 136.483 7.4
      vertex 16.65 138.431 7.4
      vertex 17.5965 136.358 7.4
    endloop
  endfacet
  facet normal -0 0 1
    outer loop
      vertex 16.1502 138.081 7.4
      vertex 17.5965 136.358 7.4
      vertex 16.65 138.431 7.4
    endloop
  endfacet
  facet normal 0 0 1
    outer loop
      vertex 17.5965 136.358 7.4
      vertex 16.1502 138.081 7.4
      vertex 17.4424 136.203 7.4
    endloop
  endfacet
  facet normal -0 0 1
    outer loop
      vertex 15.7188 137.65 7.4
      vertex 17.4424 136.203 7.4
      vertex 16.1502 138.081 7.4
    endloop
  endfacet
  facet normal 0 0 1
    outer loop
      vertex 17.4424 136.203 7.4
      vertex 15.7188 137.65 7.4
      vertex 17.3175 136.025 7.4
    endloop
  endfacet
  facet normal -0 0 1
    outer loop
      vertex 15.3689 137.15 7.4
      vertex 17.3175 136.025 7.4
      vertex 15.7188 137.65 7.4
    endloop
  endfacet
  facet normal 0 0 1
    outer loop
      vertex 21.4311 133.65 7.4
      vertex 19.4825 134.775 7.4
      vertex 21.0812 133.15 7.4
    endloop
  endfacet
  facet normal -0 0 1
    outer loop
      vertex 19.3576 134.597 7.4
      vertex 21.0812 133.15 7.4
      vertex 19.4825 134.775 7.4
    endloop
  endfacet
  facet normal 0 0 1
    outer loop
      vertex 21.0812 133.15 7.4
      vertex 19.3576 134.597 7.4
      vertex 20.6498 132.719 7.4
    endloop
  endfacet
  facet normal -0 0 1
    outer loop
      vertex 19.2035 134.442 7.4
      vertex 20.6498 132.719 7.4
      vertex 19.3576 134.597 7.4
    endloop
  endfacet
  facet normal 0 0 1
    outer loop
      vertex 20.6498 132.719 7.4
      vertex 19.2035 134.442 7.4
      vertex 20.15 132.369 7.4
    endloop
  endfacet
  facet normal -0 0 1
    outer loop
      vertex 19.025 134.317 7.4
      vertex 20.15 132.369 7.4
      vertex 19.2035 134.442 7.4
    endloop
  endfacet
  facet normal 0 0 1
    outer loop
      vertex 20.15 132.369 7.4
      vertex 19.025 134.317 7.4
      vertex 19.5971 132.111 7.4
    endloop
  endfacet
  facet normal -0 0 1
    outer loop
      vertex 18.8275 134.225 7.4
      vertex 19.5971 132.111 7.4
      vertex 19.025 134.317 7.4
    endloop
  endfacet
  facet normal 0 0 1
    outer loop
      vertex 19.5971 132.111 7.4
      vertex 18.8275 134.225 7.4
      vertex 19.0078 131.953 7.4
    endloop
  endfacet
  facet normal -0 0 1
    outer loop
      vertex 18.6171 134.169 7.4
      vertex 19.0078 131.953 7.4
      vertex 18.8275 134.225 7.4
    endloop
  endfacet
  facet normal -0 0 1
    outer loop
      vertex 18.4 134.15 7.4
      vertex 19.0078 131.953 7.4
      vertex 18.6171 134.169 7.4
    endloop
  endfacet
  facet normal 0 0 1
    outer loop
      vertex 18.4 134.15 7.4
      vertex 18.4 131.9 7.4
      vertex 19.0078 131.953 7.4
    endloop
  endfacet
  facet normal 0 0 1
    outer loop
      vertex 18.1829 134.169 7.4
      vertex 18.4 131.9 7.4
      vertex 18.4 134.15 7.4
    endloop
  endfacet
  facet normal 0 0 1
    outer loop
      vertex 17.7922 131.953 7.4
      vertex 18.1829 134.169 7.4
      vertex 17.9725 134.225 7.4
    endloop
  endfacet
  facet normal 0 0 1
    outer loop
      vertex 18.1829 134.169 7.4
      vertex 17.7922 131.953 7.4
      vertex 18.4 131.9 7.4
    endloop
  endfacet
  facet normal 0 0 1
    outer loop
      vertex 17.2029 132.111 7.4
      vertex 17.9725 134.225 7.4
      vertex 17.775 134.317 7.4
    endloop
  endfacet
  facet normal 0 0 1
    outer loop
      vertex 16.65 132.369 7.4
      vertex 17.775 134.317 7.4
      vertex 17.5965 134.442 7.4
    endloop
  endfacet
  facet normal 0 0 1
    outer loop
      vertex 16.1502 132.719 7.4
      vertex 17.5965 134.442 7.4
      vertex 17.4424 134.597 7.4
    endloop
  endfacet
  facet normal 0 0 1
    outer loop
      vertex 15.7188 133.15 7.4
      vertex 17.4424 134.597 7.4
      vertex 17.3175 134.775 7.4
    endloop
  endfacet
  facet normal 0 0 1
    outer loop
      vertex 15.3689 133.65 7.4
      vertex 17.3175 134.775 7.4
      vertex 17.2254 134.972 7.4
    endloop
  endfacet
  facet normal 0 0 1
    outer loop
      vertex 17.9725 134.225 7.4
      vertex 17.2029 132.111 7.4
      vertex 17.7922 131.953 7.4
    endloop
  endfacet
  facet normal 0 0 1
    outer loop
      vertex 15.1111 134.203 7.4
      vertex 17.2254 134.972 7.4
      vertex 17.169 135.183 7.4
    endloop
  endfacet
  facet normal 0 0 1
    outer loop
      vertex 14.9532 134.792 7.4
      vertex 17.169 135.183 7.4
      vertex 17.15 135.4 7.4
    endloop
  endfacet
  facet normal 0 0 1
    outer loop
      vertex 17.3175 136.025 7.4
      vertex 15.3689 137.15 7.4
      vertex 17.2254 135.828 7.4
    endloop
  endfacet
  facet normal 0 0 1
    outer loop
      vertex 17.775 134.317 7.4
      vertex 16.65 132.369 7.4
      vertex 17.2029 132.111 7.4
    endloop
  endfacet
  facet normal -0 0 1
    outer loop
      vertex 15.1111 136.597 7.4
      vertex 17.2254 135.828 7.4
      vertex 15.3689 137.15 7.4
    endloop
  endfacet
  facet normal 0 0 1
    outer loop
      vertex 17.5965 134.442 7.4
      vertex 16.1502 132.719 7.4
      vertex 16.65 132.369 7.4
    endloop
  endfacet
  facet normal 0 0 1
    outer loop
      vertex 17.2254 135.828 7.4
      vertex 15.1111 136.597 7.4
      vertex 17.169 135.617 7.4
    endloop
  endfacet
  facet normal 0 0 1
    outer loop
      vertex 17.4424 134.597 7.4
      vertex 15.7188 133.15 7.4
      vertex 16.1502 132.719 7.4
    endloop
  endfacet
  facet normal -0 0 1
    outer loop
      vertex 14.9532 136.008 7.4
      vertex 17.169 135.617 7.4
      vertex 15.1111 136.597 7.4
    endloop
  endfacet
  facet normal 0 0 1
    outer loop
      vertex 17.3175 134.775 7.4
      vertex 15.3689 133.65 7.4
      vertex 15.7188 133.15 7.4
    endloop
  endfacet
  facet normal 0 0 1
    outer loop
      vertex 17.169 135.617 7.4
      vertex 14.9532 136.008 7.4
      vertex 17.15 135.4 7.4
    endloop
  endfacet
  facet normal 0 0 1
    outer loop
      vertex 17.2254 134.972 7.4
      vertex 15.1111 134.203 7.4
      vertex 15.3689 133.65 7.4
    endloop
  endfacet
  facet normal 0 0 1
    outer loop
      vertex 14.9 135.4 7.4
      vertex 17.15 135.4 7.4
      vertex 14.9532 136.008 7.4
    endloop
  endfacet
  facet normal 0 0 1
    outer loop
      vertex 17.169 135.183 7.4
      vertex 14.9532 134.792 7.4
      vertex 15.1111 134.203 7.4
    endloop
  endfacet
  facet normal 0 0 1
    outer loop
      vertex 17.15 135.4 7.4
      vertex 14.9 135.4 7.4
      vertex 14.9532 134.792 7.4
    endloop
  endfacet
  facet normal -0.906351 0.422527 0
    outer loop
      vertex 15.1111 136.597 2.4
      vertex 15.3689 137.15 7.4
      vertex 15.3689 137.15 2.4
    endloop
  endfacet
  facet normal -0.906351 0.422527 0
    outer loop
      vertex 15.3689 137.15 7.4
      vertex 15.1111 136.597 2.4
      vertex 15.1111 136.597 7.4
    endloop
  endfacet
  facet normal -0.965894 0.258938 0
    outer loop
      vertex 14.9532 136.008 2.4
      vertex 15.1111 136.597 7.4
      vertex 15.1111 136.597 2.4
    endloop
  endfacet
  facet normal -0.965894 0.258938 0
    outer loop
      vertex 15.1111 136.597 7.4
      vertex 14.9532 136.008 2.4
      vertex 14.9532 136.008 7.4
    endloop
  endfacet
  facet normal 0.819309 -0.573352 0
    outer loop
      vertex 21.0812 133.15 7.4
      vertex 21.4311 133.65 2.4
      vertex 21.4311 133.65 7.4
    endloop
  endfacet
  facet normal 0.819309 -0.573352 0
    outer loop
      vertex 21.4311 133.65 2.4
      vertex 21.0812 133.15 7.4
      vertex 21.0812 133.15 2.4
    endloop
  endfacet
  facet normal 0.258968 -0.965886 0
    outer loop
      vertex 19.0078 131.953 2.4
      vertex 19.5971 132.111 7.4
      vertex 19.0078 131.953 7.4
    endloop
  endfacet
  facet normal 0.258968 -0.965886 0
    outer loop
      vertex 19.5971 132.111 7.4
      vertex 19.0078 131.953 2.4
      vertex 19.5971 132.111 2.4
    endloop
  endfacet
  facet normal 0.706779 -0.707435 0
    outer loop
      vertex 20.6498 132.719 2.4
      vertex 21.0812 133.15 7.4
      vertex 20.6498 132.719 7.4
    endloop
  endfacet
  facet normal 0.706779 -0.707435 0
    outer loop
      vertex 21.0812 133.15 7.4
      vertex 20.6498 132.719 2.4
      vertex 21.0812 133.15 2.4
    endloop
  endfacet
  facet normal -0.422859 -0.906196 0
    outer loop
      vertex 16.65 132.369 2.4
      vertex 17.2029 132.111 7.4
      vertex 16.65 132.369 7.4
    endloop
  endfacet
  facet normal -0.422859 -0.906196 -0
    outer loop
      vertex 17.2029 132.111 7.4
      vertex 16.65 132.369 2.4
      vertex 17.2029 132.111 2.4
    endloop
  endfacet
  facet normal -0.573616 -0.819124 0
    outer loop
      vertex 16.1502 132.719 2.4
      vertex 16.65 132.369 7.4
      vertex 16.1502 132.719 7.4
    endloop
  endfacet
  facet normal -0.573616 -0.819124 -0
    outer loop
      vertex 16.65 132.369 7.4
      vertex 16.1502 132.719 2.4
      vertex 16.65 132.369 2.4
    endloop
  endfacet
  facet normal -0.965894 -0.258938 0
    outer loop
      vertex 15.1111 134.203 2.4
      vertex 14.9532 134.792 7.4
      vertex 14.9532 134.792 2.4
    endloop
  endfacet
  facet normal -0.965894 -0.258938 0
    outer loop
      vertex 14.9532 134.792 7.4
      vertex 15.1111 134.203 2.4
      vertex 15.1111 134.203 7.4
    endloop
  endfacet
  facet normal -0.819309 -0.573352 0
    outer loop
      vertex 15.7188 133.15 2.4
      vertex 15.3689 133.65 7.4
      vertex 15.3689 133.65 2.4
    endloop
  endfacet
  facet normal -0.819309 -0.573352 0
    outer loop
      vertex 15.3689 133.65 7.4
      vertex 15.7188 133.15 2.4
      vertex 15.7188 133.15 7.4
    endloop
  endfacet
  facet normal 0.906351 -0.422527 0
    outer loop
      vertex 21.4311 133.65 7.4
      vertex 21.6889 134.203 2.4
      vertex 21.6889 134.203 7.4
    endloop
  endfacet
  facet normal 0.906351 -0.422527 0
    outer loop
      vertex 21.6889 134.203 2.4
      vertex 21.4311 133.65 7.4
      vertex 21.4311 133.65 2.4
    endloop
  endfacet
  facet normal 0.422859 -0.906196 0
    outer loop
      vertex 19.5971 132.111 2.4
      vertex 20.15 132.369 7.4
      vertex 19.5971 132.111 7.4
    endloop
  endfacet
  facet normal 0.422859 -0.906196 0
    outer loop
      vertex 20.15 132.369 7.4
      vertex 19.5971 132.111 2.4
      vertex 20.15 132.369 2.4
    endloop
  endfacet
  facet normal -0.258968 -0.965886 0
    outer loop
      vertex 17.2029 132.111 2.4
      vertex 17.7922 131.953 7.4
      vertex 17.2029 132.111 7.4
    endloop
  endfacet
  facet normal -0.258968 -0.965886 -0
    outer loop
      vertex 17.7922 131.953 7.4
      vertex 17.2029 132.111 2.4
      vertex 17.7922 131.953 2.4
    endloop
  endfacet
  facet normal -0.573616 -0.819124 0
    outer loop
      vertex 19.025 136.483 3.4
      vertex 19.2035 136.358 7.4
      vertex 19.025 136.483 7.4
    endloop
  endfacet
  facet normal -0.573616 -0.819124 -0
    outer loop
      vertex 19.2035 136.358 7.4
      vertex 19.025 136.483 3.4
      vertex 19.2035 136.358 3.4
    endloop
  endfacet
  facet normal -0.996189 0.0872239 0
    outer loop
      vertex 19.631 135.183 3.4
      vertex 19.65 135.4 7.4
      vertex 19.65 135.4 3.4
    endloop
  endfacet
  facet normal -0.996189 0.0872239 0
    outer loop
      vertex 19.65 135.4 7.4
      vertex 19.631 135.183 3.4
      vertex 19.631 135.183 7.4
    endloop
  endfacet
  facet normal 0.257205 -0.966357 0
    outer loop
      vertex 17.9725 136.575 3.4
      vertex 18.1829 136.631 7.4
      vertex 17.9725 136.575 7.4
    endloop
  endfacet
  facet normal 0.257205 -0.966357 0
    outer loop
      vertex 18.1829 136.631 7.4
      vertex 17.9725 136.575 3.4
      vertex 18.1829 136.631 3.4
    endloop
  endfacet
  facet normal 0.818583 -0.574388 0
    outer loop
      vertex 17.3175 136.025 7.4
      vertex 17.4424 136.203 3.4
      vertex 17.4424 136.203 7.4
    endloop
  endfacet
  facet normal 0.818583 -0.574388 0
    outer loop
      vertex 17.4424 136.203 3.4
      vertex 17.3175 136.025 7.4
      vertex 17.3175 136.025 3.4
    endloop
  endfacet
  facet normal -0.905889 -0.423515 0
    outer loop
      vertex 19.5746 135.828 3.4
      vertex 19.4825 136.025 7.4
      vertex 19.4825 136.025 3.4
    endloop
  endfacet
  facet normal -0.905889 -0.423515 0
    outer loop
      vertex 19.4825 136.025 7.4
      vertex 19.5746 135.828 3.4
      vertex 19.5746 135.828 7.4
    endloop
  endfacet
  facet normal -0.818583 -0.574388 0
    outer loop
      vertex 19.4825 136.025 3.4
      vertex 19.3576 136.203 7.4
      vertex 19.3576 136.203 3.4
    endloop
  endfacet
  facet normal -0.818583 -0.574388 0
    outer loop
      vertex 19.3576 136.203 7.4
      vertex 19.4825 136.025 3.4
      vertex 19.4825 136.025 7.4
    endloop
  endfacet
  facet normal -0.709163 -0.705045 0
    outer loop
      vertex 19.2035 136.358 3.4
      vertex 19.3576 136.203 7.4
      vertex 19.2035 136.358 7.4
    endloop
  endfacet
  facet normal -0.709163 -0.705045 -0
    outer loop
      vertex 19.3576 136.203 7.4
      vertex 19.2035 136.358 3.4
      vertex 19.3576 136.203 3.4
    endloop
  endfacet
  facet normal -0.422257 -0.906476 0
    outer loop
      vertex 18.8275 136.575 3.4
      vertex 19.025 136.483 7.4
      vertex 18.8275 136.575 7.4
    endloop
  endfacet
  facet normal -0.422257 -0.906476 -0
    outer loop
      vertex 19.025 136.483 7.4
      vertex 18.8275 136.575 3.4
      vertex 19.025 136.483 3.4
    endloop
  endfacet
  facet normal -0.087184 -0.996192 0
    outer loop
      vertex 18.4 136.65 3.4
      vertex 18.6171 136.631 7.4
      vertex 18.4 136.65 7.4
    endloop
  endfacet
  facet normal -0.087184 -0.996192 -0
    outer loop
      vertex 18.6171 136.631 7.4
      vertex 18.4 136.65 3.4
      vertex 18.6171 136.631 3.4
    endloop
  endfacet
  facet normal 0.996189 -0.0872239 0
    outer loop
      vertex 17.15 135.4 7.4
      vertex 17.169 135.617 3.4
      vertex 17.169 135.617 7.4
    endloop
  endfacet
  facet normal 0.996189 -0.0872239 0
    outer loop
      vertex 17.169 135.617 3.4
      vertex 17.15 135.4 7.4
      vertex 17.15 135.4 3.4
    endloop
  endfacet
  facet normal 0.709163 -0.705045 0
    outer loop
      vertex 17.4424 136.203 3.4
      vertex 17.5965 136.358 7.4
      vertex 17.4424 136.203 7.4
    endloop
  endfacet
  facet normal 0.709163 -0.705045 0
    outer loop
      vertex 17.5965 136.358 7.4
      vertex 17.4424 136.203 3.4
      vertex 17.5965 136.358 3.4
    endloop
  endfacet
  facet normal 0.422257 -0.906476 0
    outer loop
      vertex 17.775 136.483 3.4
      vertex 17.9725 136.575 7.4
      vertex 17.775 136.483 7.4
    endloop
  endfacet
  facet normal 0.422257 -0.906476 0
    outer loop
      vertex 17.9725 136.575 7.4
      vertex 17.775 136.483 3.4
      vertex 17.9725 136.575 3.4
    endloop
  endfacet
  facet normal 0.087184 -0.996192 0
    outer loop
      vertex 18.1829 136.631 3.4
      vertex 18.4 136.65 7.4
      vertex 18.1829 136.631 7.4
    endloop
  endfacet
  facet normal 0.087184 -0.996192 0
    outer loop
      vertex 18.4 136.65 7.4
      vertex 18.1829 136.631 3.4
      vertex 18.4 136.65 3.4
    endloop
  endfacet
  facet normal 0.573616 -0.819124 0
    outer loop
      vertex 17.5965 136.358 3.4
      vertex 17.775 136.483 7.4
      vertex 17.5965 136.358 7.4
    endloop
  endfacet
  facet normal 0.573616 -0.819124 0
    outer loop
      vertex 17.775 136.483 7.4
      vertex 17.5965 136.358 3.4
      vertex 17.775 136.483 3.4
    endloop
  endfacet
  facet normal -0.996189 -0.0872239 0
    outer loop
      vertex 19.65 135.4 3.4
      vertex 19.631 135.617 7.4
      vertex 19.631 135.617 3.4
    endloop
  endfacet
  facet normal -0.996189 -0.0872239 0
    outer loop
      vertex 19.631 135.617 7.4
      vertex 19.65 135.4 3.4
      vertex 19.65 135.4 7.4
    endloop
  endfacet
  facet normal -0.087184 0.996192 0
    outer loop
      vertex 18.6171 134.169 3.4
      vertex 18.4 134.15 7.4
      vertex 18.6171 134.169 7.4
    endloop
  endfacet
  facet normal -0.087184 0.996192 0
    outer loop
      vertex 18.4 134.15 7.4
      vertex 18.6171 134.169 3.4
      vertex 18.4 134.15 3.4
    endloop
  endfacet
  facet normal -0.966083 0.258233 0
    outer loop
      vertex 19.5746 134.972 3.4
      vertex 19.631 135.183 7.4
      vertex 19.631 135.183 3.4
    endloop
  endfacet
  facet normal -0.966083 0.258233 0
    outer loop
      vertex 19.631 135.183 7.4
      vertex 19.5746 134.972 3.4
      vertex 19.5746 134.972 7.4
    endloop
  endfacet
  facet normal -0.422257 0.906476 0
    outer loop
      vertex 19.025 134.317 3.4
      vertex 18.8275 134.225 7.4
      vertex 19.025 134.317 7.4
    endloop
  endfacet
  facet normal -0.422257 0.906476 0
    outer loop
      vertex 18.8275 134.225 7.4
      vertex 19.025 134.317 3.4
      vertex 18.8275 134.225 3.4
    endloop
  endfacet
  facet normal -0.573616 0.819124 0
    outer loop
      vertex 19.2035 134.442 3.4
      vertex 19.025 134.317 7.4
      vertex 19.2035 134.442 7.4
    endloop
  endfacet
  facet normal -0.573616 0.819124 0
    outer loop
      vertex 19.025 134.317 7.4
      vertex 19.2035 134.442 3.4
      vertex 19.025 134.317 3.4
    endloop
  endfacet
  facet normal 0.087184 0.996192 -0
    outer loop
      vertex 18.4 134.15 3.4
      vertex 18.1829 134.169 7.4
      vertex 18.4 134.15 7.4
    endloop
  endfacet
  facet normal 0.087184 0.996192 0
    outer loop
      vertex 18.1829 134.169 7.4
      vertex 18.4 134.15 3.4
      vertex 18.1829 134.169 3.4
    endloop
  endfacet
  facet normal 0.709163 0.705045 -0
    outer loop
      vertex 17.5965 134.442 3.4
      vertex 17.4424 134.597 7.4
      vertex 17.5965 134.442 7.4
    endloop
  endfacet
  facet normal 0.709163 0.705045 0
    outer loop
      vertex 17.4424 134.597 7.4
      vertex 17.5965 134.442 3.4
      vertex 17.4424 134.597 3.4
    endloop
  endfacet
  facet normal 0.905889 0.423515 0
    outer loop
      vertex 17.3175 134.775 7.4
      vertex 17.2254 134.972 3.4
      vertex 17.2254 134.972 7.4
    endloop
  endfacet
  facet normal 0.905889 0.423515 0
    outer loop
      vertex 17.2254 134.972 3.4
      vertex 17.3175 134.775 7.4
      vertex 17.3175 134.775 3.4
    endloop
  endfacet
  facet normal 0.996189 0.0872239 0
    outer loop
      vertex 17.169 135.183 7.4
      vertex 17.15 135.4 3.4
      vertex 17.15 135.4 7.4
    endloop
  endfacet
  facet normal 0.996189 0.0872239 0
    outer loop
      vertex 17.15 135.4 3.4
      vertex 17.169 135.183 7.4
      vertex 17.169 135.183 3.4
    endloop
  endfacet
  facet normal 0 0 1
    outer loop
      vertex 19.631 135.617 3.4
      vertex 19.631 135.183 3.4
      vertex 19.65 135.4 3.4
    endloop
  endfacet
  facet normal 0 0 1
    outer loop
      vertex 19.5746 135.828 3.4
      vertex 19.631 135.183 3.4
      vertex 19.631 135.617 3.4
    endloop
  endfacet
  facet normal 0 0 1
    outer loop
      vertex 19.5746 135.828 3.4
      vertex 19.5746 134.972 3.4
      vertex 19.631 135.183 3.4
    endloop
  endfacet
  facet normal 0 0 1
    outer loop
      vertex 19.4825 136.025 3.4
      vertex 19.5746 134.972 3.4
      vertex 19.5746 135.828 3.4
    endloop
  endfacet
  facet normal 0 0 1
    outer loop
      vertex 19.4825 136.025 3.4
      vertex 19.4825 134.775 3.4
      vertex 19.5746 134.972 3.4
    endloop
  endfacet
  facet normal 0 0 1
    outer loop
      vertex 19.3576 136.203 3.4
      vertex 19.4825 134.775 3.4
      vertex 19.4825 136.025 3.4
    endloop
  endfacet
  facet normal 0 0 1
    outer loop
      vertex 19.3576 136.203 3.4
      vertex 19.3576 134.597 3.4
      vertex 19.4825 134.775 3.4
    endloop
  endfacet
  facet normal 0 0 1
    outer loop
      vertex 19.2035 136.358 3.4
      vertex 19.3576 134.597 3.4
      vertex 19.3576 136.203 3.4
    endloop
  endfacet
  facet normal 0 0 1
    outer loop
      vertex 19.2035 136.358 3.4
      vertex 19.2035 134.442 3.4
      vertex 19.3576 134.597 3.4
    endloop
  endfacet
  facet normal 0 0 1
    outer loop
      vertex 19.025 136.483 3.4
      vertex 19.2035 134.442 3.4
      vertex 19.2035 136.358 3.4
    endloop
  endfacet
  facet normal 0 0 1
    outer loop
      vertex 19.025 136.483 3.4
      vertex 19.025 134.317 3.4
      vertex 19.2035 134.442 3.4
    endloop
  endfacet
  facet normal 0 0 1
    outer loop
      vertex 18.8275 136.575 3.4
      vertex 19.025 134.317 3.4
      vertex 19.025 136.483 3.4
    endloop
  endfacet
  facet normal 0 0 1
    outer loop
      vertex 18.8275 136.575 3.4
      vertex 18.8275 134.225 3.4
      vertex 19.025 134.317 3.4
    endloop
  endfacet
  facet normal 0 0 1
    outer loop
      vertex 18.6171 136.631 3.4
      vertex 18.8275 134.225 3.4
      vertex 18.8275 136.575 3.4
    endloop
  endfacet
  facet normal 0 0 1
    outer loop
      vertex 18.6171 136.631 3.4
      vertex 18.6171 134.169 3.4
      vertex 18.8275 134.225 3.4
    endloop
  endfacet
  facet normal 0 0 1
    outer loop
      vertex 18.4 136.65 3.4
      vertex 18.6171 134.169 3.4
      vertex 18.6171 136.631 3.4
    endloop
  endfacet
  facet normal 0 0 1
    outer loop
      vertex 18.4 136.65 3.4
      vertex 18.4 134.15 3.4
      vertex 18.6171 134.169 3.4
    endloop
  endfacet
  facet normal -0 0 1
    outer loop
      vertex 18.1829 136.631 3.4
      vertex 18.4 134.15 3.4
      vertex 18.4 136.65 3.4
    endloop
  endfacet
  facet normal 0 0 1
    outer loop
      vertex 18.1829 136.631 3.4
      vertex 18.1829 134.169 3.4
      vertex 18.4 134.15 3.4
    endloop
  endfacet
  facet normal -0 0 1
    outer loop
      vertex 17.9725 136.575 3.4
      vertex 18.1829 134.169 3.4
      vertex 18.1829 136.631 3.4
    endloop
  endfacet
  facet normal 0 0 1
    outer loop
      vertex 17.9725 136.575 3.4
      vertex 17.9725 134.225 3.4
      vertex 18.1829 134.169 3.4
    endloop
  endfacet
  facet normal -0 0 1
    outer loop
      vertex 17.775 136.483 3.4
      vertex 17.9725 134.225 3.4
      vertex 17.9725 136.575 3.4
    endloop
  endfacet
  facet normal 0 0 1
    outer loop
      vertex 17.775 136.483 3.4
      vertex 17.775 134.317 3.4
      vertex 17.9725 134.225 3.4
    endloop
  endfacet
  facet normal -0 0 1
    outer loop
      vertex 17.5965 136.358 3.4
      vertex 17.775 134.317 3.4
      vertex 17.775 136.483 3.4
    endloop
  endfacet
  facet normal 0 0 1
    outer loop
      vertex 17.5965 136.358 3.4
      vertex 17.5965 134.442 3.4
      vertex 17.775 134.317 3.4
    endloop
  endfacet
  facet normal -0 0 1
    outer loop
      vertex 17.4424 136.203 3.4
      vertex 17.5965 134.442 3.4
      vertex 17.5965 136.358 3.4
    endloop
  endfacet
  facet normal 0 0 1
    outer loop
      vertex 17.4424 136.203 3.4
      vertex 17.4424 134.597 3.4
      vertex 17.5965 134.442 3.4
    endloop
  endfacet
  facet normal -0 0 1
    outer loop
      vertex 17.3175 136.025 3.4
      vertex 17.4424 134.597 3.4
      vertex 17.4424 136.203 3.4
    endloop
  endfacet
  facet normal 0 0 1
    outer loop
      vertex 17.3175 136.025 3.4
      vertex 17.3175 134.775 3.4
      vertex 17.4424 134.597 3.4
    endloop
  endfacet
  facet normal -0 0 1
    outer loop
      vertex 17.2254 135.828 3.4
      vertex 17.3175 134.775 3.4
      vertex 17.3175 136.025 3.4
    endloop
  endfacet
  facet normal 0 0 1
    outer loop
      vertex 17.2254 135.828 3.4
      vertex 17.2254 134.972 3.4
      vertex 17.3175 134.775 3.4
    endloop
  endfacet
  facet normal -0 0 1
    outer loop
      vertex 17.169 135.617 3.4
      vertex 17.2254 134.972 3.4
      vertex 17.2254 135.828 3.4
    endloop
  endfacet
  facet normal 0 0 1
    outer loop
      vertex 17.169 135.617 3.4
      vertex 17.169 135.183 3.4
      vertex 17.2254 134.972 3.4
    endloop
  endfacet
  facet normal 0 -0 1
    outer loop
      vertex 17.169 135.183 3.4
      vertex 17.169 135.617 3.4
      vertex 17.15 135.4 3.4
    endloop
  endfacet
  facet normal 0.818583 0.574388 0
    outer loop
      vertex 17.4424 134.597 7.4
      vertex 17.3175 134.775 3.4
      vertex 17.3175 134.775 7.4
    endloop
  endfacet
  facet normal 0.818583 0.574388 0
    outer loop
      vertex 17.3175 134.775 3.4
      vertex 17.4424 134.597 7.4
      vertex 17.4424 134.597 3.4
    endloop
  endfacet
  facet normal -0.966083 -0.258233 0
    outer loop
      vertex 19.631 135.617 3.4
      vertex 19.5746 135.828 7.4
      vertex 19.5746 135.828 3.4
    endloop
  endfacet
  facet normal -0.966083 -0.258233 0
    outer loop
      vertex 19.5746 135.828 7.4
      vertex 19.631 135.617 3.4
      vertex 19.631 135.617 7.4
    endloop
  endfacet
  facet normal -0.257205 -0.966357 0
    outer loop
      vertex 18.6171 136.631 3.4
      vertex 18.8275 136.575 7.4
      vertex 18.6171 136.631 7.4
    endloop
  endfacet
  facet normal -0.257205 -0.966357 -0
    outer loop
      vertex 18.8275 136.575 7.4
      vertex 18.6171 136.631 3.4
      vertex 18.8275 136.575 3.4
    endloop
  endfacet
  facet normal 0.905889 -0.423515 0
    outer loop
      vertex 17.2254 135.828 7.4
      vertex 17.3175 136.025 3.4
      vertex 17.3175 136.025 7.4
    endloop
  endfacet
  facet normal 0.905889 -0.423515 0
    outer loop
      vertex 17.3175 136.025 3.4
      vertex 17.2254 135.828 7.4
      vertex 17.2254 135.828 3.4
    endloop
  endfacet
  facet normal 0.966083 -0.258233 0
    outer loop
      vertex 17.169 135.617 7.4
      vertex 17.2254 135.828 3.4
      vertex 17.2254 135.828 7.4
    endloop
  endfacet
  facet normal 0.966083 -0.258233 0
    outer loop
      vertex 17.2254 135.828 3.4
      vertex 17.169 135.617 7.4
      vertex 17.169 135.617 3.4
    endloop
  endfacet
  facet normal -0.818583 0.574388 0
    outer loop
      vertex 19.3576 134.597 3.4
      vertex 19.4825 134.775 7.4
      vertex 19.4825 134.775 3.4
    endloop
  endfacet
  facet normal -0.818583 0.574388 0
    outer loop
      vertex 19.4825 134.775 7.4
      vertex 19.3576 134.597 3.4
      vertex 19.3576 134.597 7.4
    endloop
  endfacet
  facet normal -0.905889 0.423515 0
    outer loop
      vertex 19.4825 134.775 3.4
      vertex 19.5746 134.972 7.4
      vertex 19.5746 134.972 3.4
    endloop
  endfacet
  facet normal -0.905889 0.423515 0
    outer loop
      vertex 19.5746 134.972 7.4
      vertex 19.4825 134.775 3.4
      vertex 19.4825 134.775 7.4
    endloop
  endfacet
  facet normal -0.257205 0.966357 0
    outer loop
      vertex 18.8275 134.225 3.4
      vertex 18.6171 134.169 7.4
      vertex 18.8275 134.225 7.4
    endloop
  endfacet
  facet normal -0.257205 0.966357 0
    outer loop
      vertex 18.6171 134.169 7.4
      vertex 18.8275 134.225 3.4
      vertex 18.6171 134.169 3.4
    endloop
  endfacet
  facet normal -0.709163 0.705045 0
    outer loop
      vertex 19.3576 134.597 3.4
      vertex 19.2035 134.442 7.4
      vertex 19.3576 134.597 7.4
    endloop
  endfacet
  facet normal -0.709163 0.705045 0
    outer loop
      vertex 19.2035 134.442 7.4
      vertex 19.3576 134.597 3.4
      vertex 19.2035 134.442 3.4
    endloop
  endfacet
  facet normal 0.422257 0.906476 -0
    outer loop
      vertex 17.9725 134.225 3.4
      vertex 17.775 134.317 7.4
      vertex 17.9725 134.225 7.4
    endloop
  endfacet
  facet normal 0.422257 0.906476 0
    outer loop
      vertex 17.775 134.317 7.4
      vertex 17.9725 134.225 3.4
      vertex 17.775 134.317 3.4
    endloop
  endfacet
  facet normal 0.573616 0.819124 -0
    outer loop
      vertex 17.775 134.317 3.4
      vertex 17.5965 134.442 7.4
      vertex 17.775 134.317 7.4
    endloop
  endfacet
  facet normal 0.573616 0.819124 0
    outer loop
      vertex 17.5965 134.442 7.4
      vertex 17.775 134.317 3.4
      vertex 17.5965 134.442 3.4
    endloop
  endfacet
  facet normal 0.966083 0.258233 0
    outer loop
      vertex 17.2254 134.972 7.4
      vertex 17.169 135.183 3.4
      vertex 17.169 135.183 7.4
    endloop
  endfacet
  facet normal 0.966083 0.258233 0
    outer loop
      vertex 17.169 135.183 3.4
      vertex 17.2254 134.972 7.4
      vertex 17.2254 134.972 3.4
    endloop
  endfacet
  facet normal 0.257205 0.966357 -0
    outer loop
      vertex 18.1829 134.169 3.4
      vertex 17.9725 134.225 7.4
      vertex 18.1829 134.169 7.4
    endloop
  endfacet
  facet normal 0.257205 0.966357 0
    outer loop
      vertex 17.9725 134.225 7.4
      vertex 18.1829 134.169 3.4
      vertex 17.9725 134.225 3.4
    endloop
  endfacet
  facet normal 0.573616 0.819124 -0
    outer loop
      vertex 64.6498 138.081 2.4
      vertex 64.15 138.431 7.4
      vertex 64.6498 138.081 7.4
    endloop
  endfacet
  facet normal 0.573616 0.819124 0
    outer loop
      vertex 64.15 138.431 7.4
      vertex 64.6498 138.081 2.4
      vertex 64.15 138.431 2.4
    endloop
  endfacet
  facet normal 0.996194 -0.087167 0
    outer loop
      vertex 65.8468 134.792 7.4
      vertex 65.9 135.4 2.4
      vertex 65.9 135.4 7.4
    endloop
  endfacet
  facet normal 0.996194 -0.087167 0
    outer loop
      vertex 65.9 135.4 2.4
      vertex 65.8468 134.792 7.4
      vertex 65.8468 134.792 2.4
    endloop
  endfacet
  facet normal -0.258968 0.965886 0
    outer loop
      vertex 61.7922 138.847 2.4
      vertex 61.2029 138.689 7.4
      vertex 61.7922 138.847 7.4
    endloop
  endfacet
  facet normal -0.258968 0.965886 0
    outer loop
      vertex 61.2029 138.689 7.4
      vertex 61.7922 138.847 2.4
      vertex 61.2029 138.689 2.4
    endloop
  endfacet
  facet normal -0.819309 0.573352 0
    outer loop
      vertex 59.3689 137.15 2.4
      vertex 59.7188 137.65 7.4
      vertex 59.7188 137.65 2.4
    endloop
  endfacet
  facet normal -0.819309 0.573352 0
    outer loop
      vertex 59.7188 137.65 7.4
      vertex 59.3689 137.15 2.4
      vertex 59.3689 137.15 7.4
    endloop
  endfacet
  facet normal 0.965894 0.258938 0
    outer loop
      vertex 65.8468 136.008 7.4
      vertex 65.6889 136.597 2.4
      vertex 65.6889 136.597 7.4
    endloop
  endfacet
  facet normal 0.965894 0.258938 0
    outer loop
      vertex 65.6889 136.597 2.4
      vertex 65.8468 136.008 7.4
      vertex 65.8468 136.008 2.4
    endloop
  endfacet
  facet normal 0.906351 0.422527 0
    outer loop
      vertex 65.6889 136.597 7.4
      vertex 65.4311 137.15 2.4
      vertex 65.4311 137.15 7.4
    endloop
  endfacet
  facet normal 0.906351 0.422527 0
    outer loop
      vertex 65.4311 137.15 2.4
      vertex 65.6889 136.597 7.4
      vertex 65.6889 136.597 2.4
    endloop
  endfacet
  facet normal 0.819309 0.573352 0
    outer loop
      vertex 65.4311 137.15 7.4
      vertex 65.0812 137.65 2.4
      vertex 65.0812 137.65 7.4
    endloop
  endfacet
  facet normal 0.819309 0.573352 0
    outer loop
      vertex 65.0812 137.65 2.4
      vertex 65.4311 137.15 7.4
      vertex 65.4311 137.15 2.4
    endloop
  endfacet
  facet normal 0.706779 0.707435 0
    outer loop
      vertex 65.0812 137.65 7.4
      vertex 64.6498 138.081 2.4
      vertex 64.6498 138.081 7.4
    endloop
  endfacet
  facet normal 0.706779 0.707435 0
    outer loop
      vertex 64.6498 138.081 2.4
      vertex 65.0812 137.65 7.4
      vertex 65.0812 137.65 2.4
    endloop
  endfacet
  facet normal 0.422859 0.906196 -0
    outer loop
      vertex 64.15 138.431 2.4
      vertex 63.5971 138.689 7.4
      vertex 64.15 138.431 7.4
    endloop
  endfacet
  facet normal 0.422859 0.906196 0
    outer loop
      vertex 63.5971 138.689 7.4
      vertex 64.15 138.431 2.4
      vertex 63.5971 138.689 2.4
    endloop
  endfacet
  facet normal 0.0868701 0.99622 -0
    outer loop
      vertex 63.0078 138.847 2.4
      vertex 62.4 138.9 7.4
      vertex 63.0078 138.847 7.4
    endloop
  endfacet
  facet normal 0.0868701 0.99622 0
    outer loop
      vertex 62.4 138.9 7.4
      vertex 63.0078 138.847 2.4
      vertex 62.4 138.9 2.4
    endloop
  endfacet
  facet normal -0.996194 0.087167 0
    outer loop
      vertex 58.9 135.4 2.4
      vertex 58.9532 136.008 7.4
      vertex 58.9532 136.008 2.4
    endloop
  endfacet
  facet normal -0.996194 0.087167 0
    outer loop
      vertex 58.9532 136.008 7.4
      vertex 58.9 135.4 2.4
      vertex 58.9 135.4 7.4
    endloop
  endfacet
  facet normal -0.706779 0.707435 0
    outer loop
      vertex 59.7188 137.65 2.4
      vertex 60.1502 138.081 7.4
      vertex 60.1502 138.081 2.4
    endloop
  endfacet
  facet normal -0.706779 0.707435 0
    outer loop
      vertex 60.1502 138.081 7.4
      vertex 59.7188 137.65 2.4
      vertex 59.7188 137.65 7.4
    endloop
  endfacet
  facet normal -0.422859 0.906196 0
    outer loop
      vertex 61.2029 138.689 2.4
      vertex 60.65 138.431 7.4
      vertex 61.2029 138.689 7.4
    endloop
  endfacet
  facet normal -0.422859 0.906196 0
    outer loop
      vertex 60.65 138.431 7.4
      vertex 61.2029 138.689 2.4
      vertex 60.65 138.431 2.4
    endloop
  endfacet
  facet normal -0.0868701 0.99622 0
    outer loop
      vertex 62.4 138.9 2.4
      vertex 61.7922 138.847 7.4
      vertex 62.4 138.9 7.4
    endloop
  endfacet
  facet normal -0.0868701 0.99622 0
    outer loop
      vertex 61.7922 138.847 7.4
      vertex 62.4 138.9 2.4
      vertex 61.7922 138.847 2.4
    endloop
  endfacet
  facet normal -0.573616 0.819124 0
    outer loop
      vertex 60.65 138.431 2.4
      vertex 60.1502 138.081 7.4
      vertex 60.65 138.431 7.4
    endloop
  endfacet
  facet normal -0.573616 0.819124 0
    outer loop
      vertex 60.1502 138.081 7.4
      vertex 60.65 138.431 2.4
      vertex 60.1502 138.081 2.4
    endloop
  endfacet
  facet normal 0.996194 0.087167 0
    outer loop
      vertex 65.9 135.4 7.4
      vertex 65.8468 136.008 2.4
      vertex 65.8468 136.008 7.4
    endloop
  endfacet
  facet normal 0.996194 0.087167 0
    outer loop
      vertex 65.8468 136.008 2.4
      vertex 65.9 135.4 7.4
      vertex 65.9 135.4 2.4
    endloop
  endfacet
  facet normal 0.0868701 -0.99622 0
    outer loop
      vertex 62.4 131.9 2.4
      vertex 63.0078 131.953 7.4
      vertex 62.4 131.9 7.4
    endloop
  endfacet
  facet normal 0.0868701 -0.99622 0
    outer loop
      vertex 63.0078 131.953 7.4
      vertex 62.4 131.9 2.4
      vertex 63.0078 131.953 2.4
    endloop
  endfacet
  facet normal 0.965894 -0.258938 0
    outer loop
      vertex 65.6889 134.203 7.4
      vertex 65.8468 134.792 2.4
      vertex 65.8468 134.792 7.4
    endloop
  endfacet
  facet normal 0.965894 -0.258938 0
    outer loop
      vertex 65.8468 134.792 2.4
      vertex 65.6889 134.203 7.4
      vertex 65.6889 134.203 2.4
    endloop
  endfacet
  facet normal 0.573616 -0.819124 0
    outer loop
      vertex 64.15 132.369 2.4
      vertex 64.6498 132.719 7.4
      vertex 64.15 132.369 7.4
    endloop
  endfacet
  facet normal 0.573616 -0.819124 0
    outer loop
      vertex 64.6498 132.719 7.4
      vertex 64.15 132.369 2.4
      vertex 64.6498 132.719 2.4
    endloop
  endfacet
  facet normal -0.0868701 -0.99622 0
    outer loop
      vertex 61.7922 131.953 2.4
      vertex 62.4 131.9 7.4
      vertex 61.7922 131.953 7.4
    endloop
  endfacet
  facet normal -0.0868701 -0.99622 -0
    outer loop
      vertex 62.4 131.9 7.4
      vertex 61.7922 131.953 2.4
      vertex 62.4 131.9 2.4
    endloop
  endfacet
  facet normal -0.706779 -0.707435 0
    outer loop
      vertex 59.7188 133.15 2.4
      vertex 60.1502 132.719 7.4
      vertex 59.7188 133.15 7.4
    endloop
  endfacet
  facet normal -0.706779 -0.707435 -0
    outer loop
      vertex 60.1502 132.719 7.4
      vertex 59.7188 133.15 2.4
      vertex 60.1502 132.719 2.4
    endloop
  endfacet
  facet normal -0.906351 -0.422527 0
    outer loop
      vertex 59.3689 133.65 2.4
      vertex 59.1111 134.203 7.4
      vertex 59.1111 134.203 2.4
    endloop
  endfacet
  facet normal -0.906351 -0.422527 0
    outer loop
      vertex 59.1111 134.203 7.4
      vertex 59.3689 133.65 2.4
      vertex 59.3689 133.65 7.4
    endloop
  endfacet
  facet normal -0.996194 -0.087167 0
    outer loop
      vertex 58.9532 134.792 2.4
      vertex 58.9 135.4 7.4
      vertex 58.9 135.4 2.4
    endloop
  endfacet
  facet normal -0.996194 -0.087167 0
    outer loop
      vertex 58.9 135.4 7.4
      vertex 58.9532 134.792 2.4
      vertex 58.9532 134.792 7.4
    endloop
  endfacet
  facet normal 0 0 -1
    outer loop
      vertex 65.8468 134.792 2.4
      vertex 65.8468 136.008 2.4
      vertex 65.9 135.4 2.4
    endloop
  endfacet
  facet normal 0 0 -1
    outer loop
      vertex 65.6889 134.203 2.4
      vertex 65.8468 136.008 2.4
      vertex 65.8468 134.792 2.4
    endloop
  endfacet
  facet normal 0 0 -1
    outer loop
      vertex 65.6889 134.203 2.4
      vertex 65.6889 136.597 2.4
      vertex 65.8468 136.008 2.4
    endloop
  endfacet
  facet normal 0 0 -1
    outer loop
      vertex 65.4311 133.65 2.4
      vertex 65.6889 136.597 2.4
      vertex 65.6889 134.203 2.4
    endloop
  endfacet
  facet normal 0 0 -1
    outer loop
      vertex 65.4311 133.65 2.4
      vertex 65.4311 137.15 2.4
      vertex 65.6889 136.597 2.4
    endloop
  endfacet
  facet normal 0 0 -1
    outer loop
      vertex 65.0812 133.15 2.4
      vertex 65.4311 137.15 2.4
      vertex 65.4311 133.65 2.4
    endloop
  endfacet
  facet normal 0 0 -1
    outer loop
      vertex 65.0812 133.15 2.4
      vertex 65.0812 137.65 2.4
      vertex 65.4311 137.15 2.4
    endloop
  endfacet
  facet normal 0 0 -1
    outer loop
      vertex 64.6498 132.719 2.4
      vertex 65.0812 137.65 2.4
      vertex 65.0812 133.15 2.4
    endloop
  endfacet
  facet normal 0 0 -1
    outer loop
      vertex 64.6498 132.719 2.4
      vertex 64.6498 138.081 2.4
      vertex 65.0812 137.65 2.4
    endloop
  endfacet
  facet normal 0 0 -1
    outer loop
      vertex 64.15 132.369 2.4
      vertex 64.6498 138.081 2.4
      vertex 64.6498 132.719 2.4
    endloop
  endfacet
  facet normal 0 0 -1
    outer loop
      vertex 64.15 132.369 2.4
      vertex 64.15 138.431 2.4
      vertex 64.6498 138.081 2.4
    endloop
  endfacet
  facet normal 0 0 -1
    outer loop
      vertex 63.5971 132.111 2.4
      vertex 64.15 138.431 2.4
      vertex 64.15 132.369 2.4
    endloop
  endfacet
  facet normal 0 0 -1
    outer loop
      vertex 63.5971 132.111 2.4
      vertex 63.5971 138.689 2.4
      vertex 64.15 138.431 2.4
    endloop
  endfacet
  facet normal 0 0 -1
    outer loop
      vertex 63.0078 131.953 2.4
      vertex 63.5971 138.689 2.4
      vertex 63.5971 132.111 2.4
    endloop
  endfacet
  facet normal 0 0 -1
    outer loop
      vertex 63.0078 131.953 2.4
      vertex 63.0078 138.847 2.4
      vertex 63.5971 138.689 2.4
    endloop
  endfacet
  facet normal 0 0 -1
    outer loop
      vertex 62.4 131.9 2.4
      vertex 63.0078 138.847 2.4
      vertex 63.0078 131.953 2.4
    endloop
  endfacet
  facet normal 0 0 -1
    outer loop
      vertex 62.4 131.9 2.4
      vertex 62.4 138.9 2.4
      vertex 63.0078 138.847 2.4
    endloop
  endfacet
  facet normal 0 0 -1
    outer loop
      vertex 61.7922 131.953 2.4
      vertex 62.4 138.9 2.4
      vertex 62.4 131.9 2.4
    endloop
  endfacet
  facet normal 0 0 -1
    outer loop
      vertex 61.7922 131.953 2.4
      vertex 61.7922 138.847 2.4
      vertex 62.4 138.9 2.4
    endloop
  endfacet
  facet normal 0 0 -1
    outer loop
      vertex 61.2029 132.111 2.4
      vertex 61.7922 138.847 2.4
      vertex 61.7922 131.953 2.4
    endloop
  endfacet
  facet normal 0 0 -1
    outer loop
      vertex 61.2029 132.111 2.4
      vertex 61.2029 138.689 2.4
      vertex 61.7922 138.847 2.4
    endloop
  endfacet
  facet normal 0 0 -1
    outer loop
      vertex 60.65 132.369 2.4
      vertex 61.2029 138.689 2.4
      vertex 61.2029 132.111 2.4
    endloop
  endfacet
  facet normal 0 0 -1
    outer loop
      vertex 60.65 132.369 2.4
      vertex 60.65 138.431 2.4
      vertex 61.2029 138.689 2.4
    endloop
  endfacet
  facet normal 0 0 -1
    outer loop
      vertex 60.1502 132.719 2.4
      vertex 60.65 138.431 2.4
      vertex 60.65 132.369 2.4
    endloop
  endfacet
  facet normal 0 0 -1
    outer loop
      vertex 60.1502 132.719 2.4
      vertex 60.1502 138.081 2.4
      vertex 60.65 138.431 2.4
    endloop
  endfacet
  facet normal 0 0 -1
    outer loop
      vertex 59.7188 133.15 2.4
      vertex 60.1502 138.081 2.4
      vertex 60.1502 132.719 2.4
    endloop
  endfacet
  facet normal 0 0 -1
    outer loop
      vertex 59.7188 133.15 2.4
      vertex 59.7188 137.65 2.4
      vertex 60.1502 138.081 2.4
    endloop
  endfacet
  facet normal 0 0 -1
    outer loop
      vertex 59.3689 133.65 2.4
      vertex 59.7188 137.65 2.4
      vertex 59.7188 133.15 2.4
    endloop
  endfacet
  facet normal 0 0 -1
    outer loop
      vertex 59.3689 133.65 2.4
      vertex 59.3689 137.15 2.4
      vertex 59.7188 137.65 2.4
    endloop
  endfacet
  facet normal 0 0 -1
    outer loop
      vertex 59.1111 134.203 2.4
      vertex 59.3689 137.15 2.4
      vertex 59.3689 133.65 2.4
    endloop
  endfacet
  facet normal 0 0 -1
    outer loop
      vertex 59.1111 134.203 2.4
      vertex 59.1111 136.597 2.4
      vertex 59.3689 137.15 2.4
    endloop
  endfacet
  facet normal 0 0 -1
    outer loop
      vertex 58.9532 134.792 2.4
      vertex 59.1111 136.597 2.4
      vertex 59.1111 134.203 2.4
    endloop
  endfacet
  facet normal 0 0 -1
    outer loop
      vertex 58.9532 134.792 2.4
      vertex 58.9532 136.008 2.4
      vertex 59.1111 136.597 2.4
    endloop
  endfacet
  facet normal 0 -0 -1
    outer loop
      vertex 58.9532 136.008 2.4
      vertex 58.9532 134.792 2.4
      vertex 58.9 135.4 2.4
    endloop
  endfacet
  facet normal 0.258968 0.965886 -0
    outer loop
      vertex 63.5971 138.689 2.4
      vertex 63.0078 138.847 7.4
      vertex 63.5971 138.689 7.4
    endloop
  endfacet
  facet normal 0.258968 0.965886 0
    outer loop
      vertex 63.0078 138.847 7.4
      vertex 63.5971 138.689 2.4
      vertex 63.0078 138.847 2.4
    endloop
  endfacet
  facet normal 0 0 1
    outer loop
      vertex 63.65 135.4 7.4
      vertex 65.9 135.4 7.4
      vertex 65.8468 136.008 7.4
    endloop
  endfacet
  facet normal 0 0 1
    outer loop
      vertex 63.631 135.617 7.4
      vertex 65.8468 136.008 7.4
      vertex 65.6889 136.597 7.4
    endloop
  endfacet
  facet normal 0 0 1
    outer loop
      vertex 65.9 135.4 7.4
      vertex 63.65 135.4 7.4
      vertex 65.8468 134.792 7.4
    endloop
  endfacet
  facet normal 0 0 1
    outer loop
      vertex 63.5746 135.828 7.4
      vertex 65.6889 136.597 7.4
      vertex 65.4311 137.15 7.4
    endloop
  endfacet
  facet normal -0 0 1
    outer loop
      vertex 63.631 135.183 7.4
      vertex 65.8468 134.792 7.4
      vertex 63.65 135.4 7.4
    endloop
  endfacet
  facet normal 0 0 1
    outer loop
      vertex 63.4825 136.025 7.4
      vertex 65.4311 137.15 7.4
      vertex 65.0812 137.65 7.4
    endloop
  endfacet
  facet normal 0 0 1
    outer loop
      vertex 65.8468 134.792 7.4
      vertex 63.631 135.183 7.4
      vertex 65.6889 134.203 7.4
    endloop
  endfacet
  facet normal 0 0 1
    outer loop
      vertex 63.3576 136.203 7.4
      vertex 65.0812 137.65 7.4
      vertex 64.6498 138.081 7.4
    endloop
  endfacet
  facet normal -0 0 1
    outer loop
      vertex 63.5746 134.972 7.4
      vertex 65.6889 134.203 7.4
      vertex 63.631 135.183 7.4
    endloop
  endfacet
  facet normal 0 0 1
    outer loop
      vertex 63.2035 136.358 7.4
      vertex 64.6498 138.081 7.4
      vertex 64.15 138.431 7.4
    endloop
  endfacet
  facet normal 0 0 1
    outer loop
      vertex 65.6889 134.203 7.4
      vertex 63.5746 134.972 7.4
      vertex 65.4311 133.65 7.4
    endloop
  endfacet
  facet normal -0 0 1
    outer loop
      vertex 63.4825 134.775 7.4
      vertex 65.4311 133.65 7.4
      vertex 63.5746 134.972 7.4
    endloop
  endfacet
  facet normal 0 0 1
    outer loop
      vertex 65.8468 136.008 7.4
      vertex 63.631 135.617 7.4
      vertex 63.65 135.4 7.4
    endloop
  endfacet
  facet normal 0 0 1
    outer loop
      vertex 63.025 136.483 7.4
      vertex 64.15 138.431 7.4
      vertex 63.5971 138.689 7.4
    endloop
  endfacet
  facet normal 0 0 1
    outer loop
      vertex 65.6889 136.597 7.4
      vertex 63.5746 135.828 7.4
      vertex 63.631 135.617 7.4
    endloop
  endfacet
  facet normal 0 0 1
    outer loop
      vertex 65.4311 137.15 7.4
      vertex 63.4825 136.025 7.4
      vertex 63.5746 135.828 7.4
    endloop
  endfacet
  facet normal 0 0 1
    outer loop
      vertex 65.0812 137.65 7.4
      vertex 63.3576 136.203 7.4
      vertex 63.4825 136.025 7.4
    endloop
  endfacet
  facet normal 0 0 1
    outer loop
      vertex 64.6498 138.081 7.4
      vertex 63.2035 136.358 7.4
      vertex 63.3576 136.203 7.4
    endloop
  endfacet
  facet normal 0 0 1
    outer loop
      vertex 64.15 138.431 7.4
      vertex 63.025 136.483 7.4
      vertex 63.2035 136.358 7.4
    endloop
  endfacet
  facet normal 0 0 1
    outer loop
      vertex 62.8275 136.575 7.4
      vertex 63.5971 138.689 7.4
      vertex 63.0078 138.847 7.4
    endloop
  endfacet
  facet normal 0 0 1
    outer loop
      vertex 63.5971 138.689 7.4
      vertex 62.8275 136.575 7.4
      vertex 63.025 136.483 7.4
    endloop
  endfacet
  facet normal 0 0 1
    outer loop
      vertex 63.0078 138.847 7.4
      vertex 62.6171 136.631 7.4
      vertex 62.8275 136.575 7.4
    endloop
  endfacet
  facet normal 0 0 1
    outer loop
      vertex 62.4 138.9 7.4
      vertex 62.6171 136.631 7.4
      vertex 63.0078 138.847 7.4
    endloop
  endfacet
  facet normal 0 0 1
    outer loop
      vertex 62.4 138.9 7.4
      vertex 62.4 136.65 7.4
      vertex 62.6171 136.631 7.4
    endloop
  endfacet
  facet normal 0 0 1
    outer loop
      vertex 62.4 138.9 7.4
      vertex 62.1829 136.631 7.4
      vertex 62.4 136.65 7.4
    endloop
  endfacet
  facet normal -0 0 1
    outer loop
      vertex 61.7922 138.847 7.4
      vertex 62.1829 136.631 7.4
      vertex 62.4 138.9 7.4
    endloop
  endfacet
  facet normal 0 0 1
    outer loop
      vertex 62.1829 136.631 7.4
      vertex 61.7922 138.847 7.4
      vertex 61.9725 136.575 7.4
    endloop
  endfacet
  facet normal -0 0 1
    outer loop
      vertex 61.2029 138.689 7.4
      vertex 61.9725 136.575 7.4
      vertex 61.7922 138.847 7.4
    endloop
  endfacet
  facet normal 0 0 1
    outer loop
      vertex 61.9725 136.575 7.4
      vertex 61.2029 138.689 7.4
      vertex 61.775 136.483 7.4
    endloop
  endfacet
  facet normal -0 0 1
    outer loop
      vertex 60.65 138.431 7.4
      vertex 61.775 136.483 7.4
      vertex 61.2029 138.689 7.4
    endloop
  endfacet
  facet normal 0 0 1
    outer loop
      vertex 61.775 136.483 7.4
      vertex 60.65 138.431 7.4
      vertex 61.5965 136.358 7.4
    endloop
  endfacet
  facet normal -0 0 1
    outer loop
      vertex 60.1502 138.081 7.4
      vertex 61.5965 136.358 7.4
      vertex 60.65 138.431 7.4
    endloop
  endfacet
  facet normal 0 0 1
    outer loop
      vertex 61.5965 136.358 7.4
      vertex 60.1502 138.081 7.4
      vertex 61.4424 136.203 7.4
    endloop
  endfacet
  facet normal -0 0 1
    outer loop
      vertex 59.7188 137.65 7.4
      vertex 61.4424 136.203 7.4
      vertex 60.1502 138.081 7.4
    endloop
  endfacet
  facet normal 0 0 1
    outer loop
      vertex 61.4424 136.203 7.4
      vertex 59.7188 137.65 7.4
      vertex 61.3175 136.025 7.4
    endloop
  endfacet
  facet normal -0 0 1
    outer loop
      vertex 59.3689 137.15 7.4
      vertex 61.3175 136.025 7.4
      vertex 59.7188 137.65 7.4
    endloop
  endfacet
  facet normal 0 0 1
    outer loop
      vertex 65.4311 133.65 7.4
      vertex 63.4825 134.775 7.4
      vertex 65.0812 133.15 7.4
    endloop
  endfacet
  facet normal -0 0 1
    outer loop
      vertex 63.3576 134.597 7.4
      vertex 65.0812 133.15 7.4
      vertex 63.4825 134.775 7.4
    endloop
  endfacet
  facet normal 0 0 1
    outer loop
      vertex 65.0812 133.15 7.4
      vertex 63.3576 134.597 7.4
      vertex 64.6498 132.719 7.4
    endloop
  endfacet
  facet normal -0 0 1
    outer loop
      vertex 63.2035 134.442 7.4
      vertex 64.6498 132.719 7.4
      vertex 63.3576 134.597 7.4
    endloop
  endfacet
  facet normal 0 0 1
    outer loop
      vertex 64.6498 132.719 7.4
      vertex 63.2035 134.442 7.4
      vertex 64.15 132.369 7.4
    endloop
  endfacet
  facet normal -0 0 1
    outer loop
      vertex 63.025 134.317 7.4
      vertex 64.15 132.369 7.4
      vertex 63.2035 134.442 7.4
    endloop
  endfacet
  facet normal 0 0 1
    outer loop
      vertex 64.15 132.369 7.4
      vertex 63.025 134.317 7.4
      vertex 63.5971 132.111 7.4
    endloop
  endfacet
  facet normal -0 0 1
    outer loop
      vertex 62.8275 134.225 7.4
      vertex 63.5971 132.111 7.4
      vertex 63.025 134.317 7.4
    endloop
  endfacet
  facet normal 0 0 1
    outer loop
      vertex 63.5971 132.111 7.4
      vertex 62.8275 134.225 7.4
      vertex 63.0078 131.953 7.4
    endloop
  endfacet
  facet normal -0 0 1
    outer loop
      vertex 62.6171 134.169 7.4
      vertex 63.0078 131.953 7.4
      vertex 62.8275 134.225 7.4
    endloop
  endfacet
  facet normal -0 0 1
    outer loop
      vertex 62.4 134.15 7.4
      vertex 63.0078 131.953 7.4
      vertex 62.6171 134.169 7.4
    endloop
  endfacet
  facet normal 0 0 1
    outer loop
      vertex 62.4 134.15 7.4
      vertex 62.4 131.9 7.4
      vertex 63.0078 131.953 7.4
    endloop
  endfacet
  facet normal 0 0 1
    outer loop
      vertex 62.1829 134.169 7.4
      vertex 62.4 131.9 7.4
      vertex 62.4 134.15 7.4
    endloop
  endfacet
  facet normal 0 0 1
    outer loop
      vertex 61.7922 131.953 7.4
      vertex 62.1829 134.169 7.4
      vertex 61.9725 134.225 7.4
    endloop
  endfacet
  facet normal 0 0 1
    outer loop
      vertex 62.1829 134.169 7.4
      vertex 61.7922 131.953 7.4
      vertex 62.4 131.9 7.4
    endloop
  endfacet
  facet normal 0 0 1
    outer loop
      vertex 61.2029 132.111 7.4
      vertex 61.9725 134.225 7.4
      vertex 61.775 134.317 7.4
    endloop
  endfacet
  facet normal 0 0 1
    outer loop
      vertex 60.65 132.369 7.4
      vertex 61.775 134.317 7.4
      vertex 61.5965 134.442 7.4
    endloop
  endfacet
  facet normal 0 0 1
    outer loop
      vertex 60.1502 132.719 7.4
      vertex 61.5965 134.442 7.4
      vertex 61.4424 134.597 7.4
    endloop
  endfacet
  facet normal 0 0 1
    outer loop
      vertex 59.7188 133.15 7.4
      vertex 61.4424 134.597 7.4
      vertex 61.3175 134.775 7.4
    endloop
  endfacet
  facet normal 0 0 1
    outer loop
      vertex 59.3689 133.65 7.4
      vertex 61.3175 134.775 7.4
      vertex 61.2254 134.972 7.4
    endloop
  endfacet
  facet normal 0 0 1
    outer loop
      vertex 61.9725 134.225 7.4
      vertex 61.2029 132.111 7.4
      vertex 61.7922 131.953 7.4
    endloop
  endfacet
  facet normal 0 0 1
    outer loop
      vertex 59.1111 134.203 7.4
      vertex 61.2254 134.972 7.4
      vertex 61.169 135.183 7.4
    endloop
  endfacet
  facet normal 0 0 1
    outer loop
      vertex 58.9532 134.792 7.4
      vertex 61.169 135.183 7.4
      vertex 61.15 135.4 7.4
    endloop
  endfacet
  facet normal 0 0 1
    outer loop
      vertex 61.3175 136.025 7.4
      vertex 59.3689 137.15 7.4
      vertex 61.2254 135.828 7.4
    endloop
  endfacet
  facet normal 0 0 1
    outer loop
      vertex 61.775 134.317 7.4
      vertex 60.65 132.369 7.4
      vertex 61.2029 132.111 7.4
    endloop
  endfacet
  facet normal -0 0 1
    outer loop
      vertex 59.1111 136.597 7.4
      vertex 61.2254 135.828 7.4
      vertex 59.3689 137.15 7.4
    endloop
  endfacet
  facet normal 0 0 1
    outer loop
      vertex 61.5965 134.442 7.4
      vertex 60.1502 132.719 7.4
      vertex 60.65 132.369 7.4
    endloop
  endfacet
  facet normal 0 0 1
    outer loop
      vertex 61.2254 135.828 7.4
      vertex 59.1111 136.597 7.4
      vertex 61.169 135.617 7.4
    endloop
  endfacet
  facet normal 0 0 1
    outer loop
      vertex 61.4424 134.597 7.4
      vertex 59.7188 133.15 7.4
      vertex 60.1502 132.719 7.4
    endloop
  endfacet
  facet normal -0 0 1
    outer loop
      vertex 58.9532 136.008 7.4
      vertex 61.169 135.617 7.4
      vertex 59.1111 136.597 7.4
    endloop
  endfacet
  facet normal 0 0 1
    outer loop
      vertex 61.3175 134.775 7.4
      vertex 59.3689 133.65 7.4
      vertex 59.7188 133.15 7.4
    endloop
  endfacet
  facet normal 0 0 1
    outer loop
      vertex 61.169 135.617 7.4
      vertex 58.9532 136.008 7.4
      vertex 61.15 135.4 7.4
    endloop
  endfacet
  facet normal 0 0 1
    outer loop
      vertex 61.2254 134.972 7.4
      vertex 59.1111 134.203 7.4
      vertex 59.3689 133.65 7.4
    endloop
  endfacet
  facet normal 0 0 1
    outer loop
      vertex 58.9 135.4 7.4
      vertex 61.15 135.4 7.4
      vertex 58.9532 136.008 7.4
    endloop
  endfacet
  facet normal 0 0 1
    outer loop
      vertex 61.169 135.183 7.4
      vertex 58.9532 134.792 7.4
      vertex 59.1111 134.203 7.4
    endloop
  endfacet
  facet normal 0 0 1
    outer loop
      vertex 61.15 135.4 7.4
      vertex 58.9 135.4 7.4
      vertex 58.9532 134.792 7.4
    endloop
  endfacet
  facet normal -0.906351 0.422527 0
    outer loop
      vertex 59.1111 136.597 2.4
      vertex 59.3689 137.15 7.4
      vertex 59.3689 137.15 2.4
    endloop
  endfacet
  facet normal -0.906351 0.422527 0
    outer loop
      vertex 59.3689 137.15 7.4
      vertex 59.1111 136.597 2.4
      vertex 59.1111 136.597 7.4
    endloop
  endfacet
  facet normal -0.965894 0.258938 0
    outer loop
      vertex 58.9532 136.008 2.4
      vertex 59.1111 136.597 7.4
      vertex 59.1111 136.597 2.4
    endloop
  endfacet
  facet normal -0.965894 0.258938 0
    outer loop
      vertex 59.1111 136.597 7.4
      vertex 58.9532 136.008 2.4
      vertex 58.9532 136.008 7.4
    endloop
  endfacet
  facet normal 0.819309 -0.573352 0
    outer loop
      vertex 65.0812 133.15 7.4
      vertex 65.4311 133.65 2.4
      vertex 65.4311 133.65 7.4
    endloop
  endfacet
  facet normal 0.819309 -0.573352 0
    outer loop
      vertex 65.4311 133.65 2.4
      vertex 65.0812 133.15 7.4
      vertex 65.0812 133.15 2.4
    endloop
  endfacet
  facet normal 0.258968 -0.965886 0
    outer loop
      vertex 63.0078 131.953 2.4
      vertex 63.5971 132.111 7.4
      vertex 63.0078 131.953 7.4
    endloop
  endfacet
  facet normal 0.258968 -0.965886 0
    outer loop
      vertex 63.5971 132.111 7.4
      vertex 63.0078 131.953 2.4
      vertex 63.5971 132.111 2.4
    endloop
  endfacet
  facet normal 0.706779 -0.707435 0
    outer loop
      vertex 64.6498 132.719 7.4
      vertex 65.0812 133.15 2.4
      vertex 65.0812 133.15 7.4
    endloop
  endfacet
  facet normal 0.706779 -0.707435 0
    outer loop
      vertex 65.0812 133.15 2.4
      vertex 64.6498 132.719 7.4
      vertex 64.6498 132.719 2.4
    endloop
  endfacet
  facet normal -0.422859 -0.906196 0
    outer loop
      vertex 60.65 132.369 2.4
      vertex 61.2029 132.111 7.4
      vertex 60.65 132.369 7.4
    endloop
  endfacet
  facet normal -0.422859 -0.906196 -0
    outer loop
      vertex 61.2029 132.111 7.4
      vertex 60.65 132.369 2.4
      vertex 61.2029 132.111 2.4
    endloop
  endfacet
  facet normal -0.573616 -0.819124 0
    outer loop
      vertex 60.1502 132.719 2.4
      vertex 60.65 132.369 7.4
      vertex 60.1502 132.719 7.4
    endloop
  endfacet
  facet normal -0.573616 -0.819124 -0
    outer loop
      vertex 60.65 132.369 7.4
      vertex 60.1502 132.719 2.4
      vertex 60.65 132.369 2.4
    endloop
  endfacet
  facet normal -0.965894 -0.258938 0
    outer loop
      vertex 59.1111 134.203 2.4
      vertex 58.9532 134.792 7.4
      vertex 58.9532 134.792 2.4
    endloop
  endfacet
  facet normal -0.965894 -0.258938 0
    outer loop
      vertex 58.9532 134.792 7.4
      vertex 59.1111 134.203 2.4
      vertex 59.1111 134.203 7.4
    endloop
  endfacet
  facet normal -0.819309 -0.573352 0
    outer loop
      vertex 59.7188 133.15 2.4
      vertex 59.3689 133.65 7.4
      vertex 59.3689 133.65 2.4
    endloop
  endfacet
  facet normal -0.819309 -0.573352 0
    outer loop
      vertex 59.3689 133.65 7.4
      vertex 59.7188 133.15 2.4
      vertex 59.7188 133.15 7.4
    endloop
  endfacet
  facet normal 0.906351 -0.422527 0
    outer loop
      vertex 65.4311 133.65 7.4
      vertex 65.6889 134.203 2.4
      vertex 65.6889 134.203 7.4
    endloop
  endfacet
  facet normal 0.906351 -0.422527 0
    outer loop
      vertex 65.6889 134.203 2.4
      vertex 65.4311 133.65 7.4
      vertex 65.4311 133.65 2.4
    endloop
  endfacet
  facet normal 0.422859 -0.906196 0
    outer loop
      vertex 63.5971 132.111 2.4
      vertex 64.15 132.369 7.4
      vertex 63.5971 132.111 7.4
    endloop
  endfacet
  facet normal 0.422859 -0.906196 0
    outer loop
      vertex 64.15 132.369 7.4
      vertex 63.5971 132.111 2.4
      vertex 64.15 132.369 2.4
    endloop
  endfacet
  facet normal -0.258968 -0.965886 0
    outer loop
      vertex 61.2029 132.111 2.4
      vertex 61.7922 131.953 7.4
      vertex 61.2029 132.111 7.4
    endloop
  endfacet
  facet normal -0.258968 -0.965886 -0
    outer loop
      vertex 61.7922 131.953 7.4
      vertex 61.2029 132.111 2.4
      vertex 61.7922 131.953 2.4
    endloop
  endfacet
  facet normal -0.573616 -0.819124 0
    outer loop
      vertex 63.025 136.483 3.4
      vertex 63.2035 136.358 7.4
      vertex 63.025 136.483 7.4
    endloop
  endfacet
  facet normal -0.573616 -0.819124 -0
    outer loop
      vertex 63.2035 136.358 7.4
      vertex 63.025 136.483 3.4
      vertex 63.2035 136.358 3.4
    endloop
  endfacet
  facet normal -0.996189 0.0872239 0
    outer loop
      vertex 63.631 135.183 3.4
      vertex 63.65 135.4 7.4
      vertex 63.65 135.4 3.4
    endloop
  endfacet
  facet normal -0.996189 0.0872239 0
    outer loop
      vertex 63.65 135.4 7.4
      vertex 63.631 135.183 3.4
      vertex 63.631 135.183 7.4
    endloop
  endfacet
  facet normal 0.257205 -0.966357 0
    outer loop
      vertex 61.9725 136.575 3.4
      vertex 62.1829 136.631 7.4
      vertex 61.9725 136.575 7.4
    endloop
  endfacet
  facet normal 0.257205 -0.966357 0
    outer loop
      vertex 62.1829 136.631 7.4
      vertex 61.9725 136.575 3.4
      vertex 62.1829 136.631 3.4
    endloop
  endfacet
  facet normal 0.818583 -0.574388 0
    outer loop
      vertex 61.3175 136.025 7.4
      vertex 61.4424 136.203 3.4
      vertex 61.4424 136.203 7.4
    endloop
  endfacet
  facet normal 0.818583 -0.574388 0
    outer loop
      vertex 61.4424 136.203 3.4
      vertex 61.3175 136.025 7.4
      vertex 61.3175 136.025 3.4
    endloop
  endfacet
  facet normal -0.905889 -0.423515 0
    outer loop
      vertex 63.5746 135.828 3.4
      vertex 63.4825 136.025 7.4
      vertex 63.4825 136.025 3.4
    endloop
  endfacet
  facet normal -0.905889 -0.423515 0
    outer loop
      vertex 63.4825 136.025 7.4
      vertex 63.5746 135.828 3.4
      vertex 63.5746 135.828 7.4
    endloop
  endfacet
  facet normal -0.818583 -0.574388 0
    outer loop
      vertex 63.4825 136.025 3.4
      vertex 63.3576 136.203 7.4
      vertex 63.3576 136.203 3.4
    endloop
  endfacet
  facet normal -0.818583 -0.574388 0
    outer loop
      vertex 63.3576 136.203 7.4
      vertex 63.4825 136.025 3.4
      vertex 63.4825 136.025 7.4
    endloop
  endfacet
  facet normal -0.709163 -0.705045 0
    outer loop
      vertex 63.2035 136.358 3.4
      vertex 63.3576 136.203 7.4
      vertex 63.2035 136.358 7.4
    endloop
  endfacet
  facet normal -0.709163 -0.705045 -0
    outer loop
      vertex 63.3576 136.203 7.4
      vertex 63.2035 136.358 3.4
      vertex 63.3576 136.203 3.4
    endloop
  endfacet
  facet normal -0.422257 -0.906476 0
    outer loop
      vertex 62.8275 136.575 3.4
      vertex 63.025 136.483 7.4
      vertex 62.8275 136.575 7.4
    endloop
  endfacet
  facet normal -0.422257 -0.906476 -0
    outer loop
      vertex 63.025 136.483 7.4
      vertex 62.8275 136.575 3.4
      vertex 63.025 136.483 3.4
    endloop
  endfacet
  facet normal -0.087184 -0.996192 0
    outer loop
      vertex 62.4 136.65 3.4
      vertex 62.6171 136.631 7.4
      vertex 62.4 136.65 7.4
    endloop
  endfacet
  facet normal -0.087184 -0.996192 -0
    outer loop
      vertex 62.6171 136.631 7.4
      vertex 62.4 136.65 3.4
      vertex 62.6171 136.631 3.4
    endloop
  endfacet
  facet normal 0.996189 -0.0872239 0
    outer loop
      vertex 61.15 135.4 7.4
      vertex 61.169 135.617 3.4
      vertex 61.169 135.617 7.4
    endloop
  endfacet
  facet normal 0.996189 -0.0872239 0
    outer loop
      vertex 61.169 135.617 3.4
      vertex 61.15 135.4 7.4
      vertex 61.15 135.4 3.4
    endloop
  endfacet
  facet normal 0.709163 -0.705045 0
    outer loop
      vertex 61.4424 136.203 3.4
      vertex 61.5965 136.358 7.4
      vertex 61.4424 136.203 7.4
    endloop
  endfacet
  facet normal 0.709163 -0.705045 0
    outer loop
      vertex 61.5965 136.358 7.4
      vertex 61.4424 136.203 3.4
      vertex 61.5965 136.358 3.4
    endloop
  endfacet
  facet normal 0.422257 -0.906476 0
    outer loop
      vertex 61.775 136.483 3.4
      vertex 61.9725 136.575 7.4
      vertex 61.775 136.483 7.4
    endloop
  endfacet
  facet normal 0.422257 -0.906476 0
    outer loop
      vertex 61.9725 136.575 7.4
      vertex 61.775 136.483 3.4
      vertex 61.9725 136.575 3.4
    endloop
  endfacet
  facet normal 0.087184 -0.996192 0
    outer loop
      vertex 62.1829 136.631 3.4
      vertex 62.4 136.65 7.4
      vertex 62.1829 136.631 7.4
    endloop
  endfacet
  facet normal 0.087184 -0.996192 0
    outer loop
      vertex 62.4 136.65 7.4
      vertex 62.1829 136.631 3.4
      vertex 62.4 136.65 3.4
    endloop
  endfacet
  facet normal 0.573616 -0.819124 0
    outer loop
      vertex 61.5965 136.358 3.4
      vertex 61.775 136.483 7.4
      vertex 61.5965 136.358 7.4
    endloop
  endfacet
  facet normal 0.573616 -0.819124 0
    outer loop
      vertex 61.775 136.483 7.4
      vertex 61.5965 136.358 3.4
      vertex 61.775 136.483 3.4
    endloop
  endfacet
  facet normal -0.996189 -0.0872239 0
    outer loop
      vertex 63.65 135.4 3.4
      vertex 63.631 135.617 7.4
      vertex 63.631 135.617 3.4
    endloop
  endfacet
  facet normal -0.996189 -0.0872239 0
    outer loop
      vertex 63.631 135.617 7.4
      vertex 63.65 135.4 3.4
      vertex 63.65 135.4 7.4
    endloop
  endfacet
  facet normal -0.087184 0.996192 0
    outer loop
      vertex 62.6171 134.169 3.4
      vertex 62.4 134.15 7.4
      vertex 62.6171 134.169 7.4
    endloop
  endfacet
  facet normal -0.087184 0.996192 0
    outer loop
      vertex 62.4 134.15 7.4
      vertex 62.6171 134.169 3.4
      vertex 62.4 134.15 3.4
    endloop
  endfacet
  facet normal -0.966083 0.258233 0
    outer loop
      vertex 63.5746 134.972 3.4
      vertex 63.631 135.183 7.4
      vertex 63.631 135.183 3.4
    endloop
  endfacet
  facet normal -0.966083 0.258233 0
    outer loop
      vertex 63.631 135.183 7.4
      vertex 63.5746 134.972 3.4
      vertex 63.5746 134.972 7.4
    endloop
  endfacet
  facet normal -0.422257 0.906476 0
    outer loop
      vertex 63.025 134.317 3.4
      vertex 62.8275 134.225 7.4
      vertex 63.025 134.317 7.4
    endloop
  endfacet
  facet normal -0.422257 0.906476 0
    outer loop
      vertex 62.8275 134.225 7.4
      vertex 63.025 134.317 3.4
      vertex 62.8275 134.225 3.4
    endloop
  endfacet
  facet normal -0.573616 0.819124 0
    outer loop
      vertex 63.2035 134.442 3.4
      vertex 63.025 134.317 7.4
      vertex 63.2035 134.442 7.4
    endloop
  endfacet
  facet normal -0.573616 0.819124 0
    outer loop
      vertex 63.025 134.317 7.4
      vertex 63.2035 134.442 3.4
      vertex 63.025 134.317 3.4
    endloop
  endfacet
  facet normal 0.087184 0.996192 -0
    outer loop
      vertex 62.4 134.15 3.4
      vertex 62.1829 134.169 7.4
      vertex 62.4 134.15 7.4
    endloop
  endfacet
  facet normal 0.087184 0.996192 0
    outer loop
      vertex 62.1829 134.169 7.4
      vertex 62.4 134.15 3.4
      vertex 62.1829 134.169 3.4
    endloop
  endfacet
  facet normal 0.709163 0.705045 -0
    outer loop
      vertex 61.5965 134.442 3.4
      vertex 61.4424 134.597 7.4
      vertex 61.5965 134.442 7.4
    endloop
  endfacet
  facet normal 0.709163 0.705045 0
    outer loop
      vertex 61.4424 134.597 7.4
      vertex 61.5965 134.442 3.4
      vertex 61.4424 134.597 3.4
    endloop
  endfacet
  facet normal 0.905889 0.423515 0
    outer loop
      vertex 61.3175 134.775 7.4
      vertex 61.2254 134.972 3.4
      vertex 61.2254 134.972 7.4
    endloop
  endfacet
  facet normal 0.905889 0.423515 0
    outer loop
      vertex 61.2254 134.972 3.4
      vertex 61.3175 134.775 7.4
      vertex 61.3175 134.775 3.4
    endloop
  endfacet
  facet normal 0.996189 0.0872239 0
    outer loop
      vertex 61.169 135.183 7.4
      vertex 61.15 135.4 3.4
      vertex 61.15 135.4 7.4
    endloop
  endfacet
  facet normal 0.996189 0.0872239 0
    outer loop
      vertex 61.15 135.4 3.4
      vertex 61.169 135.183 7.4
      vertex 61.169 135.183 3.4
    endloop
  endfacet
  facet normal 0 0 1
    outer loop
      vertex 63.631 135.617 3.4
      vertex 63.631 135.183 3.4
      vertex 63.65 135.4 3.4
    endloop
  endfacet
  facet normal 0 0 1
    outer loop
      vertex 63.5746 135.828 3.4
      vertex 63.631 135.183 3.4
      vertex 63.631 135.617 3.4
    endloop
  endfacet
  facet normal 0 0 1
    outer loop
      vertex 63.5746 135.828 3.4
      vertex 63.5746 134.972 3.4
      vertex 63.631 135.183 3.4
    endloop
  endfacet
  facet normal 0 0 1
    outer loop
      vertex 63.4825 136.025 3.4
      vertex 63.5746 134.972 3.4
      vertex 63.5746 135.828 3.4
    endloop
  endfacet
  facet normal 0 0 1
    outer loop
      vertex 63.4825 136.025 3.4
      vertex 63.4825 134.775 3.4
      vertex 63.5746 134.972 3.4
    endloop
  endfacet
  facet normal 0 0 1
    outer loop
      vertex 63.3576 136.203 3.4
      vertex 63.4825 134.775 3.4
      vertex 63.4825 136.025 3.4
    endloop
  endfacet
  facet normal 0 0 1
    outer loop
      vertex 63.3576 136.203 3.4
      vertex 63.3576 134.597 3.4
      vertex 63.4825 134.775 3.4
    endloop
  endfacet
  facet normal 0 0 1
    outer loop
      vertex 63.2035 136.358 3.4
      vertex 63.3576 134.597 3.4
      vertex 63.3576 136.203 3.4
    endloop
  endfacet
  facet normal 0 0 1
    outer loop
      vertex 63.2035 136.358 3.4
      vertex 63.2035 134.442 3.4
      vertex 63.3576 134.597 3.4
    endloop
  endfacet
  facet normal 0 0 1
    outer loop
      vertex 63.025 136.483 3.4
      vertex 63.2035 134.442 3.4
      vertex 63.2035 136.358 3.4
    endloop
  endfacet
  facet normal 0 0 1
    outer loop
      vertex 63.025 136.483 3.4
      vertex 63.025 134.317 3.4
      vertex 63.2035 134.442 3.4
    endloop
  endfacet
  facet normal 0 0 1
    outer loop
      vertex 62.8275 136.575 3.4
      vertex 63.025 134.317 3.4
      vertex 63.025 136.483 3.4
    endloop
  endfacet
  facet normal 0 0 1
    outer loop
      vertex 62.8275 136.575 3.4
      vertex 62.8275 134.225 3.4
      vertex 63.025 134.317 3.4
    endloop
  endfacet
  facet normal 0 0 1
    outer loop
      vertex 62.6171 136.631 3.4
      vertex 62.8275 134.225 3.4
      vertex 62.8275 136.575 3.4
    endloop
  endfacet
  facet normal 0 0 1
    outer loop
      vertex 62.6171 136.631 3.4
      vertex 62.6171 134.169 3.4
      vertex 62.8275 134.225 3.4
    endloop
  endfacet
  facet normal 0 0 1
    outer loop
      vertex 62.4 136.65 3.4
      vertex 62.6171 134.169 3.4
      vertex 62.6171 136.631 3.4
    endloop
  endfacet
  facet normal 0 0 1
    outer loop
      vertex 62.4 136.65 3.4
      vertex 62.4 134.15 3.4
      vertex 62.6171 134.169 3.4
    endloop
  endfacet
  facet normal -0 0 1
    outer loop
      vertex 62.1829 136.631 3.4
      vertex 62.4 134.15 3.4
      vertex 62.4 136.65 3.4
    endloop
  endfacet
  facet normal 0 0 1
    outer loop
      vertex 62.1829 136.631 3.4
      vertex 62.1829 134.169 3.4
      vertex 62.4 134.15 3.4
    endloop
  endfacet
  facet normal -0 0 1
    outer loop
      vertex 61.9725 136.575 3.4
      vertex 62.1829 134.169 3.4
      vertex 62.1829 136.631 3.4
    endloop
  endfacet
  facet normal 0 0 1
    outer loop
      vertex 61.9725 136.575 3.4
      vertex 61.9725 134.225 3.4
      vertex 62.1829 134.169 3.4
    endloop
  endfacet
  facet normal -0 0 1
    outer loop
      vertex 61.775 136.483 3.4
      vertex 61.9725 134.225 3.4
      vertex 61.9725 136.575 3.4
    endloop
  endfacet
  facet normal 0 0 1
    outer loop
      vertex 61.775 136.483 3.4
      vertex 61.775 134.317 3.4
      vertex 61.9725 134.225 3.4
    endloop
  endfacet
  facet normal -0 0 1
    outer loop
      vertex 61.5965 136.358 3.4
      vertex 61.775 134.317 3.4
      vertex 61.775 136.483 3.4
    endloop
  endfacet
  facet normal 0 0 1
    outer loop
      vertex 61.5965 136.358 3.4
      vertex 61.5965 134.442 3.4
      vertex 61.775 134.317 3.4
    endloop
  endfacet
  facet normal -0 0 1
    outer loop
      vertex 61.4424 136.203 3.4
      vertex 61.5965 134.442 3.4
      vertex 61.5965 136.358 3.4
    endloop
  endfacet
  facet normal 0 0 1
    outer loop
      vertex 61.4424 136.203 3.4
      vertex 61.4424 134.597 3.4
      vertex 61.5965 134.442 3.4
    endloop
  endfacet
  facet normal -0 0 1
    outer loop
      vertex 61.3175 136.025 3.4
      vertex 61.4424 134.597 3.4
      vertex 61.4424 136.203 3.4
    endloop
  endfacet
  facet normal 0 0 1
    outer loop
      vertex 61.3175 136.025 3.4
      vertex 61.3175 134.775 3.4
      vertex 61.4424 134.597 3.4
    endloop
  endfacet
  facet normal -0 0 1
    outer loop
      vertex 61.2254 135.828 3.4
      vertex 61.3175 134.775 3.4
      vertex 61.3175 136.025 3.4
    endloop
  endfacet
  facet normal 0 0 1
    outer loop
      vertex 61.2254 135.828 3.4
      vertex 61.2254 134.972 3.4
      vertex 61.3175 134.775 3.4
    endloop
  endfacet
  facet normal -0 0 1
    outer loop
      vertex 61.169 135.617 3.4
      vertex 61.2254 134.972 3.4
      vertex 61.2254 135.828 3.4
    endloop
  endfacet
  facet normal 0 0 1
    outer loop
      vertex 61.169 135.617 3.4
      vertex 61.169 135.183 3.4
      vertex 61.2254 134.972 3.4
    endloop
  endfacet
  facet normal 0 -0 1
    outer loop
      vertex 61.169 135.183 3.4
      vertex 61.169 135.617 3.4
      vertex 61.15 135.4 3.4
    endloop
  endfacet
  facet normal 0.818583 0.574388 0
    outer loop
      vertex 61.4424 134.597 7.4
      vertex 61.3175 134.775 3.4
      vertex 61.3175 134.775 7.4
    endloop
  endfacet
  facet normal 0.818583 0.574388 0
    outer loop
      vertex 61.3175 134.775 3.4
      vertex 61.4424 134.597 7.4
      vertex 61.4424 134.597 3.4
    endloop
  endfacet
  facet normal -0.966083 -0.258233 0
    outer loop
      vertex 63.631 135.617 3.4
      vertex 63.5746 135.828 7.4
      vertex 63.5746 135.828 3.4
    endloop
  endfacet
  facet normal -0.966083 -0.258233 0
    outer loop
      vertex 63.5746 135.828 7.4
      vertex 63.631 135.617 3.4
      vertex 63.631 135.617 7.4
    endloop
  endfacet
  facet normal -0.257205 -0.966357 0
    outer loop
      vertex 62.6171 136.631 3.4
      vertex 62.8275 136.575 7.4
      vertex 62.6171 136.631 7.4
    endloop
  endfacet
  facet normal -0.257205 -0.966357 -0
    outer loop
      vertex 62.8275 136.575 7.4
      vertex 62.6171 136.631 3.4
      vertex 62.8275 136.575 3.4
    endloop
  endfacet
  facet normal 0.905889 -0.423515 0
    outer loop
      vertex 61.2254 135.828 7.4
      vertex 61.3175 136.025 3.4
      vertex 61.3175 136.025 7.4
    endloop
  endfacet
  facet normal 0.905889 -0.423515 0
    outer loop
      vertex 61.3175 136.025 3.4
      vertex 61.2254 135.828 7.4
      vertex 61.2254 135.828 3.4
    endloop
  endfacet
  facet normal 0.966083 -0.258233 0
    outer loop
      vertex 61.169 135.617 7.4
      vertex 61.2254 135.828 3.4
      vertex 61.2254 135.828 7.4
    endloop
  endfacet
  facet normal 0.966083 -0.258233 0
    outer loop
      vertex 61.2254 135.828 3.4
      vertex 61.169 135.617 7.4
      vertex 61.169 135.617 3.4
    endloop
  endfacet
  facet normal -0.818583 0.574388 0
    outer loop
      vertex 63.3576 134.597 3.4
      vertex 63.4825 134.775 7.4
      vertex 63.4825 134.775 3.4
    endloop
  endfacet
  facet normal -0.818583 0.574388 0
    outer loop
      vertex 63.4825 134.775 7.4
      vertex 63.3576 134.597 3.4
      vertex 63.3576 134.597 7.4
    endloop
  endfacet
  facet normal -0.905889 0.423515 0
    outer loop
      vertex 63.4825 134.775 3.4
      vertex 63.5746 134.972 7.4
      vertex 63.5746 134.972 3.4
    endloop
  endfacet
  facet normal -0.905889 0.423515 0
    outer loop
      vertex 63.5746 134.972 7.4
      vertex 63.4825 134.775 3.4
      vertex 63.4825 134.775 7.4
    endloop
  endfacet
  facet normal -0.257205 0.966357 0
    outer loop
      vertex 62.8275 134.225 3.4
      vertex 62.6171 134.169 7.4
      vertex 62.8275 134.225 7.4
    endloop
  endfacet
  facet normal -0.257205 0.966357 0
    outer loop
      vertex 62.6171 134.169 7.4
      vertex 62.8275 134.225 3.4
      vertex 62.6171 134.169 3.4
    endloop
  endfacet
  facet normal -0.709163 0.705045 0
    outer loop
      vertex 63.3576 134.597 3.4
      vertex 63.2035 134.442 7.4
      vertex 63.3576 134.597 7.4
    endloop
  endfacet
  facet normal -0.709163 0.705045 0
    outer loop
      vertex 63.2035 134.442 7.4
      vertex 63.3576 134.597 3.4
      vertex 63.2035 134.442 3.4
    endloop
  endfacet
  facet normal 0.422257 0.906476 -0
    outer loop
      vertex 61.9725 134.225 3.4
      vertex 61.775 134.317 7.4
      vertex 61.9725 134.225 7.4
    endloop
  endfacet
  facet normal 0.422257 0.906476 0
    outer loop
      vertex 61.775 134.317 7.4
      vertex 61.9725 134.225 3.4
      vertex 61.775 134.317 3.4
    endloop
  endfacet
  facet normal 0.573616 0.819124 -0
    outer loop
      vertex 61.775 134.317 3.4
      vertex 61.5965 134.442 7.4
      vertex 61.775 134.317 7.4
    endloop
  endfacet
  facet normal 0.573616 0.819124 0
    outer loop
      vertex 61.5965 134.442 7.4
      vertex 61.775 134.317 3.4
      vertex 61.5965 134.442 3.4
    endloop
  endfacet
  facet normal 0.966083 0.258233 0
    outer loop
      vertex 61.2254 134.972 7.4
      vertex 61.169 135.183 3.4
      vertex 61.169 135.183 7.4
    endloop
  endfacet
  facet normal 0.966083 0.258233 0
    outer loop
      vertex 61.169 135.183 3.4
      vertex 61.2254 134.972 7.4
      vertex 61.2254 134.972 3.4
    endloop
  endfacet
  facet normal 0.257205 0.966357 -0
    outer loop
      vertex 62.1829 134.169 3.4
      vertex 61.9725 134.225 7.4
      vertex 62.1829 134.169 7.4
    endloop
  endfacet
  facet normal 0.257205 0.966357 0
    outer loop
      vertex 61.9725 134.225 7.4
      vertex 62.1829 134.169 3.4
      vertex 61.9725 134.225 3.4
    endloop
  endfacet
  facet normal 0 -0.258789 -0.965934
    outer loop
      vertex 82.4 40.1814 36.8316
      vertex 84.8 40.9391 36.6286
      vertex 84.8 40.1814 36.8316
    endloop
  endfacet
  facet normal -0 -0.258789 -0.965934
    outer loop
      vertex 84.8 40.9391 36.6286
      vertex 82.4 40.1814 36.8316
      vertex 82.4 40.9391 36.6286
    endloop
  endfacet
  facet normal 0 -0.573591 0.819142
    outer loop
      vertex 82.4 42.2925 28.9528
      vertex 84.8 41.65 28.5029
      vertex 84.8 42.2925 28.9528
    endloop
  endfacet
  facet normal 0 -0.573591 0.819142
    outer loop
      vertex 84.8 41.65 28.5029
      vertex 82.4 42.2925 28.9528
      vertex 82.4 41.65 28.5029
    endloop
  endfacet
  facet normal 0 -0.965934 0.258789
    outer loop
      vertex 82.4 43.6286 30.8609
      vertex 84.8 43.8316 31.6186
      vertex 82.4 43.8316 31.6186
    endloop
  endfacet
  facet normal 0 -0.965934 0.258789
    outer loop
      vertex 84.8 43.8316 31.6186
      vertex 82.4 43.6286 30.8609
      vertex 84.8 43.6286 30.8609
    endloop
  endfacet
  facet normal 0 -0.906307 0.42262
    outer loop
      vertex 82.4 43.2971 30.15
      vertex 84.8 43.6286 30.8609
      vertex 82.4 43.6286 30.8609
    endloop
  endfacet
  facet normal 0 -0.906307 0.42262
    outer loop
      vertex 84.8 43.6286 30.8609
      vertex 82.4 43.2971 30.15
      vertex 84.8 43.2971 30.15
    endloop
  endfacet
  facet normal 0 -0.906307 -0.42262
    outer loop
      vertex 82.4 43.6286 33.9391
      vertex 84.8 43.2971 34.65
      vertex 82.4 43.2971 34.65
    endloop
  endfacet
  facet normal 0 -0.906307 -0.42262
    outer loop
      vertex 84.8 43.2971 34.65
      vertex 82.4 43.6286 33.9391
      vertex 84.8 43.6286 33.9391
    endloop
  endfacet
  facet normal 0 -0.42262 -0.906307
    outer loop
      vertex 82.4 40.9391 36.6286
      vertex 84.8 41.65 36.2971
      vertex 84.8 40.9391 36.6286
    endloop
  endfacet
  facet normal -0 -0.42262 -0.906307
    outer loop
      vertex 84.8 41.65 36.2971
      vertex 82.4 40.9391 36.6286
      vertex 82.4 41.65 36.2971
    endloop
  endfacet
  facet normal -0 0.0872017 0.996191
    outer loop
      vertex 82.4 39.4 27.9
      vertex 84.8 38.6186 27.9684
      vertex 84.8 39.4 27.9
    endloop
  endfacet
  facet normal 0 0.0872017 0.996191
    outer loop
      vertex 84.8 38.6186 27.9684
      vertex 82.4 39.4 27.9
      vertex 82.4 38.6186 27.9684
    endloop
  endfacet
  facet normal 0 0.965934 0.258789
    outer loop
      vertex 84.8 35.1714 30.8609
      vertex 82.4 34.9684 31.6186
      vertex 84.8 34.9684 31.6186
    endloop
  endfacet
  facet normal 0 0.965934 0.258789
    outer loop
      vertex 82.4 34.9684 31.6186
      vertex 84.8 35.1714 30.8609
      vertex 82.4 35.1714 30.8609
    endloop
  endfacet
  facet normal 0 -0.258789 0.965934
    outer loop
      vertex 82.4 40.9391 28.1714
      vertex 84.8 40.1814 27.9684
      vertex 84.8 40.9391 28.1714
    endloop
  endfacet
  facet normal 0 -0.258789 0.965934
    outer loop
      vertex 84.8 40.1814 27.9684
      vertex 82.4 40.9391 28.1714
      vertex 82.4 40.1814 27.9684
    endloop
  endfacet
  facet normal 0 -0.42262 0.906307
    outer loop
      vertex 82.4 41.65 28.5029
      vertex 84.8 40.9391 28.1714
      vertex 84.8 41.65 28.5029
    endloop
  endfacet
  facet normal 0 -0.42262 0.906307
    outer loop
      vertex 84.8 40.9391 28.1714
      vertex 82.4 41.65 28.5029
      vertex 82.4 40.9391 28.1714
    endloop
  endfacet
  facet normal 0 -0.996191 0.0872017
    outer loop
      vertex 82.4 43.8316 31.6186
      vertex 84.8 43.9 32.4
      vertex 82.4 43.9 32.4
    endloop
  endfacet
  facet normal 0 -0.996191 0.0872017
    outer loop
      vertex 84.8 43.9 32.4
      vertex 82.4 43.8316 31.6186
      vertex 84.8 43.8316 31.6186
    endloop
  endfacet
  facet normal 0 -0.819142 0.573591
    outer loop
      vertex 82.4 42.8472 29.5075
      vertex 84.8 43.2971 30.15
      vertex 82.4 43.2971 30.15
    endloop
  endfacet
  facet normal 0 -0.819142 0.573591
    outer loop
      vertex 84.8 43.2971 30.15
      vertex 82.4 42.8472 29.5075
      vertex 84.8 42.8472 29.5075
    endloop
  endfacet
  facet normal 0 -0.0872017 -0.996191
    outer loop
      vertex 82.4 39.4 36.9
      vertex 84.8 40.1814 36.8316
      vertex 84.8 39.4 36.9
    endloop
  endfacet
  facet normal -0 -0.0872017 -0.996191
    outer loop
      vertex 84.8 40.1814 36.8316
      vertex 82.4 39.4 36.9
      vertex 82.4 40.1814 36.8316
    endloop
  endfacet
  facet normal 0 -0.573591 -0.819142
    outer loop
      vertex 82.4 41.65 36.2971
      vertex 84.8 42.2925 35.8472
      vertex 84.8 41.65 36.2971
    endloop
  endfacet
  facet normal -0 -0.573591 -0.819142
    outer loop
      vertex 84.8 42.2925 35.8472
      vertex 82.4 41.65 36.2971
      vertex 82.4 42.2925 35.8472
    endloop
  endfacet
  facet normal 0 -0.819142 -0.573591
    outer loop
      vertex 82.4 43.2971 34.65
      vertex 84.8 42.8472 35.2925
      vertex 82.4 42.8472 35.2925
    endloop
  endfacet
  facet normal 0 -0.819142 -0.573591
    outer loop
      vertex 84.8 42.8472 35.2925
      vertex 82.4 43.2971 34.65
      vertex 84.8 43.2971 34.65
    endloop
  endfacet
  facet normal 0 -0.965934 -0.258789
    outer loop
      vertex 82.4 43.8316 33.1814
      vertex 84.8 43.6286 33.9391
      vertex 82.4 43.6286 33.9391
    endloop
  endfacet
  facet normal 0 -0.965934 -0.258789
    outer loop
      vertex 84.8 43.6286 33.9391
      vertex 82.4 43.8316 33.1814
      vertex 84.8 43.8316 33.1814
    endloop
  endfacet
  facet normal 0 -0.707107 -0.707107
    outer loop
      vertex 82.4 42.8472 35.2925
      vertex 84.8 42.2925 35.8472
      vertex 82.4 42.2925 35.8472
    endloop
  endfacet
  facet normal 0 -0.707107 -0.707107
    outer loop
      vertex 84.8 42.2925 35.8472
      vertex 82.4 42.8472 35.2925
      vertex 84.8 42.8472 35.2925
    endloop
  endfacet
  facet normal 0 -0.0872017 0.996191
    outer loop
      vertex 82.4 40.1814 27.9684
      vertex 84.8 39.4 27.9
      vertex 84.8 40.1814 27.9684
    endloop
  endfacet
  facet normal 0 -0.0872017 0.996191
    outer loop
      vertex 84.8 39.4 27.9
      vertex 82.4 40.1814 27.9684
      vertex 82.4 39.4 27.9
    endloop
  endfacet
  facet normal 0 0.819142 0.573591
    outer loop
      vertex 84.8 35.9528 29.5075
      vertex 82.4 35.5029 30.15
      vertex 84.8 35.5029 30.15
    endloop
  endfacet
  facet normal 0 0.819142 0.573591
    outer loop
      vertex 82.4 35.5029 30.15
      vertex 84.8 35.9528 29.5075
      vertex 82.4 35.9528 29.5075
    endloop
  endfacet
  facet normal -0 0.42262 0.906307
    outer loop
      vertex 82.4 37.8609 28.1714
      vertex 84.8 37.15 28.5029
      vertex 84.8 37.8609 28.1714
    endloop
  endfacet
  facet normal 0 0.42262 0.906307
    outer loop
      vertex 84.8 37.15 28.5029
      vertex 82.4 37.8609 28.1714
      vertex 82.4 37.15 28.5029
    endloop
  endfacet
  facet normal 0 0.0872017 -0.996191
    outer loop
      vertex 82.4 38.6186 36.8316
      vertex 84.8 39.4 36.9
      vertex 84.8 38.6186 36.8316
    endloop
  endfacet
  facet normal 0 0.0872017 -0.996191
    outer loop
      vertex 84.8 39.4 36.9
      vertex 82.4 38.6186 36.8316
      vertex 82.4 39.4 36.9
    endloop
  endfacet
  facet normal 0 -0.707107 0.707107
    outer loop
      vertex 82.4 42.8472 29.5075
      vertex 84.8 42.2925 28.9528
      vertex 84.8 42.8472 29.5075
    endloop
  endfacet
  facet normal 0 -0.707107 0.707107
    outer loop
      vertex 84.8 42.2925 28.9528
      vertex 82.4 42.8472 29.5075
      vertex 82.4 42.2925 28.9528
    endloop
  endfacet
  facet normal 0 -0.996191 -0.0872017
    outer loop
      vertex 82.4 43.9 32.4
      vertex 84.8 43.8316 33.1814
      vertex 82.4 43.8316 33.1814
    endloop
  endfacet
  facet normal 0 -0.996191 -0.0872017
    outer loop
      vertex 84.8 43.8316 33.1814
      vertex 82.4 43.9 32.4
      vertex 84.8 43.9 32.4
    endloop
  endfacet
  facet normal 0 0.258789 -0.965934
    outer loop
      vertex 82.4 37.8609 36.6286
      vertex 84.8 38.6186 36.8316
      vertex 84.8 37.8609 36.6286
    endloop
  endfacet
  facet normal 0 0.258789 -0.965934
    outer loop
      vertex 84.8 38.6186 36.8316
      vertex 82.4 37.8609 36.6286
      vertex 82.4 38.6186 36.8316
    endloop
  endfacet
  facet normal -0 0.258789 0.965934
    outer loop
      vertex 82.4 38.6186 27.9684
      vertex 84.8 37.8609 28.1714
      vertex 84.8 38.6186 27.9684
    endloop
  endfacet
  facet normal 0 0.258789 0.965934
    outer loop
      vertex 84.8 37.8609 28.1714
      vertex 82.4 38.6186 27.9684
      vertex 82.4 37.8609 28.1714
    endloop
  endfacet
  facet normal 0 0.996191 0.0872017
    outer loop
      vertex 84.8 34.9684 31.6186
      vertex 82.4 34.9 32.4
      vertex 84.8 34.9 32.4
    endloop
  endfacet
  facet normal 0 0.996191 0.0872017
    outer loop
      vertex 82.4 34.9 32.4
      vertex 84.8 34.9684 31.6186
      vertex 82.4 34.9684 31.6186
    endloop
  endfacet
  facet normal 0 0.996191 -0.0872017
    outer loop
      vertex 84.8 34.9 32.4
      vertex 82.4 34.9684 33.1814
      vertex 84.8 34.9684 33.1814
    endloop
  endfacet
  facet normal 0 0.996191 -0.0872017
    outer loop
      vertex 82.4 34.9684 33.1814
      vertex 84.8 34.9 32.4
      vertex 82.4 34.9 32.4
    endloop
  endfacet
  facet normal 0 0.707107 -0.707107
    outer loop
      vertex 84.8 35.9528 35.2925
      vertex 82.4 36.5075 35.8472
      vertex 84.8 36.5075 35.8472
    endloop
  endfacet
  facet normal 0 0.707107 -0.707107
    outer loop
      vertex 82.4 36.5075 35.8472
      vertex 84.8 35.9528 35.2925
      vertex 82.4 35.9528 35.2925
    endloop
  endfacet
  facet normal 0 0.906307 0.42262
    outer loop
      vertex 84.8 35.5029 30.15
      vertex 82.4 35.1714 30.8609
      vertex 84.8 35.1714 30.8609
    endloop
  endfacet
  facet normal 0 0.906307 0.42262
    outer loop
      vertex 82.4 35.1714 30.8609
      vertex 84.8 35.5029 30.15
      vertex 82.4 35.5029 30.15
    endloop
  endfacet
  facet normal 0 0.707107 0.707107
    outer loop
      vertex 84.8 36.5075 28.9528
      vertex 82.4 35.9528 29.5075
      vertex 84.8 35.9528 29.5075
    endloop
  endfacet
  facet normal 0 0.707107 0.707107
    outer loop
      vertex 82.4 35.9528 29.5075
      vertex 84.8 36.5075 28.9528
      vertex 82.4 36.5075 28.9528
    endloop
  endfacet
  facet normal -0 0.573591 0.819142
    outer loop
      vertex 82.4 37.15 28.5029
      vertex 84.8 36.5075 28.9528
      vertex 84.8 37.15 28.5029
    endloop
  endfacet
  facet normal 0 0.573591 0.819142
    outer loop
      vertex 84.8 36.5075 28.9528
      vertex 82.4 37.15 28.5029
      vertex 82.4 36.5075 28.9528
    endloop
  endfacet
  facet normal 0 0.819142 -0.573591
    outer loop
      vertex 84.8 35.5029 34.65
      vertex 82.4 35.9528 35.2925
      vertex 84.8 35.9528 35.2925
    endloop
  endfacet
  facet normal 0 0.819142 -0.573591
    outer loop
      vertex 82.4 35.9528 35.2925
      vertex 84.8 35.5029 34.65
      vertex 82.4 35.5029 34.65
    endloop
  endfacet
  facet normal 0 0.573591 -0.819142
    outer loop
      vertex 82.4 36.5075 35.8472
      vertex 84.8 37.15 36.2971
      vertex 84.8 36.5075 35.8472
    endloop
  endfacet
  facet normal 0 0.573591 -0.819142
    outer loop
      vertex 84.8 37.15 36.2971
      vertex 82.4 36.5075 35.8472
      vertex 82.4 37.15 36.2971
    endloop
  endfacet
  facet normal 0 0.42262 -0.906307
    outer loop
      vertex 82.4 37.15 36.2971
      vertex 84.8 37.8609 36.6286
      vertex 84.8 37.15 36.2971
    endloop
  endfacet
  facet normal 0 0.42262 -0.906307
    outer loop
      vertex 84.8 37.8609 36.6286
      vertex 82.4 37.15 36.2971
      vertex 82.4 37.8609 36.6286
    endloop
  endfacet
  facet normal 0 0.965934 -0.258789
    outer loop
      vertex 84.8 34.9684 33.1814
      vertex 82.4 35.1714 33.9391
      vertex 84.8 35.1714 33.9391
    endloop
  endfacet
  facet normal 0 0.965934 -0.258789
    outer loop
      vertex 82.4 35.1714 33.9391
      vertex 84.8 34.9684 33.1814
      vertex 82.4 34.9684 33.1814
    endloop
  endfacet
  facet normal 0 0.906307 -0.42262
    outer loop
      vertex 84.8 35.1714 33.9391
      vertex 82.4 35.5029 34.65
      vertex 84.8 35.5029 34.65
    endloop
  endfacet
  facet normal 0 0.906307 -0.42262
    outer loop
      vertex 82.4 35.5029 34.65
      vertex 84.8 35.1714 33.9391
      vertex 82.4 35.1714 33.9391
    endloop
  endfacet
  facet normal 0 -0.573591 0.819142
    outer loop
      vertex 82.4 80.2925 28.9528
      vertex 84.8 79.65 28.5029
      vertex 84.8 80.2925 28.9528
    endloop
  endfacet
  facet normal 0 -0.573591 0.819142
    outer loop
      vertex 84.8 79.65 28.5029
      vertex 82.4 80.2925 28.9528
      vertex 82.4 79.65 28.5029
    endloop
  endfacet
  facet normal 0 -0.965934 0.258789
    outer loop
      vertex 82.4 81.6286 30.8609
      vertex 84.8 81.8316 31.6186
      vertex 82.4 81.8316 31.6186
    endloop
  endfacet
  facet normal 0 -0.965934 0.258789
    outer loop
      vertex 84.8 81.8316 31.6186
      vertex 82.4 81.6286 30.8609
      vertex 84.8 81.6286 30.8609
    endloop
  endfacet
  facet normal 0 -0.906307 0.42262
    outer loop
      vertex 82.4 81.2971 30.15
      vertex 84.8 81.6286 30.8609
      vertex 82.4 81.6286 30.8609
    endloop
  endfacet
  facet normal 0 -0.906307 0.42262
    outer loop
      vertex 84.8 81.6286 30.8609
      vertex 82.4 81.2971 30.15
      vertex 84.8 81.2971 30.15
    endloop
  endfacet
  facet normal 0 -0.906307 -0.42262
    outer loop
      vertex 82.4 81.6286 33.9391
      vertex 84.8 81.2971 34.65
      vertex 82.4 81.2971 34.65
    endloop
  endfacet
  facet normal 0 -0.906307 -0.42262
    outer loop
      vertex 84.8 81.2971 34.65
      vertex 82.4 81.6286 33.9391
      vertex 84.8 81.6286 33.9391
    endloop
  endfacet
  facet normal 0 -0.42262 -0.906307
    outer loop
      vertex 82.4 78.9391 36.6286
      vertex 84.8 79.65 36.2971
      vertex 84.8 78.9391 36.6286
    endloop
  endfacet
  facet normal -0 -0.42262 -0.906307
    outer loop
      vertex 84.8 79.65 36.2971
      vertex 82.4 78.9391 36.6286
      vertex 82.4 79.65 36.2971
    endloop
  endfacet
  facet normal -0 0.0872017 0.996191
    outer loop
      vertex 82.4 77.4 27.9
      vertex 84.8 76.6186 27.9684
      vertex 84.8 77.4 27.9
    endloop
  endfacet
  facet normal 0 0.0872017 0.996191
    outer loop
      vertex 84.8 76.6186 27.9684
      vertex 82.4 77.4 27.9
      vertex 82.4 76.6186 27.9684
    endloop
  endfacet
  facet normal 0 0.965934 0.258789
    outer loop
      vertex 84.8 73.1714 30.8609
      vertex 82.4 72.9684 31.6186
      vertex 84.8 72.9684 31.6186
    endloop
  endfacet
  facet normal 0 0.965934 0.258789
    outer loop
      vertex 82.4 72.9684 31.6186
      vertex 84.8 73.1714 30.8609
      vertex 82.4 73.1714 30.8609
    endloop
  endfacet
  facet normal 0 -0.258789 0.965934
    outer loop
      vertex 82.4 78.9391 28.1714
      vertex 84.8 78.1814 27.9684
      vertex 84.8 78.9391 28.1714
    endloop
  endfacet
  facet normal 0 -0.258789 0.965934
    outer loop
      vertex 84.8 78.1814 27.9684
      vertex 82.4 78.9391 28.1714
      vertex 82.4 78.1814 27.9684
    endloop
  endfacet
  facet normal 0 -0.42262 0.906307
    outer loop
      vertex 82.4 79.65 28.5029
      vertex 84.8 78.9391 28.1714
      vertex 84.8 79.65 28.5029
    endloop
  endfacet
  facet normal 0 -0.42262 0.906307
    outer loop
      vertex 84.8 78.9391 28.1714
      vertex 82.4 79.65 28.5029
      vertex 82.4 78.9391 28.1714
    endloop
  endfacet
  facet normal 0 -0.996191 0.0872017
    outer loop
      vertex 82.4 81.8316 31.6186
      vertex 84.8 81.9 32.4
      vertex 82.4 81.9 32.4
    endloop
  endfacet
  facet normal 0 -0.996191 0.0872017
    outer loop
      vertex 84.8 81.9 32.4
      vertex 82.4 81.8316 31.6186
      vertex 84.8 81.8316 31.6186
    endloop
  endfacet
  facet normal 0 -0.819142 0.573591
    outer loop
      vertex 82.4 80.8472 29.5075
      vertex 84.8 81.2971 30.15
      vertex 82.4 81.2971 30.15
    endloop
  endfacet
  facet normal 0 -0.819142 0.573591
    outer loop
      vertex 84.8 81.2971 30.15
      vertex 82.4 80.8472 29.5075
      vertex 84.8 80.8472 29.5075
    endloop
  endfacet
  facet normal 0 -0.0872017 -0.996191
    outer loop
      vertex 82.4 77.4 36.9
      vertex 84.8 78.1814 36.8316
      vertex 84.8 77.4 36.9
    endloop
  endfacet
  facet normal -0 -0.0872017 -0.996191
    outer loop
      vertex 84.8 78.1814 36.8316
      vertex 82.4 77.4 36.9
      vertex 82.4 78.1814 36.8316
    endloop
  endfacet
  facet normal 0 -0.573591 -0.819142
    outer loop
      vertex 82.4 79.65 36.2971
      vertex 84.8 80.2925 35.8472
      vertex 84.8 79.65 36.2971
    endloop
  endfacet
  facet normal -0 -0.573591 -0.819142
    outer loop
      vertex 84.8 80.2925 35.8472
      vertex 82.4 79.65 36.2971
      vertex 82.4 80.2925 35.8472
    endloop
  endfacet
  facet normal 0 -0.819142 -0.573591
    outer loop
      vertex 82.4 81.2971 34.65
      vertex 84.8 80.8472 35.2925
      vertex 82.4 80.8472 35.2925
    endloop
  endfacet
  facet normal 0 -0.819142 -0.573591
    outer loop
      vertex 84.8 80.8472 35.2925
      vertex 82.4 81.2971 34.65
      vertex 84.8 81.2971 34.65
    endloop
  endfacet
  facet normal 0 -0.965934 -0.258789
    outer loop
      vertex 82.4 81.8316 33.1814
      vertex 84.8 81.6286 33.9391
      vertex 82.4 81.6286 33.9391
    endloop
  endfacet
  facet normal 0 -0.965934 -0.258789
    outer loop
      vertex 84.8 81.6286 33.9391
      vertex 82.4 81.8316 33.1814
      vertex 84.8 81.8316 33.1814
    endloop
  endfacet
  facet normal 0 -0.707107 -0.707107
    outer loop
      vertex 82.4 80.8472 35.2925
      vertex 84.8 80.2925 35.8472
      vertex 82.4 80.2925 35.8472
    endloop
  endfacet
  facet normal 0 -0.707107 -0.707107
    outer loop
      vertex 84.8 80.2925 35.8472
      vertex 82.4 80.8472 35.2925
      vertex 84.8 80.8472 35.2925
    endloop
  endfacet
  facet normal 0 -0.0872017 0.996191
    outer loop
      vertex 82.4 78.1814 27.9684
      vertex 84.8 77.4 27.9
      vertex 84.8 78.1814 27.9684
    endloop
  endfacet
  facet normal 0 -0.0872017 0.996191
    outer loop
      vertex 84.8 77.4 27.9
      vertex 82.4 78.1814 27.9684
      vertex 82.4 77.4 27.9
    endloop
  endfacet
  facet normal 0 0.819142 0.573591
    outer loop
      vertex 84.8 73.9528 29.5075
      vertex 82.4 73.5029 30.15
      vertex 84.8 73.5029 30.15
    endloop
  endfacet
  facet normal 0 0.819142 0.573591
    outer loop
      vertex 82.4 73.5029 30.15
      vertex 84.8 73.9528 29.5075
      vertex 82.4 73.9528 29.5075
    endloop
  endfacet
  facet normal -0 0.42262 0.906307
    outer loop
      vertex 82.4 75.8609 28.1714
      vertex 84.8 75.15 28.5029
      vertex 84.8 75.8609 28.1714
    endloop
  endfacet
  facet normal 0 0.42262 0.906307
    outer loop
      vertex 84.8 75.15 28.5029
      vertex 82.4 75.8609 28.1714
      vertex 82.4 75.15 28.5029
    endloop
  endfacet
  facet normal 0 0.0872017 -0.996191
    outer loop
      vertex 82.4 76.6186 36.8316
      vertex 84.8 77.4 36.9
      vertex 84.8 76.6186 36.8316
    endloop
  endfacet
  facet normal 0 0.0872017 -0.996191
    outer loop
      vertex 84.8 77.4 36.9
      vertex 82.4 76.6186 36.8316
      vertex 82.4 77.4 36.9
    endloop
  endfacet
  facet normal 0 -0.707107 0.707107
    outer loop
      vertex 82.4 80.8472 29.5075
      vertex 84.8 80.2925 28.9528
      vertex 84.8 80.8472 29.5075
    endloop
  endfacet
  facet normal 0 -0.707107 0.707107
    outer loop
      vertex 84.8 80.2925 28.9528
      vertex 82.4 80.8472 29.5075
      vertex 82.4 80.2925 28.9528
    endloop
  endfacet
  facet normal 0 -0.996191 -0.0872017
    outer loop
      vertex 82.4 81.9 32.4
      vertex 84.8 81.8316 33.1814
      vertex 82.4 81.8316 33.1814
    endloop
  endfacet
  facet normal 0 -0.996191 -0.0872017
    outer loop
      vertex 84.8 81.8316 33.1814
      vertex 82.4 81.9 32.4
      vertex 84.8 81.9 32.4
    endloop
  endfacet
  facet normal 0 -0.258789 -0.965934
    outer loop
      vertex 82.4 78.1814 36.8316
      vertex 84.8 78.9391 36.6286
      vertex 84.8 78.1814 36.8316
    endloop
  endfacet
  facet normal -0 -0.258789 -0.965934
    outer loop
      vertex 84.8 78.9391 36.6286
      vertex 82.4 78.1814 36.8316
      vertex 82.4 78.9391 36.6286
    endloop
  endfacet
  facet normal 0 0.258789 -0.965934
    outer loop
      vertex 82.4 75.8609 36.6286
      vertex 84.8 76.6186 36.8316
      vertex 84.8 75.8609 36.6286
    endloop
  endfacet
  facet normal 0 0.258789 -0.965934
    outer loop
      vertex 84.8 76.6186 36.8316
      vertex 82.4 75.8609 36.6286
      vertex 82.4 76.6186 36.8316
    endloop
  endfacet
  facet normal -0 0.258789 0.965934
    outer loop
      vertex 82.4 76.6186 27.9684
      vertex 84.8 75.8609 28.1714
      vertex 84.8 76.6186 27.9684
    endloop
  endfacet
  facet normal 0 0.258789 0.965934
    outer loop
      vertex 84.8 75.8609 28.1714
      vertex 82.4 76.6186 27.9684
      vertex 82.4 75.8609 28.1714
    endloop
  endfacet
  facet normal 0 0.996191 0.0872017
    outer loop
      vertex 84.8 72.9684 31.6186
      vertex 82.4 72.9 32.4
      vertex 84.8 72.9 32.4
    endloop
  endfacet
  facet normal 0 0.996191 0.0872017
    outer loop
      vertex 82.4 72.9 32.4
      vertex 84.8 72.9684 31.6186
      vertex 82.4 72.9684 31.6186
    endloop
  endfacet
  facet normal 0 0.996191 -0.0872017
    outer loop
      vertex 84.8 72.9 32.4
      vertex 82.4 72.9684 33.1814
      vertex 84.8 72.9684 33.1814
    endloop
  endfacet
  facet normal 0 0.996191 -0.0872017
    outer loop
      vertex 82.4 72.9684 33.1814
      vertex 84.8 72.9 32.4
      vertex 82.4 72.9 32.4
    endloop
  endfacet
  facet normal 0 0.707107 -0.707107
    outer loop
      vertex 84.8 73.9528 35.2925
      vertex 82.4 74.5075 35.8472
      vertex 84.8 74.5075 35.8472
    endloop
  endfacet
  facet normal 0 0.707107 -0.707107
    outer loop
      vertex 82.4 74.5075 35.8472
      vertex 84.8 73.9528 35.2925
      vertex 82.4 73.9528 35.2925
    endloop
  endfacet
  facet normal 0 0.906307 0.42262
    outer loop
      vertex 84.8 73.5029 30.15
      vertex 82.4 73.1714 30.8609
      vertex 84.8 73.1714 30.8609
    endloop
  endfacet
  facet normal 0 0.906307 0.42262
    outer loop
      vertex 82.4 73.1714 30.8609
      vertex 84.8 73.5029 30.15
      vertex 82.4 73.5029 30.15
    endloop
  endfacet
  facet normal -0 0.707107 0.707107
    outer loop
      vertex 82.4 74.5075 28.9528
      vertex 84.8 73.9528 29.5075
      vertex 84.8 74.5075 28.9528
    endloop
  endfacet
  facet normal 0 0.707107 0.707107
    outer loop
      vertex 84.8 73.9528 29.5075
      vertex 82.4 74.5075 28.9528
      vertex 82.4 73.9528 29.5075
    endloop
  endfacet
  facet normal -0 0.573591 0.819142
    outer loop
      vertex 82.4 75.15 28.5029
      vertex 84.8 74.5075 28.9528
      vertex 84.8 75.15 28.5029
    endloop
  endfacet
  facet normal 0 0.573591 0.819142
    outer loop
      vertex 84.8 74.5075 28.9528
      vertex 82.4 75.15 28.5029
      vertex 82.4 74.5075 28.9528
    endloop
  endfacet
  facet normal 0 0.819142 -0.573591
    outer loop
      vertex 84.8 73.5029 34.65
      vertex 82.4 73.9528 35.2925
      vertex 84.8 73.9528 35.2925
    endloop
  endfacet
  facet normal 0 0.819142 -0.573591
    outer loop
      vertex 82.4 73.9528 35.2925
      vertex 84.8 73.5029 34.65
      vertex 82.4 73.5029 34.65
    endloop
  endfacet
  facet normal 0 0.573591 -0.819142
    outer loop
      vertex 82.4 74.5075 35.8472
      vertex 84.8 75.15 36.2971
      vertex 84.8 74.5075 35.8472
    endloop
  endfacet
  facet normal 0 0.573591 -0.819142
    outer loop
      vertex 84.8 75.15 36.2971
      vertex 82.4 74.5075 35.8472
      vertex 82.4 75.15 36.2971
    endloop
  endfacet
  facet normal 0 0.42262 -0.906307
    outer loop
      vertex 82.4 75.15 36.2971
      vertex 84.8 75.8609 36.6286
      vertex 84.8 75.15 36.2971
    endloop
  endfacet
  facet normal 0 0.42262 -0.906307
    outer loop
      vertex 84.8 75.8609 36.6286
      vertex 82.4 75.15 36.2971
      vertex 82.4 75.8609 36.6286
    endloop
  endfacet
  facet normal 0 0.965934 -0.258789
    outer loop
      vertex 84.8 72.9684 33.1814
      vertex 82.4 73.1714 33.9391
      vertex 84.8 73.1714 33.9391
    endloop
  endfacet
  facet normal 0 0.965934 -0.258789
    outer loop
      vertex 82.4 73.1714 33.9391
      vertex 84.8 72.9684 33.1814
      vertex 82.4 72.9684 33.1814
    endloop
  endfacet
  facet normal 0 0.906307 -0.42262
    outer loop
      vertex 84.8 73.1714 33.9391
      vertex 82.4 73.5029 34.65
      vertex 84.8 73.5029 34.65
    endloop
  endfacet
  facet normal 0 0.906307 -0.42262
    outer loop
      vertex 82.4 73.5029 34.65
      vertex 84.8 73.1714 33.9391
      vertex 82.4 73.1714 33.9391
    endloop
  endfacet
  facet normal 0 -0.573291 0.819352
    outer loop
      vertex 82.4 118.293 28.9528
      vertex 84.8 117.65 28.5029
      vertex 84.8 118.293 28.9528
    endloop
  endfacet
  facet normal 0 -0.573291 0.819352
    outer loop
      vertex 84.8 117.65 28.5029
      vertex 82.4 118.293 28.9528
      vertex 82.4 117.65 28.5029
    endloop
  endfacet
  facet normal 0 -0.965934 0.258789
    outer loop
      vertex 82.4 119.629 30.8609
      vertex 84.8 119.832 31.6186
      vertex 82.4 119.832 31.6186
    endloop
  endfacet
  facet normal 0 -0.965934 0.258789
    outer loop
      vertex 84.8 119.832 31.6186
      vertex 82.4 119.629 30.8609
      vertex 84.8 119.629 30.8609
    endloop
  endfacet
  facet normal 0 -0.906063 0.423144
    outer loop
      vertex 82.4 119.297 30.15
      vertex 84.8 119.629 30.8609
      vertex 82.4 119.629 30.8609
    endloop
  endfacet
  facet normal 0 -0.906063 0.423144
    outer loop
      vertex 84.8 119.629 30.8609
      vertex 82.4 119.297 30.15
      vertex 84.8 119.297 30.15
    endloop
  endfacet
  facet normal 0 -0.906063 -0.423144
    outer loop
      vertex 82.4 119.629 33.9391
      vertex 84.8 119.297 34.65
      vertex 82.4 119.297 34.65
    endloop
  endfacet
  facet normal 0 -0.906063 -0.423144
    outer loop
      vertex 84.8 119.297 34.65
      vertex 82.4 119.629 33.9391
      vertex 84.8 119.629 33.9391
    endloop
  endfacet
  facet normal 0 -0.422571 -0.90633
    outer loop
      vertex 82.4 116.939 36.6286
      vertex 84.8 117.65 36.2971
      vertex 84.8 116.939 36.6286
    endloop
  endfacet
  facet normal -0 -0.422571 -0.90633
    outer loop
      vertex 84.8 117.65 36.2971
      vertex 82.4 116.939 36.6286
      vertex 82.4 117.65 36.2971
    endloop
  endfacet
  facet normal -0 0.0872461 0.996187
    outer loop
      vertex 82.4 115.4 27.9
      vertex 84.8 114.619 27.9684
      vertex 84.8 115.4 27.9
    endloop
  endfacet
  facet normal 0 0.0872461 0.996187
    outer loop
      vertex 84.8 114.619 27.9684
      vertex 82.4 115.4 27.9
      vertex 82.4 114.619 27.9684
    endloop
  endfacet
  facet normal 0 0.965934 0.258789
    outer loop
      vertex 84.8 111.171 30.8609
      vertex 82.4 110.968 31.6186
      vertex 84.8 110.968 31.6186
    endloop
  endfacet
  facet normal 0 0.965934 0.258789
    outer loop
      vertex 82.4 110.968 31.6186
      vertex 84.8 111.171 30.8609
      vertex 82.4 111.171 30.8609
    endloop
  endfacet
  facet normal 0 -0.258694 0.965959
    outer loop
      vertex 82.4 116.939 28.1714
      vertex 84.8 116.181 27.9684
      vertex 84.8 116.939 28.1714
    endloop
  endfacet
  facet normal 0 -0.258694 0.965959
    outer loop
      vertex 84.8 116.181 27.9684
      vertex 82.4 116.939 28.1714
      vertex 82.4 116.181 27.9684
    endloop
  endfacet
  facet normal 0 -0.422571 0.90633
    outer loop
      vertex 82.4 117.65 28.5029
      vertex 84.8 116.939 28.1714
      vertex 84.8 117.65 28.5029
    endloop
  endfacet
  facet normal 0 -0.422571 0.90633
    outer loop
      vertex 84.8 116.939 28.1714
      vertex 82.4 117.65 28.5029
      vertex 82.4 116.939 28.1714
    endloop
  endfacet
  facet normal 0 -0.996235 0.0866956
    outer loop
      vertex 82.4 119.832 31.6186
      vertex 84.8 119.9 32.4
      vertex 82.4 119.9 32.4
    endloop
  endfacet
  facet normal 0 -0.996235 0.0866956
    outer loop
      vertex 84.8 119.9 32.4
      vertex 82.4 119.832 31.6186
      vertex 84.8 119.832 31.6186
    endloop
  endfacet
  facet normal 0 -0.819082 0.573676
    outer loop
      vertex 82.4 118.847 29.5075
      vertex 84.8 119.297 30.15
      vertex 82.4 119.297 30.15
    endloop
  endfacet
  facet normal 0 -0.819082 0.573676
    outer loop
      vertex 84.8 119.297 30.15
      vertex 82.4 118.847 29.5075
      vertex 84.8 118.847 29.5075
    endloop
  endfacet
  facet normal 0 -0.0872461 -0.996187
    outer loop
      vertex 82.4 115.4 36.9
      vertex 84.8 116.181 36.8316
      vertex 84.8 115.4 36.9
    endloop
  endfacet
  facet normal -0 -0.0872461 -0.996187
    outer loop
      vertex 84.8 116.181 36.8316
      vertex 82.4 115.4 36.9
      vertex 82.4 116.181 36.8316
    endloop
  endfacet
  facet normal 0 -0.573291 -0.819352
    outer loop
      vertex 82.4 117.65 36.2971
      vertex 84.8 118.293 35.8472
      vertex 84.8 117.65 36.2971
    endloop
  endfacet
  facet normal -0 -0.573291 -0.819352
    outer loop
      vertex 84.8 118.293 35.8472
      vertex 82.4 117.65 36.2971
      vertex 82.4 118.293 35.8472
    endloop
  endfacet
  facet normal 0 -0.819082 -0.573676
    outer loop
      vertex 82.4 119.297 34.65
      vertex 84.8 118.847 35.2925
      vertex 82.4 118.847 35.2925
    endloop
  endfacet
  facet normal 0 -0.819082 -0.573676
    outer loop
      vertex 84.8 118.847 35.2925
      vertex 82.4 119.297 34.65
      vertex 84.8 119.297 34.65
    endloop
  endfacet
  facet normal 0 -0.965934 -0.258789
    outer loop
      vertex 82.4 119.832 33.1814
      vertex 84.8 119.629 33.9391
      vertex 82.4 119.629 33.9391
    endloop
  endfacet
  facet normal 0 -0.965934 -0.258789
    outer loop
      vertex 84.8 119.629 33.9391
      vertex 82.4 119.832 33.1814
      vertex 84.8 119.832 33.1814
    endloop
  endfacet
  facet normal 0 -0.707553 -0.70666
    outer loop
      vertex 82.4 118.847 35.2925
      vertex 84.8 118.293 35.8472
      vertex 82.4 118.293 35.8472
    endloop
  endfacet
  facet normal 0 -0.707553 -0.70666
    outer loop
      vertex 84.8 118.293 35.8472
      vertex 82.4 118.847 35.2925
      vertex 84.8 118.847 35.2925
    endloop
  endfacet
  facet normal 0 -0.0872461 0.996187
    outer loop
      vertex 82.4 116.181 27.9684
      vertex 84.8 115.4 27.9
      vertex 84.8 116.181 27.9684
    endloop
  endfacet
  facet normal 0 -0.0872461 0.996187
    outer loop
      vertex 84.8 115.4 27.9
      vertex 82.4 116.181 27.9684
      vertex 82.4 115.4 27.9
    endloop
  endfacet
  facet normal 0 0.819082 0.573676
    outer loop
      vertex 84.8 111.953 29.5075
      vertex 82.4 111.503 30.15
      vertex 84.8 111.503 30.15
    endloop
  endfacet
  facet normal 0 0.819082 0.573676
    outer loop
      vertex 82.4 111.503 30.15
      vertex 84.8 111.953 29.5075
      vertex 82.4 111.953 29.5075
    endloop
  endfacet
  facet normal 0 -0.707553 0.70666
    outer loop
      vertex 82.4 118.847 29.5075
      vertex 84.8 118.293 28.9528
      vertex 84.8 118.847 29.5075
    endloop
  endfacet
  facet normal 0 -0.707553 0.70666
    outer loop
      vertex 84.8 118.293 28.9528
      vertex 82.4 118.847 29.5075
      vertex 82.4 118.293 28.9528
    endloop
  endfacet
  facet normal 0 -0.996235 -0.0866956
    outer loop
      vertex 82.4 119.9 32.4
      vertex 84.8 119.832 33.1814
      vertex 82.4 119.832 33.1814
    endloop
  endfacet
  facet normal 0 -0.996235 -0.0866956
    outer loop
      vertex 84.8 119.832 33.1814
      vertex 82.4 119.9 32.4
      vertex 84.8 119.9 32.4
    endloop
  endfacet
  facet normal 0 -0.258694 -0.965959
    outer loop
      vertex 82.4 116.181 36.8316
      vertex 84.8 116.939 36.6286
      vertex 84.8 116.181 36.8316
    endloop
  endfacet
  facet normal -0 -0.258694 -0.965959
    outer loop
      vertex 84.8 116.939 36.6286
      vertex 82.4 116.181 36.8316
      vertex 82.4 116.939 36.6286
    endloop
  endfacet
  facet normal -0 0.422571 0.90633
    outer loop
      vertex 82.4 113.861 28.1714
      vertex 84.8 113.15 28.5029
      vertex 84.8 113.861 28.1714
    endloop
  endfacet
  facet normal 0 0.422571 0.90633
    outer loop
      vertex 84.8 113.15 28.5029
      vertex 82.4 113.861 28.1714
      vertex 82.4 113.15 28.5029
    endloop
  endfacet
  facet normal 0 0.0872461 -0.996187
    outer loop
      vertex 82.4 114.619 36.8316
      vertex 84.8 115.4 36.9
      vertex 84.8 114.619 36.8316
    endloop
  endfacet
  facet normal 0 0.0872461 -0.996187
    outer loop
      vertex 84.8 115.4 36.9
      vertex 82.4 114.619 36.8316
      vertex 82.4 115.4 36.9
    endloop
  endfacet
  facet normal 0 0.422571 -0.90633
    outer loop
      vertex 82.4 113.15 36.2971
      vertex 84.8 113.861 36.6286
      vertex 84.8 113.15 36.2971
    endloop
  endfacet
  facet normal 0 0.422571 -0.90633
    outer loop
      vertex 84.8 113.861 36.6286
      vertex 82.4 113.15 36.2971
      vertex 82.4 113.861 36.6286
    endloop
  endfacet
  facet normal 0 0.906063 0.423144
    outer loop
      vertex 84.8 111.503 30.15
      vertex 82.4 111.171 30.8609
      vertex 84.8 111.171 30.8609
    endloop
  endfacet
  facet normal 0 0.906063 0.423144
    outer loop
      vertex 82.4 111.171 30.8609
      vertex 84.8 111.503 30.15
      vertex 82.4 111.503 30.15
    endloop
  endfacet
  facet normal -0 0.707553 0.70666
    outer loop
      vertex 82.4 112.507 28.9528
      vertex 84.8 111.953 29.5075
      vertex 84.8 112.507 28.9528
    endloop
  endfacet
  facet normal 0 0.707553 0.70666
    outer loop
      vertex 84.8 111.953 29.5075
      vertex 82.4 112.507 28.9528
      vertex 82.4 111.953 29.5075
    endloop
  endfacet
  facet normal -0 0.258694 0.965959
    outer loop
      vertex 82.4 114.619 27.9684
      vertex 84.8 113.861 28.1714
      vertex 84.8 114.619 27.9684
    endloop
  endfacet
  facet normal 0 0.258694 0.965959
    outer loop
      vertex 84.8 113.861 28.1714
      vertex 82.4 114.619 27.9684
      vertex 82.4 113.861 28.1714
    endloop
  endfacet
  facet normal 0 0.996235 0.0866956
    outer loop
      vertex 84.8 110.968 31.6186
      vertex 82.4 110.9 32.4
      vertex 84.8 110.9 32.4
    endloop
  endfacet
  facet normal 0 0.996235 0.0866956
    outer loop
      vertex 82.4 110.9 32.4
      vertex 84.8 110.968 31.6186
      vertex 82.4 110.968 31.6186
    endloop
  endfacet
  facet normal 0 0.996235 -0.0866956
    outer loop
      vertex 84.8 110.9 32.4
      vertex 82.4 110.968 33.1814
      vertex 84.8 110.968 33.1814
    endloop
  endfacet
  facet normal 0 0.996235 -0.0866956
    outer loop
      vertex 82.4 110.968 33.1814
      vertex 84.8 110.9 32.4
      vertex 82.4 110.9 32.4
    endloop
  endfacet
  facet normal 0 0.573291 -0.819352
    outer loop
      vertex 82.4 112.507 35.8472
      vertex 84.8 113.15 36.2971
      vertex 84.8 112.507 35.8472
    endloop
  endfacet
  facet normal 0 0.573291 -0.819352
    outer loop
      vertex 84.8 113.15 36.2971
      vertex 82.4 112.507 35.8472
      vertex 82.4 113.15 36.2971
    endloop
  endfacet
  facet normal 0 0.258694 -0.965959
    outer loop
      vertex 82.4 113.861 36.6286
      vertex 84.8 114.619 36.8316
      vertex 84.8 113.861 36.6286
    endloop
  endfacet
  facet normal 0 0.258694 -0.965959
    outer loop
      vertex 84.8 114.619 36.8316
      vertex 82.4 113.861 36.6286
      vertex 82.4 114.619 36.8316
    endloop
  endfacet
  facet normal 0 0.965934 -0.258789
    outer loop
      vertex 84.8 110.968 33.1814
      vertex 82.4 111.171 33.9391
      vertex 84.8 111.171 33.9391
    endloop
  endfacet
  facet normal 0 0.965934 -0.258789
    outer loop
      vertex 82.4 111.171 33.9391
      vertex 84.8 110.968 33.1814
      vertex 82.4 110.968 33.1814
    endloop
  endfacet
  facet normal 0 0.819082 -0.573676
    outer loop
      vertex 84.8 111.503 34.65
      vertex 82.4 111.953 35.2925
      vertex 84.8 111.953 35.2925
    endloop
  endfacet
  facet normal 0 0.819082 -0.573676
    outer loop
      vertex 82.4 111.953 35.2925
      vertex 84.8 111.503 34.65
      vertex 82.4 111.503 34.65
    endloop
  endfacet
  facet normal 0 0.707553 -0.70666
    outer loop
      vertex 84.8 111.953 35.2925
      vertex 82.4 112.507 35.8472
      vertex 84.8 112.507 35.8472
    endloop
  endfacet
  facet normal 0 0.707553 -0.70666
    outer loop
      vertex 82.4 112.507 35.8472
      vertex 84.8 111.953 35.2925
      vertex 82.4 111.953 35.2925
    endloop
  endfacet
  facet normal -0 0.573291 0.819352
    outer loop
      vertex 82.4 113.15 28.5029
      vertex 84.8 112.507 28.9528
      vertex 84.8 113.15 28.5029
    endloop
  endfacet
  facet normal 0 0.573291 0.819352
    outer loop
      vertex 84.8 112.507 28.9528
      vertex 82.4 113.15 28.5029
      vertex 82.4 112.507 28.9528
    endloop
  endfacet
  facet normal 0 0.906063 -0.423144
    outer loop
      vertex 84.8 111.171 33.9391
      vertex 82.4 111.503 34.65
      vertex 84.8 111.503 34.65
    endloop
  endfacet
  facet normal 0 0.906063 -0.423144
    outer loop
      vertex 82.4 111.503 34.65
      vertex 84.8 111.171 33.9391
      vertex 82.4 111.171 33.9391
    endloop
  endfacet
  facet normal 0 0 -1
    outer loop
      vertex 0 17.4 17.4
      vertex 2.4 31.4 17.4
      vertex 2.4 17.4 17.4
    endloop
  endfacet
  facet normal -0 0 -1
    outer loop
      vertex 2.4 31.4 17.4
      vertex 0 17.4 17.4
      vertex 0 31.4 17.4
    endloop
  endfacet
  facet normal 0 -1 0
    outer loop
      vertex 0 31.4 12.4
      vertex 2.4 31.4 17.4
      vertex 0 31.4 17.4
    endloop
  endfacet
  facet normal 0 -1 -0
    outer loop
      vertex 2.4 31.4 17.4
      vertex 0 31.4 12.4
      vertex 2.4 31.4 12.4
    endloop
  endfacet
  facet normal -0 0 1
    outer loop
      vertex 0 31.4 12.4
      vertex 2.4 17.4 12.4
      vertex 2.4 31.4 12.4
    endloop
  endfacet
  facet normal 0 0 1
    outer loop
      vertex 2.4 17.4 12.4
      vertex 0 31.4 12.4
      vertex 0 17.4 12.4
    endloop
  endfacet
  facet normal 0 1 -0
    outer loop
      vertex 2.4 17.4 12.4
      vertex 0 17.4 17.4
      vertex 2.4 17.4 17.4
    endloop
  endfacet
  facet normal 0 1 0
    outer loop
      vertex 0 17.4 17.4
      vertex 2.4 17.4 12.4
      vertex 0 17.4 12.4
    endloop
  endfacet
  facet normal 0 0 -1
    outer loop
      vertex 0 17.4 155.4
      vertex 2.4 31.4 155.4
      vertex 2.4 17.4 155.4
    endloop
  endfacet
  facet normal -0 0 -1
    outer loop
      vertex 2.4 31.4 155.4
      vertex 0 17.4 155.4
      vertex 0 31.4 155.4
    endloop
  endfacet
  facet normal 0 -1 0
    outer loop
      vertex 0 31.4 150.4
      vertex 2.4 31.4 155.4
      vertex 0 31.4 155.4
    endloop
  endfacet
  facet normal 0 -1 -0
    outer loop
      vertex 2.4 31.4 155.4
      vertex 0 31.4 150.4
      vertex 2.4 31.4 150.4
    endloop
  endfacet
  facet normal -0 0 1
    outer loop
      vertex 0 31.4 150.4
      vertex 2.4 17.4 150.4
      vertex 2.4 31.4 150.4
    endloop
  endfacet
  facet normal 0 0 1
    outer loop
      vertex 2.4 17.4 150.4
      vertex 0 31.4 150.4
      vertex 0 17.4 150.4
    endloop
  endfacet
  facet normal 0 1 -0
    outer loop
      vertex 2.4 17.4 150.4
      vertex 0 17.4 155.4
      vertex 2.4 17.4 155.4
    endloop
  endfacet
  facet normal 0 1 0
    outer loop
      vertex 0 17.4 155.4
      vertex 2.4 17.4 150.4
      vertex 0 17.4 150.4
    endloop
  endfacet
  facet normal 0 0 -1
    outer loop
      vertex 0 39.4 17.4
      vertex 2.4 53.4 17.4
      vertex 2.4 39.4 17.4
    endloop
  endfacet
  facet normal -0 0 -1
    outer loop
      vertex 2.4 53.4 17.4
      vertex 0 39.4 17.4
      vertex 0 53.4 17.4
    endloop
  endfacet
  facet normal 0 -1 0
    outer loop
      vertex 0 53.4 12.4
      vertex 2.4 53.4 17.4
      vertex 0 53.4 17.4
    endloop
  endfacet
  facet normal 0 -1 -0
    outer loop
      vertex 2.4 53.4 17.4
      vertex 0 53.4 12.4
      vertex 2.4 53.4 12.4
    endloop
  endfacet
  facet normal -0 0 1
    outer loop
      vertex 0 53.4 12.4
      vertex 2.4 39.4 12.4
      vertex 2.4 53.4 12.4
    endloop
  endfacet
  facet normal 0 0 1
    outer loop
      vertex 2.4 39.4 12.4
      vertex 0 53.4 12.4
      vertex 0 39.4 12.4
    endloop
  endfacet
  facet normal 0 1 -0
    outer loop
      vertex 2.4 39.4 12.4
      vertex 0 39.4 17.4
      vertex 2.4 39.4 17.4
    endloop
  endfacet
  facet normal 0 1 0
    outer loop
      vertex 0 39.4 17.4
      vertex 2.4 39.4 12.4
      vertex 0 39.4 12.4
    endloop
  endfacet
  facet normal 0 0 -1
    outer loop
      vertex 0 39.4 155.4
      vertex 2.4 53.4 155.4
      vertex 2.4 39.4 155.4
    endloop
  endfacet
  facet normal -0 0 -1
    outer loop
      vertex 2.4 53.4 155.4
      vertex 0 39.4 155.4
      vertex 0 53.4 155.4
    endloop
  endfacet
  facet normal 0 -1 0
    outer loop
      vertex 0 53.4 150.4
      vertex 2.4 53.4 155.4
      vertex 0 53.4 155.4
    endloop
  endfacet
  facet normal 0 -1 -0
    outer loop
      vertex 2.4 53.4 155.4
      vertex 0 53.4 150.4
      vertex 2.4 53.4 150.4
    endloop
  endfacet
  facet normal -0 0 1
    outer loop
      vertex 0 53.4 150.4
      vertex 2.4 39.4 150.4
      vertex 2.4 53.4 150.4
    endloop
  endfacet
  facet normal 0 0 1
    outer loop
      vertex 2.4 39.4 150.4
      vertex 0 53.4 150.4
      vertex 0 39.4 150.4
    endloop
  endfacet
  facet normal 0 1 -0
    outer loop
      vertex 2.4 39.4 150.4
      vertex 0 39.4 155.4
      vertex 2.4 39.4 155.4
    endloop
  endfacet
  facet normal 0 1 0
    outer loop
      vertex 0 39.4 155.4
      vertex 2.4 39.4 150.4
      vertex 0 39.4 150.4
    endloop
  endfacet
  facet normal 0 0 -1
    outer loop
      vertex 0 61.4 17.4
      vertex 2.4 75.4 17.4
      vertex 2.4 61.4 17.4
    endloop
  endfacet
  facet normal -0 0 -1
    outer loop
      vertex 2.4 75.4 17.4
      vertex 0 61.4 17.4
      vertex 0 75.4 17.4
    endloop
  endfacet
  facet normal 0 -1 0
    outer loop
      vertex 0 75.4 12.4
      vertex 2.4 75.4 17.4
      vertex 0 75.4 17.4
    endloop
  endfacet
  facet normal 0 -1 -0
    outer loop
      vertex 2.4 75.4 17.4
      vertex 0 75.4 12.4
      vertex 2.4 75.4 12.4
    endloop
  endfacet
  facet normal -0 0 1
    outer loop
      vertex 0 75.4 12.4
      vertex 2.4 61.4 12.4
      vertex 2.4 75.4 12.4
    endloop
  endfacet
  facet normal 0 0 1
    outer loop
      vertex 2.4 61.4 12.4
      vertex 0 75.4 12.4
      vertex 0 61.4 12.4
    endloop
  endfacet
  facet normal 0 1 -0
    outer loop
      vertex 2.4 61.4 12.4
      vertex 0 61.4 17.4
      vertex 2.4 61.4 17.4
    endloop
  endfacet
  facet normal 0 1 0
    outer loop
      vertex 0 61.4 17.4
      vertex 2.4 61.4 12.4
      vertex 0 61.4 12.4
    endloop
  endfacet
  facet normal 0 0 -1
    outer loop
      vertex 0 61.4 155.4
      vertex 2.4 75.4 155.4
      vertex 2.4 61.4 155.4
    endloop
  endfacet
  facet normal -0 0 -1
    outer loop
      vertex 2.4 75.4 155.4
      vertex 0 61.4 155.4
      vertex 0 75.4 155.4
    endloop
  endfacet
  facet normal 0 -1 0
    outer loop
      vertex 0 75.4 150.4
      vertex 2.4 75.4 155.4
      vertex 0 75.4 155.4
    endloop
  endfacet
  facet normal 0 -1 -0
    outer loop
      vertex 2.4 75.4 155.4
      vertex 0 75.4 150.4
      vertex 2.4 75.4 150.4
    endloop
  endfacet
  facet normal -0 0 1
    outer loop
      vertex 0 75.4 150.4
      vertex 2.4 61.4 150.4
      vertex 2.4 75.4 150.4
    endloop
  endfacet
  facet normal 0 0 1
    outer loop
      vertex 2.4 61.4 150.4
      vertex 0 75.4 150.4
      vertex 0 61.4 150.4
    endloop
  endfacet
  facet normal 0 1 -0
    outer loop
      vertex 2.4 61.4 150.4
      vertex 0 61.4 155.4
      vertex 2.4 61.4 155.4
    endloop
  endfacet
  facet normal 0 1 0
    outer loop
      vertex 0 61.4 155.4
      vertex 2.4 61.4 150.4
      vertex 0 61.4 150.4
    endloop
  endfacet
  facet normal 0 0 -1
    outer loop
      vertex 0 83.4 17.4
      vertex 2.4 97.4 17.4
      vertex 2.4 83.4 17.4
    endloop
  endfacet
  facet normal -0 0 -1
    outer loop
      vertex 2.4 97.4 17.4
      vertex 0 83.4 17.4
      vertex 0 97.4 17.4
    endloop
  endfacet
  facet normal 0 -1 0
    outer loop
      vertex 0 97.4 12.4
      vertex 2.4 97.4 17.4
      vertex 0 97.4 17.4
    endloop
  endfacet
  facet normal 0 -1 -0
    outer loop
      vertex 2.4 97.4 17.4
      vertex 0 97.4 12.4
      vertex 2.4 97.4 12.4
    endloop
  endfacet
  facet normal -0 0 1
    outer loop
      vertex 0 97.4 12.4
      vertex 2.4 83.4 12.4
      vertex 2.4 97.4 12.4
    endloop
  endfacet
  facet normal 0 0 1
    outer loop
      vertex 2.4 83.4 12.4
      vertex 0 97.4 12.4
      vertex 0 83.4 12.4
    endloop
  endfacet
  facet normal 0 1 -0
    outer loop
      vertex 2.4 83.4 12.4
      vertex 0 83.4 17.4
      vertex 2.4 83.4 17.4
    endloop
  endfacet
  facet normal 0 1 0
    outer loop
      vertex 0 83.4 17.4
      vertex 2.4 83.4 12.4
      vertex 0 83.4 12.4
    endloop
  endfacet
  facet normal 0 0 -1
    outer loop
      vertex 0 83.4 155.4
      vertex 2.4 97.4 155.4
      vertex 2.4 83.4 155.4
    endloop
  endfacet
  facet normal -0 0 -1
    outer loop
      vertex 2.4 97.4 155.4
      vertex 0 83.4 155.4
      vertex 0 97.4 155.4
    endloop
  endfacet
  facet normal 0 -1 0
    outer loop
      vertex 0 97.4 150.4
      vertex 2.4 97.4 155.4
      vertex 0 97.4 155.4
    endloop
  endfacet
  facet normal 0 -1 -0
    outer loop
      vertex 2.4 97.4 155.4
      vertex 0 97.4 150.4
      vertex 2.4 97.4 150.4
    endloop
  endfacet
  facet normal -0 0 1
    outer loop
      vertex 0 97.4 150.4
      vertex 2.4 83.4 150.4
      vertex 2.4 97.4 150.4
    endloop
  endfacet
  facet normal 0 0 1
    outer loop
      vertex 2.4 83.4 150.4
      vertex 0 97.4 150.4
      vertex 0 83.4 150.4
    endloop
  endfacet
  facet normal 0 1 -0
    outer loop
      vertex 2.4 83.4 150.4
      vertex 0 83.4 155.4
      vertex 2.4 83.4 155.4
    endloop
  endfacet
  facet normal 0 1 0
    outer loop
      vertex 0 83.4 155.4
      vertex 2.4 83.4 150.4
      vertex 0 83.4 150.4
    endloop
  endfacet
  facet normal 0 0 -1
    outer loop
      vertex 0 105.4 17.4
      vertex 2.4 119.4 17.4
      vertex 2.4 105.4 17.4
    endloop
  endfacet
  facet normal -0 0 -1
    outer loop
      vertex 2.4 119.4 17.4
      vertex 0 105.4 17.4
      vertex 0 119.4 17.4
    endloop
  endfacet
  facet normal -0 0 1
    outer loop
      vertex 0 119.4 12.4
      vertex 2.4 105.4 12.4
      vertex 2.4 119.4 12.4
    endloop
  endfacet
  facet normal 0 0 1
    outer loop
      vertex 2.4 105.4 12.4
      vertex 0 119.4 12.4
      vertex 0 105.4 12.4
    endloop
  endfacet
  facet normal 0 1 -0
    outer loop
      vertex 2.4 105.4 12.4
      vertex 0 105.4 17.4
      vertex 2.4 105.4 17.4
    endloop
  endfacet
  facet normal 0 1 0
    outer loop
      vertex 0 105.4 17.4
      vertex 2.4 105.4 12.4
      vertex 0 105.4 12.4
    endloop
  endfacet
  facet normal 0 -1 0
    outer loop
      vertex 0 119.4 12.4
      vertex 2.4 119.4 17.4
      vertex 0 119.4 17.4
    endloop
  endfacet
  facet normal 0 -1 -0
    outer loop
      vertex 2.4 119.4 17.4
      vertex 0 119.4 12.4
      vertex 2.4 119.4 12.4
    endloop
  endfacet
  facet normal 0 0 -1
    outer loop
      vertex 0 105.4 155.4
      vertex 2.4 119.4 155.4
      vertex 2.4 105.4 155.4
    endloop
  endfacet
  facet normal -0 0 -1
    outer loop
      vertex 2.4 119.4 155.4
      vertex 0 105.4 155.4
      vertex 0 119.4 155.4
    endloop
  endfacet
  facet normal 0 -1 0
    outer loop
      vertex 0 119.4 150.4
      vertex 2.4 119.4 155.4
      vertex 0 119.4 155.4
    endloop
  endfacet
  facet normal 0 -1 -0
    outer loop
      vertex 2.4 119.4 155.4
      vertex 0 119.4 150.4
      vertex 2.4 119.4 150.4
    endloop
  endfacet
  facet normal -0 0 1
    outer loop
      vertex 0 119.4 150.4
      vertex 2.4 105.4 150.4
      vertex 2.4 119.4 150.4
    endloop
  endfacet
  facet normal 0 0 1
    outer loop
      vertex 2.4 105.4 150.4
      vertex 0 119.4 150.4
      vertex 0 105.4 150.4
    endloop
  endfacet
  facet normal 0 1 -0
    outer loop
      vertex 2.4 105.4 150.4
      vertex 0 105.4 155.4
      vertex 2.4 105.4 155.4
    endloop
  endfacet
  facet normal 0 1 0
    outer loop
      vertex 0 105.4 155.4
      vertex 2.4 105.4 150.4
      vertex 0 105.4 150.4
    endloop
  endfacet
  facet normal 0 0 -1
    outer loop
      vertex 0 127.4 17.4
      vertex 2.4 141.4 17.4
      vertex 2.4 127.4 17.4
    endloop
  endfacet
  facet normal -0 0 -1
    outer loop
      vertex 2.4 141.4 17.4
      vertex 0 127.4 17.4
      vertex 0 141.4 17.4
    endloop
  endfacet
  facet normal 0 -1 0
    outer loop
      vertex 0 141.4 12.4
      vertex 2.4 141.4 17.4
      vertex 0 141.4 17.4
    endloop
  endfacet
  facet normal 0 -1 -0
    outer loop
      vertex 2.4 141.4 17.4
      vertex 0 141.4 12.4
      vertex 2.4 141.4 12.4
    endloop
  endfacet
  facet normal -0 0 1
    outer loop
      vertex 0 141.4 12.4
      vertex 2.4 127.4 12.4
      vertex 2.4 141.4 12.4
    endloop
  endfacet
  facet normal 0 0 1
    outer loop
      vertex 2.4 127.4 12.4
      vertex 0 141.4 12.4
      vertex 0 127.4 12.4
    endloop
  endfacet
  facet normal 0 1 -0
    outer loop
      vertex 2.4 127.4 12.4
      vertex 0 127.4 17.4
      vertex 2.4 127.4 17.4
    endloop
  endfacet
  facet normal 0 1 0
    outer loop
      vertex 0 127.4 17.4
      vertex 2.4 127.4 12.4
      vertex 0 127.4 12.4
    endloop
  endfacet
  facet normal 0 0 -1
    outer loop
      vertex 0 127.4 155.4
      vertex 2.4 141.4 155.4
      vertex 2.4 127.4 155.4
    endloop
  endfacet
  facet normal -0 0 -1
    outer loop
      vertex 2.4 141.4 155.4
      vertex 0 127.4 155.4
      vertex 0 141.4 155.4
    endloop
  endfacet
  facet normal 0 -1 0
    outer loop
      vertex 0 141.4 150.4
      vertex 2.4 141.4 155.4
      vertex 0 141.4 155.4
    endloop
  endfacet
  facet normal 0 -1 -0
    outer loop
      vertex 2.4 141.4 155.4
      vertex 0 141.4 150.4
      vertex 2.4 141.4 150.4
    endloop
  endfacet
  facet normal -0 0 1
    outer loop
      vertex 0 141.4 150.4
      vertex 2.4 127.4 150.4
      vertex 2.4 141.4 150.4
    endloop
  endfacet
  facet normal 0 0 1
    outer loop
      vertex 2.4 127.4 150.4
      vertex 0 141.4 150.4
      vertex 0 127.4 150.4
    endloop
  endfacet
  facet normal 0 1 -0
    outer loop
      vertex 2.4 127.4 150.4
      vertex 0 127.4 155.4
      vertex 2.4 127.4 155.4
    endloop
  endfacet
  facet normal 0 1 0
    outer loop
      vertex 0 127.4 155.4
      vertex 2.4 127.4 150.4
      vertex 0 127.4 150.4
    endloop
  endfacet
  facet normal 0 -0.087199 0.996191
    outer loop
      vertex 0 78.0946 18.4608
      vertex 2.4 77.4 18.4
      vertex 2.4 78.0946 18.4608
    endloop
  endfacet
  facet normal 0 -0.087199 0.996191
    outer loop
      vertex 2.4 77.4 18.4
      vertex 0 78.0946 18.4608
      vertex 0 77.4 18.4
    endloop
  endfacet
  facet normal 0 -0.087199 -0.996191
    outer loop
      vertex 0 77.4 26.4
      vertex 2.4 78.0946 26.3392
      vertex 2.4 77.4 26.4
    endloop
  endfacet
  facet normal -0 -0.087199 -0.996191
    outer loop
      vertex 2.4 78.0946 26.3392
      vertex 0 77.4 26.4
      vertex 0 78.0946 26.3392
    endloop
  endfacet
  facet normal 0 0.996191 -0.087199
    outer loop
      vertex 2.4 73.4 22.4
      vertex 0 73.4608 23.0946
      vertex 2.4 73.4608 23.0946
    endloop
  endfacet
  facet normal 0 0.996191 -0.087199
    outer loop
      vertex 0 73.4608 23.0946
      vertex 2.4 73.4 22.4
      vertex 0 73.4 22.4
    endloop
  endfacet
  facet normal 0 0.57352 -0.819191
    outer loop
      vertex 0 74.8288 25.4642
      vertex 2.4 75.4 25.8641
      vertex 2.4 74.8288 25.4642
    endloop
  endfacet
  facet normal 0 0.57352 -0.819191
    outer loop
      vertex 2.4 75.4 25.8641
      vertex 0 74.8288 25.4642
      vertex 0 75.4 25.8641
    endloop
  endfacet
  facet normal 0 -0.819144 -0.573587
    outer loop
      vertex 0 80.8641 24.4
      vertex 2.4 80.4642 24.9711
      vertex 0 80.4642 24.9711
    endloop
  endfacet
  facet normal 0 -0.819144 -0.573587
    outer loop
      vertex 2.4 80.4642 24.9711
      vertex 0 80.8641 24.4
      vertex 2.4 80.8641 24.4
    endloop
  endfacet
  facet normal 0 -0.965949 -0.258734
    outer loop
      vertex 0 81.3392 23.0946
      vertex 2.4 81.1588 23.7681
      vertex 0 81.1588 23.7681
    endloop
  endfacet
  facet normal 0 -0.965949 -0.258734
    outer loop
      vertex 2.4 81.1588 23.7681
      vertex 0 81.3392 23.0946
      vertex 2.4 81.3392 23.0946
    endloop
  endfacet
  facet normal 0 0.258734 -0.965949
    outer loop
      vertex 0 76.0319 26.1588
      vertex 2.4 76.7054 26.3392
      vertex 2.4 76.0319 26.1588
    endloop
  endfacet
  facet normal 0 0.258734 -0.965949
    outer loop
      vertex 2.4 76.7054 26.3392
      vertex 0 76.0319 26.1588
      vertex 0 76.7054 26.3392
    endloop
  endfacet
  facet normal 0 -0.258734 0.965949
    outer loop
      vertex 0 78.7681 18.6412
      vertex 2.4 78.0946 18.4608
      vertex 2.4 78.7681 18.6412
    endloop
  endfacet
  facet normal 0 -0.258734 0.965949
    outer loop
      vertex 2.4 78.0946 18.4608
      vertex 0 78.7681 18.6412
      vertex 0 78.0946 18.4608
    endloop
  endfacet
  facet normal 0 -0.57352 0.819191
    outer loop
      vertex 0 79.9712 19.3358
      vertex 2.4 79.4 18.9359
      vertex 2.4 79.9712 19.3358
    endloop
  endfacet
  facet normal 0 -0.57352 0.819191
    outer loop
      vertex 2.4 79.4 18.9359
      vertex 0 79.9712 19.3358
      vertex 0 79.4 18.9359
    endloop
  endfacet
  facet normal 0 -0.965949 0.258734
    outer loop
      vertex 0 81.1588 21.0319
      vertex 2.4 81.3392 21.7054
      vertex 0 81.3392 21.7054
    endloop
  endfacet
  facet normal 0 -0.965949 0.258734
    outer loop
      vertex 2.4 81.3392 21.7054
      vertex 0 81.1588 21.0319
      vertex 2.4 81.1588 21.0319
    endloop
  endfacet
  facet normal 0 -0.819191 0.57352
    outer loop
      vertex 0 80.4642 19.8288
      vertex 2.4 80.8641 20.4
      vertex 0 80.8641 20.4
    endloop
  endfacet
  facet normal 0 -0.819191 0.57352
    outer loop
      vertex 2.4 80.8641 20.4
      vertex 0 80.4642 19.8288
      vertex 2.4 80.4642 19.8288
    endloop
  endfacet
  facet normal 0 -0.57352 -0.819191
    outer loop
      vertex 0 79.4 25.8641
      vertex 2.4 79.9712 25.4642
      vertex 2.4 79.4 25.8641
    endloop
  endfacet
  facet normal -0 -0.57352 -0.819191
    outer loop
      vertex 2.4 79.9712 25.4642
      vertex 0 79.4 25.8641
      vertex 0 79.9712 25.4642
    endloop
  endfacet
  facet normal 0 -0.707178 -0.707035
    outer loop
      vertex 0 80.4642 24.9711
      vertex 2.4 79.9712 25.4642
      vertex 0 79.9712 25.4642
    endloop
  endfacet
  facet normal 0 -0.707178 -0.707035
    outer loop
      vertex 2.4 79.9712 25.4642
      vertex 0 80.4642 24.9711
      vertex 2.4 80.4642 24.9711
    endloop
  endfacet
  facet normal 0 -0.906286 -0.422666
    outer loop
      vertex 0 81.1588 23.7681
      vertex 2.4 80.8641 24.4
      vertex 0 80.8641 24.4
    endloop
  endfacet
  facet normal 0 -0.906286 -0.422666
    outer loop
      vertex 2.4 80.8641 24.4
      vertex 0 81.1588 23.7681
      vertex 2.4 81.1588 23.7681
    endloop
  endfacet
  facet normal 0 -0.996191 -0.087199
    outer loop
      vertex 0 81.4 22.4
      vertex 2.4 81.3392 23.0946
      vertex 0 81.3392 23.0946
    endloop
  endfacet
  facet normal 0 -0.996191 -0.087199
    outer loop
      vertex 2.4 81.3392 23.0946
      vertex 0 81.4 22.4
      vertex 2.4 81.4 22.4
    endloop
  endfacet
  facet normal 0 0.996191 0.087199
    outer loop
      vertex 2.4 73.4608 21.7054
      vertex 0 73.4 22.4
      vertex 2.4 73.4 22.4
    endloop
  endfacet
  facet normal 0 0.996191 0.087199
    outer loop
      vertex 0 73.4 22.4
      vertex 2.4 73.4608 21.7054
      vertex 0 73.4608 21.7054
    endloop
  endfacet
  facet normal -0 0.57352 0.819191
    outer loop
      vertex 0 75.4 18.9359
      vertex 2.4 74.8288 19.3358
      vertex 2.4 75.4 18.9359
    endloop
  endfacet
  facet normal 0 0.57352 0.819191
    outer loop
      vertex 2.4 74.8288 19.3358
      vertex 0 75.4 18.9359
      vertex 0 74.8288 19.3358
    endloop
  endfacet
  facet normal -0 0.258734 0.965949
    outer loop
      vertex 0 76.7054 18.4608
      vertex 2.4 76.0319 18.6412
      vertex 2.4 76.7054 18.4608
    endloop
  endfacet
  facet normal 0 0.258734 0.965949
    outer loop
      vertex 2.4 76.0319 18.6412
      vertex 0 76.7054 18.4608
      vertex 0 76.0319 18.6412
    endloop
  endfacet
  facet normal 0 0.906286 -0.422666
    outer loop
      vertex 2.4 73.6412 23.7681
      vertex 0 73.9359 24.4
      vertex 2.4 73.9359 24.4
    endloop
  endfacet
  facet normal 0 0.906286 -0.422666
    outer loop
      vertex 0 73.9359 24.4
      vertex 2.4 73.6412 23.7681
      vertex 0 73.6412 23.7681
    endloop
  endfacet
  facet normal 0 0.965949 -0.258734
    outer loop
      vertex 2.4 73.4608 23.0946
      vertex 0 73.6412 23.7681
      vertex 2.4 73.6412 23.7681
    endloop
  endfacet
  facet normal 0 0.965949 -0.258734
    outer loop
      vertex 0 73.6412 23.7681
      vertex 2.4 73.4608 23.0946
      vertex 0 73.4608 23.0946
    endloop
  endfacet
  facet normal 0 0.087199 -0.996191
    outer loop
      vertex 0 76.7054 26.3392
      vertex 2.4 77.4 26.4
      vertex 2.4 76.7054 26.3392
    endloop
  endfacet
  facet normal 0 0.087199 -0.996191
    outer loop
      vertex 2.4 77.4 26.4
      vertex 0 76.7054 26.3392
      vertex 0 77.4 26.4
    endloop
  endfacet
  facet normal 0 -0.422666 0.906286
    outer loop
      vertex 0 79.4 18.9359
      vertex 2.4 78.7681 18.6412
      vertex 2.4 79.4 18.9359
    endloop
  endfacet
  facet normal 0 -0.422666 0.906286
    outer loop
      vertex 2.4 78.7681 18.6412
      vertex 0 79.4 18.9359
      vertex 0 78.7681 18.6412
    endloop
  endfacet
  facet normal 0 -0.707107 0.707107
    outer loop
      vertex 0 79.9712 19.3358
      vertex 2.4 80.4642 19.8288
      vertex 0 80.4642 19.8288
    endloop
  endfacet
  facet normal 0 -0.707107 0.707107
    outer loop
      vertex 2.4 80.4642 19.8288
      vertex 0 79.9712 19.3358
      vertex 2.4 79.9712 19.3358
    endloop
  endfacet
  facet normal 0 -0.996191 0.087199
    outer loop
      vertex 0 81.3392 21.7054
      vertex 2.4 81.4 22.4
      vertex 0 81.4 22.4
    endloop
  endfacet
  facet normal 0 -0.996191 0.087199
    outer loop
      vertex 2.4 81.4 22.4
      vertex 0 81.3392 21.7054
      vertex 2.4 81.3392 21.7054
    endloop
  endfacet
  facet normal 0 -0.906286 0.422666
    outer loop
      vertex 0 80.8641 20.4
      vertex 2.4 81.1588 21.0319
      vertex 0 81.1588 21.0319
    endloop
  endfacet
  facet normal 0 -0.906286 0.422666
    outer loop
      vertex 2.4 81.1588 21.0319
      vertex 0 80.8641 20.4
      vertex 2.4 80.8641 20.4
    endloop
  endfacet
  facet normal 0 -0.258734 -0.965949
    outer loop
      vertex 0 78.0946 26.3392
      vertex 2.4 78.7681 26.1588
      vertex 2.4 78.0946 26.3392
    endloop
  endfacet
  facet normal -0 -0.258734 -0.965949
    outer loop
      vertex 2.4 78.7681 26.1588
      vertex 0 78.0946 26.3392
      vertex 0 78.7681 26.1588
    endloop
  endfacet
  facet normal -0 0.087199 0.996191
    outer loop
      vertex 0 77.4 18.4
      vertex 2.4 76.7054 18.4608
      vertex 2.4 77.4 18.4
    endloop
  endfacet
  facet normal 0 0.087199 0.996191
    outer loop
      vertex 2.4 76.7054 18.4608
      vertex 0 77.4 18.4
      vertex 0 76.7054 18.4608
    endloop
  endfacet
  facet normal 0 0.965949 0.258734
    outer loop
      vertex 2.4 73.6412 21.0319
      vertex 0 73.4608 21.7054
      vertex 2.4 73.4608 21.7054
    endloop
  endfacet
  facet normal 0 0.965949 0.258734
    outer loop
      vertex 0 73.4608 21.7054
      vertex 2.4 73.6412 21.0319
      vertex 0 73.6412 21.0319
    endloop
  endfacet
  facet normal 0 0.906286 0.422666
    outer loop
      vertex 2.4 73.9359 20.4
      vertex 0 73.6412 21.0319
      vertex 2.4 73.6412 21.0319
    endloop
  endfacet
  facet normal 0 0.906286 0.422666
    outer loop
      vertex 0 73.6412 21.0319
      vertex 2.4 73.9359 20.4
      vertex 0 73.9359 20.4
    endloop
  endfacet
  facet normal 0 0.707107 0.707107
    outer loop
      vertex 2.4 74.8288 19.3358
      vertex 0 74.3358 19.8288
      vertex 2.4 74.3358 19.8288
    endloop
  endfacet
  facet normal 0 0.707107 0.707107
    outer loop
      vertex 0 74.3358 19.8288
      vertex 2.4 74.8288 19.3358
      vertex 0 74.8288 19.3358
    endloop
  endfacet
  facet normal 0 0.819191 0.57352
    outer loop
      vertex 2.4 74.3358 19.8288
      vertex 0 73.9359 20.4
      vertex 2.4 73.9359 20.4
    endloop
  endfacet
  facet normal 0 0.819191 0.57352
    outer loop
      vertex 0 73.9359 20.4
      vertex 2.4 74.3358 19.8288
      vertex 0 74.3358 19.8288
    endloop
  endfacet
  facet normal -0 0.422666 0.906286
    outer loop
      vertex 0 76.0319 18.6412
      vertex 2.4 75.4 18.9359
      vertex 2.4 76.0319 18.6412
    endloop
  endfacet
  facet normal 0 0.422666 0.906286
    outer loop
      vertex 2.4 75.4 18.9359
      vertex 0 76.0319 18.6412
      vertex 0 75.4 18.9359
    endloop
  endfacet
  facet normal 0 0.707178 -0.707035
    outer loop
      vertex 2.4 74.3358 24.9711
      vertex 0 74.8288 25.4642
      vertex 2.4 74.8288 25.4642
    endloop
  endfacet
  facet normal 0 0.707178 -0.707035
    outer loop
      vertex 0 74.8288 25.4642
      vertex 2.4 74.3358 24.9711
      vertex 0 74.3358 24.9711
    endloop
  endfacet
  facet normal 0 0.819144 -0.573587
    outer loop
      vertex 2.4 73.9359 24.4
      vertex 0 74.3358 24.9711
      vertex 2.4 74.3358 24.9711
    endloop
  endfacet
  facet normal 0 0.819144 -0.573587
    outer loop
      vertex 0 74.3358 24.9711
      vertex 2.4 73.9359 24.4
      vertex 0 73.9359 24.4
    endloop
  endfacet
  facet normal 0 0.422666 -0.906286
    outer loop
      vertex 0 75.4 25.8641
      vertex 2.4 76.0319 26.1588
      vertex 2.4 75.4 25.8641
    endloop
  endfacet
  facet normal 0 0.422666 -0.906286
    outer loop
      vertex 2.4 76.0319 26.1588
      vertex 0 75.4 25.8641
      vertex 0 76.0319 26.1588
    endloop
  endfacet
  facet normal 0 -0.422666 -0.906286
    outer loop
      vertex 0 78.7681 26.1588
      vertex 2.4 79.4 25.8641
      vertex 2.4 78.7681 26.1588
    endloop
  endfacet
  facet normal -0 -0.422666 -0.906286
    outer loop
      vertex 2.4 79.4 25.8641
      vertex 0 78.7681 26.1588
      vertex 0 79.4 25.8641
    endloop
  endfacet
endsolid OpenSCAD_Model
