solid OpenSCAD_Model
  facet normal 1 -0 0
    outer loop
      vertex 0 -3.32583 85.9048
      vertex 0 -3.3 25
      vertex 0 -3.3 86.2
    endloop
  endfacet
  facet normal 1 0 0
    outer loop
      vertex 0 -3.32583 85.9048
      vertex 0 -3.32583 25.2952
      vertex 0 -3.3 25
    endloop
  endfacet
  facet normal 1 -0 0
    outer loop
      vertex 0 -3.40252 85.6186
      vertex 0 -3.32583 25.2952
      vertex 0 -3.32583 85.9048
    endloop
  endfacet
  facet normal 1 0 0
    outer loop
      vertex 0 -3.40252 85.6186
      vertex 0 -3.40252 25.5814
      vertex 0 -3.32583 25.2952
    endloop
  endfacet
  facet normal 1 -0 0
    outer loop
      vertex 0 -3.52776 85.35
      vertex 0 -3.40252 25.5814
      vertex 0 -3.40252 85.6186
    endloop
  endfacet
  facet normal 1 0 0
    outer loop
      vertex 0 -3.52776 85.35
      vertex 0 -3.52776 25.85
      vertex 0 -3.40252 25.5814
    endloop
  endfacet
  facet normal 1 -0 0
    outer loop
      vertex 0 -3.69772 85.1073
      vertex 0 -3.52776 25.85
      vertex 0 -3.52776 85.35
    endloop
  endfacet
  facet normal 1 0 0
    outer loop
      vertex 0 -3.69772 85.1073
      vertex 0 -3.69772 26.0927
      vertex 0 -3.52776 25.85
    endloop
  endfacet
  facet normal 1 -0 0
    outer loop
      vertex 0 -3.90726 84.8977
      vertex 0 -3.69772 26.0927
      vertex 0 -3.69772 85.1073
    endloop
  endfacet
  facet normal 1 0 0
    outer loop
      vertex 0 -3.90726 84.8977
      vertex 0 -3.90726 26.3023
      vertex 0 -3.69772 26.0927
    endloop
  endfacet
  facet normal 1 -0 0
    outer loop
      vertex 0 -4.15 84.7278
      vertex 0 -3.90726 26.3023
      vertex 0 -3.90726 84.8977
    endloop
  endfacet
  facet normal 1 0 0
    outer loop
      vertex 0 -4.15 84.7278
      vertex 0 -4.15 26.4722
      vertex 0 -3.90726 26.3023
    endloop
  endfacet
  facet normal 1 -0 0
    outer loop
      vertex 0 -4.41857 84.6025
      vertex 0 -4.15 26.4722
      vertex 0 -4.15 84.7278
    endloop
  endfacet
  facet normal 1 0 0
    outer loop
      vertex 0 -4.41857 84.6025
      vertex 0 -4.41857 26.5975
      vertex 0 -4.15 26.4722
    endloop
  endfacet
  facet normal 1 -0 0
    outer loop
      vertex 0 -4.7048 84.5258
      vertex 0 -4.41857 26.5975
      vertex 0 -4.41857 84.6025
    endloop
  endfacet
  facet normal 1 0 0
    outer loop
      vertex 0 -4.7048 84.5258
      vertex 0 -4.7048 26.6742
      vertex 0 -4.41857 26.5975
    endloop
  endfacet
  facet normal 1 -0 0
    outer loop
      vertex 0 -5 84.5
      vertex 0 -4.7048 26.6742
      vertex 0 -4.7048 84.5258
    endloop
  endfacet
  facet normal 1 0 0
    outer loop
      vertex 0 -5 84.5
      vertex 0 -5 26.7
      vertex 0 -4.7048 26.6742
    endloop
  endfacet
  facet normal 1 0 0
    outer loop
      vertex 0 -5.2952 84.5258
      vertex 0 -5 26.7
      vertex 0 -5 84.5
    endloop
  endfacet
  facet normal 1 0 0
    outer loop
      vertex 0 -5.2952 84.5258
      vertex 0 -5.2952 26.6742
      vertex 0 -5 26.7
    endloop
  endfacet
  facet normal 1 0 0
    outer loop
      vertex 0 -5.58143 84.6025
      vertex 0 -5.2952 26.6742
      vertex 0 -5.2952 84.5258
    endloop
  endfacet
  facet normal 1 0 0
    outer loop
      vertex 0 -5.58143 84.6025
      vertex 0 -5.58143 26.5975
      vertex 0 -5.2952 26.6742
    endloop
  endfacet
  facet normal 1 0 0
    outer loop
      vertex 0 -5.85 84.7278
      vertex 0 -5.58143 26.5975
      vertex 0 -5.58143 84.6025
    endloop
  endfacet
  facet normal 1 0 0
    outer loop
      vertex 0 -5.85 84.7278
      vertex 0 -5.85 26.4722
      vertex 0 -5.58143 26.5975
    endloop
  endfacet
  facet normal 1 0 0
    outer loop
      vertex 0 -6.09274 84.8977
      vertex 0 -5.85 26.4722
      vertex 0 -5.85 84.7278
    endloop
  endfacet
  facet normal 1 0 0
    outer loop
      vertex 0 -6.09274 84.8977
      vertex 0 -6.09274 26.3023
      vertex 0 -5.85 26.4722
    endloop
  endfacet
  facet normal 1 0 0
    outer loop
      vertex 0 -6.30227 85.1073
      vertex 0 -6.09274 26.3023
      vertex 0 -6.09274 84.8977
    endloop
  endfacet
  facet normal 1 0 0
    outer loop
      vertex 0 -6.30227 85.1073
      vertex 0 -6.30227 26.0927
      vertex 0 -6.09274 26.3023
    endloop
  endfacet
  facet normal 1 0 0
    outer loop
      vertex 0 -6.47224 85.35
      vertex 0 -6.30227 26.0927
      vertex 0 -6.30227 85.1073
    endloop
  endfacet
  facet normal 1 0 0
    outer loop
      vertex 0 -6.47224 85.35
      vertex 0 -6.47224 25.85
      vertex 0 -6.30227 26.0927
    endloop
  endfacet
  facet normal 1 0 0
    outer loop
      vertex 0 -6.59748 85.6186
      vertex 0 -6.47224 25.85
      vertex 0 -6.47224 85.35
    endloop
  endfacet
  facet normal 1 0 0
    outer loop
      vertex 0 -6.59748 85.6186
      vertex 0 -6.59748 25.5814
      vertex 0 -6.47224 25.85
    endloop
  endfacet
  facet normal 1 0 0
    outer loop
      vertex 0 -6.67417 85.9048
      vertex 0 -6.59748 25.5814
      vertex 0 -6.59748 85.6186
    endloop
  endfacet
  facet normal 1 0 0
    outer loop
      vertex 0 -6.67417 85.9048
      vertex 0 -6.67417 25.2952
      vertex 0 -6.59748 25.5814
    endloop
  endfacet
  facet normal 1 0 0
    outer loop
      vertex 0 -6.7 86.2
      vertex 0 -6.67417 25.2952
      vertex 0 -6.67417 85.9048
    endloop
  endfacet
  facet normal 1 0 0
    outer loop
      vertex 0 -6.67417 25.2952
      vertex 0 -6.7 86.2
      vertex 0 -6.7 25
    endloop
  endfacet
  facet normal 1 0 0
    outer loop
      vertex 0 -3.32583 86.4952
      vertex 0 0 172.4
      vertex 0 -3.32583 157.105
    endloop
  endfacet
  facet normal 1 0 0
    outer loop
      vertex 0 0 172.4
      vertex 0 -3.32583 86.4952
      vertex 0 -3.3 86.2
    endloop
  endfacet
  facet normal 1 -0 0
    outer loop
      vertex 0 -3.40252 156.819
      vertex 0 -3.32583 86.4952
      vertex 0 -3.32583 157.105
    endloop
  endfacet
  facet normal 1 0 0
    outer loop
      vertex 0 -3.40252 156.819
      vertex 0 -3.40252 86.7814
      vertex 0 -3.32583 86.4952
    endloop
  endfacet
  facet normal 1 -0 0
    outer loop
      vertex 0 -3.52776 156.55
      vertex 0 -3.40252 86.7814
      vertex 0 -3.40252 156.819
    endloop
  endfacet
  facet normal 1 0 0
    outer loop
      vertex 0 -3.52776 156.55
      vertex 0 -3.52776 87.05
      vertex 0 -3.40252 86.7814
    endloop
  endfacet
  facet normal 1 -0 0
    outer loop
      vertex 0 -3.69772 156.307
      vertex 0 -3.52776 87.05
      vertex 0 -3.52776 156.55
    endloop
  endfacet
  facet normal 1 0 0
    outer loop
      vertex 0 -3.69772 156.307
      vertex 0 -3.69772 87.2927
      vertex 0 -3.52776 87.05
    endloop
  endfacet
  facet normal 1 -0 0
    outer loop
      vertex 0 -3.90726 156.098
      vertex 0 -3.69772 87.2927
      vertex 0 -3.69772 156.307
    endloop
  endfacet
  facet normal 1 0 0
    outer loop
      vertex 0 -3.90726 156.098
      vertex 0 -3.90726 87.5023
      vertex 0 -3.69772 87.2927
    endloop
  endfacet
  facet normal 1 -0 0
    outer loop
      vertex 0 -4.15 155.928
      vertex 0 -3.90726 87.5023
      vertex 0 -3.90726 156.098
    endloop
  endfacet
  facet normal 1 0 0
    outer loop
      vertex 0 -4.15 155.928
      vertex 0 -4.15 87.6722
      vertex 0 -3.90726 87.5023
    endloop
  endfacet
  facet normal 1 -0 0
    outer loop
      vertex 0 -4.41857 155.803
      vertex 0 -4.15 87.6722
      vertex 0 -4.15 155.928
    endloop
  endfacet
  facet normal 1 0 0
    outer loop
      vertex 0 -4.41857 155.803
      vertex 0 -4.41857 87.7975
      vertex 0 -4.15 87.6722
    endloop
  endfacet
  facet normal 1 -0 0
    outer loop
      vertex 0 -4.7048 155.726
      vertex 0 -4.41857 87.7975
      vertex 0 -4.41857 155.803
    endloop
  endfacet
  facet normal 1 0 0
    outer loop
      vertex 0 -4.7048 155.726
      vertex 0 -4.7048 87.8742
      vertex 0 -4.41857 87.7975
    endloop
  endfacet
  facet normal 1 -0 0
    outer loop
      vertex 0 -5 155.7
      vertex 0 -4.7048 87.8742
      vertex 0 -4.7048 155.726
    endloop
  endfacet
  facet normal 1 0 0
    outer loop
      vertex 0 -5 155.7
      vertex 0 -5 87.9
      vertex 0 -4.7048 87.8742
    endloop
  endfacet
  facet normal 1 0 0
    outer loop
      vertex 0 -5.2952 155.726
      vertex 0 -5 87.9
      vertex 0 -5 155.7
    endloop
  endfacet
  facet normal 1 0 0
    outer loop
      vertex 0 -5.2952 155.726
      vertex 0 -5.2952 87.8742
      vertex 0 -5 87.9
    endloop
  endfacet
  facet normal 1 0 0
    outer loop
      vertex 0 -5.58143 155.803
      vertex 0 -5.2952 87.8742
      vertex 0 -5.2952 155.726
    endloop
  endfacet
  facet normal 1 0 0
    outer loop
      vertex 0 -5.58143 155.803
      vertex 0 -5.58143 87.7975
      vertex 0 -5.2952 87.8742
    endloop
  endfacet
  facet normal 1 0 0
    outer loop
      vertex 0 -5.85 155.928
      vertex 0 -5.58143 87.7975
      vertex 0 -5.58143 155.803
    endloop
  endfacet
  facet normal 1 0 0
    outer loop
      vertex 0 -5.85 155.928
      vertex 0 -5.85 87.6722
      vertex 0 -5.58143 87.7975
    endloop
  endfacet
  facet normal 1 0 0
    outer loop
      vertex 0 -6.09274 156.098
      vertex 0 -5.85 87.6722
      vertex 0 -5.85 155.928
    endloop
  endfacet
  facet normal 1 0 0
    outer loop
      vertex 0 -6.09274 156.098
      vertex 0 -6.09274 87.5023
      vertex 0 -5.85 87.6722
    endloop
  endfacet
  facet normal 1 0 0
    outer loop
      vertex 0 -6.30227 156.307
      vertex 0 -6.09274 87.5023
      vertex 0 -6.09274 156.098
    endloop
  endfacet
  facet normal 1 0 0
    outer loop
      vertex 0 -6.30227 156.307
      vertex 0 -6.30227 87.2927
      vertex 0 -6.09274 87.5023
    endloop
  endfacet
  facet normal 1 0 0
    outer loop
      vertex 0 -6.47224 156.55
      vertex 0 -6.30227 87.2927
      vertex 0 -6.30227 156.307
    endloop
  endfacet
  facet normal 1 0 0
    outer loop
      vertex 0 -6.47224 156.55
      vertex 0 -6.47224 87.05
      vertex 0 -6.30227 87.2927
    endloop
  endfacet
  facet normal 1 0 0
    outer loop
      vertex 0 -6.59748 156.819
      vertex 0 -6.47224 87.05
      vertex 0 -6.47224 156.55
    endloop
  endfacet
  facet normal 1 0 0
    outer loop
      vertex 0 -6.59748 156.819
      vertex 0 -6.59748 86.7814
      vertex 0 -6.47224 87.05
    endloop
  endfacet
  facet normal 1 0 0
    outer loop
      vertex 0 -6.67417 157.105
      vertex 0 -6.59748 86.7814
      vertex 0 -6.59748 156.819
    endloop
  endfacet
  facet normal 1 0 0
    outer loop
      vertex 0 -6.67417 157.105
      vertex 0 -6.67417 86.4952
      vertex 0 -6.59748 86.7814
    endloop
  endfacet
  facet normal 1 0 0
    outer loop
      vertex 0 -10 172.4
      vertex 0 -6.67417 157.105
      vertex 0 -6.7 157.4
    endloop
  endfacet
  facet normal 1 0 0
    outer loop
      vertex 0 -6.67417 157.105
      vertex 0 -10 172.4
      vertex 0 -6.67417 86.4952
    endloop
  endfacet
  facet normal 1 0 0
    outer loop
      vertex 0 -3.32583 157.105
      vertex 0 0 172.4
      vertex 0 -3.3 157.4
    endloop
  endfacet
  facet normal 1 0 0
    outer loop
      vertex 0 0 172.4
      vertex 0 -3.32583 157.695
      vertex 0 -3.3 157.4
    endloop
  endfacet
  facet normal 1 0 0
    outer loop
      vertex 0 0 172.4
      vertex 0 -3.40252 157.981
      vertex 0 -3.32583 157.695
    endloop
  endfacet
  facet normal 1 0 0
    outer loop
      vertex 0 0 172.4
      vertex 0 -3.52776 158.25
      vertex 0 -3.40252 157.981
    endloop
  endfacet
  facet normal 1 0 0
    outer loop
      vertex 0 0 172.4
      vertex 0 -3.69772 158.493
      vertex 0 -3.52776 158.25
    endloop
  endfacet
  facet normal 1 0 0
    outer loop
      vertex 0 0 172.4
      vertex 0 -3.90726 158.702
      vertex 0 -3.69772 158.493
    endloop
  endfacet
  facet normal 1 0 0
    outer loop
      vertex 0 0 172.4
      vertex 0 -4.15 158.872
      vertex 0 -3.90726 158.702
    endloop
  endfacet
  facet normal 1 0 0
    outer loop
      vertex 0 0 172.4
      vertex 0 -4.41857 158.997
      vertex 0 -4.15 158.872
    endloop
  endfacet
  facet normal 1 0 0
    outer loop
      vertex 0 0 172.4
      vertex 0 -4.7048 159.074
      vertex 0 -4.41857 158.997
    endloop
  endfacet
  facet normal 1 0 0
    outer loop
      vertex 0 0 172.4
      vertex 0 -5 159.1
      vertex 0 -4.7048 159.074
    endloop
  endfacet
  facet normal 1 -0 0
    outer loop
      vertex 0 -10 172.4
      vertex 0 -5 159.1
      vertex 0 0 172.4
    endloop
  endfacet
  facet normal 1 0 0
    outer loop
      vertex 0 -5 159.1
      vertex 0 -10 172.4
      vertex 0 -5.2952 159.074
    endloop
  endfacet
  facet normal 1 0 0
    outer loop
      vertex 0 -5.2952 159.074
      vertex 0 -10 172.4
      vertex 0 -5.58143 158.997
    endloop
  endfacet
  facet normal 1 0 0
    outer loop
      vertex 0 -5.58143 158.997
      vertex 0 -10 172.4
      vertex 0 -5.85 158.872
    endloop
  endfacet
  facet normal 1 0 0
    outer loop
      vertex 0 -5.85 158.872
      vertex 0 -10 172.4
      vertex 0 -6.09274 158.702
    endloop
  endfacet
  facet normal 1 0 0
    outer loop
      vertex 0 -6.09274 158.702
      vertex 0 -10 172.4
      vertex 0 -6.30227 158.493
    endloop
  endfacet
  facet normal 1 0 0
    outer loop
      vertex 0 -6.30227 158.493
      vertex 0 -10 172.4
      vertex 0 -6.47224 158.25
    endloop
  endfacet
  facet normal 1 0 0
    outer loop
      vertex 0 -6.67417 86.4952
      vertex 0 -10 172.4
      vertex 0 -6.7 86.2
    endloop
  endfacet
  facet normal 1 0 0
    outer loop
      vertex 0 -10 0
      vertex 0 -6.7 86.2
      vertex 0 -10 172.4
    endloop
  endfacet
  facet normal 1 0 0
    outer loop
      vertex 0 -6.67417 157.695
      vertex 0 -10 172.4
      vertex 0 -6.7 157.4
    endloop
  endfacet
  facet normal 1 0 0
    outer loop
      vertex 0 -6.59748 157.981
      vertex 0 -10 172.4
      vertex 0 -6.67417 157.695
    endloop
  endfacet
  facet normal 1 0 0
    outer loop
      vertex 0 -6.47224 158.25
      vertex 0 -10 172.4
      vertex 0 -6.59748 157.981
    endloop
  endfacet
  facet normal 1 0 0
    outer loop
      vertex 0 0 172.4
      vertex 0 -3.3 86.2
      vertex 0 0 0
    endloop
  endfacet
  facet normal 1 -0 0
    outer loop
      vertex 0 -3.3 25
      vertex 0 0 0
      vertex 0 -3.3 86.2
    endloop
  endfacet
  facet normal 1 -0 0
    outer loop
      vertex 0 -3.32583 24.7048
      vertex 0 0 0
      vertex 0 -3.3 25
    endloop
  endfacet
  facet normal 1 -0 0
    outer loop
      vertex 0 -3.40252 24.4186
      vertex 0 0 0
      vertex 0 -3.32583 24.7048
    endloop
  endfacet
  facet normal 1 -0 0
    outer loop
      vertex 0 -3.52776 24.15
      vertex 0 0 0
      vertex 0 -3.40252 24.4186
    endloop
  endfacet
  facet normal 1 -0 0
    outer loop
      vertex 0 -3.69772 23.9073
      vertex 0 0 0
      vertex 0 -3.52776 24.15
    endloop
  endfacet
  facet normal 1 -0 0
    outer loop
      vertex 0 -3.90726 23.6977
      vertex 0 0 0
      vertex 0 -3.69772 23.9073
    endloop
  endfacet
  facet normal 1 -0 0
    outer loop
      vertex 0 -4.15 23.5278
      vertex 0 0 0
      vertex 0 -3.90726 23.6977
    endloop
  endfacet
  facet normal 1 -0 0
    outer loop
      vertex 0 -4.41857 23.4025
      vertex 0 0 0
      vertex 0 -4.15 23.5278
    endloop
  endfacet
  facet normal 1 -0 0
    outer loop
      vertex 0 -4.7048 23.3258
      vertex 0 0 0
      vertex 0 -4.41857 23.4025
    endloop
  endfacet
  facet normal 1 -0 0
    outer loop
      vertex 0 -5 23.3
      vertex 0 0 0
      vertex 0 -4.7048 23.3258
    endloop
  endfacet
  facet normal 1 0 0
    outer loop
      vertex 0 -10 0
      vertex 0 -5 23.3
      vertex 0 -5.2952 23.3258
    endloop
  endfacet
  facet normal 1 0 0
    outer loop
      vertex 0 -10 0
      vertex 0 -5.2952 23.3258
      vertex 0 -5.58143 23.4025
    endloop
  endfacet
  facet normal 1 0 0
    outer loop
      vertex 0 -10 0
      vertex 0 -5.58143 23.4025
      vertex 0 -5.85 23.5278
    endloop
  endfacet
  facet normal 1 0 0
    outer loop
      vertex 0 -10 0
      vertex 0 -5.85 23.5278
      vertex 0 -6.09274 23.6977
    endloop
  endfacet
  facet normal 1 0 0
    outer loop
      vertex 0 -10 0
      vertex 0 -6.09274 23.6977
      vertex 0 -6.30227 23.9073
    endloop
  endfacet
  facet normal 1 0 0
    outer loop
      vertex 0 -10 0
      vertex 0 -6.30227 23.9073
      vertex 0 -6.47224 24.15
    endloop
  endfacet
  facet normal 1 0 0
    outer loop
      vertex 0 -10 0
      vertex 0 -6.47224 24.15
      vertex 0 -6.59748 24.4186
    endloop
  endfacet
  facet normal 1 0 0
    outer loop
      vertex 0 -5 23.3
      vertex 0 -10 0
      vertex 0 0 0
    endloop
  endfacet
  facet normal 1 0 0
    outer loop
      vertex 0 -6.67417 24.7048
      vertex 0 -10 0
      vertex 0 -6.59748 24.4186
    endloop
  endfacet
  facet normal 1 0 0
    outer loop
      vertex 0 -6.7 25
      vertex 0 -10 0
      vertex 0 -6.67417 24.7048
    endloop
  endfacet
  facet normal 1 0 0
    outer loop
      vertex 0 -6.7 86.2
      vertex 0 -10 0
      vertex 0 -6.7 25
    endloop
  endfacet
  facet normal 1 -0 0
    outer loop
      vertex 0 161.474 85.9048
      vertex 0 161.5 25
      vertex 0 161.5 86.2
    endloop
  endfacet
  facet normal 1 0 0
    outer loop
      vertex 0 161.474 85.9048
      vertex 0 161.474 25.2952
      vertex 0 161.5 25
    endloop
  endfacet
  facet normal 1 -0 0
    outer loop
      vertex 0 161.397 85.6186
      vertex 0 161.474 25.2952
      vertex 0 161.474 85.9048
    endloop
  endfacet
  facet normal 1 0 0
    outer loop
      vertex 0 161.397 85.6186
      vertex 0 161.397 25.5814
      vertex 0 161.474 25.2952
    endloop
  endfacet
  facet normal 1 -0 0
    outer loop
      vertex 0 161.272 85.35
      vertex 0 161.397 25.5814
      vertex 0 161.397 85.6186
    endloop
  endfacet
  facet normal 1 0 0
    outer loop
      vertex 0 161.272 85.35
      vertex 0 161.272 25.85
      vertex 0 161.397 25.5814
    endloop
  endfacet
  facet normal 1 -0 0
    outer loop
      vertex 0 161.102 85.1073
      vertex 0 161.272 25.85
      vertex 0 161.272 85.35
    endloop
  endfacet
  facet normal 1 0 0
    outer loop
      vertex 0 161.102 85.1073
      vertex 0 161.102 26.0927
      vertex 0 161.272 25.85
    endloop
  endfacet
  facet normal 1 -0 0
    outer loop
      vertex 0 160.893 84.8977
      vertex 0 161.102 26.0927
      vertex 0 161.102 85.1073
    endloop
  endfacet
  facet normal 1 0 0
    outer loop
      vertex 0 160.893 84.8977
      vertex 0 160.893 26.3023
      vertex 0 161.102 26.0927
    endloop
  endfacet
  facet normal 1 -0 0
    outer loop
      vertex 0 160.65 84.7278
      vertex 0 160.893 26.3023
      vertex 0 160.893 84.8977
    endloop
  endfacet
  facet normal 1 0 0
    outer loop
      vertex 0 160.65 84.7278
      vertex 0 160.65 26.4722
      vertex 0 160.893 26.3023
    endloop
  endfacet
  facet normal 1 -0 0
    outer loop
      vertex 0 160.381 84.6025
      vertex 0 160.65 26.4722
      vertex 0 160.65 84.7278
    endloop
  endfacet
  facet normal 1 0 0
    outer loop
      vertex 0 160.381 84.6025
      vertex 0 160.381 26.5975
      vertex 0 160.65 26.4722
    endloop
  endfacet
  facet normal 1 -0 0
    outer loop
      vertex 0 160.095 84.5258
      vertex 0 160.381 26.5975
      vertex 0 160.381 84.6025
    endloop
  endfacet
  facet normal 1 0 0
    outer loop
      vertex 0 160.095 84.5258
      vertex 0 160.095 26.6742
      vertex 0 160.381 26.5975
    endloop
  endfacet
  facet normal 1 -0 0
    outer loop
      vertex 0 159.8 84.5
      vertex 0 160.095 26.6742
      vertex 0 160.095 84.5258
    endloop
  endfacet
  facet normal 1 0 0
    outer loop
      vertex 0 159.8 84.5
      vertex 0 159.8 26.7
      vertex 0 160.095 26.6742
    endloop
  endfacet
  facet normal 1 0 0
    outer loop
      vertex 0 159.505 84.5258
      vertex 0 159.8 26.7
      vertex 0 159.8 84.5
    endloop
  endfacet
  facet normal 1 0 0
    outer loop
      vertex 0 159.505 84.5258
      vertex 0 159.505 26.6742
      vertex 0 159.8 26.7
    endloop
  endfacet
  facet normal 1 0 0
    outer loop
      vertex 0 159.219 84.6025
      vertex 0 159.505 26.6742
      vertex 0 159.505 84.5258
    endloop
  endfacet
  facet normal 1 0 0
    outer loop
      vertex 0 159.219 84.6025
      vertex 0 159.219 26.5975
      vertex 0 159.505 26.6742
    endloop
  endfacet
  facet normal 1 0 0
    outer loop
      vertex 0 158.95 84.7278
      vertex 0 159.219 26.5975
      vertex 0 159.219 84.6025
    endloop
  endfacet
  facet normal 1 0 0
    outer loop
      vertex 0 158.95 84.7278
      vertex 0 158.95 26.4722
      vertex 0 159.219 26.5975
    endloop
  endfacet
  facet normal 1 0 0
    outer loop
      vertex 0 158.707 84.8977
      vertex 0 158.95 26.4722
      vertex 0 158.95 84.7278
    endloop
  endfacet
  facet normal 1 0 0
    outer loop
      vertex 0 158.707 84.8977
      vertex 0 158.707 26.3023
      vertex 0 158.95 26.4722
    endloop
  endfacet
  facet normal 1 0 0
    outer loop
      vertex 0 158.498 85.1073
      vertex 0 158.707 26.3023
      vertex 0 158.707 84.8977
    endloop
  endfacet
  facet normal 1 0 0
    outer loop
      vertex 0 158.498 85.1073
      vertex 0 158.498 26.0927
      vertex 0 158.707 26.3023
    endloop
  endfacet
  facet normal 1 0 0
    outer loop
      vertex 0 158.328 85.35
      vertex 0 158.498 26.0927
      vertex 0 158.498 85.1073
    endloop
  endfacet
  facet normal 1 0 0
    outer loop
      vertex 0 158.328 85.35
      vertex 0 158.328 25.85
      vertex 0 158.498 26.0927
    endloop
  endfacet
  facet normal 1 0 0
    outer loop
      vertex 0 158.203 85.6186
      vertex 0 158.328 25.85
      vertex 0 158.328 85.35
    endloop
  endfacet
  facet normal 1 0 0
    outer loop
      vertex 0 158.203 85.6186
      vertex 0 158.203 25.5814
      vertex 0 158.328 25.85
    endloop
  endfacet
  facet normal 1 0 0
    outer loop
      vertex 0 158.126 85.9048
      vertex 0 158.203 25.5814
      vertex 0 158.203 85.6186
    endloop
  endfacet
  facet normal 1 0 0
    outer loop
      vertex 0 158.126 85.9048
      vertex 0 158.126 25.2952
      vertex 0 158.203 25.5814
    endloop
  endfacet
  facet normal 1 0 0
    outer loop
      vertex 0 158.1 86.2
      vertex 0 158.126 25.2952
      vertex 0 158.126 85.9048
    endloop
  endfacet
  facet normal 1 0 0
    outer loop
      vertex 0 158.126 25.2952
      vertex 0 158.1 86.2
      vertex 0 158.1 25
    endloop
  endfacet
  facet normal 1 0 0
    outer loop
      vertex 0 161.474 86.4952
      vertex 0 164.8 172.4
      vertex 0 161.474 157.105
    endloop
  endfacet
  facet normal 1 0 0
    outer loop
      vertex 0 164.8 172.4
      vertex 0 161.474 86.4952
      vertex 0 161.5 86.2
    endloop
  endfacet
  facet normal 1 -0 0
    outer loop
      vertex 0 161.397 156.819
      vertex 0 161.474 86.4952
      vertex 0 161.474 157.105
    endloop
  endfacet
  facet normal 1 0 0
    outer loop
      vertex 0 161.397 156.819
      vertex 0 161.397 86.7814
      vertex 0 161.474 86.4952
    endloop
  endfacet
  facet normal 1 -0 0
    outer loop
      vertex 0 161.272 156.55
      vertex 0 161.397 86.7814
      vertex 0 161.397 156.819
    endloop
  endfacet
  facet normal 1 0 0
    outer loop
      vertex 0 161.272 156.55
      vertex 0 161.272 87.05
      vertex 0 161.397 86.7814
    endloop
  endfacet
  facet normal 1 -0 0
    outer loop
      vertex 0 161.102 156.307
      vertex 0 161.272 87.05
      vertex 0 161.272 156.55
    endloop
  endfacet
  facet normal 1 0 0
    outer loop
      vertex 0 161.102 156.307
      vertex 0 161.102 87.2927
      vertex 0 161.272 87.05
    endloop
  endfacet
  facet normal 1 -0 0
    outer loop
      vertex 0 160.893 156.098
      vertex 0 161.102 87.2927
      vertex 0 161.102 156.307
    endloop
  endfacet
  facet normal 1 0 0
    outer loop
      vertex 0 160.893 156.098
      vertex 0 160.893 87.5023
      vertex 0 161.102 87.2927
    endloop
  endfacet
  facet normal 1 -0 0
    outer loop
      vertex 0 160.65 155.928
      vertex 0 160.893 87.5023
      vertex 0 160.893 156.098
    endloop
  endfacet
  facet normal 1 0 0
    outer loop
      vertex 0 160.65 155.928
      vertex 0 160.65 87.6722
      vertex 0 160.893 87.5023
    endloop
  endfacet
  facet normal 1 -0 0
    outer loop
      vertex 0 160.381 155.803
      vertex 0 160.65 87.6722
      vertex 0 160.65 155.928
    endloop
  endfacet
  facet normal 1 0 0
    outer loop
      vertex 0 160.381 155.803
      vertex 0 160.381 87.7975
      vertex 0 160.65 87.6722
    endloop
  endfacet
  facet normal 1 -0 0
    outer loop
      vertex 0 160.095 155.726
      vertex 0 160.381 87.7975
      vertex 0 160.381 155.803
    endloop
  endfacet
  facet normal 1 0 0
    outer loop
      vertex 0 160.095 155.726
      vertex 0 160.095 87.8742
      vertex 0 160.381 87.7975
    endloop
  endfacet
  facet normal 1 -0 0
    outer loop
      vertex 0 159.8 155.7
      vertex 0 160.095 87.8742
      vertex 0 160.095 155.726
    endloop
  endfacet
  facet normal 1 0 0
    outer loop
      vertex 0 159.8 155.7
      vertex 0 159.8 87.9
      vertex 0 160.095 87.8742
    endloop
  endfacet
  facet normal 1 0 0
    outer loop
      vertex 0 159.505 155.726
      vertex 0 159.8 87.9
      vertex 0 159.8 155.7
    endloop
  endfacet
  facet normal 1 0 0
    outer loop
      vertex 0 159.505 155.726
      vertex 0 159.505 87.8742
      vertex 0 159.8 87.9
    endloop
  endfacet
  facet normal 1 0 0
    outer loop
      vertex 0 159.219 155.803
      vertex 0 159.505 87.8742
      vertex 0 159.505 155.726
    endloop
  endfacet
  facet normal 1 0 0
    outer loop
      vertex 0 159.219 155.803
      vertex 0 159.219 87.7975
      vertex 0 159.505 87.8742
    endloop
  endfacet
  facet normal 1 0 0
    outer loop
      vertex 0 158.95 155.928
      vertex 0 159.219 87.7975
      vertex 0 159.219 155.803
    endloop
  endfacet
  facet normal 1 0 0
    outer loop
      vertex 0 158.95 155.928
      vertex 0 158.95 87.6722
      vertex 0 159.219 87.7975
    endloop
  endfacet
  facet normal 1 0 0
    outer loop
      vertex 0 158.707 156.098
      vertex 0 158.95 87.6722
      vertex 0 158.95 155.928
    endloop
  endfacet
  facet normal 1 0 0
    outer loop
      vertex 0 158.707 156.098
      vertex 0 158.707 87.5023
      vertex 0 158.95 87.6722
    endloop
  endfacet
  facet normal 1 0 0
    outer loop
      vertex 0 158.498 156.307
      vertex 0 158.707 87.5023
      vertex 0 158.707 156.098
    endloop
  endfacet
  facet normal 1 0 0
    outer loop
      vertex 0 158.498 156.307
      vertex 0 158.498 87.2927
      vertex 0 158.707 87.5023
    endloop
  endfacet
  facet normal 1 0 0
    outer loop
      vertex 0 158.328 156.55
      vertex 0 158.498 87.2927
      vertex 0 158.498 156.307
    endloop
  endfacet
  facet normal 1 0 0
    outer loop
      vertex 0 158.328 156.55
      vertex 0 158.328 87.05
      vertex 0 158.498 87.2927
    endloop
  endfacet
  facet normal 1 0 0
    outer loop
      vertex 0 158.203 156.819
      vertex 0 158.328 87.05
      vertex 0 158.328 156.55
    endloop
  endfacet
  facet normal 1 0 0
    outer loop
      vertex 0 158.203 156.819
      vertex 0 158.203 86.7814
      vertex 0 158.328 87.05
    endloop
  endfacet
  facet normal 1 0 0
    outer loop
      vertex 0 158.126 157.105
      vertex 0 158.203 86.7814
      vertex 0 158.203 156.819
    endloop
  endfacet
  facet normal 1 0 0
    outer loop
      vertex 0 158.126 157.105
      vertex 0 158.126 86.4952
      vertex 0 158.203 86.7814
    endloop
  endfacet
  facet normal 1 0 0
    outer loop
      vertex 0 154.8 172.4
      vertex 0 158.126 157.105
      vertex 0 158.1 157.4
    endloop
  endfacet
  facet normal 1 0 0
    outer loop
      vertex 0 158.126 157.105
      vertex 0 154.8 172.4
      vertex 0 158.126 86.4952
    endloop
  endfacet
  facet normal 1 0 0
    outer loop
      vertex 0 161.474 157.105
      vertex 0 164.8 172.4
      vertex 0 161.5 157.4
    endloop
  endfacet
  facet normal 1 0 0
    outer loop
      vertex 0 164.8 172.4
      vertex 0 161.474 157.695
      vertex 0 161.5 157.4
    endloop
  endfacet
  facet normal 1 0 0
    outer loop
      vertex 0 164.8 172.4
      vertex 0 161.397 157.981
      vertex 0 161.474 157.695
    endloop
  endfacet
  facet normal 1 0 0
    outer loop
      vertex 0 164.8 172.4
      vertex 0 161.272 158.25
      vertex 0 161.397 157.981
    endloop
  endfacet
  facet normal 1 0 0
    outer loop
      vertex 0 164.8 172.4
      vertex 0 161.102 158.493
      vertex 0 161.272 158.25
    endloop
  endfacet
  facet normal 1 0 0
    outer loop
      vertex 0 164.8 172.4
      vertex 0 160.893 158.702
      vertex 0 161.102 158.493
    endloop
  endfacet
  facet normal 1 0 0
    outer loop
      vertex 0 164.8 172.4
      vertex 0 160.65 158.872
      vertex 0 160.893 158.702
    endloop
  endfacet
  facet normal 1 0 0
    outer loop
      vertex 0 164.8 172.4
      vertex 0 160.381 158.997
      vertex 0 160.65 158.872
    endloop
  endfacet
  facet normal 1 0 0
    outer loop
      vertex 0 164.8 172.4
      vertex 0 160.095 159.074
      vertex 0 160.381 158.997
    endloop
  endfacet
  facet normal 1 0 0
    outer loop
      vertex 0 164.8 172.4
      vertex 0 159.8 159.1
      vertex 0 160.095 159.074
    endloop
  endfacet
  facet normal 1 -0 0
    outer loop
      vertex 0 154.8 172.4
      vertex 0 159.8 159.1
      vertex 0 164.8 172.4
    endloop
  endfacet
  facet normal 1 0 0
    outer loop
      vertex 0 159.8 159.1
      vertex 0 154.8 172.4
      vertex 0 159.505 159.074
    endloop
  endfacet
  facet normal 1 0 0
    outer loop
      vertex 0 159.505 159.074
      vertex 0 154.8 172.4
      vertex 0 159.219 158.997
    endloop
  endfacet
  facet normal 1 0 0
    outer loop
      vertex 0 159.219 158.997
      vertex 0 154.8 172.4
      vertex 0 158.95 158.872
    endloop
  endfacet
  facet normal 1 0 0
    outer loop
      vertex 0 158.95 158.872
      vertex 0 154.8 172.4
      vertex 0 158.707 158.702
    endloop
  endfacet
  facet normal 1 0 0
    outer loop
      vertex 0 158.707 158.702
      vertex 0 154.8 172.4
      vertex 0 158.498 158.493
    endloop
  endfacet
  facet normal 1 0 0
    outer loop
      vertex 0 158.498 158.493
      vertex 0 154.8 172.4
      vertex 0 158.328 158.25
    endloop
  endfacet
  facet normal 1 0 0
    outer loop
      vertex 0 158.126 86.4952
      vertex 0 154.8 172.4
      vertex 0 158.1 86.2
    endloop
  endfacet
  facet normal 1 0 0
    outer loop
      vertex 0 154.8 0
      vertex 0 158.1 86.2
      vertex 0 154.8 172.4
    endloop
  endfacet
  facet normal 1 0 0
    outer loop
      vertex 0 158.126 157.695
      vertex 0 154.8 172.4
      vertex 0 158.1 157.4
    endloop
  endfacet
  facet normal 1 0 0
    outer loop
      vertex 0 158.203 157.981
      vertex 0 154.8 172.4
      vertex 0 158.126 157.695
    endloop
  endfacet
  facet normal 1 0 0
    outer loop
      vertex 0 158.328 158.25
      vertex 0 154.8 172.4
      vertex 0 158.203 157.981
    endloop
  endfacet
  facet normal 1 0 0
    outer loop
      vertex 0 164.8 172.4
      vertex 0 161.5 86.2
      vertex 0 164.8 0
    endloop
  endfacet
  facet normal 1 -0 0
    outer loop
      vertex 0 161.5 25
      vertex 0 164.8 0
      vertex 0 161.5 86.2
    endloop
  endfacet
  facet normal 1 -0 0
    outer loop
      vertex 0 161.474 24.7048
      vertex 0 164.8 0
      vertex 0 161.5 25
    endloop
  endfacet
  facet normal 1 -0 0
    outer loop
      vertex 0 161.397 24.4186
      vertex 0 164.8 0
      vertex 0 161.474 24.7048
    endloop
  endfacet
  facet normal 1 -0 0
    outer loop
      vertex 0 161.272 24.15
      vertex 0 164.8 0
      vertex 0 161.397 24.4186
    endloop
  endfacet
  facet normal 1 -0 0
    outer loop
      vertex 0 161.102 23.9073
      vertex 0 164.8 0
      vertex 0 161.272 24.15
    endloop
  endfacet
  facet normal 1 -0 0
    outer loop
      vertex 0 160.893 23.6977
      vertex 0 164.8 0
      vertex 0 161.102 23.9073
    endloop
  endfacet
  facet normal 1 -0 0
    outer loop
      vertex 0 160.65 23.5278
      vertex 0 164.8 0
      vertex 0 160.893 23.6977
    endloop
  endfacet
  facet normal 1 -0 0
    outer loop
      vertex 0 160.381 23.4025
      vertex 0 164.8 0
      vertex 0 160.65 23.5278
    endloop
  endfacet
  facet normal 1 -0 0
    outer loop
      vertex 0 160.095 23.3258
      vertex 0 164.8 0
      vertex 0 160.381 23.4025
    endloop
  endfacet
  facet normal 1 -0 0
    outer loop
      vertex 0 159.8 23.3
      vertex 0 164.8 0
      vertex 0 160.095 23.3258
    endloop
  endfacet
  facet normal 1 0 0
    outer loop
      vertex 0 154.8 0
      vertex 0 159.8 23.3
      vertex 0 159.505 23.3258
    endloop
  endfacet
  facet normal 1 0 0
    outer loop
      vertex 0 154.8 0
      vertex 0 159.505 23.3258
      vertex 0 159.219 23.4025
    endloop
  endfacet
  facet normal 1 0 0
    outer loop
      vertex 0 154.8 0
      vertex 0 159.219 23.4025
      vertex 0 158.95 23.5278
    endloop
  endfacet
  facet normal 1 0 0
    outer loop
      vertex 0 154.8 0
      vertex 0 158.95 23.5278
      vertex 0 158.707 23.6977
    endloop
  endfacet
  facet normal 1 0 0
    outer loop
      vertex 0 154.8 0
      vertex 0 158.707 23.6977
      vertex 0 158.498 23.9073
    endloop
  endfacet
  facet normal 1 0 0
    outer loop
      vertex 0 154.8 0
      vertex 0 158.498 23.9073
      vertex 0 158.328 24.15
    endloop
  endfacet
  facet normal 1 0 0
    outer loop
      vertex 0 154.8 0
      vertex 0 158.328 24.15
      vertex 0 158.203 24.4186
    endloop
  endfacet
  facet normal 1 0 0
    outer loop
      vertex 0 159.8 23.3
      vertex 0 154.8 0
      vertex 0 164.8 0
    endloop
  endfacet
  facet normal 1 0 0
    outer loop
      vertex 0 158.126 24.7048
      vertex 0 154.8 0
      vertex 0 158.203 24.4186
    endloop
  endfacet
  facet normal 1 0 0
    outer loop
      vertex 0 158.1 25
      vertex 0 154.8 0
      vertex 0 158.126 24.7048
    endloop
  endfacet
  facet normal 1 0 0
    outer loop
      vertex 0 158.1 86.2
      vertex 0 154.8 0
      vertex 0 158.1 25
    endloop
  endfacet
  facet normal -1 0 0
    outer loop
      vertex 0 119.832 33.1814
      vertex 0 152.4 10
      vertex 0 119.9 32.4
    endloop
  endfacet
  facet normal -1 0 0
    outer loop
      vertex 0 152.4 10
      vertex 0 119.832 31.6186
      vertex 0 119.9 32.4
    endloop
  endfacet
  facet normal -1 0 0
    outer loop
      vertex 0 152.4 10
      vertex 0 119.629 30.8609
      vertex 0 119.832 31.6186
    endloop
  endfacet
  facet normal -1 0 0
    outer loop
      vertex 0 152.4 10
      vertex 0 119.297 30.15
      vertex 0 119.629 30.8609
    endloop
  endfacet
  facet normal -1 0 0
    outer loop
      vertex 0 152.4 10
      vertex 0 118.847 29.5075
      vertex 0 119.297 30.15
    endloop
  endfacet
  facet normal -1 0 0
    outer loop
      vertex 0 152.4 10
      vertex 0 118.293 28.9528
      vertex 0 118.847 29.5075
    endloop
  endfacet
  facet normal -1 0 0
    outer loop
      vertex 0 152.4 10
      vertex 0 117.65 28.5029
      vertex 0 118.293 28.9528
    endloop
  endfacet
  facet normal -1 0 0
    outer loop
      vertex 0 152.4 10
      vertex 0 116.939 28.1714
      vertex 0 117.65 28.5029
    endloop
  endfacet
  facet normal -1 0 0
    outer loop
      vertex 0 152.4 10
      vertex 0 116.181 27.9684
      vertex 0 116.939 28.1714
    endloop
  endfacet
  facet normal -1 0 0
    outer loop
      vertex 0 152.4 10
      vertex 0 115.4 27.9
      vertex 0 116.181 27.9684
    endloop
  endfacet
  facet normal -1 0 0
    outer loop
      vertex 0 152.4 10
      vertex 0 114.619 27.9684
      vertex 0 115.4 27.9
    endloop
  endfacet
  facet normal -1 0 0
    outer loop
      vertex 0 78.1814 27.9684
      vertex 0 114.619 27.9684
      vertex 0 152.4 10
    endloop
  endfacet
  facet normal -1 0 0
    outer loop
      vertex 0 114.619 27.9684
      vertex 0 78.1814 27.9684
      vertex 0 113.861 28.1714
    endloop
  endfacet
  facet normal -1 0 0
    outer loop
      vertex 0 81.9 32.4
      vertex 0 110.9 32.4
      vertex 0 110.968 31.6186
    endloop
  endfacet
  facet normal -1 0 0
    outer loop
      vertex 0 81.8316 31.6186
      vertex 0 110.968 31.6186
      vertex 0 111.171 30.8609
    endloop
  endfacet
  facet normal -1 0 0
    outer loop
      vertex 0 81.6286 30.8609
      vertex 0 111.171 30.8609
      vertex 0 111.503 30.15
    endloop
  endfacet
  facet normal -1 0 0
    outer loop
      vertex 0 81.2971 30.15
      vertex 0 111.503 30.15
      vertex 0 111.953 29.5075
    endloop
  endfacet
  facet normal -1 0 0
    outer loop
      vertex 0 110.9 32.4
      vertex 0 81.9 32.4
      vertex 0 81.8316 33.1814
    endloop
  endfacet
  facet normal -1 0 0
    outer loop
      vertex 0 80.8472 29.5075
      vertex 0 111.953 29.5075
      vertex 0 112.507 28.9528
    endloop
  endfacet
  facet normal -1 0 0
    outer loop
      vertex 0 80.2925 28.9528
      vertex 0 112.507 28.9528
      vertex 0 113.15 28.5029
    endloop
  endfacet
  facet normal -1 0 -0
    outer loop
      vertex 0 78.9391 28.1714
      vertex 0 113.861 28.1714
      vertex 0 78.1814 27.9684
    endloop
  endfacet
  facet normal -1 0 0
    outer loop
      vertex 0 110.968 31.6186
      vertex 0 81.8316 31.6186
      vertex 0 81.9 32.4
    endloop
  endfacet
  facet normal -1 0 0
    outer loop
      vertex 0 111.171 30.8609
      vertex 0 81.6286 30.8609
      vertex 0 81.8316 31.6186
    endloop
  endfacet
  facet normal -1 0 0
    outer loop
      vertex 0 111.503 30.15
      vertex 0 81.2971 30.15
      vertex 0 81.6286 30.8609
    endloop
  endfacet
  facet normal -1 0 0
    outer loop
      vertex 0 111.953 29.5075
      vertex 0 80.8472 29.5075
      vertex 0 81.2971 30.15
    endloop
  endfacet
  facet normal -1 0 0
    outer loop
      vertex 0 112.507 28.9528
      vertex 0 80.2925 28.9528
      vertex 0 80.8472 29.5075
    endloop
  endfacet
  facet normal -1 0 0
    outer loop
      vertex 0 113.15 28.5029
      vertex 0 79.65 28.5029
      vertex 0 80.2925 28.9528
    endloop
  endfacet
  facet normal -1 -0 0
    outer loop
      vertex 0 113.15 28.5029
      vertex 0 78.9391 28.1714
      vertex 0 79.65 28.5029
    endloop
  endfacet
  facet normal -1 0 0
    outer loop
      vertex 0 113.861 28.1714
      vertex 0 78.9391 28.1714
      vertex 0 113.15 28.5029
    endloop
  endfacet
  facet normal -1 0 0
    outer loop
      vertex 0 152.4 10
      vertex 0 77.4 27.9
      vertex 0 78.1814 27.9684
    endloop
  endfacet
  facet normal -1 0 0
    outer loop
      vertex 0 2.4 10
      vertex 0 77.4 27.9
      vertex 0 152.4 10
    endloop
  endfacet
  facet normal -1 0 0
    outer loop
      vertex 0 43.9 32.4
      vertex 0 72.9 32.4
      vertex 0 72.9684 31.6186
    endloop
  endfacet
  facet normal -1 0 0
    outer loop
      vertex 0 72.9 32.4
      vertex 0 43.8316 33.1814
      vertex 0 43.6286 33.9391
    endloop
  endfacet
  facet normal -1 0 0
    outer loop
      vertex 0 72.9 32.4
      vertex 0 43.9 32.4
      vertex 0 43.8316 33.1814
    endloop
  endfacet
  facet normal -1 0 0
    outer loop
      vertex 0 43.8316 31.6186
      vertex 0 72.9684 31.6186
      vertex 0 73.1714 30.8609
    endloop
  endfacet
  facet normal -1 0 0
    outer loop
      vertex 0 43.6286 30.8609
      vertex 0 73.1714 30.8609
      vertex 0 73.5029 30.15
    endloop
  endfacet
  facet normal -1 0 0
    outer loop
      vertex 0 43.2971 30.15
      vertex 0 73.5029 30.15
      vertex 0 73.9528 29.5075
    endloop
  endfacet
  facet normal -1 0 0
    outer loop
      vertex 0 42.8472 29.5075
      vertex 0 73.9528 29.5075
      vertex 0 74.5075 28.9528
    endloop
  endfacet
  facet normal -1 0 0
    outer loop
      vertex 0 42.2925 28.9528
      vertex 0 74.5075 28.9528
      vertex 0 75.15 28.5029
    endloop
  endfacet
  facet normal -1 0 0
    outer loop
      vertex 0 41.65 28.5029
      vertex 0 75.15 28.5029
      vertex 0 75.8609 28.1714
    endloop
  endfacet
  facet normal -1 0 0
    outer loop
      vertex 0 40.9391 28.1714
      vertex 0 75.8609 28.1714
      vertex 0 76.6186 27.9684
    endloop
  endfacet
  facet normal -1 -0 0
    outer loop
      vertex 0 77.4 27.9
      vertex 0 2.4 10
      vertex 0 76.6186 27.9684
    endloop
  endfacet
  facet normal -1 0 0
    outer loop
      vertex 0 72.9684 31.6186
      vertex 0 43.8316 31.6186
      vertex 0 43.9 32.4
    endloop
  endfacet
  facet normal -1 0 0
    outer loop
      vertex 0 73.1714 30.8609
      vertex 0 43.6286 30.8609
      vertex 0 43.8316 31.6186
    endloop
  endfacet
  facet normal -1 0 0
    outer loop
      vertex 0 73.5029 30.15
      vertex 0 43.2971 30.15
      vertex 0 43.6286 30.8609
    endloop
  endfacet
  facet normal -1 0 0
    outer loop
      vertex 0 73.9528 29.5075
      vertex 0 42.8472 29.5075
      vertex 0 43.2971 30.15
    endloop
  endfacet
  facet normal -1 0 0
    outer loop
      vertex 0 74.5075 28.9528
      vertex 0 42.2925 28.9528
      vertex 0 42.8472 29.5075
    endloop
  endfacet
  facet normal -1 0 0
    outer loop
      vertex 0 75.15 28.5029
      vertex 0 41.65 28.5029
      vertex 0 42.2925 28.9528
    endloop
  endfacet
  facet normal -1 0 0
    outer loop
      vertex 0 75.8609 28.1714
      vertex 0 40.9391 28.1714
      vertex 0 41.65 28.5029
    endloop
  endfacet
  facet normal -1 0 -0
    outer loop
      vertex 0 40.1814 27.9684
      vertex 0 76.6186 27.9684
      vertex 0 2.4 10
    endloop
  endfacet
  facet normal -1 0 0
    outer loop
      vertex 0 76.6186 27.9684
      vertex 0 40.1814 27.9684
      vertex 0 40.9391 28.1714
    endloop
  endfacet
  facet normal -1 0 0
    outer loop
      vertex 0 40.1814 27.9684
      vertex 0 2.4 10
      vertex 0 39.4 27.9
    endloop
  endfacet
  facet normal -1 -0 0
    outer loop
      vertex 0 34.9684 31.6186
      vertex 0 2.4 10
      vertex 0 34.9 32.4
    endloop
  endfacet
  facet normal -1 -0 0
    outer loop
      vertex 0 35.1714 30.8609
      vertex 0 2.4 10
      vertex 0 34.9684 31.6186
    endloop
  endfacet
  facet normal -1 -0 0
    outer loop
      vertex 0 35.5029 30.15
      vertex 0 2.4 10
      vertex 0 35.1714 30.8609
    endloop
  endfacet
  facet normal -1 -0 0
    outer loop
      vertex 0 35.9528 29.5075
      vertex 0 2.4 10
      vertex 0 35.5029 30.15
    endloop
  endfacet
  facet normal -1 -0 0
    outer loop
      vertex 0 36.5075 28.9528
      vertex 0 2.4 10
      vertex 0 35.9528 29.5075
    endloop
  endfacet
  facet normal -1 -0 0
    outer loop
      vertex 0 37.15 28.5029
      vertex 0 2.4 10
      vertex 0 36.5075 28.9528
    endloop
  endfacet
  facet normal -1 -0 0
    outer loop
      vertex 0 37.8609 28.1714
      vertex 0 2.4 10
      vertex 0 37.15 28.5029
    endloop
  endfacet
  facet normal -1 -0 0
    outer loop
      vertex 0 38.6186 27.9684
      vertex 0 2.4 10
      vertex 0 37.8609 28.1714
    endloop
  endfacet
  facet normal -1 -0 0
    outer loop
      vertex 0 39.4 27.9
      vertex 0 2.4 10
      vertex 0 38.6186 27.9684
    endloop
  endfacet
  facet normal -1 0 0
    outer loop
      vertex 0 119.629 33.9391
      vertex 0 152.4 10
      vertex 0 119.832 33.1814
    endloop
  endfacet
  facet normal -1 0 0
    outer loop
      vertex 0 119.297 34.65
      vertex 0 152.4 10
      vertex 0 119.629 33.9391
    endloop
  endfacet
  facet normal -1 0 0
    outer loop
      vertex 0 118.847 35.2925
      vertex 0 152.4 10
      vertex 0 119.297 34.65
    endloop
  endfacet
  facet normal -1 0 0
    outer loop
      vertex 0 152.4 10
      vertex 0 118.847 35.2925
      vertex 0 152.4 172.4
    endloop
  endfacet
  facet normal -1 0 0
    outer loop
      vertex 0 118.293 35.8472
      vertex 0 152.4 172.4
      vertex 0 118.847 35.2925
    endloop
  endfacet
  facet normal -1 0 0
    outer loop
      vertex 0 117.65 36.2971
      vertex 0 152.4 172.4
      vertex 0 118.293 35.8472
    endloop
  endfacet
  facet normal -1 0 0
    outer loop
      vertex 0 85.4 74.4
      vertex 0 117.65 36.2971
      vertex 0 116.939 36.6286
    endloop
  endfacet
  facet normal -1 0 0
    outer loop
      vertex 0 85.4 74.4
      vertex 0 116.939 36.6286
      vertex 0 116.181 36.8316
    endloop
  endfacet
  facet normal -1 0 0
    outer loop
      vertex 0 85.4 74.4
      vertex 0 116.181 36.8316
      vertex 0 115.4 36.9
    endloop
  endfacet
  facet normal -1 0 0
    outer loop
      vertex 0 85.4 62.4
      vertex 0 115.4 36.9
      vertex 0 114.619 36.8316
    endloop
  endfacet
  facet normal -1 0 0
    outer loop
      vertex 0 85.4 62.4
      vertex 0 114.619 36.8316
      vertex 0 113.861 36.6286
    endloop
  endfacet
  facet normal -1 0 0
    outer loop
      vertex 0 85.4 62.4
      vertex 0 113.861 36.6286
      vertex 0 113.15 36.2971
    endloop
  endfacet
  facet normal -1 0 0
    outer loop
      vertex 0 85.4 62.4
      vertex 0 113.15 36.2971
      vertex 0 112.507 35.8472
    endloop
  endfacet
  facet normal -1 0 0
    outer loop
      vertex 0 85.4 62.4
      vertex 0 112.507 35.8472
      vertex 0 111.953 35.2925
    endloop
  endfacet
  facet normal -1 0 0
    outer loop
      vertex 0 85.4 62.4
      vertex 0 111.953 35.2925
      vertex 0 111.503 34.65
    endloop
  endfacet
  facet normal -1 0 0
    outer loop
      vertex 0 85.4 62.4
      vertex 0 111.503 34.65
      vertex 0 111.171 33.9391
    endloop
  endfacet
  facet normal -1 0 0
    outer loop
      vertex 0 85.4 62.4
      vertex 0 110.968 33.1814
      vertex 0 110.9 32.4
    endloop
  endfacet
  facet normal -1 0 0
    outer loop
      vertex 0 85.4 62.4
      vertex 0 111.171 33.9391
      vertex 0 110.968 33.1814
    endloop
  endfacet
  facet normal -1 0 0
    outer loop
      vertex 0 115.4 36.9
      vertex 0 85.4 62.4
      vertex 0 85.4 74.4
    endloop
  endfacet
  facet normal -1 0 0
    outer loop
      vertex 0 117.65 36.2971
      vertex 0 85.4 74.4
      vertex 0 152.4 172.4
    endloop
  endfacet
  facet normal -1 0 0
    outer loop
      vertex 0 69.4 74.4
      vertex 0 152.4 172.4
      vertex 0 85.4 74.4
    endloop
  endfacet
  facet normal -1 0 0
    outer loop
      vertex 0 72.9 32.4
      vertex 0 43.6286 33.9391
      vertex 0 43.2971 34.65
    endloop
  endfacet
  facet normal -1 0 0
    outer loop
      vertex 0 72.9 32.4
      vertex 0 43.2971 34.65
      vertex 0 69.4 62.4
    endloop
  endfacet
  facet normal -1 0 0
    outer loop
      vertex 0 42.8472 35.2925
      vertex 0 69.4 62.4
      vertex 0 43.2971 34.65
    endloop
  endfacet
  facet normal -1 0 0
    outer loop
      vertex 0 42.2925 35.8472
      vertex 0 69.4 62.4
      vertex 0 42.8472 35.2925
    endloop
  endfacet
  facet normal -1 0 0
    outer loop
      vertex 0 41.65 36.2971
      vertex 0 69.4 62.4
      vertex 0 42.2925 35.8472
    endloop
  endfacet
  facet normal -1 0 0
    outer loop
      vertex 0 40.9391 36.6286
      vertex 0 69.4 62.4
      vertex 0 41.65 36.2971
    endloop
  endfacet
  facet normal -1 0 0
    outer loop
      vertex 0 40.1814 36.8316
      vertex 0 69.4 62.4
      vertex 0 40.9391 36.6286
    endloop
  endfacet
  facet normal -1 0 0
    outer loop
      vertex 0 39.4 36.9
      vertex 0 69.4 62.4
      vertex 0 40.1814 36.8316
    endloop
  endfacet
  facet normal -1 -0 0
    outer loop
      vertex 0 69.4 62.4
      vertex 0 39.4 36.9
      vertex 0 69.4 74.4
    endloop
  endfacet
  facet normal -1 0 0
    outer loop
      vertex 0 38.6186 36.8316
      vertex 0 69.4 74.4
      vertex 0 39.4 36.9
    endloop
  endfacet
  facet normal -1 0 0
    outer loop
      vertex 0 37.8609 36.6286
      vertex 0 69.4 74.4
      vertex 0 38.6186 36.8316
    endloop
  endfacet
  facet normal -1 0 0
    outer loop
      vertex 0 37.15 36.2971
      vertex 0 69.4 74.4
      vertex 0 37.8609 36.6286
    endloop
  endfacet
  facet normal -1 0 0
    outer loop
      vertex 0 2.4 172.4
      vertex 0 37.15 36.2971
      vertex 0 36.5075 35.8472
    endloop
  endfacet
  facet normal -1 0 0
    outer loop
      vertex 0 37.15 36.2971
      vertex 0 2.4 172.4
      vertex 0 69.4 74.4
    endloop
  endfacet
  facet normal -1 0 0
    outer loop
      vertex 0 2.4 172.4
      vertex 0 36.5075 35.8472
      vertex 0 35.9528 35.2925
    endloop
  endfacet
  facet normal -1 0 0
    outer loop
      vertex 0 2.4 10
      vertex 0 34.9684 33.1814
      vertex 0 34.9 32.4
    endloop
  endfacet
  facet normal -1 0 0
    outer loop
      vertex 0 2.4 10
      vertex 0 35.1714 33.9391
      vertex 0 34.9684 33.1814
    endloop
  endfacet
  facet normal -1 0 0
    outer loop
      vertex 0 2.4 10
      vertex 0 35.5029 34.65
      vertex 0 35.1714 33.9391
    endloop
  endfacet
  facet normal -1 0 0
    outer loop
      vertex 0 2.4 10
      vertex 0 35.9528 35.2925
      vertex 0 35.5029 34.65
    endloop
  endfacet
  facet normal -1 0 0
    outer loop
      vertex 0 2.4 172.4
      vertex 0 35.9528 35.2925
      vertex 0 2.4 10
    endloop
  endfacet
  facet normal -1 0 0
    outer loop
      vertex 0 69.4 74.4
      vertex 0 2.4 172.4
      vertex 0 152.4 172.4
    endloop
  endfacet
  facet normal -1 0 0
    outer loop
      vertex 0 110.9 32.4
      vertex 0 81.8316 33.1814
      vertex 0 81.6286 33.9391
    endloop
  endfacet
  facet normal -1 0 0
    outer loop
      vertex 0 110.9 32.4
      vertex 0 81.6286 33.9391
      vertex 0 81.2971 34.65
    endloop
  endfacet
  facet normal -1 0 0
    outer loop
      vertex 0 80.8472 35.2925
      vertex 0 110.9 32.4
      vertex 0 81.2971 34.65
    endloop
  endfacet
  facet normal -1 0 0
    outer loop
      vertex 0 110.9 32.4
      vertex 0 80.8472 35.2925
      vertex 0 85.4 62.4
    endloop
  endfacet
  facet normal -1 0 0
    outer loop
      vertex 0 80.2925 35.8472
      vertex 0 85.4 62.4
      vertex 0 80.8472 35.2925
    endloop
  endfacet
  facet normal -1 0 0
    outer loop
      vertex 0 79.65 36.2971
      vertex 0 85.4 62.4
      vertex 0 80.2925 35.8472
    endloop
  endfacet
  facet normal -1 0 0
    outer loop
      vertex 0 78.9391 36.6286
      vertex 0 85.4 62.4
      vertex 0 79.65 36.2971
    endloop
  endfacet
  facet normal -1 0 0
    outer loop
      vertex 0 78.1814 36.8316
      vertex 0 85.4 62.4
      vertex 0 78.9391 36.6286
    endloop
  endfacet
  facet normal -1 0 0
    outer loop
      vertex 0 77.4 36.9
      vertex 0 85.4 62.4
      vertex 0 78.1814 36.8316
    endloop
  endfacet
  facet normal -1 0 0
    outer loop
      vertex 0 69.4 62.4
      vertex 0 77.4 36.9
      vertex 0 76.6186 36.8316
    endloop
  endfacet
  facet normal -1 0 0
    outer loop
      vertex 0 69.4 62.4
      vertex 0 76.6186 36.8316
      vertex 0 75.8609 36.6286
    endloop
  endfacet
  facet normal -1 0 0
    outer loop
      vertex 0 69.4 62.4
      vertex 0 75.8609 36.6286
      vertex 0 75.15 36.2971
    endloop
  endfacet
  facet normal -1 0 0
    outer loop
      vertex 0 69.4 62.4
      vertex 0 75.15 36.2971
      vertex 0 74.5075 35.8472
    endloop
  endfacet
  facet normal -1 0 0
    outer loop
      vertex 0 69.4 62.4
      vertex 0 74.5075 35.8472
      vertex 0 73.9528 35.2925
    endloop
  endfacet
  facet normal -1 0 0
    outer loop
      vertex 0 69.4 62.4
      vertex 0 73.9528 35.2925
      vertex 0 73.5029 34.65
    endloop
  endfacet
  facet normal -1 0 0
    outer loop
      vertex 0 69.4 62.4
      vertex 0 73.5029 34.65
      vertex 0 73.1714 33.9391
    endloop
  endfacet
  facet normal -1 0 0
    outer loop
      vertex 0 77.4 36.9
      vertex 0 69.4 62.4
      vertex 0 85.4 62.4
    endloop
  endfacet
  facet normal -1 0 0
    outer loop
      vertex 0 72.9684 33.1814
      vertex 0 69.4 62.4
      vertex 0 73.1714 33.9391
    endloop
  endfacet
  facet normal -1 0 0
    outer loop
      vertex 0 69.4 62.4
      vertex 0 72.9684 33.1814
      vertex 0 72.9 32.4
    endloop
  endfacet
  facet normal -1 0 0
    outer loop
      vertex 0 116.574 4.7048
      vertex 0 116.574 5.2952
      vertex 0 116.6 5
    endloop
  endfacet
  facet normal -1 0 0
    outer loop
      vertex 0 116.497 4.41857
      vertex 0 116.574 5.2952
      vertex 0 116.574 4.7048
    endloop
  endfacet
  facet normal -1 0 0
    outer loop
      vertex 0 116.497 4.41857
      vertex 0 116.497 5.58143
      vertex 0 116.574 5.2952
    endloop
  endfacet
  facet normal -1 0 0
    outer loop
      vertex 0 116.372 4.15
      vertex 0 116.497 5.58143
      vertex 0 116.497 4.41857
    endloop
  endfacet
  facet normal -1 0 0
    outer loop
      vertex 0 116.372 4.15
      vertex 0 116.372 5.85
      vertex 0 116.497 5.58143
    endloop
  endfacet
  facet normal -1 0 0
    outer loop
      vertex 0 116.202 3.90726
      vertex 0 116.372 5.85
      vertex 0 116.372 4.15
    endloop
  endfacet
  facet normal -1 0 0
    outer loop
      vertex 0 116.202 3.90726
      vertex 0 116.202 6.09274
      vertex 0 116.372 5.85
    endloop
  endfacet
  facet normal -1 0 0
    outer loop
      vertex 0 115.993 3.69772
      vertex 0 116.202 6.09274
      vertex 0 116.202 3.90726
    endloop
  endfacet
  facet normal -1 0 0
    outer loop
      vertex 0 115.993 3.69772
      vertex 0 115.993 6.30227
      vertex 0 116.202 6.09274
    endloop
  endfacet
  facet normal -1 0 0
    outer loop
      vertex 0 115.75 3.52776
      vertex 0 115.993 6.30227
      vertex 0 115.993 3.69772
    endloop
  endfacet
  facet normal -1 0 0
    outer loop
      vertex 0 115.75 3.52776
      vertex 0 115.75 6.47224
      vertex 0 115.993 6.30227
    endloop
  endfacet
  facet normal -1 0 0
    outer loop
      vertex 0 115.481 3.40252
      vertex 0 115.75 6.47224
      vertex 0 115.75 3.52776
    endloop
  endfacet
  facet normal -1 0 0
    outer loop
      vertex 0 115.481 3.40252
      vertex 0 115.481 6.59748
      vertex 0 115.75 6.47224
    endloop
  endfacet
  facet normal -1 0 0
    outer loop
      vertex 0 115.195 3.32583
      vertex 0 115.481 6.59748
      vertex 0 115.481 3.40252
    endloop
  endfacet
  facet normal -1 0 0
    outer loop
      vertex 0 115.195 3.32583
      vertex 0 115.195 6.67417
      vertex 0 115.481 6.59748
    endloop
  endfacet
  facet normal -1 0 0
    outer loop
      vertex 0 114.9 3.3
      vertex 0 115.195 6.67417
      vertex 0 115.195 3.32583
    endloop
  endfacet
  facet normal -1 0 0
    outer loop
      vertex 0 114.9 3.3
      vertex 0 114.9 6.7
      vertex 0 115.195 6.67417
    endloop
  endfacet
  facet normal -1 0 0
    outer loop
      vertex 0 114.605 3.32583
      vertex 0 114.9 6.7
      vertex 0 114.9 3.3
    endloop
  endfacet
  facet normal -1 0 0
    outer loop
      vertex 0 114.605 3.32583
      vertex 0 114.605 6.67417
      vertex 0 114.9 6.7
    endloop
  endfacet
  facet normal -1 0 0
    outer loop
      vertex 0 114.319 3.40252
      vertex 0 114.605 6.67417
      vertex 0 114.605 3.32583
    endloop
  endfacet
  facet normal -1 0 0
    outer loop
      vertex 0 114.319 3.40252
      vertex 0 114.319 6.59748
      vertex 0 114.605 6.67417
    endloop
  endfacet
  facet normal -1 0 0
    outer loop
      vertex 0 114.05 3.52776
      vertex 0 114.319 6.59748
      vertex 0 114.319 3.40252
    endloop
  endfacet
  facet normal -1 0 0
    outer loop
      vertex 0 114.05 3.52776
      vertex 0 114.05 6.47224
      vertex 0 114.319 6.59748
    endloop
  endfacet
  facet normal -1 0 0
    outer loop
      vertex 0 113.807 3.69772
      vertex 0 114.05 6.47224
      vertex 0 114.05 3.52776
    endloop
  endfacet
  facet normal -1 0 0
    outer loop
      vertex 0 113.807 3.69772
      vertex 0 113.807 6.30227
      vertex 0 114.05 6.47224
    endloop
  endfacet
  facet normal -1 0 0
    outer loop
      vertex 0 113.598 3.90726
      vertex 0 113.807 6.30227
      vertex 0 113.807 3.69772
    endloop
  endfacet
  facet normal -1 0 0
    outer loop
      vertex 0 113.598 3.90726
      vertex 0 113.598 6.09274
      vertex 0 113.807 6.30227
    endloop
  endfacet
  facet normal -1 0 0
    outer loop
      vertex 0 113.428 4.15
      vertex 0 113.598 6.09274
      vertex 0 113.598 3.90726
    endloop
  endfacet
  facet normal -1 0 0
    outer loop
      vertex 0 113.428 4.15
      vertex 0 113.428 5.85
      vertex 0 113.598 6.09274
    endloop
  endfacet
  facet normal -1 0 0
    outer loop
      vertex 0 113.303 4.41857
      vertex 0 113.428 5.85
      vertex 0 113.428 4.15
    endloop
  endfacet
  facet normal -1 0 0
    outer loop
      vertex 0 113.303 4.41857
      vertex 0 113.303 5.58143
      vertex 0 113.428 5.85
    endloop
  endfacet
  facet normal -1 0 0
    outer loop
      vertex 0 113.226 4.7048
      vertex 0 113.303 5.58143
      vertex 0 113.303 4.41857
    endloop
  endfacet
  facet normal -1 0 0
    outer loop
      vertex 0 113.226 4.7048
      vertex 0 113.226 5.2952
      vertex 0 113.303 5.58143
    endloop
  endfacet
  facet normal -1 0 -0
    outer loop
      vertex 0 113.226 5.2952
      vertex 0 113.226 4.7048
      vertex 0 113.2 5
    endloop
  endfacet
  facet normal -1 0 0
    outer loop
      vertex 0 41.5742 4.7048
      vertex 0 41.5742 5.2952
      vertex 0 41.6 5
    endloop
  endfacet
  facet normal -1 0 0
    outer loop
      vertex 0 41.4975 4.41857
      vertex 0 41.5742 5.2952
      vertex 0 41.5742 4.7048
    endloop
  endfacet
  facet normal -1 0 0
    outer loop
      vertex 0 41.4975 4.41857
      vertex 0 41.4975 5.58143
      vertex 0 41.5742 5.2952
    endloop
  endfacet
  facet normal -1 0 0
    outer loop
      vertex 0 41.3722 4.15
      vertex 0 41.4975 5.58143
      vertex 0 41.4975 4.41857
    endloop
  endfacet
  facet normal -1 0 0
    outer loop
      vertex 0 41.3722 4.15
      vertex 0 41.3722 5.85
      vertex 0 41.4975 5.58143
    endloop
  endfacet
  facet normal -1 0 0
    outer loop
      vertex 0 41.2023 3.90726
      vertex 0 41.3722 5.85
      vertex 0 41.3722 4.15
    endloop
  endfacet
  facet normal -1 0 0
    outer loop
      vertex 0 41.2023 3.90726
      vertex 0 41.2023 6.09274
      vertex 0 41.3722 5.85
    endloop
  endfacet
  facet normal -1 0 0
    outer loop
      vertex 0 40.9927 3.69772
      vertex 0 41.2023 6.09274
      vertex 0 41.2023 3.90726
    endloop
  endfacet
  facet normal -1 0 0
    outer loop
      vertex 0 40.9927 3.69772
      vertex 0 40.9927 6.30227
      vertex 0 41.2023 6.09274
    endloop
  endfacet
  facet normal -1 0 0
    outer loop
      vertex 0 40.75 3.52776
      vertex 0 40.9927 6.30227
      vertex 0 40.9927 3.69772
    endloop
  endfacet
  facet normal -1 0 0
    outer loop
      vertex 0 40.75 3.52776
      vertex 0 40.75 6.47224
      vertex 0 40.9927 6.30227
    endloop
  endfacet
  facet normal -1 0 0
    outer loop
      vertex 0 40.4814 3.40252
      vertex 0 40.75 6.47224
      vertex 0 40.75 3.52776
    endloop
  endfacet
  facet normal -1 0 0
    outer loop
      vertex 0 40.4814 3.40252
      vertex 0 40.4814 6.59748
      vertex 0 40.75 6.47224
    endloop
  endfacet
  facet normal -1 0 0
    outer loop
      vertex 0 40.1952 3.32583
      vertex 0 40.4814 6.59748
      vertex 0 40.4814 3.40252
    endloop
  endfacet
  facet normal -1 0 0
    outer loop
      vertex 0 40.1952 3.32583
      vertex 0 40.1952 6.67417
      vertex 0 40.4814 6.59748
    endloop
  endfacet
  facet normal -1 0 0
    outer loop
      vertex 0 39.9 3.3
      vertex 0 40.1952 6.67417
      vertex 0 40.1952 3.32583
    endloop
  endfacet
  facet normal -1 0 0
    outer loop
      vertex 0 39.9 3.3
      vertex 0 39.9 6.7
      vertex 0 40.1952 6.67417
    endloop
  endfacet
  facet normal -1 0 0
    outer loop
      vertex 0 39.6048 3.32583
      vertex 0 39.9 6.7
      vertex 0 39.9 3.3
    endloop
  endfacet
  facet normal -1 0 0
    outer loop
      vertex 0 39.6048 3.32583
      vertex 0 39.6048 6.67417
      vertex 0 39.9 6.7
    endloop
  endfacet
  facet normal -1 0 0
    outer loop
      vertex 0 39.3186 3.40252
      vertex 0 39.6048 6.67417
      vertex 0 39.6048 3.32583
    endloop
  endfacet
  facet normal -1 0 0
    outer loop
      vertex 0 39.3186 3.40252
      vertex 0 39.3186 6.59748
      vertex 0 39.6048 6.67417
    endloop
  endfacet
  facet normal -1 0 0
    outer loop
      vertex 0 39.05 3.52776
      vertex 0 39.3186 6.59748
      vertex 0 39.3186 3.40252
    endloop
  endfacet
  facet normal -1 0 0
    outer loop
      vertex 0 39.05 3.52776
      vertex 0 39.05 6.47224
      vertex 0 39.3186 6.59748
    endloop
  endfacet
  facet normal -1 0 0
    outer loop
      vertex 0 38.8073 3.69772
      vertex 0 39.05 6.47224
      vertex 0 39.05 3.52776
    endloop
  endfacet
  facet normal -1 0 0
    outer loop
      vertex 0 38.8073 3.69772
      vertex 0 38.8073 6.30227
      vertex 0 39.05 6.47224
    endloop
  endfacet
  facet normal -1 0 0
    outer loop
      vertex 0 38.5977 3.90726
      vertex 0 38.8073 6.30227
      vertex 0 38.8073 3.69772
    endloop
  endfacet
  facet normal -1 0 0
    outer loop
      vertex 0 38.5977 3.90726
      vertex 0 38.5977 6.09274
      vertex 0 38.8073 6.30227
    endloop
  endfacet
  facet normal -1 0 0
    outer loop
      vertex 0 38.4278 4.15
      vertex 0 38.5977 6.09274
      vertex 0 38.5977 3.90726
    endloop
  endfacet
  facet normal -1 0 0
    outer loop
      vertex 0 38.4278 4.15
      vertex 0 38.4278 5.85
      vertex 0 38.5977 6.09274
    endloop
  endfacet
  facet normal -1 0 0
    outer loop
      vertex 0 38.3025 4.41857
      vertex 0 38.4278 5.85
      vertex 0 38.4278 4.15
    endloop
  endfacet
  facet normal -1 0 0
    outer loop
      vertex 0 38.3025 4.41857
      vertex 0 38.3025 5.58143
      vertex 0 38.4278 5.85
    endloop
  endfacet
  facet normal -1 0 0
    outer loop
      vertex 0 38.2258 4.7048
      vertex 0 38.3025 5.58143
      vertex 0 38.3025 4.41857
    endloop
  endfacet
  facet normal -1 0 0
    outer loop
      vertex 0 38.2258 4.7048
      vertex 0 38.2258 5.2952
      vertex 0 38.3025 5.58143
    endloop
  endfacet
  facet normal -1 0 -0
    outer loop
      vertex 0 38.2258 5.2952
      vertex 0 38.2258 4.7048
      vertex 0 38.2 5
    endloop
  endfacet
  facet normal -0 0 1
    outer loop
      vertex -3 164.8 172.4
      vertex 0 154.8 172.4
      vertex 0 164.8 172.4
    endloop
  endfacet
  facet normal 0 0 1
    outer loop
      vertex -3 152.4 172.4
      vertex 0 154.8 172.4
      vertex -3 164.8 172.4
    endloop
  endfacet
  facet normal 0 0 1
    outer loop
      vertex 0 154.8 172.4
      vertex -3 152.4 172.4
      vertex 0 152.4 172.4
    endloop
  endfacet
  facet normal 0 0 1
    outer loop
      vertex 194.8 0 172.4
      vertex 197.8 2.4 172.4
      vertex 194.8 2.4 172.4
    endloop
  endfacet
  facet normal 0 0 1
    outer loop
      vertex 197.8 2.4 172.4
      vertex 194.8 0 172.4
      vertex 197.8 -10 172.4
    endloop
  endfacet
  facet normal 0 0 1
    outer loop
      vertex 197.8 -10 172.4
      vertex 194.8 0 172.4
      vertex 194.8 -10 172.4
    endloop
  endfacet
  facet normal 0 0 1
    outer loop
      vertex 194.8 154.8 172.4
      vertex 197.8 164.8 172.4
      vertex 194.8 164.8 172.4
    endloop
  endfacet
  facet normal 0 0 1
    outer loop
      vertex 197.8 164.8 172.4
      vertex 194.8 154.8 172.4
      vertex 197.8 152.4 172.4
    endloop
  endfacet
  facet normal 0 0 1
    outer loop
      vertex 194.8 154.8 172.4
      vertex 194.8 152.4 172.4
      vertex 197.8 152.4 172.4
    endloop
  endfacet
  facet normal 0 0 1
    outer loop
      vertex 192.4 152.4 172.4
      vertex 194.8 152.4 172.4
      vertex 194.8 154.8 172.4
    endloop
  endfacet
  facet normal 0 0 1
    outer loop
      vertex 194.8 152.4 172.4
      vertex 192.4 152.4 172.4
      vertex 194.8 150.8 172.4
    endloop
  endfacet
  facet normal 0 0 1
    outer loop
      vertex 194.8 150.8 172.4
      vertex 192.4 152.4 172.4
      vertex 194.8 147.8 172.4
    endloop
  endfacet
  facet normal 0 0 1
    outer loop
      vertex 194.8 147.8 172.4
      vertex 192.4 152.4 172.4
      vertex 194.8 7 172.4
    endloop
  endfacet
  facet normal 0 0 1
    outer loop
      vertex 192.4 2.4 172.4
      vertex 194.8 7 172.4
      vertex 192.4 152.4 172.4
    endloop
  endfacet
  facet normal 0 0 1
    outer loop
      vertex 194.8 7 172.4
      vertex 192.4 2.4 172.4
      vertex 194.8 4 172.4
    endloop
  endfacet
  facet normal 0 0 1
    outer loop
      vertex 194.8 4 172.4
      vertex 192.4 2.4 172.4
      vertex 194.8 2.4 172.4
    endloop
  endfacet
  facet normal 0 0 1
    outer loop
      vertex 194.8 154.8 172.4
      vertex 2.4 152.4 172.4
      vertex 192.4 152.4 172.4
    endloop
  endfacet
  facet normal 0 0 1
    outer loop
      vertex 0 152.4 172.4
      vertex 2.4 152.4 172.4
      vertex 0 154.8 172.4
    endloop
  endfacet
  facet normal -0 0 1
    outer loop
      vertex 0 154.8 172.4
      vertex 2.4 152.4 172.4
      vertex 194.8 154.8 172.4
    endloop
  endfacet
  facet normal -0 0 1
    outer loop
      vertex 194.8 150.8 172.4
      vertex 197.8 147.8 172.4
      vertex 197.8 150.8 172.4
    endloop
  endfacet
  facet normal 0 0 1
    outer loop
      vertex 197.8 147.8 172.4
      vertex 194.8 150.8 172.4
      vertex 194.8 147.8 172.4
    endloop
  endfacet
  facet normal -0 0 1
    outer loop
      vertex 194.8 7 172.4
      vertex 197.8 4 172.4
      vertex 197.8 7 172.4
    endloop
  endfacet
  facet normal 0 0 1
    outer loop
      vertex 197.8 4 172.4
      vertex 194.8 7 172.4
      vertex 194.8 4 172.4
    endloop
  endfacet
  facet normal 0 0 1
    outer loop
      vertex 194.8 2.4 172.4
      vertex 192.4 2.4 172.4
      vertex 194.8 0 172.4
    endloop
  endfacet
  facet normal -0 0 1
    outer loop
      vertex 2.4 2.4 172.4
      vertex 194.8 0 172.4
      vertex 192.4 2.4 172.4
    endloop
  endfacet
  facet normal 0 0 1
    outer loop
      vertex 2.4 152.4 172.4
      vertex 0 152.4 172.4
      vertex 2.4 2.4 172.4
    endloop
  endfacet
  facet normal 0 0 1
    outer loop
      vertex 0 2.4 172.4
      vertex 2.4 2.4 172.4
      vertex 0 152.4 172.4
    endloop
  endfacet
  facet normal 0 0 1
    outer loop
      vertex 0 0 172.4
      vertex 2.4 2.4 172.4
      vertex 0 2.4 172.4
    endloop
  endfacet
  facet normal 0 0 1
    outer loop
      vertex 2.4 2.4 172.4
      vertex 0 0 172.4
      vertex 194.8 0 172.4
    endloop
  endfacet
  facet normal -0 0 1
    outer loop
      vertex -3 2.4 172.4
      vertex 0 0 172.4
      vertex 0 2.4 172.4
    endloop
  endfacet
  facet normal 0 0 1
    outer loop
      vertex -3 -10 172.4
      vertex 0 0 172.4
      vertex -3 2.4 172.4
    endloop
  endfacet
  facet normal 0 0 1
    outer loop
      vertex 0 0 172.4
      vertex -3 -10 172.4
      vertex 0 -10 172.4
    endloop
  endfacet
  facet normal 1 -0 0
    outer loop
      vertex 194.8 2.4 172.4
      vertex 194.8 4 10
      vertex 194.8 4 172.4
    endloop
  endfacet
  facet normal 1 0 0
    outer loop
      vertex 194.8 4 10
      vertex 194.8 2.4 172.4
      vertex 194.8 2.4 10
    endloop
  endfacet
  facet normal 1 -0 0
    outer loop
      vertex 194.8 15.4 38.4
      vertex 194.8 51.4 29.4
      vertex 194.8 51.4 38.4
    endloop
  endfacet
  facet normal 1 0 0
    outer loop
      vertex 194.8 51.4 29.4
      vertex 194.8 15.4 38.4
      vertex 194.8 15.4 29.4
    endloop
  endfacet
  facet normal 1 -0 0
    outer loop
      vertex 194.8 15.4 54.4
      vertex 194.8 51.4 45.4
      vertex 194.8 51.4 54.4
    endloop
  endfacet
  facet normal 1 0 0
    outer loop
      vertex 194.8 51.4 45.4
      vertex 194.8 15.4 54.4
      vertex 194.8 15.4 45.4
    endloop
  endfacet
  facet normal 1 -0 0
    outer loop
      vertex 194.8 15.4 70.4
      vertex 194.8 51.4 61.4
      vertex 194.8 51.4 70.4
    endloop
  endfacet
  facet normal 1 0 0
    outer loop
      vertex 194.8 51.4 61.4
      vertex 194.8 15.4 70.4
      vertex 194.8 15.4 61.4
    endloop
  endfacet
  facet normal 1 -0 0
    outer loop
      vertex 194.8 15.4 86.4
      vertex 194.8 51.4 77.4
      vertex 194.8 51.4 86.4
    endloop
  endfacet
  facet normal 1 0 0
    outer loop
      vertex 194.8 51.4 77.4
      vertex 194.8 15.4 86.4
      vertex 194.8 15.4 77.4
    endloop
  endfacet
  facet normal 1 -0 0
    outer loop
      vertex 194.8 15.4 102.4
      vertex 194.8 51.4 93.4
      vertex 194.8 51.4 102.4
    endloop
  endfacet
  facet normal 1 0 0
    outer loop
      vertex 194.8 51.4 93.4
      vertex 194.8 15.4 102.4
      vertex 194.8 15.4 93.4
    endloop
  endfacet
  facet normal 1 -0 0
    outer loop
      vertex 194.8 15.4 118.4
      vertex 194.8 51.4 109.4
      vertex 194.8 51.4 118.4
    endloop
  endfacet
  facet normal 1 0 0
    outer loop
      vertex 194.8 51.4 109.4
      vertex 194.8 15.4 118.4
      vertex 194.8 15.4 109.4
    endloop
  endfacet
  facet normal 1 -0 0
    outer loop
      vertex 194.8 15.4 134.4
      vertex 194.8 51.4 125.4
      vertex 194.8 51.4 134.4
    endloop
  endfacet
  facet normal 1 0 0
    outer loop
      vertex 194.8 51.4 125.4
      vertex 194.8 15.4 134.4
      vertex 194.8 15.4 125.4
    endloop
  endfacet
  facet normal 1 -0 0
    outer loop
      vertex 194.8 59.4 38.4
      vertex 194.8 95.4 29.4
      vertex 194.8 95.4 38.4
    endloop
  endfacet
  facet normal 1 0 0
    outer loop
      vertex 194.8 95.4 29.4
      vertex 194.8 59.4 38.4
      vertex 194.8 59.4 29.4
    endloop
  endfacet
  facet normal 1 -0 0
    outer loop
      vertex 194.8 59.4 54.4
      vertex 194.8 95.4 45.4
      vertex 194.8 95.4 54.4
    endloop
  endfacet
  facet normal 1 0 0
    outer loop
      vertex 194.8 95.4 45.4
      vertex 194.8 59.4 54.4
      vertex 194.8 59.4 45.4
    endloop
  endfacet
  facet normal 1 -0 0
    outer loop
      vertex 194.8 59.4 70.4
      vertex 194.8 95.4 61.4
      vertex 194.8 95.4 70.4
    endloop
  endfacet
  facet normal 1 0 0
    outer loop
      vertex 194.8 95.4 61.4
      vertex 194.8 59.4 70.4
      vertex 194.8 59.4 61.4
    endloop
  endfacet
  facet normal 1 -0 0
    outer loop
      vertex 194.8 59.4 86.4
      vertex 194.8 95.4 77.4
      vertex 194.8 95.4 86.4
    endloop
  endfacet
  facet normal 1 0 0
    outer loop
      vertex 194.8 95.4 77.4
      vertex 194.8 59.4 86.4
      vertex 194.8 59.4 77.4
    endloop
  endfacet
  facet normal 1 -0 0
    outer loop
      vertex 194.8 59.4 102.4
      vertex 194.8 95.4 93.4
      vertex 194.8 95.4 102.4
    endloop
  endfacet
  facet normal 1 0 0
    outer loop
      vertex 194.8 95.4 93.4
      vertex 194.8 59.4 102.4
      vertex 194.8 59.4 93.4
    endloop
  endfacet
  facet normal 1 -0 0
    outer loop
      vertex 194.8 59.4 118.4
      vertex 194.8 95.4 109.4
      vertex 194.8 95.4 118.4
    endloop
  endfacet
  facet normal 1 0 0
    outer loop
      vertex 194.8 95.4 109.4
      vertex 194.8 59.4 118.4
      vertex 194.8 59.4 109.4
    endloop
  endfacet
  facet normal 1 -0 0
    outer loop
      vertex 194.8 59.4 134.4
      vertex 194.8 95.4 125.4
      vertex 194.8 95.4 134.4
    endloop
  endfacet
  facet normal 1 0 0
    outer loop
      vertex 194.8 95.4 125.4
      vertex 194.8 59.4 134.4
      vertex 194.8 59.4 125.4
    endloop
  endfacet
  facet normal 1 -0 0
    outer loop
      vertex 194.8 103.4 38.4
      vertex 194.8 139.4 29.4
      vertex 194.8 139.4 38.4
    endloop
  endfacet
  facet normal 1 0 0
    outer loop
      vertex 194.8 139.4 29.4
      vertex 194.8 103.4 38.4
      vertex 194.8 103.4 29.4
    endloop
  endfacet
  facet normal 1 -0 0
    outer loop
      vertex 194.8 103.4 54.4
      vertex 194.8 139.4 45.4
      vertex 194.8 139.4 54.4
    endloop
  endfacet
  facet normal 1 0 0
    outer loop
      vertex 194.8 139.4 45.4
      vertex 194.8 103.4 54.4
      vertex 194.8 103.4 45.4
    endloop
  endfacet
  facet normal 1 -0 0
    outer loop
      vertex 194.8 103.4 70.4
      vertex 194.8 139.4 61.4
      vertex 194.8 139.4 70.4
    endloop
  endfacet
  facet normal 1 0 0
    outer loop
      vertex 194.8 139.4 61.4
      vertex 194.8 103.4 70.4
      vertex 194.8 103.4 61.4
    endloop
  endfacet
  facet normal 1 -0 0
    outer loop
      vertex 194.8 103.4 86.4
      vertex 194.8 139.4 77.4
      vertex 194.8 139.4 86.4
    endloop
  endfacet
  facet normal 1 0 0
    outer loop
      vertex 194.8 139.4 77.4
      vertex 194.8 103.4 86.4
      vertex 194.8 103.4 77.4
    endloop
  endfacet
  facet normal 1 -0 0
    outer loop
      vertex 194.8 103.4 102.4
      vertex 194.8 139.4 93.4
      vertex 194.8 139.4 102.4
    endloop
  endfacet
  facet normal 1 0 0
    outer loop
      vertex 194.8 139.4 93.4
      vertex 194.8 103.4 102.4
      vertex 194.8 103.4 93.4
    endloop
  endfacet
  facet normal 1 -0 0
    outer loop
      vertex 194.8 103.4 118.4
      vertex 194.8 139.4 109.4
      vertex 194.8 139.4 118.4
    endloop
  endfacet
  facet normal 1 0 0
    outer loop
      vertex 194.8 139.4 109.4
      vertex 194.8 103.4 118.4
      vertex 194.8 103.4 109.4
    endloop
  endfacet
  facet normal 1 -0 0
    outer loop
      vertex 194.8 103.4 134.4
      vertex 194.8 139.4 125.4
      vertex 194.8 139.4 134.4
    endloop
  endfacet
  facet normal 1 0 0
    outer loop
      vertex 194.8 139.4 125.4
      vertex 194.8 103.4 134.4
      vertex 194.8 103.4 125.4
    endloop
  endfacet
  facet normal 1 0 0
    outer loop
      vertex 194.8 139.4 134.4
      vertex 194.8 147.8 172.4
      vertex 194.8 139.4 141.4
    endloop
  endfacet
  facet normal 1 0 0
    outer loop
      vertex 194.8 147.8 172.4
      vertex 194.8 103.4 141.4
      vertex 194.8 139.4 141.4
    endloop
  endfacet
  facet normal 1 0 0
    outer loop
      vertex 194.8 95.4 134.4
      vertex 194.8 103.4 134.4
      vertex 194.8 103.4 141.4
    endloop
  endfacet
  facet normal 1 0 0
    outer loop
      vertex 194.8 103.4 134.4
      vertex 194.8 95.4 134.4
      vertex 194.8 103.4 125.4
    endloop
  endfacet
  facet normal 1 0 0
    outer loop
      vertex 194.8 103.4 125.4
      vertex 194.8 95.4 125.4
      vertex 194.8 103.4 118.4
    endloop
  endfacet
  facet normal 1 0 0
    outer loop
      vertex 194.8 95.4 118.4
      vertex 194.8 103.4 118.4
      vertex 194.8 95.4 125.4
    endloop
  endfacet
  facet normal 1 0 0
    outer loop
      vertex 194.8 95.4 109.4
      vertex 194.8 103.4 109.4
      vertex 194.8 95.4 118.4
    endloop
  endfacet
  facet normal 1 0 0
    outer loop
      vertex 194.8 103.4 109.4
      vertex 194.8 95.4 109.4
      vertex 194.8 103.4 102.4
    endloop
  endfacet
  facet normal 1 0 0
    outer loop
      vertex 194.8 103.4 102.4
      vertex 194.8 95.4 102.4
      vertex 194.8 103.4 93.4
    endloop
  endfacet
  facet normal 1 0 0
    outer loop
      vertex 194.8 95.4 93.4
      vertex 194.8 103.4 93.4
      vertex 194.8 95.4 102.4
    endloop
  endfacet
  facet normal 1 0 0
    outer loop
      vertex 194.8 95.4 86.4
      vertex 194.8 103.4 86.4
      vertex 194.8 95.4 93.4
    endloop
  endfacet
  facet normal 1 0 0
    outer loop
      vertex 194.8 103.4 86.4
      vertex 194.8 95.4 86.4
      vertex 194.8 103.4 77.4
    endloop
  endfacet
  facet normal 1 0 0
    outer loop
      vertex 194.8 103.4 77.4
      vertex 194.8 95.4 77.4
      vertex 194.8 103.4 70.4
    endloop
  endfacet
  facet normal 1 0 0
    outer loop
      vertex 194.8 95.4 70.4
      vertex 194.8 103.4 70.4
      vertex 194.8 95.4 77.4
    endloop
  endfacet
  facet normal 1 0 0
    outer loop
      vertex 194.8 95.4 61.4
      vertex 194.8 103.4 61.4
      vertex 194.8 95.4 70.4
    endloop
  endfacet
  facet normal 1 0 0
    outer loop
      vertex 194.8 103.4 61.4
      vertex 194.8 95.4 61.4
      vertex 194.8 103.4 54.4
    endloop
  endfacet
  facet normal 1 0 0
    outer loop
      vertex 194.8 95.4 134.4
      vertex 194.8 103.4 141.4
      vertex 194.8 95.4 141.4
    endloop
  endfacet
  facet normal 1 0 0
    outer loop
      vertex 194.8 147.8 172.4
      vertex 194.8 95.4 141.4
      vertex 194.8 103.4 141.4
    endloop
  endfacet
  facet normal 1 0 0
    outer loop
      vertex 194.8 147.8 172.4
      vertex 194.8 59.4 141.4
      vertex 194.8 95.4 141.4
    endloop
  endfacet
  facet normal 1 0 0
    outer loop
      vertex 194.8 51.4 134.4
      vertex 194.8 59.4 134.4
      vertex 194.8 59.4 141.4
    endloop
  endfacet
  facet normal 1 0 0
    outer loop
      vertex 194.8 59.4 134.4
      vertex 194.8 51.4 134.4
      vertex 194.8 59.4 125.4
    endloop
  endfacet
  facet normal 1 0 0
    outer loop
      vertex 194.8 59.4 125.4
      vertex 194.8 51.4 125.4
      vertex 194.8 59.4 118.4
    endloop
  endfacet
  facet normal 1 0 0
    outer loop
      vertex 194.8 51.4 118.4
      vertex 194.8 59.4 118.4
      vertex 194.8 51.4 125.4
    endloop
  endfacet
  facet normal 1 0 0
    outer loop
      vertex 194.8 51.4 109.4
      vertex 194.8 59.4 109.4
      vertex 194.8 51.4 118.4
    endloop
  endfacet
  facet normal 1 0 0
    outer loop
      vertex 194.8 59.4 109.4
      vertex 194.8 51.4 109.4
      vertex 194.8 59.4 102.4
    endloop
  endfacet
  facet normal 1 0 0
    outer loop
      vertex 194.8 59.4 102.4
      vertex 194.8 51.4 102.4
      vertex 194.8 59.4 93.4
    endloop
  endfacet
  facet normal 1 0 0
    outer loop
      vertex 194.8 51.4 93.4
      vertex 194.8 59.4 93.4
      vertex 194.8 51.4 102.4
    endloop
  endfacet
  facet normal 1 0 0
    outer loop
      vertex 194.8 51.4 86.4
      vertex 194.8 59.4 86.4
      vertex 194.8 51.4 93.4
    endloop
  endfacet
  facet normal 1 0 0
    outer loop
      vertex 194.8 59.4 86.4
      vertex 194.8 51.4 86.4
      vertex 194.8 59.4 77.4
    endloop
  endfacet
  facet normal 1 0 0
    outer loop
      vertex 194.8 59.4 77.4
      vertex 194.8 51.4 77.4
      vertex 194.8 59.4 70.4
    endloop
  endfacet
  facet normal 1 0 0
    outer loop
      vertex 194.8 51.4 70.4
      vertex 194.8 59.4 70.4
      vertex 194.8 51.4 77.4
    endloop
  endfacet
  facet normal 1 0 0
    outer loop
      vertex 194.8 51.4 61.4
      vertex 194.8 59.4 61.4
      vertex 194.8 51.4 70.4
    endloop
  endfacet
  facet normal 1 0 0
    outer loop
      vertex 194.8 59.4 61.4
      vertex 194.8 51.4 61.4
      vertex 194.8 59.4 54.4
    endloop
  endfacet
  facet normal 1 0 0
    outer loop
      vertex 194.8 51.4 134.4
      vertex 194.8 59.4 141.4
      vertex 194.8 51.4 141.4
    endloop
  endfacet
  facet normal 1 -0 0
    outer loop
      vertex 194.8 7 172.4
      vertex 194.8 59.4 141.4
      vertex 194.8 147.8 172.4
    endloop
  endfacet
  facet normal 1 0 0
    outer loop
      vertex 194.8 59.4 141.4
      vertex 194.8 7 172.4
      vertex 194.8 51.4 141.4
    endloop
  endfacet
  facet normal 1 0 0
    outer loop
      vertex 194.8 7 172.4
      vertex 194.8 15.4 134.4
      vertex 194.8 15.4 141.4
    endloop
  endfacet
  facet normal 1 0 0
    outer loop
      vertex 194.8 15.4 134.4
      vertex 194.8 7 172.4
      vertex 194.8 15.4 125.4
    endloop
  endfacet
  facet normal 1 0 0
    outer loop
      vertex 194.8 15.4 125.4
      vertex 194.8 7 172.4
      vertex 194.8 15.4 118.4
    endloop
  endfacet
  facet normal 1 0 0
    outer loop
      vertex 194.8 15.4 118.4
      vertex 194.8 7 172.4
      vertex 194.8 15.4 109.4
    endloop
  endfacet
  facet normal 1 0 0
    outer loop
      vertex 194.8 15.4 109.4
      vertex 194.8 7 172.4
      vertex 194.8 15.4 102.4
    endloop
  endfacet
  facet normal 1 0 0
    outer loop
      vertex 194.8 15.4 102.4
      vertex 194.8 7 172.4
      vertex 194.8 15.4 93.4
    endloop
  endfacet
  facet normal 1 0 0
    outer loop
      vertex 194.8 15.4 93.4
      vertex 194.8 7 172.4
      vertex 194.8 15.4 86.4
    endloop
  endfacet
  facet normal 1 0 0
    outer loop
      vertex 194.8 7 10
      vertex 194.8 15.4 86.4
      vertex 194.8 7 172.4
    endloop
  endfacet
  facet normal 1 0 0
    outer loop
      vertex 194.8 15.4 86.4
      vertex 194.8 7 10
      vertex 194.8 15.4 77.4
    endloop
  endfacet
  facet normal 1 0 0
    outer loop
      vertex 194.8 15.4 77.4
      vertex 194.8 7 10
      vertex 194.8 15.4 70.4
    endloop
  endfacet
  facet normal 1 0 0
    outer loop
      vertex 194.8 15.4 70.4
      vertex 194.8 7 10
      vertex 194.8 15.4 61.4
    endloop
  endfacet
  facet normal 1 0 0
    outer loop
      vertex 194.8 15.4 61.4
      vertex 194.8 7 10
      vertex 194.8 15.4 54.4
    endloop
  endfacet
  facet normal 1 0 0
    outer loop
      vertex 194.8 15.4 45.4
      vertex 194.8 7 10
      vertex 194.8 15.4 38.4
    endloop
  endfacet
  facet normal 1 0 0
    outer loop
      vertex 194.8 15.4 38.4
      vertex 194.8 7 10
      vertex 194.8 15.4 29.4
    endloop
  endfacet
  facet normal 1 0 0
    outer loop
      vertex 194.8 15.4 54.4
      vertex 194.8 7 10
      vertex 194.8 15.4 45.4
    endloop
  endfacet
  facet normal 1 0 0
    outer loop
      vertex 194.8 51.4 141.4
      vertex 194.8 7 172.4
      vertex 194.8 15.4 141.4
    endloop
  endfacet
  facet normal 1 0 0
    outer loop
      vertex 194.8 139.4 125.4
      vertex 194.8 147.8 172.4
      vertex 194.8 139.4 134.4
    endloop
  endfacet
  facet normal 1 0 0
    outer loop
      vertex 194.8 139.4 118.4
      vertex 194.8 147.8 172.4
      vertex 194.8 139.4 125.4
    endloop
  endfacet
  facet normal 1 0 0
    outer loop
      vertex 194.8 139.4 109.4
      vertex 194.8 147.8 172.4
      vertex 194.8 139.4 118.4
    endloop
  endfacet
  facet normal 1 0 0
    outer loop
      vertex 194.8 139.4 102.4
      vertex 194.8 147.8 172.4
      vertex 194.8 139.4 109.4
    endloop
  endfacet
  facet normal 1 0 0
    outer loop
      vertex 194.8 139.4 93.4
      vertex 194.8 147.8 172.4
      vertex 194.8 139.4 102.4
    endloop
  endfacet
  facet normal 1 0 0
    outer loop
      vertex 194.8 147.8 172.4
      vertex 194.8 139.4 93.4
      vertex 194.8 147.8 10
    endloop
  endfacet
  facet normal 1 -0 0
    outer loop
      vertex 194.8 139.4 86.4
      vertex 194.8 147.8 10
      vertex 194.8 139.4 93.4
    endloop
  endfacet
  facet normal 1 -0 0
    outer loop
      vertex 194.8 139.4 77.4
      vertex 194.8 147.8 10
      vertex 194.8 139.4 86.4
    endloop
  endfacet
  facet normal 1 -0 0
    outer loop
      vertex 194.8 139.4 70.4
      vertex 194.8 147.8 10
      vertex 194.8 139.4 77.4
    endloop
  endfacet
  facet normal 1 -0 0
    outer loop
      vertex 194.8 139.4 61.4
      vertex 194.8 147.8 10
      vertex 194.8 139.4 70.4
    endloop
  endfacet
  facet normal 1 -0 0
    outer loop
      vertex 194.8 139.4 54.4
      vertex 194.8 147.8 10
      vertex 194.8 139.4 61.4
    endloop
  endfacet
  facet normal 1 -0 0
    outer loop
      vertex 194.8 139.4 45.4
      vertex 194.8 147.8 10
      vertex 194.8 139.4 54.4
    endloop
  endfacet
  facet normal 1 -0 0
    outer loop
      vertex 194.8 139.4 38.4
      vertex 194.8 147.8 10
      vertex 194.8 139.4 45.4
    endloop
  endfacet
  facet normal 1 -0 0
    outer loop
      vertex 194.8 139.4 29.4
      vertex 194.8 147.8 10
      vertex 194.8 139.4 38.4
    endloop
  endfacet
  facet normal 1 -0 0
    outer loop
      vertex 194.8 139.4 22.4
      vertex 194.8 147.8 10
      vertex 194.8 139.4 29.4
    endloop
  endfacet
  facet normal 1 -0 0
    outer loop
      vertex 194.8 103.4 22.4
      vertex 194.8 147.8 10
      vertex 194.8 139.4 22.4
    endloop
  endfacet
  facet normal 1 0 0
    outer loop
      vertex 194.8 103.4 125.4
      vertex 194.8 95.4 134.4
      vertex 194.8 95.4 125.4
    endloop
  endfacet
  facet normal 1 0 0
    outer loop
      vertex 194.8 103.4 118.4
      vertex 194.8 95.4 118.4
      vertex 194.8 103.4 109.4
    endloop
  endfacet
  facet normal 1 0 0
    outer loop
      vertex 194.8 95.4 102.4
      vertex 194.8 103.4 102.4
      vertex 194.8 95.4 109.4
    endloop
  endfacet
  facet normal 1 0 0
    outer loop
      vertex 194.8 103.4 93.4
      vertex 194.8 95.4 93.4
      vertex 194.8 103.4 86.4
    endloop
  endfacet
  facet normal 1 0 0
    outer loop
      vertex 194.8 95.4 77.4
      vertex 194.8 103.4 77.4
      vertex 194.8 95.4 86.4
    endloop
  endfacet
  facet normal 1 0 0
    outer loop
      vertex 194.8 103.4 70.4
      vertex 194.8 95.4 70.4
      vertex 194.8 103.4 61.4
    endloop
  endfacet
  facet normal 1 0 0
    outer loop
      vertex 194.8 95.4 54.4
      vertex 194.8 103.4 54.4
      vertex 194.8 95.4 61.4
    endloop
  endfacet
  facet normal 1 0 0
    outer loop
      vertex 194.8 103.4 54.4
      vertex 194.8 95.4 54.4
      vertex 194.8 103.4 45.4
    endloop
  endfacet
  facet normal 1 0 0
    outer loop
      vertex 194.8 95.4 45.4
      vertex 194.8 103.4 45.4
      vertex 194.8 95.4 54.4
    endloop
  endfacet
  facet normal 1 0 0
    outer loop
      vertex 194.8 103.4 45.4
      vertex 194.8 95.4 45.4
      vertex 194.8 103.4 38.4
    endloop
  endfacet
  facet normal 1 0 0
    outer loop
      vertex 194.8 95.4 38.4
      vertex 194.8 103.4 38.4
      vertex 194.8 95.4 45.4
    endloop
  endfacet
  facet normal 1 0 0
    outer loop
      vertex 194.8 103.4 38.4
      vertex 194.8 95.4 38.4
      vertex 194.8 103.4 29.4
    endloop
  endfacet
  facet normal 1 0 0
    outer loop
      vertex 194.8 95.4 29.4
      vertex 194.8 103.4 29.4
      vertex 194.8 95.4 38.4
    endloop
  endfacet
  facet normal 1 0 0
    outer loop
      vertex 194.8 103.4 29.4
      vertex 194.8 95.4 29.4
      vertex 194.8 103.4 22.4
    endloop
  endfacet
  facet normal 1 0 0
    outer loop
      vertex 194.8 95.4 22.4
      vertex 194.8 103.4 22.4
      vertex 194.8 95.4 29.4
    endloop
  endfacet
  facet normal 1 -0 0
    outer loop
      vertex 194.8 95.4 22.4
      vertex 194.8 147.8 10
      vertex 194.8 103.4 22.4
    endloop
  endfacet
  facet normal 1 -0 0
    outer loop
      vertex 194.8 59.4 22.4
      vertex 194.8 147.8 10
      vertex 194.8 95.4 22.4
    endloop
  endfacet
  facet normal 1 0 0
    outer loop
      vertex 194.8 59.4 125.4
      vertex 194.8 51.4 134.4
      vertex 194.8 51.4 125.4
    endloop
  endfacet
  facet normal 1 0 0
    outer loop
      vertex 194.8 59.4 118.4
      vertex 194.8 51.4 118.4
      vertex 194.8 59.4 109.4
    endloop
  endfacet
  facet normal 1 0 0
    outer loop
      vertex 194.8 51.4 102.4
      vertex 194.8 59.4 102.4
      vertex 194.8 51.4 109.4
    endloop
  endfacet
  facet normal 1 0 0
    outer loop
      vertex 194.8 59.4 93.4
      vertex 194.8 51.4 93.4
      vertex 194.8 59.4 86.4
    endloop
  endfacet
  facet normal 1 0 0
    outer loop
      vertex 194.8 51.4 77.4
      vertex 194.8 59.4 77.4
      vertex 194.8 51.4 86.4
    endloop
  endfacet
  facet normal 1 0 0
    outer loop
      vertex 194.8 59.4 70.4
      vertex 194.8 51.4 70.4
      vertex 194.8 59.4 61.4
    endloop
  endfacet
  facet normal 1 0 0
    outer loop
      vertex 194.8 51.4 54.4
      vertex 194.8 59.4 54.4
      vertex 194.8 51.4 61.4
    endloop
  endfacet
  facet normal 1 0 0
    outer loop
      vertex 194.8 59.4 54.4
      vertex 194.8 51.4 54.4
      vertex 194.8 59.4 45.4
    endloop
  endfacet
  facet normal 1 0 0
    outer loop
      vertex 194.8 51.4 45.4
      vertex 194.8 59.4 45.4
      vertex 194.8 51.4 54.4
    endloop
  endfacet
  facet normal 1 0 0
    outer loop
      vertex 194.8 59.4 45.4
      vertex 194.8 51.4 45.4
      vertex 194.8 59.4 38.4
    endloop
  endfacet
  facet normal 1 0 0
    outer loop
      vertex 194.8 51.4 38.4
      vertex 194.8 59.4 38.4
      vertex 194.8 51.4 45.4
    endloop
  endfacet
  facet normal 1 0 0
    outer loop
      vertex 194.8 59.4 38.4
      vertex 194.8 51.4 38.4
      vertex 194.8 59.4 29.4
    endloop
  endfacet
  facet normal 1 0 0
    outer loop
      vertex 194.8 51.4 29.4
      vertex 194.8 59.4 29.4
      vertex 194.8 51.4 38.4
    endloop
  endfacet
  facet normal 1 0 0
    outer loop
      vertex 194.8 59.4 29.4
      vertex 194.8 51.4 29.4
      vertex 194.8 59.4 22.4
    endloop
  endfacet
  facet normal 1 0 0
    outer loop
      vertex 194.8 51.4 22.4
      vertex 194.8 59.4 22.4
      vertex 194.8 51.4 29.4
    endloop
  endfacet
  facet normal 1 0 0
    outer loop
      vertex 194.8 7 10
      vertex 194.8 59.4 22.4
      vertex 194.8 51.4 22.4
    endloop
  endfacet
  facet normal 1 0 0
    outer loop
      vertex 194.8 7 10
      vertex 194.8 51.4 22.4
      vertex 194.8 15.4 22.4
    endloop
  endfacet
  facet normal 1 0 0
    outer loop
      vertex 194.8 59.4 22.4
      vertex 194.8 7 10
      vertex 194.8 147.8 10
    endloop
  endfacet
  facet normal 1 0 0
    outer loop
      vertex 194.8 15.4 29.4
      vertex 194.8 7 10
      vertex 194.8 15.4 22.4
    endloop
  endfacet
  facet normal 1 -0 0
    outer loop
      vertex 194.8 150.8 172.4
      vertex 194.8 152.4 10
      vertex 194.8 152.4 172.4
    endloop
  endfacet
  facet normal 1 0 0
    outer loop
      vertex 194.8 152.4 10
      vertex 194.8 150.8 172.4
      vertex 194.8 150.8 10
    endloop
  endfacet
  facet normal -1 0 0
    outer loop
      vertex 194.8 -3.32583 157.105
      vertex 194.8 0 172.4
      vertex 194.8 -3.32583 86.4952
    endloop
  endfacet
  facet normal -1 0 0
    outer loop
      vertex 194.8 0 172.4
      vertex 194.8 -3.32583 157.105
      vertex 194.8 -3.3 157.4
    endloop
  endfacet
  facet normal -1 0 0
    outer loop
      vertex 194.8 -3.40252 86.7814
      vertex 194.8 -3.32583 157.105
      vertex 194.8 -3.32583 86.4952
    endloop
  endfacet
  facet normal -1 0 0
    outer loop
      vertex 194.8 -3.40252 86.7814
      vertex 194.8 -3.40252 156.819
      vertex 194.8 -3.32583 157.105
    endloop
  endfacet
  facet normal -1 0 0
    outer loop
      vertex 194.8 -3.52776 87.05
      vertex 194.8 -3.40252 156.819
      vertex 194.8 -3.40252 86.7814
    endloop
  endfacet
  facet normal -1 0 0
    outer loop
      vertex 194.8 -3.52776 87.05
      vertex 194.8 -3.52776 156.55
      vertex 194.8 -3.40252 156.819
    endloop
  endfacet
  facet normal -1 0 0
    outer loop
      vertex 194.8 -3.69772 87.2927
      vertex 194.8 -3.52776 156.55
      vertex 194.8 -3.52776 87.05
    endloop
  endfacet
  facet normal -1 0 0
    outer loop
      vertex 194.8 -3.69772 87.2927
      vertex 194.8 -3.69772 156.307
      vertex 194.8 -3.52776 156.55
    endloop
  endfacet
  facet normal -1 0 0
    outer loop
      vertex 194.8 -3.90726 87.5023
      vertex 194.8 -3.69772 156.307
      vertex 194.8 -3.69772 87.2927
    endloop
  endfacet
  facet normal -1 0 0
    outer loop
      vertex 194.8 -3.90726 87.5023
      vertex 194.8 -3.90726 156.098
      vertex 194.8 -3.69772 156.307
    endloop
  endfacet
  facet normal -1 0 0
    outer loop
      vertex 194.8 -4.15 87.6722
      vertex 194.8 -3.90726 156.098
      vertex 194.8 -3.90726 87.5023
    endloop
  endfacet
  facet normal -1 0 0
    outer loop
      vertex 194.8 -4.15 87.6722
      vertex 194.8 -4.15 155.928
      vertex 194.8 -3.90726 156.098
    endloop
  endfacet
  facet normal -1 0 0
    outer loop
      vertex 194.8 -4.41857 87.7975
      vertex 194.8 -4.15 155.928
      vertex 194.8 -4.15 87.6722
    endloop
  endfacet
  facet normal -1 0 0
    outer loop
      vertex 194.8 -4.41857 87.7975
      vertex 194.8 -4.41857 155.803
      vertex 194.8 -4.15 155.928
    endloop
  endfacet
  facet normal -1 0 0
    outer loop
      vertex 194.8 -4.7048 87.8742
      vertex 194.8 -4.41857 155.803
      vertex 194.8 -4.41857 87.7975
    endloop
  endfacet
  facet normal -1 0 0
    outer loop
      vertex 194.8 -4.7048 87.8742
      vertex 194.8 -4.7048 155.726
      vertex 194.8 -4.41857 155.803
    endloop
  endfacet
  facet normal -1 0 0
    outer loop
      vertex 194.8 -5 87.9
      vertex 194.8 -4.7048 155.726
      vertex 194.8 -4.7048 87.8742
    endloop
  endfacet
  facet normal -1 0 0
    outer loop
      vertex 194.8 -5 87.9
      vertex 194.8 -5 155.7
      vertex 194.8 -4.7048 155.726
    endloop
  endfacet
  facet normal -1 0 0
    outer loop
      vertex 194.8 -5.2952 87.8742
      vertex 194.8 -5 155.7
      vertex 194.8 -5 87.9
    endloop
  endfacet
  facet normal -1 0 0
    outer loop
      vertex 194.8 -5.2952 87.8742
      vertex 194.8 -5.2952 155.726
      vertex 194.8 -5 155.7
    endloop
  endfacet
  facet normal -1 0 0
    outer loop
      vertex 194.8 -5.58143 87.7975
      vertex 194.8 -5.2952 155.726
      vertex 194.8 -5.2952 87.8742
    endloop
  endfacet
  facet normal -1 0 0
    outer loop
      vertex 194.8 -5.58143 87.7975
      vertex 194.8 -5.58143 155.803
      vertex 194.8 -5.2952 155.726
    endloop
  endfacet
  facet normal -1 0 0
    outer loop
      vertex 194.8 -5.85 87.6722
      vertex 194.8 -5.58143 155.803
      vertex 194.8 -5.58143 87.7975
    endloop
  endfacet
  facet normal -1 0 0
    outer loop
      vertex 194.8 -5.85 87.6722
      vertex 194.8 -5.85 155.928
      vertex 194.8 -5.58143 155.803
    endloop
  endfacet
  facet normal -1 0 0
    outer loop
      vertex 194.8 -6.09274 87.5023
      vertex 194.8 -5.85 155.928
      vertex 194.8 -5.85 87.6722
    endloop
  endfacet
  facet normal -1 0 0
    outer loop
      vertex 194.8 -6.09274 87.5023
      vertex 194.8 -6.09274 156.098
      vertex 194.8 -5.85 155.928
    endloop
  endfacet
  facet normal -1 0 0
    outer loop
      vertex 194.8 -6.30227 87.2927
      vertex 194.8 -6.09274 156.098
      vertex 194.8 -6.09274 87.5023
    endloop
  endfacet
  facet normal -1 0 0
    outer loop
      vertex 194.8 -6.30227 87.2927
      vertex 194.8 -6.30227 156.307
      vertex 194.8 -6.09274 156.098
    endloop
  endfacet
  facet normal -1 0 0
    outer loop
      vertex 194.8 -6.47224 87.05
      vertex 194.8 -6.30227 156.307
      vertex 194.8 -6.30227 87.2927
    endloop
  endfacet
  facet normal -1 0 0
    outer loop
      vertex 194.8 -6.47224 87.05
      vertex 194.8 -6.47224 156.55
      vertex 194.8 -6.30227 156.307
    endloop
  endfacet
  facet normal -1 0 0
    outer loop
      vertex 194.8 -6.59748 86.7814
      vertex 194.8 -6.47224 156.55
      vertex 194.8 -6.47224 87.05
    endloop
  endfacet
  facet normal -1 0 0
    outer loop
      vertex 194.8 -6.59748 86.7814
      vertex 194.8 -6.59748 156.819
      vertex 194.8 -6.47224 156.55
    endloop
  endfacet
  facet normal -1 0 0
    outer loop
      vertex 194.8 -6.67417 86.4952
      vertex 194.8 -6.59748 156.819
      vertex 194.8 -6.59748 86.7814
    endloop
  endfacet
  facet normal -1 0 0
    outer loop
      vertex 194.8 -6.67417 86.4952
      vertex 194.8 -6.67417 157.105
      vertex 194.8 -6.59748 156.819
    endloop
  endfacet
  facet normal -1 0 0
    outer loop
      vertex 194.8 -10 172.4
      vertex 194.8 -6.67417 86.4952
      vertex 194.8 -6.7 86.2
    endloop
  endfacet
  facet normal -1 0 0
    outer loop
      vertex 194.8 -6.67417 86.4952
      vertex 194.8 -10 172.4
      vertex 194.8 -6.67417 157.105
    endloop
  endfacet
  facet normal -1 0 0
    outer loop
      vertex 194.8 -3.32583 25.2952
      vertex 194.8 -3.3 86.2
      vertex 194.8 -3.3 25
    endloop
  endfacet
  facet normal -1 0 0
    outer loop
      vertex 194.8 -3.32583 25.2952
      vertex 194.8 -3.32583 85.9048
      vertex 194.8 -3.3 86.2
    endloop
  endfacet
  facet normal -1 0 0
    outer loop
      vertex 194.8 -3.40252 25.5814
      vertex 194.8 -3.32583 85.9048
      vertex 194.8 -3.32583 25.2952
    endloop
  endfacet
  facet normal -1 0 0
    outer loop
      vertex 194.8 -3.40252 25.5814
      vertex 194.8 -3.40252 85.6186
      vertex 194.8 -3.32583 85.9048
    endloop
  endfacet
  facet normal -1 0 0
    outer loop
      vertex 194.8 -3.52776 25.85
      vertex 194.8 -3.40252 85.6186
      vertex 194.8 -3.40252 25.5814
    endloop
  endfacet
  facet normal -1 0 0
    outer loop
      vertex 194.8 -3.52776 25.85
      vertex 194.8 -3.52776 85.35
      vertex 194.8 -3.40252 85.6186
    endloop
  endfacet
  facet normal -1 0 0
    outer loop
      vertex 194.8 -3.69772 26.0927
      vertex 194.8 -3.52776 85.35
      vertex 194.8 -3.52776 25.85
    endloop
  endfacet
  facet normal -1 0 0
    outer loop
      vertex 194.8 -3.69772 26.0927
      vertex 194.8 -3.69772 85.1073
      vertex 194.8 -3.52776 85.35
    endloop
  endfacet
  facet normal -1 0 0
    outer loop
      vertex 194.8 -3.90726 26.3023
      vertex 194.8 -3.69772 85.1073
      vertex 194.8 -3.69772 26.0927
    endloop
  endfacet
  facet normal -1 0 0
    outer loop
      vertex 194.8 -3.90726 26.3023
      vertex 194.8 -3.90726 84.8977
      vertex 194.8 -3.69772 85.1073
    endloop
  endfacet
  facet normal -1 0 0
    outer loop
      vertex 194.8 -4.15 26.4722
      vertex 194.8 -3.90726 84.8977
      vertex 194.8 -3.90726 26.3023
    endloop
  endfacet
  facet normal -1 0 0
    outer loop
      vertex 194.8 -4.15 26.4722
      vertex 194.8 -4.15 84.7278
      vertex 194.8 -3.90726 84.8977
    endloop
  endfacet
  facet normal -1 0 0
    outer loop
      vertex 194.8 -4.41857 26.5975
      vertex 194.8 -4.15 84.7278
      vertex 194.8 -4.15 26.4722
    endloop
  endfacet
  facet normal -1 0 0
    outer loop
      vertex 194.8 -4.41857 26.5975
      vertex 194.8 -4.41857 84.6025
      vertex 194.8 -4.15 84.7278
    endloop
  endfacet
  facet normal -1 0 0
    outer loop
      vertex 194.8 -4.7048 26.6742
      vertex 194.8 -4.41857 84.6025
      vertex 194.8 -4.41857 26.5975
    endloop
  endfacet
  facet normal -1 0 0
    outer loop
      vertex 194.8 -4.7048 26.6742
      vertex 194.8 -4.7048 84.5258
      vertex 194.8 -4.41857 84.6025
    endloop
  endfacet
  facet normal -1 0 0
    outer loop
      vertex 194.8 -5 26.7
      vertex 194.8 -4.7048 84.5258
      vertex 194.8 -4.7048 26.6742
    endloop
  endfacet
  facet normal -1 0 0
    outer loop
      vertex 194.8 -5 26.7
      vertex 194.8 -5 84.5
      vertex 194.8 -4.7048 84.5258
    endloop
  endfacet
  facet normal -1 0 0
    outer loop
      vertex 194.8 -5.2952 26.6742
      vertex 194.8 -5 84.5
      vertex 194.8 -5 26.7
    endloop
  endfacet
  facet normal -1 0 0
    outer loop
      vertex 194.8 -5.2952 26.6742
      vertex 194.8 -5.2952 84.5258
      vertex 194.8 -5 84.5
    endloop
  endfacet
  facet normal -1 0 0
    outer loop
      vertex 194.8 -5.58143 26.5975
      vertex 194.8 -5.2952 84.5258
      vertex 194.8 -5.2952 26.6742
    endloop
  endfacet
  facet normal -1 0 0
    outer loop
      vertex 194.8 -5.58143 26.5975
      vertex 194.8 -5.58143 84.6025
      vertex 194.8 -5.2952 84.5258
    endloop
  endfacet
  facet normal -1 0 0
    outer loop
      vertex 194.8 -5.85 26.4722
      vertex 194.8 -5.58143 84.6025
      vertex 194.8 -5.58143 26.5975
    endloop
  endfacet
  facet normal -1 0 0
    outer loop
      vertex 194.8 -5.85 26.4722
      vertex 194.8 -5.85 84.7278
      vertex 194.8 -5.58143 84.6025
    endloop
  endfacet
  facet normal -1 0 0
    outer loop
      vertex 194.8 -6.09274 26.3023
      vertex 194.8 -5.85 84.7278
      vertex 194.8 -5.85 26.4722
    endloop
  endfacet
  facet normal -1 0 0
    outer loop
      vertex 194.8 -6.09274 26.3023
      vertex 194.8 -6.09274 84.8977
      vertex 194.8 -5.85 84.7278
    endloop
  endfacet
  facet normal -1 0 0
    outer loop
      vertex 194.8 -6.30227 26.0927
      vertex 194.8 -6.09274 84.8977
      vertex 194.8 -6.09274 26.3023
    endloop
  endfacet
  facet normal -1 0 0
    outer loop
      vertex 194.8 -6.30227 26.0927
      vertex 194.8 -6.30227 85.1073
      vertex 194.8 -6.09274 84.8977
    endloop
  endfacet
  facet normal -1 0 0
    outer loop
      vertex 194.8 -6.47224 25.85
      vertex 194.8 -6.30227 85.1073
      vertex 194.8 -6.30227 26.0927
    endloop
  endfacet
  facet normal -1 0 0
    outer loop
      vertex 194.8 -6.47224 25.85
      vertex 194.8 -6.47224 85.35
      vertex 194.8 -6.30227 85.1073
    endloop
  endfacet
  facet normal -1 0 0
    outer loop
      vertex 194.8 -6.59748 25.5814
      vertex 194.8 -6.47224 85.35
      vertex 194.8 -6.47224 25.85
    endloop
  endfacet
  facet normal -1 0 0
    outer loop
      vertex 194.8 -6.59748 25.5814
      vertex 194.8 -6.59748 85.6186
      vertex 194.8 -6.47224 85.35
    endloop
  endfacet
  facet normal -1 0 0
    outer loop
      vertex 194.8 -6.67417 25.2952
      vertex 194.8 -6.59748 85.6186
      vertex 194.8 -6.59748 25.5814
    endloop
  endfacet
  facet normal -1 0 0
    outer loop
      vertex 194.8 -6.67417 25.2952
      vertex 194.8 -6.67417 85.9048
      vertex 194.8 -6.59748 85.6186
    endloop
  endfacet
  facet normal -1 0 0
    outer loop
      vertex 194.8 -6.7 25
      vertex 194.8 -6.67417 85.9048
      vertex 194.8 -6.67417 25.2952
    endloop
  endfacet
  facet normal -1 -0 0
    outer loop
      vertex 194.8 -6.67417 85.9048
      vertex 194.8 -6.7 25
      vertex 194.8 -6.7 86.2
    endloop
  endfacet
  facet normal -1 0 0
    outer loop
      vertex 194.8 -3.3 86.2
      vertex 194.8 0 0
      vertex 194.8 -3.3 25
    endloop
  endfacet
  facet normal -1 0 0
    outer loop
      vertex 194.8 0 0
      vertex 194.8 -3.32583 24.7048
      vertex 194.8 -3.3 25
    endloop
  endfacet
  facet normal -1 0 0
    outer loop
      vertex 194.8 0 0
      vertex 194.8 -3.40252 24.4186
      vertex 194.8 -3.32583 24.7048
    endloop
  endfacet
  facet normal -1 0 0
    outer loop
      vertex 194.8 0 0
      vertex 194.8 -3.52776 24.15
      vertex 194.8 -3.40252 24.4186
    endloop
  endfacet
  facet normal -1 0 0
    outer loop
      vertex 194.8 0 0
      vertex 194.8 -3.69772 23.9073
      vertex 194.8 -3.52776 24.15
    endloop
  endfacet
  facet normal -1 0 0
    outer loop
      vertex 194.8 0 0
      vertex 194.8 -3.90726 23.6977
      vertex 194.8 -3.69772 23.9073
    endloop
  endfacet
  facet normal -1 0 0
    outer loop
      vertex 194.8 0 0
      vertex 194.8 -4.15 23.5278
      vertex 194.8 -3.90726 23.6977
    endloop
  endfacet
  facet normal -1 0 0
    outer loop
      vertex 194.8 0 0
      vertex 194.8 -4.41857 23.4025
      vertex 194.8 -4.15 23.5278
    endloop
  endfacet
  facet normal -1 0 0
    outer loop
      vertex 194.8 0 0
      vertex 194.8 -4.7048 23.3258
      vertex 194.8 -4.41857 23.4025
    endloop
  endfacet
  facet normal -1 0 0
    outer loop
      vertex 194.8 0 0
      vertex 194.8 -5 23.3
      vertex 194.8 -4.7048 23.3258
    endloop
  endfacet
  facet normal -1 0 0
    outer loop
      vertex 194.8 -10 0
      vertex 194.8 -5 23.3
      vertex 194.8 0 0
    endloop
  endfacet
  facet normal -1 -0 0
    outer loop
      vertex 194.8 -5 23.3
      vertex 194.8 -10 0
      vertex 194.8 -5.2952 23.3258
    endloop
  endfacet
  facet normal -1 -0 0
    outer loop
      vertex 194.8 -5.2952 23.3258
      vertex 194.8 -10 0
      vertex 194.8 -5.58143 23.4025
    endloop
  endfacet
  facet normal -1 -0 0
    outer loop
      vertex 194.8 -5.58143 23.4025
      vertex 194.8 -10 0
      vertex 194.8 -5.85 23.5278
    endloop
  endfacet
  facet normal -1 -0 0
    outer loop
      vertex 194.8 -5.85 23.5278
      vertex 194.8 -10 0
      vertex 194.8 -6.09274 23.6977
    endloop
  endfacet
  facet normal -1 -0 0
    outer loop
      vertex 194.8 -6.09274 23.6977
      vertex 194.8 -10 0
      vertex 194.8 -6.30227 23.9073
    endloop
  endfacet
  facet normal -1 -0 0
    outer loop
      vertex 194.8 -6.30227 23.9073
      vertex 194.8 -10 0
      vertex 194.8 -6.47224 24.15
    endloop
  endfacet
  facet normal -1 0 0
    outer loop
      vertex 194.8 -10 0
      vertex 194.8 -6.7 86.2
      vertex 194.8 -6.7 25
    endloop
  endfacet
  facet normal -1 -0 0
    outer loop
      vertex 194.8 -6.7 86.2
      vertex 194.8 -10 0
      vertex 194.8 -10 172.4
    endloop
  endfacet
  facet normal -1 -0 0
    outer loop
      vertex 194.8 -6.67417 24.7048
      vertex 194.8 -10 0
      vertex 194.8 -6.7 25
    endloop
  endfacet
  facet normal -1 -0 0
    outer loop
      vertex 194.8 -6.59748 24.4186
      vertex 194.8 -10 0
      vertex 194.8 -6.67417 24.7048
    endloop
  endfacet
  facet normal -1 -0 0
    outer loop
      vertex 194.8 -6.47224 24.15
      vertex 194.8 -10 0
      vertex 194.8 -6.59748 24.4186
    endloop
  endfacet
  facet normal -1 0 0
    outer loop
      vertex 194.8 0 0
      vertex 194.8 -3.3 86.2
      vertex 194.8 0 172.4
    endloop
  endfacet
  facet normal -1 0 0
    outer loop
      vertex 194.8 -3.32583 86.4952
      vertex 194.8 0 172.4
      vertex 194.8 -3.3 86.2
    endloop
  endfacet
  facet normal -1 0 0
    outer loop
      vertex 194.8 -3.32583 157.695
      vertex 194.8 0 172.4
      vertex 194.8 -3.3 157.4
    endloop
  endfacet
  facet normal -1 0 0
    outer loop
      vertex 194.8 -3.40252 157.981
      vertex 194.8 0 172.4
      vertex 194.8 -3.32583 157.695
    endloop
  endfacet
  facet normal -1 0 0
    outer loop
      vertex 194.8 -3.52776 158.25
      vertex 194.8 0 172.4
      vertex 194.8 -3.40252 157.981
    endloop
  endfacet
  facet normal -1 0 0
    outer loop
      vertex 194.8 -3.69772 158.493
      vertex 194.8 0 172.4
      vertex 194.8 -3.52776 158.25
    endloop
  endfacet
  facet normal -1 0 0
    outer loop
      vertex 194.8 -3.90726 158.702
      vertex 194.8 0 172.4
      vertex 194.8 -3.69772 158.493
    endloop
  endfacet
  facet normal -1 0 0
    outer loop
      vertex 194.8 -4.15 158.872
      vertex 194.8 0 172.4
      vertex 194.8 -3.90726 158.702
    endloop
  endfacet
  facet normal -1 0 0
    outer loop
      vertex 194.8 -4.41857 158.997
      vertex 194.8 0 172.4
      vertex 194.8 -4.15 158.872
    endloop
  endfacet
  facet normal -1 0 0
    outer loop
      vertex 194.8 -4.7048 159.074
      vertex 194.8 0 172.4
      vertex 194.8 -4.41857 158.997
    endloop
  endfacet
  facet normal -1 0 0
    outer loop
      vertex 194.8 -5 159.1
      vertex 194.8 0 172.4
      vertex 194.8 -4.7048 159.074
    endloop
  endfacet
  facet normal -1 0 0
    outer loop
      vertex 194.8 -10 172.4
      vertex 194.8 -5 159.1
      vertex 194.8 -5.2952 159.074
    endloop
  endfacet
  facet normal -1 0 0
    outer loop
      vertex 194.8 -10 172.4
      vertex 194.8 -5.2952 159.074
      vertex 194.8 -5.58143 158.997
    endloop
  endfacet
  facet normal -1 0 0
    outer loop
      vertex 194.8 -10 172.4
      vertex 194.8 -5.58143 158.997
      vertex 194.8 -5.85 158.872
    endloop
  endfacet
  facet normal -1 0 0
    outer loop
      vertex 194.8 -10 172.4
      vertex 194.8 -5.85 158.872
      vertex 194.8 -6.09274 158.702
    endloop
  endfacet
  facet normal -1 0 0
    outer loop
      vertex 194.8 -10 172.4
      vertex 194.8 -6.09274 158.702
      vertex 194.8 -6.30227 158.493
    endloop
  endfacet
  facet normal -1 0 0
    outer loop
      vertex 194.8 -10 172.4
      vertex 194.8 -6.30227 158.493
      vertex 194.8 -6.47224 158.25
    endloop
  endfacet
  facet normal -1 0 0
    outer loop
      vertex 194.8 -10 172.4
      vertex 194.8 -6.47224 158.25
      vertex 194.8 -6.59748 157.981
    endloop
  endfacet
  facet normal -1 0 0
    outer loop
      vertex 194.8 -5 159.1
      vertex 194.8 -10 172.4
      vertex 194.8 0 172.4
    endloop
  endfacet
  facet normal -1 0 0
    outer loop
      vertex 194.8 -6.67417 157.695
      vertex 194.8 -10 172.4
      vertex 194.8 -6.59748 157.981
    endloop
  endfacet
  facet normal -1 0 0
    outer loop
      vertex 194.8 -6.7 157.4
      vertex 194.8 -10 172.4
      vertex 194.8 -6.67417 157.695
    endloop
  endfacet
  facet normal -1 0 0
    outer loop
      vertex 194.8 -6.67417 157.105
      vertex 194.8 -10 172.4
      vertex 194.8 -6.7 157.4
    endloop
  endfacet
  facet normal -1 0 0
    outer loop
      vertex 194.8 161.474 157.105
      vertex 194.8 164.8 172.4
      vertex 194.8 161.474 86.4952
    endloop
  endfacet
  facet normal -1 0 0
    outer loop
      vertex 194.8 164.8 172.4
      vertex 194.8 161.474 157.105
      vertex 194.8 161.5 157.4
    endloop
  endfacet
  facet normal -1 0 0
    outer loop
      vertex 194.8 161.397 86.7814
      vertex 194.8 161.474 157.105
      vertex 194.8 161.474 86.4952
    endloop
  endfacet
  facet normal -1 0 0
    outer loop
      vertex 194.8 161.397 86.7814
      vertex 194.8 161.397 156.819
      vertex 194.8 161.474 157.105
    endloop
  endfacet
  facet normal -1 0 0
    outer loop
      vertex 194.8 161.272 87.05
      vertex 194.8 161.397 156.819
      vertex 194.8 161.397 86.7814
    endloop
  endfacet
  facet normal -1 0 0
    outer loop
      vertex 194.8 161.272 87.05
      vertex 194.8 161.272 156.55
      vertex 194.8 161.397 156.819
    endloop
  endfacet
  facet normal -1 0 0
    outer loop
      vertex 194.8 161.102 87.2927
      vertex 194.8 161.272 156.55
      vertex 194.8 161.272 87.05
    endloop
  endfacet
  facet normal -1 0 0
    outer loop
      vertex 194.8 161.102 87.2927
      vertex 194.8 161.102 156.307
      vertex 194.8 161.272 156.55
    endloop
  endfacet
  facet normal -1 0 0
    outer loop
      vertex 194.8 160.893 87.5023
      vertex 194.8 161.102 156.307
      vertex 194.8 161.102 87.2927
    endloop
  endfacet
  facet normal -1 0 0
    outer loop
      vertex 194.8 160.893 87.5023
      vertex 194.8 160.893 156.098
      vertex 194.8 161.102 156.307
    endloop
  endfacet
  facet normal -1 0 0
    outer loop
      vertex 194.8 160.65 87.6722
      vertex 194.8 160.893 156.098
      vertex 194.8 160.893 87.5023
    endloop
  endfacet
  facet normal -1 0 0
    outer loop
      vertex 194.8 160.65 87.6722
      vertex 194.8 160.65 155.928
      vertex 194.8 160.893 156.098
    endloop
  endfacet
  facet normal -1 0 0
    outer loop
      vertex 194.8 160.381 87.7975
      vertex 194.8 160.65 155.928
      vertex 194.8 160.65 87.6722
    endloop
  endfacet
  facet normal -1 0 0
    outer loop
      vertex 194.8 160.381 87.7975
      vertex 194.8 160.381 155.803
      vertex 194.8 160.65 155.928
    endloop
  endfacet
  facet normal -1 0 0
    outer loop
      vertex 194.8 160.095 87.8742
      vertex 194.8 160.381 155.803
      vertex 194.8 160.381 87.7975
    endloop
  endfacet
  facet normal -1 0 0
    outer loop
      vertex 194.8 160.095 87.8742
      vertex 194.8 160.095 155.726
      vertex 194.8 160.381 155.803
    endloop
  endfacet
  facet normal -1 0 0
    outer loop
      vertex 194.8 159.8 87.9
      vertex 194.8 160.095 155.726
      vertex 194.8 160.095 87.8742
    endloop
  endfacet
  facet normal -1 0 0
    outer loop
      vertex 194.8 159.8 87.9
      vertex 194.8 159.8 155.7
      vertex 194.8 160.095 155.726
    endloop
  endfacet
  facet normal -1 0 0
    outer loop
      vertex 194.8 159.505 87.8742
      vertex 194.8 159.8 155.7
      vertex 194.8 159.8 87.9
    endloop
  endfacet
  facet normal -1 0 0
    outer loop
      vertex 194.8 159.505 87.8742
      vertex 194.8 159.505 155.726
      vertex 194.8 159.8 155.7
    endloop
  endfacet
  facet normal -1 0 0
    outer loop
      vertex 194.8 159.219 87.7975
      vertex 194.8 159.505 155.726
      vertex 194.8 159.505 87.8742
    endloop
  endfacet
  facet normal -1 0 0
    outer loop
      vertex 194.8 159.219 87.7975
      vertex 194.8 159.219 155.803
      vertex 194.8 159.505 155.726
    endloop
  endfacet
  facet normal -1 0 0
    outer loop
      vertex 194.8 158.95 87.6722
      vertex 194.8 159.219 155.803
      vertex 194.8 159.219 87.7975
    endloop
  endfacet
  facet normal -1 0 0
    outer loop
      vertex 194.8 158.95 87.6722
      vertex 194.8 158.95 155.928
      vertex 194.8 159.219 155.803
    endloop
  endfacet
  facet normal -1 0 0
    outer loop
      vertex 194.8 158.707 87.5023
      vertex 194.8 158.95 155.928
      vertex 194.8 158.95 87.6722
    endloop
  endfacet
  facet normal -1 0 0
    outer loop
      vertex 194.8 158.707 87.5023
      vertex 194.8 158.707 156.098
      vertex 194.8 158.95 155.928
    endloop
  endfacet
  facet normal -1 0 0
    outer loop
      vertex 194.8 158.498 87.2927
      vertex 194.8 158.707 156.098
      vertex 194.8 158.707 87.5023
    endloop
  endfacet
  facet normal -1 0 0
    outer loop
      vertex 194.8 158.498 87.2927
      vertex 194.8 158.498 156.307
      vertex 194.8 158.707 156.098
    endloop
  endfacet
  facet normal -1 0 0
    outer loop
      vertex 194.8 158.328 87.05
      vertex 194.8 158.498 156.307
      vertex 194.8 158.498 87.2927
    endloop
  endfacet
  facet normal -1 0 0
    outer loop
      vertex 194.8 158.328 87.05
      vertex 194.8 158.328 156.55
      vertex 194.8 158.498 156.307
    endloop
  endfacet
  facet normal -1 0 0
    outer loop
      vertex 194.8 158.203 86.7814
      vertex 194.8 158.328 156.55
      vertex 194.8 158.328 87.05
    endloop
  endfacet
  facet normal -1 0 0
    outer loop
      vertex 194.8 158.203 86.7814
      vertex 194.8 158.203 156.819
      vertex 194.8 158.328 156.55
    endloop
  endfacet
  facet normal -1 0 0
    outer loop
      vertex 194.8 158.126 86.4952
      vertex 194.8 158.203 156.819
      vertex 194.8 158.203 86.7814
    endloop
  endfacet
  facet normal -1 0 0
    outer loop
      vertex 194.8 158.126 86.4952
      vertex 194.8 158.126 157.105
      vertex 194.8 158.203 156.819
    endloop
  endfacet
  facet normal -1 0 0
    outer loop
      vertex 194.8 154.8 172.4
      vertex 194.8 158.126 86.4952
      vertex 194.8 158.1 86.2
    endloop
  endfacet
  facet normal -1 0 0
    outer loop
      vertex 194.8 158.126 86.4952
      vertex 194.8 154.8 172.4
      vertex 194.8 158.126 157.105
    endloop
  endfacet
  facet normal -1 0 0
    outer loop
      vertex 194.8 161.474 25.2952
      vertex 194.8 161.5 86.2
      vertex 194.8 161.5 25
    endloop
  endfacet
  facet normal -1 0 0
    outer loop
      vertex 194.8 161.474 25.2952
      vertex 194.8 161.474 85.9048
      vertex 194.8 161.5 86.2
    endloop
  endfacet
  facet normal -1 0 0
    outer loop
      vertex 194.8 161.397 25.5814
      vertex 194.8 161.474 85.9048
      vertex 194.8 161.474 25.2952
    endloop
  endfacet
  facet normal -1 0 0
    outer loop
      vertex 194.8 161.397 25.5814
      vertex 194.8 161.397 85.6186
      vertex 194.8 161.474 85.9048
    endloop
  endfacet
  facet normal -1 0 0
    outer loop
      vertex 194.8 161.272 25.85
      vertex 194.8 161.397 85.6186
      vertex 194.8 161.397 25.5814
    endloop
  endfacet
  facet normal -1 0 0
    outer loop
      vertex 194.8 161.272 25.85
      vertex 194.8 161.272 85.35
      vertex 194.8 161.397 85.6186
    endloop
  endfacet
  facet normal -1 0 0
    outer loop
      vertex 194.8 161.102 26.0927
      vertex 194.8 161.272 85.35
      vertex 194.8 161.272 25.85
    endloop
  endfacet
  facet normal -1 0 0
    outer loop
      vertex 194.8 161.102 26.0927
      vertex 194.8 161.102 85.1073
      vertex 194.8 161.272 85.35
    endloop
  endfacet
  facet normal -1 0 0
    outer loop
      vertex 194.8 160.893 26.3023
      vertex 194.8 161.102 85.1073
      vertex 194.8 161.102 26.0927
    endloop
  endfacet
  facet normal -1 0 0
    outer loop
      vertex 194.8 160.893 26.3023
      vertex 194.8 160.893 84.8977
      vertex 194.8 161.102 85.1073
    endloop
  endfacet
  facet normal -1 0 0
    outer loop
      vertex 194.8 160.65 26.4722
      vertex 194.8 160.893 84.8977
      vertex 194.8 160.893 26.3023
    endloop
  endfacet
  facet normal -1 0 0
    outer loop
      vertex 194.8 160.65 26.4722
      vertex 194.8 160.65 84.7278
      vertex 194.8 160.893 84.8977
    endloop
  endfacet
  facet normal -1 0 0
    outer loop
      vertex 194.8 160.381 26.5975
      vertex 194.8 160.65 84.7278
      vertex 194.8 160.65 26.4722
    endloop
  endfacet
  facet normal -1 0 0
    outer loop
      vertex 194.8 160.381 26.5975
      vertex 194.8 160.381 84.6025
      vertex 194.8 160.65 84.7278
    endloop
  endfacet
  facet normal -1 0 0
    outer loop
      vertex 194.8 160.095 26.6742
      vertex 194.8 160.381 84.6025
      vertex 194.8 160.381 26.5975
    endloop
  endfacet
  facet normal -1 0 0
    outer loop
      vertex 194.8 160.095 26.6742
      vertex 194.8 160.095 84.5258
      vertex 194.8 160.381 84.6025
    endloop
  endfacet
  facet normal -1 0 0
    outer loop
      vertex 194.8 159.8 26.7
      vertex 194.8 160.095 84.5258
      vertex 194.8 160.095 26.6742
    endloop
  endfacet
  facet normal -1 0 0
    outer loop
      vertex 194.8 159.8 26.7
      vertex 194.8 159.8 84.5
      vertex 194.8 160.095 84.5258
    endloop
  endfacet
  facet normal -1 0 0
    outer loop
      vertex 194.8 159.505 26.6742
      vertex 194.8 159.8 84.5
      vertex 194.8 159.8 26.7
    endloop
  endfacet
  facet normal -1 0 0
    outer loop
      vertex 194.8 159.505 26.6742
      vertex 194.8 159.505 84.5258
      vertex 194.8 159.8 84.5
    endloop
  endfacet
  facet normal -1 0 0
    outer loop
      vertex 194.8 159.219 26.5975
      vertex 194.8 159.505 84.5258
      vertex 194.8 159.505 26.6742
    endloop
  endfacet
  facet normal -1 0 0
    outer loop
      vertex 194.8 159.219 26.5975
      vertex 194.8 159.219 84.6025
      vertex 194.8 159.505 84.5258
    endloop
  endfacet
  facet normal -1 0 0
    outer loop
      vertex 194.8 158.95 26.4722
      vertex 194.8 159.219 84.6025
      vertex 194.8 159.219 26.5975
    endloop
  endfacet
  facet normal -1 0 0
    outer loop
      vertex 194.8 158.95 26.4722
      vertex 194.8 158.95 84.7278
      vertex 194.8 159.219 84.6025
    endloop
  endfacet
  facet normal -1 0 0
    outer loop
      vertex 194.8 158.707 26.3023
      vertex 194.8 158.95 84.7278
      vertex 194.8 158.95 26.4722
    endloop
  endfacet
  facet normal -1 0 0
    outer loop
      vertex 194.8 158.707 26.3023
      vertex 194.8 158.707 84.8977
      vertex 194.8 158.95 84.7278
    endloop
  endfacet
  facet normal -1 0 0
    outer loop
      vertex 194.8 158.498 26.0927
      vertex 194.8 158.707 84.8977
      vertex 194.8 158.707 26.3023
    endloop
  endfacet
  facet normal -1 0 0
    outer loop
      vertex 194.8 158.498 26.0927
      vertex 194.8 158.498 85.1073
      vertex 194.8 158.707 84.8977
    endloop
  endfacet
  facet normal -1 0 0
    outer loop
      vertex 194.8 158.328 25.85
      vertex 194.8 158.498 85.1073
      vertex 194.8 158.498 26.0927
    endloop
  endfacet
  facet normal -1 0 0
    outer loop
      vertex 194.8 158.328 25.85
      vertex 194.8 158.328 85.35
      vertex 194.8 158.498 85.1073
    endloop
  endfacet
  facet normal -1 0 0
    outer loop
      vertex 194.8 158.203 25.5814
      vertex 194.8 158.328 85.35
      vertex 194.8 158.328 25.85
    endloop
  endfacet
  facet normal -1 0 0
    outer loop
      vertex 194.8 158.203 25.5814
      vertex 194.8 158.203 85.6186
      vertex 194.8 158.328 85.35
    endloop
  endfacet
  facet normal -1 0 0
    outer loop
      vertex 194.8 158.126 25.2952
      vertex 194.8 158.203 85.6186
      vertex 194.8 158.203 25.5814
    endloop
  endfacet
  facet normal -1 0 0
    outer loop
      vertex 194.8 158.126 25.2952
      vertex 194.8 158.126 85.9048
      vertex 194.8 158.203 85.6186
    endloop
  endfacet
  facet normal -1 0 0
    outer loop
      vertex 194.8 158.1 25
      vertex 194.8 158.126 85.9048
      vertex 194.8 158.126 25.2952
    endloop
  endfacet
  facet normal -1 -0 0
    outer loop
      vertex 194.8 158.126 85.9048
      vertex 194.8 158.1 25
      vertex 194.8 158.1 86.2
    endloop
  endfacet
  facet normal -1 0 0
    outer loop
      vertex 194.8 161.5 86.2
      vertex 194.8 164.8 0
      vertex 194.8 161.5 25
    endloop
  endfacet
  facet normal -1 0 0
    outer loop
      vertex 194.8 164.8 0
      vertex 194.8 161.474 24.7048
      vertex 194.8 161.5 25
    endloop
  endfacet
  facet normal -1 0 0
    outer loop
      vertex 194.8 164.8 0
      vertex 194.8 161.397 24.4186
      vertex 194.8 161.474 24.7048
    endloop
  endfacet
  facet normal -1 0 0
    outer loop
      vertex 194.8 164.8 0
      vertex 194.8 161.272 24.15
      vertex 194.8 161.397 24.4186
    endloop
  endfacet
  facet normal -1 0 0
    outer loop
      vertex 194.8 164.8 0
      vertex 194.8 161.102 23.9073
      vertex 194.8 161.272 24.15
    endloop
  endfacet
  facet normal -1 0 0
    outer loop
      vertex 194.8 164.8 0
      vertex 194.8 160.893 23.6977
      vertex 194.8 161.102 23.9073
    endloop
  endfacet
  facet normal -1 0 0
    outer loop
      vertex 194.8 164.8 0
      vertex 194.8 160.65 23.5278
      vertex 194.8 160.893 23.6977
    endloop
  endfacet
  facet normal -1 0 0
    outer loop
      vertex 194.8 164.8 0
      vertex 194.8 160.381 23.4025
      vertex 194.8 160.65 23.5278
    endloop
  endfacet
  facet normal -1 0 0
    outer loop
      vertex 194.8 164.8 0
      vertex 194.8 160.095 23.3258
      vertex 194.8 160.381 23.4025
    endloop
  endfacet
  facet normal -1 0 0
    outer loop
      vertex 194.8 164.8 0
      vertex 194.8 159.8 23.3
      vertex 194.8 160.095 23.3258
    endloop
  endfacet
  facet normal -1 0 0
    outer loop
      vertex 194.8 154.8 0
      vertex 194.8 159.8 23.3
      vertex 194.8 164.8 0
    endloop
  endfacet
  facet normal -1 -0 0
    outer loop
      vertex 194.8 159.8 23.3
      vertex 194.8 154.8 0
      vertex 194.8 159.505 23.3258
    endloop
  endfacet
  facet normal -1 -0 0
    outer loop
      vertex 194.8 159.505 23.3258
      vertex 194.8 154.8 0
      vertex 194.8 159.219 23.4025
    endloop
  endfacet
  facet normal -1 -0 0
    outer loop
      vertex 194.8 159.219 23.4025
      vertex 194.8 154.8 0
      vertex 194.8 158.95 23.5278
    endloop
  endfacet
  facet normal -1 -0 0
    outer loop
      vertex 194.8 158.95 23.5278
      vertex 194.8 154.8 0
      vertex 194.8 158.707 23.6977
    endloop
  endfacet
  facet normal -1 -0 0
    outer loop
      vertex 194.8 158.707 23.6977
      vertex 194.8 154.8 0
      vertex 194.8 158.498 23.9073
    endloop
  endfacet
  facet normal -1 -0 0
    outer loop
      vertex 194.8 158.498 23.9073
      vertex 194.8 154.8 0
      vertex 194.8 158.328 24.15
    endloop
  endfacet
  facet normal -1 0 0
    outer loop
      vertex 194.8 154.8 0
      vertex 194.8 158.1 86.2
      vertex 194.8 158.1 25
    endloop
  endfacet
  facet normal -1 -0 0
    outer loop
      vertex 194.8 158.1 86.2
      vertex 194.8 154.8 0
      vertex 194.8 154.8 172.4
    endloop
  endfacet
  facet normal -1 -0 0
    outer loop
      vertex 194.8 158.126 24.7048
      vertex 194.8 154.8 0
      vertex 194.8 158.1 25
    endloop
  endfacet
  facet normal -1 -0 0
    outer loop
      vertex 194.8 158.203 24.4186
      vertex 194.8 154.8 0
      vertex 194.8 158.126 24.7048
    endloop
  endfacet
  facet normal -1 -0 0
    outer loop
      vertex 194.8 158.328 24.15
      vertex 194.8 154.8 0
      vertex 194.8 158.203 24.4186
    endloop
  endfacet
  facet normal -1 0 0
    outer loop
      vertex 194.8 164.8 0
      vertex 194.8 161.5 86.2
      vertex 194.8 164.8 172.4
    endloop
  endfacet
  facet normal -1 0 0
    outer loop
      vertex 194.8 161.474 86.4952
      vertex 194.8 164.8 172.4
      vertex 194.8 161.5 86.2
    endloop
  endfacet
  facet normal -1 0 0
    outer loop
      vertex 194.8 161.474 157.695
      vertex 194.8 164.8 172.4
      vertex 194.8 161.5 157.4
    endloop
  endfacet
  facet normal -1 0 0
    outer loop
      vertex 194.8 161.397 157.981
      vertex 194.8 164.8 172.4
      vertex 194.8 161.474 157.695
    endloop
  endfacet
  facet normal -1 0 0
    outer loop
      vertex 194.8 161.272 158.25
      vertex 194.8 164.8 172.4
      vertex 194.8 161.397 157.981
    endloop
  endfacet
  facet normal -1 0 0
    outer loop
      vertex 194.8 161.102 158.493
      vertex 194.8 164.8 172.4
      vertex 194.8 161.272 158.25
    endloop
  endfacet
  facet normal -1 0 0
    outer loop
      vertex 194.8 160.893 158.702
      vertex 194.8 164.8 172.4
      vertex 194.8 161.102 158.493
    endloop
  endfacet
  facet normal -1 0 0
    outer loop
      vertex 194.8 160.65 158.872
      vertex 194.8 164.8 172.4
      vertex 194.8 160.893 158.702
    endloop
  endfacet
  facet normal -1 0 0
    outer loop
      vertex 194.8 160.381 158.997
      vertex 194.8 164.8 172.4
      vertex 194.8 160.65 158.872
    endloop
  endfacet
  facet normal -1 0 0
    outer loop
      vertex 194.8 160.095 159.074
      vertex 194.8 164.8 172.4
      vertex 194.8 160.381 158.997
    endloop
  endfacet
  facet normal -1 0 0
    outer loop
      vertex 194.8 159.8 159.1
      vertex 194.8 164.8 172.4
      vertex 194.8 160.095 159.074
    endloop
  endfacet
  facet normal -1 0 0
    outer loop
      vertex 194.8 154.8 172.4
      vertex 194.8 159.8 159.1
      vertex 194.8 159.505 159.074
    endloop
  endfacet
  facet normal -1 0 0
    outer loop
      vertex 194.8 154.8 172.4
      vertex 194.8 159.505 159.074
      vertex 194.8 159.219 158.997
    endloop
  endfacet
  facet normal -1 0 0
    outer loop
      vertex 194.8 154.8 172.4
      vertex 194.8 159.219 158.997
      vertex 194.8 158.95 158.872
    endloop
  endfacet
  facet normal -1 0 0
    outer loop
      vertex 194.8 154.8 172.4
      vertex 194.8 158.95 158.872
      vertex 194.8 158.707 158.702
    endloop
  endfacet
  facet normal -1 0 0
    outer loop
      vertex 194.8 154.8 172.4
      vertex 194.8 158.707 158.702
      vertex 194.8 158.498 158.493
    endloop
  endfacet
  facet normal -1 0 0
    outer loop
      vertex 194.8 154.8 172.4
      vertex 194.8 158.498 158.493
      vertex 194.8 158.328 158.25
    endloop
  endfacet
  facet normal -1 0 0
    outer loop
      vertex 194.8 154.8 172.4
      vertex 194.8 158.328 158.25
      vertex 194.8 158.203 157.981
    endloop
  endfacet
  facet normal -1 0 0
    outer loop
      vertex 194.8 159.8 159.1
      vertex 194.8 154.8 172.4
      vertex 194.8 164.8 172.4
    endloop
  endfacet
  facet normal -1 0 0
    outer loop
      vertex 194.8 158.126 157.695
      vertex 194.8 154.8 172.4
      vertex 194.8 158.203 157.981
    endloop
  endfacet
  facet normal -1 0 0
    outer loop
      vertex 194.8 158.1 157.4
      vertex 194.8 154.8 172.4
      vertex 194.8 158.126 157.695
    endloop
  endfacet
  facet normal -1 0 0
    outer loop
      vertex 194.8 158.126 157.105
      vertex 194.8 154.8 172.4
      vertex 194.8 158.1 157.4
    endloop
  endfacet
  facet normal 1 0 0
    outer loop
      vertex 194.8 116.574 5.2952
      vertex 194.8 116.574 4.7048
      vertex 194.8 116.6 5
    endloop
  endfacet
  facet normal 1 0 0
    outer loop
      vertex 194.8 116.497 5.58143
      vertex 194.8 116.574 4.7048
      vertex 194.8 116.574 5.2952
    endloop
  endfacet
  facet normal 1 0 0
    outer loop
      vertex 194.8 116.497 5.58143
      vertex 194.8 116.497 4.41857
      vertex 194.8 116.574 4.7048
    endloop
  endfacet
  facet normal 1 0 0
    outer loop
      vertex 194.8 116.372 5.85
      vertex 194.8 116.497 4.41857
      vertex 194.8 116.497 5.58143
    endloop
  endfacet
  facet normal 1 0 0
    outer loop
      vertex 194.8 116.372 5.85
      vertex 194.8 116.372 4.15
      vertex 194.8 116.497 4.41857
    endloop
  endfacet
  facet normal 1 0 0
    outer loop
      vertex 194.8 116.202 6.09274
      vertex 194.8 116.372 4.15
      vertex 194.8 116.372 5.85
    endloop
  endfacet
  facet normal 1 0 0
    outer loop
      vertex 194.8 116.202 6.09274
      vertex 194.8 116.202 3.90726
      vertex 194.8 116.372 4.15
    endloop
  endfacet
  facet normal 1 0 0
    outer loop
      vertex 194.8 115.993 6.30227
      vertex 194.8 116.202 3.90726
      vertex 194.8 116.202 6.09274
    endloop
  endfacet
  facet normal 1 0 0
    outer loop
      vertex 194.8 115.993 6.30227
      vertex 194.8 115.993 3.69772
      vertex 194.8 116.202 3.90726
    endloop
  endfacet
  facet normal 1 0 0
    outer loop
      vertex 194.8 115.75 6.47224
      vertex 194.8 115.993 3.69772
      vertex 194.8 115.993 6.30227
    endloop
  endfacet
  facet normal 1 0 0
    outer loop
      vertex 194.8 115.75 6.47224
      vertex 194.8 115.75 3.52776
      vertex 194.8 115.993 3.69772
    endloop
  endfacet
  facet normal 1 0 0
    outer loop
      vertex 194.8 115.481 6.59748
      vertex 194.8 115.75 3.52776
      vertex 194.8 115.75 6.47224
    endloop
  endfacet
  facet normal 1 0 0
    outer loop
      vertex 194.8 115.481 6.59748
      vertex 194.8 115.481 3.40252
      vertex 194.8 115.75 3.52776
    endloop
  endfacet
  facet normal 1 0 0
    outer loop
      vertex 194.8 115.195 6.67417
      vertex 194.8 115.481 3.40252
      vertex 194.8 115.481 6.59748
    endloop
  endfacet
  facet normal 1 0 0
    outer loop
      vertex 194.8 115.195 6.67417
      vertex 194.8 115.195 3.32583
      vertex 194.8 115.481 3.40252
    endloop
  endfacet
  facet normal 1 0 0
    outer loop
      vertex 194.8 114.9 6.7
      vertex 194.8 115.195 3.32583
      vertex 194.8 115.195 6.67417
    endloop
  endfacet
  facet normal 1 0 0
    outer loop
      vertex 194.8 114.9 6.7
      vertex 194.8 114.9 3.3
      vertex 194.8 115.195 3.32583
    endloop
  endfacet
  facet normal 1 -0 0
    outer loop
      vertex 194.8 114.605 6.67417
      vertex 194.8 114.9 3.3
      vertex 194.8 114.9 6.7
    endloop
  endfacet
  facet normal 1 0 0
    outer loop
      vertex 194.8 114.605 6.67417
      vertex 194.8 114.605 3.32583
      vertex 194.8 114.9 3.3
    endloop
  endfacet
  facet normal 1 -0 0
    outer loop
      vertex 194.8 114.319 6.59748
      vertex 194.8 114.605 3.32583
      vertex 194.8 114.605 6.67417
    endloop
  endfacet
  facet normal 1 0 0
    outer loop
      vertex 194.8 114.319 6.59748
      vertex 194.8 114.319 3.40252
      vertex 194.8 114.605 3.32583
    endloop
  endfacet
  facet normal 1 -0 0
    outer loop
      vertex 194.8 114.05 6.47224
      vertex 194.8 114.319 3.40252
      vertex 194.8 114.319 6.59748
    endloop
  endfacet
  facet normal 1 0 0
    outer loop
      vertex 194.8 114.05 6.47224
      vertex 194.8 114.05 3.52776
      vertex 194.8 114.319 3.40252
    endloop
  endfacet
  facet normal 1 -0 0
    outer loop
      vertex 194.8 113.807 6.30227
      vertex 194.8 114.05 3.52776
      vertex 194.8 114.05 6.47224
    endloop
  endfacet
  facet normal 1 0 0
    outer loop
      vertex 194.8 113.807 6.30227
      vertex 194.8 113.807 3.69772
      vertex 194.8 114.05 3.52776
    endloop
  endfacet
  facet normal 1 -0 0
    outer loop
      vertex 194.8 113.598 6.09274
      vertex 194.8 113.807 3.69772
      vertex 194.8 113.807 6.30227
    endloop
  endfacet
  facet normal 1 0 0
    outer loop
      vertex 194.8 113.598 6.09274
      vertex 194.8 113.598 3.90726
      vertex 194.8 113.807 3.69772
    endloop
  endfacet
  facet normal 1 -0 0
    outer loop
      vertex 194.8 113.428 5.85
      vertex 194.8 113.598 3.90726
      vertex 194.8 113.598 6.09274
    endloop
  endfacet
  facet normal 1 0 0
    outer loop
      vertex 194.8 113.428 5.85
      vertex 194.8 113.428 4.15
      vertex 194.8 113.598 3.90726
    endloop
  endfacet
  facet normal 1 -0 0
    outer loop
      vertex 194.8 113.303 5.58143
      vertex 194.8 113.428 4.15
      vertex 194.8 113.428 5.85
    endloop
  endfacet
  facet normal 1 0 0
    outer loop
      vertex 194.8 113.303 5.58143
      vertex 194.8 113.303 4.41857
      vertex 194.8 113.428 4.15
    endloop
  endfacet
  facet normal 1 -0 0
    outer loop
      vertex 194.8 113.226 5.2952
      vertex 194.8 113.303 4.41857
      vertex 194.8 113.303 5.58143
    endloop
  endfacet
  facet normal 1 0 0
    outer loop
      vertex 194.8 113.226 5.2952
      vertex 194.8 113.226 4.7048
      vertex 194.8 113.303 4.41857
    endloop
  endfacet
  facet normal 1 0 -0
    outer loop
      vertex 194.8 113.226 4.7048
      vertex 194.8 113.226 5.2952
      vertex 194.8 113.2 5
    endloop
  endfacet
  facet normal 1 0 0
    outer loop
      vertex 194.8 41.5742 5.2952
      vertex 194.8 41.5742 4.7048
      vertex 194.8 41.6 5
    endloop
  endfacet
  facet normal 1 0 0
    outer loop
      vertex 194.8 41.4975 5.58143
      vertex 194.8 41.5742 4.7048
      vertex 194.8 41.5742 5.2952
    endloop
  endfacet
  facet normal 1 0 0
    outer loop
      vertex 194.8 41.4975 5.58143
      vertex 194.8 41.4975 4.41857
      vertex 194.8 41.5742 4.7048
    endloop
  endfacet
  facet normal 1 0 0
    outer loop
      vertex 194.8 41.3722 5.85
      vertex 194.8 41.4975 4.41857
      vertex 194.8 41.4975 5.58143
    endloop
  endfacet
  facet normal 1 0 0
    outer loop
      vertex 194.8 41.3722 5.85
      vertex 194.8 41.3722 4.15
      vertex 194.8 41.4975 4.41857
    endloop
  endfacet
  facet normal 1 0 0
    outer loop
      vertex 194.8 41.2023 6.09274
      vertex 194.8 41.3722 4.15
      vertex 194.8 41.3722 5.85
    endloop
  endfacet
  facet normal 1 0 0
    outer loop
      vertex 194.8 41.2023 6.09274
      vertex 194.8 41.2023 3.90726
      vertex 194.8 41.3722 4.15
    endloop
  endfacet
  facet normal 1 0 0
    outer loop
      vertex 194.8 40.9927 6.30227
      vertex 194.8 41.2023 3.90726
      vertex 194.8 41.2023 6.09274
    endloop
  endfacet
  facet normal 1 0 0
    outer loop
      vertex 194.8 40.9927 6.30227
      vertex 194.8 40.9927 3.69772
      vertex 194.8 41.2023 3.90726
    endloop
  endfacet
  facet normal 1 0 0
    outer loop
      vertex 194.8 40.75 6.47224
      vertex 194.8 40.9927 3.69772
      vertex 194.8 40.9927 6.30227
    endloop
  endfacet
  facet normal 1 0 0
    outer loop
      vertex 194.8 40.75 6.47224
      vertex 194.8 40.75 3.52776
      vertex 194.8 40.9927 3.69772
    endloop
  endfacet
  facet normal 1 0 0
    outer loop
      vertex 194.8 40.4814 6.59748
      vertex 194.8 40.75 3.52776
      vertex 194.8 40.75 6.47224
    endloop
  endfacet
  facet normal 1 0 0
    outer loop
      vertex 194.8 40.4814 6.59748
      vertex 194.8 40.4814 3.40252
      vertex 194.8 40.75 3.52776
    endloop
  endfacet
  facet normal 1 0 0
    outer loop
      vertex 194.8 40.1952 6.67417
      vertex 194.8 40.4814 3.40252
      vertex 194.8 40.4814 6.59748
    endloop
  endfacet
  facet normal 1 0 0
    outer loop
      vertex 194.8 40.1952 6.67417
      vertex 194.8 40.1952 3.32583
      vertex 194.8 40.4814 3.40252
    endloop
  endfacet
  facet normal 1 0 0
    outer loop
      vertex 194.8 39.9 6.7
      vertex 194.8 40.1952 3.32583
      vertex 194.8 40.1952 6.67417
    endloop
  endfacet
  facet normal 1 0 0
    outer loop
      vertex 194.8 39.9 6.7
      vertex 194.8 39.9 3.3
      vertex 194.8 40.1952 3.32583
    endloop
  endfacet
  facet normal 1 -0 0
    outer loop
      vertex 194.8 39.6048 6.67417
      vertex 194.8 39.9 3.3
      vertex 194.8 39.9 6.7
    endloop
  endfacet
  facet normal 1 0 0
    outer loop
      vertex 194.8 39.6048 6.67417
      vertex 194.8 39.6048 3.32583
      vertex 194.8 39.9 3.3
    endloop
  endfacet
  facet normal 1 -0 0
    outer loop
      vertex 194.8 39.3186 6.59748
      vertex 194.8 39.6048 3.32583
      vertex 194.8 39.6048 6.67417
    endloop
  endfacet
  facet normal 1 0 0
    outer loop
      vertex 194.8 39.3186 6.59748
      vertex 194.8 39.3186 3.40252
      vertex 194.8 39.6048 3.32583
    endloop
  endfacet
  facet normal 1 -0 0
    outer loop
      vertex 194.8 39.05 6.47224
      vertex 194.8 39.3186 3.40252
      vertex 194.8 39.3186 6.59748
    endloop
  endfacet
  facet normal 1 0 0
    outer loop
      vertex 194.8 39.05 6.47224
      vertex 194.8 39.05 3.52776
      vertex 194.8 39.3186 3.40252
    endloop
  endfacet
  facet normal 1 -0 0
    outer loop
      vertex 194.8 38.8073 6.30227
      vertex 194.8 39.05 3.52776
      vertex 194.8 39.05 6.47224
    endloop
  endfacet
  facet normal 1 0 0
    outer loop
      vertex 194.8 38.8073 6.30227
      vertex 194.8 38.8073 3.69772
      vertex 194.8 39.05 3.52776
    endloop
  endfacet
  facet normal 1 -0 0
    outer loop
      vertex 194.8 38.5977 6.09274
      vertex 194.8 38.8073 3.69772
      vertex 194.8 38.8073 6.30227
    endloop
  endfacet
  facet normal 1 0 0
    outer loop
      vertex 194.8 38.5977 6.09274
      vertex 194.8 38.5977 3.90726
      vertex 194.8 38.8073 3.69772
    endloop
  endfacet
  facet normal 1 -0 0
    outer loop
      vertex 194.8 38.4278 5.85
      vertex 194.8 38.5977 3.90726
      vertex 194.8 38.5977 6.09274
    endloop
  endfacet
  facet normal 1 0 0
    outer loop
      vertex 194.8 38.4278 5.85
      vertex 194.8 38.4278 4.15
      vertex 194.8 38.5977 3.90726
    endloop
  endfacet
  facet normal 1 -0 0
    outer loop
      vertex 194.8 38.3025 5.58143
      vertex 194.8 38.4278 4.15
      vertex 194.8 38.4278 5.85
    endloop
  endfacet
  facet normal 1 0 0
    outer loop
      vertex 194.8 38.3025 5.58143
      vertex 194.8 38.3025 4.41857
      vertex 194.8 38.4278 4.15
    endloop
  endfacet
  facet normal 1 -0 0
    outer loop
      vertex 194.8 38.2258 5.2952
      vertex 194.8 38.3025 4.41857
      vertex 194.8 38.3025 5.58143
    endloop
  endfacet
  facet normal 1 0 0
    outer loop
      vertex 194.8 38.2258 5.2952
      vertex 194.8 38.2258 4.7048
      vertex 194.8 38.3025 4.41857
    endloop
  endfacet
  facet normal 1 0 -0
    outer loop
      vertex 194.8 38.2258 4.7048
      vertex 194.8 38.2258 5.2952
      vertex 194.8 38.2 5
    endloop
  endfacet
  facet normal 0 0 -1
    outer loop
      vertex -3 -10 0
      vertex 0 0 0
      vertex 0 -10 0
    endloop
  endfacet
  facet normal -0 0 -1
    outer loop
      vertex 0 0 0
      vertex -3 -10 0
      vertex 0 154.8 0
    endloop
  endfacet
  facet normal 0 0 -1
    outer loop
      vertex -3 164.8 0
      vertex 0 154.8 0
      vertex -3 -10 0
    endloop
  endfacet
  facet normal 0 0 -1
    outer loop
      vertex 0 154.8 0
      vertex -3 164.8 0
      vertex 0 164.8 0
    endloop
  endfacet
  facet normal 0 0 -1
    outer loop
      vertex 0 0 0
      vertex 194.8 154.8 0
      vertex 194.8 0 0
    endloop
  endfacet
  facet normal -0 0 -1
    outer loop
      vertex 194.8 154.8 0
      vertex 0 0 0
      vertex 0 154.8 0
    endloop
  endfacet
  facet normal 0 0 -1
    outer loop
      vertex 194.8 0 0
      vertex 197.8 -10 0
      vertex 194.8 -10 0
    endloop
  endfacet
  facet normal 0 0 -1
    outer loop
      vertex 197.8 -10 0
      vertex 194.8 0 0
      vertex 197.8 164.8 0
    endloop
  endfacet
  facet normal 0 0 -1
    outer loop
      vertex 194.8 154.8 0
      vertex 197.8 164.8 0
      vertex 194.8 0 0
    endloop
  endfacet
  facet normal -0 0 -1
    outer loop
      vertex 197.8 164.8 0
      vertex 194.8 154.8 0
      vertex 194.8 164.8 0
    endloop
  endfacet
  facet normal 0 -1 0
    outer loop
      vertex 0 0 0
      vertex 194.8 0 172.4
      vertex 0 0 172.4
    endloop
  endfacet
  facet normal 0 -1 -0
    outer loop
      vertex 194.8 0 172.4
      vertex 0 0 0
      vertex 194.8 0 0
    endloop
  endfacet
  facet normal 0 1 -0
    outer loop
      vertex 194.8 154.8 0
      vertex 0 154.8 172.4
      vertex 194.8 154.8 172.4
    endloop
  endfacet
  facet normal 0 1 0
    outer loop
      vertex 0 154.8 172.4
      vertex 194.8 154.8 0
      vertex 0 154.8 0
    endloop
  endfacet
  facet normal 1 0 0
    outer loop
      vertex 2.4 110.968 33.1814
      vertex 2.4 81.8316 33.1814
      vertex 2.4 81.9 32.4
    endloop
  endfacet
  facet normal 1 0 0
    outer loop
      vertex 2.4 111.953 35.2925
      vertex 2.4 81.6286 33.9391
      vertex 2.4 81.8316 33.1814
    endloop
  endfacet
  facet normal 1 0 0
    outer loop
      vertex 2.4 111.953 35.2925
      vertex 2.4 81.2971 34.65
      vertex 2.4 81.6286 33.9391
    endloop
  endfacet
  facet normal 1 0 0
    outer loop
      vertex 2.4 111.953 35.2925
      vertex 2.4 80.8472 35.2925
      vertex 2.4 81.2971 34.65
    endloop
  endfacet
  facet normal 1 0 0
    outer loop
      vertex 2.4 85.4 62.4
      vertex 2.4 80.2925 35.8472
      vertex 2.4 80.8472 35.2925
    endloop
  endfacet
  facet normal 1 0 0
    outer loop
      vertex 2.4 85.4 62.4
      vertex 2.4 79.65 36.2971
      vertex 2.4 80.2925 35.8472
    endloop
  endfacet
  facet normal 1 0 0
    outer loop
      vertex 2.4 85.4 62.4
      vertex 2.4 78.9391 36.6286
      vertex 2.4 79.65 36.2971
    endloop
  endfacet
  facet normal 1 0 0
    outer loop
      vertex 2.4 85.4 62.4
      vertex 2.4 78.1814 36.8316
      vertex 2.4 78.9391 36.6286
    endloop
  endfacet
  facet normal 1 0 0
    outer loop
      vertex 2.4 85.4 62.4
      vertex 2.4 77.4 36.9
      vertex 2.4 78.1814 36.8316
    endloop
  endfacet
  facet normal 1 -0 0
    outer loop
      vertex 2.4 69.4 62.4
      vertex 2.4 77.4 36.9
      vertex 2.4 85.4 62.4
    endloop
  endfacet
  facet normal 1 0 0
    outer loop
      vertex 2.4 77.4 36.9
      vertex 2.4 69.4 62.4
      vertex 2.4 76.6186 36.8316
    endloop
  endfacet
  facet normal 1 0 0
    outer loop
      vertex 2.4 76.6186 36.8316
      vertex 2.4 69.4 62.4
      vertex 2.4 75.8609 36.6286
    endloop
  endfacet
  facet normal 1 0 0
    outer loop
      vertex 2.4 75.8609 36.6286
      vertex 2.4 69.4 62.4
      vertex 2.4 75.15 36.2971
    endloop
  endfacet
  facet normal 1 0 0
    outer loop
      vertex 2.4 75.15 36.2971
      vertex 2.4 69.4 62.4
      vertex 2.4 74.5075 35.8472
    endloop
  endfacet
  facet normal 1 0 0
    outer loop
      vertex 2.4 74.5075 35.8472
      vertex 2.4 69.4 62.4
      vertex 2.4 73.9528 35.2925
    endloop
  endfacet
  facet normal 1 0 0
    outer loop
      vertex 2.4 42.8472 35.2925
      vertex 2.4 73.9528 35.2925
      vertex 2.4 69.4 62.4
    endloop
  endfacet
  facet normal 1 0 0
    outer loop
      vertex 2.4 73.5029 34.65
      vertex 2.4 43.2971 34.65
      vertex 2.4 73.1714 33.9391
    endloop
  endfacet
  facet normal 1 0 -0
    outer loop
      vertex 2.4 43.2971 34.65
      vertex 2.4 73.5029 34.65
      vertex 2.4 42.8472 35.2925
    endloop
  endfacet
  facet normal 1 0 0
    outer loop
      vertex 2.4 73.9528 35.2925
      vertex 2.4 42.8472 35.2925
      vertex 2.4 73.5029 34.65
    endloop
  endfacet
  facet normal 1 -0 0
    outer loop
      vertex 2.4 118.847 35.2925
      vertex 2.4 152.4 8.4
      vertex 2.4 152.4 172.4
    endloop
  endfacet
  facet normal 1 0 0
    outer loop
      vertex 2.4 152.4 8.4
      vertex 2.4 119.832 33.1814
      vertex 2.4 119.9 32.4
    endloop
  endfacet
  facet normal 1 0 0
    outer loop
      vertex 2.4 152.4 8.4
      vertex 2.4 119.629 33.9391
      vertex 2.4 119.832 33.1814
    endloop
  endfacet
  facet normal 1 0 0
    outer loop
      vertex 2.4 152.4 8.4
      vertex 2.4 119.297 34.65
      vertex 2.4 119.629 33.9391
    endloop
  endfacet
  facet normal 1 0 0
    outer loop
      vertex 2.4 152.4 8.4
      vertex 2.4 118.847 35.2925
      vertex 2.4 119.297 34.65
    endloop
  endfacet
  facet normal 1 0 0
    outer loop
      vertex 2.4 152.4 172.4
      vertex 2.4 118.293 35.8472
      vertex 2.4 118.847 35.2925
    endloop
  endfacet
  facet normal 1 0 0
    outer loop
      vertex 2.4 152.4 172.4
      vertex 2.4 117.65 36.2971
      vertex 2.4 118.293 35.8472
    endloop
  endfacet
  facet normal 1 -0 0
    outer loop
      vertex 2.4 85.4 74.4
      vertex 2.4 117.65 36.2971
      vertex 2.4 152.4 172.4
    endloop
  endfacet
  facet normal 1 0 0
    outer loop
      vertex 2.4 117.65 36.2971
      vertex 2.4 85.4 74.4
      vertex 2.4 116.939 36.6286
    endloop
  endfacet
  facet normal 1 0 0
    outer loop
      vertex 2.4 116.939 36.6286
      vertex 2.4 85.4 74.4
      vertex 2.4 116.181 36.8316
    endloop
  endfacet
  facet normal 1 0 0
    outer loop
      vertex 2.4 116.181 36.8316
      vertex 2.4 85.4 74.4
      vertex 2.4 115.4 36.9
    endloop
  endfacet
  facet normal 1 -0 0
    outer loop
      vertex 2.4 85.4 62.4
      vertex 2.4 115.4 36.9
      vertex 2.4 85.4 74.4
    endloop
  endfacet
  facet normal 1 0 0
    outer loop
      vertex 2.4 115.4 36.9
      vertex 2.4 85.4 62.4
      vertex 2.4 114.619 36.8316
    endloop
  endfacet
  facet normal 1 0 0
    outer loop
      vertex 2.4 114.619 36.8316
      vertex 2.4 85.4 62.4
      vertex 2.4 113.861 36.6286
    endloop
  endfacet
  facet normal 1 0 0
    outer loop
      vertex 2.4 113.861 36.6286
      vertex 2.4 85.4 62.4
      vertex 2.4 113.15 36.2971
    endloop
  endfacet
  facet normal 1 0 0
    outer loop
      vertex 2.4 113.15 36.2971
      vertex 2.4 85.4 62.4
      vertex 2.4 112.507 35.8472
    endloop
  endfacet
  facet normal 1 0 0
    outer loop
      vertex 2.4 112.507 35.8472
      vertex 2.4 85.4 62.4
      vertex 2.4 111.953 35.2925
    endloop
  endfacet
  facet normal 1 0 0
    outer loop
      vertex 2.4 81.8316 33.1814
      vertex 2.4 111.171 33.9391
      vertex 2.4 111.503 34.65
    endloop
  endfacet
  facet normal 1 0 0
    outer loop
      vertex 2.4 111.953 35.2925
      vertex 2.4 81.8316 33.1814
      vertex 2.4 111.503 34.65
    endloop
  endfacet
  facet normal 1 0 0
    outer loop
      vertex 2.4 80.8472 35.2925
      vertex 2.4 111.953 35.2925
      vertex 2.4 85.4 62.4
    endloop
  endfacet
  facet normal 1 0 0
    outer loop
      vertex 2.4 152.4 172.4
      vertex 2.4 69.4 74.4
      vertex 2.4 85.4 74.4
    endloop
  endfacet
  facet normal 1 0 0
    outer loop
      vertex 2.4 39.4 36.9
      vertex 2.4 69.4 62.4
      vertex 2.4 69.4 74.4
    endloop
  endfacet
  facet normal 1 0 0
    outer loop
      vertex 2.4 72.9684 33.1814
      vertex 2.4 43.8316 33.1814
      vertex 2.4 43.9 32.4
    endloop
  endfacet
  facet normal 1 0 0
    outer loop
      vertex 2.4 72.9684 33.1814
      vertex 2.4 43.6286 33.9391
      vertex 2.4 43.8316 33.1814
    endloop
  endfacet
  facet normal 1 0 0
    outer loop
      vertex 2.4 73.1714 33.9391
      vertex 2.4 43.6286 33.9391
      vertex 2.4 72.9684 33.1814
    endloop
  endfacet
  facet normal 1 0 -0
    outer loop
      vertex 2.4 43.6286 33.9391
      vertex 2.4 73.1714 33.9391
      vertex 2.4 43.2971 34.65
    endloop
  endfacet
  facet normal 1 0 0
    outer loop
      vertex 2.4 69.4 62.4
      vertex 2.4 42.2925 35.8472
      vertex 2.4 42.8472 35.2925
    endloop
  endfacet
  facet normal 1 0 0
    outer loop
      vertex 2.4 69.4 62.4
      vertex 2.4 41.65 36.2971
      vertex 2.4 42.2925 35.8472
    endloop
  endfacet
  facet normal 1 0 0
    outer loop
      vertex 2.4 69.4 62.4
      vertex 2.4 40.9391 36.6286
      vertex 2.4 41.65 36.2971
    endloop
  endfacet
  facet normal 1 0 0
    outer loop
      vertex 2.4 69.4 62.4
      vertex 2.4 40.1814 36.8316
      vertex 2.4 40.9391 36.6286
    endloop
  endfacet
  facet normal 1 0 0
    outer loop
      vertex 2.4 69.4 62.4
      vertex 2.4 39.4 36.9
      vertex 2.4 40.1814 36.8316
    endloop
  endfacet
  facet normal 1 0 0
    outer loop
      vertex 2.4 69.4 74.4
      vertex 2.4 38.6186 36.8316
      vertex 2.4 39.4 36.9
    endloop
  endfacet
  facet normal 1 0 0
    outer loop
      vertex 2.4 69.4 74.4
      vertex 2.4 37.8609 36.6286
      vertex 2.4 38.6186 36.8316
    endloop
  endfacet
  facet normal 1 0 0
    outer loop
      vertex 2.4 69.4 74.4
      vertex 2.4 37.15 36.2971
      vertex 2.4 37.8609 36.6286
    endloop
  endfacet
  facet normal 1 0 0
    outer loop
      vertex 2.4 2.4 172.4
      vertex 2.4 37.15 36.2971
      vertex 2.4 69.4 74.4
    endloop
  endfacet
  facet normal 1 -0 0
    outer loop
      vertex 2.4 2.4 172.4
      vertex 2.4 69.4 74.4
      vertex 2.4 152.4 172.4
    endloop
  endfacet
  facet normal 1 0 0
    outer loop
      vertex 2.4 37.15 36.2971
      vertex 2.4 2.4 172.4
      vertex 2.4 36.5075 35.8472
    endloop
  endfacet
  facet normal 1 0 0
    outer loop
      vertex 2.4 35.1714 33.9391
      vertex 2.4 2.4 8.4
      vertex 2.4 34.9684 33.1814
    endloop
  endfacet
  facet normal 1 0 0
    outer loop
      vertex 2.4 35.5029 34.65
      vertex 2.4 2.4 8.4
      vertex 2.4 35.1714 33.9391
    endloop
  endfacet
  facet normal 1 0 0
    outer loop
      vertex 2.4 35.9528 35.2925
      vertex 2.4 2.4 8.4
      vertex 2.4 35.5029 34.65
    endloop
  endfacet
  facet normal 1 0 0
    outer loop
      vertex 2.4 2.4 8.4
      vertex 2.4 35.9528 35.2925
      vertex 2.4 2.4 172.4
    endloop
  endfacet
  facet normal 1 0 0
    outer loop
      vertex 2.4 36.5075 35.8472
      vertex 2.4 2.4 172.4
      vertex 2.4 35.9528 35.2925
    endloop
  endfacet
  facet normal 1 -0 0
    outer loop
      vertex 2.4 119.832 31.6186
      vertex 2.4 152.4 8.4
      vertex 2.4 119.9 32.4
    endloop
  endfacet
  facet normal 1 -0 0
    outer loop
      vertex 2.4 119.629 30.8609
      vertex 2.4 152.4 8.4
      vertex 2.4 119.832 31.6186
    endloop
  endfacet
  facet normal 1 -0 0
    outer loop
      vertex 2.4 119.297 30.15
      vertex 2.4 152.4 8.4
      vertex 2.4 119.629 30.8609
    endloop
  endfacet
  facet normal 1 -0 0
    outer loop
      vertex 2.4 118.847 29.5075
      vertex 2.4 152.4 8.4
      vertex 2.4 119.297 30.15
    endloop
  endfacet
  facet normal 1 -0 0
    outer loop
      vertex 2.4 118.293 28.9528
      vertex 2.4 152.4 8.4
      vertex 2.4 118.847 29.5075
    endloop
  endfacet
  facet normal 1 -0 0
    outer loop
      vertex 2.4 117.65 28.5029
      vertex 2.4 152.4 8.4
      vertex 2.4 118.293 28.9528
    endloop
  endfacet
  facet normal 1 -0 0
    outer loop
      vertex 2.4 116.939 28.1714
      vertex 2.4 152.4 8.4
      vertex 2.4 117.65 28.5029
    endloop
  endfacet
  facet normal 1 -0 0
    outer loop
      vertex 2.4 116.181 27.9684
      vertex 2.4 152.4 8.4
      vertex 2.4 116.939 28.1714
    endloop
  endfacet
  facet normal 1 -0 0
    outer loop
      vertex 2.4 115.4 27.9
      vertex 2.4 152.4 8.4
      vertex 2.4 116.181 27.9684
    endloop
  endfacet
  facet normal 1 0 0
    outer loop
      vertex 2.4 114.619 27.9684
      vertex 2.4 152.4 8.4
      vertex 2.4 115.4 27.9
    endloop
  endfacet
  facet normal 1 0 0
    outer loop
      vertex 2.4 78.1814 27.9684
      vertex 2.4 114.619 27.9684
      vertex 2.4 113.861 28.1714
    endloop
  endfacet
  facet normal 1 0 0
    outer loop
      vertex 2.4 78.9391 28.1714
      vertex 2.4 113.861 28.1714
      vertex 2.4 113.15 28.5029
    endloop
  endfacet
  facet normal 1 0 0
    outer loop
      vertex 2.4 81.8316 33.1814
      vertex 2.4 110.968 33.1814
      vertex 2.4 111.171 33.9391
    endloop
  endfacet
  facet normal 1 0 0
    outer loop
      vertex 2.4 110.968 33.1814
      vertex 2.4 81.9 32.4
      vertex 2.4 110.9 32.4
    endloop
  endfacet
  facet normal 1 0 0
    outer loop
      vertex 2.4 110.9 32.4
      vertex 2.4 81.9 32.4
      vertex 2.4 110.968 31.6186
    endloop
  endfacet
  facet normal 1 0 0
    outer loop
      vertex 2.4 81.8316 31.6186
      vertex 2.4 110.968 31.6186
      vertex 2.4 81.9 32.4
    endloop
  endfacet
  facet normal 1 0 0
    outer loop
      vertex 2.4 110.968 31.6186
      vertex 2.4 81.8316 31.6186
      vertex 2.4 111.171 30.8609
    endloop
  endfacet
  facet normal 1 0 0
    outer loop
      vertex 2.4 81.6286 30.8609
      vertex 2.4 111.171 30.8609
      vertex 2.4 81.8316 31.6186
    endloop
  endfacet
  facet normal 1 0 0
    outer loop
      vertex 2.4 111.171 30.8609
      vertex 2.4 81.6286 30.8609
      vertex 2.4 111.503 30.15
    endloop
  endfacet
  facet normal 1 0 0
    outer loop
      vertex 2.4 81.2971 30.15
      vertex 2.4 111.503 30.15
      vertex 2.4 81.6286 30.8609
    endloop
  endfacet
  facet normal 1 0 0
    outer loop
      vertex 2.4 111.503 30.15
      vertex 2.4 81.2971 30.15
      vertex 2.4 111.953 29.5075
    endloop
  endfacet
  facet normal 1 0 0
    outer loop
      vertex 2.4 80.8472 29.5075
      vertex 2.4 111.953 29.5075
      vertex 2.4 81.2971 30.15
    endloop
  endfacet
  facet normal 1 0 0
    outer loop
      vertex 2.4 111.953 29.5075
      vertex 2.4 80.8472 29.5075
      vertex 2.4 112.507 28.9528
    endloop
  endfacet
  facet normal 1 0 0
    outer loop
      vertex 2.4 80.2925 28.9528
      vertex 2.4 112.507 28.9528
      vertex 2.4 80.8472 29.5075
    endloop
  endfacet
  facet normal 1 0 0
    outer loop
      vertex 2.4 112.507 28.9528
      vertex 2.4 80.2925 28.9528
      vertex 2.4 113.15 28.5029
    endloop
  endfacet
  facet normal 1 0 0
    outer loop
      vertex 2.4 79.65 28.5029
      vertex 2.4 113.15 28.5029
      vertex 2.4 80.2925 28.9528
    endloop
  endfacet
  facet normal 1 0 0
    outer loop
      vertex 2.4 78.9391 28.1714
      vertex 2.4 113.15 28.5029
      vertex 2.4 79.65 28.5029
    endloop
  endfacet
  facet normal 1 0 0
    outer loop
      vertex 2.4 113.861 28.1714
      vertex 2.4 78.9391 28.1714
      vertex 2.4 78.1814 27.9684
    endloop
  endfacet
  facet normal 1 0 0
    outer loop
      vertex 2.4 114.619 27.9684
      vertex 2.4 78.1814 27.9684
      vertex 2.4 152.4 8.4
    endloop
  endfacet
  facet normal 1 -0 0
    outer loop
      vertex 2.4 77.4 27.9
      vertex 2.4 152.4 8.4
      vertex 2.4 78.1814 27.9684
    endloop
  endfacet
  facet normal 1 0 0
    outer loop
      vertex 2.4 2.4 8.4
      vertex 2.4 77.4 27.9
      vertex 2.4 76.6186 27.9684
    endloop
  endfacet
  facet normal 1 0 0
    outer loop
      vertex 2.4 72.9684 33.1814
      vertex 2.4 43.9 32.4
      vertex 2.4 72.9 32.4
    endloop
  endfacet
  facet normal 1 0 0
    outer loop
      vertex 2.4 72.9 32.4
      vertex 2.4 43.9 32.4
      vertex 2.4 72.9684 31.6186
    endloop
  endfacet
  facet normal 1 0 0
    outer loop
      vertex 2.4 43.8316 31.6186
      vertex 2.4 72.9684 31.6186
      vertex 2.4 43.9 32.4
    endloop
  endfacet
  facet normal 1 0 0
    outer loop
      vertex 2.4 72.9684 31.6186
      vertex 2.4 43.8316 31.6186
      vertex 2.4 73.1714 30.8609
    endloop
  endfacet
  facet normal 1 0 0
    outer loop
      vertex 2.4 43.6286 30.8609
      vertex 2.4 73.1714 30.8609
      vertex 2.4 43.8316 31.6186
    endloop
  endfacet
  facet normal 1 0 0
    outer loop
      vertex 2.4 73.1714 30.8609
      vertex 2.4 43.6286 30.8609
      vertex 2.4 73.5029 30.15
    endloop
  endfacet
  facet normal 1 0 0
    outer loop
      vertex 2.4 43.2971 30.15
      vertex 2.4 73.5029 30.15
      vertex 2.4 43.6286 30.8609
    endloop
  endfacet
  facet normal 1 0 0
    outer loop
      vertex 2.4 73.5029 30.15
      vertex 2.4 43.2971 30.15
      vertex 2.4 73.9528 29.5075
    endloop
  endfacet
  facet normal 1 0 0
    outer loop
      vertex 2.4 42.8472 29.5075
      vertex 2.4 73.9528 29.5075
      vertex 2.4 43.2971 30.15
    endloop
  endfacet
  facet normal 1 0 0
    outer loop
      vertex 2.4 73.9528 29.5075
      vertex 2.4 42.8472 29.5075
      vertex 2.4 74.5075 28.9528
    endloop
  endfacet
  facet normal 1 0 0
    outer loop
      vertex 2.4 42.2925 28.9528
      vertex 2.4 74.5075 28.9528
      vertex 2.4 42.8472 29.5075
    endloop
  endfacet
  facet normal 1 0 0
    outer loop
      vertex 2.4 74.5075 28.9528
      vertex 2.4 42.2925 28.9528
      vertex 2.4 75.15 28.5029
    endloop
  endfacet
  facet normal 1 0 0
    outer loop
      vertex 2.4 41.65 28.5029
      vertex 2.4 75.15 28.5029
      vertex 2.4 42.2925 28.9528
    endloop
  endfacet
  facet normal 1 0 0
    outer loop
      vertex 2.4 75.15 28.5029
      vertex 2.4 41.65 28.5029
      vertex 2.4 75.8609 28.1714
    endloop
  endfacet
  facet normal 1 0 0
    outer loop
      vertex 2.4 40.9391 28.1714
      vertex 2.4 75.8609 28.1714
      vertex 2.4 41.65 28.5029
    endloop
  endfacet
  facet normal 1 0 0
    outer loop
      vertex 2.4 75.8609 28.1714
      vertex 2.4 40.9391 28.1714
      vertex 2.4 76.6186 27.9684
    endloop
  endfacet
  facet normal 1 0 0
    outer loop
      vertex 2.4 40.1814 27.9684
      vertex 2.4 76.6186 27.9684
      vertex 2.4 40.9391 28.1714
    endloop
  endfacet
  facet normal 1 0 0
    outer loop
      vertex 2.4 76.6186 27.9684
      vertex 2.4 40.1814 27.9684
      vertex 2.4 2.4 8.4
    endloop
  endfacet
  facet normal 1 0 0
    outer loop
      vertex 2.4 2.4 8.4
      vertex 2.4 40.1814 27.9684
      vertex 2.4 39.4 27.9
    endloop
  endfacet
  facet normal 1 0 0
    outer loop
      vertex 2.4 2.4 8.4
      vertex 2.4 39.4 27.9
      vertex 2.4 38.6186 27.9684
    endloop
  endfacet
  facet normal 1 0 0
    outer loop
      vertex 2.4 34.9684 33.1814
      vertex 2.4 2.4 8.4
      vertex 2.4 34.9 32.4
    endloop
  endfacet
  facet normal 1 0 0
    outer loop
      vertex 2.4 77.4 27.9
      vertex 2.4 2.4 8.4
      vertex 2.4 152.4 8.4
    endloop
  endfacet
  facet normal 1 0 0
    outer loop
      vertex 2.4 37.8609 28.1714
      vertex 2.4 2.4 8.4
      vertex 2.4 38.6186 27.9684
    endloop
  endfacet
  facet normal 1 0 0
    outer loop
      vertex 2.4 37.15 28.5029
      vertex 2.4 2.4 8.4
      vertex 2.4 37.8609 28.1714
    endloop
  endfacet
  facet normal 1 0 0
    outer loop
      vertex 2.4 36.5075 28.9528
      vertex 2.4 2.4 8.4
      vertex 2.4 37.15 28.5029
    endloop
  endfacet
  facet normal 1 0 0
    outer loop
      vertex 2.4 35.9528 29.5075
      vertex 2.4 2.4 8.4
      vertex 2.4 36.5075 28.9528
    endloop
  endfacet
  facet normal 1 0 0
    outer loop
      vertex 2.4 35.5029 30.15
      vertex 2.4 2.4 8.4
      vertex 2.4 35.9528 29.5075
    endloop
  endfacet
  facet normal 1 0 0
    outer loop
      vertex 2.4 35.1714 30.8609
      vertex 2.4 2.4 8.4
      vertex 2.4 35.5029 30.15
    endloop
  endfacet
  facet normal 1 0 0
    outer loop
      vertex 2.4 34.9684 31.6186
      vertex 2.4 2.4 8.4
      vertex 2.4 35.1714 30.8609
    endloop
  endfacet
  facet normal 1 0 0
    outer loop
      vertex 2.4 34.9 32.4
      vertex 2.4 2.4 8.4
      vertex 2.4 34.9684 31.6186
    endloop
  endfacet
  facet normal -1 0 0
    outer loop
      vertex 192.4 15.4 125.4
      vertex 192.4 51.4 134.4
      vertex 192.4 51.4 125.4
    endloop
  endfacet
  facet normal -1 -0 0
    outer loop
      vertex 192.4 51.4 134.4
      vertex 192.4 15.4 125.4
      vertex 192.4 15.4 134.4
    endloop
  endfacet
  facet normal -1 0 0
    outer loop
      vertex 192.4 15.4 109.4
      vertex 192.4 51.4 118.4
      vertex 192.4 51.4 109.4
    endloop
  endfacet
  facet normal -1 -0 0
    outer loop
      vertex 192.4 51.4 118.4
      vertex 192.4 15.4 109.4
      vertex 192.4 15.4 118.4
    endloop
  endfacet
  facet normal -1 0 0
    outer loop
      vertex 192.4 15.4 93.4
      vertex 192.4 51.4 102.4
      vertex 192.4 51.4 93.4
    endloop
  endfacet
  facet normal -1 -0 0
    outer loop
      vertex 192.4 51.4 102.4
      vertex 192.4 15.4 93.4
      vertex 192.4 15.4 102.4
    endloop
  endfacet
  facet normal -1 0 0
    outer loop
      vertex 192.4 15.4 77.4
      vertex 192.4 51.4 86.4
      vertex 192.4 51.4 77.4
    endloop
  endfacet
  facet normal -1 -0 0
    outer loop
      vertex 192.4 51.4 86.4
      vertex 192.4 15.4 77.4
      vertex 192.4 15.4 86.4
    endloop
  endfacet
  facet normal -1 0 0
    outer loop
      vertex 192.4 15.4 61.4
      vertex 192.4 51.4 70.4
      vertex 192.4 51.4 61.4
    endloop
  endfacet
  facet normal -1 -0 0
    outer loop
      vertex 192.4 51.4 70.4
      vertex 192.4 15.4 61.4
      vertex 192.4 15.4 70.4
    endloop
  endfacet
  facet normal -1 0 0
    outer loop
      vertex 192.4 15.4 45.4
      vertex 192.4 51.4 54.4
      vertex 192.4 51.4 45.4
    endloop
  endfacet
  facet normal -1 -0 0
    outer loop
      vertex 192.4 51.4 54.4
      vertex 192.4 15.4 45.4
      vertex 192.4 15.4 54.4
    endloop
  endfacet
  facet normal -1 0 0
    outer loop
      vertex 192.4 15.4 29.4
      vertex 192.4 51.4 38.4
      vertex 192.4 51.4 29.4
    endloop
  endfacet
  facet normal -1 -0 0
    outer loop
      vertex 192.4 51.4 38.4
      vertex 192.4 15.4 29.4
      vertex 192.4 15.4 38.4
    endloop
  endfacet
  facet normal -1 0 0
    outer loop
      vertex 192.4 59.4 125.4
      vertex 192.4 95.4 134.4
      vertex 192.4 95.4 125.4
    endloop
  endfacet
  facet normal -1 -0 0
    outer loop
      vertex 192.4 95.4 134.4
      vertex 192.4 59.4 125.4
      vertex 192.4 59.4 134.4
    endloop
  endfacet
  facet normal -1 0 0
    outer loop
      vertex 192.4 59.4 109.4
      vertex 192.4 95.4 118.4
      vertex 192.4 95.4 109.4
    endloop
  endfacet
  facet normal -1 -0 0
    outer loop
      vertex 192.4 95.4 118.4
      vertex 192.4 59.4 109.4
      vertex 192.4 59.4 118.4
    endloop
  endfacet
  facet normal -1 0 0
    outer loop
      vertex 192.4 59.4 93.4
      vertex 192.4 95.4 102.4
      vertex 192.4 95.4 93.4
    endloop
  endfacet
  facet normal -1 -0 0
    outer loop
      vertex 192.4 95.4 102.4
      vertex 192.4 59.4 93.4
      vertex 192.4 59.4 102.4
    endloop
  endfacet
  facet normal -1 0 0
    outer loop
      vertex 192.4 59.4 77.4
      vertex 192.4 95.4 86.4
      vertex 192.4 95.4 77.4
    endloop
  endfacet
  facet normal -1 -0 0
    outer loop
      vertex 192.4 95.4 86.4
      vertex 192.4 59.4 77.4
      vertex 192.4 59.4 86.4
    endloop
  endfacet
  facet normal -1 0 0
    outer loop
      vertex 192.4 59.4 61.4
      vertex 192.4 95.4 70.4
      vertex 192.4 95.4 61.4
    endloop
  endfacet
  facet normal -1 -0 0
    outer loop
      vertex 192.4 95.4 70.4
      vertex 192.4 59.4 61.4
      vertex 192.4 59.4 70.4
    endloop
  endfacet
  facet normal -1 0 0
    outer loop
      vertex 192.4 59.4 45.4
      vertex 192.4 95.4 54.4
      vertex 192.4 95.4 45.4
    endloop
  endfacet
  facet normal -1 -0 0
    outer loop
      vertex 192.4 95.4 54.4
      vertex 192.4 59.4 45.4
      vertex 192.4 59.4 54.4
    endloop
  endfacet
  facet normal -1 0 0
    outer loop
      vertex 192.4 59.4 29.4
      vertex 192.4 95.4 38.4
      vertex 192.4 95.4 29.4
    endloop
  endfacet
  facet normal -1 -0 0
    outer loop
      vertex 192.4 95.4 38.4
      vertex 192.4 59.4 29.4
      vertex 192.4 59.4 38.4
    endloop
  endfacet
  facet normal -1 0 0
    outer loop
      vertex 192.4 103.4 125.4
      vertex 192.4 139.4 134.4
      vertex 192.4 139.4 125.4
    endloop
  endfacet
  facet normal -1 -0 0
    outer loop
      vertex 192.4 139.4 134.4
      vertex 192.4 103.4 125.4
      vertex 192.4 103.4 134.4
    endloop
  endfacet
  facet normal -1 0 0
    outer loop
      vertex 192.4 103.4 109.4
      vertex 192.4 139.4 118.4
      vertex 192.4 139.4 109.4
    endloop
  endfacet
  facet normal -1 -0 0
    outer loop
      vertex 192.4 139.4 118.4
      vertex 192.4 103.4 109.4
      vertex 192.4 103.4 118.4
    endloop
  endfacet
  facet normal -1 0 0
    outer loop
      vertex 192.4 103.4 93.4
      vertex 192.4 139.4 102.4
      vertex 192.4 139.4 93.4
    endloop
  endfacet
  facet normal -1 -0 0
    outer loop
      vertex 192.4 139.4 102.4
      vertex 192.4 103.4 93.4
      vertex 192.4 103.4 102.4
    endloop
  endfacet
  facet normal -1 0 0
    outer loop
      vertex 192.4 103.4 77.4
      vertex 192.4 139.4 86.4
      vertex 192.4 139.4 77.4
    endloop
  endfacet
  facet normal -1 -0 0
    outer loop
      vertex 192.4 139.4 86.4
      vertex 192.4 103.4 77.4
      vertex 192.4 103.4 86.4
    endloop
  endfacet
  facet normal -1 0 0
    outer loop
      vertex 192.4 103.4 61.4
      vertex 192.4 139.4 70.4
      vertex 192.4 139.4 61.4
    endloop
  endfacet
  facet normal -1 -0 0
    outer loop
      vertex 192.4 139.4 70.4
      vertex 192.4 103.4 61.4
      vertex 192.4 103.4 70.4
    endloop
  endfacet
  facet normal -1 0 0
    outer loop
      vertex 192.4 103.4 45.4
      vertex 192.4 139.4 54.4
      vertex 192.4 139.4 45.4
    endloop
  endfacet
  facet normal -1 -0 0
    outer loop
      vertex 192.4 139.4 54.4
      vertex 192.4 103.4 45.4
      vertex 192.4 103.4 54.4
    endloop
  endfacet
  facet normal -1 0 0
    outer loop
      vertex 192.4 103.4 29.4
      vertex 192.4 139.4 38.4
      vertex 192.4 139.4 29.4
    endloop
  endfacet
  facet normal -1 -0 0
    outer loop
      vertex 192.4 139.4 38.4
      vertex 192.4 103.4 29.4
      vertex 192.4 103.4 38.4
    endloop
  endfacet
  facet normal -1 0 0
    outer loop
      vertex 192.4 139.4 29.4
      vertex 192.4 152.4 8.4
      vertex 192.4 139.4 22.4
    endloop
  endfacet
  facet normal -1 0 0
    outer loop
      vertex 192.4 152.4 8.4
      vertex 192.4 103.4 22.4
      vertex 192.4 139.4 22.4
    endloop
  endfacet
  facet normal -1 0 0
    outer loop
      vertex 192.4 95.4 29.4
      vertex 192.4 103.4 29.4
      vertex 192.4 103.4 22.4
    endloop
  endfacet
  facet normal -1 0 0
    outer loop
      vertex 192.4 103.4 29.4
      vertex 192.4 95.4 29.4
      vertex 192.4 103.4 38.4
    endloop
  endfacet
  facet normal -1 0 0
    outer loop
      vertex 192.4 103.4 38.4
      vertex 192.4 95.4 38.4
      vertex 192.4 103.4 45.4
    endloop
  endfacet
  facet normal -1 0 0
    outer loop
      vertex 192.4 95.4 45.4
      vertex 192.4 103.4 45.4
      vertex 192.4 95.4 38.4
    endloop
  endfacet
  facet normal -1 0 0
    outer loop
      vertex 192.4 95.4 54.4
      vertex 192.4 103.4 54.4
      vertex 192.4 95.4 45.4
    endloop
  endfacet
  facet normal -1 0 0
    outer loop
      vertex 192.4 103.4 54.4
      vertex 192.4 95.4 54.4
      vertex 192.4 103.4 61.4
    endloop
  endfacet
  facet normal -1 0 0
    outer loop
      vertex 192.4 103.4 61.4
      vertex 192.4 95.4 61.4
      vertex 192.4 103.4 70.4
    endloop
  endfacet
  facet normal -1 0 0
    outer loop
      vertex 192.4 95.4 70.4
      vertex 192.4 103.4 70.4
      vertex 192.4 95.4 61.4
    endloop
  endfacet
  facet normal -1 0 0
    outer loop
      vertex 192.4 95.4 77.4
      vertex 192.4 103.4 77.4
      vertex 192.4 95.4 70.4
    endloop
  endfacet
  facet normal -1 0 0
    outer loop
      vertex 192.4 103.4 77.4
      vertex 192.4 95.4 77.4
      vertex 192.4 103.4 86.4
    endloop
  endfacet
  facet normal -1 0 0
    outer loop
      vertex 192.4 103.4 86.4
      vertex 192.4 95.4 86.4
      vertex 192.4 103.4 93.4
    endloop
  endfacet
  facet normal -1 0 0
    outer loop
      vertex 192.4 95.4 93.4
      vertex 192.4 103.4 93.4
      vertex 192.4 95.4 86.4
    endloop
  endfacet
  facet normal -1 0 0
    outer loop
      vertex 192.4 95.4 102.4
      vertex 192.4 103.4 102.4
      vertex 192.4 95.4 93.4
    endloop
  endfacet
  facet normal -1 0 0
    outer loop
      vertex 192.4 103.4 102.4
      vertex 192.4 95.4 102.4
      vertex 192.4 103.4 109.4
    endloop
  endfacet
  facet normal -1 0 0
    outer loop
      vertex 192.4 95.4 29.4
      vertex 192.4 103.4 22.4
      vertex 192.4 95.4 22.4
    endloop
  endfacet
  facet normal -1 0 0
    outer loop
      vertex 192.4 152.4 8.4
      vertex 192.4 95.4 22.4
      vertex 192.4 103.4 22.4
    endloop
  endfacet
  facet normal -1 0 0
    outer loop
      vertex 192.4 152.4 8.4
      vertex 192.4 59.4 22.4
      vertex 192.4 95.4 22.4
    endloop
  endfacet
  facet normal -1 0 0
    outer loop
      vertex 192.4 51.4 29.4
      vertex 192.4 59.4 29.4
      vertex 192.4 59.4 22.4
    endloop
  endfacet
  facet normal -1 0 0
    outer loop
      vertex 192.4 59.4 29.4
      vertex 192.4 51.4 29.4
      vertex 192.4 59.4 38.4
    endloop
  endfacet
  facet normal -1 0 0
    outer loop
      vertex 192.4 59.4 38.4
      vertex 192.4 51.4 38.4
      vertex 192.4 59.4 45.4
    endloop
  endfacet
  facet normal -1 0 0
    outer loop
      vertex 192.4 51.4 45.4
      vertex 192.4 59.4 45.4
      vertex 192.4 51.4 38.4
    endloop
  endfacet
  facet normal -1 0 0
    outer loop
      vertex 192.4 51.4 54.4
      vertex 192.4 59.4 54.4
      vertex 192.4 51.4 45.4
    endloop
  endfacet
  facet normal -1 0 0
    outer loop
      vertex 192.4 59.4 54.4
      vertex 192.4 51.4 54.4
      vertex 192.4 59.4 61.4
    endloop
  endfacet
  facet normal -1 0 0
    outer loop
      vertex 192.4 59.4 61.4
      vertex 192.4 51.4 61.4
      vertex 192.4 59.4 70.4
    endloop
  endfacet
  facet normal -1 0 0
    outer loop
      vertex 192.4 51.4 70.4
      vertex 192.4 59.4 70.4
      vertex 192.4 51.4 61.4
    endloop
  endfacet
  facet normal -1 0 0
    outer loop
      vertex 192.4 51.4 77.4
      vertex 192.4 59.4 77.4
      vertex 192.4 51.4 70.4
    endloop
  endfacet
  facet normal -1 0 0
    outer loop
      vertex 192.4 59.4 77.4
      vertex 192.4 51.4 77.4
      vertex 192.4 59.4 86.4
    endloop
  endfacet
  facet normal -1 0 0
    outer loop
      vertex 192.4 59.4 86.4
      vertex 192.4 51.4 86.4
      vertex 192.4 59.4 93.4
    endloop
  endfacet
  facet normal -1 0 0
    outer loop
      vertex 192.4 51.4 93.4
      vertex 192.4 59.4 93.4
      vertex 192.4 51.4 86.4
    endloop
  endfacet
  facet normal -1 0 0
    outer loop
      vertex 192.4 51.4 102.4
      vertex 192.4 59.4 102.4
      vertex 192.4 51.4 93.4
    endloop
  endfacet
  facet normal -1 0 0
    outer loop
      vertex 192.4 59.4 102.4
      vertex 192.4 51.4 102.4
      vertex 192.4 59.4 109.4
    endloop
  endfacet
  facet normal -1 0 0
    outer loop
      vertex 192.4 51.4 29.4
      vertex 192.4 59.4 22.4
      vertex 192.4 51.4 22.4
    endloop
  endfacet
  facet normal -1 0 0
    outer loop
      vertex 192.4 2.4 8.4
      vertex 192.4 59.4 22.4
      vertex 192.4 152.4 8.4
    endloop
  endfacet
  facet normal -1 -0 0
    outer loop
      vertex 192.4 59.4 22.4
      vertex 192.4 2.4 8.4
      vertex 192.4 51.4 22.4
    endloop
  endfacet
  facet normal -1 0 0
    outer loop
      vertex 192.4 2.4 8.4
      vertex 192.4 15.4 29.4
      vertex 192.4 15.4 22.4
    endloop
  endfacet
  facet normal -1 -0 0
    outer loop
      vertex 192.4 15.4 29.4
      vertex 192.4 2.4 8.4
      vertex 192.4 15.4 38.4
    endloop
  endfacet
  facet normal -1 -0 0
    outer loop
      vertex 192.4 15.4 38.4
      vertex 192.4 2.4 8.4
      vertex 192.4 15.4 45.4
    endloop
  endfacet
  facet normal -1 -0 0
    outer loop
      vertex 192.4 15.4 45.4
      vertex 192.4 2.4 8.4
      vertex 192.4 15.4 54.4
    endloop
  endfacet
  facet normal -1 -0 0
    outer loop
      vertex 192.4 15.4 54.4
      vertex 192.4 2.4 8.4
      vertex 192.4 15.4 61.4
    endloop
  endfacet
  facet normal -1 -0 0
    outer loop
      vertex 192.4 15.4 61.4
      vertex 192.4 2.4 8.4
      vertex 192.4 15.4 70.4
    endloop
  endfacet
  facet normal -1 -0 0
    outer loop
      vertex 192.4 15.4 70.4
      vertex 192.4 2.4 8.4
      vertex 192.4 15.4 77.4
    endloop
  endfacet
  facet normal -1 -0 0
    outer loop
      vertex 192.4 15.4 77.4
      vertex 192.4 2.4 8.4
      vertex 192.4 15.4 86.4
    endloop
  endfacet
  facet normal -1 -0 0
    outer loop
      vertex 192.4 15.4 86.4
      vertex 192.4 2.4 8.4
      vertex 192.4 15.4 93.4
    endloop
  endfacet
  facet normal -1 0 0
    outer loop
      vertex 192.4 2.4 172.4
      vertex 192.4 15.4 93.4
      vertex 192.4 2.4 8.4
    endloop
  endfacet
  facet normal -1 0 0
    outer loop
      vertex 192.4 15.4 93.4
      vertex 192.4 2.4 172.4
      vertex 192.4 15.4 102.4
    endloop
  endfacet
  facet normal -1 0 0
    outer loop
      vertex 192.4 15.4 102.4
      vertex 192.4 2.4 172.4
      vertex 192.4 15.4 109.4
    endloop
  endfacet
  facet normal -1 0 0
    outer loop
      vertex 192.4 15.4 109.4
      vertex 192.4 2.4 172.4
      vertex 192.4 15.4 118.4
    endloop
  endfacet
  facet normal -1 0 0
    outer loop
      vertex 192.4 15.4 118.4
      vertex 192.4 2.4 172.4
      vertex 192.4 15.4 125.4
    endloop
  endfacet
  facet normal -1 0 0
    outer loop
      vertex 192.4 15.4 125.4
      vertex 192.4 2.4 172.4
      vertex 192.4 15.4 134.4
    endloop
  endfacet
  facet normal -1 -0 0
    outer loop
      vertex 192.4 51.4 22.4
      vertex 192.4 2.4 8.4
      vertex 192.4 15.4 22.4
    endloop
  endfacet
  facet normal -1 0 0
    outer loop
      vertex 192.4 139.4 38.4
      vertex 192.4 152.4 8.4
      vertex 192.4 139.4 29.4
    endloop
  endfacet
  facet normal -1 0 0
    outer loop
      vertex 192.4 139.4 45.4
      vertex 192.4 152.4 8.4
      vertex 192.4 139.4 38.4
    endloop
  endfacet
  facet normal -1 0 0
    outer loop
      vertex 192.4 139.4 54.4
      vertex 192.4 152.4 8.4
      vertex 192.4 139.4 45.4
    endloop
  endfacet
  facet normal -1 0 0
    outer loop
      vertex 192.4 139.4 61.4
      vertex 192.4 152.4 8.4
      vertex 192.4 139.4 54.4
    endloop
  endfacet
  facet normal -1 0 0
    outer loop
      vertex 192.4 139.4 70.4
      vertex 192.4 152.4 8.4
      vertex 192.4 139.4 61.4
    endloop
  endfacet
  facet normal -1 0 0
    outer loop
      vertex 192.4 139.4 77.4
      vertex 192.4 152.4 8.4
      vertex 192.4 139.4 70.4
    endloop
  endfacet
  facet normal -1 0 0
    outer loop
      vertex 192.4 139.4 86.4
      vertex 192.4 152.4 8.4
      vertex 192.4 139.4 77.4
    endloop
  endfacet
  facet normal -1 0 0
    outer loop
      vertex 192.4 152.4 8.4
      vertex 192.4 139.4 86.4
      vertex 192.4 152.4 172.4
    endloop
  endfacet
  facet normal -1 0 0
    outer loop
      vertex 192.4 139.4 93.4
      vertex 192.4 152.4 172.4
      vertex 192.4 139.4 86.4
    endloop
  endfacet
  facet normal -1 0 0
    outer loop
      vertex 192.4 139.4 102.4
      vertex 192.4 152.4 172.4
      vertex 192.4 139.4 93.4
    endloop
  endfacet
  facet normal -1 0 0
    outer loop
      vertex 192.4 139.4 109.4
      vertex 192.4 152.4 172.4
      vertex 192.4 139.4 102.4
    endloop
  endfacet
  facet normal -1 0 0
    outer loop
      vertex 192.4 139.4 118.4
      vertex 192.4 152.4 172.4
      vertex 192.4 139.4 109.4
    endloop
  endfacet
  facet normal -1 0 0
    outer loop
      vertex 192.4 139.4 125.4
      vertex 192.4 152.4 172.4
      vertex 192.4 139.4 118.4
    endloop
  endfacet
  facet normal -1 0 0
    outer loop
      vertex 192.4 139.4 134.4
      vertex 192.4 152.4 172.4
      vertex 192.4 139.4 125.4
    endloop
  endfacet
  facet normal -1 0 0
    outer loop
      vertex 192.4 139.4 141.4
      vertex 192.4 152.4 172.4
      vertex 192.4 139.4 134.4
    endloop
  endfacet
  facet normal -1 0 0
    outer loop
      vertex 192.4 103.4 141.4
      vertex 192.4 152.4 172.4
      vertex 192.4 139.4 141.4
    endloop
  endfacet
  facet normal -1 -0 0
    outer loop
      vertex 192.4 103.4 38.4
      vertex 192.4 95.4 29.4
      vertex 192.4 95.4 38.4
    endloop
  endfacet
  facet normal -1 0 0
    outer loop
      vertex 192.4 103.4 45.4
      vertex 192.4 95.4 45.4
      vertex 192.4 103.4 54.4
    endloop
  endfacet
  facet normal -1 0 0
    outer loop
      vertex 192.4 95.4 61.4
      vertex 192.4 103.4 61.4
      vertex 192.4 95.4 54.4
    endloop
  endfacet
  facet normal -1 0 0
    outer loop
      vertex 192.4 103.4 70.4
      vertex 192.4 95.4 70.4
      vertex 192.4 103.4 77.4
    endloop
  endfacet
  facet normal -1 0 0
    outer loop
      vertex 192.4 95.4 86.4
      vertex 192.4 103.4 86.4
      vertex 192.4 95.4 77.4
    endloop
  endfacet
  facet normal -1 0 0
    outer loop
      vertex 192.4 103.4 93.4
      vertex 192.4 95.4 93.4
      vertex 192.4 103.4 102.4
    endloop
  endfacet
  facet normal -1 0 0
    outer loop
      vertex 192.4 95.4 109.4
      vertex 192.4 103.4 109.4
      vertex 192.4 95.4 102.4
    endloop
  endfacet
  facet normal -1 0 0
    outer loop
      vertex 192.4 103.4 109.4
      vertex 192.4 95.4 109.4
      vertex 192.4 103.4 118.4
    endloop
  endfacet
  facet normal -1 0 0
    outer loop
      vertex 192.4 95.4 118.4
      vertex 192.4 103.4 118.4
      vertex 192.4 95.4 109.4
    endloop
  endfacet
  facet normal -1 0 0
    outer loop
      vertex 192.4 103.4 118.4
      vertex 192.4 95.4 118.4
      vertex 192.4 103.4 125.4
    endloop
  endfacet
  facet normal -1 0 0
    outer loop
      vertex 192.4 95.4 125.4
      vertex 192.4 103.4 125.4
      vertex 192.4 95.4 118.4
    endloop
  endfacet
  facet normal -1 0 0
    outer loop
      vertex 192.4 103.4 125.4
      vertex 192.4 95.4 125.4
      vertex 192.4 103.4 134.4
    endloop
  endfacet
  facet normal -1 0 0
    outer loop
      vertex 192.4 95.4 134.4
      vertex 192.4 103.4 134.4
      vertex 192.4 95.4 125.4
    endloop
  endfacet
  facet normal -1 0 0
    outer loop
      vertex 192.4 103.4 134.4
      vertex 192.4 95.4 134.4
      vertex 192.4 103.4 141.4
    endloop
  endfacet
  facet normal -1 0 0
    outer loop
      vertex 192.4 95.4 141.4
      vertex 192.4 103.4 141.4
      vertex 192.4 95.4 134.4
    endloop
  endfacet
  facet normal -1 0 0
    outer loop
      vertex 192.4 95.4 141.4
      vertex 192.4 152.4 172.4
      vertex 192.4 103.4 141.4
    endloop
  endfacet
  facet normal -1 0 0
    outer loop
      vertex 192.4 59.4 141.4
      vertex 192.4 152.4 172.4
      vertex 192.4 95.4 141.4
    endloop
  endfacet
  facet normal -1 -0 0
    outer loop
      vertex 192.4 59.4 38.4
      vertex 192.4 51.4 29.4
      vertex 192.4 51.4 38.4
    endloop
  endfacet
  facet normal -1 0 0
    outer loop
      vertex 192.4 59.4 45.4
      vertex 192.4 51.4 45.4
      vertex 192.4 59.4 54.4
    endloop
  endfacet
  facet normal -1 0 0
    outer loop
      vertex 192.4 51.4 61.4
      vertex 192.4 59.4 61.4
      vertex 192.4 51.4 54.4
    endloop
  endfacet
  facet normal -1 0 0
    outer loop
      vertex 192.4 59.4 70.4
      vertex 192.4 51.4 70.4
      vertex 192.4 59.4 77.4
    endloop
  endfacet
  facet normal -1 0 0
    outer loop
      vertex 192.4 51.4 86.4
      vertex 192.4 59.4 86.4
      vertex 192.4 51.4 77.4
    endloop
  endfacet
  facet normal -1 0 0
    outer loop
      vertex 192.4 59.4 93.4
      vertex 192.4 51.4 93.4
      vertex 192.4 59.4 102.4
    endloop
  endfacet
  facet normal -1 0 0
    outer loop
      vertex 192.4 51.4 109.4
      vertex 192.4 59.4 109.4
      vertex 192.4 51.4 102.4
    endloop
  endfacet
  facet normal -1 0 0
    outer loop
      vertex 192.4 59.4 109.4
      vertex 192.4 51.4 109.4
      vertex 192.4 59.4 118.4
    endloop
  endfacet
  facet normal -1 0 0
    outer loop
      vertex 192.4 51.4 118.4
      vertex 192.4 59.4 118.4
      vertex 192.4 51.4 109.4
    endloop
  endfacet
  facet normal -1 0 0
    outer loop
      vertex 192.4 59.4 118.4
      vertex 192.4 51.4 118.4
      vertex 192.4 59.4 125.4
    endloop
  endfacet
  facet normal -1 0 0
    outer loop
      vertex 192.4 51.4 125.4
      vertex 192.4 59.4 125.4
      vertex 192.4 51.4 118.4
    endloop
  endfacet
  facet normal -1 0 0
    outer loop
      vertex 192.4 59.4 125.4
      vertex 192.4 51.4 125.4
      vertex 192.4 59.4 134.4
    endloop
  endfacet
  facet normal -1 0 0
    outer loop
      vertex 192.4 51.4 134.4
      vertex 192.4 59.4 134.4
      vertex 192.4 51.4 125.4
    endloop
  endfacet
  facet normal -1 0 0
    outer loop
      vertex 192.4 59.4 134.4
      vertex 192.4 51.4 134.4
      vertex 192.4 59.4 141.4
    endloop
  endfacet
  facet normal -1 0 0
    outer loop
      vertex 192.4 51.4 141.4
      vertex 192.4 59.4 141.4
      vertex 192.4 51.4 134.4
    endloop
  endfacet
  facet normal -1 0 0
    outer loop
      vertex 192.4 2.4 172.4
      vertex 192.4 59.4 141.4
      vertex 192.4 51.4 141.4
    endloop
  endfacet
  facet normal -1 0 0
    outer loop
      vertex 192.4 2.4 172.4
      vertex 192.4 51.4 141.4
      vertex 192.4 15.4 141.4
    endloop
  endfacet
  facet normal -1 0 0
    outer loop
      vertex 192.4 59.4 141.4
      vertex 192.4 2.4 172.4
      vertex 192.4 152.4 172.4
    endloop
  endfacet
  facet normal -1 0 0
    outer loop
      vertex 192.4 15.4 134.4
      vertex 192.4 2.4 172.4
      vertex 192.4 15.4 141.4
    endloop
  endfacet
  facet normal 0 -1 0
    outer loop
      vertex 5.4 152.4 2.4
      vertex 189.4 152.4 8.4
      vertex 5.4 152.4 8.4
    endloop
  endfacet
  facet normal 0 -1 -0
    outer loop
      vertex 189.4 152.4 8.4
      vertex 5.4 152.4 2.4
      vertex 189.4 152.4 2.4
    endloop
  endfacet
  facet normal 0 -1 0
    outer loop
      vertex 5.4 152.4 8.4
      vertex 2.4 152.4 172.4
      vertex 2.4 152.4 8.4
    endloop
  endfacet
  facet normal 0 -1 0
    outer loop
      vertex 2.4 152.4 172.4
      vertex 5.4 152.4 8.4
      vertex 192.4 152.4 172.4
    endloop
  endfacet
  facet normal 0 -1 0
    outer loop
      vertex 189.4 152.4 8.4
      vertex 192.4 152.4 172.4
      vertex 5.4 152.4 8.4
    endloop
  endfacet
  facet normal 0 -1 -0
    outer loop
      vertex 192.4 152.4 172.4
      vertex 189.4 152.4 8.4
      vertex 192.4 152.4 8.4
    endloop
  endfacet
  facet normal -0 0 1
    outer loop
      vertex 5.4 152.4 2.4
      vertex 189.4 2.4 2.4
      vertex 189.4 152.4 2.4
    endloop
  endfacet
  facet normal 0 0 1
    outer loop
      vertex 189.4 2.4 2.4
      vertex 5.4 152.4 2.4
      vertex 5.4 2.4 2.4
    endloop
  endfacet
  facet normal 0 1 -0
    outer loop
      vertex 189.4 2.4 2.4
      vertex 5.4 2.4 8.4
      vertex 189.4 2.4 8.4
    endloop
  endfacet
  facet normal 0 1 0
    outer loop
      vertex 5.4 2.4 8.4
      vertex 189.4 2.4 2.4
      vertex 5.4 2.4 2.4
    endloop
  endfacet
  facet normal 0 1 0
    outer loop
      vertex 189.4 2.4 8.4
      vertex 192.4 2.4 172.4
      vertex 192.4 2.4 8.4
    endloop
  endfacet
  facet normal 0 1 0
    outer loop
      vertex 192.4 2.4 172.4
      vertex 189.4 2.4 8.4
      vertex 2.4 2.4 172.4
    endloop
  endfacet
  facet normal 0 1 -0
    outer loop
      vertex 5.4 2.4 8.4
      vertex 2.4 2.4 172.4
      vertex 189.4 2.4 8.4
    endloop
  endfacet
  facet normal 0 1 0
    outer loop
      vertex 2.4 2.4 172.4
      vertex 5.4 2.4 8.4
      vertex 2.4 2.4 8.4
    endloop
  endfacet
  facet normal 0 -0.819121 0.573621
    outer loop
      vertex -3 -3.69772 23.9073
      vertex 0 -3.52776 24.15
      vertex -3 -3.52776 24.15
    endloop
  endfacet
  facet normal 0 -0.819121 0.573621
    outer loop
      vertex 0 -3.52776 24.15
      vertex -3 -3.69772 23.9073
      vertex 0 -3.69772 23.9073
    endloop
  endfacet
  facet normal 0 0.906321 -0.42259
    outer loop
      vertex 0 -6.59748 25.5814
      vertex -3 -6.47224 25.85
      vertex 0 -6.47224 25.85
    endloop
  endfacet
  facet normal 0 0.906321 -0.42259
    outer loop
      vertex -3 -6.47224 25.85
      vertex 0 -6.59748 25.5814
      vertex -3 -6.59748 25.5814
    endloop
  endfacet
  facet normal 0 -0.906321 -0.42259
    outer loop
      vertex -3 -3.40252 25.5814
      vertex 0 -3.52776 25.85
      vertex -3 -3.52776 25.85
    endloop
  endfacet
  facet normal 0 -0.906321 -0.42259
    outer loop
      vertex 0 -3.52776 25.85
      vertex -3 -3.40252 25.5814
      vertex 0 -3.40252 25.5814
    endloop
  endfacet
  facet normal 0 -0.422795 -0.906225
    outer loop
      vertex -3 -4.41857 26.5975
      vertex 0 -4.15 26.4722
      vertex 0 -4.41857 26.5975
    endloop
  endfacet
  facet normal -0 -0.422795 -0.906225
    outer loop
      vertex 0 -4.15 26.4722
      vertex -3 -4.41857 26.5975
      vertex -3 -4.15 26.4722
    endloop
  endfacet
  facet normal 0 0.422795 -0.906225
    outer loop
      vertex -3 -5.85 26.4722
      vertex 0 -5.58143 26.5975
      vertex 0 -5.85 26.4722
    endloop
  endfacet
  facet normal 0 0.422795 -0.906225
    outer loop
      vertex 0 -5.58143 26.5975
      vertex -3 -5.85 26.4722
      vertex -3 -5.58143 26.5975
    endloop
  endfacet
  facet normal 0 -0.422795 0.906225
    outer loop
      vertex -3 -4.15 23.5278
      vertex 0 -4.41857 23.4025
      vertex 0 -4.15 23.5278
    endloop
  endfacet
  facet normal 0 -0.422795 0.906225
    outer loop
      vertex 0 -4.41857 23.4025
      vertex -3 -4.15 23.5278
      vertex -3 -4.41857 23.4025
    endloop
  endfacet
  facet normal 0 -0.258834 0.965922
    outer loop
      vertex -3 -4.41857 23.4025
      vertex 0 -4.7048 23.3258
      vertex 0 -4.41857 23.4025
    endloop
  endfacet
  facet normal 0 -0.258834 0.965922
    outer loop
      vertex 0 -4.7048 23.3258
      vertex -3 -4.41857 23.4025
      vertex -3 -4.7048 23.3258
    endloop
  endfacet
  facet normal 0 -0.573422 0.81926
    outer loop
      vertex -3 -3.90726 23.6977
      vertex 0 -4.15 23.5278
      vertex 0 -3.90726 23.6977
    endloop
  endfacet
  facet normal 0 -0.573422 0.81926
    outer loop
      vertex 0 -4.15 23.5278
      vertex -3 -3.90726 23.6977
      vertex -3 -4.15 23.5278
    endloop
  endfacet
  facet normal 0 -0.965923 0.258828
    outer loop
      vertex -3 -3.40252 24.4186
      vertex 0 -3.32583 24.7048
      vertex -3 -3.32583 24.7048
    endloop
  endfacet
  facet normal 0 -0.965923 0.258828
    outer loop
      vertex 0 -3.32583 24.7048
      vertex -3 -3.40252 24.4186
      vertex 0 -3.40252 24.4186
    endloop
  endfacet
  facet normal 0 -0.996194 0.087167
    outer loop
      vertex -3 -3.32583 24.7048
      vertex 0 -3.3 25
      vertex -3 -3.3 25
    endloop
  endfacet
  facet normal 0 -0.996194 0.087167
    outer loop
      vertex 0 -3.3 25
      vertex -3 -3.32583 24.7048
      vertex 0 -3.32583 24.7048
    endloop
  endfacet
  facet normal 0 -0.0870665 -0.996203
    outer loop
      vertex -3 -5 26.7
      vertex 0 -4.7048 26.6742
      vertex 0 -5 26.7
    endloop
  endfacet
  facet normal -0 -0.0870665 -0.996203
    outer loop
      vertex 0 -4.7048 26.6742
      vertex -3 -5 26.7
      vertex -3 -4.7048 26.6742
    endloop
  endfacet
  facet normal 0 -0.573422 -0.81926
    outer loop
      vertex -3 -4.15 26.4722
      vertex 0 -3.90726 26.3023
      vertex 0 -4.15 26.4722
    endloop
  endfacet
  facet normal -0 -0.573422 -0.81926
    outer loop
      vertex 0 -3.90726 26.3023
      vertex -3 -4.15 26.4722
      vertex -3 -3.90726 26.3023
    endloop
  endfacet
  facet normal 0 -0.819121 -0.573621
    outer loop
      vertex -3 -3.52776 25.85
      vertex 0 -3.69772 26.0927
      vertex -3 -3.69772 26.0927
    endloop
  endfacet
  facet normal 0 -0.819121 -0.573621
    outer loop
      vertex 0 -3.69772 26.0927
      vertex -3 -3.52776 25.85
      vertex 0 -3.52776 25.85
    endloop
  endfacet
  facet normal 0 -0.707208 -0.707006
    outer loop
      vertex -3 -3.90726 26.3023
      vertex 0 -3.69772 26.0927
      vertex 0 -3.90726 26.3023
    endloop
  endfacet
  facet normal -0 -0.707208 -0.707006
    outer loop
      vertex 0 -3.69772 26.0927
      vertex -3 -3.90726 26.3023
      vertex -3 -3.69772 26.0927
    endloop
  endfacet
  facet normal 0 -0.0870665 0.996203
    outer loop
      vertex -3 -4.7048 23.3258
      vertex 0 -5 23.3
      vertex 0 -4.7048 23.3258
    endloop
  endfacet
  facet normal 0 -0.0870665 0.996203
    outer loop
      vertex 0 -5 23.3
      vertex -3 -4.7048 23.3258
      vertex -3 -5 23.3
    endloop
  endfacet
  facet normal 0 0.996194 0.087167
    outer loop
      vertex 0 -6.67417 24.7048
      vertex -3 -6.7 25
      vertex 0 -6.7 25
    endloop
  endfacet
  facet normal 0 0.996194 0.087167
    outer loop
      vertex -3 -6.7 25
      vertex 0 -6.67417 24.7048
      vertex -3 -6.67417 24.7048
    endloop
  endfacet
  facet normal 0 0.965923 0.258828
    outer loop
      vertex 0 -6.59748 24.4186
      vertex -3 -6.67417 24.7048
      vertex 0 -6.67417 24.7048
    endloop
  endfacet
  facet normal 0 0.965923 0.258828
    outer loop
      vertex -3 -6.67417 24.7048
      vertex 0 -6.59748 24.4186
      vertex -3 -6.59748 24.4186
    endloop
  endfacet
  facet normal 0 0.707225 0.706989
    outer loop
      vertex 0 -6.09274 23.6977
      vertex -3 -6.30227 23.9073
      vertex 0 -6.30227 23.9073
    endloop
  endfacet
  facet normal 0 0.707225 0.706989
    outer loop
      vertex -3 -6.30227 23.9073
      vertex 0 -6.09274 23.6977
      vertex -3 -6.09274 23.6977
    endloop
  endfacet
  facet normal 0 0.906321 0.42259
    outer loop
      vertex 0 -6.47224 24.15
      vertex -3 -6.59748 24.4186
      vertex 0 -6.59748 24.4186
    endloop
  endfacet
  facet normal 0 0.906321 0.42259
    outer loop
      vertex -3 -6.59748 24.4186
      vertex 0 -6.47224 24.15
      vertex -3 -6.47224 24.15
    endloop
  endfacet
  facet normal -0 0.573422 0.81926
    outer loop
      vertex -3 -5.85 23.5278
      vertex 0 -6.09274 23.6977
      vertex 0 -5.85 23.5278
    endloop
  endfacet
  facet normal 0 0.573422 0.81926
    outer loop
      vertex 0 -6.09274 23.6977
      vertex -3 -5.85 23.5278
      vertex -3 -6.09274 23.6977
    endloop
  endfacet
  facet normal 0 0.707225 -0.706989
    outer loop
      vertex -3 -6.30227 26.0927
      vertex 0 -6.09274 26.3023
      vertex 0 -6.30227 26.0927
    endloop
  endfacet
  facet normal 0 0.707225 -0.706989
    outer loop
      vertex 0 -6.09274 26.3023
      vertex -3 -6.30227 26.0927
      vertex -3 -6.09274 26.3023
    endloop
  endfacet
  facet normal 0 0.819105 -0.573644
    outer loop
      vertex 0 -6.47224 25.85
      vertex -3 -6.30227 26.0927
      vertex 0 -6.30227 26.0927
    endloop
  endfacet
  facet normal 0 0.819105 -0.573644
    outer loop
      vertex -3 -6.30227 26.0927
      vertex 0 -6.47224 25.85
      vertex -3 -6.47224 25.85
    endloop
  endfacet
  facet normal 0 0.0870665 -0.996203
    outer loop
      vertex -3 -5.2952 26.6742
      vertex 0 -5 26.7
      vertex 0 -5.2952 26.6742
    endloop
  endfacet
  facet normal 0 0.0870665 -0.996203
    outer loop
      vertex 0 -5 26.7
      vertex -3 -5.2952 26.6742
      vertex -3 -5 26.7
    endloop
  endfacet
  facet normal 0 0.258834 -0.965922
    outer loop
      vertex -3 -5.58143 26.5975
      vertex 0 -5.2952 26.6742
      vertex 0 -5.58143 26.5975
    endloop
  endfacet
  facet normal 0 0.258834 -0.965922
    outer loop
      vertex 0 -5.2952 26.6742
      vertex -3 -5.58143 26.5975
      vertex -3 -5.2952 26.6742
    endloop
  endfacet
  facet normal 0 0.573422 -0.81926
    outer loop
      vertex -3 -6.09274 26.3023
      vertex 0 -5.85 26.4722
      vertex 0 -6.09274 26.3023
    endloop
  endfacet
  facet normal 0 0.573422 -0.81926
    outer loop
      vertex 0 -5.85 26.4722
      vertex -3 -6.09274 26.3023
      vertex -3 -5.85 26.4722
    endloop
  endfacet
  facet normal 0 -0.707208 0.707006
    outer loop
      vertex -3 -3.90726 23.6977
      vertex 0 -3.69772 23.9073
      vertex -3 -3.69772 23.9073
    endloop
  endfacet
  facet normal 0 -0.707208 0.707006
    outer loop
      vertex 0 -3.69772 23.9073
      vertex -3 -3.90726 23.6977
      vertex 0 -3.90726 23.6977
    endloop
  endfacet
  facet normal 0 -0.906321 0.42259
    outer loop
      vertex -3 -3.52776 24.15
      vertex 0 -3.40252 24.4186
      vertex -3 -3.40252 24.4186
    endloop
  endfacet
  facet normal 0 -0.906321 0.42259
    outer loop
      vertex 0 -3.40252 24.4186
      vertex -3 -3.52776 24.15
      vertex 0 -3.52776 24.15
    endloop
  endfacet
  facet normal 0 -0.258834 -0.965922
    outer loop
      vertex -3 -4.7048 26.6742
      vertex 0 -4.41857 26.5975
      vertex 0 -4.7048 26.6742
    endloop
  endfacet
  facet normal -0 -0.258834 -0.965922
    outer loop
      vertex 0 -4.41857 26.5975
      vertex -3 -4.7048 26.6742
      vertex -3 -4.41857 26.5975
    endloop
  endfacet
  facet normal 0 -0.996194 -0.087167
    outer loop
      vertex -3 -3.3 25
      vertex 0 -3.32583 25.2952
      vertex -3 -3.32583 25.2952
    endloop
  endfacet
  facet normal 0 -0.996194 -0.087167
    outer loop
      vertex 0 -3.32583 25.2952
      vertex -3 -3.3 25
      vertex 0 -3.3 25
    endloop
  endfacet
  facet normal 0 -0.965923 -0.258828
    outer loop
      vertex -3 -3.32583 25.2952
      vertex 0 -3.40252 25.5814
      vertex -3 -3.40252 25.5814
    endloop
  endfacet
  facet normal 0 -0.965923 -0.258828
    outer loop
      vertex 0 -3.40252 25.5814
      vertex -3 -3.32583 25.2952
      vertex 0 -3.32583 25.2952
    endloop
  endfacet
  facet normal -0 0.0870665 0.996203
    outer loop
      vertex -3 -5 23.3
      vertex 0 -5.2952 23.3258
      vertex 0 -5 23.3
    endloop
  endfacet
  facet normal 0 0.0870665 0.996203
    outer loop
      vertex 0 -5.2952 23.3258
      vertex -3 -5 23.3
      vertex -3 -5.2952 23.3258
    endloop
  endfacet
  facet normal -0 0.258834 0.965922
    outer loop
      vertex -3 -5.2952 23.3258
      vertex 0 -5.58143 23.4025
      vertex 0 -5.2952 23.3258
    endloop
  endfacet
  facet normal 0 0.258834 0.965922
    outer loop
      vertex 0 -5.58143 23.4025
      vertex -3 -5.2952 23.3258
      vertex -3 -5.58143 23.4025
    endloop
  endfacet
  facet normal 0 0.819105 0.573644
    outer loop
      vertex 0 -6.30227 23.9073
      vertex -3 -6.47224 24.15
      vertex 0 -6.47224 24.15
    endloop
  endfacet
  facet normal 0 0.819105 0.573644
    outer loop
      vertex -3 -6.47224 24.15
      vertex 0 -6.30227 23.9073
      vertex -3 -6.30227 23.9073
    endloop
  endfacet
  facet normal -0 0.422795 0.906225
    outer loop
      vertex -3 -5.58143 23.4025
      vertex 0 -5.85 23.5278
      vertex 0 -5.58143 23.4025
    endloop
  endfacet
  facet normal 0 0.422795 0.906225
    outer loop
      vertex 0 -5.85 23.5278
      vertex -3 -5.58143 23.4025
      vertex -3 -5.85 23.5278
    endloop
  endfacet
  facet normal 0 0.996194 -0.087167
    outer loop
      vertex 0 -6.7 25
      vertex -3 -6.67417 25.2952
      vertex 0 -6.67417 25.2952
    endloop
  endfacet
  facet normal 0 0.996194 -0.087167
    outer loop
      vertex -3 -6.67417 25.2952
      vertex 0 -6.7 25
      vertex -3 -6.7 25
    endloop
  endfacet
  facet normal 0 0.965923 -0.258828
    outer loop
      vertex 0 -6.67417 25.2952
      vertex -3 -6.59748 25.5814
      vertex 0 -6.59748 25.5814
    endloop
  endfacet
  facet normal 0 0.965923 -0.258828
    outer loop
      vertex -3 -6.59748 25.5814
      vertex 0 -6.67417 25.2952
      vertex -3 -6.67417 25.2952
    endloop
  endfacet
  facet normal 0 -0.819121 0.573621
    outer loop
      vertex -3 -3.69772 85.1073
      vertex 0 -3.52776 85.35
      vertex -3 -3.52776 85.35
    endloop
  endfacet
  facet normal 0 -0.819121 0.573621
    outer loop
      vertex 0 -3.52776 85.35
      vertex -3 -3.69772 85.1073
      vertex 0 -3.69772 85.1073
    endloop
  endfacet
  facet normal -0 0.258834 0.965922
    outer loop
      vertex -3 -5.2952 84.5258
      vertex 0 -5.58143 84.6025
      vertex 0 -5.2952 84.5258
    endloop
  endfacet
  facet normal 0 0.258834 0.965922
    outer loop
      vertex 0 -5.58143 84.6025
      vertex -3 -5.2952 84.5258
      vertex -3 -5.58143 84.6025
    endloop
  endfacet
  facet normal 0 -0.965923 -0.258828
    outer loop
      vertex -3 -3.32583 86.4952
      vertex 0 -3.40252 86.7814
      vertex -3 -3.40252 86.7814
    endloop
  endfacet
  facet normal 0 -0.965923 -0.258828
    outer loop
      vertex 0 -3.40252 86.7814
      vertex -3 -3.32583 86.4952
      vertex 0 -3.32583 86.4952
    endloop
  endfacet
  facet normal 0 -0.422795 -0.906225
    outer loop
      vertex -3 -4.41857 87.7975
      vertex 0 -4.15 87.6722
      vertex 0 -4.41857 87.7975
    endloop
  endfacet
  facet normal -0 -0.422795 -0.906225
    outer loop
      vertex 0 -4.15 87.6722
      vertex -3 -4.41857 87.7975
      vertex -3 -4.15 87.6722
    endloop
  endfacet
  facet normal 0 0.258834 -0.965922
    outer loop
      vertex -3 -5.58143 87.7975
      vertex 0 -5.2952 87.8742
      vertex 0 -5.58143 87.7975
    endloop
  endfacet
  facet normal 0 0.258834 -0.965922
    outer loop
      vertex 0 -5.2952 87.8742
      vertex -3 -5.58143 87.7975
      vertex -3 -5.2952 87.8742
    endloop
  endfacet
  facet normal 0 0.906321 -0.42259
    outer loop
      vertex 0 -6.59748 86.7814
      vertex -3 -6.47224 87.05
      vertex 0 -6.47224 87.05
    endloop
  endfacet
  facet normal 0 0.906321 -0.42259
    outer loop
      vertex -3 -6.47224 87.05
      vertex 0 -6.59748 86.7814
      vertex -3 -6.59748 86.7814
    endloop
  endfacet
  facet normal 0 -0.422795 0.906225
    outer loop
      vertex -3 -4.15 84.7278
      vertex 0 -4.41857 84.6025
      vertex 0 -4.15 84.7278
    endloop
  endfacet
  facet normal 0 -0.422795 0.906225
    outer loop
      vertex 0 -4.41857 84.6025
      vertex -3 -4.15 84.7278
      vertex -3 -4.41857 84.6025
    endloop
  endfacet
  facet normal 0 -0.258834 0.965922
    outer loop
      vertex -3 -4.41857 84.6025
      vertex 0 -4.7048 84.5258
      vertex 0 -4.41857 84.6025
    endloop
  endfacet
  facet normal 0 -0.258834 0.965922
    outer loop
      vertex 0 -4.7048 84.5258
      vertex -3 -4.41857 84.6025
      vertex -3 -4.7048 84.5258
    endloop
  endfacet
  facet normal 0 -0.573422 0.81926
    outer loop
      vertex -3 -3.90726 84.8977
      vertex 0 -4.15 84.7278
      vertex 0 -3.90726 84.8977
    endloop
  endfacet
  facet normal 0 -0.573422 0.81926
    outer loop
      vertex 0 -4.15 84.7278
      vertex -3 -3.90726 84.8977
      vertex -3 -4.15 84.7278
    endloop
  endfacet
  facet normal 0 -0.965923 0.258828
    outer loop
      vertex -3 -3.40252 85.6186
      vertex 0 -3.32583 85.9048
      vertex -3 -3.32583 85.9048
    endloop
  endfacet
  facet normal 0 -0.965923 0.258828
    outer loop
      vertex 0 -3.32583 85.9048
      vertex -3 -3.40252 85.6186
      vertex 0 -3.40252 85.6186
    endloop
  endfacet
  facet normal 0 -0.996194 0.087167
    outer loop
      vertex -3 -3.32583 85.9048
      vertex 0 -3.3 86.2
      vertex -3 -3.3 86.2
    endloop
  endfacet
  facet normal 0 -0.996194 0.087167
    outer loop
      vertex 0 -3.3 86.2
      vertex -3 -3.32583 85.9048
      vertex 0 -3.32583 85.9048
    endloop
  endfacet
  facet normal 0 -0.0870665 -0.996203
    outer loop
      vertex -3 -5 87.9
      vertex 0 -4.7048 87.8742
      vertex 0 -5 87.9
    endloop
  endfacet
  facet normal -0 -0.0870665 -0.996203
    outer loop
      vertex 0 -4.7048 87.8742
      vertex -3 -5 87.9
      vertex -3 -4.7048 87.8742
    endloop
  endfacet
  facet normal 0 -0.573422 -0.81926
    outer loop
      vertex -3 -4.15 87.6722
      vertex 0 -3.90726 87.5023
      vertex 0 -4.15 87.6722
    endloop
  endfacet
  facet normal -0 -0.573422 -0.81926
    outer loop
      vertex 0 -3.90726 87.5023
      vertex -3 -4.15 87.6722
      vertex -3 -3.90726 87.5023
    endloop
  endfacet
  facet normal 0 -0.996194 -0.087167
    outer loop
      vertex -3 -3.3 86.2
      vertex 0 -3.32583 86.4952
      vertex -3 -3.32583 86.4952
    endloop
  endfacet
  facet normal 0 -0.996194 -0.087167
    outer loop
      vertex 0 -3.32583 86.4952
      vertex -3 -3.3 86.2
      vertex 0 -3.3 86.2
    endloop
  endfacet
  facet normal 0 -0.707208 -0.707006
    outer loop
      vertex -3 -3.90726 87.5023
      vertex 0 -3.69772 87.2927
      vertex 0 -3.90726 87.5023
    endloop
  endfacet
  facet normal -0 -0.707208 -0.707006
    outer loop
      vertex 0 -3.69772 87.2927
      vertex -3 -3.90726 87.5023
      vertex -3 -3.69772 87.2927
    endloop
  endfacet
  facet normal -0 0.0870665 0.996203
    outer loop
      vertex -3 -5 84.5
      vertex 0 -5.2952 84.5258
      vertex 0 -5 84.5
    endloop
  endfacet
  facet normal 0 0.0870665 0.996203
    outer loop
      vertex 0 -5.2952 84.5258
      vertex -3 -5 84.5
      vertex -3 -5.2952 84.5258
    endloop
  endfacet
  facet normal 0 0.996194 0.087167
    outer loop
      vertex 0 -6.67417 85.9048
      vertex -3 -6.7 86.2
      vertex 0 -6.7 86.2
    endloop
  endfacet
  facet normal 0 0.996194 0.087167
    outer loop
      vertex -3 -6.7 86.2
      vertex 0 -6.67417 85.9048
      vertex -3 -6.67417 85.9048
    endloop
  endfacet
  facet normal 0 0.965923 0.258828
    outer loop
      vertex 0 -6.59748 85.6186
      vertex -3 -6.67417 85.9048
      vertex 0 -6.67417 85.9048
    endloop
  endfacet
  facet normal 0 0.965923 0.258828
    outer loop
      vertex -3 -6.67417 85.9048
      vertex 0 -6.59748 85.6186
      vertex -3 -6.59748 85.6186
    endloop
  endfacet
  facet normal 0 0.906321 0.42259
    outer loop
      vertex 0 -6.47224 85.35
      vertex -3 -6.59748 85.6186
      vertex 0 -6.59748 85.6186
    endloop
  endfacet
  facet normal 0 0.906321 0.42259
    outer loop
      vertex -3 -6.59748 85.6186
      vertex 0 -6.47224 85.35
      vertex -3 -6.47224 85.35
    endloop
  endfacet
  facet normal -0 0.573422 0.81926
    outer loop
      vertex -3 -5.85 84.7278
      vertex 0 -6.09274 84.8977
      vertex 0 -5.85 84.7278
    endloop
  endfacet
  facet normal 0 0.573422 0.81926
    outer loop
      vertex 0 -6.09274 84.8977
      vertex -3 -5.85 84.7278
      vertex -3 -6.09274 84.8977
    endloop
  endfacet
  facet normal 0 0.996194 -0.087167
    outer loop
      vertex 0 -6.7 86.2
      vertex -3 -6.67417 86.4952
      vertex 0 -6.67417 86.4952
    endloop
  endfacet
  facet normal 0 0.996194 -0.087167
    outer loop
      vertex -3 -6.67417 86.4952
      vertex 0 -6.7 86.2
      vertex -3 -6.7 86.2
    endloop
  endfacet
  facet normal 0 0.707225 -0.706989
    outer loop
      vertex -3 -6.30227 87.2927
      vertex 0 -6.09274 87.5023
      vertex 0 -6.30227 87.2927
    endloop
  endfacet
  facet normal 0 0.707225 -0.706989
    outer loop
      vertex 0 -6.09274 87.5023
      vertex -3 -6.30227 87.2927
      vertex -3 -6.09274 87.5023
    endloop
  endfacet
  facet normal 0 0.422795 -0.906225
    outer loop
      vertex -3 -5.85 87.6722
      vertex 0 -5.58143 87.7975
      vertex 0 -5.85 87.6722
    endloop
  endfacet
  facet normal 0 0.422795 -0.906225
    outer loop
      vertex 0 -5.58143 87.7975
      vertex -3 -5.85 87.6722
      vertex -3 -5.58143 87.7975
    endloop
  endfacet
  facet normal 0 0.0870665 -0.996203
    outer loop
      vertex -3 -5.2952 87.8742
      vertex 0 -5 87.9
      vertex 0 -5.2952 87.8742
    endloop
  endfacet
  facet normal 0 0.0870665 -0.996203
    outer loop
      vertex 0 -5 87.9
      vertex -3 -5.2952 87.8742
      vertex -3 -5 87.9
    endloop
  endfacet
  facet normal 0 0.573422 -0.81926
    outer loop
      vertex -3 -6.09274 87.5023
      vertex 0 -5.85 87.6722
      vertex 0 -6.09274 87.5023
    endloop
  endfacet
  facet normal 0 0.573422 -0.81926
    outer loop
      vertex 0 -5.85 87.6722
      vertex -3 -6.09274 87.5023
      vertex -3 -5.85 87.6722
    endloop
  endfacet
  facet normal 0 -0.707208 0.707006
    outer loop
      vertex -3 -3.90726 84.8977
      vertex 0 -3.69772 85.1073
      vertex -3 -3.69772 85.1073
    endloop
  endfacet
  facet normal 0 -0.707208 0.707006
    outer loop
      vertex 0 -3.69772 85.1073
      vertex -3 -3.90726 84.8977
      vertex 0 -3.90726 84.8977
    endloop
  endfacet
  facet normal 0 -0.906321 0.42259
    outer loop
      vertex -3 -3.52776 85.35
      vertex 0 -3.40252 85.6186
      vertex -3 -3.40252 85.6186
    endloop
  endfacet
  facet normal 0 -0.906321 0.42259
    outer loop
      vertex 0 -3.40252 85.6186
      vertex -3 -3.52776 85.35
      vertex 0 -3.52776 85.35
    endloop
  endfacet
  facet normal 0 -0.258834 -0.965922
    outer loop
      vertex -3 -4.7048 87.8742
      vertex 0 -4.41857 87.7975
      vertex 0 -4.7048 87.8742
    endloop
  endfacet
  facet normal -0 -0.258834 -0.965922
    outer loop
      vertex 0 -4.41857 87.7975
      vertex -3 -4.7048 87.8742
      vertex -3 -4.41857 87.7975
    endloop
  endfacet
  facet normal 0 -0.819121 -0.573621
    outer loop
      vertex -3 -3.52776 87.05
      vertex 0 -3.69772 87.2927
      vertex -3 -3.69772 87.2927
    endloop
  endfacet
  facet normal 0 -0.819121 -0.573621
    outer loop
      vertex 0 -3.69772 87.2927
      vertex -3 -3.52776 87.05
      vertex 0 -3.52776 87.05
    endloop
  endfacet
  facet normal 0 -0.906321 -0.42259
    outer loop
      vertex -3 -3.40252 86.7814
      vertex 0 -3.52776 87.05
      vertex -3 -3.52776 87.05
    endloop
  endfacet
  facet normal 0 -0.906321 -0.42259
    outer loop
      vertex 0 -3.52776 87.05
      vertex -3 -3.40252 86.7814
      vertex 0 -3.40252 86.7814
    endloop
  endfacet
  facet normal 0 -0.0870665 0.996203
    outer loop
      vertex -3 -4.7048 84.5258
      vertex 0 -5 84.5
      vertex 0 -4.7048 84.5258
    endloop
  endfacet
  facet normal 0 -0.0870665 0.996203
    outer loop
      vertex 0 -5 84.5
      vertex -3 -4.7048 84.5258
      vertex -3 -5 84.5
    endloop
  endfacet
  facet normal 0 0.707225 0.706989
    outer loop
      vertex 0 -6.09274 84.8977
      vertex -3 -6.30227 85.1073
      vertex 0 -6.30227 85.1073
    endloop
  endfacet
  facet normal 0 0.707225 0.706989
    outer loop
      vertex -3 -6.30227 85.1073
      vertex 0 -6.09274 84.8977
      vertex -3 -6.09274 84.8977
    endloop
  endfacet
  facet normal 0 0.819105 0.573644
    outer loop
      vertex 0 -6.30227 85.1073
      vertex -3 -6.47224 85.35
      vertex 0 -6.47224 85.35
    endloop
  endfacet
  facet normal 0 0.819105 0.573644
    outer loop
      vertex -3 -6.47224 85.35
      vertex 0 -6.30227 85.1073
      vertex -3 -6.30227 85.1073
    endloop
  endfacet
  facet normal -0 0.422795 0.906225
    outer loop
      vertex -3 -5.58143 84.6025
      vertex 0 -5.85 84.7278
      vertex 0 -5.58143 84.6025
    endloop
  endfacet
  facet normal 0 0.422795 0.906225
    outer loop
      vertex 0 -5.85 84.7278
      vertex -3 -5.58143 84.6025
      vertex -3 -5.85 84.7278
    endloop
  endfacet
  facet normal 0 0.965923 -0.258828
    outer loop
      vertex 0 -6.67417 86.4952
      vertex -3 -6.59748 86.7814
      vertex 0 -6.59748 86.7814
    endloop
  endfacet
  facet normal 0 0.965923 -0.258828
    outer loop
      vertex -3 -6.59748 86.7814
      vertex 0 -6.67417 86.4952
      vertex -3 -6.67417 86.4952
    endloop
  endfacet
  facet normal 0 0.819105 -0.573644
    outer loop
      vertex 0 -6.47224 87.05
      vertex -3 -6.30227 87.2927
      vertex 0 -6.30227 87.2927
    endloop
  endfacet
  facet normal 0 0.819105 -0.573644
    outer loop
      vertex -3 -6.30227 87.2927
      vertex 0 -6.47224 87.05
      vertex -3 -6.47224 87.05
    endloop
  endfacet
  facet normal 0 -0.819454 0.573145
    outer loop
      vertex -3 -3.69772 156.307
      vertex 0 -3.52776 156.55
      vertex -3 -3.52776 156.55
    endloop
  endfacet
  facet normal 0 -0.819454 0.573145
    outer loop
      vertex 0 -3.52776 156.55
      vertex -3 -3.69772 156.307
      vertex 0 -3.69772 156.307
    endloop
  endfacet
  facet normal -0 0.259779 0.965668
    outer loop
      vertex -3 -5.2952 155.726
      vertex 0 -5.58143 155.803
      vertex 0 -5.2952 155.726
    endloop
  endfacet
  facet normal 0 0.259779 0.965668
    outer loop
      vertex 0 -5.58143 155.803
      vertex -3 -5.2952 155.726
      vertex -3 -5.58143 155.803
    endloop
  endfacet
  facet normal 0 0.965878 -0.258997
    outer loop
      vertex 0 -6.67417 157.695
      vertex -3 -6.59748 157.981
      vertex 0 -6.59748 157.981
    endloop
  endfacet
  facet normal 0 0.965878 -0.258997
    outer loop
      vertex -3 -6.59748 157.981
      vertex 0 -6.67417 157.695
      vertex -3 -6.67417 157.695
    endloop
  endfacet
  facet normal 0 -0.965878 -0.258997
    outer loop
      vertex -3 -3.32583 157.695
      vertex 0 -3.40252 157.981
      vertex -3 -3.40252 157.981
    endloop
  endfacet
  facet normal 0 -0.965878 -0.258997
    outer loop
      vertex 0 -3.40252 157.981
      vertex -3 -3.32583 157.695
      vertex 0 -3.32583 157.695
    endloop
  endfacet
  facet normal 0 -0.421963 -0.906613
    outer loop
      vertex -3 -4.41857 158.997
      vertex 0 -4.15 158.872
      vertex 0 -4.41857 158.997
    endloop
  endfacet
  facet normal -0 -0.421963 -0.906613
    outer loop
      vertex 0 -4.15 158.872
      vertex -3 -4.41857 158.997
      vertex -3 -4.15 158.872
    endloop
  endfacet
  facet normal 0 0.421963 -0.906613
    outer loop
      vertex -3 -5.85 158.872
      vertex 0 -5.58143 158.997
      vertex 0 -5.85 158.872
    endloop
  endfacet
  facet normal 0 0.421963 -0.906613
    outer loop
      vertex 0 -5.58143 158.997
      vertex -3 -5.85 158.872
      vertex -3 -5.58143 158.997
    endloop
  endfacet
  facet normal 0 -0.421963 0.906613
    outer loop
      vertex -3 -4.15 155.928
      vertex 0 -4.41857 155.803
      vertex 0 -4.15 155.928
    endloop
  endfacet
  facet normal 0 -0.421963 0.906613
    outer loop
      vertex 0 -4.41857 155.803
      vertex -3 -4.15 155.928
      vertex -3 -4.41857 155.803
    endloop
  endfacet
  facet normal 0 -0.259779 0.965668
    outer loop
      vertex -3 -4.41857 155.803
      vertex 0 -4.7048 155.726
      vertex 0 -4.41857 155.803
    endloop
  endfacet
  facet normal 0 -0.259779 0.965668
    outer loop
      vertex 0 -4.7048 155.726
      vertex -3 -4.41857 155.803
      vertex -3 -4.7048 155.726
    endloop
  endfacet
  facet normal 0 -0.573648 0.819102
    outer loop
      vertex -3 -3.90726 156.098
      vertex 0 -4.15 155.928
      vertex 0 -3.90726 156.098
    endloop
  endfacet
  facet normal 0 -0.573648 0.819102
    outer loop
      vertex 0 -4.15 155.928
      vertex -3 -3.90726 156.098
      vertex -3 -4.15 155.928
    endloop
  endfacet
  facet normal 0 -0.965878 0.258997
    outer loop
      vertex -3 -3.40252 156.819
      vertex 0 -3.32583 157.105
      vertex -3 -3.32583 157.105
    endloop
  endfacet
  facet normal 0 -0.965878 0.258997
    outer loop
      vertex 0 -3.32583 157.105
      vertex -3 -3.40252 156.819
      vertex 0 -3.40252 156.819
    endloop
  endfacet
  facet normal 0 -0.996189 0.0872256
    outer loop
      vertex -3 -3.32583 157.105
      vertex 0 -3.3 157.4
      vertex -3 -3.3 157.4
    endloop
  endfacet
  facet normal 0 -0.996189 0.0872256
    outer loop
      vertex 0 -3.3 157.4
      vertex -3 -3.32583 157.105
      vertex 0 -3.32583 157.105
    endloop
  endfacet
  facet normal 0 -0.0877362 -0.996144
    outer loop
      vertex -3 -5 159.1
      vertex 0 -4.7048 159.074
      vertex 0 -5 159.1
    endloop
  endfacet
  facet normal -0 -0.0877362 -0.996144
    outer loop
      vertex 0 -4.7048 159.074
      vertex -3 -5 159.1
      vertex -3 -4.7048 159.074
    endloop
  endfacet
  facet normal 0 -0.573648 -0.819102
    outer loop
      vertex -3 -4.15 158.872
      vertex 0 -3.90726 158.702
      vertex 0 -4.15 158.872
    endloop
  endfacet
  facet normal -0 -0.573648 -0.819102
    outer loop
      vertex 0 -3.90726 158.702
      vertex -3 -4.15 158.872
      vertex -3 -3.90726 158.702
    endloop
  endfacet
  facet normal 0 -0.906562 -0.422074
    outer loop
      vertex -3 -3.40252 157.981
      vertex 0 -3.52776 158.25
      vertex -3 -3.52776 158.25
    endloop
  endfacet
  facet normal 0 -0.906562 -0.422074
    outer loop
      vertex 0 -3.52776 158.25
      vertex -3 -3.40252 157.981
      vertex 0 -3.40252 157.981
    endloop
  endfacet
  facet normal 0 -0.996189 -0.0872256
    outer loop
      vertex -3 -3.3 157.4
      vertex 0 -3.32583 157.695
      vertex -3 -3.32583 157.695
    endloop
  endfacet
  facet normal 0 -0.996189 -0.0872256
    outer loop
      vertex 0 -3.32583 157.695
      vertex -3 -3.3 157.4
      vertex 0 -3.3 157.4
    endloop
  endfacet
  facet normal 0 -0.819454 -0.573145
    outer loop
      vertex -3 -3.52776 158.25
      vertex 0 -3.69772 158.493
      vertex -3 -3.69772 158.493
    endloop
  endfacet
  facet normal 0 -0.819454 -0.573145
    outer loop
      vertex 0 -3.69772 158.493
      vertex -3 -3.52776 158.25
      vertex 0 -3.52776 158.25
    endloop
  endfacet
  facet normal -0 0.0877362 0.996144
    outer loop
      vertex -3 -5 155.7
      vertex 0 -5.2952 155.726
      vertex 0 -5 155.7
    endloop
  endfacet
  facet normal 0 0.0877362 0.996144
    outer loop
      vertex 0 -5.2952 155.726
      vertex -3 -5 155.7
      vertex -3 -5.2952 155.726
    endloop
  endfacet
  facet normal 0 0.996189 0.0872256
    outer loop
      vertex 0 -6.67417 157.105
      vertex -3 -6.7 157.4
      vertex 0 -6.7 157.4
    endloop
  endfacet
  facet normal 0 0.996189 0.0872256
    outer loop
      vertex -3 -6.7 157.4
      vertex 0 -6.67417 157.105
      vertex -3 -6.67417 157.105
    endloop
  endfacet
  facet normal 0 0.965878 0.258997
    outer loop
      vertex 0 -6.59748 156.819
      vertex -3 -6.67417 157.105
      vertex 0 -6.67417 157.105
    endloop
  endfacet
  facet normal 0 0.965878 0.258997
    outer loop
      vertex -3 -6.67417 157.105
      vertex 0 -6.59748 156.819
      vertex -3 -6.59748 156.819
    endloop
  endfacet
  facet normal 0 0.706211 0.708002
    outer loop
      vertex 0 -6.09274 156.098
      vertex -3 -6.30227 156.307
      vertex 0 -6.30227 156.307
    endloop
  endfacet
  facet normal 0 0.706211 0.708002
    outer loop
      vertex -3 -6.30227 156.307
      vertex 0 -6.09274 156.098
      vertex -3 -6.09274 156.098
    endloop
  endfacet
  facet normal 0 0.906562 0.422074
    outer loop
      vertex 0 -6.47224 156.55
      vertex -3 -6.59748 156.819
      vertex 0 -6.59748 156.819
    endloop
  endfacet
  facet normal 0 0.906562 0.422074
    outer loop
      vertex -3 -6.59748 156.819
      vertex 0 -6.47224 156.55
      vertex -3 -6.47224 156.55
    endloop
  endfacet
  facet normal -0 0.573648 0.819102
    outer loop
      vertex -3 -5.85 155.928
      vertex 0 -6.09274 156.098
      vertex 0 -5.85 155.928
    endloop
  endfacet
  facet normal 0 0.573648 0.819102
    outer loop
      vertex 0 -6.09274 156.098
      vertex -3 -5.85 155.928
      vertex -3 -6.09274 156.098
    endloop
  endfacet
  facet normal 0 0.996189 -0.0872256
    outer loop
      vertex 0 -6.7 157.4
      vertex -3 -6.67417 157.695
      vertex 0 -6.67417 157.695
    endloop
  endfacet
  facet normal 0 0.996189 -0.0872256
    outer loop
      vertex -3 -6.67417 157.695
      vertex 0 -6.7 157.4
      vertex -3 -6.7 157.4
    endloop
  endfacet
  facet normal 0 0.819438 -0.573168
    outer loop
      vertex 0 -6.47224 158.25
      vertex -3 -6.30227 158.493
      vertex 0 -6.30227 158.493
    endloop
  endfacet
  facet normal 0 0.819438 -0.573168
    outer loop
      vertex -3 -6.30227 158.493
      vertex 0 -6.47224 158.25
      vertex -3 -6.47224 158.25
    endloop
  endfacet
  facet normal 0 0.906562 -0.422074
    outer loop
      vertex 0 -6.59748 157.981
      vertex -3 -6.47224 158.25
      vertex 0 -6.47224 158.25
    endloop
  endfacet
  facet normal 0 0.906562 -0.422074
    outer loop
      vertex -3 -6.47224 158.25
      vertex 0 -6.59748 157.981
      vertex -3 -6.59748 157.981
    endloop
  endfacet
  facet normal 0 0.0877362 -0.996144
    outer loop
      vertex -3 -5.2952 159.074
      vertex 0 -5 159.1
      vertex 0 -5.2952 159.074
    endloop
  endfacet
  facet normal 0 0.0877362 -0.996144
    outer loop
      vertex 0 -5 159.1
      vertex -3 -5.2952 159.074
      vertex -3 -5 159.1
    endloop
  endfacet
  facet normal 0 0.259779 -0.965668
    outer loop
      vertex -3 -5.58143 158.997
      vertex 0 -5.2952 159.074
      vertex 0 -5.58143 158.997
    endloop
  endfacet
  facet normal 0 0.259779 -0.965668
    outer loop
      vertex 0 -5.2952 159.074
      vertex -3 -5.58143 158.997
      vertex -3 -5.2952 159.074
    endloop
  endfacet
  facet normal 0 0.573648 -0.819102
    outer loop
      vertex -3 -6.09274 158.702
      vertex 0 -5.85 158.872
      vertex 0 -6.09274 158.702
    endloop
  endfacet
  facet normal 0 0.573648 -0.819102
    outer loop
      vertex 0 -5.85 158.872
      vertex -3 -6.09274 158.702
      vertex -3 -5.85 158.872
    endloop
  endfacet
  facet normal 0 -0.706194 0.708019
    outer loop
      vertex -3 -3.90726 156.098
      vertex 0 -3.69772 156.307
      vertex -3 -3.69772 156.307
    endloop
  endfacet
  facet normal 0 -0.706194 0.708019
    outer loop
      vertex 0 -3.69772 156.307
      vertex -3 -3.90726 156.098
      vertex 0 -3.90726 156.098
    endloop
  endfacet
  facet normal 0 -0.906562 0.422074
    outer loop
      vertex -3 -3.52776 156.55
      vertex 0 -3.40252 156.819
      vertex -3 -3.40252 156.819
    endloop
  endfacet
  facet normal 0 -0.906562 0.422074
    outer loop
      vertex 0 -3.40252 156.819
      vertex -3 -3.52776 156.55
      vertex 0 -3.52776 156.55
    endloop
  endfacet
  facet normal 0 -0.259779 -0.965668
    outer loop
      vertex -3 -4.7048 159.074
      vertex 0 -4.41857 158.997
      vertex 0 -4.7048 159.074
    endloop
  endfacet
  facet normal -0 -0.259779 -0.965668
    outer loop
      vertex 0 -4.41857 158.997
      vertex -3 -4.7048 159.074
      vertex -3 -4.41857 158.997
    endloop
  endfacet
  facet normal 0 -0.706194 -0.708019
    outer loop
      vertex -3 -3.90726 158.702
      vertex 0 -3.69772 158.493
      vertex 0 -3.90726 158.702
    endloop
  endfacet
  facet normal -0 -0.706194 -0.708019
    outer loop
      vertex 0 -3.69772 158.493
      vertex -3 -3.90726 158.702
      vertex -3 -3.69772 158.493
    endloop
  endfacet
  facet normal 0 -0.0877362 0.996144
    outer loop
      vertex -3 -4.7048 155.726
      vertex 0 -5 155.7
      vertex 0 -4.7048 155.726
    endloop
  endfacet
  facet normal 0 -0.0877362 0.996144
    outer loop
      vertex 0 -5 155.7
      vertex -3 -4.7048 155.726
      vertex -3 -5 155.7
    endloop
  endfacet
  facet normal 0 0.819438 0.573168
    outer loop
      vertex 0 -6.30227 156.307
      vertex -3 -6.47224 156.55
      vertex 0 -6.47224 156.55
    endloop
  endfacet
  facet normal 0 0.819438 0.573168
    outer loop
      vertex -3 -6.47224 156.55
      vertex 0 -6.30227 156.307
      vertex -3 -6.30227 156.307
    endloop
  endfacet
  facet normal -0 0.421963 0.906613
    outer loop
      vertex -3 -5.58143 155.803
      vertex 0 -5.85 155.928
      vertex 0 -5.58143 155.803
    endloop
  endfacet
  facet normal 0 0.421963 0.906613
    outer loop
      vertex 0 -5.85 155.928
      vertex -3 -5.58143 155.803
      vertex -3 -5.85 155.928
    endloop
  endfacet
  facet normal 0 0.706211 -0.708002
    outer loop
      vertex -3 -6.30227 158.493
      vertex 0 -6.09274 158.702
      vertex 0 -6.30227 158.493
    endloop
  endfacet
  facet normal 0 0.706211 -0.708002
    outer loop
      vertex 0 -6.09274 158.702
      vertex -3 -6.30227 158.493
      vertex -3 -6.09274 158.702
    endloop
  endfacet
  facet normal 0 -0.0871251 0.996197
    outer loop
      vertex -3 160.095 23.3258
      vertex 0 159.8 23.3
      vertex 0 160.095 23.3258
    endloop
  endfacet
  facet normal 0 -0.0871251 0.996197
    outer loop
      vertex 0 159.8 23.3
      vertex -3 160.095 23.3258
      vertex -3 159.8 23.3
    endloop
  endfacet
  facet normal 0 -0.0871251 -0.996197
    outer loop
      vertex -3 159.8 26.7
      vertex 0 160.095 26.6742
      vertex 0 159.8 26.7
    endloop
  endfacet
  facet normal -0 -0.0871251 -0.996197
    outer loop
      vertex 0 160.095 26.6742
      vertex -3 159.8 26.7
      vertex -3 160.095 26.6742
    endloop
  endfacet
  facet normal 0 -0.70812 -0.706093
    outer loop
      vertex -3 160.893 26.3023
      vertex 0 161.102 26.0927
      vertex 0 160.893 26.3023
    endloop
  endfacet
  facet normal -0 -0.70812 -0.706093
    outer loop
      vertex 0 161.102 26.0927
      vertex -3 160.893 26.3023
      vertex -3 161.102 26.0927
    endloop
  endfacet
  facet normal 0 -0.906631 -0.421924
    outer loop
      vertex -3 161.397 25.5814
      vertex 0 161.272 25.85
      vertex -3 161.272 25.85
    endloop
  endfacet
  facet normal 0 -0.906631 -0.421924
    outer loop
      vertex 0 161.272 25.85
      vertex -3 161.397 25.5814
      vertex 0 161.397 25.5814
    endloop
  endfacet
  facet normal 0 -0.259029 0.96587
    outer loop
      vertex -3 160.381 23.4025
      vertex 0 160.095 23.3258
      vertex 0 160.381 23.4025
    endloop
  endfacet
  facet normal 0 -0.259029 0.96587
    outer loop
      vertex 0 160.095 23.3258
      vertex -3 160.381 23.4025
      vertex -3 160.095 23.3258
    endloop
  endfacet
  facet normal 0 -0.57301 0.819549
    outer loop
      vertex -3 160.893 23.6977
      vertex 0 160.65 23.5278
      vertex 0 160.893 23.6977
    endloop
  endfacet
  facet normal 0 -0.57301 0.819549
    outer loop
      vertex 0 160.65 23.5278
      vertex -3 160.893 23.6977
      vertex -3 160.65 23.5278
    endloop
  endfacet
  facet normal 0 -0.965661 0.259804
    outer loop
      vertex -3 161.397 24.4186
      vertex 0 161.474 24.7048
      vertex -3 161.474 24.7048
    endloop
  endfacet
  facet normal 0 -0.965661 0.259804
    outer loop
      vertex 0 161.474 24.7048
      vertex -3 161.397 24.4186
      vertex 0 161.397 24.4186
    endloop
  endfacet
  facet normal 0 -0.819057 0.573711
    outer loop
      vertex -3 161.102 23.9073
      vertex 0 161.272 24.15
      vertex -3 161.272 24.15
    endloop
  endfacet
  facet normal 0 -0.819057 0.573711
    outer loop
      vertex 0 161.272 24.15
      vertex -3 161.102 23.9073
      vertex 0 161.102 23.9073
    endloop
  endfacet
  facet normal 0 -0.42224 -0.906484
    outer loop
      vertex -3 160.381 26.5975
      vertex 0 160.65 26.4722
      vertex 0 160.381 26.5975
    endloop
  endfacet
  facet normal -0 -0.42224 -0.906484
    outer loop
      vertex 0 160.65 26.4722
      vertex -3 160.381 26.5975
      vertex -3 160.65 26.4722
    endloop
  endfacet
  facet normal 0 -0.57301 -0.819549
    outer loop
      vertex -3 160.65 26.4722
      vertex 0 160.893 26.3023
      vertex 0 160.65 26.4722
    endloop
  endfacet
  facet normal -0 -0.57301 -0.819549
    outer loop
      vertex 0 160.893 26.3023
      vertex -3 160.65 26.4722
      vertex -3 160.893 26.3023
    endloop
  endfacet
  facet normal 0 -0.259029 -0.96587
    outer loop
      vertex -3 160.095 26.6742
      vertex 0 160.381 26.5975
      vertex 0 160.095 26.6742
    endloop
  endfacet
  facet normal -0 -0.259029 -0.96587
    outer loop
      vertex 0 160.381 26.5975
      vertex -3 160.095 26.6742
      vertex -3 160.381 26.5975
    endloop
  endfacet
  facet normal 0 -0.819057 -0.573711
    outer loop
      vertex -3 161.272 25.85
      vertex 0 161.102 26.0927
      vertex -3 161.102 26.0927
    endloop
  endfacet
  facet normal 0 -0.819057 -0.573711
    outer loop
      vertex 0 161.102 26.0927
      vertex -3 161.272 25.85
      vertex 0 161.272 25.85
    endloop
  endfacet
  facet normal 0 -0.996144 -0.0877362
    outer loop
      vertex -3 161.5 25
      vertex 0 161.474 25.2952
      vertex -3 161.474 25.2952
    endloop
  endfacet
  facet normal 0 -0.996144 -0.0877362
    outer loop
      vertex 0 161.474 25.2952
      vertex -3 161.5 25
      vertex 0 161.5 25
    endloop
  endfacet
  facet normal -0 0.57301 0.819549
    outer loop
      vertex -3 158.95 23.5278
      vertex 0 158.707 23.6977
      vertex 0 158.95 23.5278
    endloop
  endfacet
  facet normal 0 0.57301 0.819549
    outer loop
      vertex 0 158.707 23.6977
      vertex -3 158.95 23.5278
      vertex -3 158.707 23.6977
    endloop
  endfacet
  facet normal -0 0.0871251 0.996197
    outer loop
      vertex -3 159.8 23.3
      vertex 0 159.505 23.3258
      vertex 0 159.8 23.3
    endloop
  endfacet
  facet normal 0 0.0871251 0.996197
    outer loop
      vertex 0 159.505 23.3258
      vertex -3 159.8 23.3
      vertex -3 159.505 23.3258
    endloop
  endfacet
  facet normal 0 -0.42224 0.906484
    outer loop
      vertex -3 160.65 23.5278
      vertex 0 160.381 23.4025
      vertex 0 160.65 23.5278
    endloop
  endfacet
  facet normal 0 -0.42224 0.906484
    outer loop
      vertex 0 160.381 23.4025
      vertex -3 160.65 23.5278
      vertex -3 160.381 23.4025
    endloop
  endfacet
  facet normal 0 -0.70812 0.706093
    outer loop
      vertex -3 161.102 23.9073
      vertex 0 160.893 23.6977
      vertex 0 161.102 23.9073
    endloop
  endfacet
  facet normal 0 -0.70812 0.706093
    outer loop
      vertex 0 160.893 23.6977
      vertex -3 161.102 23.9073
      vertex -3 160.893 23.6977
    endloop
  endfacet
  facet normal 0 -0.996144 0.0877362
    outer loop
      vertex -3 161.474 24.7048
      vertex 0 161.5 25
      vertex -3 161.5 25
    endloop
  endfacet
  facet normal 0 -0.996144 0.0877362
    outer loop
      vertex 0 161.5 25
      vertex -3 161.474 24.7048
      vertex 0 161.474 24.7048
    endloop
  endfacet
  facet normal 0 -0.906631 0.421924
    outer loop
      vertex -3 161.272 24.15
      vertex 0 161.397 24.4186
      vertex -3 161.397 24.4186
    endloop
  endfacet
  facet normal 0 -0.906631 0.421924
    outer loop
      vertex 0 161.397 24.4186
      vertex -3 161.272 24.15
      vertex 0 161.272 24.15
    endloop
  endfacet
  facet normal 0 -0.965661 -0.259804
    outer loop
      vertex -3 161.474 25.2952
      vertex 0 161.397 25.5814
      vertex -3 161.397 25.5814
    endloop
  endfacet
  facet normal 0 -0.965661 -0.259804
    outer loop
      vertex 0 161.397 25.5814
      vertex -3 161.474 25.2952
      vertex 0 161.474 25.2952
    endloop
  endfacet
  facet normal 0 0.259029 -0.96587
    outer loop
      vertex -3 159.219 26.5975
      vertex 0 159.505 26.6742
      vertex 0 159.219 26.5975
    endloop
  endfacet
  facet normal 0 0.259029 -0.96587
    outer loop
      vertex 0 159.505 26.6742
      vertex -3 159.219 26.5975
      vertex -3 159.505 26.6742
    endloop
  endfacet
  facet normal 0 0.965661 0.259804
    outer loop
      vertex 0 158.203 24.4186
      vertex -3 158.126 24.7048
      vertex 0 158.126 24.7048
    endloop
  endfacet
  facet normal 0 0.965661 0.259804
    outer loop
      vertex -3 158.126 24.7048
      vertex 0 158.203 24.4186
      vertex -3 158.203 24.4186
    endloop
  endfacet
  facet normal 0 0.819057 0.573711
    outer loop
      vertex 0 158.498 23.9073
      vertex -3 158.328 24.15
      vertex 0 158.328 24.15
    endloop
  endfacet
  facet normal 0 0.819057 0.573711
    outer loop
      vertex -3 158.328 24.15
      vertex 0 158.498 23.9073
      vertex -3 158.498 23.9073
    endloop
  endfacet
  facet normal 0 0.70812 0.706093
    outer loop
      vertex 0 158.707 23.6977
      vertex -3 158.498 23.9073
      vertex 0 158.498 23.9073
    endloop
  endfacet
  facet normal 0 0.70812 0.706093
    outer loop
      vertex -3 158.498 23.9073
      vertex 0 158.707 23.6977
      vertex -3 158.707 23.6977
    endloop
  endfacet
  facet normal -0 0.42224 0.906484
    outer loop
      vertex -3 159.219 23.4025
      vertex 0 158.95 23.5278
      vertex 0 159.219 23.4025
    endloop
  endfacet
  facet normal 0 0.42224 0.906484
    outer loop
      vertex 0 158.95 23.5278
      vertex -3 159.219 23.4025
      vertex -3 158.95 23.5278
    endloop
  endfacet
  facet normal -0 0.259029 0.96587
    outer loop
      vertex -3 159.505 23.3258
      vertex 0 159.219 23.4025
      vertex 0 159.505 23.3258
    endloop
  endfacet
  facet normal 0 0.259029 0.96587
    outer loop
      vertex 0 159.219 23.4025
      vertex -3 159.505 23.3258
      vertex -3 159.219 23.4025
    endloop
  endfacet
  facet normal 0 0.996144 0.0877362
    outer loop
      vertex 0 158.126 24.7048
      vertex -3 158.1 25
      vertex 0 158.1 25
    endloop
  endfacet
  facet normal 0 0.996144 0.0877362
    outer loop
      vertex -3 158.1 25
      vertex 0 158.126 24.7048
      vertex -3 158.126 24.7048
    endloop
  endfacet
  facet normal 0 0.996144 -0.0877362
    outer loop
      vertex 0 158.1 25
      vertex -3 158.126 25.2952
      vertex 0 158.126 25.2952
    endloop
  endfacet
  facet normal 0 0.996144 -0.0877362
    outer loop
      vertex -3 158.126 25.2952
      vertex 0 158.1 25
      vertex -3 158.1 25
    endloop
  endfacet
  facet normal 0 0.70812 -0.706093
    outer loop
      vertex 0 158.498 26.0927
      vertex -3 158.707 26.3023
      vertex 0 158.707 26.3023
    endloop
  endfacet
  facet normal 0 0.70812 -0.706093
    outer loop
      vertex -3 158.707 26.3023
      vertex 0 158.498 26.0927
      vertex -3 158.498 26.0927
    endloop
  endfacet
  facet normal 0 0.0871251 -0.996197
    outer loop
      vertex -3 159.505 26.6742
      vertex 0 159.8 26.7
      vertex 0 159.505 26.6742
    endloop
  endfacet
  facet normal 0 0.0871251 -0.996197
    outer loop
      vertex 0 159.8 26.7
      vertex -3 159.505 26.6742
      vertex -3 159.8 26.7
    endloop
  endfacet
  facet normal 0 0.906631 0.421924
    outer loop
      vertex 0 158.328 24.15
      vertex -3 158.203 24.4186
      vertex 0 158.203 24.4186
    endloop
  endfacet
  facet normal 0 0.906631 0.421924
    outer loop
      vertex -3 158.203 24.4186
      vertex 0 158.328 24.15
      vertex -3 158.328 24.15
    endloop
  endfacet
  facet normal 0 0.819057 -0.573711
    outer loop
      vertex 0 158.328 25.85
      vertex -3 158.498 26.0927
      vertex 0 158.498 26.0927
    endloop
  endfacet
  facet normal 0 0.819057 -0.573711
    outer loop
      vertex -3 158.498 26.0927
      vertex 0 158.328 25.85
      vertex -3 158.328 25.85
    endloop
  endfacet
  facet normal 0 0.57301 -0.819549
    outer loop
      vertex -3 158.707 26.3023
      vertex 0 158.95 26.4722
      vertex 0 158.707 26.3023
    endloop
  endfacet
  facet normal 0 0.57301 -0.819549
    outer loop
      vertex 0 158.95 26.4722
      vertex -3 158.707 26.3023
      vertex -3 158.95 26.4722
    endloop
  endfacet
  facet normal 0 0.42224 -0.906484
    outer loop
      vertex -3 158.95 26.4722
      vertex 0 159.219 26.5975
      vertex 0 158.95 26.4722
    endloop
  endfacet
  facet normal 0 0.42224 -0.906484
    outer loop
      vertex 0 159.219 26.5975
      vertex -3 158.95 26.4722
      vertex -3 159.219 26.5975
    endloop
  endfacet
  facet normal 0 0.965661 -0.259804
    outer loop
      vertex 0 158.126 25.2952
      vertex -3 158.203 25.5814
      vertex 0 158.203 25.5814
    endloop
  endfacet
  facet normal 0 0.965661 -0.259804
    outer loop
      vertex -3 158.203 25.5814
      vertex 0 158.126 25.2952
      vertex -3 158.126 25.2952
    endloop
  endfacet
  facet normal 0 0.906631 -0.421924
    outer loop
      vertex 0 158.203 25.5814
      vertex -3 158.328 25.85
      vertex 0 158.328 25.85
    endloop
  endfacet
  facet normal 0 0.906631 -0.421924
    outer loop
      vertex -3 158.328 25.85
      vertex 0 158.203 25.5814
      vertex -3 158.203 25.5814
    endloop
  endfacet
  facet normal 0 -0.259029 -0.96587
    outer loop
      vertex -3 160.095 87.8742
      vertex 0 160.381 87.7975
      vertex 0 160.095 87.8742
    endloop
  endfacet
  facet normal -0 -0.259029 -0.96587
    outer loop
      vertex 0 160.381 87.7975
      vertex -3 160.095 87.8742
      vertex -3 160.381 87.7975
    endloop
  endfacet
  facet normal 0 -0.57301 0.819549
    outer loop
      vertex -3 160.893 84.8977
      vertex 0 160.65 84.7278
      vertex 0 160.893 84.8977
    endloop
  endfacet
  facet normal 0 -0.57301 0.819549
    outer loop
      vertex 0 160.65 84.7278
      vertex -3 160.893 84.8977
      vertex -3 160.65 84.7278
    endloop
  endfacet
  facet normal 0 -0.965661 0.259804
    outer loop
      vertex -3 161.397 85.6186
      vertex 0 161.474 85.9048
      vertex -3 161.474 85.9048
    endloop
  endfacet
  facet normal 0 -0.965661 0.259804
    outer loop
      vertex 0 161.474 85.9048
      vertex -3 161.397 85.6186
      vertex 0 161.397 85.6186
    endloop
  endfacet
  facet normal 0 -0.906631 0.421924
    outer loop
      vertex -3 161.272 85.35
      vertex 0 161.397 85.6186
      vertex -3 161.397 85.6186
    endloop
  endfacet
  facet normal 0 -0.906631 0.421924
    outer loop
      vertex 0 161.397 85.6186
      vertex -3 161.272 85.35
      vertex 0 161.272 85.35
    endloop
  endfacet
  facet normal 0 -0.965661 -0.259804
    outer loop
      vertex -3 161.474 86.4952
      vertex 0 161.397 86.7814
      vertex -3 161.397 86.7814
    endloop
  endfacet
  facet normal 0 -0.965661 -0.259804
    outer loop
      vertex 0 161.397 86.7814
      vertex -3 161.474 86.4952
      vertex 0 161.474 86.4952
    endloop
  endfacet
  facet normal 0 -0.42224 -0.906484
    outer loop
      vertex -3 160.381 87.7975
      vertex 0 160.65 87.6722
      vertex 0 160.381 87.7975
    endloop
  endfacet
  facet normal -0 -0.42224 -0.906484
    outer loop
      vertex 0 160.65 87.6722
      vertex -3 160.381 87.7975
      vertex -3 160.65 87.6722
    endloop
  endfacet
  facet normal 0 0.965661 0.259804
    outer loop
      vertex 0 158.203 85.6186
      vertex -3 158.126 85.9048
      vertex 0 158.126 85.9048
    endloop
  endfacet
  facet normal 0 0.965661 0.259804
    outer loop
      vertex -3 158.126 85.9048
      vertex 0 158.203 85.6186
      vertex -3 158.203 85.6186
    endloop
  endfacet
  facet normal 0 -0.259029 0.96587
    outer loop
      vertex -3 160.381 84.6025
      vertex 0 160.095 84.5258
      vertex 0 160.381 84.6025
    endloop
  endfacet
  facet normal 0 -0.259029 0.96587
    outer loop
      vertex 0 160.095 84.5258
      vertex -3 160.381 84.6025
      vertex -3 160.095 84.5258
    endloop
  endfacet
  facet normal 0 -0.42224 0.906484
    outer loop
      vertex -3 160.65 84.7278
      vertex 0 160.381 84.6025
      vertex 0 160.65 84.7278
    endloop
  endfacet
  facet normal 0 -0.42224 0.906484
    outer loop
      vertex 0 160.381 84.6025
      vertex -3 160.65 84.7278
      vertex -3 160.381 84.6025
    endloop
  endfacet
  facet normal 0 -0.996144 0.0877362
    outer loop
      vertex -3 161.474 85.9048
      vertex 0 161.5 86.2
      vertex -3 161.5 86.2
    endloop
  endfacet
  facet normal 0 -0.996144 0.0877362
    outer loop
      vertex 0 161.5 86.2
      vertex -3 161.474 85.9048
      vertex 0 161.474 85.9048
    endloop
  endfacet
  facet normal 0 -0.819057 0.573711
    outer loop
      vertex -3 161.102 85.1073
      vertex 0 161.272 85.35
      vertex -3 161.272 85.35
    endloop
  endfacet
  facet normal 0 -0.819057 0.573711
    outer loop
      vertex 0 161.272 85.35
      vertex -3 161.102 85.1073
      vertex 0 161.102 85.1073
    endloop
  endfacet
  facet normal 0 -0.0871251 -0.996197
    outer loop
      vertex -3 159.8 87.9
      vertex 0 160.095 87.8742
      vertex 0 159.8 87.9
    endloop
  endfacet
  facet normal -0 -0.0871251 -0.996197
    outer loop
      vertex 0 160.095 87.8742
      vertex -3 159.8 87.9
      vertex -3 160.095 87.8742
    endloop
  endfacet
  facet normal 0 -0.57301 -0.819549
    outer loop
      vertex -3 160.65 87.6722
      vertex 0 160.893 87.5023
      vertex 0 160.65 87.6722
    endloop
  endfacet
  facet normal -0 -0.57301 -0.819549
    outer loop
      vertex 0 160.893 87.5023
      vertex -3 160.65 87.6722
      vertex -3 160.893 87.5023
    endloop
  endfacet
  facet normal 0 -0.996144 -0.0877362
    outer loop
      vertex -3 161.5 86.2
      vertex 0 161.474 86.4952
      vertex -3 161.474 86.4952
    endloop
  endfacet
  facet normal 0 -0.996144 -0.0877362
    outer loop
      vertex 0 161.474 86.4952
      vertex -3 161.5 86.2
      vertex 0 161.5 86.2
    endloop
  endfacet
  facet normal 0 -0.70812 -0.706093
    outer loop
      vertex -3 160.893 87.5023
      vertex 0 161.102 87.2927
      vertex 0 160.893 87.5023
    endloop
  endfacet
  facet normal -0 -0.70812 -0.706093
    outer loop
      vertex 0 161.102 87.2927
      vertex -3 160.893 87.5023
      vertex -3 161.102 87.2927
    endloop
  endfacet
  facet normal 0 0.259029 -0.96587
    outer loop
      vertex -3 159.219 87.7975
      vertex 0 159.505 87.8742
      vertex 0 159.219 87.7975
    endloop
  endfacet
  facet normal 0 0.259029 -0.96587
    outer loop
      vertex 0 159.505 87.8742
      vertex -3 159.219 87.7975
      vertex -3 159.505 87.8742
    endloop
  endfacet
  facet normal -0 0.42224 0.906484
    outer loop
      vertex -3 159.219 84.6025
      vertex 0 158.95 84.7278
      vertex 0 159.219 84.6025
    endloop
  endfacet
  facet normal 0 0.42224 0.906484
    outer loop
      vertex 0 158.95 84.7278
      vertex -3 159.219 84.6025
      vertex -3 158.95 84.7278
    endloop
  endfacet
  facet normal 0 0.819057 0.573711
    outer loop
      vertex 0 158.498 85.1073
      vertex -3 158.328 85.35
      vertex 0 158.328 85.35
    endloop
  endfacet
  facet normal 0 0.819057 0.573711
    outer loop
      vertex -3 158.328 85.35
      vertex 0 158.498 85.1073
      vertex -3 158.498 85.1073
    endloop
  endfacet
  facet normal 0 -0.70812 0.706093
    outer loop
      vertex -3 161.102 85.1073
      vertex 0 160.893 84.8977
      vertex 0 161.102 85.1073
    endloop
  endfacet
  facet normal 0 -0.70812 0.706093
    outer loop
      vertex 0 160.893 84.8977
      vertex -3 161.102 85.1073
      vertex -3 160.893 84.8977
    endloop
  endfacet
  facet normal 0 -0.819057 -0.573711
    outer loop
      vertex -3 161.272 87.05
      vertex 0 161.102 87.2927
      vertex -3 161.102 87.2927
    endloop
  endfacet
  facet normal 0 -0.819057 -0.573711
    outer loop
      vertex 0 161.102 87.2927
      vertex -3 161.272 87.05
      vertex 0 161.272 87.05
    endloop
  endfacet
  facet normal 0 -0.906631 -0.421924
    outer loop
      vertex -3 161.397 86.7814
      vertex 0 161.272 87.05
      vertex -3 161.272 87.05
    endloop
  endfacet
  facet normal 0 -0.906631 -0.421924
    outer loop
      vertex 0 161.272 87.05
      vertex -3 161.397 86.7814
      vertex 0 161.397 86.7814
    endloop
  endfacet
  facet normal 0 -0.0871251 0.996197
    outer loop
      vertex -3 160.095 84.5258
      vertex 0 159.8 84.5
      vertex 0 160.095 84.5258
    endloop
  endfacet
  facet normal 0 -0.0871251 0.996197
    outer loop
      vertex 0 159.8 84.5
      vertex -3 160.095 84.5258
      vertex -3 159.8 84.5
    endloop
  endfacet
  facet normal -0 0.0871251 0.996197
    outer loop
      vertex -3 159.8 84.5
      vertex 0 159.505 84.5258
      vertex 0 159.8 84.5
    endloop
  endfacet
  facet normal 0 0.0871251 0.996197
    outer loop
      vertex 0 159.505 84.5258
      vertex -3 159.8 84.5
      vertex -3 159.505 84.5258
    endloop
  endfacet
  facet normal -0 0.259029 0.96587
    outer loop
      vertex -3 159.505 84.5258
      vertex 0 159.219 84.6025
      vertex 0 159.505 84.5258
    endloop
  endfacet
  facet normal 0 0.259029 0.96587
    outer loop
      vertex 0 159.219 84.6025
      vertex -3 159.505 84.5258
      vertex -3 159.219 84.6025
    endloop
  endfacet
  facet normal 0 0.0871251 -0.996197
    outer loop
      vertex -3 159.505 87.8742
      vertex 0 159.8 87.9
      vertex 0 159.505 87.8742
    endloop
  endfacet
  facet normal 0 0.0871251 -0.996197
    outer loop
      vertex 0 159.8 87.9
      vertex -3 159.505 87.8742
      vertex -3 159.8 87.9
    endloop
  endfacet
  facet normal 0 0.57301 -0.819549
    outer loop
      vertex -3 158.707 87.5023
      vertex 0 158.95 87.6722
      vertex 0 158.707 87.5023
    endloop
  endfacet
  facet normal 0 0.57301 -0.819549
    outer loop
      vertex 0 158.95 87.6722
      vertex -3 158.707 87.5023
      vertex -3 158.95 87.6722
    endloop
  endfacet
  facet normal -0 0.57301 0.819549
    outer loop
      vertex -3 158.95 84.7278
      vertex 0 158.707 84.8977
      vertex 0 158.95 84.7278
    endloop
  endfacet
  facet normal 0 0.57301 0.819549
    outer loop
      vertex 0 158.707 84.8977
      vertex -3 158.95 84.7278
      vertex -3 158.707 84.8977
    endloop
  endfacet
  facet normal 0 0.906631 0.421924
    outer loop
      vertex 0 158.328 85.35
      vertex -3 158.203 85.6186
      vertex 0 158.203 85.6186
    endloop
  endfacet
  facet normal 0 0.906631 0.421924
    outer loop
      vertex -3 158.203 85.6186
      vertex 0 158.328 85.35
      vertex -3 158.328 85.35
    endloop
  endfacet
  facet normal 0 0.996144 0.0877362
    outer loop
      vertex 0 158.126 85.9048
      vertex -3 158.1 86.2
      vertex 0 158.1 86.2
    endloop
  endfacet
  facet normal 0 0.996144 0.0877362
    outer loop
      vertex -3 158.1 86.2
      vertex 0 158.126 85.9048
      vertex -3 158.126 85.9048
    endloop
  endfacet
  facet normal 0 0.996144 -0.0877362
    outer loop
      vertex 0 158.1 86.2
      vertex -3 158.126 86.4952
      vertex 0 158.126 86.4952
    endloop
  endfacet
  facet normal 0 0.996144 -0.0877362
    outer loop
      vertex -3 158.126 86.4952
      vertex 0 158.1 86.2
      vertex -3 158.1 86.2
    endloop
  endfacet
  facet normal 0 0.819057 -0.573711
    outer loop
      vertex 0 158.328 87.05
      vertex -3 158.498 87.2927
      vertex 0 158.498 87.2927
    endloop
  endfacet
  facet normal 0 0.819057 -0.573711
    outer loop
      vertex -3 158.498 87.2927
      vertex 0 158.328 87.05
      vertex -3 158.328 87.05
    endloop
  endfacet
  facet normal 0 0.965661 -0.259804
    outer loop
      vertex 0 158.126 86.4952
      vertex -3 158.203 86.7814
      vertex 0 158.203 86.7814
    endloop
  endfacet
  facet normal 0 0.965661 -0.259804
    outer loop
      vertex -3 158.203 86.7814
      vertex 0 158.126 86.4952
      vertex -3 158.126 86.4952
    endloop
  endfacet
  facet normal 0 0.42224 -0.906484
    outer loop
      vertex -3 158.95 87.6722
      vertex 0 159.219 87.7975
      vertex 0 158.95 87.6722
    endloop
  endfacet
  facet normal 0 0.42224 -0.906484
    outer loop
      vertex 0 159.219 87.7975
      vertex -3 158.95 87.6722
      vertex -3 159.219 87.7975
    endloop
  endfacet
  facet normal 0 0.70812 -0.706093
    outer loop
      vertex 0 158.498 87.2927
      vertex -3 158.707 87.5023
      vertex 0 158.707 87.5023
    endloop
  endfacet
  facet normal 0 0.70812 -0.706093
    outer loop
      vertex -3 158.707 87.5023
      vertex 0 158.498 87.2927
      vertex -3 158.498 87.2927
    endloop
  endfacet
  facet normal 0 0.70812 0.706093
    outer loop
      vertex 0 158.707 84.8977
      vertex -3 158.498 85.1073
      vertex 0 158.498 85.1073
    endloop
  endfacet
  facet normal 0 0.70812 0.706093
    outer loop
      vertex -3 158.498 85.1073
      vertex 0 158.707 84.8977
      vertex -3 158.707 84.8977
    endloop
  endfacet
  facet normal 0 0.906631 -0.421924
    outer loop
      vertex 0 158.203 86.7814
      vertex -3 158.328 87.05
      vertex 0 158.328 87.05
    endloop
  endfacet
  facet normal 0 0.906631 -0.421924
    outer loop
      vertex -3 158.328 87.05
      vertex 0 158.203 86.7814
      vertex -3 158.203 86.7814
    endloop
  endfacet
  facet normal -0 0.0877953 0.996139
    outer loop
      vertex -3 159.8 155.7
      vertex 0 159.505 155.726
      vertex 0 159.8 155.7
    endloop
  endfacet
  facet normal 0 0.0877953 0.996139
    outer loop
      vertex 0 159.505 155.726
      vertex -3 159.8 155.7
      vertex -3 159.505 155.726
    endloop
  endfacet
  facet normal 0 -0.573236 0.81939
    outer loop
      vertex -3 160.893 156.098
      vertex 0 160.65 155.928
      vertex 0 160.893 156.098
    endloop
  endfacet
  facet normal 0 -0.573236 0.81939
    outer loop
      vertex 0 160.65 155.928
      vertex -3 160.893 156.098
      vertex -3 160.65 155.928
    endloop
  endfacet
  facet normal 0 -0.965616 0.259973
    outer loop
      vertex -3 161.397 156.819
      vertex 0 161.474 157.105
      vertex -3 161.474 157.105
    endloop
  endfacet
  facet normal 0 -0.965616 0.259973
    outer loop
      vertex 0 161.474 157.105
      vertex -3 161.397 156.819
      vertex 0 161.397 156.819
    endloop
  endfacet
  facet normal 0 -0.965616 -0.259973
    outer loop
      vertex -3 161.474 157.695
      vertex 0 161.397 157.981
      vertex -3 161.397 157.981
    endloop
  endfacet
  facet normal 0 -0.965616 -0.259973
    outer loop
      vertex 0 161.397 157.981
      vertex -3 161.474 157.695
      vertex 0 161.474 157.695
    endloop
  endfacet
  facet normal 0 -0.421408 -0.906871
    outer loop
      vertex -3 160.381 158.997
      vertex 0 160.65 158.872
      vertex 0 160.381 158.997
    endloop
  endfacet
  facet normal -0 -0.421408 -0.906871
    outer loop
      vertex 0 160.65 158.872
      vertex -3 160.381 158.997
      vertex -3 160.65 158.872
    endloop
  endfacet
  facet normal 0 0.965616 0.259973
    outer loop
      vertex 0 158.203 156.819
      vertex -3 158.126 157.105
      vertex 0 158.126 157.105
    endloop
  endfacet
  facet normal 0 0.965616 0.259973
    outer loop
      vertex -3 158.126 157.105
      vertex 0 158.203 156.819
      vertex -3 158.203 156.819
    endloop
  endfacet
  facet normal 0 -0.259973 0.965616
    outer loop
      vertex -3 160.381 155.803
      vertex 0 160.095 155.726
      vertex 0 160.381 155.803
    endloop
  endfacet
  facet normal 0 -0.259973 0.965616
    outer loop
      vertex 0 160.095 155.726
      vertex -3 160.381 155.803
      vertex -3 160.095 155.726
    endloop
  endfacet
  facet normal 0 -0.421408 0.906871
    outer loop
      vertex -3 160.65 155.928
      vertex 0 160.381 155.803
      vertex 0 160.65 155.928
    endloop
  endfacet
  facet normal 0 -0.421408 0.906871
    outer loop
      vertex 0 160.381 155.803
      vertex -3 160.65 155.928
      vertex -3 160.381 155.803
    endloop
  endfacet
  facet normal 0 -0.996139 0.0877953
    outer loop
      vertex -3 161.474 157.105
      vertex 0 161.5 157.4
      vertex -3 161.5 157.4
    endloop
  endfacet
  facet normal 0 -0.996139 0.0877953
    outer loop
      vertex 0 161.5 157.4
      vertex -3 161.474 157.105
      vertex 0 161.474 157.105
    endloop
  endfacet
  facet normal 0 -0.81939 0.573236
    outer loop
      vertex -3 161.102 156.307
      vertex 0 161.272 156.55
      vertex -3 161.272 156.55
    endloop
  endfacet
  facet normal 0 -0.81939 0.573236
    outer loop
      vertex 0 161.272 156.55
      vertex -3 161.102 156.307
      vertex 0 161.102 156.307
    endloop
  endfacet
  facet normal 0 -0.0877953 -0.996139
    outer loop
      vertex -3 159.8 159.1
      vertex 0 160.095 159.074
      vertex 0 159.8 159.1
    endloop
  endfacet
  facet normal -0 -0.0877953 -0.996139
    outer loop
      vertex 0 160.095 159.074
      vertex -3 159.8 159.1
      vertex -3 160.095 159.074
    endloop
  endfacet
  facet normal 0 -0.573236 -0.81939
    outer loop
      vertex -3 160.65 158.872
      vertex 0 160.893 158.702
      vertex 0 160.65 158.872
    endloop
  endfacet
  facet normal -0 -0.573236 -0.81939
    outer loop
      vertex 0 160.893 158.702
      vertex -3 160.65 158.872
      vertex -3 160.893 158.702
    endloop
  endfacet
  facet normal 0 -0.906871 -0.421408
    outer loop
      vertex -3 161.397 157.981
      vertex 0 161.272 158.25
      vertex -3 161.272 158.25
    endloop
  endfacet
  facet normal 0 -0.906871 -0.421408
    outer loop
      vertex 0 161.272 158.25
      vertex -3 161.397 157.981
      vertex 0 161.397 157.981
    endloop
  endfacet
  facet normal 0 -0.996139 -0.0877953
    outer loop
      vertex -3 161.5 157.4
      vertex 0 161.474 157.695
      vertex -3 161.474 157.695
    endloop
  endfacet
  facet normal 0 -0.996139 -0.0877953
    outer loop
      vertex 0 161.474 157.695
      vertex -3 161.5 157.4
      vertex 0 161.5 157.4
    endloop
  endfacet
  facet normal 0 -0.81939 -0.573236
    outer loop
      vertex -3 161.272 158.25
      vertex 0 161.102 158.493
      vertex -3 161.102 158.493
    endloop
  endfacet
  facet normal 0 -0.81939 -0.573236
    outer loop
      vertex 0 161.102 158.493
      vertex -3 161.272 158.25
      vertex 0 161.272 158.25
    endloop
  endfacet
  facet normal 0 0.0877953 -0.996139
    outer loop
      vertex -3 159.505 159.074
      vertex 0 159.8 159.1
      vertex 0 159.505 159.074
    endloop
  endfacet
  facet normal 0 0.0877953 -0.996139
    outer loop
      vertex 0 159.8 159.1
      vertex -3 159.505 159.074
      vertex -3 159.8 159.1
    endloop
  endfacet
  facet normal 0 0.81939 0.573236
    outer loop
      vertex 0 158.498 156.307
      vertex -3 158.328 156.55
      vertex 0 158.328 156.55
    endloop
  endfacet
  facet normal 0 0.81939 0.573236
    outer loop
      vertex -3 158.328 156.55
      vertex 0 158.498 156.307
      vertex -3 158.498 156.307
    endloop
  endfacet
  facet normal -0 0.421408 0.906871
    outer loop
      vertex -3 159.219 155.803
      vertex 0 158.95 155.928
      vertex 0 159.219 155.803
    endloop
  endfacet
  facet normal 0 0.421408 0.906871
    outer loop
      vertex 0 158.95 155.928
      vertex -3 159.219 155.803
      vertex -3 158.95 155.928
    endloop
  endfacet
  facet normal 0 -0.707107 0.707107
    outer loop
      vertex -3 160.893 156.098
      vertex 0 161.102 156.307
      vertex -3 161.102 156.307
    endloop
  endfacet
  facet normal 0 -0.707107 0.707107
    outer loop
      vertex 0 161.102 156.307
      vertex -3 160.893 156.098
      vertex 0 160.893 156.098
    endloop
  endfacet
  facet normal 0 -0.906871 0.421408
    outer loop
      vertex -3 161.272 156.55
      vertex 0 161.397 156.819
      vertex -3 161.397 156.819
    endloop
  endfacet
  facet normal 0 -0.906871 0.421408
    outer loop
      vertex 0 161.397 156.819
      vertex -3 161.272 156.55
      vertex 0 161.272 156.55
    endloop
  endfacet
  facet normal 0 -0.259973 -0.965616
    outer loop
      vertex -3 160.095 159.074
      vertex 0 160.381 158.997
      vertex 0 160.095 159.074
    endloop
  endfacet
  facet normal -0 -0.259973 -0.965616
    outer loop
      vertex 0 160.381 158.997
      vertex -3 160.095 159.074
      vertex -3 160.381 158.997
    endloop
  endfacet
  facet normal 0 -0.707107 -0.707107
    outer loop
      vertex -3 160.893 158.702
      vertex 0 161.102 158.493
      vertex 0 160.893 158.702
    endloop
  endfacet
  facet normal -0 -0.707107 -0.707107
    outer loop
      vertex 0 161.102 158.493
      vertex -3 160.893 158.702
      vertex -3 161.102 158.493
    endloop
  endfacet
  facet normal 0 -0.0877953 0.996139
    outer loop
      vertex -3 160.095 155.726
      vertex 0 159.8 155.7
      vertex 0 160.095 155.726
    endloop
  endfacet
  facet normal 0 -0.0877953 0.996139
    outer loop
      vertex 0 159.8 155.7
      vertex -3 160.095 155.726
      vertex -3 159.8 155.7
    endloop
  endfacet
  facet normal -0 0.573236 0.81939
    outer loop
      vertex -3 158.95 155.928
      vertex 0 158.707 156.098
      vertex 0 158.95 155.928
    endloop
  endfacet
  facet normal 0 0.573236 0.81939
    outer loop
      vertex 0 158.707 156.098
      vertex -3 158.95 155.928
      vertex -3 158.707 156.098
    endloop
  endfacet
  facet normal 0 0.707107 0.707107
    outer loop
      vertex 0 158.707 156.098
      vertex -3 158.498 156.307
      vertex 0 158.498 156.307
    endloop
  endfacet
  facet normal 0 0.707107 0.707107
    outer loop
      vertex -3 158.498 156.307
      vertex 0 158.707 156.098
      vertex -3 158.707 156.098
    endloop
  endfacet
  facet normal -0 0.259973 0.965616
    outer loop
      vertex -3 159.505 155.726
      vertex 0 159.219 155.803
      vertex 0 159.505 155.726
    endloop
  endfacet
  facet normal 0 0.259973 0.965616
    outer loop
      vertex 0 159.219 155.803
      vertex -3 159.505 155.726
      vertex -3 159.219 155.803
    endloop
  endfacet
  facet normal 0 0.996139 0.0877953
    outer loop
      vertex 0 158.126 157.105
      vertex -3 158.1 157.4
      vertex 0 158.1 157.4
    endloop
  endfacet
  facet normal 0 0.996139 0.0877953
    outer loop
      vertex -3 158.1 157.4
      vertex 0 158.126 157.105
      vertex -3 158.126 157.105
    endloop
  endfacet
  facet normal 0 0.996139 -0.0877953
    outer loop
      vertex 0 158.1 157.4
      vertex -3 158.126 157.695
      vertex 0 158.126 157.695
    endloop
  endfacet
  facet normal 0 0.996139 -0.0877953
    outer loop
      vertex -3 158.126 157.695
      vertex 0 158.1 157.4
      vertex -3 158.1 157.4
    endloop
  endfacet
  facet normal 0 0.421408 -0.906871
    outer loop
      vertex -3 158.95 158.872
      vertex 0 159.219 158.997
      vertex 0 158.95 158.872
    endloop
  endfacet
  facet normal 0 0.421408 -0.906871
    outer loop
      vertex 0 159.219 158.997
      vertex -3 158.95 158.872
      vertex -3 159.219 158.997
    endloop
  endfacet
  facet normal 0 0.707107 -0.707107
    outer loop
      vertex 0 158.498 158.493
      vertex -3 158.707 158.702
      vertex 0 158.707 158.702
    endloop
  endfacet
  facet normal 0 0.707107 -0.707107
    outer loop
      vertex -3 158.707 158.702
      vertex 0 158.498 158.493
      vertex -3 158.498 158.493
    endloop
  endfacet
  facet normal 0 0.573236 -0.81939
    outer loop
      vertex -3 158.707 158.702
      vertex 0 158.95 158.872
      vertex 0 158.707 158.702
    endloop
  endfacet
  facet normal 0 0.573236 -0.81939
    outer loop
      vertex 0 158.95 158.872
      vertex -3 158.707 158.702
      vertex -3 158.95 158.872
    endloop
  endfacet
  facet normal 0 0.906871 0.421408
    outer loop
      vertex 0 158.328 156.55
      vertex -3 158.203 156.819
      vertex 0 158.203 156.819
    endloop
  endfacet
  facet normal 0 0.906871 0.421408
    outer loop
      vertex -3 158.203 156.819
      vertex 0 158.328 156.55
      vertex -3 158.328 156.55
    endloop
  endfacet
  facet normal 0 0.81939 -0.573236
    outer loop
      vertex 0 158.328 158.25
      vertex -3 158.498 158.493
      vertex 0 158.498 158.493
    endloop
  endfacet
  facet normal 0 0.81939 -0.573236
    outer loop
      vertex -3 158.498 158.493
      vertex 0 158.328 158.25
      vertex -3 158.328 158.25
    endloop
  endfacet
  facet normal 0 0.259973 -0.965616
    outer loop
      vertex -3 159.219 158.997
      vertex 0 159.505 159.074
      vertex 0 159.219 158.997
    endloop
  endfacet
  facet normal 0 0.259973 -0.965616
    outer loop
      vertex 0 159.505 159.074
      vertex -3 159.219 158.997
      vertex -3 159.505 159.074
    endloop
  endfacet
  facet normal 0 0.965616 -0.259973
    outer loop
      vertex 0 158.126 157.695
      vertex -3 158.203 157.981
      vertex 0 158.203 157.981
    endloop
  endfacet
  facet normal 0 0.965616 -0.259973
    outer loop
      vertex -3 158.203 157.981
      vertex 0 158.126 157.695
      vertex -3 158.126 157.695
    endloop
  endfacet
  facet normal 0 0.906871 -0.421408
    outer loop
      vertex 0 158.203 157.981
      vertex -3 158.328 158.25
      vertex 0 158.328 158.25
    endloop
  endfacet
  facet normal 0 0.906871 -0.421408
    outer loop
      vertex -3 158.328 158.25
      vertex 0 158.203 157.981
      vertex -3 158.203 157.981
    endloop
  endfacet
  facet normal 0 -0.258828 -0.965923
    outer loop
      vertex -3 40.1952 6.67417
      vertex 0 40.4814 6.59748
      vertex 0 40.1952 6.67417
    endloop
  endfacet
  facet normal -0 -0.258828 -0.965923
    outer loop
      vertex 0 40.4814 6.59748
      vertex -3 40.1952 6.67417
      vertex -3 40.4814 6.59748
    endloop
  endfacet
  facet normal 0 -0.573621 0.819121
    outer loop
      vertex -3 40.9927 3.69772
      vertex 0 40.75 3.52776
      vertex 0 40.9927 3.69772
    endloop
  endfacet
  facet normal 0 -0.573621 0.819121
    outer loop
      vertex 0 40.75 3.52776
      vertex -3 40.9927 3.69772
      vertex -3 40.75 3.52776
    endloop
  endfacet
  facet normal 0 -0.996203 0.0870665
    outer loop
      vertex -3 41.5742 4.7048
      vertex 0 41.6 5
      vertex -3 41.6 5
    endloop
  endfacet
  facet normal 0 -0.996203 0.0870665
    outer loop
      vertex 0 41.6 5
      vertex -3 41.5742 4.7048
      vertex 0 41.5742 4.7048
    endloop
  endfacet
  facet normal 0 -0.906225 -0.422795
    outer loop
      vertex -3 41.4975 5.58143
      vertex 0 41.3722 5.85
      vertex -3 41.3722 5.85
    endloop
  endfacet
  facet normal 0 -0.906225 -0.422795
    outer loop
      vertex 0 41.3722 5.85
      vertex -3 41.4975 5.58143
      vertex 0 41.4975 5.58143
    endloop
  endfacet
  facet normal 0 -0.42259 -0.906321
    outer loop
      vertex -3 40.4814 6.59748
      vertex 0 40.75 6.47224
      vertex 0 40.4814 6.59748
    endloop
  endfacet
  facet normal -0 -0.42259 -0.906321
    outer loop
      vertex 0 40.75 6.47224
      vertex -3 40.4814 6.59748
      vertex -3 40.75 6.47224
    endloop
  endfacet
  facet normal -0 0.087167 0.996194
    outer loop
      vertex -3 39.9 3.3
      vertex 0 39.6048 3.32583
      vertex 0 39.9 3.3
    endloop
  endfacet
  facet normal 0 0.087167 0.996194
    outer loop
      vertex 0 39.6048 3.32583
      vertex -3 39.9 3.3
      vertex -3 39.6048 3.32583
    endloop
  endfacet
  facet normal 0 -0.258828 0.965923
    outer loop
      vertex -3 40.4814 3.40252
      vertex 0 40.1952 3.32583
      vertex 0 40.4814 3.40252
    endloop
  endfacet
  facet normal 0 -0.258828 0.965923
    outer loop
      vertex 0 40.1952 3.32583
      vertex -3 40.4814 3.40252
      vertex -3 40.1952 3.32583
    endloop
  endfacet
  facet normal 0 -0.42259 0.906321
    outer loop
      vertex -3 40.75 3.52776
      vertex 0 40.4814 3.40252
      vertex 0 40.75 3.52776
    endloop
  endfacet
  facet normal 0 -0.42259 0.906321
    outer loop
      vertex 0 40.4814 3.40252
      vertex -3 40.75 3.52776
      vertex -3 40.4814 3.40252
    endloop
  endfacet
  facet normal 0 -0.996203 -0.0870665
    outer loop
      vertex -3 41.6 5
      vertex 0 41.5742 5.2952
      vertex -3 41.5742 5.2952
    endloop
  endfacet
  facet normal 0 -0.996203 -0.0870665
    outer loop
      vertex 0 41.5742 5.2952
      vertex -3 41.6 5
      vertex 0 41.6 5
    endloop
  endfacet
  facet normal 0 -0.906225 0.422795
    outer loop
      vertex -3 41.3722 4.15
      vertex 0 41.4975 4.41857
      vertex -3 41.4975 4.41857
    endloop
  endfacet
  facet normal 0 -0.906225 0.422795
    outer loop
      vertex 0 41.4975 4.41857
      vertex -3 41.3722 4.15
      vertex 0 41.3722 4.15
    endloop
  endfacet
  facet normal 0 -0.087167 -0.996194
    outer loop
      vertex -3 39.9 6.7
      vertex 0 40.1952 6.67417
      vertex 0 39.9 6.7
    endloop
  endfacet
  facet normal -0 -0.087167 -0.996194
    outer loop
      vertex 0 40.1952 6.67417
      vertex -3 39.9 6.7
      vertex -3 40.1952 6.67417
    endloop
  endfacet
  facet normal 0 -0.573644 -0.819105
    outer loop
      vertex -3 40.75 6.47224
      vertex 0 40.9927 6.30227
      vertex 0 40.75 6.47224
    endloop
  endfacet
  facet normal -0 -0.573644 -0.819105
    outer loop
      vertex 0 40.9927 6.30227
      vertex -3 40.75 6.47224
      vertex -3 40.9927 6.30227
    endloop
  endfacet
  facet normal 0 -0.81926 -0.573422
    outer loop
      vertex -3 41.3722 5.85
      vertex 0 41.2023 6.09274
      vertex -3 41.2023 6.09274
    endloop
  endfacet
  facet normal 0 -0.81926 -0.573422
    outer loop
      vertex 0 41.2023 6.09274
      vertex -3 41.3722 5.85
      vertex 0 41.3722 5.85
    endloop
  endfacet
  facet normal 0 -0.965922 -0.258834
    outer loop
      vertex -3 41.5742 5.2952
      vertex 0 41.4975 5.58143
      vertex -3 41.4975 5.58143
    endloop
  endfacet
  facet normal 0 -0.965922 -0.258834
    outer loop
      vertex 0 41.4975 5.58143
      vertex -3 41.5742 5.2952
      vertex 0 41.5742 5.2952
    endloop
  endfacet
  facet normal 0 -0.706989 -0.707225
    outer loop
      vertex -3 40.9927 6.30227
      vertex 0 41.2023 6.09274
      vertex 0 40.9927 6.30227
    endloop
  endfacet
  facet normal -0 -0.706989 -0.707225
    outer loop
      vertex 0 41.2023 6.09274
      vertex -3 40.9927 6.30227
      vertex -3 41.2023 6.09274
    endloop
  endfacet
  facet normal 0 -0.087167 0.996194
    outer loop
      vertex -3 40.1952 3.32583
      vertex 0 39.9 3.3
      vertex 0 40.1952 3.32583
    endloop
  endfacet
  facet normal 0 -0.087167 0.996194
    outer loop
      vertex 0 39.9 3.3
      vertex -3 40.1952 3.32583
      vertex -3 39.9 3.3
    endloop
  endfacet
  facet normal -0 0.258828 0.965923
    outer loop
      vertex -3 39.6048 3.32583
      vertex 0 39.3186 3.40252
      vertex 0 39.6048 3.32583
    endloop
  endfacet
  facet normal 0 0.258828 0.965923
    outer loop
      vertex 0 39.3186 3.40252
      vertex -3 39.6048 3.32583
      vertex -3 39.3186 3.40252
    endloop
  endfacet
  facet normal 0 0.258828 -0.965923
    outer loop
      vertex -3 39.3186 6.59748
      vertex 0 39.6048 6.67417
      vertex 0 39.3186 6.59748
    endloop
  endfacet
  facet normal 0 0.258828 -0.965923
    outer loop
      vertex 0 39.6048 6.67417
      vertex -3 39.3186 6.59748
      vertex -3 39.6048 6.67417
    endloop
  endfacet
  facet normal 0 0.81926 0.573422
    outer loop
      vertex 0 38.5977 3.90726
      vertex -3 38.4278 4.15
      vertex 0 38.4278 4.15
    endloop
  endfacet
  facet normal 0 0.81926 0.573422
    outer loop
      vertex -3 38.4278 4.15
      vertex 0 38.5977 3.90726
      vertex -3 38.5977 3.90726
    endloop
  endfacet
  facet normal 0 -0.707006 0.707208
    outer loop
      vertex -3 41.2023 3.90726
      vertex 0 40.9927 3.69772
      vertex 0 41.2023 3.90726
    endloop
  endfacet
  facet normal 0 -0.707006 0.707208
    outer loop
      vertex 0 40.9927 3.69772
      vertex -3 41.2023 3.90726
      vertex -3 40.9927 3.69772
    endloop
  endfacet
  facet normal 0 -0.81926 0.573422
    outer loop
      vertex -3 41.2023 3.90726
      vertex 0 41.3722 4.15
      vertex -3 41.3722 4.15
    endloop
  endfacet
  facet normal 0 -0.81926 0.573422
    outer loop
      vertex 0 41.3722 4.15
      vertex -3 41.2023 3.90726
      vertex 0 41.2023 3.90726
    endloop
  endfacet
  facet normal 0 -0.965922 0.258834
    outer loop
      vertex -3 41.4975 4.41857
      vertex 0 41.5742 4.7048
      vertex -3 41.5742 4.7048
    endloop
  endfacet
  facet normal 0 -0.965922 0.258834
    outer loop
      vertex 0 41.5742 4.7048
      vertex -3 41.4975 4.41857
      vertex 0 41.4975 4.41857
    endloop
  endfacet
  facet normal -0 0.42259 0.906321
    outer loop
      vertex -3 39.3186 3.40252
      vertex 0 39.05 3.52776
      vertex 0 39.3186 3.40252
    endloop
  endfacet
  facet normal 0 0.42259 0.906321
    outer loop
      vertex 0 39.05 3.52776
      vertex -3 39.3186 3.40252
      vertex -3 39.05 3.52776
    endloop
  endfacet
  facet normal 0 0.087167 -0.996194
    outer loop
      vertex -3 39.6048 6.67417
      vertex 0 39.9 6.7
      vertex 0 39.6048 6.67417
    endloop
  endfacet
  facet normal 0 0.087167 -0.996194
    outer loop
      vertex 0 39.9 6.7
      vertex -3 39.6048 6.67417
      vertex -3 39.9 6.7
    endloop
  endfacet
  facet normal 0 0.42259 -0.906321
    outer loop
      vertex -3 39.05 6.47224
      vertex 0 39.3186 6.59748
      vertex 0 39.05 6.47224
    endloop
  endfacet
  facet normal 0 0.42259 -0.906321
    outer loop
      vertex 0 39.3186 6.59748
      vertex -3 39.05 6.47224
      vertex -3 39.3186 6.59748
    endloop
  endfacet
  facet normal 0 0.965922 0.258834
    outer loop
      vertex 0 38.3025 4.41857
      vertex -3 38.2258 4.7048
      vertex 0 38.2258 4.7048
    endloop
  endfacet
  facet normal 0 0.965922 0.258834
    outer loop
      vertex -3 38.2258 4.7048
      vertex 0 38.3025 4.41857
      vertex -3 38.3025 4.41857
    endloop
  endfacet
  facet normal 0 0.906225 0.422795
    outer loop
      vertex 0 38.4278 4.15
      vertex -3 38.3025 4.41857
      vertex 0 38.3025 4.41857
    endloop
  endfacet
  facet normal 0 0.906225 0.422795
    outer loop
      vertex -3 38.3025 4.41857
      vertex 0 38.4278 4.15
      vertex -3 38.4278 4.15
    endloop
  endfacet
  facet normal 0 0.707006 0.707208
    outer loop
      vertex 0 38.8073 3.69772
      vertex -3 38.5977 3.90726
      vertex 0 38.5977 3.90726
    endloop
  endfacet
  facet normal 0 0.707006 0.707208
    outer loop
      vertex -3 38.5977 3.90726
      vertex 0 38.8073 3.69772
      vertex -3 38.8073 3.69772
    endloop
  endfacet
  facet normal 0 0.573644 -0.819105
    outer loop
      vertex -3 38.8073 6.30227
      vertex 0 39.05 6.47224
      vertex 0 38.8073 6.30227
    endloop
  endfacet
  facet normal 0 0.573644 -0.819105
    outer loop
      vertex 0 39.05 6.47224
      vertex -3 38.8073 6.30227
      vertex -3 39.05 6.47224
    endloop
  endfacet
  facet normal 0 0.906225 -0.422795
    outer loop
      vertex 0 38.3025 5.58143
      vertex -3 38.4278 5.85
      vertex 0 38.4278 5.85
    endloop
  endfacet
  facet normal 0 0.906225 -0.422795
    outer loop
      vertex -3 38.4278 5.85
      vertex 0 38.3025 5.58143
      vertex -3 38.3025 5.58143
    endloop
  endfacet
  facet normal 0 0.81926 -0.573422
    outer loop
      vertex 0 38.4278 5.85
      vertex -3 38.5977 6.09274
      vertex 0 38.5977 6.09274
    endloop
  endfacet
  facet normal 0 0.81926 -0.573422
    outer loop
      vertex -3 38.5977 6.09274
      vertex 0 38.4278 5.85
      vertex -3 38.4278 5.85
    endloop
  endfacet
  facet normal 0 0.996203 0.0870665
    outer loop
      vertex 0 38.2258 4.7048
      vertex -3 38.2 5
      vertex 0 38.2 5
    endloop
  endfacet
  facet normal 0 0.996203 0.0870665
    outer loop
      vertex -3 38.2 5
      vertex 0 38.2258 4.7048
      vertex -3 38.2258 4.7048
    endloop
  endfacet
  facet normal 0 0.996203 -0.0870665
    outer loop
      vertex 0 38.2 5
      vertex -3 38.2258 5.2952
      vertex 0 38.2258 5.2952
    endloop
  endfacet
  facet normal 0 0.996203 -0.0870665
    outer loop
      vertex -3 38.2258 5.2952
      vertex 0 38.2 5
      vertex -3 38.2 5
    endloop
  endfacet
  facet normal 0 0.706989 -0.707225
    outer loop
      vertex 0 38.5977 6.09274
      vertex -3 38.8073 6.30227
      vertex 0 38.8073 6.30227
    endloop
  endfacet
  facet normal 0 0.706989 -0.707225
    outer loop
      vertex -3 38.8073 6.30227
      vertex 0 38.5977 6.09274
      vertex -3 38.5977 6.09274
    endloop
  endfacet
  facet normal -0 0.573621 0.819121
    outer loop
      vertex -3 39.05 3.52776
      vertex 0 38.8073 3.69772
      vertex 0 39.05 3.52776
    endloop
  endfacet
  facet normal 0 0.573621 0.819121
    outer loop
      vertex 0 38.8073 3.69772
      vertex -3 39.05 3.52776
      vertex -3 38.8073 3.69772
    endloop
  endfacet
  facet normal 0 0.965922 -0.258834
    outer loop
      vertex 0 38.2258 5.2952
      vertex -3 38.3025 5.58143
      vertex 0 38.3025 5.58143
    endloop
  endfacet
  facet normal 0 0.965922 -0.258834
    outer loop
      vertex -3 38.3025 5.58143
      vertex 0 38.2258 5.2952
      vertex -3 38.2258 5.2952
    endloop
  endfacet
  facet normal 0 -0.573145 0.819454
    outer loop
      vertex -3 115.993 3.69772
      vertex 0 115.75 3.52776
      vertex 0 115.993 3.69772
    endloop
  endfacet
  facet normal 0 -0.573145 0.819454
    outer loop
      vertex 0 115.75 3.52776
      vertex -3 115.993 3.69772
      vertex -3 115.75 3.52776
    endloop
  endfacet
  facet normal 0 -0.996144 0.0877362
    outer loop
      vertex -3 116.574 4.7048
      vertex 0 116.6 5
      vertex -3 116.6 5
    endloop
  endfacet
  facet normal 0 -0.996144 0.0877362
    outer loop
      vertex 0 116.6 5
      vertex -3 116.574 4.7048
      vertex 0 116.574 4.7048
    endloop
  endfacet
  facet normal 0 -0.965668 0.259779
    outer loop
      vertex -3 116.497 4.41857
      vertex 0 116.574 4.7048
      vertex -3 116.574 4.7048
    endloop
  endfacet
  facet normal 0 -0.965668 0.259779
    outer loop
      vertex 0 116.574 4.7048
      vertex -3 116.497 4.41857
      vertex 0 116.497 4.41857
    endloop
  endfacet
  facet normal 0 -0.906613 -0.421963
    outer loop
      vertex -3 116.497 5.58143
      vertex 0 116.372 5.85
      vertex -3 116.372 5.85
    endloop
  endfacet
  facet normal 0 -0.906613 -0.421963
    outer loop
      vertex 0 116.372 5.85
      vertex -3 116.497 5.58143
      vertex 0 116.497 5.58143
    endloop
  endfacet
  facet normal 0 -0.422074 -0.906562
    outer loop
      vertex -3 115.481 6.59748
      vertex 0 115.75 6.47224
      vertex 0 115.481 6.59748
    endloop
  endfacet
  facet normal -0 -0.422074 -0.906562
    outer loop
      vertex 0 115.75 6.47224
      vertex -3 115.481 6.59748
      vertex -3 115.75 6.47224
    endloop
  endfacet
  facet normal -0 0.0872256 0.996189
    outer loop
      vertex -3 114.9 3.3
      vertex 0 114.605 3.32583
      vertex 0 114.9 3.3
    endloop
  endfacet
  facet normal 0 0.0872256 0.996189
    outer loop
      vertex 0 114.605 3.32583
      vertex -3 114.9 3.3
      vertex -3 114.605 3.32583
    endloop
  endfacet
  facet normal 0 -0.258997 0.965878
    outer loop
      vertex -3 115.481 3.40252
      vertex 0 115.195 3.32583
      vertex 0 115.481 3.40252
    endloop
  endfacet
  facet normal 0 -0.258997 0.965878
    outer loop
      vertex 0 115.195 3.32583
      vertex -3 115.481 3.40252
      vertex -3 115.195 3.32583
    endloop
  endfacet
  facet normal 0 -0.422074 0.906562
    outer loop
      vertex -3 115.75 3.52776
      vertex 0 115.481 3.40252
      vertex 0 115.75 3.52776
    endloop
  endfacet
  facet normal 0 -0.422074 0.906562
    outer loop
      vertex 0 115.481 3.40252
      vertex -3 115.75 3.52776
      vertex -3 115.481 3.40252
    endloop
  endfacet
  facet normal 0 -0.996144 -0.0877362
    outer loop
      vertex -3 116.6 5
      vertex 0 116.574 5.2952
      vertex -3 116.574 5.2952
    endloop
  endfacet
  facet normal 0 -0.996144 -0.0877362
    outer loop
      vertex 0 116.574 5.2952
      vertex -3 116.6 5
      vertex 0 116.6 5
    endloop
  endfacet
  facet normal 0 -0.906613 0.421963
    outer loop
      vertex -3 116.372 4.15
      vertex 0 116.497 4.41857
      vertex -3 116.497 4.41857
    endloop
  endfacet
  facet normal 0 -0.906613 0.421963
    outer loop
      vertex 0 116.497 4.41857
      vertex -3 116.372 4.15
      vertex 0 116.372 4.15
    endloop
  endfacet
  facet normal 0 -0.0872256 -0.996189
    outer loop
      vertex -3 114.9 6.7
      vertex 0 115.195 6.67417
      vertex 0 114.9 6.7
    endloop
  endfacet
  facet normal -0 -0.0872256 -0.996189
    outer loop
      vertex 0 115.195 6.67417
      vertex -3 114.9 6.7
      vertex -3 115.195 6.67417
    endloop
  endfacet
  facet normal 0 -0.573168 -0.819438
    outer loop
      vertex -3 115.75 6.47224
      vertex 0 115.993 6.30227
      vertex 0 115.75 6.47224
    endloop
  endfacet
  facet normal -0 -0.573168 -0.819438
    outer loop
      vertex 0 115.993 6.30227
      vertex -3 115.75 6.47224
      vertex -3 115.993 6.30227
    endloop
  endfacet
  facet normal 0 -0.819102 -0.573648
    outer loop
      vertex -3 116.372 5.85
      vertex 0 116.202 6.09274
      vertex -3 116.202 6.09274
    endloop
  endfacet
  facet normal 0 -0.819102 -0.573648
    outer loop
      vertex 0 116.202 6.09274
      vertex -3 116.372 5.85
      vertex 0 116.372 5.85
    endloop
  endfacet
  facet normal 0 -0.965668 -0.259779
    outer loop
      vertex -3 116.574 5.2952
      vertex 0 116.497 5.58143
      vertex -3 116.497 5.58143
    endloop
  endfacet
  facet normal 0 -0.965668 -0.259779
    outer loop
      vertex 0 116.497 5.58143
      vertex -3 116.574 5.2952
      vertex 0 116.574 5.2952
    endloop
  endfacet
  facet normal 0 -0.708002 -0.706211
    outer loop
      vertex -3 115.993 6.30227
      vertex 0 116.202 6.09274
      vertex 0 115.993 6.30227
    endloop
  endfacet
  facet normal -0 -0.708002 -0.706211
    outer loop
      vertex 0 116.202 6.09274
      vertex -3 115.993 6.30227
      vertex -3 116.202 6.09274
    endloop
  endfacet
  facet normal 0 -0.0872256 0.996189
    outer loop
      vertex -3 115.195 3.32583
      vertex 0 114.9 3.3
      vertex 0 115.195 3.32583
    endloop
  endfacet
  facet normal 0 -0.0872256 0.996189
    outer loop
      vertex 0 114.9 3.3
      vertex -3 115.195 3.32583
      vertex -3 114.9 3.3
    endloop
  endfacet
  facet normal -0 0.258997 0.965878
    outer loop
      vertex -3 114.605 3.32583
      vertex 0 114.319 3.40252
      vertex 0 114.605 3.32583
    endloop
  endfacet
  facet normal 0 0.258997 0.965878
    outer loop
      vertex 0 114.319 3.40252
      vertex -3 114.605 3.32583
      vertex -3 114.319 3.40252
    endloop
  endfacet
  facet normal 0 0.258997 -0.965878
    outer loop
      vertex -3 114.319 6.59748
      vertex 0 114.605 6.67417
      vertex 0 114.319 6.59748
    endloop
  endfacet
  facet normal 0 0.258997 -0.965878
    outer loop
      vertex 0 114.605 6.67417
      vertex -3 114.319 6.59748
      vertex -3 114.605 6.67417
    endloop
  endfacet
  facet normal 0 0.819102 0.573648
    outer loop
      vertex 0 113.598 3.90726
      vertex -3 113.428 4.15
      vertex 0 113.428 4.15
    endloop
  endfacet
  facet normal 0 0.819102 0.573648
    outer loop
      vertex -3 113.428 4.15
      vertex 0 113.598 3.90726
      vertex -3 113.598 3.90726
    endloop
  endfacet
  facet normal 0 -0.708019 0.706194
    outer loop
      vertex -3 116.202 3.90726
      vertex 0 115.993 3.69772
      vertex 0 116.202 3.90726
    endloop
  endfacet
  facet normal 0 -0.708019 0.706194
    outer loop
      vertex 0 115.993 3.69772
      vertex -3 116.202 3.90726
      vertex -3 115.993 3.69772
    endloop
  endfacet
  facet normal 0 -0.819102 0.573648
    outer loop
      vertex -3 116.202 3.90726
      vertex 0 116.372 4.15
      vertex -3 116.372 4.15
    endloop
  endfacet
  facet normal 0 -0.819102 0.573648
    outer loop
      vertex 0 116.372 4.15
      vertex -3 116.202 3.90726
      vertex 0 116.202 3.90726
    endloop
  endfacet
  facet normal 0 -0.258997 -0.965878
    outer loop
      vertex -3 115.195 6.67417
      vertex 0 115.481 6.59748
      vertex 0 115.195 6.67417
    endloop
  endfacet
  facet normal -0 -0.258997 -0.965878
    outer loop
      vertex 0 115.481 6.59748
      vertex -3 115.195 6.67417
      vertex -3 115.481 6.59748
    endloop
  endfacet
  facet normal -0 0.422074 0.906562
    outer loop
      vertex -3 114.319 3.40252
      vertex 0 114.05 3.52776
      vertex 0 114.319 3.40252
    endloop
  endfacet
  facet normal 0 0.422074 0.906562
    outer loop
      vertex 0 114.05 3.52776
      vertex -3 114.319 3.40252
      vertex -3 114.05 3.52776
    endloop
  endfacet
  facet normal 0 0.0872256 -0.996189
    outer loop
      vertex -3 114.605 6.67417
      vertex 0 114.9 6.7
      vertex 0 114.605 6.67417
    endloop
  endfacet
  facet normal 0 0.0872256 -0.996189
    outer loop
      vertex 0 114.9 6.7
      vertex -3 114.605 6.67417
      vertex -3 114.9 6.7
    endloop
  endfacet
  facet normal 0 0.422074 -0.906562
    outer loop
      vertex -3 114.05 6.47224
      vertex 0 114.319 6.59748
      vertex 0 114.05 6.47224
    endloop
  endfacet
  facet normal 0 0.422074 -0.906562
    outer loop
      vertex 0 114.319 6.59748
      vertex -3 114.05 6.47224
      vertex -3 114.319 6.59748
    endloop
  endfacet
  facet normal 0 0.965668 0.259779
    outer loop
      vertex 0 113.303 4.41857
      vertex -3 113.226 4.7048
      vertex 0 113.226 4.7048
    endloop
  endfacet
  facet normal 0 0.965668 0.259779
    outer loop
      vertex -3 113.226 4.7048
      vertex 0 113.303 4.41857
      vertex -3 113.303 4.41857
    endloop
  endfacet
  facet normal 0 0.906613 0.421963
    outer loop
      vertex 0 113.428 4.15
      vertex -3 113.303 4.41857
      vertex 0 113.303 4.41857
    endloop
  endfacet
  facet normal 0 0.906613 0.421963
    outer loop
      vertex -3 113.303 4.41857
      vertex 0 113.428 4.15
      vertex -3 113.428 4.15
    endloop
  endfacet
  facet normal 0 0.708019 0.706194
    outer loop
      vertex 0 113.807 3.69772
      vertex -3 113.598 3.90726
      vertex 0 113.598 3.90726
    endloop
  endfacet
  facet normal 0 0.708019 0.706194
    outer loop
      vertex -3 113.598 3.90726
      vertex 0 113.807 3.69772
      vertex -3 113.807 3.69772
    endloop
  endfacet
  facet normal 0 0.573168 -0.819438
    outer loop
      vertex -3 113.807 6.30227
      vertex 0 114.05 6.47224
      vertex 0 113.807 6.30227
    endloop
  endfacet
  facet normal 0 0.573168 -0.819438
    outer loop
      vertex 0 114.05 6.47224
      vertex -3 113.807 6.30227
      vertex -3 114.05 6.47224
    endloop
  endfacet
  facet normal -0 0.573145 0.819454
    outer loop
      vertex -3 114.05 3.52776
      vertex 0 113.807 3.69772
      vertex 0 114.05 3.52776
    endloop
  endfacet
  facet normal 0 0.573145 0.819454
    outer loop
      vertex 0 113.807 3.69772
      vertex -3 114.05 3.52776
      vertex -3 113.807 3.69772
    endloop
  endfacet
  facet normal 0 0.819102 -0.573648
    outer loop
      vertex 0 113.428 5.85
      vertex -3 113.598 6.09274
      vertex 0 113.598 6.09274
    endloop
  endfacet
  facet normal 0 0.819102 -0.573648
    outer loop
      vertex -3 113.598 6.09274
      vertex 0 113.428 5.85
      vertex -3 113.428 5.85
    endloop
  endfacet
  facet normal 0 0.906613 -0.421963
    outer loop
      vertex 0 113.303 5.58143
      vertex -3 113.428 5.85
      vertex 0 113.428 5.85
    endloop
  endfacet
  facet normal 0 0.906613 -0.421963
    outer loop
      vertex -3 113.428 5.85
      vertex 0 113.303 5.58143
      vertex -3 113.303 5.58143
    endloop
  endfacet
  facet normal 0 0.996144 0.0877362
    outer loop
      vertex 0 113.226 4.7048
      vertex -3 113.2 5
      vertex 0 113.2 5
    endloop
  endfacet
  facet normal 0 0.996144 0.0877362
    outer loop
      vertex -3 113.2 5
      vertex 0 113.226 4.7048
      vertex -3 113.226 4.7048
    endloop
  endfacet
  facet normal 0 0.996144 -0.0877362
    outer loop
      vertex 0 113.2 5
      vertex -3 113.226 5.2952
      vertex 0 113.226 5.2952
    endloop
  endfacet
  facet normal 0 0.996144 -0.0877362
    outer loop
      vertex -3 113.226 5.2952
      vertex 0 113.2 5
      vertex -3 113.2 5
    endloop
  endfacet
  facet normal 0 0.708002 -0.706211
    outer loop
      vertex 0 113.598 6.09274
      vertex -3 113.807 6.30227
      vertex 0 113.807 6.30227
    endloop
  endfacet
  facet normal 0 0.708002 -0.706211
    outer loop
      vertex -3 113.807 6.30227
      vertex 0 113.598 6.09274
      vertex -3 113.598 6.09274
    endloop
  endfacet
  facet normal 0 0.965668 -0.259779
    outer loop
      vertex 0 113.226 5.2952
      vertex -3 113.303 5.58143
      vertex 0 113.303 5.58143
    endloop
  endfacet
  facet normal 0 0.965668 -0.259779
    outer loop
      vertex -3 113.303 5.58143
      vertex 0 113.226 5.2952
      vertex -3 113.226 5.2952
    endloop
  endfacet
  facet normal -1 0 0
    outer loop
      vertex -3 -3.40252 86.7814
      vertex -3 2.4 172.4
      vertex -3 -3.32583 86.4952
    endloop
  endfacet
  facet normal -1 0 0
    outer loop
      vertex -3 2.4 172.4
      vertex -3 -3.32583 157.105
      vertex -3 -3.3 157.4
    endloop
  endfacet
  facet normal -1 0 0
    outer loop
      vertex -3 -3.40252 156.819
      vertex -3 2.4 172.4
      vertex -3 -3.40252 86.7814
    endloop
  endfacet
  facet normal -1 0 0
    outer loop
      vertex -3 2.4 172.4
      vertex -3 -3.40252 156.819
      vertex -3 -3.32583 157.105
    endloop
  endfacet
  facet normal -1 0 0
    outer loop
      vertex -3 -3.52776 87.05
      vertex -3 -3.40252 156.819
      vertex -3 -3.40252 86.7814
    endloop
  endfacet
  facet normal -1 0 0
    outer loop
      vertex -3 -3.52776 87.05
      vertex -3 -3.52776 156.55
      vertex -3 -3.40252 156.819
    endloop
  endfacet
  facet normal -1 0 0
    outer loop
      vertex -3 -3.69772 87.2927
      vertex -3 -3.52776 156.55
      vertex -3 -3.52776 87.05
    endloop
  endfacet
  facet normal -1 0 0
    outer loop
      vertex -3 -3.69772 87.2927
      vertex -3 -3.69772 156.307
      vertex -3 -3.52776 156.55
    endloop
  endfacet
  facet normal -1 0 0
    outer loop
      vertex -3 -3.90726 87.5023
      vertex -3 -3.69772 156.307
      vertex -3 -3.69772 87.2927
    endloop
  endfacet
  facet normal -1 0 0
    outer loop
      vertex -3 -3.90726 87.5023
      vertex -3 -3.90726 156.098
      vertex -3 -3.69772 156.307
    endloop
  endfacet
  facet normal -1 0 0
    outer loop
      vertex -3 -4.15 87.6722
      vertex -3 -3.90726 156.098
      vertex -3 -3.90726 87.5023
    endloop
  endfacet
  facet normal -1 0 0
    outer loop
      vertex -3 -4.15 87.6722
      vertex -3 -4.15 155.928
      vertex -3 -3.90726 156.098
    endloop
  endfacet
  facet normal -1 0 0
    outer loop
      vertex -3 -4.41857 87.7975
      vertex -3 -4.15 155.928
      vertex -3 -4.15 87.6722
    endloop
  endfacet
  facet normal -1 0 0
    outer loop
      vertex -3 -4.41857 87.7975
      vertex -3 -4.41857 155.803
      vertex -3 -4.15 155.928
    endloop
  endfacet
  facet normal -1 0 0
    outer loop
      vertex -3 -4.7048 87.8742
      vertex -3 -4.41857 155.803
      vertex -3 -4.41857 87.7975
    endloop
  endfacet
  facet normal -1 0 0
    outer loop
      vertex -3 -4.7048 87.8742
      vertex -3 -4.7048 155.726
      vertex -3 -4.41857 155.803
    endloop
  endfacet
  facet normal -1 0 0
    outer loop
      vertex -3 -5 87.9
      vertex -3 -4.7048 155.726
      vertex -3 -4.7048 87.8742
    endloop
  endfacet
  facet normal -1 0 0
    outer loop
      vertex -3 -5 87.9
      vertex -3 -5 155.7
      vertex -3 -4.7048 155.726
    endloop
  endfacet
  facet normal -1 0 0
    outer loop
      vertex -3 -5.2952 87.8742
      vertex -3 -5 155.7
      vertex -3 -5 87.9
    endloop
  endfacet
  facet normal -1 0 0
    outer loop
      vertex -3 -5.2952 87.8742
      vertex -3 -5.2952 155.726
      vertex -3 -5 155.7
    endloop
  endfacet
  facet normal -1 0 0
    outer loop
      vertex -3 -5.58143 87.7975
      vertex -3 -5.2952 155.726
      vertex -3 -5.2952 87.8742
    endloop
  endfacet
  facet normal -1 0 0
    outer loop
      vertex -3 -5.58143 87.7975
      vertex -3 -5.58143 155.803
      vertex -3 -5.2952 155.726
    endloop
  endfacet
  facet normal -1 0 0
    outer loop
      vertex -3 -5.85 87.6722
      vertex -3 -5.58143 155.803
      vertex -3 -5.58143 87.7975
    endloop
  endfacet
  facet normal -1 0 0
    outer loop
      vertex -3 -5.85 87.6722
      vertex -3 -5.85 155.928
      vertex -3 -5.58143 155.803
    endloop
  endfacet
  facet normal -1 0 0
    outer loop
      vertex -3 -6.09274 87.5023
      vertex -3 -5.85 155.928
      vertex -3 -5.85 87.6722
    endloop
  endfacet
  facet normal -1 0 0
    outer loop
      vertex -3 -6.09274 87.5023
      vertex -3 -6.09274 156.098
      vertex -3 -5.85 155.928
    endloop
  endfacet
  facet normal -1 0 0
    outer loop
      vertex -3 -6.30227 87.2927
      vertex -3 -6.09274 156.098
      vertex -3 -6.09274 87.5023
    endloop
  endfacet
  facet normal -1 0 0
    outer loop
      vertex -3 -6.30227 87.2927
      vertex -3 -6.30227 156.307
      vertex -3 -6.09274 156.098
    endloop
  endfacet
  facet normal -1 0 0
    outer loop
      vertex -3 -6.47224 87.05
      vertex -3 -6.30227 156.307
      vertex -3 -6.30227 87.2927
    endloop
  endfacet
  facet normal -1 0 0
    outer loop
      vertex -3 -6.47224 87.05
      vertex -3 -6.47224 156.55
      vertex -3 -6.30227 156.307
    endloop
  endfacet
  facet normal -1 0 0
    outer loop
      vertex -3 -6.59748 86.7814
      vertex -3 -6.47224 156.55
      vertex -3 -6.47224 87.05
    endloop
  endfacet
  facet normal -1 0 0
    outer loop
      vertex -3 -6.59748 86.7814
      vertex -3 -6.59748 156.819
      vertex -3 -6.47224 156.55
    endloop
  endfacet
  facet normal -1 0 0
    outer loop
      vertex -3 -6.67417 86.4952
      vertex -3 -6.59748 156.819
      vertex -3 -6.59748 86.7814
    endloop
  endfacet
  facet normal -1 0 0
    outer loop
      vertex -3 -6.67417 86.4952
      vertex -3 -6.67417 157.105
      vertex -3 -6.59748 156.819
    endloop
  endfacet
  facet normal -1 0 0
    outer loop
      vertex -3 -10 172.4
      vertex -3 -6.67417 86.4952
      vertex -3 -6.7 86.2
    endloop
  endfacet
  facet normal -1 0 0
    outer loop
      vertex -3 -6.67417 86.4952
      vertex -3 -10 172.4
      vertex -3 -6.67417 157.105
    endloop
  endfacet
  facet normal -1 0 0
    outer loop
      vertex -3 -3.40252 25.5814
      vertex -3 2.4 10
      vertex -3 -3.32583 25.2952
    endloop
  endfacet
  facet normal -1 0 0
    outer loop
      vertex -3 2.4 10
      vertex -3 -3.32583 85.9048
      vertex -3 -3.3 86.2
    endloop
  endfacet
  facet normal -1 0 0
    outer loop
      vertex -3 -3.40252 85.6186
      vertex -3 2.4 10
      vertex -3 -3.40252 25.5814
    endloop
  endfacet
  facet normal -1 0 0
    outer loop
      vertex -3 2.4 10
      vertex -3 -3.40252 85.6186
      vertex -3 -3.32583 85.9048
    endloop
  endfacet
  facet normal -1 0 0
    outer loop
      vertex -3 -3.52776 25.85
      vertex -3 -3.40252 85.6186
      vertex -3 -3.40252 25.5814
    endloop
  endfacet
  facet normal -1 0 0
    outer loop
      vertex -3 -3.52776 25.85
      vertex -3 -3.52776 85.35
      vertex -3 -3.40252 85.6186
    endloop
  endfacet
  facet normal -1 0 0
    outer loop
      vertex -3 -3.69772 26.0927
      vertex -3 -3.52776 85.35
      vertex -3 -3.52776 25.85
    endloop
  endfacet
  facet normal -1 0 0
    outer loop
      vertex -3 -3.69772 26.0927
      vertex -3 -3.69772 85.1073
      vertex -3 -3.52776 85.35
    endloop
  endfacet
  facet normal -1 0 0
    outer loop
      vertex -3 -3.90726 26.3023
      vertex -3 -3.69772 85.1073
      vertex -3 -3.69772 26.0927
    endloop
  endfacet
  facet normal -1 0 0
    outer loop
      vertex -3 -3.90726 26.3023
      vertex -3 -3.90726 84.8977
      vertex -3 -3.69772 85.1073
    endloop
  endfacet
  facet normal -1 0 0
    outer loop
      vertex -3 -4.15 26.4722
      vertex -3 -3.90726 84.8977
      vertex -3 -3.90726 26.3023
    endloop
  endfacet
  facet normal -1 0 0
    outer loop
      vertex -3 -4.15 26.4722
      vertex -3 -4.15 84.7278
      vertex -3 -3.90726 84.8977
    endloop
  endfacet
  facet normal -1 0 0
    outer loop
      vertex -3 -4.41857 26.5975
      vertex -3 -4.15 84.7278
      vertex -3 -4.15 26.4722
    endloop
  endfacet
  facet normal -1 0 0
    outer loop
      vertex -3 -4.41857 26.5975
      vertex -3 -4.41857 84.6025
      vertex -3 -4.15 84.7278
    endloop
  endfacet
  facet normal -1 0 0
    outer loop
      vertex -3 -4.7048 26.6742
      vertex -3 -4.41857 84.6025
      vertex -3 -4.41857 26.5975
    endloop
  endfacet
  facet normal -1 0 0
    outer loop
      vertex -3 -4.7048 26.6742
      vertex -3 -4.7048 84.5258
      vertex -3 -4.41857 84.6025
    endloop
  endfacet
  facet normal -1 0 0
    outer loop
      vertex -3 -5 26.7
      vertex -3 -4.7048 84.5258
      vertex -3 -4.7048 26.6742
    endloop
  endfacet
  facet normal -1 0 0
    outer loop
      vertex -3 -5 26.7
      vertex -3 -5 84.5
      vertex -3 -4.7048 84.5258
    endloop
  endfacet
  facet normal -1 0 0
    outer loop
      vertex -3 -5.2952 26.6742
      vertex -3 -5 84.5
      vertex -3 -5 26.7
    endloop
  endfacet
  facet normal -1 0 0
    outer loop
      vertex -3 -5.2952 26.6742
      vertex -3 -5.2952 84.5258
      vertex -3 -5 84.5
    endloop
  endfacet
  facet normal -1 0 0
    outer loop
      vertex -3 -5.58143 26.5975
      vertex -3 -5.2952 84.5258
      vertex -3 -5.2952 26.6742
    endloop
  endfacet
  facet normal -1 0 0
    outer loop
      vertex -3 -5.58143 26.5975
      vertex -3 -5.58143 84.6025
      vertex -3 -5.2952 84.5258
    endloop
  endfacet
  facet normal -1 0 0
    outer loop
      vertex -3 -5.85 26.4722
      vertex -3 -5.58143 84.6025
      vertex -3 -5.58143 26.5975
    endloop
  endfacet
  facet normal -1 0 0
    outer loop
      vertex -3 -5.85 26.4722
      vertex -3 -5.85 84.7278
      vertex -3 -5.58143 84.6025
    endloop
  endfacet
  facet normal -1 0 0
    outer loop
      vertex -3 -6.09274 26.3023
      vertex -3 -5.85 84.7278
      vertex -3 -5.85 26.4722
    endloop
  endfacet
  facet normal -1 0 0
    outer loop
      vertex -3 -6.09274 26.3023
      vertex -3 -6.09274 84.8977
      vertex -3 -5.85 84.7278
    endloop
  endfacet
  facet normal -1 0 0
    outer loop
      vertex -3 -6.30227 26.0927
      vertex -3 -6.09274 84.8977
      vertex -3 -6.09274 26.3023
    endloop
  endfacet
  facet normal -1 0 0
    outer loop
      vertex -3 -6.30227 26.0927
      vertex -3 -6.30227 85.1073
      vertex -3 -6.09274 84.8977
    endloop
  endfacet
  facet normal -1 0 0
    outer loop
      vertex -3 -6.47224 25.85
      vertex -3 -6.30227 85.1073
      vertex -3 -6.30227 26.0927
    endloop
  endfacet
  facet normal -1 0 0
    outer loop
      vertex -3 -6.47224 25.85
      vertex -3 -6.47224 85.35
      vertex -3 -6.30227 85.1073
    endloop
  endfacet
  facet normal -1 0 0
    outer loop
      vertex -3 -6.59748 25.5814
      vertex -3 -6.47224 85.35
      vertex -3 -6.47224 25.85
    endloop
  endfacet
  facet normal -1 0 0
    outer loop
      vertex -3 -6.59748 25.5814
      vertex -3 -6.59748 85.6186
      vertex -3 -6.47224 85.35
    endloop
  endfacet
  facet normal -1 0 0
    outer loop
      vertex -3 -6.67417 25.2952
      vertex -3 -6.59748 85.6186
      vertex -3 -6.59748 25.5814
    endloop
  endfacet
  facet normal -1 0 0
    outer loop
      vertex -3 -6.67417 25.2952
      vertex -3 -6.67417 85.9048
      vertex -3 -6.59748 85.6186
    endloop
  endfacet
  facet normal -1 0 0
    outer loop
      vertex -3 -6.7 25
      vertex -3 -6.67417 85.9048
      vertex -3 -6.67417 25.2952
    endloop
  endfacet
  facet normal -1 -0 0
    outer loop
      vertex -3 -6.67417 85.9048
      vertex -3 -6.7 25
      vertex -3 -6.7 86.2
    endloop
  endfacet
  facet normal -1 0 0
    outer loop
      vertex -3 161.474 157.105
      vertex -3 164.8 172.4
      vertex -3 161.474 86.4952
    endloop
  endfacet
  facet normal -1 0 0
    outer loop
      vertex -3 164.8 172.4
      vertex -3 161.474 157.105
      vertex -3 161.5 157.4
    endloop
  endfacet
  facet normal -1 0 0
    outer loop
      vertex -3 161.397 86.7814
      vertex -3 161.474 157.105
      vertex -3 161.474 86.4952
    endloop
  endfacet
  facet normal -1 0 0
    outer loop
      vertex -3 161.397 86.7814
      vertex -3 161.397 156.819
      vertex -3 161.474 157.105
    endloop
  endfacet
  facet normal -1 0 0
    outer loop
      vertex -3 161.272 87.05
      vertex -3 161.397 156.819
      vertex -3 161.397 86.7814
    endloop
  endfacet
  facet normal -1 0 0
    outer loop
      vertex -3 161.272 87.05
      vertex -3 161.272 156.55
      vertex -3 161.397 156.819
    endloop
  endfacet
  facet normal -1 0 0
    outer loop
      vertex -3 161.102 87.2927
      vertex -3 161.272 156.55
      vertex -3 161.272 87.05
    endloop
  endfacet
  facet normal -1 0 0
    outer loop
      vertex -3 161.102 87.2927
      vertex -3 161.102 156.307
      vertex -3 161.272 156.55
    endloop
  endfacet
  facet normal -1 0 0
    outer loop
      vertex -3 160.893 87.5023
      vertex -3 161.102 156.307
      vertex -3 161.102 87.2927
    endloop
  endfacet
  facet normal -1 0 0
    outer loop
      vertex -3 160.893 87.5023
      vertex -3 160.893 156.098
      vertex -3 161.102 156.307
    endloop
  endfacet
  facet normal -1 0 0
    outer loop
      vertex -3 160.65 87.6722
      vertex -3 160.893 156.098
      vertex -3 160.893 87.5023
    endloop
  endfacet
  facet normal -1 0 0
    outer loop
      vertex -3 160.65 87.6722
      vertex -3 160.65 155.928
      vertex -3 160.893 156.098
    endloop
  endfacet
  facet normal -1 0 0
    outer loop
      vertex -3 160.381 87.7975
      vertex -3 160.65 155.928
      vertex -3 160.65 87.6722
    endloop
  endfacet
  facet normal -1 0 0
    outer loop
      vertex -3 160.381 87.7975
      vertex -3 160.381 155.803
      vertex -3 160.65 155.928
    endloop
  endfacet
  facet normal -1 0 0
    outer loop
      vertex -3 160.095 87.8742
      vertex -3 160.381 155.803
      vertex -3 160.381 87.7975
    endloop
  endfacet
  facet normal -1 0 0
    outer loop
      vertex -3 160.095 87.8742
      vertex -3 160.095 155.726
      vertex -3 160.381 155.803
    endloop
  endfacet
  facet normal -1 0 0
    outer loop
      vertex -3 159.8 87.9
      vertex -3 160.095 155.726
      vertex -3 160.095 87.8742
    endloop
  endfacet
  facet normal -1 0 0
    outer loop
      vertex -3 159.8 87.9
      vertex -3 159.8 155.7
      vertex -3 160.095 155.726
    endloop
  endfacet
  facet normal -1 0 0
    outer loop
      vertex -3 159.505 87.8742
      vertex -3 159.8 155.7
      vertex -3 159.8 87.9
    endloop
  endfacet
  facet normal -1 0 0
    outer loop
      vertex -3 159.505 87.8742
      vertex -3 159.505 155.726
      vertex -3 159.8 155.7
    endloop
  endfacet
  facet normal -1 0 0
    outer loop
      vertex -3 159.219 87.7975
      vertex -3 159.505 155.726
      vertex -3 159.505 87.8742
    endloop
  endfacet
  facet normal -1 0 0
    outer loop
      vertex -3 159.219 87.7975
      vertex -3 159.219 155.803
      vertex -3 159.505 155.726
    endloop
  endfacet
  facet normal -1 0 0
    outer loop
      vertex -3 158.95 87.6722
      vertex -3 159.219 155.803
      vertex -3 159.219 87.7975
    endloop
  endfacet
  facet normal -1 0 0
    outer loop
      vertex -3 158.95 87.6722
      vertex -3 158.95 155.928
      vertex -3 159.219 155.803
    endloop
  endfacet
  facet normal -1 0 0
    outer loop
      vertex -3 158.707 87.5023
      vertex -3 158.95 155.928
      vertex -3 158.95 87.6722
    endloop
  endfacet
  facet normal -1 0 0
    outer loop
      vertex -3 158.707 87.5023
      vertex -3 158.707 156.098
      vertex -3 158.95 155.928
    endloop
  endfacet
  facet normal -1 0 0
    outer loop
      vertex -3 158.498 87.2927
      vertex -3 158.707 156.098
      vertex -3 158.707 87.5023
    endloop
  endfacet
  facet normal -1 0 0
    outer loop
      vertex -3 158.498 87.2927
      vertex -3 158.498 156.307
      vertex -3 158.707 156.098
    endloop
  endfacet
  facet normal -1 0 0
    outer loop
      vertex -3 158.328 87.05
      vertex -3 158.498 156.307
      vertex -3 158.498 87.2927
    endloop
  endfacet
  facet normal -1 0 0
    outer loop
      vertex -3 158.328 87.05
      vertex -3 158.328 156.55
      vertex -3 158.498 156.307
    endloop
  endfacet
  facet normal -1 0 0
    outer loop
      vertex -3 158.203 86.7814
      vertex -3 158.328 156.55
      vertex -3 158.328 87.05
    endloop
  endfacet
  facet normal -1 0 0
    outer loop
      vertex -3 158.203 86.7814
      vertex -3 158.203 156.819
      vertex -3 158.328 156.55
    endloop
  endfacet
  facet normal -1 0 0
    outer loop
      vertex -3 152.4 172.4
      vertex -3 158.203 86.7814
      vertex -3 158.126 86.4952
    endloop
  endfacet
  facet normal -1 0 0
    outer loop
      vertex -3 158.203 86.7814
      vertex -3 152.4 172.4
      vertex -3 158.203 156.819
    endloop
  endfacet
  facet normal -1 0 0
    outer loop
      vertex -3 152.4 172.4
      vertex -3 158.126 86.4952
      vertex -3 158.1 86.2
    endloop
  endfacet
  facet normal -1 0 0
    outer loop
      vertex -3 158.203 156.819
      vertex -3 152.4 172.4
      vertex -3 158.126 157.105
    endloop
  endfacet
  facet normal -1 0 0
    outer loop
      vertex -3 161.474 25.2952
      vertex -3 161.5 86.2
      vertex -3 161.5 25
    endloop
  endfacet
  facet normal -1 0 0
    outer loop
      vertex -3 161.474 25.2952
      vertex -3 161.474 85.9048
      vertex -3 161.5 86.2
    endloop
  endfacet
  facet normal -1 0 0
    outer loop
      vertex -3 161.397 25.5814
      vertex -3 161.474 85.9048
      vertex -3 161.474 25.2952
    endloop
  endfacet
  facet normal -1 0 0
    outer loop
      vertex -3 161.397 25.5814
      vertex -3 161.397 85.6186
      vertex -3 161.474 85.9048
    endloop
  endfacet
  facet normal -1 0 0
    outer loop
      vertex -3 161.272 25.85
      vertex -3 161.397 85.6186
      vertex -3 161.397 25.5814
    endloop
  endfacet
  facet normal -1 0 0
    outer loop
      vertex -3 161.272 25.85
      vertex -3 161.272 85.35
      vertex -3 161.397 85.6186
    endloop
  endfacet
  facet normal -1 0 0
    outer loop
      vertex -3 161.102 26.0927
      vertex -3 161.272 85.35
      vertex -3 161.272 25.85
    endloop
  endfacet
  facet normal -1 0 0
    outer loop
      vertex -3 161.102 26.0927
      vertex -3 161.102 85.1073
      vertex -3 161.272 85.35
    endloop
  endfacet
  facet normal -1 0 0
    outer loop
      vertex -3 160.893 26.3023
      vertex -3 161.102 85.1073
      vertex -3 161.102 26.0927
    endloop
  endfacet
  facet normal -1 0 0
    outer loop
      vertex -3 160.893 26.3023
      vertex -3 160.893 84.8977
      vertex -3 161.102 85.1073
    endloop
  endfacet
  facet normal -1 0 0
    outer loop
      vertex -3 160.65 26.4722
      vertex -3 160.893 84.8977
      vertex -3 160.893 26.3023
    endloop
  endfacet
  facet normal -1 0 0
    outer loop
      vertex -3 160.65 26.4722
      vertex -3 160.65 84.7278
      vertex -3 160.893 84.8977
    endloop
  endfacet
  facet normal -1 0 0
    outer loop
      vertex -3 160.381 26.5975
      vertex -3 160.65 84.7278
      vertex -3 160.65 26.4722
    endloop
  endfacet
  facet normal -1 0 0
    outer loop
      vertex -3 160.381 26.5975
      vertex -3 160.381 84.6025
      vertex -3 160.65 84.7278
    endloop
  endfacet
  facet normal -1 0 0
    outer loop
      vertex -3 160.095 26.6742
      vertex -3 160.381 84.6025
      vertex -3 160.381 26.5975
    endloop
  endfacet
  facet normal -1 0 0
    outer loop
      vertex -3 160.095 26.6742
      vertex -3 160.095 84.5258
      vertex -3 160.381 84.6025
    endloop
  endfacet
  facet normal -1 0 0
    outer loop
      vertex -3 159.8 26.7
      vertex -3 160.095 84.5258
      vertex -3 160.095 26.6742
    endloop
  endfacet
  facet normal -1 0 0
    outer loop
      vertex -3 159.8 26.7
      vertex -3 159.8 84.5
      vertex -3 160.095 84.5258
    endloop
  endfacet
  facet normal -1 0 0
    outer loop
      vertex -3 159.505 26.6742
      vertex -3 159.8 84.5
      vertex -3 159.8 26.7
    endloop
  endfacet
  facet normal -1 0 0
    outer loop
      vertex -3 159.505 26.6742
      vertex -3 159.505 84.5258
      vertex -3 159.8 84.5
    endloop
  endfacet
  facet normal -1 0 0
    outer loop
      vertex -3 159.219 26.5975
      vertex -3 159.505 84.5258
      vertex -3 159.505 26.6742
    endloop
  endfacet
  facet normal -1 0 0
    outer loop
      vertex -3 159.219 26.5975
      vertex -3 159.219 84.6025
      vertex -3 159.505 84.5258
    endloop
  endfacet
  facet normal -1 0 0
    outer loop
      vertex -3 158.95 26.4722
      vertex -3 159.219 84.6025
      vertex -3 159.219 26.5975
    endloop
  endfacet
  facet normal -1 0 0
    outer loop
      vertex -3 158.95 26.4722
      vertex -3 158.95 84.7278
      vertex -3 159.219 84.6025
    endloop
  endfacet
  facet normal -1 0 0
    outer loop
      vertex -3 158.707 26.3023
      vertex -3 158.95 84.7278
      vertex -3 158.95 26.4722
    endloop
  endfacet
  facet normal -1 0 0
    outer loop
      vertex -3 158.707 26.3023
      vertex -3 158.707 84.8977
      vertex -3 158.95 84.7278
    endloop
  endfacet
  facet normal -1 0 0
    outer loop
      vertex -3 158.498 26.0927
      vertex -3 158.707 84.8977
      vertex -3 158.707 26.3023
    endloop
  endfacet
  facet normal -1 0 0
    outer loop
      vertex -3 158.498 26.0927
      vertex -3 158.498 85.1073
      vertex -3 158.707 84.8977
    endloop
  endfacet
  facet normal -1 0 0
    outer loop
      vertex -3 158.328 25.85
      vertex -3 158.498 85.1073
      vertex -3 158.498 26.0927
    endloop
  endfacet
  facet normal -1 0 0
    outer loop
      vertex -3 158.328 25.85
      vertex -3 158.328 85.35
      vertex -3 158.498 85.1073
    endloop
  endfacet
  facet normal -1 0 0
    outer loop
      vertex -3 158.203 25.5814
      vertex -3 158.328 85.35
      vertex -3 158.328 25.85
    endloop
  endfacet
  facet normal -1 0 0
    outer loop
      vertex -3 158.203 25.5814
      vertex -3 158.203 85.6186
      vertex -3 158.328 85.35
    endloop
  endfacet
  facet normal -1 0 0
    outer loop
      vertex -3 152.4 10
      vertex -3 158.203 25.5814
      vertex -3 158.126 25.2952
    endloop
  endfacet
  facet normal -1 -0 0
    outer loop
      vertex -3 158.203 25.5814
      vertex -3 152.4 10
      vertex -3 158.203 85.6186
    endloop
  endfacet
  facet normal -1 0 0
    outer loop
      vertex -3 152.4 10
      vertex -3 158.126 25.2952
      vertex -3 158.1 25
    endloop
  endfacet
  facet normal -1 -0 0
    outer loop
      vertex -3 158.203 85.6186
      vertex -3 152.4 10
      vertex -3 158.126 85.9048
    endloop
  endfacet
  facet normal -1 0 0
    outer loop
      vertex -3 161.5 86.2
      vertex -3 164.8 0
      vertex -3 161.5 25
    endloop
  endfacet
  facet normal -1 0 0
    outer loop
      vertex -3 164.8 0
      vertex -3 161.474 24.7048
      vertex -3 161.5 25
    endloop
  endfacet
  facet normal -1 0 0
    outer loop
      vertex -3 164.8 0
      vertex -3 161.397 24.4186
      vertex -3 161.474 24.7048
    endloop
  endfacet
  facet normal -1 0 0
    outer loop
      vertex -3 164.8 0
      vertex -3 161.272 24.15
      vertex -3 161.397 24.4186
    endloop
  endfacet
  facet normal -1 0 0
    outer loop
      vertex -3 164.8 0
      vertex -3 161.102 23.9073
      vertex -3 161.272 24.15
    endloop
  endfacet
  facet normal -1 0 0
    outer loop
      vertex -3 164.8 0
      vertex -3 160.893 23.6977
      vertex -3 161.102 23.9073
    endloop
  endfacet
  facet normal -1 0 0
    outer loop
      vertex -3 164.8 0
      vertex -3 160.65 23.5278
      vertex -3 160.893 23.6977
    endloop
  endfacet
  facet normal -1 0 0
    outer loop
      vertex -3 164.8 0
      vertex -3 160.381 23.4025
      vertex -3 160.65 23.5278
    endloop
  endfacet
  facet normal -1 0 0
    outer loop
      vertex -3 152.4 10
      vertex -3 160.381 23.4025
      vertex -3 164.8 0
    endloop
  endfacet
  facet normal -1 0 0
    outer loop
      vertex -3 160.381 23.4025
      vertex -3 152.4 10
      vertex -3 160.095 23.3258
    endloop
  endfacet
  facet normal -1 0 0
    outer loop
      vertex -3 160.095 23.3258
      vertex -3 152.4 10
      vertex -3 159.8 23.3
    endloop
  endfacet
  facet normal -1 -0 0
    outer loop
      vertex -3 159.8 23.3
      vertex -3 152.4 10
      vertex -3 159.505 23.3258
    endloop
  endfacet
  facet normal -1 -0 0
    outer loop
      vertex -3 159.505 23.3258
      vertex -3 152.4 10
      vertex -3 159.219 23.4025
    endloop
  endfacet
  facet normal -1 -0 0
    outer loop
      vertex -3 159.219 23.4025
      vertex -3 152.4 10
      vertex -3 158.95 23.5278
    endloop
  endfacet
  facet normal -1 -0 0
    outer loop
      vertex -3 158.95 23.5278
      vertex -3 152.4 10
      vertex -3 158.707 23.6977
    endloop
  endfacet
  facet normal -1 -0 0
    outer loop
      vertex -3 158.707 23.6977
      vertex -3 152.4 10
      vertex -3 158.498 23.9073
    endloop
  endfacet
  facet normal -1 -0 0
    outer loop
      vertex -3 158.498 23.9073
      vertex -3 152.4 10
      vertex -3 158.328 24.15
    endloop
  endfacet
  facet normal -1 -0 0
    outer loop
      vertex -3 158.126 85.9048
      vertex -3 152.4 10
      vertex -3 158.1 86.2
    endloop
  endfacet
  facet normal -1 0 0
    outer loop
      vertex -3 152.4 172.4
      vertex -3 158.1 86.2
      vertex -3 152.4 10
    endloop
  endfacet
  facet normal -1 -0 0
    outer loop
      vertex -3 158.126 24.7048
      vertex -3 152.4 10
      vertex -3 158.1 25
    endloop
  endfacet
  facet normal -1 -0 0
    outer loop
      vertex -3 158.203 24.4186
      vertex -3 152.4 10
      vertex -3 158.126 24.7048
    endloop
  endfacet
  facet normal -1 -0 0
    outer loop
      vertex -3 158.328 24.15
      vertex -3 152.4 10
      vertex -3 158.203 24.4186
    endloop
  endfacet
  facet normal -1 0 0
    outer loop
      vertex -3 115.993 3.69772
      vertex -3 152.4 10
      vertex -3 164.8 0
    endloop
  endfacet
  facet normal -1 0 0
    outer loop
      vertex -3 152.4 10
      vertex -3 116.574 4.7048
      vertex -3 116.6 5
    endloop
  endfacet
  facet normal -1 0 0
    outer loop
      vertex -3 152.4 10
      vertex -3 116.497 4.41857
      vertex -3 116.574 4.7048
    endloop
  endfacet
  facet normal -1 0 0
    outer loop
      vertex -3 152.4 10
      vertex -3 116.372 4.15
      vertex -3 116.497 4.41857
    endloop
  endfacet
  facet normal -1 0 0
    outer loop
      vertex -3 152.4 10
      vertex -3 116.202 3.90726
      vertex -3 116.372 4.15
    endloop
  endfacet
  facet normal -1 0 0
    outer loop
      vertex -3 152.4 10
      vertex -3 115.993 3.69772
      vertex -3 116.202 3.90726
    endloop
  endfacet
  facet normal -1 0 0
    outer loop
      vertex -3 164.8 0
      vertex -3 115.75 3.52776
      vertex -3 115.993 3.69772
    endloop
  endfacet
  facet normal -1 0 0
    outer loop
      vertex -3 164.8 0
      vertex -3 115.481 3.40252
      vertex -3 115.75 3.52776
    endloop
  endfacet
  facet normal -1 0 0
    outer loop
      vertex -3 164.8 0
      vertex -3 115.195 3.32583
      vertex -3 115.481 3.40252
    endloop
  endfacet
  facet normal -1 0 0
    outer loop
      vertex -3 164.8 0
      vertex -3 114.9 3.3
      vertex -3 115.195 3.32583
    endloop
  endfacet
  facet normal -1 0 0
    outer loop
      vertex -3 113.226 4.7048
      vertex -3 41.6 5
      vertex -3 113.2 5
    endloop
  endfacet
  facet normal -1 0 0
    outer loop
      vertex -3 41.5742 4.7048
      vertex -3 113.226 4.7048
      vertex -3 113.303 4.41857
    endloop
  endfacet
  facet normal -1 0 0
    outer loop
      vertex -3 41.4975 4.41857
      vertex -3 113.303 4.41857
      vertex -3 113.428 4.15
    endloop
  endfacet
  facet normal -1 0 0
    outer loop
      vertex -3 41.3722 4.15
      vertex -3 113.428 4.15
      vertex -3 113.598 3.90726
    endloop
  endfacet
  facet normal -1 0 0
    outer loop
      vertex -3 41.2023 3.90726
      vertex -3 113.598 3.90726
      vertex -3 113.807 3.69772
    endloop
  endfacet
  facet normal -1 0 0
    outer loop
      vertex -3 40.9927 3.69772
      vertex -3 113.807 3.69772
      vertex -3 114.05 3.52776
    endloop
  endfacet
  facet normal -1 0 0
    outer loop
      vertex -3 40.75 3.52776
      vertex -3 114.05 3.52776
      vertex -3 114.319 3.40252
    endloop
  endfacet
  facet normal -1 0 0
    outer loop
      vertex -3 40.4814 3.40252
      vertex -3 114.319 3.40252
      vertex -3 114.605 3.32583
    endloop
  endfacet
  facet normal -1 0 0
    outer loop
      vertex -3 40.1952 3.32583
      vertex -3 114.605 3.32583
      vertex -3 114.9 3.3
    endloop
  endfacet
  facet normal -1 0 0
    outer loop
      vertex -3 39.9 3.3
      vertex -3 114.9 3.3
      vertex -3 164.8 0
    endloop
  endfacet
  facet normal -1 0 0
    outer loop
      vertex -3 113.226 4.7048
      vertex -3 41.5742 4.7048
      vertex -3 41.6 5
    endloop
  endfacet
  facet normal -1 0 0
    outer loop
      vertex -3 113.303 4.41857
      vertex -3 41.4975 4.41857
      vertex -3 41.5742 4.7048
    endloop
  endfacet
  facet normal -1 0 0
    outer loop
      vertex -3 113.428 4.15
      vertex -3 41.3722 4.15
      vertex -3 41.4975 4.41857
    endloop
  endfacet
  facet normal -1 0 0
    outer loop
      vertex -3 113.598 3.90726
      vertex -3 41.2023 3.90726
      vertex -3 41.3722 4.15
    endloop
  endfacet
  facet normal -1 0 0
    outer loop
      vertex -3 113.807 3.69772
      vertex -3 40.9927 3.69772
      vertex -3 41.2023 3.90726
    endloop
  endfacet
  facet normal -1 0 0
    outer loop
      vertex -3 114.05 3.52776
      vertex -3 40.75 3.52776
      vertex -3 40.9927 3.69772
    endloop
  endfacet
  facet normal -1 0 0
    outer loop
      vertex -3 114.319 3.40252
      vertex -3 40.4814 3.40252
      vertex -3 40.75 3.52776
    endloop
  endfacet
  facet normal -1 0 0
    outer loop
      vertex -3 114.605 3.32583
      vertex -3 40.1952 3.32583
      vertex -3 40.4814 3.40252
    endloop
  endfacet
  facet normal -1 0 0
    outer loop
      vertex -3 114.9 3.3
      vertex -3 39.9 3.3
      vertex -3 40.1952 3.32583
    endloop
  endfacet
  facet normal -1 0 0
    outer loop
      vertex -3 38.2258 4.7048
      vertex -3 2.4 10
      vertex -3 38.2 5
    endloop
  endfacet
  facet normal -1 0 0
    outer loop
      vertex -3 38.3025 4.41857
      vertex -3 2.4 10
      vertex -3 38.2258 4.7048
    endloop
  endfacet
  facet normal -1 0 0
    outer loop
      vertex -3 38.4278 4.15
      vertex -3 2.4 10
      vertex -3 38.3025 4.41857
    endloop
  endfacet
  facet normal -1 0 0
    outer loop
      vertex -3 38.5977 3.90726
      vertex -3 2.4 10
      vertex -3 38.4278 4.15
    endloop
  endfacet
  facet normal -1 0 0
    outer loop
      vertex -3 38.8073 3.69772
      vertex -3 2.4 10
      vertex -3 38.5977 3.90726
    endloop
  endfacet
  facet normal -1 0 0
    outer loop
      vertex -3 -10 0
      vertex -3 38.8073 3.69772
      vertex -3 39.05 3.52776
    endloop
  endfacet
  facet normal -1 0 0
    outer loop
      vertex -3 -10 0
      vertex -3 39.05 3.52776
      vertex -3 39.3186 3.40252
    endloop
  endfacet
  facet normal -1 0 0
    outer loop
      vertex -3 -10 0
      vertex -3 39.3186 3.40252
      vertex -3 39.6048 3.32583
    endloop
  endfacet
  facet normal -1 0 0
    outer loop
      vertex -3 -3.32583 25.2952
      vertex -3 2.4 10
      vertex -3 -3.3 25
    endloop
  endfacet
  facet normal -1 0 0
    outer loop
      vertex -3 2.4 10
      vertex -3 -3.32583 24.7048
      vertex -3 -3.3 25
    endloop
  endfacet
  facet normal -1 0 0
    outer loop
      vertex -3 2.4 10
      vertex -3 -3.40252 24.4186
      vertex -3 -3.32583 24.7048
    endloop
  endfacet
  facet normal -1 0 0
    outer loop
      vertex -3 2.4 10
      vertex -3 -3.52776 24.15
      vertex -3 -3.40252 24.4186
    endloop
  endfacet
  facet normal -1 0 0
    outer loop
      vertex -3 2.4 10
      vertex -3 -3.69772 23.9073
      vertex -3 -3.52776 24.15
    endloop
  endfacet
  facet normal -1 0 0
    outer loop
      vertex -3 2.4 10
      vertex -3 -3.90726 23.6977
      vertex -3 -3.69772 23.9073
    endloop
  endfacet
  facet normal -1 0 0
    outer loop
      vertex -3 2.4 10
      vertex -3 -4.15 23.5278
      vertex -3 -3.90726 23.6977
    endloop
  endfacet
  facet normal -1 0 0
    outer loop
      vertex -3 2.4 10
      vertex -3 -4.41857 23.4025
      vertex -3 -4.15 23.5278
    endloop
  endfacet
  facet normal -1 0 0
    outer loop
      vertex -3 2.4 10
      vertex -3 -4.7048 23.3258
      vertex -3 -4.41857 23.4025
    endloop
  endfacet
  facet normal -1 0 0
    outer loop
      vertex -3 2.4 10
      vertex -3 -5 23.3
      vertex -3 -4.7048 23.3258
    endloop
  endfacet
  facet normal -1 0 0
    outer loop
      vertex -3 2.4 10
      vertex -3 -5.2952 23.3258
      vertex -3 -5 23.3
    endloop
  endfacet
  facet normal -1 0 0
    outer loop
      vertex -3 2.4 10
      vertex -3 -5.58143 23.4025
      vertex -3 -5.2952 23.3258
    endloop
  endfacet
  facet normal -1 0 0
    outer loop
      vertex -3 -10 0
      vertex -3 -5.58143 23.4025
      vertex -3 2.4 10
    endloop
  endfacet
  facet normal -1 -0 0
    outer loop
      vertex -3 -5.58143 23.4025
      vertex -3 -10 0
      vertex -3 -5.85 23.5278
    endloop
  endfacet
  facet normal -1 -0 0
    outer loop
      vertex -3 -5.85 23.5278
      vertex -3 -10 0
      vertex -3 -6.09274 23.6977
    endloop
  endfacet
  facet normal -1 -0 0
    outer loop
      vertex -3 -6.09274 23.6977
      vertex -3 -10 0
      vertex -3 -6.30227 23.9073
    endloop
  endfacet
  facet normal -1 0 0
    outer loop
      vertex -3 -10 0
      vertex -3 -6.7 86.2
      vertex -3 -6.7 25
    endloop
  endfacet
  facet normal -1 -0 0
    outer loop
      vertex -3 -6.7 86.2
      vertex -3 -10 0
      vertex -3 -10 172.4
    endloop
  endfacet
  facet normal -1 -0 0
    outer loop
      vertex -3 -6.67417 24.7048
      vertex -3 -10 0
      vertex -3 -6.7 25
    endloop
  endfacet
  facet normal -1 -0 0
    outer loop
      vertex -3 -6.59748 24.4186
      vertex -3 -10 0
      vertex -3 -6.67417 24.7048
    endloop
  endfacet
  facet normal -1 -0 0
    outer loop
      vertex -3 -6.47224 24.15
      vertex -3 -10 0
      vertex -3 -6.59748 24.4186
    endloop
  endfacet
  facet normal -1 -0 0
    outer loop
      vertex -3 -6.30227 23.9073
      vertex -3 -10 0
      vertex -3 -6.47224 24.15
    endloop
  endfacet
  facet normal -1 -0 0
    outer loop
      vertex -3 38.8073 3.69772
      vertex -3 -10 0
      vertex -3 2.4 10
    endloop
  endfacet
  facet normal -1 -0 0
    outer loop
      vertex -3 39.9 3.3
      vertex -3 -10 0
      vertex -3 39.6048 3.32583
    endloop
  endfacet
  facet normal -1 0 0
    outer loop
      vertex -3 -10 0
      vertex -3 39.9 3.3
      vertex -3 164.8 0
    endloop
  endfacet
  facet normal -1 0 0
    outer loop
      vertex -3 164.8 0
      vertex -3 161.5 86.2
      vertex -3 164.8 172.4
    endloop
  endfacet
  facet normal -1 0 0
    outer loop
      vertex -3 161.474 86.4952
      vertex -3 164.8 172.4
      vertex -3 161.5 86.2
    endloop
  endfacet
  facet normal -1 0 0
    outer loop
      vertex -3 161.474 157.695
      vertex -3 164.8 172.4
      vertex -3 161.5 157.4
    endloop
  endfacet
  facet normal -1 0 0
    outer loop
      vertex -3 161.397 157.981
      vertex -3 164.8 172.4
      vertex -3 161.474 157.695
    endloop
  endfacet
  facet normal -1 0 0
    outer loop
      vertex -3 161.272 158.25
      vertex -3 164.8 172.4
      vertex -3 161.397 157.981
    endloop
  endfacet
  facet normal -1 0 0
    outer loop
      vertex -3 161.102 158.493
      vertex -3 164.8 172.4
      vertex -3 161.272 158.25
    endloop
  endfacet
  facet normal -1 0 0
    outer loop
      vertex -3 160.893 158.702
      vertex -3 164.8 172.4
      vertex -3 161.102 158.493
    endloop
  endfacet
  facet normal -1 0 0
    outer loop
      vertex -3 160.65 158.872
      vertex -3 164.8 172.4
      vertex -3 160.893 158.702
    endloop
  endfacet
  facet normal -1 0 0
    outer loop
      vertex -3 160.381 158.997
      vertex -3 164.8 172.4
      vertex -3 160.65 158.872
    endloop
  endfacet
  facet normal -1 0 0
    outer loop
      vertex -3 160.095 159.074
      vertex -3 164.8 172.4
      vertex -3 160.381 158.997
    endloop
  endfacet
  facet normal -1 0 0
    outer loop
      vertex -3 159.8 159.1
      vertex -3 164.8 172.4
      vertex -3 160.095 159.074
    endloop
  endfacet
  facet normal -1 0 0
    outer loop
      vertex -3 159.505 159.074
      vertex -3 164.8 172.4
      vertex -3 159.8 159.1
    endloop
  endfacet
  facet normal -1 0 0
    outer loop
      vertex -3 152.4 172.4
      vertex -3 159.505 159.074
      vertex -3 159.219 158.997
    endloop
  endfacet
  facet normal -1 0 0
    outer loop
      vertex -3 152.4 172.4
      vertex -3 159.219 158.997
      vertex -3 158.95 158.872
    endloop
  endfacet
  facet normal -1 0 0
    outer loop
      vertex -3 152.4 172.4
      vertex -3 158.95 158.872
      vertex -3 158.707 158.702
    endloop
  endfacet
  facet normal -1 0 0
    outer loop
      vertex -3 152.4 172.4
      vertex -3 158.707 158.702
      vertex -3 158.498 158.493
    endloop
  endfacet
  facet normal -1 0 0
    outer loop
      vertex -3 152.4 172.4
      vertex -3 158.498 158.493
      vertex -3 158.328 158.25
    endloop
  endfacet
  facet normal -1 0 0
    outer loop
      vertex -3 152.4 172.4
      vertex -3 158.328 158.25
      vertex -3 158.203 157.981
    endloop
  endfacet
  facet normal -1 0 0
    outer loop
      vertex -3 159.505 159.074
      vertex -3 152.4 172.4
      vertex -3 164.8 172.4
    endloop
  endfacet
  facet normal -1 0 0
    outer loop
      vertex -3 158.126 157.695
      vertex -3 152.4 172.4
      vertex -3 158.203 157.981
    endloop
  endfacet
  facet normal -1 0 0
    outer loop
      vertex -3 158.1 157.4
      vertex -3 152.4 172.4
      vertex -3 158.126 157.695
    endloop
  endfacet
  facet normal -1 0 0
    outer loop
      vertex -3 158.126 157.105
      vertex -3 152.4 172.4
      vertex -3 158.1 157.4
    endloop
  endfacet
  facet normal -1 0 0
    outer loop
      vertex -3 116.574 5.2952
      vertex -3 152.4 10
      vertex -3 116.6 5
    endloop
  endfacet
  facet normal -1 0 0
    outer loop
      vertex -3 116.497 5.58143
      vertex -3 152.4 10
      vertex -3 116.574 5.2952
    endloop
  endfacet
  facet normal -1 0 0
    outer loop
      vertex -3 116.372 5.85
      vertex -3 152.4 10
      vertex -3 116.497 5.58143
    endloop
  endfacet
  facet normal -1 0 0
    outer loop
      vertex -3 116.202 6.09274
      vertex -3 152.4 10
      vertex -3 116.372 5.85
    endloop
  endfacet
  facet normal -1 0 0
    outer loop
      vertex -3 115.993 6.30227
      vertex -3 152.4 10
      vertex -3 116.202 6.09274
    endloop
  endfacet
  facet normal -1 0 0
    outer loop
      vertex -3 115.75 6.47224
      vertex -3 152.4 10
      vertex -3 115.993 6.30227
    endloop
  endfacet
  facet normal -1 0 0
    outer loop
      vertex -3 115.481 6.59748
      vertex -3 152.4 10
      vertex -3 115.75 6.47224
    endloop
  endfacet
  facet normal -1 0 0
    outer loop
      vertex -3 115.195 6.67417
      vertex -3 152.4 10
      vertex -3 115.481 6.59748
    endloop
  endfacet
  facet normal -1 0 0
    outer loop
      vertex -3 114.9 6.7
      vertex -3 152.4 10
      vertex -3 115.195 6.67417
    endloop
  endfacet
  facet normal -1 0 0
    outer loop
      vertex -3 39.9 6.7
      vertex -3 114.9 6.7
      vertex -3 114.605 6.67417
    endloop
  endfacet
  facet normal -1 0 0
    outer loop
      vertex -3 41.6 5
      vertex -3 113.226 5.2952
      vertex -3 113.2 5
    endloop
  endfacet
  facet normal -1 0 0
    outer loop
      vertex -3 41.5742 5.2952
      vertex -3 113.226 5.2952
      vertex -3 41.6 5
    endloop
  endfacet
  facet normal -1 0 0
    outer loop
      vertex -3 113.226 5.2952
      vertex -3 41.5742 5.2952
      vertex -3 113.303 5.58143
    endloop
  endfacet
  facet normal -1 0 0
    outer loop
      vertex -3 41.4975 5.58143
      vertex -3 113.303 5.58143
      vertex -3 41.5742 5.2952
    endloop
  endfacet
  facet normal -1 0 0
    outer loop
      vertex -3 113.303 5.58143
      vertex -3 41.4975 5.58143
      vertex -3 113.428 5.85
    endloop
  endfacet
  facet normal -1 0 0
    outer loop
      vertex -3 41.3722 5.85
      vertex -3 113.428 5.85
      vertex -3 41.4975 5.58143
    endloop
  endfacet
  facet normal -1 0 0
    outer loop
      vertex -3 113.428 5.85
      vertex -3 41.3722 5.85
      vertex -3 113.598 6.09274
    endloop
  endfacet
  facet normal -1 0 0
    outer loop
      vertex -3 41.2023 6.09274
      vertex -3 113.598 6.09274
      vertex -3 41.3722 5.85
    endloop
  endfacet
  facet normal -1 0 0
    outer loop
      vertex -3 113.598 6.09274
      vertex -3 41.2023 6.09274
      vertex -3 113.807 6.30227
    endloop
  endfacet
  facet normal -1 0 0
    outer loop
      vertex -3 40.9927 6.30227
      vertex -3 113.807 6.30227
      vertex -3 41.2023 6.09274
    endloop
  endfacet
  facet normal -1 0 0
    outer loop
      vertex -3 113.807 6.30227
      vertex -3 40.9927 6.30227
      vertex -3 114.05 6.47224
    endloop
  endfacet
  facet normal -1 0 0
    outer loop
      vertex -3 40.75 6.47224
      vertex -3 114.05 6.47224
      vertex -3 40.9927 6.30227
    endloop
  endfacet
  facet normal -1 0 0
    outer loop
      vertex -3 114.05 6.47224
      vertex -3 40.75 6.47224
      vertex -3 114.319 6.59748
    endloop
  endfacet
  facet normal -1 0 0
    outer loop
      vertex -3 40.4814 6.59748
      vertex -3 114.319 6.59748
      vertex -3 40.75 6.47224
    endloop
  endfacet
  facet normal -1 0 0
    outer loop
      vertex -3 114.319 6.59748
      vertex -3 40.4814 6.59748
      vertex -3 114.605 6.67417
    endloop
  endfacet
  facet normal -1 0 0
    outer loop
      vertex -3 40.1952 6.67417
      vertex -3 114.605 6.67417
      vertex -3 40.4814 6.59748
    endloop
  endfacet
  facet normal -1 0 0
    outer loop
      vertex -3 39.9 6.7
      vertex -3 114.605 6.67417
      vertex -3 40.1952 6.67417
    endloop
  endfacet
  facet normal -1 0 0
    outer loop
      vertex -3 114.9 6.7
      vertex -3 39.9 6.7
      vertex -3 152.4 10
    endloop
  endfacet
  facet normal -1 0 0
    outer loop
      vertex -3 39.9 6.7
      vertex -3 2.4 10
      vertex -3 152.4 10
    endloop
  endfacet
  facet normal -1 0 0
    outer loop
      vertex -3 39.6048 6.67417
      vertex -3 2.4 10
      vertex -3 39.9 6.7
    endloop
  endfacet
  facet normal -1 0 0
    outer loop
      vertex -3 39.3186 6.59748
      vertex -3 2.4 10
      vertex -3 39.6048 6.67417
    endloop
  endfacet
  facet normal -1 0 0
    outer loop
      vertex -3 39.05 6.47224
      vertex -3 2.4 10
      vertex -3 39.3186 6.59748
    endloop
  endfacet
  facet normal -1 0 0
    outer loop
      vertex -3 38.8073 6.30227
      vertex -3 2.4 10
      vertex -3 39.05 6.47224
    endloop
  endfacet
  facet normal -1 0 0
    outer loop
      vertex -3 38.5977 6.09274
      vertex -3 2.4 10
      vertex -3 38.8073 6.30227
    endloop
  endfacet
  facet normal -1 0 0
    outer loop
      vertex -3 38.4278 5.85
      vertex -3 2.4 10
      vertex -3 38.5977 6.09274
    endloop
  endfacet
  facet normal -1 0 0
    outer loop
      vertex -3 38.3025 5.58143
      vertex -3 2.4 10
      vertex -3 38.4278 5.85
    endloop
  endfacet
  facet normal -1 0 0
    outer loop
      vertex -3 38.2258 5.2952
      vertex -3 2.4 10
      vertex -3 38.3025 5.58143
    endloop
  endfacet
  facet normal -1 0 0
    outer loop
      vertex -3 2.4 10
      vertex -3 38.2258 5.2952
      vertex -3 38.2 5
    endloop
  endfacet
  facet normal -1 0 0
    outer loop
      vertex -3 2.4 10
      vertex -3 -3.3 86.2
      vertex -3 2.4 172.4
    endloop
  endfacet
  facet normal -1 0 0
    outer loop
      vertex -3 -3.32583 86.4952
      vertex -3 2.4 172.4
      vertex -3 -3.3 86.2
    endloop
  endfacet
  facet normal -1 0 0
    outer loop
      vertex -3 -3.32583 157.695
      vertex -3 2.4 172.4
      vertex -3 -3.3 157.4
    endloop
  endfacet
  facet normal -1 0 0
    outer loop
      vertex -3 -3.40252 157.981
      vertex -3 2.4 172.4
      vertex -3 -3.32583 157.695
    endloop
  endfacet
  facet normal -1 0 0
    outer loop
      vertex -3 -3.52776 158.25
      vertex -3 2.4 172.4
      vertex -3 -3.40252 157.981
    endloop
  endfacet
  facet normal -1 0 0
    outer loop
      vertex -3 -3.69772 158.493
      vertex -3 2.4 172.4
      vertex -3 -3.52776 158.25
    endloop
  endfacet
  facet normal -1 0 0
    outer loop
      vertex -3 -3.90726 158.702
      vertex -3 2.4 172.4
      vertex -3 -3.69772 158.493
    endloop
  endfacet
  facet normal -1 0 0
    outer loop
      vertex -3 -4.15 158.872
      vertex -3 2.4 172.4
      vertex -3 -3.90726 158.702
    endloop
  endfacet
  facet normal -1 0 0
    outer loop
      vertex -3 -4.41857 158.997
      vertex -3 2.4 172.4
      vertex -3 -4.15 158.872
    endloop
  endfacet
  facet normal -1 0 0
    outer loop
      vertex -3 -4.7048 159.074
      vertex -3 2.4 172.4
      vertex -3 -4.41857 158.997
    endloop
  endfacet
  facet normal -1 0 0
    outer loop
      vertex -3 -10 172.4
      vertex -3 -4.7048 159.074
      vertex -3 -5 159.1
    endloop
  endfacet
  facet normal -1 0 0
    outer loop
      vertex -3 -10 172.4
      vertex -3 -5 159.1
      vertex -3 -5.2952 159.074
    endloop
  endfacet
  facet normal -1 0 0
    outer loop
      vertex -3 -10 172.4
      vertex -3 -5.2952 159.074
      vertex -3 -5.58143 158.997
    endloop
  endfacet
  facet normal -1 0 0
    outer loop
      vertex -3 -10 172.4
      vertex -3 -5.58143 158.997
      vertex -3 -5.85 158.872
    endloop
  endfacet
  facet normal -1 0 0
    outer loop
      vertex -3 -10 172.4
      vertex -3 -5.85 158.872
      vertex -3 -6.09274 158.702
    endloop
  endfacet
  facet normal -1 0 0
    outer loop
      vertex -3 -10 172.4
      vertex -3 -6.09274 158.702
      vertex -3 -6.30227 158.493
    endloop
  endfacet
  facet normal -1 0 0
    outer loop
      vertex -3 -10 172.4
      vertex -3 -6.30227 158.493
      vertex -3 -6.47224 158.25
    endloop
  endfacet
  facet normal -1 0 0
    outer loop
      vertex -3 -4.7048 159.074
      vertex -3 -10 172.4
      vertex -3 2.4 172.4
    endloop
  endfacet
  facet normal -1 0 0
    outer loop
      vertex -3 -6.59748 157.981
      vertex -3 -10 172.4
      vertex -3 -6.47224 158.25
    endloop
  endfacet
  facet normal -1 0 0
    outer loop
      vertex -3 -6.67417 157.695
      vertex -3 -10 172.4
      vertex -3 -6.59748 157.981
    endloop
  endfacet
  facet normal -1 0 0
    outer loop
      vertex -3 -6.7 157.4
      vertex -3 -10 172.4
      vertex -3 -6.67417 157.695
    endloop
  endfacet
  facet normal -1 0 0
    outer loop
      vertex -3 -6.67417 157.105
      vertex -3 -10 172.4
      vertex -3 -6.7 157.4
    endloop
  endfacet
  facet normal 0 1 -0
    outer loop
      vertex 0 164.8 0
      vertex -3 164.8 172.4
      vertex 0 164.8 172.4
    endloop
  endfacet
  facet normal 0 1 0
    outer loop
      vertex -3 164.8 172.4
      vertex 0 164.8 0
      vertex -3 164.8 0
    endloop
  endfacet
  facet normal 0 -1 0
    outer loop
      vertex -3 -10 0
      vertex 0 -10 172.4
      vertex -3 -10 172.4
    endloop
  endfacet
  facet normal 0 -1 -0
    outer loop
      vertex 0 -10 172.4
      vertex -3 -10 0
      vertex 0 -10 0
    endloop
  endfacet
  facet normal -0 0 1
    outer loop
      vertex -3 152.4 10
      vertex 0 2.4 10
      vertex 0 152.4 10
    endloop
  endfacet
  facet normal 0 0 1
    outer loop
      vertex 0 2.4 10
      vertex -3 152.4 10
      vertex -3 2.4 10
    endloop
  endfacet
  facet normal 0 1 -0
    outer loop
      vertex 0 2.4 10
      vertex -3 2.4 172.4
      vertex 0 2.4 172.4
    endloop
  endfacet
  facet normal 0 1 0
    outer loop
      vertex -3 2.4 172.4
      vertex 0 2.4 10
      vertex -3 2.4 10
    endloop
  endfacet
  facet normal 0 -1 0
    outer loop
      vertex -3 152.4 10
      vertex 0 152.4 172.4
      vertex -3 152.4 172.4
    endloop
  endfacet
  facet normal 0 -1 -0
    outer loop
      vertex 0 152.4 172.4
      vertex -3 152.4 10
      vertex 0 152.4 10
    endloop
  endfacet
  facet normal 0 -0.819121 0.573621
    outer loop
      vertex 194.8 -3.69772 23.9073
      vertex 197.8 -3.52776 24.15
      vertex 194.8 -3.52776 24.15
    endloop
  endfacet
  facet normal 0 -0.819121 0.573621
    outer loop
      vertex 197.8 -3.52776 24.15
      vertex 194.8 -3.69772 23.9073
      vertex 197.8 -3.69772 23.9073
    endloop
  endfacet
  facet normal 0 -0.258834 -0.965922
    outer loop
      vertex 194.8 -4.7048 26.6742
      vertex 197.8 -4.41857 26.5975
      vertex 197.8 -4.7048 26.6742
    endloop
  endfacet
  facet normal -0 -0.258834 -0.965922
    outer loop
      vertex 197.8 -4.41857 26.5975
      vertex 194.8 -4.7048 26.6742
      vertex 194.8 -4.41857 26.5975
    endloop
  endfacet
  facet normal 0 0.906321 -0.42259
    outer loop
      vertex 197.8 -6.59748 25.5814
      vertex 194.8 -6.47224 25.85
      vertex 197.8 -6.47224 25.85
    endloop
  endfacet
  facet normal 0 0.906321 -0.42259
    outer loop
      vertex 194.8 -6.47224 25.85
      vertex 197.8 -6.59748 25.5814
      vertex 194.8 -6.59748 25.5814
    endloop
  endfacet
  facet normal 0 -0.906321 -0.42259
    outer loop
      vertex 194.8 -3.40252 25.5814
      vertex 197.8 -3.52776 25.85
      vertex 194.8 -3.52776 25.85
    endloop
  endfacet
  facet normal 0 -0.906321 -0.42259
    outer loop
      vertex 197.8 -3.52776 25.85
      vertex 194.8 -3.40252 25.5814
      vertex 197.8 -3.40252 25.5814
    endloop
  endfacet
  facet normal 0 -0.422795 -0.906225
    outer loop
      vertex 194.8 -4.41857 26.5975
      vertex 197.8 -4.15 26.4722
      vertex 197.8 -4.41857 26.5975
    endloop
  endfacet
  facet normal -0 -0.422795 -0.906225
    outer loop
      vertex 197.8 -4.15 26.4722
      vertex 194.8 -4.41857 26.5975
      vertex 194.8 -4.15 26.4722
    endloop
  endfacet
  facet normal 0 0.422795 -0.906225
    outer loop
      vertex 194.8 -5.85 26.4722
      vertex 197.8 -5.58143 26.5975
      vertex 197.8 -5.85 26.4722
    endloop
  endfacet
  facet normal 0 0.422795 -0.906225
    outer loop
      vertex 197.8 -5.58143 26.5975
      vertex 194.8 -5.85 26.4722
      vertex 194.8 -5.58143 26.5975
    endloop
  endfacet
  facet normal 0 -0.422795 0.906225
    outer loop
      vertex 194.8 -4.15 23.5278
      vertex 197.8 -4.41857 23.4025
      vertex 197.8 -4.15 23.5278
    endloop
  endfacet
  facet normal 0 -0.422795 0.906225
    outer loop
      vertex 197.8 -4.41857 23.4025
      vertex 194.8 -4.15 23.5278
      vertex 194.8 -4.41857 23.4025
    endloop
  endfacet
  facet normal 0 -0.258834 0.965922
    outer loop
      vertex 194.8 -4.41857 23.4025
      vertex 197.8 -4.7048 23.3258
      vertex 197.8 -4.41857 23.4025
    endloop
  endfacet
  facet normal 0 -0.258834 0.965922
    outer loop
      vertex 197.8 -4.7048 23.3258
      vertex 194.8 -4.41857 23.4025
      vertex 194.8 -4.7048 23.3258
    endloop
  endfacet
  facet normal 0 -0.573422 0.81926
    outer loop
      vertex 194.8 -3.90726 23.6977
      vertex 197.8 -4.15 23.5278
      vertex 197.8 -3.90726 23.6977
    endloop
  endfacet
  facet normal 0 -0.573422 0.81926
    outer loop
      vertex 197.8 -4.15 23.5278
      vertex 194.8 -3.90726 23.6977
      vertex 194.8 -4.15 23.5278
    endloop
  endfacet
  facet normal 0 -0.965923 0.258828
    outer loop
      vertex 194.8 -3.40252 24.4186
      vertex 197.8 -3.32583 24.7048
      vertex 194.8 -3.32583 24.7048
    endloop
  endfacet
  facet normal 0 -0.965923 0.258828
    outer loop
      vertex 197.8 -3.32583 24.7048
      vertex 194.8 -3.40252 24.4186
      vertex 197.8 -3.40252 24.4186
    endloop
  endfacet
  facet normal 0 -0.996194 0.087167
    outer loop
      vertex 194.8 -3.32583 24.7048
      vertex 197.8 -3.3 25
      vertex 194.8 -3.3 25
    endloop
  endfacet
  facet normal 0 -0.996194 0.087167
    outer loop
      vertex 197.8 -3.3 25
      vertex 194.8 -3.32583 24.7048
      vertex 197.8 -3.32583 24.7048
    endloop
  endfacet
  facet normal 0 -0.0870665 -0.996203
    outer loop
      vertex 194.8 -5 26.7
      vertex 197.8 -4.7048 26.6742
      vertex 197.8 -5 26.7
    endloop
  endfacet
  facet normal -0 -0.0870665 -0.996203
    outer loop
      vertex 197.8 -4.7048 26.6742
      vertex 194.8 -5 26.7
      vertex 194.8 -4.7048 26.6742
    endloop
  endfacet
  facet normal 0 -0.573422 -0.81926
    outer loop
      vertex 194.8 -4.15 26.4722
      vertex 197.8 -3.90726 26.3023
      vertex 197.8 -4.15 26.4722
    endloop
  endfacet
  facet normal -0 -0.573422 -0.81926
    outer loop
      vertex 197.8 -3.90726 26.3023
      vertex 194.8 -4.15 26.4722
      vertex 194.8 -3.90726 26.3023
    endloop
  endfacet
  facet normal 0 -0.819121 -0.573621
    outer loop
      vertex 194.8 -3.52776 25.85
      vertex 197.8 -3.69772 26.0927
      vertex 194.8 -3.69772 26.0927
    endloop
  endfacet
  facet normal 0 -0.819121 -0.573621
    outer loop
      vertex 197.8 -3.69772 26.0927
      vertex 194.8 -3.52776 25.85
      vertex 197.8 -3.52776 25.85
    endloop
  endfacet
  facet normal 0 -0.707208 -0.707006
    outer loop
      vertex 194.8 -3.90726 26.3023
      vertex 197.8 -3.69772 26.0927
      vertex 197.8 -3.90726 26.3023
    endloop
  endfacet
  facet normal -0 -0.707208 -0.707006
    outer loop
      vertex 197.8 -3.69772 26.0927
      vertex 194.8 -3.90726 26.3023
      vertex 194.8 -3.69772 26.0927
    endloop
  endfacet
  facet normal 0 -0.0870665 0.996203
    outer loop
      vertex 194.8 -4.7048 23.3258
      vertex 197.8 -5 23.3
      vertex 197.8 -4.7048 23.3258
    endloop
  endfacet
  facet normal 0 -0.0870665 0.996203
    outer loop
      vertex 197.8 -5 23.3
      vertex 194.8 -4.7048 23.3258
      vertex 194.8 -5 23.3
    endloop
  endfacet
  facet normal 0 0.996194 0.087167
    outer loop
      vertex 197.8 -6.67417 24.7048
      vertex 194.8 -6.7 25
      vertex 197.8 -6.7 25
    endloop
  endfacet
  facet normal 0 0.996194 0.087167
    outer loop
      vertex 194.8 -6.7 25
      vertex 197.8 -6.67417 24.7048
      vertex 194.8 -6.67417 24.7048
    endloop
  endfacet
  facet normal 0 0.965923 0.258828
    outer loop
      vertex 197.8 -6.59748 24.4186
      vertex 194.8 -6.67417 24.7048
      vertex 197.8 -6.67417 24.7048
    endloop
  endfacet
  facet normal 0 0.965923 0.258828
    outer loop
      vertex 194.8 -6.67417 24.7048
      vertex 197.8 -6.59748 24.4186
      vertex 194.8 -6.59748 24.4186
    endloop
  endfacet
  facet normal 0 0.707225 0.706989
    outer loop
      vertex 197.8 -6.09274 23.6977
      vertex 194.8 -6.30227 23.9073
      vertex 197.8 -6.30227 23.9073
    endloop
  endfacet
  facet normal 0 0.707225 0.706989
    outer loop
      vertex 194.8 -6.30227 23.9073
      vertex 197.8 -6.09274 23.6977
      vertex 194.8 -6.09274 23.6977
    endloop
  endfacet
  facet normal 0 0.906321 0.42259
    outer loop
      vertex 197.8 -6.47224 24.15
      vertex 194.8 -6.59748 24.4186
      vertex 197.8 -6.59748 24.4186
    endloop
  endfacet
  facet normal 0 0.906321 0.42259
    outer loop
      vertex 194.8 -6.59748 24.4186
      vertex 197.8 -6.47224 24.15
      vertex 194.8 -6.47224 24.15
    endloop
  endfacet
  facet normal -0 0.573422 0.81926
    outer loop
      vertex 194.8 -5.85 23.5278
      vertex 197.8 -6.09274 23.6977
      vertex 197.8 -5.85 23.5278
    endloop
  endfacet
  facet normal 0 0.573422 0.81926
    outer loop
      vertex 197.8 -6.09274 23.6977
      vertex 194.8 -5.85 23.5278
      vertex 194.8 -6.09274 23.6977
    endloop
  endfacet
  facet normal 0 0.707225 -0.706989
    outer loop
      vertex 194.8 -6.30227 26.0927
      vertex 197.8 -6.09274 26.3023
      vertex 197.8 -6.30227 26.0927
    endloop
  endfacet
  facet normal 0 0.707225 -0.706989
    outer loop
      vertex 197.8 -6.09274 26.3023
      vertex 194.8 -6.30227 26.0927
      vertex 194.8 -6.09274 26.3023
    endloop
  endfacet
  facet normal 0 0.819105 -0.573644
    outer loop
      vertex 197.8 -6.47224 25.85
      vertex 194.8 -6.30227 26.0927
      vertex 197.8 -6.30227 26.0927
    endloop
  endfacet
  facet normal 0 0.819105 -0.573644
    outer loop
      vertex 194.8 -6.30227 26.0927
      vertex 197.8 -6.47224 25.85
      vertex 194.8 -6.47224 25.85
    endloop
  endfacet
  facet normal 0 0.0870665 -0.996203
    outer loop
      vertex 194.8 -5.2952 26.6742
      vertex 197.8 -5 26.7
      vertex 197.8 -5.2952 26.6742
    endloop
  endfacet
  facet normal 0 0.0870665 -0.996203
    outer loop
      vertex 197.8 -5 26.7
      vertex 194.8 -5.2952 26.6742
      vertex 194.8 -5 26.7
    endloop
  endfacet
  facet normal 0 0.258834 -0.965922
    outer loop
      vertex 194.8 -5.58143 26.5975
      vertex 197.8 -5.2952 26.6742
      vertex 197.8 -5.58143 26.5975
    endloop
  endfacet
  facet normal 0 0.258834 -0.965922
    outer loop
      vertex 197.8 -5.2952 26.6742
      vertex 194.8 -5.58143 26.5975
      vertex 194.8 -5.2952 26.6742
    endloop
  endfacet
  facet normal 0 0.573422 -0.81926
    outer loop
      vertex 194.8 -6.09274 26.3023
      vertex 197.8 -5.85 26.4722
      vertex 197.8 -6.09274 26.3023
    endloop
  endfacet
  facet normal 0 0.573422 -0.81926
    outer loop
      vertex 197.8 -5.85 26.4722
      vertex 194.8 -6.09274 26.3023
      vertex 194.8 -5.85 26.4722
    endloop
  endfacet
  facet normal 0 -0.707208 0.707006
    outer loop
      vertex 194.8 -3.90726 23.6977
      vertex 197.8 -3.69772 23.9073
      vertex 194.8 -3.69772 23.9073
    endloop
  endfacet
  facet normal 0 -0.707208 0.707006
    outer loop
      vertex 197.8 -3.69772 23.9073
      vertex 194.8 -3.90726 23.6977
      vertex 197.8 -3.90726 23.6977
    endloop
  endfacet
  facet normal 0 -0.906321 0.42259
    outer loop
      vertex 194.8 -3.52776 24.15
      vertex 197.8 -3.40252 24.4186
      vertex 194.8 -3.40252 24.4186
    endloop
  endfacet
  facet normal 0 -0.906321 0.42259
    outer loop
      vertex 197.8 -3.40252 24.4186
      vertex 194.8 -3.52776 24.15
      vertex 197.8 -3.52776 24.15
    endloop
  endfacet
  facet normal 0 -0.996194 -0.087167
    outer loop
      vertex 194.8 -3.3 25
      vertex 197.8 -3.32583 25.2952
      vertex 194.8 -3.32583 25.2952
    endloop
  endfacet
  facet normal 0 -0.996194 -0.087167
    outer loop
      vertex 197.8 -3.32583 25.2952
      vertex 194.8 -3.3 25
      vertex 197.8 -3.3 25
    endloop
  endfacet
  facet normal 0 -0.965923 -0.258828
    outer loop
      vertex 194.8 -3.32583 25.2952
      vertex 197.8 -3.40252 25.5814
      vertex 194.8 -3.40252 25.5814
    endloop
  endfacet
  facet normal 0 -0.965923 -0.258828
    outer loop
      vertex 197.8 -3.40252 25.5814
      vertex 194.8 -3.32583 25.2952
      vertex 197.8 -3.32583 25.2952
    endloop
  endfacet
  facet normal -0 0.0870665 0.996203
    outer loop
      vertex 194.8 -5 23.3
      vertex 197.8 -5.2952 23.3258
      vertex 197.8 -5 23.3
    endloop
  endfacet
  facet normal 0 0.0870665 0.996203
    outer loop
      vertex 197.8 -5.2952 23.3258
      vertex 194.8 -5 23.3
      vertex 194.8 -5.2952 23.3258
    endloop
  endfacet
  facet normal -0 0.258834 0.965922
    outer loop
      vertex 194.8 -5.2952 23.3258
      vertex 197.8 -5.58143 23.4025
      vertex 197.8 -5.2952 23.3258
    endloop
  endfacet
  facet normal 0 0.258834 0.965922
    outer loop
      vertex 197.8 -5.58143 23.4025
      vertex 194.8 -5.2952 23.3258
      vertex 194.8 -5.58143 23.4025
    endloop
  endfacet
  facet normal 0 0.819105 0.573644
    outer loop
      vertex 197.8 -6.30227 23.9073
      vertex 194.8 -6.47224 24.15
      vertex 197.8 -6.47224 24.15
    endloop
  endfacet
  facet normal 0 0.819105 0.573644
    outer loop
      vertex 194.8 -6.47224 24.15
      vertex 197.8 -6.30227 23.9073
      vertex 194.8 -6.30227 23.9073
    endloop
  endfacet
  facet normal -0 0.422795 0.906225
    outer loop
      vertex 194.8 -5.58143 23.4025
      vertex 197.8 -5.85 23.5278
      vertex 197.8 -5.58143 23.4025
    endloop
  endfacet
  facet normal 0 0.422795 0.906225
    outer loop
      vertex 197.8 -5.85 23.5278
      vertex 194.8 -5.58143 23.4025
      vertex 194.8 -5.85 23.5278
    endloop
  endfacet
  facet normal 0 0.996194 -0.087167
    outer loop
      vertex 197.8 -6.7 25
      vertex 194.8 -6.67417 25.2952
      vertex 197.8 -6.67417 25.2952
    endloop
  endfacet
  facet normal 0 0.996194 -0.087167
    outer loop
      vertex 194.8 -6.67417 25.2952
      vertex 197.8 -6.7 25
      vertex 194.8 -6.7 25
    endloop
  endfacet
  facet normal 0 0.965923 -0.258828
    outer loop
      vertex 197.8 -6.67417 25.2952
      vertex 194.8 -6.59748 25.5814
      vertex 197.8 -6.59748 25.5814
    endloop
  endfacet
  facet normal 0 0.965923 -0.258828
    outer loop
      vertex 194.8 -6.59748 25.5814
      vertex 197.8 -6.67417 25.2952
      vertex 194.8 -6.67417 25.2952
    endloop
  endfacet
  facet normal 0 -0.0870665 0.996203
    outer loop
      vertex 194.8 -4.7048 84.5258
      vertex 197.8 -5 84.5
      vertex 197.8 -4.7048 84.5258
    endloop
  endfacet
  facet normal 0 -0.0870665 0.996203
    outer loop
      vertex 197.8 -5 84.5
      vertex 194.8 -4.7048 84.5258
      vertex 194.8 -5 84.5
    endloop
  endfacet
  facet normal 0 -0.0870665 -0.996203
    outer loop
      vertex 194.8 -5 87.9
      vertex 197.8 -4.7048 87.8742
      vertex 197.8 -5 87.9
    endloop
  endfacet
  facet normal -0 -0.0870665 -0.996203
    outer loop
      vertex 197.8 -4.7048 87.8742
      vertex 194.8 -5 87.9
      vertex 194.8 -4.7048 87.8742
    endloop
  endfacet
  facet normal 0 0.996194 -0.087167
    outer loop
      vertex 197.8 -6.7 86.2
      vertex 194.8 -6.67417 86.4952
      vertex 197.8 -6.67417 86.4952
    endloop
  endfacet
  facet normal 0 0.996194 -0.087167
    outer loop
      vertex 194.8 -6.67417 86.4952
      vertex 197.8 -6.7 86.2
      vertex 194.8 -6.7 86.2
    endloop
  endfacet
  facet normal 0 0.573422 -0.81926
    outer loop
      vertex 194.8 -6.09274 87.5023
      vertex 197.8 -5.85 87.6722
      vertex 197.8 -6.09274 87.5023
    endloop
  endfacet
  facet normal 0 0.573422 -0.81926
    outer loop
      vertex 197.8 -5.85 87.6722
      vertex 194.8 -6.09274 87.5023
      vertex 194.8 -5.85 87.6722
    endloop
  endfacet
  facet normal 0 -0.707208 -0.707006
    outer loop
      vertex 194.8 -3.90726 87.5023
      vertex 197.8 -3.69772 87.2927
      vertex 197.8 -3.90726 87.5023
    endloop
  endfacet
  facet normal -0 -0.707208 -0.707006
    outer loop
      vertex 197.8 -3.69772 87.2927
      vertex 194.8 -3.90726 87.5023
      vertex 194.8 -3.69772 87.2927
    endloop
  endfacet
  facet normal 0 -0.965923 -0.258828
    outer loop
      vertex 194.8 -3.32583 86.4952
      vertex 197.8 -3.40252 86.7814
      vertex 194.8 -3.40252 86.7814
    endloop
  endfacet
  facet normal 0 -0.965923 -0.258828
    outer loop
      vertex 197.8 -3.40252 86.7814
      vertex 194.8 -3.32583 86.4952
      vertex 197.8 -3.32583 86.4952
    endloop
  endfacet
  facet normal 0 -0.258834 0.965922
    outer loop
      vertex 194.8 -4.41857 84.6025
      vertex 197.8 -4.7048 84.5258
      vertex 197.8 -4.41857 84.6025
    endloop
  endfacet
  facet normal 0 -0.258834 0.965922
    outer loop
      vertex 197.8 -4.7048 84.5258
      vertex 194.8 -4.41857 84.6025
      vertex 194.8 -4.7048 84.5258
    endloop
  endfacet
  facet normal 0 -0.573422 0.81926
    outer loop
      vertex 194.8 -3.90726 84.8977
      vertex 197.8 -4.15 84.7278
      vertex 197.8 -3.90726 84.8977
    endloop
  endfacet
  facet normal 0 -0.573422 0.81926
    outer loop
      vertex 197.8 -4.15 84.7278
      vertex 194.8 -3.90726 84.8977
      vertex 194.8 -4.15 84.7278
    endloop
  endfacet
  facet normal 0 -0.965923 0.258828
    outer loop
      vertex 194.8 -3.40252 85.6186
      vertex 197.8 -3.32583 85.9048
      vertex 194.8 -3.32583 85.9048
    endloop
  endfacet
  facet normal 0 -0.965923 0.258828
    outer loop
      vertex 197.8 -3.32583 85.9048
      vertex 194.8 -3.40252 85.6186
      vertex 197.8 -3.40252 85.6186
    endloop
  endfacet
  facet normal 0 -0.819121 0.573621
    outer loop
      vertex 194.8 -3.69772 85.1073
      vertex 197.8 -3.52776 85.35
      vertex 194.8 -3.52776 85.35
    endloop
  endfacet
  facet normal 0 -0.819121 0.573621
    outer loop
      vertex 197.8 -3.52776 85.35
      vertex 194.8 -3.69772 85.1073
      vertex 197.8 -3.69772 85.1073
    endloop
  endfacet
  facet normal 0 -0.422795 -0.906225
    outer loop
      vertex 194.8 -4.41857 87.7975
      vertex 197.8 -4.15 87.6722
      vertex 197.8 -4.41857 87.7975
    endloop
  endfacet
  facet normal -0 -0.422795 -0.906225
    outer loop
      vertex 197.8 -4.15 87.6722
      vertex 194.8 -4.41857 87.7975
      vertex 194.8 -4.15 87.6722
    endloop
  endfacet
  facet normal 0 -0.573422 -0.81926
    outer loop
      vertex 194.8 -4.15 87.6722
      vertex 197.8 -3.90726 87.5023
      vertex 197.8 -4.15 87.6722
    endloop
  endfacet
  facet normal -0 -0.573422 -0.81926
    outer loop
      vertex 197.8 -3.90726 87.5023
      vertex 194.8 -4.15 87.6722
      vertex 194.8 -3.90726 87.5023
    endloop
  endfacet
  facet normal 0 -0.258834 -0.965922
    outer loop
      vertex 194.8 -4.7048 87.8742
      vertex 197.8 -4.41857 87.7975
      vertex 197.8 -4.7048 87.8742
    endloop
  endfacet
  facet normal -0 -0.258834 -0.965922
    outer loop
      vertex 197.8 -4.41857 87.7975
      vertex 194.8 -4.7048 87.8742
      vertex 194.8 -4.41857 87.7975
    endloop
  endfacet
  facet normal 0 -0.819121 -0.573621
    outer loop
      vertex 194.8 -3.52776 87.05
      vertex 197.8 -3.69772 87.2927
      vertex 194.8 -3.69772 87.2927
    endloop
  endfacet
  facet normal 0 -0.819121 -0.573621
    outer loop
      vertex 197.8 -3.69772 87.2927
      vertex 194.8 -3.52776 87.05
      vertex 197.8 -3.52776 87.05
    endloop
  endfacet
  facet normal 0 -0.996194 -0.087167
    outer loop
      vertex 194.8 -3.3 86.2
      vertex 197.8 -3.32583 86.4952
      vertex 194.8 -3.32583 86.4952
    endloop
  endfacet
  facet normal 0 -0.996194 -0.087167
    outer loop
      vertex 197.8 -3.32583 86.4952
      vertex 194.8 -3.3 86.2
      vertex 197.8 -3.3 86.2
    endloop
  endfacet
  facet normal 0 0.996194 0.087167
    outer loop
      vertex 197.8 -6.67417 85.9048
      vertex 194.8 -6.7 86.2
      vertex 197.8 -6.7 86.2
    endloop
  endfacet
  facet normal 0 0.996194 0.087167
    outer loop
      vertex 194.8 -6.7 86.2
      vertex 197.8 -6.67417 85.9048
      vertex 194.8 -6.67417 85.9048
    endloop
  endfacet
  facet normal 0 0.707225 0.706989
    outer loop
      vertex 197.8 -6.09274 84.8977
      vertex 194.8 -6.30227 85.1073
      vertex 197.8 -6.30227 85.1073
    endloop
  endfacet
  facet normal 0 0.707225 0.706989
    outer loop
      vertex 194.8 -6.30227 85.1073
      vertex 197.8 -6.09274 84.8977
      vertex 194.8 -6.09274 84.8977
    endloop
  endfacet
  facet normal 0 0.906321 0.42259
    outer loop
      vertex 197.8 -6.47224 85.35
      vertex 194.8 -6.59748 85.6186
      vertex 197.8 -6.59748 85.6186
    endloop
  endfacet
  facet normal 0 0.906321 0.42259
    outer loop
      vertex 194.8 -6.59748 85.6186
      vertex 197.8 -6.47224 85.35
      vertex 194.8 -6.47224 85.35
    endloop
  endfacet
  facet normal -0 0.573422 0.81926
    outer loop
      vertex 194.8 -5.85 84.7278
      vertex 197.8 -6.09274 84.8977
      vertex 197.8 -5.85 84.7278
    endloop
  endfacet
  facet normal 0 0.573422 0.81926
    outer loop
      vertex 197.8 -6.09274 84.8977
      vertex 194.8 -5.85 84.7278
      vertex 194.8 -6.09274 84.8977
    endloop
  endfacet
  facet normal -0 0.258834 0.965922
    outer loop
      vertex 194.8 -5.2952 84.5258
      vertex 197.8 -5.58143 84.6025
      vertex 197.8 -5.2952 84.5258
    endloop
  endfacet
  facet normal 0 0.258834 0.965922
    outer loop
      vertex 197.8 -5.58143 84.6025
      vertex 194.8 -5.2952 84.5258
      vertex 194.8 -5.58143 84.6025
    endloop
  endfacet
  facet normal 0 0.965923 -0.258828
    outer loop
      vertex 197.8 -6.67417 86.4952
      vertex 194.8 -6.59748 86.7814
      vertex 197.8 -6.59748 86.7814
    endloop
  endfacet
  facet normal 0 0.965923 -0.258828
    outer loop
      vertex 194.8 -6.59748 86.7814
      vertex 197.8 -6.67417 86.4952
      vertex 194.8 -6.67417 86.4952
    endloop
  endfacet
  facet normal 0 0.707225 -0.706989
    outer loop
      vertex 194.8 -6.30227 87.2927
      vertex 197.8 -6.09274 87.5023
      vertex 197.8 -6.30227 87.2927
    endloop
  endfacet
  facet normal 0 0.707225 -0.706989
    outer loop
      vertex 197.8 -6.09274 87.5023
      vertex 194.8 -6.30227 87.2927
      vertex 194.8 -6.09274 87.5023
    endloop
  endfacet
  facet normal 0 0.819105 -0.573644
    outer loop
      vertex 197.8 -6.47224 87.05
      vertex 194.8 -6.30227 87.2927
      vertex 197.8 -6.30227 87.2927
    endloop
  endfacet
  facet normal 0 0.819105 -0.573644
    outer loop
      vertex 194.8 -6.30227 87.2927
      vertex 197.8 -6.47224 87.05
      vertex 194.8 -6.47224 87.05
    endloop
  endfacet
  facet normal 0 0.0870665 -0.996203
    outer loop
      vertex 194.8 -5.2952 87.8742
      vertex 197.8 -5 87.9
      vertex 197.8 -5.2952 87.8742
    endloop
  endfacet
  facet normal 0 0.0870665 -0.996203
    outer loop
      vertex 197.8 -5 87.9
      vertex 194.8 -5.2952 87.8742
      vertex 194.8 -5 87.9
    endloop
  endfacet
  facet normal 0 0.258834 -0.965922
    outer loop
      vertex 194.8 -5.58143 87.7975
      vertex 197.8 -5.2952 87.8742
      vertex 197.8 -5.58143 87.7975
    endloop
  endfacet
  facet normal 0 0.258834 -0.965922
    outer loop
      vertex 197.8 -5.2952 87.8742
      vertex 194.8 -5.58143 87.7975
      vertex 194.8 -5.2952 87.8742
    endloop
  endfacet
  facet normal 0 -0.422795 0.906225
    outer loop
      vertex 194.8 -4.15 84.7278
      vertex 197.8 -4.41857 84.6025
      vertex 197.8 -4.15 84.7278
    endloop
  endfacet
  facet normal 0 -0.422795 0.906225
    outer loop
      vertex 197.8 -4.41857 84.6025
      vertex 194.8 -4.15 84.7278
      vertex 194.8 -4.41857 84.6025
    endloop
  endfacet
  facet normal 0 -0.707208 0.707006
    outer loop
      vertex 194.8 -3.90726 84.8977
      vertex 197.8 -3.69772 85.1073
      vertex 194.8 -3.69772 85.1073
    endloop
  endfacet
  facet normal 0 -0.707208 0.707006
    outer loop
      vertex 197.8 -3.69772 85.1073
      vertex 194.8 -3.90726 84.8977
      vertex 197.8 -3.90726 84.8977
    endloop
  endfacet
  facet normal 0 -0.996194 0.087167
    outer loop
      vertex 194.8 -3.32583 85.9048
      vertex 197.8 -3.3 86.2
      vertex 194.8 -3.3 86.2
    endloop
  endfacet
  facet normal 0 -0.996194 0.087167
    outer loop
      vertex 197.8 -3.3 86.2
      vertex 194.8 -3.32583 85.9048
      vertex 197.8 -3.32583 85.9048
    endloop
  endfacet
  facet normal 0 -0.906321 0.42259
    outer loop
      vertex 194.8 -3.52776 85.35
      vertex 197.8 -3.40252 85.6186
      vertex 194.8 -3.40252 85.6186
    endloop
  endfacet
  facet normal 0 -0.906321 0.42259
    outer loop
      vertex 197.8 -3.40252 85.6186
      vertex 194.8 -3.52776 85.35
      vertex 197.8 -3.52776 85.35
    endloop
  endfacet
  facet normal 0 -0.906321 -0.42259
    outer loop
      vertex 194.8 -3.40252 86.7814
      vertex 197.8 -3.52776 87.05
      vertex 194.8 -3.52776 87.05
    endloop
  endfacet
  facet normal 0 -0.906321 -0.42259
    outer loop
      vertex 197.8 -3.52776 87.05
      vertex 194.8 -3.40252 86.7814
      vertex 197.8 -3.40252 86.7814
    endloop
  endfacet
  facet normal 0 0.965923 0.258828
    outer loop
      vertex 197.8 -6.59748 85.6186
      vertex 194.8 -6.67417 85.9048
      vertex 197.8 -6.67417 85.9048
    endloop
  endfacet
  facet normal 0 0.965923 0.258828
    outer loop
      vertex 194.8 -6.67417 85.9048
      vertex 197.8 -6.59748 85.6186
      vertex 194.8 -6.59748 85.6186
    endloop
  endfacet
  facet normal 0 0.819105 0.573644
    outer loop
      vertex 197.8 -6.30227 85.1073
      vertex 194.8 -6.47224 85.35
      vertex 197.8 -6.47224 85.35
    endloop
  endfacet
  facet normal 0 0.819105 0.573644
    outer loop
      vertex 194.8 -6.47224 85.35
      vertex 197.8 -6.30227 85.1073
      vertex 194.8 -6.30227 85.1073
    endloop
  endfacet
  facet normal -0 0.422795 0.906225
    outer loop
      vertex 194.8 -5.58143 84.6025
      vertex 197.8 -5.85 84.7278
      vertex 197.8 -5.58143 84.6025
    endloop
  endfacet
  facet normal 0 0.422795 0.906225
    outer loop
      vertex 197.8 -5.85 84.7278
      vertex 194.8 -5.58143 84.6025
      vertex 194.8 -5.85 84.7278
    endloop
  endfacet
  facet normal -0 0.0870665 0.996203
    outer loop
      vertex 194.8 -5 84.5
      vertex 197.8 -5.2952 84.5258
      vertex 197.8 -5 84.5
    endloop
  endfacet
  facet normal 0 0.0870665 0.996203
    outer loop
      vertex 197.8 -5.2952 84.5258
      vertex 194.8 -5 84.5
      vertex 194.8 -5.2952 84.5258
    endloop
  endfacet
  facet normal 0 0.906321 -0.42259
    outer loop
      vertex 197.8 -6.59748 86.7814
      vertex 194.8 -6.47224 87.05
      vertex 197.8 -6.47224 87.05
    endloop
  endfacet
  facet normal 0 0.906321 -0.42259
    outer loop
      vertex 194.8 -6.47224 87.05
      vertex 197.8 -6.59748 86.7814
      vertex 194.8 -6.59748 86.7814
    endloop
  endfacet
  facet normal 0 0.422795 -0.906225
    outer loop
      vertex 194.8 -5.85 87.6722
      vertex 197.8 -5.58143 87.7975
      vertex 197.8 -5.85 87.6722
    endloop
  endfacet
  facet normal 0 0.422795 -0.906225
    outer loop
      vertex 197.8 -5.58143 87.7975
      vertex 194.8 -5.85 87.6722
      vertex 194.8 -5.58143 87.7975
    endloop
  endfacet
  facet normal 0 -0.0877362 0.996144
    outer loop
      vertex 194.8 -4.7048 155.726
      vertex 197.8 -5 155.7
      vertex 197.8 -4.7048 155.726
    endloop
  endfacet
  facet normal 0 -0.0877362 0.996144
    outer loop
      vertex 197.8 -5 155.7
      vertex 194.8 -4.7048 155.726
      vertex 194.8 -5 155.7
    endloop
  endfacet
  facet normal 0 -0.0877362 -0.996144
    outer loop
      vertex 194.8 -5 159.1
      vertex 197.8 -4.7048 159.074
      vertex 197.8 -5 159.1
    endloop
  endfacet
  facet normal -0 -0.0877362 -0.996144
    outer loop
      vertex 197.8 -4.7048 159.074
      vertex 194.8 -5 159.1
      vertex 194.8 -4.7048 159.074
    endloop
  endfacet
  facet normal 0 0.996189 -0.0872256
    outer loop
      vertex 197.8 -6.7 157.4
      vertex 194.8 -6.67417 157.695
      vertex 197.8 -6.67417 157.695
    endloop
  endfacet
  facet normal 0 0.996189 -0.0872256
    outer loop
      vertex 194.8 -6.67417 157.695
      vertex 197.8 -6.7 157.4
      vertex 194.8 -6.7 157.4
    endloop
  endfacet
  facet normal 0 0.573648 -0.819102
    outer loop
      vertex 194.8 -6.09274 158.702
      vertex 197.8 -5.85 158.872
      vertex 197.8 -6.09274 158.702
    endloop
  endfacet
  facet normal 0 0.573648 -0.819102
    outer loop
      vertex 197.8 -5.85 158.872
      vertex 194.8 -6.09274 158.702
      vertex 194.8 -5.85 158.872
    endloop
  endfacet
  facet normal 0 -0.706194 -0.708019
    outer loop
      vertex 194.8 -3.90726 158.702
      vertex 197.8 -3.69772 158.493
      vertex 197.8 -3.90726 158.702
    endloop
  endfacet
  facet normal -0 -0.706194 -0.708019
    outer loop
      vertex 197.8 -3.69772 158.493
      vertex 194.8 -3.90726 158.702
      vertex 194.8 -3.69772 158.493
    endloop
  endfacet
  facet normal 0 -0.965878 -0.258997
    outer loop
      vertex 194.8 -3.32583 157.695
      vertex 197.8 -3.40252 157.981
      vertex 194.8 -3.40252 157.981
    endloop
  endfacet
  facet normal 0 -0.965878 -0.258997
    outer loop
      vertex 197.8 -3.40252 157.981
      vertex 194.8 -3.32583 157.695
      vertex 197.8 -3.32583 157.695
    endloop
  endfacet
  facet normal 0 0.259779 -0.965668
    outer loop
      vertex 194.8 -5.58143 158.997
      vertex 197.8 -5.2952 159.074
      vertex 197.8 -5.58143 158.997
    endloop
  endfacet
  facet normal 0 0.259779 -0.965668
    outer loop
      vertex 197.8 -5.2952 159.074
      vertex 194.8 -5.58143 158.997
      vertex 194.8 -5.2952 159.074
    endloop
  endfacet
  facet normal 0 -0.259779 0.965668
    outer loop
      vertex 194.8 -4.41857 155.803
      vertex 197.8 -4.7048 155.726
      vertex 197.8 -4.41857 155.803
    endloop
  endfacet
  facet normal 0 -0.259779 0.965668
    outer loop
      vertex 197.8 -4.7048 155.726
      vertex 194.8 -4.41857 155.803
      vertex 194.8 -4.7048 155.726
    endloop
  endfacet
  facet normal 0 -0.573648 0.819102
    outer loop
      vertex 194.8 -3.90726 156.098
      vertex 197.8 -4.15 155.928
      vertex 197.8 -3.90726 156.098
    endloop
  endfacet
  facet normal 0 -0.573648 0.819102
    outer loop
      vertex 197.8 -4.15 155.928
      vertex 194.8 -3.90726 156.098
      vertex 194.8 -4.15 155.928
    endloop
  endfacet
  facet normal 0 -0.965878 0.258997
    outer loop
      vertex 194.8 -3.40252 156.819
      vertex 197.8 -3.32583 157.105
      vertex 194.8 -3.32583 157.105
    endloop
  endfacet
  facet normal 0 -0.965878 0.258997
    outer loop
      vertex 197.8 -3.32583 157.105
      vertex 194.8 -3.40252 156.819
      vertex 197.8 -3.40252 156.819
    endloop
  endfacet
  facet normal 0 -0.819454 0.573145
    outer loop
      vertex 194.8 -3.69772 156.307
      vertex 197.8 -3.52776 156.55
      vertex 194.8 -3.52776 156.55
    endloop
  endfacet
  facet normal 0 -0.819454 0.573145
    outer loop
      vertex 197.8 -3.52776 156.55
      vertex 194.8 -3.69772 156.307
      vertex 197.8 -3.69772 156.307
    endloop
  endfacet
  facet normal 0 -0.421963 -0.906613
    outer loop
      vertex 194.8 -4.41857 158.997
      vertex 197.8 -4.15 158.872
      vertex 197.8 -4.41857 158.997
    endloop
  endfacet
  facet normal -0 -0.421963 -0.906613
    outer loop
      vertex 197.8 -4.15 158.872
      vertex 194.8 -4.41857 158.997
      vertex 194.8 -4.15 158.872
    endloop
  endfacet
  facet normal 0 -0.573648 -0.819102
    outer loop
      vertex 194.8 -4.15 158.872
      vertex 197.8 -3.90726 158.702
      vertex 197.8 -4.15 158.872
    endloop
  endfacet
  facet normal -0 -0.573648 -0.819102
    outer loop
      vertex 197.8 -3.90726 158.702
      vertex 194.8 -4.15 158.872
      vertex 194.8 -3.90726 158.702
    endloop
  endfacet
  facet normal 0 -0.259779 -0.965668
    outer loop
      vertex 194.8 -4.7048 159.074
      vertex 197.8 -4.41857 158.997
      vertex 197.8 -4.7048 159.074
    endloop
  endfacet
  facet normal -0 -0.259779 -0.965668
    outer loop
      vertex 197.8 -4.41857 158.997
      vertex 194.8 -4.7048 159.074
      vertex 194.8 -4.41857 158.997
    endloop
  endfacet
  facet normal 0 -0.906562 -0.422074
    outer loop
      vertex 194.8 -3.40252 157.981
      vertex 197.8 -3.52776 158.25
      vertex 194.8 -3.52776 158.25
    endloop
  endfacet
  facet normal 0 -0.906562 -0.422074
    outer loop
      vertex 197.8 -3.52776 158.25
      vertex 194.8 -3.40252 157.981
      vertex 197.8 -3.40252 157.981
    endloop
  endfacet
  facet normal 0 -0.996189 -0.0872256
    outer loop
      vertex 194.8 -3.3 157.4
      vertex 197.8 -3.32583 157.695
      vertex 194.8 -3.32583 157.695
    endloop
  endfacet
  facet normal 0 -0.996189 -0.0872256
    outer loop
      vertex 197.8 -3.32583 157.695
      vertex 194.8 -3.3 157.4
      vertex 197.8 -3.3 157.4
    endloop
  endfacet
  facet normal 0 0.996189 0.0872256
    outer loop
      vertex 197.8 -6.67417 157.105
      vertex 194.8 -6.7 157.4
      vertex 197.8 -6.7 157.4
    endloop
  endfacet
  facet normal 0 0.996189 0.0872256
    outer loop
      vertex 194.8 -6.7 157.4
      vertex 197.8 -6.67417 157.105
      vertex 194.8 -6.67417 157.105
    endloop
  endfacet
  facet normal 0 0.706211 0.708002
    outer loop
      vertex 197.8 -6.09274 156.098
      vertex 194.8 -6.30227 156.307
      vertex 197.8 -6.30227 156.307
    endloop
  endfacet
  facet normal 0 0.706211 0.708002
    outer loop
      vertex 194.8 -6.30227 156.307
      vertex 197.8 -6.09274 156.098
      vertex 194.8 -6.09274 156.098
    endloop
  endfacet
  facet normal 0 0.906562 0.422074
    outer loop
      vertex 197.8 -6.47224 156.55
      vertex 194.8 -6.59748 156.819
      vertex 197.8 -6.59748 156.819
    endloop
  endfacet
  facet normal 0 0.906562 0.422074
    outer loop
      vertex 194.8 -6.59748 156.819
      vertex 197.8 -6.47224 156.55
      vertex 194.8 -6.47224 156.55
    endloop
  endfacet
  facet normal -0 0.573648 0.819102
    outer loop
      vertex 194.8 -5.85 155.928
      vertex 197.8 -6.09274 156.098
      vertex 197.8 -5.85 155.928
    endloop
  endfacet
  facet normal 0 0.573648 0.819102
    outer loop
      vertex 197.8 -6.09274 156.098
      vertex 194.8 -5.85 155.928
      vertex 194.8 -6.09274 156.098
    endloop
  endfacet
  facet normal -0 0.259779 0.965668
    outer loop
      vertex 194.8 -5.2952 155.726
      vertex 197.8 -5.58143 155.803
      vertex 197.8 -5.2952 155.726
    endloop
  endfacet
  facet normal 0 0.259779 0.965668
    outer loop
      vertex 197.8 -5.58143 155.803
      vertex 194.8 -5.2952 155.726
      vertex 194.8 -5.58143 155.803
    endloop
  endfacet
  facet normal 0 0.906562 -0.422074
    outer loop
      vertex 197.8 -6.59748 157.981
      vertex 194.8 -6.47224 158.25
      vertex 197.8 -6.47224 158.25
    endloop
  endfacet
  facet normal 0 0.906562 -0.422074
    outer loop
      vertex 194.8 -6.47224 158.25
      vertex 197.8 -6.59748 157.981
      vertex 194.8 -6.59748 157.981
    endloop
  endfacet
  facet normal 0 0.965878 -0.258997
    outer loop
      vertex 197.8 -6.67417 157.695
      vertex 194.8 -6.59748 157.981
      vertex 197.8 -6.59748 157.981
    endloop
  endfacet
  facet normal 0 0.965878 -0.258997
    outer loop
      vertex 194.8 -6.59748 157.981
      vertex 197.8 -6.67417 157.695
      vertex 194.8 -6.67417 157.695
    endloop
  endfacet
  facet normal 0 0.0877362 -0.996144
    outer loop
      vertex 194.8 -5.2952 159.074
      vertex 197.8 -5 159.1
      vertex 197.8 -5.2952 159.074
    endloop
  endfacet
  facet normal 0 0.0877362 -0.996144
    outer loop
      vertex 197.8 -5 159.1
      vertex 194.8 -5.2952 159.074
      vertex 194.8 -5 159.1
    endloop
  endfacet
  facet normal 0 -0.421963 0.906613
    outer loop
      vertex 194.8 -4.15 155.928
      vertex 197.8 -4.41857 155.803
      vertex 197.8 -4.15 155.928
    endloop
  endfacet
  facet normal 0 -0.421963 0.906613
    outer loop
      vertex 197.8 -4.41857 155.803
      vertex 194.8 -4.15 155.928
      vertex 194.8 -4.41857 155.803
    endloop
  endfacet
  facet normal 0 -0.706194 0.708019
    outer loop
      vertex 194.8 -3.90726 156.098
      vertex 197.8 -3.69772 156.307
      vertex 194.8 -3.69772 156.307
    endloop
  endfacet
  facet normal 0 -0.706194 0.708019
    outer loop
      vertex 197.8 -3.69772 156.307
      vertex 194.8 -3.90726 156.098
      vertex 197.8 -3.90726 156.098
    endloop
  endfacet
  facet normal 0 -0.996189 0.0872256
    outer loop
      vertex 194.8 -3.32583 157.105
      vertex 197.8 -3.3 157.4
      vertex 194.8 -3.3 157.4
    endloop
  endfacet
  facet normal 0 -0.996189 0.0872256
    outer loop
      vertex 197.8 -3.3 157.4
      vertex 194.8 -3.32583 157.105
      vertex 197.8 -3.32583 157.105
    endloop
  endfacet
  facet normal 0 -0.906562 0.422074
    outer loop
      vertex 194.8 -3.52776 156.55
      vertex 197.8 -3.40252 156.819
      vertex 194.8 -3.40252 156.819
    endloop
  endfacet
  facet normal 0 -0.906562 0.422074
    outer loop
      vertex 197.8 -3.40252 156.819
      vertex 194.8 -3.52776 156.55
      vertex 197.8 -3.52776 156.55
    endloop
  endfacet
  facet normal -0 0.0877362 0.996144
    outer loop
      vertex 194.8 -5 155.7
      vertex 197.8 -5.2952 155.726
      vertex 197.8 -5 155.7
    endloop
  endfacet
  facet normal 0 0.0877362 0.996144
    outer loop
      vertex 197.8 -5.2952 155.726
      vertex 194.8 -5 155.7
      vertex 194.8 -5.2952 155.726
    endloop
  endfacet
  facet normal 0 0.965878 0.258997
    outer loop
      vertex 197.8 -6.59748 156.819
      vertex 194.8 -6.67417 157.105
      vertex 197.8 -6.67417 157.105
    endloop
  endfacet
  facet normal 0 0.965878 0.258997
    outer loop
      vertex 194.8 -6.67417 157.105
      vertex 197.8 -6.59748 156.819
      vertex 194.8 -6.59748 156.819
    endloop
  endfacet
  facet normal 0 0.819438 0.573168
    outer loop
      vertex 197.8 -6.30227 156.307
      vertex 194.8 -6.47224 156.55
      vertex 197.8 -6.47224 156.55
    endloop
  endfacet
  facet normal 0 0.819438 0.573168
    outer loop
      vertex 194.8 -6.47224 156.55
      vertex 197.8 -6.30227 156.307
      vertex 194.8 -6.30227 156.307
    endloop
  endfacet
  facet normal -0 0.421963 0.906613
    outer loop
      vertex 194.8 -5.58143 155.803
      vertex 197.8 -5.85 155.928
      vertex 197.8 -5.58143 155.803
    endloop
  endfacet
  facet normal 0 0.421963 0.906613
    outer loop
      vertex 197.8 -5.85 155.928
      vertex 194.8 -5.58143 155.803
      vertex 194.8 -5.85 155.928
    endloop
  endfacet
  facet normal 0 0.819438 -0.573168
    outer loop
      vertex 197.8 -6.47224 158.25
      vertex 194.8 -6.30227 158.493
      vertex 197.8 -6.30227 158.493
    endloop
  endfacet
  facet normal 0 0.819438 -0.573168
    outer loop
      vertex 194.8 -6.30227 158.493
      vertex 197.8 -6.47224 158.25
      vertex 194.8 -6.47224 158.25
    endloop
  endfacet
  facet normal 0 0.421963 -0.906613
    outer loop
      vertex 194.8 -5.85 158.872
      vertex 197.8 -5.58143 158.997
      vertex 197.8 -5.85 158.872
    endloop
  endfacet
  facet normal 0 0.421963 -0.906613
    outer loop
      vertex 197.8 -5.58143 158.997
      vertex 194.8 -5.85 158.872
      vertex 194.8 -5.58143 158.997
    endloop
  endfacet
  facet normal 0 -0.819454 -0.573145
    outer loop
      vertex 194.8 -3.52776 158.25
      vertex 197.8 -3.69772 158.493
      vertex 194.8 -3.69772 158.493
    endloop
  endfacet
  facet normal 0 -0.819454 -0.573145
    outer loop
      vertex 197.8 -3.69772 158.493
      vertex 194.8 -3.52776 158.25
      vertex 197.8 -3.52776 158.25
    endloop
  endfacet
  facet normal 0 0.706211 -0.708002
    outer loop
      vertex 194.8 -6.30227 158.493
      vertex 197.8 -6.09274 158.702
      vertex 197.8 -6.30227 158.493
    endloop
  endfacet
  facet normal 0 0.706211 -0.708002
    outer loop
      vertex 197.8 -6.09274 158.702
      vertex 194.8 -6.30227 158.493
      vertex 194.8 -6.09274 158.702
    endloop
  endfacet
  facet normal 0 -0.0871251 0.996197
    outer loop
      vertex 194.8 160.095 23.3258
      vertex 197.8 159.8 23.3
      vertex 197.8 160.095 23.3258
    endloop
  endfacet
  facet normal 0 -0.0871251 0.996197
    outer loop
      vertex 197.8 159.8 23.3
      vertex 194.8 160.095 23.3258
      vertex 194.8 159.8 23.3
    endloop
  endfacet
  facet normal 0 -0.0871251 -0.996197
    outer loop
      vertex 194.8 159.8 26.7
      vertex 197.8 160.095 26.6742
      vertex 197.8 159.8 26.7
    endloop
  endfacet
  facet normal -0 -0.0871251 -0.996197
    outer loop
      vertex 197.8 160.095 26.6742
      vertex 194.8 159.8 26.7
      vertex 194.8 160.095 26.6742
    endloop
  endfacet
  facet normal 0 -0.70812 -0.706093
    outer loop
      vertex 194.8 160.893 26.3023
      vertex 197.8 161.102 26.0927
      vertex 197.8 160.893 26.3023
    endloop
  endfacet
  facet normal -0 -0.70812 -0.706093
    outer loop
      vertex 197.8 161.102 26.0927
      vertex 194.8 160.893 26.3023
      vertex 194.8 161.102 26.0927
    endloop
  endfacet
  facet normal 0 -0.906631 -0.421924
    outer loop
      vertex 194.8 161.397 25.5814
      vertex 197.8 161.272 25.85
      vertex 194.8 161.272 25.85
    endloop
  endfacet
  facet normal 0 -0.906631 -0.421924
    outer loop
      vertex 197.8 161.272 25.85
      vertex 194.8 161.397 25.5814
      vertex 197.8 161.397 25.5814
    endloop
  endfacet
  facet normal 0 -0.259029 0.96587
    outer loop
      vertex 194.8 160.381 23.4025
      vertex 197.8 160.095 23.3258
      vertex 197.8 160.381 23.4025
    endloop
  endfacet
  facet normal 0 -0.259029 0.96587
    outer loop
      vertex 197.8 160.095 23.3258
      vertex 194.8 160.381 23.4025
      vertex 194.8 160.095 23.3258
    endloop
  endfacet
  facet normal 0 -0.57301 0.819549
    outer loop
      vertex 194.8 160.893 23.6977
      vertex 197.8 160.65 23.5278
      vertex 197.8 160.893 23.6977
    endloop
  endfacet
  facet normal 0 -0.57301 0.819549
    outer loop
      vertex 197.8 160.65 23.5278
      vertex 194.8 160.893 23.6977
      vertex 194.8 160.65 23.5278
    endloop
  endfacet
  facet normal 0 -0.965661 0.259804
    outer loop
      vertex 194.8 161.397 24.4186
      vertex 197.8 161.474 24.7048
      vertex 194.8 161.474 24.7048
    endloop
  endfacet
  facet normal 0 -0.965661 0.259804
    outer loop
      vertex 197.8 161.474 24.7048
      vertex 194.8 161.397 24.4186
      vertex 197.8 161.397 24.4186
    endloop
  endfacet
  facet normal 0 -0.819057 0.573711
    outer loop
      vertex 194.8 161.102 23.9073
      vertex 197.8 161.272 24.15
      vertex 194.8 161.272 24.15
    endloop
  endfacet
  facet normal 0 -0.819057 0.573711
    outer loop
      vertex 197.8 161.272 24.15
      vertex 194.8 161.102 23.9073
      vertex 197.8 161.102 23.9073
    endloop
  endfacet
  facet normal 0 -0.42224 -0.906484
    outer loop
      vertex 194.8 160.381 26.5975
      vertex 197.8 160.65 26.4722
      vertex 197.8 160.381 26.5975
    endloop
  endfacet
  facet normal -0 -0.42224 -0.906484
    outer loop
      vertex 197.8 160.65 26.4722
      vertex 194.8 160.381 26.5975
      vertex 194.8 160.65 26.4722
    endloop
  endfacet
  facet normal 0 -0.57301 -0.819549
    outer loop
      vertex 194.8 160.65 26.4722
      vertex 197.8 160.893 26.3023
      vertex 197.8 160.65 26.4722
    endloop
  endfacet
  facet normal -0 -0.57301 -0.819549
    outer loop
      vertex 197.8 160.893 26.3023
      vertex 194.8 160.65 26.4722
      vertex 194.8 160.893 26.3023
    endloop
  endfacet
  facet normal 0 -0.259029 -0.96587
    outer loop
      vertex 194.8 160.095 26.6742
      vertex 197.8 160.381 26.5975
      vertex 197.8 160.095 26.6742
    endloop
  endfacet
  facet normal -0 -0.259029 -0.96587
    outer loop
      vertex 197.8 160.381 26.5975
      vertex 194.8 160.095 26.6742
      vertex 194.8 160.381 26.5975
    endloop
  endfacet
  facet normal 0 -0.819057 -0.573711
    outer loop
      vertex 194.8 161.272 25.85
      vertex 197.8 161.102 26.0927
      vertex 194.8 161.102 26.0927
    endloop
  endfacet
  facet normal 0 -0.819057 -0.573711
    outer loop
      vertex 197.8 161.102 26.0927
      vertex 194.8 161.272 25.85
      vertex 197.8 161.272 25.85
    endloop
  endfacet
  facet normal 0 -0.996144 -0.0877362
    outer loop
      vertex 194.8 161.5 25
      vertex 197.8 161.474 25.2952
      vertex 194.8 161.474 25.2952
    endloop
  endfacet
  facet normal 0 -0.996144 -0.0877362
    outer loop
      vertex 197.8 161.474 25.2952
      vertex 194.8 161.5 25
      vertex 197.8 161.5 25
    endloop
  endfacet
  facet normal -0 0.57301 0.819549
    outer loop
      vertex 194.8 158.95 23.5278
      vertex 197.8 158.707 23.6977
      vertex 197.8 158.95 23.5278
    endloop
  endfacet
  facet normal 0 0.57301 0.819549
    outer loop
      vertex 197.8 158.707 23.6977
      vertex 194.8 158.95 23.5278
      vertex 194.8 158.707 23.6977
    endloop
  endfacet
  facet normal -0 0.0871251 0.996197
    outer loop
      vertex 194.8 159.8 23.3
      vertex 197.8 159.505 23.3258
      vertex 197.8 159.8 23.3
    endloop
  endfacet
  facet normal 0 0.0871251 0.996197
    outer loop
      vertex 197.8 159.505 23.3258
      vertex 194.8 159.8 23.3
      vertex 194.8 159.505 23.3258
    endloop
  endfacet
  facet normal 0 -0.42224 0.906484
    outer loop
      vertex 194.8 160.65 23.5278
      vertex 197.8 160.381 23.4025
      vertex 197.8 160.65 23.5278
    endloop
  endfacet
  facet normal 0 -0.42224 0.906484
    outer loop
      vertex 197.8 160.381 23.4025
      vertex 194.8 160.65 23.5278
      vertex 194.8 160.381 23.4025
    endloop
  endfacet
  facet normal 0 -0.70812 0.706093
    outer loop
      vertex 194.8 161.102 23.9073
      vertex 197.8 160.893 23.6977
      vertex 197.8 161.102 23.9073
    endloop
  endfacet
  facet normal 0 -0.70812 0.706093
    outer loop
      vertex 197.8 160.893 23.6977
      vertex 194.8 161.102 23.9073
      vertex 194.8 160.893 23.6977
    endloop
  endfacet
  facet normal 0 -0.996144 0.0877362
    outer loop
      vertex 194.8 161.474 24.7048
      vertex 197.8 161.5 25
      vertex 194.8 161.5 25
    endloop
  endfacet
  facet normal 0 -0.996144 0.0877362
    outer loop
      vertex 197.8 161.5 25
      vertex 194.8 161.474 24.7048
      vertex 197.8 161.474 24.7048
    endloop
  endfacet
  facet normal 0 -0.906631 0.421924
    outer loop
      vertex 194.8 161.272 24.15
      vertex 197.8 161.397 24.4186
      vertex 194.8 161.397 24.4186
    endloop
  endfacet
  facet normal 0 -0.906631 0.421924
    outer loop
      vertex 197.8 161.397 24.4186
      vertex 194.8 161.272 24.15
      vertex 197.8 161.272 24.15
    endloop
  endfacet
  facet normal 0 -0.965661 -0.259804
    outer loop
      vertex 194.8 161.474 25.2952
      vertex 197.8 161.397 25.5814
      vertex 194.8 161.397 25.5814
    endloop
  endfacet
  facet normal 0 -0.965661 -0.259804
    outer loop
      vertex 197.8 161.397 25.5814
      vertex 194.8 161.474 25.2952
      vertex 197.8 161.474 25.2952
    endloop
  endfacet
  facet normal 0 0.259029 -0.96587
    outer loop
      vertex 194.8 159.219 26.5975
      vertex 197.8 159.505 26.6742
      vertex 197.8 159.219 26.5975
    endloop
  endfacet
  facet normal 0 0.259029 -0.96587
    outer loop
      vertex 197.8 159.505 26.6742
      vertex 194.8 159.219 26.5975
      vertex 194.8 159.505 26.6742
    endloop
  endfacet
  facet normal 0 0.965661 0.259804
    outer loop
      vertex 197.8 158.203 24.4186
      vertex 194.8 158.126 24.7048
      vertex 197.8 158.126 24.7048
    endloop
  endfacet
  facet normal 0 0.965661 0.259804
    outer loop
      vertex 194.8 158.126 24.7048
      vertex 197.8 158.203 24.4186
      vertex 194.8 158.203 24.4186
    endloop
  endfacet
  facet normal 0 0.819057 0.573711
    outer loop
      vertex 197.8 158.498 23.9073
      vertex 194.8 158.328 24.15
      vertex 197.8 158.328 24.15
    endloop
  endfacet
  facet normal 0 0.819057 0.573711
    outer loop
      vertex 194.8 158.328 24.15
      vertex 197.8 158.498 23.9073
      vertex 194.8 158.498 23.9073
    endloop
  endfacet
  facet normal 0 0.70812 0.706093
    outer loop
      vertex 197.8 158.707 23.6977
      vertex 194.8 158.498 23.9073
      vertex 197.8 158.498 23.9073
    endloop
  endfacet
  facet normal 0 0.70812 0.706093
    outer loop
      vertex 194.8 158.498 23.9073
      vertex 197.8 158.707 23.6977
      vertex 194.8 158.707 23.6977
    endloop
  endfacet
  facet normal -0 0.42224 0.906484
    outer loop
      vertex 194.8 159.219 23.4025
      vertex 197.8 158.95 23.5278
      vertex 197.8 159.219 23.4025
    endloop
  endfacet
  facet normal 0 0.42224 0.906484
    outer loop
      vertex 197.8 158.95 23.5278
      vertex 194.8 159.219 23.4025
      vertex 194.8 158.95 23.5278
    endloop
  endfacet
  facet normal -0 0.259029 0.96587
    outer loop
      vertex 194.8 159.505 23.3258
      vertex 197.8 159.219 23.4025
      vertex 197.8 159.505 23.3258
    endloop
  endfacet
  facet normal 0 0.259029 0.96587
    outer loop
      vertex 197.8 159.219 23.4025
      vertex 194.8 159.505 23.3258
      vertex 194.8 159.219 23.4025
    endloop
  endfacet
  facet normal 0 0.996144 0.0877362
    outer loop
      vertex 197.8 158.126 24.7048
      vertex 194.8 158.1 25
      vertex 197.8 158.1 25
    endloop
  endfacet
  facet normal 0 0.996144 0.0877362
    outer loop
      vertex 194.8 158.1 25
      vertex 197.8 158.126 24.7048
      vertex 194.8 158.126 24.7048
    endloop
  endfacet
  facet normal 0 0.996144 -0.0877362
    outer loop
      vertex 197.8 158.1 25
      vertex 194.8 158.126 25.2952
      vertex 197.8 158.126 25.2952
    endloop
  endfacet
  facet normal 0 0.996144 -0.0877362
    outer loop
      vertex 194.8 158.126 25.2952
      vertex 197.8 158.1 25
      vertex 194.8 158.1 25
    endloop
  endfacet
  facet normal 0 0.70812 -0.706093
    outer loop
      vertex 197.8 158.498 26.0927
      vertex 194.8 158.707 26.3023
      vertex 197.8 158.707 26.3023
    endloop
  endfacet
  facet normal 0 0.70812 -0.706093
    outer loop
      vertex 194.8 158.707 26.3023
      vertex 197.8 158.498 26.0927
      vertex 194.8 158.498 26.0927
    endloop
  endfacet
  facet normal 0 0.0871251 -0.996197
    outer loop
      vertex 194.8 159.505 26.6742
      vertex 197.8 159.8 26.7
      vertex 197.8 159.505 26.6742
    endloop
  endfacet
  facet normal 0 0.0871251 -0.996197
    outer loop
      vertex 197.8 159.8 26.7
      vertex 194.8 159.505 26.6742
      vertex 194.8 159.8 26.7
    endloop
  endfacet
  facet normal 0 0.906631 0.421924
    outer loop
      vertex 197.8 158.328 24.15
      vertex 194.8 158.203 24.4186
      vertex 197.8 158.203 24.4186
    endloop
  endfacet
  facet normal 0 0.906631 0.421924
    outer loop
      vertex 194.8 158.203 24.4186
      vertex 197.8 158.328 24.15
      vertex 194.8 158.328 24.15
    endloop
  endfacet
  facet normal 0 0.819057 -0.573711
    outer loop
      vertex 197.8 158.328 25.85
      vertex 194.8 158.498 26.0927
      vertex 197.8 158.498 26.0927
    endloop
  endfacet
  facet normal 0 0.819057 -0.573711
    outer loop
      vertex 194.8 158.498 26.0927
      vertex 197.8 158.328 25.85
      vertex 194.8 158.328 25.85
    endloop
  endfacet
  facet normal 0 0.57301 -0.819549
    outer loop
      vertex 194.8 158.707 26.3023
      vertex 197.8 158.95 26.4722
      vertex 197.8 158.707 26.3023
    endloop
  endfacet
  facet normal 0 0.57301 -0.819549
    outer loop
      vertex 197.8 158.95 26.4722
      vertex 194.8 158.707 26.3023
      vertex 194.8 158.95 26.4722
    endloop
  endfacet
  facet normal 0 0.42224 -0.906484
    outer loop
      vertex 194.8 158.95 26.4722
      vertex 197.8 159.219 26.5975
      vertex 197.8 158.95 26.4722
    endloop
  endfacet
  facet normal 0 0.42224 -0.906484
    outer loop
      vertex 197.8 159.219 26.5975
      vertex 194.8 158.95 26.4722
      vertex 194.8 159.219 26.5975
    endloop
  endfacet
  facet normal 0 0.965661 -0.259804
    outer loop
      vertex 197.8 158.126 25.2952
      vertex 194.8 158.203 25.5814
      vertex 197.8 158.203 25.5814
    endloop
  endfacet
  facet normal 0 0.965661 -0.259804
    outer loop
      vertex 194.8 158.203 25.5814
      vertex 197.8 158.126 25.2952
      vertex 194.8 158.126 25.2952
    endloop
  endfacet
  facet normal 0 0.906631 -0.421924
    outer loop
      vertex 197.8 158.203 25.5814
      vertex 194.8 158.328 25.85
      vertex 197.8 158.328 25.85
    endloop
  endfacet
  facet normal 0 0.906631 -0.421924
    outer loop
      vertex 194.8 158.328 25.85
      vertex 197.8 158.203 25.5814
      vertex 194.8 158.203 25.5814
    endloop
  endfacet
  facet normal 0 -0.57301 0.819549
    outer loop
      vertex 194.8 160.893 84.8977
      vertex 197.8 160.65 84.7278
      vertex 197.8 160.893 84.8977
    endloop
  endfacet
  facet normal 0 -0.57301 0.819549
    outer loop
      vertex 197.8 160.65 84.7278
      vertex 194.8 160.893 84.8977
      vertex 194.8 160.65 84.7278
    endloop
  endfacet
  facet normal 0 -0.965661 0.259804
    outer loop
      vertex 194.8 161.397 85.6186
      vertex 197.8 161.474 85.9048
      vertex 194.8 161.474 85.9048
    endloop
  endfacet
  facet normal 0 -0.965661 0.259804
    outer loop
      vertex 197.8 161.474 85.9048
      vertex 194.8 161.397 85.6186
      vertex 197.8 161.397 85.6186
    endloop
  endfacet
  facet normal 0 -0.906631 0.421924
    outer loop
      vertex 194.8 161.272 85.35
      vertex 197.8 161.397 85.6186
      vertex 194.8 161.397 85.6186
    endloop
  endfacet
  facet normal 0 -0.906631 0.421924
    outer loop
      vertex 197.8 161.397 85.6186
      vertex 194.8 161.272 85.35
      vertex 197.8 161.272 85.35
    endloop
  endfacet
  facet normal 0 -0.965661 -0.259804
    outer loop
      vertex 194.8 161.474 86.4952
      vertex 197.8 161.397 86.7814
      vertex 194.8 161.397 86.7814
    endloop
  endfacet
  facet normal 0 -0.965661 -0.259804
    outer loop
      vertex 197.8 161.397 86.7814
      vertex 194.8 161.474 86.4952
      vertex 197.8 161.474 86.4952
    endloop
  endfacet
  facet normal 0 -0.42224 -0.906484
    outer loop
      vertex 194.8 160.381 87.7975
      vertex 197.8 160.65 87.6722
      vertex 197.8 160.381 87.7975
    endloop
  endfacet
  facet normal -0 -0.42224 -0.906484
    outer loop
      vertex 197.8 160.65 87.6722
      vertex 194.8 160.381 87.7975
      vertex 194.8 160.65 87.6722
    endloop
  endfacet
  facet normal 0 0.965661 0.259804
    outer loop
      vertex 197.8 158.203 85.6186
      vertex 194.8 158.126 85.9048
      vertex 197.8 158.126 85.9048
    endloop
  endfacet
  facet normal 0 0.965661 0.259804
    outer loop
      vertex 194.8 158.126 85.9048
      vertex 197.8 158.203 85.6186
      vertex 194.8 158.203 85.6186
    endloop
  endfacet
  facet normal 0 -0.259029 0.96587
    outer loop
      vertex 194.8 160.381 84.6025
      vertex 197.8 160.095 84.5258
      vertex 197.8 160.381 84.6025
    endloop
  endfacet
  facet normal 0 -0.259029 0.96587
    outer loop
      vertex 197.8 160.095 84.5258
      vertex 194.8 160.381 84.6025
      vertex 194.8 160.095 84.5258
    endloop
  endfacet
  facet normal 0 -0.42224 0.906484
    outer loop
      vertex 194.8 160.65 84.7278
      vertex 197.8 160.381 84.6025
      vertex 197.8 160.65 84.7278
    endloop
  endfacet
  facet normal 0 -0.42224 0.906484
    outer loop
      vertex 197.8 160.381 84.6025
      vertex 194.8 160.65 84.7278
      vertex 194.8 160.381 84.6025
    endloop
  endfacet
  facet normal 0 -0.996144 0.0877362
    outer loop
      vertex 194.8 161.474 85.9048
      vertex 197.8 161.5 86.2
      vertex 194.8 161.5 86.2
    endloop
  endfacet
  facet normal 0 -0.996144 0.0877362
    outer loop
      vertex 197.8 161.5 86.2
      vertex 194.8 161.474 85.9048
      vertex 197.8 161.474 85.9048
    endloop
  endfacet
  facet normal 0 -0.819057 0.573711
    outer loop
      vertex 194.8 161.102 85.1073
      vertex 197.8 161.272 85.35
      vertex 194.8 161.272 85.35
    endloop
  endfacet
  facet normal 0 -0.819057 0.573711
    outer loop
      vertex 197.8 161.272 85.35
      vertex 194.8 161.102 85.1073
      vertex 197.8 161.102 85.1073
    endloop
  endfacet
  facet normal 0 -0.0871251 -0.996197
    outer loop
      vertex 194.8 159.8 87.9
      vertex 197.8 160.095 87.8742
      vertex 197.8 159.8 87.9
    endloop
  endfacet
  facet normal -0 -0.0871251 -0.996197
    outer loop
      vertex 197.8 160.095 87.8742
      vertex 194.8 159.8 87.9
      vertex 194.8 160.095 87.8742
    endloop
  endfacet
  facet normal 0 -0.57301 -0.819549
    outer loop
      vertex 194.8 160.65 87.6722
      vertex 197.8 160.893 87.5023
      vertex 197.8 160.65 87.6722
    endloop
  endfacet
  facet normal -0 -0.57301 -0.819549
    outer loop
      vertex 197.8 160.893 87.5023
      vertex 194.8 160.65 87.6722
      vertex 194.8 160.893 87.5023
    endloop
  endfacet
  facet normal 0 -0.996144 -0.0877362
    outer loop
      vertex 194.8 161.5 86.2
      vertex 197.8 161.474 86.4952
      vertex 194.8 161.474 86.4952
    endloop
  endfacet
  facet normal 0 -0.996144 -0.0877362
    outer loop
      vertex 197.8 161.474 86.4952
      vertex 194.8 161.5 86.2
      vertex 197.8 161.5 86.2
    endloop
  endfacet
  facet normal 0 -0.70812 -0.706093
    outer loop
      vertex 194.8 160.893 87.5023
      vertex 197.8 161.102 87.2927
      vertex 197.8 160.893 87.5023
    endloop
  endfacet
  facet normal -0 -0.70812 -0.706093
    outer loop
      vertex 197.8 161.102 87.2927
      vertex 194.8 160.893 87.5023
      vertex 194.8 161.102 87.2927
    endloop
  endfacet
  facet normal -0 0.42224 0.906484
    outer loop
      vertex 194.8 159.219 84.6025
      vertex 197.8 158.95 84.7278
      vertex 197.8 159.219 84.6025
    endloop
  endfacet
  facet normal 0 0.42224 0.906484
    outer loop
      vertex 197.8 158.95 84.7278
      vertex 194.8 159.219 84.6025
      vertex 194.8 158.95 84.7278
    endloop
  endfacet
  facet normal 0 0.819057 0.573711
    outer loop
      vertex 197.8 158.498 85.1073
      vertex 194.8 158.328 85.35
      vertex 197.8 158.328 85.35
    endloop
  endfacet
  facet normal 0 0.819057 0.573711
    outer loop
      vertex 194.8 158.328 85.35
      vertex 197.8 158.498 85.1073
      vertex 194.8 158.498 85.1073
    endloop
  endfacet
  facet normal 0 -0.70812 0.706093
    outer loop
      vertex 194.8 161.102 85.1073
      vertex 197.8 160.893 84.8977
      vertex 197.8 161.102 85.1073
    endloop
  endfacet
  facet normal 0 -0.70812 0.706093
    outer loop
      vertex 197.8 160.893 84.8977
      vertex 194.8 161.102 85.1073
      vertex 194.8 160.893 84.8977
    endloop
  endfacet
  facet normal 0 -0.259029 -0.96587
    outer loop
      vertex 194.8 160.095 87.8742
      vertex 197.8 160.381 87.7975
      vertex 197.8 160.095 87.8742
    endloop
  endfacet
  facet normal -0 -0.259029 -0.96587
    outer loop
      vertex 197.8 160.381 87.7975
      vertex 194.8 160.095 87.8742
      vertex 194.8 160.381 87.7975
    endloop
  endfacet
  facet normal 0 -0.819057 -0.573711
    outer loop
      vertex 194.8 161.272 87.05
      vertex 197.8 161.102 87.2927
      vertex 194.8 161.102 87.2927
    endloop
  endfacet
  facet normal 0 -0.819057 -0.573711
    outer loop
      vertex 197.8 161.102 87.2927
      vertex 194.8 161.272 87.05
      vertex 197.8 161.272 87.05
    endloop
  endfacet
  facet normal 0 -0.906631 -0.421924
    outer loop
      vertex 194.8 161.397 86.7814
      vertex 197.8 161.272 87.05
      vertex 194.8 161.272 87.05
    endloop
  endfacet
  facet normal 0 -0.906631 -0.421924
    outer loop
      vertex 197.8 161.272 87.05
      vertex 194.8 161.397 86.7814
      vertex 197.8 161.397 86.7814
    endloop
  endfacet
  facet normal 0 -0.0871251 0.996197
    outer loop
      vertex 194.8 160.095 84.5258
      vertex 197.8 159.8 84.5
      vertex 197.8 160.095 84.5258
    endloop
  endfacet
  facet normal 0 -0.0871251 0.996197
    outer loop
      vertex 197.8 159.8 84.5
      vertex 194.8 160.095 84.5258
      vertex 194.8 159.8 84.5
    endloop
  endfacet
  facet normal -0 0.0871251 0.996197
    outer loop
      vertex 194.8 159.8 84.5
      vertex 197.8 159.505 84.5258
      vertex 197.8 159.8 84.5
    endloop
  endfacet
  facet normal 0 0.0871251 0.996197
    outer loop
      vertex 197.8 159.505 84.5258
      vertex 194.8 159.8 84.5
      vertex 194.8 159.505 84.5258
    endloop
  endfacet
  facet normal -0 0.259029 0.96587
    outer loop
      vertex 194.8 159.505 84.5258
      vertex 197.8 159.219 84.6025
      vertex 197.8 159.505 84.5258
    endloop
  endfacet
  facet normal 0 0.259029 0.96587
    outer loop
      vertex 197.8 159.219 84.6025
      vertex 194.8 159.505 84.5258
      vertex 194.8 159.219 84.6025
    endloop
  endfacet
  facet normal 0 0.996144 0.0877362
    outer loop
      vertex 197.8 158.126 85.9048
      vertex 194.8 158.1 86.2
      vertex 197.8 158.1 86.2
    endloop
  endfacet
  facet normal 0 0.996144 0.0877362
    outer loop
      vertex 194.8 158.1 86.2
      vertex 197.8 158.126 85.9048
      vertex 194.8 158.126 85.9048
    endloop
  endfacet
  facet normal 0 0.57301 -0.819549
    outer loop
      vertex 194.8 158.707 87.5023
      vertex 197.8 158.95 87.6722
      vertex 197.8 158.707 87.5023
    endloop
  endfacet
  facet normal 0 0.57301 -0.819549
    outer loop
      vertex 197.8 158.95 87.6722
      vertex 194.8 158.707 87.5023
      vertex 194.8 158.95 87.6722
    endloop
  endfacet
  facet normal -0 0.57301 0.819549
    outer loop
      vertex 194.8 158.95 84.7278
      vertex 197.8 158.707 84.8977
      vertex 197.8 158.95 84.7278
    endloop
  endfacet
  facet normal 0 0.57301 0.819549
    outer loop
      vertex 197.8 158.707 84.8977
      vertex 194.8 158.95 84.7278
      vertex 194.8 158.707 84.8977
    endloop
  endfacet
  facet normal 0 0.906631 0.421924
    outer loop
      vertex 197.8 158.328 85.35
      vertex 194.8 158.203 85.6186
      vertex 197.8 158.203 85.6186
    endloop
  endfacet
  facet normal 0 0.906631 0.421924
    outer loop
      vertex 194.8 158.203 85.6186
      vertex 197.8 158.328 85.35
      vertex 194.8 158.328 85.35
    endloop
  endfacet
  facet normal 0 0.996144 -0.0877362
    outer loop
      vertex 197.8 158.1 86.2
      vertex 194.8 158.126 86.4952
      vertex 197.8 158.126 86.4952
    endloop
  endfacet
  facet normal 0 0.996144 -0.0877362
    outer loop
      vertex 194.8 158.126 86.4952
      vertex 197.8 158.1 86.2
      vertex 194.8 158.1 86.2
    endloop
  endfacet
  facet normal 0 0.819057 -0.573711
    outer loop
      vertex 197.8 158.328 87.05
      vertex 194.8 158.498 87.2927
      vertex 197.8 158.498 87.2927
    endloop
  endfacet
  facet normal 0 0.819057 -0.573711
    outer loop
      vertex 194.8 158.498 87.2927
      vertex 197.8 158.328 87.05
      vertex 194.8 158.328 87.05
    endloop
  endfacet
  facet normal 0 0.965661 -0.259804
    outer loop
      vertex 197.8 158.126 86.4952
      vertex 194.8 158.203 86.7814
      vertex 197.8 158.203 86.7814
    endloop
  endfacet
  facet normal 0 0.965661 -0.259804
    outer loop
      vertex 194.8 158.203 86.7814
      vertex 197.8 158.126 86.4952
      vertex 194.8 158.126 86.4952
    endloop
  endfacet
  facet normal 0 0.42224 -0.906484
    outer loop
      vertex 194.8 158.95 87.6722
      vertex 197.8 159.219 87.7975
      vertex 197.8 158.95 87.6722
    endloop
  endfacet
  facet normal 0 0.42224 -0.906484
    outer loop
      vertex 197.8 159.219 87.7975
      vertex 194.8 158.95 87.6722
      vertex 194.8 159.219 87.7975
    endloop
  endfacet
  facet normal 0 0.70812 -0.706093
    outer loop
      vertex 197.8 158.498 87.2927
      vertex 194.8 158.707 87.5023
      vertex 197.8 158.707 87.5023
    endloop
  endfacet
  facet normal 0 0.70812 -0.706093
    outer loop
      vertex 194.8 158.707 87.5023
      vertex 197.8 158.498 87.2927
      vertex 194.8 158.498 87.2927
    endloop
  endfacet
  facet normal 0 0.70812 0.706093
    outer loop
      vertex 197.8 158.707 84.8977
      vertex 194.8 158.498 85.1073
      vertex 197.8 158.498 85.1073
    endloop
  endfacet
  facet normal 0 0.70812 0.706093
    outer loop
      vertex 194.8 158.498 85.1073
      vertex 197.8 158.707 84.8977
      vertex 194.8 158.707 84.8977
    endloop
  endfacet
  facet normal 0 0.906631 -0.421924
    outer loop
      vertex 197.8 158.203 86.7814
      vertex 194.8 158.328 87.05
      vertex 197.8 158.328 87.05
    endloop
  endfacet
  facet normal 0 0.906631 -0.421924
    outer loop
      vertex 194.8 158.328 87.05
      vertex 197.8 158.203 86.7814
      vertex 194.8 158.203 86.7814
    endloop
  endfacet
  facet normal 0 0.259029 -0.96587
    outer loop
      vertex 194.8 159.219 87.7975
      vertex 197.8 159.505 87.8742
      vertex 197.8 159.219 87.7975
    endloop
  endfacet
  facet normal 0 0.259029 -0.96587
    outer loop
      vertex 197.8 159.505 87.8742
      vertex 194.8 159.219 87.7975
      vertex 194.8 159.505 87.8742
    endloop
  endfacet
  facet normal 0 0.0871251 -0.996197
    outer loop
      vertex 194.8 159.505 87.8742
      vertex 197.8 159.8 87.9
      vertex 197.8 159.505 87.8742
    endloop
  endfacet
  facet normal 0 0.0871251 -0.996197
    outer loop
      vertex 197.8 159.8 87.9
      vertex 194.8 159.505 87.8742
      vertex 194.8 159.8 87.9
    endloop
  endfacet
  facet normal 0 -0.573236 0.81939
    outer loop
      vertex 194.8 160.893 156.098
      vertex 197.8 160.65 155.928
      vertex 197.8 160.893 156.098
    endloop
  endfacet
  facet normal 0 -0.573236 0.81939
    outer loop
      vertex 197.8 160.65 155.928
      vertex 194.8 160.893 156.098
      vertex 194.8 160.65 155.928
    endloop
  endfacet
  facet normal 0 -0.965616 0.259973
    outer loop
      vertex 194.8 161.397 156.819
      vertex 197.8 161.474 157.105
      vertex 194.8 161.474 157.105
    endloop
  endfacet
  facet normal 0 -0.965616 0.259973
    outer loop
      vertex 197.8 161.474 157.105
      vertex 194.8 161.397 156.819
      vertex 197.8 161.397 156.819
    endloop
  endfacet
  facet normal 0 -0.906871 0.421408
    outer loop
      vertex 194.8 161.272 156.55
      vertex 197.8 161.397 156.819
      vertex 194.8 161.397 156.819
    endloop
  endfacet
  facet normal 0 -0.906871 0.421408
    outer loop
      vertex 197.8 161.397 156.819
      vertex 194.8 161.272 156.55
      vertex 197.8 161.272 156.55
    endloop
  endfacet
  facet normal 0 -0.965616 -0.259973
    outer loop
      vertex 194.8 161.474 157.695
      vertex 197.8 161.397 157.981
      vertex 194.8 161.397 157.981
    endloop
  endfacet
  facet normal 0 -0.965616 -0.259973
    outer loop
      vertex 197.8 161.397 157.981
      vertex 194.8 161.474 157.695
      vertex 197.8 161.474 157.695
    endloop
  endfacet
  facet normal 0 -0.421408 -0.906871
    outer loop
      vertex 194.8 160.381 158.997
      vertex 197.8 160.65 158.872
      vertex 197.8 160.381 158.997
    endloop
  endfacet
  facet normal -0 -0.421408 -0.906871
    outer loop
      vertex 197.8 160.65 158.872
      vertex 194.8 160.381 158.997
      vertex 194.8 160.65 158.872
    endloop
  endfacet
  facet normal 0 0.965616 0.259973
    outer loop
      vertex 197.8 158.203 156.819
      vertex 194.8 158.126 157.105
      vertex 197.8 158.126 157.105
    endloop
  endfacet
  facet normal 0 0.965616 0.259973
    outer loop
      vertex 194.8 158.126 157.105
      vertex 197.8 158.203 156.819
      vertex 194.8 158.203 156.819
    endloop
  endfacet
  facet normal 0 -0.259973 0.965616
    outer loop
      vertex 194.8 160.381 155.803
      vertex 197.8 160.095 155.726
      vertex 197.8 160.381 155.803
    endloop
  endfacet
  facet normal 0 -0.259973 0.965616
    outer loop
      vertex 197.8 160.095 155.726
      vertex 194.8 160.381 155.803
      vertex 194.8 160.095 155.726
    endloop
  endfacet
  facet normal 0 -0.421408 0.906871
    outer loop
      vertex 194.8 160.65 155.928
      vertex 197.8 160.381 155.803
      vertex 197.8 160.65 155.928
    endloop
  endfacet
  facet normal 0 -0.421408 0.906871
    outer loop
      vertex 197.8 160.381 155.803
      vertex 194.8 160.65 155.928
      vertex 194.8 160.381 155.803
    endloop
  endfacet
  facet normal 0 -0.996139 0.0877953
    outer loop
      vertex 194.8 161.474 157.105
      vertex 197.8 161.5 157.4
      vertex 194.8 161.5 157.4
    endloop
  endfacet
  facet normal 0 -0.996139 0.0877953
    outer loop
      vertex 197.8 161.5 157.4
      vertex 194.8 161.474 157.105
      vertex 197.8 161.474 157.105
    endloop
  endfacet
  facet normal 0 -0.81939 0.573236
    outer loop
      vertex 194.8 161.102 156.307
      vertex 197.8 161.272 156.55
      vertex 194.8 161.272 156.55
    endloop
  endfacet
  facet normal 0 -0.81939 0.573236
    outer loop
      vertex 197.8 161.272 156.55
      vertex 194.8 161.102 156.307
      vertex 197.8 161.102 156.307
    endloop
  endfacet
  facet normal 0 -0.0877953 -0.996139
    outer loop
      vertex 194.8 159.8 159.1
      vertex 197.8 160.095 159.074
      vertex 197.8 159.8 159.1
    endloop
  endfacet
  facet normal -0 -0.0877953 -0.996139
    outer loop
      vertex 197.8 160.095 159.074
      vertex 194.8 159.8 159.1
      vertex 194.8 160.095 159.074
    endloop
  endfacet
  facet normal 0 -0.573236 -0.81939
    outer loop
      vertex 194.8 160.65 158.872
      vertex 197.8 160.893 158.702
      vertex 197.8 160.65 158.872
    endloop
  endfacet
  facet normal -0 -0.573236 -0.81939
    outer loop
      vertex 197.8 160.893 158.702
      vertex 194.8 160.65 158.872
      vertex 194.8 160.893 158.702
    endloop
  endfacet
  facet normal 0 -0.906871 -0.421408
    outer loop
      vertex 194.8 161.397 157.981
      vertex 197.8 161.272 158.25
      vertex 194.8 161.272 158.25
    endloop
  endfacet
  facet normal 0 -0.906871 -0.421408
    outer loop
      vertex 197.8 161.272 158.25
      vertex 194.8 161.397 157.981
      vertex 197.8 161.397 157.981
    endloop
  endfacet
  facet normal 0 -0.996139 -0.0877953
    outer loop
      vertex 194.8 161.5 157.4
      vertex 197.8 161.474 157.695
      vertex 194.8 161.474 157.695
    endloop
  endfacet
  facet normal 0 -0.996139 -0.0877953
    outer loop
      vertex 197.8 161.474 157.695
      vertex 194.8 161.5 157.4
      vertex 197.8 161.5 157.4
    endloop
  endfacet
  facet normal -0 0.421408 0.906871
    outer loop
      vertex 194.8 159.219 155.803
      vertex 197.8 158.95 155.928
      vertex 197.8 159.219 155.803
    endloop
  endfacet
  facet normal 0 0.421408 0.906871
    outer loop
      vertex 197.8 158.95 155.928
      vertex 194.8 159.219 155.803
      vertex 194.8 158.95 155.928
    endloop
  endfacet
  facet normal 0 0.81939 0.573236
    outer loop
      vertex 197.8 158.498 156.307
      vertex 194.8 158.328 156.55
      vertex 197.8 158.328 156.55
    endloop
  endfacet
  facet normal 0 0.81939 0.573236
    outer loop
      vertex 194.8 158.328 156.55
      vertex 197.8 158.498 156.307
      vertex 194.8 158.498 156.307
    endloop
  endfacet
  facet normal 0 -0.707107 0.707107
    outer loop
      vertex 194.8 160.893 156.098
      vertex 197.8 161.102 156.307
      vertex 194.8 161.102 156.307
    endloop
  endfacet
  facet normal 0 -0.707107 0.707107
    outer loop
      vertex 197.8 161.102 156.307
      vertex 194.8 160.893 156.098
      vertex 197.8 160.893 156.098
    endloop
  endfacet
  facet normal 0 -0.259973 -0.965616
    outer loop
      vertex 194.8 160.095 159.074
      vertex 197.8 160.381 158.997
      vertex 197.8 160.095 159.074
    endloop
  endfacet
  facet normal -0 -0.259973 -0.965616
    outer loop
      vertex 197.8 160.381 158.997
      vertex 194.8 160.095 159.074
      vertex 194.8 160.381 158.997
    endloop
  endfacet
  facet normal 0 -0.81939 -0.573236
    outer loop
      vertex 194.8 161.272 158.25
      vertex 197.8 161.102 158.493
      vertex 194.8 161.102 158.493
    endloop
  endfacet
  facet normal 0 -0.81939 -0.573236
    outer loop
      vertex 197.8 161.102 158.493
      vertex 194.8 161.272 158.25
      vertex 197.8 161.272 158.25
    endloop
  endfacet
  facet normal 0 -0.707107 -0.707107
    outer loop
      vertex 194.8 160.893 158.702
      vertex 197.8 161.102 158.493
      vertex 197.8 160.893 158.702
    endloop
  endfacet
  facet normal -0 -0.707107 -0.707107
    outer loop
      vertex 197.8 161.102 158.493
      vertex 194.8 160.893 158.702
      vertex 194.8 161.102 158.493
    endloop
  endfacet
  facet normal 0 -0.0877953 0.996139
    outer loop
      vertex 194.8 160.095 155.726
      vertex 197.8 159.8 155.7
      vertex 197.8 160.095 155.726
    endloop
  endfacet
  facet normal 0 -0.0877953 0.996139
    outer loop
      vertex 197.8 159.8 155.7
      vertex 194.8 160.095 155.726
      vertex 194.8 159.8 155.7
    endloop
  endfacet
  facet normal -0 0.0877953 0.996139
    outer loop
      vertex 194.8 159.8 155.7
      vertex 197.8 159.505 155.726
      vertex 197.8 159.8 155.7
    endloop
  endfacet
  facet normal 0 0.0877953 0.996139
    outer loop
      vertex 197.8 159.505 155.726
      vertex 194.8 159.8 155.7
      vertex 194.8 159.505 155.726
    endloop
  endfacet
  facet normal -0 0.259973 0.965616
    outer loop
      vertex 194.8 159.505 155.726
      vertex 197.8 159.219 155.803
      vertex 197.8 159.505 155.726
    endloop
  endfacet
  facet normal 0 0.259973 0.965616
    outer loop
      vertex 197.8 159.219 155.803
      vertex 194.8 159.505 155.726
      vertex 194.8 159.219 155.803
    endloop
  endfacet
  facet normal 0 0.996139 0.0877953
    outer loop
      vertex 197.8 158.126 157.105
      vertex 194.8 158.1 157.4
      vertex 197.8 158.1 157.4
    endloop
  endfacet
  facet normal 0 0.996139 0.0877953
    outer loop
      vertex 194.8 158.1 157.4
      vertex 197.8 158.126 157.105
      vertex 194.8 158.126 157.105
    endloop
  endfacet
  facet normal 0 0.573236 -0.81939
    outer loop
      vertex 194.8 158.707 158.702
      vertex 197.8 158.95 158.872
      vertex 197.8 158.707 158.702
    endloop
  endfacet
  facet normal 0 0.573236 -0.81939
    outer loop
      vertex 197.8 158.95 158.872
      vertex 194.8 158.707 158.702
      vertex 194.8 158.95 158.872
    endloop
  endfacet
  facet normal -0 0.573236 0.81939
    outer loop
      vertex 194.8 158.95 155.928
      vertex 197.8 158.707 156.098
      vertex 197.8 158.95 155.928
    endloop
  endfacet
  facet normal 0 0.573236 0.81939
    outer loop
      vertex 197.8 158.707 156.098
      vertex 194.8 158.95 155.928
      vertex 194.8 158.707 156.098
    endloop
  endfacet
  facet normal 0 0.906871 0.421408
    outer loop
      vertex 197.8 158.328 156.55
      vertex 194.8 158.203 156.819
      vertex 197.8 158.203 156.819
    endloop
  endfacet
  facet normal 0 0.906871 0.421408
    outer loop
      vertex 194.8 158.203 156.819
      vertex 197.8 158.328 156.55
      vertex 194.8 158.328 156.55
    endloop
  endfacet
  facet normal 0 0.996139 -0.0877953
    outer loop
      vertex 197.8 158.1 157.4
      vertex 194.8 158.126 157.695
      vertex 197.8 158.126 157.695
    endloop
  endfacet
  facet normal 0 0.996139 -0.0877953
    outer loop
      vertex 194.8 158.126 157.695
      vertex 197.8 158.1 157.4
      vertex 194.8 158.1 157.4
    endloop
  endfacet
  facet normal 0 0.421408 -0.906871
    outer loop
      vertex 194.8 158.95 158.872
      vertex 197.8 159.219 158.997
      vertex 197.8 158.95 158.872
    endloop
  endfacet
  facet normal 0 0.421408 -0.906871
    outer loop
      vertex 197.8 159.219 158.997
      vertex 194.8 158.95 158.872
      vertex 194.8 159.219 158.997
    endloop
  endfacet
  facet normal 0 0.707107 -0.707107
    outer loop
      vertex 197.8 158.498 158.493
      vertex 194.8 158.707 158.702
      vertex 197.8 158.707 158.702
    endloop
  endfacet
  facet normal 0 0.707107 -0.707107
    outer loop
      vertex 194.8 158.707 158.702
      vertex 197.8 158.498 158.493
      vertex 194.8 158.498 158.493
    endloop
  endfacet
  facet normal 0 0.707107 0.707107
    outer loop
      vertex 197.8 158.707 156.098
      vertex 194.8 158.498 156.307
      vertex 197.8 158.498 156.307
    endloop
  endfacet
  facet normal 0 0.707107 0.707107
    outer loop
      vertex 194.8 158.498 156.307
      vertex 197.8 158.707 156.098
      vertex 194.8 158.707 156.098
    endloop
  endfacet
  facet normal 0 0.965616 -0.259973
    outer loop
      vertex 197.8 158.126 157.695
      vertex 194.8 158.203 157.981
      vertex 197.8 158.203 157.981
    endloop
  endfacet
  facet normal 0 0.965616 -0.259973
    outer loop
      vertex 194.8 158.203 157.981
      vertex 197.8 158.126 157.695
      vertex 194.8 158.126 157.695
    endloop
  endfacet
  facet normal 0 0.81939 -0.573236
    outer loop
      vertex 197.8 158.328 158.25
      vertex 194.8 158.498 158.493
      vertex 197.8 158.498 158.493
    endloop
  endfacet
  facet normal 0 0.81939 -0.573236
    outer loop
      vertex 194.8 158.498 158.493
      vertex 197.8 158.328 158.25
      vertex 194.8 158.328 158.25
    endloop
  endfacet
  facet normal 0 0.259973 -0.965616
    outer loop
      vertex 194.8 159.219 158.997
      vertex 197.8 159.505 159.074
      vertex 197.8 159.219 158.997
    endloop
  endfacet
  facet normal 0 0.259973 -0.965616
    outer loop
      vertex 197.8 159.505 159.074
      vertex 194.8 159.219 158.997
      vertex 194.8 159.505 159.074
    endloop
  endfacet
  facet normal 0 0.0877953 -0.996139
    outer loop
      vertex 194.8 159.505 159.074
      vertex 197.8 159.8 159.1
      vertex 197.8 159.505 159.074
    endloop
  endfacet
  facet normal 0 0.0877953 -0.996139
    outer loop
      vertex 197.8 159.8 159.1
      vertex 194.8 159.505 159.074
      vertex 194.8 159.8 159.1
    endloop
  endfacet
  facet normal 0 0.906871 -0.421408
    outer loop
      vertex 197.8 158.203 157.981
      vertex 194.8 158.328 158.25
      vertex 197.8 158.328 158.25
    endloop
  endfacet
  facet normal 0 0.906871 -0.421408
    outer loop
      vertex 194.8 158.328 158.25
      vertex 197.8 158.203 157.981
      vertex 194.8 158.203 157.981
    endloop
  endfacet
  facet normal 0 -0.573621 0.819121
    outer loop
      vertex 194.8 40.9927 3.69772
      vertex 197.8 40.75 3.52776
      vertex 197.8 40.9927 3.69772
    endloop
  endfacet
  facet normal 0 -0.573621 0.819121
    outer loop
      vertex 197.8 40.75 3.52776
      vertex 194.8 40.9927 3.69772
      vertex 194.8 40.75 3.52776
    endloop
  endfacet
  facet normal 0 -0.996203 0.0870665
    outer loop
      vertex 194.8 41.5742 4.7048
      vertex 197.8 41.6 5
      vertex 194.8 41.6 5
    endloop
  endfacet
  facet normal 0 -0.996203 0.0870665
    outer loop
      vertex 197.8 41.6 5
      vertex 194.8 41.5742 4.7048
      vertex 197.8 41.5742 4.7048
    endloop
  endfacet
  facet normal 0 -0.965922 0.258834
    outer loop
      vertex 194.8 41.4975 4.41857
      vertex 197.8 41.5742 4.7048
      vertex 194.8 41.5742 4.7048
    endloop
  endfacet
  facet normal 0 -0.965922 0.258834
    outer loop
      vertex 197.8 41.5742 4.7048
      vertex 194.8 41.4975 4.41857
      vertex 197.8 41.4975 4.41857
    endloop
  endfacet
  facet normal 0 -0.906225 -0.422795
    outer loop
      vertex 194.8 41.4975 5.58143
      vertex 197.8 41.3722 5.85
      vertex 194.8 41.3722 5.85
    endloop
  endfacet
  facet normal 0 -0.906225 -0.422795
    outer loop
      vertex 197.8 41.3722 5.85
      vertex 194.8 41.4975 5.58143
      vertex 197.8 41.4975 5.58143
    endloop
  endfacet
  facet normal 0 -0.42259 -0.906321
    outer loop
      vertex 194.8 40.4814 6.59748
      vertex 197.8 40.75 6.47224
      vertex 197.8 40.4814 6.59748
    endloop
  endfacet
  facet normal -0 -0.42259 -0.906321
    outer loop
      vertex 197.8 40.75 6.47224
      vertex 194.8 40.4814 6.59748
      vertex 194.8 40.75 6.47224
    endloop
  endfacet
  facet normal -0 0.087167 0.996194
    outer loop
      vertex 194.8 39.9 3.3
      vertex 197.8 39.6048 3.32583
      vertex 197.8 39.9 3.3
    endloop
  endfacet
  facet normal 0 0.087167 0.996194
    outer loop
      vertex 197.8 39.6048 3.32583
      vertex 194.8 39.9 3.3
      vertex 194.8 39.6048 3.32583
    endloop
  endfacet
  facet normal 0 -0.258828 0.965923
    outer loop
      vertex 194.8 40.4814 3.40252
      vertex 197.8 40.1952 3.32583
      vertex 197.8 40.4814 3.40252
    endloop
  endfacet
  facet normal 0 -0.258828 0.965923
    outer loop
      vertex 197.8 40.1952 3.32583
      vertex 194.8 40.4814 3.40252
      vertex 194.8 40.1952 3.32583
    endloop
  endfacet
  facet normal 0 -0.42259 0.906321
    outer loop
      vertex 194.8 40.75 3.52776
      vertex 197.8 40.4814 3.40252
      vertex 197.8 40.75 3.52776
    endloop
  endfacet
  facet normal 0 -0.42259 0.906321
    outer loop
      vertex 197.8 40.4814 3.40252
      vertex 194.8 40.75 3.52776
      vertex 194.8 40.4814 3.40252
    endloop
  endfacet
  facet normal 0 -0.996203 -0.0870665
    outer loop
      vertex 194.8 41.6 5
      vertex 197.8 41.5742 5.2952
      vertex 194.8 41.5742 5.2952
    endloop
  endfacet
  facet normal 0 -0.996203 -0.0870665
    outer loop
      vertex 197.8 41.5742 5.2952
      vertex 194.8 41.6 5
      vertex 197.8 41.6 5
    endloop
  endfacet
  facet normal 0 -0.906225 0.422795
    outer loop
      vertex 194.8 41.3722 4.15
      vertex 197.8 41.4975 4.41857
      vertex 194.8 41.4975 4.41857
    endloop
  endfacet
  facet normal 0 -0.906225 0.422795
    outer loop
      vertex 197.8 41.4975 4.41857
      vertex 194.8 41.3722 4.15
      vertex 197.8 41.3722 4.15
    endloop
  endfacet
  facet normal 0 -0.087167 -0.996194
    outer loop
      vertex 194.8 39.9 6.7
      vertex 197.8 40.1952 6.67417
      vertex 197.8 39.9 6.7
    endloop
  endfacet
  facet normal -0 -0.087167 -0.996194
    outer loop
      vertex 197.8 40.1952 6.67417
      vertex 194.8 39.9 6.7
      vertex 194.8 40.1952 6.67417
    endloop
  endfacet
  facet normal 0 -0.573644 -0.819105
    outer loop
      vertex 194.8 40.75 6.47224
      vertex 197.8 40.9927 6.30227
      vertex 197.8 40.75 6.47224
    endloop
  endfacet
  facet normal -0 -0.573644 -0.819105
    outer loop
      vertex 197.8 40.9927 6.30227
      vertex 194.8 40.75 6.47224
      vertex 194.8 40.9927 6.30227
    endloop
  endfacet
  facet normal 0 -0.81926 -0.573422
    outer loop
      vertex 194.8 41.3722 5.85
      vertex 197.8 41.2023 6.09274
      vertex 194.8 41.2023 6.09274
    endloop
  endfacet
  facet normal 0 -0.81926 -0.573422
    outer loop
      vertex 197.8 41.2023 6.09274
      vertex 194.8 41.3722 5.85
      vertex 197.8 41.3722 5.85
    endloop
  endfacet
  facet normal 0 -0.965922 -0.258834
    outer loop
      vertex 194.8 41.5742 5.2952
      vertex 197.8 41.4975 5.58143
      vertex 194.8 41.4975 5.58143
    endloop
  endfacet
  facet normal 0 -0.965922 -0.258834
    outer loop
      vertex 197.8 41.4975 5.58143
      vertex 194.8 41.5742 5.2952
      vertex 197.8 41.5742 5.2952
    endloop
  endfacet
  facet normal 0 -0.706989 -0.707225
    outer loop
      vertex 194.8 40.9927 6.30227
      vertex 197.8 41.2023 6.09274
      vertex 197.8 40.9927 6.30227
    endloop
  endfacet
  facet normal -0 -0.706989 -0.707225
    outer loop
      vertex 197.8 41.2023 6.09274
      vertex 194.8 40.9927 6.30227
      vertex 194.8 41.2023 6.09274
    endloop
  endfacet
  facet normal 0 -0.087167 0.996194
    outer loop
      vertex 194.8 40.1952 3.32583
      vertex 197.8 39.9 3.3
      vertex 197.8 40.1952 3.32583
    endloop
  endfacet
  facet normal 0 -0.087167 0.996194
    outer loop
      vertex 197.8 39.9 3.3
      vertex 194.8 40.1952 3.32583
      vertex 194.8 39.9 3.3
    endloop
  endfacet
  facet normal 0 0.81926 0.573422
    outer loop
      vertex 197.8 38.5977 3.90726
      vertex 194.8 38.4278 4.15
      vertex 197.8 38.4278 4.15
    endloop
  endfacet
  facet normal 0 0.81926 0.573422
    outer loop
      vertex 194.8 38.4278 4.15
      vertex 197.8 38.5977 3.90726
      vertex 194.8 38.5977 3.90726
    endloop
  endfacet
  facet normal -0 0.42259 0.906321
    outer loop
      vertex 194.8 39.3186 3.40252
      vertex 197.8 39.05 3.52776
      vertex 197.8 39.3186 3.40252
    endloop
  endfacet
  facet normal 0 0.42259 0.906321
    outer loop
      vertex 197.8 39.05 3.52776
      vertex 194.8 39.3186 3.40252
      vertex 194.8 39.05 3.52776
    endloop
  endfacet
  facet normal 0 0.087167 -0.996194
    outer loop
      vertex 194.8 39.6048 6.67417
      vertex 197.8 39.9 6.7
      vertex 197.8 39.6048 6.67417
    endloop
  endfacet
  facet normal 0 0.087167 -0.996194
    outer loop
      vertex 197.8 39.9 6.7
      vertex 194.8 39.6048 6.67417
      vertex 194.8 39.9 6.7
    endloop
  endfacet
  facet normal 0 -0.707006 0.707208
    outer loop
      vertex 194.8 41.2023 3.90726
      vertex 197.8 40.9927 3.69772
      vertex 197.8 41.2023 3.90726
    endloop
  endfacet
  facet normal 0 -0.707006 0.707208
    outer loop
      vertex 197.8 40.9927 3.69772
      vertex 194.8 41.2023 3.90726
      vertex 194.8 40.9927 3.69772
    endloop
  endfacet
  facet normal 0 -0.81926 0.573422
    outer loop
      vertex 194.8 41.2023 3.90726
      vertex 197.8 41.3722 4.15
      vertex 194.8 41.3722 4.15
    endloop
  endfacet
  facet normal 0 -0.81926 0.573422
    outer loop
      vertex 197.8 41.3722 4.15
      vertex 194.8 41.2023 3.90726
      vertex 197.8 41.2023 3.90726
    endloop
  endfacet
  facet normal 0 -0.258828 -0.965923
    outer loop
      vertex 194.8 40.1952 6.67417
      vertex 197.8 40.4814 6.59748
      vertex 197.8 40.1952 6.67417
    endloop
  endfacet
  facet normal -0 -0.258828 -0.965923
    outer loop
      vertex 197.8 40.4814 6.59748
      vertex 194.8 40.1952 6.67417
      vertex 194.8 40.4814 6.59748
    endloop
  endfacet
  facet normal 0 0.258828 -0.965923
    outer loop
      vertex 194.8 39.3186 6.59748
      vertex 197.8 39.6048 6.67417
      vertex 197.8 39.3186 6.59748
    endloop
  endfacet
  facet normal 0 0.258828 -0.965923
    outer loop
      vertex 197.8 39.6048 6.67417
      vertex 194.8 39.3186 6.59748
      vertex 194.8 39.6048 6.67417
    endloop
  endfacet
  facet normal 0 0.965922 0.258834
    outer loop
      vertex 197.8 38.3025 4.41857
      vertex 194.8 38.2258 4.7048
      vertex 197.8 38.2258 4.7048
    endloop
  endfacet
  facet normal 0 0.965922 0.258834
    outer loop
      vertex 194.8 38.2258 4.7048
      vertex 197.8 38.3025 4.41857
      vertex 194.8 38.3025 4.41857
    endloop
  endfacet
  facet normal 0 0.906225 0.422795
    outer loop
      vertex 197.8 38.4278 4.15
      vertex 194.8 38.3025 4.41857
      vertex 197.8 38.3025 4.41857
    endloop
  endfacet
  facet normal 0 0.906225 0.422795
    outer loop
      vertex 194.8 38.3025 4.41857
      vertex 197.8 38.4278 4.15
      vertex 194.8 38.4278 4.15
    endloop
  endfacet
  facet normal -0 0.258828 0.965923
    outer loop
      vertex 194.8 39.6048 3.32583
      vertex 197.8 39.3186 3.40252
      vertex 197.8 39.6048 3.32583
    endloop
  endfacet
  facet normal 0 0.258828 0.965923
    outer loop
      vertex 197.8 39.3186 3.40252
      vertex 194.8 39.6048 3.32583
      vertex 194.8 39.3186 3.40252
    endloop
  endfacet
  facet normal 0 0.906225 -0.422795
    outer loop
      vertex 197.8 38.3025 5.58143
      vertex 194.8 38.4278 5.85
      vertex 197.8 38.4278 5.85
    endloop
  endfacet
  facet normal 0 0.906225 -0.422795
    outer loop
      vertex 194.8 38.4278 5.85
      vertex 197.8 38.3025 5.58143
      vertex 194.8 38.3025 5.58143
    endloop
  endfacet
  facet normal 0 0.707006 0.707208
    outer loop
      vertex 197.8 38.8073 3.69772
      vertex 194.8 38.5977 3.90726
      vertex 197.8 38.5977 3.90726
    endloop
  endfacet
  facet normal 0 0.707006 0.707208
    outer loop
      vertex 194.8 38.5977 3.90726
      vertex 197.8 38.8073 3.69772
      vertex 194.8 38.8073 3.69772
    endloop
  endfacet
  facet normal 0 0.81926 -0.573422
    outer loop
      vertex 197.8 38.4278 5.85
      vertex 194.8 38.5977 6.09274
      vertex 197.8 38.5977 6.09274
    endloop
  endfacet
  facet normal 0 0.81926 -0.573422
    outer loop
      vertex 194.8 38.5977 6.09274
      vertex 197.8 38.4278 5.85
      vertex 194.8 38.4278 5.85
    endloop
  endfacet
  facet normal 0 0.996203 0.0870665
    outer loop
      vertex 197.8 38.2258 4.7048
      vertex 194.8 38.2 5
      vertex 197.8 38.2 5
    endloop
  endfacet
  facet normal 0 0.996203 0.0870665
    outer loop
      vertex 194.8 38.2 5
      vertex 197.8 38.2258 4.7048
      vertex 194.8 38.2258 4.7048
    endloop
  endfacet
  facet normal 0 0.996203 -0.0870665
    outer loop
      vertex 197.8 38.2 5
      vertex 194.8 38.2258 5.2952
      vertex 197.8 38.2258 5.2952
    endloop
  endfacet
  facet normal 0 0.996203 -0.0870665
    outer loop
      vertex 194.8 38.2258 5.2952
      vertex 197.8 38.2 5
      vertex 194.8 38.2 5
    endloop
  endfacet
  facet normal 0 0.706989 -0.707225
    outer loop
      vertex 197.8 38.5977 6.09274
      vertex 194.8 38.8073 6.30227
      vertex 197.8 38.8073 6.30227
    endloop
  endfacet
  facet normal 0 0.706989 -0.707225
    outer loop
      vertex 194.8 38.8073 6.30227
      vertex 197.8 38.5977 6.09274
      vertex 194.8 38.5977 6.09274
    endloop
  endfacet
  facet normal 0 0.573644 -0.819105
    outer loop
      vertex 194.8 38.8073 6.30227
      vertex 197.8 39.05 6.47224
      vertex 197.8 38.8073 6.30227
    endloop
  endfacet
  facet normal 0 0.573644 -0.819105
    outer loop
      vertex 197.8 39.05 6.47224
      vertex 194.8 38.8073 6.30227
      vertex 194.8 39.05 6.47224
    endloop
  endfacet
  facet normal 0 0.42259 -0.906321
    outer loop
      vertex 194.8 39.05 6.47224
      vertex 197.8 39.3186 6.59748
      vertex 197.8 39.05 6.47224
    endloop
  endfacet
  facet normal 0 0.42259 -0.906321
    outer loop
      vertex 197.8 39.3186 6.59748
      vertex 194.8 39.05 6.47224
      vertex 194.8 39.3186 6.59748
    endloop
  endfacet
  facet normal -0 0.573621 0.819121
    outer loop
      vertex 194.8 39.05 3.52776
      vertex 197.8 38.8073 3.69772
      vertex 197.8 39.05 3.52776
    endloop
  endfacet
  facet normal 0 0.573621 0.819121
    outer loop
      vertex 197.8 38.8073 3.69772
      vertex 194.8 39.05 3.52776
      vertex 194.8 38.8073 3.69772
    endloop
  endfacet
  facet normal 0 0.965922 -0.258834
    outer loop
      vertex 197.8 38.2258 5.2952
      vertex 194.8 38.3025 5.58143
      vertex 197.8 38.3025 5.58143
    endloop
  endfacet
  facet normal 0 0.965922 -0.258834
    outer loop
      vertex 194.8 38.3025 5.58143
      vertex 197.8 38.2258 5.2952
      vertex 194.8 38.2258 5.2952
    endloop
  endfacet
  facet normal 0 -0.573145 0.819454
    outer loop
      vertex 194.8 115.993 3.69772
      vertex 197.8 115.75 3.52776
      vertex 197.8 115.993 3.69772
    endloop
  endfacet
  facet normal 0 -0.573145 0.819454
    outer loop
      vertex 197.8 115.75 3.52776
      vertex 194.8 115.993 3.69772
      vertex 194.8 115.75 3.52776
    endloop
  endfacet
  facet normal 0 -0.996144 0.0877362
    outer loop
      vertex 194.8 116.574 4.7048
      vertex 197.8 116.6 5
      vertex 194.8 116.6 5
    endloop
  endfacet
  facet normal 0 -0.996144 0.0877362
    outer loop
      vertex 197.8 116.6 5
      vertex 194.8 116.574 4.7048
      vertex 197.8 116.574 4.7048
    endloop
  endfacet
  facet normal 0 -0.965668 0.259779
    outer loop
      vertex 194.8 116.497 4.41857
      vertex 197.8 116.574 4.7048
      vertex 194.8 116.574 4.7048
    endloop
  endfacet
  facet normal 0 -0.965668 0.259779
    outer loop
      vertex 197.8 116.574 4.7048
      vertex 194.8 116.497 4.41857
      vertex 197.8 116.497 4.41857
    endloop
  endfacet
  facet normal 0 -0.906613 -0.421963
    outer loop
      vertex 194.8 116.497 5.58143
      vertex 197.8 116.372 5.85
      vertex 194.8 116.372 5.85
    endloop
  endfacet
  facet normal 0 -0.906613 -0.421963
    outer loop
      vertex 197.8 116.372 5.85
      vertex 194.8 116.497 5.58143
      vertex 197.8 116.497 5.58143
    endloop
  endfacet
  facet normal 0 -0.422074 -0.906562
    outer loop
      vertex 194.8 115.481 6.59748
      vertex 197.8 115.75 6.47224
      vertex 197.8 115.481 6.59748
    endloop
  endfacet
  facet normal -0 -0.422074 -0.906562
    outer loop
      vertex 197.8 115.75 6.47224
      vertex 194.8 115.481 6.59748
      vertex 194.8 115.75 6.47224
    endloop
  endfacet
  facet normal -0 0.0872256 0.996189
    outer loop
      vertex 194.8 114.9 3.3
      vertex 197.8 114.605 3.32583
      vertex 197.8 114.9 3.3
    endloop
  endfacet
  facet normal 0 0.0872256 0.996189
    outer loop
      vertex 197.8 114.605 3.32583
      vertex 194.8 114.9 3.3
      vertex 194.8 114.605 3.32583
    endloop
  endfacet
  facet normal 0 -0.258997 0.965878
    outer loop
      vertex 194.8 115.481 3.40252
      vertex 197.8 115.195 3.32583
      vertex 197.8 115.481 3.40252
    endloop
  endfacet
  facet normal 0 -0.258997 0.965878
    outer loop
      vertex 197.8 115.195 3.32583
      vertex 194.8 115.481 3.40252
      vertex 194.8 115.195 3.32583
    endloop
  endfacet
  facet normal 0 -0.422074 0.906562
    outer loop
      vertex 194.8 115.75 3.52776
      vertex 197.8 115.481 3.40252
      vertex 197.8 115.75 3.52776
    endloop
  endfacet
  facet normal 0 -0.422074 0.906562
    outer loop
      vertex 197.8 115.481 3.40252
      vertex 194.8 115.75 3.52776
      vertex 194.8 115.481 3.40252
    endloop
  endfacet
  facet normal 0 -0.996144 -0.0877362
    outer loop
      vertex 194.8 116.6 5
      vertex 197.8 116.574 5.2952
      vertex 194.8 116.574 5.2952
    endloop
  endfacet
  facet normal 0 -0.996144 -0.0877362
    outer loop
      vertex 197.8 116.574 5.2952
      vertex 194.8 116.6 5
      vertex 197.8 116.6 5
    endloop
  endfacet
  facet normal 0 -0.906613 0.421963
    outer loop
      vertex 194.8 116.372 4.15
      vertex 197.8 116.497 4.41857
      vertex 194.8 116.497 4.41857
    endloop
  endfacet
  facet normal 0 -0.906613 0.421963
    outer loop
      vertex 197.8 116.497 4.41857
      vertex 194.8 116.372 4.15
      vertex 197.8 116.372 4.15
    endloop
  endfacet
  facet normal 0 -0.0872256 -0.996189
    outer loop
      vertex 194.8 114.9 6.7
      vertex 197.8 115.195 6.67417
      vertex 197.8 114.9 6.7
    endloop
  endfacet
  facet normal -0 -0.0872256 -0.996189
    outer loop
      vertex 197.8 115.195 6.67417
      vertex 194.8 114.9 6.7
      vertex 194.8 115.195 6.67417
    endloop
  endfacet
  facet normal 0 -0.573168 -0.819438
    outer loop
      vertex 194.8 115.75 6.47224
      vertex 197.8 115.993 6.30227
      vertex 197.8 115.75 6.47224
    endloop
  endfacet
  facet normal -0 -0.573168 -0.819438
    outer loop
      vertex 197.8 115.993 6.30227
      vertex 194.8 115.75 6.47224
      vertex 194.8 115.993 6.30227
    endloop
  endfacet
  facet normal 0 -0.819102 -0.573648
    outer loop
      vertex 194.8 116.372 5.85
      vertex 197.8 116.202 6.09274
      vertex 194.8 116.202 6.09274
    endloop
  endfacet
  facet normal 0 -0.819102 -0.573648
    outer loop
      vertex 197.8 116.202 6.09274
      vertex 194.8 116.372 5.85
      vertex 197.8 116.372 5.85
    endloop
  endfacet
  facet normal 0 -0.965668 -0.259779
    outer loop
      vertex 194.8 116.574 5.2952
      vertex 197.8 116.497 5.58143
      vertex 194.8 116.497 5.58143
    endloop
  endfacet
  facet normal 0 -0.965668 -0.259779
    outer loop
      vertex 197.8 116.497 5.58143
      vertex 194.8 116.574 5.2952
      vertex 197.8 116.574 5.2952
    endloop
  endfacet
  facet normal 0 -0.708002 -0.706211
    outer loop
      vertex 194.8 115.993 6.30227
      vertex 197.8 116.202 6.09274
      vertex 197.8 115.993 6.30227
    endloop
  endfacet
  facet normal -0 -0.708002 -0.706211
    outer loop
      vertex 197.8 116.202 6.09274
      vertex 194.8 115.993 6.30227
      vertex 194.8 116.202 6.09274
    endloop
  endfacet
  facet normal 0 -0.0872256 0.996189
    outer loop
      vertex 194.8 115.195 3.32583
      vertex 197.8 114.9 3.3
      vertex 197.8 115.195 3.32583
    endloop
  endfacet
  facet normal 0 -0.0872256 0.996189
    outer loop
      vertex 197.8 114.9 3.3
      vertex 194.8 115.195 3.32583
      vertex 194.8 114.9 3.3
    endloop
  endfacet
  facet normal 0 0.819102 0.573648
    outer loop
      vertex 197.8 113.598 3.90726
      vertex 194.8 113.428 4.15
      vertex 197.8 113.428 4.15
    endloop
  endfacet
  facet normal 0 0.819102 0.573648
    outer loop
      vertex 194.8 113.428 4.15
      vertex 197.8 113.598 3.90726
      vertex 194.8 113.598 3.90726
    endloop
  endfacet
  facet normal -0 0.422074 0.906562
    outer loop
      vertex 194.8 114.319 3.40252
      vertex 197.8 114.05 3.52776
      vertex 197.8 114.319 3.40252
    endloop
  endfacet
  facet normal 0 0.422074 0.906562
    outer loop
      vertex 197.8 114.05 3.52776
      vertex 194.8 114.319 3.40252
      vertex 194.8 114.05 3.52776
    endloop
  endfacet
  facet normal 0 0.965668 -0.259779
    outer loop
      vertex 197.8 113.226 5.2952
      vertex 194.8 113.303 5.58143
      vertex 197.8 113.303 5.58143
    endloop
  endfacet
  facet normal 0 0.965668 -0.259779
    outer loop
      vertex 194.8 113.303 5.58143
      vertex 197.8 113.226 5.2952
      vertex 194.8 113.226 5.2952
    endloop
  endfacet
  facet normal 0 0.0872256 -0.996189
    outer loop
      vertex 194.8 114.605 6.67417
      vertex 197.8 114.9 6.7
      vertex 197.8 114.605 6.67417
    endloop
  endfacet
  facet normal 0 0.0872256 -0.996189
    outer loop
      vertex 197.8 114.9 6.7
      vertex 194.8 114.605 6.67417
      vertex 194.8 114.9 6.7
    endloop
  endfacet
  facet normal 0 -0.708019 0.706194
    outer loop
      vertex 194.8 116.202 3.90726
      vertex 197.8 115.993 3.69772
      vertex 197.8 116.202 3.90726
    endloop
  endfacet
  facet normal 0 -0.708019 0.706194
    outer loop
      vertex 197.8 115.993 3.69772
      vertex 194.8 116.202 3.90726
      vertex 194.8 115.993 3.69772
    endloop
  endfacet
  facet normal 0 -0.819102 0.573648
    outer loop
      vertex 194.8 116.202 3.90726
      vertex 197.8 116.372 4.15
      vertex 194.8 116.372 4.15
    endloop
  endfacet
  facet normal 0 -0.819102 0.573648
    outer loop
      vertex 197.8 116.372 4.15
      vertex 194.8 116.202 3.90726
      vertex 197.8 116.202 3.90726
    endloop
  endfacet
  facet normal 0 -0.258997 -0.965878
    outer loop
      vertex 194.8 115.195 6.67417
      vertex 197.8 115.481 6.59748
      vertex 197.8 115.195 6.67417
    endloop
  endfacet
  facet normal -0 -0.258997 -0.965878
    outer loop
      vertex 197.8 115.481 6.59748
      vertex 194.8 115.195 6.67417
      vertex 194.8 115.481 6.59748
    endloop
  endfacet
  facet normal 0 0.258997 -0.965878
    outer loop
      vertex 194.8 114.319 6.59748
      vertex 197.8 114.605 6.67417
      vertex 197.8 114.319 6.59748
    endloop
  endfacet
  facet normal 0 0.258997 -0.965878
    outer loop
      vertex 197.8 114.605 6.67417
      vertex 194.8 114.319 6.59748
      vertex 194.8 114.605 6.67417
    endloop
  endfacet
  facet normal 0 0.965668 0.259779
    outer loop
      vertex 197.8 113.303 4.41857
      vertex 194.8 113.226 4.7048
      vertex 197.8 113.226 4.7048
    endloop
  endfacet
  facet normal 0 0.965668 0.259779
    outer loop
      vertex 194.8 113.226 4.7048
      vertex 197.8 113.303 4.41857
      vertex 194.8 113.303 4.41857
    endloop
  endfacet
  facet normal 0 0.906613 0.421963
    outer loop
      vertex 197.8 113.428 4.15
      vertex 194.8 113.303 4.41857
      vertex 197.8 113.303 4.41857
    endloop
  endfacet
  facet normal 0 0.906613 0.421963
    outer loop
      vertex 194.8 113.303 4.41857
      vertex 197.8 113.428 4.15
      vertex 194.8 113.428 4.15
    endloop
  endfacet
  facet normal -0 0.258997 0.965878
    outer loop
      vertex 194.8 114.605 3.32583
      vertex 197.8 114.319 3.40252
      vertex 197.8 114.605 3.32583
    endloop
  endfacet
  facet normal 0 0.258997 0.965878
    outer loop
      vertex 197.8 114.319 3.40252
      vertex 194.8 114.605 3.32583
      vertex 194.8 114.319 3.40252
    endloop
  endfacet
  facet normal 0 0.906613 -0.421963
    outer loop
      vertex 197.8 113.303 5.58143
      vertex 194.8 113.428 5.85
      vertex 197.8 113.428 5.85
    endloop
  endfacet
  facet normal 0 0.906613 -0.421963
    outer loop
      vertex 194.8 113.428 5.85
      vertex 197.8 113.303 5.58143
      vertex 194.8 113.303 5.58143
    endloop
  endfacet
  facet normal 0 0.708019 0.706194
    outer loop
      vertex 197.8 113.807 3.69772
      vertex 194.8 113.598 3.90726
      vertex 197.8 113.598 3.90726
    endloop
  endfacet
  facet normal 0 0.708019 0.706194
    outer loop
      vertex 194.8 113.598 3.90726
      vertex 197.8 113.807 3.69772
      vertex 194.8 113.807 3.69772
    endloop
  endfacet
  facet normal -0 0.573145 0.819454
    outer loop
      vertex 194.8 114.05 3.52776
      vertex 197.8 113.807 3.69772
      vertex 197.8 114.05 3.52776
    endloop
  endfacet
  facet normal 0 0.573145 0.819454
    outer loop
      vertex 197.8 113.807 3.69772
      vertex 194.8 114.05 3.52776
      vertex 194.8 113.807 3.69772
    endloop
  endfacet
  facet normal 0 0.819102 -0.573648
    outer loop
      vertex 197.8 113.428 5.85
      vertex 194.8 113.598 6.09274
      vertex 197.8 113.598 6.09274
    endloop
  endfacet
  facet normal 0 0.819102 -0.573648
    outer loop
      vertex 194.8 113.598 6.09274
      vertex 197.8 113.428 5.85
      vertex 194.8 113.428 5.85
    endloop
  endfacet
  facet normal 0 0.996144 0.0877362
    outer loop
      vertex 197.8 113.226 4.7048
      vertex 194.8 113.2 5
      vertex 197.8 113.2 5
    endloop
  endfacet
  facet normal 0 0.996144 0.0877362
    outer loop
      vertex 194.8 113.2 5
      vertex 197.8 113.226 4.7048
      vertex 194.8 113.226 4.7048
    endloop
  endfacet
  facet normal 0 0.996144 -0.0877362
    outer loop
      vertex 197.8 113.2 5
      vertex 194.8 113.226 5.2952
      vertex 197.8 113.226 5.2952
    endloop
  endfacet
  facet normal 0 0.996144 -0.0877362
    outer loop
      vertex 194.8 113.226 5.2952
      vertex 197.8 113.2 5
      vertex 194.8 113.2 5
    endloop
  endfacet
  facet normal 0 0.708002 -0.706211
    outer loop
      vertex 197.8 113.598 6.09274
      vertex 194.8 113.807 6.30227
      vertex 197.8 113.807 6.30227
    endloop
  endfacet
  facet normal 0 0.708002 -0.706211
    outer loop
      vertex 194.8 113.807 6.30227
      vertex 197.8 113.598 6.09274
      vertex 194.8 113.598 6.09274
    endloop
  endfacet
  facet normal 0 0.573168 -0.819438
    outer loop
      vertex 194.8 113.807 6.30227
      vertex 197.8 114.05 6.47224
      vertex 197.8 113.807 6.30227
    endloop
  endfacet
  facet normal 0 0.573168 -0.819438
    outer loop
      vertex 197.8 114.05 6.47224
      vertex 194.8 113.807 6.30227
      vertex 194.8 114.05 6.47224
    endloop
  endfacet
  facet normal 0 0.422074 -0.906562
    outer loop
      vertex 194.8 114.05 6.47224
      vertex 197.8 114.319 6.59748
      vertex 197.8 114.05 6.47224
    endloop
  endfacet
  facet normal 0 0.422074 -0.906562
    outer loop
      vertex 197.8 114.319 6.59748
      vertex 194.8 114.05 6.47224
      vertex 194.8 114.319 6.59748
    endloop
  endfacet
  facet normal 1 -0 0
    outer loop
      vertex 197.8 -3.40252 85.6186
      vertex 197.8 2.4 10
      vertex 197.8 -3.32583 85.9048
    endloop
  endfacet
  facet normal 1 0 0
    outer loop
      vertex 197.8 2.4 10
      vertex 197.8 -3.32583 25.2952
      vertex 197.8 -3.3 25
    endloop
  endfacet
  facet normal 1 -0 0
    outer loop
      vertex 197.8 -3.40252 25.5814
      vertex 197.8 2.4 10
      vertex 197.8 -3.40252 85.6186
    endloop
  endfacet
  facet normal 1 0 0
    outer loop
      vertex 197.8 2.4 10
      vertex 197.8 -3.40252 25.5814
      vertex 197.8 -3.32583 25.2952
    endloop
  endfacet
  facet normal 1 -0 0
    outer loop
      vertex 197.8 -3.52776 85.35
      vertex 197.8 -3.40252 25.5814
      vertex 197.8 -3.40252 85.6186
    endloop
  endfacet
  facet normal 1 0 0
    outer loop
      vertex 197.8 -3.52776 85.35
      vertex 197.8 -3.52776 25.85
      vertex 197.8 -3.40252 25.5814
    endloop
  endfacet
  facet normal 1 -0 0
    outer loop
      vertex 197.8 -3.69772 85.1073
      vertex 197.8 -3.52776 25.85
      vertex 197.8 -3.52776 85.35
    endloop
  endfacet
  facet normal 1 0 0
    outer loop
      vertex 197.8 -3.69772 85.1073
      vertex 197.8 -3.69772 26.0927
      vertex 197.8 -3.52776 25.85
    endloop
  endfacet
  facet normal 1 -0 0
    outer loop
      vertex 197.8 -3.90726 84.8977
      vertex 197.8 -3.69772 26.0927
      vertex 197.8 -3.69772 85.1073
    endloop
  endfacet
  facet normal 1 0 0
    outer loop
      vertex 197.8 -3.90726 84.8977
      vertex 197.8 -3.90726 26.3023
      vertex 197.8 -3.69772 26.0927
    endloop
  endfacet
  facet normal 1 -0 0
    outer loop
      vertex 197.8 -4.15 84.7278
      vertex 197.8 -3.90726 26.3023
      vertex 197.8 -3.90726 84.8977
    endloop
  endfacet
  facet normal 1 0 0
    outer loop
      vertex 197.8 -4.15 84.7278
      vertex 197.8 -4.15 26.4722
      vertex 197.8 -3.90726 26.3023
    endloop
  endfacet
  facet normal 1 -0 0
    outer loop
      vertex 197.8 -4.41857 84.6025
      vertex 197.8 -4.15 26.4722
      vertex 197.8 -4.15 84.7278
    endloop
  endfacet
  facet normal 1 0 0
    outer loop
      vertex 197.8 -4.41857 84.6025
      vertex 197.8 -4.41857 26.5975
      vertex 197.8 -4.15 26.4722
    endloop
  endfacet
  facet normal 1 -0 0
    outer loop
      vertex 197.8 -4.7048 84.5258
      vertex 197.8 -4.41857 26.5975
      vertex 197.8 -4.41857 84.6025
    endloop
  endfacet
  facet normal 1 0 0
    outer loop
      vertex 197.8 -4.7048 84.5258
      vertex 197.8 -4.7048 26.6742
      vertex 197.8 -4.41857 26.5975
    endloop
  endfacet
  facet normal 1 -0 0
    outer loop
      vertex 197.8 -5 84.5
      vertex 197.8 -4.7048 26.6742
      vertex 197.8 -4.7048 84.5258
    endloop
  endfacet
  facet normal 1 0 0
    outer loop
      vertex 197.8 -5 84.5
      vertex 197.8 -5 26.7
      vertex 197.8 -4.7048 26.6742
    endloop
  endfacet
  facet normal 1 0 0
    outer loop
      vertex 197.8 -5.2952 84.5258
      vertex 197.8 -5 26.7
      vertex 197.8 -5 84.5
    endloop
  endfacet
  facet normal 1 0 0
    outer loop
      vertex 197.8 -5.2952 84.5258
      vertex 197.8 -5.2952 26.6742
      vertex 197.8 -5 26.7
    endloop
  endfacet
  facet normal 1 0 0
    outer loop
      vertex 197.8 -5.58143 84.6025
      vertex 197.8 -5.2952 26.6742
      vertex 197.8 -5.2952 84.5258
    endloop
  endfacet
  facet normal 1 0 0
    outer loop
      vertex 197.8 -5.58143 84.6025
      vertex 197.8 -5.58143 26.5975
      vertex 197.8 -5.2952 26.6742
    endloop
  endfacet
  facet normal 1 0 0
    outer loop
      vertex 197.8 -5.85 84.7278
      vertex 197.8 -5.58143 26.5975
      vertex 197.8 -5.58143 84.6025
    endloop
  endfacet
  facet normal 1 0 0
    outer loop
      vertex 197.8 -5.85 84.7278
      vertex 197.8 -5.85 26.4722
      vertex 197.8 -5.58143 26.5975
    endloop
  endfacet
  facet normal 1 0 0
    outer loop
      vertex 197.8 -6.09274 84.8977
      vertex 197.8 -5.85 26.4722
      vertex 197.8 -5.85 84.7278
    endloop
  endfacet
  facet normal 1 0 0
    outer loop
      vertex 197.8 -6.09274 84.8977
      vertex 197.8 -6.09274 26.3023
      vertex 197.8 -5.85 26.4722
    endloop
  endfacet
  facet normal 1 0 0
    outer loop
      vertex 197.8 -6.30227 85.1073
      vertex 197.8 -6.09274 26.3023
      vertex 197.8 -6.09274 84.8977
    endloop
  endfacet
  facet normal 1 0 0
    outer loop
      vertex 197.8 -6.30227 85.1073
      vertex 197.8 -6.30227 26.0927
      vertex 197.8 -6.09274 26.3023
    endloop
  endfacet
  facet normal 1 0 0
    outer loop
      vertex 197.8 -6.47224 85.35
      vertex 197.8 -6.30227 26.0927
      vertex 197.8 -6.30227 85.1073
    endloop
  endfacet
  facet normal 1 0 0
    outer loop
      vertex 197.8 -6.47224 85.35
      vertex 197.8 -6.47224 25.85
      vertex 197.8 -6.30227 26.0927
    endloop
  endfacet
  facet normal 1 0 0
    outer loop
      vertex 197.8 -6.59748 85.6186
      vertex 197.8 -6.47224 25.85
      vertex 197.8 -6.47224 85.35
    endloop
  endfacet
  facet normal 1 0 0
    outer loop
      vertex 197.8 -6.59748 85.6186
      vertex 197.8 -6.59748 25.5814
      vertex 197.8 -6.47224 25.85
    endloop
  endfacet
  facet normal 1 0 0
    outer loop
      vertex 197.8 -6.67417 85.9048
      vertex 197.8 -6.59748 25.5814
      vertex 197.8 -6.59748 85.6186
    endloop
  endfacet
  facet normal 1 0 0
    outer loop
      vertex 197.8 -6.67417 85.9048
      vertex 197.8 -6.67417 25.2952
      vertex 197.8 -6.59748 25.5814
    endloop
  endfacet
  facet normal 1 0 0
    outer loop
      vertex 197.8 -6.7 86.2
      vertex 197.8 -6.67417 25.2952
      vertex 197.8 -6.67417 85.9048
    endloop
  endfacet
  facet normal 1 0 0
    outer loop
      vertex 197.8 -6.67417 25.2952
      vertex 197.8 -6.7 86.2
      vertex 197.8 -6.7 25
    endloop
  endfacet
  facet normal 1 0 0
    outer loop
      vertex 197.8 -3.40252 156.819
      vertex 197.8 2.4 172.4
      vertex 197.8 -3.32583 157.105
    endloop
  endfacet
  facet normal 1 0 0
    outer loop
      vertex 197.8 2.4 172.4
      vertex 197.8 -3.32583 86.4952
      vertex 197.8 -3.3 86.2
    endloop
  endfacet
  facet normal 1 0 0
    outer loop
      vertex 197.8 -3.40252 86.7814
      vertex 197.8 2.4 172.4
      vertex 197.8 -3.40252 156.819
    endloop
  endfacet
  facet normal 1 0 0
    outer loop
      vertex 197.8 2.4 172.4
      vertex 197.8 -3.40252 86.7814
      vertex 197.8 -3.32583 86.4952
    endloop
  endfacet
  facet normal 1 -0 0
    outer loop
      vertex 197.8 -3.52776 156.55
      vertex 197.8 -3.40252 86.7814
      vertex 197.8 -3.40252 156.819
    endloop
  endfacet
  facet normal 1 0 0
    outer loop
      vertex 197.8 -3.52776 156.55
      vertex 197.8 -3.52776 87.05
      vertex 197.8 -3.40252 86.7814
    endloop
  endfacet
  facet normal 1 -0 0
    outer loop
      vertex 197.8 -3.69772 156.307
      vertex 197.8 -3.52776 87.05
      vertex 197.8 -3.52776 156.55
    endloop
  endfacet
  facet normal 1 0 0
    outer loop
      vertex 197.8 -3.69772 156.307
      vertex 197.8 -3.69772 87.2927
      vertex 197.8 -3.52776 87.05
    endloop
  endfacet
  facet normal 1 -0 0
    outer loop
      vertex 197.8 -3.90726 156.098
      vertex 197.8 -3.69772 87.2927
      vertex 197.8 -3.69772 156.307
    endloop
  endfacet
  facet normal 1 0 0
    outer loop
      vertex 197.8 -3.90726 156.098
      vertex 197.8 -3.90726 87.5023
      vertex 197.8 -3.69772 87.2927
    endloop
  endfacet
  facet normal 1 -0 0
    outer loop
      vertex 197.8 -4.15 155.928
      vertex 197.8 -3.90726 87.5023
      vertex 197.8 -3.90726 156.098
    endloop
  endfacet
  facet normal 1 0 0
    outer loop
      vertex 197.8 -4.15 155.928
      vertex 197.8 -4.15 87.6722
      vertex 197.8 -3.90726 87.5023
    endloop
  endfacet
  facet normal 1 -0 0
    outer loop
      vertex 197.8 -4.41857 155.803
      vertex 197.8 -4.15 87.6722
      vertex 197.8 -4.15 155.928
    endloop
  endfacet
  facet normal 1 0 0
    outer loop
      vertex 197.8 -4.41857 155.803
      vertex 197.8 -4.41857 87.7975
      vertex 197.8 -4.15 87.6722
    endloop
  endfacet
  facet normal 1 -0 0
    outer loop
      vertex 197.8 -4.7048 155.726
      vertex 197.8 -4.41857 87.7975
      vertex 197.8 -4.41857 155.803
    endloop
  endfacet
  facet normal 1 0 0
    outer loop
      vertex 197.8 -4.7048 155.726
      vertex 197.8 -4.7048 87.8742
      vertex 197.8 -4.41857 87.7975
    endloop
  endfacet
  facet normal 1 -0 0
    outer loop
      vertex 197.8 -5 155.7
      vertex 197.8 -4.7048 87.8742
      vertex 197.8 -4.7048 155.726
    endloop
  endfacet
  facet normal 1 0 0
    outer loop
      vertex 197.8 -5 155.7
      vertex 197.8 -5 87.9
      vertex 197.8 -4.7048 87.8742
    endloop
  endfacet
  facet normal 1 0 0
    outer loop
      vertex 197.8 -5.2952 155.726
      vertex 197.8 -5 87.9
      vertex 197.8 -5 155.7
    endloop
  endfacet
  facet normal 1 0 0
    outer loop
      vertex 197.8 -5.2952 155.726
      vertex 197.8 -5.2952 87.8742
      vertex 197.8 -5 87.9
    endloop
  endfacet
  facet normal 1 0 0
    outer loop
      vertex 197.8 -5.58143 155.803
      vertex 197.8 -5.2952 87.8742
      vertex 197.8 -5.2952 155.726
    endloop
  endfacet
  facet normal 1 0 0
    outer loop
      vertex 197.8 -5.58143 155.803
      vertex 197.8 -5.58143 87.7975
      vertex 197.8 -5.2952 87.8742
    endloop
  endfacet
  facet normal 1 0 0
    outer loop
      vertex 197.8 -5.85 155.928
      vertex 197.8 -5.58143 87.7975
      vertex 197.8 -5.58143 155.803
    endloop
  endfacet
  facet normal 1 0 0
    outer loop
      vertex 197.8 -5.85 155.928
      vertex 197.8 -5.85 87.6722
      vertex 197.8 -5.58143 87.7975
    endloop
  endfacet
  facet normal 1 0 0
    outer loop
      vertex 197.8 -6.09274 156.098
      vertex 197.8 -5.85 87.6722
      vertex 197.8 -5.85 155.928
    endloop
  endfacet
  facet normal 1 0 0
    outer loop
      vertex 197.8 -6.09274 156.098
      vertex 197.8 -6.09274 87.5023
      vertex 197.8 -5.85 87.6722
    endloop
  endfacet
  facet normal 1 0 0
    outer loop
      vertex 197.8 -6.30227 156.307
      vertex 197.8 -6.09274 87.5023
      vertex 197.8 -6.09274 156.098
    endloop
  endfacet
  facet normal 1 0 0
    outer loop
      vertex 197.8 -6.30227 156.307
      vertex 197.8 -6.30227 87.2927
      vertex 197.8 -6.09274 87.5023
    endloop
  endfacet
  facet normal 1 0 0
    outer loop
      vertex 197.8 -6.47224 156.55
      vertex 197.8 -6.30227 87.2927
      vertex 197.8 -6.30227 156.307
    endloop
  endfacet
  facet normal 1 0 0
    outer loop
      vertex 197.8 -6.47224 156.55
      vertex 197.8 -6.47224 87.05
      vertex 197.8 -6.30227 87.2927
    endloop
  endfacet
  facet normal 1 0 0
    outer loop
      vertex 197.8 -6.59748 156.819
      vertex 197.8 -6.47224 87.05
      vertex 197.8 -6.47224 156.55
    endloop
  endfacet
  facet normal 1 0 0
    outer loop
      vertex 197.8 -6.59748 156.819
      vertex 197.8 -6.59748 86.7814
      vertex 197.8 -6.47224 87.05
    endloop
  endfacet
  facet normal 1 0 0
    outer loop
      vertex 197.8 -6.67417 157.105
      vertex 197.8 -6.59748 86.7814
      vertex 197.8 -6.59748 156.819
    endloop
  endfacet
  facet normal 1 0 0
    outer loop
      vertex 197.8 -6.67417 157.105
      vertex 197.8 -6.67417 86.4952
      vertex 197.8 -6.59748 86.7814
    endloop
  endfacet
  facet normal 1 0 0
    outer loop
      vertex 197.8 -10 172.4
      vertex 197.8 -6.67417 157.105
      vertex 197.8 -6.7 157.4
    endloop
  endfacet
  facet normal 1 0 0
    outer loop
      vertex 197.8 -6.67417 157.105
      vertex 197.8 -10 172.4
      vertex 197.8 -6.67417 86.4952
    endloop
  endfacet
  facet normal 1 0 0
    outer loop
      vertex 197.8 -3.32583 157.105
      vertex 197.8 2.4 172.4
      vertex 197.8 -3.3 157.4
    endloop
  endfacet
  facet normal 1 0 0
    outer loop
      vertex 197.8 2.4 172.4
      vertex 197.8 -3.32583 157.695
      vertex 197.8 -3.3 157.4
    endloop
  endfacet
  facet normal 1 0 0
    outer loop
      vertex 197.8 2.4 172.4
      vertex 197.8 -3.40252 157.981
      vertex 197.8 -3.32583 157.695
    endloop
  endfacet
  facet normal 1 0 0
    outer loop
      vertex 197.8 2.4 172.4
      vertex 197.8 -3.52776 158.25
      vertex 197.8 -3.40252 157.981
    endloop
  endfacet
  facet normal 1 0 0
    outer loop
      vertex 197.8 2.4 172.4
      vertex 197.8 -3.69772 158.493
      vertex 197.8 -3.52776 158.25
    endloop
  endfacet
  facet normal 1 0 0
    outer loop
      vertex 197.8 2.4 172.4
      vertex 197.8 -3.90726 158.702
      vertex 197.8 -3.69772 158.493
    endloop
  endfacet
  facet normal 1 0 0
    outer loop
      vertex 197.8 2.4 172.4
      vertex 197.8 -4.15 158.872
      vertex 197.8 -3.90726 158.702
    endloop
  endfacet
  facet normal 1 0 0
    outer loop
      vertex 197.8 2.4 172.4
      vertex 197.8 -4.41857 158.997
      vertex 197.8 -4.15 158.872
    endloop
  endfacet
  facet normal 1 0 0
    outer loop
      vertex 197.8 2.4 172.4
      vertex 197.8 -4.7048 159.074
      vertex 197.8 -4.41857 158.997
    endloop
  endfacet
  facet normal 1 -0 0
    outer loop
      vertex 197.8 -10 172.4
      vertex 197.8 -4.7048 159.074
      vertex 197.8 2.4 172.4
    endloop
  endfacet
  facet normal 1 0 0
    outer loop
      vertex 197.8 -4.7048 159.074
      vertex 197.8 -10 172.4
      vertex 197.8 -5 159.1
    endloop
  endfacet
  facet normal 1 0 0
    outer loop
      vertex 197.8 -5 159.1
      vertex 197.8 -10 172.4
      vertex 197.8 -5.2952 159.074
    endloop
  endfacet
  facet normal 1 0 0
    outer loop
      vertex 197.8 -5.2952 159.074
      vertex 197.8 -10 172.4
      vertex 197.8 -5.58143 158.997
    endloop
  endfacet
  facet normal 1 0 0
    outer loop
      vertex 197.8 -5.58143 158.997
      vertex 197.8 -10 172.4
      vertex 197.8 -5.85 158.872
    endloop
  endfacet
  facet normal 1 0 0
    outer loop
      vertex 197.8 -5.85 158.872
      vertex 197.8 -10 172.4
      vertex 197.8 -6.09274 158.702
    endloop
  endfacet
  facet normal 1 0 0
    outer loop
      vertex 197.8 -6.09274 158.702
      vertex 197.8 -10 172.4
      vertex 197.8 -6.30227 158.493
    endloop
  endfacet
  facet normal 1 0 0
    outer loop
      vertex 197.8 -6.67417 86.4952
      vertex 197.8 -10 172.4
      vertex 197.8 -6.7 86.2
    endloop
  endfacet
  facet normal 1 0 0
    outer loop
      vertex 197.8 -10 0
      vertex 197.8 -6.7 86.2
      vertex 197.8 -10 172.4
    endloop
  endfacet
  facet normal 1 0 0
    outer loop
      vertex 197.8 -6.67417 157.695
      vertex 197.8 -10 172.4
      vertex 197.8 -6.7 157.4
    endloop
  endfacet
  facet normal 1 0 0
    outer loop
      vertex 197.8 -6.59748 157.981
      vertex 197.8 -10 172.4
      vertex 197.8 -6.67417 157.695
    endloop
  endfacet
  facet normal 1 0 0
    outer loop
      vertex 197.8 -6.47224 158.25
      vertex 197.8 -10 172.4
      vertex 197.8 -6.59748 157.981
    endloop
  endfacet
  facet normal 1 0 0
    outer loop
      vertex 197.8 -6.30227 158.493
      vertex 197.8 -10 172.4
      vertex 197.8 -6.47224 158.25
    endloop
  endfacet
  facet normal 1 0 0
    outer loop
      vertex 197.8 7 172.4
      vertex 197.8 4 172.4
      vertex 197.8 7 10
    endloop
  endfacet
  facet normal 1 0 0
    outer loop
      vertex 197.8 150.8 172.4
      vertex 197.8 147.8 172.4
      vertex 197.8 150.8 10
    endloop
  endfacet
  facet normal 1 0 0
    outer loop
      vertex 197.8 147.8 10
      vertex 197.8 116.574 5.2952
      vertex 197.8 116.6 5
    endloop
  endfacet
  facet normal 1 0 0
    outer loop
      vertex 197.8 147.8 10
      vertex 197.8 116.497 5.58143
      vertex 197.8 116.574 5.2952
    endloop
  endfacet
  facet normal 1 0 0
    outer loop
      vertex 197.8 147.8 10
      vertex 197.8 116.372 5.85
      vertex 197.8 116.497 5.58143
    endloop
  endfacet
  facet normal 1 0 0
    outer loop
      vertex 197.8 147.8 10
      vertex 197.8 116.202 6.09274
      vertex 197.8 116.372 5.85
    endloop
  endfacet
  facet normal 1 0 0
    outer loop
      vertex 197.8 147.8 10
      vertex 197.8 115.993 6.30227
      vertex 197.8 116.202 6.09274
    endloop
  endfacet
  facet normal 1 0 0
    outer loop
      vertex 197.8 147.8 10
      vertex 197.8 115.75 6.47224
      vertex 197.8 115.993 6.30227
    endloop
  endfacet
  facet normal 1 0 0
    outer loop
      vertex 197.8 147.8 10
      vertex 197.8 115.481 6.59748
      vertex 197.8 115.75 6.47224
    endloop
  endfacet
  facet normal 1 0 0
    outer loop
      vertex 197.8 147.8 10
      vertex 197.8 115.195 6.67417
      vertex 197.8 115.481 6.59748
    endloop
  endfacet
  facet normal 1 0 0
    outer loop
      vertex 197.8 147.8 10
      vertex 197.8 114.9 6.7
      vertex 197.8 115.195 6.67417
    endloop
  endfacet
  facet normal 1 0 0
    outer loop
      vertex 197.8 39.9 6.7
      vertex 197.8 114.9 6.7
      vertex 197.8 147.8 10
    endloop
  endfacet
  facet normal 1 0 0
    outer loop
      vertex 197.8 113.226 5.2952
      vertex 197.8 41.6 5
      vertex 197.8 113.2 5
    endloop
  endfacet
  facet normal 1 0 0
    outer loop
      vertex 197.8 41.5742 5.2952
      vertex 197.8 113.226 5.2952
      vertex 197.8 113.303 5.58143
    endloop
  endfacet
  facet normal 1 0 0
    outer loop
      vertex 197.8 41.4975 5.58143
      vertex 197.8 113.303 5.58143
      vertex 197.8 113.428 5.85
    endloop
  endfacet
  facet normal 1 0 0
    outer loop
      vertex 197.8 41.3722 5.85
      vertex 197.8 113.428 5.85
      vertex 197.8 113.598 6.09274
    endloop
  endfacet
  facet normal 1 0 0
    outer loop
      vertex 197.8 41.2023 6.09274
      vertex 197.8 113.598 6.09274
      vertex 197.8 113.807 6.30227
    endloop
  endfacet
  facet normal 1 0 0
    outer loop
      vertex 197.8 40.9927 6.30227
      vertex 197.8 113.807 6.30227
      vertex 197.8 114.05 6.47224
    endloop
  endfacet
  facet normal 1 0 0
    outer loop
      vertex 197.8 40.75 6.47224
      vertex 197.8 114.05 6.47224
      vertex 197.8 114.319 6.59748
    endloop
  endfacet
  facet normal 1 0 0
    outer loop
      vertex 197.8 40.4814 6.59748
      vertex 197.8 114.319 6.59748
      vertex 197.8 114.605 6.67417
    endloop
  endfacet
  facet normal 1 0 0
    outer loop
      vertex 197.8 114.9 6.7
      vertex 197.8 39.9 6.7
      vertex 197.8 114.605 6.67417
    endloop
  endfacet
  facet normal 1 0 0
    outer loop
      vertex 197.8 113.226 5.2952
      vertex 197.8 41.5742 5.2952
      vertex 197.8 41.6 5
    endloop
  endfacet
  facet normal 1 0 0
    outer loop
      vertex 197.8 113.303 5.58143
      vertex 197.8 41.4975 5.58143
      vertex 197.8 41.5742 5.2952
    endloop
  endfacet
  facet normal 1 0 0
    outer loop
      vertex 197.8 113.428 5.85
      vertex 197.8 41.3722 5.85
      vertex 197.8 41.4975 5.58143
    endloop
  endfacet
  facet normal 1 0 0
    outer loop
      vertex 197.8 113.598 6.09274
      vertex 197.8 41.2023 6.09274
      vertex 197.8 41.3722 5.85
    endloop
  endfacet
  facet normal 1 0 0
    outer loop
      vertex 197.8 113.807 6.30227
      vertex 197.8 40.9927 6.30227
      vertex 197.8 41.2023 6.09274
    endloop
  endfacet
  facet normal 1 0 0
    outer loop
      vertex 197.8 114.05 6.47224
      vertex 197.8 40.75 6.47224
      vertex 197.8 40.9927 6.30227
    endloop
  endfacet
  facet normal 1 0 0
    outer loop
      vertex 197.8 114.319 6.59748
      vertex 197.8 40.4814 6.59748
      vertex 197.8 40.75 6.47224
    endloop
  endfacet
  facet normal 1 0 0
    outer loop
      vertex 197.8 114.605 6.67417
      vertex 197.8 40.1952 6.67417
      vertex 197.8 40.4814 6.59748
    endloop
  endfacet
  facet normal 1 0 0
    outer loop
      vertex 197.8 114.605 6.67417
      vertex 197.8 39.9 6.7
      vertex 197.8 40.1952 6.67417
    endloop
  endfacet
  facet normal 1 0 0
    outer loop
      vertex 197.8 38.2258 5.2952
      vertex 197.8 7 10
      vertex 197.8 38.2 5
    endloop
  endfacet
  facet normal 1 0 0
    outer loop
      vertex 197.8 38.3025 5.58143
      vertex 197.8 7 10
      vertex 197.8 38.2258 5.2952
    endloop
  endfacet
  facet normal 1 0 0
    outer loop
      vertex 197.8 38.4278 5.85
      vertex 197.8 7 10
      vertex 197.8 38.3025 5.58143
    endloop
  endfacet
  facet normal 1 0 0
    outer loop
      vertex 197.8 38.5977 6.09274
      vertex 197.8 7 10
      vertex 197.8 38.4278 5.85
    endloop
  endfacet
  facet normal 1 0 0
    outer loop
      vertex 197.8 38.8073 6.30227
      vertex 197.8 7 10
      vertex 197.8 38.5977 6.09274
    endloop
  endfacet
  facet normal 1 0 0
    outer loop
      vertex 197.8 39.05 6.47224
      vertex 197.8 7 10
      vertex 197.8 38.8073 6.30227
    endloop
  endfacet
  facet normal 1 0 0
    outer loop
      vertex 197.8 39.3186 6.59748
      vertex 197.8 7 10
      vertex 197.8 39.05 6.47224
    endloop
  endfacet
  facet normal 1 0 0
    outer loop
      vertex 197.8 39.6048 6.67417
      vertex 197.8 7 10
      vertex 197.8 39.3186 6.59748
    endloop
  endfacet
  facet normal 1 0 0
    outer loop
      vertex 197.8 39.9 6.7
      vertex 197.8 7 10
      vertex 197.8 39.6048 6.67417
    endloop
  endfacet
  facet normal 1 -0 0
    outer loop
      vertex 197.8 7 10
      vertex 197.8 39.9 6.7
      vertex 197.8 147.8 10
    endloop
  endfacet
  facet normal 1 -0 0
    outer loop
      vertex 197.8 161.474 85.9048
      vertex 197.8 161.5 25
      vertex 197.8 161.5 86.2
    endloop
  endfacet
  facet normal 1 0 0
    outer loop
      vertex 197.8 161.474 85.9048
      vertex 197.8 161.474 25.2952
      vertex 197.8 161.5 25
    endloop
  endfacet
  facet normal 1 -0 0
    outer loop
      vertex 197.8 161.397 85.6186
      vertex 197.8 161.474 25.2952
      vertex 197.8 161.474 85.9048
    endloop
  endfacet
  facet normal 1 0 0
    outer loop
      vertex 197.8 161.397 85.6186
      vertex 197.8 161.397 25.5814
      vertex 197.8 161.474 25.2952
    endloop
  endfacet
  facet normal 1 -0 0
    outer loop
      vertex 197.8 161.272 85.35
      vertex 197.8 161.397 25.5814
      vertex 197.8 161.397 85.6186
    endloop
  endfacet
  facet normal 1 0 0
    outer loop
      vertex 197.8 161.272 85.35
      vertex 197.8 161.272 25.85
      vertex 197.8 161.397 25.5814
    endloop
  endfacet
  facet normal 1 -0 0
    outer loop
      vertex 197.8 161.102 85.1073
      vertex 197.8 161.272 25.85
      vertex 197.8 161.272 85.35
    endloop
  endfacet
  facet normal 1 0 0
    outer loop
      vertex 197.8 161.102 85.1073
      vertex 197.8 161.102 26.0927
      vertex 197.8 161.272 25.85
    endloop
  endfacet
  facet normal 1 -0 0
    outer loop
      vertex 197.8 160.893 84.8977
      vertex 197.8 161.102 26.0927
      vertex 197.8 161.102 85.1073
    endloop
  endfacet
  facet normal 1 0 0
    outer loop
      vertex 197.8 160.893 84.8977
      vertex 197.8 160.893 26.3023
      vertex 197.8 161.102 26.0927
    endloop
  endfacet
  facet normal 1 -0 0
    outer loop
      vertex 197.8 160.65 84.7278
      vertex 197.8 160.893 26.3023
      vertex 197.8 160.893 84.8977
    endloop
  endfacet
  facet normal 1 0 0
    outer loop
      vertex 197.8 160.65 84.7278
      vertex 197.8 160.65 26.4722
      vertex 197.8 160.893 26.3023
    endloop
  endfacet
  facet normal 1 -0 0
    outer loop
      vertex 197.8 160.381 84.6025
      vertex 197.8 160.65 26.4722
      vertex 197.8 160.65 84.7278
    endloop
  endfacet
  facet normal 1 0 0
    outer loop
      vertex 197.8 160.381 84.6025
      vertex 197.8 160.381 26.5975
      vertex 197.8 160.65 26.4722
    endloop
  endfacet
  facet normal 1 -0 0
    outer loop
      vertex 197.8 160.095 84.5258
      vertex 197.8 160.381 26.5975
      vertex 197.8 160.381 84.6025
    endloop
  endfacet
  facet normal 1 0 0
    outer loop
      vertex 197.8 160.095 84.5258
      vertex 197.8 160.095 26.6742
      vertex 197.8 160.381 26.5975
    endloop
  endfacet
  facet normal 1 -0 0
    outer loop
      vertex 197.8 159.8 84.5
      vertex 197.8 160.095 26.6742
      vertex 197.8 160.095 84.5258
    endloop
  endfacet
  facet normal 1 0 0
    outer loop
      vertex 197.8 159.8 84.5
      vertex 197.8 159.8 26.7
      vertex 197.8 160.095 26.6742
    endloop
  endfacet
  facet normal 1 0 0
    outer loop
      vertex 197.8 159.505 84.5258
      vertex 197.8 159.8 26.7
      vertex 197.8 159.8 84.5
    endloop
  endfacet
  facet normal 1 0 0
    outer loop
      vertex 197.8 159.505 84.5258
      vertex 197.8 159.505 26.6742
      vertex 197.8 159.8 26.7
    endloop
  endfacet
  facet normal 1 0 0
    outer loop
      vertex 197.8 159.219 84.6025
      vertex 197.8 159.505 26.6742
      vertex 197.8 159.505 84.5258
    endloop
  endfacet
  facet normal 1 0 0
    outer loop
      vertex 197.8 159.219 84.6025
      vertex 197.8 159.219 26.5975
      vertex 197.8 159.505 26.6742
    endloop
  endfacet
  facet normal 1 0 0
    outer loop
      vertex 197.8 158.95 84.7278
      vertex 197.8 159.219 26.5975
      vertex 197.8 159.219 84.6025
    endloop
  endfacet
  facet normal 1 0 0
    outer loop
      vertex 197.8 158.95 84.7278
      vertex 197.8 158.95 26.4722
      vertex 197.8 159.219 26.5975
    endloop
  endfacet
  facet normal 1 0 0
    outer loop
      vertex 197.8 158.707 84.8977
      vertex 197.8 158.95 26.4722
      vertex 197.8 158.95 84.7278
    endloop
  endfacet
  facet normal 1 0 0
    outer loop
      vertex 197.8 158.707 84.8977
      vertex 197.8 158.707 26.3023
      vertex 197.8 158.95 26.4722
    endloop
  endfacet
  facet normal 1 0 0
    outer loop
      vertex 197.8 158.498 85.1073
      vertex 197.8 158.707 26.3023
      vertex 197.8 158.707 84.8977
    endloop
  endfacet
  facet normal 1 0 0
    outer loop
      vertex 197.8 158.498 85.1073
      vertex 197.8 158.498 26.0927
      vertex 197.8 158.707 26.3023
    endloop
  endfacet
  facet normal 1 0 0
    outer loop
      vertex 197.8 158.328 85.35
      vertex 197.8 158.498 26.0927
      vertex 197.8 158.498 85.1073
    endloop
  endfacet
  facet normal 1 0 0
    outer loop
      vertex 197.8 158.328 85.35
      vertex 197.8 158.328 25.85
      vertex 197.8 158.498 26.0927
    endloop
  endfacet
  facet normal 1 0 0
    outer loop
      vertex 197.8 158.203 85.6186
      vertex 197.8 158.328 25.85
      vertex 197.8 158.328 85.35
    endloop
  endfacet
  facet normal 1 0 0
    outer loop
      vertex 197.8 158.203 85.6186
      vertex 197.8 158.203 25.5814
      vertex 197.8 158.328 25.85
    endloop
  endfacet
  facet normal 1 0 0
    outer loop
      vertex 197.8 152.4 10
      vertex 197.8 158.203 85.6186
      vertex 197.8 158.126 85.9048
    endloop
  endfacet
  facet normal 1 0 0
    outer loop
      vertex 197.8 158.203 85.6186
      vertex 197.8 152.4 10
      vertex 197.8 158.203 25.5814
    endloop
  endfacet
  facet normal 1 0 0
    outer loop
      vertex 197.8 152.4 10
      vertex 197.8 158.126 85.9048
      vertex 197.8 158.1 86.2
    endloop
  endfacet
  facet normal 1 0 0
    outer loop
      vertex 197.8 158.203 25.5814
      vertex 197.8 152.4 10
      vertex 197.8 158.126 25.2952
    endloop
  endfacet
  facet normal 1 0 0
    outer loop
      vertex 197.8 161.474 86.4952
      vertex 197.8 164.8 172.4
      vertex 197.8 161.474 157.105
    endloop
  endfacet
  facet normal 1 0 0
    outer loop
      vertex 197.8 164.8 172.4
      vertex 197.8 161.474 86.4952
      vertex 197.8 161.5 86.2
    endloop
  endfacet
  facet normal 1 -0 0
    outer loop
      vertex 197.8 161.397 156.819
      vertex 197.8 161.474 86.4952
      vertex 197.8 161.474 157.105
    endloop
  endfacet
  facet normal 1 0 0
    outer loop
      vertex 197.8 161.397 156.819
      vertex 197.8 161.397 86.7814
      vertex 197.8 161.474 86.4952
    endloop
  endfacet
  facet normal 1 -0 0
    outer loop
      vertex 197.8 161.272 156.55
      vertex 197.8 161.397 86.7814
      vertex 197.8 161.397 156.819
    endloop
  endfacet
  facet normal 1 0 0
    outer loop
      vertex 197.8 161.272 156.55
      vertex 197.8 161.272 87.05
      vertex 197.8 161.397 86.7814
    endloop
  endfacet
  facet normal 1 -0 0
    outer loop
      vertex 197.8 161.102 156.307
      vertex 197.8 161.272 87.05
      vertex 197.8 161.272 156.55
    endloop
  endfacet
  facet normal 1 0 0
    outer loop
      vertex 197.8 161.102 156.307
      vertex 197.8 161.102 87.2927
      vertex 197.8 161.272 87.05
    endloop
  endfacet
  facet normal 1 -0 0
    outer loop
      vertex 197.8 160.893 156.098
      vertex 197.8 161.102 87.2927
      vertex 197.8 161.102 156.307
    endloop
  endfacet
  facet normal 1 0 0
    outer loop
      vertex 197.8 160.893 156.098
      vertex 197.8 160.893 87.5023
      vertex 197.8 161.102 87.2927
    endloop
  endfacet
  facet normal 1 -0 0
    outer loop
      vertex 197.8 160.65 155.928
      vertex 197.8 160.893 87.5023
      vertex 197.8 160.893 156.098
    endloop
  endfacet
  facet normal 1 0 0
    outer loop
      vertex 197.8 160.65 155.928
      vertex 197.8 160.65 87.6722
      vertex 197.8 160.893 87.5023
    endloop
  endfacet
  facet normal 1 -0 0
    outer loop
      vertex 197.8 160.381 155.803
      vertex 197.8 160.65 87.6722
      vertex 197.8 160.65 155.928
    endloop
  endfacet
  facet normal 1 0 0
    outer loop
      vertex 197.8 160.381 155.803
      vertex 197.8 160.381 87.7975
      vertex 197.8 160.65 87.6722
    endloop
  endfacet
  facet normal 1 -0 0
    outer loop
      vertex 197.8 160.095 155.726
      vertex 197.8 160.381 87.7975
      vertex 197.8 160.381 155.803
    endloop
  endfacet
  facet normal 1 0 0
    outer loop
      vertex 197.8 160.095 155.726
      vertex 197.8 160.095 87.8742
      vertex 197.8 160.381 87.7975
    endloop
  endfacet
  facet normal 1 -0 0
    outer loop
      vertex 197.8 159.8 155.7
      vertex 197.8 160.095 87.8742
      vertex 197.8 160.095 155.726
    endloop
  endfacet
  facet normal 1 0 0
    outer loop
      vertex 197.8 159.8 155.7
      vertex 197.8 159.8 87.9
      vertex 197.8 160.095 87.8742
    endloop
  endfacet
  facet normal 1 0 0
    outer loop
      vertex 197.8 159.505 155.726
      vertex 197.8 159.8 87.9
      vertex 197.8 159.8 155.7
    endloop
  endfacet
  facet normal 1 0 0
    outer loop
      vertex 197.8 159.505 155.726
      vertex 197.8 159.505 87.8742
      vertex 197.8 159.8 87.9
    endloop
  endfacet
  facet normal 1 0 0
    outer loop
      vertex 197.8 159.219 155.803
      vertex 197.8 159.505 87.8742
      vertex 197.8 159.505 155.726
    endloop
  endfacet
  facet normal 1 0 0
    outer loop
      vertex 197.8 159.219 155.803
      vertex 197.8 159.219 87.7975
      vertex 197.8 159.505 87.8742
    endloop
  endfacet
  facet normal 1 0 0
    outer loop
      vertex 197.8 158.95 155.928
      vertex 197.8 159.219 87.7975
      vertex 197.8 159.219 155.803
    endloop
  endfacet
  facet normal 1 0 0
    outer loop
      vertex 197.8 158.95 155.928
      vertex 197.8 158.95 87.6722
      vertex 197.8 159.219 87.7975
    endloop
  endfacet
  facet normal 1 0 0
    outer loop
      vertex 197.8 158.707 156.098
      vertex 197.8 158.95 87.6722
      vertex 197.8 158.95 155.928
    endloop
  endfacet
  facet normal 1 0 0
    outer loop
      vertex 197.8 158.707 156.098
      vertex 197.8 158.707 87.5023
      vertex 197.8 158.95 87.6722
    endloop
  endfacet
  facet normal 1 0 0
    outer loop
      vertex 197.8 158.498 156.307
      vertex 197.8 158.707 87.5023
      vertex 197.8 158.707 156.098
    endloop
  endfacet
  facet normal 1 0 0
    outer loop
      vertex 197.8 158.498 156.307
      vertex 197.8 158.498 87.2927
      vertex 197.8 158.707 87.5023
    endloop
  endfacet
  facet normal 1 0 0
    outer loop
      vertex 197.8 158.328 156.55
      vertex 197.8 158.498 87.2927
      vertex 197.8 158.498 156.307
    endloop
  endfacet
  facet normal 1 0 0
    outer loop
      vertex 197.8 158.328 156.55
      vertex 197.8 158.328 87.05
      vertex 197.8 158.498 87.2927
    endloop
  endfacet
  facet normal 1 0 0
    outer loop
      vertex 197.8 158.203 156.819
      vertex 197.8 158.328 87.05
      vertex 197.8 158.328 156.55
    endloop
  endfacet
  facet normal 1 0 0
    outer loop
      vertex 197.8 158.203 156.819
      vertex 197.8 158.203 86.7814
      vertex 197.8 158.328 87.05
    endloop
  endfacet
  facet normal 1 0 0
    outer loop
      vertex 197.8 152.4 172.4
      vertex 197.8 158.203 156.819
      vertex 197.8 158.126 157.105
    endloop
  endfacet
  facet normal 1 0 0
    outer loop
      vertex 197.8 158.203 156.819
      vertex 197.8 152.4 172.4
      vertex 197.8 158.203 86.7814
    endloop
  endfacet
  facet normal 1 0 0
    outer loop
      vertex 197.8 152.4 172.4
      vertex 197.8 158.126 157.105
      vertex 197.8 158.1 157.4
    endloop
  endfacet
  facet normal 1 0 0
    outer loop
      vertex 197.8 158.203 86.7814
      vertex 197.8 152.4 172.4
      vertex 197.8 158.126 86.4952
    endloop
  endfacet
  facet normal 1 0 0
    outer loop
      vertex 197.8 161.474 157.105
      vertex 197.8 164.8 172.4
      vertex 197.8 161.5 157.4
    endloop
  endfacet
  facet normal 1 0 0
    outer loop
      vertex 197.8 164.8 172.4
      vertex 197.8 161.474 157.695
      vertex 197.8 161.5 157.4
    endloop
  endfacet
  facet normal 1 0 0
    outer loop
      vertex 197.8 164.8 172.4
      vertex 197.8 161.397 157.981
      vertex 197.8 161.474 157.695
    endloop
  endfacet
  facet normal 1 0 0
    outer loop
      vertex 197.8 164.8 172.4
      vertex 197.8 161.272 158.25
      vertex 197.8 161.397 157.981
    endloop
  endfacet
  facet normal 1 0 0
    outer loop
      vertex 197.8 164.8 172.4
      vertex 197.8 161.102 158.493
      vertex 197.8 161.272 158.25
    endloop
  endfacet
  facet normal 1 0 0
    outer loop
      vertex 197.8 164.8 172.4
      vertex 197.8 160.893 158.702
      vertex 197.8 161.102 158.493
    endloop
  endfacet
  facet normal 1 0 0
    outer loop
      vertex 197.8 164.8 172.4
      vertex 197.8 160.65 158.872
      vertex 197.8 160.893 158.702
    endloop
  endfacet
  facet normal 1 0 0
    outer loop
      vertex 197.8 164.8 172.4
      vertex 197.8 160.381 158.997
      vertex 197.8 160.65 158.872
    endloop
  endfacet
  facet normal 1 0 0
    outer loop
      vertex 197.8 164.8 172.4
      vertex 197.8 160.095 159.074
      vertex 197.8 160.381 158.997
    endloop
  endfacet
  facet normal 1 0 0
    outer loop
      vertex 197.8 164.8 172.4
      vertex 197.8 159.8 159.1
      vertex 197.8 160.095 159.074
    endloop
  endfacet
  facet normal 1 0 0
    outer loop
      vertex 197.8 164.8 172.4
      vertex 197.8 159.505 159.074
      vertex 197.8 159.8 159.1
    endloop
  endfacet
  facet normal 1 -0 0
    outer loop
      vertex 197.8 152.4 172.4
      vertex 197.8 159.505 159.074
      vertex 197.8 164.8 172.4
    endloop
  endfacet
  facet normal 1 0 0
    outer loop
      vertex 197.8 159.505 159.074
      vertex 197.8 152.4 172.4
      vertex 197.8 159.219 158.997
    endloop
  endfacet
  facet normal 1 0 0
    outer loop
      vertex 197.8 159.219 158.997
      vertex 197.8 152.4 172.4
      vertex 197.8 158.95 158.872
    endloop
  endfacet
  facet normal 1 0 0
    outer loop
      vertex 197.8 158.95 158.872
      vertex 197.8 152.4 172.4
      vertex 197.8 158.707 158.702
    endloop
  endfacet
  facet normal 1 0 0
    outer loop
      vertex 197.8 158.707 158.702
      vertex 197.8 152.4 172.4
      vertex 197.8 158.498 158.493
    endloop
  endfacet
  facet normal 1 0 0
    outer loop
      vertex 197.8 158.498 158.493
      vertex 197.8 152.4 172.4
      vertex 197.8 158.328 158.25
    endloop
  endfacet
  facet normal 1 0 0
    outer loop
      vertex 197.8 158.126 86.4952
      vertex 197.8 152.4 172.4
      vertex 197.8 158.1 86.2
    endloop
  endfacet
  facet normal 1 0 0
    outer loop
      vertex 197.8 152.4 10
      vertex 197.8 158.1 86.2
      vertex 197.8 152.4 172.4
    endloop
  endfacet
  facet normal 1 0 0
    outer loop
      vertex 197.8 158.126 157.695
      vertex 197.8 152.4 172.4
      vertex 197.8 158.1 157.4
    endloop
  endfacet
  facet normal 1 0 0
    outer loop
      vertex 197.8 158.203 157.981
      vertex 197.8 152.4 172.4
      vertex 197.8 158.126 157.695
    endloop
  endfacet
  facet normal 1 0 0
    outer loop
      vertex 197.8 158.328 158.25
      vertex 197.8 152.4 172.4
      vertex 197.8 158.203 157.981
    endloop
  endfacet
  facet normal 1 0 0
    outer loop
      vertex 197.8 164.8 172.4
      vertex 197.8 161.5 86.2
      vertex 197.8 164.8 0
    endloop
  endfacet
  facet normal 1 -0 0
    outer loop
      vertex 197.8 161.5 25
      vertex 197.8 164.8 0
      vertex 197.8 161.5 86.2
    endloop
  endfacet
  facet normal 1 -0 0
    outer loop
      vertex 197.8 161.474 24.7048
      vertex 197.8 164.8 0
      vertex 197.8 161.5 25
    endloop
  endfacet
  facet normal 1 -0 0
    outer loop
      vertex 197.8 161.397 24.4186
      vertex 197.8 164.8 0
      vertex 197.8 161.474 24.7048
    endloop
  endfacet
  facet normal 1 -0 0
    outer loop
      vertex 197.8 161.272 24.15
      vertex 197.8 164.8 0
      vertex 197.8 161.397 24.4186
    endloop
  endfacet
  facet normal 1 -0 0
    outer loop
      vertex 197.8 161.102 23.9073
      vertex 197.8 164.8 0
      vertex 197.8 161.272 24.15
    endloop
  endfacet
  facet normal 1 -0 0
    outer loop
      vertex 197.8 160.893 23.6977
      vertex 197.8 164.8 0
      vertex 197.8 161.102 23.9073
    endloop
  endfacet
  facet normal 1 -0 0
    outer loop
      vertex 197.8 160.65 23.5278
      vertex 197.8 164.8 0
      vertex 197.8 160.893 23.6977
    endloop
  endfacet
  facet normal 1 -0 0
    outer loop
      vertex 197.8 160.381 23.4025
      vertex 197.8 164.8 0
      vertex 197.8 160.65 23.5278
    endloop
  endfacet
  facet normal 1 0 0
    outer loop
      vertex 197.8 152.4 10
      vertex 197.8 160.381 23.4025
      vertex 197.8 160.095 23.3258
    endloop
  endfacet
  facet normal 1 0 0
    outer loop
      vertex 197.8 152.4 10
      vertex 197.8 160.095 23.3258
      vertex 197.8 159.8 23.3
    endloop
  endfacet
  facet normal 1 0 0
    outer loop
      vertex 197.8 152.4 10
      vertex 197.8 159.8 23.3
      vertex 197.8 159.505 23.3258
    endloop
  endfacet
  facet normal 1 0 0
    outer loop
      vertex 197.8 152.4 10
      vertex 197.8 159.505 23.3258
      vertex 197.8 159.219 23.4025
    endloop
  endfacet
  facet normal 1 0 0
    outer loop
      vertex 197.8 152.4 10
      vertex 197.8 159.219 23.4025
      vertex 197.8 158.95 23.5278
    endloop
  endfacet
  facet normal 1 0 0
    outer loop
      vertex 197.8 152.4 10
      vertex 197.8 158.95 23.5278
      vertex 197.8 158.707 23.6977
    endloop
  endfacet
  facet normal 1 0 0
    outer loop
      vertex 197.8 152.4 10
      vertex 197.8 158.707 23.6977
      vertex 197.8 158.498 23.9073
    endloop
  endfacet
  facet normal 1 0 0
    outer loop
      vertex 197.8 152.4 10
      vertex 197.8 158.498 23.9073
      vertex 197.8 158.328 24.15
    endloop
  endfacet
  facet normal 1 0 0
    outer loop
      vertex 197.8 152.4 10
      vertex 197.8 158.328 24.15
      vertex 197.8 158.203 24.4186
    endloop
  endfacet
  facet normal 1 0 0
    outer loop
      vertex 197.8 158.126 25.2952
      vertex 197.8 152.4 10
      vertex 197.8 158.1 25
    endloop
  endfacet
  facet normal 1 0 0
    outer loop
      vertex 197.8 152.4 10
      vertex 197.8 158.126 24.7048
      vertex 197.8 158.1 25
    endloop
  endfacet
  facet normal 1 0 0
    outer loop
      vertex 197.8 152.4 10
      vertex 197.8 158.203 24.4186
      vertex 197.8 158.126 24.7048
    endloop
  endfacet
  facet normal 1 0 0
    outer loop
      vertex 197.8 160.381 23.4025
      vertex 197.8 152.4 10
      vertex 197.8 164.8 0
    endloop
  endfacet
  facet normal 1 -0 0
    outer loop
      vertex 197.8 150.8 10
      vertex 197.8 164.8 0
      vertex 197.8 152.4 10
    endloop
  endfacet
  facet normal 1 0 0
    outer loop
      vertex 197.8 147.8 10
      vertex 197.8 150.8 10
      vertex 197.8 147.8 172.4
    endloop
  endfacet
  facet normal 1 -0 0
    outer loop
      vertex 197.8 147.8 10
      vertex 197.8 164.8 0
      vertex 197.8 150.8 10
    endloop
  endfacet
  facet normal 1 0 0
    outer loop
      vertex 197.8 116.574 4.7048
      vertex 197.8 147.8 10
      vertex 197.8 116.6 5
    endloop
  endfacet
  facet normal 1 0 0
    outer loop
      vertex 197.8 116.497 4.41857
      vertex 197.8 147.8 10
      vertex 197.8 116.574 4.7048
    endloop
  endfacet
  facet normal 1 0 0
    outer loop
      vertex 197.8 116.372 4.15
      vertex 197.8 147.8 10
      vertex 197.8 116.497 4.41857
    endloop
  endfacet
  facet normal 1 0 0
    outer loop
      vertex 197.8 116.202 3.90726
      vertex 197.8 147.8 10
      vertex 197.8 116.372 4.15
    endloop
  endfacet
  facet normal 1 0 0
    outer loop
      vertex 197.8 115.993 3.69772
      vertex 197.8 147.8 10
      vertex 197.8 116.202 3.90726
    endloop
  endfacet
  facet normal 1 0 0
    outer loop
      vertex 197.8 147.8 10
      vertex 197.8 115.993 3.69772
      vertex 197.8 164.8 0
    endloop
  endfacet
  facet normal 1 -0 0
    outer loop
      vertex 197.8 115.75 3.52776
      vertex 197.8 164.8 0
      vertex 197.8 115.993 3.69772
    endloop
  endfacet
  facet normal 1 -0 0
    outer loop
      vertex 197.8 115.481 3.40252
      vertex 197.8 164.8 0
      vertex 197.8 115.75 3.52776
    endloop
  endfacet
  facet normal 1 -0 0
    outer loop
      vertex 197.8 115.195 3.32583
      vertex 197.8 164.8 0
      vertex 197.8 115.481 3.40252
    endloop
  endfacet
  facet normal 1 -0 0
    outer loop
      vertex 197.8 114.9 3.3
      vertex 197.8 164.8 0
      vertex 197.8 115.195 3.32583
    endloop
  endfacet
  facet normal 1 -0 0
    outer loop
      vertex 197.8 41.6 5
      vertex 197.8 113.226 4.7048
      vertex 197.8 113.2 5
    endloop
  endfacet
  facet normal 1 0 0
    outer loop
      vertex 197.8 41.5742 4.7048
      vertex 197.8 113.226 4.7048
      vertex 197.8 41.6 5
    endloop
  endfacet
  facet normal 1 0 0
    outer loop
      vertex 197.8 113.226 4.7048
      vertex 197.8 41.5742 4.7048
      vertex 197.8 113.303 4.41857
    endloop
  endfacet
  facet normal 1 0 0
    outer loop
      vertex 197.8 41.4975 4.41857
      vertex 197.8 113.303 4.41857
      vertex 197.8 41.5742 4.7048
    endloop
  endfacet
  facet normal 1 0 0
    outer loop
      vertex 197.8 113.303 4.41857
      vertex 197.8 41.4975 4.41857
      vertex 197.8 113.428 4.15
    endloop
  endfacet
  facet normal 1 0 0
    outer loop
      vertex 197.8 41.3722 4.15
      vertex 197.8 113.428 4.15
      vertex 197.8 41.4975 4.41857
    endloop
  endfacet
  facet normal 1 0 0
    outer loop
      vertex 197.8 113.428 4.15
      vertex 197.8 41.3722 4.15
      vertex 197.8 113.598 3.90726
    endloop
  endfacet
  facet normal 1 0 0
    outer loop
      vertex 197.8 41.2023 3.90726
      vertex 197.8 113.598 3.90726
      vertex 197.8 41.3722 4.15
    endloop
  endfacet
  facet normal 1 0 0
    outer loop
      vertex 197.8 113.598 3.90726
      vertex 197.8 41.2023 3.90726
      vertex 197.8 113.807 3.69772
    endloop
  endfacet
  facet normal 1 0 0
    outer loop
      vertex 197.8 40.9927 3.69772
      vertex 197.8 113.807 3.69772
      vertex 197.8 41.2023 3.90726
    endloop
  endfacet
  facet normal 1 0 0
    outer loop
      vertex 197.8 113.807 3.69772
      vertex 197.8 40.9927 3.69772
      vertex 197.8 114.05 3.52776
    endloop
  endfacet
  facet normal 1 0 0
    outer loop
      vertex 197.8 40.75 3.52776
      vertex 197.8 114.05 3.52776
      vertex 197.8 40.9927 3.69772
    endloop
  endfacet
  facet normal 1 0 0
    outer loop
      vertex 197.8 114.05 3.52776
      vertex 197.8 40.75 3.52776
      vertex 197.8 114.319 3.40252
    endloop
  endfacet
  facet normal 1 0 0
    outer loop
      vertex 197.8 40.4814 3.40252
      vertex 197.8 114.319 3.40252
      vertex 197.8 40.75 3.52776
    endloop
  endfacet
  facet normal 1 0 0
    outer loop
      vertex 197.8 114.319 3.40252
      vertex 197.8 40.4814 3.40252
      vertex 197.8 114.605 3.32583
    endloop
  endfacet
  facet normal 1 0 0
    outer loop
      vertex 197.8 40.1952 3.32583
      vertex 197.8 114.605 3.32583
      vertex 197.8 40.4814 3.40252
    endloop
  endfacet
  facet normal 1 0 0
    outer loop
      vertex 197.8 114.605 3.32583
      vertex 197.8 40.1952 3.32583
      vertex 197.8 114.9 3.3
    endloop
  endfacet
  facet normal 1 0 0
    outer loop
      vertex 197.8 39.9 3.3
      vertex 197.8 114.9 3.3
      vertex 197.8 40.1952 3.32583
    endloop
  endfacet
  facet normal 1 0 0
    outer loop
      vertex 197.8 114.9 3.3
      vertex 197.8 39.9 3.3
      vertex 197.8 164.8 0
    endloop
  endfacet
  facet normal 1 0 0
    outer loop
      vertex 197.8 7 10
      vertex 197.8 38.2258 4.7048
      vertex 197.8 38.2 5
    endloop
  endfacet
  facet normal 1 0 0
    outer loop
      vertex 197.8 7 10
      vertex 197.8 38.3025 4.41857
      vertex 197.8 38.2258 4.7048
    endloop
  endfacet
  facet normal 1 0 0
    outer loop
      vertex 197.8 7 10
      vertex 197.8 38.4278 4.15
      vertex 197.8 38.3025 4.41857
    endloop
  endfacet
  facet normal 1 0 0
    outer loop
      vertex 197.8 7 10
      vertex 197.8 38.5977 3.90726
      vertex 197.8 38.4278 4.15
    endloop
  endfacet
  facet normal 1 0 0
    outer loop
      vertex 197.8 7 10
      vertex 197.8 38.8073 3.69772
      vertex 197.8 38.5977 3.90726
    endloop
  endfacet
  facet normal 1 0 0
    outer loop
      vertex 197.8 -10 0
      vertex 197.8 38.8073 3.69772
      vertex 197.8 7 10
    endloop
  endfacet
  facet normal 1 0 0
    outer loop
      vertex 197.8 38.8073 3.69772
      vertex 197.8 -10 0
      vertex 197.8 39.05 3.52776
    endloop
  endfacet
  facet normal 1 0 0
    outer loop
      vertex 197.8 39.05 3.52776
      vertex 197.8 -10 0
      vertex 197.8 39.3186 3.40252
    endloop
  endfacet
  facet normal 1 0 0
    outer loop
      vertex 197.8 4 10
      vertex 197.8 7 10
      vertex 197.8 4 172.4
    endloop
  endfacet
  facet normal 1 0 0
    outer loop
      vertex 197.8 -10 0
      vertex 197.8 7 10
      vertex 197.8 4 10
    endloop
  endfacet
  facet normal 1 0 0
    outer loop
      vertex 197.8 -10 0
      vertex 197.8 4 10
      vertex 197.8 2.4 10
    endloop
  endfacet
  facet normal 1 0 0
    outer loop
      vertex 197.8 2.4 172.4
      vertex 197.8 -3.3 86.2
      vertex 197.8 2.4 10
    endloop
  endfacet
  facet normal 1 -0 0
    outer loop
      vertex 197.8 -3.32583 85.9048
      vertex 197.8 2.4 10
      vertex 197.8 -3.3 86.2
    endloop
  endfacet
  facet normal 1 -0 0
    outer loop
      vertex 197.8 -3.32583 24.7048
      vertex 197.8 2.4 10
      vertex 197.8 -3.3 25
    endloop
  endfacet
  facet normal 1 -0 0
    outer loop
      vertex 197.8 -3.40252 24.4186
      vertex 197.8 2.4 10
      vertex 197.8 -3.32583 24.7048
    endloop
  endfacet
  facet normal 1 -0 0
    outer loop
      vertex 197.8 -3.52776 24.15
      vertex 197.8 2.4 10
      vertex 197.8 -3.40252 24.4186
    endloop
  endfacet
  facet normal 1 -0 0
    outer loop
      vertex 197.8 -3.69772 23.9073
      vertex 197.8 2.4 10
      vertex 197.8 -3.52776 24.15
    endloop
  endfacet
  facet normal 1 -0 0
    outer loop
      vertex 197.8 -3.90726 23.6977
      vertex 197.8 2.4 10
      vertex 197.8 -3.69772 23.9073
    endloop
  endfacet
  facet normal 1 -0 0
    outer loop
      vertex 197.8 -4.15 23.5278
      vertex 197.8 2.4 10
      vertex 197.8 -3.90726 23.6977
    endloop
  endfacet
  facet normal 1 -0 0
    outer loop
      vertex 197.8 -4.41857 23.4025
      vertex 197.8 2.4 10
      vertex 197.8 -4.15 23.5278
    endloop
  endfacet
  facet normal 1 -0 0
    outer loop
      vertex 197.8 -4.7048 23.3258
      vertex 197.8 2.4 10
      vertex 197.8 -4.41857 23.4025
    endloop
  endfacet
  facet normal 1 -0 0
    outer loop
      vertex 197.8 -5 23.3
      vertex 197.8 2.4 10
      vertex 197.8 -4.7048 23.3258
    endloop
  endfacet
  facet normal 1 0 0
    outer loop
      vertex 197.8 -5.2952 23.3258
      vertex 197.8 2.4 10
      vertex 197.8 -5 23.3
    endloop
  endfacet
  facet normal 1 0 0
    outer loop
      vertex 197.8 -5.58143 23.4025
      vertex 197.8 2.4 10
      vertex 197.8 -5.2952 23.3258
    endloop
  endfacet
  facet normal 1 0 0
    outer loop
      vertex 197.8 -10 0
      vertex 197.8 -5.58143 23.4025
      vertex 197.8 -5.85 23.5278
    endloop
  endfacet
  facet normal 1 0 0
    outer loop
      vertex 197.8 -10 0
      vertex 197.8 -5.85 23.5278
      vertex 197.8 -6.09274 23.6977
    endloop
  endfacet
  facet normal 1 0 0
    outer loop
      vertex 197.8 -10 0
      vertex 197.8 -6.09274 23.6977
      vertex 197.8 -6.30227 23.9073
    endloop
  endfacet
  facet normal 1 0 0
    outer loop
      vertex 197.8 -10 0
      vertex 197.8 -6.30227 23.9073
      vertex 197.8 -6.47224 24.15
    endloop
  endfacet
  facet normal 1 0 0
    outer loop
      vertex 197.8 39.9 3.3
      vertex 197.8 -10 0
      vertex 197.8 164.8 0
    endloop
  endfacet
  facet normal 1 0 0
    outer loop
      vertex 197.8 39.6048 3.32583
      vertex 197.8 -10 0
      vertex 197.8 39.9 3.3
    endloop
  endfacet
  facet normal 1 0 0
    outer loop
      vertex 197.8 39.3186 3.40252
      vertex 197.8 -10 0
      vertex 197.8 39.6048 3.32583
    endloop
  endfacet
  facet normal 1 0 0
    outer loop
      vertex 197.8 -5.58143 23.4025
      vertex 197.8 -10 0
      vertex 197.8 2.4 10
    endloop
  endfacet
  facet normal 1 0 0
    outer loop
      vertex 197.8 -6.59748 24.4186
      vertex 197.8 -10 0
      vertex 197.8 -6.47224 24.15
    endloop
  endfacet
  facet normal 1 0 0
    outer loop
      vertex 197.8 -6.67417 24.7048
      vertex 197.8 -10 0
      vertex 197.8 -6.59748 24.4186
    endloop
  endfacet
  facet normal 1 0 0
    outer loop
      vertex 197.8 -6.7 25
      vertex 197.8 -10 0
      vertex 197.8 -6.67417 24.7048
    endloop
  endfacet
  facet normal 1 0 0
    outer loop
      vertex 197.8 -6.7 86.2
      vertex 197.8 -10 0
      vertex 197.8 -6.7 25
    endloop
  endfacet
  facet normal 0 -1 0
    outer loop
      vertex 194.8 -10 0
      vertex 197.8 -10 172.4
      vertex 194.8 -10 172.4
    endloop
  endfacet
  facet normal 0 -1 -0
    outer loop
      vertex 197.8 -10 172.4
      vertex 194.8 -10 0
      vertex 197.8 -10 0
    endloop
  endfacet
  facet normal 0 1 -0
    outer loop
      vertex 197.8 164.8 0
      vertex 194.8 164.8 172.4
      vertex 197.8 164.8 172.4
    endloop
  endfacet
  facet normal 0 1 0
    outer loop
      vertex 194.8 164.8 172.4
      vertex 197.8 164.8 0
      vertex 194.8 164.8 0
    endloop
  endfacet
  facet normal 0 -1 0
    outer loop
      vertex 194.8 152.4 10
      vertex 197.8 152.4 172.4
      vertex 194.8 152.4 172.4
    endloop
  endfacet
  facet normal 0 -1 -0
    outer loop
      vertex 197.8 152.4 172.4
      vertex 194.8 152.4 10
      vertex 197.8 152.4 10
    endloop
  endfacet
  facet normal -0 0 1
    outer loop
      vertex 194.8 4 10
      vertex 197.8 2.4 10
      vertex 197.8 4 10
    endloop
  endfacet
  facet normal 0 0 1
    outer loop
      vertex 197.8 2.4 10
      vertex 194.8 4 10
      vertex 194.8 2.4 10
    endloop
  endfacet
  facet normal -0 0 1
    outer loop
      vertex 194.8 152.4 10
      vertex 197.8 150.8 10
      vertex 197.8 152.4 10
    endloop
  endfacet
  facet normal 0 0 1
    outer loop
      vertex 197.8 150.8 10
      vertex 194.8 152.4 10
      vertex 194.8 150.8 10
    endloop
  endfacet
  facet normal -0 0 1
    outer loop
      vertex 194.8 147.8 10
      vertex 197.8 7 10
      vertex 197.8 147.8 10
    endloop
  endfacet
  facet normal 0 0 1
    outer loop
      vertex 197.8 7 10
      vertex 194.8 147.8 10
      vertex 194.8 7 10
    endloop
  endfacet
  facet normal 0 1 -0
    outer loop
      vertex 197.8 2.4 10
      vertex 194.8 2.4 172.4
      vertex 197.8 2.4 172.4
    endloop
  endfacet
  facet normal 0 1 0
    outer loop
      vertex 194.8 2.4 172.4
      vertex 197.8 2.4 10
      vertex 194.8 2.4 10
    endloop
  endfacet
  facet normal 0 1 -0
    outer loop
      vertex 197.8 7 10
      vertex 194.8 7 172.4
      vertex 197.8 7 172.4
    endloop
  endfacet
  facet normal 0 1 0
    outer loop
      vertex 194.8 7 172.4
      vertex 197.8 7 10
      vertex 194.8 7 10
    endloop
  endfacet
  facet normal 0 -1 0
    outer loop
      vertex 194.8 4 10
      vertex 197.8 4 172.4
      vertex 194.8 4 172.4
    endloop
  endfacet
  facet normal 0 -1 -0
    outer loop
      vertex 197.8 4 172.4
      vertex 194.8 4 10
      vertex 197.8 4 10
    endloop
  endfacet
  facet normal 0 1 -0
    outer loop
      vertex 197.8 150.8 10
      vertex 194.8 150.8 172.4
      vertex 197.8 150.8 172.4
    endloop
  endfacet
  facet normal 0 1 0
    outer loop
      vertex 194.8 150.8 172.4
      vertex 197.8 150.8 10
      vertex 194.8 150.8 10
    endloop
  endfacet
  facet normal 0 -1 0
    outer loop
      vertex 194.8 147.8 10
      vertex 197.8 147.8 172.4
      vertex 194.8 147.8 172.4
    endloop
  endfacet
  facet normal 0 -1 -0
    outer loop
      vertex 197.8 147.8 172.4
      vertex 194.8 147.8 10
      vertex 197.8 147.8 10
    endloop
  endfacet
  facet normal -0 0 1
    outer loop
      vertex 2.4 152.4 8.4
      vertex 5.4 2.4 8.4
      vertex 5.4 152.4 8.4
    endloop
  endfacet
  facet normal 0 0 1
    outer loop
      vertex 5.4 2.4 8.4
      vertex 2.4 152.4 8.4
      vertex 2.4 2.4 8.4
    endloop
  endfacet
  facet normal 1 -0 0
    outer loop
      vertex 5.4 2.4 8.4
      vertex 5.4 152.4 2.4
      vertex 5.4 152.4 8.4
    endloop
  endfacet
  facet normal 1 0 0
    outer loop
      vertex 5.4 152.4 2.4
      vertex 5.4 2.4 8.4
      vertex 5.4 2.4 2.4
    endloop
  endfacet
  facet normal -1 0 0
    outer loop
      vertex 189.4 2.4 2.4
      vertex 189.4 152.4 8.4
      vertex 189.4 152.4 2.4
    endloop
  endfacet
  facet normal -1 -0 0
    outer loop
      vertex 189.4 152.4 8.4
      vertex 189.4 2.4 2.4
      vertex 189.4 2.4 8.4
    endloop
  endfacet
  facet normal -0 0 1
    outer loop
      vertex 189.4 152.4 8.4
      vertex 192.4 2.4 8.4
      vertex 192.4 152.4 8.4
    endloop
  endfacet
  facet normal 0 0 1
    outer loop
      vertex 192.4 2.4 8.4
      vertex 189.4 152.4 8.4
      vertex 189.4 2.4 8.4
    endloop
  endfacet
  facet normal 0 -0.0872017 0.996191
    outer loop
      vertex 0 40.1814 27.9684
      vertex 2.4 39.4 27.9
      vertex 2.4 40.1814 27.9684
    endloop
  endfacet
  facet normal 0 -0.0872017 0.996191
    outer loop
      vertex 2.4 39.4 27.9
      vertex 0 40.1814 27.9684
      vertex 0 39.4 27.9
    endloop
  endfacet
  facet normal 0 -0.0872017 -0.996191
    outer loop
      vertex 0 39.4 36.9
      vertex 2.4 40.1814 36.8316
      vertex 2.4 39.4 36.9
    endloop
  endfacet
  facet normal -0 -0.0872017 -0.996191
    outer loop
      vertex 2.4 40.1814 36.8316
      vertex 0 39.4 36.9
      vertex 0 40.1814 36.8316
    endloop
  endfacet
  facet normal 0 -0.996191 -0.0872017
    outer loop
      vertex 0 43.9 32.4
      vertex 2.4 43.8316 33.1814
      vertex 0 43.8316 33.1814
    endloop
  endfacet
  facet normal 0 -0.996191 -0.0872017
    outer loop
      vertex 2.4 43.8316 33.1814
      vertex 0 43.9 32.4
      vertex 2.4 43.9 32.4
    endloop
  endfacet
  facet normal 0 -0.707107 -0.707107
    outer loop
      vertex 0 42.8472 35.2925
      vertex 2.4 42.2925 35.8472
      vertex 0 42.2925 35.8472
    endloop
  endfacet
  facet normal 0 -0.707107 -0.707107
    outer loop
      vertex 2.4 42.2925 35.8472
      vertex 0 42.8472 35.2925
      vertex 2.4 42.8472 35.2925
    endloop
  endfacet
  facet normal 0 -0.906307 -0.42262
    outer loop
      vertex 0 43.6286 33.9391
      vertex 2.4 43.2971 34.65
      vertex 0 43.2971 34.65
    endloop
  endfacet
  facet normal 0 -0.906307 -0.42262
    outer loop
      vertex 2.4 43.2971 34.65
      vertex 0 43.6286 33.9391
      vertex 2.4 43.6286 33.9391
    endloop
  endfacet
  facet normal 0 -0.258789 0.965934
    outer loop
      vertex 0 40.9391 28.1714
      vertex 2.4 40.1814 27.9684
      vertex 2.4 40.9391 28.1714
    endloop
  endfacet
  facet normal 0 -0.258789 0.965934
    outer loop
      vertex 2.4 40.1814 27.9684
      vertex 0 40.9391 28.1714
      vertex 0 40.1814 27.9684
    endloop
  endfacet
  facet normal 0 -0.573591 0.819142
    outer loop
      vertex 0 42.2925 28.9528
      vertex 2.4 41.65 28.5029
      vertex 2.4 42.2925 28.9528
    endloop
  endfacet
  facet normal 0 -0.573591 0.819142
    outer loop
      vertex 2.4 41.65 28.5029
      vertex 0 42.2925 28.9528
      vertex 0 41.65 28.5029
    endloop
  endfacet
  facet normal 0 -0.965934 0.258789
    outer loop
      vertex 0 43.6286 30.8609
      vertex 2.4 43.8316 31.6186
      vertex 0 43.8316 31.6186
    endloop
  endfacet
  facet normal 0 -0.965934 0.258789
    outer loop
      vertex 2.4 43.8316 31.6186
      vertex 0 43.6286 30.8609
      vertex 2.4 43.6286 30.8609
    endloop
  endfacet
  facet normal 0 -0.819142 0.573591
    outer loop
      vertex 0 42.8472 29.5075
      vertex 2.4 43.2971 30.15
      vertex 0 43.2971 30.15
    endloop
  endfacet
  facet normal 0 -0.819142 0.573591
    outer loop
      vertex 2.4 43.2971 30.15
      vertex 0 42.8472 29.5075
      vertex 2.4 42.8472 29.5075
    endloop
  endfacet
  facet normal 0 -0.42262 -0.906307
    outer loop
      vertex 0 40.9391 36.6286
      vertex 2.4 41.65 36.2971
      vertex 2.4 40.9391 36.6286
    endloop
  endfacet
  facet normal -0 -0.42262 -0.906307
    outer loop
      vertex 2.4 41.65 36.2971
      vertex 0 40.9391 36.6286
      vertex 0 41.65 36.2971
    endloop
  endfacet
  facet normal 0 -0.573591 -0.819142
    outer loop
      vertex 0 41.65 36.2971
      vertex 2.4 42.2925 35.8472
      vertex 2.4 41.65 36.2971
    endloop
  endfacet
  facet normal -0 -0.573591 -0.819142
    outer loop
      vertex 2.4 42.2925 35.8472
      vertex 0 41.65 36.2971
      vertex 0 42.2925 35.8472
    endloop
  endfacet
  facet normal 0 -0.258789 -0.965934
    outer loop
      vertex 0 40.1814 36.8316
      vertex 2.4 40.9391 36.6286
      vertex 2.4 40.1814 36.8316
    endloop
  endfacet
  facet normal -0 -0.258789 -0.965934
    outer loop
      vertex 2.4 40.9391 36.6286
      vertex 0 40.1814 36.8316
      vertex 0 40.9391 36.6286
    endloop
  endfacet
  facet normal 0 -0.819142 -0.573591
    outer loop
      vertex 0 43.2971 34.65
      vertex 2.4 42.8472 35.2925
      vertex 0 42.8472 35.2925
    endloop
  endfacet
  facet normal 0 -0.819142 -0.573591
    outer loop
      vertex 2.4 42.8472 35.2925
      vertex 0 43.2971 34.65
      vertex 2.4 43.2971 34.65
    endloop
  endfacet
  facet normal 0 -0.965934 -0.258789
    outer loop
      vertex 0 43.8316 33.1814
      vertex 2.4 43.6286 33.9391
      vertex 0 43.6286 33.9391
    endloop
  endfacet
  facet normal 0 -0.965934 -0.258789
    outer loop
      vertex 2.4 43.6286 33.9391
      vertex 0 43.8316 33.1814
      vertex 2.4 43.8316 33.1814
    endloop
  endfacet
  facet normal -0 0.0872017 0.996191
    outer loop
      vertex 0 39.4 27.9
      vertex 2.4 38.6186 27.9684
      vertex 2.4 39.4 27.9
    endloop
  endfacet
  facet normal 0 0.0872017 0.996191
    outer loop
      vertex 2.4 38.6186 27.9684
      vertex 0 39.4 27.9
      vertex 0 38.6186 27.9684
    endloop
  endfacet
  facet normal -0 0.42262 0.906307
    outer loop
      vertex 0 37.8609 28.1714
      vertex 2.4 37.15 28.5029
      vertex 2.4 37.8609 28.1714
    endloop
  endfacet
  facet normal 0 0.42262 0.906307
    outer loop
      vertex 2.4 37.15 28.5029
      vertex 0 37.8609 28.1714
      vertex 0 37.15 28.5029
    endloop
  endfacet
  facet normal 0 -0.42262 0.906307
    outer loop
      vertex 0 41.65 28.5029
      vertex 2.4 40.9391 28.1714
      vertex 2.4 41.65 28.5029
    endloop
  endfacet
  facet normal 0 -0.42262 0.906307
    outer loop
      vertex 2.4 40.9391 28.1714
      vertex 0 41.65 28.5029
      vertex 0 40.9391 28.1714
    endloop
  endfacet
  facet normal 0 -0.707107 0.707107
    outer loop
      vertex 0 42.8472 29.5075
      vertex 2.4 42.2925 28.9528
      vertex 2.4 42.8472 29.5075
    endloop
  endfacet
  facet normal 0 -0.707107 0.707107
    outer loop
      vertex 2.4 42.2925 28.9528
      vertex 0 42.8472 29.5075
      vertex 0 42.2925 28.9528
    endloop
  endfacet
  facet normal 0 -0.996191 0.0872017
    outer loop
      vertex 0 43.8316 31.6186
      vertex 2.4 43.9 32.4
      vertex 0 43.9 32.4
    endloop
  endfacet
  facet normal 0 -0.996191 0.0872017
    outer loop
      vertex 2.4 43.9 32.4
      vertex 0 43.8316 31.6186
      vertex 2.4 43.8316 31.6186
    endloop
  endfacet
  facet normal 0 -0.906307 0.42262
    outer loop
      vertex 0 43.2971 30.15
      vertex 2.4 43.6286 30.8609
      vertex 0 43.6286 30.8609
    endloop
  endfacet
  facet normal 0 -0.906307 0.42262
    outer loop
      vertex 2.4 43.6286 30.8609
      vertex 0 43.2971 30.15
      vertex 2.4 43.2971 30.15
    endloop
  endfacet
  facet normal 0 0.819142 0.573591
    outer loop
      vertex 2.4 35.9528 29.5075
      vertex 0 35.5029 30.15
      vertex 2.4 35.5029 30.15
    endloop
  endfacet
  facet normal 0 0.819142 0.573591
    outer loop
      vertex 0 35.5029 30.15
      vertex 2.4 35.9528 29.5075
      vertex 0 35.9528 29.5075
    endloop
  endfacet
  facet normal 0 0.258789 -0.965934
    outer loop
      vertex 0 37.8609 36.6286
      vertex 2.4 38.6186 36.8316
      vertex 2.4 37.8609 36.6286
    endloop
  endfacet
  facet normal 0 0.258789 -0.965934
    outer loop
      vertex 2.4 38.6186 36.8316
      vertex 0 37.8609 36.6286
      vertex 0 38.6186 36.8316
    endloop
  endfacet
  facet normal 0 0.965934 0.258789
    outer loop
      vertex 2.4 35.1714 30.8609
      vertex 0 34.9684 31.6186
      vertex 2.4 34.9684 31.6186
    endloop
  endfacet
  facet normal 0 0.965934 0.258789
    outer loop
      vertex 0 34.9684 31.6186
      vertex 2.4 35.1714 30.8609
      vertex 0 35.1714 30.8609
    endloop
  endfacet
  facet normal -0 0.258789 0.965934
    outer loop
      vertex 0 38.6186 27.9684
      vertex 2.4 37.8609 28.1714
      vertex 2.4 38.6186 27.9684
    endloop
  endfacet
  facet normal 0 0.258789 0.965934
    outer loop
      vertex 2.4 37.8609 28.1714
      vertex 0 38.6186 27.9684
      vertex 0 37.8609 28.1714
    endloop
  endfacet
  facet normal 0 0.996191 0.0872017
    outer loop
      vertex 2.4 34.9684 31.6186
      vertex 0 34.9 32.4
      vertex 2.4 34.9 32.4
    endloop
  endfacet
  facet normal 0 0.996191 0.0872017
    outer loop
      vertex 0 34.9 32.4
      vertex 2.4 34.9684 31.6186
      vertex 0 34.9684 31.6186
    endloop
  endfacet
  facet normal 0 0.996191 -0.0872017
    outer loop
      vertex 2.4 34.9 32.4
      vertex 0 34.9684 33.1814
      vertex 2.4 34.9684 33.1814
    endloop
  endfacet
  facet normal 0 0.996191 -0.0872017
    outer loop
      vertex 0 34.9684 33.1814
      vertex 2.4 34.9 32.4
      vertex 0 34.9 32.4
    endloop
  endfacet
  facet normal 0 0.707107 -0.707107
    outer loop
      vertex 2.4 35.9528 35.2925
      vertex 0 36.5075 35.8472
      vertex 2.4 36.5075 35.8472
    endloop
  endfacet
  facet normal 0 0.707107 -0.707107
    outer loop
      vertex 0 36.5075 35.8472
      vertex 2.4 35.9528 35.2925
      vertex 0 35.9528 35.2925
    endloop
  endfacet
  facet normal 0 0.0872017 -0.996191
    outer loop
      vertex 0 38.6186 36.8316
      vertex 2.4 39.4 36.9
      vertex 2.4 38.6186 36.8316
    endloop
  endfacet
  facet normal 0 0.0872017 -0.996191
    outer loop
      vertex 2.4 39.4 36.9
      vertex 0 38.6186 36.8316
      vertex 0 39.4 36.9
    endloop
  endfacet
  facet normal 0 0.906307 0.42262
    outer loop
      vertex 2.4 35.5029 30.15
      vertex 0 35.1714 30.8609
      vertex 2.4 35.1714 30.8609
    endloop
  endfacet
  facet normal 0 0.906307 0.42262
    outer loop
      vertex 0 35.1714 30.8609
      vertex 2.4 35.5029 30.15
      vertex 0 35.5029 30.15
    endloop
  endfacet
  facet normal 0 0.707107 0.707107
    outer loop
      vertex 2.4 36.5075 28.9528
      vertex 0 35.9528 29.5075
      vertex 2.4 35.9528 29.5075
    endloop
  endfacet
  facet normal 0 0.707107 0.707107
    outer loop
      vertex 0 35.9528 29.5075
      vertex 2.4 36.5075 28.9528
      vertex 0 36.5075 28.9528
    endloop
  endfacet
  facet normal -0 0.573591 0.819142
    outer loop
      vertex 0 37.15 28.5029
      vertex 2.4 36.5075 28.9528
      vertex 2.4 37.15 28.5029
    endloop
  endfacet
  facet normal 0 0.573591 0.819142
    outer loop
      vertex 2.4 36.5075 28.9528
      vertex 0 37.15 28.5029
      vertex 0 36.5075 28.9528
    endloop
  endfacet
  facet normal 0 0.819142 -0.573591
    outer loop
      vertex 2.4 35.5029 34.65
      vertex 0 35.9528 35.2925
      vertex 2.4 35.9528 35.2925
    endloop
  endfacet
  facet normal 0 0.819142 -0.573591
    outer loop
      vertex 0 35.9528 35.2925
      vertex 2.4 35.5029 34.65
      vertex 0 35.5029 34.65
    endloop
  endfacet
  facet normal 0 0.573591 -0.819142
    outer loop
      vertex 0 36.5075 35.8472
      vertex 2.4 37.15 36.2971
      vertex 2.4 36.5075 35.8472
    endloop
  endfacet
  facet normal 0 0.573591 -0.819142
    outer loop
      vertex 2.4 37.15 36.2971
      vertex 0 36.5075 35.8472
      vertex 0 37.15 36.2971
    endloop
  endfacet
  facet normal 0 0.42262 -0.906307
    outer loop
      vertex 0 37.15 36.2971
      vertex 2.4 37.8609 36.6286
      vertex 2.4 37.15 36.2971
    endloop
  endfacet
  facet normal 0 0.42262 -0.906307
    outer loop
      vertex 2.4 37.8609 36.6286
      vertex 0 37.15 36.2971
      vertex 0 37.8609 36.6286
    endloop
  endfacet
  facet normal 0 0.965934 -0.258789
    outer loop
      vertex 2.4 34.9684 33.1814
      vertex 0 35.1714 33.9391
      vertex 2.4 35.1714 33.9391
    endloop
  endfacet
  facet normal 0 0.965934 -0.258789
    outer loop
      vertex 0 35.1714 33.9391
      vertex 2.4 34.9684 33.1814
      vertex 0 34.9684 33.1814
    endloop
  endfacet
  facet normal 0 0.906307 -0.42262
    outer loop
      vertex 2.4 35.1714 33.9391
      vertex 0 35.5029 34.65
      vertex 2.4 35.5029 34.65
    endloop
  endfacet
  facet normal 0 0.906307 -0.42262
    outer loop
      vertex 0 35.5029 34.65
      vertex 2.4 35.1714 33.9391
      vertex 0 35.1714 33.9391
    endloop
  endfacet
  facet normal 0 -0.0872017 0.996191
    outer loop
      vertex 0 78.1814 27.9684
      vertex 2.4 77.4 27.9
      vertex 2.4 78.1814 27.9684
    endloop
  endfacet
  facet normal 0 -0.0872017 0.996191
    outer loop
      vertex 2.4 77.4 27.9
      vertex 0 78.1814 27.9684
      vertex 0 77.4 27.9
    endloop
  endfacet
  facet normal 0 -0.0872017 -0.996191
    outer loop
      vertex 0 77.4 36.9
      vertex 2.4 78.1814 36.8316
      vertex 2.4 77.4 36.9
    endloop
  endfacet
  facet normal -0 -0.0872017 -0.996191
    outer loop
      vertex 2.4 78.1814 36.8316
      vertex 0 77.4 36.9
      vertex 0 78.1814 36.8316
    endloop
  endfacet
  facet normal 0 -0.996191 -0.0872017
    outer loop
      vertex 0 81.9 32.4
      vertex 2.4 81.8316 33.1814
      vertex 0 81.8316 33.1814
    endloop
  endfacet
  facet normal 0 -0.996191 -0.0872017
    outer loop
      vertex 2.4 81.8316 33.1814
      vertex 0 81.9 32.4
      vertex 2.4 81.9 32.4
    endloop
  endfacet
  facet normal 0 0.996191 0.0872017
    outer loop
      vertex 2.4 72.9684 31.6186
      vertex 0 72.9 32.4
      vertex 2.4 72.9 32.4
    endloop
  endfacet
  facet normal 0 0.996191 0.0872017
    outer loop
      vertex 0 72.9 32.4
      vertex 2.4 72.9684 31.6186
      vertex 0 72.9684 31.6186
    endloop
  endfacet
  facet normal 0 -0.707107 -0.707107
    outer loop
      vertex 0 80.8472 35.2925
      vertex 2.4 80.2925 35.8472
      vertex 0 80.2925 35.8472
    endloop
  endfacet
  facet normal 0 -0.707107 -0.707107
    outer loop
      vertex 2.4 80.2925 35.8472
      vertex 0 80.8472 35.2925
      vertex 2.4 80.8472 35.2925
    endloop
  endfacet
  facet normal 0 -0.906307 -0.42262
    outer loop
      vertex 0 81.6286 33.9391
      vertex 2.4 81.2971 34.65
      vertex 0 81.2971 34.65
    endloop
  endfacet
  facet normal 0 -0.906307 -0.42262
    outer loop
      vertex 2.4 81.2971 34.65
      vertex 0 81.6286 33.9391
      vertex 2.4 81.6286 33.9391
    endloop
  endfacet
  facet normal -0 0.258789 0.965934
    outer loop
      vertex 0 76.6186 27.9684
      vertex 2.4 75.8609 28.1714
      vertex 2.4 76.6186 27.9684
    endloop
  endfacet
  facet normal 0 0.258789 0.965934
    outer loop
      vertex 2.4 75.8609 28.1714
      vertex 0 76.6186 27.9684
      vertex 0 75.8609 28.1714
    endloop
  endfacet
  facet normal 0 -0.258789 0.965934
    outer loop
      vertex 0 78.9391 28.1714
      vertex 2.4 78.1814 27.9684
      vertex 2.4 78.9391 28.1714
    endloop
  endfacet
  facet normal 0 -0.258789 0.965934
    outer loop
      vertex 2.4 78.1814 27.9684
      vertex 0 78.9391 28.1714
      vertex 0 78.1814 27.9684
    endloop
  endfacet
  facet normal 0 -0.573591 0.819142
    outer loop
      vertex 0 80.2925 28.9528
      vertex 2.4 79.65 28.5029
      vertex 2.4 80.2925 28.9528
    endloop
  endfacet
  facet normal 0 -0.573591 0.819142
    outer loop
      vertex 2.4 79.65 28.5029
      vertex 0 80.2925 28.9528
      vertex 0 79.65 28.5029
    endloop
  endfacet
  facet normal 0 -0.965934 0.258789
    outer loop
      vertex 0 81.6286 30.8609
      vertex 2.4 81.8316 31.6186
      vertex 0 81.8316 31.6186
    endloop
  endfacet
  facet normal 0 -0.965934 0.258789
    outer loop
      vertex 2.4 81.8316 31.6186
      vertex 0 81.6286 30.8609
      vertex 2.4 81.6286 30.8609
    endloop
  endfacet
  facet normal 0 -0.819142 0.573591
    outer loop
      vertex 0 80.8472 29.5075
      vertex 2.4 81.2971 30.15
      vertex 0 81.2971 30.15
    endloop
  endfacet
  facet normal 0 -0.819142 0.573591
    outer loop
      vertex 2.4 81.2971 30.15
      vertex 0 80.8472 29.5075
      vertex 2.4 80.8472 29.5075
    endloop
  endfacet
  facet normal 0 -0.42262 -0.906307
    outer loop
      vertex 0 78.9391 36.6286
      vertex 2.4 79.65 36.2971
      vertex 2.4 78.9391 36.6286
    endloop
  endfacet
  facet normal -0 -0.42262 -0.906307
    outer loop
      vertex 2.4 79.65 36.2971
      vertex 0 78.9391 36.6286
      vertex 0 79.65 36.2971
    endloop
  endfacet
  facet normal 0 -0.573591 -0.819142
    outer loop
      vertex 0 79.65 36.2971
      vertex 2.4 80.2925 35.8472
      vertex 2.4 79.65 36.2971
    endloop
  endfacet
  facet normal -0 -0.573591 -0.819142
    outer loop
      vertex 2.4 80.2925 35.8472
      vertex 0 79.65 36.2971
      vertex 0 80.2925 35.8472
    endloop
  endfacet
  facet normal 0 -0.258789 -0.965934
    outer loop
      vertex 0 78.1814 36.8316
      vertex 2.4 78.9391 36.6286
      vertex 2.4 78.1814 36.8316
    endloop
  endfacet
  facet normal -0 -0.258789 -0.965934
    outer loop
      vertex 2.4 78.9391 36.6286
      vertex 0 78.1814 36.8316
      vertex 0 78.9391 36.6286
    endloop
  endfacet
  facet normal 0 -0.819142 -0.573591
    outer loop
      vertex 0 81.2971 34.65
      vertex 2.4 80.8472 35.2925
      vertex 0 80.8472 35.2925
    endloop
  endfacet
  facet normal 0 -0.819142 -0.573591
    outer loop
      vertex 2.4 80.8472 35.2925
      vertex 0 81.2971 34.65
      vertex 2.4 81.2971 34.65
    endloop
  endfacet
  facet normal 0 -0.965934 -0.258789
    outer loop
      vertex 0 81.8316 33.1814
      vertex 2.4 81.6286 33.9391
      vertex 0 81.6286 33.9391
    endloop
  endfacet
  facet normal 0 -0.965934 -0.258789
    outer loop
      vertex 2.4 81.6286 33.9391
      vertex 0 81.8316 33.1814
      vertex 2.4 81.8316 33.1814
    endloop
  endfacet
  facet normal -0 0.0872017 0.996191
    outer loop
      vertex 0 77.4 27.9
      vertex 2.4 76.6186 27.9684
      vertex 2.4 77.4 27.9
    endloop
  endfacet
  facet normal 0 0.0872017 0.996191
    outer loop
      vertex 2.4 76.6186 27.9684
      vertex 0 77.4 27.9
      vertex 0 76.6186 27.9684
    endloop
  endfacet
  facet normal -0 0.573591 0.819142
    outer loop
      vertex 0 75.15 28.5029
      vertex 2.4 74.5075 28.9528
      vertex 2.4 75.15 28.5029
    endloop
  endfacet
  facet normal 0 0.573591 0.819142
    outer loop
      vertex 2.4 74.5075 28.9528
      vertex 0 75.15 28.5029
      vertex 0 74.5075 28.9528
    endloop
  endfacet
  facet normal 0 -0.42262 0.906307
    outer loop
      vertex 0 79.65 28.5029
      vertex 2.4 78.9391 28.1714
      vertex 2.4 79.65 28.5029
    endloop
  endfacet
  facet normal 0 -0.42262 0.906307
    outer loop
      vertex 2.4 78.9391 28.1714
      vertex 0 79.65 28.5029
      vertex 0 78.9391 28.1714
    endloop
  endfacet
  facet normal 0 -0.707107 0.707107
    outer loop
      vertex 0 80.8472 29.5075
      vertex 2.4 80.2925 28.9528
      vertex 2.4 80.8472 29.5075
    endloop
  endfacet
  facet normal 0 -0.707107 0.707107
    outer loop
      vertex 2.4 80.2925 28.9528
      vertex 0 80.8472 29.5075
      vertex 0 80.2925 28.9528
    endloop
  endfacet
  facet normal 0 -0.996191 0.0872017
    outer loop
      vertex 0 81.8316 31.6186
      vertex 2.4 81.9 32.4
      vertex 0 81.9 32.4
    endloop
  endfacet
  facet normal 0 -0.996191 0.0872017
    outer loop
      vertex 2.4 81.9 32.4
      vertex 0 81.8316 31.6186
      vertex 2.4 81.8316 31.6186
    endloop
  endfacet
  facet normal 0 -0.906307 0.42262
    outer loop
      vertex 0 81.2971 30.15
      vertex 2.4 81.6286 30.8609
      vertex 0 81.6286 30.8609
    endloop
  endfacet
  facet normal 0 -0.906307 0.42262
    outer loop
      vertex 2.4 81.6286 30.8609
      vertex 0 81.2971 30.15
      vertex 2.4 81.2971 30.15
    endloop
  endfacet
  facet normal -0 0.42262 0.906307
    outer loop
      vertex 0 75.8609 28.1714
      vertex 2.4 75.15 28.5029
      vertex 2.4 75.8609 28.1714
    endloop
  endfacet
  facet normal 0 0.42262 0.906307
    outer loop
      vertex 2.4 75.15 28.5029
      vertex 0 75.8609 28.1714
      vertex 0 75.15 28.5029
    endloop
  endfacet
  facet normal 0 0.819142 0.573591
    outer loop
      vertex 2.4 73.9528 29.5075
      vertex 0 73.5029 30.15
      vertex 2.4 73.5029 30.15
    endloop
  endfacet
  facet normal 0 0.819142 0.573591
    outer loop
      vertex 0 73.5029 30.15
      vertex 2.4 73.9528 29.5075
      vertex 0 73.9528 29.5075
    endloop
  endfacet
  facet normal 0 0.996191 -0.0872017
    outer loop
      vertex 2.4 72.9 32.4
      vertex 0 72.9684 33.1814
      vertex 2.4 72.9684 33.1814
    endloop
  endfacet
  facet normal 0 0.996191 -0.0872017
    outer loop
      vertex 0 72.9684 33.1814
      vertex 2.4 72.9 32.4
      vertex 0 72.9 32.4
    endloop
  endfacet
  facet normal 0 0.707107 -0.707107
    outer loop
      vertex 2.4 73.9528 35.2925
      vertex 0 74.5075 35.8472
      vertex 2.4 74.5075 35.8472
    endloop
  endfacet
  facet normal 0 0.707107 -0.707107
    outer loop
      vertex 0 74.5075 35.8472
      vertex 2.4 73.9528 35.2925
      vertex 0 73.9528 35.2925
    endloop
  endfacet
  facet normal 0 0.258789 -0.965934
    outer loop
      vertex 0 75.8609 36.6286
      vertex 2.4 76.6186 36.8316
      vertex 2.4 75.8609 36.6286
    endloop
  endfacet
  facet normal 0 0.258789 -0.965934
    outer loop
      vertex 2.4 76.6186 36.8316
      vertex 0 75.8609 36.6286
      vertex 0 76.6186 36.8316
    endloop
  endfacet
  facet normal 0 0.0872017 -0.996191
    outer loop
      vertex 0 76.6186 36.8316
      vertex 2.4 77.4 36.9
      vertex 2.4 76.6186 36.8316
    endloop
  endfacet
  facet normal 0 0.0872017 -0.996191
    outer loop
      vertex 2.4 77.4 36.9
      vertex 0 76.6186 36.8316
      vertex 0 77.4 36.9
    endloop
  endfacet
  facet normal 0 0.906307 0.42262
    outer loop
      vertex 2.4 73.5029 30.15
      vertex 0 73.1714 30.8609
      vertex 2.4 73.1714 30.8609
    endloop
  endfacet
  facet normal 0 0.906307 0.42262
    outer loop
      vertex 0 73.1714 30.8609
      vertex 2.4 73.5029 30.15
      vertex 0 73.5029 30.15
    endloop
  endfacet
  facet normal 0 0.965934 0.258789
    outer loop
      vertex 2.4 73.1714 30.8609
      vertex 0 72.9684 31.6186
      vertex 2.4 72.9684 31.6186
    endloop
  endfacet
  facet normal 0 0.965934 0.258789
    outer loop
      vertex 0 72.9684 31.6186
      vertex 2.4 73.1714 30.8609
      vertex 0 73.1714 30.8609
    endloop
  endfacet
  facet normal -0 0.707107 0.707107
    outer loop
      vertex 0 74.5075 28.9528
      vertex 2.4 73.9528 29.5075
      vertex 2.4 74.5075 28.9528
    endloop
  endfacet
  facet normal 0 0.707107 0.707107
    outer loop
      vertex 2.4 73.9528 29.5075
      vertex 0 74.5075 28.9528
      vertex 0 73.9528 29.5075
    endloop
  endfacet
  facet normal 0 0.965934 -0.258789
    outer loop
      vertex 2.4 72.9684 33.1814
      vertex 0 73.1714 33.9391
      vertex 2.4 73.1714 33.9391
    endloop
  endfacet
  facet normal 0 0.965934 -0.258789
    outer loop
      vertex 0 73.1714 33.9391
      vertex 2.4 72.9684 33.1814
      vertex 0 72.9684 33.1814
    endloop
  endfacet
  facet normal 0 0.819142 -0.573591
    outer loop
      vertex 2.4 73.5029 34.65
      vertex 0 73.9528 35.2925
      vertex 2.4 73.9528 35.2925
    endloop
  endfacet
  facet normal 0 0.819142 -0.573591
    outer loop
      vertex 0 73.9528 35.2925
      vertex 2.4 73.5029 34.65
      vertex 0 73.5029 34.65
    endloop
  endfacet
  facet normal 0 0.573591 -0.819142
    outer loop
      vertex 0 74.5075 35.8472
      vertex 2.4 75.15 36.2971
      vertex 2.4 74.5075 35.8472
    endloop
  endfacet
  facet normal 0 0.573591 -0.819142
    outer loop
      vertex 2.4 75.15 36.2971
      vertex 0 74.5075 35.8472
      vertex 0 75.15 36.2971
    endloop
  endfacet
  facet normal 0 0.42262 -0.906307
    outer loop
      vertex 0 75.15 36.2971
      vertex 2.4 75.8609 36.6286
      vertex 2.4 75.15 36.2971
    endloop
  endfacet
  facet normal 0 0.42262 -0.906307
    outer loop
      vertex 2.4 75.8609 36.6286
      vertex 0 75.15 36.2971
      vertex 0 75.8609 36.6286
    endloop
  endfacet
  facet normal 0 0.906307 -0.42262
    outer loop
      vertex 2.4 73.1714 33.9391
      vertex 0 73.5029 34.65
      vertex 2.4 73.5029 34.65
    endloop
  endfacet
  facet normal 0 0.906307 -0.42262
    outer loop
      vertex 0 73.5029 34.65
      vertex 2.4 73.1714 33.9391
      vertex 0 73.1714 33.9391
    endloop
  endfacet
  facet normal 0 -0.0872461 0.996187
    outer loop
      vertex 0 116.181 27.9684
      vertex 2.4 115.4 27.9
      vertex 2.4 116.181 27.9684
    endloop
  endfacet
  facet normal 0 -0.0872461 0.996187
    outer loop
      vertex 2.4 115.4 27.9
      vertex 0 116.181 27.9684
      vertex 0 115.4 27.9
    endloop
  endfacet
  facet normal 0 -0.0872461 -0.996187
    outer loop
      vertex 0 115.4 36.9
      vertex 2.4 116.181 36.8316
      vertex 2.4 115.4 36.9
    endloop
  endfacet
  facet normal -0 -0.0872461 -0.996187
    outer loop
      vertex 2.4 116.181 36.8316
      vertex 0 115.4 36.9
      vertex 0 116.181 36.8316
    endloop
  endfacet
  facet normal 0 -0.996235 -0.0866956
    outer loop
      vertex 0 119.9 32.4
      vertex 2.4 119.832 33.1814
      vertex 0 119.832 33.1814
    endloop
  endfacet
  facet normal 0 -0.996235 -0.0866956
    outer loop
      vertex 2.4 119.832 33.1814
      vertex 0 119.9 32.4
      vertex 2.4 119.9 32.4
    endloop
  endfacet
  facet normal 0 0.996235 0.0866956
    outer loop
      vertex 2.4 110.968 31.6186
      vertex 0 110.9 32.4
      vertex 2.4 110.9 32.4
    endloop
  endfacet
  facet normal 0 0.996235 0.0866956
    outer loop
      vertex 0 110.9 32.4
      vertex 2.4 110.968 31.6186
      vertex 0 110.968 31.6186
    endloop
  endfacet
  facet normal 0 -0.707553 -0.70666
    outer loop
      vertex 0 118.847 35.2925
      vertex 2.4 118.293 35.8472
      vertex 0 118.293 35.8472
    endloop
  endfacet
  facet normal 0 -0.707553 -0.70666
    outer loop
      vertex 2.4 118.293 35.8472
      vertex 0 118.847 35.2925
      vertex 2.4 118.847 35.2925
    endloop
  endfacet
  facet normal 0 -0.906063 -0.423144
    outer loop
      vertex 0 119.629 33.9391
      vertex 2.4 119.297 34.65
      vertex 0 119.297 34.65
    endloop
  endfacet
  facet normal 0 -0.906063 -0.423144
    outer loop
      vertex 2.4 119.297 34.65
      vertex 0 119.629 33.9391
      vertex 2.4 119.629 33.9391
    endloop
  endfacet
  facet normal -0 0.258694 0.965959
    outer loop
      vertex 0 114.619 27.9684
      vertex 2.4 113.861 28.1714
      vertex 2.4 114.619 27.9684
    endloop
  endfacet
  facet normal 0 0.258694 0.965959
    outer loop
      vertex 2.4 113.861 28.1714
      vertex 0 114.619 27.9684
      vertex 0 113.861 28.1714
    endloop
  endfacet
  facet normal 0 -0.258694 0.965959
    outer loop
      vertex 0 116.939 28.1714
      vertex 2.4 116.181 27.9684
      vertex 2.4 116.939 28.1714
    endloop
  endfacet
  facet normal 0 -0.258694 0.965959
    outer loop
      vertex 2.4 116.181 27.9684
      vertex 0 116.939 28.1714
      vertex 0 116.181 27.9684
    endloop
  endfacet
  facet normal 0 -0.573291 0.819352
    outer loop
      vertex 0 118.293 28.9528
      vertex 2.4 117.65 28.5029
      vertex 2.4 118.293 28.9528
    endloop
  endfacet
  facet normal 0 -0.573291 0.819352
    outer loop
      vertex 2.4 117.65 28.5029
      vertex 0 118.293 28.9528
      vertex 0 117.65 28.5029
    endloop
  endfacet
  facet normal 0 -0.965934 0.258789
    outer loop
      vertex 0 119.629 30.8609
      vertex 2.4 119.832 31.6186
      vertex 0 119.832 31.6186
    endloop
  endfacet
  facet normal 0 -0.965934 0.258789
    outer loop
      vertex 2.4 119.832 31.6186
      vertex 0 119.629 30.8609
      vertex 2.4 119.629 30.8609
    endloop
  endfacet
  facet normal 0 -0.819082 0.573676
    outer loop
      vertex 0 118.847 29.5075
      vertex 2.4 119.297 30.15
      vertex 0 119.297 30.15
    endloop
  endfacet
  facet normal 0 -0.819082 0.573676
    outer loop
      vertex 2.4 119.297 30.15
      vertex 0 118.847 29.5075
      vertex 2.4 118.847 29.5075
    endloop
  endfacet
  facet normal 0 -0.422571 -0.90633
    outer loop
      vertex 0 116.939 36.6286
      vertex 2.4 117.65 36.2971
      vertex 2.4 116.939 36.6286
    endloop
  endfacet
  facet normal -0 -0.422571 -0.90633
    outer loop
      vertex 2.4 117.65 36.2971
      vertex 0 116.939 36.6286
      vertex 0 117.65 36.2971
    endloop
  endfacet
  facet normal 0 -0.573291 -0.819352
    outer loop
      vertex 0 117.65 36.2971
      vertex 2.4 118.293 35.8472
      vertex 2.4 117.65 36.2971
    endloop
  endfacet
  facet normal -0 -0.573291 -0.819352
    outer loop
      vertex 2.4 118.293 35.8472
      vertex 0 117.65 36.2971
      vertex 0 118.293 35.8472
    endloop
  endfacet
  facet normal 0 -0.258694 -0.965959
    outer loop
      vertex 0 116.181 36.8316
      vertex 2.4 116.939 36.6286
      vertex 2.4 116.181 36.8316
    endloop
  endfacet
  facet normal -0 -0.258694 -0.965959
    outer loop
      vertex 2.4 116.939 36.6286
      vertex 0 116.181 36.8316
      vertex 0 116.939 36.6286
    endloop
  endfacet
  facet normal 0 -0.819082 -0.573676
    outer loop
      vertex 0 119.297 34.65
      vertex 2.4 118.847 35.2925
      vertex 0 118.847 35.2925
    endloop
  endfacet
  facet normal 0 -0.819082 -0.573676
    outer loop
      vertex 2.4 118.847 35.2925
      vertex 0 119.297 34.65
      vertex 2.4 119.297 34.65
    endloop
  endfacet
  facet normal 0 -0.965934 -0.258789
    outer loop
      vertex 0 119.832 33.1814
      vertex 2.4 119.629 33.9391
      vertex 0 119.629 33.9391
    endloop
  endfacet
  facet normal 0 -0.965934 -0.258789
    outer loop
      vertex 2.4 119.629 33.9391
      vertex 0 119.832 33.1814
      vertex 2.4 119.832 33.1814
    endloop
  endfacet
  facet normal -0 0.0872461 0.996187
    outer loop
      vertex 0 115.4 27.9
      vertex 2.4 114.619 27.9684
      vertex 2.4 115.4 27.9
    endloop
  endfacet
  facet normal 0 0.0872461 0.996187
    outer loop
      vertex 2.4 114.619 27.9684
      vertex 0 115.4 27.9
      vertex 0 114.619 27.9684
    endloop
  endfacet
  facet normal -0 0.573291 0.819352
    outer loop
      vertex 0 113.15 28.5029
      vertex 2.4 112.507 28.9528
      vertex 2.4 113.15 28.5029
    endloop
  endfacet
  facet normal 0 0.573291 0.819352
    outer loop
      vertex 2.4 112.507 28.9528
      vertex 0 113.15 28.5029
      vertex 0 112.507 28.9528
    endloop
  endfacet
  facet normal 0 -0.422571 0.90633
    outer loop
      vertex 0 117.65 28.5029
      vertex 2.4 116.939 28.1714
      vertex 2.4 117.65 28.5029
    endloop
  endfacet
  facet normal 0 -0.422571 0.90633
    outer loop
      vertex 2.4 116.939 28.1714
      vertex 0 117.65 28.5029
      vertex 0 116.939 28.1714
    endloop
  endfacet
  facet normal 0 -0.707553 0.70666
    outer loop
      vertex 0 118.847 29.5075
      vertex 2.4 118.293 28.9528
      vertex 2.4 118.847 29.5075
    endloop
  endfacet
  facet normal 0 -0.707553 0.70666
    outer loop
      vertex 2.4 118.293 28.9528
      vertex 0 118.847 29.5075
      vertex 0 118.293 28.9528
    endloop
  endfacet
  facet normal 0 -0.996235 0.0866956
    outer loop
      vertex 0 119.832 31.6186
      vertex 2.4 119.9 32.4
      vertex 0 119.9 32.4
    endloop
  endfacet
  facet normal 0 -0.996235 0.0866956
    outer loop
      vertex 2.4 119.9 32.4
      vertex 0 119.832 31.6186
      vertex 2.4 119.832 31.6186
    endloop
  endfacet
  facet normal 0 -0.906063 0.423144
    outer loop
      vertex 0 119.297 30.15
      vertex 2.4 119.629 30.8609
      vertex 0 119.629 30.8609
    endloop
  endfacet
  facet normal 0 -0.906063 0.423144
    outer loop
      vertex 2.4 119.629 30.8609
      vertex 0 119.297 30.15
      vertex 2.4 119.297 30.15
    endloop
  endfacet
  facet normal -0 0.422571 0.90633
    outer loop
      vertex 0 113.861 28.1714
      vertex 2.4 113.15 28.5029
      vertex 2.4 113.861 28.1714
    endloop
  endfacet
  facet normal 0 0.422571 0.90633
    outer loop
      vertex 2.4 113.15 28.5029
      vertex 0 113.861 28.1714
      vertex 0 113.15 28.5029
    endloop
  endfacet
  facet normal 0 0.819082 0.573676
    outer loop
      vertex 2.4 111.953 29.5075
      vertex 0 111.503 30.15
      vertex 2.4 111.503 30.15
    endloop
  endfacet
  facet normal 0 0.819082 0.573676
    outer loop
      vertex 0 111.503 30.15
      vertex 2.4 111.953 29.5075
      vertex 0 111.953 29.5075
    endloop
  endfacet
  facet normal 0 0.996235 -0.0866956
    outer loop
      vertex 2.4 110.9 32.4
      vertex 0 110.968 33.1814
      vertex 2.4 110.968 33.1814
    endloop
  endfacet
  facet normal 0 0.996235 -0.0866956
    outer loop
      vertex 0 110.968 33.1814
      vertex 2.4 110.9 32.4
      vertex 0 110.9 32.4
    endloop
  endfacet
  facet normal 0 0.707553 -0.70666
    outer loop
      vertex 2.4 111.953 35.2925
      vertex 0 112.507 35.8472
      vertex 2.4 112.507 35.8472
    endloop
  endfacet
  facet normal 0 0.707553 -0.70666
    outer loop
      vertex 0 112.507 35.8472
      vertex 2.4 111.953 35.2925
      vertex 0 111.953 35.2925
    endloop
  endfacet
  facet normal 0 0.258694 -0.965959
    outer loop
      vertex 0 113.861 36.6286
      vertex 2.4 114.619 36.8316
      vertex 2.4 113.861 36.6286
    endloop
  endfacet
  facet normal 0 0.258694 -0.965959
    outer loop
      vertex 2.4 114.619 36.8316
      vertex 0 113.861 36.6286
      vertex 0 114.619 36.8316
    endloop
  endfacet
  facet normal 0 0.0872461 -0.996187
    outer loop
      vertex 0 114.619 36.8316
      vertex 2.4 115.4 36.9
      vertex 2.4 114.619 36.8316
    endloop
  endfacet
  facet normal 0 0.0872461 -0.996187
    outer loop
      vertex 2.4 115.4 36.9
      vertex 0 114.619 36.8316
      vertex 0 115.4 36.9
    endloop
  endfacet
  facet normal 0 0.906063 0.423144
    outer loop
      vertex 2.4 111.503 30.15
      vertex 0 111.171 30.8609
      vertex 2.4 111.171 30.8609
    endloop
  endfacet
  facet normal 0 0.906063 0.423144
    outer loop
      vertex 0 111.171 30.8609
      vertex 2.4 111.503 30.15
      vertex 0 111.503 30.15
    endloop
  endfacet
  facet normal 0 0.965934 0.258789
    outer loop
      vertex 2.4 111.171 30.8609
      vertex 0 110.968 31.6186
      vertex 2.4 110.968 31.6186
    endloop
  endfacet
  facet normal 0 0.965934 0.258789
    outer loop
      vertex 0 110.968 31.6186
      vertex 2.4 111.171 30.8609
      vertex 0 111.171 30.8609
    endloop
  endfacet
  facet normal -0 0.707553 0.70666
    outer loop
      vertex 0 112.507 28.9528
      vertex 2.4 111.953 29.5075
      vertex 2.4 112.507 28.9528
    endloop
  endfacet
  facet normal 0 0.707553 0.70666
    outer loop
      vertex 2.4 111.953 29.5075
      vertex 0 112.507 28.9528
      vertex 0 111.953 29.5075
    endloop
  endfacet
  facet normal 0 0.965934 -0.258789
    outer loop
      vertex 2.4 110.968 33.1814
      vertex 0 111.171 33.9391
      vertex 2.4 111.171 33.9391
    endloop
  endfacet
  facet normal 0 0.965934 -0.258789
    outer loop
      vertex 0 111.171 33.9391
      vertex 2.4 110.968 33.1814
      vertex 0 110.968 33.1814
    endloop
  endfacet
  facet normal 0 0.819082 -0.573676
    outer loop
      vertex 2.4 111.503 34.65
      vertex 0 111.953 35.2925
      vertex 2.4 111.953 35.2925
    endloop
  endfacet
  facet normal 0 0.819082 -0.573676
    outer loop
      vertex 0 111.953 35.2925
      vertex 2.4 111.503 34.65
      vertex 0 111.503 34.65
    endloop
  endfacet
  facet normal 0 0.573291 -0.819352
    outer loop
      vertex 0 112.507 35.8472
      vertex 2.4 113.15 36.2971
      vertex 2.4 112.507 35.8472
    endloop
  endfacet
  facet normal 0 0.573291 -0.819352
    outer loop
      vertex 2.4 113.15 36.2971
      vertex 0 112.507 35.8472
      vertex 0 113.15 36.2971
    endloop
  endfacet
  facet normal 0 0.422571 -0.90633
    outer loop
      vertex 0 113.15 36.2971
      vertex 2.4 113.861 36.6286
      vertex 2.4 113.15 36.2971
    endloop
  endfacet
  facet normal 0 0.422571 -0.90633
    outer loop
      vertex 2.4 113.861 36.6286
      vertex 0 113.15 36.2971
      vertex 0 113.861 36.6286
    endloop
  endfacet
  facet normal 0 0.906063 -0.423144
    outer loop
      vertex 2.4 111.171 33.9391
      vertex 0 111.503 34.65
      vertex 2.4 111.503 34.65
    endloop
  endfacet
  facet normal 0 0.906063 -0.423144
    outer loop
      vertex 0 111.503 34.65
      vertex 2.4 111.171 33.9391
      vertex 0 111.171 33.9391
    endloop
  endfacet
  facet normal 0 0 -1
    outer loop
      vertex 192.4 15.4 29.4
      vertex 194.8 51.4 29.4
      vertex 194.8 15.4 29.4
    endloop
  endfacet
  facet normal -0 0 -1
    outer loop
      vertex 194.8 51.4 29.4
      vertex 192.4 15.4 29.4
      vertex 192.4 51.4 29.4
    endloop
  endfacet
  facet normal 0 -1 0
    outer loop
      vertex 192.4 51.4 22.4
      vertex 194.8 51.4 29.4
      vertex 192.4 51.4 29.4
    endloop
  endfacet
  facet normal 0 -1 -0
    outer loop
      vertex 194.8 51.4 29.4
      vertex 192.4 51.4 22.4
      vertex 194.8 51.4 22.4
    endloop
  endfacet
  facet normal -0 0 1
    outer loop
      vertex 192.4 51.4 22.4
      vertex 194.8 15.4 22.4
      vertex 194.8 51.4 22.4
    endloop
  endfacet
  facet normal 0 0 1
    outer loop
      vertex 194.8 15.4 22.4
      vertex 192.4 51.4 22.4
      vertex 192.4 15.4 22.4
    endloop
  endfacet
  facet normal 0 1 -0
    outer loop
      vertex 194.8 15.4 22.4
      vertex 192.4 15.4 29.4
      vertex 194.8 15.4 29.4
    endloop
  endfacet
  facet normal 0 1 0
    outer loop
      vertex 192.4 15.4 29.4
      vertex 194.8 15.4 22.4
      vertex 192.4 15.4 22.4
    endloop
  endfacet
  facet normal 0 0 -1
    outer loop
      vertex 192.4 59.4 29.4
      vertex 194.8 95.4 29.4
      vertex 194.8 59.4 29.4
    endloop
  endfacet
  facet normal -0 0 -1
    outer loop
      vertex 194.8 95.4 29.4
      vertex 192.4 59.4 29.4
      vertex 192.4 95.4 29.4
    endloop
  endfacet
  facet normal 0 -1 0
    outer loop
      vertex 192.4 95.4 22.4
      vertex 194.8 95.4 29.4
      vertex 192.4 95.4 29.4
    endloop
  endfacet
  facet normal 0 -1 -0
    outer loop
      vertex 194.8 95.4 29.4
      vertex 192.4 95.4 22.4
      vertex 194.8 95.4 22.4
    endloop
  endfacet
  facet normal -0 0 1
    outer loop
      vertex 192.4 95.4 22.4
      vertex 194.8 59.4 22.4
      vertex 194.8 95.4 22.4
    endloop
  endfacet
  facet normal 0 0 1
    outer loop
      vertex 194.8 59.4 22.4
      vertex 192.4 95.4 22.4
      vertex 192.4 59.4 22.4
    endloop
  endfacet
  facet normal 0 1 -0
    outer loop
      vertex 194.8 59.4 22.4
      vertex 192.4 59.4 29.4
      vertex 194.8 59.4 29.4
    endloop
  endfacet
  facet normal 0 1 0
    outer loop
      vertex 192.4 59.4 29.4
      vertex 194.8 59.4 22.4
      vertex 192.4 59.4 22.4
    endloop
  endfacet
  facet normal 0 0 -1
    outer loop
      vertex 192.4 103.4 29.4
      vertex 194.8 139.4 29.4
      vertex 194.8 103.4 29.4
    endloop
  endfacet
  facet normal -0 0 -1
    outer loop
      vertex 194.8 139.4 29.4
      vertex 192.4 103.4 29.4
      vertex 192.4 139.4 29.4
    endloop
  endfacet
  facet normal 0 -1 0
    outer loop
      vertex 192.4 139.4 22.4
      vertex 194.8 139.4 29.4
      vertex 192.4 139.4 29.4
    endloop
  endfacet
  facet normal 0 -1 -0
    outer loop
      vertex 194.8 139.4 29.4
      vertex 192.4 139.4 22.4
      vertex 194.8 139.4 22.4
    endloop
  endfacet
  facet normal -0 0 1
    outer loop
      vertex 192.4 139.4 22.4
      vertex 194.8 103.4 22.4
      vertex 194.8 139.4 22.4
    endloop
  endfacet
  facet normal 0 0 1
    outer loop
      vertex 194.8 103.4 22.4
      vertex 192.4 139.4 22.4
      vertex 192.4 103.4 22.4
    endloop
  endfacet
  facet normal 0 1 -0
    outer loop
      vertex 194.8 103.4 22.4
      vertex 192.4 103.4 29.4
      vertex 194.8 103.4 29.4
    endloop
  endfacet
  facet normal 0 1 0
    outer loop
      vertex 192.4 103.4 29.4
      vertex 194.8 103.4 22.4
      vertex 192.4 103.4 22.4
    endloop
  endfacet
  facet normal 0 0 -1
    outer loop
      vertex 192.4 15.4 45.4
      vertex 194.8 51.4 45.4
      vertex 194.8 15.4 45.4
    endloop
  endfacet
  facet normal -0 0 -1
    outer loop
      vertex 194.8 51.4 45.4
      vertex 192.4 15.4 45.4
      vertex 192.4 51.4 45.4
    endloop
  endfacet
  facet normal 0 -1 0
    outer loop
      vertex 192.4 51.4 38.4
      vertex 194.8 51.4 45.4
      vertex 192.4 51.4 45.4
    endloop
  endfacet
  facet normal 0 -1 -0
    outer loop
      vertex 194.8 51.4 45.4
      vertex 192.4 51.4 38.4
      vertex 194.8 51.4 38.4
    endloop
  endfacet
  facet normal -0 0 1
    outer loop
      vertex 192.4 51.4 38.4
      vertex 194.8 15.4 38.4
      vertex 194.8 51.4 38.4
    endloop
  endfacet
  facet normal 0 0 1
    outer loop
      vertex 194.8 15.4 38.4
      vertex 192.4 51.4 38.4
      vertex 192.4 15.4 38.4
    endloop
  endfacet
  facet normal 0 1 -0
    outer loop
      vertex 194.8 15.4 38.4
      vertex 192.4 15.4 45.4
      vertex 194.8 15.4 45.4
    endloop
  endfacet
  facet normal 0 1 0
    outer loop
      vertex 192.4 15.4 45.4
      vertex 194.8 15.4 38.4
      vertex 192.4 15.4 38.4
    endloop
  endfacet
  facet normal 0 0 -1
    outer loop
      vertex 192.4 59.4 45.4
      vertex 194.8 95.4 45.4
      vertex 194.8 59.4 45.4
    endloop
  endfacet
  facet normal -0 0 -1
    outer loop
      vertex 194.8 95.4 45.4
      vertex 192.4 59.4 45.4
      vertex 192.4 95.4 45.4
    endloop
  endfacet
  facet normal 0 -1 0
    outer loop
      vertex 192.4 95.4 38.4
      vertex 194.8 95.4 45.4
      vertex 192.4 95.4 45.4
    endloop
  endfacet
  facet normal 0 -1 -0
    outer loop
      vertex 194.8 95.4 45.4
      vertex 192.4 95.4 38.4
      vertex 194.8 95.4 38.4
    endloop
  endfacet
  facet normal -0 0 1
    outer loop
      vertex 192.4 95.4 38.4
      vertex 194.8 59.4 38.4
      vertex 194.8 95.4 38.4
    endloop
  endfacet
  facet normal 0 0 1
    outer loop
      vertex 194.8 59.4 38.4
      vertex 192.4 95.4 38.4
      vertex 192.4 59.4 38.4
    endloop
  endfacet
  facet normal 0 1 -0
    outer loop
      vertex 194.8 59.4 38.4
      vertex 192.4 59.4 45.4
      vertex 194.8 59.4 45.4
    endloop
  endfacet
  facet normal 0 1 0
    outer loop
      vertex 192.4 59.4 45.4
      vertex 194.8 59.4 38.4
      vertex 192.4 59.4 38.4
    endloop
  endfacet
  facet normal 0 0 -1
    outer loop
      vertex 192.4 103.4 45.4
      vertex 194.8 139.4 45.4
      vertex 194.8 103.4 45.4
    endloop
  endfacet
  facet normal -0 0 -1
    outer loop
      vertex 194.8 139.4 45.4
      vertex 192.4 103.4 45.4
      vertex 192.4 139.4 45.4
    endloop
  endfacet
  facet normal -0 0 1
    outer loop
      vertex 192.4 139.4 38.4
      vertex 194.8 103.4 38.4
      vertex 194.8 139.4 38.4
    endloop
  endfacet
  facet normal 0 0 1
    outer loop
      vertex 194.8 103.4 38.4
      vertex 192.4 139.4 38.4
      vertex 192.4 103.4 38.4
    endloop
  endfacet
  facet normal 0 1 -0
    outer loop
      vertex 194.8 103.4 38.4
      vertex 192.4 103.4 45.4
      vertex 194.8 103.4 45.4
    endloop
  endfacet
  facet normal 0 1 0
    outer loop
      vertex 192.4 103.4 45.4
      vertex 194.8 103.4 38.4
      vertex 192.4 103.4 38.4
    endloop
  endfacet
  facet normal 0 -1 0
    outer loop
      vertex 192.4 139.4 38.4
      vertex 194.8 139.4 45.4
      vertex 192.4 139.4 45.4
    endloop
  endfacet
  facet normal 0 -1 -0
    outer loop
      vertex 194.8 139.4 45.4
      vertex 192.4 139.4 38.4
      vertex 194.8 139.4 38.4
    endloop
  endfacet
  facet normal 0 0 -1
    outer loop
      vertex 192.4 15.4 61.4
      vertex 194.8 51.4 61.4
      vertex 194.8 15.4 61.4
    endloop
  endfacet
  facet normal -0 0 -1
    outer loop
      vertex 194.8 51.4 61.4
      vertex 192.4 15.4 61.4
      vertex 192.4 51.4 61.4
    endloop
  endfacet
  facet normal -0 0 1
    outer loop
      vertex 192.4 51.4 54.4
      vertex 194.8 15.4 54.4
      vertex 194.8 51.4 54.4
    endloop
  endfacet
  facet normal 0 0 1
    outer loop
      vertex 194.8 15.4 54.4
      vertex 192.4 51.4 54.4
      vertex 192.4 15.4 54.4
    endloop
  endfacet
  facet normal 0 1 -0
    outer loop
      vertex 194.8 15.4 54.4
      vertex 192.4 15.4 61.4
      vertex 194.8 15.4 61.4
    endloop
  endfacet
  facet normal 0 1 0
    outer loop
      vertex 192.4 15.4 61.4
      vertex 194.8 15.4 54.4
      vertex 192.4 15.4 54.4
    endloop
  endfacet
  facet normal 0 -1 0
    outer loop
      vertex 192.4 51.4 54.4
      vertex 194.8 51.4 61.4
      vertex 192.4 51.4 61.4
    endloop
  endfacet
  facet normal 0 -1 -0
    outer loop
      vertex 194.8 51.4 61.4
      vertex 192.4 51.4 54.4
      vertex 194.8 51.4 54.4
    endloop
  endfacet
  facet normal 0 0 -1
    outer loop
      vertex 192.4 59.4 61.4
      vertex 194.8 95.4 61.4
      vertex 194.8 59.4 61.4
    endloop
  endfacet
  facet normal -0 0 -1
    outer loop
      vertex 194.8 95.4 61.4
      vertex 192.4 59.4 61.4
      vertex 192.4 95.4 61.4
    endloop
  endfacet
  facet normal 0 -1 0
    outer loop
      vertex 192.4 95.4 54.4
      vertex 194.8 95.4 61.4
      vertex 192.4 95.4 61.4
    endloop
  endfacet
  facet normal 0 -1 -0
    outer loop
      vertex 194.8 95.4 61.4
      vertex 192.4 95.4 54.4
      vertex 194.8 95.4 54.4
    endloop
  endfacet
  facet normal -0 0 1
    outer loop
      vertex 192.4 95.4 54.4
      vertex 194.8 59.4 54.4
      vertex 194.8 95.4 54.4
    endloop
  endfacet
  facet normal 0 0 1
    outer loop
      vertex 194.8 59.4 54.4
      vertex 192.4 95.4 54.4
      vertex 192.4 59.4 54.4
    endloop
  endfacet
  facet normal 0 1 -0
    outer loop
      vertex 194.8 59.4 54.4
      vertex 192.4 59.4 61.4
      vertex 194.8 59.4 61.4
    endloop
  endfacet
  facet normal 0 1 0
    outer loop
      vertex 192.4 59.4 61.4
      vertex 194.8 59.4 54.4
      vertex 192.4 59.4 54.4
    endloop
  endfacet
  facet normal 0 0 -1
    outer loop
      vertex 192.4 103.4 61.4
      vertex 194.8 139.4 61.4
      vertex 194.8 103.4 61.4
    endloop
  endfacet
  facet normal -0 0 -1
    outer loop
      vertex 194.8 139.4 61.4
      vertex 192.4 103.4 61.4
      vertex 192.4 139.4 61.4
    endloop
  endfacet
  facet normal 0 -1 0
    outer loop
      vertex 192.4 139.4 54.4
      vertex 194.8 139.4 61.4
      vertex 192.4 139.4 61.4
    endloop
  endfacet
  facet normal 0 -1 -0
    outer loop
      vertex 194.8 139.4 61.4
      vertex 192.4 139.4 54.4
      vertex 194.8 139.4 54.4
    endloop
  endfacet
  facet normal -0 0 1
    outer loop
      vertex 192.4 139.4 54.4
      vertex 194.8 103.4 54.4
      vertex 194.8 139.4 54.4
    endloop
  endfacet
  facet normal 0 0 1
    outer loop
      vertex 194.8 103.4 54.4
      vertex 192.4 139.4 54.4
      vertex 192.4 103.4 54.4
    endloop
  endfacet
  facet normal 0 1 -0
    outer loop
      vertex 194.8 103.4 54.4
      vertex 192.4 103.4 61.4
      vertex 194.8 103.4 61.4
    endloop
  endfacet
  facet normal 0 1 0
    outer loop
      vertex 192.4 103.4 61.4
      vertex 194.8 103.4 54.4
      vertex 192.4 103.4 54.4
    endloop
  endfacet
  facet normal 0 0 -1
    outer loop
      vertex 192.4 15.4 77.4
      vertex 194.8 51.4 77.4
      vertex 194.8 15.4 77.4
    endloop
  endfacet
  facet normal -0 0 -1
    outer loop
      vertex 194.8 51.4 77.4
      vertex 192.4 15.4 77.4
      vertex 192.4 51.4 77.4
    endloop
  endfacet
  facet normal -0 0 1
    outer loop
      vertex 192.4 51.4 70.4
      vertex 194.8 15.4 70.4
      vertex 194.8 51.4 70.4
    endloop
  endfacet
  facet normal 0 0 1
    outer loop
      vertex 194.8 15.4 70.4
      vertex 192.4 51.4 70.4
      vertex 192.4 15.4 70.4
    endloop
  endfacet
  facet normal 0 1 -0
    outer loop
      vertex 194.8 15.4 70.4
      vertex 192.4 15.4 77.4
      vertex 194.8 15.4 77.4
    endloop
  endfacet
  facet normal 0 1 0
    outer loop
      vertex 192.4 15.4 77.4
      vertex 194.8 15.4 70.4
      vertex 192.4 15.4 70.4
    endloop
  endfacet
  facet normal 0 -1 0
    outer loop
      vertex 192.4 51.4 70.4
      vertex 194.8 51.4 77.4
      vertex 192.4 51.4 77.4
    endloop
  endfacet
  facet normal 0 -1 -0
    outer loop
      vertex 194.8 51.4 77.4
      vertex 192.4 51.4 70.4
      vertex 194.8 51.4 70.4
    endloop
  endfacet
  facet normal 0 0 -1
    outer loop
      vertex 192.4 59.4 77.4
      vertex 194.8 95.4 77.4
      vertex 194.8 59.4 77.4
    endloop
  endfacet
  facet normal -0 0 -1
    outer loop
      vertex 194.8 95.4 77.4
      vertex 192.4 59.4 77.4
      vertex 192.4 95.4 77.4
    endloop
  endfacet
  facet normal 0 -1 0
    outer loop
      vertex 192.4 95.4 70.4
      vertex 194.8 95.4 77.4
      vertex 192.4 95.4 77.4
    endloop
  endfacet
  facet normal 0 -1 -0
    outer loop
      vertex 194.8 95.4 77.4
      vertex 192.4 95.4 70.4
      vertex 194.8 95.4 70.4
    endloop
  endfacet
  facet normal -0 0 1
    outer loop
      vertex 192.4 95.4 70.4
      vertex 194.8 59.4 70.4
      vertex 194.8 95.4 70.4
    endloop
  endfacet
  facet normal 0 0 1
    outer loop
      vertex 194.8 59.4 70.4
      vertex 192.4 95.4 70.4
      vertex 192.4 59.4 70.4
    endloop
  endfacet
  facet normal 0 1 -0
    outer loop
      vertex 194.8 59.4 70.4
      vertex 192.4 59.4 77.4
      vertex 194.8 59.4 77.4
    endloop
  endfacet
  facet normal 0 1 0
    outer loop
      vertex 192.4 59.4 77.4
      vertex 194.8 59.4 70.4
      vertex 192.4 59.4 70.4
    endloop
  endfacet
  facet normal 0 0 -1
    outer loop
      vertex 192.4 103.4 77.4
      vertex 194.8 139.4 77.4
      vertex 194.8 103.4 77.4
    endloop
  endfacet
  facet normal -0 0 -1
    outer loop
      vertex 194.8 139.4 77.4
      vertex 192.4 103.4 77.4
      vertex 192.4 139.4 77.4
    endloop
  endfacet
  facet normal -0 0 1
    outer loop
      vertex 192.4 139.4 70.4
      vertex 194.8 103.4 70.4
      vertex 194.8 139.4 70.4
    endloop
  endfacet
  facet normal 0 0 1
    outer loop
      vertex 194.8 103.4 70.4
      vertex 192.4 139.4 70.4
      vertex 192.4 103.4 70.4
    endloop
  endfacet
  facet normal 0 1 -0
    outer loop
      vertex 194.8 103.4 70.4
      vertex 192.4 103.4 77.4
      vertex 194.8 103.4 77.4
    endloop
  endfacet
  facet normal 0 1 0
    outer loop
      vertex 192.4 103.4 77.4
      vertex 194.8 103.4 70.4
      vertex 192.4 103.4 70.4
    endloop
  endfacet
  facet normal 0 -1 0
    outer loop
      vertex 192.4 139.4 70.4
      vertex 194.8 139.4 77.4
      vertex 192.4 139.4 77.4
    endloop
  endfacet
  facet normal 0 -1 -0
    outer loop
      vertex 194.8 139.4 77.4
      vertex 192.4 139.4 70.4
      vertex 194.8 139.4 70.4
    endloop
  endfacet
  facet normal 0 0 -1
    outer loop
      vertex 192.4 15.4 93.4
      vertex 194.8 51.4 93.4
      vertex 194.8 15.4 93.4
    endloop
  endfacet
  facet normal -0 0 -1
    outer loop
      vertex 194.8 51.4 93.4
      vertex 192.4 15.4 93.4
      vertex 192.4 51.4 93.4
    endloop
  endfacet
  facet normal -0 0 1
    outer loop
      vertex 192.4 51.4 86.4
      vertex 194.8 15.4 86.4
      vertex 194.8 51.4 86.4
    endloop
  endfacet
  facet normal 0 0 1
    outer loop
      vertex 194.8 15.4 86.4
      vertex 192.4 51.4 86.4
      vertex 192.4 15.4 86.4
    endloop
  endfacet
  facet normal 0 1 -0
    outer loop
      vertex 194.8 15.4 86.4
      vertex 192.4 15.4 93.4
      vertex 194.8 15.4 93.4
    endloop
  endfacet
  facet normal 0 1 0
    outer loop
      vertex 192.4 15.4 93.4
      vertex 194.8 15.4 86.4
      vertex 192.4 15.4 86.4
    endloop
  endfacet
  facet normal 0 -1 0
    outer loop
      vertex 192.4 51.4 86.4
      vertex 194.8 51.4 93.4
      vertex 192.4 51.4 93.4
    endloop
  endfacet
  facet normal 0 -1 -0
    outer loop
      vertex 194.8 51.4 93.4
      vertex 192.4 51.4 86.4
      vertex 194.8 51.4 86.4
    endloop
  endfacet
  facet normal 0 0 -1
    outer loop
      vertex 192.4 59.4 93.4
      vertex 194.8 95.4 93.4
      vertex 194.8 59.4 93.4
    endloop
  endfacet
  facet normal -0 0 -1
    outer loop
      vertex 194.8 95.4 93.4
      vertex 192.4 59.4 93.4
      vertex 192.4 95.4 93.4
    endloop
  endfacet
  facet normal -0 0 1
    outer loop
      vertex 192.4 95.4 86.4
      vertex 194.8 59.4 86.4
      vertex 194.8 95.4 86.4
    endloop
  endfacet
  facet normal 0 0 1
    outer loop
      vertex 194.8 59.4 86.4
      vertex 192.4 95.4 86.4
      vertex 192.4 59.4 86.4
    endloop
  endfacet
  facet normal 0 1 -0
    outer loop
      vertex 194.8 59.4 86.4
      vertex 192.4 59.4 93.4
      vertex 194.8 59.4 93.4
    endloop
  endfacet
  facet normal 0 1 0
    outer loop
      vertex 192.4 59.4 93.4
      vertex 194.8 59.4 86.4
      vertex 192.4 59.4 86.4
    endloop
  endfacet
  facet normal 0 -1 0
    outer loop
      vertex 192.4 95.4 86.4
      vertex 194.8 95.4 93.4
      vertex 192.4 95.4 93.4
    endloop
  endfacet
  facet normal 0 -1 -0
    outer loop
      vertex 194.8 95.4 93.4
      vertex 192.4 95.4 86.4
      vertex 194.8 95.4 86.4
    endloop
  endfacet
  facet normal 0 0 -1
    outer loop
      vertex 192.4 103.4 93.4
      vertex 194.8 139.4 93.4
      vertex 194.8 103.4 93.4
    endloop
  endfacet
  facet normal -0 0 -1
    outer loop
      vertex 194.8 139.4 93.4
      vertex 192.4 103.4 93.4
      vertex 192.4 139.4 93.4
    endloop
  endfacet
  facet normal 0 -1 0
    outer loop
      vertex 192.4 139.4 86.4
      vertex 194.8 139.4 93.4
      vertex 192.4 139.4 93.4
    endloop
  endfacet
  facet normal 0 -1 -0
    outer loop
      vertex 194.8 139.4 93.4
      vertex 192.4 139.4 86.4
      vertex 194.8 139.4 86.4
    endloop
  endfacet
  facet normal -0 0 1
    outer loop
      vertex 192.4 139.4 86.4
      vertex 194.8 103.4 86.4
      vertex 194.8 139.4 86.4
    endloop
  endfacet
  facet normal 0 0 1
    outer loop
      vertex 194.8 103.4 86.4
      vertex 192.4 139.4 86.4
      vertex 192.4 103.4 86.4
    endloop
  endfacet
  facet normal 0 1 -0
    outer loop
      vertex 194.8 103.4 86.4
      vertex 192.4 103.4 93.4
      vertex 194.8 103.4 93.4
    endloop
  endfacet
  facet normal 0 1 0
    outer loop
      vertex 192.4 103.4 93.4
      vertex 194.8 103.4 86.4
      vertex 192.4 103.4 86.4
    endloop
  endfacet
  facet normal 0 0 -1
    outer loop
      vertex 192.4 15.4 109.4
      vertex 194.8 51.4 109.4
      vertex 194.8 15.4 109.4
    endloop
  endfacet
  facet normal -0 0 -1
    outer loop
      vertex 194.8 51.4 109.4
      vertex 192.4 15.4 109.4
      vertex 192.4 51.4 109.4
    endloop
  endfacet
  facet normal 0 -1 0
    outer loop
      vertex 192.4 51.4 102.4
      vertex 194.8 51.4 109.4
      vertex 192.4 51.4 109.4
    endloop
  endfacet
  facet normal 0 -1 -0
    outer loop
      vertex 194.8 51.4 109.4
      vertex 192.4 51.4 102.4
      vertex 194.8 51.4 102.4
    endloop
  endfacet
  facet normal -0 0 1
    outer loop
      vertex 192.4 51.4 102.4
      vertex 194.8 15.4 102.4
      vertex 194.8 51.4 102.4
    endloop
  endfacet
  facet normal 0 0 1
    outer loop
      vertex 194.8 15.4 102.4
      vertex 192.4 51.4 102.4
      vertex 192.4 15.4 102.4
    endloop
  endfacet
  facet normal 0 1 -0
    outer loop
      vertex 194.8 15.4 102.4
      vertex 192.4 15.4 109.4
      vertex 194.8 15.4 109.4
    endloop
  endfacet
  facet normal 0 1 0
    outer loop
      vertex 192.4 15.4 109.4
      vertex 194.8 15.4 102.4
      vertex 192.4 15.4 102.4
    endloop
  endfacet
  facet normal 0 0 -1
    outer loop
      vertex 192.4 59.4 109.4
      vertex 194.8 95.4 109.4
      vertex 194.8 59.4 109.4
    endloop
  endfacet
  facet normal -0 0 -1
    outer loop
      vertex 194.8 95.4 109.4
      vertex 192.4 59.4 109.4
      vertex 192.4 95.4 109.4
    endloop
  endfacet
  facet normal 0 -1 0
    outer loop
      vertex 192.4 95.4 102.4
      vertex 194.8 95.4 109.4
      vertex 192.4 95.4 109.4
    endloop
  endfacet
  facet normal 0 -1 -0
    outer loop
      vertex 194.8 95.4 109.4
      vertex 192.4 95.4 102.4
      vertex 194.8 95.4 102.4
    endloop
  endfacet
  facet normal -0 0 1
    outer loop
      vertex 192.4 95.4 102.4
      vertex 194.8 59.4 102.4
      vertex 194.8 95.4 102.4
    endloop
  endfacet
  facet normal 0 0 1
    outer loop
      vertex 194.8 59.4 102.4
      vertex 192.4 95.4 102.4
      vertex 192.4 59.4 102.4
    endloop
  endfacet
  facet normal 0 1 -0
    outer loop
      vertex 194.8 59.4 102.4
      vertex 192.4 59.4 109.4
      vertex 194.8 59.4 109.4
    endloop
  endfacet
  facet normal 0 1 0
    outer loop
      vertex 192.4 59.4 109.4
      vertex 194.8 59.4 102.4
      vertex 192.4 59.4 102.4
    endloop
  endfacet
  facet normal 0 0 -1
    outer loop
      vertex 192.4 103.4 109.4
      vertex 194.8 139.4 109.4
      vertex 194.8 103.4 109.4
    endloop
  endfacet
  facet normal -0 0 -1
    outer loop
      vertex 194.8 139.4 109.4
      vertex 192.4 103.4 109.4
      vertex 192.4 139.4 109.4
    endloop
  endfacet
  facet normal -0 0 1
    outer loop
      vertex 192.4 139.4 102.4
      vertex 194.8 103.4 102.4
      vertex 194.8 139.4 102.4
    endloop
  endfacet
  facet normal 0 0 1
    outer loop
      vertex 194.8 103.4 102.4
      vertex 192.4 139.4 102.4
      vertex 192.4 103.4 102.4
    endloop
  endfacet
  facet normal 0 1 -0
    outer loop
      vertex 194.8 103.4 102.4
      vertex 192.4 103.4 109.4
      vertex 194.8 103.4 109.4
    endloop
  endfacet
  facet normal 0 1 0
    outer loop
      vertex 192.4 103.4 109.4
      vertex 194.8 103.4 102.4
      vertex 192.4 103.4 102.4
    endloop
  endfacet
  facet normal 0 -1 0
    outer loop
      vertex 192.4 139.4 102.4
      vertex 194.8 139.4 109.4
      vertex 192.4 139.4 109.4
    endloop
  endfacet
  facet normal 0 -1 -0
    outer loop
      vertex 194.8 139.4 109.4
      vertex 192.4 139.4 102.4
      vertex 194.8 139.4 102.4
    endloop
  endfacet
  facet normal 0 0 -1
    outer loop
      vertex 192.4 15.4 125.4
      vertex 194.8 51.4 125.4
      vertex 194.8 15.4 125.4
    endloop
  endfacet
  facet normal -0 0 -1
    outer loop
      vertex 194.8 51.4 125.4
      vertex 192.4 15.4 125.4
      vertex 192.4 51.4 125.4
    endloop
  endfacet
  facet normal 0 -1 0
    outer loop
      vertex 192.4 51.4 118.4
      vertex 194.8 51.4 125.4
      vertex 192.4 51.4 125.4
    endloop
  endfacet
  facet normal 0 -1 -0
    outer loop
      vertex 194.8 51.4 125.4
      vertex 192.4 51.4 118.4
      vertex 194.8 51.4 118.4
    endloop
  endfacet
  facet normal -0 0 1
    outer loop
      vertex 192.4 51.4 118.4
      vertex 194.8 15.4 118.4
      vertex 194.8 51.4 118.4
    endloop
  endfacet
  facet normal 0 0 1
    outer loop
      vertex 194.8 15.4 118.4
      vertex 192.4 51.4 118.4
      vertex 192.4 15.4 118.4
    endloop
  endfacet
  facet normal 0 1 -0
    outer loop
      vertex 194.8 15.4 118.4
      vertex 192.4 15.4 125.4
      vertex 194.8 15.4 125.4
    endloop
  endfacet
  facet normal 0 1 0
    outer loop
      vertex 192.4 15.4 125.4
      vertex 194.8 15.4 118.4
      vertex 192.4 15.4 118.4
    endloop
  endfacet
  facet normal 0 0 -1
    outer loop
      vertex 192.4 59.4 125.4
      vertex 194.8 95.4 125.4
      vertex 194.8 59.4 125.4
    endloop
  endfacet
  facet normal -0 0 -1
    outer loop
      vertex 194.8 95.4 125.4
      vertex 192.4 59.4 125.4
      vertex 192.4 95.4 125.4
    endloop
  endfacet
  facet normal -0 0 1
    outer loop
      vertex 192.4 95.4 118.4
      vertex 194.8 59.4 118.4
      vertex 194.8 95.4 118.4
    endloop
  endfacet
  facet normal 0 0 1
    outer loop
      vertex 194.8 59.4 118.4
      vertex 192.4 95.4 118.4
      vertex 192.4 59.4 118.4
    endloop
  endfacet
  facet normal 0 1 -0
    outer loop
      vertex 194.8 59.4 118.4
      vertex 192.4 59.4 125.4
      vertex 194.8 59.4 125.4
    endloop
  endfacet
  facet normal 0 1 0
    outer loop
      vertex 192.4 59.4 125.4
      vertex 194.8 59.4 118.4
      vertex 192.4 59.4 118.4
    endloop
  endfacet
  facet normal 0 -1 0
    outer loop
      vertex 192.4 95.4 118.4
      vertex 194.8 95.4 125.4
      vertex 192.4 95.4 125.4
    endloop
  endfacet
  facet normal 0 -1 -0
    outer loop
      vertex 194.8 95.4 125.4
      vertex 192.4 95.4 118.4
      vertex 194.8 95.4 118.4
    endloop
  endfacet
  facet normal 0 0 -1
    outer loop
      vertex 192.4 103.4 125.4
      vertex 194.8 139.4 125.4
      vertex 194.8 103.4 125.4
    endloop
  endfacet
  facet normal -0 0 -1
    outer loop
      vertex 194.8 139.4 125.4
      vertex 192.4 103.4 125.4
      vertex 192.4 139.4 125.4
    endloop
  endfacet
  facet normal 0 -1 0
    outer loop
      vertex 192.4 139.4 118.4
      vertex 194.8 139.4 125.4
      vertex 192.4 139.4 125.4
    endloop
  endfacet
  facet normal 0 -1 -0
    outer loop
      vertex 194.8 139.4 125.4
      vertex 192.4 139.4 118.4
      vertex 194.8 139.4 118.4
    endloop
  endfacet
  facet normal -0 0 1
    outer loop
      vertex 192.4 139.4 118.4
      vertex 194.8 103.4 118.4
      vertex 194.8 139.4 118.4
    endloop
  endfacet
  facet normal 0 0 1
    outer loop
      vertex 194.8 103.4 118.4
      vertex 192.4 139.4 118.4
      vertex 192.4 103.4 118.4
    endloop
  endfacet
  facet normal 0 1 -0
    outer loop
      vertex 194.8 103.4 118.4
      vertex 192.4 103.4 125.4
      vertex 194.8 103.4 125.4
    endloop
  endfacet
  facet normal 0 1 0
    outer loop
      vertex 192.4 103.4 125.4
      vertex 194.8 103.4 118.4
      vertex 192.4 103.4 118.4
    endloop
  endfacet
  facet normal 0 0 -1
    outer loop
      vertex 192.4 15.4 141.4
      vertex 194.8 51.4 141.4
      vertex 194.8 15.4 141.4
    endloop
  endfacet
  facet normal -0 0 -1
    outer loop
      vertex 194.8 51.4 141.4
      vertex 192.4 15.4 141.4
      vertex 192.4 51.4 141.4
    endloop
  endfacet
  facet normal 0 -1 0
    outer loop
      vertex 192.4 51.4 134.4
      vertex 194.8 51.4 141.4
      vertex 192.4 51.4 141.4
    endloop
  endfacet
  facet normal 0 -1 -0
    outer loop
      vertex 194.8 51.4 141.4
      vertex 192.4 51.4 134.4
      vertex 194.8 51.4 134.4
    endloop
  endfacet
  facet normal -0 0 1
    outer loop
      vertex 192.4 51.4 134.4
      vertex 194.8 15.4 134.4
      vertex 194.8 51.4 134.4
    endloop
  endfacet
  facet normal 0 0 1
    outer loop
      vertex 194.8 15.4 134.4
      vertex 192.4 51.4 134.4
      vertex 192.4 15.4 134.4
    endloop
  endfacet
  facet normal 0 1 -0
    outer loop
      vertex 194.8 15.4 134.4
      vertex 192.4 15.4 141.4
      vertex 194.8 15.4 141.4
    endloop
  endfacet
  facet normal 0 1 0
    outer loop
      vertex 192.4 15.4 141.4
      vertex 194.8 15.4 134.4
      vertex 192.4 15.4 134.4
    endloop
  endfacet
  facet normal 0 0 -1
    outer loop
      vertex 192.4 59.4 141.4
      vertex 194.8 95.4 141.4
      vertex 194.8 59.4 141.4
    endloop
  endfacet
  facet normal -0 0 -1
    outer loop
      vertex 194.8 95.4 141.4
      vertex 192.4 59.4 141.4
      vertex 192.4 95.4 141.4
    endloop
  endfacet
  facet normal 0 -1 0
    outer loop
      vertex 192.4 95.4 134.4
      vertex 194.8 95.4 141.4
      vertex 192.4 95.4 141.4
    endloop
  endfacet
  facet normal 0 -1 -0
    outer loop
      vertex 194.8 95.4 141.4
      vertex 192.4 95.4 134.4
      vertex 194.8 95.4 134.4
    endloop
  endfacet
  facet normal -0 0 1
    outer loop
      vertex 192.4 95.4 134.4
      vertex 194.8 59.4 134.4
      vertex 194.8 95.4 134.4
    endloop
  endfacet
  facet normal 0 0 1
    outer loop
      vertex 194.8 59.4 134.4
      vertex 192.4 95.4 134.4
      vertex 192.4 59.4 134.4
    endloop
  endfacet
  facet normal 0 1 -0
    outer loop
      vertex 194.8 59.4 134.4
      vertex 192.4 59.4 141.4
      vertex 194.8 59.4 141.4
    endloop
  endfacet
  facet normal 0 1 0
    outer loop
      vertex 192.4 59.4 141.4
      vertex 194.8 59.4 134.4
      vertex 192.4 59.4 134.4
    endloop
  endfacet
  facet normal 0 0 -1
    outer loop
      vertex 192.4 103.4 141.4
      vertex 194.8 139.4 141.4
      vertex 194.8 103.4 141.4
    endloop
  endfacet
  facet normal -0 0 -1
    outer loop
      vertex 194.8 139.4 141.4
      vertex 192.4 103.4 141.4
      vertex 192.4 139.4 141.4
    endloop
  endfacet
  facet normal -0 0 1
    outer loop
      vertex 192.4 139.4 134.4
      vertex 194.8 103.4 134.4
      vertex 194.8 139.4 134.4
    endloop
  endfacet
  facet normal 0 0 1
    outer loop
      vertex 194.8 103.4 134.4
      vertex 192.4 139.4 134.4
      vertex 192.4 103.4 134.4
    endloop
  endfacet
  facet normal 0 1 -0
    outer loop
      vertex 194.8 103.4 134.4
      vertex 192.4 103.4 141.4
      vertex 194.8 103.4 141.4
    endloop
  endfacet
  facet normal 0 1 0
    outer loop
      vertex 192.4 103.4 141.4
      vertex 194.8 103.4 134.4
      vertex 192.4 103.4 134.4
    endloop
  endfacet
  facet normal 0 -1 0
    outer loop
      vertex 192.4 139.4 134.4
      vertex 194.8 139.4 141.4
      vertex 192.4 139.4 141.4
    endloop
  endfacet
  facet normal 0 -1 -0
    outer loop
      vertex 194.8 139.4 141.4
      vertex 192.4 139.4 134.4
      vertex 194.8 139.4 134.4
    endloop
  endfacet
  facet normal 0 0 -1
    outer loop
      vertex 0 69.4 74.4
      vertex 2.4 85.4 74.4
      vertex 2.4 69.4 74.4
    endloop
  endfacet
  facet normal -0 0 -1
    outer loop
      vertex 2.4 85.4 74.4
      vertex 0 69.4 74.4
      vertex 0 85.4 74.4
    endloop
  endfacet
  facet normal -0 0 1
    outer loop
      vertex 0 85.4 62.4
      vertex 2.4 69.4 62.4
      vertex 2.4 85.4 62.4
    endloop
  endfacet
  facet normal 0 0 1
    outer loop
      vertex 2.4 69.4 62.4
      vertex 0 85.4 62.4
      vertex 0 69.4 62.4
    endloop
  endfacet
  facet normal 0 1 -0
    outer loop
      vertex 2.4 69.4 62.4
      vertex 0 69.4 74.4
      vertex 2.4 69.4 74.4
    endloop
  endfacet
  facet normal 0 1 0
    outer loop
      vertex 0 69.4 74.4
      vertex 2.4 69.4 62.4
      vertex 0 69.4 62.4
    endloop
  endfacet
  facet normal 0 -1 0
    outer loop
      vertex 0 85.4 62.4
      vertex 2.4 85.4 74.4
      vertex 0 85.4 74.4
    endloop
  endfacet
  facet normal 0 -1 -0
    outer loop
      vertex 2.4 85.4 74.4
      vertex 0 85.4 62.4
      vertex 2.4 85.4 62.4
    endloop
  endfacet
endsolid OpenSCAD_Model
