solid OpenSCAD_Model
  facet normal -1 0 0
    outer loop
      vertex 0 0 0
      vertex 0 99.8 47.4
      vertex 0 99.8 0
    endloop
  endfacet
  facet normal -1 -0 0
    outer loop
      vertex 0 99.8 47.4
      vertex 0 0 0
      vertex 0 0 47.4
    endloop
  endfacet
  facet normal 0 0 1
    outer loop
      vertex 154.8 99.8 47.4
      vertex 152.4 97.4 47.4
      vertex 154.8 0 47.4
    endloop
  endfacet
  facet normal 0 0 1
    outer loop
      vertex 154.8 99.8 47.4
      vertex 2.4 97.4 47.4
      vertex 152.4 97.4 47.4
    endloop
  endfacet
  facet normal 0 0 1
    outer loop
      vertex 2.4 97.4 47.4
      vertex 0 99.8 47.4
      vertex 2.4 2.4 47.4
    endloop
  endfacet
  facet normal -0 0 1
    outer loop
      vertex 0 99.8 47.4
      vertex 2.4 97.4 47.4
      vertex 154.8 99.8 47.4
    endloop
  endfacet
  facet normal -0 0 1
    outer loop
      vertex 152.4 2.4 47.4
      vertex 154.8 0 47.4
      vertex 152.4 97.4 47.4
    endloop
  endfacet
  facet normal -0 0 1
    outer loop
      vertex 2.4 2.4 47.4
      vertex 154.8 0 47.4
      vertex 152.4 2.4 47.4
    endloop
  endfacet
  facet normal 0 0 1
    outer loop
      vertex 2.4 2.4 47.4
      vertex 0 0 47.4
      vertex 154.8 0 47.4
    endloop
  endfacet
  facet normal 0 0 1
    outer loop
      vertex 0 0 47.4
      vertex 2.4 2.4 47.4
      vertex 0 99.8 47.4
    endloop
  endfacet
  facet normal 1 -0 0
    outer loop
      vertex 154.8 0 47.4
      vertex 154.8 99.8 0
      vertex 154.8 99.8 47.4
    endloop
  endfacet
  facet normal 1 0 0
    outer loop
      vertex 154.8 99.8 0
      vertex 154.8 0 47.4
      vertex 154.8 0 0
    endloop
  endfacet
  facet normal 0 1 -0
    outer loop
      vertex 44 99.8 31
      vertex 33 99.8 41
      vertex 44 99.8 41
    endloop
  endfacet
  facet normal 0 1 0
    outer loop
      vertex 33 99.8 41
      vertex 44 99.8 31
      vertex 33 99.8 31
    endloop
  endfacet
  facet normal 0 1 -0
    outer loop
      vertex 58 99.8 31
      vertex 47 99.8 41
      vertex 58 99.8 41
    endloop
  endfacet
  facet normal 0 1 0
    outer loop
      vertex 47 99.8 41
      vertex 58 99.8 31
      vertex 47 99.8 31
    endloop
  endfacet
  facet normal 0 1 -0
    outer loop
      vertex 72 99.8 31
      vertex 61 99.8 41
      vertex 72 99.8 41
    endloop
  endfacet
  facet normal 0 1 0
    outer loop
      vertex 61 99.8 41
      vertex 72 99.8 31
      vertex 61 99.8 31
    endloop
  endfacet
  facet normal 0 1 -0
    outer loop
      vertex 86 99.8 31
      vertex 75 99.8 41
      vertex 86 99.8 41
    endloop
  endfacet
  facet normal 0 1 0
    outer loop
      vertex 75 99.8 41
      vertex 86 99.8 31
      vertex 75 99.8 31
    endloop
  endfacet
  facet normal 0 1 -0
    outer loop
      vertex 100 99.8 31
      vertex 89 99.8 41
      vertex 100 99.8 41
    endloop
  endfacet
  facet normal 0 1 0
    outer loop
      vertex 89 99.8 41
      vertex 100 99.8 31
      vertex 89 99.8 31
    endloop
  endfacet
  facet normal 0 1 -0
    outer loop
      vertex 114 99.8 31
      vertex 103 99.8 41
      vertex 114 99.8 41
    endloop
  endfacet
  facet normal 0 1 0
    outer loop
      vertex 103 99.8 41
      vertex 114 99.8 31
      vertex 103 99.8 31
    endloop
  endfacet
  facet normal 0 1 -0
    outer loop
      vertex 128 99.8 31
      vertex 117 99.8 41
      vertex 128 99.8 41
    endloop
  endfacet
  facet normal 0 1 0
    outer loop
      vertex 117 99.8 41
      vertex 128 99.8 31
      vertex 117 99.8 31
    endloop
  endfacet
  facet normal 0 1 0
    outer loop
      vertex 128 99.8 41
      vertex 154.8 99.8 47.4
      vertex 131 99.8 41
    endloop
  endfacet
  facet normal 0 1 0
    outer loop
      vertex 154.8 99.8 47.4
      vertex 131 99.8 31
      vertex 131 99.8 41
    endloop
  endfacet
  facet normal 0 1 0
    outer loop
      vertex 154.8 99.8 0
      vertex 128 99.8 31
      vertex 131 99.8 31
    endloop
  endfacet
  facet normal 0 1 0
    outer loop
      vertex 128 99.8 31
      vertex 154.8 99.8 0
      vertex 117 99.8 31
    endloop
  endfacet
  facet normal 0 1 0
    outer loop
      vertex 117 99.8 31
      vertex 154.8 99.8 0
      vertex 114 99.8 31
    endloop
  endfacet
  facet normal 0 1 0
    outer loop
      vertex 114 99.8 31
      vertex 154.8 99.8 0
      vertex 103 99.8 31
    endloop
  endfacet
  facet normal 0 1 0
    outer loop
      vertex 103 99.8 31
      vertex 154.8 99.8 0
      vertex 100 99.8 31
    endloop
  endfacet
  facet normal 0 1 0
    outer loop
      vertex 100 99.8 31
      vertex 154.8 99.8 0
      vertex 89 99.8 31
    endloop
  endfacet
  facet normal 0 1 0
    outer loop
      vertex 89 99.8 31
      vertex 154.8 99.8 0
      vertex 86 99.8 31
    endloop
  endfacet
  facet normal 0 1 0
    outer loop
      vertex 86 99.8 31
      vertex 154.8 99.8 0
      vertex 75 99.8 31
    endloop
  endfacet
  facet normal 0 1 0
    outer loop
      vertex 0 99.8 0
      vertex 75 99.8 31
      vertex 154.8 99.8 0
    endloop
  endfacet
  facet normal 0 1 0
    outer loop
      vertex 75 99.8 31
      vertex 0 99.8 0
      vertex 72 99.8 31
    endloop
  endfacet
  facet normal 0 1 0
    outer loop
      vertex 72 99.8 31
      vertex 0 99.8 0
      vertex 61 99.8 31
    endloop
  endfacet
  facet normal 0 1 0
    outer loop
      vertex 61 99.8 31
      vertex 0 99.8 0
      vertex 58 99.8 31
    endloop
  endfacet
  facet normal 0 1 0
    outer loop
      vertex 58 99.8 31
      vertex 0 99.8 0
      vertex 47 99.8 31
    endloop
  endfacet
  facet normal 0 1 0
    outer loop
      vertex 47 99.8 31
      vertex 0 99.8 0
      vertex 44 99.8 31
    endloop
  endfacet
  facet normal 0 1 0
    outer loop
      vertex 44 99.8 31
      vertex 0 99.8 0
      vertex 33 99.8 31
    endloop
  endfacet
  facet normal 0 1 -0
    outer loop
      vertex 154.8 99.8 0
      vertex 131 99.8 31
      vertex 154.8 99.8 47.4
    endloop
  endfacet
  facet normal 0 1 0
    outer loop
      vertex 117 99.8 41
      vertex 154.8 99.8 47.4
      vertex 128 99.8 41
    endloop
  endfacet
  facet normal 0 1 0
    outer loop
      vertex 114 99.8 41
      vertex 154.8 99.8 47.4
      vertex 117 99.8 41
    endloop
  endfacet
  facet normal 0 1 0
    outer loop
      vertex 103 99.8 41
      vertex 154.8 99.8 47.4
      vertex 114 99.8 41
    endloop
  endfacet
  facet normal 0 1 0
    outer loop
      vertex 100 99.8 41
      vertex 154.8 99.8 47.4
      vertex 103 99.8 41
    endloop
  endfacet
  facet normal 0 1 0
    outer loop
      vertex 89 99.8 41
      vertex 154.8 99.8 47.4
      vertex 100 99.8 41
    endloop
  endfacet
  facet normal 0 1 0
    outer loop
      vertex 86 99.8 41
      vertex 154.8 99.8 47.4
      vertex 89 99.8 41
    endloop
  endfacet
  facet normal 0 1 0
    outer loop
      vertex 154.8 99.8 47.4
      vertex 86 99.8 41
      vertex 0 99.8 47.4
    endloop
  endfacet
  facet normal 0 1 -0
    outer loop
      vertex 75 99.8 41
      vertex 0 99.8 47.4
      vertex 86 99.8 41
    endloop
  endfacet
  facet normal 0 1 -0
    outer loop
      vertex 72 99.8 41
      vertex 0 99.8 47.4
      vertex 75 99.8 41
    endloop
  endfacet
  facet normal 0 1 -0
    outer loop
      vertex 61 99.8 41
      vertex 0 99.8 47.4
      vertex 72 99.8 41
    endloop
  endfacet
  facet normal 0 1 -0
    outer loop
      vertex 58 99.8 41
      vertex 0 99.8 47.4
      vertex 61 99.8 41
    endloop
  endfacet
  facet normal 0 1 -0
    outer loop
      vertex 47 99.8 41
      vertex 0 99.8 47.4
      vertex 58 99.8 41
    endloop
  endfacet
  facet normal 0 1 -0
    outer loop
      vertex 44 99.8 41
      vertex 0 99.8 47.4
      vertex 47 99.8 41
    endloop
  endfacet
  facet normal 0 1 -0
    outer loop
      vertex 33 99.8 41
      vertex 0 99.8 47.4
      vertex 44 99.8 41
    endloop
  endfacet
  facet normal 0 1 -0
    outer loop
      vertex 30 99.8 41
      vertex 0 99.8 47.4
      vertex 33 99.8 41
    endloop
  endfacet
  facet normal 0 1 -0
    outer loop
      vertex 30 99.8 31
      vertex 0 99.8 47.4
      vertex 30 99.8 41
    endloop
  endfacet
  facet normal 0 1 0
    outer loop
      vertex 30 99.8 31
      vertex 0 99.8 0
      vertex 0 99.8 47.4
    endloop
  endfacet
  facet normal 0 1 0
    outer loop
      vertex 33 99.8 31
      vertex 0 99.8 0
      vertex 30 99.8 31
    endloop
  endfacet
  facet normal 0 0 -1
    outer loop
      vertex 0 0 0
      vertex 154.8 99.8 0
      vertex 154.8 0 0
    endloop
  endfacet
  facet normal -0 0 -1
    outer loop
      vertex 154.8 99.8 0
      vertex 0 0 0
      vertex 0 99.8 0
    endloop
  endfacet
  facet normal 0 -1 0
    outer loop
      vertex 107 0 2.4
      vertex 130 0 11.4
      vertex 107 0 11.4
    endloop
  endfacet
  facet normal 0 -1 -0
    outer loop
      vertex 130 0 11.4
      vertex 107 0 2.4
      vertex 130 0 2.4
    endloop
  endfacet
  facet normal 0 -1 0
    outer loop
      vertex 72 0 2.4
      vertex 95 0 11.4
      vertex 72 0 11.4
    endloop
  endfacet
  facet normal 0 -1 -0
    outer loop
      vertex 95 0 11.4
      vertex 72 0 2.4
      vertex 95 0 2.4
    endloop
  endfacet
  facet normal 0 -1 0
    outer loop
      vertex 37 0 2.4
      vertex 60 0 11.4
      vertex 37 0 11.4
    endloop
  endfacet
  facet normal 0 -1 -0
    outer loop
      vertex 60 0 11.4
      vertex 37 0 2.4
      vertex 60 0 2.4
    endloop
  endfacet
  facet normal 0 -1 0
    outer loop
      vertex 37 0 11.4
      vertex 0 0 47.4
      vertex 25 0 11.4
    endloop
  endfacet
  facet normal 0 -1 0
    outer loop
      vertex 0 0 0
      vertex 25 0 11.4
      vertex 0 0 47.4
    endloop
  endfacet
  facet normal 0 -1 0
    outer loop
      vertex 0 0 0
      vertex 37 0 2.4
      vertex 25 0 2.4
    endloop
  endfacet
  facet normal 0 -1 -0
    outer loop
      vertex 37 0 2.4
      vertex 0 0 0
      vertex 60 0 2.4
    endloop
  endfacet
  facet normal 0 -1 -0
    outer loop
      vertex 60 0 2.4
      vertex 0 0 0
      vertex 72 0 2.4
    endloop
  endfacet
  facet normal 0 -1 -0
    outer loop
      vertex 72 0 2.4
      vertex 0 0 0
      vertex 95 0 2.4
    endloop
  endfacet
  facet normal 0 -1 0
    outer loop
      vertex 154.8 0 0
      vertex 95 0 2.4
      vertex 0 0 0
    endloop
  endfacet
  facet normal 0 -1 0
    outer loop
      vertex 107 0 2.4
      vertex 154.8 0 0
      vertex 130 0 2.4
    endloop
  endfacet
  facet normal 0 -1 0
    outer loop
      vertex 95 0 2.4
      vertex 154.8 0 0
      vertex 107 0 2.4
    endloop
  endfacet
  facet normal 0 -1 -0
    outer loop
      vertex 25 0 11.4
      vertex 0 0 0
      vertex 25 0 2.4
    endloop
  endfacet
  facet normal 0 -1 0
    outer loop
      vertex 60 0 11.4
      vertex 0 0 47.4
      vertex 37 0 11.4
    endloop
  endfacet
  facet normal 0 -1 0
    outer loop
      vertex 72 0 11.4
      vertex 0 0 47.4
      vertex 60 0 11.4
    endloop
  endfacet
  facet normal 0 -1 0
    outer loop
      vertex 0 0 47.4
      vertex 72 0 11.4
      vertex 154.8 0 47.4
    endloop
  endfacet
  facet normal 0 -1 0
    outer loop
      vertex 95 0 11.4
      vertex 154.8 0 47.4
      vertex 72 0 11.4
    endloop
  endfacet
  facet normal 0 -1 0
    outer loop
      vertex 107 0 11.4
      vertex 154.8 0 47.4
      vertex 95 0 11.4
    endloop
  endfacet
  facet normal 0 -1 0
    outer loop
      vertex 130 0 11.4
      vertex 154.8 0 47.4
      vertex 107 0 11.4
    endloop
  endfacet
  facet normal 0 -1 0
    outer loop
      vertex 142 0 11.4
      vertex 154.8 0 47.4
      vertex 130 0 11.4
    endloop
  endfacet
  facet normal 0 -1 0
    outer loop
      vertex 154.8 0 0
      vertex 142 0 11.4
      vertex 142 0 2.4
    endloop
  endfacet
  facet normal 0 -1 0
    outer loop
      vertex 142 0 11.4
      vertex 154.8 0 0
      vertex 154.8 0 47.4
    endloop
  endfacet
  facet normal 0 -1 0
    outer loop
      vertex 130 0 2.4
      vertex 154.8 0 0
      vertex 142 0 2.4
    endloop
  endfacet
  facet normal 1 -0 0
    outer loop
      vertex 2.4 2.4 47.4
      vertex 2.4 97.4 2.4
      vertex 2.4 97.4 47.4
    endloop
  endfacet
  facet normal 1 0 0
    outer loop
      vertex 2.4 97.4 2.4
      vertex 2.4 2.4 47.4
      vertex 2.4 2.4 2.4
    endloop
  endfacet
  facet normal -1 0 0
    outer loop
      vertex 152.4 2.4 2.4
      vertex 152.4 97.4 47.4
      vertex 152.4 97.4 2.4
    endloop
  endfacet
  facet normal -1 -0 0
    outer loop
      vertex 152.4 97.4 47.4
      vertex 152.4 2.4 2.4
      vertex 152.4 2.4 47.4
    endloop
  endfacet
  facet normal 0 0 1
    outer loop
      vertex 152.4 97.4 2.4
      vertex 142 2.4 2.4
      vertex 152.4 2.4 2.4
    endloop
  endfacet
  facet normal 0 0 1
    outer loop
      vertex 142 2.4 2.4
      vertex 130 2.4 2.4
      vertex 142 0 2.4
    endloop
  endfacet
  facet normal 0 0 1
    outer loop
      vertex 152.4 97.4 2.4
      vertex 130 2.4 2.4
      vertex 142 2.4 2.4
    endloop
  endfacet
  facet normal 0 0 1
    outer loop
      vertex 152.4 97.4 2.4
      vertex 107 2.4 2.4
      vertex 130 2.4 2.4
    endloop
  endfacet
  facet normal 0 0 1
    outer loop
      vertex 107 2.4 2.4
      vertex 95 2.4 2.4
      vertex 107 0 2.4
    endloop
  endfacet
  facet normal 0 0 1
    outer loop
      vertex 152.4 97.4 2.4
      vertex 95 2.4 2.4
      vertex 107 2.4 2.4
    endloop
  endfacet
  facet normal 0 0 1
    outer loop
      vertex 152.4 97.4 2.4
      vertex 72 2.4 2.4
      vertex 95 2.4 2.4
    endloop
  endfacet
  facet normal 0 0 1
    outer loop
      vertex 72 2.4 2.4
      vertex 60 2.4 2.4
      vertex 72 0 2.4
    endloop
  endfacet
  facet normal -0 0 1
    outer loop
      vertex 2.4 97.4 2.4
      vertex 72 2.4 2.4
      vertex 152.4 97.4 2.4
    endloop
  endfacet
  facet normal 0 0 1
    outer loop
      vertex 72 2.4 2.4
      vertex 2.4 97.4 2.4
      vertex 60 2.4 2.4
    endloop
  endfacet
  facet normal 0 0 1
    outer loop
      vertex 37 2.4 2.4
      vertex 25 2.4 2.4
      vertex 37 0 2.4
    endloop
  endfacet
  facet normal 0 0 1
    outer loop
      vertex 60 2.4 2.4
      vertex 2.4 97.4 2.4
      vertex 37 2.4 2.4
    endloop
  endfacet
  facet normal 0 0 1
    outer loop
      vertex 37 2.4 2.4
      vertex 2.4 97.4 2.4
      vertex 25 2.4 2.4
    endloop
  endfacet
  facet normal 0 0 1
    outer loop
      vertex 25 2.4 2.4
      vertex 2.4 97.4 2.4
      vertex 2.4 2.4 2.4
    endloop
  endfacet
  facet normal 0 0 1
    outer loop
      vertex 142 0 2.4
      vertex 130 2.4 2.4
      vertex 130 0 2.4
    endloop
  endfacet
  facet normal 0 0 1
    outer loop
      vertex 107 0 2.4
      vertex 95 2.4 2.4
      vertex 95 0 2.4
    endloop
  endfacet
  facet normal 0 0 1
    outer loop
      vertex 72 0 2.4
      vertex 60 2.4 2.4
      vertex 60 0 2.4
    endloop
  endfacet
  facet normal 0 0 1
    outer loop
      vertex 37 0 2.4
      vertex 25 2.4 2.4
      vertex 25 0 2.4
    endloop
  endfacet
  facet normal 0 1 -0
    outer loop
      vertex 60 2.4 2.4
      vertex 37 2.4 11.4
      vertex 60 2.4 11.4
    endloop
  endfacet
  facet normal 0 1 0
    outer loop
      vertex 37 2.4 11.4
      vertex 60 2.4 2.4
      vertex 37 2.4 2.4
    endloop
  endfacet
  facet normal 0 1 -0
    outer loop
      vertex 95 2.4 2.4
      vertex 72 2.4 11.4
      vertex 95 2.4 11.4
    endloop
  endfacet
  facet normal 0 1 0
    outer loop
      vertex 72 2.4 11.4
      vertex 95 2.4 2.4
      vertex 72 2.4 2.4
    endloop
  endfacet
  facet normal 0 1 -0
    outer loop
      vertex 130 2.4 2.4
      vertex 107 2.4 11.4
      vertex 130 2.4 11.4
    endloop
  endfacet
  facet normal 0 1 0
    outer loop
      vertex 107 2.4 11.4
      vertex 130 2.4 2.4
      vertex 107 2.4 2.4
    endloop
  endfacet
  facet normal 0 1 0
    outer loop
      vertex 130 2.4 11.4
      vertex 152.4 2.4 47.4
      vertex 142 2.4 11.4
    endloop
  endfacet
  facet normal 0 1 -0
    outer loop
      vertex 152.4 2.4 2.4
      vertex 142 2.4 11.4
      vertex 152.4 2.4 47.4
    endloop
  endfacet
  facet normal 0 1 0
    outer loop
      vertex 142 2.4 11.4
      vertex 152.4 2.4 2.4
      vertex 142 2.4 2.4
    endloop
  endfacet
  facet normal 0 1 0
    outer loop
      vertex 107 2.4 11.4
      vertex 152.4 2.4 47.4
      vertex 130 2.4 11.4
    endloop
  endfacet
  facet normal 0 1 0
    outer loop
      vertex 95 2.4 11.4
      vertex 152.4 2.4 47.4
      vertex 107 2.4 11.4
    endloop
  endfacet
  facet normal 0 1 0
    outer loop
      vertex 72 2.4 11.4
      vertex 152.4 2.4 47.4
      vertex 95 2.4 11.4
    endloop
  endfacet
  facet normal 0 1 0
    outer loop
      vertex 152.4 2.4 47.4
      vertex 72 2.4 11.4
      vertex 2.4 2.4 47.4
    endloop
  endfacet
  facet normal 0 1 -0
    outer loop
      vertex 60 2.4 11.4
      vertex 2.4 2.4 47.4
      vertex 72 2.4 11.4
    endloop
  endfacet
  facet normal 0 1 -0
    outer loop
      vertex 37 2.4 11.4
      vertex 2.4 2.4 47.4
      vertex 60 2.4 11.4
    endloop
  endfacet
  facet normal 0 1 -0
    outer loop
      vertex 25 2.4 11.4
      vertex 2.4 2.4 47.4
      vertex 37 2.4 11.4
    endloop
  endfacet
  facet normal 0 1 0
    outer loop
      vertex 2.4 2.4 2.4
      vertex 25 2.4 11.4
      vertex 25 2.4 2.4
    endloop
  endfacet
  facet normal 0 1 0
    outer loop
      vertex 25 2.4 11.4
      vertex 2.4 2.4 2.4
      vertex 2.4 2.4 47.4
    endloop
  endfacet
  facet normal 0 -1 0
    outer loop
      vertex 117 97.4 31
      vertex 128 97.4 41
      vertex 117 97.4 41
    endloop
  endfacet
  facet normal 0 -1 -0
    outer loop
      vertex 128 97.4 41
      vertex 117 97.4 31
      vertex 128 97.4 31
    endloop
  endfacet
  facet normal 0 -1 0
    outer loop
      vertex 103 97.4 31
      vertex 114 97.4 41
      vertex 103 97.4 41
    endloop
  endfacet
  facet normal 0 -1 -0
    outer loop
      vertex 114 97.4 41
      vertex 103 97.4 31
      vertex 114 97.4 31
    endloop
  endfacet
  facet normal 0 -1 0
    outer loop
      vertex 89 97.4 31
      vertex 100 97.4 41
      vertex 89 97.4 41
    endloop
  endfacet
  facet normal 0 -1 -0
    outer loop
      vertex 100 97.4 41
      vertex 89 97.4 31
      vertex 100 97.4 31
    endloop
  endfacet
  facet normal 0 -1 0
    outer loop
      vertex 75 97.4 31
      vertex 86 97.4 41
      vertex 75 97.4 41
    endloop
  endfacet
  facet normal 0 -1 -0
    outer loop
      vertex 86 97.4 41
      vertex 75 97.4 31
      vertex 86 97.4 31
    endloop
  endfacet
  facet normal 0 -1 0
    outer loop
      vertex 61 97.4 31
      vertex 72 97.4 41
      vertex 61 97.4 41
    endloop
  endfacet
  facet normal 0 -1 -0
    outer loop
      vertex 72 97.4 41
      vertex 61 97.4 31
      vertex 72 97.4 31
    endloop
  endfacet
  facet normal 0 -1 0
    outer loop
      vertex 47 97.4 31
      vertex 58 97.4 41
      vertex 47 97.4 41
    endloop
  endfacet
  facet normal 0 -1 -0
    outer loop
      vertex 58 97.4 41
      vertex 47 97.4 31
      vertex 58 97.4 31
    endloop
  endfacet
  facet normal 0 -1 0
    outer loop
      vertex 33 97.4 31
      vertex 44 97.4 41
      vertex 33 97.4 41
    endloop
  endfacet
  facet normal 0 -1 -0
    outer loop
      vertex 44 97.4 41
      vertex 33 97.4 31
      vertex 44 97.4 31
    endloop
  endfacet
  facet normal 0 -1 0
    outer loop
      vertex 33 97.4 41
      vertex 2.4 97.4 47.4
      vertex 30 97.4 41
    endloop
  endfacet
  facet normal 0 -1 0
    outer loop
      vertex 2.4 97.4 47.4
      vertex 30 97.4 31
      vertex 30 97.4 41
    endloop
  endfacet
  facet normal 0 -1 0
    outer loop
      vertex 2.4 97.4 2.4
      vertex 33 97.4 31
      vertex 30 97.4 31
    endloop
  endfacet
  facet normal 0 -1 -0
    outer loop
      vertex 33 97.4 31
      vertex 2.4 97.4 2.4
      vertex 44 97.4 31
    endloop
  endfacet
  facet normal 0 -1 -0
    outer loop
      vertex 44 97.4 31
      vertex 2.4 97.4 2.4
      vertex 47 97.4 31
    endloop
  endfacet
  facet normal 0 -1 -0
    outer loop
      vertex 47 97.4 31
      vertex 2.4 97.4 2.4
      vertex 58 97.4 31
    endloop
  endfacet
  facet normal 0 -1 -0
    outer loop
      vertex 58 97.4 31
      vertex 2.4 97.4 2.4
      vertex 61 97.4 31
    endloop
  endfacet
  facet normal 0 -1 -0
    outer loop
      vertex 61 97.4 31
      vertex 2.4 97.4 2.4
      vertex 72 97.4 31
    endloop
  endfacet
  facet normal 0 -1 -0
    outer loop
      vertex 72 97.4 31
      vertex 2.4 97.4 2.4
      vertex 75 97.4 31
    endloop
  endfacet
  facet normal 0 -1 0
    outer loop
      vertex 152.4 97.4 2.4
      vertex 75 97.4 31
      vertex 2.4 97.4 2.4
    endloop
  endfacet
  facet normal 0 -1 0
    outer loop
      vertex 75 97.4 31
      vertex 152.4 97.4 2.4
      vertex 86 97.4 31
    endloop
  endfacet
  facet normal 0 -1 0
    outer loop
      vertex 86 97.4 31
      vertex 152.4 97.4 2.4
      vertex 89 97.4 31
    endloop
  endfacet
  facet normal 0 -1 0
    outer loop
      vertex 89 97.4 31
      vertex 152.4 97.4 2.4
      vertex 100 97.4 31
    endloop
  endfacet
  facet normal 0 -1 0
    outer loop
      vertex 100 97.4 31
      vertex 152.4 97.4 2.4
      vertex 103 97.4 31
    endloop
  endfacet
  facet normal 0 -1 0
    outer loop
      vertex 103 97.4 31
      vertex 152.4 97.4 2.4
      vertex 114 97.4 31
    endloop
  endfacet
  facet normal 0 -1 0
    outer loop
      vertex 117 97.4 31
      vertex 152.4 97.4 2.4
      vertex 128 97.4 31
    endloop
  endfacet
  facet normal 0 -1 0
    outer loop
      vertex 114 97.4 31
      vertex 152.4 97.4 2.4
      vertex 117 97.4 31
    endloop
  endfacet
  facet normal 0 -1 0
    outer loop
      vertex 2.4 97.4 2.4
      vertex 30 97.4 31
      vertex 2.4 97.4 47.4
    endloop
  endfacet
  facet normal 0 -1 0
    outer loop
      vertex 44 97.4 41
      vertex 2.4 97.4 47.4
      vertex 33 97.4 41
    endloop
  endfacet
  facet normal 0 -1 0
    outer loop
      vertex 47 97.4 41
      vertex 2.4 97.4 47.4
      vertex 44 97.4 41
    endloop
  endfacet
  facet normal 0 -1 0
    outer loop
      vertex 58 97.4 41
      vertex 2.4 97.4 47.4
      vertex 47 97.4 41
    endloop
  endfacet
  facet normal 0 -1 0
    outer loop
      vertex 61 97.4 41
      vertex 2.4 97.4 47.4
      vertex 58 97.4 41
    endloop
  endfacet
  facet normal 0 -1 0
    outer loop
      vertex 72 97.4 41
      vertex 2.4 97.4 47.4
      vertex 61 97.4 41
    endloop
  endfacet
  facet normal 0 -1 0
    outer loop
      vertex 2.4 97.4 47.4
      vertex 72 97.4 41
      vertex 152.4 97.4 47.4
    endloop
  endfacet
  facet normal 0 -1 0
    outer loop
      vertex 75 97.4 41
      vertex 152.4 97.4 47.4
      vertex 72 97.4 41
    endloop
  endfacet
  facet normal 0 -1 0
    outer loop
      vertex 86 97.4 41
      vertex 152.4 97.4 47.4
      vertex 75 97.4 41
    endloop
  endfacet
  facet normal 0 -1 0
    outer loop
      vertex 89 97.4 41
      vertex 152.4 97.4 47.4
      vertex 86 97.4 41
    endloop
  endfacet
  facet normal 0 -1 0
    outer loop
      vertex 100 97.4 41
      vertex 152.4 97.4 47.4
      vertex 89 97.4 41
    endloop
  endfacet
  facet normal 0 -1 0
    outer loop
      vertex 103 97.4 41
      vertex 152.4 97.4 47.4
      vertex 100 97.4 41
    endloop
  endfacet
  facet normal 0 -1 0
    outer loop
      vertex 114 97.4 41
      vertex 152.4 97.4 47.4
      vertex 103 97.4 41
    endloop
  endfacet
  facet normal 0 -1 0
    outer loop
      vertex 117 97.4 41
      vertex 152.4 97.4 47.4
      vertex 114 97.4 41
    endloop
  endfacet
  facet normal 0 -1 0
    outer loop
      vertex 128 97.4 41
      vertex 152.4 97.4 47.4
      vertex 117 97.4 41
    endloop
  endfacet
  facet normal 0 -1 0
    outer loop
      vertex 131 97.4 41
      vertex 152.4 97.4 47.4
      vertex 128 97.4 41
    endloop
  endfacet
  facet normal 0 -1 0
    outer loop
      vertex 131 97.4 31
      vertex 152.4 97.4 47.4
      vertex 131 97.4 41
    endloop
  endfacet
  facet normal 0 -1 0
    outer loop
      vertex 131 97.4 31
      vertex 152.4 97.4 2.4
      vertex 152.4 97.4 47.4
    endloop
  endfacet
  facet normal 0 -1 0
    outer loop
      vertex 128 97.4 31
      vertex 152.4 97.4 2.4
      vertex 131 97.4 31
    endloop
  endfacet
  facet normal 0.659278 0.7519 -0
    outer loop
      vertex 16.8749 18.8749 2.4
      vertex 16.5307 19.1767 6.4
      vertex 16.8749 18.8749 6.4
    endloop
  endfacet
  facet normal 0.659278 0.7519 0
    outer loop
      vertex 16.5307 19.1767 6.4
      vertex 16.8749 18.8749 2.4
      vertex 16.5307 19.1767 2.4
    endloop
  endfacet
  facet normal -0.946966 0.321335 0
    outer loop
      vertex 11.0193 17.3059 2.4
      vertex 11.1664 17.7394 6.4
      vertex 11.1664 17.7394 2.4
    endloop
  endfacet
  facet normal -0.946966 0.321335 0
    outer loop
      vertex 11.1664 17.7394 6.4
      vertex 11.0193 17.3059 2.4
      vertex 11.0193 17.3059 6.4
    endloop
  endfacet
  facet normal 0.997865 -0.0653156 0
    outer loop
      vertex 17.8701 15.9432 6.4
      vertex 17.9 16.4 2.4
      vertex 17.9 16.4 6.4
    endloop
  endfacet
  facet normal 0.997865 -0.0653156 0
    outer loop
      vertex 17.9 16.4 2.4
      vertex 17.8701 15.9432 6.4
      vertex 17.8701 15.9432 2.4
    endloop
  endfacet
  facet normal -0.321335 -0.946966 0
    outer loop
      vertex 13.0606 13.1664 2.4
      vertex 13.4941 13.0193 6.4
      vertex 13.0606 13.1664 6.4
    endloop
  endfacet
  facet normal -0.321335 -0.946966 -0
    outer loop
      vertex 13.4941 13.0193 6.4
      vertex 13.0606 13.1664 2.4
      vertex 13.4941 13.0193 2.4
    endloop
  endfacet
  facet normal 0.555607 0.831445 -0
    outer loop
      vertex 16.5307 19.1767 2.4
      vertex 16.15 19.4311 6.4
      vertex 16.5307 19.1767 6.4
    endloop
  endfacet
  facet normal 0.555607 0.831445 0
    outer loop
      vertex 16.15 19.4311 6.4
      vertex 16.5307 19.1767 2.4
      vertex 16.15 19.4311 2.4
    endloop
  endfacet
  facet normal -0.321335 0.946966 0
    outer loop
      vertex 13.4941 19.7807 2.4
      vertex 13.0606 19.6336 6.4
      vertex 13.4941 19.7807 6.4
    endloop
  endfacet
  facet normal -0.321335 0.946966 0
    outer loop
      vertex 13.0606 19.6336 6.4
      vertex 13.4941 19.7807 2.4
      vertex 13.0606 19.6336 2.4
    endloop
  endfacet
  facet normal -0.89686 0.442314 0
    outer loop
      vertex 11.1664 17.7394 2.4
      vertex 11.3689 18.15 6.4
      vertex 11.3689 18.15 2.4
    endloop
  endfacet
  facet normal -0.89686 0.442314 0
    outer loop
      vertex 11.3689 18.15 6.4
      vertex 11.1664 17.7394 2.4
      vertex 11.1664 17.7394 6.4
    endloop
  endfacet
  facet normal -0.89686 -0.442314 0
    outer loop
      vertex 11.3689 14.65 2.4
      vertex 11.1664 15.0606 6.4
      vertex 11.1664 15.0606 2.4
    endloop
  endfacet
  facet normal -0.89686 -0.442314 0
    outer loop
      vertex 11.1664 15.0606 6.4
      vertex 11.3689 14.65 2.4
      vertex 11.3689 14.65 6.4
    endloop
  endfacet
  facet normal 0.946966 0.321335 0
    outer loop
      vertex 17.7807 17.3059 6.4
      vertex 17.6336 17.7394 2.4
      vertex 17.6336 17.7394 6.4
    endloop
  endfacet
  facet normal 0.946966 0.321335 0
    outer loop
      vertex 17.6336 17.7394 2.4
      vertex 17.7807 17.3059 6.4
      vertex 17.7807 17.3059 2.4
    endloop
  endfacet
  facet normal 0.831445 0.555607 0
    outer loop
      vertex 17.4311 18.15 6.4
      vertex 17.1767 18.5307 2.4
      vertex 17.1767 18.5307 6.4
    endloop
  endfacet
  facet normal 0.831445 0.555607 0
    outer loop
      vertex 17.1767 18.5307 2.4
      vertex 17.4311 18.15 6.4
      vertex 17.4311 18.15 2.4
    endloop
  endfacet
  facet normal 0.7519 0.659278 0
    outer loop
      vertex 17.1767 18.5307 6.4
      vertex 16.8749 18.8749 2.4
      vertex 16.8749 18.8749 6.4
    endloop
  endfacet
  facet normal 0.7519 0.659278 0
    outer loop
      vertex 16.8749 18.8749 2.4
      vertex 17.1767 18.5307 6.4
      vertex 17.1767 18.5307 2.4
    endloop
  endfacet
  facet normal 0.442314 0.89686 -0
    outer loop
      vertex 16.15 19.4311 2.4
      vertex 15.7394 19.6336 6.4
      vertex 16.15 19.4311 6.4
    endloop
  endfacet
  facet normal 0.442314 0.89686 0
    outer loop
      vertex 15.7394 19.6336 6.4
      vertex 16.15 19.4311 2.4
      vertex 15.7394 19.6336 2.4
    endloop
  endfacet
  facet normal 0.321335 0.946966 -0
    outer loop
      vertex 15.7394 19.6336 2.4
      vertex 15.3059 19.7807 6.4
      vertex 15.7394 19.6336 6.4
    endloop
  endfacet
  facet normal 0.321335 0.946966 0
    outer loop
      vertex 15.3059 19.7807 6.4
      vertex 15.7394 19.6336 2.4
      vertex 15.3059 19.7807 2.4
    endloop
  endfacet
  facet normal -0.7519 0.659278 0
    outer loop
      vertex 11.6233 18.5307 2.4
      vertex 11.9251 18.8749 6.4
      vertex 11.9251 18.8749 2.4
    endloop
  endfacet
  facet normal -0.7519 0.659278 0
    outer loop
      vertex 11.9251 18.8749 6.4
      vertex 11.6233 18.5307 2.4
      vertex 11.6233 18.5307 6.4
    endloop
  endfacet
  facet normal -0.442314 0.89686 0
    outer loop
      vertex 13.0606 19.6336 2.4
      vertex 12.65 19.4311 6.4
      vertex 13.0606 19.6336 6.4
    endloop
  endfacet
  facet normal -0.442314 0.89686 0
    outer loop
      vertex 12.65 19.4311 6.4
      vertex 13.0606 19.6336 2.4
      vertex 12.65 19.4311 2.4
    endloop
  endfacet
  facet normal -0.555607 0.831445 0
    outer loop
      vertex 12.65 19.4311 2.4
      vertex 12.2693 19.1767 6.4
      vertex 12.65 19.4311 6.4
    endloop
  endfacet
  facet normal -0.555607 0.831445 0
    outer loop
      vertex 12.2693 19.1767 6.4
      vertex 12.65 19.4311 2.4
      vertex 12.2693 19.1767 2.4
    endloop
  endfacet
  facet normal 0.997865 0.0653156 0
    outer loop
      vertex 17.9 16.4 6.4
      vertex 17.8701 16.8568 2.4
      vertex 17.8701 16.8568 6.4
    endloop
  endfacet
  facet normal 0.997865 0.0653156 0
    outer loop
      vertex 17.8701 16.8568 2.4
      vertex 17.9 16.4 6.4
      vertex 17.9 16.4 2.4
    endloop
  endfacet
  facet normal 0.321335 -0.946966 0
    outer loop
      vertex 15.3059 13.0193 2.4
      vertex 15.7394 13.1664 6.4
      vertex 15.3059 13.0193 6.4
    endloop
  endfacet
  facet normal 0.321335 -0.946966 0
    outer loop
      vertex 15.7394 13.1664 6.4
      vertex 15.3059 13.0193 2.4
      vertex 15.7394 13.1664 2.4
    endloop
  endfacet
  facet normal 0.89686 -0.442314 0
    outer loop
      vertex 17.4311 14.65 6.4
      vertex 17.6336 15.0606 2.4
      vertex 17.6336 15.0606 6.4
    endloop
  endfacet
  facet normal 0.89686 -0.442314 0
    outer loop
      vertex 17.6336 15.0606 2.4
      vertex 17.4311 14.65 6.4
      vertex 17.4311 14.65 2.4
    endloop
  endfacet
  facet normal 0.659278 -0.7519 0
    outer loop
      vertex 16.5307 13.6233 2.4
      vertex 16.8749 13.9251 6.4
      vertex 16.5307 13.6233 6.4
    endloop
  endfacet
  facet normal 0.659278 -0.7519 0
    outer loop
      vertex 16.8749 13.9251 6.4
      vertex 16.5307 13.6233 2.4
      vertex 16.8749 13.9251 2.4
    endloop
  endfacet
  facet normal 0.442314 -0.89686 0
    outer loop
      vertex 15.7394 13.1664 2.4
      vertex 16.15 13.3689 6.4
      vertex 15.7394 13.1664 6.4
    endloop
  endfacet
  facet normal 0.442314 -0.89686 0
    outer loop
      vertex 16.15 13.3689 6.4
      vertex 15.7394 13.1664 2.4
      vertex 16.15 13.3689 2.4
    endloop
  endfacet
  facet normal -0.0653156 -0.997865 0
    outer loop
      vertex 13.9432 12.9299 2.4
      vertex 14.4 12.9 6.4
      vertex 13.9432 12.9299 6.4
    endloop
  endfacet
  facet normal -0.0653156 -0.997865 -0
    outer loop
      vertex 14.4 12.9 6.4
      vertex 13.9432 12.9299 2.4
      vertex 14.4 12.9 2.4
    endloop
  endfacet
  facet normal -0.442314 -0.89686 0
    outer loop
      vertex 12.65 13.3689 2.4
      vertex 13.0606 13.1664 6.4
      vertex 12.65 13.3689 6.4
    endloop
  endfacet
  facet normal -0.442314 -0.89686 -0
    outer loop
      vertex 13.0606 13.1664 6.4
      vertex 12.65 13.3689 2.4
      vertex 13.0606 13.1664 2.4
    endloop
  endfacet
  facet normal -0.980757 -0.195234 0
    outer loop
      vertex 11.0193 15.4941 2.4
      vertex 10.9299 15.9432 6.4
      vertex 10.9299 15.9432 2.4
    endloop
  endfacet
  facet normal -0.980757 -0.195234 0
    outer loop
      vertex 10.9299 15.9432 6.4
      vertex 11.0193 15.4941 2.4
      vertex 11.0193 15.4941 6.4
    endloop
  endfacet
  facet normal 0.980757 0.195234 0
    outer loop
      vertex 17.8701 16.8568 6.4
      vertex 17.7807 17.3059 2.4
      vertex 17.7807 17.3059 6.4
    endloop
  endfacet
  facet normal 0.980757 0.195234 0
    outer loop
      vertex 17.7807 17.3059 2.4
      vertex 17.8701 16.8568 6.4
      vertex 17.8701 16.8568 2.4
    endloop
  endfacet
  facet normal 0.89686 0.442314 0
    outer loop
      vertex 17.6336 17.7394 6.4
      vertex 17.4311 18.15 2.4
      vertex 17.4311 18.15 6.4
    endloop
  endfacet
  facet normal 0.89686 0.442314 0
    outer loop
      vertex 17.4311 18.15 2.4
      vertex 17.6336 17.7394 6.4
      vertex 17.6336 17.7394 2.4
    endloop
  endfacet
  facet normal 0.0653156 0.997865 -0
    outer loop
      vertex 14.8568 19.8701 2.4
      vertex 14.4 19.9 6.4
      vertex 14.8568 19.8701 6.4
    endloop
  endfacet
  facet normal 0.0653156 0.997865 0
    outer loop
      vertex 14.4 19.9 6.4
      vertex 14.8568 19.8701 2.4
      vertex 14.4 19.9 2.4
    endloop
  endfacet
  facet normal -0.997865 0.0653156 0
    outer loop
      vertex 10.9 16.4 2.4
      vertex 10.9299 16.8568 6.4
      vertex 10.9299 16.8568 2.4
    endloop
  endfacet
  facet normal -0.997865 0.0653156 0
    outer loop
      vertex 10.9299 16.8568 6.4
      vertex 10.9 16.4 2.4
      vertex 10.9 16.4 6.4
    endloop
  endfacet
  facet normal -0.831445 0.555607 0
    outer loop
      vertex 11.3689 18.15 2.4
      vertex 11.6233 18.5307 6.4
      vertex 11.6233 18.5307 2.4
    endloop
  endfacet
  facet normal -0.831445 0.555607 0
    outer loop
      vertex 11.6233 18.5307 6.4
      vertex 11.3689 18.15 2.4
      vertex 11.3689 18.15 6.4
    endloop
  endfacet
  facet normal -0.0653156 0.997865 0
    outer loop
      vertex 14.4 19.9 2.4
      vertex 13.9432 19.8701 6.4
      vertex 14.4 19.9 6.4
    endloop
  endfacet
  facet normal -0.0653156 0.997865 0
    outer loop
      vertex 13.9432 19.8701 6.4
      vertex 14.4 19.9 2.4
      vertex 13.9432 19.8701 2.4
    endloop
  endfacet
  facet normal -0.195234 0.980757 0
    outer loop
      vertex 13.9432 19.8701 2.4
      vertex 13.4941 19.7807 6.4
      vertex 13.9432 19.8701 6.4
    endloop
  endfacet
  facet normal -0.195234 0.980757 0
    outer loop
      vertex 13.4941 19.7807 6.4
      vertex 13.9432 19.8701 2.4
      vertex 13.4941 19.7807 2.4
    endloop
  endfacet
  facet normal -0.659278 0.7519 0
    outer loop
      vertex 12.2693 19.1767 2.4
      vertex 11.9251 18.8749 6.4
      vertex 12.2693 19.1767 6.4
    endloop
  endfacet
  facet normal -0.659278 0.7519 0
    outer loop
      vertex 11.9251 18.8749 6.4
      vertex 12.2693 19.1767 2.4
      vertex 11.9251 18.8749 2.4
    endloop
  endfacet
  facet normal 0.0653156 -0.997865 0
    outer loop
      vertex 14.4 12.9 2.4
      vertex 14.8568 12.9299 6.4
      vertex 14.4 12.9 6.4
    endloop
  endfacet
  facet normal 0.0653156 -0.997865 0
    outer loop
      vertex 14.8568 12.9299 6.4
      vertex 14.4 12.9 2.4
      vertex 14.8568 12.9299 2.4
    endloop
  endfacet
  facet normal 0.980757 -0.195234 0
    outer loop
      vertex 17.7807 15.4941 6.4
      vertex 17.8701 15.9432 2.4
      vertex 17.8701 15.9432 6.4
    endloop
  endfacet
  facet normal 0.980757 -0.195234 0
    outer loop
      vertex 17.8701 15.9432 2.4
      vertex 17.7807 15.4941 6.4
      vertex 17.7807 15.4941 2.4
    endloop
  endfacet
  facet normal 0.831445 -0.555607 0
    outer loop
      vertex 17.1767 14.2693 6.4
      vertex 17.4311 14.65 2.4
      vertex 17.4311 14.65 6.4
    endloop
  endfacet
  facet normal 0.831445 -0.555607 0
    outer loop
      vertex 17.4311 14.65 2.4
      vertex 17.1767 14.2693 6.4
      vertex 17.1767 14.2693 2.4
    endloop
  endfacet
  facet normal 0.195234 -0.980757 0
    outer loop
      vertex 14.8568 12.9299 2.4
      vertex 15.3059 13.0193 6.4
      vertex 14.8568 12.9299 6.4
    endloop
  endfacet
  facet normal 0.195234 -0.980757 0
    outer loop
      vertex 15.3059 13.0193 6.4
      vertex 14.8568 12.9299 2.4
      vertex 15.3059 13.0193 2.4
    endloop
  endfacet
  facet normal 0.555607 -0.831445 0
    outer loop
      vertex 16.15 13.3689 2.4
      vertex 16.5307 13.6233 6.4
      vertex 16.15 13.3689 6.4
    endloop
  endfacet
  facet normal 0.555607 -0.831445 0
    outer loop
      vertex 16.5307 13.6233 6.4
      vertex 16.15 13.3689 2.4
      vertex 16.5307 13.6233 2.4
    endloop
  endfacet
  facet normal -0.195234 -0.980757 0
    outer loop
      vertex 13.4941 13.0193 2.4
      vertex 13.9432 12.9299 6.4
      vertex 13.4941 13.0193 6.4
    endloop
  endfacet
  facet normal -0.195234 -0.980757 -0
    outer loop
      vertex 13.9432 12.9299 6.4
      vertex 13.4941 13.0193 2.4
      vertex 13.9432 12.9299 2.4
    endloop
  endfacet
  facet normal -0.659278 -0.7519 0
    outer loop
      vertex 11.9251 13.9251 2.4
      vertex 12.2693 13.6233 6.4
      vertex 11.9251 13.9251 6.4
    endloop
  endfacet
  facet normal -0.659278 -0.7519 -0
    outer loop
      vertex 12.2693 13.6233 6.4
      vertex 11.9251 13.9251 2.4
      vertex 12.2693 13.6233 2.4
    endloop
  endfacet
  facet normal -0.946966 -0.321335 0
    outer loop
      vertex 11.1664 15.0606 2.4
      vertex 11.0193 15.4941 6.4
      vertex 11.0193 15.4941 2.4
    endloop
  endfacet
  facet normal -0.946966 -0.321335 0
    outer loop
      vertex 11.0193 15.4941 6.4
      vertex 11.1664 15.0606 2.4
      vertex 11.1664 15.0606 6.4
    endloop
  endfacet
  facet normal -0.997865 -0.0653156 0
    outer loop
      vertex 10.9299 15.9432 2.4
      vertex 10.9 16.4 6.4
      vertex 10.9 16.4 2.4
    endloop
  endfacet
  facet normal -0.997865 -0.0653156 0
    outer loop
      vertex 10.9 16.4 6.4
      vertex 10.9299 15.9432 2.4
      vertex 10.9299 15.9432 6.4
    endloop
  endfacet
  facet normal 0 0 -1
    outer loop
      vertex 17.8701 15.9432 2.4
      vertex 17.8701 16.8568 2.4
      vertex 17.9 16.4 2.4
    endloop
  endfacet
  facet normal 0 0 -1
    outer loop
      vertex 17.7807 15.4941 2.4
      vertex 17.8701 16.8568 2.4
      vertex 17.8701 15.9432 2.4
    endloop
  endfacet
  facet normal 0 0 -1
    outer loop
      vertex 17.7807 15.4941 2.4
      vertex 17.7807 17.3059 2.4
      vertex 17.8701 16.8568 2.4
    endloop
  endfacet
  facet normal 0 0 -1
    outer loop
      vertex 17.6336 15.0606 2.4
      vertex 17.7807 17.3059 2.4
      vertex 17.7807 15.4941 2.4
    endloop
  endfacet
  facet normal 0 0 -1
    outer loop
      vertex 17.6336 15.0606 2.4
      vertex 17.6336 17.7394 2.4
      vertex 17.7807 17.3059 2.4
    endloop
  endfacet
  facet normal 0 0 -1
    outer loop
      vertex 17.4311 14.65 2.4
      vertex 17.6336 17.7394 2.4
      vertex 17.6336 15.0606 2.4
    endloop
  endfacet
  facet normal 0 0 -1
    outer loop
      vertex 17.4311 14.65 2.4
      vertex 17.4311 18.15 2.4
      vertex 17.6336 17.7394 2.4
    endloop
  endfacet
  facet normal 0 0 -1
    outer loop
      vertex 17.1767 14.2693 2.4
      vertex 17.4311 18.15 2.4
      vertex 17.4311 14.65 2.4
    endloop
  endfacet
  facet normal 0 0 -1
    outer loop
      vertex 17.1767 14.2693 2.4
      vertex 17.1767 18.5307 2.4
      vertex 17.4311 18.15 2.4
    endloop
  endfacet
  facet normal 0 0 -1
    outer loop
      vertex 16.8749 13.9251 2.4
      vertex 17.1767 18.5307 2.4
      vertex 17.1767 14.2693 2.4
    endloop
  endfacet
  facet normal 0 0 -1
    outer loop
      vertex 16.8749 13.9251 2.4
      vertex 16.8749 18.8749 2.4
      vertex 17.1767 18.5307 2.4
    endloop
  endfacet
  facet normal 0 0 -1
    outer loop
      vertex 16.5307 13.6233 2.4
      vertex 16.8749 18.8749 2.4
      vertex 16.8749 13.9251 2.4
    endloop
  endfacet
  facet normal 0 0 -1
    outer loop
      vertex 16.5307 13.6233 2.4
      vertex 16.5307 19.1767 2.4
      vertex 16.8749 18.8749 2.4
    endloop
  endfacet
  facet normal 0 0 -1
    outer loop
      vertex 16.15 13.3689 2.4
      vertex 16.5307 19.1767 2.4
      vertex 16.5307 13.6233 2.4
    endloop
  endfacet
  facet normal 0 0 -1
    outer loop
      vertex 16.15 13.3689 2.4
      vertex 16.15 19.4311 2.4
      vertex 16.5307 19.1767 2.4
    endloop
  endfacet
  facet normal 0 0 -1
    outer loop
      vertex 15.7394 13.1664 2.4
      vertex 16.15 19.4311 2.4
      vertex 16.15 13.3689 2.4
    endloop
  endfacet
  facet normal 0 0 -1
    outer loop
      vertex 15.7394 13.1664 2.4
      vertex 15.7394 19.6336 2.4
      vertex 16.15 19.4311 2.4
    endloop
  endfacet
  facet normal 0 0 -1
    outer loop
      vertex 15.3059 13.0193 2.4
      vertex 15.7394 19.6336 2.4
      vertex 15.7394 13.1664 2.4
    endloop
  endfacet
  facet normal 0 0 -1
    outer loop
      vertex 15.3059 13.0193 2.4
      vertex 15.3059 19.7807 2.4
      vertex 15.7394 19.6336 2.4
    endloop
  endfacet
  facet normal 0 0 -1
    outer loop
      vertex 14.8568 12.9299 2.4
      vertex 15.3059 19.7807 2.4
      vertex 15.3059 13.0193 2.4
    endloop
  endfacet
  facet normal 0 0 -1
    outer loop
      vertex 14.8568 12.9299 2.4
      vertex 14.8568 19.8701 2.4
      vertex 15.3059 19.7807 2.4
    endloop
  endfacet
  facet normal 0 0 -1
    outer loop
      vertex 14.4 12.9 2.4
      vertex 14.8568 19.8701 2.4
      vertex 14.8568 12.9299 2.4
    endloop
  endfacet
  facet normal 0 0 -1
    outer loop
      vertex 14.4 12.9 2.4
      vertex 14.4 19.9 2.4
      vertex 14.8568 19.8701 2.4
    endloop
  endfacet
  facet normal 0 0 -1
    outer loop
      vertex 13.9432 12.9299 2.4
      vertex 14.4 19.9 2.4
      vertex 14.4 12.9 2.4
    endloop
  endfacet
  facet normal 0 0 -1
    outer loop
      vertex 13.9432 12.9299 2.4
      vertex 13.9432 19.8701 2.4
      vertex 14.4 19.9 2.4
    endloop
  endfacet
  facet normal 0 0 -1
    outer loop
      vertex 13.4941 13.0193 2.4
      vertex 13.9432 19.8701 2.4
      vertex 13.9432 12.9299 2.4
    endloop
  endfacet
  facet normal 0 0 -1
    outer loop
      vertex 13.4941 13.0193 2.4
      vertex 13.4941 19.7807 2.4
      vertex 13.9432 19.8701 2.4
    endloop
  endfacet
  facet normal 0 0 -1
    outer loop
      vertex 13.0606 13.1664 2.4
      vertex 13.4941 19.7807 2.4
      vertex 13.4941 13.0193 2.4
    endloop
  endfacet
  facet normal 0 0 -1
    outer loop
      vertex 13.0606 13.1664 2.4
      vertex 13.0606 19.6336 2.4
      vertex 13.4941 19.7807 2.4
    endloop
  endfacet
  facet normal 0 0 -1
    outer loop
      vertex 12.65 13.3689 2.4
      vertex 13.0606 19.6336 2.4
      vertex 13.0606 13.1664 2.4
    endloop
  endfacet
  facet normal 0 0 -1
    outer loop
      vertex 12.65 13.3689 2.4
      vertex 12.65 19.4311 2.4
      vertex 13.0606 19.6336 2.4
    endloop
  endfacet
  facet normal 0 0 -1
    outer loop
      vertex 12.2693 13.6233 2.4
      vertex 12.65 19.4311 2.4
      vertex 12.65 13.3689 2.4
    endloop
  endfacet
  facet normal 0 0 -1
    outer loop
      vertex 12.2693 13.6233 2.4
      vertex 12.2693 19.1767 2.4
      vertex 12.65 19.4311 2.4
    endloop
  endfacet
  facet normal 0 0 -1
    outer loop
      vertex 11.9251 13.9251 2.4
      vertex 12.2693 19.1767 2.4
      vertex 12.2693 13.6233 2.4
    endloop
  endfacet
  facet normal 0 0 -1
    outer loop
      vertex 11.9251 13.9251 2.4
      vertex 11.9251 18.8749 2.4
      vertex 12.2693 19.1767 2.4
    endloop
  endfacet
  facet normal 0 0 -1
    outer loop
      vertex 11.6233 14.2693 2.4
      vertex 11.9251 18.8749 2.4
      vertex 11.9251 13.9251 2.4
    endloop
  endfacet
  facet normal 0 0 -1
    outer loop
      vertex 11.6233 14.2693 2.4
      vertex 11.6233 18.5307 2.4
      vertex 11.9251 18.8749 2.4
    endloop
  endfacet
  facet normal 0 0 -1
    outer loop
      vertex 11.3689 14.65 2.4
      vertex 11.6233 18.5307 2.4
      vertex 11.6233 14.2693 2.4
    endloop
  endfacet
  facet normal 0 0 -1
    outer loop
      vertex 11.3689 14.65 2.4
      vertex 11.3689 18.15 2.4
      vertex 11.6233 18.5307 2.4
    endloop
  endfacet
  facet normal 0 0 -1
    outer loop
      vertex 11.1664 15.0606 2.4
      vertex 11.3689 18.15 2.4
      vertex 11.3689 14.65 2.4
    endloop
  endfacet
  facet normal 0 0 -1
    outer loop
      vertex 11.1664 15.0606 2.4
      vertex 11.1664 17.7394 2.4
      vertex 11.3689 18.15 2.4
    endloop
  endfacet
  facet normal 0 0 -1
    outer loop
      vertex 11.0193 15.4941 2.4
      vertex 11.1664 17.7394 2.4
      vertex 11.1664 15.0606 2.4
    endloop
  endfacet
  facet normal 0 0 -1
    outer loop
      vertex 11.0193 15.4941 2.4
      vertex 11.0193 17.3059 2.4
      vertex 11.1664 17.7394 2.4
    endloop
  endfacet
  facet normal 0 0 -1
    outer loop
      vertex 10.9299 15.9432 2.4
      vertex 11.0193 17.3059 2.4
      vertex 11.0193 15.4941 2.4
    endloop
  endfacet
  facet normal 0 0 -1
    outer loop
      vertex 10.9299 15.9432 2.4
      vertex 10.9299 16.8568 2.4
      vertex 11.0193 17.3059 2.4
    endloop
  endfacet
  facet normal 0 -0 -1
    outer loop
      vertex 10.9299 16.8568 2.4
      vertex 10.9299 15.9432 2.4
      vertex 10.9 16.4 2.4
    endloop
  endfacet
  facet normal -0.831445 -0.555607 0
    outer loop
      vertex 11.6233 14.2693 2.4
      vertex 11.3689 14.65 6.4
      vertex 11.3689 14.65 2.4
    endloop
  endfacet
  facet normal -0.831445 -0.555607 0
    outer loop
      vertex 11.3689 14.65 6.4
      vertex 11.6233 14.2693 2.4
      vertex 11.6233 14.2693 6.4
    endloop
  endfacet
  facet normal -0.7519 -0.659278 0
    outer loop
      vertex 11.9251 13.9251 2.4
      vertex 11.6233 14.2693 6.4
      vertex 11.6233 14.2693 2.4
    endloop
  endfacet
  facet normal -0.7519 -0.659278 0
    outer loop
      vertex 11.6233 14.2693 6.4
      vertex 11.9251 13.9251 2.4
      vertex 11.9251 13.9251 6.4
    endloop
  endfacet
  facet normal 0.195234 0.980757 -0
    outer loop
      vertex 15.3059 19.7807 2.4
      vertex 14.8568 19.8701 6.4
      vertex 15.3059 19.7807 6.4
    endloop
  endfacet
  facet normal 0.195234 0.980757 0
    outer loop
      vertex 14.8568 19.8701 6.4
      vertex 15.3059 19.7807 2.4
      vertex 14.8568 19.8701 2.4
    endloop
  endfacet
  facet normal 0 0 1
    outer loop
      vertex 15.65 16.4 6.4
      vertex 17.9 16.4 6.4
      vertex 17.8701 16.8568 6.4
    endloop
  endfacet
  facet normal 0 0 1
    outer loop
      vertex 15.6393 16.5632 6.4
      vertex 17.8701 16.8568 6.4
      vertex 17.7807 17.3059 6.4
    endloop
  endfacet
  facet normal 0 0 1
    outer loop
      vertex 17.9 16.4 6.4
      vertex 15.65 16.4 6.4
      vertex 17.8701 15.9432 6.4
    endloop
  endfacet
  facet normal 0 0 1
    outer loop
      vertex 15.6074 16.7235 6.4
      vertex 17.7807 17.3059 6.4
      vertex 17.6336 17.7394 6.4
    endloop
  endfacet
  facet normal -0 0 1
    outer loop
      vertex 15.6393 16.2368 6.4
      vertex 17.8701 15.9432 6.4
      vertex 15.65 16.4 6.4
    endloop
  endfacet
  facet normal 0 0 1
    outer loop
      vertex 15.5548 16.8784 6.4
      vertex 17.6336 17.7394 6.4
      vertex 17.4311 18.15 6.4
    endloop
  endfacet
  facet normal 0 0 1
    outer loop
      vertex 17.8701 15.9432 6.4
      vertex 15.6393 16.2368 6.4
      vertex 17.7807 15.4941 6.4
    endloop
  endfacet
  facet normal 0 0 1
    outer loop
      vertex 15.4825 17.025 6.4
      vertex 17.4311 18.15 6.4
      vertex 17.1767 18.5307 6.4
    endloop
  endfacet
  facet normal -0 0 1
    outer loop
      vertex 15.6074 16.0765 6.4
      vertex 17.7807 15.4941 6.4
      vertex 15.6393 16.2368 6.4
    endloop
  endfacet
  facet normal 0 0 1
    outer loop
      vertex 15.3917 17.161 6.4
      vertex 17.1767 18.5307 6.4
      vertex 16.8749 18.8749 6.4
    endloop
  endfacet
  facet normal 0 0 1
    outer loop
      vertex 17.7807 15.4941 6.4
      vertex 15.6074 16.0765 6.4
      vertex 17.6336 15.0606 6.4
    endloop
  endfacet
  facet normal 0 0 1
    outer loop
      vertex 15.2839 17.2839 6.4
      vertex 16.8749 18.8749 6.4
      vertex 16.5307 19.1767 6.4
    endloop
  endfacet
  facet normal -0 0 1
    outer loop
      vertex 15.5548 15.9216 6.4
      vertex 17.6336 15.0606 6.4
      vertex 15.6074 16.0765 6.4
    endloop
  endfacet
  facet normal 0 0 1
    outer loop
      vertex 15.161 17.3917 6.4
      vertex 16.5307 19.1767 6.4
      vertex 16.15 19.4311 6.4
    endloop
  endfacet
  facet normal 0 0 1
    outer loop
      vertex 17.6336 15.0606 6.4
      vertex 15.5548 15.9216 6.4
      vertex 17.4311 14.65 6.4
    endloop
  endfacet
  facet normal 0 0 1
    outer loop
      vertex 15.025 17.4825 6.4
      vertex 16.15 19.4311 6.4
      vertex 15.7394 19.6336 6.4
    endloop
  endfacet
  facet normal -0 0 1
    outer loop
      vertex 15.4825 15.775 6.4
      vertex 17.4311 14.65 6.4
      vertex 15.5548 15.9216 6.4
    endloop
  endfacet
  facet normal 0 0 1
    outer loop
      vertex 17.4311 14.65 6.4
      vertex 15.4825 15.775 6.4
      vertex 17.1767 14.2693 6.4
    endloop
  endfacet
  facet normal 0 0 1
    outer loop
      vertex 17.8701 16.8568 6.4
      vertex 15.6393 16.5632 6.4
      vertex 15.65 16.4 6.4
    endloop
  endfacet
  facet normal 0 0 1
    outer loop
      vertex 17.7807 17.3059 6.4
      vertex 15.6074 16.7235 6.4
      vertex 15.6393 16.5632 6.4
    endloop
  endfacet
  facet normal 0 0 1
    outer loop
      vertex 17.6336 17.7394 6.4
      vertex 15.5548 16.8784 6.4
      vertex 15.6074 16.7235 6.4
    endloop
  endfacet
  facet normal 0 0 1
    outer loop
      vertex 17.4311 18.15 6.4
      vertex 15.4825 17.025 6.4
      vertex 15.5548 16.8784 6.4
    endloop
  endfacet
  facet normal 0 0 1
    outer loop
      vertex 17.1767 18.5307 6.4
      vertex 15.3917 17.161 6.4
      vertex 15.4825 17.025 6.4
    endloop
  endfacet
  facet normal 0 0 1
    outer loop
      vertex 14.8784 17.5548 6.4
      vertex 15.7394 19.6336 6.4
      vertex 15.3059 19.7807 6.4
    endloop
  endfacet
  facet normal 0 0 1
    outer loop
      vertex 16.8749 18.8749 6.4
      vertex 15.2839 17.2839 6.4
      vertex 15.3917 17.161 6.4
    endloop
  endfacet
  facet normal 0 0 1
    outer loop
      vertex 16.5307 19.1767 6.4
      vertex 15.161 17.3917 6.4
      vertex 15.2839 17.2839 6.4
    endloop
  endfacet
  facet normal 0 0 1
    outer loop
      vertex 16.15 19.4311 6.4
      vertex 15.025 17.4825 6.4
      vertex 15.161 17.3917 6.4
    endloop
  endfacet
  facet normal 0 0 1
    outer loop
      vertex 15.7394 19.6336 6.4
      vertex 14.8784 17.5548 6.4
      vertex 15.025 17.4825 6.4
    endloop
  endfacet
  facet normal 0 0 1
    outer loop
      vertex 14.7235 17.6074 6.4
      vertex 15.3059 19.7807 6.4
      vertex 14.8568 19.8701 6.4
    endloop
  endfacet
  facet normal 0 0 1
    outer loop
      vertex 15.3059 19.7807 6.4
      vertex 14.7235 17.6074 6.4
      vertex 14.8784 17.5548 6.4
    endloop
  endfacet
  facet normal 0 0 1
    outer loop
      vertex 14.8568 19.8701 6.4
      vertex 14.5632 17.6393 6.4
      vertex 14.7235 17.6074 6.4
    endloop
  endfacet
  facet normal 0 0 1
    outer loop
      vertex 14.4 19.9 6.4
      vertex 14.5632 17.6393 6.4
      vertex 14.8568 19.8701 6.4
    endloop
  endfacet
  facet normal 0 0 1
    outer loop
      vertex 14.4 19.9 6.4
      vertex 14.4 17.65 6.4
      vertex 14.5632 17.6393 6.4
    endloop
  endfacet
  facet normal 0 0 1
    outer loop
      vertex 14.4 19.9 6.4
      vertex 14.2368 17.6393 6.4
      vertex 14.4 17.65 6.4
    endloop
  endfacet
  facet normal -0 0 1
    outer loop
      vertex 13.9432 19.8701 6.4
      vertex 14.2368 17.6393 6.4
      vertex 14.4 19.9 6.4
    endloop
  endfacet
  facet normal 0 0 1
    outer loop
      vertex 14.2368 17.6393 6.4
      vertex 13.9432 19.8701 6.4
      vertex 14.0765 17.6074 6.4
    endloop
  endfacet
  facet normal -0 0 1
    outer loop
      vertex 13.4941 19.7807 6.4
      vertex 14.0765 17.6074 6.4
      vertex 13.9432 19.8701 6.4
    endloop
  endfacet
  facet normal 0 0 1
    outer loop
      vertex 14.0765 17.6074 6.4
      vertex 13.4941 19.7807 6.4
      vertex 13.9216 17.5548 6.4
    endloop
  endfacet
  facet normal -0 0 1
    outer loop
      vertex 13.0606 19.6336 6.4
      vertex 13.9216 17.5548 6.4
      vertex 13.4941 19.7807 6.4
    endloop
  endfacet
  facet normal 0 0 1
    outer loop
      vertex 13.9216 17.5548 6.4
      vertex 13.0606 19.6336 6.4
      vertex 13.775 17.4825 6.4
    endloop
  endfacet
  facet normal -0 0 1
    outer loop
      vertex 12.65 19.4311 6.4
      vertex 13.775 17.4825 6.4
      vertex 13.0606 19.6336 6.4
    endloop
  endfacet
  facet normal 0 0 1
    outer loop
      vertex 13.775 17.4825 6.4
      vertex 12.65 19.4311 6.4
      vertex 13.639 17.3917 6.4
    endloop
  endfacet
  facet normal -0 0 1
    outer loop
      vertex 12.2693 19.1767 6.4
      vertex 13.639 17.3917 6.4
      vertex 12.65 19.4311 6.4
    endloop
  endfacet
  facet normal 0 0 1
    outer loop
      vertex 13.639 17.3917 6.4
      vertex 12.2693 19.1767 6.4
      vertex 13.5161 17.2839 6.4
    endloop
  endfacet
  facet normal -0 0 1
    outer loop
      vertex 11.9251 18.8749 6.4
      vertex 13.5161 17.2839 6.4
      vertex 12.2693 19.1767 6.4
    endloop
  endfacet
  facet normal 0 0 1
    outer loop
      vertex 13.5161 17.2839 6.4
      vertex 11.9251 18.8749 6.4
      vertex 13.4083 17.161 6.4
    endloop
  endfacet
  facet normal 0 0 1
    outer loop
      vertex 13.4083 17.161 6.4
      vertex 11.6233 18.5307 6.4
      vertex 13.3175 17.025 6.4
    endloop
  endfacet
  facet normal -0 0 1
    outer loop
      vertex 11.6233 18.5307 6.4
      vertex 13.4083 17.161 6.4
      vertex 11.9251 18.8749 6.4
    endloop
  endfacet
  facet normal -0 0 1
    outer loop
      vertex 15.3917 15.639 6.4
      vertex 17.1767 14.2693 6.4
      vertex 15.4825 15.775 6.4
    endloop
  endfacet
  facet normal 0 0 1
    outer loop
      vertex 17.1767 14.2693 6.4
      vertex 15.3917 15.639 6.4
      vertex 16.8749 13.9251 6.4
    endloop
  endfacet
  facet normal -0 0 1
    outer loop
      vertex 15.2839 15.5161 6.4
      vertex 16.8749 13.9251 6.4
      vertex 15.3917 15.639 6.4
    endloop
  endfacet
  facet normal 0 0 1
    outer loop
      vertex 16.8749 13.9251 6.4
      vertex 15.2839 15.5161 6.4
      vertex 16.5307 13.6233 6.4
    endloop
  endfacet
  facet normal -0 0 1
    outer loop
      vertex 15.161 15.4083 6.4
      vertex 16.5307 13.6233 6.4
      vertex 15.2839 15.5161 6.4
    endloop
  endfacet
  facet normal 0 0 1
    outer loop
      vertex 16.5307 13.6233 6.4
      vertex 15.161 15.4083 6.4
      vertex 16.15 13.3689 6.4
    endloop
  endfacet
  facet normal -0 0 1
    outer loop
      vertex 15.025 15.3175 6.4
      vertex 16.15 13.3689 6.4
      vertex 15.161 15.4083 6.4
    endloop
  endfacet
  facet normal 0 0 1
    outer loop
      vertex 16.15 13.3689 6.4
      vertex 15.025 15.3175 6.4
      vertex 15.7394 13.1664 6.4
    endloop
  endfacet
  facet normal -0 0 1
    outer loop
      vertex 14.8784 15.2452 6.4
      vertex 15.7394 13.1664 6.4
      vertex 15.025 15.3175 6.4
    endloop
  endfacet
  facet normal 0 0 1
    outer loop
      vertex 15.7394 13.1664 6.4
      vertex 14.8784 15.2452 6.4
      vertex 15.3059 13.0193 6.4
    endloop
  endfacet
  facet normal -0 0 1
    outer loop
      vertex 14.7235 15.1926 6.4
      vertex 15.3059 13.0193 6.4
      vertex 14.8784 15.2452 6.4
    endloop
  endfacet
  facet normal 0 0 1
    outer loop
      vertex 15.3059 13.0193 6.4
      vertex 14.7235 15.1926 6.4
      vertex 14.8568 12.9299 6.4
    endloop
  endfacet
  facet normal -0 0 1
    outer loop
      vertex 14.5632 15.1607 6.4
      vertex 14.8568 12.9299 6.4
      vertex 14.7235 15.1926 6.4
    endloop
  endfacet
  facet normal -0 0 1
    outer loop
      vertex 14.4 15.15 6.4
      vertex 14.8568 12.9299 6.4
      vertex 14.5632 15.1607 6.4
    endloop
  endfacet
  facet normal 0 0 1
    outer loop
      vertex 14.4 15.15 6.4
      vertex 14.4 12.9 6.4
      vertex 14.8568 12.9299 6.4
    endloop
  endfacet
  facet normal 0 0 1
    outer loop
      vertex 14.2368 15.1607 6.4
      vertex 14.4 12.9 6.4
      vertex 14.4 15.15 6.4
    endloop
  endfacet
  facet normal 0 0 1
    outer loop
      vertex 13.9432 12.9299 6.4
      vertex 14.2368 15.1607 6.4
      vertex 14.0765 15.1926 6.4
    endloop
  endfacet
  facet normal 0 0 1
    outer loop
      vertex 14.2368 15.1607 6.4
      vertex 13.9432 12.9299 6.4
      vertex 14.4 12.9 6.4
    endloop
  endfacet
  facet normal 0 0 1
    outer loop
      vertex 13.4941 13.0193 6.4
      vertex 14.0765 15.1926 6.4
      vertex 13.9216 15.2452 6.4
    endloop
  endfacet
  facet normal 0 0 1
    outer loop
      vertex 13.0606 13.1664 6.4
      vertex 13.9216 15.2452 6.4
      vertex 13.775 15.3175 6.4
    endloop
  endfacet
  facet normal 0 0 1
    outer loop
      vertex 12.65 13.3689 6.4
      vertex 13.775 15.3175 6.4
      vertex 13.639 15.4083 6.4
    endloop
  endfacet
  facet normal 0 0 1
    outer loop
      vertex 12.2693 13.6233 6.4
      vertex 13.639 15.4083 6.4
      vertex 13.5161 15.5161 6.4
    endloop
  endfacet
  facet normal 0 0 1
    outer loop
      vertex 14.0765 15.1926 6.4
      vertex 13.4941 13.0193 6.4
      vertex 13.9432 12.9299 6.4
    endloop
  endfacet
  facet normal 0 0 1
    outer loop
      vertex 11.9251 13.9251 6.4
      vertex 13.5161 15.5161 6.4
      vertex 13.4083 15.639 6.4
    endloop
  endfacet
  facet normal 0 0 1
    outer loop
      vertex 11.6233 14.2693 6.4
      vertex 13.4083 15.639 6.4
      vertex 13.3175 15.775 6.4
    endloop
  endfacet
  facet normal 0 0 1
    outer loop
      vertex 11.3689 14.65 6.4
      vertex 13.3175 15.775 6.4
      vertex 13.2452 15.9216 6.4
    endloop
  endfacet
  facet normal 0 0 1
    outer loop
      vertex 11.1664 15.0606 6.4
      vertex 13.2452 15.9216 6.4
      vertex 13.1926 16.0765 6.4
    endloop
  endfacet
  facet normal 0 0 1
    outer loop
      vertex 11.0193 15.4941 6.4
      vertex 13.1926 16.0765 6.4
      vertex 13.1607 16.2368 6.4
    endloop
  endfacet
  facet normal 0 0 1
    outer loop
      vertex 13.9216 15.2452 6.4
      vertex 13.0606 13.1664 6.4
      vertex 13.4941 13.0193 6.4
    endloop
  endfacet
  facet normal 0 0 1
    outer loop
      vertex 10.9299 15.9432 6.4
      vertex 13.1607 16.2368 6.4
      vertex 13.15 16.4 6.4
    endloop
  endfacet
  facet normal -0 0 1
    outer loop
      vertex 11.3689 18.15 6.4
      vertex 13.3175 17.025 6.4
      vertex 11.6233 18.5307 6.4
    endloop
  endfacet
  facet normal 0 0 1
    outer loop
      vertex 13.3175 17.025 6.4
      vertex 11.3689 18.15 6.4
      vertex 13.2452 16.8784 6.4
    endloop
  endfacet
  facet normal 0 0 1
    outer loop
      vertex 13.775 15.3175 6.4
      vertex 12.65 13.3689 6.4
      vertex 13.0606 13.1664 6.4
    endloop
  endfacet
  facet normal -0 0 1
    outer loop
      vertex 11.1664 17.7394 6.4
      vertex 13.2452 16.8784 6.4
      vertex 11.3689 18.15 6.4
    endloop
  endfacet
  facet normal 0 0 1
    outer loop
      vertex 13.639 15.4083 6.4
      vertex 12.2693 13.6233 6.4
      vertex 12.65 13.3689 6.4
    endloop
  endfacet
  facet normal 0 0 1
    outer loop
      vertex 13.2452 16.8784 6.4
      vertex 11.1664 17.7394 6.4
      vertex 13.1926 16.7235 6.4
    endloop
  endfacet
  facet normal 0 0 1
    outer loop
      vertex 13.5161 15.5161 6.4
      vertex 11.9251 13.9251 6.4
      vertex 12.2693 13.6233 6.4
    endloop
  endfacet
  facet normal -0 0 1
    outer loop
      vertex 11.0193 17.3059 6.4
      vertex 13.1926 16.7235 6.4
      vertex 11.1664 17.7394 6.4
    endloop
  endfacet
  facet normal 0 0 1
    outer loop
      vertex 13.4083 15.639 6.4
      vertex 11.6233 14.2693 6.4
      vertex 11.9251 13.9251 6.4
    endloop
  endfacet
  facet normal 0 0 1
    outer loop
      vertex 13.1926 16.7235 6.4
      vertex 11.0193 17.3059 6.4
      vertex 13.1607 16.5632 6.4
    endloop
  endfacet
  facet normal 0 0 1
    outer loop
      vertex 13.3175 15.775 6.4
      vertex 11.3689 14.65 6.4
      vertex 11.6233 14.2693 6.4
    endloop
  endfacet
  facet normal -0 0 1
    outer loop
      vertex 10.9299 16.8568 6.4
      vertex 13.1607 16.5632 6.4
      vertex 11.0193 17.3059 6.4
    endloop
  endfacet
  facet normal 0 0 1
    outer loop
      vertex 13.2452 15.9216 6.4
      vertex 11.1664 15.0606 6.4
      vertex 11.3689 14.65 6.4
    endloop
  endfacet
  facet normal 0 0 1
    outer loop
      vertex 13.1607 16.5632 6.4
      vertex 10.9299 16.8568 6.4
      vertex 13.15 16.4 6.4
    endloop
  endfacet
  facet normal 0 0 1
    outer loop
      vertex 13.1926 16.0765 6.4
      vertex 11.0193 15.4941 6.4
      vertex 11.1664 15.0606 6.4
    endloop
  endfacet
  facet normal 0 0 1
    outer loop
      vertex 10.9 16.4 6.4
      vertex 13.15 16.4 6.4
      vertex 10.9299 16.8568 6.4
    endloop
  endfacet
  facet normal 0 0 1
    outer loop
      vertex 13.1607 16.2368 6.4
      vertex 10.9299 15.9432 6.4
      vertex 11.0193 15.4941 6.4
    endloop
  endfacet
  facet normal 0 0 1
    outer loop
      vertex 13.15 16.4 6.4
      vertex 10.9 16.4 6.4
      vertex 10.9299 15.9432 6.4
    endloop
  endfacet
  facet normal -0.980757 0.195234 0
    outer loop
      vertex 10.9299 16.8568 2.4
      vertex 11.0193 17.3059 6.4
      vertex 11.0193 17.3059 2.4
    endloop
  endfacet
  facet normal -0.980757 0.195234 0
    outer loop
      vertex 11.0193 17.3059 6.4
      vertex 10.9299 16.8568 2.4
      vertex 10.9299 16.8568 6.4
    endloop
  endfacet
  facet normal 0.946966 -0.321335 0
    outer loop
      vertex 17.6336 15.0606 6.4
      vertex 17.7807 15.4941 2.4
      vertex 17.7807 15.4941 6.4
    endloop
  endfacet
  facet normal 0.946966 -0.321335 0
    outer loop
      vertex 17.7807 15.4941 2.4
      vertex 17.6336 15.0606 6.4
      vertex 17.6336 15.0606 2.4
    endloop
  endfacet
  facet normal 0.7519 -0.659278 0
    outer loop
      vertex 16.8749 13.9251 6.4
      vertex 17.1767 14.2693 2.4
      vertex 17.1767 14.2693 6.4
    endloop
  endfacet
  facet normal 0.7519 -0.659278 0
    outer loop
      vertex 17.1767 14.2693 2.4
      vertex 16.8749 13.9251 6.4
      vertex 16.8749 13.9251 2.4
    endloop
  endfacet
  facet normal -0.555607 -0.831445 0
    outer loop
      vertex 12.2693 13.6233 2.4
      vertex 12.65 13.3689 6.4
      vertex 12.2693 13.6233 6.4
    endloop
  endfacet
  facet normal -0.555607 -0.831445 -0
    outer loop
      vertex 12.65 13.3689 6.4
      vertex 12.2693 13.6233 2.4
      vertex 12.65 13.3689 2.4
    endloop
  endfacet
  facet normal -0.659414 -0.75178 0
    outer loop
      vertex 15.161 17.3917 3.4
      vertex 15.2839 17.2839 6.4
      vertex 15.161 17.3917 6.4
    endloop
  endfacet
  facet normal -0.659414 -0.75178 -0
    outer loop
      vertex 15.2839 17.2839 6.4
      vertex 15.161 17.3917 3.4
      vertex 15.2839 17.2839 3.4
    endloop
  endfacet
  facet normal 0.946896 -0.321541 0
    outer loop
      vertex 13.1926 16.7235 6.4
      vertex 13.2452 16.8784 3.4
      vertex 13.2452 16.8784 6.4
    endloop
  endfacet
  facet normal 0.946896 -0.321541 0
    outer loop
      vertex 13.2452 16.8784 3.4
      vertex 13.1926 16.7235 6.4
      vertex 13.1926 16.7235 3.4
    endloop
  endfacet
  facet normal -0.997858 0.0654233 0
    outer loop
      vertex 15.6393 16.2368 3.4
      vertex 15.65 16.4 6.4
      vertex 15.65 16.4 3.4
    endloop
  endfacet
  facet normal -0.997858 0.0654233 0
    outer loop
      vertex 15.65 16.4 6.4
      vertex 15.6393 16.2368 3.4
      vertex 15.6393 16.2368 6.4
    endloop
  endfacet
  facet normal 0.321541 0.946896 -0
    outer loop
      vertex 14.0765 15.1926 3.4
      vertex 13.9216 15.2452 6.4
      vertex 14.0765 15.1926 6.4
    endloop
  endfacet
  facet normal 0.321541 0.946896 0
    outer loop
      vertex 13.9216 15.2452 6.4
      vertex 14.0765 15.1926 3.4
      vertex 13.9216 15.2452 3.4
    endloop
  endfacet
  facet normal -0.555265 -0.831674 0
    outer loop
      vertex 15.025 17.4825 3.4
      vertex 15.161 17.3917 6.4
      vertex 15.025 17.4825 6.4
    endloop
  endfacet
  facet normal -0.555265 -0.831674 -0
    outer loop
      vertex 15.161 17.3917 6.4
      vertex 15.025 17.4825 3.4
      vertex 15.161 17.3917 3.4
    endloop
  endfacet
  facet normal 0.321541 -0.946896 0
    outer loop
      vertex 13.9216 17.5548 3.4
      vertex 14.0765 17.6074 6.4
      vertex 13.9216 17.5548 6.4
    endloop
  endfacet
  facet normal 0.321541 -0.946896 0
    outer loop
      vertex 14.0765 17.6074 6.4
      vertex 13.9216 17.5548 3.4
      vertex 14.0765 17.6074 3.4
    endloop
  endfacet
  facet normal 0.896861 -0.442313 0
    outer loop
      vertex 13.2452 16.8784 6.4
      vertex 13.3175 17.025 3.4
      vertex 13.3175 17.025 6.4
    endloop
  endfacet
  facet normal 0.896861 -0.442313 0
    outer loop
      vertex 13.3175 17.025 3.4
      vertex 13.2452 16.8784 6.4
      vertex 13.2452 16.8784 3.4
    endloop
  endfacet
  facet normal 0.896861 0.442313 0
    outer loop
      vertex 13.3175 15.775 6.4
      vertex 13.2452 15.9216 3.4
      vertex 13.2452 15.9216 6.4
    endloop
  endfacet
  facet normal 0.896861 0.442313 0
    outer loop
      vertex 13.2452 15.9216 3.4
      vertex 13.3175 15.775 6.4
      vertex 13.3175 15.775 3.4
    endloop
  endfacet
  facet normal -0.946896 -0.321541 0
    outer loop
      vertex 15.6074 16.7235 3.4
      vertex 15.5548 16.8784 6.4
      vertex 15.5548 16.8784 3.4
    endloop
  endfacet
  facet normal -0.946896 -0.321541 0
    outer loop
      vertex 15.5548 16.8784 6.4
      vertex 15.6074 16.7235 3.4
      vertex 15.6074 16.7235 6.4
    endloop
  endfacet
  facet normal -0.896861 -0.442313 0
    outer loop
      vertex 15.5548 16.8784 3.4
      vertex 15.4825 17.025 6.4
      vertex 15.4825 17.025 3.4
    endloop
  endfacet
  facet normal -0.896861 -0.442313 0
    outer loop
      vertex 15.4825 17.025 6.4
      vertex 15.5548 16.8784 3.4
      vertex 15.5548 16.8784 6.4
    endloop
  endfacet
  facet normal -0.831674 -0.555265 0
    outer loop
      vertex 15.4825 17.025 3.4
      vertex 15.3917 17.161 6.4
      vertex 15.3917 17.161 3.4
    endloop
  endfacet
  facet normal -0.831674 -0.555265 0
    outer loop
      vertex 15.3917 17.161 6.4
      vertex 15.4825 17.025 3.4
      vertex 15.4825 17.025 6.4
    endloop
  endfacet
  facet normal -0.442313 -0.896861 0
    outer loop
      vertex 14.8784 17.5548 3.4
      vertex 15.025 17.4825 6.4
      vertex 14.8784 17.5548 6.4
    endloop
  endfacet
  facet normal -0.442313 -0.896861 -0
    outer loop
      vertex 15.025 17.4825 6.4
      vertex 14.8784 17.5548 3.4
      vertex 15.025 17.4825 3.4
    endloop
  endfacet
  facet normal -0.321541 -0.946896 0
    outer loop
      vertex 14.7235 17.6074 3.4
      vertex 14.8784 17.5548 6.4
      vertex 14.7235 17.6074 6.4
    endloop
  endfacet
  facet normal -0.321541 -0.946896 -0
    outer loop
      vertex 14.8784 17.5548 6.4
      vertex 14.7235 17.6074 3.4
      vertex 14.8784 17.5548 3.4
    endloop
  endfacet
  facet normal 0.75178 -0.659414 0
    outer loop
      vertex 13.4083 17.161 6.4
      vertex 13.5161 17.2839 3.4
      vertex 13.5161 17.2839 6.4
    endloop
  endfacet
  facet normal 0.75178 -0.659414 0
    outer loop
      vertex 13.5161 17.2839 3.4
      vertex 13.4083 17.161 6.4
      vertex 13.4083 17.161 3.4
    endloop
  endfacet
  facet normal 0.442313 -0.896861 0
    outer loop
      vertex 13.775 17.4825 3.4
      vertex 13.9216 17.5548 6.4
      vertex 13.775 17.4825 6.4
    endloop
  endfacet
  facet normal 0.442313 -0.896861 0
    outer loop
      vertex 13.9216 17.5548 6.4
      vertex 13.775 17.4825 3.4
      vertex 13.9216 17.5548 3.4
    endloop
  endfacet
  facet normal 0.555265 -0.831674 0
    outer loop
      vertex 13.639 17.3917 3.4
      vertex 13.775 17.4825 6.4
      vertex 13.639 17.3917 6.4
    endloop
  endfacet
  facet normal 0.555265 -0.831674 0
    outer loop
      vertex 13.775 17.4825 6.4
      vertex 13.639 17.3917 3.4
      vertex 13.775 17.4825 3.4
    endloop
  endfacet
  facet normal -0.997858 -0.0654233 0
    outer loop
      vertex 15.65 16.4 3.4
      vertex 15.6393 16.5632 6.4
      vertex 15.6393 16.5632 3.4
    endloop
  endfacet
  facet normal -0.997858 -0.0654233 0
    outer loop
      vertex 15.6393 16.5632 6.4
      vertex 15.65 16.4 3.4
      vertex 15.65 16.4 6.4
    endloop
  endfacet
  facet normal -0.321541 0.946896 0
    outer loop
      vertex 14.8784 15.2452 3.4
      vertex 14.7235 15.1926 6.4
      vertex 14.8784 15.2452 6.4
    endloop
  endfacet
  facet normal -0.321541 0.946896 0
    outer loop
      vertex 14.7235 15.1926 6.4
      vertex 14.8784 15.2452 3.4
      vertex 14.7235 15.1926 3.4
    endloop
  endfacet
  facet normal -0.75178 0.659414 0
    outer loop
      vertex 15.2839 15.5161 3.4
      vertex 15.3917 15.639 6.4
      vertex 15.3917 15.639 3.4
    endloop
  endfacet
  facet normal -0.75178 0.659414 0
    outer loop
      vertex 15.3917 15.639 6.4
      vertex 15.2839 15.5161 3.4
      vertex 15.2839 15.5161 6.4
    endloop
  endfacet
  facet normal -0.659414 0.75178 0
    outer loop
      vertex 15.2839 15.5161 3.4
      vertex 15.161 15.4083 6.4
      vertex 15.2839 15.5161 6.4
    endloop
  endfacet
  facet normal -0.659414 0.75178 0
    outer loop
      vertex 15.161 15.4083 6.4
      vertex 15.2839 15.5161 3.4
      vertex 15.161 15.4083 3.4
    endloop
  endfacet
  facet normal -0.442313 0.896861 0
    outer loop
      vertex 15.025 15.3175 3.4
      vertex 14.8784 15.2452 6.4
      vertex 15.025 15.3175 6.4
    endloop
  endfacet
  facet normal -0.442313 0.896861 0
    outer loop
      vertex 14.8784 15.2452 6.4
      vertex 15.025 15.3175 3.4
      vertex 14.8784 15.2452 3.4
    endloop
  endfacet
  facet normal 0.0654233 0.997858 -0
    outer loop
      vertex 14.4 15.15 3.4
      vertex 14.2368 15.1607 6.4
      vertex 14.4 15.15 6.4
    endloop
  endfacet
  facet normal 0.0654233 0.997858 0
    outer loop
      vertex 14.2368 15.1607 6.4
      vertex 14.4 15.15 3.4
      vertex 14.2368 15.1607 3.4
    endloop
  endfacet
  facet normal 0.442313 0.896861 -0
    outer loop
      vertex 13.9216 15.2452 3.4
      vertex 13.775 15.3175 6.4
      vertex 13.9216 15.2452 6.4
    endloop
  endfacet
  facet normal 0.442313 0.896861 0
    outer loop
      vertex 13.775 15.3175 6.4
      vertex 13.9216 15.2452 3.4
      vertex 13.775 15.3175 3.4
    endloop
  endfacet
  facet normal 0.555265 0.831674 -0
    outer loop
      vertex 13.775 15.3175 3.4
      vertex 13.639 15.4083 6.4
      vertex 13.775 15.3175 6.4
    endloop
  endfacet
  facet normal 0.555265 0.831674 0
    outer loop
      vertex 13.639 15.4083 6.4
      vertex 13.775 15.3175 3.4
      vertex 13.639 15.4083 3.4
    endloop
  endfacet
  facet normal 0.980768 0.195175 0
    outer loop
      vertex 13.1926 16.0765 6.4
      vertex 13.1607 16.2368 3.4
      vertex 13.1607 16.2368 6.4
    endloop
  endfacet
  facet normal 0.980768 0.195175 0
    outer loop
      vertex 13.1607 16.2368 3.4
      vertex 13.1926 16.0765 6.4
      vertex 13.1926 16.0765 3.4
    endloop
  endfacet
  facet normal -0.980768 -0.195175 0
    outer loop
      vertex 15.6393 16.5632 3.4
      vertex 15.6074 16.7235 6.4
      vertex 15.6074 16.7235 3.4
    endloop
  endfacet
  facet normal -0.980768 -0.195175 0
    outer loop
      vertex 15.6074 16.7235 6.4
      vertex 15.6393 16.5632 3.4
      vertex 15.6393 16.5632 6.4
    endloop
  endfacet
  facet normal -0.75178 -0.659414 0
    outer loop
      vertex 15.3917 17.161 3.4
      vertex 15.2839 17.2839 6.4
      vertex 15.2839 17.2839 3.4
    endloop
  endfacet
  facet normal -0.75178 -0.659414 0
    outer loop
      vertex 15.2839 17.2839 6.4
      vertex 15.3917 17.161 3.4
      vertex 15.3917 17.161 6.4
    endloop
  endfacet
  facet normal -0.0654233 -0.997858 0
    outer loop
      vertex 14.4 17.65 3.4
      vertex 14.5632 17.6393 6.4
      vertex 14.4 17.65 6.4
    endloop
  endfacet
  facet normal -0.0654233 -0.997858 -0
    outer loop
      vertex 14.5632 17.6393 6.4
      vertex 14.4 17.65 3.4
      vertex 14.5632 17.6393 3.4
    endloop
  endfacet
  facet normal -0.195175 -0.980768 0
    outer loop
      vertex 14.5632 17.6393 3.4
      vertex 14.7235 17.6074 6.4
      vertex 14.5632 17.6393 6.4
    endloop
  endfacet
  facet normal -0.195175 -0.980768 -0
    outer loop
      vertex 14.7235 17.6074 6.4
      vertex 14.5632 17.6393 3.4
      vertex 14.7235 17.6074 3.4
    endloop
  endfacet
  facet normal 0.997858 -0.0654233 0
    outer loop
      vertex 13.15 16.4 6.4
      vertex 13.1607 16.5632 3.4
      vertex 13.1607 16.5632 6.4
    endloop
  endfacet
  facet normal 0.997858 -0.0654233 0
    outer loop
      vertex 13.1607 16.5632 3.4
      vertex 13.15 16.4 6.4
      vertex 13.15 16.4 3.4
    endloop
  endfacet
  facet normal 0.831674 -0.555265 0
    outer loop
      vertex 13.3175 17.025 6.4
      vertex 13.4083 17.161 3.4
      vertex 13.4083 17.161 6.4
    endloop
  endfacet
  facet normal 0.831674 -0.555265 0
    outer loop
      vertex 13.4083 17.161 3.4
      vertex 13.3175 17.025 6.4
      vertex 13.3175 17.025 3.4
    endloop
  endfacet
  facet normal 0.0654233 -0.997858 0
    outer loop
      vertex 14.2368 17.6393 3.4
      vertex 14.4 17.65 6.4
      vertex 14.2368 17.6393 6.4
    endloop
  endfacet
  facet normal 0.0654233 -0.997858 0
    outer loop
      vertex 14.4 17.65 6.4
      vertex 14.2368 17.6393 3.4
      vertex 14.4 17.65 3.4
    endloop
  endfacet
  facet normal 0.195175 -0.980768 0
    outer loop
      vertex 14.0765 17.6074 3.4
      vertex 14.2368 17.6393 6.4
      vertex 14.0765 17.6074 6.4
    endloop
  endfacet
  facet normal 0.195175 -0.980768 0
    outer loop
      vertex 14.2368 17.6393 6.4
      vertex 14.0765 17.6074 3.4
      vertex 14.2368 17.6393 3.4
    endloop
  endfacet
  facet normal 0.659414 -0.75178 0
    outer loop
      vertex 13.5161 17.2839 3.4
      vertex 13.639 17.3917 6.4
      vertex 13.5161 17.2839 6.4
    endloop
  endfacet
  facet normal 0.659414 -0.75178 0
    outer loop
      vertex 13.639 17.3917 6.4
      vertex 13.5161 17.2839 3.4
      vertex 13.639 17.3917 3.4
    endloop
  endfacet
  facet normal -0.0654233 0.997858 0
    outer loop
      vertex 14.5632 15.1607 3.4
      vertex 14.4 15.15 6.4
      vertex 14.5632 15.1607 6.4
    endloop
  endfacet
  facet normal -0.0654233 0.997858 0
    outer loop
      vertex 14.4 15.15 6.4
      vertex 14.5632 15.1607 3.4
      vertex 14.4 15.15 3.4
    endloop
  endfacet
  facet normal -0.980768 0.195175 0
    outer loop
      vertex 15.6074 16.0765 3.4
      vertex 15.6393 16.2368 6.4
      vertex 15.6393 16.2368 3.4
    endloop
  endfacet
  facet normal -0.980768 0.195175 0
    outer loop
      vertex 15.6393 16.2368 6.4
      vertex 15.6074 16.0765 3.4
      vertex 15.6074 16.0765 6.4
    endloop
  endfacet
  facet normal -0.195175 0.980768 0
    outer loop
      vertex 14.7235 15.1926 3.4
      vertex 14.5632 15.1607 6.4
      vertex 14.7235 15.1926 6.4
    endloop
  endfacet
  facet normal -0.195175 0.980768 0
    outer loop
      vertex 14.5632 15.1607 6.4
      vertex 14.7235 15.1926 3.4
      vertex 14.5632 15.1607 3.4
    endloop
  endfacet
  facet normal -0.555265 0.831674 0
    outer loop
      vertex 15.161 15.4083 3.4
      vertex 15.025 15.3175 6.4
      vertex 15.161 15.4083 6.4
    endloop
  endfacet
  facet normal -0.555265 0.831674 0
    outer loop
      vertex 15.025 15.3175 6.4
      vertex 15.161 15.4083 3.4
      vertex 15.025 15.3175 3.4
    endloop
  endfacet
  facet normal 0.195175 0.980768 -0
    outer loop
      vertex 14.2368 15.1607 3.4
      vertex 14.0765 15.1926 6.4
      vertex 14.2368 15.1607 6.4
    endloop
  endfacet
  facet normal 0.195175 0.980768 0
    outer loop
      vertex 14.0765 15.1926 6.4
      vertex 14.2368 15.1607 3.4
      vertex 14.0765 15.1926 3.4
    endloop
  endfacet
  facet normal 0.659414 0.75178 -0
    outer loop
      vertex 13.639 15.4083 3.4
      vertex 13.5161 15.5161 6.4
      vertex 13.639 15.4083 6.4
    endloop
  endfacet
  facet normal 0.659414 0.75178 0
    outer loop
      vertex 13.5161 15.5161 6.4
      vertex 13.639 15.4083 3.4
      vertex 13.5161 15.5161 3.4
    endloop
  endfacet
  facet normal 0.946896 0.321541 0
    outer loop
      vertex 13.2452 15.9216 6.4
      vertex 13.1926 16.0765 3.4
      vertex 13.1926 16.0765 6.4
    endloop
  endfacet
  facet normal 0.946896 0.321541 0
    outer loop
      vertex 13.1926 16.0765 3.4
      vertex 13.2452 15.9216 6.4
      vertex 13.2452 15.9216 3.4
    endloop
  endfacet
  facet normal 0.997858 0.0654233 0
    outer loop
      vertex 13.1607 16.2368 6.4
      vertex 13.15 16.4 3.4
      vertex 13.15 16.4 6.4
    endloop
  endfacet
  facet normal 0.997858 0.0654233 0
    outer loop
      vertex 13.15 16.4 3.4
      vertex 13.1607 16.2368 6.4
      vertex 13.1607 16.2368 3.4
    endloop
  endfacet
  facet normal 0 0 1
    outer loop
      vertex 15.6393 16.5632 3.4
      vertex 15.6393 16.2368 3.4
      vertex 15.65 16.4 3.4
    endloop
  endfacet
  facet normal 0 0 1
    outer loop
      vertex 15.6074 16.7235 3.4
      vertex 15.6393 16.2368 3.4
      vertex 15.6393 16.5632 3.4
    endloop
  endfacet
  facet normal 0 0 1
    outer loop
      vertex 15.6074 16.7235 3.4
      vertex 15.6074 16.0765 3.4
      vertex 15.6393 16.2368 3.4
    endloop
  endfacet
  facet normal 0 0 1
    outer loop
      vertex 15.5548 16.8784 3.4
      vertex 15.6074 16.0765 3.4
      vertex 15.6074 16.7235 3.4
    endloop
  endfacet
  facet normal 0 0 1
    outer loop
      vertex 15.5548 16.8784 3.4
      vertex 15.5548 15.9216 3.4
      vertex 15.6074 16.0765 3.4
    endloop
  endfacet
  facet normal 0 0 1
    outer loop
      vertex 15.4825 17.025 3.4
      vertex 15.5548 15.9216 3.4
      vertex 15.5548 16.8784 3.4
    endloop
  endfacet
  facet normal 0 0 1
    outer loop
      vertex 15.4825 17.025 3.4
      vertex 15.4825 15.775 3.4
      vertex 15.5548 15.9216 3.4
    endloop
  endfacet
  facet normal 0 0 1
    outer loop
      vertex 15.3917 17.161 3.4
      vertex 15.4825 15.775 3.4
      vertex 15.4825 17.025 3.4
    endloop
  endfacet
  facet normal 0 0 1
    outer loop
      vertex 15.3917 17.161 3.4
      vertex 15.3917 15.639 3.4
      vertex 15.4825 15.775 3.4
    endloop
  endfacet
  facet normal 0 0 1
    outer loop
      vertex 15.2839 17.2839 3.4
      vertex 15.3917 15.639 3.4
      vertex 15.3917 17.161 3.4
    endloop
  endfacet
  facet normal 0 0 1
    outer loop
      vertex 15.2839 17.2839 3.4
      vertex 15.2839 15.5161 3.4
      vertex 15.3917 15.639 3.4
    endloop
  endfacet
  facet normal 0 0 1
    outer loop
      vertex 15.161 17.3917 3.4
      vertex 15.2839 15.5161 3.4
      vertex 15.2839 17.2839 3.4
    endloop
  endfacet
  facet normal 0 0 1
    outer loop
      vertex 15.161 17.3917 3.4
      vertex 15.161 15.4083 3.4
      vertex 15.2839 15.5161 3.4
    endloop
  endfacet
  facet normal 0 0 1
    outer loop
      vertex 15.025 17.4825 3.4
      vertex 15.161 15.4083 3.4
      vertex 15.161 17.3917 3.4
    endloop
  endfacet
  facet normal 0 0 1
    outer loop
      vertex 15.025 17.4825 3.4
      vertex 15.025 15.3175 3.4
      vertex 15.161 15.4083 3.4
    endloop
  endfacet
  facet normal 0 0 1
    outer loop
      vertex 14.8784 17.5548 3.4
      vertex 15.025 15.3175 3.4
      vertex 15.025 17.4825 3.4
    endloop
  endfacet
  facet normal 0 0 1
    outer loop
      vertex 14.8784 17.5548 3.4
      vertex 14.8784 15.2452 3.4
      vertex 15.025 15.3175 3.4
    endloop
  endfacet
  facet normal 0 0 1
    outer loop
      vertex 14.7235 17.6074 3.4
      vertex 14.8784 15.2452 3.4
      vertex 14.8784 17.5548 3.4
    endloop
  endfacet
  facet normal 0 0 1
    outer loop
      vertex 14.7235 17.6074 3.4
      vertex 14.7235 15.1926 3.4
      vertex 14.8784 15.2452 3.4
    endloop
  endfacet
  facet normal 0 0 1
    outer loop
      vertex 14.5632 17.6393 3.4
      vertex 14.7235 15.1926 3.4
      vertex 14.7235 17.6074 3.4
    endloop
  endfacet
  facet normal 0 0 1
    outer loop
      vertex 14.5632 17.6393 3.4
      vertex 14.5632 15.1607 3.4
      vertex 14.7235 15.1926 3.4
    endloop
  endfacet
  facet normal 0 0 1
    outer loop
      vertex 14.4 17.65 3.4
      vertex 14.5632 15.1607 3.4
      vertex 14.5632 17.6393 3.4
    endloop
  endfacet
  facet normal 0 0 1
    outer loop
      vertex 14.4 17.65 3.4
      vertex 14.4 15.15 3.4
      vertex 14.5632 15.1607 3.4
    endloop
  endfacet
  facet normal -0 0 1
    outer loop
      vertex 14.2368 17.6393 3.4
      vertex 14.4 15.15 3.4
      vertex 14.4 17.65 3.4
    endloop
  endfacet
  facet normal 0 0 1
    outer loop
      vertex 14.2368 17.6393 3.4
      vertex 14.2368 15.1607 3.4
      vertex 14.4 15.15 3.4
    endloop
  endfacet
  facet normal -0 0 1
    outer loop
      vertex 14.0765 17.6074 3.4
      vertex 14.2368 15.1607 3.4
      vertex 14.2368 17.6393 3.4
    endloop
  endfacet
  facet normal 0 0 1
    outer loop
      vertex 14.0765 17.6074 3.4
      vertex 14.0765 15.1926 3.4
      vertex 14.2368 15.1607 3.4
    endloop
  endfacet
  facet normal -0 0 1
    outer loop
      vertex 13.9216 17.5548 3.4
      vertex 14.0765 15.1926 3.4
      vertex 14.0765 17.6074 3.4
    endloop
  endfacet
  facet normal 0 0 1
    outer loop
      vertex 13.9216 17.5548 3.4
      vertex 13.9216 15.2452 3.4
      vertex 14.0765 15.1926 3.4
    endloop
  endfacet
  facet normal -0 0 1
    outer loop
      vertex 13.775 17.4825 3.4
      vertex 13.9216 15.2452 3.4
      vertex 13.9216 17.5548 3.4
    endloop
  endfacet
  facet normal 0 0 1
    outer loop
      vertex 13.775 17.4825 3.4
      vertex 13.775 15.3175 3.4
      vertex 13.9216 15.2452 3.4
    endloop
  endfacet
  facet normal -0 0 1
    outer loop
      vertex 13.639 17.3917 3.4
      vertex 13.775 15.3175 3.4
      vertex 13.775 17.4825 3.4
    endloop
  endfacet
  facet normal 0 0 1
    outer loop
      vertex 13.639 17.3917 3.4
      vertex 13.639 15.4083 3.4
      vertex 13.775 15.3175 3.4
    endloop
  endfacet
  facet normal -0 0 1
    outer loop
      vertex 13.5161 17.2839 3.4
      vertex 13.639 15.4083 3.4
      vertex 13.639 17.3917 3.4
    endloop
  endfacet
  facet normal 0 0 1
    outer loop
      vertex 13.5161 17.2839 3.4
      vertex 13.5161 15.5161 3.4
      vertex 13.639 15.4083 3.4
    endloop
  endfacet
  facet normal -0 0 1
    outer loop
      vertex 13.4083 17.161 3.4
      vertex 13.5161 15.5161 3.4
      vertex 13.5161 17.2839 3.4
    endloop
  endfacet
  facet normal 0 0 1
    outer loop
      vertex 13.4083 17.161 3.4
      vertex 13.4083 15.639 3.4
      vertex 13.5161 15.5161 3.4
    endloop
  endfacet
  facet normal -0 0 1
    outer loop
      vertex 13.3175 17.025 3.4
      vertex 13.4083 15.639 3.4
      vertex 13.4083 17.161 3.4
    endloop
  endfacet
  facet normal 0 0 1
    outer loop
      vertex 13.3175 17.025 3.4
      vertex 13.3175 15.775 3.4
      vertex 13.4083 15.639 3.4
    endloop
  endfacet
  facet normal -0 0 1
    outer loop
      vertex 13.2452 16.8784 3.4
      vertex 13.3175 15.775 3.4
      vertex 13.3175 17.025 3.4
    endloop
  endfacet
  facet normal 0 0 1
    outer loop
      vertex 13.2452 16.8784 3.4
      vertex 13.2452 15.9216 3.4
      vertex 13.3175 15.775 3.4
    endloop
  endfacet
  facet normal -0 0 1
    outer loop
      vertex 13.1926 16.7235 3.4
      vertex 13.2452 15.9216 3.4
      vertex 13.2452 16.8784 3.4
    endloop
  endfacet
  facet normal 0 0 1
    outer loop
      vertex 13.1926 16.7235 3.4
      vertex 13.1926 16.0765 3.4
      vertex 13.2452 15.9216 3.4
    endloop
  endfacet
  facet normal -0 0 1
    outer loop
      vertex 13.1607 16.5632 3.4
      vertex 13.1926 16.0765 3.4
      vertex 13.1926 16.7235 3.4
    endloop
  endfacet
  facet normal 0 0 1
    outer loop
      vertex 13.1607 16.5632 3.4
      vertex 13.1607 16.2368 3.4
      vertex 13.1926 16.0765 3.4
    endloop
  endfacet
  facet normal 0 -0 1
    outer loop
      vertex 13.1607 16.2368 3.4
      vertex 13.1607 16.5632 3.4
      vertex 13.15 16.4 3.4
    endloop
  endfacet
  facet normal 0.831674 0.555265 0
    outer loop
      vertex 13.4083 15.639 6.4
      vertex 13.3175 15.775 3.4
      vertex 13.3175 15.775 6.4
    endloop
  endfacet
  facet normal 0.831674 0.555265 0
    outer loop
      vertex 13.3175 15.775 3.4
      vertex 13.4083 15.639 6.4
      vertex 13.4083 15.639 3.4
    endloop
  endfacet
  facet normal 0.75178 0.659414 0
    outer loop
      vertex 13.5161 15.5161 6.4
      vertex 13.4083 15.639 3.4
      vertex 13.4083 15.639 6.4
    endloop
  endfacet
  facet normal 0.75178 0.659414 0
    outer loop
      vertex 13.4083 15.639 3.4
      vertex 13.5161 15.5161 6.4
      vertex 13.5161 15.5161 3.4
    endloop
  endfacet
  facet normal 0.980768 -0.195175 0
    outer loop
      vertex 13.1607 16.5632 6.4
      vertex 13.1926 16.7235 3.4
      vertex 13.1926 16.7235 6.4
    endloop
  endfacet
  facet normal 0.980768 -0.195175 0
    outer loop
      vertex 13.1926 16.7235 3.4
      vertex 13.1607 16.5632 6.4
      vertex 13.1607 16.5632 3.4
    endloop
  endfacet
  facet normal -0.896861 0.442313 0
    outer loop
      vertex 15.4825 15.775 3.4
      vertex 15.5548 15.9216 6.4
      vertex 15.5548 15.9216 3.4
    endloop
  endfacet
  facet normal -0.896861 0.442313 0
    outer loop
      vertex 15.5548 15.9216 6.4
      vertex 15.4825 15.775 3.4
      vertex 15.4825 15.775 6.4
    endloop
  endfacet
  facet normal -0.831674 0.555265 0
    outer loop
      vertex 15.3917 15.639 3.4
      vertex 15.4825 15.775 6.4
      vertex 15.4825 15.775 3.4
    endloop
  endfacet
  facet normal -0.831674 0.555265 0
    outer loop
      vertex 15.4825 15.775 6.4
      vertex 15.3917 15.639 3.4
      vertex 15.3917 15.639 6.4
    endloop
  endfacet
  facet normal -0.946896 0.321541 0
    outer loop
      vertex 15.5548 15.9216 3.4
      vertex 15.6074 16.0765 6.4
      vertex 15.6074 16.0765 3.4
    endloop
  endfacet
  facet normal -0.946896 0.321541 0
    outer loop
      vertex 15.6074 16.0765 6.4
      vertex 15.5548 15.9216 3.4
      vertex 15.5548 15.9216 6.4
    endloop
  endfacet
  facet normal 0.659278 0.7519 -0
    outer loop
      vertex 16.8749 46.8749 2.4
      vertex 16.5307 47.1767 6.4
      vertex 16.8749 46.8749 6.4
    endloop
  endfacet
  facet normal 0.659278 0.7519 0
    outer loop
      vertex 16.5307 47.1767 6.4
      vertex 16.8749 46.8749 2.4
      vertex 16.5307 47.1767 2.4
    endloop
  endfacet
  facet normal -0.946966 0.321335 0
    outer loop
      vertex 11.0193 45.3059 2.4
      vertex 11.1664 45.7394 6.4
      vertex 11.1664 45.7394 2.4
    endloop
  endfacet
  facet normal -0.946966 0.321335 0
    outer loop
      vertex 11.1664 45.7394 6.4
      vertex 11.0193 45.3059 2.4
      vertex 11.0193 45.3059 6.4
    endloop
  endfacet
  facet normal 0.997865 -0.0653156 0
    outer loop
      vertex 17.8701 43.9432 6.4
      vertex 17.9 44.4 2.4
      vertex 17.9 44.4 6.4
    endloop
  endfacet
  facet normal 0.997865 -0.0653156 0
    outer loop
      vertex 17.9 44.4 2.4
      vertex 17.8701 43.9432 6.4
      vertex 17.8701 43.9432 2.4
    endloop
  endfacet
  facet normal -0.321335 -0.946966 0
    outer loop
      vertex 13.0606 41.1664 2.4
      vertex 13.4941 41.0193 6.4
      vertex 13.0606 41.1664 6.4
    endloop
  endfacet
  facet normal -0.321335 -0.946966 -0
    outer loop
      vertex 13.4941 41.0193 6.4
      vertex 13.0606 41.1664 2.4
      vertex 13.4941 41.0193 2.4
    endloop
  endfacet
  facet normal 0.555607 0.831445 -0
    outer loop
      vertex 16.5307 47.1767 2.4
      vertex 16.15 47.4311 6.4
      vertex 16.5307 47.1767 6.4
    endloop
  endfacet
  facet normal 0.555607 0.831445 0
    outer loop
      vertex 16.15 47.4311 6.4
      vertex 16.5307 47.1767 2.4
      vertex 16.15 47.4311 2.4
    endloop
  endfacet
  facet normal -0.321335 0.946966 0
    outer loop
      vertex 13.4941 47.7807 2.4
      vertex 13.0606 47.6336 6.4
      vertex 13.4941 47.7807 6.4
    endloop
  endfacet
  facet normal -0.321335 0.946966 0
    outer loop
      vertex 13.0606 47.6336 6.4
      vertex 13.4941 47.7807 2.4
      vertex 13.0606 47.6336 2.4
    endloop
  endfacet
  facet normal -0.89686 0.442314 0
    outer loop
      vertex 11.1664 45.7394 2.4
      vertex 11.3689 46.15 6.4
      vertex 11.3689 46.15 2.4
    endloop
  endfacet
  facet normal -0.89686 0.442314 0
    outer loop
      vertex 11.3689 46.15 6.4
      vertex 11.1664 45.7394 2.4
      vertex 11.1664 45.7394 6.4
    endloop
  endfacet
  facet normal -0.89686 -0.442314 0
    outer loop
      vertex 11.3689 42.65 2.4
      vertex 11.1664 43.0606 6.4
      vertex 11.1664 43.0606 2.4
    endloop
  endfacet
  facet normal -0.89686 -0.442314 0
    outer loop
      vertex 11.1664 43.0606 6.4
      vertex 11.3689 42.65 2.4
      vertex 11.3689 42.65 6.4
    endloop
  endfacet
  facet normal 0.946966 0.321335 0
    outer loop
      vertex 17.7807 45.3059 6.4
      vertex 17.6336 45.7394 2.4
      vertex 17.6336 45.7394 6.4
    endloop
  endfacet
  facet normal 0.946966 0.321335 0
    outer loop
      vertex 17.6336 45.7394 2.4
      vertex 17.7807 45.3059 6.4
      vertex 17.7807 45.3059 2.4
    endloop
  endfacet
  facet normal 0.831445 0.555607 0
    outer loop
      vertex 17.4311 46.15 6.4
      vertex 17.1767 46.5307 2.4
      vertex 17.1767 46.5307 6.4
    endloop
  endfacet
  facet normal 0.831445 0.555607 0
    outer loop
      vertex 17.1767 46.5307 2.4
      vertex 17.4311 46.15 6.4
      vertex 17.4311 46.15 2.4
    endloop
  endfacet
  facet normal 0.7519 0.659278 0
    outer loop
      vertex 17.1767 46.5307 6.4
      vertex 16.8749 46.8749 2.4
      vertex 16.8749 46.8749 6.4
    endloop
  endfacet
  facet normal 0.7519 0.659278 0
    outer loop
      vertex 16.8749 46.8749 2.4
      vertex 17.1767 46.5307 6.4
      vertex 17.1767 46.5307 2.4
    endloop
  endfacet
  facet normal 0.442314 0.89686 -0
    outer loop
      vertex 16.15 47.4311 2.4
      vertex 15.7394 47.6336 6.4
      vertex 16.15 47.4311 6.4
    endloop
  endfacet
  facet normal 0.442314 0.89686 0
    outer loop
      vertex 15.7394 47.6336 6.4
      vertex 16.15 47.4311 2.4
      vertex 15.7394 47.6336 2.4
    endloop
  endfacet
  facet normal 0.321335 0.946966 -0
    outer loop
      vertex 15.7394 47.6336 2.4
      vertex 15.3059 47.7807 6.4
      vertex 15.7394 47.6336 6.4
    endloop
  endfacet
  facet normal 0.321335 0.946966 0
    outer loop
      vertex 15.3059 47.7807 6.4
      vertex 15.7394 47.6336 2.4
      vertex 15.3059 47.7807 2.4
    endloop
  endfacet
  facet normal -0.7519 0.659278 0
    outer loop
      vertex 11.6233 46.5307 2.4
      vertex 11.9251 46.8749 6.4
      vertex 11.9251 46.8749 2.4
    endloop
  endfacet
  facet normal -0.7519 0.659278 0
    outer loop
      vertex 11.9251 46.8749 6.4
      vertex 11.6233 46.5307 2.4
      vertex 11.6233 46.5307 6.4
    endloop
  endfacet
  facet normal -0.442314 0.89686 0
    outer loop
      vertex 13.0606 47.6336 2.4
      vertex 12.65 47.4311 6.4
      vertex 13.0606 47.6336 6.4
    endloop
  endfacet
  facet normal -0.442314 0.89686 0
    outer loop
      vertex 12.65 47.4311 6.4
      vertex 13.0606 47.6336 2.4
      vertex 12.65 47.4311 2.4
    endloop
  endfacet
  facet normal -0.555607 0.831445 0
    outer loop
      vertex 12.65 47.4311 2.4
      vertex 12.2693 47.1767 6.4
      vertex 12.65 47.4311 6.4
    endloop
  endfacet
  facet normal -0.555607 0.831445 0
    outer loop
      vertex 12.2693 47.1767 6.4
      vertex 12.65 47.4311 2.4
      vertex 12.2693 47.1767 2.4
    endloop
  endfacet
  facet normal 0.997865 0.0653156 0
    outer loop
      vertex 17.9 44.4 6.4
      vertex 17.8701 44.8568 2.4
      vertex 17.8701 44.8568 6.4
    endloop
  endfacet
  facet normal 0.997865 0.0653156 0
    outer loop
      vertex 17.8701 44.8568 2.4
      vertex 17.9 44.4 6.4
      vertex 17.9 44.4 2.4
    endloop
  endfacet
  facet normal 0.321335 -0.946966 0
    outer loop
      vertex 15.3059 41.0193 2.4
      vertex 15.7394 41.1664 6.4
      vertex 15.3059 41.0193 6.4
    endloop
  endfacet
  facet normal 0.321335 -0.946966 0
    outer loop
      vertex 15.7394 41.1664 6.4
      vertex 15.3059 41.0193 2.4
      vertex 15.7394 41.1664 2.4
    endloop
  endfacet
  facet normal 0.89686 -0.442314 0
    outer loop
      vertex 17.4311 42.65 6.4
      vertex 17.6336 43.0606 2.4
      vertex 17.6336 43.0606 6.4
    endloop
  endfacet
  facet normal 0.89686 -0.442314 0
    outer loop
      vertex 17.6336 43.0606 2.4
      vertex 17.4311 42.65 6.4
      vertex 17.4311 42.65 2.4
    endloop
  endfacet
  facet normal 0.659278 -0.7519 0
    outer loop
      vertex 16.5307 41.6233 2.4
      vertex 16.8749 41.9251 6.4
      vertex 16.5307 41.6233 6.4
    endloop
  endfacet
  facet normal 0.659278 -0.7519 0
    outer loop
      vertex 16.8749 41.9251 6.4
      vertex 16.5307 41.6233 2.4
      vertex 16.8749 41.9251 2.4
    endloop
  endfacet
  facet normal 0.442314 -0.89686 0
    outer loop
      vertex 15.7394 41.1664 2.4
      vertex 16.15 41.3689 6.4
      vertex 15.7394 41.1664 6.4
    endloop
  endfacet
  facet normal 0.442314 -0.89686 0
    outer loop
      vertex 16.15 41.3689 6.4
      vertex 15.7394 41.1664 2.4
      vertex 16.15 41.3689 2.4
    endloop
  endfacet
  facet normal -0.0653156 -0.997865 0
    outer loop
      vertex 13.9432 40.9299 2.4
      vertex 14.4 40.9 6.4
      vertex 13.9432 40.9299 6.4
    endloop
  endfacet
  facet normal -0.0653156 -0.997865 -0
    outer loop
      vertex 14.4 40.9 6.4
      vertex 13.9432 40.9299 2.4
      vertex 14.4 40.9 2.4
    endloop
  endfacet
  facet normal -0.442314 -0.89686 0
    outer loop
      vertex 12.65 41.3689 2.4
      vertex 13.0606 41.1664 6.4
      vertex 12.65 41.3689 6.4
    endloop
  endfacet
  facet normal -0.442314 -0.89686 -0
    outer loop
      vertex 13.0606 41.1664 6.4
      vertex 12.65 41.3689 2.4
      vertex 13.0606 41.1664 2.4
    endloop
  endfacet
  facet normal -0.980757 -0.195234 0
    outer loop
      vertex 11.0193 43.4941 2.4
      vertex 10.9299 43.9432 6.4
      vertex 10.9299 43.9432 2.4
    endloop
  endfacet
  facet normal -0.980757 -0.195234 0
    outer loop
      vertex 10.9299 43.9432 6.4
      vertex 11.0193 43.4941 2.4
      vertex 11.0193 43.4941 6.4
    endloop
  endfacet
  facet normal 0.980757 0.195234 0
    outer loop
      vertex 17.8701 44.8568 6.4
      vertex 17.7807 45.3059 2.4
      vertex 17.7807 45.3059 6.4
    endloop
  endfacet
  facet normal 0.980757 0.195234 0
    outer loop
      vertex 17.7807 45.3059 2.4
      vertex 17.8701 44.8568 6.4
      vertex 17.8701 44.8568 2.4
    endloop
  endfacet
  facet normal 0.89686 0.442314 0
    outer loop
      vertex 17.6336 45.7394 6.4
      vertex 17.4311 46.15 2.4
      vertex 17.4311 46.15 6.4
    endloop
  endfacet
  facet normal 0.89686 0.442314 0
    outer loop
      vertex 17.4311 46.15 2.4
      vertex 17.6336 45.7394 6.4
      vertex 17.6336 45.7394 2.4
    endloop
  endfacet
  facet normal 0.0653156 0.997865 -0
    outer loop
      vertex 14.8568 47.8701 2.4
      vertex 14.4 47.9 6.4
      vertex 14.8568 47.8701 6.4
    endloop
  endfacet
  facet normal 0.0653156 0.997865 0
    outer loop
      vertex 14.4 47.9 6.4
      vertex 14.8568 47.8701 2.4
      vertex 14.4 47.9 2.4
    endloop
  endfacet
  facet normal -0.997865 0.0653156 0
    outer loop
      vertex 10.9 44.4 2.4
      vertex 10.9299 44.8568 6.4
      vertex 10.9299 44.8568 2.4
    endloop
  endfacet
  facet normal -0.997865 0.0653156 0
    outer loop
      vertex 10.9299 44.8568 6.4
      vertex 10.9 44.4 2.4
      vertex 10.9 44.4 6.4
    endloop
  endfacet
  facet normal -0.831445 0.555607 0
    outer loop
      vertex 11.3689 46.15 2.4
      vertex 11.6233 46.5307 6.4
      vertex 11.6233 46.5307 2.4
    endloop
  endfacet
  facet normal -0.831445 0.555607 0
    outer loop
      vertex 11.6233 46.5307 6.4
      vertex 11.3689 46.15 2.4
      vertex 11.3689 46.15 6.4
    endloop
  endfacet
  facet normal -0.0653156 0.997865 0
    outer loop
      vertex 14.4 47.9 2.4
      vertex 13.9432 47.8701 6.4
      vertex 14.4 47.9 6.4
    endloop
  endfacet
  facet normal -0.0653156 0.997865 0
    outer loop
      vertex 13.9432 47.8701 6.4
      vertex 14.4 47.9 2.4
      vertex 13.9432 47.8701 2.4
    endloop
  endfacet
  facet normal -0.195234 0.980757 0
    outer loop
      vertex 13.9432 47.8701 2.4
      vertex 13.4941 47.7807 6.4
      vertex 13.9432 47.8701 6.4
    endloop
  endfacet
  facet normal -0.195234 0.980757 0
    outer loop
      vertex 13.4941 47.7807 6.4
      vertex 13.9432 47.8701 2.4
      vertex 13.4941 47.7807 2.4
    endloop
  endfacet
  facet normal -0.659278 0.7519 0
    outer loop
      vertex 12.2693 47.1767 2.4
      vertex 11.9251 46.8749 6.4
      vertex 12.2693 47.1767 6.4
    endloop
  endfacet
  facet normal -0.659278 0.7519 0
    outer loop
      vertex 11.9251 46.8749 6.4
      vertex 12.2693 47.1767 2.4
      vertex 11.9251 46.8749 2.4
    endloop
  endfacet
  facet normal 0.0653156 -0.997865 0
    outer loop
      vertex 14.4 40.9 2.4
      vertex 14.8568 40.9299 6.4
      vertex 14.4 40.9 6.4
    endloop
  endfacet
  facet normal 0.0653156 -0.997865 0
    outer loop
      vertex 14.8568 40.9299 6.4
      vertex 14.4 40.9 2.4
      vertex 14.8568 40.9299 2.4
    endloop
  endfacet
  facet normal 0.980757 -0.195234 0
    outer loop
      vertex 17.7807 43.4941 6.4
      vertex 17.8701 43.9432 2.4
      vertex 17.8701 43.9432 6.4
    endloop
  endfacet
  facet normal 0.980757 -0.195234 0
    outer loop
      vertex 17.8701 43.9432 2.4
      vertex 17.7807 43.4941 6.4
      vertex 17.7807 43.4941 2.4
    endloop
  endfacet
  facet normal 0.831445 -0.555607 0
    outer loop
      vertex 17.1767 42.2693 6.4
      vertex 17.4311 42.65 2.4
      vertex 17.4311 42.65 6.4
    endloop
  endfacet
  facet normal 0.831445 -0.555607 0
    outer loop
      vertex 17.4311 42.65 2.4
      vertex 17.1767 42.2693 6.4
      vertex 17.1767 42.2693 2.4
    endloop
  endfacet
  facet normal 0.195234 -0.980757 0
    outer loop
      vertex 14.8568 40.9299 2.4
      vertex 15.3059 41.0193 6.4
      vertex 14.8568 40.9299 6.4
    endloop
  endfacet
  facet normal 0.195234 -0.980757 0
    outer loop
      vertex 15.3059 41.0193 6.4
      vertex 14.8568 40.9299 2.4
      vertex 15.3059 41.0193 2.4
    endloop
  endfacet
  facet normal 0.555607 -0.831445 0
    outer loop
      vertex 16.15 41.3689 2.4
      vertex 16.5307 41.6233 6.4
      vertex 16.15 41.3689 6.4
    endloop
  endfacet
  facet normal 0.555607 -0.831445 0
    outer loop
      vertex 16.5307 41.6233 6.4
      vertex 16.15 41.3689 2.4
      vertex 16.5307 41.6233 2.4
    endloop
  endfacet
  facet normal -0.195234 -0.980757 0
    outer loop
      vertex 13.4941 41.0193 2.4
      vertex 13.9432 40.9299 6.4
      vertex 13.4941 41.0193 6.4
    endloop
  endfacet
  facet normal -0.195234 -0.980757 -0
    outer loop
      vertex 13.9432 40.9299 6.4
      vertex 13.4941 41.0193 2.4
      vertex 13.9432 40.9299 2.4
    endloop
  endfacet
  facet normal -0.659278 -0.7519 0
    outer loop
      vertex 11.9251 41.9251 2.4
      vertex 12.2693 41.6233 6.4
      vertex 11.9251 41.9251 6.4
    endloop
  endfacet
  facet normal -0.659278 -0.7519 -0
    outer loop
      vertex 12.2693 41.6233 6.4
      vertex 11.9251 41.9251 2.4
      vertex 12.2693 41.6233 2.4
    endloop
  endfacet
  facet normal -0.946966 -0.321335 0
    outer loop
      vertex 11.1664 43.0606 2.4
      vertex 11.0193 43.4941 6.4
      vertex 11.0193 43.4941 2.4
    endloop
  endfacet
  facet normal -0.946966 -0.321335 0
    outer loop
      vertex 11.0193 43.4941 6.4
      vertex 11.1664 43.0606 2.4
      vertex 11.1664 43.0606 6.4
    endloop
  endfacet
  facet normal -0.997865 -0.0653156 0
    outer loop
      vertex 10.9299 43.9432 2.4
      vertex 10.9 44.4 6.4
      vertex 10.9 44.4 2.4
    endloop
  endfacet
  facet normal -0.997865 -0.0653156 0
    outer loop
      vertex 10.9 44.4 6.4
      vertex 10.9299 43.9432 2.4
      vertex 10.9299 43.9432 6.4
    endloop
  endfacet
  facet normal 0 0 -1
    outer loop
      vertex 17.8701 43.9432 2.4
      vertex 17.8701 44.8568 2.4
      vertex 17.9 44.4 2.4
    endloop
  endfacet
  facet normal 0 0 -1
    outer loop
      vertex 17.7807 43.4941 2.4
      vertex 17.8701 44.8568 2.4
      vertex 17.8701 43.9432 2.4
    endloop
  endfacet
  facet normal 0 0 -1
    outer loop
      vertex 17.7807 43.4941 2.4
      vertex 17.7807 45.3059 2.4
      vertex 17.8701 44.8568 2.4
    endloop
  endfacet
  facet normal 0 0 -1
    outer loop
      vertex 17.6336 43.0606 2.4
      vertex 17.7807 45.3059 2.4
      vertex 17.7807 43.4941 2.4
    endloop
  endfacet
  facet normal 0 0 -1
    outer loop
      vertex 17.6336 43.0606 2.4
      vertex 17.6336 45.7394 2.4
      vertex 17.7807 45.3059 2.4
    endloop
  endfacet
  facet normal 0 0 -1
    outer loop
      vertex 17.4311 42.65 2.4
      vertex 17.6336 45.7394 2.4
      vertex 17.6336 43.0606 2.4
    endloop
  endfacet
  facet normal 0 0 -1
    outer loop
      vertex 17.4311 42.65 2.4
      vertex 17.4311 46.15 2.4
      vertex 17.6336 45.7394 2.4
    endloop
  endfacet
  facet normal 0 0 -1
    outer loop
      vertex 17.1767 42.2693 2.4
      vertex 17.4311 46.15 2.4
      vertex 17.4311 42.65 2.4
    endloop
  endfacet
  facet normal 0 0 -1
    outer loop
      vertex 17.1767 42.2693 2.4
      vertex 17.1767 46.5307 2.4
      vertex 17.4311 46.15 2.4
    endloop
  endfacet
  facet normal 0 0 -1
    outer loop
      vertex 16.8749 41.9251 2.4
      vertex 17.1767 46.5307 2.4
      vertex 17.1767 42.2693 2.4
    endloop
  endfacet
  facet normal 0 0 -1
    outer loop
      vertex 16.8749 41.9251 2.4
      vertex 16.8749 46.8749 2.4
      vertex 17.1767 46.5307 2.4
    endloop
  endfacet
  facet normal 0 0 -1
    outer loop
      vertex 16.5307 41.6233 2.4
      vertex 16.8749 46.8749 2.4
      vertex 16.8749 41.9251 2.4
    endloop
  endfacet
  facet normal 0 0 -1
    outer loop
      vertex 16.5307 41.6233 2.4
      vertex 16.5307 47.1767 2.4
      vertex 16.8749 46.8749 2.4
    endloop
  endfacet
  facet normal 0 0 -1
    outer loop
      vertex 16.15 41.3689 2.4
      vertex 16.5307 47.1767 2.4
      vertex 16.5307 41.6233 2.4
    endloop
  endfacet
  facet normal 0 0 -1
    outer loop
      vertex 16.15 41.3689 2.4
      vertex 16.15 47.4311 2.4
      vertex 16.5307 47.1767 2.4
    endloop
  endfacet
  facet normal 0 0 -1
    outer loop
      vertex 15.7394 41.1664 2.4
      vertex 16.15 47.4311 2.4
      vertex 16.15 41.3689 2.4
    endloop
  endfacet
  facet normal 0 0 -1
    outer loop
      vertex 15.7394 41.1664 2.4
      vertex 15.7394 47.6336 2.4
      vertex 16.15 47.4311 2.4
    endloop
  endfacet
  facet normal 0 0 -1
    outer loop
      vertex 15.3059 41.0193 2.4
      vertex 15.7394 47.6336 2.4
      vertex 15.7394 41.1664 2.4
    endloop
  endfacet
  facet normal 0 0 -1
    outer loop
      vertex 15.3059 41.0193 2.4
      vertex 15.3059 47.7807 2.4
      vertex 15.7394 47.6336 2.4
    endloop
  endfacet
  facet normal 0 0 -1
    outer loop
      vertex 14.8568 40.9299 2.4
      vertex 15.3059 47.7807 2.4
      vertex 15.3059 41.0193 2.4
    endloop
  endfacet
  facet normal 0 0 -1
    outer loop
      vertex 14.8568 40.9299 2.4
      vertex 14.8568 47.8701 2.4
      vertex 15.3059 47.7807 2.4
    endloop
  endfacet
  facet normal 0 0 -1
    outer loop
      vertex 14.4 40.9 2.4
      vertex 14.8568 47.8701 2.4
      vertex 14.8568 40.9299 2.4
    endloop
  endfacet
  facet normal 0 0 -1
    outer loop
      vertex 14.4 40.9 2.4
      vertex 14.4 47.9 2.4
      vertex 14.8568 47.8701 2.4
    endloop
  endfacet
  facet normal 0 0 -1
    outer loop
      vertex 13.9432 40.9299 2.4
      vertex 14.4 47.9 2.4
      vertex 14.4 40.9 2.4
    endloop
  endfacet
  facet normal 0 0 -1
    outer loop
      vertex 13.9432 40.9299 2.4
      vertex 13.9432 47.8701 2.4
      vertex 14.4 47.9 2.4
    endloop
  endfacet
  facet normal 0 0 -1
    outer loop
      vertex 13.4941 41.0193 2.4
      vertex 13.9432 47.8701 2.4
      vertex 13.9432 40.9299 2.4
    endloop
  endfacet
  facet normal 0 0 -1
    outer loop
      vertex 13.4941 41.0193 2.4
      vertex 13.4941 47.7807 2.4
      vertex 13.9432 47.8701 2.4
    endloop
  endfacet
  facet normal 0 0 -1
    outer loop
      vertex 13.0606 41.1664 2.4
      vertex 13.4941 47.7807 2.4
      vertex 13.4941 41.0193 2.4
    endloop
  endfacet
  facet normal 0 0 -1
    outer loop
      vertex 13.0606 41.1664 2.4
      vertex 13.0606 47.6336 2.4
      vertex 13.4941 47.7807 2.4
    endloop
  endfacet
  facet normal 0 0 -1
    outer loop
      vertex 12.65 41.3689 2.4
      vertex 13.0606 47.6336 2.4
      vertex 13.0606 41.1664 2.4
    endloop
  endfacet
  facet normal 0 0 -1
    outer loop
      vertex 12.65 41.3689 2.4
      vertex 12.65 47.4311 2.4
      vertex 13.0606 47.6336 2.4
    endloop
  endfacet
  facet normal 0 0 -1
    outer loop
      vertex 12.2693 41.6233 2.4
      vertex 12.65 47.4311 2.4
      vertex 12.65 41.3689 2.4
    endloop
  endfacet
  facet normal 0 0 -1
    outer loop
      vertex 12.2693 41.6233 2.4
      vertex 12.2693 47.1767 2.4
      vertex 12.65 47.4311 2.4
    endloop
  endfacet
  facet normal 0 0 -1
    outer loop
      vertex 11.9251 41.9251 2.4
      vertex 12.2693 47.1767 2.4
      vertex 12.2693 41.6233 2.4
    endloop
  endfacet
  facet normal 0 0 -1
    outer loop
      vertex 11.9251 41.9251 2.4
      vertex 11.9251 46.8749 2.4
      vertex 12.2693 47.1767 2.4
    endloop
  endfacet
  facet normal 0 0 -1
    outer loop
      vertex 11.6233 42.2693 2.4
      vertex 11.9251 46.8749 2.4
      vertex 11.9251 41.9251 2.4
    endloop
  endfacet
  facet normal 0 0 -1
    outer loop
      vertex 11.6233 42.2693 2.4
      vertex 11.6233 46.5307 2.4
      vertex 11.9251 46.8749 2.4
    endloop
  endfacet
  facet normal 0 0 -1
    outer loop
      vertex 11.3689 42.65 2.4
      vertex 11.6233 46.5307 2.4
      vertex 11.6233 42.2693 2.4
    endloop
  endfacet
  facet normal 0 0 -1
    outer loop
      vertex 11.3689 42.65 2.4
      vertex 11.3689 46.15 2.4
      vertex 11.6233 46.5307 2.4
    endloop
  endfacet
  facet normal 0 0 -1
    outer loop
      vertex 11.1664 43.0606 2.4
      vertex 11.3689 46.15 2.4
      vertex 11.3689 42.65 2.4
    endloop
  endfacet
  facet normal 0 0 -1
    outer loop
      vertex 11.1664 43.0606 2.4
      vertex 11.1664 45.7394 2.4
      vertex 11.3689 46.15 2.4
    endloop
  endfacet
  facet normal 0 0 -1
    outer loop
      vertex 11.0193 43.4941 2.4
      vertex 11.1664 45.7394 2.4
      vertex 11.1664 43.0606 2.4
    endloop
  endfacet
  facet normal 0 0 -1
    outer loop
      vertex 11.0193 43.4941 2.4
      vertex 11.0193 45.3059 2.4
      vertex 11.1664 45.7394 2.4
    endloop
  endfacet
  facet normal 0 0 -1
    outer loop
      vertex 10.9299 43.9432 2.4
      vertex 11.0193 45.3059 2.4
      vertex 11.0193 43.4941 2.4
    endloop
  endfacet
  facet normal 0 0 -1
    outer loop
      vertex 10.9299 43.9432 2.4
      vertex 10.9299 44.8568 2.4
      vertex 11.0193 45.3059 2.4
    endloop
  endfacet
  facet normal 0 -0 -1
    outer loop
      vertex 10.9299 44.8568 2.4
      vertex 10.9299 43.9432 2.4
      vertex 10.9 44.4 2.4
    endloop
  endfacet
  facet normal -0.831445 -0.555607 0
    outer loop
      vertex 11.6233 42.2693 2.4
      vertex 11.3689 42.65 6.4
      vertex 11.3689 42.65 2.4
    endloop
  endfacet
  facet normal -0.831445 -0.555607 0
    outer loop
      vertex 11.3689 42.65 6.4
      vertex 11.6233 42.2693 2.4
      vertex 11.6233 42.2693 6.4
    endloop
  endfacet
  facet normal -0.7519 -0.659278 0
    outer loop
      vertex 11.9251 41.9251 2.4
      vertex 11.6233 42.2693 6.4
      vertex 11.6233 42.2693 2.4
    endloop
  endfacet
  facet normal -0.7519 -0.659278 0
    outer loop
      vertex 11.6233 42.2693 6.4
      vertex 11.9251 41.9251 2.4
      vertex 11.9251 41.9251 6.4
    endloop
  endfacet
  facet normal 0.195234 0.980757 -0
    outer loop
      vertex 15.3059 47.7807 2.4
      vertex 14.8568 47.8701 6.4
      vertex 15.3059 47.7807 6.4
    endloop
  endfacet
  facet normal 0.195234 0.980757 0
    outer loop
      vertex 14.8568 47.8701 6.4
      vertex 15.3059 47.7807 2.4
      vertex 14.8568 47.8701 2.4
    endloop
  endfacet
  facet normal 0 0 1
    outer loop
      vertex 15.65 44.4 6.4
      vertex 17.9 44.4 6.4
      vertex 17.8701 44.8568 6.4
    endloop
  endfacet
  facet normal 0 0 1
    outer loop
      vertex 15.6393 44.5632 6.4
      vertex 17.8701 44.8568 6.4
      vertex 17.7807 45.3059 6.4
    endloop
  endfacet
  facet normal 0 0 1
    outer loop
      vertex 17.9 44.4 6.4
      vertex 15.65 44.4 6.4
      vertex 17.8701 43.9432 6.4
    endloop
  endfacet
  facet normal 0 0 1
    outer loop
      vertex 15.6074 44.7235 6.4
      vertex 17.7807 45.3059 6.4
      vertex 17.6336 45.7394 6.4
    endloop
  endfacet
  facet normal -0 0 1
    outer loop
      vertex 15.6393 44.2368 6.4
      vertex 17.8701 43.9432 6.4
      vertex 15.65 44.4 6.4
    endloop
  endfacet
  facet normal 0 0 1
    outer loop
      vertex 15.5548 44.8784 6.4
      vertex 17.6336 45.7394 6.4
      vertex 17.4311 46.15 6.4
    endloop
  endfacet
  facet normal 0 0 1
    outer loop
      vertex 17.8701 43.9432 6.4
      vertex 15.6393 44.2368 6.4
      vertex 17.7807 43.4941 6.4
    endloop
  endfacet
  facet normal 0 0 1
    outer loop
      vertex 15.4825 45.025 6.4
      vertex 17.4311 46.15 6.4
      vertex 17.1767 46.5307 6.4
    endloop
  endfacet
  facet normal -0 0 1
    outer loop
      vertex 15.6074 44.0765 6.4
      vertex 17.7807 43.4941 6.4
      vertex 15.6393 44.2368 6.4
    endloop
  endfacet
  facet normal 0 0 1
    outer loop
      vertex 15.3917 45.1609 6.4
      vertex 17.1767 46.5307 6.4
      vertex 16.8749 46.8749 6.4
    endloop
  endfacet
  facet normal 0 0 1
    outer loop
      vertex 17.7807 43.4941 6.4
      vertex 15.6074 44.0765 6.4
      vertex 17.6336 43.0606 6.4
    endloop
  endfacet
  facet normal 0 0 1
    outer loop
      vertex 15.2839 45.2839 6.4
      vertex 16.8749 46.8749 6.4
      vertex 16.5307 47.1767 6.4
    endloop
  endfacet
  facet normal -0 0 1
    outer loop
      vertex 15.5548 43.9216 6.4
      vertex 17.6336 43.0606 6.4
      vertex 15.6074 44.0765 6.4
    endloop
  endfacet
  facet normal 0 0 1
    outer loop
      vertex 15.161 45.3917 6.4
      vertex 16.5307 47.1767 6.4
      vertex 16.15 47.4311 6.4
    endloop
  endfacet
  facet normal 0 0 1
    outer loop
      vertex 17.6336 43.0606 6.4
      vertex 15.5548 43.9216 6.4
      vertex 17.4311 42.65 6.4
    endloop
  endfacet
  facet normal 0 0 1
    outer loop
      vertex 15.025 45.4825 6.4
      vertex 16.15 47.4311 6.4
      vertex 15.7394 47.6336 6.4
    endloop
  endfacet
  facet normal -0 0 1
    outer loop
      vertex 15.4825 43.775 6.4
      vertex 17.4311 42.65 6.4
      vertex 15.5548 43.9216 6.4
    endloop
  endfacet
  facet normal 0 0 1
    outer loop
      vertex 17.4311 42.65 6.4
      vertex 15.4825 43.775 6.4
      vertex 17.1767 42.2693 6.4
    endloop
  endfacet
  facet normal 0 0 1
    outer loop
      vertex 17.8701 44.8568 6.4
      vertex 15.6393 44.5632 6.4
      vertex 15.65 44.4 6.4
    endloop
  endfacet
  facet normal 0 0 1
    outer loop
      vertex 17.7807 45.3059 6.4
      vertex 15.6074 44.7235 6.4
      vertex 15.6393 44.5632 6.4
    endloop
  endfacet
  facet normal 0 0 1
    outer loop
      vertex 17.6336 45.7394 6.4
      vertex 15.5548 44.8784 6.4
      vertex 15.6074 44.7235 6.4
    endloop
  endfacet
  facet normal 0 0 1
    outer loop
      vertex 17.4311 46.15 6.4
      vertex 15.4825 45.025 6.4
      vertex 15.5548 44.8784 6.4
    endloop
  endfacet
  facet normal 0 0 1
    outer loop
      vertex 17.1767 46.5307 6.4
      vertex 15.3917 45.1609 6.4
      vertex 15.4825 45.025 6.4
    endloop
  endfacet
  facet normal 0 0 1
    outer loop
      vertex 14.8784 45.5548 6.4
      vertex 15.7394 47.6336 6.4
      vertex 15.3059 47.7807 6.4
    endloop
  endfacet
  facet normal 0 0 1
    outer loop
      vertex 16.8749 46.8749 6.4
      vertex 15.2839 45.2839 6.4
      vertex 15.3917 45.1609 6.4
    endloop
  endfacet
  facet normal 0 0 1
    outer loop
      vertex 16.5307 47.1767 6.4
      vertex 15.161 45.3917 6.4
      vertex 15.2839 45.2839 6.4
    endloop
  endfacet
  facet normal 0 0 1
    outer loop
      vertex 16.15 47.4311 6.4
      vertex 15.025 45.4825 6.4
      vertex 15.161 45.3917 6.4
    endloop
  endfacet
  facet normal 0 0 1
    outer loop
      vertex 15.7394 47.6336 6.4
      vertex 14.8784 45.5548 6.4
      vertex 15.025 45.4825 6.4
    endloop
  endfacet
  facet normal 0 0 1
    outer loop
      vertex 14.7235 45.6074 6.4
      vertex 15.3059 47.7807 6.4
      vertex 14.8568 47.8701 6.4
    endloop
  endfacet
  facet normal 0 0 1
    outer loop
      vertex 15.3059 47.7807 6.4
      vertex 14.7235 45.6074 6.4
      vertex 14.8784 45.5548 6.4
    endloop
  endfacet
  facet normal 0 0 1
    outer loop
      vertex 14.8568 47.8701 6.4
      vertex 14.5632 45.6393 6.4
      vertex 14.7235 45.6074 6.4
    endloop
  endfacet
  facet normal 0 0 1
    outer loop
      vertex 14.4 47.9 6.4
      vertex 14.5632 45.6393 6.4
      vertex 14.8568 47.8701 6.4
    endloop
  endfacet
  facet normal 0 0 1
    outer loop
      vertex 14.4 47.9 6.4
      vertex 14.4 45.65 6.4
      vertex 14.5632 45.6393 6.4
    endloop
  endfacet
  facet normal 0 0 1
    outer loop
      vertex 14.4 47.9 6.4
      vertex 14.2368 45.6393 6.4
      vertex 14.4 45.65 6.4
    endloop
  endfacet
  facet normal -0 0 1
    outer loop
      vertex 13.9432 47.8701 6.4
      vertex 14.2368 45.6393 6.4
      vertex 14.4 47.9 6.4
    endloop
  endfacet
  facet normal 0 0 1
    outer loop
      vertex 14.2368 45.6393 6.4
      vertex 13.9432 47.8701 6.4
      vertex 14.0765 45.6074 6.4
    endloop
  endfacet
  facet normal -0 0 1
    outer loop
      vertex 13.4941 47.7807 6.4
      vertex 14.0765 45.6074 6.4
      vertex 13.9432 47.8701 6.4
    endloop
  endfacet
  facet normal 0 0 1
    outer loop
      vertex 14.0765 45.6074 6.4
      vertex 13.4941 47.7807 6.4
      vertex 13.9216 45.5548 6.4
    endloop
  endfacet
  facet normal -0 0 1
    outer loop
      vertex 13.0606 47.6336 6.4
      vertex 13.9216 45.5548 6.4
      vertex 13.4941 47.7807 6.4
    endloop
  endfacet
  facet normal 0 0 1
    outer loop
      vertex 13.9216 45.5548 6.4
      vertex 13.0606 47.6336 6.4
      vertex 13.775 45.4825 6.4
    endloop
  endfacet
  facet normal -0 0 1
    outer loop
      vertex 12.65 47.4311 6.4
      vertex 13.775 45.4825 6.4
      vertex 13.0606 47.6336 6.4
    endloop
  endfacet
  facet normal 0 0 1
    outer loop
      vertex 13.775 45.4825 6.4
      vertex 12.65 47.4311 6.4
      vertex 13.639 45.3917 6.4
    endloop
  endfacet
  facet normal -0 0 1
    outer loop
      vertex 12.2693 47.1767 6.4
      vertex 13.639 45.3917 6.4
      vertex 12.65 47.4311 6.4
    endloop
  endfacet
  facet normal 0 0 1
    outer loop
      vertex 13.639 45.3917 6.4
      vertex 12.2693 47.1767 6.4
      vertex 13.5161 45.2839 6.4
    endloop
  endfacet
  facet normal -0 0 1
    outer loop
      vertex 11.9251 46.8749 6.4
      vertex 13.5161 45.2839 6.4
      vertex 12.2693 47.1767 6.4
    endloop
  endfacet
  facet normal 0 0 1
    outer loop
      vertex 13.5161 45.2839 6.4
      vertex 11.9251 46.8749 6.4
      vertex 13.4083 45.1609 6.4
    endloop
  endfacet
  facet normal 0 0 1
    outer loop
      vertex 13.4083 45.1609 6.4
      vertex 11.6233 46.5307 6.4
      vertex 13.3175 45.025 6.4
    endloop
  endfacet
  facet normal -0 0 1
    outer loop
      vertex 11.6233 46.5307 6.4
      vertex 13.4083 45.1609 6.4
      vertex 11.9251 46.8749 6.4
    endloop
  endfacet
  facet normal -0 0 1
    outer loop
      vertex 15.3917 43.639 6.4
      vertex 17.1767 42.2693 6.4
      vertex 15.4825 43.775 6.4
    endloop
  endfacet
  facet normal 0 0 1
    outer loop
      vertex 17.1767 42.2693 6.4
      vertex 15.3917 43.639 6.4
      vertex 16.8749 41.9251 6.4
    endloop
  endfacet
  facet normal -0 0 1
    outer loop
      vertex 15.2839 43.5161 6.4
      vertex 16.8749 41.9251 6.4
      vertex 15.3917 43.639 6.4
    endloop
  endfacet
  facet normal 0 0 1
    outer loop
      vertex 16.8749 41.9251 6.4
      vertex 15.2839 43.5161 6.4
      vertex 16.5307 41.6233 6.4
    endloop
  endfacet
  facet normal -0 0 1
    outer loop
      vertex 15.161 43.4083 6.4
      vertex 16.5307 41.6233 6.4
      vertex 15.2839 43.5161 6.4
    endloop
  endfacet
  facet normal 0 0 1
    outer loop
      vertex 16.5307 41.6233 6.4
      vertex 15.161 43.4083 6.4
      vertex 16.15 41.3689 6.4
    endloop
  endfacet
  facet normal -0 0 1
    outer loop
      vertex 15.025 43.3175 6.4
      vertex 16.15 41.3689 6.4
      vertex 15.161 43.4083 6.4
    endloop
  endfacet
  facet normal 0 0 1
    outer loop
      vertex 16.15 41.3689 6.4
      vertex 15.025 43.3175 6.4
      vertex 15.7394 41.1664 6.4
    endloop
  endfacet
  facet normal -0 0 1
    outer loop
      vertex 14.8784 43.2452 6.4
      vertex 15.7394 41.1664 6.4
      vertex 15.025 43.3175 6.4
    endloop
  endfacet
  facet normal 0 0 1
    outer loop
      vertex 15.7394 41.1664 6.4
      vertex 14.8784 43.2452 6.4
      vertex 15.3059 41.0193 6.4
    endloop
  endfacet
  facet normal -0 0 1
    outer loop
      vertex 14.7235 43.1926 6.4
      vertex 15.3059 41.0193 6.4
      vertex 14.8784 43.2452 6.4
    endloop
  endfacet
  facet normal 0 0 1
    outer loop
      vertex 15.3059 41.0193 6.4
      vertex 14.7235 43.1926 6.4
      vertex 14.8568 40.9299 6.4
    endloop
  endfacet
  facet normal -0 0 1
    outer loop
      vertex 14.5632 43.1607 6.4
      vertex 14.8568 40.9299 6.4
      vertex 14.7235 43.1926 6.4
    endloop
  endfacet
  facet normal -0 0 1
    outer loop
      vertex 14.4 43.15 6.4
      vertex 14.8568 40.9299 6.4
      vertex 14.5632 43.1607 6.4
    endloop
  endfacet
  facet normal 0 0 1
    outer loop
      vertex 14.4 43.15 6.4
      vertex 14.4 40.9 6.4
      vertex 14.8568 40.9299 6.4
    endloop
  endfacet
  facet normal 0 0 1
    outer loop
      vertex 14.2368 43.1607 6.4
      vertex 14.4 40.9 6.4
      vertex 14.4 43.15 6.4
    endloop
  endfacet
  facet normal 0 0 1
    outer loop
      vertex 13.9432 40.9299 6.4
      vertex 14.2368 43.1607 6.4
      vertex 14.0765 43.1926 6.4
    endloop
  endfacet
  facet normal 0 0 1
    outer loop
      vertex 14.2368 43.1607 6.4
      vertex 13.9432 40.9299 6.4
      vertex 14.4 40.9 6.4
    endloop
  endfacet
  facet normal 0 0 1
    outer loop
      vertex 13.4941 41.0193 6.4
      vertex 14.0765 43.1926 6.4
      vertex 13.9216 43.2452 6.4
    endloop
  endfacet
  facet normal 0 0 1
    outer loop
      vertex 13.0606 41.1664 6.4
      vertex 13.9216 43.2452 6.4
      vertex 13.775 43.3175 6.4
    endloop
  endfacet
  facet normal 0 0 1
    outer loop
      vertex 12.65 41.3689 6.4
      vertex 13.775 43.3175 6.4
      vertex 13.639 43.4083 6.4
    endloop
  endfacet
  facet normal 0 0 1
    outer loop
      vertex 12.2693 41.6233 6.4
      vertex 13.639 43.4083 6.4
      vertex 13.5161 43.5161 6.4
    endloop
  endfacet
  facet normal 0 0 1
    outer loop
      vertex 14.0765 43.1926 6.4
      vertex 13.4941 41.0193 6.4
      vertex 13.9432 40.9299 6.4
    endloop
  endfacet
  facet normal 0 0 1
    outer loop
      vertex 11.9251 41.9251 6.4
      vertex 13.5161 43.5161 6.4
      vertex 13.4083 43.639 6.4
    endloop
  endfacet
  facet normal 0 0 1
    outer loop
      vertex 11.6233 42.2693 6.4
      vertex 13.4083 43.639 6.4
      vertex 13.3175 43.775 6.4
    endloop
  endfacet
  facet normal 0 0 1
    outer loop
      vertex 11.3689 42.65 6.4
      vertex 13.3175 43.775 6.4
      vertex 13.2452 43.9216 6.4
    endloop
  endfacet
  facet normal 0 0 1
    outer loop
      vertex 11.1664 43.0606 6.4
      vertex 13.2452 43.9216 6.4
      vertex 13.1926 44.0765 6.4
    endloop
  endfacet
  facet normal 0 0 1
    outer loop
      vertex 11.0193 43.4941 6.4
      vertex 13.1926 44.0765 6.4
      vertex 13.1607 44.2368 6.4
    endloop
  endfacet
  facet normal 0 0 1
    outer loop
      vertex 13.9216 43.2452 6.4
      vertex 13.0606 41.1664 6.4
      vertex 13.4941 41.0193 6.4
    endloop
  endfacet
  facet normal 0 0 1
    outer loop
      vertex 10.9299 43.9432 6.4
      vertex 13.1607 44.2368 6.4
      vertex 13.15 44.4 6.4
    endloop
  endfacet
  facet normal -0 0 1
    outer loop
      vertex 11.3689 46.15 6.4
      vertex 13.3175 45.025 6.4
      vertex 11.6233 46.5307 6.4
    endloop
  endfacet
  facet normal 0 0 1
    outer loop
      vertex 13.3175 45.025 6.4
      vertex 11.3689 46.15 6.4
      vertex 13.2452 44.8784 6.4
    endloop
  endfacet
  facet normal 0 0 1
    outer loop
      vertex 13.775 43.3175 6.4
      vertex 12.65 41.3689 6.4
      vertex 13.0606 41.1664 6.4
    endloop
  endfacet
  facet normal -0 0 1
    outer loop
      vertex 11.1664 45.7394 6.4
      vertex 13.2452 44.8784 6.4
      vertex 11.3689 46.15 6.4
    endloop
  endfacet
  facet normal 0 0 1
    outer loop
      vertex 13.639 43.4083 6.4
      vertex 12.2693 41.6233 6.4
      vertex 12.65 41.3689 6.4
    endloop
  endfacet
  facet normal 0 0 1
    outer loop
      vertex 13.2452 44.8784 6.4
      vertex 11.1664 45.7394 6.4
      vertex 13.1926 44.7235 6.4
    endloop
  endfacet
  facet normal 0 0 1
    outer loop
      vertex 13.5161 43.5161 6.4
      vertex 11.9251 41.9251 6.4
      vertex 12.2693 41.6233 6.4
    endloop
  endfacet
  facet normal -0 0 1
    outer loop
      vertex 11.0193 45.3059 6.4
      vertex 13.1926 44.7235 6.4
      vertex 11.1664 45.7394 6.4
    endloop
  endfacet
  facet normal 0 0 1
    outer loop
      vertex 13.4083 43.639 6.4
      vertex 11.6233 42.2693 6.4
      vertex 11.9251 41.9251 6.4
    endloop
  endfacet
  facet normal 0 0 1
    outer loop
      vertex 13.1926 44.7235 6.4
      vertex 11.0193 45.3059 6.4
      vertex 13.1607 44.5632 6.4
    endloop
  endfacet
  facet normal 0 0 1
    outer loop
      vertex 13.3175 43.775 6.4
      vertex 11.3689 42.65 6.4
      vertex 11.6233 42.2693 6.4
    endloop
  endfacet
  facet normal -0 0 1
    outer loop
      vertex 10.9299 44.8568 6.4
      vertex 13.1607 44.5632 6.4
      vertex 11.0193 45.3059 6.4
    endloop
  endfacet
  facet normal 0 0 1
    outer loop
      vertex 13.2452 43.9216 6.4
      vertex 11.1664 43.0606 6.4
      vertex 11.3689 42.65 6.4
    endloop
  endfacet
  facet normal 0 0 1
    outer loop
      vertex 13.1607 44.5632 6.4
      vertex 10.9299 44.8568 6.4
      vertex 13.15 44.4 6.4
    endloop
  endfacet
  facet normal 0 0 1
    outer loop
      vertex 13.1926 44.0765 6.4
      vertex 11.0193 43.4941 6.4
      vertex 11.1664 43.0606 6.4
    endloop
  endfacet
  facet normal 0 0 1
    outer loop
      vertex 10.9 44.4 6.4
      vertex 13.15 44.4 6.4
      vertex 10.9299 44.8568 6.4
    endloop
  endfacet
  facet normal 0 0 1
    outer loop
      vertex 13.1607 44.2368 6.4
      vertex 10.9299 43.9432 6.4
      vertex 11.0193 43.4941 6.4
    endloop
  endfacet
  facet normal 0 0 1
    outer loop
      vertex 13.15 44.4 6.4
      vertex 10.9 44.4 6.4
      vertex 10.9299 43.9432 6.4
    endloop
  endfacet
  facet normal -0.980757 0.195234 0
    outer loop
      vertex 10.9299 44.8568 2.4
      vertex 11.0193 45.3059 6.4
      vertex 11.0193 45.3059 2.4
    endloop
  endfacet
  facet normal -0.980757 0.195234 0
    outer loop
      vertex 11.0193 45.3059 6.4
      vertex 10.9299 44.8568 2.4
      vertex 10.9299 44.8568 6.4
    endloop
  endfacet
  facet normal 0.946966 -0.321335 0
    outer loop
      vertex 17.6336 43.0606 6.4
      vertex 17.7807 43.4941 2.4
      vertex 17.7807 43.4941 6.4
    endloop
  endfacet
  facet normal 0.946966 -0.321335 0
    outer loop
      vertex 17.7807 43.4941 2.4
      vertex 17.6336 43.0606 6.4
      vertex 17.6336 43.0606 2.4
    endloop
  endfacet
  facet normal 0.7519 -0.659278 0
    outer loop
      vertex 16.8749 41.9251 6.4
      vertex 17.1767 42.2693 2.4
      vertex 17.1767 42.2693 6.4
    endloop
  endfacet
  facet normal 0.7519 -0.659278 0
    outer loop
      vertex 17.1767 42.2693 2.4
      vertex 16.8749 41.9251 6.4
      vertex 16.8749 41.9251 2.4
    endloop
  endfacet
  facet normal -0.555607 -0.831445 0
    outer loop
      vertex 12.2693 41.6233 2.4
      vertex 12.65 41.3689 6.4
      vertex 12.2693 41.6233 6.4
    endloop
  endfacet
  facet normal -0.555607 -0.831445 -0
    outer loop
      vertex 12.65 41.3689 6.4
      vertex 12.2693 41.6233 2.4
      vertex 12.65 41.3689 2.4
    endloop
  endfacet
  facet normal -0.659414 -0.75178 0
    outer loop
      vertex 15.161 45.3917 3.4
      vertex 15.2839 45.2839 6.4
      vertex 15.161 45.3917 6.4
    endloop
  endfacet
  facet normal -0.659414 -0.75178 -0
    outer loop
      vertex 15.2839 45.2839 6.4
      vertex 15.161 45.3917 3.4
      vertex 15.2839 45.2839 3.4
    endloop
  endfacet
  facet normal 0.946896 -0.321541 0
    outer loop
      vertex 13.1926 44.7235 6.4
      vertex 13.2452 44.8784 3.4
      vertex 13.2452 44.8784 6.4
    endloop
  endfacet
  facet normal 0.946896 -0.321541 0
    outer loop
      vertex 13.2452 44.8784 3.4
      vertex 13.1926 44.7235 6.4
      vertex 13.1926 44.7235 3.4
    endloop
  endfacet
  facet normal -0.997858 0.0654233 0
    outer loop
      vertex 15.6393 44.2368 3.4
      vertex 15.65 44.4 6.4
      vertex 15.65 44.4 3.4
    endloop
  endfacet
  facet normal -0.997858 0.0654233 0
    outer loop
      vertex 15.65 44.4 6.4
      vertex 15.6393 44.2368 3.4
      vertex 15.6393 44.2368 6.4
    endloop
  endfacet
  facet normal 0.321541 0.946896 -0
    outer loop
      vertex 14.0765 43.1926 3.4
      vertex 13.9216 43.2452 6.4
      vertex 14.0765 43.1926 6.4
    endloop
  endfacet
  facet normal 0.321541 0.946896 0
    outer loop
      vertex 13.9216 43.2452 6.4
      vertex 14.0765 43.1926 3.4
      vertex 13.9216 43.2452 3.4
    endloop
  endfacet
  facet normal -0.555265 -0.831674 0
    outer loop
      vertex 15.025 45.4825 3.4
      vertex 15.161 45.3917 6.4
      vertex 15.025 45.4825 6.4
    endloop
  endfacet
  facet normal -0.555265 -0.831674 -0
    outer loop
      vertex 15.161 45.3917 6.4
      vertex 15.025 45.4825 3.4
      vertex 15.161 45.3917 3.4
    endloop
  endfacet
  facet normal 0.321541 -0.946896 0
    outer loop
      vertex 13.9216 45.5548 3.4
      vertex 14.0765 45.6074 6.4
      vertex 13.9216 45.5548 6.4
    endloop
  endfacet
  facet normal 0.321541 -0.946896 0
    outer loop
      vertex 14.0765 45.6074 6.4
      vertex 13.9216 45.5548 3.4
      vertex 14.0765 45.6074 3.4
    endloop
  endfacet
  facet normal 0.896861 -0.442313 0
    outer loop
      vertex 13.2452 44.8784 6.4
      vertex 13.3175 45.025 3.4
      vertex 13.3175 45.025 6.4
    endloop
  endfacet
  facet normal 0.896861 -0.442313 0
    outer loop
      vertex 13.3175 45.025 3.4
      vertex 13.2452 44.8784 6.4
      vertex 13.2452 44.8784 3.4
    endloop
  endfacet
  facet normal 0.896861 0.442313 0
    outer loop
      vertex 13.3175 43.775 6.4
      vertex 13.2452 43.9216 3.4
      vertex 13.2452 43.9216 6.4
    endloop
  endfacet
  facet normal 0.896861 0.442313 0
    outer loop
      vertex 13.2452 43.9216 3.4
      vertex 13.3175 43.775 6.4
      vertex 13.3175 43.775 3.4
    endloop
  endfacet
  facet normal -0.946896 -0.321541 0
    outer loop
      vertex 15.6074 44.7235 3.4
      vertex 15.5548 44.8784 6.4
      vertex 15.5548 44.8784 3.4
    endloop
  endfacet
  facet normal -0.946896 -0.321541 0
    outer loop
      vertex 15.5548 44.8784 6.4
      vertex 15.6074 44.7235 3.4
      vertex 15.6074 44.7235 6.4
    endloop
  endfacet
  facet normal -0.896861 -0.442313 0
    outer loop
      vertex 15.5548 44.8784 3.4
      vertex 15.4825 45.025 6.4
      vertex 15.4825 45.025 3.4
    endloop
  endfacet
  facet normal -0.896861 -0.442313 0
    outer loop
      vertex 15.4825 45.025 6.4
      vertex 15.5548 44.8784 3.4
      vertex 15.5548 44.8784 6.4
    endloop
  endfacet
  facet normal -0.831485 -0.555547 0
    outer loop
      vertex 15.4825 45.025 3.4
      vertex 15.3917 45.1609 6.4
      vertex 15.3917 45.1609 3.4
    endloop
  endfacet
  facet normal -0.831485 -0.555547 0
    outer loop
      vertex 15.3917 45.1609 6.4
      vertex 15.4825 45.025 3.4
      vertex 15.4825 45.025 6.4
    endloop
  endfacet
  facet normal -0.442313 -0.896861 0
    outer loop
      vertex 14.8784 45.5548 3.4
      vertex 15.025 45.4825 6.4
      vertex 14.8784 45.5548 6.4
    endloop
  endfacet
  facet normal -0.442313 -0.896861 -0
    outer loop
      vertex 15.025 45.4825 6.4
      vertex 14.8784 45.5548 3.4
      vertex 15.025 45.4825 3.4
    endloop
  endfacet
  facet normal -0.321541 -0.946896 0
    outer loop
      vertex 14.7235 45.6074 3.4
      vertex 14.8784 45.5548 6.4
      vertex 14.7235 45.6074 6.4
    endloop
  endfacet
  facet normal -0.321541 -0.946896 -0
    outer loop
      vertex 14.8784 45.5548 6.4
      vertex 14.7235 45.6074 3.4
      vertex 14.8784 45.5548 3.4
    endloop
  endfacet
  facet normal 0.752046 -0.65911 0
    outer loop
      vertex 13.4083 45.1609 6.4
      vertex 13.5161 45.2839 3.4
      vertex 13.5161 45.2839 6.4
    endloop
  endfacet
  facet normal 0.752046 -0.65911 0
    outer loop
      vertex 13.5161 45.2839 3.4
      vertex 13.4083 45.1609 6.4
      vertex 13.4083 45.1609 3.4
    endloop
  endfacet
  facet normal 0.442313 -0.896861 0
    outer loop
      vertex 13.775 45.4825 3.4
      vertex 13.9216 45.5548 6.4
      vertex 13.775 45.4825 6.4
    endloop
  endfacet
  facet normal 0.442313 -0.896861 0
    outer loop
      vertex 13.9216 45.5548 6.4
      vertex 13.775 45.4825 3.4
      vertex 13.9216 45.5548 3.4
    endloop
  endfacet
  facet normal 0.555265 -0.831674 0
    outer loop
      vertex 13.639 45.3917 3.4
      vertex 13.775 45.4825 6.4
      vertex 13.639 45.3917 6.4
    endloop
  endfacet
  facet normal 0.555265 -0.831674 0
    outer loop
      vertex 13.775 45.4825 6.4
      vertex 13.639 45.3917 3.4
      vertex 13.775 45.4825 3.4
    endloop
  endfacet
  facet normal -0.997858 -0.0654233 0
    outer loop
      vertex 15.65 44.4 3.4
      vertex 15.6393 44.5632 6.4
      vertex 15.6393 44.5632 3.4
    endloop
  endfacet
  facet normal -0.997858 -0.0654233 0
    outer loop
      vertex 15.6393 44.5632 6.4
      vertex 15.65 44.4 3.4
      vertex 15.65 44.4 6.4
    endloop
  endfacet
  facet normal -0.321541 0.946896 0
    outer loop
      vertex 14.8784 43.2452 3.4
      vertex 14.7235 43.1926 6.4
      vertex 14.8784 43.2452 6.4
    endloop
  endfacet
  facet normal -0.321541 0.946896 0
    outer loop
      vertex 14.7235 43.1926 6.4
      vertex 14.8784 43.2452 3.4
      vertex 14.7235 43.1926 3.4
    endloop
  endfacet
  facet normal -0.75178 0.659414 0
    outer loop
      vertex 15.2839 43.5161 3.4
      vertex 15.3917 43.639 6.4
      vertex 15.3917 43.639 3.4
    endloop
  endfacet
  facet normal -0.75178 0.659414 0
    outer loop
      vertex 15.3917 43.639 6.4
      vertex 15.2839 43.5161 3.4
      vertex 15.2839 43.5161 6.4
    endloop
  endfacet
  facet normal -0.659414 0.75178 0
    outer loop
      vertex 15.2839 43.5161 3.4
      vertex 15.161 43.4083 6.4
      vertex 15.2839 43.5161 6.4
    endloop
  endfacet
  facet normal -0.659414 0.75178 0
    outer loop
      vertex 15.161 43.4083 6.4
      vertex 15.2839 43.5161 3.4
      vertex 15.161 43.4083 3.4
    endloop
  endfacet
  facet normal -0.442313 0.896861 0
    outer loop
      vertex 15.025 43.3175 3.4
      vertex 14.8784 43.2452 6.4
      vertex 15.025 43.3175 6.4
    endloop
  endfacet
  facet normal -0.442313 0.896861 0
    outer loop
      vertex 14.8784 43.2452 6.4
      vertex 15.025 43.3175 3.4
      vertex 14.8784 43.2452 3.4
    endloop
  endfacet
  facet normal 0.0654233 0.997858 -0
    outer loop
      vertex 14.4 43.15 3.4
      vertex 14.2368 43.1607 6.4
      vertex 14.4 43.15 6.4
    endloop
  endfacet
  facet normal 0.0654233 0.997858 0
    outer loop
      vertex 14.2368 43.1607 6.4
      vertex 14.4 43.15 3.4
      vertex 14.2368 43.1607 3.4
    endloop
  endfacet
  facet normal 0.442313 0.896861 -0
    outer loop
      vertex 13.9216 43.2452 3.4
      vertex 13.775 43.3175 6.4
      vertex 13.9216 43.2452 6.4
    endloop
  endfacet
  facet normal 0.442313 0.896861 0
    outer loop
      vertex 13.775 43.3175 6.4
      vertex 13.9216 43.2452 3.4
      vertex 13.775 43.3175 3.4
    endloop
  endfacet
  facet normal 0.555265 0.831674 -0
    outer loop
      vertex 13.775 43.3175 3.4
      vertex 13.639 43.4083 6.4
      vertex 13.775 43.3175 6.4
    endloop
  endfacet
  facet normal 0.555265 0.831674 0
    outer loop
      vertex 13.639 43.4083 6.4
      vertex 13.775 43.3175 3.4
      vertex 13.639 43.4083 3.4
    endloop
  endfacet
  facet normal 0.980768 0.195175 0
    outer loop
      vertex 13.1926 44.0765 6.4
      vertex 13.1607 44.2368 3.4
      vertex 13.1607 44.2368 6.4
    endloop
  endfacet
  facet normal 0.980768 0.195175 0
    outer loop
      vertex 13.1607 44.2368 3.4
      vertex 13.1926 44.0765 6.4
      vertex 13.1926 44.0765 3.4
    endloop
  endfacet
  facet normal -0.980768 -0.195175 0
    outer loop
      vertex 15.6393 44.5632 3.4
      vertex 15.6074 44.7235 6.4
      vertex 15.6074 44.7235 3.4
    endloop
  endfacet
  facet normal -0.980768 -0.195175 0
    outer loop
      vertex 15.6074 44.7235 6.4
      vertex 15.6393 44.5632 3.4
      vertex 15.6393 44.5632 6.4
    endloop
  endfacet
  facet normal -0.752046 -0.65911 0
    outer loop
      vertex 15.3917 45.1609 3.4
      vertex 15.2839 45.2839 6.4
      vertex 15.2839 45.2839 3.4
    endloop
  endfacet
  facet normal -0.752046 -0.65911 0
    outer loop
      vertex 15.2839 45.2839 6.4
      vertex 15.3917 45.1609 3.4
      vertex 15.3917 45.1609 6.4
    endloop
  endfacet
  facet normal -0.0654233 -0.997858 0
    outer loop
      vertex 14.4 45.65 3.4
      vertex 14.5632 45.6393 6.4
      vertex 14.4 45.65 6.4
    endloop
  endfacet
  facet normal -0.0654233 -0.997858 -0
    outer loop
      vertex 14.5632 45.6393 6.4
      vertex 14.4 45.65 3.4
      vertex 14.5632 45.6393 3.4
    endloop
  endfacet
  facet normal -0.195175 -0.980768 0
    outer loop
      vertex 14.5632 45.6393 3.4
      vertex 14.7235 45.6074 6.4
      vertex 14.5632 45.6393 6.4
    endloop
  endfacet
  facet normal -0.195175 -0.980768 -0
    outer loop
      vertex 14.7235 45.6074 6.4
      vertex 14.5632 45.6393 3.4
      vertex 14.7235 45.6074 3.4
    endloop
  endfacet
  facet normal 0.997858 -0.0654233 0
    outer loop
      vertex 13.15 44.4 6.4
      vertex 13.1607 44.5632 3.4
      vertex 13.1607 44.5632 6.4
    endloop
  endfacet
  facet normal 0.997858 -0.0654233 0
    outer loop
      vertex 13.1607 44.5632 3.4
      vertex 13.15 44.4 6.4
      vertex 13.15 44.4 3.4
    endloop
  endfacet
  facet normal 0.831485 -0.555547 0
    outer loop
      vertex 13.3175 45.025 6.4
      vertex 13.4083 45.1609 3.4
      vertex 13.4083 45.1609 6.4
    endloop
  endfacet
  facet normal 0.831485 -0.555547 0
    outer loop
      vertex 13.4083 45.1609 3.4
      vertex 13.3175 45.025 6.4
      vertex 13.3175 45.025 3.4
    endloop
  endfacet
  facet normal 0.0654233 -0.997858 0
    outer loop
      vertex 14.2368 45.6393 3.4
      vertex 14.4 45.65 6.4
      vertex 14.2368 45.6393 6.4
    endloop
  endfacet
  facet normal 0.0654233 -0.997858 0
    outer loop
      vertex 14.4 45.65 6.4
      vertex 14.2368 45.6393 3.4
      vertex 14.4 45.65 3.4
    endloop
  endfacet
  facet normal 0.195175 -0.980768 0
    outer loop
      vertex 14.0765 45.6074 3.4
      vertex 14.2368 45.6393 6.4
      vertex 14.0765 45.6074 6.4
    endloop
  endfacet
  facet normal 0.195175 -0.980768 0
    outer loop
      vertex 14.2368 45.6393 6.4
      vertex 14.0765 45.6074 3.4
      vertex 14.2368 45.6393 3.4
    endloop
  endfacet
  facet normal 0.659414 -0.75178 0
    outer loop
      vertex 13.5161 45.2839 3.4
      vertex 13.639 45.3917 6.4
      vertex 13.5161 45.2839 6.4
    endloop
  endfacet
  facet normal 0.659414 -0.75178 0
    outer loop
      vertex 13.639 45.3917 6.4
      vertex 13.5161 45.2839 3.4
      vertex 13.639 45.3917 3.4
    endloop
  endfacet
  facet normal -0.0654233 0.997858 0
    outer loop
      vertex 14.5632 43.1607 3.4
      vertex 14.4 43.15 6.4
      vertex 14.5632 43.1607 6.4
    endloop
  endfacet
  facet normal -0.0654233 0.997858 0
    outer loop
      vertex 14.4 43.15 6.4
      vertex 14.5632 43.1607 3.4
      vertex 14.4 43.15 3.4
    endloop
  endfacet
  facet normal -0.980768 0.195175 0
    outer loop
      vertex 15.6074 44.0765 3.4
      vertex 15.6393 44.2368 6.4
      vertex 15.6393 44.2368 3.4
    endloop
  endfacet
  facet normal -0.980768 0.195175 0
    outer loop
      vertex 15.6393 44.2368 6.4
      vertex 15.6074 44.0765 3.4
      vertex 15.6074 44.0765 6.4
    endloop
  endfacet
  facet normal -0.195175 0.980768 0
    outer loop
      vertex 14.7235 43.1926 3.4
      vertex 14.5632 43.1607 6.4
      vertex 14.7235 43.1926 6.4
    endloop
  endfacet
  facet normal -0.195175 0.980768 0
    outer loop
      vertex 14.5632 43.1607 6.4
      vertex 14.7235 43.1926 3.4
      vertex 14.5632 43.1607 3.4
    endloop
  endfacet
  facet normal -0.555265 0.831674 0
    outer loop
      vertex 15.161 43.4083 3.4
      vertex 15.025 43.3175 6.4
      vertex 15.161 43.4083 6.4
    endloop
  endfacet
  facet normal -0.555265 0.831674 0
    outer loop
      vertex 15.025 43.3175 6.4
      vertex 15.161 43.4083 3.4
      vertex 15.025 43.3175 3.4
    endloop
  endfacet
  facet normal 0.195175 0.980768 -0
    outer loop
      vertex 14.2368 43.1607 3.4
      vertex 14.0765 43.1926 6.4
      vertex 14.2368 43.1607 6.4
    endloop
  endfacet
  facet normal 0.195175 0.980768 0
    outer loop
      vertex 14.0765 43.1926 6.4
      vertex 14.2368 43.1607 3.4
      vertex 14.0765 43.1926 3.4
    endloop
  endfacet
  facet normal 0.659414 0.75178 -0
    outer loop
      vertex 13.639 43.4083 3.4
      vertex 13.5161 43.5161 6.4
      vertex 13.639 43.4083 6.4
    endloop
  endfacet
  facet normal 0.659414 0.75178 0
    outer loop
      vertex 13.5161 43.5161 6.4
      vertex 13.639 43.4083 3.4
      vertex 13.5161 43.5161 3.4
    endloop
  endfacet
  facet normal 0.946896 0.321541 0
    outer loop
      vertex 13.2452 43.9216 6.4
      vertex 13.1926 44.0765 3.4
      vertex 13.1926 44.0765 6.4
    endloop
  endfacet
  facet normal 0.946896 0.321541 0
    outer loop
      vertex 13.1926 44.0765 3.4
      vertex 13.2452 43.9216 6.4
      vertex 13.2452 43.9216 3.4
    endloop
  endfacet
  facet normal 0.997858 0.0654233 0
    outer loop
      vertex 13.1607 44.2368 6.4
      vertex 13.15 44.4 3.4
      vertex 13.15 44.4 6.4
    endloop
  endfacet
  facet normal 0.997858 0.0654233 0
    outer loop
      vertex 13.15 44.4 3.4
      vertex 13.1607 44.2368 6.4
      vertex 13.1607 44.2368 3.4
    endloop
  endfacet
  facet normal 0 0 1
    outer loop
      vertex 15.6393 44.5632 3.4
      vertex 15.6393 44.2368 3.4
      vertex 15.65 44.4 3.4
    endloop
  endfacet
  facet normal 0 0 1
    outer loop
      vertex 15.6074 44.7235 3.4
      vertex 15.6393 44.2368 3.4
      vertex 15.6393 44.5632 3.4
    endloop
  endfacet
  facet normal 0 0 1
    outer loop
      vertex 15.6074 44.7235 3.4
      vertex 15.6074 44.0765 3.4
      vertex 15.6393 44.2368 3.4
    endloop
  endfacet
  facet normal 0 0 1
    outer loop
      vertex 15.5548 44.8784 3.4
      vertex 15.6074 44.0765 3.4
      vertex 15.6074 44.7235 3.4
    endloop
  endfacet
  facet normal 0 0 1
    outer loop
      vertex 15.5548 44.8784 3.4
      vertex 15.5548 43.9216 3.4
      vertex 15.6074 44.0765 3.4
    endloop
  endfacet
  facet normal 0 0 1
    outer loop
      vertex 15.4825 45.025 3.4
      vertex 15.5548 43.9216 3.4
      vertex 15.5548 44.8784 3.4
    endloop
  endfacet
  facet normal 0 0 1
    outer loop
      vertex 15.4825 45.025 3.4
      vertex 15.4825 43.775 3.4
      vertex 15.5548 43.9216 3.4
    endloop
  endfacet
  facet normal 0 0 1
    outer loop
      vertex 15.3917 45.1609 3.4
      vertex 15.4825 43.775 3.4
      vertex 15.4825 45.025 3.4
    endloop
  endfacet
  facet normal 0 0 1
    outer loop
      vertex 15.3917 45.1609 3.4
      vertex 15.3917 43.639 3.4
      vertex 15.4825 43.775 3.4
    endloop
  endfacet
  facet normal 0 0 1
    outer loop
      vertex 15.2839 45.2839 3.4
      vertex 15.3917 43.639 3.4
      vertex 15.3917 45.1609 3.4
    endloop
  endfacet
  facet normal 0 0 1
    outer loop
      vertex 15.2839 45.2839 3.4
      vertex 15.2839 43.5161 3.4
      vertex 15.3917 43.639 3.4
    endloop
  endfacet
  facet normal 0 0 1
    outer loop
      vertex 15.161 45.3917 3.4
      vertex 15.2839 43.5161 3.4
      vertex 15.2839 45.2839 3.4
    endloop
  endfacet
  facet normal 0 0 1
    outer loop
      vertex 15.161 45.3917 3.4
      vertex 15.161 43.4083 3.4
      vertex 15.2839 43.5161 3.4
    endloop
  endfacet
  facet normal 0 0 1
    outer loop
      vertex 15.025 45.4825 3.4
      vertex 15.161 43.4083 3.4
      vertex 15.161 45.3917 3.4
    endloop
  endfacet
  facet normal 0 0 1
    outer loop
      vertex 15.025 45.4825 3.4
      vertex 15.025 43.3175 3.4
      vertex 15.161 43.4083 3.4
    endloop
  endfacet
  facet normal 0 0 1
    outer loop
      vertex 14.8784 45.5548 3.4
      vertex 15.025 43.3175 3.4
      vertex 15.025 45.4825 3.4
    endloop
  endfacet
  facet normal 0 0 1
    outer loop
      vertex 14.8784 45.5548 3.4
      vertex 14.8784 43.2452 3.4
      vertex 15.025 43.3175 3.4
    endloop
  endfacet
  facet normal 0 0 1
    outer loop
      vertex 14.7235 45.6074 3.4
      vertex 14.8784 43.2452 3.4
      vertex 14.8784 45.5548 3.4
    endloop
  endfacet
  facet normal 0 0 1
    outer loop
      vertex 14.7235 45.6074 3.4
      vertex 14.7235 43.1926 3.4
      vertex 14.8784 43.2452 3.4
    endloop
  endfacet
  facet normal 0 0 1
    outer loop
      vertex 14.5632 45.6393 3.4
      vertex 14.7235 43.1926 3.4
      vertex 14.7235 45.6074 3.4
    endloop
  endfacet
  facet normal 0 0 1
    outer loop
      vertex 14.5632 45.6393 3.4
      vertex 14.5632 43.1607 3.4
      vertex 14.7235 43.1926 3.4
    endloop
  endfacet
  facet normal 0 0 1
    outer loop
      vertex 14.4 45.65 3.4
      vertex 14.5632 43.1607 3.4
      vertex 14.5632 45.6393 3.4
    endloop
  endfacet
  facet normal 0 0 1
    outer loop
      vertex 14.4 45.65 3.4
      vertex 14.4 43.15 3.4
      vertex 14.5632 43.1607 3.4
    endloop
  endfacet
  facet normal -0 0 1
    outer loop
      vertex 14.2368 45.6393 3.4
      vertex 14.4 43.15 3.4
      vertex 14.4 45.65 3.4
    endloop
  endfacet
  facet normal 0 0 1
    outer loop
      vertex 14.2368 45.6393 3.4
      vertex 14.2368 43.1607 3.4
      vertex 14.4 43.15 3.4
    endloop
  endfacet
  facet normal -0 0 1
    outer loop
      vertex 14.0765 45.6074 3.4
      vertex 14.2368 43.1607 3.4
      vertex 14.2368 45.6393 3.4
    endloop
  endfacet
  facet normal 0 0 1
    outer loop
      vertex 14.0765 45.6074 3.4
      vertex 14.0765 43.1926 3.4
      vertex 14.2368 43.1607 3.4
    endloop
  endfacet
  facet normal -0 0 1
    outer loop
      vertex 13.9216 45.5548 3.4
      vertex 14.0765 43.1926 3.4
      vertex 14.0765 45.6074 3.4
    endloop
  endfacet
  facet normal 0 0 1
    outer loop
      vertex 13.9216 45.5548 3.4
      vertex 13.9216 43.2452 3.4
      vertex 14.0765 43.1926 3.4
    endloop
  endfacet
  facet normal -0 0 1
    outer loop
      vertex 13.775 45.4825 3.4
      vertex 13.9216 43.2452 3.4
      vertex 13.9216 45.5548 3.4
    endloop
  endfacet
  facet normal 0 0 1
    outer loop
      vertex 13.775 45.4825 3.4
      vertex 13.775 43.3175 3.4
      vertex 13.9216 43.2452 3.4
    endloop
  endfacet
  facet normal -0 0 1
    outer loop
      vertex 13.639 45.3917 3.4
      vertex 13.775 43.3175 3.4
      vertex 13.775 45.4825 3.4
    endloop
  endfacet
  facet normal 0 0 1
    outer loop
      vertex 13.639 45.3917 3.4
      vertex 13.639 43.4083 3.4
      vertex 13.775 43.3175 3.4
    endloop
  endfacet
  facet normal -0 0 1
    outer loop
      vertex 13.5161 45.2839 3.4
      vertex 13.639 43.4083 3.4
      vertex 13.639 45.3917 3.4
    endloop
  endfacet
  facet normal 0 0 1
    outer loop
      vertex 13.5161 45.2839 3.4
      vertex 13.5161 43.5161 3.4
      vertex 13.639 43.4083 3.4
    endloop
  endfacet
  facet normal -0 0 1
    outer loop
      vertex 13.4083 45.1609 3.4
      vertex 13.5161 43.5161 3.4
      vertex 13.5161 45.2839 3.4
    endloop
  endfacet
  facet normal 0 0 1
    outer loop
      vertex 13.4083 45.1609 3.4
      vertex 13.4083 43.639 3.4
      vertex 13.5161 43.5161 3.4
    endloop
  endfacet
  facet normal -0 0 1
    outer loop
      vertex 13.3175 45.025 3.4
      vertex 13.4083 43.639 3.4
      vertex 13.4083 45.1609 3.4
    endloop
  endfacet
  facet normal 0 0 1
    outer loop
      vertex 13.3175 45.025 3.4
      vertex 13.3175 43.775 3.4
      vertex 13.4083 43.639 3.4
    endloop
  endfacet
  facet normal -0 0 1
    outer loop
      vertex 13.2452 44.8784 3.4
      vertex 13.3175 43.775 3.4
      vertex 13.3175 45.025 3.4
    endloop
  endfacet
  facet normal 0 0 1
    outer loop
      vertex 13.2452 44.8784 3.4
      vertex 13.2452 43.9216 3.4
      vertex 13.3175 43.775 3.4
    endloop
  endfacet
  facet normal -0 0 1
    outer loop
      vertex 13.1926 44.7235 3.4
      vertex 13.2452 43.9216 3.4
      vertex 13.2452 44.8784 3.4
    endloop
  endfacet
  facet normal 0 0 1
    outer loop
      vertex 13.1926 44.7235 3.4
      vertex 13.1926 44.0765 3.4
      vertex 13.2452 43.9216 3.4
    endloop
  endfacet
  facet normal -0 0 1
    outer loop
      vertex 13.1607 44.5632 3.4
      vertex 13.1926 44.0765 3.4
      vertex 13.1926 44.7235 3.4
    endloop
  endfacet
  facet normal 0 0 1
    outer loop
      vertex 13.1607 44.5632 3.4
      vertex 13.1607 44.2368 3.4
      vertex 13.1926 44.0765 3.4
    endloop
  endfacet
  facet normal 0 -0 1
    outer loop
      vertex 13.1607 44.2368 3.4
      vertex 13.1607 44.5632 3.4
      vertex 13.15 44.4 3.4
    endloop
  endfacet
  facet normal 0.831674 0.555265 0
    outer loop
      vertex 13.4083 43.639 6.4
      vertex 13.3175 43.775 3.4
      vertex 13.3175 43.775 6.4
    endloop
  endfacet
  facet normal 0.831674 0.555265 0
    outer loop
      vertex 13.3175 43.775 3.4
      vertex 13.4083 43.639 6.4
      vertex 13.4083 43.639 3.4
    endloop
  endfacet
  facet normal 0.75178 0.659414 0
    outer loop
      vertex 13.5161 43.5161 6.4
      vertex 13.4083 43.639 3.4
      vertex 13.4083 43.639 6.4
    endloop
  endfacet
  facet normal 0.75178 0.659414 0
    outer loop
      vertex 13.4083 43.639 3.4
      vertex 13.5161 43.5161 6.4
      vertex 13.5161 43.5161 3.4
    endloop
  endfacet
  facet normal 0.980768 -0.195175 0
    outer loop
      vertex 13.1607 44.5632 6.4
      vertex 13.1926 44.7235 3.4
      vertex 13.1926 44.7235 6.4
    endloop
  endfacet
  facet normal 0.980768 -0.195175 0
    outer loop
      vertex 13.1926 44.7235 3.4
      vertex 13.1607 44.5632 6.4
      vertex 13.1607 44.5632 3.4
    endloop
  endfacet
  facet normal -0.896861 0.442313 0
    outer loop
      vertex 15.4825 43.775 3.4
      vertex 15.5548 43.9216 6.4
      vertex 15.5548 43.9216 3.4
    endloop
  endfacet
  facet normal -0.896861 0.442313 0
    outer loop
      vertex 15.5548 43.9216 6.4
      vertex 15.4825 43.775 3.4
      vertex 15.4825 43.775 6.4
    endloop
  endfacet
  facet normal -0.831674 0.555265 0
    outer loop
      vertex 15.3917 43.639 3.4
      vertex 15.4825 43.775 6.4
      vertex 15.4825 43.775 3.4
    endloop
  endfacet
  facet normal -0.831674 0.555265 0
    outer loop
      vertex 15.4825 43.775 6.4
      vertex 15.3917 43.639 3.4
      vertex 15.3917 43.639 6.4
    endloop
  endfacet
  facet normal -0.946896 0.321541 0
    outer loop
      vertex 15.5548 43.9216 3.4
      vertex 15.6074 44.0765 6.4
      vertex 15.6074 44.0765 3.4
    endloop
  endfacet
  facet normal -0.946896 0.321541 0
    outer loop
      vertex 15.6074 44.0765 6.4
      vertex 15.5548 43.9216 3.4
      vertex 15.5548 43.9216 6.4
    endloop
  endfacet
  facet normal 0.659278 0.7519 -0
    outer loop
      vertex 68.8749 18.8749 2.4
      vertex 68.5307 19.1767 6.4
      vertex 68.8749 18.8749 6.4
    endloop
  endfacet
  facet normal 0.659278 0.7519 0
    outer loop
      vertex 68.5307 19.1767 6.4
      vertex 68.8749 18.8749 2.4
      vertex 68.5307 19.1767 2.4
    endloop
  endfacet
  facet normal -0.946966 0.321335 0
    outer loop
      vertex 63.0193 17.3059 2.4
      vertex 63.1664 17.7394 6.4
      vertex 63.1664 17.7394 2.4
    endloop
  endfacet
  facet normal -0.946966 0.321335 0
    outer loop
      vertex 63.1664 17.7394 6.4
      vertex 63.0193 17.3059 2.4
      vertex 63.0193 17.3059 6.4
    endloop
  endfacet
  facet normal 0.997865 -0.0653156 0
    outer loop
      vertex 69.8701 15.9432 6.4
      vertex 69.9 16.4 2.4
      vertex 69.9 16.4 6.4
    endloop
  endfacet
  facet normal 0.997865 -0.0653156 0
    outer loop
      vertex 69.9 16.4 2.4
      vertex 69.8701 15.9432 6.4
      vertex 69.8701 15.9432 2.4
    endloop
  endfacet
  facet normal -0.321335 -0.946966 0
    outer loop
      vertex 65.0606 13.1664 2.4
      vertex 65.4941 13.0193 6.4
      vertex 65.0606 13.1664 6.4
    endloop
  endfacet
  facet normal -0.321335 -0.946966 -0
    outer loop
      vertex 65.4941 13.0193 6.4
      vertex 65.0606 13.1664 2.4
      vertex 65.4941 13.0193 2.4
    endloop
  endfacet
  facet normal 0.555607 0.831445 -0
    outer loop
      vertex 68.5307 19.1767 2.4
      vertex 68.15 19.4311 6.4
      vertex 68.5307 19.1767 6.4
    endloop
  endfacet
  facet normal 0.555607 0.831445 0
    outer loop
      vertex 68.15 19.4311 6.4
      vertex 68.5307 19.1767 2.4
      vertex 68.15 19.4311 2.4
    endloop
  endfacet
  facet normal -0.321335 0.946966 0
    outer loop
      vertex 65.4941 19.7807 2.4
      vertex 65.0606 19.6336 6.4
      vertex 65.4941 19.7807 6.4
    endloop
  endfacet
  facet normal -0.321335 0.946966 0
    outer loop
      vertex 65.0606 19.6336 6.4
      vertex 65.4941 19.7807 2.4
      vertex 65.0606 19.6336 2.4
    endloop
  endfacet
  facet normal -0.89686 0.442314 0
    outer loop
      vertex 63.1664 17.7394 2.4
      vertex 63.3689 18.15 6.4
      vertex 63.3689 18.15 2.4
    endloop
  endfacet
  facet normal -0.89686 0.442314 0
    outer loop
      vertex 63.3689 18.15 6.4
      vertex 63.1664 17.7394 2.4
      vertex 63.1664 17.7394 6.4
    endloop
  endfacet
  facet normal -0.89686 -0.442314 0
    outer loop
      vertex 63.3689 14.65 2.4
      vertex 63.1664 15.0606 6.4
      vertex 63.1664 15.0606 2.4
    endloop
  endfacet
  facet normal -0.89686 -0.442314 0
    outer loop
      vertex 63.1664 15.0606 6.4
      vertex 63.3689 14.65 2.4
      vertex 63.3689 14.65 6.4
    endloop
  endfacet
  facet normal 0.946966 0.321335 0
    outer loop
      vertex 69.7807 17.3059 6.4
      vertex 69.6336 17.7394 2.4
      vertex 69.6336 17.7394 6.4
    endloop
  endfacet
  facet normal 0.946966 0.321335 0
    outer loop
      vertex 69.6336 17.7394 2.4
      vertex 69.7807 17.3059 6.4
      vertex 69.7807 17.3059 2.4
    endloop
  endfacet
  facet normal 0.831445 0.555607 0
    outer loop
      vertex 69.4311 18.15 6.4
      vertex 69.1767 18.5307 2.4
      vertex 69.1767 18.5307 6.4
    endloop
  endfacet
  facet normal 0.831445 0.555607 0
    outer loop
      vertex 69.1767 18.5307 2.4
      vertex 69.4311 18.15 6.4
      vertex 69.4311 18.15 2.4
    endloop
  endfacet
  facet normal 0.7519 0.659278 0
    outer loop
      vertex 69.1767 18.5307 6.4
      vertex 68.8749 18.8749 2.4
      vertex 68.8749 18.8749 6.4
    endloop
  endfacet
  facet normal 0.7519 0.659278 0
    outer loop
      vertex 68.8749 18.8749 2.4
      vertex 69.1767 18.5307 6.4
      vertex 69.1767 18.5307 2.4
    endloop
  endfacet
  facet normal 0.442314 0.89686 -0
    outer loop
      vertex 68.15 19.4311 2.4
      vertex 67.7394 19.6336 6.4
      vertex 68.15 19.4311 6.4
    endloop
  endfacet
  facet normal 0.442314 0.89686 0
    outer loop
      vertex 67.7394 19.6336 6.4
      vertex 68.15 19.4311 2.4
      vertex 67.7394 19.6336 2.4
    endloop
  endfacet
  facet normal 0.321335 0.946966 -0
    outer loop
      vertex 67.7394 19.6336 2.4
      vertex 67.3059 19.7807 6.4
      vertex 67.7394 19.6336 6.4
    endloop
  endfacet
  facet normal 0.321335 0.946966 0
    outer loop
      vertex 67.3059 19.7807 6.4
      vertex 67.7394 19.6336 2.4
      vertex 67.3059 19.7807 2.4
    endloop
  endfacet
  facet normal -0.7519 0.659278 0
    outer loop
      vertex 63.6233 18.5307 2.4
      vertex 63.9251 18.8749 6.4
      vertex 63.9251 18.8749 2.4
    endloop
  endfacet
  facet normal -0.7519 0.659278 0
    outer loop
      vertex 63.9251 18.8749 6.4
      vertex 63.6233 18.5307 2.4
      vertex 63.6233 18.5307 6.4
    endloop
  endfacet
  facet normal -0.442314 0.89686 0
    outer loop
      vertex 65.0606 19.6336 2.4
      vertex 64.65 19.4311 6.4
      vertex 65.0606 19.6336 6.4
    endloop
  endfacet
  facet normal -0.442314 0.89686 0
    outer loop
      vertex 64.65 19.4311 6.4
      vertex 65.0606 19.6336 2.4
      vertex 64.65 19.4311 2.4
    endloop
  endfacet
  facet normal -0.555607 0.831445 0
    outer loop
      vertex 64.65 19.4311 2.4
      vertex 64.2693 19.1767 6.4
      vertex 64.65 19.4311 6.4
    endloop
  endfacet
  facet normal -0.555607 0.831445 0
    outer loop
      vertex 64.2693 19.1767 6.4
      vertex 64.65 19.4311 2.4
      vertex 64.2693 19.1767 2.4
    endloop
  endfacet
  facet normal 0.997865 0.0653156 0
    outer loop
      vertex 69.9 16.4 6.4
      vertex 69.8701 16.8568 2.4
      vertex 69.8701 16.8568 6.4
    endloop
  endfacet
  facet normal 0.997865 0.0653156 0
    outer loop
      vertex 69.8701 16.8568 2.4
      vertex 69.9 16.4 6.4
      vertex 69.9 16.4 2.4
    endloop
  endfacet
  facet normal 0.321335 -0.946966 0
    outer loop
      vertex 67.3059 13.0193 2.4
      vertex 67.7394 13.1664 6.4
      vertex 67.3059 13.0193 6.4
    endloop
  endfacet
  facet normal 0.321335 -0.946966 0
    outer loop
      vertex 67.7394 13.1664 6.4
      vertex 67.3059 13.0193 2.4
      vertex 67.7394 13.1664 2.4
    endloop
  endfacet
  facet normal 0.89686 -0.442314 0
    outer loop
      vertex 69.4311 14.65 6.4
      vertex 69.6336 15.0606 2.4
      vertex 69.6336 15.0606 6.4
    endloop
  endfacet
  facet normal 0.89686 -0.442314 0
    outer loop
      vertex 69.6336 15.0606 2.4
      vertex 69.4311 14.65 6.4
      vertex 69.4311 14.65 2.4
    endloop
  endfacet
  facet normal 0.659278 -0.7519 0
    outer loop
      vertex 68.5307 13.6233 2.4
      vertex 68.8749 13.9251 6.4
      vertex 68.5307 13.6233 6.4
    endloop
  endfacet
  facet normal 0.659278 -0.7519 0
    outer loop
      vertex 68.8749 13.9251 6.4
      vertex 68.5307 13.6233 2.4
      vertex 68.8749 13.9251 2.4
    endloop
  endfacet
  facet normal 0.442314 -0.89686 0
    outer loop
      vertex 67.7394 13.1664 2.4
      vertex 68.15 13.3689 6.4
      vertex 67.7394 13.1664 6.4
    endloop
  endfacet
  facet normal 0.442314 -0.89686 0
    outer loop
      vertex 68.15 13.3689 6.4
      vertex 67.7394 13.1664 2.4
      vertex 68.15 13.3689 2.4
    endloop
  endfacet
  facet normal -0.0653156 -0.997865 0
    outer loop
      vertex 65.9432 12.9299 2.4
      vertex 66.4 12.9 6.4
      vertex 65.9432 12.9299 6.4
    endloop
  endfacet
  facet normal -0.0653156 -0.997865 -0
    outer loop
      vertex 66.4 12.9 6.4
      vertex 65.9432 12.9299 2.4
      vertex 66.4 12.9 2.4
    endloop
  endfacet
  facet normal -0.442314 -0.89686 0
    outer loop
      vertex 64.65 13.3689 2.4
      vertex 65.0606 13.1664 6.4
      vertex 64.65 13.3689 6.4
    endloop
  endfacet
  facet normal -0.442314 -0.89686 -0
    outer loop
      vertex 65.0606 13.1664 6.4
      vertex 64.65 13.3689 2.4
      vertex 65.0606 13.1664 2.4
    endloop
  endfacet
  facet normal -0.980757 -0.195234 0
    outer loop
      vertex 63.0193 15.4941 2.4
      vertex 62.9299 15.9432 6.4
      vertex 62.9299 15.9432 2.4
    endloop
  endfacet
  facet normal -0.980757 -0.195234 0
    outer loop
      vertex 62.9299 15.9432 6.4
      vertex 63.0193 15.4941 2.4
      vertex 63.0193 15.4941 6.4
    endloop
  endfacet
  facet normal 0.980757 0.195234 0
    outer loop
      vertex 69.8701 16.8568 6.4
      vertex 69.7807 17.3059 2.4
      vertex 69.7807 17.3059 6.4
    endloop
  endfacet
  facet normal 0.980757 0.195234 0
    outer loop
      vertex 69.7807 17.3059 2.4
      vertex 69.8701 16.8568 6.4
      vertex 69.8701 16.8568 2.4
    endloop
  endfacet
  facet normal 0.89686 0.442314 0
    outer loop
      vertex 69.6336 17.7394 6.4
      vertex 69.4311 18.15 2.4
      vertex 69.4311 18.15 6.4
    endloop
  endfacet
  facet normal 0.89686 0.442314 0
    outer loop
      vertex 69.4311 18.15 2.4
      vertex 69.6336 17.7394 6.4
      vertex 69.6336 17.7394 2.4
    endloop
  endfacet
  facet normal 0.0653156 0.997865 -0
    outer loop
      vertex 66.8568 19.8701 2.4
      vertex 66.4 19.9 6.4
      vertex 66.8568 19.8701 6.4
    endloop
  endfacet
  facet normal 0.0653156 0.997865 0
    outer loop
      vertex 66.4 19.9 6.4
      vertex 66.8568 19.8701 2.4
      vertex 66.4 19.9 2.4
    endloop
  endfacet
  facet normal -0.997865 0.0653156 0
    outer loop
      vertex 62.9 16.4 2.4
      vertex 62.9299 16.8568 6.4
      vertex 62.9299 16.8568 2.4
    endloop
  endfacet
  facet normal -0.997865 0.0653156 0
    outer loop
      vertex 62.9299 16.8568 6.4
      vertex 62.9 16.4 2.4
      vertex 62.9 16.4 6.4
    endloop
  endfacet
  facet normal -0.831445 0.555607 0
    outer loop
      vertex 63.3689 18.15 2.4
      vertex 63.6233 18.5307 6.4
      vertex 63.6233 18.5307 2.4
    endloop
  endfacet
  facet normal -0.831445 0.555607 0
    outer loop
      vertex 63.6233 18.5307 6.4
      vertex 63.3689 18.15 2.4
      vertex 63.3689 18.15 6.4
    endloop
  endfacet
  facet normal -0.0653156 0.997865 0
    outer loop
      vertex 66.4 19.9 2.4
      vertex 65.9432 19.8701 6.4
      vertex 66.4 19.9 6.4
    endloop
  endfacet
  facet normal -0.0653156 0.997865 0
    outer loop
      vertex 65.9432 19.8701 6.4
      vertex 66.4 19.9 2.4
      vertex 65.9432 19.8701 2.4
    endloop
  endfacet
  facet normal -0.195234 0.980757 0
    outer loop
      vertex 65.9432 19.8701 2.4
      vertex 65.4941 19.7807 6.4
      vertex 65.9432 19.8701 6.4
    endloop
  endfacet
  facet normal -0.195234 0.980757 0
    outer loop
      vertex 65.4941 19.7807 6.4
      vertex 65.9432 19.8701 2.4
      vertex 65.4941 19.7807 2.4
    endloop
  endfacet
  facet normal -0.659278 0.7519 0
    outer loop
      vertex 64.2693 19.1767 2.4
      vertex 63.9251 18.8749 6.4
      vertex 64.2693 19.1767 6.4
    endloop
  endfacet
  facet normal -0.659278 0.7519 0
    outer loop
      vertex 63.9251 18.8749 6.4
      vertex 64.2693 19.1767 2.4
      vertex 63.9251 18.8749 2.4
    endloop
  endfacet
  facet normal 0.0653156 -0.997865 0
    outer loop
      vertex 66.4 12.9 2.4
      vertex 66.8568 12.9299 6.4
      vertex 66.4 12.9 6.4
    endloop
  endfacet
  facet normal 0.0653156 -0.997865 0
    outer loop
      vertex 66.8568 12.9299 6.4
      vertex 66.4 12.9 2.4
      vertex 66.8568 12.9299 2.4
    endloop
  endfacet
  facet normal 0.980757 -0.195234 0
    outer loop
      vertex 69.7807 15.4941 6.4
      vertex 69.8701 15.9432 2.4
      vertex 69.8701 15.9432 6.4
    endloop
  endfacet
  facet normal 0.980757 -0.195234 0
    outer loop
      vertex 69.8701 15.9432 2.4
      vertex 69.7807 15.4941 6.4
      vertex 69.7807 15.4941 2.4
    endloop
  endfacet
  facet normal 0.831445 -0.555607 0
    outer loop
      vertex 69.1767 14.2693 6.4
      vertex 69.4311 14.65 2.4
      vertex 69.4311 14.65 6.4
    endloop
  endfacet
  facet normal 0.831445 -0.555607 0
    outer loop
      vertex 69.4311 14.65 2.4
      vertex 69.1767 14.2693 6.4
      vertex 69.1767 14.2693 2.4
    endloop
  endfacet
  facet normal 0.195234 -0.980757 0
    outer loop
      vertex 66.8568 12.9299 2.4
      vertex 67.3059 13.0193 6.4
      vertex 66.8568 12.9299 6.4
    endloop
  endfacet
  facet normal 0.195234 -0.980757 0
    outer loop
      vertex 67.3059 13.0193 6.4
      vertex 66.8568 12.9299 2.4
      vertex 67.3059 13.0193 2.4
    endloop
  endfacet
  facet normal 0.555607 -0.831445 0
    outer loop
      vertex 68.15 13.3689 2.4
      vertex 68.5307 13.6233 6.4
      vertex 68.15 13.3689 6.4
    endloop
  endfacet
  facet normal 0.555607 -0.831445 0
    outer loop
      vertex 68.5307 13.6233 6.4
      vertex 68.15 13.3689 2.4
      vertex 68.5307 13.6233 2.4
    endloop
  endfacet
  facet normal -0.195234 -0.980757 0
    outer loop
      vertex 65.4941 13.0193 2.4
      vertex 65.9432 12.9299 6.4
      vertex 65.4941 13.0193 6.4
    endloop
  endfacet
  facet normal -0.195234 -0.980757 -0
    outer loop
      vertex 65.9432 12.9299 6.4
      vertex 65.4941 13.0193 2.4
      vertex 65.9432 12.9299 2.4
    endloop
  endfacet
  facet normal -0.659278 -0.7519 0
    outer loop
      vertex 63.9251 13.9251 2.4
      vertex 64.2693 13.6233 6.4
      vertex 63.9251 13.9251 6.4
    endloop
  endfacet
  facet normal -0.659278 -0.7519 -0
    outer loop
      vertex 64.2693 13.6233 6.4
      vertex 63.9251 13.9251 2.4
      vertex 64.2693 13.6233 2.4
    endloop
  endfacet
  facet normal -0.946966 -0.321335 0
    outer loop
      vertex 63.1664 15.0606 2.4
      vertex 63.0193 15.4941 6.4
      vertex 63.0193 15.4941 2.4
    endloop
  endfacet
  facet normal -0.946966 -0.321335 0
    outer loop
      vertex 63.0193 15.4941 6.4
      vertex 63.1664 15.0606 2.4
      vertex 63.1664 15.0606 6.4
    endloop
  endfacet
  facet normal -0.997865 -0.0653156 0
    outer loop
      vertex 62.9299 15.9432 2.4
      vertex 62.9 16.4 6.4
      vertex 62.9 16.4 2.4
    endloop
  endfacet
  facet normal -0.997865 -0.0653156 0
    outer loop
      vertex 62.9 16.4 6.4
      vertex 62.9299 15.9432 2.4
      vertex 62.9299 15.9432 6.4
    endloop
  endfacet
  facet normal 0 0 -1
    outer loop
      vertex 69.8701 15.9432 2.4
      vertex 69.8701 16.8568 2.4
      vertex 69.9 16.4 2.4
    endloop
  endfacet
  facet normal 0 0 -1
    outer loop
      vertex 69.7807 15.4941 2.4
      vertex 69.8701 16.8568 2.4
      vertex 69.8701 15.9432 2.4
    endloop
  endfacet
  facet normal 0 0 -1
    outer loop
      vertex 69.7807 15.4941 2.4
      vertex 69.7807 17.3059 2.4
      vertex 69.8701 16.8568 2.4
    endloop
  endfacet
  facet normal 0 0 -1
    outer loop
      vertex 69.6336 15.0606 2.4
      vertex 69.7807 17.3059 2.4
      vertex 69.7807 15.4941 2.4
    endloop
  endfacet
  facet normal 0 0 -1
    outer loop
      vertex 69.6336 15.0606 2.4
      vertex 69.6336 17.7394 2.4
      vertex 69.7807 17.3059 2.4
    endloop
  endfacet
  facet normal 0 0 -1
    outer loop
      vertex 69.4311 14.65 2.4
      vertex 69.6336 17.7394 2.4
      vertex 69.6336 15.0606 2.4
    endloop
  endfacet
  facet normal 0 0 -1
    outer loop
      vertex 69.4311 14.65 2.4
      vertex 69.4311 18.15 2.4
      vertex 69.6336 17.7394 2.4
    endloop
  endfacet
  facet normal 0 0 -1
    outer loop
      vertex 69.1767 14.2693 2.4
      vertex 69.4311 18.15 2.4
      vertex 69.4311 14.65 2.4
    endloop
  endfacet
  facet normal 0 0 -1
    outer loop
      vertex 69.1767 14.2693 2.4
      vertex 69.1767 18.5307 2.4
      vertex 69.4311 18.15 2.4
    endloop
  endfacet
  facet normal 0 0 -1
    outer loop
      vertex 68.8749 13.9251 2.4
      vertex 69.1767 18.5307 2.4
      vertex 69.1767 14.2693 2.4
    endloop
  endfacet
  facet normal 0 0 -1
    outer loop
      vertex 68.8749 13.9251 2.4
      vertex 68.8749 18.8749 2.4
      vertex 69.1767 18.5307 2.4
    endloop
  endfacet
  facet normal 0 0 -1
    outer loop
      vertex 68.5307 13.6233 2.4
      vertex 68.8749 18.8749 2.4
      vertex 68.8749 13.9251 2.4
    endloop
  endfacet
  facet normal 0 0 -1
    outer loop
      vertex 68.5307 13.6233 2.4
      vertex 68.5307 19.1767 2.4
      vertex 68.8749 18.8749 2.4
    endloop
  endfacet
  facet normal 0 0 -1
    outer loop
      vertex 68.15 13.3689 2.4
      vertex 68.5307 19.1767 2.4
      vertex 68.5307 13.6233 2.4
    endloop
  endfacet
  facet normal 0 0 -1
    outer loop
      vertex 68.15 13.3689 2.4
      vertex 68.15 19.4311 2.4
      vertex 68.5307 19.1767 2.4
    endloop
  endfacet
  facet normal 0 0 -1
    outer loop
      vertex 67.7394 13.1664 2.4
      vertex 68.15 19.4311 2.4
      vertex 68.15 13.3689 2.4
    endloop
  endfacet
  facet normal 0 0 -1
    outer loop
      vertex 67.7394 13.1664 2.4
      vertex 67.7394 19.6336 2.4
      vertex 68.15 19.4311 2.4
    endloop
  endfacet
  facet normal 0 0 -1
    outer loop
      vertex 67.3059 13.0193 2.4
      vertex 67.7394 19.6336 2.4
      vertex 67.7394 13.1664 2.4
    endloop
  endfacet
  facet normal 0 0 -1
    outer loop
      vertex 67.3059 13.0193 2.4
      vertex 67.3059 19.7807 2.4
      vertex 67.7394 19.6336 2.4
    endloop
  endfacet
  facet normal 0 0 -1
    outer loop
      vertex 66.8568 12.9299 2.4
      vertex 67.3059 19.7807 2.4
      vertex 67.3059 13.0193 2.4
    endloop
  endfacet
  facet normal 0 0 -1
    outer loop
      vertex 66.8568 12.9299 2.4
      vertex 66.8568 19.8701 2.4
      vertex 67.3059 19.7807 2.4
    endloop
  endfacet
  facet normal 0 0 -1
    outer loop
      vertex 66.4 12.9 2.4
      vertex 66.8568 19.8701 2.4
      vertex 66.8568 12.9299 2.4
    endloop
  endfacet
  facet normal 0 0 -1
    outer loop
      vertex 66.4 12.9 2.4
      vertex 66.4 19.9 2.4
      vertex 66.8568 19.8701 2.4
    endloop
  endfacet
  facet normal 0 0 -1
    outer loop
      vertex 65.9432 12.9299 2.4
      vertex 66.4 19.9 2.4
      vertex 66.4 12.9 2.4
    endloop
  endfacet
  facet normal 0 0 -1
    outer loop
      vertex 65.9432 12.9299 2.4
      vertex 65.9432 19.8701 2.4
      vertex 66.4 19.9 2.4
    endloop
  endfacet
  facet normal 0 0 -1
    outer loop
      vertex 65.4941 13.0193 2.4
      vertex 65.9432 19.8701 2.4
      vertex 65.9432 12.9299 2.4
    endloop
  endfacet
  facet normal 0 0 -1
    outer loop
      vertex 65.4941 13.0193 2.4
      vertex 65.4941 19.7807 2.4
      vertex 65.9432 19.8701 2.4
    endloop
  endfacet
  facet normal 0 0 -1
    outer loop
      vertex 65.0606 13.1664 2.4
      vertex 65.4941 19.7807 2.4
      vertex 65.4941 13.0193 2.4
    endloop
  endfacet
  facet normal 0 0 -1
    outer loop
      vertex 65.0606 13.1664 2.4
      vertex 65.0606 19.6336 2.4
      vertex 65.4941 19.7807 2.4
    endloop
  endfacet
  facet normal 0 0 -1
    outer loop
      vertex 64.65 13.3689 2.4
      vertex 65.0606 19.6336 2.4
      vertex 65.0606 13.1664 2.4
    endloop
  endfacet
  facet normal 0 0 -1
    outer loop
      vertex 64.65 13.3689 2.4
      vertex 64.65 19.4311 2.4
      vertex 65.0606 19.6336 2.4
    endloop
  endfacet
  facet normal 0 0 -1
    outer loop
      vertex 64.2693 13.6233 2.4
      vertex 64.65 19.4311 2.4
      vertex 64.65 13.3689 2.4
    endloop
  endfacet
  facet normal 0 0 -1
    outer loop
      vertex 64.2693 13.6233 2.4
      vertex 64.2693 19.1767 2.4
      vertex 64.65 19.4311 2.4
    endloop
  endfacet
  facet normal 0 0 -1
    outer loop
      vertex 63.9251 13.9251 2.4
      vertex 64.2693 19.1767 2.4
      vertex 64.2693 13.6233 2.4
    endloop
  endfacet
  facet normal 0 0 -1
    outer loop
      vertex 63.9251 13.9251 2.4
      vertex 63.9251 18.8749 2.4
      vertex 64.2693 19.1767 2.4
    endloop
  endfacet
  facet normal 0 0 -1
    outer loop
      vertex 63.6233 14.2693 2.4
      vertex 63.9251 18.8749 2.4
      vertex 63.9251 13.9251 2.4
    endloop
  endfacet
  facet normal 0 0 -1
    outer loop
      vertex 63.6233 14.2693 2.4
      vertex 63.6233 18.5307 2.4
      vertex 63.9251 18.8749 2.4
    endloop
  endfacet
  facet normal 0 0 -1
    outer loop
      vertex 63.3689 14.65 2.4
      vertex 63.6233 18.5307 2.4
      vertex 63.6233 14.2693 2.4
    endloop
  endfacet
  facet normal 0 0 -1
    outer loop
      vertex 63.3689 14.65 2.4
      vertex 63.3689 18.15 2.4
      vertex 63.6233 18.5307 2.4
    endloop
  endfacet
  facet normal 0 0 -1
    outer loop
      vertex 63.1664 15.0606 2.4
      vertex 63.3689 18.15 2.4
      vertex 63.3689 14.65 2.4
    endloop
  endfacet
  facet normal 0 0 -1
    outer loop
      vertex 63.1664 15.0606 2.4
      vertex 63.1664 17.7394 2.4
      vertex 63.3689 18.15 2.4
    endloop
  endfacet
  facet normal 0 0 -1
    outer loop
      vertex 63.0193 15.4941 2.4
      vertex 63.1664 17.7394 2.4
      vertex 63.1664 15.0606 2.4
    endloop
  endfacet
  facet normal 0 0 -1
    outer loop
      vertex 63.0193 15.4941 2.4
      vertex 63.0193 17.3059 2.4
      vertex 63.1664 17.7394 2.4
    endloop
  endfacet
  facet normal 0 0 -1
    outer loop
      vertex 62.9299 15.9432 2.4
      vertex 63.0193 17.3059 2.4
      vertex 63.0193 15.4941 2.4
    endloop
  endfacet
  facet normal 0 0 -1
    outer loop
      vertex 62.9299 15.9432 2.4
      vertex 62.9299 16.8568 2.4
      vertex 63.0193 17.3059 2.4
    endloop
  endfacet
  facet normal 0 -0 -1
    outer loop
      vertex 62.9299 16.8568 2.4
      vertex 62.9299 15.9432 2.4
      vertex 62.9 16.4 2.4
    endloop
  endfacet
  facet normal -0.831445 -0.555607 0
    outer loop
      vertex 63.6233 14.2693 2.4
      vertex 63.3689 14.65 6.4
      vertex 63.3689 14.65 2.4
    endloop
  endfacet
  facet normal -0.831445 -0.555607 0
    outer loop
      vertex 63.3689 14.65 6.4
      vertex 63.6233 14.2693 2.4
      vertex 63.6233 14.2693 6.4
    endloop
  endfacet
  facet normal -0.7519 -0.659278 0
    outer loop
      vertex 63.9251 13.9251 2.4
      vertex 63.6233 14.2693 6.4
      vertex 63.6233 14.2693 2.4
    endloop
  endfacet
  facet normal -0.7519 -0.659278 0
    outer loop
      vertex 63.6233 14.2693 6.4
      vertex 63.9251 13.9251 2.4
      vertex 63.9251 13.9251 6.4
    endloop
  endfacet
  facet normal 0.195234 0.980757 -0
    outer loop
      vertex 67.3059 19.7807 2.4
      vertex 66.8568 19.8701 6.4
      vertex 67.3059 19.7807 6.4
    endloop
  endfacet
  facet normal 0.195234 0.980757 0
    outer loop
      vertex 66.8568 19.8701 6.4
      vertex 67.3059 19.7807 2.4
      vertex 66.8568 19.8701 2.4
    endloop
  endfacet
  facet normal 0 0 1
    outer loop
      vertex 67.65 16.4 6.4
      vertex 69.9 16.4 6.4
      vertex 69.8701 16.8568 6.4
    endloop
  endfacet
  facet normal 0 0 1
    outer loop
      vertex 67.6393 16.5632 6.4
      vertex 69.8701 16.8568 6.4
      vertex 69.7807 17.3059 6.4
    endloop
  endfacet
  facet normal 0 0 1
    outer loop
      vertex 69.9 16.4 6.4
      vertex 67.65 16.4 6.4
      vertex 69.8701 15.9432 6.4
    endloop
  endfacet
  facet normal 0 0 1
    outer loop
      vertex 67.6074 16.7235 6.4
      vertex 69.7807 17.3059 6.4
      vertex 69.6336 17.7394 6.4
    endloop
  endfacet
  facet normal -0 0 1
    outer loop
      vertex 67.6393 16.2368 6.4
      vertex 69.8701 15.9432 6.4
      vertex 67.65 16.4 6.4
    endloop
  endfacet
  facet normal 0 0 1
    outer loop
      vertex 67.5548 16.8784 6.4
      vertex 69.6336 17.7394 6.4
      vertex 69.4311 18.15 6.4
    endloop
  endfacet
  facet normal 0 0 1
    outer loop
      vertex 69.8701 15.9432 6.4
      vertex 67.6393 16.2368 6.4
      vertex 69.7807 15.4941 6.4
    endloop
  endfacet
  facet normal 0 0 1
    outer loop
      vertex 67.4825 17.025 6.4
      vertex 69.4311 18.15 6.4
      vertex 69.1767 18.5307 6.4
    endloop
  endfacet
  facet normal -0 0 1
    outer loop
      vertex 67.6074 16.0765 6.4
      vertex 69.7807 15.4941 6.4
      vertex 67.6393 16.2368 6.4
    endloop
  endfacet
  facet normal 0 0 1
    outer loop
      vertex 67.3917 17.161 6.4
      vertex 69.1767 18.5307 6.4
      vertex 68.8749 18.8749 6.4
    endloop
  endfacet
  facet normal 0 0 1
    outer loop
      vertex 69.7807 15.4941 6.4
      vertex 67.6074 16.0765 6.4
      vertex 69.6336 15.0606 6.4
    endloop
  endfacet
  facet normal 0 0 1
    outer loop
      vertex 67.2839 17.2839 6.4
      vertex 68.8749 18.8749 6.4
      vertex 68.5307 19.1767 6.4
    endloop
  endfacet
  facet normal -0 0 1
    outer loop
      vertex 67.5548 15.9216 6.4
      vertex 69.6336 15.0606 6.4
      vertex 67.6074 16.0765 6.4
    endloop
  endfacet
  facet normal 0 0 1
    outer loop
      vertex 67.1609 17.3917 6.4
      vertex 68.5307 19.1767 6.4
      vertex 68.15 19.4311 6.4
    endloop
  endfacet
  facet normal 0 0 1
    outer loop
      vertex 69.6336 15.0606 6.4
      vertex 67.5548 15.9216 6.4
      vertex 69.4311 14.65 6.4
    endloop
  endfacet
  facet normal 0 0 1
    outer loop
      vertex 67.025 17.4825 6.4
      vertex 68.15 19.4311 6.4
      vertex 67.7394 19.6336 6.4
    endloop
  endfacet
  facet normal -0 0 1
    outer loop
      vertex 67.4825 15.775 6.4
      vertex 69.4311 14.65 6.4
      vertex 67.5548 15.9216 6.4
    endloop
  endfacet
  facet normal 0 0 1
    outer loop
      vertex 69.4311 14.65 6.4
      vertex 67.4825 15.775 6.4
      vertex 69.1767 14.2693 6.4
    endloop
  endfacet
  facet normal 0 0 1
    outer loop
      vertex 69.8701 16.8568 6.4
      vertex 67.6393 16.5632 6.4
      vertex 67.65 16.4 6.4
    endloop
  endfacet
  facet normal 0 0 1
    outer loop
      vertex 69.7807 17.3059 6.4
      vertex 67.6074 16.7235 6.4
      vertex 67.6393 16.5632 6.4
    endloop
  endfacet
  facet normal 0 0 1
    outer loop
      vertex 69.6336 17.7394 6.4
      vertex 67.5548 16.8784 6.4
      vertex 67.6074 16.7235 6.4
    endloop
  endfacet
  facet normal 0 0 1
    outer loop
      vertex 69.4311 18.15 6.4
      vertex 67.4825 17.025 6.4
      vertex 67.5548 16.8784 6.4
    endloop
  endfacet
  facet normal 0 0 1
    outer loop
      vertex 69.1767 18.5307 6.4
      vertex 67.3917 17.161 6.4
      vertex 67.4825 17.025 6.4
    endloop
  endfacet
  facet normal 0 0 1
    outer loop
      vertex 66.8784 17.5548 6.4
      vertex 67.7394 19.6336 6.4
      vertex 67.3059 19.7807 6.4
    endloop
  endfacet
  facet normal 0 0 1
    outer loop
      vertex 68.8749 18.8749 6.4
      vertex 67.2839 17.2839 6.4
      vertex 67.3917 17.161 6.4
    endloop
  endfacet
  facet normal 0 0 1
    outer loop
      vertex 68.5307 19.1767 6.4
      vertex 67.1609 17.3917 6.4
      vertex 67.2839 17.2839 6.4
    endloop
  endfacet
  facet normal 0 0 1
    outer loop
      vertex 68.15 19.4311 6.4
      vertex 67.025 17.4825 6.4
      vertex 67.1609 17.3917 6.4
    endloop
  endfacet
  facet normal 0 0 1
    outer loop
      vertex 67.7394 19.6336 6.4
      vertex 66.8784 17.5548 6.4
      vertex 67.025 17.4825 6.4
    endloop
  endfacet
  facet normal 0 0 1
    outer loop
      vertex 66.7235 17.6074 6.4
      vertex 67.3059 19.7807 6.4
      vertex 66.8568 19.8701 6.4
    endloop
  endfacet
  facet normal 0 0 1
    outer loop
      vertex 67.3059 19.7807 6.4
      vertex 66.7235 17.6074 6.4
      vertex 66.8784 17.5548 6.4
    endloop
  endfacet
  facet normal 0 0 1
    outer loop
      vertex 66.8568 19.8701 6.4
      vertex 66.5632 17.6393 6.4
      vertex 66.7235 17.6074 6.4
    endloop
  endfacet
  facet normal 0 0 1
    outer loop
      vertex 66.4 19.9 6.4
      vertex 66.5632 17.6393 6.4
      vertex 66.8568 19.8701 6.4
    endloop
  endfacet
  facet normal 0 0 1
    outer loop
      vertex 66.4 19.9 6.4
      vertex 66.4 17.65 6.4
      vertex 66.5632 17.6393 6.4
    endloop
  endfacet
  facet normal 0 0 1
    outer loop
      vertex 66.4 19.9 6.4
      vertex 66.2368 17.6393 6.4
      vertex 66.4 17.65 6.4
    endloop
  endfacet
  facet normal -0 0 1
    outer loop
      vertex 65.9432 19.8701 6.4
      vertex 66.2368 17.6393 6.4
      vertex 66.4 19.9 6.4
    endloop
  endfacet
  facet normal 0 0 1
    outer loop
      vertex 66.2368 17.6393 6.4
      vertex 65.9432 19.8701 6.4
      vertex 66.0765 17.6074 6.4
    endloop
  endfacet
  facet normal -0 0 1
    outer loop
      vertex 65.4941 19.7807 6.4
      vertex 66.0765 17.6074 6.4
      vertex 65.9432 19.8701 6.4
    endloop
  endfacet
  facet normal 0 0 1
    outer loop
      vertex 66.0765 17.6074 6.4
      vertex 65.4941 19.7807 6.4
      vertex 65.9216 17.5548 6.4
    endloop
  endfacet
  facet normal -0 0 1
    outer loop
      vertex 65.0606 19.6336 6.4
      vertex 65.9216 17.5548 6.4
      vertex 65.4941 19.7807 6.4
    endloop
  endfacet
  facet normal 0 0 1
    outer loop
      vertex 65.9216 17.5548 6.4
      vertex 65.0606 19.6336 6.4
      vertex 65.775 17.4825 6.4
    endloop
  endfacet
  facet normal -0 0 1
    outer loop
      vertex 64.65 19.4311 6.4
      vertex 65.775 17.4825 6.4
      vertex 65.0606 19.6336 6.4
    endloop
  endfacet
  facet normal 0 0 1
    outer loop
      vertex 65.775 17.4825 6.4
      vertex 64.65 19.4311 6.4
      vertex 65.639 17.3917 6.4
    endloop
  endfacet
  facet normal -0 0 1
    outer loop
      vertex 64.2693 19.1767 6.4
      vertex 65.639 17.3917 6.4
      vertex 64.65 19.4311 6.4
    endloop
  endfacet
  facet normal 0 0 1
    outer loop
      vertex 65.639 17.3917 6.4
      vertex 64.2693 19.1767 6.4
      vertex 65.5161 17.2839 6.4
    endloop
  endfacet
  facet normal -0 0 1
    outer loop
      vertex 63.9251 18.8749 6.4
      vertex 65.5161 17.2839 6.4
      vertex 64.2693 19.1767 6.4
    endloop
  endfacet
  facet normal 0 0 1
    outer loop
      vertex 65.5161 17.2839 6.4
      vertex 63.9251 18.8749 6.4
      vertex 65.4083 17.161 6.4
    endloop
  endfacet
  facet normal 0 0 1
    outer loop
      vertex 65.4083 17.161 6.4
      vertex 63.6233 18.5307 6.4
      vertex 65.3175 17.025 6.4
    endloop
  endfacet
  facet normal -0 0 1
    outer loop
      vertex 63.6233 18.5307 6.4
      vertex 65.4083 17.161 6.4
      vertex 63.9251 18.8749 6.4
    endloop
  endfacet
  facet normal -0 0 1
    outer loop
      vertex 67.3917 15.639 6.4
      vertex 69.1767 14.2693 6.4
      vertex 67.4825 15.775 6.4
    endloop
  endfacet
  facet normal 0 0 1
    outer loop
      vertex 69.1767 14.2693 6.4
      vertex 67.3917 15.639 6.4
      vertex 68.8749 13.9251 6.4
    endloop
  endfacet
  facet normal -0 0 1
    outer loop
      vertex 67.2839 15.5161 6.4
      vertex 68.8749 13.9251 6.4
      vertex 67.3917 15.639 6.4
    endloop
  endfacet
  facet normal 0 0 1
    outer loop
      vertex 68.8749 13.9251 6.4
      vertex 67.2839 15.5161 6.4
      vertex 68.5307 13.6233 6.4
    endloop
  endfacet
  facet normal -0 0 1
    outer loop
      vertex 67.1609 15.4083 6.4
      vertex 68.5307 13.6233 6.4
      vertex 67.2839 15.5161 6.4
    endloop
  endfacet
  facet normal 0 0 1
    outer loop
      vertex 68.5307 13.6233 6.4
      vertex 67.1609 15.4083 6.4
      vertex 68.15 13.3689 6.4
    endloop
  endfacet
  facet normal -0 0 1
    outer loop
      vertex 67.025 15.3175 6.4
      vertex 68.15 13.3689 6.4
      vertex 67.1609 15.4083 6.4
    endloop
  endfacet
  facet normal 0 0 1
    outer loop
      vertex 68.15 13.3689 6.4
      vertex 67.025 15.3175 6.4
      vertex 67.7394 13.1664 6.4
    endloop
  endfacet
  facet normal -0 0 1
    outer loop
      vertex 66.8784 15.2452 6.4
      vertex 67.7394 13.1664 6.4
      vertex 67.025 15.3175 6.4
    endloop
  endfacet
  facet normal 0 0 1
    outer loop
      vertex 67.7394 13.1664 6.4
      vertex 66.8784 15.2452 6.4
      vertex 67.3059 13.0193 6.4
    endloop
  endfacet
  facet normal -0 0 1
    outer loop
      vertex 66.7235 15.1926 6.4
      vertex 67.3059 13.0193 6.4
      vertex 66.8784 15.2452 6.4
    endloop
  endfacet
  facet normal 0 0 1
    outer loop
      vertex 67.3059 13.0193 6.4
      vertex 66.7235 15.1926 6.4
      vertex 66.8568 12.9299 6.4
    endloop
  endfacet
  facet normal -0 0 1
    outer loop
      vertex 66.5632 15.1607 6.4
      vertex 66.8568 12.9299 6.4
      vertex 66.7235 15.1926 6.4
    endloop
  endfacet
  facet normal -0 0 1
    outer loop
      vertex 66.4 15.15 6.4
      vertex 66.8568 12.9299 6.4
      vertex 66.5632 15.1607 6.4
    endloop
  endfacet
  facet normal 0 0 1
    outer loop
      vertex 66.4 15.15 6.4
      vertex 66.4 12.9 6.4
      vertex 66.8568 12.9299 6.4
    endloop
  endfacet
  facet normal 0 0 1
    outer loop
      vertex 66.2368 15.1607 6.4
      vertex 66.4 12.9 6.4
      vertex 66.4 15.15 6.4
    endloop
  endfacet
  facet normal 0 0 1
    outer loop
      vertex 65.9432 12.9299 6.4
      vertex 66.2368 15.1607 6.4
      vertex 66.0765 15.1926 6.4
    endloop
  endfacet
  facet normal 0 0 1
    outer loop
      vertex 66.2368 15.1607 6.4
      vertex 65.9432 12.9299 6.4
      vertex 66.4 12.9 6.4
    endloop
  endfacet
  facet normal 0 0 1
    outer loop
      vertex 65.4941 13.0193 6.4
      vertex 66.0765 15.1926 6.4
      vertex 65.9216 15.2452 6.4
    endloop
  endfacet
  facet normal 0 0 1
    outer loop
      vertex 65.0606 13.1664 6.4
      vertex 65.9216 15.2452 6.4
      vertex 65.775 15.3175 6.4
    endloop
  endfacet
  facet normal 0 0 1
    outer loop
      vertex 64.65 13.3689 6.4
      vertex 65.775 15.3175 6.4
      vertex 65.639 15.4083 6.4
    endloop
  endfacet
  facet normal 0 0 1
    outer loop
      vertex 64.2693 13.6233 6.4
      vertex 65.639 15.4083 6.4
      vertex 65.5161 15.5161 6.4
    endloop
  endfacet
  facet normal 0 0 1
    outer loop
      vertex 66.0765 15.1926 6.4
      vertex 65.4941 13.0193 6.4
      vertex 65.9432 12.9299 6.4
    endloop
  endfacet
  facet normal 0 0 1
    outer loop
      vertex 63.9251 13.9251 6.4
      vertex 65.5161 15.5161 6.4
      vertex 65.4083 15.639 6.4
    endloop
  endfacet
  facet normal 0 0 1
    outer loop
      vertex 63.6233 14.2693 6.4
      vertex 65.4083 15.639 6.4
      vertex 65.3175 15.775 6.4
    endloop
  endfacet
  facet normal 0 0 1
    outer loop
      vertex 63.3689 14.65 6.4
      vertex 65.3175 15.775 6.4
      vertex 65.2451 15.9216 6.4
    endloop
  endfacet
  facet normal 0 0 1
    outer loop
      vertex 63.1664 15.0606 6.4
      vertex 65.2451 15.9216 6.4
      vertex 65.1926 16.0765 6.4
    endloop
  endfacet
  facet normal 0 0 1
    outer loop
      vertex 63.0193 15.4941 6.4
      vertex 65.1926 16.0765 6.4
      vertex 65.1607 16.2368 6.4
    endloop
  endfacet
  facet normal 0 0 1
    outer loop
      vertex 65.9216 15.2452 6.4
      vertex 65.0606 13.1664 6.4
      vertex 65.4941 13.0193 6.4
    endloop
  endfacet
  facet normal 0 0 1
    outer loop
      vertex 62.9299 15.9432 6.4
      vertex 65.1607 16.2368 6.4
      vertex 65.15 16.4 6.4
    endloop
  endfacet
  facet normal -0 0 1
    outer loop
      vertex 63.3689 18.15 6.4
      vertex 65.3175 17.025 6.4
      vertex 63.6233 18.5307 6.4
    endloop
  endfacet
  facet normal 0 0 1
    outer loop
      vertex 65.3175 17.025 6.4
      vertex 63.3689 18.15 6.4
      vertex 65.2451 16.8784 6.4
    endloop
  endfacet
  facet normal 0 0 1
    outer loop
      vertex 65.775 15.3175 6.4
      vertex 64.65 13.3689 6.4
      vertex 65.0606 13.1664 6.4
    endloop
  endfacet
  facet normal -0 0 1
    outer loop
      vertex 63.1664 17.7394 6.4
      vertex 65.2451 16.8784 6.4
      vertex 63.3689 18.15 6.4
    endloop
  endfacet
  facet normal 0 0 1
    outer loop
      vertex 65.639 15.4083 6.4
      vertex 64.2693 13.6233 6.4
      vertex 64.65 13.3689 6.4
    endloop
  endfacet
  facet normal 0 0 1
    outer loop
      vertex 65.2451 16.8784 6.4
      vertex 63.1664 17.7394 6.4
      vertex 65.1926 16.7235 6.4
    endloop
  endfacet
  facet normal 0 0 1
    outer loop
      vertex 65.5161 15.5161 6.4
      vertex 63.9251 13.9251 6.4
      vertex 64.2693 13.6233 6.4
    endloop
  endfacet
  facet normal -0 0 1
    outer loop
      vertex 63.0193 17.3059 6.4
      vertex 65.1926 16.7235 6.4
      vertex 63.1664 17.7394 6.4
    endloop
  endfacet
  facet normal 0 0 1
    outer loop
      vertex 65.4083 15.639 6.4
      vertex 63.6233 14.2693 6.4
      vertex 63.9251 13.9251 6.4
    endloop
  endfacet
  facet normal 0 0 1
    outer loop
      vertex 65.1926 16.7235 6.4
      vertex 63.0193 17.3059 6.4
      vertex 65.1607 16.5632 6.4
    endloop
  endfacet
  facet normal 0 0 1
    outer loop
      vertex 65.3175 15.775 6.4
      vertex 63.3689 14.65 6.4
      vertex 63.6233 14.2693 6.4
    endloop
  endfacet
  facet normal -0 0 1
    outer loop
      vertex 62.9299 16.8568 6.4
      vertex 65.1607 16.5632 6.4
      vertex 63.0193 17.3059 6.4
    endloop
  endfacet
  facet normal 0 0 1
    outer loop
      vertex 65.2451 15.9216 6.4
      vertex 63.1664 15.0606 6.4
      vertex 63.3689 14.65 6.4
    endloop
  endfacet
  facet normal 0 0 1
    outer loop
      vertex 65.1607 16.5632 6.4
      vertex 62.9299 16.8568 6.4
      vertex 65.15 16.4 6.4
    endloop
  endfacet
  facet normal 0 0 1
    outer loop
      vertex 65.1926 16.0765 6.4
      vertex 63.0193 15.4941 6.4
      vertex 63.1664 15.0606 6.4
    endloop
  endfacet
  facet normal 0 0 1
    outer loop
      vertex 62.9 16.4 6.4
      vertex 65.15 16.4 6.4
      vertex 62.9299 16.8568 6.4
    endloop
  endfacet
  facet normal 0 0 1
    outer loop
      vertex 65.1607 16.2368 6.4
      vertex 62.9299 15.9432 6.4
      vertex 63.0193 15.4941 6.4
    endloop
  endfacet
  facet normal 0 0 1
    outer loop
      vertex 65.15 16.4 6.4
      vertex 62.9 16.4 6.4
      vertex 62.9299 15.9432 6.4
    endloop
  endfacet
  facet normal -0.980757 0.195234 0
    outer loop
      vertex 62.9299 16.8568 2.4
      vertex 63.0193 17.3059 6.4
      vertex 63.0193 17.3059 2.4
    endloop
  endfacet
  facet normal -0.980757 0.195234 0
    outer loop
      vertex 63.0193 17.3059 6.4
      vertex 62.9299 16.8568 2.4
      vertex 62.9299 16.8568 6.4
    endloop
  endfacet
  facet normal 0.946966 -0.321335 0
    outer loop
      vertex 69.6336 15.0606 6.4
      vertex 69.7807 15.4941 2.4
      vertex 69.7807 15.4941 6.4
    endloop
  endfacet
  facet normal 0.946966 -0.321335 0
    outer loop
      vertex 69.7807 15.4941 2.4
      vertex 69.6336 15.0606 6.4
      vertex 69.6336 15.0606 2.4
    endloop
  endfacet
  facet normal 0.7519 -0.659278 0
    outer loop
      vertex 68.8749 13.9251 6.4
      vertex 69.1767 14.2693 2.4
      vertex 69.1767 14.2693 6.4
    endloop
  endfacet
  facet normal 0.7519 -0.659278 0
    outer loop
      vertex 69.1767 14.2693 2.4
      vertex 68.8749 13.9251 6.4
      vertex 68.8749 13.9251 2.4
    endloop
  endfacet
  facet normal -0.555607 -0.831445 0
    outer loop
      vertex 64.2693 13.6233 2.4
      vertex 64.65 13.3689 6.4
      vertex 64.2693 13.6233 6.4
    endloop
  endfacet
  facet normal -0.555607 -0.831445 -0
    outer loop
      vertex 64.65 13.3689 6.4
      vertex 64.2693 13.6233 2.4
      vertex 64.65 13.3689 2.4
    endloop
  endfacet
  facet normal -0.65911 -0.752046 0
    outer loop
      vertex 67.1609 17.3917 3.4
      vertex 67.2839 17.2839 6.4
      vertex 67.1609 17.3917 6.4
    endloop
  endfacet
  facet normal -0.65911 -0.752046 -0
    outer loop
      vertex 67.2839 17.2839 6.4
      vertex 67.1609 17.3917 3.4
      vertex 67.2839 17.2839 3.4
    endloop
  endfacet
  facet normal 0.947082 -0.320993 0
    outer loop
      vertex 65.1926 16.7235 6.4
      vertex 65.2451 16.8784 3.4
      vertex 65.2451 16.8784 6.4
    endloop
  endfacet
  facet normal 0.947082 -0.320993 0
    outer loop
      vertex 65.2451 16.8784 3.4
      vertex 65.1926 16.7235 6.4
      vertex 65.1926 16.7235 3.4
    endloop
  endfacet
  facet normal -0.997858 0.0654233 0
    outer loop
      vertex 67.6393 16.2368 3.4
      vertex 67.65 16.4 6.4
      vertex 67.65 16.4 3.4
    endloop
  endfacet
  facet normal -0.997858 0.0654233 0
    outer loop
      vertex 67.65 16.4 6.4
      vertex 67.6393 16.2368 3.4
      vertex 67.6393 16.2368 6.4
    endloop
  endfacet
  facet normal 0.321541 0.946896 -0
    outer loop
      vertex 66.0765 15.1926 3.4
      vertex 65.9216 15.2452 6.4
      vertex 66.0765 15.1926 6.4
    endloop
  endfacet
  facet normal 0.321541 0.946896 0
    outer loop
      vertex 65.9216 15.2452 6.4
      vertex 66.0765 15.1926 3.4
      vertex 65.9216 15.2452 3.4
    endloop
  endfacet
  facet normal -0.555547 -0.831485 0
    outer loop
      vertex 67.025 17.4825 3.4
      vertex 67.1609 17.3917 6.4
      vertex 67.025 17.4825 6.4
    endloop
  endfacet
  facet normal -0.555547 -0.831485 -0
    outer loop
      vertex 67.1609 17.3917 6.4
      vertex 67.025 17.4825 3.4
      vertex 67.1609 17.3917 3.4
    endloop
  endfacet
  facet normal 0.321541 -0.946896 0
    outer loop
      vertex 65.9216 17.5548 3.4
      vertex 66.0765 17.6074 6.4
      vertex 65.9216 17.5548 6.4
    endloop
  endfacet
  facet normal 0.321541 -0.946896 0
    outer loop
      vertex 66.0765 17.6074 6.4
      vertex 65.9216 17.5548 3.4
      vertex 66.0765 17.6074 3.4
    endloop
  endfacet
  facet normal 0.896618 -0.442805 0
    outer loop
      vertex 65.2451 16.8784 6.4
      vertex 65.3175 17.025 3.4
      vertex 65.3175 17.025 6.4
    endloop
  endfacet
  facet normal 0.896618 -0.442805 0
    outer loop
      vertex 65.3175 17.025 3.4
      vertex 65.2451 16.8784 6.4
      vertex 65.2451 16.8784 3.4
    endloop
  endfacet
  facet normal 0.896618 0.442805 0
    outer loop
      vertex 65.3175 15.775 6.4
      vertex 65.2451 15.9216 3.4
      vertex 65.2451 15.9216 6.4
    endloop
  endfacet
  facet normal 0.896618 0.442805 0
    outer loop
      vertex 65.2451 15.9216 3.4
      vertex 65.3175 15.775 6.4
      vertex 65.3175 15.775 3.4
    endloop
  endfacet
  facet normal -0.946896 -0.321541 0
    outer loop
      vertex 67.6074 16.7235 3.4
      vertex 67.5548 16.8784 6.4
      vertex 67.5548 16.8784 3.4
    endloop
  endfacet
  facet normal -0.946896 -0.321541 0
    outer loop
      vertex 67.5548 16.8784 6.4
      vertex 67.6074 16.7235 3.4
      vertex 67.6074 16.7235 6.4
    endloop
  endfacet
  facet normal -0.896861 -0.442313 0
    outer loop
      vertex 67.5548 16.8784 3.4
      vertex 67.4825 17.025 6.4
      vertex 67.4825 17.025 3.4
    endloop
  endfacet
  facet normal -0.896861 -0.442313 0
    outer loop
      vertex 67.4825 17.025 6.4
      vertex 67.5548 16.8784 3.4
      vertex 67.5548 16.8784 6.4
    endloop
  endfacet
  facet normal -0.831674 -0.555265 0
    outer loop
      vertex 67.4825 17.025 3.4
      vertex 67.3917 17.161 6.4
      vertex 67.3917 17.161 3.4
    endloop
  endfacet
  facet normal -0.831674 -0.555265 0
    outer loop
      vertex 67.3917 17.161 6.4
      vertex 67.4825 17.025 3.4
      vertex 67.4825 17.025 6.4
    endloop
  endfacet
  facet normal -0.442313 -0.896861 0
    outer loop
      vertex 66.8784 17.5548 3.4
      vertex 67.025 17.4825 6.4
      vertex 66.8784 17.5548 6.4
    endloop
  endfacet
  facet normal -0.442313 -0.896861 -0
    outer loop
      vertex 67.025 17.4825 6.4
      vertex 66.8784 17.5548 3.4
      vertex 67.025 17.4825 3.4
    endloop
  endfacet
  facet normal -0.321541 -0.946896 0
    outer loop
      vertex 66.7235 17.6074 3.4
      vertex 66.8784 17.5548 6.4
      vertex 66.7235 17.6074 6.4
    endloop
  endfacet
  facet normal -0.321541 -0.946896 -0
    outer loop
      vertex 66.8784 17.5548 6.4
      vertex 66.7235 17.6074 3.4
      vertex 66.8784 17.5548 3.4
    endloop
  endfacet
  facet normal 0.75178 -0.659414 0
    outer loop
      vertex 65.4083 17.161 6.4
      vertex 65.5161 17.2839 3.4
      vertex 65.5161 17.2839 6.4
    endloop
  endfacet
  facet normal 0.75178 -0.659414 0
    outer loop
      vertex 65.5161 17.2839 3.4
      vertex 65.4083 17.161 6.4
      vertex 65.4083 17.161 3.4
    endloop
  endfacet
  facet normal 0.442313 -0.896861 0
    outer loop
      vertex 65.775 17.4825 3.4
      vertex 65.9216 17.5548 6.4
      vertex 65.775 17.4825 6.4
    endloop
  endfacet
  facet normal 0.442313 -0.896861 0
    outer loop
      vertex 65.9216 17.5548 6.4
      vertex 65.775 17.4825 3.4
      vertex 65.9216 17.5548 3.4
    endloop
  endfacet
  facet normal 0.555265 -0.831674 0
    outer loop
      vertex 65.639 17.3917 3.4
      vertex 65.775 17.4825 6.4
      vertex 65.639 17.3917 6.4
    endloop
  endfacet
  facet normal 0.555265 -0.831674 0
    outer loop
      vertex 65.775 17.4825 6.4
      vertex 65.639 17.3917 3.4
      vertex 65.775 17.4825 3.4
    endloop
  endfacet
  facet normal -0.997858 -0.0654233 0
    outer loop
      vertex 67.65 16.4 3.4
      vertex 67.6393 16.5632 6.4
      vertex 67.6393 16.5632 3.4
    endloop
  endfacet
  facet normal -0.997858 -0.0654233 0
    outer loop
      vertex 67.6393 16.5632 6.4
      vertex 67.65 16.4 3.4
      vertex 67.65 16.4 6.4
    endloop
  endfacet
  facet normal -0.321541 0.946896 0
    outer loop
      vertex 66.8784 15.2452 3.4
      vertex 66.7235 15.1926 6.4
      vertex 66.8784 15.2452 6.4
    endloop
  endfacet
  facet normal -0.321541 0.946896 0
    outer loop
      vertex 66.7235 15.1926 6.4
      vertex 66.8784 15.2452 3.4
      vertex 66.7235 15.1926 3.4
    endloop
  endfacet
  facet normal -0.75178 0.659414 0
    outer loop
      vertex 67.2839 15.5161 3.4
      vertex 67.3917 15.639 6.4
      vertex 67.3917 15.639 3.4
    endloop
  endfacet
  facet normal -0.75178 0.659414 0
    outer loop
      vertex 67.3917 15.639 6.4
      vertex 67.2839 15.5161 3.4
      vertex 67.2839 15.5161 6.4
    endloop
  endfacet
  facet normal -0.65911 0.752046 0
    outer loop
      vertex 67.2839 15.5161 3.4
      vertex 67.1609 15.4083 6.4
      vertex 67.2839 15.5161 6.4
    endloop
  endfacet
  facet normal -0.65911 0.752046 0
    outer loop
      vertex 67.1609 15.4083 6.4
      vertex 67.2839 15.5161 3.4
      vertex 67.1609 15.4083 3.4
    endloop
  endfacet
  facet normal -0.442313 0.896861 0
    outer loop
      vertex 67.025 15.3175 3.4
      vertex 66.8784 15.2452 6.4
      vertex 67.025 15.3175 6.4
    endloop
  endfacet
  facet normal -0.442313 0.896861 0
    outer loop
      vertex 66.8784 15.2452 6.4
      vertex 67.025 15.3175 3.4
      vertex 66.8784 15.2452 3.4
    endloop
  endfacet
  facet normal 0.0654233 0.997858 -0
    outer loop
      vertex 66.4 15.15 3.4
      vertex 66.2368 15.1607 6.4
      vertex 66.4 15.15 6.4
    endloop
  endfacet
  facet normal 0.0654233 0.997858 0
    outer loop
      vertex 66.2368 15.1607 6.4
      vertex 66.4 15.15 3.4
      vertex 66.2368 15.1607 3.4
    endloop
  endfacet
  facet normal 0.442313 0.896861 -0
    outer loop
      vertex 65.9216 15.2452 3.4
      vertex 65.775 15.3175 6.4
      vertex 65.9216 15.2452 6.4
    endloop
  endfacet
  facet normal 0.442313 0.896861 0
    outer loop
      vertex 65.775 15.3175 6.4
      vertex 65.9216 15.2452 3.4
      vertex 65.775 15.3175 3.4
    endloop
  endfacet
  facet normal 0.555265 0.831674 -0
    outer loop
      vertex 65.775 15.3175 3.4
      vertex 65.639 15.4083 6.4
      vertex 65.775 15.3175 6.4
    endloop
  endfacet
  facet normal 0.555265 0.831674 0
    outer loop
      vertex 65.639 15.4083 6.4
      vertex 65.775 15.3175 3.4
      vertex 65.639 15.4083 3.4
    endloop
  endfacet
  facet normal 0.980768 0.195175 0
    outer loop
      vertex 65.1926 16.0765 6.4
      vertex 65.1607 16.2368 3.4
      vertex 65.1607 16.2368 6.4
    endloop
  endfacet
  facet normal 0.980768 0.195175 0
    outer loop
      vertex 65.1607 16.2368 3.4
      vertex 65.1926 16.0765 6.4
      vertex 65.1926 16.0765 3.4
    endloop
  endfacet
  facet normal -0.980768 -0.195175 0
    outer loop
      vertex 67.6393 16.5632 3.4
      vertex 67.6074 16.7235 6.4
      vertex 67.6074 16.7235 3.4
    endloop
  endfacet
  facet normal -0.980768 -0.195175 0
    outer loop
      vertex 67.6074 16.7235 6.4
      vertex 67.6393 16.5632 3.4
      vertex 67.6393 16.5632 6.4
    endloop
  endfacet
  facet normal -0.75178 -0.659414 0
    outer loop
      vertex 67.3917 17.161 3.4
      vertex 67.2839 17.2839 6.4
      vertex 67.2839 17.2839 3.4
    endloop
  endfacet
  facet normal -0.75178 -0.659414 0
    outer loop
      vertex 67.2839 17.2839 6.4
      vertex 67.3917 17.161 3.4
      vertex 67.3917 17.161 6.4
    endloop
  endfacet
  facet normal -0.0654233 -0.997858 0
    outer loop
      vertex 66.4 17.65 3.4
      vertex 66.5632 17.6393 6.4
      vertex 66.4 17.65 6.4
    endloop
  endfacet
  facet normal -0.0654233 -0.997858 -0
    outer loop
      vertex 66.5632 17.6393 6.4
      vertex 66.4 17.65 3.4
      vertex 66.5632 17.6393 3.4
    endloop
  endfacet
  facet normal -0.195175 -0.980768 0
    outer loop
      vertex 66.5632 17.6393 3.4
      vertex 66.7235 17.6074 6.4
      vertex 66.5632 17.6393 6.4
    endloop
  endfacet
  facet normal -0.195175 -0.980768 -0
    outer loop
      vertex 66.7235 17.6074 6.4
      vertex 66.5632 17.6393 3.4
      vertex 66.7235 17.6074 3.4
    endloop
  endfacet
  facet normal 0.997858 -0.0654233 0
    outer loop
      vertex 65.15 16.4 6.4
      vertex 65.1607 16.5632 3.4
      vertex 65.1607 16.5632 6.4
    endloop
  endfacet
  facet normal 0.997858 -0.0654233 0
    outer loop
      vertex 65.1607 16.5632 3.4
      vertex 65.15 16.4 6.4
      vertex 65.15 16.4 3.4
    endloop
  endfacet
  facet normal 0.831674 -0.555265 0
    outer loop
      vertex 65.3175 17.025 6.4
      vertex 65.4083 17.161 3.4
      vertex 65.4083 17.161 6.4
    endloop
  endfacet
  facet normal 0.831674 -0.555265 0
    outer loop
      vertex 65.4083 17.161 3.4
      vertex 65.3175 17.025 6.4
      vertex 65.3175 17.025 3.4
    endloop
  endfacet
  facet normal 0.0654233 -0.997858 0
    outer loop
      vertex 66.2368 17.6393 3.4
      vertex 66.4 17.65 6.4
      vertex 66.2368 17.6393 6.4
    endloop
  endfacet
  facet normal 0.0654233 -0.997858 0
    outer loop
      vertex 66.4 17.65 6.4
      vertex 66.2368 17.6393 3.4
      vertex 66.4 17.65 3.4
    endloop
  endfacet
  facet normal 0.195175 -0.980768 0
    outer loop
      vertex 66.0765 17.6074 3.4
      vertex 66.2368 17.6393 6.4
      vertex 66.0765 17.6074 6.4
    endloop
  endfacet
  facet normal 0.195175 -0.980768 0
    outer loop
      vertex 66.2368 17.6393 6.4
      vertex 66.0765 17.6074 3.4
      vertex 66.2368 17.6393 3.4
    endloop
  endfacet
  facet normal 0.659414 -0.75178 0
    outer loop
      vertex 65.5161 17.2839 3.4
      vertex 65.639 17.3917 6.4
      vertex 65.5161 17.2839 6.4
    endloop
  endfacet
  facet normal 0.659414 -0.75178 0
    outer loop
      vertex 65.639 17.3917 6.4
      vertex 65.5161 17.2839 3.4
      vertex 65.639 17.3917 3.4
    endloop
  endfacet
  facet normal -0.0654233 0.997858 0
    outer loop
      vertex 66.5632 15.1607 3.4
      vertex 66.4 15.15 6.4
      vertex 66.5632 15.1607 6.4
    endloop
  endfacet
  facet normal -0.0654233 0.997858 0
    outer loop
      vertex 66.4 15.15 6.4
      vertex 66.5632 15.1607 3.4
      vertex 66.4 15.15 3.4
    endloop
  endfacet
  facet normal -0.980768 0.195175 0
    outer loop
      vertex 67.6074 16.0765 3.4
      vertex 67.6393 16.2368 6.4
      vertex 67.6393 16.2368 3.4
    endloop
  endfacet
  facet normal -0.980768 0.195175 0
    outer loop
      vertex 67.6393 16.2368 6.4
      vertex 67.6074 16.0765 3.4
      vertex 67.6074 16.0765 6.4
    endloop
  endfacet
  facet normal -0.195175 0.980768 0
    outer loop
      vertex 66.7235 15.1926 3.4
      vertex 66.5632 15.1607 6.4
      vertex 66.7235 15.1926 6.4
    endloop
  endfacet
  facet normal -0.195175 0.980768 0
    outer loop
      vertex 66.5632 15.1607 6.4
      vertex 66.7235 15.1926 3.4
      vertex 66.5632 15.1607 3.4
    endloop
  endfacet
  facet normal -0.555547 0.831485 0
    outer loop
      vertex 67.1609 15.4083 3.4
      vertex 67.025 15.3175 6.4
      vertex 67.1609 15.4083 6.4
    endloop
  endfacet
  facet normal -0.555547 0.831485 0
    outer loop
      vertex 67.025 15.3175 6.4
      vertex 67.1609 15.4083 3.4
      vertex 67.025 15.3175 3.4
    endloop
  endfacet
  facet normal 0.195175 0.980768 -0
    outer loop
      vertex 66.2368 15.1607 3.4
      vertex 66.0765 15.1926 6.4
      vertex 66.2368 15.1607 6.4
    endloop
  endfacet
  facet normal 0.195175 0.980768 0
    outer loop
      vertex 66.0765 15.1926 6.4
      vertex 66.2368 15.1607 3.4
      vertex 66.0765 15.1926 3.4
    endloop
  endfacet
  facet normal 0.659414 0.75178 -0
    outer loop
      vertex 65.639 15.4083 3.4
      vertex 65.5161 15.5161 6.4
      vertex 65.639 15.4083 6.4
    endloop
  endfacet
  facet normal 0.659414 0.75178 0
    outer loop
      vertex 65.5161 15.5161 6.4
      vertex 65.639 15.4083 3.4
      vertex 65.5161 15.5161 3.4
    endloop
  endfacet
  facet normal 0.947082 0.320993 0
    outer loop
      vertex 65.2451 15.9216 6.4
      vertex 65.1926 16.0765 3.4
      vertex 65.1926 16.0765 6.4
    endloop
  endfacet
  facet normal 0.947082 0.320993 0
    outer loop
      vertex 65.1926 16.0765 3.4
      vertex 65.2451 15.9216 6.4
      vertex 65.2451 15.9216 3.4
    endloop
  endfacet
  facet normal 0.997858 0.0654233 0
    outer loop
      vertex 65.1607 16.2368 6.4
      vertex 65.15 16.4 3.4
      vertex 65.15 16.4 6.4
    endloop
  endfacet
  facet normal 0.997858 0.0654233 0
    outer loop
      vertex 65.15 16.4 3.4
      vertex 65.1607 16.2368 6.4
      vertex 65.1607 16.2368 3.4
    endloop
  endfacet
  facet normal 0 0 1
    outer loop
      vertex 67.6393 16.5632 3.4
      vertex 67.6393 16.2368 3.4
      vertex 67.65 16.4 3.4
    endloop
  endfacet
  facet normal 0 0 1
    outer loop
      vertex 67.6074 16.7235 3.4
      vertex 67.6393 16.2368 3.4
      vertex 67.6393 16.5632 3.4
    endloop
  endfacet
  facet normal 0 0 1
    outer loop
      vertex 67.6074 16.7235 3.4
      vertex 67.6074 16.0765 3.4
      vertex 67.6393 16.2368 3.4
    endloop
  endfacet
  facet normal 0 0 1
    outer loop
      vertex 67.5548 16.8784 3.4
      vertex 67.6074 16.0765 3.4
      vertex 67.6074 16.7235 3.4
    endloop
  endfacet
  facet normal 0 0 1
    outer loop
      vertex 67.5548 16.8784 3.4
      vertex 67.5548 15.9216 3.4
      vertex 67.6074 16.0765 3.4
    endloop
  endfacet
  facet normal 0 0 1
    outer loop
      vertex 67.4825 17.025 3.4
      vertex 67.5548 15.9216 3.4
      vertex 67.5548 16.8784 3.4
    endloop
  endfacet
  facet normal 0 0 1
    outer loop
      vertex 67.4825 17.025 3.4
      vertex 67.4825 15.775 3.4
      vertex 67.5548 15.9216 3.4
    endloop
  endfacet
  facet normal 0 0 1
    outer loop
      vertex 67.3917 17.161 3.4
      vertex 67.4825 15.775 3.4
      vertex 67.4825 17.025 3.4
    endloop
  endfacet
  facet normal 0 0 1
    outer loop
      vertex 67.3917 17.161 3.4
      vertex 67.3917 15.639 3.4
      vertex 67.4825 15.775 3.4
    endloop
  endfacet
  facet normal 0 0 1
    outer loop
      vertex 67.2839 17.2839 3.4
      vertex 67.3917 15.639 3.4
      vertex 67.3917 17.161 3.4
    endloop
  endfacet
  facet normal 0 0 1
    outer loop
      vertex 67.2839 17.2839 3.4
      vertex 67.2839 15.5161 3.4
      vertex 67.3917 15.639 3.4
    endloop
  endfacet
  facet normal 0 0 1
    outer loop
      vertex 67.1609 17.3917 3.4
      vertex 67.2839 15.5161 3.4
      vertex 67.2839 17.2839 3.4
    endloop
  endfacet
  facet normal 0 0 1
    outer loop
      vertex 67.1609 17.3917 3.4
      vertex 67.1609 15.4083 3.4
      vertex 67.2839 15.5161 3.4
    endloop
  endfacet
  facet normal 0 0 1
    outer loop
      vertex 67.025 17.4825 3.4
      vertex 67.1609 15.4083 3.4
      vertex 67.1609 17.3917 3.4
    endloop
  endfacet
  facet normal 0 0 1
    outer loop
      vertex 67.025 17.4825 3.4
      vertex 67.025 15.3175 3.4
      vertex 67.1609 15.4083 3.4
    endloop
  endfacet
  facet normal 0 0 1
    outer loop
      vertex 66.8784 17.5548 3.4
      vertex 67.025 15.3175 3.4
      vertex 67.025 17.4825 3.4
    endloop
  endfacet
  facet normal 0 0 1
    outer loop
      vertex 66.8784 17.5548 3.4
      vertex 66.8784 15.2452 3.4
      vertex 67.025 15.3175 3.4
    endloop
  endfacet
  facet normal 0 0 1
    outer loop
      vertex 66.7235 17.6074 3.4
      vertex 66.8784 15.2452 3.4
      vertex 66.8784 17.5548 3.4
    endloop
  endfacet
  facet normal 0 0 1
    outer loop
      vertex 66.7235 17.6074 3.4
      vertex 66.7235 15.1926 3.4
      vertex 66.8784 15.2452 3.4
    endloop
  endfacet
  facet normal 0 0 1
    outer loop
      vertex 66.5632 17.6393 3.4
      vertex 66.7235 15.1926 3.4
      vertex 66.7235 17.6074 3.4
    endloop
  endfacet
  facet normal 0 0 1
    outer loop
      vertex 66.5632 17.6393 3.4
      vertex 66.5632 15.1607 3.4
      vertex 66.7235 15.1926 3.4
    endloop
  endfacet
  facet normal 0 0 1
    outer loop
      vertex 66.4 17.65 3.4
      vertex 66.5632 15.1607 3.4
      vertex 66.5632 17.6393 3.4
    endloop
  endfacet
  facet normal 0 0 1
    outer loop
      vertex 66.4 17.65 3.4
      vertex 66.4 15.15 3.4
      vertex 66.5632 15.1607 3.4
    endloop
  endfacet
  facet normal -0 0 1
    outer loop
      vertex 66.2368 17.6393 3.4
      vertex 66.4 15.15 3.4
      vertex 66.4 17.65 3.4
    endloop
  endfacet
  facet normal 0 0 1
    outer loop
      vertex 66.2368 17.6393 3.4
      vertex 66.2368 15.1607 3.4
      vertex 66.4 15.15 3.4
    endloop
  endfacet
  facet normal -0 0 1
    outer loop
      vertex 66.0765 17.6074 3.4
      vertex 66.2368 15.1607 3.4
      vertex 66.2368 17.6393 3.4
    endloop
  endfacet
  facet normal 0 0 1
    outer loop
      vertex 66.0765 17.6074 3.4
      vertex 66.0765 15.1926 3.4
      vertex 66.2368 15.1607 3.4
    endloop
  endfacet
  facet normal -0 0 1
    outer loop
      vertex 65.9216 17.5548 3.4
      vertex 66.0765 15.1926 3.4
      vertex 66.0765 17.6074 3.4
    endloop
  endfacet
  facet normal 0 0 1
    outer loop
      vertex 65.9216 17.5548 3.4
      vertex 65.9216 15.2452 3.4
      vertex 66.0765 15.1926 3.4
    endloop
  endfacet
  facet normal -0 0 1
    outer loop
      vertex 65.775 17.4825 3.4
      vertex 65.9216 15.2452 3.4
      vertex 65.9216 17.5548 3.4
    endloop
  endfacet
  facet normal 0 0 1
    outer loop
      vertex 65.775 17.4825 3.4
      vertex 65.775 15.3175 3.4
      vertex 65.9216 15.2452 3.4
    endloop
  endfacet
  facet normal -0 0 1
    outer loop
      vertex 65.639 17.3917 3.4
      vertex 65.775 15.3175 3.4
      vertex 65.775 17.4825 3.4
    endloop
  endfacet
  facet normal 0 0 1
    outer loop
      vertex 65.639 17.3917 3.4
      vertex 65.639 15.4083 3.4
      vertex 65.775 15.3175 3.4
    endloop
  endfacet
  facet normal -0 0 1
    outer loop
      vertex 65.5161 17.2839 3.4
      vertex 65.639 15.4083 3.4
      vertex 65.639 17.3917 3.4
    endloop
  endfacet
  facet normal 0 0 1
    outer loop
      vertex 65.5161 17.2839 3.4
      vertex 65.5161 15.5161 3.4
      vertex 65.639 15.4083 3.4
    endloop
  endfacet
  facet normal -0 0 1
    outer loop
      vertex 65.4083 17.161 3.4
      vertex 65.5161 15.5161 3.4
      vertex 65.5161 17.2839 3.4
    endloop
  endfacet
  facet normal 0 0 1
    outer loop
      vertex 65.4083 17.161 3.4
      vertex 65.4083 15.639 3.4
      vertex 65.5161 15.5161 3.4
    endloop
  endfacet
  facet normal -0 0 1
    outer loop
      vertex 65.3175 17.025 3.4
      vertex 65.4083 15.639 3.4
      vertex 65.4083 17.161 3.4
    endloop
  endfacet
  facet normal 0 0 1
    outer loop
      vertex 65.3175 17.025 3.4
      vertex 65.3175 15.775 3.4
      vertex 65.4083 15.639 3.4
    endloop
  endfacet
  facet normal -0 0 1
    outer loop
      vertex 65.2451 16.8784 3.4
      vertex 65.3175 15.775 3.4
      vertex 65.3175 17.025 3.4
    endloop
  endfacet
  facet normal 0 0 1
    outer loop
      vertex 65.2451 16.8784 3.4
      vertex 65.2451 15.9216 3.4
      vertex 65.3175 15.775 3.4
    endloop
  endfacet
  facet normal -0 0 1
    outer loop
      vertex 65.1926 16.7235 3.4
      vertex 65.2451 15.9216 3.4
      vertex 65.2451 16.8784 3.4
    endloop
  endfacet
  facet normal 0 0 1
    outer loop
      vertex 65.1926 16.7235 3.4
      vertex 65.1926 16.0765 3.4
      vertex 65.2451 15.9216 3.4
    endloop
  endfacet
  facet normal -0 0 1
    outer loop
      vertex 65.1607 16.5632 3.4
      vertex 65.1926 16.0765 3.4
      vertex 65.1926 16.7235 3.4
    endloop
  endfacet
  facet normal 0 0 1
    outer loop
      vertex 65.1607 16.5632 3.4
      vertex 65.1607 16.2368 3.4
      vertex 65.1926 16.0765 3.4
    endloop
  endfacet
  facet normal 0 -0 1
    outer loop
      vertex 65.1607 16.2368 3.4
      vertex 65.1607 16.5632 3.4
      vertex 65.15 16.4 3.4
    endloop
  endfacet
  facet normal 0.831674 0.555265 0
    outer loop
      vertex 65.4083 15.639 6.4
      vertex 65.3175 15.775 3.4
      vertex 65.3175 15.775 6.4
    endloop
  endfacet
  facet normal 0.831674 0.555265 0
    outer loop
      vertex 65.3175 15.775 3.4
      vertex 65.4083 15.639 6.4
      vertex 65.4083 15.639 3.4
    endloop
  endfacet
  facet normal 0.75178 0.659414 0
    outer loop
      vertex 65.5161 15.5161 6.4
      vertex 65.4083 15.639 3.4
      vertex 65.4083 15.639 6.4
    endloop
  endfacet
  facet normal 0.75178 0.659414 0
    outer loop
      vertex 65.4083 15.639 3.4
      vertex 65.5161 15.5161 6.4
      vertex 65.5161 15.5161 3.4
    endloop
  endfacet
  facet normal 0.980768 -0.195175 0
    outer loop
      vertex 65.1607 16.5632 6.4
      vertex 65.1926 16.7235 3.4
      vertex 65.1926 16.7235 6.4
    endloop
  endfacet
  facet normal 0.980768 -0.195175 0
    outer loop
      vertex 65.1926 16.7235 3.4
      vertex 65.1607 16.5632 6.4
      vertex 65.1607 16.5632 3.4
    endloop
  endfacet
  facet normal -0.896861 0.442313 0
    outer loop
      vertex 67.4825 15.775 3.4
      vertex 67.5548 15.9216 6.4
      vertex 67.5548 15.9216 3.4
    endloop
  endfacet
  facet normal -0.896861 0.442313 0
    outer loop
      vertex 67.5548 15.9216 6.4
      vertex 67.4825 15.775 3.4
      vertex 67.4825 15.775 6.4
    endloop
  endfacet
  facet normal -0.831674 0.555265 0
    outer loop
      vertex 67.3917 15.639 3.4
      vertex 67.4825 15.775 6.4
      vertex 67.4825 15.775 3.4
    endloop
  endfacet
  facet normal -0.831674 0.555265 0
    outer loop
      vertex 67.4825 15.775 6.4
      vertex 67.3917 15.639 3.4
      vertex 67.3917 15.639 6.4
    endloop
  endfacet
  facet normal -0.946896 0.321541 0
    outer loop
      vertex 67.5548 15.9216 3.4
      vertex 67.6074 16.0765 6.4
      vertex 67.6074 16.0765 3.4
    endloop
  endfacet
  facet normal -0.946896 0.321541 0
    outer loop
      vertex 67.6074 16.0765 6.4
      vertex 67.5548 15.9216 3.4
      vertex 67.5548 15.9216 6.4
    endloop
  endfacet
  facet normal 0.659278 0.7519 -0
    outer loop
      vertex 68.8749 46.8749 2.4
      vertex 68.5307 47.1767 6.4
      vertex 68.8749 46.8749 6.4
    endloop
  endfacet
  facet normal 0.659278 0.7519 0
    outer loop
      vertex 68.5307 47.1767 6.4
      vertex 68.8749 46.8749 2.4
      vertex 68.5307 47.1767 2.4
    endloop
  endfacet
  facet normal -0.946966 0.321335 0
    outer loop
      vertex 63.0193 45.3059 2.4
      vertex 63.1664 45.7394 6.4
      vertex 63.1664 45.7394 2.4
    endloop
  endfacet
  facet normal -0.946966 0.321335 0
    outer loop
      vertex 63.1664 45.7394 6.4
      vertex 63.0193 45.3059 2.4
      vertex 63.0193 45.3059 6.4
    endloop
  endfacet
  facet normal 0.997865 -0.0653156 0
    outer loop
      vertex 69.8701 43.9432 6.4
      vertex 69.9 44.4 2.4
      vertex 69.9 44.4 6.4
    endloop
  endfacet
  facet normal 0.997865 -0.0653156 0
    outer loop
      vertex 69.9 44.4 2.4
      vertex 69.8701 43.9432 6.4
      vertex 69.8701 43.9432 2.4
    endloop
  endfacet
  facet normal -0.321335 -0.946966 0
    outer loop
      vertex 65.0606 41.1664 2.4
      vertex 65.4941 41.0193 6.4
      vertex 65.0606 41.1664 6.4
    endloop
  endfacet
  facet normal -0.321335 -0.946966 -0
    outer loop
      vertex 65.4941 41.0193 6.4
      vertex 65.0606 41.1664 2.4
      vertex 65.4941 41.0193 2.4
    endloop
  endfacet
  facet normal 0.555607 0.831445 -0
    outer loop
      vertex 68.5307 47.1767 2.4
      vertex 68.15 47.4311 6.4
      vertex 68.5307 47.1767 6.4
    endloop
  endfacet
  facet normal 0.555607 0.831445 0
    outer loop
      vertex 68.15 47.4311 6.4
      vertex 68.5307 47.1767 2.4
      vertex 68.15 47.4311 2.4
    endloop
  endfacet
  facet normal -0.321335 0.946966 0
    outer loop
      vertex 65.4941 47.7807 2.4
      vertex 65.0606 47.6336 6.4
      vertex 65.4941 47.7807 6.4
    endloop
  endfacet
  facet normal -0.321335 0.946966 0
    outer loop
      vertex 65.0606 47.6336 6.4
      vertex 65.4941 47.7807 2.4
      vertex 65.0606 47.6336 2.4
    endloop
  endfacet
  facet normal -0.89686 0.442314 0
    outer loop
      vertex 63.1664 45.7394 2.4
      vertex 63.3689 46.15 6.4
      vertex 63.3689 46.15 2.4
    endloop
  endfacet
  facet normal -0.89686 0.442314 0
    outer loop
      vertex 63.3689 46.15 6.4
      vertex 63.1664 45.7394 2.4
      vertex 63.1664 45.7394 6.4
    endloop
  endfacet
  facet normal -0.89686 -0.442314 0
    outer loop
      vertex 63.3689 42.65 2.4
      vertex 63.1664 43.0606 6.4
      vertex 63.1664 43.0606 2.4
    endloop
  endfacet
  facet normal -0.89686 -0.442314 0
    outer loop
      vertex 63.1664 43.0606 6.4
      vertex 63.3689 42.65 2.4
      vertex 63.3689 42.65 6.4
    endloop
  endfacet
  facet normal 0.946966 0.321335 0
    outer loop
      vertex 69.7807 45.3059 6.4
      vertex 69.6336 45.7394 2.4
      vertex 69.6336 45.7394 6.4
    endloop
  endfacet
  facet normal 0.946966 0.321335 0
    outer loop
      vertex 69.6336 45.7394 2.4
      vertex 69.7807 45.3059 6.4
      vertex 69.7807 45.3059 2.4
    endloop
  endfacet
  facet normal 0.831445 0.555607 0
    outer loop
      vertex 69.4311 46.15 6.4
      vertex 69.1767 46.5307 2.4
      vertex 69.1767 46.5307 6.4
    endloop
  endfacet
  facet normal 0.831445 0.555607 0
    outer loop
      vertex 69.1767 46.5307 2.4
      vertex 69.4311 46.15 6.4
      vertex 69.4311 46.15 2.4
    endloop
  endfacet
  facet normal 0.7519 0.659278 0
    outer loop
      vertex 69.1767 46.5307 6.4
      vertex 68.8749 46.8749 2.4
      vertex 68.8749 46.8749 6.4
    endloop
  endfacet
  facet normal 0.7519 0.659278 0
    outer loop
      vertex 68.8749 46.8749 2.4
      vertex 69.1767 46.5307 6.4
      vertex 69.1767 46.5307 2.4
    endloop
  endfacet
  facet normal 0.442314 0.89686 -0
    outer loop
      vertex 68.15 47.4311 2.4
      vertex 67.7394 47.6336 6.4
      vertex 68.15 47.4311 6.4
    endloop
  endfacet
  facet normal 0.442314 0.89686 0
    outer loop
      vertex 67.7394 47.6336 6.4
      vertex 68.15 47.4311 2.4
      vertex 67.7394 47.6336 2.4
    endloop
  endfacet
  facet normal 0.321335 0.946966 -0
    outer loop
      vertex 67.7394 47.6336 2.4
      vertex 67.3059 47.7807 6.4
      vertex 67.7394 47.6336 6.4
    endloop
  endfacet
  facet normal 0.321335 0.946966 0
    outer loop
      vertex 67.3059 47.7807 6.4
      vertex 67.7394 47.6336 2.4
      vertex 67.3059 47.7807 2.4
    endloop
  endfacet
  facet normal -0.7519 0.659278 0
    outer loop
      vertex 63.6233 46.5307 2.4
      vertex 63.9251 46.8749 6.4
      vertex 63.9251 46.8749 2.4
    endloop
  endfacet
  facet normal -0.7519 0.659278 0
    outer loop
      vertex 63.9251 46.8749 6.4
      vertex 63.6233 46.5307 2.4
      vertex 63.6233 46.5307 6.4
    endloop
  endfacet
  facet normal -0.442314 0.89686 0
    outer loop
      vertex 65.0606 47.6336 2.4
      vertex 64.65 47.4311 6.4
      vertex 65.0606 47.6336 6.4
    endloop
  endfacet
  facet normal -0.442314 0.89686 0
    outer loop
      vertex 64.65 47.4311 6.4
      vertex 65.0606 47.6336 2.4
      vertex 64.65 47.4311 2.4
    endloop
  endfacet
  facet normal -0.555607 0.831445 0
    outer loop
      vertex 64.65 47.4311 2.4
      vertex 64.2693 47.1767 6.4
      vertex 64.65 47.4311 6.4
    endloop
  endfacet
  facet normal -0.555607 0.831445 0
    outer loop
      vertex 64.2693 47.1767 6.4
      vertex 64.65 47.4311 2.4
      vertex 64.2693 47.1767 2.4
    endloop
  endfacet
  facet normal 0.997865 0.0653156 0
    outer loop
      vertex 69.9 44.4 6.4
      vertex 69.8701 44.8568 2.4
      vertex 69.8701 44.8568 6.4
    endloop
  endfacet
  facet normal 0.997865 0.0653156 0
    outer loop
      vertex 69.8701 44.8568 2.4
      vertex 69.9 44.4 6.4
      vertex 69.9 44.4 2.4
    endloop
  endfacet
  facet normal 0.321335 -0.946966 0
    outer loop
      vertex 67.3059 41.0193 2.4
      vertex 67.7394 41.1664 6.4
      vertex 67.3059 41.0193 6.4
    endloop
  endfacet
  facet normal 0.321335 -0.946966 0
    outer loop
      vertex 67.7394 41.1664 6.4
      vertex 67.3059 41.0193 2.4
      vertex 67.7394 41.1664 2.4
    endloop
  endfacet
  facet normal 0.89686 -0.442314 0
    outer loop
      vertex 69.4311 42.65 6.4
      vertex 69.6336 43.0606 2.4
      vertex 69.6336 43.0606 6.4
    endloop
  endfacet
  facet normal 0.89686 -0.442314 0
    outer loop
      vertex 69.6336 43.0606 2.4
      vertex 69.4311 42.65 6.4
      vertex 69.4311 42.65 2.4
    endloop
  endfacet
  facet normal 0.659278 -0.7519 0
    outer loop
      vertex 68.5307 41.6233 2.4
      vertex 68.8749 41.9251 6.4
      vertex 68.5307 41.6233 6.4
    endloop
  endfacet
  facet normal 0.659278 -0.7519 0
    outer loop
      vertex 68.8749 41.9251 6.4
      vertex 68.5307 41.6233 2.4
      vertex 68.8749 41.9251 2.4
    endloop
  endfacet
  facet normal 0.442314 -0.89686 0
    outer loop
      vertex 67.7394 41.1664 2.4
      vertex 68.15 41.3689 6.4
      vertex 67.7394 41.1664 6.4
    endloop
  endfacet
  facet normal 0.442314 -0.89686 0
    outer loop
      vertex 68.15 41.3689 6.4
      vertex 67.7394 41.1664 2.4
      vertex 68.15 41.3689 2.4
    endloop
  endfacet
  facet normal -0.0653156 -0.997865 0
    outer loop
      vertex 65.9432 40.9299 2.4
      vertex 66.4 40.9 6.4
      vertex 65.9432 40.9299 6.4
    endloop
  endfacet
  facet normal -0.0653156 -0.997865 -0
    outer loop
      vertex 66.4 40.9 6.4
      vertex 65.9432 40.9299 2.4
      vertex 66.4 40.9 2.4
    endloop
  endfacet
  facet normal -0.442314 -0.89686 0
    outer loop
      vertex 64.65 41.3689 2.4
      vertex 65.0606 41.1664 6.4
      vertex 64.65 41.3689 6.4
    endloop
  endfacet
  facet normal -0.442314 -0.89686 -0
    outer loop
      vertex 65.0606 41.1664 6.4
      vertex 64.65 41.3689 2.4
      vertex 65.0606 41.1664 2.4
    endloop
  endfacet
  facet normal -0.980757 -0.195234 0
    outer loop
      vertex 63.0193 43.4941 2.4
      vertex 62.9299 43.9432 6.4
      vertex 62.9299 43.9432 2.4
    endloop
  endfacet
  facet normal -0.980757 -0.195234 0
    outer loop
      vertex 62.9299 43.9432 6.4
      vertex 63.0193 43.4941 2.4
      vertex 63.0193 43.4941 6.4
    endloop
  endfacet
  facet normal 0.980757 0.195234 0
    outer loop
      vertex 69.8701 44.8568 6.4
      vertex 69.7807 45.3059 2.4
      vertex 69.7807 45.3059 6.4
    endloop
  endfacet
  facet normal 0.980757 0.195234 0
    outer loop
      vertex 69.7807 45.3059 2.4
      vertex 69.8701 44.8568 6.4
      vertex 69.8701 44.8568 2.4
    endloop
  endfacet
  facet normal 0.89686 0.442314 0
    outer loop
      vertex 69.6336 45.7394 6.4
      vertex 69.4311 46.15 2.4
      vertex 69.4311 46.15 6.4
    endloop
  endfacet
  facet normal 0.89686 0.442314 0
    outer loop
      vertex 69.4311 46.15 2.4
      vertex 69.6336 45.7394 6.4
      vertex 69.6336 45.7394 2.4
    endloop
  endfacet
  facet normal 0.0653156 0.997865 -0
    outer loop
      vertex 66.8568 47.8701 2.4
      vertex 66.4 47.9 6.4
      vertex 66.8568 47.8701 6.4
    endloop
  endfacet
  facet normal 0.0653156 0.997865 0
    outer loop
      vertex 66.4 47.9 6.4
      vertex 66.8568 47.8701 2.4
      vertex 66.4 47.9 2.4
    endloop
  endfacet
  facet normal -0.997865 0.0653156 0
    outer loop
      vertex 62.9 44.4 2.4
      vertex 62.9299 44.8568 6.4
      vertex 62.9299 44.8568 2.4
    endloop
  endfacet
  facet normal -0.997865 0.0653156 0
    outer loop
      vertex 62.9299 44.8568 6.4
      vertex 62.9 44.4 2.4
      vertex 62.9 44.4 6.4
    endloop
  endfacet
  facet normal -0.831445 0.555607 0
    outer loop
      vertex 63.3689 46.15 2.4
      vertex 63.6233 46.5307 6.4
      vertex 63.6233 46.5307 2.4
    endloop
  endfacet
  facet normal -0.831445 0.555607 0
    outer loop
      vertex 63.6233 46.5307 6.4
      vertex 63.3689 46.15 2.4
      vertex 63.3689 46.15 6.4
    endloop
  endfacet
  facet normal -0.0653156 0.997865 0
    outer loop
      vertex 66.4 47.9 2.4
      vertex 65.9432 47.8701 6.4
      vertex 66.4 47.9 6.4
    endloop
  endfacet
  facet normal -0.0653156 0.997865 0
    outer loop
      vertex 65.9432 47.8701 6.4
      vertex 66.4 47.9 2.4
      vertex 65.9432 47.8701 2.4
    endloop
  endfacet
  facet normal -0.195234 0.980757 0
    outer loop
      vertex 65.9432 47.8701 2.4
      vertex 65.4941 47.7807 6.4
      vertex 65.9432 47.8701 6.4
    endloop
  endfacet
  facet normal -0.195234 0.980757 0
    outer loop
      vertex 65.4941 47.7807 6.4
      vertex 65.9432 47.8701 2.4
      vertex 65.4941 47.7807 2.4
    endloop
  endfacet
  facet normal -0.659278 0.7519 0
    outer loop
      vertex 64.2693 47.1767 2.4
      vertex 63.9251 46.8749 6.4
      vertex 64.2693 47.1767 6.4
    endloop
  endfacet
  facet normal -0.659278 0.7519 0
    outer loop
      vertex 63.9251 46.8749 6.4
      vertex 64.2693 47.1767 2.4
      vertex 63.9251 46.8749 2.4
    endloop
  endfacet
  facet normal 0.0653156 -0.997865 0
    outer loop
      vertex 66.4 40.9 2.4
      vertex 66.8568 40.9299 6.4
      vertex 66.4 40.9 6.4
    endloop
  endfacet
  facet normal 0.0653156 -0.997865 0
    outer loop
      vertex 66.8568 40.9299 6.4
      vertex 66.4 40.9 2.4
      vertex 66.8568 40.9299 2.4
    endloop
  endfacet
  facet normal 0.980757 -0.195234 0
    outer loop
      vertex 69.7807 43.4941 6.4
      vertex 69.8701 43.9432 2.4
      vertex 69.8701 43.9432 6.4
    endloop
  endfacet
  facet normal 0.980757 -0.195234 0
    outer loop
      vertex 69.8701 43.9432 2.4
      vertex 69.7807 43.4941 6.4
      vertex 69.7807 43.4941 2.4
    endloop
  endfacet
  facet normal 0.831445 -0.555607 0
    outer loop
      vertex 69.1767 42.2693 6.4
      vertex 69.4311 42.65 2.4
      vertex 69.4311 42.65 6.4
    endloop
  endfacet
  facet normal 0.831445 -0.555607 0
    outer loop
      vertex 69.4311 42.65 2.4
      vertex 69.1767 42.2693 6.4
      vertex 69.1767 42.2693 2.4
    endloop
  endfacet
  facet normal 0.195234 -0.980757 0
    outer loop
      vertex 66.8568 40.9299 2.4
      vertex 67.3059 41.0193 6.4
      vertex 66.8568 40.9299 6.4
    endloop
  endfacet
  facet normal 0.195234 -0.980757 0
    outer loop
      vertex 67.3059 41.0193 6.4
      vertex 66.8568 40.9299 2.4
      vertex 67.3059 41.0193 2.4
    endloop
  endfacet
  facet normal 0.555607 -0.831445 0
    outer loop
      vertex 68.15 41.3689 2.4
      vertex 68.5307 41.6233 6.4
      vertex 68.15 41.3689 6.4
    endloop
  endfacet
  facet normal 0.555607 -0.831445 0
    outer loop
      vertex 68.5307 41.6233 6.4
      vertex 68.15 41.3689 2.4
      vertex 68.5307 41.6233 2.4
    endloop
  endfacet
  facet normal -0.195234 -0.980757 0
    outer loop
      vertex 65.4941 41.0193 2.4
      vertex 65.9432 40.9299 6.4
      vertex 65.4941 41.0193 6.4
    endloop
  endfacet
  facet normal -0.195234 -0.980757 -0
    outer loop
      vertex 65.9432 40.9299 6.4
      vertex 65.4941 41.0193 2.4
      vertex 65.9432 40.9299 2.4
    endloop
  endfacet
  facet normal -0.659278 -0.7519 0
    outer loop
      vertex 63.9251 41.9251 2.4
      vertex 64.2693 41.6233 6.4
      vertex 63.9251 41.9251 6.4
    endloop
  endfacet
  facet normal -0.659278 -0.7519 -0
    outer loop
      vertex 64.2693 41.6233 6.4
      vertex 63.9251 41.9251 2.4
      vertex 64.2693 41.6233 2.4
    endloop
  endfacet
  facet normal -0.946966 -0.321335 0
    outer loop
      vertex 63.1664 43.0606 2.4
      vertex 63.0193 43.4941 6.4
      vertex 63.0193 43.4941 2.4
    endloop
  endfacet
  facet normal -0.946966 -0.321335 0
    outer loop
      vertex 63.0193 43.4941 6.4
      vertex 63.1664 43.0606 2.4
      vertex 63.1664 43.0606 6.4
    endloop
  endfacet
  facet normal -0.997865 -0.0653156 0
    outer loop
      vertex 62.9299 43.9432 2.4
      vertex 62.9 44.4 6.4
      vertex 62.9 44.4 2.4
    endloop
  endfacet
  facet normal -0.997865 -0.0653156 0
    outer loop
      vertex 62.9 44.4 6.4
      vertex 62.9299 43.9432 2.4
      vertex 62.9299 43.9432 6.4
    endloop
  endfacet
  facet normal 0 0 -1
    outer loop
      vertex 69.8701 43.9432 2.4
      vertex 69.8701 44.8568 2.4
      vertex 69.9 44.4 2.4
    endloop
  endfacet
  facet normal 0 0 -1
    outer loop
      vertex 69.7807 43.4941 2.4
      vertex 69.8701 44.8568 2.4
      vertex 69.8701 43.9432 2.4
    endloop
  endfacet
  facet normal 0 0 -1
    outer loop
      vertex 69.7807 43.4941 2.4
      vertex 69.7807 45.3059 2.4
      vertex 69.8701 44.8568 2.4
    endloop
  endfacet
  facet normal 0 0 -1
    outer loop
      vertex 69.6336 43.0606 2.4
      vertex 69.7807 45.3059 2.4
      vertex 69.7807 43.4941 2.4
    endloop
  endfacet
  facet normal 0 0 -1
    outer loop
      vertex 69.6336 43.0606 2.4
      vertex 69.6336 45.7394 2.4
      vertex 69.7807 45.3059 2.4
    endloop
  endfacet
  facet normal 0 0 -1
    outer loop
      vertex 69.4311 42.65 2.4
      vertex 69.6336 45.7394 2.4
      vertex 69.6336 43.0606 2.4
    endloop
  endfacet
  facet normal 0 0 -1
    outer loop
      vertex 69.4311 42.65 2.4
      vertex 69.4311 46.15 2.4
      vertex 69.6336 45.7394 2.4
    endloop
  endfacet
  facet normal 0 0 -1
    outer loop
      vertex 69.1767 42.2693 2.4
      vertex 69.4311 46.15 2.4
      vertex 69.4311 42.65 2.4
    endloop
  endfacet
  facet normal 0 0 -1
    outer loop
      vertex 69.1767 42.2693 2.4
      vertex 69.1767 46.5307 2.4
      vertex 69.4311 46.15 2.4
    endloop
  endfacet
  facet normal 0 0 -1
    outer loop
      vertex 68.8749 41.9251 2.4
      vertex 69.1767 46.5307 2.4
      vertex 69.1767 42.2693 2.4
    endloop
  endfacet
  facet normal 0 0 -1
    outer loop
      vertex 68.8749 41.9251 2.4
      vertex 68.8749 46.8749 2.4
      vertex 69.1767 46.5307 2.4
    endloop
  endfacet
  facet normal 0 0 -1
    outer loop
      vertex 68.5307 41.6233 2.4
      vertex 68.8749 46.8749 2.4
      vertex 68.8749 41.9251 2.4
    endloop
  endfacet
  facet normal 0 0 -1
    outer loop
      vertex 68.5307 41.6233 2.4
      vertex 68.5307 47.1767 2.4
      vertex 68.8749 46.8749 2.4
    endloop
  endfacet
  facet normal 0 0 -1
    outer loop
      vertex 68.15 41.3689 2.4
      vertex 68.5307 47.1767 2.4
      vertex 68.5307 41.6233 2.4
    endloop
  endfacet
  facet normal 0 0 -1
    outer loop
      vertex 68.15 41.3689 2.4
      vertex 68.15 47.4311 2.4
      vertex 68.5307 47.1767 2.4
    endloop
  endfacet
  facet normal 0 0 -1
    outer loop
      vertex 67.7394 41.1664 2.4
      vertex 68.15 47.4311 2.4
      vertex 68.15 41.3689 2.4
    endloop
  endfacet
  facet normal 0 0 -1
    outer loop
      vertex 67.7394 41.1664 2.4
      vertex 67.7394 47.6336 2.4
      vertex 68.15 47.4311 2.4
    endloop
  endfacet
  facet normal 0 0 -1
    outer loop
      vertex 67.3059 41.0193 2.4
      vertex 67.7394 47.6336 2.4
      vertex 67.7394 41.1664 2.4
    endloop
  endfacet
  facet normal 0 0 -1
    outer loop
      vertex 67.3059 41.0193 2.4
      vertex 67.3059 47.7807 2.4
      vertex 67.7394 47.6336 2.4
    endloop
  endfacet
  facet normal 0 0 -1
    outer loop
      vertex 66.8568 40.9299 2.4
      vertex 67.3059 47.7807 2.4
      vertex 67.3059 41.0193 2.4
    endloop
  endfacet
  facet normal 0 0 -1
    outer loop
      vertex 66.8568 40.9299 2.4
      vertex 66.8568 47.8701 2.4
      vertex 67.3059 47.7807 2.4
    endloop
  endfacet
  facet normal 0 0 -1
    outer loop
      vertex 66.4 40.9 2.4
      vertex 66.8568 47.8701 2.4
      vertex 66.8568 40.9299 2.4
    endloop
  endfacet
  facet normal 0 0 -1
    outer loop
      vertex 66.4 40.9 2.4
      vertex 66.4 47.9 2.4
      vertex 66.8568 47.8701 2.4
    endloop
  endfacet
  facet normal 0 0 -1
    outer loop
      vertex 65.9432 40.9299 2.4
      vertex 66.4 47.9 2.4
      vertex 66.4 40.9 2.4
    endloop
  endfacet
  facet normal 0 0 -1
    outer loop
      vertex 65.9432 40.9299 2.4
      vertex 65.9432 47.8701 2.4
      vertex 66.4 47.9 2.4
    endloop
  endfacet
  facet normal 0 0 -1
    outer loop
      vertex 65.4941 41.0193 2.4
      vertex 65.9432 47.8701 2.4
      vertex 65.9432 40.9299 2.4
    endloop
  endfacet
  facet normal 0 0 -1
    outer loop
      vertex 65.4941 41.0193 2.4
      vertex 65.4941 47.7807 2.4
      vertex 65.9432 47.8701 2.4
    endloop
  endfacet
  facet normal 0 0 -1
    outer loop
      vertex 65.0606 41.1664 2.4
      vertex 65.4941 47.7807 2.4
      vertex 65.4941 41.0193 2.4
    endloop
  endfacet
  facet normal 0 0 -1
    outer loop
      vertex 65.0606 41.1664 2.4
      vertex 65.0606 47.6336 2.4
      vertex 65.4941 47.7807 2.4
    endloop
  endfacet
  facet normal 0 0 -1
    outer loop
      vertex 64.65 41.3689 2.4
      vertex 65.0606 47.6336 2.4
      vertex 65.0606 41.1664 2.4
    endloop
  endfacet
  facet normal 0 0 -1
    outer loop
      vertex 64.65 41.3689 2.4
      vertex 64.65 47.4311 2.4
      vertex 65.0606 47.6336 2.4
    endloop
  endfacet
  facet normal 0 0 -1
    outer loop
      vertex 64.2693 41.6233 2.4
      vertex 64.65 47.4311 2.4
      vertex 64.65 41.3689 2.4
    endloop
  endfacet
  facet normal 0 0 -1
    outer loop
      vertex 64.2693 41.6233 2.4
      vertex 64.2693 47.1767 2.4
      vertex 64.65 47.4311 2.4
    endloop
  endfacet
  facet normal 0 0 -1
    outer loop
      vertex 63.9251 41.9251 2.4
      vertex 64.2693 47.1767 2.4
      vertex 64.2693 41.6233 2.4
    endloop
  endfacet
  facet normal 0 0 -1
    outer loop
      vertex 63.9251 41.9251 2.4
      vertex 63.9251 46.8749 2.4
      vertex 64.2693 47.1767 2.4
    endloop
  endfacet
  facet normal 0 0 -1
    outer loop
      vertex 63.6233 42.2693 2.4
      vertex 63.9251 46.8749 2.4
      vertex 63.9251 41.9251 2.4
    endloop
  endfacet
  facet normal 0 0 -1
    outer loop
      vertex 63.6233 42.2693 2.4
      vertex 63.6233 46.5307 2.4
      vertex 63.9251 46.8749 2.4
    endloop
  endfacet
  facet normal 0 0 -1
    outer loop
      vertex 63.3689 42.65 2.4
      vertex 63.6233 46.5307 2.4
      vertex 63.6233 42.2693 2.4
    endloop
  endfacet
  facet normal 0 0 -1
    outer loop
      vertex 63.3689 42.65 2.4
      vertex 63.3689 46.15 2.4
      vertex 63.6233 46.5307 2.4
    endloop
  endfacet
  facet normal 0 0 -1
    outer loop
      vertex 63.1664 43.0606 2.4
      vertex 63.3689 46.15 2.4
      vertex 63.3689 42.65 2.4
    endloop
  endfacet
  facet normal 0 0 -1
    outer loop
      vertex 63.1664 43.0606 2.4
      vertex 63.1664 45.7394 2.4
      vertex 63.3689 46.15 2.4
    endloop
  endfacet
  facet normal 0 0 -1
    outer loop
      vertex 63.0193 43.4941 2.4
      vertex 63.1664 45.7394 2.4
      vertex 63.1664 43.0606 2.4
    endloop
  endfacet
  facet normal 0 0 -1
    outer loop
      vertex 63.0193 43.4941 2.4
      vertex 63.0193 45.3059 2.4
      vertex 63.1664 45.7394 2.4
    endloop
  endfacet
  facet normal 0 0 -1
    outer loop
      vertex 62.9299 43.9432 2.4
      vertex 63.0193 45.3059 2.4
      vertex 63.0193 43.4941 2.4
    endloop
  endfacet
  facet normal 0 0 -1
    outer loop
      vertex 62.9299 43.9432 2.4
      vertex 62.9299 44.8568 2.4
      vertex 63.0193 45.3059 2.4
    endloop
  endfacet
  facet normal 0 -0 -1
    outer loop
      vertex 62.9299 44.8568 2.4
      vertex 62.9299 43.9432 2.4
      vertex 62.9 44.4 2.4
    endloop
  endfacet
  facet normal -0.831445 -0.555607 0
    outer loop
      vertex 63.6233 42.2693 2.4
      vertex 63.3689 42.65 6.4
      vertex 63.3689 42.65 2.4
    endloop
  endfacet
  facet normal -0.831445 -0.555607 0
    outer loop
      vertex 63.3689 42.65 6.4
      vertex 63.6233 42.2693 2.4
      vertex 63.6233 42.2693 6.4
    endloop
  endfacet
  facet normal -0.7519 -0.659278 0
    outer loop
      vertex 63.9251 41.9251 2.4
      vertex 63.6233 42.2693 6.4
      vertex 63.6233 42.2693 2.4
    endloop
  endfacet
  facet normal -0.7519 -0.659278 0
    outer loop
      vertex 63.6233 42.2693 6.4
      vertex 63.9251 41.9251 2.4
      vertex 63.9251 41.9251 6.4
    endloop
  endfacet
  facet normal 0.195234 0.980757 -0
    outer loop
      vertex 67.3059 47.7807 2.4
      vertex 66.8568 47.8701 6.4
      vertex 67.3059 47.7807 6.4
    endloop
  endfacet
  facet normal 0.195234 0.980757 0
    outer loop
      vertex 66.8568 47.8701 6.4
      vertex 67.3059 47.7807 2.4
      vertex 66.8568 47.8701 2.4
    endloop
  endfacet
  facet normal 0 0 1
    outer loop
      vertex 67.65 44.4 6.4
      vertex 69.9 44.4 6.4
      vertex 69.8701 44.8568 6.4
    endloop
  endfacet
  facet normal 0 0 1
    outer loop
      vertex 67.6393 44.5632 6.4
      vertex 69.8701 44.8568 6.4
      vertex 69.7807 45.3059 6.4
    endloop
  endfacet
  facet normal 0 0 1
    outer loop
      vertex 69.9 44.4 6.4
      vertex 67.65 44.4 6.4
      vertex 69.8701 43.9432 6.4
    endloop
  endfacet
  facet normal 0 0 1
    outer loop
      vertex 67.6074 44.7235 6.4
      vertex 69.7807 45.3059 6.4
      vertex 69.6336 45.7394 6.4
    endloop
  endfacet
  facet normal -0 0 1
    outer loop
      vertex 67.6393 44.2368 6.4
      vertex 69.8701 43.9432 6.4
      vertex 67.65 44.4 6.4
    endloop
  endfacet
  facet normal 0 0 1
    outer loop
      vertex 67.5548 44.8784 6.4
      vertex 69.6336 45.7394 6.4
      vertex 69.4311 46.15 6.4
    endloop
  endfacet
  facet normal 0 0 1
    outer loop
      vertex 69.8701 43.9432 6.4
      vertex 67.6393 44.2368 6.4
      vertex 69.7807 43.4941 6.4
    endloop
  endfacet
  facet normal 0 0 1
    outer loop
      vertex 67.4825 45.025 6.4
      vertex 69.4311 46.15 6.4
      vertex 69.1767 46.5307 6.4
    endloop
  endfacet
  facet normal -0 0 1
    outer loop
      vertex 67.6074 44.0765 6.4
      vertex 69.7807 43.4941 6.4
      vertex 67.6393 44.2368 6.4
    endloop
  endfacet
  facet normal 0 0 1
    outer loop
      vertex 67.3917 45.1609 6.4
      vertex 69.1767 46.5307 6.4
      vertex 68.8749 46.8749 6.4
    endloop
  endfacet
  facet normal 0 0 1
    outer loop
      vertex 69.7807 43.4941 6.4
      vertex 67.6074 44.0765 6.4
      vertex 69.6336 43.0606 6.4
    endloop
  endfacet
  facet normal 0 0 1
    outer loop
      vertex 67.2839 45.2839 6.4
      vertex 68.8749 46.8749 6.4
      vertex 68.5307 47.1767 6.4
    endloop
  endfacet
  facet normal -0 0 1
    outer loop
      vertex 67.5548 43.9216 6.4
      vertex 69.6336 43.0606 6.4
      vertex 67.6074 44.0765 6.4
    endloop
  endfacet
  facet normal 0 0 1
    outer loop
      vertex 67.1609 45.3917 6.4
      vertex 68.5307 47.1767 6.4
      vertex 68.15 47.4311 6.4
    endloop
  endfacet
  facet normal 0 0 1
    outer loop
      vertex 69.6336 43.0606 6.4
      vertex 67.5548 43.9216 6.4
      vertex 69.4311 42.65 6.4
    endloop
  endfacet
  facet normal 0 0 1
    outer loop
      vertex 67.025 45.4825 6.4
      vertex 68.15 47.4311 6.4
      vertex 67.7394 47.6336 6.4
    endloop
  endfacet
  facet normal -0 0 1
    outer loop
      vertex 67.4825 43.775 6.4
      vertex 69.4311 42.65 6.4
      vertex 67.5548 43.9216 6.4
    endloop
  endfacet
  facet normal 0 0 1
    outer loop
      vertex 69.4311 42.65 6.4
      vertex 67.4825 43.775 6.4
      vertex 69.1767 42.2693 6.4
    endloop
  endfacet
  facet normal 0 0 1
    outer loop
      vertex 69.8701 44.8568 6.4
      vertex 67.6393 44.5632 6.4
      vertex 67.65 44.4 6.4
    endloop
  endfacet
  facet normal 0 0 1
    outer loop
      vertex 69.7807 45.3059 6.4
      vertex 67.6074 44.7235 6.4
      vertex 67.6393 44.5632 6.4
    endloop
  endfacet
  facet normal 0 0 1
    outer loop
      vertex 69.6336 45.7394 6.4
      vertex 67.5548 44.8784 6.4
      vertex 67.6074 44.7235 6.4
    endloop
  endfacet
  facet normal 0 0 1
    outer loop
      vertex 69.4311 46.15 6.4
      vertex 67.4825 45.025 6.4
      vertex 67.5548 44.8784 6.4
    endloop
  endfacet
  facet normal 0 0 1
    outer loop
      vertex 69.1767 46.5307 6.4
      vertex 67.3917 45.1609 6.4
      vertex 67.4825 45.025 6.4
    endloop
  endfacet
  facet normal 0 0 1
    outer loop
      vertex 66.8784 45.5548 6.4
      vertex 67.7394 47.6336 6.4
      vertex 67.3059 47.7807 6.4
    endloop
  endfacet
  facet normal 0 0 1
    outer loop
      vertex 68.8749 46.8749 6.4
      vertex 67.2839 45.2839 6.4
      vertex 67.3917 45.1609 6.4
    endloop
  endfacet
  facet normal 0 0 1
    outer loop
      vertex 68.5307 47.1767 6.4
      vertex 67.1609 45.3917 6.4
      vertex 67.2839 45.2839 6.4
    endloop
  endfacet
  facet normal 0 0 1
    outer loop
      vertex 68.15 47.4311 6.4
      vertex 67.025 45.4825 6.4
      vertex 67.1609 45.3917 6.4
    endloop
  endfacet
  facet normal 0 0 1
    outer loop
      vertex 67.7394 47.6336 6.4
      vertex 66.8784 45.5548 6.4
      vertex 67.025 45.4825 6.4
    endloop
  endfacet
  facet normal 0 0 1
    outer loop
      vertex 66.7235 45.6074 6.4
      vertex 67.3059 47.7807 6.4
      vertex 66.8568 47.8701 6.4
    endloop
  endfacet
  facet normal 0 0 1
    outer loop
      vertex 67.3059 47.7807 6.4
      vertex 66.7235 45.6074 6.4
      vertex 66.8784 45.5548 6.4
    endloop
  endfacet
  facet normal 0 0 1
    outer loop
      vertex 66.8568 47.8701 6.4
      vertex 66.5632 45.6393 6.4
      vertex 66.7235 45.6074 6.4
    endloop
  endfacet
  facet normal 0 0 1
    outer loop
      vertex 66.4 47.9 6.4
      vertex 66.5632 45.6393 6.4
      vertex 66.8568 47.8701 6.4
    endloop
  endfacet
  facet normal 0 0 1
    outer loop
      vertex 66.4 47.9 6.4
      vertex 66.4 45.65 6.4
      vertex 66.5632 45.6393 6.4
    endloop
  endfacet
  facet normal 0 0 1
    outer loop
      vertex 66.4 47.9 6.4
      vertex 66.2368 45.6393 6.4
      vertex 66.4 45.65 6.4
    endloop
  endfacet
  facet normal -0 0 1
    outer loop
      vertex 65.9432 47.8701 6.4
      vertex 66.2368 45.6393 6.4
      vertex 66.4 47.9 6.4
    endloop
  endfacet
  facet normal 0 0 1
    outer loop
      vertex 66.2368 45.6393 6.4
      vertex 65.9432 47.8701 6.4
      vertex 66.0765 45.6074 6.4
    endloop
  endfacet
  facet normal -0 0 1
    outer loop
      vertex 65.4941 47.7807 6.4
      vertex 66.0765 45.6074 6.4
      vertex 65.9432 47.8701 6.4
    endloop
  endfacet
  facet normal 0 0 1
    outer loop
      vertex 66.0765 45.6074 6.4
      vertex 65.4941 47.7807 6.4
      vertex 65.9216 45.5548 6.4
    endloop
  endfacet
  facet normal -0 0 1
    outer loop
      vertex 65.0606 47.6336 6.4
      vertex 65.9216 45.5548 6.4
      vertex 65.4941 47.7807 6.4
    endloop
  endfacet
  facet normal 0 0 1
    outer loop
      vertex 65.9216 45.5548 6.4
      vertex 65.0606 47.6336 6.4
      vertex 65.775 45.4825 6.4
    endloop
  endfacet
  facet normal -0 0 1
    outer loop
      vertex 64.65 47.4311 6.4
      vertex 65.775 45.4825 6.4
      vertex 65.0606 47.6336 6.4
    endloop
  endfacet
  facet normal 0 0 1
    outer loop
      vertex 65.775 45.4825 6.4
      vertex 64.65 47.4311 6.4
      vertex 65.639 45.3917 6.4
    endloop
  endfacet
  facet normal -0 0 1
    outer loop
      vertex 64.2693 47.1767 6.4
      vertex 65.639 45.3917 6.4
      vertex 64.65 47.4311 6.4
    endloop
  endfacet
  facet normal 0 0 1
    outer loop
      vertex 65.639 45.3917 6.4
      vertex 64.2693 47.1767 6.4
      vertex 65.5161 45.2839 6.4
    endloop
  endfacet
  facet normal -0 0 1
    outer loop
      vertex 63.9251 46.8749 6.4
      vertex 65.5161 45.2839 6.4
      vertex 64.2693 47.1767 6.4
    endloop
  endfacet
  facet normal 0 0 1
    outer loop
      vertex 65.5161 45.2839 6.4
      vertex 63.9251 46.8749 6.4
      vertex 65.4083 45.1609 6.4
    endloop
  endfacet
  facet normal 0 0 1
    outer loop
      vertex 65.4083 45.1609 6.4
      vertex 63.6233 46.5307 6.4
      vertex 65.3175 45.025 6.4
    endloop
  endfacet
  facet normal -0 0 1
    outer loop
      vertex 63.6233 46.5307 6.4
      vertex 65.4083 45.1609 6.4
      vertex 63.9251 46.8749 6.4
    endloop
  endfacet
  facet normal -0 0 1
    outer loop
      vertex 67.3917 43.639 6.4
      vertex 69.1767 42.2693 6.4
      vertex 67.4825 43.775 6.4
    endloop
  endfacet
  facet normal 0 0 1
    outer loop
      vertex 69.1767 42.2693 6.4
      vertex 67.3917 43.639 6.4
      vertex 68.8749 41.9251 6.4
    endloop
  endfacet
  facet normal -0 0 1
    outer loop
      vertex 67.2839 43.5161 6.4
      vertex 68.8749 41.9251 6.4
      vertex 67.3917 43.639 6.4
    endloop
  endfacet
  facet normal 0 0 1
    outer loop
      vertex 68.8749 41.9251 6.4
      vertex 67.2839 43.5161 6.4
      vertex 68.5307 41.6233 6.4
    endloop
  endfacet
  facet normal -0 0 1
    outer loop
      vertex 67.1609 43.4083 6.4
      vertex 68.5307 41.6233 6.4
      vertex 67.2839 43.5161 6.4
    endloop
  endfacet
  facet normal 0 0 1
    outer loop
      vertex 68.5307 41.6233 6.4
      vertex 67.1609 43.4083 6.4
      vertex 68.15 41.3689 6.4
    endloop
  endfacet
  facet normal -0 0 1
    outer loop
      vertex 67.025 43.3175 6.4
      vertex 68.15 41.3689 6.4
      vertex 67.1609 43.4083 6.4
    endloop
  endfacet
  facet normal 0 0 1
    outer loop
      vertex 68.15 41.3689 6.4
      vertex 67.025 43.3175 6.4
      vertex 67.7394 41.1664 6.4
    endloop
  endfacet
  facet normal -0 0 1
    outer loop
      vertex 66.8784 43.2452 6.4
      vertex 67.7394 41.1664 6.4
      vertex 67.025 43.3175 6.4
    endloop
  endfacet
  facet normal 0 0 1
    outer loop
      vertex 67.7394 41.1664 6.4
      vertex 66.8784 43.2452 6.4
      vertex 67.3059 41.0193 6.4
    endloop
  endfacet
  facet normal -0 0 1
    outer loop
      vertex 66.7235 43.1926 6.4
      vertex 67.3059 41.0193 6.4
      vertex 66.8784 43.2452 6.4
    endloop
  endfacet
  facet normal 0 0 1
    outer loop
      vertex 67.3059 41.0193 6.4
      vertex 66.7235 43.1926 6.4
      vertex 66.8568 40.9299 6.4
    endloop
  endfacet
  facet normal -0 0 1
    outer loop
      vertex 66.5632 43.1607 6.4
      vertex 66.8568 40.9299 6.4
      vertex 66.7235 43.1926 6.4
    endloop
  endfacet
  facet normal -0 0 1
    outer loop
      vertex 66.4 43.15 6.4
      vertex 66.8568 40.9299 6.4
      vertex 66.5632 43.1607 6.4
    endloop
  endfacet
  facet normal 0 0 1
    outer loop
      vertex 66.4 43.15 6.4
      vertex 66.4 40.9 6.4
      vertex 66.8568 40.9299 6.4
    endloop
  endfacet
  facet normal 0 0 1
    outer loop
      vertex 66.2368 43.1607 6.4
      vertex 66.4 40.9 6.4
      vertex 66.4 43.15 6.4
    endloop
  endfacet
  facet normal 0 0 1
    outer loop
      vertex 65.9432 40.9299 6.4
      vertex 66.2368 43.1607 6.4
      vertex 66.0765 43.1926 6.4
    endloop
  endfacet
  facet normal 0 0 1
    outer loop
      vertex 66.2368 43.1607 6.4
      vertex 65.9432 40.9299 6.4
      vertex 66.4 40.9 6.4
    endloop
  endfacet
  facet normal 0 0 1
    outer loop
      vertex 65.4941 41.0193 6.4
      vertex 66.0765 43.1926 6.4
      vertex 65.9216 43.2452 6.4
    endloop
  endfacet
  facet normal 0 0 1
    outer loop
      vertex 65.0606 41.1664 6.4
      vertex 65.9216 43.2452 6.4
      vertex 65.775 43.3175 6.4
    endloop
  endfacet
  facet normal 0 0 1
    outer loop
      vertex 64.65 41.3689 6.4
      vertex 65.775 43.3175 6.4
      vertex 65.639 43.4083 6.4
    endloop
  endfacet
  facet normal 0 0 1
    outer loop
      vertex 64.2693 41.6233 6.4
      vertex 65.639 43.4083 6.4
      vertex 65.5161 43.5161 6.4
    endloop
  endfacet
  facet normal 0 0 1
    outer loop
      vertex 66.0765 43.1926 6.4
      vertex 65.4941 41.0193 6.4
      vertex 65.9432 40.9299 6.4
    endloop
  endfacet
  facet normal 0 0 1
    outer loop
      vertex 63.9251 41.9251 6.4
      vertex 65.5161 43.5161 6.4
      vertex 65.4083 43.639 6.4
    endloop
  endfacet
  facet normal 0 0 1
    outer loop
      vertex 63.6233 42.2693 6.4
      vertex 65.4083 43.639 6.4
      vertex 65.3175 43.775 6.4
    endloop
  endfacet
  facet normal 0 0 1
    outer loop
      vertex 63.3689 42.65 6.4
      vertex 65.3175 43.775 6.4
      vertex 65.2451 43.9216 6.4
    endloop
  endfacet
  facet normal 0 0 1
    outer loop
      vertex 63.1664 43.0606 6.4
      vertex 65.2451 43.9216 6.4
      vertex 65.1926 44.0765 6.4
    endloop
  endfacet
  facet normal 0 0 1
    outer loop
      vertex 63.0193 43.4941 6.4
      vertex 65.1926 44.0765 6.4
      vertex 65.1607 44.2368 6.4
    endloop
  endfacet
  facet normal 0 0 1
    outer loop
      vertex 65.9216 43.2452 6.4
      vertex 65.0606 41.1664 6.4
      vertex 65.4941 41.0193 6.4
    endloop
  endfacet
  facet normal 0 0 1
    outer loop
      vertex 62.9299 43.9432 6.4
      vertex 65.1607 44.2368 6.4
      vertex 65.15 44.4 6.4
    endloop
  endfacet
  facet normal -0 0 1
    outer loop
      vertex 63.3689 46.15 6.4
      vertex 65.3175 45.025 6.4
      vertex 63.6233 46.5307 6.4
    endloop
  endfacet
  facet normal 0 0 1
    outer loop
      vertex 65.3175 45.025 6.4
      vertex 63.3689 46.15 6.4
      vertex 65.2451 44.8784 6.4
    endloop
  endfacet
  facet normal 0 0 1
    outer loop
      vertex 65.775 43.3175 6.4
      vertex 64.65 41.3689 6.4
      vertex 65.0606 41.1664 6.4
    endloop
  endfacet
  facet normal -0 0 1
    outer loop
      vertex 63.1664 45.7394 6.4
      vertex 65.2451 44.8784 6.4
      vertex 63.3689 46.15 6.4
    endloop
  endfacet
  facet normal 0 0 1
    outer loop
      vertex 65.639 43.4083 6.4
      vertex 64.2693 41.6233 6.4
      vertex 64.65 41.3689 6.4
    endloop
  endfacet
  facet normal 0 0 1
    outer loop
      vertex 65.2451 44.8784 6.4
      vertex 63.1664 45.7394 6.4
      vertex 65.1926 44.7235 6.4
    endloop
  endfacet
  facet normal 0 0 1
    outer loop
      vertex 65.5161 43.5161 6.4
      vertex 63.9251 41.9251 6.4
      vertex 64.2693 41.6233 6.4
    endloop
  endfacet
  facet normal -0 0 1
    outer loop
      vertex 63.0193 45.3059 6.4
      vertex 65.1926 44.7235 6.4
      vertex 63.1664 45.7394 6.4
    endloop
  endfacet
  facet normal 0 0 1
    outer loop
      vertex 65.4083 43.639 6.4
      vertex 63.6233 42.2693 6.4
      vertex 63.9251 41.9251 6.4
    endloop
  endfacet
  facet normal 0 0 1
    outer loop
      vertex 65.1926 44.7235 6.4
      vertex 63.0193 45.3059 6.4
      vertex 65.1607 44.5632 6.4
    endloop
  endfacet
  facet normal 0 0 1
    outer loop
      vertex 65.3175 43.775 6.4
      vertex 63.3689 42.65 6.4
      vertex 63.6233 42.2693 6.4
    endloop
  endfacet
  facet normal -0 0 1
    outer loop
      vertex 62.9299 44.8568 6.4
      vertex 65.1607 44.5632 6.4
      vertex 63.0193 45.3059 6.4
    endloop
  endfacet
  facet normal 0 0 1
    outer loop
      vertex 65.2451 43.9216 6.4
      vertex 63.1664 43.0606 6.4
      vertex 63.3689 42.65 6.4
    endloop
  endfacet
  facet normal 0 0 1
    outer loop
      vertex 65.1607 44.5632 6.4
      vertex 62.9299 44.8568 6.4
      vertex 65.15 44.4 6.4
    endloop
  endfacet
  facet normal 0 0 1
    outer loop
      vertex 65.1926 44.0765 6.4
      vertex 63.0193 43.4941 6.4
      vertex 63.1664 43.0606 6.4
    endloop
  endfacet
  facet normal 0 0 1
    outer loop
      vertex 62.9 44.4 6.4
      vertex 65.15 44.4 6.4
      vertex 62.9299 44.8568 6.4
    endloop
  endfacet
  facet normal 0 0 1
    outer loop
      vertex 65.1607 44.2368 6.4
      vertex 62.9299 43.9432 6.4
      vertex 63.0193 43.4941 6.4
    endloop
  endfacet
  facet normal 0 0 1
    outer loop
      vertex 65.15 44.4 6.4
      vertex 62.9 44.4 6.4
      vertex 62.9299 43.9432 6.4
    endloop
  endfacet
  facet normal -0.980757 0.195234 0
    outer loop
      vertex 62.9299 44.8568 2.4
      vertex 63.0193 45.3059 6.4
      vertex 63.0193 45.3059 2.4
    endloop
  endfacet
  facet normal -0.980757 0.195234 0
    outer loop
      vertex 63.0193 45.3059 6.4
      vertex 62.9299 44.8568 2.4
      vertex 62.9299 44.8568 6.4
    endloop
  endfacet
  facet normal 0.946966 -0.321335 0
    outer loop
      vertex 69.6336 43.0606 6.4
      vertex 69.7807 43.4941 2.4
      vertex 69.7807 43.4941 6.4
    endloop
  endfacet
  facet normal 0.946966 -0.321335 0
    outer loop
      vertex 69.7807 43.4941 2.4
      vertex 69.6336 43.0606 6.4
      vertex 69.6336 43.0606 2.4
    endloop
  endfacet
  facet normal 0.7519 -0.659278 0
    outer loop
      vertex 68.8749 41.9251 6.4
      vertex 69.1767 42.2693 2.4
      vertex 69.1767 42.2693 6.4
    endloop
  endfacet
  facet normal 0.7519 -0.659278 0
    outer loop
      vertex 69.1767 42.2693 2.4
      vertex 68.8749 41.9251 6.4
      vertex 68.8749 41.9251 2.4
    endloop
  endfacet
  facet normal -0.555607 -0.831445 0
    outer loop
      vertex 64.2693 41.6233 2.4
      vertex 64.65 41.3689 6.4
      vertex 64.2693 41.6233 6.4
    endloop
  endfacet
  facet normal -0.555607 -0.831445 -0
    outer loop
      vertex 64.65 41.3689 6.4
      vertex 64.2693 41.6233 2.4
      vertex 64.65 41.3689 2.4
    endloop
  endfacet
  facet normal -0.65911 -0.752046 0
    outer loop
      vertex 67.1609 45.3917 3.4
      vertex 67.2839 45.2839 6.4
      vertex 67.1609 45.3917 6.4
    endloop
  endfacet
  facet normal -0.65911 -0.752046 -0
    outer loop
      vertex 67.2839 45.2839 6.4
      vertex 67.1609 45.3917 3.4
      vertex 67.2839 45.2839 3.4
    endloop
  endfacet
  facet normal 0.947082 -0.320993 0
    outer loop
      vertex 65.1926 44.7235 6.4
      vertex 65.2451 44.8784 3.4
      vertex 65.2451 44.8784 6.4
    endloop
  endfacet
  facet normal 0.947082 -0.320993 0
    outer loop
      vertex 65.2451 44.8784 3.4
      vertex 65.1926 44.7235 6.4
      vertex 65.1926 44.7235 3.4
    endloop
  endfacet
  facet normal -0.997858 0.0654233 0
    outer loop
      vertex 67.6393 44.2368 3.4
      vertex 67.65 44.4 6.4
      vertex 67.65 44.4 3.4
    endloop
  endfacet
  facet normal -0.997858 0.0654233 0
    outer loop
      vertex 67.65 44.4 6.4
      vertex 67.6393 44.2368 3.4
      vertex 67.6393 44.2368 6.4
    endloop
  endfacet
  facet normal 0.321541 0.946896 -0
    outer loop
      vertex 66.0765 43.1926 3.4
      vertex 65.9216 43.2452 6.4
      vertex 66.0765 43.1926 6.4
    endloop
  endfacet
  facet normal 0.321541 0.946896 0
    outer loop
      vertex 65.9216 43.2452 6.4
      vertex 66.0765 43.1926 3.4
      vertex 65.9216 43.2452 3.4
    endloop
  endfacet
  facet normal -0.555547 -0.831485 0
    outer loop
      vertex 67.025 45.4825 3.4
      vertex 67.1609 45.3917 6.4
      vertex 67.025 45.4825 6.4
    endloop
  endfacet
  facet normal -0.555547 -0.831485 -0
    outer loop
      vertex 67.1609 45.3917 6.4
      vertex 67.025 45.4825 3.4
      vertex 67.1609 45.3917 3.4
    endloop
  endfacet
  facet normal 0.321541 -0.946896 0
    outer loop
      vertex 65.9216 45.5548 3.4
      vertex 66.0765 45.6074 6.4
      vertex 65.9216 45.5548 6.4
    endloop
  endfacet
  facet normal 0.321541 -0.946896 0
    outer loop
      vertex 66.0765 45.6074 6.4
      vertex 65.9216 45.5548 3.4
      vertex 66.0765 45.6074 3.4
    endloop
  endfacet
  facet normal 0.896618 -0.442805 0
    outer loop
      vertex 65.2451 44.8784 6.4
      vertex 65.3175 45.025 3.4
      vertex 65.3175 45.025 6.4
    endloop
  endfacet
  facet normal 0.896618 -0.442805 0
    outer loop
      vertex 65.3175 45.025 3.4
      vertex 65.2451 44.8784 6.4
      vertex 65.2451 44.8784 3.4
    endloop
  endfacet
  facet normal 0.896618 0.442805 0
    outer loop
      vertex 65.3175 43.775 6.4
      vertex 65.2451 43.9216 3.4
      vertex 65.2451 43.9216 6.4
    endloop
  endfacet
  facet normal 0.896618 0.442805 0
    outer loop
      vertex 65.2451 43.9216 3.4
      vertex 65.3175 43.775 6.4
      vertex 65.3175 43.775 3.4
    endloop
  endfacet
  facet normal -0.946896 -0.321541 0
    outer loop
      vertex 67.6074 44.7235 3.4
      vertex 67.5548 44.8784 6.4
      vertex 67.5548 44.8784 3.4
    endloop
  endfacet
  facet normal -0.946896 -0.321541 0
    outer loop
      vertex 67.5548 44.8784 6.4
      vertex 67.6074 44.7235 3.4
      vertex 67.6074 44.7235 6.4
    endloop
  endfacet
  facet normal -0.896861 -0.442313 0
    outer loop
      vertex 67.5548 44.8784 3.4
      vertex 67.4825 45.025 6.4
      vertex 67.4825 45.025 3.4
    endloop
  endfacet
  facet normal -0.896861 -0.442313 0
    outer loop
      vertex 67.4825 45.025 6.4
      vertex 67.5548 44.8784 3.4
      vertex 67.5548 44.8784 6.4
    endloop
  endfacet
  facet normal -0.831485 -0.555547 0
    outer loop
      vertex 67.4825 45.025 3.4
      vertex 67.3917 45.1609 6.4
      vertex 67.3917 45.1609 3.4
    endloop
  endfacet
  facet normal -0.831485 -0.555547 0
    outer loop
      vertex 67.3917 45.1609 6.4
      vertex 67.4825 45.025 3.4
      vertex 67.4825 45.025 6.4
    endloop
  endfacet
  facet normal -0.442313 -0.896861 0
    outer loop
      vertex 66.8784 45.5548 3.4
      vertex 67.025 45.4825 6.4
      vertex 66.8784 45.5548 6.4
    endloop
  endfacet
  facet normal -0.442313 -0.896861 -0
    outer loop
      vertex 67.025 45.4825 6.4
      vertex 66.8784 45.5548 3.4
      vertex 67.025 45.4825 3.4
    endloop
  endfacet
  facet normal -0.321541 -0.946896 0
    outer loop
      vertex 66.7235 45.6074 3.4
      vertex 66.8784 45.5548 6.4
      vertex 66.7235 45.6074 6.4
    endloop
  endfacet
  facet normal -0.321541 -0.946896 -0
    outer loop
      vertex 66.8784 45.5548 6.4
      vertex 66.7235 45.6074 3.4
      vertex 66.8784 45.5548 3.4
    endloop
  endfacet
  facet normal 0.752046 -0.65911 0
    outer loop
      vertex 65.4083 45.1609 6.4
      vertex 65.5161 45.2839 3.4
      vertex 65.5161 45.2839 6.4
    endloop
  endfacet
  facet normal 0.752046 -0.65911 0
    outer loop
      vertex 65.5161 45.2839 3.4
      vertex 65.4083 45.1609 6.4
      vertex 65.4083 45.1609 3.4
    endloop
  endfacet
  facet normal 0.442313 -0.896861 0
    outer loop
      vertex 65.775 45.4825 3.4
      vertex 65.9216 45.5548 6.4
      vertex 65.775 45.4825 6.4
    endloop
  endfacet
  facet normal 0.442313 -0.896861 0
    outer loop
      vertex 65.9216 45.5548 6.4
      vertex 65.775 45.4825 3.4
      vertex 65.9216 45.5548 3.4
    endloop
  endfacet
  facet normal 0.555265 -0.831674 0
    outer loop
      vertex 65.639 45.3917 3.4
      vertex 65.775 45.4825 6.4
      vertex 65.639 45.3917 6.4
    endloop
  endfacet
  facet normal 0.555265 -0.831674 0
    outer loop
      vertex 65.775 45.4825 6.4
      vertex 65.639 45.3917 3.4
      vertex 65.775 45.4825 3.4
    endloop
  endfacet
  facet normal -0.997858 -0.0654233 0
    outer loop
      vertex 67.65 44.4 3.4
      vertex 67.6393 44.5632 6.4
      vertex 67.6393 44.5632 3.4
    endloop
  endfacet
  facet normal -0.997858 -0.0654233 0
    outer loop
      vertex 67.6393 44.5632 6.4
      vertex 67.65 44.4 3.4
      vertex 67.65 44.4 6.4
    endloop
  endfacet
  facet normal -0.321541 0.946896 0
    outer loop
      vertex 66.8784 43.2452 3.4
      vertex 66.7235 43.1926 6.4
      vertex 66.8784 43.2452 6.4
    endloop
  endfacet
  facet normal -0.321541 0.946896 0
    outer loop
      vertex 66.7235 43.1926 6.4
      vertex 66.8784 43.2452 3.4
      vertex 66.7235 43.1926 3.4
    endloop
  endfacet
  facet normal -0.75178 0.659414 0
    outer loop
      vertex 67.2839 43.5161 3.4
      vertex 67.3917 43.639 6.4
      vertex 67.3917 43.639 3.4
    endloop
  endfacet
  facet normal -0.75178 0.659414 0
    outer loop
      vertex 67.3917 43.639 6.4
      vertex 67.2839 43.5161 3.4
      vertex 67.2839 43.5161 6.4
    endloop
  endfacet
  facet normal -0.65911 0.752046 0
    outer loop
      vertex 67.2839 43.5161 3.4
      vertex 67.1609 43.4083 6.4
      vertex 67.2839 43.5161 6.4
    endloop
  endfacet
  facet normal -0.65911 0.752046 0
    outer loop
      vertex 67.1609 43.4083 6.4
      vertex 67.2839 43.5161 3.4
      vertex 67.1609 43.4083 3.4
    endloop
  endfacet
  facet normal -0.442313 0.896861 0
    outer loop
      vertex 67.025 43.3175 3.4
      vertex 66.8784 43.2452 6.4
      vertex 67.025 43.3175 6.4
    endloop
  endfacet
  facet normal -0.442313 0.896861 0
    outer loop
      vertex 66.8784 43.2452 6.4
      vertex 67.025 43.3175 3.4
      vertex 66.8784 43.2452 3.4
    endloop
  endfacet
  facet normal 0.0654233 0.997858 -0
    outer loop
      vertex 66.4 43.15 3.4
      vertex 66.2368 43.1607 6.4
      vertex 66.4 43.15 6.4
    endloop
  endfacet
  facet normal 0.0654233 0.997858 0
    outer loop
      vertex 66.2368 43.1607 6.4
      vertex 66.4 43.15 3.4
      vertex 66.2368 43.1607 3.4
    endloop
  endfacet
  facet normal 0.442313 0.896861 -0
    outer loop
      vertex 65.9216 43.2452 3.4
      vertex 65.775 43.3175 6.4
      vertex 65.9216 43.2452 6.4
    endloop
  endfacet
  facet normal 0.442313 0.896861 0
    outer loop
      vertex 65.775 43.3175 6.4
      vertex 65.9216 43.2452 3.4
      vertex 65.775 43.3175 3.4
    endloop
  endfacet
  facet normal 0.555265 0.831674 -0
    outer loop
      vertex 65.775 43.3175 3.4
      vertex 65.639 43.4083 6.4
      vertex 65.775 43.3175 6.4
    endloop
  endfacet
  facet normal 0.555265 0.831674 0
    outer loop
      vertex 65.639 43.4083 6.4
      vertex 65.775 43.3175 3.4
      vertex 65.639 43.4083 3.4
    endloop
  endfacet
  facet normal 0.980768 0.195175 0
    outer loop
      vertex 65.1926 44.0765 6.4
      vertex 65.1607 44.2368 3.4
      vertex 65.1607 44.2368 6.4
    endloop
  endfacet
  facet normal 0.980768 0.195175 0
    outer loop
      vertex 65.1607 44.2368 3.4
      vertex 65.1926 44.0765 6.4
      vertex 65.1926 44.0765 3.4
    endloop
  endfacet
  facet normal -0.980768 -0.195175 0
    outer loop
      vertex 67.6393 44.5632 3.4
      vertex 67.6074 44.7235 6.4
      vertex 67.6074 44.7235 3.4
    endloop
  endfacet
  facet normal -0.980768 -0.195175 0
    outer loop
      vertex 67.6074 44.7235 6.4
      vertex 67.6393 44.5632 3.4
      vertex 67.6393 44.5632 6.4
    endloop
  endfacet
  facet normal -0.752046 -0.65911 0
    outer loop
      vertex 67.3917 45.1609 3.4
      vertex 67.2839 45.2839 6.4
      vertex 67.2839 45.2839 3.4
    endloop
  endfacet
  facet normal -0.752046 -0.65911 0
    outer loop
      vertex 67.2839 45.2839 6.4
      vertex 67.3917 45.1609 3.4
      vertex 67.3917 45.1609 6.4
    endloop
  endfacet
  facet normal -0.0654233 -0.997858 0
    outer loop
      vertex 66.4 45.65 3.4
      vertex 66.5632 45.6393 6.4
      vertex 66.4 45.65 6.4
    endloop
  endfacet
  facet normal -0.0654233 -0.997858 -0
    outer loop
      vertex 66.5632 45.6393 6.4
      vertex 66.4 45.65 3.4
      vertex 66.5632 45.6393 3.4
    endloop
  endfacet
  facet normal -0.195175 -0.980768 0
    outer loop
      vertex 66.5632 45.6393 3.4
      vertex 66.7235 45.6074 6.4
      vertex 66.5632 45.6393 6.4
    endloop
  endfacet
  facet normal -0.195175 -0.980768 -0
    outer loop
      vertex 66.7235 45.6074 6.4
      vertex 66.5632 45.6393 3.4
      vertex 66.7235 45.6074 3.4
    endloop
  endfacet
  facet normal 0.997858 -0.0654233 0
    outer loop
      vertex 65.15 44.4 6.4
      vertex 65.1607 44.5632 3.4
      vertex 65.1607 44.5632 6.4
    endloop
  endfacet
  facet normal 0.997858 -0.0654233 0
    outer loop
      vertex 65.1607 44.5632 3.4
      vertex 65.15 44.4 6.4
      vertex 65.15 44.4 3.4
    endloop
  endfacet
  facet normal 0.831485 -0.555547 0
    outer loop
      vertex 65.3175 45.025 6.4
      vertex 65.4083 45.1609 3.4
      vertex 65.4083 45.1609 6.4
    endloop
  endfacet
  facet normal 0.831485 -0.555547 0
    outer loop
      vertex 65.4083 45.1609 3.4
      vertex 65.3175 45.025 6.4
      vertex 65.3175 45.025 3.4
    endloop
  endfacet
  facet normal 0.0654233 -0.997858 0
    outer loop
      vertex 66.2368 45.6393 3.4
      vertex 66.4 45.65 6.4
      vertex 66.2368 45.6393 6.4
    endloop
  endfacet
  facet normal 0.0654233 -0.997858 0
    outer loop
      vertex 66.4 45.65 6.4
      vertex 66.2368 45.6393 3.4
      vertex 66.4 45.65 3.4
    endloop
  endfacet
  facet normal 0.195175 -0.980768 0
    outer loop
      vertex 66.0765 45.6074 3.4
      vertex 66.2368 45.6393 6.4
      vertex 66.0765 45.6074 6.4
    endloop
  endfacet
  facet normal 0.195175 -0.980768 0
    outer loop
      vertex 66.2368 45.6393 6.4
      vertex 66.0765 45.6074 3.4
      vertex 66.2368 45.6393 3.4
    endloop
  endfacet
  facet normal 0.659414 -0.75178 0
    outer loop
      vertex 65.5161 45.2839 3.4
      vertex 65.639 45.3917 6.4
      vertex 65.5161 45.2839 6.4
    endloop
  endfacet
  facet normal 0.659414 -0.75178 0
    outer loop
      vertex 65.639 45.3917 6.4
      vertex 65.5161 45.2839 3.4
      vertex 65.639 45.3917 3.4
    endloop
  endfacet
  facet normal -0.0654233 0.997858 0
    outer loop
      vertex 66.5632 43.1607 3.4
      vertex 66.4 43.15 6.4
      vertex 66.5632 43.1607 6.4
    endloop
  endfacet
  facet normal -0.0654233 0.997858 0
    outer loop
      vertex 66.4 43.15 6.4
      vertex 66.5632 43.1607 3.4
      vertex 66.4 43.15 3.4
    endloop
  endfacet
  facet normal -0.980768 0.195175 0
    outer loop
      vertex 67.6074 44.0765 3.4
      vertex 67.6393 44.2368 6.4
      vertex 67.6393 44.2368 3.4
    endloop
  endfacet
  facet normal -0.980768 0.195175 0
    outer loop
      vertex 67.6393 44.2368 6.4
      vertex 67.6074 44.0765 3.4
      vertex 67.6074 44.0765 6.4
    endloop
  endfacet
  facet normal -0.195175 0.980768 0
    outer loop
      vertex 66.7235 43.1926 3.4
      vertex 66.5632 43.1607 6.4
      vertex 66.7235 43.1926 6.4
    endloop
  endfacet
  facet normal -0.195175 0.980768 0
    outer loop
      vertex 66.5632 43.1607 6.4
      vertex 66.7235 43.1926 3.4
      vertex 66.5632 43.1607 3.4
    endloop
  endfacet
  facet normal -0.555547 0.831485 0
    outer loop
      vertex 67.1609 43.4083 3.4
      vertex 67.025 43.3175 6.4
      vertex 67.1609 43.4083 6.4
    endloop
  endfacet
  facet normal -0.555547 0.831485 0
    outer loop
      vertex 67.025 43.3175 6.4
      vertex 67.1609 43.4083 3.4
      vertex 67.025 43.3175 3.4
    endloop
  endfacet
  facet normal 0.195175 0.980768 -0
    outer loop
      vertex 66.2368 43.1607 3.4
      vertex 66.0765 43.1926 6.4
      vertex 66.2368 43.1607 6.4
    endloop
  endfacet
  facet normal 0.195175 0.980768 0
    outer loop
      vertex 66.0765 43.1926 6.4
      vertex 66.2368 43.1607 3.4
      vertex 66.0765 43.1926 3.4
    endloop
  endfacet
  facet normal 0.659414 0.75178 -0
    outer loop
      vertex 65.639 43.4083 3.4
      vertex 65.5161 43.5161 6.4
      vertex 65.639 43.4083 6.4
    endloop
  endfacet
  facet normal 0.659414 0.75178 0
    outer loop
      vertex 65.5161 43.5161 6.4
      vertex 65.639 43.4083 3.4
      vertex 65.5161 43.5161 3.4
    endloop
  endfacet
  facet normal 0.947082 0.320993 0
    outer loop
      vertex 65.2451 43.9216 6.4
      vertex 65.1926 44.0765 3.4
      vertex 65.1926 44.0765 6.4
    endloop
  endfacet
  facet normal 0.947082 0.320993 0
    outer loop
      vertex 65.1926 44.0765 3.4
      vertex 65.2451 43.9216 6.4
      vertex 65.2451 43.9216 3.4
    endloop
  endfacet
  facet normal 0.997858 0.0654233 0
    outer loop
      vertex 65.1607 44.2368 6.4
      vertex 65.15 44.4 3.4
      vertex 65.15 44.4 6.4
    endloop
  endfacet
  facet normal 0.997858 0.0654233 0
    outer loop
      vertex 65.15 44.4 3.4
      vertex 65.1607 44.2368 6.4
      vertex 65.1607 44.2368 3.4
    endloop
  endfacet
  facet normal 0 0 1
    outer loop
      vertex 67.6393 44.5632 3.4
      vertex 67.6393 44.2368 3.4
      vertex 67.65 44.4 3.4
    endloop
  endfacet
  facet normal 0 0 1
    outer loop
      vertex 67.6074 44.7235 3.4
      vertex 67.6393 44.2368 3.4
      vertex 67.6393 44.5632 3.4
    endloop
  endfacet
  facet normal 0 0 1
    outer loop
      vertex 67.6074 44.7235 3.4
      vertex 67.6074 44.0765 3.4
      vertex 67.6393 44.2368 3.4
    endloop
  endfacet
  facet normal 0 0 1
    outer loop
      vertex 67.5548 44.8784 3.4
      vertex 67.6074 44.0765 3.4
      vertex 67.6074 44.7235 3.4
    endloop
  endfacet
  facet normal 0 0 1
    outer loop
      vertex 67.5548 44.8784 3.4
      vertex 67.5548 43.9216 3.4
      vertex 67.6074 44.0765 3.4
    endloop
  endfacet
  facet normal 0 0 1
    outer loop
      vertex 67.4825 45.025 3.4
      vertex 67.5548 43.9216 3.4
      vertex 67.5548 44.8784 3.4
    endloop
  endfacet
  facet normal 0 0 1
    outer loop
      vertex 67.4825 45.025 3.4
      vertex 67.4825 43.775 3.4
      vertex 67.5548 43.9216 3.4
    endloop
  endfacet
  facet normal 0 0 1
    outer loop
      vertex 67.3917 45.1609 3.4
      vertex 67.4825 43.775 3.4
      vertex 67.4825 45.025 3.4
    endloop
  endfacet
  facet normal 0 0 1
    outer loop
      vertex 67.3917 45.1609 3.4
      vertex 67.3917 43.639 3.4
      vertex 67.4825 43.775 3.4
    endloop
  endfacet
  facet normal 0 0 1
    outer loop
      vertex 67.2839 45.2839 3.4
      vertex 67.3917 43.639 3.4
      vertex 67.3917 45.1609 3.4
    endloop
  endfacet
  facet normal 0 0 1
    outer loop
      vertex 67.2839 45.2839 3.4
      vertex 67.2839 43.5161 3.4
      vertex 67.3917 43.639 3.4
    endloop
  endfacet
  facet normal 0 0 1
    outer loop
      vertex 67.1609 45.3917 3.4
      vertex 67.2839 43.5161 3.4
      vertex 67.2839 45.2839 3.4
    endloop
  endfacet
  facet normal 0 0 1
    outer loop
      vertex 67.1609 45.3917 3.4
      vertex 67.1609 43.4083 3.4
      vertex 67.2839 43.5161 3.4
    endloop
  endfacet
  facet normal 0 0 1
    outer loop
      vertex 67.025 45.4825 3.4
      vertex 67.1609 43.4083 3.4
      vertex 67.1609 45.3917 3.4
    endloop
  endfacet
  facet normal 0 0 1
    outer loop
      vertex 67.025 45.4825 3.4
      vertex 67.025 43.3175 3.4
      vertex 67.1609 43.4083 3.4
    endloop
  endfacet
  facet normal 0 0 1
    outer loop
      vertex 66.8784 45.5548 3.4
      vertex 67.025 43.3175 3.4
      vertex 67.025 45.4825 3.4
    endloop
  endfacet
  facet normal 0 0 1
    outer loop
      vertex 66.8784 45.5548 3.4
      vertex 66.8784 43.2452 3.4
      vertex 67.025 43.3175 3.4
    endloop
  endfacet
  facet normal 0 0 1
    outer loop
      vertex 66.7235 45.6074 3.4
      vertex 66.8784 43.2452 3.4
      vertex 66.8784 45.5548 3.4
    endloop
  endfacet
  facet normal 0 0 1
    outer loop
      vertex 66.7235 45.6074 3.4
      vertex 66.7235 43.1926 3.4
      vertex 66.8784 43.2452 3.4
    endloop
  endfacet
  facet normal 0 0 1
    outer loop
      vertex 66.5632 45.6393 3.4
      vertex 66.7235 43.1926 3.4
      vertex 66.7235 45.6074 3.4
    endloop
  endfacet
  facet normal 0 0 1
    outer loop
      vertex 66.5632 45.6393 3.4
      vertex 66.5632 43.1607 3.4
      vertex 66.7235 43.1926 3.4
    endloop
  endfacet
  facet normal 0 0 1
    outer loop
      vertex 66.4 45.65 3.4
      vertex 66.5632 43.1607 3.4
      vertex 66.5632 45.6393 3.4
    endloop
  endfacet
  facet normal 0 0 1
    outer loop
      vertex 66.4 45.65 3.4
      vertex 66.4 43.15 3.4
      vertex 66.5632 43.1607 3.4
    endloop
  endfacet
  facet normal -0 0 1
    outer loop
      vertex 66.2368 45.6393 3.4
      vertex 66.4 43.15 3.4
      vertex 66.4 45.65 3.4
    endloop
  endfacet
  facet normal 0 0 1
    outer loop
      vertex 66.2368 45.6393 3.4
      vertex 66.2368 43.1607 3.4
      vertex 66.4 43.15 3.4
    endloop
  endfacet
  facet normal -0 0 1
    outer loop
      vertex 66.0765 45.6074 3.4
      vertex 66.2368 43.1607 3.4
      vertex 66.2368 45.6393 3.4
    endloop
  endfacet
  facet normal 0 0 1
    outer loop
      vertex 66.0765 45.6074 3.4
      vertex 66.0765 43.1926 3.4
      vertex 66.2368 43.1607 3.4
    endloop
  endfacet
  facet normal -0 0 1
    outer loop
      vertex 65.9216 45.5548 3.4
      vertex 66.0765 43.1926 3.4
      vertex 66.0765 45.6074 3.4
    endloop
  endfacet
  facet normal 0 0 1
    outer loop
      vertex 65.9216 45.5548 3.4
      vertex 65.9216 43.2452 3.4
      vertex 66.0765 43.1926 3.4
    endloop
  endfacet
  facet normal -0 0 1
    outer loop
      vertex 65.775 45.4825 3.4
      vertex 65.9216 43.2452 3.4
      vertex 65.9216 45.5548 3.4
    endloop
  endfacet
  facet normal 0 0 1
    outer loop
      vertex 65.775 45.4825 3.4
      vertex 65.775 43.3175 3.4
      vertex 65.9216 43.2452 3.4
    endloop
  endfacet
  facet normal -0 0 1
    outer loop
      vertex 65.639 45.3917 3.4
      vertex 65.775 43.3175 3.4
      vertex 65.775 45.4825 3.4
    endloop
  endfacet
  facet normal 0 0 1
    outer loop
      vertex 65.639 45.3917 3.4
      vertex 65.639 43.4083 3.4
      vertex 65.775 43.3175 3.4
    endloop
  endfacet
  facet normal -0 0 1
    outer loop
      vertex 65.5161 45.2839 3.4
      vertex 65.639 43.4083 3.4
      vertex 65.639 45.3917 3.4
    endloop
  endfacet
  facet normal 0 0 1
    outer loop
      vertex 65.5161 45.2839 3.4
      vertex 65.5161 43.5161 3.4
      vertex 65.639 43.4083 3.4
    endloop
  endfacet
  facet normal -0 0 1
    outer loop
      vertex 65.4083 45.1609 3.4
      vertex 65.5161 43.5161 3.4
      vertex 65.5161 45.2839 3.4
    endloop
  endfacet
  facet normal 0 0 1
    outer loop
      vertex 65.4083 45.1609 3.4
      vertex 65.4083 43.639 3.4
      vertex 65.5161 43.5161 3.4
    endloop
  endfacet
  facet normal -0 0 1
    outer loop
      vertex 65.3175 45.025 3.4
      vertex 65.4083 43.639 3.4
      vertex 65.4083 45.1609 3.4
    endloop
  endfacet
  facet normal 0 0 1
    outer loop
      vertex 65.3175 45.025 3.4
      vertex 65.3175 43.775 3.4
      vertex 65.4083 43.639 3.4
    endloop
  endfacet
  facet normal -0 0 1
    outer loop
      vertex 65.2451 44.8784 3.4
      vertex 65.3175 43.775 3.4
      vertex 65.3175 45.025 3.4
    endloop
  endfacet
  facet normal 0 0 1
    outer loop
      vertex 65.2451 44.8784 3.4
      vertex 65.2451 43.9216 3.4
      vertex 65.3175 43.775 3.4
    endloop
  endfacet
  facet normal -0 0 1
    outer loop
      vertex 65.1926 44.7235 3.4
      vertex 65.2451 43.9216 3.4
      vertex 65.2451 44.8784 3.4
    endloop
  endfacet
  facet normal 0 0 1
    outer loop
      vertex 65.1926 44.7235 3.4
      vertex 65.1926 44.0765 3.4
      vertex 65.2451 43.9216 3.4
    endloop
  endfacet
  facet normal -0 0 1
    outer loop
      vertex 65.1607 44.5632 3.4
      vertex 65.1926 44.0765 3.4
      vertex 65.1926 44.7235 3.4
    endloop
  endfacet
  facet normal 0 0 1
    outer loop
      vertex 65.1607 44.5632 3.4
      vertex 65.1607 44.2368 3.4
      vertex 65.1926 44.0765 3.4
    endloop
  endfacet
  facet normal 0 -0 1
    outer loop
      vertex 65.1607 44.2368 3.4
      vertex 65.1607 44.5632 3.4
      vertex 65.15 44.4 3.4
    endloop
  endfacet
  facet normal 0.831674 0.555265 0
    outer loop
      vertex 65.4083 43.639 6.4
      vertex 65.3175 43.775 3.4
      vertex 65.3175 43.775 6.4
    endloop
  endfacet
  facet normal 0.831674 0.555265 0
    outer loop
      vertex 65.3175 43.775 3.4
      vertex 65.4083 43.639 6.4
      vertex 65.4083 43.639 3.4
    endloop
  endfacet
  facet normal 0.75178 0.659414 0
    outer loop
      vertex 65.5161 43.5161 6.4
      vertex 65.4083 43.639 3.4
      vertex 65.4083 43.639 6.4
    endloop
  endfacet
  facet normal 0.75178 0.659414 0
    outer loop
      vertex 65.4083 43.639 3.4
      vertex 65.5161 43.5161 6.4
      vertex 65.5161 43.5161 3.4
    endloop
  endfacet
  facet normal 0.980768 -0.195175 0
    outer loop
      vertex 65.1607 44.5632 6.4
      vertex 65.1926 44.7235 3.4
      vertex 65.1926 44.7235 6.4
    endloop
  endfacet
  facet normal 0.980768 -0.195175 0
    outer loop
      vertex 65.1926 44.7235 3.4
      vertex 65.1607 44.5632 6.4
      vertex 65.1607 44.5632 3.4
    endloop
  endfacet
  facet normal -0.896861 0.442313 0
    outer loop
      vertex 67.4825 43.775 3.4
      vertex 67.5548 43.9216 6.4
      vertex 67.5548 43.9216 3.4
    endloop
  endfacet
  facet normal -0.896861 0.442313 0
    outer loop
      vertex 67.5548 43.9216 6.4
      vertex 67.4825 43.775 3.4
      vertex 67.4825 43.775 6.4
    endloop
  endfacet
  facet normal -0.831674 0.555265 0
    outer loop
      vertex 67.3917 43.639 3.4
      vertex 67.4825 43.775 6.4
      vertex 67.4825 43.775 3.4
    endloop
  endfacet
  facet normal -0.831674 0.555265 0
    outer loop
      vertex 67.4825 43.775 6.4
      vertex 67.3917 43.639 3.4
      vertex 67.3917 43.639 6.4
    endloop
  endfacet
  facet normal -0.946896 0.321541 0
    outer loop
      vertex 67.5548 43.9216 3.4
      vertex 67.6074 44.0765 6.4
      vertex 67.6074 44.0765 3.4
    endloop
  endfacet
  facet normal -0.946896 0.321541 0
    outer loop
      vertex 67.6074 44.0765 6.4
      vertex 67.5548 43.9216 3.4
      vertex 67.5548 43.9216 6.4
    endloop
  endfacet
  facet normal 0.659278 0.7519 -0
    outer loop
      vertex 84.8749 18.8749 2.4
      vertex 84.5307 19.1767 6.4
      vertex 84.8749 18.8749 6.4
    endloop
  endfacet
  facet normal 0.659278 0.7519 0
    outer loop
      vertex 84.5307 19.1767 6.4
      vertex 84.8749 18.8749 2.4
      vertex 84.5307 19.1767 2.4
    endloop
  endfacet
  facet normal -0.946966 0.321335 0
    outer loop
      vertex 79.0193 17.3059 2.4
      vertex 79.1664 17.7394 6.4
      vertex 79.1664 17.7394 2.4
    endloop
  endfacet
  facet normal -0.946966 0.321335 0
    outer loop
      vertex 79.1664 17.7394 6.4
      vertex 79.0193 17.3059 2.4
      vertex 79.0193 17.3059 6.4
    endloop
  endfacet
  facet normal 0.997865 -0.0653156 0
    outer loop
      vertex 85.8701 15.9432 6.4
      vertex 85.9 16.4 2.4
      vertex 85.9 16.4 6.4
    endloop
  endfacet
  facet normal 0.997865 -0.0653156 0
    outer loop
      vertex 85.9 16.4 2.4
      vertex 85.8701 15.9432 6.4
      vertex 85.8701 15.9432 2.4
    endloop
  endfacet
  facet normal -0.321335 -0.946966 0
    outer loop
      vertex 81.0606 13.1664 2.4
      vertex 81.4941 13.0193 6.4
      vertex 81.0606 13.1664 6.4
    endloop
  endfacet
  facet normal -0.321335 -0.946966 -0
    outer loop
      vertex 81.4941 13.0193 6.4
      vertex 81.0606 13.1664 2.4
      vertex 81.4941 13.0193 2.4
    endloop
  endfacet
  facet normal 0.555607 0.831445 -0
    outer loop
      vertex 84.5307 19.1767 2.4
      vertex 84.15 19.4311 6.4
      vertex 84.5307 19.1767 6.4
    endloop
  endfacet
  facet normal 0.555607 0.831445 0
    outer loop
      vertex 84.15 19.4311 6.4
      vertex 84.5307 19.1767 2.4
      vertex 84.15 19.4311 2.4
    endloop
  endfacet
  facet normal -0.321335 0.946966 0
    outer loop
      vertex 81.4941 19.7807 2.4
      vertex 81.0606 19.6336 6.4
      vertex 81.4941 19.7807 6.4
    endloop
  endfacet
  facet normal -0.321335 0.946966 0
    outer loop
      vertex 81.0606 19.6336 6.4
      vertex 81.4941 19.7807 2.4
      vertex 81.0606 19.6336 2.4
    endloop
  endfacet
  facet normal -0.89686 0.442314 0
    outer loop
      vertex 79.1664 17.7394 2.4
      vertex 79.3689 18.15 6.4
      vertex 79.3689 18.15 2.4
    endloop
  endfacet
  facet normal -0.89686 0.442314 0
    outer loop
      vertex 79.3689 18.15 6.4
      vertex 79.1664 17.7394 2.4
      vertex 79.1664 17.7394 6.4
    endloop
  endfacet
  facet normal -0.89686 -0.442314 0
    outer loop
      vertex 79.3689 14.65 2.4
      vertex 79.1664 15.0606 6.4
      vertex 79.1664 15.0606 2.4
    endloop
  endfacet
  facet normal -0.89686 -0.442314 0
    outer loop
      vertex 79.1664 15.0606 6.4
      vertex 79.3689 14.65 2.4
      vertex 79.3689 14.65 6.4
    endloop
  endfacet
  facet normal 0.946966 0.321335 0
    outer loop
      vertex 85.7807 17.3059 6.4
      vertex 85.6336 17.7394 2.4
      vertex 85.6336 17.7394 6.4
    endloop
  endfacet
  facet normal 0.946966 0.321335 0
    outer loop
      vertex 85.6336 17.7394 2.4
      vertex 85.7807 17.3059 6.4
      vertex 85.7807 17.3059 2.4
    endloop
  endfacet
  facet normal 0.831445 0.555607 0
    outer loop
      vertex 85.4311 18.15 6.4
      vertex 85.1767 18.5307 2.4
      vertex 85.1767 18.5307 6.4
    endloop
  endfacet
  facet normal 0.831445 0.555607 0
    outer loop
      vertex 85.1767 18.5307 2.4
      vertex 85.4311 18.15 6.4
      vertex 85.4311 18.15 2.4
    endloop
  endfacet
  facet normal 0.7519 0.659278 0
    outer loop
      vertex 85.1767 18.5307 6.4
      vertex 84.8749 18.8749 2.4
      vertex 84.8749 18.8749 6.4
    endloop
  endfacet
  facet normal 0.7519 0.659278 0
    outer loop
      vertex 84.8749 18.8749 2.4
      vertex 85.1767 18.5307 6.4
      vertex 85.1767 18.5307 2.4
    endloop
  endfacet
  facet normal 0.442314 0.89686 -0
    outer loop
      vertex 84.15 19.4311 2.4
      vertex 83.7394 19.6336 6.4
      vertex 84.15 19.4311 6.4
    endloop
  endfacet
  facet normal 0.442314 0.89686 0
    outer loop
      vertex 83.7394 19.6336 6.4
      vertex 84.15 19.4311 2.4
      vertex 83.7394 19.6336 2.4
    endloop
  endfacet
  facet normal 0.321335 0.946966 -0
    outer loop
      vertex 83.7394 19.6336 2.4
      vertex 83.3059 19.7807 6.4
      vertex 83.7394 19.6336 6.4
    endloop
  endfacet
  facet normal 0.321335 0.946966 0
    outer loop
      vertex 83.3059 19.7807 6.4
      vertex 83.7394 19.6336 2.4
      vertex 83.3059 19.7807 2.4
    endloop
  endfacet
  facet normal -0.7519 0.659278 0
    outer loop
      vertex 79.6233 18.5307 2.4
      vertex 79.9251 18.8749 6.4
      vertex 79.9251 18.8749 2.4
    endloop
  endfacet
  facet normal -0.7519 0.659278 0
    outer loop
      vertex 79.9251 18.8749 6.4
      vertex 79.6233 18.5307 2.4
      vertex 79.6233 18.5307 6.4
    endloop
  endfacet
  facet normal -0.442314 0.89686 0
    outer loop
      vertex 81.0606 19.6336 2.4
      vertex 80.65 19.4311 6.4
      vertex 81.0606 19.6336 6.4
    endloop
  endfacet
  facet normal -0.442314 0.89686 0
    outer loop
      vertex 80.65 19.4311 6.4
      vertex 81.0606 19.6336 2.4
      vertex 80.65 19.4311 2.4
    endloop
  endfacet
  facet normal -0.555607 0.831445 0
    outer loop
      vertex 80.65 19.4311 2.4
      vertex 80.2693 19.1767 6.4
      vertex 80.65 19.4311 6.4
    endloop
  endfacet
  facet normal -0.555607 0.831445 0
    outer loop
      vertex 80.2693 19.1767 6.4
      vertex 80.65 19.4311 2.4
      vertex 80.2693 19.1767 2.4
    endloop
  endfacet
  facet normal 0.997865 0.0653156 0
    outer loop
      vertex 85.9 16.4 6.4
      vertex 85.8701 16.8568 2.4
      vertex 85.8701 16.8568 6.4
    endloop
  endfacet
  facet normal 0.997865 0.0653156 0
    outer loop
      vertex 85.8701 16.8568 2.4
      vertex 85.9 16.4 6.4
      vertex 85.9 16.4 2.4
    endloop
  endfacet
  facet normal 0.321335 -0.946966 0
    outer loop
      vertex 83.3059 13.0193 2.4
      vertex 83.7394 13.1664 6.4
      vertex 83.3059 13.0193 6.4
    endloop
  endfacet
  facet normal 0.321335 -0.946966 0
    outer loop
      vertex 83.7394 13.1664 6.4
      vertex 83.3059 13.0193 2.4
      vertex 83.7394 13.1664 2.4
    endloop
  endfacet
  facet normal 0.89686 -0.442314 0
    outer loop
      vertex 85.4311 14.65 6.4
      vertex 85.6336 15.0606 2.4
      vertex 85.6336 15.0606 6.4
    endloop
  endfacet
  facet normal 0.89686 -0.442314 0
    outer loop
      vertex 85.6336 15.0606 2.4
      vertex 85.4311 14.65 6.4
      vertex 85.4311 14.65 2.4
    endloop
  endfacet
  facet normal 0.659278 -0.7519 0
    outer loop
      vertex 84.5307 13.6233 2.4
      vertex 84.8749 13.9251 6.4
      vertex 84.5307 13.6233 6.4
    endloop
  endfacet
  facet normal 0.659278 -0.7519 0
    outer loop
      vertex 84.8749 13.9251 6.4
      vertex 84.5307 13.6233 2.4
      vertex 84.8749 13.9251 2.4
    endloop
  endfacet
  facet normal 0.442314 -0.89686 0
    outer loop
      vertex 83.7394 13.1664 2.4
      vertex 84.15 13.3689 6.4
      vertex 83.7394 13.1664 6.4
    endloop
  endfacet
  facet normal 0.442314 -0.89686 0
    outer loop
      vertex 84.15 13.3689 6.4
      vertex 83.7394 13.1664 2.4
      vertex 84.15 13.3689 2.4
    endloop
  endfacet
  facet normal -0.0653156 -0.997865 0
    outer loop
      vertex 81.9432 12.9299 2.4
      vertex 82.4 12.9 6.4
      vertex 81.9432 12.9299 6.4
    endloop
  endfacet
  facet normal -0.0653156 -0.997865 -0
    outer loop
      vertex 82.4 12.9 6.4
      vertex 81.9432 12.9299 2.4
      vertex 82.4 12.9 2.4
    endloop
  endfacet
  facet normal -0.442314 -0.89686 0
    outer loop
      vertex 80.65 13.3689 2.4
      vertex 81.0606 13.1664 6.4
      vertex 80.65 13.3689 6.4
    endloop
  endfacet
  facet normal -0.442314 -0.89686 -0
    outer loop
      vertex 81.0606 13.1664 6.4
      vertex 80.65 13.3689 2.4
      vertex 81.0606 13.1664 2.4
    endloop
  endfacet
  facet normal -0.980757 -0.195234 0
    outer loop
      vertex 79.0193 15.4941 2.4
      vertex 78.9299 15.9432 6.4
      vertex 78.9299 15.9432 2.4
    endloop
  endfacet
  facet normal -0.980757 -0.195234 0
    outer loop
      vertex 78.9299 15.9432 6.4
      vertex 79.0193 15.4941 2.4
      vertex 79.0193 15.4941 6.4
    endloop
  endfacet
  facet normal 0.980757 0.195234 0
    outer loop
      vertex 85.8701 16.8568 6.4
      vertex 85.7807 17.3059 2.4
      vertex 85.7807 17.3059 6.4
    endloop
  endfacet
  facet normal 0.980757 0.195234 0
    outer loop
      vertex 85.7807 17.3059 2.4
      vertex 85.8701 16.8568 6.4
      vertex 85.8701 16.8568 2.4
    endloop
  endfacet
  facet normal 0.89686 0.442314 0
    outer loop
      vertex 85.6336 17.7394 6.4
      vertex 85.4311 18.15 2.4
      vertex 85.4311 18.15 6.4
    endloop
  endfacet
  facet normal 0.89686 0.442314 0
    outer loop
      vertex 85.4311 18.15 2.4
      vertex 85.6336 17.7394 6.4
      vertex 85.6336 17.7394 2.4
    endloop
  endfacet
  facet normal 0.0653156 0.997865 -0
    outer loop
      vertex 82.8568 19.8701 2.4
      vertex 82.4 19.9 6.4
      vertex 82.8568 19.8701 6.4
    endloop
  endfacet
  facet normal 0.0653156 0.997865 0
    outer loop
      vertex 82.4 19.9 6.4
      vertex 82.8568 19.8701 2.4
      vertex 82.4 19.9 2.4
    endloop
  endfacet
  facet normal -0.997865 0.0653156 0
    outer loop
      vertex 78.9 16.4 2.4
      vertex 78.9299 16.8568 6.4
      vertex 78.9299 16.8568 2.4
    endloop
  endfacet
  facet normal -0.997865 0.0653156 0
    outer loop
      vertex 78.9299 16.8568 6.4
      vertex 78.9 16.4 2.4
      vertex 78.9 16.4 6.4
    endloop
  endfacet
  facet normal -0.831445 0.555607 0
    outer loop
      vertex 79.3689 18.15 2.4
      vertex 79.6233 18.5307 6.4
      vertex 79.6233 18.5307 2.4
    endloop
  endfacet
  facet normal -0.831445 0.555607 0
    outer loop
      vertex 79.6233 18.5307 6.4
      vertex 79.3689 18.15 2.4
      vertex 79.3689 18.15 6.4
    endloop
  endfacet
  facet normal -0.0653156 0.997865 0
    outer loop
      vertex 82.4 19.9 2.4
      vertex 81.9432 19.8701 6.4
      vertex 82.4 19.9 6.4
    endloop
  endfacet
  facet normal -0.0653156 0.997865 0
    outer loop
      vertex 81.9432 19.8701 6.4
      vertex 82.4 19.9 2.4
      vertex 81.9432 19.8701 2.4
    endloop
  endfacet
  facet normal -0.195234 0.980757 0
    outer loop
      vertex 81.9432 19.8701 2.4
      vertex 81.4941 19.7807 6.4
      vertex 81.9432 19.8701 6.4
    endloop
  endfacet
  facet normal -0.195234 0.980757 0
    outer loop
      vertex 81.4941 19.7807 6.4
      vertex 81.9432 19.8701 2.4
      vertex 81.4941 19.7807 2.4
    endloop
  endfacet
  facet normal -0.659278 0.7519 0
    outer loop
      vertex 80.2693 19.1767 2.4
      vertex 79.9251 18.8749 6.4
      vertex 80.2693 19.1767 6.4
    endloop
  endfacet
  facet normal -0.659278 0.7519 0
    outer loop
      vertex 79.9251 18.8749 6.4
      vertex 80.2693 19.1767 2.4
      vertex 79.9251 18.8749 2.4
    endloop
  endfacet
  facet normal 0.0653156 -0.997865 0
    outer loop
      vertex 82.4 12.9 2.4
      vertex 82.8568 12.9299 6.4
      vertex 82.4 12.9 6.4
    endloop
  endfacet
  facet normal 0.0653156 -0.997865 0
    outer loop
      vertex 82.8568 12.9299 6.4
      vertex 82.4 12.9 2.4
      vertex 82.8568 12.9299 2.4
    endloop
  endfacet
  facet normal 0.980757 -0.195234 0
    outer loop
      vertex 85.7807 15.4941 6.4
      vertex 85.8701 15.9432 2.4
      vertex 85.8701 15.9432 6.4
    endloop
  endfacet
  facet normal 0.980757 -0.195234 0
    outer loop
      vertex 85.8701 15.9432 2.4
      vertex 85.7807 15.4941 6.4
      vertex 85.7807 15.4941 2.4
    endloop
  endfacet
  facet normal 0.831445 -0.555607 0
    outer loop
      vertex 85.1767 14.2693 6.4
      vertex 85.4311 14.65 2.4
      vertex 85.4311 14.65 6.4
    endloop
  endfacet
  facet normal 0.831445 -0.555607 0
    outer loop
      vertex 85.4311 14.65 2.4
      vertex 85.1767 14.2693 6.4
      vertex 85.1767 14.2693 2.4
    endloop
  endfacet
  facet normal 0.195234 -0.980757 0
    outer loop
      vertex 82.8568 12.9299 2.4
      vertex 83.3059 13.0193 6.4
      vertex 82.8568 12.9299 6.4
    endloop
  endfacet
  facet normal 0.195234 -0.980757 0
    outer loop
      vertex 83.3059 13.0193 6.4
      vertex 82.8568 12.9299 2.4
      vertex 83.3059 13.0193 2.4
    endloop
  endfacet
  facet normal 0.555607 -0.831445 0
    outer loop
      vertex 84.15 13.3689 2.4
      vertex 84.5307 13.6233 6.4
      vertex 84.15 13.3689 6.4
    endloop
  endfacet
  facet normal 0.555607 -0.831445 0
    outer loop
      vertex 84.5307 13.6233 6.4
      vertex 84.15 13.3689 2.4
      vertex 84.5307 13.6233 2.4
    endloop
  endfacet
  facet normal -0.195234 -0.980757 0
    outer loop
      vertex 81.4941 13.0193 2.4
      vertex 81.9432 12.9299 6.4
      vertex 81.4941 13.0193 6.4
    endloop
  endfacet
  facet normal -0.195234 -0.980757 -0
    outer loop
      vertex 81.9432 12.9299 6.4
      vertex 81.4941 13.0193 2.4
      vertex 81.9432 12.9299 2.4
    endloop
  endfacet
  facet normal -0.659278 -0.7519 0
    outer loop
      vertex 79.9251 13.9251 2.4
      vertex 80.2693 13.6233 6.4
      vertex 79.9251 13.9251 6.4
    endloop
  endfacet
  facet normal -0.659278 -0.7519 -0
    outer loop
      vertex 80.2693 13.6233 6.4
      vertex 79.9251 13.9251 2.4
      vertex 80.2693 13.6233 2.4
    endloop
  endfacet
  facet normal -0.946966 -0.321335 0
    outer loop
      vertex 79.1664 15.0606 2.4
      vertex 79.0193 15.4941 6.4
      vertex 79.0193 15.4941 2.4
    endloop
  endfacet
  facet normal -0.946966 -0.321335 0
    outer loop
      vertex 79.0193 15.4941 6.4
      vertex 79.1664 15.0606 2.4
      vertex 79.1664 15.0606 6.4
    endloop
  endfacet
  facet normal -0.997865 -0.0653156 0
    outer loop
      vertex 78.9299 15.9432 2.4
      vertex 78.9 16.4 6.4
      vertex 78.9 16.4 2.4
    endloop
  endfacet
  facet normal -0.997865 -0.0653156 0
    outer loop
      vertex 78.9 16.4 6.4
      vertex 78.9299 15.9432 2.4
      vertex 78.9299 15.9432 6.4
    endloop
  endfacet
  facet normal 0 0 -1
    outer loop
      vertex 85.8701 15.9432 2.4
      vertex 85.8701 16.8568 2.4
      vertex 85.9 16.4 2.4
    endloop
  endfacet
  facet normal 0 0 -1
    outer loop
      vertex 85.7807 15.4941 2.4
      vertex 85.8701 16.8568 2.4
      vertex 85.8701 15.9432 2.4
    endloop
  endfacet
  facet normal 0 0 -1
    outer loop
      vertex 85.7807 15.4941 2.4
      vertex 85.7807 17.3059 2.4
      vertex 85.8701 16.8568 2.4
    endloop
  endfacet
  facet normal 0 0 -1
    outer loop
      vertex 85.6336 15.0606 2.4
      vertex 85.7807 17.3059 2.4
      vertex 85.7807 15.4941 2.4
    endloop
  endfacet
  facet normal 0 0 -1
    outer loop
      vertex 85.6336 15.0606 2.4
      vertex 85.6336 17.7394 2.4
      vertex 85.7807 17.3059 2.4
    endloop
  endfacet
  facet normal 0 0 -1
    outer loop
      vertex 85.4311 14.65 2.4
      vertex 85.6336 17.7394 2.4
      vertex 85.6336 15.0606 2.4
    endloop
  endfacet
  facet normal 0 0 -1
    outer loop
      vertex 85.4311 14.65 2.4
      vertex 85.4311 18.15 2.4
      vertex 85.6336 17.7394 2.4
    endloop
  endfacet
  facet normal 0 0 -1
    outer loop
      vertex 85.1767 14.2693 2.4
      vertex 85.4311 18.15 2.4
      vertex 85.4311 14.65 2.4
    endloop
  endfacet
  facet normal 0 0 -1
    outer loop
      vertex 85.1767 14.2693 2.4
      vertex 85.1767 18.5307 2.4
      vertex 85.4311 18.15 2.4
    endloop
  endfacet
  facet normal 0 0 -1
    outer loop
      vertex 84.8749 13.9251 2.4
      vertex 85.1767 18.5307 2.4
      vertex 85.1767 14.2693 2.4
    endloop
  endfacet
  facet normal 0 0 -1
    outer loop
      vertex 84.8749 13.9251 2.4
      vertex 84.8749 18.8749 2.4
      vertex 85.1767 18.5307 2.4
    endloop
  endfacet
  facet normal 0 0 -1
    outer loop
      vertex 84.5307 13.6233 2.4
      vertex 84.8749 18.8749 2.4
      vertex 84.8749 13.9251 2.4
    endloop
  endfacet
  facet normal 0 0 -1
    outer loop
      vertex 84.5307 13.6233 2.4
      vertex 84.5307 19.1767 2.4
      vertex 84.8749 18.8749 2.4
    endloop
  endfacet
  facet normal 0 0 -1
    outer loop
      vertex 84.15 13.3689 2.4
      vertex 84.5307 19.1767 2.4
      vertex 84.5307 13.6233 2.4
    endloop
  endfacet
  facet normal 0 0 -1
    outer loop
      vertex 84.15 13.3689 2.4
      vertex 84.15 19.4311 2.4
      vertex 84.5307 19.1767 2.4
    endloop
  endfacet
  facet normal 0 0 -1
    outer loop
      vertex 83.7394 13.1664 2.4
      vertex 84.15 19.4311 2.4
      vertex 84.15 13.3689 2.4
    endloop
  endfacet
  facet normal 0 0 -1
    outer loop
      vertex 83.7394 13.1664 2.4
      vertex 83.7394 19.6336 2.4
      vertex 84.15 19.4311 2.4
    endloop
  endfacet
  facet normal 0 0 -1
    outer loop
      vertex 83.3059 13.0193 2.4
      vertex 83.7394 19.6336 2.4
      vertex 83.7394 13.1664 2.4
    endloop
  endfacet
  facet normal 0 0 -1
    outer loop
      vertex 83.3059 13.0193 2.4
      vertex 83.3059 19.7807 2.4
      vertex 83.7394 19.6336 2.4
    endloop
  endfacet
  facet normal 0 0 -1
    outer loop
      vertex 82.8568 12.9299 2.4
      vertex 83.3059 19.7807 2.4
      vertex 83.3059 13.0193 2.4
    endloop
  endfacet
  facet normal 0 0 -1
    outer loop
      vertex 82.8568 12.9299 2.4
      vertex 82.8568 19.8701 2.4
      vertex 83.3059 19.7807 2.4
    endloop
  endfacet
  facet normal 0 0 -1
    outer loop
      vertex 82.4 12.9 2.4
      vertex 82.8568 19.8701 2.4
      vertex 82.8568 12.9299 2.4
    endloop
  endfacet
  facet normal 0 0 -1
    outer loop
      vertex 82.4 12.9 2.4
      vertex 82.4 19.9 2.4
      vertex 82.8568 19.8701 2.4
    endloop
  endfacet
  facet normal 0 0 -1
    outer loop
      vertex 81.9432 12.9299 2.4
      vertex 82.4 19.9 2.4
      vertex 82.4 12.9 2.4
    endloop
  endfacet
  facet normal 0 0 -1
    outer loop
      vertex 81.9432 12.9299 2.4
      vertex 81.9432 19.8701 2.4
      vertex 82.4 19.9 2.4
    endloop
  endfacet
  facet normal 0 0 -1
    outer loop
      vertex 81.4941 13.0193 2.4
      vertex 81.9432 19.8701 2.4
      vertex 81.9432 12.9299 2.4
    endloop
  endfacet
  facet normal 0 0 -1
    outer loop
      vertex 81.4941 13.0193 2.4
      vertex 81.4941 19.7807 2.4
      vertex 81.9432 19.8701 2.4
    endloop
  endfacet
  facet normal 0 0 -1
    outer loop
      vertex 81.0606 13.1664 2.4
      vertex 81.4941 19.7807 2.4
      vertex 81.4941 13.0193 2.4
    endloop
  endfacet
  facet normal 0 0 -1
    outer loop
      vertex 81.0606 13.1664 2.4
      vertex 81.0606 19.6336 2.4
      vertex 81.4941 19.7807 2.4
    endloop
  endfacet
  facet normal 0 0 -1
    outer loop
      vertex 80.65 13.3689 2.4
      vertex 81.0606 19.6336 2.4
      vertex 81.0606 13.1664 2.4
    endloop
  endfacet
  facet normal 0 0 -1
    outer loop
      vertex 80.65 13.3689 2.4
      vertex 80.65 19.4311 2.4
      vertex 81.0606 19.6336 2.4
    endloop
  endfacet
  facet normal 0 0 -1
    outer loop
      vertex 80.2693 13.6233 2.4
      vertex 80.65 19.4311 2.4
      vertex 80.65 13.3689 2.4
    endloop
  endfacet
  facet normal 0 0 -1
    outer loop
      vertex 80.2693 13.6233 2.4
      vertex 80.2693 19.1767 2.4
      vertex 80.65 19.4311 2.4
    endloop
  endfacet
  facet normal 0 0 -1
    outer loop
      vertex 79.9251 13.9251 2.4
      vertex 80.2693 19.1767 2.4
      vertex 80.2693 13.6233 2.4
    endloop
  endfacet
  facet normal 0 0 -1
    outer loop
      vertex 79.9251 13.9251 2.4
      vertex 79.9251 18.8749 2.4
      vertex 80.2693 19.1767 2.4
    endloop
  endfacet
  facet normal 0 0 -1
    outer loop
      vertex 79.6233 14.2693 2.4
      vertex 79.9251 18.8749 2.4
      vertex 79.9251 13.9251 2.4
    endloop
  endfacet
  facet normal 0 0 -1
    outer loop
      vertex 79.6233 14.2693 2.4
      vertex 79.6233 18.5307 2.4
      vertex 79.9251 18.8749 2.4
    endloop
  endfacet
  facet normal 0 0 -1
    outer loop
      vertex 79.3689 14.65 2.4
      vertex 79.6233 18.5307 2.4
      vertex 79.6233 14.2693 2.4
    endloop
  endfacet
  facet normal 0 0 -1
    outer loop
      vertex 79.3689 14.65 2.4
      vertex 79.3689 18.15 2.4
      vertex 79.6233 18.5307 2.4
    endloop
  endfacet
  facet normal 0 0 -1
    outer loop
      vertex 79.1664 15.0606 2.4
      vertex 79.3689 18.15 2.4
      vertex 79.3689 14.65 2.4
    endloop
  endfacet
  facet normal 0 0 -1
    outer loop
      vertex 79.1664 15.0606 2.4
      vertex 79.1664 17.7394 2.4
      vertex 79.3689 18.15 2.4
    endloop
  endfacet
  facet normal 0 0 -1
    outer loop
      vertex 79.0193 15.4941 2.4
      vertex 79.1664 17.7394 2.4
      vertex 79.1664 15.0606 2.4
    endloop
  endfacet
  facet normal 0 0 -1
    outer loop
      vertex 79.0193 15.4941 2.4
      vertex 79.0193 17.3059 2.4
      vertex 79.1664 17.7394 2.4
    endloop
  endfacet
  facet normal 0 0 -1
    outer loop
      vertex 78.9299 15.9432 2.4
      vertex 79.0193 17.3059 2.4
      vertex 79.0193 15.4941 2.4
    endloop
  endfacet
  facet normal 0 0 -1
    outer loop
      vertex 78.9299 15.9432 2.4
      vertex 78.9299 16.8568 2.4
      vertex 79.0193 17.3059 2.4
    endloop
  endfacet
  facet normal 0 -0 -1
    outer loop
      vertex 78.9299 16.8568 2.4
      vertex 78.9299 15.9432 2.4
      vertex 78.9 16.4 2.4
    endloop
  endfacet
  facet normal -0.831445 -0.555607 0
    outer loop
      vertex 79.6233 14.2693 2.4
      vertex 79.3689 14.65 6.4
      vertex 79.3689 14.65 2.4
    endloop
  endfacet
  facet normal -0.831445 -0.555607 0
    outer loop
      vertex 79.3689 14.65 6.4
      vertex 79.6233 14.2693 2.4
      vertex 79.6233 14.2693 6.4
    endloop
  endfacet
  facet normal -0.7519 -0.659278 0
    outer loop
      vertex 79.9251 13.9251 2.4
      vertex 79.6233 14.2693 6.4
      vertex 79.6233 14.2693 2.4
    endloop
  endfacet
  facet normal -0.7519 -0.659278 0
    outer loop
      vertex 79.6233 14.2693 6.4
      vertex 79.9251 13.9251 2.4
      vertex 79.9251 13.9251 6.4
    endloop
  endfacet
  facet normal 0.195234 0.980757 -0
    outer loop
      vertex 83.3059 19.7807 2.4
      vertex 82.8568 19.8701 6.4
      vertex 83.3059 19.7807 6.4
    endloop
  endfacet
  facet normal 0.195234 0.980757 0
    outer loop
      vertex 82.8568 19.8701 6.4
      vertex 83.3059 19.7807 2.4
      vertex 82.8568 19.8701 2.4
    endloop
  endfacet
  facet normal 0 0 1
    outer loop
      vertex 83.65 16.4 6.4
      vertex 85.9 16.4 6.4
      vertex 85.8701 16.8568 6.4
    endloop
  endfacet
  facet normal 0 0 1
    outer loop
      vertex 83.6393 16.5632 6.4
      vertex 85.8701 16.8568 6.4
      vertex 85.7807 17.3059 6.4
    endloop
  endfacet
  facet normal 0 0 1
    outer loop
      vertex 85.9 16.4 6.4
      vertex 83.65 16.4 6.4
      vertex 85.8701 15.9432 6.4
    endloop
  endfacet
  facet normal 0 0 1
    outer loop
      vertex 83.6074 16.7235 6.4
      vertex 85.7807 17.3059 6.4
      vertex 85.6336 17.7394 6.4
    endloop
  endfacet
  facet normal -0 0 1
    outer loop
      vertex 83.6393 16.2368 6.4
      vertex 85.8701 15.9432 6.4
      vertex 83.65 16.4 6.4
    endloop
  endfacet
  facet normal 0 0 1
    outer loop
      vertex 83.5548 16.8784 6.4
      vertex 85.6336 17.7394 6.4
      vertex 85.4311 18.15 6.4
    endloop
  endfacet
  facet normal 0 0 1
    outer loop
      vertex 85.8701 15.9432 6.4
      vertex 83.6393 16.2368 6.4
      vertex 85.7807 15.4941 6.4
    endloop
  endfacet
  facet normal 0 0 1
    outer loop
      vertex 83.4825 17.025 6.4
      vertex 85.4311 18.15 6.4
      vertex 85.1767 18.5307 6.4
    endloop
  endfacet
  facet normal -0 0 1
    outer loop
      vertex 83.6074 16.0765 6.4
      vertex 85.7807 15.4941 6.4
      vertex 83.6393 16.2368 6.4
    endloop
  endfacet
  facet normal 0 0 1
    outer loop
      vertex 83.3917 17.161 6.4
      vertex 85.1767 18.5307 6.4
      vertex 84.8749 18.8749 6.4
    endloop
  endfacet
  facet normal 0 0 1
    outer loop
      vertex 85.7807 15.4941 6.4
      vertex 83.6074 16.0765 6.4
      vertex 85.6336 15.0606 6.4
    endloop
  endfacet
  facet normal 0 0 1
    outer loop
      vertex 83.2839 17.2839 6.4
      vertex 84.8749 18.8749 6.4
      vertex 84.5307 19.1767 6.4
    endloop
  endfacet
  facet normal -0 0 1
    outer loop
      vertex 83.5548 15.9216 6.4
      vertex 85.6336 15.0606 6.4
      vertex 83.6074 16.0765 6.4
    endloop
  endfacet
  facet normal 0 0 1
    outer loop
      vertex 83.1609 17.3917 6.4
      vertex 84.5307 19.1767 6.4
      vertex 84.15 19.4311 6.4
    endloop
  endfacet
  facet normal 0 0 1
    outer loop
      vertex 85.6336 15.0606 6.4
      vertex 83.5548 15.9216 6.4
      vertex 85.4311 14.65 6.4
    endloop
  endfacet
  facet normal 0 0 1
    outer loop
      vertex 83.025 17.4825 6.4
      vertex 84.15 19.4311 6.4
      vertex 83.7394 19.6336 6.4
    endloop
  endfacet
  facet normal -0 0 1
    outer loop
      vertex 83.4825 15.775 6.4
      vertex 85.4311 14.65 6.4
      vertex 83.5548 15.9216 6.4
    endloop
  endfacet
  facet normal 0 0 1
    outer loop
      vertex 85.4311 14.65 6.4
      vertex 83.4825 15.775 6.4
      vertex 85.1767 14.2693 6.4
    endloop
  endfacet
  facet normal 0 0 1
    outer loop
      vertex 85.8701 16.8568 6.4
      vertex 83.6393 16.5632 6.4
      vertex 83.65 16.4 6.4
    endloop
  endfacet
  facet normal 0 0 1
    outer loop
      vertex 85.7807 17.3059 6.4
      vertex 83.6074 16.7235 6.4
      vertex 83.6393 16.5632 6.4
    endloop
  endfacet
  facet normal 0 0 1
    outer loop
      vertex 85.6336 17.7394 6.4
      vertex 83.5548 16.8784 6.4
      vertex 83.6074 16.7235 6.4
    endloop
  endfacet
  facet normal 0 0 1
    outer loop
      vertex 85.4311 18.15 6.4
      vertex 83.4825 17.025 6.4
      vertex 83.5548 16.8784 6.4
    endloop
  endfacet
  facet normal 0 0 1
    outer loop
      vertex 85.1767 18.5307 6.4
      vertex 83.3917 17.161 6.4
      vertex 83.4825 17.025 6.4
    endloop
  endfacet
  facet normal 0 0 1
    outer loop
      vertex 82.8784 17.5548 6.4
      vertex 83.7394 19.6336 6.4
      vertex 83.3059 19.7807 6.4
    endloop
  endfacet
  facet normal 0 0 1
    outer loop
      vertex 84.8749 18.8749 6.4
      vertex 83.2839 17.2839 6.4
      vertex 83.3917 17.161 6.4
    endloop
  endfacet
  facet normal 0 0 1
    outer loop
      vertex 84.5307 19.1767 6.4
      vertex 83.1609 17.3917 6.4
      vertex 83.2839 17.2839 6.4
    endloop
  endfacet
  facet normal 0 0 1
    outer loop
      vertex 84.15 19.4311 6.4
      vertex 83.025 17.4825 6.4
      vertex 83.1609 17.3917 6.4
    endloop
  endfacet
  facet normal 0 0 1
    outer loop
      vertex 83.7394 19.6336 6.4
      vertex 82.8784 17.5548 6.4
      vertex 83.025 17.4825 6.4
    endloop
  endfacet
  facet normal 0 0 1
    outer loop
      vertex 82.7235 17.6074 6.4
      vertex 83.3059 19.7807 6.4
      vertex 82.8568 19.8701 6.4
    endloop
  endfacet
  facet normal 0 0 1
    outer loop
      vertex 83.3059 19.7807 6.4
      vertex 82.7235 17.6074 6.4
      vertex 82.8784 17.5548 6.4
    endloop
  endfacet
  facet normal 0 0 1
    outer loop
      vertex 82.8568 19.8701 6.4
      vertex 82.5632 17.6393 6.4
      vertex 82.7235 17.6074 6.4
    endloop
  endfacet
  facet normal 0 0 1
    outer loop
      vertex 82.4 19.9 6.4
      vertex 82.5632 17.6393 6.4
      vertex 82.8568 19.8701 6.4
    endloop
  endfacet
  facet normal 0 0 1
    outer loop
      vertex 82.4 19.9 6.4
      vertex 82.4 17.65 6.4
      vertex 82.5632 17.6393 6.4
    endloop
  endfacet
  facet normal 0 0 1
    outer loop
      vertex 82.4 19.9 6.4
      vertex 82.2368 17.6393 6.4
      vertex 82.4 17.65 6.4
    endloop
  endfacet
  facet normal -0 0 1
    outer loop
      vertex 81.9432 19.8701 6.4
      vertex 82.2368 17.6393 6.4
      vertex 82.4 19.9 6.4
    endloop
  endfacet
  facet normal 0 0 1
    outer loop
      vertex 82.2368 17.6393 6.4
      vertex 81.9432 19.8701 6.4
      vertex 82.0765 17.6074 6.4
    endloop
  endfacet
  facet normal -0 0 1
    outer loop
      vertex 81.4941 19.7807 6.4
      vertex 82.0765 17.6074 6.4
      vertex 81.9432 19.8701 6.4
    endloop
  endfacet
  facet normal 0 0 1
    outer loop
      vertex 82.0765 17.6074 6.4
      vertex 81.4941 19.7807 6.4
      vertex 81.9216 17.5548 6.4
    endloop
  endfacet
  facet normal -0 0 1
    outer loop
      vertex 81.0606 19.6336 6.4
      vertex 81.9216 17.5548 6.4
      vertex 81.4941 19.7807 6.4
    endloop
  endfacet
  facet normal 0 0 1
    outer loop
      vertex 81.9216 17.5548 6.4
      vertex 81.0606 19.6336 6.4
      vertex 81.775 17.4825 6.4
    endloop
  endfacet
  facet normal -0 0 1
    outer loop
      vertex 80.65 19.4311 6.4
      vertex 81.775 17.4825 6.4
      vertex 81.0606 19.6336 6.4
    endloop
  endfacet
  facet normal 0 0 1
    outer loop
      vertex 81.775 17.4825 6.4
      vertex 80.65 19.4311 6.4
      vertex 81.639 17.3917 6.4
    endloop
  endfacet
  facet normal -0 0 1
    outer loop
      vertex 80.2693 19.1767 6.4
      vertex 81.639 17.3917 6.4
      vertex 80.65 19.4311 6.4
    endloop
  endfacet
  facet normal 0 0 1
    outer loop
      vertex 81.639 17.3917 6.4
      vertex 80.2693 19.1767 6.4
      vertex 81.5161 17.2839 6.4
    endloop
  endfacet
  facet normal -0 0 1
    outer loop
      vertex 79.9251 18.8749 6.4
      vertex 81.5161 17.2839 6.4
      vertex 80.2693 19.1767 6.4
    endloop
  endfacet
  facet normal 0 0 1
    outer loop
      vertex 81.5161 17.2839 6.4
      vertex 79.9251 18.8749 6.4
      vertex 81.4083 17.161 6.4
    endloop
  endfacet
  facet normal 0 0 1
    outer loop
      vertex 81.4083 17.161 6.4
      vertex 79.6233 18.5307 6.4
      vertex 81.3175 17.025 6.4
    endloop
  endfacet
  facet normal -0 0 1
    outer loop
      vertex 79.6233 18.5307 6.4
      vertex 81.4083 17.161 6.4
      vertex 79.9251 18.8749 6.4
    endloop
  endfacet
  facet normal -0 0 1
    outer loop
      vertex 83.3917 15.639 6.4
      vertex 85.1767 14.2693 6.4
      vertex 83.4825 15.775 6.4
    endloop
  endfacet
  facet normal 0 0 1
    outer loop
      vertex 85.1767 14.2693 6.4
      vertex 83.3917 15.639 6.4
      vertex 84.8749 13.9251 6.4
    endloop
  endfacet
  facet normal -0 0 1
    outer loop
      vertex 83.2839 15.5161 6.4
      vertex 84.8749 13.9251 6.4
      vertex 83.3917 15.639 6.4
    endloop
  endfacet
  facet normal 0 0 1
    outer loop
      vertex 84.8749 13.9251 6.4
      vertex 83.2839 15.5161 6.4
      vertex 84.5307 13.6233 6.4
    endloop
  endfacet
  facet normal -0 0 1
    outer loop
      vertex 83.1609 15.4083 6.4
      vertex 84.5307 13.6233 6.4
      vertex 83.2839 15.5161 6.4
    endloop
  endfacet
  facet normal 0 0 1
    outer loop
      vertex 84.5307 13.6233 6.4
      vertex 83.1609 15.4083 6.4
      vertex 84.15 13.3689 6.4
    endloop
  endfacet
  facet normal -0 0 1
    outer loop
      vertex 83.025 15.3175 6.4
      vertex 84.15 13.3689 6.4
      vertex 83.1609 15.4083 6.4
    endloop
  endfacet
  facet normal 0 0 1
    outer loop
      vertex 84.15 13.3689 6.4
      vertex 83.025 15.3175 6.4
      vertex 83.7394 13.1664 6.4
    endloop
  endfacet
  facet normal -0 0 1
    outer loop
      vertex 82.8784 15.2452 6.4
      vertex 83.7394 13.1664 6.4
      vertex 83.025 15.3175 6.4
    endloop
  endfacet
  facet normal 0 0 1
    outer loop
      vertex 83.7394 13.1664 6.4
      vertex 82.8784 15.2452 6.4
      vertex 83.3059 13.0193 6.4
    endloop
  endfacet
  facet normal -0 0 1
    outer loop
      vertex 82.7235 15.1926 6.4
      vertex 83.3059 13.0193 6.4
      vertex 82.8784 15.2452 6.4
    endloop
  endfacet
  facet normal 0 0 1
    outer loop
      vertex 83.3059 13.0193 6.4
      vertex 82.7235 15.1926 6.4
      vertex 82.8568 12.9299 6.4
    endloop
  endfacet
  facet normal -0 0 1
    outer loop
      vertex 82.5632 15.1607 6.4
      vertex 82.8568 12.9299 6.4
      vertex 82.7235 15.1926 6.4
    endloop
  endfacet
  facet normal -0 0 1
    outer loop
      vertex 82.4 15.15 6.4
      vertex 82.8568 12.9299 6.4
      vertex 82.5632 15.1607 6.4
    endloop
  endfacet
  facet normal 0 0 1
    outer loop
      vertex 82.4 15.15 6.4
      vertex 82.4 12.9 6.4
      vertex 82.8568 12.9299 6.4
    endloop
  endfacet
  facet normal 0 0 1
    outer loop
      vertex 82.2368 15.1607 6.4
      vertex 82.4 12.9 6.4
      vertex 82.4 15.15 6.4
    endloop
  endfacet
  facet normal 0 0 1
    outer loop
      vertex 81.9432 12.9299 6.4
      vertex 82.2368 15.1607 6.4
      vertex 82.0765 15.1926 6.4
    endloop
  endfacet
  facet normal 0 0 1
    outer loop
      vertex 82.2368 15.1607 6.4
      vertex 81.9432 12.9299 6.4
      vertex 82.4 12.9 6.4
    endloop
  endfacet
  facet normal 0 0 1
    outer loop
      vertex 81.4941 13.0193 6.4
      vertex 82.0765 15.1926 6.4
      vertex 81.9216 15.2452 6.4
    endloop
  endfacet
  facet normal 0 0 1
    outer loop
      vertex 81.0606 13.1664 6.4
      vertex 81.9216 15.2452 6.4
      vertex 81.775 15.3175 6.4
    endloop
  endfacet
  facet normal 0 0 1
    outer loop
      vertex 80.65 13.3689 6.4
      vertex 81.775 15.3175 6.4
      vertex 81.639 15.4083 6.4
    endloop
  endfacet
  facet normal 0 0 1
    outer loop
      vertex 80.2693 13.6233 6.4
      vertex 81.639 15.4083 6.4
      vertex 81.5161 15.5161 6.4
    endloop
  endfacet
  facet normal 0 0 1
    outer loop
      vertex 82.0765 15.1926 6.4
      vertex 81.4941 13.0193 6.4
      vertex 81.9432 12.9299 6.4
    endloop
  endfacet
  facet normal 0 0 1
    outer loop
      vertex 79.9251 13.9251 6.4
      vertex 81.5161 15.5161 6.4
      vertex 81.4083 15.639 6.4
    endloop
  endfacet
  facet normal 0 0 1
    outer loop
      vertex 79.6233 14.2693 6.4
      vertex 81.4083 15.639 6.4
      vertex 81.3175 15.775 6.4
    endloop
  endfacet
  facet normal 0 0 1
    outer loop
      vertex 79.3689 14.65 6.4
      vertex 81.3175 15.775 6.4
      vertex 81.2451 15.9216 6.4
    endloop
  endfacet
  facet normal 0 0 1
    outer loop
      vertex 79.1664 15.0606 6.4
      vertex 81.2451 15.9216 6.4
      vertex 81.1926 16.0765 6.4
    endloop
  endfacet
  facet normal 0 0 1
    outer loop
      vertex 79.0193 15.4941 6.4
      vertex 81.1926 16.0765 6.4
      vertex 81.1607 16.2368 6.4
    endloop
  endfacet
  facet normal 0 0 1
    outer loop
      vertex 81.9216 15.2452 6.4
      vertex 81.0606 13.1664 6.4
      vertex 81.4941 13.0193 6.4
    endloop
  endfacet
  facet normal 0 0 1
    outer loop
      vertex 78.9299 15.9432 6.4
      vertex 81.1607 16.2368 6.4
      vertex 81.15 16.4 6.4
    endloop
  endfacet
  facet normal -0 0 1
    outer loop
      vertex 79.3689 18.15 6.4
      vertex 81.3175 17.025 6.4
      vertex 79.6233 18.5307 6.4
    endloop
  endfacet
  facet normal 0 0 1
    outer loop
      vertex 81.3175 17.025 6.4
      vertex 79.3689 18.15 6.4
      vertex 81.2451 16.8784 6.4
    endloop
  endfacet
  facet normal 0 0 1
    outer loop
      vertex 81.775 15.3175 6.4
      vertex 80.65 13.3689 6.4
      vertex 81.0606 13.1664 6.4
    endloop
  endfacet
  facet normal -0 0 1
    outer loop
      vertex 79.1664 17.7394 6.4
      vertex 81.2451 16.8784 6.4
      vertex 79.3689 18.15 6.4
    endloop
  endfacet
  facet normal 0 0 1
    outer loop
      vertex 81.639 15.4083 6.4
      vertex 80.2693 13.6233 6.4
      vertex 80.65 13.3689 6.4
    endloop
  endfacet
  facet normal 0 0 1
    outer loop
      vertex 81.2451 16.8784 6.4
      vertex 79.1664 17.7394 6.4
      vertex 81.1926 16.7235 6.4
    endloop
  endfacet
  facet normal 0 0 1
    outer loop
      vertex 81.5161 15.5161 6.4
      vertex 79.9251 13.9251 6.4
      vertex 80.2693 13.6233 6.4
    endloop
  endfacet
  facet normal -0 0 1
    outer loop
      vertex 79.0193 17.3059 6.4
      vertex 81.1926 16.7235 6.4
      vertex 79.1664 17.7394 6.4
    endloop
  endfacet
  facet normal 0 0 1
    outer loop
      vertex 81.4083 15.639 6.4
      vertex 79.6233 14.2693 6.4
      vertex 79.9251 13.9251 6.4
    endloop
  endfacet
  facet normal 0 0 1
    outer loop
      vertex 81.1926 16.7235 6.4
      vertex 79.0193 17.3059 6.4
      vertex 81.1607 16.5632 6.4
    endloop
  endfacet
  facet normal 0 0 1
    outer loop
      vertex 81.3175 15.775 6.4
      vertex 79.3689 14.65 6.4
      vertex 79.6233 14.2693 6.4
    endloop
  endfacet
  facet normal -0 0 1
    outer loop
      vertex 78.9299 16.8568 6.4
      vertex 81.1607 16.5632 6.4
      vertex 79.0193 17.3059 6.4
    endloop
  endfacet
  facet normal 0 0 1
    outer loop
      vertex 81.2451 15.9216 6.4
      vertex 79.1664 15.0606 6.4
      vertex 79.3689 14.65 6.4
    endloop
  endfacet
  facet normal 0 0 1
    outer loop
      vertex 81.1607 16.5632 6.4
      vertex 78.9299 16.8568 6.4
      vertex 81.15 16.4 6.4
    endloop
  endfacet
  facet normal 0 0 1
    outer loop
      vertex 81.1926 16.0765 6.4
      vertex 79.0193 15.4941 6.4
      vertex 79.1664 15.0606 6.4
    endloop
  endfacet
  facet normal 0 0 1
    outer loop
      vertex 78.9 16.4 6.4
      vertex 81.15 16.4 6.4
      vertex 78.9299 16.8568 6.4
    endloop
  endfacet
  facet normal 0 0 1
    outer loop
      vertex 81.1607 16.2368 6.4
      vertex 78.9299 15.9432 6.4
      vertex 79.0193 15.4941 6.4
    endloop
  endfacet
  facet normal 0 0 1
    outer loop
      vertex 81.15 16.4 6.4
      vertex 78.9 16.4 6.4
      vertex 78.9299 15.9432 6.4
    endloop
  endfacet
  facet normal -0.980757 0.195234 0
    outer loop
      vertex 78.9299 16.8568 2.4
      vertex 79.0193 17.3059 6.4
      vertex 79.0193 17.3059 2.4
    endloop
  endfacet
  facet normal -0.980757 0.195234 0
    outer loop
      vertex 79.0193 17.3059 6.4
      vertex 78.9299 16.8568 2.4
      vertex 78.9299 16.8568 6.4
    endloop
  endfacet
  facet normal 0.946966 -0.321335 0
    outer loop
      vertex 85.6336 15.0606 6.4
      vertex 85.7807 15.4941 2.4
      vertex 85.7807 15.4941 6.4
    endloop
  endfacet
  facet normal 0.946966 -0.321335 0
    outer loop
      vertex 85.7807 15.4941 2.4
      vertex 85.6336 15.0606 6.4
      vertex 85.6336 15.0606 2.4
    endloop
  endfacet
  facet normal 0.7519 -0.659278 0
    outer loop
      vertex 84.8749 13.9251 6.4
      vertex 85.1767 14.2693 2.4
      vertex 85.1767 14.2693 6.4
    endloop
  endfacet
  facet normal 0.7519 -0.659278 0
    outer loop
      vertex 85.1767 14.2693 2.4
      vertex 84.8749 13.9251 6.4
      vertex 84.8749 13.9251 2.4
    endloop
  endfacet
  facet normal -0.555607 -0.831445 0
    outer loop
      vertex 80.2693 13.6233 2.4
      vertex 80.65 13.3689 6.4
      vertex 80.2693 13.6233 6.4
    endloop
  endfacet
  facet normal -0.555607 -0.831445 -0
    outer loop
      vertex 80.65 13.3689 6.4
      vertex 80.2693 13.6233 2.4
      vertex 80.65 13.3689 2.4
    endloop
  endfacet
  facet normal -0.65911 -0.752046 0
    outer loop
      vertex 83.1609 17.3917 3.4
      vertex 83.2839 17.2839 6.4
      vertex 83.1609 17.3917 6.4
    endloop
  endfacet
  facet normal -0.65911 -0.752046 -0
    outer loop
      vertex 83.2839 17.2839 6.4
      vertex 83.1609 17.3917 3.4
      vertex 83.2839 17.2839 3.4
    endloop
  endfacet
  facet normal 0.947082 -0.320993 0
    outer loop
      vertex 81.1926 16.7235 6.4
      vertex 81.2451 16.8784 3.4
      vertex 81.2451 16.8784 6.4
    endloop
  endfacet
  facet normal 0.947082 -0.320993 0
    outer loop
      vertex 81.2451 16.8784 3.4
      vertex 81.1926 16.7235 6.4
      vertex 81.1926 16.7235 3.4
    endloop
  endfacet
  facet normal -0.997858 0.0654233 0
    outer loop
      vertex 83.6393 16.2368 3.4
      vertex 83.65 16.4 6.4
      vertex 83.65 16.4 3.4
    endloop
  endfacet
  facet normal -0.997858 0.0654233 0
    outer loop
      vertex 83.65 16.4 6.4
      vertex 83.6393 16.2368 3.4
      vertex 83.6393 16.2368 6.4
    endloop
  endfacet
  facet normal 0.321541 0.946896 -0
    outer loop
      vertex 82.0765 15.1926 3.4
      vertex 81.9216 15.2452 6.4
      vertex 82.0765 15.1926 6.4
    endloop
  endfacet
  facet normal 0.321541 0.946896 0
    outer loop
      vertex 81.9216 15.2452 6.4
      vertex 82.0765 15.1926 3.4
      vertex 81.9216 15.2452 3.4
    endloop
  endfacet
  facet normal -0.555547 -0.831485 0
    outer loop
      vertex 83.025 17.4825 3.4
      vertex 83.1609 17.3917 6.4
      vertex 83.025 17.4825 6.4
    endloop
  endfacet
  facet normal -0.555547 -0.831485 -0
    outer loop
      vertex 83.1609 17.3917 6.4
      vertex 83.025 17.4825 3.4
      vertex 83.1609 17.3917 3.4
    endloop
  endfacet
  facet normal 0.321541 -0.946896 0
    outer loop
      vertex 81.9216 17.5548 3.4
      vertex 82.0765 17.6074 6.4
      vertex 81.9216 17.5548 6.4
    endloop
  endfacet
  facet normal 0.321541 -0.946896 0
    outer loop
      vertex 82.0765 17.6074 6.4
      vertex 81.9216 17.5548 3.4
      vertex 82.0765 17.6074 3.4
    endloop
  endfacet
  facet normal 0.896618 -0.442805 0
    outer loop
      vertex 81.2451 16.8784 6.4
      vertex 81.3175 17.025 3.4
      vertex 81.3175 17.025 6.4
    endloop
  endfacet
  facet normal 0.896618 -0.442805 0
    outer loop
      vertex 81.3175 17.025 3.4
      vertex 81.2451 16.8784 6.4
      vertex 81.2451 16.8784 3.4
    endloop
  endfacet
  facet normal 0.896618 0.442805 0
    outer loop
      vertex 81.3175 15.775 6.4
      vertex 81.2451 15.9216 3.4
      vertex 81.2451 15.9216 6.4
    endloop
  endfacet
  facet normal 0.896618 0.442805 0
    outer loop
      vertex 81.2451 15.9216 3.4
      vertex 81.3175 15.775 6.4
      vertex 81.3175 15.775 3.4
    endloop
  endfacet
  facet normal -0.946896 -0.321541 0
    outer loop
      vertex 83.6074 16.7235 3.4
      vertex 83.5548 16.8784 6.4
      vertex 83.5548 16.8784 3.4
    endloop
  endfacet
  facet normal -0.946896 -0.321541 0
    outer loop
      vertex 83.5548 16.8784 6.4
      vertex 83.6074 16.7235 3.4
      vertex 83.6074 16.7235 6.4
    endloop
  endfacet
  facet normal -0.896861 -0.442313 0
    outer loop
      vertex 83.5548 16.8784 3.4
      vertex 83.4825 17.025 6.4
      vertex 83.4825 17.025 3.4
    endloop
  endfacet
  facet normal -0.896861 -0.442313 0
    outer loop
      vertex 83.4825 17.025 6.4
      vertex 83.5548 16.8784 3.4
      vertex 83.5548 16.8784 6.4
    endloop
  endfacet
  facet normal -0.831674 -0.555265 0
    outer loop
      vertex 83.4825 17.025 3.4
      vertex 83.3917 17.161 6.4
      vertex 83.3917 17.161 3.4
    endloop
  endfacet
  facet normal -0.831674 -0.555265 0
    outer loop
      vertex 83.3917 17.161 6.4
      vertex 83.4825 17.025 3.4
      vertex 83.4825 17.025 6.4
    endloop
  endfacet
  facet normal -0.442313 -0.896861 0
    outer loop
      vertex 82.8784 17.5548 3.4
      vertex 83.025 17.4825 6.4
      vertex 82.8784 17.5548 6.4
    endloop
  endfacet
  facet normal -0.442313 -0.896861 -0
    outer loop
      vertex 83.025 17.4825 6.4
      vertex 82.8784 17.5548 3.4
      vertex 83.025 17.4825 3.4
    endloop
  endfacet
  facet normal -0.321541 -0.946896 0
    outer loop
      vertex 82.7235 17.6074 3.4
      vertex 82.8784 17.5548 6.4
      vertex 82.7235 17.6074 6.4
    endloop
  endfacet
  facet normal -0.321541 -0.946896 -0
    outer loop
      vertex 82.8784 17.5548 6.4
      vertex 82.7235 17.6074 3.4
      vertex 82.8784 17.5548 3.4
    endloop
  endfacet
  facet normal 0.75178 -0.659414 0
    outer loop
      vertex 81.4083 17.161 6.4
      vertex 81.5161 17.2839 3.4
      vertex 81.5161 17.2839 6.4
    endloop
  endfacet
  facet normal 0.75178 -0.659414 0
    outer loop
      vertex 81.5161 17.2839 3.4
      vertex 81.4083 17.161 6.4
      vertex 81.4083 17.161 3.4
    endloop
  endfacet
  facet normal 0.442313 -0.896861 0
    outer loop
      vertex 81.775 17.4825 3.4
      vertex 81.9216 17.5548 6.4
      vertex 81.775 17.4825 6.4
    endloop
  endfacet
  facet normal 0.442313 -0.896861 0
    outer loop
      vertex 81.9216 17.5548 6.4
      vertex 81.775 17.4825 3.4
      vertex 81.9216 17.5548 3.4
    endloop
  endfacet
  facet normal 0.555265 -0.831674 0
    outer loop
      vertex 81.639 17.3917 3.4
      vertex 81.775 17.4825 6.4
      vertex 81.639 17.3917 6.4
    endloop
  endfacet
  facet normal 0.555265 -0.831674 0
    outer loop
      vertex 81.775 17.4825 6.4
      vertex 81.639 17.3917 3.4
      vertex 81.775 17.4825 3.4
    endloop
  endfacet
  facet normal -0.997858 -0.0654233 0
    outer loop
      vertex 83.65 16.4 3.4
      vertex 83.6393 16.5632 6.4
      vertex 83.6393 16.5632 3.4
    endloop
  endfacet
  facet normal -0.997858 -0.0654233 0
    outer loop
      vertex 83.6393 16.5632 6.4
      vertex 83.65 16.4 3.4
      vertex 83.65 16.4 6.4
    endloop
  endfacet
  facet normal -0.321541 0.946896 0
    outer loop
      vertex 82.8784 15.2452 3.4
      vertex 82.7235 15.1926 6.4
      vertex 82.8784 15.2452 6.4
    endloop
  endfacet
  facet normal -0.321541 0.946896 0
    outer loop
      vertex 82.7235 15.1926 6.4
      vertex 82.8784 15.2452 3.4
      vertex 82.7235 15.1926 3.4
    endloop
  endfacet
  facet normal -0.75178 0.659414 0
    outer loop
      vertex 83.2839 15.5161 3.4
      vertex 83.3917 15.639 6.4
      vertex 83.3917 15.639 3.4
    endloop
  endfacet
  facet normal -0.75178 0.659414 0
    outer loop
      vertex 83.3917 15.639 6.4
      vertex 83.2839 15.5161 3.4
      vertex 83.2839 15.5161 6.4
    endloop
  endfacet
  facet normal -0.65911 0.752046 0
    outer loop
      vertex 83.2839 15.5161 3.4
      vertex 83.1609 15.4083 6.4
      vertex 83.2839 15.5161 6.4
    endloop
  endfacet
  facet normal -0.65911 0.752046 0
    outer loop
      vertex 83.1609 15.4083 6.4
      vertex 83.2839 15.5161 3.4
      vertex 83.1609 15.4083 3.4
    endloop
  endfacet
  facet normal -0.442313 0.896861 0
    outer loop
      vertex 83.025 15.3175 3.4
      vertex 82.8784 15.2452 6.4
      vertex 83.025 15.3175 6.4
    endloop
  endfacet
  facet normal -0.442313 0.896861 0
    outer loop
      vertex 82.8784 15.2452 6.4
      vertex 83.025 15.3175 3.4
      vertex 82.8784 15.2452 3.4
    endloop
  endfacet
  facet normal 0.0654233 0.997858 -0
    outer loop
      vertex 82.4 15.15 3.4
      vertex 82.2368 15.1607 6.4
      vertex 82.4 15.15 6.4
    endloop
  endfacet
  facet normal 0.0654233 0.997858 0
    outer loop
      vertex 82.2368 15.1607 6.4
      vertex 82.4 15.15 3.4
      vertex 82.2368 15.1607 3.4
    endloop
  endfacet
  facet normal 0.442313 0.896861 -0
    outer loop
      vertex 81.9216 15.2452 3.4
      vertex 81.775 15.3175 6.4
      vertex 81.9216 15.2452 6.4
    endloop
  endfacet
  facet normal 0.442313 0.896861 0
    outer loop
      vertex 81.775 15.3175 6.4
      vertex 81.9216 15.2452 3.4
      vertex 81.775 15.3175 3.4
    endloop
  endfacet
  facet normal 0.555265 0.831674 -0
    outer loop
      vertex 81.775 15.3175 3.4
      vertex 81.639 15.4083 6.4
      vertex 81.775 15.3175 6.4
    endloop
  endfacet
  facet normal 0.555265 0.831674 0
    outer loop
      vertex 81.639 15.4083 6.4
      vertex 81.775 15.3175 3.4
      vertex 81.639 15.4083 3.4
    endloop
  endfacet
  facet normal 0.980768 0.195175 0
    outer loop
      vertex 81.1926 16.0765 6.4
      vertex 81.1607 16.2368 3.4
      vertex 81.1607 16.2368 6.4
    endloop
  endfacet
  facet normal 0.980768 0.195175 0
    outer loop
      vertex 81.1607 16.2368 3.4
      vertex 81.1926 16.0765 6.4
      vertex 81.1926 16.0765 3.4
    endloop
  endfacet
  facet normal -0.980768 -0.195175 0
    outer loop
      vertex 83.6393 16.5632 3.4
      vertex 83.6074 16.7235 6.4
      vertex 83.6074 16.7235 3.4
    endloop
  endfacet
  facet normal -0.980768 -0.195175 0
    outer loop
      vertex 83.6074 16.7235 6.4
      vertex 83.6393 16.5632 3.4
      vertex 83.6393 16.5632 6.4
    endloop
  endfacet
  facet normal -0.75178 -0.659414 0
    outer loop
      vertex 83.3917 17.161 3.4
      vertex 83.2839 17.2839 6.4
      vertex 83.2839 17.2839 3.4
    endloop
  endfacet
  facet normal -0.75178 -0.659414 0
    outer loop
      vertex 83.2839 17.2839 6.4
      vertex 83.3917 17.161 3.4
      vertex 83.3917 17.161 6.4
    endloop
  endfacet
  facet normal -0.0654233 -0.997858 0
    outer loop
      vertex 82.4 17.65 3.4
      vertex 82.5632 17.6393 6.4
      vertex 82.4 17.65 6.4
    endloop
  endfacet
  facet normal -0.0654233 -0.997858 -0
    outer loop
      vertex 82.5632 17.6393 6.4
      vertex 82.4 17.65 3.4
      vertex 82.5632 17.6393 3.4
    endloop
  endfacet
  facet normal -0.195175 -0.980768 0
    outer loop
      vertex 82.5632 17.6393 3.4
      vertex 82.7235 17.6074 6.4
      vertex 82.5632 17.6393 6.4
    endloop
  endfacet
  facet normal -0.195175 -0.980768 -0
    outer loop
      vertex 82.7235 17.6074 6.4
      vertex 82.5632 17.6393 3.4
      vertex 82.7235 17.6074 3.4
    endloop
  endfacet
  facet normal 0.997858 -0.0654233 0
    outer loop
      vertex 81.15 16.4 6.4
      vertex 81.1607 16.5632 3.4
      vertex 81.1607 16.5632 6.4
    endloop
  endfacet
  facet normal 0.997858 -0.0654233 0
    outer loop
      vertex 81.1607 16.5632 3.4
      vertex 81.15 16.4 6.4
      vertex 81.15 16.4 3.4
    endloop
  endfacet
  facet normal 0.831674 -0.555265 0
    outer loop
      vertex 81.3175 17.025 6.4
      vertex 81.4083 17.161 3.4
      vertex 81.4083 17.161 6.4
    endloop
  endfacet
  facet normal 0.831674 -0.555265 0
    outer loop
      vertex 81.4083 17.161 3.4
      vertex 81.3175 17.025 6.4
      vertex 81.3175 17.025 3.4
    endloop
  endfacet
  facet normal 0.0654233 -0.997858 0
    outer loop
      vertex 82.2368 17.6393 3.4
      vertex 82.4 17.65 6.4
      vertex 82.2368 17.6393 6.4
    endloop
  endfacet
  facet normal 0.0654233 -0.997858 0
    outer loop
      vertex 82.4 17.65 6.4
      vertex 82.2368 17.6393 3.4
      vertex 82.4 17.65 3.4
    endloop
  endfacet
  facet normal 0.195175 -0.980768 0
    outer loop
      vertex 82.0765 17.6074 3.4
      vertex 82.2368 17.6393 6.4
      vertex 82.0765 17.6074 6.4
    endloop
  endfacet
  facet normal 0.195175 -0.980768 0
    outer loop
      vertex 82.2368 17.6393 6.4
      vertex 82.0765 17.6074 3.4
      vertex 82.2368 17.6393 3.4
    endloop
  endfacet
  facet normal 0.659414 -0.75178 0
    outer loop
      vertex 81.5161 17.2839 3.4
      vertex 81.639 17.3917 6.4
      vertex 81.5161 17.2839 6.4
    endloop
  endfacet
  facet normal 0.659414 -0.75178 0
    outer loop
      vertex 81.639 17.3917 6.4
      vertex 81.5161 17.2839 3.4
      vertex 81.639 17.3917 3.4
    endloop
  endfacet
  facet normal -0.0654233 0.997858 0
    outer loop
      vertex 82.5632 15.1607 3.4
      vertex 82.4 15.15 6.4
      vertex 82.5632 15.1607 6.4
    endloop
  endfacet
  facet normal -0.0654233 0.997858 0
    outer loop
      vertex 82.4 15.15 6.4
      vertex 82.5632 15.1607 3.4
      vertex 82.4 15.15 3.4
    endloop
  endfacet
  facet normal -0.980768 0.195175 0
    outer loop
      vertex 83.6074 16.0765 3.4
      vertex 83.6393 16.2368 6.4
      vertex 83.6393 16.2368 3.4
    endloop
  endfacet
  facet normal -0.980768 0.195175 0
    outer loop
      vertex 83.6393 16.2368 6.4
      vertex 83.6074 16.0765 3.4
      vertex 83.6074 16.0765 6.4
    endloop
  endfacet
  facet normal -0.195175 0.980768 0
    outer loop
      vertex 82.7235 15.1926 3.4
      vertex 82.5632 15.1607 6.4
      vertex 82.7235 15.1926 6.4
    endloop
  endfacet
  facet normal -0.195175 0.980768 0
    outer loop
      vertex 82.5632 15.1607 6.4
      vertex 82.7235 15.1926 3.4
      vertex 82.5632 15.1607 3.4
    endloop
  endfacet
  facet normal -0.555547 0.831485 0
    outer loop
      vertex 83.1609 15.4083 3.4
      vertex 83.025 15.3175 6.4
      vertex 83.1609 15.4083 6.4
    endloop
  endfacet
  facet normal -0.555547 0.831485 0
    outer loop
      vertex 83.025 15.3175 6.4
      vertex 83.1609 15.4083 3.4
      vertex 83.025 15.3175 3.4
    endloop
  endfacet
  facet normal 0.195175 0.980768 -0
    outer loop
      vertex 82.2368 15.1607 3.4
      vertex 82.0765 15.1926 6.4
      vertex 82.2368 15.1607 6.4
    endloop
  endfacet
  facet normal 0.195175 0.980768 0
    outer loop
      vertex 82.0765 15.1926 6.4
      vertex 82.2368 15.1607 3.4
      vertex 82.0765 15.1926 3.4
    endloop
  endfacet
  facet normal 0.659414 0.75178 -0
    outer loop
      vertex 81.639 15.4083 3.4
      vertex 81.5161 15.5161 6.4
      vertex 81.639 15.4083 6.4
    endloop
  endfacet
  facet normal 0.659414 0.75178 0
    outer loop
      vertex 81.5161 15.5161 6.4
      vertex 81.639 15.4083 3.4
      vertex 81.5161 15.5161 3.4
    endloop
  endfacet
  facet normal 0.947082 0.320993 0
    outer loop
      vertex 81.2451 15.9216 6.4
      vertex 81.1926 16.0765 3.4
      vertex 81.1926 16.0765 6.4
    endloop
  endfacet
  facet normal 0.947082 0.320993 0
    outer loop
      vertex 81.1926 16.0765 3.4
      vertex 81.2451 15.9216 6.4
      vertex 81.2451 15.9216 3.4
    endloop
  endfacet
  facet normal 0.997858 0.0654233 0
    outer loop
      vertex 81.1607 16.2368 6.4
      vertex 81.15 16.4 3.4
      vertex 81.15 16.4 6.4
    endloop
  endfacet
  facet normal 0.997858 0.0654233 0
    outer loop
      vertex 81.15 16.4 3.4
      vertex 81.1607 16.2368 6.4
      vertex 81.1607 16.2368 3.4
    endloop
  endfacet
  facet normal 0 0 1
    outer loop
      vertex 83.6393 16.5632 3.4
      vertex 83.6393 16.2368 3.4
      vertex 83.65 16.4 3.4
    endloop
  endfacet
  facet normal 0 0 1
    outer loop
      vertex 83.6074 16.7235 3.4
      vertex 83.6393 16.2368 3.4
      vertex 83.6393 16.5632 3.4
    endloop
  endfacet
  facet normal 0 0 1
    outer loop
      vertex 83.6074 16.7235 3.4
      vertex 83.6074 16.0765 3.4
      vertex 83.6393 16.2368 3.4
    endloop
  endfacet
  facet normal 0 0 1
    outer loop
      vertex 83.5548 16.8784 3.4
      vertex 83.6074 16.0765 3.4
      vertex 83.6074 16.7235 3.4
    endloop
  endfacet
  facet normal 0 0 1
    outer loop
      vertex 83.5548 16.8784 3.4
      vertex 83.5548 15.9216 3.4
      vertex 83.6074 16.0765 3.4
    endloop
  endfacet
  facet normal 0 0 1
    outer loop
      vertex 83.4825 17.025 3.4
      vertex 83.5548 15.9216 3.4
      vertex 83.5548 16.8784 3.4
    endloop
  endfacet
  facet normal 0 0 1
    outer loop
      vertex 83.4825 17.025 3.4
      vertex 83.4825 15.775 3.4
      vertex 83.5548 15.9216 3.4
    endloop
  endfacet
  facet normal 0 0 1
    outer loop
      vertex 83.3917 17.161 3.4
      vertex 83.4825 15.775 3.4
      vertex 83.4825 17.025 3.4
    endloop
  endfacet
  facet normal 0 0 1
    outer loop
      vertex 83.3917 17.161 3.4
      vertex 83.3917 15.639 3.4
      vertex 83.4825 15.775 3.4
    endloop
  endfacet
  facet normal 0 0 1
    outer loop
      vertex 83.2839 17.2839 3.4
      vertex 83.3917 15.639 3.4
      vertex 83.3917 17.161 3.4
    endloop
  endfacet
  facet normal 0 0 1
    outer loop
      vertex 83.2839 17.2839 3.4
      vertex 83.2839 15.5161 3.4
      vertex 83.3917 15.639 3.4
    endloop
  endfacet
  facet normal 0 0 1
    outer loop
      vertex 83.1609 17.3917 3.4
      vertex 83.2839 15.5161 3.4
      vertex 83.2839 17.2839 3.4
    endloop
  endfacet
  facet normal 0 0 1
    outer loop
      vertex 83.1609 17.3917 3.4
      vertex 83.1609 15.4083 3.4
      vertex 83.2839 15.5161 3.4
    endloop
  endfacet
  facet normal 0 0 1
    outer loop
      vertex 83.025 17.4825 3.4
      vertex 83.1609 15.4083 3.4
      vertex 83.1609 17.3917 3.4
    endloop
  endfacet
  facet normal 0 0 1
    outer loop
      vertex 83.025 17.4825 3.4
      vertex 83.025 15.3175 3.4
      vertex 83.1609 15.4083 3.4
    endloop
  endfacet
  facet normal 0 0 1
    outer loop
      vertex 82.8784 17.5548 3.4
      vertex 83.025 15.3175 3.4
      vertex 83.025 17.4825 3.4
    endloop
  endfacet
  facet normal 0 0 1
    outer loop
      vertex 82.8784 17.5548 3.4
      vertex 82.8784 15.2452 3.4
      vertex 83.025 15.3175 3.4
    endloop
  endfacet
  facet normal 0 0 1
    outer loop
      vertex 82.7235 17.6074 3.4
      vertex 82.8784 15.2452 3.4
      vertex 82.8784 17.5548 3.4
    endloop
  endfacet
  facet normal 0 0 1
    outer loop
      vertex 82.7235 17.6074 3.4
      vertex 82.7235 15.1926 3.4
      vertex 82.8784 15.2452 3.4
    endloop
  endfacet
  facet normal 0 0 1
    outer loop
      vertex 82.5632 17.6393 3.4
      vertex 82.7235 15.1926 3.4
      vertex 82.7235 17.6074 3.4
    endloop
  endfacet
  facet normal 0 0 1
    outer loop
      vertex 82.5632 17.6393 3.4
      vertex 82.5632 15.1607 3.4
      vertex 82.7235 15.1926 3.4
    endloop
  endfacet
  facet normal 0 0 1
    outer loop
      vertex 82.4 17.65 3.4
      vertex 82.5632 15.1607 3.4
      vertex 82.5632 17.6393 3.4
    endloop
  endfacet
  facet normal 0 0 1
    outer loop
      vertex 82.4 17.65 3.4
      vertex 82.4 15.15 3.4
      vertex 82.5632 15.1607 3.4
    endloop
  endfacet
  facet normal -0 0 1
    outer loop
      vertex 82.2368 17.6393 3.4
      vertex 82.4 15.15 3.4
      vertex 82.4 17.65 3.4
    endloop
  endfacet
  facet normal 0 0 1
    outer loop
      vertex 82.2368 17.6393 3.4
      vertex 82.2368 15.1607 3.4
      vertex 82.4 15.15 3.4
    endloop
  endfacet
  facet normal -0 0 1
    outer loop
      vertex 82.0765 17.6074 3.4
      vertex 82.2368 15.1607 3.4
      vertex 82.2368 17.6393 3.4
    endloop
  endfacet
  facet normal 0 0 1
    outer loop
      vertex 82.0765 17.6074 3.4
      vertex 82.0765 15.1926 3.4
      vertex 82.2368 15.1607 3.4
    endloop
  endfacet
  facet normal -0 0 1
    outer loop
      vertex 81.9216 17.5548 3.4
      vertex 82.0765 15.1926 3.4
      vertex 82.0765 17.6074 3.4
    endloop
  endfacet
  facet normal 0 0 1
    outer loop
      vertex 81.9216 17.5548 3.4
      vertex 81.9216 15.2452 3.4
      vertex 82.0765 15.1926 3.4
    endloop
  endfacet
  facet normal -0 0 1
    outer loop
      vertex 81.775 17.4825 3.4
      vertex 81.9216 15.2452 3.4
      vertex 81.9216 17.5548 3.4
    endloop
  endfacet
  facet normal 0 0 1
    outer loop
      vertex 81.775 17.4825 3.4
      vertex 81.775 15.3175 3.4
      vertex 81.9216 15.2452 3.4
    endloop
  endfacet
  facet normal -0 0 1
    outer loop
      vertex 81.639 17.3917 3.4
      vertex 81.775 15.3175 3.4
      vertex 81.775 17.4825 3.4
    endloop
  endfacet
  facet normal 0 0 1
    outer loop
      vertex 81.639 17.3917 3.4
      vertex 81.639 15.4083 3.4
      vertex 81.775 15.3175 3.4
    endloop
  endfacet
  facet normal -0 0 1
    outer loop
      vertex 81.5161 17.2839 3.4
      vertex 81.639 15.4083 3.4
      vertex 81.639 17.3917 3.4
    endloop
  endfacet
  facet normal 0 0 1
    outer loop
      vertex 81.5161 17.2839 3.4
      vertex 81.5161 15.5161 3.4
      vertex 81.639 15.4083 3.4
    endloop
  endfacet
  facet normal -0 0 1
    outer loop
      vertex 81.4083 17.161 3.4
      vertex 81.5161 15.5161 3.4
      vertex 81.5161 17.2839 3.4
    endloop
  endfacet
  facet normal 0 0 1
    outer loop
      vertex 81.4083 17.161 3.4
      vertex 81.4083 15.639 3.4
      vertex 81.5161 15.5161 3.4
    endloop
  endfacet
  facet normal -0 0 1
    outer loop
      vertex 81.3175 17.025 3.4
      vertex 81.4083 15.639 3.4
      vertex 81.4083 17.161 3.4
    endloop
  endfacet
  facet normal 0 0 1
    outer loop
      vertex 81.3175 17.025 3.4
      vertex 81.3175 15.775 3.4
      vertex 81.4083 15.639 3.4
    endloop
  endfacet
  facet normal -0 0 1
    outer loop
      vertex 81.2451 16.8784 3.4
      vertex 81.3175 15.775 3.4
      vertex 81.3175 17.025 3.4
    endloop
  endfacet
  facet normal 0 0 1
    outer loop
      vertex 81.2451 16.8784 3.4
      vertex 81.2451 15.9216 3.4
      vertex 81.3175 15.775 3.4
    endloop
  endfacet
  facet normal -0 0 1
    outer loop
      vertex 81.1926 16.7235 3.4
      vertex 81.2451 15.9216 3.4
      vertex 81.2451 16.8784 3.4
    endloop
  endfacet
  facet normal 0 0 1
    outer loop
      vertex 81.1926 16.7235 3.4
      vertex 81.1926 16.0765 3.4
      vertex 81.2451 15.9216 3.4
    endloop
  endfacet
  facet normal -0 0 1
    outer loop
      vertex 81.1607 16.5632 3.4
      vertex 81.1926 16.0765 3.4
      vertex 81.1926 16.7235 3.4
    endloop
  endfacet
  facet normal 0 0 1
    outer loop
      vertex 81.1607 16.5632 3.4
      vertex 81.1607 16.2368 3.4
      vertex 81.1926 16.0765 3.4
    endloop
  endfacet
  facet normal 0 -0 1
    outer loop
      vertex 81.1607 16.2368 3.4
      vertex 81.1607 16.5632 3.4
      vertex 81.15 16.4 3.4
    endloop
  endfacet
  facet normal 0.831674 0.555265 0
    outer loop
      vertex 81.4083 15.639 6.4
      vertex 81.3175 15.775 3.4
      vertex 81.3175 15.775 6.4
    endloop
  endfacet
  facet normal 0.831674 0.555265 0
    outer loop
      vertex 81.3175 15.775 3.4
      vertex 81.4083 15.639 6.4
      vertex 81.4083 15.639 3.4
    endloop
  endfacet
  facet normal 0.75178 0.659414 0
    outer loop
      vertex 81.5161 15.5161 6.4
      vertex 81.4083 15.639 3.4
      vertex 81.4083 15.639 6.4
    endloop
  endfacet
  facet normal 0.75178 0.659414 0
    outer loop
      vertex 81.4083 15.639 3.4
      vertex 81.5161 15.5161 6.4
      vertex 81.5161 15.5161 3.4
    endloop
  endfacet
  facet normal 0.980768 -0.195175 0
    outer loop
      vertex 81.1607 16.5632 6.4
      vertex 81.1926 16.7235 3.4
      vertex 81.1926 16.7235 6.4
    endloop
  endfacet
  facet normal 0.980768 -0.195175 0
    outer loop
      vertex 81.1926 16.7235 3.4
      vertex 81.1607 16.5632 6.4
      vertex 81.1607 16.5632 3.4
    endloop
  endfacet
  facet normal -0.896861 0.442313 0
    outer loop
      vertex 83.4825 15.775 3.4
      vertex 83.5548 15.9216 6.4
      vertex 83.5548 15.9216 3.4
    endloop
  endfacet
  facet normal -0.896861 0.442313 0
    outer loop
      vertex 83.5548 15.9216 6.4
      vertex 83.4825 15.775 3.4
      vertex 83.4825 15.775 6.4
    endloop
  endfacet
  facet normal -0.831674 0.555265 0
    outer loop
      vertex 83.3917 15.639 3.4
      vertex 83.4825 15.775 6.4
      vertex 83.4825 15.775 3.4
    endloop
  endfacet
  facet normal -0.831674 0.555265 0
    outer loop
      vertex 83.4825 15.775 6.4
      vertex 83.3917 15.639 3.4
      vertex 83.3917 15.639 6.4
    endloop
  endfacet
  facet normal -0.946896 0.321541 0
    outer loop
      vertex 83.5548 15.9216 3.4
      vertex 83.6074 16.0765 6.4
      vertex 83.6074 16.0765 3.4
    endloop
  endfacet
  facet normal -0.946896 0.321541 0
    outer loop
      vertex 83.6074 16.0765 6.4
      vertex 83.5548 15.9216 3.4
      vertex 83.5548 15.9216 6.4
    endloop
  endfacet
  facet normal 0.659494 0.75171 -0
    outer loop
      vertex 135.875 18.8749 2.4
      vertex 135.531 19.1767 6.4
      vertex 135.875 18.8749 6.4
    endloop
  endfacet
  facet normal 0.659494 0.75171 0
    outer loop
      vertex 135.531 19.1767 6.4
      vertex 135.875 18.8749 2.4
      vertex 135.531 19.1767 2.4
    endloop
  endfacet
  facet normal -0.947032 0.321139 0
    outer loop
      vertex 130.019 17.3059 2.4
      vertex 130.166 17.7394 6.4
      vertex 130.166 17.7394 2.4
    endloop
  endfacet
  facet normal -0.947032 0.321139 0
    outer loop
      vertex 130.166 17.7394 6.4
      vertex 130.019 17.3059 2.4
      vertex 130.019 17.3059 6.4
    endloop
  endfacet
  facet normal 0.99785 -0.0655331 0
    outer loop
      vertex 136.87 15.9432 6.4
      vertex 136.9 16.4 2.4
      vertex 136.9 16.4 6.4
    endloop
  endfacet
  facet normal 0.99785 -0.0655331 0
    outer loop
      vertex 136.9 16.4 2.4
      vertex 136.87 15.9432 6.4
      vertex 136.87 15.9432 2.4
    endloop
  endfacet
  facet normal -0.321668 -0.946853 0
    outer loop
      vertex 132.061 13.1664 2.4
      vertex 132.494 13.0193 6.4
      vertex 132.061 13.1664 6.4
    endloop
  endfacet
  facet normal -0.321668 -0.946853 -0
    outer loop
      vertex 132.494 13.0193 6.4
      vertex 132.061 13.1664 2.4
      vertex 132.494 13.0193 2.4
    endloop
  endfacet
  facet normal 0.555305 0.831647 -0
    outer loop
      vertex 135.531 19.1767 2.4
      vertex 135.15 19.4311 6.4
      vertex 135.531 19.1767 6.4
    endloop
  endfacet
  facet normal 0.555305 0.831647 0
    outer loop
      vertex 135.15 19.4311 6.4
      vertex 135.531 19.1767 2.4
      vertex 135.15 19.4311 2.4
    endloop
  endfacet
  facet normal -0.321668 0.946853 0
    outer loop
      vertex 132.494 19.7807 2.4
      vertex 132.061 19.6336 6.4
      vertex 132.494 19.7807 6.4
    endloop
  endfacet
  facet normal -0.321668 0.946853 0
    outer loop
      vertex 132.061 19.6336 6.4
      vertex 132.494 19.7807 2.4
      vertex 132.061 19.6336 2.4
    endloop
  endfacet
  facet normal -0.896427 0.443192 0
    outer loop
      vertex 130.166 17.7394 2.4
      vertex 130.369 18.15 6.4
      vertex 130.369 18.15 2.4
    endloop
  endfacet
  facet normal -0.896427 0.443192 0
    outer loop
      vertex 130.369 18.15 6.4
      vertex 130.166 17.7394 2.4
      vertex 130.166 17.7394 6.4
    endloop
  endfacet
  facet normal -0.896427 -0.443192 0
    outer loop
      vertex 130.369 14.65 2.4
      vertex 130.166 15.0606 6.4
      vertex 130.166 15.0606 2.4
    endloop
  endfacet
  facet normal -0.896427 -0.443192 0
    outer loop
      vertex 130.166 15.0606 6.4
      vertex 130.369 14.65 2.4
      vertex 130.369 14.65 6.4
    endloop
  endfacet
  facet normal 0.947032 0.321139 0
    outer loop
      vertex 136.781 17.3059 6.4
      vertex 136.634 17.7394 2.4
      vertex 136.634 17.7394 6.4
    endloop
  endfacet
  facet normal 0.947032 0.321139 0
    outer loop
      vertex 136.634 17.7394 2.4
      vertex 136.781 17.3059 6.4
      vertex 136.781 17.3059 2.4
    endloop
  endfacet
  facet normal 0.831849 0.555003 0
    outer loop
      vertex 136.431 18.15 6.4
      vertex 136.177 18.5307 2.4
      vertex 136.177 18.5307 6.4
    endloop
  endfacet
  facet normal 0.831849 0.555003 0
    outer loop
      vertex 136.177 18.5307 2.4
      vertex 136.431 18.15 6.4
      vertex 136.431 18.15 2.4
    endloop
  endfacet
  facet normal 0.751683 0.659524 0
    outer loop
      vertex 136.177 18.5307 6.4
      vertex 135.875 18.8749 2.4
      vertex 135.875 18.8749 6.4
    endloop
  endfacet
  facet normal 0.751683 0.659524 0
    outer loop
      vertex 135.875 18.8749 2.4
      vertex 136.177 18.5307 6.4
      vertex 136.177 18.5307 2.4
    endloop
  endfacet
  facet normal 0.441968 0.897031 -0
    outer loop
      vertex 135.15 19.4311 2.4
      vertex 134.739 19.6336 6.4
      vertex 135.15 19.4311 6.4
    endloop
  endfacet
  facet normal 0.441968 0.897031 0
    outer loop
      vertex 134.739 19.6336 6.4
      vertex 135.15 19.4311 2.4
      vertex 134.739 19.6336 2.4
    endloop
  endfacet
  facet normal 0.321668 0.946853 -0
    outer loop
      vertex 134.739 19.6336 2.4
      vertex 134.306 19.7807 6.4
      vertex 134.739 19.6336 6.4
    endloop
  endfacet
  facet normal 0.321668 0.946853 0
    outer loop
      vertex 134.306 19.7807 6.4
      vertex 134.739 19.6336 2.4
      vertex 134.306 19.7807 2.4
    endloop
  endfacet
  facet normal -0.751683 0.659524 0
    outer loop
      vertex 130.623 18.5307 2.4
      vertex 130.925 18.8749 6.4
      vertex 130.925 18.8749 2.4
    endloop
  endfacet
  facet normal -0.751683 0.659524 0
    outer loop
      vertex 130.925 18.8749 6.4
      vertex 130.623 18.5307 2.4
      vertex 130.623 18.5307 6.4
    endloop
  endfacet
  facet normal -0.441968 0.897031 0
    outer loop
      vertex 132.061 19.6336 2.4
      vertex 131.65 19.4311 6.4
      vertex 132.061 19.6336 6.4
    endloop
  endfacet
  facet normal -0.441968 0.897031 0
    outer loop
      vertex 131.65 19.4311 6.4
      vertex 132.061 19.6336 2.4
      vertex 131.65 19.4311 2.4
    endloop
  endfacet
  facet normal -0.555305 0.831647 0
    outer loop
      vertex 131.65 19.4311 2.4
      vertex 131.269 19.1767 6.4
      vertex 131.65 19.4311 6.4
    endloop
  endfacet
  facet normal -0.555305 0.831647 0
    outer loop
      vertex 131.269 19.1767 6.4
      vertex 131.65 19.4311 2.4
      vertex 131.269 19.1767 2.4
    endloop
  endfacet
  facet normal 0.99785 0.0655331 0
    outer loop
      vertex 136.9 16.4 6.4
      vertex 136.87 16.8568 2.4
      vertex 136.87 16.8568 6.4
    endloop
  endfacet
  facet normal 0.99785 0.0655331 0
    outer loop
      vertex 136.87 16.8568 2.4
      vertex 136.9 16.4 6.4
      vertex 136.9 16.4 2.4
    endloop
  endfacet
  facet normal 0.321668 -0.946853 0
    outer loop
      vertex 134.306 13.0193 2.4
      vertex 134.739 13.1664 6.4
      vertex 134.306 13.0193 6.4
    endloop
  endfacet
  facet normal 0.321668 -0.946853 0
    outer loop
      vertex 134.739 13.1664 6.4
      vertex 134.306 13.0193 2.4
      vertex 134.739 13.1664 2.4
    endloop
  endfacet
  facet normal 0.896427 -0.443192 0
    outer loop
      vertex 136.431 14.65 6.4
      vertex 136.634 15.0606 2.4
      vertex 136.634 15.0606 6.4
    endloop
  endfacet
  facet normal 0.896427 -0.443192 0
    outer loop
      vertex 136.634 15.0606 2.4
      vertex 136.431 14.65 6.4
      vertex 136.431 14.65 2.4
    endloop
  endfacet
  facet normal 0.659494 -0.75171 0
    outer loop
      vertex 135.531 13.6233 2.4
      vertex 135.875 13.9251 6.4
      vertex 135.531 13.6233 6.4
    endloop
  endfacet
  facet normal 0.659494 -0.75171 0
    outer loop
      vertex 135.875 13.9251 6.4
      vertex 135.531 13.6233 2.4
      vertex 135.875 13.9251 2.4
    endloop
  endfacet
  facet normal 0.441968 -0.897031 0
    outer loop
      vertex 134.739 13.1664 2.4
      vertex 135.15 13.3689 6.4
      vertex 134.739 13.1664 6.4
    endloop
  endfacet
  facet normal 0.441968 -0.897031 0
    outer loop
      vertex 135.15 13.3689 6.4
      vertex 134.739 13.1664 2.4
      vertex 135.15 13.3689 2.4
    endloop
  endfacet
  facet normal -0.0652871 -0.997867 0
    outer loop
      vertex 132.943 12.9299 2.4
      vertex 133.4 12.9 6.4
      vertex 132.943 12.9299 6.4
    endloop
  endfacet
  facet normal -0.0652871 -0.997867 -0
    outer loop
      vertex 133.4 12.9 6.4
      vertex 132.943 12.9299 2.4
      vertex 133.4 12.9 2.4
    endloop
  endfacet
  facet normal -0.441968 -0.897031 0
    outer loop
      vertex 131.65 13.3689 2.4
      vertex 132.061 13.1664 6.4
      vertex 131.65 13.3689 6.4
    endloop
  endfacet
  facet normal -0.441968 -0.897031 -0
    outer loop
      vertex 132.061 13.1664 6.4
      vertex 131.65 13.3689 2.4
      vertex 132.061 13.1664 2.4
    endloop
  endfacet
  facet normal -0.980924 -0.194394 0
    outer loop
      vertex 130.019 15.4941 2.4
      vertex 129.93 15.9432 6.4
      vertex 129.93 15.9432 2.4
    endloop
  endfacet
  facet normal -0.980924 -0.194394 0
    outer loop
      vertex 129.93 15.9432 6.4
      vertex 130.019 15.4941 2.4
      vertex 130.019 15.4941 6.4
    endloop
  endfacet
  facet normal 0.980924 0.194394 0
    outer loop
      vertex 136.87 16.8568 6.4
      vertex 136.781 17.3059 2.4
      vertex 136.781 17.3059 6.4
    endloop
  endfacet
  facet normal 0.980924 0.194394 0
    outer loop
      vertex 136.781 17.3059 2.4
      vertex 136.87 16.8568 6.4
      vertex 136.87 16.8568 2.4
    endloop
  endfacet
  facet normal 0.896427 0.443192 0
    outer loop
      vertex 136.634 17.7394 6.4
      vertex 136.431 18.15 2.4
      vertex 136.431 18.15 6.4
    endloop
  endfacet
  facet normal 0.896427 0.443192 0
    outer loop
      vertex 136.431 18.15 2.4
      vertex 136.634 17.7394 6.4
      vertex 136.634 17.7394 2.4
    endloop
  endfacet
  facet normal 0.0652871 0.997867 -0
    outer loop
      vertex 133.857 19.8701 2.4
      vertex 133.4 19.9 6.4
      vertex 133.857 19.8701 6.4
    endloop
  endfacet
  facet normal 0.0652871 0.997867 0
    outer loop
      vertex 133.4 19.9 6.4
      vertex 133.857 19.8701 2.4
      vertex 133.4 19.9 2.4
    endloop
  endfacet
  facet normal -0.99785 0.0655331 0
    outer loop
      vertex 129.9 16.4 2.4
      vertex 129.93 16.8568 6.4
      vertex 129.93 16.8568 2.4
    endloop
  endfacet
  facet normal -0.99785 0.0655331 0
    outer loop
      vertex 129.93 16.8568 6.4
      vertex 129.9 16.4 2.4
      vertex 129.9 16.4 6.4
    endloop
  endfacet
  facet normal -0.831849 0.555003 0
    outer loop
      vertex 130.369 18.15 2.4
      vertex 130.623 18.5307 6.4
      vertex 130.623 18.5307 2.4
    endloop
  endfacet
  facet normal -0.831849 0.555003 0
    outer loop
      vertex 130.623 18.5307 6.4
      vertex 130.369 18.15 2.4
      vertex 130.369 18.15 6.4
    endloop
  endfacet
  facet normal -0.0652871 0.997867 0
    outer loop
      vertex 133.4 19.9 2.4
      vertex 132.943 19.8701 6.4
      vertex 133.4 19.9 6.4
    endloop
  endfacet
  facet normal -0.0652871 0.997867 0
    outer loop
      vertex 132.943 19.8701 6.4
      vertex 133.4 19.9 2.4
      vertex 132.943 19.8701 2.4
    endloop
  endfacet
  facet normal -0.195276 0.980748 0
    outer loop
      vertex 132.943 19.8701 2.4
      vertex 132.494 19.7807 6.4
      vertex 132.943 19.8701 6.4
    endloop
  endfacet
  facet normal -0.195276 0.980748 0
    outer loop
      vertex 132.494 19.7807 6.4
      vertex 132.943 19.8701 2.4
      vertex 132.494 19.7807 2.4
    endloop
  endfacet
  facet normal -0.659494 0.75171 0
    outer loop
      vertex 131.269 19.1767 2.4
      vertex 130.925 18.8749 6.4
      vertex 131.269 19.1767 6.4
    endloop
  endfacet
  facet normal -0.659494 0.75171 0
    outer loop
      vertex 130.925 18.8749 6.4
      vertex 131.269 19.1767 2.4
      vertex 130.925 18.8749 2.4
    endloop
  endfacet
  facet normal 0.0652871 -0.997867 0
    outer loop
      vertex 133.4 12.9 2.4
      vertex 133.857 12.9299 6.4
      vertex 133.4 12.9 6.4
    endloop
  endfacet
  facet normal 0.0652871 -0.997867 0
    outer loop
      vertex 133.857 12.9299 6.4
      vertex 133.4 12.9 2.4
      vertex 133.857 12.9299 2.4
    endloop
  endfacet
  facet normal 0.980924 -0.194394 0
    outer loop
      vertex 136.781 15.4941 6.4
      vertex 136.87 15.9432 2.4
      vertex 136.87 15.9432 6.4
    endloop
  endfacet
  facet normal 0.980924 -0.194394 0
    outer loop
      vertex 136.87 15.9432 2.4
      vertex 136.781 15.4941 6.4
      vertex 136.781 15.4941 2.4
    endloop
  endfacet
  facet normal 0.831849 -0.555003 0
    outer loop
      vertex 136.177 14.2693 6.4
      vertex 136.431 14.65 2.4
      vertex 136.431 14.65 6.4
    endloop
  endfacet
  facet normal 0.831849 -0.555003 0
    outer loop
      vertex 136.431 14.65 2.4
      vertex 136.177 14.2693 6.4
      vertex 136.177 14.2693 2.4
    endloop
  endfacet
  facet normal 0.195276 -0.980748 0
    outer loop
      vertex 133.857 12.9299 2.4
      vertex 134.306 13.0193 6.4
      vertex 133.857 12.9299 6.4
    endloop
  endfacet
  facet normal 0.195276 -0.980748 0
    outer loop
      vertex 134.306 13.0193 6.4
      vertex 133.857 12.9299 2.4
      vertex 134.306 13.0193 2.4
    endloop
  endfacet
  facet normal 0.555305 -0.831647 0
    outer loop
      vertex 135.15 13.3689 2.4
      vertex 135.531 13.6233 6.4
      vertex 135.15 13.3689 6.4
    endloop
  endfacet
  facet normal 0.555305 -0.831647 0
    outer loop
      vertex 135.531 13.6233 6.4
      vertex 135.15 13.3689 2.4
      vertex 135.531 13.6233 2.4
    endloop
  endfacet
  facet normal -0.195276 -0.980748 0
    outer loop
      vertex 132.494 13.0193 2.4
      vertex 132.943 12.9299 6.4
      vertex 132.494 13.0193 6.4
    endloop
  endfacet
  facet normal -0.195276 -0.980748 -0
    outer loop
      vertex 132.943 12.9299 6.4
      vertex 132.494 13.0193 2.4
      vertex 132.943 12.9299 2.4
    endloop
  endfacet
  facet normal -0.659494 -0.75171 0
    outer loop
      vertex 130.925 13.9251 2.4
      vertex 131.269 13.6233 6.4
      vertex 130.925 13.9251 6.4
    endloop
  endfacet
  facet normal -0.659494 -0.75171 -0
    outer loop
      vertex 131.269 13.6233 6.4
      vertex 130.925 13.9251 2.4
      vertex 131.269 13.6233 2.4
    endloop
  endfacet
  facet normal -0.947032 -0.321139 0
    outer loop
      vertex 130.166 15.0606 2.4
      vertex 130.019 15.4941 6.4
      vertex 130.019 15.4941 2.4
    endloop
  endfacet
  facet normal -0.947032 -0.321139 0
    outer loop
      vertex 130.019 15.4941 6.4
      vertex 130.166 15.0606 2.4
      vertex 130.166 15.0606 6.4
    endloop
  endfacet
  facet normal -0.99785 -0.0655331 0
    outer loop
      vertex 129.93 15.9432 2.4
      vertex 129.9 16.4 6.4
      vertex 129.9 16.4 2.4
    endloop
  endfacet
  facet normal -0.99785 -0.0655331 0
    outer loop
      vertex 129.9 16.4 6.4
      vertex 129.93 15.9432 2.4
      vertex 129.93 15.9432 6.4
    endloop
  endfacet
  facet normal 0 0 -1
    outer loop
      vertex 136.87 15.9432 2.4
      vertex 136.87 16.8568 2.4
      vertex 136.9 16.4 2.4
    endloop
  endfacet
  facet normal 0 0 -1
    outer loop
      vertex 136.781 15.4941 2.4
      vertex 136.87 16.8568 2.4
      vertex 136.87 15.9432 2.4
    endloop
  endfacet
  facet normal 0 0 -1
    outer loop
      vertex 136.781 15.4941 2.4
      vertex 136.781 17.3059 2.4
      vertex 136.87 16.8568 2.4
    endloop
  endfacet
  facet normal 0 0 -1
    outer loop
      vertex 136.634 15.0606 2.4
      vertex 136.781 17.3059 2.4
      vertex 136.781 15.4941 2.4
    endloop
  endfacet
  facet normal 0 0 -1
    outer loop
      vertex 136.634 15.0606 2.4
      vertex 136.634 17.7394 2.4
      vertex 136.781 17.3059 2.4
    endloop
  endfacet
  facet normal 0 0 -1
    outer loop
      vertex 136.431 14.65 2.4
      vertex 136.634 17.7394 2.4
      vertex 136.634 15.0606 2.4
    endloop
  endfacet
  facet normal 0 0 -1
    outer loop
      vertex 136.431 14.65 2.4
      vertex 136.431 18.15 2.4
      vertex 136.634 17.7394 2.4
    endloop
  endfacet
  facet normal 0 0 -1
    outer loop
      vertex 136.177 14.2693 2.4
      vertex 136.431 18.15 2.4
      vertex 136.431 14.65 2.4
    endloop
  endfacet
  facet normal 0 0 -1
    outer loop
      vertex 136.177 14.2693 2.4
      vertex 136.177 18.5307 2.4
      vertex 136.431 18.15 2.4
    endloop
  endfacet
  facet normal 0 0 -1
    outer loop
      vertex 135.875 13.9251 2.4
      vertex 136.177 18.5307 2.4
      vertex 136.177 14.2693 2.4
    endloop
  endfacet
  facet normal 0 0 -1
    outer loop
      vertex 135.875 13.9251 2.4
      vertex 135.875 18.8749 2.4
      vertex 136.177 18.5307 2.4
    endloop
  endfacet
  facet normal 0 0 -1
    outer loop
      vertex 135.531 13.6233 2.4
      vertex 135.875 18.8749 2.4
      vertex 135.875 13.9251 2.4
    endloop
  endfacet
  facet normal 0 0 -1
    outer loop
      vertex 135.531 13.6233 2.4
      vertex 135.531 19.1767 2.4
      vertex 135.875 18.8749 2.4
    endloop
  endfacet
  facet normal 0 0 -1
    outer loop
      vertex 135.15 13.3689 2.4
      vertex 135.531 19.1767 2.4
      vertex 135.531 13.6233 2.4
    endloop
  endfacet
  facet normal 0 0 -1
    outer loop
      vertex 135.15 13.3689 2.4
      vertex 135.15 19.4311 2.4
      vertex 135.531 19.1767 2.4
    endloop
  endfacet
  facet normal 0 0 -1
    outer loop
      vertex 134.739 13.1664 2.4
      vertex 135.15 19.4311 2.4
      vertex 135.15 13.3689 2.4
    endloop
  endfacet
  facet normal 0 0 -1
    outer loop
      vertex 134.739 13.1664 2.4
      vertex 134.739 19.6336 2.4
      vertex 135.15 19.4311 2.4
    endloop
  endfacet
  facet normal 0 0 -1
    outer loop
      vertex 134.306 13.0193 2.4
      vertex 134.739 19.6336 2.4
      vertex 134.739 13.1664 2.4
    endloop
  endfacet
  facet normal 0 0 -1
    outer loop
      vertex 134.306 13.0193 2.4
      vertex 134.306 19.7807 2.4
      vertex 134.739 19.6336 2.4
    endloop
  endfacet
  facet normal 0 0 -1
    outer loop
      vertex 133.857 12.9299 2.4
      vertex 134.306 19.7807 2.4
      vertex 134.306 13.0193 2.4
    endloop
  endfacet
  facet normal 0 0 -1
    outer loop
      vertex 133.857 12.9299 2.4
      vertex 133.857 19.8701 2.4
      vertex 134.306 19.7807 2.4
    endloop
  endfacet
  facet normal 0 0 -1
    outer loop
      vertex 133.4 12.9 2.4
      vertex 133.857 19.8701 2.4
      vertex 133.857 12.9299 2.4
    endloop
  endfacet
  facet normal 0 0 -1
    outer loop
      vertex 133.4 12.9 2.4
      vertex 133.4 19.9 2.4
      vertex 133.857 19.8701 2.4
    endloop
  endfacet
  facet normal 0 0 -1
    outer loop
      vertex 132.943 12.9299 2.4
      vertex 133.4 19.9 2.4
      vertex 133.4 12.9 2.4
    endloop
  endfacet
  facet normal 0 0 -1
    outer loop
      vertex 132.943 12.9299 2.4
      vertex 132.943 19.8701 2.4
      vertex 133.4 19.9 2.4
    endloop
  endfacet
  facet normal 0 0 -1
    outer loop
      vertex 132.494 13.0193 2.4
      vertex 132.943 19.8701 2.4
      vertex 132.943 12.9299 2.4
    endloop
  endfacet
  facet normal 0 0 -1
    outer loop
      vertex 132.494 13.0193 2.4
      vertex 132.494 19.7807 2.4
      vertex 132.943 19.8701 2.4
    endloop
  endfacet
  facet normal 0 0 -1
    outer loop
      vertex 132.061 13.1664 2.4
      vertex 132.494 19.7807 2.4
      vertex 132.494 13.0193 2.4
    endloop
  endfacet
  facet normal 0 0 -1
    outer loop
      vertex 132.061 13.1664 2.4
      vertex 132.061 19.6336 2.4
      vertex 132.494 19.7807 2.4
    endloop
  endfacet
  facet normal 0 0 -1
    outer loop
      vertex 131.65 13.3689 2.4
      vertex 132.061 19.6336 2.4
      vertex 132.061 13.1664 2.4
    endloop
  endfacet
  facet normal 0 0 -1
    outer loop
      vertex 131.65 13.3689 2.4
      vertex 131.65 19.4311 2.4
      vertex 132.061 19.6336 2.4
    endloop
  endfacet
  facet normal 0 0 -1
    outer loop
      vertex 131.269 13.6233 2.4
      vertex 131.65 19.4311 2.4
      vertex 131.65 13.3689 2.4
    endloop
  endfacet
  facet normal 0 0 -1
    outer loop
      vertex 131.269 13.6233 2.4
      vertex 131.269 19.1767 2.4
      vertex 131.65 19.4311 2.4
    endloop
  endfacet
  facet normal 0 0 -1
    outer loop
      vertex 130.925 13.9251 2.4
      vertex 131.269 19.1767 2.4
      vertex 131.269 13.6233 2.4
    endloop
  endfacet
  facet normal 0 0 -1
    outer loop
      vertex 130.925 13.9251 2.4
      vertex 130.925 18.8749 2.4
      vertex 131.269 19.1767 2.4
    endloop
  endfacet
  facet normal 0 0 -1
    outer loop
      vertex 130.623 14.2693 2.4
      vertex 130.925 18.8749 2.4
      vertex 130.925 13.9251 2.4
    endloop
  endfacet
  facet normal 0 0 -1
    outer loop
      vertex 130.623 14.2693 2.4
      vertex 130.623 18.5307 2.4
      vertex 130.925 18.8749 2.4
    endloop
  endfacet
  facet normal 0 0 -1
    outer loop
      vertex 130.369 14.65 2.4
      vertex 130.623 18.5307 2.4
      vertex 130.623 14.2693 2.4
    endloop
  endfacet
  facet normal 0 0 -1
    outer loop
      vertex 130.369 14.65 2.4
      vertex 130.369 18.15 2.4
      vertex 130.623 18.5307 2.4
    endloop
  endfacet
  facet normal 0 0 -1
    outer loop
      vertex 130.166 15.0606 2.4
      vertex 130.369 18.15 2.4
      vertex 130.369 14.65 2.4
    endloop
  endfacet
  facet normal 0 0 -1
    outer loop
      vertex 130.166 15.0606 2.4
      vertex 130.166 17.7394 2.4
      vertex 130.369 18.15 2.4
    endloop
  endfacet
  facet normal 0 0 -1
    outer loop
      vertex 130.019 15.4941 2.4
      vertex 130.166 17.7394 2.4
      vertex 130.166 15.0606 2.4
    endloop
  endfacet
  facet normal 0 0 -1
    outer loop
      vertex 130.019 15.4941 2.4
      vertex 130.019 17.3059 2.4
      vertex 130.166 17.7394 2.4
    endloop
  endfacet
  facet normal 0 0 -1
    outer loop
      vertex 129.93 15.9432 2.4
      vertex 130.019 17.3059 2.4
      vertex 130.019 15.4941 2.4
    endloop
  endfacet
  facet normal 0 0 -1
    outer loop
      vertex 129.93 15.9432 2.4
      vertex 129.93 16.8568 2.4
      vertex 130.019 17.3059 2.4
    endloop
  endfacet
  facet normal 0 -0 -1
    outer loop
      vertex 129.93 16.8568 2.4
      vertex 129.93 15.9432 2.4
      vertex 129.9 16.4 2.4
    endloop
  endfacet
  facet normal -0.831849 -0.555003 0
    outer loop
      vertex 130.623 14.2693 2.4
      vertex 130.369 14.65 6.4
      vertex 130.369 14.65 2.4
    endloop
  endfacet
  facet normal -0.831849 -0.555003 0
    outer loop
      vertex 130.369 14.65 6.4
      vertex 130.623 14.2693 2.4
      vertex 130.623 14.2693 6.4
    endloop
  endfacet
  facet normal -0.751683 -0.659524 0
    outer loop
      vertex 130.925 13.9251 2.4
      vertex 130.623 14.2693 6.4
      vertex 130.623 14.2693 2.4
    endloop
  endfacet
  facet normal -0.751683 -0.659524 0
    outer loop
      vertex 130.623 14.2693 6.4
      vertex 130.925 13.9251 2.4
      vertex 130.925 13.9251 6.4
    endloop
  endfacet
  facet normal 0.195276 0.980748 -0
    outer loop
      vertex 134.306 19.7807 2.4
      vertex 133.857 19.8701 6.4
      vertex 134.306 19.7807 6.4
    endloop
  endfacet
  facet normal 0.195276 0.980748 0
    outer loop
      vertex 133.857 19.8701 6.4
      vertex 134.306 19.7807 2.4
      vertex 133.857 19.8701 2.4
    endloop
  endfacet
  facet normal 0 0 1
    outer loop
      vertex 134.65 16.4 6.4
      vertex 136.9 16.4 6.4
      vertex 136.87 16.8568 6.4
    endloop
  endfacet
  facet normal 0 0 1
    outer loop
      vertex 134.639 16.5632 6.4
      vertex 136.87 16.8568 6.4
      vertex 136.781 17.3059 6.4
    endloop
  endfacet
  facet normal 0 0 1
    outer loop
      vertex 136.9 16.4 6.4
      vertex 134.65 16.4 6.4
      vertex 136.87 15.9432 6.4
    endloop
  endfacet
  facet normal 0 0 1
    outer loop
      vertex 134.607 16.7235 6.4
      vertex 136.781 17.3059 6.4
      vertex 136.634 17.7394 6.4
    endloop
  endfacet
  facet normal -0 0 1
    outer loop
      vertex 134.639 16.2368 6.4
      vertex 136.87 15.9432 6.4
      vertex 134.65 16.4 6.4
    endloop
  endfacet
  facet normal 0 0 1
    outer loop
      vertex 134.555 16.8784 6.4
      vertex 136.634 17.7394 6.4
      vertex 136.431 18.15 6.4
    endloop
  endfacet
  facet normal 0 0 1
    outer loop
      vertex 136.87 15.9432 6.4
      vertex 134.639 16.2368 6.4
      vertex 136.781 15.4941 6.4
    endloop
  endfacet
  facet normal 0 0 1
    outer loop
      vertex 134.483 17.025 6.4
      vertex 136.431 18.15 6.4
      vertex 136.177 18.5307 6.4
    endloop
  endfacet
  facet normal -0 0 1
    outer loop
      vertex 134.607 16.0765 6.4
      vertex 136.781 15.4941 6.4
      vertex 134.639 16.2368 6.4
    endloop
  endfacet
  facet normal 0 0 1
    outer loop
      vertex 134.392 17.161 6.4
      vertex 136.177 18.5307 6.4
      vertex 135.875 18.8749 6.4
    endloop
  endfacet
  facet normal 0 0 1
    outer loop
      vertex 136.781 15.4941 6.4
      vertex 134.607 16.0765 6.4
      vertex 136.634 15.0606 6.4
    endloop
  endfacet
  facet normal 0 0 1
    outer loop
      vertex 134.284 17.2839 6.4
      vertex 135.875 18.8749 6.4
      vertex 135.531 19.1767 6.4
    endloop
  endfacet
  facet normal -0 0 1
    outer loop
      vertex 134.555 15.9216 6.4
      vertex 136.634 15.0606 6.4
      vertex 134.607 16.0765 6.4
    endloop
  endfacet
  facet normal 0 0 1
    outer loop
      vertex 134.161 17.3917 6.4
      vertex 135.531 19.1767 6.4
      vertex 135.15 19.4311 6.4
    endloop
  endfacet
  facet normal 0 0 1
    outer loop
      vertex 136.634 15.0606 6.4
      vertex 134.555 15.9216 6.4
      vertex 136.431 14.65 6.4
    endloop
  endfacet
  facet normal 0 0 1
    outer loop
      vertex 134.025 17.4825 6.4
      vertex 135.15 19.4311 6.4
      vertex 134.739 19.6336 6.4
    endloop
  endfacet
  facet normal -0 0 1
    outer loop
      vertex 134.483 15.775 6.4
      vertex 136.431 14.65 6.4
      vertex 134.555 15.9216 6.4
    endloop
  endfacet
  facet normal 0 0 1
    outer loop
      vertex 136.431 14.65 6.4
      vertex 134.483 15.775 6.4
      vertex 136.177 14.2693 6.4
    endloop
  endfacet
  facet normal 0 0 1
    outer loop
      vertex 136.87 16.8568 6.4
      vertex 134.639 16.5632 6.4
      vertex 134.65 16.4 6.4
    endloop
  endfacet
  facet normal 0 0 1
    outer loop
      vertex 136.781 17.3059 6.4
      vertex 134.607 16.7235 6.4
      vertex 134.639 16.5632 6.4
    endloop
  endfacet
  facet normal 0 0 1
    outer loop
      vertex 136.634 17.7394 6.4
      vertex 134.555 16.8784 6.4
      vertex 134.607 16.7235 6.4
    endloop
  endfacet
  facet normal 0 0 1
    outer loop
      vertex 136.431 18.15 6.4
      vertex 134.483 17.025 6.4
      vertex 134.555 16.8784 6.4
    endloop
  endfacet
  facet normal 0 0 1
    outer loop
      vertex 136.177 18.5307 6.4
      vertex 134.392 17.161 6.4
      vertex 134.483 17.025 6.4
    endloop
  endfacet
  facet normal 0 0 1
    outer loop
      vertex 133.878 17.5548 6.4
      vertex 134.739 19.6336 6.4
      vertex 134.306 19.7807 6.4
    endloop
  endfacet
  facet normal 0 0 1
    outer loop
      vertex 135.875 18.8749 6.4
      vertex 134.284 17.2839 6.4
      vertex 134.392 17.161 6.4
    endloop
  endfacet
  facet normal 0 0 1
    outer loop
      vertex 135.531 19.1767 6.4
      vertex 134.161 17.3917 6.4
      vertex 134.284 17.2839 6.4
    endloop
  endfacet
  facet normal 0 0 1
    outer loop
      vertex 135.15 19.4311 6.4
      vertex 134.025 17.4825 6.4
      vertex 134.161 17.3917 6.4
    endloop
  endfacet
  facet normal 0 0 1
    outer loop
      vertex 134.739 19.6336 6.4
      vertex 133.878 17.5548 6.4
      vertex 134.025 17.4825 6.4
    endloop
  endfacet
  facet normal 0 0 1
    outer loop
      vertex 133.724 17.6074 6.4
      vertex 134.306 19.7807 6.4
      vertex 133.857 19.8701 6.4
    endloop
  endfacet
  facet normal 0 0 1
    outer loop
      vertex 134.306 19.7807 6.4
      vertex 133.724 17.6074 6.4
      vertex 133.878 17.5548 6.4
    endloop
  endfacet
  facet normal 0 0 1
    outer loop
      vertex 133.857 19.8701 6.4
      vertex 133.563 17.6393 6.4
      vertex 133.724 17.6074 6.4
    endloop
  endfacet
  facet normal 0 0 1
    outer loop
      vertex 133.4 19.9 6.4
      vertex 133.563 17.6393 6.4
      vertex 133.857 19.8701 6.4
    endloop
  endfacet
  facet normal 0 0 1
    outer loop
      vertex 133.4 19.9 6.4
      vertex 133.4 17.65 6.4
      vertex 133.563 17.6393 6.4
    endloop
  endfacet
  facet normal 0 0 1
    outer loop
      vertex 133.4 19.9 6.4
      vertex 133.237 17.6393 6.4
      vertex 133.4 17.65 6.4
    endloop
  endfacet
  facet normal -0 0 1
    outer loop
      vertex 132.943 19.8701 6.4
      vertex 133.237 17.6393 6.4
      vertex 133.4 19.9 6.4
    endloop
  endfacet
  facet normal 0 0 1
    outer loop
      vertex 133.237 17.6393 6.4
      vertex 132.943 19.8701 6.4
      vertex 133.076 17.6074 6.4
    endloop
  endfacet
  facet normal -0 0 1
    outer loop
      vertex 132.494 19.7807 6.4
      vertex 133.076 17.6074 6.4
      vertex 132.943 19.8701 6.4
    endloop
  endfacet
  facet normal 0 0 1
    outer loop
      vertex 133.076 17.6074 6.4
      vertex 132.494 19.7807 6.4
      vertex 132.922 17.5548 6.4
    endloop
  endfacet
  facet normal -0 0 1
    outer loop
      vertex 132.061 19.6336 6.4
      vertex 132.922 17.5548 6.4
      vertex 132.494 19.7807 6.4
    endloop
  endfacet
  facet normal 0 0 1
    outer loop
      vertex 132.922 17.5548 6.4
      vertex 132.061 19.6336 6.4
      vertex 132.775 17.4825 6.4
    endloop
  endfacet
  facet normal -0 0 1
    outer loop
      vertex 131.65 19.4311 6.4
      vertex 132.775 17.4825 6.4
      vertex 132.061 19.6336 6.4
    endloop
  endfacet
  facet normal 0 0 1
    outer loop
      vertex 132.775 17.4825 6.4
      vertex 131.65 19.4311 6.4
      vertex 132.639 17.3917 6.4
    endloop
  endfacet
  facet normal -0 0 1
    outer loop
      vertex 131.269 19.1767 6.4
      vertex 132.639 17.3917 6.4
      vertex 131.65 19.4311 6.4
    endloop
  endfacet
  facet normal 0 0 1
    outer loop
      vertex 132.639 17.3917 6.4
      vertex 131.269 19.1767 6.4
      vertex 132.516 17.2839 6.4
    endloop
  endfacet
  facet normal -0 0 1
    outer loop
      vertex 130.925 18.8749 6.4
      vertex 132.516 17.2839 6.4
      vertex 131.269 19.1767 6.4
    endloop
  endfacet
  facet normal 0 0 1
    outer loop
      vertex 132.516 17.2839 6.4
      vertex 130.925 18.8749 6.4
      vertex 132.408 17.161 6.4
    endloop
  endfacet
  facet normal 0 0 1
    outer loop
      vertex 132.408 17.161 6.4
      vertex 130.623 18.5307 6.4
      vertex 132.317 17.025 6.4
    endloop
  endfacet
  facet normal -0 0 1
    outer loop
      vertex 130.623 18.5307 6.4
      vertex 132.408 17.161 6.4
      vertex 130.925 18.8749 6.4
    endloop
  endfacet
  facet normal -0 0 1
    outer loop
      vertex 134.392 15.639 6.4
      vertex 136.177 14.2693 6.4
      vertex 134.483 15.775 6.4
    endloop
  endfacet
  facet normal 0 0 1
    outer loop
      vertex 136.177 14.2693 6.4
      vertex 134.392 15.639 6.4
      vertex 135.875 13.9251 6.4
    endloop
  endfacet
  facet normal -0 0 1
    outer loop
      vertex 134.284 15.5161 6.4
      vertex 135.875 13.9251 6.4
      vertex 134.392 15.639 6.4
    endloop
  endfacet
  facet normal 0 0 1
    outer loop
      vertex 135.875 13.9251 6.4
      vertex 134.284 15.5161 6.4
      vertex 135.531 13.6233 6.4
    endloop
  endfacet
  facet normal -0 0 1
    outer loop
      vertex 134.161 15.4083 6.4
      vertex 135.531 13.6233 6.4
      vertex 134.284 15.5161 6.4
    endloop
  endfacet
  facet normal 0 0 1
    outer loop
      vertex 135.531 13.6233 6.4
      vertex 134.161 15.4083 6.4
      vertex 135.15 13.3689 6.4
    endloop
  endfacet
  facet normal -0 0 1
    outer loop
      vertex 134.025 15.3175 6.4
      vertex 135.15 13.3689 6.4
      vertex 134.161 15.4083 6.4
    endloop
  endfacet
  facet normal 0 0 1
    outer loop
      vertex 135.15 13.3689 6.4
      vertex 134.025 15.3175 6.4
      vertex 134.739 13.1664 6.4
    endloop
  endfacet
  facet normal -0 0 1
    outer loop
      vertex 133.878 15.2452 6.4
      vertex 134.739 13.1664 6.4
      vertex 134.025 15.3175 6.4
    endloop
  endfacet
  facet normal 0 0 1
    outer loop
      vertex 134.739 13.1664 6.4
      vertex 133.878 15.2452 6.4
      vertex 134.306 13.0193 6.4
    endloop
  endfacet
  facet normal -0 0 1
    outer loop
      vertex 133.724 15.1926 6.4
      vertex 134.306 13.0193 6.4
      vertex 133.878 15.2452 6.4
    endloop
  endfacet
  facet normal 0 0 1
    outer loop
      vertex 134.306 13.0193 6.4
      vertex 133.724 15.1926 6.4
      vertex 133.857 12.9299 6.4
    endloop
  endfacet
  facet normal -0 0 1
    outer loop
      vertex 133.563 15.1607 6.4
      vertex 133.857 12.9299 6.4
      vertex 133.724 15.1926 6.4
    endloop
  endfacet
  facet normal -0 0 1
    outer loop
      vertex 133.4 15.15 6.4
      vertex 133.857 12.9299 6.4
      vertex 133.563 15.1607 6.4
    endloop
  endfacet
  facet normal 0 0 1
    outer loop
      vertex 133.4 15.15 6.4
      vertex 133.4 12.9 6.4
      vertex 133.857 12.9299 6.4
    endloop
  endfacet
  facet normal 0 0 1
    outer loop
      vertex 133.237 15.1607 6.4
      vertex 133.4 12.9 6.4
      vertex 133.4 15.15 6.4
    endloop
  endfacet
  facet normal 0 0 1
    outer loop
      vertex 132.943 12.9299 6.4
      vertex 133.237 15.1607 6.4
      vertex 133.076 15.1926 6.4
    endloop
  endfacet
  facet normal 0 0 1
    outer loop
      vertex 133.237 15.1607 6.4
      vertex 132.943 12.9299 6.4
      vertex 133.4 12.9 6.4
    endloop
  endfacet
  facet normal 0 0 1
    outer loop
      vertex 132.494 13.0193 6.4
      vertex 133.076 15.1926 6.4
      vertex 132.922 15.2452 6.4
    endloop
  endfacet
  facet normal 0 0 1
    outer loop
      vertex 132.061 13.1664 6.4
      vertex 132.922 15.2452 6.4
      vertex 132.775 15.3175 6.4
    endloop
  endfacet
  facet normal 0 0 1
    outer loop
      vertex 131.65 13.3689 6.4
      vertex 132.775 15.3175 6.4
      vertex 132.639 15.4083 6.4
    endloop
  endfacet
  facet normal 0 0 1
    outer loop
      vertex 131.269 13.6233 6.4
      vertex 132.639 15.4083 6.4
      vertex 132.516 15.5161 6.4
    endloop
  endfacet
  facet normal 0 0 1
    outer loop
      vertex 133.076 15.1926 6.4
      vertex 132.494 13.0193 6.4
      vertex 132.943 12.9299 6.4
    endloop
  endfacet
  facet normal 0 0 1
    outer loop
      vertex 130.925 13.9251 6.4
      vertex 132.516 15.5161 6.4
      vertex 132.408 15.639 6.4
    endloop
  endfacet
  facet normal 0 0 1
    outer loop
      vertex 130.623 14.2693 6.4
      vertex 132.408 15.639 6.4
      vertex 132.317 15.775 6.4
    endloop
  endfacet
  facet normal 0 0 1
    outer loop
      vertex 130.369 14.65 6.4
      vertex 132.317 15.775 6.4
      vertex 132.245 15.9216 6.4
    endloop
  endfacet
  facet normal 0 0 1
    outer loop
      vertex 130.166 15.0606 6.4
      vertex 132.245 15.9216 6.4
      vertex 132.193 16.0765 6.4
    endloop
  endfacet
  facet normal 0 0 1
    outer loop
      vertex 130.019 15.4941 6.4
      vertex 132.193 16.0765 6.4
      vertex 132.161 16.2368 6.4
    endloop
  endfacet
  facet normal 0 0 1
    outer loop
      vertex 132.922 15.2452 6.4
      vertex 132.061 13.1664 6.4
      vertex 132.494 13.0193 6.4
    endloop
  endfacet
  facet normal 0 0 1
    outer loop
      vertex 129.93 15.9432 6.4
      vertex 132.161 16.2368 6.4
      vertex 132.15 16.4 6.4
    endloop
  endfacet
  facet normal -0 0 1
    outer loop
      vertex 130.369 18.15 6.4
      vertex 132.317 17.025 6.4
      vertex 130.623 18.5307 6.4
    endloop
  endfacet
  facet normal 0 0 1
    outer loop
      vertex 132.317 17.025 6.4
      vertex 130.369 18.15 6.4
      vertex 132.245 16.8784 6.4
    endloop
  endfacet
  facet normal 0 0 1
    outer loop
      vertex 132.775 15.3175 6.4
      vertex 131.65 13.3689 6.4
      vertex 132.061 13.1664 6.4
    endloop
  endfacet
  facet normal -0 0 1
    outer loop
      vertex 130.166 17.7394 6.4
      vertex 132.245 16.8784 6.4
      vertex 130.369 18.15 6.4
    endloop
  endfacet
  facet normal 0 0 1
    outer loop
      vertex 132.639 15.4083 6.4
      vertex 131.269 13.6233 6.4
      vertex 131.65 13.3689 6.4
    endloop
  endfacet
  facet normal 0 0 1
    outer loop
      vertex 132.245 16.8784 6.4
      vertex 130.166 17.7394 6.4
      vertex 132.193 16.7235 6.4
    endloop
  endfacet
  facet normal 0 0 1
    outer loop
      vertex 132.516 15.5161 6.4
      vertex 130.925 13.9251 6.4
      vertex 131.269 13.6233 6.4
    endloop
  endfacet
  facet normal -0 0 1
    outer loop
      vertex 130.019 17.3059 6.4
      vertex 132.193 16.7235 6.4
      vertex 130.166 17.7394 6.4
    endloop
  endfacet
  facet normal 0 0 1
    outer loop
      vertex 132.408 15.639 6.4
      vertex 130.623 14.2693 6.4
      vertex 130.925 13.9251 6.4
    endloop
  endfacet
  facet normal 0 0 1
    outer loop
      vertex 132.193 16.7235 6.4
      vertex 130.019 17.3059 6.4
      vertex 132.161 16.5632 6.4
    endloop
  endfacet
  facet normal 0 0 1
    outer loop
      vertex 132.317 15.775 6.4
      vertex 130.369 14.65 6.4
      vertex 130.623 14.2693 6.4
    endloop
  endfacet
  facet normal -0 0 1
    outer loop
      vertex 129.93 16.8568 6.4
      vertex 132.161 16.5632 6.4
      vertex 130.019 17.3059 6.4
    endloop
  endfacet
  facet normal 0 0 1
    outer loop
      vertex 132.245 15.9216 6.4
      vertex 130.166 15.0606 6.4
      vertex 130.369 14.65 6.4
    endloop
  endfacet
  facet normal 0 0 1
    outer loop
      vertex 132.161 16.5632 6.4
      vertex 129.93 16.8568 6.4
      vertex 132.15 16.4 6.4
    endloop
  endfacet
  facet normal 0 0 1
    outer loop
      vertex 132.193 16.0765 6.4
      vertex 130.019 15.4941 6.4
      vertex 130.166 15.0606 6.4
    endloop
  endfacet
  facet normal 0 0 1
    outer loop
      vertex 129.9 16.4 6.4
      vertex 132.15 16.4 6.4
      vertex 129.93 16.8568 6.4
    endloop
  endfacet
  facet normal 0 0 1
    outer loop
      vertex 132.161 16.2368 6.4
      vertex 129.93 15.9432 6.4
      vertex 130.019 15.4941 6.4
    endloop
  endfacet
  facet normal 0 0 1
    outer loop
      vertex 132.15 16.4 6.4
      vertex 129.9 16.4 6.4
      vertex 129.93 15.9432 6.4
    endloop
  endfacet
  facet normal -0.980924 0.194394 0
    outer loop
      vertex 129.93 16.8568 2.4
      vertex 130.019 17.3059 6.4
      vertex 130.019 17.3059 2.4
    endloop
  endfacet
  facet normal -0.980924 0.194394 0
    outer loop
      vertex 130.019 17.3059 6.4
      vertex 129.93 16.8568 2.4
      vertex 129.93 16.8568 6.4
    endloop
  endfacet
  facet normal 0.947032 -0.321139 0
    outer loop
      vertex 136.634 15.0606 6.4
      vertex 136.781 15.4941 2.4
      vertex 136.781 15.4941 6.4
    endloop
  endfacet
  facet normal 0.947032 -0.321139 0
    outer loop
      vertex 136.781 15.4941 2.4
      vertex 136.634 15.0606 6.4
      vertex 136.634 15.0606 2.4
    endloop
  endfacet
  facet normal 0.751683 -0.659524 0
    outer loop
      vertex 135.875 13.9251 6.4
      vertex 136.177 14.2693 2.4
      vertex 136.177 14.2693 6.4
    endloop
  endfacet
  facet normal 0.751683 -0.659524 0
    outer loop
      vertex 136.177 14.2693 2.4
      vertex 135.875 13.9251 6.4
      vertex 135.875 13.9251 2.4
    endloop
  endfacet
  facet normal -0.555305 -0.831647 0
    outer loop
      vertex 131.269 13.6233 2.4
      vertex 131.65 13.3689 6.4
      vertex 131.269 13.6233 6.4
    endloop
  endfacet
  facet normal -0.555305 -0.831647 -0
    outer loop
      vertex 131.65 13.3689 6.4
      vertex 131.269 13.6233 2.4
      vertex 131.65 13.3689 2.4
    endloop
  endfacet
  facet normal -0.65911 -0.752046 0
    outer loop
      vertex 134.161 17.3917 3.4
      vertex 134.284 17.2839 6.4
      vertex 134.161 17.3917 6.4
    endloop
  endfacet
  facet normal -0.65911 -0.752046 -0
    outer loop
      vertex 134.284 17.2839 6.4
      vertex 134.161 17.3917 3.4
      vertex 134.284 17.2839 3.4
    endloop
  endfacet
  facet normal 0.948008 -0.318247 0
    outer loop
      vertex 132.193 16.7235 6.4
      vertex 132.245 16.8784 3.4
      vertex 132.245 16.8784 6.4
    endloop
  endfacet
  facet normal 0.948008 -0.318247 0
    outer loop
      vertex 132.245 16.8784 3.4
      vertex 132.193 16.7235 6.4
      vertex 132.193 16.7235 3.4
    endloop
  endfacet
  facet normal -0.997736 0.0672494 0
    outer loop
      vertex 134.639 16.2368 3.4
      vertex 134.65 16.4 6.4
      vertex 134.65 16.4 3.4
    endloop
  endfacet
  facet normal -0.997736 0.0672494 0
    outer loop
      vertex 134.65 16.4 6.4
      vertex 134.639 16.2368 3.4
      vertex 134.639 16.2368 6.4
    endloop
  endfacet
  facet normal 0.323224 0.946322 -0
    outer loop
      vertex 133.076 15.1926 3.4
      vertex 132.922 15.2452 6.4
      vertex 133.076 15.1926 6.4
    endloop
  endfacet
  facet normal 0.323224 0.946322 0
    outer loop
      vertex 132.922 15.2452 6.4
      vertex 133.076 15.1926 3.4
      vertex 132.922 15.2452 3.4
    endloop
  endfacet
  facet normal -0.555265 -0.831674 0
    outer loop
      vertex 134.025 17.4825 3.4
      vertex 134.161 17.3917 6.4
      vertex 134.025 17.4825 6.4
    endloop
  endfacet
  facet normal -0.555265 -0.831674 -0
    outer loop
      vertex 134.161 17.3917 6.4
      vertex 134.025 17.4825 3.4
      vertex 134.161 17.3917 3.4
    endloop
  endfacet
  facet normal 0.323224 -0.946322 0
    outer loop
      vertex 132.922 17.5548 3.4
      vertex 133.076 17.6074 6.4
      vertex 132.922 17.5548 6.4
    endloop
  endfacet
  facet normal 0.323224 -0.946322 0
    outer loop
      vertex 133.076 17.6074 6.4
      vertex 132.922 17.5548 3.4
      vertex 133.076 17.6074 3.4
    endloop
  endfacet
  facet normal 0.897588 -0.440835 0
    outer loop
      vertex 132.245 16.8784 6.4
      vertex 132.317 17.025 3.4
      vertex 132.317 17.025 6.4
    endloop
  endfacet
  facet normal 0.897588 -0.440835 0
    outer loop
      vertex 132.317 17.025 3.4
      vertex 132.245 16.8784 6.4
      vertex 132.245 16.8784 3.4
    endloop
  endfacet
  facet normal 0.897588 0.440835 0
    outer loop
      vertex 132.317 15.775 6.4
      vertex 132.245 15.9216 3.4
      vertex 132.245 15.9216 6.4
    endloop
  endfacet
  facet normal 0.897588 0.440835 0
    outer loop
      vertex 132.245 15.9216 3.4
      vertex 132.317 15.775 6.4
      vertex 132.317 15.775 3.4
    endloop
  endfacet
  facet normal -0.948008 -0.318247 0
    outer loop
      vertex 134.607 16.7235 3.4
      vertex 134.555 16.8784 6.4
      vertex 134.555 16.8784 3.4
    endloop
  endfacet
  facet normal -0.948008 -0.318247 0
    outer loop
      vertex 134.555 16.8784 6.4
      vertex 134.607 16.7235 3.4
      vertex 134.607 16.7235 6.4
    endloop
  endfacet
  facet normal -0.897588 -0.440835 0
    outer loop
      vertex 134.555 16.8784 3.4
      vertex 134.483 17.025 6.4
      vertex 134.483 17.025 3.4
    endloop
  endfacet
  facet normal -0.897588 -0.440835 0
    outer loop
      vertex 134.483 17.025 6.4
      vertex 134.555 16.8784 3.4
      vertex 134.555 16.8784 6.4
    endloop
  endfacet
  facet normal -0.831109 -0.55611 0
    outer loop
      vertex 134.483 17.025 3.4
      vertex 134.392 17.161 6.4
      vertex 134.392 17.161 3.4
    endloop
  endfacet
  facet normal -0.831109 -0.55611 0
    outer loop
      vertex 134.392 17.161 6.4
      vertex 134.483 17.025 3.4
      vertex 134.483 17.025 6.4
    endloop
  endfacet
  facet normal -0.441344 -0.897338 0
    outer loop
      vertex 133.878 17.5548 3.4
      vertex 134.025 17.4825 6.4
      vertex 133.878 17.5548 6.4
    endloop
  endfacet
  facet normal -0.441344 -0.897338 -0
    outer loop
      vertex 134.025 17.4825 6.4
      vertex 133.878 17.5548 3.4
      vertex 134.025 17.4825 3.4
    endloop
  endfacet
  facet normal -0.323224 -0.946322 0
    outer loop
      vertex 133.724 17.6074 3.4
      vertex 133.878 17.5548 6.4
      vertex 133.724 17.6074 6.4
    endloop
  endfacet
  facet normal -0.323224 -0.946322 -0
    outer loop
      vertex 133.878 17.5548 6.4
      vertex 133.724 17.6074 3.4
      vertex 133.878 17.5548 3.4
    endloop
  endfacet
  facet normal 0.751174 -0.660104 0
    outer loop
      vertex 132.408 17.161 6.4
      vertex 132.516 17.2839 3.4
      vertex 132.516 17.2839 6.4
    endloop
  endfacet
  facet normal 0.751174 -0.660104 0
    outer loop
      vertex 132.516 17.2839 3.4
      vertex 132.408 17.161 6.4
      vertex 132.408 17.161 3.4
    endloop
  endfacet
  facet normal 0.441344 -0.897338 0
    outer loop
      vertex 132.775 17.4825 3.4
      vertex 132.922 17.5548 6.4
      vertex 132.775 17.4825 6.4
    endloop
  endfacet
  facet normal 0.441344 -0.897338 0
    outer loop
      vertex 132.922 17.5548 6.4
      vertex 132.775 17.4825 3.4
      vertex 132.922 17.5548 3.4
    endloop
  endfacet
  facet normal 0.555265 -0.831674 0
    outer loop
      vertex 132.639 17.3917 3.4
      vertex 132.775 17.4825 6.4
      vertex 132.639 17.3917 6.4
    endloop
  endfacet
  facet normal 0.555265 -0.831674 0
    outer loop
      vertex 132.775 17.4825 6.4
      vertex 132.639 17.3917 3.4
      vertex 132.775 17.4825 3.4
    endloop
  endfacet
  facet normal -0.997736 -0.0672494 0
    outer loop
      vertex 134.65 16.4 3.4
      vertex 134.639 16.5632 6.4
      vertex 134.639 16.5632 3.4
    endloop
  endfacet
  facet normal -0.997736 -0.0672494 0
    outer loop
      vertex 134.639 16.5632 6.4
      vertex 134.65 16.4 3.4
      vertex 134.65 16.4 6.4
    endloop
  endfacet
  facet normal -0.323224 0.946322 0
    outer loop
      vertex 133.878 15.2452 3.4
      vertex 133.724 15.1926 6.4
      vertex 133.878 15.2452 6.4
    endloop
  endfacet
  facet normal -0.323224 0.946322 0
    outer loop
      vertex 133.724 15.1926 6.4
      vertex 133.878 15.2452 3.4
      vertex 133.724 15.1926 3.4
    endloop
  endfacet
  facet normal -0.751174 0.660104 0
    outer loop
      vertex 134.284 15.5161 3.4
      vertex 134.392 15.639 6.4
      vertex 134.392 15.639 3.4
    endloop
  endfacet
  facet normal -0.751174 0.660104 0
    outer loop
      vertex 134.392 15.639 6.4
      vertex 134.284 15.5161 3.4
      vertex 134.284 15.5161 6.4
    endloop
  endfacet
  facet normal -0.65911 0.752046 0
    outer loop
      vertex 134.284 15.5161 3.4
      vertex 134.161 15.4083 6.4
      vertex 134.284 15.5161 6.4
    endloop
  endfacet
  facet normal -0.65911 0.752046 0
    outer loop
      vertex 134.161 15.4083 6.4
      vertex 134.284 15.5161 3.4
      vertex 134.161 15.4083 3.4
    endloop
  endfacet
  facet normal -0.441344 0.897338 0
    outer loop
      vertex 134.025 15.3175 3.4
      vertex 133.878 15.2452 6.4
      vertex 134.025 15.3175 6.4
    endloop
  endfacet
  facet normal -0.441344 0.897338 0
    outer loop
      vertex 133.878 15.2452 6.4
      vertex 134.025 15.3175 3.4
      vertex 133.878 15.2452 3.4
    endloop
  endfacet
  facet normal 0.0655032 0.997852 -0
    outer loop
      vertex 133.4 15.15 3.4
      vertex 133.237 15.1607 6.4
      vertex 133.4 15.15 6.4
    endloop
  endfacet
  facet normal 0.0655032 0.997852 0
    outer loop
      vertex 133.237 15.1607 6.4
      vertex 133.4 15.15 3.4
      vertex 133.237 15.1607 3.4
    endloop
  endfacet
  facet normal 0.441344 0.897338 -0
    outer loop
      vertex 132.922 15.2452 3.4
      vertex 132.775 15.3175 6.4
      vertex 132.922 15.2452 6.4
    endloop
  endfacet
  facet normal 0.441344 0.897338 0
    outer loop
      vertex 132.775 15.3175 6.4
      vertex 132.922 15.2452 3.4
      vertex 132.775 15.3175 3.4
    endloop
  endfacet
  facet normal 0.555265 0.831674 -0
    outer loop
      vertex 132.775 15.3175 3.4
      vertex 132.639 15.4083 6.4
      vertex 132.775 15.3175 6.4
    endloop
  endfacet
  facet normal 0.555265 0.831674 0
    outer loop
      vertex 132.639 15.4083 6.4
      vertex 132.775 15.3175 3.4
      vertex 132.639 15.4083 3.4
    endloop
  endfacet
  facet normal 0.980651 0.195763 0
    outer loop
      vertex 132.193 16.0765 6.4
      vertex 132.161 16.2368 3.4
      vertex 132.161 16.2368 6.4
    endloop
  endfacet
  facet normal 0.980651 0.195763 0
    outer loop
      vertex 132.161 16.2368 3.4
      vertex 132.193 16.0765 6.4
      vertex 132.193 16.0765 3.4
    endloop
  endfacet
  facet normal -0.980651 -0.195763 0
    outer loop
      vertex 134.639 16.5632 3.4
      vertex 134.607 16.7235 6.4
      vertex 134.607 16.7235 3.4
    endloop
  endfacet
  facet normal -0.980651 -0.195763 0
    outer loop
      vertex 134.607 16.7235 6.4
      vertex 134.639 16.5632 3.4
      vertex 134.639 16.5632 6.4
    endloop
  endfacet
  facet normal -0.751174 -0.660104 0
    outer loop
      vertex 134.392 17.161 3.4
      vertex 134.284 17.2839 6.4
      vertex 134.284 17.2839 3.4
    endloop
  endfacet
  facet normal -0.751174 -0.660104 0
    outer loop
      vertex 134.284 17.2839 6.4
      vertex 134.392 17.161 3.4
      vertex 134.392 17.161 6.4
    endloop
  endfacet
  facet normal -0.0655032 -0.997852 0
    outer loop
      vertex 133.4 17.65 3.4
      vertex 133.563 17.6393 6.4
      vertex 133.4 17.65 6.4
    endloop
  endfacet
  facet normal -0.0655032 -0.997852 -0
    outer loop
      vertex 133.563 17.6393 6.4
      vertex 133.4 17.65 3.4
      vertex 133.563 17.6393 3.4
    endloop
  endfacet
  facet normal -0.194358 -0.980931 0
    outer loop
      vertex 133.563 17.6393 3.4
      vertex 133.724 17.6074 6.4
      vertex 133.563 17.6393 6.4
    endloop
  endfacet
  facet normal -0.194358 -0.980931 -0
    outer loop
      vertex 133.724 17.6074 6.4
      vertex 133.563 17.6393 3.4
      vertex 133.724 17.6074 3.4
    endloop
  endfacet
  facet normal 0.997736 -0.0672494 0
    outer loop
      vertex 132.15 16.4 6.4
      vertex 132.161 16.5632 3.4
      vertex 132.161 16.5632 6.4
    endloop
  endfacet
  facet normal 0.997736 -0.0672494 0
    outer loop
      vertex 132.161 16.5632 3.4
      vertex 132.15 16.4 6.4
      vertex 132.15 16.4 3.4
    endloop
  endfacet
  facet normal 0.831109 -0.55611 0
    outer loop
      vertex 132.317 17.025 6.4
      vertex 132.408 17.161 3.4
      vertex 132.408 17.161 6.4
    endloop
  endfacet
  facet normal 0.831109 -0.55611 0
    outer loop
      vertex 132.408 17.161 3.4
      vertex 132.317 17.025 6.4
      vertex 132.317 17.025 3.4
    endloop
  endfacet
  facet normal 0.0655032 -0.997852 0
    outer loop
      vertex 133.237 17.6393 3.4
      vertex 133.4 17.65 6.4
      vertex 133.237 17.6393 6.4
    endloop
  endfacet
  facet normal 0.0655032 -0.997852 0
    outer loop
      vertex 133.4 17.65 6.4
      vertex 133.237 17.6393 3.4
      vertex 133.4 17.65 3.4
    endloop
  endfacet
  facet normal 0.194358 -0.980931 0
    outer loop
      vertex 133.076 17.6074 3.4
      vertex 133.237 17.6393 6.4
      vertex 133.076 17.6074 6.4
    endloop
  endfacet
  facet normal 0.194358 -0.980931 0
    outer loop
      vertex 133.237 17.6393 6.4
      vertex 133.076 17.6074 3.4
      vertex 133.237 17.6393 3.4
    endloop
  endfacet
  facet normal 0.65911 -0.752046 0
    outer loop
      vertex 132.516 17.2839 3.4
      vertex 132.639 17.3917 6.4
      vertex 132.516 17.2839 6.4
    endloop
  endfacet
  facet normal 0.65911 -0.752046 0
    outer loop
      vertex 132.639 17.3917 6.4
      vertex 132.516 17.2839 3.4
      vertex 132.639 17.3917 3.4
    endloop
  endfacet
  facet normal -0.0655032 0.997852 0
    outer loop
      vertex 133.563 15.1607 3.4
      vertex 133.4 15.15 6.4
      vertex 133.563 15.1607 6.4
    endloop
  endfacet
  facet normal -0.0655032 0.997852 0
    outer loop
      vertex 133.4 15.15 6.4
      vertex 133.563 15.1607 3.4
      vertex 133.4 15.15 3.4
    endloop
  endfacet
  facet normal -0.980651 0.195763 0
    outer loop
      vertex 134.607 16.0765 3.4
      vertex 134.639 16.2368 6.4
      vertex 134.639 16.2368 3.4
    endloop
  endfacet
  facet normal -0.980651 0.195763 0
    outer loop
      vertex 134.639 16.2368 6.4
      vertex 134.607 16.0765 3.4
      vertex 134.607 16.0765 6.4
    endloop
  endfacet
  facet normal -0.194358 0.980931 0
    outer loop
      vertex 133.724 15.1926 3.4
      vertex 133.563 15.1607 6.4
      vertex 133.724 15.1926 6.4
    endloop
  endfacet
  facet normal -0.194358 0.980931 0
    outer loop
      vertex 133.563 15.1607 6.4
      vertex 133.724 15.1926 3.4
      vertex 133.563 15.1607 3.4
    endloop
  endfacet
  facet normal -0.555265 0.831674 0
    outer loop
      vertex 134.161 15.4083 3.4
      vertex 134.025 15.3175 6.4
      vertex 134.161 15.4083 6.4
    endloop
  endfacet
  facet normal -0.555265 0.831674 0
    outer loop
      vertex 134.025 15.3175 6.4
      vertex 134.161 15.4083 3.4
      vertex 134.025 15.3175 3.4
    endloop
  endfacet
  facet normal 0.194358 0.980931 -0
    outer loop
      vertex 133.237 15.1607 3.4
      vertex 133.076 15.1926 6.4
      vertex 133.237 15.1607 6.4
    endloop
  endfacet
  facet normal 0.194358 0.980931 0
    outer loop
      vertex 133.076 15.1926 6.4
      vertex 133.237 15.1607 3.4
      vertex 133.076 15.1926 3.4
    endloop
  endfacet
  facet normal 0.65911 0.752046 -0
    outer loop
      vertex 132.639 15.4083 3.4
      vertex 132.516 15.5161 6.4
      vertex 132.639 15.4083 6.4
    endloop
  endfacet
  facet normal 0.65911 0.752046 0
    outer loop
      vertex 132.516 15.5161 6.4
      vertex 132.639 15.4083 3.4
      vertex 132.516 15.5161 3.4
    endloop
  endfacet
  facet normal 0.948008 0.318247 0
    outer loop
      vertex 132.245 15.9216 6.4
      vertex 132.193 16.0765 3.4
      vertex 132.193 16.0765 6.4
    endloop
  endfacet
  facet normal 0.948008 0.318247 0
    outer loop
      vertex 132.193 16.0765 3.4
      vertex 132.245 15.9216 6.4
      vertex 132.245 15.9216 3.4
    endloop
  endfacet
  facet normal 0.997736 0.0672494 0
    outer loop
      vertex 132.161 16.2368 6.4
      vertex 132.15 16.4 3.4
      vertex 132.15 16.4 6.4
    endloop
  endfacet
  facet normal 0.997736 0.0672494 0
    outer loop
      vertex 132.15 16.4 3.4
      vertex 132.161 16.2368 6.4
      vertex 132.161 16.2368 3.4
    endloop
  endfacet
  facet normal 0 0 1
    outer loop
      vertex 134.639 16.5632 3.4
      vertex 134.639 16.2368 3.4
      vertex 134.65 16.4 3.4
    endloop
  endfacet
  facet normal 0 0 1
    outer loop
      vertex 134.607 16.7235 3.4
      vertex 134.639 16.2368 3.4
      vertex 134.639 16.5632 3.4
    endloop
  endfacet
  facet normal 0 0 1
    outer loop
      vertex 134.607 16.7235 3.4
      vertex 134.607 16.0765 3.4
      vertex 134.639 16.2368 3.4
    endloop
  endfacet
  facet normal 0 0 1
    outer loop
      vertex 134.555 16.8784 3.4
      vertex 134.607 16.0765 3.4
      vertex 134.607 16.7235 3.4
    endloop
  endfacet
  facet normal 0 0 1
    outer loop
      vertex 134.555 16.8784 3.4
      vertex 134.555 15.9216 3.4
      vertex 134.607 16.0765 3.4
    endloop
  endfacet
  facet normal 0 0 1
    outer loop
      vertex 134.483 17.025 3.4
      vertex 134.555 15.9216 3.4
      vertex 134.555 16.8784 3.4
    endloop
  endfacet
  facet normal 0 0 1
    outer loop
      vertex 134.483 17.025 3.4
      vertex 134.483 15.775 3.4
      vertex 134.555 15.9216 3.4
    endloop
  endfacet
  facet normal 0 0 1
    outer loop
      vertex 134.392 17.161 3.4
      vertex 134.483 15.775 3.4
      vertex 134.483 17.025 3.4
    endloop
  endfacet
  facet normal 0 0 1
    outer loop
      vertex 134.392 17.161 3.4
      vertex 134.392 15.639 3.4
      vertex 134.483 15.775 3.4
    endloop
  endfacet
  facet normal 0 0 1
    outer loop
      vertex 134.284 17.2839 3.4
      vertex 134.392 15.639 3.4
      vertex 134.392 17.161 3.4
    endloop
  endfacet
  facet normal 0 0 1
    outer loop
      vertex 134.284 17.2839 3.4
      vertex 134.284 15.5161 3.4
      vertex 134.392 15.639 3.4
    endloop
  endfacet
  facet normal 0 0 1
    outer loop
      vertex 134.161 17.3917 3.4
      vertex 134.284 15.5161 3.4
      vertex 134.284 17.2839 3.4
    endloop
  endfacet
  facet normal 0 0 1
    outer loop
      vertex 134.161 17.3917 3.4
      vertex 134.161 15.4083 3.4
      vertex 134.284 15.5161 3.4
    endloop
  endfacet
  facet normal 0 0 1
    outer loop
      vertex 134.025 17.4825 3.4
      vertex 134.161 15.4083 3.4
      vertex 134.161 17.3917 3.4
    endloop
  endfacet
  facet normal 0 0 1
    outer loop
      vertex 134.025 17.4825 3.4
      vertex 134.025 15.3175 3.4
      vertex 134.161 15.4083 3.4
    endloop
  endfacet
  facet normal 0 0 1
    outer loop
      vertex 133.878 17.5548 3.4
      vertex 134.025 15.3175 3.4
      vertex 134.025 17.4825 3.4
    endloop
  endfacet
  facet normal 0 0 1
    outer loop
      vertex 133.878 17.5548 3.4
      vertex 133.878 15.2452 3.4
      vertex 134.025 15.3175 3.4
    endloop
  endfacet
  facet normal 0 0 1
    outer loop
      vertex 133.724 17.6074 3.4
      vertex 133.878 15.2452 3.4
      vertex 133.878 17.5548 3.4
    endloop
  endfacet
  facet normal 0 0 1
    outer loop
      vertex 133.724 17.6074 3.4
      vertex 133.724 15.1926 3.4
      vertex 133.878 15.2452 3.4
    endloop
  endfacet
  facet normal 0 0 1
    outer loop
      vertex 133.563 17.6393 3.4
      vertex 133.724 15.1926 3.4
      vertex 133.724 17.6074 3.4
    endloop
  endfacet
  facet normal 0 0 1
    outer loop
      vertex 133.563 17.6393 3.4
      vertex 133.563 15.1607 3.4
      vertex 133.724 15.1926 3.4
    endloop
  endfacet
  facet normal 0 0 1
    outer loop
      vertex 133.4 17.65 3.4
      vertex 133.563 15.1607 3.4
      vertex 133.563 17.6393 3.4
    endloop
  endfacet
  facet normal 0 0 1
    outer loop
      vertex 133.4 17.65 3.4
      vertex 133.4 15.15 3.4
      vertex 133.563 15.1607 3.4
    endloop
  endfacet
  facet normal -0 0 1
    outer loop
      vertex 133.237 17.6393 3.4
      vertex 133.4 15.15 3.4
      vertex 133.4 17.65 3.4
    endloop
  endfacet
  facet normal 0 0 1
    outer loop
      vertex 133.237 17.6393 3.4
      vertex 133.237 15.1607 3.4
      vertex 133.4 15.15 3.4
    endloop
  endfacet
  facet normal -0 0 1
    outer loop
      vertex 133.076 17.6074 3.4
      vertex 133.237 15.1607 3.4
      vertex 133.237 17.6393 3.4
    endloop
  endfacet
  facet normal 0 0 1
    outer loop
      vertex 133.076 17.6074 3.4
      vertex 133.076 15.1926 3.4
      vertex 133.237 15.1607 3.4
    endloop
  endfacet
  facet normal -0 0 1
    outer loop
      vertex 132.922 17.5548 3.4
      vertex 133.076 15.1926 3.4
      vertex 133.076 17.6074 3.4
    endloop
  endfacet
  facet normal 0 0 1
    outer loop
      vertex 132.922 17.5548 3.4
      vertex 132.922 15.2452 3.4
      vertex 133.076 15.1926 3.4
    endloop
  endfacet
  facet normal -0 0 1
    outer loop
      vertex 132.775 17.4825 3.4
      vertex 132.922 15.2452 3.4
      vertex 132.922 17.5548 3.4
    endloop
  endfacet
  facet normal 0 0 1
    outer loop
      vertex 132.775 17.4825 3.4
      vertex 132.775 15.3175 3.4
      vertex 132.922 15.2452 3.4
    endloop
  endfacet
  facet normal -0 0 1
    outer loop
      vertex 132.639 17.3917 3.4
      vertex 132.775 15.3175 3.4
      vertex 132.775 17.4825 3.4
    endloop
  endfacet
  facet normal 0 0 1
    outer loop
      vertex 132.639 17.3917 3.4
      vertex 132.639 15.4083 3.4
      vertex 132.775 15.3175 3.4
    endloop
  endfacet
  facet normal -0 0 1
    outer loop
      vertex 132.516 17.2839 3.4
      vertex 132.639 15.4083 3.4
      vertex 132.639 17.3917 3.4
    endloop
  endfacet
  facet normal 0 0 1
    outer loop
      vertex 132.516 17.2839 3.4
      vertex 132.516 15.5161 3.4
      vertex 132.639 15.4083 3.4
    endloop
  endfacet
  facet normal -0 0 1
    outer loop
      vertex 132.408 17.161 3.4
      vertex 132.516 15.5161 3.4
      vertex 132.516 17.2839 3.4
    endloop
  endfacet
  facet normal 0 0 1
    outer loop
      vertex 132.408 17.161 3.4
      vertex 132.408 15.639 3.4
      vertex 132.516 15.5161 3.4
    endloop
  endfacet
  facet normal -0 0 1
    outer loop
      vertex 132.317 17.025 3.4
      vertex 132.408 15.639 3.4
      vertex 132.408 17.161 3.4
    endloop
  endfacet
  facet normal 0 0 1
    outer loop
      vertex 132.317 17.025 3.4
      vertex 132.317 15.775 3.4
      vertex 132.408 15.639 3.4
    endloop
  endfacet
  facet normal -0 0 1
    outer loop
      vertex 132.245 16.8784 3.4
      vertex 132.317 15.775 3.4
      vertex 132.317 17.025 3.4
    endloop
  endfacet
  facet normal 0 0 1
    outer loop
      vertex 132.245 16.8784 3.4
      vertex 132.245 15.9216 3.4
      vertex 132.317 15.775 3.4
    endloop
  endfacet
  facet normal -0 0 1
    outer loop
      vertex 132.193 16.7235 3.4
      vertex 132.245 15.9216 3.4
      vertex 132.245 16.8784 3.4
    endloop
  endfacet
  facet normal 0 0 1
    outer loop
      vertex 132.193 16.7235 3.4
      vertex 132.193 16.0765 3.4
      vertex 132.245 15.9216 3.4
    endloop
  endfacet
  facet normal -0 0 1
    outer loop
      vertex 132.161 16.5632 3.4
      vertex 132.193 16.0765 3.4
      vertex 132.193 16.7235 3.4
    endloop
  endfacet
  facet normal 0 0 1
    outer loop
      vertex 132.161 16.5632 3.4
      vertex 132.161 16.2368 3.4
      vertex 132.193 16.0765 3.4
    endloop
  endfacet
  facet normal 0 -0 1
    outer loop
      vertex 132.161 16.2368 3.4
      vertex 132.161 16.5632 3.4
      vertex 132.15 16.4 3.4
    endloop
  endfacet
  facet normal 0.831109 0.55611 0
    outer loop
      vertex 132.408 15.639 6.4
      vertex 132.317 15.775 3.4
      vertex 132.317 15.775 6.4
    endloop
  endfacet
  facet normal 0.831109 0.55611 0
    outer loop
      vertex 132.317 15.775 3.4
      vertex 132.408 15.639 6.4
      vertex 132.408 15.639 3.4
    endloop
  endfacet
  facet normal 0.751174 0.660104 0
    outer loop
      vertex 132.516 15.5161 6.4
      vertex 132.408 15.639 3.4
      vertex 132.408 15.639 6.4
    endloop
  endfacet
  facet normal 0.751174 0.660104 0
    outer loop
      vertex 132.408 15.639 3.4
      vertex 132.516 15.5161 6.4
      vertex 132.516 15.5161 3.4
    endloop
  endfacet
  facet normal 0.980651 -0.195763 0
    outer loop
      vertex 132.161 16.5632 6.4
      vertex 132.193 16.7235 3.4
      vertex 132.193 16.7235 6.4
    endloop
  endfacet
  facet normal 0.980651 -0.195763 0
    outer loop
      vertex 132.193 16.7235 3.4
      vertex 132.161 16.5632 6.4
      vertex 132.161 16.5632 3.4
    endloop
  endfacet
  facet normal -0.897588 0.440835 0
    outer loop
      vertex 134.483 15.775 3.4
      vertex 134.555 15.9216 6.4
      vertex 134.555 15.9216 3.4
    endloop
  endfacet
  facet normal -0.897588 0.440835 0
    outer loop
      vertex 134.555 15.9216 6.4
      vertex 134.483 15.775 3.4
      vertex 134.483 15.775 6.4
    endloop
  endfacet
  facet normal -0.831109 0.55611 0
    outer loop
      vertex 134.392 15.639 3.4
      vertex 134.483 15.775 6.4
      vertex 134.483 15.775 3.4
    endloop
  endfacet
  facet normal -0.831109 0.55611 0
    outer loop
      vertex 134.483 15.775 6.4
      vertex 134.392 15.639 3.4
      vertex 134.392 15.639 6.4
    endloop
  endfacet
  facet normal -0.948008 0.318247 0
    outer loop
      vertex 134.555 15.9216 3.4
      vertex 134.607 16.0765 6.4
      vertex 134.607 16.0765 3.4
    endloop
  endfacet
  facet normal -0.948008 0.318247 0
    outer loop
      vertex 134.607 16.0765 6.4
      vertex 134.555 15.9216 3.4
      vertex 134.555 15.9216 6.4
    endloop
  endfacet
  facet normal 0.659278 0.7519 -0
    outer loop
      vertex 84.8749 62.8749 2.4
      vertex 84.5307 63.1767 6.4
      vertex 84.8749 62.8749 6.4
    endloop
  endfacet
  facet normal 0.659278 0.7519 0
    outer loop
      vertex 84.5307 63.1767 6.4
      vertex 84.8749 62.8749 2.4
      vertex 84.5307 63.1767 2.4
    endloop
  endfacet
  facet normal -0.946966 0.321335 0
    outer loop
      vertex 79.0193 61.3059 2.4
      vertex 79.1664 61.7394 6.4
      vertex 79.1664 61.7394 2.4
    endloop
  endfacet
  facet normal -0.946966 0.321335 0
    outer loop
      vertex 79.1664 61.7394 6.4
      vertex 79.0193 61.3059 2.4
      vertex 79.0193 61.3059 6.4
    endloop
  endfacet
  facet normal 0.997865 -0.0653156 0
    outer loop
      vertex 85.8701 59.9432 6.4
      vertex 85.9 60.4 2.4
      vertex 85.9 60.4 6.4
    endloop
  endfacet
  facet normal 0.997865 -0.0653156 0
    outer loop
      vertex 85.9 60.4 2.4
      vertex 85.8701 59.9432 6.4
      vertex 85.8701 59.9432 2.4
    endloop
  endfacet
  facet normal -0.321335 -0.946966 0
    outer loop
      vertex 81.0606 57.1664 2.4
      vertex 81.4941 57.0193 6.4
      vertex 81.0606 57.1664 6.4
    endloop
  endfacet
  facet normal -0.321335 -0.946966 -0
    outer loop
      vertex 81.4941 57.0193 6.4
      vertex 81.0606 57.1664 2.4
      vertex 81.4941 57.0193 2.4
    endloop
  endfacet
  facet normal 0.555607 0.831445 -0
    outer loop
      vertex 84.5307 63.1767 2.4
      vertex 84.15 63.4311 6.4
      vertex 84.5307 63.1767 6.4
    endloop
  endfacet
  facet normal 0.555607 0.831445 0
    outer loop
      vertex 84.15 63.4311 6.4
      vertex 84.5307 63.1767 2.4
      vertex 84.15 63.4311 2.4
    endloop
  endfacet
  facet normal -0.321335 0.946966 0
    outer loop
      vertex 81.4941 63.7807 2.4
      vertex 81.0606 63.6336 6.4
      vertex 81.4941 63.7807 6.4
    endloop
  endfacet
  facet normal -0.321335 0.946966 0
    outer loop
      vertex 81.0606 63.6336 6.4
      vertex 81.4941 63.7807 2.4
      vertex 81.0606 63.6336 2.4
    endloop
  endfacet
  facet normal -0.89686 0.442314 0
    outer loop
      vertex 79.1664 61.7394 2.4
      vertex 79.3689 62.15 6.4
      vertex 79.3689 62.15 2.4
    endloop
  endfacet
  facet normal -0.89686 0.442314 0
    outer loop
      vertex 79.3689 62.15 6.4
      vertex 79.1664 61.7394 2.4
      vertex 79.1664 61.7394 6.4
    endloop
  endfacet
  facet normal -0.89686 -0.442314 0
    outer loop
      vertex 79.3689 58.65 2.4
      vertex 79.1664 59.0606 6.4
      vertex 79.1664 59.0606 2.4
    endloop
  endfacet
  facet normal -0.89686 -0.442314 0
    outer loop
      vertex 79.1664 59.0606 6.4
      vertex 79.3689 58.65 2.4
      vertex 79.3689 58.65 6.4
    endloop
  endfacet
  facet normal 0.946966 0.321335 0
    outer loop
      vertex 85.7807 61.3059 6.4
      vertex 85.6336 61.7394 2.4
      vertex 85.6336 61.7394 6.4
    endloop
  endfacet
  facet normal 0.946966 0.321335 0
    outer loop
      vertex 85.6336 61.7394 2.4
      vertex 85.7807 61.3059 6.4
      vertex 85.7807 61.3059 2.4
    endloop
  endfacet
  facet normal 0.831445 0.555607 0
    outer loop
      vertex 85.4311 62.15 6.4
      vertex 85.1767 62.5307 2.4
      vertex 85.1767 62.5307 6.4
    endloop
  endfacet
  facet normal 0.831445 0.555607 0
    outer loop
      vertex 85.1767 62.5307 2.4
      vertex 85.4311 62.15 6.4
      vertex 85.4311 62.15 2.4
    endloop
  endfacet
  facet normal 0.7519 0.659278 0
    outer loop
      vertex 85.1767 62.5307 6.4
      vertex 84.8749 62.8749 2.4
      vertex 84.8749 62.8749 6.4
    endloop
  endfacet
  facet normal 0.7519 0.659278 0
    outer loop
      vertex 84.8749 62.8749 2.4
      vertex 85.1767 62.5307 6.4
      vertex 85.1767 62.5307 2.4
    endloop
  endfacet
  facet normal 0.442314 0.89686 -0
    outer loop
      vertex 84.15 63.4311 2.4
      vertex 83.7394 63.6336 6.4
      vertex 84.15 63.4311 6.4
    endloop
  endfacet
  facet normal 0.442314 0.89686 0
    outer loop
      vertex 83.7394 63.6336 6.4
      vertex 84.15 63.4311 2.4
      vertex 83.7394 63.6336 2.4
    endloop
  endfacet
  facet normal 0.321335 0.946966 -0
    outer loop
      vertex 83.7394 63.6336 2.4
      vertex 83.3059 63.7807 6.4
      vertex 83.7394 63.6336 6.4
    endloop
  endfacet
  facet normal 0.321335 0.946966 0
    outer loop
      vertex 83.3059 63.7807 6.4
      vertex 83.7394 63.6336 2.4
      vertex 83.3059 63.7807 2.4
    endloop
  endfacet
  facet normal -0.7519 0.659278 0
    outer loop
      vertex 79.6233 62.5307 2.4
      vertex 79.9251 62.8749 6.4
      vertex 79.9251 62.8749 2.4
    endloop
  endfacet
  facet normal -0.7519 0.659278 0
    outer loop
      vertex 79.9251 62.8749 6.4
      vertex 79.6233 62.5307 2.4
      vertex 79.6233 62.5307 6.4
    endloop
  endfacet
  facet normal -0.442314 0.89686 0
    outer loop
      vertex 81.0606 63.6336 2.4
      vertex 80.65 63.4311 6.4
      vertex 81.0606 63.6336 6.4
    endloop
  endfacet
  facet normal -0.442314 0.89686 0
    outer loop
      vertex 80.65 63.4311 6.4
      vertex 81.0606 63.6336 2.4
      vertex 80.65 63.4311 2.4
    endloop
  endfacet
  facet normal -0.555607 0.831445 0
    outer loop
      vertex 80.65 63.4311 2.4
      vertex 80.2693 63.1767 6.4
      vertex 80.65 63.4311 6.4
    endloop
  endfacet
  facet normal -0.555607 0.831445 0
    outer loop
      vertex 80.2693 63.1767 6.4
      vertex 80.65 63.4311 2.4
      vertex 80.2693 63.1767 2.4
    endloop
  endfacet
  facet normal 0.997865 0.0653156 0
    outer loop
      vertex 85.9 60.4 6.4
      vertex 85.8701 60.8568 2.4
      vertex 85.8701 60.8568 6.4
    endloop
  endfacet
  facet normal 0.997865 0.0653156 0
    outer loop
      vertex 85.8701 60.8568 2.4
      vertex 85.9 60.4 6.4
      vertex 85.9 60.4 2.4
    endloop
  endfacet
  facet normal 0.321335 -0.946966 0
    outer loop
      vertex 83.3059 57.0193 2.4
      vertex 83.7394 57.1664 6.4
      vertex 83.3059 57.0193 6.4
    endloop
  endfacet
  facet normal 0.321335 -0.946966 0
    outer loop
      vertex 83.7394 57.1664 6.4
      vertex 83.3059 57.0193 2.4
      vertex 83.7394 57.1664 2.4
    endloop
  endfacet
  facet normal 0.89686 -0.442314 0
    outer loop
      vertex 85.4311 58.65 6.4
      vertex 85.6336 59.0606 2.4
      vertex 85.6336 59.0606 6.4
    endloop
  endfacet
  facet normal 0.89686 -0.442314 0
    outer loop
      vertex 85.6336 59.0606 2.4
      vertex 85.4311 58.65 6.4
      vertex 85.4311 58.65 2.4
    endloop
  endfacet
  facet normal 0.659278 -0.7519 0
    outer loop
      vertex 84.5307 57.6233 2.4
      vertex 84.8749 57.9251 6.4
      vertex 84.5307 57.6233 6.4
    endloop
  endfacet
  facet normal 0.659278 -0.7519 0
    outer loop
      vertex 84.8749 57.9251 6.4
      vertex 84.5307 57.6233 2.4
      vertex 84.8749 57.9251 2.4
    endloop
  endfacet
  facet normal 0.442314 -0.89686 0
    outer loop
      vertex 83.7394 57.1664 2.4
      vertex 84.15 57.3689 6.4
      vertex 83.7394 57.1664 6.4
    endloop
  endfacet
  facet normal 0.442314 -0.89686 0
    outer loop
      vertex 84.15 57.3689 6.4
      vertex 83.7394 57.1664 2.4
      vertex 84.15 57.3689 2.4
    endloop
  endfacet
  facet normal -0.0653156 -0.997865 0
    outer loop
      vertex 81.9432 56.9299 2.4
      vertex 82.4 56.9 6.4
      vertex 81.9432 56.9299 6.4
    endloop
  endfacet
  facet normal -0.0653156 -0.997865 -0
    outer loop
      vertex 82.4 56.9 6.4
      vertex 81.9432 56.9299 2.4
      vertex 82.4 56.9 2.4
    endloop
  endfacet
  facet normal -0.442314 -0.89686 0
    outer loop
      vertex 80.65 57.3689 2.4
      vertex 81.0606 57.1664 6.4
      vertex 80.65 57.3689 6.4
    endloop
  endfacet
  facet normal -0.442314 -0.89686 -0
    outer loop
      vertex 81.0606 57.1664 6.4
      vertex 80.65 57.3689 2.4
      vertex 81.0606 57.1664 2.4
    endloop
  endfacet
  facet normal -0.980757 -0.195234 0
    outer loop
      vertex 79.0193 59.4941 2.4
      vertex 78.9299 59.9432 6.4
      vertex 78.9299 59.9432 2.4
    endloop
  endfacet
  facet normal -0.980757 -0.195234 0
    outer loop
      vertex 78.9299 59.9432 6.4
      vertex 79.0193 59.4941 2.4
      vertex 79.0193 59.4941 6.4
    endloop
  endfacet
  facet normal 0.980757 0.195234 0
    outer loop
      vertex 85.8701 60.8568 6.4
      vertex 85.7807 61.3059 2.4
      vertex 85.7807 61.3059 6.4
    endloop
  endfacet
  facet normal 0.980757 0.195234 0
    outer loop
      vertex 85.7807 61.3059 2.4
      vertex 85.8701 60.8568 6.4
      vertex 85.8701 60.8568 2.4
    endloop
  endfacet
  facet normal 0.89686 0.442314 0
    outer loop
      vertex 85.6336 61.7394 6.4
      vertex 85.4311 62.15 2.4
      vertex 85.4311 62.15 6.4
    endloop
  endfacet
  facet normal 0.89686 0.442314 0
    outer loop
      vertex 85.4311 62.15 2.4
      vertex 85.6336 61.7394 6.4
      vertex 85.6336 61.7394 2.4
    endloop
  endfacet
  facet normal 0.0653156 0.997865 -0
    outer loop
      vertex 82.8568 63.8701 2.4
      vertex 82.4 63.9 6.4
      vertex 82.8568 63.8701 6.4
    endloop
  endfacet
  facet normal 0.0653156 0.997865 0
    outer loop
      vertex 82.4 63.9 6.4
      vertex 82.8568 63.8701 2.4
      vertex 82.4 63.9 2.4
    endloop
  endfacet
  facet normal -0.997865 0.0653156 0
    outer loop
      vertex 78.9 60.4 2.4
      vertex 78.9299 60.8568 6.4
      vertex 78.9299 60.8568 2.4
    endloop
  endfacet
  facet normal -0.997865 0.0653156 0
    outer loop
      vertex 78.9299 60.8568 6.4
      vertex 78.9 60.4 2.4
      vertex 78.9 60.4 6.4
    endloop
  endfacet
  facet normal -0.831445 0.555607 0
    outer loop
      vertex 79.3689 62.15 2.4
      vertex 79.6233 62.5307 6.4
      vertex 79.6233 62.5307 2.4
    endloop
  endfacet
  facet normal -0.831445 0.555607 0
    outer loop
      vertex 79.6233 62.5307 6.4
      vertex 79.3689 62.15 2.4
      vertex 79.3689 62.15 6.4
    endloop
  endfacet
  facet normal -0.0653156 0.997865 0
    outer loop
      vertex 82.4 63.9 2.4
      vertex 81.9432 63.8701 6.4
      vertex 82.4 63.9 6.4
    endloop
  endfacet
  facet normal -0.0653156 0.997865 0
    outer loop
      vertex 81.9432 63.8701 6.4
      vertex 82.4 63.9 2.4
      vertex 81.9432 63.8701 2.4
    endloop
  endfacet
  facet normal -0.195234 0.980757 0
    outer loop
      vertex 81.9432 63.8701 2.4
      vertex 81.4941 63.7807 6.4
      vertex 81.9432 63.8701 6.4
    endloop
  endfacet
  facet normal -0.195234 0.980757 0
    outer loop
      vertex 81.4941 63.7807 6.4
      vertex 81.9432 63.8701 2.4
      vertex 81.4941 63.7807 2.4
    endloop
  endfacet
  facet normal -0.659278 0.7519 0
    outer loop
      vertex 80.2693 63.1767 2.4
      vertex 79.9251 62.8749 6.4
      vertex 80.2693 63.1767 6.4
    endloop
  endfacet
  facet normal -0.659278 0.7519 0
    outer loop
      vertex 79.9251 62.8749 6.4
      vertex 80.2693 63.1767 2.4
      vertex 79.9251 62.8749 2.4
    endloop
  endfacet
  facet normal 0.0653156 -0.997865 0
    outer loop
      vertex 82.4 56.9 2.4
      vertex 82.8568 56.9299 6.4
      vertex 82.4 56.9 6.4
    endloop
  endfacet
  facet normal 0.0653156 -0.997865 0
    outer loop
      vertex 82.8568 56.9299 6.4
      vertex 82.4 56.9 2.4
      vertex 82.8568 56.9299 2.4
    endloop
  endfacet
  facet normal 0.980757 -0.195234 0
    outer loop
      vertex 85.7807 59.4941 6.4
      vertex 85.8701 59.9432 2.4
      vertex 85.8701 59.9432 6.4
    endloop
  endfacet
  facet normal 0.980757 -0.195234 0
    outer loop
      vertex 85.8701 59.9432 2.4
      vertex 85.7807 59.4941 6.4
      vertex 85.7807 59.4941 2.4
    endloop
  endfacet
  facet normal 0.831445 -0.555607 0
    outer loop
      vertex 85.1767 58.2693 6.4
      vertex 85.4311 58.65 2.4
      vertex 85.4311 58.65 6.4
    endloop
  endfacet
  facet normal 0.831445 -0.555607 0
    outer loop
      vertex 85.4311 58.65 2.4
      vertex 85.1767 58.2693 6.4
      vertex 85.1767 58.2693 2.4
    endloop
  endfacet
  facet normal 0.195234 -0.980757 0
    outer loop
      vertex 82.8568 56.9299 2.4
      vertex 83.3059 57.0193 6.4
      vertex 82.8568 56.9299 6.4
    endloop
  endfacet
  facet normal 0.195234 -0.980757 0
    outer loop
      vertex 83.3059 57.0193 6.4
      vertex 82.8568 56.9299 2.4
      vertex 83.3059 57.0193 2.4
    endloop
  endfacet
  facet normal 0.555607 -0.831445 0
    outer loop
      vertex 84.15 57.3689 2.4
      vertex 84.5307 57.6233 6.4
      vertex 84.15 57.3689 6.4
    endloop
  endfacet
  facet normal 0.555607 -0.831445 0
    outer loop
      vertex 84.5307 57.6233 6.4
      vertex 84.15 57.3689 2.4
      vertex 84.5307 57.6233 2.4
    endloop
  endfacet
  facet normal -0.195234 -0.980757 0
    outer loop
      vertex 81.4941 57.0193 2.4
      vertex 81.9432 56.9299 6.4
      vertex 81.4941 57.0193 6.4
    endloop
  endfacet
  facet normal -0.195234 -0.980757 -0
    outer loop
      vertex 81.9432 56.9299 6.4
      vertex 81.4941 57.0193 2.4
      vertex 81.9432 56.9299 2.4
    endloop
  endfacet
  facet normal -0.659278 -0.7519 0
    outer loop
      vertex 79.9251 57.9251 2.4
      vertex 80.2693 57.6233 6.4
      vertex 79.9251 57.9251 6.4
    endloop
  endfacet
  facet normal -0.659278 -0.7519 -0
    outer loop
      vertex 80.2693 57.6233 6.4
      vertex 79.9251 57.9251 2.4
      vertex 80.2693 57.6233 2.4
    endloop
  endfacet
  facet normal -0.946966 -0.321335 0
    outer loop
      vertex 79.1664 59.0606 2.4
      vertex 79.0193 59.4941 6.4
      vertex 79.0193 59.4941 2.4
    endloop
  endfacet
  facet normal -0.946966 -0.321335 0
    outer loop
      vertex 79.0193 59.4941 6.4
      vertex 79.1664 59.0606 2.4
      vertex 79.1664 59.0606 6.4
    endloop
  endfacet
  facet normal -0.997865 -0.0653156 0
    outer loop
      vertex 78.9299 59.9432 2.4
      vertex 78.9 60.4 6.4
      vertex 78.9 60.4 2.4
    endloop
  endfacet
  facet normal -0.997865 -0.0653156 0
    outer loop
      vertex 78.9 60.4 6.4
      vertex 78.9299 59.9432 2.4
      vertex 78.9299 59.9432 6.4
    endloop
  endfacet
  facet normal 0 0 -1
    outer loop
      vertex 85.8701 59.9432 2.4
      vertex 85.8701 60.8568 2.4
      vertex 85.9 60.4 2.4
    endloop
  endfacet
  facet normal 0 0 -1
    outer loop
      vertex 85.7807 59.4941 2.4
      vertex 85.8701 60.8568 2.4
      vertex 85.8701 59.9432 2.4
    endloop
  endfacet
  facet normal 0 0 -1
    outer loop
      vertex 85.7807 59.4941 2.4
      vertex 85.7807 61.3059 2.4
      vertex 85.8701 60.8568 2.4
    endloop
  endfacet
  facet normal 0 0 -1
    outer loop
      vertex 85.6336 59.0606 2.4
      vertex 85.7807 61.3059 2.4
      vertex 85.7807 59.4941 2.4
    endloop
  endfacet
  facet normal 0 0 -1
    outer loop
      vertex 85.6336 59.0606 2.4
      vertex 85.6336 61.7394 2.4
      vertex 85.7807 61.3059 2.4
    endloop
  endfacet
  facet normal 0 0 -1
    outer loop
      vertex 85.4311 58.65 2.4
      vertex 85.6336 61.7394 2.4
      vertex 85.6336 59.0606 2.4
    endloop
  endfacet
  facet normal 0 0 -1
    outer loop
      vertex 85.4311 58.65 2.4
      vertex 85.4311 62.15 2.4
      vertex 85.6336 61.7394 2.4
    endloop
  endfacet
  facet normal 0 0 -1
    outer loop
      vertex 85.1767 58.2693 2.4
      vertex 85.4311 62.15 2.4
      vertex 85.4311 58.65 2.4
    endloop
  endfacet
  facet normal 0 0 -1
    outer loop
      vertex 85.1767 58.2693 2.4
      vertex 85.1767 62.5307 2.4
      vertex 85.4311 62.15 2.4
    endloop
  endfacet
  facet normal 0 0 -1
    outer loop
      vertex 84.8749 57.9251 2.4
      vertex 85.1767 62.5307 2.4
      vertex 85.1767 58.2693 2.4
    endloop
  endfacet
  facet normal 0 0 -1
    outer loop
      vertex 84.8749 57.9251 2.4
      vertex 84.8749 62.8749 2.4
      vertex 85.1767 62.5307 2.4
    endloop
  endfacet
  facet normal 0 0 -1
    outer loop
      vertex 84.5307 57.6233 2.4
      vertex 84.8749 62.8749 2.4
      vertex 84.8749 57.9251 2.4
    endloop
  endfacet
  facet normal 0 0 -1
    outer loop
      vertex 84.5307 57.6233 2.4
      vertex 84.5307 63.1767 2.4
      vertex 84.8749 62.8749 2.4
    endloop
  endfacet
  facet normal 0 0 -1
    outer loop
      vertex 84.15 57.3689 2.4
      vertex 84.5307 63.1767 2.4
      vertex 84.5307 57.6233 2.4
    endloop
  endfacet
  facet normal 0 0 -1
    outer loop
      vertex 84.15 57.3689 2.4
      vertex 84.15 63.4311 2.4
      vertex 84.5307 63.1767 2.4
    endloop
  endfacet
  facet normal 0 0 -1
    outer loop
      vertex 83.7394 57.1664 2.4
      vertex 84.15 63.4311 2.4
      vertex 84.15 57.3689 2.4
    endloop
  endfacet
  facet normal 0 0 -1
    outer loop
      vertex 83.7394 57.1664 2.4
      vertex 83.7394 63.6336 2.4
      vertex 84.15 63.4311 2.4
    endloop
  endfacet
  facet normal 0 0 -1
    outer loop
      vertex 83.3059 57.0193 2.4
      vertex 83.7394 63.6336 2.4
      vertex 83.7394 57.1664 2.4
    endloop
  endfacet
  facet normal 0 0 -1
    outer loop
      vertex 83.3059 57.0193 2.4
      vertex 83.3059 63.7807 2.4
      vertex 83.7394 63.6336 2.4
    endloop
  endfacet
  facet normal 0 0 -1
    outer loop
      vertex 82.8568 56.9299 2.4
      vertex 83.3059 63.7807 2.4
      vertex 83.3059 57.0193 2.4
    endloop
  endfacet
  facet normal 0 0 -1
    outer loop
      vertex 82.8568 56.9299 2.4
      vertex 82.8568 63.8701 2.4
      vertex 83.3059 63.7807 2.4
    endloop
  endfacet
  facet normal 0 0 -1
    outer loop
      vertex 82.4 56.9 2.4
      vertex 82.8568 63.8701 2.4
      vertex 82.8568 56.9299 2.4
    endloop
  endfacet
  facet normal 0 0 -1
    outer loop
      vertex 82.4 56.9 2.4
      vertex 82.4 63.9 2.4
      vertex 82.8568 63.8701 2.4
    endloop
  endfacet
  facet normal 0 0 -1
    outer loop
      vertex 81.9432 56.9299 2.4
      vertex 82.4 63.9 2.4
      vertex 82.4 56.9 2.4
    endloop
  endfacet
  facet normal 0 0 -1
    outer loop
      vertex 81.9432 56.9299 2.4
      vertex 81.9432 63.8701 2.4
      vertex 82.4 63.9 2.4
    endloop
  endfacet
  facet normal 0 0 -1
    outer loop
      vertex 81.4941 57.0193 2.4
      vertex 81.9432 63.8701 2.4
      vertex 81.9432 56.9299 2.4
    endloop
  endfacet
  facet normal 0 0 -1
    outer loop
      vertex 81.4941 57.0193 2.4
      vertex 81.4941 63.7807 2.4
      vertex 81.9432 63.8701 2.4
    endloop
  endfacet
  facet normal 0 0 -1
    outer loop
      vertex 81.0606 57.1664 2.4
      vertex 81.4941 63.7807 2.4
      vertex 81.4941 57.0193 2.4
    endloop
  endfacet
  facet normal 0 0 -1
    outer loop
      vertex 81.0606 57.1664 2.4
      vertex 81.0606 63.6336 2.4
      vertex 81.4941 63.7807 2.4
    endloop
  endfacet
  facet normal 0 0 -1
    outer loop
      vertex 80.65 57.3689 2.4
      vertex 81.0606 63.6336 2.4
      vertex 81.0606 57.1664 2.4
    endloop
  endfacet
  facet normal 0 0 -1
    outer loop
      vertex 80.65 57.3689 2.4
      vertex 80.65 63.4311 2.4
      vertex 81.0606 63.6336 2.4
    endloop
  endfacet
  facet normal 0 0 -1
    outer loop
      vertex 80.2693 57.6233 2.4
      vertex 80.65 63.4311 2.4
      vertex 80.65 57.3689 2.4
    endloop
  endfacet
  facet normal 0 0 -1
    outer loop
      vertex 80.2693 57.6233 2.4
      vertex 80.2693 63.1767 2.4
      vertex 80.65 63.4311 2.4
    endloop
  endfacet
  facet normal 0 0 -1
    outer loop
      vertex 79.9251 57.9251 2.4
      vertex 80.2693 63.1767 2.4
      vertex 80.2693 57.6233 2.4
    endloop
  endfacet
  facet normal 0 0 -1
    outer loop
      vertex 79.9251 57.9251 2.4
      vertex 79.9251 62.8749 2.4
      vertex 80.2693 63.1767 2.4
    endloop
  endfacet
  facet normal 0 0 -1
    outer loop
      vertex 79.6233 58.2693 2.4
      vertex 79.9251 62.8749 2.4
      vertex 79.9251 57.9251 2.4
    endloop
  endfacet
  facet normal 0 0 -1
    outer loop
      vertex 79.6233 58.2693 2.4
      vertex 79.6233 62.5307 2.4
      vertex 79.9251 62.8749 2.4
    endloop
  endfacet
  facet normal 0 0 -1
    outer loop
      vertex 79.3689 58.65 2.4
      vertex 79.6233 62.5307 2.4
      vertex 79.6233 58.2693 2.4
    endloop
  endfacet
  facet normal 0 0 -1
    outer loop
      vertex 79.3689 58.65 2.4
      vertex 79.3689 62.15 2.4
      vertex 79.6233 62.5307 2.4
    endloop
  endfacet
  facet normal 0 0 -1
    outer loop
      vertex 79.1664 59.0606 2.4
      vertex 79.3689 62.15 2.4
      vertex 79.3689 58.65 2.4
    endloop
  endfacet
  facet normal 0 0 -1
    outer loop
      vertex 79.1664 59.0606 2.4
      vertex 79.1664 61.7394 2.4
      vertex 79.3689 62.15 2.4
    endloop
  endfacet
  facet normal 0 0 -1
    outer loop
      vertex 79.0193 59.4941 2.4
      vertex 79.1664 61.7394 2.4
      vertex 79.1664 59.0606 2.4
    endloop
  endfacet
  facet normal 0 0 -1
    outer loop
      vertex 79.0193 59.4941 2.4
      vertex 79.0193 61.3059 2.4
      vertex 79.1664 61.7394 2.4
    endloop
  endfacet
  facet normal 0 0 -1
    outer loop
      vertex 78.9299 59.9432 2.4
      vertex 79.0193 61.3059 2.4
      vertex 79.0193 59.4941 2.4
    endloop
  endfacet
  facet normal 0 0 -1
    outer loop
      vertex 78.9299 59.9432 2.4
      vertex 78.9299 60.8568 2.4
      vertex 79.0193 61.3059 2.4
    endloop
  endfacet
  facet normal 0 -0 -1
    outer loop
      vertex 78.9299 60.8568 2.4
      vertex 78.9299 59.9432 2.4
      vertex 78.9 60.4 2.4
    endloop
  endfacet
  facet normal -0.831445 -0.555607 0
    outer loop
      vertex 79.6233 58.2693 2.4
      vertex 79.3689 58.65 6.4
      vertex 79.3689 58.65 2.4
    endloop
  endfacet
  facet normal -0.831445 -0.555607 0
    outer loop
      vertex 79.3689 58.65 6.4
      vertex 79.6233 58.2693 2.4
      vertex 79.6233 58.2693 6.4
    endloop
  endfacet
  facet normal -0.7519 -0.659278 0
    outer loop
      vertex 79.9251 57.9251 2.4
      vertex 79.6233 58.2693 6.4
      vertex 79.6233 58.2693 2.4
    endloop
  endfacet
  facet normal -0.7519 -0.659278 0
    outer loop
      vertex 79.6233 58.2693 6.4
      vertex 79.9251 57.9251 2.4
      vertex 79.9251 57.9251 6.4
    endloop
  endfacet
  facet normal 0.195234 0.980757 -0
    outer loop
      vertex 83.3059 63.7807 2.4
      vertex 82.8568 63.8701 6.4
      vertex 83.3059 63.7807 6.4
    endloop
  endfacet
  facet normal 0.195234 0.980757 0
    outer loop
      vertex 82.8568 63.8701 6.4
      vertex 83.3059 63.7807 2.4
      vertex 82.8568 63.8701 2.4
    endloop
  endfacet
  facet normal 0 0 1
    outer loop
      vertex 83.65 60.4 6.4
      vertex 85.9 60.4 6.4
      vertex 85.8701 60.8568 6.4
    endloop
  endfacet
  facet normal 0 0 1
    outer loop
      vertex 83.6393 60.5632 6.4
      vertex 85.8701 60.8568 6.4
      vertex 85.7807 61.3059 6.4
    endloop
  endfacet
  facet normal 0 0 1
    outer loop
      vertex 85.9 60.4 6.4
      vertex 83.65 60.4 6.4
      vertex 85.8701 59.9432 6.4
    endloop
  endfacet
  facet normal 0 0 1
    outer loop
      vertex 83.6074 60.7235 6.4
      vertex 85.7807 61.3059 6.4
      vertex 85.6336 61.7394 6.4
    endloop
  endfacet
  facet normal -0 0 1
    outer loop
      vertex 83.6393 60.2368 6.4
      vertex 85.8701 59.9432 6.4
      vertex 83.65 60.4 6.4
    endloop
  endfacet
  facet normal 0 0 1
    outer loop
      vertex 83.5548 60.8784 6.4
      vertex 85.6336 61.7394 6.4
      vertex 85.4311 62.15 6.4
    endloop
  endfacet
  facet normal 0 0 1
    outer loop
      vertex 85.8701 59.9432 6.4
      vertex 83.6393 60.2368 6.4
      vertex 85.7807 59.4941 6.4
    endloop
  endfacet
  facet normal 0 0 1
    outer loop
      vertex 83.4825 61.025 6.4
      vertex 85.4311 62.15 6.4
      vertex 85.1767 62.5307 6.4
    endloop
  endfacet
  facet normal -0 0 1
    outer loop
      vertex 83.6074 60.0765 6.4
      vertex 85.7807 59.4941 6.4
      vertex 83.6393 60.2368 6.4
    endloop
  endfacet
  facet normal 0 0 1
    outer loop
      vertex 83.3917 61.1609 6.4
      vertex 85.1767 62.5307 6.4
      vertex 84.8749 62.8749 6.4
    endloop
  endfacet
  facet normal 0 0 1
    outer loop
      vertex 85.7807 59.4941 6.4
      vertex 83.6074 60.0765 6.4
      vertex 85.6336 59.0606 6.4
    endloop
  endfacet
  facet normal 0 0 1
    outer loop
      vertex 83.2839 61.2839 6.4
      vertex 84.8749 62.8749 6.4
      vertex 84.5307 63.1767 6.4
    endloop
  endfacet
  facet normal -0 0 1
    outer loop
      vertex 83.5548 59.9216 6.4
      vertex 85.6336 59.0606 6.4
      vertex 83.6074 60.0765 6.4
    endloop
  endfacet
  facet normal 0 0 1
    outer loop
      vertex 83.1609 61.3917 6.4
      vertex 84.5307 63.1767 6.4
      vertex 84.15 63.4311 6.4
    endloop
  endfacet
  facet normal 0 0 1
    outer loop
      vertex 85.6336 59.0606 6.4
      vertex 83.5548 59.9216 6.4
      vertex 85.4311 58.65 6.4
    endloop
  endfacet
  facet normal 0 0 1
    outer loop
      vertex 83.025 61.4825 6.4
      vertex 84.15 63.4311 6.4
      vertex 83.7394 63.6336 6.4
    endloop
  endfacet
  facet normal -0 0 1
    outer loop
      vertex 83.4825 59.775 6.4
      vertex 85.4311 58.65 6.4
      vertex 83.5548 59.9216 6.4
    endloop
  endfacet
  facet normal 0 0 1
    outer loop
      vertex 85.4311 58.65 6.4
      vertex 83.4825 59.775 6.4
      vertex 85.1767 58.2693 6.4
    endloop
  endfacet
  facet normal 0 0 1
    outer loop
      vertex 85.8701 60.8568 6.4
      vertex 83.6393 60.5632 6.4
      vertex 83.65 60.4 6.4
    endloop
  endfacet
  facet normal 0 0 1
    outer loop
      vertex 85.7807 61.3059 6.4
      vertex 83.6074 60.7235 6.4
      vertex 83.6393 60.5632 6.4
    endloop
  endfacet
  facet normal 0 0 1
    outer loop
      vertex 85.6336 61.7394 6.4
      vertex 83.5548 60.8784 6.4
      vertex 83.6074 60.7235 6.4
    endloop
  endfacet
  facet normal 0 0 1
    outer loop
      vertex 85.4311 62.15 6.4
      vertex 83.4825 61.025 6.4
      vertex 83.5548 60.8784 6.4
    endloop
  endfacet
  facet normal 0 0 1
    outer loop
      vertex 85.1767 62.5307 6.4
      vertex 83.3917 61.1609 6.4
      vertex 83.4825 61.025 6.4
    endloop
  endfacet
  facet normal 0 0 1
    outer loop
      vertex 82.8784 61.5548 6.4
      vertex 83.7394 63.6336 6.4
      vertex 83.3059 63.7807 6.4
    endloop
  endfacet
  facet normal 0 0 1
    outer loop
      vertex 84.8749 62.8749 6.4
      vertex 83.2839 61.2839 6.4
      vertex 83.3917 61.1609 6.4
    endloop
  endfacet
  facet normal 0 0 1
    outer loop
      vertex 84.5307 63.1767 6.4
      vertex 83.1609 61.3917 6.4
      vertex 83.2839 61.2839 6.4
    endloop
  endfacet
  facet normal 0 0 1
    outer loop
      vertex 84.15 63.4311 6.4
      vertex 83.025 61.4825 6.4
      vertex 83.1609 61.3917 6.4
    endloop
  endfacet
  facet normal 0 0 1
    outer loop
      vertex 83.7394 63.6336 6.4
      vertex 82.8784 61.5548 6.4
      vertex 83.025 61.4825 6.4
    endloop
  endfacet
  facet normal 0 0 1
    outer loop
      vertex 82.7235 61.6074 6.4
      vertex 83.3059 63.7807 6.4
      vertex 82.8568 63.8701 6.4
    endloop
  endfacet
  facet normal 0 0 1
    outer loop
      vertex 83.3059 63.7807 6.4
      vertex 82.7235 61.6074 6.4
      vertex 82.8784 61.5548 6.4
    endloop
  endfacet
  facet normal 0 0 1
    outer loop
      vertex 82.8568 63.8701 6.4
      vertex 82.5632 61.6393 6.4
      vertex 82.7235 61.6074 6.4
    endloop
  endfacet
  facet normal 0 0 1
    outer loop
      vertex 82.4 63.9 6.4
      vertex 82.5632 61.6393 6.4
      vertex 82.8568 63.8701 6.4
    endloop
  endfacet
  facet normal 0 0 1
    outer loop
      vertex 82.4 63.9 6.4
      vertex 82.4 61.65 6.4
      vertex 82.5632 61.6393 6.4
    endloop
  endfacet
  facet normal 0 0 1
    outer loop
      vertex 82.4 63.9 6.4
      vertex 82.2368 61.6393 6.4
      vertex 82.4 61.65 6.4
    endloop
  endfacet
  facet normal -0 0 1
    outer loop
      vertex 81.9432 63.8701 6.4
      vertex 82.2368 61.6393 6.4
      vertex 82.4 63.9 6.4
    endloop
  endfacet
  facet normal 0 0 1
    outer loop
      vertex 82.2368 61.6393 6.4
      vertex 81.9432 63.8701 6.4
      vertex 82.0765 61.6074 6.4
    endloop
  endfacet
  facet normal -0 0 1
    outer loop
      vertex 81.4941 63.7807 6.4
      vertex 82.0765 61.6074 6.4
      vertex 81.9432 63.8701 6.4
    endloop
  endfacet
  facet normal 0 0 1
    outer loop
      vertex 82.0765 61.6074 6.4
      vertex 81.4941 63.7807 6.4
      vertex 81.9216 61.5548 6.4
    endloop
  endfacet
  facet normal -0 0 1
    outer loop
      vertex 81.0606 63.6336 6.4
      vertex 81.9216 61.5548 6.4
      vertex 81.4941 63.7807 6.4
    endloop
  endfacet
  facet normal 0 0 1
    outer loop
      vertex 81.9216 61.5548 6.4
      vertex 81.0606 63.6336 6.4
      vertex 81.775 61.4825 6.4
    endloop
  endfacet
  facet normal -0 0 1
    outer loop
      vertex 80.65 63.4311 6.4
      vertex 81.775 61.4825 6.4
      vertex 81.0606 63.6336 6.4
    endloop
  endfacet
  facet normal 0 0 1
    outer loop
      vertex 81.775 61.4825 6.4
      vertex 80.65 63.4311 6.4
      vertex 81.639 61.3917 6.4
    endloop
  endfacet
  facet normal -0 0 1
    outer loop
      vertex 80.2693 63.1767 6.4
      vertex 81.639 61.3917 6.4
      vertex 80.65 63.4311 6.4
    endloop
  endfacet
  facet normal 0 0 1
    outer loop
      vertex 81.639 61.3917 6.4
      vertex 80.2693 63.1767 6.4
      vertex 81.5161 61.2839 6.4
    endloop
  endfacet
  facet normal -0 0 1
    outer loop
      vertex 79.9251 62.8749 6.4
      vertex 81.5161 61.2839 6.4
      vertex 80.2693 63.1767 6.4
    endloop
  endfacet
  facet normal 0 0 1
    outer loop
      vertex 81.5161 61.2839 6.4
      vertex 79.9251 62.8749 6.4
      vertex 81.4083 61.1609 6.4
    endloop
  endfacet
  facet normal 0 0 1
    outer loop
      vertex 81.4083 61.1609 6.4
      vertex 79.6233 62.5307 6.4
      vertex 81.3175 61.025 6.4
    endloop
  endfacet
  facet normal -0 0 1
    outer loop
      vertex 79.6233 62.5307 6.4
      vertex 81.4083 61.1609 6.4
      vertex 79.9251 62.8749 6.4
    endloop
  endfacet
  facet normal -0 0 1
    outer loop
      vertex 83.3917 59.639 6.4
      vertex 85.1767 58.2693 6.4
      vertex 83.4825 59.775 6.4
    endloop
  endfacet
  facet normal 0 0 1
    outer loop
      vertex 85.1767 58.2693 6.4
      vertex 83.3917 59.639 6.4
      vertex 84.8749 57.9251 6.4
    endloop
  endfacet
  facet normal -0 0 1
    outer loop
      vertex 83.2839 59.5161 6.4
      vertex 84.8749 57.9251 6.4
      vertex 83.3917 59.639 6.4
    endloop
  endfacet
  facet normal 0 0 1
    outer loop
      vertex 84.8749 57.9251 6.4
      vertex 83.2839 59.5161 6.4
      vertex 84.5307 57.6233 6.4
    endloop
  endfacet
  facet normal -0 0 1
    outer loop
      vertex 83.1609 59.4083 6.4
      vertex 84.5307 57.6233 6.4
      vertex 83.2839 59.5161 6.4
    endloop
  endfacet
  facet normal 0 0 1
    outer loop
      vertex 84.5307 57.6233 6.4
      vertex 83.1609 59.4083 6.4
      vertex 84.15 57.3689 6.4
    endloop
  endfacet
  facet normal -0 0 1
    outer loop
      vertex 83.025 59.3175 6.4
      vertex 84.15 57.3689 6.4
      vertex 83.1609 59.4083 6.4
    endloop
  endfacet
  facet normal 0 0 1
    outer loop
      vertex 84.15 57.3689 6.4
      vertex 83.025 59.3175 6.4
      vertex 83.7394 57.1664 6.4
    endloop
  endfacet
  facet normal -0 0 1
    outer loop
      vertex 82.8784 59.2452 6.4
      vertex 83.7394 57.1664 6.4
      vertex 83.025 59.3175 6.4
    endloop
  endfacet
  facet normal 0 0 1
    outer loop
      vertex 83.7394 57.1664 6.4
      vertex 82.8784 59.2452 6.4
      vertex 83.3059 57.0193 6.4
    endloop
  endfacet
  facet normal -0 0 1
    outer loop
      vertex 82.7235 59.1926 6.4
      vertex 83.3059 57.0193 6.4
      vertex 82.8784 59.2452 6.4
    endloop
  endfacet
  facet normal 0 0 1
    outer loop
      vertex 83.3059 57.0193 6.4
      vertex 82.7235 59.1926 6.4
      vertex 82.8568 56.9299 6.4
    endloop
  endfacet
  facet normal -0 0 1
    outer loop
      vertex 82.5632 59.1607 6.4
      vertex 82.8568 56.9299 6.4
      vertex 82.7235 59.1926 6.4
    endloop
  endfacet
  facet normal -0 0 1
    outer loop
      vertex 82.4 59.15 6.4
      vertex 82.8568 56.9299 6.4
      vertex 82.5632 59.1607 6.4
    endloop
  endfacet
  facet normal 0 0 1
    outer loop
      vertex 82.4 59.15 6.4
      vertex 82.4 56.9 6.4
      vertex 82.8568 56.9299 6.4
    endloop
  endfacet
  facet normal 0 0 1
    outer loop
      vertex 82.2368 59.1607 6.4
      vertex 82.4 56.9 6.4
      vertex 82.4 59.15 6.4
    endloop
  endfacet
  facet normal 0 0 1
    outer loop
      vertex 81.9432 56.9299 6.4
      vertex 82.2368 59.1607 6.4
      vertex 82.0765 59.1926 6.4
    endloop
  endfacet
  facet normal 0 0 1
    outer loop
      vertex 82.2368 59.1607 6.4
      vertex 81.9432 56.9299 6.4
      vertex 82.4 56.9 6.4
    endloop
  endfacet
  facet normal 0 0 1
    outer loop
      vertex 81.4941 57.0193 6.4
      vertex 82.0765 59.1926 6.4
      vertex 81.9216 59.2452 6.4
    endloop
  endfacet
  facet normal 0 0 1
    outer loop
      vertex 81.0606 57.1664 6.4
      vertex 81.9216 59.2452 6.4
      vertex 81.775 59.3175 6.4
    endloop
  endfacet
  facet normal 0 0 1
    outer loop
      vertex 80.65 57.3689 6.4
      vertex 81.775 59.3175 6.4
      vertex 81.639 59.4083 6.4
    endloop
  endfacet
  facet normal 0 0 1
    outer loop
      vertex 80.2693 57.6233 6.4
      vertex 81.639 59.4083 6.4
      vertex 81.5161 59.5161 6.4
    endloop
  endfacet
  facet normal 0 0 1
    outer loop
      vertex 82.0765 59.1926 6.4
      vertex 81.4941 57.0193 6.4
      vertex 81.9432 56.9299 6.4
    endloop
  endfacet
  facet normal 0 0 1
    outer loop
      vertex 79.9251 57.9251 6.4
      vertex 81.5161 59.5161 6.4
      vertex 81.4083 59.639 6.4
    endloop
  endfacet
  facet normal 0 0 1
    outer loop
      vertex 79.6233 58.2693 6.4
      vertex 81.4083 59.639 6.4
      vertex 81.3175 59.775 6.4
    endloop
  endfacet
  facet normal 0 0 1
    outer loop
      vertex 79.3689 58.65 6.4
      vertex 81.3175 59.775 6.4
      vertex 81.2451 59.9216 6.4
    endloop
  endfacet
  facet normal 0 0 1
    outer loop
      vertex 79.1664 59.0606 6.4
      vertex 81.2451 59.9216 6.4
      vertex 81.1926 60.0765 6.4
    endloop
  endfacet
  facet normal 0 0 1
    outer loop
      vertex 79.0193 59.4941 6.4
      vertex 81.1926 60.0765 6.4
      vertex 81.1607 60.2368 6.4
    endloop
  endfacet
  facet normal 0 0 1
    outer loop
      vertex 81.9216 59.2452 6.4
      vertex 81.0606 57.1664 6.4
      vertex 81.4941 57.0193 6.4
    endloop
  endfacet
  facet normal 0 0 1
    outer loop
      vertex 78.9299 59.9432 6.4
      vertex 81.1607 60.2368 6.4
      vertex 81.15 60.4 6.4
    endloop
  endfacet
  facet normal -0 0 1
    outer loop
      vertex 79.3689 62.15 6.4
      vertex 81.3175 61.025 6.4
      vertex 79.6233 62.5307 6.4
    endloop
  endfacet
  facet normal 0 0 1
    outer loop
      vertex 81.3175 61.025 6.4
      vertex 79.3689 62.15 6.4
      vertex 81.2451 60.8784 6.4
    endloop
  endfacet
  facet normal 0 0 1
    outer loop
      vertex 81.775 59.3175 6.4
      vertex 80.65 57.3689 6.4
      vertex 81.0606 57.1664 6.4
    endloop
  endfacet
  facet normal -0 0 1
    outer loop
      vertex 79.1664 61.7394 6.4
      vertex 81.2451 60.8784 6.4
      vertex 79.3689 62.15 6.4
    endloop
  endfacet
  facet normal 0 0 1
    outer loop
      vertex 81.639 59.4083 6.4
      vertex 80.2693 57.6233 6.4
      vertex 80.65 57.3689 6.4
    endloop
  endfacet
  facet normal 0 0 1
    outer loop
      vertex 81.2451 60.8784 6.4
      vertex 79.1664 61.7394 6.4
      vertex 81.1926 60.7235 6.4
    endloop
  endfacet
  facet normal 0 0 1
    outer loop
      vertex 81.5161 59.5161 6.4
      vertex 79.9251 57.9251 6.4
      vertex 80.2693 57.6233 6.4
    endloop
  endfacet
  facet normal -0 0 1
    outer loop
      vertex 79.0193 61.3059 6.4
      vertex 81.1926 60.7235 6.4
      vertex 79.1664 61.7394 6.4
    endloop
  endfacet
  facet normal 0 0 1
    outer loop
      vertex 81.4083 59.639 6.4
      vertex 79.6233 58.2693 6.4
      vertex 79.9251 57.9251 6.4
    endloop
  endfacet
  facet normal 0 0 1
    outer loop
      vertex 81.1926 60.7235 6.4
      vertex 79.0193 61.3059 6.4
      vertex 81.1607 60.5632 6.4
    endloop
  endfacet
  facet normal 0 0 1
    outer loop
      vertex 81.3175 59.775 6.4
      vertex 79.3689 58.65 6.4
      vertex 79.6233 58.2693 6.4
    endloop
  endfacet
  facet normal -0 0 1
    outer loop
      vertex 78.9299 60.8568 6.4
      vertex 81.1607 60.5632 6.4
      vertex 79.0193 61.3059 6.4
    endloop
  endfacet
  facet normal 0 0 1
    outer loop
      vertex 81.2451 59.9216 6.4
      vertex 79.1664 59.0606 6.4
      vertex 79.3689 58.65 6.4
    endloop
  endfacet
  facet normal 0 0 1
    outer loop
      vertex 81.1607 60.5632 6.4
      vertex 78.9299 60.8568 6.4
      vertex 81.15 60.4 6.4
    endloop
  endfacet
  facet normal 0 0 1
    outer loop
      vertex 81.1926 60.0765 6.4
      vertex 79.0193 59.4941 6.4
      vertex 79.1664 59.0606 6.4
    endloop
  endfacet
  facet normal 0 0 1
    outer loop
      vertex 78.9 60.4 6.4
      vertex 81.15 60.4 6.4
      vertex 78.9299 60.8568 6.4
    endloop
  endfacet
  facet normal 0 0 1
    outer loop
      vertex 81.1607 60.2368 6.4
      vertex 78.9299 59.9432 6.4
      vertex 79.0193 59.4941 6.4
    endloop
  endfacet
  facet normal 0 0 1
    outer loop
      vertex 81.15 60.4 6.4
      vertex 78.9 60.4 6.4
      vertex 78.9299 59.9432 6.4
    endloop
  endfacet
  facet normal -0.980757 0.195234 0
    outer loop
      vertex 78.9299 60.8568 2.4
      vertex 79.0193 61.3059 6.4
      vertex 79.0193 61.3059 2.4
    endloop
  endfacet
  facet normal -0.980757 0.195234 0
    outer loop
      vertex 79.0193 61.3059 6.4
      vertex 78.9299 60.8568 2.4
      vertex 78.9299 60.8568 6.4
    endloop
  endfacet
  facet normal 0.946966 -0.321335 0
    outer loop
      vertex 85.6336 59.0606 6.4
      vertex 85.7807 59.4941 2.4
      vertex 85.7807 59.4941 6.4
    endloop
  endfacet
  facet normal 0.946966 -0.321335 0
    outer loop
      vertex 85.7807 59.4941 2.4
      vertex 85.6336 59.0606 6.4
      vertex 85.6336 59.0606 2.4
    endloop
  endfacet
  facet normal 0.7519 -0.659278 0
    outer loop
      vertex 84.8749 57.9251 6.4
      vertex 85.1767 58.2693 2.4
      vertex 85.1767 58.2693 6.4
    endloop
  endfacet
  facet normal 0.7519 -0.659278 0
    outer loop
      vertex 85.1767 58.2693 2.4
      vertex 84.8749 57.9251 6.4
      vertex 84.8749 57.9251 2.4
    endloop
  endfacet
  facet normal -0.555607 -0.831445 0
    outer loop
      vertex 80.2693 57.6233 2.4
      vertex 80.65 57.3689 6.4
      vertex 80.2693 57.6233 6.4
    endloop
  endfacet
  facet normal -0.555607 -0.831445 -0
    outer loop
      vertex 80.65 57.3689 6.4
      vertex 80.2693 57.6233 2.4
      vertex 80.65 57.3689 2.4
    endloop
  endfacet
  facet normal -0.65911 -0.752046 0
    outer loop
      vertex 83.1609 61.3917 3.4
      vertex 83.2839 61.2839 6.4
      vertex 83.1609 61.3917 6.4
    endloop
  endfacet
  facet normal -0.65911 -0.752046 -0
    outer loop
      vertex 83.2839 61.2839 6.4
      vertex 83.1609 61.3917 3.4
      vertex 83.2839 61.2839 3.4
    endloop
  endfacet
  facet normal 0.947082 -0.320993 0
    outer loop
      vertex 81.1926 60.7235 6.4
      vertex 81.2451 60.8784 3.4
      vertex 81.2451 60.8784 6.4
    endloop
  endfacet
  facet normal 0.947082 -0.320993 0
    outer loop
      vertex 81.2451 60.8784 3.4
      vertex 81.1926 60.7235 6.4
      vertex 81.1926 60.7235 3.4
    endloop
  endfacet
  facet normal -0.997858 0.0654233 0
    outer loop
      vertex 83.6393 60.2368 3.4
      vertex 83.65 60.4 6.4
      vertex 83.65 60.4 3.4
    endloop
  endfacet
  facet normal -0.997858 0.0654233 0
    outer loop
      vertex 83.65 60.4 6.4
      vertex 83.6393 60.2368 3.4
      vertex 83.6393 60.2368 6.4
    endloop
  endfacet
  facet normal 0.321541 0.946896 -0
    outer loop
      vertex 82.0765 59.1926 3.4
      vertex 81.9216 59.2452 6.4
      vertex 82.0765 59.1926 6.4
    endloop
  endfacet
  facet normal 0.321541 0.946896 0
    outer loop
      vertex 81.9216 59.2452 6.4
      vertex 82.0765 59.1926 3.4
      vertex 81.9216 59.2452 3.4
    endloop
  endfacet
  facet normal -0.555547 -0.831485 0
    outer loop
      vertex 83.025 61.4825 3.4
      vertex 83.1609 61.3917 6.4
      vertex 83.025 61.4825 6.4
    endloop
  endfacet
  facet normal -0.555547 -0.831485 -0
    outer loop
      vertex 83.1609 61.3917 6.4
      vertex 83.025 61.4825 3.4
      vertex 83.1609 61.3917 3.4
    endloop
  endfacet
  facet normal 0.321541 -0.946896 0
    outer loop
      vertex 81.9216 61.5548 3.4
      vertex 82.0765 61.6074 6.4
      vertex 81.9216 61.5548 6.4
    endloop
  endfacet
  facet normal 0.321541 -0.946896 0
    outer loop
      vertex 82.0765 61.6074 6.4
      vertex 81.9216 61.5548 3.4
      vertex 82.0765 61.6074 3.4
    endloop
  endfacet
  facet normal 0.896618 -0.442805 0
    outer loop
      vertex 81.2451 60.8784 6.4
      vertex 81.3175 61.025 3.4
      vertex 81.3175 61.025 6.4
    endloop
  endfacet
  facet normal 0.896618 -0.442805 0
    outer loop
      vertex 81.3175 61.025 3.4
      vertex 81.2451 60.8784 6.4
      vertex 81.2451 60.8784 3.4
    endloop
  endfacet
  facet normal 0.896618 0.442805 0
    outer loop
      vertex 81.3175 59.775 6.4
      vertex 81.2451 59.9216 3.4
      vertex 81.2451 59.9216 6.4
    endloop
  endfacet
  facet normal 0.896618 0.442805 0
    outer loop
      vertex 81.2451 59.9216 3.4
      vertex 81.3175 59.775 6.4
      vertex 81.3175 59.775 3.4
    endloop
  endfacet
  facet normal -0.946896 -0.321541 0
    outer loop
      vertex 83.6074 60.7235 3.4
      vertex 83.5548 60.8784 6.4
      vertex 83.5548 60.8784 3.4
    endloop
  endfacet
  facet normal -0.946896 -0.321541 0
    outer loop
      vertex 83.5548 60.8784 6.4
      vertex 83.6074 60.7235 3.4
      vertex 83.6074 60.7235 6.4
    endloop
  endfacet
  facet normal -0.896861 -0.442313 0
    outer loop
      vertex 83.5548 60.8784 3.4
      vertex 83.4825 61.025 6.4
      vertex 83.4825 61.025 3.4
    endloop
  endfacet
  facet normal -0.896861 -0.442313 0
    outer loop
      vertex 83.4825 61.025 6.4
      vertex 83.5548 60.8784 3.4
      vertex 83.5548 60.8784 6.4
    endloop
  endfacet
  facet normal -0.831485 -0.555547 0
    outer loop
      vertex 83.4825 61.025 3.4
      vertex 83.3917 61.1609 6.4
      vertex 83.3917 61.1609 3.4
    endloop
  endfacet
  facet normal -0.831485 -0.555547 0
    outer loop
      vertex 83.3917 61.1609 6.4
      vertex 83.4825 61.025 3.4
      vertex 83.4825 61.025 6.4
    endloop
  endfacet
  facet normal -0.442313 -0.896861 0
    outer loop
      vertex 82.8784 61.5548 3.4
      vertex 83.025 61.4825 6.4
      vertex 82.8784 61.5548 6.4
    endloop
  endfacet
  facet normal -0.442313 -0.896861 -0
    outer loop
      vertex 83.025 61.4825 6.4
      vertex 82.8784 61.5548 3.4
      vertex 83.025 61.4825 3.4
    endloop
  endfacet
  facet normal -0.321541 -0.946896 0
    outer loop
      vertex 82.7235 61.6074 3.4
      vertex 82.8784 61.5548 6.4
      vertex 82.7235 61.6074 6.4
    endloop
  endfacet
  facet normal -0.321541 -0.946896 -0
    outer loop
      vertex 82.8784 61.5548 6.4
      vertex 82.7235 61.6074 3.4
      vertex 82.8784 61.5548 3.4
    endloop
  endfacet
  facet normal 0.752046 -0.65911 0
    outer loop
      vertex 81.4083 61.1609 6.4
      vertex 81.5161 61.2839 3.4
      vertex 81.5161 61.2839 6.4
    endloop
  endfacet
  facet normal 0.752046 -0.65911 0
    outer loop
      vertex 81.5161 61.2839 3.4
      vertex 81.4083 61.1609 6.4
      vertex 81.4083 61.1609 3.4
    endloop
  endfacet
  facet normal 0.442313 -0.896861 0
    outer loop
      vertex 81.775 61.4825 3.4
      vertex 81.9216 61.5548 6.4
      vertex 81.775 61.4825 6.4
    endloop
  endfacet
  facet normal 0.442313 -0.896861 0
    outer loop
      vertex 81.9216 61.5548 6.4
      vertex 81.775 61.4825 3.4
      vertex 81.9216 61.5548 3.4
    endloop
  endfacet
  facet normal 0.555265 -0.831674 0
    outer loop
      vertex 81.639 61.3917 3.4
      vertex 81.775 61.4825 6.4
      vertex 81.639 61.3917 6.4
    endloop
  endfacet
  facet normal 0.555265 -0.831674 0
    outer loop
      vertex 81.775 61.4825 6.4
      vertex 81.639 61.3917 3.4
      vertex 81.775 61.4825 3.4
    endloop
  endfacet
  facet normal -0.997858 -0.0654233 0
    outer loop
      vertex 83.65 60.4 3.4
      vertex 83.6393 60.5632 6.4
      vertex 83.6393 60.5632 3.4
    endloop
  endfacet
  facet normal -0.997858 -0.0654233 0
    outer loop
      vertex 83.6393 60.5632 6.4
      vertex 83.65 60.4 3.4
      vertex 83.65 60.4 6.4
    endloop
  endfacet
  facet normal -0.321541 0.946896 0
    outer loop
      vertex 82.8784 59.2452 3.4
      vertex 82.7235 59.1926 6.4
      vertex 82.8784 59.2452 6.4
    endloop
  endfacet
  facet normal -0.321541 0.946896 0
    outer loop
      vertex 82.7235 59.1926 6.4
      vertex 82.8784 59.2452 3.4
      vertex 82.7235 59.1926 3.4
    endloop
  endfacet
  facet normal -0.75178 0.659414 0
    outer loop
      vertex 83.2839 59.5161 3.4
      vertex 83.3917 59.639 6.4
      vertex 83.3917 59.639 3.4
    endloop
  endfacet
  facet normal -0.75178 0.659414 0
    outer loop
      vertex 83.3917 59.639 6.4
      vertex 83.2839 59.5161 3.4
      vertex 83.2839 59.5161 6.4
    endloop
  endfacet
  facet normal -0.65911 0.752046 0
    outer loop
      vertex 83.2839 59.5161 3.4
      vertex 83.1609 59.4083 6.4
      vertex 83.2839 59.5161 6.4
    endloop
  endfacet
  facet normal -0.65911 0.752046 0
    outer loop
      vertex 83.1609 59.4083 6.4
      vertex 83.2839 59.5161 3.4
      vertex 83.1609 59.4083 3.4
    endloop
  endfacet
  facet normal -0.442313 0.896861 0
    outer loop
      vertex 83.025 59.3175 3.4
      vertex 82.8784 59.2452 6.4
      vertex 83.025 59.3175 6.4
    endloop
  endfacet
  facet normal -0.442313 0.896861 0
    outer loop
      vertex 82.8784 59.2452 6.4
      vertex 83.025 59.3175 3.4
      vertex 82.8784 59.2452 3.4
    endloop
  endfacet
  facet normal 0.0654233 0.997858 -0
    outer loop
      vertex 82.4 59.15 3.4
      vertex 82.2368 59.1607 6.4
      vertex 82.4 59.15 6.4
    endloop
  endfacet
  facet normal 0.0654233 0.997858 0
    outer loop
      vertex 82.2368 59.1607 6.4
      vertex 82.4 59.15 3.4
      vertex 82.2368 59.1607 3.4
    endloop
  endfacet
  facet normal 0.442313 0.896861 -0
    outer loop
      vertex 81.9216 59.2452 3.4
      vertex 81.775 59.3175 6.4
      vertex 81.9216 59.2452 6.4
    endloop
  endfacet
  facet normal 0.442313 0.896861 0
    outer loop
      vertex 81.775 59.3175 6.4
      vertex 81.9216 59.2452 3.4
      vertex 81.775 59.3175 3.4
    endloop
  endfacet
  facet normal 0.555265 0.831674 -0
    outer loop
      vertex 81.775 59.3175 3.4
      vertex 81.639 59.4083 6.4
      vertex 81.775 59.3175 6.4
    endloop
  endfacet
  facet normal 0.555265 0.831674 0
    outer loop
      vertex 81.639 59.4083 6.4
      vertex 81.775 59.3175 3.4
      vertex 81.639 59.4083 3.4
    endloop
  endfacet
  facet normal 0.980768 0.195175 0
    outer loop
      vertex 81.1926 60.0765 6.4
      vertex 81.1607 60.2368 3.4
      vertex 81.1607 60.2368 6.4
    endloop
  endfacet
  facet normal 0.980768 0.195175 0
    outer loop
      vertex 81.1607 60.2368 3.4
      vertex 81.1926 60.0765 6.4
      vertex 81.1926 60.0765 3.4
    endloop
  endfacet
  facet normal -0.980768 -0.195175 0
    outer loop
      vertex 83.6393 60.5632 3.4
      vertex 83.6074 60.7235 6.4
      vertex 83.6074 60.7235 3.4
    endloop
  endfacet
  facet normal -0.980768 -0.195175 0
    outer loop
      vertex 83.6074 60.7235 6.4
      vertex 83.6393 60.5632 3.4
      vertex 83.6393 60.5632 6.4
    endloop
  endfacet
  facet normal -0.752046 -0.65911 0
    outer loop
      vertex 83.3917 61.1609 3.4
      vertex 83.2839 61.2839 6.4
      vertex 83.2839 61.2839 3.4
    endloop
  endfacet
  facet normal -0.752046 -0.65911 0
    outer loop
      vertex 83.2839 61.2839 6.4
      vertex 83.3917 61.1609 3.4
      vertex 83.3917 61.1609 6.4
    endloop
  endfacet
  facet normal -0.0654233 -0.997858 0
    outer loop
      vertex 82.4 61.65 3.4
      vertex 82.5632 61.6393 6.4
      vertex 82.4 61.65 6.4
    endloop
  endfacet
  facet normal -0.0654233 -0.997858 -0
    outer loop
      vertex 82.5632 61.6393 6.4
      vertex 82.4 61.65 3.4
      vertex 82.5632 61.6393 3.4
    endloop
  endfacet
  facet normal -0.195175 -0.980768 0
    outer loop
      vertex 82.5632 61.6393 3.4
      vertex 82.7235 61.6074 6.4
      vertex 82.5632 61.6393 6.4
    endloop
  endfacet
  facet normal -0.195175 -0.980768 -0
    outer loop
      vertex 82.7235 61.6074 6.4
      vertex 82.5632 61.6393 3.4
      vertex 82.7235 61.6074 3.4
    endloop
  endfacet
  facet normal 0.997858 -0.0654233 0
    outer loop
      vertex 81.15 60.4 6.4
      vertex 81.1607 60.5632 3.4
      vertex 81.1607 60.5632 6.4
    endloop
  endfacet
  facet normal 0.997858 -0.0654233 0
    outer loop
      vertex 81.1607 60.5632 3.4
      vertex 81.15 60.4 6.4
      vertex 81.15 60.4 3.4
    endloop
  endfacet
  facet normal 0.831485 -0.555547 0
    outer loop
      vertex 81.3175 61.025 6.4
      vertex 81.4083 61.1609 3.4
      vertex 81.4083 61.1609 6.4
    endloop
  endfacet
  facet normal 0.831485 -0.555547 0
    outer loop
      vertex 81.4083 61.1609 3.4
      vertex 81.3175 61.025 6.4
      vertex 81.3175 61.025 3.4
    endloop
  endfacet
  facet normal 0.0654233 -0.997858 0
    outer loop
      vertex 82.2368 61.6393 3.4
      vertex 82.4 61.65 6.4
      vertex 82.2368 61.6393 6.4
    endloop
  endfacet
  facet normal 0.0654233 -0.997858 0
    outer loop
      vertex 82.4 61.65 6.4
      vertex 82.2368 61.6393 3.4
      vertex 82.4 61.65 3.4
    endloop
  endfacet
  facet normal 0.195175 -0.980768 0
    outer loop
      vertex 82.0765 61.6074 3.4
      vertex 82.2368 61.6393 6.4
      vertex 82.0765 61.6074 6.4
    endloop
  endfacet
  facet normal 0.195175 -0.980768 0
    outer loop
      vertex 82.2368 61.6393 6.4
      vertex 82.0765 61.6074 3.4
      vertex 82.2368 61.6393 3.4
    endloop
  endfacet
  facet normal 0.659414 -0.75178 0
    outer loop
      vertex 81.5161 61.2839 3.4
      vertex 81.639 61.3917 6.4
      vertex 81.5161 61.2839 6.4
    endloop
  endfacet
  facet normal 0.659414 -0.75178 0
    outer loop
      vertex 81.639 61.3917 6.4
      vertex 81.5161 61.2839 3.4
      vertex 81.639 61.3917 3.4
    endloop
  endfacet
  facet normal -0.0654233 0.997858 0
    outer loop
      vertex 82.5632 59.1607 3.4
      vertex 82.4 59.15 6.4
      vertex 82.5632 59.1607 6.4
    endloop
  endfacet
  facet normal -0.0654233 0.997858 0
    outer loop
      vertex 82.4 59.15 6.4
      vertex 82.5632 59.1607 3.4
      vertex 82.4 59.15 3.4
    endloop
  endfacet
  facet normal -0.980768 0.195175 0
    outer loop
      vertex 83.6074 60.0765 3.4
      vertex 83.6393 60.2368 6.4
      vertex 83.6393 60.2368 3.4
    endloop
  endfacet
  facet normal -0.980768 0.195175 0
    outer loop
      vertex 83.6393 60.2368 6.4
      vertex 83.6074 60.0765 3.4
      vertex 83.6074 60.0765 6.4
    endloop
  endfacet
  facet normal -0.195175 0.980768 0
    outer loop
      vertex 82.7235 59.1926 3.4
      vertex 82.5632 59.1607 6.4
      vertex 82.7235 59.1926 6.4
    endloop
  endfacet
  facet normal -0.195175 0.980768 0
    outer loop
      vertex 82.5632 59.1607 6.4
      vertex 82.7235 59.1926 3.4
      vertex 82.5632 59.1607 3.4
    endloop
  endfacet
  facet normal -0.555547 0.831485 0
    outer loop
      vertex 83.1609 59.4083 3.4
      vertex 83.025 59.3175 6.4
      vertex 83.1609 59.4083 6.4
    endloop
  endfacet
  facet normal -0.555547 0.831485 0
    outer loop
      vertex 83.025 59.3175 6.4
      vertex 83.1609 59.4083 3.4
      vertex 83.025 59.3175 3.4
    endloop
  endfacet
  facet normal 0.195175 0.980768 -0
    outer loop
      vertex 82.2368 59.1607 3.4
      vertex 82.0765 59.1926 6.4
      vertex 82.2368 59.1607 6.4
    endloop
  endfacet
  facet normal 0.195175 0.980768 0
    outer loop
      vertex 82.0765 59.1926 6.4
      vertex 82.2368 59.1607 3.4
      vertex 82.0765 59.1926 3.4
    endloop
  endfacet
  facet normal 0.659414 0.75178 -0
    outer loop
      vertex 81.639 59.4083 3.4
      vertex 81.5161 59.5161 6.4
      vertex 81.639 59.4083 6.4
    endloop
  endfacet
  facet normal 0.659414 0.75178 0
    outer loop
      vertex 81.5161 59.5161 6.4
      vertex 81.639 59.4083 3.4
      vertex 81.5161 59.5161 3.4
    endloop
  endfacet
  facet normal 0.947082 0.320993 0
    outer loop
      vertex 81.2451 59.9216 6.4
      vertex 81.1926 60.0765 3.4
      vertex 81.1926 60.0765 6.4
    endloop
  endfacet
  facet normal 0.947082 0.320993 0
    outer loop
      vertex 81.1926 60.0765 3.4
      vertex 81.2451 59.9216 6.4
      vertex 81.2451 59.9216 3.4
    endloop
  endfacet
  facet normal 0.997858 0.0654233 0
    outer loop
      vertex 81.1607 60.2368 6.4
      vertex 81.15 60.4 3.4
      vertex 81.15 60.4 6.4
    endloop
  endfacet
  facet normal 0.997858 0.0654233 0
    outer loop
      vertex 81.15 60.4 3.4
      vertex 81.1607 60.2368 6.4
      vertex 81.1607 60.2368 3.4
    endloop
  endfacet
  facet normal 0 0 1
    outer loop
      vertex 83.6393 60.5632 3.4
      vertex 83.6393 60.2368 3.4
      vertex 83.65 60.4 3.4
    endloop
  endfacet
  facet normal 0 0 1
    outer loop
      vertex 83.6074 60.7235 3.4
      vertex 83.6393 60.2368 3.4
      vertex 83.6393 60.5632 3.4
    endloop
  endfacet
  facet normal 0 0 1
    outer loop
      vertex 83.6074 60.7235 3.4
      vertex 83.6074 60.0765 3.4
      vertex 83.6393 60.2368 3.4
    endloop
  endfacet
  facet normal 0 0 1
    outer loop
      vertex 83.5548 60.8784 3.4
      vertex 83.6074 60.0765 3.4
      vertex 83.6074 60.7235 3.4
    endloop
  endfacet
  facet normal 0 0 1
    outer loop
      vertex 83.5548 60.8784 3.4
      vertex 83.5548 59.9216 3.4
      vertex 83.6074 60.0765 3.4
    endloop
  endfacet
  facet normal 0 0 1
    outer loop
      vertex 83.4825 61.025 3.4
      vertex 83.5548 59.9216 3.4
      vertex 83.5548 60.8784 3.4
    endloop
  endfacet
  facet normal 0 0 1
    outer loop
      vertex 83.4825 61.025 3.4
      vertex 83.4825 59.775 3.4
      vertex 83.5548 59.9216 3.4
    endloop
  endfacet
  facet normal 0 0 1
    outer loop
      vertex 83.3917 61.1609 3.4
      vertex 83.4825 59.775 3.4
      vertex 83.4825 61.025 3.4
    endloop
  endfacet
  facet normal 0 0 1
    outer loop
      vertex 83.3917 61.1609 3.4
      vertex 83.3917 59.639 3.4
      vertex 83.4825 59.775 3.4
    endloop
  endfacet
  facet normal 0 0 1
    outer loop
      vertex 83.2839 61.2839 3.4
      vertex 83.3917 59.639 3.4
      vertex 83.3917 61.1609 3.4
    endloop
  endfacet
  facet normal 0 0 1
    outer loop
      vertex 83.2839 61.2839 3.4
      vertex 83.2839 59.5161 3.4
      vertex 83.3917 59.639 3.4
    endloop
  endfacet
  facet normal 0 0 1
    outer loop
      vertex 83.1609 61.3917 3.4
      vertex 83.2839 59.5161 3.4
      vertex 83.2839 61.2839 3.4
    endloop
  endfacet
  facet normal 0 0 1
    outer loop
      vertex 83.1609 61.3917 3.4
      vertex 83.1609 59.4083 3.4
      vertex 83.2839 59.5161 3.4
    endloop
  endfacet
  facet normal 0 0 1
    outer loop
      vertex 83.025 61.4825 3.4
      vertex 83.1609 59.4083 3.4
      vertex 83.1609 61.3917 3.4
    endloop
  endfacet
  facet normal 0 0 1
    outer loop
      vertex 83.025 61.4825 3.4
      vertex 83.025 59.3175 3.4
      vertex 83.1609 59.4083 3.4
    endloop
  endfacet
  facet normal 0 0 1
    outer loop
      vertex 82.8784 61.5548 3.4
      vertex 83.025 59.3175 3.4
      vertex 83.025 61.4825 3.4
    endloop
  endfacet
  facet normal 0 0 1
    outer loop
      vertex 82.8784 61.5548 3.4
      vertex 82.8784 59.2452 3.4
      vertex 83.025 59.3175 3.4
    endloop
  endfacet
  facet normal 0 0 1
    outer loop
      vertex 82.7235 61.6074 3.4
      vertex 82.8784 59.2452 3.4
      vertex 82.8784 61.5548 3.4
    endloop
  endfacet
  facet normal 0 0 1
    outer loop
      vertex 82.7235 61.6074 3.4
      vertex 82.7235 59.1926 3.4
      vertex 82.8784 59.2452 3.4
    endloop
  endfacet
  facet normal 0 0 1
    outer loop
      vertex 82.5632 61.6393 3.4
      vertex 82.7235 59.1926 3.4
      vertex 82.7235 61.6074 3.4
    endloop
  endfacet
  facet normal 0 0 1
    outer loop
      vertex 82.5632 61.6393 3.4
      vertex 82.5632 59.1607 3.4
      vertex 82.7235 59.1926 3.4
    endloop
  endfacet
  facet normal 0 0 1
    outer loop
      vertex 82.4 61.65 3.4
      vertex 82.5632 59.1607 3.4
      vertex 82.5632 61.6393 3.4
    endloop
  endfacet
  facet normal 0 0 1
    outer loop
      vertex 82.4 61.65 3.4
      vertex 82.4 59.15 3.4
      vertex 82.5632 59.1607 3.4
    endloop
  endfacet
  facet normal -0 0 1
    outer loop
      vertex 82.2368 61.6393 3.4
      vertex 82.4 59.15 3.4
      vertex 82.4 61.65 3.4
    endloop
  endfacet
  facet normal 0 0 1
    outer loop
      vertex 82.2368 61.6393 3.4
      vertex 82.2368 59.1607 3.4
      vertex 82.4 59.15 3.4
    endloop
  endfacet
  facet normal -0 0 1
    outer loop
      vertex 82.0765 61.6074 3.4
      vertex 82.2368 59.1607 3.4
      vertex 82.2368 61.6393 3.4
    endloop
  endfacet
  facet normal 0 0 1
    outer loop
      vertex 82.0765 61.6074 3.4
      vertex 82.0765 59.1926 3.4
      vertex 82.2368 59.1607 3.4
    endloop
  endfacet
  facet normal -0 0 1
    outer loop
      vertex 81.9216 61.5548 3.4
      vertex 82.0765 59.1926 3.4
      vertex 82.0765 61.6074 3.4
    endloop
  endfacet
  facet normal 0 0 1
    outer loop
      vertex 81.9216 61.5548 3.4
      vertex 81.9216 59.2452 3.4
      vertex 82.0765 59.1926 3.4
    endloop
  endfacet
  facet normal -0 0 1
    outer loop
      vertex 81.775 61.4825 3.4
      vertex 81.9216 59.2452 3.4
      vertex 81.9216 61.5548 3.4
    endloop
  endfacet
  facet normal 0 0 1
    outer loop
      vertex 81.775 61.4825 3.4
      vertex 81.775 59.3175 3.4
      vertex 81.9216 59.2452 3.4
    endloop
  endfacet
  facet normal -0 0 1
    outer loop
      vertex 81.639 61.3917 3.4
      vertex 81.775 59.3175 3.4
      vertex 81.775 61.4825 3.4
    endloop
  endfacet
  facet normal 0 0 1
    outer loop
      vertex 81.639 61.3917 3.4
      vertex 81.639 59.4083 3.4
      vertex 81.775 59.3175 3.4
    endloop
  endfacet
  facet normal -0 0 1
    outer loop
      vertex 81.5161 61.2839 3.4
      vertex 81.639 59.4083 3.4
      vertex 81.639 61.3917 3.4
    endloop
  endfacet
  facet normal 0 0 1
    outer loop
      vertex 81.5161 61.2839 3.4
      vertex 81.5161 59.5161 3.4
      vertex 81.639 59.4083 3.4
    endloop
  endfacet
  facet normal -0 0 1
    outer loop
      vertex 81.4083 61.1609 3.4
      vertex 81.5161 59.5161 3.4
      vertex 81.5161 61.2839 3.4
    endloop
  endfacet
  facet normal 0 0 1
    outer loop
      vertex 81.4083 61.1609 3.4
      vertex 81.4083 59.639 3.4
      vertex 81.5161 59.5161 3.4
    endloop
  endfacet
  facet normal -0 0 1
    outer loop
      vertex 81.3175 61.025 3.4
      vertex 81.4083 59.639 3.4
      vertex 81.4083 61.1609 3.4
    endloop
  endfacet
  facet normal 0 0 1
    outer loop
      vertex 81.3175 61.025 3.4
      vertex 81.3175 59.775 3.4
      vertex 81.4083 59.639 3.4
    endloop
  endfacet
  facet normal -0 0 1
    outer loop
      vertex 81.2451 60.8784 3.4
      vertex 81.3175 59.775 3.4
      vertex 81.3175 61.025 3.4
    endloop
  endfacet
  facet normal 0 0 1
    outer loop
      vertex 81.2451 60.8784 3.4
      vertex 81.2451 59.9216 3.4
      vertex 81.3175 59.775 3.4
    endloop
  endfacet
  facet normal -0 0 1
    outer loop
      vertex 81.1926 60.7235 3.4
      vertex 81.2451 59.9216 3.4
      vertex 81.2451 60.8784 3.4
    endloop
  endfacet
  facet normal 0 0 1
    outer loop
      vertex 81.1926 60.7235 3.4
      vertex 81.1926 60.0765 3.4
      vertex 81.2451 59.9216 3.4
    endloop
  endfacet
  facet normal -0 0 1
    outer loop
      vertex 81.1607 60.5632 3.4
      vertex 81.1926 60.0765 3.4
      vertex 81.1926 60.7235 3.4
    endloop
  endfacet
  facet normal 0 0 1
    outer loop
      vertex 81.1607 60.5632 3.4
      vertex 81.1607 60.2368 3.4
      vertex 81.1926 60.0765 3.4
    endloop
  endfacet
  facet normal 0 -0 1
    outer loop
      vertex 81.1607 60.2368 3.4
      vertex 81.1607 60.5632 3.4
      vertex 81.15 60.4 3.4
    endloop
  endfacet
  facet normal 0.831674 0.555265 0
    outer loop
      vertex 81.4083 59.639 6.4
      vertex 81.3175 59.775 3.4
      vertex 81.3175 59.775 6.4
    endloop
  endfacet
  facet normal 0.831674 0.555265 0
    outer loop
      vertex 81.3175 59.775 3.4
      vertex 81.4083 59.639 6.4
      vertex 81.4083 59.639 3.4
    endloop
  endfacet
  facet normal 0.75178 0.659414 0
    outer loop
      vertex 81.5161 59.5161 6.4
      vertex 81.4083 59.639 3.4
      vertex 81.4083 59.639 6.4
    endloop
  endfacet
  facet normal 0.75178 0.659414 0
    outer loop
      vertex 81.4083 59.639 3.4
      vertex 81.5161 59.5161 6.4
      vertex 81.5161 59.5161 3.4
    endloop
  endfacet
  facet normal 0.980768 -0.195175 0
    outer loop
      vertex 81.1607 60.5632 6.4
      vertex 81.1926 60.7235 3.4
      vertex 81.1926 60.7235 6.4
    endloop
  endfacet
  facet normal 0.980768 -0.195175 0
    outer loop
      vertex 81.1926 60.7235 3.4
      vertex 81.1607 60.5632 6.4
      vertex 81.1607 60.5632 3.4
    endloop
  endfacet
  facet normal -0.896861 0.442313 0
    outer loop
      vertex 83.4825 59.775 3.4
      vertex 83.5548 59.9216 6.4
      vertex 83.5548 59.9216 3.4
    endloop
  endfacet
  facet normal -0.896861 0.442313 0
    outer loop
      vertex 83.5548 59.9216 6.4
      vertex 83.4825 59.775 3.4
      vertex 83.4825 59.775 6.4
    endloop
  endfacet
  facet normal -0.831674 0.555265 0
    outer loop
      vertex 83.3917 59.639 3.4
      vertex 83.4825 59.775 6.4
      vertex 83.4825 59.775 3.4
    endloop
  endfacet
  facet normal -0.831674 0.555265 0
    outer loop
      vertex 83.4825 59.775 6.4
      vertex 83.3917 59.639 3.4
      vertex 83.3917 59.639 6.4
    endloop
  endfacet
  facet normal -0.946896 0.321541 0
    outer loop
      vertex 83.5548 59.9216 3.4
      vertex 83.6074 60.0765 6.4
      vertex 83.6074 60.0765 3.4
    endloop
  endfacet
  facet normal -0.946896 0.321541 0
    outer loop
      vertex 83.6074 60.0765 6.4
      vertex 83.5548 59.9216 3.4
      vertex 83.5548 59.9216 6.4
    endloop
  endfacet
  facet normal 0.659494 0.75171 -0
    outer loop
      vertex 135.875 62.8749 2.4
      vertex 135.531 63.1767 6.4
      vertex 135.875 62.8749 6.4
    endloop
  endfacet
  facet normal 0.659494 0.75171 0
    outer loop
      vertex 135.531 63.1767 6.4
      vertex 135.875 62.8749 2.4
      vertex 135.531 63.1767 2.4
    endloop
  endfacet
  facet normal -0.947032 0.321139 0
    outer loop
      vertex 130.019 61.3059 2.4
      vertex 130.166 61.7394 6.4
      vertex 130.166 61.7394 2.4
    endloop
  endfacet
  facet normal -0.947032 0.321139 0
    outer loop
      vertex 130.166 61.7394 6.4
      vertex 130.019 61.3059 2.4
      vertex 130.019 61.3059 6.4
    endloop
  endfacet
  facet normal 0.99785 -0.0655331 0
    outer loop
      vertex 136.87 59.9432 6.4
      vertex 136.9 60.4 2.4
      vertex 136.9 60.4 6.4
    endloop
  endfacet
  facet normal 0.99785 -0.0655331 0
    outer loop
      vertex 136.9 60.4 2.4
      vertex 136.87 59.9432 6.4
      vertex 136.87 59.9432 2.4
    endloop
  endfacet
  facet normal -0.321668 -0.946853 0
    outer loop
      vertex 132.061 57.1664 2.4
      vertex 132.494 57.0193 6.4
      vertex 132.061 57.1664 6.4
    endloop
  endfacet
  facet normal -0.321668 -0.946853 -0
    outer loop
      vertex 132.494 57.0193 6.4
      vertex 132.061 57.1664 2.4
      vertex 132.494 57.0193 2.4
    endloop
  endfacet
  facet normal 0.555305 0.831647 -0
    outer loop
      vertex 135.531 63.1767 2.4
      vertex 135.15 63.4311 6.4
      vertex 135.531 63.1767 6.4
    endloop
  endfacet
  facet normal 0.555305 0.831647 0
    outer loop
      vertex 135.15 63.4311 6.4
      vertex 135.531 63.1767 2.4
      vertex 135.15 63.4311 2.4
    endloop
  endfacet
  facet normal -0.321668 0.946853 0
    outer loop
      vertex 132.494 63.7807 2.4
      vertex 132.061 63.6336 6.4
      vertex 132.494 63.7807 6.4
    endloop
  endfacet
  facet normal -0.321668 0.946853 0
    outer loop
      vertex 132.061 63.6336 6.4
      vertex 132.494 63.7807 2.4
      vertex 132.061 63.6336 2.4
    endloop
  endfacet
  facet normal -0.896427 0.443192 0
    outer loop
      vertex 130.166 61.7394 2.4
      vertex 130.369 62.15 6.4
      vertex 130.369 62.15 2.4
    endloop
  endfacet
  facet normal -0.896427 0.443192 0
    outer loop
      vertex 130.369 62.15 6.4
      vertex 130.166 61.7394 2.4
      vertex 130.166 61.7394 6.4
    endloop
  endfacet
  facet normal -0.896427 -0.443192 0
    outer loop
      vertex 130.369 58.65 2.4
      vertex 130.166 59.0606 6.4
      vertex 130.166 59.0606 2.4
    endloop
  endfacet
  facet normal -0.896427 -0.443192 0
    outer loop
      vertex 130.166 59.0606 6.4
      vertex 130.369 58.65 2.4
      vertex 130.369 58.65 6.4
    endloop
  endfacet
  facet normal 0.947032 0.321139 0
    outer loop
      vertex 136.781 61.3059 6.4
      vertex 136.634 61.7394 2.4
      vertex 136.634 61.7394 6.4
    endloop
  endfacet
  facet normal 0.947032 0.321139 0
    outer loop
      vertex 136.634 61.7394 2.4
      vertex 136.781 61.3059 6.4
      vertex 136.781 61.3059 2.4
    endloop
  endfacet
  facet normal 0.831849 0.555003 0
    outer loop
      vertex 136.431 62.15 6.4
      vertex 136.177 62.5307 2.4
      vertex 136.177 62.5307 6.4
    endloop
  endfacet
  facet normal 0.831849 0.555003 0
    outer loop
      vertex 136.177 62.5307 2.4
      vertex 136.431 62.15 6.4
      vertex 136.431 62.15 2.4
    endloop
  endfacet
  facet normal 0.751683 0.659524 0
    outer loop
      vertex 136.177 62.5307 6.4
      vertex 135.875 62.8749 2.4
      vertex 135.875 62.8749 6.4
    endloop
  endfacet
  facet normal 0.751683 0.659524 0
    outer loop
      vertex 135.875 62.8749 2.4
      vertex 136.177 62.5307 6.4
      vertex 136.177 62.5307 2.4
    endloop
  endfacet
  facet normal 0.441968 0.897031 -0
    outer loop
      vertex 135.15 63.4311 2.4
      vertex 134.739 63.6336 6.4
      vertex 135.15 63.4311 6.4
    endloop
  endfacet
  facet normal 0.441968 0.897031 0
    outer loop
      vertex 134.739 63.6336 6.4
      vertex 135.15 63.4311 2.4
      vertex 134.739 63.6336 2.4
    endloop
  endfacet
  facet normal 0.321668 0.946853 -0
    outer loop
      vertex 134.739 63.6336 2.4
      vertex 134.306 63.7807 6.4
      vertex 134.739 63.6336 6.4
    endloop
  endfacet
  facet normal 0.321668 0.946853 0
    outer loop
      vertex 134.306 63.7807 6.4
      vertex 134.739 63.6336 2.4
      vertex 134.306 63.7807 2.4
    endloop
  endfacet
  facet normal -0.751683 0.659524 0
    outer loop
      vertex 130.623 62.5307 2.4
      vertex 130.925 62.8749 6.4
      vertex 130.925 62.8749 2.4
    endloop
  endfacet
  facet normal -0.751683 0.659524 0
    outer loop
      vertex 130.925 62.8749 6.4
      vertex 130.623 62.5307 2.4
      vertex 130.623 62.5307 6.4
    endloop
  endfacet
  facet normal -0.441968 0.897031 0
    outer loop
      vertex 132.061 63.6336 2.4
      vertex 131.65 63.4311 6.4
      vertex 132.061 63.6336 6.4
    endloop
  endfacet
  facet normal -0.441968 0.897031 0
    outer loop
      vertex 131.65 63.4311 6.4
      vertex 132.061 63.6336 2.4
      vertex 131.65 63.4311 2.4
    endloop
  endfacet
  facet normal -0.555305 0.831647 0
    outer loop
      vertex 131.65 63.4311 2.4
      vertex 131.269 63.1767 6.4
      vertex 131.65 63.4311 6.4
    endloop
  endfacet
  facet normal -0.555305 0.831647 0
    outer loop
      vertex 131.269 63.1767 6.4
      vertex 131.65 63.4311 2.4
      vertex 131.269 63.1767 2.4
    endloop
  endfacet
  facet normal 0.99785 0.0655331 0
    outer loop
      vertex 136.9 60.4 6.4
      vertex 136.87 60.8568 2.4
      vertex 136.87 60.8568 6.4
    endloop
  endfacet
  facet normal 0.99785 0.0655331 0
    outer loop
      vertex 136.87 60.8568 2.4
      vertex 136.9 60.4 6.4
      vertex 136.9 60.4 2.4
    endloop
  endfacet
  facet normal 0.321668 -0.946853 0
    outer loop
      vertex 134.306 57.0193 2.4
      vertex 134.739 57.1664 6.4
      vertex 134.306 57.0193 6.4
    endloop
  endfacet
  facet normal 0.321668 -0.946853 0
    outer loop
      vertex 134.739 57.1664 6.4
      vertex 134.306 57.0193 2.4
      vertex 134.739 57.1664 2.4
    endloop
  endfacet
  facet normal 0.896427 -0.443192 0
    outer loop
      vertex 136.431 58.65 6.4
      vertex 136.634 59.0606 2.4
      vertex 136.634 59.0606 6.4
    endloop
  endfacet
  facet normal 0.896427 -0.443192 0
    outer loop
      vertex 136.634 59.0606 2.4
      vertex 136.431 58.65 6.4
      vertex 136.431 58.65 2.4
    endloop
  endfacet
  facet normal 0.659494 -0.75171 0
    outer loop
      vertex 135.531 57.6233 2.4
      vertex 135.875 57.9251 6.4
      vertex 135.531 57.6233 6.4
    endloop
  endfacet
  facet normal 0.659494 -0.75171 0
    outer loop
      vertex 135.875 57.9251 6.4
      vertex 135.531 57.6233 2.4
      vertex 135.875 57.9251 2.4
    endloop
  endfacet
  facet normal 0.441968 -0.897031 0
    outer loop
      vertex 134.739 57.1664 2.4
      vertex 135.15 57.3689 6.4
      vertex 134.739 57.1664 6.4
    endloop
  endfacet
  facet normal 0.441968 -0.897031 0
    outer loop
      vertex 135.15 57.3689 6.4
      vertex 134.739 57.1664 2.4
      vertex 135.15 57.3689 2.4
    endloop
  endfacet
  facet normal -0.0652871 -0.997867 0
    outer loop
      vertex 132.943 56.9299 2.4
      vertex 133.4 56.9 6.4
      vertex 132.943 56.9299 6.4
    endloop
  endfacet
  facet normal -0.0652871 -0.997867 -0
    outer loop
      vertex 133.4 56.9 6.4
      vertex 132.943 56.9299 2.4
      vertex 133.4 56.9 2.4
    endloop
  endfacet
  facet normal -0.441968 -0.897031 0
    outer loop
      vertex 131.65 57.3689 2.4
      vertex 132.061 57.1664 6.4
      vertex 131.65 57.3689 6.4
    endloop
  endfacet
  facet normal -0.441968 -0.897031 -0
    outer loop
      vertex 132.061 57.1664 6.4
      vertex 131.65 57.3689 2.4
      vertex 132.061 57.1664 2.4
    endloop
  endfacet
  facet normal -0.980924 -0.194394 0
    outer loop
      vertex 130.019 59.4941 2.4
      vertex 129.93 59.9432 6.4
      vertex 129.93 59.9432 2.4
    endloop
  endfacet
  facet normal -0.980924 -0.194394 0
    outer loop
      vertex 129.93 59.9432 6.4
      vertex 130.019 59.4941 2.4
      vertex 130.019 59.4941 6.4
    endloop
  endfacet
  facet normal 0.980924 0.194394 0
    outer loop
      vertex 136.87 60.8568 6.4
      vertex 136.781 61.3059 2.4
      vertex 136.781 61.3059 6.4
    endloop
  endfacet
  facet normal 0.980924 0.194394 0
    outer loop
      vertex 136.781 61.3059 2.4
      vertex 136.87 60.8568 6.4
      vertex 136.87 60.8568 2.4
    endloop
  endfacet
  facet normal 0.896427 0.443192 0
    outer loop
      vertex 136.634 61.7394 6.4
      vertex 136.431 62.15 2.4
      vertex 136.431 62.15 6.4
    endloop
  endfacet
  facet normal 0.896427 0.443192 0
    outer loop
      vertex 136.431 62.15 2.4
      vertex 136.634 61.7394 6.4
      vertex 136.634 61.7394 2.4
    endloop
  endfacet
  facet normal 0.0652871 0.997867 -0
    outer loop
      vertex 133.857 63.8701 2.4
      vertex 133.4 63.9 6.4
      vertex 133.857 63.8701 6.4
    endloop
  endfacet
  facet normal 0.0652871 0.997867 0
    outer loop
      vertex 133.4 63.9 6.4
      vertex 133.857 63.8701 2.4
      vertex 133.4 63.9 2.4
    endloop
  endfacet
  facet normal -0.99785 0.0655331 0
    outer loop
      vertex 129.9 60.4 2.4
      vertex 129.93 60.8568 6.4
      vertex 129.93 60.8568 2.4
    endloop
  endfacet
  facet normal -0.99785 0.0655331 0
    outer loop
      vertex 129.93 60.8568 6.4
      vertex 129.9 60.4 2.4
      vertex 129.9 60.4 6.4
    endloop
  endfacet
  facet normal -0.831849 0.555003 0
    outer loop
      vertex 130.369 62.15 2.4
      vertex 130.623 62.5307 6.4
      vertex 130.623 62.5307 2.4
    endloop
  endfacet
  facet normal -0.831849 0.555003 0
    outer loop
      vertex 130.623 62.5307 6.4
      vertex 130.369 62.15 2.4
      vertex 130.369 62.15 6.4
    endloop
  endfacet
  facet normal -0.0652871 0.997867 0
    outer loop
      vertex 133.4 63.9 2.4
      vertex 132.943 63.8701 6.4
      vertex 133.4 63.9 6.4
    endloop
  endfacet
  facet normal -0.0652871 0.997867 0
    outer loop
      vertex 132.943 63.8701 6.4
      vertex 133.4 63.9 2.4
      vertex 132.943 63.8701 2.4
    endloop
  endfacet
  facet normal -0.195276 0.980748 0
    outer loop
      vertex 132.943 63.8701 2.4
      vertex 132.494 63.7807 6.4
      vertex 132.943 63.8701 6.4
    endloop
  endfacet
  facet normal -0.195276 0.980748 0
    outer loop
      vertex 132.494 63.7807 6.4
      vertex 132.943 63.8701 2.4
      vertex 132.494 63.7807 2.4
    endloop
  endfacet
  facet normal -0.659494 0.75171 0
    outer loop
      vertex 131.269 63.1767 2.4
      vertex 130.925 62.8749 6.4
      vertex 131.269 63.1767 6.4
    endloop
  endfacet
  facet normal -0.659494 0.75171 0
    outer loop
      vertex 130.925 62.8749 6.4
      vertex 131.269 63.1767 2.4
      vertex 130.925 62.8749 2.4
    endloop
  endfacet
  facet normal 0.0652871 -0.997867 0
    outer loop
      vertex 133.4 56.9 2.4
      vertex 133.857 56.9299 6.4
      vertex 133.4 56.9 6.4
    endloop
  endfacet
  facet normal 0.0652871 -0.997867 0
    outer loop
      vertex 133.857 56.9299 6.4
      vertex 133.4 56.9 2.4
      vertex 133.857 56.9299 2.4
    endloop
  endfacet
  facet normal 0.980924 -0.194394 0
    outer loop
      vertex 136.781 59.4941 6.4
      vertex 136.87 59.9432 2.4
      vertex 136.87 59.9432 6.4
    endloop
  endfacet
  facet normal 0.980924 -0.194394 0
    outer loop
      vertex 136.87 59.9432 2.4
      vertex 136.781 59.4941 6.4
      vertex 136.781 59.4941 2.4
    endloop
  endfacet
  facet normal 0.831849 -0.555003 0
    outer loop
      vertex 136.177 58.2693 6.4
      vertex 136.431 58.65 2.4
      vertex 136.431 58.65 6.4
    endloop
  endfacet
  facet normal 0.831849 -0.555003 0
    outer loop
      vertex 136.431 58.65 2.4
      vertex 136.177 58.2693 6.4
      vertex 136.177 58.2693 2.4
    endloop
  endfacet
  facet normal 0.195276 -0.980748 0
    outer loop
      vertex 133.857 56.9299 2.4
      vertex 134.306 57.0193 6.4
      vertex 133.857 56.9299 6.4
    endloop
  endfacet
  facet normal 0.195276 -0.980748 0
    outer loop
      vertex 134.306 57.0193 6.4
      vertex 133.857 56.9299 2.4
      vertex 134.306 57.0193 2.4
    endloop
  endfacet
  facet normal 0.555305 -0.831647 0
    outer loop
      vertex 135.15 57.3689 2.4
      vertex 135.531 57.6233 6.4
      vertex 135.15 57.3689 6.4
    endloop
  endfacet
  facet normal 0.555305 -0.831647 0
    outer loop
      vertex 135.531 57.6233 6.4
      vertex 135.15 57.3689 2.4
      vertex 135.531 57.6233 2.4
    endloop
  endfacet
  facet normal -0.195276 -0.980748 0
    outer loop
      vertex 132.494 57.0193 2.4
      vertex 132.943 56.9299 6.4
      vertex 132.494 57.0193 6.4
    endloop
  endfacet
  facet normal -0.195276 -0.980748 -0
    outer loop
      vertex 132.943 56.9299 6.4
      vertex 132.494 57.0193 2.4
      vertex 132.943 56.9299 2.4
    endloop
  endfacet
  facet normal -0.659494 -0.75171 0
    outer loop
      vertex 130.925 57.9251 2.4
      vertex 131.269 57.6233 6.4
      vertex 130.925 57.9251 6.4
    endloop
  endfacet
  facet normal -0.659494 -0.75171 -0
    outer loop
      vertex 131.269 57.6233 6.4
      vertex 130.925 57.9251 2.4
      vertex 131.269 57.6233 2.4
    endloop
  endfacet
  facet normal -0.947032 -0.321139 0
    outer loop
      vertex 130.166 59.0606 2.4
      vertex 130.019 59.4941 6.4
      vertex 130.019 59.4941 2.4
    endloop
  endfacet
  facet normal -0.947032 -0.321139 0
    outer loop
      vertex 130.019 59.4941 6.4
      vertex 130.166 59.0606 2.4
      vertex 130.166 59.0606 6.4
    endloop
  endfacet
  facet normal -0.99785 -0.0655331 0
    outer loop
      vertex 129.93 59.9432 2.4
      vertex 129.9 60.4 6.4
      vertex 129.9 60.4 2.4
    endloop
  endfacet
  facet normal -0.99785 -0.0655331 0
    outer loop
      vertex 129.9 60.4 6.4
      vertex 129.93 59.9432 2.4
      vertex 129.93 59.9432 6.4
    endloop
  endfacet
  facet normal 0 0 -1
    outer loop
      vertex 136.87 59.9432 2.4
      vertex 136.87 60.8568 2.4
      vertex 136.9 60.4 2.4
    endloop
  endfacet
  facet normal 0 0 -1
    outer loop
      vertex 136.781 59.4941 2.4
      vertex 136.87 60.8568 2.4
      vertex 136.87 59.9432 2.4
    endloop
  endfacet
  facet normal 0 0 -1
    outer loop
      vertex 136.781 59.4941 2.4
      vertex 136.781 61.3059 2.4
      vertex 136.87 60.8568 2.4
    endloop
  endfacet
  facet normal 0 0 -1
    outer loop
      vertex 136.634 59.0606 2.4
      vertex 136.781 61.3059 2.4
      vertex 136.781 59.4941 2.4
    endloop
  endfacet
  facet normal 0 0 -1
    outer loop
      vertex 136.634 59.0606 2.4
      vertex 136.634 61.7394 2.4
      vertex 136.781 61.3059 2.4
    endloop
  endfacet
  facet normal 0 0 -1
    outer loop
      vertex 136.431 58.65 2.4
      vertex 136.634 61.7394 2.4
      vertex 136.634 59.0606 2.4
    endloop
  endfacet
  facet normal 0 0 -1
    outer loop
      vertex 136.431 58.65 2.4
      vertex 136.431 62.15 2.4
      vertex 136.634 61.7394 2.4
    endloop
  endfacet
  facet normal 0 0 -1
    outer loop
      vertex 136.177 58.2693 2.4
      vertex 136.431 62.15 2.4
      vertex 136.431 58.65 2.4
    endloop
  endfacet
  facet normal 0 0 -1
    outer loop
      vertex 136.177 58.2693 2.4
      vertex 136.177 62.5307 2.4
      vertex 136.431 62.15 2.4
    endloop
  endfacet
  facet normal 0 0 -1
    outer loop
      vertex 135.875 57.9251 2.4
      vertex 136.177 62.5307 2.4
      vertex 136.177 58.2693 2.4
    endloop
  endfacet
  facet normal 0 0 -1
    outer loop
      vertex 135.875 57.9251 2.4
      vertex 135.875 62.8749 2.4
      vertex 136.177 62.5307 2.4
    endloop
  endfacet
  facet normal 0 0 -1
    outer loop
      vertex 135.531 57.6233 2.4
      vertex 135.875 62.8749 2.4
      vertex 135.875 57.9251 2.4
    endloop
  endfacet
  facet normal 0 0 -1
    outer loop
      vertex 135.531 57.6233 2.4
      vertex 135.531 63.1767 2.4
      vertex 135.875 62.8749 2.4
    endloop
  endfacet
  facet normal 0 0 -1
    outer loop
      vertex 135.15 57.3689 2.4
      vertex 135.531 63.1767 2.4
      vertex 135.531 57.6233 2.4
    endloop
  endfacet
  facet normal 0 0 -1
    outer loop
      vertex 135.15 57.3689 2.4
      vertex 135.15 63.4311 2.4
      vertex 135.531 63.1767 2.4
    endloop
  endfacet
  facet normal 0 0 -1
    outer loop
      vertex 134.739 57.1664 2.4
      vertex 135.15 63.4311 2.4
      vertex 135.15 57.3689 2.4
    endloop
  endfacet
  facet normal 0 0 -1
    outer loop
      vertex 134.739 57.1664 2.4
      vertex 134.739 63.6336 2.4
      vertex 135.15 63.4311 2.4
    endloop
  endfacet
  facet normal 0 0 -1
    outer loop
      vertex 134.306 57.0193 2.4
      vertex 134.739 63.6336 2.4
      vertex 134.739 57.1664 2.4
    endloop
  endfacet
  facet normal 0 0 -1
    outer loop
      vertex 134.306 57.0193 2.4
      vertex 134.306 63.7807 2.4
      vertex 134.739 63.6336 2.4
    endloop
  endfacet
  facet normal 0 0 -1
    outer loop
      vertex 133.857 56.9299 2.4
      vertex 134.306 63.7807 2.4
      vertex 134.306 57.0193 2.4
    endloop
  endfacet
  facet normal 0 0 -1
    outer loop
      vertex 133.857 56.9299 2.4
      vertex 133.857 63.8701 2.4
      vertex 134.306 63.7807 2.4
    endloop
  endfacet
  facet normal 0 0 -1
    outer loop
      vertex 133.4 56.9 2.4
      vertex 133.857 63.8701 2.4
      vertex 133.857 56.9299 2.4
    endloop
  endfacet
  facet normal 0 0 -1
    outer loop
      vertex 133.4 56.9 2.4
      vertex 133.4 63.9 2.4
      vertex 133.857 63.8701 2.4
    endloop
  endfacet
  facet normal 0 0 -1
    outer loop
      vertex 132.943 56.9299 2.4
      vertex 133.4 63.9 2.4
      vertex 133.4 56.9 2.4
    endloop
  endfacet
  facet normal 0 0 -1
    outer loop
      vertex 132.943 56.9299 2.4
      vertex 132.943 63.8701 2.4
      vertex 133.4 63.9 2.4
    endloop
  endfacet
  facet normal 0 0 -1
    outer loop
      vertex 132.494 57.0193 2.4
      vertex 132.943 63.8701 2.4
      vertex 132.943 56.9299 2.4
    endloop
  endfacet
  facet normal 0 0 -1
    outer loop
      vertex 132.494 57.0193 2.4
      vertex 132.494 63.7807 2.4
      vertex 132.943 63.8701 2.4
    endloop
  endfacet
  facet normal 0 0 -1
    outer loop
      vertex 132.061 57.1664 2.4
      vertex 132.494 63.7807 2.4
      vertex 132.494 57.0193 2.4
    endloop
  endfacet
  facet normal 0 0 -1
    outer loop
      vertex 132.061 57.1664 2.4
      vertex 132.061 63.6336 2.4
      vertex 132.494 63.7807 2.4
    endloop
  endfacet
  facet normal 0 0 -1
    outer loop
      vertex 131.65 57.3689 2.4
      vertex 132.061 63.6336 2.4
      vertex 132.061 57.1664 2.4
    endloop
  endfacet
  facet normal 0 0 -1
    outer loop
      vertex 131.65 57.3689 2.4
      vertex 131.65 63.4311 2.4
      vertex 132.061 63.6336 2.4
    endloop
  endfacet
  facet normal 0 0 -1
    outer loop
      vertex 131.269 57.6233 2.4
      vertex 131.65 63.4311 2.4
      vertex 131.65 57.3689 2.4
    endloop
  endfacet
  facet normal 0 0 -1
    outer loop
      vertex 131.269 57.6233 2.4
      vertex 131.269 63.1767 2.4
      vertex 131.65 63.4311 2.4
    endloop
  endfacet
  facet normal 0 0 -1
    outer loop
      vertex 130.925 57.9251 2.4
      vertex 131.269 63.1767 2.4
      vertex 131.269 57.6233 2.4
    endloop
  endfacet
  facet normal 0 0 -1
    outer loop
      vertex 130.925 57.9251 2.4
      vertex 130.925 62.8749 2.4
      vertex 131.269 63.1767 2.4
    endloop
  endfacet
  facet normal 0 0 -1
    outer loop
      vertex 130.623 58.2693 2.4
      vertex 130.925 62.8749 2.4
      vertex 130.925 57.9251 2.4
    endloop
  endfacet
  facet normal 0 0 -1
    outer loop
      vertex 130.623 58.2693 2.4
      vertex 130.623 62.5307 2.4
      vertex 130.925 62.8749 2.4
    endloop
  endfacet
  facet normal 0 0 -1
    outer loop
      vertex 130.369 58.65 2.4
      vertex 130.623 62.5307 2.4
      vertex 130.623 58.2693 2.4
    endloop
  endfacet
  facet normal 0 0 -1
    outer loop
      vertex 130.369 58.65 2.4
      vertex 130.369 62.15 2.4
      vertex 130.623 62.5307 2.4
    endloop
  endfacet
  facet normal 0 0 -1
    outer loop
      vertex 130.166 59.0606 2.4
      vertex 130.369 62.15 2.4
      vertex 130.369 58.65 2.4
    endloop
  endfacet
  facet normal 0 0 -1
    outer loop
      vertex 130.166 59.0606 2.4
      vertex 130.166 61.7394 2.4
      vertex 130.369 62.15 2.4
    endloop
  endfacet
  facet normal 0 0 -1
    outer loop
      vertex 130.019 59.4941 2.4
      vertex 130.166 61.7394 2.4
      vertex 130.166 59.0606 2.4
    endloop
  endfacet
  facet normal 0 0 -1
    outer loop
      vertex 130.019 59.4941 2.4
      vertex 130.019 61.3059 2.4
      vertex 130.166 61.7394 2.4
    endloop
  endfacet
  facet normal 0 0 -1
    outer loop
      vertex 129.93 59.9432 2.4
      vertex 130.019 61.3059 2.4
      vertex 130.019 59.4941 2.4
    endloop
  endfacet
  facet normal 0 0 -1
    outer loop
      vertex 129.93 59.9432 2.4
      vertex 129.93 60.8568 2.4
      vertex 130.019 61.3059 2.4
    endloop
  endfacet
  facet normal 0 -0 -1
    outer loop
      vertex 129.93 60.8568 2.4
      vertex 129.93 59.9432 2.4
      vertex 129.9 60.4 2.4
    endloop
  endfacet
  facet normal -0.831849 -0.555003 0
    outer loop
      vertex 130.623 58.2693 2.4
      vertex 130.369 58.65 6.4
      vertex 130.369 58.65 2.4
    endloop
  endfacet
  facet normal -0.831849 -0.555003 0
    outer loop
      vertex 130.369 58.65 6.4
      vertex 130.623 58.2693 2.4
      vertex 130.623 58.2693 6.4
    endloop
  endfacet
  facet normal -0.751683 -0.659524 0
    outer loop
      vertex 130.925 57.9251 2.4
      vertex 130.623 58.2693 6.4
      vertex 130.623 58.2693 2.4
    endloop
  endfacet
  facet normal -0.751683 -0.659524 0
    outer loop
      vertex 130.623 58.2693 6.4
      vertex 130.925 57.9251 2.4
      vertex 130.925 57.9251 6.4
    endloop
  endfacet
  facet normal 0.195276 0.980748 -0
    outer loop
      vertex 134.306 63.7807 2.4
      vertex 133.857 63.8701 6.4
      vertex 134.306 63.7807 6.4
    endloop
  endfacet
  facet normal 0.195276 0.980748 0
    outer loop
      vertex 133.857 63.8701 6.4
      vertex 134.306 63.7807 2.4
      vertex 133.857 63.8701 2.4
    endloop
  endfacet
  facet normal 0 0 1
    outer loop
      vertex 134.65 60.4 6.4
      vertex 136.9 60.4 6.4
      vertex 136.87 60.8568 6.4
    endloop
  endfacet
  facet normal 0 0 1
    outer loop
      vertex 134.639 60.5632 6.4
      vertex 136.87 60.8568 6.4
      vertex 136.781 61.3059 6.4
    endloop
  endfacet
  facet normal 0 0 1
    outer loop
      vertex 136.9 60.4 6.4
      vertex 134.65 60.4 6.4
      vertex 136.87 59.9432 6.4
    endloop
  endfacet
  facet normal 0 0 1
    outer loop
      vertex 134.607 60.7235 6.4
      vertex 136.781 61.3059 6.4
      vertex 136.634 61.7394 6.4
    endloop
  endfacet
  facet normal -0 0 1
    outer loop
      vertex 134.639 60.2368 6.4
      vertex 136.87 59.9432 6.4
      vertex 134.65 60.4 6.4
    endloop
  endfacet
  facet normal 0 0 1
    outer loop
      vertex 134.555 60.8784 6.4
      vertex 136.634 61.7394 6.4
      vertex 136.431 62.15 6.4
    endloop
  endfacet
  facet normal 0 0 1
    outer loop
      vertex 136.87 59.9432 6.4
      vertex 134.639 60.2368 6.4
      vertex 136.781 59.4941 6.4
    endloop
  endfacet
  facet normal 0 0 1
    outer loop
      vertex 134.483 61.025 6.4
      vertex 136.431 62.15 6.4
      vertex 136.177 62.5307 6.4
    endloop
  endfacet
  facet normal -0 0 1
    outer loop
      vertex 134.607 60.0765 6.4
      vertex 136.781 59.4941 6.4
      vertex 134.639 60.2368 6.4
    endloop
  endfacet
  facet normal 0 0 1
    outer loop
      vertex 134.392 61.1609 6.4
      vertex 136.177 62.5307 6.4
      vertex 135.875 62.8749 6.4
    endloop
  endfacet
  facet normal 0 0 1
    outer loop
      vertex 136.781 59.4941 6.4
      vertex 134.607 60.0765 6.4
      vertex 136.634 59.0606 6.4
    endloop
  endfacet
  facet normal 0 0 1
    outer loop
      vertex 134.284 61.2839 6.4
      vertex 135.875 62.8749 6.4
      vertex 135.531 63.1767 6.4
    endloop
  endfacet
  facet normal -0 0 1
    outer loop
      vertex 134.555 59.9216 6.4
      vertex 136.634 59.0606 6.4
      vertex 134.607 60.0765 6.4
    endloop
  endfacet
  facet normal 0 0 1
    outer loop
      vertex 134.161 61.3917 6.4
      vertex 135.531 63.1767 6.4
      vertex 135.15 63.4311 6.4
    endloop
  endfacet
  facet normal 0 0 1
    outer loop
      vertex 136.634 59.0606 6.4
      vertex 134.555 59.9216 6.4
      vertex 136.431 58.65 6.4
    endloop
  endfacet
  facet normal 0 0 1
    outer loop
      vertex 134.025 61.4825 6.4
      vertex 135.15 63.4311 6.4
      vertex 134.739 63.6336 6.4
    endloop
  endfacet
  facet normal -0 0 1
    outer loop
      vertex 134.483 59.775 6.4
      vertex 136.431 58.65 6.4
      vertex 134.555 59.9216 6.4
    endloop
  endfacet
  facet normal 0 0 1
    outer loop
      vertex 136.431 58.65 6.4
      vertex 134.483 59.775 6.4
      vertex 136.177 58.2693 6.4
    endloop
  endfacet
  facet normal 0 0 1
    outer loop
      vertex 136.87 60.8568 6.4
      vertex 134.639 60.5632 6.4
      vertex 134.65 60.4 6.4
    endloop
  endfacet
  facet normal 0 0 1
    outer loop
      vertex 136.781 61.3059 6.4
      vertex 134.607 60.7235 6.4
      vertex 134.639 60.5632 6.4
    endloop
  endfacet
  facet normal 0 0 1
    outer loop
      vertex 136.634 61.7394 6.4
      vertex 134.555 60.8784 6.4
      vertex 134.607 60.7235 6.4
    endloop
  endfacet
  facet normal 0 0 1
    outer loop
      vertex 136.431 62.15 6.4
      vertex 134.483 61.025 6.4
      vertex 134.555 60.8784 6.4
    endloop
  endfacet
  facet normal 0 0 1
    outer loop
      vertex 136.177 62.5307 6.4
      vertex 134.392 61.1609 6.4
      vertex 134.483 61.025 6.4
    endloop
  endfacet
  facet normal 0 0 1
    outer loop
      vertex 133.878 61.5548 6.4
      vertex 134.739 63.6336 6.4
      vertex 134.306 63.7807 6.4
    endloop
  endfacet
  facet normal 0 0 1
    outer loop
      vertex 135.875 62.8749 6.4
      vertex 134.284 61.2839 6.4
      vertex 134.392 61.1609 6.4
    endloop
  endfacet
  facet normal 0 0 1
    outer loop
      vertex 135.531 63.1767 6.4
      vertex 134.161 61.3917 6.4
      vertex 134.284 61.2839 6.4
    endloop
  endfacet
  facet normal 0 0 1
    outer loop
      vertex 135.15 63.4311 6.4
      vertex 134.025 61.4825 6.4
      vertex 134.161 61.3917 6.4
    endloop
  endfacet
  facet normal 0 0 1
    outer loop
      vertex 134.739 63.6336 6.4
      vertex 133.878 61.5548 6.4
      vertex 134.025 61.4825 6.4
    endloop
  endfacet
  facet normal 0 0 1
    outer loop
      vertex 133.724 61.6074 6.4
      vertex 134.306 63.7807 6.4
      vertex 133.857 63.8701 6.4
    endloop
  endfacet
  facet normal 0 0 1
    outer loop
      vertex 134.306 63.7807 6.4
      vertex 133.724 61.6074 6.4
      vertex 133.878 61.5548 6.4
    endloop
  endfacet
  facet normal 0 0 1
    outer loop
      vertex 133.857 63.8701 6.4
      vertex 133.563 61.6393 6.4
      vertex 133.724 61.6074 6.4
    endloop
  endfacet
  facet normal 0 0 1
    outer loop
      vertex 133.4 63.9 6.4
      vertex 133.563 61.6393 6.4
      vertex 133.857 63.8701 6.4
    endloop
  endfacet
  facet normal 0 0 1
    outer loop
      vertex 133.4 63.9 6.4
      vertex 133.4 61.65 6.4
      vertex 133.563 61.6393 6.4
    endloop
  endfacet
  facet normal 0 0 1
    outer loop
      vertex 133.4 63.9 6.4
      vertex 133.237 61.6393 6.4
      vertex 133.4 61.65 6.4
    endloop
  endfacet
  facet normal -0 0 1
    outer loop
      vertex 132.943 63.8701 6.4
      vertex 133.237 61.6393 6.4
      vertex 133.4 63.9 6.4
    endloop
  endfacet
  facet normal 0 0 1
    outer loop
      vertex 133.237 61.6393 6.4
      vertex 132.943 63.8701 6.4
      vertex 133.076 61.6074 6.4
    endloop
  endfacet
  facet normal -0 0 1
    outer loop
      vertex 132.494 63.7807 6.4
      vertex 133.076 61.6074 6.4
      vertex 132.943 63.8701 6.4
    endloop
  endfacet
  facet normal 0 0 1
    outer loop
      vertex 133.076 61.6074 6.4
      vertex 132.494 63.7807 6.4
      vertex 132.922 61.5548 6.4
    endloop
  endfacet
  facet normal -0 0 1
    outer loop
      vertex 132.061 63.6336 6.4
      vertex 132.922 61.5548 6.4
      vertex 132.494 63.7807 6.4
    endloop
  endfacet
  facet normal 0 0 1
    outer loop
      vertex 132.922 61.5548 6.4
      vertex 132.061 63.6336 6.4
      vertex 132.775 61.4825 6.4
    endloop
  endfacet
  facet normal -0 0 1
    outer loop
      vertex 131.65 63.4311 6.4
      vertex 132.775 61.4825 6.4
      vertex 132.061 63.6336 6.4
    endloop
  endfacet
  facet normal 0 0 1
    outer loop
      vertex 132.775 61.4825 6.4
      vertex 131.65 63.4311 6.4
      vertex 132.639 61.3917 6.4
    endloop
  endfacet
  facet normal -0 0 1
    outer loop
      vertex 131.269 63.1767 6.4
      vertex 132.639 61.3917 6.4
      vertex 131.65 63.4311 6.4
    endloop
  endfacet
  facet normal 0 0 1
    outer loop
      vertex 132.639 61.3917 6.4
      vertex 131.269 63.1767 6.4
      vertex 132.516 61.2839 6.4
    endloop
  endfacet
  facet normal -0 0 1
    outer loop
      vertex 130.925 62.8749 6.4
      vertex 132.516 61.2839 6.4
      vertex 131.269 63.1767 6.4
    endloop
  endfacet
  facet normal 0 0 1
    outer loop
      vertex 132.516 61.2839 6.4
      vertex 130.925 62.8749 6.4
      vertex 132.408 61.1609 6.4
    endloop
  endfacet
  facet normal 0 0 1
    outer loop
      vertex 132.408 61.1609 6.4
      vertex 130.623 62.5307 6.4
      vertex 132.317 61.025 6.4
    endloop
  endfacet
  facet normal -0 0 1
    outer loop
      vertex 130.623 62.5307 6.4
      vertex 132.408 61.1609 6.4
      vertex 130.925 62.8749 6.4
    endloop
  endfacet
  facet normal -0 0 1
    outer loop
      vertex 134.392 59.639 6.4
      vertex 136.177 58.2693 6.4
      vertex 134.483 59.775 6.4
    endloop
  endfacet
  facet normal 0 0 1
    outer loop
      vertex 136.177 58.2693 6.4
      vertex 134.392 59.639 6.4
      vertex 135.875 57.9251 6.4
    endloop
  endfacet
  facet normal -0 0 1
    outer loop
      vertex 134.284 59.5161 6.4
      vertex 135.875 57.9251 6.4
      vertex 134.392 59.639 6.4
    endloop
  endfacet
  facet normal 0 0 1
    outer loop
      vertex 135.875 57.9251 6.4
      vertex 134.284 59.5161 6.4
      vertex 135.531 57.6233 6.4
    endloop
  endfacet
  facet normal -0 0 1
    outer loop
      vertex 134.161 59.4083 6.4
      vertex 135.531 57.6233 6.4
      vertex 134.284 59.5161 6.4
    endloop
  endfacet
  facet normal 0 0 1
    outer loop
      vertex 135.531 57.6233 6.4
      vertex 134.161 59.4083 6.4
      vertex 135.15 57.3689 6.4
    endloop
  endfacet
  facet normal -0 0 1
    outer loop
      vertex 134.025 59.3175 6.4
      vertex 135.15 57.3689 6.4
      vertex 134.161 59.4083 6.4
    endloop
  endfacet
  facet normal 0 0 1
    outer loop
      vertex 135.15 57.3689 6.4
      vertex 134.025 59.3175 6.4
      vertex 134.739 57.1664 6.4
    endloop
  endfacet
  facet normal -0 0 1
    outer loop
      vertex 133.878 59.2452 6.4
      vertex 134.739 57.1664 6.4
      vertex 134.025 59.3175 6.4
    endloop
  endfacet
  facet normal 0 0 1
    outer loop
      vertex 134.739 57.1664 6.4
      vertex 133.878 59.2452 6.4
      vertex 134.306 57.0193 6.4
    endloop
  endfacet
  facet normal -0 0 1
    outer loop
      vertex 133.724 59.1926 6.4
      vertex 134.306 57.0193 6.4
      vertex 133.878 59.2452 6.4
    endloop
  endfacet
  facet normal 0 0 1
    outer loop
      vertex 134.306 57.0193 6.4
      vertex 133.724 59.1926 6.4
      vertex 133.857 56.9299 6.4
    endloop
  endfacet
  facet normal -0 0 1
    outer loop
      vertex 133.563 59.1607 6.4
      vertex 133.857 56.9299 6.4
      vertex 133.724 59.1926 6.4
    endloop
  endfacet
  facet normal -0 0 1
    outer loop
      vertex 133.4 59.15 6.4
      vertex 133.857 56.9299 6.4
      vertex 133.563 59.1607 6.4
    endloop
  endfacet
  facet normal 0 0 1
    outer loop
      vertex 133.4 59.15 6.4
      vertex 133.4 56.9 6.4
      vertex 133.857 56.9299 6.4
    endloop
  endfacet
  facet normal 0 0 1
    outer loop
      vertex 133.237 59.1607 6.4
      vertex 133.4 56.9 6.4
      vertex 133.4 59.15 6.4
    endloop
  endfacet
  facet normal 0 0 1
    outer loop
      vertex 132.943 56.9299 6.4
      vertex 133.237 59.1607 6.4
      vertex 133.076 59.1926 6.4
    endloop
  endfacet
  facet normal 0 0 1
    outer loop
      vertex 133.237 59.1607 6.4
      vertex 132.943 56.9299 6.4
      vertex 133.4 56.9 6.4
    endloop
  endfacet
  facet normal 0 0 1
    outer loop
      vertex 132.494 57.0193 6.4
      vertex 133.076 59.1926 6.4
      vertex 132.922 59.2452 6.4
    endloop
  endfacet
  facet normal 0 0 1
    outer loop
      vertex 132.061 57.1664 6.4
      vertex 132.922 59.2452 6.4
      vertex 132.775 59.3175 6.4
    endloop
  endfacet
  facet normal 0 0 1
    outer loop
      vertex 131.65 57.3689 6.4
      vertex 132.775 59.3175 6.4
      vertex 132.639 59.4083 6.4
    endloop
  endfacet
  facet normal 0 0 1
    outer loop
      vertex 131.269 57.6233 6.4
      vertex 132.639 59.4083 6.4
      vertex 132.516 59.5161 6.4
    endloop
  endfacet
  facet normal 0 0 1
    outer loop
      vertex 133.076 59.1926 6.4
      vertex 132.494 57.0193 6.4
      vertex 132.943 56.9299 6.4
    endloop
  endfacet
  facet normal 0 0 1
    outer loop
      vertex 130.925 57.9251 6.4
      vertex 132.516 59.5161 6.4
      vertex 132.408 59.639 6.4
    endloop
  endfacet
  facet normal 0 0 1
    outer loop
      vertex 130.623 58.2693 6.4
      vertex 132.408 59.639 6.4
      vertex 132.317 59.775 6.4
    endloop
  endfacet
  facet normal 0 0 1
    outer loop
      vertex 130.369 58.65 6.4
      vertex 132.317 59.775 6.4
      vertex 132.245 59.9216 6.4
    endloop
  endfacet
  facet normal 0 0 1
    outer loop
      vertex 130.166 59.0606 6.4
      vertex 132.245 59.9216 6.4
      vertex 132.193 60.0765 6.4
    endloop
  endfacet
  facet normal 0 0 1
    outer loop
      vertex 130.019 59.4941 6.4
      vertex 132.193 60.0765 6.4
      vertex 132.161 60.2368 6.4
    endloop
  endfacet
  facet normal 0 0 1
    outer loop
      vertex 132.922 59.2452 6.4
      vertex 132.061 57.1664 6.4
      vertex 132.494 57.0193 6.4
    endloop
  endfacet
  facet normal 0 0 1
    outer loop
      vertex 129.93 59.9432 6.4
      vertex 132.161 60.2368 6.4
      vertex 132.15 60.4 6.4
    endloop
  endfacet
  facet normal -0 0 1
    outer loop
      vertex 130.369 62.15 6.4
      vertex 132.317 61.025 6.4
      vertex 130.623 62.5307 6.4
    endloop
  endfacet
  facet normal 0 0 1
    outer loop
      vertex 132.317 61.025 6.4
      vertex 130.369 62.15 6.4
      vertex 132.245 60.8784 6.4
    endloop
  endfacet
  facet normal 0 0 1
    outer loop
      vertex 132.775 59.3175 6.4
      vertex 131.65 57.3689 6.4
      vertex 132.061 57.1664 6.4
    endloop
  endfacet
  facet normal -0 0 1
    outer loop
      vertex 130.166 61.7394 6.4
      vertex 132.245 60.8784 6.4
      vertex 130.369 62.15 6.4
    endloop
  endfacet
  facet normal 0 0 1
    outer loop
      vertex 132.639 59.4083 6.4
      vertex 131.269 57.6233 6.4
      vertex 131.65 57.3689 6.4
    endloop
  endfacet
  facet normal 0 0 1
    outer loop
      vertex 132.245 60.8784 6.4
      vertex 130.166 61.7394 6.4
      vertex 132.193 60.7235 6.4
    endloop
  endfacet
  facet normal 0 0 1
    outer loop
      vertex 132.516 59.5161 6.4
      vertex 130.925 57.9251 6.4
      vertex 131.269 57.6233 6.4
    endloop
  endfacet
  facet normal -0 0 1
    outer loop
      vertex 130.019 61.3059 6.4
      vertex 132.193 60.7235 6.4
      vertex 130.166 61.7394 6.4
    endloop
  endfacet
  facet normal 0 0 1
    outer loop
      vertex 132.408 59.639 6.4
      vertex 130.623 58.2693 6.4
      vertex 130.925 57.9251 6.4
    endloop
  endfacet
  facet normal 0 0 1
    outer loop
      vertex 132.193 60.7235 6.4
      vertex 130.019 61.3059 6.4
      vertex 132.161 60.5632 6.4
    endloop
  endfacet
  facet normal 0 0 1
    outer loop
      vertex 132.317 59.775 6.4
      vertex 130.369 58.65 6.4
      vertex 130.623 58.2693 6.4
    endloop
  endfacet
  facet normal -0 0 1
    outer loop
      vertex 129.93 60.8568 6.4
      vertex 132.161 60.5632 6.4
      vertex 130.019 61.3059 6.4
    endloop
  endfacet
  facet normal 0 0 1
    outer loop
      vertex 132.245 59.9216 6.4
      vertex 130.166 59.0606 6.4
      vertex 130.369 58.65 6.4
    endloop
  endfacet
  facet normal 0 0 1
    outer loop
      vertex 132.161 60.5632 6.4
      vertex 129.93 60.8568 6.4
      vertex 132.15 60.4 6.4
    endloop
  endfacet
  facet normal 0 0 1
    outer loop
      vertex 132.193 60.0765 6.4
      vertex 130.019 59.4941 6.4
      vertex 130.166 59.0606 6.4
    endloop
  endfacet
  facet normal 0 0 1
    outer loop
      vertex 129.9 60.4 6.4
      vertex 132.15 60.4 6.4
      vertex 129.93 60.8568 6.4
    endloop
  endfacet
  facet normal 0 0 1
    outer loop
      vertex 132.161 60.2368 6.4
      vertex 129.93 59.9432 6.4
      vertex 130.019 59.4941 6.4
    endloop
  endfacet
  facet normal 0 0 1
    outer loop
      vertex 132.15 60.4 6.4
      vertex 129.9 60.4 6.4
      vertex 129.93 59.9432 6.4
    endloop
  endfacet
  facet normal -0.980924 0.194394 0
    outer loop
      vertex 129.93 60.8568 2.4
      vertex 130.019 61.3059 6.4
      vertex 130.019 61.3059 2.4
    endloop
  endfacet
  facet normal -0.980924 0.194394 0
    outer loop
      vertex 130.019 61.3059 6.4
      vertex 129.93 60.8568 2.4
      vertex 129.93 60.8568 6.4
    endloop
  endfacet
  facet normal 0.947032 -0.321139 0
    outer loop
      vertex 136.634 59.0606 6.4
      vertex 136.781 59.4941 2.4
      vertex 136.781 59.4941 6.4
    endloop
  endfacet
  facet normal 0.947032 -0.321139 0
    outer loop
      vertex 136.781 59.4941 2.4
      vertex 136.634 59.0606 6.4
      vertex 136.634 59.0606 2.4
    endloop
  endfacet
  facet normal 0.751683 -0.659524 0
    outer loop
      vertex 135.875 57.9251 6.4
      vertex 136.177 58.2693 2.4
      vertex 136.177 58.2693 6.4
    endloop
  endfacet
  facet normal 0.751683 -0.659524 0
    outer loop
      vertex 136.177 58.2693 2.4
      vertex 135.875 57.9251 6.4
      vertex 135.875 57.9251 2.4
    endloop
  endfacet
  facet normal -0.555305 -0.831647 0
    outer loop
      vertex 131.269 57.6233 2.4
      vertex 131.65 57.3689 6.4
      vertex 131.269 57.6233 6.4
    endloop
  endfacet
  facet normal -0.555305 -0.831647 -0
    outer loop
      vertex 131.65 57.3689 6.4
      vertex 131.269 57.6233 2.4
      vertex 131.65 57.3689 2.4
    endloop
  endfacet
  facet normal -0.65911 -0.752046 0
    outer loop
      vertex 134.161 61.3917 3.4
      vertex 134.284 61.2839 6.4
      vertex 134.161 61.3917 6.4
    endloop
  endfacet
  facet normal -0.65911 -0.752046 -0
    outer loop
      vertex 134.284 61.2839 6.4
      vertex 134.161 61.3917 3.4
      vertex 134.284 61.2839 3.4
    endloop
  endfacet
  facet normal 0.948008 -0.318247 0
    outer loop
      vertex 132.193 60.7235 6.4
      vertex 132.245 60.8784 3.4
      vertex 132.245 60.8784 6.4
    endloop
  endfacet
  facet normal 0.948008 -0.318247 0
    outer loop
      vertex 132.245 60.8784 3.4
      vertex 132.193 60.7235 6.4
      vertex 132.193 60.7235 3.4
    endloop
  endfacet
  facet normal -0.997736 0.0672494 0
    outer loop
      vertex 134.639 60.2368 3.4
      vertex 134.65 60.4 6.4
      vertex 134.65 60.4 3.4
    endloop
  endfacet
  facet normal -0.997736 0.0672494 0
    outer loop
      vertex 134.65 60.4 6.4
      vertex 134.639 60.2368 3.4
      vertex 134.639 60.2368 6.4
    endloop
  endfacet
  facet normal 0.323224 0.946322 -0
    outer loop
      vertex 133.076 59.1926 3.4
      vertex 132.922 59.2452 6.4
      vertex 133.076 59.1926 6.4
    endloop
  endfacet
  facet normal 0.323224 0.946322 0
    outer loop
      vertex 132.922 59.2452 6.4
      vertex 133.076 59.1926 3.4
      vertex 132.922 59.2452 3.4
    endloop
  endfacet
  facet normal -0.555265 -0.831674 0
    outer loop
      vertex 134.025 61.4825 3.4
      vertex 134.161 61.3917 6.4
      vertex 134.025 61.4825 6.4
    endloop
  endfacet
  facet normal -0.555265 -0.831674 -0
    outer loop
      vertex 134.161 61.3917 6.4
      vertex 134.025 61.4825 3.4
      vertex 134.161 61.3917 3.4
    endloop
  endfacet
  facet normal 0.323224 -0.946322 0
    outer loop
      vertex 132.922 61.5548 3.4
      vertex 133.076 61.6074 6.4
      vertex 132.922 61.5548 6.4
    endloop
  endfacet
  facet normal 0.323224 -0.946322 0
    outer loop
      vertex 133.076 61.6074 6.4
      vertex 132.922 61.5548 3.4
      vertex 133.076 61.6074 3.4
    endloop
  endfacet
  facet normal 0.897588 -0.440835 0
    outer loop
      vertex 132.245 60.8784 6.4
      vertex 132.317 61.025 3.4
      vertex 132.317 61.025 6.4
    endloop
  endfacet
  facet normal 0.897588 -0.440835 0
    outer loop
      vertex 132.317 61.025 3.4
      vertex 132.245 60.8784 6.4
      vertex 132.245 60.8784 3.4
    endloop
  endfacet
  facet normal 0.897588 0.440835 0
    outer loop
      vertex 132.317 59.775 6.4
      vertex 132.245 59.9216 3.4
      vertex 132.245 59.9216 6.4
    endloop
  endfacet
  facet normal 0.897588 0.440835 0
    outer loop
      vertex 132.245 59.9216 3.4
      vertex 132.317 59.775 6.4
      vertex 132.317 59.775 3.4
    endloop
  endfacet
  facet normal -0.948008 -0.318247 0
    outer loop
      vertex 134.607 60.7235 3.4
      vertex 134.555 60.8784 6.4
      vertex 134.555 60.8784 3.4
    endloop
  endfacet
  facet normal -0.948008 -0.318247 0
    outer loop
      vertex 134.555 60.8784 6.4
      vertex 134.607 60.7235 3.4
      vertex 134.607 60.7235 6.4
    endloop
  endfacet
  facet normal -0.897588 -0.440835 0
    outer loop
      vertex 134.555 60.8784 3.4
      vertex 134.483 61.025 6.4
      vertex 134.483 61.025 3.4
    endloop
  endfacet
  facet normal -0.897588 -0.440835 0
    outer loop
      vertex 134.483 61.025 6.4
      vertex 134.555 60.8784 3.4
      vertex 134.555 60.8784 6.4
    endloop
  endfacet
  facet normal -0.83092 -0.556392 0
    outer loop
      vertex 134.483 61.025 3.4
      vertex 134.392 61.1609 6.4
      vertex 134.392 61.1609 3.4
    endloop
  endfacet
  facet normal -0.83092 -0.556392 0
    outer loop
      vertex 134.392 61.1609 6.4
      vertex 134.483 61.025 3.4
      vertex 134.483 61.025 6.4
    endloop
  endfacet
  facet normal -0.441344 -0.897338 0
    outer loop
      vertex 133.878 61.5548 3.4
      vertex 134.025 61.4825 6.4
      vertex 133.878 61.5548 6.4
    endloop
  endfacet
  facet normal -0.441344 -0.897338 -0
    outer loop
      vertex 134.025 61.4825 6.4
      vertex 133.878 61.5548 3.4
      vertex 134.025 61.4825 3.4
    endloop
  endfacet
  facet normal -0.323224 -0.946322 0
    outer loop
      vertex 133.724 61.6074 3.4
      vertex 133.878 61.5548 6.4
      vertex 133.724 61.6074 6.4
    endloop
  endfacet
  facet normal -0.323224 -0.946322 -0
    outer loop
      vertex 133.878 61.5548 6.4
      vertex 133.724 61.6074 3.4
      vertex 133.878 61.5548 3.4
    endloop
  endfacet
  facet normal 0.75144 -0.659801 0
    outer loop
      vertex 132.408 61.1609 6.4
      vertex 132.516 61.2839 3.4
      vertex 132.516 61.2839 6.4
    endloop
  endfacet
  facet normal 0.75144 -0.659801 0
    outer loop
      vertex 132.516 61.2839 3.4
      vertex 132.408 61.1609 6.4
      vertex 132.408 61.1609 3.4
    endloop
  endfacet
  facet normal 0.441344 -0.897338 0
    outer loop
      vertex 132.775 61.4825 3.4
      vertex 132.922 61.5548 6.4
      vertex 132.775 61.4825 6.4
    endloop
  endfacet
  facet normal 0.441344 -0.897338 0
    outer loop
      vertex 132.922 61.5548 6.4
      vertex 132.775 61.4825 3.4
      vertex 132.922 61.5548 3.4
    endloop
  endfacet
  facet normal 0.555265 -0.831674 0
    outer loop
      vertex 132.639 61.3917 3.4
      vertex 132.775 61.4825 6.4
      vertex 132.639 61.3917 6.4
    endloop
  endfacet
  facet normal 0.555265 -0.831674 0
    outer loop
      vertex 132.775 61.4825 6.4
      vertex 132.639 61.3917 3.4
      vertex 132.775 61.4825 3.4
    endloop
  endfacet
  facet normal -0.997736 -0.0672494 0
    outer loop
      vertex 134.65 60.4 3.4
      vertex 134.639 60.5632 6.4
      vertex 134.639 60.5632 3.4
    endloop
  endfacet
  facet normal -0.997736 -0.0672494 0
    outer loop
      vertex 134.639 60.5632 6.4
      vertex 134.65 60.4 3.4
      vertex 134.65 60.4 6.4
    endloop
  endfacet
  facet normal -0.323224 0.946322 0
    outer loop
      vertex 133.878 59.2452 3.4
      vertex 133.724 59.1926 6.4
      vertex 133.878 59.2452 6.4
    endloop
  endfacet
  facet normal -0.323224 0.946322 0
    outer loop
      vertex 133.724 59.1926 6.4
      vertex 133.878 59.2452 3.4
      vertex 133.724 59.1926 3.4
    endloop
  endfacet
  facet normal -0.751174 0.660104 0
    outer loop
      vertex 134.284 59.5161 3.4
      vertex 134.392 59.639 6.4
      vertex 134.392 59.639 3.4
    endloop
  endfacet
  facet normal -0.751174 0.660104 0
    outer loop
      vertex 134.392 59.639 6.4
      vertex 134.284 59.5161 3.4
      vertex 134.284 59.5161 6.4
    endloop
  endfacet
  facet normal -0.65911 0.752046 0
    outer loop
      vertex 134.284 59.5161 3.4
      vertex 134.161 59.4083 6.4
      vertex 134.284 59.5161 6.4
    endloop
  endfacet
  facet normal -0.65911 0.752046 0
    outer loop
      vertex 134.161 59.4083 6.4
      vertex 134.284 59.5161 3.4
      vertex 134.161 59.4083 3.4
    endloop
  endfacet
  facet normal -0.441344 0.897338 0
    outer loop
      vertex 134.025 59.3175 3.4
      vertex 133.878 59.2452 6.4
      vertex 134.025 59.3175 6.4
    endloop
  endfacet
  facet normal -0.441344 0.897338 0
    outer loop
      vertex 133.878 59.2452 6.4
      vertex 134.025 59.3175 3.4
      vertex 133.878 59.2452 3.4
    endloop
  endfacet
  facet normal 0.0655032 0.997852 -0
    outer loop
      vertex 133.4 59.15 3.4
      vertex 133.237 59.1607 6.4
      vertex 133.4 59.15 6.4
    endloop
  endfacet
  facet normal 0.0655032 0.997852 0
    outer loop
      vertex 133.237 59.1607 6.4
      vertex 133.4 59.15 3.4
      vertex 133.237 59.1607 3.4
    endloop
  endfacet
  facet normal 0.441344 0.897338 -0
    outer loop
      vertex 132.922 59.2452 3.4
      vertex 132.775 59.3175 6.4
      vertex 132.922 59.2452 6.4
    endloop
  endfacet
  facet normal 0.441344 0.897338 0
    outer loop
      vertex 132.775 59.3175 6.4
      vertex 132.922 59.2452 3.4
      vertex 132.775 59.3175 3.4
    endloop
  endfacet
  facet normal 0.555265 0.831674 -0
    outer loop
      vertex 132.775 59.3175 3.4
      vertex 132.639 59.4083 6.4
      vertex 132.775 59.3175 6.4
    endloop
  endfacet
  facet normal 0.555265 0.831674 0
    outer loop
      vertex 132.639 59.4083 6.4
      vertex 132.775 59.3175 3.4
      vertex 132.639 59.4083 3.4
    endloop
  endfacet
  facet normal 0.980651 0.195763 0
    outer loop
      vertex 132.193 60.0765 6.4
      vertex 132.161 60.2368 3.4
      vertex 132.161 60.2368 6.4
    endloop
  endfacet
  facet normal 0.980651 0.195763 0
    outer loop
      vertex 132.161 60.2368 3.4
      vertex 132.193 60.0765 6.4
      vertex 132.193 60.0765 3.4
    endloop
  endfacet
  facet normal -0.980651 -0.195763 0
    outer loop
      vertex 134.639 60.5632 3.4
      vertex 134.607 60.7235 6.4
      vertex 134.607 60.7235 3.4
    endloop
  endfacet
  facet normal -0.980651 -0.195763 0
    outer loop
      vertex 134.607 60.7235 6.4
      vertex 134.639 60.5632 3.4
      vertex 134.639 60.5632 6.4
    endloop
  endfacet
  facet normal -0.75144 -0.659801 0
    outer loop
      vertex 134.392 61.1609 3.4
      vertex 134.284 61.2839 6.4
      vertex 134.284 61.2839 3.4
    endloop
  endfacet
  facet normal -0.75144 -0.659801 0
    outer loop
      vertex 134.284 61.2839 6.4
      vertex 134.392 61.1609 3.4
      vertex 134.392 61.1609 6.4
    endloop
  endfacet
  facet normal -0.0655032 -0.997852 0
    outer loop
      vertex 133.4 61.65 3.4
      vertex 133.563 61.6393 6.4
      vertex 133.4 61.65 6.4
    endloop
  endfacet
  facet normal -0.0655032 -0.997852 -0
    outer loop
      vertex 133.563 61.6393 6.4
      vertex 133.4 61.65 3.4
      vertex 133.563 61.6393 3.4
    endloop
  endfacet
  facet normal -0.194358 -0.980931 0
    outer loop
      vertex 133.563 61.6393 3.4
      vertex 133.724 61.6074 6.4
      vertex 133.563 61.6393 6.4
    endloop
  endfacet
  facet normal -0.194358 -0.980931 -0
    outer loop
      vertex 133.724 61.6074 6.4
      vertex 133.563 61.6393 3.4
      vertex 133.724 61.6074 3.4
    endloop
  endfacet
  facet normal 0.997736 -0.0672494 0
    outer loop
      vertex 132.15 60.4 6.4
      vertex 132.161 60.5632 3.4
      vertex 132.161 60.5632 6.4
    endloop
  endfacet
  facet normal 0.997736 -0.0672494 0
    outer loop
      vertex 132.161 60.5632 3.4
      vertex 132.15 60.4 6.4
      vertex 132.15 60.4 3.4
    endloop
  endfacet
  facet normal 0.83092 -0.556392 0
    outer loop
      vertex 132.317 61.025 6.4
      vertex 132.408 61.1609 3.4
      vertex 132.408 61.1609 6.4
    endloop
  endfacet
  facet normal 0.83092 -0.556392 0
    outer loop
      vertex 132.408 61.1609 3.4
      vertex 132.317 61.025 6.4
      vertex 132.317 61.025 3.4
    endloop
  endfacet
  facet normal 0.0655032 -0.997852 0
    outer loop
      vertex 133.237 61.6393 3.4
      vertex 133.4 61.65 6.4
      vertex 133.237 61.6393 6.4
    endloop
  endfacet
  facet normal 0.0655032 -0.997852 0
    outer loop
      vertex 133.4 61.65 6.4
      vertex 133.237 61.6393 3.4
      vertex 133.4 61.65 3.4
    endloop
  endfacet
  facet normal 0.194358 -0.980931 0
    outer loop
      vertex 133.076 61.6074 3.4
      vertex 133.237 61.6393 6.4
      vertex 133.076 61.6074 6.4
    endloop
  endfacet
  facet normal 0.194358 -0.980931 0
    outer loop
      vertex 133.237 61.6393 6.4
      vertex 133.076 61.6074 3.4
      vertex 133.237 61.6393 3.4
    endloop
  endfacet
  facet normal 0.65911 -0.752046 0
    outer loop
      vertex 132.516 61.2839 3.4
      vertex 132.639 61.3917 6.4
      vertex 132.516 61.2839 6.4
    endloop
  endfacet
  facet normal 0.65911 -0.752046 0
    outer loop
      vertex 132.639 61.3917 6.4
      vertex 132.516 61.2839 3.4
      vertex 132.639 61.3917 3.4
    endloop
  endfacet
  facet normal -0.0655032 0.997852 0
    outer loop
      vertex 133.563 59.1607 3.4
      vertex 133.4 59.15 6.4
      vertex 133.563 59.1607 6.4
    endloop
  endfacet
  facet normal -0.0655032 0.997852 0
    outer loop
      vertex 133.4 59.15 6.4
      vertex 133.563 59.1607 3.4
      vertex 133.4 59.15 3.4
    endloop
  endfacet
  facet normal -0.980651 0.195763 0
    outer loop
      vertex 134.607 60.0765 3.4
      vertex 134.639 60.2368 6.4
      vertex 134.639 60.2368 3.4
    endloop
  endfacet
  facet normal -0.980651 0.195763 0
    outer loop
      vertex 134.639 60.2368 6.4
      vertex 134.607 60.0765 3.4
      vertex 134.607 60.0765 6.4
    endloop
  endfacet
  facet normal -0.194358 0.980931 0
    outer loop
      vertex 133.724 59.1926 3.4
      vertex 133.563 59.1607 6.4
      vertex 133.724 59.1926 6.4
    endloop
  endfacet
  facet normal -0.194358 0.980931 0
    outer loop
      vertex 133.563 59.1607 6.4
      vertex 133.724 59.1926 3.4
      vertex 133.563 59.1607 3.4
    endloop
  endfacet
  facet normal -0.555265 0.831674 0
    outer loop
      vertex 134.161 59.4083 3.4
      vertex 134.025 59.3175 6.4
      vertex 134.161 59.4083 6.4
    endloop
  endfacet
  facet normal -0.555265 0.831674 0
    outer loop
      vertex 134.025 59.3175 6.4
      vertex 134.161 59.4083 3.4
      vertex 134.025 59.3175 3.4
    endloop
  endfacet
  facet normal 0.194358 0.980931 -0
    outer loop
      vertex 133.237 59.1607 3.4
      vertex 133.076 59.1926 6.4
      vertex 133.237 59.1607 6.4
    endloop
  endfacet
  facet normal 0.194358 0.980931 0
    outer loop
      vertex 133.076 59.1926 6.4
      vertex 133.237 59.1607 3.4
      vertex 133.076 59.1926 3.4
    endloop
  endfacet
  facet normal 0.65911 0.752046 -0
    outer loop
      vertex 132.639 59.4083 3.4
      vertex 132.516 59.5161 6.4
      vertex 132.639 59.4083 6.4
    endloop
  endfacet
  facet normal 0.65911 0.752046 0
    outer loop
      vertex 132.516 59.5161 6.4
      vertex 132.639 59.4083 3.4
      vertex 132.516 59.5161 3.4
    endloop
  endfacet
  facet normal 0.948008 0.318247 0
    outer loop
      vertex 132.245 59.9216 6.4
      vertex 132.193 60.0765 3.4
      vertex 132.193 60.0765 6.4
    endloop
  endfacet
  facet normal 0.948008 0.318247 0
    outer loop
      vertex 132.193 60.0765 3.4
      vertex 132.245 59.9216 6.4
      vertex 132.245 59.9216 3.4
    endloop
  endfacet
  facet normal 0.997736 0.0672494 0
    outer loop
      vertex 132.161 60.2368 6.4
      vertex 132.15 60.4 3.4
      vertex 132.15 60.4 6.4
    endloop
  endfacet
  facet normal 0.997736 0.0672494 0
    outer loop
      vertex 132.15 60.4 3.4
      vertex 132.161 60.2368 6.4
      vertex 132.161 60.2368 3.4
    endloop
  endfacet
  facet normal 0 0 1
    outer loop
      vertex 134.639 60.5632 3.4
      vertex 134.639 60.2368 3.4
      vertex 134.65 60.4 3.4
    endloop
  endfacet
  facet normal 0 0 1
    outer loop
      vertex 134.607 60.7235 3.4
      vertex 134.639 60.2368 3.4
      vertex 134.639 60.5632 3.4
    endloop
  endfacet
  facet normal 0 0 1
    outer loop
      vertex 134.607 60.7235 3.4
      vertex 134.607 60.0765 3.4
      vertex 134.639 60.2368 3.4
    endloop
  endfacet
  facet normal 0 0 1
    outer loop
      vertex 134.555 60.8784 3.4
      vertex 134.607 60.0765 3.4
      vertex 134.607 60.7235 3.4
    endloop
  endfacet
  facet normal 0 0 1
    outer loop
      vertex 134.555 60.8784 3.4
      vertex 134.555 59.9216 3.4
      vertex 134.607 60.0765 3.4
    endloop
  endfacet
  facet normal 0 0 1
    outer loop
      vertex 134.483 61.025 3.4
      vertex 134.555 59.9216 3.4
      vertex 134.555 60.8784 3.4
    endloop
  endfacet
  facet normal 0 0 1
    outer loop
      vertex 134.483 61.025 3.4
      vertex 134.483 59.775 3.4
      vertex 134.555 59.9216 3.4
    endloop
  endfacet
  facet normal 0 0 1
    outer loop
      vertex 134.392 61.1609 3.4
      vertex 134.483 59.775 3.4
      vertex 134.483 61.025 3.4
    endloop
  endfacet
  facet normal 0 0 1
    outer loop
      vertex 134.392 61.1609 3.4
      vertex 134.392 59.639 3.4
      vertex 134.483 59.775 3.4
    endloop
  endfacet
  facet normal 0 0 1
    outer loop
      vertex 134.284 61.2839 3.4
      vertex 134.392 59.639 3.4
      vertex 134.392 61.1609 3.4
    endloop
  endfacet
  facet normal 0 0 1
    outer loop
      vertex 134.284 61.2839 3.4
      vertex 134.284 59.5161 3.4
      vertex 134.392 59.639 3.4
    endloop
  endfacet
  facet normal 0 0 1
    outer loop
      vertex 134.161 61.3917 3.4
      vertex 134.284 59.5161 3.4
      vertex 134.284 61.2839 3.4
    endloop
  endfacet
  facet normal 0 0 1
    outer loop
      vertex 134.161 61.3917 3.4
      vertex 134.161 59.4083 3.4
      vertex 134.284 59.5161 3.4
    endloop
  endfacet
  facet normal 0 0 1
    outer loop
      vertex 134.025 61.4825 3.4
      vertex 134.161 59.4083 3.4
      vertex 134.161 61.3917 3.4
    endloop
  endfacet
  facet normal 0 0 1
    outer loop
      vertex 134.025 61.4825 3.4
      vertex 134.025 59.3175 3.4
      vertex 134.161 59.4083 3.4
    endloop
  endfacet
  facet normal 0 0 1
    outer loop
      vertex 133.878 61.5548 3.4
      vertex 134.025 59.3175 3.4
      vertex 134.025 61.4825 3.4
    endloop
  endfacet
  facet normal 0 0 1
    outer loop
      vertex 133.878 61.5548 3.4
      vertex 133.878 59.2452 3.4
      vertex 134.025 59.3175 3.4
    endloop
  endfacet
  facet normal 0 0 1
    outer loop
      vertex 133.724 61.6074 3.4
      vertex 133.878 59.2452 3.4
      vertex 133.878 61.5548 3.4
    endloop
  endfacet
  facet normal 0 0 1
    outer loop
      vertex 133.724 61.6074 3.4
      vertex 133.724 59.1926 3.4
      vertex 133.878 59.2452 3.4
    endloop
  endfacet
  facet normal 0 0 1
    outer loop
      vertex 133.563 61.6393 3.4
      vertex 133.724 59.1926 3.4
      vertex 133.724 61.6074 3.4
    endloop
  endfacet
  facet normal 0 0 1
    outer loop
      vertex 133.563 61.6393 3.4
      vertex 133.563 59.1607 3.4
      vertex 133.724 59.1926 3.4
    endloop
  endfacet
  facet normal 0 0 1
    outer loop
      vertex 133.4 61.65 3.4
      vertex 133.563 59.1607 3.4
      vertex 133.563 61.6393 3.4
    endloop
  endfacet
  facet normal 0 0 1
    outer loop
      vertex 133.4 61.65 3.4
      vertex 133.4 59.15 3.4
      vertex 133.563 59.1607 3.4
    endloop
  endfacet
  facet normal -0 0 1
    outer loop
      vertex 133.237 61.6393 3.4
      vertex 133.4 59.15 3.4
      vertex 133.4 61.65 3.4
    endloop
  endfacet
  facet normal 0 0 1
    outer loop
      vertex 133.237 61.6393 3.4
      vertex 133.237 59.1607 3.4
      vertex 133.4 59.15 3.4
    endloop
  endfacet
  facet normal -0 0 1
    outer loop
      vertex 133.076 61.6074 3.4
      vertex 133.237 59.1607 3.4
      vertex 133.237 61.6393 3.4
    endloop
  endfacet
  facet normal 0 0 1
    outer loop
      vertex 133.076 61.6074 3.4
      vertex 133.076 59.1926 3.4
      vertex 133.237 59.1607 3.4
    endloop
  endfacet
  facet normal -0 0 1
    outer loop
      vertex 132.922 61.5548 3.4
      vertex 133.076 59.1926 3.4
      vertex 133.076 61.6074 3.4
    endloop
  endfacet
  facet normal 0 0 1
    outer loop
      vertex 132.922 61.5548 3.4
      vertex 132.922 59.2452 3.4
      vertex 133.076 59.1926 3.4
    endloop
  endfacet
  facet normal -0 0 1
    outer loop
      vertex 132.775 61.4825 3.4
      vertex 132.922 59.2452 3.4
      vertex 132.922 61.5548 3.4
    endloop
  endfacet
  facet normal 0 0 1
    outer loop
      vertex 132.775 61.4825 3.4
      vertex 132.775 59.3175 3.4
      vertex 132.922 59.2452 3.4
    endloop
  endfacet
  facet normal -0 0 1
    outer loop
      vertex 132.639 61.3917 3.4
      vertex 132.775 59.3175 3.4
      vertex 132.775 61.4825 3.4
    endloop
  endfacet
  facet normal 0 0 1
    outer loop
      vertex 132.639 61.3917 3.4
      vertex 132.639 59.4083 3.4
      vertex 132.775 59.3175 3.4
    endloop
  endfacet
  facet normal -0 0 1
    outer loop
      vertex 132.516 61.2839 3.4
      vertex 132.639 59.4083 3.4
      vertex 132.639 61.3917 3.4
    endloop
  endfacet
  facet normal 0 0 1
    outer loop
      vertex 132.516 61.2839 3.4
      vertex 132.516 59.5161 3.4
      vertex 132.639 59.4083 3.4
    endloop
  endfacet
  facet normal -0 0 1
    outer loop
      vertex 132.408 61.1609 3.4
      vertex 132.516 59.5161 3.4
      vertex 132.516 61.2839 3.4
    endloop
  endfacet
  facet normal 0 0 1
    outer loop
      vertex 132.408 61.1609 3.4
      vertex 132.408 59.639 3.4
      vertex 132.516 59.5161 3.4
    endloop
  endfacet
  facet normal -0 0 1
    outer loop
      vertex 132.317 61.025 3.4
      vertex 132.408 59.639 3.4
      vertex 132.408 61.1609 3.4
    endloop
  endfacet
  facet normal 0 0 1
    outer loop
      vertex 132.317 61.025 3.4
      vertex 132.317 59.775 3.4
      vertex 132.408 59.639 3.4
    endloop
  endfacet
  facet normal -0 0 1
    outer loop
      vertex 132.245 60.8784 3.4
      vertex 132.317 59.775 3.4
      vertex 132.317 61.025 3.4
    endloop
  endfacet
  facet normal 0 0 1
    outer loop
      vertex 132.245 60.8784 3.4
      vertex 132.245 59.9216 3.4
      vertex 132.317 59.775 3.4
    endloop
  endfacet
  facet normal -0 0 1
    outer loop
      vertex 132.193 60.7235 3.4
      vertex 132.245 59.9216 3.4
      vertex 132.245 60.8784 3.4
    endloop
  endfacet
  facet normal 0 0 1
    outer loop
      vertex 132.193 60.7235 3.4
      vertex 132.193 60.0765 3.4
      vertex 132.245 59.9216 3.4
    endloop
  endfacet
  facet normal -0 0 1
    outer loop
      vertex 132.161 60.5632 3.4
      vertex 132.193 60.0765 3.4
      vertex 132.193 60.7235 3.4
    endloop
  endfacet
  facet normal 0 0 1
    outer loop
      vertex 132.161 60.5632 3.4
      vertex 132.161 60.2368 3.4
      vertex 132.193 60.0765 3.4
    endloop
  endfacet
  facet normal 0 -0 1
    outer loop
      vertex 132.161 60.2368 3.4
      vertex 132.161 60.5632 3.4
      vertex 132.15 60.4 3.4
    endloop
  endfacet
  facet normal 0.831109 0.55611 0
    outer loop
      vertex 132.408 59.639 6.4
      vertex 132.317 59.775 3.4
      vertex 132.317 59.775 6.4
    endloop
  endfacet
  facet normal 0.831109 0.55611 0
    outer loop
      vertex 132.317 59.775 3.4
      vertex 132.408 59.639 6.4
      vertex 132.408 59.639 3.4
    endloop
  endfacet
  facet normal 0.751174 0.660104 0
    outer loop
      vertex 132.516 59.5161 6.4
      vertex 132.408 59.639 3.4
      vertex 132.408 59.639 6.4
    endloop
  endfacet
  facet normal 0.751174 0.660104 0
    outer loop
      vertex 132.408 59.639 3.4
      vertex 132.516 59.5161 6.4
      vertex 132.516 59.5161 3.4
    endloop
  endfacet
  facet normal 0.980651 -0.195763 0
    outer loop
      vertex 132.161 60.5632 6.4
      vertex 132.193 60.7235 3.4
      vertex 132.193 60.7235 6.4
    endloop
  endfacet
  facet normal 0.980651 -0.195763 0
    outer loop
      vertex 132.193 60.7235 3.4
      vertex 132.161 60.5632 6.4
      vertex 132.161 60.5632 3.4
    endloop
  endfacet
  facet normal -0.897588 0.440835 0
    outer loop
      vertex 134.483 59.775 3.4
      vertex 134.555 59.9216 6.4
      vertex 134.555 59.9216 3.4
    endloop
  endfacet
  facet normal -0.897588 0.440835 0
    outer loop
      vertex 134.555 59.9216 6.4
      vertex 134.483 59.775 3.4
      vertex 134.483 59.775 6.4
    endloop
  endfacet
  facet normal -0.831109 0.55611 0
    outer loop
      vertex 134.392 59.639 3.4
      vertex 134.483 59.775 6.4
      vertex 134.483 59.775 3.4
    endloop
  endfacet
  facet normal -0.831109 0.55611 0
    outer loop
      vertex 134.483 59.775 6.4
      vertex 134.392 59.639 3.4
      vertex 134.392 59.639 6.4
    endloop
  endfacet
  facet normal -0.948008 0.318247 0
    outer loop
      vertex 134.555 59.9216 3.4
      vertex 134.607 60.0765 6.4
      vertex 134.607 60.0765 3.4
    endloop
  endfacet
  facet normal -0.948008 0.318247 0
    outer loop
      vertex 134.607 60.0765 6.4
      vertex 134.555 59.9216 3.4
      vertex 134.555 59.9216 6.4
    endloop
  endfacet
  facet normal 0.997865 0.0653099 0
    outer loop
      vertex 10.9 7.4 47.4
      vertex 10.8701 7.85684 2.4
      vertex 10.8701 7.85684 47.4
    endloop
  endfacet
  facet normal 0.997865 0.0653099 0
    outer loop
      vertex 10.8701 7.85684 2.4
      vertex 10.9 7.4 47.4
      vertex 10.9 7.4 2.4
    endloop
  endfacet
  facet normal -0.997859 0.0653969 0
    outer loop
      vertex 3.9 7.4 2.4
      vertex 3.92994 7.85684 47.4
      vertex 3.92994 7.85684 2.4
    endloop
  endfacet
  facet normal -0.997859 0.0653969 0
    outer loop
      vertex 3.92994 7.85684 47.4
      vertex 3.9 7.4 2.4
      vertex 3.9 7.4 47.4
    endloop
  endfacet
  facet normal 0.0653099 0.997865 -0
    outer loop
      vertex 7.85684 10.8701 2.4
      vertex 7.4 10.9 47.4
      vertex 7.85684 10.8701 47.4
    endloop
  endfacet
  facet normal 0.0653099 0.997865 0
    outer loop
      vertex 7.4 10.9 47.4
      vertex 7.85684 10.8701 2.4
      vertex 7.4 10.9 2.4
    endloop
  endfacet
  facet normal -0.0653969 -0.997859 0
    outer loop
      vertex 6.94316 3.92994 2.4
      vertex 7.4 3.9 47.4
      vertex 6.94316 3.92994 47.4
    endloop
  endfacet
  facet normal -0.0653969 -0.997859 -0
    outer loop
      vertex 7.4 3.9 47.4
      vertex 6.94316 3.92994 2.4
      vertex 7.4 3.9 2.4
    endloop
  endfacet
  facet normal -0.751833 -0.659353 0
    outer loop
      vertex 4.92513 4.92513 2.4
      vertex 4.62326 5.26934 47.4
      vertex 4.62326 5.26934 2.4
    endloop
  endfacet
  facet normal -0.751833 -0.659353 0
    outer loop
      vertex 4.62326 5.26934 47.4
      vertex 4.92513 4.92513 2.4
      vertex 4.92513 4.92513 47.4
    endloop
  endfacet
  facet normal 0.751877 0.659304 0
    outer loop
      vertex 10.1767 9.53066 47.4
      vertex 9.87487 9.87487 2.4
      vertex 9.87487 9.87487 47.4
    endloop
  endfacet
  facet normal 0.751877 0.659304 0
    outer loop
      vertex 9.87487 9.87487 2.4
      vertex 10.1767 9.53066 47.4
      vertex 10.1767 9.53066 2.4
    endloop
  endfacet
  facet normal -0.659304 0.751877 0
    outer loop
      vertex 5.26934 10.1767 2.4
      vertex 4.92513 9.87487 47.4
      vertex 5.26934 10.1767 47.4
    endloop
  endfacet
  facet normal -0.659304 0.751877 0
    outer loop
      vertex 4.92513 9.87487 47.4
      vertex 5.26934 10.1767 2.4
      vertex 4.92513 9.87487 2.4
    endloop
  endfacet
  facet normal -0.321322 0.94697 0
    outer loop
      vertex 6.49413 10.7807 2.4
      vertex 6.06061 10.6336 47.4
      vertex 6.49413 10.7807 47.4
    endloop
  endfacet
  facet normal -0.321322 0.94697 0
    outer loop
      vertex 6.06061 10.6336 47.4
      vertex 6.49413 10.7807 2.4
      vertex 6.06061 10.6336 2.4
    endloop
  endfacet
  facet normal 0.896864 0.442305 0
    outer loop
      vertex 10.6336 8.73939 47.4
      vertex 10.4311 9.15 2.4
      vertex 10.4311 9.15 47.4
    endloop
  endfacet
  facet normal 0.896864 0.442305 0
    outer loop
      vertex 10.4311 9.15 2.4
      vertex 10.6336 8.73939 47.4
      vertex 10.6336 8.73939 2.4
    endloop
  endfacet
  facet normal 0.980751 0.195263 0
    outer loop
      vertex 10.8701 7.85684 47.4
      vertex 10.7807 8.30587 2.4
      vertex 10.7807 8.30587 47.4
    endloop
  endfacet
  facet normal 0.980751 0.195263 0
    outer loop
      vertex 10.7807 8.30587 2.4
      vertex 10.8701 7.85684 47.4
      vertex 10.8701 7.85684 2.4
    endloop
  endfacet
  facet normal 0.831418 0.555647 0
    outer loop
      vertex 10.4311 9.15 47.4
      vertex 10.1767 9.53066 2.4
      vertex 10.1767 9.53066 47.4
    endloop
  endfacet
  facet normal 0.831418 0.555647 0
    outer loop
      vertex 10.1767 9.53066 2.4
      vertex 10.4311 9.15 47.4
      vertex 10.4311 9.15 2.4
    endloop
  endfacet
  facet normal 0.442305 0.896864 -0
    outer loop
      vertex 9.15 10.4311 2.4
      vertex 8.73939 10.6336 47.4
      vertex 9.15 10.4311 47.4
    endloop
  endfacet
  facet normal 0.442305 0.896864 0
    outer loop
      vertex 8.73939 10.6336 47.4
      vertex 9.15 10.4311 2.4
      vertex 8.73939 10.6336 2.4
    endloop
  endfacet
  facet normal 0.321322 0.94697 -0
    outer loop
      vertex 8.73939 10.6336 2.4
      vertex 8.30587 10.7807 47.4
      vertex 8.73939 10.6336 47.4
    endloop
  endfacet
  facet normal 0.321322 0.94697 0
    outer loop
      vertex 8.30587 10.7807 47.4
      vertex 8.73939 10.6336 2.4
      vertex 8.30587 10.7807 2.4
    endloop
  endfacet
  facet normal 0.555647 0.831418 -0
    outer loop
      vertex 9.53066 10.1767 2.4
      vertex 9.15 10.4311 47.4
      vertex 9.53066 10.1767 47.4
    endloop
  endfacet
  facet normal 0.555647 0.831418 0
    outer loop
      vertex 9.15 10.4311 47.4
      vertex 9.53066 10.1767 2.4
      vertex 9.15 10.4311 2.4
    endloop
  endfacet
  facet normal -0.896873 0.442288 0
    outer loop
      vertex 4.16642 8.73939 2.4
      vertex 4.36891 9.15 47.4
      vertex 4.36891 9.15 2.4
    endloop
  endfacet
  facet normal -0.896873 0.442288 0
    outer loop
      vertex 4.36891 9.15 47.4
      vertex 4.16642 8.73939 2.4
      vertex 4.16642 8.73939 47.4
    endloop
  endfacet
  facet normal -0.94693 0.321439 0
    outer loop
      vertex 4.01926 8.30587 2.4
      vertex 4.16642 8.73939 47.4
      vertex 4.16642 8.73939 2.4
    endloop
  endfacet
  facet normal -0.94693 0.321439 0
    outer loop
      vertex 4.16642 8.73939 47.4
      vertex 4.01926 8.30587 2.4
      vertex 4.01926 8.30587 47.4
    endloop
  endfacet
  facet normal -0.442305 0.896864 0
    outer loop
      vertex 6.06061 10.6336 2.4
      vertex 5.65 10.4311 47.4
      vertex 6.06061 10.6336 47.4
    endloop
  endfacet
  facet normal -0.442305 0.896864 0
    outer loop
      vertex 5.65 10.4311 47.4
      vertex 6.06061 10.6336 2.4
      vertex 5.65 10.4311 2.4
    endloop
  endfacet
  facet normal -0.195263 0.980751 0
    outer loop
      vertex 6.94316 10.8701 2.4
      vertex 6.49413 10.7807 47.4
      vertex 6.94316 10.8701 47.4
    endloop
  endfacet
  facet normal -0.195263 0.980751 0
    outer loop
      vertex 6.49413 10.7807 47.4
      vertex 6.94316 10.8701 2.4
      vertex 6.49413 10.7807 2.4
    endloop
  endfacet
  facet normal 0.442288 -0.896873 0
    outer loop
      vertex 8.73939 4.16642 2.4
      vertex 9.15 4.36891 47.4
      vertex 8.73939 4.16642 47.4
    endloop
  endfacet
  facet normal 0.442288 -0.896873 0
    outer loop
      vertex 9.15 4.36891 47.4
      vertex 8.73939 4.16642 2.4
      vertex 9.15 4.36891 2.4
    endloop
  endfacet
  facet normal -0.321439 -0.94693 0
    outer loop
      vertex 6.06061 4.16642 2.4
      vertex 6.49413 4.01926 47.4
      vertex 6.06061 4.16642 47.4
    endloop
  endfacet
  facet normal -0.321439 -0.94693 -0
    outer loop
      vertex 6.49413 4.01926 47.4
      vertex 6.06061 4.16642 2.4
      vertex 6.49413 4.01926 2.4
    endloop
  endfacet
  facet normal -0.896873 -0.442288 0
    outer loop
      vertex 4.36891 5.65 2.4
      vertex 4.16642 6.06061 47.4
      vertex 4.16642 6.06061 2.4
    endloop
  endfacet
  facet normal -0.896873 -0.442288 0
    outer loop
      vertex 4.16642 6.06061 47.4
      vertex 4.36891 5.65 2.4
      vertex 4.36891 5.65 47.4
    endloop
  endfacet
  facet normal 0 0 -1
    outer loop
      vertex 10.8701 6.94316 2.4
      vertex 10.8701 7.85684 2.4
      vertex 10.9 7.4 2.4
    endloop
  endfacet
  facet normal 0 0 -1
    outer loop
      vertex 10.7807 6.49413 2.4
      vertex 10.8701 7.85684 2.4
      vertex 10.8701 6.94316 2.4
    endloop
  endfacet
  facet normal 0 0 -1
    outer loop
      vertex 10.7807 6.49413 2.4
      vertex 10.7807 8.30587 2.4
      vertex 10.8701 7.85684 2.4
    endloop
  endfacet
  facet normal 0 0 -1
    outer loop
      vertex 10.6336 6.06061 2.4
      vertex 10.7807 8.30587 2.4
      vertex 10.7807 6.49413 2.4
    endloop
  endfacet
  facet normal 0 0 -1
    outer loop
      vertex 10.6336 6.06061 2.4
      vertex 10.6336 8.73939 2.4
      vertex 10.7807 8.30587 2.4
    endloop
  endfacet
  facet normal 0 0 -1
    outer loop
      vertex 10.4311 5.65 2.4
      vertex 10.6336 8.73939 2.4
      vertex 10.6336 6.06061 2.4
    endloop
  endfacet
  facet normal 0 0 -1
    outer loop
      vertex 10.4311 5.65 2.4
      vertex 10.4311 9.15 2.4
      vertex 10.6336 8.73939 2.4
    endloop
  endfacet
  facet normal 0 0 -1
    outer loop
      vertex 10.1767 5.26934 2.4
      vertex 10.4311 9.15 2.4
      vertex 10.4311 5.65 2.4
    endloop
  endfacet
  facet normal 0 0 -1
    outer loop
      vertex 10.1767 5.26934 2.4
      vertex 10.1767 9.53066 2.4
      vertex 10.4311 9.15 2.4
    endloop
  endfacet
  facet normal 0 0 -1
    outer loop
      vertex 9.87487 4.92513 2.4
      vertex 10.1767 9.53066 2.4
      vertex 10.1767 5.26934 2.4
    endloop
  endfacet
  facet normal 0 0 -1
    outer loop
      vertex 9.87487 4.92513 2.4
      vertex 9.87487 9.87487 2.4
      vertex 10.1767 9.53066 2.4
    endloop
  endfacet
  facet normal 0 0 -1
    outer loop
      vertex 9.53066 4.62326 2.4
      vertex 9.87487 9.87487 2.4
      vertex 9.87487 4.92513 2.4
    endloop
  endfacet
  facet normal 0 0 -1
    outer loop
      vertex 9.53066 4.62326 2.4
      vertex 9.53066 10.1767 2.4
      vertex 9.87487 9.87487 2.4
    endloop
  endfacet
  facet normal 0 0 -1
    outer loop
      vertex 9.15 4.36891 2.4
      vertex 9.53066 10.1767 2.4
      vertex 9.53066 4.62326 2.4
    endloop
  endfacet
  facet normal 0 0 -1
    outer loop
      vertex 9.15 4.36891 2.4
      vertex 9.15 10.4311 2.4
      vertex 9.53066 10.1767 2.4
    endloop
  endfacet
  facet normal 0 0 -1
    outer loop
      vertex 8.73939 4.16642 2.4
      vertex 9.15 10.4311 2.4
      vertex 9.15 4.36891 2.4
    endloop
  endfacet
  facet normal 0 0 -1
    outer loop
      vertex 8.73939 4.16642 2.4
      vertex 8.73939 10.6336 2.4
      vertex 9.15 10.4311 2.4
    endloop
  endfacet
  facet normal 0 0 -1
    outer loop
      vertex 8.30587 4.01926 2.4
      vertex 8.73939 10.6336 2.4
      vertex 8.73939 4.16642 2.4
    endloop
  endfacet
  facet normal 0 0 -1
    outer loop
      vertex 8.30587 4.01926 2.4
      vertex 8.30587 10.7807 2.4
      vertex 8.73939 10.6336 2.4
    endloop
  endfacet
  facet normal 0 0 -1
    outer loop
      vertex 7.85684 3.92994 2.4
      vertex 8.30587 10.7807 2.4
      vertex 8.30587 4.01926 2.4
    endloop
  endfacet
  facet normal 0 0 -1
    outer loop
      vertex 7.85684 3.92994 2.4
      vertex 7.85684 10.8701 2.4
      vertex 8.30587 10.7807 2.4
    endloop
  endfacet
  facet normal 0 0 -1
    outer loop
      vertex 7.4 3.9 2.4
      vertex 7.85684 10.8701 2.4
      vertex 7.85684 3.92994 2.4
    endloop
  endfacet
  facet normal 0 0 -1
    outer loop
      vertex 7.4 3.9 2.4
      vertex 7.4 10.9 2.4
      vertex 7.85684 10.8701 2.4
    endloop
  endfacet
  facet normal 0 0 -1
    outer loop
      vertex 6.94316 3.92994 2.4
      vertex 7.4 10.9 2.4
      vertex 7.4 3.9 2.4
    endloop
  endfacet
  facet normal 0 0 -1
    outer loop
      vertex 6.94316 3.92994 2.4
      vertex 6.94316 10.8701 2.4
      vertex 7.4 10.9 2.4
    endloop
  endfacet
  facet normal 0 0 -1
    outer loop
      vertex 6.49413 4.01926 2.4
      vertex 6.94316 10.8701 2.4
      vertex 6.94316 3.92994 2.4
    endloop
  endfacet
  facet normal 0 0 -1
    outer loop
      vertex 6.49413 4.01926 2.4
      vertex 6.49413 10.7807 2.4
      vertex 6.94316 10.8701 2.4
    endloop
  endfacet
  facet normal 0 0 -1
    outer loop
      vertex 6.06061 4.16642 2.4
      vertex 6.49413 10.7807 2.4
      vertex 6.49413 4.01926 2.4
    endloop
  endfacet
  facet normal 0 0 -1
    outer loop
      vertex 6.06061 4.16642 2.4
      vertex 6.06061 10.6336 2.4
      vertex 6.49413 10.7807 2.4
    endloop
  endfacet
  facet normal 0 0 -1
    outer loop
      vertex 5.65 4.36891 2.4
      vertex 6.06061 10.6336 2.4
      vertex 6.06061 4.16642 2.4
    endloop
  endfacet
  facet normal 0 0 -1
    outer loop
      vertex 5.65 4.36891 2.4
      vertex 5.65 10.4311 2.4
      vertex 6.06061 10.6336 2.4
    endloop
  endfacet
  facet normal 0 0 -1
    outer loop
      vertex 5.26934 4.62326 2.4
      vertex 5.65 10.4311 2.4
      vertex 5.65 4.36891 2.4
    endloop
  endfacet
  facet normal 0 0 -1
    outer loop
      vertex 5.26934 4.62326 2.4
      vertex 5.26934 10.1767 2.4
      vertex 5.65 10.4311 2.4
    endloop
  endfacet
  facet normal 0 0 -1
    outer loop
      vertex 4.92513 4.92513 2.4
      vertex 5.26934 10.1767 2.4
      vertex 5.26934 4.62326 2.4
    endloop
  endfacet
  facet normal 0 0 -1
    outer loop
      vertex 4.92513 4.92513 2.4
      vertex 4.92513 9.87487 2.4
      vertex 5.26934 10.1767 2.4
    endloop
  endfacet
  facet normal 0 0 -1
    outer loop
      vertex 4.62326 5.26934 2.4
      vertex 4.92513 9.87487 2.4
      vertex 4.92513 4.92513 2.4
    endloop
  endfacet
  facet normal 0 0 -1
    outer loop
      vertex 4.62326 5.26934 2.4
      vertex 4.62326 9.53066 2.4
      vertex 4.92513 9.87487 2.4
    endloop
  endfacet
  facet normal 0 0 -1
    outer loop
      vertex 4.36891 5.65 2.4
      vertex 4.62326 9.53066 2.4
      vertex 4.62326 5.26934 2.4
    endloop
  endfacet
  facet normal 0 0 -1
    outer loop
      vertex 4.36891 5.65 2.4
      vertex 4.36891 9.15 2.4
      vertex 4.62326 9.53066 2.4
    endloop
  endfacet
  facet normal 0 0 -1
    outer loop
      vertex 4.16642 6.06061 2.4
      vertex 4.36891 9.15 2.4
      vertex 4.36891 5.65 2.4
    endloop
  endfacet
  facet normal 0 0 -1
    outer loop
      vertex 4.16642 6.06061 2.4
      vertex 4.16642 8.73939 2.4
      vertex 4.36891 9.15 2.4
    endloop
  endfacet
  facet normal 0 0 -1
    outer loop
      vertex 4.01926 6.49413 2.4
      vertex 4.16642 8.73939 2.4
      vertex 4.16642 6.06061 2.4
    endloop
  endfacet
  facet normal 0 0 -1
    outer loop
      vertex 4.01926 6.49413 2.4
      vertex 4.01926 8.30587 2.4
      vertex 4.16642 8.73939 2.4
    endloop
  endfacet
  facet normal 0 0 -1
    outer loop
      vertex 3.92994 6.94316 2.4
      vertex 4.01926 8.30587 2.4
      vertex 4.01926 6.49413 2.4
    endloop
  endfacet
  facet normal 0 0 -1
    outer loop
      vertex 3.92994 6.94316 2.4
      vertex 3.92994 7.85684 2.4
      vertex 4.01926 8.30587 2.4
    endloop
  endfacet
  facet normal 0 -0 -1
    outer loop
      vertex 3.92994 7.85684 2.4
      vertex 3.92994 6.94316 2.4
      vertex 3.9 7.4 2.4
    endloop
  endfacet
  facet normal 0.94697 0.321322 0
    outer loop
      vertex 10.7807 8.30587 47.4
      vertex 10.6336 8.73939 2.4
      vertex 10.6336 8.73939 47.4
    endloop
  endfacet
  facet normal 0.94697 0.321322 0
    outer loop
      vertex 10.6336 8.73939 2.4
      vertex 10.7807 8.30587 47.4
      vertex 10.7807 8.30587 2.4
    endloop
  endfacet
  facet normal 0.195263 0.980751 -0
    outer loop
      vertex 8.30587 10.7807 2.4
      vertex 7.85684 10.8701 47.4
      vertex 8.30587 10.7807 47.4
    endloop
  endfacet
  facet normal 0.195263 0.980751 0
    outer loop
      vertex 7.85684 10.8701 47.4
      vertex 8.30587 10.7807 2.4
      vertex 7.85684 10.8701 2.4
    endloop
  endfacet
  facet normal 0.659304 0.751877 -0
    outer loop
      vertex 9.87487 9.87487 2.4
      vertex 9.53066 10.1767 47.4
      vertex 9.87487 9.87487 47.4
    endloop
  endfacet
  facet normal 0.659304 0.751877 0
    outer loop
      vertex 9.53066 10.1767 47.4
      vertex 9.87487 9.87487 2.4
      vertex 9.53066 10.1767 2.4
    endloop
  endfacet
  facet normal -0.831468 0.555572 0
    outer loop
      vertex 4.36891 9.15 2.4
      vertex 4.62326 9.53066 47.4
      vertex 4.62326 9.53066 2.4
    endloop
  endfacet
  facet normal -0.831468 0.555572 0
    outer loop
      vertex 4.62326 9.53066 47.4
      vertex 4.36891 9.15 2.4
      vertex 4.36891 9.15 47.4
    endloop
  endfacet
  facet normal -0.751833 0.659353 0
    outer loop
      vertex 4.62326 9.53066 2.4
      vertex 4.92513 9.87487 47.4
      vertex 4.92513 9.87487 2.4
    endloop
  endfacet
  facet normal -0.751833 0.659353 0
    outer loop
      vertex 4.92513 9.87487 47.4
      vertex 4.62326 9.53066 2.4
      vertex 4.62326 9.53066 47.4
    endloop
  endfacet
  facet normal -0.980784 0.195095 0
    outer loop
      vertex 3.92994 7.85684 2.4
      vertex 4.01926 8.30587 47.4
      vertex 4.01926 8.30587 2.4
    endloop
  endfacet
  facet normal -0.980784 0.195095 0
    outer loop
      vertex 4.01926 8.30587 47.4
      vertex 3.92994 7.85684 2.4
      vertex 3.92994 7.85684 47.4
    endloop
  endfacet
  facet normal 0 0 1
    outer loop
      vertex 8.65 7.4 47.4
      vertex 10.9 7.4 47.4
      vertex 10.8701 7.85684 47.4
    endloop
  endfacet
  facet normal 0 0 1
    outer loop
      vertex 8.63931 7.56316 47.4
      vertex 10.8701 7.85684 47.4
      vertex 10.7807 8.30587 47.4
    endloop
  endfacet
  facet normal 0 0 1
    outer loop
      vertex 10.9 7.4 47.4
      vertex 8.65 7.4 47.4
      vertex 10.8701 6.94316 47.4
    endloop
  endfacet
  facet normal 0 0 1
    outer loop
      vertex 8.60741 7.72352 47.4
      vertex 10.7807 8.30587 47.4
      vertex 10.6336 8.73939 47.4
    endloop
  endfacet
  facet normal -0 0 1
    outer loop
      vertex 8.63931 7.23684 47.4
      vertex 10.8701 6.94316 47.4
      vertex 8.65 7.4 47.4
    endloop
  endfacet
  facet normal 0 0 1
    outer loop
      vertex 8.55485 7.87835 47.4
      vertex 10.6336 8.73939 47.4
      vertex 10.4311 9.15 47.4
    endloop
  endfacet
  facet normal 0 0 1
    outer loop
      vertex 10.8701 6.94316 47.4
      vertex 8.63931 7.23684 47.4
      vertex 10.7807 6.49413 47.4
    endloop
  endfacet
  facet normal 0 0 1
    outer loop
      vertex 8.48253 8.025 47.4
      vertex 10.4311 9.15 47.4
      vertex 10.1767 9.53066 47.4
    endloop
  endfacet
  facet normal -0 0 1
    outer loop
      vertex 8.60741 7.07648 47.4
      vertex 10.7807 6.49413 47.4
      vertex 8.63931 7.23684 47.4
    endloop
  endfacet
  facet normal 0 0 1
    outer loop
      vertex 8.39169 8.16095 47.4
      vertex 10.1767 9.53066 47.4
      vertex 9.87487 9.87487 47.4
    endloop
  endfacet
  facet normal 0 0 1
    outer loop
      vertex 10.7807 6.49413 47.4
      vertex 8.60741 7.07648 47.4
      vertex 10.6336 6.06061 47.4
    endloop
  endfacet
  facet normal 0 0 1
    outer loop
      vertex 8.28388 8.28388 47.4
      vertex 9.87487 9.87487 47.4
      vertex 9.53066 10.1767 47.4
    endloop
  endfacet
  facet normal -0 0 1
    outer loop
      vertex 8.55485 6.92165 47.4
      vertex 10.6336 6.06061 47.4
      vertex 8.60741 7.07648 47.4
    endloop
  endfacet
  facet normal 0 0 1
    outer loop
      vertex 8.16095 8.39169 47.4
      vertex 9.53066 10.1767 47.4
      vertex 9.15 10.4311 47.4
    endloop
  endfacet
  facet normal 0 0 1
    outer loop
      vertex 10.6336 6.06061 47.4
      vertex 8.55485 6.92165 47.4
      vertex 10.4311 5.65 47.4
    endloop
  endfacet
  facet normal 0 0 1
    outer loop
      vertex 8.025 8.48253 47.4
      vertex 9.15 10.4311 47.4
      vertex 8.73939 10.6336 47.4
    endloop
  endfacet
  facet normal -0 0 1
    outer loop
      vertex 8.48253 6.775 47.4
      vertex 10.4311 5.65 47.4
      vertex 8.55485 6.92165 47.4
    endloop
  endfacet
  facet normal 0 0 1
    outer loop
      vertex 10.4311 5.65 47.4
      vertex 8.48253 6.775 47.4
      vertex 10.1767 5.26934 47.4
    endloop
  endfacet
  facet normal 0 0 1
    outer loop
      vertex 10.8701 7.85684 47.4
      vertex 8.63931 7.56316 47.4
      vertex 8.65 7.4 47.4
    endloop
  endfacet
  facet normal 0 0 1
    outer loop
      vertex 10.7807 8.30587 47.4
      vertex 8.60741 7.72352 47.4
      vertex 8.63931 7.56316 47.4
    endloop
  endfacet
  facet normal 0 0 1
    outer loop
      vertex 10.6336 8.73939 47.4
      vertex 8.55485 7.87835 47.4
      vertex 8.60741 7.72352 47.4
    endloop
  endfacet
  facet normal 0 0 1
    outer loop
      vertex 10.4311 9.15 47.4
      vertex 8.48253 8.025 47.4
      vertex 8.55485 7.87835 47.4
    endloop
  endfacet
  facet normal 0 0 1
    outer loop
      vertex 10.1767 9.53066 47.4
      vertex 8.39169 8.16095 47.4
      vertex 8.48253 8.025 47.4
    endloop
  endfacet
  facet normal 0 0 1
    outer loop
      vertex 7.87835 8.55485 47.4
      vertex 8.73939 10.6336 47.4
      vertex 8.30587 10.7807 47.4
    endloop
  endfacet
  facet normal 0 0 1
    outer loop
      vertex 9.87487 9.87487 47.4
      vertex 8.28388 8.28388 47.4
      vertex 8.39169 8.16095 47.4
    endloop
  endfacet
  facet normal 0 0 1
    outer loop
      vertex 9.53066 10.1767 47.4
      vertex 8.16095 8.39169 47.4
      vertex 8.28388 8.28388 47.4
    endloop
  endfacet
  facet normal 0 0 1
    outer loop
      vertex 9.15 10.4311 47.4
      vertex 8.025 8.48253 47.4
      vertex 8.16095 8.39169 47.4
    endloop
  endfacet
  facet normal 0 0 1
    outer loop
      vertex 8.73939 10.6336 47.4
      vertex 7.87835 8.55485 47.4
      vertex 8.025 8.48253 47.4
    endloop
  endfacet
  facet normal 0 0 1
    outer loop
      vertex 7.72352 8.60741 47.4
      vertex 8.30587 10.7807 47.4
      vertex 7.85684 10.8701 47.4
    endloop
  endfacet
  facet normal 0 0 1
    outer loop
      vertex 8.30587 10.7807 47.4
      vertex 7.72352 8.60741 47.4
      vertex 7.87835 8.55485 47.4
    endloop
  endfacet
  facet normal 0 0 1
    outer loop
      vertex 7.85684 10.8701 47.4
      vertex 7.56316 8.63931 47.4
      vertex 7.72352 8.60741 47.4
    endloop
  endfacet
  facet normal 0 0 1
    outer loop
      vertex 7.4 10.9 47.4
      vertex 7.56316 8.63931 47.4
      vertex 7.85684 10.8701 47.4
    endloop
  endfacet
  facet normal 0 0 1
    outer loop
      vertex 7.4 10.9 47.4
      vertex 7.4 8.65 47.4
      vertex 7.56316 8.63931 47.4
    endloop
  endfacet
  facet normal 0 0 1
    outer loop
      vertex 7.4 10.9 47.4
      vertex 7.23684 8.63931 47.4
      vertex 7.4 8.65 47.4
    endloop
  endfacet
  facet normal -0 0 1
    outer loop
      vertex 6.94316 10.8701 47.4
      vertex 7.23684 8.63931 47.4
      vertex 7.4 10.9 47.4
    endloop
  endfacet
  facet normal 0 0 1
    outer loop
      vertex 7.23684 8.63931 47.4
      vertex 6.94316 10.8701 47.4
      vertex 7.07648 8.60741 47.4
    endloop
  endfacet
  facet normal -0 0 1
    outer loop
      vertex 6.49413 10.7807 47.4
      vertex 7.07648 8.60741 47.4
      vertex 6.94316 10.8701 47.4
    endloop
  endfacet
  facet normal 0 0 1
    outer loop
      vertex 7.07648 8.60741 47.4
      vertex 6.49413 10.7807 47.4
      vertex 6.92165 8.55485 47.4
    endloop
  endfacet
  facet normal -0 0 1
    outer loop
      vertex 6.06061 10.6336 47.4
      vertex 6.92165 8.55485 47.4
      vertex 6.49413 10.7807 47.4
    endloop
  endfacet
  facet normal 0 0 1
    outer loop
      vertex 6.92165 8.55485 47.4
      vertex 6.06061 10.6336 47.4
      vertex 6.775 8.48253 47.4
    endloop
  endfacet
  facet normal -0 0 1
    outer loop
      vertex 5.65 10.4311 47.4
      vertex 6.775 8.48253 47.4
      vertex 6.06061 10.6336 47.4
    endloop
  endfacet
  facet normal 0 0 1
    outer loop
      vertex 6.775 8.48253 47.4
      vertex 5.65 10.4311 47.4
      vertex 6.63905 8.39169 47.4
    endloop
  endfacet
  facet normal -0 0 1
    outer loop
      vertex 5.26934 10.1767 47.4
      vertex 6.63905 8.39169 47.4
      vertex 5.65 10.4311 47.4
    endloop
  endfacet
  facet normal 0 0 1
    outer loop
      vertex 6.63905 8.39169 47.4
      vertex 5.26934 10.1767 47.4
      vertex 6.51612 8.28388 47.4
    endloop
  endfacet
  facet normal -0 0 1
    outer loop
      vertex 4.92513 9.87487 47.4
      vertex 6.51612 8.28388 47.4
      vertex 5.26934 10.1767 47.4
    endloop
  endfacet
  facet normal 0 0 1
    outer loop
      vertex 6.51612 8.28388 47.4
      vertex 4.92513 9.87487 47.4
      vertex 6.40831 8.16095 47.4
    endloop
  endfacet
  facet normal 0 0 1
    outer loop
      vertex 6.40831 8.16095 47.4
      vertex 4.62326 9.53066 47.4
      vertex 6.31747 8.025 47.4
    endloop
  endfacet
  facet normal -0 0 1
    outer loop
      vertex 4.62326 9.53066 47.4
      vertex 6.40831 8.16095 47.4
      vertex 4.92513 9.87487 47.4
    endloop
  endfacet
  facet normal -0 0 1
    outer loop
      vertex 8.39169 6.63905 47.4
      vertex 10.1767 5.26934 47.4
      vertex 8.48253 6.775 47.4
    endloop
  endfacet
  facet normal 0 0 1
    outer loop
      vertex 10.1767 5.26934 47.4
      vertex 8.39169 6.63905 47.4
      vertex 9.87487 4.92513 47.4
    endloop
  endfacet
  facet normal -0 0 1
    outer loop
      vertex 8.28388 6.51612 47.4
      vertex 9.87487 4.92513 47.4
      vertex 8.39169 6.63905 47.4
    endloop
  endfacet
  facet normal 0 0 1
    outer loop
      vertex 9.87487 4.92513 47.4
      vertex 8.28388 6.51612 47.4
      vertex 9.53066 4.62326 47.4
    endloop
  endfacet
  facet normal -0 0 1
    outer loop
      vertex 8.16095 6.40831 47.4
      vertex 9.53066 4.62326 47.4
      vertex 8.28388 6.51612 47.4
    endloop
  endfacet
  facet normal 0 0 1
    outer loop
      vertex 9.53066 4.62326 47.4
      vertex 8.16095 6.40831 47.4
      vertex 9.15 4.36891 47.4
    endloop
  endfacet
  facet normal -0 0 1
    outer loop
      vertex 8.025 6.31747 47.4
      vertex 9.15 4.36891 47.4
      vertex 8.16095 6.40831 47.4
    endloop
  endfacet
  facet normal 0 0 1
    outer loop
      vertex 9.15 4.36891 47.4
      vertex 8.025 6.31747 47.4
      vertex 8.73939 4.16642 47.4
    endloop
  endfacet
  facet normal -0 0 1
    outer loop
      vertex 7.87835 6.24515 47.4
      vertex 8.73939 4.16642 47.4
      vertex 8.025 6.31747 47.4
    endloop
  endfacet
  facet normal 0 0 1
    outer loop
      vertex 8.73939 4.16642 47.4
      vertex 7.87835 6.24515 47.4
      vertex 8.30587 4.01926 47.4
    endloop
  endfacet
  facet normal -0 0 1
    outer loop
      vertex 7.72352 6.19259 47.4
      vertex 8.30587 4.01926 47.4
      vertex 7.87835 6.24515 47.4
    endloop
  endfacet
  facet normal 0 0 1
    outer loop
      vertex 8.30587 4.01926 47.4
      vertex 7.72352 6.19259 47.4
      vertex 7.85684 3.92994 47.4
    endloop
  endfacet
  facet normal -0 0 1
    outer loop
      vertex 7.56316 6.16069 47.4
      vertex 7.85684 3.92994 47.4
      vertex 7.72352 6.19259 47.4
    endloop
  endfacet
  facet normal -0 0 1
    outer loop
      vertex 7.4 6.15 47.4
      vertex 7.85684 3.92994 47.4
      vertex 7.56316 6.16069 47.4
    endloop
  endfacet
  facet normal 0 0 1
    outer loop
      vertex 7.4 6.15 47.4
      vertex 7.4 3.9 47.4
      vertex 7.85684 3.92994 47.4
    endloop
  endfacet
  facet normal 0 0 1
    outer loop
      vertex 7.23684 6.16069 47.4
      vertex 7.4 3.9 47.4
      vertex 7.4 6.15 47.4
    endloop
  endfacet
  facet normal 0 0 1
    outer loop
      vertex 6.94316 3.92994 47.4
      vertex 7.23684 6.16069 47.4
      vertex 7.07648 6.19259 47.4
    endloop
  endfacet
  facet normal 0 0 1
    outer loop
      vertex 7.23684 6.16069 47.4
      vertex 6.94316 3.92994 47.4
      vertex 7.4 3.9 47.4
    endloop
  endfacet
  facet normal 0 0 1
    outer loop
      vertex 6.49413 4.01926 47.4
      vertex 7.07648 6.19259 47.4
      vertex 6.92165 6.24515 47.4
    endloop
  endfacet
  facet normal 0 0 1
    outer loop
      vertex 6.06061 4.16642 47.4
      vertex 6.92165 6.24515 47.4
      vertex 6.775 6.31747 47.4
    endloop
  endfacet
  facet normal 0 0 1
    outer loop
      vertex 5.65 4.36891 47.4
      vertex 6.775 6.31747 47.4
      vertex 6.63905 6.40831 47.4
    endloop
  endfacet
  facet normal 0 0 1
    outer loop
      vertex 5.26934 4.62326 47.4
      vertex 6.63905 6.40831 47.4
      vertex 6.51612 6.51612 47.4
    endloop
  endfacet
  facet normal 0 0 1
    outer loop
      vertex 7.07648 6.19259 47.4
      vertex 6.49413 4.01926 47.4
      vertex 6.94316 3.92994 47.4
    endloop
  endfacet
  facet normal 0 0 1
    outer loop
      vertex 4.92513 4.92513 47.4
      vertex 6.51612 6.51612 47.4
      vertex 6.40831 6.63905 47.4
    endloop
  endfacet
  facet normal 0 0 1
    outer loop
      vertex 4.62326 5.26934 47.4
      vertex 6.40831 6.63905 47.4
      vertex 6.31747 6.775 47.4
    endloop
  endfacet
  facet normal 0 0 1
    outer loop
      vertex 4.36891 5.65 47.4
      vertex 6.31747 6.775 47.4
      vertex 6.24515 6.92165 47.4
    endloop
  endfacet
  facet normal 0 0 1
    outer loop
      vertex 4.16642 6.06061 47.4
      vertex 6.24515 6.92165 47.4
      vertex 6.19259 7.07648 47.4
    endloop
  endfacet
  facet normal 0 0 1
    outer loop
      vertex 4.01926 6.49413 47.4
      vertex 6.19259 7.07648 47.4
      vertex 6.16069 7.23684 47.4
    endloop
  endfacet
  facet normal 0 0 1
    outer loop
      vertex 6.92165 6.24515 47.4
      vertex 6.06061 4.16642 47.4
      vertex 6.49413 4.01926 47.4
    endloop
  endfacet
  facet normal 0 0 1
    outer loop
      vertex 3.92994 6.94316 47.4
      vertex 6.16069 7.23684 47.4
      vertex 6.15 7.4 47.4
    endloop
  endfacet
  facet normal -0 0 1
    outer loop
      vertex 4.36891 9.15 47.4
      vertex 6.31747 8.025 47.4
      vertex 4.62326 9.53066 47.4
    endloop
  endfacet
  facet normal 0 0 1
    outer loop
      vertex 6.31747 8.025 47.4
      vertex 4.36891 9.15 47.4
      vertex 6.24515 7.87835 47.4
    endloop
  endfacet
  facet normal 0 0 1
    outer loop
      vertex 6.775 6.31747 47.4
      vertex 5.65 4.36891 47.4
      vertex 6.06061 4.16642 47.4
    endloop
  endfacet
  facet normal -0 0 1
    outer loop
      vertex 4.16642 8.73939 47.4
      vertex 6.24515 7.87835 47.4
      vertex 4.36891 9.15 47.4
    endloop
  endfacet
  facet normal 0 0 1
    outer loop
      vertex 6.63905 6.40831 47.4
      vertex 5.26934 4.62326 47.4
      vertex 5.65 4.36891 47.4
    endloop
  endfacet
  facet normal 0 0 1
    outer loop
      vertex 6.24515 7.87835 47.4
      vertex 4.16642 8.73939 47.4
      vertex 6.19259 7.72352 47.4
    endloop
  endfacet
  facet normal 0 0 1
    outer loop
      vertex 6.51612 6.51612 47.4
      vertex 4.92513 4.92513 47.4
      vertex 5.26934 4.62326 47.4
    endloop
  endfacet
  facet normal -0 0 1
    outer loop
      vertex 4.01926 8.30587 47.4
      vertex 6.19259 7.72352 47.4
      vertex 4.16642 8.73939 47.4
    endloop
  endfacet
  facet normal 0 0 1
    outer loop
      vertex 6.40831 6.63905 47.4
      vertex 4.62326 5.26934 47.4
      vertex 4.92513 4.92513 47.4
    endloop
  endfacet
  facet normal 0 0 1
    outer loop
      vertex 6.19259 7.72352 47.4
      vertex 4.01926 8.30587 47.4
      vertex 6.16069 7.56316 47.4
    endloop
  endfacet
  facet normal 0 0 1
    outer loop
      vertex 6.31747 6.775 47.4
      vertex 4.36891 5.65 47.4
      vertex 4.62326 5.26934 47.4
    endloop
  endfacet
  facet normal -0 0 1
    outer loop
      vertex 3.92994 7.85684 47.4
      vertex 6.16069 7.56316 47.4
      vertex 4.01926 8.30587 47.4
    endloop
  endfacet
  facet normal 0 0 1
    outer loop
      vertex 6.24515 6.92165 47.4
      vertex 4.16642 6.06061 47.4
      vertex 4.36891 5.65 47.4
    endloop
  endfacet
  facet normal 0 0 1
    outer loop
      vertex 6.16069 7.56316 47.4
      vertex 3.92994 7.85684 47.4
      vertex 6.15 7.4 47.4
    endloop
  endfacet
  facet normal 0 0 1
    outer loop
      vertex 6.19259 7.07648 47.4
      vertex 4.01926 6.49413 47.4
      vertex 4.16642 6.06061 47.4
    endloop
  endfacet
  facet normal 0 0 1
    outer loop
      vertex 3.9 7.4 47.4
      vertex 6.15 7.4 47.4
      vertex 3.92994 7.85684 47.4
    endloop
  endfacet
  facet normal 0 0 1
    outer loop
      vertex 6.16069 7.23684 47.4
      vertex 3.92994 6.94316 47.4
      vertex 4.01926 6.49413 47.4
    endloop
  endfacet
  facet normal 0 0 1
    outer loop
      vertex 6.15 7.4 47.4
      vertex 3.9 7.4 47.4
      vertex 3.92994 6.94316 47.4
    endloop
  endfacet
  facet normal -0.555647 0.831418 0
    outer loop
      vertex 5.65 10.4311 2.4
      vertex 5.26934 10.1767 47.4
      vertex 5.65 10.4311 47.4
    endloop
  endfacet
  facet normal -0.555647 0.831418 0
    outer loop
      vertex 5.26934 10.1767 47.4
      vertex 5.65 10.4311 2.4
      vertex 5.26934 10.1767 2.4
    endloop
  endfacet
  facet normal -0.0653099 0.997865 0
    outer loop
      vertex 7.4 10.9 2.4
      vertex 6.94316 10.8701 47.4
      vertex 7.4 10.9 47.4
    endloop
  endfacet
  facet normal -0.0653099 0.997865 0
    outer loop
      vertex 6.94316 10.8701 47.4
      vertex 7.4 10.9 2.4
      vertex 6.94316 10.8701 2.4
    endloop
  endfacet
  facet normal 0.997865 -0.0653099 0
    outer loop
      vertex 10.8701 6.94316 47.4
      vertex 10.9 7.4 2.4
      vertex 10.9 7.4 47.4
    endloop
  endfacet
  facet normal 0.997865 -0.0653099 0
    outer loop
      vertex 10.9 7.4 2.4
      vertex 10.8701 6.94316 47.4
      vertex 10.8701 6.94316 2.4
    endloop
  endfacet
  facet normal 0.0653969 -0.997859 0
    outer loop
      vertex 7.4 3.9 2.4
      vertex 7.85684 3.92994 47.4
      vertex 7.4 3.9 47.4
    endloop
  endfacet
  facet normal 0.0653969 -0.997859 0
    outer loop
      vertex 7.85684 3.92994 47.4
      vertex 7.4 3.9 2.4
      vertex 7.85684 3.92994 2.4
    endloop
  endfacet
  facet normal 0.321439 -0.94693 0
    outer loop
      vertex 8.30587 4.01926 2.4
      vertex 8.73939 4.16642 47.4
      vertex 8.30587 4.01926 47.4
    endloop
  endfacet
  facet normal 0.321439 -0.94693 0
    outer loop
      vertex 8.73939 4.16642 47.4
      vertex 8.30587 4.01926 2.4
      vertex 8.73939 4.16642 2.4
    endloop
  endfacet
  facet normal 0.555572 -0.831468 0
    outer loop
      vertex 9.15 4.36891 2.4
      vertex 9.53066 4.62326 47.4
      vertex 9.15 4.36891 47.4
    endloop
  endfacet
  facet normal 0.555572 -0.831468 0
    outer loop
      vertex 9.53066 4.62326 47.4
      vertex 9.15 4.36891 2.4
      vertex 9.53066 4.62326 2.4
    endloop
  endfacet
  facet normal 0.94697 -0.321322 0
    outer loop
      vertex 10.6336 6.06061 47.4
      vertex 10.7807 6.49413 2.4
      vertex 10.7807 6.49413 47.4
    endloop
  endfacet
  facet normal 0.94697 -0.321322 0
    outer loop
      vertex 10.7807 6.49413 2.4
      vertex 10.6336 6.06061 47.4
      vertex 10.6336 6.06061 2.4
    endloop
  endfacet
  facet normal 0.751877 -0.659304 0
    outer loop
      vertex 9.87487 4.92513 47.4
      vertex 10.1767 5.26934 2.4
      vertex 10.1767 5.26934 47.4
    endloop
  endfacet
  facet normal 0.751877 -0.659304 0
    outer loop
      vertex 10.1767 5.26934 2.4
      vertex 9.87487 4.92513 47.4
      vertex 9.87487 4.92513 2.4
    endloop
  endfacet
  facet normal -0.659353 -0.751833 0
    outer loop
      vertex 4.92513 4.92513 2.4
      vertex 5.26934 4.62326 47.4
      vertex 4.92513 4.92513 47.4
    endloop
  endfacet
  facet normal -0.659353 -0.751833 -0
    outer loop
      vertex 5.26934 4.62326 47.4
      vertex 4.92513 4.92513 2.4
      vertex 5.26934 4.62326 2.4
    endloop
  endfacet
  facet normal -0.442288 -0.896873 0
    outer loop
      vertex 5.65 4.36891 2.4
      vertex 6.06061 4.16642 47.4
      vertex 5.65 4.36891 47.4
    endloop
  endfacet
  facet normal -0.442288 -0.896873 -0
    outer loop
      vertex 6.06061 4.16642 47.4
      vertex 5.65 4.36891 2.4
      vertex 6.06061 4.16642 2.4
    endloop
  endfacet
  facet normal -0.195095 -0.980784 0
    outer loop
      vertex 6.49413 4.01926 2.4
      vertex 6.94316 3.92994 47.4
      vertex 6.49413 4.01926 47.4
    endloop
  endfacet
  facet normal -0.195095 -0.980784 -0
    outer loop
      vertex 6.94316 3.92994 47.4
      vertex 6.49413 4.01926 2.4
      vertex 6.94316 3.92994 2.4
    endloop
  endfacet
  facet normal -0.831468 -0.555572 0
    outer loop
      vertex 4.62326 5.26934 2.4
      vertex 4.36891 5.65 47.4
      vertex 4.36891 5.65 2.4
    endloop
  endfacet
  facet normal -0.831468 -0.555572 0
    outer loop
      vertex 4.36891 5.65 47.4
      vertex 4.62326 5.26934 2.4
      vertex 4.62326 5.26934 47.4
    endloop
  endfacet
  facet normal -0.94693 -0.321439 0
    outer loop
      vertex 4.16642 6.06061 2.4
      vertex 4.01926 6.49413 47.4
      vertex 4.01926 6.49413 2.4
    endloop
  endfacet
  facet normal -0.94693 -0.321439 0
    outer loop
      vertex 4.01926 6.49413 47.4
      vertex 4.16642 6.06061 2.4
      vertex 4.16642 6.06061 47.4
    endloop
  endfacet
  facet normal -0.997859 -0.0653969 0
    outer loop
      vertex 3.92994 6.94316 2.4
      vertex 3.9 7.4 47.4
      vertex 3.9 7.4 2.4
    endloop
  endfacet
  facet normal -0.997859 -0.0653969 0
    outer loop
      vertex 3.9 7.4 47.4
      vertex 3.92994 6.94316 2.4
      vertex 3.92994 6.94316 47.4
    endloop
  endfacet
  facet normal 0.195095 -0.980784 0
    outer loop
      vertex 7.85684 3.92994 2.4
      vertex 8.30587 4.01926 47.4
      vertex 7.85684 3.92994 47.4
    endloop
  endfacet
  facet normal 0.195095 -0.980784 0
    outer loop
      vertex 8.30587 4.01926 47.4
      vertex 7.85684 3.92994 2.4
      vertex 8.30587 4.01926 2.4
    endloop
  endfacet
  facet normal 0.659353 -0.751833 0
    outer loop
      vertex 9.53066 4.62326 2.4
      vertex 9.87487 4.92513 47.4
      vertex 9.53066 4.62326 47.4
    endloop
  endfacet
  facet normal 0.659353 -0.751833 0
    outer loop
      vertex 9.87487 4.92513 47.4
      vertex 9.53066 4.62326 2.4
      vertex 9.87487 4.92513 2.4
    endloop
  endfacet
  facet normal 0.896864 -0.442305 0
    outer loop
      vertex 10.4311 5.65 47.4
      vertex 10.6336 6.06061 2.4
      vertex 10.6336 6.06061 47.4
    endloop
  endfacet
  facet normal 0.896864 -0.442305 0
    outer loop
      vertex 10.6336 6.06061 2.4
      vertex 10.4311 5.65 47.4
      vertex 10.4311 5.65 2.4
    endloop
  endfacet
  facet normal 0.980751 -0.195263 0
    outer loop
      vertex 10.7807 6.49413 47.4
      vertex 10.8701 6.94316 2.4
      vertex 10.8701 6.94316 47.4
    endloop
  endfacet
  facet normal 0.980751 -0.195263 0
    outer loop
      vertex 10.8701 6.94316 2.4
      vertex 10.7807 6.49413 47.4
      vertex 10.7807 6.49413 2.4
    endloop
  endfacet
  facet normal -0.555572 -0.831468 0
    outer loop
      vertex 5.26934 4.62326 2.4
      vertex 5.65 4.36891 47.4
      vertex 5.26934 4.62326 47.4
    endloop
  endfacet
  facet normal -0.555572 -0.831468 -0
    outer loop
      vertex 5.65 4.36891 47.4
      vertex 5.26934 4.62326 2.4
      vertex 5.65 4.36891 2.4
    endloop
  endfacet
  facet normal -0.980784 -0.195095 0
    outer loop
      vertex 4.01926 6.49413 2.4
      vertex 3.92994 6.94316 47.4
      vertex 3.92994 6.94316 2.4
    endloop
  endfacet
  facet normal -0.980784 -0.195095 0
    outer loop
      vertex 3.92994 6.94316 47.4
      vertex 4.01926 6.49413 2.4
      vertex 4.01926 6.49413 47.4
    endloop
  endfacet
  facet normal 0.831418 -0.555647 0
    outer loop
      vertex 10.1767 5.26934 47.4
      vertex 10.4311 5.65 2.4
      vertex 10.4311 5.65 47.4
    endloop
  endfacet
  facet normal 0.831418 -0.555647 0
    outer loop
      vertex 10.4311 5.65 2.4
      vertex 10.1767 5.26934 47.4
      vertex 10.1767 5.26934 2.4
    endloop
  endfacet
  facet normal -0.997861 -0.0653783 0
    outer loop
      vertex 8.65 7.4 3.4
      vertex 8.63931 7.56316 47.4
      vertex 8.63931 7.56316 3.4
    endloop
  endfacet
  facet normal -0.997861 -0.0653783 0
    outer loop
      vertex 8.63931 7.56316 47.4
      vertex 8.65 7.4 3.4
      vertex 8.65 7.4 47.4
    endloop
  endfacet
  facet normal 0.997861 -0.0653783 0
    outer loop
      vertex 6.15 7.4 47.4
      vertex 6.16069 7.56316 3.4
      vertex 6.16069 7.56316 47.4
    endloop
  endfacet
  facet normal 0.997861 -0.0653783 0
    outer loop
      vertex 6.16069 7.56316 3.4
      vertex 6.15 7.4 47.4
      vertex 6.15 7.4 3.4
    endloop
  endfacet
  facet normal -0.0653783 -0.997861 0
    outer loop
      vertex 7.4 8.65 3.4
      vertex 7.56316 8.63931 47.4
      vertex 7.4 8.65 47.4
    endloop
  endfacet
  facet normal -0.0653783 -0.997861 -0
    outer loop
      vertex 7.56316 8.63931 47.4
      vertex 7.4 8.65 3.4
      vertex 7.56316 8.63931 3.4
    endloop
  endfacet
  facet normal 0.0653783 0.997861 -0
    outer loop
      vertex 7.4 6.15 3.4
      vertex 7.23684 6.16069 47.4
      vertex 7.4 6.15 47.4
    endloop
  endfacet
  facet normal 0.0653783 0.997861 0
    outer loop
      vertex 7.23684 6.16069 47.4
      vertex 7.4 6.15 3.4
      vertex 7.23684 6.16069 3.4
    endloop
  endfacet
  facet normal -0.75183 -0.659357 0
    outer loop
      vertex 8.39169 8.16095 3.4
      vertex 8.28388 8.28388 47.4
      vertex 8.28388 8.28388 3.4
    endloop
  endfacet
  facet normal -0.75183 -0.659357 0
    outer loop
      vertex 8.28388 8.28388 47.4
      vertex 8.39169 8.16095 3.4
      vertex 8.39169 8.16095 47.4
    endloop
  endfacet
  facet normal 0.659357 -0.75183 0
    outer loop
      vertex 6.51612 8.28388 3.4
      vertex 6.63905 8.39169 47.4
      vertex 6.51612 8.28388 47.4
    endloop
  endfacet
  facet normal 0.659357 -0.75183 0
    outer loop
      vertex 6.63905 8.39169 47.4
      vertex 6.51612 8.28388 3.4
      vertex 6.63905 8.39169 3.4
    endloop
  endfacet
  facet normal 0.321452 -0.946926 0
    outer loop
      vertex 6.92165 8.55485 3.4
      vertex 7.07648 8.60741 47.4
      vertex 6.92165 8.55485 47.4
    endloop
  endfacet
  facet normal 0.321452 -0.946926 0
    outer loop
      vertex 7.07648 8.60741 47.4
      vertex 6.92165 8.55485 3.4
      vertex 7.07648 8.60741 3.4
    endloop
  endfacet
  facet normal -0.946926 -0.321452 0
    outer loop
      vertex 8.60741 7.72352 3.4
      vertex 8.55485 7.87835 47.4
      vertex 8.55485 7.87835 3.4
    endloop
  endfacet
  facet normal -0.946926 -0.321452 0
    outer loop
      vertex 8.55485 7.87835 47.4
      vertex 8.60741 7.72352 3.4
      vertex 8.60741 7.72352 47.4
    endloop
  endfacet
  facet normal -0.980782 -0.195105 0
    outer loop
      vertex 8.63931 7.56316 3.4
      vertex 8.60741 7.72352 47.4
      vertex 8.60741 7.72352 3.4
    endloop
  endfacet
  facet normal -0.980782 -0.195105 0
    outer loop
      vertex 8.60741 7.72352 47.4
      vertex 8.63931 7.56316 3.4
      vertex 8.63931 7.56316 47.4
    endloop
  endfacet
  facet normal -0.896872 -0.44229 0
    outer loop
      vertex 8.55485 7.87835 3.4
      vertex 8.48253 8.025 47.4
      vertex 8.48253 8.025 3.4
    endloop
  endfacet
  facet normal -0.896872 -0.44229 0
    outer loop
      vertex 8.48253 8.025 47.4
      vertex 8.55485 7.87835 3.4
      vertex 8.55485 7.87835 47.4
    endloop
  endfacet
  facet normal -0.44229 -0.896872 0
    outer loop
      vertex 7.87835 8.55485 3.4
      vertex 8.025 8.48253 47.4
      vertex 7.87835 8.55485 47.4
    endloop
  endfacet
  facet normal -0.44229 -0.896872 -0
    outer loop
      vertex 8.025 8.48253 47.4
      vertex 7.87835 8.55485 3.4
      vertex 8.025 8.48253 3.4
    endloop
  endfacet
  facet normal -0.321452 -0.946926 0
    outer loop
      vertex 7.72352 8.60741 3.4
      vertex 7.87835 8.55485 47.4
      vertex 7.72352 8.60741 47.4
    endloop
  endfacet
  facet normal -0.321452 -0.946926 -0
    outer loop
      vertex 7.87835 8.55485 47.4
      vertex 7.72352 8.60741 3.4
      vertex 7.87835 8.55485 3.4
    endloop
  endfacet
  facet normal -0.555575 -0.831466 0
    outer loop
      vertex 8.025 8.48253 3.4
      vertex 8.16095 8.39169 47.4
      vertex 8.025 8.48253 47.4
    endloop
  endfacet
  facet normal -0.555575 -0.831466 -0
    outer loop
      vertex 8.16095 8.39169 47.4
      vertex 8.025 8.48253 3.4
      vertex 8.16095 8.39169 3.4
    endloop
  endfacet
  facet normal 0.896872 -0.44229 0
    outer loop
      vertex 6.24515 7.87835 47.4
      vertex 6.31747 8.025 3.4
      vertex 6.31747 8.025 47.4
    endloop
  endfacet
  facet normal 0.896872 -0.44229 0
    outer loop
      vertex 6.31747 8.025 3.4
      vertex 6.24515 7.87835 47.4
      vertex 6.24515 7.87835 3.4
    endloop
  endfacet
  facet normal 0.831466 -0.555575 0
    outer loop
      vertex 6.31747 8.025 47.4
      vertex 6.40831 8.16095 3.4
      vertex 6.40831 8.16095 47.4
    endloop
  endfacet
  facet normal 0.831466 -0.555575 0
    outer loop
      vertex 6.40831 8.16095 3.4
      vertex 6.31747 8.025 47.4
      vertex 6.31747 8.025 3.4
    endloop
  endfacet
  facet normal 0.946926 -0.321452 0
    outer loop
      vertex 6.19259 7.72352 47.4
      vertex 6.24515 7.87835 3.4
      vertex 6.24515 7.87835 47.4
    endloop
  endfacet
  facet normal 0.946926 -0.321452 0
    outer loop
      vertex 6.24515 7.87835 3.4
      vertex 6.19259 7.72352 47.4
      vertex 6.19259 7.72352 3.4
    endloop
  endfacet
  facet normal 0.44229 -0.896872 0
    outer loop
      vertex 6.775 8.48253 3.4
      vertex 6.92165 8.55485 47.4
      vertex 6.775 8.48253 47.4
    endloop
  endfacet
  facet normal 0.44229 -0.896872 0
    outer loop
      vertex 6.92165 8.55485 47.4
      vertex 6.775 8.48253 3.4
      vertex 6.92165 8.55485 3.4
    endloop
  endfacet
  facet normal 0.195105 -0.980782 0
    outer loop
      vertex 7.07648 8.60741 3.4
      vertex 7.23684 8.63931 47.4
      vertex 7.07648 8.60741 47.4
    endloop
  endfacet
  facet normal 0.195105 -0.980782 0
    outer loop
      vertex 7.23684 8.63931 47.4
      vertex 7.07648 8.60741 3.4
      vertex 7.23684 8.63931 3.4
    endloop
  endfacet
  facet normal -0.659357 0.75183 0
    outer loop
      vertex 8.28388 6.51612 3.4
      vertex 8.16095 6.40831 47.4
      vertex 8.28388 6.51612 47.4
    endloop
  endfacet
  facet normal -0.659357 0.75183 0
    outer loop
      vertex 8.16095 6.40831 47.4
      vertex 8.28388 6.51612 3.4
      vertex 8.16095 6.40831 3.4
    endloop
  endfacet
  facet normal -0.44229 0.896872 0
    outer loop
      vertex 8.025 6.31747 3.4
      vertex 7.87835 6.24515 47.4
      vertex 8.025 6.31747 47.4
    endloop
  endfacet
  facet normal -0.44229 0.896872 0
    outer loop
      vertex 7.87835 6.24515 47.4
      vertex 8.025 6.31747 3.4
      vertex 7.87835 6.24515 3.4
    endloop
  endfacet
  facet normal -0.896872 0.44229 0
    outer loop
      vertex 8.48253 6.775 3.4
      vertex 8.55485 6.92165 47.4
      vertex 8.55485 6.92165 3.4
    endloop
  endfacet
  facet normal -0.896872 0.44229 0
    outer loop
      vertex 8.55485 6.92165 47.4
      vertex 8.48253 6.775 3.4
      vertex 8.48253 6.775 47.4
    endloop
  endfacet
  facet normal -0.980782 0.195105 0
    outer loop
      vertex 8.60741 7.07648 3.4
      vertex 8.63931 7.23684 47.4
      vertex 8.63931 7.23684 3.4
    endloop
  endfacet
  facet normal -0.980782 0.195105 0
    outer loop
      vertex 8.63931 7.23684 47.4
      vertex 8.60741 7.07648 3.4
      vertex 8.60741 7.07648 47.4
    endloop
  endfacet
  facet normal 0.44229 0.896872 -0
    outer loop
      vertex 6.92165 6.24515 3.4
      vertex 6.775 6.31747 47.4
      vertex 6.92165 6.24515 47.4
    endloop
  endfacet
  facet normal 0.44229 0.896872 0
    outer loop
      vertex 6.775 6.31747 47.4
      vertex 6.92165 6.24515 3.4
      vertex 6.775 6.31747 3.4
    endloop
  endfacet
  facet normal 0.321452 0.946926 -0
    outer loop
      vertex 7.07648 6.19259 3.4
      vertex 6.92165 6.24515 47.4
      vertex 7.07648 6.19259 47.4
    endloop
  endfacet
  facet normal 0.321452 0.946926 0
    outer loop
      vertex 6.92165 6.24515 47.4
      vertex 7.07648 6.19259 3.4
      vertex 6.92165 6.24515 3.4
    endloop
  endfacet
  facet normal 0.896872 0.44229 0
    outer loop
      vertex 6.31747 6.775 47.4
      vertex 6.24515 6.92165 3.4
      vertex 6.24515 6.92165 47.4
    endloop
  endfacet
  facet normal 0.896872 0.44229 0
    outer loop
      vertex 6.24515 6.92165 3.4
      vertex 6.31747 6.775 47.4
      vertex 6.31747 6.775 3.4
    endloop
  endfacet
  facet normal 0.831466 0.555575 0
    outer loop
      vertex 6.40831 6.63905 47.4
      vertex 6.31747 6.775 3.4
      vertex 6.31747 6.775 47.4
    endloop
  endfacet
  facet normal 0.831466 0.555575 0
    outer loop
      vertex 6.31747 6.775 3.4
      vertex 6.40831 6.63905 47.4
      vertex 6.40831 6.63905 3.4
    endloop
  endfacet
  facet normal 0 0 1
    outer loop
      vertex 8.63931 7.56316 3.4
      vertex 8.63931 7.23684 3.4
      vertex 8.65 7.4 3.4
    endloop
  endfacet
  facet normal 0 0 1
    outer loop
      vertex 8.60741 7.72352 3.4
      vertex 8.63931 7.23684 3.4
      vertex 8.63931 7.56316 3.4
    endloop
  endfacet
  facet normal 0 0 1
    outer loop
      vertex 8.60741 7.72352 3.4
      vertex 8.60741 7.07648 3.4
      vertex 8.63931 7.23684 3.4
    endloop
  endfacet
  facet normal 0 0 1
    outer loop
      vertex 8.55485 7.87835 3.4
      vertex 8.60741 7.07648 3.4
      vertex 8.60741 7.72352 3.4
    endloop
  endfacet
  facet normal 0 0 1
    outer loop
      vertex 8.55485 7.87835 3.4
      vertex 8.55485 6.92165 3.4
      vertex 8.60741 7.07648 3.4
    endloop
  endfacet
  facet normal 0 0 1
    outer loop
      vertex 8.48253 8.025 3.4
      vertex 8.55485 6.92165 3.4
      vertex 8.55485 7.87835 3.4
    endloop
  endfacet
  facet normal 0 0 1
    outer loop
      vertex 8.48253 8.025 3.4
      vertex 8.48253 6.775 3.4
      vertex 8.55485 6.92165 3.4
    endloop
  endfacet
  facet normal 0 0 1
    outer loop
      vertex 8.39169 8.16095 3.4
      vertex 8.48253 6.775 3.4
      vertex 8.48253 8.025 3.4
    endloop
  endfacet
  facet normal 0 0 1
    outer loop
      vertex 8.39169 8.16095 3.4
      vertex 8.39169 6.63905 3.4
      vertex 8.48253 6.775 3.4
    endloop
  endfacet
  facet normal 0 0 1
    outer loop
      vertex 8.28388 8.28388 3.4
      vertex 8.39169 6.63905 3.4
      vertex 8.39169 8.16095 3.4
    endloop
  endfacet
  facet normal 0 0 1
    outer loop
      vertex 8.28388 8.28388 3.4
      vertex 8.28388 6.51612 3.4
      vertex 8.39169 6.63905 3.4
    endloop
  endfacet
  facet normal 0 0 1
    outer loop
      vertex 8.16095 8.39169 3.4
      vertex 8.28388 6.51612 3.4
      vertex 8.28388 8.28388 3.4
    endloop
  endfacet
  facet normal 0 0 1
    outer loop
      vertex 8.16095 8.39169 3.4
      vertex 8.16095 6.40831 3.4
      vertex 8.28388 6.51612 3.4
    endloop
  endfacet
  facet normal 0 0 1
    outer loop
      vertex 8.025 8.48253 3.4
      vertex 8.16095 6.40831 3.4
      vertex 8.16095 8.39169 3.4
    endloop
  endfacet
  facet normal 0 0 1
    outer loop
      vertex 8.025 8.48253 3.4
      vertex 8.025 6.31747 3.4
      vertex 8.16095 6.40831 3.4
    endloop
  endfacet
  facet normal 0 0 1
    outer loop
      vertex 7.87835 8.55485 3.4
      vertex 8.025 6.31747 3.4
      vertex 8.025 8.48253 3.4
    endloop
  endfacet
  facet normal 0 0 1
    outer loop
      vertex 7.87835 8.55485 3.4
      vertex 7.87835 6.24515 3.4
      vertex 8.025 6.31747 3.4
    endloop
  endfacet
  facet normal 0 0 1
    outer loop
      vertex 7.72352 8.60741 3.4
      vertex 7.87835 6.24515 3.4
      vertex 7.87835 8.55485 3.4
    endloop
  endfacet
  facet normal 0 0 1
    outer loop
      vertex 7.72352 8.60741 3.4
      vertex 7.72352 6.19259 3.4
      vertex 7.87835 6.24515 3.4
    endloop
  endfacet
  facet normal 0 0 1
    outer loop
      vertex 7.56316 8.63931 3.4
      vertex 7.72352 6.19259 3.4
      vertex 7.72352 8.60741 3.4
    endloop
  endfacet
  facet normal 0 0 1
    outer loop
      vertex 7.56316 8.63931 3.4
      vertex 7.56316 6.16069 3.4
      vertex 7.72352 6.19259 3.4
    endloop
  endfacet
  facet normal 0 0 1
    outer loop
      vertex 7.4 8.65 3.4
      vertex 7.56316 6.16069 3.4
      vertex 7.56316 8.63931 3.4
    endloop
  endfacet
  facet normal 0 0 1
    outer loop
      vertex 7.4 8.65 3.4
      vertex 7.4 6.15 3.4
      vertex 7.56316 6.16069 3.4
    endloop
  endfacet
  facet normal -0 0 1
    outer loop
      vertex 7.23684 8.63931 3.4
      vertex 7.4 6.15 3.4
      vertex 7.4 8.65 3.4
    endloop
  endfacet
  facet normal 0 0 1
    outer loop
      vertex 7.23684 8.63931 3.4
      vertex 7.23684 6.16069 3.4
      vertex 7.4 6.15 3.4
    endloop
  endfacet
  facet normal -0 0 1
    outer loop
      vertex 7.07648 8.60741 3.4
      vertex 7.23684 6.16069 3.4
      vertex 7.23684 8.63931 3.4
    endloop
  endfacet
  facet normal 0 0 1
    outer loop
      vertex 7.07648 8.60741 3.4
      vertex 7.07648 6.19259 3.4
      vertex 7.23684 6.16069 3.4
    endloop
  endfacet
  facet normal -0 0 1
    outer loop
      vertex 6.92165 8.55485 3.4
      vertex 7.07648 6.19259 3.4
      vertex 7.07648 8.60741 3.4
    endloop
  endfacet
  facet normal 0 0 1
    outer loop
      vertex 6.92165 8.55485 3.4
      vertex 6.92165 6.24515 3.4
      vertex 7.07648 6.19259 3.4
    endloop
  endfacet
  facet normal -0 0 1
    outer loop
      vertex 6.775 8.48253 3.4
      vertex 6.92165 6.24515 3.4
      vertex 6.92165 8.55485 3.4
    endloop
  endfacet
  facet normal 0 0 1
    outer loop
      vertex 6.775 8.48253 3.4
      vertex 6.775 6.31747 3.4
      vertex 6.92165 6.24515 3.4
    endloop
  endfacet
  facet normal -0 0 1
    outer loop
      vertex 6.63905 8.39169 3.4
      vertex 6.775 6.31747 3.4
      vertex 6.775 8.48253 3.4
    endloop
  endfacet
  facet normal 0 0 1
    outer loop
      vertex 6.63905 8.39169 3.4
      vertex 6.63905 6.40831 3.4
      vertex 6.775 6.31747 3.4
    endloop
  endfacet
  facet normal -0 0 1
    outer loop
      vertex 6.51612 8.28388 3.4
      vertex 6.63905 6.40831 3.4
      vertex 6.63905 8.39169 3.4
    endloop
  endfacet
  facet normal 0 0 1
    outer loop
      vertex 6.51612 8.28388 3.4
      vertex 6.51612 6.51612 3.4
      vertex 6.63905 6.40831 3.4
    endloop
  endfacet
  facet normal -0 0 1
    outer loop
      vertex 6.40831 8.16095 3.4
      vertex 6.51612 6.51612 3.4
      vertex 6.51612 8.28388 3.4
    endloop
  endfacet
  facet normal 0 0 1
    outer loop
      vertex 6.40831 8.16095 3.4
      vertex 6.40831 6.63905 3.4
      vertex 6.51612 6.51612 3.4
    endloop
  endfacet
  facet normal -0 0 1
    outer loop
      vertex 6.31747 8.025 3.4
      vertex 6.40831 6.63905 3.4
      vertex 6.40831 8.16095 3.4
    endloop
  endfacet
  facet normal 0 0 1
    outer loop
      vertex 6.31747 8.025 3.4
      vertex 6.31747 6.775 3.4
      vertex 6.40831 6.63905 3.4
    endloop
  endfacet
  facet normal -0 0 1
    outer loop
      vertex 6.24515 7.87835 3.4
      vertex 6.31747 6.775 3.4
      vertex 6.31747 8.025 3.4
    endloop
  endfacet
  facet normal 0 0 1
    outer loop
      vertex 6.24515 7.87835 3.4
      vertex 6.24515 6.92165 3.4
      vertex 6.31747 6.775 3.4
    endloop
  endfacet
  facet normal -0 0 1
    outer loop
      vertex 6.19259 7.72352 3.4
      vertex 6.24515 6.92165 3.4
      vertex 6.24515 7.87835 3.4
    endloop
  endfacet
  facet normal 0 0 1
    outer loop
      vertex 6.19259 7.72352 3.4
      vertex 6.19259 7.07648 3.4
      vertex 6.24515 6.92165 3.4
    endloop
  endfacet
  facet normal -0 0 1
    outer loop
      vertex 6.16069 7.56316 3.4
      vertex 6.19259 7.07648 3.4
      vertex 6.19259 7.72352 3.4
    endloop
  endfacet
  facet normal 0 0 1
    outer loop
      vertex 6.16069 7.56316 3.4
      vertex 6.16069 7.23684 3.4
      vertex 6.19259 7.07648 3.4
    endloop
  endfacet
  facet normal 0 -0 1
    outer loop
      vertex 6.16069 7.23684 3.4
      vertex 6.16069 7.56316 3.4
      vertex 6.15 7.4 3.4
    endloop
  endfacet
  facet normal -0.195105 -0.980782 0
    outer loop
      vertex 7.56316 8.63931 3.4
      vertex 7.72352 8.60741 47.4
      vertex 7.56316 8.63931 47.4
    endloop
  endfacet
  facet normal -0.195105 -0.980782 -0
    outer loop
      vertex 7.72352 8.60741 47.4
      vertex 7.56316 8.63931 3.4
      vertex 7.72352 8.60741 3.4
    endloop
  endfacet
  facet normal -0.659357 -0.75183 0
    outer loop
      vertex 8.16095 8.39169 3.4
      vertex 8.28388 8.28388 47.4
      vertex 8.16095 8.39169 47.4
    endloop
  endfacet
  facet normal -0.659357 -0.75183 -0
    outer loop
      vertex 8.28388 8.28388 47.4
      vertex 8.16095 8.39169 3.4
      vertex 8.28388 8.28388 3.4
    endloop
  endfacet
  facet normal 0.980782 -0.195105 0
    outer loop
      vertex 6.16069 7.56316 47.4
      vertex 6.19259 7.72352 3.4
      vertex 6.19259 7.72352 47.4
    endloop
  endfacet
  facet normal 0.980782 -0.195105 0
    outer loop
      vertex 6.19259 7.72352 3.4
      vertex 6.16069 7.56316 47.4
      vertex 6.16069 7.56316 3.4
    endloop
  endfacet
  facet normal 0.0653783 -0.997861 0
    outer loop
      vertex 7.23684 8.63931 3.4
      vertex 7.4 8.65 47.4
      vertex 7.23684 8.63931 47.4
    endloop
  endfacet
  facet normal 0.0653783 -0.997861 0
    outer loop
      vertex 7.4 8.65 47.4
      vertex 7.23684 8.63931 3.4
      vertex 7.4 8.65 3.4
    endloop
  endfacet
  facet normal -0.997861 0.0653783 0
    outer loop
      vertex 8.63931 7.23684 3.4
      vertex 8.65 7.4 47.4
      vertex 8.65 7.4 3.4
    endloop
  endfacet
  facet normal -0.997861 0.0653783 0
    outer loop
      vertex 8.65 7.4 47.4
      vertex 8.63931 7.23684 3.4
      vertex 8.63931 7.23684 47.4
    endloop
  endfacet
  facet normal -0.0653783 0.997861 0
    outer loop
      vertex 7.56316 6.16069 3.4
      vertex 7.4 6.15 47.4
      vertex 7.56316 6.16069 47.4
    endloop
  endfacet
  facet normal -0.0653783 0.997861 0
    outer loop
      vertex 7.4 6.15 47.4
      vertex 7.56316 6.16069 3.4
      vertex 7.4 6.15 3.4
    endloop
  endfacet
  facet normal -0.321452 0.946926 0
    outer loop
      vertex 7.87835 6.24515 3.4
      vertex 7.72352 6.19259 47.4
      vertex 7.87835 6.24515 47.4
    endloop
  endfacet
  facet normal -0.321452 0.946926 0
    outer loop
      vertex 7.72352 6.19259 47.4
      vertex 7.87835 6.24515 3.4
      vertex 7.72352 6.19259 3.4
    endloop
  endfacet
  facet normal -0.555575 0.831466 0
    outer loop
      vertex 8.16095 6.40831 3.4
      vertex 8.025 6.31747 47.4
      vertex 8.16095 6.40831 47.4
    endloop
  endfacet
  facet normal -0.555575 0.831466 0
    outer loop
      vertex 8.025 6.31747 47.4
      vertex 8.16095 6.40831 3.4
      vertex 8.025 6.31747 3.4
    endloop
  endfacet
  facet normal -0.75183 0.659357 0
    outer loop
      vertex 8.28388 6.51612 3.4
      vertex 8.39169 6.63905 47.4
      vertex 8.39169 6.63905 3.4
    endloop
  endfacet
  facet normal -0.75183 0.659357 0
    outer loop
      vertex 8.39169 6.63905 47.4
      vertex 8.28388 6.51612 3.4
      vertex 8.28388 6.51612 47.4
    endloop
  endfacet
  facet normal -0.831466 0.555575 0
    outer loop
      vertex 8.39169 6.63905 3.4
      vertex 8.48253 6.775 47.4
      vertex 8.48253 6.775 3.4
    endloop
  endfacet
  facet normal -0.831466 0.555575 0
    outer loop
      vertex 8.48253 6.775 47.4
      vertex 8.39169 6.63905 3.4
      vertex 8.39169 6.63905 47.4
    endloop
  endfacet
  facet normal 0.659357 0.75183 -0
    outer loop
      vertex 6.63905 6.40831 3.4
      vertex 6.51612 6.51612 47.4
      vertex 6.63905 6.40831 47.4
    endloop
  endfacet
  facet normal 0.659357 0.75183 0
    outer loop
      vertex 6.51612 6.51612 47.4
      vertex 6.63905 6.40831 3.4
      vertex 6.51612 6.51612 3.4
    endloop
  endfacet
  facet normal 0.555575 0.831466 -0
    outer loop
      vertex 6.775 6.31747 3.4
      vertex 6.63905 6.40831 47.4
      vertex 6.775 6.31747 47.4
    endloop
  endfacet
  facet normal 0.555575 0.831466 0
    outer loop
      vertex 6.63905 6.40831 47.4
      vertex 6.775 6.31747 3.4
      vertex 6.63905 6.40831 3.4
    endloop
  endfacet
  facet normal 0.195105 0.980782 -0
    outer loop
      vertex 7.23684 6.16069 3.4
      vertex 7.07648 6.19259 47.4
      vertex 7.23684 6.16069 47.4
    endloop
  endfacet
  facet normal 0.195105 0.980782 0
    outer loop
      vertex 7.07648 6.19259 47.4
      vertex 7.23684 6.16069 3.4
      vertex 7.07648 6.19259 3.4
    endloop
  endfacet
  facet normal 0.75183 0.659357 0
    outer loop
      vertex 6.51612 6.51612 47.4
      vertex 6.40831 6.63905 3.4
      vertex 6.40831 6.63905 47.4
    endloop
  endfacet
  facet normal 0.75183 0.659357 0
    outer loop
      vertex 6.40831 6.63905 3.4
      vertex 6.51612 6.51612 47.4
      vertex 6.51612 6.51612 3.4
    endloop
  endfacet
  facet normal 0.946926 0.321452 0
    outer loop
      vertex 6.24515 6.92165 47.4
      vertex 6.19259 7.07648 3.4
      vertex 6.19259 7.07648 47.4
    endloop
  endfacet
  facet normal 0.946926 0.321452 0
    outer loop
      vertex 6.19259 7.07648 3.4
      vertex 6.24515 6.92165 47.4
      vertex 6.24515 6.92165 3.4
    endloop
  endfacet
  facet normal 0.997861 0.0653783 0
    outer loop
      vertex 6.16069 7.23684 47.4
      vertex 6.15 7.4 3.4
      vertex 6.15 7.4 47.4
    endloop
  endfacet
  facet normal 0.997861 0.0653783 0
    outer loop
      vertex 6.15 7.4 3.4
      vertex 6.16069 7.23684 47.4
      vertex 6.16069 7.23684 3.4
    endloop
  endfacet
  facet normal -0.831466 -0.555575 0
    outer loop
      vertex 8.48253 8.025 3.4
      vertex 8.39169 8.16095 47.4
      vertex 8.39169 8.16095 3.4
    endloop
  endfacet
  facet normal -0.831466 -0.555575 0
    outer loop
      vertex 8.39169 8.16095 47.4
      vertex 8.48253 8.025 3.4
      vertex 8.48253 8.025 47.4
    endloop
  endfacet
  facet normal 0.75183 -0.659357 0
    outer loop
      vertex 6.40831 8.16095 47.4
      vertex 6.51612 8.28388 3.4
      vertex 6.51612 8.28388 47.4
    endloop
  endfacet
  facet normal 0.75183 -0.659357 0
    outer loop
      vertex 6.51612 8.28388 3.4
      vertex 6.40831 8.16095 47.4
      vertex 6.40831 8.16095 3.4
    endloop
  endfacet
  facet normal 0.555575 -0.831466 0
    outer loop
      vertex 6.63905 8.39169 3.4
      vertex 6.775 8.48253 47.4
      vertex 6.63905 8.39169 47.4
    endloop
  endfacet
  facet normal 0.555575 -0.831466 0
    outer loop
      vertex 6.775 8.48253 47.4
      vertex 6.63905 8.39169 3.4
      vertex 6.775 8.48253 3.4
    endloop
  endfacet
  facet normal -0.195105 0.980782 0
    outer loop
      vertex 7.72352 6.19259 3.4
      vertex 7.56316 6.16069 47.4
      vertex 7.72352 6.19259 47.4
    endloop
  endfacet
  facet normal -0.195105 0.980782 0
    outer loop
      vertex 7.56316 6.16069 47.4
      vertex 7.72352 6.19259 3.4
      vertex 7.56316 6.16069 3.4
    endloop
  endfacet
  facet normal -0.946926 0.321452 0
    outer loop
      vertex 8.55485 6.92165 3.4
      vertex 8.60741 7.07648 47.4
      vertex 8.60741 7.07648 3.4
    endloop
  endfacet
  facet normal -0.946926 0.321452 0
    outer loop
      vertex 8.60741 7.07648 47.4
      vertex 8.55485 6.92165 3.4
      vertex 8.55485 6.92165 47.4
    endloop
  endfacet
  facet normal 0.980782 0.195105 0
    outer loop
      vertex 6.19259 7.07648 47.4
      vertex 6.16069 7.23684 3.4
      vertex 6.16069 7.23684 47.4
    endloop
  endfacet
  facet normal 0.980782 0.195105 0
    outer loop
      vertex 6.16069 7.23684 3.4
      vertex 6.19259 7.07648 47.4
      vertex 6.19259 7.07648 3.4
    endloop
  endfacet
  facet normal 0.997851 0.0655274 0
    outer loop
      vertex 150.9 7.4 47.4
      vertex 150.87 7.85684 2.4
      vertex 150.87 7.85684 47.4
    endloop
  endfacet
  facet normal 0.997851 0.0655274 0
    outer loop
      vertex 150.87 7.85684 2.4
      vertex 150.9 7.4 47.4
      vertex 150.9 7.4 2.4
    endloop
  endfacet
  facet normal -0.997851 0.0655274 0
    outer loop
      vertex 143.9 7.4 2.4
      vertex 143.93 7.85684 47.4
      vertex 143.93 7.85684 2.4
    endloop
  endfacet
  facet normal -0.997851 0.0655274 0
    outer loop
      vertex 143.93 7.85684 47.4
      vertex 143.9 7.4 2.4
      vertex 143.9 7.4 47.4
    endloop
  endfacet
  facet normal 0.0652871 0.997867 -0
    outer loop
      vertex 147.857 10.8701 2.4
      vertex 147.4 10.9 47.4
      vertex 147.857 10.8701 47.4
    endloop
  endfacet
  facet normal 0.0652871 0.997867 0
    outer loop
      vertex 147.4 10.9 47.4
      vertex 147.857 10.8701 2.4
      vertex 147.4 10.9 2.4
    endloop
  endfacet
  facet normal -0.0653741 -0.997861 0
    outer loop
      vertex 146.943 3.92994 2.4
      vertex 147.4 3.9 47.4
      vertex 146.943 3.92994 47.4
    endloop
  endfacet
  facet normal -0.0653741 -0.997861 -0
    outer loop
      vertex 147.4 3.9 47.4
      vertex 146.943 3.92994 2.4
      vertex 147.4 3.9 2.4
    endloop
  endfacet
  facet normal -0.751693 -0.659514 0
    outer loop
      vertex 144.925 4.92513 2.4
      vertex 144.623 5.26934 47.4
      vertex 144.623 5.26934 2.4
    endloop
  endfacet
  facet normal -0.751693 -0.659514 0
    outer loop
      vertex 144.623 5.26934 47.4
      vertex 144.925 4.92513 2.4
      vertex 144.925 4.92513 47.4
    endloop
  endfacet
  facet normal 0.751693 0.659514 0
    outer loop
      vertex 150.177 9.53066 47.4
      vertex 149.875 9.87487 2.4
      vertex 149.875 9.87487 47.4
    endloop
  endfacet
  facet normal 0.751693 0.659514 0
    outer loop
      vertex 149.875 9.87487 2.4
      vertex 150.177 9.53066 47.4
      vertex 150.177 9.53066 2.4
    endloop
  endfacet
  facet normal -0.659531 0.751677 0
    outer loop
      vertex 145.269 10.1767 2.4
      vertex 144.925 9.87487 47.4
      vertex 145.269 10.1767 47.4
    endloop
  endfacet
  facet normal -0.659531 0.751677 0
    outer loop
      vertex 144.925 9.87487 47.4
      vertex 145.269 10.1767 2.4
      vertex 144.925 9.87487 2.4
    endloop
  endfacet
  facet normal -0.321668 0.946853 0
    outer loop
      vertex 146.494 10.7807 2.4
      vertex 146.061 10.6336 47.4
      vertex 146.494 10.7807 47.4
    endloop
  endfacet
  facet normal -0.321668 0.946853 0
    outer loop
      vertex 146.061 10.6336 47.4
      vertex 146.494 10.7807 2.4
      vertex 146.061 10.6336 2.4
    endloop
  endfacet
  facet normal 0.896431 0.443183 0
    outer loop
      vertex 150.634 8.73939 47.4
      vertex 150.431 9.15 2.4
      vertex 150.431 9.15 47.4
    endloop
  endfacet
  facet normal 0.896431 0.443183 0
    outer loop
      vertex 150.431 9.15 2.4
      vertex 150.634 8.73939 47.4
      vertex 150.634 8.73939 2.4
    endloop
  endfacet
  facet normal 0.980918 0.194423 0
    outer loop
      vertex 150.87 7.85684 47.4
      vertex 150.781 8.30587 2.4
      vertex 150.781 8.30587 47.4
    endloop
  endfacet
  facet normal 0.980918 0.194423 0
    outer loop
      vertex 150.781 8.30587 2.4
      vertex 150.87 7.85684 47.4
      vertex 150.87 7.85684 2.4
    endloop
  endfacet
  facet normal 0.831822 0.555043 0
    outer loop
      vertex 150.431 9.15 47.4
      vertex 150.177 9.53066 2.4
      vertex 150.177 9.53066 47.4
    endloop
  endfacet
  facet normal 0.831822 0.555043 0
    outer loop
      vertex 150.177 9.53066 2.4
      vertex 150.431 9.15 47.4
      vertex 150.431 9.15 2.4
    endloop
  endfacet
  facet normal 0.441968 0.897031 -0
    outer loop
      vertex 149.15 10.4311 2.4
      vertex 148.739 10.6336 47.4
      vertex 149.15 10.4311 47.4
    endloop
  endfacet
  facet normal 0.441968 0.897031 0
    outer loop
      vertex 148.739 10.6336 47.4
      vertex 149.15 10.4311 2.4
      vertex 148.739 10.6336 2.4
    endloop
  endfacet
  facet normal 0.321668 0.946853 -0
    outer loop
      vertex 148.739 10.6336 2.4
      vertex 148.306 10.7807 47.4
      vertex 148.739 10.6336 47.4
    endloop
  endfacet
  facet normal 0.321668 0.946853 0
    outer loop
      vertex 148.306 10.7807 47.4
      vertex 148.739 10.6336 2.4
      vertex 148.306 10.7807 2.4
    endloop
  endfacet
  facet normal 0.555305 0.831647 -0
    outer loop
      vertex 149.531 10.1767 2.4
      vertex 149.15 10.4311 47.4
      vertex 149.531 10.1767 47.4
    endloop
  endfacet
  facet normal 0.555305 0.831647 0
    outer loop
      vertex 149.15 10.4311 47.4
      vertex 149.531 10.1767 2.4
      vertex 149.15 10.4311 2.4
    endloop
  endfacet
  facet normal -0.896431 0.443183 0
    outer loop
      vertex 144.166 8.73939 2.4
      vertex 144.369 9.15 47.4
      vertex 144.369 9.15 2.4
    endloop
  endfacet
  facet normal -0.896431 0.443183 0
    outer loop
      vertex 144.369 9.15 47.4
      vertex 144.166 8.73939 2.4
      vertex 144.166 8.73939 47.4
    endloop
  endfacet
  facet normal -0.947037 0.321126 0
    outer loop
      vertex 144.019 8.30587 2.4
      vertex 144.166 8.73939 47.4
      vertex 144.166 8.73939 2.4
    endloop
  endfacet
  facet normal -0.947037 0.321126 0
    outer loop
      vertex 144.166 8.73939 47.4
      vertex 144.019 8.30587 2.4
      vertex 144.019 8.30587 47.4
    endloop
  endfacet
  facet normal -0.441968 0.897031 0
    outer loop
      vertex 146.061 10.6336 2.4
      vertex 145.65 10.4311 47.4
      vertex 146.061 10.6336 47.4
    endloop
  endfacet
  facet normal -0.441968 0.897031 0
    outer loop
      vertex 145.65 10.4311 47.4
      vertex 146.061 10.6336 2.4
      vertex 145.65 10.4311 2.4
    endloop
  endfacet
  facet normal -0.195276 0.980748 0
    outer loop
      vertex 146.943 10.8701 2.4
      vertex 146.494 10.7807 47.4
      vertex 146.943 10.8701 47.4
    endloop
  endfacet
  facet normal -0.195276 0.980748 0
    outer loop
      vertex 146.494 10.7807 47.4
      vertex 146.943 10.8701 2.4
      vertex 146.494 10.7807 2.4
    endloop
  endfacet
  facet normal 0.44195 -0.89704 0
    outer loop
      vertex 148.739 4.16642 2.4
      vertex 149.15 4.36891 47.4
      vertex 148.739 4.16642 47.4
    endloop
  endfacet
  facet normal 0.44195 -0.89704 0
    outer loop
      vertex 149.15 4.36891 47.4
      vertex 148.739 4.16642 2.4
      vertex 149.15 4.36891 2.4
    endloop
  endfacet
  facet normal -0.321785 -0.946813 0
    outer loop
      vertex 146.061 4.16642 2.4
      vertex 146.494 4.01926 47.4
      vertex 146.061 4.16642 47.4
    endloop
  endfacet
  facet normal -0.321785 -0.946813 -0
    outer loop
      vertex 146.494 4.01926 47.4
      vertex 146.061 4.16642 2.4
      vertex 146.494 4.01926 2.4
    endloop
  endfacet
  facet normal -0.896431 -0.443183 0
    outer loop
      vertex 144.369 5.65 2.4
      vertex 144.166 6.06061 47.4
      vertex 144.166 6.06061 2.4
    endloop
  endfacet
  facet normal -0.896431 -0.443183 0
    outer loop
      vertex 144.166 6.06061 47.4
      vertex 144.369 5.65 2.4
      vertex 144.369 5.65 47.4
    endloop
  endfacet
  facet normal 0 0 -1
    outer loop
      vertex 150.87 6.94316 2.4
      vertex 150.87 7.85684 2.4
      vertex 150.9 7.4 2.4
    endloop
  endfacet
  facet normal 0 0 -1
    outer loop
      vertex 150.781 6.49413 2.4
      vertex 150.87 7.85684 2.4
      vertex 150.87 6.94316 2.4
    endloop
  endfacet
  facet normal 0 0 -1
    outer loop
      vertex 150.781 6.49413 2.4
      vertex 150.781 8.30587 2.4
      vertex 150.87 7.85684 2.4
    endloop
  endfacet
  facet normal 0 0 -1
    outer loop
      vertex 150.634 6.06061 2.4
      vertex 150.781 8.30587 2.4
      vertex 150.781 6.49413 2.4
    endloop
  endfacet
  facet normal 0 0 -1
    outer loop
      vertex 150.634 6.06061 2.4
      vertex 150.634 8.73939 2.4
      vertex 150.781 8.30587 2.4
    endloop
  endfacet
  facet normal 0 0 -1
    outer loop
      vertex 150.431 5.65 2.4
      vertex 150.634 8.73939 2.4
      vertex 150.634 6.06061 2.4
    endloop
  endfacet
  facet normal 0 0 -1
    outer loop
      vertex 150.431 5.65 2.4
      vertex 150.431 9.15 2.4
      vertex 150.634 8.73939 2.4
    endloop
  endfacet
  facet normal 0 0 -1
    outer loop
      vertex 150.177 5.26934 2.4
      vertex 150.431 9.15 2.4
      vertex 150.431 5.65 2.4
    endloop
  endfacet
  facet normal 0 0 -1
    outer loop
      vertex 150.177 5.26934 2.4
      vertex 150.177 9.53066 2.4
      vertex 150.431 9.15 2.4
    endloop
  endfacet
  facet normal 0 0 -1
    outer loop
      vertex 149.875 4.92513 2.4
      vertex 150.177 9.53066 2.4
      vertex 150.177 5.26934 2.4
    endloop
  endfacet
  facet normal 0 0 -1
    outer loop
      vertex 149.875 4.92513 2.4
      vertex 149.875 9.87487 2.4
      vertex 150.177 9.53066 2.4
    endloop
  endfacet
  facet normal 0 0 -1
    outer loop
      vertex 149.531 4.62326 2.4
      vertex 149.875 9.87487 2.4
      vertex 149.875 4.92513 2.4
    endloop
  endfacet
  facet normal 0 0 -1
    outer loop
      vertex 149.531 4.62326 2.4
      vertex 149.531 10.1767 2.4
      vertex 149.875 9.87487 2.4
    endloop
  endfacet
  facet normal 0 0 -1
    outer loop
      vertex 149.15 4.36891 2.4
      vertex 149.531 10.1767 2.4
      vertex 149.531 4.62326 2.4
    endloop
  endfacet
  facet normal 0 0 -1
    outer loop
      vertex 149.15 4.36891 2.4
      vertex 149.15 10.4311 2.4
      vertex 149.531 10.1767 2.4
    endloop
  endfacet
  facet normal 0 0 -1
    outer loop
      vertex 148.739 4.16642 2.4
      vertex 149.15 10.4311 2.4
      vertex 149.15 4.36891 2.4
    endloop
  endfacet
  facet normal 0 0 -1
    outer loop
      vertex 148.739 4.16642 2.4
      vertex 148.739 10.6336 2.4
      vertex 149.15 10.4311 2.4
    endloop
  endfacet
  facet normal 0 0 -1
    outer loop
      vertex 148.306 4.01926 2.4
      vertex 148.739 10.6336 2.4
      vertex 148.739 4.16642 2.4
    endloop
  endfacet
  facet normal 0 0 -1
    outer loop
      vertex 148.306 4.01926 2.4
      vertex 148.306 10.7807 2.4
      vertex 148.739 10.6336 2.4
    endloop
  endfacet
  facet normal 0 0 -1
    outer loop
      vertex 147.857 3.92994 2.4
      vertex 148.306 10.7807 2.4
      vertex 148.306 4.01926 2.4
    endloop
  endfacet
  facet normal 0 0 -1
    outer loop
      vertex 147.857 3.92994 2.4
      vertex 147.857 10.8701 2.4
      vertex 148.306 10.7807 2.4
    endloop
  endfacet
  facet normal 0 0 -1
    outer loop
      vertex 147.4 3.9 2.4
      vertex 147.857 10.8701 2.4
      vertex 147.857 3.92994 2.4
    endloop
  endfacet
  facet normal 0 0 -1
    outer loop
      vertex 147.4 3.9 2.4
      vertex 147.4 10.9 2.4
      vertex 147.857 10.8701 2.4
    endloop
  endfacet
  facet normal 0 0 -1
    outer loop
      vertex 146.943 3.92994 2.4
      vertex 147.4 10.9 2.4
      vertex 147.4 3.9 2.4
    endloop
  endfacet
  facet normal 0 0 -1
    outer loop
      vertex 146.943 3.92994 2.4
      vertex 146.943 10.8701 2.4
      vertex 147.4 10.9 2.4
    endloop
  endfacet
  facet normal 0 0 -1
    outer loop
      vertex 146.494 4.01926 2.4
      vertex 146.943 10.8701 2.4
      vertex 146.943 3.92994 2.4
    endloop
  endfacet
  facet normal 0 0 -1
    outer loop
      vertex 146.494 4.01926 2.4
      vertex 146.494 10.7807 2.4
      vertex 146.943 10.8701 2.4
    endloop
  endfacet
  facet normal 0 0 -1
    outer loop
      vertex 146.061 4.16642 2.4
      vertex 146.494 10.7807 2.4
      vertex 146.494 4.01926 2.4
    endloop
  endfacet
  facet normal 0 0 -1
    outer loop
      vertex 146.061 4.16642 2.4
      vertex 146.061 10.6336 2.4
      vertex 146.494 10.7807 2.4
    endloop
  endfacet
  facet normal 0 0 -1
    outer loop
      vertex 145.65 4.36891 2.4
      vertex 146.061 10.6336 2.4
      vertex 146.061 4.16642 2.4
    endloop
  endfacet
  facet normal 0 0 -1
    outer loop
      vertex 145.65 4.36891 2.4
      vertex 145.65 10.4311 2.4
      vertex 146.061 10.6336 2.4
    endloop
  endfacet
  facet normal 0 0 -1
    outer loop
      vertex 145.269 4.62326 2.4
      vertex 145.65 10.4311 2.4
      vertex 145.65 4.36891 2.4
    endloop
  endfacet
  facet normal 0 0 -1
    outer loop
      vertex 145.269 4.62326 2.4
      vertex 145.269 10.1767 2.4
      vertex 145.65 10.4311 2.4
    endloop
  endfacet
  facet normal 0 0 -1
    outer loop
      vertex 144.925 4.92513 2.4
      vertex 145.269 10.1767 2.4
      vertex 145.269 4.62326 2.4
    endloop
  endfacet
  facet normal 0 0 -1
    outer loop
      vertex 144.925 4.92513 2.4
      vertex 144.925 9.87487 2.4
      vertex 145.269 10.1767 2.4
    endloop
  endfacet
  facet normal 0 0 -1
    outer loop
      vertex 144.623 5.26934 2.4
      vertex 144.925 9.87487 2.4
      vertex 144.925 4.92513 2.4
    endloop
  endfacet
  facet normal 0 0 -1
    outer loop
      vertex 144.623 5.26934 2.4
      vertex 144.623 9.53066 2.4
      vertex 144.925 9.87487 2.4
    endloop
  endfacet
  facet normal 0 0 -1
    outer loop
      vertex 144.369 5.65 2.4
      vertex 144.623 9.53066 2.4
      vertex 144.623 5.26934 2.4
    endloop
  endfacet
  facet normal 0 0 -1
    outer loop
      vertex 144.369 5.65 2.4
      vertex 144.369 9.15 2.4
      vertex 144.623 9.53066 2.4
    endloop
  endfacet
  facet normal 0 0 -1
    outer loop
      vertex 144.166 6.06061 2.4
      vertex 144.369 9.15 2.4
      vertex 144.369 5.65 2.4
    endloop
  endfacet
  facet normal 0 0 -1
    outer loop
      vertex 144.166 6.06061 2.4
      vertex 144.166 8.73939 2.4
      vertex 144.369 9.15 2.4
    endloop
  endfacet
  facet normal 0 0 -1
    outer loop
      vertex 144.019 6.49413 2.4
      vertex 144.166 8.73939 2.4
      vertex 144.166 6.06061 2.4
    endloop
  endfacet
  facet normal 0 0 -1
    outer loop
      vertex 144.019 6.49413 2.4
      vertex 144.019 8.30587 2.4
      vertex 144.166 8.73939 2.4
    endloop
  endfacet
  facet normal 0 0 -1
    outer loop
      vertex 143.93 6.94316 2.4
      vertex 144.019 8.30587 2.4
      vertex 144.019 6.49413 2.4
    endloop
  endfacet
  facet normal 0 0 -1
    outer loop
      vertex 143.93 6.94316 2.4
      vertex 143.93 7.85684 2.4
      vertex 144.019 8.30587 2.4
    endloop
  endfacet
  facet normal 0 -0 -1
    outer loop
      vertex 143.93 7.85684 2.4
      vertex 143.93 6.94316 2.4
      vertex 143.9 7.4 2.4
    endloop
  endfacet
  facet normal 0.947037 0.321126 0
    outer loop
      vertex 150.781 8.30587 47.4
      vertex 150.634 8.73939 2.4
      vertex 150.634 8.73939 47.4
    endloop
  endfacet
  facet normal 0.947037 0.321126 0
    outer loop
      vertex 150.634 8.73939 2.4
      vertex 150.781 8.30587 47.4
      vertex 150.781 8.30587 2.4
    endloop
  endfacet
  facet normal 0.195276 0.980748 -0
    outer loop
      vertex 148.306 10.7807 2.4
      vertex 147.857 10.8701 47.4
      vertex 148.306 10.7807 47.4
    endloop
  endfacet
  facet normal 0.195276 0.980748 0
    outer loop
      vertex 147.857 10.8701 47.4
      vertex 148.306 10.7807 2.4
      vertex 147.857 10.8701 2.4
    endloop
  endfacet
  facet normal 0.659531 0.751677 -0
    outer loop
      vertex 149.875 9.87487 2.4
      vertex 149.531 10.1767 47.4
      vertex 149.875 9.87487 47.4
    endloop
  endfacet
  facet normal 0.659531 0.751677 0
    outer loop
      vertex 149.531 10.1767 47.4
      vertex 149.875 9.87487 2.4
      vertex 149.531 10.1767 2.4
    endloop
  endfacet
  facet normal -0.831822 0.555043 0
    outer loop
      vertex 144.369 9.15 2.4
      vertex 144.623 9.53066 47.4
      vertex 144.623 9.53066 2.4
    endloop
  endfacet
  facet normal -0.831822 0.555043 0
    outer loop
      vertex 144.623 9.53066 47.4
      vertex 144.369 9.15 2.4
      vertex 144.369 9.15 47.4
    endloop
  endfacet
  facet normal -0.751693 0.659514 0
    outer loop
      vertex 144.623 9.53066 2.4
      vertex 144.925 9.87487 47.4
      vertex 144.925 9.87487 2.4
    endloop
  endfacet
  facet normal -0.751693 0.659514 0
    outer loop
      vertex 144.925 9.87487 47.4
      vertex 144.623 9.53066 2.4
      vertex 144.623 9.53066 47.4
    endloop
  endfacet
  facet normal -0.980918 0.194423 0
    outer loop
      vertex 143.93 7.85684 2.4
      vertex 144.019 8.30587 47.4
      vertex 144.019 8.30587 2.4
    endloop
  endfacet
  facet normal -0.980918 0.194423 0
    outer loop
      vertex 144.019 8.30587 47.4
      vertex 143.93 7.85684 2.4
      vertex 143.93 7.85684 47.4
    endloop
  endfacet
  facet normal 0 0 1
    outer loop
      vertex 148.65 7.4 47.4
      vertex 150.9 7.4 47.4
      vertex 150.87 7.85684 47.4
    endloop
  endfacet
  facet normal 0 0 1
    outer loop
      vertex 148.639 7.56316 47.4
      vertex 150.87 7.85684 47.4
      vertex 150.781 8.30587 47.4
    endloop
  endfacet
  facet normal 0 0 1
    outer loop
      vertex 150.9 7.4 47.4
      vertex 148.65 7.4 47.4
      vertex 150.87 6.94316 47.4
    endloop
  endfacet
  facet normal 0 0 1
    outer loop
      vertex 148.607 7.72352 47.4
      vertex 150.781 8.30587 47.4
      vertex 150.634 8.73939 47.4
    endloop
  endfacet
  facet normal -0 0 1
    outer loop
      vertex 148.639 7.23684 47.4
      vertex 150.87 6.94316 47.4
      vertex 148.65 7.4 47.4
    endloop
  endfacet
  facet normal 0 0 1
    outer loop
      vertex 148.555 7.87835 47.4
      vertex 150.634 8.73939 47.4
      vertex 150.431 9.15 47.4
    endloop
  endfacet
  facet normal 0 0 1
    outer loop
      vertex 150.87 6.94316 47.4
      vertex 148.639 7.23684 47.4
      vertex 150.781 6.49413 47.4
    endloop
  endfacet
  facet normal 0 0 1
    outer loop
      vertex 148.483 8.025 47.4
      vertex 150.431 9.15 47.4
      vertex 150.177 9.53066 47.4
    endloop
  endfacet
  facet normal -0 0 1
    outer loop
      vertex 148.607 7.07648 47.4
      vertex 150.781 6.49413 47.4
      vertex 148.639 7.23684 47.4
    endloop
  endfacet
  facet normal 0 0 1
    outer loop
      vertex 148.392 8.16095 47.4
      vertex 150.177 9.53066 47.4
      vertex 149.875 9.87487 47.4
    endloop
  endfacet
  facet normal 0 0 1
    outer loop
      vertex 150.781 6.49413 47.4
      vertex 148.607 7.07648 47.4
      vertex 150.634 6.06061 47.4
    endloop
  endfacet
  facet normal 0 0 1
    outer loop
      vertex 148.284 8.28388 47.4
      vertex 149.875 9.87487 47.4
      vertex 149.531 10.1767 47.4
    endloop
  endfacet
  facet normal -0 0 1
    outer loop
      vertex 148.555 6.92165 47.4
      vertex 150.634 6.06061 47.4
      vertex 148.607 7.07648 47.4
    endloop
  endfacet
  facet normal 0 0 1
    outer loop
      vertex 148.161 8.39169 47.4
      vertex 149.531 10.1767 47.4
      vertex 149.15 10.4311 47.4
    endloop
  endfacet
  facet normal 0 0 1
    outer loop
      vertex 150.634 6.06061 47.4
      vertex 148.555 6.92165 47.4
      vertex 150.431 5.65 47.4
    endloop
  endfacet
  facet normal 0 0 1
    outer loop
      vertex 148.025 8.48253 47.4
      vertex 149.15 10.4311 47.4
      vertex 148.739 10.6336 47.4
    endloop
  endfacet
  facet normal -0 0 1
    outer loop
      vertex 148.483 6.775 47.4
      vertex 150.431 5.65 47.4
      vertex 148.555 6.92165 47.4
    endloop
  endfacet
  facet normal 0 0 1
    outer loop
      vertex 150.431 5.65 47.4
      vertex 148.483 6.775 47.4
      vertex 150.177 5.26934 47.4
    endloop
  endfacet
  facet normal 0 0 1
    outer loop
      vertex 150.87 7.85684 47.4
      vertex 148.639 7.56316 47.4
      vertex 148.65 7.4 47.4
    endloop
  endfacet
  facet normal 0 0 1
    outer loop
      vertex 150.781 8.30587 47.4
      vertex 148.607 7.72352 47.4
      vertex 148.639 7.56316 47.4
    endloop
  endfacet
  facet normal 0 0 1
    outer loop
      vertex 150.634 8.73939 47.4
      vertex 148.555 7.87835 47.4
      vertex 148.607 7.72352 47.4
    endloop
  endfacet
  facet normal 0 0 1
    outer loop
      vertex 150.431 9.15 47.4
      vertex 148.483 8.025 47.4
      vertex 148.555 7.87835 47.4
    endloop
  endfacet
  facet normal 0 0 1
    outer loop
      vertex 150.177 9.53066 47.4
      vertex 148.392 8.16095 47.4
      vertex 148.483 8.025 47.4
    endloop
  endfacet
  facet normal 0 0 1
    outer loop
      vertex 147.878 8.55485 47.4
      vertex 148.739 10.6336 47.4
      vertex 148.306 10.7807 47.4
    endloop
  endfacet
  facet normal 0 0 1
    outer loop
      vertex 149.875 9.87487 47.4
      vertex 148.284 8.28388 47.4
      vertex 148.392 8.16095 47.4
    endloop
  endfacet
  facet normal 0 0 1
    outer loop
      vertex 149.531 10.1767 47.4
      vertex 148.161 8.39169 47.4
      vertex 148.284 8.28388 47.4
    endloop
  endfacet
  facet normal 0 0 1
    outer loop
      vertex 149.15 10.4311 47.4
      vertex 148.025 8.48253 47.4
      vertex 148.161 8.39169 47.4
    endloop
  endfacet
  facet normal 0 0 1
    outer loop
      vertex 148.739 10.6336 47.4
      vertex 147.878 8.55485 47.4
      vertex 148.025 8.48253 47.4
    endloop
  endfacet
  facet normal 0 0 1
    outer loop
      vertex 147.724 8.60741 47.4
      vertex 148.306 10.7807 47.4
      vertex 147.857 10.8701 47.4
    endloop
  endfacet
  facet normal 0 0 1
    outer loop
      vertex 148.306 10.7807 47.4
      vertex 147.724 8.60741 47.4
      vertex 147.878 8.55485 47.4
    endloop
  endfacet
  facet normal 0 0 1
    outer loop
      vertex 147.857 10.8701 47.4
      vertex 147.563 8.63931 47.4
      vertex 147.724 8.60741 47.4
    endloop
  endfacet
  facet normal 0 0 1
    outer loop
      vertex 147.4 10.9 47.4
      vertex 147.563 8.63931 47.4
      vertex 147.857 10.8701 47.4
    endloop
  endfacet
  facet normal 0 0 1
    outer loop
      vertex 147.4 10.9 47.4
      vertex 147.4 8.65 47.4
      vertex 147.563 8.63931 47.4
    endloop
  endfacet
  facet normal 0 0 1
    outer loop
      vertex 147.4 10.9 47.4
      vertex 147.237 8.63931 47.4
      vertex 147.4 8.65 47.4
    endloop
  endfacet
  facet normal -0 0 1
    outer loop
      vertex 146.943 10.8701 47.4
      vertex 147.237 8.63931 47.4
      vertex 147.4 10.9 47.4
    endloop
  endfacet
  facet normal 0 0 1
    outer loop
      vertex 147.237 8.63931 47.4
      vertex 146.943 10.8701 47.4
      vertex 147.076 8.60741 47.4
    endloop
  endfacet
  facet normal -0 0 1
    outer loop
      vertex 146.494 10.7807 47.4
      vertex 147.076 8.60741 47.4
      vertex 146.943 10.8701 47.4
    endloop
  endfacet
  facet normal 0 0 1
    outer loop
      vertex 147.076 8.60741 47.4
      vertex 146.494 10.7807 47.4
      vertex 146.922 8.55485 47.4
    endloop
  endfacet
  facet normal -0 0 1
    outer loop
      vertex 146.061 10.6336 47.4
      vertex 146.922 8.55485 47.4
      vertex 146.494 10.7807 47.4
    endloop
  endfacet
  facet normal 0 0 1
    outer loop
      vertex 146.922 8.55485 47.4
      vertex 146.061 10.6336 47.4
      vertex 146.775 8.48253 47.4
    endloop
  endfacet
  facet normal -0 0 1
    outer loop
      vertex 145.65 10.4311 47.4
      vertex 146.775 8.48253 47.4
      vertex 146.061 10.6336 47.4
    endloop
  endfacet
  facet normal 0 0 1
    outer loop
      vertex 146.775 8.48253 47.4
      vertex 145.65 10.4311 47.4
      vertex 146.639 8.39169 47.4
    endloop
  endfacet
  facet normal -0 0 1
    outer loop
      vertex 145.269 10.1767 47.4
      vertex 146.639 8.39169 47.4
      vertex 145.65 10.4311 47.4
    endloop
  endfacet
  facet normal 0 0 1
    outer loop
      vertex 146.639 8.39169 47.4
      vertex 145.269 10.1767 47.4
      vertex 146.516 8.28388 47.4
    endloop
  endfacet
  facet normal -0 0 1
    outer loop
      vertex 144.925 9.87487 47.4
      vertex 146.516 8.28388 47.4
      vertex 145.269 10.1767 47.4
    endloop
  endfacet
  facet normal 0 0 1
    outer loop
      vertex 146.516 8.28388 47.4
      vertex 144.925 9.87487 47.4
      vertex 146.408 8.16095 47.4
    endloop
  endfacet
  facet normal 0 0 1
    outer loop
      vertex 146.408 8.16095 47.4
      vertex 144.623 9.53066 47.4
      vertex 146.317 8.025 47.4
    endloop
  endfacet
  facet normal -0 0 1
    outer loop
      vertex 144.623 9.53066 47.4
      vertex 146.408 8.16095 47.4
      vertex 144.925 9.87487 47.4
    endloop
  endfacet
  facet normal -0 0 1
    outer loop
      vertex 148.392 6.63905 47.4
      vertex 150.177 5.26934 47.4
      vertex 148.483 6.775 47.4
    endloop
  endfacet
  facet normal 0 0 1
    outer loop
      vertex 150.177 5.26934 47.4
      vertex 148.392 6.63905 47.4
      vertex 149.875 4.92513 47.4
    endloop
  endfacet
  facet normal -0 0 1
    outer loop
      vertex 148.284 6.51612 47.4
      vertex 149.875 4.92513 47.4
      vertex 148.392 6.63905 47.4
    endloop
  endfacet
  facet normal 0 0 1
    outer loop
      vertex 149.875 4.92513 47.4
      vertex 148.284 6.51612 47.4
      vertex 149.531 4.62326 47.4
    endloop
  endfacet
  facet normal -0 0 1
    outer loop
      vertex 148.161 6.40831 47.4
      vertex 149.531 4.62326 47.4
      vertex 148.284 6.51612 47.4
    endloop
  endfacet
  facet normal 0 0 1
    outer loop
      vertex 149.531 4.62326 47.4
      vertex 148.161 6.40831 47.4
      vertex 149.15 4.36891 47.4
    endloop
  endfacet
  facet normal -0 0 1
    outer loop
      vertex 148.025 6.31747 47.4
      vertex 149.15 4.36891 47.4
      vertex 148.161 6.40831 47.4
    endloop
  endfacet
  facet normal 0 0 1
    outer loop
      vertex 149.15 4.36891 47.4
      vertex 148.025 6.31747 47.4
      vertex 148.739 4.16642 47.4
    endloop
  endfacet
  facet normal -0 0 1
    outer loop
      vertex 147.878 6.24515 47.4
      vertex 148.739 4.16642 47.4
      vertex 148.025 6.31747 47.4
    endloop
  endfacet
  facet normal 0 0 1
    outer loop
      vertex 148.739 4.16642 47.4
      vertex 147.878 6.24515 47.4
      vertex 148.306 4.01926 47.4
    endloop
  endfacet
  facet normal -0 0 1
    outer loop
      vertex 147.724 6.19259 47.4
      vertex 148.306 4.01926 47.4
      vertex 147.878 6.24515 47.4
    endloop
  endfacet
  facet normal 0 0 1
    outer loop
      vertex 148.306 4.01926 47.4
      vertex 147.724 6.19259 47.4
      vertex 147.857 3.92994 47.4
    endloop
  endfacet
  facet normal -0 0 1
    outer loop
      vertex 147.563 6.16069 47.4
      vertex 147.857 3.92994 47.4
      vertex 147.724 6.19259 47.4
    endloop
  endfacet
  facet normal -0 0 1
    outer loop
      vertex 147.4 6.15 47.4
      vertex 147.857 3.92994 47.4
      vertex 147.563 6.16069 47.4
    endloop
  endfacet
  facet normal 0 0 1
    outer loop
      vertex 147.4 6.15 47.4
      vertex 147.4 3.9 47.4
      vertex 147.857 3.92994 47.4
    endloop
  endfacet
  facet normal 0 0 1
    outer loop
      vertex 147.237 6.16069 47.4
      vertex 147.4 3.9 47.4
      vertex 147.4 6.15 47.4
    endloop
  endfacet
  facet normal 0 0 1
    outer loop
      vertex 146.943 3.92994 47.4
      vertex 147.237 6.16069 47.4
      vertex 147.076 6.19259 47.4
    endloop
  endfacet
  facet normal 0 0 1
    outer loop
      vertex 147.237 6.16069 47.4
      vertex 146.943 3.92994 47.4
      vertex 147.4 3.9 47.4
    endloop
  endfacet
  facet normal 0 0 1
    outer loop
      vertex 146.494 4.01926 47.4
      vertex 147.076 6.19259 47.4
      vertex 146.922 6.24515 47.4
    endloop
  endfacet
  facet normal 0 0 1
    outer loop
      vertex 146.061 4.16642 47.4
      vertex 146.922 6.24515 47.4
      vertex 146.775 6.31747 47.4
    endloop
  endfacet
  facet normal 0 0 1
    outer loop
      vertex 145.65 4.36891 47.4
      vertex 146.775 6.31747 47.4
      vertex 146.639 6.40831 47.4
    endloop
  endfacet
  facet normal 0 0 1
    outer loop
      vertex 145.269 4.62326 47.4
      vertex 146.639 6.40831 47.4
      vertex 146.516 6.51612 47.4
    endloop
  endfacet
  facet normal 0 0 1
    outer loop
      vertex 147.076 6.19259 47.4
      vertex 146.494 4.01926 47.4
      vertex 146.943 3.92994 47.4
    endloop
  endfacet
  facet normal 0 0 1
    outer loop
      vertex 144.925 4.92513 47.4
      vertex 146.516 6.51612 47.4
      vertex 146.408 6.63905 47.4
    endloop
  endfacet
  facet normal 0 0 1
    outer loop
      vertex 144.623 5.26934 47.4
      vertex 146.408 6.63905 47.4
      vertex 146.317 6.775 47.4
    endloop
  endfacet
  facet normal 0 0 1
    outer loop
      vertex 144.369 5.65 47.4
      vertex 146.317 6.775 47.4
      vertex 146.245 6.92165 47.4
    endloop
  endfacet
  facet normal 0 0 1
    outer loop
      vertex 144.166 6.06061 47.4
      vertex 146.245 6.92165 47.4
      vertex 146.193 7.07648 47.4
    endloop
  endfacet
  facet normal 0 0 1
    outer loop
      vertex 144.019 6.49413 47.4
      vertex 146.193 7.07648 47.4
      vertex 146.161 7.23684 47.4
    endloop
  endfacet
  facet normal 0 0 1
    outer loop
      vertex 146.922 6.24515 47.4
      vertex 146.061 4.16642 47.4
      vertex 146.494 4.01926 47.4
    endloop
  endfacet
  facet normal 0 0 1
    outer loop
      vertex 143.93 6.94316 47.4
      vertex 146.161 7.23684 47.4
      vertex 146.15 7.4 47.4
    endloop
  endfacet
  facet normal -0 0 1
    outer loop
      vertex 144.369 9.15 47.4
      vertex 146.317 8.025 47.4
      vertex 144.623 9.53066 47.4
    endloop
  endfacet
  facet normal 0 0 1
    outer loop
      vertex 146.317 8.025 47.4
      vertex 144.369 9.15 47.4
      vertex 146.245 7.87835 47.4
    endloop
  endfacet
  facet normal 0 0 1
    outer loop
      vertex 146.775 6.31747 47.4
      vertex 145.65 4.36891 47.4
      vertex 146.061 4.16642 47.4
    endloop
  endfacet
  facet normal -0 0 1
    outer loop
      vertex 144.166 8.73939 47.4
      vertex 146.245 7.87835 47.4
      vertex 144.369 9.15 47.4
    endloop
  endfacet
  facet normal 0 0 1
    outer loop
      vertex 146.639 6.40831 47.4
      vertex 145.269 4.62326 47.4
      vertex 145.65 4.36891 47.4
    endloop
  endfacet
  facet normal 0 0 1
    outer loop
      vertex 146.245 7.87835 47.4
      vertex 144.166 8.73939 47.4
      vertex 146.193 7.72352 47.4
    endloop
  endfacet
  facet normal 0 0 1
    outer loop
      vertex 146.516 6.51612 47.4
      vertex 144.925 4.92513 47.4
      vertex 145.269 4.62326 47.4
    endloop
  endfacet
  facet normal -0 0 1
    outer loop
      vertex 144.019 8.30587 47.4
      vertex 146.193 7.72352 47.4
      vertex 144.166 8.73939 47.4
    endloop
  endfacet
  facet normal 0 0 1
    outer loop
      vertex 146.408 6.63905 47.4
      vertex 144.623 5.26934 47.4
      vertex 144.925 4.92513 47.4
    endloop
  endfacet
  facet normal 0 0 1
    outer loop
      vertex 146.193 7.72352 47.4
      vertex 144.019 8.30587 47.4
      vertex 146.161 7.56316 47.4
    endloop
  endfacet
  facet normal 0 0 1
    outer loop
      vertex 146.317 6.775 47.4
      vertex 144.369 5.65 47.4
      vertex 144.623 5.26934 47.4
    endloop
  endfacet
  facet normal -0 0 1
    outer loop
      vertex 143.93 7.85684 47.4
      vertex 146.161 7.56316 47.4
      vertex 144.019 8.30587 47.4
    endloop
  endfacet
  facet normal 0 0 1
    outer loop
      vertex 146.245 6.92165 47.4
      vertex 144.166 6.06061 47.4
      vertex 144.369 5.65 47.4
    endloop
  endfacet
  facet normal 0 0 1
    outer loop
      vertex 146.161 7.56316 47.4
      vertex 143.93 7.85684 47.4
      vertex 146.15 7.4 47.4
    endloop
  endfacet
  facet normal 0 0 1
    outer loop
      vertex 146.193 7.07648 47.4
      vertex 144.019 6.49413 47.4
      vertex 144.166 6.06061 47.4
    endloop
  endfacet
  facet normal 0 0 1
    outer loop
      vertex 143.9 7.4 47.4
      vertex 146.15 7.4 47.4
      vertex 143.93 7.85684 47.4
    endloop
  endfacet
  facet normal 0 0 1
    outer loop
      vertex 146.161 7.23684 47.4
      vertex 143.93 6.94316 47.4
      vertex 144.019 6.49413 47.4
    endloop
  endfacet
  facet normal 0 0 1
    outer loop
      vertex 146.15 7.4 47.4
      vertex 143.9 7.4 47.4
      vertex 143.93 6.94316 47.4
    endloop
  endfacet
  facet normal -0.555305 0.831647 0
    outer loop
      vertex 145.65 10.4311 2.4
      vertex 145.269 10.1767 47.4
      vertex 145.65 10.4311 47.4
    endloop
  endfacet
  facet normal -0.555305 0.831647 0
    outer loop
      vertex 145.269 10.1767 47.4
      vertex 145.65 10.4311 2.4
      vertex 145.269 10.1767 2.4
    endloop
  endfacet
  facet normal -0.0652871 0.997867 0
    outer loop
      vertex 147.4 10.9 2.4
      vertex 146.943 10.8701 47.4
      vertex 147.4 10.9 47.4
    endloop
  endfacet
  facet normal -0.0652871 0.997867 0
    outer loop
      vertex 146.943 10.8701 47.4
      vertex 147.4 10.9 2.4
      vertex 146.943 10.8701 2.4
    endloop
  endfacet
  facet normal 0.997851 -0.0655274 0
    outer loop
      vertex 150.87 6.94316 47.4
      vertex 150.9 7.4 2.4
      vertex 150.9 7.4 47.4
    endloop
  endfacet
  facet normal 0.997851 -0.0655274 0
    outer loop
      vertex 150.9 7.4 2.4
      vertex 150.87 6.94316 47.4
      vertex 150.87 6.94316 2.4
    endloop
  endfacet
  facet normal 0.0653741 -0.997861 0
    outer loop
      vertex 147.4 3.9 2.4
      vertex 147.857 3.92994 47.4
      vertex 147.4 3.9 47.4
    endloop
  endfacet
  facet normal 0.0653741 -0.997861 0
    outer loop
      vertex 147.857 3.92994 47.4
      vertex 147.4 3.9 2.4
      vertex 147.857 3.92994 2.4
    endloop
  endfacet
  facet normal 0.321785 -0.946813 0
    outer loop
      vertex 148.306 4.01926 2.4
      vertex 148.739 4.16642 47.4
      vertex 148.306 4.01926 47.4
    endloop
  endfacet
  facet normal 0.321785 -0.946813 0
    outer loop
      vertex 148.739 4.16642 47.4
      vertex 148.306 4.01926 2.4
      vertex 148.739 4.16642 2.4
    endloop
  endfacet
  facet normal 0.555229 -0.831697 0
    outer loop
      vertex 149.15 4.36891 2.4
      vertex 149.531 4.62326 47.4
      vertex 149.15 4.36891 47.4
    endloop
  endfacet
  facet normal 0.555229 -0.831697 0
    outer loop
      vertex 149.531 4.62326 47.4
      vertex 149.15 4.36891 2.4
      vertex 149.531 4.62326 2.4
    endloop
  endfacet
  facet normal 0.947037 -0.321126 0
    outer loop
      vertex 150.634 6.06061 47.4
      vertex 150.781 6.49413 2.4
      vertex 150.781 6.49413 47.4
    endloop
  endfacet
  facet normal 0.947037 -0.321126 0
    outer loop
      vertex 150.781 6.49413 2.4
      vertex 150.634 6.06061 47.4
      vertex 150.634 6.06061 2.4
    endloop
  endfacet
  facet normal 0.751693 -0.659514 0
    outer loop
      vertex 149.875 4.92513 47.4
      vertex 150.177 5.26934 2.4
      vertex 150.177 5.26934 47.4
    endloop
  endfacet
  facet normal 0.751693 -0.659514 0
    outer loop
      vertex 150.177 5.26934 2.4
      vertex 149.875 4.92513 47.4
      vertex 149.875 4.92513 2.4
    endloop
  endfacet
  facet normal -0.659581 -0.751634 0
    outer loop
      vertex 144.925 4.92513 2.4
      vertex 145.269 4.62326 47.4
      vertex 144.925 4.92513 47.4
    endloop
  endfacet
  facet normal -0.659581 -0.751634 -0
    outer loop
      vertex 145.269 4.62326 47.4
      vertex 144.925 4.92513 2.4
      vertex 145.269 4.62326 2.4
    endloop
  endfacet
  facet normal -0.44195 -0.89704 0
    outer loop
      vertex 145.65 4.36891 2.4
      vertex 146.061 4.16642 47.4
      vertex 145.65 4.36891 47.4
    endloop
  endfacet
  facet normal -0.44195 -0.89704 -0
    outer loop
      vertex 146.061 4.16642 47.4
      vertex 145.65 4.36891 2.4
      vertex 146.061 4.16642 2.4
    endloop
  endfacet
  facet normal -0.195108 -0.980782 0
    outer loop
      vertex 146.494 4.01926 2.4
      vertex 146.943 3.92994 47.4
      vertex 146.494 4.01926 47.4
    endloop
  endfacet
  facet normal -0.195108 -0.980782 -0
    outer loop
      vertex 146.943 3.92994 47.4
      vertex 146.494 4.01926 2.4
      vertex 146.943 3.92994 2.4
    endloop
  endfacet
  facet normal -0.831822 -0.555043 0
    outer loop
      vertex 144.623 5.26934 2.4
      vertex 144.369 5.65 47.4
      vertex 144.369 5.65 2.4
    endloop
  endfacet
  facet normal -0.831822 -0.555043 0
    outer loop
      vertex 144.369 5.65 47.4
      vertex 144.623 5.26934 2.4
      vertex 144.623 5.26934 47.4
    endloop
  endfacet
  facet normal -0.947037 -0.321126 0
    outer loop
      vertex 144.166 6.06061 2.4
      vertex 144.019 6.49413 47.4
      vertex 144.019 6.49413 2.4
    endloop
  endfacet
  facet normal -0.947037 -0.321126 0
    outer loop
      vertex 144.019 6.49413 47.4
      vertex 144.166 6.06061 2.4
      vertex 144.166 6.06061 47.4
    endloop
  endfacet
  facet normal -0.997851 -0.0655274 0
    outer loop
      vertex 143.93 6.94316 2.4
      vertex 143.9 7.4 47.4
      vertex 143.9 7.4 2.4
    endloop
  endfacet
  facet normal -0.997851 -0.0655274 0
    outer loop
      vertex 143.9 7.4 47.4
      vertex 143.93 6.94316 2.4
      vertex 143.93 6.94316 47.4
    endloop
  endfacet
  facet normal 0.195108 -0.980782 0
    outer loop
      vertex 147.857 3.92994 2.4
      vertex 148.306 4.01926 47.4
      vertex 147.857 3.92994 47.4
    endloop
  endfacet
  facet normal 0.195108 -0.980782 0
    outer loop
      vertex 148.306 4.01926 47.4
      vertex 147.857 3.92994 2.4
      vertex 148.306 4.01926 2.4
    endloop
  endfacet
  facet normal 0.659581 -0.751634 0
    outer loop
      vertex 149.531 4.62326 2.4
      vertex 149.875 4.92513 47.4
      vertex 149.531 4.62326 47.4
    endloop
  endfacet
  facet normal 0.659581 -0.751634 0
    outer loop
      vertex 149.875 4.92513 47.4
      vertex 149.531 4.62326 2.4
      vertex 149.875 4.92513 2.4
    endloop
  endfacet
  facet normal 0.896431 -0.443183 0
    outer loop
      vertex 150.431 5.65 47.4
      vertex 150.634 6.06061 2.4
      vertex 150.634 6.06061 47.4
    endloop
  endfacet
  facet normal 0.896431 -0.443183 0
    outer loop
      vertex 150.634 6.06061 2.4
      vertex 150.431 5.65 47.4
      vertex 150.431 5.65 2.4
    endloop
  endfacet
  facet normal 0.980918 -0.194423 0
    outer loop
      vertex 150.781 6.49413 47.4
      vertex 150.87 6.94316 2.4
      vertex 150.87 6.94316 47.4
    endloop
  endfacet
  facet normal 0.980918 -0.194423 0
    outer loop
      vertex 150.87 6.94316 2.4
      vertex 150.781 6.49413 47.4
      vertex 150.781 6.49413 2.4
    endloop
  endfacet
  facet normal -0.555229 -0.831697 0
    outer loop
      vertex 145.269 4.62326 2.4
      vertex 145.65 4.36891 47.4
      vertex 145.269 4.62326 47.4
    endloop
  endfacet
  facet normal -0.555229 -0.831697 -0
    outer loop
      vertex 145.65 4.36891 47.4
      vertex 145.269 4.62326 2.4
      vertex 145.65 4.36891 2.4
    endloop
  endfacet
  facet normal -0.980918 -0.194423 0
    outer loop
      vertex 144.019 6.49413 2.4
      vertex 143.93 6.94316 47.4
      vertex 143.93 6.94316 2.4
    endloop
  endfacet
  facet normal -0.980918 -0.194423 0
    outer loop
      vertex 143.93 6.94316 47.4
      vertex 144.019 6.49413 2.4
      vertex 144.019 6.49413 47.4
    endloop
  endfacet
  facet normal 0.831822 -0.555043 0
    outer loop
      vertex 150.177 5.26934 47.4
      vertex 150.431 5.65 2.4
      vertex 150.431 5.65 47.4
    endloop
  endfacet
  facet normal 0.831822 -0.555043 0
    outer loop
      vertex 150.431 5.65 2.4
      vertex 150.177 5.26934 47.4
      vertex 150.177 5.26934 2.4
    endloop
  endfacet
  facet normal -0.997735 -0.0672658 0
    outer loop
      vertex 148.65 7.4 3.4
      vertex 148.639 7.56316 47.4
      vertex 148.639 7.56316 3.4
    endloop
  endfacet
  facet normal -0.997735 -0.0672658 0
    outer loop
      vertex 148.639 7.56316 47.4
      vertex 148.65 7.4 3.4
      vertex 148.65 7.4 47.4
    endloop
  endfacet
  facet normal 0.997735 -0.0672658 0
    outer loop
      vertex 146.15 7.4 47.4
      vertex 146.161 7.56316 3.4
      vertex 146.161 7.56316 47.4
    endloop
  endfacet
  facet normal 0.997735 -0.0672658 0
    outer loop
      vertex 146.161 7.56316 3.4
      vertex 146.15 7.4 47.4
      vertex 146.15 7.4 3.4
    endloop
  endfacet
  facet normal -0.0654422 -0.997856 0
    outer loop
      vertex 147.4 8.65 3.4
      vertex 147.563 8.63931 47.4
      vertex 147.4 8.65 47.4
    endloop
  endfacet
  facet normal -0.0654422 -0.997856 -0
    outer loop
      vertex 147.563 8.63931 47.4
      vertex 147.4 8.65 3.4
      vertex 147.563 8.63931 3.4
    endloop
  endfacet
  facet normal 0.0654422 0.997856 -0
    outer loop
      vertex 147.4 6.15 3.4
      vertex 147.237 6.16069 47.4
      vertex 147.4 6.15 47.4
    endloop
  endfacet
  facet normal 0.0654422 0.997856 0
    outer loop
      vertex 147.237 6.16069 47.4
      vertex 147.4 6.15 3.4
      vertex 147.237 6.16069 3.4
    endloop
  endfacet
  facet normal -0.751254 -0.660013 0
    outer loop
      vertex 148.392 8.16095 3.4
      vertex 148.284 8.28388 47.4
      vertex 148.284 8.28388 3.4
    endloop
  endfacet
  facet normal -0.751254 -0.660013 0
    outer loop
      vertex 148.284 8.28388 47.4
      vertex 148.392 8.16095 3.4
      vertex 148.392 8.16095 47.4
    endloop
  endfacet
  facet normal 0.659145 -0.752016 0
    outer loop
      vertex 146.516 8.28388 3.4
      vertex 146.639 8.39169 47.4
      vertex 146.516 8.28388 47.4
    endloop
  endfacet
  facet normal 0.659145 -0.752016 0
    outer loop
      vertex 146.639 8.39169 47.4
      vertex 146.516 8.28388 3.4
      vertex 146.639 8.39169 3.4
    endloop
  endfacet
  facet normal 0.323004 -0.946398 0
    outer loop
      vertex 146.922 8.55485 3.4
      vertex 147.076 8.60741 47.4
      vertex 146.922 8.55485 47.4
    endloop
  endfacet
  facet normal 0.323004 -0.946398 0
    outer loop
      vertex 147.076 8.60741 47.4
      vertex 146.922 8.55485 3.4
      vertex 147.076 8.60741 3.4
    endloop
  endfacet
  facet normal -0.947965 -0.318376 0
    outer loop
      vertex 148.607 7.72352 3.4
      vertex 148.555 7.87835 47.4
      vertex 148.555 7.87835 3.4
    endloop
  endfacet
  facet normal -0.947965 -0.318376 0
    outer loop
      vertex 148.555 7.87835 47.4
      vertex 148.607 7.72352 3.4
      vertex 148.607 7.72352 47.4
    endloop
  endfacet
  facet normal -0.980665 -0.195693 0
    outer loop
      vertex 148.639 7.56316 3.4
      vertex 148.607 7.72352 47.4
      vertex 148.607 7.72352 3.4
    endloop
  endfacet
  facet normal -0.980665 -0.195693 0
    outer loop
      vertex 148.607 7.72352 47.4
      vertex 148.639 7.56316 3.4
      vertex 148.639 7.56316 47.4
    endloop
  endfacet
  facet normal -0.897648 -0.440714 0
    outer loop
      vertex 148.555 7.87835 3.4
      vertex 148.483 8.025 47.4
      vertex 148.483 8.025 3.4
    endloop
  endfacet
  facet normal -0.897648 -0.440714 0
    outer loop
      vertex 148.483 8.025 47.4
      vertex 148.555 7.87835 3.4
      vertex 148.555 7.87835 47.4
    endloop
  endfacet
  facet normal -0.441442 -0.89729 0
    outer loop
      vertex 147.878 8.55485 3.4
      vertex 148.025 8.48253 47.4
      vertex 147.878 8.55485 47.4
    endloop
  endfacet
  facet normal -0.441442 -0.89729 -0
    outer loop
      vertex 148.025 8.48253 47.4
      vertex 147.878 8.55485 3.4
      vertex 148.025 8.48253 3.4
    endloop
  endfacet
  facet normal -0.323004 -0.946398 0
    outer loop
      vertex 147.724 8.60741 3.4
      vertex 147.878 8.55485 47.4
      vertex 147.724 8.60741 47.4
    endloop
  endfacet
  facet normal -0.323004 -0.946398 -0
    outer loop
      vertex 147.878 8.55485 47.4
      vertex 147.724 8.60741 3.4
      vertex 147.878 8.55485 3.4
    endloop
  endfacet
  facet normal -0.555434 -0.831561 0
    outer loop
      vertex 148.025 8.48253 3.4
      vertex 148.161 8.39169 47.4
      vertex 148.025 8.48253 47.4
    endloop
  endfacet
  facet normal -0.555434 -0.831561 -0
    outer loop
      vertex 148.161 8.39169 47.4
      vertex 148.025 8.48253 3.4
      vertex 148.161 8.39169 3.4
    endloop
  endfacet
  facet normal 0.897648 -0.440714 0
    outer loop
      vertex 146.245 7.87835 47.4
      vertex 146.317 8.025 3.4
      vertex 146.317 8.025 47.4
    endloop
  endfacet
  facet normal 0.897648 -0.440714 0
    outer loop
      vertex 146.317 8.025 3.4
      vertex 146.245 7.87835 47.4
      vertex 146.245 7.87835 3.4
    endloop
  endfacet
  facet normal 0.831014 -0.556251 0
    outer loop
      vertex 146.317 8.025 47.4
      vertex 146.408 8.16095 3.4
      vertex 146.408 8.16095 47.4
    endloop
  endfacet
  facet normal 0.831014 -0.556251 0
    outer loop
      vertex 146.408 8.16095 3.4
      vertex 146.317 8.025 47.4
      vertex 146.317 8.025 3.4
    endloop
  endfacet
  facet normal 0.947965 -0.318376 0
    outer loop
      vertex 146.193 7.72352 47.4
      vertex 146.245 7.87835 3.4
      vertex 146.245 7.87835 47.4
    endloop
  endfacet
  facet normal 0.947965 -0.318376 0
    outer loop
      vertex 146.245 7.87835 3.4
      vertex 146.193 7.72352 47.4
      vertex 146.193 7.72352 3.4
    endloop
  endfacet
  facet normal 0.441442 -0.89729 0
    outer loop
      vertex 146.775 8.48253 3.4
      vertex 146.922 8.55485 47.4
      vertex 146.775 8.48253 47.4
    endloop
  endfacet
  facet normal 0.441442 -0.89729 0
    outer loop
      vertex 146.922 8.55485 47.4
      vertex 146.775 8.48253 3.4
      vertex 146.922 8.55485 3.4
    endloop
  endfacet
  facet normal 0.194358 -0.980931 0
    outer loop
      vertex 147.076 8.60741 3.4
      vertex 147.237 8.63931 47.4
      vertex 147.076 8.60741 47.4
    endloop
  endfacet
  facet normal 0.194358 -0.980931 0
    outer loop
      vertex 147.237 8.63931 47.4
      vertex 147.076 8.60741 3.4
      vertex 147.237 8.63931 3.4
    endloop
  endfacet
  facet normal -0.659145 0.752016 0
    outer loop
      vertex 148.284 6.51612 3.4
      vertex 148.161 6.40831 47.4
      vertex 148.284 6.51612 47.4
    endloop
  endfacet
  facet normal -0.659145 0.752016 0
    outer loop
      vertex 148.161 6.40831 47.4
      vertex 148.284 6.51612 3.4
      vertex 148.161 6.40831 3.4
    endloop
  endfacet
  facet normal -0.441442 0.89729 0
    outer loop
      vertex 148.025 6.31747 3.4
      vertex 147.878 6.24515 47.4
      vertex 148.025 6.31747 47.4
    endloop
  endfacet
  facet normal -0.441442 0.89729 0
    outer loop
      vertex 147.878 6.24515 47.4
      vertex 148.025 6.31747 3.4
      vertex 147.878 6.24515 3.4
    endloop
  endfacet
  facet normal -0.897648 0.440714 0
    outer loop
      vertex 148.483 6.775 3.4
      vertex 148.555 6.92165 47.4
      vertex 148.555 6.92165 3.4
    endloop
  endfacet
  facet normal -0.897648 0.440714 0
    outer loop
      vertex 148.555 6.92165 47.4
      vertex 148.483 6.775 3.4
      vertex 148.483 6.775 47.4
    endloop
  endfacet
  facet normal -0.980665 0.195693 0
    outer loop
      vertex 148.607 7.07648 3.4
      vertex 148.639 7.23684 47.4
      vertex 148.639 7.23684 3.4
    endloop
  endfacet
  facet normal -0.980665 0.195693 0
    outer loop
      vertex 148.639 7.23684 47.4
      vertex 148.607 7.07648 3.4
      vertex 148.607 7.07648 47.4
    endloop
  endfacet
  facet normal 0.441442 0.89729 -0
    outer loop
      vertex 146.922 6.24515 3.4
      vertex 146.775 6.31747 47.4
      vertex 146.922 6.24515 47.4
    endloop
  endfacet
  facet normal 0.441442 0.89729 0
    outer loop
      vertex 146.775 6.31747 47.4
      vertex 146.922 6.24515 3.4
      vertex 146.775 6.31747 3.4
    endloop
  endfacet
  facet normal 0.323004 0.946398 -0
    outer loop
      vertex 147.076 6.19259 3.4
      vertex 146.922 6.24515 47.4
      vertex 147.076 6.19259 47.4
    endloop
  endfacet
  facet normal 0.323004 0.946398 0
    outer loop
      vertex 146.922 6.24515 47.4
      vertex 147.076 6.19259 3.4
      vertex 146.922 6.24515 3.4
    endloop
  endfacet
  facet normal 0.897648 0.440714 0
    outer loop
      vertex 146.317 6.775 47.4
      vertex 146.245 6.92165 3.4
      vertex 146.245 6.92165 47.4
    endloop
  endfacet
  facet normal 0.897648 0.440714 0
    outer loop
      vertex 146.245 6.92165 3.4
      vertex 146.317 6.775 47.4
      vertex 146.317 6.775 3.4
    endloop
  endfacet
  facet normal 0.831014 0.556251 0
    outer loop
      vertex 146.408 6.63905 47.4
      vertex 146.317 6.775 3.4
      vertex 146.317 6.775 47.4
    endloop
  endfacet
  facet normal 0.831014 0.556251 0
    outer loop
      vertex 146.317 6.775 3.4
      vertex 146.408 6.63905 47.4
      vertex 146.408 6.63905 3.4
    endloop
  endfacet
  facet normal 0 0 1
    outer loop
      vertex 148.639 7.56316 3.4
      vertex 148.639 7.23684 3.4
      vertex 148.65 7.4 3.4
    endloop
  endfacet
  facet normal 0 0 1
    outer loop
      vertex 148.607 7.72352 3.4
      vertex 148.639 7.23684 3.4
      vertex 148.639 7.56316 3.4
    endloop
  endfacet
  facet normal 0 0 1
    outer loop
      vertex 148.607 7.72352 3.4
      vertex 148.607 7.07648 3.4
      vertex 148.639 7.23684 3.4
    endloop
  endfacet
  facet normal 0 0 1
    outer loop
      vertex 148.555 7.87835 3.4
      vertex 148.607 7.07648 3.4
      vertex 148.607 7.72352 3.4
    endloop
  endfacet
  facet normal 0 0 1
    outer loop
      vertex 148.555 7.87835 3.4
      vertex 148.555 6.92165 3.4
      vertex 148.607 7.07648 3.4
    endloop
  endfacet
  facet normal 0 0 1
    outer loop
      vertex 148.483 8.025 3.4
      vertex 148.555 6.92165 3.4
      vertex 148.555 7.87835 3.4
    endloop
  endfacet
  facet normal 0 0 1
    outer loop
      vertex 148.483 8.025 3.4
      vertex 148.483 6.775 3.4
      vertex 148.555 6.92165 3.4
    endloop
  endfacet
  facet normal 0 0 1
    outer loop
      vertex 148.392 8.16095 3.4
      vertex 148.483 6.775 3.4
      vertex 148.483 8.025 3.4
    endloop
  endfacet
  facet normal 0 0 1
    outer loop
      vertex 148.392 8.16095 3.4
      vertex 148.392 6.63905 3.4
      vertex 148.483 6.775 3.4
    endloop
  endfacet
  facet normal 0 0 1
    outer loop
      vertex 148.284 8.28388 3.4
      vertex 148.392 6.63905 3.4
      vertex 148.392 8.16095 3.4
    endloop
  endfacet
  facet normal 0 0 1
    outer loop
      vertex 148.284 8.28388 3.4
      vertex 148.284 6.51612 3.4
      vertex 148.392 6.63905 3.4
    endloop
  endfacet
  facet normal 0 0 1
    outer loop
      vertex 148.161 8.39169 3.4
      vertex 148.284 6.51612 3.4
      vertex 148.284 8.28388 3.4
    endloop
  endfacet
  facet normal 0 0 1
    outer loop
      vertex 148.161 8.39169 3.4
      vertex 148.161 6.40831 3.4
      vertex 148.284 6.51612 3.4
    endloop
  endfacet
  facet normal 0 0 1
    outer loop
      vertex 148.025 8.48253 3.4
      vertex 148.161 6.40831 3.4
      vertex 148.161 8.39169 3.4
    endloop
  endfacet
  facet normal 0 0 1
    outer loop
      vertex 148.025 8.48253 3.4
      vertex 148.025 6.31747 3.4
      vertex 148.161 6.40831 3.4
    endloop
  endfacet
  facet normal 0 0 1
    outer loop
      vertex 147.878 8.55485 3.4
      vertex 148.025 6.31747 3.4
      vertex 148.025 8.48253 3.4
    endloop
  endfacet
  facet normal 0 0 1
    outer loop
      vertex 147.878 8.55485 3.4
      vertex 147.878 6.24515 3.4
      vertex 148.025 6.31747 3.4
    endloop
  endfacet
  facet normal 0 0 1
    outer loop
      vertex 147.724 8.60741 3.4
      vertex 147.878 6.24515 3.4
      vertex 147.878 8.55485 3.4
    endloop
  endfacet
  facet normal 0 0 1
    outer loop
      vertex 147.724 8.60741 3.4
      vertex 147.724 6.19259 3.4
      vertex 147.878 6.24515 3.4
    endloop
  endfacet
  facet normal 0 0 1
    outer loop
      vertex 147.563 8.63931 3.4
      vertex 147.724 6.19259 3.4
      vertex 147.724 8.60741 3.4
    endloop
  endfacet
  facet normal 0 0 1
    outer loop
      vertex 147.563 8.63931 3.4
      vertex 147.563 6.16069 3.4
      vertex 147.724 6.19259 3.4
    endloop
  endfacet
  facet normal 0 0 1
    outer loop
      vertex 147.4 8.65 3.4
      vertex 147.563 6.16069 3.4
      vertex 147.563 8.63931 3.4
    endloop
  endfacet
  facet normal 0 0 1
    outer loop
      vertex 147.4 8.65 3.4
      vertex 147.4 6.15 3.4
      vertex 147.563 6.16069 3.4
    endloop
  endfacet
  facet normal -0 0 1
    outer loop
      vertex 147.237 8.63931 3.4
      vertex 147.4 6.15 3.4
      vertex 147.4 8.65 3.4
    endloop
  endfacet
  facet normal 0 0 1
    outer loop
      vertex 147.237 8.63931 3.4
      vertex 147.237 6.16069 3.4
      vertex 147.4 6.15 3.4
    endloop
  endfacet
  facet normal -0 0 1
    outer loop
      vertex 147.076 8.60741 3.4
      vertex 147.237 6.16069 3.4
      vertex 147.237 8.63931 3.4
    endloop
  endfacet
  facet normal 0 0 1
    outer loop
      vertex 147.076 8.60741 3.4
      vertex 147.076 6.19259 3.4
      vertex 147.237 6.16069 3.4
    endloop
  endfacet
  facet normal -0 0 1
    outer loop
      vertex 146.922 8.55485 3.4
      vertex 147.076 6.19259 3.4
      vertex 147.076 8.60741 3.4
    endloop
  endfacet
  facet normal 0 0 1
    outer loop
      vertex 146.922 8.55485 3.4
      vertex 146.922 6.24515 3.4
      vertex 147.076 6.19259 3.4
    endloop
  endfacet
  facet normal -0 0 1
    outer loop
      vertex 146.775 8.48253 3.4
      vertex 146.922 6.24515 3.4
      vertex 146.922 8.55485 3.4
    endloop
  endfacet
  facet normal 0 0 1
    outer loop
      vertex 146.775 8.48253 3.4
      vertex 146.775 6.31747 3.4
      vertex 146.922 6.24515 3.4
    endloop
  endfacet
  facet normal -0 0 1
    outer loop
      vertex 146.639 8.39169 3.4
      vertex 146.775 6.31747 3.4
      vertex 146.775 8.48253 3.4
    endloop
  endfacet
  facet normal 0 0 1
    outer loop
      vertex 146.639 8.39169 3.4
      vertex 146.639 6.40831 3.4
      vertex 146.775 6.31747 3.4
    endloop
  endfacet
  facet normal -0 0 1
    outer loop
      vertex 146.516 8.28388 3.4
      vertex 146.639 6.40831 3.4
      vertex 146.639 8.39169 3.4
    endloop
  endfacet
  facet normal 0 0 1
    outer loop
      vertex 146.516 8.28388 3.4
      vertex 146.516 6.51612 3.4
      vertex 146.639 6.40831 3.4
    endloop
  endfacet
  facet normal -0 0 1
    outer loop
      vertex 146.408 8.16095 3.4
      vertex 146.516 6.51612 3.4
      vertex 146.516 8.28388 3.4
    endloop
  endfacet
  facet normal 0 0 1
    outer loop
      vertex 146.408 8.16095 3.4
      vertex 146.408 6.63905 3.4
      vertex 146.516 6.51612 3.4
    endloop
  endfacet
  facet normal -0 0 1
    outer loop
      vertex 146.317 8.025 3.4
      vertex 146.408 6.63905 3.4
      vertex 146.408 8.16095 3.4
    endloop
  endfacet
  facet normal 0 0 1
    outer loop
      vertex 146.317 8.025 3.4
      vertex 146.317 6.775 3.4
      vertex 146.408 6.63905 3.4
    endloop
  endfacet
  facet normal -0 0 1
    outer loop
      vertex 146.245 7.87835 3.4
      vertex 146.317 6.775 3.4
      vertex 146.317 8.025 3.4
    endloop
  endfacet
  facet normal 0 0 1
    outer loop
      vertex 146.245 7.87835 3.4
      vertex 146.245 6.92165 3.4
      vertex 146.317 6.775 3.4
    endloop
  endfacet
  facet normal -0 0 1
    outer loop
      vertex 146.193 7.72352 3.4
      vertex 146.245 6.92165 3.4
      vertex 146.245 7.87835 3.4
    endloop
  endfacet
  facet normal 0 0 1
    outer loop
      vertex 146.193 7.72352 3.4
      vertex 146.193 7.07648 3.4
      vertex 146.245 6.92165 3.4
    endloop
  endfacet
  facet normal -0 0 1
    outer loop
      vertex 146.161 7.56316 3.4
      vertex 146.193 7.07648 3.4
      vertex 146.193 7.72352 3.4
    endloop
  endfacet
  facet normal 0 0 1
    outer loop
      vertex 146.161 7.56316 3.4
      vertex 146.161 7.23684 3.4
      vertex 146.193 7.07648 3.4
    endloop
  endfacet
  facet normal 0 -0 1
    outer loop
      vertex 146.161 7.23684 3.4
      vertex 146.161 7.56316 3.4
      vertex 146.15 7.4 3.4
    endloop
  endfacet
  facet normal -0.194358 -0.980931 0
    outer loop
      vertex 147.563 8.63931 3.4
      vertex 147.724 8.60741 47.4
      vertex 147.563 8.63931 47.4
    endloop
  endfacet
  facet normal -0.194358 -0.980931 -0
    outer loop
      vertex 147.724 8.60741 47.4
      vertex 147.563 8.63931 3.4
      vertex 147.724 8.60741 3.4
    endloop
  endfacet
  facet normal -0.659145 -0.752016 0
    outer loop
      vertex 148.161 8.39169 3.4
      vertex 148.284 8.28388 47.4
      vertex 148.161 8.39169 47.4
    endloop
  endfacet
  facet normal -0.659145 -0.752016 -0
    outer loop
      vertex 148.284 8.28388 47.4
      vertex 148.161 8.39169 3.4
      vertex 148.284 8.28388 3.4
    endloop
  endfacet
  facet normal 0.980665 -0.195693 0
    outer loop
      vertex 146.161 7.56316 47.4
      vertex 146.193 7.72352 3.4
      vertex 146.193 7.72352 47.4
    endloop
  endfacet
  facet normal 0.980665 -0.195693 0
    outer loop
      vertex 146.193 7.72352 3.4
      vertex 146.161 7.56316 47.4
      vertex 146.161 7.56316 3.4
    endloop
  endfacet
  facet normal 0.0654422 -0.997856 0
    outer loop
      vertex 147.237 8.63931 3.4
      vertex 147.4 8.65 47.4
      vertex 147.237 8.63931 47.4
    endloop
  endfacet
  facet normal 0.0654422 -0.997856 0
    outer loop
      vertex 147.4 8.65 47.4
      vertex 147.237 8.63931 3.4
      vertex 147.4 8.65 3.4
    endloop
  endfacet
  facet normal -0.997735 0.0672658 0
    outer loop
      vertex 148.639 7.23684 3.4
      vertex 148.65 7.4 47.4
      vertex 148.65 7.4 3.4
    endloop
  endfacet
  facet normal -0.997735 0.0672658 0
    outer loop
      vertex 148.65 7.4 47.4
      vertex 148.639 7.23684 3.4
      vertex 148.639 7.23684 47.4
    endloop
  endfacet
  facet normal -0.0654422 0.997856 0
    outer loop
      vertex 147.563 6.16069 3.4
      vertex 147.4 6.15 47.4
      vertex 147.563 6.16069 47.4
    endloop
  endfacet
  facet normal -0.0654422 0.997856 0
    outer loop
      vertex 147.4 6.15 47.4
      vertex 147.563 6.16069 3.4
      vertex 147.4 6.15 3.4
    endloop
  endfacet
  facet normal -0.323004 0.946398 0
    outer loop
      vertex 147.878 6.24515 3.4
      vertex 147.724 6.19259 47.4
      vertex 147.878 6.24515 47.4
    endloop
  endfacet
  facet normal -0.323004 0.946398 0
    outer loop
      vertex 147.724 6.19259 47.4
      vertex 147.878 6.24515 3.4
      vertex 147.724 6.19259 3.4
    endloop
  endfacet
  facet normal -0.555434 0.831561 0
    outer loop
      vertex 148.161 6.40831 3.4
      vertex 148.025 6.31747 47.4
      vertex 148.161 6.40831 47.4
    endloop
  endfacet
  facet normal -0.555434 0.831561 0
    outer loop
      vertex 148.025 6.31747 47.4
      vertex 148.161 6.40831 3.4
      vertex 148.025 6.31747 3.4
    endloop
  endfacet
  facet normal -0.751254 0.660013 0
    outer loop
      vertex 148.284 6.51612 3.4
      vertex 148.392 6.63905 47.4
      vertex 148.392 6.63905 3.4
    endloop
  endfacet
  facet normal -0.751254 0.660013 0
    outer loop
      vertex 148.392 6.63905 47.4
      vertex 148.284 6.51612 3.4
      vertex 148.284 6.51612 47.4
    endloop
  endfacet
  facet normal -0.831014 0.556251 0
    outer loop
      vertex 148.392 6.63905 3.4
      vertex 148.483 6.775 47.4
      vertex 148.483 6.775 3.4
    endloop
  endfacet
  facet normal -0.831014 0.556251 0
    outer loop
      vertex 148.483 6.775 47.4
      vertex 148.392 6.63905 3.4
      vertex 148.392 6.63905 47.4
    endloop
  endfacet
  facet normal 0.659145 0.752016 -0
    outer loop
      vertex 146.639 6.40831 3.4
      vertex 146.516 6.51612 47.4
      vertex 146.639 6.40831 47.4
    endloop
  endfacet
  facet normal 0.659145 0.752016 0
    outer loop
      vertex 146.516 6.51612 47.4
      vertex 146.639 6.40831 3.4
      vertex 146.516 6.51612 3.4
    endloop
  endfacet
  facet normal 0.555434 0.831561 -0
    outer loop
      vertex 146.775 6.31747 3.4
      vertex 146.639 6.40831 47.4
      vertex 146.775 6.31747 47.4
    endloop
  endfacet
  facet normal 0.555434 0.831561 0
    outer loop
      vertex 146.639 6.40831 47.4
      vertex 146.775 6.31747 3.4
      vertex 146.639 6.40831 3.4
    endloop
  endfacet
  facet normal 0.194358 0.980931 -0
    outer loop
      vertex 147.237 6.16069 3.4
      vertex 147.076 6.19259 47.4
      vertex 147.237 6.16069 47.4
    endloop
  endfacet
  facet normal 0.194358 0.980931 0
    outer loop
      vertex 147.076 6.19259 47.4
      vertex 147.237 6.16069 3.4
      vertex 147.076 6.19259 3.4
    endloop
  endfacet
  facet normal 0.751254 0.660013 0
    outer loop
      vertex 146.516 6.51612 47.4
      vertex 146.408 6.63905 3.4
      vertex 146.408 6.63905 47.4
    endloop
  endfacet
  facet normal 0.751254 0.660013 0
    outer loop
      vertex 146.408 6.63905 3.4
      vertex 146.516 6.51612 47.4
      vertex 146.516 6.51612 3.4
    endloop
  endfacet
  facet normal 0.947965 0.318376 0
    outer loop
      vertex 146.245 6.92165 47.4
      vertex 146.193 7.07648 3.4
      vertex 146.193 7.07648 47.4
    endloop
  endfacet
  facet normal 0.947965 0.318376 0
    outer loop
      vertex 146.193 7.07648 3.4
      vertex 146.245 6.92165 47.4
      vertex 146.245 6.92165 3.4
    endloop
  endfacet
  facet normal 0.997735 0.0672658 0
    outer loop
      vertex 146.161 7.23684 47.4
      vertex 146.15 7.4 3.4
      vertex 146.15 7.4 47.4
    endloop
  endfacet
  facet normal 0.997735 0.0672658 0
    outer loop
      vertex 146.15 7.4 3.4
      vertex 146.161 7.23684 47.4
      vertex 146.161 7.23684 3.4
    endloop
  endfacet
  facet normal -0.831014 -0.556251 0
    outer loop
      vertex 148.483 8.025 3.4
      vertex 148.392 8.16095 47.4
      vertex 148.392 8.16095 3.4
    endloop
  endfacet
  facet normal -0.831014 -0.556251 0
    outer loop
      vertex 148.392 8.16095 47.4
      vertex 148.483 8.025 3.4
      vertex 148.483 8.025 47.4
    endloop
  endfacet
  facet normal 0.751254 -0.660013 0
    outer loop
      vertex 146.408 8.16095 47.4
      vertex 146.516 8.28388 3.4
      vertex 146.516 8.28388 47.4
    endloop
  endfacet
  facet normal 0.751254 -0.660013 0
    outer loop
      vertex 146.516 8.28388 3.4
      vertex 146.408 8.16095 47.4
      vertex 146.408 8.16095 3.4
    endloop
  endfacet
  facet normal 0.555434 -0.831561 0
    outer loop
      vertex 146.639 8.39169 3.4
      vertex 146.775 8.48253 47.4
      vertex 146.639 8.39169 47.4
    endloop
  endfacet
  facet normal 0.555434 -0.831561 0
    outer loop
      vertex 146.775 8.48253 47.4
      vertex 146.639 8.39169 3.4
      vertex 146.775 8.48253 3.4
    endloop
  endfacet
  facet normal -0.194358 0.980931 0
    outer loop
      vertex 147.724 6.19259 3.4
      vertex 147.563 6.16069 47.4
      vertex 147.724 6.19259 47.4
    endloop
  endfacet
  facet normal -0.194358 0.980931 0
    outer loop
      vertex 147.563 6.16069 47.4
      vertex 147.724 6.19259 3.4
      vertex 147.563 6.16069 3.4
    endloop
  endfacet
  facet normal -0.947965 0.318376 0
    outer loop
      vertex 148.555 6.92165 3.4
      vertex 148.607 7.07648 47.4
      vertex 148.607 7.07648 3.4
    endloop
  endfacet
  facet normal -0.947965 0.318376 0
    outer loop
      vertex 148.607 7.07648 47.4
      vertex 148.555 6.92165 3.4
      vertex 148.555 6.92165 47.4
    endloop
  endfacet
  facet normal 0.980665 0.195693 0
    outer loop
      vertex 146.193 7.07648 47.4
      vertex 146.161 7.23684 3.4
      vertex 146.161 7.23684 47.4
    endloop
  endfacet
  facet normal 0.980665 0.195693 0
    outer loop
      vertex 146.161 7.23684 3.4
      vertex 146.193 7.07648 47.4
      vertex 146.193 7.07648 3.4
    endloop
  endfacet
  facet normal 0.997865 0.0653156 0
    outer loop
      vertex 10.9 92.4 47.4
      vertex 10.8701 92.8568 2.4
      vertex 10.8701 92.8568 47.4
    endloop
  endfacet
  facet normal 0.997865 0.0653156 0
    outer loop
      vertex 10.8701 92.8568 2.4
      vertex 10.9 92.4 47.4
      vertex 10.9 92.4 2.4
    endloop
  endfacet
  facet normal -0.997859 0.0654026 0
    outer loop
      vertex 3.9 92.4 2.4
      vertex 3.92994 92.8568 47.4
      vertex 3.92994 92.8568 2.4
    endloop
  endfacet
  facet normal -0.997859 0.0654026 0
    outer loop
      vertex 3.92994 92.8568 47.4
      vertex 3.9 92.4 2.4
      vertex 3.9 92.4 47.4
    endloop
  endfacet
  facet normal 0.0653099 0.997865 -0
    outer loop
      vertex 7.85684 95.8701 2.4
      vertex 7.4 95.9 47.4
      vertex 7.85684 95.8701 47.4
    endloop
  endfacet
  facet normal 0.0653099 0.997865 0
    outer loop
      vertex 7.4 95.9 47.4
      vertex 7.85684 95.8701 2.4
      vertex 7.4 95.9 2.4
    endloop
  endfacet
  facet normal -0.0653099 -0.997865 0
    outer loop
      vertex 6.94316 88.9299 2.4
      vertex 7.4 88.9 47.4
      vertex 6.94316 88.9299 47.4
    endloop
  endfacet
  facet normal -0.0653099 -0.997865 -0
    outer loop
      vertex 7.4 88.9 47.4
      vertex 6.94316 88.9299 2.4
      vertex 7.4 88.9 2.4
    endloop
  endfacet
  facet normal -0.751824 -0.659364 0
    outer loop
      vertex 4.92513 89.9251 2.4
      vertex 4.62326 90.2693 47.4
      vertex 4.62326 90.2693 2.4
    endloop
  endfacet
  facet normal -0.751824 -0.659364 0
    outer loop
      vertex 4.62326 90.2693 47.4
      vertex 4.92513 89.9251 2.4
      vertex 4.92513 89.9251 47.4
    endloop
  endfacet
  facet normal 0.751867 0.659315 0
    outer loop
      vertex 10.1767 94.5307 47.4
      vertex 9.87487 94.8749 2.4
      vertex 9.87487 94.8749 47.4
    endloop
  endfacet
  facet normal 0.751867 0.659315 0
    outer loop
      vertex 9.87487 94.8749 2.4
      vertex 10.1767 94.5307 47.4
      vertex 10.1767 94.5307 2.4
    endloop
  endfacet
  facet normal -0.659267 0.751909 0
    outer loop
      vertex 5.26934 95.1767 2.4
      vertex 4.92513 94.8749 47.4
      vertex 5.26934 95.1767 47.4
    endloop
  endfacet
  facet normal -0.659267 0.751909 0
    outer loop
      vertex 4.92513 94.8749 47.4
      vertex 5.26934 95.1767 2.4
      vertex 4.92513 94.8749 2.4
    endloop
  endfacet
  facet normal -0.321322 0.94697 0
    outer loop
      vertex 6.49413 95.7807 2.4
      vertex 6.06061 95.6336 47.4
      vertex 6.49413 95.7807 47.4
    endloop
  endfacet
  facet normal -0.321322 0.94697 0
    outer loop
      vertex 6.06061 95.6336 47.4
      vertex 6.49413 95.7807 2.4
      vertex 6.06061 95.6336 2.4
    endloop
  endfacet
  facet normal 0.89686 0.442314 0
    outer loop
      vertex 10.6336 93.7394 47.4
      vertex 10.4311 94.15 2.4
      vertex 10.4311 94.15 47.4
    endloop
  endfacet
  facet normal 0.89686 0.442314 0
    outer loop
      vertex 10.4311 94.15 2.4
      vertex 10.6336 93.7394 47.4
      vertex 10.6336 93.7394 2.4
    endloop
  endfacet
  facet normal 0.980757 0.195234 0
    outer loop
      vertex 10.8701 92.8568 47.4
      vertex 10.7807 93.3059 2.4
      vertex 10.7807 93.3059 47.4
    endloop
  endfacet
  facet normal 0.980757 0.195234 0
    outer loop
      vertex 10.7807 93.3059 2.4
      vertex 10.8701 92.8568 47.4
      vertex 10.8701 92.8568 2.4
    endloop
  endfacet
  facet normal 0.831445 0.555607 0
    outer loop
      vertex 10.4311 94.15 47.4
      vertex 10.1767 94.5307 2.4
      vertex 10.1767 94.5307 47.4
    endloop
  endfacet
  facet normal 0.831445 0.555607 0
    outer loop
      vertex 10.1767 94.5307 2.4
      vertex 10.4311 94.15 47.4
      vertex 10.4311 94.15 2.4
    endloop
  endfacet
  facet normal 0.442305 0.896864 -0
    outer loop
      vertex 9.15 95.4311 2.4
      vertex 8.73939 95.6336 47.4
      vertex 9.15 95.4311 47.4
    endloop
  endfacet
  facet normal 0.442305 0.896864 0
    outer loop
      vertex 8.73939 95.6336 47.4
      vertex 9.15 95.4311 2.4
      vertex 8.73939 95.6336 2.4
    endloop
  endfacet
  facet normal 0.321322 0.94697 -0
    outer loop
      vertex 8.73939 95.6336 2.4
      vertex 8.30587 95.7807 47.4
      vertex 8.73939 95.6336 47.4
    endloop
  endfacet
  facet normal 0.321322 0.94697 0
    outer loop
      vertex 8.30587 95.7807 47.4
      vertex 8.73939 95.6336 2.4
      vertex 8.30587 95.7807 2.4
    endloop
  endfacet
  facet normal 0.555647 0.831418 -0
    outer loop
      vertex 9.53066 95.1767 2.4
      vertex 9.15 95.4311 47.4
      vertex 9.53066 95.1767 47.4
    endloop
  endfacet
  facet normal 0.555647 0.831418 0
    outer loop
      vertex 9.15 95.4311 47.4
      vertex 9.53066 95.1767 2.4
      vertex 9.15 95.4311 2.4
    endloop
  endfacet
  facet normal -0.896869 0.442297 0
    outer loop
      vertex 4.16642 93.7394 2.4
      vertex 4.36891 94.15 47.4
      vertex 4.36891 94.15 2.4
    endloop
  endfacet
  facet normal -0.896869 0.442297 0
    outer loop
      vertex 4.36891 94.15 47.4
      vertex 4.16642 93.7394 2.4
      vertex 4.16642 93.7394 47.4
    endloop
  endfacet
  facet normal -0.946926 0.321452 0
    outer loop
      vertex 4.01926 93.3059 2.4
      vertex 4.16642 93.7394 47.4
      vertex 4.16642 93.7394 2.4
    endloop
  endfacet
  facet normal -0.946926 0.321452 0
    outer loop
      vertex 4.16642 93.7394 47.4
      vertex 4.01926 93.3059 2.4
      vertex 4.01926 93.3059 47.4
    endloop
  endfacet
  facet normal -0.442305 0.896864 0
    outer loop
      vertex 6.06061 95.6336 2.4
      vertex 5.65 95.4311 47.4
      vertex 6.06061 95.6336 47.4
    endloop
  endfacet
  facet normal -0.442305 0.896864 0
    outer loop
      vertex 5.65 95.4311 47.4
      vertex 6.06061 95.6336 2.4
      vertex 5.65 95.4311 2.4
    endloop
  endfacet
  facet normal -0.195263 0.980751 0
    outer loop
      vertex 6.94316 95.8701 2.4
      vertex 6.49413 95.7807 47.4
      vertex 6.94316 95.8701 47.4
    endloop
  endfacet
  facet normal -0.195263 0.980751 0
    outer loop
      vertex 6.49413 95.7807 47.4
      vertex 6.94316 95.8701 2.4
      vertex 6.49413 95.7807 2.4
    endloop
  endfacet
  facet normal 0.442305 -0.896864 0
    outer loop
      vertex 8.73939 89.1664 2.4
      vertex 9.15 89.3689 47.4
      vertex 8.73939 89.1664 47.4
    endloop
  endfacet
  facet normal 0.442305 -0.896864 0
    outer loop
      vertex 9.15 89.3689 47.4
      vertex 8.73939 89.1664 2.4
      vertex 9.15 89.3689 2.4
    endloop
  endfacet
  facet normal -0.321322 -0.94697 0
    outer loop
      vertex 6.06061 89.1664 2.4
      vertex 6.49413 89.0193 47.4
      vertex 6.06061 89.1664 47.4
    endloop
  endfacet
  facet normal -0.321322 -0.94697 -0
    outer loop
      vertex 6.49413 89.0193 47.4
      vertex 6.06061 89.1664 2.4
      vertex 6.49413 89.0193 2.4
    endloop
  endfacet
  facet normal -0.896869 -0.442297 0
    outer loop
      vertex 4.36891 90.65 2.4
      vertex 4.16642 91.0606 47.4
      vertex 4.16642 91.0606 2.4
    endloop
  endfacet
  facet normal -0.896869 -0.442297 0
    outer loop
      vertex 4.16642 91.0606 47.4
      vertex 4.36891 90.65 2.4
      vertex 4.36891 90.65 47.4
    endloop
  endfacet
  facet normal 0 0 -1
    outer loop
      vertex 10.8701 91.9432 2.4
      vertex 10.8701 92.8568 2.4
      vertex 10.9 92.4 2.4
    endloop
  endfacet
  facet normal 0 0 -1
    outer loop
      vertex 10.7807 91.4941 2.4
      vertex 10.8701 92.8568 2.4
      vertex 10.8701 91.9432 2.4
    endloop
  endfacet
  facet normal 0 0 -1
    outer loop
      vertex 10.7807 91.4941 2.4
      vertex 10.7807 93.3059 2.4
      vertex 10.8701 92.8568 2.4
    endloop
  endfacet
  facet normal 0 0 -1
    outer loop
      vertex 10.6336 91.0606 2.4
      vertex 10.7807 93.3059 2.4
      vertex 10.7807 91.4941 2.4
    endloop
  endfacet
  facet normal 0 0 -1
    outer loop
      vertex 10.6336 91.0606 2.4
      vertex 10.6336 93.7394 2.4
      vertex 10.7807 93.3059 2.4
    endloop
  endfacet
  facet normal 0 0 -1
    outer loop
      vertex 10.4311 90.65 2.4
      vertex 10.6336 93.7394 2.4
      vertex 10.6336 91.0606 2.4
    endloop
  endfacet
  facet normal 0 0 -1
    outer loop
      vertex 10.4311 90.65 2.4
      vertex 10.4311 94.15 2.4
      vertex 10.6336 93.7394 2.4
    endloop
  endfacet
  facet normal 0 0 -1
    outer loop
      vertex 10.1767 90.2693 2.4
      vertex 10.4311 94.15 2.4
      vertex 10.4311 90.65 2.4
    endloop
  endfacet
  facet normal 0 0 -1
    outer loop
      vertex 10.1767 90.2693 2.4
      vertex 10.1767 94.5307 2.4
      vertex 10.4311 94.15 2.4
    endloop
  endfacet
  facet normal 0 0 -1
    outer loop
      vertex 9.87487 89.9251 2.4
      vertex 10.1767 94.5307 2.4
      vertex 10.1767 90.2693 2.4
    endloop
  endfacet
  facet normal 0 0 -1
    outer loop
      vertex 9.87487 89.9251 2.4
      vertex 9.87487 94.8749 2.4
      vertex 10.1767 94.5307 2.4
    endloop
  endfacet
  facet normal 0 0 -1
    outer loop
      vertex 9.53066 89.6233 2.4
      vertex 9.87487 94.8749 2.4
      vertex 9.87487 89.9251 2.4
    endloop
  endfacet
  facet normal 0 0 -1
    outer loop
      vertex 9.53066 89.6233 2.4
      vertex 9.53066 95.1767 2.4
      vertex 9.87487 94.8749 2.4
    endloop
  endfacet
  facet normal 0 0 -1
    outer loop
      vertex 9.15 89.3689 2.4
      vertex 9.53066 95.1767 2.4
      vertex 9.53066 89.6233 2.4
    endloop
  endfacet
  facet normal 0 0 -1
    outer loop
      vertex 9.15 89.3689 2.4
      vertex 9.15 95.4311 2.4
      vertex 9.53066 95.1767 2.4
    endloop
  endfacet
  facet normal 0 0 -1
    outer loop
      vertex 8.73939 89.1664 2.4
      vertex 9.15 95.4311 2.4
      vertex 9.15 89.3689 2.4
    endloop
  endfacet
  facet normal 0 0 -1
    outer loop
      vertex 8.73939 89.1664 2.4
      vertex 8.73939 95.6336 2.4
      vertex 9.15 95.4311 2.4
    endloop
  endfacet
  facet normal 0 0 -1
    outer loop
      vertex 8.30587 89.0193 2.4
      vertex 8.73939 95.6336 2.4
      vertex 8.73939 89.1664 2.4
    endloop
  endfacet
  facet normal 0 0 -1
    outer loop
      vertex 8.30587 89.0193 2.4
      vertex 8.30587 95.7807 2.4
      vertex 8.73939 95.6336 2.4
    endloop
  endfacet
  facet normal 0 0 -1
    outer loop
      vertex 7.85684 88.9299 2.4
      vertex 8.30587 95.7807 2.4
      vertex 8.30587 89.0193 2.4
    endloop
  endfacet
  facet normal 0 0 -1
    outer loop
      vertex 7.85684 88.9299 2.4
      vertex 7.85684 95.8701 2.4
      vertex 8.30587 95.7807 2.4
    endloop
  endfacet
  facet normal 0 0 -1
    outer loop
      vertex 7.4 88.9 2.4
      vertex 7.85684 95.8701 2.4
      vertex 7.85684 88.9299 2.4
    endloop
  endfacet
  facet normal 0 0 -1
    outer loop
      vertex 7.4 88.9 2.4
      vertex 7.4 95.9 2.4
      vertex 7.85684 95.8701 2.4
    endloop
  endfacet
  facet normal 0 0 -1
    outer loop
      vertex 6.94316 88.9299 2.4
      vertex 7.4 95.9 2.4
      vertex 7.4 88.9 2.4
    endloop
  endfacet
  facet normal 0 0 -1
    outer loop
      vertex 6.94316 88.9299 2.4
      vertex 6.94316 95.8701 2.4
      vertex 7.4 95.9 2.4
    endloop
  endfacet
  facet normal 0 0 -1
    outer loop
      vertex 6.49413 89.0193 2.4
      vertex 6.94316 95.8701 2.4
      vertex 6.94316 88.9299 2.4
    endloop
  endfacet
  facet normal 0 0 -1
    outer loop
      vertex 6.49413 89.0193 2.4
      vertex 6.49413 95.7807 2.4
      vertex 6.94316 95.8701 2.4
    endloop
  endfacet
  facet normal 0 0 -1
    outer loop
      vertex 6.06061 89.1664 2.4
      vertex 6.49413 95.7807 2.4
      vertex 6.49413 89.0193 2.4
    endloop
  endfacet
  facet normal 0 0 -1
    outer loop
      vertex 6.06061 89.1664 2.4
      vertex 6.06061 95.6336 2.4
      vertex 6.49413 95.7807 2.4
    endloop
  endfacet
  facet normal 0 0 -1
    outer loop
      vertex 5.65 89.3689 2.4
      vertex 6.06061 95.6336 2.4
      vertex 6.06061 89.1664 2.4
    endloop
  endfacet
  facet normal 0 0 -1
    outer loop
      vertex 5.65 89.3689 2.4
      vertex 5.65 95.4311 2.4
      vertex 6.06061 95.6336 2.4
    endloop
  endfacet
  facet normal 0 0 -1
    outer loop
      vertex 5.26934 89.6233 2.4
      vertex 5.65 95.4311 2.4
      vertex 5.65 89.3689 2.4
    endloop
  endfacet
  facet normal 0 0 -1
    outer loop
      vertex 5.26934 89.6233 2.4
      vertex 5.26934 95.1767 2.4
      vertex 5.65 95.4311 2.4
    endloop
  endfacet
  facet normal 0 0 -1
    outer loop
      vertex 4.92513 89.9251 2.4
      vertex 5.26934 95.1767 2.4
      vertex 5.26934 89.6233 2.4
    endloop
  endfacet
  facet normal 0 0 -1
    outer loop
      vertex 4.92513 89.9251 2.4
      vertex 4.92513 94.8749 2.4
      vertex 5.26934 95.1767 2.4
    endloop
  endfacet
  facet normal 0 0 -1
    outer loop
      vertex 4.62326 90.2693 2.4
      vertex 4.92513 94.8749 2.4
      vertex 4.92513 89.9251 2.4
    endloop
  endfacet
  facet normal 0 0 -1
    outer loop
      vertex 4.62326 90.2693 2.4
      vertex 4.62326 94.5307 2.4
      vertex 4.92513 94.8749 2.4
    endloop
  endfacet
  facet normal 0 0 -1
    outer loop
      vertex 4.36891 90.65 2.4
      vertex 4.62326 94.5307 2.4
      vertex 4.62326 90.2693 2.4
    endloop
  endfacet
  facet normal 0 0 -1
    outer loop
      vertex 4.36891 90.65 2.4
      vertex 4.36891 94.15 2.4
      vertex 4.62326 94.5307 2.4
    endloop
  endfacet
  facet normal 0 0 -1
    outer loop
      vertex 4.16642 91.0606 2.4
      vertex 4.36891 94.15 2.4
      vertex 4.36891 90.65 2.4
    endloop
  endfacet
  facet normal 0 0 -1
    outer loop
      vertex 4.16642 91.0606 2.4
      vertex 4.16642 93.7394 2.4
      vertex 4.36891 94.15 2.4
    endloop
  endfacet
  facet normal 0 0 -1
    outer loop
      vertex 4.01926 91.4941 2.4
      vertex 4.16642 93.7394 2.4
      vertex 4.16642 91.0606 2.4
    endloop
  endfacet
  facet normal 0 0 -1
    outer loop
      vertex 4.01926 91.4941 2.4
      vertex 4.01926 93.3059 2.4
      vertex 4.16642 93.7394 2.4
    endloop
  endfacet
  facet normal 0 0 -1
    outer loop
      vertex 3.92994 91.9432 2.4
      vertex 4.01926 93.3059 2.4
      vertex 4.01926 91.4941 2.4
    endloop
  endfacet
  facet normal 0 0 -1
    outer loop
      vertex 3.92994 91.9432 2.4
      vertex 3.92994 92.8568 2.4
      vertex 4.01926 93.3059 2.4
    endloop
  endfacet
  facet normal 0 -0 -1
    outer loop
      vertex 3.92994 92.8568 2.4
      vertex 3.92994 91.9432 2.4
      vertex 3.9 92.4 2.4
    endloop
  endfacet
  facet normal 0.946966 0.321335 0
    outer loop
      vertex 10.7807 93.3059 47.4
      vertex 10.6336 93.7394 2.4
      vertex 10.6336 93.7394 47.4
    endloop
  endfacet
  facet normal 0.946966 0.321335 0
    outer loop
      vertex 10.6336 93.7394 2.4
      vertex 10.7807 93.3059 47.4
      vertex 10.7807 93.3059 2.4
    endloop
  endfacet
  facet normal 0.195263 0.980751 -0
    outer loop
      vertex 8.30587 95.7807 2.4
      vertex 7.85684 95.8701 47.4
      vertex 8.30587 95.7807 47.4
    endloop
  endfacet
  facet normal 0.195263 0.980751 0
    outer loop
      vertex 7.85684 95.8701 47.4
      vertex 8.30587 95.7807 2.4
      vertex 7.85684 95.8701 2.4
    endloop
  endfacet
  facet normal 0.659267 0.751909 -0
    outer loop
      vertex 9.87487 94.8749 2.4
      vertex 9.53066 95.1767 47.4
      vertex 9.87487 94.8749 47.4
    endloop
  endfacet
  facet normal 0.659267 0.751909 0
    outer loop
      vertex 9.53066 95.1767 47.4
      vertex 9.87487 94.8749 2.4
      vertex 9.53066 95.1767 2.4
    endloop
  endfacet
  facet normal -0.831495 0.555532 0
    outer loop
      vertex 4.36891 94.15 2.4
      vertex 4.62326 94.5307 47.4
      vertex 4.62326 94.5307 2.4
    endloop
  endfacet
  facet normal -0.831495 0.555532 0
    outer loop
      vertex 4.62326 94.5307 47.4
      vertex 4.36891 94.15 2.4
      vertex 4.36891 94.15 47.4
    endloop
  endfacet
  facet normal -0.751824 0.659364 0
    outer loop
      vertex 4.62326 94.5307 2.4
      vertex 4.92513 94.8749 47.4
      vertex 4.92513 94.8749 2.4
    endloop
  endfacet
  facet normal -0.751824 0.659364 0
    outer loop
      vertex 4.92513 94.8749 47.4
      vertex 4.62326 94.5307 2.4
      vertex 4.62326 94.5307 47.4
    endloop
  endfacet
  facet normal -0.98079 0.195066 0
    outer loop
      vertex 3.92994 92.8568 2.4
      vertex 4.01926 93.3059 47.4
      vertex 4.01926 93.3059 2.4
    endloop
  endfacet
  facet normal -0.98079 0.195066 0
    outer loop
      vertex 4.01926 93.3059 47.4
      vertex 3.92994 92.8568 2.4
      vertex 3.92994 92.8568 47.4
    endloop
  endfacet
  facet normal 0 0 1
    outer loop
      vertex 8.65 92.4 47.4
      vertex 10.9 92.4 47.4
      vertex 10.8701 92.8568 47.4
    endloop
  endfacet
  facet normal 0 0 1
    outer loop
      vertex 8.63931 92.5632 47.4
      vertex 10.8701 92.8568 47.4
      vertex 10.7807 93.3059 47.4
    endloop
  endfacet
  facet normal 0 0 1
    outer loop
      vertex 10.9 92.4 47.4
      vertex 8.65 92.4 47.4
      vertex 10.8701 91.9432 47.4
    endloop
  endfacet
  facet normal 0 0 1
    outer loop
      vertex 8.60741 92.7235 47.4
      vertex 10.7807 93.3059 47.4
      vertex 10.6336 93.7394 47.4
    endloop
  endfacet
  facet normal -0 0 1
    outer loop
      vertex 8.63931 92.2368 47.4
      vertex 10.8701 91.9432 47.4
      vertex 8.65 92.4 47.4
    endloop
  endfacet
  facet normal 0 0 1
    outer loop
      vertex 8.55485 92.8784 47.4
      vertex 10.6336 93.7394 47.4
      vertex 10.4311 94.15 47.4
    endloop
  endfacet
  facet normal 0 0 1
    outer loop
      vertex 10.8701 91.9432 47.4
      vertex 8.63931 92.2368 47.4
      vertex 10.7807 91.4941 47.4
    endloop
  endfacet
  facet normal 0 0 1
    outer loop
      vertex 8.48253 93.025 47.4
      vertex 10.4311 94.15 47.4
      vertex 10.1767 94.5307 47.4
    endloop
  endfacet
  facet normal -0 0 1
    outer loop
      vertex 8.60741 92.0765 47.4
      vertex 10.7807 91.4941 47.4
      vertex 8.63931 92.2368 47.4
    endloop
  endfacet
  facet normal 0 0 1
    outer loop
      vertex 8.39169 93.1609 47.4
      vertex 10.1767 94.5307 47.4
      vertex 9.87487 94.8749 47.4
    endloop
  endfacet
  facet normal 0 0 1
    outer loop
      vertex 10.7807 91.4941 47.4
      vertex 8.60741 92.0765 47.4
      vertex 10.6336 91.0606 47.4
    endloop
  endfacet
  facet normal 0 0 1
    outer loop
      vertex 8.28388 93.2839 47.4
      vertex 9.87487 94.8749 47.4
      vertex 9.53066 95.1767 47.4
    endloop
  endfacet
  facet normal -0 0 1
    outer loop
      vertex 8.55485 91.9216 47.4
      vertex 10.6336 91.0606 47.4
      vertex 8.60741 92.0765 47.4
    endloop
  endfacet
  facet normal 0 0 1
    outer loop
      vertex 8.16095 93.3917 47.4
      vertex 9.53066 95.1767 47.4
      vertex 9.15 95.4311 47.4
    endloop
  endfacet
  facet normal 0 0 1
    outer loop
      vertex 10.6336 91.0606 47.4
      vertex 8.55485 91.9216 47.4
      vertex 10.4311 90.65 47.4
    endloop
  endfacet
  facet normal 0 0 1
    outer loop
      vertex 8.025 93.4825 47.4
      vertex 9.15 95.4311 47.4
      vertex 8.73939 95.6336 47.4
    endloop
  endfacet
  facet normal -0 0 1
    outer loop
      vertex 8.48253 91.775 47.4
      vertex 10.4311 90.65 47.4
      vertex 8.55485 91.9216 47.4
    endloop
  endfacet
  facet normal 0 0 1
    outer loop
      vertex 10.4311 90.65 47.4
      vertex 8.48253 91.775 47.4
      vertex 10.1767 90.2693 47.4
    endloop
  endfacet
  facet normal 0 0 1
    outer loop
      vertex 10.8701 92.8568 47.4
      vertex 8.63931 92.5632 47.4
      vertex 8.65 92.4 47.4
    endloop
  endfacet
  facet normal 0 0 1
    outer loop
      vertex 10.7807 93.3059 47.4
      vertex 8.60741 92.7235 47.4
      vertex 8.63931 92.5632 47.4
    endloop
  endfacet
  facet normal 0 0 1
    outer loop
      vertex 10.6336 93.7394 47.4
      vertex 8.55485 92.8784 47.4
      vertex 8.60741 92.7235 47.4
    endloop
  endfacet
  facet normal 0 0 1
    outer loop
      vertex 10.4311 94.15 47.4
      vertex 8.48253 93.025 47.4
      vertex 8.55485 92.8784 47.4
    endloop
  endfacet
  facet normal 0 0 1
    outer loop
      vertex 10.1767 94.5307 47.4
      vertex 8.39169 93.1609 47.4
      vertex 8.48253 93.025 47.4
    endloop
  endfacet
  facet normal 0 0 1
    outer loop
      vertex 7.87835 93.5548 47.4
      vertex 8.73939 95.6336 47.4
      vertex 8.30587 95.7807 47.4
    endloop
  endfacet
  facet normal 0 0 1
    outer loop
      vertex 9.87487 94.8749 47.4
      vertex 8.28388 93.2839 47.4
      vertex 8.39169 93.1609 47.4
    endloop
  endfacet
  facet normal 0 0 1
    outer loop
      vertex 9.53066 95.1767 47.4
      vertex 8.16095 93.3917 47.4
      vertex 8.28388 93.2839 47.4
    endloop
  endfacet
  facet normal 0 0 1
    outer loop
      vertex 9.15 95.4311 47.4
      vertex 8.025 93.4825 47.4
      vertex 8.16095 93.3917 47.4
    endloop
  endfacet
  facet normal 0 0 1
    outer loop
      vertex 8.73939 95.6336 47.4
      vertex 7.87835 93.5548 47.4
      vertex 8.025 93.4825 47.4
    endloop
  endfacet
  facet normal 0 0 1
    outer loop
      vertex 7.72352 93.6074 47.4
      vertex 8.30587 95.7807 47.4
      vertex 7.85684 95.8701 47.4
    endloop
  endfacet
  facet normal 0 0 1
    outer loop
      vertex 8.30587 95.7807 47.4
      vertex 7.72352 93.6074 47.4
      vertex 7.87835 93.5548 47.4
    endloop
  endfacet
  facet normal 0 0 1
    outer loop
      vertex 7.85684 95.8701 47.4
      vertex 7.56316 93.6393 47.4
      vertex 7.72352 93.6074 47.4
    endloop
  endfacet
  facet normal 0 0 1
    outer loop
      vertex 7.4 95.9 47.4
      vertex 7.56316 93.6393 47.4
      vertex 7.85684 95.8701 47.4
    endloop
  endfacet
  facet normal 0 0 1
    outer loop
      vertex 7.4 95.9 47.4
      vertex 7.4 93.65 47.4
      vertex 7.56316 93.6393 47.4
    endloop
  endfacet
  facet normal 0 0 1
    outer loop
      vertex 7.4 95.9 47.4
      vertex 7.23684 93.6393 47.4
      vertex 7.4 93.65 47.4
    endloop
  endfacet
  facet normal -0 0 1
    outer loop
      vertex 6.94316 95.8701 47.4
      vertex 7.23684 93.6393 47.4
      vertex 7.4 95.9 47.4
    endloop
  endfacet
  facet normal 0 0 1
    outer loop
      vertex 7.23684 93.6393 47.4
      vertex 6.94316 95.8701 47.4
      vertex 7.07648 93.6074 47.4
    endloop
  endfacet
  facet normal -0 0 1
    outer loop
      vertex 6.49413 95.7807 47.4
      vertex 7.07648 93.6074 47.4
      vertex 6.94316 95.8701 47.4
    endloop
  endfacet
  facet normal 0 0 1
    outer loop
      vertex 7.07648 93.6074 47.4
      vertex 6.49413 95.7807 47.4
      vertex 6.92165 93.5548 47.4
    endloop
  endfacet
  facet normal -0 0 1
    outer loop
      vertex 6.06061 95.6336 47.4
      vertex 6.92165 93.5548 47.4
      vertex 6.49413 95.7807 47.4
    endloop
  endfacet
  facet normal 0 0 1
    outer loop
      vertex 6.92165 93.5548 47.4
      vertex 6.06061 95.6336 47.4
      vertex 6.775 93.4825 47.4
    endloop
  endfacet
  facet normal -0 0 1
    outer loop
      vertex 5.65 95.4311 47.4
      vertex 6.775 93.4825 47.4
      vertex 6.06061 95.6336 47.4
    endloop
  endfacet
  facet normal 0 0 1
    outer loop
      vertex 6.775 93.4825 47.4
      vertex 5.65 95.4311 47.4
      vertex 6.63905 93.3917 47.4
    endloop
  endfacet
  facet normal -0 0 1
    outer loop
      vertex 5.26934 95.1767 47.4
      vertex 6.63905 93.3917 47.4
      vertex 5.65 95.4311 47.4
    endloop
  endfacet
  facet normal 0 0 1
    outer loop
      vertex 6.63905 93.3917 47.4
      vertex 5.26934 95.1767 47.4
      vertex 6.51612 93.2839 47.4
    endloop
  endfacet
  facet normal -0 0 1
    outer loop
      vertex 4.92513 94.8749 47.4
      vertex 6.51612 93.2839 47.4
      vertex 5.26934 95.1767 47.4
    endloop
  endfacet
  facet normal 0 0 1
    outer loop
      vertex 6.51612 93.2839 47.4
      vertex 4.92513 94.8749 47.4
      vertex 6.40831 93.1609 47.4
    endloop
  endfacet
  facet normal 0 0 1
    outer loop
      vertex 6.40831 93.1609 47.4
      vertex 4.62326 94.5307 47.4
      vertex 6.31747 93.025 47.4
    endloop
  endfacet
  facet normal -0 0 1
    outer loop
      vertex 4.62326 94.5307 47.4
      vertex 6.40831 93.1609 47.4
      vertex 4.92513 94.8749 47.4
    endloop
  endfacet
  facet normal -0 0 1
    outer loop
      vertex 8.39169 91.639 47.4
      vertex 10.1767 90.2693 47.4
      vertex 8.48253 91.775 47.4
    endloop
  endfacet
  facet normal 0 0 1
    outer loop
      vertex 10.1767 90.2693 47.4
      vertex 8.39169 91.639 47.4
      vertex 9.87487 89.9251 47.4
    endloop
  endfacet
  facet normal -0 0 1
    outer loop
      vertex 8.28388 91.5161 47.4
      vertex 9.87487 89.9251 47.4
      vertex 8.39169 91.639 47.4
    endloop
  endfacet
  facet normal 0 0 1
    outer loop
      vertex 9.87487 89.9251 47.4
      vertex 8.28388 91.5161 47.4
      vertex 9.53066 89.6233 47.4
    endloop
  endfacet
  facet normal -0 0 1
    outer loop
      vertex 8.16095 91.4083 47.4
      vertex 9.53066 89.6233 47.4
      vertex 8.28388 91.5161 47.4
    endloop
  endfacet
  facet normal 0 0 1
    outer loop
      vertex 9.53066 89.6233 47.4
      vertex 8.16095 91.4083 47.4
      vertex 9.15 89.3689 47.4
    endloop
  endfacet
  facet normal -0 0 1
    outer loop
      vertex 8.025 91.3175 47.4
      vertex 9.15 89.3689 47.4
      vertex 8.16095 91.4083 47.4
    endloop
  endfacet
  facet normal 0 0 1
    outer loop
      vertex 9.15 89.3689 47.4
      vertex 8.025 91.3175 47.4
      vertex 8.73939 89.1664 47.4
    endloop
  endfacet
  facet normal -0 0 1
    outer loop
      vertex 7.87835 91.2451 47.4
      vertex 8.73939 89.1664 47.4
      vertex 8.025 91.3175 47.4
    endloop
  endfacet
  facet normal 0 0 1
    outer loop
      vertex 8.73939 89.1664 47.4
      vertex 7.87835 91.2451 47.4
      vertex 8.30587 89.0193 47.4
    endloop
  endfacet
  facet normal -0 0 1
    outer loop
      vertex 7.72352 91.1926 47.4
      vertex 8.30587 89.0193 47.4
      vertex 7.87835 91.2451 47.4
    endloop
  endfacet
  facet normal 0 0 1
    outer loop
      vertex 8.30587 89.0193 47.4
      vertex 7.72352 91.1926 47.4
      vertex 7.85684 88.9299 47.4
    endloop
  endfacet
  facet normal -0 0 1
    outer loop
      vertex 7.56316 91.1607 47.4
      vertex 7.85684 88.9299 47.4
      vertex 7.72352 91.1926 47.4
    endloop
  endfacet
  facet normal -0 0 1
    outer loop
      vertex 7.4 91.15 47.4
      vertex 7.85684 88.9299 47.4
      vertex 7.56316 91.1607 47.4
    endloop
  endfacet
  facet normal 0 0 1
    outer loop
      vertex 7.4 91.15 47.4
      vertex 7.4 88.9 47.4
      vertex 7.85684 88.9299 47.4
    endloop
  endfacet
  facet normal 0 0 1
    outer loop
      vertex 7.23684 91.1607 47.4
      vertex 7.4 88.9 47.4
      vertex 7.4 91.15 47.4
    endloop
  endfacet
  facet normal 0 0 1
    outer loop
      vertex 6.94316 88.9299 47.4
      vertex 7.23684 91.1607 47.4
      vertex 7.07648 91.1926 47.4
    endloop
  endfacet
  facet normal 0 0 1
    outer loop
      vertex 7.23684 91.1607 47.4
      vertex 6.94316 88.9299 47.4
      vertex 7.4 88.9 47.4
    endloop
  endfacet
  facet normal 0 0 1
    outer loop
      vertex 6.49413 89.0193 47.4
      vertex 7.07648 91.1926 47.4
      vertex 6.92165 91.2451 47.4
    endloop
  endfacet
  facet normal 0 0 1
    outer loop
      vertex 6.06061 89.1664 47.4
      vertex 6.92165 91.2451 47.4
      vertex 6.775 91.3175 47.4
    endloop
  endfacet
  facet normal 0 0 1
    outer loop
      vertex 5.65 89.3689 47.4
      vertex 6.775 91.3175 47.4
      vertex 6.63905 91.4083 47.4
    endloop
  endfacet
  facet normal 0 0 1
    outer loop
      vertex 5.26934 89.6233 47.4
      vertex 6.63905 91.4083 47.4
      vertex 6.51612 91.5161 47.4
    endloop
  endfacet
  facet normal 0 0 1
    outer loop
      vertex 7.07648 91.1926 47.4
      vertex 6.49413 89.0193 47.4
      vertex 6.94316 88.9299 47.4
    endloop
  endfacet
  facet normal 0 0 1
    outer loop
      vertex 4.92513 89.9251 47.4
      vertex 6.51612 91.5161 47.4
      vertex 6.40831 91.639 47.4
    endloop
  endfacet
  facet normal 0 0 1
    outer loop
      vertex 4.62326 90.2693 47.4
      vertex 6.40831 91.639 47.4
      vertex 6.31747 91.775 47.4
    endloop
  endfacet
  facet normal 0 0 1
    outer loop
      vertex 4.36891 90.65 47.4
      vertex 6.31747 91.775 47.4
      vertex 6.24515 91.9216 47.4
    endloop
  endfacet
  facet normal 0 0 1
    outer loop
      vertex 4.16642 91.0606 47.4
      vertex 6.24515 91.9216 47.4
      vertex 6.19259 92.0765 47.4
    endloop
  endfacet
  facet normal 0 0 1
    outer loop
      vertex 4.01926 91.4941 47.4
      vertex 6.19259 92.0765 47.4
      vertex 6.16069 92.2368 47.4
    endloop
  endfacet
  facet normal 0 0 1
    outer loop
      vertex 6.92165 91.2451 47.4
      vertex 6.06061 89.1664 47.4
      vertex 6.49413 89.0193 47.4
    endloop
  endfacet
  facet normal 0 0 1
    outer loop
      vertex 3.92994 91.9432 47.4
      vertex 6.16069 92.2368 47.4
      vertex 6.15 92.4 47.4
    endloop
  endfacet
  facet normal -0 0 1
    outer loop
      vertex 4.36891 94.15 47.4
      vertex 6.31747 93.025 47.4
      vertex 4.62326 94.5307 47.4
    endloop
  endfacet
  facet normal 0 0 1
    outer loop
      vertex 6.31747 93.025 47.4
      vertex 4.36891 94.15 47.4
      vertex 6.24515 92.8784 47.4
    endloop
  endfacet
  facet normal 0 0 1
    outer loop
      vertex 6.775 91.3175 47.4
      vertex 5.65 89.3689 47.4
      vertex 6.06061 89.1664 47.4
    endloop
  endfacet
  facet normal -0 0 1
    outer loop
      vertex 4.16642 93.7394 47.4
      vertex 6.24515 92.8784 47.4
      vertex 4.36891 94.15 47.4
    endloop
  endfacet
  facet normal 0 0 1
    outer loop
      vertex 6.63905 91.4083 47.4
      vertex 5.26934 89.6233 47.4
      vertex 5.65 89.3689 47.4
    endloop
  endfacet
  facet normal 0 0 1
    outer loop
      vertex 6.24515 92.8784 47.4
      vertex 4.16642 93.7394 47.4
      vertex 6.19259 92.7235 47.4
    endloop
  endfacet
  facet normal 0 0 1
    outer loop
      vertex 6.51612 91.5161 47.4
      vertex 4.92513 89.9251 47.4
      vertex 5.26934 89.6233 47.4
    endloop
  endfacet
  facet normal -0 0 1
    outer loop
      vertex 4.01926 93.3059 47.4
      vertex 6.19259 92.7235 47.4
      vertex 4.16642 93.7394 47.4
    endloop
  endfacet
  facet normal 0 0 1
    outer loop
      vertex 6.40831 91.639 47.4
      vertex 4.62326 90.2693 47.4
      vertex 4.92513 89.9251 47.4
    endloop
  endfacet
  facet normal 0 0 1
    outer loop
      vertex 6.19259 92.7235 47.4
      vertex 4.01926 93.3059 47.4
      vertex 6.16069 92.5632 47.4
    endloop
  endfacet
  facet normal 0 0 1
    outer loop
      vertex 6.31747 91.775 47.4
      vertex 4.36891 90.65 47.4
      vertex 4.62326 90.2693 47.4
    endloop
  endfacet
  facet normal -0 0 1
    outer loop
      vertex 3.92994 92.8568 47.4
      vertex 6.16069 92.5632 47.4
      vertex 4.01926 93.3059 47.4
    endloop
  endfacet
  facet normal 0 0 1
    outer loop
      vertex 6.24515 91.9216 47.4
      vertex 4.16642 91.0606 47.4
      vertex 4.36891 90.65 47.4
    endloop
  endfacet
  facet normal 0 0 1
    outer loop
      vertex 6.16069 92.5632 47.4
      vertex 3.92994 92.8568 47.4
      vertex 6.15 92.4 47.4
    endloop
  endfacet
  facet normal 0 0 1
    outer loop
      vertex 6.19259 92.0765 47.4
      vertex 4.01926 91.4941 47.4
      vertex 4.16642 91.0606 47.4
    endloop
  endfacet
  facet normal 0 0 1
    outer loop
      vertex 3.9 92.4 47.4
      vertex 6.15 92.4 47.4
      vertex 3.92994 92.8568 47.4
    endloop
  endfacet
  facet normal 0 0 1
    outer loop
      vertex 6.16069 92.2368 47.4
      vertex 3.92994 91.9432 47.4
      vertex 4.01926 91.4941 47.4
    endloop
  endfacet
  facet normal 0 0 1
    outer loop
      vertex 6.15 92.4 47.4
      vertex 3.9 92.4 47.4
      vertex 3.92994 91.9432 47.4
    endloop
  endfacet
  facet normal -0.555647 0.831418 0
    outer loop
      vertex 5.65 95.4311 2.4
      vertex 5.26934 95.1767 47.4
      vertex 5.65 95.4311 47.4
    endloop
  endfacet
  facet normal -0.555647 0.831418 0
    outer loop
      vertex 5.26934 95.1767 47.4
      vertex 5.65 95.4311 2.4
      vertex 5.26934 95.1767 2.4
    endloop
  endfacet
  facet normal -0.0653099 0.997865 0
    outer loop
      vertex 7.4 95.9 2.4
      vertex 6.94316 95.8701 47.4
      vertex 7.4 95.9 47.4
    endloop
  endfacet
  facet normal -0.0653099 0.997865 0
    outer loop
      vertex 6.94316 95.8701 47.4
      vertex 7.4 95.9 2.4
      vertex 6.94316 95.8701 2.4
    endloop
  endfacet
  facet normal 0.997865 -0.0653156 0
    outer loop
      vertex 10.8701 91.9432 47.4
      vertex 10.9 92.4 2.4
      vertex 10.9 92.4 47.4
    endloop
  endfacet
  facet normal 0.997865 -0.0653156 0
    outer loop
      vertex 10.9 92.4 2.4
      vertex 10.8701 91.9432 47.4
      vertex 10.8701 91.9432 2.4
    endloop
  endfacet
  facet normal 0.0653099 -0.997865 0
    outer loop
      vertex 7.4 88.9 2.4
      vertex 7.85684 88.9299 47.4
      vertex 7.4 88.9 47.4
    endloop
  endfacet
  facet normal 0.0653099 -0.997865 0
    outer loop
      vertex 7.85684 88.9299 47.4
      vertex 7.4 88.9 2.4
      vertex 7.85684 88.9299 2.4
    endloop
  endfacet
  facet normal 0.321322 -0.94697 0
    outer loop
      vertex 8.30587 89.0193 2.4
      vertex 8.73939 89.1664 47.4
      vertex 8.30587 89.0193 47.4
    endloop
  endfacet
  facet normal 0.321322 -0.94697 0
    outer loop
      vertex 8.73939 89.1664 47.4
      vertex 8.30587 89.0193 2.4
      vertex 8.73939 89.1664 2.4
    endloop
  endfacet
  facet normal 0.555647 -0.831418 0
    outer loop
      vertex 9.15 89.3689 2.4
      vertex 9.53066 89.6233 47.4
      vertex 9.15 89.3689 47.4
    endloop
  endfacet
  facet normal 0.555647 -0.831418 0
    outer loop
      vertex 9.53066 89.6233 47.4
      vertex 9.15 89.3689 2.4
      vertex 9.53066 89.6233 2.4
    endloop
  endfacet
  facet normal 0.946966 -0.321335 0
    outer loop
      vertex 10.6336 91.0606 47.4
      vertex 10.7807 91.4941 2.4
      vertex 10.7807 91.4941 47.4
    endloop
  endfacet
  facet normal 0.946966 -0.321335 0
    outer loop
      vertex 10.7807 91.4941 2.4
      vertex 10.6336 91.0606 47.4
      vertex 10.6336 91.0606 2.4
    endloop
  endfacet
  facet normal 0.751867 -0.659315 0
    outer loop
      vertex 9.87487 89.9251 47.4
      vertex 10.1767 90.2693 2.4
      vertex 10.1767 90.2693 47.4
    endloop
  endfacet
  facet normal 0.751867 -0.659315 0
    outer loop
      vertex 10.1767 90.2693 2.4
      vertex 9.87487 89.9251 47.4
      vertex 9.87487 89.9251 2.4
    endloop
  endfacet
  facet normal -0.659267 -0.751909 0
    outer loop
      vertex 4.92513 89.9251 2.4
      vertex 5.26934 89.6233 47.4
      vertex 4.92513 89.9251 47.4
    endloop
  endfacet
  facet normal -0.659267 -0.751909 -0
    outer loop
      vertex 5.26934 89.6233 47.4
      vertex 4.92513 89.9251 2.4
      vertex 5.26934 89.6233 2.4
    endloop
  endfacet
  facet normal -0.442305 -0.896864 0
    outer loop
      vertex 5.65 89.3689 2.4
      vertex 6.06061 89.1664 47.4
      vertex 5.65 89.3689 47.4
    endloop
  endfacet
  facet normal -0.442305 -0.896864 -0
    outer loop
      vertex 6.06061 89.1664 47.4
      vertex 5.65 89.3689 2.4
      vertex 6.06061 89.1664 2.4
    endloop
  endfacet
  facet normal -0.195263 -0.980751 0
    outer loop
      vertex 6.49413 89.0193 2.4
      vertex 6.94316 88.9299 47.4
      vertex 6.49413 89.0193 47.4
    endloop
  endfacet
  facet normal -0.195263 -0.980751 -0
    outer loop
      vertex 6.94316 88.9299 47.4
      vertex 6.49413 89.0193 2.4
      vertex 6.94316 88.9299 2.4
    endloop
  endfacet
  facet normal -0.831495 -0.555532 0
    outer loop
      vertex 4.62326 90.2693 2.4
      vertex 4.36891 90.65 47.4
      vertex 4.36891 90.65 2.4
    endloop
  endfacet
  facet normal -0.831495 -0.555532 0
    outer loop
      vertex 4.36891 90.65 47.4
      vertex 4.62326 90.2693 2.4
      vertex 4.62326 90.2693 47.4
    endloop
  endfacet
  facet normal -0.946926 -0.321452 0
    outer loop
      vertex 4.16642 91.0606 2.4
      vertex 4.01926 91.4941 47.4
      vertex 4.01926 91.4941 2.4
    endloop
  endfacet
  facet normal -0.946926 -0.321452 0
    outer loop
      vertex 4.01926 91.4941 47.4
      vertex 4.16642 91.0606 2.4
      vertex 4.16642 91.0606 47.4
    endloop
  endfacet
  facet normal -0.997859 -0.0654026 0
    outer loop
      vertex 3.92994 91.9432 2.4
      vertex 3.9 92.4 47.4
      vertex 3.9 92.4 2.4
    endloop
  endfacet
  facet normal -0.997859 -0.0654026 0
    outer loop
      vertex 3.9 92.4 47.4
      vertex 3.92994 91.9432 2.4
      vertex 3.92994 91.9432 47.4
    endloop
  endfacet
  facet normal 0.195263 -0.980751 0
    outer loop
      vertex 7.85684 88.9299 2.4
      vertex 8.30587 89.0193 47.4
      vertex 7.85684 88.9299 47.4
    endloop
  endfacet
  facet normal 0.195263 -0.980751 0
    outer loop
      vertex 8.30587 89.0193 47.4
      vertex 7.85684 88.9299 2.4
      vertex 8.30587 89.0193 2.4
    endloop
  endfacet
  facet normal 0.659267 -0.751909 0
    outer loop
      vertex 9.53066 89.6233 2.4
      vertex 9.87487 89.9251 47.4
      vertex 9.53066 89.6233 47.4
    endloop
  endfacet
  facet normal 0.659267 -0.751909 0
    outer loop
      vertex 9.87487 89.9251 47.4
      vertex 9.53066 89.6233 2.4
      vertex 9.87487 89.9251 2.4
    endloop
  endfacet
  facet normal 0.89686 -0.442314 0
    outer loop
      vertex 10.4311 90.65 47.4
      vertex 10.6336 91.0606 2.4
      vertex 10.6336 91.0606 47.4
    endloop
  endfacet
  facet normal 0.89686 -0.442314 0
    outer loop
      vertex 10.6336 91.0606 2.4
      vertex 10.4311 90.65 47.4
      vertex 10.4311 90.65 2.4
    endloop
  endfacet
  facet normal 0.980757 -0.195234 0
    outer loop
      vertex 10.7807 91.4941 47.4
      vertex 10.8701 91.9432 2.4
      vertex 10.8701 91.9432 47.4
    endloop
  endfacet
  facet normal 0.980757 -0.195234 0
    outer loop
      vertex 10.8701 91.9432 2.4
      vertex 10.7807 91.4941 47.4
      vertex 10.7807 91.4941 2.4
    endloop
  endfacet
  facet normal -0.555647 -0.831418 0
    outer loop
      vertex 5.26934 89.6233 2.4
      vertex 5.65 89.3689 47.4
      vertex 5.26934 89.6233 47.4
    endloop
  endfacet
  facet normal -0.555647 -0.831418 -0
    outer loop
      vertex 5.65 89.3689 47.4
      vertex 5.26934 89.6233 2.4
      vertex 5.65 89.3689 2.4
    endloop
  endfacet
  facet normal -0.98079 -0.195066 0
    outer loop
      vertex 4.01926 91.4941 2.4
      vertex 3.92994 91.9432 47.4
      vertex 3.92994 91.9432 2.4
    endloop
  endfacet
  facet normal -0.98079 -0.195066 0
    outer loop
      vertex 3.92994 91.9432 47.4
      vertex 4.01926 91.4941 2.4
      vertex 4.01926 91.4941 47.4
    endloop
  endfacet
  facet normal 0.831445 -0.555607 0
    outer loop
      vertex 10.1767 90.2693 47.4
      vertex 10.4311 90.65 2.4
      vertex 10.4311 90.65 47.4
    endloop
  endfacet
  facet normal 0.831445 -0.555607 0
    outer loop
      vertex 10.4311 90.65 2.4
      vertex 10.1767 90.2693 47.4
      vertex 10.1767 90.2693 2.4
    endloop
  endfacet
  facet normal -0.997862 -0.0653624 0
    outer loop
      vertex 8.65 92.4 3.4
      vertex 8.63931 92.5632 47.4
      vertex 8.63931 92.5632 3.4
    endloop
  endfacet
  facet normal -0.997862 -0.0653624 0
    outer loop
      vertex 8.63931 92.5632 47.4
      vertex 8.65 92.4 3.4
      vertex 8.65 92.4 47.4
    endloop
  endfacet
  facet normal 0.997862 -0.0653624 0
    outer loop
      vertex 6.15 92.4 47.4
      vertex 6.16069 92.5632 3.4
      vertex 6.16069 92.5632 47.4
    endloop
  endfacet
  facet normal 0.997862 -0.0653624 0
    outer loop
      vertex 6.16069 92.5632 3.4
      vertex 6.15 92.4 47.4
      vertex 6.15 92.4 3.4
    endloop
  endfacet
  facet normal -0.0654392 -0.997857 0
    outer loop
      vertex 7.4 93.65 3.4
      vertex 7.56316 93.6393 47.4
      vertex 7.4 93.65 47.4
    endloop
  endfacet
  facet normal -0.0654392 -0.997857 -0
    outer loop
      vertex 7.56316 93.6393 47.4
      vertex 7.4 93.65 3.4
      vertex 7.56316 93.6393 3.4
    endloop
  endfacet
  facet normal 0.0654392 0.997857 -0
    outer loop
      vertex 7.4 91.15 3.4
      vertex 7.23684 91.1607 47.4
      vertex 7.4 91.15 47.4
    endloop
  endfacet
  facet normal 0.0654392 0.997857 0
    outer loop
      vertex 7.23684 91.1607 47.4
      vertex 7.4 91.15 3.4
      vertex 7.23684 91.1607 3.4
    endloop
  endfacet
  facet normal -0.752016 -0.659145 0
    outer loop
      vertex 8.39169 93.1609 3.4
      vertex 8.28388 93.2839 47.4
      vertex 8.28388 93.2839 3.4
    endloop
  endfacet
  facet normal -0.752016 -0.659145 0
    outer loop
      vertex 8.28388 93.2839 47.4
      vertex 8.39169 93.1609 3.4
      vertex 8.39169 93.1609 47.4
    endloop
  endfacet
  facet normal 0.659323 -0.75186 0
    outer loop
      vertex 6.51612 93.2839 3.4
      vertex 6.63905 93.3917 47.4
      vertex 6.51612 93.2839 47.4
    endloop
  endfacet
  facet normal 0.659323 -0.75186 0
    outer loop
      vertex 6.63905 93.3917 47.4
      vertex 6.51612 93.2839 3.4
      vertex 6.63905 93.3917 3.4
    endloop
  endfacet
  facet normal 0.321671 -0.946851 0
    outer loop
      vertex 6.92165 93.5548 3.4
      vertex 7.07648 93.6074 47.4
      vertex 6.92165 93.5548 47.4
    endloop
  endfacet
  facet normal 0.321671 -0.946851 0
    outer loop
      vertex 7.07648 93.6074 47.4
      vertex 6.92165 93.5548 3.4
      vertex 7.07648 93.6074 3.4
    endloop
  endfacet
  facet normal -0.94697 -0.321322 0
    outer loop
      vertex 8.60741 92.7235 3.4
      vertex 8.55485 92.8784 47.4
      vertex 8.55485 92.8784 3.4
    endloop
  endfacet
  facet normal -0.94697 -0.321322 0
    outer loop
      vertex 8.55485 92.8784 47.4
      vertex 8.60741 92.7235 3.4
      vertex 8.60741 92.7235 47.4
    endloop
  endfacet
  facet normal -0.980768 -0.195175 0
    outer loop
      vertex 8.63931 92.5632 3.4
      vertex 8.60741 92.7235 47.4
      vertex 8.60741 92.7235 3.4
    endloop
  endfacet
  facet normal -0.980768 -0.195175 0
    outer loop
      vertex 8.60741 92.7235 47.4
      vertex 8.63931 92.5632 3.4
      vertex 8.63931 92.5632 47.4
    endloop
  endfacet
  facet normal -0.896812 -0.442411 0
    outer loop
      vertex 8.55485 92.8784 3.4
      vertex 8.48253 93.025 47.4
      vertex 8.48253 93.025 3.4
    endloop
  endfacet
  facet normal -0.896812 -0.442411 0
    outer loop
      vertex 8.48253 93.025 47.4
      vertex 8.55485 92.8784 3.4
      vertex 8.55485 92.8784 47.4
    endloop
  endfacet
  facet normal -0.442191 -0.896921 0
    outer loop
      vertex 7.87835 93.5548 3.4
      vertex 8.025 93.4825 47.4
      vertex 7.87835 93.5548 47.4
    endloop
  endfacet
  facet normal -0.442191 -0.896921 -0
    outer loop
      vertex 8.025 93.4825 47.4
      vertex 7.87835 93.5548 3.4
      vertex 8.025 93.4825 3.4
    endloop
  endfacet
  facet normal -0.321671 -0.946851 0
    outer loop
      vertex 7.72352 93.6074 3.4
      vertex 7.87835 93.5548 47.4
      vertex 7.72352 93.6074 47.4
    endloop
  endfacet
  facet normal -0.321671 -0.946851 -0
    outer loop
      vertex 7.87835 93.5548 47.4
      vertex 7.72352 93.6074 3.4
      vertex 7.87835 93.5548 3.4
    endloop
  endfacet
  facet normal -0.555406 -0.831579 0
    outer loop
      vertex 8.025 93.4825 3.4
      vertex 8.16095 93.3917 47.4
      vertex 8.025 93.4825 47.4
    endloop
  endfacet
  facet normal -0.555406 -0.831579 -0
    outer loop
      vertex 8.16095 93.3917 47.4
      vertex 8.025 93.4825 3.4
      vertex 8.16095 93.3917 3.4
    endloop
  endfacet
  facet normal 0.896812 -0.442411 0
    outer loop
      vertex 6.24515 92.8784 47.4
      vertex 6.31747 93.025 3.4
      vertex 6.31747 93.025 47.4
    endloop
  endfacet
  facet normal 0.896812 -0.442411 0
    outer loop
      vertex 6.31747 93.025 3.4
      vertex 6.24515 92.8784 47.4
      vertex 6.24515 92.8784 3.4
    endloop
  endfacet
  facet normal 0.831372 -0.555716 0
    outer loop
      vertex 6.31747 93.025 47.4
      vertex 6.40831 93.1609 3.4
      vertex 6.40831 93.1609 47.4
    endloop
  endfacet
  facet normal 0.831372 -0.555716 0
    outer loop
      vertex 6.40831 93.1609 3.4
      vertex 6.31747 93.025 47.4
      vertex 6.31747 93.025 3.4
    endloop
  endfacet
  facet normal 0.94697 -0.321322 0
    outer loop
      vertex 6.19259 92.7235 47.4
      vertex 6.24515 92.8784 3.4
      vertex 6.24515 92.8784 47.4
    endloop
  endfacet
  facet normal 0.94697 -0.321322 0
    outer loop
      vertex 6.24515 92.8784 3.4
      vertex 6.19259 92.7235 47.4
      vertex 6.19259 92.7235 3.4
    endloop
  endfacet
  facet normal 0.442191 -0.896921 0
    outer loop
      vertex 6.775 93.4825 3.4
      vertex 6.92165 93.5548 47.4
      vertex 6.775 93.4825 47.4
    endloop
  endfacet
  facet normal 0.442191 -0.896921 0
    outer loop
      vertex 6.92165 93.5548 47.4
      vertex 6.775 93.4825 3.4
      vertex 6.92165 93.5548 3.4
    endloop
  endfacet
  facet normal 0.195105 -0.980782 0
    outer loop
      vertex 7.07648 93.6074 3.4
      vertex 7.23684 93.6393 47.4
      vertex 7.07648 93.6074 47.4
    endloop
  endfacet
  facet normal 0.195105 -0.980782 0
    outer loop
      vertex 7.23684 93.6393 47.4
      vertex 7.07648 93.6074 3.4
      vertex 7.23684 93.6393 3.4
    endloop
  endfacet
  facet normal -0.659323 0.75186 0
    outer loop
      vertex 8.28388 91.5161 3.4
      vertex 8.16095 91.4083 47.4
      vertex 8.28388 91.5161 47.4
    endloop
  endfacet
  facet normal -0.659323 0.75186 0
    outer loop
      vertex 8.16095 91.4083 47.4
      vertex 8.28388 91.5161 3.4
      vertex 8.16095 91.4083 3.4
    endloop
  endfacet
  facet normal -0.442683 0.896678 0
    outer loop
      vertex 8.025 91.3175 3.4
      vertex 7.87835 91.2451 47.4
      vertex 8.025 91.3175 47.4
    endloop
  endfacet
  facet normal -0.442683 0.896678 0
    outer loop
      vertex 7.87835 91.2451 47.4
      vertex 8.025 91.3175 3.4
      vertex 7.87835 91.2451 3.4
    endloop
  endfacet
  facet normal -0.896812 0.442411 0
    outer loop
      vertex 8.48253 91.775 3.4
      vertex 8.55485 91.9216 47.4
      vertex 8.55485 91.9216 3.4
    endloop
  endfacet
  facet normal -0.896812 0.442411 0
    outer loop
      vertex 8.55485 91.9216 47.4
      vertex 8.48253 91.775 3.4
      vertex 8.48253 91.775 47.4
    endloop
  endfacet
  facet normal -0.980768 0.195175 0
    outer loop
      vertex 8.60741 92.0765 3.4
      vertex 8.63931 92.2368 47.4
      vertex 8.63931 92.2368 3.4
    endloop
  endfacet
  facet normal -0.980768 0.195175 0
    outer loop
      vertex 8.63931 92.2368 47.4
      vertex 8.60741 92.0765 3.4
      vertex 8.60741 92.0765 47.4
    endloop
  endfacet
  facet normal 0.442683 0.896678 -0
    outer loop
      vertex 6.92165 91.2451 3.4
      vertex 6.775 91.3175 47.4
      vertex 6.92165 91.2451 47.4
    endloop
  endfacet
  facet normal 0.442683 0.896678 0
    outer loop
      vertex 6.775 91.3175 47.4
      vertex 6.92165 91.2451 3.4
      vertex 6.775 91.3175 3.4
    endloop
  endfacet
  facet normal 0.321123 0.947038 -0
    outer loop
      vertex 7.07648 91.1926 3.4
      vertex 6.92165 91.2451 47.4
      vertex 7.07648 91.1926 47.4
    endloop
  endfacet
  facet normal 0.321123 0.947038 0
    outer loop
      vertex 6.92165 91.2451 47.4
      vertex 7.07648 91.1926 3.4
      vertex 6.92165 91.2451 3.4
    endloop
  endfacet
  facet normal 0.896812 0.442411 0
    outer loop
      vertex 6.31747 91.775 47.4
      vertex 6.24515 91.9216 3.4
      vertex 6.24515 91.9216 47.4
    endloop
  endfacet
  facet normal 0.896812 0.442411 0
    outer loop
      vertex 6.24515 91.9216 3.4
      vertex 6.31747 91.775 47.4
      vertex 6.31747 91.775 3.4
    endloop
  endfacet
  facet normal 0.831561 0.555434 0
    outer loop
      vertex 6.40831 91.639 47.4
      vertex 6.31747 91.775 3.4
      vertex 6.31747 91.775 47.4
    endloop
  endfacet
  facet normal 0.831561 0.555434 0
    outer loop
      vertex 6.31747 91.775 3.4
      vertex 6.40831 91.639 47.4
      vertex 6.40831 91.639 3.4
    endloop
  endfacet
  facet normal 0 0 1
    outer loop
      vertex 8.63931 92.5632 3.4
      vertex 8.63931 92.2368 3.4
      vertex 8.65 92.4 3.4
    endloop
  endfacet
  facet normal 0 0 1
    outer loop
      vertex 8.60741 92.7235 3.4
      vertex 8.63931 92.2368 3.4
      vertex 8.63931 92.5632 3.4
    endloop
  endfacet
  facet normal 0 0 1
    outer loop
      vertex 8.60741 92.7235 3.4
      vertex 8.60741 92.0765 3.4
      vertex 8.63931 92.2368 3.4
    endloop
  endfacet
  facet normal 0 0 1
    outer loop
      vertex 8.55485 92.8784 3.4
      vertex 8.60741 92.0765 3.4
      vertex 8.60741 92.7235 3.4
    endloop
  endfacet
  facet normal 0 0 1
    outer loop
      vertex 8.55485 92.8784 3.4
      vertex 8.55485 91.9216 3.4
      vertex 8.60741 92.0765 3.4
    endloop
  endfacet
  facet normal 0 0 1
    outer loop
      vertex 8.48253 93.025 3.4
      vertex 8.55485 91.9216 3.4
      vertex 8.55485 92.8784 3.4
    endloop
  endfacet
  facet normal 0 0 1
    outer loop
      vertex 8.48253 93.025 3.4
      vertex 8.48253 91.775 3.4
      vertex 8.55485 91.9216 3.4
    endloop
  endfacet
  facet normal 0 0 1
    outer loop
      vertex 8.39169 93.1609 3.4
      vertex 8.48253 91.775 3.4
      vertex 8.48253 93.025 3.4
    endloop
  endfacet
  facet normal 0 0 1
    outer loop
      vertex 8.39169 93.1609 3.4
      vertex 8.39169 91.639 3.4
      vertex 8.48253 91.775 3.4
    endloop
  endfacet
  facet normal 0 0 1
    outer loop
      vertex 8.28388 93.2839 3.4
      vertex 8.39169 91.639 3.4
      vertex 8.39169 93.1609 3.4
    endloop
  endfacet
  facet normal 0 0 1
    outer loop
      vertex 8.28388 93.2839 3.4
      vertex 8.28388 91.5161 3.4
      vertex 8.39169 91.639 3.4
    endloop
  endfacet
  facet normal 0 0 1
    outer loop
      vertex 8.16095 93.3917 3.4
      vertex 8.28388 91.5161 3.4
      vertex 8.28388 93.2839 3.4
    endloop
  endfacet
  facet normal 0 0 1
    outer loop
      vertex 8.16095 93.3917 3.4
      vertex 8.16095 91.4083 3.4
      vertex 8.28388 91.5161 3.4
    endloop
  endfacet
  facet normal 0 0 1
    outer loop
      vertex 8.025 93.4825 3.4
      vertex 8.16095 91.4083 3.4
      vertex 8.16095 93.3917 3.4
    endloop
  endfacet
  facet normal 0 0 1
    outer loop
      vertex 8.025 93.4825 3.4
      vertex 8.025 91.3175 3.4
      vertex 8.16095 91.4083 3.4
    endloop
  endfacet
  facet normal 0 0 1
    outer loop
      vertex 7.87835 93.5548 3.4
      vertex 8.025 91.3175 3.4
      vertex 8.025 93.4825 3.4
    endloop
  endfacet
  facet normal 0 0 1
    outer loop
      vertex 7.87835 93.5548 3.4
      vertex 7.87835 91.2451 3.4
      vertex 8.025 91.3175 3.4
    endloop
  endfacet
  facet normal 0 0 1
    outer loop
      vertex 7.72352 93.6074 3.4
      vertex 7.87835 91.2451 3.4
      vertex 7.87835 93.5548 3.4
    endloop
  endfacet
  facet normal 0 0 1
    outer loop
      vertex 7.72352 93.6074 3.4
      vertex 7.72352 91.1926 3.4
      vertex 7.87835 91.2451 3.4
    endloop
  endfacet
  facet normal 0 0 1
    outer loop
      vertex 7.56316 93.6393 3.4
      vertex 7.72352 91.1926 3.4
      vertex 7.72352 93.6074 3.4
    endloop
  endfacet
  facet normal 0 0 1
    outer loop
      vertex 7.56316 93.6393 3.4
      vertex 7.56316 91.1607 3.4
      vertex 7.72352 91.1926 3.4
    endloop
  endfacet
  facet normal 0 0 1
    outer loop
      vertex 7.4 93.65 3.4
      vertex 7.56316 91.1607 3.4
      vertex 7.56316 93.6393 3.4
    endloop
  endfacet
  facet normal 0 0 1
    outer loop
      vertex 7.4 93.65 3.4
      vertex 7.4 91.15 3.4
      vertex 7.56316 91.1607 3.4
    endloop
  endfacet
  facet normal -0 0 1
    outer loop
      vertex 7.23684 93.6393 3.4
      vertex 7.4 91.15 3.4
      vertex 7.4 93.65 3.4
    endloop
  endfacet
  facet normal 0 0 1
    outer loop
      vertex 7.23684 93.6393 3.4
      vertex 7.23684 91.1607 3.4
      vertex 7.4 91.15 3.4
    endloop
  endfacet
  facet normal -0 0 1
    outer loop
      vertex 7.07648 93.6074 3.4
      vertex 7.23684 91.1607 3.4
      vertex 7.23684 93.6393 3.4
    endloop
  endfacet
  facet normal 0 0 1
    outer loop
      vertex 7.07648 93.6074 3.4
      vertex 7.07648 91.1926 3.4
      vertex 7.23684 91.1607 3.4
    endloop
  endfacet
  facet normal -0 0 1
    outer loop
      vertex 6.92165 93.5548 3.4
      vertex 7.07648 91.1926 3.4
      vertex 7.07648 93.6074 3.4
    endloop
  endfacet
  facet normal 0 0 1
    outer loop
      vertex 6.92165 93.5548 3.4
      vertex 6.92165 91.2451 3.4
      vertex 7.07648 91.1926 3.4
    endloop
  endfacet
  facet normal -0 0 1
    outer loop
      vertex 6.775 93.4825 3.4
      vertex 6.92165 91.2451 3.4
      vertex 6.92165 93.5548 3.4
    endloop
  endfacet
  facet normal 0 0 1
    outer loop
      vertex 6.775 93.4825 3.4
      vertex 6.775 91.3175 3.4
      vertex 6.92165 91.2451 3.4
    endloop
  endfacet
  facet normal -0 0 1
    outer loop
      vertex 6.63905 93.3917 3.4
      vertex 6.775 91.3175 3.4
      vertex 6.775 93.4825 3.4
    endloop
  endfacet
  facet normal 0 0 1
    outer loop
      vertex 6.63905 93.3917 3.4
      vertex 6.63905 91.4083 3.4
      vertex 6.775 91.3175 3.4
    endloop
  endfacet
  facet normal -0 0 1
    outer loop
      vertex 6.51612 93.2839 3.4
      vertex 6.63905 91.4083 3.4
      vertex 6.63905 93.3917 3.4
    endloop
  endfacet
  facet normal 0 0 1
    outer loop
      vertex 6.51612 93.2839 3.4
      vertex 6.51612 91.5161 3.4
      vertex 6.63905 91.4083 3.4
    endloop
  endfacet
  facet normal -0 0 1
    outer loop
      vertex 6.40831 93.1609 3.4
      vertex 6.51612 91.5161 3.4
      vertex 6.51612 93.2839 3.4
    endloop
  endfacet
  facet normal 0 0 1
    outer loop
      vertex 6.40831 93.1609 3.4
      vertex 6.40831 91.639 3.4
      vertex 6.51612 91.5161 3.4
    endloop
  endfacet
  facet normal -0 0 1
    outer loop
      vertex 6.31747 93.025 3.4
      vertex 6.40831 91.639 3.4
      vertex 6.40831 93.1609 3.4
    endloop
  endfacet
  facet normal 0 0 1
    outer loop
      vertex 6.31747 93.025 3.4
      vertex 6.31747 91.775 3.4
      vertex 6.40831 91.639 3.4
    endloop
  endfacet
  facet normal -0 0 1
    outer loop
      vertex 6.24515 92.8784 3.4
      vertex 6.31747 91.775 3.4
      vertex 6.31747 93.025 3.4
    endloop
  endfacet
  facet normal 0 0 1
    outer loop
      vertex 6.24515 92.8784 3.4
      vertex 6.24515 91.9216 3.4
      vertex 6.31747 91.775 3.4
    endloop
  endfacet
  facet normal -0 0 1
    outer loop
      vertex 6.19259 92.7235 3.4
      vertex 6.24515 91.9216 3.4
      vertex 6.24515 92.8784 3.4
    endloop
  endfacet
  facet normal 0 0 1
    outer loop
      vertex 6.19259 92.7235 3.4
      vertex 6.19259 92.0765 3.4
      vertex 6.24515 91.9216 3.4
    endloop
  endfacet
  facet normal -0 0 1
    outer loop
      vertex 6.16069 92.5632 3.4
      vertex 6.19259 92.0765 3.4
      vertex 6.19259 92.7235 3.4
    endloop
  endfacet
  facet normal 0 0 1
    outer loop
      vertex 6.16069 92.5632 3.4
      vertex 6.16069 92.2368 3.4
      vertex 6.19259 92.0765 3.4
    endloop
  endfacet
  facet normal 0 -0 1
    outer loop
      vertex 6.16069 92.2368 3.4
      vertex 6.16069 92.5632 3.4
      vertex 6.15 92.4 3.4
    endloop
  endfacet
  facet normal -0.195105 -0.980782 0
    outer loop
      vertex 7.56316 93.6393 3.4
      vertex 7.72352 93.6074 47.4
      vertex 7.56316 93.6393 47.4
    endloop
  endfacet
  facet normal -0.195105 -0.980782 -0
    outer loop
      vertex 7.72352 93.6074 47.4
      vertex 7.56316 93.6393 3.4
      vertex 7.72352 93.6074 3.4
    endloop
  endfacet
  facet normal -0.659323 -0.75186 0
    outer loop
      vertex 8.16095 93.3917 3.4
      vertex 8.28388 93.2839 47.4
      vertex 8.16095 93.3917 47.4
    endloop
  endfacet
  facet normal -0.659323 -0.75186 -0
    outer loop
      vertex 8.28388 93.2839 47.4
      vertex 8.16095 93.3917 3.4
      vertex 8.28388 93.2839 3.4
    endloop
  endfacet
  facet normal 0.980768 -0.195175 0
    outer loop
      vertex 6.16069 92.5632 47.4
      vertex 6.19259 92.7235 3.4
      vertex 6.19259 92.7235 47.4
    endloop
  endfacet
  facet normal 0.980768 -0.195175 0
    outer loop
      vertex 6.19259 92.7235 3.4
      vertex 6.16069 92.5632 47.4
      vertex 6.16069 92.5632 3.4
    endloop
  endfacet
  facet normal 0.0654392 -0.997857 0
    outer loop
      vertex 7.23684 93.6393 3.4
      vertex 7.4 93.65 47.4
      vertex 7.23684 93.6393 47.4
    endloop
  endfacet
  facet normal 0.0654392 -0.997857 0
    outer loop
      vertex 7.4 93.65 47.4
      vertex 7.23684 93.6393 3.4
      vertex 7.4 93.65 3.4
    endloop
  endfacet
  facet normal -0.997862 0.0653624 0
    outer loop
      vertex 8.63931 92.2368 3.4
      vertex 8.65 92.4 47.4
      vertex 8.65 92.4 3.4
    endloop
  endfacet
  facet normal -0.997862 0.0653624 0
    outer loop
      vertex 8.65 92.4 47.4
      vertex 8.63931 92.2368 3.4
      vertex 8.63931 92.2368 47.4
    endloop
  endfacet
  facet normal -0.0654392 0.997857 0
    outer loop
      vertex 7.56316 91.1607 3.4
      vertex 7.4 91.15 47.4
      vertex 7.56316 91.1607 47.4
    endloop
  endfacet
  facet normal -0.0654392 0.997857 0
    outer loop
      vertex 7.4 91.15 47.4
      vertex 7.56316 91.1607 3.4
      vertex 7.4 91.15 3.4
    endloop
  endfacet
  facet normal -0.321123 0.947038 0
    outer loop
      vertex 7.87835 91.2451 3.4
      vertex 7.72352 91.1926 47.4
      vertex 7.87835 91.2451 47.4
    endloop
  endfacet
  facet normal -0.321123 0.947038 0
    outer loop
      vertex 7.72352 91.1926 47.4
      vertex 7.87835 91.2451 3.4
      vertex 7.72352 91.1926 3.4
    endloop
  endfacet
  facet normal -0.555406 0.831579 0
    outer loop
      vertex 8.16095 91.4083 3.4
      vertex 8.025 91.3175 47.4
      vertex 8.16095 91.4083 47.4
    endloop
  endfacet
  facet normal -0.555406 0.831579 0
    outer loop
      vertex 8.025 91.3175 47.4
      vertex 8.16095 91.4083 3.4
      vertex 8.025 91.3175 3.4
    endloop
  endfacet
  facet normal -0.75175 0.659448 0
    outer loop
      vertex 8.28388 91.5161 3.4
      vertex 8.39169 91.639 47.4
      vertex 8.39169 91.639 3.4
    endloop
  endfacet
  facet normal -0.75175 0.659448 0
    outer loop
      vertex 8.39169 91.639 47.4
      vertex 8.28388 91.5161 3.4
      vertex 8.28388 91.5161 47.4
    endloop
  endfacet
  facet normal -0.831561 0.555434 0
    outer loop
      vertex 8.39169 91.639 3.4
      vertex 8.48253 91.775 47.4
      vertex 8.48253 91.775 3.4
    endloop
  endfacet
  facet normal -0.831561 0.555434 0
    outer loop
      vertex 8.48253 91.775 47.4
      vertex 8.39169 91.639 3.4
      vertex 8.39169 91.639 47.4
    endloop
  endfacet
  facet normal 0.659323 0.75186 -0
    outer loop
      vertex 6.63905 91.4083 3.4
      vertex 6.51612 91.5161 47.4
      vertex 6.63905 91.4083 47.4
    endloop
  endfacet
  facet normal 0.659323 0.75186 0
    outer loop
      vertex 6.51612 91.5161 47.4
      vertex 6.63905 91.4083 3.4
      vertex 6.51612 91.5161 3.4
    endloop
  endfacet
  facet normal 0.555406 0.831579 -0
    outer loop
      vertex 6.775 91.3175 3.4
      vertex 6.63905 91.4083 47.4
      vertex 6.775 91.3175 47.4
    endloop
  endfacet
  facet normal 0.555406 0.831579 0
    outer loop
      vertex 6.63905 91.4083 47.4
      vertex 6.775 91.3175 3.4
      vertex 6.63905 91.4083 3.4
    endloop
  endfacet
  facet normal 0.195105 0.980782 -0
    outer loop
      vertex 7.23684 91.1607 3.4
      vertex 7.07648 91.1926 47.4
      vertex 7.23684 91.1607 47.4
    endloop
  endfacet
  facet normal 0.195105 0.980782 0
    outer loop
      vertex 7.07648 91.1926 47.4
      vertex 7.23684 91.1607 3.4
      vertex 7.07648 91.1926 3.4
    endloop
  endfacet
  facet normal 0.75175 0.659448 0
    outer loop
      vertex 6.51612 91.5161 47.4
      vertex 6.40831 91.639 3.4
      vertex 6.40831 91.639 47.4
    endloop
  endfacet
  facet normal 0.75175 0.659448 0
    outer loop
      vertex 6.40831 91.639 3.4
      vertex 6.51612 91.5161 47.4
      vertex 6.51612 91.5161 3.4
    endloop
  endfacet
  facet normal 0.94697 0.321322 0
    outer loop
      vertex 6.24515 91.9216 47.4
      vertex 6.19259 92.0765 3.4
      vertex 6.19259 92.0765 47.4
    endloop
  endfacet
  facet normal 0.94697 0.321322 0
    outer loop
      vertex 6.19259 92.0765 3.4
      vertex 6.24515 91.9216 47.4
      vertex 6.24515 91.9216 3.4
    endloop
  endfacet
  facet normal 0.997862 0.0653624 0
    outer loop
      vertex 6.16069 92.2368 47.4
      vertex 6.15 92.4 3.4
      vertex 6.15 92.4 47.4
    endloop
  endfacet
  facet normal 0.997862 0.0653624 0
    outer loop
      vertex 6.15 92.4 3.4
      vertex 6.16069 92.2368 47.4
      vertex 6.16069 92.2368 3.4
    endloop
  endfacet
  facet normal -0.831372 -0.555716 0
    outer loop
      vertex 8.48253 93.025 3.4
      vertex 8.39169 93.1609 47.4
      vertex 8.39169 93.1609 3.4
    endloop
  endfacet
  facet normal -0.831372 -0.555716 0
    outer loop
      vertex 8.39169 93.1609 47.4
      vertex 8.48253 93.025 3.4
      vertex 8.48253 93.025 47.4
    endloop
  endfacet
  facet normal 0.752016 -0.659145 0
    outer loop
      vertex 6.40831 93.1609 47.4
      vertex 6.51612 93.2839 3.4
      vertex 6.51612 93.2839 47.4
    endloop
  endfacet
  facet normal 0.752016 -0.659145 0
    outer loop
      vertex 6.51612 93.2839 3.4
      vertex 6.40831 93.1609 47.4
      vertex 6.40831 93.1609 3.4
    endloop
  endfacet
  facet normal 0.555406 -0.831579 0
    outer loop
      vertex 6.63905 93.3917 3.4
      vertex 6.775 93.4825 47.4
      vertex 6.63905 93.3917 47.4
    endloop
  endfacet
  facet normal 0.555406 -0.831579 0
    outer loop
      vertex 6.775 93.4825 47.4
      vertex 6.63905 93.3917 3.4
      vertex 6.775 93.4825 3.4
    endloop
  endfacet
  facet normal -0.195105 0.980782 0
    outer loop
      vertex 7.72352 91.1926 3.4
      vertex 7.56316 91.1607 47.4
      vertex 7.72352 91.1926 47.4
    endloop
  endfacet
  facet normal -0.195105 0.980782 0
    outer loop
      vertex 7.56316 91.1607 47.4
      vertex 7.72352 91.1926 3.4
      vertex 7.56316 91.1607 3.4
    endloop
  endfacet
  facet normal -0.94697 0.321322 0
    outer loop
      vertex 8.55485 91.9216 3.4
      vertex 8.60741 92.0765 47.4
      vertex 8.60741 92.0765 3.4
    endloop
  endfacet
  facet normal -0.94697 0.321322 0
    outer loop
      vertex 8.60741 92.0765 47.4
      vertex 8.55485 91.9216 3.4
      vertex 8.55485 91.9216 47.4
    endloop
  endfacet
  facet normal 0.980768 0.195175 0
    outer loop
      vertex 6.19259 92.0765 47.4
      vertex 6.16069 92.2368 3.4
      vertex 6.16069 92.2368 47.4
    endloop
  endfacet
  facet normal 0.980768 0.195175 0
    outer loop
      vertex 6.16069 92.2368 3.4
      vertex 6.19259 92.0765 47.4
      vertex 6.19259 92.0765 3.4
    endloop
  endfacet
  facet normal 0.99785 0.0655331 0
    outer loop
      vertex 150.9 92.4 47.4
      vertex 150.87 92.8568 2.4
      vertex 150.87 92.8568 47.4
    endloop
  endfacet
  facet normal 0.99785 0.0655331 0
    outer loop
      vertex 150.87 92.8568 2.4
      vertex 150.9 92.4 47.4
      vertex 150.9 92.4 2.4
    endloop
  endfacet
  facet normal -0.99785 0.0655331 0
    outer loop
      vertex 143.9 92.4 2.4
      vertex 143.93 92.8568 47.4
      vertex 143.93 92.8568 2.4
    endloop
  endfacet
  facet normal -0.99785 0.0655331 0
    outer loop
      vertex 143.93 92.8568 47.4
      vertex 143.9 92.4 2.4
      vertex 143.9 92.4 47.4
    endloop
  endfacet
  facet normal 0.0652871 0.997867 -0
    outer loop
      vertex 147.857 95.8701 2.4
      vertex 147.4 95.9 47.4
      vertex 147.857 95.8701 47.4
    endloop
  endfacet
  facet normal 0.0652871 0.997867 0
    outer loop
      vertex 147.4 95.9 47.4
      vertex 147.857 95.8701 2.4
      vertex 147.4 95.9 2.4
    endloop
  endfacet
  facet normal -0.0652871 -0.997867 0
    outer loop
      vertex 146.943 88.9299 2.4
      vertex 147.4 88.9 47.4
      vertex 146.943 88.9299 47.4
    endloop
  endfacet
  facet normal -0.0652871 -0.997867 -0
    outer loop
      vertex 147.4 88.9 47.4
      vertex 146.943 88.9299 2.4
      vertex 147.4 88.9 2.4
    endloop
  endfacet
  facet normal -0.751683 -0.659524 0
    outer loop
      vertex 144.925 89.9251 2.4
      vertex 144.623 90.2693 47.4
      vertex 144.623 90.2693 2.4
    endloop
  endfacet
  facet normal -0.751683 -0.659524 0
    outer loop
      vertex 144.623 90.2693 47.4
      vertex 144.925 89.9251 2.4
      vertex 144.925 89.9251 47.4
    endloop
  endfacet
  facet normal 0.751683 0.659524 0
    outer loop
      vertex 150.177 94.5307 47.4
      vertex 149.875 94.8749 2.4
      vertex 149.875 94.8749 47.4
    endloop
  endfacet
  facet normal 0.751683 0.659524 0
    outer loop
      vertex 149.875 94.8749 2.4
      vertex 150.177 94.5307 47.4
      vertex 150.177 94.5307 2.4
    endloop
  endfacet
  facet normal -0.659494 0.75171 0
    outer loop
      vertex 145.269 95.1767 2.4
      vertex 144.925 94.8749 47.4
      vertex 145.269 95.1767 47.4
    endloop
  endfacet
  facet normal -0.659494 0.75171 0
    outer loop
      vertex 144.925 94.8749 47.4
      vertex 145.269 95.1767 2.4
      vertex 144.925 94.8749 2.4
    endloop
  endfacet
  facet normal -0.321668 0.946853 0
    outer loop
      vertex 146.494 95.7807 2.4
      vertex 146.061 95.6336 47.4
      vertex 146.494 95.7807 47.4
    endloop
  endfacet
  facet normal -0.321668 0.946853 0
    outer loop
      vertex 146.061 95.6336 47.4
      vertex 146.494 95.7807 2.4
      vertex 146.061 95.6336 2.4
    endloop
  endfacet
  facet normal 0.896427 0.443192 0
    outer loop
      vertex 150.634 93.7394 47.4
      vertex 150.431 94.15 2.4
      vertex 150.431 94.15 47.4
    endloop
  endfacet
  facet normal 0.896427 0.443192 0
    outer loop
      vertex 150.431 94.15 2.4
      vertex 150.634 93.7394 47.4
      vertex 150.634 93.7394 2.4
    endloop
  endfacet
  facet normal 0.980924 0.194394 0
    outer loop
      vertex 150.87 92.8568 47.4
      vertex 150.781 93.3059 2.4
      vertex 150.781 93.3059 47.4
    endloop
  endfacet
  facet normal 0.980924 0.194394 0
    outer loop
      vertex 150.781 93.3059 2.4
      vertex 150.87 92.8568 47.4
      vertex 150.87 92.8568 2.4
    endloop
  endfacet
  facet normal 0.831849 0.555003 0
    outer loop
      vertex 150.431 94.15 47.4
      vertex 150.177 94.5307 2.4
      vertex 150.177 94.5307 47.4
    endloop
  endfacet
  facet normal 0.831849 0.555003 0
    outer loop
      vertex 150.177 94.5307 2.4
      vertex 150.431 94.15 47.4
      vertex 150.431 94.15 2.4
    endloop
  endfacet
  facet normal 0.441968 0.897031 -0
    outer loop
      vertex 149.15 95.4311 2.4
      vertex 148.739 95.6336 47.4
      vertex 149.15 95.4311 47.4
    endloop
  endfacet
  facet normal 0.441968 0.897031 0
    outer loop
      vertex 148.739 95.6336 47.4
      vertex 149.15 95.4311 2.4
      vertex 148.739 95.6336 2.4
    endloop
  endfacet
  facet normal 0.321668 0.946853 -0
    outer loop
      vertex 148.739 95.6336 2.4
      vertex 148.306 95.7807 47.4
      vertex 148.739 95.6336 47.4
    endloop
  endfacet
  facet normal 0.321668 0.946853 0
    outer loop
      vertex 148.306 95.7807 47.4
      vertex 148.739 95.6336 2.4
      vertex 148.306 95.7807 2.4
    endloop
  endfacet
  facet normal 0.555305 0.831647 -0
    outer loop
      vertex 149.531 95.1767 2.4
      vertex 149.15 95.4311 47.4
      vertex 149.531 95.1767 47.4
    endloop
  endfacet
  facet normal 0.555305 0.831647 0
    outer loop
      vertex 149.15 95.4311 47.4
      vertex 149.531 95.1767 2.4
      vertex 149.15 95.4311 2.4
    endloop
  endfacet
  facet normal -0.896427 0.443192 0
    outer loop
      vertex 144.166 93.7394 2.4
      vertex 144.369 94.15 47.4
      vertex 144.369 94.15 2.4
    endloop
  endfacet
  facet normal -0.896427 0.443192 0
    outer loop
      vertex 144.369 94.15 47.4
      vertex 144.166 93.7394 2.4
      vertex 144.166 93.7394 47.4
    endloop
  endfacet
  facet normal -0.947032 0.321139 0
    outer loop
      vertex 144.019 93.3059 2.4
      vertex 144.166 93.7394 47.4
      vertex 144.166 93.7394 2.4
    endloop
  endfacet
  facet normal -0.947032 0.321139 0
    outer loop
      vertex 144.166 93.7394 47.4
      vertex 144.019 93.3059 2.4
      vertex 144.019 93.3059 47.4
    endloop
  endfacet
  facet normal -0.441968 0.897031 0
    outer loop
      vertex 146.061 95.6336 2.4
      vertex 145.65 95.4311 47.4
      vertex 146.061 95.6336 47.4
    endloop
  endfacet
  facet normal -0.441968 0.897031 0
    outer loop
      vertex 145.65 95.4311 47.4
      vertex 146.061 95.6336 2.4
      vertex 145.65 95.4311 2.4
    endloop
  endfacet
  facet normal -0.195276 0.980748 0
    outer loop
      vertex 146.943 95.8701 2.4
      vertex 146.494 95.7807 47.4
      vertex 146.943 95.8701 47.4
    endloop
  endfacet
  facet normal -0.195276 0.980748 0
    outer loop
      vertex 146.494 95.7807 47.4
      vertex 146.943 95.8701 2.4
      vertex 146.494 95.7807 2.4
    endloop
  endfacet
  facet normal 0.441968 -0.897031 0
    outer loop
      vertex 148.739 89.1664 2.4
      vertex 149.15 89.3689 47.4
      vertex 148.739 89.1664 47.4
    endloop
  endfacet
  facet normal 0.441968 -0.897031 0
    outer loop
      vertex 149.15 89.3689 47.4
      vertex 148.739 89.1664 2.4
      vertex 149.15 89.3689 2.4
    endloop
  endfacet
  facet normal -0.321668 -0.946853 0
    outer loop
      vertex 146.061 89.1664 2.4
      vertex 146.494 89.0193 47.4
      vertex 146.061 89.1664 47.4
    endloop
  endfacet
  facet normal -0.321668 -0.946853 -0
    outer loop
      vertex 146.494 89.0193 47.4
      vertex 146.061 89.1664 2.4
      vertex 146.494 89.0193 2.4
    endloop
  endfacet
  facet normal -0.896427 -0.443192 0
    outer loop
      vertex 144.369 90.65 2.4
      vertex 144.166 91.0606 47.4
      vertex 144.166 91.0606 2.4
    endloop
  endfacet
  facet normal -0.896427 -0.443192 0
    outer loop
      vertex 144.166 91.0606 47.4
      vertex 144.369 90.65 2.4
      vertex 144.369 90.65 47.4
    endloop
  endfacet
  facet normal 0 0 -1
    outer loop
      vertex 150.87 91.9432 2.4
      vertex 150.87 92.8568 2.4
      vertex 150.9 92.4 2.4
    endloop
  endfacet
  facet normal 0 0 -1
    outer loop
      vertex 150.781 91.4941 2.4
      vertex 150.87 92.8568 2.4
      vertex 150.87 91.9432 2.4
    endloop
  endfacet
  facet normal 0 0 -1
    outer loop
      vertex 150.781 91.4941 2.4
      vertex 150.781 93.3059 2.4
      vertex 150.87 92.8568 2.4
    endloop
  endfacet
  facet normal 0 0 -1
    outer loop
      vertex 150.634 91.0606 2.4
      vertex 150.781 93.3059 2.4
      vertex 150.781 91.4941 2.4
    endloop
  endfacet
  facet normal 0 0 -1
    outer loop
      vertex 150.634 91.0606 2.4
      vertex 150.634 93.7394 2.4
      vertex 150.781 93.3059 2.4
    endloop
  endfacet
  facet normal 0 0 -1
    outer loop
      vertex 150.431 90.65 2.4
      vertex 150.634 93.7394 2.4
      vertex 150.634 91.0606 2.4
    endloop
  endfacet
  facet normal 0 0 -1
    outer loop
      vertex 150.431 90.65 2.4
      vertex 150.431 94.15 2.4
      vertex 150.634 93.7394 2.4
    endloop
  endfacet
  facet normal 0 0 -1
    outer loop
      vertex 150.177 90.2693 2.4
      vertex 150.431 94.15 2.4
      vertex 150.431 90.65 2.4
    endloop
  endfacet
  facet normal 0 0 -1
    outer loop
      vertex 150.177 90.2693 2.4
      vertex 150.177 94.5307 2.4
      vertex 150.431 94.15 2.4
    endloop
  endfacet
  facet normal 0 0 -1
    outer loop
      vertex 149.875 89.9251 2.4
      vertex 150.177 94.5307 2.4
      vertex 150.177 90.2693 2.4
    endloop
  endfacet
  facet normal 0 0 -1
    outer loop
      vertex 149.875 89.9251 2.4
      vertex 149.875 94.8749 2.4
      vertex 150.177 94.5307 2.4
    endloop
  endfacet
  facet normal 0 0 -1
    outer loop
      vertex 149.531 89.6233 2.4
      vertex 149.875 94.8749 2.4
      vertex 149.875 89.9251 2.4
    endloop
  endfacet
  facet normal 0 0 -1
    outer loop
      vertex 149.531 89.6233 2.4
      vertex 149.531 95.1767 2.4
      vertex 149.875 94.8749 2.4
    endloop
  endfacet
  facet normal 0 0 -1
    outer loop
      vertex 149.15 89.3689 2.4
      vertex 149.531 95.1767 2.4
      vertex 149.531 89.6233 2.4
    endloop
  endfacet
  facet normal 0 0 -1
    outer loop
      vertex 149.15 89.3689 2.4
      vertex 149.15 95.4311 2.4
      vertex 149.531 95.1767 2.4
    endloop
  endfacet
  facet normal 0 0 -1
    outer loop
      vertex 148.739 89.1664 2.4
      vertex 149.15 95.4311 2.4
      vertex 149.15 89.3689 2.4
    endloop
  endfacet
  facet normal 0 0 -1
    outer loop
      vertex 148.739 89.1664 2.4
      vertex 148.739 95.6336 2.4
      vertex 149.15 95.4311 2.4
    endloop
  endfacet
  facet normal 0 0 -1
    outer loop
      vertex 148.306 89.0193 2.4
      vertex 148.739 95.6336 2.4
      vertex 148.739 89.1664 2.4
    endloop
  endfacet
  facet normal 0 0 -1
    outer loop
      vertex 148.306 89.0193 2.4
      vertex 148.306 95.7807 2.4
      vertex 148.739 95.6336 2.4
    endloop
  endfacet
  facet normal 0 0 -1
    outer loop
      vertex 147.857 88.9299 2.4
      vertex 148.306 95.7807 2.4
      vertex 148.306 89.0193 2.4
    endloop
  endfacet
  facet normal 0 0 -1
    outer loop
      vertex 147.857 88.9299 2.4
      vertex 147.857 95.8701 2.4
      vertex 148.306 95.7807 2.4
    endloop
  endfacet
  facet normal 0 0 -1
    outer loop
      vertex 147.4 88.9 2.4
      vertex 147.857 95.8701 2.4
      vertex 147.857 88.9299 2.4
    endloop
  endfacet
  facet normal 0 0 -1
    outer loop
      vertex 147.4 88.9 2.4
      vertex 147.4 95.9 2.4
      vertex 147.857 95.8701 2.4
    endloop
  endfacet
  facet normal 0 0 -1
    outer loop
      vertex 146.943 88.9299 2.4
      vertex 147.4 95.9 2.4
      vertex 147.4 88.9 2.4
    endloop
  endfacet
  facet normal 0 0 -1
    outer loop
      vertex 146.943 88.9299 2.4
      vertex 146.943 95.8701 2.4
      vertex 147.4 95.9 2.4
    endloop
  endfacet
  facet normal 0 0 -1
    outer loop
      vertex 146.494 89.0193 2.4
      vertex 146.943 95.8701 2.4
      vertex 146.943 88.9299 2.4
    endloop
  endfacet
  facet normal 0 0 -1
    outer loop
      vertex 146.494 89.0193 2.4
      vertex 146.494 95.7807 2.4
      vertex 146.943 95.8701 2.4
    endloop
  endfacet
  facet normal 0 0 -1
    outer loop
      vertex 146.061 89.1664 2.4
      vertex 146.494 95.7807 2.4
      vertex 146.494 89.0193 2.4
    endloop
  endfacet
  facet normal 0 0 -1
    outer loop
      vertex 146.061 89.1664 2.4
      vertex 146.061 95.6336 2.4
      vertex 146.494 95.7807 2.4
    endloop
  endfacet
  facet normal 0 0 -1
    outer loop
      vertex 145.65 89.3689 2.4
      vertex 146.061 95.6336 2.4
      vertex 146.061 89.1664 2.4
    endloop
  endfacet
  facet normal 0 0 -1
    outer loop
      vertex 145.65 89.3689 2.4
      vertex 145.65 95.4311 2.4
      vertex 146.061 95.6336 2.4
    endloop
  endfacet
  facet normal 0 0 -1
    outer loop
      vertex 145.269 89.6233 2.4
      vertex 145.65 95.4311 2.4
      vertex 145.65 89.3689 2.4
    endloop
  endfacet
  facet normal 0 0 -1
    outer loop
      vertex 145.269 89.6233 2.4
      vertex 145.269 95.1767 2.4
      vertex 145.65 95.4311 2.4
    endloop
  endfacet
  facet normal 0 0 -1
    outer loop
      vertex 144.925 89.9251 2.4
      vertex 145.269 95.1767 2.4
      vertex 145.269 89.6233 2.4
    endloop
  endfacet
  facet normal 0 0 -1
    outer loop
      vertex 144.925 89.9251 2.4
      vertex 144.925 94.8749 2.4
      vertex 145.269 95.1767 2.4
    endloop
  endfacet
  facet normal 0 0 -1
    outer loop
      vertex 144.623 90.2693 2.4
      vertex 144.925 94.8749 2.4
      vertex 144.925 89.9251 2.4
    endloop
  endfacet
  facet normal 0 0 -1
    outer loop
      vertex 144.623 90.2693 2.4
      vertex 144.623 94.5307 2.4
      vertex 144.925 94.8749 2.4
    endloop
  endfacet
  facet normal 0 0 -1
    outer loop
      vertex 144.369 90.65 2.4
      vertex 144.623 94.5307 2.4
      vertex 144.623 90.2693 2.4
    endloop
  endfacet
  facet normal 0 0 -1
    outer loop
      vertex 144.369 90.65 2.4
      vertex 144.369 94.15 2.4
      vertex 144.623 94.5307 2.4
    endloop
  endfacet
  facet normal 0 0 -1
    outer loop
      vertex 144.166 91.0606 2.4
      vertex 144.369 94.15 2.4
      vertex 144.369 90.65 2.4
    endloop
  endfacet
  facet normal 0 0 -1
    outer loop
      vertex 144.166 91.0606 2.4
      vertex 144.166 93.7394 2.4
      vertex 144.369 94.15 2.4
    endloop
  endfacet
  facet normal 0 0 -1
    outer loop
      vertex 144.019 91.4941 2.4
      vertex 144.166 93.7394 2.4
      vertex 144.166 91.0606 2.4
    endloop
  endfacet
  facet normal 0 0 -1
    outer loop
      vertex 144.019 91.4941 2.4
      vertex 144.019 93.3059 2.4
      vertex 144.166 93.7394 2.4
    endloop
  endfacet
  facet normal 0 0 -1
    outer loop
      vertex 143.93 91.9432 2.4
      vertex 144.019 93.3059 2.4
      vertex 144.019 91.4941 2.4
    endloop
  endfacet
  facet normal 0 0 -1
    outer loop
      vertex 143.93 91.9432 2.4
      vertex 143.93 92.8568 2.4
      vertex 144.019 93.3059 2.4
    endloop
  endfacet
  facet normal 0 -0 -1
    outer loop
      vertex 143.93 92.8568 2.4
      vertex 143.93 91.9432 2.4
      vertex 143.9 92.4 2.4
    endloop
  endfacet
  facet normal 0.947032 0.321139 0
    outer loop
      vertex 150.781 93.3059 47.4
      vertex 150.634 93.7394 2.4
      vertex 150.634 93.7394 47.4
    endloop
  endfacet
  facet normal 0.947032 0.321139 0
    outer loop
      vertex 150.634 93.7394 2.4
      vertex 150.781 93.3059 47.4
      vertex 150.781 93.3059 2.4
    endloop
  endfacet
  facet normal 0.195276 0.980748 -0
    outer loop
      vertex 148.306 95.7807 2.4
      vertex 147.857 95.8701 47.4
      vertex 148.306 95.7807 47.4
    endloop
  endfacet
  facet normal 0.195276 0.980748 0
    outer loop
      vertex 147.857 95.8701 47.4
      vertex 148.306 95.7807 2.4
      vertex 147.857 95.8701 2.4
    endloop
  endfacet
  facet normal 0.659494 0.75171 -0
    outer loop
      vertex 149.875 94.8749 2.4
      vertex 149.531 95.1767 47.4
      vertex 149.875 94.8749 47.4
    endloop
  endfacet
  facet normal 0.659494 0.75171 0
    outer loop
      vertex 149.531 95.1767 47.4
      vertex 149.875 94.8749 2.4
      vertex 149.531 95.1767 2.4
    endloop
  endfacet
  facet normal -0.831849 0.555003 0
    outer loop
      vertex 144.369 94.15 2.4
      vertex 144.623 94.5307 47.4
      vertex 144.623 94.5307 2.4
    endloop
  endfacet
  facet normal -0.831849 0.555003 0
    outer loop
      vertex 144.623 94.5307 47.4
      vertex 144.369 94.15 2.4
      vertex 144.369 94.15 47.4
    endloop
  endfacet
  facet normal -0.751683 0.659524 0
    outer loop
      vertex 144.623 94.5307 2.4
      vertex 144.925 94.8749 47.4
      vertex 144.925 94.8749 2.4
    endloop
  endfacet
  facet normal -0.751683 0.659524 0
    outer loop
      vertex 144.925 94.8749 47.4
      vertex 144.623 94.5307 2.4
      vertex 144.623 94.5307 47.4
    endloop
  endfacet
  facet normal -0.980924 0.194394 0
    outer loop
      vertex 143.93 92.8568 2.4
      vertex 144.019 93.3059 47.4
      vertex 144.019 93.3059 2.4
    endloop
  endfacet
  facet normal -0.980924 0.194394 0
    outer loop
      vertex 144.019 93.3059 47.4
      vertex 143.93 92.8568 2.4
      vertex 143.93 92.8568 47.4
    endloop
  endfacet
  facet normal 0 0 1
    outer loop
      vertex 148.65 92.4 47.4
      vertex 150.9 92.4 47.4
      vertex 150.87 92.8568 47.4
    endloop
  endfacet
  facet normal 0 0 1
    outer loop
      vertex 148.639 92.5632 47.4
      vertex 150.87 92.8568 47.4
      vertex 150.781 93.3059 47.4
    endloop
  endfacet
  facet normal 0 0 1
    outer loop
      vertex 150.9 92.4 47.4
      vertex 148.65 92.4 47.4
      vertex 150.87 91.9432 47.4
    endloop
  endfacet
  facet normal 0 0 1
    outer loop
      vertex 148.607 92.7235 47.4
      vertex 150.781 93.3059 47.4
      vertex 150.634 93.7394 47.4
    endloop
  endfacet
  facet normal -0 0 1
    outer loop
      vertex 148.639 92.2368 47.4
      vertex 150.87 91.9432 47.4
      vertex 148.65 92.4 47.4
    endloop
  endfacet
  facet normal 0 0 1
    outer loop
      vertex 148.555 92.8784 47.4
      vertex 150.634 93.7394 47.4
      vertex 150.431 94.15 47.4
    endloop
  endfacet
  facet normal 0 0 1
    outer loop
      vertex 150.87 91.9432 47.4
      vertex 148.639 92.2368 47.4
      vertex 150.781 91.4941 47.4
    endloop
  endfacet
  facet normal 0 0 1
    outer loop
      vertex 148.483 93.025 47.4
      vertex 150.431 94.15 47.4
      vertex 150.177 94.5307 47.4
    endloop
  endfacet
  facet normal -0 0 1
    outer loop
      vertex 148.607 92.0765 47.4
      vertex 150.781 91.4941 47.4
      vertex 148.639 92.2368 47.4
    endloop
  endfacet
  facet normal 0 0 1
    outer loop
      vertex 148.392 93.1609 47.4
      vertex 150.177 94.5307 47.4
      vertex 149.875 94.8749 47.4
    endloop
  endfacet
  facet normal 0 0 1
    outer loop
      vertex 150.781 91.4941 47.4
      vertex 148.607 92.0765 47.4
      vertex 150.634 91.0606 47.4
    endloop
  endfacet
  facet normal 0 0 1
    outer loop
      vertex 148.284 93.2839 47.4
      vertex 149.875 94.8749 47.4
      vertex 149.531 95.1767 47.4
    endloop
  endfacet
  facet normal -0 0 1
    outer loop
      vertex 148.555 91.9216 47.4
      vertex 150.634 91.0606 47.4
      vertex 148.607 92.0765 47.4
    endloop
  endfacet
  facet normal 0 0 1
    outer loop
      vertex 148.161 93.3917 47.4
      vertex 149.531 95.1767 47.4
      vertex 149.15 95.4311 47.4
    endloop
  endfacet
  facet normal 0 0 1
    outer loop
      vertex 150.634 91.0606 47.4
      vertex 148.555 91.9216 47.4
      vertex 150.431 90.65 47.4
    endloop
  endfacet
  facet normal 0 0 1
    outer loop
      vertex 148.025 93.4825 47.4
      vertex 149.15 95.4311 47.4
      vertex 148.739 95.6336 47.4
    endloop
  endfacet
  facet normal -0 0 1
    outer loop
      vertex 148.483 91.775 47.4
      vertex 150.431 90.65 47.4
      vertex 148.555 91.9216 47.4
    endloop
  endfacet
  facet normal 0 0 1
    outer loop
      vertex 150.431 90.65 47.4
      vertex 148.483 91.775 47.4
      vertex 150.177 90.2693 47.4
    endloop
  endfacet
  facet normal 0 0 1
    outer loop
      vertex 150.87 92.8568 47.4
      vertex 148.639 92.5632 47.4
      vertex 148.65 92.4 47.4
    endloop
  endfacet
  facet normal 0 0 1
    outer loop
      vertex 150.781 93.3059 47.4
      vertex 148.607 92.7235 47.4
      vertex 148.639 92.5632 47.4
    endloop
  endfacet
  facet normal 0 0 1
    outer loop
      vertex 150.634 93.7394 47.4
      vertex 148.555 92.8784 47.4
      vertex 148.607 92.7235 47.4
    endloop
  endfacet
  facet normal 0 0 1
    outer loop
      vertex 150.431 94.15 47.4
      vertex 148.483 93.025 47.4
      vertex 148.555 92.8784 47.4
    endloop
  endfacet
  facet normal 0 0 1
    outer loop
      vertex 150.177 94.5307 47.4
      vertex 148.392 93.1609 47.4
      vertex 148.483 93.025 47.4
    endloop
  endfacet
  facet normal 0 0 1
    outer loop
      vertex 147.878 93.5548 47.4
      vertex 148.739 95.6336 47.4
      vertex 148.306 95.7807 47.4
    endloop
  endfacet
  facet normal 0 0 1
    outer loop
      vertex 149.875 94.8749 47.4
      vertex 148.284 93.2839 47.4
      vertex 148.392 93.1609 47.4
    endloop
  endfacet
  facet normal 0 0 1
    outer loop
      vertex 149.531 95.1767 47.4
      vertex 148.161 93.3917 47.4
      vertex 148.284 93.2839 47.4
    endloop
  endfacet
  facet normal 0 0 1
    outer loop
      vertex 149.15 95.4311 47.4
      vertex 148.025 93.4825 47.4
      vertex 148.161 93.3917 47.4
    endloop
  endfacet
  facet normal 0 0 1
    outer loop
      vertex 148.739 95.6336 47.4
      vertex 147.878 93.5548 47.4
      vertex 148.025 93.4825 47.4
    endloop
  endfacet
  facet normal 0 0 1
    outer loop
      vertex 147.724 93.6074 47.4
      vertex 148.306 95.7807 47.4
      vertex 147.857 95.8701 47.4
    endloop
  endfacet
  facet normal 0 0 1
    outer loop
      vertex 148.306 95.7807 47.4
      vertex 147.724 93.6074 47.4
      vertex 147.878 93.5548 47.4
    endloop
  endfacet
  facet normal 0 0 1
    outer loop
      vertex 147.857 95.8701 47.4
      vertex 147.563 93.6393 47.4
      vertex 147.724 93.6074 47.4
    endloop
  endfacet
  facet normal 0 0 1
    outer loop
      vertex 147.4 95.9 47.4
      vertex 147.563 93.6393 47.4
      vertex 147.857 95.8701 47.4
    endloop
  endfacet
  facet normal 0 0 1
    outer loop
      vertex 147.4 95.9 47.4
      vertex 147.4 93.65 47.4
      vertex 147.563 93.6393 47.4
    endloop
  endfacet
  facet normal 0 0 1
    outer loop
      vertex 147.4 95.9 47.4
      vertex 147.237 93.6393 47.4
      vertex 147.4 93.65 47.4
    endloop
  endfacet
  facet normal -0 0 1
    outer loop
      vertex 146.943 95.8701 47.4
      vertex 147.237 93.6393 47.4
      vertex 147.4 95.9 47.4
    endloop
  endfacet
  facet normal 0 0 1
    outer loop
      vertex 147.237 93.6393 47.4
      vertex 146.943 95.8701 47.4
      vertex 147.076 93.6074 47.4
    endloop
  endfacet
  facet normal -0 0 1
    outer loop
      vertex 146.494 95.7807 47.4
      vertex 147.076 93.6074 47.4
      vertex 146.943 95.8701 47.4
    endloop
  endfacet
  facet normal 0 0 1
    outer loop
      vertex 147.076 93.6074 47.4
      vertex 146.494 95.7807 47.4
      vertex 146.922 93.5548 47.4
    endloop
  endfacet
  facet normal -0 0 1
    outer loop
      vertex 146.061 95.6336 47.4
      vertex 146.922 93.5548 47.4
      vertex 146.494 95.7807 47.4
    endloop
  endfacet
  facet normal 0 0 1
    outer loop
      vertex 146.922 93.5548 47.4
      vertex 146.061 95.6336 47.4
      vertex 146.775 93.4825 47.4
    endloop
  endfacet
  facet normal -0 0 1
    outer loop
      vertex 145.65 95.4311 47.4
      vertex 146.775 93.4825 47.4
      vertex 146.061 95.6336 47.4
    endloop
  endfacet
  facet normal 0 0 1
    outer loop
      vertex 146.775 93.4825 47.4
      vertex 145.65 95.4311 47.4
      vertex 146.639 93.3917 47.4
    endloop
  endfacet
  facet normal -0 0 1
    outer loop
      vertex 145.269 95.1767 47.4
      vertex 146.639 93.3917 47.4
      vertex 145.65 95.4311 47.4
    endloop
  endfacet
  facet normal 0 0 1
    outer loop
      vertex 146.639 93.3917 47.4
      vertex 145.269 95.1767 47.4
      vertex 146.516 93.2839 47.4
    endloop
  endfacet
  facet normal -0 0 1
    outer loop
      vertex 144.925 94.8749 47.4
      vertex 146.516 93.2839 47.4
      vertex 145.269 95.1767 47.4
    endloop
  endfacet
  facet normal 0 0 1
    outer loop
      vertex 146.516 93.2839 47.4
      vertex 144.925 94.8749 47.4
      vertex 146.408 93.1609 47.4
    endloop
  endfacet
  facet normal 0 0 1
    outer loop
      vertex 146.408 93.1609 47.4
      vertex 144.623 94.5307 47.4
      vertex 146.317 93.025 47.4
    endloop
  endfacet
  facet normal -0 0 1
    outer loop
      vertex 144.623 94.5307 47.4
      vertex 146.408 93.1609 47.4
      vertex 144.925 94.8749 47.4
    endloop
  endfacet
  facet normal -0 0 1
    outer loop
      vertex 148.392 91.639 47.4
      vertex 150.177 90.2693 47.4
      vertex 148.483 91.775 47.4
    endloop
  endfacet
  facet normal 0 0 1
    outer loop
      vertex 150.177 90.2693 47.4
      vertex 148.392 91.639 47.4
      vertex 149.875 89.9251 47.4
    endloop
  endfacet
  facet normal -0 0 1
    outer loop
      vertex 148.284 91.5161 47.4
      vertex 149.875 89.9251 47.4
      vertex 148.392 91.639 47.4
    endloop
  endfacet
  facet normal 0 0 1
    outer loop
      vertex 149.875 89.9251 47.4
      vertex 148.284 91.5161 47.4
      vertex 149.531 89.6233 47.4
    endloop
  endfacet
  facet normal -0 0 1
    outer loop
      vertex 148.161 91.4083 47.4
      vertex 149.531 89.6233 47.4
      vertex 148.284 91.5161 47.4
    endloop
  endfacet
  facet normal 0 0 1
    outer loop
      vertex 149.531 89.6233 47.4
      vertex 148.161 91.4083 47.4
      vertex 149.15 89.3689 47.4
    endloop
  endfacet
  facet normal -0 0 1
    outer loop
      vertex 148.025 91.3175 47.4
      vertex 149.15 89.3689 47.4
      vertex 148.161 91.4083 47.4
    endloop
  endfacet
  facet normal 0 0 1
    outer loop
      vertex 149.15 89.3689 47.4
      vertex 148.025 91.3175 47.4
      vertex 148.739 89.1664 47.4
    endloop
  endfacet
  facet normal -0 0 1
    outer loop
      vertex 147.878 91.2451 47.4
      vertex 148.739 89.1664 47.4
      vertex 148.025 91.3175 47.4
    endloop
  endfacet
  facet normal 0 0 1
    outer loop
      vertex 148.739 89.1664 47.4
      vertex 147.878 91.2451 47.4
      vertex 148.306 89.0193 47.4
    endloop
  endfacet
  facet normal -0 0 1
    outer loop
      vertex 147.724 91.1926 47.4
      vertex 148.306 89.0193 47.4
      vertex 147.878 91.2451 47.4
    endloop
  endfacet
  facet normal 0 0 1
    outer loop
      vertex 148.306 89.0193 47.4
      vertex 147.724 91.1926 47.4
      vertex 147.857 88.9299 47.4
    endloop
  endfacet
  facet normal -0 0 1
    outer loop
      vertex 147.563 91.1607 47.4
      vertex 147.857 88.9299 47.4
      vertex 147.724 91.1926 47.4
    endloop
  endfacet
  facet normal -0 0 1
    outer loop
      vertex 147.4 91.15 47.4
      vertex 147.857 88.9299 47.4
      vertex 147.563 91.1607 47.4
    endloop
  endfacet
  facet normal 0 0 1
    outer loop
      vertex 147.4 91.15 47.4
      vertex 147.4 88.9 47.4
      vertex 147.857 88.9299 47.4
    endloop
  endfacet
  facet normal 0 0 1
    outer loop
      vertex 147.237 91.1607 47.4
      vertex 147.4 88.9 47.4
      vertex 147.4 91.15 47.4
    endloop
  endfacet
  facet normal 0 0 1
    outer loop
      vertex 146.943 88.9299 47.4
      vertex 147.237 91.1607 47.4
      vertex 147.076 91.1926 47.4
    endloop
  endfacet
  facet normal 0 0 1
    outer loop
      vertex 147.237 91.1607 47.4
      vertex 146.943 88.9299 47.4
      vertex 147.4 88.9 47.4
    endloop
  endfacet
  facet normal 0 0 1
    outer loop
      vertex 146.494 89.0193 47.4
      vertex 147.076 91.1926 47.4
      vertex 146.922 91.2451 47.4
    endloop
  endfacet
  facet normal 0 0 1
    outer loop
      vertex 146.061 89.1664 47.4
      vertex 146.922 91.2451 47.4
      vertex 146.775 91.3175 47.4
    endloop
  endfacet
  facet normal 0 0 1
    outer loop
      vertex 145.65 89.3689 47.4
      vertex 146.775 91.3175 47.4
      vertex 146.639 91.4083 47.4
    endloop
  endfacet
  facet normal 0 0 1
    outer loop
      vertex 145.269 89.6233 47.4
      vertex 146.639 91.4083 47.4
      vertex 146.516 91.5161 47.4
    endloop
  endfacet
  facet normal 0 0 1
    outer loop
      vertex 147.076 91.1926 47.4
      vertex 146.494 89.0193 47.4
      vertex 146.943 88.9299 47.4
    endloop
  endfacet
  facet normal 0 0 1
    outer loop
      vertex 144.925 89.9251 47.4
      vertex 146.516 91.5161 47.4
      vertex 146.408 91.639 47.4
    endloop
  endfacet
  facet normal 0 0 1
    outer loop
      vertex 144.623 90.2693 47.4
      vertex 146.408 91.639 47.4
      vertex 146.317 91.775 47.4
    endloop
  endfacet
  facet normal 0 0 1
    outer loop
      vertex 144.369 90.65 47.4
      vertex 146.317 91.775 47.4
      vertex 146.245 91.9216 47.4
    endloop
  endfacet
  facet normal 0 0 1
    outer loop
      vertex 144.166 91.0606 47.4
      vertex 146.245 91.9216 47.4
      vertex 146.193 92.0765 47.4
    endloop
  endfacet
  facet normal 0 0 1
    outer loop
      vertex 144.019 91.4941 47.4
      vertex 146.193 92.0765 47.4
      vertex 146.161 92.2368 47.4
    endloop
  endfacet
  facet normal 0 0 1
    outer loop
      vertex 146.922 91.2451 47.4
      vertex 146.061 89.1664 47.4
      vertex 146.494 89.0193 47.4
    endloop
  endfacet
  facet normal 0 0 1
    outer loop
      vertex 143.93 91.9432 47.4
      vertex 146.161 92.2368 47.4
      vertex 146.15 92.4 47.4
    endloop
  endfacet
  facet normal -0 0 1
    outer loop
      vertex 144.369 94.15 47.4
      vertex 146.317 93.025 47.4
      vertex 144.623 94.5307 47.4
    endloop
  endfacet
  facet normal 0 0 1
    outer loop
      vertex 146.317 93.025 47.4
      vertex 144.369 94.15 47.4
      vertex 146.245 92.8784 47.4
    endloop
  endfacet
  facet normal 0 0 1
    outer loop
      vertex 146.775 91.3175 47.4
      vertex 145.65 89.3689 47.4
      vertex 146.061 89.1664 47.4
    endloop
  endfacet
  facet normal -0 0 1
    outer loop
      vertex 144.166 93.7394 47.4
      vertex 146.245 92.8784 47.4
      vertex 144.369 94.15 47.4
    endloop
  endfacet
  facet normal 0 0 1
    outer loop
      vertex 146.639 91.4083 47.4
      vertex 145.269 89.6233 47.4
      vertex 145.65 89.3689 47.4
    endloop
  endfacet
  facet normal 0 0 1
    outer loop
      vertex 146.245 92.8784 47.4
      vertex 144.166 93.7394 47.4
      vertex 146.193 92.7235 47.4
    endloop
  endfacet
  facet normal 0 0 1
    outer loop
      vertex 146.516 91.5161 47.4
      vertex 144.925 89.9251 47.4
      vertex 145.269 89.6233 47.4
    endloop
  endfacet
  facet normal -0 0 1
    outer loop
      vertex 144.019 93.3059 47.4
      vertex 146.193 92.7235 47.4
      vertex 144.166 93.7394 47.4
    endloop
  endfacet
  facet normal 0 0 1
    outer loop
      vertex 146.408 91.639 47.4
      vertex 144.623 90.2693 47.4
      vertex 144.925 89.9251 47.4
    endloop
  endfacet
  facet normal 0 0 1
    outer loop
      vertex 146.193 92.7235 47.4
      vertex 144.019 93.3059 47.4
      vertex 146.161 92.5632 47.4
    endloop
  endfacet
  facet normal 0 0 1
    outer loop
      vertex 146.317 91.775 47.4
      vertex 144.369 90.65 47.4
      vertex 144.623 90.2693 47.4
    endloop
  endfacet
  facet normal -0 0 1
    outer loop
      vertex 143.93 92.8568 47.4
      vertex 146.161 92.5632 47.4
      vertex 144.019 93.3059 47.4
    endloop
  endfacet
  facet normal 0 0 1
    outer loop
      vertex 146.245 91.9216 47.4
      vertex 144.166 91.0606 47.4
      vertex 144.369 90.65 47.4
    endloop
  endfacet
  facet normal 0 0 1
    outer loop
      vertex 146.161 92.5632 47.4
      vertex 143.93 92.8568 47.4
      vertex 146.15 92.4 47.4
    endloop
  endfacet
  facet normal 0 0 1
    outer loop
      vertex 146.193 92.0765 47.4
      vertex 144.019 91.4941 47.4
      vertex 144.166 91.0606 47.4
    endloop
  endfacet
  facet normal 0 0 1
    outer loop
      vertex 143.9 92.4 47.4
      vertex 146.15 92.4 47.4
      vertex 143.93 92.8568 47.4
    endloop
  endfacet
  facet normal 0 0 1
    outer loop
      vertex 146.161 92.2368 47.4
      vertex 143.93 91.9432 47.4
      vertex 144.019 91.4941 47.4
    endloop
  endfacet
  facet normal 0 0 1
    outer loop
      vertex 146.15 92.4 47.4
      vertex 143.9 92.4 47.4
      vertex 143.93 91.9432 47.4
    endloop
  endfacet
  facet normal -0.555305 0.831647 0
    outer loop
      vertex 145.65 95.4311 2.4
      vertex 145.269 95.1767 47.4
      vertex 145.65 95.4311 47.4
    endloop
  endfacet
  facet normal -0.555305 0.831647 0
    outer loop
      vertex 145.269 95.1767 47.4
      vertex 145.65 95.4311 2.4
      vertex 145.269 95.1767 2.4
    endloop
  endfacet
  facet normal -0.0652871 0.997867 0
    outer loop
      vertex 147.4 95.9 2.4
      vertex 146.943 95.8701 47.4
      vertex 147.4 95.9 47.4
    endloop
  endfacet
  facet normal -0.0652871 0.997867 0
    outer loop
      vertex 146.943 95.8701 47.4
      vertex 147.4 95.9 2.4
      vertex 146.943 95.8701 2.4
    endloop
  endfacet
  facet normal 0.99785 -0.0655331 0
    outer loop
      vertex 150.87 91.9432 47.4
      vertex 150.9 92.4 2.4
      vertex 150.9 92.4 47.4
    endloop
  endfacet
  facet normal 0.99785 -0.0655331 0
    outer loop
      vertex 150.9 92.4 2.4
      vertex 150.87 91.9432 47.4
      vertex 150.87 91.9432 2.4
    endloop
  endfacet
  facet normal 0.0652871 -0.997867 0
    outer loop
      vertex 147.4 88.9 2.4
      vertex 147.857 88.9299 47.4
      vertex 147.4 88.9 47.4
    endloop
  endfacet
  facet normal 0.0652871 -0.997867 0
    outer loop
      vertex 147.857 88.9299 47.4
      vertex 147.4 88.9 2.4
      vertex 147.857 88.9299 2.4
    endloop
  endfacet
  facet normal 0.321668 -0.946853 0
    outer loop
      vertex 148.306 89.0193 2.4
      vertex 148.739 89.1664 47.4
      vertex 148.306 89.0193 47.4
    endloop
  endfacet
  facet normal 0.321668 -0.946853 0
    outer loop
      vertex 148.739 89.1664 47.4
      vertex 148.306 89.0193 2.4
      vertex 148.739 89.1664 2.4
    endloop
  endfacet
  facet normal 0.555305 -0.831647 0
    outer loop
      vertex 149.15 89.3689 2.4
      vertex 149.531 89.6233 47.4
      vertex 149.15 89.3689 47.4
    endloop
  endfacet
  facet normal 0.555305 -0.831647 0
    outer loop
      vertex 149.531 89.6233 47.4
      vertex 149.15 89.3689 2.4
      vertex 149.531 89.6233 2.4
    endloop
  endfacet
  facet normal 0.947032 -0.321139 0
    outer loop
      vertex 150.634 91.0606 47.4
      vertex 150.781 91.4941 2.4
      vertex 150.781 91.4941 47.4
    endloop
  endfacet
  facet normal 0.947032 -0.321139 0
    outer loop
      vertex 150.781 91.4941 2.4
      vertex 150.634 91.0606 47.4
      vertex 150.634 91.0606 2.4
    endloop
  endfacet
  facet normal 0.751683 -0.659524 0
    outer loop
      vertex 149.875 89.9251 47.4
      vertex 150.177 90.2693 2.4
      vertex 150.177 90.2693 47.4
    endloop
  endfacet
  facet normal 0.751683 -0.659524 0
    outer loop
      vertex 150.177 90.2693 2.4
      vertex 149.875 89.9251 47.4
      vertex 149.875 89.9251 2.4
    endloop
  endfacet
  facet normal -0.659494 -0.75171 0
    outer loop
      vertex 144.925 89.9251 2.4
      vertex 145.269 89.6233 47.4
      vertex 144.925 89.9251 47.4
    endloop
  endfacet
  facet normal -0.659494 -0.75171 -0
    outer loop
      vertex 145.269 89.6233 47.4
      vertex 144.925 89.9251 2.4
      vertex 145.269 89.6233 2.4
    endloop
  endfacet
  facet normal -0.441968 -0.897031 0
    outer loop
      vertex 145.65 89.3689 2.4
      vertex 146.061 89.1664 47.4
      vertex 145.65 89.3689 47.4
    endloop
  endfacet
  facet normal -0.441968 -0.897031 -0
    outer loop
      vertex 146.061 89.1664 47.4
      vertex 145.65 89.3689 2.4
      vertex 146.061 89.1664 2.4
    endloop
  endfacet
  facet normal -0.195276 -0.980748 0
    outer loop
      vertex 146.494 89.0193 2.4
      vertex 146.943 88.9299 47.4
      vertex 146.494 89.0193 47.4
    endloop
  endfacet
  facet normal -0.195276 -0.980748 -0
    outer loop
      vertex 146.943 88.9299 47.4
      vertex 146.494 89.0193 2.4
      vertex 146.943 88.9299 2.4
    endloop
  endfacet
  facet normal -0.831849 -0.555003 0
    outer loop
      vertex 144.623 90.2693 2.4
      vertex 144.369 90.65 47.4
      vertex 144.369 90.65 2.4
    endloop
  endfacet
  facet normal -0.831849 -0.555003 0
    outer loop
      vertex 144.369 90.65 47.4
      vertex 144.623 90.2693 2.4
      vertex 144.623 90.2693 47.4
    endloop
  endfacet
  facet normal -0.947032 -0.321139 0
    outer loop
      vertex 144.166 91.0606 2.4
      vertex 144.019 91.4941 47.4
      vertex 144.019 91.4941 2.4
    endloop
  endfacet
  facet normal -0.947032 -0.321139 0
    outer loop
      vertex 144.019 91.4941 47.4
      vertex 144.166 91.0606 2.4
      vertex 144.166 91.0606 47.4
    endloop
  endfacet
  facet normal -0.99785 -0.0655331 0
    outer loop
      vertex 143.93 91.9432 2.4
      vertex 143.9 92.4 47.4
      vertex 143.9 92.4 2.4
    endloop
  endfacet
  facet normal -0.99785 -0.0655331 0
    outer loop
      vertex 143.9 92.4 47.4
      vertex 143.93 91.9432 2.4
      vertex 143.93 91.9432 47.4
    endloop
  endfacet
  facet normal 0.195276 -0.980748 0
    outer loop
      vertex 147.857 88.9299 2.4
      vertex 148.306 89.0193 47.4
      vertex 147.857 88.9299 47.4
    endloop
  endfacet
  facet normal 0.195276 -0.980748 0
    outer loop
      vertex 148.306 89.0193 47.4
      vertex 147.857 88.9299 2.4
      vertex 148.306 89.0193 2.4
    endloop
  endfacet
  facet normal 0.659494 -0.75171 0
    outer loop
      vertex 149.531 89.6233 2.4
      vertex 149.875 89.9251 47.4
      vertex 149.531 89.6233 47.4
    endloop
  endfacet
  facet normal 0.659494 -0.75171 0
    outer loop
      vertex 149.875 89.9251 47.4
      vertex 149.531 89.6233 2.4
      vertex 149.875 89.9251 2.4
    endloop
  endfacet
  facet normal 0.896427 -0.443192 0
    outer loop
      vertex 150.431 90.65 47.4
      vertex 150.634 91.0606 2.4
      vertex 150.634 91.0606 47.4
    endloop
  endfacet
  facet normal 0.896427 -0.443192 0
    outer loop
      vertex 150.634 91.0606 2.4
      vertex 150.431 90.65 47.4
      vertex 150.431 90.65 2.4
    endloop
  endfacet
  facet normal 0.980924 -0.194394 0
    outer loop
      vertex 150.781 91.4941 47.4
      vertex 150.87 91.9432 2.4
      vertex 150.87 91.9432 47.4
    endloop
  endfacet
  facet normal 0.980924 -0.194394 0
    outer loop
      vertex 150.87 91.9432 2.4
      vertex 150.781 91.4941 47.4
      vertex 150.781 91.4941 2.4
    endloop
  endfacet
  facet normal -0.555305 -0.831647 0
    outer loop
      vertex 145.269 89.6233 2.4
      vertex 145.65 89.3689 47.4
      vertex 145.269 89.6233 47.4
    endloop
  endfacet
  facet normal -0.555305 -0.831647 -0
    outer loop
      vertex 145.65 89.3689 47.4
      vertex 145.269 89.6233 2.4
      vertex 145.65 89.3689 2.4
    endloop
  endfacet
  facet normal -0.980924 -0.194394 0
    outer loop
      vertex 144.019 91.4941 2.4
      vertex 143.93 91.9432 47.4
      vertex 143.93 91.9432 2.4
    endloop
  endfacet
  facet normal -0.980924 -0.194394 0
    outer loop
      vertex 143.93 91.9432 47.4
      vertex 144.019 91.4941 2.4
      vertex 144.019 91.4941 47.4
    endloop
  endfacet
  facet normal 0.831849 -0.555003 0
    outer loop
      vertex 150.177 90.2693 47.4
      vertex 150.431 90.65 2.4
      vertex 150.431 90.65 47.4
    endloop
  endfacet
  facet normal 0.831849 -0.555003 0
    outer loop
      vertex 150.431 90.65 2.4
      vertex 150.177 90.2693 47.4
      vertex 150.177 90.2693 2.4
    endloop
  endfacet
  facet normal -0.997736 -0.0672494 0
    outer loop
      vertex 148.65 92.4 3.4
      vertex 148.639 92.5632 47.4
      vertex 148.639 92.5632 3.4
    endloop
  endfacet
  facet normal -0.997736 -0.0672494 0
    outer loop
      vertex 148.639 92.5632 47.4
      vertex 148.65 92.4 3.4
      vertex 148.65 92.4 47.4
    endloop
  endfacet
  facet normal 0.997736 -0.0672494 0
    outer loop
      vertex 146.15 92.4 47.4
      vertex 146.161 92.5632 3.4
      vertex 146.161 92.5632 47.4
    endloop
  endfacet
  facet normal 0.997736 -0.0672494 0
    outer loop
      vertex 146.161 92.5632 3.4
      vertex 146.15 92.4 47.4
      vertex 146.15 92.4 3.4
    endloop
  endfacet
  facet normal -0.0655032 -0.997852 0
    outer loop
      vertex 147.4 93.65 3.4
      vertex 147.563 93.6393 47.4
      vertex 147.4 93.65 47.4
    endloop
  endfacet
  facet normal -0.0655032 -0.997852 -0
    outer loop
      vertex 147.563 93.6393 47.4
      vertex 147.4 93.65 3.4
      vertex 147.563 93.6393 3.4
    endloop
  endfacet
  facet normal 0.0655032 0.997852 -0
    outer loop
      vertex 147.4 91.15 3.4
      vertex 147.237 91.1607 47.4
      vertex 147.4 91.15 47.4
    endloop
  endfacet
  facet normal 0.0655032 0.997852 0
    outer loop
      vertex 147.237 91.1607 47.4
      vertex 147.4 91.15 3.4
      vertex 147.237 91.1607 3.4
    endloop
  endfacet
  facet normal -0.75144 -0.659801 0
    outer loop
      vertex 148.392 93.1609 3.4
      vertex 148.284 93.2839 47.4
      vertex 148.284 93.2839 3.4
    endloop
  endfacet
  facet normal -0.75144 -0.659801 0
    outer loop
      vertex 148.284 93.2839 47.4
      vertex 148.392 93.1609 3.4
      vertex 148.392 93.1609 47.4
    endloop
  endfacet
  facet normal 0.65911 -0.752046 0
    outer loop
      vertex 146.516 93.2839 3.4
      vertex 146.639 93.3917 47.4
      vertex 146.516 93.2839 47.4
    endloop
  endfacet
  facet normal 0.65911 -0.752046 0
    outer loop
      vertex 146.639 93.3917 47.4
      vertex 146.516 93.2839 3.4
      vertex 146.639 93.3917 3.4
    endloop
  endfacet
  facet normal 0.323224 -0.946322 0
    outer loop
      vertex 146.922 93.5548 3.4
      vertex 147.076 93.6074 47.4
      vertex 146.922 93.5548 47.4
    endloop
  endfacet
  facet normal 0.323224 -0.946322 0
    outer loop
      vertex 147.076 93.6074 47.4
      vertex 146.922 93.5548 3.4
      vertex 147.076 93.6074 3.4
    endloop
  endfacet
  facet normal -0.948008 -0.318247 0
    outer loop
      vertex 148.607 92.7235 3.4
      vertex 148.555 92.8784 47.4
      vertex 148.555 92.8784 3.4
    endloop
  endfacet
  facet normal -0.948008 -0.318247 0
    outer loop
      vertex 148.555 92.8784 47.4
      vertex 148.607 92.7235 3.4
      vertex 148.607 92.7235 47.4
    endloop
  endfacet
  facet normal -0.980651 -0.195763 0
    outer loop
      vertex 148.639 92.5632 3.4
      vertex 148.607 92.7235 47.4
      vertex 148.607 92.7235 3.4
    endloop
  endfacet
  facet normal -0.980651 -0.195763 0
    outer loop
      vertex 148.607 92.7235 47.4
      vertex 148.639 92.5632 3.4
      vertex 148.639 92.5632 47.4
    endloop
  endfacet
  facet normal -0.897588 -0.440835 0
    outer loop
      vertex 148.555 92.8784 3.4
      vertex 148.483 93.025 47.4
      vertex 148.483 93.025 3.4
    endloop
  endfacet
  facet normal -0.897588 -0.440835 0
    outer loop
      vertex 148.483 93.025 47.4
      vertex 148.555 92.8784 3.4
      vertex 148.555 92.8784 47.4
    endloop
  endfacet
  facet normal -0.441344 -0.897338 0
    outer loop
      vertex 147.878 93.5548 3.4
      vertex 148.025 93.4825 47.4
      vertex 147.878 93.5548 47.4
    endloop
  endfacet
  facet normal -0.441344 -0.897338 -0
    outer loop
      vertex 148.025 93.4825 47.4
      vertex 147.878 93.5548 3.4
      vertex 148.025 93.4825 3.4
    endloop
  endfacet
  facet normal -0.323224 -0.946322 0
    outer loop
      vertex 147.724 93.6074 3.4
      vertex 147.878 93.5548 47.4
      vertex 147.724 93.6074 47.4
    endloop
  endfacet
  facet normal -0.323224 -0.946322 -0
    outer loop
      vertex 147.878 93.5548 47.4
      vertex 147.724 93.6074 3.4
      vertex 147.878 93.5548 3.4
    endloop
  endfacet
  facet normal -0.555265 -0.831674 0
    outer loop
      vertex 148.025 93.4825 3.4
      vertex 148.161 93.3917 47.4
      vertex 148.025 93.4825 47.4
    endloop
  endfacet
  facet normal -0.555265 -0.831674 -0
    outer loop
      vertex 148.161 93.3917 47.4
      vertex 148.025 93.4825 3.4
      vertex 148.161 93.3917 3.4
    endloop
  endfacet
  facet normal 0.897588 -0.440835 0
    outer loop
      vertex 146.245 92.8784 47.4
      vertex 146.317 93.025 3.4
      vertex 146.317 93.025 47.4
    endloop
  endfacet
  facet normal 0.897588 -0.440835 0
    outer loop
      vertex 146.317 93.025 3.4
      vertex 146.245 92.8784 47.4
      vertex 146.245 92.8784 3.4
    endloop
  endfacet
  facet normal 0.83092 -0.556392 0
    outer loop
      vertex 146.317 93.025 47.4
      vertex 146.408 93.1609 3.4
      vertex 146.408 93.1609 47.4
    endloop
  endfacet
  facet normal 0.83092 -0.556392 0
    outer loop
      vertex 146.408 93.1609 3.4
      vertex 146.317 93.025 47.4
      vertex 146.317 93.025 3.4
    endloop
  endfacet
  facet normal 0.948008 -0.318247 0
    outer loop
      vertex 146.193 92.7235 47.4
      vertex 146.245 92.8784 3.4
      vertex 146.245 92.8784 47.4
    endloop
  endfacet
  facet normal 0.948008 -0.318247 0
    outer loop
      vertex 146.245 92.8784 3.4
      vertex 146.193 92.7235 47.4
      vertex 146.193 92.7235 3.4
    endloop
  endfacet
  facet normal 0.441344 -0.897338 0
    outer loop
      vertex 146.775 93.4825 3.4
      vertex 146.922 93.5548 47.4
      vertex 146.775 93.4825 47.4
    endloop
  endfacet
  facet normal 0.441344 -0.897338 0
    outer loop
      vertex 146.922 93.5548 47.4
      vertex 146.775 93.4825 3.4
      vertex 146.922 93.5548 3.4
    endloop
  endfacet
  facet normal 0.194358 -0.980931 0
    outer loop
      vertex 147.076 93.6074 3.4
      vertex 147.237 93.6393 47.4
      vertex 147.076 93.6074 47.4
    endloop
  endfacet
  facet normal 0.194358 -0.980931 0
    outer loop
      vertex 147.237 93.6393 47.4
      vertex 147.076 93.6074 3.4
      vertex 147.237 93.6393 3.4
    endloop
  endfacet
  facet normal -0.65911 0.752046 0
    outer loop
      vertex 148.284 91.5161 3.4
      vertex 148.161 91.4083 47.4
      vertex 148.284 91.5161 47.4
    endloop
  endfacet
  facet normal -0.65911 0.752046 0
    outer loop
      vertex 148.161 91.4083 47.4
      vertex 148.284 91.5161 3.4
      vertex 148.161 91.4083 3.4
    endloop
  endfacet
  facet normal -0.441835 0.897096 0
    outer loop
      vertex 148.025 91.3175 3.4
      vertex 147.878 91.2451 47.4
      vertex 148.025 91.3175 47.4
    endloop
  endfacet
  facet normal -0.441835 0.897096 0
    outer loop
      vertex 147.878 91.2451 47.4
      vertex 148.025 91.3175 3.4
      vertex 147.878 91.2451 3.4
    endloop
  endfacet
  facet normal -0.897588 0.440835 0
    outer loop
      vertex 148.483 91.775 3.4
      vertex 148.555 91.9216 47.4
      vertex 148.555 91.9216 3.4
    endloop
  endfacet
  facet normal -0.897588 0.440835 0
    outer loop
      vertex 148.555 91.9216 47.4
      vertex 148.483 91.775 3.4
      vertex 148.483 91.775 47.4
    endloop
  endfacet
  facet normal -0.980651 0.195763 0
    outer loop
      vertex 148.607 92.0765 3.4
      vertex 148.639 92.2368 47.4
      vertex 148.639 92.2368 3.4
    endloop
  endfacet
  facet normal -0.980651 0.195763 0
    outer loop
      vertex 148.639 92.2368 47.4
      vertex 148.607 92.0765 3.4
      vertex 148.607 92.0765 47.4
    endloop
  endfacet
  facet normal 0.441835 0.897096 -0
    outer loop
      vertex 146.922 91.2451 3.4
      vertex 146.775 91.3175 47.4
      vertex 146.922 91.2451 47.4
    endloop
  endfacet
  facet normal 0.441835 0.897096 0
    outer loop
      vertex 146.775 91.3175 47.4
      vertex 146.922 91.2451 3.4
      vertex 146.775 91.3175 3.4
    endloop
  endfacet
  facet normal 0.322674 0.94651 -0
    outer loop
      vertex 147.076 91.1926 3.4
      vertex 146.922 91.2451 47.4
      vertex 147.076 91.1926 47.4
    endloop
  endfacet
  facet normal 0.322674 0.94651 0
    outer loop
      vertex 146.922 91.2451 47.4
      vertex 147.076 91.1926 3.4
      vertex 146.922 91.2451 3.4
    endloop
  endfacet
  facet normal 0.897588 0.440835 0
    outer loop
      vertex 146.317 91.775 47.4
      vertex 146.245 91.9216 3.4
      vertex 146.245 91.9216 47.4
    endloop
  endfacet
  facet normal 0.897588 0.440835 0
    outer loop
      vertex 146.245 91.9216 3.4
      vertex 146.317 91.775 47.4
      vertex 146.317 91.775 3.4
    endloop
  endfacet
  facet normal 0.831109 0.55611 0
    outer loop
      vertex 146.408 91.639 47.4
      vertex 146.317 91.775 3.4
      vertex 146.317 91.775 47.4
    endloop
  endfacet
  facet normal 0.831109 0.55611 0
    outer loop
      vertex 146.317 91.775 3.4
      vertex 146.408 91.639 47.4
      vertex 146.408 91.639 3.4
    endloop
  endfacet
  facet normal 0 0 1
    outer loop
      vertex 148.639 92.5632 3.4
      vertex 148.639 92.2368 3.4
      vertex 148.65 92.4 3.4
    endloop
  endfacet
  facet normal 0 0 1
    outer loop
      vertex 148.607 92.7235 3.4
      vertex 148.639 92.2368 3.4
      vertex 148.639 92.5632 3.4
    endloop
  endfacet
  facet normal 0 0 1
    outer loop
      vertex 148.607 92.7235 3.4
      vertex 148.607 92.0765 3.4
      vertex 148.639 92.2368 3.4
    endloop
  endfacet
  facet normal 0 0 1
    outer loop
      vertex 148.555 92.8784 3.4
      vertex 148.607 92.0765 3.4
      vertex 148.607 92.7235 3.4
    endloop
  endfacet
  facet normal 0 0 1
    outer loop
      vertex 148.555 92.8784 3.4
      vertex 148.555 91.9216 3.4
      vertex 148.607 92.0765 3.4
    endloop
  endfacet
  facet normal 0 0 1
    outer loop
      vertex 148.483 93.025 3.4
      vertex 148.555 91.9216 3.4
      vertex 148.555 92.8784 3.4
    endloop
  endfacet
  facet normal 0 0 1
    outer loop
      vertex 148.483 93.025 3.4
      vertex 148.483 91.775 3.4
      vertex 148.555 91.9216 3.4
    endloop
  endfacet
  facet normal 0 0 1
    outer loop
      vertex 148.392 93.1609 3.4
      vertex 148.483 91.775 3.4
      vertex 148.483 93.025 3.4
    endloop
  endfacet
  facet normal 0 0 1
    outer loop
      vertex 148.392 93.1609 3.4
      vertex 148.392 91.639 3.4
      vertex 148.483 91.775 3.4
    endloop
  endfacet
  facet normal 0 0 1
    outer loop
      vertex 148.284 93.2839 3.4
      vertex 148.392 91.639 3.4
      vertex 148.392 93.1609 3.4
    endloop
  endfacet
  facet normal 0 0 1
    outer loop
      vertex 148.284 93.2839 3.4
      vertex 148.284 91.5161 3.4
      vertex 148.392 91.639 3.4
    endloop
  endfacet
  facet normal 0 0 1
    outer loop
      vertex 148.161 93.3917 3.4
      vertex 148.284 91.5161 3.4
      vertex 148.284 93.2839 3.4
    endloop
  endfacet
  facet normal 0 0 1
    outer loop
      vertex 148.161 93.3917 3.4
      vertex 148.161 91.4083 3.4
      vertex 148.284 91.5161 3.4
    endloop
  endfacet
  facet normal 0 0 1
    outer loop
      vertex 148.025 93.4825 3.4
      vertex 148.161 91.4083 3.4
      vertex 148.161 93.3917 3.4
    endloop
  endfacet
  facet normal 0 0 1
    outer loop
      vertex 148.025 93.4825 3.4
      vertex 148.025 91.3175 3.4
      vertex 148.161 91.4083 3.4
    endloop
  endfacet
  facet normal 0 0 1
    outer loop
      vertex 147.878 93.5548 3.4
      vertex 148.025 91.3175 3.4
      vertex 148.025 93.4825 3.4
    endloop
  endfacet
  facet normal 0 0 1
    outer loop
      vertex 147.878 93.5548 3.4
      vertex 147.878 91.2451 3.4
      vertex 148.025 91.3175 3.4
    endloop
  endfacet
  facet normal 0 0 1
    outer loop
      vertex 147.724 93.6074 3.4
      vertex 147.878 91.2451 3.4
      vertex 147.878 93.5548 3.4
    endloop
  endfacet
  facet normal 0 0 1
    outer loop
      vertex 147.724 93.6074 3.4
      vertex 147.724 91.1926 3.4
      vertex 147.878 91.2451 3.4
    endloop
  endfacet
  facet normal 0 0 1
    outer loop
      vertex 147.563 93.6393 3.4
      vertex 147.724 91.1926 3.4
      vertex 147.724 93.6074 3.4
    endloop
  endfacet
  facet normal 0 0 1
    outer loop
      vertex 147.563 93.6393 3.4
      vertex 147.563 91.1607 3.4
      vertex 147.724 91.1926 3.4
    endloop
  endfacet
  facet normal 0 0 1
    outer loop
      vertex 147.4 93.65 3.4
      vertex 147.563 91.1607 3.4
      vertex 147.563 93.6393 3.4
    endloop
  endfacet
  facet normal 0 0 1
    outer loop
      vertex 147.4 93.65 3.4
      vertex 147.4 91.15 3.4
      vertex 147.563 91.1607 3.4
    endloop
  endfacet
  facet normal -0 0 1
    outer loop
      vertex 147.237 93.6393 3.4
      vertex 147.4 91.15 3.4
      vertex 147.4 93.65 3.4
    endloop
  endfacet
  facet normal 0 0 1
    outer loop
      vertex 147.237 93.6393 3.4
      vertex 147.237 91.1607 3.4
      vertex 147.4 91.15 3.4
    endloop
  endfacet
  facet normal -0 0 1
    outer loop
      vertex 147.076 93.6074 3.4
      vertex 147.237 91.1607 3.4
      vertex 147.237 93.6393 3.4
    endloop
  endfacet
  facet normal 0 0 1
    outer loop
      vertex 147.076 93.6074 3.4
      vertex 147.076 91.1926 3.4
      vertex 147.237 91.1607 3.4
    endloop
  endfacet
  facet normal -0 0 1
    outer loop
      vertex 146.922 93.5548 3.4
      vertex 147.076 91.1926 3.4
      vertex 147.076 93.6074 3.4
    endloop
  endfacet
  facet normal 0 0 1
    outer loop
      vertex 146.922 93.5548 3.4
      vertex 146.922 91.2451 3.4
      vertex 147.076 91.1926 3.4
    endloop
  endfacet
  facet normal -0 0 1
    outer loop
      vertex 146.775 93.4825 3.4
      vertex 146.922 91.2451 3.4
      vertex 146.922 93.5548 3.4
    endloop
  endfacet
  facet normal 0 0 1
    outer loop
      vertex 146.775 93.4825 3.4
      vertex 146.775 91.3175 3.4
      vertex 146.922 91.2451 3.4
    endloop
  endfacet
  facet normal -0 0 1
    outer loop
      vertex 146.639 93.3917 3.4
      vertex 146.775 91.3175 3.4
      vertex 146.775 93.4825 3.4
    endloop
  endfacet
  facet normal 0 0 1
    outer loop
      vertex 146.639 93.3917 3.4
      vertex 146.639 91.4083 3.4
      vertex 146.775 91.3175 3.4
    endloop
  endfacet
  facet normal -0 0 1
    outer loop
      vertex 146.516 93.2839 3.4
      vertex 146.639 91.4083 3.4
      vertex 146.639 93.3917 3.4
    endloop
  endfacet
  facet normal 0 0 1
    outer loop
      vertex 146.516 93.2839 3.4
      vertex 146.516 91.5161 3.4
      vertex 146.639 91.4083 3.4
    endloop
  endfacet
  facet normal -0 0 1
    outer loop
      vertex 146.408 93.1609 3.4
      vertex 146.516 91.5161 3.4
      vertex 146.516 93.2839 3.4
    endloop
  endfacet
  facet normal 0 0 1
    outer loop
      vertex 146.408 93.1609 3.4
      vertex 146.408 91.639 3.4
      vertex 146.516 91.5161 3.4
    endloop
  endfacet
  facet normal -0 0 1
    outer loop
      vertex 146.317 93.025 3.4
      vertex 146.408 91.639 3.4
      vertex 146.408 93.1609 3.4
    endloop
  endfacet
  facet normal 0 0 1
    outer loop
      vertex 146.317 93.025 3.4
      vertex 146.317 91.775 3.4
      vertex 146.408 91.639 3.4
    endloop
  endfacet
  facet normal -0 0 1
    outer loop
      vertex 146.245 92.8784 3.4
      vertex 146.317 91.775 3.4
      vertex 146.317 93.025 3.4
    endloop
  endfacet
  facet normal 0 0 1
    outer loop
      vertex 146.245 92.8784 3.4
      vertex 146.245 91.9216 3.4
      vertex 146.317 91.775 3.4
    endloop
  endfacet
  facet normal -0 0 1
    outer loop
      vertex 146.193 92.7235 3.4
      vertex 146.245 91.9216 3.4
      vertex 146.245 92.8784 3.4
    endloop
  endfacet
  facet normal 0 0 1
    outer loop
      vertex 146.193 92.7235 3.4
      vertex 146.193 92.0765 3.4
      vertex 146.245 91.9216 3.4
    endloop
  endfacet
  facet normal -0 0 1
    outer loop
      vertex 146.161 92.5632 3.4
      vertex 146.193 92.0765 3.4
      vertex 146.193 92.7235 3.4
    endloop
  endfacet
  facet normal 0 0 1
    outer loop
      vertex 146.161 92.5632 3.4
      vertex 146.161 92.2368 3.4
      vertex 146.193 92.0765 3.4
    endloop
  endfacet
  facet normal 0 -0 1
    outer loop
      vertex 146.161 92.2368 3.4
      vertex 146.161 92.5632 3.4
      vertex 146.15 92.4 3.4
    endloop
  endfacet
  facet normal -0.194358 -0.980931 0
    outer loop
      vertex 147.563 93.6393 3.4
      vertex 147.724 93.6074 47.4
      vertex 147.563 93.6393 47.4
    endloop
  endfacet
  facet normal -0.194358 -0.980931 -0
    outer loop
      vertex 147.724 93.6074 47.4
      vertex 147.563 93.6393 3.4
      vertex 147.724 93.6074 3.4
    endloop
  endfacet
  facet normal -0.65911 -0.752046 0
    outer loop
      vertex 148.161 93.3917 3.4
      vertex 148.284 93.2839 47.4
      vertex 148.161 93.3917 47.4
    endloop
  endfacet
  facet normal -0.65911 -0.752046 -0
    outer loop
      vertex 148.284 93.2839 47.4
      vertex 148.161 93.3917 3.4
      vertex 148.284 93.2839 3.4
    endloop
  endfacet
  facet normal 0.980651 -0.195763 0
    outer loop
      vertex 146.161 92.5632 47.4
      vertex 146.193 92.7235 3.4
      vertex 146.193 92.7235 47.4
    endloop
  endfacet
  facet normal 0.980651 -0.195763 0
    outer loop
      vertex 146.193 92.7235 3.4
      vertex 146.161 92.5632 47.4
      vertex 146.161 92.5632 3.4
    endloop
  endfacet
  facet normal 0.0655032 -0.997852 0
    outer loop
      vertex 147.237 93.6393 3.4
      vertex 147.4 93.65 47.4
      vertex 147.237 93.6393 47.4
    endloop
  endfacet
  facet normal 0.0655032 -0.997852 0
    outer loop
      vertex 147.4 93.65 47.4
      vertex 147.237 93.6393 3.4
      vertex 147.4 93.65 3.4
    endloop
  endfacet
  facet normal -0.997736 0.0672494 0
    outer loop
      vertex 148.639 92.2368 3.4
      vertex 148.65 92.4 47.4
      vertex 148.65 92.4 3.4
    endloop
  endfacet
  facet normal -0.997736 0.0672494 0
    outer loop
      vertex 148.65 92.4 47.4
      vertex 148.639 92.2368 3.4
      vertex 148.639 92.2368 47.4
    endloop
  endfacet
  facet normal -0.0655032 0.997852 0
    outer loop
      vertex 147.563 91.1607 3.4
      vertex 147.4 91.15 47.4
      vertex 147.563 91.1607 47.4
    endloop
  endfacet
  facet normal -0.0655032 0.997852 0
    outer loop
      vertex 147.4 91.15 47.4
      vertex 147.563 91.1607 3.4
      vertex 147.4 91.15 3.4
    endloop
  endfacet
  facet normal -0.322674 0.94651 0
    outer loop
      vertex 147.878 91.2451 3.4
      vertex 147.724 91.1926 47.4
      vertex 147.878 91.2451 47.4
    endloop
  endfacet
  facet normal -0.322674 0.94651 0
    outer loop
      vertex 147.724 91.1926 47.4
      vertex 147.878 91.2451 3.4
      vertex 147.724 91.1926 3.4
    endloop
  endfacet
  facet normal -0.555265 0.831674 0
    outer loop
      vertex 148.161 91.4083 3.4
      vertex 148.025 91.3175 47.4
      vertex 148.161 91.4083 47.4
    endloop
  endfacet
  facet normal -0.555265 0.831674 0
    outer loop
      vertex 148.025 91.3175 47.4
      vertex 148.161 91.4083 3.4
      vertex 148.025 91.3175 3.4
    endloop
  endfacet
  facet normal -0.751174 0.660104 0
    outer loop
      vertex 148.284 91.5161 3.4
      vertex 148.392 91.639 47.4
      vertex 148.392 91.639 3.4
    endloop
  endfacet
  facet normal -0.751174 0.660104 0
    outer loop
      vertex 148.392 91.639 47.4
      vertex 148.284 91.5161 3.4
      vertex 148.284 91.5161 47.4
    endloop
  endfacet
  facet normal -0.831109 0.55611 0
    outer loop
      vertex 148.392 91.639 3.4
      vertex 148.483 91.775 47.4
      vertex 148.483 91.775 3.4
    endloop
  endfacet
  facet normal -0.831109 0.55611 0
    outer loop
      vertex 148.483 91.775 47.4
      vertex 148.392 91.639 3.4
      vertex 148.392 91.639 47.4
    endloop
  endfacet
  facet normal 0.65911 0.752046 -0
    outer loop
      vertex 146.639 91.4083 3.4
      vertex 146.516 91.5161 47.4
      vertex 146.639 91.4083 47.4
    endloop
  endfacet
  facet normal 0.65911 0.752046 0
    outer loop
      vertex 146.516 91.5161 47.4
      vertex 146.639 91.4083 3.4
      vertex 146.516 91.5161 3.4
    endloop
  endfacet
  facet normal 0.555265 0.831674 -0
    outer loop
      vertex 146.775 91.3175 3.4
      vertex 146.639 91.4083 47.4
      vertex 146.775 91.3175 47.4
    endloop
  endfacet
  facet normal 0.555265 0.831674 0
    outer loop
      vertex 146.639 91.4083 47.4
      vertex 146.775 91.3175 3.4
      vertex 146.639 91.4083 3.4
    endloop
  endfacet
  facet normal 0.194358 0.980931 -0
    outer loop
      vertex 147.237 91.1607 3.4
      vertex 147.076 91.1926 47.4
      vertex 147.237 91.1607 47.4
    endloop
  endfacet
  facet normal 0.194358 0.980931 0
    outer loop
      vertex 147.076 91.1926 47.4
      vertex 147.237 91.1607 3.4
      vertex 147.076 91.1926 3.4
    endloop
  endfacet
  facet normal 0.751174 0.660104 0
    outer loop
      vertex 146.516 91.5161 47.4
      vertex 146.408 91.639 3.4
      vertex 146.408 91.639 47.4
    endloop
  endfacet
  facet normal 0.751174 0.660104 0
    outer loop
      vertex 146.408 91.639 3.4
      vertex 146.516 91.5161 47.4
      vertex 146.516 91.5161 3.4
    endloop
  endfacet
  facet normal 0.948008 0.318247 0
    outer loop
      vertex 146.245 91.9216 47.4
      vertex 146.193 92.0765 3.4
      vertex 146.193 92.0765 47.4
    endloop
  endfacet
  facet normal 0.948008 0.318247 0
    outer loop
      vertex 146.193 92.0765 3.4
      vertex 146.245 91.9216 47.4
      vertex 146.245 91.9216 3.4
    endloop
  endfacet
  facet normal 0.997736 0.0672494 0
    outer loop
      vertex 146.161 92.2368 47.4
      vertex 146.15 92.4 3.4
      vertex 146.15 92.4 47.4
    endloop
  endfacet
  facet normal 0.997736 0.0672494 0
    outer loop
      vertex 146.15 92.4 3.4
      vertex 146.161 92.2368 47.4
      vertex 146.161 92.2368 3.4
    endloop
  endfacet
  facet normal -0.83092 -0.556392 0
    outer loop
      vertex 148.483 93.025 3.4
      vertex 148.392 93.1609 47.4
      vertex 148.392 93.1609 3.4
    endloop
  endfacet
  facet normal -0.83092 -0.556392 0
    outer loop
      vertex 148.392 93.1609 47.4
      vertex 148.483 93.025 3.4
      vertex 148.483 93.025 47.4
    endloop
  endfacet
  facet normal 0.75144 -0.659801 0
    outer loop
      vertex 146.408 93.1609 47.4
      vertex 146.516 93.2839 3.4
      vertex 146.516 93.2839 47.4
    endloop
  endfacet
  facet normal 0.75144 -0.659801 0
    outer loop
      vertex 146.516 93.2839 3.4
      vertex 146.408 93.1609 47.4
      vertex 146.408 93.1609 3.4
    endloop
  endfacet
  facet normal 0.555265 -0.831674 0
    outer loop
      vertex 146.639 93.3917 3.4
      vertex 146.775 93.4825 47.4
      vertex 146.639 93.3917 47.4
    endloop
  endfacet
  facet normal 0.555265 -0.831674 0
    outer loop
      vertex 146.775 93.4825 47.4
      vertex 146.639 93.3917 3.4
      vertex 146.775 93.4825 3.4
    endloop
  endfacet
  facet normal -0.194358 0.980931 0
    outer loop
      vertex 147.724 91.1926 3.4
      vertex 147.563 91.1607 47.4
      vertex 147.724 91.1926 47.4
    endloop
  endfacet
  facet normal -0.194358 0.980931 0
    outer loop
      vertex 147.563 91.1607 47.4
      vertex 147.724 91.1926 3.4
      vertex 147.563 91.1607 3.4
    endloop
  endfacet
  facet normal -0.948008 0.318247 0
    outer loop
      vertex 148.555 91.9216 3.4
      vertex 148.607 92.0765 47.4
      vertex 148.607 92.0765 3.4
    endloop
  endfacet
  facet normal -0.948008 0.318247 0
    outer loop
      vertex 148.607 92.0765 47.4
      vertex 148.555 91.9216 3.4
      vertex 148.555 91.9216 47.4
    endloop
  endfacet
  facet normal 0.980651 0.195763 0
    outer loop
      vertex 146.193 92.0765 47.4
      vertex 146.161 92.2368 3.4
      vertex 146.161 92.2368 47.4
    endloop
  endfacet
  facet normal 0.980651 0.195763 0
    outer loop
      vertex 146.161 92.2368 3.4
      vertex 146.193 92.0765 47.4
      vertex 146.193 92.0765 3.4
    endloop
  endfacet
  facet normal 1 -0 0
    outer loop
      vertex 25 0 11.4
      vertex 25 2.4 2.4
      vertex 25 2.4 11.4
    endloop
  endfacet
  facet normal 1 0 0
    outer loop
      vertex 25 2.4 2.4
      vertex 25 0 11.4
      vertex 25 0 2.4
    endloop
  endfacet
  facet normal 0 0 -1
    outer loop
      vertex 25 0 11.4
      vertex 37 2.4 11.4
      vertex 37 0 11.4
    endloop
  endfacet
  facet normal -0 0 -1
    outer loop
      vertex 37 2.4 11.4
      vertex 25 0 11.4
      vertex 25 2.4 11.4
    endloop
  endfacet
  facet normal -1 0 0
    outer loop
      vertex 37 0 2.4
      vertex 37 2.4 11.4
      vertex 37 2.4 2.4
    endloop
  endfacet
  facet normal -1 -0 0
    outer loop
      vertex 37 2.4 11.4
      vertex 37 0 2.4
      vertex 37 0 11.4
    endloop
  endfacet
  facet normal 1 -0 0
    outer loop
      vertex 60 0 11.4
      vertex 60 2.4 2.4
      vertex 60 2.4 11.4
    endloop
  endfacet
  facet normal 1 0 0
    outer loop
      vertex 60 2.4 2.4
      vertex 60 0 11.4
      vertex 60 0 2.4
    endloop
  endfacet
  facet normal 0 0 -1
    outer loop
      vertex 60 0 11.4
      vertex 72 2.4 11.4
      vertex 72 0 11.4
    endloop
  endfacet
  facet normal -0 0 -1
    outer loop
      vertex 72 2.4 11.4
      vertex 60 0 11.4
      vertex 60 2.4 11.4
    endloop
  endfacet
  facet normal -1 0 0
    outer loop
      vertex 72 0 2.4
      vertex 72 2.4 11.4
      vertex 72 2.4 2.4
    endloop
  endfacet
  facet normal -1 -0 0
    outer loop
      vertex 72 2.4 11.4
      vertex 72 0 2.4
      vertex 72 0 11.4
    endloop
  endfacet
  facet normal 1 -0 0
    outer loop
      vertex 95 0 11.4
      vertex 95 2.4 2.4
      vertex 95 2.4 11.4
    endloop
  endfacet
  facet normal 1 0 0
    outer loop
      vertex 95 2.4 2.4
      vertex 95 0 11.4
      vertex 95 0 2.4
    endloop
  endfacet
  facet normal 0 0 -1
    outer loop
      vertex 95 0 11.4
      vertex 107 2.4 11.4
      vertex 107 0 11.4
    endloop
  endfacet
  facet normal -0 0 -1
    outer loop
      vertex 107 2.4 11.4
      vertex 95 0 11.4
      vertex 95 2.4 11.4
    endloop
  endfacet
  facet normal -1 0 0
    outer loop
      vertex 107 0 2.4
      vertex 107 2.4 11.4
      vertex 107 2.4 2.4
    endloop
  endfacet
  facet normal -1 -0 0
    outer loop
      vertex 107 2.4 11.4
      vertex 107 0 2.4
      vertex 107 0 11.4
    endloop
  endfacet
  facet normal 1 -0 0
    outer loop
      vertex 130 0 11.4
      vertex 130 2.4 2.4
      vertex 130 2.4 11.4
    endloop
  endfacet
  facet normal 1 0 0
    outer loop
      vertex 130 2.4 2.4
      vertex 130 0 11.4
      vertex 130 0 2.4
    endloop
  endfacet
  facet normal 0 0 -1
    outer loop
      vertex 130 0 11.4
      vertex 142 2.4 11.4
      vertex 142 0 11.4
    endloop
  endfacet
  facet normal -0 0 -1
    outer loop
      vertex 142 2.4 11.4
      vertex 130 0 11.4
      vertex 130 2.4 11.4
    endloop
  endfacet
  facet normal -1 0 0
    outer loop
      vertex 142 0 2.4
      vertex 142 2.4 11.4
      vertex 142 2.4 2.4
    endloop
  endfacet
  facet normal -1 -0 0
    outer loop
      vertex 142 2.4 11.4
      vertex 142 0 2.4
      vertex 142 0 11.4
    endloop
  endfacet
  facet normal 1 -0 0
    outer loop
      vertex 30 97.4 41
      vertex 30 99.8 31
      vertex 30 99.8 41
    endloop
  endfacet
  facet normal 1 0 0
    outer loop
      vertex 30 99.8 31
      vertex 30 97.4 41
      vertex 30 97.4 31
    endloop
  endfacet
  facet normal 0 0 -1
    outer loop
      vertex 30 97.4 41
      vertex 33 99.8 41
      vertex 33 97.4 41
    endloop
  endfacet
  facet normal -0 0 -1
    outer loop
      vertex 33 99.8 41
      vertex 30 97.4 41
      vertex 30 99.8 41
    endloop
  endfacet
  facet normal -1 0 0
    outer loop
      vertex 33 97.4 31
      vertex 33 99.8 41
      vertex 33 99.8 31
    endloop
  endfacet
  facet normal -1 -0 0
    outer loop
      vertex 33 99.8 41
      vertex 33 97.4 31
      vertex 33 97.4 41
    endloop
  endfacet
  facet normal -0 0 1
    outer loop
      vertex 30 99.8 31
      vertex 33 97.4 31
      vertex 33 99.8 31
    endloop
  endfacet
  facet normal 0 0 1
    outer loop
      vertex 33 97.4 31
      vertex 30 99.8 31
      vertex 30 97.4 31
    endloop
  endfacet
  facet normal 1 -0 0
    outer loop
      vertex 44 97.4 41
      vertex 44 99.8 31
      vertex 44 99.8 41
    endloop
  endfacet
  facet normal 1 0 0
    outer loop
      vertex 44 99.8 31
      vertex 44 97.4 41
      vertex 44 97.4 31
    endloop
  endfacet
  facet normal 0 0 -1
    outer loop
      vertex 44 97.4 41
      vertex 47 99.8 41
      vertex 47 97.4 41
    endloop
  endfacet
  facet normal -0 0 -1
    outer loop
      vertex 47 99.8 41
      vertex 44 97.4 41
      vertex 44 99.8 41
    endloop
  endfacet
  facet normal -1 0 0
    outer loop
      vertex 47 97.4 31
      vertex 47 99.8 41
      vertex 47 99.8 31
    endloop
  endfacet
  facet normal -1 -0 0
    outer loop
      vertex 47 99.8 41
      vertex 47 97.4 31
      vertex 47 97.4 41
    endloop
  endfacet
  facet normal -0 0 1
    outer loop
      vertex 44 99.8 31
      vertex 47 97.4 31
      vertex 47 99.8 31
    endloop
  endfacet
  facet normal 0 0 1
    outer loop
      vertex 47 97.4 31
      vertex 44 99.8 31
      vertex 44 97.4 31
    endloop
  endfacet
  facet normal 1 -0 0
    outer loop
      vertex 58 97.4 41
      vertex 58 99.8 31
      vertex 58 99.8 41
    endloop
  endfacet
  facet normal 1 0 0
    outer loop
      vertex 58 99.8 31
      vertex 58 97.4 41
      vertex 58 97.4 31
    endloop
  endfacet
  facet normal 0 0 -1
    outer loop
      vertex 58 97.4 41
      vertex 61 99.8 41
      vertex 61 97.4 41
    endloop
  endfacet
  facet normal -0 0 -1
    outer loop
      vertex 61 99.8 41
      vertex 58 97.4 41
      vertex 58 99.8 41
    endloop
  endfacet
  facet normal -1 0 0
    outer loop
      vertex 61 97.4 31
      vertex 61 99.8 41
      vertex 61 99.8 31
    endloop
  endfacet
  facet normal -1 -0 0
    outer loop
      vertex 61 99.8 41
      vertex 61 97.4 31
      vertex 61 97.4 41
    endloop
  endfacet
  facet normal -0 0 1
    outer loop
      vertex 58 99.8 31
      vertex 61 97.4 31
      vertex 61 99.8 31
    endloop
  endfacet
  facet normal 0 0 1
    outer loop
      vertex 61 97.4 31
      vertex 58 99.8 31
      vertex 58 97.4 31
    endloop
  endfacet
  facet normal 1 -0 0
    outer loop
      vertex 72 97.4 41
      vertex 72 99.8 31
      vertex 72 99.8 41
    endloop
  endfacet
  facet normal 1 0 0
    outer loop
      vertex 72 99.8 31
      vertex 72 97.4 41
      vertex 72 97.4 31
    endloop
  endfacet
  facet normal 0 0 -1
    outer loop
      vertex 72 97.4 41
      vertex 75 99.8 41
      vertex 75 97.4 41
    endloop
  endfacet
  facet normal -0 0 -1
    outer loop
      vertex 75 99.8 41
      vertex 72 97.4 41
      vertex 72 99.8 41
    endloop
  endfacet
  facet normal -1 0 0
    outer loop
      vertex 75 97.4 31
      vertex 75 99.8 41
      vertex 75 99.8 31
    endloop
  endfacet
  facet normal -1 -0 0
    outer loop
      vertex 75 99.8 41
      vertex 75 97.4 31
      vertex 75 97.4 41
    endloop
  endfacet
  facet normal -0 0 1
    outer loop
      vertex 72 99.8 31
      vertex 75 97.4 31
      vertex 75 99.8 31
    endloop
  endfacet
  facet normal 0 0 1
    outer loop
      vertex 75 97.4 31
      vertex 72 99.8 31
      vertex 72 97.4 31
    endloop
  endfacet
  facet normal 1 -0 0
    outer loop
      vertex 86 97.4 41
      vertex 86 99.8 31
      vertex 86 99.8 41
    endloop
  endfacet
  facet normal 1 0 0
    outer loop
      vertex 86 99.8 31
      vertex 86 97.4 41
      vertex 86 97.4 31
    endloop
  endfacet
  facet normal 0 0 -1
    outer loop
      vertex 86 97.4 41
      vertex 89 99.8 41
      vertex 89 97.4 41
    endloop
  endfacet
  facet normal -0 0 -1
    outer loop
      vertex 89 99.8 41
      vertex 86 97.4 41
      vertex 86 99.8 41
    endloop
  endfacet
  facet normal -1 0 0
    outer loop
      vertex 89 97.4 31
      vertex 89 99.8 41
      vertex 89 99.8 31
    endloop
  endfacet
  facet normal -1 -0 0
    outer loop
      vertex 89 99.8 41
      vertex 89 97.4 31
      vertex 89 97.4 41
    endloop
  endfacet
  facet normal -0 0 1
    outer loop
      vertex 86 99.8 31
      vertex 89 97.4 31
      vertex 89 99.8 31
    endloop
  endfacet
  facet normal 0 0 1
    outer loop
      vertex 89 97.4 31
      vertex 86 99.8 31
      vertex 86 97.4 31
    endloop
  endfacet
  facet normal 1 -0 0
    outer loop
      vertex 100 97.4 41
      vertex 100 99.8 31
      vertex 100 99.8 41
    endloop
  endfacet
  facet normal 1 0 0
    outer loop
      vertex 100 99.8 31
      vertex 100 97.4 41
      vertex 100 97.4 31
    endloop
  endfacet
  facet normal 0 0 -1
    outer loop
      vertex 100 97.4 41
      vertex 103 99.8 41
      vertex 103 97.4 41
    endloop
  endfacet
  facet normal -0 0 -1
    outer loop
      vertex 103 99.8 41
      vertex 100 97.4 41
      vertex 100 99.8 41
    endloop
  endfacet
  facet normal -1 0 0
    outer loop
      vertex 103 97.4 31
      vertex 103 99.8 41
      vertex 103 99.8 31
    endloop
  endfacet
  facet normal -1 -0 0
    outer loop
      vertex 103 99.8 41
      vertex 103 97.4 31
      vertex 103 97.4 41
    endloop
  endfacet
  facet normal -0 0 1
    outer loop
      vertex 100 99.8 31
      vertex 103 97.4 31
      vertex 103 99.8 31
    endloop
  endfacet
  facet normal 0 0 1
    outer loop
      vertex 103 97.4 31
      vertex 100 99.8 31
      vertex 100 97.4 31
    endloop
  endfacet
  facet normal 1 -0 0
    outer loop
      vertex 114 97.4 41
      vertex 114 99.8 31
      vertex 114 99.8 41
    endloop
  endfacet
  facet normal 1 0 0
    outer loop
      vertex 114 99.8 31
      vertex 114 97.4 41
      vertex 114 97.4 31
    endloop
  endfacet
  facet normal 0 0 -1
    outer loop
      vertex 114 97.4 41
      vertex 117 99.8 41
      vertex 117 97.4 41
    endloop
  endfacet
  facet normal -0 0 -1
    outer loop
      vertex 117 99.8 41
      vertex 114 97.4 41
      vertex 114 99.8 41
    endloop
  endfacet
  facet normal -1 0 0
    outer loop
      vertex 117 97.4 31
      vertex 117 99.8 41
      vertex 117 99.8 31
    endloop
  endfacet
  facet normal -1 -0 0
    outer loop
      vertex 117 99.8 41
      vertex 117 97.4 31
      vertex 117 97.4 41
    endloop
  endfacet
  facet normal -0 0 1
    outer loop
      vertex 114 99.8 31
      vertex 117 97.4 31
      vertex 117 99.8 31
    endloop
  endfacet
  facet normal 0 0 1
    outer loop
      vertex 117 97.4 31
      vertex 114 99.8 31
      vertex 114 97.4 31
    endloop
  endfacet
  facet normal 1 -0 0
    outer loop
      vertex 128 97.4 41
      vertex 128 99.8 31
      vertex 128 99.8 41
    endloop
  endfacet
  facet normal 1 0 0
    outer loop
      vertex 128 99.8 31
      vertex 128 97.4 41
      vertex 128 97.4 31
    endloop
  endfacet
  facet normal 0 0 -1
    outer loop
      vertex 128 97.4 41
      vertex 131 99.8 41
      vertex 131 97.4 41
    endloop
  endfacet
  facet normal -0 0 -1
    outer loop
      vertex 131 99.8 41
      vertex 128 97.4 41
      vertex 128 99.8 41
    endloop
  endfacet
  facet normal -1 0 0
    outer loop
      vertex 131 97.4 31
      vertex 131 99.8 41
      vertex 131 99.8 31
    endloop
  endfacet
  facet normal -1 -0 0
    outer loop
      vertex 131 99.8 41
      vertex 131 97.4 31
      vertex 131 97.4 41
    endloop
  endfacet
  facet normal -0 0 1
    outer loop
      vertex 128 99.8 31
      vertex 131 97.4 31
      vertex 131 99.8 31
    endloop
  endfacet
  facet normal 0 0 1
    outer loop
      vertex 131 97.4 31
      vertex 128 99.8 31
      vertex 128 97.4 31
    endloop
  endfacet
endsolid OpenSCAD_Model
