solid OpenSCAD_Model
  facet normal 0.997858 0.0654116 0
    outer loop
      vertex 16 0 6
      vertex 15.8631 2.08842 0
      vertex 15.8631 2.08842 6
    endloop
  endfacet
  facet normal 0.997858 0.0654116 0
    outer loop
      vertex 15.8631 2.08842 0
      vertex 16 0 6
      vertex 16 0 0
    endloop
  endfacet
  facet normal 0.997858 0.0654116 0
    outer loop
      vertex 16 0 14
      vertex 15.8631 2.08842 11
      vertex 15.8631 2.08842 14
    endloop
  endfacet
  facet normal 0.997858 0.0654116 0
    outer loop
      vertex 15.8631 2.08842 11
      vertex 16 0 14
      vertex 16 0 11
    endloop
  endfacet
  facet normal -0.997858 0.0654116 0
    outer loop
      vertex -16 0 0
      vertex -15.8631 2.08842 6
      vertex -15.8631 2.08842 0
    endloop
  endfacet
  facet normal -0.997858 0.0654116 0
    outer loop
      vertex -15.8631 2.08842 6
      vertex -16 0 0
      vertex -16 0 6
    endloop
  endfacet
  facet normal -0.997858 0.0654116 0
    outer loop
      vertex -16 0 11
      vertex -15.8631 2.08842 14
      vertex -15.8631 2.08842 11
    endloop
  endfacet
  facet normal -0.997858 0.0654116 0
    outer loop
      vertex -15.8631 2.08842 14
      vertex -16 0 11
      vertex -16 0 14
    endloop
  endfacet
  facet normal 0.0654553 0.997855 0
    outer loop
      vertex 2.08842 15.8631 6
      vertex 2 15.8689 3
      vertex 2 15.8689 6
    endloop
  endfacet
  facet normal 0.0654553 0.997855 -0
    outer loop
      vertex 2.08842 15.8631 0
      vertex 2 15.8689 3
      vertex 2.08842 15.8631 6
    endloop
  endfacet
  facet normal 0.0654116 0.997858 -1.29613e-06
    outer loop
      vertex 0 16 0
      vertex 2 15.8689 3
      vertex 2.08842 15.8631 0
    endloop
  endfacet
  facet normal 0.0654096 0.997858 0
    outer loop
      vertex 2 15.8689 3
      vertex 0 16 0
      vertex 0 16 3
    endloop
  endfacet
  facet normal 0.0654553 0.997855 -0
    outer loop
      vertex 2.08842 15.8631 11
      vertex 2 15.8689 14
      vertex 2.08842 15.8631 14
    endloop
  endfacet
  facet normal 0.0654553 0.997855 0
    outer loop
      vertex 2 15.8689 14
      vertex 2.08842 15.8631 11
      vertex 2 15.8689 11
    endloop
  endfacet
  facet normal 0.751826 0.659362 0
    outer loop
      vertex 12.6937 9.74018 6
      vertex 11.3137 11.3137 0
      vertex 11.3137 11.3137 6
    endloop
  endfacet
  facet normal 0.751826 0.659362 0
    outer loop
      vertex 11.3137 11.3137 0
      vertex 12.6937 9.74018 6
      vertex 12.6937 9.74018 0
    endloop
  endfacet
  facet normal 0.751826 0.659362 0
    outer loop
      vertex 12.6937 9.74018 14
      vertex 11.3137 11.3137 11
      vertex 11.3137 11.3137 14
    endloop
  endfacet
  facet normal 0.751826 0.659362 0
    outer loop
      vertex 11.3137 11.3137 11
      vertex 12.6937 9.74018 14
      vertex 12.6937 9.74018 11
    endloop
  endfacet
  facet normal -0.659362 0.751826 0
    outer loop
      vertex -9.74018 12.6937 0
      vertex -11.3137 11.3137 6
      vertex -9.74018 12.6937 6
    endloop
  endfacet
  facet normal -0.659362 0.751826 0
    outer loop
      vertex -11.3137 11.3137 6
      vertex -9.74018 12.6937 0
      vertex -11.3137 11.3137 0
    endloop
  endfacet
  facet normal -0.659362 0.751826 0
    outer loop
      vertex -9.74018 12.6937 11
      vertex -11.3137 11.3137 14
      vertex -9.74018 12.6937 14
    endloop
  endfacet
  facet normal -0.659362 0.751826 0
    outer loop
      vertex -11.3137 11.3137 14
      vertex -9.74018 12.6937 11
      vertex -11.3137 11.3137 11
    endloop
  endfacet
  facet normal -0.321422 0.946936 0
    outer loop
      vertex -4.1411 15.4548 0
      vertex -6.12293 14.7821 6
      vertex -4.1411 15.4548 6
    endloop
  endfacet
  facet normal -0.321422 0.946936 0
    outer loop
      vertex -6.12293 14.7821 6
      vertex -4.1411 15.4548 0
      vertex -6.12293 14.7821 0
    endloop
  endfacet
  facet normal -0.321422 0.946936 0
    outer loop
      vertex -4.1411 15.4548 11
      vertex -6.12293 14.7821 14
      vertex -4.1411 15.4548 14
    endloop
  endfacet
  facet normal -0.321422 0.946936 0
    outer loop
      vertex -6.12293 14.7821 14
      vertex -4.1411 15.4548 11
      vertex -6.12293 14.7821 11
    endloop
  endfacet
  facet normal 0.896867 0.442301 0
    outer loop
      vertex 14.7821 6.12293 6
      vertex 13.8564 8 0
      vertex 13.8564 8 6
    endloop
  endfacet
  facet normal 0.896867 0.442301 0
    outer loop
      vertex 13.8564 8 0
      vertex 14.7821 6.12293 6
      vertex 14.7821 6.12293 0
    endloop
  endfacet
  facet normal 0.896867 0.442301 0
    outer loop
      vertex 14.7821 6.12293 14
      vertex 13.8564 8 11
      vertex 13.8564 8 14
    endloop
  endfacet
  facet normal 0.896867 0.442301 0
    outer loop
      vertex 13.8564 8 11
      vertex 14.7821 6.12293 14
      vertex 14.7821 6.12293 11
    endloop
  endfacet
  facet normal 0.980786 0.195089 0
    outer loop
      vertex 15.8631 2.08842 6
      vertex 15.4548 4.1411 0
      vertex 15.4548 4.1411 6
    endloop
  endfacet
  facet normal 0.980786 0.195089 0
    outer loop
      vertex 15.4548 4.1411 0
      vertex 15.8631 2.08842 6
      vertex 15.8631 2.08842 0
    endloop
  endfacet
  facet normal 0.980786 0.195089 0
    outer loop
      vertex 15.8631 2.08842 14
      vertex 15.4548 4.1411 11
      vertex 15.4548 4.1411 14
    endloop
  endfacet
  facet normal 0.980786 0.195089 0
    outer loop
      vertex 15.4548 4.1411 11
      vertex 15.8631 2.08842 14
      vertex 15.8631 2.08842 11
    endloop
  endfacet
  facet normal 0.831481 0.555553 0
    outer loop
      vertex 13.8564 8 6
      vertex 12.6937 9.74018 0
      vertex 12.6937 9.74018 6
    endloop
  endfacet
  facet normal 0.831481 0.555553 0
    outer loop
      vertex 12.6937 9.74018 0
      vertex 13.8564 8 6
      vertex 13.8564 8 0
    endloop
  endfacet
  facet normal 0.831481 0.555553 0
    outer loop
      vertex 13.8564 8 14
      vertex 12.6937 9.74018 11
      vertex 12.6937 9.74018 14
    endloop
  endfacet
  facet normal 0.831481 0.555553 0
    outer loop
      vertex 12.6937 9.74018 11
      vertex 13.8564 8 14
      vertex 13.8564 8 11
    endloop
  endfacet
  facet normal 0.442301 0.896867 -0
    outer loop
      vertex 8 13.8564 11
      vertex 6.12293 14.7821 14
      vertex 8 13.8564 14
    endloop
  endfacet
  facet normal 0.442301 0.896867 0
    outer loop
      vertex 6.12293 14.7821 14
      vertex 8 13.8564 11
      vertex 6.12293 14.7821 11
    endloop
  endfacet
  facet normal 0.442301 0.896867 -0
    outer loop
      vertex 8 13.8564 0
      vertex 6.12293 14.7821 6
      vertex 8 13.8564 6
    endloop
  endfacet
  facet normal 0.442301 0.896867 0
    outer loop
      vertex 6.12293 14.7821 6
      vertex 8 13.8564 0
      vertex 6.12293 14.7821 0
    endloop
  endfacet
  facet normal 0.321422 0.946936 -0
    outer loop
      vertex 6.12293 14.7821 11
      vertex 4.1411 15.4548 14
      vertex 6.12293 14.7821 14
    endloop
  endfacet
  facet normal 0.321422 0.946936 0
    outer loop
      vertex 4.1411 15.4548 14
      vertex 6.12293 14.7821 11
      vertex 4.1411 15.4548 11
    endloop
  endfacet
  facet normal 0.321422 0.946936 -0
    outer loop
      vertex 6.12293 14.7821 0
      vertex 4.1411 15.4548 6
      vertex 6.12293 14.7821 6
    endloop
  endfacet
  facet normal 0.321422 0.946936 0
    outer loop
      vertex 4.1411 15.4548 6
      vertex 6.12293 14.7821 0
      vertex 4.1411 15.4548 0
    endloop
  endfacet
  facet normal 0.555553 0.831481 -0
    outer loop
      vertex 9.74018 12.6937 0
      vertex 8 13.8564 6
      vertex 9.74018 12.6937 6
    endloop
  endfacet
  facet normal 0.555553 0.831481 0
    outer loop
      vertex 8 13.8564 6
      vertex 9.74018 12.6937 0
      vertex 8 13.8564 0
    endloop
  endfacet
  facet normal 0.555553 0.831481 -0
    outer loop
      vertex 9.74018 12.6937 11
      vertex 8 13.8564 14
      vertex 9.74018 12.6937 14
    endloop
  endfacet
  facet normal 0.555553 0.831481 0
    outer loop
      vertex 8 13.8564 14
      vertex 9.74018 12.6937 11
      vertex 8 13.8564 11
    endloop
  endfacet
  facet normal -0.896867 0.442301 0
    outer loop
      vertex -14.7821 6.12293 0
      vertex -13.8564 8 6
      vertex -13.8564 8 0
    endloop
  endfacet
  facet normal -0.896867 0.442301 0
    outer loop
      vertex -13.8564 8 6
      vertex -14.7821 6.12293 0
      vertex -14.7821 6.12293 6
    endloop
  endfacet
  facet normal -0.896867 0.442301 0
    outer loop
      vertex -14.7821 6.12293 11
      vertex -13.8564 8 14
      vertex -13.8564 8 11
    endloop
  endfacet
  facet normal -0.896867 0.442301 0
    outer loop
      vertex -13.8564 8 14
      vertex -14.7821 6.12293 11
      vertex -14.7821 6.12293 14
    endloop
  endfacet
  facet normal -0.946936 0.321422 0
    outer loop
      vertex -15.4548 4.1411 0
      vertex -14.7821 6.12293 6
      vertex -14.7821 6.12293 0
    endloop
  endfacet
  facet normal -0.946936 0.321422 0
    outer loop
      vertex -14.7821 6.12293 6
      vertex -15.4548 4.1411 0
      vertex -15.4548 4.1411 6
    endloop
  endfacet
  facet normal -0.946936 0.321422 0
    outer loop
      vertex -15.4548 4.1411 11
      vertex -14.7821 6.12293 14
      vertex -14.7821 6.12293 11
    endloop
  endfacet
  facet normal -0.946936 0.321422 0
    outer loop
      vertex -14.7821 6.12293 14
      vertex -15.4548 4.1411 11
      vertex -15.4548 4.1411 14
    endloop
  endfacet
  facet normal -0.442301 0.896867 0
    outer loop
      vertex -6.12293 14.7821 0
      vertex -8 13.8564 6
      vertex -6.12293 14.7821 6
    endloop
  endfacet
  facet normal -0.442301 0.896867 0
    outer loop
      vertex -8 13.8564 6
      vertex -6.12293 14.7821 0
      vertex -8 13.8564 0
    endloop
  endfacet
  facet normal -0.442301 0.896867 0
    outer loop
      vertex -6.12293 14.7821 11
      vertex -8 13.8564 14
      vertex -6.12293 14.7821 14
    endloop
  endfacet
  facet normal -0.442301 0.896867 0
    outer loop
      vertex -8 13.8564 14
      vertex -6.12293 14.7821 11
      vertex -8 13.8564 11
    endloop
  endfacet
  facet normal -0.195089 0.980786 0
    outer loop
      vertex -2.08842 15.8631 0
      vertex -4.1411 15.4548 6
      vertex -2.08842 15.8631 6
    endloop
  endfacet
  facet normal -0.195089 0.980786 0
    outer loop
      vertex -4.1411 15.4548 6
      vertex -2.08842 15.8631 0
      vertex -4.1411 15.4548 0
    endloop
  endfacet
  facet normal -0.195089 0.980786 0
    outer loop
      vertex -2.08842 15.8631 11
      vertex -4.1411 15.4548 14
      vertex -2.08842 15.8631 14
    endloop
  endfacet
  facet normal -0.195089 0.980786 0
    outer loop
      vertex -4.1411 15.4548 14
      vertex -2.08842 15.8631 11
      vertex -4.1411 15.4548 11
    endloop
  endfacet
  facet normal 0.442301 -0.896867 0
    outer loop
      vertex 6.12293 -14.7821 0
      vertex 8 -13.8564 6
      vertex 6.12293 -14.7821 6
    endloop
  endfacet
  facet normal 0.442301 -0.896867 0
    outer loop
      vertex 8 -13.8564 6
      vertex 6.12293 -14.7821 0
      vertex 8 -13.8564 0
    endloop
  endfacet
  facet normal 0.442301 -0.896867 0
    outer loop
      vertex 6.12293 -14.7821 11
      vertex 8 -13.8564 14
      vertex 6.12293 -14.7821 14
    endloop
  endfacet
  facet normal 0.442301 -0.896867 0
    outer loop
      vertex 8 -13.8564 14
      vertex 6.12293 -14.7821 11
      vertex 8 -13.8564 11
    endloop
  endfacet
  facet normal -0.321422 -0.946936 0
    outer loop
      vertex -6.12293 -14.7821 0
      vertex -4.1411 -15.4548 6
      vertex -6.12293 -14.7821 6
    endloop
  endfacet
  facet normal -0.321422 -0.946936 -0
    outer loop
      vertex -4.1411 -15.4548 6
      vertex -6.12293 -14.7821 0
      vertex -4.1411 -15.4548 0
    endloop
  endfacet
  facet normal -0.321422 -0.946936 0
    outer loop
      vertex -6.12293 -14.7821 11
      vertex -4.1411 -15.4548 14
      vertex -6.12293 -14.7821 14
    endloop
  endfacet
  facet normal -0.321422 -0.946936 -0
    outer loop
      vertex -4.1411 -15.4548 14
      vertex -6.12293 -14.7821 11
      vertex -4.1411 -15.4548 11
    endloop
  endfacet
  facet normal -0.896867 -0.442301 0
    outer loop
      vertex -13.8564 -8 0
      vertex -14.7821 -6.12293 6
      vertex -14.7821 -6.12293 0
    endloop
  endfacet
  facet normal -0.896867 -0.442301 0
    outer loop
      vertex -14.7821 -6.12293 6
      vertex -13.8564 -8 0
      vertex -13.8564 -8 6
    endloop
  endfacet
  facet normal -0.896867 -0.442301 0
    outer loop
      vertex -13.8564 -8 11
      vertex -14.7821 -6.12293 14
      vertex -14.7821 -6.12293 11
    endloop
  endfacet
  facet normal -0.896867 -0.442301 0
    outer loop
      vertex -14.7821 -6.12293 14
      vertex -13.8564 -8 11
      vertex -13.8564 -8 14
    endloop
  endfacet
  facet normal 0 0 -1
    outer loop
      vertex 7.5 0 0
      vertex 16 0 0
      vertex 15.8631 -2.08842 0
    endloop
  endfacet
  facet normal 0 0 -1
    outer loop
      vertex 7.43584 -0.978946 0
      vertex 15.8631 -2.08842 0
      vertex 15.4548 -4.1411 0
    endloop
  endfacet
  facet normal 0 0 -1
    outer loop
      vertex 16 0 0
      vertex 7.5 0 0
      vertex 15.8631 2.08842 0
    endloop
  endfacet
  facet normal 0 0 -1
    outer loop
      vertex 7.24444 -1.94114 0
      vertex 15.4548 -4.1411 0
      vertex 14.7821 -6.12293 0
    endloop
  endfacet
  facet normal 0 0 -1
    outer loop
      vertex 7.43584 0.978946 0
      vertex 15.8631 2.08842 0
      vertex 7.5 0 0
    endloop
  endfacet
  facet normal 0 0 -1
    outer loop
      vertex 6.9291 -2.87012 0
      vertex 14.7821 -6.12293 0
      vertex 13.8564 -8 0
    endloop
  endfacet
  facet normal -0 0 -1
    outer loop
      vertex 15.8631 2.08842 0
      vertex 7.43584 0.978946 0
      vertex 15.4548 4.1411 0
    endloop
  endfacet
  facet normal 0 0 -1
    outer loop
      vertex 6.49519 -3.75 0
      vertex 13.8564 -8 0
      vertex 12.6937 -9.74018 0
    endloop
  endfacet
  facet normal 0 0 -1
    outer loop
      vertex 7.24444 1.94114 0
      vertex 15.4548 4.1411 0
      vertex 7.43584 0.978946 0
    endloop
  endfacet
  facet normal 0 0 -1
    outer loop
      vertex 5.95015 -4.56571 0
      vertex 12.6937 -9.74018 0
      vertex 11.3137 -11.3137 0
    endloop
  endfacet
  facet normal -0 0 -1
    outer loop
      vertex 15.4548 4.1411 0
      vertex 7.24444 1.94114 0
      vertex 14.7821 6.12293 0
    endloop
  endfacet
  facet normal 0 0 -1
    outer loop
      vertex 5.3033 -5.3033 0
      vertex 11.3137 -11.3137 0
      vertex 9.74018 -12.6937 0
    endloop
  endfacet
  facet normal 0 0 -1
    outer loop
      vertex 6.9291 2.87012 0
      vertex 14.7821 6.12293 0
      vertex 7.24444 1.94114 0
    endloop
  endfacet
  facet normal 0 0 -1
    outer loop
      vertex 4.56571 -5.95015 0
      vertex 9.74018 -12.6937 0
      vertex 8 -13.8564 0
    endloop
  endfacet
  facet normal -0 0 -1
    outer loop
      vertex 14.7821 6.12293 0
      vertex 6.9291 2.87012 0
      vertex 13.8564 8 0
    endloop
  endfacet
  facet normal 0 0 -1
    outer loop
      vertex 6.49519 3.75 0
      vertex 13.8564 8 0
      vertex 6.9291 2.87012 0
    endloop
  endfacet
  facet normal 0 0 -1
    outer loop
      vertex 15.8631 -2.08842 0
      vertex 7.43584 -0.978946 0
      vertex 7.5 0 0
    endloop
  endfacet
  facet normal 0 0 -1
    outer loop
      vertex 15.4548 -4.1411 0
      vertex 7.24444 -1.94114 0
      vertex 7.43584 -0.978946 0
    endloop
  endfacet
  facet normal 0 0 -1
    outer loop
      vertex 14.7821 -6.12293 0
      vertex 6.9291 -2.87012 0
      vertex 7.24444 -1.94114 0
    endloop
  endfacet
  facet normal 0 0 -1
    outer loop
      vertex 13.8564 -8 0
      vertex 6.49519 -3.75 0
      vertex 6.9291 -2.87012 0
    endloop
  endfacet
  facet normal 0 0 -1
    outer loop
      vertex 3.75 -6.49519 0
      vertex 8 -13.8564 0
      vertex 6.12293 -14.7821 0
    endloop
  endfacet
  facet normal 0 0 -1
    outer loop
      vertex 12.6937 -9.74018 0
      vertex 5.95015 -4.56571 0
      vertex 6.49519 -3.75 0
    endloop
  endfacet
  facet normal 0 0 -1
    outer loop
      vertex 11.3137 -11.3137 0
      vertex 5.3033 -5.3033 0
      vertex 5.95015 -4.56571 0
    endloop
  endfacet
  facet normal 0 0 -1
    outer loop
      vertex 9.74018 -12.6937 0
      vertex 4.56571 -5.95015 0
      vertex 5.3033 -5.3033 0
    endloop
  endfacet
  facet normal 0 0 -1
    outer loop
      vertex 2.87012 -6.9291 0
      vertex 6.12293 -14.7821 0
      vertex 4.1411 -15.4548 0
    endloop
  endfacet
  facet normal 0 0 -1
    outer loop
      vertex 8 -13.8564 0
      vertex 3.75 -6.49519 0
      vertex 4.56571 -5.95015 0
    endloop
  endfacet
  facet normal 0 0 -1
    outer loop
      vertex 6.12293 -14.7821 0
      vertex 2.87012 -6.9291 0
      vertex 3.75 -6.49519 0
    endloop
  endfacet
  facet normal 0 0 -1
    outer loop
      vertex 1.94114 -7.24444 0
      vertex 4.1411 -15.4548 0
      vertex 2.08842 -15.8631 0
    endloop
  endfacet
  facet normal 0 0 -1
    outer loop
      vertex 4.1411 -15.4548 0
      vertex 1.94114 -7.24444 0
      vertex 2.87012 -6.9291 0
    endloop
  endfacet
  facet normal 0 0 -1
    outer loop
      vertex 2.08842 -15.8631 0
      vertex 0.978946 -7.43584 0
      vertex 1.94114 -7.24444 0
    endloop
  endfacet
  facet normal 0 0 -1
    outer loop
      vertex 0 -16 0
      vertex 0.978946 -7.43584 0
      vertex 2.08842 -15.8631 0
    endloop
  endfacet
  facet normal 0 0 -1
    outer loop
      vertex 0 -16 0
      vertex 0 -7.5 0
      vertex 0.978946 -7.43584 0
    endloop
  endfacet
  facet normal 0 0 -1
    outer loop
      vertex 0 -16 0
      vertex -0.978946 -7.43584 0
      vertex 0 -7.5 0
    endloop
  endfacet
  facet normal 0 0 -1
    outer loop
      vertex -2.08842 -15.8631 0
      vertex -0.978946 -7.43584 0
      vertex 0 -16 0
    endloop
  endfacet
  facet normal -0 0 -1
    outer loop
      vertex -0.978946 -7.43584 0
      vertex -2.08842 -15.8631 0
      vertex -1.94114 -7.24444 0
    endloop
  endfacet
  facet normal 0 0 -1
    outer loop
      vertex -4.1411 -15.4548 0
      vertex -1.94114 -7.24444 0
      vertex -2.08842 -15.8631 0
    endloop
  endfacet
  facet normal -0 0 -1
    outer loop
      vertex -1.94114 -7.24444 0
      vertex -4.1411 -15.4548 0
      vertex -2.87012 -6.9291 0
    endloop
  endfacet
  facet normal 0 0 -1
    outer loop
      vertex -6.12293 -14.7821 0
      vertex -2.87012 -6.9291 0
      vertex -4.1411 -15.4548 0
    endloop
  endfacet
  facet normal -0 0 -1
    outer loop
      vertex -2.87012 -6.9291 0
      vertex -6.12293 -14.7821 0
      vertex -3.75 -6.49519 0
    endloop
  endfacet
  facet normal 0 0 -1
    outer loop
      vertex -8 -13.8564 0
      vertex -3.75 -6.49519 0
      vertex -6.12293 -14.7821 0
    endloop
  endfacet
  facet normal -0 0 -1
    outer loop
      vertex -3.75 -6.49519 0
      vertex -8 -13.8564 0
      vertex -4.56571 -5.95015 0
    endloop
  endfacet
  facet normal 0 0 -1
    outer loop
      vertex -9.74018 -12.6937 0
      vertex -4.56571 -5.95015 0
      vertex -8 -13.8564 0
    endloop
  endfacet
  facet normal -0 0 -1
    outer loop
      vertex -4.56571 -5.95015 0
      vertex -9.74018 -12.6937 0
      vertex -5.3033 -5.3033 0
    endloop
  endfacet
  facet normal 0 0 -1
    outer loop
      vertex -11.3137 -11.3137 0
      vertex -5.3033 -5.3033 0
      vertex -9.74018 -12.6937 0
    endloop
  endfacet
  facet normal -0 0 -1
    outer loop
      vertex -5.3033 -5.3033 0
      vertex -11.3137 -11.3137 0
      vertex -5.95015 -4.56571 0
    endloop
  endfacet
  facet normal 0 0 -1
    outer loop
      vertex -12.6937 -9.74018 0
      vertex -5.95015 -4.56571 0
      vertex -11.3137 -11.3137 0
    endloop
  endfacet
  facet normal 0 0 -1
    outer loop
      vertex -13.8564 -8 0
      vertex -6.49519 -3.75 0
      vertex -12.6937 -9.74018 0
    endloop
  endfacet
  facet normal -0 0 -1
    outer loop
      vertex -5.95015 -4.56571 0
      vertex -12.6937 -9.74018 0
      vertex -6.49519 -3.75 0
    endloop
  endfacet
  facet normal -0 0 -1
    outer loop
      vertex 13.8564 8 0
      vertex 6.49519 3.75 0
      vertex 12.6937 9.74018 0
    endloop
  endfacet
  facet normal 0 0 -1
    outer loop
      vertex 5.95015 4.56571 0
      vertex 12.6937 9.74018 0
      vertex 6.49519 3.75 0
    endloop
  endfacet
  facet normal -0 0 -1
    outer loop
      vertex 12.6937 9.74018 0
      vertex 5.95015 4.56571 0
      vertex 11.3137 11.3137 0
    endloop
  endfacet
  facet normal 0 0 -1
    outer loop
      vertex 5.3033 5.3033 0
      vertex 11.3137 11.3137 0
      vertex 5.95015 4.56571 0
    endloop
  endfacet
  facet normal -0 0 -1
    outer loop
      vertex 11.3137 11.3137 0
      vertex 5.3033 5.3033 0
      vertex 9.74018 12.6937 0
    endloop
  endfacet
  facet normal 0 0 -1
    outer loop
      vertex 4.56571 5.95015 0
      vertex 9.74018 12.6937 0
      vertex 5.3033 5.3033 0
    endloop
  endfacet
  facet normal -0 0 -1
    outer loop
      vertex 9.74018 12.6937 0
      vertex 4.56571 5.95015 0
      vertex 8 13.8564 0
    endloop
  endfacet
  facet normal 0 0 -1
    outer loop
      vertex 3.75 6.49519 0
      vertex 8 13.8564 0
      vertex 4.56571 5.95015 0
    endloop
  endfacet
  facet normal -0 0 -1
    outer loop
      vertex 8 13.8564 0
      vertex 3.75 6.49519 0
      vertex 6.12293 14.7821 0
    endloop
  endfacet
  facet normal 0 0 -1
    outer loop
      vertex 2.87012 6.9291 0
      vertex 6.12293 14.7821 0
      vertex 3.75 6.49519 0
    endloop
  endfacet
  facet normal -0 0 -1
    outer loop
      vertex 6.12293 14.7821 0
      vertex 2.87012 6.9291 0
      vertex 4.1411 15.4548 0
    endloop
  endfacet
  facet normal 0 0 -1
    outer loop
      vertex 1.94114 7.24444 0
      vertex 4.1411 15.4548 0
      vertex 2.87012 6.9291 0
    endloop
  endfacet
  facet normal -0 0 -1
    outer loop
      vertex 4.1411 15.4548 0
      vertex 1.94114 7.24444 0
      vertex 2.08842 15.8631 0
    endloop
  endfacet
  facet normal 0 0 -1
    outer loop
      vertex 0.978946 7.43584 0
      vertex 2.08842 15.8631 0
      vertex 1.94114 7.24444 0
    endloop
  endfacet
  facet normal 0 0 -1
    outer loop
      vertex 0 7.5 0
      vertex 2.08842 15.8631 0
      vertex 0.978946 7.43584 0
    endloop
  endfacet
  facet normal 0 0 -1
    outer loop
      vertex 0 7.5 0
      vertex 0 16 0
      vertex 2.08842 15.8631 0
    endloop
  endfacet
  facet normal 0 0 -1
    outer loop
      vertex -0.978946 7.43584 0
      vertex 0 16 0
      vertex 0 7.5 0
    endloop
  endfacet
  facet normal 0 0 -1
    outer loop
      vertex -2.08842 15.8631 0
      vertex -0.978946 7.43584 0
      vertex -1.94114 7.24444 0
    endloop
  endfacet
  facet normal 0 0 -1
    outer loop
      vertex -0.978946 7.43584 0
      vertex -2.08842 15.8631 0
      vertex 0 16 0
    endloop
  endfacet
  facet normal 0 0 -1
    outer loop
      vertex -4.1411 15.4548 0
      vertex -1.94114 7.24444 0
      vertex -2.87012 6.9291 0
    endloop
  endfacet
  facet normal 0 0 -1
    outer loop
      vertex -6.12293 14.7821 0
      vertex -2.87012 6.9291 0
      vertex -3.75 6.49519 0
    endloop
  endfacet
  facet normal 0 0 -1
    outer loop
      vertex -1.94114 7.24444 0
      vertex -4.1411 15.4548 0
      vertex -2.08842 15.8631 0
    endloop
  endfacet
  facet normal 0 0 -1
    outer loop
      vertex -8 13.8564 0
      vertex -3.75 6.49519 0
      vertex -4.56571 5.95015 0
    endloop
  endfacet
  facet normal 0 0 -1
    outer loop
      vertex -9.74018 12.6937 0
      vertex -4.56571 5.95015 0
      vertex -5.3033 5.3033 0
    endloop
  endfacet
  facet normal 0 0 -1
    outer loop
      vertex -11.3137 11.3137 0
      vertex -5.3033 5.3033 0
      vertex -5.95015 4.56571 0
    endloop
  endfacet
  facet normal 0 0 -1
    outer loop
      vertex -2.87012 6.9291 0
      vertex -6.12293 14.7821 0
      vertex -4.1411 15.4548 0
    endloop
  endfacet
  facet normal 0 0 -1
    outer loop
      vertex -12.6937 9.74018 0
      vertex -5.95015 4.56571 0
      vertex -6.49519 3.75 0
    endloop
  endfacet
  facet normal 0 0 -1
    outer loop
      vertex -13.8564 8 0
      vertex -6.49519 3.75 0
      vertex -6.9291 2.87012 0
    endloop
  endfacet
  facet normal 0 0 -1
    outer loop
      vertex -14.7821 6.12293 0
      vertex -6.9291 2.87012 0
      vertex -7.24444 1.94114 0
    endloop
  endfacet
  facet normal 0 0 -1
    outer loop
      vertex -15.4548 4.1411 0
      vertex -7.24444 1.94114 0
      vertex -7.43584 0.978946 0
    endloop
  endfacet
  facet normal 0 0 -1
    outer loop
      vertex -3.75 6.49519 0
      vertex -8 13.8564 0
      vertex -6.12293 14.7821 0
    endloop
  endfacet
  facet normal 0 0 -1
    outer loop
      vertex -15.8631 2.08842 0
      vertex -7.43584 0.978946 0
      vertex -7.5 0 0
    endloop
  endfacet
  facet normal -0 0 -1
    outer loop
      vertex -6.49519 -3.75 0
      vertex -13.8564 -8 0
      vertex -6.9291 -2.87012 0
    endloop
  endfacet
  facet normal 0 0 -1
    outer loop
      vertex -14.7821 -6.12293 0
      vertex -6.9291 -2.87012 0
      vertex -13.8564 -8 0
    endloop
  endfacet
  facet normal 0 0 -1
    outer loop
      vertex -4.56571 5.95015 0
      vertex -9.74018 12.6937 0
      vertex -8 13.8564 0
    endloop
  endfacet
  facet normal -0 0 -1
    outer loop
      vertex -6.9291 -2.87012 0
      vertex -14.7821 -6.12293 0
      vertex -7.24444 -1.94114 0
    endloop
  endfacet
  facet normal 0 0 -1
    outer loop
      vertex -5.3033 5.3033 0
      vertex -11.3137 11.3137 0
      vertex -9.74018 12.6937 0
    endloop
  endfacet
  facet normal 0 0 -1
    outer loop
      vertex -15.4548 -4.1411 0
      vertex -7.24444 -1.94114 0
      vertex -14.7821 -6.12293 0
    endloop
  endfacet
  facet normal 0 0 -1
    outer loop
      vertex -5.95015 4.56571 0
      vertex -12.6937 9.74018 0
      vertex -11.3137 11.3137 0
    endloop
  endfacet
  facet normal -0 0 -1
    outer loop
      vertex -7.24444 -1.94114 0
      vertex -15.4548 -4.1411 0
      vertex -7.43584 -0.978946 0
    endloop
  endfacet
  facet normal 0 0 -1
    outer loop
      vertex -6.49519 3.75 0
      vertex -13.8564 8 0
      vertex -12.6937 9.74018 0
    endloop
  endfacet
  facet normal 0 0 -1
    outer loop
      vertex -15.8631 -2.08842 0
      vertex -7.43584 -0.978946 0
      vertex -15.4548 -4.1411 0
    endloop
  endfacet
  facet normal 0 0 -1
    outer loop
      vertex -6.9291 2.87012 0
      vertex -14.7821 6.12293 0
      vertex -13.8564 8 0
    endloop
  endfacet
  facet normal -0 0 -1
    outer loop
      vertex -7.43584 -0.978946 0
      vertex -15.8631 -2.08842 0
      vertex -7.5 0 0
    endloop
  endfacet
  facet normal 0 0 -1
    outer loop
      vertex -7.24444 1.94114 0
      vertex -15.4548 4.1411 0
      vertex -14.7821 6.12293 0
    endloop
  endfacet
  facet normal 0 0 -1
    outer loop
      vertex -16 0 0
      vertex -7.5 0 0
      vertex -15.8631 -2.08842 0
    endloop
  endfacet
  facet normal 0 0 -1
    outer loop
      vertex -7.43584 0.978946 0
      vertex -15.8631 2.08842 0
      vertex -15.4548 4.1411 0
    endloop
  endfacet
  facet normal 0 0 -1
    outer loop
      vertex -7.5 0 0
      vertex -16 0 0
      vertex -15.8631 2.08842 0
    endloop
  endfacet
  facet normal 0.946936 0.321422 0
    outer loop
      vertex 15.4548 4.1411 6
      vertex 14.7821 6.12293 0
      vertex 14.7821 6.12293 6
    endloop
  endfacet
  facet normal 0.946936 0.321422 0
    outer loop
      vertex 14.7821 6.12293 0
      vertex 15.4548 4.1411 6
      vertex 15.4548 4.1411 0
    endloop
  endfacet
  facet normal 0.946936 0.321422 0
    outer loop
      vertex 15.4548 4.1411 14
      vertex 14.7821 6.12293 11
      vertex 14.7821 6.12293 14
    endloop
  endfacet
  facet normal 0.946936 0.321422 0
    outer loop
      vertex 14.7821 6.12293 11
      vertex 15.4548 4.1411 14
      vertex 15.4548 4.1411 11
    endloop
  endfacet
  facet normal 0.195089 0.980786 -0
    outer loop
      vertex 4.1411 15.4548 0
      vertex 2.08842 15.8631 6
      vertex 4.1411 15.4548 6
    endloop
  endfacet
  facet normal 0.195089 0.980786 0
    outer loop
      vertex 2.08842 15.8631 6
      vertex 4.1411 15.4548 0
      vertex 2.08842 15.8631 0
    endloop
  endfacet
  facet normal 0.195089 0.980786 -0
    outer loop
      vertex 4.1411 15.4548 11
      vertex 2.08842 15.8631 14
      vertex 4.1411 15.4548 14
    endloop
  endfacet
  facet normal 0.195089 0.980786 0
    outer loop
      vertex 2.08842 15.8631 14
      vertex 4.1411 15.4548 11
      vertex 2.08842 15.8631 11
    endloop
  endfacet
  facet normal 0.659362 0.751826 -0
    outer loop
      vertex 11.3137 11.3137 0
      vertex 9.74018 12.6937 6
      vertex 11.3137 11.3137 6
    endloop
  endfacet
  facet normal 0.659362 0.751826 0
    outer loop
      vertex 9.74018 12.6937 6
      vertex 11.3137 11.3137 0
      vertex 9.74018 12.6937 0
    endloop
  endfacet
  facet normal 0.659362 0.751826 -0
    outer loop
      vertex 11.3137 11.3137 11
      vertex 9.74018 12.6937 14
      vertex 11.3137 11.3137 14
    endloop
  endfacet
  facet normal 0.659362 0.751826 0
    outer loop
      vertex 9.74018 12.6937 14
      vertex 11.3137 11.3137 11
      vertex 9.74018 12.6937 11
    endloop
  endfacet
  facet normal -0.831481 0.555553 0
    outer loop
      vertex -13.8564 8 0
      vertex -12.6937 9.74018 6
      vertex -12.6937 9.74018 0
    endloop
  endfacet
  facet normal -0.831481 0.555553 0
    outer loop
      vertex -12.6937 9.74018 6
      vertex -13.8564 8 0
      vertex -13.8564 8 6
    endloop
  endfacet
  facet normal -0.831481 0.555553 0
    outer loop
      vertex -13.8564 8 11
      vertex -12.6937 9.74018 14
      vertex -12.6937 9.74018 11
    endloop
  endfacet
  facet normal -0.831481 0.555553 0
    outer loop
      vertex -12.6937 9.74018 14
      vertex -13.8564 8 11
      vertex -13.8564 8 14
    endloop
  endfacet
  facet normal -0.751826 0.659362 0
    outer loop
      vertex -12.6937 9.74018 0
      vertex -11.3137 11.3137 6
      vertex -11.3137 11.3137 0
    endloop
  endfacet
  facet normal -0.751826 0.659362 0
    outer loop
      vertex -11.3137 11.3137 6
      vertex -12.6937 9.74018 0
      vertex -12.6937 9.74018 6
    endloop
  endfacet
  facet normal -0.751826 0.659362 0
    outer loop
      vertex -12.6937 9.74018 11
      vertex -11.3137 11.3137 14
      vertex -11.3137 11.3137 11
    endloop
  endfacet
  facet normal -0.751826 0.659362 0
    outer loop
      vertex -11.3137 11.3137 14
      vertex -12.6937 9.74018 11
      vertex -12.6937 9.74018 14
    endloop
  endfacet
  facet normal -0.980786 0.195089 0
    outer loop
      vertex -15.8631 2.08842 0
      vertex -15.4548 4.1411 6
      vertex -15.4548 4.1411 0
    endloop
  endfacet
  facet normal -0.980786 0.195089 0
    outer loop
      vertex -15.4548 4.1411 6
      vertex -15.8631 2.08842 0
      vertex -15.8631 2.08842 6
    endloop
  endfacet
  facet normal -0.980786 0.195089 0
    outer loop
      vertex -15.8631 2.08842 11
      vertex -15.4548 4.1411 14
      vertex -15.4548 4.1411 11
    endloop
  endfacet
  facet normal -0.980786 0.195089 0
    outer loop
      vertex -15.4548 4.1411 14
      vertex -15.8631 2.08842 11
      vertex -15.8631 2.08842 14
    endloop
  endfacet
  facet normal -0 0 1
    outer loop
      vertex -2.08842 15.8631 14
      vertex -2 9.97974 14
      vertex -2 15.8689 14
    endloop
  endfacet
  facet normal -0 0 1
    outer loop
      vertex -4.1411 15.4548 14
      vertex -2 9.97974 14
      vertex -2.08842 15.8631 14
    endloop
  endfacet
  facet normal 0 0 1
    outer loop
      vertex -2 9.97974 14
      vertex -4.1411 15.4548 14
      vertex -2.63995 9.85244 14
    endloop
  endfacet
  facet normal 0 0 1
    outer loop
      vertex -2.63995 9.85244 14
      vertex -4.1411 15.4548 14
      vertex -3.90337 9.42357 14
    endloop
  endfacet
  facet normal -0 0 1
    outer loop
      vertex -6.12293 14.7821 14
      vertex -3.90337 9.42357 14
      vertex -4.1411 15.4548 14
    endloop
  endfacet
  facet normal 0 0 1
    outer loop
      vertex -3.90337 9.42357 14
      vertex -6.12293 14.7821 14
      vertex -5.1 8.83346 14
    endloop
  endfacet
  facet normal -0 0 1
    outer loop
      vertex -8 13.8564 14
      vertex -5.1 8.83346 14
      vertex -6.12293 14.7821 14
    endloop
  endfacet
  facet normal 0 0 1
    outer loop
      vertex -5.1 8.83346 14
      vertex -8 13.8564 14
      vertex -6.20937 8.0922 14
    endloop
  endfacet
  facet normal -0 0 1
    outer loop
      vertex -9.74018 12.6937 14
      vertex -6.20937 8.0922 14
      vertex -8 13.8564 14
    endloop
  endfacet
  facet normal 0 0 1
    outer loop
      vertex -6.20937 8.0922 14
      vertex -9.74018 12.6937 14
      vertex -7.21249 7.21249 14
    endloop
  endfacet
  facet normal -0 0 1
    outer loop
      vertex -11.3137 11.3137 14
      vertex -7.21249 7.21249 14
      vertex -9.74018 12.6937 14
    endloop
  endfacet
  facet normal 0 0 1
    outer loop
      vertex -7.21249 7.21249 14
      vertex -11.3137 11.3137 14
      vertex -8.0922 6.20937 14
    endloop
  endfacet
  facet normal -0 0 1
    outer loop
      vertex -12.6937 9.74018 14
      vertex -8.0922 6.20937 14
      vertex -11.3137 11.3137 14
    endloop
  endfacet
  facet normal 0 0 1
    outer loop
      vertex -8.0922 6.20937 14
      vertex -12.6937 9.74018 14
      vertex -8.83346 5.1 14
    endloop
  endfacet
  facet normal -0 0 1
    outer loop
      vertex -13.8564 8 14
      vertex -8.83346 5.1 14
      vertex -12.6937 9.74018 14
    endloop
  endfacet
  facet normal 0 0 1
    outer loop
      vertex -8.83346 5.1 14
      vertex -13.8564 8 14
      vertex -9.42357 3.90337 14
    endloop
  endfacet
  facet normal -0 0 1
    outer loop
      vertex -14.7821 6.12293 14
      vertex -9.42357 3.90337 14
      vertex -13.8564 8 14
    endloop
  endfacet
  facet normal 0 0 1
    outer loop
      vertex 10.2 0 14
      vertex 16 0 14
      vertex 15.8631 2.08842 14
    endloop
  endfacet
  facet normal 0 0 1
    outer loop
      vertex 10.1127 1.33137 14
      vertex 15.8631 2.08842 14
      vertex 15.4548 4.1411 14
    endloop
  endfacet
  facet normal 0 0 1
    outer loop
      vertex 16 0 14
      vertex 10.2 0 14
      vertex 15.8631 -2.08842 14
    endloop
  endfacet
  facet normal 0 0 1
    outer loop
      vertex 9.85244 2.63995 14
      vertex 15.4548 4.1411 14
      vertex 14.7821 6.12293 14
    endloop
  endfacet
  facet normal -0 0 1
    outer loop
      vertex 10.1127 -1.33137 14
      vertex 15.8631 -2.08842 14
      vertex 10.2 0 14
    endloop
  endfacet
  facet normal 0 0 1
    outer loop
      vertex 9.42357 3.90337 14
      vertex 14.7821 6.12293 14
      vertex 13.8564 8 14
    endloop
  endfacet
  facet normal 0 0 1
    outer loop
      vertex 15.8631 -2.08842 14
      vertex 10.1127 -1.33137 14
      vertex 15.4548 -4.1411 14
    endloop
  endfacet
  facet normal 0 0 1
    outer loop
      vertex 8.83346 5.1 14
      vertex 13.8564 8 14
      vertex 12.6937 9.74018 14
    endloop
  endfacet
  facet normal -0 0 1
    outer loop
      vertex 9.85244 -2.63995 14
      vertex 15.4548 -4.1411 14
      vertex 10.1127 -1.33137 14
    endloop
  endfacet
  facet normal 0 0 1
    outer loop
      vertex 8.0922 6.20937 14
      vertex 12.6937 9.74018 14
      vertex 11.3137 11.3137 14
    endloop
  endfacet
  facet normal 0 0 1
    outer loop
      vertex 15.4548 -4.1411 14
      vertex 9.85244 -2.63995 14
      vertex 14.7821 -6.12293 14
    endloop
  endfacet
  facet normal -0 0 1
    outer loop
      vertex 9.42357 -3.90337 14
      vertex 14.7821 -6.12293 14
      vertex 9.85244 -2.63995 14
    endloop
  endfacet
  facet normal 0 0 1
    outer loop
      vertex 15.8631 2.08842 14
      vertex 10.1127 1.33137 14
      vertex 10.2 0 14
    endloop
  endfacet
  facet normal 0 0 1
    outer loop
      vertex 15.4548 4.1411 14
      vertex 9.85244 2.63995 14
      vertex 10.1127 1.33137 14
    endloop
  endfacet
  facet normal 0 0 1
    outer loop
      vertex 7.21249 7.21249 14
      vertex 11.3137 11.3137 14
      vertex 9.74018 12.6937 14
    endloop
  endfacet
  facet normal 0 0 1
    outer loop
      vertex 14.7821 6.12293 14
      vertex 9.42357 3.90337 14
      vertex 9.85244 2.63995 14
    endloop
  endfacet
  facet normal 0 0 1
    outer loop
      vertex 13.8564 8 14
      vertex 8.83346 5.1 14
      vertex 9.42357 3.90337 14
    endloop
  endfacet
  facet normal 0 0 1
    outer loop
      vertex 12.6937 9.74018 14
      vertex 8.0922 6.20937 14
      vertex 8.83346 5.1 14
    endloop
  endfacet
  facet normal 0 0 1
    outer loop
      vertex 6.20937 8.0922 14
      vertex 9.74018 12.6937 14
      vertex 8 13.8564 14
    endloop
  endfacet
  facet normal 0 0 1
    outer loop
      vertex 11.3137 11.3137 14
      vertex 7.21249 7.21249 14
      vertex 8.0922 6.20937 14
    endloop
  endfacet
  facet normal 0 0 1
    outer loop
      vertex 9.74018 12.6937 14
      vertex 6.20937 8.0922 14
      vertex 7.21249 7.21249 14
    endloop
  endfacet
  facet normal 0 0 1
    outer loop
      vertex 5.1 8.83346 14
      vertex 8 13.8564 14
      vertex 6.12293 14.7821 14
    endloop
  endfacet
  facet normal 0 0 1
    outer loop
      vertex 8 13.8564 14
      vertex 5.1 8.83346 14
      vertex 6.20937 8.0922 14
    endloop
  endfacet
  facet normal 0 0 1
    outer loop
      vertex 3.90337 9.42357 14
      vertex 6.12293 14.7821 14
      vertex 4.1411 15.4548 14
    endloop
  endfacet
  facet normal 0 0 1
    outer loop
      vertex 6.12293 14.7821 14
      vertex 3.90337 9.42357 14
      vertex 5.1 8.83346 14
    endloop
  endfacet
  facet normal 0 0 1
    outer loop
      vertex 4.1411 15.4548 14
      vertex 2.63995 9.85244 14
      vertex 3.90337 9.42357 14
    endloop
  endfacet
  facet normal 0 0 1
    outer loop
      vertex 2 9.97974 14
      vertex 4.1411 15.4548 14
      vertex 2.08842 15.8631 14
    endloop
  endfacet
  facet normal 0 0 1
    outer loop
      vertex 2 9.97974 14
      vertex 2.08842 15.8631 14
      vertex 2 15.8689 14
    endloop
  endfacet
  facet normal 0 0 1
    outer loop
      vertex 4.1411 15.4548 14
      vertex 2 9.97974 14
      vertex 2.63995 9.85244 14
    endloop
  endfacet
  facet normal 0 0 1
    outer loop
      vertex 14.7821 -6.12293 14
      vertex 9.42357 -3.90337 14
      vertex 13.8564 -8 14
    endloop
  endfacet
  facet normal -0 0 1
    outer loop
      vertex 8.83346 -5.1 14
      vertex 13.8564 -8 14
      vertex 9.42357 -3.90337 14
    endloop
  endfacet
  facet normal 0 0 1
    outer loop
      vertex 13.8564 -8 14
      vertex 8.83346 -5.1 14
      vertex 12.6937 -9.74018 14
    endloop
  endfacet
  facet normal -0 0 1
    outer loop
      vertex 8.0922 -6.20937 14
      vertex 12.6937 -9.74018 14
      vertex 8.83346 -5.1 14
    endloop
  endfacet
  facet normal 0 0 1
    outer loop
      vertex 12.6937 -9.74018 14
      vertex 8.0922 -6.20937 14
      vertex 11.3137 -11.3137 14
    endloop
  endfacet
  facet normal -0 0 1
    outer loop
      vertex 7.21249 -7.21249 14
      vertex 11.3137 -11.3137 14
      vertex 8.0922 -6.20937 14
    endloop
  endfacet
  facet normal 0 0 1
    outer loop
      vertex 11.3137 -11.3137 14
      vertex 7.21249 -7.21249 14
      vertex 9.74018 -12.6937 14
    endloop
  endfacet
  facet normal -0 0 1
    outer loop
      vertex 6.20937 -8.0922 14
      vertex 9.74018 -12.6937 14
      vertex 7.21249 -7.21249 14
    endloop
  endfacet
  facet normal 0 0 1
    outer loop
      vertex 9.74018 -12.6937 14
      vertex 6.20937 -8.0922 14
      vertex 8 -13.8564 14
    endloop
  endfacet
  facet normal -0 0 1
    outer loop
      vertex 5.1 -8.83346 14
      vertex 8 -13.8564 14
      vertex 6.20937 -8.0922 14
    endloop
  endfacet
  facet normal 0 0 1
    outer loop
      vertex 8 -13.8564 14
      vertex 5.1 -8.83346 14
      vertex 6.12293 -14.7821 14
    endloop
  endfacet
  facet normal -0 0 1
    outer loop
      vertex 3.90337 -9.42357 14
      vertex 6.12293 -14.7821 14
      vertex 5.1 -8.83346 14
    endloop
  endfacet
  facet normal 0 0 1
    outer loop
      vertex 6.12293 -14.7821 14
      vertex 3.90337 -9.42357 14
      vertex 4.1411 -15.4548 14
    endloop
  endfacet
  facet normal -0 0 1
    outer loop
      vertex 2.63995 -9.85244 14
      vertex 4.1411 -15.4548 14
      vertex 3.90337 -9.42357 14
    endloop
  endfacet
  facet normal 0 0 1
    outer loop
      vertex 2.63995 -9.85244 14
      vertex 2.08842 -15.8631 14
      vertex 4.1411 -15.4548 14
    endloop
  endfacet
  facet normal -0 0 1
    outer loop
      vertex 1.33137 -10.1127 14
      vertex 2.08842 -15.8631 14
      vertex 2.63995 -9.85244 14
    endloop
  endfacet
  facet normal -0 0 1
    outer loop
      vertex 0 -10.2 14
      vertex 2.08842 -15.8631 14
      vertex 1.33137 -10.1127 14
    endloop
  endfacet
  facet normal 0 0 1
    outer loop
      vertex 0 -10.2 14
      vertex 0 -16 14
      vertex 2.08842 -15.8631 14
    endloop
  endfacet
  facet normal 0 0 1
    outer loop
      vertex -1.33137 -10.1127 14
      vertex 0 -16 14
      vertex 0 -10.2 14
    endloop
  endfacet
  facet normal 0 0 1
    outer loop
      vertex -1.33137 -10.1127 14
      vertex -2.08842 -15.8631 14
      vertex 0 -16 14
    endloop
  endfacet
  facet normal 0 0 1
    outer loop
      vertex -2.63995 -9.85244 14
      vertex -2.08842 -15.8631 14
      vertex -1.33137 -10.1127 14
    endloop
  endfacet
  facet normal 0 0 1
    outer loop
      vertex -4.1411 -15.4548 14
      vertex -2.63995 -9.85244 14
      vertex -3.90337 -9.42357 14
    endloop
  endfacet
  facet normal 0 0 1
    outer loop
      vertex -2.63995 -9.85244 14
      vertex -4.1411 -15.4548 14
      vertex -2.08842 -15.8631 14
    endloop
  endfacet
  facet normal 0 0 1
    outer loop
      vertex -6.12293 -14.7821 14
      vertex -3.90337 -9.42357 14
      vertex -5.1 -8.83346 14
    endloop
  endfacet
  facet normal 0 0 1
    outer loop
      vertex -3.90337 -9.42357 14
      vertex -6.12293 -14.7821 14
      vertex -4.1411 -15.4548 14
    endloop
  endfacet
  facet normal 0 0 1
    outer loop
      vertex -8 -13.8564 14
      vertex -5.1 -8.83346 14
      vertex -6.20937 -8.0922 14
    endloop
  endfacet
  facet normal 0 0 1
    outer loop
      vertex -9.74018 -12.6937 14
      vertex -6.20937 -8.0922 14
      vertex -7.21249 -7.21249 14
    endloop
  endfacet
  facet normal 0 0 1
    outer loop
      vertex -5.1 -8.83346 14
      vertex -8 -13.8564 14
      vertex -6.12293 -14.7821 14
    endloop
  endfacet
  facet normal 0 0 1
    outer loop
      vertex -11.3137 -11.3137 14
      vertex -7.21249 -7.21249 14
      vertex -8.0922 -6.20937 14
    endloop
  endfacet
  facet normal 0 0 1
    outer loop
      vertex -12.6937 -9.74018 14
      vertex -8.0922 -6.20937 14
      vertex -8.83346 -5.1 14
    endloop
  endfacet
  facet normal 0 0 1
    outer loop
      vertex -13.8564 -8 14
      vertex -8.83346 -5.1 14
      vertex -9.42357 -3.90337 14
    endloop
  endfacet
  facet normal 0 0 1
    outer loop
      vertex -6.20937 -8.0922 14
      vertex -9.74018 -12.6937 14
      vertex -8 -13.8564 14
    endloop
  endfacet
  facet normal 0 0 1
    outer loop
      vertex -14.7821 -6.12293 14
      vertex -9.42357 -3.90337 14
      vertex -9.85244 -2.63995 14
    endloop
  endfacet
  facet normal 0 0 1
    outer loop
      vertex -15.4548 -4.1411 14
      vertex -9.85244 -2.63995 14
      vertex -10.1127 -1.33137 14
    endloop
  endfacet
  facet normal 0 0 1
    outer loop
      vertex -15.8631 -2.08842 14
      vertex -10.1127 -1.33137 14
      vertex -10.2 0 14
    endloop
  endfacet
  facet normal 0 0 1
    outer loop
      vertex -9.42357 3.90337 14
      vertex -14.7821 6.12293 14
      vertex -9.85244 2.63995 14
    endloop
  endfacet
  facet normal 0 0 1
    outer loop
      vertex -7.21249 -7.21249 14
      vertex -11.3137 -11.3137 14
      vertex -9.74018 -12.6937 14
    endloop
  endfacet
  facet normal -0 0 1
    outer loop
      vertex -15.4548 4.1411 14
      vertex -9.85244 2.63995 14
      vertex -14.7821 6.12293 14
    endloop
  endfacet
  facet normal 0 0 1
    outer loop
      vertex -8.0922 -6.20937 14
      vertex -12.6937 -9.74018 14
      vertex -11.3137 -11.3137 14
    endloop
  endfacet
  facet normal 0 0 1
    outer loop
      vertex -9.85244 2.63995 14
      vertex -15.4548 4.1411 14
      vertex -10.1127 1.33137 14
    endloop
  endfacet
  facet normal 0 0 1
    outer loop
      vertex -8.83346 -5.1 14
      vertex -13.8564 -8 14
      vertex -12.6937 -9.74018 14
    endloop
  endfacet
  facet normal -0 0 1
    outer loop
      vertex -15.8631 2.08842 14
      vertex -10.1127 1.33137 14
      vertex -15.4548 4.1411 14
    endloop
  endfacet
  facet normal 0 0 1
    outer loop
      vertex -9.42357 -3.90337 14
      vertex -14.7821 -6.12293 14
      vertex -13.8564 -8 14
    endloop
  endfacet
  facet normal 0 0 1
    outer loop
      vertex -10.1127 1.33137 14
      vertex -15.8631 2.08842 14
      vertex -10.2 0 14
    endloop
  endfacet
  facet normal 0 0 1
    outer loop
      vertex -9.85244 -2.63995 14
      vertex -15.4548 -4.1411 14
      vertex -14.7821 -6.12293 14
    endloop
  endfacet
  facet normal 0 0 1
    outer loop
      vertex -16 0 14
      vertex -10.2 0 14
      vertex -15.8631 2.08842 14
    endloop
  endfacet
  facet normal 0 0 1
    outer loop
      vertex -10.1127 -1.33137 14
      vertex -15.8631 -2.08842 14
      vertex -15.4548 -4.1411 14
    endloop
  endfacet
  facet normal 0 0 1
    outer loop
      vertex -10.2 0 14
      vertex -16 0 14
      vertex -15.8631 -2.08842 14
    endloop
  endfacet
  facet normal -0.555553 0.831481 0
    outer loop
      vertex -8 13.8564 0
      vertex -9.74018 12.6937 6
      vertex -8 13.8564 6
    endloop
  endfacet
  facet normal -0.555553 0.831481 0
    outer loop
      vertex -9.74018 12.6937 6
      vertex -8 13.8564 0
      vertex -9.74018 12.6937 0
    endloop
  endfacet
  facet normal -0.555553 0.831481 0
    outer loop
      vertex -8 13.8564 11
      vertex -9.74018 12.6937 14
      vertex -8 13.8564 14
    endloop
  endfacet
  facet normal -0.555553 0.831481 0
    outer loop
      vertex -9.74018 12.6937 14
      vertex -8 13.8564 11
      vertex -9.74018 12.6937 11
    endloop
  endfacet
  facet normal -0.0654096 0.997858 0
    outer loop
      vertex 0 16 3
      vertex 0 16 0
      vertex -2 15.8689 3
    endloop
  endfacet
  facet normal -0.0654553 0.997855 0
    outer loop
      vertex -2 15.8689 3
      vertex -2.08842 15.8631 6
      vertex -2 15.8689 6
    endloop
  endfacet
  facet normal -0.0654553 0.997855 0
    outer loop
      vertex -2 15.8689 3
      vertex -2.08842 15.8631 0
      vertex -2.08842 15.8631 6
    endloop
  endfacet
  facet normal -0.0654116 0.997858 -1.29613e-06
    outer loop
      vertex -2.08842 15.8631 0
      vertex -2 15.8689 3
      vertex 0 16 0
    endloop
  endfacet
  facet normal -0.0654553 0.997855 0
    outer loop
      vertex -2 15.8689 11
      vertex -2.08842 15.8631 14
      vertex -2 15.8689 14
    endloop
  endfacet
  facet normal -0.0654553 0.997855 0
    outer loop
      vertex -2.08842 15.8631 14
      vertex -2 15.8689 11
      vertex -2.08842 15.8631 11
    endloop
  endfacet
  facet normal 0.0654116 -0.997858 0
    outer loop
      vertex 0 -16 0
      vertex 2.08842 -15.8631 6
      vertex 0 -16 6
    endloop
  endfacet
  facet normal 0.0654116 -0.997858 0
    outer loop
      vertex 2.08842 -15.8631 6
      vertex 0 -16 0
      vertex 2.08842 -15.8631 0
    endloop
  endfacet
  facet normal 0.0654116 -0.997858 0
    outer loop
      vertex 0 -16 11
      vertex 2.08842 -15.8631 14
      vertex 0 -16 14
    endloop
  endfacet
  facet normal 0.0654116 -0.997858 0
    outer loop
      vertex 2.08842 -15.8631 14
      vertex 0 -16 11
      vertex 2.08842 -15.8631 11
    endloop
  endfacet
  facet normal 0.321422 -0.946936 0
    outer loop
      vertex 4.1411 -15.4548 0
      vertex 6.12293 -14.7821 6
      vertex 4.1411 -15.4548 6
    endloop
  endfacet
  facet normal 0.321422 -0.946936 0
    outer loop
      vertex 6.12293 -14.7821 6
      vertex 4.1411 -15.4548 0
      vertex 6.12293 -14.7821 0
    endloop
  endfacet
  facet normal 0.321422 -0.946936 0
    outer loop
      vertex 4.1411 -15.4548 11
      vertex 6.12293 -14.7821 14
      vertex 4.1411 -15.4548 14
    endloop
  endfacet
  facet normal 0.321422 -0.946936 0
    outer loop
      vertex 6.12293 -14.7821 14
      vertex 4.1411 -15.4548 11
      vertex 6.12293 -14.7821 11
    endloop
  endfacet
  facet normal 0.555553 -0.831481 0
    outer loop
      vertex 8 -13.8564 0
      vertex 9.74018 -12.6937 6
      vertex 8 -13.8564 6
    endloop
  endfacet
  facet normal 0.555553 -0.831481 0
    outer loop
      vertex 9.74018 -12.6937 6
      vertex 8 -13.8564 0
      vertex 9.74018 -12.6937 0
    endloop
  endfacet
  facet normal 0.555553 -0.831481 0
    outer loop
      vertex 8 -13.8564 11
      vertex 9.74018 -12.6937 14
      vertex 8 -13.8564 14
    endloop
  endfacet
  facet normal 0.555553 -0.831481 0
    outer loop
      vertex 9.74018 -12.6937 14
      vertex 8 -13.8564 11
      vertex 9.74018 -12.6937 11
    endloop
  endfacet
  facet normal 0.946936 -0.321422 0
    outer loop
      vertex 14.7821 -6.12293 14
      vertex 15.4548 -4.1411 11
      vertex 15.4548 -4.1411 14
    endloop
  endfacet
  facet normal 0.946936 -0.321422 0
    outer loop
      vertex 15.4548 -4.1411 11
      vertex 14.7821 -6.12293 14
      vertex 14.7821 -6.12293 11
    endloop
  endfacet
  facet normal 0.946936 -0.321422 0
    outer loop
      vertex 14.7821 -6.12293 6
      vertex 15.4548 -4.1411 0
      vertex 15.4548 -4.1411 6
    endloop
  endfacet
  facet normal 0.946936 -0.321422 0
    outer loop
      vertex 15.4548 -4.1411 0
      vertex 14.7821 -6.12293 6
      vertex 14.7821 -6.12293 0
    endloop
  endfacet
  facet normal 0.751826 -0.659362 0
    outer loop
      vertex 11.3137 -11.3137 6
      vertex 12.6937 -9.74018 0
      vertex 12.6937 -9.74018 6
    endloop
  endfacet
  facet normal 0.751826 -0.659362 0
    outer loop
      vertex 12.6937 -9.74018 0
      vertex 11.3137 -11.3137 6
      vertex 11.3137 -11.3137 0
    endloop
  endfacet
  facet normal 0.751826 -0.659362 0
    outer loop
      vertex 11.3137 -11.3137 14
      vertex 12.6937 -9.74018 11
      vertex 12.6937 -9.74018 14
    endloop
  endfacet
  facet normal 0.751826 -0.659362 0
    outer loop
      vertex 12.6937 -9.74018 11
      vertex 11.3137 -11.3137 14
      vertex 11.3137 -11.3137 11
    endloop
  endfacet
  facet normal -0.659362 -0.751826 0
    outer loop
      vertex -11.3137 -11.3137 0
      vertex -9.74018 -12.6937 6
      vertex -11.3137 -11.3137 6
    endloop
  endfacet
  facet normal -0.659362 -0.751826 -0
    outer loop
      vertex -9.74018 -12.6937 6
      vertex -11.3137 -11.3137 0
      vertex -9.74018 -12.6937 0
    endloop
  endfacet
  facet normal -0.659362 -0.751826 0
    outer loop
      vertex -11.3137 -11.3137 11
      vertex -9.74018 -12.6937 14
      vertex -11.3137 -11.3137 14
    endloop
  endfacet
  facet normal -0.659362 -0.751826 -0
    outer loop
      vertex -9.74018 -12.6937 14
      vertex -11.3137 -11.3137 11
      vertex -9.74018 -12.6937 11
    endloop
  endfacet
  facet normal -0.442301 -0.896867 0
    outer loop
      vertex -8 -13.8564 0
      vertex -6.12293 -14.7821 6
      vertex -8 -13.8564 6
    endloop
  endfacet
  facet normal -0.442301 -0.896867 -0
    outer loop
      vertex -6.12293 -14.7821 6
      vertex -8 -13.8564 0
      vertex -6.12293 -14.7821 0
    endloop
  endfacet
  facet normal -0.442301 -0.896867 0
    outer loop
      vertex -8 -13.8564 11
      vertex -6.12293 -14.7821 14
      vertex -8 -13.8564 14
    endloop
  endfacet
  facet normal -0.442301 -0.896867 -0
    outer loop
      vertex -6.12293 -14.7821 14
      vertex -8 -13.8564 11
      vertex -6.12293 -14.7821 11
    endloop
  endfacet
  facet normal -0.195089 -0.980786 0
    outer loop
      vertex -4.1411 -15.4548 0
      vertex -2.08842 -15.8631 6
      vertex -4.1411 -15.4548 6
    endloop
  endfacet
  facet normal -0.195089 -0.980786 -0
    outer loop
      vertex -2.08842 -15.8631 6
      vertex -4.1411 -15.4548 0
      vertex -2.08842 -15.8631 0
    endloop
  endfacet
  facet normal -0.195089 -0.980786 0
    outer loop
      vertex -4.1411 -15.4548 11
      vertex -2.08842 -15.8631 14
      vertex -4.1411 -15.4548 14
    endloop
  endfacet
  facet normal -0.195089 -0.980786 -0
    outer loop
      vertex -2.08842 -15.8631 14
      vertex -4.1411 -15.4548 11
      vertex -2.08842 -15.8631 11
    endloop
  endfacet
  facet normal -0.831481 -0.555553 0
    outer loop
      vertex -12.6937 -9.74018 0
      vertex -13.8564 -8 6
      vertex -13.8564 -8 0
    endloop
  endfacet
  facet normal -0.831481 -0.555553 0
    outer loop
      vertex -13.8564 -8 6
      vertex -12.6937 -9.74018 0
      vertex -12.6937 -9.74018 6
    endloop
  endfacet
  facet normal -0.831481 -0.555553 0
    outer loop
      vertex -12.6937 -9.74018 11
      vertex -13.8564 -8 14
      vertex -13.8564 -8 11
    endloop
  endfacet
  facet normal -0.831481 -0.555553 0
    outer loop
      vertex -13.8564 -8 14
      vertex -12.6937 -9.74018 11
      vertex -12.6937 -9.74018 14
    endloop
  endfacet
  facet normal -0.946936 -0.321422 0
    outer loop
      vertex -14.7821 -6.12293 0
      vertex -15.4548 -4.1411 6
      vertex -15.4548 -4.1411 0
    endloop
  endfacet
  facet normal -0.946936 -0.321422 0
    outer loop
      vertex -15.4548 -4.1411 6
      vertex -14.7821 -6.12293 0
      vertex -14.7821 -6.12293 6
    endloop
  endfacet
  facet normal -0.946936 -0.321422 0
    outer loop
      vertex -14.7821 -6.12293 11
      vertex -15.4548 -4.1411 14
      vertex -15.4548 -4.1411 11
    endloop
  endfacet
  facet normal -0.946936 -0.321422 0
    outer loop
      vertex -15.4548 -4.1411 14
      vertex -14.7821 -6.12293 11
      vertex -14.7821 -6.12293 14
    endloop
  endfacet
  facet normal -0.997858 -0.0654116 0
    outer loop
      vertex -15.8631 -2.08842 0
      vertex -16 0 6
      vertex -16 0 0
    endloop
  endfacet
  facet normal -0.997858 -0.0654116 0
    outer loop
      vertex -16 0 6
      vertex -15.8631 -2.08842 0
      vertex -15.8631 -2.08842 6
    endloop
  endfacet
  facet normal -0.997858 -0.0654116 0
    outer loop
      vertex -15.8631 -2.08842 11
      vertex -16 0 14
      vertex -16 0 11
    endloop
  endfacet
  facet normal -0.997858 -0.0654116 0
    outer loop
      vertex -16 0 14
      vertex -15.8631 -2.08842 11
      vertex -15.8631 -2.08842 14
    endloop
  endfacet
  facet normal 0.195089 -0.980786 0
    outer loop
      vertex 2.08842 -15.8631 11
      vertex 4.1411 -15.4548 14
      vertex 2.08842 -15.8631 14
    endloop
  endfacet
  facet normal 0.195089 -0.980786 0
    outer loop
      vertex 4.1411 -15.4548 14
      vertex 2.08842 -15.8631 11
      vertex 4.1411 -15.4548 11
    endloop
  endfacet
  facet normal 0.195089 -0.980786 0
    outer loop
      vertex 2.08842 -15.8631 0
      vertex 4.1411 -15.4548 6
      vertex 2.08842 -15.8631 6
    endloop
  endfacet
  facet normal 0.195089 -0.980786 0
    outer loop
      vertex 4.1411 -15.4548 6
      vertex 2.08842 -15.8631 0
      vertex 4.1411 -15.4548 0
    endloop
  endfacet
  facet normal 0.659362 -0.751826 0
    outer loop
      vertex 9.74018 -12.6937 0
      vertex 11.3137 -11.3137 6
      vertex 9.74018 -12.6937 6
    endloop
  endfacet
  facet normal 0.659362 -0.751826 0
    outer loop
      vertex 11.3137 -11.3137 6
      vertex 9.74018 -12.6937 0
      vertex 11.3137 -11.3137 0
    endloop
  endfacet
  facet normal 0.659362 -0.751826 0
    outer loop
      vertex 9.74018 -12.6937 11
      vertex 11.3137 -11.3137 14
      vertex 9.74018 -12.6937 14
    endloop
  endfacet
  facet normal 0.659362 -0.751826 0
    outer loop
      vertex 11.3137 -11.3137 14
      vertex 9.74018 -12.6937 11
      vertex 11.3137 -11.3137 11
    endloop
  endfacet
  facet normal 0.896867 -0.442301 0
    outer loop
      vertex 13.8564 -8 14
      vertex 14.7821 -6.12293 11
      vertex 14.7821 -6.12293 14
    endloop
  endfacet
  facet normal 0.896867 -0.442301 0
    outer loop
      vertex 14.7821 -6.12293 11
      vertex 13.8564 -8 14
      vertex 13.8564 -8 11
    endloop
  endfacet
  facet normal 0.896867 -0.442301 0
    outer loop
      vertex 13.8564 -8 6
      vertex 14.7821 -6.12293 0
      vertex 14.7821 -6.12293 6
    endloop
  endfacet
  facet normal 0.896867 -0.442301 0
    outer loop
      vertex 14.7821 -6.12293 0
      vertex 13.8564 -8 6
      vertex 13.8564 -8 0
    endloop
  endfacet
  facet normal 0.980786 -0.195089 0
    outer loop
      vertex 15.4548 -4.1411 6
      vertex 15.8631 -2.08842 0
      vertex 15.8631 -2.08842 6
    endloop
  endfacet
  facet normal 0.980786 -0.195089 0
    outer loop
      vertex 15.8631 -2.08842 0
      vertex 15.4548 -4.1411 6
      vertex 15.4548 -4.1411 0
    endloop
  endfacet
  facet normal 0.980786 -0.195089 0
    outer loop
      vertex 15.4548 -4.1411 14
      vertex 15.8631 -2.08842 11
      vertex 15.8631 -2.08842 14
    endloop
  endfacet
  facet normal 0.980786 -0.195089 0
    outer loop
      vertex 15.8631 -2.08842 11
      vertex 15.4548 -4.1411 14
      vertex 15.4548 -4.1411 11
    endloop
  endfacet
  facet normal -0.555553 -0.831481 0
    outer loop
      vertex -9.74018 -12.6937 0
      vertex -8 -13.8564 6
      vertex -9.74018 -12.6937 6
    endloop
  endfacet
  facet normal -0.555553 -0.831481 -0
    outer loop
      vertex -8 -13.8564 6
      vertex -9.74018 -12.6937 0
      vertex -8 -13.8564 0
    endloop
  endfacet
  facet normal -0.555553 -0.831481 0
    outer loop
      vertex -9.74018 -12.6937 11
      vertex -8 -13.8564 14
      vertex -9.74018 -12.6937 14
    endloop
  endfacet
  facet normal -0.555553 -0.831481 -0
    outer loop
      vertex -8 -13.8564 14
      vertex -9.74018 -12.6937 11
      vertex -8 -13.8564 11
    endloop
  endfacet
  facet normal -0.0654116 -0.997858 0
    outer loop
      vertex -2.08842 -15.8631 0
      vertex 0 -16 6
      vertex -2.08842 -15.8631 6
    endloop
  endfacet
  facet normal -0.0654116 -0.997858 -0
    outer loop
      vertex 0 -16 6
      vertex -2.08842 -15.8631 0
      vertex 0 -16 0
    endloop
  endfacet
  facet normal -0.0654116 -0.997858 0
    outer loop
      vertex -2.08842 -15.8631 11
      vertex 0 -16 14
      vertex -2.08842 -15.8631 14
    endloop
  endfacet
  facet normal -0.0654116 -0.997858 -0
    outer loop
      vertex 0 -16 14
      vertex -2.08842 -15.8631 11
      vertex 0 -16 11
    endloop
  endfacet
  facet normal -0.751826 -0.659362 0
    outer loop
      vertex -11.3137 -11.3137 0
      vertex -12.6937 -9.74018 6
      vertex -12.6937 -9.74018 0
    endloop
  endfacet
  facet normal -0.751826 -0.659362 0
    outer loop
      vertex -12.6937 -9.74018 6
      vertex -11.3137 -11.3137 0
      vertex -11.3137 -11.3137 6
    endloop
  endfacet
  facet normal -0.751826 -0.659362 0
    outer loop
      vertex -11.3137 -11.3137 11
      vertex -12.6937 -9.74018 14
      vertex -12.6937 -9.74018 11
    endloop
  endfacet
  facet normal -0.751826 -0.659362 0
    outer loop
      vertex -12.6937 -9.74018 14
      vertex -11.3137 -11.3137 11
      vertex -11.3137 -11.3137 14
    endloop
  endfacet
  facet normal -0.980786 -0.195089 0
    outer loop
      vertex -15.4548 -4.1411 0
      vertex -15.8631 -2.08842 6
      vertex -15.8631 -2.08842 0
    endloop
  endfacet
  facet normal -0.980786 -0.195089 0
    outer loop
      vertex -15.8631 -2.08842 6
      vertex -15.4548 -4.1411 0
      vertex -15.4548 -4.1411 6
    endloop
  endfacet
  facet normal -0.980786 -0.195089 0
    outer loop
      vertex -15.4548 -4.1411 11
      vertex -15.8631 -2.08842 14
      vertex -15.8631 -2.08842 11
    endloop
  endfacet
  facet normal -0.980786 -0.195089 0
    outer loop
      vertex -15.8631 -2.08842 14
      vertex -15.4548 -4.1411 11
      vertex -15.4548 -4.1411 14
    endloop
  endfacet
  facet normal 0.831481 -0.555553 0
    outer loop
      vertex 12.6937 -9.74018 6
      vertex 13.8564 -8 0
      vertex 13.8564 -8 6
    endloop
  endfacet
  facet normal 0.831481 -0.555553 0
    outer loop
      vertex 13.8564 -8 0
      vertex 12.6937 -9.74018 6
      vertex 12.6937 -9.74018 0
    endloop
  endfacet
  facet normal 0.831481 -0.555553 0
    outer loop
      vertex 12.6937 -9.74018 14
      vertex 13.8564 -8 11
      vertex 13.8564 -8 14
    endloop
  endfacet
  facet normal 0.831481 -0.555553 0
    outer loop
      vertex 13.8564 -8 11
      vertex 12.6937 -9.74018 14
      vertex 12.6937 -9.74018 11
    endloop
  endfacet
  facet normal 0.997858 -0.0654116 0
    outer loop
      vertex 15.8631 -2.08842 6
      vertex 16 0 0
      vertex 16 0 6
    endloop
  endfacet
  facet normal 0.997858 -0.0654116 0
    outer loop
      vertex 16 0 0
      vertex 15.8631 -2.08842 6
      vertex 15.8631 -2.08842 0
    endloop
  endfacet
  facet normal 0.997858 -0.0654116 0
    outer loop
      vertex 15.8631 -2.08842 14
      vertex 16 0 11
      vertex 16 0 14
    endloop
  endfacet
  facet normal 0.997858 -0.0654116 0
    outer loop
      vertex 16 0 11
      vertex 15.8631 -2.08842 14
      vertex 15.8631 -2.08842 11
    endloop
  endfacet
  facet normal 0.997858 0.0654184 0
    outer loop
      vertex 21 0 11
      vertex 20.8203 2.74105 6
      vertex 20.8203 2.74105 11
    endloop
  endfacet
  facet normal 0.997858 0.0654184 0
    outer loop
      vertex 20.8203 2.74105 6
      vertex 21 0 11
      vertex 21 0 6
    endloop
  endfacet
  facet normal -0.997858 0.0654184 0
    outer loop
      vertex -21 0 6
      vertex -20.8203 2.74105 11
      vertex -20.8203 2.74105 6
    endloop
  endfacet
  facet normal -0.997858 0.0654184 0
    outer loop
      vertex -20.8203 2.74105 11
      vertex -21 0 6
      vertex -21 0 11
    endloop
  endfacet
  facet normal 0.065442 0.997856 -0
    outer loop
      vertex 2.74105 20.8203 6
      vertex 2 20.8689 11
      vertex 2.74105 20.8203 11
    endloop
  endfacet
  facet normal 0.065442 0.997856 0
    outer loop
      vertex 2 20.8689 11
      vertex 2.74105 20.8203 6
      vertex 2 20.8689 6
    endloop
  endfacet
  facet normal 0.751827 0.65936 0
    outer loop
      vertex 16.6604 12.784 11
      vertex 14.8492 14.8492 6
      vertex 14.8492 14.8492 11
    endloop
  endfacet
  facet normal 0.751827 0.65936 0
    outer loop
      vertex 14.8492 14.8492 6
      vertex 16.6604 12.784 11
      vertex 16.6604 12.784 6
    endloop
  endfacet
  facet normal -0.65936 0.751827 0
    outer loop
      vertex -12.784 16.6604 6
      vertex -14.8492 14.8492 11
      vertex -12.784 16.6604 11
    endloop
  endfacet
  facet normal -0.65936 0.751827 0
    outer loop
      vertex -14.8492 14.8492 11
      vertex -12.784 16.6604 6
      vertex -14.8492 14.8492 6
    endloop
  endfacet
  facet normal -0.321416 0.946938 0
    outer loop
      vertex -5.4352 20.2844 6
      vertex -8.03635 19.4015 11
      vertex -5.4352 20.2844 11
    endloop
  endfacet
  facet normal -0.321416 0.946938 0
    outer loop
      vertex -8.03635 19.4015 11
      vertex -5.4352 20.2844 6
      vertex -8.03635 19.4015 6
    endloop
  endfacet
  facet normal 0.896864 0.442307 0
    outer loop
      vertex 19.4015 8.03635 11
      vertex 18.1865 10.5 6
      vertex 18.1865 10.5 11
    endloop
  endfacet
  facet normal 0.896864 0.442307 0
    outer loop
      vertex 18.1865 10.5 6
      vertex 19.4015 8.03635 11
      vertex 19.4015 8.03635 6
    endloop
  endfacet
  facet normal 0.980785 0.19509 0
    outer loop
      vertex 20.8203 2.74105 11
      vertex 20.2844 5.4352 6
      vertex 20.2844 5.4352 11
    endloop
  endfacet
  facet normal 0.980785 0.19509 0
    outer loop
      vertex 20.2844 5.4352 6
      vertex 20.8203 2.74105 11
      vertex 20.8203 2.74105 6
    endloop
  endfacet
  facet normal 0.831473 0.555565 0
    outer loop
      vertex 18.1865 10.5 11
      vertex 16.6604 12.784 6
      vertex 16.6604 12.784 11
    endloop
  endfacet
  facet normal 0.831473 0.555565 0
    outer loop
      vertex 16.6604 12.784 6
      vertex 18.1865 10.5 11
      vertex 18.1865 10.5 6
    endloop
  endfacet
  facet normal 0.442307 0.896864 -0
    outer loop
      vertex 10.5 18.1865 6
      vertex 8.03635 19.4015 11
      vertex 10.5 18.1865 11
    endloop
  endfacet
  facet normal 0.442307 0.896864 0
    outer loop
      vertex 8.03635 19.4015 11
      vertex 10.5 18.1865 6
      vertex 8.03635 19.4015 6
    endloop
  endfacet
  facet normal 0.321416 0.946938 -0
    outer loop
      vertex 8.03635 19.4015 6
      vertex 5.4352 20.2844 11
      vertex 8.03635 19.4015 11
    endloop
  endfacet
  facet normal 0.321416 0.946938 0
    outer loop
      vertex 5.4352 20.2844 11
      vertex 8.03635 19.4015 6
      vertex 5.4352 20.2844 6
    endloop
  endfacet
  facet normal 0.555565 0.831473 -0
    outer loop
      vertex 12.784 16.6604 6
      vertex 10.5 18.1865 11
      vertex 12.784 16.6604 11
    endloop
  endfacet
  facet normal 0.555565 0.831473 0
    outer loop
      vertex 10.5 18.1865 11
      vertex 12.784 16.6604 6
      vertex 10.5 18.1865 6
    endloop
  endfacet
  facet normal -0.896864 0.442307 0
    outer loop
      vertex -19.4015 8.03635 6
      vertex -18.1865 10.5 11
      vertex -18.1865 10.5 6
    endloop
  endfacet
  facet normal -0.896864 0.442307 0
    outer loop
      vertex -18.1865 10.5 11
      vertex -19.4015 8.03635 6
      vertex -19.4015 8.03635 11
    endloop
  endfacet
  facet normal -0.946938 0.321416 0
    outer loop
      vertex -20.2844 5.4352 6
      vertex -19.4015 8.03635 11
      vertex -19.4015 8.03635 6
    endloop
  endfacet
  facet normal -0.946938 0.321416 0
    outer loop
      vertex -19.4015 8.03635 11
      vertex -20.2844 5.4352 6
      vertex -20.2844 5.4352 11
    endloop
  endfacet
  facet normal -0.442307 0.896864 0
    outer loop
      vertex -8.03635 19.4015 6
      vertex -10.5 18.1865 11
      vertex -8.03635 19.4015 11
    endloop
  endfacet
  facet normal -0.442307 0.896864 0
    outer loop
      vertex -10.5 18.1865 11
      vertex -8.03635 19.4015 6
      vertex -10.5 18.1865 6
    endloop
  endfacet
  facet normal -0.19509 0.980785 0
    outer loop
      vertex -2.74105 20.8203 6
      vertex -5.4352 20.2844 11
      vertex -2.74105 20.8203 11
    endloop
  endfacet
  facet normal -0.19509 0.980785 0
    outer loop
      vertex -5.4352 20.2844 11
      vertex -2.74105 20.8203 6
      vertex -5.4352 20.2844 6
    endloop
  endfacet
  facet normal 0.442307 -0.896864 0
    outer loop
      vertex 8.03635 -19.4015 6
      vertex 10.5 -18.1865 11
      vertex 8.03635 -19.4015 11
    endloop
  endfacet
  facet normal 0.442307 -0.896864 0
    outer loop
      vertex 10.5 -18.1865 11
      vertex 8.03635 -19.4015 6
      vertex 10.5 -18.1865 6
    endloop
  endfacet
  facet normal 0.980785 -0.19509 0
    outer loop
      vertex 20.2844 -5.4352 11
      vertex 20.8203 -2.74105 6
      vertex 20.8203 -2.74105 11
    endloop
  endfacet
  facet normal 0.980785 -0.19509 0
    outer loop
      vertex 20.8203 -2.74105 6
      vertex 20.2844 -5.4352 11
      vertex 20.2844 -5.4352 6
    endloop
  endfacet
  facet normal -0.321416 -0.946938 0
    outer loop
      vertex -8.03635 -19.4015 6
      vertex -5.4352 -20.2844 11
      vertex -8.03635 -19.4015 11
    endloop
  endfacet
  facet normal -0.321416 -0.946938 -0
    outer loop
      vertex -5.4352 -20.2844 11
      vertex -8.03635 -19.4015 6
      vertex -5.4352 -20.2844 6
    endloop
  endfacet
  facet normal -0.896864 -0.442307 0
    outer loop
      vertex -18.1865 -10.5 6
      vertex -19.4015 -8.03635 11
      vertex -19.4015 -8.03635 6
    endloop
  endfacet
  facet normal -0.896864 -0.442307 0
    outer loop
      vertex -19.4015 -8.03635 11
      vertex -18.1865 -10.5 6
      vertex -18.1865 -10.5 11
    endloop
  endfacet
  facet normal 0 0 -1
    outer loop
      vertex -8.01283 -16.2587 6
      vertex -6.12293 -14.7821 6
      vertex -8 -16.4545 6
    endloop
  endfacet
  facet normal 0 0 -1
    outer loop
      vertex -8.05111 -16.0663 6
      vertex -6.12293 -14.7821 6
      vertex -8.01283 -16.2587 6
    endloop
  endfacet
  facet normal 0 0 -1
    outer loop
      vertex -8.11418 -15.8805 6
      vertex -6.12293 -14.7821 6
      vertex -8.05111 -16.0663 6
    endloop
  endfacet
  facet normal 0 0 -1
    outer loop
      vertex -8.20096 -15.7045 6
      vertex -6.12293 -14.7821 6
      vertex -8.11418 -15.8805 6
    endloop
  endfacet
  facet normal 0 0 -1
    outer loop
      vertex -8.30997 -15.5413 6
      vertex -6.12293 -14.7821 6
      vertex -8.20096 -15.7045 6
    endloop
  endfacet
  facet normal -0 0 -1
    outer loop
      vertex -6.12293 -14.7821 6
      vertex -8.30997 -15.5413 6
      vertex -8 -13.8564 6
    endloop
  endfacet
  facet normal 0 0 -1
    outer loop
      vertex -8.43934 -15.3938 6
      vertex -8 -13.8564 6
      vertex -8.30997 -15.5413 6
    endloop
  endfacet
  facet normal 0 0 -1
    outer loop
      vertex -8.58686 -15.2645 6
      vertex -8 -13.8564 6
      vertex -8.43934 -15.3938 6
    endloop
  endfacet
  facet normal 0 0 -1
    outer loop
      vertex -8.75 -15.1554 6
      vertex -8 -13.8564 6
      vertex -8.58686 -15.2645 6
    endloop
  endfacet
  facet normal 0 0 -1
    outer loop
      vertex -8.92597 -15.0687 6
      vertex -8 -13.8564 6
      vertex -8.75 -15.1554 6
    endloop
  endfacet
  facet normal 0 0 -1
    outer loop
      vertex -9.11177 -15.0056 6
      vertex -8 -13.8564 6
      vertex -8.92597 -15.0687 6
    endloop
  endfacet
  facet normal 0 0 -1
    outer loop
      vertex -9.30421 -14.9673 6
      vertex -8 -13.8564 6
      vertex -9.11177 -15.0056 6
    endloop
  endfacet
  facet normal 0 0 -1
    outer loop
      vertex -9.74018 -12.6937 6
      vertex -9.30421 -14.9673 6
      vertex -9.5 -14.9545 6
    endloop
  endfacet
  facet normal 0 0 -1
    outer loop
      vertex -9.74018 -12.6937 6
      vertex -9.5 -14.9545 6
      vertex -9.69579 -14.9673 6
    endloop
  endfacet
  facet normal 0 0 -1
    outer loop
      vertex -9.30421 -14.9673 6
      vertex -9.74018 -12.6937 6
      vertex -8 -13.8564 6
    endloop
  endfacet
  facet normal 0 0 -1
    outer loop
      vertex -9.88823 -15.0056 6
      vertex -9.74018 -12.6937 6
      vertex -9.69579 -14.9673 6
    endloop
  endfacet
  facet normal 0 0 -1
    outer loop
      vertex -10.074 -15.0687 6
      vertex -9.74018 -12.6937 6
      vertex -9.88823 -15.0056 6
    endloop
  endfacet
  facet normal 0 0 -1
    outer loop
      vertex -10.25 -15.1554 6
      vertex -9.74018 -12.6937 6
      vertex -10.074 -15.0687 6
    endloop
  endfacet
  facet normal 0 0 -1
    outer loop
      vertex -10.4131 -15.2645 6
      vertex -9.74018 -12.6937 6
      vertex -10.25 -15.1554 6
    endloop
  endfacet
  facet normal 0 0 -1
    outer loop
      vertex -11.3137 -11.3137 6
      vertex -10.4131 -15.2645 6
      vertex -10.5607 -15.3938 6
    endloop
  endfacet
  facet normal 0 0 -1
    outer loop
      vertex -14.8492 -14.8492 6
      vertex -10.5607 -15.3938 6
      vertex -10.69 -15.5413 6
    endloop
  endfacet
  facet normal 0 0 -1
    outer loop
      vertex -14.8492 -14.8492 6
      vertex -10.69 -15.5413 6
      vertex -10.799 -15.7045 6
    endloop
  endfacet
  facet normal 0 0 -1
    outer loop
      vertex -12.784 -16.6604 6
      vertex -10.799 -15.7045 6
      vertex -10.8858 -15.8805 6
    endloop
  endfacet
  facet normal 0 0 -1
    outer loop
      vertex -10.4131 -15.2645 6
      vertex -11.3137 -11.3137 6
      vertex -9.74018 -12.6937 6
    endloop
  endfacet
  facet normal 0 0 -1
    outer loop
      vertex -12.784 -16.6604 6
      vertex -10.8858 -15.8805 6
      vertex -10.9489 -16.0663 6
    endloop
  endfacet
  facet normal 0 0 -1
    outer loop
      vertex -12.784 -16.6604 6
      vertex -10.9489 -16.0663 6
      vertex -10.9872 -16.2587 6
    endloop
  endfacet
  facet normal 0 0 -1
    outer loop
      vertex -12.784 -16.6604 6
      vertex -10.9872 -16.2587 6
      vertex -11 -16.4545 6
    endloop
  endfacet
  facet normal 0 0 -1
    outer loop
      vertex -16 0 6
      vertex -17.6142 0.574024 6
      vertex -15.8631 2.08842 6
    endloop
  endfacet
  facet normal 0 0 -1
    outer loop
      vertex -17.701 0.75 6
      vertex -15.8631 2.08842 6
      vertex -17.6142 0.574024 6
    endloop
  endfacet
  facet normal 0 0 -1
    outer loop
      vertex -17.81 0.913141 6
      vertex -15.8631 2.08842 6
      vertex -17.701 0.75 6
    endloop
  endfacet
  facet normal 0 0 -1
    outer loop
      vertex -17.9393 1.06066 6
      vertex -15.8631 2.08842 6
      vertex -17.81 0.913141 6
    endloop
  endfacet
  facet normal 0 0 -1
    outer loop
      vertex -18.0869 1.19003 6
      vertex -15.8631 2.08842 6
      vertex -17.9393 1.06066 6
    endloop
  endfacet
  facet normal 0 0 -1
    outer loop
      vertex -18.25 1.29904 6
      vertex -15.8631 2.08842 6
      vertex -18.0869 1.19003 6
    endloop
  endfacet
  facet normal 0 0 -1
    outer loop
      vertex -18.426 1.38582 6
      vertex -15.8631 2.08842 6
      vertex -18.25 1.29904 6
    endloop
  endfacet
  facet normal 0 0 -1
    outer loop
      vertex -15.4548 4.1411 6
      vertex -18.1865 10.5 6
      vertex -16.6604 12.784 6
    endloop
  endfacet
  facet normal -0 0 -1
    outer loop
      vertex -15.8631 2.08842 6
      vertex -18.426 1.38582 6
      vertex -15.4548 4.1411 6
    endloop
  endfacet
  facet normal 0 0 -1
    outer loop
      vertex -18.6118 1.44889 6
      vertex -15.4548 4.1411 6
      vertex -18.426 1.38582 6
    endloop
  endfacet
  facet normal -0 0 -1
    outer loop
      vertex -15.4548 4.1411 6
      vertex -18.6118 1.44889 6
      vertex -20.2844 5.4352 6
    endloop
  endfacet
  facet normal 0 0 -1
    outer loop
      vertex -20.2844 5.4352 6
      vertex -18.6118 1.44889 6
      vertex -18.8042 1.48717 6
    endloop
  endfacet
  facet normal 0 0 -1
    outer loop
      vertex -20.2844 5.4352 6
      vertex -18.8042 1.48717 6
      vertex -19 1.5 6
    endloop
  endfacet
  facet normal 0 0 -1
    outer loop
      vertex -20.8203 2.74105 6
      vertex -19 1.5 6
      vertex -19.1958 1.48717 6
    endloop
  endfacet
  facet normal 0 0 -1
    outer loop
      vertex -20.8203 2.74105 6
      vertex -19.1958 1.48717 6
      vertex -19.3882 1.44889 6
    endloop
  endfacet
  facet normal 0 0 -1
    outer loop
      vertex -15.4548 4.1411 6
      vertex -19.4015 8.03635 6
      vertex -18.1865 10.5 6
    endloop
  endfacet
  facet normal 0 0 -1
    outer loop
      vertex -20.8203 2.74105 6
      vertex -19.3882 1.44889 6
      vertex -19.574 1.38582 6
    endloop
  endfacet
  facet normal 0 0 -1
    outer loop
      vertex -20.8203 2.74105 6
      vertex -19.574 1.38582 6
      vertex -19.75 1.29904 6
    endloop
  endfacet
  facet normal 0 0 -1
    outer loop
      vertex -20.8203 2.74105 6
      vertex -19.75 1.29904 6
      vertex -19.9131 1.19003 6
    endloop
  endfacet
  facet normal 0 0 -1
    outer loop
      vertex -20.8203 2.74105 6
      vertex -19.9131 1.19003 6
      vertex -20.0607 1.06066 6
    endloop
  endfacet
  facet normal 0 0 -1
    outer loop
      vertex -20.8203 2.74105 6
      vertex -20.0607 1.06066 6
      vertex -20.19 0.913141 6
    endloop
  endfacet
  facet normal 0 0 -1
    outer loop
      vertex -15.4548 4.1411 6
      vertex -20.2844 5.4352 6
      vertex -19.4015 8.03635 6
    endloop
  endfacet
  facet normal 0 0 -1
    outer loop
      vertex -20.8203 2.74105 6
      vertex -20.19 0.913141 6
      vertex -20.299 0.75 6
    endloop
  endfacet
  facet normal 0 0 -1
    outer loop
      vertex -21 0 6
      vertex -20.299 0.75 6
      vertex -20.3858 0.574024 6
    endloop
  endfacet
  facet normal 0 0 -1
    outer loop
      vertex -21 0 6
      vertex -20.3858 0.574024 6
      vertex -20.4489 0.388228 6
    endloop
  endfacet
  facet normal 0 0 -1
    outer loop
      vertex -21 0 6
      vertex -20.4489 0.388228 6
      vertex -20.4872 0.195788 6
    endloop
  endfacet
  facet normal 0 0 -1
    outer loop
      vertex -21 0 6
      vertex -20.4872 0.195788 6
      vertex -20.5 0 6
    endloop
  endfacet
  facet normal 0 0 -1
    outer loop
      vertex -20.4872 -0.195788 6
      vertex -21 0 6
      vertex -20.5 0 6
    endloop
  endfacet
  facet normal 0 0 -1
    outer loop
      vertex -19 1.5 6
      vertex -20.8203 2.74105 6
      vertex -20.2844 5.4352 6
    endloop
  endfacet
  facet normal -0 0 -1
    outer loop
      vertex -20.299 0.75 6
      vertex -21 0 6
      vertex -20.8203 2.74105 6
    endloop
  endfacet
  facet normal 0 0 -1
    outer loop
      vertex -6.12293 14.7821 6
      vertex -8.01283 16.2587 6
      vertex -8 16.4545 6
    endloop
  endfacet
  facet normal 0 0 -1
    outer loop
      vertex -6.12293 14.7821 6
      vertex -8.05111 16.0663 6
      vertex -8.01283 16.2587 6
    endloop
  endfacet
  facet normal 0 0 -1
    outer loop
      vertex -6.12293 14.7821 6
      vertex -8.11418 15.8805 6
      vertex -8.05111 16.0663 6
    endloop
  endfacet
  facet normal 0 0 -1
    outer loop
      vertex -6.12293 14.7821 6
      vertex -8.20096 15.7045 6
      vertex -8.11418 15.8805 6
    endloop
  endfacet
  facet normal 0 0 -1
    outer loop
      vertex -6.12293 14.7821 6
      vertex -8.30997 15.5413 6
      vertex -8.20096 15.7045 6
    endloop
  endfacet
  facet normal 0 0 -1
    outer loop
      vertex -8 13.8564 6
      vertex -8.43934 15.3938 6
      vertex -8.30997 15.5413 6
    endloop
  endfacet
  facet normal 0 0 -1
    outer loop
      vertex -8 13.8564 6
      vertex -8.58686 15.2645 6
      vertex -8.43934 15.3938 6
    endloop
  endfacet
  facet normal 0 0 -1
    outer loop
      vertex -8 13.8564 6
      vertex -8.75 15.1554 6
      vertex -8.58686 15.2645 6
    endloop
  endfacet
  facet normal 0 0 -1
    outer loop
      vertex -8 13.8564 6
      vertex -8.92597 15.0687 6
      vertex -8.75 15.1554 6
    endloop
  endfacet
  facet normal 0 0 -1
    outer loop
      vertex -8 13.8564 6
      vertex -9.11177 15.0056 6
      vertex -8.92597 15.0687 6
    endloop
  endfacet
  facet normal 0 0 -1
    outer loop
      vertex -8 13.8564 6
      vertex -9.30421 14.9673 6
      vertex -9.11177 15.0056 6
    endloop
  endfacet
  facet normal 0 0 -1
    outer loop
      vertex -9.74018 12.6937 6
      vertex -9.30421 14.9673 6
      vertex -8 13.8564 6
    endloop
  endfacet
  facet normal 0 0 -1
    outer loop
      vertex -9.30421 14.9673 6
      vertex -9.74018 12.6937 6
      vertex -9.5 14.9545 6
    endloop
  endfacet
  facet normal -0 0 -1
    outer loop
      vertex -9.5 14.9545 6
      vertex -9.74018 12.6937 6
      vertex -9.69579 14.9673 6
    endloop
  endfacet
  facet normal 0 0 -1
    outer loop
      vertex -9.74018 12.6937 6
      vertex -9.88823 15.0056 6
      vertex -9.69579 14.9673 6
    endloop
  endfacet
  facet normal 0 0 -1
    outer loop
      vertex -9.74018 12.6937 6
      vertex -10.074 15.0687 6
      vertex -9.88823 15.0056 6
    endloop
  endfacet
  facet normal 0 0 -1
    outer loop
      vertex -9.74018 12.6937 6
      vertex -10.25 15.1554 6
      vertex -10.074 15.0687 6
    endloop
  endfacet
  facet normal 0 0 -1
    outer loop
      vertex -9.74018 12.6937 6
      vertex -10.4131 15.2645 6
      vertex -10.25 15.1554 6
    endloop
  endfacet
  facet normal 0 0 -1
    outer loop
      vertex -11.3137 11.3137 6
      vertex -10.4131 15.2645 6
      vertex -9.74018 12.6937 6
    endloop
  endfacet
  facet normal -0 0 -1
    outer loop
      vertex -10.4131 15.2645 6
      vertex -11.3137 11.3137 6
      vertex -10.5607 15.3938 6
    endloop
  endfacet
  facet normal 0 0 -1
    outer loop
      vertex -14.8492 14.8492 6
      vertex -10.5607 15.3938 6
      vertex -11.3137 11.3137 6
    endloop
  endfacet
  facet normal -0 0 -1
    outer loop
      vertex -10.5607 15.3938 6
      vertex -14.8492 14.8492 6
      vertex -10.69 15.5413 6
    endloop
  endfacet
  facet normal 0 0 -1
    outer loop
      vertex -10.8858 15.8805 6
      vertex -12.784 16.6604 6
      vertex -10.9489 16.0663 6
    endloop
  endfacet
  facet normal 0 0 -1
    outer loop
      vertex -10.799 15.7045 6
      vertex -12.784 16.6604 6
      vertex -10.8858 15.8805 6
    endloop
  endfacet
  facet normal 0 -0 -1
    outer loop
      vertex -12.784 16.6604 6
      vertex -10.799 15.7045 6
      vertex -14.8492 14.8492 6
    endloop
  endfacet
  facet normal -0 0 -1
    outer loop
      vertex -10.69 15.5413 6
      vertex -14.8492 14.8492 6
      vertex -10.799 15.7045 6
    endloop
  endfacet
  facet normal 0 0 -1
    outer loop
      vertex -2.08842 15.8631 6
      vertex -2 20.8689 6
      vertex -2 15.8689 6
    endloop
  endfacet
  facet normal 0 0 -1
    outer loop
      vertex -2.08842 15.8631 6
      vertex -2.74105 20.8203 6
      vertex -2 20.8689 6
    endloop
  endfacet
  facet normal 0 0 -1
    outer loop
      vertex -4.1411 15.4548 6
      vertex -2.74105 20.8203 6
      vertex -2.08842 15.8631 6
    endloop
  endfacet
  facet normal 0 0 -1
    outer loop
      vertex -4.1411 15.4548 6
      vertex -5.4352 20.2844 6
      vertex -2.74105 20.8203 6
    endloop
  endfacet
  facet normal 0 0 -1
    outer loop
      vertex -8.01283 16.6503 6
      vertex -4.1411 15.4548 6
      vertex -6.12293 14.7821 6
    endloop
  endfacet
  facet normal 0 0 -1
    outer loop
      vertex -8.30997 15.5413 6
      vertex -6.12293 14.7821 6
      vertex -8 13.8564 6
    endloop
  endfacet
  facet normal 0 0 -1
    outer loop
      vertex -8.01283 16.6503 6
      vertex -6.12293 14.7821 6
      vertex -8 16.4545 6
    endloop
  endfacet
  facet normal 0 0 -1
    outer loop
      vertex -4.1411 15.4548 6
      vertex -8.01283 16.6503 6
      vertex -8.05111 16.8427 6
    endloop
  endfacet
  facet normal 0 0 -1
    outer loop
      vertex -4.1411 15.4548 6
      vertex -8.05111 16.8427 6
      vertex -5.4352 20.2844 6
    endloop
  endfacet
  facet normal 0 0 -1
    outer loop
      vertex -8.11418 17.0285 6
      vertex -5.4352 20.2844 6
      vertex -8.05111 16.8427 6
    endloop
  endfacet
  facet normal 0 0 -1
    outer loop
      vertex -8.20096 17.2045 6
      vertex -5.4352 20.2844 6
      vertex -8.11418 17.0285 6
    endloop
  endfacet
  facet normal 0 0 -1
    outer loop
      vertex -5.4352 20.2844 6
      vertex -8.20096 17.2045 6
      vertex -8.03635 19.4015 6
    endloop
  endfacet
  facet normal 0 0 -1
    outer loop
      vertex -8.30997 17.3676 6
      vertex -8.03635 19.4015 6
      vertex -8.20096 17.2045 6
    endloop
  endfacet
  facet normal 0 0 -1
    outer loop
      vertex -8.43934 17.5151 6
      vertex -8.03635 19.4015 6
      vertex -8.30997 17.3676 6
    endloop
  endfacet
  facet normal 0 0 -1
    outer loop
      vertex -8.58686 17.6445 6
      vertex -8.03635 19.4015 6
      vertex -8.43934 17.5151 6
    endloop
  endfacet
  facet normal 0 0 -1
    outer loop
      vertex -8.75 17.7535 6
      vertex -8.03635 19.4015 6
      vertex -8.58686 17.6445 6
    endloop
  endfacet
  facet normal 0 0 -1
    outer loop
      vertex -8.92597 17.8403 6
      vertex -8.03635 19.4015 6
      vertex -8.75 17.7535 6
    endloop
  endfacet
  facet normal 0 0 -1
    outer loop
      vertex -9.11177 17.9034 6
      vertex -8.03635 19.4015 6
      vertex -8.92597 17.8403 6
    endloop
  endfacet
  facet normal 0 0 -1
    outer loop
      vertex -9.30421 17.9417 6
      vertex -8.03635 19.4015 6
      vertex -9.11177 17.9034 6
    endloop
  endfacet
  facet normal 0 0 -1
    outer loop
      vertex -9.5 17.9545 6
      vertex -8.03635 19.4015 6
      vertex -9.30421 17.9417 6
    endloop
  endfacet
  facet normal 0 0 -1
    outer loop
      vertex -10.5 18.1865 6
      vertex -9.5 17.9545 6
      vertex -9.69579 17.9417 6
    endloop
  endfacet
  facet normal 0 0 -1
    outer loop
      vertex -10.5 18.1865 6
      vertex -9.69579 17.9417 6
      vertex -9.88823 17.9034 6
    endloop
  endfacet
  facet normal 0 0 -1
    outer loop
      vertex -10.5 18.1865 6
      vertex -9.88823 17.9034 6
      vertex -10.074 17.8403 6
    endloop
  endfacet
  facet normal 0 0 -1
    outer loop
      vertex -10.5 18.1865 6
      vertex -10.074 17.8403 6
      vertex -10.25 17.7535 6
    endloop
  endfacet
  facet normal 0 0 -1
    outer loop
      vertex -10.5 18.1865 6
      vertex -10.25 17.7535 6
      vertex -10.4131 17.6445 6
    endloop
  endfacet
  facet normal 0 0 -1
    outer loop
      vertex -9.5 17.9545 6
      vertex -10.5 18.1865 6
      vertex -8.03635 19.4015 6
    endloop
  endfacet
  facet normal 0 0 -1
    outer loop
      vertex -10.5607 17.5151 6
      vertex -10.5 18.1865 6
      vertex -10.4131 17.6445 6
    endloop
  endfacet
  facet normal 0 0 -1
    outer loop
      vertex -10.69 17.3676 6
      vertex -10.5 18.1865 6
      vertex -10.5607 17.5151 6
    endloop
  endfacet
  facet normal 0 0 -1
    outer loop
      vertex -10.799 17.2045 6
      vertex -10.5 18.1865 6
      vertex -10.69 17.3676 6
    endloop
  endfacet
  facet normal 0 0 -1
    outer loop
      vertex -12.784 16.6604 6
      vertex -10.799 17.2045 6
      vertex -10.8858 17.0285 6
    endloop
  endfacet
  facet normal 0 0 -1
    outer loop
      vertex -12.784 16.6604 6
      vertex -10.8858 17.0285 6
      vertex -10.9489 16.8427 6
    endloop
  endfacet
  facet normal 0 0 -1
    outer loop
      vertex -14.8492 14.8492 6
      vertex -11.3137 11.3137 6
      vertex -12.6937 9.74018 6
    endloop
  endfacet
  facet normal 0 0 -1
    outer loop
      vertex -10.9489 16.0663 6
      vertex -12.784 16.6604 6
      vertex -10.9872 16.2587 6
    endloop
  endfacet
  facet normal 0 0 -1
    outer loop
      vertex -10.9872 16.2587 6
      vertex -12.784 16.6604 6
      vertex -11 16.4545 6
    endloop
  endfacet
  facet normal -0 0 -1
    outer loop
      vertex -10.799 17.2045 6
      vertex -12.784 16.6604 6
      vertex -10.5 18.1865 6
    endloop
  endfacet
  facet normal 0 0 -1
    outer loop
      vertex -10.9872 16.6503 6
      vertex -12.784 16.6604 6
      vertex -10.9489 16.8427 6
    endloop
  endfacet
  facet normal 0 0 -1
    outer loop
      vertex -16.6604 12.784 6
      vertex -12.6937 9.74018 6
      vertex -13.8564 8 6
    endloop
  endfacet
  facet normal 0 0 -1
    outer loop
      vertex -16.6604 12.784 6
      vertex -13.8564 8 6
      vertex -14.7821 6.12293 6
    endloop
  endfacet
  facet normal 0 0 -1
    outer loop
      vertex -11 16.4545 6
      vertex -12.784 16.6604 6
      vertex -10.9872 16.6503 6
    endloop
  endfacet
  facet normal 0 0 -1
    outer loop
      vertex -16.6604 12.784 6
      vertex -14.7821 6.12293 6
      vertex -15.4548 4.1411 6
    endloop
  endfacet
  facet normal 0 0 -1
    outer loop
      vertex -17.5511 0.388228 6
      vertex -16 0 6
      vertex -17.5128 0.195788 6
    endloop
  endfacet
  facet normal 0 0 -1
    outer loop
      vertex -12.6937 9.74018 6
      vertex -16.6604 12.784 6
      vertex -14.8492 14.8492 6
    endloop
  endfacet
  facet normal 0 0 -1
    outer loop
      vertex -17.5128 0.195788 6
      vertex -16 0 6
      vertex -17.5 0 6
    endloop
  endfacet
  facet normal 0 0 -1
    outer loop
      vertex -20.2844 -5.4352 6
      vertex -15.4548 -4.1411 6
      vertex -19.4015 -8.03635 6
    endloop
  endfacet
  facet normal 0 0 -1
    outer loop
      vertex -17.6142 0.574024 6
      vertex -16 0 6
      vertex -17.5511 0.388228 6
    endloop
  endfacet
  facet normal -0 0 -1
    outer loop
      vertex -16 0 6
      vertex -17.5128 -0.195788 6
      vertex -17.5 0 6
    endloop
  endfacet
  facet normal 0 0 -1
    outer loop
      vertex -16 0 6
      vertex -17.5511 -0.388228 6
      vertex -17.5128 -0.195788 6
    endloop
  endfacet
  facet normal 0 0 -1
    outer loop
      vertex -16 0 6
      vertex -17.6142 -0.574024 6
      vertex -17.5511 -0.388228 6
    endloop
  endfacet
  facet normal 0 0 -1
    outer loop
      vertex -15.8631 -2.08842 6
      vertex -17.6142 -0.574024 6
      vertex -16 0 6
    endloop
  endfacet
  facet normal 0 -0 -1
    outer loop
      vertex -18.6118 -1.44889 6
      vertex -15.4548 -4.1411 6
      vertex -20.2844 -5.4352 6
    endloop
  endfacet
  facet normal 0 -0 -1
    outer loop
      vertex -17.6142 -0.574024 6
      vertex -15.8631 -2.08842 6
      vertex -17.701 -0.75 6
    endloop
  endfacet
  facet normal 0 -0 -1
    outer loop
      vertex -17.81 -0.913141 6
      vertex -15.8631 -2.08842 6
      vertex -17.9393 -1.06066 6
    endloop
  endfacet
  facet normal 0 -0 -1
    outer loop
      vertex -17.701 -0.75 6
      vertex -15.8631 -2.08842 6
      vertex -17.81 -0.913141 6
    endloop
  endfacet
  facet normal 0 0 -1
    outer loop
      vertex -15.8631 -2.08842 6
      vertex -18.0869 -1.19003 6
      vertex -17.9393 -1.06066 6
    endloop
  endfacet
  facet normal 0 0 -1
    outer loop
      vertex -15.8631 -2.08842 6
      vertex -18.25 -1.29904 6
      vertex -18.0869 -1.19003 6
    endloop
  endfacet
  facet normal 0 -0 -1
    outer loop
      vertex -18.426 -1.38582 6
      vertex -15.4548 -4.1411 6
      vertex -18.6118 -1.44889 6
    endloop
  endfacet
  facet normal 0 0 -1
    outer loop
      vertex -15.8631 -2.08842 6
      vertex -18.426 -1.38582 6
      vertex -18.25 -1.29904 6
    endloop
  endfacet
  facet normal 0 0 -1
    outer loop
      vertex -15.4548 -4.1411 6
      vertex -18.426 -1.38582 6
      vertex -15.8631 -2.08842 6
    endloop
  endfacet
  facet normal 0 0 -1
    outer loop
      vertex -18.6118 -1.44889 6
      vertex -20.2844 -5.4352 6
      vertex -18.8042 -1.48717 6
    endloop
  endfacet
  facet normal 0 0 -1
    outer loop
      vertex -18.8042 -1.48717 6
      vertex -20.2844 -5.4352 6
      vertex -19 -1.5 6
    endloop
  endfacet
  facet normal 0 0 -1
    outer loop
      vertex -20.8203 -2.74105 6
      vertex -19 -1.5 6
      vertex -20.2844 -5.4352 6
    endloop
  endfacet
  facet normal -0 0 -1
    outer loop
      vertex -19 -1.5 6
      vertex -20.8203 -2.74105 6
      vertex -19.1958 -1.48717 6
    endloop
  endfacet
  facet normal -0 0 -1
    outer loop
      vertex -19.1958 -1.48717 6
      vertex -20.8203 -2.74105 6
      vertex -19.3882 -1.44889 6
    endloop
  endfacet
  facet normal -0 0 -1
    outer loop
      vertex -19.3882 -1.44889 6
      vertex -20.8203 -2.74105 6
      vertex -19.574 -1.38582 6
    endloop
  endfacet
  facet normal -0 0 -1
    outer loop
      vertex -19.574 -1.38582 6
      vertex -20.8203 -2.74105 6
      vertex -19.75 -1.29904 6
    endloop
  endfacet
  facet normal -0 0 -1
    outer loop
      vertex -19.75 -1.29904 6
      vertex -20.8203 -2.74105 6
      vertex -19.9131 -1.19003 6
    endloop
  endfacet
  facet normal -0 0 -1
    outer loop
      vertex -19.9131 -1.19003 6
      vertex -20.8203 -2.74105 6
      vertex -20.0607 -1.06066 6
    endloop
  endfacet
  facet normal -0 0 -1
    outer loop
      vertex -20.0607 -1.06066 6
      vertex -20.8203 -2.74105 6
      vertex -20.19 -0.913141 6
    endloop
  endfacet
  facet normal -0 0 -1
    outer loop
      vertex -20.19 -0.913141 6
      vertex -20.8203 -2.74105 6
      vertex -20.299 -0.75 6
    endloop
  endfacet
  facet normal 0 0 -1
    outer loop
      vertex -21 0 6
      vertex -20.299 -0.75 6
      vertex -20.8203 -2.74105 6
    endloop
  endfacet
  facet normal 0 0 -1
    outer loop
      vertex -20.299 -0.75 6
      vertex -21 0 6
      vertex -20.3858 -0.574024 6
    endloop
  endfacet
  facet normal 0 0 -1
    outer loop
      vertex -20.3858 -0.574024 6
      vertex -21 0 6
      vertex -20.4489 -0.388228 6
    endloop
  endfacet
  facet normal 0 0 -1
    outer loop
      vertex -20.4489 -0.388228 6
      vertex -21 0 6
      vertex -20.4872 -0.195788 6
    endloop
  endfacet
  facet normal 0 0 -1
    outer loop
      vertex 12.784 16.6604 6
      vertex 10.9872 16.2587 6
      vertex 11 16.4545 6
    endloop
  endfacet
  facet normal 0 0 -1
    outer loop
      vertex 14.8492 14.8492 6
      vertex 10.9489 16.0663 6
      vertex 10.9872 16.2587 6
    endloop
  endfacet
  facet normal 0 0 -1
    outer loop
      vertex 14.8492 14.8492 6
      vertex 10.8858 15.8805 6
      vertex 10.9489 16.0663 6
    endloop
  endfacet
  facet normal 0 0 -1
    outer loop
      vertex 14.8492 14.8492 6
      vertex 10.799 15.7045 6
      vertex 10.8858 15.8805 6
    endloop
  endfacet
  facet normal 0 0 -1
    outer loop
      vertex 14.8492 14.8492 6
      vertex 10.69 15.5413 6
      vertex 10.799 15.7045 6
    endloop
  endfacet
  facet normal 0 0 -1
    outer loop
      vertex 14.8492 14.8492 6
      vertex 10.5607 15.3938 6
      vertex 10.69 15.5413 6
    endloop
  endfacet
  facet normal 0 0 -1
    outer loop
      vertex 11.3137 11.3137 6
      vertex 10.4131 15.2645 6
      vertex 10.5607 15.3938 6
    endloop
  endfacet
  facet normal 0 0 -1
    outer loop
      vertex 9.74018 12.6937 6
      vertex 10.4131 15.2645 6
      vertex 11.3137 11.3137 6
    endloop
  endfacet
  facet normal 0 0 -1
    outer loop
      vertex 10.4131 15.2645 6
      vertex 9.74018 12.6937 6
      vertex 10.25 15.1554 6
    endloop
  endfacet
  facet normal 0 0 -1
    outer loop
      vertex 10.25 15.1554 6
      vertex 9.74018 12.6937 6
      vertex 10.074 15.0687 6
    endloop
  endfacet
  facet normal 0 0 -1
    outer loop
      vertex 10.074 15.0687 6
      vertex 9.74018 12.6937 6
      vertex 9.88823 15.0056 6
    endloop
  endfacet
  facet normal 0 0 -1
    outer loop
      vertex 9.74018 12.6937 6
      vertex 9.69579 14.9673 6
      vertex 9.88823 15.0056 6
    endloop
  endfacet
  facet normal 0 0 -1
    outer loop
      vertex 9.74018 12.6937 6
      vertex 9.5 14.9545 6
      vertex 9.69579 14.9673 6
    endloop
  endfacet
  facet normal 0 0 -1
    outer loop
      vertex 9.74018 12.6937 6
      vertex 9.30421 14.9673 6
      vertex 9.5 14.9545 6
    endloop
  endfacet
  facet normal 0 0 -1
    outer loop
      vertex 8 13.8564 6
      vertex 9.30421 14.9673 6
      vertex 9.74018 12.6937 6
    endloop
  endfacet
  facet normal -0 0 -1
    outer loop
      vertex 9.30421 14.9673 6
      vertex 8 13.8564 6
      vertex 9.11177 15.0056 6
    endloop
  endfacet
  facet normal -0 0 -1
    outer loop
      vertex 9.11177 15.0056 6
      vertex 8 13.8564 6
      vertex 8.92597 15.0687 6
    endloop
  endfacet
  facet normal -0 0 -1
    outer loop
      vertex 8.92597 15.0687 6
      vertex 8 13.8564 6
      vertex 8.75 15.1554 6
    endloop
  endfacet
  facet normal -0 0 -1
    outer loop
      vertex 8.75 15.1554 6
      vertex 8 13.8564 6
      vertex 8.58686 15.2645 6
    endloop
  endfacet
  facet normal -0 0 -1
    outer loop
      vertex 8.58686 15.2645 6
      vertex 8 13.8564 6
      vertex 8.43934 15.3938 6
    endloop
  endfacet
  facet normal -0 0 -1
    outer loop
      vertex 8.43934 15.3938 6
      vertex 8 13.8564 6
      vertex 8.30997 15.5413 6
    endloop
  endfacet
  facet normal 0 0 -1
    outer loop
      vertex 6.12293 14.7821 6
      vertex 8.30997 15.5413 6
      vertex 8 13.8564 6
    endloop
  endfacet
  facet normal -0 0 -1
    outer loop
      vertex 8.30997 15.5413 6
      vertex 6.12293 14.7821 6
      vertex 8.20096 15.7045 6
    endloop
  endfacet
  facet normal -0 0 -1
    outer loop
      vertex 8.20096 15.7045 6
      vertex 6.12293 14.7821 6
      vertex 8.11418 15.8805 6
    endloop
  endfacet
  facet normal -0 0 -1
    outer loop
      vertex 8.11418 15.8805 6
      vertex 6.12293 14.7821 6
      vertex 8.05111 16.0663 6
    endloop
  endfacet
  facet normal -0 0 -1
    outer loop
      vertex 8.05111 16.0663 6
      vertex 6.12293 14.7821 6
      vertex 8.01283 16.2587 6
    endloop
  endfacet
  facet normal -0 0 -1
    outer loop
      vertex 8.01283 16.2587 6
      vertex 6.12293 14.7821 6
      vertex 8 16.4545 6
    endloop
  endfacet
  facet normal 0 0 -1
    outer loop
      vertex 14.7821 6.12293 6
      vertex 19.4015 8.03635 6
      vertex 15.4548 4.1411 6
    endloop
  endfacet
  facet normal -0 0 -1
    outer loop
      vertex 19.4015 8.03635 6
      vertex 14.7821 6.12293 6
      vertex 18.1865 10.5 6
    endloop
  endfacet
  facet normal 0 0 -1
    outer loop
      vertex 13.8564 8 6
      vertex 18.1865 10.5 6
      vertex 14.7821 6.12293 6
    endloop
  endfacet
  facet normal -0 0 -1
    outer loop
      vertex 18.1865 10.5 6
      vertex 13.8564 8 6
      vertex 16.6604 12.784 6
    endloop
  endfacet
  facet normal 0 0 -1
    outer loop
      vertex 12.6937 9.74018 6
      vertex 16.6604 12.784 6
      vertex 13.8564 8 6
    endloop
  endfacet
  facet normal -0 0 -1
    outer loop
      vertex 16.6604 12.784 6
      vertex 12.6937 9.74018 6
      vertex 14.8492 14.8492 6
    endloop
  endfacet
  facet normal 0 0 -1
    outer loop
      vertex 11.3137 11.3137 6
      vertex 14.8492 14.8492 6
      vertex 12.6937 9.74018 6
    endloop
  endfacet
  facet normal 0 0 -1
    outer loop
      vertex 10.5607 15.3938 6
      vertex 14.8492 14.8492 6
      vertex 11.3137 11.3137 6
    endloop
  endfacet
  facet normal 0 0 -1
    outer loop
      vertex 14.8492 14.8492 6
      vertex 10.9872 16.2587 6
      vertex 12.784 16.6604 6
    endloop
  endfacet
  facet normal 0 0 -1
    outer loop
      vertex 10.9872 16.6503 6
      vertex 12.784 16.6604 6
      vertex 11 16.4545 6
    endloop
  endfacet
  facet normal 0 0 -1
    outer loop
      vertex 10.9489 16.8427 6
      vertex 12.784 16.6604 6
      vertex 10.9872 16.6503 6
    endloop
  endfacet
  facet normal 0 0 -1
    outer loop
      vertex 10.8858 17.0285 6
      vertex 12.784 16.6604 6
      vertex 10.9489 16.8427 6
    endloop
  endfacet
  facet normal 0 0 -1
    outer loop
      vertex 10.799 17.2045 6
      vertex 12.784 16.6604 6
      vertex 10.8858 17.0285 6
    endloop
  endfacet
  facet normal 0 0 -1
    outer loop
      vertex 10.5 18.1865 6
      vertex 10.799 17.2045 6
      vertex 10.69 17.3676 6
    endloop
  endfacet
  facet normal 0 0 -1
    outer loop
      vertex 10.5 18.1865 6
      vertex 10.69 17.3676 6
      vertex 10.5607 17.5151 6
    endloop
  endfacet
  facet normal 0 0 -1
    outer loop
      vertex 10.799 17.2045 6
      vertex 10.5 18.1865 6
      vertex 12.784 16.6604 6
    endloop
  endfacet
  facet normal 0 0 -1
    outer loop
      vertex 10.4131 17.6445 6
      vertex 10.5 18.1865 6
      vertex 10.5607 17.5151 6
    endloop
  endfacet
  facet normal 0 0 -1
    outer loop
      vertex 10.25 17.7535 6
      vertex 10.5 18.1865 6
      vertex 10.4131 17.6445 6
    endloop
  endfacet
  facet normal 0 0 -1
    outer loop
      vertex 10.074 17.8403 6
      vertex 10.5 18.1865 6
      vertex 10.25 17.7535 6
    endloop
  endfacet
  facet normal 0 0 -1
    outer loop
      vertex 9.88823 17.9034 6
      vertex 10.5 18.1865 6
      vertex 10.074 17.8403 6
    endloop
  endfacet
  facet normal 0 0 -1
    outer loop
      vertex 9.69579 17.9417 6
      vertex 10.5 18.1865 6
      vertex 9.88823 17.9034 6
    endloop
  endfacet
  facet normal 0 0 -1
    outer loop
      vertex 9.5 17.9545 6
      vertex 10.5 18.1865 6
      vertex 9.69579 17.9417 6
    endloop
  endfacet
  facet normal 0 0 -1
    outer loop
      vertex 8.03635 19.4015 6
      vertex 9.5 17.9545 6
      vertex 9.30421 17.9417 6
    endloop
  endfacet
  facet normal 0 0 -1
    outer loop
      vertex 8.03635 19.4015 6
      vertex 9.30421 17.9417 6
      vertex 9.11177 17.9034 6
    endloop
  endfacet
  facet normal 0 0 -1
    outer loop
      vertex 9.5 17.9545 6
      vertex 8.03635 19.4015 6
      vertex 10.5 18.1865 6
    endloop
  endfacet
  facet normal 0 0 -1
    outer loop
      vertex 8.92597 17.8403 6
      vertex 8.03635 19.4015 6
      vertex 9.11177 17.9034 6
    endloop
  endfacet
  facet normal 0 0 -1
    outer loop
      vertex 8.75 17.7535 6
      vertex 8.03635 19.4015 6
      vertex 8.92597 17.8403 6
    endloop
  endfacet
  facet normal 0 0 -1
    outer loop
      vertex 8.58686 17.6445 6
      vertex 8.03635 19.4015 6
      vertex 8.75 17.7535 6
    endloop
  endfacet
  facet normal 0 0 -1
    outer loop
      vertex 8.43934 17.5151 6
      vertex 8.03635 19.4015 6
      vertex 8.58686 17.6445 6
    endloop
  endfacet
  facet normal 0 0 -1
    outer loop
      vertex 8.30997 17.3676 6
      vertex 8.03635 19.4015 6
      vertex 8.43934 17.5151 6
    endloop
  endfacet
  facet normal 0 0 -1
    outer loop
      vertex 8.20096 17.2045 6
      vertex 8.03635 19.4015 6
      vertex 8.30997 17.3676 6
    endloop
  endfacet
  facet normal 0 0 -1
    outer loop
      vertex 5.4352 20.2844 6
      vertex 8.20096 17.2045 6
      vertex 8.11418 17.0285 6
    endloop
  endfacet
  facet normal 0 0 -1
    outer loop
      vertex 5.4352 20.2844 6
      vertex 8.11418 17.0285 6
      vertex 8.05111 16.8427 6
    endloop
  endfacet
  facet normal 0 0 -1
    outer loop
      vertex 4.1411 15.4548 6
      vertex 8.05111 16.8427 6
      vertex 8.01283 16.6503 6
    endloop
  endfacet
  facet normal 0 0 -1
    outer loop
      vertex 6.12293 14.7821 6
      vertex 8.01283 16.6503 6
      vertex 8 16.4545 6
    endloop
  endfacet
  facet normal 0 0 -1
    outer loop
      vertex 8.01283 16.6503 6
      vertex 6.12293 14.7821 6
      vertex 4.1411 15.4548 6
    endloop
  endfacet
  facet normal 0 0 -1
    outer loop
      vertex 8.20096 17.2045 6
      vertex 5.4352 20.2844 6
      vertex 8.03635 19.4015 6
    endloop
  endfacet
  facet normal -0 0 -1
    outer loop
      vertex 8.05111 16.8427 6
      vertex 4.1411 15.4548 6
      vertex 5.4352 20.2844 6
    endloop
  endfacet
  facet normal 0 0 -1
    outer loop
      vertex 4.1411 15.4548 6
      vertex 2.74105 20.8203 6
      vertex 5.4352 20.2844 6
    endloop
  endfacet
  facet normal 0 0 -1
    outer loop
      vertex 2.08842 15.8631 6
      vertex 2.74105 20.8203 6
      vertex 4.1411 15.4548 6
    endloop
  endfacet
  facet normal 0 0 -1
    outer loop
      vertex 2 15.8689 6
      vertex 2.74105 20.8203 6
      vertex 2.08842 15.8631 6
    endloop
  endfacet
  facet normal -0 0 -1
    outer loop
      vertex 2.74105 20.8203 6
      vertex 2 15.8689 6
      vertex 2 20.8689 6
    endloop
  endfacet
  facet normal 0 0 -1
    outer loop
      vertex 10.8858 -15.8805 6
      vertex 12.784 -16.6604 6
      vertex 10.9489 -16.0663 6
    endloop
  endfacet
  facet normal 0 0 -1
    outer loop
      vertex 10.799 -15.7045 6
      vertex 12.784 -16.6604 6
      vertex 10.8858 -15.8805 6
    endloop
  endfacet
  facet normal 0 0 -1
    outer loop
      vertex 12.784 -16.6604 6
      vertex 10.799 -15.7045 6
      vertex 14.8492 -14.8492 6
    endloop
  endfacet
  facet normal 0 0 -1
    outer loop
      vertex 10.69 -15.5413 6
      vertex 14.8492 -14.8492 6
      vertex 10.799 -15.7045 6
    endloop
  endfacet
  facet normal 0 0 -1
    outer loop
      vertex 10.5607 -15.3938 6
      vertex 14.8492 -14.8492 6
      vertex 10.69 -15.5413 6
    endloop
  endfacet
  facet normal -0 0 -1
    outer loop
      vertex 14.8492 -14.8492 6
      vertex 10.5607 -15.3938 6
      vertex 11.3137 -11.3137 6
    endloop
  endfacet
  facet normal 0 0 -1
    outer loop
      vertex 10.4131 -15.2645 6
      vertex 11.3137 -11.3137 6
      vertex 10.5607 -15.3938 6
    endloop
  endfacet
  facet normal 0 0 -1
    outer loop
      vertex 9.74018 -12.6937 6
      vertex 10.4131 -15.2645 6
      vertex 10.25 -15.1554 6
    endloop
  endfacet
  facet normal 0 0 -1
    outer loop
      vertex 9.74018 -12.6937 6
      vertex 10.25 -15.1554 6
      vertex 10.074 -15.0687 6
    endloop
  endfacet
  facet normal 0 0 -1
    outer loop
      vertex 9.74018 -12.6937 6
      vertex 10.074 -15.0687 6
      vertex 9.88823 -15.0056 6
    endloop
  endfacet
  facet normal 0 0 -1
    outer loop
      vertex 10.4131 -15.2645 6
      vertex 9.74018 -12.6937 6
      vertex 11.3137 -11.3137 6
    endloop
  endfacet
  facet normal 0 0 -1
    outer loop
      vertex 9.69579 -14.9673 6
      vertex 9.74018 -12.6937 6
      vertex 9.88823 -15.0056 6
    endloop
  endfacet
  facet normal 0 0 -1
    outer loop
      vertex 9.5 -14.9545 6
      vertex 9.74018 -12.6937 6
      vertex 9.69579 -14.9673 6
    endloop
  endfacet
  facet normal 0 0 -1
    outer loop
      vertex 9.30421 -14.9673 6
      vertex 9.74018 -12.6937 6
      vertex 9.5 -14.9545 6
    endloop
  endfacet
  facet normal 0 0 -1
    outer loop
      vertex 8 -13.8564 6
      vertex 9.30421 -14.9673 6
      vertex 9.11177 -15.0056 6
    endloop
  endfacet
  facet normal 0 0 -1
    outer loop
      vertex 8 -13.8564 6
      vertex 9.11177 -15.0056 6
      vertex 8.92597 -15.0687 6
    endloop
  endfacet
  facet normal 0 0 -1
    outer loop
      vertex 8 -13.8564 6
      vertex 8.92597 -15.0687 6
      vertex 8.75 -15.1554 6
    endloop
  endfacet
  facet normal 0 0 -1
    outer loop
      vertex 8 -13.8564 6
      vertex 8.75 -15.1554 6
      vertex 8.58686 -15.2645 6
    endloop
  endfacet
  facet normal 0 0 -1
    outer loop
      vertex 8 -13.8564 6
      vertex 8.58686 -15.2645 6
      vertex 8.43934 -15.3938 6
    endloop
  endfacet
  facet normal 0 0 -1
    outer loop
      vertex 8 -13.8564 6
      vertex 8.43934 -15.3938 6
      vertex 8.30997 -15.5413 6
    endloop
  endfacet
  facet normal 0 0 -1
    outer loop
      vertex 6.12293 -14.7821 6
      vertex 8.30997 -15.5413 6
      vertex 8.20096 -15.7045 6
    endloop
  endfacet
  facet normal 0 0 -1
    outer loop
      vertex 9.30421 -14.9673 6
      vertex 8 -13.8564 6
      vertex 9.74018 -12.6937 6
    endloop
  endfacet
  facet normal 0 0 -1
    outer loop
      vertex 6.12293 -14.7821 6
      vertex 8.20096 -15.7045 6
      vertex 8.11418 -15.8805 6
    endloop
  endfacet
  facet normal 0 0 -1
    outer loop
      vertex 6.12293 -14.7821 6
      vertex 8.11418 -15.8805 6
      vertex 8.05111 -16.0663 6
    endloop
  endfacet
  facet normal 0 0 -1
    outer loop
      vertex 6.12293 -14.7821 6
      vertex 8.05111 -16.0663 6
      vertex 8.01283 -16.2587 6
    endloop
  endfacet
  facet normal 0 0 -1
    outer loop
      vertex 6.12293 -14.7821 6
      vertex 8.01283 -16.2587 6
      vertex 8 -16.4545 6
    endloop
  endfacet
  facet normal 0 0 -1
    outer loop
      vertex 20.299 -0.75 6
      vertex 21 0 6
      vertex 20.8203 -2.74105 6
    endloop
  endfacet
  facet normal 0 0 -1
    outer loop
      vertex 20.4872 0.195788 6
      vertex 21 0 6
      vertex 20.5 0 6
    endloop
  endfacet
  facet normal -0 0 -1
    outer loop
      vertex 21 0 6
      vertex 20.4872 -0.195788 6
      vertex 20.5 0 6
    endloop
  endfacet
  facet normal 0 0 -1
    outer loop
      vertex 21 0 6
      vertex 20.4489 -0.388228 6
      vertex 20.4872 -0.195788 6
    endloop
  endfacet
  facet normal 0 0 -1
    outer loop
      vertex 21 0 6
      vertex 20.3858 -0.574024 6
      vertex 20.4489 -0.388228 6
    endloop
  endfacet
  facet normal 0 0 -1
    outer loop
      vertex 21 0 6
      vertex 20.299 -0.75 6
      vertex 20.3858 -0.574024 6
    endloop
  endfacet
  facet normal 0 0 -1
    outer loop
      vertex 19 -1.5 6
      vertex 20.8203 -2.74105 6
      vertex 20.2844 -5.4352 6
    endloop
  endfacet
  facet normal 0 0 -1
    outer loop
      vertex 20.8203 -2.74105 6
      vertex 20.19 -0.913141 6
      vertex 20.299 -0.75 6
    endloop
  endfacet
  facet normal 0 0 -1
    outer loop
      vertex 20.8203 -2.74105 6
      vertex 20.0607 -1.06066 6
      vertex 20.19 -0.913141 6
    endloop
  endfacet
  facet normal 0 0 -1
    outer loop
      vertex 20.8203 -2.74105 6
      vertex 19.9131 -1.19003 6
      vertex 20.0607 -1.06066 6
    endloop
  endfacet
  facet normal 0 0 -1
    outer loop
      vertex 20.8203 -2.74105 6
      vertex 19.75 -1.29904 6
      vertex 19.9131 -1.19003 6
    endloop
  endfacet
  facet normal 0 0 -1
    outer loop
      vertex 20.8203 -2.74105 6
      vertex 19.574 -1.38582 6
      vertex 19.75 -1.29904 6
    endloop
  endfacet
  facet normal 0 0 -1
    outer loop
      vertex 15.4548 -4.1411 6
      vertex 20.2844 -5.4352 6
      vertex 19.4015 -8.03635 6
    endloop
  endfacet
  facet normal 0 0 -1
    outer loop
      vertex 20.8203 -2.74105 6
      vertex 19.3882 -1.44889 6
      vertex 19.574 -1.38582 6
    endloop
  endfacet
  facet normal 0 0 -1
    outer loop
      vertex 20.8203 -2.74105 6
      vertex 19.1958 -1.48717 6
      vertex 19.3882 -1.44889 6
    endloop
  endfacet
  facet normal 0 0 -1
    outer loop
      vertex 20.8203 -2.74105 6
      vertex 19 -1.5 6
      vertex 19.1958 -1.48717 6
    endloop
  endfacet
  facet normal 0 0 -1
    outer loop
      vertex 20.2844 -5.4352 6
      vertex 18.8042 -1.48717 6
      vertex 19 -1.5 6
    endloop
  endfacet
  facet normal 0 -0 -1
    outer loop
      vertex 18.6118 -1.44889 6
      vertex 20.2844 -5.4352 6
      vertex 15.4548 -4.1411 6
    endloop
  endfacet
  facet normal 0 0 -1
    outer loop
      vertex 20.2844 -5.4352 6
      vertex 18.6118 -1.44889 6
      vertex 18.8042 -1.48717 6
    endloop
  endfacet
  facet normal -0 0 -1
    outer loop
      vertex 18.6118 -1.44889 6
      vertex 15.4548 -4.1411 6
      vertex 18.426 -1.38582 6
    endloop
  endfacet
  facet normal 0 0 -1
    outer loop
      vertex 14.7821 -6.12293 6
      vertex 19.4015 -8.03635 6
      vertex 18.1865 -10.5 6
    endloop
  endfacet
  facet normal 0 -0 -1
    outer loop
      vertex 15.8631 -2.08842 6
      vertex 18.426 -1.38582 6
      vertex 15.4548 -4.1411 6
    endloop
  endfacet
  facet normal -0 0 -1
    outer loop
      vertex 18.426 -1.38582 6
      vertex 15.8631 -2.08842 6
      vertex 18.25 -1.29904 6
    endloop
  endfacet
  facet normal -0 0 -1
    outer loop
      vertex 18.25 -1.29904 6
      vertex 15.8631 -2.08842 6
      vertex 18.0869 -1.19003 6
    endloop
  endfacet
  facet normal -0 0 -1
    outer loop
      vertex 18.0869 -1.19003 6
      vertex 15.8631 -2.08842 6
      vertex 17.9393 -1.06066 6
    endloop
  endfacet
  facet normal -0 0 -1
    outer loop
      vertex 17.9393 -1.06066 6
      vertex 15.8631 -2.08842 6
      vertex 17.81 -0.913141 6
    endloop
  endfacet
  facet normal -0 0 -1
    outer loop
      vertex 17.81 -0.913141 6
      vertex 15.8631 -2.08842 6
      vertex 17.701 -0.75 6
    endloop
  endfacet
  facet normal -0 0 -1
    outer loop
      vertex 17.701 -0.75 6
      vertex 15.8631 -2.08842 6
      vertex 17.6142 -0.574024 6
    endloop
  endfacet
  facet normal 0 -0 -1
    outer loop
      vertex 16 0 6
      vertex 17.6142 -0.574024 6
      vertex 15.8631 -2.08842 6
    endloop
  endfacet
  facet normal 0 0 -1
    outer loop
      vertex 13.8564 -8 6
      vertex 18.1865 -10.5 6
      vertex 16.6604 -12.784 6
    endloop
  endfacet
  facet normal 0 0 -1
    outer loop
      vertex 20.4489 0.388228 6
      vertex 21 0 6
      vertex 20.4872 0.195788 6
    endloop
  endfacet
  facet normal 0 0 -1
    outer loop
      vertex 20.3858 0.574024 6
      vertex 21 0 6
      vertex 20.4489 0.388228 6
    endloop
  endfacet
  facet normal 0 0 -1
    outer loop
      vertex 20.299 0.75 6
      vertex 21 0 6
      vertex 20.3858 0.574024 6
    endloop
  endfacet
  facet normal 0 0 -1
    outer loop
      vertex 21 0 6
      vertex 20.299 0.75 6
      vertex 20.8203 2.74105 6
    endloop
  endfacet
  facet normal 0 0 -1
    outer loop
      vertex 20.19 0.913141 6
      vertex 20.8203 2.74105 6
      vertex 20.299 0.75 6
    endloop
  endfacet
  facet normal 0 0 -1
    outer loop
      vertex 20.0607 1.06066 6
      vertex 20.8203 2.74105 6
      vertex 20.19 0.913141 6
    endloop
  endfacet
  facet normal 0 0 -1
    outer loop
      vertex 19.9131 1.19003 6
      vertex 20.8203 2.74105 6
      vertex 20.0607 1.06066 6
    endloop
  endfacet
  facet normal 0 0 -1
    outer loop
      vertex 19.75 1.29904 6
      vertex 20.8203 2.74105 6
      vertex 19.9131 1.19003 6
    endloop
  endfacet
  facet normal 0 0 -1
    outer loop
      vertex 19.574 1.38582 6
      vertex 20.8203 2.74105 6
      vertex 19.75 1.29904 6
    endloop
  endfacet
  facet normal 0 0 -1
    outer loop
      vertex 19.3882 1.44889 6
      vertex 20.8203 2.74105 6
      vertex 19.574 1.38582 6
    endloop
  endfacet
  facet normal 0 0 -1
    outer loop
      vertex 19.1958 1.48717 6
      vertex 20.8203 2.74105 6
      vertex 19.3882 1.44889 6
    endloop
  endfacet
  facet normal 0 0 -1
    outer loop
      vertex 19 1.5 6
      vertex 20.8203 2.74105 6
      vertex 19.1958 1.48717 6
    endloop
  endfacet
  facet normal -0 0 -1
    outer loop
      vertex 20.8203 2.74105 6
      vertex 19 1.5 6
      vertex 20.2844 5.4352 6
    endloop
  endfacet
  facet normal 0 0 -1
    outer loop
      vertex 18.8042 1.48717 6
      vertex 20.2844 5.4352 6
      vertex 19 1.5 6
    endloop
  endfacet
  facet normal 0 0 -1
    outer loop
      vertex 18.6118 1.44889 6
      vertex 20.2844 5.4352 6
      vertex 18.8042 1.48717 6
    endloop
  endfacet
  facet normal 0 0 -1
    outer loop
      vertex 15.4548 4.1411 6
      vertex 18.426 1.38582 6
      vertex 15.8631 2.08842 6
    endloop
  endfacet
  facet normal 0 0 -1
    outer loop
      vertex 15.8631 2.08842 6
      vertex 18.426 1.38582 6
      vertex 18.25 1.29904 6
    endloop
  endfacet
  facet normal 0 0 -1
    outer loop
      vertex 18.426 1.38582 6
      vertex 15.4548 4.1411 6
      vertex 18.6118 1.44889 6
    endloop
  endfacet
  facet normal 0 0 -1
    outer loop
      vertex 15.8631 2.08842 6
      vertex 18.25 1.29904 6
      vertex 18.0869 1.19003 6
    endloop
  endfacet
  facet normal 0 0 -1
    outer loop
      vertex 17.9393 1.06066 6
      vertex 15.8631 2.08842 6
      vertex 18.0869 1.19003 6
    endloop
  endfacet
  facet normal 0 0 -1
    outer loop
      vertex 17.81 0.913141 6
      vertex 15.8631 2.08842 6
      vertex 17.9393 1.06066 6
    endloop
  endfacet
  facet normal 0 0 -1
    outer loop
      vertex 17.701 0.75 6
      vertex 15.8631 2.08842 6
      vertex 17.81 0.913141 6
    endloop
  endfacet
  facet normal 0 0 -1
    outer loop
      vertex 17.6142 0.574024 6
      vertex 15.8631 2.08842 6
      vertex 17.701 0.75 6
    endloop
  endfacet
  facet normal 0 0 -1
    outer loop
      vertex 15.8631 2.08842 6
      vertex 17.6142 0.574024 6
      vertex 16 0 6
    endloop
  endfacet
  facet normal 0 0 -1
    outer loop
      vertex 16 0 6
      vertex 17.6142 0.574024 6
      vertex 17.5511 0.388228 6
    endloop
  endfacet
  facet normal 0 0 -1
    outer loop
      vertex 16 0 6
      vertex 17.5511 0.388228 6
      vertex 17.5128 0.195788 6
    endloop
  endfacet
  facet normal 0 0 -1
    outer loop
      vertex 16 0 6
      vertex 17.5128 0.195788 6
      vertex 17.5 0 6
    endloop
  endfacet
  facet normal 0 0 -1
    outer loop
      vertex 17.6142 -0.574024 6
      vertex 16 0 6
      vertex 17.5511 -0.388228 6
    endloop
  endfacet
  facet normal 0 0 -1
    outer loop
      vertex 18.6118 1.44889 6
      vertex 15.4548 4.1411 6
      vertex 20.2844 5.4352 6
    endloop
  endfacet
  facet normal -0 0 -1
    outer loop
      vertex 20.2844 5.4352 6
      vertex 15.4548 4.1411 6
      vertex 19.4015 8.03635 6
    endloop
  endfacet
  facet normal 0 0 -1
    outer loop
      vertex 17.5128 -0.195788 6
      vertex 16 0 6
      vertex 17.5 0 6
    endloop
  endfacet
  facet normal 0 0 -1
    outer loop
      vertex 17.5511 -0.388228 6
      vertex 16 0 6
      vertex 17.5128 -0.195788 6
    endloop
  endfacet
  facet normal 0 0 -1
    outer loop
      vertex 12.6937 -9.74018 6
      vertex 16.6604 -12.784 6
      vertex 14.8492 -14.8492 6
    endloop
  endfacet
  facet normal 0 0 -1
    outer loop
      vertex 19.4015 -8.03635 6
      vertex 14.7821 -6.12293 6
      vertex 15.4548 -4.1411 6
    endloop
  endfacet
  facet normal 0 0 -1
    outer loop
      vertex 18.1865 -10.5 6
      vertex 13.8564 -8 6
      vertex 14.7821 -6.12293 6
    endloop
  endfacet
  facet normal 0 0 -1
    outer loop
      vertex 10.9489 -16.0663 6
      vertex 12.784 -16.6604 6
      vertex 10.9872 -16.2587 6
    endloop
  endfacet
  facet normal 0 0 -1
    outer loop
      vertex 16.6604 -12.784 6
      vertex 12.6937 -9.74018 6
      vertex 13.8564 -8 6
    endloop
  endfacet
  facet normal 0 0 -1
    outer loop
      vertex 14.8492 -14.8492 6
      vertex 11.3137 -11.3137 6
      vertex 12.6937 -9.74018 6
    endloop
  endfacet
  facet normal 0 0 -1
    outer loop
      vertex 10.9872 -16.2587 6
      vertex 12.784 -16.6604 6
      vertex 11 -16.4545 6
    endloop
  endfacet
  facet normal 0 0 -1
    outer loop
      vertex 12.784 -16.6604 6
      vertex 10.9872 -16.6503 6
      vertex 11 -16.4545 6
    endloop
  endfacet
  facet normal -0 0 -1
    outer loop
      vertex 12.784 -16.6604 6
      vertex 10.9489 -16.8427 6
      vertex 10.9872 -16.6503 6
    endloop
  endfacet
  facet normal 0 0 -1
    outer loop
      vertex 12.784 -16.6604 6
      vertex 10.8858 -17.0285 6
      vertex 10.9489 -16.8427 6
    endloop
  endfacet
  facet normal 0 0 -1
    outer loop
      vertex 12.784 -16.6604 6
      vertex 10.799 -17.2045 6
      vertex 10.8858 -17.0285 6
    endloop
  endfacet
  facet normal 0 0 -1
    outer loop
      vertex 10.5 -18.1865 6
      vertex 10.799 -17.2045 6
      vertex 12.784 -16.6604 6
    endloop
  endfacet
  facet normal 0 0 -1
    outer loop
      vertex 10.799 -17.2045 6
      vertex 10.5 -18.1865 6
      vertex 10.69 -17.3676 6
    endloop
  endfacet
  facet normal 0 0 -1
    outer loop
      vertex 10.69 -17.3676 6
      vertex 10.5 -18.1865 6
      vertex 10.5607 -17.5151 6
    endloop
  endfacet
  facet normal 0 0 -1
    outer loop
      vertex 10.5 -18.1865 6
      vertex 10.4131 -17.6445 6
      vertex 10.5607 -17.5151 6
    endloop
  endfacet
  facet normal 0 0 -1
    outer loop
      vertex 10.5 -18.1865 6
      vertex 10.25 -17.7535 6
      vertex 10.4131 -17.6445 6
    endloop
  endfacet
  facet normal 0 0 -1
    outer loop
      vertex 10.5 -18.1865 6
      vertex 10.074 -17.8403 6
      vertex 10.25 -17.7535 6
    endloop
  endfacet
  facet normal 0 0 -1
    outer loop
      vertex 10.5 -18.1865 6
      vertex 9.88823 -17.9034 6
      vertex 10.074 -17.8403 6
    endloop
  endfacet
  facet normal 0 0 -1
    outer loop
      vertex 10.5 -18.1865 6
      vertex 9.69579 -17.9417 6
      vertex 9.88823 -17.9034 6
    endloop
  endfacet
  facet normal 0 0 -1
    outer loop
      vertex 10.5 -18.1865 6
      vertex 9.5 -17.9545 6
      vertex 9.69579 -17.9417 6
    endloop
  endfacet
  facet normal 0 0 -1
    outer loop
      vertex 8.03635 -19.4015 6
      vertex 9.5 -17.9545 6
      vertex 10.5 -18.1865 6
    endloop
  endfacet
  facet normal -0 0 -1
    outer loop
      vertex 9.5 -17.9545 6
      vertex 8.03635 -19.4015 6
      vertex 9.30421 -17.9417 6
    endloop
  endfacet
  facet normal -0 0 -1
    outer loop
      vertex 9.30421 -17.9417 6
      vertex 8.03635 -19.4015 6
      vertex 9.11177 -17.9034 6
    endloop
  endfacet
  facet normal 0 0 -1
    outer loop
      vertex 8.03635 -19.4015 6
      vertex 8.92597 -17.8403 6
      vertex 9.11177 -17.9034 6
    endloop
  endfacet
  facet normal 0 0 -1
    outer loop
      vertex 8.03635 -19.4015 6
      vertex 8.75 -17.7535 6
      vertex 8.92597 -17.8403 6
    endloop
  endfacet
  facet normal 0 0 -1
    outer loop
      vertex 8.03635 -19.4015 6
      vertex 8.58686 -17.6445 6
      vertex 8.75 -17.7535 6
    endloop
  endfacet
  facet normal 0 0 -1
    outer loop
      vertex 8.03635 -19.4015 6
      vertex 8.43934 -17.5151 6
      vertex 8.58686 -17.6445 6
    endloop
  endfacet
  facet normal 0 0 -1
    outer loop
      vertex 8.03635 -19.4015 6
      vertex 8.30997 -17.3676 6
      vertex 8.43934 -17.5151 6
    endloop
  endfacet
  facet normal 0 0 -1
    outer loop
      vertex 8.03635 -19.4015 6
      vertex 8.20096 -17.2045 6
      vertex 8.30997 -17.3676 6
    endloop
  endfacet
  facet normal 0 0 -1
    outer loop
      vertex 5.4352 -20.2844 6
      vertex 8.20096 -17.2045 6
      vertex 8.03635 -19.4015 6
    endloop
  endfacet
  facet normal -0 0 -1
    outer loop
      vertex 8.20096 -17.2045 6
      vertex 5.4352 -20.2844 6
      vertex 8.11418 -17.0285 6
    endloop
  endfacet
  facet normal -0 0 -1
    outer loop
      vertex 8.11418 -17.0285 6
      vertex 5.4352 -20.2844 6
      vertex 8.05111 -16.8427 6
    endloop
  endfacet
  facet normal 0 0 -1
    outer loop
      vertex 4.1411 -15.4548 6
      vertex 8.05111 -16.8427 6
      vertex 5.4352 -20.2844 6
    endloop
  endfacet
  facet normal 0 0 -1
    outer loop
      vertex 8.30997 -15.5413 6
      vertex 6.12293 -14.7821 6
      vertex 8 -13.8564 6
    endloop
  endfacet
  facet normal 0 0 -1
    outer loop
      vertex 8.05111 -16.8427 6
      vertex 4.1411 -15.4548 6
      vertex 8.01283 -16.6503 6
    endloop
  endfacet
  facet normal 0 -0 -1
    outer loop
      vertex 6.12293 -14.7821 6
      vertex 8.01283 -16.6503 6
      vertex 4.1411 -15.4548 6
    endloop
  endfacet
  facet normal 0 0 -1
    outer loop
      vertex 8.01283 -16.6503 6
      vertex 6.12293 -14.7821 6
      vertex 8 -16.4545 6
    endloop
  endfacet
  facet normal 0 0 -1
    outer loop
      vertex 2.74105 -20.8203 6
      vertex 4.1411 -15.4548 6
      vertex 5.4352 -20.2844 6
    endloop
  endfacet
  facet normal 0 0 -1
    outer loop
      vertex 2.74105 -20.8203 6
      vertex 2.08842 -15.8631 6
      vertex 4.1411 -15.4548 6
    endloop
  endfacet
  facet normal 0 0 -1
    outer loop
      vertex 0 -21 6
      vertex 2.08842 -15.8631 6
      vertex 2.74105 -20.8203 6
    endloop
  endfacet
  facet normal 0 0 -1
    outer loop
      vertex 0 -21 6
      vertex 0 -16 6
      vertex 2.08842 -15.8631 6
    endloop
  endfacet
  facet normal 0 0 -1
    outer loop
      vertex 0 -21 6
      vertex -2.08842 -15.8631 6
      vertex 0 -16 6
    endloop
  endfacet
  facet normal 0 0 -1
    outer loop
      vertex -2.74105 -20.8203 6
      vertex -2.08842 -15.8631 6
      vertex 0 -21 6
    endloop
  endfacet
  facet normal 0 0 -1
    outer loop
      vertex -2.74105 -20.8203 6
      vertex -4.1411 -15.4548 6
      vertex -2.08842 -15.8631 6
    endloop
  endfacet
  facet normal 0 0 -1
    outer loop
      vertex -5.4352 -20.2844 6
      vertex -4.1411 -15.4548 6
      vertex -2.74105 -20.8203 6
    endloop
  endfacet
  facet normal 0 0 -1
    outer loop
      vertex -8.05111 -16.8427 6
      vertex -4.1411 -15.4548 6
      vertex -5.4352 -20.2844 6
    endloop
  endfacet
  facet normal 0 -0 -1
    outer loop
      vertex -8.01283 -16.6503 6
      vertex -4.1411 -15.4548 6
      vertex -8.05111 -16.8427 6
    endloop
  endfacet
  facet normal 0 0 -1
    outer loop
      vertex -6.12293 -14.7821 6
      vertex -8.01283 -16.6503 6
      vertex -8 -16.4545 6
    endloop
  endfacet
  facet normal 0 0 -1
    outer loop
      vertex -8.20096 -17.2045 6
      vertex -5.4352 -20.2844 6
      vertex -8.03635 -19.4015 6
    endloop
  endfacet
  facet normal -0 0 -1
    outer loop
      vertex -4.1411 -15.4548 6
      vertex -8.01283 -16.6503 6
      vertex -6.12293 -14.7821 6
    endloop
  endfacet
  facet normal 0 0 -1
    outer loop
      vertex -5.4352 -20.2844 6
      vertex -8.11418 -17.0285 6
      vertex -8.05111 -16.8427 6
    endloop
  endfacet
  facet normal 0 0 -1
    outer loop
      vertex -5.4352 -20.2844 6
      vertex -8.20096 -17.2045 6
      vertex -8.11418 -17.0285 6
    endloop
  endfacet
  facet normal 0 0 -1
    outer loop
      vertex -8.03635 -19.4015 6
      vertex -8.30997 -17.3676 6
      vertex -8.20096 -17.2045 6
    endloop
  endfacet
  facet normal 0 0 -1
    outer loop
      vertex -8.03635 -19.4015 6
      vertex -8.43934 -17.5151 6
      vertex -8.30997 -17.3676 6
    endloop
  endfacet
  facet normal 0 0 -1
    outer loop
      vertex -8.03635 -19.4015 6
      vertex -8.58686 -17.6445 6
      vertex -8.43934 -17.5151 6
    endloop
  endfacet
  facet normal 0 0 -1
    outer loop
      vertex -8.03635 -19.4015 6
      vertex -8.75 -17.7535 6
      vertex -8.58686 -17.6445 6
    endloop
  endfacet
  facet normal 0 0 -1
    outer loop
      vertex -8.03635 -19.4015 6
      vertex -8.92597 -17.8403 6
      vertex -8.75 -17.7535 6
    endloop
  endfacet
  facet normal 0 0 -1
    outer loop
      vertex -8.03635 -19.4015 6
      vertex -9.11177 -17.9034 6
      vertex -8.92597 -17.8403 6
    endloop
  endfacet
  facet normal 0 0 -1
    outer loop
      vertex -8.03635 -19.4015 6
      vertex -9.30421 -17.9417 6
      vertex -9.11177 -17.9034 6
    endloop
  endfacet
  facet normal 0 0 -1
    outer loop
      vertex -8.03635 -19.4015 6
      vertex -9.5 -17.9545 6
      vertex -9.30421 -17.9417 6
    endloop
  endfacet
  facet normal 0 0 -1
    outer loop
      vertex -10.5 -18.1865 6
      vertex -9.5 -17.9545 6
      vertex -8.03635 -19.4015 6
    endloop
  endfacet
  facet normal -0 0 -1
    outer loop
      vertex -9.5 -17.9545 6
      vertex -10.5 -18.1865 6
      vertex -9.69579 -17.9417 6
    endloop
  endfacet
  facet normal -0 0 -1
    outer loop
      vertex -9.69579 -17.9417 6
      vertex -10.5 -18.1865 6
      vertex -9.88823 -17.9034 6
    endloop
  endfacet
  facet normal -0 0 -1
    outer loop
      vertex -9.88823 -17.9034 6
      vertex -10.5 -18.1865 6
      vertex -10.074 -17.8403 6
    endloop
  endfacet
  facet normal -0 0 -1
    outer loop
      vertex -10.074 -17.8403 6
      vertex -10.5 -18.1865 6
      vertex -10.25 -17.7535 6
    endloop
  endfacet
  facet normal -0 0 -1
    outer loop
      vertex -10.25 -17.7535 6
      vertex -10.5 -18.1865 6
      vertex -10.4131 -17.6445 6
    endloop
  endfacet
  facet normal 0 0 -1
    outer loop
      vertex -10.5 -18.1865 6
      vertex -10.5607 -17.5151 6
      vertex -10.4131 -17.6445 6
    endloop
  endfacet
  facet normal 0 0 -1
    outer loop
      vertex -10.5 -18.1865 6
      vertex -10.69 -17.3676 6
      vertex -10.5607 -17.5151 6
    endloop
  endfacet
  facet normal 0 0 -1
    outer loop
      vertex -10.5 -18.1865 6
      vertex -10.799 -17.2045 6
      vertex -10.69 -17.3676 6
    endloop
  endfacet
  facet normal 0 0 -1
    outer loop
      vertex -12.784 -16.6604 6
      vertex -10.799 -17.2045 6
      vertex -10.5 -18.1865 6
    endloop
  endfacet
  facet normal 0 0 -1
    outer loop
      vertex -10.799 -17.2045 6
      vertex -12.784 -16.6604 6
      vertex -10.8858 -17.0285 6
    endloop
  endfacet
  facet normal -0 0 -1
    outer loop
      vertex -10.799 -15.7045 6
      vertex -12.784 -16.6604 6
      vertex -14.8492 -14.8492 6
    endloop
  endfacet
  facet normal 0 0 -1
    outer loop
      vertex -12.784 -16.6604 6
      vertex -11 -16.4545 6
      vertex -10.9872 -16.6503 6
    endloop
  endfacet
  facet normal 0 0 -1
    outer loop
      vertex -12.784 -16.6604 6
      vertex -10.9872 -16.6503 6
      vertex -10.9489 -16.8427 6
    endloop
  endfacet
  facet normal 0 0 -1
    outer loop
      vertex -10.8858 -17.0285 6
      vertex -12.784 -16.6604 6
      vertex -10.9489 -16.8427 6
    endloop
  endfacet
  facet normal 0 0 -1
    outer loop
      vertex -10.5607 -15.3938 6
      vertex -14.8492 -14.8492 6
      vertex -11.3137 -11.3137 6
    endloop
  endfacet
  facet normal -0 0 -1
    outer loop
      vertex -11.3137 -11.3137 6
      vertex -14.8492 -14.8492 6
      vertex -12.6937 -9.74018 6
    endloop
  endfacet
  facet normal 0 0 -1
    outer loop
      vertex -16.6604 -12.784 6
      vertex -12.6937 -9.74018 6
      vertex -14.8492 -14.8492 6
    endloop
  endfacet
  facet normal -0 0 -1
    outer loop
      vertex -12.6937 -9.74018 6
      vertex -16.6604 -12.784 6
      vertex -13.8564 -8 6
    endloop
  endfacet
  facet normal 0 0 -1
    outer loop
      vertex -18.1865 -10.5 6
      vertex -13.8564 -8 6
      vertex -16.6604 -12.784 6
    endloop
  endfacet
  facet normal -0 0 -1
    outer loop
      vertex -13.8564 -8 6
      vertex -18.1865 -10.5 6
      vertex -14.7821 -6.12293 6
    endloop
  endfacet
  facet normal -0 0 -1
    outer loop
      vertex -14.7821 -6.12293 6
      vertex -19.4015 -8.03635 6
      vertex -15.4548 -4.1411 6
    endloop
  endfacet
  facet normal 0 0 -1
    outer loop
      vertex -19.4015 -8.03635 6
      vertex -14.7821 -6.12293 6
      vertex -18.1865 -10.5 6
    endloop
  endfacet
  facet normal 0.946938 0.321416 0
    outer loop
      vertex 20.2844 5.4352 11
      vertex 19.4015 8.03635 6
      vertex 19.4015 8.03635 11
    endloop
  endfacet
  facet normal 0.946938 0.321416 0
    outer loop
      vertex 19.4015 8.03635 6
      vertex 20.2844 5.4352 11
      vertex 20.2844 5.4352 6
    endloop
  endfacet
  facet normal 0.19509 0.980785 -0
    outer loop
      vertex 5.4352 20.2844 6
      vertex 2.74105 20.8203 11
      vertex 5.4352 20.2844 11
    endloop
  endfacet
  facet normal 0.19509 0.980785 0
    outer loop
      vertex 2.74105 20.8203 11
      vertex 5.4352 20.2844 6
      vertex 2.74105 20.8203 6
    endloop
  endfacet
  facet normal 0.65936 0.751827 -0
    outer loop
      vertex 14.8492 14.8492 6
      vertex 12.784 16.6604 11
      vertex 14.8492 14.8492 11
    endloop
  endfacet
  facet normal 0.65936 0.751827 0
    outer loop
      vertex 12.784 16.6604 11
      vertex 14.8492 14.8492 6
      vertex 12.784 16.6604 6
    endloop
  endfacet
  facet normal -0.831473 0.555565 0
    outer loop
      vertex -18.1865 10.5 6
      vertex -16.6604 12.784 11
      vertex -16.6604 12.784 6
    endloop
  endfacet
  facet normal -0.831473 0.555565 0
    outer loop
      vertex -16.6604 12.784 11
      vertex -18.1865 10.5 6
      vertex -18.1865 10.5 11
    endloop
  endfacet
  facet normal -0.751827 0.65936 0
    outer loop
      vertex -16.6604 12.784 6
      vertex -14.8492 14.8492 11
      vertex -14.8492 14.8492 6
    endloop
  endfacet
  facet normal -0.751827 0.65936 0
    outer loop
      vertex -14.8492 14.8492 11
      vertex -16.6604 12.784 6
      vertex -16.6604 12.784 11
    endloop
  endfacet
  facet normal -0.980785 0.19509 0
    outer loop
      vertex -20.8203 2.74105 6
      vertex -20.2844 5.4352 11
      vertex -20.2844 5.4352 6
    endloop
  endfacet
  facet normal -0.980785 0.19509 0
    outer loop
      vertex -20.2844 5.4352 11
      vertex -20.8203 2.74105 6
      vertex -20.8203 2.74105 11
    endloop
  endfacet
  facet normal 0 0 1
    outer loop
      vertex -2 20.8689 11
      vertex -2.08842 15.8631 11
      vertex -2 15.8689 11
    endloop
  endfacet
  facet normal -0 0 1
    outer loop
      vertex -2.74105 20.8203 11
      vertex -2.08842 15.8631 11
      vertex -2 20.8689 11
    endloop
  endfacet
  facet normal 0 0 1
    outer loop
      vertex -2.74105 20.8203 11
      vertex -4.1411 15.4548 11
      vertex -2.08842 15.8631 11
    endloop
  endfacet
  facet normal -0 0 1
    outer loop
      vertex -5.4352 20.2844 11
      vertex -4.1411 15.4548 11
      vertex -2.74105 20.8203 11
    endloop
  endfacet
  facet normal -0 0 1
    outer loop
      vertex -8.05111 16.8427 11
      vertex -4.1411 15.4548 11
      vertex -5.4352 20.2844 11
    endloop
  endfacet
  facet normal -0 -0 1
    outer loop
      vertex -8.01283 16.6503 11
      vertex -4.1411 15.4548 11
      vertex -8.05111 16.8427 11
    endloop
  endfacet
  facet normal 0 0 1
    outer loop
      vertex -6.12293 14.7821 11
      vertex -8.01283 16.6503 11
      vertex -8 16.4545 11
    endloop
  endfacet
  facet normal 0 0 1
    outer loop
      vertex -8.20096 17.2045 11
      vertex -5.4352 20.2844 11
      vertex -8.03635 19.4015 11
    endloop
  endfacet
  facet normal 0 0 1
    outer loop
      vertex -4.1411 15.4548 11
      vertex -8.01283 16.6503 11
      vertex -6.12293 14.7821 11
    endloop
  endfacet
  facet normal 0 0 1
    outer loop
      vertex -5.4352 20.2844 11
      vertex -8.11418 17.0285 11
      vertex -8.05111 16.8427 11
    endloop
  endfacet
  facet normal 0 0 1
    outer loop
      vertex -5.4352 20.2844 11
      vertex -8.20096 17.2045 11
      vertex -8.11418 17.0285 11
    endloop
  endfacet
  facet normal 0 0 1
    outer loop
      vertex -8.03635 19.4015 11
      vertex -8.30997 17.3676 11
      vertex -8.20096 17.2045 11
    endloop
  endfacet
  facet normal 0 0 1
    outer loop
      vertex -8.03635 19.4015 11
      vertex -8.43934 17.5151 11
      vertex -8.30997 17.3676 11
    endloop
  endfacet
  facet normal 0 0 1
    outer loop
      vertex -8.03635 19.4015 11
      vertex -8.58686 17.6445 11
      vertex -8.43934 17.5151 11
    endloop
  endfacet
  facet normal 0 0 1
    outer loop
      vertex -8.03635 19.4015 11
      vertex -8.75 17.7535 11
      vertex -8.58686 17.6445 11
    endloop
  endfacet
  facet normal 0 0 1
    outer loop
      vertex -8.03635 19.4015 11
      vertex -8.92597 17.8403 11
      vertex -8.75 17.7535 11
    endloop
  endfacet
  facet normal 0 0 1
    outer loop
      vertex -8.03635 19.4015 11
      vertex -9.11177 17.9034 11
      vertex -8.92597 17.8403 11
    endloop
  endfacet
  facet normal 0 0 1
    outer loop
      vertex -8.03635 19.4015 11
      vertex -9.30421 17.9417 11
      vertex -9.11177 17.9034 11
    endloop
  endfacet
  facet normal 0 0 1
    outer loop
      vertex -8.03635 19.4015 11
      vertex -9.5 17.9545 11
      vertex -9.30421 17.9417 11
    endloop
  endfacet
  facet normal -0 0 1
    outer loop
      vertex -10.5 18.1865 11
      vertex -9.5 17.9545 11
      vertex -8.03635 19.4015 11
    endloop
  endfacet
  facet normal 0 0 1
    outer loop
      vertex -9.5 17.9545 11
      vertex -10.5 18.1865 11
      vertex -9.69579 17.9417 11
    endloop
  endfacet
  facet normal 0 0 1
    outer loop
      vertex -9.69579 17.9417 11
      vertex -10.5 18.1865 11
      vertex -9.88823 17.9034 11
    endloop
  endfacet
  facet normal 0 0 1
    outer loop
      vertex -9.88823 17.9034 11
      vertex -10.5 18.1865 11
      vertex -10.074 17.8403 11
    endloop
  endfacet
  facet normal 0 0 1
    outer loop
      vertex -10.074 17.8403 11
      vertex -10.5 18.1865 11
      vertex -10.25 17.7535 11
    endloop
  endfacet
  facet normal 0 0 1
    outer loop
      vertex -10.25 17.7535 11
      vertex -10.5 18.1865 11
      vertex -10.4131 17.6445 11
    endloop
  endfacet
  facet normal 0 0 1
    outer loop
      vertex -10.5 18.1865 11
      vertex -10.5607 17.5151 11
      vertex -10.4131 17.6445 11
    endloop
  endfacet
  facet normal 0 0 1
    outer loop
      vertex -10.5 18.1865 11
      vertex -10.69 17.3676 11
      vertex -10.5607 17.5151 11
    endloop
  endfacet
  facet normal 0 0 1
    outer loop
      vertex -10.5 18.1865 11
      vertex -10.799 17.2045 11
      vertex -10.69 17.3676 11
    endloop
  endfacet
  facet normal 0 0 1
    outer loop
      vertex -12.784 16.6604 11
      vertex -10.799 17.2045 11
      vertex -10.5 18.1865 11
    endloop
  endfacet
  facet normal 0 0 1
    outer loop
      vertex -10.799 17.2045 11
      vertex -12.784 16.6604 11
      vertex -10.8858 17.0285 11
    endloop
  endfacet
  facet normal 0 0 1
    outer loop
      vertex -10.8858 15.8805 11
      vertex -12.6937 9.74018 11
      vertex -11.3137 11.3137 11
    endloop
  endfacet
  facet normal 0 0 1
    outer loop
      vertex -12.784 16.6604 11
      vertex -11 16.4545 11
      vertex -10.9872 16.6503 11
    endloop
  endfacet
  facet normal -0 0 1
    outer loop
      vertex -12.784 16.6604 11
      vertex -10.9872 16.6503 11
      vertex -10.9489 16.8427 11
    endloop
  endfacet
  facet normal 0 0 1
    outer loop
      vertex -10.8858 17.0285 11
      vertex -12.784 16.6604 11
      vertex -10.9489 16.8427 11
    endloop
  endfacet
  facet normal 0 0 1
    outer loop
      vertex -10.9872 16.2587 11
      vertex -12.784 16.6604 11
      vertex -14.8492 14.8492 11
    endloop
  endfacet
  facet normal 0 0 1
    outer loop
      vertex -10.9872 16.2587 11
      vertex -14.8492 14.8492 11
      vertex -12.6937 9.74018 11
    endloop
  endfacet
  facet normal -0 0 1
    outer loop
      vertex -16.6604 12.784 11
      vertex -12.6937 9.74018 11
      vertex -14.8492 14.8492 11
    endloop
  endfacet
  facet normal 0 0 1
    outer loop
      vertex -12.6937 9.74018 11
      vertex -16.6604 12.784 11
      vertex -13.8564 8 11
    endloop
  endfacet
  facet normal -0 0 1
    outer loop
      vertex -18.1865 10.5 11
      vertex -13.8564 8 11
      vertex -16.6604 12.784 11
    endloop
  endfacet
  facet normal 0 0 1
    outer loop
      vertex -13.8564 8 11
      vertex -18.1865 10.5 11
      vertex -14.7821 6.12293 11
    endloop
  endfacet
  facet normal 0 0 1
    outer loop
      vertex -14.7821 6.12293 11
      vertex -19.4015 8.03635 11
      vertex -15.4548 4.1411 11
    endloop
  endfacet
  facet normal -0 0 1
    outer loop
      vertex -19.4015 8.03635 11
      vertex -14.7821 6.12293 11
      vertex -18.1865 10.5 11
    endloop
  endfacet
  facet normal -0 0 1
    outer loop
      vertex -8.01283 16.2587 11
      vertex -6.12293 14.7821 11
      vertex -8 16.4545 11
    endloop
  endfacet
  facet normal -0 0 1
    outer loop
      vertex -8.05111 16.0663 11
      vertex -6.12293 14.7821 11
      vertex -8.01283 16.2587 11
    endloop
  endfacet
  facet normal -0 0 1
    outer loop
      vertex -8.11418 15.8805 11
      vertex -6.12293 14.7821 11
      vertex -8.05111 16.0663 11
    endloop
  endfacet
  facet normal -0 0 1
    outer loop
      vertex -8.20096 15.7045 11
      vertex -6.12293 14.7821 11
      vertex -8.11418 15.8805 11
    endloop
  endfacet
  facet normal -0 0 1
    outer loop
      vertex -8.30997 15.5413 11
      vertex -6.12293 14.7821 11
      vertex -8.20096 15.7045 11
    endloop
  endfacet
  facet normal 0 0 1
    outer loop
      vertex -6.12293 14.7821 11
      vertex -8.30997 15.5413 11
      vertex -8 13.8564 11
    endloop
  endfacet
  facet normal -0 0 1
    outer loop
      vertex -8.43934 15.3938 11
      vertex -8 13.8564 11
      vertex -8.30997 15.5413 11
    endloop
  endfacet
  facet normal -0 0 1
    outer loop
      vertex -8.58686 15.2645 11
      vertex -8 13.8564 11
      vertex -8.43934 15.3938 11
    endloop
  endfacet
  facet normal -0 0 1
    outer loop
      vertex -8.75 15.1554 11
      vertex -8 13.8564 11
      vertex -8.58686 15.2645 11
    endloop
  endfacet
  facet normal -0 0 1
    outer loop
      vertex -8.92597 15.0687 11
      vertex -8 13.8564 11
      vertex -8.75 15.1554 11
    endloop
  endfacet
  facet normal -0 0 1
    outer loop
      vertex -9.11177 15.0056 11
      vertex -8 13.8564 11
      vertex -8.92597 15.0687 11
    endloop
  endfacet
  facet normal -0 0 1
    outer loop
      vertex -9.30421 14.9673 11
      vertex -8 13.8564 11
      vertex -9.11177 15.0056 11
    endloop
  endfacet
  facet normal 0 0 1
    outer loop
      vertex -9.74018 12.6937 11
      vertex -9.30421 14.9673 11
      vertex -9.5 14.9545 11
    endloop
  endfacet
  facet normal 0 0 1
    outer loop
      vertex -9.74018 12.6937 11
      vertex -9.5 14.9545 11
      vertex -9.69579 14.9673 11
    endloop
  endfacet
  facet normal 0 0 1
    outer loop
      vertex -9.30421 14.9673 11
      vertex -9.74018 12.6937 11
      vertex -8 13.8564 11
    endloop
  endfacet
  facet normal 0 0 1
    outer loop
      vertex -9.88823 15.0056 11
      vertex -9.74018 12.6937 11
      vertex -9.69579 14.9673 11
    endloop
  endfacet
  facet normal 0 0 1
    outer loop
      vertex -10.074 15.0687 11
      vertex -9.74018 12.6937 11
      vertex -9.88823 15.0056 11
    endloop
  endfacet
  facet normal 0 0 1
    outer loop
      vertex -10.25 15.1554 11
      vertex -9.74018 12.6937 11
      vertex -10.074 15.0687 11
    endloop
  endfacet
  facet normal 0 0 1
    outer loop
      vertex -10.4131 15.2645 11
      vertex -9.74018 12.6937 11
      vertex -10.25 15.1554 11
    endloop
  endfacet
  facet normal 0 0 1
    outer loop
      vertex -11.3137 11.3137 11
      vertex -10.4131 15.2645 11
      vertex -10.5607 15.3938 11
    endloop
  endfacet
  facet normal 0 0 1
    outer loop
      vertex -11.3137 11.3137 11
      vertex -10.5607 15.3938 11
      vertex -10.69 15.5413 11
    endloop
  endfacet
  facet normal 0 0 1
    outer loop
      vertex -11.3137 11.3137 11
      vertex -10.69 15.5413 11
      vertex -10.799 15.7045 11
    endloop
  endfacet
  facet normal 0 0 1
    outer loop
      vertex -11.3137 11.3137 11
      vertex -10.799 15.7045 11
      vertex -10.8858 15.8805 11
    endloop
  endfacet
  facet normal 0 0 1
    outer loop
      vertex -10.4131 15.2645 11
      vertex -11.3137 11.3137 11
      vertex -9.74018 12.6937 11
    endloop
  endfacet
  facet normal 0 0 1
    outer loop
      vertex -12.6937 9.74018 11
      vertex -10.8858 15.8805 11
      vertex -10.9489 16.0663 11
    endloop
  endfacet
  facet normal 0 0 1
    outer loop
      vertex -12.6937 9.74018 11
      vertex -10.9489 16.0663 11
      vertex -10.9872 16.2587 11
    endloop
  endfacet
  facet normal 0 0 1
    outer loop
      vertex -12.784 16.6604 11
      vertex -10.9872 16.2587 11
      vertex -11 16.4545 11
    endloop
  endfacet
  facet normal 0 0 1
    outer loop
      vertex -16 0 11
      vertex -17.6142 -0.574024 11
      vertex -15.8631 -2.08842 11
    endloop
  endfacet
  facet normal -0 0 1
    outer loop
      vertex -17.701 -0.75 11
      vertex -15.8631 -2.08842 11
      vertex -17.6142 -0.574024 11
    endloop
  endfacet
  facet normal -0 0 1
    outer loop
      vertex -17.81 -0.913141 11
      vertex -15.8631 -2.08842 11
      vertex -17.701 -0.75 11
    endloop
  endfacet
  facet normal -0 0 1
    outer loop
      vertex -17.9393 -1.06066 11
      vertex -15.8631 -2.08842 11
      vertex -17.81 -0.913141 11
    endloop
  endfacet
  facet normal -0 0 1
    outer loop
      vertex -18.0869 -1.19003 11
      vertex -15.8631 -2.08842 11
      vertex -17.9393 -1.06066 11
    endloop
  endfacet
  facet normal -0 0 1
    outer loop
      vertex -18.25 -1.29904 11
      vertex -15.8631 -2.08842 11
      vertex -18.0869 -1.19003 11
    endloop
  endfacet
  facet normal -0 0 1
    outer loop
      vertex -18.426 -1.38582 11
      vertex -15.8631 -2.08842 11
      vertex -18.25 -1.29904 11
    endloop
  endfacet
  facet normal 0 0 1
    outer loop
      vertex -15.4548 -4.1411 11
      vertex -18.1865 -10.5 11
      vertex -16.6604 -12.784 11
    endloop
  endfacet
  facet normal 0 0 1
    outer loop
      vertex -15.8631 -2.08842 11
      vertex -18.426 -1.38582 11
      vertex -15.4548 -4.1411 11
    endloop
  endfacet
  facet normal -0 0 1
    outer loop
      vertex -18.6118 -1.44889 11
      vertex -15.4548 -4.1411 11
      vertex -18.426 -1.38582 11
    endloop
  endfacet
  facet normal 0 0 1
    outer loop
      vertex -15.4548 -4.1411 11
      vertex -18.6118 -1.44889 11
      vertex -20.2844 -5.4352 11
    endloop
  endfacet
  facet normal 0 0 1
    outer loop
      vertex -20.2844 -5.4352 11
      vertex -18.6118 -1.44889 11
      vertex -18.8042 -1.48717 11
    endloop
  endfacet
  facet normal 0 0 1
    outer loop
      vertex -20.2844 -5.4352 11
      vertex -18.8042 -1.48717 11
      vertex -19 -1.5 11
    endloop
  endfacet
  facet normal 0 0 1
    outer loop
      vertex -20.8203 -2.74105 11
      vertex -19 -1.5 11
      vertex -19.1958 -1.48717 11
    endloop
  endfacet
  facet normal 0 0 1
    outer loop
      vertex -20.8203 -2.74105 11
      vertex -19.1958 -1.48717 11
      vertex -19.3882 -1.44889 11
    endloop
  endfacet
  facet normal 0 0 1
    outer loop
      vertex -15.4548 -4.1411 11
      vertex -19.4015 -8.03635 11
      vertex -18.1865 -10.5 11
    endloop
  endfacet
  facet normal 0 0 1
    outer loop
      vertex -20.8203 -2.74105 11
      vertex -19.3882 -1.44889 11
      vertex -19.574 -1.38582 11
    endloop
  endfacet
  facet normal 0 0 1
    outer loop
      vertex -20.8203 -2.74105 11
      vertex -19.574 -1.38582 11
      vertex -19.75 -1.29904 11
    endloop
  endfacet
  facet normal 0 0 1
    outer loop
      vertex -20.8203 -2.74105 11
      vertex -19.75 -1.29904 11
      vertex -19.9131 -1.19003 11
    endloop
  endfacet
  facet normal 0 0 1
    outer loop
      vertex -20.8203 -2.74105 11
      vertex -19.9131 -1.19003 11
      vertex -20.0607 -1.06066 11
    endloop
  endfacet
  facet normal 0 0 1
    outer loop
      vertex -20.8203 -2.74105 11
      vertex -20.0607 -1.06066 11
      vertex -20.19 -0.913141 11
    endloop
  endfacet
  facet normal 0 0 1
    outer loop
      vertex -15.4548 -4.1411 11
      vertex -20.2844 -5.4352 11
      vertex -19.4015 -8.03635 11
    endloop
  endfacet
  facet normal 0 0 1
    outer loop
      vertex -20.8203 -2.74105 11
      vertex -20.19 -0.913141 11
      vertex -20.299 -0.75 11
    endloop
  endfacet
  facet normal 0 0 1
    outer loop
      vertex -21 0 11
      vertex -20.299 -0.75 11
      vertex -20.3858 -0.574024 11
    endloop
  endfacet
  facet normal 0 0 1
    outer loop
      vertex -21 0 11
      vertex -20.3858 -0.574024 11
      vertex -20.4489 -0.388228 11
    endloop
  endfacet
  facet normal 0 0 1
    outer loop
      vertex -21 0 11
      vertex -20.4489 -0.388228 11
      vertex -20.4872 -0.195788 11
    endloop
  endfacet
  facet normal -0 0 1
    outer loop
      vertex -21 0 11
      vertex -20.4872 -0.195788 11
      vertex -20.5 0 11
    endloop
  endfacet
  facet normal 0 0 1
    outer loop
      vertex -20.4872 0.195788 11
      vertex -21 0 11
      vertex -20.5 0 11
    endloop
  endfacet
  facet normal 0 0 1
    outer loop
      vertex -19 -1.5 11
      vertex -20.8203 -2.74105 11
      vertex -20.2844 -5.4352 11
    endloop
  endfacet
  facet normal 0 0 1
    outer loop
      vertex -20.299 -0.75 11
      vertex -21 0 11
      vertex -20.8203 -2.74105 11
    endloop
  endfacet
  facet normal 0 0 1
    outer loop
      vertex -6.12293 -14.7821 11
      vertex -8.01283 -16.2587 11
      vertex -8 -16.4545 11
    endloop
  endfacet
  facet normal 0 0 1
    outer loop
      vertex -6.12293 -14.7821 11
      vertex -8.05111 -16.0663 11
      vertex -8.01283 -16.2587 11
    endloop
  endfacet
  facet normal 0 0 1
    outer loop
      vertex -6.12293 -14.7821 11
      vertex -8.11418 -15.8805 11
      vertex -8.05111 -16.0663 11
    endloop
  endfacet
  facet normal 0 0 1
    outer loop
      vertex -6.12293 -14.7821 11
      vertex -8.20096 -15.7045 11
      vertex -8.11418 -15.8805 11
    endloop
  endfacet
  facet normal 0 0 1
    outer loop
      vertex -6.12293 -14.7821 11
      vertex -8.30997 -15.5413 11
      vertex -8.20096 -15.7045 11
    endloop
  endfacet
  facet normal 0 0 1
    outer loop
      vertex -8 -13.8564 11
      vertex -8.43934 -15.3938 11
      vertex -8.30997 -15.5413 11
    endloop
  endfacet
  facet normal 0 0 1
    outer loop
      vertex -8 -13.8564 11
      vertex -8.58686 -15.2645 11
      vertex -8.43934 -15.3938 11
    endloop
  endfacet
  facet normal 0 0 1
    outer loop
      vertex -8 -13.8564 11
      vertex -8.75 -15.1554 11
      vertex -8.58686 -15.2645 11
    endloop
  endfacet
  facet normal 0 0 1
    outer loop
      vertex -8 -13.8564 11
      vertex -8.92597 -15.0687 11
      vertex -8.75 -15.1554 11
    endloop
  endfacet
  facet normal 0 0 1
    outer loop
      vertex -8 -13.8564 11
      vertex -9.11177 -15.0056 11
      vertex -8.92597 -15.0687 11
    endloop
  endfacet
  facet normal 0 0 1
    outer loop
      vertex -8 -13.8564 11
      vertex -9.30421 -14.9673 11
      vertex -9.11177 -15.0056 11
    endloop
  endfacet
  facet normal 0 0 1
    outer loop
      vertex -9.74018 -12.6937 11
      vertex -9.30421 -14.9673 11
      vertex -8 -13.8564 11
    endloop
  endfacet
  facet normal 0 0 1
    outer loop
      vertex -9.30421 -14.9673 11
      vertex -9.74018 -12.6937 11
      vertex -9.5 -14.9545 11
    endloop
  endfacet
  facet normal 0 0 1
    outer loop
      vertex -9.5 -14.9545 11
      vertex -9.74018 -12.6937 11
      vertex -9.69579 -14.9673 11
    endloop
  endfacet
  facet normal 0 0 1
    outer loop
      vertex -9.74018 -12.6937 11
      vertex -9.88823 -15.0056 11
      vertex -9.69579 -14.9673 11
    endloop
  endfacet
  facet normal 0 0 1
    outer loop
      vertex -9.74018 -12.6937 11
      vertex -10.074 -15.0687 11
      vertex -9.88823 -15.0056 11
    endloop
  endfacet
  facet normal 0 0 1
    outer loop
      vertex -9.74018 -12.6937 11
      vertex -10.25 -15.1554 11
      vertex -10.074 -15.0687 11
    endloop
  endfacet
  facet normal 0 0 1
    outer loop
      vertex -9.74018 -12.6937 11
      vertex -10.4131 -15.2645 11
      vertex -10.25 -15.1554 11
    endloop
  endfacet
  facet normal 0 0 1
    outer loop
      vertex -11.3137 -11.3137 11
      vertex -10.4131 -15.2645 11
      vertex -9.74018 -12.6937 11
    endloop
  endfacet
  facet normal 0 0 1
    outer loop
      vertex -10.4131 -15.2645 11
      vertex -11.3137 -11.3137 11
      vertex -10.5607 -15.3938 11
    endloop
  endfacet
  facet normal -0 0 1
    outer loop
      vertex -14.8492 -14.8492 11
      vertex -10.5607 -15.3938 11
      vertex -11.3137 -11.3137 11
    endloop
  endfacet
  facet normal 0 0 1
    outer loop
      vertex -10.5607 -15.3938 11
      vertex -14.8492 -14.8492 11
      vertex -10.69 -15.5413 11
    endloop
  endfacet
  facet normal 0 0 1
    outer loop
      vertex -10.8858 -15.8805 11
      vertex -12.784 -16.6604 11
      vertex -10.9489 -16.0663 11
    endloop
  endfacet
  facet normal 0 0 1
    outer loop
      vertex -10.799 -15.7045 11
      vertex -12.784 -16.6604 11
      vertex -10.8858 -15.8805 11
    endloop
  endfacet
  facet normal 0 -0 1
    outer loop
      vertex -12.784 -16.6604 11
      vertex -10.799 -15.7045 11
      vertex -14.8492 -14.8492 11
    endloop
  endfacet
  facet normal 0 0 1
    outer loop
      vertex -10.69 -15.5413 11
      vertex -14.8492 -14.8492 11
      vertex -10.799 -15.7045 11
    endloop
  endfacet
  facet normal 0 0 1
    outer loop
      vertex 12.784 -16.6604 11
      vertex 10.9872 -16.2587 11
      vertex 11 -16.4545 11
    endloop
  endfacet
  facet normal 0 0 1
    outer loop
      vertex 14.8492 -14.8492 11
      vertex 10.9489 -16.0663 11
      vertex 10.9872 -16.2587 11
    endloop
  endfacet
  facet normal 0 0 1
    outer loop
      vertex 14.8492 -14.8492 11
      vertex 10.8858 -15.8805 11
      vertex 10.9489 -16.0663 11
    endloop
  endfacet
  facet normal 0 0 1
    outer loop
      vertex 14.8492 -14.8492 11
      vertex 10.799 -15.7045 11
      vertex 10.8858 -15.8805 11
    endloop
  endfacet
  facet normal 0 0 1
    outer loop
      vertex 14.8492 -14.8492 11
      vertex 10.69 -15.5413 11
      vertex 10.799 -15.7045 11
    endloop
  endfacet
  facet normal 0 0 1
    outer loop
      vertex 14.8492 -14.8492 11
      vertex 10.5607 -15.3938 11
      vertex 10.69 -15.5413 11
    endloop
  endfacet
  facet normal 0 0 1
    outer loop
      vertex 11.3137 -11.3137 11
      vertex 10.4131 -15.2645 11
      vertex 10.5607 -15.3938 11
    endloop
  endfacet
  facet normal -0 0 1
    outer loop
      vertex 9.74018 -12.6937 11
      vertex 10.4131 -15.2645 11
      vertex 11.3137 -11.3137 11
    endloop
  endfacet
  facet normal 0 0 1
    outer loop
      vertex 10.4131 -15.2645 11
      vertex 9.74018 -12.6937 11
      vertex 10.25 -15.1554 11
    endloop
  endfacet
  facet normal 0 0 1
    outer loop
      vertex 10.25 -15.1554 11
      vertex 9.74018 -12.6937 11
      vertex 10.074 -15.0687 11
    endloop
  endfacet
  facet normal 0 0 1
    outer loop
      vertex 10.074 -15.0687 11
      vertex 9.74018 -12.6937 11
      vertex 9.88823 -15.0056 11
    endloop
  endfacet
  facet normal 0 0 1
    outer loop
      vertex 9.74018 -12.6937 11
      vertex 9.69579 -14.9673 11
      vertex 9.88823 -15.0056 11
    endloop
  endfacet
  facet normal 0 0 1
    outer loop
      vertex 9.74018 -12.6937 11
      vertex 9.5 -14.9545 11
      vertex 9.69579 -14.9673 11
    endloop
  endfacet
  facet normal 0 0 1
    outer loop
      vertex 9.74018 -12.6937 11
      vertex 9.30421 -14.9673 11
      vertex 9.5 -14.9545 11
    endloop
  endfacet
  facet normal -0 0 1
    outer loop
      vertex 8 -13.8564 11
      vertex 9.30421 -14.9673 11
      vertex 9.74018 -12.6937 11
    endloop
  endfacet
  facet normal 0 0 1
    outer loop
      vertex 9.30421 -14.9673 11
      vertex 8 -13.8564 11
      vertex 9.11177 -15.0056 11
    endloop
  endfacet
  facet normal 0 0 1
    outer loop
      vertex 9.11177 -15.0056 11
      vertex 8 -13.8564 11
      vertex 8.92597 -15.0687 11
    endloop
  endfacet
  facet normal 0 0 1
    outer loop
      vertex 8.92597 -15.0687 11
      vertex 8 -13.8564 11
      vertex 8.75 -15.1554 11
    endloop
  endfacet
  facet normal 0 0 1
    outer loop
      vertex 8.75 -15.1554 11
      vertex 8 -13.8564 11
      vertex 8.58686 -15.2645 11
    endloop
  endfacet
  facet normal 0 0 1
    outer loop
      vertex 8.58686 -15.2645 11
      vertex 8 -13.8564 11
      vertex 8.43934 -15.3938 11
    endloop
  endfacet
  facet normal 0 0 1
    outer loop
      vertex 8.43934 -15.3938 11
      vertex 8 -13.8564 11
      vertex 8.30997 -15.5413 11
    endloop
  endfacet
  facet normal -0 0 1
    outer loop
      vertex 6.12293 -14.7821 11
      vertex 8.30997 -15.5413 11
      vertex 8 -13.8564 11
    endloop
  endfacet
  facet normal 0 0 1
    outer loop
      vertex 8.30997 -15.5413 11
      vertex 6.12293 -14.7821 11
      vertex 8.20096 -15.7045 11
    endloop
  endfacet
  facet normal 0 0 1
    outer loop
      vertex 8.20096 -15.7045 11
      vertex 6.12293 -14.7821 11
      vertex 8.11418 -15.8805 11
    endloop
  endfacet
  facet normal 0 0 1
    outer loop
      vertex 8.11418 -15.8805 11
      vertex 6.12293 -14.7821 11
      vertex 8.05111 -16.0663 11
    endloop
  endfacet
  facet normal 0 0 1
    outer loop
      vertex 8.05111 -16.0663 11
      vertex 6.12293 -14.7821 11
      vertex 8.01283 -16.2587 11
    endloop
  endfacet
  facet normal 0 0 1
    outer loop
      vertex 8.01283 -16.2587 11
      vertex 6.12293 -14.7821 11
      vertex 8 -16.4545 11
    endloop
  endfacet
  facet normal -0 0 1
    outer loop
      vertex 14.7821 -6.12293 11
      vertex 19.4015 -8.03635 11
      vertex 15.4548 -4.1411 11
    endloop
  endfacet
  facet normal 0 0 1
    outer loop
      vertex 19.4015 -8.03635 11
      vertex 14.7821 -6.12293 11
      vertex 18.1865 -10.5 11
    endloop
  endfacet
  facet normal -0 0 1
    outer loop
      vertex 13.8564 -8 11
      vertex 18.1865 -10.5 11
      vertex 14.7821 -6.12293 11
    endloop
  endfacet
  facet normal 0 0 1
    outer loop
      vertex 18.1865 -10.5 11
      vertex 13.8564 -8 11
      vertex 16.6604 -12.784 11
    endloop
  endfacet
  facet normal -0 0 1
    outer loop
      vertex 12.6937 -9.74018 11
      vertex 16.6604 -12.784 11
      vertex 13.8564 -8 11
    endloop
  endfacet
  facet normal 0 0 1
    outer loop
      vertex 16.6604 -12.784 11
      vertex 12.6937 -9.74018 11
      vertex 14.8492 -14.8492 11
    endloop
  endfacet
  facet normal -0 0 1
    outer loop
      vertex 11.3137 -11.3137 11
      vertex 14.8492 -14.8492 11
      vertex 12.6937 -9.74018 11
    endloop
  endfacet
  facet normal 0 0 1
    outer loop
      vertex 10.5607 -15.3938 11
      vertex 14.8492 -14.8492 11
      vertex 11.3137 -11.3137 11
    endloop
  endfacet
  facet normal 0 0 1
    outer loop
      vertex 14.8492 -14.8492 11
      vertex 10.9872 -16.2587 11
      vertex 12.784 -16.6604 11
    endloop
  endfacet
  facet normal -0 0 1
    outer loop
      vertex 10.9872 -16.6503 11
      vertex 12.784 -16.6604 11
      vertex 11 -16.4545 11
    endloop
  endfacet
  facet normal 0 0 1
    outer loop
      vertex 10.9489 -16.8427 11
      vertex 12.784 -16.6604 11
      vertex 10.9872 -16.6503 11
    endloop
  endfacet
  facet normal 0 0 1
    outer loop
      vertex 10.8858 -17.0285 11
      vertex 12.784 -16.6604 11
      vertex 10.9489 -16.8427 11
    endloop
  endfacet
  facet normal 0 0 1
    outer loop
      vertex 10.799 -17.2045 11
      vertex 12.784 -16.6604 11
      vertex 10.8858 -17.0285 11
    endloop
  endfacet
  facet normal 0 0 1
    outer loop
      vertex 10.5 -18.1865 11
      vertex 10.799 -17.2045 11
      vertex 10.69 -17.3676 11
    endloop
  endfacet
  facet normal 0 0 1
    outer loop
      vertex 10.5 -18.1865 11
      vertex 10.69 -17.3676 11
      vertex 10.5607 -17.5151 11
    endloop
  endfacet
  facet normal -0 0 1
    outer loop
      vertex 10.799 -17.2045 11
      vertex 10.5 -18.1865 11
      vertex 12.784 -16.6604 11
    endloop
  endfacet
  facet normal -0 0 1
    outer loop
      vertex 10.4131 -17.6445 11
      vertex 10.5 -18.1865 11
      vertex 10.5607 -17.5151 11
    endloop
  endfacet
  facet normal -0 0 1
    outer loop
      vertex 10.25 -17.7535 11
      vertex 10.5 -18.1865 11
      vertex 10.4131 -17.6445 11
    endloop
  endfacet
  facet normal -0 0 1
    outer loop
      vertex 10.074 -17.8403 11
      vertex 10.5 -18.1865 11
      vertex 10.25 -17.7535 11
    endloop
  endfacet
  facet normal -0 0 1
    outer loop
      vertex 9.88823 -17.9034 11
      vertex 10.5 -18.1865 11
      vertex 10.074 -17.8403 11
    endloop
  endfacet
  facet normal -0 0 1
    outer loop
      vertex 9.69579 -17.9417 11
      vertex 10.5 -18.1865 11
      vertex 9.88823 -17.9034 11
    endloop
  endfacet
  facet normal -0 0 1
    outer loop
      vertex 9.5 -17.9545 11
      vertex 10.5 -18.1865 11
      vertex 9.69579 -17.9417 11
    endloop
  endfacet
  facet normal 0 0 1
    outer loop
      vertex 8.03635 -19.4015 11
      vertex 9.5 -17.9545 11
      vertex 9.30421 -17.9417 11
    endloop
  endfacet
  facet normal 0 0 1
    outer loop
      vertex 8.03635 -19.4015 11
      vertex 9.30421 -17.9417 11
      vertex 9.11177 -17.9034 11
    endloop
  endfacet
  facet normal 0 0 1
    outer loop
      vertex 9.5 -17.9545 11
      vertex 8.03635 -19.4015 11
      vertex 10.5 -18.1865 11
    endloop
  endfacet
  facet normal 0 0 1
    outer loop
      vertex 8.92597 -17.8403 11
      vertex 8.03635 -19.4015 11
      vertex 9.11177 -17.9034 11
    endloop
  endfacet
  facet normal 0 0 1
    outer loop
      vertex 8.75 -17.7535 11
      vertex 8.03635 -19.4015 11
      vertex 8.92597 -17.8403 11
    endloop
  endfacet
  facet normal 0 0 1
    outer loop
      vertex 8.58686 -17.6445 11
      vertex 8.03635 -19.4015 11
      vertex 8.75 -17.7535 11
    endloop
  endfacet
  facet normal 0 0 1
    outer loop
      vertex 8.43934 -17.5151 11
      vertex 8.03635 -19.4015 11
      vertex 8.58686 -17.6445 11
    endloop
  endfacet
  facet normal 0 0 1
    outer loop
      vertex 8.30997 -17.3676 11
      vertex 8.03635 -19.4015 11
      vertex 8.43934 -17.5151 11
    endloop
  endfacet
  facet normal 0 0 1
    outer loop
      vertex 8.20096 -17.2045 11
      vertex 8.03635 -19.4015 11
      vertex 8.30997 -17.3676 11
    endloop
  endfacet
  facet normal 0 0 1
    outer loop
      vertex 5.4352 -20.2844 11
      vertex 8.20096 -17.2045 11
      vertex 8.11418 -17.0285 11
    endloop
  endfacet
  facet normal 0 0 1
    outer loop
      vertex 5.4352 -20.2844 11
      vertex 8.11418 -17.0285 11
      vertex 8.05111 -16.8427 11
    endloop
  endfacet
  facet normal 0 0 1
    outer loop
      vertex 4.1411 -15.4548 11
      vertex 8.05111 -16.8427 11
      vertex 8.01283 -16.6503 11
    endloop
  endfacet
  facet normal 0 0 1
    outer loop
      vertex 6.12293 -14.7821 11
      vertex 8.01283 -16.6503 11
      vertex 8 -16.4545 11
    endloop
  endfacet
  facet normal 0 0 1
    outer loop
      vertex 8.01283 -16.6503 11
      vertex 6.12293 -14.7821 11
      vertex 4.1411 -15.4548 11
    endloop
  endfacet
  facet normal 0 0 1
    outer loop
      vertex 8.20096 -17.2045 11
      vertex 5.4352 -20.2844 11
      vertex 8.03635 -19.4015 11
    endloop
  endfacet
  facet normal 0 0 1
    outer loop
      vertex 8.05111 -16.8427 11
      vertex 4.1411 -15.4548 11
      vertex 5.4352 -20.2844 11
    endloop
  endfacet
  facet normal 0 0 1
    outer loop
      vertex 4.1411 -15.4548 11
      vertex 2.74105 -20.8203 11
      vertex 5.4352 -20.2844 11
    endloop
  endfacet
  facet normal -0 0 1
    outer loop
      vertex 2.08842 -15.8631 11
      vertex 2.74105 -20.8203 11
      vertex 4.1411 -15.4548 11
    endloop
  endfacet
  facet normal -0 0 1
    outer loop
      vertex 0 -16 11
      vertex 2.74105 -20.8203 11
      vertex 2.08842 -15.8631 11
    endloop
  endfacet
  facet normal 0 0 1
    outer loop
      vertex 0 -16 11
      vertex 0 -21 11
      vertex 2.74105 -20.8203 11
    endloop
  endfacet
  facet normal 0 0 1
    outer loop
      vertex -2.08842 -15.8631 11
      vertex 0 -21 11
      vertex 0 -16 11
    endloop
  endfacet
  facet normal 0 0 1
    outer loop
      vertex -2.08842 -15.8631 11
      vertex -2.74105 -20.8203 11
      vertex 0 -21 11
    endloop
  endfacet
  facet normal 0 0 1
    outer loop
      vertex -4.1411 -15.4548 11
      vertex -2.74105 -20.8203 11
      vertex -2.08842 -15.8631 11
    endloop
  endfacet
  facet normal 0 0 1
    outer loop
      vertex -4.1411 -15.4548 11
      vertex -5.4352 -20.2844 11
      vertex -2.74105 -20.8203 11
    endloop
  endfacet
  facet normal 0 0 1
    outer loop
      vertex -8.01283 -16.6503 11
      vertex -4.1411 -15.4548 11
      vertex -6.12293 -14.7821 11
    endloop
  endfacet
  facet normal 0 0 1
    outer loop
      vertex -8.30997 -15.5413 11
      vertex -6.12293 -14.7821 11
      vertex -8 -13.8564 11
    endloop
  endfacet
  facet normal 0 0 1
    outer loop
      vertex -8.01283 -16.6503 11
      vertex -6.12293 -14.7821 11
      vertex -8 -16.4545 11
    endloop
  endfacet
  facet normal 0 0 1
    outer loop
      vertex -4.1411 -15.4548 11
      vertex -8.01283 -16.6503 11
      vertex -8.05111 -16.8427 11
    endloop
  endfacet
  facet normal 0 0 1
    outer loop
      vertex -4.1411 -15.4548 11
      vertex -8.05111 -16.8427 11
      vertex -5.4352 -20.2844 11
    endloop
  endfacet
  facet normal -0 0 1
    outer loop
      vertex -8.11418 -17.0285 11
      vertex -5.4352 -20.2844 11
      vertex -8.05111 -16.8427 11
    endloop
  endfacet
  facet normal -0 0 1
    outer loop
      vertex -8.20096 -17.2045 11
      vertex -5.4352 -20.2844 11
      vertex -8.11418 -17.0285 11
    endloop
  endfacet
  facet normal 0 0 1
    outer loop
      vertex -5.4352 -20.2844 11
      vertex -8.20096 -17.2045 11
      vertex -8.03635 -19.4015 11
    endloop
  endfacet
  facet normal -0 0 1
    outer loop
      vertex -8.30997 -17.3676 11
      vertex -8.03635 -19.4015 11
      vertex -8.20096 -17.2045 11
    endloop
  endfacet
  facet normal -0 0 1
    outer loop
      vertex -8.43934 -17.5151 11
      vertex -8.03635 -19.4015 11
      vertex -8.30997 -17.3676 11
    endloop
  endfacet
  facet normal -0 0 1
    outer loop
      vertex -8.58686 -17.6445 11
      vertex -8.03635 -19.4015 11
      vertex -8.43934 -17.5151 11
    endloop
  endfacet
  facet normal -0 0 1
    outer loop
      vertex -8.75 -17.7535 11
      vertex -8.03635 -19.4015 11
      vertex -8.58686 -17.6445 11
    endloop
  endfacet
  facet normal -0 0 1
    outer loop
      vertex -8.92597 -17.8403 11
      vertex -8.03635 -19.4015 11
      vertex -8.75 -17.7535 11
    endloop
  endfacet
  facet normal -0 0 1
    outer loop
      vertex -9.11177 -17.9034 11
      vertex -8.03635 -19.4015 11
      vertex -8.92597 -17.8403 11
    endloop
  endfacet
  facet normal -0 0 1
    outer loop
      vertex -9.30421 -17.9417 11
      vertex -8.03635 -19.4015 11
      vertex -9.11177 -17.9034 11
    endloop
  endfacet
  facet normal -0 0 1
    outer loop
      vertex -9.5 -17.9545 11
      vertex -8.03635 -19.4015 11
      vertex -9.30421 -17.9417 11
    endloop
  endfacet
  facet normal 0 0 1
    outer loop
      vertex -10.5 -18.1865 11
      vertex -9.5 -17.9545 11
      vertex -9.69579 -17.9417 11
    endloop
  endfacet
  facet normal 0 0 1
    outer loop
      vertex -10.5 -18.1865 11
      vertex -9.69579 -17.9417 11
      vertex -9.88823 -17.9034 11
    endloop
  endfacet
  facet normal 0 0 1
    outer loop
      vertex -10.5 -18.1865 11
      vertex -9.88823 -17.9034 11
      vertex -10.074 -17.8403 11
    endloop
  endfacet
  facet normal 0 0 1
    outer loop
      vertex -10.5 -18.1865 11
      vertex -10.074 -17.8403 11
      vertex -10.25 -17.7535 11
    endloop
  endfacet
  facet normal 0 0 1
    outer loop
      vertex -10.5 -18.1865 11
      vertex -10.25 -17.7535 11
      vertex -10.4131 -17.6445 11
    endloop
  endfacet
  facet normal 0 0 1
    outer loop
      vertex -9.5 -17.9545 11
      vertex -10.5 -18.1865 11
      vertex -8.03635 -19.4015 11
    endloop
  endfacet
  facet normal 0 0 1
    outer loop
      vertex -10.5607 -17.5151 11
      vertex -10.5 -18.1865 11
      vertex -10.4131 -17.6445 11
    endloop
  endfacet
  facet normal 0 0 1
    outer loop
      vertex -10.69 -17.3676 11
      vertex -10.5 -18.1865 11
      vertex -10.5607 -17.5151 11
    endloop
  endfacet
  facet normal 0 0 1
    outer loop
      vertex -10.799 -17.2045 11
      vertex -10.5 -18.1865 11
      vertex -10.69 -17.3676 11
    endloop
  endfacet
  facet normal 0 0 1
    outer loop
      vertex -12.784 -16.6604 11
      vertex -10.799 -17.2045 11
      vertex -10.8858 -17.0285 11
    endloop
  endfacet
  facet normal 0 0 1
    outer loop
      vertex -12.784 -16.6604 11
      vertex -10.8858 -17.0285 11
      vertex -10.9489 -16.8427 11
    endloop
  endfacet
  facet normal 0 0 1
    outer loop
      vertex -14.8492 -14.8492 11
      vertex -11.3137 -11.3137 11
      vertex -12.6937 -9.74018 11
    endloop
  endfacet
  facet normal 0 0 1
    outer loop
      vertex -10.9489 -16.0663 11
      vertex -12.784 -16.6604 11
      vertex -10.9872 -16.2587 11
    endloop
  endfacet
  facet normal 0 0 1
    outer loop
      vertex -10.9872 -16.2587 11
      vertex -12.784 -16.6604 11
      vertex -11 -16.4545 11
    endloop
  endfacet
  facet normal 0 0 1
    outer loop
      vertex -10.799 -17.2045 11
      vertex -12.784 -16.6604 11
      vertex -10.5 -18.1865 11
    endloop
  endfacet
  facet normal 0 0 1
    outer loop
      vertex -10.9872 -16.6503 11
      vertex -12.784 -16.6604 11
      vertex -10.9489 -16.8427 11
    endloop
  endfacet
  facet normal 0 0 1
    outer loop
      vertex -16.6604 -12.784 11
      vertex -12.6937 -9.74018 11
      vertex -13.8564 -8 11
    endloop
  endfacet
  facet normal 0 0 1
    outer loop
      vertex -16.6604 -12.784 11
      vertex -13.8564 -8 11
      vertex -14.7821 -6.12293 11
    endloop
  endfacet
  facet normal 0 0 1
    outer loop
      vertex -11 -16.4545 11
      vertex -12.784 -16.6604 11
      vertex -10.9872 -16.6503 11
    endloop
  endfacet
  facet normal 0 0 1
    outer loop
      vertex -16.6604 -12.784 11
      vertex -14.7821 -6.12293 11
      vertex -15.4548 -4.1411 11
    endloop
  endfacet
  facet normal 0 0 1
    outer loop
      vertex -17.5511 -0.388228 11
      vertex -16 0 11
      vertex -17.5128 -0.195788 11
    endloop
  endfacet
  facet normal 0 0 1
    outer loop
      vertex -12.6937 -9.74018 11
      vertex -16.6604 -12.784 11
      vertex -14.8492 -14.8492 11
    endloop
  endfacet
  facet normal 0 0 1
    outer loop
      vertex -17.5128 -0.195788 11
      vertex -16 0 11
      vertex -17.5 0 11
    endloop
  endfacet
  facet normal -0 0 1
    outer loop
      vertex -20.2844 5.4352 11
      vertex -15.4548 4.1411 11
      vertex -19.4015 8.03635 11
    endloop
  endfacet
  facet normal 0 0 1
    outer loop
      vertex -17.6142 -0.574024 11
      vertex -16 0 11
      vertex -17.5511 -0.388228 11
    endloop
  endfacet
  facet normal 0 0 1
    outer loop
      vertex -16 0 11
      vertex -17.5128 0.195788 11
      vertex -17.5 0 11
    endloop
  endfacet
  facet normal 0 0 1
    outer loop
      vertex -16 0 11
      vertex -17.5511 0.388228 11
      vertex -17.5128 0.195788 11
    endloop
  endfacet
  facet normal 0 0 1
    outer loop
      vertex -16 0 11
      vertex -17.6142 0.574024 11
      vertex -17.5511 0.388228 11
    endloop
  endfacet
  facet normal 0 0 1
    outer loop
      vertex -15.8631 2.08842 11
      vertex -17.6142 0.574024 11
      vertex -16 0 11
    endloop
  endfacet
  facet normal 0 -0 1
    outer loop
      vertex -18.6118 1.44889 11
      vertex -15.4548 4.1411 11
      vertex -20.2844 5.4352 11
    endloop
  endfacet
  facet normal 0 -0 1
    outer loop
      vertex -17.6142 0.574024 11
      vertex -15.8631 2.08842 11
      vertex -17.701 0.75 11
    endloop
  endfacet
  facet normal 0 -0 1
    outer loop
      vertex -17.81 0.913141 11
      vertex -15.8631 2.08842 11
      vertex -17.9393 1.06066 11
    endloop
  endfacet
  facet normal 0 -0 1
    outer loop
      vertex -17.701 0.75 11
      vertex -15.8631 2.08842 11
      vertex -17.81 0.913141 11
    endloop
  endfacet
  facet normal 0 0 1
    outer loop
      vertex -15.8631 2.08842 11
      vertex -18.0869 1.19003 11
      vertex -17.9393 1.06066 11
    endloop
  endfacet
  facet normal 0 0 1
    outer loop
      vertex -15.8631 2.08842 11
      vertex -18.25 1.29904 11
      vertex -18.0869 1.19003 11
    endloop
  endfacet
  facet normal 0 -0 1
    outer loop
      vertex -18.426 1.38582 11
      vertex -15.4548 4.1411 11
      vertex -18.6118 1.44889 11
    endloop
  endfacet
  facet normal 0 0 1
    outer loop
      vertex -15.8631 2.08842 11
      vertex -18.426 1.38582 11
      vertex -18.25 1.29904 11
    endloop
  endfacet
  facet normal 0 0 1
    outer loop
      vertex -15.4548 4.1411 11
      vertex -18.426 1.38582 11
      vertex -15.8631 2.08842 11
    endloop
  endfacet
  facet normal 0 0 1
    outer loop
      vertex -18.6118 1.44889 11
      vertex -20.2844 5.4352 11
      vertex -18.8042 1.48717 11
    endloop
  endfacet
  facet normal 0 0 1
    outer loop
      vertex -18.8042 1.48717 11
      vertex -20.2844 5.4352 11
      vertex -19 1.5 11
    endloop
  endfacet
  facet normal -0 0 1
    outer loop
      vertex -20.8203 2.74105 11
      vertex -19 1.5 11
      vertex -20.2844 5.4352 11
    endloop
  endfacet
  facet normal 0 0 1
    outer loop
      vertex -19 1.5 11
      vertex -20.8203 2.74105 11
      vertex -19.1958 1.48717 11
    endloop
  endfacet
  facet normal 0 0 1
    outer loop
      vertex -19.1958 1.48717 11
      vertex -20.8203 2.74105 11
      vertex -19.3882 1.44889 11
    endloop
  endfacet
  facet normal 0 0 1
    outer loop
      vertex -19.3882 1.44889 11
      vertex -20.8203 2.74105 11
      vertex -19.574 1.38582 11
    endloop
  endfacet
  facet normal 0 0 1
    outer loop
      vertex -19.574 1.38582 11
      vertex -20.8203 2.74105 11
      vertex -19.75 1.29904 11
    endloop
  endfacet
  facet normal 0 0 1
    outer loop
      vertex -19.75 1.29904 11
      vertex -20.8203 2.74105 11
      vertex -19.9131 1.19003 11
    endloop
  endfacet
  facet normal 0 0 1
    outer loop
      vertex -19.9131 1.19003 11
      vertex -20.8203 2.74105 11
      vertex -20.0607 1.06066 11
    endloop
  endfacet
  facet normal 0 0 1
    outer loop
      vertex -20.0607 1.06066 11
      vertex -20.8203 2.74105 11
      vertex -20.19 0.913141 11
    endloop
  endfacet
  facet normal 0 0 1
    outer loop
      vertex -20.19 0.913141 11
      vertex -20.8203 2.74105 11
      vertex -20.299 0.75 11
    endloop
  endfacet
  facet normal 0 0 1
    outer loop
      vertex -21 0 11
      vertex -20.299 0.75 11
      vertex -20.8203 2.74105 11
    endloop
  endfacet
  facet normal 0 0 1
    outer loop
      vertex -20.299 0.75 11
      vertex -21 0 11
      vertex -20.3858 0.574024 11
    endloop
  endfacet
  facet normal 0 0 1
    outer loop
      vertex -20.3858 0.574024 11
      vertex -21 0 11
      vertex -20.4489 0.388228 11
    endloop
  endfacet
  facet normal 0 0 1
    outer loop
      vertex -20.4489 0.388228 11
      vertex -21 0 11
      vertex -20.4872 0.195788 11
    endloop
  endfacet
  facet normal 0 0 1
    outer loop
      vertex 10.8858 15.8805 11
      vertex 12.784 16.6604 11
      vertex 10.9489 16.0663 11
    endloop
  endfacet
  facet normal 0 0 1
    outer loop
      vertex 10.799 15.7045 11
      vertex 12.784 16.6604 11
      vertex 10.8858 15.8805 11
    endloop
  endfacet
  facet normal 0 0 1
    outer loop
      vertex 12.784 16.6604 11
      vertex 10.799 15.7045 11
      vertex 14.8492 14.8492 11
    endloop
  endfacet
  facet normal -0 0 1
    outer loop
      vertex 10.69 15.5413 11
      vertex 14.8492 14.8492 11
      vertex 10.799 15.7045 11
    endloop
  endfacet
  facet normal -0 0 1
    outer loop
      vertex 10.5607 15.3938 11
      vertex 14.8492 14.8492 11
      vertex 10.69 15.5413 11
    endloop
  endfacet
  facet normal 0 0 1
    outer loop
      vertex 14.8492 14.8492 11
      vertex 10.5607 15.3938 11
      vertex 11.3137 11.3137 11
    endloop
  endfacet
  facet normal -0 0 1
    outer loop
      vertex 10.4131 15.2645 11
      vertex 11.3137 11.3137 11
      vertex 10.5607 15.3938 11
    endloop
  endfacet
  facet normal 0 0 1
    outer loop
      vertex 9.74018 12.6937 11
      vertex 10.4131 15.2645 11
      vertex 10.25 15.1554 11
    endloop
  endfacet
  facet normal 0 0 1
    outer loop
      vertex 9.74018 12.6937 11
      vertex 10.25 15.1554 11
      vertex 10.074 15.0687 11
    endloop
  endfacet
  facet normal 0 0 1
    outer loop
      vertex 9.74018 12.6937 11
      vertex 10.074 15.0687 11
      vertex 9.88823 15.0056 11
    endloop
  endfacet
  facet normal 0 0 1
    outer loop
      vertex 10.4131 15.2645 11
      vertex 9.74018 12.6937 11
      vertex 11.3137 11.3137 11
    endloop
  endfacet
  facet normal -0 0 1
    outer loop
      vertex 9.69579 14.9673 11
      vertex 9.74018 12.6937 11
      vertex 9.88823 15.0056 11
    endloop
  endfacet
  facet normal -0 0 1
    outer loop
      vertex 9.5 14.9545 11
      vertex 9.74018 12.6937 11
      vertex 9.69579 14.9673 11
    endloop
  endfacet
  facet normal 0 0 1
    outer loop
      vertex 9.30421 14.9673 11
      vertex 9.74018 12.6937 11
      vertex 9.5 14.9545 11
    endloop
  endfacet
  facet normal 0 0 1
    outer loop
      vertex 8 13.8564 11
      vertex 9.30421 14.9673 11
      vertex 9.11177 15.0056 11
    endloop
  endfacet
  facet normal 0 0 1
    outer loop
      vertex 8 13.8564 11
      vertex 9.11177 15.0056 11
      vertex 8.92597 15.0687 11
    endloop
  endfacet
  facet normal 0 0 1
    outer loop
      vertex 8 13.8564 11
      vertex 8.92597 15.0687 11
      vertex 8.75 15.1554 11
    endloop
  endfacet
  facet normal 0 0 1
    outer loop
      vertex 8 13.8564 11
      vertex 8.75 15.1554 11
      vertex 8.58686 15.2645 11
    endloop
  endfacet
  facet normal 0 0 1
    outer loop
      vertex 8 13.8564 11
      vertex 8.58686 15.2645 11
      vertex 8.43934 15.3938 11
    endloop
  endfacet
  facet normal 0 0 1
    outer loop
      vertex 8 13.8564 11
      vertex 8.43934 15.3938 11
      vertex 8.30997 15.5413 11
    endloop
  endfacet
  facet normal 0 0 1
    outer loop
      vertex 6.12293 14.7821 11
      vertex 8.30997 15.5413 11
      vertex 8.20096 15.7045 11
    endloop
  endfacet
  facet normal 0 0 1
    outer loop
      vertex 9.30421 14.9673 11
      vertex 8 13.8564 11
      vertex 9.74018 12.6937 11
    endloop
  endfacet
  facet normal 0 0 1
    outer loop
      vertex 6.12293 14.7821 11
      vertex 8.20096 15.7045 11
      vertex 8.11418 15.8805 11
    endloop
  endfacet
  facet normal 0 0 1
    outer loop
      vertex 6.12293 14.7821 11
      vertex 8.11418 15.8805 11
      vertex 8.05111 16.0663 11
    endloop
  endfacet
  facet normal 0 0 1
    outer loop
      vertex 6.12293 14.7821 11
      vertex 8.05111 16.0663 11
      vertex 8.01283 16.2587 11
    endloop
  endfacet
  facet normal 0 0 1
    outer loop
      vertex 6.12293 14.7821 11
      vertex 8.01283 16.2587 11
      vertex 8 16.4545 11
    endloop
  endfacet
  facet normal -0 0 1
    outer loop
      vertex 20.299 0.75 11
      vertex 21 0 11
      vertex 20.8203 2.74105 11
    endloop
  endfacet
  facet normal 0 0 1
    outer loop
      vertex 20.4872 -0.195788 11
      vertex 21 0 11
      vertex 20.5 0 11
    endloop
  endfacet
  facet normal 0 0 1
    outer loop
      vertex 21 0 11
      vertex 20.4872 0.195788 11
      vertex 20.5 0 11
    endloop
  endfacet
  facet normal 0 0 1
    outer loop
      vertex 21 0 11
      vertex 20.4489 0.388228 11
      vertex 20.4872 0.195788 11
    endloop
  endfacet
  facet normal 0 0 1
    outer loop
      vertex 21 0 11
      vertex 20.3858 0.574024 11
      vertex 20.4489 0.388228 11
    endloop
  endfacet
  facet normal 0 0 1
    outer loop
      vertex 21 0 11
      vertex 20.299 0.75 11
      vertex 20.3858 0.574024 11
    endloop
  endfacet
  facet normal 0 0 1
    outer loop
      vertex 19 1.5 11
      vertex 20.8203 2.74105 11
      vertex 20.2844 5.4352 11
    endloop
  endfacet
  facet normal 0 0 1
    outer loop
      vertex 20.8203 2.74105 11
      vertex 20.19 0.913141 11
      vertex 20.299 0.75 11
    endloop
  endfacet
  facet normal 0 0 1
    outer loop
      vertex 20.8203 2.74105 11
      vertex 20.0607 1.06066 11
      vertex 20.19 0.913141 11
    endloop
  endfacet
  facet normal 0 0 1
    outer loop
      vertex 20.8203 2.74105 11
      vertex 19.9131 1.19003 11
      vertex 20.0607 1.06066 11
    endloop
  endfacet
  facet normal 0 0 1
    outer loop
      vertex 20.8203 2.74105 11
      vertex 19.75 1.29904 11
      vertex 19.9131 1.19003 11
    endloop
  endfacet
  facet normal 0 0 1
    outer loop
      vertex 20.8203 2.74105 11
      vertex 19.574 1.38582 11
      vertex 19.75 1.29904 11
    endloop
  endfacet
  facet normal 0 0 1
    outer loop
      vertex 15.4548 4.1411 11
      vertex 20.2844 5.4352 11
      vertex 19.4015 8.03635 11
    endloop
  endfacet
  facet normal 0 0 1
    outer loop
      vertex 20.8203 2.74105 11
      vertex 19.3882 1.44889 11
      vertex 19.574 1.38582 11
    endloop
  endfacet
  facet normal 0 0 1
    outer loop
      vertex 20.8203 2.74105 11
      vertex 19.1958 1.48717 11
      vertex 19.3882 1.44889 11
    endloop
  endfacet
  facet normal 0 0 1
    outer loop
      vertex 20.8203 2.74105 11
      vertex 19 1.5 11
      vertex 19.1958 1.48717 11
    endloop
  endfacet
  facet normal 0 0 1
    outer loop
      vertex 20.2844 5.4352 11
      vertex 18.8042 1.48717 11
      vertex 19 1.5 11
    endloop
  endfacet
  facet normal 0 -0 1
    outer loop
      vertex 18.6118 1.44889 11
      vertex 20.2844 5.4352 11
      vertex 15.4548 4.1411 11
    endloop
  endfacet
  facet normal 0 0 1
    outer loop
      vertex 20.2844 5.4352 11
      vertex 18.6118 1.44889 11
      vertex 18.8042 1.48717 11
    endloop
  endfacet
  facet normal 0 0 1
    outer loop
      vertex 18.6118 1.44889 11
      vertex 15.4548 4.1411 11
      vertex 18.426 1.38582 11
    endloop
  endfacet
  facet normal 0 0 1
    outer loop
      vertex 14.7821 6.12293 11
      vertex 19.4015 8.03635 11
      vertex 18.1865 10.5 11
    endloop
  endfacet
  facet normal -0 -0 1
    outer loop
      vertex 15.8631 2.08842 11
      vertex 18.426 1.38582 11
      vertex 15.4548 4.1411 11
    endloop
  endfacet
  facet normal 0 0 1
    outer loop
      vertex 18.426 1.38582 11
      vertex 15.8631 2.08842 11
      vertex 18.25 1.29904 11
    endloop
  endfacet
  facet normal 0 0 1
    outer loop
      vertex 18.25 1.29904 11
      vertex 15.8631 2.08842 11
      vertex 18.0869 1.19003 11
    endloop
  endfacet
  facet normal 0 0 1
    outer loop
      vertex 18.0869 1.19003 11
      vertex 15.8631 2.08842 11
      vertex 17.9393 1.06066 11
    endloop
  endfacet
  facet normal 0 0 1
    outer loop
      vertex 17.9393 1.06066 11
      vertex 15.8631 2.08842 11
      vertex 17.81 0.913141 11
    endloop
  endfacet
  facet normal 0 0 1
    outer loop
      vertex 17.81 0.913141 11
      vertex 15.8631 2.08842 11
      vertex 17.701 0.75 11
    endloop
  endfacet
  facet normal 0 0 1
    outer loop
      vertex 17.701 0.75 11
      vertex 15.8631 2.08842 11
      vertex 17.6142 0.574024 11
    endloop
  endfacet
  facet normal 0 -0 1
    outer loop
      vertex 16 0 11
      vertex 17.6142 0.574024 11
      vertex 15.8631 2.08842 11
    endloop
  endfacet
  facet normal 0 0 1
    outer loop
      vertex 13.8564 8 11
      vertex 18.1865 10.5 11
      vertex 16.6604 12.784 11
    endloop
  endfacet
  facet normal 0 0 1
    outer loop
      vertex 20.4489 -0.388228 11
      vertex 21 0 11
      vertex 20.4872 -0.195788 11
    endloop
  endfacet
  facet normal 0 0 1
    outer loop
      vertex 20.3858 -0.574024 11
      vertex 21 0 11
      vertex 20.4489 -0.388228 11
    endloop
  endfacet
  facet normal 0 0 1
    outer loop
      vertex 20.299 -0.75 11
      vertex 21 0 11
      vertex 20.3858 -0.574024 11
    endloop
  endfacet
  facet normal 0 0 1
    outer loop
      vertex 21 0 11
      vertex 20.299 -0.75 11
      vertex 20.8203 -2.74105 11
    endloop
  endfacet
  facet normal -0 0 1
    outer loop
      vertex 20.19 -0.913141 11
      vertex 20.8203 -2.74105 11
      vertex 20.299 -0.75 11
    endloop
  endfacet
  facet normal -0 0 1
    outer loop
      vertex 20.0607 -1.06066 11
      vertex 20.8203 -2.74105 11
      vertex 20.19 -0.913141 11
    endloop
  endfacet
  facet normal -0 0 1
    outer loop
      vertex 19.9131 -1.19003 11
      vertex 20.8203 -2.74105 11
      vertex 20.0607 -1.06066 11
    endloop
  endfacet
  facet normal -0 0 1
    outer loop
      vertex 19.75 -1.29904 11
      vertex 20.8203 -2.74105 11
      vertex 19.9131 -1.19003 11
    endloop
  endfacet
  facet normal -0 0 1
    outer loop
      vertex 19.574 -1.38582 11
      vertex 20.8203 -2.74105 11
      vertex 19.75 -1.29904 11
    endloop
  endfacet
  facet normal -0 0 1
    outer loop
      vertex 19.3882 -1.44889 11
      vertex 20.8203 -2.74105 11
      vertex 19.574 -1.38582 11
    endloop
  endfacet
  facet normal -0 0 1
    outer loop
      vertex 19.1958 -1.48717 11
      vertex 20.8203 -2.74105 11
      vertex 19.3882 -1.44889 11
    endloop
  endfacet
  facet normal -0 0 1
    outer loop
      vertex 19 -1.5 11
      vertex 20.8203 -2.74105 11
      vertex 19.1958 -1.48717 11
    endloop
  endfacet
  facet normal 0 0 1
    outer loop
      vertex 20.8203 -2.74105 11
      vertex 19 -1.5 11
      vertex 20.2844 -5.4352 11
    endloop
  endfacet
  facet normal 0 0 1
    outer loop
      vertex 18.8042 -1.48717 11
      vertex 20.2844 -5.4352 11
      vertex 19 -1.5 11
    endloop
  endfacet
  facet normal 0 0 1
    outer loop
      vertex 18.6118 -1.44889 11
      vertex 20.2844 -5.4352 11
      vertex 18.8042 -1.48717 11
    endloop
  endfacet
  facet normal 0 0 1
    outer loop
      vertex 15.4548 -4.1411 11
      vertex 18.426 -1.38582 11
      vertex 15.8631 -2.08842 11
    endloop
  endfacet
  facet normal 0 0 1
    outer loop
      vertex 15.8631 -2.08842 11
      vertex 18.426 -1.38582 11
      vertex 18.25 -1.29904 11
    endloop
  endfacet
  facet normal 0 0 1
    outer loop
      vertex 18.426 -1.38582 11
      vertex 15.4548 -4.1411 11
      vertex 18.6118 -1.44889 11
    endloop
  endfacet
  facet normal 0 0 1
    outer loop
      vertex 15.8631 -2.08842 11
      vertex 18.25 -1.29904 11
      vertex 18.0869 -1.19003 11
    endloop
  endfacet
  facet normal 0 0 1
    outer loop
      vertex 17.9393 -1.06066 11
      vertex 15.8631 -2.08842 11
      vertex 18.0869 -1.19003 11
    endloop
  endfacet
  facet normal 0 0 1
    outer loop
      vertex 17.81 -0.913141 11
      vertex 15.8631 -2.08842 11
      vertex 17.9393 -1.06066 11
    endloop
  endfacet
  facet normal 0 0 1
    outer loop
      vertex 17.701 -0.75 11
      vertex 15.8631 -2.08842 11
      vertex 17.81 -0.913141 11
    endloop
  endfacet
  facet normal 0 0 1
    outer loop
      vertex 17.6142 -0.574024 11
      vertex 15.8631 -2.08842 11
      vertex 17.701 -0.75 11
    endloop
  endfacet
  facet normal 0 0 1
    outer loop
      vertex 15.8631 -2.08842 11
      vertex 17.6142 -0.574024 11
      vertex 16 0 11
    endloop
  endfacet
  facet normal 0 0 1
    outer loop
      vertex 16 0 11
      vertex 17.6142 -0.574024 11
      vertex 17.5511 -0.388228 11
    endloop
  endfacet
  facet normal 0 0 1
    outer loop
      vertex 16 0 11
      vertex 17.5511 -0.388228 11
      vertex 17.5128 -0.195788 11
    endloop
  endfacet
  facet normal -0 0 1
    outer loop
      vertex 16 0 11
      vertex 17.5128 -0.195788 11
      vertex 17.5 0 11
    endloop
  endfacet
  facet normal 0 0 1
    outer loop
      vertex 17.6142 0.574024 11
      vertex 16 0 11
      vertex 17.5511 0.388228 11
    endloop
  endfacet
  facet normal 0 0 1
    outer loop
      vertex 18.6118 -1.44889 11
      vertex 15.4548 -4.1411 11
      vertex 20.2844 -5.4352 11
    endloop
  endfacet
  facet normal 0 0 1
    outer loop
      vertex 20.2844 -5.4352 11
      vertex 15.4548 -4.1411 11
      vertex 19.4015 -8.03635 11
    endloop
  endfacet
  facet normal 0 0 1
    outer loop
      vertex 17.5128 0.195788 11
      vertex 16 0 11
      vertex 17.5 0 11
    endloop
  endfacet
  facet normal 0 0 1
    outer loop
      vertex 17.5511 0.388228 11
      vertex 16 0 11
      vertex 17.5128 0.195788 11
    endloop
  endfacet
  facet normal 0 0 1
    outer loop
      vertex 12.6937 9.74018 11
      vertex 16.6604 12.784 11
      vertex 14.8492 14.8492 11
    endloop
  endfacet
  facet normal 0 0 1
    outer loop
      vertex 19.4015 8.03635 11
      vertex 14.7821 6.12293 11
      vertex 15.4548 4.1411 11
    endloop
  endfacet
  facet normal 0 0 1
    outer loop
      vertex 18.1865 10.5 11
      vertex 13.8564 8 11
      vertex 14.7821 6.12293 11
    endloop
  endfacet
  facet normal 0 0 1
    outer loop
      vertex 10.9489 16.0663 11
      vertex 12.784 16.6604 11
      vertex 10.9872 16.2587 11
    endloop
  endfacet
  facet normal 0 0 1
    outer loop
      vertex 16.6604 12.784 11
      vertex 12.6937 9.74018 11
      vertex 13.8564 8 11
    endloop
  endfacet
  facet normal 0 0 1
    outer loop
      vertex 14.8492 14.8492 11
      vertex 11.3137 11.3137 11
      vertex 12.6937 9.74018 11
    endloop
  endfacet
  facet normal 0 0 1
    outer loop
      vertex 10.9872 16.2587 11
      vertex 12.784 16.6604 11
      vertex 11 16.4545 11
    endloop
  endfacet
  facet normal 0 0 1
    outer loop
      vertex 12.784 16.6604 11
      vertex 10.9872 16.6503 11
      vertex 11 16.4545 11
    endloop
  endfacet
  facet normal 0 0 1
    outer loop
      vertex 12.784 16.6604 11
      vertex 10.9489 16.8427 11
      vertex 10.9872 16.6503 11
    endloop
  endfacet
  facet normal 0 0 1
    outer loop
      vertex 12.784 16.6604 11
      vertex 10.8858 17.0285 11
      vertex 10.9489 16.8427 11
    endloop
  endfacet
  facet normal 0 0 1
    outer loop
      vertex 12.784 16.6604 11
      vertex 10.799 17.2045 11
      vertex 10.8858 17.0285 11
    endloop
  endfacet
  facet normal 0 0 1
    outer loop
      vertex 10.5 18.1865 11
      vertex 10.799 17.2045 11
      vertex 12.784 16.6604 11
    endloop
  endfacet
  facet normal 0 0 1
    outer loop
      vertex 10.799 17.2045 11
      vertex 10.5 18.1865 11
      vertex 10.69 17.3676 11
    endloop
  endfacet
  facet normal 0 0 1
    outer loop
      vertex 10.69 17.3676 11
      vertex 10.5 18.1865 11
      vertex 10.5607 17.5151 11
    endloop
  endfacet
  facet normal 0 0 1
    outer loop
      vertex 10.5 18.1865 11
      vertex 10.4131 17.6445 11
      vertex 10.5607 17.5151 11
    endloop
  endfacet
  facet normal 0 0 1
    outer loop
      vertex 10.5 18.1865 11
      vertex 10.25 17.7535 11
      vertex 10.4131 17.6445 11
    endloop
  endfacet
  facet normal 0 0 1
    outer loop
      vertex 10.5 18.1865 11
      vertex 10.074 17.8403 11
      vertex 10.25 17.7535 11
    endloop
  endfacet
  facet normal 0 0 1
    outer loop
      vertex 10.5 18.1865 11
      vertex 9.88823 17.9034 11
      vertex 10.074 17.8403 11
    endloop
  endfacet
  facet normal 0 0 1
    outer loop
      vertex 10.5 18.1865 11
      vertex 9.69579 17.9417 11
      vertex 9.88823 17.9034 11
    endloop
  endfacet
  facet normal 0 0 1
    outer loop
      vertex 10.5 18.1865 11
      vertex 9.5 17.9545 11
      vertex 9.69579 17.9417 11
    endloop
  endfacet
  facet normal 0 0 1
    outer loop
      vertex 8.03635 19.4015 11
      vertex 9.5 17.9545 11
      vertex 10.5 18.1865 11
    endloop
  endfacet
  facet normal 0 0 1
    outer loop
      vertex 9.5 17.9545 11
      vertex 8.03635 19.4015 11
      vertex 9.30421 17.9417 11
    endloop
  endfacet
  facet normal 0 0 1
    outer loop
      vertex 9.30421 17.9417 11
      vertex 8.03635 19.4015 11
      vertex 9.11177 17.9034 11
    endloop
  endfacet
  facet normal 0 0 1
    outer loop
      vertex 8.03635 19.4015 11
      vertex 8.92597 17.8403 11
      vertex 9.11177 17.9034 11
    endloop
  endfacet
  facet normal 0 0 1
    outer loop
      vertex 8.03635 19.4015 11
      vertex 8.75 17.7535 11
      vertex 8.92597 17.8403 11
    endloop
  endfacet
  facet normal 0 0 1
    outer loop
      vertex 8.03635 19.4015 11
      vertex 8.58686 17.6445 11
      vertex 8.75 17.7535 11
    endloop
  endfacet
  facet normal 0 0 1
    outer loop
      vertex 8.03635 19.4015 11
      vertex 8.43934 17.5151 11
      vertex 8.58686 17.6445 11
    endloop
  endfacet
  facet normal 0 0 1
    outer loop
      vertex 8.03635 19.4015 11
      vertex 8.30997 17.3676 11
      vertex 8.43934 17.5151 11
    endloop
  endfacet
  facet normal 0 0 1
    outer loop
      vertex 8.03635 19.4015 11
      vertex 8.20096 17.2045 11
      vertex 8.30997 17.3676 11
    endloop
  endfacet
  facet normal 0 0 1
    outer loop
      vertex 5.4352 20.2844 11
      vertex 8.20096 17.2045 11
      vertex 8.03635 19.4015 11
    endloop
  endfacet
  facet normal 0 0 1
    outer loop
      vertex 8.20096 17.2045 11
      vertex 5.4352 20.2844 11
      vertex 8.11418 17.0285 11
    endloop
  endfacet
  facet normal 0 0 1
    outer loop
      vertex 8.11418 17.0285 11
      vertex 5.4352 20.2844 11
      vertex 8.05111 16.8427 11
    endloop
  endfacet
  facet normal 0 0 1
    outer loop
      vertex 4.1411 15.4548 11
      vertex 8.05111 16.8427 11
      vertex 5.4352 20.2844 11
    endloop
  endfacet
  facet normal 0 0 1
    outer loop
      vertex 8.30997 15.5413 11
      vertex 6.12293 14.7821 11
      vertex 8 13.8564 11
    endloop
  endfacet
  facet normal 0 0 1
    outer loop
      vertex 8.05111 16.8427 11
      vertex 4.1411 15.4548 11
      vertex 8.01283 16.6503 11
    endloop
  endfacet
  facet normal 0 -0 1
    outer loop
      vertex 6.12293 14.7821 11
      vertex 8.01283 16.6503 11
      vertex 4.1411 15.4548 11
    endloop
  endfacet
  facet normal 0 0 1
    outer loop
      vertex 8.01283 16.6503 11
      vertex 6.12293 14.7821 11
      vertex 8 16.4545 11
    endloop
  endfacet
  facet normal 0 0 1
    outer loop
      vertex 2.74105 20.8203 11
      vertex 4.1411 15.4548 11
      vertex 5.4352 20.2844 11
    endloop
  endfacet
  facet normal 0 0 1
    outer loop
      vertex 2.74105 20.8203 11
      vertex 2.08842 15.8631 11
      vertex 4.1411 15.4548 11
    endloop
  endfacet
  facet normal 0 0 1
    outer loop
      vertex 2 20.8689 11
      vertex 2.08842 15.8631 11
      vertex 2.74105 20.8203 11
    endloop
  endfacet
  facet normal 0 0 1
    outer loop
      vertex 2.08842 15.8631 11
      vertex 2 20.8689 11
      vertex 2 15.8689 11
    endloop
  endfacet
  facet normal -0.555565 0.831473 0
    outer loop
      vertex -10.5 18.1865 6
      vertex -12.784 16.6604 11
      vertex -10.5 18.1865 11
    endloop
  endfacet
  facet normal -0.555565 0.831473 0
    outer loop
      vertex -12.784 16.6604 11
      vertex -10.5 18.1865 6
      vertex -12.784 16.6604 6
    endloop
  endfacet
  facet normal -0.065442 0.997856 0
    outer loop
      vertex -2 20.8689 6
      vertex -2.74105 20.8203 11
      vertex -2 20.8689 11
    endloop
  endfacet
  facet normal -0.065442 0.997856 0
    outer loop
      vertex -2.74105 20.8203 11
      vertex -2 20.8689 6
      vertex -2.74105 20.8203 6
    endloop
  endfacet
  facet normal 0.997858 -0.0654184 0
    outer loop
      vertex 20.8203 -2.74105 11
      vertex 21 0 6
      vertex 21 0 11
    endloop
  endfacet
  facet normal 0.997858 -0.0654184 0
    outer loop
      vertex 21 0 6
      vertex 20.8203 -2.74105 11
      vertex 20.8203 -2.74105 6
    endloop
  endfacet
  facet normal 0.0654184 -0.997858 0
    outer loop
      vertex 0 -21 6
      vertex 2.74105 -20.8203 11
      vertex 0 -21 11
    endloop
  endfacet
  facet normal 0.0654184 -0.997858 0
    outer loop
      vertex 2.74105 -20.8203 11
      vertex 0 -21 6
      vertex 2.74105 -20.8203 6
    endloop
  endfacet
  facet normal 0.321416 -0.946938 0
    outer loop
      vertex 5.4352 -20.2844 6
      vertex 8.03635 -19.4015 11
      vertex 5.4352 -20.2844 11
    endloop
  endfacet
  facet normal 0.321416 -0.946938 0
    outer loop
      vertex 8.03635 -19.4015 11
      vertex 5.4352 -20.2844 6
      vertex 8.03635 -19.4015 6
    endloop
  endfacet
  facet normal 0.555565 -0.831473 0
    outer loop
      vertex 10.5 -18.1865 6
      vertex 12.784 -16.6604 11
      vertex 10.5 -18.1865 11
    endloop
  endfacet
  facet normal 0.555565 -0.831473 0
    outer loop
      vertex 12.784 -16.6604 11
      vertex 10.5 -18.1865 6
      vertex 12.784 -16.6604 6
    endloop
  endfacet
  facet normal 0.751827 -0.65936 0
    outer loop
      vertex 14.8492 -14.8492 11
      vertex 16.6604 -12.784 6
      vertex 16.6604 -12.784 11
    endloop
  endfacet
  facet normal 0.751827 -0.65936 0
    outer loop
      vertex 16.6604 -12.784 6
      vertex 14.8492 -14.8492 11
      vertex 14.8492 -14.8492 6
    endloop
  endfacet
  facet normal -0.65936 -0.751827 0
    outer loop
      vertex -14.8492 -14.8492 6
      vertex -12.784 -16.6604 11
      vertex -14.8492 -14.8492 11
    endloop
  endfacet
  facet normal -0.65936 -0.751827 -0
    outer loop
      vertex -12.784 -16.6604 11
      vertex -14.8492 -14.8492 6
      vertex -12.784 -16.6604 6
    endloop
  endfacet
  facet normal -0.442307 -0.896864 0
    outer loop
      vertex -10.5 -18.1865 6
      vertex -8.03635 -19.4015 11
      vertex -10.5 -18.1865 11
    endloop
  endfacet
  facet normal -0.442307 -0.896864 -0
    outer loop
      vertex -8.03635 -19.4015 11
      vertex -10.5 -18.1865 6
      vertex -8.03635 -19.4015 6
    endloop
  endfacet
  facet normal -0.19509 -0.980785 0
    outer loop
      vertex -5.4352 -20.2844 6
      vertex -2.74105 -20.8203 11
      vertex -5.4352 -20.2844 11
    endloop
  endfacet
  facet normal -0.19509 -0.980785 -0
    outer loop
      vertex -2.74105 -20.8203 11
      vertex -5.4352 -20.2844 6
      vertex -2.74105 -20.8203 6
    endloop
  endfacet
  facet normal -0.831473 -0.555565 0
    outer loop
      vertex -16.6604 -12.784 6
      vertex -18.1865 -10.5 11
      vertex -18.1865 -10.5 6
    endloop
  endfacet
  facet normal -0.831473 -0.555565 0
    outer loop
      vertex -18.1865 -10.5 11
      vertex -16.6604 -12.784 6
      vertex -16.6604 -12.784 11
    endloop
  endfacet
  facet normal -0.946938 -0.321416 0
    outer loop
      vertex -19.4015 -8.03635 6
      vertex -20.2844 -5.4352 11
      vertex -20.2844 -5.4352 6
    endloop
  endfacet
  facet normal -0.946938 -0.321416 0
    outer loop
      vertex -20.2844 -5.4352 11
      vertex -19.4015 -8.03635 6
      vertex -19.4015 -8.03635 11
    endloop
  endfacet
  facet normal -0.997858 -0.0654184 0
    outer loop
      vertex -20.8203 -2.74105 6
      vertex -21 0 11
      vertex -21 0 6
    endloop
  endfacet
  facet normal -0.997858 -0.0654184 0
    outer loop
      vertex -21 0 11
      vertex -20.8203 -2.74105 6
      vertex -20.8203 -2.74105 11
    endloop
  endfacet
  facet normal 0.19509 -0.980785 0
    outer loop
      vertex 2.74105 -20.8203 6
      vertex 5.4352 -20.2844 11
      vertex 2.74105 -20.8203 11
    endloop
  endfacet
  facet normal 0.19509 -0.980785 0
    outer loop
      vertex 5.4352 -20.2844 11
      vertex 2.74105 -20.8203 6
      vertex 5.4352 -20.2844 6
    endloop
  endfacet
  facet normal 0.65936 -0.751827 0
    outer loop
      vertex 12.784 -16.6604 6
      vertex 14.8492 -14.8492 11
      vertex 12.784 -16.6604 11
    endloop
  endfacet
  facet normal 0.65936 -0.751827 0
    outer loop
      vertex 14.8492 -14.8492 11
      vertex 12.784 -16.6604 6
      vertex 14.8492 -14.8492 6
    endloop
  endfacet
  facet normal -0.555565 -0.831473 0
    outer loop
      vertex -12.784 -16.6604 6
      vertex -10.5 -18.1865 11
      vertex -12.784 -16.6604 11
    endloop
  endfacet
  facet normal -0.555565 -0.831473 -0
    outer loop
      vertex -10.5 -18.1865 11
      vertex -12.784 -16.6604 6
      vertex -10.5 -18.1865 6
    endloop
  endfacet
  facet normal -0.0654184 -0.997858 0
    outer loop
      vertex -2.74105 -20.8203 6
      vertex 0 -21 11
      vertex -2.74105 -20.8203 11
    endloop
  endfacet
  facet normal -0.0654184 -0.997858 -0
    outer loop
      vertex 0 -21 11
      vertex -2.74105 -20.8203 6
      vertex 0 -21 6
    endloop
  endfacet
  facet normal -0.751827 -0.65936 0
    outer loop
      vertex -14.8492 -14.8492 6
      vertex -16.6604 -12.784 11
      vertex -16.6604 -12.784 6
    endloop
  endfacet
  facet normal -0.751827 -0.65936 0
    outer loop
      vertex -16.6604 -12.784 11
      vertex -14.8492 -14.8492 6
      vertex -14.8492 -14.8492 11
    endloop
  endfacet
  facet normal -0.980785 -0.19509 0
    outer loop
      vertex -20.2844 -5.4352 6
      vertex -20.8203 -2.74105 11
      vertex -20.8203 -2.74105 6
    endloop
  endfacet
  facet normal -0.980785 -0.19509 0
    outer loop
      vertex -20.8203 -2.74105 11
      vertex -20.2844 -5.4352 6
      vertex -20.2844 -5.4352 11
    endloop
  endfacet
  facet normal 0.831473 -0.555565 0
    outer loop
      vertex 16.6604 -12.784 11
      vertex 18.1865 -10.5 6
      vertex 18.1865 -10.5 11
    endloop
  endfacet
  facet normal 0.831473 -0.555565 0
    outer loop
      vertex 18.1865 -10.5 6
      vertex 16.6604 -12.784 11
      vertex 16.6604 -12.784 6
    endloop
  endfacet
  facet normal 0.896864 -0.442307 0
    outer loop
      vertex 18.1865 -10.5 11
      vertex 19.4015 -8.03635 6
      vertex 19.4015 -8.03635 11
    endloop
  endfacet
  facet normal 0.896864 -0.442307 0
    outer loop
      vertex 19.4015 -8.03635 6
      vertex 18.1865 -10.5 11
      vertex 18.1865 -10.5 6
    endloop
  endfacet
  facet normal 0.946938 -0.321416 0
    outer loop
      vertex 19.4015 -8.03635 11
      vertex 20.2844 -5.4352 6
      vertex 20.2844 -5.4352 11
    endloop
  endfacet
  facet normal 0.946938 -0.321416 0
    outer loop
      vertex 20.2844 -5.4352 6
      vertex 19.4015 -8.03635 11
      vertex 19.4015 -8.03635 6
    endloop
  endfacet
  facet normal 0.980764 -0.195195 0
    outer loop
      vertex 17.5128 0.195788 11
      vertex 17.5511 0.388228 6
      vertex 17.5511 0.388228 11
    endloop
  endfacet
  facet normal 0.980764 -0.195195 0
    outer loop
      vertex 17.5511 0.388228 6
      vertex 17.5128 0.195788 11
      vertex 17.5128 0.195788 6
    endloop
  endfacet
  facet normal -0.831487 -0.555544 0
    outer loop
      vertex 20.299 0.75 6
      vertex 20.19 0.913141 11
      vertex 20.19 0.913141 6
    endloop
  endfacet
  facet normal -0.831487 -0.555544 0
    outer loop
      vertex 20.19 0.913141 11
      vertex 20.299 0.75 6
      vertex 20.299 0.75 11
    endloop
  endfacet
  facet normal -0.321437 -0.946931 0
    outer loop
      vertex 19.3882 1.44889 6
      vertex 19.574 1.38582 11
      vertex 19.3882 1.44889 11
    endloop
  endfacet
  facet normal -0.321437 -0.946931 -0
    outer loop
      vertex 19.574 1.38582 11
      vertex 19.3882 1.44889 6
      vertex 19.574 1.38582 6
    endloop
  endfacet
  facet normal 0.442233 -0.8969 0
    outer loop
      vertex 18.25 1.29904 6
      vertex 18.426 1.38582 11
      vertex 18.25 1.29904 11
    endloop
  endfacet
  facet normal 0.442233 -0.8969 0
    outer loop
      vertex 18.426 1.38582 11
      vertex 18.25 1.29904 6
      vertex 18.426 1.38582 6
    endloop
  endfacet
  facet normal 0.946882 -0.32158 0
    outer loop
      vertex 17.5511 0.388228 11
      vertex 17.6142 0.574024 6
      vertex 17.6142 0.574024 11
    endloop
  endfacet
  facet normal 0.946882 -0.32158 0
    outer loop
      vertex 17.6142 0.574024 6
      vertex 17.5511 0.388228 11
      vertex 17.5511 0.388228 6
    endloop
  endfacet
  facet normal -0.980764 0.195195 0
    outer loop
      vertex 20.4489 -0.388228 6
      vertex 20.4872 -0.195788 11
      vertex 20.4872 -0.195788 6
    endloop
  endfacet
  facet normal -0.980764 0.195195 0
    outer loop
      vertex 20.4872 -0.195788 11
      vertex 20.4489 -0.388228 6
      vertex 20.4489 -0.388228 11
    endloop
  endfacet
  facet normal -0.980764 -0.195195 0
    outer loop
      vertex 20.4872 0.195788 6
      vertex 20.4489 0.388228 11
      vertex 20.4489 0.388228 6
    endloop
  endfacet
  facet normal -0.980764 -0.195195 0
    outer loop
      vertex 20.4489 0.388228 11
      vertex 20.4872 0.195788 6
      vertex 20.4872 0.195788 11
    endloop
  endfacet
  facet normal -0.659139 -0.752021 0
    outer loop
      vertex 19.9131 1.19003 6
      vertex 20.0607 1.06066 11
      vertex 19.9131 1.19003 11
    endloop
  endfacet
  facet normal -0.659139 -0.752021 -0
    outer loop
      vertex 20.0607 1.06066 11
      vertex 19.9131 1.19003 6
      vertex 20.0607 1.06066 6
    endloop
  endfacet
  facet normal 0.0653858 -0.99786 0
    outer loop
      vertex 18.8042 1.48717 6
      vertex 19 1.5 11
      vertex 18.8042 1.48717 11
    endloop
  endfacet
  facet normal 0.0653858 -0.99786 0
    outer loop
      vertex 19 1.5 11
      vertex 18.8042 1.48717 6
      vertex 19 1.5 6
    endloop
  endfacet
  facet normal -0.555676 -0.831399 0
    outer loop
      vertex 19.75 1.29904 6
      vertex 19.9131 1.19003 11
      vertex 19.75 1.29904 11
    endloop
  endfacet
  facet normal -0.555676 -0.831399 -0
    outer loop
      vertex 19.9131 1.19003 11
      vertex 19.75 1.29904 6
      vertex 19.9131 1.19003 6
    endloop
  endfacet
  facet normal 0.831487 -0.555544 0
    outer loop
      vertex 17.701 0.75 11
      vertex 17.81 0.913141 6
      vertex 17.81 0.913141 11
    endloop
  endfacet
  facet normal 0.831487 -0.555544 0
    outer loop
      vertex 17.81 0.913141 6
      vertex 17.701 0.75 11
      vertex 17.701 0.75 6
    endloop
  endfacet
  facet normal 0.195136 -0.980776 0
    outer loop
      vertex 18.6118 1.44889 6
      vertex 18.8042 1.48717 11
      vertex 18.6118 1.44889 11
    endloop
  endfacet
  facet normal 0.195136 -0.980776 0
    outer loop
      vertex 18.8042 1.48717 11
      vertex 18.6118 1.44889 6
      vertex 18.8042 1.48717 6
    endloop
  endfacet
  facet normal 0.752018 -0.659142 0
    outer loop
      vertex 17.81 0.913141 11
      vertex 17.9393 1.06066 6
      vertex 17.9393 1.06066 11
    endloop
  endfacet
  facet normal 0.752018 -0.659142 0
    outer loop
      vertex 17.9393 1.06066 6
      vertex 17.81 0.913141 11
      vertex 17.81 0.913141 6
    endloop
  endfacet
  facet normal -0.99787 -0.0652376 0
    outer loop
      vertex 20.5 0 6
      vertex 20.4872 0.195788 11
      vertex 20.4872 0.195788 6
    endloop
  endfacet
  facet normal -0.99787 -0.0652376 0
    outer loop
      vertex 20.4872 0.195788 11
      vertex 20.5 0 6
      vertex 20.5 0 11
    endloop
  endfacet
  facet normal -0.555676 0.831399 0
    outer loop
      vertex 19.9131 -1.19003 6
      vertex 19.75 -1.29904 11
      vertex 19.9131 -1.19003 11
    endloop
  endfacet
  facet normal -0.555676 0.831399 0
    outer loop
      vertex 19.75 -1.29904 11
      vertex 19.9131 -1.19003 6
      vertex 19.75 -1.29904 6
    endloop
  endfacet
  facet normal -0.752018 -0.659142 0
    outer loop
      vertex 20.19 0.913141 6
      vertex 20.0607 1.06066 11
      vertex 20.0607 1.06066 6
    endloop
  endfacet
  facet normal -0.752018 -0.659142 0
    outer loop
      vertex 20.0607 1.06066 11
      vertex 20.19 0.913141 6
      vertex 20.19 0.913141 11
    endloop
  endfacet
  facet normal -0.195136 -0.980776 0
    outer loop
      vertex 19.1958 1.48717 6
      vertex 19.3882 1.44889 11
      vertex 19.1958 1.48717 11
    endloop
  endfacet
  facet normal -0.195136 -0.980776 -0
    outer loop
      vertex 19.3882 1.44889 11
      vertex 19.1958 1.48717 6
      vertex 19.3882 1.44889 6
    endloop
  endfacet
  facet normal -0.0653858 -0.99786 0
    outer loop
      vertex 19 1.5 6
      vertex 19.1958 1.48717 11
      vertex 19 1.5 11
    endloop
  endfacet
  facet normal -0.0653858 -0.99786 -0
    outer loop
      vertex 19.1958 1.48717 11
      vertex 19 1.5 6
      vertex 19.1958 1.48717 6
    endloop
  endfacet
  facet normal -0.442233 -0.8969 0
    outer loop
      vertex 19.574 1.38582 6
      vertex 19.75 1.29904 11
      vertex 19.574 1.38582 11
    endloop
  endfacet
  facet normal -0.442233 -0.8969 -0
    outer loop
      vertex 19.75 1.29904 11
      vertex 19.574 1.38582 6
      vertex 19.75 1.29904 6
    endloop
  endfacet
  facet normal 0.99787 0.0652376 0
    outer loop
      vertex 17.5128 -0.195788 11
      vertex 17.5 0 6
      vertex 17.5 0 11
    endloop
  endfacet
  facet normal 0.99787 0.0652376 0
    outer loop
      vertex 17.5 0 6
      vertex 17.5128 -0.195788 11
      vertex 17.5128 -0.195788 6
    endloop
  endfacet
  facet normal 0.896836 -0.442363 0
    outer loop
      vertex 17.6142 0.574024 11
      vertex 17.701 0.75 6
      vertex 17.701 0.75 11
    endloop
  endfacet
  facet normal 0.896836 -0.442363 0
    outer loop
      vertex 17.701 0.75 6
      vertex 17.6142 0.574024 11
      vertex 17.6142 0.574024 6
    endloop
  endfacet
  facet normal 0.321437 -0.946931 0
    outer loop
      vertex 18.426 1.38582 6
      vertex 18.6118 1.44889 11
      vertex 18.426 1.38582 11
    endloop
  endfacet
  facet normal 0.321437 -0.946931 0
    outer loop
      vertex 18.6118 1.44889 11
      vertex 18.426 1.38582 6
      vertex 18.6118 1.44889 6
    endloop
  endfacet
  facet normal 0.659139 -0.752021 0
    outer loop
      vertex 17.9393 1.06066 6
      vertex 18.0869 1.19003 11
      vertex 17.9393 1.06066 11
    endloop
  endfacet
  facet normal 0.659139 -0.752021 0
    outer loop
      vertex 18.0869 1.19003 11
      vertex 17.9393 1.06066 6
      vertex 18.0869 1.19003 6
    endloop
  endfacet
  facet normal 0.555676 -0.831399 0
    outer loop
      vertex 18.0869 1.19003 6
      vertex 18.25 1.29904 11
      vertex 18.0869 1.19003 11
    endloop
  endfacet
  facet normal 0.555676 -0.831399 0
    outer loop
      vertex 18.25 1.29904 11
      vertex 18.0869 1.19003 6
      vertex 18.25 1.29904 6
    endloop
  endfacet
  facet normal -0.99787 0.0652376 0
    outer loop
      vertex 20.4872 -0.195788 6
      vertex 20.5 0 11
      vertex 20.5 0 6
    endloop
  endfacet
  facet normal -0.99787 0.0652376 0
    outer loop
      vertex 20.5 0 11
      vertex 20.4872 -0.195788 6
      vertex 20.4872 -0.195788 11
    endloop
  endfacet
  facet normal 0.980764 0.195195 0
    outer loop
      vertex 17.5511 -0.388228 11
      vertex 17.5128 -0.195788 6
      vertex 17.5128 -0.195788 11
    endloop
  endfacet
  facet normal 0.980764 0.195195 0
    outer loop
      vertex 17.5128 -0.195788 6
      vertex 17.5511 -0.388228 11
      vertex 17.5511 -0.388228 6
    endloop
  endfacet
  facet normal 0.831487 0.555544 0
    outer loop
      vertex 17.81 -0.913141 11
      vertex 17.701 -0.75 6
      vertex 17.701 -0.75 11
    endloop
  endfacet
  facet normal 0.831487 0.555544 0
    outer loop
      vertex 17.701 -0.75 6
      vertex 17.81 -0.913141 11
      vertex 17.81 -0.913141 6
    endloop
  endfacet
  facet normal -0.195136 0.980776 0
    outer loop
      vertex 19.3882 -1.44889 6
      vertex 19.1958 -1.48717 11
      vertex 19.3882 -1.44889 11
    endloop
  endfacet
  facet normal -0.195136 0.980776 0
    outer loop
      vertex 19.1958 -1.48717 11
      vertex 19.3882 -1.44889 6
      vertex 19.1958 -1.48717 6
    endloop
  endfacet
  facet normal -0.896836 -0.442363 0
    outer loop
      vertex 20.3858 0.574024 6
      vertex 20.299 0.75 11
      vertex 20.299 0.75 6
    endloop
  endfacet
  facet normal -0.896836 -0.442363 0
    outer loop
      vertex 20.299 0.75 11
      vertex 20.3858 0.574024 6
      vertex 20.3858 0.574024 11
    endloop
  endfacet
  facet normal -0.946882 -0.32158 0
    outer loop
      vertex 20.4489 0.388228 6
      vertex 20.3858 0.574024 11
      vertex 20.3858 0.574024 6
    endloop
  endfacet
  facet normal -0.946882 -0.32158 0
    outer loop
      vertex 20.3858 0.574024 11
      vertex 20.4489 0.388228 6
      vertex 20.4489 0.388228 11
    endloop
  endfacet
  facet normal 0.99787 -0.0652376 0
    outer loop
      vertex 17.5 0 11
      vertex 17.5128 0.195788 6
      vertex 17.5128 0.195788 11
    endloop
  endfacet
  facet normal 0.99787 -0.0652376 0
    outer loop
      vertex 17.5128 0.195788 6
      vertex 17.5 0 11
      vertex 17.5 0 6
    endloop
  endfacet
  facet normal -0.896836 0.442363 0
    outer loop
      vertex 20.299 -0.75 6
      vertex 20.3858 -0.574024 11
      vertex 20.3858 -0.574024 6
    endloop
  endfacet
  facet normal -0.896836 0.442363 0
    outer loop
      vertex 20.3858 -0.574024 11
      vertex 20.299 -0.75 6
      vertex 20.299 -0.75 11
    endloop
  endfacet
  facet normal -0.946882 0.32158 0
    outer loop
      vertex 20.3858 -0.574024 6
      vertex 20.4489 -0.388228 11
      vertex 20.4489 -0.388228 6
    endloop
  endfacet
  facet normal -0.946882 0.32158 0
    outer loop
      vertex 20.4489 -0.388228 11
      vertex 20.3858 -0.574024 6
      vertex 20.3858 -0.574024 11
    endloop
  endfacet
  facet normal -0.752018 0.659142 0
    outer loop
      vertex 20.0607 -1.06066 6
      vertex 20.19 -0.913141 11
      vertex 20.19 -0.913141 6
    endloop
  endfacet
  facet normal -0.752018 0.659142 0
    outer loop
      vertex 20.19 -0.913141 11
      vertex 20.0607 -1.06066 6
      vertex 20.0607 -1.06066 11
    endloop
  endfacet
  facet normal -0.831487 0.555544 0
    outer loop
      vertex 20.19 -0.913141 6
      vertex 20.299 -0.75 11
      vertex 20.299 -0.75 6
    endloop
  endfacet
  facet normal -0.831487 0.555544 0
    outer loop
      vertex 20.299 -0.75 11
      vertex 20.19 -0.913141 6
      vertex 20.19 -0.913141 11
    endloop
  endfacet
  facet normal -0.0653858 0.99786 0
    outer loop
      vertex 19.1958 -1.48717 6
      vertex 19 -1.5 11
      vertex 19.1958 -1.48717 11
    endloop
  endfacet
  facet normal -0.0653858 0.99786 0
    outer loop
      vertex 19 -1.5 11
      vertex 19.1958 -1.48717 6
      vertex 19 -1.5 6
    endloop
  endfacet
  facet normal 0.896836 0.442363 0
    outer loop
      vertex 17.701 -0.75 11
      vertex 17.6142 -0.574024 6
      vertex 17.6142 -0.574024 11
    endloop
  endfacet
  facet normal 0.896836 0.442363 0
    outer loop
      vertex 17.6142 -0.574024 6
      vertex 17.701 -0.75 11
      vertex 17.701 -0.75 6
    endloop
  endfacet
  facet normal 0.946882 0.32158 0
    outer loop
      vertex 17.6142 -0.574024 11
      vertex 17.5511 -0.388228 6
      vertex 17.5511 -0.388228 11
    endloop
  endfacet
  facet normal 0.946882 0.32158 0
    outer loop
      vertex 17.5511 -0.388228 6
      vertex 17.6142 -0.574024 11
      vertex 17.6142 -0.574024 6
    endloop
  endfacet
  facet normal -0.442233 0.8969 0
    outer loop
      vertex 19.75 -1.29904 6
      vertex 19.574 -1.38582 11
      vertex 19.75 -1.29904 11
    endloop
  endfacet
  facet normal -0.442233 0.8969 0
    outer loop
      vertex 19.574 -1.38582 11
      vertex 19.75 -1.29904 6
      vertex 19.574 -1.38582 6
    endloop
  endfacet
  facet normal -0.321437 0.946931 0
    outer loop
      vertex 19.574 -1.38582 6
      vertex 19.3882 -1.44889 11
      vertex 19.574 -1.38582 11
    endloop
  endfacet
  facet normal -0.321437 0.946931 0
    outer loop
      vertex 19.3882 -1.44889 11
      vertex 19.574 -1.38582 6
      vertex 19.3882 -1.44889 6
    endloop
  endfacet
  facet normal -0.659139 0.752021 0
    outer loop
      vertex 20.0607 -1.06066 6
      vertex 19.9131 -1.19003 11
      vertex 20.0607 -1.06066 11
    endloop
  endfacet
  facet normal -0.659139 0.752021 0
    outer loop
      vertex 19.9131 -1.19003 11
      vertex 20.0607 -1.06066 6
      vertex 19.9131 -1.19003 6
    endloop
  endfacet
  facet normal 0.555676 0.831399 -0
    outer loop
      vertex 18.25 -1.29904 6
      vertex 18.0869 -1.19003 11
      vertex 18.25 -1.29904 11
    endloop
  endfacet
  facet normal 0.555676 0.831399 0
    outer loop
      vertex 18.0869 -1.19003 11
      vertex 18.25 -1.29904 6
      vertex 18.0869 -1.19003 6
    endloop
  endfacet
  facet normal 0.195136 0.980776 -0
    outer loop
      vertex 18.8042 -1.48717 6
      vertex 18.6118 -1.44889 11
      vertex 18.8042 -1.48717 11
    endloop
  endfacet
  facet normal 0.195136 0.980776 0
    outer loop
      vertex 18.6118 -1.44889 11
      vertex 18.8042 -1.48717 6
      vertex 18.6118 -1.44889 6
    endloop
  endfacet
  facet normal 0.752018 0.659142 0
    outer loop
      vertex 17.9393 -1.06066 11
      vertex 17.81 -0.913141 6
      vertex 17.81 -0.913141 11
    endloop
  endfacet
  facet normal 0.752018 0.659142 0
    outer loop
      vertex 17.81 -0.913141 6
      vertex 17.9393 -1.06066 11
      vertex 17.9393 -1.06066 6
    endloop
  endfacet
  facet normal 0.659139 0.752021 -0
    outer loop
      vertex 18.0869 -1.19003 6
      vertex 17.9393 -1.06066 11
      vertex 18.0869 -1.19003 11
    endloop
  endfacet
  facet normal 0.659139 0.752021 0
    outer loop
      vertex 17.9393 -1.06066 11
      vertex 18.0869 -1.19003 6
      vertex 17.9393 -1.06066 6
    endloop
  endfacet
  facet normal 0.442233 0.8969 -0
    outer loop
      vertex 18.426 -1.38582 6
      vertex 18.25 -1.29904 11
      vertex 18.426 -1.38582 11
    endloop
  endfacet
  facet normal 0.442233 0.8969 0
    outer loop
      vertex 18.25 -1.29904 11
      vertex 18.426 -1.38582 6
      vertex 18.25 -1.29904 6
    endloop
  endfacet
  facet normal 0.0653858 0.99786 -0
    outer loop
      vertex 19 -1.5 6
      vertex 18.8042 -1.48717 11
      vertex 19 -1.5 11
    endloop
  endfacet
  facet normal 0.0653858 0.99786 0
    outer loop
      vertex 18.8042 -1.48717 11
      vertex 19 -1.5 6
      vertex 18.8042 -1.48717 6
    endloop
  endfacet
  facet normal 0.321437 0.946931 -0
    outer loop
      vertex 18.6118 -1.44889 6
      vertex 18.426 -1.38582 11
      vertex 18.6118 -1.44889 11
    endloop
  endfacet
  facet normal 0.321437 0.946931 0
    outer loop
      vertex 18.426 -1.38582 11
      vertex 18.6118 -1.44889 6
      vertex 18.426 -1.38582 6
    endloop
  endfacet
  facet normal -0.442315 -0.89686 0
    outer loop
      vertex 10.074 17.8403 6
      vertex 10.25 17.7535 11
      vertex 10.074 17.8403 11
    endloop
  endfacet
  facet normal -0.442315 -0.89686 -0
    outer loop
      vertex 10.25 17.7535 11
      vertex 10.074 17.8403 6
      vertex 10.25 17.7535 6
    endloop
  endfacet
  facet normal 0.441966 0.897032 -0
    outer loop
      vertex 8.92597 15.0687 6
      vertex 8.75 15.1554 11
      vertex 8.92597 15.0687 11
    endloop
  endfacet
  facet normal 0.441966 0.897032 0
    outer loop
      vertex 8.75 15.1554 11
      vertex 8.92597 15.0687 6
      vertex 8.75 15.1554 6
    endloop
  endfacet
  facet normal 0.8969 -0.442233 0
    outer loop
      vertex 8.11418 17.0285 11
      vertex 8.20096 17.2045 6
      vertex 8.20096 17.2045 11
    endloop
  endfacet
  facet normal 0.8969 -0.442233 0
    outer loop
      vertex 8.20096 17.2045 6
      vertex 8.11418 17.0285 11
      vertex 8.11418 17.0285 6
    endloop
  endfacet
  facet normal -0.89686 0.442315 0
    outer loop
      vertex 10.799 15.7045 6
      vertex 10.8858 15.8805 11
      vertex 10.8858 15.8805 6
    endloop
  endfacet
  facet normal -0.89686 0.442315 0
    outer loop
      vertex 10.8858 15.8805 11
      vertex 10.799 15.7045 6
      vertex 10.799 15.7045 11
    endloop
  endfacet
  facet normal -0.946885 -0.321574 0
    outer loop
      vertex 10.9489 16.8427 6
      vertex 10.8858 17.0285 11
      vertex 10.8858 17.0285 6
    endloop
  endfacet
  facet normal -0.946885 -0.321574 0
    outer loop
      vertex 10.8858 17.0285 11
      vertex 10.9489 16.8427 6
      vertex 10.9489 16.8427 11
    endloop
  endfacet
  facet normal 0.321574 -0.946885 0
    outer loop
      vertex 8.92597 17.8403 6
      vertex 9.11177 17.9034 11
      vertex 8.92597 17.8403 11
    endloop
  endfacet
  facet normal 0.321574 -0.946885 0
    outer loop
      vertex 9.11177 17.9034 11
      vertex 8.92597 17.8403 6
      vertex 9.11177 17.9034 6
    endloop
  endfacet
  facet normal 0.99786 -0.0653858 0
    outer loop
      vertex 8 16.4545 11
      vertex 8.01283 16.6503 6
      vertex 8.01283 16.6503 11
    endloop
  endfacet
  facet normal 0.99786 -0.0653858 0
    outer loop
      vertex 8.01283 16.6503 6
      vertex 8 16.4545 11
      vertex 8 16.4545 6
    endloop
  endfacet
  facet normal -0.0652369 -0.99787 0
    outer loop
      vertex 9.5 17.9545 6
      vertex 9.69579 17.9417 11
      vertex 9.5 17.9545 11
    endloop
  endfacet
  facet normal -0.0652369 -0.99787 -0
    outer loop
      vertex 9.69579 17.9417 11
      vertex 9.5 17.9545 6
      vertex 9.69579 17.9417 6
    endloop
  endfacet
  facet normal -0.32162 -0.946869 0
    outer loop
      vertex 9.88823 17.9034 6
      vertex 10.074 17.8403 11
      vertex 9.88823 17.9034 11
    endloop
  endfacet
  facet normal -0.32162 -0.946869 -0
    outer loop
      vertex 10.074 17.8403 11
      vertex 9.88823 17.9034 6
      vertex 10.074 17.8403 6
    endloop
  endfacet
  facet normal 0.659428 -0.751768 0
    outer loop
      vertex 8.43934 17.5151 6
      vertex 8.58686 17.6445 11
      vertex 8.43934 17.5151 11
    endloop
  endfacet
  facet normal 0.659428 -0.751768 0
    outer loop
      vertex 8.58686 17.6445 11
      vertex 8.43934 17.5151 6
      vertex 8.58686 17.6445 6
    endloop
  endfacet
  facet normal 0.555547 -0.831485 0
    outer loop
      vertex 8.58686 17.6445 6
      vertex 8.75 17.7535 11
      vertex 8.58686 17.6445 11
    endloop
  endfacet
  facet normal 0.555547 -0.831485 0
    outer loop
      vertex 8.75 17.7535 11
      vertex 8.58686 17.6445 6
      vertex 8.75 17.7535 6
    endloop
  endfacet
  facet normal 0.831556 0.555441 0
    outer loop
      vertex 8.30997 15.5413 11
      vertex 8.20096 15.7045 6
      vertex 8.20096 15.7045 11
    endloop
  endfacet
  facet normal 0.831556 0.555441 0
    outer loop
      vertex 8.20096 15.7045 6
      vertex 8.30997 15.5413 11
      vertex 8.30997 15.5413 6
    endloop
  endfacet
  facet normal 0.8969 0.442233 0
    outer loop
      vertex 8.20096 15.7045 11
      vertex 8.11418 15.8805 6
      vertex 8.11418 15.8805 11
    endloop
  endfacet
  facet normal 0.8969 0.442233 0
    outer loop
      vertex 8.11418 15.8805 6
      vertex 8.20096 15.7045 11
      vertex 8.20096 15.7045 6
    endloop
  endfacet
  facet normal 0.65914 0.752021 -0
    outer loop
      vertex 8.58686 15.2645 6
      vertex 8.43934 15.3938 11
      vertex 8.58686 15.2645 11
    endloop
  endfacet
  facet normal 0.65914 0.752021 0
    outer loop
      vertex 8.43934 15.3938 11
      vertex 8.58686 15.2645 6
      vertex 8.43934 15.3938 6
    endloop
  endfacet
  facet normal 0.99786 0.0653858 0
    outer loop
      vertex 8.01283 16.2587 11
      vertex 8 16.4545 6
      vertex 8 16.4545 11
    endloop
  endfacet
  facet normal 0.99786 0.0653858 0
    outer loop
      vertex 8 16.4545 6
      vertex 8.01283 16.2587 11
      vertex 8.01283 16.2587 6
    endloop
  endfacet
  facet normal 0.946931 0.321437 0
    outer loop
      vertex 8.11418 15.8805 11
      vertex 8.05111 16.0663 6
      vertex 8.05111 16.0663 11
    endloop
  endfacet
  facet normal 0.946931 0.321437 0
    outer loop
      vertex 8.05111 16.0663 6
      vertex 8.11418 15.8805 11
      vertex 8.11418 15.8805 6
    endloop
  endfacet
  facet normal 0.980776 -0.195136 0
    outer loop
      vertex 8.01283 16.6503 11
      vertex 8.05111 16.8427 6
      vertex 8.05111 16.8427 11
    endloop
  endfacet
  facet normal 0.980776 -0.195136 0
    outer loop
      vertex 8.05111 16.8427 6
      vertex 8.01283 16.6503 11
      vertex 8.01283 16.6503 6
    endloop
  endfacet
  facet normal -0.195195 -0.980764 0
    outer loop
      vertex 9.69579 17.9417 6
      vertex 9.88823 17.9034 11
      vertex 9.69579 17.9417 11
    endloop
  endfacet
  facet normal -0.195195 -0.980764 -0
    outer loop
      vertex 9.88823 17.9034 11
      vertex 9.69579 17.9417 6
      vertex 9.88823 17.9034 6
    endloop
  endfacet
  facet normal 0.195195 -0.980764 0
    outer loop
      vertex 9.11177 17.9034 6
      vertex 9.30421 17.9417 11
      vertex 9.11177 17.9034 11
    endloop
  endfacet
  facet normal 0.195195 -0.980764 0
    outer loop
      vertex 9.30421 17.9417 11
      vertex 9.11177 17.9034 6
      vertex 9.30421 17.9417 6
    endloop
  endfacet
  facet normal 0.0652369 -0.99787 0
    outer loop
      vertex 9.30421 17.9417 6
      vertex 9.5 17.9545 11
      vertex 9.30421 17.9417 11
    endloop
  endfacet
  facet normal 0.0652369 -0.99787 0
    outer loop
      vertex 9.5 17.9545 11
      vertex 9.30421 17.9417 6
      vertex 9.5 17.9545 6
    endloop
  endfacet
  facet normal 0.751799 -0.659392 0
    outer loop
      vertex 8.30997 17.3676 11
      vertex 8.43934 17.5151 6
      vertex 8.43934 17.5151 11
    endloop
  endfacet
  facet normal 0.751799 -0.659392 0
    outer loop
      vertex 8.43934 17.5151 6
      vertex 8.30997 17.3676 11
      vertex 8.30997 17.3676 6
    endloop
  endfacet
  facet normal 0.831399 -0.555676 0
    outer loop
      vertex 8.20096 17.2045 11
      vertex 8.30997 17.3676 6
      vertex 8.30997 17.3676 11
    endloop
  endfacet
  facet normal 0.831399 -0.555676 0
    outer loop
      vertex 8.30997 17.3676 6
      vertex 8.20096 17.2045 11
      vertex 8.20096 17.2045 6
    endloop
  endfacet
  facet normal 0.442376 -0.89683 0
    outer loop
      vertex 8.75 17.7535 6
      vertex 8.92597 17.8403 11
      vertex 8.75 17.7535 11
    endloop
  endfacet
  facet normal 0.442376 -0.89683 0
    outer loop
      vertex 8.92597 17.8403 11
      vertex 8.75 17.7535 6
      vertex 8.92597 17.8403 6
    endloop
  endfacet
  facet normal 0.555899 0.83125 -0
    outer loop
      vertex 8.75 15.1554 6
      vertex 8.58686 15.2645 11
      vertex 8.75 15.1554 11
    endloop
  endfacet
  facet normal 0.555899 0.83125 0
    outer loop
      vertex 8.58686 15.2645 11
      vertex 8.75 15.1554 6
      vertex 8.58686 15.2645 6
    endloop
  endfacet
  facet normal 0.980776 0.195136 0
    outer loop
      vertex 8.05111 16.0663 11
      vertex 8.01283 16.2587 6
      vertex 8.01283 16.2587 11
    endloop
  endfacet
  facet normal 0.980776 0.195136 0
    outer loop
      vertex 8.01283 16.2587 6
      vertex 8.05111 16.0663 11
      vertex 8.05111 16.0663 6
    endloop
  endfacet
  facet normal 0.946931 -0.321437 0
    outer loop
      vertex 8.05111 16.8427 11
      vertex 8.11418 17.0285 6
      vertex 8.11418 17.0285 11
    endloop
  endfacet
  facet normal 0.946931 -0.321437 0
    outer loop
      vertex 8.11418 17.0285 6
      vertex 8.05111 16.8427 11
      vertex 8.05111 16.8427 6
    endloop
  endfacet
  facet normal -0.555641 -0.831422 0
    outer loop
      vertex 10.25 17.7535 6
      vertex 10.4131 17.6445 11
      vertex 10.25 17.7535 11
    endloop
  endfacet
  facet normal -0.555641 -0.831422 -0
    outer loop
      vertex 10.4131 17.6445 11
      vertex 10.25 17.7535 6
      vertex 10.4131 17.6445 6
    endloop
  endfacet
  facet normal -0.89686 -0.442315 0
    outer loop
      vertex 10.8858 17.0285 6
      vertex 10.799 17.2045 11
      vertex 10.799 17.2045 6
    endloop
  endfacet
  facet normal -0.89686 -0.442315 0
    outer loop
      vertex 10.799 17.2045 11
      vertex 10.8858 17.0285 6
      vertex 10.8858 17.0285 11
    endloop
  endfacet
  facet normal -0.659226 -0.751945 0
    outer loop
      vertex 10.4131 17.6445 6
      vertex 10.5607 17.5151 11
      vertex 10.4131 17.6445 11
    endloop
  endfacet
  facet normal -0.659226 -0.751945 -0
    outer loop
      vertex 10.5607 17.5151 11
      vertex 10.4131 17.6445 6
      vertex 10.5607 17.5151 6
    endloop
  endfacet
  facet normal -0.658937 0.752198 0
    outer loop
      vertex 10.5607 15.3938 6
      vertex 10.4131 15.2645 11
      vertex 10.5607 15.3938 11
    endloop
  endfacet
  facet normal -0.658937 0.752198 0
    outer loop
      vertex 10.4131 15.2645 11
      vertex 10.5607 15.3938 6
      vertex 10.4131 15.2645 6
    endloop
  endfacet
  facet normal 0.0652369 0.99787 -0
    outer loop
      vertex 9.5 14.9545 6
      vertex 9.30421 14.9673 11
      vertex 9.5 14.9545 11
    endloop
  endfacet
  facet normal 0.0652369 0.99787 0
    outer loop
      vertex 9.30421 14.9673 11
      vertex 9.5 14.9545 6
      vertex 9.30421 14.9673 6
    endloop
  endfacet
  facet normal 0.321574 0.946885 -0
    outer loop
      vertex 9.11177 15.0056 6
      vertex 8.92597 15.0687 11
      vertex 9.11177 15.0056 11
    endloop
  endfacet
  facet normal 0.321574 0.946885 0
    outer loop
      vertex 8.92597 15.0687 11
      vertex 9.11177 15.0056 6
      vertex 8.92597 15.0687 6
    endloop
  endfacet
  facet normal -0.980757 -0.195234 0
    outer loop
      vertex 10.9872 16.6503 6
      vertex 10.9489 16.8427 11
      vertex 10.9489 16.8427 6
    endloop
  endfacet
  facet normal -0.980757 -0.195234 0
    outer loop
      vertex 10.9489 16.8427 11
      vertex 10.9872 16.6503 6
      vertex 10.9872 16.6503 11
    endloop
  endfacet
  facet normal -0.99787 0.0652336 0
    outer loop
      vertex 10.9872 16.2587 6
      vertex 11 16.4545 11
      vertex 11 16.4545 6
    endloop
  endfacet
  facet normal -0.99787 0.0652336 0
    outer loop
      vertex 11 16.4545 11
      vertex 10.9872 16.2587 6
      vertex 10.9872 16.2587 11
    endloop
  endfacet
  facet normal 0.751799 0.659392 0
    outer loop
      vertex 8.43934 15.3938 11
      vertex 8.30997 15.5413 6
      vertex 8.30997 15.5413 11
    endloop
  endfacet
  facet normal 0.751799 0.659392 0
    outer loop
      vertex 8.30997 15.5413 6
      vertex 8.43934 15.3938 11
      vertex 8.43934 15.3938 6
    endloop
  endfacet
  facet normal -0.751976 -0.65919 0
    outer loop
      vertex 10.69 17.3676 6
      vertex 10.5607 17.5151 11
      vertex 10.5607 17.5151 6
    endloop
  endfacet
  facet normal -0.751976 -0.65919 0
    outer loop
      vertex 10.5607 17.5151 11
      vertex 10.69 17.3676 6
      vertex 10.69 17.3676 11
    endloop
  endfacet
  facet normal -0.831422 -0.555641 0
    outer loop
      vertex 10.799 17.2045 6
      vertex 10.69 17.3676 11
      vertex 10.69 17.3676 6
    endloop
  endfacet
  facet normal -0.831422 -0.555641 0
    outer loop
      vertex 10.69 17.3676 11
      vertex 10.799 17.2045 6
      vertex 10.799 17.2045 11
    endloop
  endfacet
  facet normal -0.32162 0.946869 0
    outer loop
      vertex 10.074 15.0687 6
      vertex 9.88823 15.0056 11
      vertex 10.074 15.0687 11
    endloop
  endfacet
  facet normal -0.32162 0.946869 0
    outer loop
      vertex 9.88823 15.0056 11
      vertex 10.074 15.0687 6
      vertex 9.88823 15.0056 6
    endloop
  endfacet
  facet normal -0.0652369 0.99787 0
    outer loop
      vertex 9.69579 14.9673 6
      vertex 9.5 14.9545 11
      vertex 9.69579 14.9673 11
    endloop
  endfacet
  facet normal -0.0652369 0.99787 0
    outer loop
      vertex 9.5 14.9545 11
      vertex 9.69579 14.9673 6
      vertex 9.5 14.9545 6
    endloop
  endfacet
  facet normal 0.195195 0.980764 -0
    outer loop
      vertex 9.30421 14.9673 6
      vertex 9.11177 15.0056 11
      vertex 9.30421 14.9673 11
    endloop
  endfacet
  facet normal 0.195195 0.980764 0
    outer loop
      vertex 9.11177 15.0056 11
      vertex 9.30421 14.9673 6
      vertex 9.11177 15.0056 6
    endloop
  endfacet
  facet normal -0.99787 -0.0652336 0
    outer loop
      vertex 11 16.4545 6
      vertex 10.9872 16.6503 11
      vertex 10.9872 16.6503 6
    endloop
  endfacet
  facet normal -0.99787 -0.0652336 0
    outer loop
      vertex 10.9872 16.6503 11
      vertex 11 16.4545 6
      vertex 11 16.4545 11
    endloop
  endfacet
  facet normal -0.980757 0.195234 0
    outer loop
      vertex 10.9489 16.0663 6
      vertex 10.9872 16.2587 11
      vertex 10.9872 16.2587 6
    endloop
  endfacet
  facet normal -0.980757 0.195234 0
    outer loop
      vertex 10.9872 16.2587 11
      vertex 10.9489 16.0663 6
      vertex 10.9489 16.0663 11
    endloop
  endfacet
  facet normal -0.946885 0.321574 0
    outer loop
      vertex 10.8858 15.8805 6
      vertex 10.9489 16.0663 11
      vertex 10.9489 16.0663 6
    endloop
  endfacet
  facet normal -0.946885 0.321574 0
    outer loop
      vertex 10.9489 16.0663 11
      vertex 10.8858 15.8805 6
      vertex 10.8858 15.8805 11
    endloop
  endfacet
  facet normal -0.83158 0.555406 0
    outer loop
      vertex 10.69 15.5413 6
      vertex 10.799 15.7045 11
      vertex 10.799 15.7045 6
    endloop
  endfacet
  facet normal -0.83158 0.555406 0
    outer loop
      vertex 10.799 15.7045 11
      vertex 10.69 15.5413 6
      vertex 10.69 15.5413 11
    endloop
  endfacet
  facet normal -0.555993 0.831187 0
    outer loop
      vertex 10.4131 15.2645 6
      vertex 10.25 15.1554 11
      vertex 10.4131 15.2645 11
    endloop
  endfacet
  facet normal -0.555993 0.831187 0
    outer loop
      vertex 10.25 15.1554 11
      vertex 10.4131 15.2645 6
      vertex 10.25 15.1554 6
    endloop
  endfacet
  facet normal -0.751976 0.65919 0
    outer loop
      vertex 10.5607 15.3938 6
      vertex 10.69 15.5413 11
      vertex 10.69 15.5413 6
    endloop
  endfacet
  facet normal -0.751976 0.65919 0
    outer loop
      vertex 10.69 15.5413 11
      vertex 10.5607 15.3938 6
      vertex 10.5607 15.3938 11
    endloop
  endfacet
  facet normal -0.195195 0.980764 0
    outer loop
      vertex 9.88823 15.0056 6
      vertex 9.69579 14.9673 11
      vertex 9.88823 15.0056 11
    endloop
  endfacet
  facet normal -0.195195 0.980764 0
    outer loop
      vertex 9.69579 14.9673 11
      vertex 9.88823 15.0056 6
      vertex 9.69579 14.9673 6
    endloop
  endfacet
  facet normal -0.441905 0.897062 0
    outer loop
      vertex 10.25 15.1554 6
      vertex 10.074 15.0687 11
      vertex 10.25 15.1554 11
    endloop
  endfacet
  facet normal -0.441905 0.897062 0
    outer loop
      vertex 10.074 15.0687 11
      vertex 10.25 15.1554 6
      vertex 10.074 15.0687 6
    endloop
  endfacet
  facet normal -0.321574 0.946885 0
    outer loop
      vertex -8.92597 15.0687 6
      vertex -9.11177 15.0056 11
      vertex -8.92597 15.0687 11
    endloop
  endfacet
  facet normal -0.321574 0.946885 0
    outer loop
      vertex -9.11177 15.0056 11
      vertex -8.92597 15.0687 6
      vertex -9.11177 15.0056 6
    endloop
  endfacet
  facet normal 0.89686 -0.442315 0
    outer loop
      vertex -10.8858 17.0285 11
      vertex -10.799 17.2045 6
      vertex -10.799 17.2045 11
    endloop
  endfacet
  facet normal 0.89686 -0.442315 0
    outer loop
      vertex -10.799 17.2045 6
      vertex -10.8858 17.0285 11
      vertex -10.8858 17.0285 6
    endloop
  endfacet
  facet normal 0.32162 -0.946869 0
    outer loop
      vertex -10.074 17.8403 6
      vertex -9.88823 17.9034 11
      vertex -10.074 17.8403 11
    endloop
  endfacet
  facet normal 0.32162 -0.946869 0
    outer loop
      vertex -9.88823 17.9034 11
      vertex -10.074 17.8403 6
      vertex -9.88823 17.9034 6
    endloop
  endfacet
  facet normal 0.659226 -0.751945 0
    outer loop
      vertex -10.5607 17.5151 6
      vertex -10.4131 17.6445 11
      vertex -10.5607 17.5151 11
    endloop
  endfacet
  facet normal 0.659226 -0.751945 0
    outer loop
      vertex -10.4131 17.6445 11
      vertex -10.5607 17.5151 6
      vertex -10.4131 17.6445 6
    endloop
  endfacet
  facet normal 0.980757 -0.195234 0
    outer loop
      vertex -10.9872 16.6503 11
      vertex -10.9489 16.8427 6
      vertex -10.9489 16.8427 11
    endloop
  endfacet
  facet normal 0.980757 -0.195234 0
    outer loop
      vertex -10.9489 16.8427 6
      vertex -10.9872 16.6503 11
      vertex -10.9872 16.6503 6
    endloop
  endfacet
  facet normal 0.83158 0.555406 0
    outer loop
      vertex -10.69 15.5413 11
      vertex -10.799 15.7045 6
      vertex -10.799 15.7045 11
    endloop
  endfacet
  facet normal 0.83158 0.555406 0
    outer loop
      vertex -10.799 15.7045 6
      vertex -10.69 15.5413 11
      vertex -10.69 15.5413 6
    endloop
  endfacet
  facet normal 0.99787 -0.0652336 0
    outer loop
      vertex -11 16.4545 11
      vertex -10.9872 16.6503 6
      vertex -10.9872 16.6503 11
    endloop
  endfacet
  facet normal 0.99787 -0.0652336 0
    outer loop
      vertex -10.9872 16.6503 6
      vertex -11 16.4545 11
      vertex -11 16.4545 6
    endloop
  endfacet
  facet normal -0.441966 0.897032 0
    outer loop
      vertex -8.75 15.1554 6
      vertex -8.92597 15.0687 11
      vertex -8.75 15.1554 11
    endloop
  endfacet
  facet normal -0.441966 0.897032 0
    outer loop
      vertex -8.92597 15.0687 11
      vertex -8.75 15.1554 6
      vertex -8.92597 15.0687 6
    endloop
  endfacet
  facet normal 0.0652369 0.99787 -0
    outer loop
      vertex -9.5 14.9545 6
      vertex -9.69579 14.9673 11
      vertex -9.5 14.9545 11
    endloop
  endfacet
  facet normal 0.0652369 0.99787 0
    outer loop
      vertex -9.69579 14.9673 11
      vertex -9.5 14.9545 6
      vertex -9.69579 14.9673 6
    endloop
  endfacet
  facet normal 0.751976 0.65919 0
    outer loop
      vertex -10.5607 15.3938 11
      vertex -10.69 15.5413 6
      vertex -10.69 15.5413 11
    endloop
  endfacet
  facet normal 0.751976 0.65919 0
    outer loop
      vertex -10.69 15.5413 6
      vertex -10.5607 15.3938 11
      vertex -10.5607 15.3938 6
    endloop
  endfacet
  facet normal 0.555641 -0.831422 0
    outer loop
      vertex -10.4131 17.6445 6
      vertex -10.25 17.7535 11
      vertex -10.4131 17.6445 11
    endloop
  endfacet
  facet normal 0.555641 -0.831422 0
    outer loop
      vertex -10.25 17.7535 11
      vertex -10.4131 17.6445 6
      vertex -10.25 17.7535 6
    endloop
  endfacet
  facet normal 0.195195 -0.980764 0
    outer loop
      vertex -9.88823 17.9034 6
      vertex -9.69579 17.9417 11
      vertex -9.88823 17.9034 11
    endloop
  endfacet
  facet normal 0.195195 -0.980764 0
    outer loop
      vertex -9.69579 17.9417 11
      vertex -9.88823 17.9034 6
      vertex -9.69579 17.9417 6
    endloop
  endfacet
  facet normal -0.751799 -0.659392 0
    outer loop
      vertex -8.30997 17.3676 6
      vertex -8.43934 17.5151 11
      vertex -8.43934 17.5151 6
    endloop
  endfacet
  facet normal -0.751799 -0.659392 0
    outer loop
      vertex -8.43934 17.5151 11
      vertex -8.30997 17.3676 6
      vertex -8.30997 17.3676 11
    endloop
  endfacet
  facet normal 0.946885 -0.321574 0
    outer loop
      vertex -10.9489 16.8427 11
      vertex -10.8858 17.0285 6
      vertex -10.8858 17.0285 11
    endloop
  endfacet
  facet normal 0.946885 -0.321574 0
    outer loop
      vertex -10.8858 17.0285 6
      vertex -10.9489 16.8427 11
      vertex -10.9489 16.8427 6
    endloop
  endfacet
  facet normal 0.946885 0.321574 0
    outer loop
      vertex -10.8858 15.8805 11
      vertex -10.9489 16.0663 6
      vertex -10.9489 16.0663 11
    endloop
  endfacet
  facet normal 0.946885 0.321574 0
    outer loop
      vertex -10.9489 16.0663 6
      vertex -10.8858 15.8805 11
      vertex -10.8858 15.8805 6
    endloop
  endfacet
  facet normal 0.99787 0.0652336 0
    outer loop
      vertex -10.9872 16.2587 11
      vertex -11 16.4545 6
      vertex -11 16.4545 11
    endloop
  endfacet
  facet normal 0.99787 0.0652336 0
    outer loop
      vertex -11 16.4545 6
      vertex -10.9872 16.2587 11
      vertex -10.9872 16.2587 6
    endloop
  endfacet
  facet normal -0.195195 0.980764 0
    outer loop
      vertex -9.11177 15.0056 6
      vertex -9.30421 14.9673 11
      vertex -9.11177 15.0056 11
    endloop
  endfacet
  facet normal -0.195195 0.980764 0
    outer loop
      vertex -9.30421 14.9673 11
      vertex -9.11177 15.0056 6
      vertex -9.30421 14.9673 6
    endloop
  endfacet
  facet normal 0.658937 0.752198 -0
    outer loop
      vertex -10.4131 15.2645 6
      vertex -10.5607 15.3938 11
      vertex -10.4131 15.2645 11
    endloop
  endfacet
  facet normal 0.658937 0.752198 0
    outer loop
      vertex -10.5607 15.3938 11
      vertex -10.4131 15.2645 6
      vertex -10.5607 15.3938 6
    endloop
  endfacet
  facet normal 0.195195 0.980764 -0
    outer loop
      vertex -9.69579 14.9673 6
      vertex -9.88823 15.0056 11
      vertex -9.69579 14.9673 11
    endloop
  endfacet
  facet normal 0.195195 0.980764 0
    outer loop
      vertex -9.88823 15.0056 11
      vertex -9.69579 14.9673 6
      vertex -9.88823 15.0056 6
    endloop
  endfacet
  facet normal 0.441905 0.897062 -0
    outer loop
      vertex -10.074 15.0687 6
      vertex -10.25 15.1554 11
      vertex -10.074 15.0687 11
    endloop
  endfacet
  facet normal 0.441905 0.897062 0
    outer loop
      vertex -10.25 15.1554 11
      vertex -10.074 15.0687 6
      vertex -10.25 15.1554 6
    endloop
  endfacet
  facet normal 0.442315 -0.89686 0
    outer loop
      vertex -10.25 17.7535 6
      vertex -10.074 17.8403 11
      vertex -10.25 17.7535 11
    endloop
  endfacet
  facet normal 0.442315 -0.89686 0
    outer loop
      vertex -10.074 17.8403 11
      vertex -10.25 17.7535 6
      vertex -10.074 17.8403 6
    endloop
  endfacet
  facet normal -0.831399 -0.555676 0
    outer loop
      vertex -8.20096 17.2045 6
      vertex -8.30997 17.3676 11
      vertex -8.30997 17.3676 6
    endloop
  endfacet
  facet normal -0.831399 -0.555676 0
    outer loop
      vertex -8.30997 17.3676 11
      vertex -8.20096 17.2045 6
      vertex -8.20096 17.2045 11
    endloop
  endfacet
  facet normal -0.65914 0.752021 0
    outer loop
      vertex -8.43934 15.3938 6
      vertex -8.58686 15.2645 11
      vertex -8.43934 15.3938 11
    endloop
  endfacet
  facet normal -0.65914 0.752021 0
    outer loop
      vertex -8.58686 15.2645 11
      vertex -8.43934 15.3938 6
      vertex -8.58686 15.2645 6
    endloop
  endfacet
  facet normal -0.8969 0.442233 0
    outer loop
      vertex -8.20096 15.7045 6
      vertex -8.11418 15.8805 11
      vertex -8.11418 15.8805 6
    endloop
  endfacet
  facet normal -0.8969 0.442233 0
    outer loop
      vertex -8.11418 15.8805 11
      vertex -8.20096 15.7045 6
      vertex -8.20096 15.7045 11
    endloop
  endfacet
  facet normal -0.555547 -0.831485 0
    outer loop
      vertex -8.75 17.7535 6
      vertex -8.58686 17.6445 11
      vertex -8.75 17.7535 11
    endloop
  endfacet
  facet normal -0.555547 -0.831485 -0
    outer loop
      vertex -8.58686 17.6445 11
      vertex -8.75 17.7535 6
      vertex -8.58686 17.6445 6
    endloop
  endfacet
  facet normal 0.831422 -0.555641 0
    outer loop
      vertex -10.799 17.2045 11
      vertex -10.69 17.3676 6
      vertex -10.69 17.3676 11
    endloop
  endfacet
  facet normal 0.831422 -0.555641 0
    outer loop
      vertex -10.69 17.3676 6
      vertex -10.799 17.2045 11
      vertex -10.799 17.2045 6
    endloop
  endfacet
  facet normal 0.751976 -0.65919 0
    outer loop
      vertex -10.69 17.3676 11
      vertex -10.5607 17.5151 6
      vertex -10.5607 17.5151 11
    endloop
  endfacet
  facet normal 0.751976 -0.65919 0
    outer loop
      vertex -10.5607 17.5151 6
      vertex -10.69 17.3676 11
      vertex -10.69 17.3676 6
    endloop
  endfacet
  facet normal 0.89686 0.442315 0
    outer loop
      vertex -10.799 15.7045 11
      vertex -10.8858 15.8805 6
      vertex -10.8858 15.8805 11
    endloop
  endfacet
  facet normal 0.89686 0.442315 0
    outer loop
      vertex -10.8858 15.8805 6
      vertex -10.799 15.7045 11
      vertex -10.799 15.7045 6
    endloop
  endfacet
  facet normal 0.980757 0.195234 0
    outer loop
      vertex -10.9489 16.0663 11
      vertex -10.9872 16.2587 6
      vertex -10.9872 16.2587 11
    endloop
  endfacet
  facet normal 0.980757 0.195234 0
    outer loop
      vertex -10.9872 16.2587 6
      vertex -10.9489 16.0663 11
      vertex -10.9489 16.0663 6
    endloop
  endfacet
  facet normal -0.555899 0.83125 0
    outer loop
      vertex -8.58686 15.2645 6
      vertex -8.75 15.1554 11
      vertex -8.58686 15.2645 11
    endloop
  endfacet
  facet normal -0.555899 0.83125 0
    outer loop
      vertex -8.75 15.1554 11
      vertex -8.58686 15.2645 6
      vertex -8.75 15.1554 6
    endloop
  endfacet
  facet normal -0.0652369 0.99787 0
    outer loop
      vertex -9.30421 14.9673 6
      vertex -9.5 14.9545 11
      vertex -9.30421 14.9673 11
    endloop
  endfacet
  facet normal -0.0652369 0.99787 0
    outer loop
      vertex -9.5 14.9545 11
      vertex -9.30421 14.9673 6
      vertex -9.5 14.9545 6
    endloop
  endfacet
  facet normal 0.555993 0.831187 -0
    outer loop
      vertex -10.25 15.1554 6
      vertex -10.4131 15.2645 11
      vertex -10.25 15.1554 11
    endloop
  endfacet
  facet normal 0.555993 0.831187 0
    outer loop
      vertex -10.4131 15.2645 11
      vertex -10.25 15.1554 6
      vertex -10.4131 15.2645 6
    endloop
  endfacet
  facet normal 0.32162 0.946869 -0
    outer loop
      vertex -9.88823 15.0056 6
      vertex -10.074 15.0687 11
      vertex -9.88823 15.0056 11
    endloop
  endfacet
  facet normal 0.32162 0.946869 0
    outer loop
      vertex -10.074 15.0687 11
      vertex -9.88823 15.0056 6
      vertex -10.074 15.0687 6
    endloop
  endfacet
  facet normal -0.195195 -0.980764 0
    outer loop
      vertex -9.30421 17.9417 6
      vertex -9.11177 17.9034 11
      vertex -9.30421 17.9417 11
    endloop
  endfacet
  facet normal -0.195195 -0.980764 -0
    outer loop
      vertex -9.11177 17.9034 11
      vertex -9.30421 17.9417 6
      vertex -9.11177 17.9034 6
    endloop
  endfacet
  facet normal -0.0652369 -0.99787 0
    outer loop
      vertex -9.5 17.9545 6
      vertex -9.30421 17.9417 11
      vertex -9.5 17.9545 11
    endloop
  endfacet
  facet normal -0.0652369 -0.99787 -0
    outer loop
      vertex -9.30421 17.9417 11
      vertex -9.5 17.9545 6
      vertex -9.30421 17.9417 6
    endloop
  endfacet
  facet normal 0.0652369 -0.99787 0
    outer loop
      vertex -9.69579 17.9417 6
      vertex -9.5 17.9545 11
      vertex -9.69579 17.9417 11
    endloop
  endfacet
  facet normal 0.0652369 -0.99787 0
    outer loop
      vertex -9.5 17.9545 11
      vertex -9.69579 17.9417 6
      vertex -9.5 17.9545 6
    endloop
  endfacet
  facet normal -0.831556 0.555441 0
    outer loop
      vertex -8.30997 15.5413 6
      vertex -8.20096 15.7045 11
      vertex -8.20096 15.7045 6
    endloop
  endfacet
  facet normal -0.831556 0.555441 0
    outer loop
      vertex -8.20096 15.7045 11
      vertex -8.30997 15.5413 6
      vertex -8.30997 15.5413 11
    endloop
  endfacet
  facet normal -0.751799 0.659392 0
    outer loop
      vertex -8.43934 15.3938 6
      vertex -8.30997 15.5413 11
      vertex -8.30997 15.5413 6
    endloop
  endfacet
  facet normal -0.751799 0.659392 0
    outer loop
      vertex -8.30997 15.5413 11
      vertex -8.43934 15.3938 6
      vertex -8.43934 15.3938 11
    endloop
  endfacet
  facet normal -0.659428 -0.751768 0
    outer loop
      vertex -8.58686 17.6445 6
      vertex -8.43934 17.5151 11
      vertex -8.58686 17.6445 11
    endloop
  endfacet
  facet normal -0.659428 -0.751768 -0
    outer loop
      vertex -8.43934 17.5151 11
      vertex -8.58686 17.6445 6
      vertex -8.43934 17.5151 6
    endloop
  endfacet
  facet normal -0.321574 -0.946885 0
    outer loop
      vertex -9.11177 17.9034 6
      vertex -8.92597 17.8403 11
      vertex -9.11177 17.9034 11
    endloop
  endfacet
  facet normal -0.321574 -0.946885 -0
    outer loop
      vertex -8.92597 17.8403 11
      vertex -9.11177 17.9034 6
      vertex -8.92597 17.8403 6
    endloop
  endfacet
  facet normal -0.442376 -0.89683 0
    outer loop
      vertex -8.92597 17.8403 6
      vertex -8.75 17.7535 11
      vertex -8.92597 17.8403 11
    endloop
  endfacet
  facet normal -0.442376 -0.89683 -0
    outer loop
      vertex -8.75 17.7535 11
      vertex -8.92597 17.8403 6
      vertex -8.75 17.7535 6
    endloop
  endfacet
  facet normal -0.980776 -0.195136 0
    outer loop
      vertex -8.01283 16.6503 6
      vertex -8.05111 16.8427 11
      vertex -8.05111 16.8427 6
    endloop
  endfacet
  facet normal -0.980776 -0.195136 0
    outer loop
      vertex -8.05111 16.8427 11
      vertex -8.01283 16.6503 6
      vertex -8.01283 16.6503 11
    endloop
  endfacet
  facet normal -0.946931 -0.321437 0
    outer loop
      vertex -8.05111 16.8427 6
      vertex -8.11418 17.0285 11
      vertex -8.11418 17.0285 6
    endloop
  endfacet
  facet normal -0.946931 -0.321437 0
    outer loop
      vertex -8.11418 17.0285 11
      vertex -8.05111 16.8427 6
      vertex -8.05111 16.8427 11
    endloop
  endfacet
  facet normal -0.8969 -0.442233 0
    outer loop
      vertex -8.11418 17.0285 6
      vertex -8.20096 17.2045 11
      vertex -8.20096 17.2045 6
    endloop
  endfacet
  facet normal -0.8969 -0.442233 0
    outer loop
      vertex -8.20096 17.2045 11
      vertex -8.11418 17.0285 6
      vertex -8.11418 17.0285 11
    endloop
  endfacet
  facet normal -0.946931 0.321437 0
    outer loop
      vertex -8.11418 15.8805 6
      vertex -8.05111 16.0663 11
      vertex -8.05111 16.0663 6
    endloop
  endfacet
  facet normal -0.946931 0.321437 0
    outer loop
      vertex -8.05111 16.0663 11
      vertex -8.11418 15.8805 6
      vertex -8.11418 15.8805 11
    endloop
  endfacet
  facet normal -0.980776 0.195136 0
    outer loop
      vertex -8.05111 16.0663 6
      vertex -8.01283 16.2587 11
      vertex -8.01283 16.2587 6
    endloop
  endfacet
  facet normal -0.980776 0.195136 0
    outer loop
      vertex -8.01283 16.2587 11
      vertex -8.05111 16.0663 6
      vertex -8.05111 16.0663 11
    endloop
  endfacet
  facet normal -0.99786 -0.0653858 0
    outer loop
      vertex -8 16.4545 6
      vertex -8.01283 16.6503 11
      vertex -8.01283 16.6503 6
    endloop
  endfacet
  facet normal -0.99786 -0.0653858 0
    outer loop
      vertex -8.01283 16.6503 11
      vertex -8 16.4545 6
      vertex -8 16.4545 11
    endloop
  endfacet
  facet normal -0.99786 0.0653858 0
    outer loop
      vertex -8.01283 16.2587 6
      vertex -8 16.4545 11
      vertex -8 16.4545 6
    endloop
  endfacet
  facet normal -0.99786 0.0653858 0
    outer loop
      vertex -8 16.4545 11
      vertex -8.01283 16.2587 6
      vertex -8.01283 16.2587 11
    endloop
  endfacet
  facet normal -0.980764 0.195195 0
    outer loop
      vertex -17.5511 -0.388228 6
      vertex -17.5128 -0.195788 11
      vertex -17.5128 -0.195788 6
    endloop
  endfacet
  facet normal -0.980764 0.195195 0
    outer loop
      vertex -17.5128 -0.195788 11
      vertex -17.5511 -0.388228 6
      vertex -17.5511 -0.388228 11
    endloop
  endfacet
  facet normal 0.831487 0.555544 0
    outer loop
      vertex -20.19 -0.913141 11
      vertex -20.299 -0.75 6
      vertex -20.299 -0.75 11
    endloop
  endfacet
  facet normal 0.831487 0.555544 0
    outer loop
      vertex -20.299 -0.75 6
      vertex -20.19 -0.913141 11
      vertex -20.19 -0.913141 6
    endloop
  endfacet
  facet normal 0.321437 0.946931 -0
    outer loop
      vertex -19.3882 -1.44889 6
      vertex -19.574 -1.38582 11
      vertex -19.3882 -1.44889 11
    endloop
  endfacet
  facet normal 0.321437 0.946931 0
    outer loop
      vertex -19.574 -1.38582 11
      vertex -19.3882 -1.44889 6
      vertex -19.574 -1.38582 6
    endloop
  endfacet
  facet normal -0.946882 0.32158 0
    outer loop
      vertex -17.6142 -0.574024 6
      vertex -17.5511 -0.388228 11
      vertex -17.5511 -0.388228 6
    endloop
  endfacet
  facet normal -0.946882 0.32158 0
    outer loop
      vertex -17.5511 -0.388228 11
      vertex -17.6142 -0.574024 6
      vertex -17.6142 -0.574024 11
    endloop
  endfacet
  facet normal 0.980764 0.195195 0
    outer loop
      vertex -20.4489 -0.388228 11
      vertex -20.4872 -0.195788 6
      vertex -20.4872 -0.195788 11
    endloop
  endfacet
  facet normal 0.980764 0.195195 0
    outer loop
      vertex -20.4872 -0.195788 6
      vertex -20.4489 -0.388228 11
      vertex -20.4489 -0.388228 6
    endloop
  endfacet
  facet normal -0.0653858 0.99786 0
    outer loop
      vertex -18.8042 -1.48717 6
      vertex -19 -1.5 11
      vertex -18.8042 -1.48717 11
    endloop
  endfacet
  facet normal -0.0653858 0.99786 0
    outer loop
      vertex -19 -1.5 11
      vertex -18.8042 -1.48717 6
      vertex -19 -1.5 6
    endloop
  endfacet
  facet normal 0.555676 0.831399 -0
    outer loop
      vertex -19.75 -1.29904 6
      vertex -19.9131 -1.19003 11
      vertex -19.75 -1.29904 11
    endloop
  endfacet
  facet normal 0.555676 0.831399 0
    outer loop
      vertex -19.9131 -1.19003 11
      vertex -19.75 -1.29904 6
      vertex -19.9131 -1.19003 6
    endloop
  endfacet
  facet normal -0.99787 0.0652376 0
    outer loop
      vertex -17.5128 -0.195788 6
      vertex -17.5 0 11
      vertex -17.5 0 6
    endloop
  endfacet
  facet normal -0.99787 0.0652376 0
    outer loop
      vertex -17.5 0 11
      vertex -17.5128 -0.195788 6
      vertex -17.5128 -0.195788 11
    endloop
  endfacet
  facet normal -0.831487 0.555544 0
    outer loop
      vertex -17.81 -0.913141 6
      vertex -17.701 -0.75 11
      vertex -17.701 -0.75 6
    endloop
  endfacet
  facet normal -0.831487 0.555544 0
    outer loop
      vertex -17.701 -0.75 11
      vertex -17.81 -0.913141 6
      vertex -17.81 -0.913141 11
    endloop
  endfacet
  facet normal -0.195136 0.980776 0
    outer loop
      vertex -18.6118 -1.44889 6
      vertex -18.8042 -1.48717 11
      vertex -18.6118 -1.44889 11
    endloop
  endfacet
  facet normal -0.195136 0.980776 0
    outer loop
      vertex -18.8042 -1.48717 11
      vertex -18.6118 -1.44889 6
      vertex -18.8042 -1.48717 6
    endloop
  endfacet
  facet normal 0.99787 0.0652376 0
    outer loop
      vertex -20.4872 -0.195788 11
      vertex -20.5 0 6
      vertex -20.5 0 11
    endloop
  endfacet
  facet normal 0.99787 0.0652376 0
    outer loop
      vertex -20.5 0 6
      vertex -20.4872 -0.195788 11
      vertex -20.4872 -0.195788 6
    endloop
  endfacet
  facet normal -0.659139 -0.752021 0
    outer loop
      vertex -18.0869 1.19003 6
      vertex -17.9393 1.06066 11
      vertex -18.0869 1.19003 11
    endloop
  endfacet
  facet normal -0.659139 -0.752021 -0
    outer loop
      vertex -17.9393 1.06066 11
      vertex -18.0869 1.19003 6
      vertex -17.9393 1.06066 6
    endloop
  endfacet
  facet normal 0.195136 -0.980776 0
    outer loop
      vertex -19.3882 1.44889 6
      vertex -19.1958 1.48717 11
      vertex -19.3882 1.44889 11
    endloop
  endfacet
  facet normal 0.195136 -0.980776 0
    outer loop
      vertex -19.1958 1.48717 11
      vertex -19.3882 1.44889 6
      vertex -19.1958 1.48717 6
    endloop
  endfacet
  facet normal 0.946882 0.32158 0
    outer loop
      vertex -20.3858 -0.574024 11
      vertex -20.4489 -0.388228 6
      vertex -20.4489 -0.388228 11
    endloop
  endfacet
  facet normal 0.946882 0.32158 0
    outer loop
      vertex -20.4489 -0.388228 6
      vertex -20.3858 -0.574024 11
      vertex -20.3858 -0.574024 6
    endloop
  endfacet
  facet normal 0.659139 0.752021 -0
    outer loop
      vertex -19.9131 -1.19003 6
      vertex -20.0607 -1.06066 11
      vertex -19.9131 -1.19003 11
    endloop
  endfacet
  facet normal 0.659139 0.752021 0
    outer loop
      vertex -20.0607 -1.06066 11
      vertex -19.9131 -1.19003 6
      vertex -20.0607 -1.06066 6
    endloop
  endfacet
  facet normal 0.195136 0.980776 -0
    outer loop
      vertex -19.1958 -1.48717 6
      vertex -19.3882 -1.44889 11
      vertex -19.1958 -1.48717 11
    endloop
  endfacet
  facet normal 0.195136 0.980776 0
    outer loop
      vertex -19.3882 -1.44889 11
      vertex -19.1958 -1.48717 6
      vertex -19.3882 -1.44889 6
    endloop
  endfacet
  facet normal 0.442233 0.8969 -0
    outer loop
      vertex -19.574 -1.38582 6
      vertex -19.75 -1.29904 11
      vertex -19.574 -1.38582 11
    endloop
  endfacet
  facet normal 0.442233 0.8969 0
    outer loop
      vertex -19.75 -1.29904 11
      vertex -19.574 -1.38582 6
      vertex -19.75 -1.29904 6
    endloop
  endfacet
  facet normal -0.99787 -0.0652376 0
    outer loop
      vertex -17.5 0 6
      vertex -17.5128 0.195788 11
      vertex -17.5128 0.195788 6
    endloop
  endfacet
  facet normal -0.99787 -0.0652376 0
    outer loop
      vertex -17.5128 0.195788 11
      vertex -17.5 0 6
      vertex -17.5 0 11
    endloop
  endfacet
  facet normal -0.896836 0.442363 0
    outer loop
      vertex -17.701 -0.75 6
      vertex -17.6142 -0.574024 11
      vertex -17.6142 -0.574024 6
    endloop
  endfacet
  facet normal -0.896836 0.442363 0
    outer loop
      vertex -17.6142 -0.574024 11
      vertex -17.701 -0.75 6
      vertex -17.701 -0.75 11
    endloop
  endfacet
  facet normal -0.321437 0.946931 0
    outer loop
      vertex -18.426 -1.38582 6
      vertex -18.6118 -1.44889 11
      vertex -18.426 -1.38582 11
    endloop
  endfacet
  facet normal -0.321437 0.946931 0
    outer loop
      vertex -18.6118 -1.44889 11
      vertex -18.426 -1.38582 6
      vertex -18.6118 -1.44889 6
    endloop
  endfacet
  facet normal -0.752018 0.659142 0
    outer loop
      vertex -17.9393 -1.06066 6
      vertex -17.81 -0.913141 11
      vertex -17.81 -0.913141 6
    endloop
  endfacet
  facet normal -0.752018 0.659142 0
    outer loop
      vertex -17.81 -0.913141 11
      vertex -17.9393 -1.06066 6
      vertex -17.9393 -1.06066 11
    endloop
  endfacet
  facet normal -0.555676 0.831399 0
    outer loop
      vertex -18.0869 -1.19003 6
      vertex -18.25 -1.29904 11
      vertex -18.0869 -1.19003 11
    endloop
  endfacet
  facet normal -0.555676 0.831399 0
    outer loop
      vertex -18.25 -1.29904 11
      vertex -18.0869 -1.19003 6
      vertex -18.25 -1.29904 6
    endloop
  endfacet
  facet normal 0.99787 -0.0652376 0
    outer loop
      vertex -20.5 0 11
      vertex -20.4872 0.195788 6
      vertex -20.4872 0.195788 11
    endloop
  endfacet
  facet normal 0.99787 -0.0652376 0
    outer loop
      vertex -20.4872 0.195788 6
      vertex -20.5 0 11
      vertex -20.5 0 6
    endloop
  endfacet
  facet normal 0.831487 -0.555544 0
    outer loop
      vertex -20.299 0.75 11
      vertex -20.19 0.913141 6
      vertex -20.19 0.913141 11
    endloop
  endfacet
  facet normal 0.831487 -0.555544 0
    outer loop
      vertex -20.19 0.913141 6
      vertex -20.299 0.75 11
      vertex -20.299 0.75 6
    endloop
  endfacet
  facet normal -0.980764 -0.195195 0
    outer loop
      vertex -17.5128 0.195788 6
      vertex -17.5511 0.388228 11
      vertex -17.5511 0.388228 6
    endloop
  endfacet
  facet normal -0.980764 -0.195195 0
    outer loop
      vertex -17.5511 0.388228 11
      vertex -17.5128 0.195788 6
      vertex -17.5128 0.195788 11
    endloop
  endfacet
  facet normal -0.831487 -0.555544 0
    outer loop
      vertex -17.701 0.75 6
      vertex -17.81 0.913141 11
      vertex -17.81 0.913141 6
    endloop
  endfacet
  facet normal -0.831487 -0.555544 0
    outer loop
      vertex -17.81 0.913141 11
      vertex -17.701 0.75 6
      vertex -17.701 0.75 11
    endloop
  endfacet
  facet normal 0.442233 -0.8969 0
    outer loop
      vertex -19.75 1.29904 6
      vertex -19.574 1.38582 11
      vertex -19.75 1.29904 11
    endloop
  endfacet
  facet normal 0.442233 -0.8969 0
    outer loop
      vertex -19.574 1.38582 11
      vertex -19.75 1.29904 6
      vertex -19.574 1.38582 6
    endloop
  endfacet
  facet normal 0.896836 0.442363 0
    outer loop
      vertex -20.299 -0.75 11
      vertex -20.3858 -0.574024 6
      vertex -20.3858 -0.574024 11
    endloop
  endfacet
  facet normal 0.896836 0.442363 0
    outer loop
      vertex -20.3858 -0.574024 6
      vertex -20.299 -0.75 11
      vertex -20.299 -0.75 6
    endloop
  endfacet
  facet normal 0.752018 0.659142 0
    outer loop
      vertex -20.0607 -1.06066 11
      vertex -20.19 -0.913141 6
      vertex -20.19 -0.913141 11
    endloop
  endfacet
  facet normal 0.752018 0.659142 0
    outer loop
      vertex -20.19 -0.913141 6
      vertex -20.0607 -1.06066 11
      vertex -20.0607 -1.06066 6
    endloop
  endfacet
  facet normal 0.0653858 0.99786 -0
    outer loop
      vertex -19 -1.5 6
      vertex -19.1958 -1.48717 11
      vertex -19 -1.5 11
    endloop
  endfacet
  facet normal 0.0653858 0.99786 0
    outer loop
      vertex -19.1958 -1.48717 11
      vertex -19 -1.5 6
      vertex -19.1958 -1.48717 6
    endloop
  endfacet
  facet normal -0.442233 0.8969 0
    outer loop
      vertex -18.25 -1.29904 6
      vertex -18.426 -1.38582 11
      vertex -18.25 -1.29904 11
    endloop
  endfacet
  facet normal -0.442233 0.8969 0
    outer loop
      vertex -18.426 -1.38582 11
      vertex -18.25 -1.29904 6
      vertex -18.426 -1.38582 6
    endloop
  endfacet
  facet normal -0.659139 0.752021 0
    outer loop
      vertex -17.9393 -1.06066 6
      vertex -18.0869 -1.19003 11
      vertex -17.9393 -1.06066 11
    endloop
  endfacet
  facet normal -0.659139 0.752021 0
    outer loop
      vertex -18.0869 -1.19003 11
      vertex -17.9393 -1.06066 6
      vertex -18.0869 -1.19003 6
    endloop
  endfacet
  facet normal 0.980764 -0.195195 0
    outer loop
      vertex -20.4872 0.195788 11
      vertex -20.4489 0.388228 6
      vertex -20.4489 0.388228 11
    endloop
  endfacet
  facet normal 0.980764 -0.195195 0
    outer loop
      vertex -20.4489 0.388228 6
      vertex -20.4872 0.195788 11
      vertex -20.4872 0.195788 6
    endloop
  endfacet
  facet normal 0.946882 -0.32158 0
    outer loop
      vertex -20.4489 0.388228 11
      vertex -20.3858 0.574024 6
      vertex -20.3858 0.574024 11
    endloop
  endfacet
  facet normal 0.946882 -0.32158 0
    outer loop
      vertex -20.3858 0.574024 6
      vertex -20.4489 0.388228 11
      vertex -20.4489 0.388228 6
    endloop
  endfacet
  facet normal 0.752018 -0.659142 0
    outer loop
      vertex -20.19 0.913141 11
      vertex -20.0607 1.06066 6
      vertex -20.0607 1.06066 11
    endloop
  endfacet
  facet normal 0.752018 -0.659142 0
    outer loop
      vertex -20.0607 1.06066 6
      vertex -20.19 0.913141 11
      vertex -20.19 0.913141 6
    endloop
  endfacet
  facet normal -0.0653858 -0.99786 0
    outer loop
      vertex -19 1.5 6
      vertex -18.8042 1.48717 11
      vertex -19 1.5 11
    endloop
  endfacet
  facet normal -0.0653858 -0.99786 -0
    outer loop
      vertex -18.8042 1.48717 11
      vertex -19 1.5 6
      vertex -18.8042 1.48717 6
    endloop
  endfacet
  facet normal 0.0653858 -0.99786 0
    outer loop
      vertex -19.1958 1.48717 6
      vertex -19 1.5 11
      vertex -19.1958 1.48717 11
    endloop
  endfacet
  facet normal 0.0653858 -0.99786 0
    outer loop
      vertex -19 1.5 11
      vertex -19.1958 1.48717 6
      vertex -19 1.5 6
    endloop
  endfacet
  facet normal -0.752018 -0.659142 0
    outer loop
      vertex -17.81 0.913141 6
      vertex -17.9393 1.06066 11
      vertex -17.9393 1.06066 6
    endloop
  endfacet
  facet normal -0.752018 -0.659142 0
    outer loop
      vertex -17.9393 1.06066 11
      vertex -17.81 0.913141 6
      vertex -17.81 0.913141 11
    endloop
  endfacet
  facet normal -0.896836 -0.442363 0
    outer loop
      vertex -17.6142 0.574024 6
      vertex -17.701 0.75 11
      vertex -17.701 0.75 6
    endloop
  endfacet
  facet normal -0.896836 -0.442363 0
    outer loop
      vertex -17.701 0.75 11
      vertex -17.6142 0.574024 6
      vertex -17.6142 0.574024 11
    endloop
  endfacet
  facet normal 0.321437 -0.946931 0
    outer loop
      vertex -19.574 1.38582 6
      vertex -19.3882 1.44889 11
      vertex -19.574 1.38582 11
    endloop
  endfacet
  facet normal 0.321437 -0.946931 0
    outer loop
      vertex -19.3882 1.44889 11
      vertex -19.574 1.38582 6
      vertex -19.3882 1.44889 6
    endloop
  endfacet
  facet normal 0.896836 -0.442363 0
    outer loop
      vertex -20.3858 0.574024 11
      vertex -20.299 0.75 6
      vertex -20.299 0.75 11
    endloop
  endfacet
  facet normal 0.896836 -0.442363 0
    outer loop
      vertex -20.299 0.75 6
      vertex -20.3858 0.574024 11
      vertex -20.3858 0.574024 6
    endloop
  endfacet
  facet normal 0.659139 -0.752021 0
    outer loop
      vertex -20.0607 1.06066 6
      vertex -19.9131 1.19003 11
      vertex -20.0607 1.06066 11
    endloop
  endfacet
  facet normal 0.659139 -0.752021 0
    outer loop
      vertex -19.9131 1.19003 11
      vertex -20.0607 1.06066 6
      vertex -19.9131 1.19003 6
    endloop
  endfacet
  facet normal 0.555676 -0.831399 0
    outer loop
      vertex -19.9131 1.19003 6
      vertex -19.75 1.29904 11
      vertex -19.9131 1.19003 11
    endloop
  endfacet
  facet normal 0.555676 -0.831399 0
    outer loop
      vertex -19.75 1.29904 11
      vertex -19.9131 1.19003 6
      vertex -19.75 1.29904 6
    endloop
  endfacet
  facet normal -0.321437 -0.946931 0
    outer loop
      vertex -18.6118 1.44889 6
      vertex -18.426 1.38582 11
      vertex -18.6118 1.44889 11
    endloop
  endfacet
  facet normal -0.321437 -0.946931 -0
    outer loop
      vertex -18.426 1.38582 11
      vertex -18.6118 1.44889 6
      vertex -18.426 1.38582 6
    endloop
  endfacet
  facet normal -0.555676 -0.831399 0
    outer loop
      vertex -18.25 1.29904 6
      vertex -18.0869 1.19003 11
      vertex -18.25 1.29904 11
    endloop
  endfacet
  facet normal -0.555676 -0.831399 -0
    outer loop
      vertex -18.0869 1.19003 11
      vertex -18.25 1.29904 6
      vertex -18.0869 1.19003 6
    endloop
  endfacet
  facet normal -0.195136 -0.980776 0
    outer loop
      vertex -18.8042 1.48717 6
      vertex -18.6118 1.44889 11
      vertex -18.8042 1.48717 11
    endloop
  endfacet
  facet normal -0.195136 -0.980776 -0
    outer loop
      vertex -18.6118 1.44889 11
      vertex -18.8042 1.48717 6
      vertex -18.6118 1.44889 6
    endloop
  endfacet
  facet normal -0.946882 -0.32158 0
    outer loop
      vertex -17.5511 0.388228 6
      vertex -17.6142 0.574024 11
      vertex -17.6142 0.574024 6
    endloop
  endfacet
  facet normal -0.946882 -0.32158 0
    outer loop
      vertex -17.6142 0.574024 11
      vertex -17.5511 0.388228 6
      vertex -17.5511 0.388228 11
    endloop
  endfacet
  facet normal -0.442233 -0.8969 0
    outer loop
      vertex -18.426 1.38582 6
      vertex -18.25 1.29904 11
      vertex -18.426 1.38582 11
    endloop
  endfacet
  facet normal -0.442233 -0.8969 -0
    outer loop
      vertex -18.25 1.29904 11
      vertex -18.426 1.38582 6
      vertex -18.25 1.29904 6
    endloop
  endfacet
  facet normal -0.65914 -0.752021 0
    outer loop
      vertex -8.58686 -15.2645 6
      vertex -8.43934 -15.3938 11
      vertex -8.58686 -15.2645 11
    endloop
  endfacet
  facet normal -0.65914 -0.752021 -0
    outer loop
      vertex -8.43934 -15.3938 11
      vertex -8.58686 -15.2645 6
      vertex -8.43934 -15.3938 6
    endloop
  endfacet
  facet normal -0.0652369 0.99787 0
    outer loop
      vertex -9.30421 -17.9417 6
      vertex -9.5 -17.9545 11
      vertex -9.30421 -17.9417 11
    endloop
  endfacet
  facet normal -0.0652369 0.99787 0
    outer loop
      vertex -9.5 -17.9545 11
      vertex -9.30421 -17.9417 6
      vertex -9.5 -17.9545 6
    endloop
  endfacet
  facet normal -0.751799 -0.659392 0
    outer loop
      vertex -8.30997 -15.5413 6
      vertex -8.43934 -15.3938 11
      vertex -8.43934 -15.3938 6
    endloop
  endfacet
  facet normal -0.751799 -0.659392 0
    outer loop
      vertex -8.43934 -15.3938 11
      vertex -8.30997 -15.5413 6
      vertex -8.30997 -15.5413 11
    endloop
  endfacet
  facet normal 0.659226 0.751945 -0
    outer loop
      vertex -10.4131 -17.6445 6
      vertex -10.5607 -17.5151 11
      vertex -10.4131 -17.6445 11
    endloop
  endfacet
  facet normal 0.659226 0.751945 0
    outer loop
      vertex -10.5607 -17.5151 11
      vertex -10.4131 -17.6445 6
      vertex -10.5607 -17.5151 6
    endloop
  endfacet
  facet normal 0.32162 0.946869 -0
    outer loop
      vertex -9.88823 -17.9034 6
      vertex -10.074 -17.8403 11
      vertex -9.88823 -17.9034 11
    endloop
  endfacet
  facet normal 0.32162 0.946869 0
    outer loop
      vertex -10.074 -17.8403 11
      vertex -9.88823 -17.9034 6
      vertex -10.074 -17.8403 6
    endloop
  endfacet
  facet normal -0.8969 0.442233 0
    outer loop
      vertex -8.20096 -17.2045 6
      vertex -8.11418 -17.0285 11
      vertex -8.11418 -17.0285 6
    endloop
  endfacet
  facet normal -0.8969 0.442233 0
    outer loop
      vertex -8.11418 -17.0285 11
      vertex -8.20096 -17.2045 6
      vertex -8.20096 -17.2045 11
    endloop
  endfacet
  facet normal -0.555899 -0.83125 0
    outer loop
      vertex -8.75 -15.1554 6
      vertex -8.58686 -15.2645 11
      vertex -8.75 -15.1554 11
    endloop
  endfacet
  facet normal -0.555899 -0.83125 -0
    outer loop
      vertex -8.58686 -15.2645 11
      vertex -8.75 -15.1554 6
      vertex -8.58686 -15.2645 6
    endloop
  endfacet
  facet normal -0.8969 -0.442233 0
    outer loop
      vertex -8.11418 -15.8805 6
      vertex -8.20096 -15.7045 11
      vertex -8.20096 -15.7045 6
    endloop
  endfacet
  facet normal -0.8969 -0.442233 0
    outer loop
      vertex -8.20096 -15.7045 11
      vertex -8.11418 -15.8805 6
      vertex -8.11418 -15.8805 11
    endloop
  endfacet
  facet normal -0.99786 -0.0653858 0
    outer loop
      vertex -8 -16.4545 6
      vertex -8.01283 -16.2587 11
      vertex -8.01283 -16.2587 6
    endloop
  endfacet
  facet normal -0.99786 -0.0653858 0
    outer loop
      vertex -8.01283 -16.2587 11
      vertex -8 -16.4545 6
      vertex -8 -16.4545 11
    endloop
  endfacet
  facet normal 0.442315 0.89686 -0
    outer loop
      vertex -10.074 -17.8403 6
      vertex -10.25 -17.7535 11
      vertex -10.074 -17.8403 11
    endloop
  endfacet
  facet normal 0.442315 0.89686 0
    outer loop
      vertex -10.25 -17.7535 11
      vertex -10.074 -17.8403 6
      vertex -10.25 -17.7535 6
    endloop
  endfacet
  facet normal 0.751976 0.65919 0
    outer loop
      vertex -10.5607 -17.5151 11
      vertex -10.69 -17.3676 6
      vertex -10.69 -17.3676 11
    endloop
  endfacet
  facet normal 0.751976 0.65919 0
    outer loop
      vertex -10.69 -17.3676 6
      vertex -10.5607 -17.5151 11
      vertex -10.5607 -17.5151 6
    endloop
  endfacet
  facet normal 0.946885 -0.321574 0
    outer loop
      vertex -10.9489 -16.0663 11
      vertex -10.8858 -15.8805 6
      vertex -10.8858 -15.8805 11
    endloop
  endfacet
  facet normal 0.946885 -0.321574 0
    outer loop
      vertex -10.8858 -15.8805 6
      vertex -10.9489 -16.0663 11
      vertex -10.9489 -16.0663 6
    endloop
  endfacet
  facet normal 0.99787 0.0652336 0
    outer loop
      vertex -10.9872 -16.6503 11
      vertex -11 -16.4545 6
      vertex -11 -16.4545 11
    endloop
  endfacet
  facet normal 0.99787 0.0652336 0
    outer loop
      vertex -11 -16.4545 6
      vertex -10.9872 -16.6503 11
      vertex -10.9872 -16.6503 6
    endloop
  endfacet
  facet normal 0.195195 0.980764 -0
    outer loop
      vertex -9.69579 -17.9417 6
      vertex -9.88823 -17.9034 11
      vertex -9.69579 -17.9417 11
    endloop
  endfacet
  facet normal 0.195195 0.980764 0
    outer loop
      vertex -9.88823 -17.9034 11
      vertex -9.69579 -17.9417 6
      vertex -9.88823 -17.9034 6
    endloop
  endfacet
  facet normal -0.321574 0.946885 0
    outer loop
      vertex -8.92597 -17.8403 6
      vertex -9.11177 -17.9034 11
      vertex -8.92597 -17.8403 11
    endloop
  endfacet
  facet normal -0.321574 0.946885 0
    outer loop
      vertex -9.11177 -17.9034 11
      vertex -8.92597 -17.8403 6
      vertex -9.11177 -17.9034 6
    endloop
  endfacet
  facet normal -0.751799 0.659392 0
    outer loop
      vertex -8.43934 -17.5151 6
      vertex -8.30997 -17.3676 11
      vertex -8.30997 -17.3676 6
    endloop
  endfacet
  facet normal -0.751799 0.659392 0
    outer loop
      vertex -8.30997 -17.3676 11
      vertex -8.43934 -17.5151 6
      vertex -8.43934 -17.5151 11
    endloop
  endfacet
  facet normal -0.659428 0.751768 0
    outer loop
      vertex -8.43934 -17.5151 6
      vertex -8.58686 -17.6445 11
      vertex -8.43934 -17.5151 11
    endloop
  endfacet
  facet normal -0.659428 0.751768 0
    outer loop
      vertex -8.58686 -17.6445 11
      vertex -8.43934 -17.5151 6
      vertex -8.58686 -17.6445 6
    endloop
  endfacet
  facet normal -0.442376 0.89683 0
    outer loop
      vertex -8.75 -17.7535 6
      vertex -8.92597 -17.8403 11
      vertex -8.75 -17.7535 11
    endloop
  endfacet
  facet normal -0.442376 0.89683 0
    outer loop
      vertex -8.92597 -17.8403 11
      vertex -8.75 -17.7535 6
      vertex -8.92597 -17.8403 6
    endloop
  endfacet
  facet normal -0.441966 -0.897032 0
    outer loop
      vertex -8.92597 -15.0687 6
      vertex -8.75 -15.1554 11
      vertex -8.92597 -15.0687 11
    endloop
  endfacet
  facet normal -0.441966 -0.897032 -0
    outer loop
      vertex -8.75 -15.1554 11
      vertex -8.92597 -15.0687 6
      vertex -8.75 -15.1554 6
    endloop
  endfacet
  facet normal -0.831556 -0.555441 0
    outer loop
      vertex -8.20096 -15.7045 6
      vertex -8.30997 -15.5413 11
      vertex -8.30997 -15.5413 6
    endloop
  endfacet
  facet normal -0.831556 -0.555441 0
    outer loop
      vertex -8.30997 -15.5413 11
      vertex -8.20096 -15.7045 6
      vertex -8.20096 -15.7045 11
    endloop
  endfacet
  facet normal -0.99786 0.0653858 0
    outer loop
      vertex -8.01283 -16.6503 6
      vertex -8 -16.4545 11
      vertex -8 -16.4545 6
    endloop
  endfacet
  facet normal -0.99786 0.0653858 0
    outer loop
      vertex -8 -16.4545 11
      vertex -8.01283 -16.6503 6
      vertex -8.01283 -16.6503 11
    endloop
  endfacet
  facet normal -0.946931 0.321437 0
    outer loop
      vertex -8.11418 -17.0285 6
      vertex -8.05111 -16.8427 11
      vertex -8.05111 -16.8427 6
    endloop
  endfacet
  facet normal -0.946931 0.321437 0
    outer loop
      vertex -8.05111 -16.8427 11
      vertex -8.11418 -17.0285 6
      vertex -8.11418 -17.0285 11
    endloop
  endfacet
  facet normal -0.980776 -0.195136 0
    outer loop
      vertex -8.01283 -16.2587 6
      vertex -8.05111 -16.0663 11
      vertex -8.05111 -16.0663 6
    endloop
  endfacet
  facet normal -0.980776 -0.195136 0
    outer loop
      vertex -8.05111 -16.0663 11
      vertex -8.01283 -16.2587 6
      vertex -8.01283 -16.2587 11
    endloop
  endfacet
  facet normal -0.946931 -0.321437 0
    outer loop
      vertex -8.05111 -16.0663 6
      vertex -8.11418 -15.8805 11
      vertex -8.11418 -15.8805 6
    endloop
  endfacet
  facet normal -0.946931 -0.321437 0
    outer loop
      vertex -8.11418 -15.8805 11
      vertex -8.05111 -16.0663 6
      vertex -8.05111 -16.0663 11
    endloop
  endfacet
  facet normal 0.89686 0.442315 0
    outer loop
      vertex -10.799 -17.2045 11
      vertex -10.8858 -17.0285 6
      vertex -10.8858 -17.0285 11
    endloop
  endfacet
  facet normal 0.89686 0.442315 0
    outer loop
      vertex -10.8858 -17.0285 6
      vertex -10.799 -17.2045 11
      vertex -10.799 -17.2045 6
    endloop
  endfacet
  facet normal 0.89686 -0.442315 0
    outer loop
      vertex -10.8858 -15.8805 11
      vertex -10.799 -15.7045 6
      vertex -10.799 -15.7045 11
    endloop
  endfacet
  facet normal 0.89686 -0.442315 0
    outer loop
      vertex -10.799 -15.7045 6
      vertex -10.8858 -15.8805 11
      vertex -10.8858 -15.8805 6
    endloop
  endfacet
  facet normal 0.99787 -0.0652336 0
    outer loop
      vertex -11 -16.4545 11
      vertex -10.9872 -16.2587 6
      vertex -10.9872 -16.2587 11
    endloop
  endfacet
  facet normal 0.99787 -0.0652336 0
    outer loop
      vertex -10.9872 -16.2587 6
      vertex -11 -16.4545 11
      vertex -11 -16.4545 6
    endloop
  endfacet
  facet normal 0.0652369 0.99787 -0
    outer loop
      vertex -9.5 -17.9545 6
      vertex -9.69579 -17.9417 11
      vertex -9.5 -17.9545 11
    endloop
  endfacet
  facet normal 0.0652369 0.99787 0
    outer loop
      vertex -9.69579 -17.9417 11
      vertex -9.5 -17.9545 6
      vertex -9.69579 -17.9417 6
    endloop
  endfacet
  facet normal -0.195195 0.980764 0
    outer loop
      vertex -9.11177 -17.9034 6
      vertex -9.30421 -17.9417 11
      vertex -9.11177 -17.9034 11
    endloop
  endfacet
  facet normal -0.195195 0.980764 0
    outer loop
      vertex -9.30421 -17.9417 11
      vertex -9.11177 -17.9034 6
      vertex -9.30421 -17.9417 6
    endloop
  endfacet
  facet normal -0.831399 0.555676 0
    outer loop
      vertex -8.30997 -17.3676 6
      vertex -8.20096 -17.2045 11
      vertex -8.20096 -17.2045 6
    endloop
  endfacet
  facet normal -0.831399 0.555676 0
    outer loop
      vertex -8.20096 -17.2045 11
      vertex -8.30997 -17.3676 6
      vertex -8.30997 -17.3676 11
    endloop
  endfacet
  facet normal -0.555547 0.831485 0
    outer loop
      vertex -8.58686 -17.6445 6
      vertex -8.75 -17.7535 11
      vertex -8.58686 -17.6445 11
    endloop
  endfacet
  facet normal -0.555547 0.831485 0
    outer loop
      vertex -8.75 -17.7535 11
      vertex -8.58686 -17.6445 6
      vertex -8.75 -17.7535 6
    endloop
  endfacet
  facet normal -0.980776 0.195136 0
    outer loop
      vertex -8.05111 -16.8427 6
      vertex -8.01283 -16.6503 11
      vertex -8.01283 -16.6503 6
    endloop
  endfacet
  facet normal -0.980776 0.195136 0
    outer loop
      vertex -8.01283 -16.6503 11
      vertex -8.05111 -16.8427 6
      vertex -8.05111 -16.8427 11
    endloop
  endfacet
  facet normal 0.555641 0.831422 -0
    outer loop
      vertex -10.25 -17.7535 6
      vertex -10.4131 -17.6445 11
      vertex -10.25 -17.7535 11
    endloop
  endfacet
  facet normal 0.555641 0.831422 0
    outer loop
      vertex -10.4131 -17.6445 11
      vertex -10.25 -17.7535 6
      vertex -10.4131 -17.6445 6
    endloop
  endfacet
  facet normal 0.831422 0.555641 0
    outer loop
      vertex -10.69 -17.3676 11
      vertex -10.799 -17.2045 6
      vertex -10.799 -17.2045 11
    endloop
  endfacet
  facet normal 0.831422 0.555641 0
    outer loop
      vertex -10.799 -17.2045 6
      vertex -10.69 -17.3676 11
      vertex -10.69 -17.3676 6
    endloop
  endfacet
  facet normal -0.0652369 -0.99787 0
    outer loop
      vertex -9.5 -14.9545 6
      vertex -9.30421 -14.9673 11
      vertex -9.5 -14.9545 11
    endloop
  endfacet
  facet normal -0.0652369 -0.99787 -0
    outer loop
      vertex -9.30421 -14.9673 11
      vertex -9.5 -14.9545 6
      vertex -9.30421 -14.9673 6
    endloop
  endfacet
  facet normal 0.32162 -0.946869 0
    outer loop
      vertex -10.074 -15.0687 6
      vertex -9.88823 -15.0056 11
      vertex -10.074 -15.0687 11
    endloop
  endfacet
  facet normal 0.32162 -0.946869 0
    outer loop
      vertex -9.88823 -15.0056 11
      vertex -10.074 -15.0687 6
      vertex -9.88823 -15.0056 6
    endloop
  endfacet
  facet normal 0.980757 -0.195234 0
    outer loop
      vertex -10.9872 -16.2587 11
      vertex -10.9489 -16.0663 6
      vertex -10.9489 -16.0663 11
    endloop
  endfacet
  facet normal 0.980757 -0.195234 0
    outer loop
      vertex -10.9489 -16.0663 6
      vertex -10.9872 -16.2587 11
      vertex -10.9872 -16.2587 6
    endloop
  endfacet
  facet normal 0.946885 0.321574 0
    outer loop
      vertex -10.8858 -17.0285 11
      vertex -10.9489 -16.8427 6
      vertex -10.9489 -16.8427 11
    endloop
  endfacet
  facet normal 0.946885 0.321574 0
    outer loop
      vertex -10.9489 -16.8427 6
      vertex -10.8858 -17.0285 11
      vertex -10.8858 -17.0285 6
    endloop
  endfacet
  facet normal 0.658937 -0.752198 0
    outer loop
      vertex -10.5607 -15.3938 6
      vertex -10.4131 -15.2645 11
      vertex -10.5607 -15.3938 11
    endloop
  endfacet
  facet normal 0.658937 -0.752198 0
    outer loop
      vertex -10.4131 -15.2645 11
      vertex -10.5607 -15.3938 6
      vertex -10.4131 -15.2645 6
    endloop
  endfacet
  facet normal 0.441905 -0.897062 0
    outer loop
      vertex -10.25 -15.1554 6
      vertex -10.074 -15.0687 11
      vertex -10.25 -15.1554 11
    endloop
  endfacet
  facet normal 0.441905 -0.897062 0
    outer loop
      vertex -10.074 -15.0687 11
      vertex -10.25 -15.1554 6
      vertex -10.074 -15.0687 6
    endloop
  endfacet
  facet normal 0.751976 -0.65919 0
    outer loop
      vertex -10.69 -15.5413 11
      vertex -10.5607 -15.3938 6
      vertex -10.5607 -15.3938 11
    endloop
  endfacet
  facet normal 0.751976 -0.65919 0
    outer loop
      vertex -10.5607 -15.3938 6
      vertex -10.69 -15.5413 11
      vertex -10.69 -15.5413 6
    endloop
  endfacet
  facet normal 0.83158 -0.555406 0
    outer loop
      vertex -10.799 -15.7045 11
      vertex -10.69 -15.5413 6
      vertex -10.69 -15.5413 11
    endloop
  endfacet
  facet normal 0.83158 -0.555406 0
    outer loop
      vertex -10.69 -15.5413 6
      vertex -10.799 -15.7045 11
      vertex -10.799 -15.7045 6
    endloop
  endfacet
  facet normal -0.195195 -0.980764 0
    outer loop
      vertex -9.30421 -14.9673 6
      vertex -9.11177 -15.0056 11
      vertex -9.30421 -14.9673 11
    endloop
  endfacet
  facet normal -0.195195 -0.980764 -0
    outer loop
      vertex -9.11177 -15.0056 11
      vertex -9.30421 -14.9673 6
      vertex -9.11177 -15.0056 6
    endloop
  endfacet
  facet normal -0.321574 -0.946885 0
    outer loop
      vertex -9.11177 -15.0056 6
      vertex -8.92597 -15.0687 11
      vertex -9.11177 -15.0056 11
    endloop
  endfacet
  facet normal -0.321574 -0.946885 -0
    outer loop
      vertex -8.92597 -15.0687 11
      vertex -9.11177 -15.0056 6
      vertex -8.92597 -15.0687 6
    endloop
  endfacet
  facet normal 0.195195 -0.980764 0
    outer loop
      vertex -9.88823 -15.0056 6
      vertex -9.69579 -14.9673 11
      vertex -9.88823 -15.0056 11
    endloop
  endfacet
  facet normal 0.195195 -0.980764 0
    outer loop
      vertex -9.69579 -14.9673 11
      vertex -9.88823 -15.0056 6
      vertex -9.69579 -14.9673 6
    endloop
  endfacet
  facet normal 0.0652369 -0.99787 0
    outer loop
      vertex -9.69579 -14.9673 6
      vertex -9.5 -14.9545 11
      vertex -9.69579 -14.9673 11
    endloop
  endfacet
  facet normal 0.0652369 -0.99787 0
    outer loop
      vertex -9.5 -14.9545 11
      vertex -9.69579 -14.9673 6
      vertex -9.5 -14.9545 6
    endloop
  endfacet
  facet normal 0.980757 0.195234 0
    outer loop
      vertex -10.9489 -16.8427 11
      vertex -10.9872 -16.6503 6
      vertex -10.9872 -16.6503 11
    endloop
  endfacet
  facet normal 0.980757 0.195234 0
    outer loop
      vertex -10.9872 -16.6503 6
      vertex -10.9489 -16.8427 11
      vertex -10.9489 -16.8427 6
    endloop
  endfacet
  facet normal 0.555993 -0.831187 0
    outer loop
      vertex -10.4131 -15.2645 6
      vertex -10.25 -15.1554 11
      vertex -10.4131 -15.2645 11
    endloop
  endfacet
  facet normal 0.555993 -0.831187 0
    outer loop
      vertex -10.25 -15.1554 11
      vertex -10.4131 -15.2645 6
      vertex -10.25 -15.1554 6
    endloop
  endfacet
  facet normal -0.89686 0.442315 0
    outer loop
      vertex 10.799 -17.2045 6
      vertex 10.8858 -17.0285 11
      vertex 10.8858 -17.0285 6
    endloop
  endfacet
  facet normal -0.89686 0.442315 0
    outer loop
      vertex 10.8858 -17.0285 11
      vertex 10.799 -17.2045 6
      vertex 10.799 -17.2045 11
    endloop
  endfacet
  facet normal -0.980757 -0.195234 0
    outer loop
      vertex 10.9872 -16.2587 6
      vertex 10.9489 -16.0663 11
      vertex 10.9489 -16.0663 6
    endloop
  endfacet
  facet normal -0.980757 -0.195234 0
    outer loop
      vertex 10.9489 -16.0663 11
      vertex 10.9872 -16.2587 6
      vertex 10.9872 -16.2587 11
    endloop
  endfacet
  facet normal -0.555993 -0.831187 0
    outer loop
      vertex 10.25 -15.1554 6
      vertex 10.4131 -15.2645 11
      vertex 10.25 -15.1554 11
    endloop
  endfacet
  facet normal -0.555993 -0.831187 -0
    outer loop
      vertex 10.4131 -15.2645 11
      vertex 10.25 -15.1554 6
      vertex 10.4131 -15.2645 6
    endloop
  endfacet
  facet normal 0.195195 -0.980764 0
    outer loop
      vertex 9.11177 -15.0056 6
      vertex 9.30421 -14.9673 11
      vertex 9.11177 -15.0056 11
    endloop
  endfacet
  facet normal 0.195195 -0.980764 0
    outer loop
      vertex 9.30421 -14.9673 11
      vertex 9.11177 -15.0056 6
      vertex 9.30421 -14.9673 6
    endloop
  endfacet
  facet normal -0.32162 0.946869 0
    outer loop
      vertex 10.074 -17.8403 6
      vertex 9.88823 -17.9034 11
      vertex 10.074 -17.8403 11
    endloop
  endfacet
  facet normal -0.32162 0.946869 0
    outer loop
      vertex 9.88823 -17.9034 11
      vertex 10.074 -17.8403 6
      vertex 9.88823 -17.9034 6
    endloop
  endfacet
  facet normal -0.659226 0.751945 0
    outer loop
      vertex 10.5607 -17.5151 6
      vertex 10.4131 -17.6445 11
      vertex 10.5607 -17.5151 11
    endloop
  endfacet
  facet normal -0.659226 0.751945 0
    outer loop
      vertex 10.4131 -17.6445 11
      vertex 10.5607 -17.5151 6
      vertex 10.4131 -17.6445 6
    endloop
  endfacet
  facet normal -0.83158 -0.555406 0
    outer loop
      vertex 10.799 -15.7045 6
      vertex 10.69 -15.5413 11
      vertex 10.69 -15.5413 6
    endloop
  endfacet
  facet normal -0.83158 -0.555406 0
    outer loop
      vertex 10.69 -15.5413 11
      vertex 10.799 -15.7045 6
      vertex 10.799 -15.7045 11
    endloop
  endfacet
  facet normal -0.99787 0.0652336 0
    outer loop
      vertex 10.9872 -16.6503 6
      vertex 11 -16.4545 11
      vertex 11 -16.4545 6
    endloop
  endfacet
  facet normal -0.99787 0.0652336 0
    outer loop
      vertex 11 -16.4545 11
      vertex 10.9872 -16.6503 6
      vertex 10.9872 -16.6503 11
    endloop
  endfacet
  facet normal 0.441966 -0.897032 0
    outer loop
      vertex 8.75 -15.1554 6
      vertex 8.92597 -15.0687 11
      vertex 8.75 -15.1554 11
    endloop
  endfacet
  facet normal 0.441966 -0.897032 0
    outer loop
      vertex 8.92597 -15.0687 11
      vertex 8.75 -15.1554 6
      vertex 8.92597 -15.0687 6
    endloop
  endfacet
  facet normal -0.0652369 -0.99787 0
    outer loop
      vertex 9.5 -14.9545 6
      vertex 9.69579 -14.9673 11
      vertex 9.5 -14.9545 11
    endloop
  endfacet
  facet normal -0.0652369 -0.99787 -0
    outer loop
      vertex 9.69579 -14.9673 11
      vertex 9.5 -14.9545 6
      vertex 9.69579 -14.9673 6
    endloop
  endfacet
  facet normal -0.751976 -0.65919 0
    outer loop
      vertex 10.69 -15.5413 6
      vertex 10.5607 -15.3938 11
      vertex 10.5607 -15.3938 6
    endloop
  endfacet
  facet normal -0.751976 -0.65919 0
    outer loop
      vertex 10.5607 -15.3938 11
      vertex 10.69 -15.5413 6
      vertex 10.69 -15.5413 11
    endloop
  endfacet
  facet normal -0.195195 -0.980764 0
    outer loop
      vertex 9.69579 -14.9673 6
      vertex 9.88823 -15.0056 11
      vertex 9.69579 -14.9673 11
    endloop
  endfacet
  facet normal -0.195195 -0.980764 -0
    outer loop
      vertex 9.88823 -15.0056 11
      vertex 9.69579 -14.9673 6
      vertex 9.88823 -15.0056 6
    endloop
  endfacet
  facet normal -0.555641 0.831422 0
    outer loop
      vertex 10.4131 -17.6445 6
      vertex 10.25 -17.7535 11
      vertex 10.4131 -17.6445 11
    endloop
  endfacet
  facet normal -0.555641 0.831422 0
    outer loop
      vertex 10.25 -17.7535 11
      vertex 10.4131 -17.6445 6
      vertex 10.25 -17.7535 6
    endloop
  endfacet
  facet normal 0.442376 0.89683 -0
    outer loop
      vertex 8.92597 -17.8403 6
      vertex 8.75 -17.7535 11
      vertex 8.92597 -17.8403 11
    endloop
  endfacet
  facet normal 0.442376 0.89683 0
    outer loop
      vertex 8.75 -17.7535 11
      vertex 8.92597 -17.8403 6
      vertex 8.75 -17.7535 6
    endloop
  endfacet
  facet normal -0.195195 0.980764 0
    outer loop
      vertex 9.88823 -17.9034 6
      vertex 9.69579 -17.9417 11
      vertex 9.88823 -17.9034 11
    endloop
  endfacet
  facet normal -0.195195 0.980764 0
    outer loop
      vertex 9.69579 -17.9417 11
      vertex 9.88823 -17.9034 6
      vertex 9.69579 -17.9417 6
    endloop
  endfacet
  facet normal -0.751976 0.65919 0
    outer loop
      vertex 10.5607 -17.5151 6
      vertex 10.69 -17.3676 11
      vertex 10.69 -17.3676 6
    endloop
  endfacet
  facet normal -0.751976 0.65919 0
    outer loop
      vertex 10.69 -17.3676 11
      vertex 10.5607 -17.5151 6
      vertex 10.5607 -17.5151 11
    endloop
  endfacet
  facet normal -0.980757 0.195234 0
    outer loop
      vertex 10.9489 -16.8427 6
      vertex 10.9872 -16.6503 11
      vertex 10.9872 -16.6503 6
    endloop
  endfacet
  facet normal -0.980757 0.195234 0
    outer loop
      vertex 10.9872 -16.6503 11
      vertex 10.9489 -16.8427 6
      vertex 10.9489 -16.8427 11
    endloop
  endfacet
  facet normal -0.946885 -0.321574 0
    outer loop
      vertex 10.9489 -16.0663 6
      vertex 10.8858 -15.8805 11
      vertex 10.8858 -15.8805 6
    endloop
  endfacet
  facet normal -0.946885 -0.321574 0
    outer loop
      vertex 10.8858 -15.8805 11
      vertex 10.9489 -16.0663 6
      vertex 10.9489 -16.0663 11
    endloop
  endfacet
  facet normal -0.89686 -0.442315 0
    outer loop
      vertex 10.8858 -15.8805 6
      vertex 10.799 -15.7045 11
      vertex 10.799 -15.7045 6
    endloop
  endfacet
  facet normal -0.89686 -0.442315 0
    outer loop
      vertex 10.799 -15.7045 11
      vertex 10.8858 -15.8805 6
      vertex 10.8858 -15.8805 11
    endloop
  endfacet
  facet normal -0.99787 -0.0652336 0
    outer loop
      vertex 11 -16.4545 6
      vertex 10.9872 -16.2587 11
      vertex 10.9872 -16.2587 6
    endloop
  endfacet
  facet normal -0.99787 -0.0652336 0
    outer loop
      vertex 10.9872 -16.2587 11
      vertex 11 -16.4545 6
      vertex 11 -16.4545 11
    endloop
  endfacet
  facet normal 0.555899 -0.83125 0
    outer loop
      vertex 8.58686 -15.2645 6
      vertex 8.75 -15.1554 11
      vertex 8.58686 -15.2645 11
    endloop
  endfacet
  facet normal 0.555899 -0.83125 0
    outer loop
      vertex 8.75 -15.1554 11
      vertex 8.58686 -15.2645 6
      vertex 8.75 -15.1554 6
    endloop
  endfacet
  facet normal 0.321574 -0.946885 0
    outer loop
      vertex 8.92597 -15.0687 6
      vertex 9.11177 -15.0056 11
      vertex 8.92597 -15.0687 11
    endloop
  endfacet
  facet normal 0.321574 -0.946885 0
    outer loop
      vertex 9.11177 -15.0056 11
      vertex 8.92597 -15.0687 6
      vertex 9.11177 -15.0056 6
    endloop
  endfacet
  facet normal 0.0652369 -0.99787 0
    outer loop
      vertex 9.30421 -14.9673 6
      vertex 9.5 -14.9545 11
      vertex 9.30421 -14.9673 11
    endloop
  endfacet
  facet normal 0.0652369 -0.99787 0
    outer loop
      vertex 9.5 -14.9545 11
      vertex 9.30421 -14.9673 6
      vertex 9.5 -14.9545 6
    endloop
  endfacet
  facet normal -0.658937 -0.752198 0
    outer loop
      vertex 10.4131 -15.2645 6
      vertex 10.5607 -15.3938 11
      vertex 10.4131 -15.2645 11
    endloop
  endfacet
  facet normal -0.658937 -0.752198 -0
    outer loop
      vertex 10.5607 -15.3938 11
      vertex 10.4131 -15.2645 6
      vertex 10.5607 -15.3938 6
    endloop
  endfacet
  facet normal -0.32162 -0.946869 0
    outer loop
      vertex 9.88823 -15.0056 6
      vertex 10.074 -15.0687 11
      vertex 9.88823 -15.0056 11
    endloop
  endfacet
  facet normal -0.32162 -0.946869 -0
    outer loop
      vertex 10.074 -15.0687 11
      vertex 9.88823 -15.0056 6
      vertex 10.074 -15.0687 6
    endloop
  endfacet
  facet normal -0.441905 -0.897062 0
    outer loop
      vertex 10.074 -15.0687 6
      vertex 10.25 -15.1554 11
      vertex 10.074 -15.0687 11
    endloop
  endfacet
  facet normal -0.441905 -0.897062 -0
    outer loop
      vertex 10.25 -15.1554 11
      vertex 10.074 -15.0687 6
      vertex 10.25 -15.1554 6
    endloop
  endfacet
  facet normal -0.442315 0.89686 0
    outer loop
      vertex 10.25 -17.7535 6
      vertex 10.074 -17.8403 11
      vertex 10.25 -17.7535 11
    endloop
  endfacet
  facet normal -0.442315 0.89686 0
    outer loop
      vertex 10.074 -17.8403 11
      vertex 10.25 -17.7535 6
      vertex 10.074 -17.8403 6
    endloop
  endfacet
  facet normal 0.831399 0.555676 0
    outer loop
      vertex 8.30997 -17.3676 11
      vertex 8.20096 -17.2045 6
      vertex 8.20096 -17.2045 11
    endloop
  endfacet
  facet normal 0.831399 0.555676 0
    outer loop
      vertex 8.20096 -17.2045 6
      vertex 8.30997 -17.3676 11
      vertex 8.30997 -17.3676 6
    endloop
  endfacet
  facet normal 0.8969 -0.442233 0
    outer loop
      vertex 8.11418 -15.8805 11
      vertex 8.20096 -15.7045 6
      vertex 8.20096 -15.7045 11
    endloop
  endfacet
  facet normal 0.8969 -0.442233 0
    outer loop
      vertex 8.20096 -15.7045 6
      vertex 8.11418 -15.8805 11
      vertex 8.11418 -15.8805 6
    endloop
  endfacet
  facet normal 0.751799 0.659392 0
    outer loop
      vertex 8.43934 -17.5151 11
      vertex 8.30997 -17.3676 6
      vertex 8.30997 -17.3676 11
    endloop
  endfacet
  facet normal 0.751799 0.659392 0
    outer loop
      vertex 8.30997 -17.3676 6
      vertex 8.43934 -17.5151 11
      vertex 8.43934 -17.5151 6
    endloop
  endfacet
  facet normal 0.555547 0.831485 -0
    outer loop
      vertex 8.75 -17.7535 6
      vertex 8.58686 -17.6445 11
      vertex 8.75 -17.7535 11
    endloop
  endfacet
  facet normal 0.555547 0.831485 0
    outer loop
      vertex 8.58686 -17.6445 11
      vertex 8.75 -17.7535 6
      vertex 8.58686 -17.6445 6
    endloop
  endfacet
  facet normal -0.831422 0.555641 0
    outer loop
      vertex 10.69 -17.3676 6
      vertex 10.799 -17.2045 11
      vertex 10.799 -17.2045 6
    endloop
  endfacet
  facet normal -0.831422 0.555641 0
    outer loop
      vertex 10.799 -17.2045 11
      vertex 10.69 -17.3676 6
      vertex 10.69 -17.3676 11
    endloop
  endfacet
  facet normal -0.946885 0.321574 0
    outer loop
      vertex 10.8858 -17.0285 6
      vertex 10.9489 -16.8427 11
      vertex 10.9489 -16.8427 6
    endloop
  endfacet
  facet normal -0.946885 0.321574 0
    outer loop
      vertex 10.9489 -16.8427 11
      vertex 10.8858 -17.0285 6
      vertex 10.8858 -17.0285 11
    endloop
  endfacet
  facet normal 0.195195 0.980764 -0
    outer loop
      vertex 9.30421 -17.9417 6
      vertex 9.11177 -17.9034 11
      vertex 9.30421 -17.9417 11
    endloop
  endfacet
  facet normal 0.195195 0.980764 0
    outer loop
      vertex 9.11177 -17.9034 11
      vertex 9.30421 -17.9417 6
      vertex 9.11177 -17.9034 6
    endloop
  endfacet
  facet normal 0.0652369 0.99787 -0
    outer loop
      vertex 9.5 -17.9545 6
      vertex 9.30421 -17.9417 11
      vertex 9.5 -17.9545 11
    endloop
  endfacet
  facet normal 0.0652369 0.99787 0
    outer loop
      vertex 9.30421 -17.9417 11
      vertex 9.5 -17.9545 6
      vertex 9.30421 -17.9417 6
    endloop
  endfacet
  facet normal 0.946931 -0.321437 0
    outer loop
      vertex 8.05111 -16.0663 11
      vertex 8.11418 -15.8805 6
      vertex 8.11418 -15.8805 11
    endloop
  endfacet
  facet normal 0.946931 -0.321437 0
    outer loop
      vertex 8.11418 -15.8805 6
      vertex 8.05111 -16.0663 11
      vertex 8.05111 -16.0663 6
    endloop
  endfacet
  facet normal 0.831556 -0.555441 0
    outer loop
      vertex 8.20096 -15.7045 11
      vertex 8.30997 -15.5413 6
      vertex 8.30997 -15.5413 11
    endloop
  endfacet
  facet normal 0.831556 -0.555441 0
    outer loop
      vertex 8.30997 -15.5413 6
      vertex 8.20096 -15.7045 11
      vertex 8.20096 -15.7045 6
    endloop
  endfacet
  facet normal 0.65914 -0.752021 0
    outer loop
      vertex 8.43934 -15.3938 6
      vertex 8.58686 -15.2645 11
      vertex 8.43934 -15.3938 11
    endloop
  endfacet
  facet normal 0.65914 -0.752021 0
    outer loop
      vertex 8.58686 -15.2645 11
      vertex 8.43934 -15.3938 6
      vertex 8.58686 -15.2645 6
    endloop
  endfacet
  facet normal 0.659428 0.751768 -0
    outer loop
      vertex 8.58686 -17.6445 6
      vertex 8.43934 -17.5151 11
      vertex 8.58686 -17.6445 11
    endloop
  endfacet
  facet normal 0.659428 0.751768 0
    outer loop
      vertex 8.43934 -17.5151 11
      vertex 8.58686 -17.6445 6
      vertex 8.43934 -17.5151 6
    endloop
  endfacet
  facet normal 0.321574 0.946885 -0
    outer loop
      vertex 9.11177 -17.9034 6
      vertex 8.92597 -17.8403 11
      vertex 9.11177 -17.9034 11
    endloop
  endfacet
  facet normal 0.321574 0.946885 0
    outer loop
      vertex 8.92597 -17.8403 11
      vertex 9.11177 -17.9034 6
      vertex 8.92597 -17.8403 6
    endloop
  endfacet
  facet normal -0.0652369 0.99787 0
    outer loop
      vertex 9.69579 -17.9417 6
      vertex 9.5 -17.9545 11
      vertex 9.69579 -17.9417 11
    endloop
  endfacet
  facet normal -0.0652369 0.99787 0
    outer loop
      vertex 9.5 -17.9545 11
      vertex 9.69579 -17.9417 6
      vertex 9.5 -17.9545 6
    endloop
  endfacet
  facet normal 0.980776 0.195136 0
    outer loop
      vertex 8.05111 -16.8427 11
      vertex 8.01283 -16.6503 6
      vertex 8.01283 -16.6503 11
    endloop
  endfacet
  facet normal 0.980776 0.195136 0
    outer loop
      vertex 8.01283 -16.6503 6
      vertex 8.05111 -16.8427 11
      vertex 8.05111 -16.8427 6
    endloop
  endfacet
  facet normal 0.946931 0.321437 0
    outer loop
      vertex 8.11418 -17.0285 11
      vertex 8.05111 -16.8427 6
      vertex 8.05111 -16.8427 11
    endloop
  endfacet
  facet normal 0.946931 0.321437 0
    outer loop
      vertex 8.05111 -16.8427 6
      vertex 8.11418 -17.0285 11
      vertex 8.11418 -17.0285 6
    endloop
  endfacet
  facet normal 0.980776 -0.195136 0
    outer loop
      vertex 8.01283 -16.2587 11
      vertex 8.05111 -16.0663 6
      vertex 8.05111 -16.0663 11
    endloop
  endfacet
  facet normal 0.980776 -0.195136 0
    outer loop
      vertex 8.05111 -16.0663 6
      vertex 8.01283 -16.2587 11
      vertex 8.01283 -16.2587 6
    endloop
  endfacet
  facet normal 0.751799 -0.659392 0
    outer loop
      vertex 8.30997 -15.5413 11
      vertex 8.43934 -15.3938 6
      vertex 8.43934 -15.3938 11
    endloop
  endfacet
  facet normal 0.751799 -0.659392 0
    outer loop
      vertex 8.43934 -15.3938 6
      vertex 8.30997 -15.5413 11
      vertex 8.30997 -15.5413 6
    endloop
  endfacet
  facet normal 0.8969 0.442233 0
    outer loop
      vertex 8.20096 -17.2045 11
      vertex 8.11418 -17.0285 6
      vertex 8.11418 -17.0285 11
    endloop
  endfacet
  facet normal 0.8969 0.442233 0
    outer loop
      vertex 8.11418 -17.0285 6
      vertex 8.20096 -17.2045 11
      vertex 8.20096 -17.2045 6
    endloop
  endfacet
  facet normal 0.99786 0.0653858 0
    outer loop
      vertex 8.01283 -16.6503 11
      vertex 8 -16.4545 6
      vertex 8 -16.4545 11
    endloop
  endfacet
  facet normal 0.99786 0.0653858 0
    outer loop
      vertex 8 -16.4545 6
      vertex 8.01283 -16.6503 11
      vertex 8.01283 -16.6503 6
    endloop
  endfacet
  facet normal 0.99786 -0.0653858 0
    outer loop
      vertex 8 -16.4545 11
      vertex 8.01283 -16.2587 6
      vertex 8.01283 -16.2587 11
    endloop
  endfacet
  facet normal 0.99786 -0.0653858 0
    outer loop
      vertex 8.01283 -16.2587 6
      vertex 8 -16.4545 11
      vertex 8 -16.4545 6
    endloop
  endfacet
  facet normal -0.997857 -0.065431 0
    outer loop
      vertex 10.2 0 3
      vertex 10.1127 1.33137 14
      vertex 10.1127 1.33137 3
    endloop
  endfacet
  facet normal -0.997857 -0.065431 0
    outer loop
      vertex 10.1127 1.33137 14
      vertex 10.2 0 3
      vertex 10.2 0 14
    endloop
  endfacet
  facet normal 0.997857 -0.065431 0
    outer loop
      vertex -10.2 0 14
      vertex -10.1127 1.33137 3
      vertex -10.1127 1.33137 14
    endloop
  endfacet
  facet normal 0.997857 -0.065431 0
    outer loop
      vertex -10.1127 1.33137 3
      vertex -10.2 0 14
      vertex -10.2 0 3
    endloop
  endfacet
  facet normal -0.751841 -0.659345 0
    outer loop
      vertex 8.0922 6.20937 3
      vertex 7.21249 7.21249 14
      vertex 7.21249 7.21249 3
    endloop
  endfacet
  facet normal -0.751841 -0.659345 0
    outer loop
      vertex 7.21249 7.21249 14
      vertex 8.0922 6.20937 3
      vertex 8.0922 6.20937 14
    endloop
  endfacet
  facet normal 0.659345 -0.751841 0
    outer loop
      vertex -7.21249 7.21249 3
      vertex -6.20937 8.0922 14
      vertex -7.21249 7.21249 14
    endloop
  endfacet
  facet normal 0.659345 -0.751841 0
    outer loop
      vertex -6.20937 8.0922 14
      vertex -7.21249 7.21249 3
      vertex -6.20937 8.0922 3
    endloop
  endfacet
  facet normal 0.321437 -0.946931 0
    outer loop
      vertex -3.90337 9.42357 3
      vertex -2.63995 9.85244 14
      vertex -3.90337 9.42357 14
    endloop
  endfacet
  facet normal 0.321437 -0.946931 0
    outer loop
      vertex -2.63995 9.85244 14
      vertex -3.90337 9.42357 3
      vertex -2.63995 9.85244 3
    endloop
  endfacet
  facet normal -0.946931 -0.321437 0
    outer loop
      vertex 9.85244 2.63995 3
      vertex 9.42357 3.90337 14
      vertex 9.42357 3.90337 3
    endloop
  endfacet
  facet normal -0.946931 -0.321437 0
    outer loop
      vertex 9.42357 3.90337 14
      vertex 9.85244 2.63995 3
      vertex 9.85244 2.63995 14
    endloop
  endfacet
  facet normal -0.98079 -0.195067 0
    outer loop
      vertex 10.1127 1.33137 3
      vertex 9.85244 2.63995 14
      vertex 9.85244 2.63995 3
    endloop
  endfacet
  facet normal -0.98079 -0.195067 0
    outer loop
      vertex 9.85244 2.63995 14
      vertex 10.1127 1.33137 3
      vertex 10.1127 1.33137 14
    endloop
  endfacet
  facet normal -0.896874 -0.442287 0
    outer loop
      vertex 9.42357 3.90337 3
      vertex 8.83346 5.1 14
      vertex 8.83346 5.1 3
    endloop
  endfacet
  facet normal -0.896874 -0.442287 0
    outer loop
      vertex 8.83346 5.1 14
      vertex 9.42357 3.90337 3
      vertex 9.42357 3.90337 14
    endloop
  endfacet
  facet normal -0.442287 -0.896874 0
    outer loop
      vertex 3.90337 9.42357 3
      vertex 5.1 8.83346 14
      vertex 3.90337 9.42357 14
    endloop
  endfacet
  facet normal -0.442287 -0.896874 -0
    outer loop
      vertex 5.1 8.83346 14
      vertex 3.90337 9.42357 3
      vertex 5.1 8.83346 3
    endloop
  endfacet
  facet normal -0.321437 -0.946931 0
    outer loop
      vertex 2.63995 9.85244 3
      vertex 3.90337 9.42357 14
      vertex 2.63995 9.85244 14
    endloop
  endfacet
  facet normal -0.321437 -0.946931 -0
    outer loop
      vertex 3.90337 9.42357 14
      vertex 2.63995 9.85244 3
      vertex 3.90337 9.42357 3
    endloop
  endfacet
  facet normal -0.555572 -0.831469 0
    outer loop
      vertex 5.1 8.83346 3
      vertex 6.20937 8.0922 14
      vertex 5.1 8.83346 14
    endloop
  endfacet
  facet normal -0.555572 -0.831469 -0
    outer loop
      vertex 6.20937 8.0922 14
      vertex 5.1 8.83346 3
      vertex 6.20937 8.0922 3
    endloop
  endfacet
  facet normal 0.896874 -0.442287 0
    outer loop
      vertex -9.42357 3.90337 14
      vertex -8.83346 5.1 3
      vertex -8.83346 5.1 14
    endloop
  endfacet
  facet normal 0.896874 -0.442287 0
    outer loop
      vertex -8.83346 5.1 3
      vertex -9.42357 3.90337 14
      vertex -9.42357 3.90337 3
    endloop
  endfacet
  facet normal 0.946931 -0.321437 0
    outer loop
      vertex -9.85244 2.63995 14
      vertex -9.42357 3.90337 3
      vertex -9.42357 3.90337 14
    endloop
  endfacet
  facet normal 0.946931 -0.321437 0
    outer loop
      vertex -9.42357 3.90337 3
      vertex -9.85244 2.63995 14
      vertex -9.85244 2.63995 3
    endloop
  endfacet
  facet normal 0.442287 -0.896874 0
    outer loop
      vertex -5.1 8.83346 3
      vertex -3.90337 9.42357 14
      vertex -5.1 8.83346 14
    endloop
  endfacet
  facet normal 0.442287 -0.896874 0
    outer loop
      vertex -3.90337 9.42357 14
      vertex -5.1 8.83346 3
      vertex -3.90337 9.42357 3
    endloop
  endfacet
  facet normal 0.195099 -0.980784 0
    outer loop
      vertex -2.63995 9.85244 3
      vertex -2 9.97974 14
      vertex -2.63995 9.85244 14
    endloop
  endfacet
  facet normal 0.195099 -0.980784 0
    outer loop
      vertex -2 9.97974 14
      vertex -2.63995 9.85244 3
      vertex -2 9.97974 3
    endloop
  endfacet
  facet normal -0.442287 0.896874 0
    outer loop
      vertex 5.1 -8.83346 3
      vertex 3.90337 -9.42357 14
      vertex 5.1 -8.83346 14
    endloop
  endfacet
  facet normal -0.442287 0.896874 0
    outer loop
      vertex 3.90337 -9.42357 14
      vertex 5.1 -8.83346 3
      vertex 3.90337 -9.42357 3
    endloop
  endfacet
  facet normal -0.946931 0.321437 0
    outer loop
      vertex 9.42357 -3.90337 3
      vertex 9.85244 -2.63995 14
      vertex 9.85244 -2.63995 3
    endloop
  endfacet
  facet normal -0.946931 0.321437 0
    outer loop
      vertex 9.85244 -2.63995 14
      vertex 9.42357 -3.90337 3
      vertex 9.42357 -3.90337 14
    endloop
  endfacet
  facet normal 0.321437 0.946931 -0
    outer loop
      vertex -2.63995 -9.85244 3
      vertex -3.90337 -9.42357 14
      vertex -2.63995 -9.85244 14
    endloop
  endfacet
  facet normal 0.321437 0.946931 0
    outer loop
      vertex -3.90337 -9.42357 14
      vertex -2.63995 -9.85244 3
      vertex -3.90337 -9.42357 3
    endloop
  endfacet
  facet normal 0.896874 0.442287 0
    outer loop
      vertex -8.83346 -5.1 14
      vertex -9.42357 -3.90337 3
      vertex -9.42357 -3.90337 14
    endloop
  endfacet
  facet normal 0.896874 0.442287 0
    outer loop
      vertex -9.42357 -3.90337 3
      vertex -8.83346 -5.1 14
      vertex -8.83346 -5.1 3
    endloop
  endfacet
  facet normal 0 0 1
    outer loop
      vertex 0 16 3
      vertex 2 9.97974 3
      vertex 2 15.8689 3
    endloop
  endfacet
  facet normal 0 0 1
    outer loop
      vertex 2 9.97974 3
      vertex 0.978946 7.43584 3
      vertex 1.94114 7.24444 3
    endloop
  endfacet
  facet normal 0 0 1
    outer loop
      vertex 2 9.97974 3
      vertex 0 16 3
      vertex -2 9.97974 3
    endloop
  endfacet
  facet normal 0 -0 1
    outer loop
      vertex 0 7.5 3
      vertex 2 9.97974 3
      vertex -2 9.97974 3
    endloop
  endfacet
  facet normal 0 0 1
    outer loop
      vertex 2 9.97974 3
      vertex 0 7.5 3
      vertex 0.978946 7.43584 3
    endloop
  endfacet
  facet normal 0 0 1
    outer loop
      vertex 0 7.5 3
      vertex -2 9.97974 3
      vertex -0.978946 7.43584 3
    endloop
  endfacet
  facet normal 0 0 1
    outer loop
      vertex -2 9.97974 3
      vertex 0 16 3
      vertex -2 15.8689 3
    endloop
  endfacet
  facet normal 0 0 1
    outer loop
      vertex -0.978946 7.43584 3
      vertex -2 9.97974 3
      vertex -1.94114 7.24444 3
    endloop
  endfacet
  facet normal -0 0 1
    outer loop
      vertex -2.63995 9.85244 3
      vertex -1.94114 7.24444 3
      vertex -2 9.97974 3
    endloop
  endfacet
  facet normal 0 0 1
    outer loop
      vertex -2.63995 9.85244 3
      vertex -2.87012 6.9291 3
      vertex -1.94114 7.24444 3
    endloop
  endfacet
  facet normal -0 0 1
    outer loop
      vertex -3.90337 9.42357 3
      vertex -2.87012 6.9291 3
      vertex -2.63995 9.85244 3
    endloop
  endfacet
  facet normal 0 0 1
    outer loop
      vertex -2.87012 6.9291 3
      vertex -3.90337 9.42357 3
      vertex -3.75 6.49519 3
    endloop
  endfacet
  facet normal -0 0 1
    outer loop
      vertex -5.1 8.83346 3
      vertex -3.75 6.49519 3
      vertex -3.90337 9.42357 3
    endloop
  endfacet
  facet normal 0 0 1
    outer loop
      vertex -3.75 6.49519 3
      vertex -5.1 8.83346 3
      vertex -4.56571 5.95015 3
    endloop
  endfacet
  facet normal -0 0 1
    outer loop
      vertex -6.20937 8.0922 3
      vertex -4.56571 5.95015 3
      vertex -5.1 8.83346 3
    endloop
  endfacet
  facet normal 0 0 1
    outer loop
      vertex -4.56571 5.95015 3
      vertex -6.20937 8.0922 3
      vertex -5.3033 5.3033 3
    endloop
  endfacet
  facet normal -0 0 1
    outer loop
      vertex -7.21249 7.21249 3
      vertex -5.3033 5.3033 3
      vertex -6.20937 8.0922 3
    endloop
  endfacet
  facet normal 0 0 1
    outer loop
      vertex -5.3033 5.3033 3
      vertex -7.21249 7.21249 3
      vertex -5.95015 4.56571 3
    endloop
  endfacet
  facet normal -0 0 1
    outer loop
      vertex -8.0922 6.20937 3
      vertex -5.95015 4.56571 3
      vertex -7.21249 7.21249 3
    endloop
  endfacet
  facet normal 0 0 1
    outer loop
      vertex -5.95015 4.56571 3
      vertex -8.0922 6.20937 3
      vertex -6.49519 3.75 3
    endloop
  endfacet
  facet normal -0 0 1
    outer loop
      vertex -8.83346 5.1 3
      vertex -6.49519 3.75 3
      vertex -8.0922 6.20937 3
    endloop
  endfacet
  facet normal 0 0 1
    outer loop
      vertex -6.49519 3.75 3
      vertex -8.83346 5.1 3
      vertex -6.9291 2.87012 3
    endloop
  endfacet
  facet normal -0 0 1
    outer loop
      vertex -9.42357 3.90337 3
      vertex -6.9291 2.87012 3
      vertex -8.83346 5.1 3
    endloop
  endfacet
  facet normal 0 0 1
    outer loop
      vertex -6.9291 2.87012 3
      vertex -9.42357 3.90337 3
      vertex -7.24444 1.94114 3
    endloop
  endfacet
  facet normal 0 0 1
    outer loop
      vertex 7.5 0 3
      vertex 10.2 0 3
      vertex 10.1127 1.33137 3
    endloop
  endfacet
  facet normal 0 0 1
    outer loop
      vertex 7.43584 0.978946 3
      vertex 10.1127 1.33137 3
      vertex 9.85244 2.63995 3
    endloop
  endfacet
  facet normal 0 0 1
    outer loop
      vertex 10.2 0 3
      vertex 7.5 0 3
      vertex 10.1127 -1.33137 3
    endloop
  endfacet
  facet normal 0 0 1
    outer loop
      vertex 7.24444 1.94114 3
      vertex 9.85244 2.63995 3
      vertex 9.42357 3.90337 3
    endloop
  endfacet
  facet normal -0 0 1
    outer loop
      vertex 7.43584 -0.978946 3
      vertex 10.1127 -1.33137 3
      vertex 7.5 0 3
    endloop
  endfacet
  facet normal 0 0 1
    outer loop
      vertex 6.9291 2.87012 3
      vertex 9.42357 3.90337 3
      vertex 8.83346 5.1 3
    endloop
  endfacet
  facet normal 0 0 1
    outer loop
      vertex 10.1127 -1.33137 3
      vertex 7.43584 -0.978946 3
      vertex 9.85244 -2.63995 3
    endloop
  endfacet
  facet normal 0 0 1
    outer loop
      vertex 6.49519 3.75 3
      vertex 8.83346 5.1 3
      vertex 8.0922 6.20937 3
    endloop
  endfacet
  facet normal -0 0 1
    outer loop
      vertex 7.24444 -1.94114 3
      vertex 9.85244 -2.63995 3
      vertex 7.43584 -0.978946 3
    endloop
  endfacet
  facet normal 0 0 1
    outer loop
      vertex 9.85244 -2.63995 3
      vertex 7.24444 -1.94114 3
      vertex 9.42357 -3.90337 3
    endloop
  endfacet
  facet normal 0 0 1
    outer loop
      vertex 10.1127 1.33137 3
      vertex 7.43584 0.978946 3
      vertex 7.5 0 3
    endloop
  endfacet
  facet normal 0 0 1
    outer loop
      vertex 9.85244 2.63995 3
      vertex 7.24444 1.94114 3
      vertex 7.43584 0.978946 3
    endloop
  endfacet
  facet normal 0 0 1
    outer loop
      vertex 5.95015 4.56571 3
      vertex 8.0922 6.20937 3
      vertex 7.21249 7.21249 3
    endloop
  endfacet
  facet normal 0 0 1
    outer loop
      vertex 9.42357 3.90337 3
      vertex 6.9291 2.87012 3
      vertex 7.24444 1.94114 3
    endloop
  endfacet
  facet normal 0 0 1
    outer loop
      vertex 8.83346 5.1 3
      vertex 6.49519 3.75 3
      vertex 6.9291 2.87012 3
    endloop
  endfacet
  facet normal 0 0 1
    outer loop
      vertex 5.3033 5.3033 3
      vertex 7.21249 7.21249 3
      vertex 6.20937 8.0922 3
    endloop
  endfacet
  facet normal 0 0 1
    outer loop
      vertex 8.0922 6.20937 3
      vertex 5.95015 4.56571 3
      vertex 6.49519 3.75 3
    endloop
  endfacet
  facet normal 0 0 1
    outer loop
      vertex 7.21249 7.21249 3
      vertex 5.3033 5.3033 3
      vertex 5.95015 4.56571 3
    endloop
  endfacet
  facet normal 0 0 1
    outer loop
      vertex 4.56571 5.95015 3
      vertex 6.20937 8.0922 3
      vertex 5.1 8.83346 3
    endloop
  endfacet
  facet normal 0 0 1
    outer loop
      vertex 6.20937 8.0922 3
      vertex 4.56571 5.95015 3
      vertex 5.3033 5.3033 3
    endloop
  endfacet
  facet normal 0 0 1
    outer loop
      vertex 3.75 6.49519 3
      vertex 5.1 8.83346 3
      vertex 3.90337 9.42357 3
    endloop
  endfacet
  facet normal 0 0 1
    outer loop
      vertex 5.1 8.83346 3
      vertex 3.75 6.49519 3
      vertex 4.56571 5.95015 3
    endloop
  endfacet
  facet normal 0 0 1
    outer loop
      vertex 3.90337 9.42357 3
      vertex 2.87012 6.9291 3
      vertex 3.75 6.49519 3
    endloop
  endfacet
  facet normal 0 0 1
    outer loop
      vertex 2.63995 9.85244 3
      vertex 2.87012 6.9291 3
      vertex 3.90337 9.42357 3
    endloop
  endfacet
  facet normal 0 0 1
    outer loop
      vertex 1.94114 7.24444 3
      vertex 2.63995 9.85244 3
      vertex 2 9.97974 3
    endloop
  endfacet
  facet normal 0 0 1
    outer loop
      vertex 2.63995 9.85244 3
      vertex 1.94114 7.24444 3
      vertex 2.87012 6.9291 3
    endloop
  endfacet
  facet normal -0 0 1
    outer loop
      vertex 6.9291 -2.87012 3
      vertex 9.42357 -3.90337 3
      vertex 7.24444 -1.94114 3
    endloop
  endfacet
  facet normal 0 0 1
    outer loop
      vertex 9.42357 -3.90337 3
      vertex 6.9291 -2.87012 3
      vertex 8.83346 -5.1 3
    endloop
  endfacet
  facet normal -0 0 1
    outer loop
      vertex 6.49519 -3.75 3
      vertex 8.83346 -5.1 3
      vertex 6.9291 -2.87012 3
    endloop
  endfacet
  facet normal 0 0 1
    outer loop
      vertex 8.83346 -5.1 3
      vertex 6.49519 -3.75 3
      vertex 8.0922 -6.20937 3
    endloop
  endfacet
  facet normal -0 0 1
    outer loop
      vertex 5.95015 -4.56571 3
      vertex 8.0922 -6.20937 3
      vertex 6.49519 -3.75 3
    endloop
  endfacet
  facet normal 0 0 1
    outer loop
      vertex 8.0922 -6.20937 3
      vertex 5.95015 -4.56571 3
      vertex 7.21249 -7.21249 3
    endloop
  endfacet
  facet normal -0 0 1
    outer loop
      vertex 5.3033 -5.3033 3
      vertex 7.21249 -7.21249 3
      vertex 5.95015 -4.56571 3
    endloop
  endfacet
  facet normal 0 0 1
    outer loop
      vertex 7.21249 -7.21249 3
      vertex 5.3033 -5.3033 3
      vertex 6.20937 -8.0922 3
    endloop
  endfacet
  facet normal -0 0 1
    outer loop
      vertex 4.56571 -5.95015 3
      vertex 6.20937 -8.0922 3
      vertex 5.3033 -5.3033 3
    endloop
  endfacet
  facet normal 0 0 1
    outer loop
      vertex 6.20937 -8.0922 3
      vertex 4.56571 -5.95015 3
      vertex 5.1 -8.83346 3
    endloop
  endfacet
  facet normal -0 0 1
    outer loop
      vertex 3.75 -6.49519 3
      vertex 5.1 -8.83346 3
      vertex 4.56571 -5.95015 3
    endloop
  endfacet
  facet normal 0 0 1
    outer loop
      vertex 5.1 -8.83346 3
      vertex 3.75 -6.49519 3
      vertex 3.90337 -9.42357 3
    endloop
  endfacet
  facet normal -0 0 1
    outer loop
      vertex 2.87012 -6.9291 3
      vertex 3.90337 -9.42357 3
      vertex 3.75 -6.49519 3
    endloop
  endfacet
  facet normal 0 0 1
    outer loop
      vertex 2.87012 -6.9291 3
      vertex 2.63995 -9.85244 3
      vertex 3.90337 -9.42357 3
    endloop
  endfacet
  facet normal -0 0 1
    outer loop
      vertex 1.94114 -7.24444 3
      vertex 2.63995 -9.85244 3
      vertex 2.87012 -6.9291 3
    endloop
  endfacet
  facet normal 0 0 1
    outer loop
      vertex 1.94114 -7.24444 3
      vertex 1.33137 -10.1127 3
      vertex 2.63995 -9.85244 3
    endloop
  endfacet
  facet normal -0 0 1
    outer loop
      vertex 0.978946 -7.43584 3
      vertex 1.33137 -10.1127 3
      vertex 1.94114 -7.24444 3
    endloop
  endfacet
  facet normal -0 0 1
    outer loop
      vertex 0 -7.5 3
      vertex 1.33137 -10.1127 3
      vertex 0.978946 -7.43584 3
    endloop
  endfacet
  facet normal 0 0 1
    outer loop
      vertex 0 -7.5 3
      vertex 0 -10.2 3
      vertex 1.33137 -10.1127 3
    endloop
  endfacet
  facet normal 0 0 1
    outer loop
      vertex -0.978946 -7.43584 3
      vertex 0 -10.2 3
      vertex 0 -7.5 3
    endloop
  endfacet
  facet normal 0 0 1
    outer loop
      vertex -0.978946 -7.43584 3
      vertex -1.33137 -10.1127 3
      vertex 0 -10.2 3
    endloop
  endfacet
  facet normal 0 0 1
    outer loop
      vertex -1.94114 -7.24444 3
      vertex -1.33137 -10.1127 3
      vertex -0.978946 -7.43584 3
    endloop
  endfacet
  facet normal 0 0 1
    outer loop
      vertex -1.94114 -7.24444 3
      vertex -2.63995 -9.85244 3
      vertex -1.33137 -10.1127 3
    endloop
  endfacet
  facet normal 0 0 1
    outer loop
      vertex -2.87012 -6.9291 3
      vertex -2.63995 -9.85244 3
      vertex -1.94114 -7.24444 3
    endloop
  endfacet
  facet normal 0 0 1
    outer loop
      vertex -3.90337 -9.42357 3
      vertex -2.87012 -6.9291 3
      vertex -3.75 -6.49519 3
    endloop
  endfacet
  facet normal 0 0 1
    outer loop
      vertex -2.87012 -6.9291 3
      vertex -3.90337 -9.42357 3
      vertex -2.63995 -9.85244 3
    endloop
  endfacet
  facet normal 0 0 1
    outer loop
      vertex -5.1 -8.83346 3
      vertex -3.75 -6.49519 3
      vertex -4.56571 -5.95015 3
    endloop
  endfacet
  facet normal 0 0 1
    outer loop
      vertex -3.75 -6.49519 3
      vertex -5.1 -8.83346 3
      vertex -3.90337 -9.42357 3
    endloop
  endfacet
  facet normal 0 0 1
    outer loop
      vertex -6.20937 -8.0922 3
      vertex -4.56571 -5.95015 3
      vertex -5.3033 -5.3033 3
    endloop
  endfacet
  facet normal 0 0 1
    outer loop
      vertex -7.21249 -7.21249 3
      vertex -5.3033 -5.3033 3
      vertex -5.95015 -4.56571 3
    endloop
  endfacet
  facet normal 0 0 1
    outer loop
      vertex -4.56571 -5.95015 3
      vertex -6.20937 -8.0922 3
      vertex -5.1 -8.83346 3
    endloop
  endfacet
  facet normal 0 0 1
    outer loop
      vertex -8.0922 -6.20937 3
      vertex -5.95015 -4.56571 3
      vertex -6.49519 -3.75 3
    endloop
  endfacet
  facet normal 0 0 1
    outer loop
      vertex -8.83346 -5.1 3
      vertex -6.49519 -3.75 3
      vertex -6.9291 -2.87012 3
    endloop
  endfacet
  facet normal 0 0 1
    outer loop
      vertex -5.3033 -5.3033 3
      vertex -7.21249 -7.21249 3
      vertex -6.20937 -8.0922 3
    endloop
  endfacet
  facet normal 0 0 1
    outer loop
      vertex -9.42357 -3.90337 3
      vertex -6.9291 -2.87012 3
      vertex -7.24444 -1.94114 3
    endloop
  endfacet
  facet normal 0 0 1
    outer loop
      vertex -9.85244 -2.63995 3
      vertex -7.24444 -1.94114 3
      vertex -7.43584 -0.978946 3
    endloop
  endfacet
  facet normal 0 0 1
    outer loop
      vertex -10.1127 -1.33137 3
      vertex -7.43584 -0.978946 3
      vertex -7.5 0 3
    endloop
  endfacet
  facet normal -0 0 1
    outer loop
      vertex -9.85244 2.63995 3
      vertex -7.24444 1.94114 3
      vertex -9.42357 3.90337 3
    endloop
  endfacet
  facet normal 0 0 1
    outer loop
      vertex -5.95015 -4.56571 3
      vertex -8.0922 -6.20937 3
      vertex -7.21249 -7.21249 3
    endloop
  endfacet
  facet normal 0 0 1
    outer loop
      vertex -7.24444 1.94114 3
      vertex -9.85244 2.63995 3
      vertex -7.43584 0.978946 3
    endloop
  endfacet
  facet normal 0 0 1
    outer loop
      vertex -6.49519 -3.75 3
      vertex -8.83346 -5.1 3
      vertex -8.0922 -6.20937 3
    endloop
  endfacet
  facet normal -0 0 1
    outer loop
      vertex -10.1127 1.33137 3
      vertex -7.43584 0.978946 3
      vertex -9.85244 2.63995 3
    endloop
  endfacet
  facet normal 0 0 1
    outer loop
      vertex -6.9291 -2.87012 3
      vertex -9.42357 -3.90337 3
      vertex -8.83346 -5.1 3
    endloop
  endfacet
  facet normal 0 0 1
    outer loop
      vertex -7.43584 0.978946 3
      vertex -10.1127 1.33137 3
      vertex -7.5 0 3
    endloop
  endfacet
  facet normal 0 0 1
    outer loop
      vertex -7.24444 -1.94114 3
      vertex -9.85244 -2.63995 3
      vertex -9.42357 -3.90337 3
    endloop
  endfacet
  facet normal 0 0 1
    outer loop
      vertex -10.2 0 3
      vertex -7.5 0 3
      vertex -10.1127 1.33137 3
    endloop
  endfacet
  facet normal 0 0 1
    outer loop
      vertex -7.43584 -0.978946 3
      vertex -10.1127 -1.33137 3
      vertex -9.85244 -2.63995 3
    endloop
  endfacet
  facet normal 0 0 1
    outer loop
      vertex -7.5 0 3
      vertex -10.2 0 3
      vertex -10.1127 -1.33137 3
    endloop
  endfacet
  facet normal -0.831469 -0.555572 0
    outer loop
      vertex 8.83346 5.1 3
      vertex 8.0922 6.20937 14
      vertex 8.0922 6.20937 3
    endloop
  endfacet
  facet normal -0.831469 -0.555572 0
    outer loop
      vertex 8.0922 6.20937 14
      vertex 8.83346 5.1 3
      vertex 8.83346 5.1 14
    endloop
  endfacet
  facet normal -0.195099 -0.980784 0
    outer loop
      vertex 2 9.97974 3
      vertex 2.63995 9.85244 14
      vertex 2 9.97974 14
    endloop
  endfacet
  facet normal -0.195099 -0.980784 -0
    outer loop
      vertex 2.63995 9.85244 14
      vertex 2 9.97974 3
      vertex 2.63995 9.85244 3
    endloop
  endfacet
  facet normal -0.659345 -0.751841 0
    outer loop
      vertex 6.20937 8.0922 3
      vertex 7.21249 7.21249 14
      vertex 6.20937 8.0922 14
    endloop
  endfacet
  facet normal -0.659345 -0.751841 -0
    outer loop
      vertex 7.21249 7.21249 14
      vertex 6.20937 8.0922 3
      vertex 7.21249 7.21249 3
    endloop
  endfacet
  facet normal 0.831469 -0.555572 0
    outer loop
      vertex -8.83346 5.1 14
      vertex -8.0922 6.20937 3
      vertex -8.0922 6.20937 14
    endloop
  endfacet
  facet normal 0.831469 -0.555572 0
    outer loop
      vertex -8.0922 6.20937 3
      vertex -8.83346 5.1 14
      vertex -8.83346 5.1 3
    endloop
  endfacet
  facet normal 0.751841 -0.659345 0
    outer loop
      vertex -8.0922 6.20937 14
      vertex -7.21249 7.21249 3
      vertex -7.21249 7.21249 14
    endloop
  endfacet
  facet normal 0.751841 -0.659345 0
    outer loop
      vertex -7.21249 7.21249 3
      vertex -8.0922 6.20937 14
      vertex -8.0922 6.20937 3
    endloop
  endfacet
  facet normal 0.98079 -0.195067 0
    outer loop
      vertex -10.1127 1.33137 14
      vertex -9.85244 2.63995 3
      vertex -9.85244 2.63995 14
    endloop
  endfacet
  facet normal 0.98079 -0.195067 0
    outer loop
      vertex -9.85244 2.63995 3
      vertex -10.1127 1.33137 14
      vertex -10.1127 1.33137 3
    endloop
  endfacet
  facet normal 0.555572 -0.831469 0
    outer loop
      vertex -6.20937 8.0922 3
      vertex -5.1 8.83346 14
      vertex -6.20937 8.0922 14
    endloop
  endfacet
  facet normal 0.555572 -0.831469 0
    outer loop
      vertex -5.1 8.83346 14
      vertex -6.20937 8.0922 3
      vertex -5.1 8.83346 3
    endloop
  endfacet
  facet normal -0.065431 0.997857 0
    outer loop
      vertex 1.33137 -10.1127 3
      vertex 0 -10.2 14
      vertex 1.33137 -10.1127 14
    endloop
  endfacet
  facet normal -0.065431 0.997857 0
    outer loop
      vertex 0 -10.2 14
      vertex 1.33137 -10.1127 3
      vertex 0 -10.2 3
    endloop
  endfacet
  facet normal -0.321437 0.946931 0
    outer loop
      vertex 3.90337 -9.42357 3
      vertex 2.63995 -9.85244 14
      vertex 3.90337 -9.42357 14
    endloop
  endfacet
  facet normal -0.321437 0.946931 0
    outer loop
      vertex 2.63995 -9.85244 14
      vertex 3.90337 -9.42357 3
      vertex 2.63995 -9.85244 3
    endloop
  endfacet
  facet normal -0.555572 0.831469 0
    outer loop
      vertex 6.20937 -8.0922 3
      vertex 5.1 -8.83346 14
      vertex 6.20937 -8.0922 14
    endloop
  endfacet
  facet normal -0.555572 0.831469 0
    outer loop
      vertex 5.1 -8.83346 14
      vertex 6.20937 -8.0922 3
      vertex 5.1 -8.83346 3
    endloop
  endfacet
  facet normal -0.751841 0.659345 0
    outer loop
      vertex 7.21249 -7.21249 3
      vertex 8.0922 -6.20937 14
      vertex 8.0922 -6.20937 3
    endloop
  endfacet
  facet normal -0.751841 0.659345 0
    outer loop
      vertex 8.0922 -6.20937 14
      vertex 7.21249 -7.21249 3
      vertex 7.21249 -7.21249 14
    endloop
  endfacet
  facet normal -0.896874 0.442287 0
    outer loop
      vertex 8.83346 -5.1 3
      vertex 9.42357 -3.90337 14
      vertex 9.42357 -3.90337 3
    endloop
  endfacet
  facet normal -0.896874 0.442287 0
    outer loop
      vertex 9.42357 -3.90337 14
      vertex 8.83346 -5.1 3
      vertex 8.83346 -5.1 14
    endloop
  endfacet
  facet normal 0.659345 0.751841 -0
    outer loop
      vertex -6.20937 -8.0922 3
      vertex -7.21249 -7.21249 14
      vertex -6.20937 -8.0922 14
    endloop
  endfacet
  facet normal 0.659345 0.751841 0
    outer loop
      vertex -7.21249 -7.21249 14
      vertex -6.20937 -8.0922 3
      vertex -7.21249 -7.21249 3
    endloop
  endfacet
  facet normal 0.442287 0.896874 -0
    outer loop
      vertex -3.90337 -9.42357 3
      vertex -5.1 -8.83346 14
      vertex -3.90337 -9.42357 14
    endloop
  endfacet
  facet normal 0.442287 0.896874 0
    outer loop
      vertex -5.1 -8.83346 14
      vertex -3.90337 -9.42357 3
      vertex -5.1 -8.83346 3
    endloop
  endfacet
  facet normal 0.195067 0.98079 -0
    outer loop
      vertex -1.33137 -10.1127 3
      vertex -2.63995 -9.85244 14
      vertex -1.33137 -10.1127 14
    endloop
  endfacet
  facet normal 0.195067 0.98079 0
    outer loop
      vertex -2.63995 -9.85244 14
      vertex -1.33137 -10.1127 3
      vertex -2.63995 -9.85244 3
    endloop
  endfacet
  facet normal 0.831469 0.555572 0
    outer loop
      vertex -8.0922 -6.20937 14
      vertex -8.83346 -5.1 3
      vertex -8.83346 -5.1 14
    endloop
  endfacet
  facet normal 0.831469 0.555572 0
    outer loop
      vertex -8.83346 -5.1 3
      vertex -8.0922 -6.20937 14
      vertex -8.0922 -6.20937 3
    endloop
  endfacet
  facet normal 0.946931 0.321437 0
    outer loop
      vertex -9.42357 -3.90337 14
      vertex -9.85244 -2.63995 3
      vertex -9.85244 -2.63995 14
    endloop
  endfacet
  facet normal 0.946931 0.321437 0
    outer loop
      vertex -9.85244 -2.63995 3
      vertex -9.42357 -3.90337 14
      vertex -9.42357 -3.90337 3
    endloop
  endfacet
  facet normal 0.997857 0.065431 0
    outer loop
      vertex -10.1127 -1.33137 14
      vertex -10.2 0 3
      vertex -10.2 0 14
    endloop
  endfacet
  facet normal 0.997857 0.065431 0
    outer loop
      vertex -10.2 0 3
      vertex -10.1127 -1.33137 14
      vertex -10.1127 -1.33137 3
    endloop
  endfacet
  facet normal -0.195067 0.98079 0
    outer loop
      vertex 2.63995 -9.85244 3
      vertex 1.33137 -10.1127 14
      vertex 2.63995 -9.85244 14
    endloop
  endfacet
  facet normal -0.195067 0.98079 0
    outer loop
      vertex 1.33137 -10.1127 14
      vertex 2.63995 -9.85244 3
      vertex 1.33137 -10.1127 3
    endloop
  endfacet
  facet normal -0.659345 0.751841 0
    outer loop
      vertex 7.21249 -7.21249 3
      vertex 6.20937 -8.0922 14
      vertex 7.21249 -7.21249 14
    endloop
  endfacet
  facet normal -0.659345 0.751841 0
    outer loop
      vertex 6.20937 -8.0922 14
      vertex 7.21249 -7.21249 3
      vertex 6.20937 -8.0922 3
    endloop
  endfacet
  facet normal -0.831469 0.555572 0
    outer loop
      vertex 8.0922 -6.20937 3
      vertex 8.83346 -5.1 14
      vertex 8.83346 -5.1 3
    endloop
  endfacet
  facet normal -0.831469 0.555572 0
    outer loop
      vertex 8.83346 -5.1 14
      vertex 8.0922 -6.20937 3
      vertex 8.0922 -6.20937 14
    endloop
  endfacet
  facet normal -0.98079 0.195067 0
    outer loop
      vertex 9.85244 -2.63995 3
      vertex 10.1127 -1.33137 14
      vertex 10.1127 -1.33137 3
    endloop
  endfacet
  facet normal -0.98079 0.195067 0
    outer loop
      vertex 10.1127 -1.33137 14
      vertex 9.85244 -2.63995 3
      vertex 9.85244 -2.63995 14
    endloop
  endfacet
  facet normal -0.997857 0.065431 0
    outer loop
      vertex 10.1127 -1.33137 3
      vertex 10.2 0 14
      vertex 10.2 0 3
    endloop
  endfacet
  facet normal -0.997857 0.065431 0
    outer loop
      vertex 10.2 0 14
      vertex 10.1127 -1.33137 3
      vertex 10.1127 -1.33137 14
    endloop
  endfacet
  facet normal 0.555572 0.831469 -0
    outer loop
      vertex -5.1 -8.83346 3
      vertex -6.20937 -8.0922 14
      vertex -5.1 -8.83346 14
    endloop
  endfacet
  facet normal 0.555572 0.831469 0
    outer loop
      vertex -6.20937 -8.0922 14
      vertex -5.1 -8.83346 3
      vertex -6.20937 -8.0922 3
    endloop
  endfacet
  facet normal 0.065431 0.997857 -0
    outer loop
      vertex 0 -10.2 3
      vertex -1.33137 -10.1127 14
      vertex 0 -10.2 14
    endloop
  endfacet
  facet normal 0.065431 0.997857 0
    outer loop
      vertex -1.33137 -10.1127 14
      vertex 0 -10.2 3
      vertex -1.33137 -10.1127 3
    endloop
  endfacet
  facet normal 0.751841 0.659345 0
    outer loop
      vertex -7.21249 -7.21249 14
      vertex -8.0922 -6.20937 3
      vertex -8.0922 -6.20937 14
    endloop
  endfacet
  facet normal 0.751841 0.659345 0
    outer loop
      vertex -8.0922 -6.20937 3
      vertex -7.21249 -7.21249 14
      vertex -7.21249 -7.21249 3
    endloop
  endfacet
  facet normal 0.98079 0.195067 0
    outer loop
      vertex -9.85244 -2.63995 14
      vertex -10.1127 -1.33137 3
      vertex -10.1127 -1.33137 14
    endloop
  endfacet
  facet normal 0.98079 0.195067 0
    outer loop
      vertex -10.1127 -1.33137 3
      vertex -9.85244 -2.63995 14
      vertex -9.85244 -2.63995 3
    endloop
  endfacet
  facet normal -0.997859 -0.0653996 0
    outer loop
      vertex 7.5 0 0
      vertex 7.43584 0.978946 3
      vertex 7.43584 0.978946 0
    endloop
  endfacet
  facet normal -0.997859 -0.0653996 0
    outer loop
      vertex 7.43584 0.978946 3
      vertex 7.5 0 0
      vertex 7.5 0 3
    endloop
  endfacet
  facet normal 0.997859 -0.0653996 0
    outer loop
      vertex -7.5 0 3
      vertex -7.43584 0.978946 0
      vertex -7.43584 0.978946 3
    endloop
  endfacet
  facet normal 0.997859 -0.0653996 0
    outer loop
      vertex -7.43584 0.978946 0
      vertex -7.5 0 3
      vertex -7.5 0 0
    endloop
  endfacet
  facet normal -0.0653996 -0.997859 0
    outer loop
      vertex 0 7.5 0
      vertex 0.978946 7.43584 3
      vertex 0 7.5 3
    endloop
  endfacet
  facet normal -0.0653996 -0.997859 -0
    outer loop
      vertex 0.978946 7.43584 3
      vertex 0 7.5 0
      vertex 0.978946 7.43584 0
    endloop
  endfacet
  facet normal -0.751839 -0.659346 0
    outer loop
      vertex 5.95015 4.56571 0
      vertex 5.3033 5.3033 3
      vertex 5.3033 5.3033 0
    endloop
  endfacet
  facet normal -0.751839 -0.659346 0
    outer loop
      vertex 5.3033 5.3033 3
      vertex 5.95015 4.56571 0
      vertex 5.95015 4.56571 3
    endloop
  endfacet
  facet normal 0.659346 -0.751839 0
    outer loop
      vertex -5.3033 5.3033 0
      vertex -4.56571 5.95015 3
      vertex -5.3033 5.3033 3
    endloop
  endfacet
  facet normal 0.659346 -0.751839 0
    outer loop
      vertex -4.56571 5.95015 3
      vertex -5.3033 5.3033 0
      vertex -4.56571 5.95015 0
    endloop
  endfacet
  facet normal 0.321434 -0.946932 0
    outer loop
      vertex -2.87012 6.9291 0
      vertex -1.94114 7.24444 3
      vertex -2.87012 6.9291 3
    endloop
  endfacet
  facet normal 0.321434 -0.946932 0
    outer loop
      vertex -1.94114 7.24444 3
      vertex -2.87012 6.9291 0
      vertex -1.94114 7.24444 0
    endloop
  endfacet
  facet normal -0.946932 -0.321434 0
    outer loop
      vertex 7.24444 1.94114 0
      vertex 6.9291 2.87012 3
      vertex 6.9291 2.87012 0
    endloop
  endfacet
  facet normal -0.946932 -0.321434 0
    outer loop
      vertex 6.9291 2.87012 3
      vertex 7.24444 1.94114 0
      vertex 7.24444 1.94114 3
    endloop
  endfacet
  facet normal -0.980784 -0.195098 0
    outer loop
      vertex 7.43584 0.978946 0
      vertex 7.24444 1.94114 3
      vertex 7.24444 1.94114 0
    endloop
  endfacet
  facet normal -0.980784 -0.195098 0
    outer loop
      vertex 7.24444 1.94114 3
      vertex 7.43584 0.978946 0
      vertex 7.43584 0.978946 3
    endloop
  endfacet
  facet normal -0.896872 -0.44229 0
    outer loop
      vertex 6.9291 2.87012 0
      vertex 6.49519 3.75 3
      vertex 6.49519 3.75 0
    endloop
  endfacet
  facet normal -0.896872 -0.44229 0
    outer loop
      vertex 6.49519 3.75 3
      vertex 6.9291 2.87012 0
      vertex 6.9291 2.87012 3
    endloop
  endfacet
  facet normal -0.44229 -0.896872 0
    outer loop
      vertex 2.87012 6.9291 0
      vertex 3.75 6.49519 3
      vertex 2.87012 6.9291 3
    endloop
  endfacet
  facet normal -0.44229 -0.896872 -0
    outer loop
      vertex 3.75 6.49519 3
      vertex 2.87012 6.9291 0
      vertex 3.75 6.49519 0
    endloop
  endfacet
  facet normal -0.321434 -0.946932 0
    outer loop
      vertex 1.94114 7.24444 0
      vertex 2.87012 6.9291 3
      vertex 1.94114 7.24444 3
    endloop
  endfacet
  facet normal -0.321434 -0.946932 -0
    outer loop
      vertex 2.87012 6.9291 3
      vertex 1.94114 7.24444 0
      vertex 2.87012 6.9291 0
    endloop
  endfacet
  facet normal -0.55557 -0.83147 0
    outer loop
      vertex 3.75 6.49519 0
      vertex 4.56571 5.95015 3
      vertex 3.75 6.49519 3
    endloop
  endfacet
  facet normal -0.55557 -0.83147 -0
    outer loop
      vertex 4.56571 5.95015 3
      vertex 3.75 6.49519 0
      vertex 4.56571 5.95015 0
    endloop
  endfacet
  facet normal 0.896872 -0.44229 0
    outer loop
      vertex -6.9291 2.87012 3
      vertex -6.49519 3.75 0
      vertex -6.49519 3.75 3
    endloop
  endfacet
  facet normal 0.896872 -0.44229 0
    outer loop
      vertex -6.49519 3.75 0
      vertex -6.9291 2.87012 3
      vertex -6.9291 2.87012 0
    endloop
  endfacet
  facet normal 0.946932 -0.321434 0
    outer loop
      vertex -7.24444 1.94114 3
      vertex -6.9291 2.87012 0
      vertex -6.9291 2.87012 3
    endloop
  endfacet
  facet normal 0.946932 -0.321434 0
    outer loop
      vertex -6.9291 2.87012 0
      vertex -7.24444 1.94114 3
      vertex -7.24444 1.94114 0
    endloop
  endfacet
  facet normal 0.44229 -0.896872 0
    outer loop
      vertex -3.75 6.49519 0
      vertex -2.87012 6.9291 3
      vertex -3.75 6.49519 3
    endloop
  endfacet
  facet normal 0.44229 -0.896872 0
    outer loop
      vertex -2.87012 6.9291 3
      vertex -3.75 6.49519 0
      vertex -2.87012 6.9291 0
    endloop
  endfacet
  facet normal 0.195098 -0.980784 0
    outer loop
      vertex -1.94114 7.24444 0
      vertex -0.978946 7.43584 3
      vertex -1.94114 7.24444 3
    endloop
  endfacet
  facet normal 0.195098 -0.980784 0
    outer loop
      vertex -0.978946 7.43584 3
      vertex -1.94114 7.24444 0
      vertex -0.978946 7.43584 0
    endloop
  endfacet
  facet normal -0.44229 0.896872 0
    outer loop
      vertex 3.75 -6.49519 0
      vertex 2.87012 -6.9291 3
      vertex 3.75 -6.49519 3
    endloop
  endfacet
  facet normal -0.44229 0.896872 0
    outer loop
      vertex 2.87012 -6.9291 3
      vertex 3.75 -6.49519 0
      vertex 2.87012 -6.9291 0
    endloop
  endfacet
  facet normal 0.321434 0.946932 -0
    outer loop
      vertex -1.94114 -7.24444 0
      vertex -2.87012 -6.9291 3
      vertex -1.94114 -7.24444 3
    endloop
  endfacet
  facet normal 0.321434 0.946932 0
    outer loop
      vertex -2.87012 -6.9291 3
      vertex -1.94114 -7.24444 0
      vertex -2.87012 -6.9291 0
    endloop
  endfacet
  facet normal 0.896872 0.44229 0
    outer loop
      vertex -6.49519 -3.75 3
      vertex -6.9291 -2.87012 0
      vertex -6.9291 -2.87012 3
    endloop
  endfacet
  facet normal 0.896872 0.44229 0
    outer loop
      vertex -6.9291 -2.87012 0
      vertex -6.49519 -3.75 3
      vertex -6.49519 -3.75 0
    endloop
  endfacet
  facet normal -0.83147 -0.55557 0
    outer loop
      vertex 6.49519 3.75 0
      vertex 5.95015 4.56571 3
      vertex 5.95015 4.56571 0
    endloop
  endfacet
  facet normal -0.83147 -0.55557 0
    outer loop
      vertex 5.95015 4.56571 3
      vertex 6.49519 3.75 0
      vertex 6.49519 3.75 3
    endloop
  endfacet
  facet normal -0.195098 -0.980784 0
    outer loop
      vertex 0.978946 7.43584 0
      vertex 1.94114 7.24444 3
      vertex 0.978946 7.43584 3
    endloop
  endfacet
  facet normal -0.195098 -0.980784 -0
    outer loop
      vertex 1.94114 7.24444 3
      vertex 0.978946 7.43584 0
      vertex 1.94114 7.24444 0
    endloop
  endfacet
  facet normal -0.659346 -0.751839 0
    outer loop
      vertex 4.56571 5.95015 0
      vertex 5.3033 5.3033 3
      vertex 4.56571 5.95015 3
    endloop
  endfacet
  facet normal -0.659346 -0.751839 -0
    outer loop
      vertex 5.3033 5.3033 3
      vertex 4.56571 5.95015 0
      vertex 5.3033 5.3033 0
    endloop
  endfacet
  facet normal 0.83147 -0.55557 0
    outer loop
      vertex -6.49519 3.75 3
      vertex -5.95015 4.56571 0
      vertex -5.95015 4.56571 3
    endloop
  endfacet
  facet normal 0.83147 -0.55557 0
    outer loop
      vertex -5.95015 4.56571 0
      vertex -6.49519 3.75 3
      vertex -6.49519 3.75 0
    endloop
  endfacet
  facet normal 0.751839 -0.659346 0
    outer loop
      vertex -5.95015 4.56571 3
      vertex -5.3033 5.3033 0
      vertex -5.3033 5.3033 3
    endloop
  endfacet
  facet normal 0.751839 -0.659346 0
    outer loop
      vertex -5.3033 5.3033 0
      vertex -5.95015 4.56571 3
      vertex -5.95015 4.56571 0
    endloop
  endfacet
  facet normal 0.980784 -0.195098 0
    outer loop
      vertex -7.43584 0.978946 3
      vertex -7.24444 1.94114 0
      vertex -7.24444 1.94114 3
    endloop
  endfacet
  facet normal 0.980784 -0.195098 0
    outer loop
      vertex -7.24444 1.94114 0
      vertex -7.43584 0.978946 3
      vertex -7.43584 0.978946 0
    endloop
  endfacet
  facet normal 0.55557 -0.83147 0
    outer loop
      vertex -4.56571 5.95015 0
      vertex -3.75 6.49519 3
      vertex -4.56571 5.95015 3
    endloop
  endfacet
  facet normal 0.55557 -0.83147 0
    outer loop
      vertex -3.75 6.49519 3
      vertex -4.56571 5.95015 0
      vertex -3.75 6.49519 0
    endloop
  endfacet
  facet normal 0.0653996 -0.997859 0
    outer loop
      vertex -0.978946 7.43584 0
      vertex 0 7.5 3
      vertex -0.978946 7.43584 3
    endloop
  endfacet
  facet normal 0.0653996 -0.997859 0
    outer loop
      vertex 0 7.5 3
      vertex -0.978946 7.43584 0
      vertex 0 7.5 0
    endloop
  endfacet
  facet normal -0.997859 0.0653996 0
    outer loop
      vertex 7.43584 -0.978946 0
      vertex 7.5 0 3
      vertex 7.5 0 0
    endloop
  endfacet
  facet normal -0.997859 0.0653996 0
    outer loop
      vertex 7.5 0 3
      vertex 7.43584 -0.978946 0
      vertex 7.43584 -0.978946 3
    endloop
  endfacet
  facet normal -0.0653996 0.997859 0
    outer loop
      vertex 0.978946 -7.43584 0
      vertex 0 -7.5 3
      vertex 0.978946 -7.43584 3
    endloop
  endfacet
  facet normal -0.0653996 0.997859 0
    outer loop
      vertex 0 -7.5 3
      vertex 0.978946 -7.43584 0
      vertex 0 -7.5 0
    endloop
  endfacet
  facet normal -0.321434 0.946932 0
    outer loop
      vertex 2.87012 -6.9291 0
      vertex 1.94114 -7.24444 3
      vertex 2.87012 -6.9291 3
    endloop
  endfacet
  facet normal -0.321434 0.946932 0
    outer loop
      vertex 1.94114 -7.24444 3
      vertex 2.87012 -6.9291 0
      vertex 1.94114 -7.24444 0
    endloop
  endfacet
  facet normal -0.55557 0.83147 0
    outer loop
      vertex 4.56571 -5.95015 0
      vertex 3.75 -6.49519 3
      vertex 4.56571 -5.95015 3
    endloop
  endfacet
  facet normal -0.55557 0.83147 0
    outer loop
      vertex 3.75 -6.49519 3
      vertex 4.56571 -5.95015 0
      vertex 3.75 -6.49519 0
    endloop
  endfacet
  facet normal -0.751839 0.659346 0
    outer loop
      vertex 5.3033 -5.3033 0
      vertex 5.95015 -4.56571 3
      vertex 5.95015 -4.56571 0
    endloop
  endfacet
  facet normal -0.751839 0.659346 0
    outer loop
      vertex 5.95015 -4.56571 3
      vertex 5.3033 -5.3033 0
      vertex 5.3033 -5.3033 3
    endloop
  endfacet
  facet normal -0.896872 0.44229 0
    outer loop
      vertex 6.49519 -3.75 0
      vertex 6.9291 -2.87012 3
      vertex 6.9291 -2.87012 0
    endloop
  endfacet
  facet normal -0.896872 0.44229 0
    outer loop
      vertex 6.9291 -2.87012 3
      vertex 6.49519 -3.75 0
      vertex 6.49519 -3.75 3
    endloop
  endfacet
  facet normal 0.659346 0.751839 -0
    outer loop
      vertex -4.56571 -5.95015 0
      vertex -5.3033 -5.3033 3
      vertex -4.56571 -5.95015 3
    endloop
  endfacet
  facet normal 0.659346 0.751839 0
    outer loop
      vertex -5.3033 -5.3033 3
      vertex -4.56571 -5.95015 0
      vertex -5.3033 -5.3033 0
    endloop
  endfacet
  facet normal 0.44229 0.896872 -0
    outer loop
      vertex -2.87012 -6.9291 0
      vertex -3.75 -6.49519 3
      vertex -2.87012 -6.9291 3
    endloop
  endfacet
  facet normal 0.44229 0.896872 0
    outer loop
      vertex -3.75 -6.49519 3
      vertex -2.87012 -6.9291 0
      vertex -3.75 -6.49519 0
    endloop
  endfacet
  facet normal 0.195098 0.980784 -0
    outer loop
      vertex -0.978946 -7.43584 0
      vertex -1.94114 -7.24444 3
      vertex -0.978946 -7.43584 3
    endloop
  endfacet
  facet normal 0.195098 0.980784 0
    outer loop
      vertex -1.94114 -7.24444 3
      vertex -0.978946 -7.43584 0
      vertex -1.94114 -7.24444 0
    endloop
  endfacet
  facet normal 0.83147 0.55557 0
    outer loop
      vertex -5.95015 -4.56571 3
      vertex -6.49519 -3.75 0
      vertex -6.49519 -3.75 3
    endloop
  endfacet
  facet normal 0.83147 0.55557 0
    outer loop
      vertex -6.49519 -3.75 0
      vertex -5.95015 -4.56571 3
      vertex -5.95015 -4.56571 0
    endloop
  endfacet
  facet normal 0.946932 0.321434 0
    outer loop
      vertex -6.9291 -2.87012 3
      vertex -7.24444 -1.94114 0
      vertex -7.24444 -1.94114 3
    endloop
  endfacet
  facet normal 0.946932 0.321434 0
    outer loop
      vertex -7.24444 -1.94114 0
      vertex -6.9291 -2.87012 3
      vertex -6.9291 -2.87012 0
    endloop
  endfacet
  facet normal 0.997859 0.0653996 0
    outer loop
      vertex -7.43584 -0.978946 3
      vertex -7.5 0 0
      vertex -7.5 0 3
    endloop
  endfacet
  facet normal 0.997859 0.0653996 0
    outer loop
      vertex -7.5 0 0
      vertex -7.43584 -0.978946 3
      vertex -7.43584 -0.978946 0
    endloop
  endfacet
  facet normal -0.195098 0.980784 0
    outer loop
      vertex 1.94114 -7.24444 0
      vertex 0.978946 -7.43584 3
      vertex 1.94114 -7.24444 3
    endloop
  endfacet
  facet normal -0.195098 0.980784 0
    outer loop
      vertex 0.978946 -7.43584 3
      vertex 1.94114 -7.24444 0
      vertex 0.978946 -7.43584 0
    endloop
  endfacet
  facet normal -0.659346 0.751839 0
    outer loop
      vertex 5.3033 -5.3033 0
      vertex 4.56571 -5.95015 3
      vertex 5.3033 -5.3033 3
    endloop
  endfacet
  facet normal -0.659346 0.751839 0
    outer loop
      vertex 4.56571 -5.95015 3
      vertex 5.3033 -5.3033 0
      vertex 4.56571 -5.95015 0
    endloop
  endfacet
  facet normal -0.83147 0.55557 0
    outer loop
      vertex 5.95015 -4.56571 0
      vertex 6.49519 -3.75 3
      vertex 6.49519 -3.75 0
    endloop
  endfacet
  facet normal -0.83147 0.55557 0
    outer loop
      vertex 6.49519 -3.75 3
      vertex 5.95015 -4.56571 0
      vertex 5.95015 -4.56571 3
    endloop
  endfacet
  facet normal -0.980784 0.195098 0
    outer loop
      vertex 7.24444 -1.94114 0
      vertex 7.43584 -0.978946 3
      vertex 7.43584 -0.978946 0
    endloop
  endfacet
  facet normal -0.980784 0.195098 0
    outer loop
      vertex 7.43584 -0.978946 3
      vertex 7.24444 -1.94114 0
      vertex 7.24444 -1.94114 3
    endloop
  endfacet
  facet normal -0.946932 0.321434 0
    outer loop
      vertex 6.9291 -2.87012 0
      vertex 7.24444 -1.94114 3
      vertex 7.24444 -1.94114 0
    endloop
  endfacet
  facet normal -0.946932 0.321434 0
    outer loop
      vertex 7.24444 -1.94114 3
      vertex 6.9291 -2.87012 0
      vertex 6.9291 -2.87012 3
    endloop
  endfacet
  facet normal 0.55557 0.83147 -0
    outer loop
      vertex -3.75 -6.49519 0
      vertex -4.56571 -5.95015 3
      vertex -3.75 -6.49519 3
    endloop
  endfacet
  facet normal 0.55557 0.83147 0
    outer loop
      vertex -4.56571 -5.95015 3
      vertex -3.75 -6.49519 0
      vertex -4.56571 -5.95015 0
    endloop
  endfacet
  facet normal 0.0653996 0.997859 -0
    outer loop
      vertex 0 -7.5 0
      vertex -0.978946 -7.43584 3
      vertex 0 -7.5 3
    endloop
  endfacet
  facet normal 0.0653996 0.997859 0
    outer loop
      vertex -0.978946 -7.43584 3
      vertex 0 -7.5 0
      vertex -0.978946 -7.43584 0
    endloop
  endfacet
  facet normal 0.751839 0.659346 0
    outer loop
      vertex -5.3033 -5.3033 3
      vertex -5.95015 -4.56571 0
      vertex -5.95015 -4.56571 3
    endloop
  endfacet
  facet normal 0.751839 0.659346 0
    outer loop
      vertex -5.95015 -4.56571 0
      vertex -5.3033 -5.3033 3
      vertex -5.3033 -5.3033 0
    endloop
  endfacet
  facet normal 0.980784 0.195098 0
    outer loop
      vertex -7.24444 -1.94114 3
      vertex -7.43584 -0.978946 0
      vertex -7.43584 -0.978946 3
    endloop
  endfacet
  facet normal 0.980784 0.195098 0
    outer loop
      vertex -7.43584 -0.978946 0
      vertex -7.24444 -1.94114 3
      vertex -7.24444 -1.94114 0
    endloop
  endfacet
  facet normal 1 -0 0
    outer loop
      vertex -2 9.97974 14
      vertex -2 15.8689 11
      vertex -2 15.8689 14
    endloop
  endfacet
  facet normal 1 0 0
    outer loop
      vertex -2 15.8689 11
      vertex -2 9.97974 14
      vertex -2 15.8689 6
    endloop
  endfacet
  facet normal 1 0 0
    outer loop
      vertex -2 9.97974 3
      vertex -2 15.8689 6
      vertex -2 9.97974 14
    endloop
  endfacet
  facet normal 1 0 0
    outer loop
      vertex -2 15.8689 6
      vertex -2 9.97974 3
      vertex -2 15.8689 3
    endloop
  endfacet
  facet normal 1 -0 0
    outer loop
      vertex -2 15.8689 11
      vertex -2 20.8689 6
      vertex -2 20.8689 11
    endloop
  endfacet
  facet normal 1 0 0
    outer loop
      vertex -2 20.8689 6
      vertex -2 15.8689 11
      vertex -2 15.8689 6
    endloop
  endfacet
  facet normal -1 0 0
    outer loop
      vertex 2 9.97974 3
      vertex 2 15.8689 6
      vertex 2 15.8689 3
    endloop
  endfacet
  facet normal -1 -0 0
    outer loop
      vertex 2 15.8689 6
      vertex 2 9.97974 3
      vertex 2 15.8689 11
    endloop
  endfacet
  facet normal -1 0 0
    outer loop
      vertex 2 9.97974 14
      vertex 2 15.8689 11
      vertex 2 9.97974 3
    endloop
  endfacet
  facet normal -1 0 0
    outer loop
      vertex 2 15.8689 11
      vertex 2 9.97974 14
      vertex 2 15.8689 14
    endloop
  endfacet
  facet normal -1 0 0
    outer loop
      vertex 2 15.8689 6
      vertex 2 20.8689 11
      vertex 2 20.8689 6
    endloop
  endfacet
  facet normal -1 -0 0
    outer loop
      vertex 2 20.8689 11
      vertex 2 15.8689 6
      vertex 2 15.8689 11
    endloop
  endfacet
endsolid OpenSCAD_Model
