solid OpenSCAD_Model
  facet normal 0.997859 0.0653981 0
    outer loop
      vertex 50 28 13.4
      vertex 49.8118 30.8716 2.4
      vertex 49.8118 30.8716 13.4
    endloop
  endfacet
  facet normal 0.997859 0.0653981 0
    outer loop
      vertex 49.8118 30.8716 2.4
      vertex 50 28 13.4
      vertex 50 28 2.4
    endloop
  endfacet
  facet normal -0.997859 0.0654015 0
    outer loop
      vertex 6 28 2.4
      vertex 6.18821 30.8716 13.4
      vertex 6.18821 30.8716 2.4
    endloop
  endfacet
  facet normal -0.997859 0.0654015 0
    outer loop
      vertex 6.18821 30.8716 13.4
      vertex 6 28 2.4
      vertex 6 28 13.4
    endloop
  endfacet
  facet normal 0.0653981 0.997859 -0
    outer loop
      vertex 30.8716 49.8118 2.4
      vertex 28 50 13.4
      vertex 30.8716 49.8118 13.4
    endloop
  endfacet
  facet normal 0.0653981 0.997859 0
    outer loop
      vertex 28 50 13.4
      vertex 30.8716 49.8118 2.4
      vertex 28 50 2.4
    endloop
  endfacet
  facet normal 0.751832 0.659354 -0
    outer loop
      vertex 45.4538 41.3927 2.4
      vertex 44.9212 42 2.4
      vertex 45.4538 41.3927 3.45179
    endloop
  endfacet
  facet normal 0.751828 0.659359 -0
    outer loop
      vertex 45.4538 41.3927 6.65179
      vertex 44.5689 42.4017 13.4
      vertex 45.4538 41.3927 13.4
    endloop
  endfacet
  facet normal 0.751828 0.659359 0
    outer loop
      vertex 44.5689 42.4017 13.4
      vertex 45.4538 41.3927 6.65179
      vertex 44.5689 42.4017 4.90423
    endloop
  endfacet
  facet normal 0.751823 0.659365 0
    outer loop
      vertex 44.9212 42 2.4
      vertex 44.5689 42.4017 2.4
      vertex 44.5689 42.4017 2.63192
    endloop
  endfacet
  facet normal -0.659396 0.751796 0
    outer loop
      vertex 14.6072 45.4538 2.4
      vertex 13.5983 44.5689 13.4
      vertex 14.6072 45.4538 13.4
    endloop
  endfacet
  facet normal -0.659396 0.751796 0
    outer loop
      vertex 13.5983 44.5689 13.4
      vertex 14.6072 45.4538 2.4
      vertex 13.5983 44.5689 2.4
    endloop
  endfacet
  facet normal -0.321467 0.946921 0
    outer loop
      vertex 22.306 49.2504 2.4
      vertex 19.581 48.3253 13.4
      vertex 22.306 49.2504 13.4
    endloop
  endfacet
  facet normal -0.321467 0.946921 0
    outer loop
      vertex 19.581 48.3253 13.4
      vertex 22.306 49.2504 2.4
      vertex 19.581 48.3253 2.4
    endloop
  endfacet
  facet normal 0.896888 0.442258 0
    outer loop
      vertex 48.3253 36.419 13.4
      vertex 47.0526 39 2.4
      vertex 47.0526 39 13.4
    endloop
  endfacet
  facet normal 0.896888 0.442258 0
    outer loop
      vertex 47.0526 39 2.4
      vertex 48.3253 36.419 13.4
      vertex 48.3253 36.419 2.4
    endloop
  endfacet
  facet normal 0.980786 0.195087 0
    outer loop
      vertex 49.8118 30.8716 13.4
      vertex 49.2504 33.694 2.4
      vertex 49.2504 33.694 13.4
    endloop
  endfacet
  facet normal 0.980786 0.195087 0
    outer loop
      vertex 49.2504 33.694 2.4
      vertex 49.8118 30.8716 13.4
      vertex 49.8118 30.8716 2.4
    endloop
  endfacet
  facet normal 0.831495 0.555532 0
    outer loop
      vertex 45.4538 41.3927 13.4
      vertex 45.7926 40.8856 7.53013
      vertex 45.4538 41.3927 6.65179
    endloop
  endfacet
  facet normal 0.831462 0.555582 -6.19948e-06
    outer loop
      vertex 47.0526 39 13.4
      vertex 45.7926 40.8856 7.53013
      vertex 45.4538 41.3927 13.4
    endloop
  endfacet
  facet normal 0.831465 0.555577 -0
    outer loop
      vertex 47.0526 39 2.4
      vertex 46 40.5753 7.35093
      vertex 47.0526 39 13.4
    endloop
  endfacet
  facet normal 0.8314 0.555674 3.67471e-05
    outer loop
      vertex 45.7926 40.8856 7.53013
      vertex 47.0526 39 13.4
      vertex 46 40.5753 7.35093
    endloop
  endfacet
  facet normal 0.83146 0.555584 -6.58105e-06
    outer loop
      vertex 47.0526 39 2.4
      vertex 45.4538 41.3927 3.45179
      vertex 46 40.5753 4.86771
    endloop
  endfacet
  facet normal 0.831462 0.555582 0
    outer loop
      vertex 45.4538 41.3927 3.45179
      vertex 47.0526 39 2.4
      vertex 45.4538 41.3927 2.4
    endloop
  endfacet
  facet normal 0.831465 0.555577 0
    outer loop
      vertex 46 40.5753 7.35093
      vertex 47.0526 39 2.4
      vertex 46 40.5753 4.86771
    endloop
  endfacet
  facet normal 0.442258 0.896888 -0
    outer loop
      vertex 39 47.0526 2.4
      vertex 36.419 48.3253 13.4
      vertex 39 47.0526 13.4
    endloop
  endfacet
  facet normal 0.442258 0.896888 0
    outer loop
      vertex 36.419 48.3253 13.4
      vertex 39 47.0526 2.4
      vertex 36.419 48.3253 2.4
    endloop
  endfacet
  facet normal 0.321467 0.946921 -0
    outer loop
      vertex 36.419 48.3253 2.4
      vertex 33.694 49.2504 13.4
      vertex 36.419 48.3253 13.4
    endloop
  endfacet
  facet normal 0.321467 0.946921 0
    outer loop
      vertex 33.694 49.2504 13.4
      vertex 36.419 48.3253 2.4
      vertex 33.694 49.2504 2.4
    endloop
  endfacet
  facet normal 0.555582 0.831462 -0
    outer loop
      vertex 41.3927 45.4538 2.4
      vertex 39 47.0526 13.4
      vertex 41.3927 45.4538 13.4
    endloop
  endfacet
  facet normal 0.555582 0.831462 0
    outer loop
      vertex 39 47.0526 13.4
      vertex 41.3927 45.4538 2.4
      vertex 39 47.0526 2.4
    endloop
  endfacet
  facet normal -0.896875 0.442284 0
    outer loop
      vertex 7.67465 36.419 2.4
      vertex 8.94744 39 13.4
      vertex 8.94744 39 2.4
    endloop
  endfacet
  facet normal -0.896875 0.442284 0
    outer loop
      vertex 8.94744 39 13.4
      vertex 7.67465 36.419 2.4
      vertex 7.67465 36.419 13.4
    endloop
  endfacet
  facet normal -0.946929 0.321442 0
    outer loop
      vertex 6.74963 33.694 2.4
      vertex 7.67465 36.419 13.4
      vertex 7.67465 36.419 2.4
    endloop
  endfacet
  facet normal -0.946929 0.321442 0
    outer loop
      vertex 7.67465 36.419 13.4
      vertex 6.74963 33.694 2.4
      vertex 6.74963 33.694 13.4
    endloop
  endfacet
  facet normal -0.442258 0.896888 0
    outer loop
      vertex 19.581 48.3253 2.4
      vertex 17 47.0526 13.4
      vertex 19.581 48.3253 13.4
    endloop
  endfacet
  facet normal -0.442258 0.896888 0
    outer loop
      vertex 17 47.0526 13.4
      vertex 19.581 48.3253 2.4
      vertex 17 47.0526 2.4
    endloop
  endfacet
  facet normal -0.195087 0.980786 0
    outer loop
      vertex 25.1284 49.8118 2.4
      vertex 22.306 49.2504 13.4
      vertex 25.1284 49.8118 13.4
    endloop
  endfacet
  facet normal -0.195087 0.980786 0
    outer loop
      vertex 22.306 49.2504 13.4
      vertex 25.1284 49.8118 2.4
      vertex 22.306 49.2504 2.4
    endloop
  endfacet
  facet normal 0.442284 -0.896875 0
    outer loop
      vertex 36.419 7.67465 2.4
      vertex 39 8.94744 13.4
      vertex 36.419 7.67465 13.4
    endloop
  endfacet
  facet normal 0.442284 -0.896875 0
    outer loop
      vertex 39 8.94744 13.4
      vertex 36.419 7.67465 2.4
      vertex 39 8.94744 2.4
    endloop
  endfacet
  facet normal 0.980786 -0.195087 0
    outer loop
      vertex 49.2504 22.306 13.4
      vertex 49.8118 25.1284 2.4
      vertex 49.8118 25.1284 13.4
    endloop
  endfacet
  facet normal 0.980786 -0.195087 0
    outer loop
      vertex 49.8118 25.1284 2.4
      vertex 49.2504 22.306 13.4
      vertex 49.2504 22.306 2.4
    endloop
  endfacet
  facet normal -0.321442 -0.946929 0
    outer loop
      vertex 19.581 7.67465 2.4
      vertex 22.306 6.74963 13.4
      vertex 19.581 7.67465 13.4
    endloop
  endfacet
  facet normal -0.321442 -0.946929 -0
    outer loop
      vertex 22.306 6.74963 13.4
      vertex 19.581 7.67465 2.4
      vertex 22.306 6.74963 2.4
    endloop
  endfacet
  facet normal -0.896875 -0.442284 0
    outer loop
      vertex 8.94744 17 2.4
      vertex 7.67465 19.581 13.4
      vertex 7.67465 19.581 2.4
    endloop
  endfacet
  facet normal -0.896875 -0.442284 0
    outer loop
      vertex 7.67465 19.581 13.4
      vertex 8.94744 17 2.4
      vertex 8.94744 17 13.4
    endloop
  endfacet
  facet normal 0 0 -1
    outer loop
      vertex 47 28 2.4
      vertex 50 28 2.4
      vertex 49.8118 25.1284 2.4
    endloop
  endfacet
  facet normal 0 0 -1
    outer loop
      vertex 46.8375 25.52 2.4
      vertex 49.8118 25.1284 2.4
      vertex 49.2504 22.306 2.4
    endloop
  endfacet
  facet normal 0 0 -1
    outer loop
      vertex 50 28 2.4
      vertex 47 28 2.4
      vertex 49.8118 30.8716 2.4
    endloop
  endfacet
  facet normal 0 0 -1
    outer loop
      vertex 45.6457 21 2.4
      vertex 49.2504 22.306 2.4
      vertex 48.3253 19.581 2.4
    endloop
  endfacet
  facet normal 0 0 -1
    outer loop
      vertex 46.8375 30.48 2.4
      vertex 49.8118 30.8716 2.4
      vertex 47 28 2.4
    endloop
  endfacet
  facet normal 0 0 -1
    outer loop
      vertex 45.5537 20.729 2.4
      vertex 48.3253 19.581 2.4
      vertex 47.0526 17 2.4
    endloop
  endfacet
  facet normal -0 0 -1
    outer loop
      vertex 49.8118 30.8716 2.4
      vertex 46.8375 30.48 2.4
      vertex 49.2504 33.694 2.4
    endloop
  endfacet
  facet normal 0 0 -1
    outer loop
      vertex 46.3526 32.9176 2.4
      vertex 49.2504 33.694 2.4
      vertex 46.8375 30.48 2.4
    endloop
  endfacet
  facet normal 0 0 -1
    outer loop
      vertex 49.8118 25.1284 2.4
      vertex 46.8375 25.52 2.4
      vertex 47 28 2.4
    endloop
  endfacet
  facet normal 0 0 -1
    outer loop
      vertex 49.2504 22.306 2.4
      vertex 46.3526 23.0824 2.4
      vertex 46.8375 25.52 2.4
    endloop
  endfacet
  facet normal -0 0 -1
    outer loop
      vertex 49.2504 22.306 2.4
      vertex 45.6457 21 2.4
      vertex 46.3526 23.0824 2.4
    endloop
  endfacet
  facet normal 0 0 -1
    outer loop
      vertex 48.3253 19.581 2.4
      vertex 45.5537 20.729 2.4
      vertex 45.6457 21 2.4
    endloop
  endfacet
  facet normal 0 0 -1
    outer loop
      vertex 44.4545 18.5 2.4
      vertex 47.0526 17 2.4
      vertex 45.4538 14.6072 2.4
    endloop
  endfacet
  facet normal 0 0 -1
    outer loop
      vertex 43.0737 16.4335 2.4
      vertex 45.4538 14.6072 2.4
      vertex 44.9212 14 2.4
    endloop
  endfacet
  facet normal 0 0 -1
    outer loop
      vertex 47.0526 17 2.4
      vertex 44.4545 18.5 2.4
      vertex 45.5537 20.729 2.4
    endloop
  endfacet
  facet normal 0 0 -1
    outer loop
      vertex 45.4538 14.6072 2.4
      vertex 43.0737 16.4335 2.4
      vertex 44.4545 18.5 2.4
    endloop
  endfacet
  facet normal 0 0 -1
    outer loop
      vertex 44.9212 14 2.4
      vertex 41.435 14.565 2.4
      vertex 43.0737 16.4335 2.4
    endloop
  endfacet
  facet normal 0 -0 -1
    outer loop
      vertex 41.435 14.565 2.4
      vertex 44.9212 14 2.4
      vertex 40.7908 14 2.4
    endloop
  endfacet
  facet normal 0 0 -1
    outer loop
      vertex 45.6457 35 2.4
      vertex 49.2504 33.694 2.4
      vertex 46.3526 32.9176 2.4
    endloop
  endfacet
  facet normal 0 0 -1
    outer loop
      vertex 49.2504 33.694 2.4
      vertex 45.6457 35 2.4
      vertex 48.3253 36.419 2.4
    endloop
  endfacet
  facet normal 0 0 -1
    outer loop
      vertex 45.5537 35.271 2.4
      vertex 48.3253 36.419 2.4
      vertex 45.6457 35 2.4
    endloop
  endfacet
  facet normal -0 0 -1
    outer loop
      vertex 48.3253 36.419 2.4
      vertex 45.5537 35.271 2.4
      vertex 47.0526 39 2.4
    endloop
  endfacet
  facet normal 0 0 -1
    outer loop
      vertex 44.4545 37.5 2.4
      vertex 47.0526 39 2.4
      vertex 45.5537 35.271 2.4
    endloop
  endfacet
  facet normal -0 0 -1
    outer loop
      vertex 47.0526 39 2.4
      vertex 44.4545 37.5 2.4
      vertex 45.4538 41.3927 2.4
    endloop
  endfacet
  facet normal 0 0 -1
    outer loop
      vertex 43.0737 39.5665 2.4
      vertex 45.4538 41.3927 2.4
      vertex 44.4545 37.5 2.4
    endloop
  endfacet
  facet normal -0 0 -1
    outer loop
      vertex 45.4538 41.3927 2.4
      vertex 43.0737 39.5665 2.4
      vertex 44.9212 42 2.4
    endloop
  endfacet
  facet normal 0 0 -1
    outer loop
      vertex 41.435 41.435 2.4
      vertex 44.9212 42 2.4
      vertex 43.0737 39.5665 2.4
    endloop
  endfacet
  facet normal -0 0 -1
    outer loop
      vertex 44.9212 42 2.4
      vertex 41.435 41.435 2.4
      vertex 40.7908 42 2.4
    endloop
  endfacet
  facet normal 0 0 -1
    outer loop
      vertex 11.0788 14 2.4
      vertex 14.565 14.565 2.4
      vertex 15.2092 14 2.4
    endloop
  endfacet
  facet normal 0 0 -1
    outer loop
      vertex 11.0788 14 2.4
      vertex 12.9263 16.4335 2.4
      vertex 14.565 14.565 2.4
    endloop
  endfacet
  facet normal 0 0 -1
    outer loop
      vertex 10.5462 14.6072 2.4
      vertex 12.9263 16.4335 2.4
      vertex 11.0788 14 2.4
    endloop
  endfacet
  facet normal -0 0 -1
    outer loop
      vertex 12.9263 16.4335 2.4
      vertex 10.5462 14.6072 2.4
      vertex 11.5455 18.5 2.4
    endloop
  endfacet
  facet normal 0 0 -1
    outer loop
      vertex 8.94744 17 2.4
      vertex 11.5455 18.5 2.4
      vertex 10.5462 14.6072 2.4
    endloop
  endfacet
  facet normal -0 0 -1
    outer loop
      vertex 11.5455 18.5 2.4
      vertex 8.94744 17 2.4
      vertex 10.4463 20.729 2.4
    endloop
  endfacet
  facet normal 0 0 -1
    outer loop
      vertex 7.67465 19.581 2.4
      vertex 10.4463 20.729 2.4
      vertex 8.94744 17 2.4
    endloop
  endfacet
  facet normal -0 0 -1
    outer loop
      vertex 10.4463 20.729 2.4
      vertex 7.67465 19.581 2.4
      vertex 10.3543 21 2.4
    endloop
  endfacet
  facet normal 0 0 -1
    outer loop
      vertex 10.3543 21 2.4
      vertex 6.74963 22.306 2.4
      vertex 9.64741 23.0824 2.4
    endloop
  endfacet
  facet normal 0 0 -1
    outer loop
      vertex 6.74963 22.306 2.4
      vertex 10.3543 21 2.4
      vertex 7.67465 19.581 2.4
    endloop
  endfacet
  facet normal 0 0 -1
    outer loop
      vertex 14.565 41.435 2.4
      vertex 11.0788 42 2.4
      vertex 15.2092 42 2.4
    endloop
  endfacet
  facet normal 0 0 -1
    outer loop
      vertex 12.9263 39.5665 2.4
      vertex 11.0788 42 2.4
      vertex 14.565 41.435 2.4
    endloop
  endfacet
  facet normal 0 0 -1
    outer loop
      vertex 10.5462 41.3927 2.4
      vertex 12.9263 39.5665 2.4
      vertex 11.5455 37.5 2.4
    endloop
  endfacet
  facet normal 0 0 -1
    outer loop
      vertex 12.9263 39.5665 2.4
      vertex 10.5462 41.3927 2.4
      vertex 11.0788 42 2.4
    endloop
  endfacet
  facet normal 0 0 -1
    outer loop
      vertex 8.94744 39 2.4
      vertex 11.5455 37.5 2.4
      vertex 10.4463 35.271 2.4
    endloop
  endfacet
  facet normal 0 0 -1
    outer loop
      vertex 7.67465 36.419 2.4
      vertex 10.4463 35.271 2.4
      vertex 10.3543 35 2.4
    endloop
  endfacet
  facet normal 0 0 -1
    outer loop
      vertex 6.74963 33.694 2.4
      vertex 10.3543 35 2.4
      vertex 9.64741 32.9176 2.4
    endloop
  endfacet
  facet normal 0 0 -1
    outer loop
      vertex 6.74963 33.694 2.4
      vertex 9.64741 32.9176 2.4
      vertex 9.16255 30.48 2.4
    endloop
  endfacet
  facet normal 0 0 -1
    outer loop
      vertex 11.5455 37.5 2.4
      vertex 8.94744 39 2.4
      vertex 10.5462 41.3927 2.4
    endloop
  endfacet
  facet normal 0 0 -1
    outer loop
      vertex 6.18821 30.8716 2.4
      vertex 9.16255 30.48 2.4
      vertex 9 28 2.4
    endloop
  endfacet
  facet normal -0 0 -1
    outer loop
      vertex 9.64741 23.0824 2.4
      vertex 6.74963 22.306 2.4
      vertex 9.16255 25.52 2.4
    endloop
  endfacet
  facet normal 0 0 -1
    outer loop
      vertex 6.18821 25.1284 2.4
      vertex 9.16255 25.52 2.4
      vertex 6.74963 22.306 2.4
    endloop
  endfacet
  facet normal 0 0 -1
    outer loop
      vertex 10.4463 35.271 2.4
      vertex 7.67465 36.419 2.4
      vertex 8.94744 39 2.4
    endloop
  endfacet
  facet normal -0 0 -1
    outer loop
      vertex 9.16255 25.52 2.4
      vertex 6.18821 25.1284 2.4
      vertex 9 28 2.4
    endloop
  endfacet
  facet normal -0 0 -1
    outer loop
      vertex 10.3543 35 2.4
      vertex 6.74963 33.694 2.4
      vertex 7.67465 36.419 2.4
    endloop
  endfacet
  facet normal 0 0 -1
    outer loop
      vertex 6 28 2.4
      vertex 9 28 2.4
      vertex 6.18821 25.1284 2.4
    endloop
  endfacet
  facet normal 0 0 -1
    outer loop
      vertex 9.16255 30.48 2.4
      vertex 6.18821 30.8716 2.4
      vertex 6.74963 33.694 2.4
    endloop
  endfacet
  facet normal 0 0 -1
    outer loop
      vertex 9 28 2.4
      vertex 6 28 2.4
      vertex 6.18821 30.8716 2.4
    endloop
  endfacet
  facet normal 0 0 -1
    outer loop
      vertex 44.9212 42 2.4
      vertex 44.44 42.3579 2.4
      vertex 44.5689 42.4017 2.4
    endloop
  endfacet
  facet normal 0 0 -1
    outer loop
      vertex 44.9212 42 2.4
      vertex 44.2219 42.3145 2.4
      vertex 44.44 42.3579 2.4
    endloop
  endfacet
  facet normal 0 0 -1
    outer loop
      vertex 44.9212 42 2.4
      vertex 44 42.3 2.4
      vertex 44.2219 42.3145 2.4
    endloop
  endfacet
  facet normal 0 0 -1
    outer loop
      vertex 44.9212 42 2.4
      vertex 43.7781 42.3145 2.4
      vertex 44 42.3 2.4
    endloop
  endfacet
  facet normal 0 0 -1
    outer loop
      vertex 40.7908 42 2.4
      vertex 43.7781 42.3145 2.4
      vertex 44.9212 42 2.4
    endloop
  endfacet
  facet normal 0 0 -1
    outer loop
      vertex 39.5665 43.0737 2.4
      vertex 42.3 44 2.4
      vertex 42.3145 43.7781 2.4
    endloop
  endfacet
  facet normal 0 0 -1
    outer loop
      vertex 40.7908 42 2.4
      vertex 42.3145 43.7781 2.4
      vertex 42.3579 43.56 2.4
    endloop
  endfacet
  facet normal 0 0 -1
    outer loop
      vertex 40.7908 42 2.4
      vertex 42.3579 43.56 2.4
      vertex 42.4294 43.3494 2.4
    endloop
  endfacet
  facet normal -0 0 -1
    outer loop
      vertex 43.7781 42.3145 2.4
      vertex 40.7908 42 2.4
      vertex 43.56 42.3579 2.4
    endloop
  endfacet
  facet normal 0 0 -1
    outer loop
      vertex 40.7908 42 2.4
      vertex 43.3494 42.4294 2.4
      vertex 43.56 42.3579 2.4
    endloop
  endfacet
  facet normal 0 0 -1
    outer loop
      vertex 40.7908 42 2.4
      vertex 43.15 42.5278 2.4
      vertex 43.3494 42.4294 2.4
    endloop
  endfacet
  facet normal 0 0 -1
    outer loop
      vertex 40.7908 42 2.4
      vertex 42.9651 42.6513 2.4
      vertex 43.15 42.5278 2.4
    endloop
  endfacet
  facet normal 0 0 -1
    outer loop
      vertex 40.7908 42 2.4
      vertex 42.7979 42.7979 2.4
      vertex 42.9651 42.6513 2.4
    endloop
  endfacet
  facet normal 0 0 -1
    outer loop
      vertex 40.7908 42 2.4
      vertex 42.6513 42.9651 2.4
      vertex 42.7979 42.7979 2.4
    endloop
  endfacet
  facet normal 0 0 -1
    outer loop
      vertex 40.7908 42 2.4
      vertex 42.5278 43.15 2.4
      vertex 42.6513 42.9651 2.4
    endloop
  endfacet
  facet normal 0 0 -1
    outer loop
      vertex 40.7908 42 2.4
      vertex 42.4294 43.3494 2.4
      vertex 42.5278 43.15 2.4
    endloop
  endfacet
  facet normal 0 0 -1
    outer loop
      vertex 42.3145 43.7781 2.4
      vertex 40.7908 42 2.4
      vertex 39.5665 43.0737 2.4
    endloop
  endfacet
  facet normal -0 0 -1
    outer loop
      vertex 42.3 44 2.4
      vertex 39.5665 43.0737 2.4
      vertex 41.3927 45.4538 2.4
    endloop
  endfacet
  facet normal 0 0 -1
    outer loop
      vertex 39.5665 43.0737 2.4
      vertex 39 47.0526 2.4
      vertex 41.3927 45.4538 2.4
    endloop
  endfacet
  facet normal 0 0 -1
    outer loop
      vertex 37.5 44.4545 2.4
      vertex 39 47.0526 2.4
      vertex 39.5665 43.0737 2.4
    endloop
  endfacet
  facet normal 0 0 -1
    outer loop
      vertex 37.5 44.4545 2.4
      vertex 36.419 48.3253 2.4
      vertex 39 47.0526 2.4
    endloop
  endfacet
  facet normal 0 0 -1
    outer loop
      vertex 35.271 45.5537 2.4
      vertex 36.419 48.3253 2.4
      vertex 37.5 44.4545 2.4
    endloop
  endfacet
  facet normal 0 0 -1
    outer loop
      vertex 35.271 45.5537 2.4
      vertex 33.694 49.2504 2.4
      vertex 36.419 48.3253 2.4
    endloop
  endfacet
  facet normal 0 0 -1
    outer loop
      vertex 32.9176 46.3526 2.4
      vertex 33.694 49.2504 2.4
      vertex 35.271 45.5537 2.4
    endloop
  endfacet
  facet normal 0 0 -1
    outer loop
      vertex 32.9176 46.3526 2.4
      vertex 30.8716 49.8118 2.4
      vertex 33.694 49.2504 2.4
    endloop
  endfacet
  facet normal 0 0 -1
    outer loop
      vertex 30.48 46.8375 2.4
      vertex 30.8716 49.8118 2.4
      vertex 32.9176 46.3526 2.4
    endloop
  endfacet
  facet normal 0 0 -1
    outer loop
      vertex 28 47 2.4
      vertex 30.8716 49.8118 2.4
      vertex 30.48 46.8375 2.4
    endloop
  endfacet
  facet normal 0 0 -1
    outer loop
      vertex 28 47 2.4
      vertex 28 50 2.4
      vertex 30.8716 49.8118 2.4
    endloop
  endfacet
  facet normal 0 0 -1
    outer loop
      vertex 25.52 46.8375 2.4
      vertex 28 50 2.4
      vertex 28 47 2.4
    endloop
  endfacet
  facet normal 0 0 -1
    outer loop
      vertex 25.52 46.8375 2.4
      vertex 25.1284 49.8118 2.4
      vertex 28 50 2.4
    endloop
  endfacet
  facet normal 0 0 -1
    outer loop
      vertex 23.0824 46.3526 2.4
      vertex 25.1284 49.8118 2.4
      vertex 25.52 46.8375 2.4
    endloop
  endfacet
  facet normal 0 0 -1
    outer loop
      vertex 23.0824 46.3526 2.4
      vertex 22.306 49.2504 2.4
      vertex 25.1284 49.8118 2.4
    endloop
  endfacet
  facet normal 0 0 -1
    outer loop
      vertex 20.729 45.5537 2.4
      vertex 22.306 49.2504 2.4
      vertex 23.0824 46.3526 2.4
    endloop
  endfacet
  facet normal 0 0 -1
    outer loop
      vertex 20.729 45.5537 2.4
      vertex 19.581 48.3253 2.4
      vertex 22.306 49.2504 2.4
    endloop
  endfacet
  facet normal 0 0 -1
    outer loop
      vertex 18.5 44.4545 2.4
      vertex 19.581 48.3253 2.4
      vertex 20.729 45.5537 2.4
    endloop
  endfacet
  facet normal 0 0 -1
    outer loop
      vertex 18.5 44.4545 2.4
      vertex 17 47.0526 2.4
      vertex 19.581 48.3253 2.4
    endloop
  endfacet
  facet normal 0 0 -1
    outer loop
      vertex 16.4335 43.0737 2.4
      vertex 17 47.0526 2.4
      vertex 18.5 44.4545 2.4
    endloop
  endfacet
  facet normal 0 0 -1
    outer loop
      vertex 13.6855 43.7781 2.4
      vertex 16.4335 43.0737 2.4
      vertex 15.2092 42 2.4
    endloop
  endfacet
  facet normal 0 0 -1
    outer loop
      vertex 16.4335 43.0737 2.4
      vertex 14.6072 45.4538 2.4
      vertex 17 47.0526 2.4
    endloop
  endfacet
  facet normal 0 0 -1
    outer loop
      vertex 16.4335 43.0737 2.4
      vertex 13.7 44 2.4
      vertex 14.6072 45.4538 2.4
    endloop
  endfacet
  facet normal 0 0 -1
    outer loop
      vertex 16.4335 43.0737 2.4
      vertex 13.6855 43.7781 2.4
      vertex 13.7 44 2.4
    endloop
  endfacet
  facet normal 0 0 -1
    outer loop
      vertex 15.2092 42 2.4
      vertex 13.6421 43.56 2.4
      vertex 13.6855 43.7781 2.4
    endloop
  endfacet
  facet normal 0 0 -1
    outer loop
      vertex 15.2092 42 2.4
      vertex 13.5706 43.3494 2.4
      vertex 13.6421 43.56 2.4
    endloop
  endfacet
  facet normal 0 0 -1
    outer loop
      vertex 15.2092 42 2.4
      vertex 13.4722 43.15 2.4
      vertex 13.5706 43.3494 2.4
    endloop
  endfacet
  facet normal 0 0 -1
    outer loop
      vertex 15.2092 42 2.4
      vertex 13.3487 42.9651 2.4
      vertex 13.4722 43.15 2.4
    endloop
  endfacet
  facet normal 0 0 -1
    outer loop
      vertex 15.2092 42 2.4
      vertex 13.2021 42.7979 2.4
      vertex 13.3487 42.9651 2.4
    endloop
  endfacet
  facet normal 0 0 -1
    outer loop
      vertex 15.2092 42 2.4
      vertex 13.0349 42.6513 2.4
      vertex 13.2021 42.7979 2.4
    endloop
  endfacet
  facet normal 0 0 -1
    outer loop
      vertex 15.2092 42 2.4
      vertex 12.85 42.5278 2.4
      vertex 13.0349 42.6513 2.4
    endloop
  endfacet
  facet normal 0 0 -1
    outer loop
      vertex 15.2092 42 2.4
      vertex 12.6506 42.4294 2.4
      vertex 12.85 42.5278 2.4
    endloop
  endfacet
  facet normal 0 0 -1
    outer loop
      vertex 15.2092 42 2.4
      vertex 12.44 42.3579 2.4
      vertex 12.6506 42.4294 2.4
    endloop
  endfacet
  facet normal 0 0 -1
    outer loop
      vertex 15.2092 42 2.4
      vertex 12.2219 42.3145 2.4
      vertex 12.44 42.3579 2.4
    endloop
  endfacet
  facet normal 0 0 -1
    outer loop
      vertex 11.0788 42 2.4
      vertex 12.2219 42.3145 2.4
      vertex 15.2092 42 2.4
    endloop
  endfacet
  facet normal 0 0 -1
    outer loop
      vertex 12.2219 42.3145 2.4
      vertex 11.0788 42 2.4
      vertex 12 42.3 2.4
    endloop
  endfacet
  facet normal -0 0 -1
    outer loop
      vertex 11.56 42.3579 2.4
      vertex 11.0788 42 2.4
      vertex 11.4311 42.4017 2.4
    endloop
  endfacet
  facet normal -0 0 -1
    outer loop
      vertex 11.7781 42.3145 2.4
      vertex 11.0788 42 2.4
      vertex 11.56 42.3579 2.4
    endloop
  endfacet
  facet normal -0 0 -1
    outer loop
      vertex 12 42.3 2.4
      vertex 11.0788 42 2.4
      vertex 11.7781 42.3145 2.4
    endloop
  endfacet
  facet normal 0 0 -1
    outer loop
      vertex 42.3579 44.44 2.4
      vertex 41.3927 45.4538 2.4
      vertex 42.4017 44.5689 2.4
    endloop
  endfacet
  facet normal 0 0 -1
    outer loop
      vertex 42.3145 44.2219 2.4
      vertex 41.3927 45.4538 2.4
      vertex 42.3579 44.44 2.4
    endloop
  endfacet
  facet normal 0 0 -1
    outer loop
      vertex 41.3927 45.4538 2.4
      vertex 42.3145 44.2219 2.4
      vertex 42.3 44 2.4
    endloop
  endfacet
  facet normal 0 0 -1
    outer loop
      vertex 13.6855 44.2219 2.4
      vertex 14.6072 45.4538 2.4
      vertex 13.7 44 2.4
    endloop
  endfacet
  facet normal 0 0 -1
    outer loop
      vertex 13.6421 44.44 2.4
      vertex 14.6072 45.4538 2.4
      vertex 13.6855 44.2219 2.4
    endloop
  endfacet
  facet normal 0 0 -1
    outer loop
      vertex 14.6072 45.4538 2.4
      vertex 13.6421 44.44 2.4
      vertex 13.5983 44.5689 2.4
    endloop
  endfacet
  facet normal -0 0 -1
    outer loop
      vertex 42.3145 11.7781 2.4
      vertex 41.3927 10.5462 2.4
      vertex 42.3 12 2.4
    endloop
  endfacet
  facet normal -0 0 -1
    outer loop
      vertex 42.3579 11.56 2.4
      vertex 41.3927 10.5462 2.4
      vertex 42.3145 11.7781 2.4
    endloop
  endfacet
  facet normal 0 0 -1
    outer loop
      vertex 41.3927 10.5462 2.4
      vertex 42.3579 11.56 2.4
      vertex 42.4017 11.4311 2.4
    endloop
  endfacet
  facet normal 0 0 -1
    outer loop
      vertex 44.44 13.6421 2.4
      vertex 44.9212 14 2.4
      vertex 44.5689 13.5983 2.4
    endloop
  endfacet
  facet normal 0 0 -1
    outer loop
      vertex 44.2219 13.6855 2.4
      vertex 44.9212 14 2.4
      vertex 44.44 13.6421 2.4
    endloop
  endfacet
  facet normal 0 0 -1
    outer loop
      vertex 44 13.7 2.4
      vertex 44.9212 14 2.4
      vertex 44.2219 13.6855 2.4
    endloop
  endfacet
  facet normal 0 0 -1
    outer loop
      vertex 43.7781 13.6855 2.4
      vertex 44.9212 14 2.4
      vertex 44 13.7 2.4
    endloop
  endfacet
  facet normal 0 0 -1
    outer loop
      vertex 40.7908 14 2.4
      vertex 43.7781 13.6855 2.4
      vertex 43.56 13.6421 2.4
    endloop
  endfacet
  facet normal 0 0 -1
    outer loop
      vertex 39.5665 12.9263 2.4
      vertex 42.3 12 2.4
      vertex 41.3927 10.5462 2.4
    endloop
  endfacet
  facet normal 0 0 -1
    outer loop
      vertex 42.3 12 2.4
      vertex 39.5665 12.9263 2.4
      vertex 42.3145 12.2219 2.4
    endloop
  endfacet
  facet normal 0 -0 -1
    outer loop
      vertex 40.7908 14 2.4
      vertex 42.3145 12.2219 2.4
      vertex 39.5665 12.9263 2.4
    endloop
  endfacet
  facet normal 0 0 -1
    outer loop
      vertex 43.7781 13.6855 2.4
      vertex 40.7908 14 2.4
      vertex 44.9212 14 2.4
    endloop
  endfacet
  facet normal 0 0 -1
    outer loop
      vertex 43.3494 13.5706 2.4
      vertex 40.7908 14 2.4
      vertex 43.56 13.6421 2.4
    endloop
  endfacet
  facet normal 0 0 -1
    outer loop
      vertex 43.15 13.4722 2.4
      vertex 40.7908 14 2.4
      vertex 43.3494 13.5706 2.4
    endloop
  endfacet
  facet normal 0 0 -1
    outer loop
      vertex 42.9651 13.3487 2.4
      vertex 40.7908 14 2.4
      vertex 43.15 13.4722 2.4
    endloop
  endfacet
  facet normal 0 0 -1
    outer loop
      vertex 42.7979 13.2021 2.4
      vertex 40.7908 14 2.4
      vertex 42.9651 13.3487 2.4
    endloop
  endfacet
  facet normal 0 0 -1
    outer loop
      vertex 42.6513 13.0349 2.4
      vertex 40.7908 14 2.4
      vertex 42.7979 13.2021 2.4
    endloop
  endfacet
  facet normal 0 0 -1
    outer loop
      vertex 42.5278 12.85 2.4
      vertex 40.7908 14 2.4
      vertex 42.6513 13.0349 2.4
    endloop
  endfacet
  facet normal 0 0 -1
    outer loop
      vertex 42.4294 12.6506 2.4
      vertex 40.7908 14 2.4
      vertex 42.5278 12.85 2.4
    endloop
  endfacet
  facet normal 0 0 -1
    outer loop
      vertex 42.3145 12.2219 2.4
      vertex 40.7908 14 2.4
      vertex 42.3579 12.44 2.4
    endloop
  endfacet
  facet normal 0 0 -1
    outer loop
      vertex 42.3579 12.44 2.4
      vertex 40.7908 14 2.4
      vertex 42.4294 12.6506 2.4
    endloop
  endfacet
  facet normal 0 0 -1
    outer loop
      vertex 39 8.94744 2.4
      vertex 39.5665 12.9263 2.4
      vertex 41.3927 10.5462 2.4
    endloop
  endfacet
  facet normal 0 0 -1
    outer loop
      vertex 39 8.94744 2.4
      vertex 37.5 11.5455 2.4
      vertex 39.5665 12.9263 2.4
    endloop
  endfacet
  facet normal 0 0 -1
    outer loop
      vertex 36.419 7.67465 2.4
      vertex 37.5 11.5455 2.4
      vertex 39 8.94744 2.4
    endloop
  endfacet
  facet normal 0 0 -1
    outer loop
      vertex 36.419 7.67465 2.4
      vertex 35.271 10.4463 2.4
      vertex 37.5 11.5455 2.4
    endloop
  endfacet
  facet normal 0 0 -1
    outer loop
      vertex 33.694 6.74963 2.4
      vertex 35.271 10.4463 2.4
      vertex 36.419 7.67465 2.4
    endloop
  endfacet
  facet normal 0 0 -1
    outer loop
      vertex 33.694 6.74963 2.4
      vertex 32.9176 9.64741 2.4
      vertex 35.271 10.4463 2.4
    endloop
  endfacet
  facet normal 0 0 -1
    outer loop
      vertex 30.8716 6.18821 2.4
      vertex 32.9176 9.64741 2.4
      vertex 33.694 6.74963 2.4
    endloop
  endfacet
  facet normal 0 0 -1
    outer loop
      vertex 30.8716 6.18821 2.4
      vertex 30.48 9.16255 2.4
      vertex 32.9176 9.64741 2.4
    endloop
  endfacet
  facet normal 0 0 -1
    outer loop
      vertex 28 6 2.4
      vertex 30.48 9.16255 2.4
      vertex 30.8716 6.18821 2.4
    endloop
  endfacet
  facet normal 0 0 -1
    outer loop
      vertex 28 6 2.4
      vertex 28 9 2.4
      vertex 30.48 9.16255 2.4
    endloop
  endfacet
  facet normal 0 0 -1
    outer loop
      vertex 28 6 2.4
      vertex 25.52 9.16255 2.4
      vertex 28 9 2.4
    endloop
  endfacet
  facet normal 0 0 -1
    outer loop
      vertex 25.1284 6.18821 2.4
      vertex 25.52 9.16255 2.4
      vertex 28 6 2.4
    endloop
  endfacet
  facet normal 0 0 -1
    outer loop
      vertex 25.1284 6.18821 2.4
      vertex 23.0824 9.64741 2.4
      vertex 25.52 9.16255 2.4
    endloop
  endfacet
  facet normal 0 0 -1
    outer loop
      vertex 22.306 6.74963 2.4
      vertex 23.0824 9.64741 2.4
      vertex 25.1284 6.18821 2.4
    endloop
  endfacet
  facet normal 0 0 -1
    outer loop
      vertex 22.306 6.74963 2.4
      vertex 20.729 10.4463 2.4
      vertex 23.0824 9.64741 2.4
    endloop
  endfacet
  facet normal 0 0 -1
    outer loop
      vertex 19.581 7.67465 2.4
      vertex 20.729 10.4463 2.4
      vertex 22.306 6.74963 2.4
    endloop
  endfacet
  facet normal 0 0 -1
    outer loop
      vertex 19.581 7.67465 2.4
      vertex 18.5 11.5455 2.4
      vertex 20.729 10.4463 2.4
    endloop
  endfacet
  facet normal 0 0 -1
    outer loop
      vertex 17 8.94744 2.4
      vertex 18.5 11.5455 2.4
      vertex 19.581 7.67465 2.4
    endloop
  endfacet
  facet normal 0 0 -1
    outer loop
      vertex 17 8.94744 2.4
      vertex 16.4335 12.9263 2.4
      vertex 18.5 11.5455 2.4
    endloop
  endfacet
  facet normal 0 0 -1
    outer loop
      vertex 14.6072 10.5462 2.4
      vertex 16.4335 12.9263 2.4
      vertex 17 8.94744 2.4
    endloop
  endfacet
  facet normal 0 0 -1
    outer loop
      vertex 13.7 12 2.4
      vertex 16.4335 12.9263 2.4
      vertex 14.6072 10.5462 2.4
    endloop
  endfacet
  facet normal 0 0 -1
    outer loop
      vertex 13.6855 12.2219 2.4
      vertex 16.4335 12.9263 2.4
      vertex 13.7 12 2.4
    endloop
  endfacet
  facet normal -0 0 -1
    outer loop
      vertex 16.4335 12.9263 2.4
      vertex 13.6855 12.2219 2.4
      vertex 15.2092 14 2.4
    endloop
  endfacet
  facet normal 0 0 -1
    outer loop
      vertex 13.6421 12.44 2.4
      vertex 15.2092 14 2.4
      vertex 13.6855 12.2219 2.4
    endloop
  endfacet
  facet normal 0 0 -1
    outer loop
      vertex 13.5706 12.6506 2.4
      vertex 15.2092 14 2.4
      vertex 13.6421 12.44 2.4
    endloop
  endfacet
  facet normal 0 0 -1
    outer loop
      vertex 13.4722 12.85 2.4
      vertex 15.2092 14 2.4
      vertex 13.5706 12.6506 2.4
    endloop
  endfacet
  facet normal 0 0 -1
    outer loop
      vertex 13.3487 13.0349 2.4
      vertex 15.2092 14 2.4
      vertex 13.4722 12.85 2.4
    endloop
  endfacet
  facet normal 0 0 -1
    outer loop
      vertex 13.2021 13.2021 2.4
      vertex 15.2092 14 2.4
      vertex 13.3487 13.0349 2.4
    endloop
  endfacet
  facet normal 0 0 -1
    outer loop
      vertex 13.0349 13.3487 2.4
      vertex 15.2092 14 2.4
      vertex 13.2021 13.2021 2.4
    endloop
  endfacet
  facet normal 0 0 -1
    outer loop
      vertex 12.85 13.4722 2.4
      vertex 15.2092 14 2.4
      vertex 13.0349 13.3487 2.4
    endloop
  endfacet
  facet normal 0 0 -1
    outer loop
      vertex 12.6506 13.5706 2.4
      vertex 15.2092 14 2.4
      vertex 12.85 13.4722 2.4
    endloop
  endfacet
  facet normal 0 0 -1
    outer loop
      vertex 12.44 13.6421 2.4
      vertex 15.2092 14 2.4
      vertex 12.6506 13.5706 2.4
    endloop
  endfacet
  facet normal 0 0 -1
    outer loop
      vertex 12.2219 13.6855 2.4
      vertex 15.2092 14 2.4
      vertex 12.44 13.6421 2.4
    endloop
  endfacet
  facet normal 0 0 -1
    outer loop
      vertex 11.0788 14 2.4
      vertex 12.2219 13.6855 2.4
      vertex 12 13.7 2.4
    endloop
  endfacet
  facet normal 0 0 -1
    outer loop
      vertex 11.0788 14 2.4
      vertex 12 13.7 2.4
      vertex 11.7781 13.6855 2.4
    endloop
  endfacet
  facet normal 0 0 -1
    outer loop
      vertex 12.2219 13.6855 2.4
      vertex 11.0788 14 2.4
      vertex 15.2092 14 2.4
    endloop
  endfacet
  facet normal 0 0 -1
    outer loop
      vertex 11.56 13.6421 2.4
      vertex 11.0788 14 2.4
      vertex 11.7781 13.6855 2.4
    endloop
  endfacet
  facet normal 0 0 -1
    outer loop
      vertex 11.0788 14 2.4
      vertex 11.56 13.6421 2.4
      vertex 11.4311 13.5983 2.4
    endloop
  endfacet
  facet normal 0 0 -1
    outer loop
      vertex 14.6072 10.5462 2.4
      vertex 13.6855 11.7781 2.4
      vertex 13.7 12 2.4
    endloop
  endfacet
  facet normal 0 0 -1
    outer loop
      vertex 14.6072 10.5462 2.4
      vertex 13.6421 11.56 2.4
      vertex 13.6855 11.7781 2.4
    endloop
  endfacet
  facet normal 0 -0 -1
    outer loop
      vertex 13.6421 11.56 2.4
      vertex 14.6072 10.5462 2.4
      vertex 13.5983 11.4311 2.4
    endloop
  endfacet
  facet normal 0.946921 0.321467 0
    outer loop
      vertex 49.2504 33.694 13.4
      vertex 48.3253 36.419 2.4
      vertex 48.3253 36.419 13.4
    endloop
  endfacet
  facet normal 0.946921 0.321467 0
    outer loop
      vertex 48.3253 36.419 2.4
      vertex 49.2504 33.694 13.4
      vertex 49.2504 33.694 2.4
    endloop
  endfacet
  facet normal 0.195087 0.980786 -0
    outer loop
      vertex 33.694 49.2504 2.4
      vertex 30.8716 49.8118 13.4
      vertex 33.694 49.2504 13.4
    endloop
  endfacet
  facet normal 0.195087 0.980786 0
    outer loop
      vertex 30.8716 49.8118 13.4
      vertex 33.694 49.2504 2.4
      vertex 30.8716 49.8118 2.4
    endloop
  endfacet
  facet normal 0.659359 0.751828 -0
    outer loop
      vertex 42.4017 44.5689 2.4
      vertex 41.3927 45.4538 13.4
      vertex 42.4017 44.5689 13.4
    endloop
  endfacet
  facet normal 0.659359 0.751828 0
    outer loop
      vertex 41.3927 45.4538 13.4
      vertex 42.4017 44.5689 2.4
      vertex 41.3927 45.4538 2.4
    endloop
  endfacet
  facet normal -0.831468 0.555572 0
    outer loop
      vertex 8.94744 39 2.4
      vertex 10.5462 41.3927 3.45179
      vertex 10.5462 41.3927 2.4
    endloop
  endfacet
  facet normal -0.831475 0.555562 0
    outer loop
      vertex 10 40.5753 4.86771
      vertex 8.94744 39 2.4
      vertex 10 40.5753 7.35093
    endloop
  endfacet
  facet normal -0.831466 0.555576 -1.29813e-05
    outer loop
      vertex 10.5462 41.3927 3.45179
      vertex 8.94744 39 2.4
      vertex 10 40.5753 4.86771
    endloop
  endfacet
  facet normal -0.831495 0.555532 0
    outer loop
      vertex 10.2074 40.8856 7.53013
      vertex 10.5462 41.3927 13.4
      vertex 10.5462 41.3927 6.65179
    endloop
  endfacet
  facet normal -0.831401 0.555673 4.15262e-05
    outer loop
      vertex 8.94744 39 13.4
      vertex 10.2074 40.8856 7.53013
      vertex 10 40.5753 7.35093
    endloop
  endfacet
  facet normal -0.831475 0.555562 0
    outer loop
      vertex 8.94744 39 13.4
      vertex 10 40.5753 7.35093
      vertex 8.94744 39 2.4
    endloop
  endfacet
  facet normal -0.831468 0.555572 -4.99869e-06
    outer loop
      vertex 10.2074 40.8856 7.53013
      vertex 8.94744 39 13.4
      vertex 10.5462 41.3927 13.4
    endloop
  endfacet
  facet normal -0.751828 0.659359 0
    outer loop
      vertex 10.5462 41.3927 6.65179
      vertex 11.4311 42.4017 13.4
      vertex 11.4311 42.4017 4.90423
    endloop
  endfacet
  facet normal -0.751828 0.659359 0
    outer loop
      vertex 11.4311 42.4017 13.4
      vertex 10.5462 41.3927 6.65179
      vertex 10.5462 41.3927 13.4
    endloop
  endfacet
  facet normal -0.751832 0.659354 0
    outer loop
      vertex 11.0788 42 2.4
      vertex 10.5462 41.3927 2.4
      vertex 10.5462 41.3927 3.45179
    endloop
  endfacet
  facet normal -0.751823 0.659365 0
    outer loop
      vertex 11.4311 42.4017 2.4
      vertex 11.0788 42 2.4
      vertex 11.4311 42.4017 2.63192
    endloop
  endfacet
  facet normal -0.980785 0.195094 0
    outer loop
      vertex 6.18821 30.8716 2.4
      vertex 6.74963 33.694 13.4
      vertex 6.74963 33.694 2.4
    endloop
  endfacet
  facet normal -0.980785 0.195094 0
    outer loop
      vertex 6.74963 33.694 13.4
      vertex 6.18821 30.8716 2.4
      vertex 6.18821 30.8716 13.4
    endloop
  endfacet
  facet normal -0.555566 0.831472 0
    outer loop
      vertex 17 47.0526 2.4
      vertex 14.6072 45.4538 13.4
      vertex 17 47.0526 13.4
    endloop
  endfacet
  facet normal -0.555566 0.831472 0
    outer loop
      vertex 14.6072 45.4538 13.4
      vertex 17 47.0526 2.4
      vertex 14.6072 45.4538 2.4
    endloop
  endfacet
  facet normal -0.0653981 0.997859 0
    outer loop
      vertex 28 50 2.4
      vertex 25.1284 49.8118 13.4
      vertex 28 50 13.4
    endloop
  endfacet
  facet normal -0.0653981 0.997859 0
    outer loop
      vertex 25.1284 49.8118 13.4
      vertex 28 50 2.4
      vertex 25.1284 49.8118 2.4
    endloop
  endfacet
  facet normal 0.997859 -0.0653981 0
    outer loop
      vertex 49.8118 25.1284 13.4
      vertex 50 28 2.4
      vertex 50 28 13.4
    endloop
  endfacet
  facet normal 0.997859 -0.0653981 0
    outer loop
      vertex 50 28 2.4
      vertex 49.8118 25.1284 13.4
      vertex 49.8118 25.1284 2.4
    endloop
  endfacet
  facet normal 0.0654015 -0.997859 0
    outer loop
      vertex 28 6 2.4
      vertex 30.8716 6.18821 13.4
      vertex 28 6 13.4
    endloop
  endfacet
  facet normal 0.0654015 -0.997859 0
    outer loop
      vertex 30.8716 6.18821 13.4
      vertex 28 6 2.4
      vertex 30.8716 6.18821 2.4
    endloop
  endfacet
  facet normal 0.321442 -0.946929 0
    outer loop
      vertex 33.694 6.74963 2.4
      vertex 36.419 7.67465 13.4
      vertex 33.694 6.74963 13.4
    endloop
  endfacet
  facet normal 0.321442 -0.946929 0
    outer loop
      vertex 36.419 7.67465 13.4
      vertex 33.694 6.74963 2.4
      vertex 36.419 7.67465 2.4
    endloop
  endfacet
  facet normal 0.555572 -0.831468 0
    outer loop
      vertex 39 8.94744 2.4
      vertex 41.3927 10.5462 13.4
      vertex 39 8.94744 13.4
    endloop
  endfacet
  facet normal 0.555572 -0.831468 0
    outer loop
      vertex 41.3927 10.5462 13.4
      vertex 39 8.94744 2.4
      vertex 41.3927 10.5462 2.4
    endloop
  endfacet
  facet normal 0.751796 -0.659396 0
    outer loop
      vertex 44.5689 13.5983 6.29577
      vertex 45.4538 14.6072 13.4
      vertex 44.5689 13.5983 13.4
    endloop
  endfacet
  facet normal 0.751796 -0.659396 0
    outer loop
      vertex 45.4538 14.6072 13.4
      vertex 44.5689 13.5983 6.29577
      vertex 45.4538 14.6072 4.54821
    endloop
  endfacet
  facet normal 0.751778 -0.659416 0
    outer loop
      vertex 45.4538 14.6072 2.7506
      vertex 44.9212 14 2.4
      vertex 45.4538 14.6072 2.4
    endloop
  endfacet
  facet normal 0.751823 -0.659365 0
    outer loop
      vertex 44.5689 13.5983 3.09577
      vertex 44.5689 13.5983 2.4
      vertex 44.9212 14 2.4
    endloop
  endfacet
  facet normal 0.896888 -0.442258 0
    outer loop
      vertex 47.0526 17 13.4
      vertex 48.3253 19.581 2.4
      vertex 48.3253 19.581 13.4
    endloop
  endfacet
  facet normal 0.896888 -0.442258 0
    outer loop
      vertex 48.3253 19.581 2.4
      vertex 47.0526 17 13.4
      vertex 47.0526 17 2.4
    endloop
  endfacet
  facet normal -0.659396 -0.751796 0
    outer loop
      vertex 13.5983 11.4311 2.4
      vertex 14.6072 10.5462 13.4
      vertex 13.5983 11.4311 13.4
    endloop
  endfacet
  facet normal -0.659396 -0.751796 -0
    outer loop
      vertex 14.6072 10.5462 13.4
      vertex 13.5983 11.4311 2.4
      vertex 14.6072 10.5462 2.4
    endloop
  endfacet
  facet normal -0.442284 -0.896875 0
    outer loop
      vertex 17 8.94744 2.4
      vertex 19.581 7.67465 13.4
      vertex 17 8.94744 13.4
    endloop
  endfacet
  facet normal -0.442284 -0.896875 -0
    outer loop
      vertex 19.581 7.67465 13.4
      vertex 17 8.94744 2.4
      vertex 19.581 7.67465 2.4
    endloop
  endfacet
  facet normal -0.195094 -0.980785 0
    outer loop
      vertex 22.306 6.74963 2.4
      vertex 25.1284 6.18821 13.4
      vertex 22.306 6.74963 13.4
    endloop
  endfacet
  facet normal -0.195094 -0.980785 -0
    outer loop
      vertex 25.1284 6.18821 13.4
      vertex 22.306 6.74963 2.4
      vertex 25.1284 6.18821 2.4
    endloop
  endfacet
  facet normal -0.831483 -0.55555 1.09678e-05
    outer loop
      vertex 10.5462 14.6072 4.54821
      vertex 8.94744 17 2.4
      vertex 10.0261 15.3856 3.2
    endloop
  endfacet
  facet normal -0.831479 -0.555556 -8.90275e-06
    outer loop
      vertex 10.5462 14.6072 2.4
      vertex 10.0261 15.3856 3.2
      vertex 8.94744 17 2.4
    endloop
  endfacet
  facet normal -0.831475 -0.555563 0
    outer loop
      vertex 10.0261 15.3856 3.2
      vertex 10.5462 14.6072 2.4
      vertex 10.5462 14.6072 2.7506
    endloop
  endfacet
  facet normal -0.831479 -0.555556 0
    outer loop
      vertex 8.94744 17 2.4
      vertex 10.5462 14.6072 4.54821
      vertex 8.94744 17 13.4
    endloop
  endfacet
  facet normal -0.831479 -0.555556 0
    outer loop
      vertex 8.94744 17 13.4
      vertex 10.5462 14.6072 4.54821
      vertex 10.5462 14.6072 13.4
    endloop
  endfacet
  facet normal -0.946929 -0.321442 0
    outer loop
      vertex 7.67465 19.581 2.4
      vertex 6.74963 22.306 13.4
      vertex 6.74963 22.306 2.4
    endloop
  endfacet
  facet normal -0.946929 -0.321442 0
    outer loop
      vertex 6.74963 22.306 13.4
      vertex 7.67465 19.581 2.4
      vertex 7.67465 19.581 13.4
    endloop
  endfacet
  facet normal -0.997859 -0.0654015 0
    outer loop
      vertex 6.18821 25.1284 2.4
      vertex 6 28 13.4
      vertex 6 28 2.4
    endloop
  endfacet
  facet normal -0.997859 -0.0654015 0
    outer loop
      vertex 6 28 13.4
      vertex 6.18821 25.1284 2.4
      vertex 6.18821 25.1284 13.4
    endloop
  endfacet
  facet normal 0.195094 -0.980785 0
    outer loop
      vertex 30.8716 6.18821 2.4
      vertex 33.694 6.74963 13.4
      vertex 30.8716 6.18821 13.4
    endloop
  endfacet
  facet normal 0.195094 -0.980785 0
    outer loop
      vertex 33.694 6.74963 13.4
      vertex 30.8716 6.18821 2.4
      vertex 33.694 6.74963 2.4
    endloop
  endfacet
  facet normal 0.659359 -0.751828 0
    outer loop
      vertex 41.3927 10.5462 2.4
      vertex 42.4017 11.4311 13.4
      vertex 41.3927 10.5462 13.4
    endloop
  endfacet
  facet normal 0.659359 -0.751828 0
    outer loop
      vertex 42.4017 11.4311 13.4
      vertex 41.3927 10.5462 2.4
      vertex 42.4017 11.4311 2.4
    endloop
  endfacet
  facet normal 0.831472 -0.555566 0
    outer loop
      vertex 45.4538 14.6072 4.54821
      vertex 47.0526 17 2.4
      vertex 47.0526 17 13.4
    endloop
  endfacet
  facet normal 0.831472 -0.555566 0
    outer loop
      vertex 45.4538 14.6072 4.54821
      vertex 47.0526 17 13.4
      vertex 45.4538 14.6072 13.4
    endloop
  endfacet
  facet normal 0.83147 -0.555569 -5.69357e-06
    outer loop
      vertex 47.0526 17 2.4
      vertex 45.4538 14.6072 4.54821
      vertex 45.9739 15.3856 3.2
    endloop
  endfacet
  facet normal 0.831475 -0.555563 0
    outer loop
      vertex 45.4538 14.6072 2.4
      vertex 45.9739 15.3856 3.2
      vertex 45.4538 14.6072 2.7506
    endloop
  endfacet
  facet normal 0.831472 -0.555566 4.62161e-06
    outer loop
      vertex 45.9739 15.3856 3.2
      vertex 45.4538 14.6072 2.4
      vertex 47.0526 17 2.4
    endloop
  endfacet
  facet normal 0.946921 -0.321467 0
    outer loop
      vertex 48.3253 19.581 13.4
      vertex 49.2504 22.306 2.4
      vertex 49.2504 22.306 13.4
    endloop
  endfacet
  facet normal 0.946921 -0.321467 0
    outer loop
      vertex 49.2504 22.306 2.4
      vertex 48.3253 19.581 13.4
      vertex 48.3253 19.581 2.4
    endloop
  endfacet
  facet normal -0.555556 -0.831479 0
    outer loop
      vertex 14.6072 10.5462 2.4
      vertex 17 8.94744 13.4
      vertex 14.6072 10.5462 13.4
    endloop
  endfacet
  facet normal -0.555556 -0.831479 -0
    outer loop
      vertex 17 8.94744 13.4
      vertex 14.6072 10.5462 2.4
      vertex 17 8.94744 2.4
    endloop
  endfacet
  facet normal -0.0654015 -0.997859 0
    outer loop
      vertex 25.1284 6.18821 2.4
      vertex 28 6 13.4
      vertex 25.1284 6.18821 13.4
    endloop
  endfacet
  facet normal -0.0654015 -0.997859 -0
    outer loop
      vertex 28 6 13.4
      vertex 25.1284 6.18821 2.4
      vertex 28 6 2.4
    endloop
  endfacet
  facet normal -0.751778 -0.659416 -0
    outer loop
      vertex 10.5462 14.6072 2.7506
      vertex 10.5462 14.6072 2.4
      vertex 11.0788 14 2.4
    endloop
  endfacet
  facet normal -0.751796 -0.659396 0
    outer loop
      vertex 11.4311 13.5983 6.29576
      vertex 10.5462 14.6072 13.4
      vertex 10.5462 14.6072 4.54821
    endloop
  endfacet
  facet normal -0.751796 -0.659396 0
    outer loop
      vertex 10.5462 14.6072 13.4
      vertex 11.4311 13.5983 6.29576
      vertex 11.4311 13.5983 13.4
    endloop
  endfacet
  facet normal -0.751823 -0.659365 -0
    outer loop
      vertex 11.4311 13.5983 3.09577
      vertex 11.0788 14 2.4
      vertex 11.4311 13.5983 2.4
    endloop
  endfacet
  facet normal -0.980785 -0.195094 0
    outer loop
      vertex 6.74963 22.306 2.4
      vertex 6.18821 25.1284 13.4
      vertex 6.18821 25.1284 2.4
    endloop
  endfacet
  facet normal -0.980785 -0.195094 0
    outer loop
      vertex 6.18821 25.1284 13.4
      vertex 6.74963 22.306 2.4
      vertex 6.74963 22.306 13.4
    endloop
  endfacet
  facet normal 0 0 1
    outer loop
      vertex 41.3927 45.4538 13.4
      vertex 42.3 44 13.4
      vertex 42.3145 44.2219 13.4
    endloop
  endfacet
  facet normal 0 0 1
    outer loop
      vertex 41.3927 45.4538 13.4
      vertex 42.3145 44.2219 13.4
      vertex 42.3579 44.44 13.4
    endloop
  endfacet
  facet normal 0 0 1
    outer loop
      vertex 41.3927 45.4538 13.4
      vertex 42.3579 44.44 13.4
      vertex 42.4017 44.5689 13.4
    endloop
  endfacet
  facet normal 0 0 1
    outer loop
      vertex 42.3 44 13.4
      vertex 41.3927 45.4538 13.4
      vertex 39.5665 43.0737 13.4
    endloop
  endfacet
  facet normal 0 0 1
    outer loop
      vertex 42.3 44 13.4
      vertex 39.5665 43.0737 13.4
      vertex 41.435 41.435 13.4
    endloop
  endfacet
  facet normal 0 0 1
    outer loop
      vertex 39 47.0526 13.4
      vertex 39.5665 43.0737 13.4
      vertex 41.3927 45.4538 13.4
    endloop
  endfacet
  facet normal 0 0 1
    outer loop
      vertex 39 47.0526 13.4
      vertex 37.5 44.4545 13.4
      vertex 39.5665 43.0737 13.4
    endloop
  endfacet
  facet normal 0 0 1
    outer loop
      vertex 36.419 48.3253 13.4
      vertex 37.5 44.4545 13.4
      vertex 39 47.0526 13.4
    endloop
  endfacet
  facet normal 0 0 1
    outer loop
      vertex 36.419 48.3253 13.4
      vertex 35.271 45.5537 13.4
      vertex 37.5 44.4545 13.4
    endloop
  endfacet
  facet normal 0 0 1
    outer loop
      vertex 33.694 49.2504 13.4
      vertex 35.271 45.5537 13.4
      vertex 36.419 48.3253 13.4
    endloop
  endfacet
  facet normal 0 0 1
    outer loop
      vertex 33.694 49.2504 13.4
      vertex 32.9176 46.3526 13.4
      vertex 35.271 45.5537 13.4
    endloop
  endfacet
  facet normal 0 0 1
    outer loop
      vertex 30.8716 49.8118 13.4
      vertex 32.9176 46.3526 13.4
      vertex 33.694 49.2504 13.4
    endloop
  endfacet
  facet normal 0 0 1
    outer loop
      vertex 30.8716 49.8118 13.4
      vertex 30.48 46.8375 13.4
      vertex 32.9176 46.3526 13.4
    endloop
  endfacet
  facet normal 0 0 1
    outer loop
      vertex 28 50 13.4
      vertex 30.48 46.8375 13.4
      vertex 30.8716 49.8118 13.4
    endloop
  endfacet
  facet normal 0 0 1
    outer loop
      vertex 28 50 13.4
      vertex 28 47 13.4
      vertex 30.48 46.8375 13.4
    endloop
  endfacet
  facet normal 0 0 1
    outer loop
      vertex 28 50 13.4
      vertex 25.52 46.8375 13.4
      vertex 28 47 13.4
    endloop
  endfacet
  facet normal -0 0 1
    outer loop
      vertex 25.1284 49.8118 13.4
      vertex 25.52 46.8375 13.4
      vertex 28 50 13.4
    endloop
  endfacet
  facet normal 0 0 1
    outer loop
      vertex 25.1284 49.8118 13.4
      vertex 23.0824 46.3526 13.4
      vertex 25.52 46.8375 13.4
    endloop
  endfacet
  facet normal -0 0 1
    outer loop
      vertex 22.306 49.2504 13.4
      vertex 23.0824 46.3526 13.4
      vertex 25.1284 49.8118 13.4
    endloop
  endfacet
  facet normal 0 0 1
    outer loop
      vertex 22.306 49.2504 13.4
      vertex 20.729 45.5537 13.4
      vertex 23.0824 46.3526 13.4
    endloop
  endfacet
  facet normal -0 0 1
    outer loop
      vertex 19.581 48.3253 13.4
      vertex 20.729 45.5537 13.4
      vertex 22.306 49.2504 13.4
    endloop
  endfacet
  facet normal 0 0 1
    outer loop
      vertex 19.581 48.3253 13.4
      vertex 18.5 44.4545 13.4
      vertex 20.729 45.5537 13.4
    endloop
  endfacet
  facet normal -0 0 1
    outer loop
      vertex 17 47.0526 13.4
      vertex 18.5 44.4545 13.4
      vertex 19.581 48.3253 13.4
    endloop
  endfacet
  facet normal 0 0 1
    outer loop
      vertex 17 47.0526 13.4
      vertex 16.4335 43.0737 13.4
      vertex 18.5 44.4545 13.4
    endloop
  endfacet
  facet normal -0 0 1
    outer loop
      vertex 14.6072 45.4538 13.4
      vertex 16.4335 43.0737 13.4
      vertex 17 47.0526 13.4
    endloop
  endfacet
  facet normal -0 0 1
    outer loop
      vertex 13.7 44 13.4
      vertex 16.4335 43.0737 13.4
      vertex 14.6072 45.4538 13.4
    endloop
  endfacet
  facet normal 0 0 1
    outer loop
      vertex 16.4335 43.0737 13.4
      vertex 13.7 44 13.4
      vertex 13.6855 43.7781 13.4
    endloop
  endfacet
  facet normal 0 0 1
    outer loop
      vertex 14.6072 45.4538 13.4
      vertex 13.6855 44.2219 13.4
      vertex 13.7 44 13.4
    endloop
  endfacet
  facet normal 0 0 1
    outer loop
      vertex 14.6072 45.4538 13.4
      vertex 13.6421 44.44 13.4
      vertex 13.6855 44.2219 13.4
    endloop
  endfacet
  facet normal 0 -0 1
    outer loop
      vertex 13.6421 44.44 13.4
      vertex 14.6072 45.4538 13.4
      vertex 13.5983 44.5689 13.4
    endloop
  endfacet
  facet normal 0 0 1
    outer loop
      vertex 47 28 13.4
      vertex 50 28 13.4
      vertex 49.8118 30.8716 13.4
    endloop
  endfacet
  facet normal 0 0 1
    outer loop
      vertex 46.8375 30.48 13.4
      vertex 49.8118 30.8716 13.4
      vertex 49.2504 33.694 13.4
    endloop
  endfacet
  facet normal 0 0 1
    outer loop
      vertex 50 28 13.4
      vertex 47 28 13.4
      vertex 49.8118 25.1284 13.4
    endloop
  endfacet
  facet normal 0 0 1
    outer loop
      vertex 46.3526 32.9176 13.4
      vertex 49.2504 33.694 13.4
      vertex 48.3253 36.419 13.4
    endloop
  endfacet
  facet normal -0 0 1
    outer loop
      vertex 46.8375 25.52 13.4
      vertex 49.8118 25.1284 13.4
      vertex 47 28 13.4
    endloop
  endfacet
  facet normal 0 0 1
    outer loop
      vertex 45.5537 35.271 13.4
      vertex 48.3253 36.419 13.4
      vertex 47.0526 39 13.4
    endloop
  endfacet
  facet normal 0 0 1
    outer loop
      vertex 49.8118 25.1284 13.4
      vertex 46.8375 25.52 13.4
      vertex 49.2504 22.306 13.4
    endloop
  endfacet
  facet normal -0 0 1
    outer loop
      vertex 46.3526 23.0824 13.4
      vertex 49.2504 22.306 13.4
      vertex 46.8375 25.52 13.4
    endloop
  endfacet
  facet normal 0 0 1
    outer loop
      vertex 49.8118 30.8716 13.4
      vertex 46.8375 30.48 13.4
      vertex 47 28 13.4
    endloop
  endfacet
  facet normal 0 0 1
    outer loop
      vertex 49.2504 33.694 13.4
      vertex 46.3526 32.9176 13.4
      vertex 46.8375 30.48 13.4
    endloop
  endfacet
  facet normal 0 0 1
    outer loop
      vertex 48.3253 36.419 13.4
      vertex 45.5537 35.271 13.4
      vertex 46.3526 32.9176 13.4
    endloop
  endfacet
  facet normal 0 0 1
    outer loop
      vertex 44.4545 37.5 13.4
      vertex 47.0526 39 13.4
      vertex 45.4538 41.3927 13.4
    endloop
  endfacet
  facet normal -0 0 1
    outer loop
      vertex 44.44 42.3579 13.4
      vertex 45.4538 41.3927 13.4
      vertex 44.5689 42.4017 13.4
    endloop
  endfacet
  facet normal 0 0 1
    outer loop
      vertex 47.0526 39 13.4
      vertex 44.4545 37.5 13.4
      vertex 45.5537 35.271 13.4
    endloop
  endfacet
  facet normal -0 0 1
    outer loop
      vertex 44.2219 42.3145 13.4
      vertex 45.4538 41.3927 13.4
      vertex 44.44 42.3579 13.4
    endloop
  endfacet
  facet normal -0 0 1
    outer loop
      vertex 44 42.3 13.4
      vertex 45.4538 41.3927 13.4
      vertex 44.2219 42.3145 13.4
    endloop
  endfacet
  facet normal 0 0 1
    outer loop
      vertex 45.4538 41.3927 13.4
      vertex 44 42.3 13.4
      vertex 43.0737 39.5665 13.4
    endloop
  endfacet
  facet normal 0 0 1
    outer loop
      vertex 43.0737 39.5665 13.4
      vertex 44 42.3 13.4
      vertex 43.7781 42.3145 13.4
    endloop
  endfacet
  facet normal 0 0 1
    outer loop
      vertex 43.0737 39.5665 13.4
      vertex 43.7781 42.3145 13.4
      vertex 43.56 42.3579 13.4
    endloop
  endfacet
  facet normal 0 0 1
    outer loop
      vertex 43.0737 39.5665 13.4
      vertex 43.56 42.3579 13.4
      vertex 43.3494 42.4294 13.4
    endloop
  endfacet
  facet normal 0 0 1
    outer loop
      vertex 41.435 41.435 13.4
      vertex 43.3494 42.4294 13.4
      vertex 43.15 42.5278 13.4
    endloop
  endfacet
  facet normal 0 0 1
    outer loop
      vertex 45.4538 41.3927 13.4
      vertex 43.0737 39.5665 13.4
      vertex 44.4545 37.5 13.4
    endloop
  endfacet
  facet normal 0 0 1
    outer loop
      vertex 41.435 41.435 13.4
      vertex 43.15 42.5278 13.4
      vertex 42.9651 42.6513 13.4
    endloop
  endfacet
  facet normal 0 0 1
    outer loop
      vertex 41.435 41.435 13.4
      vertex 42.9651 42.6513 13.4
      vertex 42.7979 42.7979 13.4
    endloop
  endfacet
  facet normal 0 0 1
    outer loop
      vertex 41.435 41.435 13.4
      vertex 42.7979 42.7979 13.4
      vertex 42.6513 42.9651 13.4
    endloop
  endfacet
  facet normal 0 0 1
    outer loop
      vertex 41.435 41.435 13.4
      vertex 42.6513 42.9651 13.4
      vertex 42.5278 43.15 13.4
    endloop
  endfacet
  facet normal 0 0 1
    outer loop
      vertex 41.435 41.435 13.4
      vertex 42.5278 43.15 13.4
      vertex 42.4294 43.3494 13.4
    endloop
  endfacet
  facet normal 0 0 1
    outer loop
      vertex 41.435 41.435 13.4
      vertex 42.4294 43.3494 13.4
      vertex 42.3579 43.56 13.4
    endloop
  endfacet
  facet normal 0 0 1
    outer loop
      vertex 41.435 41.435 13.4
      vertex 42.3579 43.56 13.4
      vertex 42.3145 43.7781 13.4
    endloop
  endfacet
  facet normal 0 0 1
    outer loop
      vertex 43.3494 42.4294 13.4
      vertex 41.435 41.435 13.4
      vertex 43.0737 39.5665 13.4
    endloop
  endfacet
  facet normal 0 0 1
    outer loop
      vertex 41.435 41.435 13.4
      vertex 42.3145 43.7781 13.4
      vertex 42.3 44 13.4
    endloop
  endfacet
  facet normal 0 0 1
    outer loop
      vertex 49.2504 22.306 13.4
      vertex 46.3526 23.0824 13.4
      vertex 48.3253 19.581 13.4
    endloop
  endfacet
  facet normal -0 0 1
    outer loop
      vertex 45.5537 20.729 13.4
      vertex 48.3253 19.581 13.4
      vertex 46.3526 23.0824 13.4
    endloop
  endfacet
  facet normal 0 0 1
    outer loop
      vertex 48.3253 19.581 13.4
      vertex 45.5537 20.729 13.4
      vertex 47.0526 17 13.4
    endloop
  endfacet
  facet normal -0 0 1
    outer loop
      vertex 44.4545 18.5 13.4
      vertex 47.0526 17 13.4
      vertex 45.5537 20.729 13.4
    endloop
  endfacet
  facet normal 0 0 1
    outer loop
      vertex 47.0526 17 13.4
      vertex 44.4545 18.5 13.4
      vertex 45.4538 14.6072 13.4
    endloop
  endfacet
  facet normal -0 0 1
    outer loop
      vertex 43.0737 16.4335 13.4
      vertex 45.4538 14.6072 13.4
      vertex 44.4545 18.5 13.4
    endloop
  endfacet
  facet normal 0 -0 1
    outer loop
      vertex 44 13.7 13.4
      vertex 45.4538 14.6072 13.4
      vertex 43.0737 16.4335 13.4
    endloop
  endfacet
  facet normal 0 0 1
    outer loop
      vertex 45.4538 14.6072 13.4
      vertex 44.44 13.6421 13.4
      vertex 44.5689 13.5983 13.4
    endloop
  endfacet
  facet normal 0 0 1
    outer loop
      vertex 45.4538 14.6072 13.4
      vertex 44.2219 13.6855 13.4
      vertex 44.44 13.6421 13.4
    endloop
  endfacet
  facet normal 0 0 1
    outer loop
      vertex 45.4538 14.6072 13.4
      vertex 44 13.7 13.4
      vertex 44.2219 13.6855 13.4
    endloop
  endfacet
  facet normal 0 0 1
    outer loop
      vertex 44 13.7 13.4
      vertex 43.0737 16.4335 13.4
      vertex 43.7781 13.6855 13.4
    endloop
  endfacet
  facet normal 0 0 1
    outer loop
      vertex 43.7781 13.6855 13.4
      vertex 43.0737 16.4335 13.4
      vertex 43.56 13.6421 13.4
    endloop
  endfacet
  facet normal 0 0 1
    outer loop
      vertex 43.56 13.6421 13.4
      vertex 43.0737 16.4335 13.4
      vertex 43.3494 13.5706 13.4
    endloop
  endfacet
  facet normal -0 0 1
    outer loop
      vertex 41.435 14.565 13.4
      vertex 43.3494 13.5706 13.4
      vertex 43.0737 16.4335 13.4
    endloop
  endfacet
  facet normal 0 0 1
    outer loop
      vertex 43.3494 13.5706 13.4
      vertex 41.435 14.565 13.4
      vertex 43.15 13.4722 13.4
    endloop
  endfacet
  facet normal 0 0 1
    outer loop
      vertex 43.15 13.4722 13.4
      vertex 41.435 14.565 13.4
      vertex 42.9651 13.3487 13.4
    endloop
  endfacet
  facet normal 0 0 1
    outer loop
      vertex 42.9651 13.3487 13.4
      vertex 41.435 14.565 13.4
      vertex 42.7979 13.2021 13.4
    endloop
  endfacet
  facet normal 0 0 1
    outer loop
      vertex 42.7979 13.2021 13.4
      vertex 41.435 14.565 13.4
      vertex 42.6513 13.0349 13.4
    endloop
  endfacet
  facet normal 0 0 1
    outer loop
      vertex 42.6513 13.0349 13.4
      vertex 41.435 14.565 13.4
      vertex 42.5278 12.85 13.4
    endloop
  endfacet
  facet normal 0 0 1
    outer loop
      vertex 42.5278 12.85 13.4
      vertex 41.435 14.565 13.4
      vertex 42.4294 12.6506 13.4
    endloop
  endfacet
  facet normal -0 0 1
    outer loop
      vertex 39.5665 12.9263 13.4
      vertex 42.4294 12.6506 13.4
      vertex 41.435 14.565 13.4
    endloop
  endfacet
  facet normal 0 0 1
    outer loop
      vertex 42.3579 12.44 13.4
      vertex 39.5665 12.9263 13.4
      vertex 42.3145 12.2219 13.4
    endloop
  endfacet
  facet normal 0 0 1
    outer loop
      vertex 42.4294 12.6506 13.4
      vertex 39.5665 12.9263 13.4
      vertex 42.3579 12.44 13.4
    endloop
  endfacet
  facet normal 0 0 1
    outer loop
      vertex 42.3145 12.2219 13.4
      vertex 39.5665 12.9263 13.4
      vertex 42.3 12 13.4
    endloop
  endfacet
  facet normal 0 -0 1
    outer loop
      vertex 41.3927 10.5462 13.4
      vertex 42.3 12 13.4
      vertex 39.5665 12.9263 13.4
    endloop
  endfacet
  facet normal 0 0 1
    outer loop
      vertex 42.3579 11.56 13.4
      vertex 41.3927 10.5462 13.4
      vertex 42.4017 11.4311 13.4
    endloop
  endfacet
  facet normal 0 0 1
    outer loop
      vertex 42.3 12 13.4
      vertex 41.3927 10.5462 13.4
      vertex 42.3145 11.7781 13.4
    endloop
  endfacet
  facet normal 0 0 1
    outer loop
      vertex 42.3145 11.7781 13.4
      vertex 41.3927 10.5462 13.4
      vertex 42.3579 11.56 13.4
    endloop
  endfacet
  facet normal 0 0 1
    outer loop
      vertex 39.5665 12.9263 13.4
      vertex 39 8.94744 13.4
      vertex 41.3927 10.5462 13.4
    endloop
  endfacet
  facet normal -0 0 1
    outer loop
      vertex 37.5 11.5455 13.4
      vertex 39 8.94744 13.4
      vertex 39.5665 12.9263 13.4
    endloop
  endfacet
  facet normal 0 0 1
    outer loop
      vertex 37.5 11.5455 13.4
      vertex 36.419 7.67465 13.4
      vertex 39 8.94744 13.4
    endloop
  endfacet
  facet normal -0 0 1
    outer loop
      vertex 35.271 10.4463 13.4
      vertex 36.419 7.67465 13.4
      vertex 37.5 11.5455 13.4
    endloop
  endfacet
  facet normal 0 0 1
    outer loop
      vertex 35.271 10.4463 13.4
      vertex 33.694 6.74963 13.4
      vertex 36.419 7.67465 13.4
    endloop
  endfacet
  facet normal -0 0 1
    outer loop
      vertex 32.9176 9.64741 13.4
      vertex 33.694 6.74963 13.4
      vertex 35.271 10.4463 13.4
    endloop
  endfacet
  facet normal 0 0 1
    outer loop
      vertex 32.9176 9.64741 13.4
      vertex 30.8716 6.18821 13.4
      vertex 33.694 6.74963 13.4
    endloop
  endfacet
  facet normal -0 0 1
    outer loop
      vertex 30.48 9.16255 13.4
      vertex 30.8716 6.18821 13.4
      vertex 32.9176 9.64741 13.4
    endloop
  endfacet
  facet normal -0 0 1
    outer loop
      vertex 28 9 13.4
      vertex 30.8716 6.18821 13.4
      vertex 30.48 9.16255 13.4
    endloop
  endfacet
  facet normal 0 0 1
    outer loop
      vertex 28 9 13.4
      vertex 28 6 13.4
      vertex 30.8716 6.18821 13.4
    endloop
  endfacet
  facet normal 0 0 1
    outer loop
      vertex 25.52 9.16255 13.4
      vertex 28 6 13.4
      vertex 28 9 13.4
    endloop
  endfacet
  facet normal 0 0 1
    outer loop
      vertex 25.52 9.16255 13.4
      vertex 25.1284 6.18821 13.4
      vertex 28 6 13.4
    endloop
  endfacet
  facet normal 0 0 1
    outer loop
      vertex 23.0824 9.64741 13.4
      vertex 25.1284 6.18821 13.4
      vertex 25.52 9.16255 13.4
    endloop
  endfacet
  facet normal 0 0 1
    outer loop
      vertex 23.0824 9.64741 13.4
      vertex 22.306 6.74963 13.4
      vertex 25.1284 6.18821 13.4
    endloop
  endfacet
  facet normal 0 0 1
    outer loop
      vertex 20.729 10.4463 13.4
      vertex 22.306 6.74963 13.4
      vertex 23.0824 9.64741 13.4
    endloop
  endfacet
  facet normal 0 0 1
    outer loop
      vertex 20.729 10.4463 13.4
      vertex 19.581 7.67465 13.4
      vertex 22.306 6.74963 13.4
    endloop
  endfacet
  facet normal 0 0 1
    outer loop
      vertex 18.5 11.5455 13.4
      vertex 19.581 7.67465 13.4
      vertex 20.729 10.4463 13.4
    endloop
  endfacet
  facet normal 0 0 1
    outer loop
      vertex 18.5 11.5455 13.4
      vertex 17 8.94744 13.4
      vertex 19.581 7.67465 13.4
    endloop
  endfacet
  facet normal 0 0 1
    outer loop
      vertex 16.4335 12.9263 13.4
      vertex 17 8.94744 13.4
      vertex 18.5 11.5455 13.4
    endloop
  endfacet
  facet normal 0 0 1
    outer loop
      vertex 16.4335 12.9263 13.4
      vertex 14.6072 10.5462 13.4
      vertex 17 8.94744 13.4
    endloop
  endfacet
  facet normal 0 0 1
    outer loop
      vertex 13.5706 12.6506 13.4
      vertex 16.4335 12.9263 13.4
      vertex 14.565 14.565 13.4
    endloop
  endfacet
  facet normal 0 -0 1
    outer loop
      vertex 13.7 12 13.4
      vertex 16.4335 12.9263 13.4
      vertex 13.6855 12.2219 13.4
    endloop
  endfacet
  facet normal -0 0 1
    outer loop
      vertex 13.6855 11.7781 13.4
      vertex 14.6072 10.5462 13.4
      vertex 13.7 12 13.4
    endloop
  endfacet
  facet normal -0 0 1
    outer loop
      vertex 13.6421 11.56 13.4
      vertex 14.6072 10.5462 13.4
      vertex 13.6855 11.7781 13.4
    endloop
  endfacet
  facet normal 0 0 1
    outer loop
      vertex 14.6072 10.5462 13.4
      vertex 13.6421 11.56 13.4
      vertex 13.5983 11.4311 13.4
    endloop
  endfacet
  facet normal 0 0 1
    outer loop
      vertex 16.4335 12.9263 13.4
      vertex 13.7 12 13.4
      vertex 14.6072 10.5462 13.4
    endloop
  endfacet
  facet normal 0 0 1
    outer loop
      vertex 16.4335 12.9263 13.4
      vertex 13.6421 12.44 13.4
      vertex 13.6855 12.2219 13.4
    endloop
  endfacet
  facet normal 0 0 1
    outer loop
      vertex 16.4335 12.9263 13.4
      vertex 13.5706 12.6506 13.4
      vertex 13.6421 12.44 13.4
    endloop
  endfacet
  facet normal 0 0 1
    outer loop
      vertex 14.565 14.565 13.4
      vertex 13.4722 12.85 13.4
      vertex 13.5706 12.6506 13.4
    endloop
  endfacet
  facet normal 0 0 1
    outer loop
      vertex 14.565 14.565 13.4
      vertex 13.3487 13.0349 13.4
      vertex 13.4722 12.85 13.4
    endloop
  endfacet
  facet normal 0 0 1
    outer loop
      vertex 14.565 14.565 13.4
      vertex 13.2021 13.2021 13.4
      vertex 13.3487 13.0349 13.4
    endloop
  endfacet
  facet normal 0 0 1
    outer loop
      vertex 14.565 14.565 13.4
      vertex 13.0349 13.3487 13.4
      vertex 13.2021 13.2021 13.4
    endloop
  endfacet
  facet normal 0 0 1
    outer loop
      vertex 12.6506 13.5706 13.4
      vertex 14.565 14.565 13.4
      vertex 12.9263 16.4335 13.4
    endloop
  endfacet
  facet normal 0 0 1
    outer loop
      vertex 14.565 14.565 13.4
      vertex 12.85 13.4722 13.4
      vertex 13.0349 13.3487 13.4
    endloop
  endfacet
  facet normal 0 0 1
    outer loop
      vertex 14.565 14.565 13.4
      vertex 12.6506 13.5706 13.4
      vertex 12.85 13.4722 13.4
    endloop
  endfacet
  facet normal 0 0 1
    outer loop
      vertex 12.9263 16.4335 13.4
      vertex 12.44 13.6421 13.4
      vertex 12.6506 13.5706 13.4
    endloop
  endfacet
  facet normal 0 0 1
    outer loop
      vertex 12.9263 16.4335 13.4
      vertex 12.2219 13.6855 13.4
      vertex 12.44 13.6421 13.4
    endloop
  endfacet
  facet normal 0 0 1
    outer loop
      vertex 12.9263 16.4335 13.4
      vertex 12 13.7 13.4
      vertex 12.2219 13.6855 13.4
    endloop
  endfacet
  facet normal -0 0 1
    outer loop
      vertex 10.5462 14.6072 13.4
      vertex 12 13.7 13.4
      vertex 12.9263 16.4335 13.4
    endloop
  endfacet
  facet normal 0 0 1
    outer loop
      vertex 12 13.7 13.4
      vertex 10.5462 14.6072 13.4
      vertex 11.7781 13.6855 13.4
    endloop
  endfacet
  facet normal 0 0 1
    outer loop
      vertex 10.5462 14.6072 13.4
      vertex 12.9263 16.4335 13.4
      vertex 11.5455 18.5 13.4
    endloop
  endfacet
  facet normal 0 0 1
    outer loop
      vertex 11.7781 13.6855 13.4
      vertex 10.5462 14.6072 13.4
      vertex 11.56 13.6421 13.4
    endloop
  endfacet
  facet normal 0 0 1
    outer loop
      vertex 11.56 13.6421 13.4
      vertex 10.5462 14.6072 13.4
      vertex 11.4311 13.5983 13.4
    endloop
  endfacet
  facet normal 0 0 1
    outer loop
      vertex 8.94744 17 13.4
      vertex 11.5455 18.5 13.4
      vertex 10.4463 20.729 13.4
    endloop
  endfacet
  facet normal 0 0 1
    outer loop
      vertex 7.67465 19.581 13.4
      vertex 10.4463 20.729 13.4
      vertex 9.64741 23.0824 13.4
    endloop
  endfacet
  facet normal 0 0 1
    outer loop
      vertex 6.74963 22.306 13.4
      vertex 9.64741 23.0824 13.4
      vertex 9.16255 25.52 13.4
    endloop
  endfacet
  facet normal 0 0 1
    outer loop
      vertex 11.5455 18.5 13.4
      vertex 8.94744 17 13.4
      vertex 10.5462 14.6072 13.4
    endloop
  endfacet
  facet normal 0 0 1
    outer loop
      vertex 6.18821 25.1284 13.4
      vertex 9.16255 25.52 13.4
      vertex 9 28 13.4
    endloop
  endfacet
  facet normal 0 0 1
    outer loop
      vertex 9.64741 32.9176 13.4
      vertex 6.74963 33.694 13.4
      vertex 9.16255 30.48 13.4
    endloop
  endfacet
  facet normal -0 0 1
    outer loop
      vertex 6.18821 30.8716 13.4
      vertex 9.16255 30.48 13.4
      vertex 6.74963 33.694 13.4
    endloop
  endfacet
  facet normal 0 0 1
    outer loop
      vertex 10.4463 20.729 13.4
      vertex 7.67465 19.581 13.4
      vertex 8.94744 17 13.4
    endloop
  endfacet
  facet normal 0 0 1
    outer loop
      vertex 9.16255 30.48 13.4
      vertex 6.18821 30.8716 13.4
      vertex 9 28 13.4
    endloop
  endfacet
  facet normal 0 0 1
    outer loop
      vertex 9.64741 23.0824 13.4
      vertex 6.74963 22.306 13.4
      vertex 7.67465 19.581 13.4
    endloop
  endfacet
  facet normal 0 0 1
    outer loop
      vertex 6 28 13.4
      vertex 9 28 13.4
      vertex 6.18821 30.8716 13.4
    endloop
  endfacet
  facet normal 0 0 1
    outer loop
      vertex 9.16255 25.52 13.4
      vertex 6.18821 25.1284 13.4
      vertex 6.74963 22.306 13.4
    endloop
  endfacet
  facet normal 0 0 1
    outer loop
      vertex 9 28 13.4
      vertex 6 28 13.4
      vertex 6.18821 25.1284 13.4
    endloop
  endfacet
  facet normal -0 0 1
    outer loop
      vertex 13.6421 43.56 13.4
      vertex 16.4335 43.0737 13.4
      vertex 13.6855 43.7781 13.4
    endloop
  endfacet
  facet normal -0 0 1
    outer loop
      vertex 13.5706 43.3494 13.4
      vertex 16.4335 43.0737 13.4
      vertex 13.6421 43.56 13.4
    endloop
  endfacet
  facet normal 0 0 1
    outer loop
      vertex 16.4335 43.0737 13.4
      vertex 13.5706 43.3494 13.4
      vertex 14.565 41.435 13.4
    endloop
  endfacet
  facet normal -0 0 1
    outer loop
      vertex 13.4722 43.15 13.4
      vertex 14.565 41.435 13.4
      vertex 13.5706 43.3494 13.4
    endloop
  endfacet
  facet normal -0 0 1
    outer loop
      vertex 13.3487 42.9651 13.4
      vertex 14.565 41.435 13.4
      vertex 13.4722 43.15 13.4
    endloop
  endfacet
  facet normal -0 0 1
    outer loop
      vertex 13.2021 42.7979 13.4
      vertex 14.565 41.435 13.4
      vertex 13.3487 42.9651 13.4
    endloop
  endfacet
  facet normal -0 0 1
    outer loop
      vertex 13.0349 42.6513 13.4
      vertex 14.565 41.435 13.4
      vertex 13.2021 42.7979 13.4
    endloop
  endfacet
  facet normal -0 0 1
    outer loop
      vertex 12.85 42.5278 13.4
      vertex 14.565 41.435 13.4
      vertex 13.0349 42.6513 13.4
    endloop
  endfacet
  facet normal -0 0 1
    outer loop
      vertex 12.6506 42.4294 13.4
      vertex 14.565 41.435 13.4
      vertex 12.85 42.5278 13.4
    endloop
  endfacet
  facet normal 0 0 1
    outer loop
      vertex 14.565 41.435 13.4
      vertex 12.6506 42.4294 13.4
      vertex 12.9263 39.5665 13.4
    endloop
  endfacet
  facet normal -0 0 1
    outer loop
      vertex 12.44 42.3579 13.4
      vertex 12.9263 39.5665 13.4
      vertex 12.6506 42.4294 13.4
    endloop
  endfacet
  facet normal -0 0 1
    outer loop
      vertex 12.2219 42.3145 13.4
      vertex 12.9263 39.5665 13.4
      vertex 12.44 42.3579 13.4
    endloop
  endfacet
  facet normal -0 0 1
    outer loop
      vertex 12 42.3 13.4
      vertex 12.9263 39.5665 13.4
      vertex 12.2219 42.3145 13.4
    endloop
  endfacet
  facet normal 0 0 1
    outer loop
      vertex 10.5462 41.3927 13.4
      vertex 12 42.3 13.4
      vertex 11.7781 42.3145 13.4
    endloop
  endfacet
  facet normal 0 0 1
    outer loop
      vertex 10.5462 41.3927 13.4
      vertex 11.7781 42.3145 13.4
      vertex 11.56 42.3579 13.4
    endloop
  endfacet
  facet normal 0 0 1
    outer loop
      vertex 12 42.3 13.4
      vertex 10.5462 41.3927 13.4
      vertex 12.9263 39.5665 13.4
    endloop
  endfacet
  facet normal 0 0 1
    outer loop
      vertex 10.5462 41.3927 13.4
      vertex 11.56 42.3579 13.4
      vertex 11.4311 42.4017 13.4
    endloop
  endfacet
  facet normal 0 0 1
    outer loop
      vertex 12.9263 39.5665 13.4
      vertex 10.5462 41.3927 13.4
      vertex 11.5455 37.5 13.4
    endloop
  endfacet
  facet normal -0 0 1
    outer loop
      vertex 8.94744 39 13.4
      vertex 11.5455 37.5 13.4
      vertex 10.5462 41.3927 13.4
    endloop
  endfacet
  facet normal 0 0 1
    outer loop
      vertex 11.5455 37.5 13.4
      vertex 8.94744 39 13.4
      vertex 10.4463 35.271 13.4
    endloop
  endfacet
  facet normal -0 0 1
    outer loop
      vertex 7.67465 36.419 13.4
      vertex 10.4463 35.271 13.4
      vertex 8.94744 39 13.4
    endloop
  endfacet
  facet normal -0 0 1
    outer loop
      vertex 6.74963 33.694 13.4
      vertex 9.64741 32.9176 13.4
      vertex 7.67465 36.419 13.4
    endloop
  endfacet
  facet normal 0 0 1
    outer loop
      vertex 10.4463 35.271 13.4
      vertex 7.67465 36.419 13.4
      vertex 9.64741 32.9176 13.4
    endloop
  endfacet
  facet normal -0.555573 -0.831468 0
    outer loop
      vertex 37.5 44.4545 13.4
      vertex 39.5665 43.0737 3.74027
      vertex 39.5665 43.0737 13.4
    endloop
  endfacet
  facet normal -0.555573 -0.831468 0
    outer loop
      vertex 37.5 44.4545 2.4
      vertex 39.5665 43.0737 3.74027
      vertex 37.5 44.4545 13.4
    endloop
  endfacet
  facet normal -0.55569 -0.83139 0.000261211
    outer loop
      vertex 39.5665 43.0737 3.74027
      vertex 37.5 44.4545 2.4
      vertex 39.0996 43.3856 3.2
    endloop
  endfacet
  facet normal -0.555573 -0.831468 -7.7539e-05
    outer loop
      vertex 39.5665 43.0737 2.4
      vertex 39.0996 43.3856 3.2
      vertex 37.5 44.4545 2.4
    endloop
  endfacet
  facet normal -0.555481 -0.831529 0
    outer loop
      vertex 39.0996 43.3856 3.2
      vertex 39.5665 43.0737 2.4
      vertex 39.5665 43.0737 3.01991
    endloop
  endfacet
  facet normal 0.946926 -0.321452 0
    outer loop
      vertex 10.4463 35.271 13.4
      vertex 10 33.9563 7.40781
      vertex 10.4463 35.271 5.13064
    endloop
  endfacet
  facet normal 0.94693 -0.321439 0
    outer loop
      vertex 9.64741 32.9176 2.4
      vertex 10 33.9563 7.40781
      vertex 9.64741 32.9176 13.4
    endloop
  endfacet
  facet normal 0.946928 -0.321446 -1.4596e-06
    outer loop
      vertex 9.64741 32.9176 13.4
      vertex 10 33.9563 7.40781
      vertex 10.4463 35.271 13.4
    endloop
  endfacet
  facet normal 0.946929 -0.321444 3.32707e-06
    outer loop
      vertex 10 33.9563 4.20781
      vertex 9.64741 32.9176 2.4
      vertex 10.3543 35 2.4
    endloop
  endfacet
  facet normal 0.94693 -0.321439 0
    outer loop
      vertex 10 33.9563 7.40781
      vertex 9.64741 32.9176 2.4
      vertex 10 33.9563 4.20781
    endloop
  endfacet
  facet normal 0.946922 -0.321464 0
    outer loop
      vertex 10.4463 35.271 2.4
      vertex 10.4463 35.271 2.55645
      vertex 10.3543 35 2.4
    endloop
  endfacet
  facet normal 0.321446 0.946928 -0
    outer loop
      vertex 23.0824 9.64741 2.4
      vertex 20.729 10.4463 13.4
      vertex 23.0824 9.64741 13.4
    endloop
  endfacet
  facet normal 0.321446 0.946928 0
    outer loop
      vertex 20.729 10.4463 13.4
      vertex 23.0824 9.64741 2.4
      vertex 20.729 10.4463 2.4
    endloop
  endfacet
  facet normal 0.32145 -0.946927 0
    outer loop
      vertex 20.729 45.5537 2.4
      vertex 23.0824 46.3526 13.4
      vertex 20.729 45.5537 13.4
    endloop
  endfacet
  facet normal 0.32145 -0.946927 0
    outer loop
      vertex 23.0824 46.3526 13.4
      vertex 20.729 45.5537 2.4
      vertex 23.0824 46.3526 2.4
    endloop
  endfacet
  facet normal 0.896876 -0.442282 0
    outer loop
      vertex 10.4463 35.271 5.13064
      vertex 11.5455 37.5 2.4
      vertex 11.5455 37.5 13.4
    endloop
  endfacet
  facet normal 0.896876 -0.442282 0
    outer loop
      vertex 10.4463 35.271 5.13064
      vertex 11.5455 37.5 13.4
      vertex 10.4463 35.271 13.4
    endloop
  endfacet
  facet normal 0.896915 -0.442203 8.04346e-05
    outer loop
      vertex 11.5455 37.5 2.4
      vertex 10.4463 35.271 5.13064
      vertex 10.996 36.3856 3.2
    endloop
  endfacet
  facet normal 0.89686 -0.442315 0
    outer loop
      vertex 10.4463 35.271 2.4
      vertex 10.996 36.3856 3.2
      vertex 10.4463 35.271 2.55645
    endloop
  endfacet
  facet normal 0.896876 -0.442282 -5.68243e-05
    outer loop
      vertex 10.996 36.3856 3.2
      vertex 10.4463 35.271 2.4
      vertex 11.5455 37.5 2.4
    endloop
  endfacet
  facet normal -0.896915 -0.442203 8.04346e-05
    outer loop
      vertex 45.5537 35.271 5.13064
      vertex 44.4545 37.5 2.4
      vertex 45.004 36.3856 3.2
    endloop
  endfacet
  facet normal -0.896876 -0.442282 -5.68243e-05
    outer loop
      vertex 45.5537 35.271 2.4
      vertex 45.004 36.3856 3.2
      vertex 44.4545 37.5 2.4
    endloop
  endfacet
  facet normal -0.89686 -0.442315 0
    outer loop
      vertex 45.004 36.3856 3.2
      vertex 45.5537 35.271 2.4
      vertex 45.5537 35.271 2.55645
    endloop
  endfacet
  facet normal -0.896876 -0.442282 0
    outer loop
      vertex 44.4545 37.5 2.4
      vertex 45.5537 35.271 5.13064
      vertex 44.4545 37.5 13.4
    endloop
  endfacet
  facet normal -0.896876 -0.442282 0
    outer loop
      vertex 44.4545 37.5 13.4
      vertex 45.5537 35.271 5.13064
      vertex 45.5537 35.271 13.4
    endloop
  endfacet
  facet normal -0.980783 -0.195102 0
    outer loop
      vertex 46.8375 30.48 2.4
      vertex 46.3526 32.9176 13.4
      vertex 46.3526 32.9176 2.4
    endloop
  endfacet
  facet normal -0.980783 -0.195102 0
    outer loop
      vertex 46.3526 32.9176 13.4
      vertex 46.8375 30.48 2.4
      vertex 46.8375 30.48 13.4
    endloop
  endfacet
  facet normal -0.831468 -0.555573 0
    outer loop
      vertex 44.4545 37.5 2.4
      vertex 43.0737 39.5665 6.615
      vertex 43.0737 39.5665 2.4
    endloop
  endfacet
  facet normal -0.831575 -0.555413 -0.000113291
    outer loop
      vertex 43.0737 39.5665 6.615
      vertex 44.4545 37.5 2.4
      vertex 43.1181 39.5 6.73013
    endloop
  endfacet
  facet normal -0.831635 -0.555322 0.000112848
    outer loop
      vertex 44.4545 37.5 13.4
      vertex 43.0737 39.5665 6.7685
      vertex 43.1181 39.5 6.73013
    endloop
  endfacet
  facet normal -0.831461 -0.555583 -0
    outer loop
      vertex 44.4545 37.5 13.4
      vertex 43.1181 39.5 6.73013
      vertex 44.4545 37.5 2.4
    endloop
  endfacet
  facet normal -0.831468 -0.555573 0
    outer loop
      vertex 43.0737 39.5665 6.7685
      vertex 44.4545 37.5 13.4
      vertex 43.0737 39.5665 13.4
    endloop
  endfacet
  facet normal -0.32145 -0.946927 0
    outer loop
      vertex 32.9176 46.3526 2.4
      vertex 35.271 45.5537 13.4
      vertex 32.9176 46.3526 13.4
    endloop
  endfacet
  facet normal -0.32145 -0.946927 -0
    outer loop
      vertex 35.271 45.5537 13.4
      vertex 32.9176 46.3526 2.4
      vertex 35.271 45.5537 2.4
    endloop
  endfacet
  facet normal -0.065384 -0.99786 0
    outer loop
      vertex 28 47 2.4
      vertex 30.48 46.8375 13.4
      vertex 28 47 13.4
    endloop
  endfacet
  facet normal -0.065384 -0.99786 -0
    outer loop
      vertex 30.48 46.8375 13.4
      vertex 28 47 2.4
      vertex 30.48 46.8375 2.4
    endloop
  endfacet
  facet normal -0.195102 -0.980783 0
    outer loop
      vertex 30.48 46.8375 2.4
      vertex 32.9176 46.3526 13.4
      vertex 30.48 46.8375 13.4
    endloop
  endfacet
  facet normal -0.195102 -0.980783 -0
    outer loop
      vertex 32.9176 46.3526 13.4
      vertex 30.48 46.8375 2.4
      vertex 32.9176 46.3526 2.4
    endloop
  endfacet
  facet normal 0.751826 -0.659362 0
    outer loop
      vertex 12.9263 39.5665 2.4
      vertex 14.565 41.435 3.37856
      vertex 12.9263 39.5665 6.615
    endloop
  endfacet
  facet normal 0.751826 -0.659362 0
    outer loop
      vertex 14.565 41.435 3.37856
      vertex 12.9263 39.5665 2.4
      vertex 14.565 41.435 2.4
    endloop
  endfacet
  facet normal 0.751847 -0.659337 0
    outer loop
      vertex 14.565 41.435 13.4
      vertex 14.0832 40.8856 7.53013
      vertex 14.565 41.435 6.57856
    endloop
  endfacet
  facet normal 0.751826 -0.659362 4.0087e-06
    outer loop
      vertex 12.9263 39.5665 13.4
      vertex 14.0832 40.8856 7.53013
      vertex 14.565 41.435 13.4
    endloop
  endfacet
  facet normal 0.751817 -0.659372 0
    outer loop
      vertex 14.0832 40.8856 7.53013
      vertex 12.9263 39.5665 13.4
      vertex 12.9263 39.5665 6.7685
    endloop
  endfacet
  facet normal 0.195102 -0.980783 0
    outer loop
      vertex 23.0824 46.3526 2.4
      vertex 25.52 46.8375 13.4
      vertex 23.0824 46.3526 13.4
    endloop
  endfacet
  facet normal 0.195102 -0.980783 0
    outer loop
      vertex 25.52 46.8375 13.4
      vertex 23.0824 46.3526 2.4
      vertex 25.52 46.8375 2.4
    endloop
  endfacet
  facet normal 0.65938 -0.75181 0
    outer loop
      vertex 15.2092 42 2.4
      vertex 14.565 41.435 3.37856
      vertex 14.565 41.435 2.4
    endloop
  endfacet
  facet normal 0.659352 -0.751834 0
    outer loop
      vertex 16.4335 43.0737 2.4
      vertex 16.4335 43.0737 3.01991
      vertex 15.2092 42 2.4
    endloop
  endfacet
  facet normal 0.659362 -0.751826 0
    outer loop
      vertex 14.565 41.435 6.57856
      vertex 16.4335 43.0737 13.4
      vertex 14.565 41.435 13.4
    endloop
  endfacet
  facet normal 0.659362 -0.751826 0
    outer loop
      vertex 16.4335 43.0737 13.4
      vertex 14.565 41.435 6.57856
      vertex 16.4335 43.0737 3.74027
    endloop
  endfacet
  facet normal -0.99786 -0.065384 0
    outer loop
      vertex 47 28 2.4
      vertex 46.8375 30.48 13.4
      vertex 46.8375 30.48 2.4
    endloop
  endfacet
  facet normal -0.99786 -0.065384 0
    outer loop
      vertex 46.8375 30.48 13.4
      vertex 47 28 2.4
      vertex 47 28 13.4
    endloop
  endfacet
  facet normal -0.321446 0.946928 0
    outer loop
      vertex 35.271 10.4463 2.4
      vertex 32.9176 9.64741 13.4
      vertex 35.271 10.4463 13.4
    endloop
  endfacet
  facet normal -0.321446 0.946928 0
    outer loop
      vertex 32.9176 9.64741 13.4
      vertex 35.271 10.4463 2.4
      vertex 32.9176 9.64741 2.4
    endloop
  endfacet
  facet normal -0.831468 0.555573 0
    outer loop
      vertex 43.0737 16.4335 2.4
      vertex 44.4545 18.5 6.73013
      vertex 44.4545 18.5 2.4
    endloop
  endfacet
  facet normal -0.831468 0.555573 0
    outer loop
      vertex 43.0737 16.4335 13.4
      vertex 44.4545 18.5 6.73013
      vertex 43.0737 16.4335 2.4
    endloop
  endfacet
  facet normal -0.831468 0.555573 0
    outer loop
      vertex 44.4545 18.5 6.73013
      vertex 43.0737 16.4335 13.4
      vertex 44.4545 18.5 13.4
    endloop
  endfacet
  facet normal 0.195087 0.980786 -0
    outer loop
      vertex 25.52 9.16255 2.4
      vertex 23.0824 9.64741 13.4
      vertex 25.52 9.16255 13.4
    endloop
  endfacet
  facet normal 0.195087 0.980786 0
    outer loop
      vertex 23.0824 9.64741 13.4
      vertex 25.52 9.16255 2.4
      vertex 23.0824 9.64741 2.4
    endloop
  endfacet
  facet normal 0.65938 0.75181 0
    outer loop
      vertex 14.565 14.565 2.72619
      vertex 15.2092 14 2.4
      vertex 14.565 14.565 2.4
    endloop
  endfacet
  facet normal 0.659352 0.751834 0
    outer loop
      vertex 16.4335 12.9263 4.25973
      vertex 16.4335 12.9263 2.4
      vertex 15.2092 14 2.4
    endloop
  endfacet
  facet normal 0.659362 0.751826 -0
    outer loop
      vertex 16.4335 12.9263 7.45972
      vertex 14.565 14.565 13.4
      vertex 16.4335 12.9263 13.4
    endloop
  endfacet
  facet normal 0.659362 0.751826 0
    outer loop
      vertex 14.565 14.565 13.4
      vertex 16.4335 12.9263 7.45972
      vertex 14.565 14.565 4.62144
    endloop
  endfacet
  facet normal 0.751826 0.659362 0
    outer loop
      vertex 14.565 14.565 4.62144
      vertex 12.9263 16.4335 2.4
      vertex 12.9263 16.4335 13.4
    endloop
  endfacet
  facet normal 0.751826 0.659362 -0
    outer loop
      vertex 14.565 14.565 4.62144
      vertex 12.9263 16.4335 13.4
      vertex 14.565 14.565 13.4
    endloop
  endfacet
  facet normal 0.751848 0.659336 -3.81138e-05
    outer loop
      vertex 12.9263 16.4335 2.4
      vertex 14.565 14.565 4.62144
      vertex 13.8453 15.3856 3.2
    endloop
  endfacet
  facet normal 0.751816 0.659373 -0
    outer loop
      vertex 14.565 14.565 2.4
      vertex 13.8453 15.3856 3.2
      vertex 14.565 14.565 2.72619
    endloop
  endfacet
  facet normal 0.751826 0.659362 2.124e-05
    outer loop
      vertex 13.8453 15.3856 3.2
      vertex 14.565 14.565 2.4
      vertex 12.9263 16.4335 2.4
    endloop
  endfacet
  facet normal -0.946922 -0.321464 0
    outer loop
      vertex 45.6457 35 2.4
      vertex 45.5537 35.271 2.55645
      vertex 45.5537 35.271 2.4
    endloop
  endfacet
  facet normal -0.946926 -0.321452 0
    outer loop
      vertex 46 33.9563 7.40781
      vertex 45.5537 35.271 13.4
      vertex 45.5537 35.271 5.13064
    endloop
  endfacet
  facet normal -0.946927 -0.32145 -5.76804e-07
    outer loop
      vertex 46 33.9563 7.40781
      vertex 46.3526 32.9176 13.4
      vertex 45.5537 35.271 13.4
    endloop
  endfacet
  facet normal -0.946928 -0.321447 -0
    outer loop
      vertex 46.3526 32.9176 13.4
      vertex 46 33.9563 7.40781
      vertex 46.3526 32.9176 2.4
    endloop
  endfacet
  facet normal -0.946928 -0.321447 0
    outer loop
      vertex 46 33.9563 4.20781
      vertex 46.3526 32.9176 2.4
      vertex 46 33.9563 7.40781
    endloop
  endfacet
  facet normal -0.946927 -0.321448 7.01785e-07
    outer loop
      vertex 46.3526 32.9176 2.4
      vertex 46 33.9563 4.20781
      vertex 45.6457 35 2.4
    endloop
  endfacet
  facet normal -0.751826 -0.659362 0
    outer loop
      vertex 43.0737 39.5665 2.4
      vertex 41.435 41.435 3.37856
      vertex 41.435 41.435 2.4
    endloop
  endfacet
  facet normal -0.751826 -0.659362 0
    outer loop
      vertex 41.435 41.435 3.37856
      vertex 43.0737 39.5665 2.4
      vertex 43.0737 39.5665 6.615
    endloop
  endfacet
  facet normal -0.751847 -0.659337 0
    outer loop
      vertex 41.9168 40.8856 7.53013
      vertex 41.435 41.435 13.4
      vertex 41.435 41.435 6.57856
    endloop
  endfacet
  facet normal -0.751817 -0.659372 -0
    outer loop
      vertex 43.0737 39.5665 13.4
      vertex 41.9168 40.8856 7.53013
      vertex 43.0737 39.5665 6.7685
    endloop
  endfacet
  facet normal -0.751826 -0.659362 4.0087e-06
    outer loop
      vertex 41.9168 40.8856 7.53013
      vertex 43.0737 39.5665 13.4
      vertex 41.435 41.435 13.4
    endloop
  endfacet
  facet normal -0.659352 -0.751834 0
    outer loop
      vertex 40.7908 42 2.4
      vertex 39.5665 43.0737 3.01991
      vertex 39.5665 43.0737 2.4
    endloop
  endfacet
  facet normal -0.65938 -0.75181 0
    outer loop
      vertex 41.435 41.435 2.4
      vertex 41.435 41.435 3.37856
      vertex 40.7908 42 2.4
    endloop
  endfacet
  facet normal -0.659362 -0.751826 0
    outer loop
      vertex 39.5665 43.0737 13.4
      vertex 41.435 41.435 6.57856
      vertex 41.435 41.435 13.4
    endloop
  endfacet
  facet normal -0.659362 -0.751826 0
    outer loop
      vertex 41.435 41.435 6.57856
      vertex 39.5665 43.0737 13.4
      vertex 39.5665 43.0737 3.74027
    endloop
  endfacet
  facet normal -0.442282 -0.896876 0
    outer loop
      vertex 35.271 45.5537 2.4
      vertex 37.5 44.4545 13.4
      vertex 35.271 45.5537 13.4
    endloop
  endfacet
  facet normal -0.442282 -0.896876 -0
    outer loop
      vertex 37.5 44.4545 13.4
      vertex 35.271 45.5537 2.4
      vertex 37.5 44.4545 2.4
    endloop
  endfacet
  facet normal 0.997859 -0.065404 0
    outer loop
      vertex 9 28 13.4
      vertex 9.16255 30.48 2.4
      vertex 9.16255 30.48 13.4
    endloop
  endfacet
  facet normal 0.997859 -0.065404 0
    outer loop
      vertex 9.16255 30.48 2.4
      vertex 9 28 13.4
      vertex 9 28 2.4
    endloop
  endfacet
  facet normal 0.831468 -0.555573 0
    outer loop
      vertex 11.5455 37.5 13.4
      vertex 12.9263 39.5665 6.7685
      vertex 12.9263 39.5665 13.4
    endloop
  endfacet
  facet normal 0.831635 -0.555322 0.000112848
    outer loop
      vertex 12.9263 39.5665 6.7685
      vertex 11.5455 37.5 13.4
      vertex 12.8819 39.5 6.73013
    endloop
  endfacet
  facet normal 0.831575 -0.555413 -0.000113291
    outer loop
      vertex 11.5455 37.5 2.4
      vertex 12.9263 39.5665 6.615
      vertex 12.8819 39.5 6.73013
    endloop
  endfacet
  facet normal 0.831461 -0.555583 0
    outer loop
      vertex 11.5455 37.5 2.4
      vertex 12.8819 39.5 6.73013
      vertex 11.5455 37.5 13.4
    endloop
  endfacet
  facet normal 0.831468 -0.555573 0
    outer loop
      vertex 12.9263 39.5665 6.615
      vertex 11.5455 37.5 2.4
      vertex 12.9263 39.5665 2.4
    endloop
  endfacet
  facet normal 0.065384 -0.99786 0
    outer loop
      vertex 25.52 46.8375 2.4
      vertex 28 47 13.4
      vertex 25.52 46.8375 13.4
    endloop
  endfacet
  facet normal 0.065384 -0.99786 0
    outer loop
      vertex 28 47 13.4
      vertex 25.52 46.8375 2.4
      vertex 28 47 2.4
    endloop
  endfacet
  facet normal 0.555573 -0.831468 0
    outer loop
      vertex 16.4335 43.0737 3.74027
      vertex 18.5 44.4545 13.4
      vertex 16.4335 43.0737 13.4
    endloop
  endfacet
  facet normal 0.55569 -0.83139 0.000261211
    outer loop
      vertex 18.5 44.4545 2.4
      vertex 16.4335 43.0737 3.74027
      vertex 16.9004 43.3856 3.2
    endloop
  endfacet
  facet normal 0.555481 -0.831529 0
    outer loop
      vertex 16.4335 43.0737 2.4
      vertex 16.9004 43.3856 3.2
      vertex 16.4335 43.0737 3.01991
    endloop
  endfacet
  facet normal 0.555573 -0.831468 0
    outer loop
      vertex 16.4335 43.0737 3.74027
      vertex 18.5 44.4545 2.4
      vertex 18.5 44.4545 13.4
    endloop
  endfacet
  facet normal 0.555573 -0.831468 -7.7539e-05
    outer loop
      vertex 18.5 44.4545 2.4
      vertex 16.9004 43.3856 3.2
      vertex 16.4335 43.0737 2.4
    endloop
  endfacet
  facet normal 0.442282 -0.896876 0
    outer loop
      vertex 18.5 44.4545 2.4
      vertex 20.729 45.5537 13.4
      vertex 18.5 44.4545 13.4
    endloop
  endfacet
  facet normal 0.442282 -0.896876 0
    outer loop
      vertex 20.729 45.5537 13.4
      vertex 18.5 44.4545 2.4
      vertex 20.729 45.5537 2.4
    endloop
  endfacet
  facet normal -0.980783 0.195102 0
    outer loop
      vertex 46.3526 23.0824 2.4
      vertex 46.8375 25.52 13.4
      vertex 46.8375 25.52 2.4
    endloop
  endfacet
  facet normal -0.980783 0.195102 0
    outer loop
      vertex 46.8375 25.52 13.4
      vertex 46.3526 23.0824 2.4
      vertex 46.3526 23.0824 13.4
    endloop
  endfacet
  facet normal -0.065404 0.997859 0
    outer loop
      vertex 30.48 9.16255 2.4
      vertex 28 9 13.4
      vertex 30.48 9.16255 13.4
    endloop
  endfacet
  facet normal -0.065404 0.997859 0
    outer loop
      vertex 28 9 13.4
      vertex 30.48 9.16255 2.4
      vertex 28 9 2.4
    endloop
  endfacet
  facet normal -0.195087 0.980786 0
    outer loop
      vertex 32.9176 9.64741 2.4
      vertex 30.48 9.16255 13.4
      vertex 32.9176 9.64741 13.4
    endloop
  endfacet
  facet normal -0.195087 0.980786 0
    outer loop
      vertex 30.48 9.16255 13.4
      vertex 32.9176 9.64741 2.4
      vertex 30.48 9.16255 2.4
    endloop
  endfacet
  facet normal -0.659352 0.751834 0
    outer loop
      vertex 39.5665 12.9263 4.25973
      vertex 40.7908 14 2.4
      vertex 39.5665 12.9263 2.4
    endloop
  endfacet
  facet normal -0.65938 0.75181 0
    outer loop
      vertex 41.435 14.565 2.72619
      vertex 41.435 14.565 2.4
      vertex 40.7908 14 2.4
    endloop
  endfacet
  facet normal -0.659362 0.751826 0
    outer loop
      vertex 41.435 14.565 13.4
      vertex 39.5665 12.9263 7.45972
      vertex 39.5665 12.9263 13.4
    endloop
  endfacet
  facet normal -0.659362 0.751826 0
    outer loop
      vertex 39.5665 12.9263 7.45972
      vertex 41.435 14.565 13.4
      vertex 41.435 14.565 4.62144
    endloop
  endfacet
  facet normal -0.442153 0.89694 0
    outer loop
      vertex 37.4077 11.5 6.73013
      vertex 37.5 11.5455 13.4
      vertex 37.5 11.5455 6.75641
    endloop
  endfacet
  facet normal -0.442282 0.896876 2.21155e-06
    outer loop
      vertex 37.5 11.5455 13.4
      vertex 37.4077 11.5 6.73013
      vertex 35.271 10.4463 13.4
    endloop
  endfacet
  facet normal -0.442282 0.896876 0
    outer loop
      vertex 35.271 10.4463 2.4
      vertex 37.5 11.5455 6.65129
      vertex 37.5 11.5455 2.4
    endloop
  endfacet
  facet normal -0.442193 0.89692 -5.78761e-05
    outer loop
      vertex 37.5 11.5455 6.65129
      vertex 35.271 10.4463 2.4
      vertex 37.4077 11.5 6.73013
    endloop
  endfacet
  facet normal -0.442287 0.896873 0
    outer loop
      vertex 37.4077 11.5 6.73013
      vertex 35.271 10.4463 2.4
      vertex 35.271 10.4463 13.4
    endloop
  endfacet
  facet normal -0.946922 0.321464 0
    outer loop
      vertex 45.5537 20.729 2.86936
      vertex 45.6457 21 2.4
      vertex 45.5537 20.729 2.4
    endloop
  endfacet
  facet normal -0.946928 0.321447 0
    outer loop
      vertex 46 22.0437 3.79219
      vertex 46.3526 23.0824 2.4
      vertex 46 22.0437 3.0026
    endloop
  endfacet
  facet normal -0.946927 0.321448 2.10537e-06
    outer loop
      vertex 46 22.0437 3.0026
      vertex 46.3526 23.0824 2.4
      vertex 45.6457 21 2.4
    endloop
  endfacet
  facet normal -0.946928 0.321447 0
    outer loop
      vertex 46.3526 23.0824 2.4
      vertex 46 22.0437 3.79219
      vertex 46.3526 23.0824 13.4
    endloop
  endfacet
  facet normal -0.946926 0.321451 -5.42393e-07
    outer loop
      vertex 45.5537 20.729 6.06936
      vertex 46.3526 23.0824 13.4
      vertex 46 22.0437 3.79219
    endloop
  endfacet
  facet normal -0.946927 0.32145 0
    outer loop
      vertex 46.3526 23.0824 13.4
      vertex 45.5537 20.729 6.06936
      vertex 45.5537 20.729 13.4
    endloop
  endfacet
  facet normal 0.065404 0.997859 -0
    outer loop
      vertex 28 9 2.4
      vertex 25.52 9.16255 13.4
      vertex 28 9 13.4
    endloop
  endfacet
  facet normal 0.065404 0.997859 0
    outer loop
      vertex 25.52 9.16255 13.4
      vertex 28 9 2.4
      vertex 25.52 9.16255 2.4
    endloop
  endfacet
  facet normal 0.555573 0.831468 -0
    outer loop
      vertex 18.5 11.5455 2.4
      vertex 16.4335 12.9263 4.25973
      vertex 18.5 11.5455 6.65129
    endloop
  endfacet
  facet normal 0.555573 0.831468 0
    outer loop
      vertex 16.4335 12.9263 4.25973
      vertex 18.5 11.5455 2.4
      vertex 16.4335 12.9263 2.4
    endloop
  endfacet
  facet normal 0.555573 0.831468 -1.08508e-06
    outer loop
      vertex 18.5 11.5455 13.4
      vertex 16.4944 12.8856 7.53013
      vertex 16.4335 12.9263 13.4
    endloop
  endfacet
  facet normal 0.55557 0.831469 0
    outer loop
      vertex 16.4944 12.8856 7.53013
      vertex 18.5 11.5455 13.4
      vertex 18.5 11.5455 6.75641
    endloop
  endfacet
  facet normal 0.555645 0.83142 0
    outer loop
      vertex 16.4335 12.9263 13.4
      vertex 16.4944 12.8856 7.53013
      vertex 16.4335 12.9263 7.45972
    endloop
  endfacet
  facet normal 0.94693 0.321439 0
    outer loop
      vertex 9.64741 23.0824 13.4
      vertex 10 22.0437 3.79219
      vertex 9.64741 23.0824 2.4
    endloop
  endfacet
  facet normal 0.946928 0.321446 -0
    outer loop
      vertex 10.4463 20.729 6.06936
      vertex 9.64741 23.0824 13.4
      vertex 10.4463 20.729 13.4
    endloop
  endfacet
  facet normal 0.946927 0.32145 -1.37253e-06
    outer loop
      vertex 9.64741 23.0824 13.4
      vertex 10.4463 20.729 6.06936
      vertex 10 22.0437 3.79219
    endloop
  endfacet
  facet normal 0.94693 0.321439 -0
    outer loop
      vertex 10 22.0437 3.0026
      vertex 9.64741 23.0824 2.4
      vertex 10 22.0437 3.79219
    endloop
  endfacet
  facet normal 0.946929 0.321444 9.98126e-06
    outer loop
      vertex 9.64741 23.0824 2.4
      vertex 10 22.0437 3.0026
      vertex 10.3543 21 2.4
    endloop
  endfacet
  facet normal 0.946922 0.321464 0
    outer loop
      vertex 10.4463 20.729 2.86936
      vertex 10.4463 20.729 2.4
      vertex 10.3543 21 2.4
    endloop
  endfacet
  facet normal 0.997859 0.065404 0
    outer loop
      vertex 9.16255 25.52 13.4
      vertex 9 28 2.4
      vertex 9 28 13.4
    endloop
  endfacet
  facet normal 0.997859 0.065404 0
    outer loop
      vertex 9 28 2.4
      vertex 9.16255 25.52 13.4
      vertex 9.16255 25.52 2.4
    endloop
  endfacet
  facet normal 0.896876 0.442282 -0
    outer loop
      vertex 11.5455 18.5 2.4
      vertex 10.4463 20.729 2.86936
      vertex 11.5455 18.5 6.73013
    endloop
  endfacet
  facet normal 0.896876 0.442282 0
    outer loop
      vertex 10.4463 20.729 2.86936
      vertex 11.5455 18.5 2.4
      vertex 10.4463 20.729 2.4
    endloop
  endfacet
  facet normal 0.896881 0.442273 0
    outer loop
      vertex 10.4463 20.729 13.4
      vertex 10.8622 19.8856 7.53013
      vertex 10.4463 20.729 6.06936
    endloop
  endfacet
  facet normal 0.896876 0.442282 -1.65749e-06
    outer loop
      vertex 11.5455 18.5 13.4
      vertex 10.8622 19.8856 7.53013
      vertex 10.4463 20.729 13.4
    endloop
  endfacet
  facet normal 0.896873 0.442287 0
    outer loop
      vertex 10.8622 19.8856 7.53013
      vertex 11.5455 18.5 13.4
      vertex 11.5455 18.5 6.73013
    endloop
  endfacet
  facet normal 0.980786 -0.195087 0
    outer loop
      vertex 9.16255 30.48 13.4
      vertex 9.64741 32.9176 2.4
      vertex 9.64741 32.9176 13.4
    endloop
  endfacet
  facet normal 0.980786 -0.195087 0
    outer loop
      vertex 9.64741 32.9176 2.4
      vertex 9.16255 30.48 13.4
      vertex 9.16255 30.48 2.4
    endloop
  endfacet
  facet normal -0.99786 0.065384 0
    outer loop
      vertex 46.8375 25.52 2.4
      vertex 47 28 13.4
      vertex 47 28 2.4
    endloop
  endfacet
  facet normal -0.99786 0.065384 0
    outer loop
      vertex 47 28 13.4
      vertex 46.8375 25.52 2.4
      vertex 46.8375 25.52 13.4
    endloop
  endfacet
  facet normal -0.751848 0.659336 -3.81138e-05
    outer loop
      vertex 41.435 14.565 4.62144
      vertex 43.0737 16.4335 2.4
      vertex 42.1547 15.3856 3.2
    endloop
  endfacet
  facet normal -0.751826 0.659362 2.124e-05
    outer loop
      vertex 41.435 14.565 2.4
      vertex 42.1547 15.3856 3.2
      vertex 43.0737 16.4335 2.4
    endloop
  endfacet
  facet normal -0.751816 0.659373 0
    outer loop
      vertex 42.1547 15.3856 3.2
      vertex 41.435 14.565 2.4
      vertex 41.435 14.565 2.72619
    endloop
  endfacet
  facet normal -0.751826 0.659362 0
    outer loop
      vertex 43.0737 16.4335 2.4
      vertex 41.435 14.565 4.62144
      vertex 43.0737 16.4335 13.4
    endloop
  endfacet
  facet normal -0.751826 0.659362 0
    outer loop
      vertex 43.0737 16.4335 13.4
      vertex 41.435 14.565 4.62144
      vertex 41.435 14.565 13.4
    endloop
  endfacet
  facet normal -0.555573 0.831468 0
    outer loop
      vertex 37.5 11.5455 2.4
      vertex 39.5665 12.9263 4.25973
      vertex 39.5665 12.9263 2.4
    endloop
  endfacet
  facet normal -0.555573 0.831468 0
    outer loop
      vertex 39.5665 12.9263 4.25973
      vertex 37.5 11.5455 2.4
      vertex 37.5 11.5455 6.65129
    endloop
  endfacet
  facet normal -0.555573 0.831468 -1.08508e-06
    outer loop
      vertex 39.5665 12.9263 13.4
      vertex 39.5056 12.8856 7.53013
      vertex 37.5 11.5455 13.4
    endloop
  endfacet
  facet normal -0.555645 0.83142 0
    outer loop
      vertex 39.5056 12.8856 7.53013
      vertex 39.5665 12.9263 13.4
      vertex 39.5665 12.9263 7.45972
    endloop
  endfacet
  facet normal -0.55557 0.831469 0
    outer loop
      vertex 37.5 11.5455 13.4
      vertex 39.5056 12.8856 7.53013
      vertex 37.5 11.5455 6.75641
    endloop
  endfacet
  facet normal -0.896876 0.442282 0
    outer loop
      vertex 44.4545 18.5 2.4
      vertex 45.5537 20.729 2.86936
      vertex 45.5537 20.729 2.4
    endloop
  endfacet
  facet normal -0.896876 0.442282 0
    outer loop
      vertex 45.5537 20.729 2.86936
      vertex 44.4545 18.5 2.4
      vertex 44.4545 18.5 6.73013
    endloop
  endfacet
  facet normal -0.896881 0.442273 0
    outer loop
      vertex 45.1378 19.8856 7.53013
      vertex 45.5537 20.729 13.4
      vertex 45.5537 20.729 6.06936
    endloop
  endfacet
  facet normal -0.896873 0.442287 0
    outer loop
      vertex 44.4545 18.5 13.4
      vertex 45.1378 19.8856 7.53013
      vertex 44.4545 18.5 6.73013
    endloop
  endfacet
  facet normal -0.896876 0.442282 -1.65749e-06
    outer loop
      vertex 45.1378 19.8856 7.53013
      vertex 44.4545 18.5 13.4
      vertex 45.5537 20.729 13.4
    endloop
  endfacet
  facet normal 0.442282 0.896876 2.21155e-06
    outer loop
      vertex 18.5923 11.5 6.73013
      vertex 18.5 11.5455 13.4
      vertex 20.729 10.4463 13.4
    endloop
  endfacet
  facet normal 0.442153 0.89694 0
    outer loop
      vertex 18.5 11.5455 13.4
      vertex 18.5923 11.5 6.73013
      vertex 18.5 11.5455 6.75641
    endloop
  endfacet
  facet normal 0.442287 0.896873 -0
    outer loop
      vertex 20.729 10.4463 2.4
      vertex 18.5923 11.5 6.73013
      vertex 20.729 10.4463 13.4
    endloop
  endfacet
  facet normal 0.442193 0.89692 -5.78761e-05
    outer loop
      vertex 20.729 10.4463 2.4
      vertex 18.5 11.5455 6.65129
      vertex 18.5923 11.5 6.73013
    endloop
  endfacet
  facet normal 0.442282 0.896876 0
    outer loop
      vertex 18.5 11.5455 6.65129
      vertex 20.729 10.4463 2.4
      vertex 18.5 11.5455 2.4
    endloop
  endfacet
  facet normal 0.980786 0.195087 0
    outer loop
      vertex 9.64741 23.0824 13.4
      vertex 9.16255 25.52 2.4
      vertex 9.16255 25.52 13.4
    endloop
  endfacet
  facet normal 0.980786 0.195087 0
    outer loop
      vertex 9.16255 25.52 2.4
      vertex 9.64741 23.0824 13.4
      vertex 9.64741 23.0824 2.4
    endloop
  endfacet
  facet normal 0.831468 0.555573 0
    outer loop
      vertex 12.9263 16.4335 13.4
      vertex 11.5455 18.5 6.73013
      vertex 11.5455 18.5 13.4
    endloop
  endfacet
  facet normal 0.831468 0.555573 -0
    outer loop
      vertex 12.9263 16.4335 2.4
      vertex 11.5455 18.5 6.73013
      vertex 12.9263 16.4335 13.4
    endloop
  endfacet
  facet normal 0.831468 0.555573 0
    outer loop
      vertex 11.5455 18.5 6.73013
      vertex 12.9263 16.4335 2.4
      vertex 11.5455 18.5 2.4
    endloop
  endfacet
  facet normal -1 0 0
    outer loop
      vertex 10 14 2.4
      vertex 10 12.8856 7.53013
      vertex 10 15.3856 3.2
    endloop
  endfacet
  facet normal -1 0 -0
    outer loop
      vertex 10 12.8856 7.53013
      vertex 10 14 2.4
      vertex 10 11.5 6.73013
    endloop
  endfacet
  facet normal -5.88884e-05 -0.500011 0.866019
    outer loop
      vertex 45.6855 12.2219 7.14691
      vertex 46 11.5 6.73013
      vertex 46 12.8856 7.53013
    endloop
  endfacet
  facet normal 1.27452e-05 -0.499988 0.866033
    outer loop
      vertex 46 11.5 6.73013
      vertex 45.6855 12.2219 7.14691
      vertex 45.7 12 7.0188
    endloop
  endfacet
  facet normal -6.38242e-05 -0.500009 0.86602
    outer loop
      vertex 46 12.8856 7.53013
      vertex 45.6421 12.44 7.27283
      vertex 45.6855 12.2219 7.14691
    endloop
  endfacet
  facet normal -0.000127507 -0.499971 0.866042
    outer loop
      vertex 46 12.8856 7.53013
      vertex 45.5706 12.6506 7.3944
      vertex 45.6421 12.44 7.27283
    endloop
  endfacet
  facet normal -3.43373e-05 -0.500099 0.865968
    outer loop
      vertex 46 12.8856 7.53013
      vertex 45.4722 12.85 7.50955
      vertex 45.5706 12.6506 7.3944
    endloop
  endfacet
  facet normal 0 -0.50048 0.865748
    outer loop
      vertex 45.4722 12.85 7.50955
      vertex 46 12.8856 7.53013
      vertex 45.4484 12.8856 7.53013
    endloop
  endfacet
  facet normal 1.02417e-05 -0.499989 0.866032
    outer loop
      vertex 45.6855 11.7781 6.89069
      vertex 46 11.5 6.73013
      vertex 45.7 12 7.0188
    endloop
  endfacet
  facet normal -2.31908e-06 -0.499999 0.866026
    outer loop
      vertex 45.6421 11.56 6.76477
      vertex 46 11.5 6.73013
      vertex 45.6855 11.7781 6.89069
    endloop
  endfacet
  facet normal 0 -0.499989 0.866032
    outer loop
      vertex 46 11.5 6.73013
      vertex 45.6421 11.56 6.76477
      vertex 45.6217 11.5 6.73013
    endloop
  endfacet
  facet normal 5.88884e-05 -0.500011 0.866019
    outer loop
      vertex 10 11.5 6.73013
      vertex 10.3145 12.2219 7.14691
      vertex 10 12.8856 7.53013
    endloop
  endfacet
  facet normal 6.38242e-05 -0.500009 0.86602
    outer loop
      vertex 10.3579 12.44 7.27283
      vertex 10 12.8856 7.53013
      vertex 10.3145 12.2219 7.14691
    endloop
  endfacet
  facet normal 0.000127507 -0.499971 0.866042
    outer loop
      vertex 10.4294 12.6506 7.3944
      vertex 10 12.8856 7.53013
      vertex 10.3579 12.44 7.27283
    endloop
  endfacet
  facet normal 3.43373e-05 -0.500099 0.865968
    outer loop
      vertex 10.5278 12.85 7.50955
      vertex 10 12.8856 7.53013
      vertex 10.4294 12.6506 7.3944
    endloop
  endfacet
  facet normal 0 -0.50048 0.865748
    outer loop
      vertex 10 12.8856 7.53013
      vertex 10.5278 12.85 7.50955
      vertex 10.5516 12.8856 7.53013
    endloop
  endfacet
  facet normal -1.27452e-05 -0.499988 0.866033
    outer loop
      vertex 10.3145 12.2219 7.14691
      vertex 10 11.5 6.73013
      vertex 10.3 12 7.0188
    endloop
  endfacet
  facet normal -1.02417e-05 -0.499989 0.866032
    outer loop
      vertex 10.3 12 7.0188
      vertex 10 11.5 6.73013
      vertex 10.3145 11.7781 6.89069
    endloop
  endfacet
  facet normal 0 -0.499989 0.866032
    outer loop
      vertex 10.3579 11.56 6.76477
      vertex 10 11.5 6.73013
      vertex 10.3783 11.5 6.73013
    endloop
  endfacet
  facet normal 2.31908e-06 -0.499999 0.866026
    outer loop
      vertex 10.3145 11.7781 6.89069
      vertex 10 11.5 6.73013
      vertex 10.3579 11.56 6.76477
    endloop
  endfacet
  facet normal -0.000362351 -0.499599 0.866256
    outer loop
      vertex 39.5056 12.8856 7.53013
      vertex 37.4077 11.5 6.73013
      vertex 37.5 11.5455 6.75641
    endloop
  endfacet
  facet normal 0 -0.500011 0.866019
    outer loop
      vertex 39.5056 12.8856 7.53013
      vertex 18.5923 11.5 6.73013
      vertex 37.4077 11.5 6.73013
    endloop
  endfacet
  facet normal 0 -0.500011 0.866019
    outer loop
      vertex 16.4944 12.8856 7.53013
      vertex 18.5923 11.5 6.73013
      vertex 39.5056 12.8856 7.53013
    endloop
  endfacet
  facet normal 0.000362351 -0.499599 0.866256
    outer loop
      vertex 18.5923 11.5 6.73013
      vertex 16.4944 12.8856 7.53013
      vertex 18.5 11.5455 6.75641
    endloop
  endfacet
  facet normal 1 0 0
    outer loop
      vertex 46 12.8856 7.53013
      vertex 46 14 2.4
      vertex 46 15.3856 3.2
    endloop
  endfacet
  facet normal 1 0 0
    outer loop
      vertex 46 14 2.4
      vertex 46 12.8856 7.53013
      vertex 46 11.5 6.73013
    endloop
  endfacet
  facet normal 0 -0.866061 -0.499939
    outer loop
      vertex 10 11.5 6.73013
      vertex 10.3579 11.56 6.62619
      vertex 10.3783 11.5 6.73013
    endloop
  endfacet
  facet normal -2.67416e-05 -0.866021 -0.500008
    outer loop
      vertex 10 11.5 6.73013
      vertex 10.3145 11.7781 6.24844
      vertex 10.3579 11.56 6.62619
    endloop
  endfacet
  facet normal -1.39326e-05 -0.866024 -0.500002
    outer loop
      vertex 10 11.5 6.73013
      vertex 10.3 12 5.8641
      vertex 10.3145 11.7781 6.24844
    endloop
  endfacet
  facet normal -5.94841e-05 -0.866018 -0.500013
    outer loop
      vertex 10 11.5 6.73013
      vertex 10.3145 12.2219 5.47977
      vertex 10.3 12 5.8641
    endloop
  endfacet
  facet normal 1.91616e-05 -0.866026 -0.499999
    outer loop
      vertex 10 11.5 6.73013
      vertex 10.3579 12.44 5.10201
      vertex 10.3145 12.2219 5.47977
    endloop
  endfacet
  facet normal 1.24057e-05 -0.866026 -0.5
    outer loop
      vertex 10 14 2.4
      vertex 10.3579 12.44 5.10201
      vertex 10 11.5 6.73013
    endloop
  endfacet
  facet normal -8.65468e-06 -0.866029 -0.499994
    outer loop
      vertex 11.3494 13.5706 3.14375
      vertex 11.0788 14 2.4
      vertex 11.4311 13.5983 3.09577
    endloop
  endfacet
  facet normal 0.000163533 -0.866002 -0.500041
    outer loop
      vertex 11.15 13.4722 3.3141
      vertex 11.0788 14 2.4
      vertex 11.3494 13.5706 3.14375
    endloop
  endfacet
  facet normal -9.86752e-05 -0.866061 -0.499938
    outer loop
      vertex 10 14 2.4
      vertex 11.15 13.4722 3.3141
      vertex 10.9651 13.3487 3.52808
    endloop
  endfacet
  facet normal -5.51522e-05 -0.866045 -0.499966
    outer loop
      vertex 10 14 2.4
      vertex 10.9651 13.3487 3.52808
      vertex 10.7979 13.2021 3.78204
    endloop
  endfacet
  facet normal 5.8283e-05 -0.866017 -0.500015
    outer loop
      vertex 10 14 2.4
      vertex 10.7979 13.2021 3.78204
      vertex 10.6513 13.0349 4.07161
    endloop
  endfacet
  facet normal 1.54707e-05 -0.866024 -0.500003
    outer loop
      vertex 10 14 2.4
      vertex 10.6513 13.0349 4.07161
      vertex 10.5278 12.85 4.39186
    endloop
  endfacet
  facet normal -0.00018111 -0.866046 -0.499964
    outer loop
      vertex 10 14 2.4
      vertex 10.5278 12.85 4.39186
      vertex 10.4294 12.6506 4.7373
    endloop
  endfacet
  facet normal 0 0 -0
    outer loop
      vertex 11.0788 14 2.4
      vertex 10 14 2.4
      vertex 15.2092 14 2.4
    endloop
  endfacet
  facet normal 0 -0.866007 -0.500031
    outer loop
      vertex 11.15 13.4722 3.3141
      vertex 10 14 2.4
      vertex 11.0788 14 2.4
    endloop
  endfacet
  facet normal 0.000256029 -0.866012 -0.500024
    outer loop
      vertex 10.3579 12.44 5.10201
      vertex 10 14 2.4
      vertex 10.4294 12.6506 4.7373
    endloop
  endfacet
  facet normal 0.00022364 -0.865999 -0.500046
    outer loop
      vertex 17.4868 13.4226 3.4
      vertex 18.5923 11.5 6.73013
      vertex 18.5 11.5455 6.65129
    endloop
  endfacet
  facet normal 0 -0.866031 -0.49999
    outer loop
      vertex 18.5923 11.5 6.73013
      vertex 17.4868 13.4226 3.4
      vertex 37.4077 11.5 6.73013
    endloop
  endfacet
  facet normal -3.70868e-05 -0.866034 -0.499985
    outer loop
      vertex 17.4868 13.4226 3.4
      vertex 18.5 11.5455 6.65129
      vertex 16.4335 12.9263 4.25973
    endloop
  endfacet
  facet normal -0 -0.866031 -0.49999
    outer loop
      vertex 38.5132 13.4226 3.4
      vertex 37.4077 11.5 6.73013
      vertex 17.4868 13.4226 3.4
    endloop
  endfacet
  facet normal -0.00022364 -0.865999 -0.500046
    outer loop
      vertex 37.4077 11.5 6.73013
      vertex 38.5132 13.4226 3.4
      vertex 37.5 11.5455 6.65129
    endloop
  endfacet
  facet normal -4.03882e-05 -0.866032 -0.499988
    outer loop
      vertex 16.4335 12.9263 4.25973
      vertex 17.0423 13.7196 2.8856
      vertex 17.4868 13.4226 3.4
    endloop
  endfacet
  facet normal -0 -0.866029 -0.499995
    outer loop
      vertex 16.7226 14 2.4
      vertex 16.4335 12.9263 4.25973
      vertex 15.2092 14 2.4
    endloop
  endfacet
  facet normal -9.37639e-05 -0.866022 -0.500005
    outer loop
      vertex 16.4335 12.9263 4.25973
      vertex 16.7226 14 2.4
      vertex 17.0423 13.7196 2.8856
    endloop
  endfacet
  facet normal 0 0 0
    outer loop
      vertex 16.7226 14 2.4
      vertex 15.2092 14 2.4
      vertex 10 14 2.4
    endloop
  endfacet
  facet normal 3.70868e-05 -0.866034 -0.499985
    outer loop
      vertex 37.5 11.5455 6.65129
      vertex 38.5132 13.4226 3.4
      vertex 39.5665 12.9263 4.25973
    endloop
  endfacet
  facet normal 4.03882e-05 -0.866032 -0.499988
    outer loop
      vertex 38.9577 13.7196 2.8856
      vertex 39.5665 12.9263 4.25973
      vertex 38.5132 13.4226 3.4
    endloop
  endfacet
  facet normal 9.37639e-05 -0.866022 -0.500005
    outer loop
      vertex 39.2774 14 2.4
      vertex 39.5665 12.9263 4.25973
      vertex 38.9577 13.7196 2.8856
    endloop
  endfacet
  facet normal 0 0 -0
    outer loop
      vertex 40.7908 14 2.4
      vertex 39.2774 14 2.4
      vertex 44.9212 14 2.4
    endloop
  endfacet
  facet normal 0 -0.866029 -0.499995
    outer loop
      vertex 39.5665 12.9263 4.25973
      vertex 39.2774 14 2.4
      vertex 40.7908 14 2.4
    endloop
  endfacet
  facet normal 0 -0.866061 -0.499939
    outer loop
      vertex 45.6421 11.56 6.62619
      vertex 46 11.5 6.73013
      vertex 45.6217 11.5 6.73013
    endloop
  endfacet
  facet normal 2.67416e-05 -0.866021 -0.500008
    outer loop
      vertex 45.6855 11.7781 6.24844
      vertex 46 11.5 6.73013
      vertex 45.6421 11.56 6.62619
    endloop
  endfacet
  facet normal 1.39326e-05 -0.866024 -0.500002
    outer loop
      vertex 45.7 12 5.8641
      vertex 46 11.5 6.73013
      vertex 45.6855 11.7781 6.24844
    endloop
  endfacet
  facet normal 5.94841e-05 -0.866018 -0.500013
    outer loop
      vertex 45.6855 12.2219 5.47977
      vertex 46 11.5 6.73013
      vertex 45.7 12 5.8641
    endloop
  endfacet
  facet normal -1.91616e-05 -0.866026 -0.499999
    outer loop
      vertex 45.6421 12.44 5.10201
      vertex 46 11.5 6.73013
      vertex 45.6855 12.2219 5.47977
    endloop
  endfacet
  facet normal -0.000256029 -0.866012 -0.500024
    outer loop
      vertex 46 14 2.4
      vertex 45.6421 12.44 5.10201
      vertex 45.5706 12.6506 4.7373
    endloop
  endfacet
  facet normal 8.65468e-06 -0.866029 -0.499994
    outer loop
      vertex 44.9212 14 2.4
      vertex 44.6506 13.5706 3.14375
      vertex 44.5689 13.5983 3.09577
    endloop
  endfacet
  facet normal -0.000163533 -0.866002 -0.500041
    outer loop
      vertex 44.9212 14 2.4
      vertex 44.85 13.4722 3.3141
      vertex 44.6506 13.5706 3.14375
    endloop
  endfacet
  facet normal -0 -0.866007 -0.500031
    outer loop
      vertex 46 14 2.4
      vertex 44.85 13.4722 3.3141
      vertex 44.9212 14 2.4
    endloop
  endfacet
  facet normal 9.86752e-05 -0.866061 -0.499938
    outer loop
      vertex 44.85 13.4722 3.3141
      vertex 46 14 2.4
      vertex 45.0349 13.3487 3.52808
    endloop
  endfacet
  facet normal 5.51522e-05 -0.866045 -0.499966
    outer loop
      vertex 45.0349 13.3487 3.52808
      vertex 46 14 2.4
      vertex 45.2021 13.2021 3.78204
    endloop
  endfacet
  facet normal -5.8283e-05 -0.866017 -0.500015
    outer loop
      vertex 45.2021 13.2021 3.78204
      vertex 46 14 2.4
      vertex 45.3487 13.0349 4.07161
    endloop
  endfacet
  facet normal -1.54707e-05 -0.866024 -0.500003
    outer loop
      vertex 45.3487 13.0349 4.07161
      vertex 46 14 2.4
      vertex 45.4722 12.85 4.39186
    endloop
  endfacet
  facet normal -1.24057e-05 -0.866026 -0.5
    outer loop
      vertex 45.6421 12.44 5.10201
      vertex 46 14 2.4
      vertex 46 11.5 6.73013
    endloop
  endfacet
  facet normal 0.00018111 -0.866046 -0.499964
    outer loop
      vertex 45.4722 12.85 4.39186
      vertex 46 14 2.4
      vertex 45.5706 12.6506 4.7373
    endloop
  endfacet
  facet normal 0 0 0
    outer loop
      vertex 46 14 2.4
      vertex 44.9212 14 2.4
      vertex 39.2774 14 2.4
    endloop
  endfacet
  facet normal 0 0.865962 0.500109
    outer loop
      vertex 46 12.8856 7.53013
      vertex 45.3487 13.0349 7.27161
      vertex 45.4484 12.8856 7.53013
    endloop
  endfacet
  facet normal 4.74504e-05 0.866014 0.500019
    outer loop
      vertex 46 12.8856 7.53013
      vertex 45.2021 13.2021 6.98204
      vertex 45.3487 13.0349 7.27161
    endloop
  endfacet
  facet normal 0.000221193 0.866124 0.49983
    outer loop
      vertex 46 12.8856 7.53013
      vertex 45.0349 13.3487 6.72808
      vertex 45.2021 13.2021 6.98204
    endloop
  endfacet
  facet normal 4.18403e-05 0.86603 0.499992
    outer loop
      vertex 45.4538 14.6072 4.54821
      vertex 45.0349 13.3487 6.72808
      vertex 46 12.8856 7.53013
    endloop
  endfacet
  facet normal 1.8234e-06 0.866037 0.499981
    outer loop
      vertex 44.6506 13.5706 6.34375
      vertex 45.4538 14.6072 4.54821
      vertex 44.5689 13.5983 6.29577
    endloop
  endfacet
  facet normal 0.000168572 0.866004 0.500036
    outer loop
      vertex 44.85 13.4722 6.5141
      vertex 45.4538 14.6072 4.54821
      vertex 44.6506 13.5706 6.34375
    endloop
  endfacet
  facet normal -0.00014042 0.866045 0.499965
    outer loop
      vertex 45.0349 13.3487 6.72808
      vertex 45.4538 14.6072 4.54821
      vertex 44.85 13.4722 6.5141
    endloop
  endfacet
  facet normal -1.76463e-05 0.866026 0.5
    outer loop
      vertex 46 15.3856 3.2
      vertex 45.4538 14.6072 4.54821
      vertex 46 12.8856 7.53013
    endloop
  endfacet
  facet normal 0 0.866022 0.500005
    outer loop
      vertex 45.4538 14.6072 4.54821
      vertex 46 15.3856 3.2
      vertex 45.9739 15.3856 3.2
    endloop
  endfacet
  facet normal 0 0.865962 0.500109
    outer loop
      vertex 10.6513 13.0349 7.27161
      vertex 10 12.8856 7.53013
      vertex 10.5516 12.8856 7.53013
    endloop
  endfacet
  facet normal -4.74504e-05 0.866014 0.500019
    outer loop
      vertex 10.7979 13.2021 6.98204
      vertex 10 12.8856 7.53013
      vertex 10.6513 13.0349 7.27161
    endloop
  endfacet
  facet normal -0.000221193 0.866124 0.49983
    outer loop
      vertex 10.9651 13.3487 6.72808
      vertex 10 12.8856 7.53013
      vertex 10.7979 13.2021 6.98204
    endloop
  endfacet
  facet normal 0.00014042 0.866045 0.499965
    outer loop
      vertex 10.5462 14.6072 4.54821
      vertex 10.9651 13.3487 6.72808
      vertex 11.15 13.4722 6.5141
    endloop
  endfacet
  facet normal 4.66401e-05 0.866046 0.499964
    outer loop
      vertex 10.5462 14.6072 4.54821
      vertex 11.3494 13.5706 6.34375
      vertex 11.4311 13.5983 6.29576
    endloop
  endfacet
  facet normal -0.000168572 0.866004 0.500036
    outer loop
      vertex 10.5462 14.6072 4.54821
      vertex 11.15 13.4722 6.5141
      vertex 11.3494 13.5706 6.34375
    endloop
  endfacet
  facet normal -4.18403e-05 0.86603 0.499992
    outer loop
      vertex 10.9651 13.3487 6.72808
      vertex 10.5462 14.6072 4.54821
      vertex 10 12.8856 7.53013
    endloop
  endfacet
  facet normal -0 0.866022 0.500005
    outer loop
      vertex 10 15.3856 3.2
      vertex 10.5462 14.6072 4.54821
      vertex 10.0261 15.3856 3.2
    endloop
  endfacet
  facet normal 1.76463e-05 0.866026 0.5
    outer loop
      vertex 10.5462 14.6072 4.54821
      vertex 10 15.3856 3.2
      vertex 10 12.8856 7.53013
    endloop
  endfacet
  facet normal -0.00102821 0.86615 0.499783
    outer loop
      vertex 40.7257 15.2702 3.4
      vertex 39.5056 12.8856 7.53013
      vertex 39.5665 12.9263 7.45972
    endloop
  endfacet
  facet normal 0 0.866019 0.500011
    outer loop
      vertex 39.5056 12.8856 7.53013
      vertex 40.7257 15.2702 3.4
      vertex 16.4944 12.8856 7.53013
    endloop
  endfacet
  facet normal -3.76454e-06 0.866024 0.500002
    outer loop
      vertex 40.7257 15.2702 3.4
      vertex 39.5665 12.9263 7.45972
      vertex 41.435 14.565 4.62144
    endloop
  endfacet
  facet normal -0 0.866019 0.500011
    outer loop
      vertex 15.2743 15.2702 3.4
      vertex 16.4944 12.8856 7.53013
      vertex 40.7257 15.2702 3.4
    endloop
  endfacet
  facet normal 0.00102821 0.86615 0.499783
    outer loop
      vertex 16.4944 12.8856 7.53013
      vertex 15.2743 15.2702 3.4
      vertex 16.4335 12.9263 7.45972
    endloop
  endfacet
  facet normal 0.00110686 0.866303 0.499518
    outer loop
      vertex 41.435 14.565 4.62144
      vertex 40.7279 15.2721 3.3967
      vertex 40.7257 15.2702 3.4
    endloop
  endfacet
  facet normal 3.60729e-05 0.866036 0.499982
    outer loop
      vertex 42.1547 15.3856 3.2
      vertex 40.7279 15.2721 3.3967
      vertex 41.435 14.565 4.62144
    endloop
  endfacet
  facet normal 0 0.866149 0.499786
    outer loop
      vertex 40.7279 15.2721 3.3967
      vertex 42.1547 15.3856 3.2
      vertex 40.8275 15.3856 3.2
    endloop
  endfacet
  facet normal 3.76454e-06 0.866024 0.500002
    outer loop
      vertex 16.4335 12.9263 7.45972
      vertex 15.2743 15.2702 3.4
      vertex 14.565 14.565 4.62144
    endloop
  endfacet
  facet normal -0.00110686 0.866303 0.499518
    outer loop
      vertex 15.2721 15.2721 3.3967
      vertex 14.565 14.565 4.62144
      vertex 15.2743 15.2702 3.4
    endloop
  endfacet
  facet normal -0 0.866149 0.499786
    outer loop
      vertex 13.8453 15.3856 3.2
      vertex 15.2721 15.2721 3.3967
      vertex 15.1725 15.3856 3.2
    endloop
  endfacet
  facet normal -3.60729e-05 0.866036 0.499982
    outer loop
      vertex 15.2721 15.2721 3.3967
      vertex 13.8453 15.3856 3.2
      vertex 14.565 14.565 4.62144
    endloop
  endfacet
  facet normal 0 0.499991 -0.86603
    outer loop
      vertex 16.7226 14 2.4
      vertex 15.2092 14 2.4
      vertex 15.2721 15.2721 3.13443
    endloop
  endfacet
  facet normal 0 0 0
    outer loop
      vertex 16.7226 14 2.4
      vertex 11.0788 14 2.4
      vertex 15.2092 14 2.4
    endloop
  endfacet
  facet normal 0 0 0
    outer loop
      vertex 10 14 2.4
      vertex 11.0788 14 2.4
      vertex 16.7226 14 2.4
    endloop
  endfacet
  facet normal 0 0.500035 -0.866005
    outer loop
      vertex 10 14 2.4
      vertex 10.5462 14.6072 2.7506
      vertex 11.0788 14 2.4
    endloop
  endfacet
  facet normal 3.58851e-05 0.500011 -0.866019
    outer loop
      vertex 10 15.3856 3.2
      vertex 10.5462 14.6072 2.7506
      vertex 10 14 2.4
    endloop
  endfacet
  facet normal 0 0.499992 -0.86603
    outer loop
      vertex 10.5462 14.6072 2.7506
      vertex 10 15.3856 3.2
      vertex 10.0261 15.3856 3.2
    endloop
  endfacet
  facet normal 6.73661e-06 0.499991 -0.866031
    outer loop
      vertex 14.565 14.565 2.72619
      vertex 15.2721 15.2721 3.13443
      vertex 15.2092 14 2.4
    endloop
  endfacet
  facet normal -0.000168423 0.500122 -0.865955
    outer loop
      vertex 15.2721 15.2721 3.13443
      vertex 14.565 14.565 2.72619
      vertex 15.1725 15.3856 3.2
    endloop
  endfacet
  facet normal 0 0.500029 -0.866009
    outer loop
      vertex 15.1725 15.3856 3.2
      vertex 14.565 14.565 2.72619
      vertex 13.8453 15.3856 3.2
    endloop
  endfacet
  facet normal -3.58851e-05 0.500011 -0.866019
    outer loop
      vertex 45.4538 14.6072 2.7506
      vertex 46 15.3856 3.2
      vertex 46 14 2.4
    endloop
  endfacet
  facet normal 0 0.499992 -0.86603
    outer loop
      vertex 46 15.3856 3.2
      vertex 45.4538 14.6072 2.7506
      vertex 45.9739 15.3856 3.2
    endloop
  endfacet
  facet normal 0 0.500035 -0.866005
    outer loop
      vertex 46 14 2.4
      vertex 44.9212 14 2.4
      vertex 45.4538 14.6072 2.7506
    endloop
  endfacet
  facet normal 0 0 0
    outer loop
      vertex 46 14 2.4
      vertex 40.7908 14 2.4
      vertex 44.9212 14 2.4
    endloop
  endfacet
  facet normal 0 0.499991 -0.86603
    outer loop
      vertex 40.7908 14 2.4
      vertex 39.2774 14 2.4
      vertex 40.7279 15.2721 3.13443
    endloop
  endfacet
  facet normal 0 0 0
    outer loop
      vertex 39.2774 14 2.4
      vertex 40.7908 14 2.4
      vertex 46 14 2.4
    endloop
  endfacet
  facet normal 0 0.500029 -0.866009
    outer loop
      vertex 41.435 14.565 2.72619
      vertex 40.8275 15.3856 3.2
      vertex 42.1547 15.3856 3.2
    endloop
  endfacet
  facet normal -6.73661e-06 0.499991 -0.866031
    outer loop
      vertex 40.7279 15.2721 3.13443
      vertex 41.435 14.565 2.72619
      vertex 40.7908 14 2.4
    endloop
  endfacet
  facet normal 0.000168423 0.500122 -0.865955
    outer loop
      vertex 41.435 14.565 2.72619
      vertex 40.7279 15.2721 3.13443
      vertex 40.8275 15.3856 3.2
    endloop
  endfacet
  facet normal -1 -0 0
    outer loop
      vertex 10 22.3856 3.2
      vertex 10 22.0437 3.0026
      vertex 10 22.0437 3.79219
    endloop
  endfacet
  facet normal 0 -0.500011 0.866019
    outer loop
      vertex 45.1378 19.8856 7.53013
      vertex 11.5455 18.5 6.73013
      vertex 44.4545 18.5 6.73013
    endloop
  endfacet
  facet normal 0 -0.500011 0.866019
    outer loop
      vertex 11.5455 18.5 6.73013
      vertex 45.1378 19.8856 7.53013
      vertex 10.8622 19.8856 7.53013
    endloop
  endfacet
  facet normal 1 0 0
    outer loop
      vertex 46 22.0437 3.79219
      vertex 46 22.0437 3.0026
      vertex 46 22.3856 3.2
    endloop
  endfacet
  facet normal 2.2968e-07 0.866019 0.500011
    outer loop
      vertex 45.0231 22.2702 3.4
      vertex 45.1378 19.8856 7.53013
      vertex 45.5537 20.729 6.06936
    endloop
  endfacet
  facet normal 0 0.866019 0.500011
    outer loop
      vertex 45.1378 19.8856 7.53013
      vertex 45.0231 22.2702 3.4
      vertex 10.8622 19.8856 7.53013
    endloop
  endfacet
  facet normal 6.0203e-05 0.866024 0.500002
    outer loop
      vertex 45.0231 22.2702 3.4
      vertex 45.5537 20.729 6.06936
      vertex 46 22.0437 3.79219
    endloop
  endfacet
  facet normal -0 0.866019 0.500011
    outer loop
      vertex 10.9769 22.2702 3.4
      vertex 10.8622 19.8856 7.53013
      vertex 45.0231 22.2702 3.4
    endloop
  endfacet
  facet normal -2.2968e-07 0.866019 0.500011
    outer loop
      vertex 10.8622 19.8856 7.53013
      vertex 10.9769 22.2702 3.4
      vertex 10.4463 20.729 6.06936
    endloop
  endfacet
  facet normal 6.17869e-05 0.866026 0.499999
    outer loop
      vertex 46 22.3856 3.2
      vertex 45.0231 22.2702 3.4
      vertex 46 22.0437 3.79219
    endloop
  endfacet
  facet normal 0 0.866157 0.499772
    outer loop
      vertex 45.0231 22.2702 3.4
      vertex 46 22.3856 3.2
      vertex 45.0623 22.3856 3.2
    endloop
  endfacet
  facet normal -6.0203e-05 0.866024 0.500002
    outer loop
      vertex 10.4463 20.729 6.06936
      vertex 10.9769 22.2702 3.4
      vertex 10 22.0437 3.79219
    endloop
  endfacet
  facet normal -0 0.866157 0.499772
    outer loop
      vertex 10 22.3856 3.2
      vertex 10.9769 22.2702 3.4
      vertex 10.9377 22.3856 3.2
    endloop
  endfacet
  facet normal -6.17869e-05 0.866026 0.499999
    outer loop
      vertex 10.9769 22.2702 3.4
      vertex 10 22.3856 3.2
      vertex 10 22.0437 3.79219
    endloop
  endfacet
  facet normal 0 0.5 -0.866025
    outer loop
      vertex 10.3543 21 2.4
      vertex 11.3702 21.1117 2.46449
      vertex 11.4253 21 2.4
    endloop
  endfacet
  facet normal -1.71337e-06 0.500012 -0.866019
    outer loop
      vertex 10.3543 21 2.4
      vertex 10.9377 22.3856 3.2
      vertex 11.3702 21.1117 2.46449
    endloop
  endfacet
  facet normal -2.0158e-06 0.500012 -0.866019
    outer loop
      vertex 10 22.0437 3.0026
      vertex 10.9377 22.3856 3.2
      vertex 10.3543 21 2.4
    endloop
  endfacet
  facet normal 0 0.500007 -0.866021
    outer loop
      vertex 10.9377 22.3856 3.2
      vertex 10 22.0437 3.0026
      vertex 10 22.3856 3.2
    endloop
  endfacet
  facet normal 0 -0 0
    outer loop
      vertex 10.3543 21 2.4
      vertex 11.4253 21 2.4
      vertex 10 21 2.4
    endloop
  endfacet
  facet normal 2.0158e-06 0.500012 -0.866019
    outer loop
      vertex 45.0623 22.3856 3.2
      vertex 46 22.0437 3.0026
      vertex 45.6457 21 2.4
    endloop
  endfacet
  facet normal 0 0.500007 -0.866021
    outer loop
      vertex 46 22.0437 3.0026
      vertex 45.0623 22.3856 3.2
      vertex 46 22.3856 3.2
    endloop
  endfacet
  facet normal 1.71337e-06 0.500012 -0.866019
    outer loop
      vertex 45.6457 21 2.4
      vertex 44.6298 21.1117 2.46449
      vertex 45.0623 22.3856 3.2
    endloop
  endfacet
  facet normal 0 0.5 -0.866025
    outer loop
      vertex 44.6298 21.1117 2.46449
      vertex 45.6457 21 2.4
      vertex 44.5747 21 2.4
    endloop
  endfacet
  facet normal 0 -0 0
    outer loop
      vertex 45.6457 21 2.4
      vertex 46 21 2.4
      vertex 44.5747 21 2.4
    endloop
  endfacet
  facet normal 0 -0.866031 -0.49999
    outer loop
      vertex 11.5455 18.5 6.73013
      vertex 11.71 20.4226 3.4
      vertex 44.4545 18.5 6.73013
    endloop
  endfacet
  facet normal -2.89044e-05 -0.866031 -0.499991
    outer loop
      vertex 10.4463 20.729 2.86936
      vertex 11.71 20.4226 3.4
      vertex 11.5455 18.5 6.73013
    endloop
  endfacet
  facet normal -0 -0.866014 -0.500021
    outer loop
      vertex 11.4253 21 2.4
      vertex 10.4463 20.729 2.86936
      vertex 10.3543 21 2.4
    endloop
  endfacet
  facet normal -6.58791e-06 -0.866008 -0.500031
    outer loop
      vertex 10.4463 20.729 2.86936
      vertex 11.4253 21 2.4
      vertex 11.71 20.4226 3.4
    endloop
  endfacet
  facet normal 0 0 0
    outer loop
      vertex 11.4253 21 2.4
      vertex 10.3543 21 2.4
      vertex 10 21 2.4
    endloop
  endfacet
  facet normal -0 -0.866031 -0.49999
    outer loop
      vertex 44.29 20.4226 3.4
      vertex 44.4545 18.5 6.73013
      vertex 11.71 20.4226 3.4
    endloop
  endfacet
  facet normal 2.89044e-05 -0.866031 -0.499991
    outer loop
      vertex 44.29 20.4226 3.4
      vertex 45.5537 20.729 2.86936
      vertex 44.4545 18.5 6.73013
    endloop
  endfacet
  facet normal 6.58791e-06 -0.866008 -0.500031
    outer loop
      vertex 44.5747 21 2.4
      vertex 45.5537 20.729 2.86936
      vertex 44.29 20.4226 3.4
    endloop
  endfacet
  facet normal 0 -0.866014 -0.500021
    outer loop
      vertex 45.5537 20.729 2.86936
      vertex 44.5747 21 2.4
      vertex 45.6457 21 2.4
    endloop
  endfacet
  facet normal 0 0 0
    outer loop
      vertex 46 21 2.4
      vertex 45.6457 21 2.4
      vertex 44.5747 21 2.4
    endloop
  endfacet
  facet normal -1 0 0
    outer loop
      vertex 10 28 2.4
      vertex 10 26.8856 7.53013
      vertex 10 29.3856 3.2
    endloop
  endfacet
  facet normal -1 0 -0
    outer loop
      vertex 10 26.8856 7.53013
      vertex 10 28 2.4
      vertex 10 25.5 6.73013
    endloop
  endfacet
  facet normal 0 -0.500011 0.866019
    outer loop
      vertex 10 26.8856 7.53013
      vertex 46 25.5 6.73013
      vertex 46 26.8856 7.53013
    endloop
  endfacet
  facet normal 0 -0.500011 0.866019
    outer loop
      vertex 46 25.5 6.73013
      vertex 10 26.8856 7.53013
      vertex 10 25.5 6.73013
    endloop
  endfacet
  facet normal 1 0 0
    outer loop
      vertex 46 26.8856 7.53013
      vertex 46 28 2.4
      vertex 46 29.3856 3.2
    endloop
  endfacet
  facet normal 1 0 0
    outer loop
      vertex 46 28 2.4
      vertex 46 26.8856 7.53013
      vertex 46 25.5 6.73013
    endloop
  endfacet
  facet normal 0 0.866019 0.500011
    outer loop
      vertex 46 26.8856 7.53013
      vertex 45.9167 29.2702 3.4
      vertex 10 26.8856 7.53013
    endloop
  endfacet
  facet normal 0.000727486 0.866025 0.5
    outer loop
      vertex 46 29.3856 3.2
      vertex 45.9167 29.2702 3.4
      vertex 46 26.8856 7.53013
    endloop
  endfacet
  facet normal 0 0.866157 0.499772
    outer loop
      vertex 45.9167 29.2702 3.4
      vertex 46 29.3856 3.2
      vertex 45.9092 29.3856 3.2
    endloop
  endfacet
  facet normal -0 0.866019 0.500011
    outer loop
      vertex 10.0833 29.2702 3.4
      vertex 10 26.8856 7.53013
      vertex 45.9167 29.2702 3.4
    endloop
  endfacet
  facet normal -0.000727486 0.866025 0.5
    outer loop
      vertex 10.0833 29.2702 3.4
      vertex 10 29.3856 3.2
      vertex 10 26.8856 7.53013
    endloop
  endfacet
  facet normal -0 0.866157 0.499772
    outer loop
      vertex 10 29.3856 3.2
      vertex 10.0833 29.2702 3.4
      vertex 10.0908 29.3856 3.2
    endloop
  endfacet
  facet normal 0 0.500011 -0.866019
    outer loop
      vertex 10.0908 29.3856 3.2
      vertex 10 28 2.4
      vertex 10 29.3856 3.2
    endloop
  endfacet
  facet normal 0 0.500011 -0.866019
    outer loop
      vertex 46 28 2.4
      vertex 45.9092 29.3856 3.2
      vertex 46 29.3856 3.2
    endloop
  endfacet
  facet normal 0 -0.866031 -0.49999
    outer loop
      vertex 10 25.5 6.73013
      vertex 10.0378 27.4226 3.4
      vertex 46 25.5 6.73013
    endloop
  endfacet
  facet normal -0.00114847 -0.866025 -0.499999
    outer loop
      vertex 10.0378 27.4226 3.4
      vertex 10 25.5 6.73013
      vertex 10 28 2.4
    endloop
  endfacet
  facet normal -0 -0.866031 -0.49999
    outer loop
      vertex 45.9622 27.4226 3.4
      vertex 46 25.5 6.73013
      vertex 10.0378 27.4226 3.4
    endloop
  endfacet
  facet normal 0.00114847 -0.866025 -0.499999
    outer loop
      vertex 46 25.5 6.73013
      vertex 45.9622 27.4226 3.4
      vertex 46 28 2.4
    endloop
  endfacet
  facet normal -1 0 0
    outer loop
      vertex 10 32.5 6.73013
      vertex 10 33.9563 7.40781
      vertex 10 33.9563 4.20781
    endloop
  endfacet
  facet normal -1 -0 0
    outer loop
      vertex 10 33.9563 7.40781
      vertex 10 32.5 6.73013
      vertex 10 33.8856 7.53013
    endloop
  endfacet
  facet normal 0 -0.500011 0.866019
    outer loop
      vertex 10 33.8856 7.53013
      vertex 46 32.5 6.73013
      vertex 46 33.8856 7.53013
    endloop
  endfacet
  facet normal 0 -0.500011 0.866019
    outer loop
      vertex 46 32.5 6.73013
      vertex 10 33.8856 7.53013
      vertex 10 32.5 6.73013
    endloop
  endfacet
  facet normal 1 0 0
    outer loop
      vertex 46 32.5 6.73013
      vertex 46 33.9563 7.40781
      vertex 46 33.8856 7.53013
    endloop
  endfacet
  facet normal 1 0 0
    outer loop
      vertex 46 33.9563 7.40781
      vertex 46 32.5 6.73013
      vertex 46 33.9563 4.20781
    endloop
  endfacet
  facet normal -0.00108992 0.865784 0.500416
    outer loop
      vertex 43.9484 36.2702 3.4
      vertex 46 33.8856 7.53013
      vertex 46 33.9563 7.40781
    endloop
  endfacet
  facet normal 0 0.866019 0.500011
    outer loop
      vertex 46 33.8856 7.53013
      vertex 43.9484 36.2702 3.4
      vertex 10 33.8856 7.53013
    endloop
  endfacet
  facet normal 2.27853e-05 0.866031 0.49999
    outer loop
      vertex 43.9484 36.2702 3.4
      vertex 46 33.9563 7.40781
      vertex 45.5537 35.271 5.13064
    endloop
  endfacet
  facet normal -0 0.866019 0.500011
    outer loop
      vertex 12.0516 36.2702 3.4
      vertex 10 33.8856 7.53013
      vertex 43.9484 36.2702 3.4
    endloop
  endfacet
  facet normal 0.00108992 0.865784 0.500416
    outer loop
      vertex 10 33.8856 7.53013
      vertex 12.0516 36.2702 3.4
      vertex 10 33.9563 7.40781
    endloop
  endfacet
  facet normal 5.00548e-05 0.866042 0.499971
    outer loop
      vertex 45.004 36.3856 3.2
      vertex 43.9484 36.2702 3.4
      vertex 45.5537 35.271 5.13064
    endloop
  endfacet
  facet normal 0 0.866157 0.499772
    outer loop
      vertex 43.9484 36.2702 3.4
      vertex 45.004 36.3856 3.2
      vertex 43.8914 36.3856 3.2
    endloop
  endfacet
  facet normal -2.27853e-05 0.866031 0.49999
    outer loop
      vertex 10 33.9563 7.40781
      vertex 12.0516 36.2702 3.4
      vertex 10.4463 35.271 5.13064
    endloop
  endfacet
  facet normal -0 0.866157 0.499772
    outer loop
      vertex 10.996 36.3856 3.2
      vertex 12.0516 36.2702 3.4
      vertex 12.1086 36.3856 3.2
    endloop
  endfacet
  facet normal -5.00548e-05 0.866042 0.499971
    outer loop
      vertex 12.0516 36.2702 3.4
      vertex 10.996 36.3856 3.2
      vertex 10.4463 35.271 5.13064
    endloop
  endfacet
  facet normal 0 0.500011 -0.866019
    outer loop
      vertex 11.4253 35 2.4
      vertex 10.996 36.3856 3.2
      vertex 12.1086 36.3856 3.2
    endloop
  endfacet
  facet normal 1.59773e-05 0.500015 -0.866017
    outer loop
      vertex 11.4253 35 2.4
      vertex 10.4463 35.271 2.55645
      vertex 10.996 36.3856 3.2
    endloop
  endfacet
  facet normal 0 0.499971 -0.866042
    outer loop
      vertex 10.4463 35.271 2.55645
      vertex 11.4253 35 2.4
      vertex 10.3543 35 2.4
    endloop
  endfacet
  facet normal 0 -0 0
    outer loop
      vertex 10.3543 35 2.4
      vertex 11.4253 35 2.4
      vertex 10 35 2.4
    endloop
  endfacet
  facet normal 0 0.499971 -0.866042
    outer loop
      vertex 44.5747 35 2.4
      vertex 45.5537 35.271 2.55645
      vertex 45.6457 35 2.4
    endloop
  endfacet
  facet normal -1.59773e-05 0.500015 -0.866017
    outer loop
      vertex 45.5537 35.271 2.55645
      vertex 44.5747 35 2.4
      vertex 45.004 36.3856 3.2
    endloop
  endfacet
  facet normal 0 0.500011 -0.866019
    outer loop
      vertex 45.004 36.3856 3.2
      vertex 44.5747 35 2.4
      vertex 43.8914 36.3856 3.2
    endloop
  endfacet
  facet normal 0 0 0
    outer loop
      vertex 44.5747 35 2.4
      vertex 45.6457 35 2.4
      vertex 46 35 2.4
    endloop
  endfacet
  facet normal -7.24832e-05 -0.86602 -0.50001
    outer loop
      vertex 11.2121 34.4226 3.4
      vertex 10 32.5 6.73013
      vertex 10 33.9563 4.20781
    endloop
  endfacet
  facet normal 0 -0.866031 -0.49999
    outer loop
      vertex 10 32.5 6.73013
      vertex 11.2121 34.4226 3.4
      vertex 46 32.5 6.73013
    endloop
  endfacet
  facet normal -0 -0.866031 -0.49999
    outer loop
      vertex 44.7879 34.4226 3.4
      vertex 46 32.5 6.73013
      vertex 11.2121 34.4226 3.4
    endloop
  endfacet
  facet normal -5.88678e-05 -0.866029 -0.499994
    outer loop
      vertex 10.3543 35 2.4
      vertex 11.2121 34.4226 3.4
      vertex 10 33.9563 4.20781
    endloop
  endfacet
  facet normal 9.759e-06 -0.866003 -0.500039
    outer loop
      vertex 11.2121 34.4226 3.4
      vertex 10.3543 35 2.4
      vertex 11.3702 34.8883 2.59347
    endloop
  endfacet
  facet normal 0 -0.866025 -0.5
    outer loop
      vertex 10.3543 35 2.4
      vertex 11.4253 35 2.4
      vertex 11.3702 34.8883 2.59347
    endloop
  endfacet
  facet normal 0 0 0
    outer loop
      vertex 11.4253 35 2.4
      vertex 10.3543 35 2.4
      vertex 10 35 2.4
    endloop
  endfacet
  facet normal 7.24832e-05 -0.86602 -0.50001
    outer loop
      vertex 46 32.5 6.73013
      vertex 44.7879 34.4226 3.4
      vertex 46 33.9563 4.20781
    endloop
  endfacet
  facet normal -9.759e-06 -0.866003 -0.500039
    outer loop
      vertex 45.6457 35 2.4
      vertex 44.7879 34.4226 3.4
      vertex 44.6298 34.8883 2.59347
    endloop
  endfacet
  facet normal 5.88678e-05 -0.866029 -0.499994
    outer loop
      vertex 44.7879 34.4226 3.4
      vertex 45.6457 35 2.4
      vertex 46 33.9563 4.20781
    endloop
  endfacet
  facet normal 0 -0.866025 -0.5
    outer loop
      vertex 44.5747 35 2.4
      vertex 45.6457 35 2.4
      vertex 44.6298 34.8883 2.59347
    endloop
  endfacet
  facet normal 0 0 0
    outer loop
      vertex 46 35 2.4
      vertex 45.6457 35 2.4
      vertex 44.5747 35 2.4
    endloop
  endfacet
  facet normal -1 0 0
    outer loop
      vertex 10 40.5753 4.86771
      vertex 10 43.3856 3.2
      vertex 10 42 2.4
    endloop
  endfacet
  facet normal -1 0 0
    outer loop
      vertex 10 43.3856 3.2
      vertex 10 40.5753 4.86771
      vertex 10 40.8856 7.53013
    endloop
  endfacet
  facet normal -1 0 0
    outer loop
      vertex 10 40.8856 7.53013
      vertex 10 40.5753 4.86771
      vertex 10 40.5753 7.35093
    endloop
  endfacet
  facet normal 0 -0.500101 0.865967
    outer loop
      vertex 46 40.8856 7.53013
      vertex 45.7926 40.8856 7.53013
      vertex 46 40.5753 7.35093
    endloop
  endfacet
  facet normal 0 -0.500101 0.865967
    outer loop
      vertex 10 40.8856 7.53013
      vertex 10 40.5753 7.35093
      vertex 10.2074 40.8856 7.53013
    endloop
  endfacet
  facet normal 0.00162928 -0.498951 0.866629
    outer loop
      vertex 41.9168 40.8856 7.53013
      vertex 43.1181 39.5 6.73013
      vertex 43.0737 39.5665 6.7685
    endloop
  endfacet
  facet normal 0 -0.500011 0.866019
    outer loop
      vertex 14.0832 40.8856 7.53013
      vertex 43.1181 39.5 6.73013
      vertex 41.9168 40.8856 7.53013
    endloop
  endfacet
  facet normal -0.00162928 -0.498951 0.866629
    outer loop
      vertex 12.8819 39.5 6.73013
      vertex 14.0832 40.8856 7.53013
      vertex 12.9263 39.5665 6.7685
    endloop
  endfacet
  facet normal 0 -0.500011 0.866019
    outer loop
      vertex 14.0832 40.8856 7.53013
      vertex 12.8819 39.5 6.73013
      vertex 43.1181 39.5 6.73013
    endloop
  endfacet
  facet normal 1 -0 0
    outer loop
      vertex 46 40.5753 4.86771
      vertex 46 43.3856 3.2
      vertex 46 40.8856 7.53013
    endloop
  endfacet
  facet normal 1 0 0
    outer loop
      vertex 46 40.5753 4.86771
      vertex 46 40.8856 7.53013
      vertex 46 40.5753 7.35093
    endloop
  endfacet
  facet normal 1 0 0
    outer loop
      vertex 46 43.3856 3.2
      vertex 46 40.5753 4.86771
      vertex 46 42 2.4
    endloop
  endfacet
  facet normal 0 0.86603 0.499993
    outer loop
      vertex 46 40.8856 7.53013
      vertex 45.4538 41.3927 6.65179
      vertex 45.7926 40.8856 7.53013
    endloop
  endfacet
  facet normal -1.5041e-05 0.866026 0.5
    outer loop
      vertex 46 43.3856 3.2
      vertex 45.4538 41.3927 6.65179
      vertex 46 40.8856 7.53013
    endloop
  endfacet
  facet normal 2.06087e-05 0.86602 0.500009
    outer loop
      vertex 45.4538 41.3927 6.65179
      vertex 44.6506 42.4294 4.85625
      vertex 44.5689 42.4017 4.90423
    endloop
  endfacet
  facet normal -0.000138758 0.865989 0.500063
    outer loop
      vertex 45.4538 41.3927 6.65179
      vertex 44.85 42.5278 4.6859
      vertex 44.6506 42.4294 4.85625
    endloop
  endfacet
  facet normal 0.00017803 0.866031 0.49999
    outer loop
      vertex 45.4538 41.3927 6.65179
      vertex 45.0349 42.6513 4.47192
      vertex 44.85 42.5278 4.6859
    endloop
  endfacet
  facet normal 0.000119761 0.866027 0.499998
    outer loop
      vertex 45.4538 41.3927 6.65179
      vertex 45.2021 42.7979 4.21796
      vertex 45.0349 42.6513 4.47192
    endloop
  endfacet
  facet normal 2.97454e-05 0.866022 0.500005
    outer loop
      vertex 45.4538 41.3927 6.65179
      vertex 46 43.3856 3.2
      vertex 45.2021 42.7979 4.21796
    endloop
  endfacet
  facet normal 0.000239448 0.865951 0.500128
    outer loop
      vertex 45.2021 42.7979 4.21796
      vertex 46 43.3856 3.2
      vertex 45.3487 42.9651 3.92839
    endloop
  endfacet
  facet normal 0.000103565 0.866004 0.500037
    outer loop
      vertex 45.3487 42.9651 3.92839
      vertex 46 43.3856 3.2
      vertex 45.4722 43.15 3.60814
    endloop
  endfacet
  facet normal -1.55227e-05 0.866071 0.499922
    outer loop
      vertex 45.4722 43.15 3.60814
      vertex 46 43.3856 3.2
      vertex 45.5706 43.3494 3.2627
    endloop
  endfacet
  facet normal 0 0.866025 0.500001
    outer loop
      vertex 45.5706 43.3494 3.2627
      vertex 46 43.3856 3.2
      vertex 45.5829 43.3856 3.2
    endloop
  endfacet
  facet normal 0 0.86603 0.499993
    outer loop
      vertex 10.5462 41.3927 6.65179
      vertex 10 40.8856 7.53013
      vertex 10.2074 40.8856 7.53013
    endloop
  endfacet
  facet normal -2.06087e-05 0.86602 0.500009
    outer loop
      vertex 11.3494 42.4294 4.85625
      vertex 10.5462 41.3927 6.65179
      vertex 11.4311 42.4017 4.90423
    endloop
  endfacet
  facet normal 0.000138758 0.865989 0.500063
    outer loop
      vertex 11.15 42.5278 4.6859
      vertex 10.5462 41.3927 6.65179
      vertex 11.3494 42.4294 4.85625
    endloop
  endfacet
  facet normal -0.00017803 0.866031 0.49999
    outer loop
      vertex 10.9651 42.6513 4.47192
      vertex 10.5462 41.3927 6.65179
      vertex 11.15 42.5278 4.6859
    endloop
  endfacet
  facet normal -0.000119761 0.866027 0.499998
    outer loop
      vertex 10.7979 42.7979 4.21796
      vertex 10.5462 41.3927 6.65179
      vertex 10.9651 42.6513 4.47192
    endloop
  endfacet
  facet normal -2.97454e-05 0.866022 0.500005
    outer loop
      vertex 10 43.3856 3.2
      vertex 10.5462 41.3927 6.65179
      vertex 10.7979 42.7979 4.21796
    endloop
  endfacet
  facet normal -0.000239448 0.865951 0.500128
    outer loop
      vertex 10 43.3856 3.2
      vertex 10.7979 42.7979 4.21796
      vertex 10.6513 42.9651 3.92839
    endloop
  endfacet
  facet normal -0.000103565 0.866004 0.500037
    outer loop
      vertex 10 43.3856 3.2
      vertex 10.6513 42.9651 3.92839
      vertex 10.5278 43.15 3.60814
    endloop
  endfacet
  facet normal 1.55227e-05 0.866071 0.499922
    outer loop
      vertex 10 43.3856 3.2
      vertex 10.5278 43.15 3.60814
      vertex 10.4294 43.3494 3.2627
    endloop
  endfacet
  facet normal -0 0.866025 0.500001
    outer loop
      vertex 10 43.3856 3.2
      vertex 10.4294 43.3494 3.2627
      vertex 10.4171 43.3856 3.2
    endloop
  endfacet
  facet normal 1.5041e-05 0.866026 0.5
    outer loop
      vertex 10.5462 41.3927 6.65179
      vertex 10 43.3856 3.2
      vertex 10 40.8856 7.53013
    endloop
  endfacet
  facet normal 7.90269e-06 0.866023 0.500004
    outer loop
      vertex 37.4763 43.2702 3.4
      vertex 41.9168 40.8856 7.53013
      vertex 41.435 41.435 6.57856
    endloop
  endfacet
  facet normal 0 0.866019 0.500011
    outer loop
      vertex 41.9168 40.8856 7.53013
      vertex 37.4763 43.2702 3.4
      vertex 14.0832 40.8856 7.53013
    endloop
  endfacet
  facet normal 2.01982e-05 0.86603 0.499993
    outer loop
      vertex 37.4763 43.2702 3.4
      vertex 41.435 41.435 6.57856
      vertex 39.5665 43.0737 3.74027
    endloop
  endfacet
  facet normal -0 0.866019 0.500011
    outer loop
      vertex 18.5236 43.2702 3.4
      vertex 14.0832 40.8856 7.53013
      vertex 37.4763 43.2702 3.4
    endloop
  endfacet
  facet normal -7.90303e-06 0.866023 0.500004
    outer loop
      vertex 14.0832 40.8856 7.53013
      vertex 18.5236 43.2702 3.4
      vertex 14.565 41.435 6.57856
    endloop
  endfacet
  facet normal 2.93105e-05 0.866054 0.499951
    outer loop
      vertex 39.0996 43.3856 3.2
      vertex 37.4763 43.2702 3.4
      vertex 39.5665 43.0737 3.74027
    endloop
  endfacet
  facet normal 0 0.866157 0.499772
    outer loop
      vertex 37.4763 43.2702 3.4
      vertex 39.0996 43.3856 3.2
      vertex 37.3035 43.3856 3.2
    endloop
  endfacet
  facet normal -2.01993e-05 0.86603 0.499993
    outer loop
      vertex 14.565 41.435 6.57856
      vertex 18.5236 43.2702 3.4
      vertex 16.4335 43.0737 3.74027
    endloop
  endfacet
  facet normal -0 0.866157 0.499772
    outer loop
      vertex 16.9004 43.3856 3.2
      vertex 18.5236 43.2702 3.4
      vertex 18.6965 43.3856 3.2
    endloop
  endfacet
  facet normal -2.93122e-05 0.866054 0.499951
    outer loop
      vertex 18.5236 43.2702 3.4
      vertex 16.9004 43.3856 3.2
      vertex 16.4335 43.0737 3.74027
    endloop
  endfacet
  facet normal -6.13437e-05 0.500038 -0.866004
    outer loop
      vertex 11.0788 42 2.4
      vertex 11.3494 42.4294 2.64792
      vertex 11.4311 42.4017 2.63192
    endloop
  endfacet
  facet normal 0.000107985 0.499958 -0.86605
    outer loop
      vertex 11.0788 42 2.4
      vertex 11.15 42.5278 2.7047
      vertex 11.3494 42.4294 2.64792
    endloop
  endfacet
  facet normal -0.000142658 0.499983 -0.866035
    outer loop
      vertex 11.0788 42 2.4
      vertex 10.9651 42.6513 2.77603
      vertex 11.15 42.5278 2.7047
    endloop
  endfacet
  facet normal 0 0.500002 -0.866024
    outer loop
      vertex 10 42 2.4
      vertex 10.9651 42.6513 2.77603
      vertex 11.0788 42 2.4
    endloop
  endfacet
  facet normal -2.26446e-05 0.500027 -0.86601
    outer loop
      vertex 10.9651 42.6513 2.77603
      vertex 10 42 2.4
      vertex 10.7979 42.7979 2.86068
    endloop
  endfacet
  facet normal 4.28486e-05 0.499978 -0.866038
    outer loop
      vertex 10.7979 42.7979 2.86068
      vertex 10 42 2.4
      vertex 10.6513 42.9651 2.9572
    endloop
  endfacet
  facet normal 6.70442e-06 0.499996 -0.866028
    outer loop
      vertex 10.6513 42.9651 2.9572
      vertex 10 42 2.4
      vertex 10.5278 43.15 3.06395
    endloop
  endfacet
  facet normal -3.65677e-05 0.500011 -0.866019
    outer loop
      vertex 10 43.3856 3.2
      vertex 10.5278 43.15 3.06395
      vertex 10 42 2.4
    endloop
  endfacet
  facet normal 1.02363e-05 0.50009 -0.865974
    outer loop
      vertex 10.5278 43.15 3.06395
      vertex 10 43.3856 3.2
      vertex 10.4294 43.3494 3.1791
    endloop
  endfacet
  facet normal 0 0.499999 -0.866026
    outer loop
      vertex 10.4294 43.3494 3.1791
      vertex 10 43.3856 3.2
      vertex 10.4171 43.3856 3.2
    endloop
  endfacet
  facet normal 0 0.500025 -0.866011
    outer loop
      vertex 17.0423 42.2804 2.56187
      vertex 16.9004 43.3856 3.2
      vertex 18.6965 43.3856 3.2
    endloop
  endfacet
  facet normal -4.68296e-05 0.499996 -0.866028
    outer loop
      vertex 16.4335 43.0737 3.01991
      vertex 17.0423 42.2804 2.56187
      vertex 16.7226 42 2.4
    endloop
  endfacet
  facet normal 4.20581e-06 0.500025 -0.866011
    outer loop
      vertex 17.0423 42.2804 2.56187
      vertex 16.4335 43.0737 3.01991
      vertex 16.9004 43.3856 3.2
    endloop
  endfacet
  facet normal 0 0.500005 -0.866022
    outer loop
      vertex 16.4335 43.0737 3.01991
      vertex 16.7226 42 2.4
      vertex 15.2092 42 2.4
    endloop
  endfacet
  facet normal 0 0 0
    outer loop
      vertex 16.7226 42 2.4
      vertex 10 42 2.4
      vertex 11.0788 42 2.4
    endloop
  endfacet
  facet normal 0 0 0
    outer loop
      vertex 16.7226 42 2.4
      vertex 11.0788 42 2.4
      vertex 15.2092 42 2.4
    endloop
  endfacet
  facet normal 0 0.500005 -0.866022
    outer loop
      vertex 39.2774 42 2.4
      vertex 39.5665 43.0737 3.01991
      vertex 40.7908 42 2.4
    endloop
  endfacet
  facet normal 4.68296e-05 0.499996 -0.866028
    outer loop
      vertex 38.9577 42.2804 2.56187
      vertex 39.5665 43.0737 3.01991
      vertex 39.2774 42 2.4
    endloop
  endfacet
  facet normal -4.20581e-06 0.500025 -0.866011
    outer loop
      vertex 39.5665 43.0737 3.01991
      vertex 38.9577 42.2804 2.56187
      vertex 39.0996 43.3856 3.2
    endloop
  endfacet
  facet normal 0 0.500025 -0.866011
    outer loop
      vertex 39.0996 43.3856 3.2
      vertex 38.9577 42.2804 2.56187
      vertex 37.3035 43.3856 3.2
    endloop
  endfacet
  facet normal 3.65677e-05 0.500011 -0.866019
    outer loop
      vertex 45.4722 43.15 3.06395
      vertex 46 43.3856 3.2
      vertex 46 42 2.4
    endloop
  endfacet
  facet normal 0 0.499999 -0.866026
    outer loop
      vertex 46 43.3856 3.2
      vertex 45.5706 43.3494 3.1791
      vertex 45.5829 43.3856 3.2
    endloop
  endfacet
  facet normal -1.02363e-05 0.50009 -0.865974
    outer loop
      vertex 46 43.3856 3.2
      vertex 45.4722 43.15 3.06395
      vertex 45.5706 43.3494 3.1791
    endloop
  endfacet
  facet normal -6.70442e-06 0.499996 -0.866028
    outer loop
      vertex 46 42 2.4
      vertex 45.3487 42.9651 2.9572
      vertex 45.4722 43.15 3.06395
    endloop
  endfacet
  facet normal -4.28486e-05 0.499978 -0.866038
    outer loop
      vertex 46 42 2.4
      vertex 45.2021 42.7979 2.86068
      vertex 45.3487 42.9651 2.9572
    endloop
  endfacet
  facet normal 2.26446e-05 0.500027 -0.86601
    outer loop
      vertex 46 42 2.4
      vertex 45.0349 42.6513 2.77603
      vertex 45.2021 42.7979 2.86068
    endloop
  endfacet
  facet normal 0 0.500002 -0.866024
    outer loop
      vertex 44.9212 42 2.4
      vertex 45.0349 42.6513 2.77603
      vertex 46 42 2.4
    endloop
  endfacet
  facet normal 0.000142658 0.499983 -0.866035
    outer loop
      vertex 44.9212 42 2.4
      vertex 44.85 42.5278 2.7047
      vertex 45.0349 42.6513 2.77603
    endloop
  endfacet
  facet normal -0.000107985 0.499958 -0.86605
    outer loop
      vertex 44.9212 42 2.4
      vertex 44.6506 42.4294 2.64792
      vertex 44.85 42.5278 2.7047
    endloop
  endfacet
  facet normal 6.13437e-05 0.500038 -0.866004
    outer loop
      vertex 44.6506 42.4294 2.64792
      vertex 44.9212 42 2.4
      vertex 44.5689 42.4017 2.63192
    endloop
  endfacet
  facet normal 0 0 0
    outer loop
      vertex 46 42 2.4
      vertex 39.2774 42 2.4
      vertex 40.7908 42 2.4
    endloop
  endfacet
  facet normal 0 0 0
    outer loop
      vertex 40.7908 42 2.4
      vertex 44.9212 42 2.4
      vertex 46 42 2.4
    endloop
  endfacet
  facet normal 0 0 -0
    outer loop
      vertex 11.0788 42 2.4
      vertex 10 42 2.4
      vertex 15.2092 42 2.4
    endloop
  endfacet
  facet normal 0 -0.866008 -0.50003
    outer loop
      vertex 10.5462 41.3927 3.45179
      vertex 10 42 2.4
      vertex 11.0788 42 2.4
    endloop
  endfacet
  facet normal -9.96357e-05 -0.86603 -0.499991
    outer loop
      vertex 10 42 2.4
      vertex 10.5462 41.3927 3.45179
      vertex 10 40.5753 4.86771
    endloop
  endfacet
  facet normal -0.000414866 -0.865859 -0.500287
    outer loop
      vertex 16.0643 41.4226 3.4
      vertex 12.8819 39.5 6.73013
      vertex 12.9263 39.5665 6.615
    endloop
  endfacet
  facet normal 0 -0.866031 -0.49999
    outer loop
      vertex 12.8819 39.5 6.73013
      vertex 16.0643 41.4226 3.4
      vertex 43.1181 39.5 6.73013
    endloop
  endfacet
  facet normal -0 -0.866031 -0.49999
    outer loop
      vertex 39.9357 41.4226 3.4
      vertex 43.1181 39.5 6.73013
      vertex 16.0643 41.4226 3.4
    endloop
  endfacet
  facet normal -1.26189e-05 -0.86603 -0.499993
    outer loop
      vertex 14.565 41.435 3.37856
      vertex 16.0643 41.4226 3.4
      vertex 12.9263 39.5665 6.615
    endloop
  endfacet
  facet normal -1.20133e-05 -0.866011 -0.500025
    outer loop
      vertex 15.2092 42 2.4
      vertex 16.0643 41.4226 3.4
      vertex 14.565 41.435 3.37856
    endloop
  endfacet
  facet normal 0 -0.866007 -0.500032
    outer loop
      vertex 15.2092 42 2.4
      vertex 16.7226 42 2.4
      vertex 16.0643 41.4226 3.4
    endloop
  endfacet
  facet normal 0 0 0
    outer loop
      vertex 16.7226 42 2.4
      vertex 15.2092 42 2.4
      vertex 10 42 2.4
    endloop
  endfacet
  facet normal 0.000414866 -0.865859 -0.500287
    outer loop
      vertex 43.1181 39.5 6.73013
      vertex 39.9357 41.4226 3.4
      vertex 43.0737 39.5665 6.615
    endloop
  endfacet
  facet normal 1.26189e-05 -0.86603 -0.499993
    outer loop
      vertex 39.9357 41.4226 3.4
      vertex 41.435 41.435 3.37856
      vertex 43.0737 39.5665 6.615
    endloop
  endfacet
  facet normal 1.20133e-05 -0.866011 -0.500025
    outer loop
      vertex 39.9357 41.4226 3.4
      vertex 40.7908 42 2.4
      vertex 41.435 41.435 3.37856
    endloop
  endfacet
  facet normal 0 0 -0
    outer loop
      vertex 40.7908 42 2.4
      vertex 39.2774 42 2.4
      vertex 44.9212 42 2.4
    endloop
  endfacet
  facet normal 0 -0.866007 -0.500032
    outer loop
      vertex 39.2774 42 2.4
      vertex 40.7908 42 2.4
      vertex 39.9357 41.4226 3.4
    endloop
  endfacet
  facet normal 9.96357e-05 -0.86603 -0.499991
    outer loop
      vertex 45.4538 41.3927 3.45179
      vertex 46 42 2.4
      vertex 46 40.5753 4.86771
    endloop
  endfacet
  facet normal 0 -0.866008 -0.50003
    outer loop
      vertex 44.9212 42 2.4
      vertex 46 42 2.4
      vertex 45.4538 41.3927 3.45179
    endloop
  endfacet
  facet normal 0 0 0
    outer loop
      vertex 46 42 2.4
      vertex 44.9212 42 2.4
      vertex 39.2774 42 2.4
    endloop
  endfacet
  facet normal -1 0 0
    outer loop
      vertex 0 0 0
      vertex 0 56 2.4
      vertex 0 56 0
    endloop
  endfacet
  facet normal -1 -0 0
    outer loop
      vertex 0 56 2.4
      vertex 0 0 0
      vertex 0 0 2.4
    endloop
  endfacet
  facet normal 0 0 1
    outer loop
      vertex 10.5278 44.85 2.4
      vertex 5.85 49.5278 2.4
      vertex 10.4294 44.6506 2.4
    endloop
  endfacet
  facet normal 0 0 1
    outer loop
      vertex 10 28 2.4
      vertex 6.68546 5.22189 2.4
      vertex 6.7 5 2.4
    endloop
  endfacet
  facet normal -0 0 1
    outer loop
      vertex 5.65056 49.4294 2.4
      vertex 10.4294 44.6506 2.4
      vertex 5.85 49.5278 2.4
    endloop
  endfacet
  facet normal 0 0 1
    outer loop
      vertex 10 28 2.4
      vertex 6.64207 5.43999 2.4
      vertex 6.68546 5.22189 2.4
    endloop
  endfacet
  facet normal 0 0 1
    outer loop
      vertex 10.4294 44.6506 2.4
      vertex 5.65056 49.4294 2.4
      vertex 10.3579 44.44 2.4
    endloop
  endfacet
  facet normal 0 0 1
    outer loop
      vertex 10 28 2.4
      vertex 6.57059 5.65056 2.4
      vertex 6.64207 5.43999 2.4
    endloop
  endfacet
  facet normal -0 0 1
    outer loop
      vertex 5.43999 49.3579 2.4
      vertex 10.3579 44.44 2.4
      vertex 5.65056 49.4294 2.4
    endloop
  endfacet
  facet normal 0 0 1
    outer loop
      vertex 10 28 2.4
      vertex 6.47224 5.85 2.4
      vertex 6.57059 5.65056 2.4
    endloop
  endfacet
  facet normal 0 0 1
    outer loop
      vertex 10.3579 44.44 2.4
      vertex 5.43999 49.3579 2.4
      vertex 10.3145 44.2219 2.4
    endloop
  endfacet
  facet normal 0 0 1
    outer loop
      vertex 10 28 2.4
      vertex 6.3487 6.03489 2.4
      vertex 6.47224 5.85 2.4
    endloop
  endfacet
  facet normal -0 0 1
    outer loop
      vertex 5.22189 49.3145 2.4
      vertex 10.3145 44.2219 2.4
      vertex 5.43999 49.3579 2.4
    endloop
  endfacet
  facet normal 0 0 1
    outer loop
      vertex 10 28 2.4
      vertex 6.20208 6.20208 2.4
      vertex 6.3487 6.03489 2.4
    endloop
  endfacet
  facet normal 0 0 1
    outer loop
      vertex 10.3145 44.2219 2.4
      vertex 5.22189 49.3145 2.4
      vertex 10.3 44 2.4
    endloop
  endfacet
  facet normal 0 0 1
    outer loop
      vertex 10 28 2.4
      vertex 6.03489 6.3487 2.4
      vertex 6.20208 6.20208 2.4
    endloop
  endfacet
  facet normal -0 0 1
    outer loop
      vertex 5 49.3 2.4
      vertex 10.3 44 2.4
      vertex 5.22189 49.3145 2.4
    endloop
  endfacet
  facet normal 0 0 1
    outer loop
      vertex 10 28 2.4
      vertex 5.85 6.47224 2.4
      vertex 6.03489 6.3487 2.4
    endloop
  endfacet
  facet normal 0 0 1
    outer loop
      vertex 10.3 44 2.4
      vertex 5 49.3 2.4
      vertex 10 42 2.4
    endloop
  endfacet
  facet normal 0 0 1
    outer loop
      vertex 10 28 2.4
      vertex 5.65056 6.57059 2.4
      vertex 5.85 6.47224 2.4
    endloop
  endfacet
  facet normal 0 0 1
    outer loop
      vertex 4.7781 49.3145 2.4
      vertex 10 42 2.4
      vertex 5 49.3 2.4
    endloop
  endfacet
  facet normal 0 0 1
    outer loop
      vertex 10 28 2.4
      vertex 5.43999 6.64207 2.4
      vertex 5.65056 6.57059 2.4
    endloop
  endfacet
  facet normal 0 0 1
    outer loop
      vertex 4.56001 49.3579 2.4
      vertex 10 42 2.4
      vertex 4.7781 49.3145 2.4
    endloop
  endfacet
  facet normal 0 0 1
    outer loop
      vertex 10 28 2.4
      vertex 5.22189 6.68546 2.4
      vertex 5.43999 6.64207 2.4
    endloop
  endfacet
  facet normal 0 0 1
    outer loop
      vertex 4.34944 49.4294 2.4
      vertex 10 42 2.4
      vertex 4.56001 49.3579 2.4
    endloop
  endfacet
  facet normal 0 0 1
    outer loop
      vertex 10 28 2.4
      vertex 5 6.7 2.4
      vertex 5.22189 6.68546 2.4
    endloop
  endfacet
  facet normal 0 0 1
    outer loop
      vertex 4.15 49.5278 2.4
      vertex 10 42 2.4
      vertex 4.34944 49.4294 2.4
    endloop
  endfacet
  facet normal 0 0 1
    outer loop
      vertex 10 28 2.4
      vertex 4.7781 6.68546 2.4
      vertex 5 6.7 2.4
    endloop
  endfacet
  facet normal 0 0 1
    outer loop
      vertex 10 42 2.4
      vertex 4.15 49.5278 2.4
      vertex 10 35 2.4
    endloop
  endfacet
  facet normal 0 0 1
    outer loop
      vertex 10 28 2.4
      vertex 4.56001 6.64207 2.4
      vertex 4.7781 6.68546 2.4
    endloop
  endfacet
  facet normal 0 0 1
    outer loop
      vertex 3.96511 49.6513 2.4
      vertex 10 35 2.4
      vertex 4.15 49.5278 2.4
    endloop
  endfacet
  facet normal 0 0 1
    outer loop
      vertex 10 28 2.4
      vertex 4.34944 6.57059 2.4
      vertex 4.56001 6.64207 2.4
    endloop
  endfacet
  facet normal 0 0 1
    outer loop
      vertex 3.79792 49.7979 2.4
      vertex 10 35 2.4
      vertex 3.96511 49.6513 2.4
    endloop
  endfacet
  facet normal 0 0 1
    outer loop
      vertex 10 28 2.4
      vertex 4.15 6.47224 2.4
      vertex 4.34944 6.57059 2.4
    endloop
  endfacet
  facet normal 0 0 1
    outer loop
      vertex 3.6513 49.9651 2.4
      vertex 10 35 2.4
      vertex 3.79792 49.7979 2.4
    endloop
  endfacet
  facet normal 0 0 1
    outer loop
      vertex 10 28 2.4
      vertex 3.96511 6.3487 2.4
      vertex 4.15 6.47224 2.4
    endloop
  endfacet
  facet normal 0 0 1
    outer loop
      vertex 10 35 2.4
      vertex 3.6513 49.9651 2.4
      vertex 10 28 2.4
    endloop
  endfacet
  facet normal 0 0 1
    outer loop
      vertex 10 28 2.4
      vertex 3.79792 6.20208 2.4
      vertex 3.96511 6.3487 2.4
    endloop
  endfacet
  facet normal 0 0 1
    outer loop
      vertex 3.52776 50.15 2.4
      vertex 10 28 2.4
      vertex 3.6513 49.9651 2.4
    endloop
  endfacet
  facet normal 0 0 1
    outer loop
      vertex 10 28 2.4
      vertex 3.6513 6.03489 2.4
      vertex 3.79792 6.20208 2.4
    endloop
  endfacet
  facet normal 0 0 1
    outer loop
      vertex 3.52776 5.85 2.4
      vertex 10 28 2.4
      vertex 3.52776 50.15 2.4
    endloop
  endfacet
  facet normal 0 0 1
    outer loop
      vertex 10 28 2.4
      vertex 3.52776 5.85 2.4
      vertex 3.6513 6.03489 2.4
    endloop
  endfacet
  facet normal 0 0 1
    outer loop
      vertex 0 56 2.4
      vertex 3.52776 50.15 2.4
      vertex 3.4294 50.3494 2.4
    endloop
  endfacet
  facet normal 0 0 1
    outer loop
      vertex 3.52776 50.15 2.4
      vertex 0 56 2.4
      vertex 3.52776 5.85 2.4
    endloop
  endfacet
  facet normal 0 0 1
    outer loop
      vertex 0 56 2.4
      vertex 3.4294 50.3494 2.4
      vertex 3.35793 50.56 2.4
    endloop
  endfacet
  facet normal 0 0 1
    outer loop
      vertex 0 0 2.4
      vertex 3.52776 5.85 2.4
      vertex 0 56 2.4
    endloop
  endfacet
  facet normal 0 0 1
    outer loop
      vertex 0 56 2.4
      vertex 3.35793 50.56 2.4
      vertex 3.31454 50.7781 2.4
    endloop
  endfacet
  facet normal 0 0 1
    outer loop
      vertex 3.52776 5.85 2.4
      vertex 0 0 2.4
      vertex 3.4294 5.65056 2.4
    endloop
  endfacet
  facet normal 0 0 1
    outer loop
      vertex 0 56 2.4
      vertex 3.31454 50.7781 2.4
      vertex 3.3 51 2.4
    endloop
  endfacet
  facet normal 0 0 1
    outer loop
      vertex 3.4294 5.65056 2.4
      vertex 0 0 2.4
      vertex 3.35793 5.43999 2.4
    endloop
  endfacet
  facet normal 0 0 1
    outer loop
      vertex 13.4722 43.15 2.4
      vertex 15.2721 40.7279 2.4
      vertex 16.7226 42 2.4
    endloop
  endfacet
  facet normal 0 0 1
    outer loop
      vertex 12 42.3 2.4
      vertex 13.7196 38.9577 2.4
      vertex 15.2721 40.7279 2.4
    endloop
  endfacet
  facet normal 0 0 1
    outer loop
      vertex 10 42 2.4
      vertex 12.4115 37 2.4
      vertex 13.7196 38.9577 2.4
    endloop
  endfacet
  facet normal 0 0 1
    outer loop
      vertex 10 35 2.4
      vertex 12.4115 37 2.4
      vertex 10 42 2.4
    endloop
  endfacet
  facet normal 0 0 1
    outer loop
      vertex 12.4115 37 2.4
      vertex 10 35 2.4
      vertex 11.4253 35 2.4
    endloop
  endfacet
  facet normal -0 0 1
    outer loop
      vertex 10 35 2.4
      vertex 11.3702 34.8883 2.4
      vertex 11.4253 35 2.4
    endloop
  endfacet
  facet normal 0 0 1
    outer loop
      vertex 10 35 2.4
      vertex 10.6133 32.6587 2.4
      vertex 11.3702 34.8883 2.4
    endloop
  endfacet
  facet normal 0 0 1
    outer loop
      vertex 10 35 2.4
      vertex 10.154 30.3495 2.4
      vertex 10.6133 32.6587 2.4
    endloop
  endfacet
  facet normal 0 0 1
    outer loop
      vertex 10.154 30.3495 2.4
      vertex 10 35 2.4
      vertex 10 28 2.4
    endloop
  endfacet
  facet normal 0 0 1
    outer loop
      vertex 17.0423 13.7196 2.4
      vertex 13.6855 12.2219 2.4
      vertex 13.7 12 2.4
    endloop
  endfacet
  facet normal 0 0 1
    outer loop
      vertex 15.2721 15.2721 2.4
      vertex 13.6421 12.44 2.4
      vertex 13.6855 12.2219 2.4
    endloop
  endfacet
  facet normal 0 0 1
    outer loop
      vertex 15.2721 15.2721 2.4
      vertex 13.5706 12.6506 2.4
      vertex 13.6421 12.44 2.4
    endloop
  endfacet
  facet normal 0 0 1
    outer loop
      vertex 15.2721 15.2721 2.4
      vertex 13.4722 12.85 2.4
      vertex 13.5706 12.6506 2.4
    endloop
  endfacet
  facet normal 0 0 1
    outer loop
      vertex 15.2721 15.2721 2.4
      vertex 13.3487 13.0349 2.4
      vertex 13.4722 12.85 2.4
    endloop
  endfacet
  facet normal 0 0 1
    outer loop
      vertex 15.2721 15.2721 2.4
      vertex 13.2021 13.2021 2.4
      vertex 13.3487 13.0349 2.4
    endloop
  endfacet
  facet normal 0 0 1
    outer loop
      vertex 15.2721 15.2721 2.4
      vertex 13.0349 13.3487 2.4
      vertex 13.2021 13.2021 2.4
    endloop
  endfacet
  facet normal 0 0 1
    outer loop
      vertex 15.2721 15.2721 2.4
      vertex 12.85 13.4722 2.4
      vertex 13.0349 13.3487 2.4
    endloop
  endfacet
  facet normal 0 0 1
    outer loop
      vertex 15.2721 15.2721 2.4
      vertex 12.6506 13.5706 2.4
      vertex 12.85 13.4722 2.4
    endloop
  endfacet
  facet normal 0 0 1
    outer loop
      vertex 13.7196 17.0423 2.4
      vertex 12.44 13.6421 2.4
      vertex 12.6506 13.5706 2.4
    endloop
  endfacet
  facet normal 0 0 1
    outer loop
      vertex 11.56 13.6421 2.4
      vertex 13.7196 17.0423 2.4
      vertex 12.4115 19 2.4
    endloop
  endfacet
  facet normal 0 0 1
    outer loop
      vertex 13.7196 17.0423 2.4
      vertex 12.2219 13.6855 2.4
      vertex 12.44 13.6421 2.4
    endloop
  endfacet
  facet normal 0 0 1
    outer loop
      vertex 13.7196 17.0423 2.4
      vertex 12 13.7 2.4
      vertex 12.2219 13.6855 2.4
    endloop
  endfacet
  facet normal 0 0 1
    outer loop
      vertex 13.7196 17.0423 2.4
      vertex 11.7781 13.6855 2.4
      vertex 12 13.7 2.4
    endloop
  endfacet
  facet normal 0 0 1
    outer loop
      vertex 13.7196 17.0423 2.4
      vertex 11.56 13.6421 2.4
      vertex 11.7781 13.6855 2.4
    endloop
  endfacet
  facet normal -0 0 1
    outer loop
      vertex 10 21 2.4
      vertex 12.4115 19 2.4
      vertex 11.4253 21 2.4
    endloop
  endfacet
  facet normal 0 -0 1
    outer loop
      vertex 11.15 13.4722 2.4
      vertex 12.4115 19 2.4
      vertex 10 21 2.4
    endloop
  endfacet
  facet normal 0 0 1
    outer loop
      vertex 12.4115 19 2.4
      vertex 11.3494 13.5706 2.4
      vertex 11.56 13.6421 2.4
    endloop
  endfacet
  facet normal 0 0 1
    outer loop
      vertex 12.4115 19 2.4
      vertex 11.15 13.4722 2.4
      vertex 11.3494 13.5706 2.4
    endloop
  endfacet
  facet normal 0 0 1
    outer loop
      vertex 11.15 13.4722 2.4
      vertex 10 21 2.4
      vertex 10.9651 13.3487 2.4
    endloop
  endfacet
  facet normal 0 0 1
    outer loop
      vertex 10.9651 13.3487 2.4
      vertex 10 21 2.4
      vertex 10.7979 13.2021 2.4
    endloop
  endfacet
  facet normal 0 0 1
    outer loop
      vertex 10.7979 13.2021 2.4
      vertex 10 21 2.4
      vertex 10.6513 13.0349 2.4
    endloop
  endfacet
  facet normal 0 0 1
    outer loop
      vertex 10.6513 13.0349 2.4
      vertex 10 21 2.4
      vertex 10.5278 12.85 2.4
    endloop
  endfacet
  facet normal 0 0 1
    outer loop
      vertex 10.5278 12.85 2.4
      vertex 10 21 2.4
      vertex 10.4294 12.6506 2.4
    endloop
  endfacet
  facet normal 0 0 1
    outer loop
      vertex 10.4294 12.6506 2.4
      vertex 10 21 2.4
      vertex 10.3579 12.44 2.4
    endloop
  endfacet
  facet normal 0 0 1
    outer loop
      vertex 10.3579 12.44 2.4
      vertex 6.7 5 2.4
      vertex 10.3145 12.2219 2.4
    endloop
  endfacet
  facet normal 0 0 1
    outer loop
      vertex 6.7 5 2.4
      vertex 10.3579 12.44 2.4
      vertex 10 21 2.4
    endloop
  endfacet
  facet normal 0 0 1
    outer loop
      vertex 17.0423 42.2804 2.4
      vertex 13.6855 43.7781 2.4
      vertex 16.7226 42 2.4
    endloop
  endfacet
  facet normal -0 0 1
    outer loop
      vertex 13.6421 43.56 2.4
      vertex 16.7226 42 2.4
      vertex 13.6855 43.7781 2.4
    endloop
  endfacet
  facet normal -0 0 1
    outer loop
      vertex 13.5706 43.3494 2.4
      vertex 16.7226 42 2.4
      vertex 13.6421 43.56 2.4
    endloop
  endfacet
  facet normal -0 0 1
    outer loop
      vertex 13.4722 43.15 2.4
      vertex 16.7226 42 2.4
      vertex 13.5706 43.3494 2.4
    endloop
  endfacet
  facet normal 0 0 1
    outer loop
      vertex 15.2721 40.7279 2.4
      vertex 13.4722 43.15 2.4
      vertex 13.3487 42.9651 2.4
    endloop
  endfacet
  facet normal 0 0 1
    outer loop
      vertex 15.2721 40.7279 2.4
      vertex 13.3487 42.9651 2.4
      vertex 13.2021 42.7979 2.4
    endloop
  endfacet
  facet normal 0 0 1
    outer loop
      vertex 15.2721 40.7279 2.4
      vertex 13.2021 42.7979 2.4
      vertex 13.0349 42.6513 2.4
    endloop
  endfacet
  facet normal 0 0 1
    outer loop
      vertex 15.2721 40.7279 2.4
      vertex 13.0349 42.6513 2.4
      vertex 12.85 42.5278 2.4
    endloop
  endfacet
  facet normal 0 0 1
    outer loop
      vertex 15.2721 40.7279 2.4
      vertex 12.85 42.5278 2.4
      vertex 12.6506 42.4294 2.4
    endloop
  endfacet
  facet normal 0 0 1
    outer loop
      vertex 15.2721 40.7279 2.4
      vertex 12.6506 42.4294 2.4
      vertex 12.44 42.3579 2.4
    endloop
  endfacet
  facet normal 0 0 1
    outer loop
      vertex 15.2721 40.7279 2.4
      vertex 12.44 42.3579 2.4
      vertex 12.2219 42.3145 2.4
    endloop
  endfacet
  facet normal 0 0 1
    outer loop
      vertex 11.7781 42.3145 2.4
      vertex 13.7196 38.9577 2.4
      vertex 12 42.3 2.4
    endloop
  endfacet
  facet normal -0 0 1
    outer loop
      vertex 12 42.3 2.4
      vertex 15.2721 40.7279 2.4
      vertex 12.2219 42.3145 2.4
    endloop
  endfacet
  facet normal 0 0 1
    outer loop
      vertex 13.7196 38.9577 2.4
      vertex 11.7781 42.3145 2.4
      vertex 10 42 2.4
    endloop
  endfacet
  facet normal 0 0 1
    outer loop
      vertex 11.56 42.3579 2.4
      vertex 10 42 2.4
      vertex 11.7781 42.3145 2.4
    endloop
  endfacet
  facet normal 0 0 1
    outer loop
      vertex 11.3494 42.4294 2.4
      vertex 10 42 2.4
      vertex 11.56 42.3579 2.4
    endloop
  endfacet
  facet normal 0 0 1
    outer loop
      vertex 11.15 42.5278 2.4
      vertex 10 42 2.4
      vertex 11.3494 42.4294 2.4
    endloop
  endfacet
  facet normal 0 0 1
    outer loop
      vertex 10.9651 42.6513 2.4
      vertex 10 42 2.4
      vertex 11.15 42.5278 2.4
    endloop
  endfacet
  facet normal 0 0 1
    outer loop
      vertex 10.7979 42.7979 2.4
      vertex 10 42 2.4
      vertex 10.9651 42.6513 2.4
    endloop
  endfacet
  facet normal 0 0 1
    outer loop
      vertex 10.6513 42.9651 2.4
      vertex 10 42 2.4
      vertex 10.7979 42.7979 2.4
    endloop
  endfacet
  facet normal 0 0 1
    outer loop
      vertex 10.5278 43.15 2.4
      vertex 10 42 2.4
      vertex 10.6513 42.9651 2.4
    endloop
  endfacet
  facet normal 0 0 1
    outer loop
      vertex 10.4294 43.3494 2.4
      vertex 10 42 2.4
      vertex 10.5278 43.15 2.4
    endloop
  endfacet
  facet normal 0 0 1
    outer loop
      vertex 10.3579 43.56 2.4
      vertex 10 42 2.4
      vertex 10.4294 43.3494 2.4
    endloop
  endfacet
  facet normal 0 0 1
    outer loop
      vertex 10.3145 43.7781 2.4
      vertex 10 42 2.4
      vertex 10.3579 43.56 2.4
    endloop
  endfacet
  facet normal 0 0 1
    outer loop
      vertex 10 42 2.4
      vertex 10.3145 43.7781 2.4
      vertex 10.3 44 2.4
    endloop
  endfacet
  facet normal 0 0 1
    outer loop
      vertex 11.3702 21.1117 2.4
      vertex 10 21 2.4
      vertex 11.4253 21 2.4
    endloop
  endfacet
  facet normal 0 0 1
    outer loop
      vertex 10.6133 23.3413 2.4
      vertex 10 21 2.4
      vertex 11.3702 21.1117 2.4
    endloop
  endfacet
  facet normal 0 0 1
    outer loop
      vertex 10.154 25.6505 2.4
      vertex 10 21 2.4
      vertex 10.6133 23.3413 2.4
    endloop
  endfacet
  facet normal 0 0 1
    outer loop
      vertex 10 21 2.4
      vertex 10.154 25.6505 2.4
      vertex 10 28 2.4
    endloop
  endfacet
  facet normal 0 0 1
    outer loop
      vertex 46 14 2.4
      vertex 45.6855 12.2219 2.4
      vertex 45.7 12 2.4
    endloop
  endfacet
  facet normal 0 0 1
    outer loop
      vertex 46 14 2.4
      vertex 45.6421 12.44 2.4
      vertex 45.6855 12.2219 2.4
    endloop
  endfacet
  facet normal 0 0 1
    outer loop
      vertex 46 14 2.4
      vertex 45.5706 12.6506 2.4
      vertex 45.6421 12.44 2.4
    endloop
  endfacet
  facet normal 0 0 1
    outer loop
      vertex 46 14 2.4
      vertex 45.4722 12.85 2.4
      vertex 45.5706 12.6506 2.4
    endloop
  endfacet
  facet normal 0 0 1
    outer loop
      vertex 46 14 2.4
      vertex 45.3487 13.0349 2.4
      vertex 45.4722 12.85 2.4
    endloop
  endfacet
  facet normal 0 0 1
    outer loop
      vertex 46 14 2.4
      vertex 45.2021 13.2021 2.4
      vertex 45.3487 13.0349 2.4
    endloop
  endfacet
  facet normal 0 0 1
    outer loop
      vertex 46 14 2.4
      vertex 45.0349 13.3487 2.4
      vertex 45.2021 13.2021 2.4
    endloop
  endfacet
  facet normal 0 0 1
    outer loop
      vertex 46 14 2.4
      vertex 44.85 13.4722 2.4
      vertex 45.0349 13.3487 2.4
    endloop
  endfacet
  facet normal 0 0 1
    outer loop
      vertex 46 14 2.4
      vertex 44.6506 13.5706 2.4
      vertex 44.85 13.4722 2.4
    endloop
  endfacet
  facet normal 0 0 1
    outer loop
      vertex 46 14 2.4
      vertex 44.44 13.6421 2.4
      vertex 44.6506 13.5706 2.4
    endloop
  endfacet
  facet normal 0 0 1
    outer loop
      vertex 46 14 2.4
      vertex 44.2219 13.6855 2.4
      vertex 44.44 13.6421 2.4
    endloop
  endfacet
  facet normal 0 0 1
    outer loop
      vertex 42.2804 17.0423 2.4
      vertex 44.2219 13.6855 2.4
      vertex 46 14 2.4
    endloop
  endfacet
  facet normal 0 0 1
    outer loop
      vertex 44.2219 13.6855 2.4
      vertex 42.2804 17.0423 2.4
      vertex 44 13.7 2.4
    endloop
  endfacet
  facet normal -0 0 1
    outer loop
      vertex 38.9577 13.7196 2.4
      vertex 42.3145 12.2219 2.4
      vertex 39.2774 14 2.4
    endloop
  endfacet
  facet normal 0 0 1
    outer loop
      vertex 42.3579 12.44 2.4
      vertex 39.2774 14 2.4
      vertex 42.3145 12.2219 2.4
    endloop
  endfacet
  facet normal 0 0 1
    outer loop
      vertex 42.4294 12.6506 2.4
      vertex 39.2774 14 2.4
      vertex 42.3579 12.44 2.4
    endloop
  endfacet
  facet normal 0 0 1
    outer loop
      vertex 42.5278 12.85 2.4
      vertex 39.2774 14 2.4
      vertex 42.4294 12.6506 2.4
    endloop
  endfacet
  facet normal 0 0 1
    outer loop
      vertex 40.7279 15.2721 2.4
      vertex 42.5278 12.85 2.4
      vertex 42.6513 13.0349 2.4
    endloop
  endfacet
  facet normal 0 0 1
    outer loop
      vertex 40.7279 15.2721 2.4
      vertex 42.6513 13.0349 2.4
      vertex 42.7979 13.2021 2.4
    endloop
  endfacet
  facet normal 0 0 1
    outer loop
      vertex 40.7279 15.2721 2.4
      vertex 42.7979 13.2021 2.4
      vertex 42.9651 13.3487 2.4
    endloop
  endfacet
  facet normal 0 0 1
    outer loop
      vertex 40.7279 15.2721 2.4
      vertex 42.9651 13.3487 2.4
      vertex 43.15 13.4722 2.4
    endloop
  endfacet
  facet normal 0 0 1
    outer loop
      vertex 40.7279 15.2721 2.4
      vertex 43.15 13.4722 2.4
      vertex 43.3494 13.5706 2.4
    endloop
  endfacet
  facet normal 0 0 1
    outer loop
      vertex 42.2804 17.0423 2.4
      vertex 43.3494 13.5706 2.4
      vertex 43.56 13.6421 2.4
    endloop
  endfacet
  facet normal 0 0 1
    outer loop
      vertex 42.2804 17.0423 2.4
      vertex 43.56 13.6421 2.4
      vertex 43.7781 13.6855 2.4
    endloop
  endfacet
  facet normal 0 0 1
    outer loop
      vertex 44 13.7 2.4
      vertex 42.2804 17.0423 2.4
      vertex 43.7781 13.6855 2.4
    endloop
  endfacet
  facet normal 0 0 1
    outer loop
      vertex 43.5885 19 2.4
      vertex 46 21 2.4
      vertex 44.5747 21 2.4
    endloop
  endfacet
  facet normal 0 0 1
    outer loop
      vertex 46 21 2.4
      vertex 43.5885 19 2.4
      vertex 46 14 2.4
    endloop
  endfacet
  facet normal -0 0 1
    outer loop
      vertex 42.2804 17.0423 2.4
      vertex 46 14 2.4
      vertex 43.5885 19 2.4
    endloop
  endfacet
  facet normal 0 0 1
    outer loop
      vertex 43.3494 13.5706 2.4
      vertex 42.2804 17.0423 2.4
      vertex 40.7279 15.2721 2.4
    endloop
  endfacet
  facet normal 0 0 1
    outer loop
      vertex 42.5278 12.85 2.4
      vertex 40.7279 15.2721 2.4
      vertex 39.2774 14 2.4
    endloop
  endfacet
  facet normal 0 0 1
    outer loop
      vertex 52.3487 6.03489 2.4
      vertex 45.846 25.6505 2.4
      vertex 46 21 2.4
    endloop
  endfacet
  facet normal -0 0 1
    outer loop
      vertex 45.3867 23.3413 2.4
      vertex 46 21 2.4
      vertex 45.846 25.6505 2.4
    endloop
  endfacet
  facet normal -0 0 1
    outer loop
      vertex 44.6298 21.1117 2.4
      vertex 46 21 2.4
      vertex 45.3867 23.3413 2.4
    endloop
  endfacet
  facet normal 0 0 1
    outer loop
      vertex 46 21 2.4
      vertex 44.6298 21.1117 2.4
      vertex 44.5747 21 2.4
    endloop
  endfacet
  facet normal 0 0 1
    outer loop
      vertex 52.3487 49.9651 2.4
      vertex 45.846 30.3495 2.4
      vertex 46 28 2.4
    endloop
  endfacet
  facet normal 0 0 1
    outer loop
      vertex 46 35 2.4
      vertex 45.3867 32.6587 2.4
      vertex 45.846 30.3495 2.4
    endloop
  endfacet
  facet normal 0 0 1
    outer loop
      vertex 46 35 2.4
      vertex 44.6298 34.8883 2.4
      vertex 45.3867 32.6587 2.4
    endloop
  endfacet
  facet normal 0 -0 1
    outer loop
      vertex 44.6298 34.8883 2.4
      vertex 46 35 2.4
      vertex 44.5747 35 2.4
    endloop
  endfacet
  facet normal -0 0 1
    outer loop
      vertex 43.5885 37 2.4
      vertex 46 35 2.4
      vertex 46 42 2.4
    endloop
  endfacet
  facet normal 0 0 1
    outer loop
      vertex 46 35 2.4
      vertex 43.5885 37 2.4
      vertex 44.5747 35 2.4
    endloop
  endfacet
  facet normal 0 0 1
    outer loop
      vertex 46 42 2.4
      vertex 42.2804 38.9577 2.4
      vertex 43.5885 37 2.4
    endloop
  endfacet
  facet normal 0 0 1
    outer loop
      vertex 44.2219 42.3145 2.4
      vertex 42.2804 38.9577 2.4
      vertex 46 42 2.4
    endloop
  endfacet
  facet normal 0 0 1
    outer loop
      vertex 43.7781 42.3145 2.4
      vertex 42.2804 38.9577 2.4
      vertex 44 42.3 2.4
    endloop
  endfacet
  facet normal 0 0 1
    outer loop
      vertex 52.5706 50.3494 2.4
      vertex 56 56 2.4
      vertex 52.6421 50.56 2.4
    endloop
  endfacet
  facet normal 0 0 1
    outer loop
      vertex 56 0 2.4
      vertex 52.6855 5.22189 2.4
      vertex 52.7 5 2.4
    endloop
  endfacet
  facet normal 0 0 1
    outer loop
      vertex 52.4722 50.15 2.4
      vertex 56 56 2.4
      vertex 52.5706 50.3494 2.4
    endloop
  endfacet
  facet normal 0 0 1
    outer loop
      vertex 56 0 2.4
      vertex 52.6421 5.43999 2.4
      vertex 52.6855 5.22189 2.4
    endloop
  endfacet
  facet normal 0 0 1
    outer loop
      vertex 56 56 2.4
      vertex 52.4722 50.15 2.4
      vertex 56 0 2.4
    endloop
  endfacet
  facet normal 0 0 1
    outer loop
      vertex 56 0 2.4
      vertex 52.5706 5.65056 2.4
      vertex 52.6421 5.43999 2.4
    endloop
  endfacet
  facet normal -0 0 1
    outer loop
      vertex 52.4722 5.85 2.4
      vertex 56 0 2.4
      vertex 52.4722 50.15 2.4
    endloop
  endfacet
  facet normal 0 0 1
    outer loop
      vertex 56 0 2.4
      vertex 52.4722 5.85 2.4
      vertex 52.5706 5.65056 2.4
    endloop
  endfacet
  facet normal 0 0 1
    outer loop
      vertex 46 28 2.4
      vertex 52.4722 50.15 2.4
      vertex 52.3487 49.9651 2.4
    endloop
  endfacet
  facet normal 0 0 1
    outer loop
      vertex 52.4722 50.15 2.4
      vertex 46 28 2.4
      vertex 52.4722 5.85 2.4
    endloop
  endfacet
  facet normal 0 0 1
    outer loop
      vertex 46 35 2.4
      vertex 52.3487 49.9651 2.4
      vertex 52.2021 49.7979 2.4
    endloop
  endfacet
  facet normal 0 0 1
    outer loop
      vertex 52.4722 5.85 2.4
      vertex 46 28 2.4
      vertex 52.3487 6.03489 2.4
    endloop
  endfacet
  facet normal 0 0 1
    outer loop
      vertex 46 35 2.4
      vertex 52.2021 49.7979 2.4
      vertex 52.0349 49.6513 2.4
    endloop
  endfacet
  facet normal -0 0 1
    outer loop
      vertex 45.846 25.6505 2.4
      vertex 52.3487 6.03489 2.4
      vertex 46 28 2.4
    endloop
  endfacet
  facet normal 0 0 1
    outer loop
      vertex 46 35 2.4
      vertex 52.0349 49.6513 2.4
      vertex 51.85 49.5278 2.4
    endloop
  endfacet
  facet normal 0 0 1
    outer loop
      vertex 52.3487 6.03489 2.4
      vertex 46 21 2.4
      vertex 52.2021 6.20208 2.4
    endloop
  endfacet
  facet normal 0 0 1
    outer loop
      vertex 46 42 2.4
      vertex 51.85 49.5278 2.4
      vertex 51.6506 49.4294 2.4
    endloop
  endfacet
  facet normal 0 0 1
    outer loop
      vertex 52.2021 6.20208 2.4
      vertex 46 21 2.4
      vertex 52.0349 6.3487 2.4
    endloop
  endfacet
  facet normal 0 0 1
    outer loop
      vertex 46 42 2.4
      vertex 51.6506 49.4294 2.4
      vertex 51.44 49.3579 2.4
    endloop
  endfacet
  facet normal 0 0 1
    outer loop
      vertex 52.0349 6.3487 2.4
      vertex 46 21 2.4
      vertex 51.85 6.47224 2.4
    endloop
  endfacet
  facet normal 0 0 1
    outer loop
      vertex 46 42 2.4
      vertex 51.44 49.3579 2.4
      vertex 51.2219 49.3145 2.4
    endloop
  endfacet
  facet normal -0 0 1
    outer loop
      vertex 46 14 2.4
      vertex 51.85 6.47224 2.4
      vertex 46 21 2.4
    endloop
  endfacet
  facet normal 0 0 1
    outer loop
      vertex 46 42 2.4
      vertex 51.2219 49.3145 2.4
      vertex 51 49.3 2.4
    endloop
  endfacet
  facet normal 0 0 1
    outer loop
      vertex 51.85 6.47224 2.4
      vertex 46 14 2.4
      vertex 51.6506 6.57059 2.4
    endloop
  endfacet
  facet normal 0 0 1
    outer loop
      vertex 45.7 44 2.4
      vertex 51 49.3 2.4
      vertex 50.7781 49.3145 2.4
    endloop
  endfacet
  facet normal 0 0 1
    outer loop
      vertex 51.6506 6.57059 2.4
      vertex 46 14 2.4
      vertex 51.44 6.64207 2.4
    endloop
  endfacet
  facet normal 0 0 1
    outer loop
      vertex 45.6855 44.2219 2.4
      vertex 50.7781 49.3145 2.4
      vertex 50.56 49.3579 2.4
    endloop
  endfacet
  facet normal 0 0 1
    outer loop
      vertex 51.44 6.64207 2.4
      vertex 46 14 2.4
      vertex 51.2219 6.68546 2.4
    endloop
  endfacet
  facet normal 0 0 1
    outer loop
      vertex 45.6421 44.44 2.4
      vertex 50.56 49.3579 2.4
      vertex 50.3494 49.4294 2.4
    endloop
  endfacet
  facet normal 0 0 1
    outer loop
      vertex 51.2219 6.68546 2.4
      vertex 46 14 2.4
      vertex 51 6.7 2.4
    endloop
  endfacet
  facet normal 0 0 1
    outer loop
      vertex 45.5706 44.6506 2.4
      vertex 50.3494 49.4294 2.4
      vertex 50.15 49.5278 2.4
    endloop
  endfacet
  facet normal -0 0 1
    outer loop
      vertex 45.7 12 2.4
      vertex 51 6.7 2.4
      vertex 46 14 2.4
    endloop
  endfacet
  facet normal 0 0 1
    outer loop
      vertex 45.4722 44.85 2.4
      vertex 50.15 49.5278 2.4
      vertex 49.9651 49.6513 2.4
    endloop
  endfacet
  facet normal 0 0 1
    outer loop
      vertex 51 6.7 2.4
      vertex 45.7 12 2.4
      vertex 50.7781 6.68546 2.4
    endloop
  endfacet
  facet normal 0 0 1
    outer loop
      vertex 45.3487 45.0349 2.4
      vertex 49.9651 49.6513 2.4
      vertex 49.7979 49.7979 2.4
    endloop
  endfacet
  facet normal -0 0 1
    outer loop
      vertex 45.6855 11.7781 2.4
      vertex 50.7781 6.68546 2.4
      vertex 45.7 12 2.4
    endloop
  endfacet
  facet normal 0 0 1
    outer loop
      vertex 45.2021 45.2021 2.4
      vertex 49.7979 49.7979 2.4
      vertex 49.6513 49.9651 2.4
    endloop
  endfacet
  facet normal 0 0 1
    outer loop
      vertex 50.7781 6.68546 2.4
      vertex 45.6855 11.7781 2.4
      vertex 50.56 6.64207 2.4
    endloop
  endfacet
  facet normal 0 0 1
    outer loop
      vertex 45.0349 45.3487 2.4
      vertex 49.6513 49.9651 2.4
      vertex 49.5278 50.15 2.4
    endloop
  endfacet
  facet normal -0 0 1
    outer loop
      vertex 45.6421 11.56 2.4
      vertex 50.56 6.64207 2.4
      vertex 45.6855 11.7781 2.4
    endloop
  endfacet
  facet normal 0 0 1
    outer loop
      vertex 44.85 45.4722 2.4
      vertex 49.5278 50.15 2.4
      vertex 49.4294 50.3494 2.4
    endloop
  endfacet
  facet normal 0 0 1
    outer loop
      vertex 50.56 6.64207 2.4
      vertex 45.6421 11.56 2.4
      vertex 50.3494 6.57059 2.4
    endloop
  endfacet
  facet normal 0 0 1
    outer loop
      vertex 44.6506 45.5706 2.4
      vertex 49.4294 50.3494 2.4
      vertex 49.3579 50.56 2.4
    endloop
  endfacet
  facet normal -0 0 1
    outer loop
      vertex 45.5706 11.3494 2.4
      vertex 50.3494 6.57059 2.4
      vertex 45.6421 11.56 2.4
    endloop
  endfacet
  facet normal 0 0 1
    outer loop
      vertex 44.44 45.6421 2.4
      vertex 49.3579 50.56 2.4
      vertex 49.3145 50.7781 2.4
    endloop
  endfacet
  facet normal 0 0 1
    outer loop
      vertex 50.3494 6.57059 2.4
      vertex 45.5706 11.3494 2.4
      vertex 50.15 6.47224 2.4
    endloop
  endfacet
  facet normal 0 0 1
    outer loop
      vertex 44.2219 45.6855 2.4
      vertex 49.3145 50.7781 2.4
      vertex 49.3 51 2.4
    endloop
  endfacet
  facet normal -0 0 1
    outer loop
      vertex 45.4722 11.15 2.4
      vertex 50.15 6.47224 2.4
      vertex 45.5706 11.3494 2.4
    endloop
  endfacet
  facet normal 0 0 1
    outer loop
      vertex 52.6855 50.7781 2.4
      vertex 56 56 2.4
      vertex 52.7 51 2.4
    endloop
  endfacet
  facet normal 0 0 1
    outer loop
      vertex 56 56 2.4
      vertex 52.6855 51.2219 2.4
      vertex 52.7 51 2.4
    endloop
  endfacet
  facet normal 0 0 1
    outer loop
      vertex 56 56 2.4
      vertex 52.6421 51.44 2.4
      vertex 52.6855 51.2219 2.4
    endloop
  endfacet
  facet normal 0 0 1
    outer loop
      vertex 56 56 2.4
      vertex 52.5706 51.6506 2.4
      vertex 52.6421 51.44 2.4
    endloop
  endfacet
  facet normal 0 0 1
    outer loop
      vertex 56 56 2.4
      vertex 52.4722 51.85 2.4
      vertex 52.5706 51.6506 2.4
    endloop
  endfacet
  facet normal 0 0 1
    outer loop
      vertex 56 56 2.4
      vertex 52.3487 52.0349 2.4
      vertex 52.4722 51.85 2.4
    endloop
  endfacet
  facet normal 0 0 1
    outer loop
      vertex 56 56 2.4
      vertex 52.2021 52.2021 2.4
      vertex 52.3487 52.0349 2.4
    endloop
  endfacet
  facet normal 0 0 1
    outer loop
      vertex 56 56 2.4
      vertex 52.0349 52.3487 2.4
      vertex 52.2021 52.2021 2.4
    endloop
  endfacet
  facet normal 0 0 1
    outer loop
      vertex 56 56 2.4
      vertex 51.85 52.4722 2.4
      vertex 52.0349 52.3487 2.4
    endloop
  endfacet
  facet normal 0 0 1
    outer loop
      vertex 56 56 2.4
      vertex 51.6506 52.5706 2.4
      vertex 51.85 52.4722 2.4
    endloop
  endfacet
  facet normal 0 0 1
    outer loop
      vertex 56 56 2.4
      vertex 51.44 52.6421 2.4
      vertex 51.6506 52.5706 2.4
    endloop
  endfacet
  facet normal 0 0 1
    outer loop
      vertex 56 56 2.4
      vertex 51.2219 52.6855 2.4
      vertex 51.44 52.6421 2.4
    endloop
  endfacet
  facet normal 0 0 1
    outer loop
      vertex 56 56 2.4
      vertex 51 52.7 2.4
      vertex 51.2219 52.6855 2.4
    endloop
  endfacet
  facet normal 0 0 1
    outer loop
      vertex 56 56 2.4
      vertex 50.7781 52.6855 2.4
      vertex 51 52.7 2.4
    endloop
  endfacet
  facet normal 0 0 1
    outer loop
      vertex 56 56 2.4
      vertex 50.56 52.6421 2.4
      vertex 50.7781 52.6855 2.4
    endloop
  endfacet
  facet normal 0 0 1
    outer loop
      vertex 56 56 2.4
      vertex 50.3494 52.5706 2.4
      vertex 50.56 52.6421 2.4
    endloop
  endfacet
  facet normal 0 0 1
    outer loop
      vertex 56 56 2.4
      vertex 50.15 52.4722 2.4
      vertex 50.3494 52.5706 2.4
    endloop
  endfacet
  facet normal 0 0 1
    outer loop
      vertex 51.85 49.5278 2.4
      vertex 46 42 2.4
      vertex 46 35 2.4
    endloop
  endfacet
  facet normal 0 0 1
    outer loop
      vertex 44 45.7 2.4
      vertex 49.3 51 2.4
      vertex 49.3145 51.2219 2.4
    endloop
  endfacet
  facet normal 0 0 1
    outer loop
      vertex 43.7781 45.6855 2.4
      vertex 49.3145 51.2219 2.4
      vertex 49.3579 51.44 2.4
    endloop
  endfacet
  facet normal 0 0 1
    outer loop
      vertex 43.56 45.6421 2.4
      vertex 49.3579 51.44 2.4
      vertex 49.4294 51.6506 2.4
    endloop
  endfacet
  facet normal 0 0 1
    outer loop
      vertex 51 49.3 2.4
      vertex 45.7 44 2.4
      vertex 46 42 2.4
    endloop
  endfacet
  facet normal 0 0 1
    outer loop
      vertex 50.7781 49.3145 2.4
      vertex 45.6855 44.2219 2.4
      vertex 45.7 44 2.4
    endloop
  endfacet
  facet normal 0 0 1
    outer loop
      vertex 32.6587 45.3867 2.4
      vertex 49.4294 51.6506 2.4
      vertex 49.5278 51.85 2.4
    endloop
  endfacet
  facet normal 0 0 1
    outer loop
      vertex 50.56 49.3579 2.4
      vertex 45.6421 44.44 2.4
      vertex 45.6855 44.2219 2.4
    endloop
  endfacet
  facet normal 0 0 1
    outer loop
      vertex 50.3494 49.4294 2.4
      vertex 45.5706 44.6506 2.4
      vertex 45.6421 44.44 2.4
    endloop
  endfacet
  facet normal 0 0 1
    outer loop
      vertex 50.15 49.5278 2.4
      vertex 45.4722 44.85 2.4
      vertex 45.5706 44.6506 2.4
    endloop
  endfacet
  facet normal 0 0 1
    outer loop
      vertex 49.9651 49.6513 2.4
      vertex 45.3487 45.0349 2.4
      vertex 45.4722 44.85 2.4
    endloop
  endfacet
  facet normal 0 0 1
    outer loop
      vertex 49.7979 49.7979 2.4
      vertex 45.2021 45.2021 2.4
      vertex 45.3487 45.0349 2.4
    endloop
  endfacet
  facet normal 0 0 1
    outer loop
      vertex 49.6513 49.9651 2.4
      vertex 45.0349 45.3487 2.4
      vertex 45.2021 45.2021 2.4
    endloop
  endfacet
  facet normal 0 0 1
    outer loop
      vertex 32.6587 45.3867 2.4
      vertex 49.5278 51.85 2.4
      vertex 49.6513 52.0349 2.4
    endloop
  endfacet
  facet normal 0 0 1
    outer loop
      vertex 49.5278 50.15 2.4
      vertex 44.85 45.4722 2.4
      vertex 45.0349 45.3487 2.4
    endloop
  endfacet
  facet normal 0 0 1
    outer loop
      vertex 49.4294 50.3494 2.4
      vertex 44.6506 45.5706 2.4
      vertex 44.85 45.4722 2.4
    endloop
  endfacet
  facet normal 0 0 1
    outer loop
      vertex 49.3579 50.56 2.4
      vertex 44.44 45.6421 2.4
      vertex 44.6506 45.5706 2.4
    endloop
  endfacet
  facet normal 0 0 1
    outer loop
      vertex 49.3145 50.7781 2.4
      vertex 44.2219 45.6855 2.4
      vertex 44.44 45.6421 2.4
    endloop
  endfacet
  facet normal 0 0 1
    outer loop
      vertex 49.3 51 2.4
      vertex 44 45.7 2.4
      vertex 44.2219 45.6855 2.4
    endloop
  endfacet
  facet normal 0 0 1
    outer loop
      vertex 30.3495 45.846 2.4
      vertex 49.6513 52.0349 2.4
      vertex 49.7979 52.2021 2.4
    endloop
  endfacet
  facet normal 0 0 1
    outer loop
      vertex 49.3145 51.2219 2.4
      vertex 43.7781 45.6855 2.4
      vertex 44 45.7 2.4
    endloop
  endfacet
  facet normal 0 0 1
    outer loop
      vertex 49.3579 51.44 2.4
      vertex 43.56 45.6421 2.4
      vertex 43.7781 45.6855 2.4
    endloop
  endfacet
  facet normal 0 0 1
    outer loop
      vertex 49.4294 51.6506 2.4
      vertex 43.3494 45.5706 2.4
      vertex 43.56 45.6421 2.4
    endloop
  endfacet
  facet normal 0 0 1
    outer loop
      vertex 49.4294 51.6506 2.4
      vertex 32.6587 45.3867 2.4
      vertex 43.3494 45.5706 2.4
    endloop
  endfacet
  facet normal 0 -0 1
    outer loop
      vertex 34.8883 44.6298 2.4
      vertex 43.3494 45.5706 2.4
      vertex 32.6587 45.3867 2.4
    endloop
  endfacet
  facet normal 0 0 1
    outer loop
      vertex 43.15 45.4722 2.4
      vertex 34.8883 44.6298 2.4
      vertex 42.9651 45.3487 2.4
    endloop
  endfacet
  facet normal 0 0 1
    outer loop
      vertex 38.9577 42.2804 2.4
      vertex 42.3 44 2.4
      vertex 42.3145 44.2219 2.4
    endloop
  endfacet
  facet normal 0 0 1
    outer loop
      vertex 38.9577 42.2804 2.4
      vertex 42.3145 44.2219 2.4
      vertex 42.3579 44.44 2.4
    endloop
  endfacet
  facet normal 0 0 1
    outer loop
      vertex 37 43.5885 2.4
      vertex 42.3579 44.44 2.4
      vertex 42.4294 44.6506 2.4
    endloop
  endfacet
  facet normal 0 0 1
    outer loop
      vertex 37 43.5885 2.4
      vertex 42.4294 44.6506 2.4
      vertex 42.5278 44.85 2.4
    endloop
  endfacet
  facet normal 0 0 1
    outer loop
      vertex 37 43.5885 2.4
      vertex 42.5278 44.85 2.4
      vertex 42.6513 45.0349 2.4
    endloop
  endfacet
  facet normal 0 0 1
    outer loop
      vertex 37 43.5885 2.4
      vertex 42.6513 45.0349 2.4
      vertex 42.7979 45.2021 2.4
    endloop
  endfacet
  facet normal 0 0 1
    outer loop
      vertex 42.9651 45.3487 2.4
      vertex 34.8883 44.6298 2.4
      vertex 42.7979 45.2021 2.4
    endloop
  endfacet
  facet normal 0 0 1
    outer loop
      vertex 42.3 44 2.4
      vertex 38.9577 42.2804 2.4
      vertex 39.2774 42 2.4
    endloop
  endfacet
  facet normal 0 0 1
    outer loop
      vertex 42.3579 44.44 2.4
      vertex 37 43.5885 2.4
      vertex 38.9577 42.2804 2.4
    endloop
  endfacet
  facet normal 0 0 1
    outer loop
      vertex 30.3495 45.846 2.4
      vertex 49.7979 52.2021 2.4
      vertex 49.9651 52.3487 2.4
    endloop
  endfacet
  facet normal 0 0 1
    outer loop
      vertex 42.7979 45.2021 2.4
      vertex 34.8883 44.6298 2.4
      vertex 37 43.5885 2.4
    endloop
  endfacet
  facet normal 0 0 1
    outer loop
      vertex 28 46 2.4
      vertex 49.9651 52.3487 2.4
      vertex 50.15 52.4722 2.4
    endloop
  endfacet
  facet normal 0 0 1
    outer loop
      vertex 5.85 52.4722 2.4
      vertex 50.15 52.4722 2.4
      vertex 56 56 2.4
    endloop
  endfacet
  facet normal 0 0 1
    outer loop
      vertex 43.3494 45.5706 2.4
      vertex 34.8883 44.6298 2.4
      vertex 43.15 45.4722 2.4
    endloop
  endfacet
  facet normal 0 0 1
    outer loop
      vertex 49.6513 52.0349 2.4
      vertex 30.3495 45.846 2.4
      vertex 32.6587 45.3867 2.4
    endloop
  endfacet
  facet normal 0 0 1
    outer loop
      vertex 49.9651 52.3487 2.4
      vertex 28 46 2.4
      vertex 30.3495 45.846 2.4
    endloop
  endfacet
  facet normal 0 0 1
    outer loop
      vertex 50.15 52.4722 2.4
      vertex 5.85 52.4722 2.4
      vertex 28 46 2.4
    endloop
  endfacet
  facet normal -0 -0 1
    outer loop
      vertex 6.03489 52.3487 2.4
      vertex 28 46 2.4
      vertex 5.85 52.4722 2.4
    endloop
  endfacet
  facet normal -0 0 1
    outer loop
      vertex 13.6855 43.7781 2.4
      vertex 17.0423 42.2804 2.4
      vertex 13.7 44 2.4
    endloop
  endfacet
  facet normal 0 0 1
    outer loop
      vertex 13.6421 44.44 2.4
      vertex 17.0423 42.2804 2.4
      vertex 19 43.5885 2.4
    endloop
  endfacet
  facet normal 0 0 1
    outer loop
      vertex 13.2021 45.2021 2.4
      vertex 19 43.5885 2.4
      vertex 21.1117 44.6298 2.4
    endloop
  endfacet
  facet normal 0 0 1
    outer loop
      vertex 12.6506 45.5706 2.4
      vertex 21.1117 44.6298 2.4
      vertex 23.3413 45.3867 2.4
    endloop
  endfacet
  facet normal -0 -0 1
    outer loop
      vertex 6.20208 52.2021 2.4
      vertex 25.6505 45.846 2.4
      vertex 6.03489 52.3487 2.4
    endloop
  endfacet
  facet normal 0 0 1
    outer loop
      vertex 17.0423 42.2804 2.4
      vertex 13.6855 44.2219 2.4
      vertex 13.7 44 2.4
    endloop
  endfacet
  facet normal 0 0 1
    outer loop
      vertex 17.0423 42.2804 2.4
      vertex 13.6421 44.44 2.4
      vertex 13.6855 44.2219 2.4
    endloop
  endfacet
  facet normal 0 0 1
    outer loop
      vertex 19 43.5885 2.4
      vertex 13.5706 44.6506 2.4
      vertex 13.6421 44.44 2.4
    endloop
  endfacet
  facet normal 0 0 1
    outer loop
      vertex 19 43.5885 2.4
      vertex 13.4722 44.85 2.4
      vertex 13.5706 44.6506 2.4
    endloop
  endfacet
  facet normal 0 0 1
    outer loop
      vertex 19 43.5885 2.4
      vertex 13.3487 45.0349 2.4
      vertex 13.4722 44.85 2.4
    endloop
  endfacet
  facet normal 0 0 1
    outer loop
      vertex 19 43.5885 2.4
      vertex 13.2021 45.2021 2.4
      vertex 13.3487 45.0349 2.4
    endloop
  endfacet
  facet normal 0 0 1
    outer loop
      vertex 21.1117 44.6298 2.4
      vertex 13.0349 45.3487 2.4
      vertex 13.2021 45.2021 2.4
    endloop
  endfacet
  facet normal -0 -0 1
    outer loop
      vertex 6.47224 51.85 2.4
      vertex 23.3413 45.3867 2.4
      vertex 6.3487 52.0349 2.4
    endloop
  endfacet
  facet normal 0 0 1
    outer loop
      vertex 21.1117 44.6298 2.4
      vertex 12.85 45.4722 2.4
      vertex 13.0349 45.3487 2.4
    endloop
  endfacet
  facet normal -0 -0 1
    outer loop
      vertex 6.57059 51.6506 2.4
      vertex 23.3413 45.3867 2.4
      vertex 6.47224 51.85 2.4
    endloop
  endfacet
  facet normal 0 0 1
    outer loop
      vertex 21.1117 44.6298 2.4
      vertex 12.6506 45.5706 2.4
      vertex 12.85 45.4722 2.4
    endloop
  endfacet
  facet normal 0 0 1
    outer loop
      vertex 12.6506 45.5706 2.4
      vertex 6.57059 51.6506 2.4
      vertex 12.44 45.6421 2.4
    endloop
  endfacet
  facet normal -0 -0 1
    outer loop
      vertex 6.64207 51.44 2.4
      vertex 12.44 45.6421 2.4
      vertex 6.57059 51.6506 2.4
    endloop
  endfacet
  facet normal 0 0 1
    outer loop
      vertex 12.44 45.6421 2.4
      vertex 6.64207 51.44 2.4
      vertex 12.2219 45.6855 2.4
    endloop
  endfacet
  facet normal -0 0 1
    outer loop
      vertex 6.20208 49.7979 2.4
      vertex 10.7979 45.2021 2.4
      vertex 6.3487 49.9651 2.4
    endloop
  endfacet
  facet normal -0 0 1
    outer loop
      vertex 6.03489 49.6513 2.4
      vertex 10.6513 45.0349 2.4
      vertex 6.20208 49.7979 2.4
    endloop
  endfacet
  facet normal 0 0 1
    outer loop
      vertex 10.6513 45.0349 2.4
      vertex 6.03489 49.6513 2.4
      vertex 10.5278 44.85 2.4
    endloop
  endfacet
  facet normal -0 0 1
    outer loop
      vertex 5.85 49.5278 2.4
      vertex 10.5278 44.85 2.4
      vertex 6.03489 49.6513 2.4
    endloop
  endfacet
  facet normal 0 0 1
    outer loop
      vertex 10.7979 45.2021 2.4
      vertex 6.20208 49.7979 2.4
      vertex 10.6513 45.0349 2.4
    endloop
  endfacet
  facet normal 0 0 1
    outer loop
      vertex 10.9651 45.3487 2.4
      vertex 6.3487 49.9651 2.4
      vertex 10.7979 45.2021 2.4
    endloop
  endfacet
  facet normal -0 0 1
    outer loop
      vertex 6.3487 49.9651 2.4
      vertex 10.9651 45.3487 2.4
      vertex 6.47224 50.15 2.4
    endloop
  endfacet
  facet normal 0 0 1
    outer loop
      vertex 11.15 45.4722 2.4
      vertex 6.47224 50.15 2.4
      vertex 10.9651 45.3487 2.4
    endloop
  endfacet
  facet normal -0 0 1
    outer loop
      vertex 6.47224 50.15 2.4
      vertex 11.15 45.4722 2.4
      vertex 6.57059 50.3494 2.4
    endloop
  endfacet
  facet normal 0 0 1
    outer loop
      vertex 11.3494 45.5706 2.4
      vertex 6.57059 50.3494 2.4
      vertex 11.15 45.4722 2.4
    endloop
  endfacet
  facet normal -0 0 1
    outer loop
      vertex 6.57059 50.3494 2.4
      vertex 11.3494 45.5706 2.4
      vertex 6.64207 50.56 2.4
    endloop
  endfacet
  facet normal 0 0 1
    outer loop
      vertex 11.56 45.6421 2.4
      vertex 6.64207 50.56 2.4
      vertex 11.3494 45.5706 2.4
    endloop
  endfacet
  facet normal -0 0 1
    outer loop
      vertex 6.64207 50.56 2.4
      vertex 11.56 45.6421 2.4
      vertex 6.68546 50.7781 2.4
    endloop
  endfacet
  facet normal 0 0 1
    outer loop
      vertex 11.7781 45.6855 2.4
      vertex 6.68546 50.7781 2.4
      vertex 11.56 45.6421 2.4
    endloop
  endfacet
  facet normal -0 -0 1
    outer loop
      vertex 6.68546 51.2219 2.4
      vertex 12.2219 45.6855 2.4
      vertex 6.64207 51.44 2.4
    endloop
  endfacet
  facet normal -0 0 1
    outer loop
      vertex 6.68546 50.7781 2.4
      vertex 11.7781 45.6855 2.4
      vertex 6.7 51 2.4
    endloop
  endfacet
  facet normal 0 0 1
    outer loop
      vertex 12 45.7 2.4
      vertex 6.7 51 2.4
      vertex 11.7781 45.6855 2.4
    endloop
  endfacet
  facet normal -0 -0 1
    outer loop
      vertex 6.7 51 2.4
      vertex 12 45.7 2.4
      vertex 6.68546 51.2219 2.4
    endloop
  endfacet
  facet normal 0 0 1
    outer loop
      vertex 12.2219 45.6855 2.4
      vertex 6.68546 51.2219 2.4
      vertex 12 45.7 2.4
    endloop
  endfacet
  facet normal 0 0 1
    outer loop
      vertex 23.3413 45.3867 2.4
      vertex 6.57059 51.6506 2.4
      vertex 12.6506 45.5706 2.4
    endloop
  endfacet
  facet normal 0 0 1
    outer loop
      vertex 25.6505 45.846 2.4
      vertex 6.3487 52.0349 2.4
      vertex 23.3413 45.3867 2.4
    endloop
  endfacet
  facet normal -0 -0 1
    outer loop
      vertex 6.3487 52.0349 2.4
      vertex 25.6505 45.846 2.4
      vertex 6.20208 52.2021 2.4
    endloop
  endfacet
  facet normal 0 0 1
    outer loop
      vertex 28 46 2.4
      vertex 6.03489 52.3487 2.4
      vertex 25.6505 45.846 2.4
    endloop
  endfacet
  facet normal -0 0 1
    outer loop
      vertex 0 56 2.4
      vertex 5.85 52.4722 2.4
      vertex 56 56 2.4
    endloop
  endfacet
  facet normal 0 0 1
    outer loop
      vertex 5.85 52.4722 2.4
      vertex 0 56 2.4
      vertex 5.65056 52.5706 2.4
    endloop
  endfacet
  facet normal 0 0 1
    outer loop
      vertex 5.65056 52.5706 2.4
      vertex 0 56 2.4
      vertex 5.43999 52.6421 2.4
    endloop
  endfacet
  facet normal 0 0 1
    outer loop
      vertex 5.43999 52.6421 2.4
      vertex 0 56 2.4
      vertex 5.22189 52.6855 2.4
    endloop
  endfacet
  facet normal 0 0 1
    outer loop
      vertex 3.35793 5.43999 2.4
      vertex 0 0 2.4
      vertex 3.31454 5.22189 2.4
    endloop
  endfacet
  facet normal 0 0 1
    outer loop
      vertex 3.31454 51.2219 2.4
      vertex 0 56 2.4
      vertex 3.3 51 2.4
    endloop
  endfacet
  facet normal 0 0 1
    outer loop
      vertex 3.35793 51.44 2.4
      vertex 0 56 2.4
      vertex 3.31454 51.2219 2.4
    endloop
  endfacet
  facet normal 0 0 1
    outer loop
      vertex 3.4294 51.6506 2.4
      vertex 0 56 2.4
      vertex 3.35793 51.44 2.4
    endloop
  endfacet
  facet normal 0 0 1
    outer loop
      vertex 3.52776 51.85 2.4
      vertex 0 56 2.4
      vertex 3.4294 51.6506 2.4
    endloop
  endfacet
  facet normal 0 0 1
    outer loop
      vertex 3.6513 52.0349 2.4
      vertex 0 56 2.4
      vertex 3.52776 51.85 2.4
    endloop
  endfacet
  facet normal 0 0 1
    outer loop
      vertex 3.79792 52.2021 2.4
      vertex 0 56 2.4
      vertex 3.6513 52.0349 2.4
    endloop
  endfacet
  facet normal 0 0 1
    outer loop
      vertex 3.96511 52.3487 2.4
      vertex 0 56 2.4
      vertex 3.79792 52.2021 2.4
    endloop
  endfacet
  facet normal 0 0 1
    outer loop
      vertex 4.15 52.4722 2.4
      vertex 0 56 2.4
      vertex 3.96511 52.3487 2.4
    endloop
  endfacet
  facet normal 0 0 1
    outer loop
      vertex 4.34944 52.5706 2.4
      vertex 0 56 2.4
      vertex 4.15 52.4722 2.4
    endloop
  endfacet
  facet normal 0 0 1
    outer loop
      vertex 4.56001 52.6421 2.4
      vertex 0 56 2.4
      vertex 4.34944 52.5706 2.4
    endloop
  endfacet
  facet normal 0 0 1
    outer loop
      vertex 4.7781 52.6855 2.4
      vertex 0 56 2.4
      vertex 4.56001 52.6421 2.4
    endloop
  endfacet
  facet normal 0 0 1
    outer loop
      vertex 5 52.7 2.4
      vertex 0 56 2.4
      vertex 4.7781 52.6855 2.4
    endloop
  endfacet
  facet normal 0 0 1
    outer loop
      vertex 5.22189 52.6855 2.4
      vertex 0 56 2.4
      vertex 5 52.7 2.4
    endloop
  endfacet
  facet normal 0 0 1
    outer loop
      vertex 52.6421 50.56 2.4
      vertex 56 56 2.4
      vertex 52.6855 50.7781 2.4
    endloop
  endfacet
  facet normal -0 0 1
    outer loop
      vertex 52.6855 4.7781 2.4
      vertex 56 0 2.4
      vertex 52.7 5 2.4
    endloop
  endfacet
  facet normal -0 0 1
    outer loop
      vertex 52.6421 4.56001 2.4
      vertex 56 0 2.4
      vertex 52.6855 4.7781 2.4
    endloop
  endfacet
  facet normal -0 0 1
    outer loop
      vertex 52.5706 4.34944 2.4
      vertex 56 0 2.4
      vertex 52.6421 4.56001 2.4
    endloop
  endfacet
  facet normal -0 0 1
    outer loop
      vertex 52.4722 4.15 2.4
      vertex 56 0 2.4
      vertex 52.5706 4.34944 2.4
    endloop
  endfacet
  facet normal -0 0 1
    outer loop
      vertex 52.3487 3.96511 2.4
      vertex 56 0 2.4
      vertex 52.4722 4.15 2.4
    endloop
  endfacet
  facet normal -0 0 1
    outer loop
      vertex 52.2021 3.79792 2.4
      vertex 56 0 2.4
      vertex 52.3487 3.96511 2.4
    endloop
  endfacet
  facet normal -0 0 1
    outer loop
      vertex 52.0349 3.6513 2.4
      vertex 56 0 2.4
      vertex 52.2021 3.79792 2.4
    endloop
  endfacet
  facet normal -0 0 1
    outer loop
      vertex 51.85 3.52776 2.4
      vertex 56 0 2.4
      vertex 52.0349 3.6513 2.4
    endloop
  endfacet
  facet normal -0 0 1
    outer loop
      vertex 51.6506 3.4294 2.4
      vertex 56 0 2.4
      vertex 51.85 3.52776 2.4
    endloop
  endfacet
  facet normal -0 0 1
    outer loop
      vertex 51.44 3.35793 2.4
      vertex 56 0 2.4
      vertex 51.6506 3.4294 2.4
    endloop
  endfacet
  facet normal -0 0 1
    outer loop
      vertex 51.2219 3.31454 2.4
      vertex 56 0 2.4
      vertex 51.44 3.35793 2.4
    endloop
  endfacet
  facet normal -0 0 1
    outer loop
      vertex 51 3.3 2.4
      vertex 56 0 2.4
      vertex 51.2219 3.31454 2.4
    endloop
  endfacet
  facet normal 0 0 1
    outer loop
      vertex 50.7781 3.31454 2.4
      vertex 56 0 2.4
      vertex 51 3.3 2.4
    endloop
  endfacet
  facet normal 0 0 1
    outer loop
      vertex 50.56 3.35793 2.4
      vertex 56 0 2.4
      vertex 50.7781 3.31454 2.4
    endloop
  endfacet
  facet normal 0 0 1
    outer loop
      vertex 50.3494 3.4294 2.4
      vertex 56 0 2.4
      vertex 50.56 3.35793 2.4
    endloop
  endfacet
  facet normal 0 0 1
    outer loop
      vertex 50.15 3.52776 2.4
      vertex 56 0 2.4
      vertex 50.3494 3.4294 2.4
    endloop
  endfacet
  facet normal 0 0 1
    outer loop
      vertex 45.846 30.3495 2.4
      vertex 52.3487 49.9651 2.4
      vertex 46 35 2.4
    endloop
  endfacet
  facet normal 0 0 1
    outer loop
      vertex 50.15 6.47224 2.4
      vertex 45.4722 11.15 2.4
      vertex 49.9651 6.3487 2.4
    endloop
  endfacet
  facet normal -0 0 1
    outer loop
      vertex 45.3487 10.9651 2.4
      vertex 49.9651 6.3487 2.4
      vertex 45.4722 11.15 2.4
    endloop
  endfacet
  facet normal 0 0 1
    outer loop
      vertex 49.9651 6.3487 2.4
      vertex 45.3487 10.9651 2.4
      vertex 49.7979 6.20208 2.4
    endloop
  endfacet
  facet normal -0 0 1
    outer loop
      vertex 45.2021 10.7979 2.4
      vertex 49.7979 6.20208 2.4
      vertex 45.3487 10.9651 2.4
    endloop
  endfacet
  facet normal 0 0 1
    outer loop
      vertex 49.7979 6.20208 2.4
      vertex 45.2021 10.7979 2.4
      vertex 49.6513 6.03489 2.4
    endloop
  endfacet
  facet normal -0 0 1
    outer loop
      vertex 45.0349 10.6513 2.4
      vertex 49.6513 6.03489 2.4
      vertex 45.2021 10.7979 2.4
    endloop
  endfacet
  facet normal 0 0 1
    outer loop
      vertex 49.6513 6.03489 2.4
      vertex 45.0349 10.6513 2.4
      vertex 49.5278 5.85 2.4
    endloop
  endfacet
  facet normal -0 0 1
    outer loop
      vertex 44.85 10.5278 2.4
      vertex 49.5278 5.85 2.4
      vertex 45.0349 10.6513 2.4
    endloop
  endfacet
  facet normal 0 0 1
    outer loop
      vertex 49.5278 5.85 2.4
      vertex 44.85 10.5278 2.4
      vertex 49.4294 5.65056 2.4
    endloop
  endfacet
  facet normal -0 0 1
    outer loop
      vertex 44.6506 10.4294 2.4
      vertex 49.4294 5.65056 2.4
      vertex 44.85 10.5278 2.4
    endloop
  endfacet
  facet normal 0 0 1
    outer loop
      vertex 49.4294 5.65056 2.4
      vertex 44.6506 10.4294 2.4
      vertex 49.3579 5.43999 2.4
    endloop
  endfacet
  facet normal -0 0 1
    outer loop
      vertex 44.44 10.3579 2.4
      vertex 49.3579 5.43999 2.4
      vertex 44.6506 10.4294 2.4
    endloop
  endfacet
  facet normal 0 0 1
    outer loop
      vertex 49.3579 5.43999 2.4
      vertex 44.44 10.3579 2.4
      vertex 49.3145 5.22189 2.4
    endloop
  endfacet
  facet normal -0 0 1
    outer loop
      vertex 44.2219 10.3145 2.4
      vertex 49.3145 5.22189 2.4
      vertex 44.44 10.3579 2.4
    endloop
  endfacet
  facet normal 0 0 1
    outer loop
      vertex 49.3145 5.22189 2.4
      vertex 44.2219 10.3145 2.4
      vertex 49.3 5 2.4
    endloop
  endfacet
  facet normal -0 0 1
    outer loop
      vertex 44 10.3 2.4
      vertex 49.3 5 2.4
      vertex 44.2219 10.3145 2.4
    endloop
  endfacet
  facet normal 0 0 1
    outer loop
      vertex 49.3 5 2.4
      vertex 44 10.3 2.4
      vertex 49.3145 4.7781 2.4
    endloop
  endfacet
  facet normal 0 0 1
    outer loop
      vertex 43.7781 10.3145 2.4
      vertex 49.3145 4.7781 2.4
      vertex 44 10.3 2.4
    endloop
  endfacet
  facet normal 0 0 1
    outer loop
      vertex 49.3145 4.7781 2.4
      vertex 43.7781 10.3145 2.4
      vertex 49.3579 4.56001 2.4
    endloop
  endfacet
  facet normal 0 0 1
    outer loop
      vertex 43.56 10.3579 2.4
      vertex 49.3579 4.56001 2.4
      vertex 43.7781 10.3145 2.4
    endloop
  endfacet
  facet normal 0 0 1
    outer loop
      vertex 49.3579 4.56001 2.4
      vertex 43.56 10.3579 2.4
      vertex 49.4294 4.34944 2.4
    endloop
  endfacet
  facet normal 0 0 1
    outer loop
      vertex 43.3494 10.4294 2.4
      vertex 49.4294 4.34944 2.4
      vertex 43.56 10.3579 2.4
    endloop
  endfacet
  facet normal 0 0 1
    outer loop
      vertex 32.6587 10.6133 2.4
      vertex 49.4294 4.34944 2.4
      vertex 43.3494 10.4294 2.4
    endloop
  endfacet
  facet normal 0 0 1
    outer loop
      vertex 49.4294 4.34944 2.4
      vertex 32.6587 10.6133 2.4
      vertex 49.5278 4.15 2.4
    endloop
  endfacet
  facet normal 0 0 1
    outer loop
      vertex 49.5278 4.15 2.4
      vertex 32.6587 10.6133 2.4
      vertex 49.6513 3.96511 2.4
    endloop
  endfacet
  facet normal 0 0 1
    outer loop
      vertex 34.8883 11.3702 2.4
      vertex 43.3494 10.4294 2.4
      vertex 43.15 10.5278 2.4
    endloop
  endfacet
  facet normal 0 0 1
    outer loop
      vertex 34.8883 11.3702 2.4
      vertex 43.15 10.5278 2.4
      vertex 42.9651 10.6513 2.4
    endloop
  endfacet
  facet normal 0 0 1
    outer loop
      vertex 34.8883 11.3702 2.4
      vertex 42.9651 10.6513 2.4
      vertex 42.7979 10.7979 2.4
    endloop
  endfacet
  facet normal 0 0 1
    outer loop
      vertex 42.3145 12.2219 2.4
      vertex 38.9577 13.7196 2.4
      vertex 42.3 12 2.4
    endloop
  endfacet
  facet normal 0 0 1
    outer loop
      vertex 42.3 12 2.4
      vertex 38.9577 13.7196 2.4
      vertex 42.3145 11.7781 2.4
    endloop
  endfacet
  facet normal 0 0 1
    outer loop
      vertex 42.3145 11.7781 2.4
      vertex 38.9577 13.7196 2.4
      vertex 42.3579 11.56 2.4
    endloop
  endfacet
  facet normal -0 0 1
    outer loop
      vertex 37 12.4115 2.4
      vertex 42.3579 11.56 2.4
      vertex 38.9577 13.7196 2.4
    endloop
  endfacet
  facet normal 0 0 1
    outer loop
      vertex 42.3579 11.56 2.4
      vertex 37 12.4115 2.4
      vertex 42.4294 11.3494 2.4
    endloop
  endfacet
  facet normal 0 0 1
    outer loop
      vertex 42.4294 11.3494 2.4
      vertex 37 12.4115 2.4
      vertex 42.5278 11.15 2.4
    endloop
  endfacet
  facet normal 0 0 1
    outer loop
      vertex 42.5278 11.15 2.4
      vertex 37 12.4115 2.4
      vertex 42.6513 10.9651 2.4
    endloop
  endfacet
  facet normal 0 0 1
    outer loop
      vertex 42.6513 10.9651 2.4
      vertex 37 12.4115 2.4
      vertex 42.7979 10.7979 2.4
    endloop
  endfacet
  facet normal -0 0 1
    outer loop
      vertex 34.8883 11.3702 2.4
      vertex 42.7979 10.7979 2.4
      vertex 37 12.4115 2.4
    endloop
  endfacet
  facet normal 0 0 1
    outer loop
      vertex 43.3494 10.4294 2.4
      vertex 34.8883 11.3702 2.4
      vertex 32.6587 10.6133 2.4
    endloop
  endfacet
  facet normal -0 0 1
    outer loop
      vertex 30.3495 10.154 2.4
      vertex 49.6513 3.96511 2.4
      vertex 32.6587 10.6133 2.4
    endloop
  endfacet
  facet normal 0 0 1
    outer loop
      vertex 49.6513 3.96511 2.4
      vertex 30.3495 10.154 2.4
      vertex 49.7979 3.79792 2.4
    endloop
  endfacet
  facet normal 0 0 1
    outer loop
      vertex 49.7979 3.79792 2.4
      vertex 30.3495 10.154 2.4
      vertex 49.9651 3.6513 2.4
    endloop
  endfacet
  facet normal -0 0 1
    outer loop
      vertex 28 10 2.4
      vertex 49.9651 3.6513 2.4
      vertex 30.3495 10.154 2.4
    endloop
  endfacet
  facet normal 0 0 1
    outer loop
      vertex 49.9651 3.6513 2.4
      vertex 28 10 2.4
      vertex 50.15 3.52776 2.4
    endloop
  endfacet
  facet normal 0 0 1
    outer loop
      vertex 5.85 3.52776 2.4
      vertex 50.15 3.52776 2.4
      vertex 28 10 2.4
    endloop
  endfacet
  facet normal 0 0 1
    outer loop
      vertex 6.03489 3.6513 2.4
      vertex 28 10 2.4
      vertex 25.6505 10.154 2.4
    endloop
  endfacet
  facet normal 0 0 1
    outer loop
      vertex 6.3487 3.96511 2.4
      vertex 25.6505 10.154 2.4
      vertex 23.3413 10.6133 2.4
    endloop
  endfacet
  facet normal 0 0 1
    outer loop
      vertex 13.6855 12.2219 2.4
      vertex 16.7226 14 2.4
      vertex 15.2721 15.2721 2.4
    endloop
  endfacet
  facet normal 0 0 1
    outer loop
      vertex 12.6506 13.5706 2.4
      vertex 15.2721 15.2721 2.4
      vertex 13.7196 17.0423 2.4
    endloop
  endfacet
  facet normal 0 0 1
    outer loop
      vertex 13.6855 12.2219 2.4
      vertex 17.0423 13.7196 2.4
      vertex 16.7226 14 2.4
    endloop
  endfacet
  facet normal 0 0 1
    outer loop
      vertex 13.6855 11.7781 2.4
      vertex 17.0423 13.7196 2.4
      vertex 13.7 12 2.4
    endloop
  endfacet
  facet normal 0 0 1
    outer loop
      vertex 13.6421 11.56 2.4
      vertex 17.0423 13.7196 2.4
      vertex 13.6855 11.7781 2.4
    endloop
  endfacet
  facet normal 0 0 1
    outer loop
      vertex 17.0423 13.7196 2.4
      vertex 13.6421 11.56 2.4
      vertex 19 12.4115 2.4
    endloop
  endfacet
  facet normal 0 0 1
    outer loop
      vertex 13.5706 11.3494 2.4
      vertex 19 12.4115 2.4
      vertex 13.6421 11.56 2.4
    endloop
  endfacet
  facet normal 0 0 1
    outer loop
      vertex 13.4722 11.15 2.4
      vertex 19 12.4115 2.4
      vertex 13.5706 11.3494 2.4
    endloop
  endfacet
  facet normal 0 0 1
    outer loop
      vertex 13.3487 10.9651 2.4
      vertex 19 12.4115 2.4
      vertex 13.4722 11.15 2.4
    endloop
  endfacet
  facet normal 0 0 1
    outer loop
      vertex 13.2021 10.7979 2.4
      vertex 19 12.4115 2.4
      vertex 13.3487 10.9651 2.4
    endloop
  endfacet
  facet normal 0 0 1
    outer loop
      vertex 19 12.4115 2.4
      vertex 13.2021 10.7979 2.4
      vertex 21.1117 11.3702 2.4
    endloop
  endfacet
  facet normal 0 0 1
    outer loop
      vertex 13.0349 10.6513 2.4
      vertex 21.1117 11.3702 2.4
      vertex 13.2021 10.7979 2.4
    endloop
  endfacet
  facet normal 0 0 1
    outer loop
      vertex 12.85 10.5278 2.4
      vertex 21.1117 11.3702 2.4
      vertex 13.0349 10.6513 2.4
    endloop
  endfacet
  facet normal 0 0 1
    outer loop
      vertex 12.6506 10.4294 2.4
      vertex 21.1117 11.3702 2.4
      vertex 12.85 10.5278 2.4
    endloop
  endfacet
  facet normal 0 0 1
    outer loop
      vertex 21.1117 11.3702 2.4
      vertex 12.6506 10.4294 2.4
      vertex 23.3413 10.6133 2.4
    endloop
  endfacet
  facet normal 0 0 1
    outer loop
      vertex 6.57059 4.34944 2.4
      vertex 23.3413 10.6133 2.4
      vertex 12.6506 10.4294 2.4
    endloop
  endfacet
  facet normal 0 0 1
    outer loop
      vertex 6.57059 4.34944 2.4
      vertex 12.6506 10.4294 2.4
      vertex 12.44 10.3579 2.4
    endloop
  endfacet
  facet normal 0 0 1
    outer loop
      vertex 6.64207 4.56001 2.4
      vertex 12.44 10.3579 2.4
      vertex 12.2219 10.3145 2.4
    endloop
  endfacet
  facet normal 0 0 1
    outer loop
      vertex 6.68546 4.7781 2.4
      vertex 12.2219 10.3145 2.4
      vertex 12 10.3 2.4
    endloop
  endfacet
  facet normal 0 0 1
    outer loop
      vertex 6.7 5 2.4
      vertex 12 10.3 2.4
      vertex 11.7781 10.3145 2.4
    endloop
  endfacet
  facet normal 0 0 1
    outer loop
      vertex 6.7 5 2.4
      vertex 11.7781 10.3145 2.4
      vertex 11.56 10.3579 2.4
    endloop
  endfacet
  facet normal 0 0 1
    outer loop
      vertex 10 28 2.4
      vertex 6.7 5 2.4
      vertex 10 21 2.4
    endloop
  endfacet
  facet normal 0 0 1
    outer loop
      vertex 10.3145 12.2219 2.4
      vertex 6.7 5 2.4
      vertex 10.3 12 2.4
    endloop
  endfacet
  facet normal 0 0 1
    outer loop
      vertex 10.3 12 2.4
      vertex 6.7 5 2.4
      vertex 10.3145 11.7781 2.4
    endloop
  endfacet
  facet normal 0 0 1
    outer loop
      vertex 6.7 5 2.4
      vertex 10.3579 11.56 2.4
      vertex 10.3145 11.7781 2.4
    endloop
  endfacet
  facet normal 0 0 1
    outer loop
      vertex 6.7 5 2.4
      vertex 10.4294 11.3494 2.4
      vertex 10.3579 11.56 2.4
    endloop
  endfacet
  facet normal 0 0 1
    outer loop
      vertex 6.7 5 2.4
      vertex 10.5278 11.15 2.4
      vertex 10.4294 11.3494 2.4
    endloop
  endfacet
  facet normal 0 0 1
    outer loop
      vertex 6.7 5 2.4
      vertex 10.6513 10.9651 2.4
      vertex 10.5278 11.15 2.4
    endloop
  endfacet
  facet normal 0 0 1
    outer loop
      vertex 6.7 5 2.4
      vertex 10.7979 10.7979 2.4
      vertex 10.6513 10.9651 2.4
    endloop
  endfacet
  facet normal 0 0 1
    outer loop
      vertex 6.7 5 2.4
      vertex 10.9651 10.6513 2.4
      vertex 10.7979 10.7979 2.4
    endloop
  endfacet
  facet normal 0 0 1
    outer loop
      vertex 6.7 5 2.4
      vertex 11.15 10.5278 2.4
      vertex 10.9651 10.6513 2.4
    endloop
  endfacet
  facet normal 0 0 1
    outer loop
      vertex 6.7 5 2.4
      vertex 11.3494 10.4294 2.4
      vertex 11.15 10.5278 2.4
    endloop
  endfacet
  facet normal 0 0 1
    outer loop
      vertex 6.7 5 2.4
      vertex 11.56 10.3579 2.4
      vertex 11.3494 10.4294 2.4
    endloop
  endfacet
  facet normal 0 0 1
    outer loop
      vertex 12 10.3 2.4
      vertex 6.7 5 2.4
      vertex 6.68546 4.7781 2.4
    endloop
  endfacet
  facet normal 0 0 1
    outer loop
      vertex 12.2219 10.3145 2.4
      vertex 6.68546 4.7781 2.4
      vertex 6.64207 4.56001 2.4
    endloop
  endfacet
  facet normal 0 0 1
    outer loop
      vertex 12.44 10.3579 2.4
      vertex 6.64207 4.56001 2.4
      vertex 6.57059 4.34944 2.4
    endloop
  endfacet
  facet normal 0 0 1
    outer loop
      vertex 23.3413 10.6133 2.4
      vertex 6.57059 4.34944 2.4
      vertex 6.47224 4.15 2.4
    endloop
  endfacet
  facet normal 0 0 1
    outer loop
      vertex 23.3413 10.6133 2.4
      vertex 6.47224 4.15 2.4
      vertex 6.3487 3.96511 2.4
    endloop
  endfacet
  facet normal 0 0 1
    outer loop
      vertex 25.6505 10.154 2.4
      vertex 6.3487 3.96511 2.4
      vertex 6.20208 3.79792 2.4
    endloop
  endfacet
  facet normal 0 0 1
    outer loop
      vertex 25.6505 10.154 2.4
      vertex 6.20208 3.79792 2.4
      vertex 6.03489 3.6513 2.4
    endloop
  endfacet
  facet normal 0 0 1
    outer loop
      vertex 28 10 2.4
      vertex 6.03489 3.6513 2.4
      vertex 5.85 3.52776 2.4
    endloop
  endfacet
  facet normal 0 0 1
    outer loop
      vertex 50.15 3.52776 2.4
      vertex 5.85 3.52776 2.4
      vertex 56 0 2.4
    endloop
  endfacet
  facet normal 0 0 1
    outer loop
      vertex 0 0 2.4
      vertex 5.85 3.52776 2.4
      vertex 5.65056 3.4294 2.4
    endloop
  endfacet
  facet normal 0 0 1
    outer loop
      vertex 0 0 2.4
      vertex 5.65056 3.4294 2.4
      vertex 5.43999 3.35793 2.4
    endloop
  endfacet
  facet normal 0 0 1
    outer loop
      vertex 0 0 2.4
      vertex 5.43999 3.35793 2.4
      vertex 5.22189 3.31454 2.4
    endloop
  endfacet
  facet normal 0 0 1
    outer loop
      vertex 0 0 2.4
      vertex 5.22189 3.31454 2.4
      vertex 5 3.3 2.4
    endloop
  endfacet
  facet normal 0 0 1
    outer loop
      vertex 5.85 3.52776 2.4
      vertex 0 0 2.4
      vertex 56 0 2.4
    endloop
  endfacet
  facet normal 0 0 1
    outer loop
      vertex 4.7781 3.31454 2.4
      vertex 0 0 2.4
      vertex 5 3.3 2.4
    endloop
  endfacet
  facet normal 0 0 1
    outer loop
      vertex 4.56001 3.35793 2.4
      vertex 0 0 2.4
      vertex 4.7781 3.31454 2.4
    endloop
  endfacet
  facet normal 0 0 1
    outer loop
      vertex 4.34944 3.4294 2.4
      vertex 0 0 2.4
      vertex 4.56001 3.35793 2.4
    endloop
  endfacet
  facet normal 0 0 1
    outer loop
      vertex 4.15 3.52776 2.4
      vertex 0 0 2.4
      vertex 4.34944 3.4294 2.4
    endloop
  endfacet
  facet normal 0 0 1
    outer loop
      vertex 3.96511 3.6513 2.4
      vertex 0 0 2.4
      vertex 4.15 3.52776 2.4
    endloop
  endfacet
  facet normal 0 0 1
    outer loop
      vertex 3.79792 3.79792 2.4
      vertex 0 0 2.4
      vertex 3.96511 3.6513 2.4
    endloop
  endfacet
  facet normal 0 0 1
    outer loop
      vertex 3.6513 3.96511 2.4
      vertex 0 0 2.4
      vertex 3.79792 3.79792 2.4
    endloop
  endfacet
  facet normal 0 0 1
    outer loop
      vertex 3.52776 4.15 2.4
      vertex 0 0 2.4
      vertex 3.6513 3.96511 2.4
    endloop
  endfacet
  facet normal 0 0 1
    outer loop
      vertex 3.4294 4.34944 2.4
      vertex 0 0 2.4
      vertex 3.52776 4.15 2.4
    endloop
  endfacet
  facet normal 0 0 1
    outer loop
      vertex 3.35793 4.56001 2.4
      vertex 0 0 2.4
      vertex 3.4294 4.34944 2.4
    endloop
  endfacet
  facet normal 0 0 1
    outer loop
      vertex 3.31454 4.7781 2.4
      vertex 0 0 2.4
      vertex 3.35793 4.56001 2.4
    endloop
  endfacet
  facet normal 0 0 1
    outer loop
      vertex 3.3 5 2.4
      vertex 0 0 2.4
      vertex 3.31454 4.7781 2.4
    endloop
  endfacet
  facet normal 0 0 1
    outer loop
      vertex 3.31454 5.22189 2.4
      vertex 0 0 2.4
      vertex 3.3 5 2.4
    endloop
  endfacet
  facet normal -0 0 1
    outer loop
      vertex 45.6855 43.7781 2.4
      vertex 46 42 2.4
      vertex 45.7 44 2.4
    endloop
  endfacet
  facet normal -0 0 1
    outer loop
      vertex 45.6421 43.56 2.4
      vertex 46 42 2.4
      vertex 45.6855 43.7781 2.4
    endloop
  endfacet
  facet normal -0 0 1
    outer loop
      vertex 45.5706 43.3494 2.4
      vertex 46 42 2.4
      vertex 45.6421 43.56 2.4
    endloop
  endfacet
  facet normal -0 0 1
    outer loop
      vertex 45.4722 43.15 2.4
      vertex 46 42 2.4
      vertex 45.5706 43.3494 2.4
    endloop
  endfacet
  facet normal -0 0 1
    outer loop
      vertex 45.3487 42.9651 2.4
      vertex 46 42 2.4
      vertex 45.4722 43.15 2.4
    endloop
  endfacet
  facet normal -0 0 1
    outer loop
      vertex 45.2021 42.7979 2.4
      vertex 46 42 2.4
      vertex 45.3487 42.9651 2.4
    endloop
  endfacet
  facet normal -0 0 1
    outer loop
      vertex 45.0349 42.6513 2.4
      vertex 46 42 2.4
      vertex 45.2021 42.7979 2.4
    endloop
  endfacet
  facet normal -0 0 1
    outer loop
      vertex 44.85 42.5278 2.4
      vertex 46 42 2.4
      vertex 45.0349 42.6513 2.4
    endloop
  endfacet
  facet normal -0 0 1
    outer loop
      vertex 44.6506 42.4294 2.4
      vertex 46 42 2.4
      vertex 44.85 42.5278 2.4
    endloop
  endfacet
  facet normal -0 0 1
    outer loop
      vertex 44.44 42.3579 2.4
      vertex 46 42 2.4
      vertex 44.6506 42.4294 2.4
    endloop
  endfacet
  facet normal -0 0 1
    outer loop
      vertex 44.2219 42.3145 2.4
      vertex 46 42 2.4
      vertex 44.44 42.3579 2.4
    endloop
  endfacet
  facet normal 0 0 1
    outer loop
      vertex 42.2804 38.9577 2.4
      vertex 44.2219 42.3145 2.4
      vertex 44 42.3 2.4
    endloop
  endfacet
  facet normal 0 0 1
    outer loop
      vertex 43.56 42.3579 2.4
      vertex 42.2804 38.9577 2.4
      vertex 43.7781 42.3145 2.4
    endloop
  endfacet
  facet normal 0 0 1
    outer loop
      vertex 43.3494 42.4294 2.4
      vertex 42.2804 38.9577 2.4
      vertex 43.56 42.3579 2.4
    endloop
  endfacet
  facet normal 0 -0 1
    outer loop
      vertex 42.2804 38.9577 2.4
      vertex 43.3494 42.4294 2.4
      vertex 40.7279 40.7279 2.4
    endloop
  endfacet
  facet normal 0 0 1
    outer loop
      vertex 43.15 42.5278 2.4
      vertex 40.7279 40.7279 2.4
      vertex 43.3494 42.4294 2.4
    endloop
  endfacet
  facet normal 0 0 1
    outer loop
      vertex 42.9651 42.6513 2.4
      vertex 40.7279 40.7279 2.4
      vertex 43.15 42.5278 2.4
    endloop
  endfacet
  facet normal 0 0 1
    outer loop
      vertex 42.7979 42.7979 2.4
      vertex 40.7279 40.7279 2.4
      vertex 42.9651 42.6513 2.4
    endloop
  endfacet
  facet normal 0 0 1
    outer loop
      vertex 42.6513 42.9651 2.4
      vertex 40.7279 40.7279 2.4
      vertex 42.7979 42.7979 2.4
    endloop
  endfacet
  facet normal 0 0 1
    outer loop
      vertex 42.5278 43.15 2.4
      vertex 40.7279 40.7279 2.4
      vertex 42.6513 42.9651 2.4
    endloop
  endfacet
  facet normal 0 -0 1
    outer loop
      vertex 40.7279 40.7279 2.4
      vertex 42.5278 43.15 2.4
      vertex 39.2774 42 2.4
    endloop
  endfacet
  facet normal 0 0 1
    outer loop
      vertex 42.4294 43.3494 2.4
      vertex 39.2774 42 2.4
      vertex 42.5278 43.15 2.4
    endloop
  endfacet
  facet normal 0 0 1
    outer loop
      vertex 42.3579 43.56 2.4
      vertex 39.2774 42 2.4
      vertex 42.4294 43.3494 2.4
    endloop
  endfacet
  facet normal 0 0 1
    outer loop
      vertex 42.3145 43.7781 2.4
      vertex 39.2774 42 2.4
      vertex 42.3579 43.56 2.4
    endloop
  endfacet
  facet normal 0 0 1
    outer loop
      vertex 39.2774 42 2.4
      vertex 42.3145 43.7781 2.4
      vertex 42.3 44 2.4
    endloop
  endfacet
  facet normal 1 -0 0
    outer loop
      vertex 56 0 2.4
      vertex 56 56 0
      vertex 56 56 2.4
    endloop
  endfacet
  facet normal 1 0 0
    outer loop
      vertex 56 56 0
      vertex 56 0 2.4
      vertex 56 0 0
    endloop
  endfacet
  facet normal -0 0 -1
    outer loop
      vertex 10.4294 11.3494 0
      vertex 5.65056 6.57059 0
      vertex 10.3579 11.56 0
    endloop
  endfacet
  facet normal 0 0 -1
    outer loop
      vertex 10 28 0
      vertex 6.68546 50.7781 0
      vertex 6.7 51 0
    endloop
  endfacet
  facet normal 0 0 -1
    outer loop
      vertex 5.43999 6.64207 0
      vertex 10.3579 11.56 0
      vertex 5.65056 6.57059 0
    endloop
  endfacet
  facet normal 0 0 -1
    outer loop
      vertex 10 28 0
      vertex 6.64207 50.56 0
      vertex 6.68546 50.7781 0
    endloop
  endfacet
  facet normal -0 0 -1
    outer loop
      vertex 10.3579 11.56 0
      vertex 5.43999 6.64207 0
      vertex 10.3145 11.7781 0
    endloop
  endfacet
  facet normal 0 0 -1
    outer loop
      vertex 10 28 0
      vertex 6.57059 50.3494 0
      vertex 6.64207 50.56 0
    endloop
  endfacet
  facet normal 0 0 -1
    outer loop
      vertex 5.22189 6.68546 0
      vertex 10.3145 11.7781 0
      vertex 5.43999 6.64207 0
    endloop
  endfacet
  facet normal 0 0 -1
    outer loop
      vertex 10 28 0
      vertex 6.47224 50.15 0
      vertex 6.57059 50.3494 0
    endloop
  endfacet
  facet normal -0 0 -1
    outer loop
      vertex 10.3145 11.7781 0
      vertex 5.22189 6.68546 0
      vertex 10.3 12 0
    endloop
  endfacet
  facet normal 0 0 -1
    outer loop
      vertex 10 28 0
      vertex 6.3487 49.9651 0
      vertex 6.47224 50.15 0
    endloop
  endfacet
  facet normal 0 0 -1
    outer loop
      vertex 5 6.7 0
      vertex 10.3 12 0
      vertex 5.22189 6.68546 0
    endloop
  endfacet
  facet normal 0 0 -1
    outer loop
      vertex 10 28 0
      vertex 6.20208 49.7979 0
      vertex 6.3487 49.9651 0
    endloop
  endfacet
  facet normal -0 0 -1
    outer loop
      vertex 10.3 12 0
      vertex 5 6.7 0
      vertex 10.3145 12.2219 0
    endloop
  endfacet
  facet normal 0 0 -1
    outer loop
      vertex 10 28 0
      vertex 6.03489 49.6513 0
      vertex 6.20208 49.7979 0
    endloop
  endfacet
  facet normal 0 0 -1
    outer loop
      vertex 4.7781 6.68546 0
      vertex 10.3145 12.2219 0
      vertex 5 6.7 0
    endloop
  endfacet
  facet normal 0 0 -1
    outer loop
      vertex 10 28 0
      vertex 5.85 49.5278 0
      vertex 6.03489 49.6513 0
    endloop
  endfacet
  facet normal -0 0 -1
    outer loop
      vertex 10.3145 12.2219 0
      vertex 4.7781 6.68546 0
      vertex 10.3579 12.44 0
    endloop
  endfacet
  facet normal 0 0 -1
    outer loop
      vertex 10 28 0
      vertex 5.65056 49.4294 0
      vertex 5.85 49.5278 0
    endloop
  endfacet
  facet normal 0 0 -1
    outer loop
      vertex 4.56001 6.64207 0
      vertex 10.3579 12.44 0
      vertex 4.7781 6.68546 0
    endloop
  endfacet
  facet normal 0 0 -1
    outer loop
      vertex 10 28 0
      vertex 5.43999 49.3579 0
      vertex 5.65056 49.4294 0
    endloop
  endfacet
  facet normal 0 0 -1
    outer loop
      vertex 4.34944 6.57059 0
      vertex 10.3579 12.44 0
      vertex 4.56001 6.64207 0
    endloop
  endfacet
  facet normal 0 0 -1
    outer loop
      vertex 10 28 0
      vertex 5.22189 49.3145 0
      vertex 5.43999 49.3579 0
    endloop
  endfacet
  facet normal -0 0 -1
    outer loop
      vertex 10.3579 12.44 0
      vertex 4.34944 6.57059 0
      vertex 10.6133 23.3413 0
    endloop
  endfacet
  facet normal 0 0 -1
    outer loop
      vertex 10 28 0
      vertex 5 49.3 0
      vertex 5.22189 49.3145 0
    endloop
  endfacet
  facet normal 0 0 -1
    outer loop
      vertex 4.15 6.47224 0
      vertex 10.6133 23.3413 0
      vertex 4.34944 6.57059 0
    endloop
  endfacet
  facet normal 0 0 -1
    outer loop
      vertex 10 28 0
      vertex 4.7781 49.3145 0
      vertex 5 49.3 0
    endloop
  endfacet
  facet normal 0 0 -1
    outer loop
      vertex 3.96511 6.3487 0
      vertex 10.6133 23.3413 0
      vertex 4.15 6.47224 0
    endloop
  endfacet
  facet normal 0 0 -1
    outer loop
      vertex 10 28 0
      vertex 4.56001 49.3579 0
      vertex 4.7781 49.3145 0
    endloop
  endfacet
  facet normal -0 0 -1
    outer loop
      vertex 10.6133 23.3413 0
      vertex 3.96511 6.3487 0
      vertex 10.154 25.6505 0
    endloop
  endfacet
  facet normal 0 0 -1
    outer loop
      vertex 10 28 0
      vertex 4.34944 49.4294 0
      vertex 4.56001 49.3579 0
    endloop
  endfacet
  facet normal 0 0 -1
    outer loop
      vertex 3.79792 6.20208 0
      vertex 10.154 25.6505 0
      vertex 3.96511 6.3487 0
    endloop
  endfacet
  facet normal 0 0 -1
    outer loop
      vertex 10 28 0
      vertex 4.15 49.5278 0
      vertex 4.34944 49.4294 0
    endloop
  endfacet
  facet normal 0 0 -1
    outer loop
      vertex 3.6513 6.03489 0
      vertex 10.154 25.6505 0
      vertex 3.79792 6.20208 0
    endloop
  endfacet
  facet normal 0 0 -1
    outer loop
      vertex 10 28 0
      vertex 3.96511 49.6513 0
      vertex 4.15 49.5278 0
    endloop
  endfacet
  facet normal -0 0 -1
    outer loop
      vertex 10.154 25.6505 0
      vertex 3.6513 6.03489 0
      vertex 10 28 0
    endloop
  endfacet
  facet normal 0 0 -1
    outer loop
      vertex 10 28 0
      vertex 3.79792 49.7979 0
      vertex 3.96511 49.6513 0
    endloop
  endfacet
  facet normal 0 0 -1
    outer loop
      vertex 3.52776 5.85 0
      vertex 10 28 0
      vertex 3.6513 6.03489 0
    endloop
  endfacet
  facet normal 0 0 -1
    outer loop
      vertex 10 28 0
      vertex 3.6513 49.9651 0
      vertex 3.79792 49.7979 0
    endloop
  endfacet
  facet normal 0 0 -1
    outer loop
      vertex 3.52776 50.15 0
      vertex 10 28 0
      vertex 3.52776 5.85 0
    endloop
  endfacet
  facet normal 0 0 -1
    outer loop
      vertex 10 28 0
      vertex 3.52776 50.15 0
      vertex 3.6513 49.9651 0
    endloop
  endfacet
  facet normal 0 0 -1
    outer loop
      vertex 0 0 0
      vertex 3.52776 5.85 0
      vertex 3.4294 5.65056 0
    endloop
  endfacet
  facet normal -0 0 -1
    outer loop
      vertex 3.52776 5.85 0
      vertex 0 0 0
      vertex 3.52776 50.15 0
    endloop
  endfacet
  facet normal 0 0 -1
    outer loop
      vertex 0 0 0
      vertex 3.4294 5.65056 0
      vertex 3.35793 5.43999 0
    endloop
  endfacet
  facet normal 0 0 -1
    outer loop
      vertex 0 56 0
      vertex 3.52776 50.15 0
      vertex 0 0 0
    endloop
  endfacet
  facet normal 0 0 -1
    outer loop
      vertex 0 0 0
      vertex 3.35793 5.43999 0
      vertex 3.31454 5.22189 0
    endloop
  endfacet
  facet normal 0 0 -1
    outer loop
      vertex 3.52776 50.15 0
      vertex 0 56 0
      vertex 3.4294 50.3494 0
    endloop
  endfacet
  facet normal 0 0 -1
    outer loop
      vertex 0 0 0
      vertex 3.31454 5.22189 0
      vertex 3.3 5 0
    endloop
  endfacet
  facet normal 0 0 -1
    outer loop
      vertex 3.4294 50.3494 0
      vertex 0 56 0
      vertex 3.35793 50.56 0
    endloop
  endfacet
  facet normal 0 0 -1
    outer loop
      vertex 17.0423 42.2804 0
      vertex 13.6855 43.7781 0
      vertex 13.7 44 0
    endloop
  endfacet
  facet normal 0 0 -1
    outer loop
      vertex 15.2721 40.7279 0
      vertex 13.6421 43.56 0
      vertex 13.6855 43.7781 0
    endloop
  endfacet
  facet normal 0 0 -1
    outer loop
      vertex 15.2721 40.7279 0
      vertex 13.5706 43.3494 0
      vertex 13.6421 43.56 0
    endloop
  endfacet
  facet normal 0 0 -1
    outer loop
      vertex 15.2721 40.7279 0
      vertex 13.4722 43.15 0
      vertex 13.5706 43.3494 0
    endloop
  endfacet
  facet normal 0 0 -1
    outer loop
      vertex 15.2721 40.7279 0
      vertex 13.3487 42.9651 0
      vertex 13.4722 43.15 0
    endloop
  endfacet
  facet normal 0 0 -1
    outer loop
      vertex 15.2721 40.7279 0
      vertex 13.2021 42.7979 0
      vertex 13.3487 42.9651 0
    endloop
  endfacet
  facet normal 0 0 -1
    outer loop
      vertex 15.2721 40.7279 0
      vertex 13.0349 42.6513 0
      vertex 13.2021 42.7979 0
    endloop
  endfacet
  facet normal 0 0 -1
    outer loop
      vertex 15.2721 40.7279 0
      vertex 12.85 42.5278 0
      vertex 13.0349 42.6513 0
    endloop
  endfacet
  facet normal 0 0 -1
    outer loop
      vertex 15.2721 40.7279 0
      vertex 12.6506 42.4294 0
      vertex 12.85 42.5278 0
    endloop
  endfacet
  facet normal 0 0 -1
    outer loop
      vertex 13.7196 38.9577 0
      vertex 12.44 42.3579 0
      vertex 12.6506 42.4294 0
    endloop
  endfacet
  facet normal 0 0 -1
    outer loop
      vertex 11.56 42.3579 0
      vertex 13.7196 38.9577 0
      vertex 12.4115 37 0
    endloop
  endfacet
  facet normal 0 0 -1
    outer loop
      vertex 13.7196 38.9577 0
      vertex 12.2219 42.3145 0
      vertex 12.44 42.3579 0
    endloop
  endfacet
  facet normal 0 0 -1
    outer loop
      vertex 13.7196 38.9577 0
      vertex 12 42.3 0
      vertex 12.2219 42.3145 0
    endloop
  endfacet
  facet normal 0 0 -1
    outer loop
      vertex 13.7196 38.9577 0
      vertex 11.7781 42.3145 0
      vertex 12 42.3 0
    endloop
  endfacet
  facet normal 0 0 -1
    outer loop
      vertex 13.7196 38.9577 0
      vertex 11.56 42.3579 0
      vertex 11.7781 42.3145 0
    endloop
  endfacet
  facet normal 0 0 -1
    outer loop
      vertex 10.7979 42.7979 0
      vertex 12.4115 37 0
      vertex 11.3702 34.8883 0
    endloop
  endfacet
  facet normal 0 0 -1
    outer loop
      vertex 12.4115 37 0
      vertex 11.3494 42.4294 0
      vertex 11.56 42.3579 0
    endloop
  endfacet
  facet normal 0 0 -1
    outer loop
      vertex 12.4115 37 0
      vertex 11.15 42.5278 0
      vertex 11.3494 42.4294 0
    endloop
  endfacet
  facet normal 0 0 -1
    outer loop
      vertex 12.4115 37 0
      vertex 10.9651 42.6513 0
      vertex 11.15 42.5278 0
    endloop
  endfacet
  facet normal 0 0 -1
    outer loop
      vertex 12.4115 37 0
      vertex 10.7979 42.7979 0
      vertex 10.9651 42.6513 0
    endloop
  endfacet
  facet normal 0 0 -1
    outer loop
      vertex 11.3702 34.8883 0
      vertex 10.6513 42.9651 0
      vertex 10.7979 42.7979 0
    endloop
  endfacet
  facet normal 0 0 -1
    outer loop
      vertex 10.4294 43.3494 0
      vertex 11.3702 34.8883 0
      vertex 10.6133 32.6587 0
    endloop
  endfacet
  facet normal 0 0 -1
    outer loop
      vertex 11.3702 34.8883 0
      vertex 10.5278 43.15 0
      vertex 10.6513 42.9651 0
    endloop
  endfacet
  facet normal 0 0 -1
    outer loop
      vertex 11.3702 34.8883 0
      vertex 10.4294 43.3494 0
      vertex 10.5278 43.15 0
    endloop
  endfacet
  facet normal 0 0 -1
    outer loop
      vertex 10.6133 32.6587 0
      vertex 10.3579 43.56 0
      vertex 10.4294 43.3494 0
    endloop
  endfacet
  facet normal 0 0 -1
    outer loop
      vertex 6.7 51 0
      vertex 10.3579 43.56 0
      vertex 10.6133 32.6587 0
    endloop
  endfacet
  facet normal 0 0 -1
    outer loop
      vertex 10.3579 43.56 0
      vertex 6.7 51 0
      vertex 10.3145 43.7781 0
    endloop
  endfacet
  facet normal 0 0 -1
    outer loop
      vertex 6.7 51 0
      vertex 10.6133 32.6587 0
      vertex 10.154 30.3495 0
    endloop
  endfacet
  facet normal 0 0 -1
    outer loop
      vertex 13.5706 12.6506 0
      vertex 17.0423 13.7196 0
      vertex 13.6421 12.44 0
    endloop
  endfacet
  facet normal -0 0 -1
    outer loop
      vertex 17.0423 13.7196 0
      vertex 13.5706 12.6506 0
      vertex 15.2721 15.2721 0
    endloop
  endfacet
  facet normal 0 0 -1
    outer loop
      vertex 13.4722 12.85 0
      vertex 15.2721 15.2721 0
      vertex 13.5706 12.6506 0
    endloop
  endfacet
  facet normal 0 0 -1
    outer loop
      vertex 13.3487 13.0349 0
      vertex 15.2721 15.2721 0
      vertex 13.4722 12.85 0
    endloop
  endfacet
  facet normal 0 0 -1
    outer loop
      vertex 13.2021 13.2021 0
      vertex 15.2721 15.2721 0
      vertex 13.3487 13.0349 0
    endloop
  endfacet
  facet normal 0 0 -1
    outer loop
      vertex 13.0349 13.3487 0
      vertex 15.2721 15.2721 0
      vertex 13.2021 13.2021 0
    endloop
  endfacet
  facet normal 0 0 -1
    outer loop
      vertex 12.85 13.4722 0
      vertex 15.2721 15.2721 0
      vertex 13.0349 13.3487 0
    endloop
  endfacet
  facet normal 0 0 -1
    outer loop
      vertex 12.6506 13.5706 0
      vertex 15.2721 15.2721 0
      vertex 12.85 13.4722 0
    endloop
  endfacet
  facet normal -0 0 -1
    outer loop
      vertex 15.2721 15.2721 0
      vertex 12.6506 13.5706 0
      vertex 13.7196 17.0423 0
    endloop
  endfacet
  facet normal 0 0 -1
    outer loop
      vertex 12.44 13.6421 0
      vertex 13.7196 17.0423 0
      vertex 12.6506 13.5706 0
    endloop
  endfacet
  facet normal 0 0 -1
    outer loop
      vertex 12.2219 13.6855 0
      vertex 13.7196 17.0423 0
      vertex 12.44 13.6421 0
    endloop
  endfacet
  facet normal 0 0 -1
    outer loop
      vertex 12 13.7 0
      vertex 13.7196 17.0423 0
      vertex 12.2219 13.6855 0
    endloop
  endfacet
  facet normal 0 0 -1
    outer loop
      vertex 11.7781 13.6855 0
      vertex 13.7196 17.0423 0
      vertex 12 13.7 0
    endloop
  endfacet
  facet normal 0 0 -1
    outer loop
      vertex 11.56 13.6421 0
      vertex 13.7196 17.0423 0
      vertex 11.7781 13.6855 0
    endloop
  endfacet
  facet normal -0 0 -1
    outer loop
      vertex 13.7196 17.0423 0
      vertex 11.56 13.6421 0
      vertex 12.4115 19 0
    endloop
  endfacet
  facet normal 0 0 -1
    outer loop
      vertex 11.3494 13.5706 0
      vertex 12.4115 19 0
      vertex 11.56 13.6421 0
    endloop
  endfacet
  facet normal 0 0 -1
    outer loop
      vertex 11.15 13.4722 0
      vertex 12.4115 19 0
      vertex 11.3494 13.5706 0
    endloop
  endfacet
  facet normal 0 0 -1
    outer loop
      vertex 10.9651 13.3487 0
      vertex 12.4115 19 0
      vertex 11.15 13.4722 0
    endloop
  endfacet
  facet normal 0 0 -1
    outer loop
      vertex 10.7979 13.2021 0
      vertex 12.4115 19 0
      vertex 10.9651 13.3487 0
    endloop
  endfacet
  facet normal -0 0 -1
    outer loop
      vertex 12.4115 19 0
      vertex 10.7979 13.2021 0
      vertex 11.3702 21.1117 0
    endloop
  endfacet
  facet normal 0 0 -1
    outer loop
      vertex 10.6513 13.0349 0
      vertex 11.3702 21.1117 0
      vertex 10.7979 13.2021 0
    endloop
  endfacet
  facet normal 0 0 -1
    outer loop
      vertex 10.5278 12.85 0
      vertex 11.3702 21.1117 0
      vertex 10.6513 13.0349 0
    endloop
  endfacet
  facet normal 0 0 -1
    outer loop
      vertex 10.4294 12.6506 0
      vertex 11.3702 21.1117 0
      vertex 10.5278 12.85 0
    endloop
  endfacet
  facet normal -0 0 -1
    outer loop
      vertex 11.3702 21.1117 0
      vertex 10.4294 12.6506 0
      vertex 10.6133 23.3413 0
    endloop
  endfacet
  facet normal 0 0 -1
    outer loop
      vertex 10.3579 12.44 0
      vertex 10.6133 23.3413 0
      vertex 10.4294 12.6506 0
    endloop
  endfacet
  facet normal 0 0 -1
    outer loop
      vertex 6.03489 6.3487 0
      vertex 10.6513 10.9651 0
      vertex 6.20208 6.20208 0
    endloop
  endfacet
  facet normal -0 0 -1
    outer loop
      vertex 10.7979 10.7979 0
      vertex 6.20208 6.20208 0
      vertex 10.6513 10.9651 0
    endloop
  endfacet
  facet normal -0 0 -1
    outer loop
      vertex 10.6513 10.9651 0
      vertex 6.03489 6.3487 0
      vertex 10.5278 11.15 0
    endloop
  endfacet
  facet normal 0 0 -1
    outer loop
      vertex 51.2219 49.3145 0
      vertex 45.6855 43.7781 0
      vertex 45.7 44 0
    endloop
  endfacet
  facet normal 0 0 -1
    outer loop
      vertex 51.6506 49.4294 0
      vertex 45.6421 43.56 0
      vertex 45.6855 43.7781 0
    endloop
  endfacet
  facet normal 0 -0 -1
    outer loop
      vertex 45.5706 43.3494 0
      vertex 51.6506 49.4294 0
      vertex 45.3867 32.6587 0
    endloop
  endfacet
  facet normal 0 0 -1
    outer loop
      vertex 51.6506 49.4294 0
      vertex 45.5706 43.3494 0
      vertex 45.6421 43.56 0
    endloop
  endfacet
  facet normal 0 0 -1
    outer loop
      vertex 44.6298 34.8883 0
      vertex 45.5706 43.3494 0
      vertex 45.3867 32.6587 0
    endloop
  endfacet
  facet normal 0 0 -1
    outer loop
      vertex 45.5706 43.3494 0
      vertex 44.6298 34.8883 0
      vertex 45.4722 43.15 0
    endloop
  endfacet
  facet normal 0 0 -1
    outer loop
      vertex 45.4722 43.15 0
      vertex 44.6298 34.8883 0
      vertex 45.3487 42.9651 0
    endloop
  endfacet
  facet normal 0 0 -1
    outer loop
      vertex 45.3487 42.9651 0
      vertex 44.6298 34.8883 0
      vertex 45.2021 42.7979 0
    endloop
  endfacet
  facet normal 0 0 -1
    outer loop
      vertex 43.5885 37 0
      vertex 45.2021 42.7979 0
      vertex 44.6298 34.8883 0
    endloop
  endfacet
  facet normal 0 0 -1
    outer loop
      vertex 45.2021 42.7979 0
      vertex 43.5885 37 0
      vertex 45.0349 42.6513 0
    endloop
  endfacet
  facet normal 0 0 -1
    outer loop
      vertex 45.0349 42.6513 0
      vertex 43.5885 37 0
      vertex 44.85 42.5278 0
    endloop
  endfacet
  facet normal 0 0 -1
    outer loop
      vertex 44.85 42.5278 0
      vertex 43.5885 37 0
      vertex 44.6506 42.4294 0
    endloop
  endfacet
  facet normal 0 0 -1
    outer loop
      vertex 44.6506 42.4294 0
      vertex 43.5885 37 0
      vertex 44.44 42.3579 0
    endloop
  endfacet
  facet normal 0 0 -1
    outer loop
      vertex 42.2804 38.9577 0
      vertex 44.44 42.3579 0
      vertex 43.5885 37 0
    endloop
  endfacet
  facet normal 0 0 -1
    outer loop
      vertex 44.44 42.3579 0
      vertex 42.2804 38.9577 0
      vertex 44.2219 42.3145 0
    endloop
  endfacet
  facet normal 0 0 -1
    outer loop
      vertex 44.2219 42.3145 0
      vertex 42.2804 38.9577 0
      vertex 44 42.3 0
    endloop
  endfacet
  facet normal -0 0 -1
    outer loop
      vertex 44 42.3 0
      vertex 42.2804 38.9577 0
      vertex 43.7781 42.3145 0
    endloop
  endfacet
  facet normal -0 0 -1
    outer loop
      vertex 43.7781 42.3145 0
      vertex 42.2804 38.9577 0
      vertex 43.56 42.3579 0
    endloop
  endfacet
  facet normal -0 0 -1
    outer loop
      vertex 43.56 42.3579 0
      vertex 42.2804 38.9577 0
      vertex 43.3494 42.4294 0
    endloop
  endfacet
  facet normal 0 0 -1
    outer loop
      vertex 40.7279 40.7279 0
      vertex 43.3494 42.4294 0
      vertex 42.2804 38.9577 0
    endloop
  endfacet
  facet normal -0 0 -1
    outer loop
      vertex 43.3494 42.4294 0
      vertex 40.7279 40.7279 0
      vertex 43.15 42.5278 0
    endloop
  endfacet
  facet normal -0 0 -1
    outer loop
      vertex 43.15 42.5278 0
      vertex 40.7279 40.7279 0
      vertex 42.9651 42.6513 0
    endloop
  endfacet
  facet normal -0 0 -1
    outer loop
      vertex 42.9651 42.6513 0
      vertex 40.7279 40.7279 0
      vertex 42.7979 42.7979 0
    endloop
  endfacet
  facet normal -0 0 -1
    outer loop
      vertex 42.7979 42.7979 0
      vertex 40.7279 40.7279 0
      vertex 42.6513 42.9651 0
    endloop
  endfacet
  facet normal -0 0 -1
    outer loop
      vertex 42.6513 42.9651 0
      vertex 40.7279 40.7279 0
      vertex 42.5278 43.15 0
    endloop
  endfacet
  facet normal -0 0 -1
    outer loop
      vertex 42.5278 43.15 0
      vertex 40.7279 40.7279 0
      vertex 42.4294 43.3494 0
    endloop
  endfacet
  facet normal -0 0 -1
    outer loop
      vertex 42.4294 43.3494 0
      vertex 38.9577 42.2804 0
      vertex 42.3579 43.56 0
    endloop
  endfacet
  facet normal 0 0 -1
    outer loop
      vertex 38.9577 42.2804 0
      vertex 42.4294 43.3494 0
      vertex 40.7279 40.7279 0
    endloop
  endfacet
  facet normal 0 0 -1
    outer loop
      vertex 52.5706 5.65056 0
      vertex 56 0 0
      vertex 52.6421 5.43999 0
    endloop
  endfacet
  facet normal 0 0 -1
    outer loop
      vertex 56 56 0
      vertex 52.6855 50.7781 0
      vertex 52.7 51 0
    endloop
  endfacet
  facet normal 0 0 -1
    outer loop
      vertex 52.4722 5.85 0
      vertex 56 0 0
      vertex 52.5706 5.65056 0
    endloop
  endfacet
  facet normal 0 0 -1
    outer loop
      vertex 56 56 0
      vertex 52.6421 50.56 0
      vertex 52.6855 50.7781 0
    endloop
  endfacet
  facet normal 0 0 -1
    outer loop
      vertex 56 0 0
      vertex 52.4722 5.85 0
      vertex 56 56 0
    endloop
  endfacet
  facet normal 0 0 -1
    outer loop
      vertex 56 56 0
      vertex 52.5706 50.3494 0
      vertex 52.6421 50.56 0
    endloop
  endfacet
  facet normal 0 0 -1
    outer loop
      vertex 52.4722 50.15 0
      vertex 56 56 0
      vertex 52.4722 5.85 0
    endloop
  endfacet
  facet normal 0 0 -1
    outer loop
      vertex 56 56 0
      vertex 52.4722 50.15 0
      vertex 52.5706 50.3494 0
    endloop
  endfacet
  facet normal 0 0 -1
    outer loop
      vertex 46 28 0
      vertex 52.4722 5.85 0
      vertex 52.3487 6.03489 0
    endloop
  endfacet
  facet normal 0 0 -1
    outer loop
      vertex 52.4722 5.85 0
      vertex 46 28 0
      vertex 52.4722 50.15 0
    endloop
  endfacet
  facet normal 0 0 -1
    outer loop
      vertex 45.846 25.6505 0
      vertex 52.3487 6.03489 0
      vertex 52.2021 6.20208 0
    endloop
  endfacet
  facet normal 0 0 -1
    outer loop
      vertex 52.4722 50.15 0
      vertex 46 28 0
      vertex 52.3487 49.9651 0
    endloop
  endfacet
  facet normal 0 0 -1
    outer loop
      vertex 45.846 25.6505 0
      vertex 52.2021 6.20208 0
      vertex 52.0349 6.3487 0
    endloop
  endfacet
  facet normal 0 0 -1
    outer loop
      vertex 45.846 30.3495 0
      vertex 52.3487 49.9651 0
      vertex 46 28 0
    endloop
  endfacet
  facet normal 0 0 -1
    outer loop
      vertex 45.3867 23.3413 0
      vertex 52.0349 6.3487 0
      vertex 51.85 6.47224 0
    endloop
  endfacet
  facet normal 0 0 -1
    outer loop
      vertex 52.3487 49.9651 0
      vertex 45.846 30.3495 0
      vertex 52.2021 49.7979 0
    endloop
  endfacet
  facet normal 0 0 -1
    outer loop
      vertex 45.3867 23.3413 0
      vertex 51.85 6.47224 0
      vertex 51.6506 6.57059 0
    endloop
  endfacet
  facet normal 0 0 -1
    outer loop
      vertex 52.2021 49.7979 0
      vertex 45.846 30.3495 0
      vertex 52.0349 49.6513 0
    endloop
  endfacet
  facet normal 0 0 -1
    outer loop
      vertex 45.5706 12.6506 0
      vertex 51.6506 6.57059 0
      vertex 51.44 6.64207 0
    endloop
  endfacet
  facet normal 0 0 -1
    outer loop
      vertex 45.3867 32.6587 0
      vertex 52.0349 49.6513 0
      vertex 45.846 30.3495 0
    endloop
  endfacet
  facet normal 0 0 -1
    outer loop
      vertex 45.6421 12.44 0
      vertex 51.44 6.64207 0
      vertex 51.2219 6.68546 0
    endloop
  endfacet
  facet normal 0 0 -1
    outer loop
      vertex 52.0349 49.6513 0
      vertex 45.3867 32.6587 0
      vertex 51.85 49.5278 0
    endloop
  endfacet
  facet normal 0 0 -1
    outer loop
      vertex 45.6855 12.2219 0
      vertex 51.2219 6.68546 0
      vertex 51 6.7 0
    endloop
  endfacet
  facet normal 0 0 -1
    outer loop
      vertex 51.85 49.5278 0
      vertex 45.3867 32.6587 0
      vertex 51.6506 49.4294 0
    endloop
  endfacet
  facet normal 0 0 -1
    outer loop
      vertex 45.7 12 0
      vertex 51 6.7 0
      vertex 50.7781 6.68546 0
    endloop
  endfacet
  facet normal 0 0 -1
    outer loop
      vertex 45.6855 43.7781 0
      vertex 51.44 49.3579 0
      vertex 51.6506 49.4294 0
    endloop
  endfacet
  facet normal 0 0 -1
    outer loop
      vertex 45.6855 11.7781 0
      vertex 50.7781 6.68546 0
      vertex 50.56 6.64207 0
    endloop
  endfacet
  facet normal 0 0 -1
    outer loop
      vertex 45.6855 43.7781 0
      vertex 51.2219 49.3145 0
      vertex 51.44 49.3579 0
    endloop
  endfacet
  facet normal 0 0 -1
    outer loop
      vertex 45.6421 11.56 0
      vertex 50.56 6.64207 0
      vertex 50.3494 6.57059 0
    endloop
  endfacet
  facet normal 0 0 -1
    outer loop
      vertex 51.2219 49.3145 0
      vertex 45.7 44 0
      vertex 51 49.3 0
    endloop
  endfacet
  facet normal 0 0 -1
    outer loop
      vertex 45.5706 11.3494 0
      vertex 50.3494 6.57059 0
      vertex 50.15 6.47224 0
    endloop
  endfacet
  facet normal -0 0 -1
    outer loop
      vertex 51 49.3 0
      vertex 45.7 44 0
      vertex 50.7781 49.3145 0
    endloop
  endfacet
  facet normal 0 0 -1
    outer loop
      vertex 45.4722 11.15 0
      vertex 50.15 6.47224 0
      vertex 49.9651 6.3487 0
    endloop
  endfacet
  facet normal 0 0 -1
    outer loop
      vertex 45.6855 44.2219 0
      vertex 50.7781 49.3145 0
      vertex 45.7 44 0
    endloop
  endfacet
  facet normal 0 0 -1
    outer loop
      vertex 45.3487 10.9651 0
      vertex 49.9651 6.3487 0
      vertex 49.7979 6.20208 0
    endloop
  endfacet
  facet normal -0 0 -1
    outer loop
      vertex 50.7781 49.3145 0
      vertex 45.6855 44.2219 0
      vertex 50.56 49.3579 0
    endloop
  endfacet
  facet normal 0 0 -1
    outer loop
      vertex 45.2021 10.7979 0
      vertex 49.7979 6.20208 0
      vertex 49.6513 6.03489 0
    endloop
  endfacet
  facet normal 0 0 -1
    outer loop
      vertex 45.6421 44.44 0
      vertex 50.56 49.3579 0
      vertex 45.6855 44.2219 0
    endloop
  endfacet
  facet normal 0 0 -1
    outer loop
      vertex 45.0349 10.6513 0
      vertex 49.6513 6.03489 0
      vertex 49.5278 5.85 0
    endloop
  endfacet
  facet normal -0 0 -1
    outer loop
      vertex 50.56 49.3579 0
      vertex 45.6421 44.44 0
      vertex 50.3494 49.4294 0
    endloop
  endfacet
  facet normal 0 0 -1
    outer loop
      vertex 44.85 10.5278 0
      vertex 49.5278 5.85 0
      vertex 49.4294 5.65056 0
    endloop
  endfacet
  facet normal 0 0 -1
    outer loop
      vertex 45.5706 44.6506 0
      vertex 50.3494 49.4294 0
      vertex 45.6421 44.44 0
    endloop
  endfacet
  facet normal 0 0 -1
    outer loop
      vertex 44.6506 10.4294 0
      vertex 49.4294 5.65056 0
      vertex 49.3579 5.43999 0
    endloop
  endfacet
  facet normal -0 0 -1
    outer loop
      vertex 50.3494 49.4294 0
      vertex 45.5706 44.6506 0
      vertex 50.15 49.5278 0
    endloop
  endfacet
  facet normal 0 0 -1
    outer loop
      vertex 44.44 10.3579 0
      vertex 49.3579 5.43999 0
      vertex 49.3145 5.22189 0
    endloop
  endfacet
  facet normal 0 0 -1
    outer loop
      vertex 45.4722 44.85 0
      vertex 50.15 49.5278 0
      vertex 45.5706 44.6506 0
    endloop
  endfacet
  facet normal 0 0 -1
    outer loop
      vertex 44.2219 10.3145 0
      vertex 49.3145 5.22189 0
      vertex 49.3 5 0
    endloop
  endfacet
  facet normal -0 0 -1
    outer loop
      vertex 50.15 49.5278 0
      vertex 45.4722 44.85 0
      vertex 49.9651 49.6513 0
    endloop
  endfacet
  facet normal 0 0 -1
    outer loop
      vertex 52.6855 5.22189 0
      vertex 56 0 0
      vertex 52.7 5 0
    endloop
  endfacet
  facet normal 0 0 -1
    outer loop
      vertex 56 0 0
      vertex 52.6855 4.7781 0
      vertex 52.7 5 0
    endloop
  endfacet
  facet normal 0 0 -1
    outer loop
      vertex 56 0 0
      vertex 52.6421 4.56001 0
      vertex 52.6855 4.7781 0
    endloop
  endfacet
  facet normal 0 0 -1
    outer loop
      vertex 56 0 0
      vertex 52.5706 4.34944 0
      vertex 52.6421 4.56001 0
    endloop
  endfacet
  facet normal 0 0 -1
    outer loop
      vertex 56 0 0
      vertex 52.4722 4.15 0
      vertex 52.5706 4.34944 0
    endloop
  endfacet
  facet normal 0 0 -1
    outer loop
      vertex 56 0 0
      vertex 52.3487 3.96511 0
      vertex 52.4722 4.15 0
    endloop
  endfacet
  facet normal 0 0 -1
    outer loop
      vertex 56 0 0
      vertex 52.2021 3.79792 0
      vertex 52.3487 3.96511 0
    endloop
  endfacet
  facet normal 0 0 -1
    outer loop
      vertex 56 0 0
      vertex 52.0349 3.6513 0
      vertex 52.2021 3.79792 0
    endloop
  endfacet
  facet normal 0 0 -1
    outer loop
      vertex 56 0 0
      vertex 51.85 3.52776 0
      vertex 52.0349 3.6513 0
    endloop
  endfacet
  facet normal 0 0 -1
    outer loop
      vertex 56 0 0
      vertex 51.6506 3.4294 0
      vertex 51.85 3.52776 0
    endloop
  endfacet
  facet normal 0 0 -1
    outer loop
      vertex 56 0 0
      vertex 51.44 3.35793 0
      vertex 51.6506 3.4294 0
    endloop
  endfacet
  facet normal 0 0 -1
    outer loop
      vertex 56 0 0
      vertex 51.2219 3.31454 0
      vertex 51.44 3.35793 0
    endloop
  endfacet
  facet normal 0 0 -1
    outer loop
      vertex 56 0 0
      vertex 51 3.3 0
      vertex 51.2219 3.31454 0
    endloop
  endfacet
  facet normal 0 0 -1
    outer loop
      vertex 56 0 0
      vertex 50.7781 3.31454 0
      vertex 51 3.3 0
    endloop
  endfacet
  facet normal 0 0 -1
    outer loop
      vertex 56 0 0
      vertex 50.56 3.35793 0
      vertex 50.7781 3.31454 0
    endloop
  endfacet
  facet normal 0 0 -1
    outer loop
      vertex 56 0 0
      vertex 50.3494 3.4294 0
      vertex 50.56 3.35793 0
    endloop
  endfacet
  facet normal 0 0 -1
    outer loop
      vertex 56 0 0
      vertex 50.15 3.52776 0
      vertex 50.3494 3.4294 0
    endloop
  endfacet
  facet normal 0 0 -1
    outer loop
      vertex 45.3487 45.0349 0
      vertex 49.9651 49.6513 0
      vertex 45.4722 44.85 0
    endloop
  endfacet
  facet normal 0 0 -1
    outer loop
      vertex 44 10.3 0
      vertex 49.3 5 0
      vertex 49.3145 4.7781 0
    endloop
  endfacet
  facet normal 0 0 -1
    outer loop
      vertex 52.3487 6.03489 0
      vertex 45.846 25.6505 0
      vertex 46 28 0
    endloop
  endfacet
  facet normal 0 0 -1
    outer loop
      vertex 51 6.7 0
      vertex 45.7 12 0
      vertex 45.6855 12.2219 0
    endloop
  endfacet
  facet normal 0 0 -1
    outer loop
      vertex 43.7781 10.3145 0
      vertex 49.3145 4.7781 0
      vertex 49.3579 4.56001 0
    endloop
  endfacet
  facet normal 0 0 -1
    outer loop
      vertex 43.56 10.3579 0
      vertex 49.3579 4.56001 0
      vertex 49.4294 4.34944 0
    endloop
  endfacet
  facet normal 0 0 -1
    outer loop
      vertex 50.7781 6.68546 0
      vertex 45.6855 11.7781 0
      vertex 45.7 12 0
    endloop
  endfacet
  facet normal 0 0 -1
    outer loop
      vertex 32.6587 10.6133 0
      vertex 49.4294 4.34944 0
      vertex 49.5278 4.15 0
    endloop
  endfacet
  facet normal 0 0 -1
    outer loop
      vertex 50.56 6.64207 0
      vertex 45.6421 11.56 0
      vertex 45.6855 11.7781 0
    endloop
  endfacet
  facet normal 0 0 -1
    outer loop
      vertex 50.3494 6.57059 0
      vertex 45.5706 11.3494 0
      vertex 45.6421 11.56 0
    endloop
  endfacet
  facet normal 0 0 -1
    outer loop
      vertex 50.15 6.47224 0
      vertex 45.4722 11.15 0
      vertex 45.5706 11.3494 0
    endloop
  endfacet
  facet normal 0 0 -1
    outer loop
      vertex 49.9651 6.3487 0
      vertex 45.3487 10.9651 0
      vertex 45.4722 11.15 0
    endloop
  endfacet
  facet normal 0 0 -1
    outer loop
      vertex 49.7979 6.20208 0
      vertex 45.2021 10.7979 0
      vertex 45.3487 10.9651 0
    endloop
  endfacet
  facet normal 0 0 -1
    outer loop
      vertex 49.6513 6.03489 0
      vertex 45.0349 10.6513 0
      vertex 45.2021 10.7979 0
    endloop
  endfacet
  facet normal 0 0 -1
    outer loop
      vertex 32.6587 10.6133 0
      vertex 49.5278 4.15 0
      vertex 49.6513 3.96511 0
    endloop
  endfacet
  facet normal 0 0 -1
    outer loop
      vertex 49.5278 5.85 0
      vertex 44.85 10.5278 0
      vertex 45.0349 10.6513 0
    endloop
  endfacet
  facet normal 0 0 -1
    outer loop
      vertex 49.4294 5.65056 0
      vertex 44.6506 10.4294 0
      vertex 44.85 10.5278 0
    endloop
  endfacet
  facet normal 0 0 -1
    outer loop
      vertex 49.3579 5.43999 0
      vertex 44.44 10.3579 0
      vertex 44.6506 10.4294 0
    endloop
  endfacet
  facet normal 0 0 -1
    outer loop
      vertex 49.3145 5.22189 0
      vertex 44.2219 10.3145 0
      vertex 44.44 10.3579 0
    endloop
  endfacet
  facet normal 0 0 -1
    outer loop
      vertex 49.3 5 0
      vertex 44 10.3 0
      vertex 44.2219 10.3145 0
    endloop
  endfacet
  facet normal 0 0 -1
    outer loop
      vertex 30.3495 10.154 0
      vertex 49.6513 3.96511 0
      vertex 49.7979 3.79792 0
    endloop
  endfacet
  facet normal 0 0 -1
    outer loop
      vertex 49.3145 4.7781 0
      vertex 43.7781 10.3145 0
      vertex 44 10.3 0
    endloop
  endfacet
  facet normal 0 0 -1
    outer loop
      vertex 49.3579 4.56001 0
      vertex 43.56 10.3579 0
      vertex 43.7781 10.3145 0
    endloop
  endfacet
  facet normal 0 0 -1
    outer loop
      vertex 49.4294 4.34944 0
      vertex 43.3494 10.4294 0
      vertex 43.56 10.3579 0
    endloop
  endfacet
  facet normal 0 0 -1
    outer loop
      vertex 49.4294 4.34944 0
      vertex 32.6587 10.6133 0
      vertex 43.3494 10.4294 0
    endloop
  endfacet
  facet normal 0 -0 -1
    outer loop
      vertex 34.8883 11.3702 0
      vertex 43.3494 10.4294 0
      vertex 32.6587 10.6133 0
    endloop
  endfacet
  facet normal 0 0 -1
    outer loop
      vertex 43.15 10.5278 0
      vertex 34.8883 11.3702 0
      vertex 42.9651 10.6513 0
    endloop
  endfacet
  facet normal 0 0 -1
    outer loop
      vertex 43.3494 13.5706 0
      vertex 40.7279 15.2721 0
      vertex 42.2804 17.0423 0
    endloop
  endfacet
  facet normal 0 0 -1
    outer loop
      vertex 38.9577 13.7196 0
      vertex 42.3 12 0
      vertex 42.3145 11.7781 0
    endloop
  endfacet
  facet normal 0 0 -1
    outer loop
      vertex 38.9577 13.7196 0
      vertex 42.3145 11.7781 0
      vertex 42.3579 11.56 0
    endloop
  endfacet
  facet normal 0 0 -1
    outer loop
      vertex 37 12.4115 0
      vertex 42.3579 11.56 0
      vertex 42.4294 11.3494 0
    endloop
  endfacet
  facet normal 0 0 -1
    outer loop
      vertex 42.3145 12.2219 0
      vertex 38.9577 13.7196 0
      vertex 40.7279 15.2721 0
    endloop
  endfacet
  facet normal 0 0 -1
    outer loop
      vertex 37 12.4115 0
      vertex 42.4294 11.3494 0
      vertex 42.5278 11.15 0
    endloop
  endfacet
  facet normal 0 0 -1
    outer loop
      vertex 37 12.4115 0
      vertex 42.5278 11.15 0
      vertex 42.6513 10.9651 0
    endloop
  endfacet
  facet normal 0 0 -1
    outer loop
      vertex 37 12.4115 0
      vertex 42.6513 10.9651 0
      vertex 42.7979 10.7979 0
    endloop
  endfacet
  facet normal 0 0 -1
    outer loop
      vertex 42.9651 10.6513 0
      vertex 34.8883 11.3702 0
      vertex 42.7979 10.7979 0
    endloop
  endfacet
  facet normal 0 0 -1
    outer loop
      vertex 42.3579 11.56 0
      vertex 37 12.4115 0
      vertex 38.9577 13.7196 0
    endloop
  endfacet
  facet normal 0 0 -1
    outer loop
      vertex 30.3495 10.154 0
      vertex 49.7979 3.79792 0
      vertex 49.9651 3.6513 0
    endloop
  endfacet
  facet normal 0 0 -1
    outer loop
      vertex 42.7979 10.7979 0
      vertex 34.8883 11.3702 0
      vertex 37 12.4115 0
    endloop
  endfacet
  facet normal 0 0 -1
    outer loop
      vertex 28 10 0
      vertex 49.9651 3.6513 0
      vertex 50.15 3.52776 0
    endloop
  endfacet
  facet normal 0 0 -1
    outer loop
      vertex 5.85 3.52776 0
      vertex 50.15 3.52776 0
      vertex 56 0 0
    endloop
  endfacet
  facet normal 0 0 -1
    outer loop
      vertex 43.3494 10.4294 0
      vertex 34.8883 11.3702 0
      vertex 43.15 10.5278 0
    endloop
  endfacet
  facet normal 0 0 -1
    outer loop
      vertex 49.6513 3.96511 0
      vertex 30.3495 10.154 0
      vertex 32.6587 10.6133 0
    endloop
  endfacet
  facet normal 0 0 -1
    outer loop
      vertex 49.9651 3.6513 0
      vertex 28 10 0
      vertex 30.3495 10.154 0
    endloop
  endfacet
  facet normal 0 0 -1
    outer loop
      vertex 50.15 3.52776 0
      vertex 5.85 3.52776 0
      vertex 28 10 0
    endloop
  endfacet
  facet normal 0 -0 -1
    outer loop
      vertex 6.03489 3.6513 0
      vertex 28 10 0
      vertex 5.85 3.52776 0
    endloop
  endfacet
  facet normal 0 0 -1
    outer loop
      vertex 13.6421 12.44 0
      vertex 17.0423 13.7196 0
      vertex 13.6855 12.2219 0
    endloop
  endfacet
  facet normal 0 0 -1
    outer loop
      vertex 13.6855 12.2219 0
      vertex 17.0423 13.7196 0
      vertex 13.7 12 0
    endloop
  endfacet
  facet normal 0 0 -1
    outer loop
      vertex 13.6421 11.56 0
      vertex 17.0423 13.7196 0
      vertex 19 12.4115 0
    endloop
  endfacet
  facet normal 0 0 -1
    outer loop
      vertex 13.2021 10.7979 0
      vertex 19 12.4115 0
      vertex 21.1117 11.3702 0
    endloop
  endfacet
  facet normal 0 0 -1
    outer loop
      vertex 12.6506 10.4294 0
      vertex 21.1117 11.3702 0
      vertex 23.3413 10.6133 0
    endloop
  endfacet
  facet normal 0 -0 -1
    outer loop
      vertex 6.20208 3.79792 0
      vertex 25.6505 10.154 0
      vertex 6.03489 3.6513 0
    endloop
  endfacet
  facet normal 0 0 -1
    outer loop
      vertex 17.0423 13.7196 0
      vertex 13.6855 11.7781 0
      vertex 13.7 12 0
    endloop
  endfacet
  facet normal 0 0 -1
    outer loop
      vertex 17.0423 13.7196 0
      vertex 13.6421 11.56 0
      vertex 13.6855 11.7781 0
    endloop
  endfacet
  facet normal 0 0 -1
    outer loop
      vertex 19 12.4115 0
      vertex 13.5706 11.3494 0
      vertex 13.6421 11.56 0
    endloop
  endfacet
  facet normal 0 0 -1
    outer loop
      vertex 19 12.4115 0
      vertex 13.4722 11.15 0
      vertex 13.5706 11.3494 0
    endloop
  endfacet
  facet normal 0 0 -1
    outer loop
      vertex 19 12.4115 0
      vertex 13.3487 10.9651 0
      vertex 13.4722 11.15 0
    endloop
  endfacet
  facet normal 0 0 -1
    outer loop
      vertex 19 12.4115 0
      vertex 13.2021 10.7979 0
      vertex 13.3487 10.9651 0
    endloop
  endfacet
  facet normal 0 0 -1
    outer loop
      vertex 21.1117 11.3702 0
      vertex 13.0349 10.6513 0
      vertex 13.2021 10.7979 0
    endloop
  endfacet
  facet normal 0 -0 -1
    outer loop
      vertex 6.47224 4.15 0
      vertex 23.3413 10.6133 0
      vertex 6.3487 3.96511 0
    endloop
  endfacet
  facet normal 0 0 -1
    outer loop
      vertex 21.1117 11.3702 0
      vertex 12.85 10.5278 0
      vertex 13.0349 10.6513 0
    endloop
  endfacet
  facet normal 0 -0 -1
    outer loop
      vertex 6.57059 4.34944 0
      vertex 23.3413 10.6133 0
      vertex 6.47224 4.15 0
    endloop
  endfacet
  facet normal 0 0 -1
    outer loop
      vertex 21.1117 11.3702 0
      vertex 12.6506 10.4294 0
      vertex 12.85 10.5278 0
    endloop
  endfacet
  facet normal 0 0 -1
    outer loop
      vertex 12.6506 10.4294 0
      vertex 6.57059 4.34944 0
      vertex 12.44 10.3579 0
    endloop
  endfacet
  facet normal 0 -0 -1
    outer loop
      vertex 6.64207 4.56001 0
      vertex 12.44 10.3579 0
      vertex 6.57059 4.34944 0
    endloop
  endfacet
  facet normal 0 0 -1
    outer loop
      vertex 12.44 10.3579 0
      vertex 6.64207 4.56001 0
      vertex 12.2219 10.3145 0
    endloop
  endfacet
  facet normal 0 0 -1
    outer loop
      vertex 5.85 6.47224 0
      vertex 10.5278 11.15 0
      vertex 6.03489 6.3487 0
    endloop
  endfacet
  facet normal -0 0 -1
    outer loop
      vertex 10.5278 11.15 0
      vertex 5.85 6.47224 0
      vertex 10.4294 11.3494 0
    endloop
  endfacet
  facet normal 0 0 -1
    outer loop
      vertex 6.20208 6.20208 0
      vertex 10.7979 10.7979 0
      vertex 6.3487 6.03489 0
    endloop
  endfacet
  facet normal -0 0 -1
    outer loop
      vertex 10.9651 10.6513 0
      vertex 6.3487 6.03489 0
      vertex 10.7979 10.7979 0
    endloop
  endfacet
  facet normal 0 0 -1
    outer loop
      vertex 6.3487 6.03489 0
      vertex 10.9651 10.6513 0
      vertex 6.47224 5.85 0
    endloop
  endfacet
  facet normal -0 0 -1
    outer loop
      vertex 11.15 10.5278 0
      vertex 6.47224 5.85 0
      vertex 10.9651 10.6513 0
    endloop
  endfacet
  facet normal 0 0 -1
    outer loop
      vertex 6.47224 5.85 0
      vertex 11.15 10.5278 0
      vertex 6.57059 5.65056 0
    endloop
  endfacet
  facet normal -0 0 -1
    outer loop
      vertex 11.3494 10.4294 0
      vertex 6.57059 5.65056 0
      vertex 11.15 10.5278 0
    endloop
  endfacet
  facet normal 0 0 -1
    outer loop
      vertex 6.57059 5.65056 0
      vertex 11.3494 10.4294 0
      vertex 6.64207 5.43999 0
    endloop
  endfacet
  facet normal -0 0 -1
    outer loop
      vertex 11.56 10.3579 0
      vertex 6.64207 5.43999 0
      vertex 11.3494 10.4294 0
    endloop
  endfacet
  facet normal 0 0 -1
    outer loop
      vertex 6.64207 5.43999 0
      vertex 11.56 10.3579 0
      vertex 6.68546 5.22189 0
    endloop
  endfacet
  facet normal -0 0 -1
    outer loop
      vertex 11.7781 10.3145 0
      vertex 6.68546 5.22189 0
      vertex 11.56 10.3579 0
    endloop
  endfacet
  facet normal 0 -0 -1
    outer loop
      vertex 6.68546 4.7781 0
      vertex 12.2219 10.3145 0
      vertex 6.64207 4.56001 0
    endloop
  endfacet
  facet normal 0 0 -1
    outer loop
      vertex 6.68546 5.22189 0
      vertex 11.7781 10.3145 0
      vertex 6.7 5 0
    endloop
  endfacet
  facet normal -0 0 -1
    outer loop
      vertex 12 10.3 0
      vertex 6.7 5 0
      vertex 11.7781 10.3145 0
    endloop
  endfacet
  facet normal 0 -0 -1
    outer loop
      vertex 6.7 5 0
      vertex 12 10.3 0
      vertex 6.68546 4.7781 0
    endloop
  endfacet
  facet normal 0 0 -1
    outer loop
      vertex 12.2219 10.3145 0
      vertex 6.68546 4.7781 0
      vertex 12 10.3 0
    endloop
  endfacet
  facet normal 0 0 -1
    outer loop
      vertex 23.3413 10.6133 0
      vertex 6.57059 4.34944 0
      vertex 12.6506 10.4294 0
    endloop
  endfacet
  facet normal -0 0 -1
    outer loop
      vertex 25.6505 10.154 0
      vertex 6.3487 3.96511 0
      vertex 23.3413 10.6133 0
    endloop
  endfacet
  facet normal 0 -0 -1
    outer loop
      vertex 6.3487 3.96511 0
      vertex 25.6505 10.154 0
      vertex 6.20208 3.79792 0
    endloop
  endfacet
  facet normal -0 0 -1
    outer loop
      vertex 28 10 0
      vertex 6.03489 3.6513 0
      vertex 25.6505 10.154 0
    endloop
  endfacet
  facet normal 0 0 -1
    outer loop
      vertex 0 0 0
      vertex 5.85 3.52776 0
      vertex 56 0 0
    endloop
  endfacet
  facet normal 0 0 -1
    outer loop
      vertex 5.85 3.52776 0
      vertex 0 0 0
      vertex 5.65056 3.4294 0
    endloop
  endfacet
  facet normal 0 0 -1
    outer loop
      vertex 5.65056 3.4294 0
      vertex 0 0 0
      vertex 5.43999 3.35793 0
    endloop
  endfacet
  facet normal 0 0 -1
    outer loop
      vertex 5.43999 3.35793 0
      vertex 0 0 0
      vertex 5.22189 3.31454 0
    endloop
  endfacet
  facet normal 0 0 -1
    outer loop
      vertex 3.35793 50.56 0
      vertex 0 56 0
      vertex 3.31454 50.7781 0
    endloop
  endfacet
  facet normal -0 0 -1
    outer loop
      vertex 3.31454 4.7781 0
      vertex 0 0 0
      vertex 3.3 5 0
    endloop
  endfacet
  facet normal -0 0 -1
    outer loop
      vertex 3.35793 4.56001 0
      vertex 0 0 0
      vertex 3.31454 4.7781 0
    endloop
  endfacet
  facet normal -0 0 -1
    outer loop
      vertex 3.4294 4.34944 0
      vertex 0 0 0
      vertex 3.35793 4.56001 0
    endloop
  endfacet
  facet normal -0 0 -1
    outer loop
      vertex 3.52776 4.15 0
      vertex 0 0 0
      vertex 3.4294 4.34944 0
    endloop
  endfacet
  facet normal -0 0 -1
    outer loop
      vertex 3.6513 3.96511 0
      vertex 0 0 0
      vertex 3.52776 4.15 0
    endloop
  endfacet
  facet normal -0 0 -1
    outer loop
      vertex 3.79792 3.79792 0
      vertex 0 0 0
      vertex 3.6513 3.96511 0
    endloop
  endfacet
  facet normal -0 0 -1
    outer loop
      vertex 3.96511 3.6513 0
      vertex 0 0 0
      vertex 3.79792 3.79792 0
    endloop
  endfacet
  facet normal -0 0 -1
    outer loop
      vertex 4.15 3.52776 0
      vertex 0 0 0
      vertex 3.96511 3.6513 0
    endloop
  endfacet
  facet normal -0 0 -1
    outer loop
      vertex 4.34944 3.4294 0
      vertex 0 0 0
      vertex 4.15 3.52776 0
    endloop
  endfacet
  facet normal -0 0 -1
    outer loop
      vertex 4.56001 3.35793 0
      vertex 0 0 0
      vertex 4.34944 3.4294 0
    endloop
  endfacet
  facet normal -0 0 -1
    outer loop
      vertex 4.7781 3.31454 0
      vertex 0 0 0
      vertex 4.56001 3.35793 0
    endloop
  endfacet
  facet normal -0 0 -1
    outer loop
      vertex 5 3.3 0
      vertex 0 0 0
      vertex 4.7781 3.31454 0
    endloop
  endfacet
  facet normal 0 0 -1
    outer loop
      vertex 5.22189 3.31454 0
      vertex 0 0 0
      vertex 5 3.3 0
    endloop
  endfacet
  facet normal 0 0 -1
    outer loop
      vertex 52.6421 5.43999 0
      vertex 56 0 0
      vertex 52.6855 5.22189 0
    endloop
  endfacet
  facet normal 0 0 -1
    outer loop
      vertex 52.6855 51.2219 0
      vertex 56 56 0
      vertex 52.7 51 0
    endloop
  endfacet
  facet normal 0 0 -1
    outer loop
      vertex 52.6421 51.44 0
      vertex 56 56 0
      vertex 52.6855 51.2219 0
    endloop
  endfacet
  facet normal 0 0 -1
    outer loop
      vertex 52.5706 51.6506 0
      vertex 56 56 0
      vertex 52.6421 51.44 0
    endloop
  endfacet
  facet normal 0 0 -1
    outer loop
      vertex 52.4722 51.85 0
      vertex 56 56 0
      vertex 52.5706 51.6506 0
    endloop
  endfacet
  facet normal 0 0 -1
    outer loop
      vertex 52.3487 52.0349 0
      vertex 56 56 0
      vertex 52.4722 51.85 0
    endloop
  endfacet
  facet normal 0 0 -1
    outer loop
      vertex 52.2021 52.2021 0
      vertex 56 56 0
      vertex 52.3487 52.0349 0
    endloop
  endfacet
  facet normal 0 0 -1
    outer loop
      vertex 52.0349 52.3487 0
      vertex 56 56 0
      vertex 52.2021 52.2021 0
    endloop
  endfacet
  facet normal 0 0 -1
    outer loop
      vertex 51.85 52.4722 0
      vertex 56 56 0
      vertex 52.0349 52.3487 0
    endloop
  endfacet
  facet normal 0 0 -1
    outer loop
      vertex 51.6506 52.5706 0
      vertex 56 56 0
      vertex 51.85 52.4722 0
    endloop
  endfacet
  facet normal 0 0 -1
    outer loop
      vertex 51.44 52.6421 0
      vertex 56 56 0
      vertex 51.6506 52.5706 0
    endloop
  endfacet
  facet normal 0 0 -1
    outer loop
      vertex 51.2219 52.6855 0
      vertex 56 56 0
      vertex 51.44 52.6421 0
    endloop
  endfacet
  facet normal 0 0 -1
    outer loop
      vertex 51 52.7 0
      vertex 56 56 0
      vertex 51.2219 52.6855 0
    endloop
  endfacet
  facet normal 0 0 -1
    outer loop
      vertex 50.7781 52.6855 0
      vertex 56 56 0
      vertex 51 52.7 0
    endloop
  endfacet
  facet normal 0 0 -1
    outer loop
      vertex 50.56 52.6421 0
      vertex 56 56 0
      vertex 50.7781 52.6855 0
    endloop
  endfacet
  facet normal 0 0 -1
    outer loop
      vertex 50.3494 52.5706 0
      vertex 56 56 0
      vertex 50.56 52.6421 0
    endloop
  endfacet
  facet normal 0 0 -1
    outer loop
      vertex 50.15 52.4722 0
      vertex 56 56 0
      vertex 50.3494 52.5706 0
    endloop
  endfacet
  facet normal -0 0 -1
    outer loop
      vertex 49.9651 49.6513 0
      vertex 45.3487 45.0349 0
      vertex 49.7979 49.7979 0
    endloop
  endfacet
  facet normal 0 0 -1
    outer loop
      vertex 45.2021 45.2021 0
      vertex 49.7979 49.7979 0
      vertex 45.3487 45.0349 0
    endloop
  endfacet
  facet normal -0 0 -1
    outer loop
      vertex 49.7979 49.7979 0
      vertex 45.2021 45.2021 0
      vertex 49.6513 49.9651 0
    endloop
  endfacet
  facet normal 0 0 -1
    outer loop
      vertex 45.0349 45.3487 0
      vertex 49.6513 49.9651 0
      vertex 45.2021 45.2021 0
    endloop
  endfacet
  facet normal -0 0 -1
    outer loop
      vertex 49.6513 49.9651 0
      vertex 45.0349 45.3487 0
      vertex 49.5278 50.15 0
    endloop
  endfacet
  facet normal 0 0 -1
    outer loop
      vertex 44.85 45.4722 0
      vertex 49.5278 50.15 0
      vertex 45.0349 45.3487 0
    endloop
  endfacet
  facet normal -0 0 -1
    outer loop
      vertex 49.5278 50.15 0
      vertex 44.85 45.4722 0
      vertex 49.4294 50.3494 0
    endloop
  endfacet
  facet normal 0 0 -1
    outer loop
      vertex 44.6506 45.5706 0
      vertex 49.4294 50.3494 0
      vertex 44.85 45.4722 0
    endloop
  endfacet
  facet normal -0 0 -1
    outer loop
      vertex 49.4294 50.3494 0
      vertex 44.6506 45.5706 0
      vertex 49.3579 50.56 0
    endloop
  endfacet
  facet normal 0 0 -1
    outer loop
      vertex 44.44 45.6421 0
      vertex 49.3579 50.56 0
      vertex 44.6506 45.5706 0
    endloop
  endfacet
  facet normal -0 0 -1
    outer loop
      vertex 49.3579 50.56 0
      vertex 44.44 45.6421 0
      vertex 49.3145 50.7781 0
    endloop
  endfacet
  facet normal 0 0 -1
    outer loop
      vertex 44.2219 45.6855 0
      vertex 49.3145 50.7781 0
      vertex 44.44 45.6421 0
    endloop
  endfacet
  facet normal -0 0 -1
    outer loop
      vertex 49.3145 50.7781 0
      vertex 44.2219 45.6855 0
      vertex 49.3 51 0
    endloop
  endfacet
  facet normal 0 0 -1
    outer loop
      vertex 44 45.7 0
      vertex 49.3 51 0
      vertex 44.2219 45.6855 0
    endloop
  endfacet
  facet normal -0 0 -1
    outer loop
      vertex 49.3 51 0
      vertex 44 45.7 0
      vertex 49.3145 51.2219 0
    endloop
  endfacet
  facet normal 0 0 -1
    outer loop
      vertex 43.7781 45.6855 0
      vertex 49.3145 51.2219 0
      vertex 44 45.7 0
    endloop
  endfacet
  facet normal -0 0 -1
    outer loop
      vertex 49.3145 51.2219 0
      vertex 43.7781 45.6855 0
      vertex 49.3579 51.44 0
    endloop
  endfacet
  facet normal 0 0 -1
    outer loop
      vertex 43.56 45.6421 0
      vertex 49.3579 51.44 0
      vertex 43.7781 45.6855 0
    endloop
  endfacet
  facet normal -0 0 -1
    outer loop
      vertex 49.3579 51.44 0
      vertex 43.56 45.6421 0
      vertex 49.4294 51.6506 0
    endloop
  endfacet
  facet normal 0 0 -1
    outer loop
      vertex 43.3494 45.5706 0
      vertex 49.4294 51.6506 0
      vertex 43.56 45.6421 0
    endloop
  endfacet
  facet normal 0 0 -1
    outer loop
      vertex 32.6587 45.3867 0
      vertex 49.4294 51.6506 0
      vertex 43.3494 45.5706 0
    endloop
  endfacet
  facet normal -0 0 -1
    outer loop
      vertex 49.4294 51.6506 0
      vertex 32.6587 45.3867 0
      vertex 49.5278 51.85 0
    endloop
  endfacet
  facet normal -0 0 -1
    outer loop
      vertex 49.5278 51.85 0
      vertex 32.6587 45.3867 0
      vertex 49.6513 52.0349 0
    endloop
  endfacet
  facet normal 0 0 -1
    outer loop
      vertex 34.8883 44.6298 0
      vertex 43.3494 45.5706 0
      vertex 43.15 45.4722 0
    endloop
  endfacet
  facet normal 0 0 -1
    outer loop
      vertex 34.8883 44.6298 0
      vertex 43.15 45.4722 0
      vertex 42.9651 45.3487 0
    endloop
  endfacet
  facet normal 0 0 -1
    outer loop
      vertex 34.8883 44.6298 0
      vertex 42.9651 45.3487 0
      vertex 42.7979 45.2021 0
    endloop
  endfacet
  facet normal -0 0 -1
    outer loop
      vertex 42.3579 43.56 0
      vertex 38.9577 42.2804 0
      vertex 42.3145 43.7781 0
    endloop
  endfacet
  facet normal -0 0 -1
    outer loop
      vertex 42.3145 43.7781 0
      vertex 38.9577 42.2804 0
      vertex 42.3 44 0
    endloop
  endfacet
  facet normal -0 0 -1
    outer loop
      vertex 42.3 44 0
      vertex 38.9577 42.2804 0
      vertex 42.3145 44.2219 0
    endloop
  endfacet
  facet normal -0 0 -1
    outer loop
      vertex 42.3145 44.2219 0
      vertex 38.9577 42.2804 0
      vertex 42.3579 44.44 0
    endloop
  endfacet
  facet normal 0 0 -1
    outer loop
      vertex 37 43.5885 0
      vertex 42.3579 44.44 0
      vertex 38.9577 42.2804 0
    endloop
  endfacet
  facet normal -0 0 -1
    outer loop
      vertex 42.3579 44.44 0
      vertex 37 43.5885 0
      vertex 42.4294 44.6506 0
    endloop
  endfacet
  facet normal -0 0 -1
    outer loop
      vertex 42.4294 44.6506 0
      vertex 37 43.5885 0
      vertex 42.5278 44.85 0
    endloop
  endfacet
  facet normal -0 0 -1
    outer loop
      vertex 42.5278 44.85 0
      vertex 37 43.5885 0
      vertex 42.6513 45.0349 0
    endloop
  endfacet
  facet normal -0 0 -1
    outer loop
      vertex 42.6513 45.0349 0
      vertex 37 43.5885 0
      vertex 42.7979 45.2021 0
    endloop
  endfacet
  facet normal 0 0 -1
    outer loop
      vertex 34.8883 44.6298 0
      vertex 42.7979 45.2021 0
      vertex 37 43.5885 0
    endloop
  endfacet
  facet normal 0 0 -1
    outer loop
      vertex 43.3494 45.5706 0
      vertex 34.8883 44.6298 0
      vertex 32.6587 45.3867 0
    endloop
  endfacet
  facet normal 0 0 -1
    outer loop
      vertex 30.3495 45.846 0
      vertex 49.6513 52.0349 0
      vertex 32.6587 45.3867 0
    endloop
  endfacet
  facet normal -0 0 -1
    outer loop
      vertex 49.6513 52.0349 0
      vertex 30.3495 45.846 0
      vertex 49.7979 52.2021 0
    endloop
  endfacet
  facet normal -0 0 -1
    outer loop
      vertex 49.7979 52.2021 0
      vertex 30.3495 45.846 0
      vertex 49.9651 52.3487 0
    endloop
  endfacet
  facet normal 0 0 -1
    outer loop
      vertex 28 46 0
      vertex 49.9651 52.3487 0
      vertex 30.3495 45.846 0
    endloop
  endfacet
  facet normal -0 0 -1
    outer loop
      vertex 49.9651 52.3487 0
      vertex 28 46 0
      vertex 50.15 52.4722 0
    endloop
  endfacet
  facet normal 0 0 -1
    outer loop
      vertex 5.85 52.4722 0
      vertex 50.15 52.4722 0
      vertex 28 46 0
    endloop
  endfacet
  facet normal 0 0 -1
    outer loop
      vertex 6.03489 52.3487 0
      vertex 28 46 0
      vertex 25.6505 45.846 0
    endloop
  endfacet
  facet normal 0 0 -1
    outer loop
      vertex 6.3487 52.0349 0
      vertex 25.6505 45.846 0
      vertex 23.3413 45.3867 0
    endloop
  endfacet
  facet normal 0 0 -1
    outer loop
      vertex 12.6506 42.4294 0
      vertex 15.2721 40.7279 0
      vertex 13.7196 38.9577 0
    endloop
  endfacet
  facet normal 0 0 -1
    outer loop
      vertex 13.6855 43.7781 0
      vertex 17.0423 42.2804 0
      vertex 15.2721 40.7279 0
    endloop
  endfacet
  facet normal 0 0 -1
    outer loop
      vertex 13.6855 44.2219 0
      vertex 17.0423 42.2804 0
      vertex 13.7 44 0
    endloop
  endfacet
  facet normal 0 0 -1
    outer loop
      vertex 13.6421 44.44 0
      vertex 17.0423 42.2804 0
      vertex 13.6855 44.2219 0
    endloop
  endfacet
  facet normal 0 0 -1
    outer loop
      vertex 17.0423 42.2804 0
      vertex 13.6421 44.44 0
      vertex 19 43.5885 0
    endloop
  endfacet
  facet normal 0 0 -1
    outer loop
      vertex 13.5706 44.6506 0
      vertex 19 43.5885 0
      vertex 13.6421 44.44 0
    endloop
  endfacet
  facet normal 0 0 -1
    outer loop
      vertex 13.4722 44.85 0
      vertex 19 43.5885 0
      vertex 13.5706 44.6506 0
    endloop
  endfacet
  facet normal 0 0 -1
    outer loop
      vertex 13.3487 45.0349 0
      vertex 19 43.5885 0
      vertex 13.4722 44.85 0
    endloop
  endfacet
  facet normal 0 0 -1
    outer loop
      vertex 13.2021 45.2021 0
      vertex 19 43.5885 0
      vertex 13.3487 45.0349 0
    endloop
  endfacet
  facet normal 0 0 -1
    outer loop
      vertex 19 43.5885 0
      vertex 13.2021 45.2021 0
      vertex 21.1117 44.6298 0
    endloop
  endfacet
  facet normal 0 0 -1
    outer loop
      vertex 13.0349 45.3487 0
      vertex 21.1117 44.6298 0
      vertex 13.2021 45.2021 0
    endloop
  endfacet
  facet normal 0 0 -1
    outer loop
      vertex 12.85 45.4722 0
      vertex 21.1117 44.6298 0
      vertex 13.0349 45.3487 0
    endloop
  endfacet
  facet normal 0 0 -1
    outer loop
      vertex 12.6506 45.5706 0
      vertex 21.1117 44.6298 0
      vertex 12.85 45.4722 0
    endloop
  endfacet
  facet normal 0 0 -1
    outer loop
      vertex 21.1117 44.6298 0
      vertex 12.6506 45.5706 0
      vertex 23.3413 45.3867 0
    endloop
  endfacet
  facet normal 0 0 -1
    outer loop
      vertex 6.57059 51.6506 0
      vertex 23.3413 45.3867 0
      vertex 12.6506 45.5706 0
    endloop
  endfacet
  facet normal 0 0 -1
    outer loop
      vertex 6.57059 51.6506 0
      vertex 12.6506 45.5706 0
      vertex 12.44 45.6421 0
    endloop
  endfacet
  facet normal 0 0 -1
    outer loop
      vertex 6.64207 51.44 0
      vertex 12.44 45.6421 0
      vertex 12.2219 45.6855 0
    endloop
  endfacet
  facet normal 0 0 -1
    outer loop
      vertex 6.68546 51.2219 0
      vertex 12.2219 45.6855 0
      vertex 12 45.7 0
    endloop
  endfacet
  facet normal 0 0 -1
    outer loop
      vertex 6.7 51 0
      vertex 12 45.7 0
      vertex 11.7781 45.6855 0
    endloop
  endfacet
  facet normal 0 0 -1
    outer loop
      vertex 6.7 51 0
      vertex 11.7781 45.6855 0
      vertex 11.56 45.6421 0
    endloop
  endfacet
  facet normal 0 0 -1
    outer loop
      vertex 6.7 51 0
      vertex 10.154 30.3495 0
      vertex 10 28 0
    endloop
  endfacet
  facet normal 0 0 -1
    outer loop
      vertex 5.65056 6.57059 0
      vertex 10.4294 11.3494 0
      vertex 5.85 6.47224 0
    endloop
  endfacet
  facet normal 0 0 -1
    outer loop
      vertex 10.3145 43.7781 0
      vertex 6.7 51 0
      vertex 10.3 44 0
    endloop
  endfacet
  facet normal 0 0 -1
    outer loop
      vertex 10.3 44 0
      vertex 6.7 51 0
      vertex 10.3145 44.2219 0
    endloop
  endfacet
  facet normal 0 0 -1
    outer loop
      vertex 6.7 51 0
      vertex 10.3579 44.44 0
      vertex 10.3145 44.2219 0
    endloop
  endfacet
  facet normal 0 0 -1
    outer loop
      vertex 6.7 51 0
      vertex 10.4294 44.6506 0
      vertex 10.3579 44.44 0
    endloop
  endfacet
  facet normal 0 0 -1
    outer loop
      vertex 6.7 51 0
      vertex 10.5278 44.85 0
      vertex 10.4294 44.6506 0
    endloop
  endfacet
  facet normal 0 0 -1
    outer loop
      vertex 6.7 51 0
      vertex 10.6513 45.0349 0
      vertex 10.5278 44.85 0
    endloop
  endfacet
  facet normal 0 0 -1
    outer loop
      vertex 6.7 51 0
      vertex 10.7979 45.2021 0
      vertex 10.6513 45.0349 0
    endloop
  endfacet
  facet normal 0 0 -1
    outer loop
      vertex 6.7 51 0
      vertex 10.9651 45.3487 0
      vertex 10.7979 45.2021 0
    endloop
  endfacet
  facet normal 0 0 -1
    outer loop
      vertex 6.7 51 0
      vertex 11.15 45.4722 0
      vertex 10.9651 45.3487 0
    endloop
  endfacet
  facet normal 0 0 -1
    outer loop
      vertex 6.7 51 0
      vertex 11.3494 45.5706 0
      vertex 11.15 45.4722 0
    endloop
  endfacet
  facet normal 0 0 -1
    outer loop
      vertex 6.7 51 0
      vertex 11.56 45.6421 0
      vertex 11.3494 45.5706 0
    endloop
  endfacet
  facet normal 0 0 -1
    outer loop
      vertex 12 45.7 0
      vertex 6.7 51 0
      vertex 6.68546 51.2219 0
    endloop
  endfacet
  facet normal 0 0 -1
    outer loop
      vertex 12.2219 45.6855 0
      vertex 6.68546 51.2219 0
      vertex 6.64207 51.44 0
    endloop
  endfacet
  facet normal 0 0 -1
    outer loop
      vertex 12.44 45.6421 0
      vertex 6.64207 51.44 0
      vertex 6.57059 51.6506 0
    endloop
  endfacet
  facet normal 0 0 -1
    outer loop
      vertex 23.3413 45.3867 0
      vertex 6.57059 51.6506 0
      vertex 6.47224 51.85 0
    endloop
  endfacet
  facet normal 0 0 -1
    outer loop
      vertex 23.3413 45.3867 0
      vertex 6.47224 51.85 0
      vertex 6.3487 52.0349 0
    endloop
  endfacet
  facet normal 0 0 -1
    outer loop
      vertex 25.6505 45.846 0
      vertex 6.3487 52.0349 0
      vertex 6.20208 52.2021 0
    endloop
  endfacet
  facet normal 0 0 -1
    outer loop
      vertex 25.6505 45.846 0
      vertex 6.20208 52.2021 0
      vertex 6.03489 52.3487 0
    endloop
  endfacet
  facet normal 0 0 -1
    outer loop
      vertex 28 46 0
      vertex 6.03489 52.3487 0
      vertex 5.85 52.4722 0
    endloop
  endfacet
  facet normal 0 0 -1
    outer loop
      vertex 50.15 52.4722 0
      vertex 5.85 52.4722 0
      vertex 56 56 0
    endloop
  endfacet
  facet normal 0 0 -1
    outer loop
      vertex 0 56 0
      vertex 5.85 52.4722 0
      vertex 5.65056 52.5706 0
    endloop
  endfacet
  facet normal 0 0 -1
    outer loop
      vertex 0 56 0
      vertex 5.65056 52.5706 0
      vertex 5.43999 52.6421 0
    endloop
  endfacet
  facet normal 0 0 -1
    outer loop
      vertex 0 56 0
      vertex 5.43999 52.6421 0
      vertex 5.22189 52.6855 0
    endloop
  endfacet
  facet normal 0 0 -1
    outer loop
      vertex 0 56 0
      vertex 5.22189 52.6855 0
      vertex 5 52.7 0
    endloop
  endfacet
  facet normal 0 0 -1
    outer loop
      vertex 5.85 52.4722 0
      vertex 0 56 0
      vertex 56 56 0
    endloop
  endfacet
  facet normal 0 0 -1
    outer loop
      vertex 4.7781 52.6855 0
      vertex 0 56 0
      vertex 5 52.7 0
    endloop
  endfacet
  facet normal 0 0 -1
    outer loop
      vertex 4.56001 52.6421 0
      vertex 0 56 0
      vertex 4.7781 52.6855 0
    endloop
  endfacet
  facet normal 0 0 -1
    outer loop
      vertex 4.34944 52.5706 0
      vertex 0 56 0
      vertex 4.56001 52.6421 0
    endloop
  endfacet
  facet normal 0 0 -1
    outer loop
      vertex 4.15 52.4722 0
      vertex 0 56 0
      vertex 4.34944 52.5706 0
    endloop
  endfacet
  facet normal 0 0 -1
    outer loop
      vertex 3.96511 52.3487 0
      vertex 0 56 0
      vertex 4.15 52.4722 0
    endloop
  endfacet
  facet normal 0 0 -1
    outer loop
      vertex 3.79792 52.2021 0
      vertex 0 56 0
      vertex 3.96511 52.3487 0
    endloop
  endfacet
  facet normal 0 0 -1
    outer loop
      vertex 3.6513 52.0349 0
      vertex 0 56 0
      vertex 3.79792 52.2021 0
    endloop
  endfacet
  facet normal 0 0 -1
    outer loop
      vertex 3.52776 51.85 0
      vertex 0 56 0
      vertex 3.6513 52.0349 0
    endloop
  endfacet
  facet normal 0 0 -1
    outer loop
      vertex 3.4294 51.6506 0
      vertex 0 56 0
      vertex 3.52776 51.85 0
    endloop
  endfacet
  facet normal 0 0 -1
    outer loop
      vertex 3.35793 51.44 0
      vertex 0 56 0
      vertex 3.4294 51.6506 0
    endloop
  endfacet
  facet normal 0 0 -1
    outer loop
      vertex 3.31454 51.2219 0
      vertex 0 56 0
      vertex 3.35793 51.44 0
    endloop
  endfacet
  facet normal 0 0 -1
    outer loop
      vertex 3.3 51 0
      vertex 0 56 0
      vertex 3.31454 51.2219 0
    endloop
  endfacet
  facet normal 0 0 -1
    outer loop
      vertex 3.31454 50.7781 0
      vertex 0 56 0
      vertex 3.3 51 0
    endloop
  endfacet
  facet normal 0 0 -1
    outer loop
      vertex 51.2219 6.68546 0
      vertex 45.6855 12.2219 0
      vertex 45.6421 12.44 0
    endloop
  endfacet
  facet normal 0 0 -1
    outer loop
      vertex 51.44 6.64207 0
      vertex 45.6421 12.44 0
      vertex 45.5706 12.6506 0
    endloop
  endfacet
  facet normal 0 0 -1
    outer loop
      vertex 51.6506 6.57059 0
      vertex 45.5706 12.6506 0
      vertex 45.3867 23.3413 0
    endloop
  endfacet
  facet normal 0 0 -1
    outer loop
      vertex 44.6298 21.1117 0
      vertex 45.5706 12.6506 0
      vertex 45.4722 12.85 0
    endloop
  endfacet
  facet normal 0 0 -1
    outer loop
      vertex 52.0349 6.3487 0
      vertex 45.3867 23.3413 0
      vertex 45.846 25.6505 0
    endloop
  endfacet
  facet normal 0 0 -1
    outer loop
      vertex 44.6298 21.1117 0
      vertex 45.4722 12.85 0
      vertex 45.3487 13.0349 0
    endloop
  endfacet
  facet normal 0 0 -1
    outer loop
      vertex 44.6298 21.1117 0
      vertex 45.3487 13.0349 0
      vertex 45.2021 13.2021 0
    endloop
  endfacet
  facet normal 0 0 -1
    outer loop
      vertex 43.5885 19 0
      vertex 45.2021 13.2021 0
      vertex 45.0349 13.3487 0
    endloop
  endfacet
  facet normal 0 0 -1
    outer loop
      vertex 43.5885 19 0
      vertex 45.0349 13.3487 0
      vertex 44.85 13.4722 0
    endloop
  endfacet
  facet normal 0 0 -1
    outer loop
      vertex 43.5885 19 0
      vertex 44.85 13.4722 0
      vertex 44.6506 13.5706 0
    endloop
  endfacet
  facet normal 0 0 -1
    outer loop
      vertex 45.5706 12.6506 0
      vertex 44.6298 21.1117 0
      vertex 45.3867 23.3413 0
    endloop
  endfacet
  facet normal 0 0 -1
    outer loop
      vertex 43.5885 19 0
      vertex 44.6506 13.5706 0
      vertex 44.44 13.6421 0
    endloop
  endfacet
  facet normal 0 0 -1
    outer loop
      vertex 42.2804 17.0423 0
      vertex 44.44 13.6421 0
      vertex 44.2219 13.6855 0
    endloop
  endfacet
  facet normal 0 0 -1
    outer loop
      vertex 42.2804 17.0423 0
      vertex 44.2219 13.6855 0
      vertex 44 13.7 0
    endloop
  endfacet
  facet normal 0 0 -1
    outer loop
      vertex 42.2804 17.0423 0
      vertex 44 13.7 0
      vertex 43.7781 13.6855 0
    endloop
  endfacet
  facet normal 0 0 -1
    outer loop
      vertex 45.2021 13.2021 0
      vertex 43.5885 19 0
      vertex 44.6298 21.1117 0
    endloop
  endfacet
  facet normal 0 0 -1
    outer loop
      vertex 42.2804 17.0423 0
      vertex 43.7781 13.6855 0
      vertex 43.56 13.6421 0
    endloop
  endfacet
  facet normal 0 0 -1
    outer loop
      vertex 42.2804 17.0423 0
      vertex 43.56 13.6421 0
      vertex 43.3494 13.5706 0
    endloop
  endfacet
  facet normal 0 0 -1
    outer loop
      vertex 40.7279 15.2721 0
      vertex 43.3494 13.5706 0
      vertex 43.15 13.4722 0
    endloop
  endfacet
  facet normal 0 0 -1
    outer loop
      vertex 40.7279 15.2721 0
      vertex 43.15 13.4722 0
      vertex 42.9651 13.3487 0
    endloop
  endfacet
  facet normal 0 0 -1
    outer loop
      vertex 40.7279 15.2721 0
      vertex 42.9651 13.3487 0
      vertex 42.7979 13.2021 0
    endloop
  endfacet
  facet normal 0 0 -1
    outer loop
      vertex 40.7279 15.2721 0
      vertex 42.7979 13.2021 0
      vertex 42.6513 13.0349 0
    endloop
  endfacet
  facet normal 0 0 -1
    outer loop
      vertex 40.7279 15.2721 0
      vertex 42.6513 13.0349 0
      vertex 42.5278 12.85 0
    endloop
  endfacet
  facet normal 0 0 -1
    outer loop
      vertex 40.7279 15.2721 0
      vertex 42.5278 12.85 0
      vertex 42.4294 12.6506 0
    endloop
  endfacet
  facet normal 0 0 -1
    outer loop
      vertex 40.7279 15.2721 0
      vertex 42.4294 12.6506 0
      vertex 42.3579 12.44 0
    endloop
  endfacet
  facet normal 0 0 -1
    outer loop
      vertex 40.7279 15.2721 0
      vertex 42.3579 12.44 0
      vertex 42.3145 12.2219 0
    endloop
  endfacet
  facet normal 0 0 -1
    outer loop
      vertex 44.44 13.6421 0
      vertex 42.2804 17.0423 0
      vertex 43.5885 19 0
    endloop
  endfacet
  facet normal 0 0 -1
    outer loop
      vertex 38.9577 13.7196 0
      vertex 42.3145 12.2219 0
      vertex 42.3 12 0
    endloop
  endfacet
  facet normal 0 -1 0
    outer loop
      vertex 0 0 0
      vertex 56 0 2.4
      vertex 0 0 2.4
    endloop
  endfacet
  facet normal 0 -1 -0
    outer loop
      vertex 56 0 2.4
      vertex 0 0 0
      vertex 56 0 0
    endloop
  endfacet
  facet normal 0 1 -0
    outer loop
      vertex 56 56 0
      vertex 0 56 2.4
      vertex 56 56 2.4
    endloop
  endfacet
  facet normal 0 1 0
    outer loop
      vertex 0 56 2.4
      vertex 56 56 0
      vertex 0 56 0
    endloop
  endfacet
  facet normal -0.831566 -0.555426 0
    outer loop
      vertex 13.4722 12.85 0
      vertex 13.3487 13.0349 2.4
      vertex 13.3487 13.0349 0
    endloop
  endfacet
  facet normal -0.831566 -0.555426 0
    outer loop
      vertex 13.3487 13.0349 2.4
      vertex 13.4722 12.85 0
      vertex 13.4722 12.85 2.4
    endloop
  endfacet
  facet normal -0.831566 -0.555426 0
    outer loop
      vertex 13.4722 12.85 2.4
      vertex 13.3487 13.0349 13.4
      vertex 13.3487 13.0349 2.4
    endloop
  endfacet
  facet normal -0.831566 -0.555426 0
    outer loop
      vertex 13.3487 13.0349 13.4
      vertex 13.4722 12.85 2.4
      vertex 13.4722 12.85 13.4
    endloop
  endfacet
  facet normal -0.321484 -0.946915 0
    outer loop
      vertex 12.44 13.6421 0
      vertex 12.6506 13.5706 2.4
      vertex 12.44 13.6421 2.4
    endloop
  endfacet
  facet normal -0.321484 -0.946915 -0
    outer loop
      vertex 12.6506 13.5706 2.4
      vertex 12.44 13.6421 0
      vertex 12.6506 13.5706 0
    endloop
  endfacet
  facet normal -0.321484 -0.946915 0
    outer loop
      vertex 12.44 13.6421 2.4
      vertex 12.6506 13.5706 13.4
      vertex 12.44 13.6421 13.4
    endloop
  endfacet
  facet normal -0.321484 -0.946915 -0
    outer loop
      vertex 12.6506 13.5706 13.4
      vertex 12.44 13.6421 2.4
      vertex 12.6506 13.5706 2.4
    endloop
  endfacet
  facet normal 0.44253 -0.896754 0
    outer loop
      vertex 11.15 13.4722 0
      vertex 11.3494 13.5706 2.4
      vertex 11.15 13.4722 2.4
    endloop
  endfacet
  facet normal 0.44253 -0.896754 0
    outer loop
      vertex 11.3494 13.5706 2.4
      vertex 11.15 13.4722 0
      vertex 11.3494 13.5706 0
    endloop
  endfacet
  facet normal 0.44253 -0.896754 0
    outer loop
      vertex 11.15 13.4722 3.3141
      vertex 11.3494 13.5706 6.34375
      vertex 11.15 13.4722 6.5141
    endloop
  endfacet
  facet normal 0.44253 -0.896754 0
    outer loop
      vertex 11.3494 13.5706 6.34375
      vertex 11.15 13.4722 3.3141
      vertex 11.3494 13.5706 3.14375
    endloop
  endfacet
  facet normal 0.946915 -0.321484 0
    outer loop
      vertex 10.3579 12.44 2.4
      vertex 10.4294 12.6506 0
      vertex 10.4294 12.6506 2.4
    endloop
  endfacet
  facet normal 0.946915 -0.321484 0
    outer loop
      vertex 10.4294 12.6506 0
      vertex 10.3579 12.44 2.4
      vertex 10.3579 12.44 0
    endloop
  endfacet
  facet normal 0.946915 -0.321484 0
    outer loop
      vertex 10.3579 12.44 5.10201
      vertex 10.4294 12.6506 7.3944
      vertex 10.3579 12.44 7.27283
    endloop
  endfacet
  facet normal 0.946915 -0.321484 0
    outer loop
      vertex 10.4294 12.6506 7.3944
      vertex 10.3579 12.44 5.10201
      vertex 10.4294 12.6506 4.7373
    endloop
  endfacet
  facet normal -0.997872 0.0652057 0
    outer loop
      vertex 13.6855 11.7781 0
      vertex 13.7 12 2.4
      vertex 13.7 12 0
    endloop
  endfacet
  facet normal -0.997872 0.0652057 0
    outer loop
      vertex 13.7 12 2.4
      vertex 13.6855 11.7781 0
      vertex 13.6855 11.7781 2.4
    endloop
  endfacet
  facet normal -0.997872 0.0652057 0
    outer loop
      vertex 13.6855 11.7781 2.4
      vertex 13.7 12 13.4
      vertex 13.7 12 2.4
    endloop
  endfacet
  facet normal -0.997872 0.0652057 0
    outer loop
      vertex 13.7 12 13.4
      vertex 13.6855 11.7781 2.4
      vertex 13.6855 11.7781 13.4
    endloop
  endfacet
  facet normal -0.44253 0.896754 0
    outer loop
      vertex 12.85 10.5278 0
      vertex 12.6506 10.4294 2.4
      vertex 12.85 10.5278 2.4
    endloop
  endfacet
  facet normal -0.44253 0.896754 0
    outer loop
      vertex 12.6506 10.4294 2.4
      vertex 12.85 10.5278 0
      vertex 12.6506 10.4294 0
    endloop
  endfacet
  facet normal 0.0652057 -0.997872 0
    outer loop
      vertex 11.7781 13.6855 0
      vertex 12 13.7 2.4
      vertex 11.7781 13.6855 2.4
    endloop
  endfacet
  facet normal 0.0652057 -0.997872 0
    outer loop
      vertex 12 13.7 2.4
      vertex 11.7781 13.6855 0
      vertex 12 13.7 0
    endloop
  endfacet
  facet normal 0.0652057 -0.997872 0
    outer loop
      vertex 11.7781 13.6855 2.4
      vertex 12 13.7 13.4
      vertex 11.7781 13.6855 13.4
    endloop
  endfacet
  facet normal 0.0652057 -0.997872 0
    outer loop
      vertex 12 13.7 13.4
      vertex 11.7781 13.6855 2.4
      vertex 12 13.7 2.4
    endloop
  endfacet
  facet normal 0.997872 -0.0652057 0
    outer loop
      vertex 10.3 12 2.4
      vertex 10.3145 12.2219 0
      vertex 10.3145 12.2219 2.4
    endloop
  endfacet
  facet normal 0.997872 -0.0652057 0
    outer loop
      vertex 10.3145 12.2219 0
      vertex 10.3 12 2.4
      vertex 10.3 12 0
    endloop
  endfacet
  facet normal 0.997872 -0.0652057 0
    outer loop
      vertex 10.3 12 5.8641
      vertex 10.3145 12.2219 7.14691
      vertex 10.3 12 7.0188
    endloop
  endfacet
  facet normal 0.997872 -0.0652057 0
    outer loop
      vertex 10.3145 12.2219 7.14691
      vertex 10.3 12 5.8641
      vertex 10.3145 12.2219 5.47977
    endloop
  endfacet
  facet normal 0.831404 -0.555669 -0.00027226
    outer loop
      vertex 10.5278 12.85 7.50955
      vertex 10.6513 13.0349 7.27161
      vertex 10.5516 12.8856 7.53013
    endloop
  endfacet
  facet normal 0.831566 -0.555426 0
    outer loop
      vertex 10.6513 13.0349 7.27161
      vertex 10.5278 12.85 7.50955
      vertex 10.5278 12.85 4.39186
    endloop
  endfacet
  facet normal 0.831566 -0.555426 0
    outer loop
      vertex 10.6513 13.0349 7.27161
      vertex 10.5278 12.85 4.39186
      vertex 10.6513 13.0349 4.07161
    endloop
  endfacet
  facet normal 0.831566 -0.555426 0
    outer loop
      vertex 10.5278 12.85 2.4
      vertex 10.6513 13.0349 0
      vertex 10.6513 13.0349 2.4
    endloop
  endfacet
  facet normal 0.831566 -0.555426 0
    outer loop
      vertex 10.6513 13.0349 0
      vertex 10.5278 12.85 2.4
      vertex 10.5278 12.85 0
    endloop
  endfacet
  facet normal 0.555426 -0.831566 0
    outer loop
      vertex 10.9651 13.3487 0
      vertex 11.15 13.4722 2.4
      vertex 10.9651 13.3487 2.4
    endloop
  endfacet
  facet normal 0.555426 -0.831566 0
    outer loop
      vertex 11.15 13.4722 2.4
      vertex 10.9651 13.3487 0
      vertex 11.15 13.4722 0
    endloop
  endfacet
  facet normal 0.555426 -0.831566 0
    outer loop
      vertex 10.9651 13.3487 3.52808
      vertex 11.15 13.4722 6.5141
      vertex 10.9651 13.3487 6.72808
    endloop
  endfacet
  facet normal 0.555426 -0.831566 0
    outer loop
      vertex 11.15 13.4722 6.5141
      vertex 10.9651 13.3487 3.52808
      vertex 11.15 13.4722 3.3141
    endloop
  endfacet
  facet normal 0.195165 -0.98077 0
    outer loop
      vertex 11.56 13.6421 0
      vertex 11.7781 13.6855 2.4
      vertex 11.56 13.6421 2.4
    endloop
  endfacet
  facet normal 0.195165 -0.98077 0
    outer loop
      vertex 11.7781 13.6855 2.4
      vertex 11.56 13.6421 0
      vertex 11.7781 13.6855 0
    endloop
  endfacet
  facet normal 0.195165 -0.98077 0
    outer loop
      vertex 11.56 13.6421 2.4
      vertex 11.7781 13.6855 13.4
      vertex 11.56 13.6421 13.4
    endloop
  endfacet
  facet normal 0.195165 -0.98077 0
    outer loop
      vertex 11.7781 13.6855 13.4
      vertex 11.56 13.6421 2.4
      vertex 11.7781 13.6855 2.4
    endloop
  endfacet
  facet normal 0.659268 -0.751908 0
    outer loop
      vertex 10.7979 13.2021 0
      vertex 10.9651 13.3487 2.4
      vertex 10.7979 13.2021 2.4
    endloop
  endfacet
  facet normal 0.659268 -0.751908 0
    outer loop
      vertex 10.9651 13.3487 2.4
      vertex 10.7979 13.2021 0
      vertex 10.9651 13.3487 0
    endloop
  endfacet
  facet normal 0.659268 -0.751908 0
    outer loop
      vertex 10.7979 13.2021 3.78204
      vertex 10.9651 13.3487 6.72808
      vertex 10.7979 13.2021 6.98204
    endloop
  endfacet
  facet normal 0.659268 -0.751908 0
    outer loop
      vertex 10.9651 13.3487 6.72808
      vertex 10.7979 13.2021 3.78204
      vertex 10.9651 13.3487 3.52808
    endloop
  endfacet
  facet normal -0.997872 -0.0652057 0
    outer loop
      vertex 13.7 12 0
      vertex 13.6855 12.2219 2.4
      vertex 13.6855 12.2219 0
    endloop
  endfacet
  facet normal -0.997872 -0.0652057 0
    outer loop
      vertex 13.6855 12.2219 2.4
      vertex 13.7 12 0
      vertex 13.7 12 2.4
    endloop
  endfacet
  facet normal -0.997872 -0.0652057 0
    outer loop
      vertex 13.7 12 2.4
      vertex 13.6855 12.2219 13.4
      vertex 13.6855 12.2219 2.4
    endloop
  endfacet
  facet normal -0.997872 -0.0652057 0
    outer loop
      vertex 13.6855 12.2219 13.4
      vertex 13.7 12 2.4
      vertex 13.7 12 13.4
    endloop
  endfacet
  facet normal -0.555426 0.831566 0
    outer loop
      vertex 13.0349 10.6513 0
      vertex 12.85 10.5278 2.4
      vertex 13.0349 10.6513 2.4
    endloop
  endfacet
  facet normal -0.555426 0.831566 0
    outer loop
      vertex 12.85 10.5278 2.4
      vertex 13.0349 10.6513 0
      vertex 12.85 10.5278 0
    endloop
  endfacet
  facet normal -0.946831 0.321732 0
    outer loop
      vertex 13.5983 11.4311 2.4
      vertex 13.6421 11.56 13.4
      vertex 13.6421 11.56 2.4
    endloop
  endfacet
  facet normal -0.946831 0.321732 0
    outer loop
      vertex 13.6421 11.56 13.4
      vertex 13.5983 11.4311 2.4
      vertex 13.5983 11.4311 13.4
    endloop
  endfacet
  facet normal -0.946915 0.321484 0
    outer loop
      vertex 13.5706 11.3494 0
      vertex 13.6421 11.56 2.4
      vertex 13.6421 11.56 0
    endloop
  endfacet
  facet normal -0.946915 0.321484 0
    outer loop
      vertex 13.6421 11.56 2.4
      vertex 13.5706 11.3494 0
      vertex 13.5706 11.3494 2.4
    endloop
  endfacet
  facet normal -0.321484 0.946915 0
    outer loop
      vertex 12.6506 10.4294 0
      vertex 12.44 10.3579 2.4
      vertex 12.6506 10.4294 2.4
    endloop
  endfacet
  facet normal -0.321484 0.946915 0
    outer loop
      vertex 12.44 10.3579 2.4
      vertex 12.6506 10.4294 0
      vertex 12.44 10.3579 0
    endloop
  endfacet
  facet normal -0.659268 -0.751908 0
    outer loop
      vertex 13.0349 13.3487 0
      vertex 13.2021 13.2021 2.4
      vertex 13.0349 13.3487 2.4
    endloop
  endfacet
  facet normal -0.659268 -0.751908 -0
    outer loop
      vertex 13.2021 13.2021 2.4
      vertex 13.0349 13.3487 0
      vertex 13.2021 13.2021 0
    endloop
  endfacet
  facet normal -0.659268 -0.751908 0
    outer loop
      vertex 13.0349 13.3487 2.4
      vertex 13.2021 13.2021 13.4
      vertex 13.0349 13.3487 13.4
    endloop
  endfacet
  facet normal -0.659268 -0.751908 -0
    outer loop
      vertex 13.2021 13.2021 13.4
      vertex 13.0349 13.3487 2.4
      vertex 13.2021 13.2021 2.4
    endloop
  endfacet
  facet normal -0.195165 -0.98077 0
    outer loop
      vertex 12.2219 13.6855 0
      vertex 12.44 13.6421 2.4
      vertex 12.2219 13.6855 2.4
    endloop
  endfacet
  facet normal -0.195165 -0.98077 -0
    outer loop
      vertex 12.44 13.6421 2.4
      vertex 12.2219 13.6855 0
      vertex 12.44 13.6421 0
    endloop
  endfacet
  facet normal -0.195165 -0.98077 0
    outer loop
      vertex 12.2219 13.6855 2.4
      vertex 12.44 13.6421 13.4
      vertex 12.2219 13.6855 13.4
    endloop
  endfacet
  facet normal -0.195165 -0.98077 -0
    outer loop
      vertex 12.44 13.6421 13.4
      vertex 12.2219 13.6855 2.4
      vertex 12.44 13.6421 2.4
    endloop
  endfacet
  facet normal -0.0652057 -0.997872 0
    outer loop
      vertex 12 13.7 0
      vertex 12.2219 13.6855 2.4
      vertex 12 13.7 2.4
    endloop
  endfacet
  facet normal -0.0652057 -0.997872 -0
    outer loop
      vertex 12.2219 13.6855 2.4
      vertex 12 13.7 0
      vertex 12.2219 13.6855 0
    endloop
  endfacet
  facet normal -0.0652057 -0.997872 0
    outer loop
      vertex 12 13.7 2.4
      vertex 12.2219 13.6855 13.4
      vertex 12 13.7 13.4
    endloop
  endfacet
  facet normal -0.0652057 -0.997872 -0
    outer loop
      vertex 12.2219 13.6855 13.4
      vertex 12 13.7 2.4
      vertex 12.2219 13.6855 2.4
    endloop
  endfacet
  facet normal -0.555426 -0.831566 0
    outer loop
      vertex 12.85 13.4722 0
      vertex 13.0349 13.3487 2.4
      vertex 12.85 13.4722 2.4
    endloop
  endfacet
  facet normal -0.555426 -0.831566 -0
    outer loop
      vertex 13.0349 13.3487 2.4
      vertex 12.85 13.4722 0
      vertex 13.0349 13.3487 0
    endloop
  endfacet
  facet normal -0.555426 -0.831566 0
    outer loop
      vertex 12.85 13.4722 2.4
      vertex 13.0349 13.3487 13.4
      vertex 12.85 13.4722 13.4
    endloop
  endfacet
  facet normal -0.555426 -0.831566 -0
    outer loop
      vertex 13.0349 13.3487 13.4
      vertex 12.85 13.4722 2.4
      vertex 13.0349 13.3487 2.4
    endloop
  endfacet
  facet normal -0.44253 -0.896754 0
    outer loop
      vertex 12.6506 13.5706 0
      vertex 12.85 13.4722 2.4
      vertex 12.6506 13.5706 2.4
    endloop
  endfacet
  facet normal -0.44253 -0.896754 -0
    outer loop
      vertex 12.85 13.4722 2.4
      vertex 12.6506 13.5706 0
      vertex 12.85 13.4722 0
    endloop
  endfacet
  facet normal -0.44253 -0.896754 0
    outer loop
      vertex 12.6506 13.5706 2.4
      vertex 12.85 13.4722 13.4
      vertex 12.6506 13.5706 13.4
    endloop
  endfacet
  facet normal -0.44253 -0.896754 -0
    outer loop
      vertex 12.85 13.4722 13.4
      vertex 12.6506 13.5706 2.4
      vertex 12.85 13.4722 2.4
    endloop
  endfacet
  facet normal 0.997872 0.0652057 0
    outer loop
      vertex 10.3145 11.7781 2.4
      vertex 10.3 12 0
      vertex 10.3 12 2.4
    endloop
  endfacet
  facet normal 0.997872 0.0652057 0
    outer loop
      vertex 10.3 12 0
      vertex 10.3145 11.7781 2.4
      vertex 10.3145 11.7781 0
    endloop
  endfacet
  facet normal 0.997872 0.0652057 -0
    outer loop
      vertex 10.3145 11.7781 6.24844
      vertex 10.3 12 7.0188
      vertex 10.3145 11.7781 6.89069
    endloop
  endfacet
  facet normal 0.997872 0.0652057 0
    outer loop
      vertex 10.3 12 7.0188
      vertex 10.3145 11.7781 6.24844
      vertex 10.3 12 5.8641
    endloop
  endfacet
  facet normal 0.98077 -0.195165 0
    outer loop
      vertex 10.3145 12.2219 2.4
      vertex 10.3579 12.44 0
      vertex 10.3579 12.44 2.4
    endloop
  endfacet
  facet normal 0.98077 -0.195165 0
    outer loop
      vertex 10.3579 12.44 0
      vertex 10.3145 12.2219 2.4
      vertex 10.3145 12.2219 0
    endloop
  endfacet
  facet normal 0.98077 -0.195165 0
    outer loop
      vertex 10.3145 12.2219 5.47977
      vertex 10.3579 12.44 7.27283
      vertex 10.3145 12.2219 7.14691
    endloop
  endfacet
  facet normal 0.98077 -0.195165 0
    outer loop
      vertex 10.3579 12.44 7.27283
      vertex 10.3145 12.2219 5.47977
      vertex 10.3579 12.44 5.10201
    endloop
  endfacet
  facet normal 0.896754 -0.44253 0
    outer loop
      vertex 10.4294 12.6506 2.4
      vertex 10.5278 12.85 0
      vertex 10.5278 12.85 2.4
    endloop
  endfacet
  facet normal 0.896754 -0.44253 0
    outer loop
      vertex 10.5278 12.85 0
      vertex 10.4294 12.6506 2.4
      vertex 10.4294 12.6506 0
    endloop
  endfacet
  facet normal 0.896754 -0.44253 0
    outer loop
      vertex 10.4294 12.6506 4.7373
      vertex 10.5278 12.85 7.50955
      vertex 10.4294 12.6506 7.3944
    endloop
  endfacet
  facet normal 0.896754 -0.44253 0
    outer loop
      vertex 10.5278 12.85 7.50955
      vertex 10.4294 12.6506 4.7373
      vertex 10.5278 12.85 4.39186
    endloop
  endfacet
  facet normal 0.321092 -0.947048 0
    outer loop
      vertex 11.3494 13.5706 6.34375
      vertex 11.3494 13.5706 3.14375
      vertex 11.4311 13.5983 6.29576
    endloop
  endfacet
  facet normal 0.321732 -0.946831 0
    outer loop
      vertex 11.4311 13.5983 6.29576
      vertex 11.56 13.6421 13.4
      vertex 11.4311 13.5983 13.4
    endloop
  endfacet
  facet normal 0.321092 -0.947048 0
    outer loop
      vertex 11.4311 13.5983 3.09577
      vertex 11.4311 13.5983 6.29576
      vertex 11.3494 13.5706 3.14375
    endloop
  endfacet
  facet normal 0.321732 -0.946831 0
    outer loop
      vertex 11.56 13.6421 2.4
      vertex 11.4311 13.5983 6.29576
      vertex 11.4311 13.5983 3.09577
    endloop
  endfacet
  facet normal 0.321732 -0.946831 0
    outer loop
      vertex 11.56 13.6421 2.4
      vertex 11.4311 13.5983 3.09577
      vertex 11.4311 13.5983 2.4
    endloop
  endfacet
  facet normal 0.321732 -0.946831 0
    outer loop
      vertex 11.4311 13.5983 6.29576
      vertex 11.56 13.6421 2.4
      vertex 11.56 13.6421 13.4
    endloop
  endfacet
  facet normal 0.321484 -0.946915 0
    outer loop
      vertex 11.3494 13.5706 0
      vertex 11.56 13.6421 2.4
      vertex 11.3494 13.5706 2.4
    endloop
  endfacet
  facet normal 0.321484 -0.946915 0
    outer loop
      vertex 11.56 13.6421 2.4
      vertex 11.3494 13.5706 0
      vertex 11.56 13.6421 0
    endloop
  endfacet
  facet normal 0.751908 -0.659268 0
    outer loop
      vertex 10.6513 13.0349 2.4
      vertex 10.7979 13.2021 0
      vertex 10.7979 13.2021 2.4
    endloop
  endfacet
  facet normal 0.751908 -0.659268 0
    outer loop
      vertex 10.7979 13.2021 0
      vertex 10.6513 13.0349 2.4
      vertex 10.6513 13.0349 0
    endloop
  endfacet
  facet normal 0.751908 -0.659268 0
    outer loop
      vertex 10.6513 13.0349 4.07161
      vertex 10.7979 13.2021 6.98204
      vertex 10.6513 13.0349 7.27161
    endloop
  endfacet
  facet normal 0.751908 -0.659268 0
    outer loop
      vertex 10.7979 13.2021 6.98204
      vertex 10.6513 13.0349 4.07161
      vertex 10.7979 13.2021 3.78204
    endloop
  endfacet
  facet normal -0.98077 0.195165 0
    outer loop
      vertex 13.6421 11.56 0
      vertex 13.6855 11.7781 2.4
      vertex 13.6855 11.7781 0
    endloop
  endfacet
  facet normal -0.98077 0.195165 0
    outer loop
      vertex 13.6855 11.7781 2.4
      vertex 13.6421 11.56 0
      vertex 13.6421 11.56 2.4
    endloop
  endfacet
  facet normal -0.98077 0.195165 0
    outer loop
      vertex 13.6421 11.56 2.4
      vertex 13.6855 11.7781 13.4
      vertex 13.6855 11.7781 2.4
    endloop
  endfacet
  facet normal -0.98077 0.195165 0
    outer loop
      vertex 13.6855 11.7781 13.4
      vertex 13.6421 11.56 2.4
      vertex 13.6421 11.56 13.4
    endloop
  endfacet
  facet normal -0.831566 0.555426 0
    outer loop
      vertex 13.3487 10.9651 0
      vertex 13.4722 11.15 2.4
      vertex 13.4722 11.15 0
    endloop
  endfacet
  facet normal -0.831566 0.555426 0
    outer loop
      vertex 13.4722 11.15 2.4
      vertex 13.3487 10.9651 0
      vertex 13.3487 10.9651 2.4
    endloop
  endfacet
  facet normal -0.896754 0.44253 0
    outer loop
      vertex 13.4722 11.15 0
      vertex 13.5706 11.3494 2.4
      vertex 13.5706 11.3494 0
    endloop
  endfacet
  facet normal -0.896754 0.44253 0
    outer loop
      vertex 13.5706 11.3494 2.4
      vertex 13.4722 11.15 0
      vertex 13.4722 11.15 2.4
    endloop
  endfacet
  facet normal 0.98077 0.195165 0
    outer loop
      vertex 10.3579 11.56 2.4
      vertex 10.3145 11.7781 0
      vertex 10.3145 11.7781 2.4
    endloop
  endfacet
  facet normal 0.98077 0.195165 0
    outer loop
      vertex 10.3145 11.7781 0
      vertex 10.3579 11.56 2.4
      vertex 10.3579 11.56 0
    endloop
  endfacet
  facet normal 0.98077 0.195165 -0
    outer loop
      vertex 10.3579 11.56 6.62619
      vertex 10.3145 11.7781 6.89069
      vertex 10.3579 11.56 6.76477
    endloop
  endfacet
  facet normal 0.98077 0.195165 0
    outer loop
      vertex 10.3145 11.7781 6.89069
      vertex 10.3579 11.56 6.62619
      vertex 10.3145 11.7781 6.24844
    endloop
  endfacet
  facet normal 0.946773 0.321903 0
    outer loop
      vertex 10.3579 11.56 6.76477
      vertex 10.3783 11.5 6.73013
      vertex 10.3579 11.56 6.62619
    endloop
  endfacet
  facet normal 0.946915 0.321484 0
    outer loop
      vertex 10.4294 11.3494 2.4
      vertex 10.3579 11.56 0
      vertex 10.3579 11.56 2.4
    endloop
  endfacet
  facet normal 0.946915 0.321484 0
    outer loop
      vertex 10.3579 11.56 0
      vertex 10.4294 11.3494 2.4
      vertex 10.4294 11.3494 0
    endloop
  endfacet
  facet normal 0.831566 0.555426 0
    outer loop
      vertex 10.6513 10.9651 2.4
      vertex 10.5278 11.15 0
      vertex 10.5278 11.15 2.4
    endloop
  endfacet
  facet normal 0.831566 0.555426 0
    outer loop
      vertex 10.5278 11.15 0
      vertex 10.6513 10.9651 2.4
      vertex 10.6513 10.9651 0
    endloop
  endfacet
  facet normal -0.195165 0.98077 0
    outer loop
      vertex 12.44 10.3579 0
      vertex 12.2219 10.3145 2.4
      vertex 12.44 10.3579 2.4
    endloop
  endfacet
  facet normal -0.195165 0.98077 0
    outer loop
      vertex 12.2219 10.3145 2.4
      vertex 12.44 10.3579 0
      vertex 12.2219 10.3145 0
    endloop
  endfacet
  facet normal -0.896754 -0.44253 0
    outer loop
      vertex 13.5706 12.6506 0
      vertex 13.4722 12.85 2.4
      vertex 13.4722 12.85 0
    endloop
  endfacet
  facet normal -0.896754 -0.44253 0
    outer loop
      vertex 13.4722 12.85 2.4
      vertex 13.5706 12.6506 0
      vertex 13.5706 12.6506 2.4
    endloop
  endfacet
  facet normal -0.896754 -0.44253 0
    outer loop
      vertex 13.5706 12.6506 2.4
      vertex 13.4722 12.85 13.4
      vertex 13.4722 12.85 2.4
    endloop
  endfacet
  facet normal -0.896754 -0.44253 0
    outer loop
      vertex 13.4722 12.85 13.4
      vertex 13.5706 12.6506 2.4
      vertex 13.5706 12.6506 13.4
    endloop
  endfacet
  facet normal -0.946915 -0.321484 0
    outer loop
      vertex 13.6421 12.44 0
      vertex 13.5706 12.6506 2.4
      vertex 13.5706 12.6506 0
    endloop
  endfacet
  facet normal -0.946915 -0.321484 0
    outer loop
      vertex 13.5706 12.6506 2.4
      vertex 13.6421 12.44 0
      vertex 13.6421 12.44 2.4
    endloop
  endfacet
  facet normal -0.946915 -0.321484 0
    outer loop
      vertex 13.6421 12.44 2.4
      vertex 13.5706 12.6506 13.4
      vertex 13.5706 12.6506 2.4
    endloop
  endfacet
  facet normal -0.946915 -0.321484 0
    outer loop
      vertex 13.5706 12.6506 13.4
      vertex 13.6421 12.44 2.4
      vertex 13.6421 12.44 13.4
    endloop
  endfacet
  facet normal -0.98077 -0.195165 0
    outer loop
      vertex 13.6855 12.2219 0
      vertex 13.6421 12.44 2.4
      vertex 13.6421 12.44 0
    endloop
  endfacet
  facet normal -0.98077 -0.195165 0
    outer loop
      vertex 13.6421 12.44 2.4
      vertex 13.6855 12.2219 0
      vertex 13.6855 12.2219 2.4
    endloop
  endfacet
  facet normal -0.98077 -0.195165 0
    outer loop
      vertex 13.6855 12.2219 2.4
      vertex 13.6421 12.44 13.4
      vertex 13.6421 12.44 2.4
    endloop
  endfacet
  facet normal -0.98077 -0.195165 0
    outer loop
      vertex 13.6421 12.44 13.4
      vertex 13.6855 12.2219 2.4
      vertex 13.6855 12.2219 13.4
    endloop
  endfacet
  facet normal -0.751908 -0.659268 0
    outer loop
      vertex 13.3487 13.0349 0
      vertex 13.2021 13.2021 2.4
      vertex 13.2021 13.2021 0
    endloop
  endfacet
  facet normal -0.751908 -0.659268 0
    outer loop
      vertex 13.2021 13.2021 2.4
      vertex 13.3487 13.0349 0
      vertex 13.3487 13.0349 2.4
    endloop
  endfacet
  facet normal -0.751908 -0.659268 0
    outer loop
      vertex 13.3487 13.0349 2.4
      vertex 13.2021 13.2021 13.4
      vertex 13.2021 13.2021 2.4
    endloop
  endfacet
  facet normal -0.751908 -0.659268 0
    outer loop
      vertex 13.2021 13.2021 13.4
      vertex 13.3487 13.0349 2.4
      vertex 13.3487 13.0349 13.4
    endloop
  endfacet
  facet normal -0.0652057 0.997872 0
    outer loop
      vertex 12.2219 10.3145 0
      vertex 12 10.3 2.4
      vertex 12.2219 10.3145 2.4
    endloop
  endfacet
  facet normal -0.0652057 0.997872 0
    outer loop
      vertex 12 10.3 2.4
      vertex 12.2219 10.3145 0
      vertex 12 10.3 0
    endloop
  endfacet
  facet normal 0.321484 0.946915 -0
    outer loop
      vertex 11.56 10.3579 0
      vertex 11.3494 10.4294 2.4
      vertex 11.56 10.3579 2.4
    endloop
  endfacet
  facet normal 0.321484 0.946915 0
    outer loop
      vertex 11.3494 10.4294 2.4
      vertex 11.56 10.3579 0
      vertex 11.3494 10.4294 0
    endloop
  endfacet
  facet normal 0.896754 0.44253 0
    outer loop
      vertex 10.5278 11.15 2.4
      vertex 10.4294 11.3494 0
      vertex 10.4294 11.3494 2.4
    endloop
  endfacet
  facet normal 0.896754 0.44253 0
    outer loop
      vertex 10.4294 11.3494 0
      vertex 10.5278 11.15 2.4
      vertex 10.5278 11.15 0
    endloop
  endfacet
  facet normal -0.659268 0.751908 0
    outer loop
      vertex 13.2021 10.7979 0
      vertex 13.0349 10.6513 2.4
      vertex 13.2021 10.7979 2.4
    endloop
  endfacet
  facet normal -0.659268 0.751908 0
    outer loop
      vertex 13.0349 10.6513 2.4
      vertex 13.2021 10.7979 0
      vertex 13.0349 10.6513 0
    endloop
  endfacet
  facet normal -0.751908 0.659268 0
    outer loop
      vertex 13.2021 10.7979 0
      vertex 13.3487 10.9651 2.4
      vertex 13.3487 10.9651 0
    endloop
  endfacet
  facet normal -0.751908 0.659268 0
    outer loop
      vertex 13.3487 10.9651 2.4
      vertex 13.2021 10.7979 0
      vertex 13.2021 10.7979 2.4
    endloop
  endfacet
  facet normal 0.555426 0.831566 -0
    outer loop
      vertex 11.15 10.5278 0
      vertex 10.9651 10.6513 2.4
      vertex 11.15 10.5278 2.4
    endloop
  endfacet
  facet normal 0.555426 0.831566 0
    outer loop
      vertex 10.9651 10.6513 2.4
      vertex 11.15 10.5278 0
      vertex 10.9651 10.6513 0
    endloop
  endfacet
  facet normal 0.195165 0.98077 -0
    outer loop
      vertex 11.7781 10.3145 0
      vertex 11.56 10.3579 2.4
      vertex 11.7781 10.3145 2.4
    endloop
  endfacet
  facet normal 0.195165 0.98077 0
    outer loop
      vertex 11.56 10.3579 2.4
      vertex 11.7781 10.3145 0
      vertex 11.56 10.3579 0
    endloop
  endfacet
  facet normal 0.659268 0.751908 -0
    outer loop
      vertex 10.9651 10.6513 0
      vertex 10.7979 10.7979 2.4
      vertex 10.9651 10.6513 2.4
    endloop
  endfacet
  facet normal 0.659268 0.751908 0
    outer loop
      vertex 10.7979 10.7979 2.4
      vertex 10.9651 10.6513 0
      vertex 10.7979 10.7979 0
    endloop
  endfacet
  facet normal 0.751908 0.659268 0
    outer loop
      vertex 10.7979 10.7979 2.4
      vertex 10.6513 10.9651 0
      vertex 10.6513 10.9651 2.4
    endloop
  endfacet
  facet normal 0.751908 0.659268 0
    outer loop
      vertex 10.6513 10.9651 0
      vertex 10.7979 10.7979 2.4
      vertex 10.7979 10.7979 0
    endloop
  endfacet
  facet normal 0.0652057 0.997872 -0
    outer loop
      vertex 12 10.3 0
      vertex 11.7781 10.3145 2.4
      vertex 12 10.3 2.4
    endloop
  endfacet
  facet normal 0.0652057 0.997872 0
    outer loop
      vertex 11.7781 10.3145 2.4
      vertex 12 10.3 0
      vertex 11.7781 10.3145 0
    endloop
  endfacet
  facet normal 0.44253 0.896754 -0
    outer loop
      vertex 11.3494 10.4294 0
      vertex 11.15 10.5278 2.4
      vertex 11.3494 10.4294 2.4
    endloop
  endfacet
  facet normal 0.44253 0.896754 0
    outer loop
      vertex 11.15 10.5278 2.4
      vertex 11.3494 10.4294 0
      vertex 11.15 10.5278 0
    endloop
  endfacet
  facet normal -0.997872 -0.0652057 0
    outer loop
      vertex 45.7 12 0
      vertex 45.6855 12.2219 2.4
      vertex 45.6855 12.2219 0
    endloop
  endfacet
  facet normal -0.997872 -0.0652057 0
    outer loop
      vertex 45.6855 12.2219 2.4
      vertex 45.7 12 0
      vertex 45.7 12 2.4
    endloop
  endfacet
  facet normal -0.997872 -0.0652057 0
    outer loop
      vertex 45.7 12 5.8641
      vertex 45.6855 12.2219 7.14691
      vertex 45.6855 12.2219 5.47977
    endloop
  endfacet
  facet normal -0.997872 -0.0652057 0
    outer loop
      vertex 45.6855 12.2219 7.14691
      vertex 45.7 12 5.8641
      vertex 45.7 12 7.0188
    endloop
  endfacet
  facet normal 0.0652057 -0.997872 0
    outer loop
      vertex 43.7781 13.6855 0
      vertex 44 13.7 2.4
      vertex 43.7781 13.6855 2.4
    endloop
  endfacet
  facet normal 0.0652057 -0.997872 0
    outer loop
      vertex 44 13.7 2.4
      vertex 43.7781 13.6855 0
      vertex 44 13.7 0
    endloop
  endfacet
  facet normal 0.0652057 -0.997872 0
    outer loop
      vertex 43.7781 13.6855 2.4
      vertex 44 13.7 13.4
      vertex 43.7781 13.6855 13.4
    endloop
  endfacet
  facet normal 0.0652057 -0.997872 0
    outer loop
      vertex 44 13.7 13.4
      vertex 43.7781 13.6855 2.4
      vertex 44 13.7 2.4
    endloop
  endfacet
  facet normal -0.0652057 0.997872 0
    outer loop
      vertex 44.2219 10.3145 0
      vertex 44 10.3 2.4
      vertex 44.2219 10.3145 2.4
    endloop
  endfacet
  facet normal -0.0652057 0.997872 0
    outer loop
      vertex 44 10.3 2.4
      vertex 44.2219 10.3145 0
      vertex 44 10.3 0
    endloop
  endfacet
  facet normal -0.751908 0.659268 0
    outer loop
      vertex 45.2021 10.7979 0
      vertex 45.3487 10.9651 2.4
      vertex 45.3487 10.9651 0
    endloop
  endfacet
  facet normal -0.751908 0.659268 0
    outer loop
      vertex 45.3487 10.9651 2.4
      vertex 45.2021 10.7979 0
      vertex 45.2021 10.7979 2.4
    endloop
  endfacet
  facet normal -0.659268 -0.751908 0
    outer loop
      vertex 45.0349 13.3487 0
      vertex 45.2021 13.2021 2.4
      vertex 45.0349 13.3487 2.4
    endloop
  endfacet
  facet normal -0.659268 -0.751908 -0
    outer loop
      vertex 45.2021 13.2021 2.4
      vertex 45.0349 13.3487 0
      vertex 45.2021 13.2021 0
    endloop
  endfacet
  facet normal -0.659268 -0.751908 0
    outer loop
      vertex 45.0349 13.3487 6.72808
      vertex 45.2021 13.2021 3.78204
      vertex 45.2021 13.2021 6.98204
    endloop
  endfacet
  facet normal -0.659268 -0.751908 0
    outer loop
      vertex 45.2021 13.2021 3.78204
      vertex 45.0349 13.3487 6.72808
      vertex 45.0349 13.3487 3.52808
    endloop
  endfacet
  facet normal 0.751908 -0.659268 0
    outer loop
      vertex 42.6513 13.0349 2.4
      vertex 42.7979 13.2021 0
      vertex 42.7979 13.2021 2.4
    endloop
  endfacet
  facet normal 0.751908 -0.659268 0
    outer loop
      vertex 42.7979 13.2021 0
      vertex 42.6513 13.0349 2.4
      vertex 42.6513 13.0349 0
    endloop
  endfacet
  facet normal 0.751908 -0.659268 0
    outer loop
      vertex 42.6513 13.0349 13.4
      vertex 42.7979 13.2021 2.4
      vertex 42.7979 13.2021 13.4
    endloop
  endfacet
  facet normal 0.751908 -0.659268 0
    outer loop
      vertex 42.7979 13.2021 2.4
      vertex 42.6513 13.0349 13.4
      vertex 42.6513 13.0349 2.4
    endloop
  endfacet
  facet normal 0.44253 -0.896754 0
    outer loop
      vertex 43.15 13.4722 0
      vertex 43.3494 13.5706 2.4
      vertex 43.15 13.4722 2.4
    endloop
  endfacet
  facet normal 0.44253 -0.896754 0
    outer loop
      vertex 43.3494 13.5706 2.4
      vertex 43.15 13.4722 0
      vertex 43.3494 13.5706 0
    endloop
  endfacet
  facet normal 0.44253 -0.896754 0
    outer loop
      vertex 43.15 13.4722 2.4
      vertex 43.3494 13.5706 13.4
      vertex 43.15 13.4722 13.4
    endloop
  endfacet
  facet normal 0.44253 -0.896754 0
    outer loop
      vertex 43.3494 13.5706 13.4
      vertex 43.15 13.4722 2.4
      vertex 43.3494 13.5706 2.4
    endloop
  endfacet
  facet normal -0.896754 -0.44253 0
    outer loop
      vertex 45.5706 12.6506 0
      vertex 45.4722 12.85 2.4
      vertex 45.4722 12.85 0
    endloop
  endfacet
  facet normal -0.896754 -0.44253 0
    outer loop
      vertex 45.4722 12.85 2.4
      vertex 45.5706 12.6506 0
      vertex 45.5706 12.6506 2.4
    endloop
  endfacet
  facet normal -0.896754 -0.44253 0
    outer loop
      vertex 45.5706 12.6506 4.7373
      vertex 45.4722 12.85 7.50955
      vertex 45.4722 12.85 4.39186
    endloop
  endfacet
  facet normal -0.896754 -0.44253 0
    outer loop
      vertex 45.4722 12.85 7.50955
      vertex 45.5706 12.6506 4.7373
      vertex 45.5706 12.6506 7.3944
    endloop
  endfacet
  facet normal -0.98077 -0.195165 0
    outer loop
      vertex 45.6855 12.2219 0
      vertex 45.6421 12.44 2.4
      vertex 45.6421 12.44 0
    endloop
  endfacet
  facet normal -0.98077 -0.195165 0
    outer loop
      vertex 45.6421 12.44 2.4
      vertex 45.6855 12.2219 0
      vertex 45.6855 12.2219 2.4
    endloop
  endfacet
  facet normal -0.98077 -0.195165 0
    outer loop
      vertex 45.6855 12.2219 5.47977
      vertex 45.6421 12.44 7.27283
      vertex 45.6421 12.44 5.10201
    endloop
  endfacet
  facet normal -0.98077 -0.195165 0
    outer loop
      vertex 45.6421 12.44 7.27283
      vertex 45.6855 12.2219 5.47977
      vertex 45.6855 12.2219 7.14691
    endloop
  endfacet
  facet normal -0.831566 -0.555426 0
    outer loop
      vertex 45.4722 12.85 4.39186
      vertex 45.3487 13.0349 7.27161
      vertex 45.3487 13.0349 4.07161
    endloop
  endfacet
  facet normal -0.831566 -0.555426 -0
    outer loop
      vertex 45.4722 12.85 7.50955
      vertex 45.3487 13.0349 7.27161
      vertex 45.4722 12.85 4.39186
    endloop
  endfacet
  facet normal -0.831404 -0.555669 -0.00027226
    outer loop
      vertex 45.3487 13.0349 7.27161
      vertex 45.4722 12.85 7.50955
      vertex 45.4484 12.8856 7.53013
    endloop
  endfacet
  facet normal -0.831566 -0.555426 0
    outer loop
      vertex 45.4722 12.85 0
      vertex 45.3487 13.0349 2.4
      vertex 45.3487 13.0349 0
    endloop
  endfacet
  facet normal -0.831566 -0.555426 0
    outer loop
      vertex 45.3487 13.0349 2.4
      vertex 45.4722 12.85 0
      vertex 45.4722 12.85 2.4
    endloop
  endfacet
  facet normal -0.321732 -0.946831 0
    outer loop
      vertex 44.44 13.6421 13.4
      vertex 44.5689 13.5983 6.29577
      vertex 44.5689 13.5983 13.4
    endloop
  endfacet
  facet normal -0.321092 -0.947048 -0
    outer loop
      vertex 44.5689 13.5983 6.29577
      vertex 44.5689 13.5983 3.09577
      vertex 44.6506 13.5706 3.14375
    endloop
  endfacet
  facet normal -0.321732 -0.946831 0
    outer loop
      vertex 44.44 13.6421 2.4
      vertex 44.5689 13.5983 6.29577
      vertex 44.44 13.6421 13.4
    endloop
  endfacet
  facet normal -0.321732 -0.946831 -0
    outer loop
      vertex 44.5689 13.5983 6.29577
      vertex 44.44 13.6421 2.4
      vertex 44.5689 13.5983 3.09577
    endloop
  endfacet
  facet normal -0.321732 -0.946831 -0
    outer loop
      vertex 44.5689 13.5983 3.09577
      vertex 44.44 13.6421 2.4
      vertex 44.5689 13.5983 2.4
    endloop
  endfacet
  facet normal -0.321092 -0.947048 -0
    outer loop
      vertex 44.6506 13.5706 6.34375
      vertex 44.5689 13.5983 6.29577
      vertex 44.6506 13.5706 3.14375
    endloop
  endfacet
  facet normal -0.321484 -0.946915 0
    outer loop
      vertex 44.44 13.6421 0
      vertex 44.6506 13.5706 2.4
      vertex 44.44 13.6421 2.4
    endloop
  endfacet
  facet normal -0.321484 -0.946915 -0
    outer loop
      vertex 44.6506 13.5706 2.4
      vertex 44.44 13.6421 0
      vertex 44.6506 13.5706 0
    endloop
  endfacet
  facet normal -0.44253 -0.896754 0
    outer loop
      vertex 44.6506 13.5706 0
      vertex 44.85 13.4722 2.4
      vertex 44.6506 13.5706 2.4
    endloop
  endfacet
  facet normal -0.44253 -0.896754 -0
    outer loop
      vertex 44.85 13.4722 2.4
      vertex 44.6506 13.5706 0
      vertex 44.85 13.4722 0
    endloop
  endfacet
  facet normal -0.44253 -0.896754 0
    outer loop
      vertex 44.6506 13.5706 6.34375
      vertex 44.85 13.4722 3.3141
      vertex 44.85 13.4722 6.5141
    endloop
  endfacet
  facet normal -0.44253 -0.896754 0
    outer loop
      vertex 44.85 13.4722 3.3141
      vertex 44.6506 13.5706 6.34375
      vertex 44.6506 13.5706 3.14375
    endloop
  endfacet
  facet normal 0.946915 -0.321484 0
    outer loop
      vertex 42.3579 12.44 2.4
      vertex 42.4294 12.6506 0
      vertex 42.4294 12.6506 2.4
    endloop
  endfacet
  facet normal 0.946915 -0.321484 0
    outer loop
      vertex 42.4294 12.6506 0
      vertex 42.3579 12.44 2.4
      vertex 42.3579 12.44 0
    endloop
  endfacet
  facet normal 0.946915 -0.321484 0
    outer loop
      vertex 42.3579 12.44 13.4
      vertex 42.4294 12.6506 2.4
      vertex 42.4294 12.6506 13.4
    endloop
  endfacet
  facet normal 0.946915 -0.321484 0
    outer loop
      vertex 42.4294 12.6506 2.4
      vertex 42.3579 12.44 13.4
      vertex 42.3579 12.44 2.4
    endloop
  endfacet
  facet normal 0.555426 -0.831566 0
    outer loop
      vertex 42.9651 13.3487 0
      vertex 43.15 13.4722 2.4
      vertex 42.9651 13.3487 2.4
    endloop
  endfacet
  facet normal 0.555426 -0.831566 0
    outer loop
      vertex 43.15 13.4722 2.4
      vertex 42.9651 13.3487 0
      vertex 43.15 13.4722 0
    endloop
  endfacet
  facet normal 0.555426 -0.831566 0
    outer loop
      vertex 42.9651 13.3487 2.4
      vertex 43.15 13.4722 13.4
      vertex 42.9651 13.3487 13.4
    endloop
  endfacet
  facet normal 0.555426 -0.831566 0
    outer loop
      vertex 43.15 13.4722 13.4
      vertex 42.9651 13.3487 2.4
      vertex 43.15 13.4722 2.4
    endloop
  endfacet
  facet normal 0.195165 -0.98077 0
    outer loop
      vertex 43.56 13.6421 0
      vertex 43.7781 13.6855 2.4
      vertex 43.56 13.6421 2.4
    endloop
  endfacet
  facet normal 0.195165 -0.98077 0
    outer loop
      vertex 43.7781 13.6855 2.4
      vertex 43.56 13.6421 0
      vertex 43.7781 13.6855 0
    endloop
  endfacet
  facet normal 0.195165 -0.98077 0
    outer loop
      vertex 43.56 13.6421 2.4
      vertex 43.7781 13.6855 13.4
      vertex 43.56 13.6421 13.4
    endloop
  endfacet
  facet normal 0.195165 -0.98077 0
    outer loop
      vertex 43.7781 13.6855 13.4
      vertex 43.56 13.6421 2.4
      vertex 43.7781 13.6855 2.4
    endloop
  endfacet
  facet normal -0.195165 0.98077 0
    outer loop
      vertex 44.44 10.3579 0
      vertex 44.2219 10.3145 2.4
      vertex 44.44 10.3579 2.4
    endloop
  endfacet
  facet normal -0.195165 0.98077 0
    outer loop
      vertex 44.2219 10.3145 2.4
      vertex 44.44 10.3579 0
      vertex 44.2219 10.3145 0
    endloop
  endfacet
  facet normal -0.946915 -0.321484 0
    outer loop
      vertex 45.6421 12.44 0
      vertex 45.5706 12.6506 2.4
      vertex 45.5706 12.6506 0
    endloop
  endfacet
  facet normal -0.946915 -0.321484 0
    outer loop
      vertex 45.5706 12.6506 2.4
      vertex 45.6421 12.44 0
      vertex 45.6421 12.44 2.4
    endloop
  endfacet
  facet normal -0.946915 -0.321484 0
    outer loop
      vertex 45.6421 12.44 5.10201
      vertex 45.5706 12.6506 7.3944
      vertex 45.5706 12.6506 4.7373
    endloop
  endfacet
  facet normal -0.946915 -0.321484 0
    outer loop
      vertex 45.5706 12.6506 7.3944
      vertex 45.6421 12.44 5.10201
      vertex 45.6421 12.44 7.27283
    endloop
  endfacet
  facet normal -0.751908 -0.659268 0
    outer loop
      vertex 45.3487 13.0349 0
      vertex 45.2021 13.2021 2.4
      vertex 45.2021 13.2021 0
    endloop
  endfacet
  facet normal -0.751908 -0.659268 0
    outer loop
      vertex 45.2021 13.2021 2.4
      vertex 45.3487 13.0349 0
      vertex 45.3487 13.0349 2.4
    endloop
  endfacet
  facet normal -0.751908 -0.659268 0
    outer loop
      vertex 45.3487 13.0349 4.07161
      vertex 45.2021 13.2021 6.98204
      vertex 45.2021 13.2021 3.78204
    endloop
  endfacet
  facet normal -0.751908 -0.659268 0
    outer loop
      vertex 45.2021 13.2021 6.98204
      vertex 45.3487 13.0349 4.07161
      vertex 45.3487 13.0349 7.27161
    endloop
  endfacet
  facet normal -0.195165 -0.98077 0
    outer loop
      vertex 44.2219 13.6855 0
      vertex 44.44 13.6421 2.4
      vertex 44.2219 13.6855 2.4
    endloop
  endfacet
  facet normal -0.195165 -0.98077 -0
    outer loop
      vertex 44.44 13.6421 2.4
      vertex 44.2219 13.6855 0
      vertex 44.44 13.6421 0
    endloop
  endfacet
  facet normal -0.195165 -0.98077 0
    outer loop
      vertex 44.2219 13.6855 2.4
      vertex 44.44 13.6421 13.4
      vertex 44.2219 13.6855 13.4
    endloop
  endfacet
  facet normal -0.195165 -0.98077 -0
    outer loop
      vertex 44.44 13.6421 13.4
      vertex 44.2219 13.6855 2.4
      vertex 44.44 13.6421 2.4
    endloop
  endfacet
  facet normal -0.0652057 -0.997872 0
    outer loop
      vertex 44 13.7 0
      vertex 44.2219 13.6855 2.4
      vertex 44 13.7 2.4
    endloop
  endfacet
  facet normal -0.0652057 -0.997872 -0
    outer loop
      vertex 44.2219 13.6855 2.4
      vertex 44 13.7 0
      vertex 44.2219 13.6855 0
    endloop
  endfacet
  facet normal -0.0652057 -0.997872 0
    outer loop
      vertex 44 13.7 2.4
      vertex 44.2219 13.6855 13.4
      vertex 44 13.7 13.4
    endloop
  endfacet
  facet normal -0.0652057 -0.997872 -0
    outer loop
      vertex 44.2219 13.6855 13.4
      vertex 44 13.7 2.4
      vertex 44.2219 13.6855 2.4
    endloop
  endfacet
  facet normal -0.555426 -0.831566 0
    outer loop
      vertex 44.85 13.4722 0
      vertex 45.0349 13.3487 2.4
      vertex 44.85 13.4722 2.4
    endloop
  endfacet
  facet normal -0.555426 -0.831566 -0
    outer loop
      vertex 45.0349 13.3487 2.4
      vertex 44.85 13.4722 0
      vertex 45.0349 13.3487 0
    endloop
  endfacet
  facet normal -0.555426 -0.831566 0
    outer loop
      vertex 44.85 13.4722 6.5141
      vertex 45.0349 13.3487 3.52808
      vertex 45.0349 13.3487 6.72808
    endloop
  endfacet
  facet normal -0.555426 -0.831566 0
    outer loop
      vertex 45.0349 13.3487 3.52808
      vertex 44.85 13.4722 6.5141
      vertex 44.85 13.4722 3.3141
    endloop
  endfacet
  facet normal 0.896754 -0.44253 0
    outer loop
      vertex 42.4294 12.6506 2.4
      vertex 42.5278 12.85 0
      vertex 42.5278 12.85 2.4
    endloop
  endfacet
  facet normal 0.896754 -0.44253 0
    outer loop
      vertex 42.5278 12.85 0
      vertex 42.4294 12.6506 2.4
      vertex 42.4294 12.6506 0
    endloop
  endfacet
  facet normal 0.896754 -0.44253 0
    outer loop
      vertex 42.4294 12.6506 13.4
      vertex 42.5278 12.85 2.4
      vertex 42.5278 12.85 13.4
    endloop
  endfacet
  facet normal 0.896754 -0.44253 0
    outer loop
      vertex 42.5278 12.85 2.4
      vertex 42.4294 12.6506 13.4
      vertex 42.4294 12.6506 2.4
    endloop
  endfacet
  facet normal 0.831566 -0.555426 0
    outer loop
      vertex 42.5278 12.85 2.4
      vertex 42.6513 13.0349 0
      vertex 42.6513 13.0349 2.4
    endloop
  endfacet
  facet normal 0.831566 -0.555426 0
    outer loop
      vertex 42.6513 13.0349 0
      vertex 42.5278 12.85 2.4
      vertex 42.5278 12.85 0
    endloop
  endfacet
  facet normal 0.831566 -0.555426 0
    outer loop
      vertex 42.5278 12.85 13.4
      vertex 42.6513 13.0349 2.4
      vertex 42.6513 13.0349 13.4
    endloop
  endfacet
  facet normal 0.831566 -0.555426 0
    outer loop
      vertex 42.6513 13.0349 2.4
      vertex 42.5278 12.85 13.4
      vertex 42.5278 12.85 2.4
    endloop
  endfacet
  facet normal 0.98077 -0.195165 0
    outer loop
      vertex 42.3145 12.2219 2.4
      vertex 42.3579 12.44 0
      vertex 42.3579 12.44 2.4
    endloop
  endfacet
  facet normal 0.98077 -0.195165 0
    outer loop
      vertex 42.3579 12.44 0
      vertex 42.3145 12.2219 2.4
      vertex 42.3145 12.2219 0
    endloop
  endfacet
  facet normal 0.98077 -0.195165 0
    outer loop
      vertex 42.3145 12.2219 13.4
      vertex 42.3579 12.44 2.4
      vertex 42.3579 12.44 13.4
    endloop
  endfacet
  facet normal 0.98077 -0.195165 0
    outer loop
      vertex 42.3579 12.44 2.4
      vertex 42.3145 12.2219 13.4
      vertex 42.3145 12.2219 2.4
    endloop
  endfacet
  facet normal 0.997872 -0.0652057 0
    outer loop
      vertex 42.3 12 2.4
      vertex 42.3145 12.2219 0
      vertex 42.3145 12.2219 2.4
    endloop
  endfacet
  facet normal 0.997872 -0.0652057 0
    outer loop
      vertex 42.3145 12.2219 0
      vertex 42.3 12 2.4
      vertex 42.3 12 0
    endloop
  endfacet
  facet normal 0.997872 -0.0652057 0
    outer loop
      vertex 42.3 12 13.4
      vertex 42.3145 12.2219 2.4
      vertex 42.3145 12.2219 13.4
    endloop
  endfacet
  facet normal 0.997872 -0.0652057 0
    outer loop
      vertex 42.3145 12.2219 2.4
      vertex 42.3 12 13.4
      vertex 42.3 12 2.4
    endloop
  endfacet
  facet normal 0.997872 0.0652057 0
    outer loop
      vertex 42.3145 11.7781 2.4
      vertex 42.3 12 0
      vertex 42.3 12 2.4
    endloop
  endfacet
  facet normal 0.997872 0.0652057 0
    outer loop
      vertex 42.3 12 0
      vertex 42.3145 11.7781 2.4
      vertex 42.3145 11.7781 0
    endloop
  endfacet
  facet normal 0.997872 0.0652057 0
    outer loop
      vertex 42.3145 11.7781 13.4
      vertex 42.3 12 2.4
      vertex 42.3 12 13.4
    endloop
  endfacet
  facet normal 0.997872 0.0652057 0
    outer loop
      vertex 42.3 12 2.4
      vertex 42.3145 11.7781 13.4
      vertex 42.3145 11.7781 2.4
    endloop
  endfacet
  facet normal 0.659268 -0.751908 0
    outer loop
      vertex 42.7979 13.2021 0
      vertex 42.9651 13.3487 2.4
      vertex 42.7979 13.2021 2.4
    endloop
  endfacet
  facet normal 0.659268 -0.751908 0
    outer loop
      vertex 42.9651 13.3487 2.4
      vertex 42.7979 13.2021 0
      vertex 42.9651 13.3487 0
    endloop
  endfacet
  facet normal 0.659268 -0.751908 0
    outer loop
      vertex 42.7979 13.2021 2.4
      vertex 42.9651 13.3487 13.4
      vertex 42.7979 13.2021 13.4
    endloop
  endfacet
  facet normal 0.659268 -0.751908 0
    outer loop
      vertex 42.9651 13.3487 13.4
      vertex 42.7979 13.2021 2.4
      vertex 42.9651 13.3487 2.4
    endloop
  endfacet
  facet normal 0.321484 -0.946915 0
    outer loop
      vertex 43.3494 13.5706 0
      vertex 43.56 13.6421 2.4
      vertex 43.3494 13.5706 2.4
    endloop
  endfacet
  facet normal 0.321484 -0.946915 0
    outer loop
      vertex 43.56 13.6421 2.4
      vertex 43.3494 13.5706 0
      vertex 43.56 13.6421 0
    endloop
  endfacet
  facet normal 0.321484 -0.946915 0
    outer loop
      vertex 43.3494 13.5706 2.4
      vertex 43.56 13.6421 13.4
      vertex 43.3494 13.5706 13.4
    endloop
  endfacet
  facet normal 0.321484 -0.946915 0
    outer loop
      vertex 43.56 13.6421 13.4
      vertex 43.3494 13.5706 2.4
      vertex 43.56 13.6421 2.4
    endloop
  endfacet
  facet normal -0.997872 0.0652057 0
    outer loop
      vertex 45.6855 11.7781 0
      vertex 45.7 12 2.4
      vertex 45.7 12 0
    endloop
  endfacet
  facet normal -0.997872 0.0652057 0
    outer loop
      vertex 45.7 12 2.4
      vertex 45.6855 11.7781 0
      vertex 45.6855 11.7781 2.4
    endloop
  endfacet
  facet normal -0.997872 0.0652057 0
    outer loop
      vertex 45.6855 11.7781 6.24844
      vertex 45.7 12 7.0188
      vertex 45.7 12 5.8641
    endloop
  endfacet
  facet normal -0.997872 0.0652057 0
    outer loop
      vertex 45.7 12 7.0188
      vertex 45.6855 11.7781 6.24844
      vertex 45.6855 11.7781 6.89069
    endloop
  endfacet
  facet normal -0.946773 0.321903 0
    outer loop
      vertex 45.6421 11.56 6.76477
      vertex 45.6421 11.56 6.62619
      vertex 45.6217 11.5 6.73013
    endloop
  endfacet
  facet normal -0.946915 0.321484 0
    outer loop
      vertex 45.5706 11.3494 0
      vertex 45.6421 11.56 2.4
      vertex 45.6421 11.56 0
    endloop
  endfacet
  facet normal -0.946915 0.321484 0
    outer loop
      vertex 45.6421 11.56 2.4
      vertex 45.5706 11.3494 0
      vertex 45.5706 11.3494 2.4
    endloop
  endfacet
  facet normal -0.98077 0.195165 0
    outer loop
      vertex 45.6421 11.56 0
      vertex 45.6855 11.7781 2.4
      vertex 45.6855 11.7781 0
    endloop
  endfacet
  facet normal -0.98077 0.195165 0
    outer loop
      vertex 45.6855 11.7781 2.4
      vertex 45.6421 11.56 0
      vertex 45.6421 11.56 2.4
    endloop
  endfacet
  facet normal -0.98077 0.195165 0
    outer loop
      vertex 45.6421 11.56 6.62619
      vertex 45.6855 11.7781 6.89069
      vertex 45.6855 11.7781 6.24844
    endloop
  endfacet
  facet normal -0.98077 0.195165 0
    outer loop
      vertex 45.6855 11.7781 6.89069
      vertex 45.6421 11.56 6.62619
      vertex 45.6421 11.56 6.76477
    endloop
  endfacet
  facet normal 0.555426 0.831566 -0
    outer loop
      vertex 43.15 10.5278 0
      vertex 42.9651 10.6513 2.4
      vertex 43.15 10.5278 2.4
    endloop
  endfacet
  facet normal 0.555426 0.831566 0
    outer loop
      vertex 42.9651 10.6513 2.4
      vertex 43.15 10.5278 0
      vertex 42.9651 10.6513 0
    endloop
  endfacet
  facet normal 0.831566 0.555426 0
    outer loop
      vertex 42.6513 10.9651 2.4
      vertex 42.5278 11.15 0
      vertex 42.5278 11.15 2.4
    endloop
  endfacet
  facet normal 0.831566 0.555426 0
    outer loop
      vertex 42.5278 11.15 0
      vertex 42.6513 10.9651 2.4
      vertex 42.6513 10.9651 0
    endloop
  endfacet
  facet normal 0.751908 0.659268 0
    outer loop
      vertex 42.7979 10.7979 2.4
      vertex 42.6513 10.9651 0
      vertex 42.6513 10.9651 2.4
    endloop
  endfacet
  facet normal 0.751908 0.659268 0
    outer loop
      vertex 42.6513 10.9651 0
      vertex 42.7979 10.7979 2.4
      vertex 42.7979 10.7979 0
    endloop
  endfacet
  facet normal -0.555426 0.831566 0
    outer loop
      vertex 45.0349 10.6513 0
      vertex 44.85 10.5278 2.4
      vertex 45.0349 10.6513 2.4
    endloop
  endfacet
  facet normal -0.555426 0.831566 0
    outer loop
      vertex 44.85 10.5278 2.4
      vertex 45.0349 10.6513 0
      vertex 44.85 10.5278 0
    endloop
  endfacet
  facet normal -0.831566 0.555426 0
    outer loop
      vertex 45.3487 10.9651 0
      vertex 45.4722 11.15 2.4
      vertex 45.4722 11.15 0
    endloop
  endfacet
  facet normal -0.831566 0.555426 0
    outer loop
      vertex 45.4722 11.15 2.4
      vertex 45.3487 10.9651 0
      vertex 45.3487 10.9651 2.4
    endloop
  endfacet
  facet normal 0.195165 0.98077 -0
    outer loop
      vertex 43.7781 10.3145 0
      vertex 43.56 10.3579 2.4
      vertex 43.7781 10.3145 2.4
    endloop
  endfacet
  facet normal 0.195165 0.98077 0
    outer loop
      vertex 43.56 10.3579 2.4
      vertex 43.7781 10.3145 0
      vertex 43.56 10.3579 0
    endloop
  endfacet
  facet normal 0.659268 0.751908 -0
    outer loop
      vertex 42.9651 10.6513 0
      vertex 42.7979 10.7979 2.4
      vertex 42.9651 10.6513 2.4
    endloop
  endfacet
  facet normal 0.659268 0.751908 0
    outer loop
      vertex 42.7979 10.7979 2.4
      vertex 42.9651 10.6513 0
      vertex 42.7979 10.7979 0
    endloop
  endfacet
  facet normal 0.946831 0.321732 0
    outer loop
      vertex 42.4017 11.4311 13.4
      vertex 42.3579 11.56 2.4
      vertex 42.3579 11.56 13.4
    endloop
  endfacet
  facet normal 0.946831 0.321732 0
    outer loop
      vertex 42.3579 11.56 2.4
      vertex 42.4017 11.4311 13.4
      vertex 42.4017 11.4311 2.4
    endloop
  endfacet
  facet normal 0.946915 0.321484 0
    outer loop
      vertex 42.4294 11.3494 2.4
      vertex 42.3579 11.56 0
      vertex 42.3579 11.56 2.4
    endloop
  endfacet
  facet normal 0.946915 0.321484 0
    outer loop
      vertex 42.3579 11.56 0
      vertex 42.4294 11.3494 2.4
      vertex 42.4294 11.3494 0
    endloop
  endfacet
  facet normal 0.98077 0.195165 0
    outer loop
      vertex 42.3579 11.56 2.4
      vertex 42.3145 11.7781 0
      vertex 42.3145 11.7781 2.4
    endloop
  endfacet
  facet normal 0.98077 0.195165 0
    outer loop
      vertex 42.3145 11.7781 0
      vertex 42.3579 11.56 2.4
      vertex 42.3579 11.56 0
    endloop
  endfacet
  facet normal 0.98077 0.195165 0
    outer loop
      vertex 42.3579 11.56 13.4
      vertex 42.3145 11.7781 2.4
      vertex 42.3145 11.7781 13.4
    endloop
  endfacet
  facet normal 0.98077 0.195165 0
    outer loop
      vertex 42.3145 11.7781 2.4
      vertex 42.3579 11.56 13.4
      vertex 42.3579 11.56 2.4
    endloop
  endfacet
  facet normal 0.896754 0.44253 0
    outer loop
      vertex 42.5278 11.15 2.4
      vertex 42.4294 11.3494 0
      vertex 42.4294 11.3494 2.4
    endloop
  endfacet
  facet normal 0.896754 0.44253 0
    outer loop
      vertex 42.4294 11.3494 0
      vertex 42.5278 11.15 2.4
      vertex 42.5278 11.15 0
    endloop
  endfacet
  facet normal -0.659268 0.751908 0
    outer loop
      vertex 45.2021 10.7979 0
      vertex 45.0349 10.6513 2.4
      vertex 45.2021 10.7979 2.4
    endloop
  endfacet
  facet normal -0.659268 0.751908 0
    outer loop
      vertex 45.0349 10.6513 2.4
      vertex 45.2021 10.7979 0
      vertex 45.0349 10.6513 0
    endloop
  endfacet
  facet normal -0.44253 0.896754 0
    outer loop
      vertex 44.85 10.5278 0
      vertex 44.6506 10.4294 2.4
      vertex 44.85 10.5278 2.4
    endloop
  endfacet
  facet normal -0.44253 0.896754 0
    outer loop
      vertex 44.6506 10.4294 2.4
      vertex 44.85 10.5278 0
      vertex 44.6506 10.4294 0
    endloop
  endfacet
  facet normal -0.321484 0.946915 0
    outer loop
      vertex 44.6506 10.4294 0
      vertex 44.44 10.3579 2.4
      vertex 44.6506 10.4294 2.4
    endloop
  endfacet
  facet normal -0.321484 0.946915 0
    outer loop
      vertex 44.44 10.3579 2.4
      vertex 44.6506 10.4294 0
      vertex 44.44 10.3579 0
    endloop
  endfacet
  facet normal -0.896754 0.44253 0
    outer loop
      vertex 45.4722 11.15 0
      vertex 45.5706 11.3494 2.4
      vertex 45.5706 11.3494 0
    endloop
  endfacet
  facet normal -0.896754 0.44253 0
    outer loop
      vertex 45.5706 11.3494 2.4
      vertex 45.4722 11.15 0
      vertex 45.4722 11.15 2.4
    endloop
  endfacet
  facet normal 0.321484 0.946915 -0
    outer loop
      vertex 43.56 10.3579 0
      vertex 43.3494 10.4294 2.4
      vertex 43.56 10.3579 2.4
    endloop
  endfacet
  facet normal 0.321484 0.946915 0
    outer loop
      vertex 43.3494 10.4294 2.4
      vertex 43.56 10.3579 0
      vertex 43.3494 10.4294 0
    endloop
  endfacet
  facet normal 0.0652057 0.997872 -0
    outer loop
      vertex 44 10.3 0
      vertex 43.7781 10.3145 2.4
      vertex 44 10.3 2.4
    endloop
  endfacet
  facet normal 0.0652057 0.997872 0
    outer loop
      vertex 43.7781 10.3145 2.4
      vertex 44 10.3 0
      vertex 43.7781 10.3145 0
    endloop
  endfacet
  facet normal 0.44253 0.896754 -0
    outer loop
      vertex 43.3494 10.4294 0
      vertex 43.15 10.5278 2.4
      vertex 43.3494 10.4294 2.4
    endloop
  endfacet
  facet normal 0.44253 0.896754 0
    outer loop
      vertex 43.15 10.5278 2.4
      vertex 43.3494 10.4294 0
      vertex 43.15 10.5278 0
    endloop
  endfacet
  facet normal -0.997872 -0.0652057 0
    outer loop
      vertex 13.7 44 0
      vertex 13.6855 44.2219 2.4
      vertex 13.6855 44.2219 0
    endloop
  endfacet
  facet normal -0.997872 -0.0652057 0
    outer loop
      vertex 13.6855 44.2219 2.4
      vertex 13.7 44 0
      vertex 13.7 44 2.4
    endloop
  endfacet
  facet normal -0.997872 -0.0652057 0
    outer loop
      vertex 13.7 44 2.4
      vertex 13.6855 44.2219 13.4
      vertex 13.6855 44.2219 2.4
    endloop
  endfacet
  facet normal -0.997872 -0.0652057 0
    outer loop
      vertex 13.6855 44.2219 13.4
      vertex 13.7 44 2.4
      vertex 13.7 44 13.4
    endloop
  endfacet
  facet normal 0.0652057 -0.997872 0
    outer loop
      vertex 11.7781 45.6855 0
      vertex 12 45.7 2.4
      vertex 11.7781 45.6855 2.4
    endloop
  endfacet
  facet normal 0.0652057 -0.997872 0
    outer loop
      vertex 12 45.7 2.4
      vertex 11.7781 45.6855 0
      vertex 12 45.7 0
    endloop
  endfacet
  facet normal -0.0652057 0.997872 0
    outer loop
      vertex 12.2219 42.3145 0
      vertex 12 42.3 2.4
      vertex 12.2219 42.3145 2.4
    endloop
  endfacet
  facet normal -0.0652057 0.997872 0
    outer loop
      vertex 12 42.3 2.4
      vertex 12.2219 42.3145 0
      vertex 12 42.3 0
    endloop
  endfacet
  facet normal -0.0652057 0.997872 0
    outer loop
      vertex 12.2219 42.3145 2.4
      vertex 12 42.3 13.4
      vertex 12.2219 42.3145 13.4
    endloop
  endfacet
  facet normal -0.0652057 0.997872 0
    outer loop
      vertex 12 42.3 13.4
      vertex 12.2219 42.3145 2.4
      vertex 12 42.3 2.4
    endloop
  endfacet
  facet normal -0.751908 0.659268 0
    outer loop
      vertex 13.2021 42.7979 0
      vertex 13.3487 42.9651 2.4
      vertex 13.3487 42.9651 0
    endloop
  endfacet
  facet normal -0.751908 0.659268 0
    outer loop
      vertex 13.3487 42.9651 2.4
      vertex 13.2021 42.7979 0
      vertex 13.2021 42.7979 2.4
    endloop
  endfacet
  facet normal -0.751908 0.659268 0
    outer loop
      vertex 13.2021 42.7979 2.4
      vertex 13.3487 42.9651 13.4
      vertex 13.3487 42.9651 2.4
    endloop
  endfacet
  facet normal -0.751908 0.659268 0
    outer loop
      vertex 13.3487 42.9651 13.4
      vertex 13.2021 42.7979 2.4
      vertex 13.2021 42.7979 13.4
    endloop
  endfacet
  facet normal -0.659268 -0.751908 0
    outer loop
      vertex 13.0349 45.3487 0
      vertex 13.2021 45.2021 2.4
      vertex 13.0349 45.3487 2.4
    endloop
  endfacet
  facet normal -0.659268 -0.751908 -0
    outer loop
      vertex 13.2021 45.2021 2.4
      vertex 13.0349 45.3487 0
      vertex 13.2021 45.2021 0
    endloop
  endfacet
  facet normal 0.751908 -0.659268 0
    outer loop
      vertex 10.6513 45.0349 2.4
      vertex 10.7979 45.2021 0
      vertex 10.7979 45.2021 2.4
    endloop
  endfacet
  facet normal 0.751908 -0.659268 0
    outer loop
      vertex 10.7979 45.2021 0
      vertex 10.6513 45.0349 2.4
      vertex 10.6513 45.0349 0
    endloop
  endfacet
  facet normal 0.44253 -0.896754 0
    outer loop
      vertex 11.15 45.4722 0
      vertex 11.3494 45.5706 2.4
      vertex 11.15 45.4722 2.4
    endloop
  endfacet
  facet normal 0.44253 -0.896754 0
    outer loop
      vertex 11.3494 45.5706 2.4
      vertex 11.15 45.4722 0
      vertex 11.3494 45.5706 0
    endloop
  endfacet
  facet normal -0.896754 -0.44253 0
    outer loop
      vertex 13.5706 44.6506 0
      vertex 13.4722 44.85 2.4
      vertex 13.4722 44.85 0
    endloop
  endfacet
  facet normal -0.896754 -0.44253 0
    outer loop
      vertex 13.4722 44.85 2.4
      vertex 13.5706 44.6506 0
      vertex 13.5706 44.6506 2.4
    endloop
  endfacet
  facet normal -0.98077 -0.195165 0
    outer loop
      vertex 13.6855 44.2219 0
      vertex 13.6421 44.44 2.4
      vertex 13.6421 44.44 0
    endloop
  endfacet
  facet normal -0.98077 -0.195165 0
    outer loop
      vertex 13.6421 44.44 2.4
      vertex 13.6855 44.2219 0
      vertex 13.6855 44.2219 2.4
    endloop
  endfacet
  facet normal -0.98077 -0.195165 0
    outer loop
      vertex 13.6855 44.2219 2.4
      vertex 13.6421 44.44 13.4
      vertex 13.6421 44.44 2.4
    endloop
  endfacet
  facet normal -0.98077 -0.195165 0
    outer loop
      vertex 13.6421 44.44 13.4
      vertex 13.6855 44.2219 2.4
      vertex 13.6855 44.2219 13.4
    endloop
  endfacet
  facet normal -0.831566 -0.555426 0
    outer loop
      vertex 13.4722 44.85 0
      vertex 13.3487 45.0349 2.4
      vertex 13.3487 45.0349 0
    endloop
  endfacet
  facet normal -0.831566 -0.555426 0
    outer loop
      vertex 13.3487 45.0349 2.4
      vertex 13.4722 44.85 0
      vertex 13.4722 44.85 2.4
    endloop
  endfacet
  facet normal -0.321484 -0.946915 0
    outer loop
      vertex 12.44 45.6421 0
      vertex 12.6506 45.5706 2.4
      vertex 12.44 45.6421 2.4
    endloop
  endfacet
  facet normal -0.321484 -0.946915 -0
    outer loop
      vertex 12.6506 45.5706 2.4
      vertex 12.44 45.6421 0
      vertex 12.6506 45.5706 0
    endloop
  endfacet
  facet normal -0.44253 -0.896754 0
    outer loop
      vertex 12.6506 45.5706 0
      vertex 12.85 45.4722 2.4
      vertex 12.6506 45.5706 2.4
    endloop
  endfacet
  facet normal -0.44253 -0.896754 -0
    outer loop
      vertex 12.85 45.4722 2.4
      vertex 12.6506 45.5706 0
      vertex 12.85 45.4722 0
    endloop
  endfacet
  facet normal 0.946915 -0.321484 0
    outer loop
      vertex 10.3579 44.44 2.4
      vertex 10.4294 44.6506 0
      vertex 10.4294 44.6506 2.4
    endloop
  endfacet
  facet normal 0.946915 -0.321484 0
    outer loop
      vertex 10.4294 44.6506 0
      vertex 10.3579 44.44 2.4
      vertex 10.3579 44.44 0
    endloop
  endfacet
  facet normal 0.555426 -0.831566 0
    outer loop
      vertex 10.9651 45.3487 0
      vertex 11.15 45.4722 2.4
      vertex 10.9651 45.3487 2.4
    endloop
  endfacet
  facet normal 0.555426 -0.831566 0
    outer loop
      vertex 11.15 45.4722 2.4
      vertex 10.9651 45.3487 0
      vertex 11.15 45.4722 0
    endloop
  endfacet
  facet normal 0.195165 -0.98077 0
    outer loop
      vertex 11.56 45.6421 0
      vertex 11.7781 45.6855 2.4
      vertex 11.56 45.6421 2.4
    endloop
  endfacet
  facet normal 0.195165 -0.98077 0
    outer loop
      vertex 11.7781 45.6855 2.4
      vertex 11.56 45.6421 0
      vertex 11.7781 45.6855 0
    endloop
  endfacet
  facet normal -0.195165 0.98077 0
    outer loop
      vertex 12.44 42.3579 0
      vertex 12.2219 42.3145 2.4
      vertex 12.44 42.3579 2.4
    endloop
  endfacet
  facet normal -0.195165 0.98077 0
    outer loop
      vertex 12.2219 42.3145 2.4
      vertex 12.44 42.3579 0
      vertex 12.2219 42.3145 0
    endloop
  endfacet
  facet normal -0.195165 0.98077 0
    outer loop
      vertex 12.44 42.3579 2.4
      vertex 12.2219 42.3145 13.4
      vertex 12.44 42.3579 13.4
    endloop
  endfacet
  facet normal -0.195165 0.98077 0
    outer loop
      vertex 12.2219 42.3145 13.4
      vertex 12.44 42.3579 2.4
      vertex 12.2219 42.3145 2.4
    endloop
  endfacet
  facet normal -0.946831 -0.321732 0
    outer loop
      vertex 13.6421 44.44 2.4
      vertex 13.5983 44.5689 13.4
      vertex 13.5983 44.5689 2.4
    endloop
  endfacet
  facet normal -0.946831 -0.321732 0
    outer loop
      vertex 13.5983 44.5689 13.4
      vertex 13.6421 44.44 2.4
      vertex 13.6421 44.44 13.4
    endloop
  endfacet
  facet normal -0.946915 -0.321484 0
    outer loop
      vertex 13.6421 44.44 0
      vertex 13.5706 44.6506 2.4
      vertex 13.5706 44.6506 0
    endloop
  endfacet
  facet normal -0.946915 -0.321484 0
    outer loop
      vertex 13.5706 44.6506 2.4
      vertex 13.6421 44.44 0
      vertex 13.6421 44.44 2.4
    endloop
  endfacet
  facet normal -0.751908 -0.659268 0
    outer loop
      vertex 13.3487 45.0349 0
      vertex 13.2021 45.2021 2.4
      vertex 13.2021 45.2021 0
    endloop
  endfacet
  facet normal -0.751908 -0.659268 0
    outer loop
      vertex 13.2021 45.2021 2.4
      vertex 13.3487 45.0349 0
      vertex 13.3487 45.0349 2.4
    endloop
  endfacet
  facet normal -0.195165 -0.98077 0
    outer loop
      vertex 12.2219 45.6855 0
      vertex 12.44 45.6421 2.4
      vertex 12.2219 45.6855 2.4
    endloop
  endfacet
  facet normal -0.195165 -0.98077 -0
    outer loop
      vertex 12.44 45.6421 2.4
      vertex 12.2219 45.6855 0
      vertex 12.44 45.6421 0
    endloop
  endfacet
  facet normal -0.0652057 -0.997872 0
    outer loop
      vertex 12 45.7 0
      vertex 12.2219 45.6855 2.4
      vertex 12 45.7 2.4
    endloop
  endfacet
  facet normal -0.0652057 -0.997872 -0
    outer loop
      vertex 12.2219 45.6855 2.4
      vertex 12 45.7 0
      vertex 12.2219 45.6855 0
    endloop
  endfacet
  facet normal -0.555426 -0.831566 0
    outer loop
      vertex 12.85 45.4722 0
      vertex 13.0349 45.3487 2.4
      vertex 12.85 45.4722 2.4
    endloop
  endfacet
  facet normal -0.555426 -0.831566 -0
    outer loop
      vertex 13.0349 45.3487 2.4
      vertex 12.85 45.4722 0
      vertex 13.0349 45.3487 0
    endloop
  endfacet
  facet normal 0.896754 -0.44253 0
    outer loop
      vertex 10.4294 44.6506 2.4
      vertex 10.5278 44.85 0
      vertex 10.5278 44.85 2.4
    endloop
  endfacet
  facet normal 0.896754 -0.44253 0
    outer loop
      vertex 10.5278 44.85 0
      vertex 10.4294 44.6506 2.4
      vertex 10.4294 44.6506 0
    endloop
  endfacet
  facet normal 0.831566 -0.555426 0
    outer loop
      vertex 10.5278 44.85 2.4
      vertex 10.6513 45.0349 0
      vertex 10.6513 45.0349 2.4
    endloop
  endfacet
  facet normal 0.831566 -0.555426 0
    outer loop
      vertex 10.6513 45.0349 0
      vertex 10.5278 44.85 2.4
      vertex 10.5278 44.85 0
    endloop
  endfacet
  facet normal 0.98077 -0.195165 0
    outer loop
      vertex 10.3145 44.2219 2.4
      vertex 10.3579 44.44 0
      vertex 10.3579 44.44 2.4
    endloop
  endfacet
  facet normal 0.98077 -0.195165 0
    outer loop
      vertex 10.3579 44.44 0
      vertex 10.3145 44.2219 2.4
      vertex 10.3145 44.2219 0
    endloop
  endfacet
  facet normal 0.997872 -0.0652057 0
    outer loop
      vertex 10.3 44 2.4
      vertex 10.3145 44.2219 0
      vertex 10.3145 44.2219 2.4
    endloop
  endfacet
  facet normal 0.997872 -0.0652057 0
    outer loop
      vertex 10.3145 44.2219 0
      vertex 10.3 44 2.4
      vertex 10.3 44 0
    endloop
  endfacet
  facet normal 0.997872 0.0652057 0
    outer loop
      vertex 10.3145 43.7781 2.4
      vertex 10.3 44 0
      vertex 10.3 44 2.4
    endloop
  endfacet
  facet normal 0.997872 0.0652057 0
    outer loop
      vertex 10.3 44 0
      vertex 10.3145 43.7781 2.4
      vertex 10.3145 43.7781 0
    endloop
  endfacet
  facet normal 0.659268 -0.751908 0
    outer loop
      vertex 10.7979 45.2021 0
      vertex 10.9651 45.3487 2.4
      vertex 10.7979 45.2021 2.4
    endloop
  endfacet
  facet normal 0.659268 -0.751908 0
    outer loop
      vertex 10.9651 45.3487 2.4
      vertex 10.7979 45.2021 0
      vertex 10.9651 45.3487 0
    endloop
  endfacet
  facet normal 0.321484 -0.946915 0
    outer loop
      vertex 11.3494 45.5706 0
      vertex 11.56 45.6421 2.4
      vertex 11.3494 45.5706 2.4
    endloop
  endfacet
  facet normal 0.321484 -0.946915 0
    outer loop
      vertex 11.56 45.6421 2.4
      vertex 11.3494 45.5706 0
      vertex 11.56 45.6421 0
    endloop
  endfacet
  facet normal -0.946915 0.321484 0
    outer loop
      vertex 13.5706 43.3494 0
      vertex 13.6421 43.56 2.4
      vertex 13.6421 43.56 0
    endloop
  endfacet
  facet normal -0.946915 0.321484 0
    outer loop
      vertex 13.6421 43.56 2.4
      vertex 13.5706 43.3494 0
      vertex 13.5706 43.3494 2.4
    endloop
  endfacet
  facet normal -0.946915 0.321484 0
    outer loop
      vertex 13.5706 43.3494 2.4
      vertex 13.6421 43.56 13.4
      vertex 13.6421 43.56 2.4
    endloop
  endfacet
  facet normal -0.946915 0.321484 0
    outer loop
      vertex 13.6421 43.56 13.4
      vertex 13.5706 43.3494 2.4
      vertex 13.5706 43.3494 13.4
    endloop
  endfacet
  facet normal -0.98077 0.195165 0
    outer loop
      vertex 13.6421 43.56 0
      vertex 13.6855 43.7781 2.4
      vertex 13.6855 43.7781 0
    endloop
  endfacet
  facet normal -0.98077 0.195165 0
    outer loop
      vertex 13.6855 43.7781 2.4
      vertex 13.6421 43.56 0
      vertex 13.6421 43.56 2.4
    endloop
  endfacet
  facet normal -0.98077 0.195165 0
    outer loop
      vertex 13.6421 43.56 2.4
      vertex 13.6855 43.7781 13.4
      vertex 13.6855 43.7781 2.4
    endloop
  endfacet
  facet normal -0.98077 0.195165 0
    outer loop
      vertex 13.6855 43.7781 13.4
      vertex 13.6421 43.56 2.4
      vertex 13.6421 43.56 13.4
    endloop
  endfacet
  facet normal 0.555426 0.831566 -0
    outer loop
      vertex 11.15 42.5278 0
      vertex 10.9651 42.6513 2.4
      vertex 11.15 42.5278 2.4
    endloop
  endfacet
  facet normal 0.555426 0.831566 0
    outer loop
      vertex 10.9651 42.6513 2.4
      vertex 11.15 42.5278 0
      vertex 10.9651 42.6513 0
    endloop
  endfacet
  facet normal 0.555426 0.831566 -0
    outer loop
      vertex 11.15 42.5278 2.7047
      vertex 10.9651 42.6513 4.47192
      vertex 11.15 42.5278 4.6859
    endloop
  endfacet
  facet normal 0.555426 0.831566 0
    outer loop
      vertex 10.9651 42.6513 4.47192
      vertex 11.15 42.5278 2.7047
      vertex 10.9651 42.6513 2.77603
    endloop
  endfacet
  facet normal 0.831566 0.555426 0
    outer loop
      vertex 10.6513 42.9651 2.4
      vertex 10.5278 43.15 0
      vertex 10.5278 43.15 2.4
    endloop
  endfacet
  facet normal 0.831566 0.555426 0
    outer loop
      vertex 10.5278 43.15 0
      vertex 10.6513 42.9651 2.4
      vertex 10.6513 42.9651 0
    endloop
  endfacet
  facet normal 0.831566 0.555426 -0
    outer loop
      vertex 10.6513 42.9651 2.9572
      vertex 10.5278 43.15 3.60814
      vertex 10.6513 42.9651 3.92839
    endloop
  endfacet
  facet normal 0.831566 0.555426 0
    outer loop
      vertex 10.5278 43.15 3.60814
      vertex 10.6513 42.9651 2.9572
      vertex 10.5278 43.15 3.06395
    endloop
  endfacet
  facet normal 0.751908 0.659268 0
    outer loop
      vertex 10.7979 42.7979 2.4
      vertex 10.6513 42.9651 0
      vertex 10.6513 42.9651 2.4
    endloop
  endfacet
  facet normal 0.751908 0.659268 0
    outer loop
      vertex 10.6513 42.9651 0
      vertex 10.7979 42.7979 2.4
      vertex 10.7979 42.7979 0
    endloop
  endfacet
  facet normal 0.751908 0.659268 -0
    outer loop
      vertex 10.7979 42.7979 2.86068
      vertex 10.6513 42.9651 3.92839
      vertex 10.7979 42.7979 4.21796
    endloop
  endfacet
  facet normal 0.751908 0.659268 0
    outer loop
      vertex 10.6513 42.9651 3.92839
      vertex 10.7979 42.7979 2.86068
      vertex 10.6513 42.9651 2.9572
    endloop
  endfacet
  facet normal 0.98077 0.195165 0
    outer loop
      vertex 10.3579 43.56 2.4
      vertex 10.3145 43.7781 0
      vertex 10.3145 43.7781 2.4
    endloop
  endfacet
  facet normal 0.98077 0.195165 0
    outer loop
      vertex 10.3145 43.7781 0
      vertex 10.3579 43.56 2.4
      vertex 10.3579 43.56 0
    endloop
  endfacet
  facet normal -0.555426 0.831566 0
    outer loop
      vertex 13.0349 42.6513 0
      vertex 12.85 42.5278 2.4
      vertex 13.0349 42.6513 2.4
    endloop
  endfacet
  facet normal -0.555426 0.831566 0
    outer loop
      vertex 12.85 42.5278 2.4
      vertex 13.0349 42.6513 0
      vertex 12.85 42.5278 0
    endloop
  endfacet
  facet normal -0.555426 0.831566 0
    outer loop
      vertex 13.0349 42.6513 2.4
      vertex 12.85 42.5278 13.4
      vertex 13.0349 42.6513 13.4
    endloop
  endfacet
  facet normal -0.555426 0.831566 0
    outer loop
      vertex 12.85 42.5278 13.4
      vertex 13.0349 42.6513 2.4
      vertex 12.85 42.5278 2.4
    endloop
  endfacet
  facet normal -0.831566 0.555426 0
    outer loop
      vertex 13.3487 42.9651 0
      vertex 13.4722 43.15 2.4
      vertex 13.4722 43.15 0
    endloop
  endfacet
  facet normal -0.831566 0.555426 0
    outer loop
      vertex 13.4722 43.15 2.4
      vertex 13.3487 42.9651 0
      vertex 13.3487 42.9651 2.4
    endloop
  endfacet
  facet normal -0.831566 0.555426 0
    outer loop
      vertex 13.3487 42.9651 2.4
      vertex 13.4722 43.15 13.4
      vertex 13.4722 43.15 2.4
    endloop
  endfacet
  facet normal -0.831566 0.555426 0
    outer loop
      vertex 13.4722 43.15 13.4
      vertex 13.3487 42.9651 2.4
      vertex 13.3487 42.9651 13.4
    endloop
  endfacet
  facet normal -0.997872 0.0652057 0
    outer loop
      vertex 13.6855 43.7781 0
      vertex 13.7 44 2.4
      vertex 13.7 44 0
    endloop
  endfacet
  facet normal -0.997872 0.0652057 0
    outer loop
      vertex 13.7 44 2.4
      vertex 13.6855 43.7781 0
      vertex 13.6855 43.7781 2.4
    endloop
  endfacet
  facet normal -0.997872 0.0652057 0
    outer loop
      vertex 13.6855 43.7781 2.4
      vertex 13.7 44 13.4
      vertex 13.7 44 2.4
    endloop
  endfacet
  facet normal -0.997872 0.0652057 0
    outer loop
      vertex 13.7 44 13.4
      vertex 13.6855 43.7781 2.4
      vertex 13.6855 43.7781 13.4
    endloop
  endfacet
  facet normal 0.195165 0.98077 -0
    outer loop
      vertex 11.7781 42.3145 0
      vertex 11.56 42.3579 2.4
      vertex 11.7781 42.3145 2.4
    endloop
  endfacet
  facet normal 0.195165 0.98077 0
    outer loop
      vertex 11.56 42.3579 2.4
      vertex 11.7781 42.3145 0
      vertex 11.56 42.3579 0
    endloop
  endfacet
  facet normal 0.195165 0.98077 -0
    outer loop
      vertex 11.7781 42.3145 2.4
      vertex 11.56 42.3579 13.4
      vertex 11.7781 42.3145 13.4
    endloop
  endfacet
  facet normal 0.195165 0.98077 0
    outer loop
      vertex 11.56 42.3579 13.4
      vertex 11.7781 42.3145 2.4
      vertex 11.56 42.3579 2.4
    endloop
  endfacet
  facet normal 0.659268 0.751908 -0
    outer loop
      vertex 10.9651 42.6513 0
      vertex 10.7979 42.7979 2.4
      vertex 10.9651 42.6513 2.4
    endloop
  endfacet
  facet normal 0.659268 0.751908 0
    outer loop
      vertex 10.7979 42.7979 2.4
      vertex 10.9651 42.6513 0
      vertex 10.7979 42.7979 0
    endloop
  endfacet
  facet normal 0.659268 0.751908 -0
    outer loop
      vertex 10.9651 42.6513 2.77603
      vertex 10.7979 42.7979 4.21796
      vertex 10.9651 42.6513 4.47192
    endloop
  endfacet
  facet normal 0.659268 0.751908 0
    outer loop
      vertex 10.7979 42.7979 4.21796
      vertex 10.9651 42.6513 2.77603
      vertex 10.7979 42.7979 2.86068
    endloop
  endfacet
  facet normal 0.946836 0.321715 0
    outer loop
      vertex 10.4294 43.3494 3.2627
      vertex 10.4294 43.3494 3.1791
      vertex 10.4171 43.3856 3.2
    endloop
  endfacet
  facet normal 0.946915 0.321484 0
    outer loop
      vertex 10.4294 43.3494 2.4
      vertex 10.3579 43.56 0
      vertex 10.3579 43.56 2.4
    endloop
  endfacet
  facet normal 0.946915 0.321484 0
    outer loop
      vertex 10.3579 43.56 0
      vertex 10.4294 43.3494 2.4
      vertex 10.4294 43.3494 0
    endloop
  endfacet
  facet normal 0.896754 0.44253 0
    outer loop
      vertex 10.5278 43.15 2.4
      vertex 10.4294 43.3494 0
      vertex 10.4294 43.3494 2.4
    endloop
  endfacet
  facet normal 0.896754 0.44253 0
    outer loop
      vertex 10.4294 43.3494 0
      vertex 10.5278 43.15 2.4
      vertex 10.5278 43.15 0
    endloop
  endfacet
  facet normal 0.896754 0.44253 -0
    outer loop
      vertex 10.5278 43.15 3.06395
      vertex 10.4294 43.3494 3.2627
      vertex 10.5278 43.15 3.60814
    endloop
  endfacet
  facet normal 0.896754 0.44253 0
    outer loop
      vertex 10.4294 43.3494 3.2627
      vertex 10.5278 43.15 3.06395
      vertex 10.4294 43.3494 3.1791
    endloop
  endfacet
  facet normal -0.659268 0.751908 0
    outer loop
      vertex 13.2021 42.7979 0
      vertex 13.0349 42.6513 2.4
      vertex 13.2021 42.7979 2.4
    endloop
  endfacet
  facet normal -0.659268 0.751908 0
    outer loop
      vertex 13.0349 42.6513 2.4
      vertex 13.2021 42.7979 0
      vertex 13.0349 42.6513 0
    endloop
  endfacet
  facet normal -0.659268 0.751908 0
    outer loop
      vertex 13.2021 42.7979 2.4
      vertex 13.0349 42.6513 13.4
      vertex 13.2021 42.7979 13.4
    endloop
  endfacet
  facet normal -0.659268 0.751908 0
    outer loop
      vertex 13.0349 42.6513 13.4
      vertex 13.2021 42.7979 2.4
      vertex 13.0349 42.6513 2.4
    endloop
  endfacet
  facet normal -0.44253 0.896754 0
    outer loop
      vertex 12.85 42.5278 0
      vertex 12.6506 42.4294 2.4
      vertex 12.85 42.5278 2.4
    endloop
  endfacet
  facet normal -0.44253 0.896754 0
    outer loop
      vertex 12.6506 42.4294 2.4
      vertex 12.85 42.5278 0
      vertex 12.6506 42.4294 0
    endloop
  endfacet
  facet normal -0.44253 0.896754 0
    outer loop
      vertex 12.85 42.5278 2.4
      vertex 12.6506 42.4294 13.4
      vertex 12.85 42.5278 13.4
    endloop
  endfacet
  facet normal -0.44253 0.896754 0
    outer loop
      vertex 12.6506 42.4294 13.4
      vertex 12.85 42.5278 2.4
      vertex 12.6506 42.4294 2.4
    endloop
  endfacet
  facet normal -0.321484 0.946915 0
    outer loop
      vertex 12.6506 42.4294 0
      vertex 12.44 42.3579 2.4
      vertex 12.6506 42.4294 2.4
    endloop
  endfacet
  facet normal -0.321484 0.946915 0
    outer loop
      vertex 12.44 42.3579 2.4
      vertex 12.6506 42.4294 0
      vertex 12.44 42.3579 0
    endloop
  endfacet
  facet normal -0.321484 0.946915 0
    outer loop
      vertex 12.6506 42.4294 2.4
      vertex 12.44 42.3579 13.4
      vertex 12.6506 42.4294 13.4
    endloop
  endfacet
  facet normal -0.321484 0.946915 0
    outer loop
      vertex 12.44 42.3579 13.4
      vertex 12.6506 42.4294 2.4
      vertex 12.44 42.3579 2.4
    endloop
  endfacet
  facet normal -0.896754 0.44253 0
    outer loop
      vertex 13.4722 43.15 0
      vertex 13.5706 43.3494 2.4
      vertex 13.5706 43.3494 0
    endloop
  endfacet
  facet normal -0.896754 0.44253 0
    outer loop
      vertex 13.5706 43.3494 2.4
      vertex 13.4722 43.15 0
      vertex 13.4722 43.15 2.4
    endloop
  endfacet
  facet normal -0.896754 0.44253 0
    outer loop
      vertex 13.4722 43.15 2.4
      vertex 13.5706 43.3494 13.4
      vertex 13.5706 43.3494 2.4
    endloop
  endfacet
  facet normal -0.896754 0.44253 0
    outer loop
      vertex 13.5706 43.3494 13.4
      vertex 13.4722 43.15 2.4
      vertex 13.4722 43.15 13.4
    endloop
  endfacet
  facet normal 0.44253 0.896754 -0
    outer loop
      vertex 11.3494 42.4294 0
      vertex 11.15 42.5278 2.4
      vertex 11.3494 42.4294 2.4
    endloop
  endfacet
  facet normal 0.44253 0.896754 0
    outer loop
      vertex 11.15 42.5278 2.4
      vertex 11.3494 42.4294 0
      vertex 11.15 42.5278 0
    endloop
  endfacet
  facet normal 0.44253 0.896754 -0
    outer loop
      vertex 11.3494 42.4294 2.64792
      vertex 11.15 42.5278 4.6859
      vertex 11.3494 42.4294 4.85625
    endloop
  endfacet
  facet normal 0.44253 0.896754 0
    outer loop
      vertex 11.15 42.5278 4.6859
      vertex 11.3494 42.4294 2.64792
      vertex 11.15 42.5278 2.7047
    endloop
  endfacet
  facet normal 0.321732 0.946831 0
    outer loop
      vertex 11.56 42.3579 13.4
      vertex 11.4311 42.4017 4.90423
      vertex 11.4311 42.4017 13.4
    endloop
  endfacet
  facet normal 0.321092 0.947048 -0
    outer loop
      vertex 11.4311 42.4017 2.63192
      vertex 11.3494 42.4294 4.85625
      vertex 11.4311 42.4017 4.90423
    endloop
  endfacet
  facet normal 0.321092 0.947048 0
    outer loop
      vertex 11.3494 42.4294 4.85625
      vertex 11.4311 42.4017 2.63192
      vertex 11.3494 42.4294 2.64792
    endloop
  endfacet
  facet normal 0.321732 0.946831 -0
    outer loop
      vertex 11.56 42.3579 2.4
      vertex 11.4311 42.4017 4.90423
      vertex 11.56 42.3579 13.4
    endloop
  endfacet
  facet normal 0.321732 0.946831 0
    outer loop
      vertex 11.4311 42.4017 4.90423
      vertex 11.56 42.3579 2.4
      vertex 11.4311 42.4017 2.63192
    endloop
  endfacet
  facet normal 0.321732 0.946831 0
    outer loop
      vertex 11.4311 42.4017 2.63192
      vertex 11.56 42.3579 2.4
      vertex 11.4311 42.4017 2.4
    endloop
  endfacet
  facet normal 0.321484 0.946915 -0
    outer loop
      vertex 11.56 42.3579 0
      vertex 11.3494 42.4294 2.4
      vertex 11.56 42.3579 2.4
    endloop
  endfacet
  facet normal 0.321484 0.946915 0
    outer loop
      vertex 11.3494 42.4294 2.4
      vertex 11.56 42.3579 0
      vertex 11.3494 42.4294 0
    endloop
  endfacet
  facet normal 0.0652057 0.997872 -0
    outer loop
      vertex 12 42.3 0
      vertex 11.7781 42.3145 2.4
      vertex 12 42.3 2.4
    endloop
  endfacet
  facet normal 0.0652057 0.997872 0
    outer loop
      vertex 11.7781 42.3145 2.4
      vertex 12 42.3 0
      vertex 11.7781 42.3145 0
    endloop
  endfacet
  facet normal 0.0652057 0.997872 -0
    outer loop
      vertex 12 42.3 2.4
      vertex 11.7781 42.3145 13.4
      vertex 12 42.3 13.4
    endloop
  endfacet
  facet normal 0.0652057 0.997872 0
    outer loop
      vertex 11.7781 42.3145 13.4
      vertex 12 42.3 2.4
      vertex 11.7781 42.3145 2.4
    endloop
  endfacet
  facet normal -0.997872 -0.0652057 0
    outer loop
      vertex 45.7 44 0
      vertex 45.6855 44.2219 2.4
      vertex 45.6855 44.2219 0
    endloop
  endfacet
  facet normal -0.997872 -0.0652057 0
    outer loop
      vertex 45.6855 44.2219 2.4
      vertex 45.7 44 0
      vertex 45.7 44 2.4
    endloop
  endfacet
  facet normal 0.0652057 -0.997872 0
    outer loop
      vertex 43.7781 45.6855 0
      vertex 44 45.7 2.4
      vertex 43.7781 45.6855 2.4
    endloop
  endfacet
  facet normal 0.0652057 -0.997872 0
    outer loop
      vertex 44 45.7 2.4
      vertex 43.7781 45.6855 0
      vertex 44 45.7 0
    endloop
  endfacet
  facet normal -0.659268 -0.751908 0
    outer loop
      vertex 45.0349 45.3487 0
      vertex 45.2021 45.2021 2.4
      vertex 45.0349 45.3487 2.4
    endloop
  endfacet
  facet normal -0.659268 -0.751908 -0
    outer loop
      vertex 45.2021 45.2021 2.4
      vertex 45.0349 45.3487 0
      vertex 45.2021 45.2021 0
    endloop
  endfacet
  facet normal 0.751908 -0.659268 0
    outer loop
      vertex 42.6513 45.0349 2.4
      vertex 42.7979 45.2021 0
      vertex 42.7979 45.2021 2.4
    endloop
  endfacet
  facet normal 0.751908 -0.659268 0
    outer loop
      vertex 42.7979 45.2021 0
      vertex 42.6513 45.0349 2.4
      vertex 42.6513 45.0349 0
    endloop
  endfacet
  facet normal 0.44253 -0.896754 0
    outer loop
      vertex 43.15 45.4722 0
      vertex 43.3494 45.5706 2.4
      vertex 43.15 45.4722 2.4
    endloop
  endfacet
  facet normal 0.44253 -0.896754 0
    outer loop
      vertex 43.3494 45.5706 2.4
      vertex 43.15 45.4722 0
      vertex 43.3494 45.5706 0
    endloop
  endfacet
  facet normal -0.831566 0.555426 0
    outer loop
      vertex 45.3487 42.9651 0
      vertex 45.4722 43.15 2.4
      vertex 45.4722 43.15 0
    endloop
  endfacet
  facet normal -0.831566 0.555426 0
    outer loop
      vertex 45.4722 43.15 2.4
      vertex 45.3487 42.9651 0
      vertex 45.3487 42.9651 2.4
    endloop
  endfacet
  facet normal -0.831566 0.555426 0
    outer loop
      vertex 45.3487 42.9651 2.9572
      vertex 45.4722 43.15 3.60814
      vertex 45.4722 43.15 3.06395
    endloop
  endfacet
  facet normal -0.831566 0.555426 0
    outer loop
      vertex 45.4722 43.15 3.60814
      vertex 45.3487 42.9651 2.9572
      vertex 45.3487 42.9651 3.92839
    endloop
  endfacet
  facet normal -0.896754 -0.44253 0
    outer loop
      vertex 45.5706 44.6506 0
      vertex 45.4722 44.85 2.4
      vertex 45.4722 44.85 0
    endloop
  endfacet
  facet normal -0.896754 -0.44253 0
    outer loop
      vertex 45.4722 44.85 2.4
      vertex 45.5706 44.6506 0
      vertex 45.5706 44.6506 2.4
    endloop
  endfacet
  facet normal -0.98077 -0.195165 0
    outer loop
      vertex 45.6855 44.2219 0
      vertex 45.6421 44.44 2.4
      vertex 45.6421 44.44 0
    endloop
  endfacet
  facet normal -0.98077 -0.195165 0
    outer loop
      vertex 45.6421 44.44 2.4
      vertex 45.6855 44.2219 0
      vertex 45.6855 44.2219 2.4
    endloop
  endfacet
  facet normal -0.831566 -0.555426 0
    outer loop
      vertex 45.4722 44.85 0
      vertex 45.3487 45.0349 2.4
      vertex 45.3487 45.0349 0
    endloop
  endfacet
  facet normal -0.831566 -0.555426 0
    outer loop
      vertex 45.3487 45.0349 2.4
      vertex 45.4722 44.85 0
      vertex 45.4722 44.85 2.4
    endloop
  endfacet
  facet normal -0.321484 -0.946915 0
    outer loop
      vertex 44.44 45.6421 0
      vertex 44.6506 45.5706 2.4
      vertex 44.44 45.6421 2.4
    endloop
  endfacet
  facet normal -0.321484 -0.946915 -0
    outer loop
      vertex 44.6506 45.5706 2.4
      vertex 44.44 45.6421 0
      vertex 44.6506 45.5706 0
    endloop
  endfacet
  facet normal -0.555426 -0.831566 0
    outer loop
      vertex 44.85 45.4722 0
      vertex 45.0349 45.3487 2.4
      vertex 44.85 45.4722 2.4
    endloop
  endfacet
  facet normal -0.555426 -0.831566 -0
    outer loop
      vertex 45.0349 45.3487 2.4
      vertex 44.85 45.4722 0
      vertex 45.0349 45.3487 0
    endloop
  endfacet
  facet normal 0.946831 -0.321732 0
    outer loop
      vertex 42.3579 44.44 13.4
      vertex 42.4017 44.5689 2.4
      vertex 42.4017 44.5689 13.4
    endloop
  endfacet
  facet normal 0.946831 -0.321732 0
    outer loop
      vertex 42.4017 44.5689 2.4
      vertex 42.3579 44.44 13.4
      vertex 42.3579 44.44 2.4
    endloop
  endfacet
  facet normal 0.946915 -0.321484 0
    outer loop
      vertex 42.3579 44.44 2.4
      vertex 42.4294 44.6506 0
      vertex 42.4294 44.6506 2.4
    endloop
  endfacet
  facet normal 0.946915 -0.321484 0
    outer loop
      vertex 42.4294 44.6506 0
      vertex 42.3579 44.44 2.4
      vertex 42.3579 44.44 0
    endloop
  endfacet
  facet normal 0.896754 -0.44253 0
    outer loop
      vertex 42.4294 44.6506 2.4
      vertex 42.5278 44.85 0
      vertex 42.5278 44.85 2.4
    endloop
  endfacet
  facet normal 0.896754 -0.44253 0
    outer loop
      vertex 42.5278 44.85 0
      vertex 42.4294 44.6506 2.4
      vertex 42.4294 44.6506 0
    endloop
  endfacet
  facet normal 0.997872 -0.0652057 0
    outer loop
      vertex 42.3 44 2.4
      vertex 42.3145 44.2219 0
      vertex 42.3145 44.2219 2.4
    endloop
  endfacet
  facet normal 0.997872 -0.0652057 0
    outer loop
      vertex 42.3145 44.2219 0
      vertex 42.3 44 2.4
      vertex 42.3 44 0
    endloop
  endfacet
  facet normal 0.997872 -0.0652057 0
    outer loop
      vertex 42.3 44 13.4
      vertex 42.3145 44.2219 2.4
      vertex 42.3145 44.2219 13.4
    endloop
  endfacet
  facet normal 0.997872 -0.0652057 0
    outer loop
      vertex 42.3145 44.2219 2.4
      vertex 42.3 44 13.4
      vertex 42.3 44 2.4
    endloop
  endfacet
  facet normal 0.555426 -0.831566 0
    outer loop
      vertex 42.9651 45.3487 0
      vertex 43.15 45.4722 2.4
      vertex 42.9651 45.3487 2.4
    endloop
  endfacet
  facet normal 0.555426 -0.831566 0
    outer loop
      vertex 43.15 45.4722 2.4
      vertex 42.9651 45.3487 0
      vertex 43.15 45.4722 0
    endloop
  endfacet
  facet normal 0.195165 -0.98077 0
    outer loop
      vertex 43.56 45.6421 0
      vertex 43.7781 45.6855 2.4
      vertex 43.56 45.6421 2.4
    endloop
  endfacet
  facet normal 0.195165 -0.98077 0
    outer loop
      vertex 43.7781 45.6855 2.4
      vertex 43.56 45.6421 0
      vertex 43.7781 45.6855 0
    endloop
  endfacet
  facet normal -0.997872 0.0652057 0
    outer loop
      vertex 45.6855 43.7781 0
      vertex 45.7 44 2.4
      vertex 45.7 44 0
    endloop
  endfacet
  facet normal -0.997872 0.0652057 0
    outer loop
      vertex 45.7 44 2.4
      vertex 45.6855 43.7781 0
      vertex 45.6855 43.7781 2.4
    endloop
  endfacet
  facet normal -0.195165 0.98077 0
    outer loop
      vertex 44.44 42.3579 0
      vertex 44.2219 42.3145 2.4
      vertex 44.44 42.3579 2.4
    endloop
  endfacet
  facet normal -0.195165 0.98077 0
    outer loop
      vertex 44.2219 42.3145 2.4
      vertex 44.44 42.3579 0
      vertex 44.2219 42.3145 0
    endloop
  endfacet
  facet normal -0.195165 0.98077 0
    outer loop
      vertex 44.44 42.3579 2.4
      vertex 44.2219 42.3145 13.4
      vertex 44.44 42.3579 13.4
    endloop
  endfacet
  facet normal -0.195165 0.98077 0
    outer loop
      vertex 44.2219 42.3145 13.4
      vertex 44.44 42.3579 2.4
      vertex 44.2219 42.3145 2.4
    endloop
  endfacet
  facet normal -0.946915 -0.321484 0
    outer loop
      vertex 45.6421 44.44 0
      vertex 45.5706 44.6506 2.4
      vertex 45.5706 44.6506 0
    endloop
  endfacet
  facet normal -0.946915 -0.321484 0
    outer loop
      vertex 45.5706 44.6506 2.4
      vertex 45.6421 44.44 0
      vertex 45.6421 44.44 2.4
    endloop
  endfacet
  facet normal -0.751908 -0.659268 0
    outer loop
      vertex 45.3487 45.0349 0
      vertex 45.2021 45.2021 2.4
      vertex 45.2021 45.2021 0
    endloop
  endfacet
  facet normal -0.751908 -0.659268 0
    outer loop
      vertex 45.2021 45.2021 2.4
      vertex 45.3487 45.0349 0
      vertex 45.3487 45.0349 2.4
    endloop
  endfacet
  facet normal -0.195165 -0.98077 0
    outer loop
      vertex 44.2219 45.6855 0
      vertex 44.44 45.6421 2.4
      vertex 44.2219 45.6855 2.4
    endloop
  endfacet
  facet normal -0.195165 -0.98077 -0
    outer loop
      vertex 44.44 45.6421 2.4
      vertex 44.2219 45.6855 0
      vertex 44.44 45.6421 0
    endloop
  endfacet
  facet normal -0.0652057 -0.997872 0
    outer loop
      vertex 44 45.7 0
      vertex 44.2219 45.6855 2.4
      vertex 44 45.7 2.4
    endloop
  endfacet
  facet normal -0.0652057 -0.997872 -0
    outer loop
      vertex 44.2219 45.6855 2.4
      vertex 44 45.7 0
      vertex 44.2219 45.6855 0
    endloop
  endfacet
  facet normal -0.44253 -0.896754 0
    outer loop
      vertex 44.6506 45.5706 0
      vertex 44.85 45.4722 2.4
      vertex 44.6506 45.5706 2.4
    endloop
  endfacet
  facet normal -0.44253 -0.896754 -0
    outer loop
      vertex 44.85 45.4722 2.4
      vertex 44.6506 45.5706 0
      vertex 44.85 45.4722 0
    endloop
  endfacet
  facet normal 0.997872 0.0652057 0
    outer loop
      vertex 42.3145 43.7781 2.4
      vertex 42.3 44 0
      vertex 42.3 44 2.4
    endloop
  endfacet
  facet normal 0.997872 0.0652057 0
    outer loop
      vertex 42.3 44 0
      vertex 42.3145 43.7781 2.4
      vertex 42.3145 43.7781 0
    endloop
  endfacet
  facet normal 0.997872 0.0652057 0
    outer loop
      vertex 42.3145 43.7781 13.4
      vertex 42.3 44 2.4
      vertex 42.3 44 13.4
    endloop
  endfacet
  facet normal 0.997872 0.0652057 0
    outer loop
      vertex 42.3 44 2.4
      vertex 42.3145 43.7781 13.4
      vertex 42.3145 43.7781 2.4
    endloop
  endfacet
  facet normal 0.98077 -0.195165 0
    outer loop
      vertex 42.3145 44.2219 2.4
      vertex 42.3579 44.44 0
      vertex 42.3579 44.44 2.4
    endloop
  endfacet
  facet normal 0.98077 -0.195165 0
    outer loop
      vertex 42.3579 44.44 0
      vertex 42.3145 44.2219 2.4
      vertex 42.3145 44.2219 0
    endloop
  endfacet
  facet normal 0.98077 -0.195165 0
    outer loop
      vertex 42.3145 44.2219 13.4
      vertex 42.3579 44.44 2.4
      vertex 42.3579 44.44 13.4
    endloop
  endfacet
  facet normal 0.98077 -0.195165 0
    outer loop
      vertex 42.3579 44.44 2.4
      vertex 42.3145 44.2219 13.4
      vertex 42.3145 44.2219 2.4
    endloop
  endfacet
  facet normal -0.555426 0.831566 0
    outer loop
      vertex 45.0349 42.6513 0
      vertex 44.85 42.5278 2.4
      vertex 45.0349 42.6513 2.4
    endloop
  endfacet
  facet normal -0.555426 0.831566 0
    outer loop
      vertex 44.85 42.5278 2.4
      vertex 45.0349 42.6513 0
      vertex 44.85 42.5278 0
    endloop
  endfacet
  facet normal -0.555426 0.831566 0
    outer loop
      vertex 44.85 42.5278 2.7047
      vertex 45.0349 42.6513 4.47192
      vertex 45.0349 42.6513 2.77603
    endloop
  endfacet
  facet normal -0.555426 0.831566 0
    outer loop
      vertex 45.0349 42.6513 4.47192
      vertex 44.85 42.5278 2.7047
      vertex 44.85 42.5278 4.6859
    endloop
  endfacet
  facet normal -0.946836 0.321715 0
    outer loop
      vertex 45.5706 43.3494 3.2627
      vertex 45.5829 43.3856 3.2
      vertex 45.5706 43.3494 3.1791
    endloop
  endfacet
  facet normal -0.946915 0.321484 0
    outer loop
      vertex 45.5706 43.3494 0
      vertex 45.6421 43.56 2.4
      vertex 45.6421 43.56 0
    endloop
  endfacet
  facet normal -0.946915 0.321484 0
    outer loop
      vertex 45.6421 43.56 2.4
      vertex 45.5706 43.3494 0
      vertex 45.5706 43.3494 2.4
    endloop
  endfacet
  facet normal -0.896754 0.44253 0
    outer loop
      vertex 45.4722 43.15 0
      vertex 45.5706 43.3494 2.4
      vertex 45.5706 43.3494 0
    endloop
  endfacet
  facet normal -0.896754 0.44253 0
    outer loop
      vertex 45.5706 43.3494 2.4
      vertex 45.4722 43.15 0
      vertex 45.4722 43.15 2.4
    endloop
  endfacet
  facet normal -0.896754 0.44253 0
    outer loop
      vertex 45.4722 43.15 3.06395
      vertex 45.5706 43.3494 3.2627
      vertex 45.5706 43.3494 3.1791
    endloop
  endfacet
  facet normal -0.896754 0.44253 0
    outer loop
      vertex 45.5706 43.3494 3.2627
      vertex 45.4722 43.15 3.06395
      vertex 45.4722 43.15 3.60814
    endloop
  endfacet
  facet normal -0.98077 0.195165 0
    outer loop
      vertex 45.6421 43.56 0
      vertex 45.6855 43.7781 2.4
      vertex 45.6855 43.7781 0
    endloop
  endfacet
  facet normal -0.98077 0.195165 0
    outer loop
      vertex 45.6855 43.7781 2.4
      vertex 45.6421 43.56 0
      vertex 45.6421 43.56 2.4
    endloop
  endfacet
  facet normal 0.751908 0.659268 0
    outer loop
      vertex 42.7979 42.7979 2.4
      vertex 42.6513 42.9651 0
      vertex 42.6513 42.9651 2.4
    endloop
  endfacet
  facet normal 0.751908 0.659268 0
    outer loop
      vertex 42.6513 42.9651 0
      vertex 42.7979 42.7979 2.4
      vertex 42.7979 42.7979 0
    endloop
  endfacet
  facet normal 0.751908 0.659268 0
    outer loop
      vertex 42.7979 42.7979 13.4
      vertex 42.6513 42.9651 2.4
      vertex 42.6513 42.9651 13.4
    endloop
  endfacet
  facet normal 0.751908 0.659268 0
    outer loop
      vertex 42.6513 42.9651 2.4
      vertex 42.7979 42.7979 13.4
      vertex 42.7979 42.7979 2.4
    endloop
  endfacet
  facet normal 0.831566 0.555426 0
    outer loop
      vertex 42.6513 42.9651 2.4
      vertex 42.5278 43.15 0
      vertex 42.5278 43.15 2.4
    endloop
  endfacet
  facet normal 0.831566 0.555426 0
    outer loop
      vertex 42.5278 43.15 0
      vertex 42.6513 42.9651 2.4
      vertex 42.6513 42.9651 0
    endloop
  endfacet
  facet normal 0.831566 0.555426 0
    outer loop
      vertex 42.6513 42.9651 13.4
      vertex 42.5278 43.15 2.4
      vertex 42.5278 43.15 13.4
    endloop
  endfacet
  facet normal 0.831566 0.555426 0
    outer loop
      vertex 42.5278 43.15 2.4
      vertex 42.6513 42.9651 13.4
      vertex 42.6513 42.9651 2.4
    endloop
  endfacet
  facet normal 0.98077 0.195165 0
    outer loop
      vertex 42.3579 43.56 2.4
      vertex 42.3145 43.7781 0
      vertex 42.3145 43.7781 2.4
    endloop
  endfacet
  facet normal 0.98077 0.195165 0
    outer loop
      vertex 42.3145 43.7781 0
      vertex 42.3579 43.56 2.4
      vertex 42.3579 43.56 0
    endloop
  endfacet
  facet normal 0.98077 0.195165 0
    outer loop
      vertex 42.3579 43.56 13.4
      vertex 42.3145 43.7781 2.4
      vertex 42.3145 43.7781 13.4
    endloop
  endfacet
  facet normal 0.98077 0.195165 0
    outer loop
      vertex 42.3145 43.7781 2.4
      vertex 42.3579 43.56 13.4
      vertex 42.3579 43.56 2.4
    endloop
  endfacet
  facet normal 0.896754 0.44253 0
    outer loop
      vertex 42.5278 43.15 2.4
      vertex 42.4294 43.3494 0
      vertex 42.4294 43.3494 2.4
    endloop
  endfacet
  facet normal 0.896754 0.44253 0
    outer loop
      vertex 42.4294 43.3494 0
      vertex 42.5278 43.15 2.4
      vertex 42.5278 43.15 0
    endloop
  endfacet
  facet normal 0.896754 0.44253 0
    outer loop
      vertex 42.5278 43.15 13.4
      vertex 42.4294 43.3494 2.4
      vertex 42.4294 43.3494 13.4
    endloop
  endfacet
  facet normal 0.896754 0.44253 0
    outer loop
      vertex 42.4294 43.3494 2.4
      vertex 42.5278 43.15 13.4
      vertex 42.5278 43.15 2.4
    endloop
  endfacet
  facet normal -0.44253 0.896754 0
    outer loop
      vertex 44.85 42.5278 0
      vertex 44.6506 42.4294 2.4
      vertex 44.85 42.5278 2.4
    endloop
  endfacet
  facet normal -0.44253 0.896754 0
    outer loop
      vertex 44.6506 42.4294 2.4
      vertex 44.85 42.5278 0
      vertex 44.6506 42.4294 0
    endloop
  endfacet
  facet normal -0.44253 0.896754 0
    outer loop
      vertex 44.6506 42.4294 2.64792
      vertex 44.85 42.5278 4.6859
      vertex 44.85 42.5278 2.7047
    endloop
  endfacet
  facet normal -0.44253 0.896754 0
    outer loop
      vertex 44.85 42.5278 4.6859
      vertex 44.6506 42.4294 2.64792
      vertex 44.6506 42.4294 4.85625
    endloop
  endfacet
  facet normal -0.321732 0.946831 0
    outer loop
      vertex 44.5689 42.4017 4.90423
      vertex 44.44 42.3579 13.4
      vertex 44.5689 42.4017 13.4
    endloop
  endfacet
  facet normal -0.321092 0.947048 0
    outer loop
      vertex 44.5689 42.4017 2.63192
      vertex 44.6506 42.4294 4.85625
      vertex 44.6506 42.4294 2.64792
    endloop
  endfacet
  facet normal -0.321092 0.947048 0
    outer loop
      vertex 44.6506 42.4294 4.85625
      vertex 44.5689 42.4017 2.63192
      vertex 44.5689 42.4017 4.90423
    endloop
  endfacet
  facet normal -0.321732 0.946831 0
    outer loop
      vertex 44.44 42.3579 2.4
      vertex 44.5689 42.4017 4.90423
      vertex 44.5689 42.4017 2.63192
    endloop
  endfacet
  facet normal -0.321732 0.946831 0
    outer loop
      vertex 44.44 42.3579 2.4
      vertex 44.5689 42.4017 2.63192
      vertex 44.5689 42.4017 2.4
    endloop
  endfacet
  facet normal -0.321732 0.946831 0
    outer loop
      vertex 44.5689 42.4017 4.90423
      vertex 44.44 42.3579 2.4
      vertex 44.44 42.3579 13.4
    endloop
  endfacet
  facet normal -0.321484 0.946915 0
    outer loop
      vertex 44.6506 42.4294 0
      vertex 44.44 42.3579 2.4
      vertex 44.6506 42.4294 2.4
    endloop
  endfacet
  facet normal -0.321484 0.946915 0
    outer loop
      vertex 44.44 42.3579 2.4
      vertex 44.6506 42.4294 0
      vertex 44.44 42.3579 0
    endloop
  endfacet
  facet normal 0.831566 -0.555426 0
    outer loop
      vertex 42.5278 44.85 2.4
      vertex 42.6513 45.0349 0
      vertex 42.6513 45.0349 2.4
    endloop
  endfacet
  facet normal 0.831566 -0.555426 0
    outer loop
      vertex 42.6513 45.0349 0
      vertex 42.5278 44.85 2.4
      vertex 42.5278 44.85 0
    endloop
  endfacet
  facet normal 0.659268 -0.751908 0
    outer loop
      vertex 42.7979 45.2021 0
      vertex 42.9651 45.3487 2.4
      vertex 42.7979 45.2021 2.4
    endloop
  endfacet
  facet normal 0.659268 -0.751908 0
    outer loop
      vertex 42.9651 45.3487 2.4
      vertex 42.7979 45.2021 0
      vertex 42.9651 45.3487 0
    endloop
  endfacet
  facet normal 0.321484 -0.946915 0
    outer loop
      vertex 43.3494 45.5706 0
      vertex 43.56 45.6421 2.4
      vertex 43.3494 45.5706 2.4
    endloop
  endfacet
  facet normal 0.321484 -0.946915 0
    outer loop
      vertex 43.56 45.6421 2.4
      vertex 43.3494 45.5706 0
      vertex 43.56 45.6421 0
    endloop
  endfacet
  facet normal -0.0652057 0.997872 0
    outer loop
      vertex 44.2219 42.3145 0
      vertex 44 42.3 2.4
      vertex 44.2219 42.3145 2.4
    endloop
  endfacet
  facet normal -0.0652057 0.997872 0
    outer loop
      vertex 44 42.3 2.4
      vertex 44.2219 42.3145 0
      vertex 44 42.3 0
    endloop
  endfacet
  facet normal -0.0652057 0.997872 0
    outer loop
      vertex 44.2219 42.3145 2.4
      vertex 44 42.3 13.4
      vertex 44.2219 42.3145 13.4
    endloop
  endfacet
  facet normal -0.0652057 0.997872 0
    outer loop
      vertex 44 42.3 13.4
      vertex 44.2219 42.3145 2.4
      vertex 44 42.3 2.4
    endloop
  endfacet
  facet normal 0.44253 0.896754 -0
    outer loop
      vertex 43.3494 42.4294 0
      vertex 43.15 42.5278 2.4
      vertex 43.3494 42.4294 2.4
    endloop
  endfacet
  facet normal 0.44253 0.896754 0
    outer loop
      vertex 43.15 42.5278 2.4
      vertex 43.3494 42.4294 0
      vertex 43.15 42.5278 0
    endloop
  endfacet
  facet normal 0.44253 0.896754 -0
    outer loop
      vertex 43.3494 42.4294 2.4
      vertex 43.15 42.5278 13.4
      vertex 43.3494 42.4294 13.4
    endloop
  endfacet
  facet normal 0.44253 0.896754 0
    outer loop
      vertex 43.15 42.5278 13.4
      vertex 43.3494 42.4294 2.4
      vertex 43.15 42.5278 2.4
    endloop
  endfacet
  facet normal 0.946915 0.321484 0
    outer loop
      vertex 42.4294 43.3494 2.4
      vertex 42.3579 43.56 0
      vertex 42.3579 43.56 2.4
    endloop
  endfacet
  facet normal 0.946915 0.321484 0
    outer loop
      vertex 42.3579 43.56 0
      vertex 42.4294 43.3494 2.4
      vertex 42.4294 43.3494 0
    endloop
  endfacet
  facet normal 0.946915 0.321484 0
    outer loop
      vertex 42.4294 43.3494 13.4
      vertex 42.3579 43.56 2.4
      vertex 42.3579 43.56 13.4
    endloop
  endfacet
  facet normal 0.946915 0.321484 0
    outer loop
      vertex 42.3579 43.56 2.4
      vertex 42.4294 43.3494 13.4
      vertex 42.4294 43.3494 2.4
    endloop
  endfacet
  facet normal -0.659268 0.751908 0
    outer loop
      vertex 45.2021 42.7979 0
      vertex 45.0349 42.6513 2.4
      vertex 45.2021 42.7979 2.4
    endloop
  endfacet
  facet normal -0.659268 0.751908 0
    outer loop
      vertex 45.0349 42.6513 2.4
      vertex 45.2021 42.7979 0
      vertex 45.0349 42.6513 0
    endloop
  endfacet
  facet normal -0.659268 0.751908 0
    outer loop
      vertex 45.0349 42.6513 2.77603
      vertex 45.2021 42.7979 4.21796
      vertex 45.2021 42.7979 2.86068
    endloop
  endfacet
  facet normal -0.659268 0.751908 0
    outer loop
      vertex 45.2021 42.7979 4.21796
      vertex 45.0349 42.6513 2.77603
      vertex 45.0349 42.6513 4.47192
    endloop
  endfacet
  facet normal -0.751908 0.659268 0
    outer loop
      vertex 45.2021 42.7979 0
      vertex 45.3487 42.9651 2.4
      vertex 45.3487 42.9651 0
    endloop
  endfacet
  facet normal -0.751908 0.659268 0
    outer loop
      vertex 45.3487 42.9651 2.4
      vertex 45.2021 42.7979 0
      vertex 45.2021 42.7979 2.4
    endloop
  endfacet
  facet normal -0.751908 0.659268 0
    outer loop
      vertex 45.2021 42.7979 2.86068
      vertex 45.3487 42.9651 3.92839
      vertex 45.3487 42.9651 2.9572
    endloop
  endfacet
  facet normal -0.751908 0.659268 0
    outer loop
      vertex 45.3487 42.9651 3.92839
      vertex 45.2021 42.7979 2.86068
      vertex 45.2021 42.7979 4.21796
    endloop
  endfacet
  facet normal 0.195165 0.98077 -0
    outer loop
      vertex 43.7781 42.3145 0
      vertex 43.56 42.3579 2.4
      vertex 43.7781 42.3145 2.4
    endloop
  endfacet
  facet normal 0.195165 0.98077 0
    outer loop
      vertex 43.56 42.3579 2.4
      vertex 43.7781 42.3145 0
      vertex 43.56 42.3579 0
    endloop
  endfacet
  facet normal 0.195165 0.98077 -0
    outer loop
      vertex 43.7781 42.3145 2.4
      vertex 43.56 42.3579 13.4
      vertex 43.7781 42.3145 13.4
    endloop
  endfacet
  facet normal 0.195165 0.98077 0
    outer loop
      vertex 43.56 42.3579 13.4
      vertex 43.7781 42.3145 2.4
      vertex 43.56 42.3579 2.4
    endloop
  endfacet
  facet normal 0.321484 0.946915 -0
    outer loop
      vertex 43.56 42.3579 0
      vertex 43.3494 42.4294 2.4
      vertex 43.56 42.3579 2.4
    endloop
  endfacet
  facet normal 0.321484 0.946915 0
    outer loop
      vertex 43.3494 42.4294 2.4
      vertex 43.56 42.3579 0
      vertex 43.3494 42.4294 0
    endloop
  endfacet
  facet normal 0.321484 0.946915 -0
    outer loop
      vertex 43.56 42.3579 2.4
      vertex 43.3494 42.4294 13.4
      vertex 43.56 42.3579 13.4
    endloop
  endfacet
  facet normal 0.321484 0.946915 0
    outer loop
      vertex 43.3494 42.4294 13.4
      vertex 43.56 42.3579 2.4
      vertex 43.3494 42.4294 2.4
    endloop
  endfacet
  facet normal 0.555426 0.831566 -0
    outer loop
      vertex 43.15 42.5278 0
      vertex 42.9651 42.6513 2.4
      vertex 43.15 42.5278 2.4
    endloop
  endfacet
  facet normal 0.555426 0.831566 0
    outer loop
      vertex 42.9651 42.6513 2.4
      vertex 43.15 42.5278 0
      vertex 42.9651 42.6513 0
    endloop
  endfacet
  facet normal 0.555426 0.831566 -0
    outer loop
      vertex 43.15 42.5278 2.4
      vertex 42.9651 42.6513 13.4
      vertex 43.15 42.5278 13.4
    endloop
  endfacet
  facet normal 0.555426 0.831566 0
    outer loop
      vertex 42.9651 42.6513 13.4
      vertex 43.15 42.5278 2.4
      vertex 42.9651 42.6513 2.4
    endloop
  endfacet
  facet normal 0.659268 0.751908 -0
    outer loop
      vertex 42.9651 42.6513 0
      vertex 42.7979 42.7979 2.4
      vertex 42.9651 42.6513 2.4
    endloop
  endfacet
  facet normal 0.659268 0.751908 0
    outer loop
      vertex 42.7979 42.7979 2.4
      vertex 42.9651 42.6513 0
      vertex 42.7979 42.7979 0
    endloop
  endfacet
  facet normal 0.659268 0.751908 -0
    outer loop
      vertex 42.9651 42.6513 2.4
      vertex 42.7979 42.7979 13.4
      vertex 42.9651 42.6513 13.4
    endloop
  endfacet
  facet normal 0.659268 0.751908 0
    outer loop
      vertex 42.7979 42.7979 13.4
      vertex 42.9651 42.6513 2.4
      vertex 42.7979 42.7979 2.4
    endloop
  endfacet
  facet normal 0.0652057 0.997872 -0
    outer loop
      vertex 44 42.3 0
      vertex 43.7781 42.3145 2.4
      vertex 44 42.3 2.4
    endloop
  endfacet
  facet normal 0.0652057 0.997872 0
    outer loop
      vertex 43.7781 42.3145 2.4
      vertex 44 42.3 0
      vertex 43.7781 42.3145 0
    endloop
  endfacet
  facet normal 0.0652057 0.997872 -0
    outer loop
      vertex 44 42.3 2.4
      vertex 43.7781 42.3145 13.4
      vertex 44 42.3 13.4
    endloop
  endfacet
  facet normal 0.0652057 0.997872 0
    outer loop
      vertex 43.7781 42.3145 13.4
      vertex 44 42.3 2.4
      vertex 43.7781 42.3145 2.4
    endloop
  endfacet
  facet normal -0.99786 -0.0653877 0
    outer loop
      vertex 6.7 5 0
      vertex 6.68546 5.22189 2.4
      vertex 6.68546 5.22189 0
    endloop
  endfacet
  facet normal -0.99786 -0.0653877 0
    outer loop
      vertex 6.68546 5.22189 2.4
      vertex 6.7 5 0
      vertex 6.7 5 2.4
    endloop
  endfacet
  facet normal 0.0653848 -0.99786 0
    outer loop
      vertex 4.7781 6.68546 0
      vertex 5 6.7 2.4
      vertex 4.7781 6.68546 2.4
    endloop
  endfacet
  facet normal 0.0653848 -0.99786 0
    outer loop
      vertex 5 6.7 2.4
      vertex 4.7781 6.68546 0
      vertex 5 6.7 0
    endloop
  endfacet
  facet normal -0.0653877 0.99786 0
    outer loop
      vertex 5.22189 3.31454 0
      vertex 5 3.3 2.4
      vertex 5.22189 3.31454 2.4
    endloop
  endfacet
  facet normal -0.0653877 0.99786 0
    outer loop
      vertex 5 3.3 2.4
      vertex 5.22189 3.31454 0
      vertex 5 3.3 0
    endloop
  endfacet
  facet normal -0.751844 0.659342 0
    outer loop
      vertex 6.20208 3.79792 0
      vertex 6.3487 3.96511 2.4
      vertex 6.3487 3.96511 0
    endloop
  endfacet
  facet normal -0.751844 0.659342 0
    outer loop
      vertex 6.3487 3.96511 2.4
      vertex 6.20208 3.79792 0
      vertex 6.20208 3.79792 2.4
    endloop
  endfacet
  facet normal -0.659342 -0.751844 0
    outer loop
      vertex 6.03489 6.3487 0
      vertex 6.20208 6.20208 2.4
      vertex 6.03489 6.3487 2.4
    endloop
  endfacet
  facet normal -0.659342 -0.751844 -0
    outer loop
      vertex 6.20208 6.20208 2.4
      vertex 6.03489 6.3487 0
      vertex 6.20208 6.20208 0
    endloop
  endfacet
  facet normal 0.751844 -0.659342 0
    outer loop
      vertex 3.6513 6.03489 2.4
      vertex 3.79792 6.20208 0
      vertex 3.79792 6.20208 2.4
    endloop
  endfacet
  facet normal 0.751844 -0.659342 0
    outer loop
      vertex 3.79792 6.20208 0
      vertex 3.6513 6.03489 2.4
      vertex 3.6513 6.03489 0
    endloop
  endfacet
  facet normal 0.442278 -0.896878 0
    outer loop
      vertex 4.15 6.47224 0
      vertex 4.34944 6.57059 2.4
      vertex 4.15 6.47224 2.4
    endloop
  endfacet
  facet normal 0.442278 -0.896878 0
    outer loop
      vertex 4.34944 6.57059 2.4
      vertex 4.15 6.47224 0
      vertex 4.34944 6.57059 0
    endloop
  endfacet
  facet normal -0.896878 -0.442278 0
    outer loop
      vertex 6.57059 5.65056 0
      vertex 6.47224 5.85 2.4
      vertex 6.47224 5.85 0
    endloop
  endfacet
  facet normal -0.896878 -0.442278 0
    outer loop
      vertex 6.47224 5.85 2.4
      vertex 6.57059 5.65056 0
      vertex 6.57059 5.65056 2.4
    endloop
  endfacet
  facet normal -0.980779 -0.195122 0
    outer loop
      vertex 6.68546 5.22189 0
      vertex 6.64207 5.43999 2.4
      vertex 6.64207 5.43999 0
    endloop
  endfacet
  facet normal -0.980779 -0.195122 0
    outer loop
      vertex 6.64207 5.43999 2.4
      vertex 6.68546 5.22189 0
      vertex 6.68546 5.22189 2.4
    endloop
  endfacet
  facet normal -0.831469 -0.555572 0
    outer loop
      vertex 6.47224 5.85 0
      vertex 6.3487 6.03489 2.4
      vertex 6.3487 6.03489 0
    endloop
  endfacet
  facet normal -0.831469 -0.555572 0
    outer loop
      vertex 6.3487 6.03489 2.4
      vertex 6.47224 5.85 0
      vertex 6.47224 5.85 2.4
    endloop
  endfacet
  facet normal -0.321444 -0.946929 0
    outer loop
      vertex 5.43999 6.64207 0
      vertex 5.65056 6.57059 2.4
      vertex 5.43999 6.64207 2.4
    endloop
  endfacet
  facet normal -0.321444 -0.946929 -0
    outer loop
      vertex 5.65056 6.57059 2.4
      vertex 5.43999 6.64207 0
      vertex 5.65056 6.57059 0
    endloop
  endfacet
  facet normal -0.442278 -0.896878 0
    outer loop
      vertex 5.65056 6.57059 0
      vertex 5.85 6.47224 2.4
      vertex 5.65056 6.57059 2.4
    endloop
  endfacet
  facet normal -0.442278 -0.896878 -0
    outer loop
      vertex 5.85 6.47224 2.4
      vertex 5.65056 6.57059 0
      vertex 5.85 6.47224 0
    endloop
  endfacet
  facet normal 0.946942 -0.321404 0
    outer loop
      vertex 3.35793 5.43999 2.4
      vertex 3.4294 5.65056 0
      vertex 3.4294 5.65056 2.4
    endloop
  endfacet
  facet normal 0.946942 -0.321404 0
    outer loop
      vertex 3.4294 5.65056 0
      vertex 3.35793 5.43999 2.4
      vertex 3.35793 5.43999 0
    endloop
  endfacet
  facet normal 0.555572 -0.831469 0
    outer loop
      vertex 3.96511 6.3487 0
      vertex 4.15 6.47224 2.4
      vertex 3.96511 6.3487 2.4
    endloop
  endfacet
  facet normal 0.555572 -0.831469 0
    outer loop
      vertex 4.15 6.47224 2.4
      vertex 3.96511 6.3487 0
      vertex 4.15 6.47224 0
    endloop
  endfacet
  facet normal 0.19513 -0.980777 0
    outer loop
      vertex 4.56001 6.64207 0
      vertex 4.7781 6.68546 2.4
      vertex 4.56001 6.64207 2.4
    endloop
  endfacet
  facet normal 0.19513 -0.980777 0
    outer loop
      vertex 4.7781 6.68546 2.4
      vertex 4.56001 6.64207 0
      vertex 4.7781 6.68546 0
    endloop
  endfacet
  facet normal -0.442314 0.89686 0
    outer loop
      vertex 5.85 3.52776 0
      vertex 5.65056 3.4294 2.4
      vertex 5.85 3.52776 2.4
    endloop
  endfacet
  facet normal -0.442314 0.89686 0
    outer loop
      vertex 5.65056 3.4294 2.4
      vertex 5.85 3.52776 0
      vertex 5.65056 3.4294 0
    endloop
  endfacet
  facet normal -0.946929 -0.321444 0
    outer loop
      vertex 6.64207 5.43999 0
      vertex 6.57059 5.65056 2.4
      vertex 6.57059 5.65056 0
    endloop
  endfacet
  facet normal -0.946929 -0.321444 0
    outer loop
      vertex 6.57059 5.65056 2.4
      vertex 6.64207 5.43999 0
      vertex 6.64207 5.43999 2.4
    endloop
  endfacet
  facet normal -0.751844 -0.659342 0
    outer loop
      vertex 6.3487 6.03489 0
      vertex 6.20208 6.20208 2.4
      vertex 6.20208 6.20208 0
    endloop
  endfacet
  facet normal -0.751844 -0.659342 0
    outer loop
      vertex 6.20208 6.20208 2.4
      vertex 6.3487 6.03489 0
      vertex 6.3487 6.03489 2.4
    endloop
  endfacet
  facet normal -0.195122 -0.980779 0
    outer loop
      vertex 5.22189 6.68546 0
      vertex 5.43999 6.64207 2.4
      vertex 5.22189 6.68546 2.4
    endloop
  endfacet
  facet normal -0.195122 -0.980779 -0
    outer loop
      vertex 5.43999 6.64207 2.4
      vertex 5.22189 6.68546 0
      vertex 5.43999 6.64207 0
    endloop
  endfacet
  facet normal -0.0653877 -0.99786 0
    outer loop
      vertex 5 6.7 0
      vertex 5.22189 6.68546 2.4
      vertex 5 6.7 2.4
    endloop
  endfacet
  facet normal -0.0653877 -0.99786 -0
    outer loop
      vertex 5.22189 6.68546 2.4
      vertex 5 6.7 0
      vertex 5.22189 6.68546 0
    endloop
  endfacet
  facet normal -0.555572 -0.831469 0
    outer loop
      vertex 5.85 6.47224 0
      vertex 6.03489 6.3487 2.4
      vertex 5.85 6.47224 2.4
    endloop
  endfacet
  facet normal -0.555572 -0.831469 -0
    outer loop
      vertex 6.03489 6.3487 2.4
      vertex 5.85 6.47224 0
      vertex 6.03489 6.3487 0
    endloop
  endfacet
  facet normal 0.89686 -0.442314 0
    outer loop
      vertex 3.4294 5.65056 2.4
      vertex 3.52776 5.85 0
      vertex 3.52776 5.85 2.4
    endloop
  endfacet
  facet normal 0.89686 -0.442314 0
    outer loop
      vertex 3.52776 5.85 0
      vertex 3.4294 5.65056 2.4
      vertex 3.4294 5.65056 0
    endloop
  endfacet
  facet normal 0.831469 -0.555572 0
    outer loop
      vertex 3.52776 5.85 2.4
      vertex 3.6513 6.03489 0
      vertex 3.6513 6.03489 2.4
    endloop
  endfacet
  facet normal 0.831469 -0.555572 0
    outer loop
      vertex 3.6513 6.03489 0
      vertex 3.52776 5.85 2.4
      vertex 3.52776 5.85 0
    endloop
  endfacet
  facet normal 0.980779 -0.195122 0
    outer loop
      vertex 3.31454 5.22189 2.4
      vertex 3.35793 5.43999 0
      vertex 3.35793 5.43999 2.4
    endloop
  endfacet
  facet normal 0.980779 -0.195122 0
    outer loop
      vertex 3.35793 5.43999 0
      vertex 3.31454 5.22189 2.4
      vertex 3.31454 5.22189 0
    endloop
  endfacet
  facet normal 0.99786 -0.0653877 0
    outer loop
      vertex 3.3 5 2.4
      vertex 3.31454 5.22189 0
      vertex 3.31454 5.22189 2.4
    endloop
  endfacet
  facet normal 0.99786 -0.0653877 0
    outer loop
      vertex 3.31454 5.22189 0
      vertex 3.3 5 2.4
      vertex 3.3 5 0
    endloop
  endfacet
  facet normal 0.99786 0.0653848 0
    outer loop
      vertex 3.31454 4.7781 2.4
      vertex 3.3 5 0
      vertex 3.3 5 2.4
    endloop
  endfacet
  facet normal 0.99786 0.0653848 0
    outer loop
      vertex 3.3 5 0
      vertex 3.31454 4.7781 2.4
      vertex 3.31454 4.7781 0
    endloop
  endfacet
  facet normal 0.659342 -0.751844 0
    outer loop
      vertex 3.79792 6.20208 0
      vertex 3.96511 6.3487 2.4
      vertex 3.79792 6.20208 2.4
    endloop
  endfacet
  facet normal 0.659342 -0.751844 0
    outer loop
      vertex 3.96511 6.3487 2.4
      vertex 3.79792 6.20208 0
      vertex 3.96511 6.3487 0
    endloop
  endfacet
  facet normal 0.321444 -0.946929 0
    outer loop
      vertex 4.34944 6.57059 0
      vertex 4.56001 6.64207 2.4
      vertex 4.34944 6.57059 2.4
    endloop
  endfacet
  facet normal 0.321444 -0.946929 0
    outer loop
      vertex 4.56001 6.64207 2.4
      vertex 4.34944 6.57059 0
      vertex 4.56001 6.64207 0
    endloop
  endfacet
  facet normal -0.99786 0.0653848 0
    outer loop
      vertex 6.68546 4.7781 0
      vertex 6.7 5 2.4
      vertex 6.7 5 0
    endloop
  endfacet
  facet normal -0.99786 0.0653848 0
    outer loop
      vertex 6.7 5 2.4
      vertex 6.68546 4.7781 0
      vertex 6.68546 4.7781 2.4
    endloop
  endfacet
  facet normal -0.946929 0.321444 0
    outer loop
      vertex 6.57059 4.34944 0
      vertex 6.64207 4.56001 2.4
      vertex 6.64207 4.56001 0
    endloop
  endfacet
  facet normal -0.946929 0.321444 0
    outer loop
      vertex 6.64207 4.56001 2.4
      vertex 6.57059 4.34944 0
      vertex 6.57059 4.34944 2.4
    endloop
  endfacet
  facet normal -0.980777 0.19513 0
    outer loop
      vertex 6.64207 4.56001 0
      vertex 6.68546 4.7781 2.4
      vertex 6.68546 4.7781 0
    endloop
  endfacet
  facet normal -0.980777 0.19513 0
    outer loop
      vertex 6.68546 4.7781 2.4
      vertex 6.64207 4.56001 0
      vertex 6.64207 4.56001 2.4
    endloop
  endfacet
  facet normal 0.555572 0.831469 -0
    outer loop
      vertex 4.15 3.52776 0
      vertex 3.96511 3.6513 2.4
      vertex 4.15 3.52776 2.4
    endloop
  endfacet
  facet normal 0.555572 0.831469 0
    outer loop
      vertex 3.96511 3.6513 2.4
      vertex 4.15 3.52776 0
      vertex 3.96511 3.6513 0
    endloop
  endfacet
  facet normal 0.831469 0.555572 0
    outer loop
      vertex 3.6513 3.96511 2.4
      vertex 3.52776 4.15 0
      vertex 3.52776 4.15 2.4
    endloop
  endfacet
  facet normal 0.831469 0.555572 0
    outer loop
      vertex 3.52776 4.15 0
      vertex 3.6513 3.96511 2.4
      vertex 3.6513 3.96511 0
    endloop
  endfacet
  facet normal 0.751844 0.659342 0
    outer loop
      vertex 3.79792 3.79792 2.4
      vertex 3.6513 3.96511 0
      vertex 3.6513 3.96511 2.4
    endloop
  endfacet
  facet normal 0.751844 0.659342 0
    outer loop
      vertex 3.6513 3.96511 0
      vertex 3.79792 3.79792 2.4
      vertex 3.79792 3.79792 0
    endloop
  endfacet
  facet normal -0.555572 0.831469 0
    outer loop
      vertex 6.03489 3.6513 0
      vertex 5.85 3.52776 2.4
      vertex 6.03489 3.6513 2.4
    endloop
  endfacet
  facet normal -0.555572 0.831469 0
    outer loop
      vertex 5.85 3.52776 2.4
      vertex 6.03489 3.6513 0
      vertex 5.85 3.52776 0
    endloop
  endfacet
  facet normal 0.19513 0.980777 -0
    outer loop
      vertex 4.7781 3.31454 0
      vertex 4.56001 3.35793 2.4
      vertex 4.7781 3.31454 2.4
    endloop
  endfacet
  facet normal 0.19513 0.980777 0
    outer loop
      vertex 4.56001 3.35793 2.4
      vertex 4.7781 3.31454 0
      vertex 4.56001 3.35793 0
    endloop
  endfacet
  facet normal 0.659342 0.751844 -0
    outer loop
      vertex 3.96511 3.6513 0
      vertex 3.79792 3.79792 2.4
      vertex 3.96511 3.6513 2.4
    endloop
  endfacet
  facet normal 0.659342 0.751844 0
    outer loop
      vertex 3.79792 3.79792 2.4
      vertex 3.96511 3.6513 0
      vertex 3.79792 3.79792 0
    endloop
  endfacet
  facet normal 0.946942 0.321404 0
    outer loop
      vertex 3.4294 4.34944 2.4
      vertex 3.35793 4.56001 0
      vertex 3.35793 4.56001 2.4
    endloop
  endfacet
  facet normal 0.946942 0.321404 0
    outer loop
      vertex 3.35793 4.56001 0
      vertex 3.4294 4.34944 2.4
      vertex 3.4294 4.34944 0
    endloop
  endfacet
  facet normal 0.980777 0.19513 0
    outer loop
      vertex 3.35793 4.56001 2.4
      vertex 3.31454 4.7781 0
      vertex 3.31454 4.7781 2.4
    endloop
  endfacet
  facet normal 0.980777 0.19513 0
    outer loop
      vertex 3.31454 4.7781 0
      vertex 3.35793 4.56001 2.4
      vertex 3.35793 4.56001 0
    endloop
  endfacet
  facet normal 0.89686 0.442314 0
    outer loop
      vertex 3.52776 4.15 2.4
      vertex 3.4294 4.34944 0
      vertex 3.4294 4.34944 2.4
    endloop
  endfacet
  facet normal 0.89686 0.442314 0
    outer loop
      vertex 3.4294 4.34944 0
      vertex 3.52776 4.15 2.4
      vertex 3.52776 4.15 0
    endloop
  endfacet
  facet normal -0.659342 0.751844 0
    outer loop
      vertex 6.20208 3.79792 0
      vertex 6.03489 3.6513 2.4
      vertex 6.20208 3.79792 2.4
    endloop
  endfacet
  facet normal -0.659342 0.751844 0
    outer loop
      vertex 6.03489 3.6513 2.4
      vertex 6.20208 3.79792 0
      vertex 6.03489 3.6513 0
    endloop
  endfacet
  facet normal -0.321404 0.946942 0
    outer loop
      vertex 5.65056 3.4294 0
      vertex 5.43999 3.35793 2.4
      vertex 5.65056 3.4294 2.4
    endloop
  endfacet
  facet normal -0.321404 0.946942 0
    outer loop
      vertex 5.43999 3.35793 2.4
      vertex 5.65056 3.4294 0
      vertex 5.43999 3.35793 0
    endloop
  endfacet
  facet normal -0.195122 0.980779 0
    outer loop
      vertex 5.43999 3.35793 0
      vertex 5.22189 3.31454 2.4
      vertex 5.43999 3.35793 2.4
    endloop
  endfacet
  facet normal -0.195122 0.980779 0
    outer loop
      vertex 5.22189 3.31454 2.4
      vertex 5.43999 3.35793 0
      vertex 5.22189 3.31454 0
    endloop
  endfacet
  facet normal -0.896878 0.442278 0
    outer loop
      vertex 6.47224 4.15 0
      vertex 6.57059 4.34944 2.4
      vertex 6.57059 4.34944 0
    endloop
  endfacet
  facet normal -0.896878 0.442278 0
    outer loop
      vertex 6.57059 4.34944 2.4
      vertex 6.47224 4.15 0
      vertex 6.47224 4.15 2.4
    endloop
  endfacet
  facet normal -0.831469 0.555572 0
    outer loop
      vertex 6.3487 3.96511 0
      vertex 6.47224 4.15 2.4
      vertex 6.47224 4.15 0
    endloop
  endfacet
  facet normal -0.831469 0.555572 0
    outer loop
      vertex 6.47224 4.15 2.4
      vertex 6.3487 3.96511 0
      vertex 6.3487 3.96511 2.4
    endloop
  endfacet
  facet normal 0.0653848 0.99786 -0
    outer loop
      vertex 5 3.3 0
      vertex 4.7781 3.31454 2.4
      vertex 5 3.3 2.4
    endloop
  endfacet
  facet normal 0.0653848 0.99786 0
    outer loop
      vertex 4.7781 3.31454 2.4
      vertex 5 3.3 0
      vertex 4.7781 3.31454 0
    endloop
  endfacet
  facet normal 0.442314 0.89686 -0
    outer loop
      vertex 4.34944 3.4294 0
      vertex 4.15 3.52776 2.4
      vertex 4.34944 3.4294 2.4
    endloop
  endfacet
  facet normal 0.442314 0.89686 0
    outer loop
      vertex 4.15 3.52776 2.4
      vertex 4.34944 3.4294 0
      vertex 4.15 3.52776 0
    endloop
  endfacet
  facet normal 0.321404 0.946942 -0
    outer loop
      vertex 4.56001 3.35793 0
      vertex 4.34944 3.4294 2.4
      vertex 4.56001 3.35793 2.4
    endloop
  endfacet
  facet normal 0.321404 0.946942 0
    outer loop
      vertex 4.34944 3.4294 2.4
      vertex 4.56001 3.35793 0
      vertex 4.34944 3.4294 0
    endloop
  endfacet
  facet normal -0.997872 -0.0652086 0
    outer loop
      vertex 52.7 5 0
      vertex 52.6855 5.22189 2.4
      vertex 52.6855 5.22189 0
    endloop
  endfacet
  facet normal -0.997872 -0.0652086 0
    outer loop
      vertex 52.6855 5.22189 2.4
      vertex 52.7 5 0
      vertex 52.7 5 2.4
    endloop
  endfacet
  facet normal 0.0653848 -0.99786 0
    outer loop
      vertex 50.7781 6.68546 0
      vertex 51 6.7 2.4
      vertex 50.7781 6.68546 2.4
    endloop
  endfacet
  facet normal 0.0653848 -0.99786 0
    outer loop
      vertex 51 6.7 2.4
      vertex 50.7781 6.68546 0
      vertex 51 6.7 0
    endloop
  endfacet
  facet normal -0.659319 -0.751863 0
    outer loop
      vertex 52.0349 6.3487 0
      vertex 52.2021 6.20208 2.4
      vertex 52.0349 6.3487 2.4
    endloop
  endfacet
  facet normal -0.659319 -0.751863 -0
    outer loop
      vertex 52.2021 6.20208 2.4
      vertex 52.0349 6.3487 0
      vertex 52.2021 6.20208 0
    endloop
  endfacet
  facet normal 0.751888 -0.659291 0
    outer loop
      vertex 49.6513 6.03489 2.4
      vertex 49.7979 6.20208 0
      vertex 49.7979 6.20208 2.4
    endloop
  endfacet
  facet normal 0.751888 -0.659291 0
    outer loop
      vertex 49.7979 6.20208 0
      vertex 49.6513 6.03489 2.4
      vertex 49.6513 6.03489 0
    endloop
  endfacet
  facet normal 0.442349 -0.896843 0
    outer loop
      vertex 50.15 6.47224 0
      vertex 50.3494 6.57059 2.4
      vertex 50.15 6.47224 2.4
    endloop
  endfacet
  facet normal 0.442349 -0.896843 0
    outer loop
      vertex 50.3494 6.57059 2.4
      vertex 50.15 6.47224 0
      vertex 50.3494 6.57059 0
    endloop
  endfacet
  facet normal -0.831552 0.555447 0
    outer loop
      vertex 52.3487 3.96511 0
      vertex 52.4722 4.15 2.4
      vertex 52.4722 4.15 0
    endloop
  endfacet
  facet normal -0.831552 0.555447 0
    outer loop
      vertex 52.4722 4.15 2.4
      vertex 52.3487 3.96511 0
      vertex 52.3487 3.96511 2.4
    endloop
  endfacet
  facet normal -0.896789 -0.442459 0
    outer loop
      vertex 52.5706 5.65056 0
      vertex 52.4722 5.85 2.4
      vertex 52.4722 5.85 0
    endloop
  endfacet
  facet normal -0.896789 -0.442459 0
    outer loop
      vertex 52.4722 5.85 2.4
      vertex 52.5706 5.65056 0
      vertex 52.5706 5.65056 2.4
    endloop
  endfacet
  facet normal -0.98077 -0.195165 0
    outer loop
      vertex 52.6855 5.22189 0
      vertex 52.6421 5.43999 2.4
      vertex 52.6421 5.43999 0
    endloop
  endfacet
  facet normal -0.98077 -0.195165 0
    outer loop
      vertex 52.6421 5.43999 2.4
      vertex 52.6855 5.22189 0
      vertex 52.6855 5.22189 2.4
    endloop
  endfacet
  facet normal -0.831552 -0.555447 0
    outer loop
      vertex 52.4722 5.85 0
      vertex 52.3487 6.03489 2.4
      vertex 52.3487 6.03489 0
    endloop
  endfacet
  facet normal -0.831552 -0.555447 0
    outer loop
      vertex 52.3487 6.03489 2.4
      vertex 52.4722 5.85 0
      vertex 52.4722 5.85 2.4
    endloop
  endfacet
  facet normal -0.321403 -0.946943 0
    outer loop
      vertex 51.44 6.64207 0
      vertex 51.6506 6.57059 2.4
      vertex 51.44 6.64207 2.4
    endloop
  endfacet
  facet normal -0.321403 -0.946943 -0
    outer loop
      vertex 51.6506 6.57059 2.4
      vertex 51.44 6.64207 0
      vertex 51.6506 6.57059 0
    endloop
  endfacet
  facet normal -0.555551 -0.831483 0
    outer loop
      vertex 51.85 6.47224 0
      vertex 52.0349 6.3487 2.4
      vertex 51.85 6.47224 2.4
    endloop
  endfacet
  facet normal -0.555551 -0.831483 -0
    outer loop
      vertex 52.0349 6.3487 2.4
      vertex 51.85 6.47224 0
      vertex 52.0349 6.3487 0
    endloop
  endfacet
  facet normal 0.946901 -0.321525 0
    outer loop
      vertex 49.3579 5.43999 2.4
      vertex 49.4294 5.65056 0
      vertex 49.4294 5.65056 2.4
    endloop
  endfacet
  facet normal 0.946901 -0.321525 0
    outer loop
      vertex 49.4294 5.65056 0
      vertex 49.3579 5.43999 2.4
      vertex 49.3579 5.43999 0
    endloop
  endfacet
  facet normal 0.896789 -0.442459 0
    outer loop
      vertex 49.4294 5.65056 2.4
      vertex 49.5278 5.85 0
      vertex 49.5278 5.85 2.4
    endloop
  endfacet
  facet normal 0.896789 -0.442459 0
    outer loop
      vertex 49.5278 5.85 0
      vertex 49.4294 5.65056 2.4
      vertex 49.4294 5.65056 0
    endloop
  endfacet
  facet normal 0.997872 -0.0652086 0
    outer loop
      vertex 49.3 5 2.4
      vertex 49.3145 5.22189 0
      vertex 49.3145 5.22189 2.4
    endloop
  endfacet
  facet normal 0.997872 -0.0652086 0
    outer loop
      vertex 49.3145 5.22189 0
      vertex 49.3 5 2.4
      vertex 49.3 5 0
    endloop
  endfacet
  facet normal 0.555551 -0.831483 0
    outer loop
      vertex 49.9651 6.3487 0
      vertex 50.15 6.47224 2.4
      vertex 49.9651 6.3487 2.4
    endloop
  endfacet
  facet normal 0.555551 -0.831483 0
    outer loop
      vertex 50.15 6.47224 2.4
      vertex 49.9651 6.3487 0
      vertex 50.15 6.47224 0
    endloop
  endfacet
  facet normal 0.195122 -0.980779 0
    outer loop
      vertex 50.56 6.64207 0
      vertex 50.7781 6.68546 2.4
      vertex 50.56 6.64207 2.4
    endloop
  endfacet
  facet normal 0.195122 -0.980779 0
    outer loop
      vertex 50.7781 6.68546 2.4
      vertex 50.56 6.64207 0
      vertex 50.7781 6.68546 0
    endloop
  endfacet
  facet normal -0.997872 0.0652057 0
    outer loop
      vertex 52.6855 4.7781 0
      vertex 52.7 5 2.4
      vertex 52.7 5 0
    endloop
  endfacet
  facet normal -0.997872 0.0652057 0
    outer loop
      vertex 52.7 5 2.4
      vertex 52.6855 4.7781 0
      vertex 52.6855 4.7781 2.4
    endloop
  endfacet
  facet normal -0.195122 0.980779 0
    outer loop
      vertex 51.44 3.35793 0
      vertex 51.2219 3.31454 2.4
      vertex 51.44 3.35793 2.4
    endloop
  endfacet
  facet normal -0.195122 0.980779 0
    outer loop
      vertex 51.2219 3.31454 2.4
      vertex 51.44 3.35793 0
      vertex 51.2219 3.31454 0
    endloop
  endfacet
  facet normal -0.946901 -0.321525 0
    outer loop
      vertex 52.6421 5.43999 0
      vertex 52.5706 5.65056 2.4
      vertex 52.5706 5.65056 0
    endloop
  endfacet
  facet normal -0.946901 -0.321525 0
    outer loop
      vertex 52.5706 5.65056 2.4
      vertex 52.6421 5.43999 0
      vertex 52.6421 5.43999 2.4
    endloop
  endfacet
  facet normal -0.751888 -0.659291 0
    outer loop
      vertex 52.3487 6.03489 0
      vertex 52.2021 6.20208 2.4
      vertex 52.2021 6.20208 0
    endloop
  endfacet
  facet normal -0.751888 -0.659291 0
    outer loop
      vertex 52.2021 6.20208 2.4
      vertex 52.3487 6.03489 0
      vertex 52.3487 6.03489 2.4
    endloop
  endfacet
  facet normal -0.195122 -0.980779 0
    outer loop
      vertex 51.2219 6.68546 0
      vertex 51.44 6.64207 2.4
      vertex 51.2219 6.68546 2.4
    endloop
  endfacet
  facet normal -0.195122 -0.980779 -0
    outer loop
      vertex 51.44 6.64207 2.4
      vertex 51.2219 6.68546 0
      vertex 51.44 6.64207 0
    endloop
  endfacet
  facet normal -0.0653848 -0.99786 0
    outer loop
      vertex 51 6.7 0
      vertex 51.2219 6.68546 2.4
      vertex 51 6.7 2.4
    endloop
  endfacet
  facet normal -0.0653848 -0.99786 -0
    outer loop
      vertex 51.2219 6.68546 2.4
      vertex 51 6.7 0
      vertex 51.2219 6.68546 0
    endloop
  endfacet
  facet normal -0.442349 -0.896843 0
    outer loop
      vertex 51.6506 6.57059 0
      vertex 51.85 6.47224 2.4
      vertex 51.6506 6.57059 2.4
    endloop
  endfacet
  facet normal -0.442349 -0.896843 -0
    outer loop
      vertex 51.85 6.47224 2.4
      vertex 51.6506 6.57059 0
      vertex 51.85 6.47224 0
    endloop
  endfacet
  facet normal 0.997872 0.0652057 0
    outer loop
      vertex 49.3145 4.7781 2.4
      vertex 49.3 5 0
      vertex 49.3 5 2.4
    endloop
  endfacet
  facet normal 0.997872 0.0652057 0
    outer loop
      vertex 49.3 5 0
      vertex 49.3145 4.7781 2.4
      vertex 49.3145 4.7781 0
    endloop
  endfacet
  facet normal 0.98077 -0.195165 0
    outer loop
      vertex 49.3145 5.22189 2.4
      vertex 49.3579 5.43999 0
      vertex 49.3579 5.43999 2.4
    endloop
  endfacet
  facet normal 0.98077 -0.195165 0
    outer loop
      vertex 49.3579 5.43999 0
      vertex 49.3145 5.22189 2.4
      vertex 49.3145 5.22189 0
    endloop
  endfacet
  facet normal 0.659319 -0.751863 0
    outer loop
      vertex 49.7979 6.20208 0
      vertex 49.9651 6.3487 2.4
      vertex 49.7979 6.20208 2.4
    endloop
  endfacet
  facet normal 0.659319 -0.751863 0
    outer loop
      vertex 49.9651 6.3487 2.4
      vertex 49.7979 6.20208 0
      vertex 49.9651 6.3487 0
    endloop
  endfacet
  facet normal 0.321403 -0.946943 0
    outer loop
      vertex 50.3494 6.57059 0
      vertex 50.56 6.64207 2.4
      vertex 50.3494 6.57059 2.4
    endloop
  endfacet
  facet normal 0.321403 -0.946943 0
    outer loop
      vertex 50.56 6.64207 2.4
      vertex 50.3494 6.57059 0
      vertex 50.56 6.64207 0
    endloop
  endfacet
  facet normal -0.555551 0.831483 0
    outer loop
      vertex 52.0349 3.6513 0
      vertex 51.85 3.52776 2.4
      vertex 52.0349 3.6513 2.4
    endloop
  endfacet
  facet normal -0.555551 0.831483 0
    outer loop
      vertex 51.85 3.52776 2.4
      vertex 52.0349 3.6513 0
      vertex 51.85 3.52776 0
    endloop
  endfacet
  facet normal -0.946901 0.321525 0
    outer loop
      vertex 52.5706 4.34944 0
      vertex 52.6421 4.56001 2.4
      vertex 52.6421 4.56001 0
    endloop
  endfacet
  facet normal -0.946901 0.321525 0
    outer loop
      vertex 52.6421 4.56001 2.4
      vertex 52.5706 4.34944 0
      vertex 52.5706 4.34944 2.4
    endloop
  endfacet
  facet normal -0.896789 0.442459 0
    outer loop
      vertex 52.4722 4.15 0
      vertex 52.5706 4.34944 2.4
      vertex 52.5706 4.34944 0
    endloop
  endfacet
  facet normal -0.896789 0.442459 0
    outer loop
      vertex 52.5706 4.34944 2.4
      vertex 52.4722 4.15 0
      vertex 52.4722 4.15 2.4
    endloop
  endfacet
  facet normal -0.980769 0.195173 0
    outer loop
      vertex 52.6421 4.56001 0
      vertex 52.6855 4.7781 2.4
      vertex 52.6855 4.7781 0
    endloop
  endfacet
  facet normal -0.980769 0.195173 0
    outer loop
      vertex 52.6855 4.7781 2.4
      vertex 52.6421 4.56001 0
      vertex 52.6421 4.56001 2.4
    endloop
  endfacet
  facet normal 0.751888 0.659291 0
    outer loop
      vertex 49.7979 3.79792 2.4
      vertex 49.6513 3.96511 0
      vertex 49.6513 3.96511 2.4
    endloop
  endfacet
  facet normal 0.751888 0.659291 0
    outer loop
      vertex 49.6513 3.96511 0
      vertex 49.7979 3.79792 2.4
      vertex 49.7979 3.79792 0
    endloop
  endfacet
  facet normal 0.831552 0.555447 0
    outer loop
      vertex 49.6513 3.96511 2.4
      vertex 49.5278 4.15 0
      vertex 49.5278 4.15 2.4
    endloop
  endfacet
  facet normal 0.831552 0.555447 0
    outer loop
      vertex 49.5278 4.15 0
      vertex 49.6513 3.96511 2.4
      vertex 49.6513 3.96511 0
    endloop
  endfacet
  facet normal 0.980769 0.195173 0
    outer loop
      vertex 49.3579 4.56001 2.4
      vertex 49.3145 4.7781 0
      vertex 49.3145 4.7781 2.4
    endloop
  endfacet
  facet normal 0.980769 0.195173 0
    outer loop
      vertex 49.3145 4.7781 0
      vertex 49.3579 4.56001 2.4
      vertex 49.3579 4.56001 0
    endloop
  endfacet
  facet normal 0.896789 0.442459 0
    outer loop
      vertex 49.5278 4.15 2.4
      vertex 49.4294 4.34944 0
      vertex 49.4294 4.34944 2.4
    endloop
  endfacet
  facet normal 0.896789 0.442459 0
    outer loop
      vertex 49.4294 4.34944 0
      vertex 49.5278 4.15 2.4
      vertex 49.5278 4.15 0
    endloop
  endfacet
  facet normal -0.442386 0.896825 0
    outer loop
      vertex 51.85 3.52776 0
      vertex 51.6506 3.4294 2.4
      vertex 51.85 3.52776 2.4
    endloop
  endfacet
  facet normal -0.442386 0.896825 0
    outer loop
      vertex 51.6506 3.4294 2.4
      vertex 51.85 3.52776 0
      vertex 51.6506 3.4294 0
    endloop
  endfacet
  facet normal -0.321363 0.946956 0
    outer loop
      vertex 51.6506 3.4294 0
      vertex 51.44 3.35793 2.4
      vertex 51.6506 3.4294 2.4
    endloop
  endfacet
  facet normal -0.321363 0.946956 0
    outer loop
      vertex 51.44 3.35793 2.4
      vertex 51.6506 3.4294 0
      vertex 51.44 3.35793 0
    endloop
  endfacet
  facet normal 0.831552 -0.555447 0
    outer loop
      vertex 49.5278 5.85 2.4
      vertex 49.6513 6.03489 0
      vertex 49.6513 6.03489 2.4
    endloop
  endfacet
  facet normal 0.831552 -0.555447 0
    outer loop
      vertex 49.6513 6.03489 0
      vertex 49.5278 5.85 2.4
      vertex 49.5278 5.85 0
    endloop
  endfacet
  facet normal -0.0653848 0.99786 0
    outer loop
      vertex 51.2219 3.31454 0
      vertex 51 3.3 2.4
      vertex 51.2219 3.31454 2.4
    endloop
  endfacet
  facet normal -0.0653848 0.99786 0
    outer loop
      vertex 51 3.3 2.4
      vertex 51.2219 3.31454 0
      vertex 51 3.3 0
    endloop
  endfacet
  facet normal 0.442386 0.896825 -0
    outer loop
      vertex 50.3494 3.4294 0
      vertex 50.15 3.52776 2.4
      vertex 50.3494 3.4294 2.4
    endloop
  endfacet
  facet normal 0.442386 0.896825 0
    outer loop
      vertex 50.15 3.52776 2.4
      vertex 50.3494 3.4294 0
      vertex 50.15 3.52776 0
    endloop
  endfacet
  facet normal 0.946901 0.321525 0
    outer loop
      vertex 49.4294 4.34944 2.4
      vertex 49.3579 4.56001 0
      vertex 49.3579 4.56001 2.4
    endloop
  endfacet
  facet normal 0.946901 0.321525 0
    outer loop
      vertex 49.3579 4.56001 0
      vertex 49.4294 4.34944 2.4
      vertex 49.4294 4.34944 0
    endloop
  endfacet
  facet normal -0.659319 0.751863 0
    outer loop
      vertex 52.2021 3.79792 0
      vertex 52.0349 3.6513 2.4
      vertex 52.2021 3.79792 2.4
    endloop
  endfacet
  facet normal -0.659319 0.751863 0
    outer loop
      vertex 52.0349 3.6513 2.4
      vertex 52.2021 3.79792 0
      vertex 52.0349 3.6513 0
    endloop
  endfacet
  facet normal 0.195122 0.980779 -0
    outer loop
      vertex 50.7781 3.31454 0
      vertex 50.56 3.35793 2.4
      vertex 50.7781 3.31454 2.4
    endloop
  endfacet
  facet normal 0.195122 0.980779 0
    outer loop
      vertex 50.56 3.35793 2.4
      vertex 50.7781 3.31454 0
      vertex 50.56 3.35793 0
    endloop
  endfacet
  facet normal 0.321363 0.946956 -0
    outer loop
      vertex 50.56 3.35793 0
      vertex 50.3494 3.4294 2.4
      vertex 50.56 3.35793 2.4
    endloop
  endfacet
  facet normal 0.321363 0.946956 0
    outer loop
      vertex 50.3494 3.4294 2.4
      vertex 50.56 3.35793 0
      vertex 50.3494 3.4294 0
    endloop
  endfacet
  facet normal 0.555551 0.831483 -0
    outer loop
      vertex 50.15 3.52776 0
      vertex 49.9651 3.6513 2.4
      vertex 50.15 3.52776 2.4
    endloop
  endfacet
  facet normal 0.555551 0.831483 0
    outer loop
      vertex 49.9651 3.6513 2.4
      vertex 50.15 3.52776 0
      vertex 49.9651 3.6513 0
    endloop
  endfacet
  facet normal 0.659319 0.751863 -0
    outer loop
      vertex 49.9651 3.6513 0
      vertex 49.7979 3.79792 2.4
      vertex 49.9651 3.6513 2.4
    endloop
  endfacet
  facet normal 0.659319 0.751863 0
    outer loop
      vertex 49.7979 3.79792 2.4
      vertex 49.9651 3.6513 0
      vertex 49.7979 3.79792 0
    endloop
  endfacet
  facet normal -0.751888 0.659291 0
    outer loop
      vertex 52.2021 3.79792 0
      vertex 52.3487 3.96511 2.4
      vertex 52.3487 3.96511 0
    endloop
  endfacet
  facet normal -0.751888 0.659291 0
    outer loop
      vertex 52.3487 3.96511 2.4
      vertex 52.2021 3.79792 0
      vertex 52.2021 3.79792 2.4
    endloop
  endfacet
  facet normal 0.0653848 0.99786 -0
    outer loop
      vertex 51 3.3 0
      vertex 50.7781 3.31454 2.4
      vertex 51 3.3 2.4
    endloop
  endfacet
  facet normal 0.0653848 0.99786 0
    outer loop
      vertex 50.7781 3.31454 2.4
      vertex 51 3.3 0
      vertex 50.7781 3.31454 0
    endloop
  endfacet
  facet normal -0.99786 -0.0653848 0
    outer loop
      vertex 6.7 51 0
      vertex 6.68546 51.2219 2.4
      vertex 6.68546 51.2219 0
    endloop
  endfacet
  facet normal -0.99786 -0.0653848 0
    outer loop
      vertex 6.68546 51.2219 2.4
      vertex 6.7 51 0
      vertex 6.7 51 2.4
    endloop
  endfacet
  facet normal 0.0652057 -0.997872 0
    outer loop
      vertex 4.7781 52.6855 0
      vertex 5 52.7 2.4
      vertex 4.7781 52.6855 2.4
    endloop
  endfacet
  facet normal 0.0652057 -0.997872 0
    outer loop
      vertex 5 52.7 2.4
      vertex 4.7781 52.6855 0
      vertex 5 52.7 0
    endloop
  endfacet
  facet normal -0.0652086 0.997872 0
    outer loop
      vertex 5.22189 49.3145 0
      vertex 5 49.3 2.4
      vertex 5.22189 49.3145 2.4
    endloop
  endfacet
  facet normal -0.0652086 0.997872 0
    outer loop
      vertex 5 49.3 2.4
      vertex 5.22189 49.3145 0
      vertex 5 49.3 0
    endloop
  endfacet
  facet normal -0.751863 0.659319 0
    outer loop
      vertex 6.20208 49.7979 0
      vertex 6.3487 49.9651 2.4
      vertex 6.3487 49.9651 0
    endloop
  endfacet
  facet normal -0.751863 0.659319 0
    outer loop
      vertex 6.3487 49.9651 2.4
      vertex 6.20208 49.7979 0
      vertex 6.20208 49.7979 2.4
    endloop
  endfacet
  facet normal -0.659291 -0.751888 0
    outer loop
      vertex 6.03489 52.3487 0
      vertex 6.20208 52.2021 2.4
      vertex 6.03489 52.3487 2.4
    endloop
  endfacet
  facet normal -0.659291 -0.751888 -0
    outer loop
      vertex 6.20208 52.2021 2.4
      vertex 6.03489 52.3487 0
      vertex 6.20208 52.2021 0
    endloop
  endfacet
  facet normal 0.751863 -0.659319 0
    outer loop
      vertex 3.6513 52.0349 2.4
      vertex 3.79792 52.2021 0
      vertex 3.79792 52.2021 2.4
    endloop
  endfacet
  facet normal 0.751863 -0.659319 0
    outer loop
      vertex 3.79792 52.2021 0
      vertex 3.6513 52.0349 2.4
      vertex 3.6513 52.0349 0
    endloop
  endfacet
  facet normal 0.442459 -0.896789 0
    outer loop
      vertex 4.15 52.4722 0
      vertex 4.34944 52.5706 2.4
      vertex 4.15 52.4722 2.4
    endloop
  endfacet
  facet normal 0.442459 -0.896789 0
    outer loop
      vertex 4.34944 52.5706 2.4
      vertex 4.15 52.4722 0
      vertex 4.34944 52.5706 0
    endloop
  endfacet
  facet normal -0.896843 -0.442349 0
    outer loop
      vertex 6.57059 51.6506 0
      vertex 6.47224 51.85 2.4
      vertex 6.47224 51.85 0
    endloop
  endfacet
  facet normal -0.896843 -0.442349 0
    outer loop
      vertex 6.47224 51.85 2.4
      vertex 6.57059 51.6506 0
      vertex 6.57059 51.6506 2.4
    endloop
  endfacet
  facet normal -0.980779 -0.195122 0
    outer loop
      vertex 6.68546 51.2219 0
      vertex 6.64207 51.44 2.4
      vertex 6.64207 51.44 0
    endloop
  endfacet
  facet normal -0.980779 -0.195122 0
    outer loop
      vertex 6.64207 51.44 2.4
      vertex 6.68546 51.2219 0
      vertex 6.68546 51.2219 2.4
    endloop
  endfacet
  facet normal -0.831483 -0.555551 0
    outer loop
      vertex 6.47224 51.85 0
      vertex 6.3487 52.0349 2.4
      vertex 6.3487 52.0349 0
    endloop
  endfacet
  facet normal -0.831483 -0.555551 0
    outer loop
      vertex 6.3487 52.0349 2.4
      vertex 6.47224 51.85 0
      vertex 6.47224 51.85 2.4
    endloop
  endfacet
  facet normal -0.321525 -0.946901 0
    outer loop
      vertex 5.43999 52.6421 0
      vertex 5.65056 52.5706 2.4
      vertex 5.43999 52.6421 2.4
    endloop
  endfacet
  facet normal -0.321525 -0.946901 -0
    outer loop
      vertex 5.65056 52.5706 2.4
      vertex 5.43999 52.6421 0
      vertex 5.65056 52.5706 0
    endloop
  endfacet
  facet normal -0.442459 -0.896789 0
    outer loop
      vertex 5.65056 52.5706 0
      vertex 5.85 52.4722 2.4
      vertex 5.65056 52.5706 2.4
    endloop
  endfacet
  facet normal -0.442459 -0.896789 -0
    outer loop
      vertex 5.85 52.4722 2.4
      vertex 5.65056 52.5706 0
      vertex 5.85 52.4722 0
    endloop
  endfacet
  facet normal 0.946956 -0.321363 0
    outer loop
      vertex 3.35793 51.44 2.4
      vertex 3.4294 51.6506 0
      vertex 3.4294 51.6506 2.4
    endloop
  endfacet
  facet normal 0.946956 -0.321363 0
    outer loop
      vertex 3.4294 51.6506 0
      vertex 3.35793 51.44 2.4
      vertex 3.35793 51.44 0
    endloop
  endfacet
  facet normal 0.555447 -0.831552 0
    outer loop
      vertex 3.96511 52.3487 0
      vertex 4.15 52.4722 2.4
      vertex 3.96511 52.3487 2.4
    endloop
  endfacet
  facet normal 0.555447 -0.831552 0
    outer loop
      vertex 4.15 52.4722 2.4
      vertex 3.96511 52.3487 0
      vertex 4.15 52.4722 0
    endloop
  endfacet
  facet normal 0.195173 -0.980769 0
    outer loop
      vertex 4.56001 52.6421 0
      vertex 4.7781 52.6855 2.4
      vertex 4.56001 52.6421 2.4
    endloop
  endfacet
  facet normal 0.195173 -0.980769 0
    outer loop
      vertex 4.7781 52.6855 2.4
      vertex 4.56001 52.6421 0
      vertex 4.7781 52.6855 0
    endloop
  endfacet
  facet normal -0.195165 0.98077 0
    outer loop
      vertex 5.43999 49.3579 0
      vertex 5.22189 49.3145 2.4
      vertex 5.43999 49.3579 2.4
    endloop
  endfacet
  facet normal -0.195165 0.98077 0
    outer loop
      vertex 5.22189 49.3145 2.4
      vertex 5.43999 49.3579 0
      vertex 5.22189 49.3145 0
    endloop
  endfacet
  facet normal -0.946943 -0.321403 0
    outer loop
      vertex 6.64207 51.44 0
      vertex 6.57059 51.6506 2.4
      vertex 6.57059 51.6506 0
    endloop
  endfacet
  facet normal -0.946943 -0.321403 0
    outer loop
      vertex 6.57059 51.6506 2.4
      vertex 6.64207 51.44 0
      vertex 6.64207 51.44 2.4
    endloop
  endfacet
  facet normal -0.751863 -0.659319 0
    outer loop
      vertex 6.3487 52.0349 0
      vertex 6.20208 52.2021 2.4
      vertex 6.20208 52.2021 0
    endloop
  endfacet
  facet normal -0.751863 -0.659319 0
    outer loop
      vertex 6.20208 52.2021 2.4
      vertex 6.3487 52.0349 0
      vertex 6.3487 52.0349 2.4
    endloop
  endfacet
  facet normal -0.195165 -0.98077 0
    outer loop
      vertex 5.22189 52.6855 0
      vertex 5.43999 52.6421 2.4
      vertex 5.22189 52.6855 2.4
    endloop
  endfacet
  facet normal -0.195165 -0.98077 -0
    outer loop
      vertex 5.43999 52.6421 2.4
      vertex 5.22189 52.6855 0
      vertex 5.43999 52.6421 0
    endloop
  endfacet
  facet normal -0.0652086 -0.997872 0
    outer loop
      vertex 5 52.7 0
      vertex 5.22189 52.6855 2.4
      vertex 5 52.7 2.4
    endloop
  endfacet
  facet normal -0.0652086 -0.997872 -0
    outer loop
      vertex 5.22189 52.6855 2.4
      vertex 5 52.7 0
      vertex 5.22189 52.6855 0
    endloop
  endfacet
  facet normal -0.555447 -0.831552 0
    outer loop
      vertex 5.85 52.4722 0
      vertex 6.03489 52.3487 2.4
      vertex 5.85 52.4722 2.4
    endloop
  endfacet
  facet normal -0.555447 -0.831552 -0
    outer loop
      vertex 6.03489 52.3487 2.4
      vertex 5.85 52.4722 0
      vertex 6.03489 52.3487 0
    endloop
  endfacet
  facet normal 0.896825 -0.442386 0
    outer loop
      vertex 3.4294 51.6506 2.4
      vertex 3.52776 51.85 0
      vertex 3.52776 51.85 2.4
    endloop
  endfacet
  facet normal 0.896825 -0.442386 0
    outer loop
      vertex 3.52776 51.85 0
      vertex 3.4294 51.6506 2.4
      vertex 3.4294 51.6506 0
    endloop
  endfacet
  facet normal 0.831483 -0.555551 0
    outer loop
      vertex 3.52776 51.85 2.4
      vertex 3.6513 52.0349 0
      vertex 3.6513 52.0349 2.4
    endloop
  endfacet
  facet normal 0.831483 -0.555551 0
    outer loop
      vertex 3.6513 52.0349 0
      vertex 3.52776 51.85 2.4
      vertex 3.52776 51.85 0
    endloop
  endfacet
  facet normal 0.980779 -0.195122 0
    outer loop
      vertex 3.31454 51.2219 2.4
      vertex 3.35793 51.44 0
      vertex 3.35793 51.44 2.4
    endloop
  endfacet
  facet normal 0.980779 -0.195122 0
    outer loop
      vertex 3.35793 51.44 0
      vertex 3.31454 51.2219 2.4
      vertex 3.31454 51.2219 0
    endloop
  endfacet
  facet normal 0.99786 -0.0653848 0
    outer loop
      vertex 3.3 51 2.4
      vertex 3.31454 51.2219 0
      vertex 3.31454 51.2219 2.4
    endloop
  endfacet
  facet normal 0.99786 -0.0653848 0
    outer loop
      vertex 3.31454 51.2219 0
      vertex 3.3 51 2.4
      vertex 3.3 51 0
    endloop
  endfacet
  facet normal 0.99786 0.0653848 0
    outer loop
      vertex 3.31454 50.7781 2.4
      vertex 3.3 51 0
      vertex 3.3 51 2.4
    endloop
  endfacet
  facet normal 0.99786 0.0653848 0
    outer loop
      vertex 3.3 51 0
      vertex 3.31454 50.7781 2.4
      vertex 3.31454 50.7781 0
    endloop
  endfacet
  facet normal 0.659291 -0.751888 0
    outer loop
      vertex 3.79792 52.2021 0
      vertex 3.96511 52.3487 2.4
      vertex 3.79792 52.2021 2.4
    endloop
  endfacet
  facet normal 0.659291 -0.751888 0
    outer loop
      vertex 3.96511 52.3487 2.4
      vertex 3.79792 52.2021 0
      vertex 3.96511 52.3487 0
    endloop
  endfacet
  facet normal 0.321525 -0.946901 0
    outer loop
      vertex 4.34944 52.5706 0
      vertex 4.56001 52.6421 2.4
      vertex 4.34944 52.5706 2.4
    endloop
  endfacet
  facet normal 0.321525 -0.946901 0
    outer loop
      vertex 4.56001 52.6421 2.4
      vertex 4.34944 52.5706 0
      vertex 4.56001 52.6421 0
    endloop
  endfacet
  facet normal -0.99786 0.0653848 0
    outer loop
      vertex 6.68546 50.7781 0
      vertex 6.7 51 2.4
      vertex 6.7 51 0
    endloop
  endfacet
  facet normal -0.99786 0.0653848 0
    outer loop
      vertex 6.7 51 2.4
      vertex 6.68546 50.7781 0
      vertex 6.68546 50.7781 2.4
    endloop
  endfacet
  facet normal -0.946943 0.321403 0
    outer loop
      vertex 6.57059 50.3494 0
      vertex 6.64207 50.56 2.4
      vertex 6.64207 50.56 0
    endloop
  endfacet
  facet normal -0.946943 0.321403 0
    outer loop
      vertex 6.64207 50.56 2.4
      vertex 6.57059 50.3494 0
      vertex 6.57059 50.3494 2.4
    endloop
  endfacet
  facet normal -0.980779 0.195122 0
    outer loop
      vertex 6.64207 50.56 0
      vertex 6.68546 50.7781 2.4
      vertex 6.68546 50.7781 0
    endloop
  endfacet
  facet normal -0.980779 0.195122 0
    outer loop
      vertex 6.68546 50.7781 2.4
      vertex 6.64207 50.56 0
      vertex 6.64207 50.56 2.4
    endloop
  endfacet
  facet normal 0.555447 0.831552 -0
    outer loop
      vertex 4.15 49.5278 0
      vertex 3.96511 49.6513 2.4
      vertex 4.15 49.5278 2.4
    endloop
  endfacet
  facet normal 0.555447 0.831552 0
    outer loop
      vertex 3.96511 49.6513 2.4
      vertex 4.15 49.5278 0
      vertex 3.96511 49.6513 0
    endloop
  endfacet
  facet normal 0.831483 0.555551 0
    outer loop
      vertex 3.6513 49.9651 2.4
      vertex 3.52776 50.15 0
      vertex 3.52776 50.15 2.4
    endloop
  endfacet
  facet normal 0.831483 0.555551 0
    outer loop
      vertex 3.52776 50.15 0
      vertex 3.6513 49.9651 2.4
      vertex 3.6513 49.9651 0
    endloop
  endfacet
  facet normal 0.751863 0.659319 0
    outer loop
      vertex 3.79792 49.7979 2.4
      vertex 3.6513 49.9651 0
      vertex 3.6513 49.9651 2.4
    endloop
  endfacet
  facet normal 0.751863 0.659319 0
    outer loop
      vertex 3.6513 49.9651 0
      vertex 3.79792 49.7979 2.4
      vertex 3.79792 49.7979 0
    endloop
  endfacet
  facet normal -0.555447 0.831552 0
    outer loop
      vertex 6.03489 49.6513 0
      vertex 5.85 49.5278 2.4
      vertex 6.03489 49.6513 2.4
    endloop
  endfacet
  facet normal -0.555447 0.831552 0
    outer loop
      vertex 5.85 49.5278 2.4
      vertex 6.03489 49.6513 0
      vertex 5.85 49.5278 0
    endloop
  endfacet
  facet normal 0.195173 0.980769 -0
    outer loop
      vertex 4.7781 49.3145 0
      vertex 4.56001 49.3579 2.4
      vertex 4.7781 49.3145 2.4
    endloop
  endfacet
  facet normal 0.195173 0.980769 0
    outer loop
      vertex 4.56001 49.3579 2.4
      vertex 4.7781 49.3145 0
      vertex 4.56001 49.3579 0
    endloop
  endfacet
  facet normal 0.659291 0.751888 -0
    outer loop
      vertex 3.96511 49.6513 0
      vertex 3.79792 49.7979 2.4
      vertex 3.96511 49.6513 2.4
    endloop
  endfacet
  facet normal 0.659291 0.751888 0
    outer loop
      vertex 3.79792 49.7979 2.4
      vertex 3.96511 49.6513 0
      vertex 3.79792 49.7979 0
    endloop
  endfacet
  facet normal 0.946956 0.321363 0
    outer loop
      vertex 3.4294 50.3494 2.4
      vertex 3.35793 50.56 0
      vertex 3.35793 50.56 2.4
    endloop
  endfacet
  facet normal 0.946956 0.321363 0
    outer loop
      vertex 3.35793 50.56 0
      vertex 3.4294 50.3494 2.4
      vertex 3.4294 50.3494 0
    endloop
  endfacet
  facet normal 0.980779 0.195122 0
    outer loop
      vertex 3.35793 50.56 2.4
      vertex 3.31454 50.7781 0
      vertex 3.31454 50.7781 2.4
    endloop
  endfacet
  facet normal 0.980779 0.195122 0
    outer loop
      vertex 3.31454 50.7781 0
      vertex 3.35793 50.56 2.4
      vertex 3.35793 50.56 0
    endloop
  endfacet
  facet normal 0.896825 0.442386 0
    outer loop
      vertex 3.52776 50.15 2.4
      vertex 3.4294 50.3494 0
      vertex 3.4294 50.3494 2.4
    endloop
  endfacet
  facet normal 0.896825 0.442386 0
    outer loop
      vertex 3.4294 50.3494 0
      vertex 3.52776 50.15 2.4
      vertex 3.52776 50.15 0
    endloop
  endfacet
  facet normal -0.659291 0.751888 0
    outer loop
      vertex 6.20208 49.7979 0
      vertex 6.03489 49.6513 2.4
      vertex 6.20208 49.7979 2.4
    endloop
  endfacet
  facet normal -0.659291 0.751888 0
    outer loop
      vertex 6.03489 49.6513 2.4
      vertex 6.20208 49.7979 0
      vertex 6.03489 49.6513 0
    endloop
  endfacet
  facet normal -0.442459 0.896789 0
    outer loop
      vertex 5.85 49.5278 0
      vertex 5.65056 49.4294 2.4
      vertex 5.85 49.5278 2.4
    endloop
  endfacet
  facet normal -0.442459 0.896789 0
    outer loop
      vertex 5.65056 49.4294 2.4
      vertex 5.85 49.5278 0
      vertex 5.65056 49.4294 0
    endloop
  endfacet
  facet normal -0.321525 0.946901 0
    outer loop
      vertex 5.65056 49.4294 0
      vertex 5.43999 49.3579 2.4
      vertex 5.65056 49.4294 2.4
    endloop
  endfacet
  facet normal -0.321525 0.946901 0
    outer loop
      vertex 5.43999 49.3579 2.4
      vertex 5.65056 49.4294 0
      vertex 5.43999 49.3579 0
    endloop
  endfacet
  facet normal -0.896843 0.442349 0
    outer loop
      vertex 6.47224 50.15 0
      vertex 6.57059 50.3494 2.4
      vertex 6.57059 50.3494 0
    endloop
  endfacet
  facet normal -0.896843 0.442349 0
    outer loop
      vertex 6.57059 50.3494 2.4
      vertex 6.47224 50.15 0
      vertex 6.47224 50.15 2.4
    endloop
  endfacet
  facet normal -0.831483 0.555551 0
    outer loop
      vertex 6.3487 49.9651 0
      vertex 6.47224 50.15 2.4
      vertex 6.47224 50.15 0
    endloop
  endfacet
  facet normal -0.831483 0.555551 0
    outer loop
      vertex 6.47224 50.15 2.4
      vertex 6.3487 49.9651 0
      vertex 6.3487 49.9651 2.4
    endloop
  endfacet
  facet normal 0.321525 0.946901 -0
    outer loop
      vertex 4.56001 49.3579 0
      vertex 4.34944 49.4294 2.4
      vertex 4.56001 49.3579 2.4
    endloop
  endfacet
  facet normal 0.321525 0.946901 0
    outer loop
      vertex 4.34944 49.4294 2.4
      vertex 4.56001 49.3579 0
      vertex 4.34944 49.4294 0
    endloop
  endfacet
  facet normal 0.0652057 0.997872 -0
    outer loop
      vertex 5 49.3 0
      vertex 4.7781 49.3145 2.4
      vertex 5 49.3 2.4
    endloop
  endfacet
  facet normal 0.0652057 0.997872 0
    outer loop
      vertex 4.7781 49.3145 2.4
      vertex 5 49.3 0
      vertex 4.7781 49.3145 0
    endloop
  endfacet
  facet normal 0.442459 0.896789 -0
    outer loop
      vertex 4.34944 49.4294 0
      vertex 4.15 49.5278 2.4
      vertex 4.34944 49.4294 2.4
    endloop
  endfacet
  facet normal 0.442459 0.896789 0
    outer loop
      vertex 4.15 49.5278 2.4
      vertex 4.34944 49.4294 0
      vertex 4.15 49.5278 0
    endloop
  endfacet
  facet normal -0.831566 -0.555426 0
    outer loop
      vertex 52.4722 51.85 0
      vertex 52.3487 52.0349 2.4
      vertex 52.3487 52.0349 0
    endloop
  endfacet
  facet normal -0.831566 -0.555426 0
    outer loop
      vertex 52.3487 52.0349 2.4
      vertex 52.4722 51.85 0
      vertex 52.4722 51.85 2.4
    endloop
  endfacet
  facet normal -0.321484 -0.946915 0
    outer loop
      vertex 51.44 52.6421 0
      vertex 51.6506 52.5706 2.4
      vertex 51.44 52.6421 2.4
    endloop
  endfacet
  facet normal -0.321484 -0.946915 -0
    outer loop
      vertex 51.6506 52.5706 2.4
      vertex 51.44 52.6421 0
      vertex 51.6506 52.5706 0
    endloop
  endfacet
  facet normal 0.44253 -0.896754 0
    outer loop
      vertex 50.15 52.4722 0
      vertex 50.3494 52.5706 2.4
      vertex 50.15 52.4722 2.4
    endloop
  endfacet
  facet normal 0.44253 -0.896754 0
    outer loop
      vertex 50.3494 52.5706 2.4
      vertex 50.15 52.4722 0
      vertex 50.3494 52.5706 0
    endloop
  endfacet
  facet normal 0.946915 -0.321484 0
    outer loop
      vertex 49.3579 51.44 2.4
      vertex 49.4294 51.6506 0
      vertex 49.4294 51.6506 2.4
    endloop
  endfacet
  facet normal 0.946915 -0.321484 0
    outer loop
      vertex 49.4294 51.6506 0
      vertex 49.3579 51.44 2.4
      vertex 49.3579 51.44 0
    endloop
  endfacet
  facet normal -0.98077 0.195165 0
    outer loop
      vertex 52.6421 50.56 0
      vertex 52.6855 50.7781 2.4
      vertex 52.6855 50.7781 0
    endloop
  endfacet
  facet normal -0.98077 0.195165 0
    outer loop
      vertex 52.6855 50.7781 2.4
      vertex 52.6421 50.56 0
      vertex 52.6421 50.56 2.4
    endloop
  endfacet
  facet normal -0.98077 -0.195165 0
    outer loop
      vertex 52.6855 51.2219 0
      vertex 52.6421 51.44 2.4
      vertex 52.6421 51.44 0
    endloop
  endfacet
  facet normal -0.98077 -0.195165 0
    outer loop
      vertex 52.6421 51.44 2.4
      vertex 52.6855 51.2219 0
      vertex 52.6855 51.2219 2.4
    endloop
  endfacet
  facet normal 0.0652057 -0.997872 0
    outer loop
      vertex 50.7781 52.6855 0
      vertex 51 52.7 2.4
      vertex 50.7781 52.6855 2.4
    endloop
  endfacet
  facet normal 0.0652057 -0.997872 0
    outer loop
      vertex 51 52.7 2.4
      vertex 50.7781 52.6855 0
      vertex 51 52.7 0
    endloop
  endfacet
  facet normal -0.44253 -0.896754 0
    outer loop
      vertex 51.6506 52.5706 0
      vertex 51.85 52.4722 2.4
      vertex 51.6506 52.5706 2.4
    endloop
  endfacet
  facet normal -0.44253 -0.896754 -0
    outer loop
      vertex 51.85 52.4722 2.4
      vertex 51.6506 52.5706 0
      vertex 51.85 52.4722 0
    endloop
  endfacet
  facet normal 0.997872 0.0652057 0
    outer loop
      vertex 49.3145 50.7781 2.4
      vertex 49.3 51 0
      vertex 49.3 51 2.4
    endloop
  endfacet
  facet normal 0.997872 0.0652057 0
    outer loop
      vertex 49.3 51 0
      vertex 49.3145 50.7781 2.4
      vertex 49.3145 50.7781 0
    endloop
  endfacet
  facet normal 0.831566 -0.555426 0
    outer loop
      vertex 49.5278 51.85 2.4
      vertex 49.6513 52.0349 0
      vertex 49.6513 52.0349 2.4
    endloop
  endfacet
  facet normal 0.831566 -0.555426 0
    outer loop
      vertex 49.6513 52.0349 0
      vertex 49.5278 51.85 2.4
      vertex 49.5278 51.85 0
    endloop
  endfacet
  facet normal 0.555426 -0.831566 0
    outer loop
      vertex 49.9651 52.3487 0
      vertex 50.15 52.4722 2.4
      vertex 49.9651 52.3487 2.4
    endloop
  endfacet
  facet normal 0.555426 -0.831566 0
    outer loop
      vertex 50.15 52.4722 2.4
      vertex 49.9651 52.3487 0
      vertex 50.15 52.4722 0
    endloop
  endfacet
  facet normal 0.195165 -0.98077 0
    outer loop
      vertex 50.56 52.6421 0
      vertex 50.7781 52.6855 2.4
      vertex 50.56 52.6421 2.4
    endloop
  endfacet
  facet normal 0.195165 -0.98077 0
    outer loop
      vertex 50.7781 52.6855 2.4
      vertex 50.56 52.6421 0
      vertex 50.7781 52.6855 0
    endloop
  endfacet
  facet normal -0.997872 -0.0652057 0
    outer loop
      vertex 52.7 51 0
      vertex 52.6855 51.2219 2.4
      vertex 52.6855 51.2219 0
    endloop
  endfacet
  facet normal -0.997872 -0.0652057 0
    outer loop
      vertex 52.6855 51.2219 2.4
      vertex 52.7 51 0
      vertex 52.7 51 2.4
    endloop
  endfacet
  facet normal -0.946915 0.321484 0
    outer loop
      vertex 52.5706 50.3494 0
      vertex 52.6421 50.56 2.4
      vertex 52.6421 50.56 0
    endloop
  endfacet
  facet normal -0.946915 0.321484 0
    outer loop
      vertex 52.6421 50.56 2.4
      vertex 52.5706 50.3494 0
      vertex 52.5706 50.3494 2.4
    endloop
  endfacet
  facet normal 0.555426 0.831566 -0
    outer loop
      vertex 50.15 49.5278 0
      vertex 49.9651 49.6513 2.4
      vertex 50.15 49.5278 2.4
    endloop
  endfacet
  facet normal 0.555426 0.831566 0
    outer loop
      vertex 49.9651 49.6513 2.4
      vertex 50.15 49.5278 0
      vertex 49.9651 49.6513 0
    endloop
  endfacet
  facet normal 0.831566 0.555426 0
    outer loop
      vertex 49.6513 49.9651 2.4
      vertex 49.5278 50.15 0
      vertex 49.5278 50.15 2.4
    endloop
  endfacet
  facet normal 0.831566 0.555426 0
    outer loop
      vertex 49.5278 50.15 0
      vertex 49.6513 49.9651 2.4
      vertex 49.6513 49.9651 0
    endloop
  endfacet
  facet normal -0.555426 0.831566 0
    outer loop
      vertex 52.0349 49.6513 0
      vertex 51.85 49.5278 2.4
      vertex 52.0349 49.6513 2.4
    endloop
  endfacet
  facet normal -0.555426 0.831566 0
    outer loop
      vertex 51.85 49.5278 2.4
      vertex 52.0349 49.6513 0
      vertex 51.85 49.5278 0
    endloop
  endfacet
  facet normal -0.659268 -0.751908 0
    outer loop
      vertex 52.0349 52.3487 0
      vertex 52.2021 52.2021 2.4
      vertex 52.0349 52.3487 2.4
    endloop
  endfacet
  facet normal -0.659268 -0.751908 -0
    outer loop
      vertex 52.2021 52.2021 2.4
      vertex 52.0349 52.3487 0
      vertex 52.2021 52.2021 0
    endloop
  endfacet
  facet normal -0.751908 -0.659268 0
    outer loop
      vertex 52.3487 52.0349 0
      vertex 52.2021 52.2021 2.4
      vertex 52.2021 52.2021 0
    endloop
  endfacet
  facet normal -0.751908 -0.659268 0
    outer loop
      vertex 52.2021 52.2021 2.4
      vertex 52.3487 52.0349 0
      vertex 52.3487 52.0349 2.4
    endloop
  endfacet
  facet normal -0.195165 -0.98077 0
    outer loop
      vertex 51.2219 52.6855 0
      vertex 51.44 52.6421 2.4
      vertex 51.2219 52.6855 2.4
    endloop
  endfacet
  facet normal -0.195165 -0.98077 -0
    outer loop
      vertex 51.44 52.6421 2.4
      vertex 51.2219 52.6855 0
      vertex 51.44 52.6421 0
    endloop
  endfacet
  facet normal -0.0652057 -0.997872 0
    outer loop
      vertex 51 52.7 0
      vertex 51.2219 52.6855 2.4
      vertex 51 52.7 2.4
    endloop
  endfacet
  facet normal -0.0652057 -0.997872 -0
    outer loop
      vertex 51.2219 52.6855 2.4
      vertex 51 52.7 0
      vertex 51.2219 52.6855 0
    endloop
  endfacet
  facet normal -0.555426 -0.831566 0
    outer loop
      vertex 51.85 52.4722 0
      vertex 52.0349 52.3487 2.4
      vertex 51.85 52.4722 2.4
    endloop
  endfacet
  facet normal -0.555426 -0.831566 -0
    outer loop
      vertex 52.0349 52.3487 2.4
      vertex 51.85 52.4722 0
      vertex 52.0349 52.3487 0
    endloop
  endfacet
  facet normal 0.98077 -0.195165 0
    outer loop
      vertex 49.3145 51.2219 2.4
      vertex 49.3579 51.44 0
      vertex 49.3579 51.44 2.4
    endloop
  endfacet
  facet normal 0.98077 -0.195165 0
    outer loop
      vertex 49.3579 51.44 0
      vertex 49.3145 51.2219 2.4
      vertex 49.3145 51.2219 0
    endloop
  endfacet
  facet normal 0.997872 -0.0652057 0
    outer loop
      vertex 49.3 51 2.4
      vertex 49.3145 51.2219 0
      vertex 49.3145 51.2219 2.4
    endloop
  endfacet
  facet normal 0.997872 -0.0652057 0
    outer loop
      vertex 49.3145 51.2219 0
      vertex 49.3 51 2.4
      vertex 49.3 51 0
    endloop
  endfacet
  facet normal 0.896754 -0.44253 0
    outer loop
      vertex 49.4294 51.6506 2.4
      vertex 49.5278 51.85 0
      vertex 49.5278 51.85 2.4
    endloop
  endfacet
  facet normal 0.896754 -0.44253 0
    outer loop
      vertex 49.5278 51.85 0
      vertex 49.4294 51.6506 2.4
      vertex 49.4294 51.6506 0
    endloop
  endfacet
  facet normal 0.321484 -0.946915 0
    outer loop
      vertex 50.3494 52.5706 0
      vertex 50.56 52.6421 2.4
      vertex 50.3494 52.5706 2.4
    endloop
  endfacet
  facet normal 0.321484 -0.946915 0
    outer loop
      vertex 50.56 52.6421 2.4
      vertex 50.3494 52.5706 0
      vertex 50.56 52.6421 0
    endloop
  endfacet
  facet normal 0.659268 -0.751908 0
    outer loop
      vertex 49.7979 52.2021 0
      vertex 49.9651 52.3487 2.4
      vertex 49.7979 52.2021 2.4
    endloop
  endfacet
  facet normal 0.659268 -0.751908 0
    outer loop
      vertex 49.9651 52.3487 2.4
      vertex 49.7979 52.2021 0
      vertex 49.9651 52.3487 0
    endloop
  endfacet
  facet normal 0.751908 -0.659268 0
    outer loop
      vertex 49.6513 52.0349 2.4
      vertex 49.7979 52.2021 0
      vertex 49.7979 52.2021 2.4
    endloop
  endfacet
  facet normal 0.751908 -0.659268 0
    outer loop
      vertex 49.7979 52.2021 0
      vertex 49.6513 52.0349 2.4
      vertex 49.6513 52.0349 0
    endloop
  endfacet
  facet normal -0.997872 0.0652057 0
    outer loop
      vertex 52.6855 50.7781 0
      vertex 52.7 51 2.4
      vertex 52.7 51 0
    endloop
  endfacet
  facet normal -0.997872 0.0652057 0
    outer loop
      vertex 52.7 51 2.4
      vertex 52.6855 50.7781 0
      vertex 52.6855 50.7781 2.4
    endloop
  endfacet
  facet normal -0.0652057 0.997872 0
    outer loop
      vertex 51.2219 49.3145 0
      vertex 51 49.3 2.4
      vertex 51.2219 49.3145 2.4
    endloop
  endfacet
  facet normal -0.0652057 0.997872 0
    outer loop
      vertex 51 49.3 2.4
      vertex 51.2219 49.3145 0
      vertex 51 49.3 0
    endloop
  endfacet
  facet normal 0.98077 0.195165 0
    outer loop
      vertex 49.3579 50.56 2.4
      vertex 49.3145 50.7781 0
      vertex 49.3145 50.7781 2.4
    endloop
  endfacet
  facet normal 0.98077 0.195165 0
    outer loop
      vertex 49.3145 50.7781 0
      vertex 49.3579 50.56 2.4
      vertex 49.3579 50.56 0
    endloop
  endfacet
  facet normal 0.751908 0.659268 0
    outer loop
      vertex 49.7979 49.7979 2.4
      vertex 49.6513 49.9651 0
      vertex 49.6513 49.9651 2.4
    endloop
  endfacet
  facet normal 0.751908 0.659268 0
    outer loop
      vertex 49.6513 49.9651 0
      vertex 49.7979 49.7979 2.4
      vertex 49.7979 49.7979 0
    endloop
  endfacet
  facet normal -0.195165 0.98077 0
    outer loop
      vertex 51.44 49.3579 0
      vertex 51.2219 49.3145 2.4
      vertex 51.44 49.3579 2.4
    endloop
  endfacet
  facet normal -0.195165 0.98077 0
    outer loop
      vertex 51.2219 49.3145 2.4
      vertex 51.44 49.3579 0
      vertex 51.2219 49.3145 0
    endloop
  endfacet
  facet normal -0.896754 -0.44253 0
    outer loop
      vertex 52.5706 51.6506 0
      vertex 52.4722 51.85 2.4
      vertex 52.4722 51.85 0
    endloop
  endfacet
  facet normal -0.896754 -0.44253 0
    outer loop
      vertex 52.4722 51.85 2.4
      vertex 52.5706 51.6506 0
      vertex 52.5706 51.6506 2.4
    endloop
  endfacet
  facet normal -0.946915 -0.321484 0
    outer loop
      vertex 52.6421 51.44 0
      vertex 52.5706 51.6506 2.4
      vertex 52.5706 51.6506 0
    endloop
  endfacet
  facet normal -0.946915 -0.321484 0
    outer loop
      vertex 52.5706 51.6506 2.4
      vertex 52.6421 51.44 0
      vertex 52.6421 51.44 2.4
    endloop
  endfacet
  facet normal 0.195165 0.98077 -0
    outer loop
      vertex 50.7781 49.3145 0
      vertex 50.56 49.3579 2.4
      vertex 50.7781 49.3145 2.4
    endloop
  endfacet
  facet normal 0.195165 0.98077 0
    outer loop
      vertex 50.56 49.3579 2.4
      vertex 50.7781 49.3145 0
      vertex 50.56 49.3579 0
    endloop
  endfacet
  facet normal 0.896754 0.44253 0
    outer loop
      vertex 49.5278 50.15 2.4
      vertex 49.4294 50.3494 0
      vertex 49.4294 50.3494 2.4
    endloop
  endfacet
  facet normal 0.896754 0.44253 0
    outer loop
      vertex 49.4294 50.3494 0
      vertex 49.5278 50.15 2.4
      vertex 49.5278 50.15 0
    endloop
  endfacet
  facet normal 0.946915 0.321484 0
    outer loop
      vertex 49.4294 50.3494 2.4
      vertex 49.3579 50.56 0
      vertex 49.3579 50.56 2.4
    endloop
  endfacet
  facet normal 0.946915 0.321484 0
    outer loop
      vertex 49.3579 50.56 0
      vertex 49.4294 50.3494 2.4
      vertex 49.4294 50.3494 0
    endloop
  endfacet
  facet normal 0.659268 0.751908 -0
    outer loop
      vertex 49.9651 49.6513 0
      vertex 49.7979 49.7979 2.4
      vertex 49.9651 49.6513 2.4
    endloop
  endfacet
  facet normal 0.659268 0.751908 0
    outer loop
      vertex 49.7979 49.7979 2.4
      vertex 49.9651 49.6513 0
      vertex 49.7979 49.7979 0
    endloop
  endfacet
  facet normal -0.44253 0.896754 0
    outer loop
      vertex 51.85 49.5278 0
      vertex 51.6506 49.4294 2.4
      vertex 51.85 49.5278 2.4
    endloop
  endfacet
  facet normal -0.44253 0.896754 0
    outer loop
      vertex 51.6506 49.4294 2.4
      vertex 51.85 49.5278 0
      vertex 51.6506 49.4294 0
    endloop
  endfacet
  facet normal -0.321484 0.946915 0
    outer loop
      vertex 51.6506 49.4294 0
      vertex 51.44 49.3579 2.4
      vertex 51.6506 49.4294 2.4
    endloop
  endfacet
  facet normal -0.321484 0.946915 0
    outer loop
      vertex 51.44 49.3579 2.4
      vertex 51.6506 49.4294 0
      vertex 51.44 49.3579 0
    endloop
  endfacet
  facet normal -0.659268 0.751908 0
    outer loop
      vertex 52.2021 49.7979 0
      vertex 52.0349 49.6513 2.4
      vertex 52.2021 49.7979 2.4
    endloop
  endfacet
  facet normal -0.659268 0.751908 0
    outer loop
      vertex 52.0349 49.6513 2.4
      vertex 52.2021 49.7979 0
      vertex 52.0349 49.6513 0
    endloop
  endfacet
  facet normal -0.896754 0.44253 0
    outer loop
      vertex 52.4722 50.15 0
      vertex 52.5706 50.3494 2.4
      vertex 52.5706 50.3494 0
    endloop
  endfacet
  facet normal -0.896754 0.44253 0
    outer loop
      vertex 52.5706 50.3494 2.4
      vertex 52.4722 50.15 0
      vertex 52.4722 50.15 2.4
    endloop
  endfacet
  facet normal -0.831566 0.555426 0
    outer loop
      vertex 52.3487 49.9651 0
      vertex 52.4722 50.15 2.4
      vertex 52.4722 50.15 0
    endloop
  endfacet
  facet normal -0.831566 0.555426 0
    outer loop
      vertex 52.4722 50.15 2.4
      vertex 52.3487 49.9651 0
      vertex 52.3487 49.9651 2.4
    endloop
  endfacet
  facet normal 0.0652057 0.997872 -0
    outer loop
      vertex 51 49.3 0
      vertex 50.7781 49.3145 2.4
      vertex 51 49.3 2.4
    endloop
  endfacet
  facet normal 0.0652057 0.997872 0
    outer loop
      vertex 50.7781 49.3145 2.4
      vertex 51 49.3 0
      vertex 50.7781 49.3145 0
    endloop
  endfacet
  facet normal 0.321484 0.946915 -0
    outer loop
      vertex 50.56 49.3579 0
      vertex 50.3494 49.4294 2.4
      vertex 50.56 49.3579 2.4
    endloop
  endfacet
  facet normal 0.321484 0.946915 0
    outer loop
      vertex 50.3494 49.4294 2.4
      vertex 50.56 49.3579 0
      vertex 50.3494 49.4294 0
    endloop
  endfacet
  facet normal -0.751908 0.659268 0
    outer loop
      vertex 52.2021 49.7979 0
      vertex 52.3487 49.9651 2.4
      vertex 52.3487 49.9651 0
    endloop
  endfacet
  facet normal -0.751908 0.659268 0
    outer loop
      vertex 52.3487 49.9651 2.4
      vertex 52.2021 49.7979 0
      vertex 52.2021 49.7979 2.4
    endloop
  endfacet
  facet normal 0.44253 0.896754 -0
    outer loop
      vertex 50.3494 49.4294 0
      vertex 50.15 49.5278 2.4
      vertex 50.3494 49.4294 2.4
    endloop
  endfacet
  facet normal 0.44253 0.896754 0
    outer loop
      vertex 50.15 49.5278 2.4
      vertex 50.3494 49.4294 0
      vertex 50.15 49.5278 0
    endloop
  endfacet
  facet normal -0.555493 -0.831521 0.00015812
    outer loop
      vertex 38.9577 42.2804 2.56187
      vertex 37.4763 43.2702 3.4
      vertex 37.3035 43.3856 3.2
    endloop
  endfacet
  facet normal -0.555555 -0.83148 0
    outer loop
      vertex 37.4763 43.2702 3.4
      vertex 38.9577 42.2804 2.56187
      vertex 38.9577 42.2804 3.4
    endloop
  endfacet
  facet normal -0.555572 -0.831468 0
    outer loop
      vertex 37 43.5885 0
      vertex 38.9577 42.2804 2.4
      vertex 37 43.5885 2.4
    endloop
  endfacet
  facet normal -0.555572 -0.831468 -0
    outer loop
      vertex 38.9577 42.2804 2.4
      vertex 37 43.5885 0
      vertex 38.9577 42.2804 0
    endloop
  endfacet
  facet normal 0.195079 0.980788 -0
    outer loop
      vertex 25.6505 10.154 0
      vertex 23.3413 10.6133 2.4
      vertex 25.6505 10.154 2.4
    endloop
  endfacet
  facet normal 0.195079 0.980788 0
    outer loop
      vertex 23.3413 10.6133 2.4
      vertex 25.6505 10.154 0
      vertex 23.3413 10.6133 0
    endloop
  endfacet
  facet normal 0.442263 -0.896885 0
    outer loop
      vertex 19 43.5885 0
      vertex 21.1117 44.6298 2.4
      vertex 19 43.5885 2.4
    endloop
  endfacet
  facet normal 0.442263 -0.896885 0
    outer loop
      vertex 21.1117 44.6298 2.4
      vertex 19 43.5885 0
      vertex 21.1117 44.6298 0
    endloop
  endfacet
  facet normal 0.94692 -0.321469 0
    outer loop
      vertex 11.3702 34.8883 2.59347
      vertex 11.3702 34.8883 3.4
      vertex 11.2121 34.4226 3.4
    endloop
  endfacet
  facet normal 0.946923 -0.32146 0
    outer loop
      vertex 10.6133 32.6587 2.4
      vertex 11.3702 34.8883 0
      vertex 11.3702 34.8883 2.4
    endloop
  endfacet
  facet normal 0.946923 -0.32146 0
    outer loop
      vertex 11.3702 34.8883 0
      vertex 10.6133 32.6587 2.4
      vertex 10.6133 32.6587 0
    endloop
  endfacet
  facet normal -0.751632 0.659582 0
    outer loop
      vertex 40.7279 15.2721 3.3967
      vertex 40.8275 15.3856 3.2
      vertex 40.7279 15.2721 3.13443
    endloop
  endfacet
  facet normal -0.751824 0.659364 0
    outer loop
      vertex 40.7279 15.2721 0
      vertex 42.2804 17.0423 2.4
      vertex 42.2804 17.0423 0
    endloop
  endfacet
  facet normal -0.751824 0.659364 0
    outer loop
      vertex 42.2804 17.0423 2.4
      vertex 40.7279 15.2721 0
      vertex 40.7279 15.2721 2.4
    endloop
  endfacet
  facet normal 0.32146 0.946923 -0
    outer loop
      vertex 23.3413 10.6133 0
      vertex 21.1117 11.3702 2.4
      vertex 23.3413 10.6133 2.4
    endloop
  endfacet
  facet normal 0.32146 0.946923 0
    outer loop
      vertex 21.1117 11.3702 2.4
      vertex 23.3413 10.6133 0
      vertex 21.1117 11.3702 0
    endloop
  endfacet
  facet normal -0.896803 -0.44243 0.000306783
    outer loop
      vertex 44.5747 35 2.4
      vertex 43.9484 36.2702 3.4
      vertex 43.8914 36.3856 3.2
    endloop
  endfacet
  facet normal -0.896875 -0.442284 7.60515e-05
    outer loop
      vertex 44.6298 34.8883 2.59347
      vertex 43.9484 36.2702 3.4
      vertex 44.5747 35 2.4
    endloop
  endfacet
  facet normal -0.896893 -0.442248 0
    outer loop
      vertex 43.9484 36.2702 3.4
      vertex 44.6298 34.8883 2.59347
      vertex 44.6298 34.8883 3.4
    endloop
  endfacet
  facet normal -0.896889 -0.442256 0
    outer loop
      vertex 43.5885 37 0
      vertex 44.5747 35 2.4
      vertex 43.5885 37 2.4
    endloop
  endfacet
  facet normal -0.896885 -0.442263 -7.33707e-06
    outer loop
      vertex 44.6298 34.8883 0
      vertex 44.5747 35 2.4
      vertex 43.5885 37 0
    endloop
  endfacet
  facet normal -0.896823 -0.44239 0
    outer loop
      vertex 44.5747 35 2.4
      vertex 44.6298 34.8883 0
      vertex 44.6298 34.8883 2.4
    endloop
  endfacet
  facet normal -0.831468 -0.555572 0
    outer loop
      vertex 43.5885 37 0
      vertex 42.2804 38.9577 2.4
      vertex 42.2804 38.9577 0
    endloop
  endfacet
  facet normal -0.831468 -0.555572 0
    outer loop
      vertex 42.2804 38.9577 2.4
      vertex 43.5885 37 0
      vertex 43.5885 37 2.4
    endloop
  endfacet
  facet normal -0.659387 -0.751804 0
    outer loop
      vertex 39.2774 42 2.4
      vertex 38.9577 42.2804 3.4
      vertex 38.9577 42.2804 2.56187
    endloop
  endfacet
  facet normal -0.659397 -0.751795 -5.73455e-06
    outer loop
      vertex 38.9577 42.2804 3.4
      vertex 39.2774 42 2.4
      vertex 39.9357 41.4226 3.4
    endloop
  endfacet
  facet normal -0.659387 -0.751804 0
    outer loop
      vertex 38.9577 42.2804 0
      vertex 39.2774 42 2.4
      vertex 38.9577 42.2804 2.4
    endloop
  endfacet
  facet normal -0.659364 -0.751824 -5.27881e-06
    outer loop
      vertex 40.7279 40.7279 0
      vertex 39.2774 42 2.4
      vertex 38.9577 42.2804 0
    endloop
  endfacet
  facet normal -0.659359 -0.751828 0
    outer loop
      vertex 39.2774 42 2.4
      vertex 40.7279 40.7279 0
      vertex 40.7279 40.7279 2.4
    endloop
  endfacet
  facet normal -0.32146 -0.946923 0
    outer loop
      vertex 32.6587 45.3867 0
      vertex 34.8883 44.6298 2.4
      vertex 32.6587 45.3867 2.4
    endloop
  endfacet
  facet normal -0.32146 -0.946923 -0
    outer loop
      vertex 34.8883 44.6298 2.4
      vertex 32.6587 45.3867 0
      vertex 34.8883 44.6298 0
    endloop
  endfacet
  facet normal 0.0654055 -0.997859 0
    outer loop
      vertex 25.6505 45.846 0
      vertex 28 46 2.4
      vertex 25.6505 45.846 2.4
    endloop
  endfacet
  facet normal 0.0654055 -0.997859 0
    outer loop
      vertex 28 46 2.4
      vertex 25.6505 45.846 0
      vertex 28 46 0
    endloop
  endfacet
  facet normal 0.997856 -0.0654397 -0.000339061
    outer loop
      vertex 10 28 3.4
      vertex 10.0908 29.3856 3.2
      vertex 10.0833 29.2702 3.4
    endloop
  endfacet
  facet normal 0.99786 -0.0653909 0
    outer loop
      vertex 10.0908 29.3856 3.2
      vertex 10 28 3.4
      vertex 10 28 2.4
    endloop
  endfacet
  facet normal 0.997859 -0.0654055 0
    outer loop
      vertex 10 28 2.4
      vertex 10.154 30.3495 0
      vertex 10.154 30.3495 2.4
    endloop
  endfacet
  facet normal 0.997859 -0.0654055 0
    outer loop
      vertex 10.154 30.3495 0
      vertex 10 28 2.4
      vertex 10 28 0
    endloop
  endfacet
  facet normal 0.831468 -0.555572 0
    outer loop
      vertex 12.4115 37 2.4
      vertex 13.7196 38.9577 0
      vertex 13.7196 38.9577 2.4
    endloop
  endfacet
  facet normal 0.831468 -0.555572 0
    outer loop
      vertex 13.7196 38.9577 0
      vertex 12.4115 37 2.4
      vertex 12.4115 37 0
    endloop
  endfacet
  facet normal 0.555581 -0.831463 0
    outer loop
      vertex 17.0423 42.2804 2.56187
      vertex 18.5236 43.2702 3.4
      vertex 17.0423 42.2804 3.4
    endloop
  endfacet
  facet normal 0.555437 -0.831558 0.000366421
    outer loop
      vertex 18.5236 43.2702 3.4
      vertex 17.0423 42.2804 2.56187
      vertex 18.6965 43.3856 3.2
    endloop
  endfacet
  facet normal 0.555572 -0.831468 0
    outer loop
      vertex 17.0423 42.2804 0
      vertex 19 43.5885 2.4
      vertex 17.0423 42.2804 2.4
    endloop
  endfacet
  facet normal 0.555572 -0.831468 0
    outer loop
      vertex 19 43.5885 2.4
      vertex 17.0423 42.2804 0
      vertex 19 43.5885 0
    endloop
  endfacet
  facet normal 0.32146 -0.946923 0
    outer loop
      vertex 21.1117 44.6298 0
      vertex 23.3413 45.3867 2.4
      vertex 21.1117 44.6298 2.4
    endloop
  endfacet
  facet normal 0.32146 -0.946923 0
    outer loop
      vertex 23.3413 45.3867 2.4
      vertex 21.1117 44.6298 0
      vertex 23.3413 45.3867 0
    endloop
  endfacet
  facet normal -0.997868 -0.0652569 -0.000233153
    outer loop
      vertex 46 28 2.4
      vertex 45.9167 29.2702 3.4
      vertex 45.9092 29.3856 3.2
    endloop
  endfacet
  facet normal -0.997857 -0.0654397 0
    outer loop
      vertex 45.9167 29.2702 3.4
      vertex 46 28 2.4
      vertex 46 28 3.4
    endloop
  endfacet
  facet normal -0.997859 -0.0654055 0
    outer loop
      vertex 46 28 0
      vertex 45.846 30.3495 2.4
      vertex 45.846 30.3495 0
    endloop
  endfacet
  facet normal -0.997859 -0.0654055 0
    outer loop
      vertex 45.846 30.3495 2.4
      vertex 46 28 0
      vertex 46 28 2.4
    endloop
  endfacet
  facet normal -0.946902 0.321524 -7.35424e-05
    outer loop
      vertex 44.6298 21.1117 2.46449
      vertex 45.0231 22.2702 3.4
      vertex 45.0623 22.3856 3.2
    endloop
  endfacet
  facet normal -0.94692 0.32147 0
    outer loop
      vertex 45.0231 22.2702 3.4
      vertex 44.6298 21.1117 2.46449
      vertex 44.6298 21.1117 3.4
    endloop
  endfacet
  facet normal -0.946923 0.32146 0
    outer loop
      vertex 44.6298 21.1117 0
      vertex 45.3867 23.3413 2.4
      vertex 45.3867 23.3413 0
    endloop
  endfacet
  facet normal -0.946923 0.32146 0
    outer loop
      vertex 45.3867 23.3413 2.4
      vertex 44.6298 21.1117 0
      vertex 44.6298 21.1117 2.4
    endloop
  endfacet
  facet normal -0.442263 0.896885 0
    outer loop
      vertex 37 12.4115 0
      vertex 34.8883 11.3702 2.4
      vertex 37 12.4115 2.4
    endloop
  endfacet
  facet normal -0.442263 0.896885 0
    outer loop
      vertex 34.8883 11.3702 2.4
      vertex 37 12.4115 0
      vertex 34.8883 11.3702 0
    endloop
  endfacet
  facet normal 0.0654055 0.997859 -0
    outer loop
      vertex 28 10 0
      vertex 25.6505 10.154 2.4
      vertex 28 10 2.4
    endloop
  endfacet
  facet normal 0.0654055 0.997859 0
    outer loop
      vertex 25.6505 10.154 2.4
      vertex 28 10 0
      vertex 25.6505 10.154 0
    endloop
  endfacet
  facet normal 0.555563 0.831474 0
    outer loop
      vertex 17.0423 13.7196 3.4
      vertex 17.4868 13.4226 3.4
      vertex 17.0423 13.7196 2.8856
    endloop
  endfacet
  facet normal 0.555572 0.831468 -0
    outer loop
      vertex 19 12.4115 0
      vertex 17.0423 13.7196 2.4
      vertex 19 12.4115 2.4
    endloop
  endfacet
  facet normal 0.555572 0.831468 0
    outer loop
      vertex 17.0423 13.7196 2.4
      vertex 19 12.4115 0
      vertex 17.0423 13.7196 0
    endloop
  endfacet
  facet normal 0.831468 0.555572 0
    outer loop
      vertex 13.7196 17.0423 2.4
      vertex 12.4115 19 0
      vertex 12.4115 19 2.4
    endloop
  endfacet
  facet normal 0.831468 0.555572 0
    outer loop
      vertex 12.4115 19 0
      vertex 13.7196 17.0423 2.4
      vertex 13.7196 17.0423 0
    endloop
  endfacet
  facet normal -0.980788 -0.195079 0
    outer loop
      vertex 45.846 30.3495 0
      vertex 45.3867 32.6587 2.4
      vertex 45.3867 32.6587 0
    endloop
  endfacet
  facet normal -0.980788 -0.195079 0
    outer loop
      vertex 45.3867 32.6587 2.4
      vertex 45.846 30.3495 0
      vertex 45.846 30.3495 2.4
    endloop
  endfacet
  facet normal -0.94692 -0.321469 0
    outer loop
      vertex 44.7879 34.4226 3.4
      vertex 44.6298 34.8883 3.4
      vertex 44.6298 34.8883 2.59347
    endloop
  endfacet
  facet normal -0.946923 -0.32146 0
    outer loop
      vertex 45.3867 32.6587 0
      vertex 44.6298 34.8883 2.4
      vertex 44.6298 34.8883 0
    endloop
  endfacet
  facet normal -0.946923 -0.32146 0
    outer loop
      vertex 44.6298 34.8883 2.4
      vertex 45.3867 32.6587 0
      vertex 45.3867 32.6587 2.4
    endloop
  endfacet
  facet normal -0.751824 -0.659364 0
    outer loop
      vertex 42.2804 38.9577 0
      vertex 40.7279 40.7279 2.4
      vertex 40.7279 40.7279 0
    endloop
  endfacet
  facet normal -0.751824 -0.659364 0
    outer loop
      vertex 40.7279 40.7279 2.4
      vertex 42.2804 38.9577 0
      vertex 42.2804 38.9577 2.4
    endloop
  endfacet
  facet normal -0.442263 -0.896885 0
    outer loop
      vertex 34.8883 44.6298 0
      vertex 37 43.5885 2.4
      vertex 34.8883 44.6298 2.4
    endloop
  endfacet
  facet normal -0.442263 -0.896885 -0
    outer loop
      vertex 37 43.5885 2.4
      vertex 34.8883 44.6298 0
      vertex 37 43.5885 0
    endloop
  endfacet
  facet normal -0.195079 -0.980788 0
    outer loop
      vertex 30.3495 45.846 0
      vertex 32.6587 45.3867 2.4
      vertex 30.3495 45.846 2.4
    endloop
  endfacet
  facet normal -0.195079 -0.980788 -0
    outer loop
      vertex 32.6587 45.3867 2.4
      vertex 30.3495 45.846 0
      vertex 32.6587 45.3867 0
    endloop
  endfacet
  facet normal -0.0654055 -0.997859 0
    outer loop
      vertex 28 46 0
      vertex 30.3495 45.846 2.4
      vertex 28 46 2.4
    endloop
  endfacet
  facet normal -0.0654055 -0.997859 -0
    outer loop
      vertex 30.3495 45.846 2.4
      vertex 28 46 0
      vertex 30.3495 45.846 0
    endloop
  endfacet
  facet normal 0 0 -1
    outer loop
      vertex 39.9357 41.4226 3.4
      vertex 37.4763 43.2702 3.4
      vertex 38.9577 42.2804 3.4
    endloop
  endfacet
  facet normal 0 0 -1
    outer loop
      vertex 39.9357 41.4226 3.4
      vertex 18.5236 43.2702 3.4
      vertex 37.4763 43.2702 3.4
    endloop
  endfacet
  facet normal 0 0 -1
    outer loop
      vertex 16.0643 41.4226 3.4
      vertex 18.5236 43.2702 3.4
      vertex 39.9357 41.4226 3.4
    endloop
  endfacet
  facet normal 0 0 -1
    outer loop
      vertex 18.5236 43.2702 3.4
      vertex 16.0643 41.4226 3.4
      vertex 17.0423 42.2804 3.4
    endloop
  endfacet
  facet normal 0 0 -1
    outer loop
      vertex 38.5132 13.4226 3.4
      vertex 40.7257 15.2702 3.4
      vertex 38.9577 13.7196 3.4
    endloop
  endfacet
  facet normal 0 0 -1
    outer loop
      vertex 17.4868 13.4226 3.4
      vertex 40.7257 15.2702 3.4
      vertex 38.5132 13.4226 3.4
    endloop
  endfacet
  facet normal 0 0 -1
    outer loop
      vertex 15.2743 15.2702 3.4
      vertex 17.4868 13.4226 3.4
      vertex 17.0423 13.7196 3.4
    endloop
  endfacet
  facet normal 0 0 -1
    outer loop
      vertex 17.4868 13.4226 3.4
      vertex 15.2743 15.2702 3.4
      vertex 40.7257 15.2702 3.4
    endloop
  endfacet
  facet normal 0 0 -1
    outer loop
      vertex 44.7879 34.4226 3.4
      vertex 43.9484 36.2702 3.4
      vertex 44.6298 34.8883 3.4
    endloop
  endfacet
  facet normal 0 0 -1
    outer loop
      vertex 44.7879 34.4226 3.4
      vertex 12.0516 36.2702 3.4
      vertex 43.9484 36.2702 3.4
    endloop
  endfacet
  facet normal 0 0 -1
    outer loop
      vertex 11.2121 34.4226 3.4
      vertex 12.0516 36.2702 3.4
      vertex 44.7879 34.4226 3.4
    endloop
  endfacet
  facet normal 0 0 -1
    outer loop
      vertex 12.0516 36.2702 3.4
      vertex 11.2121 34.4226 3.4
      vertex 11.3702 34.8883 3.4
    endloop
  endfacet
  facet normal 0 0 -1
    outer loop
      vertex 45.9622 27.4226 3.4
      vertex 45.9167 29.2702 3.4
      vertex 46 28 3.4
    endloop
  endfacet
  facet normal 0 0 -1
    outer loop
      vertex 45.9622 27.4226 3.4
      vertex 10.0833 29.2702 3.4
      vertex 45.9167 29.2702 3.4
    endloop
  endfacet
  facet normal 0 0 -1
    outer loop
      vertex 10.0378 27.4226 3.4
      vertex 10.0833 29.2702 3.4
      vertex 45.9622 27.4226 3.4
    endloop
  endfacet
  facet normal 0 0 -1
    outer loop
      vertex 10.0833 29.2702 3.4
      vertex 10.0378 27.4226 3.4
      vertex 10 28 3.4
    endloop
  endfacet
  facet normal 0 0 -1
    outer loop
      vertex 44.29 20.4226 3.4
      vertex 45.0231 22.2702 3.4
      vertex 44.6298 21.1117 3.4
    endloop
  endfacet
  facet normal 0 0 -1
    outer loop
      vertex 11.71 20.4226 3.4
      vertex 45.0231 22.2702 3.4
      vertex 44.29 20.4226 3.4
    endloop
  endfacet
  facet normal 0 0 -1
    outer loop
      vertex 10.9769 22.2702 3.4
      vertex 11.71 20.4226 3.4
      vertex 11.3702 21.1117 3.4
    endloop
  endfacet
  facet normal 0 0 -1
    outer loop
      vertex 11.71 20.4226 3.4
      vertex 10.9769 22.2702 3.4
      vertex 45.0231 22.2702 3.4
    endloop
  endfacet
  facet normal 0.980788 -0.195079 0
    outer loop
      vertex 10.154 30.3495 2.4
      vertex 10.6133 32.6587 0
      vertex 10.6133 32.6587 2.4
    endloop
  endfacet
  facet normal 0.980788 -0.195079 0
    outer loop
      vertex 10.6133 32.6587 0
      vertex 10.154 30.3495 2.4
      vertex 10.154 30.3495 0
    endloop
  endfacet
  facet normal 0.896803 -0.44243 0.000306783
    outer loop
      vertex 12.0516 36.2702 3.4
      vertex 11.4253 35 2.4
      vertex 12.1086 36.3856 3.2
    endloop
  endfacet
  facet normal 0.896893 -0.442248 0
    outer loop
      vertex 11.3702 34.8883 2.59347
      vertex 12.0516 36.2702 3.4
      vertex 11.3702 34.8883 3.4
    endloop
  endfacet
  facet normal 0.896875 -0.442284 7.60515e-05
    outer loop
      vertex 12.0516 36.2702 3.4
      vertex 11.3702 34.8883 2.59347
      vertex 11.4253 35 2.4
    endloop
  endfacet
  facet normal 0.896889 -0.442256 0
    outer loop
      vertex 11.4253 35 2.4
      vertex 12.4115 37 0
      vertex 12.4115 37 2.4
    endloop
  endfacet
  facet normal 0.896823 -0.44239 0
    outer loop
      vertex 11.3702 34.8883 0
      vertex 11.4253 35 2.4
      vertex 11.3702 34.8883 2.4
    endloop
  endfacet
  facet normal 0.896885 -0.442263 -7.33707e-06
    outer loop
      vertex 11.4253 35 2.4
      vertex 11.3702 34.8883 0
      vertex 12.4115 37 0
    endloop
  endfacet
  facet normal 0.195079 -0.980788 0
    outer loop
      vertex 23.3413 45.3867 0
      vertex 25.6505 45.846 2.4
      vertex 23.3413 45.3867 2.4
    endloop
  endfacet
  facet normal 0.195079 -0.980788 0
    outer loop
      vertex 25.6505 45.846 2.4
      vertex 23.3413 45.3867 0
      vertex 25.6505 45.846 0
    endloop
  endfacet
  facet normal 0.659397 -0.751795 -5.73455e-06
    outer loop
      vertex 16.7226 42 2.4
      vertex 17.0423 42.2804 3.4
      vertex 16.0643 41.4226 3.4
    endloop
  endfacet
  facet normal 0.659387 -0.751804 0
    outer loop
      vertex 17.0423 42.2804 3.4
      vertex 16.7226 42 2.4
      vertex 17.0423 42.2804 2.56187
    endloop
  endfacet
  facet normal 0.659359 -0.751828 0
    outer loop
      vertex 15.2721 40.7279 0
      vertex 16.7226 42 2.4
      vertex 15.2721 40.7279 2.4
    endloop
  endfacet
  facet normal 0.659364 -0.751824 -5.27881e-06
    outer loop
      vertex 17.0423 42.2804 0
      vertex 16.7226 42 2.4
      vertex 15.2721 40.7279 0
    endloop
  endfacet
  facet normal 0.659387 -0.751804 0
    outer loop
      vertex 16.7226 42 2.4
      vertex 17.0423 42.2804 0
      vertex 17.0423 42.2804 2.4
    endloop
  endfacet
  facet normal 0.751824 -0.659364 0
    outer loop
      vertex 13.7196 38.9577 2.4
      vertex 15.2721 40.7279 0
      vertex 15.2721 40.7279 2.4
    endloop
  endfacet
  facet normal 0.751824 -0.659364 0
    outer loop
      vertex 15.2721 40.7279 0
      vertex 13.7196 38.9577 2.4
      vertex 13.7196 38.9577 0
    endloop
  endfacet
  facet normal -0.997864 0.065326 0
    outer loop
      vertex 46 28 3.4
      vertex 46 28 2.4
      vertex 45.9622 27.4226 3.4
    endloop
  endfacet
  facet normal -0.997859 0.0654055 0
    outer loop
      vertex 45.846 25.6505 0
      vertex 46 28 2.4
      vertex 46 28 0
    endloop
  endfacet
  facet normal -0.997859 0.0654055 0
    outer loop
      vertex 46 28 2.4
      vertex 45.846 25.6505 0
      vertex 45.846 25.6505 2.4
    endloop
  endfacet
  facet normal -0.195079 0.980788 0
    outer loop
      vertex 32.6587 10.6133 0
      vertex 30.3495 10.154 2.4
      vertex 32.6587 10.6133 2.4
    endloop
  endfacet
  facet normal -0.195079 0.980788 0
    outer loop
      vertex 30.3495 10.154 2.4
      vertex 32.6587 10.6133 0
      vertex 30.3495 10.154 0
    endloop
  endfacet
  facet normal -0.831468 0.555572 0
    outer loop
      vertex 42.2804 17.0423 0
      vertex 43.5885 19 2.4
      vertex 43.5885 19 0
    endloop
  endfacet
  facet normal -0.831468 0.555572 0
    outer loop
      vertex 43.5885 19 2.4
      vertex 42.2804 17.0423 0
      vertex 42.2804 17.0423 2.4
    endloop
  endfacet
  facet normal -0.896823 0.44239 0
    outer loop
      vertex 44.5747 21 2.4
      vertex 44.6298 21.1117 3.4
      vertex 44.6298 21.1117 2.46449
    endloop
  endfacet
  facet normal -0.896886 0.442261 1.78961e-05
    outer loop
      vertex 44.6298 21.1117 3.4
      vertex 44.5747 21 2.4
      vertex 44.29 20.4226 3.4
    endloop
  endfacet
  facet normal -0.896823 0.44239 0
    outer loop
      vertex 44.6298 21.1117 0
      vertex 44.5747 21 2.4
      vertex 44.6298 21.1117 2.4
    endloop
  endfacet
  facet normal -0.896885 0.442263 -7.33707e-06
    outer loop
      vertex 43.5885 19 0
      vertex 44.5747 21 2.4
      vertex 44.6298 21.1117 0
    endloop
  endfacet
  facet normal -0.896889 0.442256 0
    outer loop
      vertex 44.5747 21 2.4
      vertex 43.5885 19 0
      vertex 43.5885 19 2.4
    endloop
  endfacet
  facet normal -0.555563 0.831474 0
    outer loop
      vertex 38.9577 13.7196 3.4
      vertex 38.9577 13.7196 2.8856
      vertex 38.5132 13.4226 3.4
    endloop
  endfacet
  facet normal -0.555572 0.831468 0
    outer loop
      vertex 38.9577 13.7196 0
      vertex 37 12.4115 2.4
      vertex 38.9577 13.7196 2.4
    endloop
  endfacet
  facet normal -0.555572 0.831468 0
    outer loop
      vertex 37 12.4115 2.4
      vertex 38.9577 13.7196 0
      vertex 37 12.4115 0
    endloop
  endfacet
  facet normal -0.0654055 0.997859 0
    outer loop
      vertex 30.3495 10.154 0
      vertex 28 10 2.4
      vertex 30.3495 10.154 2.4
    endloop
  endfacet
  facet normal -0.0654055 0.997859 0
    outer loop
      vertex 28 10 2.4
      vertex 30.3495 10.154 0
      vertex 28 10 0
    endloop
  endfacet
  facet normal 0.442263 0.896885 -0
    outer loop
      vertex 21.1117 11.3702 0
      vertex 19 12.4115 2.4
      vertex 21.1117 11.3702 2.4
    endloop
  endfacet
  facet normal 0.442263 0.896885 0
    outer loop
      vertex 19 12.4115 2.4
      vertex 21.1117 11.3702 0
      vertex 19 12.4115 0
    endloop
  endfacet
  facet normal 0.896823 0.44239 0
    outer loop
      vertex 11.3702 21.1117 3.4
      vertex 11.4253 21 2.4
      vertex 11.3702 21.1117 2.46449
    endloop
  endfacet
  facet normal 0.896886 0.442261 1.78961e-05
    outer loop
      vertex 11.4253 21 2.4
      vertex 11.3702 21.1117 3.4
      vertex 11.71 20.4226 3.4
    endloop
  endfacet
  facet normal 0.896823 0.44239 0
    outer loop
      vertex 11.4253 21 2.4
      vertex 11.3702 21.1117 0
      vertex 11.3702 21.1117 2.4
    endloop
  endfacet
  facet normal 0.896889 0.442256 -0
    outer loop
      vertex 12.4115 19 0
      vertex 11.4253 21 2.4
      vertex 12.4115 19 2.4
    endloop
  endfacet
  facet normal 0.896885 0.442263 -7.33707e-06
    outer loop
      vertex 11.4253 21 2.4
      vertex 12.4115 19 0
      vertex 11.3702 21.1117 0
    endloop
  endfacet
  facet normal 0.980788 0.195079 0
    outer loop
      vertex 10.6133 23.3413 2.4
      vertex 10.154 25.6505 0
      vertex 10.154 25.6505 2.4
    endloop
  endfacet
  facet normal 0.980788 0.195079 0
    outer loop
      vertex 10.154 25.6505 0
      vertex 10.6133 23.3413 2.4
      vertex 10.6133 23.3413 0
    endloop
  endfacet
  facet normal 0.751632 0.659582 0
    outer loop
      vertex 15.2721 15.2721 3.3967
      vertex 15.2721 15.2721 3.13443
      vertex 15.1725 15.3856 3.2
    endloop
  endfacet
  facet normal 0.751824 0.659364 0
    outer loop
      vertex 15.2721 15.2721 2.4
      vertex 13.7196 17.0423 0
      vertex 13.7196 17.0423 2.4
    endloop
  endfacet
  facet normal 0.751824 0.659364 0
    outer loop
      vertex 13.7196 17.0423 0
      vertex 15.2721 15.2721 2.4
      vertex 15.2721 15.2721 0
    endloop
  endfacet
  facet normal 0.659371 0.751818 -8.34556e-05
    outer loop
      vertex 15.2721 15.2721 3.13443
      vertex 15.2743 15.2702 3.4
      vertex 17.0423 13.7196 3.4
    endloop
  endfacet
  facet normal 0.65362 0.756823 0
    outer loop
      vertex 15.2743 15.2702 3.4
      vertex 15.2721 15.2721 3.13443
      vertex 15.2721 15.2721 3.3967
    endloop
  endfacet
  facet normal 0.659364 0.751824 -0
    outer loop
      vertex 17.0423 13.7196 2.8856
      vertex 15.2721 15.2721 3.13443
      vertex 17.0423 13.7196 3.4
    endloop
  endfacet
  facet normal 0.659366 0.751822 2.38797e-05
    outer loop
      vertex 15.2721 15.2721 3.13443
      vertex 17.0423 13.7196 2.8856
      vertex 16.7226 14 2.4
    endloop
  endfacet
  facet normal 0.659387 0.751804 -0
    outer loop
      vertex 17.0423 13.7196 0
      vertex 16.7226 14 2.4
      vertex 17.0423 13.7196 2.4
    endloop
  endfacet
  facet normal 0.659364 0.751824 -5.27881e-06
    outer loop
      vertex 15.2721 15.2721 0
      vertex 16.7226 14 2.4
      vertex 17.0423 13.7196 0
    endloop
  endfacet
  facet normal 0.659359 0.751828 0
    outer loop
      vertex 16.7226 14 2.4
      vertex 15.2721 15.2721 0
      vertex 15.2721 15.2721 2.4
    endloop
  endfacet
  facet normal 0.997864 0.065326 0
    outer loop
      vertex 10 28 3.4
      vertex 10.0378 27.4226 3.4
      vertex 10 28 2.4
    endloop
  endfacet
  facet normal 0.997859 0.0654055 0
    outer loop
      vertex 10.154 25.6505 2.4
      vertex 10 28 0
      vertex 10 28 2.4
    endloop
  endfacet
  facet normal 0.997859 0.0654055 0
    outer loop
      vertex 10 28 0
      vertex 10.154 25.6505 2.4
      vertex 10.154 25.6505 0
    endloop
  endfacet
  facet normal -0.980788 0.195079 0
    outer loop
      vertex 45.3867 23.3413 0
      vertex 45.846 25.6505 2.4
      vertex 45.846 25.6505 0
    endloop
  endfacet
  facet normal -0.980788 0.195079 0
    outer loop
      vertex 45.846 25.6505 2.4
      vertex 45.3867 23.3413 0
      vertex 45.3867 23.3413 2.4
    endloop
  endfacet
  facet normal -0.32146 0.946923 0
    outer loop
      vertex 34.8883 11.3702 0
      vertex 32.6587 10.6133 2.4
      vertex 34.8883 11.3702 2.4
    endloop
  endfacet
  facet normal -0.32146 0.946923 0
    outer loop
      vertex 32.6587 10.6133 2.4
      vertex 34.8883 11.3702 0
      vertex 32.6587 10.6133 0
    endloop
  endfacet
  facet normal -0.65362 0.756823 0
    outer loop
      vertex 40.7279 15.2721 3.13443
      vertex 40.7257 15.2702 3.4
      vertex 40.7279 15.2721 3.3967
    endloop
  endfacet
  facet normal -0.659371 0.751818 -8.34556e-05
    outer loop
      vertex 40.7257 15.2702 3.4
      vertex 40.7279 15.2721 3.13443
      vertex 38.9577 13.7196 3.4
    endloop
  endfacet
  facet normal -0.659364 0.751824 0
    outer loop
      vertex 40.7279 15.2721 3.13443
      vertex 38.9577 13.7196 2.8856
      vertex 38.9577 13.7196 3.4
    endloop
  endfacet
  facet normal -0.659366 0.751822 2.38797e-05
    outer loop
      vertex 38.9577 13.7196 2.8856
      vertex 40.7279 15.2721 3.13443
      vertex 39.2774 14 2.4
    endloop
  endfacet
  facet normal -0.659359 0.751828 0
    outer loop
      vertex 40.7279 15.2721 0
      vertex 39.2774 14 2.4
      vertex 40.7279 15.2721 2.4
    endloop
  endfacet
  facet normal -0.659364 0.751824 -5.27881e-06
    outer loop
      vertex 38.9577 13.7196 0
      vertex 39.2774 14 2.4
      vertex 40.7279 15.2721 0
    endloop
  endfacet
  facet normal -0.659387 0.751804 0
    outer loop
      vertex 39.2774 14 2.4
      vertex 38.9577 13.7196 0
      vertex 38.9577 13.7196 2.4
    endloop
  endfacet
  facet normal 0.94692 0.32147 -0.000107811
    outer loop
      vertex 11.3702 21.1117 3.4
      vertex 10.9377 22.3856 3.2
      vertex 10.9769 22.2702 3.4
    endloop
  endfacet
  facet normal 0.946914 0.321486 0
    outer loop
      vertex 10.9377 22.3856 3.2
      vertex 11.3702 21.1117 3.4
      vertex 11.3702 21.1117 2.46449
    endloop
  endfacet
  facet normal 0.946923 0.32146 0
    outer loop
      vertex 11.3702 21.1117 2.4
      vertex 10.6133 23.3413 0
      vertex 10.6133 23.3413 2.4
    endloop
  endfacet
  facet normal 0.946923 0.32146 0
    outer loop
      vertex 10.6133 23.3413 0
      vertex 11.3702 21.1117 2.4
      vertex 11.3702 21.1117 0
    endloop
  endfacet
endsolid OpenSCAD_Model
