solid OpenSCAD_Model
  facet normal -1 0 0
    outer loop
      vertex 0 0 0
      vertex 0 52 2.4
      vertex 0 52 0
    endloop
  endfacet
  facet normal -1 -0 0
    outer loop
      vertex 0 52 2.4
      vertex 0 0 0
      vertex 0 0 2.4
    endloop
  endfacet
  facet normal 0 0 1
    outer loop
      vertex 13.8248 10.1329 2.4
      vertex 11.6855 10.2219 2.4
      vertex 11.7 10 2.4
    endloop
  endfacet
  facet normal 0 0 1
    outer loop
      vertex 13.8248 10.1329 2.4
      vertex 11.6421 10.44 2.4
      vertex 11.6855 10.2219 2.4
    endloop
  endfacet
  facet normal 0 0 1
    outer loop
      vertex 13.8248 10.1329 2.4
      vertex 11.5706 10.6506 2.4
      vertex 11.6421 10.44 2.4
    endloop
  endfacet
  facet normal 0 0 1
    outer loop
      vertex 11.8579 11.8579 2.4
      vertex 11.4722 10.85 2.4
      vertex 11.5706 10.6506 2.4
    endloop
  endfacet
  facet normal 0 0 1
    outer loop
      vertex 11.8579 11.8579 2.4
      vertex 11.3487 11.0349 2.4
      vertex 11.4722 10.85 2.4
    endloop
  endfacet
  facet normal 0 0 1
    outer loop
      vertex 11.8579 11.8579 2.4
      vertex 11.2021 11.2021 2.4
      vertex 11.3487 11.0349 2.4
    endloop
  endfacet
  facet normal 0 0 1
    outer loop
      vertex 11.8579 11.8579 2.4
      vertex 11.0349 11.3487 2.4
      vertex 11.2021 11.2021 2.4
    endloop
  endfacet
  facet normal 0 0 1
    outer loop
      vertex 11.8579 11.8579 2.4
      vertex 10.85 11.4722 2.4
      vertex 11.0349 11.3487 2.4
    endloop
  endfacet
  facet normal 0 0 1
    outer loop
      vertex 11.8579 11.8579 2.4
      vertex 10.6506 11.5706 2.4
      vertex 10.85 11.4722 2.4
    endloop
  endfacet
  facet normal 0 0 1
    outer loop
      vertex 10.1329 13.8248 2.4
      vertex 10.6506 11.5706 2.4
      vertex 11.8579 11.8579 2.4
    endloop
  endfacet
  facet normal 0 0 1
    outer loop
      vertex 10.6506 11.5706 2.4
      vertex 10.1329 13.8248 2.4
      vertex 10.44 11.6421 2.4
    endloop
  endfacet
  facet normal 0 0 1
    outer loop
      vertex 10.44 11.6421 2.4
      vertex 10.1329 13.8248 2.4
      vertex 10.2219 11.6855 2.4
    endloop
  endfacet
  facet normal 0 0 1
    outer loop
      vertex 10.1329 13.8248 2.4
      vertex 10 11.7 2.4
      vertex 10.2219 11.6855 2.4
    endloop
  endfacet
  facet normal 0 0 1
    outer loop
      vertex 10.1329 13.8248 2.4
      vertex 9.7781 11.6855 2.4
      vertex 10 11.7 2.4
    endloop
  endfacet
  facet normal 0 0 1
    outer loop
      vertex 10.1329 13.8248 2.4
      vertex 9.56001 11.6421 2.4
      vertex 9.7781 11.6855 2.4
    endloop
  endfacet
  facet normal 0 0 1
    outer loop
      vertex 10.1329 13.8248 2.4
      vertex 9.34944 11.5706 2.4
      vertex 9.56001 11.6421 2.4
    endloop
  endfacet
  facet normal 0 0 1
    outer loop
      vertex 10.1329 13.8248 2.4
      vertex 9.15 11.4722 2.4
      vertex 9.34944 11.5706 2.4
    endloop
  endfacet
  facet normal 0 0 1
    outer loop
      vertex 10.1329 13.8248 2.4
      vertex 8.96511 11.3487 2.4
      vertex 9.15 11.4722 2.4
    endloop
  endfacet
  facet normal 0 0 1
    outer loop
      vertex 8.67949 16 2.4
      vertex 8.96511 11.3487 2.4
      vertex 10.1329 13.8248 2.4
    endloop
  endfacet
  facet normal 0 0 1
    outer loop
      vertex 8.96511 11.3487 2.4
      vertex 8.67949 16 2.4
      vertex 8.79792 11.2021 2.4
    endloop
  endfacet
  facet normal 0 0 1
    outer loop
      vertex 8.67949 16 2.4
      vertex 8.6513 11.0349 2.4
      vertex 8.79792 11.2021 2.4
    endloop
  endfacet
  facet normal 0 0 1
    outer loop
      vertex 8.67949 16 2.4
      vertex 8.52776 10.85 2.4
      vertex 8.6513 11.0349 2.4
    endloop
  endfacet
  facet normal 0 0 1
    outer loop
      vertex 8.67949 16 2.4
      vertex 8.4294 10.6506 2.4
      vertex 8.52776 10.85 2.4
    endloop
  endfacet
  facet normal 0 0 1
    outer loop
      vertex 7.52241 18.3463 2.4
      vertex 8.4294 10.6506 2.4
      vertex 8.67949 16 2.4
    endloop
  endfacet
  facet normal 0 0 1
    outer loop
      vertex 8.4294 10.6506 2.4
      vertex 7.52241 18.3463 2.4
      vertex 8.35793 10.44 2.4
    endloop
  endfacet
  facet normal 0 0 1
    outer loop
      vertex 8.35793 10.44 2.4
      vertex 7.52241 18.3463 2.4
      vertex 8.31454 10.2219 2.4
    endloop
  endfacet
  facet normal 0 0 1
    outer loop
      vertex 0 0 2.4
      vertex 8.31454 10.2219 2.4
      vertex 7.52241 18.3463 2.4
    endloop
  endfacet
  facet normal 0 0 1
    outer loop
      vertex 11.6421 41.56 2.4
      vertex 13.8248 41.8671 2.4
      vertex 11.6855 41.7781 2.4
    endloop
  endfacet
  facet normal 0 0 1
    outer loop
      vertex 11.5706 41.3494 2.4
      vertex 13.8248 41.8671 2.4
      vertex 11.6421 41.56 2.4
    endloop
  endfacet
  facet normal 0 0 1
    outer loop
      vertex 13.8248 41.8671 2.4
      vertex 11.5706 41.3494 2.4
      vertex 11.8579 40.1421 2.4
    endloop
  endfacet
  facet normal -0 0 1
    outer loop
      vertex 11.4722 41.15 2.4
      vertex 11.8579 40.1421 2.4
      vertex 11.5706 41.3494 2.4
    endloop
  endfacet
  facet normal -0 0 1
    outer loop
      vertex 11.3487 40.9651 2.4
      vertex 11.8579 40.1421 2.4
      vertex 11.4722 41.15 2.4
    endloop
  endfacet
  facet normal -0 0 1
    outer loop
      vertex 11.2021 40.7979 2.4
      vertex 11.8579 40.1421 2.4
      vertex 11.3487 40.9651 2.4
    endloop
  endfacet
  facet normal -0 0 1
    outer loop
      vertex 11.0349 40.6513 2.4
      vertex 11.8579 40.1421 2.4
      vertex 11.2021 40.7979 2.4
    endloop
  endfacet
  facet normal -0 0 1
    outer loop
      vertex 10.85 40.5278 2.4
      vertex 11.8579 40.1421 2.4
      vertex 11.0349 40.6513 2.4
    endloop
  endfacet
  facet normal -0 0 1
    outer loop
      vertex 10.6506 40.4294 2.4
      vertex 11.8579 40.1421 2.4
      vertex 10.85 40.5278 2.4
    endloop
  endfacet
  facet normal 0 0 1
    outer loop
      vertex 10.1329 38.1752 2.4
      vertex 10.6506 40.4294 2.4
      vertex 10.44 40.3579 2.4
    endloop
  endfacet
  facet normal 0 0 1
    outer loop
      vertex 10.1329 38.1752 2.4
      vertex 10.44 40.3579 2.4
      vertex 10.2219 40.3145 2.4
    endloop
  endfacet
  facet normal 0 0 1
    outer loop
      vertex 10.6506 40.4294 2.4
      vertex 10.1329 38.1752 2.4
      vertex 11.8579 40.1421 2.4
    endloop
  endfacet
  facet normal -0 0 1
    outer loop
      vertex 10 40.3 2.4
      vertex 10.1329 38.1752 2.4
      vertex 10.2219 40.3145 2.4
    endloop
  endfacet
  facet normal 0 0 1
    outer loop
      vertex 9.7781 40.3145 2.4
      vertex 10.1329 38.1752 2.4
      vertex 10 40.3 2.4
    endloop
  endfacet
  facet normal 0 0 1
    outer loop
      vertex 9.56001 40.3579 2.4
      vertex 10.1329 38.1752 2.4
      vertex 9.7781 40.3145 2.4
    endloop
  endfacet
  facet normal 0 0 1
    outer loop
      vertex 9.34944 40.4294 2.4
      vertex 10.1329 38.1752 2.4
      vertex 9.56001 40.3579 2.4
    endloop
  endfacet
  facet normal 0 0 1
    outer loop
      vertex 9.15 40.5278 2.4
      vertex 10.1329 38.1752 2.4
      vertex 9.34944 40.4294 2.4
    endloop
  endfacet
  facet normal 0 0 1
    outer loop
      vertex 8.96511 40.6513 2.4
      vertex 10.1329 38.1752 2.4
      vertex 9.15 40.5278 2.4
    endloop
  endfacet
  facet normal 0 0 1
    outer loop
      vertex 8.67949 36 2.4
      vertex 8.96511 40.6513 2.4
      vertex 8.79792 40.7979 2.4
    endloop
  endfacet
  facet normal 0 0 1
    outer loop
      vertex 8.96511 40.6513 2.4
      vertex 8.67949 36 2.4
      vertex 10.1329 38.1752 2.4
    endloop
  endfacet
  facet normal 0 0 1
    outer loop
      vertex 8.6513 40.9651 2.4
      vertex 8.67949 36 2.4
      vertex 8.79792 40.7979 2.4
    endloop
  endfacet
  facet normal 0 0 1
    outer loop
      vertex 8.52776 41.15 2.4
      vertex 8.67949 36 2.4
      vertex 8.6513 40.9651 2.4
    endloop
  endfacet
  facet normal 0 0 1
    outer loop
      vertex 8.4294 41.3494 2.4
      vertex 8.67949 36 2.4
      vertex 8.52776 41.15 2.4
    endloop
  endfacet
  facet normal 0 0 1
    outer loop
      vertex 7.52241 33.6537 2.4
      vertex 8.4294 41.3494 2.4
      vertex 8.35793 41.56 2.4
    endloop
  endfacet
  facet normal 0 0 1
    outer loop
      vertex 7.52241 33.6537 2.4
      vertex 8.35793 41.56 2.4
      vertex 8.31454 41.7781 2.4
    endloop
  endfacet
  facet normal 0 0 1
    outer loop
      vertex 0 52 2.4
      vertex 8.31454 41.7781 2.4
      vertex 8.3 42 2.4
    endloop
  endfacet
  facet normal 0 0 1
    outer loop
      vertex 8.4294 41.3494 2.4
      vertex 7.52241 33.6537 2.4
      vertex 8.67949 36 2.4
    endloop
  endfacet
  facet normal 0 0 1
    outer loop
      vertex 52 0 2.4
      vertex 43.6855 10.2219 2.4
      vertex 43.7 10 2.4
    endloop
  endfacet
  facet normal 0 0 1
    outer loop
      vertex 44.4776 18.3463 2.4
      vertex 43.6421 10.44 2.4
      vertex 43.6855 10.2219 2.4
    endloop
  endfacet
  facet normal 0 0 1
    outer loop
      vertex 44.4776 18.3463 2.4
      vertex 43.5706 10.6506 2.4
      vertex 43.6421 10.44 2.4
    endloop
  endfacet
  facet normal -0 0 1
    outer loop
      vertex 43.3205 16 2.4
      vertex 43.5706 10.6506 2.4
      vertex 44.4776 18.3463 2.4
    endloop
  endfacet
  facet normal 0 0 1
    outer loop
      vertex 43.5706 10.6506 2.4
      vertex 43.3205 16 2.4
      vertex 43.4722 10.85 2.4
    endloop
  endfacet
  facet normal 0 0 1
    outer loop
      vertex 43.4722 10.85 2.4
      vertex 43.3205 16 2.4
      vertex 43.3487 11.0349 2.4
    endloop
  endfacet
  facet normal 0 0 1
    outer loop
      vertex 43.3205 16 2.4
      vertex 43.2021 11.2021 2.4
      vertex 43.3487 11.0349 2.4
    endloop
  endfacet
  facet normal 0 0 1
    outer loop
      vertex 43.3205 16 2.4
      vertex 43.0349 11.3487 2.4
      vertex 43.2021 11.2021 2.4
    endloop
  endfacet
  facet normal -0 0 1
    outer loop
      vertex 41.8671 13.8248 2.4
      vertex 43.0349 11.3487 2.4
      vertex 43.3205 16 2.4
    endloop
  endfacet
  facet normal 0 0 1
    outer loop
      vertex 43.0349 11.3487 2.4
      vertex 41.8671 13.8248 2.4
      vertex 42.85 11.4722 2.4
    endloop
  endfacet
  facet normal 0 0 1
    outer loop
      vertex 42.85 11.4722 2.4
      vertex 41.8671 13.8248 2.4
      vertex 42.6506 11.5706 2.4
    endloop
  endfacet
  facet normal 0 0 1
    outer loop
      vertex 42.6506 11.5706 2.4
      vertex 41.8671 13.8248 2.4
      vertex 42.44 11.6421 2.4
    endloop
  endfacet
  facet normal 0 0 1
    outer loop
      vertex 42.44 11.6421 2.4
      vertex 41.8671 13.8248 2.4
      vertex 42.2219 11.6855 2.4
    endloop
  endfacet
  facet normal 0 0 1
    outer loop
      vertex 42.2219 11.6855 2.4
      vertex 41.8671 13.8248 2.4
      vertex 42 11.7 2.4
    endloop
  endfacet
  facet normal 0 0 1
    outer loop
      vertex 41.8671 13.8248 2.4
      vertex 41.7781 11.6855 2.4
      vertex 42 11.7 2.4
    endloop
  endfacet
  facet normal 0 0 1
    outer loop
      vertex 41.8671 13.8248 2.4
      vertex 41.56 11.6421 2.4
      vertex 41.7781 11.6855 2.4
    endloop
  endfacet
  facet normal 0 0 1
    outer loop
      vertex 41.8671 13.8248 2.4
      vertex 41.3494 11.5706 2.4
      vertex 41.56 11.6421 2.4
    endloop
  endfacet
  facet normal -0 0 1
    outer loop
      vertex 40.1421 11.8579 2.4
      vertex 41.3494 11.5706 2.4
      vertex 41.8671 13.8248 2.4
    endloop
  endfacet
  facet normal 0 0 1
    outer loop
      vertex 41.3494 11.5706 2.4
      vertex 40.1421 11.8579 2.4
      vertex 41.15 11.4722 2.4
    endloop
  endfacet
  facet normal 0 0 1
    outer loop
      vertex 41.15 11.4722 2.4
      vertex 40.1421 11.8579 2.4
      vertex 40.9651 11.3487 2.4
    endloop
  endfacet
  facet normal 0 0 1
    outer loop
      vertex 40.9651 11.3487 2.4
      vertex 40.1421 11.8579 2.4
      vertex 40.7979 11.2021 2.4
    endloop
  endfacet
  facet normal 0 0 1
    outer loop
      vertex 40.7979 11.2021 2.4
      vertex 40.1421 11.8579 2.4
      vertex 40.6513 11.0349 2.4
    endloop
  endfacet
  facet normal 0 0 1
    outer loop
      vertex 40.6513 11.0349 2.4
      vertex 40.1421 11.8579 2.4
      vertex 40.5278 10.85 2.4
    endloop
  endfacet
  facet normal 0 0 1
    outer loop
      vertex 40.3579 10.44 2.4
      vertex 38.1752 10.1329 2.4
      vertex 40.3145 10.2219 2.4
    endloop
  endfacet
  facet normal 0 0 1
    outer loop
      vertex 40.4294 10.6506 2.4
      vertex 38.1752 10.1329 2.4
      vertex 40.3579 10.44 2.4
    endloop
  endfacet
  facet normal 0 0 1
    outer loop
      vertex 38.1752 10.1329 2.4
      vertex 40.4294 10.6506 2.4
      vertex 40.1421 11.8579 2.4
    endloop
  endfacet
  facet normal 0 0 1
    outer loop
      vertex 40.5278 10.85 2.4
      vertex 40.1421 11.8579 2.4
      vertex 40.4294 10.6506 2.4
    endloop
  endfacet
  facet normal 0 0 1
    outer loop
      vertex 52 52 2.4
      vertex 46 26 2.4
      vertex 52 0 2.4
    endloop
  endfacet
  facet normal 0 0 1
    outer loop
      vertex 52 52 2.4
      vertex 45.8289 28.6105 2.4
      vertex 46 26 2.4
    endloop
  endfacet
  facet normal 0 0 1
    outer loop
      vertex 52 52 2.4
      vertex 45.3185 31.1764 2.4
      vertex 45.8289 28.6105 2.4
    endloop
  endfacet
  facet normal 0 0 1
    outer loop
      vertex 52 52 2.4
      vertex 44.4776 33.6537 2.4
      vertex 45.3185 31.1764 2.4
    endloop
  endfacet
  facet normal 0 0 1
    outer loop
      vertex 43.6855 41.7781 2.4
      vertex 52 52 2.4
      vertex 43.7 42 2.4
    endloop
  endfacet
  facet normal 0 0 1
    outer loop
      vertex 52 52 2.4
      vertex 43.6855 42.2219 2.4
      vertex 43.7 42 2.4
    endloop
  endfacet
  facet normal 0 0 1
    outer loop
      vertex 52 52 2.4
      vertex 43.6421 42.44 2.4
      vertex 43.6855 42.2219 2.4
    endloop
  endfacet
  facet normal 0 0 1
    outer loop
      vertex 52 52 2.4
      vertex 43.5706 42.6506 2.4
      vertex 43.6421 42.44 2.4
    endloop
  endfacet
  facet normal 0 0 1
    outer loop
      vertex 52 52 2.4
      vertex 43.4722 42.85 2.4
      vertex 43.5706 42.6506 2.4
    endloop
  endfacet
  facet normal 0 0 1
    outer loop
      vertex 52 52 2.4
      vertex 43.3487 43.0349 2.4
      vertex 43.4722 42.85 2.4
    endloop
  endfacet
  facet normal 0 0 1
    outer loop
      vertex 52 52 2.4
      vertex 43.2021 43.2021 2.4
      vertex 43.3487 43.0349 2.4
    endloop
  endfacet
  facet normal 0 0 1
    outer loop
      vertex 52 52 2.4
      vertex 43.0349 43.3487 2.4
      vertex 43.2021 43.2021 2.4
    endloop
  endfacet
  facet normal 0 0 1
    outer loop
      vertex 52 52 2.4
      vertex 42.85 43.4722 2.4
      vertex 43.0349 43.3487 2.4
    endloop
  endfacet
  facet normal 0 0 1
    outer loop
      vertex 52 52 2.4
      vertex 42.6506 43.5706 2.4
      vertex 42.85 43.4722 2.4
    endloop
  endfacet
  facet normal 0 0 1
    outer loop
      vertex 52 52 2.4
      vertex 42.44 43.6421 2.4
      vertex 42.6506 43.5706 2.4
    endloop
  endfacet
  facet normal 0 0 1
    outer loop
      vertex 52 52 2.4
      vertex 42.2219 43.6855 2.4
      vertex 42.44 43.6421 2.4
    endloop
  endfacet
  facet normal 0 0 1
    outer loop
      vertex 52 52 2.4
      vertex 42 43.7 2.4
      vertex 42.2219 43.6855 2.4
    endloop
  endfacet
  facet normal 0 0 1
    outer loop
      vertex 52 52 2.4
      vertex 41.7781 43.6855 2.4
      vertex 42 43.7 2.4
    endloop
  endfacet
  facet normal 0 0 1
    outer loop
      vertex 52 52 2.4
      vertex 41.56 43.6421 2.4
      vertex 41.7781 43.6855 2.4
    endloop
  endfacet
  facet normal -0 0 1
    outer loop
      vertex 33.6537 44.4776 2.4
      vertex 41.56 43.6421 2.4
      vertex 52 52 2.4
    endloop
  endfacet
  facet normal 0 0 1
    outer loop
      vertex 41.56 43.6421 2.4
      vertex 33.6537 44.4776 2.4
      vertex 41.3494 43.5706 2.4
    endloop
  endfacet
  facet normal 0 -0 1
    outer loop
      vertex 36 43.3205 2.4
      vertex 41.3494 43.5706 2.4
      vertex 33.6537 44.4776 2.4
    endloop
  endfacet
  facet normal 0 0 1
    outer loop
      vertex 38.1752 41.8671 2.4
      vertex 40.3 42 2.4
      vertex 40.3145 42.2219 2.4
    endloop
  endfacet
  facet normal 0 0 1
    outer loop
      vertex 40.3 42 2.4
      vertex 38.1752 41.8671 2.4
      vertex 40.1421 40.1421 2.4
    endloop
  endfacet
  facet normal 0 0 1
    outer loop
      vertex 40.3579 42.44 2.4
      vertex 38.1752 41.8671 2.4
      vertex 40.3145 42.2219 2.4
    endloop
  endfacet
  facet normal 0 0 1
    outer loop
      vertex 40.4294 42.6506 2.4
      vertex 38.1752 41.8671 2.4
      vertex 40.3579 42.44 2.4
    endloop
  endfacet
  facet normal 0 0 1
    outer loop
      vertex 40.5278 42.85 2.4
      vertex 38.1752 41.8671 2.4
      vertex 40.4294 42.6506 2.4
    endloop
  endfacet
  facet normal 0 0 1
    outer loop
      vertex 40.6513 43.0349 2.4
      vertex 38.1752 41.8671 2.4
      vertex 40.5278 42.85 2.4
    endloop
  endfacet
  facet normal 0 0 1
    outer loop
      vertex 36 43.3205 2.4
      vertex 40.6513 43.0349 2.4
      vertex 40.7979 43.2021 2.4
    endloop
  endfacet
  facet normal -0 0 1
    outer loop
      vertex 36 43.3205 2.4
      vertex 40.7979 43.2021 2.4
      vertex 40.9651 43.3487 2.4
    endloop
  endfacet
  facet normal 0 0 1
    outer loop
      vertex 41.3494 43.5706 2.4
      vertex 36 43.3205 2.4
      vertex 41.15 43.4722 2.4
    endloop
  endfacet
  facet normal 0 0 1
    outer loop
      vertex 40.6513 43.0349 2.4
      vertex 36 43.3205 2.4
      vertex 38.1752 41.8671 2.4
    endloop
  endfacet
  facet normal 0 0 1
    outer loop
      vertex 41.15 43.4722 2.4
      vertex 36 43.3205 2.4
      vertex 40.9651 43.3487 2.4
    endloop
  endfacet
  facet normal 0 0 1
    outer loop
      vertex 52 52 2.4
      vertex 31.1764 45.3185 2.4
      vertex 33.6537 44.4776 2.4
    endloop
  endfacet
  facet normal 0 0 1
    outer loop
      vertex 52 52 2.4
      vertex 28.6105 45.8289 2.4
      vertex 31.1764 45.3185 2.4
    endloop
  endfacet
  facet normal 0 0 1
    outer loop
      vertex 52 52 2.4
      vertex 26 46 2.4
      vertex 28.6105 45.8289 2.4
    endloop
  endfacet
  facet normal -0 0 1
    outer loop
      vertex 0 52 2.4
      vertex 26 46 2.4
      vertex 52 52 2.4
    endloop
  endfacet
  facet normal 0 0 1
    outer loop
      vertex 26 46 2.4
      vertex 0 52 2.4
      vertex 23.3895 45.8289 2.4
    endloop
  endfacet
  facet normal 0 0 1
    outer loop
      vertex 11.6855 41.7781 2.4
      vertex 13.8248 41.8671 2.4
      vertex 11.7 42 2.4
    endloop
  endfacet
  facet normal -0 0 1
    outer loop
      vertex 11.3487 43.0349 2.4
      vertex 13.8248 41.8671 2.4
      vertex 16 43.3205 2.4
    endloop
  endfacet
  facet normal -0 0 1
    outer loop
      vertex 10.6506 43.5706 2.4
      vertex 16 43.3205 2.4
      vertex 18.3463 44.4776 2.4
    endloop
  endfacet
  facet normal 0 0 1
    outer loop
      vertex 13.8248 41.8671 2.4
      vertex 11.6855 42.2219 2.4
      vertex 11.7 42 2.4
    endloop
  endfacet
  facet normal 0 0 1
    outer loop
      vertex 0 52 2.4
      vertex 18.3463 44.4776 2.4
      vertex 20.8236 45.3185 2.4
    endloop
  endfacet
  facet normal 0 0 1
    outer loop
      vertex 13.8248 41.8671 2.4
      vertex 11.6421 42.44 2.4
      vertex 11.6855 42.2219 2.4
    endloop
  endfacet
  facet normal 0 0 1
    outer loop
      vertex 13.8248 41.8671 2.4
      vertex 11.5706 42.6506 2.4
      vertex 11.6421 42.44 2.4
    endloop
  endfacet
  facet normal 0 0 1
    outer loop
      vertex 13.8248 41.8671 2.4
      vertex 11.4722 42.85 2.4
      vertex 11.5706 42.6506 2.4
    endloop
  endfacet
  facet normal 0 0 1
    outer loop
      vertex 13.8248 41.8671 2.4
      vertex 11.3487 43.0349 2.4
      vertex 11.4722 42.85 2.4
    endloop
  endfacet
  facet normal 0 0 1
    outer loop
      vertex 16 43.3205 2.4
      vertex 11.2021 43.2021 2.4
      vertex 11.3487 43.0349 2.4
    endloop
  endfacet
  facet normal 0 0 1
    outer loop
      vertex 16 43.3205 2.4
      vertex 11.0349 43.3487 2.4
      vertex 11.2021 43.2021 2.4
    endloop
  endfacet
  facet normal 0 0 1
    outer loop
      vertex 23.3895 45.8289 2.4
      vertex 0 52 2.4
      vertex 20.8236 45.3185 2.4
    endloop
  endfacet
  facet normal 0 0 1
    outer loop
      vertex 16 43.3205 2.4
      vertex 10.85 43.4722 2.4
      vertex 11.0349 43.3487 2.4
    endloop
  endfacet
  facet normal 0 0 1
    outer loop
      vertex 16 43.3205 2.4
      vertex 10.6506 43.5706 2.4
      vertex 10.85 43.4722 2.4
    endloop
  endfacet
  facet normal 0 0 1
    outer loop
      vertex 18.3463 44.4776 2.4
      vertex 0 52 2.4
      vertex 10.44 43.6421 2.4
    endloop
  endfacet
  facet normal 0 0 1
    outer loop
      vertex 18.3463 44.4776 2.4
      vertex 10.44 43.6421 2.4
      vertex 10.6506 43.5706 2.4
    endloop
  endfacet
  facet normal 0 0 1
    outer loop
      vertex 10.44 43.6421 2.4
      vertex 0 52 2.4
      vertex 10.2219 43.6855 2.4
    endloop
  endfacet
  facet normal 0 0 1
    outer loop
      vertex 10.2219 43.6855 2.4
      vertex 0 52 2.4
      vertex 10 43.7 2.4
    endloop
  endfacet
  facet normal 0 0 1
    outer loop
      vertex 0 52 2.4
      vertex 8.3 42 2.4
      vertex 8.31454 42.2219 2.4
    endloop
  endfacet
  facet normal 0 0 1
    outer loop
      vertex 8.31454 41.7781 2.4
      vertex 0 52 2.4
      vertex 7.52241 33.6537 2.4
    endloop
  endfacet
  facet normal 0 0 1
    outer loop
      vertex 7.52241 33.6537 2.4
      vertex 0 52 2.4
      vertex 6.68148 31.1764 2.4
    endloop
  endfacet
  facet normal 0 0 1
    outer loop
      vertex 6.1711 28.6105 2.4
      vertex 0 52 2.4
      vertex 6 26 2.4
    endloop
  endfacet
  facet normal 0 0 1
    outer loop
      vertex 6.68148 31.1764 2.4
      vertex 0 52 2.4
      vertex 6.1711 28.6105 2.4
    endloop
  endfacet
  facet normal 0 0 1
    outer loop
      vertex 8.35793 42.44 2.4
      vertex 0 52 2.4
      vertex 8.31454 42.2219 2.4
    endloop
  endfacet
  facet normal 0 0 1
    outer loop
      vertex 8.4294 42.6506 2.4
      vertex 0 52 2.4
      vertex 8.35793 42.44 2.4
    endloop
  endfacet
  facet normal 0 0 1
    outer loop
      vertex 8.52776 42.85 2.4
      vertex 0 52 2.4
      vertex 8.4294 42.6506 2.4
    endloop
  endfacet
  facet normal 0 0 1
    outer loop
      vertex 8.6513 43.0349 2.4
      vertex 0 52 2.4
      vertex 8.52776 42.85 2.4
    endloop
  endfacet
  facet normal 0 0 1
    outer loop
      vertex 8.79792 43.2021 2.4
      vertex 0 52 2.4
      vertex 8.6513 43.0349 2.4
    endloop
  endfacet
  facet normal 0 0 1
    outer loop
      vertex 8.96511 43.3487 2.4
      vertex 0 52 2.4
      vertex 8.79792 43.2021 2.4
    endloop
  endfacet
  facet normal 0 0 1
    outer loop
      vertex 9.15 43.4722 2.4
      vertex 0 52 2.4
      vertex 8.96511 43.3487 2.4
    endloop
  endfacet
  facet normal 0 0 1
    outer loop
      vertex 9.34944 43.5706 2.4
      vertex 0 52 2.4
      vertex 9.15 43.4722 2.4
    endloop
  endfacet
  facet normal 0 0 1
    outer loop
      vertex 9.56001 43.6421 2.4
      vertex 0 52 2.4
      vertex 9.34944 43.5706 2.4
    endloop
  endfacet
  facet normal 0 0 1
    outer loop
      vertex 9.7781 43.6855 2.4
      vertex 0 52 2.4
      vertex 9.56001 43.6421 2.4
    endloop
  endfacet
  facet normal 0 0 1
    outer loop
      vertex 10 43.7 2.4
      vertex 0 52 2.4
      vertex 9.7781 43.6855 2.4
    endloop
  endfacet
  facet normal -0 0 1
    outer loop
      vertex 45.8289 23.3895 2.4
      vertex 52 0 2.4
      vertex 46 26 2.4
    endloop
  endfacet
  facet normal -0 0 1
    outer loop
      vertex 45.3185 20.8236 2.4
      vertex 52 0 2.4
      vertex 45.8289 23.3895 2.4
    endloop
  endfacet
  facet normal -0 0 1
    outer loop
      vertex 44.4776 18.3463 2.4
      vertex 52 0 2.4
      vertex 45.3185 20.8236 2.4
    endloop
  endfacet
  facet normal -0 0 1
    outer loop
      vertex 43.6855 10.2219 2.4
      vertex 52 0 2.4
      vertex 44.4776 18.3463 2.4
    endloop
  endfacet
  facet normal -0 0 1
    outer loop
      vertex 43.6855 9.7781 2.4
      vertex 52 0 2.4
      vertex 43.7 10 2.4
    endloop
  endfacet
  facet normal -0 0 1
    outer loop
      vertex 43.6421 9.56001 2.4
      vertex 52 0 2.4
      vertex 43.6855 9.7781 2.4
    endloop
  endfacet
  facet normal -0 0 1
    outer loop
      vertex 43.5706 9.34944 2.4
      vertex 52 0 2.4
      vertex 43.6421 9.56001 2.4
    endloop
  endfacet
  facet normal -0 0 1
    outer loop
      vertex 43.4722 9.15 2.4
      vertex 52 0 2.4
      vertex 43.5706 9.34944 2.4
    endloop
  endfacet
  facet normal -0 0 1
    outer loop
      vertex 43.3487 8.96511 2.4
      vertex 52 0 2.4
      vertex 43.4722 9.15 2.4
    endloop
  endfacet
  facet normal -0 0 1
    outer loop
      vertex 43.2021 8.79792 2.4
      vertex 52 0 2.4
      vertex 43.3487 8.96511 2.4
    endloop
  endfacet
  facet normal -0 0 1
    outer loop
      vertex 43.0349 8.6513 2.4
      vertex 52 0 2.4
      vertex 43.2021 8.79792 2.4
    endloop
  endfacet
  facet normal -0 0 1
    outer loop
      vertex 42.85 8.52776 2.4
      vertex 52 0 2.4
      vertex 43.0349 8.6513 2.4
    endloop
  endfacet
  facet normal -0 0 1
    outer loop
      vertex 42.6506 8.4294 2.4
      vertex 52 0 2.4
      vertex 42.85 8.52776 2.4
    endloop
  endfacet
  facet normal -0 0 1
    outer loop
      vertex 42.44 8.35793 2.4
      vertex 52 0 2.4
      vertex 42.6506 8.4294 2.4
    endloop
  endfacet
  facet normal -0 0 1
    outer loop
      vertex 42.2219 8.31454 2.4
      vertex 52 0 2.4
      vertex 42.44 8.35793 2.4
    endloop
  endfacet
  facet normal -0 0 1
    outer loop
      vertex 42 8.3 2.4
      vertex 52 0 2.4
      vertex 42.2219 8.31454 2.4
    endloop
  endfacet
  facet normal 0 0 1
    outer loop
      vertex 41.7781 8.31454 2.4
      vertex 52 0 2.4
      vertex 42 8.3 2.4
    endloop
  endfacet
  facet normal 0 0 1
    outer loop
      vertex 41.56 8.35793 2.4
      vertex 52 0 2.4
      vertex 41.7781 8.31454 2.4
    endloop
  endfacet
  facet normal 0 0 1
    outer loop
      vertex 33.6537 7.52241 2.4
      vertex 41.56 8.35793 2.4
      vertex 41.3494 8.4294 2.4
    endloop
  endfacet
  facet normal 0 0 1
    outer loop
      vertex 36 8.67949 2.4
      vertex 41.3494 8.4294 2.4
      vertex 41.15 8.52776 2.4
    endloop
  endfacet
  facet normal 0 0 1
    outer loop
      vertex 36 8.67949 2.4
      vertex 41.15 8.52776 2.4
      vertex 40.9651 8.6513 2.4
    endloop
  endfacet
  facet normal 0 0 1
    outer loop
      vertex 40.3145 10.2219 2.4
      vertex 38.1752 10.1329 2.4
      vertex 40.3 10 2.4
    endloop
  endfacet
  facet normal 0 0 1
    outer loop
      vertex 40.3 10 2.4
      vertex 38.1752 10.1329 2.4
      vertex 40.3145 9.7781 2.4
    endloop
  endfacet
  facet normal 0 0 1
    outer loop
      vertex 38.1752 10.1329 2.4
      vertex 40.3579 9.56001 2.4
      vertex 40.3145 9.7781 2.4
    endloop
  endfacet
  facet normal 0 0 1
    outer loop
      vertex 38.1752 10.1329 2.4
      vertex 40.4294 9.34944 2.4
      vertex 40.3579 9.56001 2.4
    endloop
  endfacet
  facet normal 0 0 1
    outer loop
      vertex 38.1752 10.1329 2.4
      vertex 40.5278 9.15 2.4
      vertex 40.4294 9.34944 2.4
    endloop
  endfacet
  facet normal 0 0 1
    outer loop
      vertex 38.1752 10.1329 2.4
      vertex 40.6513 8.96511 2.4
      vertex 40.5278 9.15 2.4
    endloop
  endfacet
  facet normal 0 0 1
    outer loop
      vertex 36 8.67949 2.4
      vertex 40.6513 8.96511 2.4
      vertex 38.1752 10.1329 2.4
    endloop
  endfacet
  facet normal 0 0 1
    outer loop
      vertex 40.6513 8.96511 2.4
      vertex 36 8.67949 2.4
      vertex 40.7979 8.79792 2.4
    endloop
  endfacet
  facet normal 0 0 1
    outer loop
      vertex 40.7979 8.79792 2.4
      vertex 36 8.67949 2.4
      vertex 40.9651 8.6513 2.4
    endloop
  endfacet
  facet normal 0 0 1
    outer loop
      vertex 41.3494 8.4294 2.4
      vertex 36 8.67949 2.4
      vertex 33.6537 7.52241 2.4
    endloop
  endfacet
  facet normal 0 0 1
    outer loop
      vertex 41.56 8.35793 2.4
      vertex 33.6537 7.52241 2.4
      vertex 52 0 2.4
    endloop
  endfacet
  facet normal -0 0 1
    outer loop
      vertex 31.1764 6.68148 2.4
      vertex 52 0 2.4
      vertex 33.6537 7.52241 2.4
    endloop
  endfacet
  facet normal -0 0 1
    outer loop
      vertex 28.6105 6.1711 2.4
      vertex 52 0 2.4
      vertex 31.1764 6.68148 2.4
    endloop
  endfacet
  facet normal -0 0 1
    outer loop
      vertex 26 6 2.4
      vertex 52 0 2.4
      vertex 28.6105 6.1711 2.4
    endloop
  endfacet
  facet normal 0 0 1
    outer loop
      vertex 0 0 2.4
      vertex 26 6 2.4
      vertex 23.3895 6.1711 2.4
    endloop
  endfacet
  facet normal 0 0 1
    outer loop
      vertex 0 0 2.4
      vertex 23.3895 6.1711 2.4
      vertex 20.8236 6.68148 2.4
    endloop
  endfacet
  facet normal -0 0 1
    outer loop
      vertex 11.5706 10.6506 2.4
      vertex 13.8248 10.1329 2.4
      vertex 11.8579 11.8579 2.4
    endloop
  endfacet
  facet normal 0 0 1
    outer loop
      vertex 11.6855 9.7781 2.4
      vertex 13.8248 10.1329 2.4
      vertex 11.7 10 2.4
    endloop
  endfacet
  facet normal 0 0 1
    outer loop
      vertex 11.6421 9.56001 2.4
      vertex 13.8248 10.1329 2.4
      vertex 11.6855 9.7781 2.4
    endloop
  endfacet
  facet normal 0 0 1
    outer loop
      vertex 11.5706 9.34944 2.4
      vertex 13.8248 10.1329 2.4
      vertex 11.6421 9.56001 2.4
    endloop
  endfacet
  facet normal 0 0 1
    outer loop
      vertex 11.4722 9.15 2.4
      vertex 13.8248 10.1329 2.4
      vertex 11.5706 9.34944 2.4
    endloop
  endfacet
  facet normal 0 0 1
    outer loop
      vertex 11.3487 8.96511 2.4
      vertex 13.8248 10.1329 2.4
      vertex 11.4722 9.15 2.4
    endloop
  endfacet
  facet normal 0 0 1
    outer loop
      vertex 13.8248 10.1329 2.4
      vertex 11.3487 8.96511 2.4
      vertex 16 8.67949 2.4
    endloop
  endfacet
  facet normal -0 0 1
    outer loop
      vertex 11.2021 8.79792 2.4
      vertex 16 8.67949 2.4
      vertex 11.3487 8.96511 2.4
    endloop
  endfacet
  facet normal 0 0 1
    outer loop
      vertex 11.0349 8.6513 2.4
      vertex 16 8.67949 2.4
      vertex 11.2021 8.79792 2.4
    endloop
  endfacet
  facet normal 0 0 1
    outer loop
      vertex 10.85 8.52776 2.4
      vertex 16 8.67949 2.4
      vertex 11.0349 8.6513 2.4
    endloop
  endfacet
  facet normal 0 0 1
    outer loop
      vertex 10.6506 8.4294 2.4
      vertex 16 8.67949 2.4
      vertex 10.85 8.52776 2.4
    endloop
  endfacet
  facet normal 0 0 1
    outer loop
      vertex 16 8.67949 2.4
      vertex 10.6506 8.4294 2.4
      vertex 18.3463 7.52241 2.4
    endloop
  endfacet
  facet normal -0 0 1
    outer loop
      vertex 10.44 8.35793 2.4
      vertex 18.3463 7.52241 2.4
      vertex 10.6506 8.4294 2.4
    endloop
  endfacet
  facet normal 0 0 1
    outer loop
      vertex 0 0 2.4
      vertex 18.3463 7.52241 2.4
      vertex 10.44 8.35793 2.4
    endloop
  endfacet
  facet normal 0 0 1
    outer loop
      vertex 18.3463 7.52241 2.4
      vertex 0 0 2.4
      vertex 20.8236 6.68148 2.4
    endloop
  endfacet
  facet normal 0 0 1
    outer loop
      vertex 0 0 2.4
      vertex 10.44 8.35793 2.4
      vertex 10.2219 8.31454 2.4
    endloop
  endfacet
  facet normal 0 0 1
    outer loop
      vertex 0 0 2.4
      vertex 10.2219 8.31454 2.4
      vertex 10 8.3 2.4
    endloop
  endfacet
  facet normal 0 0 1
    outer loop
      vertex 0 0 2.4
      vertex 10 8.3 2.4
      vertex 9.7781 8.31454 2.4
    endloop
  endfacet
  facet normal 0 0 1
    outer loop
      vertex 8.31454 10.2219 2.4
      vertex 0 0 2.4
      vertex 8.3 10 2.4
    endloop
  endfacet
  facet normal 0 0 1
    outer loop
      vertex 0 0 2.4
      vertex 7.52241 18.3463 2.4
      vertex 6.68148 20.8236 2.4
    endloop
  endfacet
  facet normal 0 0 1
    outer loop
      vertex 0 0 2.4
      vertex 6.68148 20.8236 2.4
      vertex 6.1711 23.3895 2.4
    endloop
  endfacet
  facet normal 0 0 1
    outer loop
      vertex 0 0 2.4
      vertex 6 26 2.4
      vertex 0 52 2.4
    endloop
  endfacet
  facet normal 0 0 1
    outer loop
      vertex 6 26 2.4
      vertex 0 0 2.4
      vertex 6.1711 23.3895 2.4
    endloop
  endfacet
  facet normal 0 0 1
    outer loop
      vertex 26 6 2.4
      vertex 0 0 2.4
      vertex 52 0 2.4
    endloop
  endfacet
  facet normal 0 0 1
    outer loop
      vertex 9.56001 8.35793 2.4
      vertex 0 0 2.4
      vertex 9.7781 8.31454 2.4
    endloop
  endfacet
  facet normal 0 0 1
    outer loop
      vertex 9.34944 8.4294 2.4
      vertex 0 0 2.4
      vertex 9.56001 8.35793 2.4
    endloop
  endfacet
  facet normal 0 0 1
    outer loop
      vertex 9.15 8.52776 2.4
      vertex 0 0 2.4
      vertex 9.34944 8.4294 2.4
    endloop
  endfacet
  facet normal 0 0 1
    outer loop
      vertex 8.96511 8.6513 2.4
      vertex 0 0 2.4
      vertex 9.15 8.52776 2.4
    endloop
  endfacet
  facet normal 0 0 1
    outer loop
      vertex 8.79792 8.79792 2.4
      vertex 0 0 2.4
      vertex 8.96511 8.6513 2.4
    endloop
  endfacet
  facet normal 0 0 1
    outer loop
      vertex 8.6513 8.96511 2.4
      vertex 0 0 2.4
      vertex 8.79792 8.79792 2.4
    endloop
  endfacet
  facet normal 0 0 1
    outer loop
      vertex 8.52776 9.15 2.4
      vertex 0 0 2.4
      vertex 8.6513 8.96511 2.4
    endloop
  endfacet
  facet normal 0 0 1
    outer loop
      vertex 8.4294 9.34944 2.4
      vertex 0 0 2.4
      vertex 8.52776 9.15 2.4
    endloop
  endfacet
  facet normal 0 0 1
    outer loop
      vertex 8.35793 9.56001 2.4
      vertex 0 0 2.4
      vertex 8.4294 9.34944 2.4
    endloop
  endfacet
  facet normal 0 0 1
    outer loop
      vertex 8.31454 9.7781 2.4
      vertex 0 0 2.4
      vertex 8.35793 9.56001 2.4
    endloop
  endfacet
  facet normal 0 0 1
    outer loop
      vertex 8.3 10 2.4
      vertex 0 0 2.4
      vertex 8.31454 9.7781 2.4
    endloop
  endfacet
  facet normal 0 0 1
    outer loop
      vertex 52 52 2.4
      vertex 43.6855 41.7781 2.4
      vertex 44.4776 33.6537 2.4
    endloop
  endfacet
  facet normal -0 0 1
    outer loop
      vertex 43.6421 41.56 2.4
      vertex 44.4776 33.6537 2.4
      vertex 43.6855 41.7781 2.4
    endloop
  endfacet
  facet normal -0 0 1
    outer loop
      vertex 43.5706 41.3494 2.4
      vertex 44.4776 33.6537 2.4
      vertex 43.6421 41.56 2.4
    endloop
  endfacet
  facet normal 0 0 1
    outer loop
      vertex 43.3205 36 2.4
      vertex 43.5706 41.3494 2.4
      vertex 43.4722 41.15 2.4
    endloop
  endfacet
  facet normal 0 0 1
    outer loop
      vertex 43.3205 36 2.4
      vertex 43.4722 41.15 2.4
      vertex 43.3487 40.9651 2.4
    endloop
  endfacet
  facet normal 0 0 1
    outer loop
      vertex 43.5706 41.3494 2.4
      vertex 43.3205 36 2.4
      vertex 44.4776 33.6537 2.4
    endloop
  endfacet
  facet normal -0 0 1
    outer loop
      vertex 43.2021 40.7979 2.4
      vertex 43.3205 36 2.4
      vertex 43.3487 40.9651 2.4
    endloop
  endfacet
  facet normal -0 0 1
    outer loop
      vertex 43.0349 40.6513 2.4
      vertex 43.3205 36 2.4
      vertex 43.2021 40.7979 2.4
    endloop
  endfacet
  facet normal 0 0 1
    outer loop
      vertex 41.8671 38.1752 2.4
      vertex 43.0349 40.6513 2.4
      vertex 42.85 40.5278 2.4
    endloop
  endfacet
  facet normal 0 0 1
    outer loop
      vertex 41.8671 38.1752 2.4
      vertex 42.85 40.5278 2.4
      vertex 42.6506 40.4294 2.4
    endloop
  endfacet
  facet normal 0 0 1
    outer loop
      vertex 41.8671 38.1752 2.4
      vertex 42.6506 40.4294 2.4
      vertex 42.44 40.3579 2.4
    endloop
  endfacet
  facet normal 0 0 1
    outer loop
      vertex 41.8671 38.1752 2.4
      vertex 42.44 40.3579 2.4
      vertex 42.2219 40.3145 2.4
    endloop
  endfacet
  facet normal 0 0 1
    outer loop
      vertex 41.8671 38.1752 2.4
      vertex 42.2219 40.3145 2.4
      vertex 42 40.3 2.4
    endloop
  endfacet
  facet normal 0 0 1
    outer loop
      vertex 43.0349 40.6513 2.4
      vertex 41.8671 38.1752 2.4
      vertex 43.3205 36 2.4
    endloop
  endfacet
  facet normal 0 0 1
    outer loop
      vertex 41.7781 40.3145 2.4
      vertex 41.8671 38.1752 2.4
      vertex 42 40.3 2.4
    endloop
  endfacet
  facet normal 0 0 1
    outer loop
      vertex 41.56 40.3579 2.4
      vertex 41.8671 38.1752 2.4
      vertex 41.7781 40.3145 2.4
    endloop
  endfacet
  facet normal 0 0 1
    outer loop
      vertex 41.3494 40.4294 2.4
      vertex 41.8671 38.1752 2.4
      vertex 41.56 40.3579 2.4
    endloop
  endfacet
  facet normal 0 0 1
    outer loop
      vertex 40.1421 40.1421 2.4
      vertex 41.3494 40.4294 2.4
      vertex 41.15 40.5278 2.4
    endloop
  endfacet
  facet normal 0 0 1
    outer loop
      vertex 40.1421 40.1421 2.4
      vertex 41.15 40.5278 2.4
      vertex 40.9651 40.6513 2.4
    endloop
  endfacet
  facet normal 0 0 1
    outer loop
      vertex 40.1421 40.1421 2.4
      vertex 40.9651 40.6513 2.4
      vertex 40.7979 40.7979 2.4
    endloop
  endfacet
  facet normal 0 0 1
    outer loop
      vertex 40.1421 40.1421 2.4
      vertex 40.7979 40.7979 2.4
      vertex 40.6513 40.9651 2.4
    endloop
  endfacet
  facet normal 0 0 1
    outer loop
      vertex 40.1421 40.1421 2.4
      vertex 40.6513 40.9651 2.4
      vertex 40.5278 41.15 2.4
    endloop
  endfacet
  facet normal 0 0 1
    outer loop
      vertex 40.1421 40.1421 2.4
      vertex 40.5278 41.15 2.4
      vertex 40.4294 41.3494 2.4
    endloop
  endfacet
  facet normal 0 0 1
    outer loop
      vertex 41.3494 40.4294 2.4
      vertex 40.1421 40.1421 2.4
      vertex 41.8671 38.1752 2.4
    endloop
  endfacet
  facet normal 0 0 1
    outer loop
      vertex 40.3579 41.56 2.4
      vertex 40.1421 40.1421 2.4
      vertex 40.4294 41.3494 2.4
    endloop
  endfacet
  facet normal 0 0 1
    outer loop
      vertex 40.3145 41.7781 2.4
      vertex 40.1421 40.1421 2.4
      vertex 40.3579 41.56 2.4
    endloop
  endfacet
  facet normal 0 0 1
    outer loop
      vertex 40.1421 40.1421 2.4
      vertex 40.3145 41.7781 2.4
      vertex 40.3 42 2.4
    endloop
  endfacet
  facet normal 1 -0 0
    outer loop
      vertex 52 0 2.4
      vertex 52 52 0
      vertex 52 52 2.4
    endloop
  endfacet
  facet normal 1 0 0
    outer loop
      vertex 52 52 0
      vertex 52 0 2.4
      vertex 52 0 0
    endloop
  endfacet
  facet normal 0 1 -0
    outer loop
      vertex 52 52 0
      vertex 0 52 2.4
      vertex 52 52 2.4
    endloop
  endfacet
  facet normal 0 1 0
    outer loop
      vertex 0 52 2.4
      vertex 52 52 0
      vertex 0 52 0
    endloop
  endfacet
  facet normal 0 0 -1
    outer loop
      vertex 15.1336 40.1614 0
      vertex 11.6855 41.7781 0
      vertex 11.7 42 0
    endloop
  endfacet
  facet normal 0 0 -1
    outer loop
      vertex 11.9033 36.9402 0
      vertex 11.6421 41.56 0
      vertex 11.6855 41.7781 0
    endloop
  endfacet
  facet normal 0 0 -1
    outer loop
      vertex 11.9033 36.9402 0
      vertex 11.5706 41.3494 0
      vertex 11.6421 41.56 0
    endloop
  endfacet
  facet normal 0 0 -1
    outer loop
      vertex 11.9033 36.9402 0
      vertex 11.4722 41.15 0
      vertex 11.5706 41.3494 0
    endloop
  endfacet
  facet normal 0 0 -1
    outer loop
      vertex 11.9033 36.9402 0
      vertex 11.3487 40.9651 0
      vertex 11.4722 41.15 0
    endloop
  endfacet
  facet normal 0 0 -1
    outer loop
      vertex 11.9033 36.9402 0
      vertex 11.2021 40.7979 0
      vertex 11.3487 40.9651 0
    endloop
  endfacet
  facet normal 0 0 -1
    outer loop
      vertex 11.9033 36.9402 0
      vertex 11.0349 40.6513 0
      vertex 11.2021 40.7979 0
    endloop
  endfacet
  facet normal 0 0 -1
    outer loop
      vertex 11.9033 36.9402 0
      vertex 10.85 40.5278 0
      vertex 11.0349 40.6513 0
    endloop
  endfacet
  facet normal 0 0 -1
    outer loop
      vertex 11.9033 36.9402 0
      vertex 10.6506 40.4294 0
      vertex 10.85 40.5278 0
    endloop
  endfacet
  facet normal 0 0 -1
    outer loop
      vertex 9.56001 40.3579 0
      vertex 11.8386 36.8664 0
      vertex 10.596 35.0066 0
    endloop
  endfacet
  facet normal 0 0 -1
    outer loop
      vertex 9.15 40.5278 0
      vertex 10.596 35.0066 0
      vertex 10.5414 34.925 0
    endloop
  endfacet
  facet normal 0 0 -1
    outer loop
      vertex 8.96511 40.6513 0
      vertex 10.5414 34.925 0
      vertex 10.4981 34.837 0
    endloop
  endfacet
  facet normal 0 0 -1
    outer loop
      vertex 11.9033 36.9402 0
      vertex 10.44 40.3579 0
      vertex 10.6506 40.4294 0
    endloop
  endfacet
  facet normal 0 0 -1
    outer loop
      vertex 11.9033 36.9402 0
      vertex 10.2219 40.3145 0
      vertex 10.44 40.3579 0
    endloop
  endfacet
  facet normal 0 0 -1
    outer loop
      vertex 11.8386 36.8664 0
      vertex 10 40.3 0
      vertex 10.2219 40.3145 0
    endloop
  endfacet
  facet normal 0 0 -1
    outer loop
      vertex 11.8386 36.8664 0
      vertex 9.7781 40.3145 0
      vertex 10 40.3 0
    endloop
  endfacet
  facet normal 0 0 -1
    outer loop
      vertex 11.8386 36.8664 0
      vertex 9.56001 40.3579 0
      vertex 9.7781 40.3145 0
    endloop
  endfacet
  facet normal 0 0 -1
    outer loop
      vertex 8.79792 40.7979 0
      vertex 10.4981 34.837 0
      vertex 9.50875 32.8309 0
    endloop
  endfacet
  facet normal 0 0 -1
    outer loop
      vertex 8.52776 41.15 0
      vertex 9.50875 32.8309 0
      vertex 9.47721 32.738 0
    endloop
  endfacet
  facet normal 0 0 -1
    outer loop
      vertex 10.596 35.0066 0
      vertex 9.34944 40.4294 0
      vertex 9.56001 40.3579 0
    endloop
  endfacet
  facet normal 0 0 -1
    outer loop
      vertex 10.596 35.0066 0
      vertex 9.15 40.5278 0
      vertex 9.34944 40.4294 0
    endloop
  endfacet
  facet normal 0 0 -1
    outer loop
      vertex 10.5414 34.925 0
      vertex 8.96511 40.6513 0
      vertex 9.15 40.5278 0
    endloop
  endfacet
  facet normal 0 0 -1
    outer loop
      vertex 10.4981 34.837 0
      vertex 8.79792 40.7979 0
      vertex 8.96511 40.6513 0
    endloop
  endfacet
  facet normal 0 0 -1
    outer loop
      vertex 8.52776 41.15 0
      vertex 9.47721 32.738 0
      vertex 8.75822 30.6199 0
    endloop
  endfacet
  facet normal 0 0 -1
    outer loop
      vertex 9.50875 32.8309 0
      vertex 8.6513 40.9651 0
      vertex 8.79792 40.7979 0
    endloop
  endfacet
  facet normal 0 0 -1
    outer loop
      vertex 9.50875 32.8309 0
      vertex 8.52776 41.15 0
      vertex 8.6513 40.9651 0
    endloop
  endfacet
  facet normal 0 0 -1
    outer loop
      vertex 8.75822 30.6199 0
      vertex 8.4294 41.3494 0
      vertex 8.52776 41.15 0
    endloop
  endfacet
  facet normal 0 0 -1
    outer loop
      vertex 8.75822 30.6199 0
      vertex 8.35793 41.56 0
      vertex 8.4294 41.3494 0
    endloop
  endfacet
  facet normal 0 0 -1
    outer loop
      vertex 0 52 0
      vertex 8.75822 30.6199 0
      vertex 8.32185 28.4261 0
    endloop
  endfacet
  facet normal 0 0 -1
    outer loop
      vertex 8.75822 30.6199 0
      vertex 0 52 0
      vertex 8.35793 41.56 0
    endloop
  endfacet
  facet normal 0 0 -1
    outer loop
      vertex 0 52 0
      vertex 8.32185 28.4261 0
      vertex 8.30271 28.3299 0
    endloop
  endfacet
  facet normal 0 0 -1
    outer loop
      vertex 8.35793 41.56 0
      vertex 0 52 0
      vertex 8.31454 41.7781 0
    endloop
  endfacet
  facet normal 0 0 -1
    outer loop
      vertex 0 52 0
      vertex 8.30271 28.3299 0
      vertex 8.29629 28.232 0
    endloop
  endfacet
  facet normal -0 0 -1
    outer loop
      vertex 15.0598 11.9033 0
      vertex 11.5706 10.6506 0
      vertex 13.3781 13.3781 0
    endloop
  endfacet
  facet normal 0 0 -1
    outer loop
      vertex 11.4722 10.85 0
      vertex 13.3781 13.3781 0
      vertex 11.5706 10.6506 0
    endloop
  endfacet
  facet normal 0 0 -1
    outer loop
      vertex 11.3487 11.0349 0
      vertex 13.3781 13.3781 0
      vertex 11.4722 10.85 0
    endloop
  endfacet
  facet normal 0 0 -1
    outer loop
      vertex 11.2021 11.2021 0
      vertex 13.3781 13.3781 0
      vertex 11.3487 11.0349 0
    endloop
  endfacet
  facet normal 0 0 -1
    outer loop
      vertex 11.0349 11.3487 0
      vertex 13.3781 13.3781 0
      vertex 11.2021 11.2021 0
    endloop
  endfacet
  facet normal 0 0 -1
    outer loop
      vertex 10.85 11.4722 0
      vertex 13.3781 13.3781 0
      vertex 11.0349 11.3487 0
    endloop
  endfacet
  facet normal 0 0 -1
    outer loop
      vertex 10.6506 11.5706 0
      vertex 13.3781 13.3781 0
      vertex 10.85 11.4722 0
    endloop
  endfacet
  facet normal -0 0 -1
    outer loop
      vertex 13.3781 13.3781 0
      vertex 10.6506 11.5706 0
      vertex 11.9033 15.0598 0
    endloop
  endfacet
  facet normal 0 0 -1
    outer loop
      vertex 10.44 11.6421 0
      vertex 11.9033 15.0598 0
      vertex 10.6506 11.5706 0
    endloop
  endfacet
  facet normal 0 0 -1
    outer loop
      vertex 10.2219 11.6855 0
      vertex 11.9033 15.0598 0
      vertex 10.44 11.6421 0
    endloop
  endfacet
  facet normal -0 0 -1
    outer loop
      vertex 11.9033 15.0598 0
      vertex 10.2219 11.6855 0
      vertex 11.8386 15.1336 0
    endloop
  endfacet
  facet normal 0 0 -1
    outer loop
      vertex 10 11.7 0
      vertex 11.8386 15.1336 0
      vertex 10.2219 11.6855 0
    endloop
  endfacet
  facet normal 0 0 -1
    outer loop
      vertex 9.7781 11.6855 0
      vertex 11.8386 15.1336 0
      vertex 10 11.7 0
    endloop
  endfacet
  facet normal 0 0 -1
    outer loop
      vertex 9.56001 11.6421 0
      vertex 11.8386 15.1336 0
      vertex 9.7781 11.6855 0
    endloop
  endfacet
  facet normal -0 0 -1
    outer loop
      vertex 11.8386 15.1336 0
      vertex 9.56001 11.6421 0
      vertex 10.596 16.9934 0
    endloop
  endfacet
  facet normal 0 0 -1
    outer loop
      vertex 9.34944 11.5706 0
      vertex 10.596 16.9934 0
      vertex 9.56001 11.6421 0
    endloop
  endfacet
  facet normal 0 0 -1
    outer loop
      vertex 9.15 11.4722 0
      vertex 10.596 16.9934 0
      vertex 9.34944 11.5706 0
    endloop
  endfacet
  facet normal -0 0 -1
    outer loop
      vertex 10.596 16.9934 0
      vertex 9.15 11.4722 0
      vertex 10.5414 17.075 0
    endloop
  endfacet
  facet normal 0 0 -1
    outer loop
      vertex 8.96511 11.3487 0
      vertex 10.5414 17.075 0
      vertex 9.15 11.4722 0
    endloop
  endfacet
  facet normal -0 0 -1
    outer loop
      vertex 10.5414 17.075 0
      vertex 8.96511 11.3487 0
      vertex 10.4981 17.163 0
    endloop
  endfacet
  facet normal 0 0 -1
    outer loop
      vertex 8.79792 11.2021 0
      vertex 10.4981 17.163 0
      vertex 8.96511 11.3487 0
    endloop
  endfacet
  facet normal -0 0 -1
    outer loop
      vertex 10.4981 17.163 0
      vertex 8.79792 11.2021 0
      vertex 9.50875 19.1691 0
    endloop
  endfacet
  facet normal 0 0 -1
    outer loop
      vertex 8.6513 11.0349 0
      vertex 9.50875 19.1691 0
      vertex 8.79792 11.2021 0
    endloop
  endfacet
  facet normal 0 0 -1
    outer loop
      vertex 8.52776 10.85 0
      vertex 9.50875 19.1691 0
      vertex 8.6513 11.0349 0
    endloop
  endfacet
  facet normal -0 0 -1
    outer loop
      vertex 9.50875 19.1691 0
      vertex 8.52776 10.85 0
      vertex 9.47721 19.262 0
    endloop
  endfacet
  facet normal -0 0 -1
    outer loop
      vertex 9.47721 19.262 0
      vertex 8.52776 10.85 0
      vertex 8.75822 21.3801 0
    endloop
  endfacet
  facet normal 0 0 -1
    outer loop
      vertex 8.4294 10.6506 0
      vertex 8.75822 21.3801 0
      vertex 8.52776 10.85 0
    endloop
  endfacet
  facet normal 0 0 -1
    outer loop
      vertex 8.35793 10.44 0
      vertex 8.75822 21.3801 0
      vertex 8.4294 10.6506 0
    endloop
  endfacet
  facet normal 0 0 -1
    outer loop
      vertex 0 0 0
      vertex 8.75822 21.3801 0
      vertex 8.35793 10.44 0
    endloop
  endfacet
  facet normal 0 0 -1
    outer loop
      vertex 0 0 0
      vertex 8.35793 10.44 0
      vertex 8.31454 10.2219 0
    endloop
  endfacet
  facet normal -0 0 -1
    outer loop
      vertex 8.75822 21.3801 0
      vertex 0 0 0
      vertex 8.32185 23.5739 0
    endloop
  endfacet
  facet normal 0 0 -1
    outer loop
      vertex 0 0 0
      vertex 8.31454 10.2219 0
      vertex 8.3 10 0
    endloop
  endfacet
  facet normal -0 0 -1
    outer loop
      vertex 8.32185 23.5739 0
      vertex 0 0 0
      vertex 8.30271 23.6701 0
    endloop
  endfacet
  facet normal 0 0 -1
    outer loop
      vertex 43.6782 28.4261 0
      vertex 52 52 0
      vertex 43.6973 28.3299 0
    endloop
  endfacet
  facet normal 0 0 -1
    outer loop
      vertex 52 52 0
      vertex 43.6855 41.7781 0
      vertex 43.7 42 0
    endloop
  endfacet
  facet normal 0 0 -1
    outer loop
      vertex 43.2418 30.6199 0
      vertex 52 52 0
      vertex 43.6782 28.4261 0
    endloop
  endfacet
  facet normal 0 0 -1
    outer loop
      vertex 52 52 0
      vertex 43.6421 41.56 0
      vertex 43.6855 41.7781 0
    endloop
  endfacet
  facet normal 0 0 -1
    outer loop
      vertex 52 52 0
      vertex 43.2418 30.6199 0
      vertex 43.6421 41.56 0
    endloop
  endfacet
  facet normal 0 0 -1
    outer loop
      vertex 43.6421 41.56 0
      vertex 43.2418 30.6199 0
      vertex 43.5706 41.3494 0
    endloop
  endfacet
  facet normal 0 0 -1
    outer loop
      vertex 43.5706 41.3494 0
      vertex 43.2418 30.6199 0
      vertex 43.4722 41.15 0
    endloop
  endfacet
  facet normal 0 0 -1
    outer loop
      vertex 42.5228 32.738 0
      vertex 43.4722 41.15 0
      vertex 43.2418 30.6199 0
    endloop
  endfacet
  facet normal 0 0 -1
    outer loop
      vertex 42.4912 32.8309 0
      vertex 43.4722 41.15 0
      vertex 42.5228 32.738 0
    endloop
  endfacet
  facet normal 0 0 -1
    outer loop
      vertex 43.4722 41.15 0
      vertex 42.4912 32.8309 0
      vertex 43.3487 40.9651 0
    endloop
  endfacet
  facet normal 0 0 -1
    outer loop
      vertex 43.3487 40.9651 0
      vertex 42.4912 32.8309 0
      vertex 43.2021 40.7979 0
    endloop
  endfacet
  facet normal 0 0 -1
    outer loop
      vertex 41.5019 34.837 0
      vertex 43.2021 40.7979 0
      vertex 42.4912 32.8309 0
    endloop
  endfacet
  facet normal 0 0 -1
    outer loop
      vertex 43.2021 40.7979 0
      vertex 41.5019 34.837 0
      vertex 43.0349 40.6513 0
    endloop
  endfacet
  facet normal 0 0 -1
    outer loop
      vertex 41.4586 34.925 0
      vertex 43.0349 40.6513 0
      vertex 41.5019 34.837 0
    endloop
  endfacet
  facet normal 0 0 -1
    outer loop
      vertex 43.0349 40.6513 0
      vertex 41.4586 34.925 0
      vertex 42.85 40.5278 0
    endloop
  endfacet
  facet normal 0 0 -1
    outer loop
      vertex 41.404 35.0066 0
      vertex 42.85 40.5278 0
      vertex 41.4586 34.925 0
    endloop
  endfacet
  facet normal 0 0 -1
    outer loop
      vertex 42.85 40.5278 0
      vertex 41.404 35.0066 0
      vertex 42.6506 40.4294 0
    endloop
  endfacet
  facet normal 0 0 -1
    outer loop
      vertex 42.6506 40.4294 0
      vertex 41.404 35.0066 0
      vertex 42.44 40.3579 0
    endloop
  endfacet
  facet normal 0 0 -1
    outer loop
      vertex 40.1614 36.8664 0
      vertex 42.44 40.3579 0
      vertex 41.404 35.0066 0
    endloop
  endfacet
  facet normal 0 0 -1
    outer loop
      vertex 42.44 40.3579 0
      vertex 40.1614 36.8664 0
      vertex 42.2219 40.3145 0
    endloop
  endfacet
  facet normal 0 0 -1
    outer loop
      vertex 42.2219 40.3145 0
      vertex 40.1614 36.8664 0
      vertex 42 40.3 0
    endloop
  endfacet
  facet normal -0 0 -1
    outer loop
      vertex 42 40.3 0
      vertex 40.1614 36.8664 0
      vertex 41.7781 40.3145 0
    endloop
  endfacet
  facet normal 0 0 -1
    outer loop
      vertex 40.0967 36.9402 0
      vertex 41.7781 40.3145 0
      vertex 40.1614 36.8664 0
    endloop
  endfacet
  facet normal -0 0 -1
    outer loop
      vertex 41.7781 40.3145 0
      vertex 40.0967 36.9402 0
      vertex 41.56 40.3579 0
    endloop
  endfacet
  facet normal -0 0 -1
    outer loop
      vertex 41.56 40.3579 0
      vertex 40.0967 36.9402 0
      vertex 41.3494 40.4294 0
    endloop
  endfacet
  facet normal 0 0 -1
    outer loop
      vertex 38.6219 38.6219 0
      vertex 41.3494 40.4294 0
      vertex 40.0967 36.9402 0
    endloop
  endfacet
  facet normal -0 0 -1
    outer loop
      vertex 41.3494 40.4294 0
      vertex 38.6219 38.6219 0
      vertex 41.15 40.5278 0
    endloop
  endfacet
  facet normal -0 0 -1
    outer loop
      vertex 41.15 40.5278 0
      vertex 38.6219 38.6219 0
      vertex 40.9651 40.6513 0
    endloop
  endfacet
  facet normal -0 0 -1
    outer loop
      vertex 40.9651 40.6513 0
      vertex 38.6219 38.6219 0
      vertex 40.7979 40.7979 0
    endloop
  endfacet
  facet normal -0 0 -1
    outer loop
      vertex 40.7979 40.7979 0
      vertex 38.6219 38.6219 0
      vertex 40.6513 40.9651 0
    endloop
  endfacet
  facet normal -0 0 -1
    outer loop
      vertex 40.6513 40.9651 0
      vertex 38.6219 38.6219 0
      vertex 40.5278 41.15 0
    endloop
  endfacet
  facet normal 0 0 -1
    outer loop
      vertex 36.9402 40.0967 0
      vertex 40.4294 41.3494 0
      vertex 38.6219 38.6219 0
    endloop
  endfacet
  facet normal -0 0 -1
    outer loop
      vertex 40.5278 41.15 0
      vertex 38.6219 38.6219 0
      vertex 40.4294 41.3494 0
    endloop
  endfacet
  facet normal 0 0 -1
    outer loop
      vertex 52 0 0
      vertex 43.85 26 0
      vertex 52 52 0
    endloop
  endfacet
  facet normal 0 0 -1
    outer loop
      vertex 52 0 0
      vertex 43.7037 23.768 0
      vertex 43.85 26 0
    endloop
  endfacet
  facet normal 0 0 -1
    outer loop
      vertex 43.6855 10.2219 0
      vertex 52 0 0
      vertex 43.7 10 0
    endloop
  endfacet
  facet normal 0 0 -1
    outer loop
      vertex 52 0 0
      vertex 43.6855 9.7781 0
      vertex 43.7 10 0
    endloop
  endfacet
  facet normal 0 0 -1
    outer loop
      vertex 52 0 0
      vertex 43.6421 9.56001 0
      vertex 43.6855 9.7781 0
    endloop
  endfacet
  facet normal 0 0 -1
    outer loop
      vertex 52 0 0
      vertex 43.5706 9.34944 0
      vertex 43.6421 9.56001 0
    endloop
  endfacet
  facet normal 0 0 -1
    outer loop
      vertex 52 0 0
      vertex 43.4722 9.15 0
      vertex 43.5706 9.34944 0
    endloop
  endfacet
  facet normal 0 0 -1
    outer loop
      vertex 52 0 0
      vertex 43.3487 8.96511 0
      vertex 43.4722 9.15 0
    endloop
  endfacet
  facet normal 0 0 -1
    outer loop
      vertex 52 0 0
      vertex 43.2021 8.79792 0
      vertex 43.3487 8.96511 0
    endloop
  endfacet
  facet normal 0 0 -1
    outer loop
      vertex 52 0 0
      vertex 43.0349 8.6513 0
      vertex 43.2021 8.79792 0
    endloop
  endfacet
  facet normal 0 0 -1
    outer loop
      vertex 52 0 0
      vertex 42.85 8.52776 0
      vertex 43.0349 8.6513 0
    endloop
  endfacet
  facet normal 0 0 -1
    outer loop
      vertex 52 0 0
      vertex 42.6506 8.4294 0
      vertex 42.85 8.52776 0
    endloop
  endfacet
  facet normal 0 0 -1
    outer loop
      vertex 52 0 0
      vertex 42.44 8.35793 0
      vertex 42.6506 8.4294 0
    endloop
  endfacet
  facet normal 0 0 -1
    outer loop
      vertex 52 0 0
      vertex 42.2219 8.31454 0
      vertex 42.44 8.35793 0
    endloop
  endfacet
  facet normal 0 0 -1
    outer loop
      vertex 52 0 0
      vertex 42 8.3 0
      vertex 42.2219 8.31454 0
    endloop
  endfacet
  facet normal 0 0 -1
    outer loop
      vertex 52 0 0
      vertex 41.7781 8.31454 0
      vertex 42 8.3 0
    endloop
  endfacet
  facet normal 0 0 -1
    outer loop
      vertex 52 0 0
      vertex 41.56 8.35793 0
      vertex 41.7781 8.31454 0
    endloop
  endfacet
  facet normal 0 0 -1
    outer loop
      vertex 30.6199 8.75822 0
      vertex 41.56 8.35793 0
      vertex 52 0 0
    endloop
  endfacet
  facet normal 0 0 -1
    outer loop
      vertex 41.56 8.35793 0
      vertex 30.6199 8.75822 0
      vertex 41.3494 8.4294 0
    endloop
  endfacet
  facet normal 0 0 -1
    outer loop
      vertex 41.3494 8.4294 0
      vertex 30.6199 8.75822 0
      vertex 41.15 8.52776 0
    endloop
  endfacet
  facet normal 0 0 -1
    outer loop
      vertex 41.7781 11.6855 0
      vertex 40.0967 15.0598 0
      vertex 40.1614 15.1336 0
    endloop
  endfacet
  facet normal 0 0 -1
    outer loop
      vertex 40.3145 10.2219 0
      vertex 38.6219 13.3781 0
      vertex 40.0967 15.0598 0
    endloop
  endfacet
  facet normal 0 0 -1
    outer loop
      vertex 36.8664 11.8386 0
      vertex 40.3 10 0
      vertex 40.3145 9.7781 0
    endloop
  endfacet
  facet normal 0 0 -1
    outer loop
      vertex 36.8664 11.8386 0
      vertex 40.3145 9.7781 0
      vertex 40.3579 9.56001 0
    endloop
  endfacet
  facet normal 0 0 -1
    outer loop
      vertex 35.0066 10.596 0
      vertex 40.3579 9.56001 0
      vertex 40.4294 9.34944 0
    endloop
  endfacet
  facet normal 0 0 -1
    outer loop
      vertex 40.3145 10.2219 0
      vertex 36.9402 11.9033 0
      vertex 38.6219 13.3781 0
    endloop
  endfacet
  facet normal 0 0 -1
    outer loop
      vertex 35.0066 10.596 0
      vertex 40.4294 9.34944 0
      vertex 40.5278 9.15 0
    endloop
  endfacet
  facet normal 0 0 -1
    outer loop
      vertex 34.925 10.5414 0
      vertex 40.5278 9.15 0
      vertex 40.6513 8.96511 0
    endloop
  endfacet
  facet normal 0 0 -1
    outer loop
      vertex 34.837 10.4981 0
      vertex 40.6513 8.96511 0
      vertex 40.7979 8.79792 0
    endloop
  endfacet
  facet normal 0 0 -1
    outer loop
      vertex 32.8309 9.50875 0
      vertex 40.7979 8.79792 0
      vertex 40.9651 8.6513 0
    endloop
  endfacet
  facet normal 0 0 -1
    outer loop
      vertex 40.3145 10.2219 0
      vertex 36.8664 11.8386 0
      vertex 36.9402 11.9033 0
    endloop
  endfacet
  facet normal 0 -0 -1
    outer loop
      vertex 32.738 9.47721 0
      vertex 41.15 8.52776 0
      vertex 30.6199 8.75822 0
    endloop
  endfacet
  facet normal 0 0 -1
    outer loop
      vertex 40.3579 9.56001 0
      vertex 35.0066 10.596 0
      vertex 36.8664 11.8386 0
    endloop
  endfacet
  facet normal 0 0 -1
    outer loop
      vertex 40.5278 9.15 0
      vertex 34.925 10.5414 0
      vertex 35.0066 10.596 0
    endloop
  endfacet
  facet normal 0 0 -1
    outer loop
      vertex 40.6513 8.96511 0
      vertex 34.837 10.4981 0
      vertex 34.925 10.5414 0
    endloop
  endfacet
  facet normal 0 0 -1
    outer loop
      vertex 40.7979 8.79792 0
      vertex 32.8309 9.50875 0
      vertex 34.837 10.4981 0
    endloop
  endfacet
  facet normal 0 0 -1
    outer loop
      vertex 41.15 8.52776 0
      vertex 32.8309 9.50875 0
      vertex 40.9651 8.6513 0
    endloop
  endfacet
  facet normal 0 -0 -1
    outer loop
      vertex 32.8309 9.50875 0
      vertex 41.15 8.52776 0
      vertex 32.738 9.47721 0
    endloop
  endfacet
  facet normal 0 0 -1
    outer loop
      vertex 52 0 0
      vertex 28.4261 8.32185 0
      vertex 30.6199 8.75822 0
    endloop
  endfacet
  facet normal 0 0 -1
    outer loop
      vertex 52 0 0
      vertex 28.3299 8.30271 0
      vertex 28.4261 8.32185 0
    endloop
  endfacet
  facet normal 0 0 -1
    outer loop
      vertex 52 0 0
      vertex 28.232 8.29629 0
      vertex 28.3299 8.30271 0
    endloop
  endfacet
  facet normal 0 0 -1
    outer loop
      vertex 52 0 0
      vertex 26 8.15 0
      vertex 28.232 8.29629 0
    endloop
  endfacet
  facet normal 0 0 -1
    outer loop
      vertex 0 0 0
      vertex 26 8.15 0
      vertex 52 0 0
    endloop
  endfacet
  facet normal -0 0 -1
    outer loop
      vertex 26 8.15 0
      vertex 0 0 0
      vertex 23.6701 8.30271 0
    endloop
  endfacet
  facet normal -0 0 -1
    outer loop
      vertex 23.6701 8.30271 0
      vertex 0 0 0
      vertex 23.5739 8.32185 0
    endloop
  endfacet
  facet normal 0 0 -1
    outer loop
      vertex 11.4722 9.15 0
      vertex 16.9934 10.596 0
      vertex 17.075 10.5414 0
    endloop
  endfacet
  facet normal 0 0 -1
    outer loop
      vertex 11.5706 10.6506 0
      vertex 15.0598 11.9033 0
      vertex 11.6421 10.44 0
    endloop
  endfacet
  facet normal 0 0 -1
    outer loop
      vertex 11.6421 10.44 0
      vertex 15.0598 11.9033 0
      vertex 11.6855 10.2219 0
    endloop
  endfacet
  facet normal -0 0 -1
    outer loop
      vertex 15.1336 11.8386 0
      vertex 11.6855 10.2219 0
      vertex 15.0598 11.9033 0
    endloop
  endfacet
  facet normal 0 0 -1
    outer loop
      vertex 11.6855 10.2219 0
      vertex 15.1336 11.8386 0
      vertex 11.7 10 0
    endloop
  endfacet
  facet normal -0 0 -1
    outer loop
      vertex 16.9934 10.596 0
      vertex 11.6421 9.56001 0
      vertex 15.1336 11.8386 0
    endloop
  endfacet
  facet normal 0 0 -1
    outer loop
      vertex 11.3487 8.96511 0
      vertex 17.075 10.5414 0
      vertex 17.163 10.4981 0
    endloop
  endfacet
  facet normal 0 0 -1
    outer loop
      vertex 11.2021 8.79792 0
      vertex 17.163 10.4981 0
      vertex 19.1691 9.50875 0
    endloop
  endfacet
  facet normal 0 0 -1
    outer loop
      vertex 10.85 8.52776 0
      vertex 19.1691 9.50875 0
      vertex 19.262 9.47721 0
    endloop
  endfacet
  facet normal 0 0 -1
    outer loop
      vertex 10.85 8.52776 0
      vertex 19.262 9.47721 0
      vertex 21.3801 8.75822 0
    endloop
  endfacet
  facet normal -0 0 -1
    outer loop
      vertex 23.5739 8.32185 0
      vertex 0 0 0
      vertex 21.3801 8.75822 0
    endloop
  endfacet
  facet normal 0 0 -1
    outer loop
      vertex 15.1336 11.8386 0
      vertex 11.6855 9.7781 0
      vertex 11.7 10 0
    endloop
  endfacet
  facet normal 0 0 -1
    outer loop
      vertex 15.1336 11.8386 0
      vertex 11.6421 9.56001 0
      vertex 11.6855 9.7781 0
    endloop
  endfacet
  facet normal 0 0 -1
    outer loop
      vertex 16.9934 10.596 0
      vertex 11.5706 9.34944 0
      vertex 11.6421 9.56001 0
    endloop
  endfacet
  facet normal 0 0 -1
    outer loop
      vertex 16.9934 10.596 0
      vertex 11.4722 9.15 0
      vertex 11.5706 9.34944 0
    endloop
  endfacet
  facet normal 0 0 -1
    outer loop
      vertex 17.075 10.5414 0
      vertex 11.3487 8.96511 0
      vertex 11.4722 9.15 0
    endloop
  endfacet
  facet normal 0 0 -1
    outer loop
      vertex 17.163 10.4981 0
      vertex 11.2021 8.79792 0
      vertex 11.3487 8.96511 0
    endloop
  endfacet
  facet normal 0 0 -1
    outer loop
      vertex 19.1691 9.50875 0
      vertex 11.0349 8.6513 0
      vertex 11.2021 8.79792 0
    endloop
  endfacet
  facet normal 0 0 -1
    outer loop
      vertex 19.1691 9.50875 0
      vertex 10.85 8.52776 0
      vertex 11.0349 8.6513 0
    endloop
  endfacet
  facet normal 0 0 -1
    outer loop
      vertex 21.3801 8.75822 0
      vertex 10.6506 8.4294 0
      vertex 10.85 8.52776 0
    endloop
  endfacet
  facet normal 0 -0 -1
    outer loop
      vertex 10.44 8.35793 0
      vertex 21.3801 8.75822 0
      vertex 0 0 0
    endloop
  endfacet
  facet normal 0 0 -1
    outer loop
      vertex 21.3801 8.75822 0
      vertex 10.44 8.35793 0
      vertex 10.6506 8.4294 0
    endloop
  endfacet
  facet normal 0 0 -1
    outer loop
      vertex 10.44 8.35793 0
      vertex 0 0 0
      vertex 10.2219 8.31454 0
    endloop
  endfacet
  facet normal 0 0 -1
    outer loop
      vertex 10.2219 8.31454 0
      vertex 0 0 0
      vertex 10 8.3 0
    endloop
  endfacet
  facet normal -0 0 -1
    outer loop
      vertex 8.30271 23.6701 0
      vertex 0 0 0
      vertex 8.15 26 0
    endloop
  endfacet
  facet normal -0 0 -1
    outer loop
      vertex 8.31454 9.7781 0
      vertex 0 0 0
      vertex 8.3 10 0
    endloop
  endfacet
  facet normal -0 0 -1
    outer loop
      vertex 8.35793 9.56001 0
      vertex 0 0 0
      vertex 8.31454 9.7781 0
    endloop
  endfacet
  facet normal -0 0 -1
    outer loop
      vertex 8.4294 9.34944 0
      vertex 0 0 0
      vertex 8.35793 9.56001 0
    endloop
  endfacet
  facet normal -0 0 -1
    outer loop
      vertex 8.52776 9.15 0
      vertex 0 0 0
      vertex 8.4294 9.34944 0
    endloop
  endfacet
  facet normal -0 0 -1
    outer loop
      vertex 8.6513 8.96511 0
      vertex 0 0 0
      vertex 8.52776 9.15 0
    endloop
  endfacet
  facet normal -0 0 -1
    outer loop
      vertex 8.79792 8.79792 0
      vertex 0 0 0
      vertex 8.6513 8.96511 0
    endloop
  endfacet
  facet normal -0 0 -1
    outer loop
      vertex 8.96511 8.6513 0
      vertex 0 0 0
      vertex 8.79792 8.79792 0
    endloop
  endfacet
  facet normal -0 0 -1
    outer loop
      vertex 9.15 8.52776 0
      vertex 0 0 0
      vertex 8.96511 8.6513 0
    endloop
  endfacet
  facet normal -0 0 -1
    outer loop
      vertex 9.34944 8.4294 0
      vertex 0 0 0
      vertex 9.15 8.52776 0
    endloop
  endfacet
  facet normal -0 0 -1
    outer loop
      vertex 9.56001 8.35793 0
      vertex 0 0 0
      vertex 9.34944 8.4294 0
    endloop
  endfacet
  facet normal -0 0 -1
    outer loop
      vertex 9.7781 8.31454 0
      vertex 0 0 0
      vertex 9.56001 8.35793 0
    endloop
  endfacet
  facet normal -0 0 -1
    outer loop
      vertex 10 8.3 0
      vertex 0 0 0
      vertex 9.7781 8.31454 0
    endloop
  endfacet
  facet normal 0 0 -1
    outer loop
      vertex 43.7037 28.232 0
      vertex 52 52 0
      vertex 43.85 26 0
    endloop
  endfacet
  facet normal 0 0 -1
    outer loop
      vertex 43.6973 28.3299 0
      vertex 52 52 0
      vertex 43.7037 28.232 0
    endloop
  endfacet
  facet normal 0 0 -1
    outer loop
      vertex 43.6855 42.2219 0
      vertex 52 52 0
      vertex 43.7 42 0
    endloop
  endfacet
  facet normal 0 0 -1
    outer loop
      vertex 43.6421 42.44 0
      vertex 52 52 0
      vertex 43.6855 42.2219 0
    endloop
  endfacet
  facet normal 0 0 -1
    outer loop
      vertex 43.5706 42.6506 0
      vertex 52 52 0
      vertex 43.6421 42.44 0
    endloop
  endfacet
  facet normal 0 0 -1
    outer loop
      vertex 43.4722 42.85 0
      vertex 52 52 0
      vertex 43.5706 42.6506 0
    endloop
  endfacet
  facet normal 0 0 -1
    outer loop
      vertex 43.3487 43.0349 0
      vertex 52 52 0
      vertex 43.4722 42.85 0
    endloop
  endfacet
  facet normal 0 0 -1
    outer loop
      vertex 43.2021 43.2021 0
      vertex 52 52 0
      vertex 43.3487 43.0349 0
    endloop
  endfacet
  facet normal 0 0 -1
    outer loop
      vertex 43.0349 43.3487 0
      vertex 52 52 0
      vertex 43.2021 43.2021 0
    endloop
  endfacet
  facet normal 0 0 -1
    outer loop
      vertex 42.85 43.4722 0
      vertex 52 52 0
      vertex 43.0349 43.3487 0
    endloop
  endfacet
  facet normal 0 0 -1
    outer loop
      vertex 42.6506 43.5706 0
      vertex 52 52 0
      vertex 42.85 43.4722 0
    endloop
  endfacet
  facet normal 0 0 -1
    outer loop
      vertex 42.44 43.6421 0
      vertex 52 52 0
      vertex 42.6506 43.5706 0
    endloop
  endfacet
  facet normal 0 0 -1
    outer loop
      vertex 42.2219 43.6855 0
      vertex 52 52 0
      vertex 42.44 43.6421 0
    endloop
  endfacet
  facet normal 0 0 -1
    outer loop
      vertex 42 43.7 0
      vertex 52 52 0
      vertex 42.2219 43.6855 0
    endloop
  endfacet
  facet normal 0 0 -1
    outer loop
      vertex 41.7781 43.6855 0
      vertex 52 52 0
      vertex 42 43.7 0
    endloop
  endfacet
  facet normal 0 0 -1
    outer loop
      vertex 41.56 43.6421 0
      vertex 52 52 0
      vertex 41.7781 43.6855 0
    endloop
  endfacet
  facet normal 0 0 -1
    outer loop
      vertex 30.6199 43.2418 0
      vertex 41.56 43.6421 0
      vertex 41.3494 43.5706 0
    endloop
  endfacet
  facet normal 0 0 -1
    outer loop
      vertex 30.6199 43.2418 0
      vertex 41.3494 43.5706 0
      vertex 41.15 43.4722 0
    endloop
  endfacet
  facet normal 0 0 -1
    outer loop
      vertex 32.8309 42.4912 0
      vertex 41.15 43.4722 0
      vertex 40.9651 43.3487 0
    endloop
  endfacet
  facet normal -0 0 -1
    outer loop
      vertex 40.4294 41.3494 0
      vertex 36.9402 40.0967 0
      vertex 40.3579 41.56 0
    endloop
  endfacet
  facet normal -0 0 -1
    outer loop
      vertex 40.3579 41.56 0
      vertex 36.9402 40.0967 0
      vertex 40.3145 41.7781 0
    endloop
  endfacet
  facet normal 0 0 -1
    outer loop
      vertex 36.8664 40.1614 0
      vertex 40.3145 41.7781 0
      vertex 36.9402 40.0967 0
    endloop
  endfacet
  facet normal -0 0 -1
    outer loop
      vertex 40.3145 41.7781 0
      vertex 36.8664 40.1614 0
      vertex 40.3 42 0
    endloop
  endfacet
  facet normal -0 0 -1
    outer loop
      vertex 40.3 42 0
      vertex 36.8664 40.1614 0
      vertex 40.3145 42.2219 0
    endloop
  endfacet
  facet normal -0 0 -1
    outer loop
      vertex 40.3145 42.2219 0
      vertex 36.8664 40.1614 0
      vertex 40.3579 42.44 0
    endloop
  endfacet
  facet normal 0 0 -1
    outer loop
      vertex 35.0066 41.404 0
      vertex 40.3579 42.44 0
      vertex 36.8664 40.1614 0
    endloop
  endfacet
  facet normal -0 0 -1
    outer loop
      vertex 40.3579 42.44 0
      vertex 35.0066 41.404 0
      vertex 40.4294 42.6506 0
    endloop
  endfacet
  facet normal -0 0 -1
    outer loop
      vertex 40.4294 42.6506 0
      vertex 35.0066 41.404 0
      vertex 40.5278 42.85 0
    endloop
  endfacet
  facet normal 0 0 -1
    outer loop
      vertex 34.925 41.4586 0
      vertex 40.5278 42.85 0
      vertex 35.0066 41.404 0
    endloop
  endfacet
  facet normal -0 0 -1
    outer loop
      vertex 40.5278 42.85 0
      vertex 34.925 41.4586 0
      vertex 40.6513 43.0349 0
    endloop
  endfacet
  facet normal 0 0 -1
    outer loop
      vertex 34.837 41.5019 0
      vertex 40.6513 43.0349 0
      vertex 34.925 41.4586 0
    endloop
  endfacet
  facet normal -0 0 -1
    outer loop
      vertex 40.6513 43.0349 0
      vertex 34.837 41.5019 0
      vertex 40.7979 43.2021 0
    endloop
  endfacet
  facet normal 0 0 -1
    outer loop
      vertex 32.8309 42.4912 0
      vertex 40.7979 43.2021 0
      vertex 34.837 41.5019 0
    endloop
  endfacet
  facet normal -0 0 -1
    outer loop
      vertex 40.7979 43.2021 0
      vertex 32.8309 42.4912 0
      vertex 40.9651 43.3487 0
    endloop
  endfacet
  facet normal 0 0 -1
    outer loop
      vertex 41.15 43.4722 0
      vertex 32.8309 42.4912 0
      vertex 32.738 42.5228 0
    endloop
  endfacet
  facet normal 0 0 -1
    outer loop
      vertex 41.15 43.4722 0
      vertex 32.738 42.5228 0
      vertex 30.6199 43.2418 0
    endloop
  endfacet
  facet normal -0 0 -1
    outer loop
      vertex 41.56 43.6421 0
      vertex 30.6199 43.2418 0
      vertex 52 52 0
    endloop
  endfacet
  facet normal 0 0 -1
    outer loop
      vertex 28.4261 43.6782 0
      vertex 52 52 0
      vertex 30.6199 43.2418 0
    endloop
  endfacet
  facet normal 0 0 -1
    outer loop
      vertex 28.3299 43.6973 0
      vertex 52 52 0
      vertex 28.4261 43.6782 0
    endloop
  endfacet
  facet normal 0 0 -1
    outer loop
      vertex 28.232 43.7037 0
      vertex 52 52 0
      vertex 28.3299 43.6973 0
    endloop
  endfacet
  facet normal 0 0 -1
    outer loop
      vertex 26 43.85 0
      vertex 52 52 0
      vertex 28.232 43.7037 0
    endloop
  endfacet
  facet normal 0 0 -1
    outer loop
      vertex 0 52 0
      vertex 26 43.85 0
      vertex 23.768 43.7037 0
    endloop
  endfacet
  facet normal 0 0 -1
    outer loop
      vertex 0 52 0
      vertex 23.768 43.7037 0
      vertex 23.6701 43.6973 0
    endloop
  endfacet
  facet normal 0 0 -1
    outer loop
      vertex 0 52 0
      vertex 23.6701 43.6973 0
      vertex 23.5739 43.6782 0
    endloop
  endfacet
  facet normal 0 0 -1
    outer loop
      vertex 0 52 0
      vertex 23.5739 43.6782 0
      vertex 21.3801 43.2418 0
    endloop
  endfacet
  facet normal 0 0 -1
    outer loop
      vertex 11.6421 42.44 0
      vertex 16.9934 41.404 0
      vertex 15.1336 40.1614 0
    endloop
  endfacet
  facet normal 0 0 -1
    outer loop
      vertex 11.6855 41.7781 0
      vertex 15.0598 40.0967 0
      vertex 13.3781 38.6219 0
    endloop
  endfacet
  facet normal 0 0 -1
    outer loop
      vertex 10.2219 40.3145 0
      vertex 11.9033 36.9402 0
      vertex 11.8386 36.8664 0
    endloop
  endfacet
  facet normal 0 0 -1
    outer loop
      vertex 11.6855 41.7781 0
      vertex 13.3781 38.6219 0
      vertex 11.9033 36.9402 0
    endloop
  endfacet
  facet normal 0 0 -1
    outer loop
      vertex 11.6855 41.7781 0
      vertex 15.1336 40.1614 0
      vertex 15.0598 40.0967 0
    endloop
  endfacet
  facet normal 0 0 -1
    outer loop
      vertex 11.6855 42.2219 0
      vertex 15.1336 40.1614 0
      vertex 11.7 42 0
    endloop
  endfacet
  facet normal 0 0 -1
    outer loop
      vertex 11.6421 42.44 0
      vertex 15.1336 40.1614 0
      vertex 11.6855 42.2219 0
    endloop
  endfacet
  facet normal 0 0 -1
    outer loop
      vertex 11.5706 42.6506 0
      vertex 16.9934 41.404 0
      vertex 11.6421 42.44 0
    endloop
  endfacet
  facet normal 0 0 -1
    outer loop
      vertex 11.4722 42.85 0
      vertex 16.9934 41.404 0
      vertex 11.5706 42.6506 0
    endloop
  endfacet
  facet normal 0 0 -1
    outer loop
      vertex 16.9934 41.404 0
      vertex 11.4722 42.85 0
      vertex 17.075 41.4586 0
    endloop
  endfacet
  facet normal 0 0 -1
    outer loop
      vertex 11.3487 43.0349 0
      vertex 17.075 41.4586 0
      vertex 11.4722 42.85 0
    endloop
  endfacet
  facet normal 0 0 -1
    outer loop
      vertex 17.075 41.4586 0
      vertex 11.3487 43.0349 0
      vertex 17.163 41.5019 0
    endloop
  endfacet
  facet normal 0 0 -1
    outer loop
      vertex 11.2021 43.2021 0
      vertex 17.163 41.5019 0
      vertex 11.3487 43.0349 0
    endloop
  endfacet
  facet normal 0 0 -1
    outer loop
      vertex 17.163 41.5019 0
      vertex 11.2021 43.2021 0
      vertex 19.1691 42.4912 0
    endloop
  endfacet
  facet normal 0 0 -1
    outer loop
      vertex 11.0349 43.3487 0
      vertex 19.1691 42.4912 0
      vertex 11.2021 43.2021 0
    endloop
  endfacet
  facet normal 0 0 -1
    outer loop
      vertex 10.85 43.4722 0
      vertex 19.1691 42.4912 0
      vertex 11.0349 43.3487 0
    endloop
  endfacet
  facet normal 0 0 -1
    outer loop
      vertex 19.1691 42.4912 0
      vertex 10.85 43.4722 0
      vertex 19.262 42.5228 0
    endloop
  endfacet
  facet normal 0 0 -1
    outer loop
      vertex 19.262 42.5228 0
      vertex 10.85 43.4722 0
      vertex 21.3801 43.2418 0
    endloop
  endfacet
  facet normal 0 0 -1
    outer loop
      vertex 10.6506 43.5706 0
      vertex 21.3801 43.2418 0
      vertex 10.85 43.4722 0
    endloop
  endfacet
  facet normal 0 0 -1
    outer loop
      vertex 10.44 43.6421 0
      vertex 21.3801 43.2418 0
      vertex 10.6506 43.5706 0
    endloop
  endfacet
  facet normal 0 0 -1
    outer loop
      vertex 21.3801 43.2418 0
      vertex 10.44 43.6421 0
      vertex 0 52 0
    endloop
  endfacet
  facet normal 0 0 -1
    outer loop
      vertex 0 52 0
      vertex 10.44 43.6421 0
      vertex 10.2219 43.6855 0
    endloop
  endfacet
  facet normal 0 0 -1
    outer loop
      vertex 0 52 0
      vertex 10.2219 43.6855 0
      vertex 10 43.7 0
    endloop
  endfacet
  facet normal 0 0 -1
    outer loop
      vertex 0 52 0
      vertex 10 43.7 0
      vertex 9.7781 43.6855 0
    endloop
  endfacet
  facet normal 0 0 -1
    outer loop
      vertex 0 52 0
      vertex 8.29629 28.232 0
      vertex 8.15 26 0
    endloop
  endfacet
  facet normal 0 0 -1
    outer loop
      vertex 0 52 0
      vertex 8.15 26 0
      vertex 0 0 0
    endloop
  endfacet
  facet normal 0 0 -1
    outer loop
      vertex 8.31454 41.7781 0
      vertex 0 52 0
      vertex 8.3 42 0
    endloop
  endfacet
  facet normal 0 0 -1
    outer loop
      vertex 26 43.85 0
      vertex 0 52 0
      vertex 52 52 0
    endloop
  endfacet
  facet normal 0 0 -1
    outer loop
      vertex 9.56001 43.6421 0
      vertex 0 52 0
      vertex 9.7781 43.6855 0
    endloop
  endfacet
  facet normal 0 0 -1
    outer loop
      vertex 9.34944 43.5706 0
      vertex 0 52 0
      vertex 9.56001 43.6421 0
    endloop
  endfacet
  facet normal 0 0 -1
    outer loop
      vertex 9.15 43.4722 0
      vertex 0 52 0
      vertex 9.34944 43.5706 0
    endloop
  endfacet
  facet normal 0 0 -1
    outer loop
      vertex 8.96511 43.3487 0
      vertex 0 52 0
      vertex 9.15 43.4722 0
    endloop
  endfacet
  facet normal 0 0 -1
    outer loop
      vertex 8.79792 43.2021 0
      vertex 0 52 0
      vertex 8.96511 43.3487 0
    endloop
  endfacet
  facet normal 0 0 -1
    outer loop
      vertex 8.6513 43.0349 0
      vertex 0 52 0
      vertex 8.79792 43.2021 0
    endloop
  endfacet
  facet normal 0 0 -1
    outer loop
      vertex 8.52776 42.85 0
      vertex 0 52 0
      vertex 8.6513 43.0349 0
    endloop
  endfacet
  facet normal 0 0 -1
    outer loop
      vertex 8.4294 42.6506 0
      vertex 0 52 0
      vertex 8.52776 42.85 0
    endloop
  endfacet
  facet normal 0 0 -1
    outer loop
      vertex 8.35793 42.44 0
      vertex 0 52 0
      vertex 8.4294 42.6506 0
    endloop
  endfacet
  facet normal 0 0 -1
    outer loop
      vertex 8.31454 42.2219 0
      vertex 0 52 0
      vertex 8.35793 42.44 0
    endloop
  endfacet
  facet normal 0 0 -1
    outer loop
      vertex 8.3 42 0
      vertex 0 52 0
      vertex 8.31454 42.2219 0
    endloop
  endfacet
  facet normal 0 0 -1
    outer loop
      vertex 52 0 0
      vertex 43.6973 23.6701 0
      vertex 43.7037 23.768 0
    endloop
  endfacet
  facet normal 0 0 -1
    outer loop
      vertex 43.6421 10.44 0
      vertex 52 0 0
      vertex 43.6855 10.2219 0
    endloop
  endfacet
  facet normal 0 0 -1
    outer loop
      vertex 52 0 0
      vertex 43.6782 23.5739 0
      vertex 43.6973 23.6701 0
    endloop
  endfacet
  facet normal 0 0 -1
    outer loop
      vertex 43.2418 21.3801 0
      vertex 52 0 0
      vertex 43.6421 10.44 0
    endloop
  endfacet
  facet normal 0 0 -1
    outer loop
      vertex 43.2418 21.3801 0
      vertex 43.6421 10.44 0
      vertex 43.5706 10.6506 0
    endloop
  endfacet
  facet normal 0 0 -1
    outer loop
      vertex 43.2418 21.3801 0
      vertex 43.5706 10.6506 0
      vertex 43.4722 10.85 0
    endloop
  endfacet
  facet normal 0 0 -1
    outer loop
      vertex 42.4912 19.1691 0
      vertex 43.4722 10.85 0
      vertex 43.3487 11.0349 0
    endloop
  endfacet
  facet normal 0 0 -1
    outer loop
      vertex 52 0 0
      vertex 43.2418 21.3801 0
      vertex 43.6782 23.5739 0
    endloop
  endfacet
  facet normal 0 0 -1
    outer loop
      vertex 42.4912 19.1691 0
      vertex 43.3487 11.0349 0
      vertex 43.2021 11.2021 0
    endloop
  endfacet
  facet normal 0 0 -1
    outer loop
      vertex 41.5019 17.163 0
      vertex 43.2021 11.2021 0
      vertex 43.0349 11.3487 0
    endloop
  endfacet
  facet normal 0 0 -1
    outer loop
      vertex 41.4586 17.075 0
      vertex 43.0349 11.3487 0
      vertex 42.85 11.4722 0
    endloop
  endfacet
  facet normal 0 0 -1
    outer loop
      vertex 41.404 16.9934 0
      vertex 42.85 11.4722 0
      vertex 42.6506 11.5706 0
    endloop
  endfacet
  facet normal 0 0 -1
    outer loop
      vertex 43.4722 10.85 0
      vertex 42.5228 19.262 0
      vertex 43.2418 21.3801 0
    endloop
  endfacet
  facet normal 0 0 -1
    outer loop
      vertex 43.4722 10.85 0
      vertex 42.4912 19.1691 0
      vertex 42.5228 19.262 0
    endloop
  endfacet
  facet normal 0 0 -1
    outer loop
      vertex 41.404 16.9934 0
      vertex 42.6506 11.5706 0
      vertex 42.44 11.6421 0
    endloop
  endfacet
  facet normal 0 0 -1
    outer loop
      vertex 40.1614 15.1336 0
      vertex 42.44 11.6421 0
      vertex 42.2219 11.6855 0
    endloop
  endfacet
  facet normal 0 0 -1
    outer loop
      vertex 40.1614 15.1336 0
      vertex 42.2219 11.6855 0
      vertex 42 11.7 0
    endloop
  endfacet
  facet normal 0 0 -1
    outer loop
      vertex 40.1614 15.1336 0
      vertex 42 11.7 0
      vertex 41.7781 11.6855 0
    endloop
  endfacet
  facet normal 0 0 -1
    outer loop
      vertex 40.0967 15.0598 0
      vertex 41.7781 11.6855 0
      vertex 41.56 11.6421 0
    endloop
  endfacet
  facet normal 0 0 -1
    outer loop
      vertex 43.2021 11.2021 0
      vertex 41.5019 17.163 0
      vertex 42.4912 19.1691 0
    endloop
  endfacet
  facet normal 0 0 -1
    outer loop
      vertex 43.0349 11.3487 0
      vertex 41.4586 17.075 0
      vertex 41.5019 17.163 0
    endloop
  endfacet
  facet normal 0 0 -1
    outer loop
      vertex 42.85 11.4722 0
      vertex 41.404 16.9934 0
      vertex 41.4586 17.075 0
    endloop
  endfacet
  facet normal 0 0 -1
    outer loop
      vertex 40.0967 15.0598 0
      vertex 41.56 11.6421 0
      vertex 41.3494 11.5706 0
    endloop
  endfacet
  facet normal 0 0 -1
    outer loop
      vertex 40.0967 15.0598 0
      vertex 41.3494 11.5706 0
      vertex 41.15 11.4722 0
    endloop
  endfacet
  facet normal 0 0 -1
    outer loop
      vertex 40.0967 15.0598 0
      vertex 41.15 11.4722 0
      vertex 40.9651 11.3487 0
    endloop
  endfacet
  facet normal 0 0 -1
    outer loop
      vertex 40.0967 15.0598 0
      vertex 40.9651 11.3487 0
      vertex 40.7979 11.2021 0
    endloop
  endfacet
  facet normal 0 0 -1
    outer loop
      vertex 40.0967 15.0598 0
      vertex 40.7979 11.2021 0
      vertex 40.6513 11.0349 0
    endloop
  endfacet
  facet normal 0 0 -1
    outer loop
      vertex 40.0967 15.0598 0
      vertex 40.6513 11.0349 0
      vertex 40.5278 10.85 0
    endloop
  endfacet
  facet normal 0 0 -1
    outer loop
      vertex 40.0967 15.0598 0
      vertex 40.5278 10.85 0
      vertex 40.4294 10.6506 0
    endloop
  endfacet
  facet normal 0 0 -1
    outer loop
      vertex 40.0967 15.0598 0
      vertex 40.4294 10.6506 0
      vertex 40.3579 10.44 0
    endloop
  endfacet
  facet normal 0 0 -1
    outer loop
      vertex 40.0967 15.0598 0
      vertex 40.3579 10.44 0
      vertex 40.3145 10.2219 0
    endloop
  endfacet
  facet normal 0 0 -1
    outer loop
      vertex 42.44 11.6421 0
      vertex 40.1614 15.1336 0
      vertex 41.404 16.9934 0
    endloop
  endfacet
  facet normal 0 0 -1
    outer loop
      vertex 36.8664 11.8386 0
      vertex 40.3145 10.2219 0
      vertex 40.3 10 0
    endloop
  endfacet
  facet normal 0 -1 0
    outer loop
      vertex 0 0 0
      vertex 52 0 2.4
      vertex 0 0 2.4
    endloop
  endfacet
  facet normal 0 -1 -0
    outer loop
      vertex 52 0 2.4
      vertex 0 0 0
      vertex 52 0 0
    endloop
  endfacet
  facet normal 0.975801 0.0639569 0.2091
    outer loop
      vertex 45.8289 28.6105 2.4
      vertex 43 26 16.4
      vertex 46 26 2.4
    endloop
  endfacet
  facet normal -0.54329 0.813088 0.209101
    outer loop
      vertex 16 43.3205 2.4
      vertex 15.6511 39.487 16.4
      vertex 17.5 40.7224 16.4
    endloop
  endfacet
  facet normal 0.644786 0.735206 0.209103
    outer loop
      vertex 38.1752 41.8671 2.4
      vertex 36.3489 39.487 16.4
      vertex 40.1421 40.1421 2.4
    endloop
  endfacet
  facet normal 0.877042 -0.432522 0.209099
    outer loop
      vertex 44.4776 18.3463 2.4
      vertex 41.706 19.4944 16.4
      vertex 43.3205 16 2.4
    endloop
  endfacet
  facet normal -0.813091 0.543285 0.209103
    outer loop
      vertex 10.1329 38.1752 2.4
      vertex 8.67949 36 2.4
      vertex 12.513 36.3489 16.4
    endloop
  endfacet
  facet normal -0.975801 -0.0639569 0.2091
    outer loop
      vertex 9 26 16.4
      vertex 6 26 2.4
      vertex 6.1711 23.3895 2.4
    endloop
  endfacet
  facet normal 0.314334 -0.925997 0.209101
    outer loop
      vertex 33.6537 7.52241 2.4
      vertex 30.3999 9.57926 16.4
      vertex 31.1764 6.68148 2.4
    endloop
  endfacet
  facet normal -0.644767 -0.735224 0.209098
    outer loop
      vertex 13.9792 13.9792 16.4
      vertex 11.8579 11.8579 2.4
      vertex 15.6511 12.513 16.4
    endloop
  endfacet
  facet normal 0.314324 0.926 0.209103
    outer loop
      vertex 31.1764 45.3185 2.4
      vertex 30.3999 42.4207 16.4
      vertex 33.6537 44.4776 2.4
    endloop
  endfacet
  facet normal 0.877042 0.432522 0.209099
    outer loop
      vertex 43.3205 36 2.4
      vertex 41.706 32.5056 16.4
      vertex 44.4776 33.6537 2.4
    endloop
  endfacet
  facet normal 0.735206 0.644786 0.209103
    outer loop
      vertex 40.1421 40.1421 2.4
      vertex 39.487 36.3489 16.4
      vertex 41.8671 38.1752 2.4
    endloop
  endfacet
  facet normal 0.975801 -0.0639569 0.2091
    outer loop
      vertex 46 26 2.4
      vertex 43 26 16.4
      vertex 45.8289 23.3895 2.4
    endloop
  endfacet
  facet normal -0.735206 0.644786 0.209103
    outer loop
      vertex 11.8579 40.1421 2.4
      vertex 10.1329 38.1752 2.4
      vertex 12.513 36.3489 16.4
    endloop
  endfacet
  facet normal -0.925997 0.314334 0.209101
    outer loop
      vertex 7.52241 33.6537 2.4
      vertex 6.68148 31.1764 2.4
      vertex 9.57926 30.3999 16.4
    endloop
  endfacet
  facet normal -0.9758 -0.0639598 0.209101
    outer loop
      vertex 9 26 16.4
      vertex 6.1711 23.3895 2.4
      vertex 9.14544 23.7811 16.4
    endloop
  endfacet
  facet normal -0.543285 -0.813091 0.209103
    outer loop
      vertex 15.6511 12.513 16.4
      vertex 13.8248 10.1329 2.4
      vertex 16 8.67949 2.4
    endloop
  endfacet
  facet normal 0.644767 -0.735224 0.209098
    outer loop
      vertex 38.0208 13.9792 16.4
      vertex 36.3489 12.513 16.4
      vertex 40.1421 11.8579 2.4
    endloop
  endfacet
  facet normal 0.644767 0.735224 0.209098
    outer loop
      vertex 40.1421 40.1421 2.4
      vertex 36.3489 39.487 16.4
      vertex 38.0208 38.0208 16.4
    endloop
  endfacet
  facet normal 0.432536 0.877034 0.209102
    outer loop
      vertex 36 43.3205 2.4
      vertex 32.5056 41.706 16.4
      vertex 34.5 40.7224 16.4
    endloop
  endfacet
  facet normal 0.926 0.314324 0.209103
    outer loop
      vertex 44.4776 33.6537 2.4
      vertex 42.4207 30.3999 16.4
      vertex 45.3185 31.1764 2.4
    endloop
  endfacet
  facet normal 0.959103 -0.190781 0.209102
    outer loop
      vertex 45.8289 23.3895 2.4
      vertex 42.4207 21.6001 16.4
      vertex 45.3185 20.8236 2.4
    endloop
  endfacet
  facet normal -0.877045 0.432516 0.209099
    outer loop
      vertex 8.67949 36 2.4
      vertex 7.52241 33.6537 2.4
      vertex 10.294 32.5056 16.4
    endloop
  endfacet
  facet normal -0.432522 0.877042 0.209099
    outer loop
      vertex 18.3463 44.4776 2.4
      vertex 16 43.3205 2.4
      vertex 19.4944 41.706 16.4
    endloop
  endfacet
  facet normal -0.0639423 0.975802 0.209098
    outer loop
      vertex 26 43 16.4
      vertex 23.3895 45.8289 2.4
      vertex 23.7811 42.8546 16.4
    endloop
  endfacet
  facet normal -0.877045 -0.432516 0.209099
    outer loop
      vertex 10.294 19.4944 16.4
      vertex 7.52241 18.3463 2.4
      vertex 8.67949 16 2.4
    endloop
  endfacet
  facet normal -0.959105 0.190774 0.209101
    outer loop
      vertex 6.68148 31.1764 2.4
      vertex 6.1711 28.6105 2.4
      vertex 9.57926 30.3999 16.4
    endloop
  endfacet
  facet normal -0.0639598 -0.9758 0.209101
    outer loop
      vertex 23.7811 9.14544 16.4
      vertex 23.3895 6.1711 2.4
      vertex 26 9 16.4
    endloop
  endfacet
  facet normal -0.190774 -0.959105 0.209101
    outer loop
      vertex 23.7811 9.14544 16.4
      vertex 21.6001 9.57926 16.4
      vertex 23.3895 6.1711 2.4
    endloop
  endfacet
  facet normal 0.432516 -0.877045 0.209099
    outer loop
      vertex 36 8.67949 2.4
      vertex 32.5056 10.294 16.4
      vertex 33.6537 7.52241 2.4
    endloop
  endfacet
  facet normal 0.190781 0.959103 0.209102
    outer loop
      vertex 31.1764 45.3185 2.4
      vertex 28.6105 45.8289 2.4
      vertex 30.3999 42.4207 16.4
    endloop
  endfacet
  facet normal -0.0639569 0.975801 0.2091
    outer loop
      vertex 26 46 2.4
      vertex 23.3895 45.8289 2.4
      vertex 26 43 16.4
    endloop
  endfacet
  facet normal 0.92601 0.314299 0.209098
    outer loop
      vertex 44.4776 33.6537 2.4
      vertex 41.706 32.5056 16.4
      vertex 42.4207 30.3999 16.4
    endloop
  endfacet
  facet normal 0.877034 0.432536 0.209102
    outer loop
      vertex 43.3205 36 2.4
      vertex 40.7224 34.5 16.4
      vertex 41.706 32.5056 16.4
    endloop
  endfacet
  facet normal 0.735224 0.644767 0.209098
    outer loop
      vertex 40.1421 40.1421 2.4
      vertex 38.0208 38.0208 16.4
      vertex 39.487 36.3489 16.4
    endloop
  endfacet
  facet normal 0.54329 -0.813088 0.209102
    outer loop
      vertex 36.3489 12.513 16.4
      vertex 34.5 11.2776 16.4
      vertex 36 8.67949 2.4
    endloop
  endfacet
  facet normal 0.813093 -0.543283 0.209103
    outer loop
      vertex 43.3205 16 2.4
      vertex 39.487 15.6511 16.4
      vertex 41.8671 13.8248 2.4
    endloop
  endfacet
  facet normal 0.735206 -0.644786 0.209103
    outer loop
      vertex 41.8671 13.8248 2.4
      vertex 39.487 15.6511 16.4
      vertex 40.1421 11.8579 2.4
    endloop
  endfacet
  facet normal 0.92601 -0.314299 0.209098
    outer loop
      vertex 42.4207 21.6001 16.4
      vertex 41.706 19.4944 16.4
      vertex 44.4776 18.3463 2.4
    endloop
  endfacet
  facet normal 0.926 -0.314324 0.209103
    outer loop
      vertex 45.3185 20.8236 2.4
      vertex 42.4207 21.6001 16.4
      vertex 44.4776 18.3463 2.4
    endloop
  endfacet
  facet normal -0.926005 0.314315 0.209098
    outer loop
      vertex 10.294 32.5056 16.4
      vertex 7.52241 33.6537 2.4
      vertex 9.57926 30.3999 16.4
    endloop
  endfacet
  facet normal -0.314324 0.926 0.209103
    outer loop
      vertex 20.8236 45.3185 2.4
      vertex 18.3463 44.4776 2.4
      vertex 21.6001 42.4207 16.4
    endloop
  endfacet
  facet normal -0.190781 0.959103 0.209102
    outer loop
      vertex 23.3895 45.8289 2.4
      vertex 20.8236 45.3185 2.4
      vertex 21.6001 42.4207 16.4
    endloop
  endfacet
  facet normal -0.432536 0.877034 0.209102
    outer loop
      vertex 19.4944 41.706 16.4
      vertex 16 43.3205 2.4
      vertex 17.5 40.7224 16.4
    endloop
  endfacet
  facet normal -0.644786 0.735206 0.209103
    outer loop
      vertex 13.8248 41.8671 2.4
      vertex 11.8579 40.1421 2.4
      vertex 15.6511 39.487 16.4
    endloop
  endfacet
  facet normal -0.543283 0.813093 0.209103
    outer loop
      vertex 16 43.3205 2.4
      vertex 13.8248 41.8671 2.4
      vertex 15.6511 39.487 16.4
    endloop
  endfacet
  facet normal -0.644767 0.735224 0.209098
    outer loop
      vertex 15.6511 39.487 16.4
      vertex 11.8579 40.1421 2.4
      vertex 13.9792 38.0208 16.4
    endloop
  endfacet
  facet normal -0.735224 0.644767 0.209098
    outer loop
      vertex 13.9792 38.0208 16.4
      vertex 11.8579 40.1421 2.4
      vertex 12.513 36.3489 16.4
    endloop
  endfacet
  facet normal -0.644786 -0.735206 0.209103
    outer loop
      vertex 15.6511 12.513 16.4
      vertex 11.8579 11.8579 2.4
      vertex 13.8248 10.1329 2.4
    endloop
  endfacet
  facet normal -0.877034 -0.432536 0.209103
    outer loop
      vertex 10.294 19.4944 16.4
      vertex 8.67949 16 2.4
      vertex 11.2776 17.5 16.4
    endloop
  endfacet
  facet normal -0.926005 -0.314315 0.209098
    outer loop
      vertex 9.57926 21.6001 16.4
      vertex 7.52241 18.3463 2.4
      vertex 10.294 19.4944 16.4
    endloop
  endfacet
  facet normal -0.959105 0.190774 0.209101
    outer loop
      vertex 9.57926 30.3999 16.4
      vertex 6.1711 28.6105 2.4
      vertex 9.14544 28.2189 16.4
    endloop
  endfacet
  facet normal -0 0 1
    outer loop
      vertex 41.37 26.3054 16.4
      vertex 43 26 16.4
      vertex 42.8546 28.2189 16.4
    endloop
  endfacet
  facet normal -0 0 1
    outer loop
      vertex 40.9253 29.683 16.4
      vertex 42.8546 28.2189 16.4
      vertex 42.4207 30.3999 16.4
    endloop
  endfacet
  facet normal 0 0 1
    outer loop
      vertex 43 26 16.4
      vertex 41.37 26.3054 16.4
      vertex 41.39 26 16.4
    endloop
  endfacet
  facet normal 0 0 1
    outer loop
      vertex 40.7672 30.2731 16.4
      vertex 42.4207 30.3999 16.4
      vertex 41.706 32.5056 16.4
    endloop
  endfacet
  facet normal 0 0 1
    outer loop
      vertex 41.37 25.6946 16.4
      vertex 43 26 16.4
      vertex 41.39 26 16.4
    endloop
  endfacet
  facet normal -0 0 1
    outer loop
      vertex 41.2583 23.9912 16.4
      vertex 42.8546 23.7811 16.4
      vertex 41.37 25.6946 16.4
    endloop
  endfacet
  facet normal 0 0 1
    outer loop
      vertex 43 26 16.4
      vertex 41.37 25.6946 16.4
      vertex 42.8546 23.7811 16.4
    endloop
  endfacet
  facet normal 0 0 1
    outer loop
      vertex 42.8546 28.2189 16.4
      vertex 41.2583 28.0088 16.4
      vertex 41.37 26.3054 16.4
    endloop
  endfacet
  facet normal 0 0 1
    outer loop
      vertex 42.8546 28.2189 16.4
      vertex 40.9253 29.683 16.4
      vertex 41.2583 28.0088 16.4
    endloop
  endfacet
  facet normal 0 0 1
    outer loop
      vertex 42.4207 30.3999 16.4
      vertex 40.8656 29.9832 16.4
      vertex 40.9253 29.683 16.4
    endloop
  endfacet
  facet normal 0 0 1
    outer loop
      vertex 42.4207 30.3999 16.4
      vertex 40.7672 30.2731 16.4
      vertex 40.8656 29.9832 16.4
    endloop
  endfacet
  facet normal 0 0 1
    outer loop
      vertex 40.0831 32.164 16.4
      vertex 41.706 32.5056 16.4
      vertex 40.7224 34.5 16.4
    endloop
  endfacet
  facet normal 0 0 1
    outer loop
      vertex 41.706 32.5056 16.4
      vertex 40.2185 31.8895 16.4
      vertex 40.7672 30.2731 16.4
    endloop
  endfacet
  facet normal 0 0 1
    outer loop
      vertex 41.706 32.5056 16.4
      vertex 40.0831 32.164 16.4
      vertex 40.2185 31.8895 16.4
    endloop
  endfacet
  facet normal -0 0 1
    outer loop
      vertex 38.3798 35.1143 16.4
      vertex 40.7224 34.5 16.4
      vertex 39.487 36.3489 16.4
    endloop
  endfacet
  facet normal 0 0 1
    outer loop
      vertex 40.7224 34.5 16.4
      vertex 39.3281 33.695 16.4
      vertex 40.0831 32.164 16.4
    endloop
  endfacet
  facet normal 0 0 1
    outer loop
      vertex 40.7224 34.5 16.4
      vertex 38.3798 35.1143 16.4
      vertex 39.3281 33.695 16.4
    endloop
  endfacet
  facet normal 0 0 1
    outer loop
      vertex 39.487 36.3489 16.4
      vertex 38.2097 35.3688 16.4
      vertex 38.3798 35.1143 16.4
    endloop
  endfacet
  facet normal -0 0 1
    outer loop
      vertex 37.0842 36.6522 16.4
      vertex 39.487 36.3489 16.4
      vertex 38.0208 38.0208 16.4
    endloop
  endfacet
  facet normal 0 0 1
    outer loop
      vertex 39.487 36.3489 16.4
      vertex 37.0842 36.6522 16.4
      vertex 38.2097 35.3688 16.4
    endloop
  endfacet
  facet normal 0 0 1
    outer loop
      vertex 38.0208 38.0208 16.4
      vertex 36.8824 36.8824 16.4
      vertex 37.0842 36.6522 16.4
    endloop
  endfacet
  facet normal 0 0 1
    outer loop
      vertex 38.0208 38.0208 16.4
      vertex 36.6522 37.0842 16.4
      vertex 36.8824 36.8824 16.4
    endloop
  endfacet
  facet normal 0 0 1
    outer loop
      vertex 36.3489 39.487 16.4
      vertex 36.6522 37.0842 16.4
      vertex 38.0208 38.0208 16.4
    endloop
  endfacet
  facet normal 0 0 1
    outer loop
      vertex 36.3489 39.487 16.4
      vertex 35.3688 38.2097 16.4
      vertex 36.6522 37.0842 16.4
    endloop
  endfacet
  facet normal 0 0 1
    outer loop
      vertex 36.3489 39.487 16.4
      vertex 35.1143 38.3798 16.4
      vertex 35.3688 38.2097 16.4
    endloop
  endfacet
  facet normal 0 0 1
    outer loop
      vertex 34.5 40.7224 16.4
      vertex 35.1143 38.3798 16.4
      vertex 36.3489 39.487 16.4
    endloop
  endfacet
  facet normal 0 0 1
    outer loop
      vertex 34.5 40.7224 16.4
      vertex 33.695 39.3281 16.4
      vertex 35.1143 38.3798 16.4
    endloop
  endfacet
  facet normal 0 0 1
    outer loop
      vertex 32.164 40.0831 16.4
      vertex 34.5 40.7224 16.4
      vertex 32.5056 41.706 16.4
    endloop
  endfacet
  facet normal 0 0 1
    outer loop
      vertex 34.5 40.7224 16.4
      vertex 32.164 40.0831 16.4
      vertex 33.695 39.3281 16.4
    endloop
  endfacet
  facet normal 0 0 1
    outer loop
      vertex 32.5056 41.706 16.4
      vertex 31.8895 40.2185 16.4
      vertex 32.164 40.0831 16.4
    endloop
  endfacet
  facet normal 0 0 1
    outer loop
      vertex 30.2731 40.7672 16.4
      vertex 32.5056 41.706 16.4
      vertex 30.3999 42.4207 16.4
    endloop
  endfacet
  facet normal 0 0 1
    outer loop
      vertex 32.5056 41.706 16.4
      vertex 30.2731 40.7672 16.4
      vertex 31.8895 40.2185 16.4
    endloop
  endfacet
  facet normal 0 0 1
    outer loop
      vertex 30.3999 42.4207 16.4
      vertex 29.9832 40.8656 16.4
      vertex 30.2731 40.7672 16.4
    endloop
  endfacet
  facet normal 0 0 1
    outer loop
      vertex 30.3999 42.4207 16.4
      vertex 29.683 40.9253 16.4
      vertex 29.9832 40.8656 16.4
    endloop
  endfacet
  facet normal 0 0 1
    outer loop
      vertex 28.2189 42.8546 16.4
      vertex 29.683 40.9253 16.4
      vertex 30.3999 42.4207 16.4
    endloop
  endfacet
  facet normal 0 0 1
    outer loop
      vertex 28.2189 42.8546 16.4
      vertex 28.0088 41.2583 16.4
      vertex 29.683 40.9253 16.4
    endloop
  endfacet
  facet normal 0 0 1
    outer loop
      vertex 28.2189 42.8546 16.4
      vertex 26.3054 41.37 16.4
      vertex 28.0088 41.2583 16.4
    endloop
  endfacet
  facet normal 0 0 1
    outer loop
      vertex 26 43 16.4
      vertex 26.3054 41.37 16.4
      vertex 28.2189 42.8546 16.4
    endloop
  endfacet
  facet normal 0 0 1
    outer loop
      vertex 26 43 16.4
      vertex 26 41.39 16.4
      vertex 26.3054 41.37 16.4
    endloop
  endfacet
  facet normal 0 0 1
    outer loop
      vertex 26 43 16.4
      vertex 25.6946 41.37 16.4
      vertex 26 41.39 16.4
    endloop
  endfacet
  facet normal -0 0 1
    outer loop
      vertex 23.7811 42.8546 16.4
      vertex 25.6946 41.37 16.4
      vertex 26 43 16.4
    endloop
  endfacet
  facet normal 0 0 1
    outer loop
      vertex 25.6946 41.37 16.4
      vertex 23.7811 42.8546 16.4
      vertex 23.9912 41.2583 16.4
    endloop
  endfacet
  facet normal 0 0 1
    outer loop
      vertex 23.7811 42.8546 16.4
      vertex 22.317 40.9253 16.4
      vertex 23.9912 41.2583 16.4
    endloop
  endfacet
  facet normal -0 0 1
    outer loop
      vertex 21.6001 42.4207 16.4
      vertex 22.317 40.9253 16.4
      vertex 23.7811 42.8546 16.4
    endloop
  endfacet
  facet normal 0 0 1
    outer loop
      vertex 22.317 40.9253 16.4
      vertex 21.6001 42.4207 16.4
      vertex 22.0168 40.8656 16.4
    endloop
  endfacet
  facet normal 0 0 1
    outer loop
      vertex 22.0168 40.8656 16.4
      vertex 21.6001 42.4207 16.4
      vertex 21.7269 40.7672 16.4
    endloop
  endfacet
  facet normal -0 0 1
    outer loop
      vertex 19.4944 41.706 16.4
      vertex 21.7269 40.7672 16.4
      vertex 21.6001 42.4207 16.4
    endloop
  endfacet
  facet normal 0 0 1
    outer loop
      vertex 21.7269 40.7672 16.4
      vertex 19.4944 41.706 16.4
      vertex 20.1105 40.2185 16.4
    endloop
  endfacet
  facet normal 0 0 1
    outer loop
      vertex 20.1105 40.2185 16.4
      vertex 19.4944 41.706 16.4
      vertex 19.836 40.0831 16.4
    endloop
  endfacet
  facet normal -0 0 1
    outer loop
      vertex 17.5 40.7224 16.4
      vertex 19.836 40.0831 16.4
      vertex 19.4944 41.706 16.4
    endloop
  endfacet
  facet normal 0 0 1
    outer loop
      vertex 19.836 40.0831 16.4
      vertex 17.5 40.7224 16.4
      vertex 18.305 39.3281 16.4
    endloop
  endfacet
  facet normal 0 0 1
    outer loop
      vertex 17.5 40.7224 16.4
      vertex 16.8857 38.3798 16.4
      vertex 18.305 39.3281 16.4
    endloop
  endfacet
  facet normal -0 0 1
    outer loop
      vertex 15.6511 39.487 16.4
      vertex 16.8857 38.3798 16.4
      vertex 17.5 40.7224 16.4
    endloop
  endfacet
  facet normal 0 0 1
    outer loop
      vertex 16.8857 38.3798 16.4
      vertex 15.6511 39.487 16.4
      vertex 16.6312 38.2097 16.4
    endloop
  endfacet
  facet normal 0 0 1
    outer loop
      vertex 15.6511 39.487 16.4
      vertex 15.3478 37.0842 16.4
      vertex 16.6312 38.2097 16.4
    endloop
  endfacet
  facet normal -0 0 1
    outer loop
      vertex 13.9792 38.0208 16.4
      vertex 15.3478 37.0842 16.4
      vertex 15.6511 39.487 16.4
    endloop
  endfacet
  facet normal 0 0 1
    outer loop
      vertex 15.3478 37.0842 16.4
      vertex 13.9792 38.0208 16.4
      vertex 15.1176 36.8824 16.4
    endloop
  endfacet
  facet normal 0 0 1
    outer loop
      vertex 15.1176 36.8824 16.4
      vertex 13.9792 38.0208 16.4
      vertex 14.9158 36.6522 16.4
    endloop
  endfacet
  facet normal 0 0 1
    outer loop
      vertex 12.513 36.3489 16.4
      vertex 14.9158 36.6522 16.4
      vertex 13.9792 38.0208 16.4
    endloop
  endfacet
  facet normal 0 0 1
    outer loop
      vertex 14.9158 36.6522 16.4
      vertex 12.513 36.3489 16.4
      vertex 13.7903 35.3688 16.4
    endloop
  endfacet
  facet normal 0 0 1
    outer loop
      vertex 13.7903 35.3688 16.4
      vertex 12.513 36.3489 16.4
      vertex 13.6202 35.1143 16.4
    endloop
  endfacet
  facet normal 0 0 1
    outer loop
      vertex 11.2776 34.5 16.4
      vertex 13.6202 35.1143 16.4
      vertex 12.513 36.3489 16.4
    endloop
  endfacet
  facet normal 0 0 1
    outer loop
      vertex 13.6202 35.1143 16.4
      vertex 11.2776 34.5 16.4
      vertex 12.6719 33.695 16.4
    endloop
  endfacet
  facet normal 0 0 1
    outer loop
      vertex 12.6719 33.695 16.4
      vertex 11.2776 34.5 16.4
      vertex 11.9169 32.164 16.4
    endloop
  endfacet
  facet normal -0 0 1
    outer loop
      vertex 10.294 32.5056 16.4
      vertex 11.9169 32.164 16.4
      vertex 11.2776 34.5 16.4
    endloop
  endfacet
  facet normal 0 0 1
    outer loop
      vertex 11.9169 32.164 16.4
      vertex 10.294 32.5056 16.4
      vertex 11.7815 31.8895 16.4
    endloop
  endfacet
  facet normal 0 0 1
    outer loop
      vertex 11.7815 31.8895 16.4
      vertex 10.294 32.5056 16.4
      vertex 11.2328 30.2731 16.4
    endloop
  endfacet
  facet normal -0 0 1
    outer loop
      vertex 9.57926 30.3999 16.4
      vertex 11.2328 30.2731 16.4
      vertex 10.294 32.5056 16.4
    endloop
  endfacet
  facet normal 0 0 1
    outer loop
      vertex 11.2328 30.2731 16.4
      vertex 9.57926 30.3999 16.4
      vertex 11.1344 29.9832 16.4
    endloop
  endfacet
  facet normal 0 0 1
    outer loop
      vertex 9.14544 28.2189 16.4
      vertex 10.63 26.3054 16.4
      vertex 10.7417 28.0088 16.4
    endloop
  endfacet
  facet normal 0 0 1
    outer loop
      vertex 9.14544 28.2189 16.4
      vertex 11.0747 29.683 16.4
      vertex 9.57926 30.3999 16.4
    endloop
  endfacet
  facet normal 0 0 1
    outer loop
      vertex 11.1344 29.9832 16.4
      vertex 9.57926 30.3999 16.4
      vertex 11.0747 29.683 16.4
    endloop
  endfacet
  facet normal 0 0 1
    outer loop
      vertex 40.9253 22.317 16.4
      vertex 42.8546 23.7811 16.4
      vertex 41.2583 23.9912 16.4
    endloop
  endfacet
  facet normal 0 0 1
    outer loop
      vertex 42.8546 23.7811 16.4
      vertex 40.9253 22.317 16.4
      vertex 42.4207 21.6001 16.4
    endloop
  endfacet
  facet normal -0 0 1
    outer loop
      vertex 40.8656 22.0168 16.4
      vertex 42.4207 21.6001 16.4
      vertex 40.9253 22.317 16.4
    endloop
  endfacet
  facet normal -0 0 1
    outer loop
      vertex 40.7672 21.7269 16.4
      vertex 42.4207 21.6001 16.4
      vertex 40.8656 22.0168 16.4
    endloop
  endfacet
  facet normal 0 0 1
    outer loop
      vertex 42.4207 21.6001 16.4
      vertex 40.7672 21.7269 16.4
      vertex 41.706 19.4944 16.4
    endloop
  endfacet
  facet normal -0 0 1
    outer loop
      vertex 40.2185 20.1105 16.4
      vertex 41.706 19.4944 16.4
      vertex 40.7672 21.7269 16.4
    endloop
  endfacet
  facet normal -0 0 1
    outer loop
      vertex 40.0831 19.836 16.4
      vertex 41.706 19.4944 16.4
      vertex 40.2185 20.1105 16.4
    endloop
  endfacet
  facet normal 0 0 1
    outer loop
      vertex 41.706 19.4944 16.4
      vertex 40.0831 19.836 16.4
      vertex 40.7224 17.5 16.4
    endloop
  endfacet
  facet normal -0 0 1
    outer loop
      vertex 39.3281 18.305 16.4
      vertex 40.7224 17.5 16.4
      vertex 40.0831 19.836 16.4
    endloop
  endfacet
  facet normal 0 0 1
    outer loop
      vertex 38.3798 16.8857 16.4
      vertex 40.7224 17.5 16.4
      vertex 39.3281 18.305 16.4
    endloop
  endfacet
  facet normal 0 0 1
    outer loop
      vertex 40.7224 17.5 16.4
      vertex 38.3798 16.8857 16.4
      vertex 39.487 15.6511 16.4
    endloop
  endfacet
  facet normal -0 0 1
    outer loop
      vertex 38.2097 16.6312 16.4
      vertex 39.487 15.6511 16.4
      vertex 38.3798 16.8857 16.4
    endloop
  endfacet
  facet normal 0 0 1
    outer loop
      vertex 37.0842 15.3478 16.4
      vertex 39.487 15.6511 16.4
      vertex 38.2097 16.6312 16.4
    endloop
  endfacet
  facet normal 0 0 1
    outer loop
      vertex 39.487 15.6511 16.4
      vertex 37.0842 15.3478 16.4
      vertex 38.0208 13.9792 16.4
    endloop
  endfacet
  facet normal -0 0 1
    outer loop
      vertex 36.8824 15.1176 16.4
      vertex 38.0208 13.9792 16.4
      vertex 37.0842 15.3478 16.4
    endloop
  endfacet
  facet normal -0 0 1
    outer loop
      vertex 36.6522 14.9158 16.4
      vertex 38.0208 13.9792 16.4
      vertex 36.8824 15.1176 16.4
    endloop
  endfacet
  facet normal 0 0 1
    outer loop
      vertex 36.6522 14.9158 16.4
      vertex 36.3489 12.513 16.4
      vertex 38.0208 13.9792 16.4
    endloop
  endfacet
  facet normal -0 0 1
    outer loop
      vertex 35.3688 13.7903 16.4
      vertex 36.3489 12.513 16.4
      vertex 36.6522 14.9158 16.4
    endloop
  endfacet
  facet normal -0 0 1
    outer loop
      vertex 35.1143 13.6202 16.4
      vertex 36.3489 12.513 16.4
      vertex 35.3688 13.7903 16.4
    endloop
  endfacet
  facet normal 0 0 1
    outer loop
      vertex 35.1143 13.6202 16.4
      vertex 34.5 11.2776 16.4
      vertex 36.3489 12.513 16.4
    endloop
  endfacet
  facet normal -0 0 1
    outer loop
      vertex 33.695 12.6719 16.4
      vertex 34.5 11.2776 16.4
      vertex 35.1143 13.6202 16.4
    endloop
  endfacet
  facet normal -0 0 1
    outer loop
      vertex 32.164 11.9169 16.4
      vertex 34.5 11.2776 16.4
      vertex 33.695 12.6719 16.4
    endloop
  endfacet
  facet normal 0 0 1
    outer loop
      vertex 34.5 11.2776 16.4
      vertex 32.164 11.9169 16.4
      vertex 32.5056 10.294 16.4
    endloop
  endfacet
  facet normal -0 0 1
    outer loop
      vertex 31.8895 11.7815 16.4
      vertex 32.5056 10.294 16.4
      vertex 32.164 11.9169 16.4
    endloop
  endfacet
  facet normal -0 0 1
    outer loop
      vertex 30.2731 11.2328 16.4
      vertex 32.5056 10.294 16.4
      vertex 31.8895 11.7815 16.4
    endloop
  endfacet
  facet normal 0 0 1
    outer loop
      vertex 32.5056 10.294 16.4
      vertex 30.2731 11.2328 16.4
      vertex 30.3999 9.57926 16.4
    endloop
  endfacet
  facet normal -0 0 1
    outer loop
      vertex 29.9832 11.1344 16.4
      vertex 30.3999 9.57926 16.4
      vertex 30.2731 11.2328 16.4
    endloop
  endfacet
  facet normal -0 0 1
    outer loop
      vertex 29.683 11.0747 16.4
      vertex 30.3999 9.57926 16.4
      vertex 29.9832 11.1344 16.4
    endloop
  endfacet
  facet normal 0 0 1
    outer loop
      vertex 29.683 11.0747 16.4
      vertex 28.2189 9.14544 16.4
      vertex 30.3999 9.57926 16.4
    endloop
  endfacet
  facet normal -0 0 1
    outer loop
      vertex 28.0088 10.7417 16.4
      vertex 28.2189 9.14544 16.4
      vertex 29.683 11.0747 16.4
    endloop
  endfacet
  facet normal -0 0 1
    outer loop
      vertex 26.3054 10.63 16.4
      vertex 28.2189 9.14544 16.4
      vertex 28.0088 10.7417 16.4
    endloop
  endfacet
  facet normal 0 0 1
    outer loop
      vertex 26 9 16.4
      vertex 26.3054 10.63 16.4
      vertex 26 10.61 16.4
    endloop
  endfacet
  facet normal 0 0 1
    outer loop
      vertex 26.3054 10.63 16.4
      vertex 26 9 16.4
      vertex 28.2189 9.14544 16.4
    endloop
  endfacet
  facet normal 0 0 1
    outer loop
      vertex 23.9912 10.7417 16.4
      vertex 26 9 16.4
      vertex 26 10.61 16.4
    endloop
  endfacet
  facet normal 0 0 1
    outer loop
      vertex 23.9912 10.7417 16.4
      vertex 23.7811 9.14544 16.4
      vertex 26 9 16.4
    endloop
  endfacet
  facet normal 0 0 1
    outer loop
      vertex 22.317 11.0747 16.4
      vertex 23.7811 9.14544 16.4
      vertex 23.9912 10.7417 16.4
    endloop
  endfacet
  facet normal 0 0 1
    outer loop
      vertex 21.6001 9.57926 16.4
      vertex 22.317 11.0747 16.4
      vertex 22.0168 11.1344 16.4
    endloop
  endfacet
  facet normal 0 0 1
    outer loop
      vertex 21.6001 9.57926 16.4
      vertex 22.0168 11.1344 16.4
      vertex 21.7269 11.2328 16.4
    endloop
  endfacet
  facet normal 0 0 1
    outer loop
      vertex 22.317 11.0747 16.4
      vertex 21.6001 9.57926 16.4
      vertex 23.7811 9.14544 16.4
    endloop
  endfacet
  facet normal 0 0 1
    outer loop
      vertex 19.4944 10.294 16.4
      vertex 21.7269 11.2328 16.4
      vertex 20.1105 11.7815 16.4
    endloop
  endfacet
  facet normal 0 0 1
    outer loop
      vertex 19.4944 10.294 16.4
      vertex 20.1105 11.7815 16.4
      vertex 19.836 11.9169 16.4
    endloop
  endfacet
  facet normal 0 0 1
    outer loop
      vertex 21.7269 11.2328 16.4
      vertex 19.4944 10.294 16.4
      vertex 21.6001 9.57926 16.4
    endloop
  endfacet
  facet normal 0 0 1
    outer loop
      vertex 17.5 11.2776 16.4
      vertex 19.836 11.9169 16.4
      vertex 18.305 12.6719 16.4
    endloop
  endfacet
  facet normal 0 0 1
    outer loop
      vertex 19.836 11.9169 16.4
      vertex 17.5 11.2776 16.4
      vertex 19.4944 10.294 16.4
    endloop
  endfacet
  facet normal 0 0 1
    outer loop
      vertex 16.8857 13.6202 16.4
      vertex 17.5 11.2776 16.4
      vertex 18.305 12.6719 16.4
    endloop
  endfacet
  facet normal 0 0 1
    outer loop
      vertex 15.6511 12.513 16.4
      vertex 16.8857 13.6202 16.4
      vertex 16.6312 13.7903 16.4
    endloop
  endfacet
  facet normal 0 0 1
    outer loop
      vertex 16.8857 13.6202 16.4
      vertex 15.6511 12.513 16.4
      vertex 17.5 11.2776 16.4
    endloop
  endfacet
  facet normal 0 0 1
    outer loop
      vertex 15.3478 14.9158 16.4
      vertex 15.6511 12.513 16.4
      vertex 16.6312 13.7903 16.4
    endloop
  endfacet
  facet normal 0 0 1
    outer loop
      vertex 13.9792 13.9792 16.4
      vertex 15.3478 14.9158 16.4
      vertex 15.1176 15.1176 16.4
    endloop
  endfacet
  facet normal 0 0 1
    outer loop
      vertex 13.9792 13.9792 16.4
      vertex 15.1176 15.1176 16.4
      vertex 14.9158 15.3478 16.4
    endloop
  endfacet
  facet normal 0 0 1
    outer loop
      vertex 15.3478 14.9158 16.4
      vertex 13.9792 13.9792 16.4
      vertex 15.6511 12.513 16.4
    endloop
  endfacet
  facet normal -0 0 1
    outer loop
      vertex 12.513 15.6511 16.4
      vertex 14.9158 15.3478 16.4
      vertex 13.7903 16.6312 16.4
    endloop
  endfacet
  facet normal 0 0 1
    outer loop
      vertex 12.513 15.6511 16.4
      vertex 13.7903 16.6312 16.4
      vertex 13.6202 16.8857 16.4
    endloop
  endfacet
  facet normal -0 0 1
    outer loop
      vertex 11.2776 17.5 16.4
      vertex 13.6202 16.8857 16.4
      vertex 12.6719 18.305 16.4
    endloop
  endfacet
  facet normal 0 0 1
    outer loop
      vertex 14.9158 15.3478 16.4
      vertex 12.513 15.6511 16.4
      vertex 13.9792 13.9792 16.4
    endloop
  endfacet
  facet normal 0 0 1
    outer loop
      vertex 11.2776 17.5 16.4
      vertex 12.6719 18.305 16.4
      vertex 11.9169 19.836 16.4
    endloop
  endfacet
  facet normal 0 0 1
    outer loop
      vertex 10.294 19.4944 16.4
      vertex 11.9169 19.836 16.4
      vertex 11.7815 20.1105 16.4
    endloop
  endfacet
  facet normal 0 0 1
    outer loop
      vertex 13.6202 16.8857 16.4
      vertex 11.2776 17.5 16.4
      vertex 12.513 15.6511 16.4
    endloop
  endfacet
  facet normal 0 0 1
    outer loop
      vertex 10.294 19.4944 16.4
      vertex 11.7815 20.1105 16.4
      vertex 11.2328 21.7269 16.4
    endloop
  endfacet
  facet normal 0 0 1
    outer loop
      vertex 9.57926 21.6001 16.4
      vertex 11.2328 21.7269 16.4
      vertex 11.1344 22.0168 16.4
    endloop
  endfacet
  facet normal 0 0 1
    outer loop
      vertex 9.57926 21.6001 16.4
      vertex 11.1344 22.0168 16.4
      vertex 11.0747 22.317 16.4
    endloop
  endfacet
  facet normal -0 0 1
    outer loop
      vertex 9.14544 23.7811 16.4
      vertex 11.0747 22.317 16.4
      vertex 10.7417 23.9912 16.4
    endloop
  endfacet
  facet normal 0 0 1
    outer loop
      vertex 11.9169 19.836 16.4
      vertex 10.294 19.4944 16.4
      vertex 11.2776 17.5 16.4
    endloop
  endfacet
  facet normal 0 0 1
    outer loop
      vertex 9.14544 23.7811 16.4
      vertex 10.7417 23.9912 16.4
      vertex 10.61 26 16.4
    endloop
  endfacet
  facet normal 0 0 1
    outer loop
      vertex 11.0747 29.683 16.4
      vertex 9.14544 28.2189 16.4
      vertex 10.7417 28.0088 16.4
    endloop
  endfacet
  facet normal 0 0 1
    outer loop
      vertex 9 26 16.4
      vertex 10.63 26.3054 16.4
      vertex 9.14544 28.2189 16.4
    endloop
  endfacet
  facet normal 0 0 1
    outer loop
      vertex 11.2328 21.7269 16.4
      vertex 9.57926 21.6001 16.4
      vertex 10.294 19.4944 16.4
    endloop
  endfacet
  facet normal 0 0 1
    outer loop
      vertex 10.63 26.3054 16.4
      vertex 9 26 16.4
      vertex 10.61 26 16.4
    endloop
  endfacet
  facet normal 0 0 1
    outer loop
      vertex 11.0747 22.317 16.4
      vertex 9.14544 23.7811 16.4
      vertex 9.57926 21.6001 16.4
    endloop
  endfacet
  facet normal 0 0 1
    outer loop
      vertex 10.61 26 16.4
      vertex 9 26 16.4
      vertex 9.14544 23.7811 16.4
    endloop
  endfacet
  facet normal 0.314315 -0.926005 0.209098
    outer loop
      vertex 32.5056 10.294 16.4
      vertex 30.3999 9.57926 16.4
      vertex 33.6537 7.52241 2.4
    endloop
  endfacet
  facet normal -0.314315 -0.926005 0.209098
    outer loop
      vertex 19.4944 10.294 16.4
      vertex 18.3463 7.52241 2.4
      vertex 21.6001 9.57926 16.4
    endloop
  endfacet
  facet normal -0.432516 -0.877045 0.209099
    outer loop
      vertex 19.4944 10.294 16.4
      vertex 16 8.67949 2.4
      vertex 18.3463 7.52241 2.4
    endloop
  endfacet
  facet normal -0.314334 -0.925997 0.209101
    outer loop
      vertex 21.6001 9.57926 16.4
      vertex 18.3463 7.52241 2.4
      vertex 20.8236 6.68148 2.4
    endloop
  endfacet
  facet normal -0.190774 -0.959105 0.209101
    outer loop
      vertex 21.6001 9.57926 16.4
      vertex 20.8236 6.68148 2.4
      vertex 23.3895 6.1711 2.4
    endloop
  endfacet
  facet normal 0.0639569 0.975801 0.2091
    outer loop
      vertex 26 46 2.4
      vertex 26 43 16.4
      vertex 28.6105 45.8289 2.4
    endloop
  endfacet
  facet normal 0.432522 0.877042 0.209099
    outer loop
      vertex 33.6537 44.4776 2.4
      vertex 32.5056 41.706 16.4
      vertex 36 43.3205 2.4
    endloop
  endfacet
  facet normal 0.314299 0.92601 0.209098
    outer loop
      vertex 33.6537 44.4776 2.4
      vertex 30.3999 42.4207 16.4
      vertex 32.5056 41.706 16.4
    endloop
  endfacet
  facet normal 0.543283 0.813093 0.209103
    outer loop
      vertex 38.1752 41.8671 2.4
      vertex 36 43.3205 2.4
      vertex 36.3489 39.487 16.4
    endloop
  endfacet
  facet normal 0.54329 0.813088 0.209101
    outer loop
      vertex 36 43.3205 2.4
      vertex 34.5 40.7224 16.4
      vertex 36.3489 39.487 16.4
    endloop
  endfacet
  facet normal 0.959103 0.190781 0.209102
    outer loop
      vertex 45.3185 31.1764 2.4
      vertex 42.4207 30.3999 16.4
      vertex 45.8289 28.6105 2.4
    endloop
  endfacet
  facet normal 0.813088 0.54329 0.209101
    outer loop
      vertex 43.3205 36 2.4
      vertex 39.487 36.3489 16.4
      vertex 40.7224 34.5 16.4
    endloop
  endfacet
  facet normal 0.813093 0.543283 0.209103
    outer loop
      vertex 41.8671 38.1752 2.4
      vertex 39.487 36.3489 16.4
      vertex 43.3205 36 2.4
    endloop
  endfacet
  facet normal 0.644786 -0.735206 0.209103
    outer loop
      vertex 40.1421 11.8579 2.4
      vertex 36.3489 12.513 16.4
      vertex 38.1752 10.1329 2.4
    endloop
  endfacet
  facet normal 0.543285 -0.813091 0.209103
    outer loop
      vertex 36.3489 12.513 16.4
      vertex 36 8.67949 2.4
      vertex 38.1752 10.1329 2.4
    endloop
  endfacet
  facet normal 0.735224 -0.644767 0.209098
    outer loop
      vertex 39.487 15.6511 16.4
      vertex 38.0208 13.9792 16.4
      vertex 40.1421 11.8579 2.4
    endloop
  endfacet
  facet normal 0.432536 -0.877034 0.209103
    outer loop
      vertex 34.5 11.2776 16.4
      vertex 32.5056 10.294 16.4
      vertex 36 8.67949 2.4
    endloop
  endfacet
  facet normal 0.813088 -0.54329 0.209101
    outer loop
      vertex 40.7224 17.5 16.4
      vertex 39.487 15.6511 16.4
      vertex 43.3205 16 2.4
    endloop
  endfacet
  facet normal 0.877034 -0.432536 0.209102
    outer loop
      vertex 41.706 19.4944 16.4
      vertex 40.7224 17.5 16.4
      vertex 43.3205 16 2.4
    endloop
  endfacet
  facet normal 0.959099 -0.190808 0.209098
    outer loop
      vertex 42.8546 23.7811 16.4
      vertex 42.4207 21.6001 16.4
      vertex 45.8289 23.3895 2.4
    endloop
  endfacet
  facet normal -0.813088 0.54329 0.209102
    outer loop
      vertex 12.513 36.3489 16.4
      vertex 8.67949 36 2.4
      vertex 11.2776 34.5 16.4
    endloop
  endfacet
  facet normal -0.877034 0.432536 0.209103
    outer loop
      vertex 11.2776 34.5 16.4
      vertex 8.67949 36 2.4
      vertex 10.294 32.5056 16.4
    endloop
  endfacet
  facet normal -0.314299 0.92601 0.209098
    outer loop
      vertex 21.6001 42.4207 16.4
      vertex 18.3463 44.4776 2.4
      vertex 19.4944 41.706 16.4
    endloop
  endfacet
  facet normal -0.735224 -0.644767 0.209098
    outer loop
      vertex 12.513 15.6511 16.4
      vertex 11.8579 11.8579 2.4
      vertex 13.9792 13.9792 16.4
    endloop
  endfacet
  facet normal -0.959105 -0.190774 0.209101
    outer loop
      vertex 9.14544 23.7811 16.4
      vertex 6.1711 23.3895 2.4
      vertex 9.57926 21.6001 16.4
    endloop
  endfacet
  facet normal -0.9758 0.0639598 0.209101
    outer loop
      vertex 9.14544 28.2189 16.4
      vertex 6.1711 28.6105 2.4
      vertex 9 26 16.4
    endloop
  endfacet
  facet normal -0.975801 0.0639569 0.2091
    outer loop
      vertex 6.1711 28.6105 2.4
      vertex 6 26 2.4
      vertex 9 26 16.4
    endloop
  endfacet
  facet normal 0.190774 -0.959105 0.209101
    outer loop
      vertex 30.3999 9.57926 16.4
      vertex 28.2189 9.14544 16.4
      vertex 28.6105 6.1711 2.4
    endloop
  endfacet
  facet normal 0.190774 -0.959105 0.209101
    outer loop
      vertex 30.3999 9.57926 16.4
      vertex 28.6105 6.1711 2.4
      vertex 31.1764 6.68148 2.4
    endloop
  endfacet
  facet normal 0.0639598 -0.9758 0.209101
    outer loop
      vertex 28.2189 9.14544 16.4
      vertex 26 9 16.4
      vertex 28.6105 6.1711 2.4
    endloop
  endfacet
  facet normal -0.432536 -0.877034 0.209103
    outer loop
      vertex 17.5 11.2776 16.4
      vertex 16 8.67949 2.4
      vertex 19.4944 10.294 16.4
    endloop
  endfacet
  facet normal 0.190808 0.959099 0.209098
    outer loop
      vertex 28.6105 45.8289 2.4
      vertex 28.2189 42.8546 16.4
      vertex 30.3999 42.4207 16.4
    endloop
  endfacet
  facet normal 0.0639423 0.975802 0.209098
    outer loop
      vertex 28.6105 45.8289 2.4
      vertex 26 43 16.4
      vertex 28.2189 42.8546 16.4
    endloop
  endfacet
  facet normal 0.975802 0.0639423 0.209098
    outer loop
      vertex 45.8289 28.6105 2.4
      vertex 42.8546 28.2189 16.4
      vertex 43 26 16.4
    endloop
  endfacet
  facet normal 0.959099 0.190808 0.209098
    outer loop
      vertex 45.8289 28.6105 2.4
      vertex 42.4207 30.3999 16.4
      vertex 42.8546 28.2189 16.4
    endloop
  endfacet
  facet normal 0.975802 -0.0639423 0.209098
    outer loop
      vertex 43 26 16.4
      vertex 42.8546 23.7811 16.4
      vertex 45.8289 23.3895 2.4
    endloop
  endfacet
  facet normal -0.190808 0.959099 0.209098
    outer loop
      vertex 23.3895 45.8289 2.4
      vertex 21.6001 42.4207 16.4
      vertex 23.7811 42.8546 16.4
    endloop
  endfacet
  facet normal -0.813088 -0.54329 0.209102
    outer loop
      vertex 11.2776 17.5 16.4
      vertex 8.67949 16 2.4
      vertex 12.513 15.6511 16.4
    endloop
  endfacet
  facet normal -0.959105 -0.190774 0.209101
    outer loop
      vertex 9.57926 21.6001 16.4
      vertex 6.1711 23.3895 2.4
      vertex 6.68148 20.8236 2.4
    endloop
  endfacet
  facet normal -0.925997 -0.314334 0.209101
    outer loop
      vertex 9.57926 21.6001 16.4
      vertex 6.68148 20.8236 2.4
      vertex 7.52241 18.3463 2.4
    endloop
  endfacet
  facet normal 0.0639569 -0.975801 0.2091
    outer loop
      vertex 26 9 16.4
      vertex 26 6 2.4
      vertex 28.6105 6.1711 2.4
    endloop
  endfacet
  facet normal -0.0639569 -0.975801 0.2091
    outer loop
      vertex 26 9 16.4
      vertex 23.3895 6.1711 2.4
      vertex 26 6 2.4
    endloop
  endfacet
  facet normal -0.54329 -0.813088 0.209102
    outer loop
      vertex 17.5 11.2776 16.4
      vertex 15.6511 12.513 16.4
      vertex 16 8.67949 2.4
    endloop
  endfacet
  facet normal -0.813091 -0.543285 0.209103
    outer loop
      vertex 12.513 15.6511 16.4
      vertex 8.67949 16 2.4
      vertex 10.1329 13.8248 2.4
    endloop
  endfacet
  facet normal -0.735206 -0.644786 0.209103
    outer loop
      vertex 12.513 15.6511 16.4
      vertex 10.1329 13.8248 2.4
      vertex 11.8579 11.8579 2.4
    endloop
  endfacet
  facet normal -0.831566 -0.555426 0
    outer loop
      vertex 11.4722 10.85 0
      vertex 11.3487 11.0349 2.4
      vertex 11.3487 11.0349 0
    endloop
  endfacet
  facet normal -0.831566 -0.555426 0
    outer loop
      vertex 11.3487 11.0349 2.4
      vertex 11.4722 10.85 0
      vertex 11.4722 10.85 2.4
    endloop
  endfacet
  facet normal -0.321484 -0.946915 0
    outer loop
      vertex 10.44 11.6421 0
      vertex 10.6506 11.5706 2.4
      vertex 10.44 11.6421 2.4
    endloop
  endfacet
  facet normal -0.321484 -0.946915 -0
    outer loop
      vertex 10.6506 11.5706 2.4
      vertex 10.44 11.6421 0
      vertex 10.6506 11.5706 0
    endloop
  endfacet
  facet normal 0.442459 -0.896789 0
    outer loop
      vertex 9.15 11.4722 0
      vertex 9.34944 11.5706 2.4
      vertex 9.15 11.4722 2.4
    endloop
  endfacet
  facet normal 0.442459 -0.896789 0
    outer loop
      vertex 9.34944 11.5706 2.4
      vertex 9.15 11.4722 0
      vertex 9.34944 11.5706 0
    endloop
  endfacet
  facet normal 0.946956 -0.321363 0
    outer loop
      vertex 8.35793 10.44 2.4
      vertex 8.4294 10.6506 0
      vertex 8.4294 10.6506 2.4
    endloop
  endfacet
  facet normal 0.946956 -0.321363 0
    outer loop
      vertex 8.4294 10.6506 0
      vertex 8.35793 10.44 2.4
      vertex 8.35793 10.44 0
    endloop
  endfacet
  facet normal -0.980769 0.195173 0
    outer loop
      vertex 11.6421 9.56001 0
      vertex 11.6855 9.7781 2.4
      vertex 11.6855 9.7781 0
    endloop
  endfacet
  facet normal -0.980769 0.195173 0
    outer loop
      vertex 11.6855 9.7781 2.4
      vertex 11.6421 9.56001 0
      vertex 11.6421 9.56001 2.4
    endloop
  endfacet
  facet normal 0.0652057 -0.997872 0
    outer loop
      vertex 9.7781 11.6855 0
      vertex 10 11.7 2.4
      vertex 9.7781 11.6855 2.4
    endloop
  endfacet
  facet normal 0.0652057 -0.997872 0
    outer loop
      vertex 10 11.7 2.4
      vertex 9.7781 11.6855 0
      vertex 10 11.7 0
    endloop
  endfacet
  facet normal -0.44253 -0.896754 0
    outer loop
      vertex 10.6506 11.5706 0
      vertex 10.85 11.4722 2.4
      vertex 10.6506 11.5706 2.4
    endloop
  endfacet
  facet normal -0.44253 -0.896754 -0
    outer loop
      vertex 10.85 11.4722 2.4
      vertex 10.6506 11.5706 0
      vertex 10.85 11.4722 0
    endloop
  endfacet
  facet normal 0.99786 0.0653848 0
    outer loop
      vertex 8.31454 9.7781 2.4
      vertex 8.3 10 0
      vertex 8.3 10 2.4
    endloop
  endfacet
  facet normal 0.99786 0.0653848 0
    outer loop
      vertex 8.3 10 0
      vertex 8.31454 9.7781 2.4
      vertex 8.31454 9.7781 0
    endloop
  endfacet
  facet normal 0.831483 -0.555551 0
    outer loop
      vertex 8.52776 10.85 2.4
      vertex 8.6513 11.0349 0
      vertex 8.6513 11.0349 2.4
    endloop
  endfacet
  facet normal 0.831483 -0.555551 0
    outer loop
      vertex 8.6513 11.0349 0
      vertex 8.52776 10.85 2.4
      vertex 8.52776 10.85 0
    endloop
  endfacet
  facet normal 0.555447 -0.831552 0
    outer loop
      vertex 8.96511 11.3487 0
      vertex 9.15 11.4722 2.4
      vertex 8.96511 11.3487 2.4
    endloop
  endfacet
  facet normal 0.555447 -0.831552 0
    outer loop
      vertex 9.15 11.4722 2.4
      vertex 8.96511 11.3487 0
      vertex 9.15 11.4722 0
    endloop
  endfacet
  facet normal 0.195173 -0.980769 0
    outer loop
      vertex 9.56001 11.6421 0
      vertex 9.7781 11.6855 2.4
      vertex 9.56001 11.6421 2.4
    endloop
  endfacet
  facet normal 0.195173 -0.980769 0
    outer loop
      vertex 9.7781 11.6855 2.4
      vertex 9.56001 11.6421 0
      vertex 9.7781 11.6855 0
    endloop
  endfacet
  facet normal -0.997872 -0.0652057 0
    outer loop
      vertex 11.7 10 0
      vertex 11.6855 10.2219 2.4
      vertex 11.6855 10.2219 0
    endloop
  endfacet
  facet normal -0.997872 -0.0652057 0
    outer loop
      vertex 11.6855 10.2219 2.4
      vertex 11.7 10 0
      vertex 11.7 10 2.4
    endloop
  endfacet
  facet normal -0.946901 0.321525 0
    outer loop
      vertex 11.5706 9.34944 0
      vertex 11.6421 9.56001 2.4
      vertex 11.6421 9.56001 0
    endloop
  endfacet
  facet normal -0.946901 0.321525 0
    outer loop
      vertex 11.6421 9.56001 2.4
      vertex 11.5706 9.34944 0
      vertex 11.5706 9.34944 2.4
    endloop
  endfacet
  facet normal 0.555572 0.831469 -0
    outer loop
      vertex 9.15 8.52776 0
      vertex 8.96511 8.6513 2.4
      vertex 9.15 8.52776 2.4
    endloop
  endfacet
  facet normal 0.555572 0.831469 0
    outer loop
      vertex 8.96511 8.6513 2.4
      vertex 9.15 8.52776 0
      vertex 8.96511 8.6513 0
    endloop
  endfacet
  facet normal 0.831469 0.555572 0
    outer loop
      vertex 8.6513 8.96511 2.4
      vertex 8.52776 9.15 0
      vertex 8.52776 9.15 2.4
    endloop
  endfacet
  facet normal 0.831469 0.555572 0
    outer loop
      vertex 8.52776 9.15 0
      vertex 8.6513 8.96511 2.4
      vertex 8.6513 8.96511 0
    endloop
  endfacet
  facet normal -0.555551 0.831483 0
    outer loop
      vertex 11.0349 8.6513 0
      vertex 10.85 8.52776 2.4
      vertex 11.0349 8.6513 2.4
    endloop
  endfacet
  facet normal -0.555551 0.831483 0
    outer loop
      vertex 10.85 8.52776 2.4
      vertex 11.0349 8.6513 0
      vertex 10.85 8.52776 0
    endloop
  endfacet
  facet normal -0.659268 -0.751908 0
    outer loop
      vertex 11.0349 11.3487 0
      vertex 11.2021 11.2021 2.4
      vertex 11.0349 11.3487 2.4
    endloop
  endfacet
  facet normal -0.659268 -0.751908 -0
    outer loop
      vertex 11.2021 11.2021 2.4
      vertex 11.0349 11.3487 0
      vertex 11.2021 11.2021 0
    endloop
  endfacet
  facet normal -0.751908 -0.659268 0
    outer loop
      vertex 11.3487 11.0349 0
      vertex 11.2021 11.2021 2.4
      vertex 11.2021 11.2021 0
    endloop
  endfacet
  facet normal -0.751908 -0.659268 0
    outer loop
      vertex 11.2021 11.2021 2.4
      vertex 11.3487 11.0349 0
      vertex 11.3487 11.0349 2.4
    endloop
  endfacet
  facet normal -0.195165 -0.98077 0
    outer loop
      vertex 10.2219 11.6855 0
      vertex 10.44 11.6421 2.4
      vertex 10.2219 11.6855 2.4
    endloop
  endfacet
  facet normal -0.195165 -0.98077 -0
    outer loop
      vertex 10.44 11.6421 2.4
      vertex 10.2219 11.6855 0
      vertex 10.44 11.6421 0
    endloop
  endfacet
  facet normal -0.0652057 -0.997872 0
    outer loop
      vertex 10 11.7 0
      vertex 10.2219 11.6855 2.4
      vertex 10 11.7 2.4
    endloop
  endfacet
  facet normal -0.0652057 -0.997872 -0
    outer loop
      vertex 10.2219 11.6855 2.4
      vertex 10 11.7 0
      vertex 10.2219 11.6855 0
    endloop
  endfacet
  facet normal -0.555426 -0.831566 0
    outer loop
      vertex 10.85 11.4722 0
      vertex 11.0349 11.3487 2.4
      vertex 10.85 11.4722 2.4
    endloop
  endfacet
  facet normal -0.555426 -0.831566 -0
    outer loop
      vertex 11.0349 11.3487 2.4
      vertex 10.85 11.4722 0
      vertex 11.0349 11.3487 0
    endloop
  endfacet
  facet normal 0.980779 -0.195122 0
    outer loop
      vertex 8.31454 10.2219 2.4
      vertex 8.35793 10.44 0
      vertex 8.35793 10.44 2.4
    endloop
  endfacet
  facet normal 0.980779 -0.195122 0
    outer loop
      vertex 8.35793 10.44 0
      vertex 8.31454 10.2219 2.4
      vertex 8.31454 10.2219 0
    endloop
  endfacet
  facet normal 0.99786 -0.0653848 0
    outer loop
      vertex 8.3 10 2.4
      vertex 8.31454 10.2219 0
      vertex 8.31454 10.2219 2.4
    endloop
  endfacet
  facet normal 0.99786 -0.0653848 0
    outer loop
      vertex 8.31454 10.2219 0
      vertex 8.3 10 2.4
      vertex 8.3 10 0
    endloop
  endfacet
  facet normal 0.896825 -0.442386 0
    outer loop
      vertex 8.4294 10.6506 2.4
      vertex 8.52776 10.85 0
      vertex 8.52776 10.85 2.4
    endloop
  endfacet
  facet normal 0.896825 -0.442386 0
    outer loop
      vertex 8.52776 10.85 0
      vertex 8.4294 10.6506 2.4
      vertex 8.4294 10.6506 0
    endloop
  endfacet
  facet normal 0.321525 -0.946901 0
    outer loop
      vertex 9.34944 11.5706 0
      vertex 9.56001 11.6421 2.4
      vertex 9.34944 11.5706 2.4
    endloop
  endfacet
  facet normal 0.321525 -0.946901 0
    outer loop
      vertex 9.56001 11.6421 2.4
      vertex 9.34944 11.5706 0
      vertex 9.56001 11.6421 0
    endloop
  endfacet
  facet normal 0.659291 -0.751888 0
    outer loop
      vertex 8.79792 11.2021 0
      vertex 8.96511 11.3487 2.4
      vertex 8.79792 11.2021 2.4
    endloop
  endfacet
  facet normal 0.659291 -0.751888 0
    outer loop
      vertex 8.96511 11.3487 2.4
      vertex 8.79792 11.2021 0
      vertex 8.96511 11.3487 0
    endloop
  endfacet
  facet normal 0.751863 -0.659319 0
    outer loop
      vertex 8.6513 11.0349 2.4
      vertex 8.79792 11.2021 0
      vertex 8.79792 11.2021 2.4
    endloop
  endfacet
  facet normal 0.751863 -0.659319 0
    outer loop
      vertex 8.79792 11.2021 0
      vertex 8.6513 11.0349 2.4
      vertex 8.6513 11.0349 0
    endloop
  endfacet
  facet normal -0.997872 0.0652057 0
    outer loop
      vertex 11.6855 9.7781 0
      vertex 11.7 10 2.4
      vertex 11.7 10 0
    endloop
  endfacet
  facet normal -0.997872 0.0652057 0
    outer loop
      vertex 11.7 10 2.4
      vertex 11.6855 9.7781 0
      vertex 11.6855 9.7781 2.4
    endloop
  endfacet
  facet normal -0.831552 0.555447 0
    outer loop
      vertex 11.3487 8.96511 0
      vertex 11.4722 9.15 2.4
      vertex 11.4722 9.15 0
    endloop
  endfacet
  facet normal -0.831552 0.555447 0
    outer loop
      vertex 11.4722 9.15 2.4
      vertex 11.3487 8.96511 0
      vertex 11.3487 8.96511 2.4
    endloop
  endfacet
  facet normal -0.0653848 0.99786 0
    outer loop
      vertex 10.2219 8.31454 0
      vertex 10 8.3 2.4
      vertex 10.2219 8.31454 2.4
    endloop
  endfacet
  facet normal -0.0653848 0.99786 0
    outer loop
      vertex 10 8.3 2.4
      vertex 10.2219 8.31454 0
      vertex 10 8.3 0
    endloop
  endfacet
  facet normal 0.980777 0.19513 0
    outer loop
      vertex 8.35793 9.56001 2.4
      vertex 8.31454 9.7781 0
      vertex 8.31454 9.7781 2.4
    endloop
  endfacet
  facet normal 0.980777 0.19513 0
    outer loop
      vertex 8.31454 9.7781 0
      vertex 8.35793 9.56001 2.4
      vertex 8.35793 9.56001 0
    endloop
  endfacet
  facet normal 0.751844 0.659342 0
    outer loop
      vertex 8.79792 8.79792 2.4
      vertex 8.6513 8.96511 0
      vertex 8.6513 8.96511 2.4
    endloop
  endfacet
  facet normal 0.751844 0.659342 0
    outer loop
      vertex 8.6513 8.96511 0
      vertex 8.79792 8.79792 2.4
      vertex 8.79792 8.79792 0
    endloop
  endfacet
  facet normal -0.195122 0.980779 0
    outer loop
      vertex 10.44 8.35793 0
      vertex 10.2219 8.31454 2.4
      vertex 10.44 8.35793 2.4
    endloop
  endfacet
  facet normal -0.195122 0.980779 0
    outer loop
      vertex 10.2219 8.31454 2.4
      vertex 10.44 8.35793 0
      vertex 10.2219 8.31454 0
    endloop
  endfacet
  facet normal -0.751888 0.659291 0
    outer loop
      vertex 11.2021 8.79792 0
      vertex 11.3487 8.96511 2.4
      vertex 11.3487 8.96511 0
    endloop
  endfacet
  facet normal -0.751888 0.659291 0
    outer loop
      vertex 11.3487 8.96511 2.4
      vertex 11.2021 8.79792 0
      vertex 11.2021 8.79792 2.4
    endloop
  endfacet
  facet normal -0.896754 -0.44253 0
    outer loop
      vertex 11.5706 10.6506 0
      vertex 11.4722 10.85 2.4
      vertex 11.4722 10.85 0
    endloop
  endfacet
  facet normal -0.896754 -0.44253 0
    outer loop
      vertex 11.4722 10.85 2.4
      vertex 11.5706 10.6506 0
      vertex 11.5706 10.6506 2.4
    endloop
  endfacet
  facet normal -0.946915 -0.321484 0
    outer loop
      vertex 11.6421 10.44 0
      vertex 11.5706 10.6506 2.4
      vertex 11.5706 10.6506 0
    endloop
  endfacet
  facet normal -0.946915 -0.321484 0
    outer loop
      vertex 11.5706 10.6506 2.4
      vertex 11.6421 10.44 0
      vertex 11.6421 10.44 2.4
    endloop
  endfacet
  facet normal -0.98077 -0.195165 0
    outer loop
      vertex 11.6855 10.2219 0
      vertex 11.6421 10.44 2.4
      vertex 11.6421 10.44 0
    endloop
  endfacet
  facet normal -0.98077 -0.195165 0
    outer loop
      vertex 11.6421 10.44 2.4
      vertex 11.6855 10.2219 0
      vertex 11.6855 10.2219 2.4
    endloop
  endfacet
  facet normal 0.19513 0.980777 -0
    outer loop
      vertex 9.7781 8.31454 0
      vertex 9.56001 8.35793 2.4
      vertex 9.7781 8.31454 2.4
    endloop
  endfacet
  facet normal 0.19513 0.980777 0
    outer loop
      vertex 9.56001 8.35793 2.4
      vertex 9.7781 8.31454 0
      vertex 9.56001 8.35793 0
    endloop
  endfacet
  facet normal 0.89686 0.442314 0
    outer loop
      vertex 8.52776 9.15 2.4
      vertex 8.4294 9.34944 0
      vertex 8.4294 9.34944 2.4
    endloop
  endfacet
  facet normal 0.89686 0.442314 0
    outer loop
      vertex 8.4294 9.34944 0
      vertex 8.52776 9.15 2.4
      vertex 8.52776 9.15 0
    endloop
  endfacet
  facet normal 0.946942 0.321404 0
    outer loop
      vertex 8.4294 9.34944 2.4
      vertex 8.35793 9.56001 0
      vertex 8.35793 9.56001 2.4
    endloop
  endfacet
  facet normal 0.946942 0.321404 0
    outer loop
      vertex 8.35793 9.56001 0
      vertex 8.4294 9.34944 2.4
      vertex 8.4294 9.34944 0
    endloop
  endfacet
  facet normal 0.659342 0.751844 -0
    outer loop
      vertex 8.96511 8.6513 0
      vertex 8.79792 8.79792 2.4
      vertex 8.96511 8.6513 2.4
    endloop
  endfacet
  facet normal 0.659342 0.751844 0
    outer loop
      vertex 8.79792 8.79792 2.4
      vertex 8.96511 8.6513 0
      vertex 8.79792 8.79792 0
    endloop
  endfacet
  facet normal -0.442386 0.896825 0
    outer loop
      vertex 10.85 8.52776 0
      vertex 10.6506 8.4294 2.4
      vertex 10.85 8.52776 2.4
    endloop
  endfacet
  facet normal -0.442386 0.896825 0
    outer loop
      vertex 10.6506 8.4294 2.4
      vertex 10.85 8.52776 0
      vertex 10.6506 8.4294 0
    endloop
  endfacet
  facet normal -0.321363 0.946956 0
    outer loop
      vertex 10.6506 8.4294 0
      vertex 10.44 8.35793 2.4
      vertex 10.6506 8.4294 2.4
    endloop
  endfacet
  facet normal -0.321363 0.946956 0
    outer loop
      vertex 10.44 8.35793 2.4
      vertex 10.6506 8.4294 0
      vertex 10.44 8.35793 0
    endloop
  endfacet
  facet normal -0.659319 0.751863 0
    outer loop
      vertex 11.2021 8.79792 0
      vertex 11.0349 8.6513 2.4
      vertex 11.2021 8.79792 2.4
    endloop
  endfacet
  facet normal -0.659319 0.751863 0
    outer loop
      vertex 11.0349 8.6513 2.4
      vertex 11.2021 8.79792 0
      vertex 11.0349 8.6513 0
    endloop
  endfacet
  facet normal -0.896789 0.442459 0
    outer loop
      vertex 11.4722 9.15 0
      vertex 11.5706 9.34944 2.4
      vertex 11.5706 9.34944 0
    endloop
  endfacet
  facet normal -0.896789 0.442459 0
    outer loop
      vertex 11.5706 9.34944 2.4
      vertex 11.4722 9.15 0
      vertex 11.4722 9.15 2.4
    endloop
  endfacet
  facet normal 0.321404 0.946942 -0
    outer loop
      vertex 9.56001 8.35793 0
      vertex 9.34944 8.4294 2.4
      vertex 9.56001 8.35793 2.4
    endloop
  endfacet
  facet normal 0.321404 0.946942 0
    outer loop
      vertex 9.34944 8.4294 2.4
      vertex 9.56001 8.35793 0
      vertex 9.34944 8.4294 0
    endloop
  endfacet
  facet normal 0.0653848 0.99786 -0
    outer loop
      vertex 10 8.3 0
      vertex 9.7781 8.31454 2.4
      vertex 10 8.3 2.4
    endloop
  endfacet
  facet normal 0.0653848 0.99786 0
    outer loop
      vertex 9.7781 8.31454 2.4
      vertex 10 8.3 0
      vertex 9.7781 8.31454 0
    endloop
  endfacet
  facet normal 0.442314 0.89686 -0
    outer loop
      vertex 9.34944 8.4294 0
      vertex 9.15 8.52776 2.4
      vertex 9.34944 8.4294 2.4
    endloop
  endfacet
  facet normal 0.442314 0.89686 0
    outer loop
      vertex 9.15 8.52776 2.4
      vertex 9.34944 8.4294 0
      vertex 9.15 8.52776 0
    endloop
  endfacet
  facet normal -0.997872 -0.0652057 0
    outer loop
      vertex 43.7 10 0
      vertex 43.6855 10.2219 2.4
      vertex 43.6855 10.2219 0
    endloop
  endfacet
  facet normal -0.997872 -0.0652057 0
    outer loop
      vertex 43.6855 10.2219 2.4
      vertex 43.7 10 0
      vertex 43.7 10 2.4
    endloop
  endfacet
  facet normal 0.0652057 -0.997872 0
    outer loop
      vertex 41.7781 11.6855 0
      vertex 42 11.7 2.4
      vertex 41.7781 11.6855 2.4
    endloop
  endfacet
  facet normal 0.0652057 -0.997872 0
    outer loop
      vertex 42 11.7 2.4
      vertex 41.7781 11.6855 0
      vertex 42 11.7 0
    endloop
  endfacet
  facet normal -0.0653848 0.99786 0
    outer loop
      vertex 42.2219 8.31454 0
      vertex 42 8.3 2.4
      vertex 42.2219 8.31454 2.4
    endloop
  endfacet
  facet normal -0.0653848 0.99786 0
    outer loop
      vertex 42 8.3 2.4
      vertex 42.2219 8.31454 0
      vertex 42 8.3 0
    endloop
  endfacet
  facet normal -0.751888 0.659291 0
    outer loop
      vertex 43.2021 8.79792 0
      vertex 43.3487 8.96511 2.4
      vertex 43.3487 8.96511 0
    endloop
  endfacet
  facet normal -0.751888 0.659291 0
    outer loop
      vertex 43.3487 8.96511 2.4
      vertex 43.2021 8.79792 0
      vertex 43.2021 8.79792 2.4
    endloop
  endfacet
  facet normal -0.659268 -0.751908 0
    outer loop
      vertex 43.0349 11.3487 0
      vertex 43.2021 11.2021 2.4
      vertex 43.0349 11.3487 2.4
    endloop
  endfacet
  facet normal -0.659268 -0.751908 -0
    outer loop
      vertex 43.2021 11.2021 2.4
      vertex 43.0349 11.3487 0
      vertex 43.2021 11.2021 0
    endloop
  endfacet
  facet normal 0.751908 -0.659268 0
    outer loop
      vertex 40.6513 11.0349 2.4
      vertex 40.7979 11.2021 0
      vertex 40.7979 11.2021 2.4
    endloop
  endfacet
  facet normal 0.751908 -0.659268 0
    outer loop
      vertex 40.7979 11.2021 0
      vertex 40.6513 11.0349 2.4
      vertex 40.6513 11.0349 0
    endloop
  endfacet
  facet normal 0.44253 -0.896754 0
    outer loop
      vertex 41.15 11.4722 0
      vertex 41.3494 11.5706 2.4
      vertex 41.15 11.4722 2.4
    endloop
  endfacet
  facet normal 0.44253 -0.896754 0
    outer loop
      vertex 41.3494 11.5706 2.4
      vertex 41.15 11.4722 0
      vertex 41.3494 11.5706 0
    endloop
  endfacet
  facet normal -0.896754 -0.44253 0
    outer loop
      vertex 43.5706 10.6506 0
      vertex 43.4722 10.85 2.4
      vertex 43.4722 10.85 0
    endloop
  endfacet
  facet normal -0.896754 -0.44253 0
    outer loop
      vertex 43.4722 10.85 2.4
      vertex 43.5706 10.6506 0
      vertex 43.5706 10.6506 2.4
    endloop
  endfacet
  facet normal -0.98077 -0.195165 0
    outer loop
      vertex 43.6855 10.2219 0
      vertex 43.6421 10.44 2.4
      vertex 43.6421 10.44 0
    endloop
  endfacet
  facet normal -0.98077 -0.195165 0
    outer loop
      vertex 43.6421 10.44 2.4
      vertex 43.6855 10.2219 0
      vertex 43.6855 10.2219 2.4
    endloop
  endfacet
  facet normal -0.831566 -0.555426 0
    outer loop
      vertex 43.4722 10.85 0
      vertex 43.3487 11.0349 2.4
      vertex 43.3487 11.0349 0
    endloop
  endfacet
  facet normal -0.831566 -0.555426 0
    outer loop
      vertex 43.3487 11.0349 2.4
      vertex 43.4722 10.85 0
      vertex 43.4722 10.85 2.4
    endloop
  endfacet
  facet normal -0.321484 -0.946915 0
    outer loop
      vertex 42.44 11.6421 0
      vertex 42.6506 11.5706 2.4
      vertex 42.44 11.6421 2.4
    endloop
  endfacet
  facet normal -0.321484 -0.946915 -0
    outer loop
      vertex 42.6506 11.5706 2.4
      vertex 42.44 11.6421 0
      vertex 42.6506 11.5706 0
    endloop
  endfacet
  facet normal -0.44253 -0.896754 0
    outer loop
      vertex 42.6506 11.5706 0
      vertex 42.85 11.4722 2.4
      vertex 42.6506 11.5706 2.4
    endloop
  endfacet
  facet normal -0.44253 -0.896754 -0
    outer loop
      vertex 42.85 11.4722 2.4
      vertex 42.6506 11.5706 0
      vertex 42.85 11.4722 0
    endloop
  endfacet
  facet normal 0.946915 -0.321484 0
    outer loop
      vertex 40.3579 10.44 2.4
      vertex 40.4294 10.6506 0
      vertex 40.4294 10.6506 2.4
    endloop
  endfacet
  facet normal 0.946915 -0.321484 0
    outer loop
      vertex 40.4294 10.6506 0
      vertex 40.3579 10.44 2.4
      vertex 40.3579 10.44 0
    endloop
  endfacet
  facet normal 0.896754 -0.44253 0
    outer loop
      vertex 40.4294 10.6506 2.4
      vertex 40.5278 10.85 0
      vertex 40.5278 10.85 2.4
    endloop
  endfacet
  facet normal 0.896754 -0.44253 0
    outer loop
      vertex 40.5278 10.85 0
      vertex 40.4294 10.6506 2.4
      vertex 40.4294 10.6506 0
    endloop
  endfacet
  facet normal 0.555426 -0.831566 0
    outer loop
      vertex 40.9651 11.3487 0
      vertex 41.15 11.4722 2.4
      vertex 40.9651 11.3487 2.4
    endloop
  endfacet
  facet normal 0.555426 -0.831566 0
    outer loop
      vertex 41.15 11.4722 2.4
      vertex 40.9651 11.3487 0
      vertex 41.15 11.4722 0
    endloop
  endfacet
  facet normal 0.195165 -0.98077 0
    outer loop
      vertex 41.56 11.6421 0
      vertex 41.7781 11.6855 2.4
      vertex 41.56 11.6421 2.4
    endloop
  endfacet
  facet normal 0.195165 -0.98077 0
    outer loop
      vertex 41.7781 11.6855 2.4
      vertex 41.56 11.6421 0
      vertex 41.7781 11.6855 0
    endloop
  endfacet
  facet normal -0.946915 -0.321484 0
    outer loop
      vertex 43.6421 10.44 0
      vertex 43.5706 10.6506 2.4
      vertex 43.5706 10.6506 0
    endloop
  endfacet
  facet normal -0.946915 -0.321484 0
    outer loop
      vertex 43.5706 10.6506 2.4
      vertex 43.6421 10.44 0
      vertex 43.6421 10.44 2.4
    endloop
  endfacet
  facet normal -0.751908 -0.659268 0
    outer loop
      vertex 43.3487 11.0349 0
      vertex 43.2021 11.2021 2.4
      vertex 43.2021 11.2021 0
    endloop
  endfacet
  facet normal -0.751908 -0.659268 0
    outer loop
      vertex 43.2021 11.2021 2.4
      vertex 43.3487 11.0349 0
      vertex 43.3487 11.0349 2.4
    endloop
  endfacet
  facet normal -0.195165 -0.98077 0
    outer loop
      vertex 42.2219 11.6855 0
      vertex 42.44 11.6421 2.4
      vertex 42.2219 11.6855 2.4
    endloop
  endfacet
  facet normal -0.195165 -0.98077 -0
    outer loop
      vertex 42.44 11.6421 2.4
      vertex 42.2219 11.6855 0
      vertex 42.44 11.6421 0
    endloop
  endfacet
  facet normal -0.0652057 -0.997872 0
    outer loop
      vertex 42 11.7 0
      vertex 42.2219 11.6855 2.4
      vertex 42 11.7 2.4
    endloop
  endfacet
  facet normal -0.0652057 -0.997872 -0
    outer loop
      vertex 42.2219 11.6855 2.4
      vertex 42 11.7 0
      vertex 42.2219 11.6855 0
    endloop
  endfacet
  facet normal -0.555426 -0.831566 0
    outer loop
      vertex 42.85 11.4722 0
      vertex 43.0349 11.3487 2.4
      vertex 42.85 11.4722 2.4
    endloop
  endfacet
  facet normal -0.555426 -0.831566 -0
    outer loop
      vertex 43.0349 11.3487 2.4
      vertex 42.85 11.4722 0
      vertex 43.0349 11.3487 0
    endloop
  endfacet
  facet normal 0.831566 -0.555426 0
    outer loop
      vertex 40.5278 10.85 2.4
      vertex 40.6513 11.0349 0
      vertex 40.6513 11.0349 2.4
    endloop
  endfacet
  facet normal 0.831566 -0.555426 0
    outer loop
      vertex 40.6513 11.0349 0
      vertex 40.5278 10.85 2.4
      vertex 40.5278 10.85 0
    endloop
  endfacet
  facet normal 0.98077 -0.195165 0
    outer loop
      vertex 40.3145 10.2219 2.4
      vertex 40.3579 10.44 0
      vertex 40.3579 10.44 2.4
    endloop
  endfacet
  facet normal 0.98077 -0.195165 0
    outer loop
      vertex 40.3579 10.44 0
      vertex 40.3145 10.2219 2.4
      vertex 40.3145 10.2219 0
    endloop
  endfacet
  facet normal 0.997872 -0.0652057 0
    outer loop
      vertex 40.3 10 2.4
      vertex 40.3145 10.2219 0
      vertex 40.3145 10.2219 2.4
    endloop
  endfacet
  facet normal 0.997872 -0.0652057 0
    outer loop
      vertex 40.3145 10.2219 0
      vertex 40.3 10 2.4
      vertex 40.3 10 0
    endloop
  endfacet
  facet normal 0.997872 0.0652057 0
    outer loop
      vertex 40.3145 9.7781 2.4
      vertex 40.3 10 0
      vertex 40.3 10 2.4
    endloop
  endfacet
  facet normal 0.997872 0.0652057 0
    outer loop
      vertex 40.3 10 0
      vertex 40.3145 9.7781 2.4
      vertex 40.3145 9.7781 0
    endloop
  endfacet
  facet normal 0.659268 -0.751908 0
    outer loop
      vertex 40.7979 11.2021 0
      vertex 40.9651 11.3487 2.4
      vertex 40.7979 11.2021 2.4
    endloop
  endfacet
  facet normal 0.659268 -0.751908 0
    outer loop
      vertex 40.9651 11.3487 2.4
      vertex 40.7979 11.2021 0
      vertex 40.9651 11.3487 0
    endloop
  endfacet
  facet normal 0.321484 -0.946915 0
    outer loop
      vertex 41.3494 11.5706 0
      vertex 41.56 11.6421 2.4
      vertex 41.3494 11.5706 2.4
    endloop
  endfacet
  facet normal 0.321484 -0.946915 0
    outer loop
      vertex 41.56 11.6421 2.4
      vertex 41.3494 11.5706 0
      vertex 41.56 11.6421 0
    endloop
  endfacet
  facet normal -0.997872 0.0652057 0
    outer loop
      vertex 43.6855 9.7781 0
      vertex 43.7 10 2.4
      vertex 43.7 10 0
    endloop
  endfacet
  facet normal -0.997872 0.0652057 0
    outer loop
      vertex 43.7 10 2.4
      vertex 43.6855 9.7781 0
      vertex 43.6855 9.7781 2.4
    endloop
  endfacet
  facet normal -0.946901 0.321525 0
    outer loop
      vertex 43.5706 9.34944 0
      vertex 43.6421 9.56001 2.4
      vertex 43.6421 9.56001 0
    endloop
  endfacet
  facet normal -0.946901 0.321525 0
    outer loop
      vertex 43.6421 9.56001 2.4
      vertex 43.5706 9.34944 0
      vertex 43.5706 9.34944 2.4
    endloop
  endfacet
  facet normal -0.980769 0.195173 0
    outer loop
      vertex 43.6421 9.56001 0
      vertex 43.6855 9.7781 2.4
      vertex 43.6855 9.7781 0
    endloop
  endfacet
  facet normal -0.980769 0.195173 0
    outer loop
      vertex 43.6855 9.7781 2.4
      vertex 43.6421 9.56001 0
      vertex 43.6421 9.56001 2.4
    endloop
  endfacet
  facet normal 0.751888 0.659291 0
    outer loop
      vertex 40.7979 8.79792 2.4
      vertex 40.6513 8.96511 0
      vertex 40.6513 8.96511 2.4
    endloop
  endfacet
  facet normal 0.751888 0.659291 0
    outer loop
      vertex 40.6513 8.96511 0
      vertex 40.7979 8.79792 2.4
      vertex 40.7979 8.79792 0
    endloop
  endfacet
  facet normal 0.831552 0.555447 0
    outer loop
      vertex 40.6513 8.96511 2.4
      vertex 40.5278 9.15 0
      vertex 40.5278 9.15 2.4
    endloop
  endfacet
  facet normal 0.831552 0.555447 0
    outer loop
      vertex 40.5278 9.15 0
      vertex 40.6513 8.96511 2.4
      vertex 40.6513 8.96511 0
    endloop
  endfacet
  facet normal 0.980769 0.195173 0
    outer loop
      vertex 40.3579 9.56001 2.4
      vertex 40.3145 9.7781 0
      vertex 40.3145 9.7781 2.4
    endloop
  endfacet
  facet normal 0.980769 0.195173 0
    outer loop
      vertex 40.3145 9.7781 0
      vertex 40.3579 9.56001 2.4
      vertex 40.3579 9.56001 0
    endloop
  endfacet
  facet normal -0.555551 0.831483 0
    outer loop
      vertex 43.0349 8.6513 0
      vertex 42.85 8.52776 2.4
      vertex 43.0349 8.6513 2.4
    endloop
  endfacet
  facet normal -0.555551 0.831483 0
    outer loop
      vertex 42.85 8.52776 2.4
      vertex 43.0349 8.6513 0
      vertex 42.85 8.52776 0
    endloop
  endfacet
  facet normal -0.442386 0.896825 0
    outer loop
      vertex 42.85 8.52776 0
      vertex 42.6506 8.4294 2.4
      vertex 42.85 8.52776 2.4
    endloop
  endfacet
  facet normal -0.442386 0.896825 0
    outer loop
      vertex 42.6506 8.4294 2.4
      vertex 42.85 8.52776 0
      vertex 42.6506 8.4294 0
    endloop
  endfacet
  facet normal -0.831552 0.555447 0
    outer loop
      vertex 43.3487 8.96511 0
      vertex 43.4722 9.15 2.4
      vertex 43.4722 9.15 0
    endloop
  endfacet
  facet normal -0.831552 0.555447 0
    outer loop
      vertex 43.4722 9.15 2.4
      vertex 43.3487 8.96511 0
      vertex 43.3487 8.96511 2.4
    endloop
  endfacet
  facet normal 0.195122 0.980779 -0
    outer loop
      vertex 41.7781 8.31454 0
      vertex 41.56 8.35793 2.4
      vertex 41.7781 8.31454 2.4
    endloop
  endfacet
  facet normal 0.195122 0.980779 0
    outer loop
      vertex 41.56 8.35793 2.4
      vertex 41.7781 8.31454 0
      vertex 41.56 8.35793 0
    endloop
  endfacet
  facet normal 0.946901 0.321525 0
    outer loop
      vertex 40.4294 9.34944 2.4
      vertex 40.3579 9.56001 0
      vertex 40.3579 9.56001 2.4
    endloop
  endfacet
  facet normal 0.946901 0.321525 0
    outer loop
      vertex 40.3579 9.56001 0
      vertex 40.4294 9.34944 2.4
      vertex 40.4294 9.34944 0
    endloop
  endfacet
  facet normal 0.896789 0.442459 0
    outer loop
      vertex 40.5278 9.15 2.4
      vertex 40.4294 9.34944 0
      vertex 40.4294 9.34944 2.4
    endloop
  endfacet
  facet normal 0.896789 0.442459 0
    outer loop
      vertex 40.4294 9.34944 0
      vertex 40.5278 9.15 2.4
      vertex 40.5278 9.15 0
    endloop
  endfacet
  facet normal -0.659319 0.751863 0
    outer loop
      vertex 43.2021 8.79792 0
      vertex 43.0349 8.6513 2.4
      vertex 43.2021 8.79792 2.4
    endloop
  endfacet
  facet normal -0.659319 0.751863 0
    outer loop
      vertex 43.0349 8.6513 2.4
      vertex 43.2021 8.79792 0
      vertex 43.0349 8.6513 0
    endloop
  endfacet
  facet normal -0.321363 0.946956 0
    outer loop
      vertex 42.6506 8.4294 0
      vertex 42.44 8.35793 2.4
      vertex 42.6506 8.4294 2.4
    endloop
  endfacet
  facet normal -0.321363 0.946956 0
    outer loop
      vertex 42.44 8.35793 2.4
      vertex 42.6506 8.4294 0
      vertex 42.44 8.35793 0
    endloop
  endfacet
  facet normal -0.195122 0.980779 0
    outer loop
      vertex 42.44 8.35793 0
      vertex 42.2219 8.31454 2.4
      vertex 42.44 8.35793 2.4
    endloop
  endfacet
  facet normal -0.195122 0.980779 0
    outer loop
      vertex 42.2219 8.31454 2.4
      vertex 42.44 8.35793 0
      vertex 42.2219 8.31454 0
    endloop
  endfacet
  facet normal -0.896789 0.442459 0
    outer loop
      vertex 43.4722 9.15 0
      vertex 43.5706 9.34944 2.4
      vertex 43.5706 9.34944 0
    endloop
  endfacet
  facet normal -0.896789 0.442459 0
    outer loop
      vertex 43.5706 9.34944 2.4
      vertex 43.4722 9.15 0
      vertex 43.4722 9.15 2.4
    endloop
  endfacet
  facet normal 0.321363 0.946956 -0
    outer loop
      vertex 41.56 8.35793 0
      vertex 41.3494 8.4294 2.4
      vertex 41.56 8.35793 2.4
    endloop
  endfacet
  facet normal 0.321363 0.946956 0
    outer loop
      vertex 41.3494 8.4294 2.4
      vertex 41.56 8.35793 0
      vertex 41.3494 8.4294 0
    endloop
  endfacet
  facet normal 0.555551 0.831483 -0
    outer loop
      vertex 41.15 8.52776 0
      vertex 40.9651 8.6513 2.4
      vertex 41.15 8.52776 2.4
    endloop
  endfacet
  facet normal 0.555551 0.831483 0
    outer loop
      vertex 40.9651 8.6513 2.4
      vertex 41.15 8.52776 0
      vertex 40.9651 8.6513 0
    endloop
  endfacet
  facet normal 0.659319 0.751863 -0
    outer loop
      vertex 40.9651 8.6513 0
      vertex 40.7979 8.79792 2.4
      vertex 40.9651 8.6513 2.4
    endloop
  endfacet
  facet normal 0.659319 0.751863 0
    outer loop
      vertex 40.7979 8.79792 2.4
      vertex 40.9651 8.6513 0
      vertex 40.7979 8.79792 0
    endloop
  endfacet
  facet normal 0.0653848 0.99786 -0
    outer loop
      vertex 42 8.3 0
      vertex 41.7781 8.31454 2.4
      vertex 42 8.3 2.4
    endloop
  endfacet
  facet normal 0.0653848 0.99786 0
    outer loop
      vertex 41.7781 8.31454 2.4
      vertex 42 8.3 0
      vertex 41.7781 8.31454 0
    endloop
  endfacet
  facet normal 0.442386 0.896825 -0
    outer loop
      vertex 41.3494 8.4294 0
      vertex 41.15 8.52776 2.4
      vertex 41.3494 8.4294 2.4
    endloop
  endfacet
  facet normal 0.442386 0.896825 0
    outer loop
      vertex 41.15 8.52776 2.4
      vertex 41.3494 8.4294 0
      vertex 41.15 8.52776 0
    endloop
  endfacet
  facet normal -0.997872 -0.0652057 0
    outer loop
      vertex 11.7 42 0
      vertex 11.6855 42.2219 2.4
      vertex 11.6855 42.2219 0
    endloop
  endfacet
  facet normal -0.997872 -0.0652057 0
    outer loop
      vertex 11.6855 42.2219 2.4
      vertex 11.7 42 0
      vertex 11.7 42 2.4
    endloop
  endfacet
  facet normal 0.0652057 -0.997872 0
    outer loop
      vertex 9.7781 43.6855 0
      vertex 10 43.7 2.4
      vertex 9.7781 43.6855 2.4
    endloop
  endfacet
  facet normal 0.0652057 -0.997872 0
    outer loop
      vertex 10 43.7 2.4
      vertex 9.7781 43.6855 0
      vertex 10 43.7 0
    endloop
  endfacet
  facet normal -0.0652057 0.997872 0
    outer loop
      vertex 10.2219 40.3145 0
      vertex 10 40.3 2.4
      vertex 10.2219 40.3145 2.4
    endloop
  endfacet
  facet normal -0.0652057 0.997872 0
    outer loop
      vertex 10 40.3 2.4
      vertex 10.2219 40.3145 0
      vertex 10 40.3 0
    endloop
  endfacet
  facet normal -0.751908 0.659268 0
    outer loop
      vertex 11.2021 40.7979 0
      vertex 11.3487 40.9651 2.4
      vertex 11.3487 40.9651 0
    endloop
  endfacet
  facet normal -0.751908 0.659268 0
    outer loop
      vertex 11.3487 40.9651 2.4
      vertex 11.2021 40.7979 0
      vertex 11.2021 40.7979 2.4
    endloop
  endfacet
  facet normal -0.659268 -0.751908 0
    outer loop
      vertex 11.0349 43.3487 0
      vertex 11.2021 43.2021 2.4
      vertex 11.0349 43.3487 2.4
    endloop
  endfacet
  facet normal -0.659268 -0.751908 -0
    outer loop
      vertex 11.2021 43.2021 2.4
      vertex 11.0349 43.3487 0
      vertex 11.2021 43.2021 0
    endloop
  endfacet
  facet normal 0.751863 -0.659319 0
    outer loop
      vertex 8.6513 43.0349 2.4
      vertex 8.79792 43.2021 0
      vertex 8.79792 43.2021 2.4
    endloop
  endfacet
  facet normal 0.751863 -0.659319 0
    outer loop
      vertex 8.79792 43.2021 0
      vertex 8.6513 43.0349 2.4
      vertex 8.6513 43.0349 0
    endloop
  endfacet
  facet normal 0.442459 -0.896789 0
    outer loop
      vertex 9.15 43.4722 0
      vertex 9.34944 43.5706 2.4
      vertex 9.15 43.4722 2.4
    endloop
  endfacet
  facet normal 0.442459 -0.896789 0
    outer loop
      vertex 9.34944 43.5706 2.4
      vertex 9.15 43.4722 0
      vertex 9.34944 43.5706 0
    endloop
  endfacet
  facet normal -0.896754 -0.44253 0
    outer loop
      vertex 11.5706 42.6506 0
      vertex 11.4722 42.85 2.4
      vertex 11.4722 42.85 0
    endloop
  endfacet
  facet normal -0.896754 -0.44253 0
    outer loop
      vertex 11.4722 42.85 2.4
      vertex 11.5706 42.6506 0
      vertex 11.5706 42.6506 2.4
    endloop
  endfacet
  facet normal -0.98077 -0.195165 0
    outer loop
      vertex 11.6855 42.2219 0
      vertex 11.6421 42.44 2.4
      vertex 11.6421 42.44 0
    endloop
  endfacet
  facet normal -0.98077 -0.195165 0
    outer loop
      vertex 11.6421 42.44 2.4
      vertex 11.6855 42.2219 0
      vertex 11.6855 42.2219 2.4
    endloop
  endfacet
  facet normal -0.831566 -0.555426 0
    outer loop
      vertex 11.4722 42.85 0
      vertex 11.3487 43.0349 2.4
      vertex 11.3487 43.0349 0
    endloop
  endfacet
  facet normal -0.831566 -0.555426 0
    outer loop
      vertex 11.3487 43.0349 2.4
      vertex 11.4722 42.85 0
      vertex 11.4722 42.85 2.4
    endloop
  endfacet
  facet normal -0.321484 -0.946915 0
    outer loop
      vertex 10.44 43.6421 0
      vertex 10.6506 43.5706 2.4
      vertex 10.44 43.6421 2.4
    endloop
  endfacet
  facet normal -0.321484 -0.946915 -0
    outer loop
      vertex 10.6506 43.5706 2.4
      vertex 10.44 43.6421 0
      vertex 10.6506 43.5706 0
    endloop
  endfacet
  facet normal -0.44253 -0.896754 0
    outer loop
      vertex 10.6506 43.5706 0
      vertex 10.85 43.4722 2.4
      vertex 10.6506 43.5706 2.4
    endloop
  endfacet
  facet normal -0.44253 -0.896754 -0
    outer loop
      vertex 10.85 43.4722 2.4
      vertex 10.6506 43.5706 0
      vertex 10.85 43.4722 0
    endloop
  endfacet
  facet normal 0.946956 -0.321363 0
    outer loop
      vertex 8.35793 42.44 2.4
      vertex 8.4294 42.6506 0
      vertex 8.4294 42.6506 2.4
    endloop
  endfacet
  facet normal 0.946956 -0.321363 0
    outer loop
      vertex 8.4294 42.6506 0
      vertex 8.35793 42.44 2.4
      vertex 8.35793 42.44 0
    endloop
  endfacet
  facet normal 0.555447 -0.831552 0
    outer loop
      vertex 8.96511 43.3487 0
      vertex 9.15 43.4722 2.4
      vertex 8.96511 43.3487 2.4
    endloop
  endfacet
  facet normal 0.555447 -0.831552 0
    outer loop
      vertex 9.15 43.4722 2.4
      vertex 8.96511 43.3487 0
      vertex 9.15 43.4722 0
    endloop
  endfacet
  facet normal 0.195173 -0.980769 0
    outer loop
      vertex 9.56001 43.6421 0
      vertex 9.7781 43.6855 2.4
      vertex 9.56001 43.6421 2.4
    endloop
  endfacet
  facet normal 0.195173 -0.980769 0
    outer loop
      vertex 9.7781 43.6855 2.4
      vertex 9.56001 43.6421 0
      vertex 9.7781 43.6855 0
    endloop
  endfacet
  facet normal -0.946915 -0.321484 0
    outer loop
      vertex 11.6421 42.44 0
      vertex 11.5706 42.6506 2.4
      vertex 11.5706 42.6506 0
    endloop
  endfacet
  facet normal -0.946915 -0.321484 0
    outer loop
      vertex 11.5706 42.6506 2.4
      vertex 11.6421 42.44 0
      vertex 11.6421 42.44 2.4
    endloop
  endfacet
  facet normal -0.751908 -0.659268 0
    outer loop
      vertex 11.3487 43.0349 0
      vertex 11.2021 43.2021 2.4
      vertex 11.2021 43.2021 0
    endloop
  endfacet
  facet normal -0.751908 -0.659268 0
    outer loop
      vertex 11.2021 43.2021 2.4
      vertex 11.3487 43.0349 0
      vertex 11.3487 43.0349 2.4
    endloop
  endfacet
  facet normal -0.195165 -0.98077 0
    outer loop
      vertex 10.2219 43.6855 0
      vertex 10.44 43.6421 2.4
      vertex 10.2219 43.6855 2.4
    endloop
  endfacet
  facet normal -0.195165 -0.98077 -0
    outer loop
      vertex 10.44 43.6421 2.4
      vertex 10.2219 43.6855 0
      vertex 10.44 43.6421 0
    endloop
  endfacet
  facet normal -0.0652057 -0.997872 0
    outer loop
      vertex 10 43.7 0
      vertex 10.2219 43.6855 2.4
      vertex 10 43.7 2.4
    endloop
  endfacet
  facet normal -0.0652057 -0.997872 -0
    outer loop
      vertex 10.2219 43.6855 2.4
      vertex 10 43.7 0
      vertex 10.2219 43.6855 0
    endloop
  endfacet
  facet normal -0.555426 -0.831566 0
    outer loop
      vertex 10.85 43.4722 0
      vertex 11.0349 43.3487 2.4
      vertex 10.85 43.4722 2.4
    endloop
  endfacet
  facet normal -0.555426 -0.831566 -0
    outer loop
      vertex 11.0349 43.3487 2.4
      vertex 10.85 43.4722 0
      vertex 11.0349 43.3487 0
    endloop
  endfacet
  facet normal 0.896825 -0.442386 0
    outer loop
      vertex 8.4294 42.6506 2.4
      vertex 8.52776 42.85 0
      vertex 8.52776 42.85 2.4
    endloop
  endfacet
  facet normal 0.896825 -0.442386 0
    outer loop
      vertex 8.52776 42.85 0
      vertex 8.4294 42.6506 2.4
      vertex 8.4294 42.6506 0
    endloop
  endfacet
  facet normal 0.831483 -0.555551 0
    outer loop
      vertex 8.52776 42.85 2.4
      vertex 8.6513 43.0349 0
      vertex 8.6513 43.0349 2.4
    endloop
  endfacet
  facet normal 0.831483 -0.555551 0
    outer loop
      vertex 8.6513 43.0349 0
      vertex 8.52776 42.85 2.4
      vertex 8.52776 42.85 0
    endloop
  endfacet
  facet normal 0.980779 -0.195122 0
    outer loop
      vertex 8.31454 42.2219 2.4
      vertex 8.35793 42.44 0
      vertex 8.35793 42.44 2.4
    endloop
  endfacet
  facet normal 0.980779 -0.195122 0
    outer loop
      vertex 8.35793 42.44 0
      vertex 8.31454 42.2219 2.4
      vertex 8.31454 42.2219 0
    endloop
  endfacet
  facet normal 0.99786 -0.0653848 0
    outer loop
      vertex 8.3 42 2.4
      vertex 8.31454 42.2219 0
      vertex 8.31454 42.2219 2.4
    endloop
  endfacet
  facet normal 0.99786 -0.0653848 0
    outer loop
      vertex 8.31454 42.2219 0
      vertex 8.3 42 2.4
      vertex 8.3 42 0
    endloop
  endfacet
  facet normal 0.99786 0.0653848 0
    outer loop
      vertex 8.31454 41.7781 2.4
      vertex 8.3 42 0
      vertex 8.3 42 2.4
    endloop
  endfacet
  facet normal 0.99786 0.0653848 0
    outer loop
      vertex 8.3 42 0
      vertex 8.31454 41.7781 2.4
      vertex 8.31454 41.7781 0
    endloop
  endfacet
  facet normal 0.659291 -0.751888 0
    outer loop
      vertex 8.79792 43.2021 0
      vertex 8.96511 43.3487 2.4
      vertex 8.79792 43.2021 2.4
    endloop
  endfacet
  facet normal 0.659291 -0.751888 0
    outer loop
      vertex 8.96511 43.3487 2.4
      vertex 8.79792 43.2021 0
      vertex 8.96511 43.3487 0
    endloop
  endfacet
  facet normal 0.321525 -0.946901 0
    outer loop
      vertex 9.34944 43.5706 0
      vertex 9.56001 43.6421 2.4
      vertex 9.34944 43.5706 2.4
    endloop
  endfacet
  facet normal 0.321525 -0.946901 0
    outer loop
      vertex 9.56001 43.6421 2.4
      vertex 9.34944 43.5706 0
      vertex 9.56001 43.6421 0
    endloop
  endfacet
  facet normal -0.946915 0.321484 0
    outer loop
      vertex 11.5706 41.3494 0
      vertex 11.6421 41.56 2.4
      vertex 11.6421 41.56 0
    endloop
  endfacet
  facet normal -0.946915 0.321484 0
    outer loop
      vertex 11.6421 41.56 2.4
      vertex 11.5706 41.3494 0
      vertex 11.5706 41.3494 2.4
    endloop
  endfacet
  facet normal -0.98077 0.195165 0
    outer loop
      vertex 11.6421 41.56 0
      vertex 11.6855 41.7781 2.4
      vertex 11.6855 41.7781 0
    endloop
  endfacet
  facet normal -0.98077 0.195165 0
    outer loop
      vertex 11.6855 41.7781 2.4
      vertex 11.6421 41.56 0
      vertex 11.6421 41.56 2.4
    endloop
  endfacet
  facet normal 0.555447 0.831552 -0
    outer loop
      vertex 9.15 40.5278 0
      vertex 8.96511 40.6513 2.4
      vertex 9.15 40.5278 2.4
    endloop
  endfacet
  facet normal 0.555447 0.831552 0
    outer loop
      vertex 8.96511 40.6513 2.4
      vertex 9.15 40.5278 0
      vertex 8.96511 40.6513 0
    endloop
  endfacet
  facet normal 0.831483 0.555551 0
    outer loop
      vertex 8.6513 40.9651 2.4
      vertex 8.52776 41.15 0
      vertex 8.52776 41.15 2.4
    endloop
  endfacet
  facet normal 0.831483 0.555551 0
    outer loop
      vertex 8.52776 41.15 0
      vertex 8.6513 40.9651 2.4
      vertex 8.6513 40.9651 0
    endloop
  endfacet
  facet normal 0.751863 0.659319 0
    outer loop
      vertex 8.79792 40.7979 2.4
      vertex 8.6513 40.9651 0
      vertex 8.6513 40.9651 2.4
    endloop
  endfacet
  facet normal 0.751863 0.659319 0
    outer loop
      vertex 8.6513 40.9651 0
      vertex 8.79792 40.7979 2.4
      vertex 8.79792 40.7979 0
    endloop
  endfacet
  facet normal 0.980779 0.195122 0
    outer loop
      vertex 8.35793 41.56 2.4
      vertex 8.31454 41.7781 0
      vertex 8.31454 41.7781 2.4
    endloop
  endfacet
  facet normal 0.980779 0.195122 0
    outer loop
      vertex 8.31454 41.7781 0
      vertex 8.35793 41.56 2.4
      vertex 8.35793 41.56 0
    endloop
  endfacet
  facet normal -0.555426 0.831566 0
    outer loop
      vertex 11.0349 40.6513 0
      vertex 10.85 40.5278 2.4
      vertex 11.0349 40.6513 2.4
    endloop
  endfacet
  facet normal -0.555426 0.831566 0
    outer loop
      vertex 10.85 40.5278 2.4
      vertex 11.0349 40.6513 0
      vertex 10.85 40.5278 0
    endloop
  endfacet
  facet normal -0.831566 0.555426 0
    outer loop
      vertex 11.3487 40.9651 0
      vertex 11.4722 41.15 2.4
      vertex 11.4722 41.15 0
    endloop
  endfacet
  facet normal -0.831566 0.555426 0
    outer loop
      vertex 11.4722 41.15 2.4
      vertex 11.3487 40.9651 0
      vertex 11.3487 40.9651 2.4
    endloop
  endfacet
  facet normal -0.997872 0.0652057 0
    outer loop
      vertex 11.6855 41.7781 0
      vertex 11.7 42 2.4
      vertex 11.7 42 0
    endloop
  endfacet
  facet normal -0.997872 0.0652057 0
    outer loop
      vertex 11.7 42 2.4
      vertex 11.6855 41.7781 0
      vertex 11.6855 41.7781 2.4
    endloop
  endfacet
  facet normal 0.195173 0.980769 -0
    outer loop
      vertex 9.7781 40.3145 0
      vertex 9.56001 40.3579 2.4
      vertex 9.7781 40.3145 2.4
    endloop
  endfacet
  facet normal 0.195173 0.980769 0
    outer loop
      vertex 9.56001 40.3579 2.4
      vertex 9.7781 40.3145 0
      vertex 9.56001 40.3579 0
    endloop
  endfacet
  facet normal 0.659291 0.751888 -0
    outer loop
      vertex 8.96511 40.6513 0
      vertex 8.79792 40.7979 2.4
      vertex 8.96511 40.6513 2.4
    endloop
  endfacet
  facet normal 0.659291 0.751888 0
    outer loop
      vertex 8.79792 40.7979 2.4
      vertex 8.96511 40.6513 0
      vertex 8.79792 40.7979 0
    endloop
  endfacet
  facet normal 0.946956 0.321363 0
    outer loop
      vertex 8.4294 41.3494 2.4
      vertex 8.35793 41.56 0
      vertex 8.35793 41.56 2.4
    endloop
  endfacet
  facet normal 0.946956 0.321363 0
    outer loop
      vertex 8.35793 41.56 0
      vertex 8.4294 41.3494 2.4
      vertex 8.4294 41.3494 0
    endloop
  endfacet
  facet normal 0.896825 0.442386 0
    outer loop
      vertex 8.52776 41.15 2.4
      vertex 8.4294 41.3494 0
      vertex 8.4294 41.3494 2.4
    endloop
  endfacet
  facet normal 0.896825 0.442386 0
    outer loop
      vertex 8.4294 41.3494 0
      vertex 8.52776 41.15 2.4
      vertex 8.52776 41.15 0
    endloop
  endfacet
  facet normal -0.659268 0.751908 0
    outer loop
      vertex 11.2021 40.7979 0
      vertex 11.0349 40.6513 2.4
      vertex 11.2021 40.7979 2.4
    endloop
  endfacet
  facet normal -0.659268 0.751908 0
    outer loop
      vertex 11.0349 40.6513 2.4
      vertex 11.2021 40.7979 0
      vertex 11.0349 40.6513 0
    endloop
  endfacet
  facet normal -0.44253 0.896754 0
    outer loop
      vertex 10.85 40.5278 0
      vertex 10.6506 40.4294 2.4
      vertex 10.85 40.5278 2.4
    endloop
  endfacet
  facet normal -0.44253 0.896754 0
    outer loop
      vertex 10.6506 40.4294 2.4
      vertex 10.85 40.5278 0
      vertex 10.6506 40.4294 0
    endloop
  endfacet
  facet normal -0.321484 0.946915 0
    outer loop
      vertex 10.6506 40.4294 0
      vertex 10.44 40.3579 2.4
      vertex 10.6506 40.4294 2.4
    endloop
  endfacet
  facet normal -0.321484 0.946915 0
    outer loop
      vertex 10.44 40.3579 2.4
      vertex 10.6506 40.4294 0
      vertex 10.44 40.3579 0
    endloop
  endfacet
  facet normal -0.195165 0.98077 0
    outer loop
      vertex 10.44 40.3579 0
      vertex 10.2219 40.3145 2.4
      vertex 10.44 40.3579 2.4
    endloop
  endfacet
  facet normal -0.195165 0.98077 0
    outer loop
      vertex 10.2219 40.3145 2.4
      vertex 10.44 40.3579 0
      vertex 10.2219 40.3145 0
    endloop
  endfacet
  facet normal -0.896754 0.44253 0
    outer loop
      vertex 11.4722 41.15 0
      vertex 11.5706 41.3494 2.4
      vertex 11.5706 41.3494 0
    endloop
  endfacet
  facet normal -0.896754 0.44253 0
    outer loop
      vertex 11.5706 41.3494 2.4
      vertex 11.4722 41.15 0
      vertex 11.4722 41.15 2.4
    endloop
  endfacet
  facet normal 0.321525 0.946901 -0
    outer loop
      vertex 9.56001 40.3579 0
      vertex 9.34944 40.4294 2.4
      vertex 9.56001 40.3579 2.4
    endloop
  endfacet
  facet normal 0.321525 0.946901 0
    outer loop
      vertex 9.34944 40.4294 2.4
      vertex 9.56001 40.3579 0
      vertex 9.34944 40.4294 0
    endloop
  endfacet
  facet normal 0.0652057 0.997872 -0
    outer loop
      vertex 10 40.3 0
      vertex 9.7781 40.3145 2.4
      vertex 10 40.3 2.4
    endloop
  endfacet
  facet normal 0.0652057 0.997872 0
    outer loop
      vertex 9.7781 40.3145 2.4
      vertex 10 40.3 0
      vertex 9.7781 40.3145 0
    endloop
  endfacet
  facet normal 0.442459 0.896789 -0
    outer loop
      vertex 9.34944 40.4294 0
      vertex 9.15 40.5278 2.4
      vertex 9.34944 40.4294 2.4
    endloop
  endfacet
  facet normal 0.442459 0.896789 0
    outer loop
      vertex 9.15 40.5278 2.4
      vertex 9.34944 40.4294 0
      vertex 9.15 40.5278 0
    endloop
  endfacet
  facet normal -0.997872 -0.0652057 0
    outer loop
      vertex 43.7 42 0
      vertex 43.6855 42.2219 2.4
      vertex 43.6855 42.2219 0
    endloop
  endfacet
  facet normal -0.997872 -0.0652057 0
    outer loop
      vertex 43.6855 42.2219 2.4
      vertex 43.7 42 0
      vertex 43.7 42 2.4
    endloop
  endfacet
  facet normal 0.0652057 -0.997872 0
    outer loop
      vertex 41.7781 43.6855 0
      vertex 42 43.7 2.4
      vertex 41.7781 43.6855 2.4
    endloop
  endfacet
  facet normal 0.0652057 -0.997872 0
    outer loop
      vertex 42 43.7 2.4
      vertex 41.7781 43.6855 0
      vertex 42 43.7 0
    endloop
  endfacet
  facet normal -0.659268 -0.751908 0
    outer loop
      vertex 43.0349 43.3487 0
      vertex 43.2021 43.2021 2.4
      vertex 43.0349 43.3487 2.4
    endloop
  endfacet
  facet normal -0.659268 -0.751908 -0
    outer loop
      vertex 43.2021 43.2021 2.4
      vertex 43.0349 43.3487 0
      vertex 43.2021 43.2021 0
    endloop
  endfacet
  facet normal 0.751908 -0.659268 0
    outer loop
      vertex 40.6513 43.0349 2.4
      vertex 40.7979 43.2021 0
      vertex 40.7979 43.2021 2.4
    endloop
  endfacet
  facet normal 0.751908 -0.659268 0
    outer loop
      vertex 40.7979 43.2021 0
      vertex 40.6513 43.0349 2.4
      vertex 40.6513 43.0349 0
    endloop
  endfacet
  facet normal 0.44253 -0.896754 0
    outer loop
      vertex 41.15 43.4722 0
      vertex 41.3494 43.5706 2.4
      vertex 41.15 43.4722 2.4
    endloop
  endfacet
  facet normal 0.44253 -0.896754 0
    outer loop
      vertex 41.3494 43.5706 2.4
      vertex 41.15 43.4722 0
      vertex 41.3494 43.5706 0
    endloop
  endfacet
  facet normal -0.831566 0.555426 0
    outer loop
      vertex 43.3487 40.9651 0
      vertex 43.4722 41.15 2.4
      vertex 43.4722 41.15 0
    endloop
  endfacet
  facet normal -0.831566 0.555426 0
    outer loop
      vertex 43.4722 41.15 2.4
      vertex 43.3487 40.9651 0
      vertex 43.3487 40.9651 2.4
    endloop
  endfacet
  facet normal -0.896754 -0.44253 0
    outer loop
      vertex 43.5706 42.6506 0
      vertex 43.4722 42.85 2.4
      vertex 43.4722 42.85 0
    endloop
  endfacet
  facet normal -0.896754 -0.44253 0
    outer loop
      vertex 43.4722 42.85 2.4
      vertex 43.5706 42.6506 0
      vertex 43.5706 42.6506 2.4
    endloop
  endfacet
  facet normal -0.98077 -0.195165 0
    outer loop
      vertex 43.6855 42.2219 0
      vertex 43.6421 42.44 2.4
      vertex 43.6421 42.44 0
    endloop
  endfacet
  facet normal -0.98077 -0.195165 0
    outer loop
      vertex 43.6421 42.44 2.4
      vertex 43.6855 42.2219 0
      vertex 43.6855 42.2219 2.4
    endloop
  endfacet
  facet normal -0.831566 -0.555426 0
    outer loop
      vertex 43.4722 42.85 0
      vertex 43.3487 43.0349 2.4
      vertex 43.3487 43.0349 0
    endloop
  endfacet
  facet normal -0.831566 -0.555426 0
    outer loop
      vertex 43.3487 43.0349 2.4
      vertex 43.4722 42.85 0
      vertex 43.4722 42.85 2.4
    endloop
  endfacet
  facet normal -0.321484 -0.946915 0
    outer loop
      vertex 42.44 43.6421 0
      vertex 42.6506 43.5706 2.4
      vertex 42.44 43.6421 2.4
    endloop
  endfacet
  facet normal -0.321484 -0.946915 -0
    outer loop
      vertex 42.6506 43.5706 2.4
      vertex 42.44 43.6421 0
      vertex 42.6506 43.5706 0
    endloop
  endfacet
  facet normal -0.555426 -0.831566 0
    outer loop
      vertex 42.85 43.4722 0
      vertex 43.0349 43.3487 2.4
      vertex 42.85 43.4722 2.4
    endloop
  endfacet
  facet normal -0.555426 -0.831566 -0
    outer loop
      vertex 43.0349 43.3487 2.4
      vertex 42.85 43.4722 0
      vertex 43.0349 43.3487 0
    endloop
  endfacet
  facet normal 0.946915 -0.321484 0
    outer loop
      vertex 40.3579 42.44 2.4
      vertex 40.4294 42.6506 0
      vertex 40.4294 42.6506 2.4
    endloop
  endfacet
  facet normal 0.946915 -0.321484 0
    outer loop
      vertex 40.4294 42.6506 0
      vertex 40.3579 42.44 2.4
      vertex 40.3579 42.44 0
    endloop
  endfacet
  facet normal 0.896754 -0.44253 0
    outer loop
      vertex 40.4294 42.6506 2.4
      vertex 40.5278 42.85 0
      vertex 40.5278 42.85 2.4
    endloop
  endfacet
  facet normal 0.896754 -0.44253 0
    outer loop
      vertex 40.5278 42.85 0
      vertex 40.4294 42.6506 2.4
      vertex 40.4294 42.6506 0
    endloop
  endfacet
  facet normal 0.997872 -0.0652057 0
    outer loop
      vertex 40.3 42 2.4
      vertex 40.3145 42.2219 0
      vertex 40.3145 42.2219 2.4
    endloop
  endfacet
  facet normal 0.997872 -0.0652057 0
    outer loop
      vertex 40.3145 42.2219 0
      vertex 40.3 42 2.4
      vertex 40.3 42 0
    endloop
  endfacet
  facet normal 0.555426 -0.831566 0
    outer loop
      vertex 40.9651 43.3487 0
      vertex 41.15 43.4722 2.4
      vertex 40.9651 43.3487 2.4
    endloop
  endfacet
  facet normal 0.555426 -0.831566 0
    outer loop
      vertex 41.15 43.4722 2.4
      vertex 40.9651 43.3487 0
      vertex 41.15 43.4722 0
    endloop
  endfacet
  facet normal 0.195165 -0.98077 0
    outer loop
      vertex 41.56 43.6421 0
      vertex 41.7781 43.6855 2.4
      vertex 41.56 43.6421 2.4
    endloop
  endfacet
  facet normal 0.195165 -0.98077 0
    outer loop
      vertex 41.7781 43.6855 2.4
      vertex 41.56 43.6421 0
      vertex 41.7781 43.6855 0
    endloop
  endfacet
  facet normal -0.997872 0.0652057 0
    outer loop
      vertex 43.6855 41.7781 0
      vertex 43.7 42 2.4
      vertex 43.7 42 0
    endloop
  endfacet
  facet normal -0.997872 0.0652057 0
    outer loop
      vertex 43.7 42 2.4
      vertex 43.6855 41.7781 0
      vertex 43.6855 41.7781 2.4
    endloop
  endfacet
  facet normal -0.195165 0.98077 0
    outer loop
      vertex 42.44 40.3579 0
      vertex 42.2219 40.3145 2.4
      vertex 42.44 40.3579 2.4
    endloop
  endfacet
  facet normal -0.195165 0.98077 0
    outer loop
      vertex 42.2219 40.3145 2.4
      vertex 42.44 40.3579 0
      vertex 42.2219 40.3145 0
    endloop
  endfacet
  facet normal -0.946915 -0.321484 0
    outer loop
      vertex 43.6421 42.44 0
      vertex 43.5706 42.6506 2.4
      vertex 43.5706 42.6506 0
    endloop
  endfacet
  facet normal -0.946915 -0.321484 0
    outer loop
      vertex 43.5706 42.6506 2.4
      vertex 43.6421 42.44 0
      vertex 43.6421 42.44 2.4
    endloop
  endfacet
  facet normal -0.751908 -0.659268 0
    outer loop
      vertex 43.3487 43.0349 0
      vertex 43.2021 43.2021 2.4
      vertex 43.2021 43.2021 0
    endloop
  endfacet
  facet normal -0.751908 -0.659268 0
    outer loop
      vertex 43.2021 43.2021 2.4
      vertex 43.3487 43.0349 0
      vertex 43.3487 43.0349 2.4
    endloop
  endfacet
  facet normal -0.195165 -0.98077 0
    outer loop
      vertex 42.2219 43.6855 0
      vertex 42.44 43.6421 2.4
      vertex 42.2219 43.6855 2.4
    endloop
  endfacet
  facet normal -0.195165 -0.98077 -0
    outer loop
      vertex 42.44 43.6421 2.4
      vertex 42.2219 43.6855 0
      vertex 42.44 43.6421 0
    endloop
  endfacet
  facet normal -0.0652057 -0.997872 0
    outer loop
      vertex 42 43.7 0
      vertex 42.2219 43.6855 2.4
      vertex 42 43.7 2.4
    endloop
  endfacet
  facet normal -0.0652057 -0.997872 -0
    outer loop
      vertex 42.2219 43.6855 2.4
      vertex 42 43.7 0
      vertex 42.2219 43.6855 0
    endloop
  endfacet
  facet normal -0.44253 -0.896754 0
    outer loop
      vertex 42.6506 43.5706 0
      vertex 42.85 43.4722 2.4
      vertex 42.6506 43.5706 2.4
    endloop
  endfacet
  facet normal -0.44253 -0.896754 -0
    outer loop
      vertex 42.85 43.4722 2.4
      vertex 42.6506 43.5706 0
      vertex 42.85 43.4722 0
    endloop
  endfacet
  facet normal 0.831566 -0.555426 0
    outer loop
      vertex 40.5278 42.85 2.4
      vertex 40.6513 43.0349 0
      vertex 40.6513 43.0349 2.4
    endloop
  endfacet
  facet normal 0.831566 -0.555426 0
    outer loop
      vertex 40.6513 43.0349 0
      vertex 40.5278 42.85 2.4
      vertex 40.5278 42.85 0
    endloop
  endfacet
  facet normal 0.997872 0.0652057 0
    outer loop
      vertex 40.3145 41.7781 2.4
      vertex 40.3 42 0
      vertex 40.3 42 2.4
    endloop
  endfacet
  facet normal 0.997872 0.0652057 0
    outer loop
      vertex 40.3 42 0
      vertex 40.3145 41.7781 2.4
      vertex 40.3145 41.7781 0
    endloop
  endfacet
  facet normal 0.98077 -0.195165 0
    outer loop
      vertex 40.3145 42.2219 2.4
      vertex 40.3579 42.44 0
      vertex 40.3579 42.44 2.4
    endloop
  endfacet
  facet normal 0.98077 -0.195165 0
    outer loop
      vertex 40.3579 42.44 0
      vertex 40.3145 42.2219 2.4
      vertex 40.3145 42.2219 0
    endloop
  endfacet
  facet normal 0.659268 -0.751908 0
    outer loop
      vertex 40.7979 43.2021 0
      vertex 40.9651 43.3487 2.4
      vertex 40.7979 43.2021 2.4
    endloop
  endfacet
  facet normal 0.659268 -0.751908 0
    outer loop
      vertex 40.9651 43.3487 2.4
      vertex 40.7979 43.2021 0
      vertex 40.9651 43.3487 0
    endloop
  endfacet
  facet normal 0.321484 -0.946915 0
    outer loop
      vertex 41.3494 43.5706 0
      vertex 41.56 43.6421 2.4
      vertex 41.3494 43.5706 2.4
    endloop
  endfacet
  facet normal 0.321484 -0.946915 0
    outer loop
      vertex 41.56 43.6421 2.4
      vertex 41.3494 43.5706 0
      vertex 41.56 43.6421 0
    endloop
  endfacet
  facet normal -0.555426 0.831566 0
    outer loop
      vertex 43.0349 40.6513 0
      vertex 42.85 40.5278 2.4
      vertex 43.0349 40.6513 2.4
    endloop
  endfacet
  facet normal -0.555426 0.831566 0
    outer loop
      vertex 42.85 40.5278 2.4
      vertex 43.0349 40.6513 0
      vertex 42.85 40.5278 0
    endloop
  endfacet
  facet normal -0.946915 0.321484 0
    outer loop
      vertex 43.5706 41.3494 0
      vertex 43.6421 41.56 2.4
      vertex 43.6421 41.56 0
    endloop
  endfacet
  facet normal -0.946915 0.321484 0
    outer loop
      vertex 43.6421 41.56 2.4
      vertex 43.5706 41.3494 0
      vertex 43.5706 41.3494 2.4
    endloop
  endfacet
  facet normal -0.896754 0.44253 0
    outer loop
      vertex 43.4722 41.15 0
      vertex 43.5706 41.3494 2.4
      vertex 43.5706 41.3494 0
    endloop
  endfacet
  facet normal -0.896754 0.44253 0
    outer loop
      vertex 43.5706 41.3494 2.4
      vertex 43.4722 41.15 0
      vertex 43.4722 41.15 2.4
    endloop
  endfacet
  facet normal -0.98077 0.195165 0
    outer loop
      vertex 43.6421 41.56 0
      vertex 43.6855 41.7781 2.4
      vertex 43.6855 41.7781 0
    endloop
  endfacet
  facet normal -0.98077 0.195165 0
    outer loop
      vertex 43.6855 41.7781 2.4
      vertex 43.6421 41.56 0
      vertex 43.6421 41.56 2.4
    endloop
  endfacet
  facet normal 0.751908 0.659268 0
    outer loop
      vertex 40.7979 40.7979 2.4
      vertex 40.6513 40.9651 0
      vertex 40.6513 40.9651 2.4
    endloop
  endfacet
  facet normal 0.751908 0.659268 0
    outer loop
      vertex 40.6513 40.9651 0
      vertex 40.7979 40.7979 2.4
      vertex 40.7979 40.7979 0
    endloop
  endfacet
  facet normal 0.831566 0.555426 0
    outer loop
      vertex 40.6513 40.9651 2.4
      vertex 40.5278 41.15 0
      vertex 40.5278 41.15 2.4
    endloop
  endfacet
  facet normal 0.831566 0.555426 0
    outer loop
      vertex 40.5278 41.15 0
      vertex 40.6513 40.9651 2.4
      vertex 40.6513 40.9651 0
    endloop
  endfacet
  facet normal 0.98077 0.195165 0
    outer loop
      vertex 40.3579 41.56 2.4
      vertex 40.3145 41.7781 0
      vertex 40.3145 41.7781 2.4
    endloop
  endfacet
  facet normal 0.98077 0.195165 0
    outer loop
      vertex 40.3145 41.7781 0
      vertex 40.3579 41.56 2.4
      vertex 40.3579 41.56 0
    endloop
  endfacet
  facet normal 0.896754 0.44253 0
    outer loop
      vertex 40.5278 41.15 2.4
      vertex 40.4294 41.3494 0
      vertex 40.4294 41.3494 2.4
    endloop
  endfacet
  facet normal 0.896754 0.44253 0
    outer loop
      vertex 40.4294 41.3494 0
      vertex 40.5278 41.15 2.4
      vertex 40.5278 41.15 0
    endloop
  endfacet
  facet normal -0.44253 0.896754 0
    outer loop
      vertex 42.85 40.5278 0
      vertex 42.6506 40.4294 2.4
      vertex 42.85 40.5278 2.4
    endloop
  endfacet
  facet normal -0.44253 0.896754 0
    outer loop
      vertex 42.6506 40.4294 2.4
      vertex 42.85 40.5278 0
      vertex 42.6506 40.4294 0
    endloop
  endfacet
  facet normal -0.321484 0.946915 0
    outer loop
      vertex 42.6506 40.4294 0
      vertex 42.44 40.3579 2.4
      vertex 42.6506 40.4294 2.4
    endloop
  endfacet
  facet normal -0.321484 0.946915 0
    outer loop
      vertex 42.44 40.3579 2.4
      vertex 42.6506 40.4294 0
      vertex 42.44 40.3579 0
    endloop
  endfacet
  facet normal -0.0652057 0.997872 0
    outer loop
      vertex 42.2219 40.3145 0
      vertex 42 40.3 2.4
      vertex 42.2219 40.3145 2.4
    endloop
  endfacet
  facet normal -0.0652057 0.997872 0
    outer loop
      vertex 42 40.3 2.4
      vertex 42.2219 40.3145 0
      vertex 42 40.3 0
    endloop
  endfacet
  facet normal 0.946915 0.321484 0
    outer loop
      vertex 40.4294 41.3494 2.4
      vertex 40.3579 41.56 0
      vertex 40.3579 41.56 2.4
    endloop
  endfacet
  facet normal 0.946915 0.321484 0
    outer loop
      vertex 40.3579 41.56 0
      vertex 40.4294 41.3494 2.4
      vertex 40.4294 41.3494 0
    endloop
  endfacet
  facet normal -0.659268 0.751908 0
    outer loop
      vertex 43.2021 40.7979 0
      vertex 43.0349 40.6513 2.4
      vertex 43.2021 40.7979 2.4
    endloop
  endfacet
  facet normal -0.659268 0.751908 0
    outer loop
      vertex 43.0349 40.6513 2.4
      vertex 43.2021 40.7979 0
      vertex 43.0349 40.6513 0
    endloop
  endfacet
  facet normal 0.195165 0.98077 -0
    outer loop
      vertex 41.7781 40.3145 0
      vertex 41.56 40.3579 2.4
      vertex 41.7781 40.3145 2.4
    endloop
  endfacet
  facet normal 0.195165 0.98077 0
    outer loop
      vertex 41.56 40.3579 2.4
      vertex 41.7781 40.3145 0
      vertex 41.56 40.3579 0
    endloop
  endfacet
  facet normal 0.321484 0.946915 -0
    outer loop
      vertex 41.56 40.3579 0
      vertex 41.3494 40.4294 2.4
      vertex 41.56 40.3579 2.4
    endloop
  endfacet
  facet normal 0.321484 0.946915 0
    outer loop
      vertex 41.3494 40.4294 2.4
      vertex 41.56 40.3579 0
      vertex 41.3494 40.4294 0
    endloop
  endfacet
  facet normal 0.555426 0.831566 -0
    outer loop
      vertex 41.15 40.5278 0
      vertex 40.9651 40.6513 2.4
      vertex 41.15 40.5278 2.4
    endloop
  endfacet
  facet normal 0.555426 0.831566 0
    outer loop
      vertex 40.9651 40.6513 2.4
      vertex 41.15 40.5278 0
      vertex 40.9651 40.6513 0
    endloop
  endfacet
  facet normal 0.659268 0.751908 -0
    outer loop
      vertex 40.9651 40.6513 0
      vertex 40.7979 40.7979 2.4
      vertex 40.9651 40.6513 2.4
    endloop
  endfacet
  facet normal 0.659268 0.751908 0
    outer loop
      vertex 40.7979 40.7979 2.4
      vertex 40.9651 40.6513 0
      vertex 40.7979 40.7979 0
    endloop
  endfacet
  facet normal -0.751908 0.659268 0
    outer loop
      vertex 43.2021 40.7979 0
      vertex 43.3487 40.9651 2.4
      vertex 43.3487 40.9651 0
    endloop
  endfacet
  facet normal -0.751908 0.659268 0
    outer loop
      vertex 43.3487 40.9651 2.4
      vertex 43.2021 40.7979 0
      vertex 43.2021 40.7979 2.4
    endloop
  endfacet
  facet normal 0.0652057 0.997872 -0
    outer loop
      vertex 42 40.3 0
      vertex 41.7781 40.3145 2.4
      vertex 42 40.3 2.4
    endloop
  endfacet
  facet normal 0.0652057 0.997872 0
    outer loop
      vertex 41.7781 40.3145 2.4
      vertex 42 40.3 0
      vertex 41.7781 40.3145 0
    endloop
  endfacet
  facet normal 0.44253 0.896754 -0
    outer loop
      vertex 41.3494 40.4294 0
      vertex 41.15 40.5278 2.4
      vertex 41.3494 40.4294 2.4
    endloop
  endfacet
  facet normal 0.44253 0.896754 0
    outer loop
      vertex 41.15 40.5278 2.4
      vertex 41.3494 40.4294 0
      vertex 41.15 40.5278 0
    endloop
  endfacet
  facet normal -0.986865 -0.0646857 -0.148029
    outer loop
      vertex 43.85 26 0
      vertex 41.37 26.3054 16.4
      vertex 43.7037 28.232 0
    endloop
  endfacet
  facet normal -0.986869 -0.064628 -0.14803
    outer loop
      vertex 41.37 26.3054 16.4
      vertex 43.85 26 0
      vertex 41.39 26 16.4
    endloop
  endfacet
  facet normal 0.969971 0.192986 -0.148031
    outer loop
      vertex 10.7417 23.9912 16.4
      vertex 8.32185 23.5739 0
      vertex 8.30271 23.6701 0
    endloop
  endfacet
  facet normal 0.969982 0.19293 -0.148032
    outer loop
      vertex 8.32185 23.5739 0
      vertex 10.7417 23.9912 16.4
      vertex 11.0747 22.317 16.4
    endloop
  endfacet
  facet normal -0.936299 -0.318483 -0.148033
    outer loop
      vertex 42.5228 32.738 0
      vertex 40.2185 31.8895 16.4
      vertex 42.4912 32.8309 0
    endloop
  endfacet
  facet normal -0.936496 -0.317901 -0.148031
    outer loop
      vertex 40.2185 31.8895 16.4
      vertex 42.5228 32.738 0
      vertex 40.7672 30.2731 16.4
    endloop
  endfacet
  facet normal -0.936505 0.317875 -0.148031
    outer loop
      vertex 43.2418 21.3801 0
      vertex 40.7672 21.7269 16.4
      vertex 40.8656 22.0168 16.4
    endloop
  endfacet
  facet normal -0.936497 0.317899 -0.148031
    outer loop
      vertex 40.7672 21.7269 16.4
      vertex 43.2418 21.3801 0
      vertex 42.5228 19.262 0
    endloop
  endfacet
  facet normal 0.549425 -0.822325 -0.148034
    outer loop
      vertex 16.9934 41.404 0
      vertex 16.6312 38.2097 16.4
      vertex 15.1336 40.1614 0
    endloop
  endfacet
  facet normal 0.549559 -0.822239 -0.148014
    outer loop
      vertex 16.6312 38.2097 16.4
      vertex 16.9934 41.404 0
      vertex 16.8857 38.3798 16.4
    endloop
  endfacet
  facet normal -0.887379 -0.436631 -0.148025
    outer loop
      vertex 41.5019 34.837 0
      vertex 39.3281 33.695 16.4
      vertex 41.4586 34.925 0
    endloop
  endfacet
  facet normal -0.886993 -0.437413 -0.148029
    outer loop
      vertex 39.3281 33.695 16.4
      vertex 41.5019 34.837 0
      vertex 40.0831 32.164 16.4
    endloop
  endfacet
  facet normal 0.969988 -0.192899 -0.14803
    outer loop
      vertex 11.0747 29.683 16.4
      vertex 8.75822 30.6199 0
      vertex 11.1344 29.9832 16.4
    endloop
  endfacet
  facet normal 0.96998 -0.192939 -0.148031
    outer loop
      vertex 8.75822 30.6199 0
      vertex 11.0747 29.683 16.4
      vertex 8.32185 28.4261 0
    endloop
  endfacet
  facet normal -0.317875 -0.936505 -0.148031
    outer loop
      vertex 30.6199 43.2418 0
      vertex 30.2731 40.7672 16.4
      vertex 29.9832 40.8656 16.4
    endloop
  endfacet
  facet normal -0.317899 -0.936497 -0.148031
    outer loop
      vertex 30.2731 40.7672 16.4
      vertex 30.6199 43.2418 0
      vertex 32.738 42.5228 0
    endloop
  endfacet
  facet normal 0.549989 -0.821961 -0.14796
    outer loop
      vertex 17.075 41.4586 0
      vertex 16.8857 38.3798 16.4
      vertex 16.9934 41.404 0
    endloop
  endfacet
  facet normal 0.549431 -0.822321 -0.148034
    outer loop
      vertex 16.8857 38.3798 16.4
      vertex 17.075 41.4586 0
      vertex 18.305 39.3281 16.4
    endloop
  endfacet
  facet normal -0.652078 -0.74356 -0.148034
    outer loop
      vertex 36.8664 40.1614 0
      vertex 36.6522 37.0842 16.4
      vertex 35.3688 38.2097 16.4
    endloop
  endfacet
  facet normal -0.651961 -0.743659 -0.148051
    outer loop
      vertex 36.6522 37.0842 16.4
      vertex 36.8664 40.1614 0
      vertex 36.9402 40.0967 0
    endloop
  endfacet
  facet normal -0.549989 0.821961 -0.14796
    outer loop
      vertex 34.925 10.5414 0
      vertex 35.1143 13.6202 16.4
      vertex 35.0066 10.596 0
    endloop
  endfacet
  facet normal -0.549431 0.822321 -0.148034
    outer loop
      vertex 35.1143 13.6202 16.4
      vertex 34.925 10.5414 0
      vertex 33.695 12.6719 16.4
    endloop
  endfacet
  facet normal -0.986869 0.064628 -0.14803
    outer loop
      vertex 43.85 26 0
      vertex 41.37 25.6946 16.4
      vertex 41.39 26 16.4
    endloop
  endfacet
  facet normal -0.986865 0.0646857 -0.148029
    outer loop
      vertex 41.37 25.6946 16.4
      vertex 43.85 26 0
      vertex 43.7037 23.768 0
    endloop
  endfacet
  facet normal 0.822239 -0.549559 -0.148014
    outer loop
      vertex 10.596 35.0066 0
      vertex 13.7903 35.3688 16.4
      vertex 13.6202 35.1143 16.4
    endloop
  endfacet
  facet normal 0.822325 -0.549425 -0.148034
    outer loop
      vertex 13.7903 35.3688 16.4
      vertex 10.596 35.0066 0
      vertex 11.8386 36.8664 0
    endloop
  endfacet
  facet normal 0.652079 -0.743559 -0.148031
    outer loop
      vertex 15.0598 40.0967 0
      vertex 15.1176 36.8824 16.4
      vertex 13.3781 38.6219 0
    endloop
  endfacet
  facet normal 0.651933 -0.743682 -0.148055
    outer loop
      vertex 15.1176 36.8824 16.4
      vertex 15.0598 40.0967 0
      vertex 15.3478 37.0842 16.4
    endloop
  endfacet
  facet normal 0.986863 -0.0647156 -0.148032
    outer loop
      vertex 10.7417 28.0088 16.4
      vertex 8.29629 28.232 0
      vertex 8.30271 28.3299 0
    endloop
  endfacet
  facet normal 0.986863 -0.0647133 -0.148032
    outer loop
      vertex 8.29629 28.232 0
      vertex 10.7417 28.0088 16.4
      vertex 10.63 26.3054 16.4
    endloop
  endfacet
  facet normal 0.652078 0.74356 -0.148034
    outer loop
      vertex 15.1336 11.8386 0
      vertex 15.3478 14.9158 16.4
      vertex 16.6312 13.7903 16.4
    endloop
  endfacet
  facet normal 0.651961 0.743659 -0.148051
    outer loop
      vertex 15.3478 14.9158 16.4
      vertex 15.1336 11.8386 0
      vertex 15.0598 11.9033 0
    endloop
  endfacet
  facet normal 0.887379 -0.436631 -0.148025
    outer loop
      vertex 12.6719 33.695 16.4
      vertex 10.4981 34.837 0
      vertex 10.5414 34.925 0
    endloop
  endfacet
  facet normal 0.886993 -0.437413 -0.148029
    outer loop
      vertex 10.4981 34.837 0
      vertex 12.6719 33.695 16.4
      vertex 11.9169 32.164 16.4
    endloop
  endfacet
  facet normal 0.936499 -0.317895 -0.14803
    outer loop
      vertex 11.2328 30.2731 16.4
      vertex 8.75822 30.6199 0
      vertex 9.47721 32.738 0
    endloop
  endfacet
  facet normal 0.936505 -0.317876 -0.14803
    outer loop
      vertex 8.75822 30.6199 0
      vertex 11.2328 30.2731 16.4
      vertex 11.1344 29.9832 16.4
    endloop
  endfacet
  facet normal 0.192939 0.96998 -0.148031
    outer loop
      vertex 21.3801 8.75822 0
      vertex 22.317 11.0747 16.4
      vertex 23.5739 8.32185 0
    endloop
  endfacet
  facet normal 0.192899 0.969988 -0.14803
    outer loop
      vertex 22.317 11.0747 16.4
      vertex 21.3801 8.75822 0
      vertex 22.0168 11.1344 16.4
    endloop
  endfacet
  facet normal 0.0646857 -0.986865 -0.148029
    outer loop
      vertex 26 43.85 0
      vertex 25.6946 41.37 16.4
      vertex 23.768 43.7037 0
    endloop
  endfacet
  facet normal 0.064628 -0.986869 -0.14803
    outer loop
      vertex 25.6946 41.37 16.4
      vertex 26 43.85 0
      vertex 26 41.39 16.4
    endloop
  endfacet
  facet normal -0.549559 -0.822239 -0.148014
    outer loop
      vertex 35.0066 41.404 0
      vertex 35.3688 38.2097 16.4
      vertex 35.1143 38.3798 16.4
    endloop
  endfacet
  facet normal -0.549425 -0.822325 -0.148034
    outer loop
      vertex 35.3688 38.2097 16.4
      vertex 35.0066 41.404 0
      vertex 36.8664 40.1614 0
    endloop
  endfacet
  facet normal 0.192899 -0.969988 -0.148031
    outer loop
      vertex 21.3801 43.2418 0
      vertex 22.317 40.9253 16.4
      vertex 22.0168 40.8656 16.4
    endloop
  endfacet
  facet normal 0.192952 -0.969977 -0.148032
    outer loop
      vertex 22.317 40.9253 16.4
      vertex 21.3801 43.2418 0
      vertex 23.5739 43.6782 0
    endloop
  endfacet
  facet normal -0.651933 -0.743682 -0.148055
    outer loop
      vertex 36.9402 40.0967 0
      vertex 36.8824 36.8824 16.4
      vertex 36.6522 37.0842 16.4
    endloop
  endfacet
  facet normal -0.652079 -0.743559 -0.148031
    outer loop
      vertex 36.8824 36.8824 16.4
      vertex 36.9402 40.0967 0
      vertex 38.6219 38.6219 0
    endloop
  endfacet
  facet normal -0.886992 -0.437416 -0.148029
    outer loop
      vertex 42.4912 32.8309 0
      vertex 40.0831 32.164 16.4
      vertex 41.5019 34.837 0
    endloop
  endfacet
  facet normal -0.886952 -0.437498 -0.148027
    outer loop
      vertex 40.0831 32.164 16.4
      vertex 42.4912 32.8309 0
      vertex 40.2185 31.8895 16.4
    endloop
  endfacet
  facet normal -0.549425 0.822325 -0.148034
    outer loop
      vertex 35.0066 10.596 0
      vertex 35.3688 13.7903 16.4
      vertex 36.8664 11.8386 0
    endloop
  endfacet
  facet normal -0.549559 0.822239 -0.148014
    outer loop
      vertex 35.3688 13.7903 16.4
      vertex 35.0066 10.596 0
      vertex 35.1143 13.6202 16.4
    endloop
  endfacet
  facet normal -0.743682 0.651933 -0.148055
    outer loop
      vertex 40.0967 15.0598 0
      vertex 36.8824 15.1176 16.4
      vertex 37.0842 15.3478 16.4
    endloop
  endfacet
  facet normal -0.743559 0.652079 -0.148031
    outer loop
      vertex 36.8824 15.1176 16.4
      vertex 40.0967 15.0598 0
      vertex 38.6219 13.3781 0
    endloop
  endfacet
  facet normal -0.969977 0.192952 -0.148032
    outer loop
      vertex 43.2418 21.3801 0
      vertex 40.9253 22.317 16.4
      vertex 43.6782 23.5739 0
    endloop
  endfacet
  facet normal -0.969988 0.192899 -0.148031
    outer loop
      vertex 40.9253 22.317 16.4
      vertex 43.2418 21.3801 0
      vertex 40.8656 22.0168 16.4
    endloop
  endfacet
  facet normal -0.986863 0.0647133 -0.148032
    outer loop
      vertex 43.7037 23.768 0
      vertex 41.2583 23.9912 16.4
      vertex 41.37 25.6946 16.4
    endloop
  endfacet
  facet normal -0.986876 0.0645149 -0.148031
    outer loop
      vertex 41.2583 23.9912 16.4
      vertex 43.7037 23.768 0
      vertex 43.6973 23.6701 0
    endloop
  endfacet
  facet normal 0.743559 -0.652079 -0.148031
    outer loop
      vertex 15.1176 36.8824 16.4
      vertex 11.9033 36.9402 0
      vertex 13.3781 38.6219 0
    endloop
  endfacet
  facet normal 0.743682 -0.651933 -0.148055
    outer loop
      vertex 11.9033 36.9402 0
      vertex 15.1176 36.8824 16.4
      vertex 14.9158 36.6522 16.4
    endloop
  endfacet
  facet normal 0.743659 -0.651961 -0.148051
    outer loop
      vertex 14.9158 36.6522 16.4
      vertex 11.8386 36.8664 0
      vertex 11.9033 36.9402 0
    endloop
  endfacet
  facet normal 0.74356 -0.652078 -0.148034
    outer loop
      vertex 11.8386 36.8664 0
      vertex 14.9158 36.6522 16.4
      vertex 13.7903 35.3688 16.4
    endloop
  endfacet
  facet normal 0.969988 0.192899 -0.14803
    outer loop
      vertex 8.75822 21.3801 0
      vertex 11.0747 22.317 16.4
      vertex 11.1344 22.0168 16.4
    endloop
  endfacet
  facet normal 0.96998 0.192939 -0.148031
    outer loop
      vertex 11.0747 22.317 16.4
      vertex 8.75822 21.3801 0
      vertex 8.32185 23.5739 0
    endloop
  endfacet
  facet normal 0.886993 0.437413 -0.148029
    outer loop
      vertex 12.6719 18.305 16.4
      vertex 10.4981 17.163 0
      vertex 11.9169 19.836 16.4
    endloop
  endfacet
  facet normal 0.887379 0.436631 -0.148025
    outer loop
      vertex 10.4981 17.163 0
      vertex 12.6719 18.305 16.4
      vertex 10.5414 17.075 0
    endloop
  endfacet
  facet normal 0.936483 -0.317941 -0.148031
    outer loop
      vertex 11.7815 31.8895 16.4
      vertex 9.47721 32.738 0
      vertex 9.50875 32.8309 0
    endloop
  endfacet
  facet normal 0.936497 -0.317901 -0.14803
    outer loop
      vertex 9.47721 32.738 0
      vertex 11.7815 31.8895 16.4
      vertex 11.2328 30.2731 16.4
    endloop
  endfacet
  facet normal 0.821961 -0.549989 -0.14796
    outer loop
      vertex 13.6202 35.1143 16.4
      vertex 10.5414 34.925 0
      vertex 10.596 35.0066 0
    endloop
  endfacet
  facet normal 0.822321 -0.549431 -0.148034
    outer loop
      vertex 10.5414 34.925 0
      vertex 13.6202 35.1143 16.4
      vertex 12.6719 33.695 16.4
    endloop
  endfacet
  facet normal 0.886983 -0.437434 -0.148031
    outer loop
      vertex 11.9169 32.164 16.4
      vertex 9.50875 32.8309 0
      vertex 10.4981 34.837 0
    endloop
  endfacet
  facet normal 0.886951 -0.437498 -0.148029
    outer loop
      vertex 9.50875 32.8309 0
      vertex 11.9169 32.164 16.4
      vertex 11.7815 31.8895 16.4
    endloop
  endfacet
  facet normal 0.549559 0.822239 -0.148014
    outer loop
      vertex 16.9934 10.596 0
      vertex 16.6312 13.7903 16.4
      vertex 16.8857 13.6202 16.4
    endloop
  endfacet
  facet normal 0.549425 0.822325 -0.148034
    outer loop
      vertex 16.6312 13.7903 16.4
      vertex 16.9934 10.596 0
      vertex 15.1336 11.8386 0
    endloop
  endfacet
  facet normal -0.064628 -0.986869 -0.14803
    outer loop
      vertex 26 43.85 0
      vertex 26.3054 41.37 16.4
      vertex 26 41.39 16.4
    endloop
  endfacet
  facet normal -0.0646857 -0.986865 -0.148029
    outer loop
      vertex 26.3054 41.37 16.4
      vertex 26 43.85 0
      vertex 28.232 43.7037 0
    endloop
  endfacet
  facet normal -0.437498 -0.886952 -0.148027
    outer loop
      vertex 32.8309 42.4912 0
      vertex 32.164 40.0831 16.4
      vertex 31.8895 40.2185 16.4
    endloop
  endfacet
  facet normal -0.437416 -0.886992 -0.148029
    outer loop
      vertex 32.164 40.0831 16.4
      vertex 32.8309 42.4912 0
      vertex 34.837 41.5019 0
    endloop
  endfacet
  facet normal -0.317901 -0.936496 -0.148031
    outer loop
      vertex 32.738 42.5228 0
      vertex 31.8895 40.2185 16.4
      vertex 30.2731 40.7672 16.4
    endloop
  endfacet
  facet normal -0.318483 -0.936299 -0.148033
    outer loop
      vertex 31.8895 40.2185 16.4
      vertex 32.738 42.5228 0
      vertex 32.8309 42.4912 0
    endloop
  endfacet
  facet normal 0.318483 -0.936299 -0.148033
    outer loop
      vertex 19.262 42.5228 0
      vertex 20.1105 40.2185 16.4
      vertex 19.1691 42.4912 0
    endloop
  endfacet
  facet normal 0.317901 -0.936496 -0.148031
    outer loop
      vertex 20.1105 40.2185 16.4
      vertex 19.262 42.5228 0
      vertex 21.7269 40.7672 16.4
    endloop
  endfacet
  facet normal 0.437416 -0.886992 -0.148029
    outer loop
      vertex 19.1691 42.4912 0
      vertex 19.836 40.0831 16.4
      vertex 17.163 41.5019 0
    endloop
  endfacet
  facet normal 0.437498 -0.886952 -0.148027
    outer loop
      vertex 19.836 40.0831 16.4
      vertex 19.1691 42.4912 0
      vertex 20.1105 40.2185 16.4
    endloop
  endfacet
  facet normal 0.317899 -0.936497 -0.148031
    outer loop
      vertex 21.3801 43.2418 0
      vertex 21.7269 40.7672 16.4
      vertex 19.262 42.5228 0
    endloop
  endfacet
  facet normal 0.317875 -0.936505 -0.148031
    outer loop
      vertex 21.7269 40.7672 16.4
      vertex 21.3801 43.2418 0
      vertex 22.0168 40.8656 16.4
    endloop
  endfacet
  facet normal -0.743559 -0.652079 -0.148031
    outer loop
      vertex 40.0967 36.9402 0
      vertex 36.8824 36.8824 16.4
      vertex 38.6219 38.6219 0
    endloop
  endfacet
  facet normal -0.743682 -0.651933 -0.148055
    outer loop
      vertex 36.8824 36.8824 16.4
      vertex 40.0967 36.9402 0
      vertex 37.0842 36.6522 16.4
    endloop
  endfacet
  facet normal -0.986876 -0.0645149 -0.148031
    outer loop
      vertex 43.7037 28.232 0
      vertex 41.2583 28.0088 16.4
      vertex 43.6973 28.3299 0
    endloop
  endfacet
  facet normal -0.986863 -0.0647133 -0.148032
    outer loop
      vertex 41.2583 28.0088 16.4
      vertex 43.7037 28.232 0
      vertex 41.37 26.3054 16.4
    endloop
  endfacet
  facet normal -0.822325 -0.549425 -0.148034
    outer loop
      vertex 41.404 35.0066 0
      vertex 38.2097 35.3688 16.4
      vertex 40.1614 36.8664 0
    endloop
  endfacet
  facet normal -0.822239 -0.549559 -0.148014
    outer loop
      vertex 38.2097 35.3688 16.4
      vertex 41.404 35.0066 0
      vertex 38.3798 35.1143 16.4
    endloop
  endfacet
  facet normal -0.743659 -0.651961 -0.148051
    outer loop
      vertex 40.1614 36.8664 0
      vertex 37.0842 36.6522 16.4
      vertex 40.0967 36.9402 0
    endloop
  endfacet
  facet normal -0.74356 -0.652078 -0.148034
    outer loop
      vertex 37.0842 36.6522 16.4
      vertex 40.1614 36.8664 0
      vertex 38.2097 35.3688 16.4
    endloop
  endfacet
  facet normal 0.0647003 0.986864 -0.14803
    outer loop
      vertex 26 8.15 0
      vertex 23.9912 10.7417 16.4
      vertex 26 10.61 16.4
    endloop
  endfacet
  facet normal 0.0646827 0.986865 -0.148032
    outer loop
      vertex 23.9912 10.7417 16.4
      vertex 26 8.15 0
      vertex 23.6701 8.30271 0
    endloop
  endfacet
  facet normal 0.192986 0.969971 -0.148031
    outer loop
      vertex 23.5739 8.32185 0
      vertex 23.9912 10.7417 16.4
      vertex 23.6701 8.30271 0
    endloop
  endfacet
  facet normal 0.19293 0.969982 -0.148032
    outer loop
      vertex 23.9912 10.7417 16.4
      vertex 23.5739 8.32185 0
      vertex 22.317 11.0747 16.4
    endloop
  endfacet
  facet normal -0.317941 0.936483 -0.148031
    outer loop
      vertex 32.738 9.47721 0
      vertex 31.8895 11.7815 16.4
      vertex 32.8309 9.50875 0
    endloop
  endfacet
  facet normal -0.317901 0.936497 -0.14803
    outer loop
      vertex 31.8895 11.7815 16.4
      vertex 32.738 9.47721 0
      vertex 30.2731 11.2328 16.4
    endloop
  endfacet
  facet normal -0.822239 0.549559 -0.148014
    outer loop
      vertex 41.404 16.9934 0
      vertex 38.2097 16.6312 16.4
      vertex 38.3798 16.8857 16.4
    endloop
  endfacet
  facet normal -0.822325 0.549425 -0.148034
    outer loop
      vertex 38.2097 16.6312 16.4
      vertex 41.404 16.9934 0
      vertex 40.1614 15.1336 0
    endloop
  endfacet
  facet normal -0.821961 0.549989 -0.14796
    outer loop
      vertex 38.3798 16.8857 16.4
      vertex 41.4586 17.075 0
      vertex 41.404 16.9934 0
    endloop
  endfacet
  facet normal -0.822321 0.549431 -0.148034
    outer loop
      vertex 41.4586 17.075 0
      vertex 38.3798 16.8857 16.4
      vertex 39.3281 18.305 16.4
    endloop
  endfacet
  facet normal -0.936496 0.317901 -0.148031
    outer loop
      vertex 42.5228 19.262 0
      vertex 40.2185 20.1105 16.4
      vertex 40.7672 21.7269 16.4
    endloop
  endfacet
  facet normal -0.936299 0.318483 -0.148033
    outer loop
      vertex 40.2185 20.1105 16.4
      vertex 42.5228 19.262 0
      vertex 42.4912 19.1691 0
    endloop
  endfacet
  facet normal 0.651961 -0.743659 -0.148051
    outer loop
      vertex 15.1336 40.1614 0
      vertex 15.3478 37.0842 16.4
      vertex 15.0598 40.0967 0
    endloop
  endfacet
  facet normal 0.652078 -0.74356 -0.148034
    outer loop
      vertex 15.3478 37.0842 16.4
      vertex 15.1336 40.1614 0
      vertex 16.6312 38.2097 16.4
    endloop
  endfacet
  facet normal 0.986869 -0.064628 -0.14803
    outer loop
      vertex 8.15 26 0
      vertex 10.63 26.3054 16.4
      vertex 10.61 26 16.4
    endloop
  endfacet
  facet normal 0.986866 -0.0646813 -0.148029
    outer loop
      vertex 10.63 26.3054 16.4
      vertex 8.15 26 0
      vertex 8.29629 28.232 0
    endloop
  endfacet
  facet normal 0.986864 0.0647003 -0.14803
    outer loop
      vertex 10.7417 23.9912 16.4
      vertex 8.15 26 0
      vertex 10.61 26 16.4
    endloop
  endfacet
  facet normal 0.986865 0.0646827 -0.148032
    outer loop
      vertex 8.15 26 0
      vertex 10.7417 23.9912 16.4
      vertex 8.30271 23.6701 0
    endloop
  endfacet
  facet normal 0.936505 0.317876 -0.14803
    outer loop
      vertex 11.2328 21.7269 16.4
      vertex 8.75822 21.3801 0
      vertex 11.1344 22.0168 16.4
    endloop
  endfacet
  facet normal 0.936499 0.317895 -0.14803
    outer loop
      vertex 8.75822 21.3801 0
      vertex 11.2328 21.7269 16.4
      vertex 9.47721 19.262 0
    endloop
  endfacet
  facet normal 0.886951 0.437498 -0.148029
    outer loop
      vertex 11.9169 19.836 16.4
      vertex 9.50875 19.1691 0
      vertex 11.7815 20.1105 16.4
    endloop
  endfacet
  facet normal 0.886983 0.437434 -0.148031
    outer loop
      vertex 9.50875 19.1691 0
      vertex 11.9169 19.836 16.4
      vertex 10.4981 17.163 0
    endloop
  endfacet
  facet normal 0.822239 0.549559 -0.148014
    outer loop
      vertex 13.7903 16.6312 16.4
      vertex 10.596 16.9934 0
      vertex 13.6202 16.8857 16.4
    endloop
  endfacet
  facet normal 0.822325 0.549425 -0.148034
    outer loop
      vertex 10.596 16.9934 0
      vertex 13.7903 16.6312 16.4
      vertex 11.8386 15.1336 0
    endloop
  endfacet
  facet normal 0.822321 0.549431 -0.148034
    outer loop
      vertex 13.6202 16.8857 16.4
      vertex 10.5414 17.075 0
      vertex 12.6719 18.305 16.4
    endloop
  endfacet
  facet normal 0.821961 0.549989 -0.14796
    outer loop
      vertex 10.5414 17.075 0
      vertex 13.6202 16.8857 16.4
      vertex 10.596 16.9934 0
    endloop
  endfacet
  facet normal 0.437413 0.886993 -0.148029
    outer loop
      vertex 17.163 10.4981 0
      vertex 18.305 12.6719 16.4
      vertex 19.836 11.9169 16.4
    endloop
  endfacet
  facet normal 0.436631 0.887379 -0.148025
    outer loop
      vertex 18.305 12.6719 16.4
      vertex 17.163 10.4981 0
      vertex 17.075 10.5414 0
    endloop
  endfacet
  facet normal 0.317876 0.936505 -0.14803
    outer loop
      vertex 21.3801 8.75822 0
      vertex 21.7269 11.2328 16.4
      vertex 22.0168 11.1344 16.4
    endloop
  endfacet
  facet normal 0.317895 0.936499 -0.14803
    outer loop
      vertex 21.7269 11.2328 16.4
      vertex 21.3801 8.75822 0
      vertex 19.262 9.47721 0
    endloop
  endfacet
  facet normal -0.192952 -0.969977 -0.148032
    outer loop
      vertex 30.6199 43.2418 0
      vertex 29.683 40.9253 16.4
      vertex 28.4261 43.6782 0
    endloop
  endfacet
  facet normal -0.192899 -0.969988 -0.148031
    outer loop
      vertex 29.683 40.9253 16.4
      vertex 30.6199 43.2418 0
      vertex 29.9832 40.8656 16.4
    endloop
  endfacet
  facet normal 0.0645149 -0.986876 -0.148031
    outer loop
      vertex 23.768 43.7037 0
      vertex 23.9912 41.2583 16.4
      vertex 23.6701 43.6973 0
    endloop
  endfacet
  facet normal 0.0647133 -0.986863 -0.148032
    outer loop
      vertex 23.9912 41.2583 16.4
      vertex 23.768 43.7037 0
      vertex 25.6946 41.37 16.4
    endloop
  endfacet
  facet normal 0.19293 -0.969981 -0.148035
    outer loop
      vertex 23.5739 43.6782 0
      vertex 23.9912 41.2583 16.4
      vertex 22.317 40.9253 16.4
    endloop
  endfacet
  facet normal 0.192598 -0.970047 -0.148036
    outer loop
      vertex 23.9912 41.2583 16.4
      vertex 23.5739 43.6782 0
      vertex 23.6701 43.6973 0
    endloop
  endfacet
  facet normal -0.549431 -0.822321 -0.148034
    outer loop
      vertex 34.925 41.4586 0
      vertex 35.1143 38.3798 16.4
      vertex 33.695 39.3281 16.4
    endloop
  endfacet
  facet normal -0.549989 -0.821961 -0.14796
    outer loop
      vertex 35.1143 38.3798 16.4
      vertex 34.925 41.4586 0
      vertex 35.0066 41.404 0
    endloop
  endfacet
  facet normal -0.437413 -0.886993 -0.148029
    outer loop
      vertex 34.837 41.5019 0
      vertex 33.695 39.3281 16.4
      vertex 32.164 40.0831 16.4
    endloop
  endfacet
  facet normal -0.436631 -0.887379 -0.148025
    outer loop
      vertex 33.695 39.3281 16.4
      vertex 34.837 41.5019 0
      vertex 34.925 41.4586 0
    endloop
  endfacet
  facet normal 0.436631 -0.887379 -0.148025
    outer loop
      vertex 17.163 41.5019 0
      vertex 18.305 39.3281 16.4
      vertex 17.075 41.4586 0
    endloop
  endfacet
  facet normal 0.437413 -0.886993 -0.148029
    outer loop
      vertex 18.305 39.3281 16.4
      vertex 17.163 41.5019 0
      vertex 19.836 40.0831 16.4
    endloop
  endfacet
  facet normal -0.970047 -0.192598 -0.148036
    outer loop
      vertex 41.2583 28.0088 16.4
      vertex 43.6782 28.4261 0
      vertex 43.6973 28.3299 0
    endloop
  endfacet
  facet normal -0.969981 -0.19293 -0.148035
    outer loop
      vertex 43.6782 28.4261 0
      vertex 41.2583 28.0088 16.4
      vertex 40.9253 29.683 16.4
    endloop
  endfacet
  facet normal -0.821961 -0.549989 -0.14796
    outer loop
      vertex 41.4586 34.925 0
      vertex 38.3798 35.1143 16.4
      vertex 41.404 35.0066 0
    endloop
  endfacet
  facet normal -0.822321 -0.549431 -0.148034
    outer loop
      vertex 38.3798 35.1143 16.4
      vertex 41.4586 34.925 0
      vertex 39.3281 33.695 16.4
    endloop
  endfacet
  facet normal -0.0646813 0.986866 -0.148029
    outer loop
      vertex 26 8.15 0
      vertex 26.3054 10.63 16.4
      vertex 28.232 8.29629 0
    endloop
  endfacet
  facet normal -0.064628 0.986869 -0.14803
    outer loop
      vertex 26.3054 10.63 16.4
      vertex 26 8.15 0
      vertex 26 10.61 16.4
    endloop
  endfacet
  facet normal -0.19293 0.969982 -0.148032
    outer loop
      vertex 28.4261 8.32185 0
      vertex 28.0088 10.7417 16.4
      vertex 29.683 11.0747 16.4
    endloop
  endfacet
  facet normal -0.192986 0.969971 -0.148031
    outer loop
      vertex 28.0088 10.7417 16.4
      vertex 28.4261 8.32185 0
      vertex 28.3299 8.30271 0
    endloop
  endfacet
  facet normal -0.437434 0.886983 -0.148031
    outer loop
      vertex 32.8309 9.50875 0
      vertex 32.164 11.9169 16.4
      vertex 34.837 10.4981 0
    endloop
  endfacet
  facet normal -0.437498 0.886951 -0.148029
    outer loop
      vertex 32.164 11.9169 16.4
      vertex 32.8309 9.50875 0
      vertex 31.8895 11.7815 16.4
    endloop
  endfacet
  facet normal -0.436631 0.887379 -0.148025
    outer loop
      vertex 34.837 10.4981 0
      vertex 33.695 12.6719 16.4
      vertex 34.925 10.5414 0
    endloop
  endfacet
  facet normal -0.437413 0.886993 -0.148029
    outer loop
      vertex 33.695 12.6719 16.4
      vertex 34.837 10.4981 0
      vertex 32.164 11.9169 16.4
    endloop
  endfacet
  facet normal -0.74356 0.652078 -0.148034
    outer loop
      vertex 40.1614 15.1336 0
      vertex 37.0842 15.3478 16.4
      vertex 38.2097 16.6312 16.4
    endloop
  endfacet
  facet normal -0.743659 0.651961 -0.148051
    outer loop
      vertex 37.0842 15.3478 16.4
      vertex 40.1614 15.1336 0
      vertex 40.0967 15.0598 0
    endloop
  endfacet
  facet normal -0.970047 0.192598 -0.148036
    outer loop
      vertex 43.6782 23.5739 0
      vertex 41.2583 23.9912 16.4
      vertex 43.6973 23.6701 0
    endloop
  endfacet
  facet normal -0.969981 0.19293 -0.148035
    outer loop
      vertex 41.2583 23.9912 16.4
      vertex 43.6782 23.5739 0
      vertex 40.9253 22.317 16.4
    endloop
  endfacet
  facet normal -0.886993 0.437413 -0.148029
    outer loop
      vertex 41.5019 17.163 0
      vertex 39.3281 18.305 16.4
      vertex 40.0831 19.836 16.4
    endloop
  endfacet
  facet normal -0.887379 0.436631 -0.148025
    outer loop
      vertex 39.3281 18.305 16.4
      vertex 41.5019 17.163 0
      vertex 41.4586 17.075 0
    endloop
  endfacet
  facet normal -0.886952 0.437498 -0.148027
    outer loop
      vertex 42.4912 19.1691 0
      vertex 40.0831 19.836 16.4
      vertex 40.2185 20.1105 16.4
    endloop
  endfacet
  facet normal -0.886992 0.437416 -0.148029
    outer loop
      vertex 40.0831 19.836 16.4
      vertex 42.4912 19.1691 0
      vertex 41.5019 17.163 0
    endloop
  endfacet
  facet normal 0.969982 -0.19293 -0.148032
    outer loop
      vertex 10.7417 28.0088 16.4
      vertex 8.32185 28.4261 0
      vertex 11.0747 29.683 16.4
    endloop
  endfacet
  facet normal 0.969971 -0.192986 -0.148031
    outer loop
      vertex 8.32185 28.4261 0
      vertex 10.7417 28.0088 16.4
      vertex 8.30271 28.3299 0
    endloop
  endfacet
  facet normal 0.936497 0.317901 -0.14803
    outer loop
      vertex 11.7815 20.1105 16.4
      vertex 9.47721 19.262 0
      vertex 11.2328 21.7269 16.4
    endloop
  endfacet
  facet normal 0.936483 0.317941 -0.148031
    outer loop
      vertex 9.47721 19.262 0
      vertex 11.7815 20.1105 16.4
      vertex 9.50875 19.1691 0
    endloop
  endfacet
  facet normal 0.651933 0.743682 -0.148055
    outer loop
      vertex 15.0598 11.9033 0
      vertex 15.1176 15.1176 16.4
      vertex 15.3478 14.9158 16.4
    endloop
  endfacet
  facet normal 0.652079 0.743559 -0.148031
    outer loop
      vertex 15.1176 15.1176 16.4
      vertex 15.0598 11.9033 0
      vertex 13.3781 13.3781 0
    endloop
  endfacet
  facet normal 0.743682 0.651933 -0.148055
    outer loop
      vertex 15.1176 15.1176 16.4
      vertex 11.9033 15.0598 0
      vertex 14.9158 15.3478 16.4
    endloop
  endfacet
  facet normal 0.743559 0.652079 -0.148031
    outer loop
      vertex 11.9033 15.0598 0
      vertex 15.1176 15.1176 16.4
      vertex 13.3781 13.3781 0
    endloop
  endfacet
  facet normal 0.74356 0.652078 -0.148034
    outer loop
      vertex 14.9158 15.3478 16.4
      vertex 11.8386 15.1336 0
      vertex 13.7903 16.6312 16.4
    endloop
  endfacet
  facet normal 0.743659 0.651961 -0.148051
    outer loop
      vertex 11.8386 15.1336 0
      vertex 14.9158 15.3478 16.4
      vertex 11.9033 15.0598 0
    endloop
  endfacet
  facet normal 0.317901 0.936497 -0.14803
    outer loop
      vertex 19.262 9.47721 0
      vertex 20.1105 11.7815 16.4
      vertex 21.7269 11.2328 16.4
    endloop
  endfacet
  facet normal 0.317941 0.936483 -0.148031
    outer loop
      vertex 20.1105 11.7815 16.4
      vertex 19.262 9.47721 0
      vertex 19.1691 9.50875 0
    endloop
  endfacet
  facet normal 0.549431 0.822321 -0.148034
    outer loop
      vertex 17.075 10.5414 0
      vertex 16.8857 13.6202 16.4
      vertex 18.305 12.6719 16.4
    endloop
  endfacet
  facet normal 0.549989 0.821961 -0.14796
    outer loop
      vertex 16.8857 13.6202 16.4
      vertex 17.075 10.5414 0
      vertex 16.9934 10.596 0
    endloop
  endfacet
  facet normal 0.437498 0.886951 -0.148029
    outer loop
      vertex 19.1691 9.50875 0
      vertex 19.836 11.9169 16.4
      vertex 20.1105 11.7815 16.4
    endloop
  endfacet
  facet normal 0.437434 0.886983 -0.148031
    outer loop
      vertex 19.836 11.9169 16.4
      vertex 19.1691 9.50875 0
      vertex 17.163 10.4981 0
    endloop
  endfacet
  facet normal -0.192598 -0.970047 -0.148036
    outer loop
      vertex 28.4261 43.6782 0
      vertex 28.0088 41.2583 16.4
      vertex 28.3299 43.6973 0
    endloop
  endfacet
  facet normal -0.19293 -0.969981 -0.148035
    outer loop
      vertex 28.0088 41.2583 16.4
      vertex 28.4261 43.6782 0
      vertex 29.683 40.9253 16.4
    endloop
  endfacet
  facet normal -0.0647133 -0.986863 -0.148032
    outer loop
      vertex 28.232 43.7037 0
      vertex 28.0088 41.2583 16.4
      vertex 26.3054 41.37 16.4
    endloop
  endfacet
  facet normal -0.0645149 -0.986876 -0.148031
    outer loop
      vertex 28.0088 41.2583 16.4
      vertex 28.232 43.7037 0
      vertex 28.3299 43.6973 0
    endloop
  endfacet
  facet normal -0.969988 -0.192899 -0.148031
    outer loop
      vertex 43.2418 30.6199 0
      vertex 40.9253 29.683 16.4
      vertex 40.8656 29.9832 16.4
    endloop
  endfacet
  facet normal -0.969977 -0.192952 -0.148032
    outer loop
      vertex 40.9253 29.683 16.4
      vertex 43.2418 30.6199 0
      vertex 43.6782 28.4261 0
    endloop
  endfacet
  facet normal -0.936497 -0.317899 -0.148031
    outer loop
      vertex 43.2418 30.6199 0
      vertex 40.7672 30.2731 16.4
      vertex 42.5228 32.738 0
    endloop
  endfacet
  facet normal -0.936505 -0.317875 -0.148031
    outer loop
      vertex 40.7672 30.2731 16.4
      vertex 43.2418 30.6199 0
      vertex 40.8656 29.9832 16.4
    endloop
  endfacet
  facet normal -0.0647156 0.986863 -0.148032
    outer loop
      vertex 28.232 8.29629 0
      vertex 28.0088 10.7417 16.4
      vertex 28.3299 8.30271 0
    endloop
  endfacet
  facet normal -0.0647133 0.986863 -0.148032
    outer loop
      vertex 28.0088 10.7417 16.4
      vertex 28.232 8.29629 0
      vertex 26.3054 10.63 16.4
    endloop
  endfacet
  facet normal -0.192899 0.969988 -0.14803
    outer loop
      vertex 30.6199 8.75822 0
      vertex 29.683 11.0747 16.4
      vertex 29.9832 11.1344 16.4
    endloop
  endfacet
  facet normal -0.192939 0.96998 -0.148031
    outer loop
      vertex 29.683 11.0747 16.4
      vertex 30.6199 8.75822 0
      vertex 28.4261 8.32185 0
    endloop
  endfacet
  facet normal -0.317895 0.936499 -0.14803
    outer loop
      vertex 30.6199 8.75822 0
      vertex 30.2731 11.2328 16.4
      vertex 32.738 9.47721 0
    endloop
  endfacet
  facet normal -0.317876 0.936505 -0.14803
    outer loop
      vertex 30.2731 11.2328 16.4
      vertex 30.6199 8.75822 0
      vertex 29.9832 11.1344 16.4
    endloop
  endfacet
  facet normal -0.651961 0.743659 -0.148051
    outer loop
      vertex 36.8664 11.8386 0
      vertex 36.6522 14.9158 16.4
      vertex 36.9402 11.9033 0
    endloop
  endfacet
  facet normal -0.652078 0.74356 -0.148034
    outer loop
      vertex 36.6522 14.9158 16.4
      vertex 36.8664 11.8386 0
      vertex 35.3688 13.7903 16.4
    endloop
  endfacet
  facet normal -0.652079 0.743559 -0.148031
    outer loop
      vertex 36.9402 11.9033 0
      vertex 36.8824 15.1176 16.4
      vertex 38.6219 13.3781 0
    endloop
  endfacet
  facet normal -0.651933 0.743682 -0.148055
    outer loop
      vertex 36.8824 15.1176 16.4
      vertex 36.9402 11.9033 0
      vertex 36.6522 14.9158 16.4
    endloop
  endfacet
endsolid OpenSCAD_Model
