solid OpenSCAD_Model
  facet normal -1 0 0
    outer loop
      vertex 4 17.3 2.4
      vertex 4 4 2.4
      vertex 4 17.3 3.4
    endloop
  endfacet
  facet normal -1 0 0
    outer loop
      vertex 4 17.3 3.4
      vertex 4 19.8 5.4
      vertex 4 19.8 3.4
    endloop
  endfacet
  facet normal -1 0 0
    outer loop
      vertex 4 4 5.4
      vertex 4 17.3 3.4
      vertex 4 4 2.4
    endloop
  endfacet
  facet normal -1 0 0
    outer loop
      vertex 4 17.3 3.4
      vertex 4 4 5.4
      vertex 4 19.8 5.4
    endloop
  endfacet
  facet normal 0 0 1
    outer loop
      vertex 19.8 6.4 5.4
      vertex 21.8 19.8 5.4
      vertex 19.8 17.8 5.4
    endloop
  endfacet
  facet normal 0 0 1
    outer loop
      vertex 21.8 19.8 5.4
      vertex 6.4 17.8 5.4
      vertex 19.8 17.8 5.4
    endloop
  endfacet
  facet normal 0 0 1
    outer loop
      vertex 6.4 17.8 5.4
      vertex 4 19.8 5.4
      vertex 6.4 6.4 5.4
    endloop
  endfacet
  facet normal -0 0 1
    outer loop
      vertex 4 19.8 5.4
      vertex 6.4 17.8 5.4
      vertex 21.8 19.8 5.4
    endloop
  endfacet
  facet normal 0 0 1
    outer loop
      vertex 21.8 19.8 5.4
      vertex 19.8 6.4 5.4
      vertex 21.8 4 5.4
    endloop
  endfacet
  facet normal -0 0 1
    outer loop
      vertex 6.4 6.4 5.4
      vertex 21.8 4 5.4
      vertex 19.8 6.4 5.4
    endloop
  endfacet
  facet normal 0 0 1
    outer loop
      vertex 6.4 6.4 5.4
      vertex 4 4 5.4
      vertex 21.8 4 5.4
    endloop
  endfacet
  facet normal 0 0 1
    outer loop
      vertex 4 4 5.4
      vertex 6.4 6.4 5.4
      vertex 4 19.8 5.4
    endloop
  endfacet
  facet normal 1 -0 0
    outer loop
      vertex 21.8 4 5.4
      vertex 21.8 19.8 2.4
      vertex 21.8 19.8 5.4
    endloop
  endfacet
  facet normal 1 0 0
    outer loop
      vertex 21.8 19.8 2.4
      vertex 21.8 4 5.4
      vertex 21.8 4 2.4
    endloop
  endfacet
  facet normal 0 0 -1
    outer loop
      vertex 6.4 17 2.4
      vertex 6 17 2.4
      vertex 6.4 17.8 2.4
    endloop
  endfacet
  facet normal 0 0 -1
    outer loop
      vertex 21.8 4 2.4
      vertex 20 11 2.4
      vertex 21.8 19.8 2.4
    endloop
  endfacet
  facet normal 0 0 -1
    outer loop
      vertex 21.8 4 2.4
      vertex 19.8 6.4 2.4
      vertex 20 11 2.4
    endloop
  endfacet
  facet normal 0 0 -1
    outer loop
      vertex 21.8 4 2.4
      vertex 6.4 6.4 2.4
      vertex 19.8 6.4 2.4
    endloop
  endfacet
  facet normal 0 0 -1
    outer loop
      vertex 6.4 6.4 2.4
      vertex 6 11 2.4
      vertex 6.4 11 2.4
    endloop
  endfacet
  facet normal 0 0 -1
    outer loop
      vertex 4.22189 17.3145 2.4
      vertex 6 17 2.4
      vertex 6 11 2.4
    endloop
  endfacet
  facet normal 0 0 -1
    outer loop
      vertex 6 17 2.4
      vertex 5.68546 18.7781 2.4
      vertex 5.7 19 2.4
    endloop
  endfacet
  facet normal 0 0 -1
    outer loop
      vertex 6 17 2.4
      vertex 5.64207 18.56 2.4
      vertex 5.68546 18.7781 2.4
    endloop
  endfacet
  facet normal 0 0 -1
    outer loop
      vertex 6 17 2.4
      vertex 5.57059 18.3494 2.4
      vertex 5.64207 18.56 2.4
    endloop
  endfacet
  facet normal 0 0 -1
    outer loop
      vertex 6 17 2.4
      vertex 5.47224 18.15 2.4
      vertex 5.57059 18.3494 2.4
    endloop
  endfacet
  facet normal 0 0 -1
    outer loop
      vertex 6 17 2.4
      vertex 5.3487 17.9651 2.4
      vertex 5.47224 18.15 2.4
    endloop
  endfacet
  facet normal 0 0 -1
    outer loop
      vertex 4 4 2.4
      vertex 6 11 2.4
      vertex 6.4 6.4 2.4
    endloop
  endfacet
  facet normal 0 0 -1
    outer loop
      vertex 6 17 2.4
      vertex 5.20208 17.7979 2.4
      vertex 5.3487 17.9651 2.4
    endloop
  endfacet
  facet normal 0 0 -1
    outer loop
      vertex 6 17 2.4
      vertex 5.03489 17.6513 2.4
      vertex 5.20208 17.7979 2.4
    endloop
  endfacet
  facet normal 0 0 -1
    outer loop
      vertex 6 17 2.4
      vertex 4.85 17.5278 2.4
      vertex 5.03489 17.6513 2.4
    endloop
  endfacet
  facet normal 0 0 -1
    outer loop
      vertex 6 17 2.4
      vertex 4.65056 17.4294 2.4
      vertex 4.85 17.5278 2.4
    endloop
  endfacet
  facet normal 0 0 -1
    outer loop
      vertex 6 17 2.4
      vertex 4.43999 17.3579 2.4
      vertex 4.65056 17.4294 2.4
    endloop
  endfacet
  facet normal 0 0 -1
    outer loop
      vertex 6 17 2.4
      vertex 4.22189 17.3145 2.4
      vertex 4.43999 17.3579 2.4
    endloop
  endfacet
  facet normal 0 0 -1
    outer loop
      vertex 4 4 2.4
      vertex 6.4 6.4 2.4
      vertex 21.8 4 2.4
    endloop
  endfacet
  facet normal -0 0 -1
    outer loop
      vertex 6 11 2.4
      vertex 4 4 2.4
      vertex 4 17.3 2.4
    endloop
  endfacet
  facet normal 0 0 -1
    outer loop
      vertex 6 11 2.4
      vertex 4 17.3 2.4
      vertex 4.22189 17.3145 2.4
    endloop
  endfacet
  facet normal 0 0 -1
    outer loop
      vertex 20 17 2.4
      vertex 21.8 19.8 2.4
      vertex 20 11 2.4
    endloop
  endfacet
  facet normal 0 0 -1
    outer loop
      vertex 19.8 17.8 2.4
      vertex 20 17 2.4
      vertex 19.8 17 2.4
    endloop
  endfacet
  facet normal 0 0 -1
    outer loop
      vertex 20 17 2.4
      vertex 19.8 17.8 2.4
      vertex 21.8 19.8 2.4
    endloop
  endfacet
  facet normal 0 0 -1
    outer loop
      vertex 5.64207 19.44 2.4
      vertex 19.8 17.8 2.4
      vertex 6.4 17.8 2.4
    endloop
  endfacet
  facet normal 0 0 -1
    outer loop
      vertex 5.7 19 2.4
      vertex 6.4 17.8 2.4
      vertex 6 17 2.4
    endloop
  endfacet
  facet normal 0 0 -1
    outer loop
      vertex 5.68546 19.2219 2.4
      vertex 6.4 17.8 2.4
      vertex 5.7 19 2.4
    endloop
  endfacet
  facet normal 0 0 -1
    outer loop
      vertex 5.64207 19.44 2.4
      vertex 6.4 17.8 2.4
      vertex 5.68546 19.2219 2.4
    endloop
  endfacet
  facet normal 0 0 -1
    outer loop
      vertex 5.57059 19.6506 2.4
      vertex 19.8 17.8 2.4
      vertex 5.64207 19.44 2.4
    endloop
  endfacet
  facet normal 0 0 -1
    outer loop
      vertex 5.4969 19.8 2.4
      vertex 19.8 17.8 2.4
      vertex 5.57059 19.6506 2.4
    endloop
  endfacet
  facet normal 0 0 -1
    outer loop
      vertex 19.8 17.8 2.4
      vertex 5.4969 19.8 2.4
      vertex 21.8 19.8 2.4
    endloop
  endfacet
  facet normal -0 0 -1
    outer loop
      vertex 20 11 2.4
      vertex 19.8 6.4 2.4
      vertex 19.8 11 2.4
    endloop
  endfacet
  facet normal 0 -1 0
    outer loop
      vertex 4 4 2.4
      vertex 21.8 4 5.4
      vertex 4 4 5.4
    endloop
  endfacet
  facet normal 0 -1 -0
    outer loop
      vertex 21.8 4 5.4
      vertex 4 4 2.4
      vertex 21.8 4 2.4
    endloop
  endfacet
  facet normal 0 1 0
    outer loop
      vertex 21.8 19.8 5.4
      vertex 5.4969 19.8 3.4
      vertex 4 19.8 5.4
    endloop
  endfacet
  facet normal 0 1 -0
    outer loop
      vertex 21.8 19.8 2.4
      vertex 5.4969 19.8 3.4
      vertex 21.8 19.8 5.4
    endloop
  endfacet
  facet normal 0 1 0
    outer loop
      vertex 5.4969 19.8 3.4
      vertex 21.8 19.8 2.4
      vertex 5.4969 19.8 2.4
    endloop
  endfacet
  facet normal 0 1 0
    outer loop
      vertex 4 19.8 5.4
      vertex 5.4969 19.8 3.4
      vertex 4 19.8 3.4
    endloop
  endfacet
  facet normal 1 0 0
    outer loop
      vertex 6.4 17.8 5.4
      vertex 6.4 17 3.4
      vertex 6.4 17.8 2.4
    endloop
  endfacet
  facet normal 1 0 0
    outer loop
      vertex 6.4 17.8 5.4
      vertex 6.4 11 3.4
      vertex 6.4 17 3.4
    endloop
  endfacet
  facet normal 1 -0 0
    outer loop
      vertex 6.4 6.4 5.4
      vertex 6.4 11 3.4
      vertex 6.4 17.8 5.4
    endloop
  endfacet
  facet normal 1 0 0
    outer loop
      vertex 6.4 6.4 2.4
      vertex 6.4 11 3.4
      vertex 6.4 6.4 5.4
    endloop
  endfacet
  facet normal 1 0 0
    outer loop
      vertex 6.4 11 3.4
      vertex 6.4 6.4 2.4
      vertex 6.4 11 2.4
    endloop
  endfacet
  facet normal 1 0 0
    outer loop
      vertex 6.4 17.8 2.4
      vertex 6.4 17 3.4
      vertex 6.4 17 2.4
    endloop
  endfacet
  facet normal -1 0 0
    outer loop
      vertex 19.8 11 2.4
      vertex 19.8 6.4 2.4
      vertex 19.8 11 3.4
    endloop
  endfacet
  facet normal -1 0 0
    outer loop
      vertex 19.8 17 3.4
      vertex 19.8 17.8 2.4
      vertex 19.8 17 2.4
    endloop
  endfacet
  facet normal -1 0 0
    outer loop
      vertex 19.8 17.8 2.4
      vertex 19.8 17 3.4
      vertex 19.8 17.8 5.4
    endloop
  endfacet
  facet normal -1 0 0
    outer loop
      vertex 19.8 11 3.4
      vertex 19.8 17.8 5.4
      vertex 19.8 17 3.4
    endloop
  endfacet
  facet normal -1 0 0
    outer loop
      vertex 19.8 6.4 5.4
      vertex 19.8 11 3.4
      vertex 19.8 6.4 2.4
    endloop
  endfacet
  facet normal -1 0 0
    outer loop
      vertex 19.8 11 3.4
      vertex 19.8 6.4 5.4
      vertex 19.8 17.8 5.4
    endloop
  endfacet
  facet normal 0 1 -0
    outer loop
      vertex 19.8 6.4 2.4
      vertex 6.4 6.4 5.4
      vertex 19.8 6.4 5.4
    endloop
  endfacet
  facet normal 0 1 0
    outer loop
      vertex 6.4 6.4 5.4
      vertex 19.8 6.4 2.4
      vertex 6.4 6.4 2.4
    endloop
  endfacet
  facet normal 0 -1 0
    outer loop
      vertex 6.4 17.8 2.4
      vertex 19.8 17.8 5.4
      vertex 6.4 17.8 5.4
    endloop
  endfacet
  facet normal 0 -1 -0
    outer loop
      vertex 19.8 17.8 5.4
      vertex 6.4 17.8 2.4
      vertex 19.8 17.8 2.4
    endloop
  endfacet
  facet normal -1 0 0
    outer loop
      vertex 23 4 2.4
      vertex 23 22.8 5.4
      vertex 23 22.8 2.4
    endloop
  endfacet
  facet normal -1 -0 0
    outer loop
      vertex 23 22.8 5.4
      vertex 23 4 2.4
      vertex 23 4 5.4
    endloop
  endfacet
  facet normal 0 0 1
    outer loop
      vertex 44.8 6.4 5.4
      vertex 46.8 22.8 5.4
      vertex 44.8 20.8 5.4
    endloop
  endfacet
  facet normal 0 0 1
    outer loop
      vertex 46.8 22.8 5.4
      vertex 25.4 20.8 5.4
      vertex 44.8 20.8 5.4
    endloop
  endfacet
  facet normal 0 0 1
    outer loop
      vertex 25.4 20.8 5.4
      vertex 23 22.8 5.4
      vertex 25.4 6.4 5.4
    endloop
  endfacet
  facet normal -0 0 1
    outer loop
      vertex 23 22.8 5.4
      vertex 25.4 20.8 5.4
      vertex 46.8 22.8 5.4
    endloop
  endfacet
  facet normal 0 0 1
    outer loop
      vertex 46.8 22.8 5.4
      vertex 44.8 6.4 5.4
      vertex 46.8 4 5.4
    endloop
  endfacet
  facet normal -0 0 1
    outer loop
      vertex 25.4 6.4 5.4
      vertex 46.8 4 5.4
      vertex 44.8 6.4 5.4
    endloop
  endfacet
  facet normal 0 0 1
    outer loop
      vertex 25.4 6.4 5.4
      vertex 23 4 5.4
      vertex 46.8 4 5.4
    endloop
  endfacet
  facet normal 0 0 1
    outer loop
      vertex 23 4 5.4
      vertex 25.4 6.4 5.4
      vertex 23 22.8 5.4
    endloop
  endfacet
  facet normal 1 -0 0
    outer loop
      vertex 46.8 4 5.4
      vertex 46.8 22.8 2.4
      vertex 46.8 22.8 5.4
    endloop
  endfacet
  facet normal 1 0 0
    outer loop
      vertex 46.8 22.8 2.4
      vertex 46.8 4 5.4
      vertex 46.8 4 2.4
    endloop
  endfacet
  facet normal 0 1 -0
    outer loop
      vertex 46.8 22.8 2.4
      vertex 23 22.8 5.4
      vertex 46.8 22.8 5.4
    endloop
  endfacet
  facet normal 0 1 0
    outer loop
      vertex 23 22.8 5.4
      vertex 46.8 22.8 2.4
      vertex 23 22.8 2.4
    endloop
  endfacet
  facet normal 0 0 -1
    outer loop
      vertex 25.4 17 2.4
      vertex 24 17 2.4
      vertex 25.4 20.8 2.4
    endloop
  endfacet
  facet normal 0 0 -1
    outer loop
      vertex 46.8 4 2.4
      vertex 44.8 6.4 2.4
      vertex 46.8 22.8 2.4
    endloop
  endfacet
  facet normal 0 0 -1
    outer loop
      vertex 46.8 4 2.4
      vertex 25.4 6.4 2.4
      vertex 44.8 6.4 2.4
    endloop
  endfacet
  facet normal 0 0 -1
    outer loop
      vertex 25.4 6.4 2.4
      vertex 24 11 2.4
      vertex 25.4 11 2.4
    endloop
  endfacet
  facet normal 0 0 -1
    outer loop
      vertex 23 22.8 2.4
      vertex 24 11 2.4
      vertex 23 4 2.4
    endloop
  endfacet
  facet normal -0 0 -1
    outer loop
      vertex 25.4 6.4 2.4
      vertex 23 4 2.4
      vertex 24 11 2.4
    endloop
  endfacet
  facet normal 0 0 -1
    outer loop
      vertex 23 4 2.4
      vertex 25.4 6.4 2.4
      vertex 46.8 4 2.4
    endloop
  endfacet
  facet normal 0 0 -1
    outer loop
      vertex 44.8 20.8 2.4
      vertex 46.8 22.8 2.4
      vertex 44.8 6.4 2.4
    endloop
  endfacet
  facet normal 0 0 -1
    outer loop
      vertex 25.4 20.8 2.4
      vertex 46.8 22.8 2.4
      vertex 44.8 20.8 2.4
    endloop
  endfacet
  facet normal 0 0 -1
    outer loop
      vertex 25.4 20.8 2.4
      vertex 23 22.8 2.4
      vertex 46.8 22.8 2.4
    endloop
  endfacet
  facet normal 0 0 -1
    outer loop
      vertex 24 17 2.4
      vertex 23 22.8 2.4
      vertex 25.4 20.8 2.4
    endloop
  endfacet
  facet normal 0 0 -1
    outer loop
      vertex 24 11 2.4
      vertex 23 22.8 2.4
      vertex 24 17 2.4
    endloop
  endfacet
  facet normal 0 -1 0
    outer loop
      vertex 23 4 2.4
      vertex 46.8 4 5.4
      vertex 23 4 5.4
    endloop
  endfacet
  facet normal 0 -1 -0
    outer loop
      vertex 46.8 4 5.4
      vertex 23 4 2.4
      vertex 46.8 4 2.4
    endloop
  endfacet
  facet normal 1 0 0
    outer loop
      vertex 25.4 20.8 5.4
      vertex 25.4 17 3.4
      vertex 25.4 20.8 2.4
    endloop
  endfacet
  facet normal 1 0 0
    outer loop
      vertex 25.4 20.8 5.4
      vertex 25.4 11 3.4
      vertex 25.4 17 3.4
    endloop
  endfacet
  facet normal 1 -0 0
    outer loop
      vertex 25.4 6.4 5.4
      vertex 25.4 11 3.4
      vertex 25.4 20.8 5.4
    endloop
  endfacet
  facet normal 1 0 0
    outer loop
      vertex 25.4 6.4 2.4
      vertex 25.4 11 3.4
      vertex 25.4 6.4 5.4
    endloop
  endfacet
  facet normal 1 0 0
    outer loop
      vertex 25.4 11 3.4
      vertex 25.4 6.4 2.4
      vertex 25.4 11 2.4
    endloop
  endfacet
  facet normal 1 0 0
    outer loop
      vertex 25.4 20.8 2.4
      vertex 25.4 17 3.4
      vertex 25.4 17 2.4
    endloop
  endfacet
  facet normal -1 0 0
    outer loop
      vertex 44.8 6.4 2.4
      vertex 44.8 20.8 5.4
      vertex 44.8 20.8 2.4
    endloop
  endfacet
  facet normal -1 -0 0
    outer loop
      vertex 44.8 20.8 5.4
      vertex 44.8 6.4 2.4
      vertex 44.8 6.4 5.4
    endloop
  endfacet
  facet normal 0 1 -0
    outer loop
      vertex 44.8 6.4 2.4
      vertex 25.4 6.4 5.4
      vertex 44.8 6.4 5.4
    endloop
  endfacet
  facet normal 0 1 0
    outer loop
      vertex 25.4 6.4 5.4
      vertex 44.8 6.4 2.4
      vertex 25.4 6.4 2.4
    endloop
  endfacet
  facet normal 0 -1 0
    outer loop
      vertex 25.4 20.8 2.4
      vertex 44.8 20.8 5.4
      vertex 25.4 20.8 5.4
    endloop
  endfacet
  facet normal 0 -1 -0
    outer loop
      vertex 44.8 20.8 5.4
      vertex 25.4 20.8 2.4
      vertex 44.8 20.8 2.4
    endloop
  endfacet
  facet normal -1 0 0
    outer loop
      vertex 0 22 0
      vertex 0 2.4 2.4
      vertex 0 22 2.4
    endloop
  endfacet
  facet normal -1 0 0
    outer loop
      vertex 0 0 18.4
      vertex 0 2.4 17.8899
      vertex 0 2.4 2.4
    endloop
  endfacet
  facet normal -1 0 0
    outer loop
      vertex 0 0 0
      vertex 0 2.4 2.4
      vertex 0 22 0
    endloop
  endfacet
  facet normal -1 0 0
    outer loop
      vertex 0 0 18.4
      vertex 0 2.4 2.4
      vertex 0 0 0
    endloop
  endfacet
  facet normal -1 0 0
    outer loop
      vertex 0 2.4 17.8899
      vertex 0 0 18.4
      vertex 0 0.498987 20.7476
    endloop
  endfacet
  facet normal -1 0 0
    outer loop
      vertex 0 2.4 17.8899
      vertex 0 25.9308 15.3418
      vertex 0 25.4318 12.9943
    endloop
  endfacet
  facet normal -1 0 0
    outer loop
      vertex 0 25.9308 15.3418
      vertex 0 2.4 17.8899
      vertex 0 0.498987 20.7476
    endloop
  endfacet
  facet normal 0 0 1
    outer loop
      vertex 43.6855 18.7781 2.4
      vertex 46 22 2.4
      vertex 43.7 19 2.4
    endloop
  endfacet
  facet normal 0 0 1
    outer loop
      vertex 46 22 2.4
      vertex 43.6855 19.2219 2.4
      vertex 43.7 19 2.4
    endloop
  endfacet
  facet normal 0 0 1
    outer loop
      vertex 46 22 2.4
      vertex 43.6421 19.44 2.4
      vertex 43.6855 19.2219 2.4
    endloop
  endfacet
  facet normal 0 0 1
    outer loop
      vertex 46 22 2.4
      vertex 43.5706 19.6506 2.4
      vertex 43.6421 19.44 2.4
    endloop
  endfacet
  facet normal 0 0 1
    outer loop
      vertex 46 22 2.4
      vertex 43.4722 19.85 2.4
      vertex 43.5706 19.6506 2.4
    endloop
  endfacet
  facet normal 0 0 1
    outer loop
      vertex 46 22 2.4
      vertex 43.3487 20.0349 2.4
      vertex 43.4722 19.85 2.4
    endloop
  endfacet
  facet normal 0 0 1
    outer loop
      vertex 46 22 2.4
      vertex 43.2021 20.2021 2.4
      vertex 43.3487 20.0349 2.4
    endloop
  endfacet
  facet normal 0 0 1
    outer loop
      vertex 46 22 2.4
      vertex 43.0349 20.3487 2.4
      vertex 43.2021 20.2021 2.4
    endloop
  endfacet
  facet normal 0 0 1
    outer loop
      vertex 46 22 2.4
      vertex 42.85 20.4722 2.4
      vertex 43.0349 20.3487 2.4
    endloop
  endfacet
  facet normal 0 0 1
    outer loop
      vertex 46 22 2.4
      vertex 42.6506 20.5706 2.4
      vertex 42.85 20.4722 2.4
    endloop
  endfacet
  facet normal 0 0 1
    outer loop
      vertex 46 22 2.4
      vertex 42.44 20.6421 2.4
      vertex 42.6506 20.5706 2.4
    endloop
  endfacet
  facet normal 0 0 1
    outer loop
      vertex 46 22 2.4
      vertex 42.2219 20.6855 2.4
      vertex 42.44 20.6421 2.4
    endloop
  endfacet
  facet normal 0 0 1
    outer loop
      vertex 46 22 2.4
      vertex 42 20.7 2.4
      vertex 42.2219 20.6855 2.4
    endloop
  endfacet
  facet normal 0 0 1
    outer loop
      vertex 46 22 2.4
      vertex 41.7781 20.6855 2.4
      vertex 42 20.7 2.4
    endloop
  endfacet
  facet normal 0 0 1
    outer loop
      vertex 46 22 2.4
      vertex 41.56 20.6421 2.4
      vertex 41.7781 20.6855 2.4
    endloop
  endfacet
  facet normal 0 0 1
    outer loop
      vertex 40.3145 19.2219 2.4
      vertex 38 17 2.4
      vertex 40.3 19 2.4
    endloop
  endfacet
  facet normal 0 0 1
    outer loop
      vertex 40.3579 19.44 2.4
      vertex 38 17 2.4
      vertex 40.3145 19.2219 2.4
    endloop
  endfacet
  facet normal 0 0 1
    outer loop
      vertex 36 17 2.4
      vertex 40.3579 19.44 2.4
      vertex 40.4294 19.6506 2.4
    endloop
  endfacet
  facet normal 0 0 1
    outer loop
      vertex 36 17 2.4
      vertex 40.4294 19.6506 2.4
      vertex 40.5278 19.85 2.4
    endloop
  endfacet
  facet normal 0 0 1
    outer loop
      vertex 36 17 2.4
      vertex 40.5278 19.85 2.4
      vertex 40.6513 20.0349 2.4
    endloop
  endfacet
  facet normal 0 0 1
    outer loop
      vertex 40.3579 19.44 2.4
      vertex 36 17 2.4
      vertex 38 17 2.4
    endloop
  endfacet
  facet normal 0 0 1
    outer loop
      vertex 32 17 2.4
      vertex 40.6513 20.0349 2.4
      vertex 40.7979 20.2021 2.4
    endloop
  endfacet
  facet normal 0 0 1
    outer loop
      vertex 32 17 2.4
      vertex 40.7979 20.2021 2.4
      vertex 40.9651 20.3487 2.4
    endloop
  endfacet
  facet normal 0 0 1
    outer loop
      vertex 36 17 2.4
      vertex 32 17 2.4
      vertex 36 11 2.4
    endloop
  endfacet
  facet normal 0 0 1
    outer loop
      vertex 40.6513 20.0349 2.4
      vertex 32 17 2.4
      vertex 36 17 2.4
    endloop
  endfacet
  facet normal 0 0 1
    outer loop
      vertex 30 17 2.4
      vertex 40.9651 20.3487 2.4
      vertex 41.15 20.4722 2.4
    endloop
  endfacet
  facet normal 0 0 1
    outer loop
      vertex 26 17 2.4
      vertex 41.15 20.4722 2.4
      vertex 41.3494 20.5706 2.4
    endloop
  endfacet
  facet normal 0 0 1
    outer loop
      vertex 40.9651 20.3487 2.4
      vertex 30 17 2.4
      vertex 32 17 2.4
    endloop
  endfacet
  facet normal 0 0 1
    outer loop
      vertex 4.65056 20.5706 2.4
      vertex 41.3494 20.5706 2.4
      vertex 41.56 20.6421 2.4
    endloop
  endfacet
  facet normal 0 0 1
    outer loop
      vertex 30 17 2.4
      vertex 26 17 2.4
      vertex 30 11 2.4
    endloop
  endfacet
  facet normal 0 0 1
    outer loop
      vertex 41.15 20.4722 2.4
      vertex 26 17 2.4
      vertex 30 17 2.4
    endloop
  endfacet
  facet normal 0 0 1
    outer loop
      vertex 4.43999 20.6421 2.4
      vertex 41.56 20.6421 2.4
      vertex 46 22 2.4
    endloop
  endfacet
  facet normal 0 0 1
    outer loop
      vertex 41.3494 20.5706 2.4
      vertex 24 17 2.4
      vertex 26 17 2.4
    endloop
  endfacet
  facet normal 0 0 1
    outer loop
      vertex 24 17 2.4
      vertex 20 17 2.4
      vertex 24 11 2.4
    endloop
  endfacet
  facet normal 0 0 1
    outer loop
      vertex 41.3494 20.5706 2.4
      vertex 4.65056 20.5706 2.4
      vertex 24 17 2.4
    endloop
  endfacet
  facet normal 0 0 1
    outer loop
      vertex 24 17 2.4
      vertex 4.65056 20.5706 2.4
      vertex 20 17 2.4
    endloop
  endfacet
  facet normal 0 0 1
    outer loop
      vertex 18 17 2.4
      vertex 14 17 2.4
      vertex 18 11 2.4
    endloop
  endfacet
  facet normal -0 -0 1
    outer loop
      vertex 4.85 20.4722 2.4
      vertex 20 17 2.4
      vertex 4.65056 20.5706 2.4
    endloop
  endfacet
  facet normal -0 -0 1
    outer loop
      vertex 5.03489 20.3487 2.4
      vertex 18 17 2.4
      vertex 4.85 20.4722 2.4
    endloop
  endfacet
  facet normal 0 0 1
    outer loop
      vertex 12 17 2.4
      vertex 8 17 2.4
      vertex 12 11 2.4
    endloop
  endfacet
  facet normal 0 0 1
    outer loop
      vertex 18 17 2.4
      vertex 5.03489 20.3487 2.4
      vertex 14 17 2.4
    endloop
  endfacet
  facet normal -0 -0 1
    outer loop
      vertex 5.47224 19.85 2.4
      vertex 12 17 2.4
      vertex 5.3487 20.0349 2.4
    endloop
  endfacet
  facet normal -0 0 1
    outer loop
      vertex 5.64207 18.56 2.4
      vertex 8 17 2.4
      vertex 5.68546 18.7781 2.4
    endloop
  endfacet
  facet normal -0 -0 1
    outer loop
      vertex 5.7 19 2.4
      vertex 8 17 2.4
      vertex 5.68546 19.2219 2.4
    endloop
  endfacet
  facet normal -0 0 1
    outer loop
      vertex 5.68546 18.7781 2.4
      vertex 8 17 2.4
      vertex 5.7 19 2.4
    endloop
  endfacet
  facet normal 0 0 1
    outer loop
      vertex 8 17 2.4
      vertex 5.64207 19.44 2.4
      vertex 5.68546 19.2219 2.4
    endloop
  endfacet
  facet normal 0 0 1
    outer loop
      vertex 8 17 2.4
      vertex 5.57059 19.6506 2.4
      vertex 5.64207 19.44 2.4
    endloop
  endfacet
  facet normal 0 0 1
    outer loop
      vertex 12 17 2.4
      vertex 5.57059 19.6506 2.4
      vertex 8 17 2.4
    endloop
  endfacet
  facet normal -0 -0 1
    outer loop
      vertex 5.57059 19.6506 2.4
      vertex 12 17 2.4
      vertex 5.47224 19.85 2.4
    endloop
  endfacet
  facet normal 0 0 1
    outer loop
      vertex 12 17 2.4
      vertex 5.20208 20.2021 2.4
      vertex 5.3487 20.0349 2.4
    endloop
  endfacet
  facet normal 0 0 1
    outer loop
      vertex 14 17 2.4
      vertex 5.20208 20.2021 2.4
      vertex 12 17 2.4
    endloop
  endfacet
  facet normal -0 -0 1
    outer loop
      vertex 5.20208 20.2021 2.4
      vertex 14 17 2.4
      vertex 5.03489 20.3487 2.4
    endloop
  endfacet
  facet normal 0 0 1
    outer loop
      vertex 20 17 2.4
      vertex 4.85 20.4722 2.4
      vertex 18 17 2.4
    endloop
  endfacet
  facet normal 0 0 1
    outer loop
      vertex 41.56 20.6421 2.4
      vertex 4.43999 20.6421 2.4
      vertex 4.65056 20.5706 2.4
    endloop
  endfacet
  facet normal -0 0 1
    outer loop
      vertex 0 22 2.4
      vertex 4.43999 20.6421 2.4
      vertex 46 22 2.4
    endloop
  endfacet
  facet normal 0 0 1
    outer loop
      vertex 4.43999 20.6421 2.4
      vertex 0 22 2.4
      vertex 4.22189 20.6855 2.4
    endloop
  endfacet
  facet normal 0 0 1
    outer loop
      vertex 2.31454 19.2219 2.4
      vertex 0 22 2.4
      vertex 2.3 19 2.4
    endloop
  endfacet
  facet normal 0 0 1
    outer loop
      vertex 2.35793 19.44 2.4
      vertex 0 22 2.4
      vertex 2.31454 19.2219 2.4
    endloop
  endfacet
  facet normal 0 0 1
    outer loop
      vertex 2.4294 19.6506 2.4
      vertex 0 22 2.4
      vertex 2.35793 19.44 2.4
    endloop
  endfacet
  facet normal 0 0 1
    outer loop
      vertex 2.52776 19.85 2.4
      vertex 0 22 2.4
      vertex 2.4294 19.6506 2.4
    endloop
  endfacet
  facet normal 0 0 1
    outer loop
      vertex 2.6513 20.0349 2.4
      vertex 0 22 2.4
      vertex 2.52776 19.85 2.4
    endloop
  endfacet
  facet normal 0 0 1
    outer loop
      vertex 2.79792 20.2021 2.4
      vertex 0 22 2.4
      vertex 2.6513 20.0349 2.4
    endloop
  endfacet
  facet normal 0 0 1
    outer loop
      vertex 2.96511 20.3487 2.4
      vertex 0 22 2.4
      vertex 2.79792 20.2021 2.4
    endloop
  endfacet
  facet normal 0 0 1
    outer loop
      vertex 3.15 20.4722 2.4
      vertex 0 22 2.4
      vertex 2.96511 20.3487 2.4
    endloop
  endfacet
  facet normal 0 0 1
    outer loop
      vertex 3.34944 20.5706 2.4
      vertex 0 22 2.4
      vertex 3.15 20.4722 2.4
    endloop
  endfacet
  facet normal 0 0 1
    outer loop
      vertex 3.56001 20.6421 2.4
      vertex 0 22 2.4
      vertex 3.34944 20.5706 2.4
    endloop
  endfacet
  facet normal 0 0 1
    outer loop
      vertex 3.7781 20.6855 2.4
      vertex 0 22 2.4
      vertex 3.56001 20.6421 2.4
    endloop
  endfacet
  facet normal 0 0 1
    outer loop
      vertex 4 20.7 2.4
      vertex 0 22 2.4
      vertex 3.7781 20.6855 2.4
    endloop
  endfacet
  facet normal 0 0 1
    outer loop
      vertex 4.22189 20.6855 2.4
      vertex 0 22 2.4
      vertex 4 20.7 2.4
    endloop
  endfacet
  facet normal 0 0 1
    outer loop
      vertex 43.6421 18.56 2.4
      vertex 46 22 2.4
      vertex 43.6855 18.7781 2.4
    endloop
  endfacet
  facet normal 0 0 1
    outer loop
      vertex 43.5706 18.3494 2.4
      vertex 46 22 2.4
      vertex 43.6421 18.56 2.4
    endloop
  endfacet
  facet normal 0 0 1
    outer loop
      vertex 46 22 2.4
      vertex 43.5706 18.3494 2.4
      vertex 46 2.4 2.4
    endloop
  endfacet
  facet normal -0 0 1
    outer loop
      vertex 43.4722 18.15 2.4
      vertex 46 2.4 2.4
      vertex 43.5706 18.3494 2.4
    endloop
  endfacet
  facet normal -0 0 1
    outer loop
      vertex 43.3487 17.9651 2.4
      vertex 46 2.4 2.4
      vertex 43.4722 18.15 2.4
    endloop
  endfacet
  facet normal -0 0 1
    outer loop
      vertex 43.2021 17.7979 2.4
      vertex 46 2.4 2.4
      vertex 43.3487 17.9651 2.4
    endloop
  endfacet
  facet normal -0 0 1
    outer loop
      vertex 43.0349 17.6513 2.4
      vertex 46 2.4 2.4
      vertex 43.2021 17.7979 2.4
    endloop
  endfacet
  facet normal -0 0 1
    outer loop
      vertex 42.85 17.5278 2.4
      vertex 46 2.4 2.4
      vertex 43.0349 17.6513 2.4
    endloop
  endfacet
  facet normal -0 0 1
    outer loop
      vertex 42.6506 17.4294 2.4
      vertex 46 2.4 2.4
      vertex 42.85 17.5278 2.4
    endloop
  endfacet
  facet normal 0 0 1
    outer loop
      vertex 38 11 2.4
      vertex 42.6506 17.4294 2.4
      vertex 42.44 17.3579 2.4
    endloop
  endfacet
  facet normal 0 0 1
    outer loop
      vertex 38 11 2.4
      vertex 42.44 17.3579 2.4
      vertex 42.2219 17.3145 2.4
    endloop
  endfacet
  facet normal 0 0 1
    outer loop
      vertex 38 11 2.4
      vertex 42.2219 17.3145 2.4
      vertex 42 17.3 2.4
    endloop
  endfacet
  facet normal 0 0 1
    outer loop
      vertex 38 11 2.4
      vertex 42 17.3 2.4
      vertex 41.7781 17.3145 2.4
    endloop
  endfacet
  facet normal 0 0 1
    outer loop
      vertex 38 11 2.4
      vertex 41.7781 17.3145 2.4
      vertex 41.56 17.3579 2.4
    endloop
  endfacet
  facet normal 0 0 1
    outer loop
      vertex 38 11 2.4
      vertex 41.56 17.3579 2.4
      vertex 41.3494 17.4294 2.4
    endloop
  endfacet
  facet normal 0 0 1
    outer loop
      vertex 38 17 2.4
      vertex 41.3494 17.4294 2.4
      vertex 41.15 17.5278 2.4
    endloop
  endfacet
  facet normal 0 0 1
    outer loop
      vertex 38 17 2.4
      vertex 41.15 17.5278 2.4
      vertex 40.9651 17.6513 2.4
    endloop
  endfacet
  facet normal 0 0 1
    outer loop
      vertex 38 17 2.4
      vertex 40.9651 17.6513 2.4
      vertex 40.7979 17.7979 2.4
    endloop
  endfacet
  facet normal 0 0 1
    outer loop
      vertex 38 17 2.4
      vertex 40.7979 17.7979 2.4
      vertex 40.6513 17.9651 2.4
    endloop
  endfacet
  facet normal 0 0 1
    outer loop
      vertex 38 17 2.4
      vertex 40.6513 17.9651 2.4
      vertex 40.5278 18.15 2.4
    endloop
  endfacet
  facet normal 0 0 1
    outer loop
      vertex 38 17 2.4
      vertex 40.5278 18.15 2.4
      vertex 40.4294 18.3494 2.4
    endloop
  endfacet
  facet normal 0 0 1
    outer loop
      vertex 38 17 2.4
      vertex 40.3145 18.7781 2.4
      vertex 40.3 19 2.4
    endloop
  endfacet
  facet normal 0 0 1
    outer loop
      vertex 38 17 2.4
      vertex 40.3579 18.56 2.4
      vertex 40.3145 18.7781 2.4
    endloop
  endfacet
  facet normal 0 0 1
    outer loop
      vertex 38 17 2.4
      vertex 40.4294 18.3494 2.4
      vertex 40.3579 18.56 2.4
    endloop
  endfacet
  facet normal 0 0 1
    outer loop
      vertex 41.3494 17.4294 2.4
      vertex 38 17 2.4
      vertex 38 11 2.4
    endloop
  endfacet
  facet normal 0 0 1
    outer loop
      vertex 42.6506 17.4294 2.4
      vertex 38 11 2.4
      vertex 46 2.4 2.4
    endloop
  endfacet
  facet normal -0 0 1
    outer loop
      vertex 36 11 2.4
      vertex 46 2.4 2.4
      vertex 38 11 2.4
    endloop
  endfacet
  facet normal 0 0 1
    outer loop
      vertex 32 11 2.4
      vertex 36 11 2.4
      vertex 32 17 2.4
    endloop
  endfacet
  facet normal -0 0 1
    outer loop
      vertex 32 11 2.4
      vertex 46 2.4 2.4
      vertex 36 11 2.4
    endloop
  endfacet
  facet normal -0 0 1
    outer loop
      vertex 30 11 2.4
      vertex 46 2.4 2.4
      vertex 32 11 2.4
    endloop
  endfacet
  facet normal 0 0 1
    outer loop
      vertex 26 11 2.4
      vertex 30 11 2.4
      vertex 26 17 2.4
    endloop
  endfacet
  facet normal -0 0 1
    outer loop
      vertex 26 11 2.4
      vertex 46 2.4 2.4
      vertex 30 11 2.4
    endloop
  endfacet
  facet normal -0 0 1
    outer loop
      vertex 24 11 2.4
      vertex 46 2.4 2.4
      vertex 26 11 2.4
    endloop
  endfacet
  facet normal 0 0 1
    outer loop
      vertex 20 11 2.4
      vertex 24 11 2.4
      vertex 20 17 2.4
    endloop
  endfacet
  facet normal 0 0 1
    outer loop
      vertex 0 2.4 2.4
      vertex 24 11 2.4
      vertex 20 11 2.4
    endloop
  endfacet
  facet normal 0 0 1
    outer loop
      vertex 0 2.4 2.4
      vertex 20 11 2.4
      vertex 18 11 2.4
    endloop
  endfacet
  facet normal 0 0 1
    outer loop
      vertex 14 11 2.4
      vertex 18 11 2.4
      vertex 14 17 2.4
    endloop
  endfacet
  facet normal 0 0 1
    outer loop
      vertex 0 2.4 2.4
      vertex 18 11 2.4
      vertex 14 11 2.4
    endloop
  endfacet
  facet normal 0 0 1
    outer loop
      vertex 0 2.4 2.4
      vertex 14 11 2.4
      vertex 12 11 2.4
    endloop
  endfacet
  facet normal 0 0 1
    outer loop
      vertex 8 11 2.4
      vertex 12 11 2.4
      vertex 8 17 2.4
    endloop
  endfacet
  facet normal 0 0 1
    outer loop
      vertex 0 2.4 2.4
      vertex 12 11 2.4
      vertex 8 11 2.4
    endloop
  endfacet
  facet normal 0 0 1
    outer loop
      vertex 0 2.4 2.4
      vertex 8 11 2.4
      vertex 6 11 2.4
    endloop
  endfacet
  facet normal 0 0 1
    outer loop
      vertex 8 17 2.4
      vertex 5.64207 18.56 2.4
      vertex 6 17 2.4
    endloop
  endfacet
  facet normal -0 0 1
    outer loop
      vertex 5.57059 18.3494 2.4
      vertex 6 17 2.4
      vertex 5.64207 18.56 2.4
    endloop
  endfacet
  facet normal -0 0 1
    outer loop
      vertex 5.47224 18.15 2.4
      vertex 6 17 2.4
      vertex 5.57059 18.3494 2.4
    endloop
  endfacet
  facet normal -0 0 1
    outer loop
      vertex 5.3487 17.9651 2.4
      vertex 6 17 2.4
      vertex 5.47224 18.15 2.4
    endloop
  endfacet
  facet normal -0 0 1
    outer loop
      vertex 5.20208 17.7979 2.4
      vertex 6 17 2.4
      vertex 5.3487 17.9651 2.4
    endloop
  endfacet
  facet normal -0 0 1
    outer loop
      vertex 5.03489 17.6513 2.4
      vertex 6 17 2.4
      vertex 5.20208 17.7979 2.4
    endloop
  endfacet
  facet normal -0 0 1
    outer loop
      vertex 4.85 17.5278 2.4
      vertex 6 17 2.4
      vertex 5.03489 17.6513 2.4
    endloop
  endfacet
  facet normal -0 0 1
    outer loop
      vertex 4.65056 17.4294 2.4
      vertex 6 17 2.4
      vertex 4.85 17.5278 2.4
    endloop
  endfacet
  facet normal -0 0 1
    outer loop
      vertex 4.43999 17.3579 2.4
      vertex 6 17 2.4
      vertex 4.65056 17.4294 2.4
    endloop
  endfacet
  facet normal -0 0 1
    outer loop
      vertex 4.22189 17.3145 2.4
      vertex 6 17 2.4
      vertex 4.43999 17.3579 2.4
    endloop
  endfacet
  facet normal 0 0 1
    outer loop
      vertex 6 17 2.4
      vertex 4.22189 17.3145 2.4
      vertex 6 11 2.4
    endloop
  endfacet
  facet normal -0 0 1
    outer loop
      vertex 4 17.3 2.4
      vertex 6 11 2.4
      vertex 4.22189 17.3145 2.4
    endloop
  endfacet
  facet normal 0 0 1
    outer loop
      vertex 3.7781 17.3145 2.4
      vertex 6 11 2.4
      vertex 4 17.3 2.4
    endloop
  endfacet
  facet normal 0 0 1
    outer loop
      vertex 3.56001 17.3579 2.4
      vertex 6 11 2.4
      vertex 3.7781 17.3145 2.4
    endloop
  endfacet
  facet normal 0 0 1
    outer loop
      vertex 3.34944 17.4294 2.4
      vertex 6 11 2.4
      vertex 3.56001 17.3579 2.4
    endloop
  endfacet
  facet normal 0 0 1
    outer loop
      vertex 3.15 17.5278 2.4
      vertex 6 11 2.4
      vertex 3.34944 17.4294 2.4
    endloop
  endfacet
  facet normal 0 0 1
    outer loop
      vertex 2.96511 17.6513 2.4
      vertex 6 11 2.4
      vertex 3.15 17.5278 2.4
    endloop
  endfacet
  facet normal 0 0 1
    outer loop
      vertex 2.79792 17.7979 2.4
      vertex 6 11 2.4
      vertex 2.96511 17.6513 2.4
    endloop
  endfacet
  facet normal 0 0 1
    outer loop
      vertex 0 2.4 2.4
      vertex 2.79792 17.7979 2.4
      vertex 2.6513 17.9651 2.4
    endloop
  endfacet
  facet normal 0 0 1
    outer loop
      vertex 0 2.4 2.4
      vertex 2.6513 17.9651 2.4
      vertex 2.52776 18.15 2.4
    endloop
  endfacet
  facet normal 0 0 1
    outer loop
      vertex 0 2.4 2.4
      vertex 2.52776 18.15 2.4
      vertex 2.4294 18.3494 2.4
    endloop
  endfacet
  facet normal 0 0 1
    outer loop
      vertex 0 22 2.4
      vertex 2.31454 18.7781 2.4
      vertex 2.3 19 2.4
    endloop
  endfacet
  facet normal 0 0 1
    outer loop
      vertex 0 22 2.4
      vertex 2.35793 18.56 2.4
      vertex 2.31454 18.7781 2.4
    endloop
  endfacet
  facet normal 0 0 1
    outer loop
      vertex 0 22 2.4
      vertex 2.4294 18.3494 2.4
      vertex 2.35793 18.56 2.4
    endloop
  endfacet
  facet normal 0 0 1
    outer loop
      vertex 0 2.4 2.4
      vertex 2.4294 18.3494 2.4
      vertex 0 22 2.4
    endloop
  endfacet
  facet normal 0 0 1
    outer loop
      vertex 24 11 2.4
      vertex 0 2.4 2.4
      vertex 46 2.4 2.4
    endloop
  endfacet
  facet normal 0 0 1
    outer loop
      vertex 2.79792 17.7979 2.4
      vertex 0 2.4 2.4
      vertex 6 11 2.4
    endloop
  endfacet
  facet normal 1 0 0
    outer loop
      vertex 46 25.9308 15.3418
      vertex 46 2.4 17.8899
      vertex 46 25.4318 12.9943
    endloop
  endfacet
  facet normal 1 -0 0
    outer loop
      vertex 46 0 18.4
      vertex 46 2.4 17.8899
      vertex 46 0.498987 20.7476
    endloop
  endfacet
  facet normal 1 0 0
    outer loop
      vertex 46 0.498987 20.7476
      vertex 46 2.4 17.8899
      vertex 46 25.9308 15.3418
    endloop
  endfacet
  facet normal 1 -0 0
    outer loop
      vertex 46 2.4 2.4
      vertex 46 22 0
      vertex 46 22 2.4
    endloop
  endfacet
  facet normal 1 0 0
    outer loop
      vertex 46 2.4 17.8899
      vertex 46 0 18.4
      vertex 46 2.4 2.4
    endloop
  endfacet
  facet normal 1 0 0
    outer loop
      vertex 46 2.4 2.4
      vertex 46 0 0
      vertex 46 22 0
    endloop
  endfacet
  facet normal 1 0 0
    outer loop
      vertex 46 0 0
      vertex 46 2.4 2.4
      vertex 46 0 18.4
    endloop
  endfacet
  facet normal 0 0 -1
    outer loop
      vertex 43.5706 18.3494 0
      vertex 46 22 0
      vertex 46 0 0
    endloop
  endfacet
  facet normal 0 0 -1
    outer loop
      vertex 46 22 0
      vertex 43.6855 18.7781 0
      vertex 43.7 19 0
    endloop
  endfacet
  facet normal 0 0 -1
    outer loop
      vertex 46 22 0
      vertex 43.6421 18.56 0
      vertex 43.6855 18.7781 0
    endloop
  endfacet
  facet normal 0 0 -1
    outer loop
      vertex 46 22 0
      vertex 43.5706 18.3494 0
      vertex 43.6421 18.56 0
    endloop
  endfacet
  facet normal 0 0 -1
    outer loop
      vertex 46 0 0
      vertex 43.4722 18.15 0
      vertex 43.5706 18.3494 0
    endloop
  endfacet
  facet normal 0 0 -1
    outer loop
      vertex 46 0 0
      vertex 43.3487 17.9651 0
      vertex 43.4722 18.15 0
    endloop
  endfacet
  facet normal 0 0 -1
    outer loop
      vertex 46 0 0
      vertex 43.2021 17.7979 0
      vertex 43.3487 17.9651 0
    endloop
  endfacet
  facet normal 0 0 -1
    outer loop
      vertex 46 0 0
      vertex 43.0349 17.6513 0
      vertex 43.2021 17.7979 0
    endloop
  endfacet
  facet normal 0 0 -1
    outer loop
      vertex 46 0 0
      vertex 42.85 17.5278 0
      vertex 43.0349 17.6513 0
    endloop
  endfacet
  facet normal 0 0 -1
    outer loop
      vertex 38 11 0
      vertex 42.85 17.5278 0
      vertex 46 0 0
    endloop
  endfacet
  facet normal 0 0 -1
    outer loop
      vertex 42.85 17.5278 0
      vertex 38 11 0
      vertex 42.6506 17.4294 0
    endloop
  endfacet
  facet normal 0 0 -1
    outer loop
      vertex 42.6506 17.4294 0
      vertex 38 11 0
      vertex 42.44 17.3579 0
    endloop
  endfacet
  facet normal 0 0 -1
    outer loop
      vertex 42.44 17.3579 0
      vertex 38 11 0
      vertex 42.2219 17.3145 0
    endloop
  endfacet
  facet normal 0 0 -1
    outer loop
      vertex 42.2219 17.3145 0
      vertex 38 11 0
      vertex 42 17.3 0
    endloop
  endfacet
  facet normal -0 0 -1
    outer loop
      vertex 42 17.3 0
      vertex 38 11 0
      vertex 41.7781 17.3145 0
    endloop
  endfacet
  facet normal -0 0 -1
    outer loop
      vertex 41.7781 17.3145 0
      vertex 38 11 0
      vertex 41.56 17.3579 0
    endloop
  endfacet
  facet normal -0 0 -1
    outer loop
      vertex 41.56 17.3579 0
      vertex 38 11 0
      vertex 41.3494 17.4294 0
    endloop
  endfacet
  facet normal 0 0 -1
    outer loop
      vertex 38 17 0
      vertex 41.3494 17.4294 0
      vertex 38 11 0
    endloop
  endfacet
  facet normal -0 0 -1
    outer loop
      vertex 41.3494 17.4294 0
      vertex 38 17 0
      vertex 41.15 17.5278 0
    endloop
  endfacet
  facet normal -0 0 -1
    outer loop
      vertex 41.15 17.5278 0
      vertex 38 17 0
      vertex 40.9651 17.6513 0
    endloop
  endfacet
  facet normal -0 0 -1
    outer loop
      vertex 40.9651 17.6513 0
      vertex 38 17 0
      vertex 40.7979 17.7979 0
    endloop
  endfacet
  facet normal -0 0 -1
    outer loop
      vertex 40.7979 17.7979 0
      vertex 38 17 0
      vertex 40.6513 17.9651 0
    endloop
  endfacet
  facet normal -0 0 -1
    outer loop
      vertex 40.6513 17.9651 0
      vertex 38 17 0
      vertex 40.5278 18.15 0
    endloop
  endfacet
  facet normal -0 0 -1
    outer loop
      vertex 40.3579 18.56 0
      vertex 38 17 0
      vertex 40.3145 18.7781 0
    endloop
  endfacet
  facet normal -0 0 -1
    outer loop
      vertex 40.4294 18.3494 0
      vertex 38 17 0
      vertex 40.3579 18.56 0
    endloop
  endfacet
  facet normal -0 0 -1
    outer loop
      vertex 40.5278 18.15 0
      vertex 38 17 0
      vertex 40.4294 18.3494 0
    endloop
  endfacet
  facet normal 0 0 -1
    outer loop
      vertex 46 0 0
      vertex 36 11 0
      vertex 38 11 0
    endloop
  endfacet
  facet normal 0 0 -1
    outer loop
      vertex 36 11 0
      vertex 32 11 0
      vertex 36 17 0
    endloop
  endfacet
  facet normal 0 0 -1
    outer loop
      vertex 46 0 0
      vertex 32 11 0
      vertex 36 11 0
    endloop
  endfacet
  facet normal 0 0 -1
    outer loop
      vertex 46 0 0
      vertex 30 11 0
      vertex 32 11 0
    endloop
  endfacet
  facet normal 0 0 -1
    outer loop
      vertex 30 11 0
      vertex 26 11 0
      vertex 30 17 0
    endloop
  endfacet
  facet normal 0 0 -1
    outer loop
      vertex 46 0 0
      vertex 26 11 0
      vertex 30 11 0
    endloop
  endfacet
  facet normal 0 0 -1
    outer loop
      vertex 46 0 0
      vertex 24 11 0
      vertex 26 11 0
    endloop
  endfacet
  facet normal 0 0 -1
    outer loop
      vertex 24 11 0
      vertex 20 11 0
      vertex 24 17 0
    endloop
  endfacet
  facet normal 0 0 -1
    outer loop
      vertex 0 0 0
      vertex 24 11 0
      vertex 46 0 0
    endloop
  endfacet
  facet normal -0 0 -1
    outer loop
      vertex 24 11 0
      vertex 0 0 0
      vertex 20 11 0
    endloop
  endfacet
  facet normal 0 0 -1
    outer loop
      vertex 18 11 0
      vertex 14 11 0
      vertex 18 17 0
    endloop
  endfacet
  facet normal -0 0 -1
    outer loop
      vertex 20 11 0
      vertex 0 0 0
      vertex 18 11 0
    endloop
  endfacet
  facet normal -0 0 -1
    outer loop
      vertex 18 11 0
      vertex 0 0 0
      vertex 14 11 0
    endloop
  endfacet
  facet normal 0 0 -1
    outer loop
      vertex 12 11 0
      vertex 8 11 0
      vertex 12 17 0
    endloop
  endfacet
  facet normal -0 0 -1
    outer loop
      vertex 14 11 0
      vertex 0 0 0
      vertex 12 11 0
    endloop
  endfacet
  facet normal -0 0 -1
    outer loop
      vertex 12 11 0
      vertex 0 0 0
      vertex 8 11 0
    endloop
  endfacet
  facet normal 0 0 -1
    outer loop
      vertex 4.22189 17.3145 0
      vertex 6 17 0
      vertex 6 11 0
    endloop
  endfacet
  facet normal 0 0 -1
    outer loop
      vertex 6 17 0
      vertex 5.68546 18.7781 0
      vertex 5.7 19 0
    endloop
  endfacet
  facet normal 0 0 -1
    outer loop
      vertex 6 17 0
      vertex 5.64207 18.56 0
      vertex 5.68546 18.7781 0
    endloop
  endfacet
  facet normal 0 0 -1
    outer loop
      vertex 6 17 0
      vertex 5.57059 18.3494 0
      vertex 5.64207 18.56 0
    endloop
  endfacet
  facet normal 0 0 -1
    outer loop
      vertex 6 17 0
      vertex 5.47224 18.15 0
      vertex 5.57059 18.3494 0
    endloop
  endfacet
  facet normal 0 0 -1
    outer loop
      vertex 6 17 0
      vertex 5.3487 17.9651 0
      vertex 5.47224 18.15 0
    endloop
  endfacet
  facet normal 0 0 -1
    outer loop
      vertex 6 17 0
      vertex 5.20208 17.7979 0
      vertex 5.3487 17.9651 0
    endloop
  endfacet
  facet normal 0 0 -1
    outer loop
      vertex 6 17 0
      vertex 5.03489 17.6513 0
      vertex 5.20208 17.7979 0
    endloop
  endfacet
  facet normal 0 0 -1
    outer loop
      vertex 6 17 0
      vertex 4.85 17.5278 0
      vertex 5.03489 17.6513 0
    endloop
  endfacet
  facet normal 0 0 -1
    outer loop
      vertex 6 17 0
      vertex 4.65056 17.4294 0
      vertex 4.85 17.5278 0
    endloop
  endfacet
  facet normal 0 0 -1
    outer loop
      vertex 6 17 0
      vertex 4.43999 17.3579 0
      vertex 4.65056 17.4294 0
    endloop
  endfacet
  facet normal 0 0 -1
    outer loop
      vertex 6 17 0
      vertex 4.22189 17.3145 0
      vertex 4.43999 17.3579 0
    endloop
  endfacet
  facet normal 0 0 -1
    outer loop
      vertex 6 11 0
      vertex 4 17.3 0
      vertex 4.22189 17.3145 0
    endloop
  endfacet
  facet normal 0 0 -1
    outer loop
      vertex 6 11 0
      vertex 3.7781 17.3145 0
      vertex 4 17.3 0
    endloop
  endfacet
  facet normal 0 0 -1
    outer loop
      vertex 6 11 0
      vertex 3.56001 17.3579 0
      vertex 3.7781 17.3145 0
    endloop
  endfacet
  facet normal 0 0 -1
    outer loop
      vertex 6 11 0
      vertex 3.34944 17.4294 0
      vertex 3.56001 17.3579 0
    endloop
  endfacet
  facet normal 0 0 -1
    outer loop
      vertex 6 11 0
      vertex 3.15 17.5278 0
      vertex 3.34944 17.4294 0
    endloop
  endfacet
  facet normal 0 0 -1
    outer loop
      vertex 6 11 0
      vertex 2.96511 17.6513 0
      vertex 3.15 17.5278 0
    endloop
  endfacet
  facet normal 0 0 -1
    outer loop
      vertex 6 11 0
      vertex 2.79792 17.7979 0
      vertex 2.96511 17.6513 0
    endloop
  endfacet
  facet normal 0 0 -1
    outer loop
      vertex 0 0 0
      vertex 2.79792 17.7979 0
      vertex 6 11 0
    endloop
  endfacet
  facet normal -0 0 -1
    outer loop
      vertex 2.79792 17.7979 0
      vertex 0 0 0
      vertex 2.6513 17.9651 0
    endloop
  endfacet
  facet normal -0 0 -1
    outer loop
      vertex 2.6513 17.9651 0
      vertex 0 0 0
      vertex 2.52776 18.15 0
    endloop
  endfacet
  facet normal 0 0 -1
    outer loop
      vertex 2.35793 18.56 0
      vertex 0 22 0
      vertex 2.31454 18.7781 0
    endloop
  endfacet
  facet normal 0 0 -1
    outer loop
      vertex 2.4294 18.3494 0
      vertex 0 22 0
      vertex 2.35793 18.56 0
    endloop
  endfacet
  facet normal 0 0 -1
    outer loop
      vertex 0 22 0
      vertex 2.4294 18.3494 0
      vertex 0 0 0
    endloop
  endfacet
  facet normal -0 0 -1
    outer loop
      vertex 2.52776 18.15 0
      vertex 0 0 0
      vertex 2.4294 18.3494 0
    endloop
  endfacet
  facet normal -0 0 -1
    outer loop
      vertex 8 11 0
      vertex 0 0 0
      vertex 6 11 0
    endloop
  endfacet
  facet normal 0 0 -1
    outer loop
      vertex 43.6855 19.2219 0
      vertex 46 22 0
      vertex 43.7 19 0
    endloop
  endfacet
  facet normal 0 0 -1
    outer loop
      vertex 43.6421 19.44 0
      vertex 46 22 0
      vertex 43.6855 19.2219 0
    endloop
  endfacet
  facet normal 0 0 -1
    outer loop
      vertex 43.5706 19.6506 0
      vertex 46 22 0
      vertex 43.6421 19.44 0
    endloop
  endfacet
  facet normal 0 0 -1
    outer loop
      vertex 43.4722 19.85 0
      vertex 46 22 0
      vertex 43.5706 19.6506 0
    endloop
  endfacet
  facet normal 0 0 -1
    outer loop
      vertex 43.3487 20.0349 0
      vertex 46 22 0
      vertex 43.4722 19.85 0
    endloop
  endfacet
  facet normal 0 0 -1
    outer loop
      vertex 43.2021 20.2021 0
      vertex 46 22 0
      vertex 43.3487 20.0349 0
    endloop
  endfacet
  facet normal 0 0 -1
    outer loop
      vertex 43.0349 20.3487 0
      vertex 46 22 0
      vertex 43.2021 20.2021 0
    endloop
  endfacet
  facet normal 0 0 -1
    outer loop
      vertex 42.85 20.4722 0
      vertex 46 22 0
      vertex 43.0349 20.3487 0
    endloop
  endfacet
  facet normal 0 0 -1
    outer loop
      vertex 42.6506 20.5706 0
      vertex 46 22 0
      vertex 42.85 20.4722 0
    endloop
  endfacet
  facet normal 0 0 -1
    outer loop
      vertex 42.44 20.6421 0
      vertex 46 22 0
      vertex 42.6506 20.5706 0
    endloop
  endfacet
  facet normal 0 0 -1
    outer loop
      vertex 42.2219 20.6855 0
      vertex 46 22 0
      vertex 42.44 20.6421 0
    endloop
  endfacet
  facet normal 0 0 -1
    outer loop
      vertex 42 20.7 0
      vertex 46 22 0
      vertex 42.2219 20.6855 0
    endloop
  endfacet
  facet normal 0 0 -1
    outer loop
      vertex 41.7781 20.6855 0
      vertex 46 22 0
      vertex 42 20.7 0
    endloop
  endfacet
  facet normal 0 0 -1
    outer loop
      vertex 41.56 20.6421 0
      vertex 46 22 0
      vertex 41.7781 20.6855 0
    endloop
  endfacet
  facet normal -0 0 -1
    outer loop
      vertex 40.3145 18.7781 0
      vertex 38 17 0
      vertex 40.3 19 0
    endloop
  endfacet
  facet normal -0 0 -1
    outer loop
      vertex 40.3 19 0
      vertex 38 17 0
      vertex 40.3145 19.2219 0
    endloop
  endfacet
  facet normal -0 0 -1
    outer loop
      vertex 40.3145 19.2219 0
      vertex 38 17 0
      vertex 40.3579 19.44 0
    endloop
  endfacet
  facet normal 0 0 -1
    outer loop
      vertex 36 17 0
      vertex 40.3579 19.44 0
      vertex 38 17 0
    endloop
  endfacet
  facet normal -0 0 -1
    outer loop
      vertex 40.3579 19.44 0
      vertex 36 17 0
      vertex 40.4294 19.6506 0
    endloop
  endfacet
  facet normal -0 0 -1
    outer loop
      vertex 40.4294 19.6506 0
      vertex 36 17 0
      vertex 40.5278 19.85 0
    endloop
  endfacet
  facet normal -0 0 -1
    outer loop
      vertex 40.5278 19.85 0
      vertex 36 17 0
      vertex 40.6513 20.0349 0
    endloop
  endfacet
  facet normal 0 0 -1
    outer loop
      vertex 32 17 0
      vertex 40.6513 20.0349 0
      vertex 36 17 0
    endloop
  endfacet
  facet normal -0 0 -1
    outer loop
      vertex 40.6513 20.0349 0
      vertex 32 17 0
      vertex 40.7979 20.2021 0
    endloop
  endfacet
  facet normal 0 0 -1
    outer loop
      vertex 32 17 0
      vertex 36 17 0
      vertex 32 11 0
    endloop
  endfacet
  facet normal -0 0 -1
    outer loop
      vertex 40.7979 20.2021 0
      vertex 32 17 0
      vertex 40.9651 20.3487 0
    endloop
  endfacet
  facet normal 0 0 -1
    outer loop
      vertex 30 17 0
      vertex 40.9651 20.3487 0
      vertex 32 17 0
    endloop
  endfacet
  facet normal -0 0 -1
    outer loop
      vertex 40.9651 20.3487 0
      vertex 30 17 0
      vertex 41.15 20.4722 0
    endloop
  endfacet
  facet normal 0 0 -1
    outer loop
      vertex 26 17 0
      vertex 41.15 20.4722 0
      vertex 30 17 0
    endloop
  endfacet
  facet normal -0 0 -1
    outer loop
      vertex 41.15 20.4722 0
      vertex 26 17 0
      vertex 41.3494 20.5706 0
    endloop
  endfacet
  facet normal 0 0 -1
    outer loop
      vertex 26 17 0
      vertex 30 17 0
      vertex 26 11 0
    endloop
  endfacet
  facet normal 0 0 -1
    outer loop
      vertex 24 17 0
      vertex 41.3494 20.5706 0
      vertex 26 17 0
    endloop
  endfacet
  facet normal 0 0 -1
    outer loop
      vertex 4.65056 20.5706 0
      vertex 41.3494 20.5706 0
      vertex 24 17 0
    endloop
  endfacet
  facet normal 0 0 -1
    outer loop
      vertex 41.3494 20.5706 0
      vertex 4.65056 20.5706 0
      vertex 41.56 20.6421 0
    endloop
  endfacet
  facet normal 0 0 -1
    outer loop
      vertex 20 17 0
      vertex 24 17 0
      vertex 20 11 0
    endloop
  endfacet
  facet normal 0 0 -1
    outer loop
      vertex 4.65056 20.5706 0
      vertex 24 17 0
      vertex 20 17 0
    endloop
  endfacet
  facet normal 0 0 -1
    outer loop
      vertex 4.85 20.4722 0
      vertex 20 17 0
      vertex 18 17 0
    endloop
  endfacet
  facet normal 0 0 -1
    outer loop
      vertex 14 17 0
      vertex 18 17 0
      vertex 14 11 0
    endloop
  endfacet
  facet normal 0 0 -1
    outer loop
      vertex 5.03489 20.3487 0
      vertex 18 17 0
      vertex 14 17 0
    endloop
  endfacet
  facet normal 0 0 -1
    outer loop
      vertex 5.20208 20.2021 0
      vertex 14 17 0
      vertex 12 17 0
    endloop
  endfacet
  facet normal 0 0 -1
    outer loop
      vertex 8 17 0
      vertex 12 17 0
      vertex 8 11 0
    endloop
  endfacet
  facet normal 0 0 -1
    outer loop
      vertex 5.57059 19.6506 0
      vertex 12 17 0
      vertex 8 17 0
    endloop
  endfacet
  facet normal 0 0 -1
    outer loop
      vertex 5.7 19 0
      vertex 8 17 0
      vertex 6 17 0
    endloop
  endfacet
  facet normal 0 0 -1
    outer loop
      vertex 8 17 0
      vertex 5.7 19 0
      vertex 5.68546 19.2219 0
    endloop
  endfacet
  facet normal 0 0 -1
    outer loop
      vertex 5.64207 19.44 0
      vertex 8 17 0
      vertex 5.68546 19.2219 0
    endloop
  endfacet
  facet normal 0 0 -1
    outer loop
      vertex 5.57059 19.6506 0
      vertex 8 17 0
      vertex 5.64207 19.44 0
    endloop
  endfacet
  facet normal 0 0 -1
    outer loop
      vertex 12 17 0
      vertex 5.57059 19.6506 0
      vertex 5.47224 19.85 0
    endloop
  endfacet
  facet normal 0 0 -1
    outer loop
      vertex 12 17 0
      vertex 5.47224 19.85 0
      vertex 5.3487 20.0349 0
    endloop
  endfacet
  facet normal 0 0 -1
    outer loop
      vertex 5.20208 20.2021 0
      vertex 12 17 0
      vertex 5.3487 20.0349 0
    endloop
  endfacet
  facet normal 0 0 -1
    outer loop
      vertex 14 17 0
      vertex 5.20208 20.2021 0
      vertex 5.03489 20.3487 0
    endloop
  endfacet
  facet normal 0 0 -1
    outer loop
      vertex 18 17 0
      vertex 5.03489 20.3487 0
      vertex 4.85 20.4722 0
    endloop
  endfacet
  facet normal 0 0 -1
    outer loop
      vertex 20 17 0
      vertex 4.85 20.4722 0
      vertex 4.65056 20.5706 0
    endloop
  endfacet
  facet normal 0 0 -1
    outer loop
      vertex 4.43999 20.6421 0
      vertex 41.56 20.6421 0
      vertex 4.65056 20.5706 0
    endloop
  endfacet
  facet normal 0 0 -1
    outer loop
      vertex 41.56 20.6421 0
      vertex 4.43999 20.6421 0
      vertex 46 22 0
    endloop
  endfacet
  facet normal 0 0 -1
    outer loop
      vertex 0 22 0
      vertex 4.43999 20.6421 0
      vertex 4.22189 20.6855 0
    endloop
  endfacet
  facet normal 0 0 -1
    outer loop
      vertex 0 22 0
      vertex 4.22189 20.6855 0
      vertex 4 20.7 0
    endloop
  endfacet
  facet normal 0 0 -1
    outer loop
      vertex 2.31454 18.7781 0
      vertex 0 22 0
      vertex 2.3 19 0
    endloop
  endfacet
  facet normal 0 0 -1
    outer loop
      vertex 4.43999 20.6421 0
      vertex 0 22 0
      vertex 46 22 0
    endloop
  endfacet
  facet normal 0 0 -1
    outer loop
      vertex 3.7781 20.6855 0
      vertex 0 22 0
      vertex 4 20.7 0
    endloop
  endfacet
  facet normal 0 0 -1
    outer loop
      vertex 3.56001 20.6421 0
      vertex 0 22 0
      vertex 3.7781 20.6855 0
    endloop
  endfacet
  facet normal 0 0 -1
    outer loop
      vertex 3.34944 20.5706 0
      vertex 0 22 0
      vertex 3.56001 20.6421 0
    endloop
  endfacet
  facet normal 0 0 -1
    outer loop
      vertex 3.15 20.4722 0
      vertex 0 22 0
      vertex 3.34944 20.5706 0
    endloop
  endfacet
  facet normal 0 0 -1
    outer loop
      vertex 2.96511 20.3487 0
      vertex 0 22 0
      vertex 3.15 20.4722 0
    endloop
  endfacet
  facet normal 0 0 -1
    outer loop
      vertex 2.79792 20.2021 0
      vertex 0 22 0
      vertex 2.96511 20.3487 0
    endloop
  endfacet
  facet normal 0 0 -1
    outer loop
      vertex 2.6513 20.0349 0
      vertex 0 22 0
      vertex 2.79792 20.2021 0
    endloop
  endfacet
  facet normal 0 0 -1
    outer loop
      vertex 2.52776 19.85 0
      vertex 0 22 0
      vertex 2.6513 20.0349 0
    endloop
  endfacet
  facet normal 0 0 -1
    outer loop
      vertex 2.4294 19.6506 0
      vertex 0 22 0
      vertex 2.52776 19.85 0
    endloop
  endfacet
  facet normal 0 0 -1
    outer loop
      vertex 2.35793 19.44 0
      vertex 0 22 0
      vertex 2.4294 19.6506 0
    endloop
  endfacet
  facet normal 0 0 -1
    outer loop
      vertex 2.31454 19.2219 0
      vertex 0 22 0
      vertex 2.35793 19.44 0
    endloop
  endfacet
  facet normal 0 0 -1
    outer loop
      vertex 2.3 19 0
      vertex 0 22 0
      vertex 2.31454 19.2219 0
    endloop
  endfacet
  facet normal 0 -1 0
    outer loop
      vertex 0 0 0
      vertex 46 0 18.4
      vertex 0 0 18.4
    endloop
  endfacet
  facet normal 0 -1 -0
    outer loop
      vertex 46 0 18.4
      vertex 0 0 0
      vertex 46 0 0
    endloop
  endfacet
  facet normal 0 1 -0
    outer loop
      vertex 46 22 0
      vertex 0 22 2.4
      vertex 46 22 2.4
    endloop
  endfacet
  facet normal 0 1 0
    outer loop
      vertex 0 22 2.4
      vertex 46 22 0
      vertex 0 22 0
    endloop
  endfacet
  facet normal 0 1 -0
    outer loop
      vertex 46 2.4 2.4
      vertex 0 2.4 17.8899
      vertex 46 2.4 17.8899
    endloop
  endfacet
  facet normal 0 1 0
    outer loop
      vertex 0 2.4 17.8899
      vertex 46 2.4 2.4
      vertex 0 2.4 2.4
    endloop
  endfacet
  facet normal -0 0.207915 0.978147
    outer loop
      vertex 0 25.9308 15.3418
      vertex 46 0.498987 20.7476
      vertex 46 25.9308 15.3418
    endloop
  endfacet
  facet normal 0 0.207915 0.978147
    outer loop
      vertex 46 0.498987 20.7476
      vertex 0 25.9308 15.3418
      vertex 0 0.498987 20.7476
    endloop
  endfacet
  facet normal 0 -0.207913 -0.978147
    outer loop
      vertex 0 2.4 17.8899
      vertex 46 25.4318 12.9943
      vertex 46 2.4 17.8899
    endloop
  endfacet
  facet normal -0 -0.207913 -0.978147
    outer loop
      vertex 46 25.4318 12.9943
      vertex 0 2.4 17.8899
      vertex 0 25.4318 12.9943
    endloop
  endfacet
  facet normal 0 -0.978149 0.207907
    outer loop
      vertex 0 0 18.4
      vertex 46 0.498987 20.7476
      vertex 0 0.498987 20.7476
    endloop
  endfacet
  facet normal 0 -0.978149 0.207907
    outer loop
      vertex 46 0.498987 20.7476
      vertex 0 0 18.4
      vertex 46 0 18.4
    endloop
  endfacet
  facet normal 0 0.978146 -0.207921
    outer loop
      vertex 46 25.4318 12.9943
      vertex 0 25.9308 15.3418
      vertex 46 25.9308 15.3418
    endloop
  endfacet
  facet normal 0 0.978146 -0.207921
    outer loop
      vertex 0 25.9308 15.3418
      vertex 46 25.4318 12.9943
      vertex 0 25.4318 12.9943
    endloop
  endfacet
  facet normal 1 -0 0
    outer loop
      vertex 6 11 3.4
      vertex 6 17 2.4
      vertex 6 17 3.4
    endloop
  endfacet
  facet normal 1 0 0
    outer loop
      vertex 6 17 2.4
      vertex 6 11 3.4
      vertex 6 11 2.4
    endloop
  endfacet
  facet normal 1 -0 0
    outer loop
      vertex 6 11 2.4
      vertex 6 17 0
      vertex 6 17 2.4
    endloop
  endfacet
  facet normal 1 0 0
    outer loop
      vertex 6 17 0
      vertex 6 11 2.4
      vertex 6 11 0
    endloop
  endfacet
  facet normal 0 0 -1
    outer loop
      vertex 6 11 3.4
      vertex 6.4 17 3.4
      vertex 6.4 11 3.4
    endloop
  endfacet
  facet normal -0 0 -1
    outer loop
      vertex 6.4 17 3.4
      vertex 6 11 3.4
      vertex 6 17 3.4
    endloop
  endfacet
  facet normal -1 0 0
    outer loop
      vertex 8 11 0
      vertex 8 17 2.4
      vertex 8 17 0
    endloop
  endfacet
  facet normal -1 -0 0
    outer loop
      vertex 8 17 2.4
      vertex 8 11 0
      vertex 8 11 2.4
    endloop
  endfacet
  facet normal 0 1 -0
    outer loop
      vertex 6.4 11 2.4
      vertex 6 11 3.4
      vertex 6.4 11 3.4
    endloop
  endfacet
  facet normal 0 1 0
    outer loop
      vertex 6 11 3.4
      vertex 6.4 11 2.4
      vertex 6 11 2.4
    endloop
  endfacet
  facet normal 0 1 -0
    outer loop
      vertex 8 11 0
      vertex 6 11 2.4
      vertex 8 11 2.4
    endloop
  endfacet
  facet normal 0 1 0
    outer loop
      vertex 6 11 2.4
      vertex 8 11 0
      vertex 6 11 0
    endloop
  endfacet
  facet normal 0 -1 0
    outer loop
      vertex 6 17 2.4
      vertex 6.4 17 3.4
      vertex 6 17 3.4
    endloop
  endfacet
  facet normal 0 -1 -0
    outer loop
      vertex 6.4 17 3.4
      vertex 6 17 2.4
      vertex 6.4 17 2.4
    endloop
  endfacet
  facet normal 0 -1 0
    outer loop
      vertex 6 17 0
      vertex 8 17 2.4
      vertex 6 17 2.4
    endloop
  endfacet
  facet normal 0 -1 -0
    outer loop
      vertex 8 17 2.4
      vertex 6 17 0
      vertex 8 17 0
    endloop
  endfacet
  facet normal 1 -0 0
    outer loop
      vertex 12 11 2.4
      vertex 12 17 0
      vertex 12 17 2.4
    endloop
  endfacet
  facet normal 1 0 0
    outer loop
      vertex 12 17 0
      vertex 12 11 2.4
      vertex 12 11 0
    endloop
  endfacet
  facet normal -1 0 0
    outer loop
      vertex 14 11 0
      vertex 14 17 2.4
      vertex 14 17 0
    endloop
  endfacet
  facet normal -1 -0 0
    outer loop
      vertex 14 17 2.4
      vertex 14 11 0
      vertex 14 11 2.4
    endloop
  endfacet
  facet normal 0 -1 0
    outer loop
      vertex 12 17 0
      vertex 14 17 2.4
      vertex 12 17 2.4
    endloop
  endfacet
  facet normal 0 -1 -0
    outer loop
      vertex 14 17 2.4
      vertex 12 17 0
      vertex 14 17 0
    endloop
  endfacet
  facet normal 0 1 -0
    outer loop
      vertex 14 11 0
      vertex 12 11 2.4
      vertex 14 11 2.4
    endloop
  endfacet
  facet normal 0 1 0
    outer loop
      vertex 12 11 2.4
      vertex 14 11 0
      vertex 12 11 0
    endloop
  endfacet
  facet normal 1 -0 0
    outer loop
      vertex 18 11 2.4
      vertex 18 17 0
      vertex 18 17 2.4
    endloop
  endfacet
  facet normal 1 0 0
    outer loop
      vertex 18 17 0
      vertex 18 11 2.4
      vertex 18 11 0
    endloop
  endfacet
  facet normal 0 0 -1
    outer loop
      vertex 19.8 11 3.4
      vertex 20 17 3.4
      vertex 20 11 3.4
    endloop
  endfacet
  facet normal -0 0 -1
    outer loop
      vertex 20 17 3.4
      vertex 19.8 11 3.4
      vertex 19.8 17 3.4
    endloop
  endfacet
  facet normal -1 0 0
    outer loop
      vertex 20 11 2.4
      vertex 20 17 3.4
      vertex 20 17 2.4
    endloop
  endfacet
  facet normal -1 -0 0
    outer loop
      vertex 20 17 3.4
      vertex 20 11 2.4
      vertex 20 11 3.4
    endloop
  endfacet
  facet normal -1 0 0
    outer loop
      vertex 20 11 0
      vertex 20 17 2.4
      vertex 20 17 0
    endloop
  endfacet
  facet normal -1 -0 0
    outer loop
      vertex 20 17 2.4
      vertex 20 11 0
      vertex 20 11 2.4
    endloop
  endfacet
  facet normal 0 1 -0
    outer loop
      vertex 20 11 2.4
      vertex 19.8 11 3.4
      vertex 20 11 3.4
    endloop
  endfacet
  facet normal 0 1 0
    outer loop
      vertex 19.8 11 3.4
      vertex 20 11 2.4
      vertex 19.8 11 2.4
    endloop
  endfacet
  facet normal 0 1 -0
    outer loop
      vertex 20 11 0
      vertex 18 11 2.4
      vertex 20 11 2.4
    endloop
  endfacet
  facet normal 0 1 0
    outer loop
      vertex 18 11 2.4
      vertex 20 11 0
      vertex 18 11 0
    endloop
  endfacet
  facet normal 0 -1 0
    outer loop
      vertex 19.8 17 2.4
      vertex 20 17 3.4
      vertex 19.8 17 3.4
    endloop
  endfacet
  facet normal 0 -1 -0
    outer loop
      vertex 20 17 3.4
      vertex 19.8 17 2.4
      vertex 20 17 2.4
    endloop
  endfacet
  facet normal 0 -1 0
    outer loop
      vertex 18 17 0
      vertex 20 17 2.4
      vertex 18 17 2.4
    endloop
  endfacet
  facet normal 0 -1 -0
    outer loop
      vertex 20 17 2.4
      vertex 18 17 0
      vertex 20 17 0
    endloop
  endfacet
  facet normal 1 -0 0
    outer loop
      vertex 24 11 3.4
      vertex 24 17 2.4
      vertex 24 17 3.4
    endloop
  endfacet
  facet normal 1 0 0
    outer loop
      vertex 24 17 2.4
      vertex 24 11 3.4
      vertex 24 11 2.4
    endloop
  endfacet
  facet normal 1 -0 0
    outer loop
      vertex 24 11 2.4
      vertex 24 17 0
      vertex 24 17 2.4
    endloop
  endfacet
  facet normal 1 0 0
    outer loop
      vertex 24 17 0
      vertex 24 11 2.4
      vertex 24 11 0
    endloop
  endfacet
  facet normal 0 0 -1
    outer loop
      vertex 24 11 3.4
      vertex 25.4 17 3.4
      vertex 25.4 11 3.4
    endloop
  endfacet
  facet normal -0 0 -1
    outer loop
      vertex 25.4 17 3.4
      vertex 24 11 3.4
      vertex 24 17 3.4
    endloop
  endfacet
  facet normal -1 0 0
    outer loop
      vertex 26 11 0
      vertex 26 17 2.4
      vertex 26 17 0
    endloop
  endfacet
  facet normal -1 -0 0
    outer loop
      vertex 26 17 2.4
      vertex 26 11 0
      vertex 26 11 2.4
    endloop
  endfacet
  facet normal 0 -1 0
    outer loop
      vertex 24 17 2.4
      vertex 25.4 17 3.4
      vertex 24 17 3.4
    endloop
  endfacet
  facet normal 0 -1 -0
    outer loop
      vertex 25.4 17 3.4
      vertex 24 17 2.4
      vertex 25.4 17 2.4
    endloop
  endfacet
  facet normal 0 -1 0
    outer loop
      vertex 24 17 0
      vertex 26 17 2.4
      vertex 24 17 2.4
    endloop
  endfacet
  facet normal 0 -1 -0
    outer loop
      vertex 26 17 2.4
      vertex 24 17 0
      vertex 26 17 0
    endloop
  endfacet
  facet normal 0 1 -0
    outer loop
      vertex 25.4 11 2.4
      vertex 24 11 3.4
      vertex 25.4 11 3.4
    endloop
  endfacet
  facet normal 0 1 0
    outer loop
      vertex 24 11 3.4
      vertex 25.4 11 2.4
      vertex 24 11 2.4
    endloop
  endfacet
  facet normal 0 1 -0
    outer loop
      vertex 26 11 0
      vertex 24 11 2.4
      vertex 26 11 2.4
    endloop
  endfacet
  facet normal 0 1 0
    outer loop
      vertex 24 11 2.4
      vertex 26 11 0
      vertex 24 11 0
    endloop
  endfacet
  facet normal 1 -0 0
    outer loop
      vertex 30 11 2.4
      vertex 30 17 0
      vertex 30 17 2.4
    endloop
  endfacet
  facet normal 1 0 0
    outer loop
      vertex 30 17 0
      vertex 30 11 2.4
      vertex 30 11 0
    endloop
  endfacet
  facet normal -1 0 0
    outer loop
      vertex 32 11 0
      vertex 32 17 2.4
      vertex 32 17 0
    endloop
  endfacet
  facet normal -1 -0 0
    outer loop
      vertex 32 17 2.4
      vertex 32 11 0
      vertex 32 11 2.4
    endloop
  endfacet
  facet normal 0 1 -0
    outer loop
      vertex 32 11 0
      vertex 30 11 2.4
      vertex 32 11 2.4
    endloop
  endfacet
  facet normal 0 1 0
    outer loop
      vertex 30 11 2.4
      vertex 32 11 0
      vertex 30 11 0
    endloop
  endfacet
  facet normal 0 -1 0
    outer loop
      vertex 30 17 0
      vertex 32 17 2.4
      vertex 30 17 2.4
    endloop
  endfacet
  facet normal 0 -1 -0
    outer loop
      vertex 32 17 2.4
      vertex 30 17 0
      vertex 32 17 0
    endloop
  endfacet
  facet normal 1 -0 0
    outer loop
      vertex 36 11 2.4
      vertex 36 17 0
      vertex 36 17 2.4
    endloop
  endfacet
  facet normal 1 0 0
    outer loop
      vertex 36 17 0
      vertex 36 11 2.4
      vertex 36 11 0
    endloop
  endfacet
  facet normal -1 0 0
    outer loop
      vertex 38 11 0
      vertex 38 17 2.4
      vertex 38 17 0
    endloop
  endfacet
  facet normal -1 -0 0
    outer loop
      vertex 38 17 2.4
      vertex 38 11 0
      vertex 38 11 2.4
    endloop
  endfacet
  facet normal 0 -1 0
    outer loop
      vertex 36 17 0
      vertex 38 17 2.4
      vertex 36 17 2.4
    endloop
  endfacet
  facet normal 0 -1 -0
    outer loop
      vertex 38 17 2.4
      vertex 36 17 0
      vertex 38 17 0
    endloop
  endfacet
  facet normal 0 1 -0
    outer loop
      vertex 38 11 0
      vertex 36 11 2.4
      vertex 38 11 2.4
    endloop
  endfacet
  facet normal 0 1 0
    outer loop
      vertex 36 11 2.4
      vertex 38 11 0
      vertex 36 11 0
    endloop
  endfacet
  facet normal -0.831483 -0.555551 0
    outer loop
      vertex 5.47224 19.85 0
      vertex 5.3487 20.0349 2.4
      vertex 5.3487 20.0349 0
    endloop
  endfacet
  facet normal -0.831483 -0.555551 0
    outer loop
      vertex 5.3487 20.0349 2.4
      vertex 5.47224 19.85 0
      vertex 5.47224 19.85 2.4
    endloop
  endfacet
  facet normal -0.321525 -0.946901 0
    outer loop
      vertex 4.43999 20.6421 0
      vertex 4.65056 20.5706 2.4
      vertex 4.43999 20.6421 2.4
    endloop
  endfacet
  facet normal -0.321525 -0.946901 -0
    outer loop
      vertex 4.65056 20.5706 2.4
      vertex 4.43999 20.6421 0
      vertex 4.65056 20.5706 0
    endloop
  endfacet
  facet normal 0.442459 -0.896789 0
    outer loop
      vertex 3.15 20.4722 0
      vertex 3.34944 20.5706 2.4
      vertex 3.15 20.4722 2.4
    endloop
  endfacet
  facet normal 0.442459 -0.896789 0
    outer loop
      vertex 3.34944 20.5706 2.4
      vertex 3.15 20.4722 0
      vertex 3.34944 20.5706 0
    endloop
  endfacet
  facet normal 0.946956 -0.321363 0
    outer loop
      vertex 2.35793 19.44 2.4
      vertex 2.4294 19.6506 0
      vertex 2.4294 19.6506 2.4
    endloop
  endfacet
  facet normal 0.946956 -0.321363 0
    outer loop
      vertex 2.4294 19.6506 0
      vertex 2.35793 19.44 2.4
      vertex 2.35793 19.44 0
    endloop
  endfacet
  facet normal -0.980779 0.195122 0
    outer loop
      vertex 5.64207 18.56 2.4
      vertex 5.68546 18.7781 3.4
      vertex 5.68546 18.7781 2.4
    endloop
  endfacet
  facet normal -0.980779 0.195122 0
    outer loop
      vertex 5.68546 18.7781 3.4
      vertex 5.64207 18.56 2.4
      vertex 5.64207 18.56 3.4
    endloop
  endfacet
  facet normal -0.980779 0.195122 0
    outer loop
      vertex 5.64207 18.56 0
      vertex 5.68546 18.7781 2.4
      vertex 5.68546 18.7781 0
    endloop
  endfacet
  facet normal -0.980779 0.195122 0
    outer loop
      vertex 5.68546 18.7781 2.4
      vertex 5.64207 18.56 0
      vertex 5.64207 18.56 2.4
    endloop
  endfacet
  facet normal -0.980779 -0.195122 0
    outer loop
      vertex 5.68546 19.2219 2.4
      vertex 5.64207 19.44 3.4
      vertex 5.64207 19.44 2.4
    endloop
  endfacet
  facet normal -0.980779 -0.195122 0
    outer loop
      vertex 5.64207 19.44 3.4
      vertex 5.68546 19.2219 2.4
      vertex 5.68546 19.2219 3.4
    endloop
  endfacet
  facet normal -0.980779 -0.195122 0
    outer loop
      vertex 5.68546 19.2219 0
      vertex 5.64207 19.44 2.4
      vertex 5.64207 19.44 0
    endloop
  endfacet
  facet normal -0.980779 -0.195122 0
    outer loop
      vertex 5.64207 19.44 2.4
      vertex 5.68546 19.2219 0
      vertex 5.68546 19.2219 2.4
    endloop
  endfacet
  facet normal 0.0652057 -0.997872 0
    outer loop
      vertex 3.7781 20.6855 0
      vertex 4 20.7 2.4
      vertex 3.7781 20.6855 2.4
    endloop
  endfacet
  facet normal 0.0652057 -0.997872 0
    outer loop
      vertex 4 20.7 2.4
      vertex 3.7781 20.6855 0
      vertex 4 20.7 0
    endloop
  endfacet
  facet normal -0.442459 -0.896789 0
    outer loop
      vertex 4.65056 20.5706 0
      vertex 4.85 20.4722 2.4
      vertex 4.65056 20.5706 2.4
    endloop
  endfacet
  facet normal -0.442459 -0.896789 -0
    outer loop
      vertex 4.85 20.4722 2.4
      vertex 4.65056 20.5706 0
      vertex 4.85 20.4722 0
    endloop
  endfacet
  facet normal 0.99786 0.0653848 0
    outer loop
      vertex 2.31454 18.7781 2.4
      vertex 2.3 19 0
      vertex 2.3 19 2.4
    endloop
  endfacet
  facet normal 0.99786 0.0653848 0
    outer loop
      vertex 2.3 19 0
      vertex 2.31454 18.7781 2.4
      vertex 2.31454 18.7781 0
    endloop
  endfacet
  facet normal 0.831483 -0.555551 0
    outer loop
      vertex 2.52776 19.85 2.4
      vertex 2.6513 20.0349 0
      vertex 2.6513 20.0349 2.4
    endloop
  endfacet
  facet normal 0.831483 -0.555551 0
    outer loop
      vertex 2.6513 20.0349 0
      vertex 2.52776 19.85 2.4
      vertex 2.52776 19.85 0
    endloop
  endfacet
  facet normal 0.555447 -0.831552 0
    outer loop
      vertex 2.96511 20.3487 0
      vertex 3.15 20.4722 2.4
      vertex 2.96511 20.3487 2.4
    endloop
  endfacet
  facet normal 0.555447 -0.831552 0
    outer loop
      vertex 3.15 20.4722 2.4
      vertex 2.96511 20.3487 0
      vertex 3.15 20.4722 0
    endloop
  endfacet
  facet normal 0.195173 -0.980769 0
    outer loop
      vertex 3.56001 20.6421 0
      vertex 3.7781 20.6855 2.4
      vertex 3.56001 20.6421 2.4
    endloop
  endfacet
  facet normal 0.195173 -0.980769 0
    outer loop
      vertex 3.7781 20.6855 2.4
      vertex 3.56001 20.6421 0
      vertex 3.7781 20.6855 0
    endloop
  endfacet
  facet normal -0.99786 -0.0653848 0
    outer loop
      vertex 5.7 19 2.4
      vertex 5.68546 19.2219 3.4
      vertex 5.68546 19.2219 2.4
    endloop
  endfacet
  facet normal -0.99786 -0.0653848 0
    outer loop
      vertex 5.68546 19.2219 3.4
      vertex 5.7 19 2.4
      vertex 5.7 19 3.4
    endloop
  endfacet
  facet normal -0.99786 -0.0653848 0
    outer loop
      vertex 5.7 19 0
      vertex 5.68546 19.2219 2.4
      vertex 5.68546 19.2219 0
    endloop
  endfacet
  facet normal -0.99786 -0.0653848 0
    outer loop
      vertex 5.68546 19.2219 2.4
      vertex 5.7 19 0
      vertex 5.7 19 2.4
    endloop
  endfacet
  facet normal -0.946943 0.321403 0
    outer loop
      vertex 5.57059 18.3494 2.4
      vertex 5.64207 18.56 3.4
      vertex 5.64207 18.56 2.4
    endloop
  endfacet
  facet normal -0.946943 0.321403 0
    outer loop
      vertex 5.64207 18.56 3.4
      vertex 5.57059 18.3494 2.4
      vertex 5.57059 18.3494 3.4
    endloop
  endfacet
  facet normal -0.946943 0.321403 0
    outer loop
      vertex 5.57059 18.3494 0
      vertex 5.64207 18.56 2.4
      vertex 5.64207 18.56 0
    endloop
  endfacet
  facet normal -0.946943 0.321403 0
    outer loop
      vertex 5.64207 18.56 2.4
      vertex 5.57059 18.3494 0
      vertex 5.57059 18.3494 2.4
    endloop
  endfacet
  facet normal 0.555447 0.831552 -0
    outer loop
      vertex 3.15 17.5278 0
      vertex 2.96511 17.6513 2.4
      vertex 3.15 17.5278 2.4
    endloop
  endfacet
  facet normal 0.555447 0.831552 0
    outer loop
      vertex 2.96511 17.6513 2.4
      vertex 3.15 17.5278 0
      vertex 2.96511 17.6513 0
    endloop
  endfacet
  facet normal 0.831483 0.555551 0
    outer loop
      vertex 2.6513 17.9651 2.4
      vertex 2.52776 18.15 0
      vertex 2.52776 18.15 2.4
    endloop
  endfacet
  facet normal 0.831483 0.555551 0
    outer loop
      vertex 2.52776 18.15 0
      vertex 2.6513 17.9651 2.4
      vertex 2.6513 17.9651 0
    endloop
  endfacet
  facet normal -0.555447 0.831552 0
    outer loop
      vertex 5.03489 17.6513 2.4
      vertex 4.85 17.5278 3.4
      vertex 5.03489 17.6513 3.4
    endloop
  endfacet
  facet normal -0.555447 0.831552 0
    outer loop
      vertex 4.85 17.5278 3.4
      vertex 5.03489 17.6513 2.4
      vertex 4.85 17.5278 2.4
    endloop
  endfacet
  facet normal -0.555447 0.831552 0
    outer loop
      vertex 5.03489 17.6513 0
      vertex 4.85 17.5278 2.4
      vertex 5.03489 17.6513 2.4
    endloop
  endfacet
  facet normal -0.555447 0.831552 0
    outer loop
      vertex 4.85 17.5278 2.4
      vertex 5.03489 17.6513 0
      vertex 4.85 17.5278 0
    endloop
  endfacet
  facet normal -0.659291 -0.751888 0
    outer loop
      vertex 5.03489 20.3487 0
      vertex 5.20208 20.2021 2.4
      vertex 5.03489 20.3487 2.4
    endloop
  endfacet
  facet normal -0.659291 -0.751888 -0
    outer loop
      vertex 5.20208 20.2021 2.4
      vertex 5.03489 20.3487 0
      vertex 5.20208 20.2021 0
    endloop
  endfacet
  facet normal -0.751863 -0.659319 0
    outer loop
      vertex 5.3487 20.0349 0
      vertex 5.20208 20.2021 2.4
      vertex 5.20208 20.2021 0
    endloop
  endfacet
  facet normal -0.751863 -0.659319 0
    outer loop
      vertex 5.20208 20.2021 2.4
      vertex 5.3487 20.0349 0
      vertex 5.3487 20.0349 2.4
    endloop
  endfacet
  facet normal -0.195165 -0.98077 0
    outer loop
      vertex 4.22189 20.6855 0
      vertex 4.43999 20.6421 2.4
      vertex 4.22189 20.6855 2.4
    endloop
  endfacet
  facet normal -0.195165 -0.98077 -0
    outer loop
      vertex 4.43999 20.6421 2.4
      vertex 4.22189 20.6855 0
      vertex 4.43999 20.6421 0
    endloop
  endfacet
  facet normal -0.0652086 -0.997872 0
    outer loop
      vertex 4 20.7 0
      vertex 4.22189 20.6855 2.4
      vertex 4 20.7 2.4
    endloop
  endfacet
  facet normal -0.0652086 -0.997872 -0
    outer loop
      vertex 4.22189 20.6855 2.4
      vertex 4 20.7 0
      vertex 4.22189 20.6855 0
    endloop
  endfacet
  facet normal -0.555447 -0.831552 0
    outer loop
      vertex 4.85 20.4722 0
      vertex 5.03489 20.3487 2.4
      vertex 4.85 20.4722 2.4
    endloop
  endfacet
  facet normal -0.555447 -0.831552 -0
    outer loop
      vertex 5.03489 20.3487 2.4
      vertex 4.85 20.4722 0
      vertex 5.03489 20.3487 0
    endloop
  endfacet
  facet normal 0.980779 -0.195122 0
    outer loop
      vertex 2.31454 19.2219 2.4
      vertex 2.35793 19.44 0
      vertex 2.35793 19.44 2.4
    endloop
  endfacet
  facet normal 0.980779 -0.195122 0
    outer loop
      vertex 2.35793 19.44 0
      vertex 2.31454 19.2219 2.4
      vertex 2.31454 19.2219 0
    endloop
  endfacet
  facet normal 0.99786 -0.0653848 0
    outer loop
      vertex 2.3 19 2.4
      vertex 2.31454 19.2219 0
      vertex 2.31454 19.2219 2.4
    endloop
  endfacet
  facet normal 0.99786 -0.0653848 0
    outer loop
      vertex 2.31454 19.2219 0
      vertex 2.3 19 2.4
      vertex 2.3 19 0
    endloop
  endfacet
  facet normal 0.896825 -0.442386 0
    outer loop
      vertex 2.4294 19.6506 2.4
      vertex 2.52776 19.85 0
      vertex 2.52776 19.85 2.4
    endloop
  endfacet
  facet normal 0.896825 -0.442386 0
    outer loop
      vertex 2.52776 19.85 0
      vertex 2.4294 19.6506 2.4
      vertex 2.4294 19.6506 0
    endloop
  endfacet
  facet normal 0.321525 -0.946901 0
    outer loop
      vertex 3.34944 20.5706 0
      vertex 3.56001 20.6421 2.4
      vertex 3.34944 20.5706 2.4
    endloop
  endfacet
  facet normal 0.321525 -0.946901 0
    outer loop
      vertex 3.56001 20.6421 2.4
      vertex 3.34944 20.5706 0
      vertex 3.56001 20.6421 0
    endloop
  endfacet
  facet normal 0.659291 -0.751888 0
    outer loop
      vertex 2.79792 20.2021 0
      vertex 2.96511 20.3487 2.4
      vertex 2.79792 20.2021 2.4
    endloop
  endfacet
  facet normal 0.659291 -0.751888 0
    outer loop
      vertex 2.96511 20.3487 2.4
      vertex 2.79792 20.2021 0
      vertex 2.96511 20.3487 0
    endloop
  endfacet
  facet normal 0.751863 -0.659319 0
    outer loop
      vertex 2.6513 20.0349 2.4
      vertex 2.79792 20.2021 0
      vertex 2.79792 20.2021 2.4
    endloop
  endfacet
  facet normal 0.751863 -0.659319 0
    outer loop
      vertex 2.79792 20.2021 0
      vertex 2.6513 20.0349 2.4
      vertex 2.6513 20.0349 0
    endloop
  endfacet
  facet normal -0.99786 0.0653848 0
    outer loop
      vertex 5.68546 18.7781 2.4
      vertex 5.7 19 3.4
      vertex 5.7 19 2.4
    endloop
  endfacet
  facet normal -0.99786 0.0653848 0
    outer loop
      vertex 5.7 19 3.4
      vertex 5.68546 18.7781 2.4
      vertex 5.68546 18.7781 3.4
    endloop
  endfacet
  facet normal -0.99786 0.0653848 0
    outer loop
      vertex 5.68546 18.7781 0
      vertex 5.7 19 2.4
      vertex 5.7 19 0
    endloop
  endfacet
  facet normal -0.99786 0.0653848 0
    outer loop
      vertex 5.7 19 2.4
      vertex 5.68546 18.7781 0
      vertex 5.68546 18.7781 2.4
    endloop
  endfacet
  facet normal -0.831483 0.555551 0
    outer loop
      vertex 5.3487 17.9651 2.4
      vertex 5.47224 18.15 3.4
      vertex 5.47224 18.15 2.4
    endloop
  endfacet
  facet normal -0.831483 0.555551 0
    outer loop
      vertex 5.47224 18.15 3.4
      vertex 5.3487 17.9651 2.4
      vertex 5.3487 17.9651 3.4
    endloop
  endfacet
  facet normal -0.831483 0.555551 0
    outer loop
      vertex 5.3487 17.9651 0
      vertex 5.47224 18.15 2.4
      vertex 5.47224 18.15 0
    endloop
  endfacet
  facet normal -0.831483 0.555551 0
    outer loop
      vertex 5.47224 18.15 2.4
      vertex 5.3487 17.9651 0
      vertex 5.3487 17.9651 2.4
    endloop
  endfacet
  facet normal 0.980779 0.195122 0
    outer loop
      vertex 2.35793 18.56 2.4
      vertex 2.31454 18.7781 0
      vertex 2.31454 18.7781 2.4
    endloop
  endfacet
  facet normal 0.980779 0.195122 0
    outer loop
      vertex 2.31454 18.7781 0
      vertex 2.35793 18.56 2.4
      vertex 2.35793 18.56 0
    endloop
  endfacet
  facet normal 0.751863 0.659319 0
    outer loop
      vertex 2.79792 17.7979 2.4
      vertex 2.6513 17.9651 0
      vertex 2.6513 17.9651 2.4
    endloop
  endfacet
  facet normal 0.751863 0.659319 0
    outer loop
      vertex 2.6513 17.9651 0
      vertex 2.79792 17.7979 2.4
      vertex 2.79792 17.7979 0
    endloop
  endfacet
  facet normal -0.195165 0.98077 0
    outer loop
      vertex 4.43999 17.3579 2.4
      vertex 4.22189 17.3145 3.4
      vertex 4.43999 17.3579 3.4
    endloop
  endfacet
  facet normal -0.195165 0.98077 0
    outer loop
      vertex 4.22189 17.3145 3.4
      vertex 4.43999 17.3579 2.4
      vertex 4.22189 17.3145 2.4
    endloop
  endfacet
  facet normal -0.195165 0.98077 0
    outer loop
      vertex 4.43999 17.3579 0
      vertex 4.22189 17.3145 2.4
      vertex 4.43999 17.3579 2.4
    endloop
  endfacet
  facet normal -0.195165 0.98077 0
    outer loop
      vertex 4.22189 17.3145 2.4
      vertex 4.43999 17.3579 0
      vertex 4.22189 17.3145 0
    endloop
  endfacet
  facet normal -0.659291 0.751888 0
    outer loop
      vertex 5.20208 17.7979 2.4
      vertex 5.03489 17.6513 3.4
      vertex 5.20208 17.7979 3.4
    endloop
  endfacet
  facet normal -0.659291 0.751888 0
    outer loop
      vertex 5.03489 17.6513 3.4
      vertex 5.20208 17.7979 2.4
      vertex 5.03489 17.6513 2.4
    endloop
  endfacet
  facet normal -0.659291 0.751888 0
    outer loop
      vertex 5.20208 17.7979 0
      vertex 5.03489 17.6513 2.4
      vertex 5.20208 17.7979 2.4
    endloop
  endfacet
  facet normal -0.659291 0.751888 0
    outer loop
      vertex 5.03489 17.6513 2.4
      vertex 5.20208 17.7979 0
      vertex 5.03489 17.6513 0
    endloop
  endfacet
  facet normal -0.896839 -0.442357 0
    outer loop
      vertex 5.57059 19.6506 2.4
      vertex 5.4969 19.8 3.4
      vertex 5.4969 19.8 2.4
    endloop
  endfacet
  facet normal -0.896839 -0.442357 0
    outer loop
      vertex 5.4969 19.8 3.4
      vertex 5.57059 19.6506 2.4
      vertex 5.57059 19.6506 3.4
    endloop
  endfacet
  facet normal -0.896843 -0.442349 0
    outer loop
      vertex 5.57059 19.6506 0
      vertex 5.47224 19.85 2.4
      vertex 5.47224 19.85 0
    endloop
  endfacet
  facet normal -0.896843 -0.442349 0
    outer loop
      vertex 5.47224 19.85 2.4
      vertex 5.57059 19.6506 0
      vertex 5.57059 19.6506 2.4
    endloop
  endfacet
  facet normal -0.946943 -0.321403 0
    outer loop
      vertex 5.64207 19.44 2.4
      vertex 5.57059 19.6506 3.4
      vertex 5.57059 19.6506 2.4
    endloop
  endfacet
  facet normal -0.946943 -0.321403 0
    outer loop
      vertex 5.57059 19.6506 3.4
      vertex 5.64207 19.44 2.4
      vertex 5.64207 19.44 3.4
    endloop
  endfacet
  facet normal -0.946943 -0.321403 0
    outer loop
      vertex 5.64207 19.44 0
      vertex 5.57059 19.6506 2.4
      vertex 5.57059 19.6506 0
    endloop
  endfacet
  facet normal -0.946943 -0.321403 0
    outer loop
      vertex 5.57059 19.6506 2.4
      vertex 5.64207 19.44 0
      vertex 5.64207 19.44 2.4
    endloop
  endfacet
  facet normal 0 0 -1
    outer loop
      vertex 4 19.8 3.4
      vertex 5.7 19 3.4
      vertex 5.68546 18.7781 3.4
    endloop
  endfacet
  facet normal 0 0 -1
    outer loop
      vertex 4 19.8 3.4
      vertex 5.68546 18.7781 3.4
      vertex 5.64207 18.56 3.4
    endloop
  endfacet
  facet normal 0 0 -1
    outer loop
      vertex 5.7 19 3.4
      vertex 4 19.8 3.4
      vertex 5.68546 19.2219 3.4
    endloop
  endfacet
  facet normal 0 0 -1
    outer loop
      vertex 4 19.8 3.4
      vertex 5.64207 18.56 3.4
      vertex 5.57059 18.3494 3.4
    endloop
  endfacet
  facet normal 0 0 -1
    outer loop
      vertex 5.68546 19.2219 3.4
      vertex 4 19.8 3.4
      vertex 5.64207 19.44 3.4
    endloop
  endfacet
  facet normal 0 0 -1
    outer loop
      vertex 5.64207 19.44 3.4
      vertex 4 19.8 3.4
      vertex 5.57059 19.6506 3.4
    endloop
  endfacet
  facet normal 0 0 -1
    outer loop
      vertex 4 19.8 3.4
      vertex 5.57059 18.3494 3.4
      vertex 5.47224 18.15 3.4
    endloop
  endfacet
  facet normal 0 0 -1
    outer loop
      vertex 4 19.8 3.4
      vertex 5.47224 18.15 3.4
      vertex 5.3487 17.9651 3.4
    endloop
  endfacet
  facet normal 0 0 -1
    outer loop
      vertex 4 19.8 3.4
      vertex 5.3487 17.9651 3.4
      vertex 5.20208 17.7979 3.4
    endloop
  endfacet
  facet normal 0 0 -1
    outer loop
      vertex 4 19.8 3.4
      vertex 5.20208 17.7979 3.4
      vertex 5.03489 17.6513 3.4
    endloop
  endfacet
  facet normal 0 0 -1
    outer loop
      vertex 4 19.8 3.4
      vertex 5.03489 17.6513 3.4
      vertex 4.85 17.5278 3.4
    endloop
  endfacet
  facet normal 0 0 -1
    outer loop
      vertex 4 19.8 3.4
      vertex 4.85 17.5278 3.4
      vertex 4.65056 17.4294 3.4
    endloop
  endfacet
  facet normal 0 0 -1
    outer loop
      vertex 4 19.8 3.4
      vertex 4.65056 17.4294 3.4
      vertex 4.43999 17.3579 3.4
    endloop
  endfacet
  facet normal 0 0 -1
    outer loop
      vertex 4 19.8 3.4
      vertex 4.43999 17.3579 3.4
      vertex 4.22189 17.3145 3.4
    endloop
  endfacet
  facet normal 0 0 -1
    outer loop
      vertex 4 19.8 3.4
      vertex 4.22189 17.3145 3.4
      vertex 4 17.3 3.4
    endloop
  endfacet
  facet normal 0 0 -1
    outer loop
      vertex 5.57059 19.6506 3.4
      vertex 4 19.8 3.4
      vertex 5.4969 19.8 3.4
    endloop
  endfacet
  facet normal -0.896843 0.442349 0
    outer loop
      vertex 5.47224 18.15 2.4
      vertex 5.57059 18.3494 3.4
      vertex 5.57059 18.3494 2.4
    endloop
  endfacet
  facet normal -0.896843 0.442349 0
    outer loop
      vertex 5.57059 18.3494 3.4
      vertex 5.47224 18.15 2.4
      vertex 5.47224 18.15 3.4
    endloop
  endfacet
  facet normal -0.896843 0.442349 0
    outer loop
      vertex 5.47224 18.15 0
      vertex 5.57059 18.3494 2.4
      vertex 5.57059 18.3494 0
    endloop
  endfacet
  facet normal -0.896843 0.442349 0
    outer loop
      vertex 5.57059 18.3494 2.4
      vertex 5.47224 18.15 0
      vertex 5.47224 18.15 2.4
    endloop
  endfacet
  facet normal -0.0652086 0.997872 0
    outer loop
      vertex 4.22189 17.3145 2.4
      vertex 4 17.3 3.4
      vertex 4.22189 17.3145 3.4
    endloop
  endfacet
  facet normal -0.0652086 0.997872 0
    outer loop
      vertex 4 17.3 3.4
      vertex 4.22189 17.3145 2.4
      vertex 4 17.3 2.4
    endloop
  endfacet
  facet normal -0.0652086 0.997872 0
    outer loop
      vertex 4.22189 17.3145 0
      vertex 4 17.3 2.4
      vertex 4.22189 17.3145 2.4
    endloop
  endfacet
  facet normal -0.0652086 0.997872 0
    outer loop
      vertex 4 17.3 2.4
      vertex 4.22189 17.3145 0
      vertex 4 17.3 0
    endloop
  endfacet
  facet normal 0.896825 0.442386 0
    outer loop
      vertex 2.52776 18.15 2.4
      vertex 2.4294 18.3494 0
      vertex 2.4294 18.3494 2.4
    endloop
  endfacet
  facet normal 0.896825 0.442386 0
    outer loop
      vertex 2.4294 18.3494 0
      vertex 2.52776 18.15 2.4
      vertex 2.52776 18.15 0
    endloop
  endfacet
  facet normal 0.946956 0.321363 0
    outer loop
      vertex 2.4294 18.3494 2.4
      vertex 2.35793 18.56 0
      vertex 2.35793 18.56 2.4
    endloop
  endfacet
  facet normal 0.946956 0.321363 0
    outer loop
      vertex 2.35793 18.56 0
      vertex 2.4294 18.3494 2.4
      vertex 2.4294 18.3494 0
    endloop
  endfacet
  facet normal 0.659291 0.751888 -0
    outer loop
      vertex 2.96511 17.6513 0
      vertex 2.79792 17.7979 2.4
      vertex 2.96511 17.6513 2.4
    endloop
  endfacet
  facet normal 0.659291 0.751888 0
    outer loop
      vertex 2.79792 17.7979 2.4
      vertex 2.96511 17.6513 0
      vertex 2.79792 17.7979 0
    endloop
  endfacet
  facet normal -0.442459 0.896789 0
    outer loop
      vertex 4.85 17.5278 2.4
      vertex 4.65056 17.4294 3.4
      vertex 4.85 17.5278 3.4
    endloop
  endfacet
  facet normal -0.442459 0.896789 0
    outer loop
      vertex 4.65056 17.4294 3.4
      vertex 4.85 17.5278 2.4
      vertex 4.65056 17.4294 2.4
    endloop
  endfacet
  facet normal -0.442459 0.896789 0
    outer loop
      vertex 4.85 17.5278 0
      vertex 4.65056 17.4294 2.4
      vertex 4.85 17.5278 2.4
    endloop
  endfacet
  facet normal -0.442459 0.896789 0
    outer loop
      vertex 4.65056 17.4294 2.4
      vertex 4.85 17.5278 0
      vertex 4.65056 17.4294 0
    endloop
  endfacet
  facet normal -0.321525 0.946901 0
    outer loop
      vertex 4.65056 17.4294 2.4
      vertex 4.43999 17.3579 3.4
      vertex 4.65056 17.4294 3.4
    endloop
  endfacet
  facet normal -0.321525 0.946901 0
    outer loop
      vertex 4.43999 17.3579 3.4
      vertex 4.65056 17.4294 2.4
      vertex 4.43999 17.3579 2.4
    endloop
  endfacet
  facet normal -0.321525 0.946901 0
    outer loop
      vertex 4.65056 17.4294 0
      vertex 4.43999 17.3579 2.4
      vertex 4.65056 17.4294 2.4
    endloop
  endfacet
  facet normal -0.321525 0.946901 0
    outer loop
      vertex 4.43999 17.3579 2.4
      vertex 4.65056 17.4294 0
      vertex 4.43999 17.3579 0
    endloop
  endfacet
  facet normal 0.195173 0.980769 -0
    outer loop
      vertex 3.7781 17.3145 0
      vertex 3.56001 17.3579 2.4
      vertex 3.7781 17.3145 2.4
    endloop
  endfacet
  facet normal 0.195173 0.980769 0
    outer loop
      vertex 3.56001 17.3579 2.4
      vertex 3.7781 17.3145 0
      vertex 3.56001 17.3579 0
    endloop
  endfacet
  facet normal 0.321525 0.946901 -0
    outer loop
      vertex 3.56001 17.3579 0
      vertex 3.34944 17.4294 2.4
      vertex 3.56001 17.3579 2.4
    endloop
  endfacet
  facet normal 0.321525 0.946901 0
    outer loop
      vertex 3.34944 17.4294 2.4
      vertex 3.56001 17.3579 0
      vertex 3.34944 17.4294 0
    endloop
  endfacet
  facet normal -0.751863 0.659319 0
    outer loop
      vertex 5.20208 17.7979 2.4
      vertex 5.3487 17.9651 3.4
      vertex 5.3487 17.9651 2.4
    endloop
  endfacet
  facet normal -0.751863 0.659319 0
    outer loop
      vertex 5.3487 17.9651 3.4
      vertex 5.20208 17.7979 2.4
      vertex 5.20208 17.7979 3.4
    endloop
  endfacet
  facet normal -0.751863 0.659319 0
    outer loop
      vertex 5.20208 17.7979 0
      vertex 5.3487 17.9651 2.4
      vertex 5.3487 17.9651 0
    endloop
  endfacet
  facet normal -0.751863 0.659319 0
    outer loop
      vertex 5.3487 17.9651 2.4
      vertex 5.20208 17.7979 0
      vertex 5.20208 17.7979 2.4
    endloop
  endfacet
  facet normal 0.0652057 0.997872 -0
    outer loop
      vertex 4 17.3 0
      vertex 3.7781 17.3145 2.4
      vertex 4 17.3 2.4
    endloop
  endfacet
  facet normal 0.0652057 0.997872 0
    outer loop
      vertex 3.7781 17.3145 2.4
      vertex 4 17.3 0
      vertex 3.7781 17.3145 0
    endloop
  endfacet
  facet normal 0.442459 0.896789 -0
    outer loop
      vertex 3.34944 17.4294 0
      vertex 3.15 17.5278 2.4
      vertex 3.34944 17.4294 2.4
    endloop
  endfacet
  facet normal 0.442459 0.896789 0
    outer loop
      vertex 3.15 17.5278 2.4
      vertex 3.34944 17.4294 0
      vertex 3.15 17.5278 0
    endloop
  endfacet
  facet normal -0.997872 -0.0652057 0
    outer loop
      vertex 43.7 19 0
      vertex 43.6855 19.2219 2.4
      vertex 43.6855 19.2219 0
    endloop
  endfacet
  facet normal -0.997872 -0.0652057 0
    outer loop
      vertex 43.6855 19.2219 2.4
      vertex 43.7 19 0
      vertex 43.7 19 2.4
    endloop
  endfacet
  facet normal 0.0652057 -0.997872 0
    outer loop
      vertex 41.7781 20.6855 0
      vertex 42 20.7 2.4
      vertex 41.7781 20.6855 2.4
    endloop
  endfacet
  facet normal 0.0652057 -0.997872 0
    outer loop
      vertex 42 20.7 2.4
      vertex 41.7781 20.6855 0
      vertex 42 20.7 0
    endloop
  endfacet
  facet normal -0.659268 -0.751908 0
    outer loop
      vertex 43.0349 20.3487 0
      vertex 43.2021 20.2021 2.4
      vertex 43.0349 20.3487 2.4
    endloop
  endfacet
  facet normal -0.659268 -0.751908 -0
    outer loop
      vertex 43.2021 20.2021 2.4
      vertex 43.0349 20.3487 0
      vertex 43.2021 20.2021 0
    endloop
  endfacet
  facet normal 0.751908 -0.659268 0
    outer loop
      vertex 40.6513 20.0349 2.4
      vertex 40.7979 20.2021 0
      vertex 40.7979 20.2021 2.4
    endloop
  endfacet
  facet normal 0.751908 -0.659268 0
    outer loop
      vertex 40.7979 20.2021 0
      vertex 40.6513 20.0349 2.4
      vertex 40.6513 20.0349 0
    endloop
  endfacet
  facet normal 0.44253 -0.896754 0
    outer loop
      vertex 41.15 20.4722 0
      vertex 41.3494 20.5706 2.4
      vertex 41.15 20.4722 2.4
    endloop
  endfacet
  facet normal 0.44253 -0.896754 0
    outer loop
      vertex 41.3494 20.5706 2.4
      vertex 41.15 20.4722 0
      vertex 41.3494 20.5706 0
    endloop
  endfacet
  facet normal -0.831566 0.555426 0
    outer loop
      vertex 43.3487 17.9651 0
      vertex 43.4722 18.15 2.4
      vertex 43.4722 18.15 0
    endloop
  endfacet
  facet normal -0.831566 0.555426 0
    outer loop
      vertex 43.4722 18.15 2.4
      vertex 43.3487 17.9651 0
      vertex 43.3487 17.9651 2.4
    endloop
  endfacet
  facet normal -0.896754 -0.44253 0
    outer loop
      vertex 43.5706 19.6506 0
      vertex 43.4722 19.85 2.4
      vertex 43.4722 19.85 0
    endloop
  endfacet
  facet normal -0.896754 -0.44253 0
    outer loop
      vertex 43.4722 19.85 2.4
      vertex 43.5706 19.6506 0
      vertex 43.5706 19.6506 2.4
    endloop
  endfacet
  facet normal -0.98077 -0.195165 0
    outer loop
      vertex 43.6855 19.2219 0
      vertex 43.6421 19.44 2.4
      vertex 43.6421 19.44 0
    endloop
  endfacet
  facet normal -0.98077 -0.195165 0
    outer loop
      vertex 43.6421 19.44 2.4
      vertex 43.6855 19.2219 0
      vertex 43.6855 19.2219 2.4
    endloop
  endfacet
  facet normal -0.831566 -0.555426 0
    outer loop
      vertex 43.4722 19.85 0
      vertex 43.3487 20.0349 2.4
      vertex 43.3487 20.0349 0
    endloop
  endfacet
  facet normal -0.831566 -0.555426 0
    outer loop
      vertex 43.3487 20.0349 2.4
      vertex 43.4722 19.85 0
      vertex 43.4722 19.85 2.4
    endloop
  endfacet
  facet normal -0.321484 -0.946915 0
    outer loop
      vertex 42.44 20.6421 0
      vertex 42.6506 20.5706 2.4
      vertex 42.44 20.6421 2.4
    endloop
  endfacet
  facet normal -0.321484 -0.946915 -0
    outer loop
      vertex 42.6506 20.5706 2.4
      vertex 42.44 20.6421 0
      vertex 42.6506 20.5706 0
    endloop
  endfacet
  facet normal -0.555426 -0.831566 0
    outer loop
      vertex 42.85 20.4722 0
      vertex 43.0349 20.3487 2.4
      vertex 42.85 20.4722 2.4
    endloop
  endfacet
  facet normal -0.555426 -0.831566 -0
    outer loop
      vertex 43.0349 20.3487 2.4
      vertex 42.85 20.4722 0
      vertex 43.0349 20.3487 0
    endloop
  endfacet
  facet normal 0.946915 -0.321484 0
    outer loop
      vertex 40.3579 19.44 2.4
      vertex 40.4294 19.6506 0
      vertex 40.4294 19.6506 2.4
    endloop
  endfacet
  facet normal 0.946915 -0.321484 0
    outer loop
      vertex 40.4294 19.6506 0
      vertex 40.3579 19.44 2.4
      vertex 40.3579 19.44 0
    endloop
  endfacet
  facet normal 0.896754 -0.44253 0
    outer loop
      vertex 40.4294 19.6506 2.4
      vertex 40.5278 19.85 0
      vertex 40.5278 19.85 2.4
    endloop
  endfacet
  facet normal 0.896754 -0.44253 0
    outer loop
      vertex 40.5278 19.85 0
      vertex 40.4294 19.6506 2.4
      vertex 40.4294 19.6506 0
    endloop
  endfacet
  facet normal 0.997872 -0.0652057 0
    outer loop
      vertex 40.3 19 2.4
      vertex 40.3145 19.2219 0
      vertex 40.3145 19.2219 2.4
    endloop
  endfacet
  facet normal 0.997872 -0.0652057 0
    outer loop
      vertex 40.3145 19.2219 0
      vertex 40.3 19 2.4
      vertex 40.3 19 0
    endloop
  endfacet
  facet normal 0.555426 -0.831566 0
    outer loop
      vertex 40.9651 20.3487 0
      vertex 41.15 20.4722 2.4
      vertex 40.9651 20.3487 2.4
    endloop
  endfacet
  facet normal 0.555426 -0.831566 0
    outer loop
      vertex 41.15 20.4722 2.4
      vertex 40.9651 20.3487 0
      vertex 41.15 20.4722 0
    endloop
  endfacet
  facet normal 0.195165 -0.98077 0
    outer loop
      vertex 41.56 20.6421 0
      vertex 41.7781 20.6855 2.4
      vertex 41.56 20.6421 2.4
    endloop
  endfacet
  facet normal 0.195165 -0.98077 0
    outer loop
      vertex 41.7781 20.6855 2.4
      vertex 41.56 20.6421 0
      vertex 41.7781 20.6855 0
    endloop
  endfacet
  facet normal -0.997872 0.0652057 0
    outer loop
      vertex 43.6855 18.7781 0
      vertex 43.7 19 2.4
      vertex 43.7 19 0
    endloop
  endfacet
  facet normal -0.997872 0.0652057 0
    outer loop
      vertex 43.7 19 2.4
      vertex 43.6855 18.7781 0
      vertex 43.6855 18.7781 2.4
    endloop
  endfacet
  facet normal -0.195165 0.98077 0
    outer loop
      vertex 42.44 17.3579 0
      vertex 42.2219 17.3145 2.4
      vertex 42.44 17.3579 2.4
    endloop
  endfacet
  facet normal -0.195165 0.98077 0
    outer loop
      vertex 42.2219 17.3145 2.4
      vertex 42.44 17.3579 0
      vertex 42.2219 17.3145 0
    endloop
  endfacet
  facet normal -0.946915 -0.321484 0
    outer loop
      vertex 43.6421 19.44 0
      vertex 43.5706 19.6506 2.4
      vertex 43.5706 19.6506 0
    endloop
  endfacet
  facet normal -0.946915 -0.321484 0
    outer loop
      vertex 43.5706 19.6506 2.4
      vertex 43.6421 19.44 0
      vertex 43.6421 19.44 2.4
    endloop
  endfacet
  facet normal -0.751908 -0.659268 0
    outer loop
      vertex 43.3487 20.0349 0
      vertex 43.2021 20.2021 2.4
      vertex 43.2021 20.2021 0
    endloop
  endfacet
  facet normal -0.751908 -0.659268 0
    outer loop
      vertex 43.2021 20.2021 2.4
      vertex 43.3487 20.0349 0
      vertex 43.3487 20.0349 2.4
    endloop
  endfacet
  facet normal -0.195165 -0.98077 0
    outer loop
      vertex 42.2219 20.6855 0
      vertex 42.44 20.6421 2.4
      vertex 42.2219 20.6855 2.4
    endloop
  endfacet
  facet normal -0.195165 -0.98077 -0
    outer loop
      vertex 42.44 20.6421 2.4
      vertex 42.2219 20.6855 0
      vertex 42.44 20.6421 0
    endloop
  endfacet
  facet normal -0.0652057 -0.997872 0
    outer loop
      vertex 42 20.7 0
      vertex 42.2219 20.6855 2.4
      vertex 42 20.7 2.4
    endloop
  endfacet
  facet normal -0.0652057 -0.997872 -0
    outer loop
      vertex 42.2219 20.6855 2.4
      vertex 42 20.7 0
      vertex 42.2219 20.6855 0
    endloop
  endfacet
  facet normal -0.44253 -0.896754 0
    outer loop
      vertex 42.6506 20.5706 0
      vertex 42.85 20.4722 2.4
      vertex 42.6506 20.5706 2.4
    endloop
  endfacet
  facet normal -0.44253 -0.896754 -0
    outer loop
      vertex 42.85 20.4722 2.4
      vertex 42.6506 20.5706 0
      vertex 42.85 20.4722 0
    endloop
  endfacet
  facet normal 0.997872 0.0652057 0
    outer loop
      vertex 40.3145 18.7781 2.4
      vertex 40.3 19 0
      vertex 40.3 19 2.4
    endloop
  endfacet
  facet normal 0.997872 0.0652057 0
    outer loop
      vertex 40.3 19 0
      vertex 40.3145 18.7781 2.4
      vertex 40.3145 18.7781 0
    endloop
  endfacet
  facet normal -0.555426 0.831566 0
    outer loop
      vertex 43.0349 17.6513 0
      vertex 42.85 17.5278 2.4
      vertex 43.0349 17.6513 2.4
    endloop
  endfacet
  facet normal -0.555426 0.831566 0
    outer loop
      vertex 42.85 17.5278 2.4
      vertex 43.0349 17.6513 0
      vertex 42.85 17.5278 0
    endloop
  endfacet
  facet normal -0.946915 0.321484 0
    outer loop
      vertex 43.5706 18.3494 0
      vertex 43.6421 18.56 2.4
      vertex 43.6421 18.56 0
    endloop
  endfacet
  facet normal -0.946915 0.321484 0
    outer loop
      vertex 43.6421 18.56 2.4
      vertex 43.5706 18.3494 0
      vertex 43.5706 18.3494 2.4
    endloop
  endfacet
  facet normal -0.896754 0.44253 0
    outer loop
      vertex 43.4722 18.15 0
      vertex 43.5706 18.3494 2.4
      vertex 43.5706 18.3494 0
    endloop
  endfacet
  facet normal -0.896754 0.44253 0
    outer loop
      vertex 43.5706 18.3494 2.4
      vertex 43.4722 18.15 0
      vertex 43.4722 18.15 2.4
    endloop
  endfacet
  facet normal -0.98077 0.195165 0
    outer loop
      vertex 43.6421 18.56 0
      vertex 43.6855 18.7781 2.4
      vertex 43.6855 18.7781 0
    endloop
  endfacet
  facet normal -0.98077 0.195165 0
    outer loop
      vertex 43.6855 18.7781 2.4
      vertex 43.6421 18.56 0
      vertex 43.6421 18.56 2.4
    endloop
  endfacet
  facet normal 0.831566 0.555426 0
    outer loop
      vertex 40.6513 17.9651 2.4
      vertex 40.5278 18.15 0
      vertex 40.5278 18.15 2.4
    endloop
  endfacet
  facet normal 0.831566 0.555426 0
    outer loop
      vertex 40.5278 18.15 0
      vertex 40.6513 17.9651 2.4
      vertex 40.6513 17.9651 0
    endloop
  endfacet
  facet normal 0.98077 0.195165 0
    outer loop
      vertex 40.3579 18.56 2.4
      vertex 40.3145 18.7781 0
      vertex 40.3145 18.7781 2.4
    endloop
  endfacet
  facet normal 0.98077 0.195165 0
    outer loop
      vertex 40.3145 18.7781 0
      vertex 40.3579 18.56 2.4
      vertex 40.3579 18.56 0
    endloop
  endfacet
  facet normal 0.896754 0.44253 0
    outer loop
      vertex 40.5278 18.15 2.4
      vertex 40.4294 18.3494 0
      vertex 40.4294 18.3494 2.4
    endloop
  endfacet
  facet normal 0.896754 0.44253 0
    outer loop
      vertex 40.4294 18.3494 0
      vertex 40.5278 18.15 2.4
      vertex 40.5278 18.15 0
    endloop
  endfacet
  facet normal -0.44253 0.896754 0
    outer loop
      vertex 42.85 17.5278 0
      vertex 42.6506 17.4294 2.4
      vertex 42.85 17.5278 2.4
    endloop
  endfacet
  facet normal -0.44253 0.896754 0
    outer loop
      vertex 42.6506 17.4294 2.4
      vertex 42.85 17.5278 0
      vertex 42.6506 17.4294 0
    endloop
  endfacet
  facet normal -0.321484 0.946915 0
    outer loop
      vertex 42.6506 17.4294 0
      vertex 42.44 17.3579 2.4
      vertex 42.6506 17.4294 2.4
    endloop
  endfacet
  facet normal -0.321484 0.946915 0
    outer loop
      vertex 42.44 17.3579 2.4
      vertex 42.6506 17.4294 0
      vertex 42.44 17.3579 0
    endloop
  endfacet
  facet normal 0.831566 -0.555426 0
    outer loop
      vertex 40.5278 19.85 2.4
      vertex 40.6513 20.0349 0
      vertex 40.6513 20.0349 2.4
    endloop
  endfacet
  facet normal 0.831566 -0.555426 0
    outer loop
      vertex 40.6513 20.0349 0
      vertex 40.5278 19.85 2.4
      vertex 40.5278 19.85 0
    endloop
  endfacet
  facet normal 0.98077 -0.195165 0
    outer loop
      vertex 40.3145 19.2219 2.4
      vertex 40.3579 19.44 0
      vertex 40.3579 19.44 2.4
    endloop
  endfacet
  facet normal 0.98077 -0.195165 0
    outer loop
      vertex 40.3579 19.44 0
      vertex 40.3145 19.2219 2.4
      vertex 40.3145 19.2219 0
    endloop
  endfacet
  facet normal 0.659268 -0.751908 0
    outer loop
      vertex 40.7979 20.2021 0
      vertex 40.9651 20.3487 2.4
      vertex 40.7979 20.2021 2.4
    endloop
  endfacet
  facet normal 0.659268 -0.751908 0
    outer loop
      vertex 40.9651 20.3487 2.4
      vertex 40.7979 20.2021 0
      vertex 40.9651 20.3487 0
    endloop
  endfacet
  facet normal 0.321484 -0.946915 0
    outer loop
      vertex 41.3494 20.5706 0
      vertex 41.56 20.6421 2.4
      vertex 41.3494 20.5706 2.4
    endloop
  endfacet
  facet normal 0.321484 -0.946915 0
    outer loop
      vertex 41.56 20.6421 2.4
      vertex 41.3494 20.5706 0
      vertex 41.56 20.6421 0
    endloop
  endfacet
  facet normal -0.0652057 0.997872 0
    outer loop
      vertex 42.2219 17.3145 0
      vertex 42 17.3 2.4
      vertex 42.2219 17.3145 2.4
    endloop
  endfacet
  facet normal -0.0652057 0.997872 0
    outer loop
      vertex 42 17.3 2.4
      vertex 42.2219 17.3145 0
      vertex 42 17.3 0
    endloop
  endfacet
  facet normal 0.946915 0.321484 0
    outer loop
      vertex 40.4294 18.3494 2.4
      vertex 40.3579 18.56 0
      vertex 40.3579 18.56 2.4
    endloop
  endfacet
  facet normal 0.946915 0.321484 0
    outer loop
      vertex 40.3579 18.56 0
      vertex 40.4294 18.3494 2.4
      vertex 40.4294 18.3494 0
    endloop
  endfacet
  facet normal -0.659268 0.751908 0
    outer loop
      vertex 43.2021 17.7979 0
      vertex 43.0349 17.6513 2.4
      vertex 43.2021 17.7979 2.4
    endloop
  endfacet
  facet normal -0.659268 0.751908 0
    outer loop
      vertex 43.0349 17.6513 2.4
      vertex 43.2021 17.7979 0
      vertex 43.0349 17.6513 0
    endloop
  endfacet
  facet normal 0.195165 0.98077 -0
    outer loop
      vertex 41.7781 17.3145 0
      vertex 41.56 17.3579 2.4
      vertex 41.7781 17.3145 2.4
    endloop
  endfacet
  facet normal 0.195165 0.98077 0
    outer loop
      vertex 41.56 17.3579 2.4
      vertex 41.7781 17.3145 0
      vertex 41.56 17.3579 0
    endloop
  endfacet
  facet normal 0.321484 0.946915 -0
    outer loop
      vertex 41.56 17.3579 0
      vertex 41.3494 17.4294 2.4
      vertex 41.56 17.3579 2.4
    endloop
  endfacet
  facet normal 0.321484 0.946915 0
    outer loop
      vertex 41.3494 17.4294 2.4
      vertex 41.56 17.3579 0
      vertex 41.3494 17.4294 0
    endloop
  endfacet
  facet normal 0.555426 0.831566 -0
    outer loop
      vertex 41.15 17.5278 0
      vertex 40.9651 17.6513 2.4
      vertex 41.15 17.5278 2.4
    endloop
  endfacet
  facet normal 0.555426 0.831566 0
    outer loop
      vertex 40.9651 17.6513 2.4
      vertex 41.15 17.5278 0
      vertex 40.9651 17.6513 0
    endloop
  endfacet
  facet normal 0.659268 0.751908 -0
    outer loop
      vertex 40.9651 17.6513 0
      vertex 40.7979 17.7979 2.4
      vertex 40.9651 17.6513 2.4
    endloop
  endfacet
  facet normal 0.659268 0.751908 0
    outer loop
      vertex 40.7979 17.7979 2.4
      vertex 40.9651 17.6513 0
      vertex 40.7979 17.7979 0
    endloop
  endfacet
  facet normal 0.751908 0.659268 0
    outer loop
      vertex 40.7979 17.7979 2.4
      vertex 40.6513 17.9651 0
      vertex 40.6513 17.9651 2.4
    endloop
  endfacet
  facet normal 0.751908 0.659268 0
    outer loop
      vertex 40.6513 17.9651 0
      vertex 40.7979 17.7979 2.4
      vertex 40.7979 17.7979 0
    endloop
  endfacet
  facet normal -0.751908 0.659268 0
    outer loop
      vertex 43.2021 17.7979 0
      vertex 43.3487 17.9651 2.4
      vertex 43.3487 17.9651 0
    endloop
  endfacet
  facet normal -0.751908 0.659268 0
    outer loop
      vertex 43.3487 17.9651 2.4
      vertex 43.2021 17.7979 0
      vertex 43.2021 17.7979 2.4
    endloop
  endfacet
  facet normal 0.0652057 0.997872 -0
    outer loop
      vertex 42 17.3 0
      vertex 41.7781 17.3145 2.4
      vertex 42 17.3 2.4
    endloop
  endfacet
  facet normal 0.0652057 0.997872 0
    outer loop
      vertex 41.7781 17.3145 2.4
      vertex 42 17.3 0
      vertex 41.7781 17.3145 0
    endloop
  endfacet
  facet normal 0.44253 0.896754 -0
    outer loop
      vertex 41.3494 17.4294 0
      vertex 41.15 17.5278 2.4
      vertex 41.3494 17.4294 2.4
    endloop
  endfacet
  facet normal 0.44253 0.896754 0
    outer loop
      vertex 41.15 17.5278 2.4
      vertex 41.3494 17.4294 0
      vertex 41.15 17.5278 0
    endloop
  endfacet
endsolid OpenSCAD_Model
