pc_time,uptime_s,phase,temp_in_c,rh_in_pct,temp_room_c,rh_room_pct,mist,water,mode,humLo,humHi,humMax,event
2026-09-25 15:58:14,0h 39m,P0-baseline,28.5,88,28.7,83,0,0,manual,85,92,300,
2026-09-25 15:58:15,0h 39m,P0-baseline,28.5,88,28.7,83,0,0,manual,85,92,300,
2026-09-25 15:58:16,0h 39m,P0-baseline,28.5,88,28.7,83,0,0,manual,85,92,300,
2026-09-25 15:58:17,0h 39m,P0-baseline,28.5,88,28.7,83,0,0,manual,85,92,300,
2026-09-25 15:58:18,0h 39m,P0-baseline,28.5,88,28.7,83,0,0,manual,85,92,300,
2026-09-25 15:58:19,0h 39m,P0-baseline,28.5,88,28.7,83,0,0,manual,85,92,300,
2026-09-25 15:58:20,0h 39m,P0-baseline,28.5,88,28.8,84,0,0,manual,85,92,300,
2026-09-25 15:58:21,0h 39m,P0-baseline,28.5,88,28.8,84,0,0,manual,85,92,300,
2026-09-25 15:58:22,0h 39m,P0-baseline,28.5,88,28.8,84,0,0,manual,85,92,300,
2026-09-25 15:58:23,0h 39m,P0-baseline,28.5,88,28.8,84,0,0,manual,85,92,300,
2026-09-25 15:58:24,0h 39m,P0-baseline,28.5,88,28.8,84,0,0,manual,85,92,300,
2026-09-25 15:58:25,0h 39m,P0-baseline,28.5,88,28.8,84,0,0,manual,85,92,300,
2026-09-25 15:58:26,0h 39m,P0-baseline,28.5,88,28.8,83,0,0,manual,85,92,300,
2026-09-25 15:58:27,0h 39m,P0-baseline,28.5,88,28.8,83,0,0,manual,85,92,300,
2026-09-25 15:58:28,0h 39m,P0-baseline,28.5,88,28.8,83,0,0,manual,85,92,300,
2026-09-25 15:58:29,0h 39m,P0-baseline,28.5,88,28.8,83,0,0,manual,85,92,300,
2026-09-25 15:58:30,0h 40m,P0-baseline,28.5,88,28.8,83,0,0,manual,85,92,300,
2026-09-25 15:58:32,0h 40m,P0-baseline,28.5,88,28.8,83,0,0,manual,85,92,300,
2026-09-25 15:58:33,0h 40m,P0-baseline,28.5,88,28.8,83,0,0,manual,85,92,300,
2026-09-25 15:58:34,0h 40m,P0-baseline,28.5,88,28.8,83,0,0,manual,85,92,300,
2026-09-25 15:58:35,0h 40m,P0-baseline,28.5,88,28.8,83,0,0,manual,85,92,300,
2026-09-25 15:58:36,0h 40m,P0-baseline,28.5,88,28.8,83,0,0,manual,85,92,300,
2026-09-25 15:58:37,0h 40m,P0-baseline,28.5,88,28.8,83,0,0,manual,85,92,300,
2026-09-25 15:58:38,0h 40m,P0-baseline,28.5,88,28.8,83,0,0,manual,85,92,300,
2026-09-25 15:58:39,0h 40m,P0-baseline,28.5,88,28.8,83,0,0,manual,85,92,300,
2026-09-25 15:58:40,0h 40m,P0-baseline,28.5,88,28.8,83,0,0,manual,85,92,300,
2026-09-25 15:58:41,0h 40m,P0-baseline,28.5,88,28.8,83,0,0,manual,85,92,300,
2026-09-25 15:58:42,0h 40m,P0-baseline,28.5,88,28.8,83,0,0,manual,85,92,300,
2026-09-25 15:58:43,0h 40m,P0-baseline,28.5,88,28.8,83,0,0,manual,85,92,300,
2026-09-25 15:58:44,0h 40m,P0-baseline,28.5,88,28.8,83,0,0,manual,85,92,300,
2026-09-25 15:58:45,0h 40m,P0-baseline,28.5,88,28.8,83,0,0,manual,85,92,300,
2026-09-25 15:58:46,0h 40m,P0-baseline,28.6,88,28.8,83,0,0,manual,85,92,300,
2026-09-25 15:58:47,0h 40m,P0-baseline,28.6,88,28.8,83,0,0,manual,85,92,300,
2026-09-25 15:58:48,0h 40m,P0-baseline,28.6,88,28.9,83,0,0,manual,85,92,300,
2026-09-25 15:58:49,0h 40m,P0-baseline,28.6,88,28.9,83,0,0,manual,85,92,300,
2026-09-25 15:58:50,0h 40m,P0-baseline,28.6,88,28.9,83,0,0,manual,85,92,300,
2026-09-25 15:58:51,0h 40m,P0-baseline,28.6,88,28.9,83,0,0,manual,85,92,300,
2026-09-25 15:58:53,0h 40m,P0-baseline,28.6,88,28.9,84,0,0,manual,85,92,300,
2026-09-25 15:58:54,0h 40m,P0-baseline,28.6,88,28.9,84,0,0,manual,85,92,300,
2026-09-25 15:58:55,0h 40m,P0-baseline,28.6,88,28.9,84,0,0,manual,85,92,300,
2026-09-25 15:58:56,0h 40m,P0-baseline,28.6,88,28.9,84,0,0,manual,85,92,300,
2026-09-25 15:58:57,0h 40m,P0-baseline,28.6,88,28.9,84,0,0,manual,85,92,300,
2026-09-25 15:58:58,0h 40m,P0-baseline,28.6,88,28.9,84,0,0,manual,85,92,300,
2026-09-25 15:58:59,0h 40m,P0-baseline,28.6,88,28.9,84,0,0,manual,85,92,300,
2026-09-25 15:59:00,0h 40m,P0-baseline,28.6,88,28.9,84,0,0,manual,85,92,300,
2026-09-25 15:59:01,0h 40m,P0-baseline,28.6,88,28.9,84,0,0,manual,85,92,300,
2026-09-25 15:59:02,0h 40m,P0-baseline,28.6,88,29.0,84,0,0,manual,85,92,300,
2026-09-25 15:59:03,0h 40m,P0-baseline,28.6,88,29.0,84,0,0,manual,85,92,300,
2026-09-25 15:59:04,0h 40m,P0-baseline,28.6,88,29.0,84,0,0,manual,85,92,300,
2026-09-25 15:59:05,0h 40m,P0-baseline,28.6,88,29.0,84,0,0,manual,85,92,300,
2026-09-25 15:59:06,0h 40m,P0-baseline,28.6,88,29.0,84,0,0,manual,85,92,300,
2026-09-25 15:59:07,0h 40m,P0-baseline,28.6,88,29.0,84,0,0,manual,85,92,300,
2026-09-25 15:59:08,0h 40m,P0-baseline,28.6,88,29.0,84,0,0,manual,85,92,300,
2026-09-25 15:59:09,0h 40m,P0-baseline,28.6,88,29.0,84,0,0,manual,85,92,300,
2026-09-25 15:59:10,0h 40m,P0-baseline,28.6,88,29.0,84,0,0,manual,85,92,300,
2026-09-25 15:59:11,0h 40m,P0-baseline,28.6,88,29.0,84,0,0,manual,85,92,300,
2026-09-25 15:59:13,0h 40m,P0-baseline,28.7,88,29.0,84,0,0,manual,85,92,300,
2026-09-25 15:59:14,0h 40m,P0-baseline,28.7,88,29.0,84,0,0,manual,85,92,300,
2026-09-25 15:59:15,0h 40m,P0-baseline,28.7,88,29.0,84,0,0,manual,85,92,300,
2026-09-25 15:59:16,0h 40m,P0-baseline,28.7,88,29.0,84,0,0,manual,85,92,300,
2026-09-25 15:59:17,0h 40m,P0-baseline,28.7,88,29.0,84,0,0,manual,85,92,300,
2026-09-25 15:59:18,0h 40m,P0-baseline,28.7,88,29.0,84,0,0,manual,85,92,300,
2026-09-25 15:59:19,0h 40m,P0-baseline,28.7,88,29.0,84,0,0,manual,85,92,300,
2026-09-25 15:59:20,0h 40m,P0-baseline,28.7,88,29.0,84,0,0,manual,85,92,300,
2026-09-25 15:59:21,0h 40m,P0-baseline,28.7,88,29.0,84,0,0,manual,85,92,300,
2026-09-25 15:59:22,0h 40m,P0-baseline,28.7,88,29.0,84,0,0,manual,85,92,300,
2026-09-25 15:59:23,0h 40m,P0-baseline,28.7,88,29.0,84,0,0,manual,85,92,300,
2026-09-25 15:59:24,0h 40m,P0-baseline,28.7,88,29.0,84,0,0,manual,85,92,300,
2026-09-25 15:59:25,0h 40m,P0-baseline,28.7,88,29.0,84,0,0,manual,85,92,300,
2026-09-25 15:59:26,0h 40m,P0-baseline,28.7,88,29.1,84,0,0,manual,85,92,300,
2026-09-25 15:59:27,0h 40m,P0-baseline,28.7,88,29.1,84,0,0,manual,85,92,300,
2026-09-25 15:59:28,0h 40m,P0-baseline,28.7,88,29.1,84,0,0,manual,85,92,300,
2026-09-25 15:59:29,0h 40m,P0-baseline,28.7,88,29.1,84,0,0,manual,85,92,300,
2026-09-25 15:59:30,0h 41m,P0-baseline,28.7,88,29.1,84,0,0,manual,85,92,300,
2026-09-25 15:59:31,0h 41m,P0-baseline,28.7,88,29.1,84,0,0,manual,85,92,300,
2026-09-25 15:59:32,0h 41m,P0-baseline,28.7,88,29.1,84,0,0,manual,85,92,300,
2026-09-25 15:59:34,0h 41m,P0-baseline,28.7,88,29.1,84,0,0,manual,85,92,300,
2026-09-25 15:59:35,0h 41m,P0-baseline,28.7,88,29.1,84,0,0,manual,85,92,300,
2026-09-25 15:59:36,0h 41m,P0-baseline,28.7,88,29.1,84,0,0,manual,85,92,300,
2026-09-25 15:59:37,0h 41m,P0-baseline,28.7,88,29.1,84,0,0,manual,85,92,300,
2026-09-25 15:59:38,0h 41m,P0-baseline,28.7,88,29.1,84,0,0,manual,85,92,300,
2026-09-25 15:59:39,0h 41m,P0-baseline,28.7,88,29.1,84,0,0,manual,85,92,300,
2026-09-25 15:59:40,0h 41m,P0-baseline,28.7,88,29.1,84,0,0,manual,85,92,300,
2026-09-25 15:59:41,0h 41m,P0-baseline,28.7,88,29.1,84,0,0,manual,85,92,300,
2026-09-25 15:59:42,0h 41m,P0-baseline,28.7,88,29.1,84,0,0,manual,85,92,300,
2026-09-25 15:59:43,0h 41m,P0-baseline,28.7,88,29.1,84,0,0,manual,85,92,300,
2026-09-25 15:59:44,0h 41m,P0-baseline,28.7,88,29.1,84,0,0,manual,85,92,300,
2026-09-25 15:59:45,0h 41m,P0-baseline,28.7,88,29.1,84,0,0,manual,85,92,300,
2026-09-25 15:59:46,0h 41m,P0-baseline,28.8,88,29.1,84,0,0,manual,85,92,300,
2026-09-25 15:59:47,0h 41m,P0-baseline,28.8,88,29.1,84,0,0,manual,85,92,300,
2026-09-25 15:59:48,0h 41m,P0-baseline,28.8,88,29.1,84,0,0,manual,85,92,300,
2026-09-25 15:59:49,0h 41m,P0-baseline,28.8,88,29.1,84,0,0,manual,85,92,300,
2026-09-25 15:59:50,0h 41m,P0-baseline,28.8,88,29.1,84,0,0,manual,85,92,300,
2026-09-25 15:59:51,0h 41m,P0-baseline,28.8,88,29.1,84,0,0,manual,85,92,300,
2026-09-25 15:59:52,0h 41m,P0-baseline,28.8,88,29.1,84,0,0,manual,85,92,300,
2026-09-25 15:59:53,0h 41m,P0-baseline,28.8,88,29.1,84,0,0,manual,85,92,300,
2026-09-25 15:59:55,0h 41m,P0-baseline,28.8,88,29.1,84,0,0,manual,85,92,300,
2026-09-25 15:59:56,0h 41m,P0-baseline,28.8,88,29.1,84,0,0,manual,85,92,300,
2026-09-25 15:59:57,0h 41m,P0-baseline,28.8,88,29.1,84,0,0,manual,85,92,300,
2026-09-25 15:59:58,0h 41m,P0-baseline,28.8,88,29.1,84,0,0,manual,85,92,300,
2026-09-25 15:59:59,0h 41m,P0-baseline,28.8,88,29.1,84,0,0,manual,85,92,300,
2026-09-25 16:00:00,0h 41m,P0-baseline,28.8,88,29.1,84,0,0,manual,85,92,300,
2026-09-25 16:00:01,0h 41m,P0-baseline,28.8,88,29.1,84,0,0,manual,85,92,300,
2026-09-25 16:00:02,0h 41m,P0-baseline,28.8,88,29.1,84,0,0,manual,85,92,300,
2026-09-25 16:00:03,0h 41m,P0-baseline,28.8,88,29.1,84,0,0,manual,85,92,300,
2026-09-25 16:00:04,0h 41m,P0-baseline,28.8,88,29.1,83,0,0,manual,85,92,300,
2026-09-25 16:00:05,0h 41m,P0-baseline,28.8,88,29.1,83,0,0,manual,85,92,300,
2026-09-25 16:00:06,0h 41m,P0-baseline,28.8,88,29.1,83,0,0,manual,85,92,300,
2026-09-25 16:00:07,0h 41m,P0-baseline,28.8,88,29.1,83,0,0,manual,85,92,300,
2026-09-25 16:00:08,0h 41m,P0-baseline,28.8,87,29.1,83,0,0,manual,85,92,300,
2026-09-25 16:00:09,0h 41m,P0-baseline,28.8,87,29.1,83,0,0,manual,85,92,300,
2026-09-25 16:00:10,0h 41m,P0-baseline,28.8,87,29.1,83,0,0,manual,85,92,300,
2026-09-25 16:00:11,0h 41m,P0-baseline,28.8,87,29.1,83,0,0,manual,85,92,300,
2026-09-25 16:00:12,0h 41m,P0-baseline,28.8,87,29.1,83,0,0,manual,85,92,300,
2026-09-25 16:00:14,0h 41m,P1-rise,28.8,87,29.1,83,1,0,manual,85,92,300,
2026-09-25 16:00:15,0h 41m,P1-rise,28.8,87,29.1,83,1,0,manual,85,92,300,
2026-09-25 16:00:16,0h 41m,P1-rise,28.8,87,29.1,84,1,0,manual,85,92,300,
2026-09-25 16:00:17,0h 41m,P1-rise,28.8,87,29.1,84,1,0,manual,85,92,300,
2026-09-25 16:00:18,0h 41m,P1-rise,28.8,87,29.1,84,1,0,manual,85,92,300,
2026-09-25 16:00:19,0h 41m,P1-rise,28.8,87,29.1,84,1,0,manual,85,92,300,
2026-09-25 16:00:20,0h 41m,P1-rise,28.8,87,29.1,84,1,0,manual,85,92,300,
2026-09-25 16:00:21,0h 41m,P1-rise,28.8,87,29.1,84,1,0,manual,85,92,300,
2026-09-25 16:00:22,0h 41m,P1-rise,28.8,88,29.1,85,1,0,manual,85,92,300,
2026-09-25 16:00:23,0h 41m,P1-rise,28.8,88,29.1,85,1,0,manual,85,92,300,
2026-09-25 16:00:24,0h 41m,P1-rise,28.8,88,29.0,85,1,0,manual,85,92,300,
2026-09-25 16:00:25,0h 41m,P1-rise,28.8,88,29.0,85,1,0,manual,85,92,300,
2026-09-25 16:00:26,0h 41m,P1-rise,28.8,88,29.0,85,1,0,manual,85,92,300,
2026-09-25 16:00:27,0h 41m,P1-rise,28.8,88,29.0,85,1,0,manual,85,92,300,
2026-09-25 16:00:28,0h 41m,P1-rise,28.8,88,29.0,85,1,0,manual,85,92,300,
2026-09-25 16:00:29,0h 41m,P1-rise,28.8,88,29.0,85,1,0,manual,85,92,300,
2026-09-25 16:00:30,0h 42m,P1-rise,28.8,88,29.0,85,1,0,manual,85,92,300,
2026-09-25 16:00:31,0h 42m,P1-rise,28.8,88,29.0,85,1,0,manual,85,92,300,
2026-09-25 16:00:33,0h 42m,P1-rise,28.8,88,29.0,86,1,0,manual,85,92,300,
2026-09-25 16:00:34,0h 42m,P1-rise,28.8,88,29.0,86,1,0,manual,85,92,300,
2026-09-25 16:00:35,0h 42m,P1-rise,28.8,88,29.0,86,1,0,manual,85,92,300,
2026-09-25 16:00:36,0h 42m,P1-rise,28.9,88,29.0,86,1,0,manual,85,92,300,
2026-09-25 16:00:37,0h 42m,P1-rise,28.9,88,29.0,86,1,0,manual,85,92,300,
2026-09-25 16:00:38,0h 42m,P1-rise,28.9,88,29.0,86,1,0,manual,85,92,300,
2026-09-25 16:00:39,0h 42m,P1-rise,28.9,88,29.0,86,1,0,manual,85,92,300,
2026-09-25 16:00:40,0h 42m,P1-rise,28.9,88,29.0,86,1,0,manual,85,92,300,
2026-09-25 16:00:41,0h 42m,P1-rise,28.9,88,29.0,86,1,0,manual,85,92,300,
2026-09-25 16:00:42,0h 42m,P1-rise,28.9,88,29.0,86,1,0,manual,85,92,300,
2026-09-25 16:00:43,0h 42m,P1-rise,28.9,88,29.0,86,1,0,manual,85,92,300,
2026-09-25 16:00:44,0h 42m,P1-rise,28.9,88,29.0,86,1,0,manual,85,92,300,
2026-09-25 16:00:45,0h 42m,P1-rise,28.9,88,29.0,86,1,0,manual,85,92,300,
2026-09-25 16:00:46,0h 42m,P1-rise,28.9,88,29.0,86,1,0,manual,85,92,300,
2026-09-25 16:00:47,0h 42m,P1-rise,28.9,88,29.0,86,1,0,manual,85,92,300,
2026-09-25 16:00:48,0h 42m,P1-rise,28.9,88,29.0,87,1,0,manual,85,92,300,
2026-09-25 16:00:49,0h 42m,P1-rise,28.9,88,29.0,87,1,0,manual,85,92,300,
2026-09-25 16:00:50,0h 42m,P1-rise,28.9,88,29.0,87,1,0,manual,85,92,300,
2026-09-25 16:00:51,0h 42m,P1-rise,28.9,88,29.0,87,1,0,manual,85,92,300,
2026-09-25 16:00:53,0h 42m,P1-rise,28.9,88,28.9,87,1,0,manual,85,92,300,
2026-09-25 16:00:54,0h 42m,P1-rise,28.9,88,28.9,87,1,0,manual,85,92,300,
2026-09-25 16:00:55,0h 42m,P1-rise,28.9,88,28.9,87,1,0,manual,85,92,300,
2026-09-25 16:00:56,0h 42m,P1-rise,28.9,88,28.9,87,1,0,manual,85,92,300,
2026-09-25 16:00:57,0h 42m,P1-rise,28.9,88,28.9,87,1,0,manual,85,92,300,
2026-09-25 16:00:58,0h 42m,P1-rise,28.9,88,28.8,87,1,0,manual,85,92,300,
2026-09-25 16:00:59,0h 42m,P1-rise,28.9,88,28.8,87,1,0,manual,85,92,300,
2026-09-25 16:01:00,0h 42m,P1-rise,28.9,88,28.8,87,1,0,manual,85,92,300,
2026-09-25 16:01:01,0h 42m,P1-rise,28.9,88,28.8,87,1,0,manual,85,92,300,
2026-09-25 16:01:02,0h 42m,P1-rise,28.9,88,28.8,87,1,0,manual,85,92,300,
2026-09-25 16:01:03,0h 42m,P1-rise,28.9,88,28.8,87,1,0,manual,85,92,300,
2026-09-25 16:01:04,0h 42m,P1-rise,28.9,88,28.7,87,1,0,manual,85,92,300,
2026-09-25 16:01:05,0h 42m,P1-rise,28.9,88,28.7,87,1,0,manual,85,92,300,
2026-09-25 16:01:06,0h 42m,P1-rise,28.9,88,28.7,87,1,0,manual,85,92,300,
2026-09-25 16:01:07,0h 42m,P1-rise,28.9,88,28.7,87,1,0,manual,85,92,300,
2026-09-25 16:01:08,0h 42m,P1-rise,28.9,88,28.7,87,1,0,manual,85,92,300,
2026-09-25 16:01:09,0h 42m,P1-rise,28.9,88,28.7,87,1,0,manual,85,92,300,
2026-09-25 16:01:10,0h 42m,P1-rise,28.9,88,28.7,87,1,0,manual,85,92,300,
2026-09-25 16:01:11,0h 42m,P1-rise,28.9,88,28.7,87,1,0,manual,85,92,300,
2026-09-25 16:01:12,0h 42m,P1-rise,28.9,88,28.7,87,1,0,manual,85,92,300,
2026-09-25 16:01:14,0h 42m,P1-rise,28.9,88,28.7,87,1,0,manual,85,92,300,
2026-09-25 16:01:15,0h 42m,P1-rise,28.9,88,28.7,87,1,0,manual,85,92,300,
2026-09-25 16:01:16,0h 42m,P1-rise,28.9,88,28.7,87,1,0,manual,85,92,300,
2026-09-25 16:01:17,0h 42m,P1-rise,28.9,88,28.7,87,1,0,manual,85,92,300,
2026-09-25 16:01:18,0h 42m,P1-rise,28.9,88,28.7,88,1,0,manual,85,92,300,
2026-09-25 16:01:19,0h 42m,P1-rise,28.9,88,28.7,88,1,0,manual,85,92,300,
2026-09-25 16:01:20,0h 42m,P1-rise,28.9,88,28.7,88,1,0,manual,85,92,300,
2026-09-25 16:01:21,0h 42m,P1-rise,28.9,88,28.7,88,1,0,manual,85,92,300,
2026-09-25 16:01:22,0h 42m,P1-rise,28.9,88,28.7,88,1,0,manual,85,92,300,
2026-09-25 16:01:23,0h 42m,P1-rise,28.9,88,28.7,88,1,0,manual,85,92,300,
2026-09-25 16:01:24,0h 42m,P1-rise,28.9,88,28.8,88,1,0,manual,85,92,300,
2026-09-25 16:01:25,0h 42m,P1-rise,28.9,88,28.8,88,1,0,manual,85,92,300,
2026-09-25 16:01:26,0h 42m,P1-rise,28.9,88,28.8,88,1,0,manual,85,92,300,
2026-09-25 16:01:27,0h 42m,P1-rise,28.9,88,28.8,88,1,0,manual,85,92,300,
2026-09-25 16:01:28,0h 42m,P1-rise,28.9,88,28.8,88,1,0,manual,85,92,300,
2026-09-25 16:01:29,0h 42m,P1-rise,28.9,88,28.8,88,1,0,manual,85,92,300,
2026-09-25 16:01:30,0h 43m,P1-rise,28.9,88,28.8,88,1,0,manual,85,92,300,
2026-09-25 16:01:31,0h 43m,P1-rise,28.9,88,28.8,88,1,0,manual,85,92,300,
2026-09-25 16:01:32,0h 43m,P1-rise,28.9,88,28.8,88,1,0,manual,85,92,300,
2026-09-25 16:01:33,0h 43m,P1-rise,28.9,88,28.8,88,1,0,manual,85,92,300,
2026-09-25 16:01:35,0h 43m,P1-rise,28.9,88,28.8,88,1,0,manual,85,92,300,
2026-09-25 16:01:36,0h 43m,P1-rise,28.9,88,28.8,88,1,0,manual,85,92,300,
2026-09-25 16:01:37,0h 43m,P1-rise,28.9,88,28.8,88,1,0,manual,85,92,300,
2026-09-25 16:01:38,0h 43m,P1-rise,28.9,88,28.8,88,1,0,manual,85,92,300,
2026-09-25 16:01:39,0h 43m,P1-rise,28.9,88,28.8,88,1,0,manual,85,92,300,
2026-09-25 16:01:40,0h 43m,P1-rise,28.9,88,28.8,88,1,0,manual,85,92,300,
2026-09-25 16:01:41,0h 43m,P1-rise,28.9,88,28.8,88,1,0,manual,85,92,300,
2026-09-25 16:01:42,0h 43m,P1-rise,28.9,88,28.8,88,1,0,manual,85,92,300,
2026-09-25 16:01:43,0h 43m,P1-rise,28.9,88,28.8,88,1,0,manual,85,92,300,
2026-09-25 16:01:44,0h 43m,P1-rise,28.9,88,28.8,88,1,0,manual,85,92,300,
2026-09-25 16:01:45,0h 43m,P1-rise,28.9,88,28.8,88,1,0,manual,85,92,300,
2026-09-25 16:01:46,0h 43m,P1-rise,28.9,88,28.8,88,1,0,manual,85,92,300,
2026-09-25 16:01:47,0h 43m,P1-rise,28.9,88,28.8,88,1,0,manual,85,92,300,
2026-09-25 16:01:48,0h 43m,P1-rise,28.9,88,28.8,88,1,0,manual,85,92,300,
2026-09-25 16:01:49,0h 43m,P1-rise,28.9,88,28.8,88,1,0,manual,85,92,300,
2026-09-25 16:01:50,0h 43m,P1-rise,28.9,88,28.8,88,1,0,manual,85,92,300,
2026-09-25 16:01:51,0h 43m,P1-rise,28.9,88,28.8,88,1,0,manual,85,92,300,
2026-09-25 16:01:52,0h 43m,P1-rise,28.9,88,28.8,88,1,0,manual,85,92,300,
2026-09-25 16:01:53,0h 43m,P1-rise,28.9,88,28.8,88,1,0,manual,85,92,300,
2026-09-25 16:01:54,0h 43m,P1-rise,28.9,88,28.8,88,1,0,manual,85,92,300,
2026-09-25 16:01:56,0h 43m,P1-rise,28.9,88,28.8,88,1,0,manual,85,92,300,
2026-09-25 16:01:57,0h 43m,P1-rise,28.9,88,28.8,89,1,0,manual,85,92,300,
2026-09-25 16:01:58,0h 43m,P1-rise,28.9,88,28.8,89,1,0,manual,85,92,300,
2026-09-25 16:01:59,0h 43m,P1-rise,28.9,88,28.8,89,1,0,manual,85,92,300,
2026-09-25 16:02:00,0h 43m,P1-rise,28.9,88,28.8,89,1,0,manual,85,92,300,
2026-09-25 16:02:01,0h 43m,P1-rise,28.9,88,28.8,89,1,0,manual,85,92,300,
2026-09-25 16:02:02,0h 43m,P1-rise,28.9,88,28.8,89,1,0,manual,85,92,300,
2026-09-25 16:02:03,0h 43m,P1-rise,28.9,88,28.8,89,1,0,manual,85,92,300,
2026-09-25 16:02:04,0h 43m,P1-rise,28.9,88,28.8,89,1,0,manual,85,92,300,
2026-09-25 16:02:05,0h 43m,P1-rise,28.9,88,28.8,89,1,0,manual,85,92,300,
2026-09-25 16:02:06,0h 43m,P1-rise,28.8,88,28.8,89,1,0,manual,85,92,300,
2026-09-25 16:02:07,0h 43m,P1-rise,28.8,88,28.8,89,1,0,manual,85,92,300,
2026-09-25 16:02:08,0h 43m,P1-rise,28.8,88,28.8,89,1,0,manual,85,92,300,
2026-09-25 16:02:09,0h 43m,P1-rise,28.8,88,28.8,89,1,0,manual,85,92,300,
2026-09-25 16:02:10,0h 43m,P1-rise,28.8,88,28.7,89,1,0,manual,85,92,300,
2026-09-25 16:02:11,0h 43m,P1-rise,28.8,88,28.7,89,1,0,manual,85,92,300,
2026-09-25 16:02:12,0h 43m,P1-rise,28.8,88,28.7,89,1,0,manual,85,92,300,
2026-09-25 16:02:13,0h 43m,P1-rise,28.8,88,28.7,89,1,0,manual,85,92,300,
2026-09-25 16:02:14,0h 43m,P1-rise,28.8,88,28.7,89,1,0,manual,85,92,300,
2026-09-25 16:02:16,0h 43m,P1-rise,28.8,88,28.7,89,1,0,manual,85,92,300,
2026-09-25 16:02:17,0h 43m,P1-rise,28.8,88,28.7,89,1,0,manual,85,92,300,
2026-09-25 16:02:18,0h 43m,P1-rise,28.8,88,28.7,89,1,0,manual,85,92,300,
2026-09-25 16:02:19,0h 43m,P1-rise,28.8,89,28.7,89,1,0,manual,85,92,300,
2026-09-25 16:02:20,0h 43m,P1-rise,28.8,89,28.7,89,1,0,manual,85,92,300,
2026-09-25 16:02:21,0h 43m,P1-rise,28.8,89,28.7,89,1,0,manual,85,92,300,
2026-09-25 16:02:22,0h 43m,P1-rise,28.8,89,28.7,89,1,0,manual,85,92,300,
2026-09-25 16:02:23,0h 43m,P1-rise,28.8,89,28.7,89,1,0,manual,85,92,300,
2026-09-25 16:02:24,0h 43m,P1-rise,28.8,89,28.7,89,1,0,manual,85,92,300,
2026-09-25 16:02:25,0h 43m,P1-rise,28.8,89,28.7,89,1,0,manual,85,92,300,
2026-09-25 16:02:26,0h 43m,P1-rise,28.8,89,28.7,89,1,0,manual,85,92,300,
2026-09-25 16:02:27,0h 43m,P1-rise,28.8,89,28.7,89,1,0,manual,85,92,300,
2026-09-25 16:02:28,0h 43m,P1-rise,28.8,89,28.7,89,1,0,manual,85,92,300,
2026-09-25 16:02:29,0h 43m,P1-rise,28.8,89,28.7,89,1,0,manual,85,92,300,
2026-09-25 16:02:30,0h 44m,P1-rise,28.8,89,28.7,89,1,0,manual,85,92,300,
2026-09-25 16:02:31,0h 44m,P1-rise,28.8,89,28.7,89,1,0,manual,85,92,300,
2026-09-25 16:02:32,0h 44m,P1-rise,28.8,89,28.7,89,1,0,manual,85,92,300,
2026-09-25 16:02:33,0h 44m,P1-rise,28.8,89,28.7,89,1,0,manual,85,92,300,
2026-09-25 16:02:34,0h 44m,P1-rise,28.8,89,28.7,89,1,0,manual,85,92,300,
2026-09-25 16:02:35,0h 44m,P1-rise,28.8,89,28.7,89,1,0,manual,85,92,300,
2026-09-25 16:02:37,0h 44m,P1-rise,28.8,89,28.7,89,1,0,manual,85,92,300,
2026-09-25 16:02:38,0h 44m,P1-rise,28.8,89,28.7,89,1,0,manual,85,92,300,
2026-09-25 16:02:39,0h 44m,P1-rise,28.8,89,28.7,89,1,0,manual,85,92,300,
2026-09-25 16:02:40,0h 44m,P1-rise,28.8,89,28.7,89,1,0,manual,85,92,300,
2026-09-25 16:02:41,0h 44m,P1-rise,28.8,89,28.6,89,1,0,manual,85,92,300,
2026-09-25 16:02:42,0h 44m,P1-rise,28.8,89,28.6,89,1,0,manual,85,92,300,
2026-09-25 16:02:43,0h 44m,P1-rise,28.8,89,28.6,89,1,0,manual,85,92,300,
2026-09-25 16:02:44,0h 44m,P1-rise,28.8,89,28.6,89,1,0,manual,85,92,300,
2026-09-25 16:02:45,0h 44m,P1-rise,28.8,89,28.6,89,1,0,manual,85,92,300,
2026-09-25 16:02:46,0h 44m,P1-rise,28.8,89,28.6,89,1,0,manual,85,92,300,
2026-09-25 16:02:47,0h 44m,P1-rise,28.8,89,28.6,89,1,0,manual,85,92,300,
2026-09-25 16:02:48,0h 44m,P1-rise,28.8,89,28.6,89,1,0,manual,85,92,300,
2026-09-25 16:02:49,0h 44m,P1-rise,28.8,89,28.6,89,1,0,manual,85,92,300,
2026-09-25 16:02:50,0h 44m,P1-rise,28.7,89,28.6,89,1,0,manual,85,92,300,
2026-09-25 16:02:51,0h 44m,P1-rise,28.7,89,28.6,89,1,0,manual,85,92,300,
2026-09-25 16:02:52,0h 44m,P1-rise,28.7,89,28.6,89,1,0,manual,85,92,300,
2026-09-25 16:02:53,0h 44m,P1-rise,28.7,89,28.6,89,1,0,manual,85,92,300,
2026-09-25 16:02:54,0h 44m,P1-rise,28.7,89,28.5,89,1,0,manual,85,92,300,
2026-09-25 16:02:55,0h 44m,P1-rise,28.7,89,28.5,89,1,0,manual,85,92,300,
2026-09-25 16:02:56,0h 44m,P1-rise,28.7,89,28.6,89,1,0,manual,85,92,300,
2026-09-25 16:02:58,0h 44m,P1-rise,28.7,89,28.6,89,1,0,manual,85,92,300,
2026-09-25 16:02:59,0h 44m,P1-rise,28.8,89,28.6,89,1,0,manual,85,92,300,
2026-09-25 16:03:00,0h 44m,P1-rise,28.8,89,28.6,89,1,0,manual,85,92,300,
2026-09-25 16:03:01,0h 44m,P1-rise,28.8,89,28.6,89,1,0,manual,85,92,300,
2026-09-25 16:03:02,0h 44m,P1-rise,28.7,89,28.6,89,1,0,manual,85,92,300,
2026-09-25 16:03:03,0h 44m,P1-rise,28.7,89,28.6,89,1,0,manual,85,92,300,
2026-09-25 16:03:04,0h 44m,P1-rise,28.7,89,28.6,89,1,0,manual,85,92,300,
2026-09-25 16:03:05,0h 44m,P1-rise,28.7,89,28.6,89,1,0,manual,85,92,300,
2026-09-25 16:03:06,0h 44m,P1-rise,28.7,89,28.6,89,1,0,manual,85,92,300,
2026-09-25 16:03:07,0h 44m,P1-rise,28.7,89,28.6,89,1,0,manual,85,92,300,
2026-09-25 16:03:08,0h 44m,P1-rise,28.7,89,28.6,89,1,0,manual,85,92,300,
2026-09-25 16:03:09,0h 44m,P1-rise,28.7,89,28.6,89,1,0,manual,85,92,300,
2026-09-25 16:03:10,0h 44m,P1-rise,28.7,89,28.6,89,1,0,manual,85,92,300,
2026-09-25 16:03:11,0h 44m,P1-rise,28.7,89,28.6,89,1,0,manual,85,92,300,
2026-09-25 16:03:12,0h 44m,P1-rise,28.7,89,28.6,89,1,0,manual,85,92,300,
2026-09-25 16:03:13,0h 44m,P1-rise,28.7,89,28.6,89,1,0,manual,85,92,300,
2026-09-25 16:03:14,0h 44m,P1-rise,28.7,89,28.7,89,1,0,manual,85,92,300,
2026-09-25 16:03:15,0h 44m,P1-rise,28.7,89,28.7,89,1,0,manual,85,92,300,
2026-09-25 16:03:16,0h 44m,P1-rise,28.7,89,28.7,89,1,0,manual,85,92,300,
2026-09-25 16:03:17,0h 44m,P1-rise,28.7,89,28.7,89,1,0,manual,85,92,300,
2026-09-25 16:03:19,0h 44m,P1-rise,28.7,89,28.7,89,1,0,manual,85,92,300,
2026-09-25 16:03:20,0h 44m,P1-rise,28.7,89,28.7,89,1,0,manual,85,92,300,
2026-09-25 16:03:21,0h 44m,P1-rise,28.7,89,28.7,89,1,0,manual,85,92,300,
2026-09-25 16:03:22,0h 44m,P1-rise,28.7,89,28.7,89,1,0,manual,85,92,300,
2026-09-25 16:03:23,0h 44m,P1-rise,28.7,89,28.7,89,1,0,manual,85,92,300,
2026-09-25 16:03:24,0h 44m,P1-rise,28.7,89,28.7,90,1,0,manual,85,92,300,
2026-09-25 16:03:25,0h 44m,P1-rise,28.7,89,28.7,90,1,0,manual,85,92,300,
2026-09-25 16:03:26,0h 44m,P1-rise,28.7,89,28.7,90,1,0,manual,85,92,300,
2026-09-25 16:03:27,0h 44m,P1-rise,28.7,89,28.7,90,1,0,manual,85,92,300,
2026-09-25 16:03:28,0h 44m,P1-rise,28.7,89,28.7,90,1,0,manual,85,92,300,
2026-09-25 16:03:29,0h 44m,P1-rise,28.7,89,28.7,90,1,0,manual,85,92,300,
2026-09-25 16:03:30,0h 45m,P1-rise,28.7,89,28.7,90,1,0,manual,85,92,300,
2026-09-25 16:03:31,0h 45m,P1-rise,28.7,89,28.7,90,1,0,manual,85,92,300,
2026-09-25 16:03:32,0h 45m,P1-rise,28.7,89,28.7,90,1,0,manual,85,92,300,
2026-09-25 16:03:33,0h 45m,P1-rise,28.7,89,28.7,90,1,0,manual,85,92,300,
2026-09-25 16:03:34,0h 45m,P1-rise,28.7,89,28.7,90,1,0,manual,85,92,300,
2026-09-25 16:03:35,0h 45m,P1-rise,28.7,89,28.7,90,1,0,manual,85,92,300,
2026-09-25 16:03:36,0h 45m,P1-rise,28.7,89,28.7,90,1,0,manual,85,92,300,
2026-09-25 16:03:37,0h 45m,P1-rise,28.7,89,28.7,90,1,0,manual,85,92,300,
2026-09-25 16:03:39,0h 45m,P1-rise,28.7,89,28.7,90,1,0,manual,85,92,300,
2026-09-25 16:03:40,0h 45m,P1-rise,28.7,89,28.7,90,1,0,manual,85,92,300,
2026-09-25 16:03:41,0h 45m,P1-rise,28.7,89,28.7,90,1,0,manual,85,92,300,
2026-09-25 16:03:42,0h 45m,P1-rise,28.7,89,28.7,90,1,0,manual,85,92,300,
2026-09-25 16:03:43,0h 45m,P1-rise,28.7,89,28.7,90,1,0,manual,85,92,300,
2026-09-25 16:03:44,0h 45m,P1-rise,28.7,89,28.7,90,1,0,manual,85,92,300,
2026-09-25 16:03:45,0h 45m,P1-rise,28.7,89,28.7,90,1,0,manual,85,92,300,
2026-09-25 16:03:46,0h 45m,P1-rise,28.7,89,28.7,90,1,0,manual,85,92,300,
2026-09-25 16:03:47,0h 45m,P1-rise,28.7,89,28.7,90,1,0,manual,85,92,300,
2026-09-25 16:03:48,0h 45m,P1-rise,28.7,89,28.7,90,1,0,manual,85,92,300,
2026-09-25 16:03:49,0h 45m,P1-rise,28.7,89,28.7,90,1,0,manual,85,92,300,
2026-09-25 16:03:50,0h 45m,P1-rise,28.7,89,28.6,90,1,0,manual,85,92,300,
2026-09-25 16:03:51,0h 45m,P1-rise,28.7,89,28.6,90,1,0,manual,85,92,300,
2026-09-25 16:03:52,0h 45m,P1-rise,28.7,89,28.6,90,1,0,manual,85,92,300,
2026-09-25 16:03:53,0h 45m,P1-rise,28.7,89,28.6,90,1,0,manual,85,92,300,
2026-09-25 16:03:54,0h 45m,P1-rise,28.7,89,28.6,90,1,0,manual,85,92,300,
2026-09-25 16:03:55,0h 45m,P1-rise,28.7,89,28.6,90,1,0,manual,85,92,300,
2026-09-25 16:03:56,0h 45m,P1-rise,28.7,89,28.6,90,1,0,manual,85,92,300,
2026-09-25 16:03:57,0h 45m,P1-rise,28.7,89,28.6,90,1,0,manual,85,92,300,
2026-09-25 16:03:58,0h 45m,P1-rise,28.7,89,28.6,90,1,0,manual,85,92,300,
2026-09-25 16:04:00,0h 45m,P1-rise,28.7,89,28.6,90,1,0,manual,85,92,300,
2026-09-25 16:04:01,0h 45m,P1-rise,28.7,89,28.6,90,1,0,manual,85,92,300,
2026-09-25 16:04:02,0h 45m,P1-rise,28.7,89,28.6,90,1,0,manual,85,92,300,
2026-09-25 16:04:03,0h 45m,P1-rise,28.7,89,28.6,90,1,0,manual,85,92,300,
2026-09-25 16:04:04,0h 45m,P1-rise,28.7,89,28.6,90,1,0,manual,85,92,300,
2026-09-25 16:04:05,0h 45m,P1-rise,28.7,89,28.6,90,1,0,manual,85,92,300,
2026-09-25 16:04:06,0h 45m,P1-rise,28.7,89,28.6,90,1,0,manual,85,92,300,
2026-09-25 16:04:07,0h 45m,P1-rise,28.7,89,28.6,90,1,0,manual,85,92,300,
2026-09-25 16:04:08,0h 45m,P1-rise,28.7,89,28.6,90,1,0,manual,85,92,300,
2026-09-25 16:04:09,0h 45m,P1-rise,28.7,89,28.6,90,1,0,manual,85,92,300,
2026-09-25 16:04:10,0h 45m,P1-rise,28.7,89,28.5,90,1,0,manual,85,92,300,
2026-09-25 16:04:11,0h 45m,P1-rise,28.7,89,28.5,90,1,0,manual,85,92,300,
2026-09-25 16:04:12,0h 45m,P1-rise,28.7,89,28.5,90,1,0,manual,85,92,300,
2026-09-25 16:04:13,0h 45m,P1-rise,28.7,89,28.5,90,1,0,manual,85,92,300,
2026-09-25 16:04:14,0h 45m,P1-rise,28.6,89,28.5,90,1,0,manual,85,92,300,
2026-09-25 16:04:15,0h 45m,P1-rise,28.6,89,28.5,90,1,0,manual,85,92,300,
2026-09-25 16:04:16,0h 45m,P1-rise,28.6,89,28.4,90,1,0,manual,85,92,300,
2026-09-25 16:04:17,0h 45m,P1-rise,28.6,89,28.4,90,1,0,manual,85,92,300,
2026-09-25 16:04:18,0h 45m,P1-rise,28.6,89,28.4,90,1,0,manual,85,92,300,
2026-09-25 16:04:19,0h 45m,P1-rise,28.6,89,28.4,90,1,0,manual,85,92,300,
2026-09-25 16:04:21,0h 45m,P1-rise,28.6,89,28.4,90,1,0,manual,85,92,300,
2026-09-25 16:04:22,0h 45m,P1-rise,28.6,89,28.4,90,1,0,manual,85,92,300,
2026-09-25 16:04:23,0h 45m,P1-rise,28.6,89,28.4,90,1,0,manual,85,92,300,
2026-09-25 16:04:24,0h 45m,P1-rise,28.6,89,28.4,90,1,0,manual,85,92,300,
2026-09-25 16:04:25,0h 45m,P1-rise,28.6,89,28.4,90,1,0,manual,85,92,300,
2026-09-25 16:04:26,0h 45m,P1-rise,28.6,89,28.4,90,1,0,manual,85,92,300,
2026-09-25 16:04:27,0h 45m,P1-rise,28.6,89,28.4,90,1,0,manual,85,92,300,
2026-09-25 16:04:28,0h 45m,P1-rise,28.6,89,28.4,90,1,0,manual,85,92,300,
2026-09-25 16:04:29,0h 45m,P1-rise,28.6,89,28.4,90,1,0,manual,85,92,300,
2026-09-25 16:04:30,0h 46m,P1-rise,28.6,89,28.4,90,1,0,manual,85,92,300,
2026-09-25 16:04:31,0h 46m,P1-rise,28.6,89,28.4,90,1,0,manual,85,92,300,
2026-09-25 16:04:32,0h 46m,P1-rise,28.6,89,28.4,90,1,0,manual,85,92,300,
2026-09-25 16:04:33,0h 46m,P1-rise,28.6,89,28.4,90,1,0,manual,85,92,300,
2026-09-25 16:04:34,0h 46m,P1-rise,28.6,89,28.4,90,1,0,manual,85,92,300,
2026-09-25 16:04:35,0h 46m,P1-rise,28.6,89,28.4,90,1,0,manual,85,92,300,
2026-09-25 16:04:36,0h 46m,P1-rise,28.6,89,28.5,90,1,0,manual,85,92,300,
2026-09-25 16:04:37,0h 46m,P1-rise,28.6,89,28.5,90,1,0,manual,85,92,300,
2026-09-25 16:04:38,0h 46m,P1-rise,28.6,89,28.5,90,1,0,manual,85,92,300,
2026-09-25 16:04:39,0h 46m,P1-rise,28.6,89,28.5,90,1,0,manual,85,92,300,
2026-09-25 16:04:41,0h 46m,P1-rise,28.6,89,28.4,90,1,0,manual,85,92,300,
2026-09-25 16:04:42,0h 46m,P1-rise,28.6,89,28.4,90,1,0,manual,85,92,300,
2026-09-25 16:04:43,0h 46m,P1-rise,28.6,89,28.4,90,1,0,manual,85,92,300,
2026-09-25 16:04:44,0h 46m,P1-rise,28.6,89,28.4,90,1,0,manual,85,92,300,
2026-09-25 16:04:45,0h 46m,P1-rise,28.6,89,28.4,90,1,0,manual,85,92,300,
2026-09-25 16:04:46,0h 46m,P1-rise,28.6,89,28.4,90,1,0,manual,85,92,300,
2026-09-25 16:04:47,0h 46m,P1-rise,28.6,89,28.4,90,1,0,manual,85,92,300,
2026-09-25 16:04:48,0h 46m,P1-rise,28.6,89,28.4,90,1,0,manual,85,92,300,
2026-09-25 16:04:49,0h 46m,P1-rise,28.6,89,28.4,90,1,0,manual,85,92,300,
2026-09-25 16:04:50,0h 46m,P1-rise,28.6,89,28.4,90,1,0,manual,85,92,300,
2026-09-25 16:04:51,0h 46m,P1-rise,28.6,89,28.4,90,1,0,manual,85,92,300,
2026-09-25 16:04:52,0h 46m,P1-rise,28.6,89,28.4,90,1,0,manual,85,92,300,
2026-09-25 16:04:53,0h 46m,P1-rise,28.6,89,28.4,90,1,0,manual,85,92,300,
2026-09-25 16:04:54,0h 46m,P1-rise,28.6,89,28.4,90,1,0,manual,85,92,300,
2026-09-25 16:04:55,0h 46m,P1-rise,28.6,89,28.4,90,1,0,manual,85,92,300,
2026-09-25 16:04:56,0h 46m,P1-rise,28.6,89,28.4,90,1,0,manual,85,92,300,
2026-09-25 16:04:57,0h 46m,P1-rise,28.6,89,28.4,90,1,0,manual,85,92,300,
2026-09-25 16:04:58,0h 46m,P1-rise,28.6,89,28.4,90,1,0,manual,85,92,300,
2026-09-25 16:04:59,0h 46m,P1-rise,28.6,89,28.4,90,1,0,manual,85,92,300,
2026-09-25 16:05:00,0h 46m,P1-rise,28.6,89,28.3,90,1,0,manual,85,92,300,
2026-09-25 16:05:02,0h 46m,P1-rise,28.6,89,28.3,90,1,0,manual,85,92,300,
2026-09-25 16:05:03,0h 46m,P1-rise,28.6,89,28.3,90,1,0,manual,85,92,300,
2026-09-25 16:05:04,0h 46m,P1-rise,28.6,89,28.3,90,1,0,manual,85,92,300,
2026-09-25 16:05:05,0h 46m,P1-rise,28.5,89,28.3,90,1,0,manual,85,92,300,
2026-09-25 16:05:06,0h 46m,P1-rise,28.5,89,28.3,90,1,0,manual,85,92,300,
2026-09-25 16:05:07,0h 46m,P1-rise,28.5,89,28.3,90,1,0,manual,85,92,300,
2026-09-25 16:05:08,0h 46m,P1-rise,28.5,89,28.4,90,1,0,manual,85,92,300,
2026-09-25 16:05:09,0h 46m,P1-rise,28.5,89,28.4,90,1,0,manual,85,92,300,
2026-09-25 16:05:10,0h 46m,P1-rise,28.5,89,28.4,90,1,0,manual,85,92,300,
2026-09-25 16:05:11,0h 46m,P1-rise,28.5,89,28.4,90,1,0,manual,85,92,300,
2026-09-25 16:05:12,0h 46m,P1-rise,28.5,89,28.4,90,1,0,manual,85,92,300,
2026-09-25 16:05:13,0h 46m,P1-rise,28.5,89,28.4,90,1,0,manual,85,92,300,
2026-09-25 16:05:14,0h 46m,P1-rise,28.5,89,28.4,90,1,0,manual,85,92,300,
2026-09-25 16:05:15,0h 46m,P1-rise,28.5,89,28.4,90,1,0,manual,85,92,300,
2026-09-25 16:05:16,0h 46m,P1-rise,28.5,89,28.3,90,1,0,manual,85,92,300,
2026-09-25 16:05:17,0h 46m,P1-rise,28.5,89,28.3,90,1,0,manual,85,92,300,
2026-09-25 16:05:18,0h 46m,P1-rise,28.5,89,28.3,90,1,0,manual,85,92,300,
2026-09-25 16:05:19,0h 46m,P1-rise,28.5,89,28.3,90,1,0,manual,85,92,300,
2026-09-25 16:05:20,0h 46m,P1-rise,28.5,89,28.3,90,1,0,manual,85,92,300,
2026-09-25 16:05:21,0h 46m,P1-rise,28.5,89,28.3,90,1,0,manual,85,92,300,
2026-09-25 16:05:23,0h 46m,P1-rise,28.5,89,28.3,90,1,0,manual,85,92,300,
2026-09-25 16:05:24,0h 46m,P1-rise,28.5,89,28.3,90,1,0,manual,85,92,300,
2026-09-25 16:05:25,0h 46m,P1-rise,28.5,89,28.3,90,1,0,manual,85,92,300,
2026-09-25 16:05:26,0h 46m,P1-rise,28.5,89,28.3,90,1,0,manual,85,92,300,
2026-09-25 16:05:27,0h 46m,P1-rise,28.5,89,28.3,90,1,0,manual,85,92,300,
2026-09-25 16:05:28,0h 46m,P1-rise,28.5,89,28.4,90,1,0,manual,85,92,300,
2026-09-25 16:05:29,0h 46m,P1-rise,28.5,89,28.4,90,1,0,manual,85,92,300,
2026-09-25 16:05:30,0h 47m,P1-rise,28.5,89,28.4,90,1,0,manual,85,92,300,
2026-09-25 16:05:31,0h 47m,P1-rise,28.5,89,28.4,90,1,0,manual,85,92,300,
2026-09-25 16:05:32,0h 47m,P1-rise,28.5,89,28.4,90,1,0,manual,85,92,300,
2026-09-25 16:05:33,0h 47m,P1-rise,28.5,89,28.4,90,1,0,manual,85,92,300,
2026-09-25 16:05:34,0h 47m,P1-rise,28.5,89,28.4,90,1,0,manual,85,92,300,
2026-09-25 16:05:35,0h 47m,P1-rise,28.5,89,28.4,90,1,0,manual,85,92,300,
2026-09-25 16:05:36,0h 47m,P1-rise,28.5,89,28.4,90,1,0,manual,85,92,300,
2026-09-25 16:05:37,0h 47m,P1-rise,28.5,89,28.4,90,1,0,manual,85,92,300,
2026-09-25 16:05:38,0h 47m,P1-rise,28.5,89,28.4,90,1,0,manual,85,92,300,
2026-09-25 16:05:39,0h 47m,P1-rise,28.5,89,28.4,90,1,0,manual,85,92,300,
2026-09-25 16:05:40,0h 47m,P1-rise,28.5,89,28.4,90,1,0,manual,85,92,300,
2026-09-25 16:05:41,0h 47m,P1-rise,28.5,89,28.4,90,1,0,manual,85,92,300,
2026-09-25 16:05:42,0h 47m,P1-rise,28.5,89,28.5,90,1,0,manual,85,92,300,
2026-09-25 16:05:44,0h 47m,P1-rise,28.5,89,28.5,90,1,0,manual,85,92,300,
2026-09-25 16:05:45,0h 47m,P1-rise,28.5,89,28.5,90,1,0,manual,85,92,300,
2026-09-25 16:05:46,0h 47m,P1-rise,28.5,89,28.5,90,1,0,manual,85,92,300,
2026-09-25 16:05:47,0h 47m,P1-rise,28.5,89,28.5,90,1,0,manual,85,92,300,
2026-09-25 16:05:48,0h 47m,P1-rise,28.5,89,28.5,90,1,0,manual,85,92,300,
2026-09-25 16:05:49,0h 47m,P1-rise,28.5,89,28.5,90,1,0,manual,85,92,300,
2026-09-25 16:05:50,0h 47m,P1-rise,28.5,89,28.5,90,1,0,manual,85,92,300,
2026-09-25 16:05:51,0h 47m,P1-rise,28.5,89,28.5,90,1,0,manual,85,92,300,
2026-09-25 16:05:52,0h 47m,P1-rise,28.5,89,28.5,90,1,0,manual,85,92,300,
2026-09-25 16:05:53,0h 47m,P1-rise,28.5,89,28.5,90,1,0,manual,85,92,300,
2026-09-25 16:05:54,0h 47m,P1-rise,28.5,89,28.5,90,1,0,manual,85,92,300,
2026-09-25 16:05:58,0h 47m,P1-rise,28.5,89,28.5,90,1,0,manual,85,92,300,
2026-09-25 16:05:59,0h 47m,P1-rise,28.5,89,28.5,90,1,0,manual,85,92,300,
2026-09-25 16:06:00,0h 47m,P1-rise,28.5,89,28.5,90,1,0,manual,85,92,300,
2026-09-25 16:06:01,0h 47m,P1-rise,28.5,89,28.5,90,1,0,manual,85,92,300,
2026-09-25 16:06:02,0h 47m,P1-rise,28.5,89,28.5,90,1,0,manual,85,92,300,
2026-09-25 16:06:03,0h 47m,P1-rise,28.5,89,28.5,90,1,0,manual,85,92,300,
2026-09-25 16:06:04,0h 47m,P1-rise,28.5,89,28.5,90,1,0,manual,85,92,300,
2026-09-25 16:06:05,0h 47m,P1-rise,28.5,89,28.5,90,1,0,manual,85,92,300,
2026-09-25 16:06:06,0h 47m,P1-rise,28.5,89,28.5,90,1,0,manual,85,92,300,
2026-09-25 16:06:07,0h 47m,P1-rise,28.5,89,28.5,90,1,0,manual,85,92,300,
2026-09-25 16:06:08,0h 47m,P1-rise,28.5,89,28.5,90,1,0,manual,85,92,300,
2026-09-25 16:06:09,0h 47m,P1-rise,28.5,89,28.5,90,1,0,manual,85,92,300,
2026-09-25 16:06:10,0h 47m,P1-rise,28.5,89,28.5,90,1,0,manual,85,92,300,
2026-09-25 16:06:11,0h 47m,P1-rise,28.5,89,28.5,90,1,0,manual,85,92,300,
2026-09-25 16:06:12,0h 47m,P1-rise,28.5,89,28.5,90,1,0,manual,85,92,300,
2026-09-25 16:06:13,0h 47m,P1-rise,28.5,89,28.5,90,1,0,manual,85,92,300,
2026-09-25 16:06:15,0h 47m,P1-rise,28.5,89,28.5,90,1,0,manual,85,92,300,
2026-09-25 16:06:16,0h 47m,P1-rise,28.5,89,28.5,90,1,0,manual,85,92,300,
2026-09-25 16:06:17,0h 47m,P1-rise,28.5,89,28.5,90,1,0,manual,85,92,300,
2026-09-25 16:06:18,0h 47m,P1-rise,28.5,89,28.5,90,1,0,manual,85,92,300,
2026-09-25 16:06:19,0h 47m,P1-rise,28.5,89,28.5,90,1,0,manual,85,92,300,
2026-09-25 16:06:20,0h 47m,P1-rise,28.5,89,28.5,90,1,0,manual,85,92,300,
2026-09-25 16:06:21,0h 47m,P1-rise,28.5,89,28.5,90,1,0,manual,85,92,300,
2026-09-25 16:06:22,0h 47m,P1-rise,28.5,89,28.5,90,1,0,manual,85,92,300,
2026-09-25 16:06:23,0h 47m,P1-rise,28.5,89,28.5,90,1,0,manual,85,92,300,
2026-09-25 16:06:24,0h 47m,P1-rise,28.5,89,28.5,90,1,0,manual,85,92,300,
2026-09-25 16:06:25,0h 47m,P1-rise,28.5,89,28.5,90,1,0,manual,85,92,300,
2026-09-25 16:06:26,0h 47m,P1-rise,28.5,89,28.5,90,1,0,manual,85,92,300,
2026-09-25 16:06:27,0h 47m,P1-rise,28.5,89,28.5,90,1,0,manual,85,92,300,
2026-09-25 16:06:28,0h 47m,P1-rise,28.5,89,28.4,90,1,0,manual,85,92,300,
2026-09-25 16:06:29,0h 47m,P1-rise,28.5,89,28.4,90,1,0,manual,85,92,300,
2026-09-25 16:06:30,0h 48m,P1-rise,28.5,89,28.4,90,1,0,manual,85,92,300,
2026-09-25 16:06:31,0h 48m,P1-rise,28.5,89,28.4,90,1,0,manual,85,92,300,
2026-09-25 16:06:32,0h 48m,P1-rise,28.5,89,28.4,90,1,0,manual,85,92,300,
2026-09-25 16:06:33,0h 48m,P1-rise,28.5,89,28.4,90,1,0,manual,85,92,300,
2026-09-25 16:06:34,0h 48m,P1-rise,28.5,89,28.4,90,1,0,manual,85,92,300,
2026-09-25 16:06:36,0h 48m,P1-rise,28.5,89,28.4,90,1,0,manual,85,92,300,
2026-09-25 16:06:37,0h 48m,P1-rise,28.5,89,28.4,90,1,0,manual,85,92,300,
2026-09-25 16:06:38,0h 48m,P1-rise,28.5,89,28.4,90,1,0,manual,85,92,300,
2026-09-25 16:06:39,0h 48m,P1-rise,28.5,89,28.4,90,1,0,manual,85,92,300,
2026-09-25 16:06:40,0h 48m,P1-rise,28.5,89,28.4,90,1,0,manual,85,92,300,
2026-09-25 16:06:41,0h 48m,P1-rise,28.5,89,28.4,90,1,0,manual,85,92,300,
2026-09-25 16:06:42,0h 48m,P1-rise,28.5,89,28.4,90,1,0,manual,85,92,300,
2026-09-25 16:06:43,0h 48m,P1-rise,28.5,89,28.4,90,1,0,manual,85,92,300,
2026-09-25 16:06:44,0h 48m,P1-rise,28.5,89,28.4,90,1,0,manual,85,92,300,
2026-09-25 16:06:45,0h 48m,P1-rise,28.5,89,28.4,90,1,0,manual,85,92,300,
2026-09-25 16:06:46,0h 48m,P1-rise,28.5,89,28.5,90,1,0,manual,85,92,300,
2026-09-25 16:06:47,0h 48m,P1-rise,28.5,89,28.5,90,1,0,manual,85,92,300,
2026-09-25 16:06:48,0h 48m,P1-rise,28.5,89,28.5,90,1,0,manual,85,92,300,
2026-09-25 16:06:49,0h 48m,P1-rise,28.5,89,28.5,90,1,0,manual,85,92,300,
2026-09-25 16:06:50,0h 48m,P1-rise,28.5,89,28.5,90,1,0,manual,85,92,300,
2026-09-25 16:06:51,0h 48m,P1-rise,28.5,89,28.5,90,1,0,manual,85,92,300,
2026-09-25 16:06:52,0h 48m,P1-rise,28.5,89,28.5,90,1,0,manual,85,92,300,
2026-09-25 16:06:53,0h 48m,P1-rise,28.5,89,28.5,90,1,0,manual,85,92,300,
2026-09-25 16:06:54,0h 48m,P1-rise,28.5,89,28.5,90,1,0,manual,85,92,300,
2026-09-25 16:06:55,0h 48m,P1-rise,28.5,89,28.5,90,1,0,manual,85,92,300,
2026-09-25 16:06:57,0h 48m,P1-rise,28.5,89,28.5,90,1,0,manual,85,92,300,
2026-09-25 16:06:58,0h 48m,P1-rise,28.5,89,28.5,90,1,0,manual,85,92,300,
2026-09-25 16:06:59,0h 48m,P1-rise,28.5,89,28.5,90,1,0,manual,85,92,300,
2026-09-25 16:07:00,0h 48m,P1-rise,28.5,89,28.5,90,1,0,manual,85,92,300,
2026-09-25 16:07:01,0h 48m,P1-rise,28.5,89,28.5,90,1,0,manual,85,92,300,
2026-09-25 16:07:02,0h 48m,P1-rise,28.5,89,28.5,90,1,0,manual,85,92,300,
2026-09-25 16:07:03,0h 48m,P1-rise,28.5,89,28.5,90,1,0,manual,85,92,300,
2026-09-25 16:07:04,0h 48m,P1-rise,28.5,89,28.5,90,1,0,manual,85,92,300,
2026-09-25 16:07:05,0h 48m,P1-rise,28.5,89,28.5,90,1,0,manual,85,92,300,
2026-09-25 16:07:06,0h 48m,P1-rise,28.5,89,28.5,90,1,0,manual,85,92,300,
2026-09-25 16:07:07,0h 48m,P1-rise,28.5,89,28.5,90,1,0,manual,85,92,300,
2026-09-25 16:07:08,0h 48m,P1-rise,28.5,89,28.5,90,1,0,manual,85,92,300,
2026-09-25 16:07:09,0h 48m,P1-rise,28.5,89,28.5,90,1,0,manual,85,92,300,
2026-09-25 16:07:10,0h 48m,P1-rise,28.5,89,28.5,90,1,0,manual,85,92,300,
2026-09-25 16:07:11,0h 48m,P1-rise,28.5,89,28.5,90,1,0,manual,85,92,300,
2026-09-25 16:07:12,0h 48m,P1-rise,28.5,89,28.5,90,1,0,manual,85,92,300,
2026-09-25 16:07:13,0h 48m,P1-rise,28.5,89,28.5,90,1,0,manual,85,92,300,
2026-09-25 16:07:14,0h 48m,P1-rise,28.5,89,28.5,90,1,0,manual,85,92,300,
2026-09-25 16:07:15,0h 48m,P1-rise,28.5,89,28.5,90,1,0,manual,85,92,300,
2026-09-25 16:07:17,0h 48m,P1-rise,28.5,89,28.5,90,1,0,manual,85,92,300,
2026-09-25 16:07:18,0h 48m,P1-rise,28.5,89,28.5,90,1,0,manual,85,92,300,
2026-09-25 16:07:19,0h 48m,P1-rise,28.5,89,28.5,90,1,0,manual,85,92,300,
2026-09-25 16:07:20,0h 48m,P1-rise,28.5,89,28.5,90,1,0,manual,85,92,300,
2026-09-25 16:07:21,0h 48m,P1-rise,28.5,89,28.4,90,1,0,manual,85,92,300,
2026-09-25 16:07:22,0h 48m,P1-rise,28.5,89,28.4,90,1,0,manual,85,92,300,
2026-09-25 16:07:23,0h 48m,P1-rise,28.5,89,28.4,90,1,0,manual,85,92,300,
2026-09-25 16:07:24,0h 48m,P1-rise,28.5,89,28.4,90,1,0,manual,85,92,300,
2026-09-25 16:07:25,0h 48m,P1-rise,28.5,89,28.4,90,1,0,manual,85,92,300,
2026-09-25 16:07:26,0h 48m,P1-rise,28.4,89,28.3,90,1,0,manual,85,92,300,
2026-09-25 16:07:27,0h 48m,P1-rise,28.4,89,28.3,90,1,0,manual,85,92,300,
2026-09-25 16:07:28,0h 48m,P1-rise,28.4,89,28.3,90,1,0,manual,85,92,300,
2026-09-25 16:07:29,0h 48m,P1-rise,28.4,89,28.3,90,1,0,manual,85,92,300,
2026-09-25 16:07:30,0h 49m,P1-rise,28.4,89,28.3,90,1,0,manual,85,92,300,
2026-09-25 16:07:31,0h 49m,P1-rise,28.4,89,28.3,90,1,0,manual,85,92,300,
2026-09-25 16:07:32,0h 49m,P1-rise,28.4,89,28.2,90,1,0,manual,85,92,300,
2026-09-25 16:07:33,0h 49m,P1-rise,28.4,89,28.2,90,1,0,manual,85,92,300,
2026-09-25 16:07:34,0h 49m,P1-rise,28.4,89,28.2,91,1,0,manual,85,92,300,
2026-09-25 16:07:35,0h 49m,P1-rise,28.4,89,28.2,91,1,0,manual,85,92,300,
2026-09-25 16:07:36,0h 49m,P1-rise,28.4,89,28.2,91,1,0,manual,85,92,300,
2026-09-25 16:07:38,0h 49m,P1-rise,28.4,89,28.2,91,1,0,manual,85,92,300,
2026-09-25 16:07:39,0h 49m,P1-rise,28.4,89,28.3,91,1,0,manual,85,92,300,
2026-09-25 16:07:40,0h 49m,P1-rise,28.4,89,28.3,91,1,0,manual,85,92,300,
2026-09-25 16:07:41,0h 49m,P1-rise,28.4,89,28.3,91,1,0,manual,85,92,300,
2026-09-25 16:07:42,0h 49m,P1-rise,28.4,89,28.3,91,1,0,manual,85,92,300,
2026-09-25 16:07:43,0h 49m,P1-rise,28.4,89,28.3,91,1,0,manual,85,92,300,
2026-09-25 16:07:44,0h 49m,P1-rise,28.4,89,28.3,91,1,0,manual,85,92,300,
2026-09-25 16:07:45,0h 49m,P1-rise,28.4,89,28.3,91,1,0,manual,85,92,300,
2026-09-25 16:07:46,0h 49m,P1-rise,28.4,89,28.3,91,1,0,manual,85,92,300,
2026-09-25 16:07:47,0h 49m,P1-rise,28.4,89,28.3,91,1,0,manual,85,92,300,
2026-09-25 16:07:48,0h 49m,P1-rise,28.4,89,28.2,91,1,0,manual,85,92,300,
2026-09-25 16:07:49,0h 49m,P1-rise,28.4,89,28.2,91,1,0,manual,85,92,300,
2026-09-25 16:07:50,0h 49m,P1-rise,28.4,89,28.2,90,1,0,manual,85,92,300,
2026-09-25 16:07:51,0h 49m,P1-rise,28.4,89,28.2,90,1,0,manual,85,92,300,
2026-09-25 16:07:52,0h 49m,P1-rise,28.4,89,28.1,90,1,0,manual,85,92,300,
2026-09-25 16:07:53,0h 49m,P1-rise,28.4,89,28.1,90,1,0,manual,85,92,300,
2026-09-25 16:07:54,0h 49m,P1-rise,28.3,89,28.0,91,1,0,manual,85,92,300,
2026-09-25 16:07:55,0h 49m,P1-rise,28.3,89,28.0,91,1,0,manual,85,92,300,
2026-09-25 16:07:56,0h 49m,P1-rise,28.3,89,28.0,90,1,0,manual,85,92,300,
2026-09-25 16:07:57,0h 49m,P1-rise,28.3,89,28.0,90,1,0,manual,85,92,300,
2026-09-25 16:07:59,0h 49m,P1-rise,28.3,89,27.9,91,1,0,manual,85,92,300,
2026-09-25 16:08:00,0h 49m,P1-rise,28.3,89,27.9,91,1,0,manual,85,92,300,
2026-09-25 16:08:01,0h 49m,P1-rise,28.2,89,27.9,91,1,0,manual,85,92,300,
2026-09-25 16:08:02,0h 49m,P1-rise,28.2,89,27.9,91,1,0,manual,85,92,300,
2026-09-25 16:08:03,0h 49m,P1-rise,28.2,89,27.8,91,1,0,manual,85,92,300,
2026-09-25 16:08:04,0h 49m,P1-rise,28.2,89,27.8,91,1,0,manual,85,92,300,
2026-09-25 16:08:05,0h 49m,P1-rise,28.1,89,27.8,91,1,0,manual,85,92,300,
2026-09-25 16:08:06,0h 49m,P1-rise,28.1,89,27.8,91,1,0,manual,85,92,300,
2026-09-25 16:08:07,0h 49m,P1-rise,28.1,89,27.8,91,1,0,manual,85,92,300,
2026-09-25 16:08:08,0h 49m,P1-rise,28.1,89,27.8,91,1,0,manual,85,92,300,
2026-09-25 16:08:09,0h 49m,P1-rise,28.1,89,27.8,91,1,0,manual,85,92,300,
2026-09-25 16:08:10,0h 49m,P1-rise,28.1,89,27.8,91,1,0,manual,85,92,300,
2026-09-25 16:08:11,0h 49m,P1-rise,28.1,89,27.8,91,1,0,manual,85,92,300,
2026-09-25 16:08:12,0h 49m,P1-rise,28.1,89,27.8,91,1,0,manual,85,92,300,
2026-09-25 16:08:13,0h 49m,P1-rise,28.1,89,27.8,91,1,0,manual,85,92,300,
2026-09-25 16:08:14,0h 49m,P1-rise,28.1,89,27.8,91,1,0,manual,85,92,300,
2026-09-25 16:08:15,0h 49m,P1-rise,28.1,89,27.8,91,1,0,manual,85,92,300,
2026-09-25 16:08:16,0h 49m,P1-rise,28.1,89,27.8,91,1,0,manual,85,92,300,
2026-09-25 16:08:17,0h 49m,P1-rise,28.1,89,27.8,91,1,0,manual,85,92,300,
2026-09-25 16:08:18,0h 49m,P1-rise,28.1,89,27.8,91,1,0,manual,85,92,300,
2026-09-25 16:08:20,0h 49m,P1-rise,28.1,89,27.8,91,1,0,manual,85,92,300,
2026-09-25 16:08:21,0h 49m,P1-rise,28.1,89,27.9,91,1,0,manual,85,92,300,
2026-09-25 16:08:22,0h 49m,P1-rise,28.1,89,27.9,91,1,0,manual,85,92,300,
2026-09-25 16:08:23,0h 49m,P1-rise,28.1,89,27.9,91,1,0,manual,85,92,300,
2026-09-25 16:08:24,0h 49m,P1-rise,28.1,89,27.9,91,1,0,manual,85,92,300,
2026-09-25 16:08:25,0h 49m,P1-rise,28.1,89,27.9,91,1,0,manual,85,92,300,
2026-09-25 16:08:26,0h 49m,P1-rise,28.1,89,27.9,91,1,0,manual,85,92,300,
2026-09-25 16:08:27,0h 49m,P1-rise,28.1,89,27.9,91,1,0,manual,85,92,300,
2026-09-25 16:08:28,0h 49m,P1-rise,28.1,89,27.9,91,1,0,manual,85,92,300,
2026-09-25 16:08:29,0h 49m,P1-rise,28.1,89,27.9,91,1,0,manual,85,92,300,
2026-09-25 16:08:30,0h 50m,P1-rise,28.1,89,27.9,91,1,0,manual,85,92,300,
2026-09-25 16:08:31,0h 50m,P1-rise,28.1,89,27.9,91,1,0,manual,85,92,300,
2026-09-25 16:08:32,0h 50m,P1-rise,28.1,89,27.9,91,1,0,manual,85,92,300,
2026-09-25 16:08:33,0h 50m,P1-rise,28.1,89,27.9,91,1,0,manual,85,92,300,
2026-09-25 16:08:34,0h 50m,P1-rise,28.1,89,27.9,91,1,0,manual,85,92,300,
2026-09-25 16:08:35,0h 50m,P1-rise,28.1,89,27.9,91,1,0,manual,85,92,300,
2026-09-25 16:08:36,0h 50m,P1-rise,28.1,89,27.9,91,1,0,manual,85,92,300,
2026-09-25 16:08:37,0h 50m,P1-rise,28.1,89,27.9,91,1,0,manual,85,92,300,
2026-09-25 16:08:38,0h 50m,P1-rise,28.1,89,27.9,91,1,0,manual,85,92,300,
2026-09-25 16:08:40,0h 50m,P1-rise,28.1,89,27.9,91,1,0,manual,85,92,300,
2026-09-25 16:08:41,0h 50m,P1-rise,28.1,89,27.8,91,1,0,manual,85,92,300,
2026-09-25 16:08:42,0h 50m,P1-rise,28.1,89,27.8,91,1,0,manual,85,92,300,
2026-09-25 16:08:43,0h 50m,P1-rise,28.1,89,27.8,91,1,0,manual,85,92,300,
2026-09-25 16:08:44,0h 50m,P1-rise,28.1,89,27.8,91,1,0,manual,85,92,300,
2026-09-25 16:08:45,0h 50m,P1-rise,28.1,89,27.8,91,1,0,manual,85,92,300,
2026-09-25 16:08:46,0h 50m,P1-rise,28.1,89,27.8,91,1,0,manual,85,92,300,
2026-09-25 16:08:47,0h 50m,P1-rise,28.0,89,27.8,91,1,0,manual,85,92,300,
2026-09-25 16:08:48,0h 50m,P1-rise,28.0,89,27.8,91,1,0,manual,85,92,300,
2026-09-25 16:08:49,0h 50m,P1-rise,28.0,89,27.8,91,1,0,manual,85,92,300,
2026-09-25 16:08:50,0h 50m,P1-rise,28.0,89,27.7,91,1,0,manual,85,92,300,
2026-09-25 16:08:51,0h 50m,P1-rise,28.0,89,27.7,91,1,0,manual,85,92,300,
2026-09-25 16:08:52,0h 50m,P1-rise,28.0,89,27.7,91,1,0,manual,85,92,300,
2026-09-25 16:08:53,0h 50m,P1-rise,28.0,89,27.7,91,1,0,manual,85,92,300,
2026-09-25 16:08:54,0h 50m,P1-rise,28.0,89,27.7,91,1,0,manual,85,92,300,
2026-09-25 16:08:55,0h 50m,P1-rise,28.0,89,27.7,91,1,0,manual,85,92,300,
2026-09-25 16:08:56,0h 50m,P1-rise,28.0,89,27.7,91,1,0,manual,85,92,300,
2026-09-25 16:08:57,0h 50m,P1-rise,28.0,89,27.7,91,1,0,manual,85,92,300,
2026-09-25 16:08:58,0h 50m,P1-rise,28.0,89,27.7,91,1,0,manual,85,92,300,
2026-09-25 16:08:59,0h 50m,P1-rise,28.0,89,27.7,91,1,0,manual,85,92,300,
2026-09-25 16:09:01,0h 50m,P1-rise,28.0,89,27.7,91,1,0,manual,85,92,300,
2026-09-25 16:09:02,0h 50m,P1-rise,28.0,89,27.7,91,1,0,manual,85,92,300,
2026-09-25 16:09:03,0h 50m,P1-rise,28.0,89,27.6,91,1,0,manual,85,92,300,
2026-09-25 16:09:04,0h 50m,P1-rise,28.0,89,27.6,91,1,0,manual,85,92,300,
2026-09-25 16:09:05,0h 50m,P1-rise,28.0,89,27.6,91,1,0,manual,85,92,300,
2026-09-25 16:09:06,0h 50m,P1-rise,28.0,89,27.6,91,1,0,manual,85,92,300,
2026-09-25 16:09:07,0h 50m,P1-rise,28.0,89,27.6,91,1,0,manual,85,92,300,
2026-09-25 16:09:08,0h 50m,P1-rise,28.0,89,27.6,91,1,0,manual,85,92,300,
2026-09-25 16:09:09,0h 50m,P1-rise,28.0,89,27.6,91,1,0,manual,85,92,300,
2026-09-25 16:09:10,0h 50m,P1-rise,28.0,89,27.6,91,1,0,manual,85,92,300,
2026-09-25 16:09:11,0h 50m,P1-rise,28.0,89,27.6,91,1,0,manual,85,92,300,
2026-09-25 16:09:12,0h 50m,P1-rise,28.0,89,27.6,91,1,0,manual,85,92,300,
2026-09-25 16:09:13,0h 50m,P1-rise,28.0,89,27.6,91,1,0,manual,85,92,300,
2026-09-25 16:09:14,0h 50m,P1-rise,28.0,89,27.6,91,1,0,manual,85,92,300,
2026-09-25 16:09:15,0h 50m,P1-rise,28.0,89,27.6,91,1,0,manual,85,92,300,
2026-09-25 16:09:16,0h 50m,P1-rise,28.0,89,27.6,91,1,0,manual,85,92,300,
2026-09-25 16:09:17,0h 50m,P1-rise,28.0,89,27.6,91,1,0,manual,85,92,300,
2026-09-25 16:09:18,0h 50m,P1-rise,28.0,89,27.7,91,1,0,manual,85,92,300,
2026-09-25 16:09:19,0h 50m,P1-rise,28.0,89,27.7,91,1,0,manual,85,92,300,
2026-09-25 16:09:20,0h 50m,P1-rise,28.0,89,27.7,91,1,0,manual,85,92,300,
2026-09-25 16:09:22,0h 50m,P1-rise,28.0,89,27.7,91,1,0,manual,85,92,300,
2026-09-25 16:09:23,0h 50m,P1-rise,28.0,89,27.7,91,1,0,manual,85,92,300,
2026-09-25 16:09:24,0h 50m,P1-rise,28.0,89,27.7,91,1,0,manual,85,92,300,
2026-09-25 16:09:25,0h 50m,P1-rise,28.0,89,27.8,91,1,0,manual,85,92,300,
2026-09-25 16:09:26,0h 50m,P1-rise,28.0,89,27.8,91,1,0,manual,85,92,300,
2026-09-25 16:09:27,0h 50m,P1-rise,28.0,89,27.8,91,1,0,manual,85,92,300,
2026-09-25 16:09:28,0h 50m,P1-rise,28.0,89,27.8,91,1,0,manual,85,92,300,
2026-09-25 16:09:29,0h 50m,P1-rise,28.0,89,27.8,91,1,0,manual,85,92,300,
2026-09-25 16:09:30,0h 51m,P1-rise,28.0,89,27.9,91,1,0,manual,85,92,300,
2026-09-25 16:09:31,0h 51m,P1-rise,28.0,89,27.9,91,1,0,manual,85,92,300,
2026-09-25 16:09:32,0h 51m,P1-rise,28.0,89,27.9,91,1,0,manual,85,92,300,
2026-09-25 16:09:33,0h 51m,P1-rise,28.0,89,27.9,91,1,0,manual,85,92,300,
2026-09-25 16:09:34,0h 51m,P1-rise,28.1,89,27.9,91,1,0,manual,85,92,300,
2026-09-25 16:09:35,0h 51m,P1-rise,28.1,89,27.9,91,1,0,manual,85,92,300,
2026-09-25 16:09:36,0h 51m,P1-rise,28.1,89,27.9,91,1,0,manual,85,92,300,
2026-09-25 16:09:37,0h 51m,P1-rise,28.1,89,27.9,91,1,0,manual,85,92,300,
2026-09-25 16:09:38,0h 51m,P1-rise,28.1,89,27.9,91,1,0,manual,85,92,300,
2026-09-25 16:09:39,0h 51m,P1-rise,28.1,89,27.9,91,1,0,manual,85,92,300,
2026-09-25 16:09:40,0h 51m,P1-rise,28.1,89,27.9,91,1,0,manual,85,92,300,
2026-09-25 16:09:41,0h 51m,P1-rise,28.1,89,27.9,91,1,0,manual,85,92,300,
2026-09-25 16:09:43,0h 51m,P1-rise,28.1,89,28.0,91,1,0,manual,85,92,300,
2026-09-25 16:09:44,0h 51m,P1-rise,28.1,89,28.0,91,1,0,manual,85,92,300,
2026-09-25 16:09:45,0h 51m,P1-rise,28.1,89,28.0,91,1,0,manual,85,92,300,
2026-09-25 16:09:46,0h 51m,P1-rise,28.1,89,28.0,91,1,0,manual,85,92,300,
2026-09-25 16:09:47,0h 51m,P1-rise,28.1,89,28.0,91,1,0,manual,85,92,300,
2026-09-25 16:09:48,0h 51m,P1-rise,28.1,89,28.0,91,1,0,manual,85,92,300,
2026-09-25 16:09:49,0h 51m,P1-rise,28.1,89,28.0,91,1,0,manual,85,92,300,
2026-09-25 16:09:50,0h 51m,P1-rise,28.1,89,28.0,91,1,0,manual,85,92,300,
2026-09-25 16:09:51,0h 51m,P1-rise,28.1,89,28.0,91,1,0,manual,85,92,300,
2026-09-25 16:09:52,0h 51m,P1-rise,28.1,89,28.0,91,1,0,manual,85,92,300,
2026-09-25 16:09:53,0h 51m,P1-rise,28.1,89,28.0,91,1,0,manual,85,92,300,
2026-09-25 16:09:54,0h 51m,P1-rise,28.1,89,28.1,91,1,0,manual,85,92,300,
2026-09-25 16:09:55,0h 51m,P1-rise,28.1,89,28.1,91,1,0,manual,85,92,300,
2026-09-25 16:09:56,0h 51m,P1-rise,28.1,89,28.1,91,1,0,manual,85,92,300,
2026-09-25 16:09:57,0h 51m,P1-rise,28.1,89,28.1,91,1,0,manual,85,92,300,
2026-09-25 16:09:58,0h 51m,P1-rise,28.1,89,28.1,91,1,0,manual,85,92,300,
2026-09-25 16:09:59,0h 51m,P1-rise,28.1,89,28.1,91,1,0,manual,85,92,300,
2026-09-25 16:10:00,0h 51m,P1-rise,28.1,89,28.1,91,1,0,manual,85,92,300,
2026-09-25 16:10:01,0h 51m,P1-rise,28.1,89,28.1,91,1,0,manual,85,92,300,
2026-09-25 16:10:02,0h 51m,P1-rise,28.1,89,28.1,91,1,0,manual,85,92,300,
2026-09-25 16:10:04,0h 51m,P1-rise,28.1,89,28.1,91,1,0,manual,85,92,300,
2026-09-25 16:10:05,0h 51m,P1-rise,28.1,89,28.1,91,1,0,manual,85,92,300,
2026-09-25 16:10:06,0h 51m,P1-rise,28.1,89,28.1,91,1,0,manual,85,92,300,
2026-09-25 16:10:07,0h 51m,P1-rise,28.1,89,28.1,91,1,0,manual,85,92,300,
2026-09-25 16:10:08,0h 51m,P1-rise,28.1,89,28.1,91,1,0,manual,85,92,300,
2026-09-25 16:10:09,0h 51m,P1-rise,28.1,89,28.1,91,1,0,manual,85,92,300,
2026-09-25 16:10:10,0h 51m,P1-rise,28.1,89,28.1,91,1,0,manual,85,92,300,
2026-09-25 16:10:11,0h 51m,P1-rise,28.1,89,28.2,91,1,0,manual,85,92,300,
2026-09-25 16:10:12,0h 51m,P1-rise,28.1,89,28.2,91,1,0,manual,85,92,300,
2026-09-25 16:10:13,0h 51m,P1-rise,28.1,89,28.2,91,1,0,manual,85,92,300,
2026-09-25 16:10:14,0h 51m,P2-decay,28.1,89,28.2,91,0,0,manual,85,92,300,
2026-09-25 16:10:15,0h 51m,P2-decay,28.1,89,28.2,91,0,0,manual,85,92,300,
2026-09-25 16:10:16,0h 51m,P2-decay,28.1,89,28.2,91,0,0,manual,85,92,300,
2026-09-25 16:10:17,0h 51m,P2-decay,28.1,89,28.2,91,0,0,manual,85,92,300,
2026-09-25 16:10:18,0h 51m,P2-decay,28.1,89,28.2,91,0,0,manual,85,92,300,
2026-09-25 16:10:19,0h 51m,P2-decay,28.1,89,28.2,91,0,0,manual,85,92,300,
2026-09-25 16:10:20,0h 51m,P2-decay,28.1,89,28.2,91,0,0,manual,85,92,300,
2026-09-25 16:10:22,0h 51m,P2-decay,28.1,89,28.2,91,0,0,manual,85,92,300,
2026-09-25 16:10:23,0h 51m,P2-decay,28.1,89,28.1,91,0,0,manual,85,92,300,
2026-09-25 16:10:24,0h 51m,P2-decay,28.1,89,28.1,91,0,0,manual,85,92,300,
2026-09-25 16:10:25,0h 51m,P2-decay,28.2,89,28.1,91,0,0,manual,85,92,300,
2026-09-25 16:10:26,0h 51m,P2-decay,28.2,89,28.1,91,0,0,manual,85,92,300,
2026-09-25 16:10:27,0h 51m,P2-decay,28.1,89,28.1,91,0,0,manual,85,92,300,
2026-09-25 16:10:28,0h 51m,P2-decay,28.1,89,28.1,91,0,0,manual,85,92,300,
2026-09-25 16:10:29,0h 51m,P2-decay,28.2,89,28.1,91,0,0,manual,85,92,300,
2026-09-25 16:10:30,0h 52m,P2-decay,28.2,89,28.1,91,0,0,manual,85,92,300,
2026-09-25 16:10:31,0h 52m,P2-decay,28.2,89,28.1,91,0,0,manual,85,92,300,
2026-09-25 16:10:32,0h 52m,P2-decay,28.2,89,28.1,91,0,0,manual,85,92,300,
2026-09-25 16:10:33,0h 52m,P2-decay,28.2,89,28.1,91,0,0,manual,85,92,300,
2026-09-25 16:10:34,0h 52m,P2-decay,28.2,89,28.2,91,0,0,manual,85,92,300,
2026-09-25 16:10:35,0h 52m,P2-decay,28.2,89,28.2,91,0,0,manual,85,92,300,
2026-09-25 16:10:36,0h 52m,P2-decay,28.2,89,28.2,91,0,0,manual,85,92,300,
2026-09-25 16:10:37,0h 52m,P2-decay,28.2,89,28.2,91,0,0,manual,85,92,300,
2026-09-25 16:10:38,0h 52m,P2-decay,28.2,89,28.2,91,0,0,manual,85,92,300,
2026-09-25 16:10:39,0h 52m,P2-decay,28.2,89,28.2,91,0,0,manual,85,92,300,
2026-09-25 16:10:40,0h 52m,P2-decay,28.2,89,28.2,91,0,0,manual,85,92,300,
2026-09-25 16:10:42,0h 52m,P2-decay,28.2,89,28.2,91,0,0,manual,85,92,300,
2026-09-25 16:10:43,0h 52m,P2-decay,28.2,89,28.2,91,0,0,manual,85,92,300,
2026-09-25 16:10:44,0h 52m,P2-decay,28.2,89,28.2,91,0,0,manual,85,92,300,
2026-09-25 16:10:45,0h 52m,P2-decay,28.2,89,28.2,91,0,0,manual,85,92,300,
2026-09-25 16:10:46,0h 52m,P2-decay,28.2,89,28.2,91,0,0,manual,85,92,300,
2026-09-25 16:10:47,0h 52m,P2-decay,28.2,89,28.2,91,0,0,manual,85,92,300,
2026-09-25 16:10:48,0h 52m,P2-decay,28.2,89,28.2,91,0,0,manual,85,92,300,
2026-09-25 16:10:49,0h 52m,P2-decay,28.2,89,28.2,91,0,0,manual,85,92,300,
2026-09-25 16:10:50,0h 52m,P2-decay,28.2,89,28.2,91,0,0,manual,85,92,300,
2026-09-25 16:10:51,0h 52m,P2-decay,28.2,89,28.1,91,0,0,manual,85,92,300,
2026-09-25 16:10:52,0h 52m,P2-decay,28.2,89,28.1,91,0,0,manual,85,92,300,
2026-09-25 16:10:53,0h 52m,P2-decay,28.2,89,28.1,91,0,0,manual,85,92,300,
2026-09-25 16:10:54,0h 52m,P2-decay,28.2,89,28.1,91,0,0,manual,85,92,300,
2026-09-25 16:10:55,0h 52m,P2-decay,28.2,89,28.1,91,0,0,manual,85,92,300,
2026-09-25 16:10:56,0h 52m,P2-decay,28.2,89,28.1,91,0,0,manual,85,92,300,
2026-09-25 16:10:57,0h 52m,P2-decay,28.2,89,28.1,91,0,0,manual,85,92,300,
2026-09-25 16:10:58,0h 52m,P2-decay,28.2,89,28.1,91,0,0,manual,85,92,300,
2026-09-25 16:10:59,0h 52m,P2-decay,28.2,89,28.1,91,0,0,manual,85,92,300,
2026-09-25 16:11:00,0h 52m,P2-decay,28.2,89,28.1,91,0,0,manual,85,92,300,
2026-09-25 16:11:01,0h 52m,P2-decay,28.2,89,28.1,91,0,0,manual,85,92,300,
2026-09-25 16:11:03,0h 52m,P2-decay,28.2,89,28.1,91,0,0,manual,85,92,300,
2026-09-25 16:11:04,0h 52m,P2-decay,28.2,89,28.1,91,0,0,manual,85,92,300,
2026-09-25 16:11:05,0h 52m,P2-decay,28.2,89,28.1,91,0,0,manual,85,92,300,
2026-09-25 16:11:06,0h 52m,P2-decay,28.2,89,28.1,91,0,0,manual,85,92,300,
2026-09-25 16:11:07,0h 52m,P2-decay,28.2,89,28.0,91,0,0,manual,85,92,300,
2026-09-25 16:11:08,0h 52m,P2-decay,28.2,89,28.0,91,0,0,manual,85,92,300,
2026-09-25 16:11:09,0h 52m,P2-decay,28.2,89,28.0,91,0,0,manual,85,92,300,
2026-09-25 16:11:10,0h 52m,P2-decay,28.2,89,28.0,91,0,0,manual,85,92,300,
2026-09-25 16:11:11,0h 52m,P2-decay,28.2,89,28.0,91,0,0,manual,85,92,300,
2026-09-25 16:11:12,0h 52m,P2-decay,28.2,89,28.0,91,0,0,manual,85,92,300,
2026-09-25 16:11:13,0h 52m,P2-decay,28.2,89,28.0,91,0,0,manual,85,92,300,
2026-09-25 16:11:14,0h 52m,P2-decay,28.2,89,28.0,91,0,0,manual,85,92,300,
2026-09-25 16:11:15,0h 52m,P2-decay,28.2,89,28.0,91,0,0,manual,85,92,300,
2026-09-25 16:11:16,0h 52m,P2-decay,28.2,89,28.0,91,0,0,manual,85,92,300,
2026-09-25 16:11:17,0h 52m,P2-decay,28.2,89,28.0,91,0,0,manual,85,92,300,
2026-09-25 16:11:18,0h 52m,P2-decay,28.2,89,27.9,91,0,0,manual,85,92,300,
2026-09-25 16:11:19,0h 52m,P2-decay,28.2,89,27.9,91,0,0,manual,85,92,300,
2026-09-25 16:11:20,0h 52m,P2-decay,28.2,89,27.9,91,0,0,manual,85,92,300,
2026-09-25 16:11:21,0h 52m,P2-decay,28.2,89,27.9,91,0,0,manual,85,92,300,
2026-09-25 16:11:22,0h 52m,P2-decay,28.2,89,27.9,91,0,0,manual,85,92,300,
2026-09-25 16:11:24,0h 52m,P2-decay,28.2,89,27.9,91,0,0,manual,85,92,300,
2026-09-25 16:11:25,0h 52m,P2-decay,28.2,89,27.9,91,0,0,manual,85,92,300,
2026-09-25 16:11:26,0h 52m,P2-decay,28.2,89,27.9,91,0,0,manual,85,92,300,
2026-09-25 16:11:27,0h 52m,P2-decay,28.2,89,27.9,91,0,0,manual,85,92,300,
2026-09-25 16:11:28,0h 52m,P2-decay,28.2,89,27.9,91,0,0,manual,85,92,300,
2026-09-25 16:11:29,0h 52m,P2-decay,28.2,89,27.9,91,0,0,manual,85,92,300,
2026-09-25 16:11:30,0h 53m,P2-decay,28.2,89,27.9,91,0,0,manual,85,92,300,
2026-09-25 16:11:31,0h 53m,P2-decay,28.2,89,27.9,91,0,0,manual,85,92,300,
2026-09-25 16:11:32,0h 53m,P2-decay,28.2,89,27.9,91,0,0,manual,85,92,300,
2026-09-25 16:11:33,0h 53m,P2-decay,28.2,89,27.9,91,0,0,manual,85,92,300,
2026-09-25 16:11:34,0h 53m,P2-decay,28.2,89,27.9,91,0,0,manual,85,92,300,
2026-09-25 16:11:35,0h 53m,P2-decay,28.2,89,27.9,91,0,0,manual,85,92,300,
2026-09-25 16:11:36,0h 53m,P2-decay,28.2,89,27.8,91,0,0,manual,85,92,300,
2026-09-25 16:11:37,0h 53m,P2-decay,28.2,89,27.8,91,0,0,manual,85,92,300,
2026-09-25 16:11:38,0h 53m,P2-decay,28.2,89,27.8,91,0,0,manual,85,92,300,
2026-09-25 16:11:39,0h 53m,P2-decay,28.2,89,27.8,91,0,0,manual,85,92,300,
2026-09-25 16:11:40,0h 53m,P2-decay,28.2,89,27.8,91,0,0,manual,85,92,300,
2026-09-25 16:11:41,0h 53m,P2-decay,28.2,89,27.8,91,0,0,manual,85,92,300,
2026-09-25 16:11:42,0h 53m,P2-decay,28.1,89,27.7,91,0,0,manual,85,92,300,
2026-09-25 16:11:43,0h 53m,P2-decay,28.1,89,27.7,91,0,0,manual,85,92,300,
2026-09-25 16:11:45,0h 53m,P2-decay,28.1,89,27.7,91,0,0,manual,85,92,300,
2026-09-25 16:11:46,0h 53m,P2-decay,28.1,89,27.7,91,0,0,manual,85,92,300,
2026-09-25 16:11:47,0h 53m,P2-decay,28.1,89,27.7,91,0,0,manual,85,92,300,
2026-09-25 16:11:48,0h 53m,P2-decay,28.1,89,27.7,91,0,0,manual,85,92,300,
2026-09-25 16:11:49,0h 53m,P2-decay,28.1,89,27.7,91,0,0,manual,85,92,300,
2026-09-25 16:11:50,0h 53m,P2-decay,28.1,89,27.7,91,0,0,manual,85,92,300,
2026-09-25 16:11:51,0h 53m,P2-decay,28.1,89,27.6,91,0,0,manual,85,92,300,
2026-09-25 16:11:52,0h 53m,P2-decay,28.1,89,27.6,91,0,0,manual,85,92,300,
2026-09-25 16:11:53,0h 53m,P2-decay,28.1,89,27.6,91,0,0,manual,85,92,300,
2026-09-25 16:11:54,0h 53m,P2-decay,28.1,89,27.6,91,0,0,manual,85,92,300,
2026-09-25 16:11:55,0h 53m,P2-decay,28.1,89,27.6,91,0,0,manual,85,92,300,
2026-09-25 16:11:56,0h 53m,P2-decay,28.0,89,27.6,91,0,0,manual,85,92,300,
2026-09-25 16:11:57,0h 53m,P2-decay,28.0,89,27.6,91,0,0,manual,85,92,300,
2026-09-25 16:11:58,0h 53m,P2-decay,28.0,89,27.5,91,0,0,manual,85,92,300,
2026-09-25 16:11:59,0h 53m,P2-decay,28.0,89,27.5,91,0,0,manual,85,92,300,
2026-09-25 16:12:00,0h 53m,P2-decay,28.0,89,27.5,91,0,0,manual,85,92,300,
2026-09-25 16:12:01,0h 53m,P2-decay,28.0,89,27.5,91,0,0,manual,85,92,300,
2026-09-25 16:12:02,0h 53m,P2-decay,28.0,89,27.6,91,0,0,manual,85,92,300,
2026-09-25 16:12:03,0h 53m,P2-decay,28.0,89,27.6,91,0,0,manual,85,92,300,
2026-09-25 16:12:04,0h 53m,P2-decay,28.0,89,27.6,91,0,0,manual,85,92,300,
2026-09-25 16:12:06,0h 53m,P2-decay,28.0,89,27.6,91,0,0,manual,85,92,300,
2026-09-25 16:12:07,0h 53m,P2-decay,28.0,89,27.6,91,0,0,manual,85,92,300,
2026-09-25 16:12:08,0h 53m,P2-decay,28.0,89,27.6,91,0,0,manual,85,92,300,
2026-09-25 16:12:09,0h 53m,P2-decay,28.0,89,27.6,91,0,0,manual,85,92,300,
2026-09-25 16:12:10,0h 53m,P2-decay,28.0,89,27.6,91,0,0,manual,85,92,300,
2026-09-25 16:12:11,0h 53m,P2-decay,28.0,89,27.6,91,0,0,manual,85,92,300,
2026-09-25 16:12:12,0h 53m,P2-decay,28.0,89,27.6,91,0,0,manual,85,92,300,
2026-09-25 16:12:13,0h 53m,P2-decay,28.0,89,27.6,91,0,0,manual,85,92,300,
2026-09-25 16:12:14,0h 53m,P2-decay,28.0,89,27.6,91,0,0,manual,85,92,300,
2026-09-25 16:12:15,0h 53m,P2-decay,28.1,89,27.6,91,0,0,manual,85,92,300,
2026-09-25 16:12:16,0h 53m,P2-decay,28.1,89,27.6,91,0,0,manual,85,92,300,
2026-09-25 16:12:17,0h 53m,P2-decay,28.1,89,27.6,91,0,0,manual,85,92,300,
2026-09-25 16:12:18,0h 53m,P2-decay,28.1,89,27.6,91,0,0,manual,85,92,300,
2026-09-25 16:12:19,0h 53m,P2-decay,28.1,89,27.6,91,0,0,manual,85,92,300,
2026-09-25 16:12:20,0h 53m,P2-decay,28.1,89,27.6,91,0,0,manual,85,92,300,
2026-09-25 16:12:21,0h 53m,P2-decay,28.1,89,27.6,91,0,0,manual,85,92,300,
2026-09-25 16:12:22,0h 53m,P2-decay,28.1,89,27.6,91,0,0,manual,85,92,300,
2026-09-25 16:12:23,0h 53m,P2-decay,28.1,89,27.6,91,0,0,manual,85,92,300,
2026-09-25 16:12:24,0h 53m,P2-decay,28.1,89,27.6,91,0,0,manual,85,92,300,
2026-09-25 16:12:26,0h 53m,P2-decay,28.1,89,27.6,91,0,0,manual,85,92,300,
2026-09-25 16:12:27,0h 53m,P2-decay,28.1,89,27.6,91,0,0,manual,85,92,300,
2026-09-25 16:12:28,0h 53m,P2-decay,28.1,89,27.6,91,0,0,manual,85,92,300,
2026-09-25 16:12:29,0h 53m,P2-decay,28.1,89,27.6,91,0,0,manual,85,92,300,
2026-09-25 16:12:30,0h 54m,P2-decay,28.1,89,27.6,91,0,0,manual,85,92,300,
2026-09-25 16:12:31,0h 54m,P2-decay,28.1,89,27.6,91,0,0,manual,85,92,300,
2026-09-25 16:12:32,0h 54m,P2-decay,28.1,89,27.6,91,0,0,manual,85,92,300,
2026-09-25 16:12:33,0h 54m,P2-decay,28.1,89,27.6,91,0,0,manual,85,92,300,
2026-09-25 16:12:34,0h 54m,P2-decay,28.1,89,27.6,91,0,0,manual,85,92,300,
2026-09-25 16:12:35,0h 54m,P2-decay,28.1,89,27.6,91,0,0,manual,85,92,300,
2026-09-25 16:12:36,0h 54m,P2-decay,28.1,89,27.6,91,0,0,manual,85,92,300,
2026-09-25 16:12:37,0h 54m,P2-decay,28.1,89,27.6,91,0,0,manual,85,92,300,
2026-09-25 16:12:38,0h 54m,P2-decay,28.1,89,27.6,91,0,0,manual,85,92,300,
2026-09-25 16:12:39,0h 54m,P2-decay,28.1,89,27.6,91,0,0,manual,85,92,300,
2026-09-25 16:12:40,0h 54m,P2-decay,28.1,89,27.6,91,0,0,manual,85,92,300,
2026-09-25 16:12:41,0h 54m,P2-decay,28.1,89,27.6,91,0,0,manual,85,92,300,
2026-09-25 16:12:42,0h 54m,P2-decay,28.1,89,27.6,91,0,0,manual,85,92,300,
2026-09-25 16:12:43,0h 54m,P2-decay,28.1,89,27.6,91,0,0,manual,85,92,300,
2026-09-25 16:12:44,0h 54m,P2-decay,28.1,89,27.6,91,0,0,manual,85,92,300,
2026-09-25 16:12:45,0h 54m,P2-decay,28.1,89,27.6,91,0,0,manual,85,92,300,
2026-09-25 16:12:47,0h 54m,P2-decay,28.1,89,27.6,91,0,0,manual,85,92,300,
2026-09-25 16:12:48,0h 54m,P2-decay,28.1,89,27.6,91,0,0,manual,85,92,300,
2026-09-25 16:12:49,0h 54m,P2-decay,28.1,89,27.6,91,0,0,manual,85,92,300,
2026-09-25 16:12:50,0h 54m,P2-decay,28.1,89,27.6,91,0,0,manual,85,92,300,
2026-09-25 16:12:51,0h 54m,P2-decay,28.2,89,27.6,91,0,0,manual,85,92,300,
2026-09-25 16:12:52,0h 54m,P2-decay,28.2,89,27.6,91,0,0,manual,85,92,300,
2026-09-25 16:12:53,0h 54m,P2-decay,28.2,89,27.7,91,0,0,manual,85,92,300,
2026-09-25 16:12:54,0h 54m,P2-decay,28.2,89,27.7,91,0,0,manual,85,92,300,
2026-09-25 16:12:55,0h 54m,P2-decay,28.2,89,27.7,91,0,0,manual,85,92,300,
2026-09-25 16:12:56,0h 54m,P2-decay,28.2,89,27.7,91,0,0,manual,85,92,300,
2026-09-25 16:12:57,0h 54m,P2-decay,28.2,89,27.7,91,0,0,manual,85,92,300,
2026-09-25 16:12:58,0h 54m,P2-decay,28.2,89,27.7,91,0,0,manual,85,92,300,
2026-09-25 16:12:59,0h 54m,P2-decay,28.2,89,27.7,91,0,0,manual,85,92,300,
2026-09-25 16:13:00,0h 54m,P2-decay,28.2,89,27.7,91,0,0,manual,85,92,300,
2026-09-25 16:13:01,0h 54m,P2-decay,28.2,89,27.7,91,0,0,manual,85,92,300,
2026-09-25 16:13:02,0h 54m,P2-decay,28.2,89,27.7,91,0,0,manual,85,92,300,
2026-09-25 16:13:03,0h 54m,P2-decay,28.2,89,27.7,91,0,0,manual,85,92,300,
2026-09-25 16:13:04,0h 54m,P2-decay,28.2,89,27.7,91,0,0,manual,85,92,300,
2026-09-25 16:13:05,0h 54m,P2-decay,28.2,89,27.7,91,0,0,manual,85,92,300,
2026-09-25 16:13:06,0h 54m,P2-decay,28.2,89,27.7,91,0,0,manual,85,92,300,
2026-09-25 16:13:08,0h 54m,P2-decay,28.2,89,27.7,91,0,0,manual,85,92,300,
2026-09-25 16:13:09,0h 54m,P2-decay,28.2,89,27.7,91,0,0,manual,85,92,300,
2026-09-25 16:13:10,0h 54m,P2-decay,28.2,89,27.7,91,0,0,manual,85,92,300,
2026-09-25 16:13:11,0h 54m,P2-decay,28.2,89,27.7,91,0,0,manual,85,92,300,
2026-09-25 16:13:12,0h 54m,P2-decay,28.2,89,27.7,91,0,0,manual,85,92,300,
2026-09-25 16:13:13,0h 54m,P2-decay,28.2,89,27.7,91,0,0,manual,85,92,300,
2026-09-25 16:13:14,0h 54m,P2-decay,28.2,89,27.7,91,0,0,manual,85,92,300,
2026-09-25 16:13:15,0h 54m,P2-decay,28.2,89,27.7,91,0,0,manual,85,92,300,
2026-09-25 16:13:16,0h 54m,P2-decay,28.2,89,27.7,91,0,0,manual,85,92,300,
2026-09-25 16:13:17,0h 54m,P2-decay,28.2,89,27.7,91,0,0,manual,85,92,300,
2026-09-25 16:13:18,0h 54m,P2-decay,28.3,89,27.7,91,0,0,manual,85,92,300,
2026-09-25 16:13:19,0h 54m,P2-decay,28.3,89,27.7,91,0,0,manual,85,92,300,
2026-09-25 16:13:20,0h 54m,P2-decay,28.2,89,27.6,91,0,0,manual,85,92,300,
2026-09-25 16:13:21,0h 54m,P2-decay,28.2,89,27.6,91,0,0,manual,85,92,300,
2026-09-25 16:13:22,0h 54m,P2-decay,28.2,89,27.7,91,0,0,manual,85,92,300,
2026-09-25 16:13:23,0h 54m,P2-decay,28.2,89,27.7,91,0,0,manual,85,92,300,
2026-09-25 16:13:24,0h 54m,P2-decay,28.2,89,27.7,91,0,0,manual,85,92,300,
2026-09-25 16:13:25,0h 54m,P2-decay,28.2,89,27.7,91,0,0,manual,85,92,300,
2026-09-25 16:13:26,0h 54m,P2-decay,28.2,89,27.7,91,0,0,manual,85,92,300,
2026-09-25 16:13:27,0h 54m,P2-decay,28.2,89,27.7,91,0,0,manual,85,92,300,
2026-09-25 16:13:29,0h 54m,P2-decay,28.2,89,27.7,91,0,0,manual,85,92,300,
2026-09-25 16:13:30,0h 55m,P2-decay,28.2,89,27.7,91,0,0,manual,85,92,300,
2026-09-25 16:13:31,0h 55m,P2-decay,28.2,89,27.6,91,0,0,manual,85,92,300,
2026-09-25 16:13:32,0h 55m,P2-decay,28.2,89,27.6,91,0,0,manual,85,92,300,
2026-09-25 16:13:33,0h 55m,P2-decay,28.2,89,27.6,91,0,0,manual,85,92,300,
2026-09-25 16:13:34,0h 55m,P2-decay,28.2,89,27.6,91,0,0,manual,85,92,300,
2026-09-25 16:13:35,0h 55m,P2-decay,28.2,89,27.6,91,0,0,manual,85,92,300,
2026-09-25 16:13:36,0h 55m,P2-decay,28.2,89,27.6,91,0,0,manual,85,92,300,
2026-09-25 16:13:37,0h 55m,P2-decay,28.2,89,27.6,91,0,0,manual,85,92,300,
2026-09-25 16:13:38,0h 55m,P2-decay,28.2,89,27.6,91,0,0,manual,85,92,300,
2026-09-25 16:13:39,0h 55m,P2-decay,28.2,89,27.6,91,0,0,manual,85,92,300,
2026-09-25 16:13:40,0h 55m,P2-decay,28.2,89,27.6,91,0,0,manual,85,92,300,
2026-09-25 16:13:41,0h 55m,P2-decay,28.2,89,27.6,91,0,0,manual,85,92,300,
2026-09-25 16:13:42,0h 55m,P2-decay,28.2,89,27.6,91,0,0,manual,85,92,300,
2026-09-25 16:13:43,0h 55m,P2-decay,28.2,89,27.6,91,0,0,manual,85,92,300,
2026-09-25 16:13:44,0h 55m,P2-decay,28.2,89,27.5,91,0,0,manual,85,92,300,
2026-09-25 16:13:45,0h 55m,P2-decay,28.2,89,27.5,91,0,0,manual,85,92,300,
2026-09-25 16:13:46,0h 55m,P2-decay,28.1,89,27.6,91,0,0,manual,85,92,300,
2026-09-25 16:13:47,0h 55m,P2-decay,28.1,89,27.6,91,0,0,manual,85,92,300,
2026-09-25 16:13:49,0h 55m,P2-decay,28.1,89,27.6,91,0,0,manual,85,92,300,
2026-09-25 16:13:50,0h 55m,P2-decay,28.1,89,27.6,91,0,0,manual,85,92,300,
2026-09-25 16:13:51,0h 55m,P2-decay,28.1,89,27.6,91,0,0,manual,85,92,300,
2026-09-25 16:13:52,0h 55m,P2-decay,28.1,89,27.6,91,0,0,manual,85,92,300,
2026-09-25 16:13:53,0h 55m,P2-decay,28.1,89,27.6,91,0,0,manual,85,92,300,
2026-09-25 16:13:54,0h 55m,P2-decay,28.1,89,27.6,91,0,0,manual,85,92,300,
2026-09-25 16:13:55,0h 55m,P2-decay,28.1,89,27.5,91,0,0,manual,85,92,300,
2026-09-25 16:13:56,0h 55m,P2-decay,28.1,89,27.5,91,0,0,manual,85,92,300,
2026-09-25 16:13:57,0h 55m,P2-decay,28.1,89,27.5,91,0,0,manual,85,92,300,
2026-09-25 16:13:58,0h 55m,P2-decay,28.1,89,27.5,91,0,0,manual,85,92,300,
2026-09-25 16:13:59,0h 55m,P2-decay,28.1,89,27.6,91,0,0,manual,85,92,300,
2026-09-25 16:14:00,0h 55m,P2-decay,28.1,89,27.6,91,0,0,manual,85,92,300,
2026-09-25 16:14:01,0h 55m,P2-decay,28.1,89,27.6,91,0,0,manual,85,92,300,
2026-09-25 16:14:02,0h 55m,P2-decay,28.1,89,27.6,91,0,0,manual,85,92,300,
2026-09-25 16:14:03,0h 55m,P2-decay,28.1,89,27.6,91,0,0,manual,85,92,300,
2026-09-25 16:14:04,0h 55m,P2-decay,28.0,89,27.6,91,0,0,manual,85,92,300,
2026-09-25 16:14:05,0h 55m,P2-decay,28.0,89,27.6,91,0,0,manual,85,92,300,
2026-09-25 16:14:06,0h 55m,P2-decay,28.0,89,27.6,91,0,0,manual,85,92,300,
2026-09-25 16:14:07,0h 55m,P2-decay,28.0,89,27.6,91,0,0,manual,85,92,300,
2026-09-25 16:14:08,0h 55m,P2-decay,28.0,89,27.6,91,0,0,manual,85,92,300,
2026-09-25 16:14:10,0h 55m,P2-decay,28.0,89,27.6,91,0,0,manual,85,92,300,
2026-09-25 16:14:11,0h 55m,P2-decay,28.0,89,27.6,91,0,0,manual,85,92,300,
2026-09-25 16:14:12,0h 55m,P2-decay,28.0,89,27.6,91,0,0,manual,85,92,300,
2026-09-25 16:14:13,0h 55m,P2-decay,28.0,89,27.6,91,0,0,manual,85,92,300,
2026-09-25 16:14:14,0h 55m,P2-decay,28.0,89,27.6,91,0,0,manual,85,92,300,
2026-09-25 16:14:15,0h 55m,P2-decay,28.0,89,27.6,91,0,0,manual,85,92,300,
2026-09-25 16:14:16,0h 55m,P2-decay,28.0,89,27.6,91,0,0,manual,85,92,300,
2026-09-25 16:14:17,0h 55m,P2-decay,28.0,89,27.6,91,0,0,manual,85,92,300,
2026-09-25 16:14:18,0h 55m,P2-decay,28.0,89,27.6,91,0,0,manual,85,92,300,
2026-09-25 16:14:19,0h 55m,P2-decay,28.0,89,27.7,91,0,0,manual,85,92,300,
2026-09-25 16:14:20,0h 55m,P2-decay,28.0,89,27.7,91,0,0,manual,85,92,300,
2026-09-25 16:14:21,0h 55m,P2-decay,28.0,89,27.7,91,0,0,manual,85,92,300,
2026-09-25 16:14:22,0h 55m,P2-decay,28.0,89,27.7,91,0,0,manual,85,92,300,
2026-09-25 16:14:23,0h 55m,P2-decay,28.0,89,27.7,91,0,0,manual,85,92,300,
2026-09-25 16:14:24,0h 55m,P2-decay,28.0,89,27.8,91,0,0,manual,85,92,300,
2026-09-25 16:14:25,0h 55m,P2-decay,28.0,89,27.8,91,0,0,manual,85,92,300,
2026-09-25 16:14:26,0h 55m,P2-decay,28.1,89,27.8,91,0,0,manual,85,92,300,
2026-09-25 16:14:27,0h 55m,P2-decay,28.1,89,27.8,91,0,0,manual,85,92,300,
2026-09-25 16:14:28,0h 55m,P2-decay,28.1,89,27.8,91,0,0,manual,85,92,300,
2026-09-25 16:14:29,0h 55m,P2-decay,28.1,89,27.8,91,0,0,manual,85,92,300,
2026-09-25 16:14:31,0h 56m,P2-decay,28.1,89,27.8,91,0,0,manual,85,92,300,
2026-09-25 16:14:32,0h 56m,P2-decay,28.1,89,27.8,91,0,0,manual,85,92,300,
2026-09-25 16:14:33,0h 56m,P2-decay,28.1,89,27.8,91,0,0,manual,85,92,300,
2026-09-25 16:14:34,0h 56m,P2-decay,28.1,89,27.8,91,0,0,manual,85,92,300,
2026-09-25 16:14:35,0h 56m,P2-decay,28.1,89,27.8,91,0,0,manual,85,92,300,
2026-09-25 16:14:36,0h 56m,P2-decay,28.1,89,27.8,91,0,0,manual,85,92,300,
2026-09-25 16:14:37,0h 56m,P2-decay,28.1,89,27.8,91,0,0,manual,85,92,300,
2026-09-25 16:14:38,0h 56m,P2-decay,28.1,89,27.8,91,0,0,manual,85,92,300,
2026-09-25 16:14:39,0h 56m,P2-decay,28.1,89,27.8,91,0,0,manual,85,92,300,
2026-09-25 16:14:40,0h 56m,P2-decay,28.1,89,27.8,91,0,0,manual,85,92,300,
2026-09-25 16:14:41,0h 56m,P2-decay,28.1,89,27.8,91,0,0,manual,85,92,300,
2026-09-25 16:14:42,0h 56m,P2-decay,28.1,89,27.8,91,0,0,manual,85,92,300,
2026-09-25 16:14:43,0h 56m,P2-decay,28.1,89,27.8,91,0,0,manual,85,92,300,
2026-09-25 16:14:44,0h 56m,P2-decay,28.1,89,27.8,91,0,0,manual,85,92,300,
2026-09-25 16:14:45,0h 56m,P2-decay,28.1,89,27.8,91,0,0,manual,85,92,300,
2026-09-25 16:14:46,0h 56m,P2-decay,28.1,89,27.8,91,0,0,manual,85,92,300,
2026-09-25 16:14:47,0h 56m,P2-decay,28.1,89,27.8,91,0,0,manual,85,92,300,
2026-09-25 16:14:48,0h 56m,P2-decay,28.1,89,27.8,91,0,0,manual,85,92,300,
2026-09-25 16:14:49,0h 56m,P2-decay,28.1,89,27.8,91,0,0,manual,85,92,300,
2026-09-25 16:14:50,0h 56m,P2-decay,28.1,89,27.8,91,0,0,manual,85,92,300,
2026-09-25 16:14:52,0h 56m,P2-decay,28.1,89,27.8,91,0,0,manual,85,92,300,
2026-09-25 16:14:53,0h 56m,P2-decay,179.4,100,27.9,91,0,0,manual,85,92,300,
2026-09-25 16:14:54,0h 56m,P2-decay,179.4,100,27.9,91,0,0,manual,85,92,300,
2026-09-25 16:14:55,0h 56m,P2-decay,179.4,100,27.9,91,0,0,manual,85,92,300,
2026-09-25 16:14:56,0h 56m,P2-decay,179.4,100,27.9,91,0,0,manual,85,92,300,
2026-09-25 16:14:57,0h 56m,P2-decay,179.4,100,27.9,91,0,0,manual,85,92,300,
2026-09-25 16:14:58,0h 56m,P2-decay,179.4,100,27.9,91,0,0,manual,85,92,300,
2026-09-25 16:14:59,0h 56m,P2-decay,179.4,100,27.9,91,0,0,manual,85,92,300,
2026-09-25 16:15:00,0h 56m,P2-decay,179.4,100,27.9,91,0,0,manual,85,92,300,
2026-09-25 16:15:01,0h 56m,P2-decay,179.4,100,27.9,91,0,0,manual,85,92,300,
2026-09-25 16:15:02,0h 56m,P2-decay,179.4,100,27.9,91,0,0,manual,85,92,300,
2026-09-25 16:15:03,0h 56m,P2-decay,179.4,100,27.9,91,0,0,manual,85,92,300,
2026-09-25 16:15:04,0h 56m,P2-decay,179.4,100,27.9,91,0,0,manual,85,92,300,
2026-09-25 16:15:05,0h 56m,P2-decay,179.4,100,27.9,91,0,0,manual,85,92,300,
2026-09-25 16:15:06,0h 56m,P2-decay,179.4,100,27.9,91,0,0,manual,85,92,300,
2026-09-25 16:15:07,0h 56m,P2-decay,179.4,100,27.9,91,0,0,manual,85,92,300,
2026-09-25 16:15:08,0h 56m,P2-decay,179.4,100,27.9,91,0,0,manual,85,92,300,
2026-09-25 16:15:09,0h 56m,P2-decay,179.4,100,27.9,91,0,0,manual,85,92,300,
2026-09-25 16:15:10,0h 56m,P2-decay,179.4,100,27.9,91,0,0,manual,85,92,300,
2026-09-25 16:15:12,0h 56m,P2-decay,179.4,100,27.9,91,0,0,manual,85,92,300,
2026-09-25 16:15:13,0h 56m,P2-decay,179.4,100,27.9,91,0,0,manual,85,92,300,
2026-09-25 16:15:14,0h 56m,P2-decay,179.4,100,27.9,91,0,0,manual,85,92,300,
2026-09-25 16:15:15,0h 56m,P2-decay,179.4,100,27.9,91,0,0,manual,85,92,300,
2026-09-25 16:15:16,0h 56m,P2-decay,179.4,100,27.9,91,0,0,manual,85,92,300,
2026-09-25 16:15:17,0h 56m,P2-decay,179.4,100,27.9,91,0,0,manual,85,92,300,
2026-09-25 16:15:18,0h 56m,P2-decay,179.4,100,27.9,91,0,0,manual,85,92,300,
2026-09-25 16:15:19,0h 56m,P2-decay,179.4,100,27.9,91,0,0,manual,85,92,300,
2026-09-25 16:15:20,0h 56m,P2-decay,179.4,100,27.9,91,0,0,manual,85,92,300,
2026-09-25 16:15:21,0h 56m,P2-decay,179.4,100,27.9,91,0,0,manual,85,92,300,
2026-09-25 16:15:22,0h 56m,P2-decay,179.4,100,27.9,91,0,0,manual,85,92,300,
2026-09-25 16:15:23,0h 56m,P2-decay,179.4,100,27.9,91,0,0,manual,85,92,300,
2026-09-25 16:15:24,0h 56m,P2-decay,179.4,100,27.9,91,0,0,manual,85,92,300,
2026-09-25 16:15:25,0h 56m,P2-decay,179.4,100,27.9,91,0,0,manual,85,92,300,
2026-09-25 16:15:26,0h 56m,P2-decay,179.4,100,28.0,91,0,0,manual,85,92,300,
2026-09-25 16:15:27,0h 56m,P2-decay,179.4,100,28.0,91,0,0,manual,85,92,300,
2026-09-25 16:15:28,0h 56m,P2-decay,179.4,100,28.0,91,0,0,manual,85,92,300,
2026-09-25 16:15:29,0h 56m,P2-decay,179.4,100,28.0,91,0,0,manual,85,92,300,
2026-09-25 16:15:30,0h 57m,P2-decay,179.4,100,28.0,91,0,0,manual,85,92,300,
2026-09-25 16:15:31,0h 57m,P2-decay,179.4,100,28.0,91,0,0,manual,85,92,300,
2026-09-25 16:15:33,0h 57m,P2-decay,179.4,100,28.0,91,0,0,manual,85,92,300,
2026-09-25 16:15:34,0h 57m,P2-decay,179.4,100,28.0,91,0,0,manual,85,92,300,
2026-09-25 16:15:35,0h 57m,P2-decay,179.4,100,28.0,91,0,0,manual,85,92,300,
2026-09-25 16:15:36,0h 57m,P2-decay,179.4,100,28.0,91,0,0,manual,85,92,300,
2026-09-25 16:15:37,0h 57m,P2-decay,179.4,100,28.0,91,0,0,manual,85,92,300,
2026-09-25 16:15:38,0h 57m,P2-decay,179.4,100,28.0,91,0,0,manual,85,92,300,
2026-09-25 16:15:39,0h 57m,P2-decay,179.4,100,28.0,91,0,0,manual,85,92,300,
2026-09-25 16:15:40,0h 57m,P2-decay,179.4,100,28.0,91,0,0,manual,85,92,300,
2026-09-25 16:15:41,0h 57m,P2-decay,179.4,100,28.0,91,0,0,manual,85,92,300,
2026-09-25 16:15:42,0h 57m,P2-decay,179.4,100,28.0,91,0,0,manual,85,92,300,
2026-09-25 16:15:43,0h 57m,P2-decay,179.4,100,28.0,91,0,0,manual,85,92,300,
2026-09-25 16:15:44,0h 57m,P2-decay,179.4,100,27.9,91,0,0,manual,85,92,300,
2026-09-25 16:15:45,0h 57m,P2-decay,179.4,100,27.9,91,0,0,manual,85,92,300,
2026-09-25 16:15:46,0h 57m,P2-decay,179.4,100,27.9,91,0,0,manual,85,92,300,
2026-09-25 16:15:47,0h 57m,P2-decay,179.4,100,27.9,91,0,0,manual,85,92,300,
2026-09-25 16:15:48,0h 57m,P2-decay,179.4,100,27.9,91,0,0,manual,85,92,300,
2026-09-25 16:15:49,0h 57m,P2-decay,179.4,100,27.9,91,0,0,manual,85,92,300,
2026-09-25 16:15:50,0h 57m,P2-decay,179.4,100,27.9,91,0,0,manual,85,92,300,
2026-09-25 16:15:51,0h 57m,P2-decay,179.4,100,27.9,91,0,0,manual,85,92,300,
2026-09-25 16:15:52,0h 57m,P2-decay,179.4,100,28.0,91,0,0,manual,85,92,300,
2026-09-25 16:15:54,0h 57m,P2-decay,179.4,100,28.0,91,0,0,manual,85,92,300,
2026-09-25 16:15:55,0h 57m,P2-decay,179.4,100,28.0,91,0,0,manual,85,92,300,
2026-09-25 16:15:56,0h 57m,P2-decay,179.4,100,28.0,91,0,0,manual,85,92,300,
2026-09-25 16:15:57,0h 57m,P2-decay,179.4,100,28.0,91,0,0,manual,85,92,300,
2026-09-25 16:15:58,0h 57m,P2-decay,179.4,100,28.0,91,0,0,manual,85,92,300,
2026-09-25 16:15:59,0h 57m,P2-decay,179.4,100,28.0,91,0,0,manual,85,92,300,
2026-09-25 16:16:00,0h 57m,P2-decay,179.4,100,28.0,91,0,0,manual,85,92,300,
2026-09-25 16:16:01,0h 57m,P2-decay,179.4,100,28.0,91,0,0,manual,85,92,300,
2026-09-25 16:16:02,0h 57m,P2-decay,179.4,100,28.0,91,0,0,manual,85,92,300,
2026-09-25 16:16:03,0h 57m,P2-decay,179.4,100,28.0,91,0,0,manual,85,92,300,
2026-09-25 16:16:04,0h 57m,P2-decay,179.4,100,28.0,91,0,0,manual,85,92,300,
2026-09-25 16:16:05,0h 57m,P2-decay,179.4,100,28.0,91,0,0,manual,85,92,300,
2026-09-25 16:16:06,0h 57m,P2-decay,179.4,100,28.1,91,0,0,manual,85,92,300,
2026-09-25 16:16:07,0h 57m,P2-decay,179.4,100,28.1,91,0,0,manual,85,92,300,
2026-09-25 16:16:08,0h 57m,P2-decay,179.4,100,28.1,91,0,0,manual,85,92,300,
2026-09-25 16:16:09,0h 57m,P2-decay,179.4,100,28.1,91,0,0,manual,85,92,300,
2026-09-25 16:16:10,0h 57m,P2-decay,179.4,100,28.1,91,0,0,manual,85,92,300,
2026-09-25 16:16:11,0h 57m,P2-decay,179.4,100,28.1,91,0,0,manual,85,92,300,
2026-09-25 16:16:12,0h 57m,P2-decay,179.4,100,28.1,91,0,0,manual,85,92,300,
2026-09-25 16:16:13,0h 57m,P2-decay,179.4,100,28.1,91,0,0,manual,85,92,300,
2026-09-25 16:16:15,0h 57m,P2-decay,179.4,100,28.1,91,0,0,manual,85,92,300,
2026-09-25 16:16:16,0h 57m,P2-decay,179.4,100,28.1,91,0,0,manual,85,92,300,
2026-09-25 16:16:17,0h 57m,P2-decay,179.4,100,28.1,91,0,0,manual,85,92,300,
2026-09-25 16:16:18,0h 57m,P2-decay,179.4,100,28.1,91,0,0,manual,85,92,300,
2026-09-25 16:16:19,0h 57m,P2-decay,179.4,100,28.1,91,0,0,manual,85,92,300,
2026-09-25 16:16:20,0h 57m,P2-decay,179.4,100,28.1,91,0,0,manual,85,92,300,
2026-09-25 16:16:21,0h 57m,P2-decay,179.4,100,28.1,91,0,0,manual,85,92,300,
2026-09-25 16:16:22,0h 57m,P2-decay,179.4,100,28.1,91,0,0,manual,85,92,300,
2026-09-25 16:16:23,0h 57m,P2-decay,179.4,100,28.1,91,0,0,manual,85,92,300,
2026-09-25 16:16:24,0h 57m,P2-decay,179.4,100,28.1,91,0,0,manual,85,92,300,
2026-09-25 16:16:25,0h 57m,P2-decay,179.4,100,28.1,91,0,0,manual,85,92,300,
2026-09-25 16:16:26,0h 57m,P2-decay,179.4,100,28.0,91,0,0,manual,85,92,300,
2026-09-25 16:16:27,0h 57m,P2-decay,179.4,100,28.0,91,0,0,manual,85,92,300,
2026-09-25 16:16:28,0h 57m,P2-decay,179.4,100,28.0,91,0,0,manual,85,92,300,
2026-09-25 16:16:29,0h 57m,P2-decay,179.4,100,28.0,91,0,0,manual,85,92,300,
2026-09-25 16:16:30,0h 58m,P2-decay,179.4,100,27.9,91,0,0,manual,85,92,300,
2026-09-25 16:16:31,0h 58m,P2-decay,179.4,100,27.9,91,0,0,manual,85,92,300,
2026-09-25 16:16:32,0h 58m,P2-decay,179.4,100,27.8,90,0,0,manual,85,92,300,
2026-09-25 16:16:33,0h 58m,P2-decay,179.4,100,27.8,90,0,0,manual,85,92,300,
2026-09-25 16:16:35,0h 58m,P2-decay,179.4,100,27.8,90,0,0,manual,85,92,300,
2026-09-25 16:16:36,0h 58m,P2-decay,179.4,100,27.8,90,0,0,manual,85,92,300,
2026-09-25 16:16:37,0h 58m,P2-decay,179.4,100,27.8,90,0,0,manual,85,92,300,
2026-09-25 16:16:38,0h 58m,P2-decay,179.4,100,27.8,90,0,0,manual,85,92,300,
2026-09-25 16:16:39,0h 58m,P2-decay,179.4,100,27.8,90,0,0,manual,85,92,300,
2026-09-25 16:16:40,0h 58m,P2-decay,179.4,100,27.8,90,0,0,manual,85,92,300,
2026-09-25 16:16:41,0h 58m,P2-decay,179.4,100,27.7,90,0,0,manual,85,92,300,
2026-09-25 16:16:42,0h 58m,P2-decay,179.4,100,27.7,90,0,0,manual,85,92,300,
2026-09-25 16:16:43,0h 58m,P2-decay,179.4,100,27.7,90,0,0,manual,85,92,300,
2026-09-25 16:16:44,0h 58m,P2-decay,179.4,100,27.7,90,0,0,manual,85,92,300,
2026-09-25 16:16:45,0h 58m,P2-decay,179.4,100,27.7,90,0,0,manual,85,92,300,
2026-09-25 16:16:46,0h 58m,P2-decay,179.4,100,27.7,90,0,0,manual,85,92,300,
2026-09-25 16:16:47,0h 58m,P2-decay,179.4,100,27.7,90,0,0,manual,85,92,300,
2026-09-25 16:16:48,0h 58m,P2-decay,179.4,100,27.7,90,0,0,manual,85,92,300,
2026-09-25 16:16:49,0h 58m,P2-decay,179.4,100,27.7,90,0,0,manual,85,92,300,
2026-09-25 16:16:50,0h 58m,P2-decay,179.4,100,27.7,90,0,0,manual,85,92,300,
2026-09-25 16:16:51,0h 58m,P2-decay,179.4,100,27.7,90,0,0,manual,85,92,300,
2026-09-25 16:16:52,0h 58m,P2-decay,179.4,100,27.7,90,0,0,manual,85,92,300,
2026-09-25 16:16:53,0h 58m,P2-decay,179.4,100,27.7,90,0,0,manual,85,92,300,
2026-09-25 16:16:54,0h 58m,P2-decay,179.4,100,27.7,91,0,0,manual,85,92,300,
2026-09-25 16:16:56,0h 58m,P2-decay,179.4,100,27.7,91,0,0,manual,85,92,300,
2026-09-25 16:16:57,0h 58m,P2-decay,179.4,100,27.7,91,0,0,manual,85,92,300,
2026-09-25 16:16:58,0h 58m,P2-decay,179.4,100,27.7,91,0,0,manual,85,92,300,
2026-09-25 16:16:59,0h 58m,P2-decay,179.4,100,27.7,91,0,0,manual,85,92,300,
2026-09-25 16:17:00,0h 58m,P2-decay,179.4,100,27.7,91,0,0,manual,85,92,300,
2026-09-25 16:17:01,0h 58m,P2-decay,179.4,100,27.7,91,0,0,manual,85,92,300,
2026-09-25 16:17:02,0h 58m,P2-decay,179.4,100,27.7,91,0,0,manual,85,92,300,
2026-09-25 16:17:03,0h 58m,P2-decay,179.4,100,27.7,91,0,0,manual,85,92,300,
2026-09-25 16:17:04,0h 58m,P2-decay,179.4,100,27.7,91,0,0,manual,85,92,300,
2026-09-25 16:17:05,0h 58m,P2-decay,179.4,100,27.7,91,0,0,manual,85,92,300,
2026-09-25 16:17:06,0h 58m,P2-decay,179.4,100,27.7,91,0,0,manual,85,92,300,
2026-09-25 16:17:07,0h 58m,P2-decay,179.4,100,27.7,91,0,0,manual,85,92,300,
2026-09-25 16:17:08,0h 58m,P2-decay,179.4,100,27.7,91,0,0,manual,85,92,300,
2026-09-25 16:17:09,0h 58m,P2-decay,179.4,100,27.7,91,0,0,manual,85,92,300,
2026-09-25 16:17:10,0h 58m,P2-decay,179.4,100,27.7,91,0,0,manual,85,92,300,
2026-09-25 16:17:11,0h 58m,P2-decay,179.4,100,27.7,91,0,0,manual,85,92,300,
2026-09-25 16:17:12,0h 58m,P2-decay,179.4,100,27.7,91,0,0,manual,85,92,300,
2026-09-25 16:17:13,0h 58m,P2-decay,179.4,100,27.7,91,0,0,manual,85,92,300,
2026-09-25 16:17:14,0h 58m,P2-decay,179.4,100,27.7,91,0,0,manual,85,92,300,
2026-09-25 16:17:15,0h 58m,P2-decay,179.4,100,27.7,91,0,0,manual,85,92,300,
2026-09-25 16:17:17,0h 58m,P2-decay,179.4,100,27.7,91,0,0,manual,85,92,300,
2026-09-25 16:17:18,0h 58m,P2-decay,179.4,100,27.7,91,0,0,manual,85,92,300,
2026-09-25 16:17:19,0h 58m,P2-decay,179.4,100,27.7,91,0,0,manual,85,92,300,
2026-09-25 16:17:20,0h 58m,P2-decay,179.4,100,27.7,91,0,0,manual,85,92,300,
2026-09-25 16:17:21,0h 58m,P2-decay,179.4,100,27.7,91,0,0,manual,85,92,300,
2026-09-25 16:17:22,0h 58m,P2-decay,179.4,100,27.7,91,0,0,manual,85,92,300,
2026-09-25 16:17:23,0h 58m,P2-decay,179.4,100,27.7,91,0,0,manual,85,92,300,
2026-09-25 16:17:24,0h 58m,P2-decay,179.4,100,27.7,91,0,0,manual,85,92,300,
2026-09-25 16:17:25,0h 58m,P2-decay,179.4,100,27.7,91,0,0,manual,85,92,300,
2026-09-25 16:17:26,0h 58m,P2-decay,179.4,100,27.7,91,0,0,manual,85,92,300,
2026-09-25 16:17:27,0h 58m,P2-decay,179.4,100,27.8,90,0,0,manual,85,92,300,
2026-09-25 16:17:28,0h 58m,P2-decay,179.4,100,27.8,90,0,0,manual,85,92,300,
2026-09-25 16:17:29,0h 58m,P2-decay,179.4,100,27.8,91,0,0,manual,85,92,300,
2026-09-25 16:17:30,0h 59m,P2-decay,179.4,100,27.8,91,0,0,manual,85,92,300,
2026-09-25 16:17:31,0h 59m,P2-decay,179.4,100,27.8,91,0,0,manual,85,92,300,
2026-09-25 16:17:32,0h 59m,P2-decay,179.4,100,27.8,90,0,0,manual,85,92,300,
2026-09-25 16:17:33,0h 59m,P2-decay,179.4,100,27.8,90,0,0,manual,85,92,300,
2026-09-25 16:17:34,0h 59m,P2-decay,179.4,100,27.8,90,0,0,manual,85,92,300,
2026-09-25 16:17:35,0h 59m,P2-decay,179.4,100,27.8,90,0,0,manual,85,92,300,
2026-09-25 16:17:36,0h 59m,P2-decay,179.4,100,27.8,90,0,0,manual,85,92,300,
2026-09-25 16:17:38,0h 59m,P2-decay,179.4,100,27.8,90,0,0,manual,85,92,300,
2026-09-25 16:17:39,0h 59m,P2-decay,179.4,100,27.8,90,0,0,manual,85,92,300,
2026-09-25 16:17:40,0h 59m,P2-decay,179.4,100,27.8,90,0,0,manual,85,92,300,
2026-09-25 16:17:41,0h 59m,P2-decay,179.4,100,27.8,90,0,0,manual,85,92,300,
2026-09-25 16:17:42,0h 59m,P2-decay,179.4,100,27.8,90,0,0,manual,85,92,300,
2026-09-25 16:17:43,0h 59m,P2-decay,179.4,100,27.9,90,0,0,manual,85,92,300,
2026-09-25 16:17:44,0h 59m,P2-decay,179.4,100,27.9,90,0,0,manual,85,92,300,
2026-09-25 16:17:45,0h 59m,P2-decay,179.4,100,27.9,90,0,0,manual,85,92,300,
2026-09-25 16:17:46,0h 59m,P2-decay,179.4,100,27.9,90,0,0,manual,85,92,300,
2026-09-25 16:17:47,0h 59m,P2-decay,179.4,100,27.9,90,0,0,manual,85,92,300,
2026-09-25 16:17:48,0h 59m,P2-decay,179.4,100,27.9,90,0,0,manual,85,92,300,
2026-09-25 16:17:49,0h 59m,P2-decay,179.4,100,27.9,90,0,0,manual,85,92,300,
2026-09-25 16:17:50,0h 59m,P2-decay,179.4,100,27.9,90,0,0,manual,85,92,300,
2026-09-25 16:17:51,0h 59m,P2-decay,179.4,100,27.9,90,0,0,manual,85,92,300,
2026-09-25 16:17:52,0h 59m,P2-decay,179.4,100,27.9,90,0,0,manual,85,92,300,
2026-09-25 16:17:53,0h 59m,P2-decay,179.4,100,27.9,90,0,0,manual,85,92,300,
2026-09-25 16:17:54,0h 59m,P2-decay,179.4,100,27.9,90,0,0,manual,85,92,300,
2026-09-25 16:17:55,0h 59m,P2-decay,179.4,100,27.9,90,0,0,manual,85,92,300,
2026-09-25 16:17:56,0h 59m,P2-decay,179.4,100,27.9,90,0,0,manual,85,92,300,
2026-09-25 16:17:58,0h 59m,P2-decay,179.4,100,27.9,90,0,0,manual,85,92,300,
2026-09-25 16:17:59,0h 59m,P2-decay,179.4,100,27.9,90,0,0,manual,85,92,300,
2026-09-25 16:18:00,0h 59m,P2-decay,179.4,100,27.9,90,0,0,manual,85,92,300,
2026-09-25 16:18:01,0h 59m,P2-decay,179.4,100,28.0,90,0,0,manual,85,92,300,
2026-09-25 16:18:02,0h 59m,P2-decay,179.4,100,28.0,90,0,0,manual,85,92,300,
2026-09-25 16:18:03,0h 59m,P2-decay,179.4,100,28.0,90,0,0,manual,85,92,300,
2026-09-25 16:18:04,0h 59m,P2-decay,179.4,100,28.0,90,0,0,manual,85,92,300,
2026-09-25 16:18:05,0h 59m,P2-decay,179.4,100,28.0,90,0,0,manual,85,92,300,
2026-09-25 16:18:06,0h 59m,P2-decay,179.4,100,28.0,90,0,0,manual,85,92,300,
2026-09-25 16:18:07,0h 59m,P2-decay,179.4,100,28.0,90,0,0,manual,85,92,300,
2026-09-25 16:18:08,0h 59m,P2-decay,179.4,100,28.0,90,0,0,manual,85,92,300,
2026-09-25 16:18:09,0h 59m,P2-decay,179.4,100,27.9,90,0,0,manual,85,92,300,
2026-09-25 16:18:10,0h 59m,P2-decay,179.4,100,27.9,90,0,0,manual,85,92,300,
2026-09-25 16:18:11,0h 59m,P2-decay,179.4,100,27.9,90,0,0,manual,85,92,300,
2026-09-25 16:18:12,0h 59m,P2-decay,179.4,100,27.9,90,0,0,manual,85,92,300,
2026-09-25 16:18:13,0h 59m,P2-decay,179.4,100,27.9,90,0,0,manual,85,92,300,
2026-09-25 16:18:14,0h 59m,P2-decay,179.4,100,27.9,90,0,0,manual,85,92,300,
2026-09-25 16:18:15,0h 59m,P2-decay,179.4,100,27.9,90,0,0,manual,85,92,300,
2026-09-25 16:18:16,0h 59m,P2-decay,179.4,100,27.9,90,0,0,manual,85,92,300,
2026-09-25 16:18:17,0h 59m,P2-decay,179.4,100,27.9,90,0,0,manual,85,92,300,
2026-09-25 16:18:19,0h 59m,P2-decay,179.4,100,27.9,90,0,0,manual,85,92,300,
2026-09-25 16:18:20,0h 59m,P2-decay,179.4,100,27.9,90,0,0,manual,85,92,300,
2026-09-25 16:18:21,0h 59m,P2-decay,179.4,100,27.9,90,0,0,manual,85,92,300,
2026-09-25 16:18:22,0h 59m,P2-decay,179.4,100,27.9,90,0,0,manual,85,92,300,
2026-09-25 16:18:23,0h 59m,P2-decay,179.4,100,27.9,90,0,0,manual,85,92,300,
2026-09-25 16:18:24,0h 59m,P2-decay,179.4,100,27.9,90,0,0,manual,85,92,300,
2026-09-25 16:18:25,0h 59m,P2-decay,179.4,100,27.9,90,0,0,manual,85,92,300,
2026-09-25 16:18:26,0h 59m,P2-decay,179.4,100,27.9,90,0,0,manual,85,92,300,
2026-09-25 16:18:27,0h 59m,P2-decay,179.4,100,27.9,90,0,0,manual,85,92,300,
2026-09-25 16:18:28,0h 59m,P2-decay,179.4,100,27.9,90,0,0,manual,85,92,300,
2026-09-25 16:18:29,0h 59m,P2-decay,179.4,100,27.9,90,0,0,manual,85,92,300,
2026-09-25 16:18:30,1h 0m,P2-decay,179.4,100,27.9,90,0,0,manual,85,92,300,
2026-09-25 16:18:31,1h 0m,P2-decay,179.4,100,27.9,90,0,0,manual,85,92,300,
2026-09-25 16:18:32,1h 0m,P2-decay,179.4,100,27.9,90,0,0,manual,85,92,300,
2026-09-25 16:18:33,1h 0m,P2-decay,179.4,100,27.9,90,0,0,manual,85,92,300,
2026-09-25 16:18:34,1h 0m,P2-decay,179.4,100,27.9,90,0,0,manual,85,92,300,
2026-09-25 16:18:35,1h 0m,P2-decay,179.4,100,27.9,90,0,0,manual,85,92,300,
2026-09-25 16:18:36,1h 0m,P2-decay,179.4,100,27.9,90,0,0,manual,85,92,300,
2026-09-25 16:18:37,1h 0m,P2-decay,179.4,100,27.9,90,0,0,manual,85,92,300,
2026-09-25 16:18:38,1h 0m,P2-decay,179.4,100,27.9,90,0,0,manual,85,92,300,
2026-09-25 16:18:40,1h 0m,P2-decay,179.4,100,27.9,90,0,0,manual,85,92,300,
2026-09-25 16:18:41,1h 0m,P2-decay,179.4,100,27.9,90,0,0,manual,85,92,300,
2026-09-25 16:18:42,1h 0m,P2-decay,179.4,100,27.9,90,0,0,manual,85,92,300,
2026-09-25 16:18:43,1h 0m,P2-decay,179.4,100,27.9,90,0,0,manual,85,92,300,
2026-09-25 16:18:44,1h 0m,P2-decay,179.4,100,27.9,90,0,0,manual,85,92,300,
2026-09-25 16:18:45,1h 0m,P2-decay,179.4,100,27.9,90,0,0,manual,85,92,300,
2026-09-25 16:18:46,1h 0m,P2-decay,179.4,100,27.9,90,0,0,manual,85,92,300,
2026-09-25 16:18:47,1h 0m,P2-decay,179.4,100,28.0,90,0,0,manual,85,92,300,
2026-09-25 16:18:48,1h 0m,P2-decay,179.4,100,28.0,90,0,0,manual,85,92,300,
2026-09-25 16:18:49,1h 0m,P2-decay,179.4,100,28.0,90,0,0,manual,85,92,300,
2026-09-25 16:18:50,1h 0m,P2-decay,179.4,100,28.0,90,0,0,manual,85,92,300,
2026-09-25 16:18:51,1h 0m,P2-decay,179.4,100,27.9,90,0,0,manual,85,92,300,
2026-09-25 16:18:52,1h 0m,P2-decay,179.4,100,27.9,90,0,0,manual,85,92,300,
2026-09-25 16:18:53,1h 0m,P2-decay,179.4,100,27.9,90,0,0,manual,85,92,300,
2026-09-25 16:18:54,1h 0m,P2-decay,179.4,100,27.9,90,0,0,manual,85,92,300,
2026-09-25 16:18:55,1h 0m,P2-decay,179.4,100,27.9,90,0,0,manual,85,92,300,
2026-09-25 16:18:56,1h 0m,P2-decay,179.4,100,27.9,90,0,0,manual,85,92,300,
2026-09-25 16:18:57,1h 0m,P2-decay,179.4,100,27.9,90,0,0,manual,85,92,300,
2026-09-25 16:18:58,1h 0m,P2-decay,179.4,100,27.9,90,0,0,manual,85,92,300,
2026-09-25 16:18:59,1h 0m,P2-decay,179.4,100,27.9,90,0,0,manual,85,92,300,
2026-09-25 16:19:01,1h 0m,P2-decay,179.4,100,27.9,90,0,0,manual,85,92,300,
2026-09-25 16:19:02,1h 0m,P2-decay,179.4,100,27.9,90,0,0,manual,85,92,300,
2026-09-25 16:19:03,1h 0m,P2-decay,179.4,100,28.0,90,0,0,manual,85,92,300,
2026-09-25 16:19:04,1h 0m,P2-decay,179.4,100,28.0,90,0,0,manual,85,92,300,
2026-09-25 16:19:05,1h 0m,P2-decay,179.4,100,28.0,90,0,0,manual,85,92,300,
2026-09-25 16:19:06,1h 0m,P2-decay,179.4,100,28.0,90,0,0,manual,85,92,300,
2026-09-25 16:19:07,1h 0m,P2-decay,179.4,100,28.0,90,0,0,manual,85,92,300,
2026-09-25 16:19:08,1h 0m,P2-decay,179.4,100,28.0,90,0,0,manual,85,92,300,
2026-09-25 16:19:09,1h 0m,P2-decay,179.4,100,28.0,90,0,0,manual,85,92,300,
2026-09-25 16:19:10,1h 0m,P2-decay,179.4,100,28.0,90,0,0,manual,85,92,300,
2026-09-25 16:19:11,1h 0m,P2-decay,179.4,100,28.0,90,0,0,manual,85,92,300,
2026-09-25 16:19:12,1h 0m,P2-decay,179.4,100,28.0,90,0,0,manual,85,92,300,
2026-09-25 16:19:13,1h 0m,P2-decay,179.4,100,28.0,90,0,0,manual,85,92,300,
2026-09-25 16:19:14,1h 0m,P2-decay,179.4,100,28.0,90,0,0,manual,85,92,300,
2026-09-25 16:19:15,1h 0m,P2-decay,179.4,100,28.0,90,0,0,manual,85,92,300,
2026-09-25 16:19:16,1h 0m,P2-decay,179.4,100,27.9,90,0,0,manual,85,92,300,
2026-09-25 16:19:17,1h 0m,P2-decay,179.4,100,27.9,90,0,0,manual,85,92,300,
2026-09-25 16:19:18,1h 0m,P2-decay,179.4,100,27.9,90,0,0,manual,85,92,300,
2026-09-25 16:19:19,1h 0m,P2-decay,179.4,100,27.9,90,0,0,manual,85,92,300,
2026-09-25 16:19:21,1h 0m,P2-decay,179.4,100,27.9,90,0,0,manual,85,92,300,
2026-09-25 16:19:22,1h 0m,P2-decay,179.4,100,27.9,90,0,0,manual,85,92,300,
2026-09-25 16:19:23,1h 0m,P2-decay,179.4,100,27.9,90,0,0,manual,85,92,300,
2026-09-25 16:19:24,1h 0m,P2-decay,179.4,100,27.9,90,0,0,manual,85,92,300,
2026-09-25 16:19:25,1h 0m,P2-decay,179.4,100,27.9,90,0,0,manual,85,92,300,
2026-09-25 16:19:26,1h 0m,P2-decay,179.4,100,27.9,90,0,0,manual,85,92,300,
2026-09-25 16:19:27,1h 0m,P2-decay,179.4,100,27.9,90,0,0,manual,85,92,300,
2026-09-25 16:19:28,1h 0m,P2-decay,179.4,100,27.9,90,0,0,manual,85,92,300,
2026-09-25 16:19:29,1h 0m,P2-decay,179.4,100,27.9,90,0,0,manual,85,92,300,
2026-09-25 16:19:30,1h 1m,P2-decay,179.4,100,27.9,90,0,0,manual,85,92,300,
2026-09-25 16:19:31,1h 1m,P2-decay,179.4,100,28.0,90,0,0,manual,85,92,300,
2026-09-25 16:19:32,1h 1m,P2-decay,179.4,100,28.0,90,0,0,manual,85,92,300,
2026-09-25 16:19:33,1h 1m,P2-decay,179.4,100,28.0,90,0,0,manual,85,92,300,
2026-09-25 16:19:34,1h 1m,P2-decay,179.4,100,28.0,90,0,0,manual,85,92,300,
2026-09-25 16:19:35,1h 1m,P2-decay,179.4,100,28.0,90,0,0,manual,85,92,300,
2026-09-25 16:19:36,1h 1m,P2-decay,179.4,100,28.0,90,0,0,manual,85,92,300,
2026-09-25 16:19:37,1h 1m,P2-decay,179.4,100,28.0,90,0,0,manual,85,92,300,
2026-09-25 16:19:38,1h 1m,P2-decay,179.4,100,28.0,90,0,0,manual,85,92,300,
2026-09-25 16:19:39,1h 1m,P2-decay,179.4,100,28.0,90,0,0,manual,85,92,300,
2026-09-25 16:19:40,1h 1m,P2-decay,179.4,100,28.0,90,0,0,manual,85,92,300,
2026-09-25 16:19:42,1h 1m,P2-decay,179.4,100,28.0,90,0,0,manual,85,92,300,
2026-09-25 16:19:43,1h 1m,P2-decay,179.4,100,28.0,90,0,0,manual,85,92,300,
2026-09-25 16:19:44,1h 1m,P2-decay,179.4,100,28.0,90,0,0,manual,85,92,300,
2026-09-25 16:19:45,1h 1m,P2-decay,179.4,100,28.0,90,0,0,manual,85,92,300,
2026-09-25 16:19:46,1h 1m,P2-decay,179.4,100,28.0,90,0,0,manual,85,92,300,
2026-09-25 16:19:47,1h 1m,P2-decay,179.4,100,28.0,90,0,0,manual,85,92,300,
2026-09-25 16:19:48,1h 1m,P2-decay,179.4,100,28.0,90,0,0,manual,85,92,300,
2026-09-25 16:19:49,1h 1m,P2-decay,179.4,100,28.0,90,0,0,manual,85,92,300,
2026-09-25 16:19:50,1h 1m,P2-decay,179.4,100,28.0,90,0,0,manual,85,92,300,
2026-09-25 16:19:51,1h 1m,P2-decay,179.4,100,28.0,90,0,0,manual,85,92,300,
2026-09-25 16:19:52,1h 1m,P2-decay,179.4,100,28.0,90,0,0,manual,85,92,300,
2026-09-25 16:19:53,1h 1m,P2-decay,179.4,100,28.1,90,0,0,manual,85,92,300,
2026-09-25 16:19:54,1h 1m,P2-decay,179.4,100,28.1,90,0,0,manual,85,92,300,
2026-09-25 16:19:55,1h 1m,P2-decay,179.4,100,28.1,90,0,0,manual,85,92,300,
2026-09-25 16:19:56,1h 1m,P2-decay,179.4,100,28.1,90,0,0,manual,85,92,300,
2026-09-25 16:19:57,1h 1m,P2-decay,179.4,100,28.1,90,0,0,manual,85,92,300,
2026-09-25 16:19:58,1h 1m,P2-decay,179.4,100,28.1,90,0,0,manual,85,92,300,
2026-09-25 16:19:59,1h 1m,P2-decay,179.4,100,28.1,90,0,0,manual,85,92,300,
2026-09-25 16:20:00,1h 1m,P2-decay,179.4,100,28.1,90,0,0,manual,85,92,300,
2026-09-25 16:20:01,1h 1m,P2-decay,179.4,100,28.1,90,0,0,manual,85,92,300,
2026-09-25 16:20:03,1h 1m,P2-decay,179.4,100,28.1,90,0,0,manual,85,92,300,
2026-09-25 16:20:04,1h 1m,P2-decay,179.4,100,28.1,90,0,0,manual,85,92,300,
2026-09-25 16:20:05,1h 1m,P2-decay,179.4,100,28.1,90,0,0,manual,85,92,300,
2026-09-25 16:20:06,1h 1m,P2-decay,179.4,100,28.1,90,0,0,manual,85,92,300,
2026-09-25 16:20:07,1h 1m,P2-decay,179.4,100,28.1,90,0,0,manual,85,92,300,
2026-09-25 16:20:08,1h 1m,P2-decay,179.4,100,28.1,90,0,0,manual,85,92,300,
2026-09-25 16:20:09,1h 1m,P2-decay,179.4,100,28.1,90,0,0,manual,85,92,300,
2026-09-25 16:20:10,1h 1m,P2-decay,179.4,100,28.1,90,0,0,manual,85,92,300,
2026-09-25 16:20:11,1h 1m,P2-decay,179.4,100,28.1,90,0,0,manual,85,92,300,
2026-09-25 16:20:12,1h 1m,P2-decay,179.4,100,28.1,90,0,0,manual,85,92,300,
2026-09-25 16:20:13,1h 1m,P2-decay,179.4,100,28.1,90,0,0,manual,85,92,300,
2026-09-25 16:20:14,1h 1m,P2-decay,179.4,100,28.1,90,0,0,manual,85,92,300,
2026-09-25 16:20:15,1h 1m,P2-decay,179.4,100,28.1,90,0,0,manual,85,92,300,
2026-09-25 16:20:16,1h 1m,P2-decay,179.4,100,28.2,90,0,0,manual,85,92,300,
2026-09-25 16:20:17,1h 1m,P2-decay,179.4,100,28.2,90,0,0,manual,85,92,300,
2026-09-25 16:20:18,1h 1m,P2-decay,179.4,100,28.2,90,0,0,manual,85,92,300,
2026-09-25 16:20:19,1h 1m,P2-decay,179.4,100,28.2,90,0,0,manual,85,92,300,
2026-09-25 16:20:20,1h 1m,P2-decay,179.4,100,28.2,90,0,0,manual,85,92,300,
2026-09-25 16:20:21,1h 1m,P2-decay,179.4,100,28.2,90,0,0,manual,85,92,300,
2026-09-25 16:20:22,1h 1m,P2-decay,179.4,100,28.2,90,0,0,manual,85,92,300,
2026-09-25 16:20:24,1h 1m,P2-decay,179.4,100,28.2,90,0,0,manual,85,92,300,
2026-09-25 16:20:25,1h 1m,P2-decay,179.4,100,28.2,90,0,0,manual,85,92,300,
2026-09-25 16:20:26,1h 1m,P2-decay,179.4,100,28.2,90,0,0,manual,85,92,300,
2026-09-25 16:20:27,1h 1m,P2-decay,179.4,100,28.2,90,0,0,manual,85,92,300,
2026-09-25 16:20:28,1h 1m,P2-decay,179.4,100,28.2,90,0,0,manual,85,92,300,
2026-09-25 16:20:29,1h 1m,P2-decay,179.4,100,28.3,90,0,0,manual,85,92,300,
2026-09-25 16:20:30,1h 2m,P2-decay,179.4,100,28.3,90,0,0,manual,85,92,300,
2026-09-25 16:20:31,1h 2m,P2-decay,179.4,100,28.3,90,0,0,manual,85,92,300,
2026-09-25 16:20:32,1h 2m,P2-decay,179.4,100,28.3,90,0,0,manual,85,92,300,
2026-09-25 16:20:33,1h 2m,P2-decay,179.4,100,28.3,90,0,0,manual,85,92,300,
2026-09-25 16:20:34,1h 2m,P2-decay,179.4,100,28.3,90,0,0,manual,85,92,300,
2026-09-25 16:20:35,1h 2m,P2-decay,179.4,100,28.3,90,0,0,manual,85,92,300,
2026-09-25 16:20:36,1h 2m,P2-decay,179.4,100,28.3,90,0,0,manual,85,92,300,
2026-09-25 16:20:37,1h 2m,P2-decay,179.4,100,28.3,90,0,0,manual,85,92,300,
2026-09-25 16:20:38,1h 2m,P2-decay,179.4,100,28.3,90,0,0,manual,85,92,300,
2026-09-25 16:20:39,1h 2m,P2-decay,179.4,100,28.3,90,0,0,manual,85,92,300,
2026-09-25 16:20:40,1h 2m,P2-decay,179.4,100,28.3,90,0,0,manual,85,92,300,
2026-09-25 16:20:41,1h 2m,P2-decay,179.4,100,28.3,90,0,0,manual,85,92,300,
2026-09-25 16:20:42,1h 2m,P2-decay,179.4,100,28.3,90,0,0,manual,85,92,300,
2026-09-25 16:20:43,1h 2m,P2-decay,179.4,100,28.3,90,0,0,manual,85,92,300,
2026-09-25 16:20:45,1h 2m,P2-decay,179.4,100,28.3,90,0,0,manual,85,92,300,
2026-09-25 16:20:46,1h 2m,P2-decay,179.4,100,28.3,90,0,0,manual,85,92,300,
2026-09-25 16:20:47,1h 2m,P2-decay,179.4,100,28.3,90,0,0,manual,85,92,300,
2026-09-25 16:20:48,1h 2m,P2-decay,179.4,100,28.3,90,0,0,manual,85,92,300,
2026-09-25 16:20:49,1h 2m,P2-decay,179.4,100,28.3,90,0,0,manual,85,92,300,
2026-09-25 16:20:50,1h 2m,P2-decay,179.4,100,28.3,90,0,0,manual,85,92,300,
2026-09-25 16:20:51,1h 2m,P2-decay,179.4,100,28.3,90,0,0,manual,85,92,300,
2026-09-25 16:20:52,1h 2m,P2-decay,179.4,100,28.3,90,0,0,manual,85,92,300,
2026-09-25 16:20:53,1h 2m,P2-decay,179.4,100,28.3,90,0,0,manual,85,92,300,
2026-09-25 16:20:54,1h 2m,P2-decay,179.4,100,28.3,90,0,0,manual,85,92,300,
2026-09-25 16:20:55,1h 2m,P2-decay,179.4,100,28.3,90,0,0,manual,85,92,300,
2026-09-25 16:20:56,1h 2m,P2-decay,179.4,100,28.3,90,0,0,manual,85,92,300,
2026-09-25 16:20:57,1h 2m,P2-decay,179.4,100,28.3,90,0,0,manual,85,92,300,
2026-09-25 16:20:58,1h 2m,P2-decay,179.4,100,28.3,90,0,0,manual,85,92,300,
2026-09-25 16:20:59,1h 2m,P2-decay,179.4,100,28.3,90,0,0,manual,85,92,300,
2026-09-25 16:21:00,1h 2m,P2-decay,179.4,100,28.3,90,0,0,manual,85,92,300,
2026-09-25 16:21:01,1h 2m,P2-decay,179.4,100,28.3,90,0,0,manual,85,92,300,
2026-09-25 16:21:02,1h 2m,P2-decay,179.4,100,28.3,90,0,0,manual,85,92,300,
2026-09-25 16:21:03,1h 2m,P2-decay,179.4,100,28.3,90,0,0,manual,85,92,300,
2026-09-25 16:21:05,1h 2m,P2-decay,179.4,100,28.3,90,0,0,manual,85,92,300,
2026-09-25 16:21:06,1h 2m,P2-decay,179.4,100,28.3,90,0,0,manual,85,92,300,
2026-09-25 16:21:07,1h 2m,P2-decay,179.4,100,28.3,89,0,0,manual,85,92,300,
2026-09-25 16:21:08,1h 2m,P2-decay,179.4,100,28.3,89,0,0,manual,85,92,300,
2026-09-25 16:21:09,1h 2m,P2-decay,179.4,100,28.3,89,0,0,manual,85,92,300,
2026-09-25 16:21:10,1h 2m,P2-decay,179.4,100,28.3,89,0,0,manual,85,92,300,
2026-09-25 16:21:11,1h 2m,P2-decay,179.4,100,28.3,89,0,0,manual,85,92,300,
2026-09-25 16:21:12,1h 2m,P2-decay,179.4,100,28.3,89,0,0,manual,85,92,300,
2026-09-25 16:21:13,1h 2m,P2-decay,179.4,100,28.3,89,0,0,manual,85,92,300,
2026-09-25 16:21:14,1h 2m,P2-decay,179.4,100,28.3,89,0,0,manual,85,92,300,
2026-09-25 16:21:15,1h 2m,P2-decay,179.4,100,28.3,89,0,0,manual,85,92,300,
2026-09-25 16:21:16,1h 2m,P2-decay,179.4,100,28.3,89,0,0,manual,85,92,300,
2026-09-25 16:21:17,1h 2m,P2-decay,179.4,100,28.3,89,0,0,manual,85,92,300,
2026-09-25 16:21:18,1h 2m,P2-decay,179.4,100,28.3,89,0,0,manual,85,92,300,
2026-09-25 16:21:19,1h 2m,P2-decay,179.4,100,28.3,89,0,0,manual,85,92,300,
2026-09-25 16:21:20,1h 2m,P2-decay,179.4,100,28.3,89,0,0,manual,85,92,300,
2026-09-25 16:21:21,1h 2m,P2-decay,179.4,100,28.3,89,0,0,manual,85,92,300,
2026-09-25 16:21:22,1h 2m,P2-decay,179.4,100,28.3,89,0,0,manual,85,92,300,
2026-09-25 16:21:23,1h 2m,P2-decay,179.4,100,28.3,89,0,0,manual,85,92,300,
2026-09-25 16:21:24,1h 2m,P2-decay,179.4,100,28.2,89,0,0,manual,85,92,300,
2026-09-25 16:21:26,1h 2m,P2-decay,179.4,100,28.2,89,0,0,manual,85,92,300,
2026-09-25 16:21:27,1h 2m,P2-decay,179.4,100,28.2,89,0,0,manual,85,92,300,
2026-09-25 16:21:28,1h 2m,P2-decay,179.4,100,28.2,89,0,0,manual,85,92,300,
2026-09-25 16:21:29,1h 2m,P2-decay,179.4,100,28.2,89,0,0,manual,85,92,300,
2026-09-25 16:21:30,1h 3m,P2-decay,179.4,100,28.2,89,0,0,manual,85,92,300,
2026-09-25 16:21:31,1h 3m,P2-decay,179.4,100,28.2,89,0,0,manual,85,92,300,
2026-09-25 16:21:32,1h 3m,P2-decay,179.4,100,28.2,89,0,0,manual,85,92,300,
2026-09-25 16:21:33,1h 3m,P2-decay,179.4,100,28.2,89,0,0,manual,85,92,300,
2026-09-25 16:21:34,1h 3m,P2-decay,179.4,100,28.2,89,0,0,manual,85,92,300,
2026-09-25 16:21:35,1h 3m,P2-decay,179.4,100,28.3,89,0,0,manual,85,92,300,
2026-09-25 16:21:36,1h 3m,P2-decay,179.4,100,28.3,89,0,0,manual,85,92,300,
2026-09-25 16:21:37,1h 3m,P2-decay,179.4,100,28.3,89,0,0,manual,85,92,300,
2026-09-25 16:21:38,1h 3m,P2-decay,179.4,100,28.3,89,0,0,manual,85,92,300,
2026-09-25 16:21:39,1h 3m,P2-decay,179.4,100,28.2,89,0,0,manual,85,92,300,
2026-09-25 16:21:40,1h 3m,P2-decay,179.4,100,28.2,89,0,0,manual,85,92,300,
2026-09-25 16:21:41,1h 3m,P2-decay,179.4,100,28.2,89,0,0,manual,85,92,300,
2026-09-25 16:21:42,1h 3m,P2-decay,179.4,100,28.2,89,0,0,manual,85,92,300,
2026-09-25 16:21:43,1h 3m,P2-decay,179.4,100,28.2,89,0,0,manual,85,92,300,
2026-09-25 16:21:44,1h 3m,P2-decay,179.4,100,28.2,89,0,0,manual,85,92,300,
2026-09-25 16:21:45,1h 3m,P2-decay,179.4,100,28.2,89,0,0,manual,85,92,300,
2026-09-25 16:21:47,1h 3m,P2-decay,179.4,100,28.2,89,0,0,manual,85,92,300,
2026-09-25 16:21:48,1h 3m,P2-decay,179.4,100,28.2,89,0,0,manual,85,92,300,
2026-09-25 16:21:49,1h 3m,P2-decay,179.4,100,28.2,89,0,0,manual,85,92,300,
2026-09-25 16:21:50,1h 3m,P2-decay,179.4,100,28.2,89,0,0,manual,85,92,300,
2026-09-25 16:21:51,1h 3m,P2-decay,179.4,100,28.2,89,0,0,manual,85,92,300,
2026-09-25 16:21:52,1h 3m,P2-decay,179.4,100,28.2,89,0,0,manual,85,92,300,
2026-09-25 16:21:53,1h 3m,P2-decay,179.4,100,28.2,88,0,0,manual,85,92,300,
2026-09-25 16:21:54,1h 3m,P2-decay,179.4,100,28.2,88,0,0,manual,85,92,300,
2026-09-25 16:21:55,1h 3m,P2-decay,179.4,100,28.2,88,0,0,manual,85,92,300,
2026-09-25 16:21:56,1h 3m,P2-decay,179.4,100,28.2,88,0,0,manual,85,92,300,
2026-09-25 16:21:57,1h 3m,P2-decay,179.4,100,28.2,88,0,0,manual,85,92,300,
2026-09-25 16:21:58,1h 3m,P2-decay,179.4,100,28.2,88,0,0,manual,85,92,300,
2026-09-25 16:21:59,1h 3m,P2-decay,179.4,100,28.2,88,0,0,manual,85,92,300,
2026-09-25 16:22:00,1h 3m,P2-decay,179.4,100,28.2,88,0,0,manual,85,92,300,
2026-09-25 16:22:01,1h 3m,P2-decay,179.4,100,28.2,88,0,0,manual,85,92,300,
2026-09-25 16:22:02,1h 3m,P2-decay,179.4,100,28.2,88,0,0,manual,85,92,300,
2026-09-25 16:22:03,1h 3m,P2-decay,179.4,100,28.2,88,0,0,manual,85,92,300,
2026-09-25 16:22:04,1h 3m,P2-decay,179.4,100,28.2,88,0,0,manual,85,92,300,
2026-09-25 16:22:05,1h 3m,P2-decay,179.4,100,28.2,88,0,0,manual,85,92,300,
2026-09-25 16:22:06,1h 3m,P2-decay,179.4,100,28.2,88,0,0,manual,85,92,300,
2026-09-25 16:22:08,1h 3m,P2-decay,179.4,100,28.2,88,0,0,manual,85,92,300,
2026-09-25 16:22:09,1h 3m,P2-decay,179.4,100,28.2,88,0,0,manual,85,92,300,
2026-09-25 16:22:10,1h 3m,P2-decay,179.4,100,28.2,88,0,0,manual,85,92,300,
2026-09-25 16:22:11,1h 3m,P2-decay,179.4,100,28.2,88,0,0,manual,85,92,300,
2026-09-25 16:22:12,1h 3m,P2-decay,179.4,100,28.2,88,0,0,manual,85,92,300,
2026-09-25 16:22:13,1h 3m,P2-decay,179.4,100,28.3,88,0,0,manual,85,92,300,
2026-09-25 16:22:14,1h 3m,P2-decay,179.4,100,28.3,88,0,0,manual,85,92,300,
2026-09-25 16:22:15,1h 3m,P2-decay,179.4,100,28.3,88,0,0,manual,85,92,300,
2026-09-25 16:22:16,1h 3m,P2-decay,179.4,100,28.3,88,0,0,manual,85,92,300,
2026-09-25 16:22:17,1h 3m,P2-decay,179.4,100,28.3,88,0,0,manual,85,92,300,
2026-09-25 16:22:18,1h 3m,P2-decay,179.4,100,28.3,88,0,0,manual,85,92,300,
2026-09-25 16:22:19,1h 3m,P2-decay,179.4,100,28.3,88,0,0,manual,85,92,300,
2026-09-25 16:22:20,1h 3m,P2-decay,179.4,100,28.3,88,0,0,manual,85,92,300,
2026-09-25 16:22:21,1h 3m,P2-decay,179.4,100,28.3,88,0,0,manual,85,92,300,
2026-09-25 16:22:22,1h 3m,P2-decay,179.4,100,28.3,88,0,0,manual,85,92,300,
2026-09-25 16:22:23,1h 3m,P2-decay,179.4,100,28.3,88,0,0,manual,85,92,300,
2026-09-25 16:22:24,1h 3m,P2-decay,179.4,100,28.3,88,0,0,manual,85,92,300,
2026-09-25 16:22:25,1h 3m,P2-decay,179.4,100,28.3,88,0,0,manual,85,92,300,
2026-09-25 16:22:26,1h 3m,P2-decay,179.4,100,28.4,88,0,0,manual,85,92,300,
2026-09-25 16:22:27,1h 3m,P2-decay,179.4,100,28.4,88,0,0,manual,85,92,300,
2026-09-25 16:22:29,1h 3m,P2-decay,179.4,100,28.4,88,0,0,manual,85,92,300,
2026-09-25 16:22:30,1h 4m,P2-decay,179.4,100,28.4,88,0,0,manual,85,92,300,
2026-09-25 16:22:31,1h 4m,P2-decay,179.4,100,28.4,88,0,0,manual,85,92,300,
2026-09-25 16:22:32,1h 4m,P2-decay,179.4,100,28.4,88,0,0,manual,85,92,300,
2026-09-25 16:22:33,1h 4m,P2-decay,179.4,100,28.4,88,0,0,manual,85,92,300,
2026-09-25 16:22:34,1h 4m,P2-decay,179.4,100,28.4,88,0,0,manual,85,92,300,
2026-09-25 16:22:35,1h 4m,P2-decay,179.4,100,28.4,88,0,0,manual,85,92,300,
2026-09-25 16:22:36,1h 4m,P2-decay,179.4,100,28.4,88,0,0,manual,85,92,300,
2026-09-25 16:22:37,1h 4m,P2-decay,179.4,100,28.4,88,0,0,manual,85,92,300,
2026-09-25 16:22:38,1h 4m,P2-decay,179.4,100,28.4,88,0,0,manual,85,92,300,
2026-09-25 16:22:39,1h 4m,P2-decay,179.4,100,28.4,88,0,0,manual,85,92,300,
2026-09-25 16:22:40,1h 4m,P2-decay,179.4,100,28.4,88,0,0,manual,85,92,300,
2026-09-25 16:22:41,1h 4m,P2-decay,179.4,100,28.5,88,0,0,manual,85,92,300,
2026-09-25 16:22:42,1h 4m,P2-decay,179.4,100,28.5,88,0,0,manual,85,92,300,
2026-09-25 16:22:43,1h 4m,P2-decay,179.4,100,28.5,88,0,0,manual,85,92,300,
2026-09-25 16:22:44,1h 4m,P2-decay,179.4,100,28.5,88,0,0,manual,85,92,300,
2026-09-25 16:22:45,1h 4m,P2-decay,179.4,100,28.5,88,0,0,manual,85,92,300,
2026-09-25 16:22:46,1h 4m,P2-decay,179.4,100,28.5,88,0,0,manual,85,92,300,
2026-09-25 16:22:47,1h 4m,P2-decay,179.4,100,28.5,88,0,0,manual,85,92,300,
2026-09-25 16:22:48,1h 4m,P2-decay,179.4,100,28.5,87,0,0,manual,85,92,300,
2026-09-25 16:22:50,1h 4m,P2-decay,179.4,100,28.5,87,0,0,manual,85,92,300,
2026-09-25 16:22:51,1h 4m,P2-decay,179.4,100,28.5,87,0,0,manual,85,92,300,
2026-09-25 16:22:52,1h 4m,P2-decay,179.4,100,28.5,87,0,0,manual,85,92,300,
2026-09-25 16:22:53,1h 4m,P2-decay,179.4,100,28.5,87,0,0,manual,85,92,300,
2026-09-25 16:22:54,1h 4m,P2-decay,179.4,100,28.5,87,0,0,manual,85,92,300,
2026-09-25 16:22:55,1h 4m,P2-decay,179.4,100,28.5,87,0,0,manual,85,92,300,
2026-09-25 16:22:56,1h 4m,P2-decay,179.4,100,28.5,87,0,0,manual,85,92,300,
2026-09-25 16:22:57,1h 4m,P2-decay,179.4,100,28.5,87,0,0,manual,85,92,300,
2026-09-25 16:22:58,1h 4m,P2-decay,179.4,100,28.5,87,0,0,manual,85,92,300,
2026-09-25 16:22:59,1h 4m,P2-decay,179.4,100,28.5,87,0,0,manual,85,92,300,
2026-09-25 16:23:00,1h 4m,P2-decay,179.4,100,28.5,87,0,0,manual,85,92,300,
2026-09-25 16:23:01,1h 4m,P2-decay,179.4,100,28.5,87,0,0,manual,85,92,300,
2026-09-25 16:23:02,1h 4m,P2-decay,179.4,100,28.5,87,0,0,manual,85,92,300,
2026-09-25 16:23:03,1h 4m,P2-decay,179.4,100,28.5,87,0,0,manual,85,92,300,
2026-09-25 16:23:04,1h 4m,P2-decay,179.4,100,28.5,87,0,0,manual,85,92,300,
2026-09-25 16:23:05,1h 4m,P2-decay,179.4,100,28.5,87,0,0,manual,85,92,300,
2026-09-25 16:23:06,1h 4m,P2-decay,179.4,100,28.6,87,0,0,manual,85,92,300,
2026-09-25 16:23:07,1h 4m,P2-decay,179.4,100,28.6,87,0,0,manual,85,92,300,
2026-09-25 16:23:08,1h 4m,P2-decay,179.4,100,28.6,87,0,0,manual,85,92,300,
2026-09-25 16:23:10,1h 4m,P2-decay,179.4,100,28.6,87,0,0,manual,85,92,300,
2026-09-25 16:23:11,1h 4m,P2-decay,179.4,100,28.5,87,0,0,manual,85,92,300,
2026-09-25 16:23:12,1h 4m,P2-decay,179.4,100,28.5,87,0,0,manual,85,92,300,
2026-09-25 16:23:13,1h 4m,P2-decay,179.4,100,28.5,87,0,0,manual,85,92,300,
2026-09-25 16:23:14,1h 4m,P2-decay,179.4,100,28.5,87,0,0,manual,85,92,300,
2026-09-25 16:23:15,1h 4m,P2-decay,179.4,100,28.5,87,0,0,manual,85,92,300,
2026-09-25 16:23:16,1h 4m,P2-decay,179.4,100,28.5,87,0,0,manual,85,92,300,
2026-09-25 16:23:17,1h 4m,P2-decay,179.4,100,28.5,87,0,0,manual,85,92,300,
2026-09-25 16:23:18,1h 4m,P2-decay,179.4,100,28.5,87,0,0,manual,85,92,300,
2026-09-25 16:23:19,1h 4m,P2-decay,179.4,100,28.5,87,0,0,manual,85,92,300,
2026-09-25 16:23:20,1h 4m,P2-decay,179.4,100,28.5,87,0,0,manual,85,92,300,
2026-09-25 16:23:21,1h 4m,P2-decay,179.4,100,28.5,87,0,0,manual,85,92,300,
2026-09-25 16:23:22,1h 4m,P2-decay,179.4,100,28.5,87,0,0,manual,85,92,300,
2026-09-25 16:23:23,1h 4m,P2-decay,179.4,100,28.6,87,0,0,manual,85,92,300,
2026-09-25 16:23:24,1h 4m,P2-decay,179.4,100,28.6,87,0,0,manual,85,92,300,
2026-09-25 16:23:25,1h 4m,P2-decay,179.4,100,28.6,87,0,0,manual,85,92,300,
2026-09-25 16:23:26,1h 4m,P2-decay,179.4,100,28.6,87,0,0,manual,85,92,300,
2026-09-25 16:23:27,1h 4m,P2-decay,179.4,100,28.6,87,0,0,manual,85,92,300,
2026-09-25 16:23:28,1h 4m,P2-decay,179.4,100,28.6,87,0,0,manual,85,92,300,
2026-09-25 16:23:29,1h 5m,P2-decay,179.4,100,28.6,87,0,0,manual,85,92,300,
2026-09-25 16:23:31,1h 5m,P2-decay,179.4,100,28.6,87,0,0,manual,85,92,300,
2026-09-25 16:23:32,1h 5m,P2-decay,179.4,100,28.6,87,0,0,manual,85,92,300,
2026-09-25 16:23:33,1h 5m,P2-decay,179.4,100,28.6,86,0,0,manual,85,92,300,
2026-09-25 16:23:34,1h 5m,P2-decay,179.4,100,28.6,86,0,0,manual,85,92,300,
2026-09-25 16:23:35,1h 5m,P2-decay,179.4,100,28.6,86,0,0,manual,85,92,300,
2026-09-25 16:23:36,1h 5m,P2-decay,179.4,100,28.6,86,0,0,manual,85,92,300,
2026-09-25 16:23:37,1h 5m,P2-decay,179.4,100,28.6,86,0,0,manual,85,92,300,
2026-09-25 16:23:38,1h 5m,P2-decay,179.4,100,28.6,86,0,0,manual,85,92,300,
2026-09-25 16:23:39,1h 5m,P2-decay,179.4,100,28.6,86,0,0,manual,85,92,300,
2026-09-25 16:23:40,1h 5m,P2-decay,179.4,100,28.6,86,0,0,manual,85,92,300,
2026-09-25 16:23:41,1h 5m,P2-decay,179.4,100,28.6,86,0,0,manual,85,92,300,
2026-09-25 16:23:42,1h 5m,P2-decay,179.4,100,28.6,86,0,0,manual,85,92,300,
2026-09-25 16:23:43,1h 5m,P2-decay,179.4,100,28.6,86,0,0,manual,85,92,300,
2026-09-25 16:23:44,1h 5m,P2-decay,179.4,100,28.6,86,0,0,manual,85,92,300,
2026-09-25 16:23:45,1h 5m,P2-decay,179.4,100,28.6,86,0,0,manual,85,92,300,
2026-09-25 16:23:46,1h 5m,P2-decay,179.4,100,28.6,86,0,0,manual,85,92,300,
2026-09-25 16:23:47,1h 5m,P2-decay,179.4,100,28.6,86,0,0,manual,85,92,300,
2026-09-25 16:23:48,1h 5m,P2-decay,179.4,100,28.6,86,0,0,manual,85,92,300,
2026-09-25 16:23:49,1h 5m,P2-decay,179.4,100,28.6,86,0,0,manual,85,92,300,
2026-09-25 16:23:50,1h 5m,P2-decay,179.4,100,28.6,86,0,0,manual,85,92,300,
2026-09-25 16:23:52,1h 5m,P2-decay,179.4,100,28.6,86,0,0,manual,85,92,300,
2026-09-25 16:23:53,1h 5m,P2-decay,179.4,100,28.6,86,0,0,manual,85,92,300,
2026-09-25 16:23:54,1h 5m,P2-decay,179.4,100,28.6,86,0,0,manual,85,92,300,
2026-09-25 16:23:55,1h 5m,P2-decay,179.4,100,28.6,86,0,0,manual,85,92,300,
2026-09-25 16:23:56,1h 5m,P2-decay,179.4,100,28.6,86,0,0,manual,85,92,300,
2026-09-25 16:23:57,1h 5m,P2-decay,179.4,100,28.6,86,0,0,manual,85,92,300,
2026-09-25 16:23:58,1h 5m,P2-decay,179.4,100,28.6,86,0,0,manual,85,92,300,
2026-09-25 16:23:59,1h 5m,P2-decay,179.4,100,28.6,86,0,0,manual,85,92,300,
2026-09-25 16:24:00,1h 5m,P2-decay,179.4,100,28.6,86,0,0,manual,85,92,300,
2026-09-25 16:24:01,1h 5m,P2-decay,179.4,100,28.6,86,0,0,manual,85,92,300,
2026-09-25 16:24:02,1h 5m,P2-decay,179.4,100,28.6,86,0,0,manual,85,92,300,
2026-09-25 16:24:03,1h 5m,P2-decay,179.4,100,28.6,86,0,0,manual,85,92,300,
2026-09-25 16:24:04,1h 5m,P2-decay,179.4,100,28.6,86,0,0,manual,85,92,300,
2026-09-25 16:24:05,1h 5m,P2-decay,179.4,100,28.6,86,0,0,manual,85,92,300,
2026-09-25 16:24:06,1h 5m,P2-decay,179.4,100,28.6,86,0,0,manual,85,92,300,
2026-09-25 16:24:07,1h 5m,P2-decay,179.4,100,28.6,86,0,0,manual,85,92,300,
2026-09-25 16:24:08,1h 5m,P2-decay,179.4,100,28.6,86,0,0,manual,85,92,300,
2026-09-25 16:24:09,1h 5m,P2-decay,179.4,100,28.6,86,0,0,manual,85,92,300,
2026-09-25 16:24:10,1h 5m,P2-decay,179.4,100,28.7,86,0,0,manual,85,92,300,
2026-09-25 16:24:12,1h 5m,P2-decay,179.4,100,28.7,86,0,0,manual,85,92,300,
2026-09-25 16:24:13,1h 5m,P2-decay,179.4,100,28.7,86,0,0,manual,85,92,300,
2026-09-25 16:24:14,1h 5m,P2-decay,179.4,100,28.7,86,0,0,manual,85,92,300,
2026-09-25 16:24:15,1h 5m,P2-decay,179.4,100,28.7,86,0,0,manual,85,92,300,
2026-09-25 16:24:16,1h 5m,P2-decay,179.4,100,28.7,86,0,0,manual,85,92,300,
2026-09-25 16:24:17,1h 5m,P2-decay,179.4,100,28.7,86,0,0,manual,85,92,300,
2026-09-25 16:24:18,1h 5m,P2-decay,179.4,100,28.7,86,0,0,manual,85,92,300,
2026-09-25 16:24:19,1h 5m,P2-decay,179.4,100,28.7,86,0,0,manual,85,92,300,
2026-09-25 16:24:20,1h 5m,P2-decay,179.4,100,28.7,86,0,0,manual,85,92,300,
2026-09-25 16:24:21,1h 5m,P2-decay,179.4,100,28.7,86,0,0,manual,85,92,300,
2026-09-25 16:24:22,1h 5m,P2-decay,179.4,100,28.7,86,0,0,manual,85,92,300,
2026-09-25 16:24:23,1h 5m,P2-decay,179.4,100,28.7,86,0,0,manual,85,92,300,
2026-09-25 16:24:24,1h 5m,P2-decay,179.4,100,28.7,86,0,0,manual,85,92,300,
2026-09-25 16:24:25,1h 5m,P2-decay,179.4,100,28.8,86,0,0,manual,85,92,300,
2026-09-25 16:24:26,1h 5m,P2-decay,179.4,100,28.8,86,0,0,manual,85,92,300,
2026-09-25 16:24:27,1h 5m,P2-decay,179.4,100,28.8,86,0,0,manual,85,92,300,
2026-09-25 16:24:28,1h 5m,P2-decay,179.4,100,28.8,86,0,0,manual,85,92,300,
2026-09-25 16:24:29,1h 5m,P2-decay,179.4,100,28.8,86,0,0,manual,85,92,300,
2026-09-25 16:24:30,1h 6m,P2-decay,179.4,100,28.8,86,0,0,manual,85,92,300,
2026-09-25 16:24:31,1h 6m,P2-decay,179.4,100,28.8,86,0,0,manual,85,92,300,
2026-09-25 16:24:33,1h 6m,P2-decay,179.4,100,28.8,86,0,0,manual,85,92,300,
2026-09-25 16:24:34,1h 6m,P2-decay,179.4,100,28.8,86,0,0,manual,85,92,300,
2026-09-25 16:24:35,1h 6m,P2-decay,179.4,100,28.8,86,0,0,manual,85,92,300,
2026-09-25 16:24:36,1h 6m,P2-decay,179.4,100,28.8,86,0,0,manual,85,92,300,
2026-09-25 16:24:37,1h 6m,P2-decay,179.4,100,28.8,86,0,0,manual,85,92,300,
2026-09-25 16:24:38,1h 6m,P2-decay,179.4,100,28.8,86,0,0,manual,85,92,300,
2026-09-25 16:24:39,1h 6m,P2-decay,179.4,100,28.8,86,0,0,manual,85,92,300,
2026-09-25 16:24:40,1h 6m,P2-decay,179.4,100,28.8,86,0,0,manual,85,92,300,
2026-09-25 16:24:41,1h 6m,P2-decay,179.4,100,28.8,86,0,0,manual,85,92,300,
2026-09-25 16:24:42,1h 6m,P2-decay,179.4,100,28.8,86,0,0,manual,85,92,300,
2026-09-25 16:24:43,1h 6m,P2-decay,179.4,100,28.9,86,0,0,manual,85,92,300,
2026-09-25 16:24:44,1h 6m,P2-decay,179.4,100,28.9,86,0,0,manual,85,92,300,
2026-09-25 16:24:45,1h 6m,P2-decay,179.4,100,28.9,86,0,0,manual,85,92,300,
2026-09-25 16:24:46,1h 6m,P2-decay,179.4,100,28.9,86,0,0,manual,85,92,300,
2026-09-25 16:24:47,1h 6m,P2-decay,179.4,100,28.9,86,0,0,manual,85,92,300,
2026-09-25 16:24:48,1h 6m,P2-decay,179.4,100,28.9,86,0,0,manual,85,92,300,
2026-09-25 16:24:49,1h 6m,P2-decay,179.4,100,28.9,86,0,0,manual,85,92,300,
2026-09-25 16:24:50,1h 6m,P2-decay,179.4,100,28.8,85,0,0,manual,85,92,300,
2026-09-25 16:24:51,1h 6m,P2-decay,179.4,100,28.8,85,0,0,manual,85,92,300,
2026-09-25 16:24:52,1h 6m,P2-decay,179.4,100,28.8,85,0,0,manual,85,92,300,
2026-09-25 16:24:54,1h 6m,P2-decay,179.4,100,28.8,85,0,0,manual,85,92,300,
2026-09-25 16:24:55,1h 6m,P2-decay,179.4,100,28.8,85,0,0,manual,85,92,300,
2026-09-25 16:24:56,1h 6m,P2-decay,179.4,100,28.8,85,0,0,manual,85,92,300,
2026-09-25 16:24:57,1h 6m,P2-decay,179.4,100,28.8,85,0,0,manual,85,92,300,
2026-09-25 16:24:58,1h 6m,P2-decay,179.4,100,28.8,85,0,0,manual,85,92,300,
2026-09-25 16:24:59,1h 6m,P2-decay,179.4,100,28.8,85,0,0,manual,85,92,300,
2026-09-25 16:25:00,1h 6m,P2-decay,179.4,100,28.8,85,0,0,manual,85,92,300,
2026-09-25 16:25:01,1h 6m,P2-decay,179.4,100,28.8,85,0,0,manual,85,92,300,
2026-09-25 16:25:02,1h 6m,P2-decay,179.4,100,28.8,85,0,0,manual,85,92,300,
2026-09-25 16:25:03,1h 6m,P2-decay,179.4,100,28.8,85,0,0,manual,85,92,300,
2026-09-25 16:25:04,1h 6m,P2-decay,179.4,100,28.8,85,0,0,manual,85,92,300,
2026-09-25 16:25:05,1h 6m,P2-decay,179.4,100,28.8,85,0,0,manual,85,92,300,
2026-09-25 16:25:06,1h 6m,P2-decay,179.4,100,28.8,85,0,0,manual,85,92,300,
2026-09-25 16:25:07,1h 6m,P2-decay,179.4,100,28.8,85,0,0,manual,85,92,300,
2026-09-25 16:25:08,1h 6m,P2-decay,179.4,100,28.8,85,0,0,manual,85,92,300,
2026-09-25 16:25:09,1h 6m,P2-decay,179.4,100,28.8,85,0,0,manual,85,92,300,
2026-09-25 16:25:10,1h 6m,P2-decay,179.4,100,28.8,85,0,0,manual,85,92,300,
2026-09-25 16:25:11,1h 6m,P2-decay,179.4,100,28.8,85,0,0,manual,85,92,300,
2026-09-25 16:25:12,1h 6m,P2-decay,179.4,100,28.7,84,0,0,manual,85,92,300,
2026-09-25 16:25:13,1h 6m,P2-decay,179.4,100,28.7,84,0,0,manual,85,92,300,
2026-09-25 16:25:15,1h 6m,P2-decay,179.4,100,28.7,84,0,0,manual,85,92,300,
2026-09-25 16:25:16,1h 6m,P2-decay,179.4,100,28.7,84,0,0,manual,85,92,300,
2026-09-25 16:25:17,1h 6m,P2-decay,179.4,100,28.7,84,0,0,manual,85,92,300,
2026-09-25 16:25:18,1h 6m,P2-decay,179.4,100,28.7,84,0,0,manual,85,92,300,
2026-09-25 16:25:19,1h 6m,P2-decay,179.4,100,28.7,84,0,0,manual,85,92,300,
2026-09-25 16:25:20,1h 6m,P2-decay,179.4,100,28.7,84,0,0,manual,85,92,300,
2026-09-25 16:25:21,1h 6m,P2-decay,179.4,100,28.7,84,0,0,manual,85,92,300,
2026-09-25 16:25:22,1h 6m,P2-decay,179.4,100,28.7,84,0,0,manual,85,92,300,
2026-09-25 16:25:23,1h 6m,P2-decay,179.4,100,28.7,83,0,0,manual,85,92,300,
2026-09-25 16:25:24,1h 6m,P2-decay,179.4,100,28.7,83,0,0,manual,85,92,300,
2026-09-25 16:25:25,1h 6m,P2-decay,179.4,100,28.7,83,0,0,manual,85,92,300,
2026-09-25 16:25:26,1h 6m,P2-decay,179.4,100,28.7,83,0,0,manual,85,92,300,
2026-09-25 16:25:27,1h 6m,P2-decay,179.4,100,28.7,83,0,0,manual,85,92,300,
2026-09-25 16:25:28,1h 6m,P2-decay,179.4,100,28.7,83,0,0,manual,85,92,300,
2026-09-25 16:25:29,1h 6m,P2-decay,179.4,100,28.7,83,0,0,manual,85,92,300,
2026-09-25 16:25:30,1h 7m,P2-decay,179.4,100,28.7,83,0,0,manual,85,92,300,
2026-09-25 16:25:31,1h 7m,P2-decay,179.4,100,28.7,83,0,0,manual,85,92,300,
2026-09-25 16:25:32,1h 7m,P2-decay,179.4,100,28.7,83,0,0,manual,85,92,300,
2026-09-25 16:25:33,1h 7m,P2-decay,179.4,100,28.7,83,0,0,manual,85,92,300,
2026-09-25 16:25:35,1h 7m,P2-decay,179.4,100,28.7,83,0,0,manual,85,92,300,
2026-09-25 16:25:36,1h 7m,P2-decay,179.4,100,28.7,83,0,0,manual,85,92,300,
2026-09-25 16:25:37,1h 7m,P2-decay,179.4,100,28.7,83,0,0,manual,85,92,300,
2026-09-25 16:25:38,1h 7m,P2-decay,179.4,100,28.7,83,0,0,manual,85,92,300,
2026-09-25 16:25:39,1h 7m,P2-decay,179.4,100,28.7,83,0,0,manual,85,92,300,
2026-09-25 16:25:40,1h 7m,P2-decay,179.4,100,28.7,83,0,0,manual,85,92,300,
2026-09-25 16:25:41,1h 7m,P2-decay,179.4,100,28.7,83,0,0,manual,85,92,300,
2026-09-25 16:25:42,1h 7m,P2-decay,179.4,100,28.7,83,0,0,manual,85,92,300,
2026-09-25 16:25:43,1h 7m,P2-decay,179.4,100,28.7,83,0,0,manual,85,92,300,
2026-09-25 16:25:44,1h 7m,P2-decay,179.4,100,28.7,83,0,0,manual,85,92,300,
2026-09-25 16:25:45,1h 7m,P2-decay,179.4,100,28.7,83,0,0,manual,85,92,300,
2026-09-25 16:25:46,1h 7m,P2-decay,179.4,100,28.7,83,0,0,manual,85,92,300,
2026-09-25 16:25:47,1h 7m,P2-decay,179.4,100,28.7,82,0,0,manual,85,92,300,
2026-09-25 16:25:48,1h 7m,P2-decay,179.4,100,28.7,82,0,0,manual,85,92,300,
2026-09-25 16:25:49,1h 7m,P2-decay,179.4,100,28.7,82,0,0,manual,85,92,300,
2026-09-25 16:25:50,1h 7m,P2-decay,179.4,100,28.7,82,0,0,manual,85,92,300,
2026-09-25 16:25:51,1h 7m,P2-decay,179.4,100,28.7,82,0,0,manual,85,92,300,
2026-09-25 16:25:52,1h 7m,P2-decay,179.4,100,28.7,82,0,0,manual,85,92,300,
2026-09-25 16:25:53,1h 7m,P2-decay,179.4,100,28.7,82,0,0,manual,85,92,300,
2026-09-25 16:25:54,1h 7m,P2-decay,179.4,100,28.7,82,0,0,manual,85,92,300,
2026-09-25 16:25:56,1h 7m,P2-decay,179.4,100,28.7,82,0,0,manual,85,92,300,
2026-09-25 16:25:57,1h 7m,P2-decay,179.4,100,28.8,82,0,0,manual,85,92,300,
2026-09-25 16:25:58,1h 7m,P2-decay,179.4,100,28.8,82,0,0,manual,85,92,300,
2026-09-25 16:25:59,1h 7m,P2-decay,179.4,100,28.8,82,0,0,manual,85,92,300,
2026-09-25 16:26:00,1h 7m,P2-decay,179.4,100,28.8,82,0,0,manual,85,92,300,
2026-09-25 16:26:01,1h 7m,P2-decay,179.4,100,28.8,82,0,0,manual,85,92,300,
2026-09-25 16:26:02,1h 7m,P2-decay,179.4,100,28.8,82,0,0,manual,85,92,300,
2026-09-25 16:26:03,1h 7m,P2-decay,179.4,100,28.8,82,0,0,manual,85,92,300,
2026-09-25 16:26:04,1h 7m,P2-decay,179.4,100,28.8,82,0,0,manual,85,92,300,
2026-09-25 16:26:05,1h 7m,P2-decay,179.4,100,28.8,82,0,0,manual,85,92,300,
2026-09-25 16:26:06,1h 7m,P2-decay,179.4,100,28.8,82,0,0,manual,85,92,300,
2026-09-25 16:26:07,1h 7m,P2-decay,179.4,100,28.8,82,0,0,manual,85,92,300,
2026-09-25 16:26:08,1h 7m,P2-decay,179.4,100,28.8,82,0,0,manual,85,92,300,
2026-09-25 16:26:09,1h 7m,P2-decay,179.4,100,28.8,82,0,0,manual,85,92,300,
2026-09-25 16:26:10,1h 7m,P2-decay,179.4,100,28.8,82,0,0,manual,85,92,300,
2026-09-25 16:26:11,1h 7m,P2-decay,179.4,100,28.8,82,0,0,manual,85,92,300,
2026-09-25 16:26:12,1h 7m,P2-decay,179.4,100,28.8,82,0,0,manual,85,92,300,
2026-09-25 16:26:13,1h 7m,P2-decay,179.4,100,28.8,82,0,0,manual,85,92,300,
2026-09-25 16:26:14,1h 7m,P2-decay,179.4,100,28.8,82,0,0,manual,85,92,300,
2026-09-25 16:26:15,1h 7m,P2-decay,179.4,100,28.8,82,0,0,manual,85,92,300,
2026-09-25 16:26:17,1h 7m,P2-decay,179.4,100,28.8,81,0,0,manual,85,92,300,
2026-09-25 16:26:18,1h 7m,P2-decay,179.4,100,28.8,81,0,0,manual,85,92,300,
2026-09-25 16:26:19,1h 7m,P2-decay,179.4,100,28.8,81,0,0,manual,85,92,300,
2026-09-25 16:26:20,1h 7m,P2-decay,179.4,100,28.8,81,0,0,manual,85,92,300,
2026-09-25 16:26:21,1h 7m,P2-decay,179.4,100,28.8,81,0,0,manual,85,92,300,
2026-09-25 16:26:22,1h 7m,P2-decay,179.4,100,28.8,81,0,0,manual,85,92,300,
2026-09-25 16:26:23,1h 7m,P2-decay,179.4,100,28.8,81,0,0,manual,85,92,300,
2026-09-25 16:26:24,1h 7m,P2-decay,179.4,100,28.8,81,0,0,manual,85,92,300,
2026-09-25 16:26:25,1h 7m,P2-decay,179.4,100,28.8,82,0,0,manual,85,92,300,
2026-09-25 16:26:26,1h 7m,P2-decay,179.4,100,28.8,82,0,0,manual,85,92,300,
2026-09-25 16:26:27,1h 7m,P2-decay,179.4,100,28.8,82,0,0,manual,85,92,300,
2026-09-25 16:26:28,1h 7m,P2-decay,179.4,100,28.8,82,0,0,manual,85,92,300,
2026-09-25 16:26:29,1h 7m,P2-decay,179.4,100,28.8,81,0,0,manual,85,92,300,
2026-09-25 16:26:30,1h 8m,P2-decay,179.4,100,28.8,81,0,0,manual,85,92,300,
2026-09-25 16:26:31,1h 8m,P2-decay,179.4,100,28.8,81,0,0,manual,85,92,300,
2026-09-25 16:26:32,1h 8m,P2-decay,179.4,100,28.8,81,0,0,manual,85,92,300,
2026-09-25 16:26:33,1h 8m,P2-decay,179.4,100,28.8,81,0,0,manual,85,92,300,
2026-09-25 16:26:34,1h 8m,P2-decay,179.4,100,28.8,81,0,0,manual,85,92,300,
2026-09-25 16:26:35,1h 8m,P2-decay,179.4,100,28.8,81,0,0,manual,85,92,300,
2026-09-25 16:26:36,1h 8m,P2-decay,179.4,100,28.8,81,0,0,manual,85,92,300,
2026-09-25 16:26:38,1h 8m,P2-decay,179.4,100,28.8,81,0,0,manual,85,92,300,
2026-09-25 16:26:39,1h 8m,P2-decay,179.4,100,28.8,81,0,0,manual,85,92,300,
2026-09-25 16:26:40,1h 8m,P2-decay,179.4,100,28.8,81,0,0,manual,85,92,300,
2026-09-25 16:26:41,1h 8m,P2-decay,179.4,100,28.8,81,0,0,manual,85,92,300,
2026-09-25 16:26:42,1h 8m,P2-decay,179.4,100,28.8,81,0,0,manual,85,92,300,
2026-09-25 16:26:43,1h 8m,P2-decay,179.4,100,28.8,81,0,0,manual,85,92,300,
2026-09-25 16:26:44,1h 8m,P2-decay,179.4,100,28.8,81,0,0,manual,85,92,300,
2026-09-25 16:26:45,1h 8m,P2-decay,179.4,100,28.8,81,0,0,manual,85,92,300,
2026-09-25 16:26:46,1h 8m,P2-decay,179.4,100,28.8,81,0,0,manual,85,92,300,
2026-09-25 16:26:47,1h 8m,P2-decay,179.4,100,28.8,80,0,0,manual,85,92,300,
2026-09-25 16:26:48,1h 8m,P2-decay,179.4,100,28.8,80,0,0,manual,85,92,300,
2026-09-25 16:26:49,1h 8m,P2-decay,179.4,100,28.8,80,0,0,manual,85,92,300,
2026-09-25 16:26:50,1h 8m,P2-decay,179.4,100,28.8,80,0,0,manual,85,92,300,
2026-09-25 16:26:51,1h 8m,P2-decay,179.4,100,28.8,80,0,0,manual,85,92,300,
2026-09-25 16:26:52,1h 8m,P2-decay,179.4,100,28.8,80,0,0,manual,85,92,300,
2026-09-25 16:26:53,1h 8m,P2-decay,179.4,100,28.8,80,0,0,manual,85,92,300,
2026-09-25 16:26:54,1h 8m,P2-decay,179.4,100,28.8,80,0,0,manual,85,92,300,
2026-09-25 16:26:55,1h 8m,P2-decay,179.4,100,28.9,81,0,0,manual,85,92,300,
2026-09-25 16:26:56,1h 8m,P2-decay,179.4,100,28.9,81,0,0,manual,85,92,300,
2026-09-25 16:26:58,1h 8m,P2-decay,179.4,100,28.9,81,0,0,manual,85,92,300,
2026-09-25 16:26:59,1h 8m,P2-decay,179.4,100,28.9,80,0,0,manual,85,92,300,
2026-09-25 16:27:00,1h 8m,P2-decay,179.4,100,28.9,80,0,0,manual,85,92,300,
2026-09-25 16:27:01,1h 8m,P2-decay,179.4,100,28.9,80,0,0,manual,85,92,300,
2026-09-25 16:27:02,1h 8m,P2-decay,179.4,100,28.9,80,0,0,manual,85,92,300,
2026-09-25 16:27:03,1h 8m,P2-decay,179.4,100,28.9,80,0,0,manual,85,92,300,
2026-09-25 16:27:04,1h 8m,P2-decay,179.4,100,28.9,80,0,0,manual,85,92,300,
2026-09-25 16:27:05,1h 8m,P2-decay,179.4,100,28.9,80,0,0,manual,85,92,300,
2026-09-25 16:27:06,1h 8m,P2-decay,179.4,100,28.9,80,0,0,manual,85,92,300,
2026-09-25 16:27:07,1h 8m,P2-decay,179.4,100,28.9,80,0,0,manual,85,92,300,
2026-09-25 16:27:08,1h 8m,P2-decay,179.4,100,28.9,80,0,0,manual,85,92,300,
2026-09-25 16:27:09,1h 8m,P2-decay,179.4,100,28.9,80,0,0,manual,85,92,300,
2026-09-25 16:27:10,1h 8m,P2-decay,179.4,100,28.9,80,0,0,manual,85,92,300,
2026-09-25 16:27:11,1h 8m,P2-decay,179.4,100,28.9,80,0,0,manual,85,92,300,
2026-09-25 16:27:12,1h 8m,P2-decay,179.4,100,28.9,80,0,0,manual,85,92,300,
2026-09-25 16:27:13,1h 8m,P2-decay,179.4,100,28.9,80,0,0,manual,85,92,300,
2026-09-25 16:27:14,1h 8m,P2-decay,179.4,100,28.9,80,0,0,manual,85,92,300,
2026-09-25 16:27:15,1h 8m,P2-decay,179.4,100,28.9,80,0,0,manual,85,92,300,
2026-09-25 16:27:16,1h 8m,P2-decay,179.4,100,28.9,80,0,0,manual,85,92,300,
2026-09-25 16:27:17,1h 8m,P2-decay,179.4,100,28.9,80,0,0,manual,85,92,300,
2026-09-25 16:27:19,1h 8m,P2-decay,179.4,100,28.9,80,0,0,manual,85,92,300,
2026-09-25 16:27:20,1h 8m,P2-decay,179.4,100,28.9,80,0,0,manual,85,92,300,
2026-09-25 16:27:21,1h 8m,P2-decay,179.4,100,28.9,80,0,0,manual,85,92,300,
2026-09-25 16:27:22,1h 8m,P2-decay,179.4,100,28.9,80,0,0,manual,85,92,300,
2026-09-25 16:27:23,1h 8m,P2-decay,179.4,100,29.0,80,0,0,manual,85,92,300,
2026-09-25 16:27:24,1h 8m,P2-decay,179.4,100,29.0,80,0,0,manual,85,92,300,
2026-09-25 16:27:25,1h 8m,P2-decay,179.4,100,29.0,80,0,0,manual,85,92,300,
2026-09-25 16:27:26,1h 8m,P2-decay,179.4,100,29.0,80,0,0,manual,85,92,300,
2026-09-25 16:27:27,1h 8m,P2-decay,179.4,100,29.0,80,0,0,manual,85,92,300,
2026-09-25 16:27:28,1h 8m,P2-decay,179.4,100,29.0,80,0,0,manual,85,92,300,
2026-09-25 16:27:29,1h 8m,P2-decay,179.4,100,29.0,80,0,0,manual,85,92,300,
2026-09-25 16:27:30,1h 9m,P2-decay,179.4,100,29.0,80,0,0,manual,85,92,300,
2026-09-25 16:27:31,1h 9m,P2-decay,179.4,100,29.0,80,0,0,manual,85,92,300,
2026-09-25 16:27:32,1h 9m,P2-decay,179.4,100,29.0,80,0,0,manual,85,92,300,
2026-09-25 16:27:33,1h 9m,P2-decay,179.4,100,29.0,80,0,0,manual,85,92,300,
2026-09-25 16:27:34,1h 9m,P2-decay,179.4,100,29.0,80,0,0,manual,85,92,300,
2026-09-25 16:27:35,1h 9m,P2-decay,179.4,100,29.0,80,0,0,manual,85,92,300,
2026-09-25 16:27:36,1h 9m,P2-decay,179.4,100,29.0,80,0,0,manual,85,92,300,
2026-09-25 16:27:37,1h 9m,P2-decay,179.4,100,29.0,80,0,0,manual,85,92,300,
2026-09-25 16:27:38,1h 9m,P2-decay,179.4,100,29.0,80,0,0,manual,85,92,300,
2026-09-25 16:27:40,1h 9m,P2-decay,179.4,100,29.0,80,0,0,manual,85,92,300,
2026-09-25 16:27:41,1h 9m,P2-decay,179.4,100,29.0,81,0,0,manual,85,92,300,
2026-09-25 16:27:42,1h 9m,P2-decay,179.4,100,29.0,81,0,0,manual,85,92,300,
2026-09-25 16:27:43,1h 9m,P2-decay,179.4,100,29.0,81,0,0,manual,85,92,300,
2026-09-25 16:27:44,1h 9m,P2-decay,179.4,100,29.0,81,0,0,manual,85,92,300,
2026-09-25 16:27:45,1h 9m,P2-decay,179.4,100,29.0,81,0,0,manual,85,92,300,
2026-09-25 16:27:46,1h 9m,P2-decay,179.4,100,29.0,81,0,0,manual,85,92,300,
2026-09-25 16:27:47,1h 9m,P2-decay,179.4,100,29.0,81,0,0,manual,85,92,300,
2026-09-25 16:27:48,1h 9m,P2-decay,179.4,100,29.0,81,0,0,manual,85,92,300,
2026-09-25 16:27:49,1h 9m,P2-decay,179.4,100,29.1,81,0,0,manual,85,92,300,
2026-09-25 16:27:50,1h 9m,P2-decay,179.4,100,29.1,81,0,0,manual,85,92,300,
2026-09-25 16:27:51,1h 9m,P2-decay,179.4,100,29.1,82,0,0,manual,85,92,300,
2026-09-25 16:27:52,1h 9m,P2-decay,179.4,100,29.1,82,0,0,manual,85,92,300,
2026-09-25 16:27:53,1h 9m,P2-decay,179.4,100,29.1,82,0,0,manual,85,92,300,
2026-09-25 16:27:54,1h 9m,P2-decay,179.4,100,29.1,82,0,0,manual,85,92,300,
2026-09-25 16:27:55,1h 9m,P2-decay,179.4,100,29.1,82,0,0,manual,85,92,300,
2026-09-25 16:27:56,1h 9m,P2-decay,179.4,100,29.1,82,0,0,manual,85,92,300,
2026-09-25 16:27:57,1h 9m,P2-decay,179.4,100,29.1,82,0,0,manual,85,92,300,
2026-09-25 16:27:58,1h 9m,P2-decay,179.4,100,29.1,82,0,0,manual,85,92,300,
2026-09-25 16:27:59,1h 9m,P2-decay,179.4,100,29.1,82,0,0,manual,85,92,300,
2026-09-25 16:28:01,1h 9m,P2-decay,179.4,100,29.1,82,0,0,manual,85,92,300,
2026-09-25 16:28:02,1h 9m,P2-decay,179.4,100,29.1,82,0,0,manual,85,92,300,
2026-09-25 16:28:03,1h 9m,P2-decay,179.4,100,29.1,82,0,0,manual,85,92,300,
2026-09-25 16:28:04,1h 9m,P2-decay,179.4,100,29.1,82,0,0,manual,85,92,300,
2026-09-25 16:28:05,1h 9m,P2-decay,179.4,100,29.1,82,0,0,manual,85,92,300,
2026-09-25 16:28:06,1h 9m,P2-decay,179.4,100,29.1,82,0,0,manual,85,92,300,
2026-09-25 16:28:07,1h 9m,P2-decay,179.4,100,29.1,82,0,0,manual,85,92,300,
2026-09-25 16:28:08,1h 9m,P2-decay,179.4,100,29.1,82,0,0,manual,85,92,300,
2026-09-25 16:28:09,1h 9m,P2-decay,179.4,100,29.1,82,0,0,manual,85,92,300,
2026-09-25 16:28:10,1h 9m,P2-decay,179.4,100,29.1,82,0,0,manual,85,92,300,
2026-09-25 16:28:11,1h 9m,P2-decay,179.4,100,29.1,82,0,0,manual,85,92,300,
2026-09-25 16:28:12,1h 9m,P2-decay,179.4,100,29.1,82,0,0,manual,85,92,300,
2026-09-25 16:28:13,1h 9m,P2-decay,179.4,100,29.1,82,0,0,manual,85,92,300,
2026-09-25 16:28:14,1h 9m,P2-decay,179.4,100,29.1,82,0,0,manual,85,92,300,
2026-09-25 16:28:15,1h 9m,P2-decay,179.4,100,29.1,82,0,0,manual,85,92,300,
2026-09-25 16:28:16,1h 9m,P2-decay,179.4,100,29.1,82,0,0,manual,85,92,300,
2026-09-25 16:28:17,1h 9m,P2-decay,179.4,100,29.1,82,0,0,manual,85,92,300,
2026-09-25 16:28:18,1h 9m,P2-decay,179.4,100,29.1,82,0,0,manual,85,92,300,
2026-09-25 16:28:19,1h 9m,P2-decay,179.4,100,29.1,81,0,0,manual,85,92,300,
2026-09-25 16:28:21,1h 9m,P2-decay,179.4,100,29.1,81,0,0,manual,85,92,300,
2026-09-25 16:28:22,1h 9m,P2-decay,179.4,100,29.1,81,0,0,manual,85,92,300,
2026-09-25 16:28:23,1h 9m,P2-decay,179.4,100,29.1,81,0,0,manual,85,92,300,
2026-09-25 16:28:24,1h 9m,P2-decay,179.4,100,29.1,81,0,0,manual,85,92,300,
2026-09-25 16:28:25,1h 9m,P2-decay,179.4,100,29.1,81,0,0,manual,85,92,300,
2026-09-25 16:28:26,1h 9m,P2-decay,179.4,100,29.1,81,0,0,manual,85,92,300,
2026-09-25 16:28:27,1h 9m,P2-decay,179.4,100,29.1,81,0,0,manual,85,92,300,
2026-09-25 16:28:28,1h 9m,P2-decay,179.4,100,29.1,81,0,0,manual,85,92,300,
2026-09-25 16:28:29,1h 9m,P2-decay,179.4,100,29.1,80,0,0,manual,85,92,300,
2026-09-25 16:28:30,1h 10m,P2-decay,179.4,100,29.1,80,0,0,manual,85,92,300,
2026-09-25 16:28:31,1h 10m,P2-decay,179.4,100,29.1,80,0,0,manual,85,92,300,
2026-09-25 16:28:32,1h 10m,P2-decay,179.4,100,29.1,80,0,0,manual,85,92,300,
2026-09-25 16:28:33,1h 10m,P2-decay,179.4,100,29.1,80,0,0,manual,85,92,300,
2026-09-25 16:28:34,1h 10m,P2-decay,179.4,100,29.1,80,0,0,manual,85,92,300,
2026-09-25 16:28:35,1h 10m,P2-decay,179.4,100,29.1,80,0,0,manual,85,92,300,
2026-09-25 16:28:36,1h 10m,P2-decay,179.4,100,29.1,80,0,0,manual,85,92,300,
2026-09-25 16:28:37,1h 10m,P2-decay,179.4,100,29.1,80,0,0,manual,85,92,300,
2026-09-25 16:28:38,1h 10m,P2-decay,179.4,100,29.1,80,0,0,manual,85,92,300,
2026-09-25 16:28:39,1h 10m,P2-decay,179.4,100,29.1,80,0,0,manual,85,92,300,
2026-09-25 16:28:40,1h 10m,P2-decay,179.4,100,29.1,80,0,0,manual,85,92,300,
2026-09-25 16:28:42,1h 10m,P2-decay,179.4,100,29.1,80,0,0,manual,85,92,300,
2026-09-25 16:28:43,1h 10m,P2-decay,179.4,100,29.1,79,0,0,manual,85,92,300,
2026-09-25 16:28:44,1h 10m,P2-decay,179.4,100,29.1,79,0,0,manual,85,92,300,
2026-09-25 16:28:45,1h 10m,P2-decay,179.4,100,29.1,79,0,0,manual,85,92,300,
2026-09-25 16:28:46,1h 10m,P2-decay,179.4,100,29.1,79,0,0,manual,85,92,300,
2026-09-25 16:28:47,1h 10m,P2-decay,179.4,100,29.1,79,0,0,manual,85,92,300,
2026-09-25 16:28:48,1h 10m,P2-decay,179.4,100,29.1,79,0,0,manual,85,92,300,
2026-09-25 16:28:49,1h 10m,P2-decay,179.4,100,29.1,79,0,0,manual,85,92,300,
2026-09-25 16:28:50,1h 10m,P2-decay,179.4,100,29.1,79,0,0,manual,85,92,300,
2026-09-25 16:28:51,1h 10m,P2-decay,179.4,100,29.1,79,0,0,manual,85,92,300,
2026-09-25 16:28:52,1h 10m,P2-decay,179.4,100,29.1,79,0,0,manual,85,92,300,
2026-09-25 16:28:53,1h 10m,P2-decay,179.4,100,29.1,79,0,0,manual,85,92,300,
2026-09-25 16:28:54,1h 10m,P2-decay,179.4,100,29.1,79,0,0,manual,85,92,300,
2026-09-25 16:28:55,1h 10m,P2-decay,179.4,100,29.1,79,0,0,manual,85,92,300,
2026-09-25 16:28:56,1h 10m,P2-decay,179.4,100,29.1,79,0,0,manual,85,92,300,
2026-09-25 16:28:57,1h 10m,P2-decay,179.4,100,29.1,79,0,0,manual,85,92,300,
2026-09-25 16:28:58,1h 10m,P2-decay,179.4,100,29.1,79,0,0,manual,85,92,300,
2026-09-25 16:28:59,1h 10m,P2-decay,179.4,100,29.1,79,0,0,manual,85,92,300,
2026-09-25 16:29:00,1h 10m,P2-decay,179.4,100,29.1,79,0,0,manual,85,92,300,
2026-09-25 16:29:01,1h 10m,P2-decay,179.4,100,29.1,79,0,0,manual,85,92,300,
2026-09-25 16:29:03,1h 10m,P2-decay,179.4,100,29.2,79,0,0,manual,85,92,300,
2026-09-25 16:29:04,1h 10m,P2-decay,179.4,100,29.2,79,0,0,manual,85,92,300,
2026-09-25 16:29:05,1h 10m,P2-decay,179.4,100,29.2,79,0,0,manual,85,92,300,
2026-09-25 16:29:06,1h 10m,P2-decay,179.4,100,29.2,79,0,0,manual,85,92,300,
2026-09-25 16:29:07,1h 10m,P2-decay,179.4,100,29.2,79,0,0,manual,85,92,300,
2026-09-25 16:29:08,1h 10m,P2-decay,179.4,100,29.2,79,0,0,manual,85,92,300,
2026-09-25 16:29:09,1h 10m,P2-decay,179.4,100,29.2,79,0,0,manual,85,92,300,
2026-09-25 16:29:10,1h 10m,P2-decay,179.4,100,29.2,79,0,0,manual,85,92,300,
2026-09-25 16:29:11,1h 10m,P2-decay,179.4,100,29.2,79,0,0,manual,85,92,300,
2026-09-25 16:29:12,1h 10m,P2-decay,179.4,100,29.2,79,0,0,manual,85,92,300,
2026-09-25 16:29:13,1h 10m,P2-decay,179.4,100,29.2,78,0,0,manual,85,92,300,
2026-09-25 16:29:14,1h 10m,P2-decay,179.4,100,29.2,78,0,0,manual,85,92,300,
2026-09-25 16:29:15,1h 10m,P2-decay,179.4,100,29.2,78,0,0,manual,85,92,300,
2026-09-25 16:29:16,1h 10m,P2-decay,179.4,100,29.2,78,0,0,manual,85,92,300,
2026-09-25 16:29:17,1h 10m,P2-decay,179.4,100,29.2,78,0,0,manual,85,92,300,
2026-09-25 16:29:18,1h 10m,P2-decay,179.4,100,29.2,78,0,0,manual,85,92,300,
2026-09-25 16:29:19,1h 10m,P2-decay,179.4,100,29.2,79,0,0,manual,85,92,300,
2026-09-25 16:29:20,1h 10m,P2-decay,179.4,100,29.2,79,0,0,manual,85,92,300,
2026-09-25 16:29:21,1h 10m,P2-decay,179.4,100,29.2,79,0,0,manual,85,92,300,
2026-09-25 16:29:22,1h 10m,P2-decay,179.4,100,29.2,79,0,0,manual,85,92,300,
2026-09-25 16:29:24,1h 10m,P2-decay,179.4,100,29.2,79,0,0,manual,85,92,300,
