pc_time,phase,ms,t_in,rh_in,p_in,t_out,rh_out,p_out,mistA,mistB,mode,in_ok,out_ok,tank_ok,event
2026-09-27 20:33:12,idle,,,,,,,,,,,,,,"S,mode=OFF,lo=75.0,hi=90.0,max=300,cool=180,man=400,use=A,period=1,in=ok,out=ok,tank=ok,mistA=0,mistB=0"
2026-09-27 20:33:13,idle,2304000,30.54,77.80,1005.34,31.68,68.57,1005.07,0,0,OFF,1,1,1,
2026-09-27 20:33:14,idle,2305000,30.56,76.14,1005.36,31.70,68.41,1005.04,0,0,OFF,1,1,1,
2026-09-27 20:33:15,idle,2306000,30.55,76.22,1005.41,31.69,68.41,1005.10,0,0,OFF,1,1,1,
2026-09-27 20:33:15,baseline-rules,,,,,,,,,,,,,,"S,mode=OFF,lo=75.0,hi=90.0,max=300,cool=180,man=400,use=A,period=1,in=ok,out=ok,tank=ok,mistA=0,mistB=0"
2026-09-27 20:33:15,baseline-rules,,,,,,,,,,,,,,mode RULES
2026-09-27 20:33:16,baseline-rules,2307000,30.57,76.68,1005.29,31.69,68.61,1005.11,0,0,RULES,1,1,1,
2026-09-27 20:33:17,baseline-rules,2308000,30.55,76.87,1005.26,31.68,68.97,1005.07,0,0,RULES,1,1,1,
2026-09-27 20:33:18,baseline-rules,2309000,30.55,77.35,1005.27,31.69,68.46,1005.08,0,0,RULES,1,1,1,
2026-09-27 20:33:19,baseline-rules,2310000,30.57,77.49,1005.30,31.69,68.51,1005.14,0,0,RULES,1,1,1,
2026-09-27 20:33:20,baseline-rules,2311000,30.56,75.89,1005.28,31.69,68.48,1005.08,0,0,RULES,1,1,1,
2026-09-27 20:33:21,baseline-rules,2312000,30.57,75.92,1005.30,31.68,68.60,1005.12,0,0,RULES,1,1,1,
2026-09-27 20:33:22,baseline-rules,2313000,30.57,76.74,1005.39,31.68,68.57,1005.01,0,0,RULES,1,1,1,
2026-09-27 20:33:23,baseline-rules,2314000,30.57,76.12,1005.36,31.68,68.44,1005.07,0,0,RULES,1,1,1,
2026-09-27 20:33:24,baseline-rules,2315000,30.57,76.55,1005.41,31.68,68.61,1005.10,0,0,RULES,1,1,1,
2026-09-27 20:33:25,baseline-rules,2316000,30.58,76.54,1005.26,31.69,68.58,1005.13,0,0,RULES,1,1,1,
2026-09-27 20:33:26,baseline-rules,2317000,30.58,75.99,1005.29,31.68,68.68,1005.06,0,0,RULES,1,1,1,
2026-09-27 20:33:27,baseline-rules,2318000,30.59,76.08,1005.41,31.67,68.56,1005.11,0,0,RULES,1,1,1,
2026-09-27 20:33:28,baseline-rules,2319000,30.61,77.85,1005.35,31.68,68.72,1005.12,0,0,RULES,1,1,1,
2026-09-27 20:33:29,baseline-rules,2320000,30.60,78.30,1005.29,31.68,68.55,1005.00,0,0,RULES,1,1,1,
2026-09-27 20:33:30,baseline-rules,2321000,30.60,76.99,1005.36,31.68,68.98,1005.09,0,0,RULES,1,1,1,
2026-09-27 20:33:31,baseline-rules,2322000,30.60,76.14,1005.31,31.68,68.97,1005.06,0,0,RULES,1,1,1,
2026-09-27 20:33:32,baseline-rules,2323000,30.61,76.44,1005.32,31.69,68.58,1005.08,0,0,RULES,1,1,1,
2026-09-27 20:33:33,baseline-rules,2324000,30.61,75.90,1005.33,31.68,68.53,1005.14,0,0,RULES,1,1,1,
2026-09-27 20:33:34,baseline-rules,2325000,30.61,75.84,1005.30,31.68,68.48,1005.07,0,0,RULES,1,1,1,
2026-09-27 20:33:35,baseline-rules,2326000,30.62,75.33,1005.34,31.67,68.69,1005.08,0,0,RULES,1,1,1,
2026-09-27 20:33:36,baseline-rules,2327000,30.63,75.79,1005.30,31.68,68.92,1005.03,0,0,RULES,1,1,1,
2026-09-27 20:33:37,baseline-rules,2328000,30.63,76.88,1005.38,31.67,68.72,1005.08,0,0,RULES,1,1,1,
2026-09-27 20:33:38,baseline-rules,2329000,30.63,77.30,1005.31,31.68,68.58,1005.11,0,0,RULES,1,1,1,
2026-09-27 20:33:39,baseline-rules,2330000,30.63,75.95,1005.38,31.67,68.87,1005.11,0,0,RULES,1,1,1,
2026-09-27 20:33:40,baseline-rules,2331000,30.63,76.37,1005.28,31.68,68.69,1005.17,0,0,RULES,1,1,1,
2026-09-27 20:33:41,baseline-rules,2332000,30.65,77.37,1005.30,31.67,68.61,1005.10,0,0,RULES,1,1,1,
2026-09-27 20:33:42,baseline-rules,2333000,30.64,77.01,1005.31,31.67,68.67,1005.10,0,0,RULES,1,1,1,
2026-09-27 20:33:43,baseline-rules,2334000,30.65,75.74,1005.33,31.67,68.72,1005.07,0,0,RULES,1,1,1,
2026-09-27 20:33:44,baseline-rules,2335000,30.65,75.62,1005.34,31.68,68.85,1005.11,0,0,RULES,1,1,1,
2026-09-27 20:33:45,baseline-rules,2336000,30.66,75.51,1005.32,31.66,68.52,1005.12,0,0,RULES,1,1,1,
2026-09-27 20:33:46,baseline-rules,2337000,30.66,75.32,1005.29,31.66,68.84,1005.17,0,0,RULES,1,1,1,
2026-09-27 20:33:47,baseline-rules,2338000,30.66,75.12,1005.32,31.66,68.43,1005.12,0,0,RULES,1,1,1,
2026-09-27 20:33:48,baseline-rules,2339000,30.66,75.63,1005.33,31.66,68.81,1005.12,0,0,RULES,1,1,1,
2026-09-27 20:33:49,baseline-rules,2340000,30.68,75.53,1005.32,31.66,68.58,1005.06,0,0,RULES,1,1,1,
2026-09-27 20:33:50,baseline-rules,2341000,30.67,75.37,1005.33,31.66,68.45,1005.08,0,0,RULES,1,1,1,
2026-09-27 20:33:51,baseline-rules,2342000,30.69,75.85,1005.37,31.66,68.67,1005.04,0,0,RULES,1,1,1,
2026-09-27 20:33:52,baseline-rules,2343000,30.69,76.81,1005.31,31.66,68.59,1005.12,0,0,RULES,1,1,1,
2026-09-27 20:33:53,baseline-rules,2344000,30.69,76.63,1005.28,31.66,68.48,1005.12,0,0,RULES,1,1,1,
2026-09-27 20:33:54,baseline-rules,2345000,30.70,76.38,1005.35,31.67,68.53,1005.18,0,0,RULES,1,1,1,
2026-09-27 20:33:55,baseline-rules,2346000,30.69,75.57,1005.32,31.65,68.47,1005.13,0,0,RULES,1,1,1,
2026-09-27 20:33:56,baseline-rules,2347000,30.69,75.18,1005.35,31.67,68.52,1005.04,0,0,RULES,1,1,1,
2026-09-27 20:33:57,baseline-rules,2348000,30.70,75.16,1005.30,31.67,68.63,1005.11,0,0,RULES,1,1,1,
2026-09-27 20:33:58,baseline-rules,2349000,30.71,75.51,1005.38,31.66,68.52,1005.09,0,0,RULES,1,1,1,
2026-09-27 20:33:59,baseline-rules,2350000,30.71,75.49,1005.31,31.67,68.48,1005.13,0,0,RULES,1,1,1,
2026-09-27 20:34:00,baseline-rules,2351000,30.71,74.89,1005.34,31.66,68.87,1005.12,0,0,RULES,1,1,1,
2026-09-27 20:34:01,baseline-rules,2352000,30.71,74.93,1005.34,31.67,68.58,1005.08,0,0,RULES,1,1,1,
2026-09-27 20:34:02,baseline-rules,2353000,30.72,74.73,1005.34,31.67,68.68,1005.07,0,0,RULES,1,1,1,
2026-09-27 20:34:03,baseline-rules,2354000,30.72,74.76,1005.31,31.66,68.61,1005.12,0,0,RULES,1,1,1,
2026-09-27 20:34:04,baseline-rules,2355000,30.72,74.11,1005.33,31.66,68.52,1005.17,0,0,RULES,1,1,1,
2026-09-27 20:34:05,baseline-rules,2356000,30.72,73.95,1005.34,31.67,68.48,1005.10,0,0,RULES,1,1,1,
2026-09-27 20:34:06,baseline-rules,2357000,30.73,74.27,1005.32,31.66,68.69,1005.14,0,0,RULES,1,1,1,
2026-09-27 20:34:07,baseline-rules,2358000,30.72,74.38,1005.33,31.66,68.62,1005.06,0,0,RULES,1,1,1,
2026-09-27 20:34:08,baseline-rules,2359000,30.73,74.33,1005.35,31.66,68.99,1005.12,0,0,RULES,1,1,1,
2026-09-27 20:34:09,baseline-rules,2360000,30.72,74.34,1005.31,31.67,68.85,1005.10,0,0,RULES,1,1,1,
2026-09-27 20:34:10,baseline-rules,2361000,30.73,74.09,1005.32,31.66,68.55,1005.15,0,0,RULES,1,1,1,
2026-09-27 20:34:11,baseline-rules,2362000,30.73,73.73,1005.32,31.66,68.62,1005.09,0,0,RULES,1,1,1,
2026-09-27 20:34:12,baseline-rules,2363000,30.74,74.58,1005.34,31.66,68.75,1005.08,0,0,RULES,1,1,1,
2026-09-27 20:34:13,baseline-rules,2364000,30.74,76.16,1005.31,31.66,68.51,1005.06,0,0,RULES,1,1,1,
2026-09-27 20:34:14,baseline-rules,2365000,30.74,75.67,1005.31,31.66,68.47,1005.09,0,0,RULES,1,1,1,
2026-09-27 20:34:15,baseline-rules,2366000,30.74,75.07,1005.34,31.66,68.61,1005.09,0,0,RULES,1,1,1,
2026-09-27 20:34:16,baseline-rules,2367000,30.75,75.16,1005.27,31.65,68.56,1005.13,0,0,RULES,1,1,1,
2026-09-27 20:34:17,baseline-rules,2368000,30.75,75.45,1005.32,31.67,68.56,1005.13,0,0,RULES,1,1,1,
2026-09-27 20:34:18,baseline-rules,2369000,30.76,75.18,1005.37,31.66,68.48,1005.09,0,0,RULES,1,1,1,
2026-09-27 20:34:19,baseline-rules,2370000,30.76,74.75,1005.32,31.66,68.54,1005.15,0,0,RULES,1,1,1,
2026-09-27 20:34:20,baseline-rules,2371000,30.76,74.74,1005.35,31.67,68.48,1005.04,0,0,RULES,1,1,1,
2026-09-27 20:34:21,baseline-rules,2372000,30.77,74.68,1005.34,31.65,68.45,1005.13,0,0,RULES,1,1,1,
2026-09-27 20:34:22,baseline-rules,2373000,30.77,74.29,1005.34,31.65,68.45,1005.13,0,0,RULES,1,1,1,
2026-09-27 20:34:23,baseline-rules,2374000,30.77,73.87,1005.34,31.66,68.60,1005.15,0,0,RULES,1,1,1,
2026-09-27 20:34:24,baseline-rules,2375000,30.78,74.22,1005.29,31.65,68.50,1005.10,0,0,RULES,1,1,1,
2026-09-27 20:34:25,baseline-rules,2376000,30.79,75.09,1005.36,31.66,68.44,1005.11,0,0,RULES,1,1,1,
2026-09-27 20:34:26,baseline-rules,2377000,30.80,75.86,1005.35,31.66,68.71,1005.12,0,0,RULES,1,1,1,
2026-09-27 20:34:27,baseline-rules,2378000,30.79,74.73,1005.34,31.66,68.49,1005.08,0,0,RULES,1,1,1,
2026-09-27 20:34:28,baseline-rules,2379000,30.78,74.29,1005.35,31.66,68.58,1005.09,0,0,RULES,1,1,1,
2026-09-27 20:34:29,baseline-rules,2380000,30.80,74.46,1005.32,31.67,68.69,1005.15,0,0,RULES,1,1,1,
2026-09-27 20:34:30,baseline-rules,2381000,30.81,76.23,1005.39,31.66,68.51,1005.09,0,0,RULES,1,1,1,
2026-09-27 20:34:31,baseline-rules,2382000,30.82,76.05,1005.35,31.66,68.61,1005.06,0,0,RULES,1,1,1,
2026-09-27 20:34:32,baseline-rules,2383000,30.82,76.70,1005.39,31.66,68.37,1005.09,0,0,RULES,1,1,1,
2026-09-27 20:34:33,baseline-rules,2384000,30.81,76.95,1005.31,31.65,68.56,1005.13,0,0,RULES,1,1,1,
2026-09-27 20:34:34,baseline-rules,2385000,30.81,75.83,1005.34,31.65,68.53,1005.05,0,0,RULES,1,1,1,
2026-09-27 20:34:35,baseline-rules,2386000,30.82,74.54,1005.27,31.66,68.72,1005.08,0,0,RULES,1,1,1,
2026-09-27 20:34:36,baseline-rules,2387000,30.83,76.05,1005.35,31.65,68.75,1005.08,0,0,RULES,1,1,1,
2026-09-27 20:34:37,baseline-rules,2388000,30.82,74.81,1005.38,31.66,68.48,1005.15,0,0,RULES,1,1,1,
2026-09-27 20:34:38,baseline-rules,2389000,30.82,75.78,1005.33,31.65,68.72,1005.13,0,0,RULES,1,1,1,
2026-09-27 20:34:39,baseline-rules,2390000,30.83,74.49,1005.40,31.65,68.70,1005.08,0,0,RULES,1,1,1,
2026-09-27 20:34:40,baseline-rules,2391000,30.83,74.19,1005.37,31.65,68.44,1005.13,0,0,RULES,1,1,1,
2026-09-27 20:34:41,baseline-rules,2392000,30.83,73.94,1005.40,31.65,68.83,1005.13,0,0,RULES,1,1,1,
2026-09-27 20:34:42,baseline-rules,2393000,30.84,74.13,1005.38,31.65,68.67,1005.13,0,0,RULES,1,1,1,
2026-09-27 20:34:43,baseline-rules,2394000,30.83,73.74,1005.37,31.65,68.81,1005.19,0,0,RULES,1,1,1,
2026-09-27 20:34:44,baseline-rules,2395000,30.84,74.59,1005.36,31.66,68.89,1005.19,0,0,RULES,1,1,1,
2026-09-27 20:34:45,baseline-rules,2396000,30.84,74.28,1005.36,31.65,68.57,1005.10,0,0,RULES,1,1,1,
2026-09-27 20:34:46,baseline-rules,2397000,30.83,73.61,1005.31,31.65,68.88,1005.05,0,0,RULES,1,1,1,
2026-09-27 20:34:47,baseline-rules,2398000,30.83,73.82,1005.35,31.66,68.48,1005.06,0,0,RULES,1,1,1,
2026-09-27 20:34:48,baseline-rules,2399000,30.85,74.37,1005.40,31.65,68.53,1005.10,0,0,RULES,1,1,1,
2026-09-27 20:34:49,baseline-rules,2400000,30.83,73.57,1005.32,31.65,68.91,1005.10,0,0,RULES,1,1,1,
2026-09-27 20:34:50,baseline-rules,2401000,30.84,73.76,1005.33,31.65,68.69,1005.08,0,0,RULES,1,1,1,
2026-09-27 20:34:51,baseline-rules,2402000,30.86,74.12,1005.33,31.65,68.50,1005.08,0,0,RULES,1,1,1,
2026-09-27 20:34:52,baseline-rules,2403000,30.84,73.98,1005.33,31.65,68.41,1005.16,0,0,RULES,1,1,1,
2026-09-27 20:34:53,baseline-rules,2404000,30.86,73.69,1005.39,31.65,68.41,1005.08,0,0,RULES,1,1,1,
2026-09-27 20:34:54,baseline-rules,2405000,30.86,74.08,1005.28,31.65,68.63,1005.12,0,0,RULES,1,1,1,
2026-09-27 20:34:55,baseline-rules,2406000,30.86,73.80,1005.37,31.65,68.58,1005.10,0,0,RULES,1,1,1,
2026-09-27 20:34:56,baseline-rules,2407000,30.86,73.38,1005.33,31.66,68.66,1005.17,0,0,RULES,1,1,1,
2026-09-27 20:34:57,baseline-rules,2408000,30.86,73.50,1005.31,31.66,68.47,1005.06,0,0,RULES,1,1,1,
2026-09-27 20:34:58,baseline-rules,2409000,30.87,73.71,1005.41,31.66,68.47,1005.11,0,0,RULES,1,1,1,
2026-09-27 20:34:59,baseline-rules,2410000,30.88,73.50,1005.36,31.65,68.55,1005.08,0,0,RULES,1,1,1,
2026-09-27 20:35:00,baseline-rules,2411000,30.87,73.28,1005.33,31.65,68.54,1005.08,0,0,RULES,1,1,1,
2026-09-27 20:35:01,baseline-rules,2412000,30.88,73.49,1005.32,31.65,68.42,1005.13,0,0,RULES,1,1,1,
2026-09-27 20:35:02,baseline-rules,2413000,30.89,73.67,1005.38,31.66,68.53,1005.14,0,0,RULES,1,1,1,
2026-09-27 20:35:03,baseline-rules,2414000,30.88,73.64,1005.42,31.66,68.53,1005.12,0,0,RULES,1,1,1,
2026-09-27 20:35:04,baseline-rules,2415000,30.88,73.73,1005.31,31.65,68.52,1005.16,0,0,RULES,1,1,1,
2026-09-27 20:35:05,baseline-rules,2416000,30.89,74.87,1005.41,31.66,68.71,1005.11,0,0,RULES,1,1,1,
2026-09-27 20:35:06,baseline-rules,2417000,30.89,75.90,1005.39,31.67,68.81,1005.16,0,0,RULES,1,1,1,
2026-09-27 20:35:07,baseline-rules,2418000,30.90,75.03,1005.37,31.67,68.71,1005.10,0,0,RULES,1,1,1,
2026-09-27 20:35:08,baseline-rules,2419000,30.89,74.38,1005.36,31.66,68.80,1005.15,0,0,RULES,1,1,1,
2026-09-27 20:35:09,baseline-rules,2420000,30.89,74.33,1005.38,31.66,68.89,1005.09,0,0,RULES,1,1,1,
2026-09-27 20:35:10,baseline-rules,2421000,30.89,73.87,1005.33,31.67,68.61,1005.10,0,0,RULES,1,1,1,
2026-09-27 20:35:11,baseline-rules,2422000,30.90,73.93,1005.34,31.67,68.91,1005.10,0,0,RULES,1,1,1,
2026-09-27 20:35:12,baseline-rules,2423000,30.91,73.83,1005.36,31.66,68.93,1005.09,0,0,RULES,1,1,1,
2026-09-27 20:35:13,baseline-rules,2424000,30.90,73.69,1005.40,31.67,68.97,1005.07,0,0,RULES,1,1,1,
2026-09-27 20:35:14,baseline-rules,2425000,30.90,73.91,1005.38,31.67,68.74,1005.21,0,0,RULES,1,1,1,
2026-09-27 20:35:15,baseline-rules,2426000,30.92,73.91,1005.43,31.65,68.82,1005.13,0,0,RULES,1,1,1,
2026-09-27 20:35:16,baseline-rules,2427000,30.91,73.97,1005.41,31.66,68.80,1005.09,0,0,RULES,1,1,1,
2026-09-27 20:35:17,baseline-rules,2428000,30.91,73.71,1005.38,31.66,68.51,1005.15,0,0,RULES,1,1,1,
2026-09-27 20:35:18,baseline-rules,2429000,30.92,73.66,1005.37,31.67,68.55,1005.07,0,0,RULES,1,1,1,
2026-09-27 20:35:19,baseline-rules,2430000,30.92,73.64,1005.32,31.66,68.56,1005.12,0,0,RULES,1,1,1,
2026-09-27 20:35:20,baseline-rules,2431000,30.92,73.42,1005.38,31.66,68.65,1005.09,0,0,RULES,1,1,1,
2026-09-27 20:35:21,baseline-rules,2432000,30.92,73.21,1005.41,31.66,68.70,1005.12,0,0,RULES,1,1,1,
2026-09-27 20:35:22,baseline-rules,2433000,30.92,73.37,1005.35,31.66,68.38,1005.15,0,0,RULES,1,1,1,
2026-09-27 20:35:23,baseline-rules,2434000,30.93,74.25,1005.34,31.67,68.47,1005.15,0,0,RULES,1,1,1,
2026-09-27 20:35:24,baseline-rules,2435000,30.93,73.88,1005.40,31.65,68.47,1005.19,0,0,RULES,1,1,1,
2026-09-27 20:35:25,baseline-rules,2436000,30.93,74.36,1005.36,31.67,68.36,1005.18,0,0,RULES,1,1,1,
2026-09-27 20:35:26,baseline-rules,2437000,30.94,74.95,1005.36,31.66,68.90,1005.15,0,0,RULES,1,1,1,
2026-09-27 20:35:27,baseline-rules,2438000,30.94,75.58,1005.38,31.66,68.54,1005.15,0,0,RULES,1,1,1,
2026-09-27 20:35:28,baseline-rules,2439000,30.95,74.37,1005.42,31.66,68.86,1005.17,0,0,RULES,1,1,1,
2026-09-27 20:35:29,baseline-rules,2440000,30.94,73.77,1005.40,31.67,68.52,1005.13,0,0,RULES,1,1,1,
2026-09-27 20:35:30,baseline-rules,2441000,30.95,73.49,1005.39,31.66,68.39,1005.15,0,0,RULES,1,1,1,
2026-09-27 20:35:31,baseline-rules,2442000,30.94,73.49,1005.36,31.66,68.53,1005.15,0,0,RULES,1,1,1,
2026-09-27 20:35:32,baseline-rules,2443000,30.94,73.34,1005.41,31.66,68.86,1005.15,0,0,RULES,1,1,1,
2026-09-27 20:35:33,baseline-rules,2444000,30.94,73.03,1005.41,31.66,68.42,1005.17,0,0,RULES,1,1,1,
2026-09-27 20:35:34,baseline-rules,2445000,30.96,73.34,1005.41,31.67,68.80,1005.13,0,0,RULES,1,1,1,
2026-09-27 20:35:35,baseline-rules,2446000,30.95,73.35,1005.39,31.66,68.94,1005.20,0,0,RULES,1,1,1,
2026-09-27 20:35:36,baseline-rules,2447000,30.94,73.23,1005.36,31.67,68.52,1005.13,0,0,RULES,1,1,1,
2026-09-27 20:35:37,baseline-rules,2448000,30.95,73.14,1005.42,31.66,68.64,1005.09,0,0,RULES,1,1,1,
2026-09-27 20:35:38,baseline-rules,2449000,30.95,73.21,1005.42,31.66,68.52,1005.14,0,0,RULES,1,1,1,
2026-09-27 20:35:39,baseline-rules,2450000,30.96,73.67,1005.44,31.65,68.47,1005.13,0,0,RULES,1,1,1,
2026-09-27 20:35:40,baseline-rules,2451000,30.95,73.61,1005.36,31.66,68.56,1005.17,0,0,RULES,1,1,1,
2026-09-27 20:35:41,baseline-rules,2452000,30.95,73.99,1005.45,31.66,68.90,1005.14,0,0,RULES,1,1,1,
2026-09-27 20:35:42,baseline-rules,2453000,30.95,73.38,1005.40,31.66,68.55,1005.14,0,0,RULES,1,1,1,
2026-09-27 20:35:43,baseline-rules,2454000,30.96,73.22,1005.44,31.66,68.56,1005.12,0,0,RULES,1,1,1,
2026-09-27 20:35:44,baseline-rules,2455000,30.96,73.39,1005.36,31.65,68.52,1005.18,0,0,RULES,1,1,1,
2026-09-27 20:35:45,baseline-rules,2456000,30.96,73.03,1005.44,31.66,68.45,1005.14,0,0,RULES,1,1,1,
2026-09-27 20:35:46,baseline-rules,2457000,30.96,73.25,1005.32,31.65,68.73,1005.10,0,0,RULES,1,1,1,
2026-09-27 20:35:47,baseline-rules,2458000,30.95,73.08,1005.37,31.66,68.44,1005.15,0,0,RULES,1,1,1,
2026-09-27 20:35:48,baseline-rules,2459000,30.96,73.10,1005.36,31.65,68.45,1005.13,0,0,RULES,1,1,1,
2026-09-27 20:35:49,baseline-rules,2460000,30.98,74.50,1005.40,31.66,68.61,1005.17,0,0,RULES,1,1,1,
2026-09-27 20:35:50,baseline-rules,2461000,30.98,74.92,1005.43,31.66,68.54,1005.08,0,0,RULES,1,1,1,
2026-09-27 20:35:51,baseline-rules,2462000,30.96,73.96,1005.39,31.66,68.47,1005.11,0,0,RULES,1,1,1,
2026-09-27 20:35:52,baseline-rules,2463000,30.99,74.45,1005.42,31.65,68.72,1005.08,0,0,RULES,1,1,1,
2026-09-27 20:35:53,baseline-rules,2464000,30.98,74.54,1005.41,31.65,68.72,1005.10,0,0,RULES,1,1,1,
2026-09-27 20:35:54,baseline-rules,2465000,30.99,73.79,1005.45,31.66,68.47,1005.19,0,0,RULES,1,1,1,
2026-09-27 20:35:55,baseline-rules,2466000,30.98,73.72,1005.38,31.66,68.96,1005.15,0,0,RULES,1,1,1,
2026-09-27 20:35:56,baseline-rules,2467000,30.99,73.33,1005.45,31.66,68.57,1005.14,0,0,RULES,1,1,1,
2026-09-27 20:35:57,baseline-rules,2468000,30.99,73.31,1005.43,31.66,68.66,1005.14,0,0,RULES,1,1,1,
2026-09-27 20:35:58,baseline-rules,2469000,31.00,73.65,1005.42,31.66,68.75,1005.19,0,0,RULES,1,1,1,
2026-09-27 20:35:59,baseline-rules,2470000,30.99,73.95,1005.43,31.67,68.94,1005.19,0,0,RULES,1,1,1,
2026-09-27 20:36:00,baseline-rules,2471000,30.99,73.52,1005.43,31.67,68.59,1005.21,0,0,RULES,1,1,1,
2026-09-27 20:36:01,baseline-rules,2472000,31.00,74.00,1005.41,31.65,68.67,1005.13,0,0,RULES,1,1,1,
2026-09-27 20:36:02,baseline-rules,2473000,31.00,73.26,1005.41,31.65,68.91,1005.19,0,0,RULES,1,1,1,
2026-09-27 20:36:03,baseline-rules,2474000,31.00,73.85,1005.36,31.65,68.72,1005.21,0,0,RULES,1,1,1,
2026-09-27 20:36:04,baseline-rules,2475000,31.00,73.40,1005.39,31.66,68.76,1005.17,0,0,RULES,1,1,1,
2026-09-27 20:36:05,baseline-rules,2476000,31.01,74.20,1005.42,31.66,68.78,1005.12,0,0,RULES,1,1,1,
2026-09-27 20:36:06,baseline-rules,2477000,31.01,74.19,1005.42,31.66,68.55,1005.15,0,0,RULES,1,1,1,
2026-09-27 20:36:06,baseline-rules,,,,,,,,,,,,,,mist A=1 B=0 (below lo)
2026-09-27 20:36:07,baseline-rules,2478000,31.00,73.17,1005.42,31.66,68.93,1005.15,1,0,RULES,1,1,1,
2026-09-27 20:36:08,baseline-rules,2479000,31.01,73.79,1005.42,31.67,68.64,1005.22,1,0,RULES,1,1,1,
2026-09-27 20:36:09,baseline-rules,2480000,31.02,73.28,1005.38,31.66,68.79,1005.15,1,0,RULES,1,1,1,
2026-09-27 20:36:10,baseline-rules,2481000,31.01,73.18,1005.34,31.65,68.90,1005.08,1,0,RULES,1,1,1,
2026-09-27 20:36:11,baseline-rules,2482000,31.03,74.97,1005.47,31.66,68.67,1005.17,1,0,RULES,1,1,1,
2026-09-27 20:36:12,baseline-rules,2483000,31.03,75.62,1005.37,31.66,68.89,1005.17,1,0,RULES,1,1,1,
2026-09-27 20:36:13,baseline-rules,2484000,31.03,76.94,1005.38,31.66,68.94,1005.17,1,0,RULES,1,1,1,
2026-09-27 20:36:14,baseline-rules,2485000,31.04,77.99,1005.40,31.65,68.78,1005.13,1,0,RULES,1,1,1,
2026-09-27 20:36:15,baseline-rules,2486000,31.04,77.25,1005.39,31.66,68.80,1005.17,1,0,RULES,1,1,1,
2026-09-27 20:36:16,baseline-rules,2487000,31.04,77.24,1005.42,31.65,68.64,1005.13,1,0,RULES,1,1,1,
2026-09-27 20:36:17,baseline-rules,2488000,31.03,75.78,1005.44,31.65,68.52,1005.05,1,0,RULES,1,1,1,
2026-09-27 20:36:18,baseline-rules,2489000,31.02,74.67,1005.33,31.66,68.96,1005.14,1,0,RULES,1,1,1,
2026-09-27 20:36:19,baseline-rules,2490000,31.02,74.46,1005.44,31.66,68.73,1005.17,1,0,RULES,1,1,1,
2026-09-27 20:36:20,baseline-rules,2491000,31.01,74.78,1005.43,31.65,68.64,1005.19,1,0,RULES,1,1,1,
2026-09-27 20:36:21,baseline-rules,2492000,31.01,74.24,1005.40,31.65,68.99,1005.12,1,0,RULES,1,1,1,
2026-09-27 20:36:22,baseline-rules,2493000,31.01,74.19,1005.42,31.65,68.49,1005.13,1,0,RULES,1,1,1,
2026-09-27 20:36:23,baseline-rules,2494000,31.01,74.24,1005.37,31.66,68.55,1005.20,1,0,RULES,1,1,1,
2026-09-27 20:36:24,baseline-rules,2495000,31.01,74.26,1005.42,31.65,68.57,1005.13,1,0,RULES,1,1,1,
2026-09-27 20:36:25,baseline-rules,2496000,31.00,73.62,1005.44,31.66,68.90,1005.12,1,0,RULES,1,1,1,
2026-09-27 20:36:26,baseline-rules,2497000,30.99,73.46,1005.39,31.66,68.97,1005.20,1,0,RULES,1,1,1,
2026-09-27 20:36:27,baseline-rules,2498000,30.99,73.79,1005.42,31.64,68.70,1005.17,1,0,RULES,1,1,1,
2026-09-27 20:36:28,baseline-rules,2499000,30.98,74.19,1005.41,31.65,68.85,1005.13,1,0,RULES,1,1,1,
2026-09-27 20:36:29,baseline-rules,2500000,30.98,73.86,1005.40,31.66,68.78,1005.15,1,0,RULES,1,1,1,
2026-09-27 20:36:30,baseline-rules,2501000,30.97,74.33,1005.42,31.65,68.65,1005.16,1,0,RULES,1,1,1,
2026-09-27 20:36:31,baseline-rules,2502000,30.97,74.58,1005.42,31.66,68.66,1005.11,1,0,RULES,1,1,1,
2026-09-27 20:36:32,baseline-rules,2503000,30.98,75.33,1005.36,31.66,68.55,1005.14,1,0,RULES,1,1,1,
2026-09-27 20:36:33,baseline-rules,2504000,30.96,75.28,1005.39,31.66,68.62,1005.20,1,0,RULES,1,1,1,
2026-09-27 20:36:34,baseline-rules,2505000,30.97,74.59,1005.42,31.66,68.58,1005.15,1,0,RULES,1,1,1,
2026-09-27 20:36:35,baseline-rules,2506000,30.96,74.16,1005.44,31.66,68.56,1005.11,1,0,RULES,1,1,1,
2026-09-27 20:36:36,baseline-rules,2507000,30.97,74.96,1005.37,31.66,68.93,1005.17,1,0,RULES,1,1,1,
2026-09-27 20:36:37,baseline-rules,2508000,30.97,74.60,1005.40,31.66,68.64,1005.12,1,0,RULES,1,1,1,
2026-09-27 20:36:38,baseline-rules,2509000,30.96,74.41,1005.44,31.66,68.94,1005.15,1,0,RULES,1,1,1,
2026-09-27 20:36:39,baseline-rules,2510000,30.96,73.96,1005.44,31.67,68.55,1005.16,1,0,RULES,1,1,1,
2026-09-27 20:36:40,baseline-rules,2511000,30.96,75.65,1005.42,31.67,68.82,1005.16,1,0,RULES,1,1,1,
2026-09-27 20:36:41,baseline-rules,2512000,30.95,76.56,1005.43,31.66,68.64,1005.17,1,0,RULES,1,1,1,
2026-09-27 20:36:42,baseline-rules,2513000,30.93,75.96,1005.42,31.66,68.72,1005.17,1,0,RULES,1,1,1,
2026-09-27 20:36:43,baseline-rules,2514000,30.92,75.10,1005.43,31.66,69.03,1005.12,1,0,RULES,1,1,1,
2026-09-27 20:36:44,baseline-rules,2515000,30.92,75.80,1005.46,31.67,68.95,1005.19,1,0,RULES,1,1,1,
2026-09-27 20:36:45,baseline-rules,2516000,30.91,76.32,1005.44,31.66,68.95,1005.17,1,0,RULES,1,1,1,
2026-09-27 20:36:46,baseline-rules,2517000,30.90,77.89,1005.40,31.66,68.93,1005.20,1,0,RULES,1,1,1,
2026-09-27 20:36:47,baseline-rules,2518000,30.91,78.46,1005.38,31.66,68.64,1005.12,1,0,RULES,1,1,1,
2026-09-27 20:36:48,baseline-rules,2519000,30.90,78.09,1005.40,31.67,68.98,1005.15,1,0,RULES,1,1,1,
2026-09-27 20:36:49,baseline-rules,2520000,30.89,76.61,1005.46,31.67,68.88,1005.19,1,0,RULES,1,1,1,
2026-09-27 20:36:50,baseline-rules,2521000,30.89,75.43,1005.42,31.66,68.90,1005.15,1,0,RULES,1,1,1,
2026-09-27 20:36:51,baseline-rules,2522000,30.89,75.58,1005.44,31.67,68.68,1005.19,1,0,RULES,1,1,1,
2026-09-27 20:36:52,baseline-rules,2523000,30.88,75.49,1005.37,31.67,68.64,1005.16,1,0,RULES,1,1,1,
2026-09-27 20:36:53,baseline-rules,2524000,30.88,75.05,1005.46,31.66,68.50,1005.20,1,0,RULES,1,1,1,
2026-09-27 20:36:54,baseline-rules,2525000,30.88,75.22,1005.42,31.66,68.77,1005.17,1,0,RULES,1,1,1,
2026-09-27 20:36:55,baseline-rules,2526000,30.89,74.47,1005.44,31.66,68.47,1005.15,1,0,RULES,1,1,1,
2026-09-27 20:36:56,baseline-rules,2527000,30.88,75.06,1005.42,31.67,68.59,1005.15,1,0,RULES,1,1,1,
2026-09-27 20:36:57,baseline-rules,2528000,30.88,74.34,1005.42,31.66,68.56,1005.15,1,0,RULES,1,1,1,
2026-09-27 20:36:58,baseline-rules,2529000,30.88,74.15,1005.45,31.66,68.56,1005.23,1,0,RULES,1,1,1,
2026-09-27 20:36:59,baseline-rules,2530000,30.86,75.52,1005.39,31.66,68.52,1005.20,1,0,RULES,1,1,1,
2026-09-27 20:37:00,baseline-rules,2531000,30.85,75.41,1005.43,31.67,68.98,1005.13,1,0,RULES,1,1,1,
2026-09-27 20:37:01,baseline-rules,2532000,30.85,75.56,1005.43,31.66,68.60,1005.15,1,0,RULES,1,1,1,
2026-09-27 20:37:02,baseline-rules,2533000,30.84,75.43,1005.39,31.67,68.90,1005.15,1,0,RULES,1,1,1,
2026-09-27 20:37:03,baseline-rules,2534000,30.83,76.54,1005.35,31.66,68.98,1005.23,1,0,RULES,1,1,1,
2026-09-27 20:37:04,baseline-rules,2535000,30.84,76.27,1005.42,31.67,68.96,1005.15,1,0,RULES,1,1,1,
2026-09-27 20:37:05,baseline-rules,2536000,30.85,76.32,1005.40,31.66,68.93,1005.12,1,0,RULES,1,1,1,
2026-09-27 20:37:06,baseline-rules,2537000,30.83,75.95,1005.43,31.66,68.79,1005.20,1,0,RULES,1,1,1,
2026-09-27 20:37:07,baseline-rules,2538000,30.83,75.68,1005.40,31.66,68.90,1005.20,1,0,RULES,1,1,1,
2026-09-27 20:37:08,baseline-rules,2539000,30.83,76.46,1005.42,31.66,68.79,1005.17,1,0,RULES,1,1,1,
2026-09-27 20:37:09,baseline-rules,2540000,30.83,76.46,1005.40,31.66,68.57,1005.19,1,0,RULES,1,1,1,
2026-09-27 20:37:10,baseline-rules,2541000,30.82,76.01,1005.35,31.67,68.54,1005.18,1,0,RULES,1,1,1,
2026-09-27 20:37:11,baseline-rules,2542000,30.81,75.95,1005.43,31.67,68.91,1005.15,1,0,RULES,1,1,1,
2026-09-27 20:37:12,baseline-rules,2543000,30.81,75.88,1005.43,31.67,68.95,1005.13,1,0,RULES,1,1,1,
2026-09-27 20:37:13,baseline-rules,2544000,30.81,75.23,1005.46,31.67,68.58,1005.22,1,0,RULES,1,1,1,
2026-09-27 20:37:14,baseline-rules,2545000,30.81,76.23,1005.42,31.67,68.46,1005.19,1,0,RULES,1,1,1,
2026-09-27 20:37:15,baseline-rules,2546000,30.82,77.39,1005.44,31.67,68.48,1005.19,1,0,RULES,1,1,1,
2026-09-27 20:37:16,baseline-rules,2547000,30.83,78.30,1005.40,31.67,68.56,1005.22,1,0,RULES,1,1,1,
2026-09-27 20:37:17,baseline-rules,2548000,30.80,77.42,1005.41,31.68,68.63,1005.23,1,0,RULES,1,1,1,
2026-09-27 20:37:18,baseline-rules,2549000,30.81,76.12,1005.42,31.67,68.48,1005.25,1,0,RULES,1,1,1,
2026-09-27 20:37:19,baseline-rules,2550000,30.80,75.49,1005.43,31.67,68.56,1005.22,1,0,RULES,1,1,1,
2026-09-27 20:37:20,baseline-rules,2551000,30.79,75.16,1005.40,31.67,68.54,1005.15,1,0,RULES,1,1,1,
2026-09-27 20:37:21,baseline-rules,2552000,30.79,75.23,1005.39,31.67,68.56,1005.19,1,0,RULES,1,1,1,
2026-09-27 20:37:22,baseline-rules,2553000,30.79,74.82,1005.44,31.67,68.50,1005.16,1,0,RULES,1,1,1,
2026-09-27 20:37:23,baseline-rules,2554000,30.79,75.10,1005.42,31.68,68.52,1005.11,1,0,RULES,1,1,1,
2026-09-27 20:37:24,baseline-rules,2555000,30.78,74.09,1005.41,31.67,68.62,1005.19,1,0,RULES,1,1,1,
2026-09-27 20:37:25,baseline-rules,2556000,30.78,74.47,1005.43,31.67,68.68,1005.13,1,0,RULES,1,1,1,
2026-09-27 20:37:26,baseline-rules,2557000,30.78,75.11,1005.40,31.67,68.59,1005.16,1,0,RULES,1,1,1,
2026-09-27 20:37:27,baseline-rules,2558000,30.79,74.82,1005.48,31.67,68.70,1005.15,1,0,RULES,1,1,1,
2026-09-27 20:37:28,baseline-rules,2559000,30.78,75.04,1005.38,31.68,68.46,1005.20,1,0,RULES,1,1,1,
2026-09-27 20:37:29,baseline-rules,2560000,30.79,74.09,1005.42,31.67,68.88,1005.24,1,0,RULES,1,1,1,
2026-09-27 20:37:30,baseline-rules,2561000,30.78,74.20,1005.40,31.67,68.55,1005.11,1,0,RULES,1,1,1,
2026-09-27 20:37:31,baseline-rules,2562000,30.78,75.10,1005.37,31.67,68.73,1005.19,1,0,RULES,1,1,1,
2026-09-27 20:37:32,baseline-rules,2563000,30.78,74.95,1005.43,31.66,68.69,1005.15,1,0,RULES,1,1,1,
2026-09-27 20:37:33,baseline-rules,2564000,30.78,75.16,1005.49,31.67,68.47,1005.22,1,0,RULES,1,1,1,
2026-09-27 20:37:34,baseline-rules,2565000,30.79,75.38,1005.44,31.67,68.61,1005.15,1,0,RULES,1,1,1,
2026-09-27 20:37:35,baseline-rules,2566000,30.78,75.74,1005.41,31.66,68.64,1005.26,1,0,RULES,1,1,1,
2026-09-27 20:37:36,baseline-rules,2567000,30.79,76.27,1005.42,31.66,68.59,1005.20,1,0,RULES,1,1,1,
2026-09-27 20:37:37,baseline-rules,2568000,30.77,75.62,1005.39,31.67,68.55,1005.24,1,0,RULES,1,1,1,
2026-09-27 20:37:38,baseline-rules,2569000,30.77,74.86,1005.45,31.67,68.51,1005.13,1,0,RULES,1,1,1,
2026-09-27 20:37:39,baseline-rules,2570000,30.78,74.59,1005.40,31.68,68.74,1005.12,1,0,RULES,1,1,1,
2026-09-27 20:37:40,baseline-rules,2571000,30.79,74.32,1005.42,31.68,68.52,1005.14,1,0,RULES,1,1,1,
2026-09-27 20:37:41,baseline-rules,2572000,30.79,74.33,1005.47,31.68,68.58,1005.17,1,0,RULES,1,1,1,
2026-09-27 20:37:42,baseline-rules,2573000,30.77,74.50,1005.38,31.68,68.52,1005.14,1,0,RULES,1,1,1,
2026-09-27 20:37:43,baseline-rules,2574000,30.79,75.42,1005.44,31.68,68.56,1005.18,1,0,RULES,1,1,1,
2026-09-27 20:37:44,baseline-rules,2575000,30.78,75.38,1005.48,31.67,68.87,1005.11,1,0,RULES,1,1,1,
2026-09-27 20:37:45,baseline-rules,2576000,30.77,74.62,1005.41,31.68,68.88,1005.17,1,0,RULES,1,1,1,
2026-09-27 20:37:46,baseline-rules,2577000,30.77,74.44,1005.47,31.67,68.73,1005.18,1,0,RULES,1,1,1,
2026-09-27 20:37:47,baseline-rules,2578000,30.76,74.13,1005.38,31.67,68.64,1005.22,1,0,RULES,1,1,1,
2026-09-27 20:37:48,baseline-rules,2579000,30.77,74.09,1005.45,31.68,68.95,1005.17,1,0,RULES,1,1,1,
2026-09-27 20:37:49,baseline-rules,2580000,30.76,74.16,1005.40,31.66,68.91,1005.15,1,0,RULES,1,1,1,
2026-09-27 20:37:50,baseline-rules,2581000,30.76,74.36,1005.43,31.67,68.63,1005.22,1,0,RULES,1,1,1,
2026-09-27 20:37:51,baseline-rules,2582000,30.77,75.06,1005.38,31.67,68.65,1005.13,1,0,RULES,1,1,1,
2026-09-27 20:37:52,baseline-rules,2583000,30.76,76.52,1005.42,31.67,68.62,1005.16,1,0,RULES,1,1,1,
2026-09-27 20:37:53,baseline-rules,2584000,30.76,76.28,1005.40,31.67,68.54,1005.22,1,0,RULES,1,1,1,
2026-09-27 20:37:54,baseline-rules,2585000,30.76,75.68,1005.45,31.66,68.86,1005.17,1,0,RULES,1,1,1,
2026-09-27 20:37:55,baseline-rules,2586000,30.75,76.17,1005.44,31.67,68.55,1005.18,1,0,RULES,1,1,1,
2026-09-27 20:37:56,baseline-rules,2587000,30.74,74.67,1005.43,31.66,68.94,1005.15,1,0,RULES,1,1,1,
2026-09-27 20:37:57,baseline-rules,2588000,30.74,74.67,1005.39,31.67,68.99,1005.25,1,0,RULES,1,1,1,
2026-09-27 20:37:58,baseline-rules,2589000,30.73,74.61,1005.41,31.67,68.77,1005.18,1,0,RULES,1,1,1,
2026-09-27 20:37:59,baseline-rules,2590000,30.74,76.39,1005.37,31.67,68.89,1005.25,1,0,RULES,1,1,1,
2026-09-27 20:38:00,baseline-rules,2591000,30.73,76.01,1005.50,31.66,68.68,1005.12,1,0,RULES,1,1,1,
2026-09-27 20:38:01,baseline-rules,2592000,30.73,75.00,1005.43,31.67,69.09,1005.19,1,0,RULES,1,1,1,
2026-09-27 20:38:02,baseline-rules,2593000,30.73,75.30,1005.40,31.67,68.67,1005.21,1,0,RULES,1,1,1,
2026-09-27 20:38:03,baseline-rules,2594000,30.73,76.71,1005.41,31.68,68.70,1005.17,1,0,RULES,1,1,1,
2026-09-27 20:38:04,baseline-rules,2595000,30.73,76.87,1005.49,31.68,68.52,1005.23,1,0,RULES,1,1,1,
2026-09-27 20:38:05,baseline-rules,2596000,30.73,77.25,1005.43,31.67,68.59,1005.16,1,0,RULES,1,1,1,
2026-09-27 20:38:06,baseline-rules,2597000,30.72,76.78,1005.42,31.68,68.51,1005.14,1,0,RULES,1,1,1,
2026-09-27 20:38:07,baseline-rules,2598000,30.73,76.54,1005.41,31.68,68.79,1005.23,1,0,RULES,1,1,1,
2026-09-27 20:38:08,baseline-rules,2599000,30.73,75.40,1005.43,31.68,68.76,1005.17,1,0,RULES,1,1,1,
2026-09-27 20:38:09,baseline-rules,2600000,30.73,75.52,1005.41,31.68,68.63,1005.18,1,0,RULES,1,1,1,
2026-09-27 20:38:10,baseline-rules,2601000,30.73,75.29,1005.44,31.67,68.63,1005.19,1,0,RULES,1,1,1,
2026-09-27 20:38:11,baseline-rules,2602000,30.72,74.98,1005.34,31.68,68.74,1005.23,1,0,RULES,1,1,1,
2026-09-27 20:38:12,baseline-rules,2603000,30.73,76.05,1005.37,31.67,68.68,1005.16,1,0,RULES,1,1,1,
2026-09-27 20:38:13,baseline-rules,2604000,30.74,76.96,1005.39,31.68,68.91,1005.18,1,0,RULES,1,1,1,
2026-09-27 20:38:14,baseline-rules,2605000,30.74,76.50,1005.37,31.67,68.54,1005.16,1,0,RULES,1,1,1,
2026-09-27 20:38:15,baseline-rules,2606000,30.72,75.54,1005.39,31.68,68.57,1005.21,1,0,RULES,1,1,1,
2026-09-27 20:38:16,baseline-rules,2607000,30.72,75.50,1005.40,31.69,68.85,1005.24,1,0,RULES,1,1,1,
2026-09-27 20:38:17,baseline-rules,2608000,30.70,76.07,1005.42,31.69,68.70,1005.19,1,0,RULES,1,1,1,
2026-09-27 20:38:18,baseline-rules,2609000,30.70,76.59,1005.48,31.68,68.71,1005.21,1,0,RULES,1,1,1,
2026-09-27 20:38:19,baseline-rules,2610000,30.70,76.70,1005.41,31.68,68.80,1005.18,1,0,RULES,1,1,1,
2026-09-27 20:38:20,baseline-rules,2611000,30.69,75.17,1005.34,31.68,68.57,1005.15,1,0,RULES,1,1,1,
2026-09-27 20:38:21,baseline-rules,2612000,30.69,76.19,1005.40,31.66,68.56,1005.23,1,0,RULES,1,1,1,
2026-09-27 20:38:22,baseline-rules,2613000,30.68,75.12,1005.41,31.68,68.70,1005.23,1,0,RULES,1,1,1,
2026-09-27 20:38:23,baseline-rules,2614000,30.69,74.96,1005.42,31.68,68.62,1005.18,1,0,RULES,1,1,1,
2026-09-27 20:38:24,baseline-rules,2615000,30.68,75.45,1005.44,31.68,68.63,1005.21,1,0,RULES,1,1,1,
2026-09-27 20:38:25,baseline-rules,2616000,30.68,75.30,1005.44,31.68,68.48,1005.21,1,0,RULES,1,1,1,
2026-09-27 20:38:26,baseline-rules,2617000,30.68,74.63,1005.44,31.68,68.49,1005.17,1,0,RULES,1,1,1,
2026-09-27 20:38:27,baseline-rules,2618000,30.68,74.49,1005.38,31.68,68.47,1005.25,1,0,RULES,1,1,1,
2026-09-27 20:38:28,baseline-rules,2619000,30.69,74.20,1005.42,31.67,68.55,1005.16,1,0,RULES,1,1,1,
2026-09-27 20:38:29,baseline-rules,2620000,30.69,75.13,1005.43,31.67,68.93,1005.16,1,0,RULES,1,1,1,
2026-09-27 20:38:30,baseline-rules,2621000,30.69,75.21,1005.46,31.67,68.48,1005.22,1,0,RULES,1,1,1,
2026-09-27 20:38:31,baseline-rules,2622000,30.69,75.27,1005.42,31.68,68.53,1005.18,1,0,RULES,1,1,1,
2026-09-27 20:38:32,baseline-rules,2623000,30.69,75.62,1005.40,31.68,68.59,1005.17,1,0,RULES,1,1,1,
2026-09-27 20:38:33,baseline-rules,2624000,30.70,75.59,1005.44,31.67,68.47,1005.15,1,0,RULES,1,1,1,
2026-09-27 20:38:34,baseline-rules,2625000,30.70,75.07,1005.48,31.67,68.85,1005.15,1,0,RULES,1,1,1,
2026-09-27 20:38:35,baseline-rules,2626000,30.70,75.37,1005.38,31.68,68.58,1005.23,1,0,RULES,1,1,1,
2026-09-27 20:38:36,baseline-rules,2627000,30.70,75.17,1005.42,31.68,68.92,1005.18,1,0,RULES,1,1,1,
2026-09-27 20:38:37,baseline-rules,2628000,30.70,74.57,1005.35,31.68,68.72,1005.21,1,0,RULES,1,1,1,
2026-09-27 20:38:38,baseline-rules,2629000,30.71,75.20,1005.48,31.68,68.52,1005.20,1,0,RULES,1,1,1,
2026-09-27 20:38:39,baseline-rules,2630000,30.70,74.82,1005.50,31.68,68.89,1005.15,1,0,RULES,1,1,1,
2026-09-27 20:38:40,baseline-rules,2631000,30.71,75.07,1005.43,31.68,68.88,1005.20,1,0,RULES,1,1,1,
2026-09-27 20:38:41,baseline-rules,2632000,30.71,75.85,1005.37,31.67,68.95,1005.19,1,0,RULES,1,1,1,
2026-09-27 20:38:42,baseline-rules,2633000,30.71,77.00,1005.43,31.67,68.98,1005.13,1,0,RULES,1,1,1,
2026-09-27 20:38:43,baseline-rules,2634000,30.71,75.50,1005.43,31.67,68.73,1005.16,1,0,RULES,1,1,1,
2026-09-27 20:38:44,baseline-rules,2635000,30.69,75.18,1005.43,31.68,68.89,1005.23,1,0,RULES,1,1,1,
2026-09-27 20:38:45,baseline-rules,2636000,30.69,75.00,1005.42,31.68,68.57,1005.21,1,0,RULES,1,1,1,
2026-09-27 20:38:46,baseline-rules,2637000,30.70,74.83,1005.44,31.67,68.68,1005.19,1,0,RULES,1,1,1,
2026-09-27 20:38:47,baseline-rules,2638000,30.70,74.91,1005.47,31.68,68.70,1005.21,1,0,RULES,1,1,1,
2026-09-27 20:38:48,baseline-rules,2639000,30.70,75.08,1005.44,31.68,68.56,1005.21,1,0,RULES,1,1,1,
2026-09-27 20:38:49,baseline-rules,2640000,30.69,75.10,1005.37,31.68,68.45,1005.18,1,0,RULES,1,1,1,
2026-09-27 20:38:50,baseline-rules,2641000,30.70,75.53,1005.41,31.69,68.58,1005.21,1,0,RULES,1,1,1,
2026-09-27 20:38:51,baseline-rules,2642000,30.69,75.44,1005.46,31.69,68.58,1005.21,1,0,RULES,1,1,1,
2026-09-27 20:38:52,baseline-rules,2643000,30.69,74.63,1005.40,31.68,68.68,1005.18,1,0,RULES,1,1,1,
2026-09-27 20:38:53,baseline-rules,2644000,30.69,74.56,1005.42,31.68,68.57,1005.18,1,0,RULES,1,1,1,
2026-09-27 20:38:54,baseline-rules,2645000,30.70,74.35,1005.41,31.69,68.76,1005.30,1,0,RULES,1,1,1,
2026-09-27 20:38:55,baseline-rules,2646000,30.70,74.57,1005.41,31.68,68.51,1005.18,1,0,RULES,1,1,1,
2026-09-27 20:38:56,baseline-rules,2647000,30.70,74.63,1005.39,31.68,68.71,1005.20,1,0,RULES,1,1,1,
2026-09-27 20:38:57,baseline-rules,2648000,30.70,75.06,1005.42,31.69,68.58,1005.24,1,0,RULES,1,1,1,
2026-09-27 20:38:58,baseline-rules,2649000,30.70,75.34,1005.42,31.68,68.66,1005.14,1,0,RULES,1,1,1,
2026-09-27 20:38:59,baseline-rules,2650000,30.71,76.28,1005.34,31.68,68.49,1005.18,1,0,RULES,1,1,1,
2026-09-27 20:39:00,baseline-rules,2651000,30.69,75.25,1005.37,31.68,68.54,1005.17,1,0,RULES,1,1,1,
2026-09-27 20:39:01,baseline-rules,2652000,30.70,74.48,1005.42,31.69,68.49,1005.21,1,0,RULES,1,1,1,
2026-09-27 20:39:02,baseline-rules,2653000,30.70,74.34,1005.41,31.68,68.50,1005.15,1,0,RULES,1,1,1,
2026-09-27 20:39:03,baseline-rules,2654000,30.69,74.57,1005.37,31.68,68.57,1005.15,1,0,RULES,1,1,1,
2026-09-27 20:39:04,baseline-rules,2655000,30.69,74.57,1005.40,31.68,68.59,1005.23,1,0,RULES,1,1,1,
2026-09-27 20:39:05,baseline-rules,2656000,30.69,74.63,1005.46,31.68,68.68,1005.23,1,0,RULES,1,1,1,
2026-09-27 20:39:06,baseline-rules,2657000,30.69,74.50,1005.42,31.68,68.45,1005.23,1,0,RULES,1,1,1,
2026-09-27 20:39:07,baseline-rules,2658000,30.69,74.13,1005.45,31.68,68.53,1005.18,1,0,RULES,1,1,1,
2026-09-27 20:39:08,baseline-rules,2659000,30.68,74.95,1005.44,31.68,68.78,1005.23,1,0,RULES,1,1,1,
2026-09-27 20:39:09,baseline-rules,2660000,30.69,75.01,1005.42,31.68,68.61,1005.23,1,0,RULES,1,1,1,
2026-09-27 20:39:10,baseline-rules,2661000,30.68,74.58,1005.41,31.68,68.61,1005.12,1,0,RULES,1,1,1,
2026-09-27 20:39:11,baseline-rules,2662000,30.69,75.73,1005.42,31.68,68.79,1005.11,1,0,RULES,1,1,1,
2026-09-27 20:39:12,baseline-rules,2663000,30.67,75.16,1005.45,31.68,68.64,1005.20,1,0,RULES,1,1,1,
2026-09-27 20:39:13,baseline-rules,2664000,30.67,75.46,1005.36,31.67,68.68,1005.22,1,0,RULES,1,1,1,
2026-09-27 20:39:14,baseline-rules,2665000,30.67,75.92,1005.40,31.67,68.94,1005.19,1,0,RULES,1,1,1,
2026-09-27 20:39:15,baseline-rules,2666000,30.67,75.11,1005.42,31.67,68.56,1005.13,1,0,RULES,1,1,1,
2026-09-27 20:39:16,baseline-rules,2667000,30.67,75.81,1005.43,31.67,68.59,1005.22,1,0,RULES,1,1,1,
2026-09-27 20:39:17,baseline-rules,2668000,30.67,74.85,1005.36,31.67,68.55,1005.15,1,0,RULES,1,1,1,
2026-09-27 20:39:18,baseline-rules,2669000,30.66,74.84,1005.40,31.68,68.83,1005.11,1,0,RULES,1,1,1,
2026-09-27 20:39:19,baseline-rules,2670000,30.66,75.26,1005.40,31.66,68.56,1005.15,1,0,RULES,1,1,1,
2026-09-27 20:39:20,baseline-rules,2671000,30.67,76.12,1005.42,31.67,68.61,1005.13,1,0,RULES,1,1,1,
2026-09-27 20:39:21,baseline-rules,2672000,30.66,76.35,1005.43,31.67,68.58,1005.16,1,0,RULES,1,1,1,
2026-09-27 20:39:22,baseline-rules,2673000,30.65,75.21,1005.42,31.68,68.53,1005.17,1,0,RULES,1,1,1,
2026-09-27 20:39:23,baseline-rules,2674000,30.66,75.46,1005.47,31.68,68.65,1005.18,1,0,RULES,1,1,1,
2026-09-27 20:39:24,baseline-rules,2675000,30.66,76.07,1005.41,31.68,68.56,1005.15,1,0,RULES,1,1,1,
2026-09-27 20:39:25,baseline-rules,2676000,30.66,76.30,1005.46,31.68,68.55,1005.20,1,0,RULES,1,1,1,
2026-09-27 20:39:26,baseline-rules,2677000,30.67,75.82,1005.42,31.68,68.68,1005.20,1,0,RULES,1,1,1,
2026-09-27 20:39:27,baseline-rules,2678000,30.66,75.74,1005.38,31.68,68.61,1005.23,1,0,RULES,1,1,1,
2026-09-27 20:39:28,baseline-rules,2679000,30.65,76.98,1005.44,31.67,68.60,1005.22,1,0,RULES,1,1,1,
2026-09-27 20:39:29,baseline-rules,2680000,30.63,77.01,1005.42,31.67,68.96,1005.16,1,0,RULES,1,1,1,
2026-09-27 20:39:30,baseline-rules,2681000,30.63,75.35,1005.47,31.67,68.53,1005.13,1,0,RULES,1,1,1,
2026-09-27 20:39:31,baseline-rules,2682000,30.63,75.62,1005.38,31.67,68.71,1005.22,1,0,RULES,1,1,1,
2026-09-27 20:39:32,baseline-rules,2683000,30.63,75.06,1005.47,31.67,68.74,1005.16,1,0,RULES,1,1,1,
2026-09-27 20:39:33,baseline-rules,2684000,30.64,74.77,1005.48,31.67,68.58,1005.22,1,0,RULES,1,1,1,
2026-09-27 20:39:34,baseline-rules,2685000,30.63,75.13,1005.44,31.67,68.79,1005.25,1,0,RULES,1,1,1,
2026-09-27 20:39:35,baseline-rules,2686000,30.62,76.61,1005.43,31.68,68.63,1005.23,1,0,RULES,1,1,1,
2026-09-27 20:39:36,baseline-rules,2687000,30.62,76.01,1005.37,31.67,68.61,1005.19,1,0,RULES,1,1,1,
2026-09-27 20:39:37,baseline-rules,2688000,30.63,76.78,1005.47,31.67,68.59,1005.13,1,0,RULES,1,1,1,
2026-09-27 20:39:38,baseline-rules,2689000,30.63,76.80,1005.47,31.67,68.65,1005.13,1,0,RULES,1,1,1,
2026-09-27 20:39:39,baseline-rules,2690000,30.63,77.27,1005.44,31.67,69.03,1005.13,1,0,RULES,1,1,1,
2026-09-27 20:39:40,baseline-rules,2691000,30.62,75.99,1005.45,31.67,68.76,1005.21,1,0,RULES,1,1,1,
2026-09-27 20:39:41,baseline-rules,2692000,30.62,76.41,1005.49,31.67,68.77,1005.25,1,0,RULES,1,1,1,
2026-09-27 20:39:42,baseline-rules,2693000,30.60,75.78,1005.43,31.67,68.58,1005.18,1,0,RULES,1,1,1,
2026-09-27 20:39:43,baseline-rules,2694000,30.62,75.13,1005.42,31.67,68.69,1005.16,1,0,RULES,1,1,1,
2026-09-27 20:39:44,baseline-rules,2695000,30.62,75.67,1005.34,31.66,69.04,1005.20,1,0,RULES,1,1,1,
2026-09-27 20:39:45,baseline-rules,2696000,30.61,75.50,1005.43,31.67,68.64,1005.19,1,0,RULES,1,1,1,
2026-09-27 20:39:46,baseline-rules,2697000,30.62,77.43,1005.46,31.67,68.61,1005.16,1,0,RULES,1,1,1,
2026-09-27 20:39:47,baseline-rules,2698000,30.60,77.55,1005.45,31.66,68.62,1005.17,1,0,RULES,1,1,1,
2026-09-27 20:39:48,baseline-rules,2699000,30.59,77.15,1005.44,31.66,68.88,1005.20,1,0,RULES,1,1,1,
2026-09-27 20:39:49,baseline-rules,2700000,30.58,75.93,1005.49,31.66,68.60,1005.19,1,0,RULES,1,1,1,
2026-09-27 20:39:50,baseline-rules,2701000,30.57,75.57,1005.41,31.66,68.68,1005.23,1,0,RULES,1,1,1,
2026-09-27 20:39:51,baseline-rules,2702000,30.59,75.65,1005.41,31.67,68.85,1005.21,1,0,RULES,1,1,1,
2026-09-27 20:39:52,baseline-rules,2703000,30.58,75.64,1005.42,31.66,68.65,1005.20,1,0,RULES,1,1,1,
2026-09-27 20:39:53,baseline-rules,2704000,30.58,75.65,1005.43,31.67,68.56,1005.21,1,0,RULES,1,1,1,
2026-09-27 20:39:54,baseline-rules,2705000,30.58,76.65,1005.40,31.68,68.73,1005.14,1,0,RULES,1,1,1,
2026-09-27 20:39:55,baseline-rules,2706000,30.58,76.41,1005.45,31.68,68.72,1005.18,1,0,RULES,1,1,1,
2026-09-27 20:39:56,baseline-rules,2707000,30.59,75.99,1005.41,31.69,68.57,1005.24,1,0,RULES,1,1,1,
2026-09-27 20:39:57,baseline-rules,2708000,30.59,76.13,1005.47,31.68,68.94,1005.17,1,0,RULES,1,1,1,
2026-09-27 20:39:58,baseline-rules,2709000,30.58,75.81,1005.46,31.68,68.61,1005.23,1,0,RULES,1,1,1,
2026-09-27 20:39:59,baseline-rules,2710000,30.59,75.44,1005.44,31.67,68.72,1005.16,1,0,RULES,1,1,1,
2026-09-27 20:40:00,baseline-rules,2711000,30.57,75.48,1005.44,31.68,68.72,1005.23,1,0,RULES,1,1,1,
2026-09-27 20:40:01,baseline-rules,2712000,30.58,75.62,1005.52,31.68,68.51,1005.21,1,0,RULES,1,1,1,
2026-09-27 20:40:02,baseline-rules,2713000,30.57,76.62,1005.43,31.67,68.78,1005.16,1,0,RULES,1,1,1,
2026-09-27 20:40:03,baseline-rules,2714000,30.58,76.64,1005.45,31.68,68.89,1005.18,1,0,RULES,1,1,1,
2026-09-27 20:40:04,baseline-rules,2715000,30.57,76.16,1005.43,31.67,68.67,1005.13,1,0,RULES,1,1,1,
2026-09-27 20:40:05,baseline-rules,2716000,30.57,75.46,1005.46,31.67,68.74,1005.24,1,0,RULES,1,1,1,
2026-09-27 20:40:06,baseline-rules,2717000,30.57,75.07,1005.47,31.67,68.99,1005.11,1,0,RULES,1,1,1,
2026-09-27 20:40:07,baseline-rules,2718000,30.57,75.76,1005.36,31.67,68.64,1005.16,1,0,RULES,1,1,1,
2026-09-27 20:40:08,baseline-rules,2719000,30.58,75.65,1005.45,31.68,68.98,1005.14,1,0,RULES,1,1,1,
2026-09-27 20:40:09,baseline-rules,2720000,30.57,75.24,1005.41,31.68,68.57,1005.20,1,0,RULES,1,1,1,
2026-09-27 20:40:10,baseline-rules,2721000,30.58,75.54,1005.45,31.67,68.76,1005.22,1,0,RULES,1,1,1,
2026-09-27 20:40:11,baseline-rules,2722000,30.58,75.32,1005.51,31.66,68.72,1005.17,1,0,RULES,1,1,1,
2026-09-27 20:40:12,baseline-rules,2723000,30.58,75.55,1005.51,31.67,68.88,1005.15,1,0,RULES,1,1,1,
2026-09-27 20:40:13,baseline-rules,2724000,30.58,75.51,1005.52,31.68,68.73,1005.23,1,0,RULES,1,1,1,
2026-09-27 20:40:14,baseline-rules,2725000,30.58,75.67,1005.46,31.68,68.61,1005.23,1,0,RULES,1,1,1,
2026-09-27 20:40:15,baseline-rules,2726000,30.58,75.42,1005.45,31.68,68.55,1005.17,1,0,RULES,1,1,1,
2026-09-27 20:40:16,baseline-rules,2727000,30.60,76.74,1005.45,31.67,68.61,1005.22,1,0,RULES,1,1,1,
2026-09-27 20:40:17,baseline-rules,2728000,30.58,76.77,1005.51,31.67,69.00,1005.16,1,0,RULES,1,1,1,
2026-09-27 20:40:18,baseline-rules,2729000,30.58,75.48,1005.45,31.67,68.59,1005.22,1,0,RULES,1,1,1,
2026-09-27 20:40:19,baseline-rules,2730000,30.58,75.14,1005.39,31.68,68.73,1005.17,1,0,RULES,1,1,1,
2026-09-27 20:40:20,baseline-rules,2731000,30.58,75.36,1005.40,31.67,68.78,1005.16,1,0,RULES,1,1,1,
2026-09-27 20:40:21,baseline-rules,2732000,30.58,75.22,1005.42,31.67,68.65,1005.22,1,0,RULES,1,1,1,
2026-09-27 20:40:22,baseline-rules,2733000,30.58,74.96,1005.45,31.67,68.69,1005.15,1,0,RULES,1,1,1,
2026-09-27 20:40:23,baseline-rules,2734000,30.57,75.14,1005.44,31.67,68.89,1005.15,1,0,RULES,1,1,1,
2026-09-27 20:40:24,baseline-rules,2735000,30.58,75.36,1005.48,31.67,68.73,1005.18,1,0,RULES,1,1,1,
2026-09-27 20:40:25,baseline-rules,2736000,30.57,75.17,1005.38,31.66,68.63,1005.20,1,0,RULES,1,1,1,
2026-09-27 20:40:26,baseline-rules,2737000,30.58,76.24,1005.49,31.67,68.69,1005.21,1,0,RULES,1,1,1,
2026-09-27 20:40:27,baseline-rules,2738000,30.56,76.56,1005.43,31.67,68.67,1005.22,1,0,RULES,1,1,1,
2026-09-27 20:40:28,baseline-rules,2739000,30.56,76.33,1005.42,31.67,68.76,1005.18,1,0,RULES,1,1,1,
2026-09-27 20:40:29,baseline-rules,2740000,30.57,75.86,1005.43,31.67,68.78,1005.15,1,0,RULES,1,1,1,
2026-09-27 20:40:30,baseline-rules,2741000,30.56,76.22,1005.45,31.66,68.79,1005.20,1,0,RULES,1,1,1,
2026-09-27 20:40:31,baseline-rules,2742000,30.57,76.72,1005.44,31.67,68.64,1005.21,1,0,RULES,1,1,1,
2026-09-27 20:40:32,baseline-rules,2743000,30.58,76.36,1005.45,31.67,68.73,1005.16,1,0,RULES,1,1,1,
2026-09-27 20:40:33,baseline-rules,2744000,30.57,76.42,1005.43,31.66,68.95,1005.15,1,0,RULES,1,1,1,
2026-09-27 20:40:34,baseline-rules,2745000,30.56,76.18,1005.48,31.67,68.63,1005.16,1,0,RULES,1,1,1,
2026-09-27 20:40:35,baseline-rules,2746000,30.58,75.34,1005.51,31.67,68.60,1005.25,1,0,RULES,1,1,1,
2026-09-27 20:40:36,baseline-rules,2747000,30.58,75.91,1005.45,31.67,68.69,1005.19,1,0,RULES,1,1,1,
2026-09-27 20:40:37,baseline-rules,2748000,30.56,76.10,1005.43,31.67,68.88,1005.25,1,0,RULES,1,1,1,
2026-09-27 20:40:38,baseline-rules,2749000,30.57,76.01,1005.50,31.68,68.83,1005.25,1,0,RULES,1,1,1,
2026-09-27 20:40:39,baseline-rules,2750000,30.56,75.51,1005.43,31.66,68.67,1005.06,1,0,RULES,1,1,1,
2026-09-27 20:40:40,baseline-rules,2751000,30.57,76.94,1005.46,31.67,68.62,1005.15,1,0,RULES,1,1,1,
2026-09-27 20:40:41,baseline-rules,2752000,30.56,78.08,1005.45,31.67,68.51,1005.22,1,0,RULES,1,1,1,
2026-09-27 20:40:42,baseline-rules,2753000,30.54,76.99,1005.45,31.67,68.76,1005.13,1,0,RULES,1,1,1,
2026-09-27 20:40:43,baseline-rules,2754000,30.55,75.70,1005.46,31.67,68.63,1005.16,1,0,RULES,1,1,1,
2026-09-27 20:40:44,baseline-rules,2755000,30.55,75.36,1005.47,31.67,68.59,1005.18,1,0,RULES,1,1,1,
2026-09-27 20:40:45,baseline-rules,2756000,30.55,76.03,1005.49,31.66,68.58,1005.15,1,0,RULES,1,1,1,
2026-09-27 20:40:46,baseline-rules,2757000,30.53,75.77,1005.43,31.66,68.72,1005.12,1,0,RULES,1,1,1,
2026-09-27 20:40:47,baseline-rules,2758000,30.55,75.67,1005.46,31.67,69.04,1005.15,1,0,RULES,1,1,1,
2026-09-27 20:40:48,baseline-rules,2759000,30.54,76.22,1005.45,31.66,68.67,1005.17,1,0,RULES,1,1,1,
2026-09-27 20:40:49,baseline-rules,2760000,30.55,76.17,1005.44,31.65,68.93,1005.19,1,0,RULES,1,1,1,
2026-09-27 20:40:50,baseline-rules,2761000,30.54,75.64,1005.51,31.66,68.72,1005.20,1,0,RULES,1,1,1,
2026-09-27 20:40:51,baseline-rules,2762000,30.55,75.93,1005.46,31.67,68.63,1005.13,1,0,RULES,1,1,1,
2026-09-27 20:40:52,baseline-rules,2763000,30.54,75.97,1005.45,31.67,68.77,1005.24,1,0,RULES,1,1,1,
2026-09-27 20:40:53,baseline-rules,2764000,30.55,75.52,1005.40,31.66,68.64,1005.17,1,0,RULES,1,1,1,
2026-09-27 20:40:54,baseline-rules,2765000,30.54,76.31,1005.44,31.66,68.61,1005.12,1,0,RULES,1,1,1,
2026-09-27 20:40:55,baseline-rules,2766000,30.54,76.49,1005.44,31.66,68.61,1005.17,1,0,RULES,1,1,1,
2026-09-27 20:40:56,baseline-rules,2767000,30.54,75.69,1005.45,31.67,68.93,1005.21,1,0,RULES,1,1,1,
2026-09-27 20:40:57,baseline-rules,2768000,30.53,75.41,1005.49,31.66,68.74,1005.19,1,0,RULES,1,1,1,
2026-09-27 20:40:58,baseline-rules,2769000,30.53,75.17,1005.49,31.66,69.08,1005.15,1,0,RULES,1,1,1,
2026-09-27 20:40:59,baseline-rules,2770000,30.54,75.08,1005.42,31.66,68.87,1005.17,1,0,RULES,1,1,1,
2026-09-27 20:41:00,baseline-rules,2771000,30.55,75.23,1005.46,31.66,68.76,1005.26,1,0,RULES,1,1,1,
2026-09-27 20:41:01,baseline-rules,2772000,30.54,75.52,1005.42,31.67,68.71,1005.13,1,0,RULES,1,1,1,
2026-09-27 20:41:02,baseline-rules,2773000,30.54,75.36,1005.47,31.65,68.66,1005.16,1,0,RULES,1,1,1,
2026-09-27 20:41:03,baseline-rules,2774000,30.55,75.57,1005.46,31.66,68.68,1005.20,1,0,RULES,1,1,1,
2026-09-27 20:41:04,baseline-rules,2775000,30.54,76.19,1005.48,31.66,68.83,1005.17,1,0,RULES,1,1,1,
2026-09-27 20:41:05,baseline-rules,2776000,30.55,76.33,1005.49,31.66,68.77,1005.17,1,0,RULES,1,1,1,
2026-09-27 20:41:06,baseline-rules,2777000,30.56,77.14,1005.45,31.66,68.74,1005.20,1,0,RULES,1,1,1,
2026-09-27 20:41:06,baseline-rules,,,,,,,,,,,,,,mist A=0 B=0 (burst cap)
2026-09-27 20:41:07,baseline-rules,2778000,30.56,76.33,1005.47,31.66,69.13,1005.15,0,0,RULES,1,1,1,
2026-09-27 20:41:08,baseline-rules,2779000,30.55,75.60,1005.52,31.65,68.96,1005.12,0,0,RULES,1,1,1,
2026-09-27 20:41:09,baseline-rules,2780000,30.55,76.63,1005.47,31.66,68.77,1005.17,0,0,RULES,1,1,1,
2026-09-27 20:41:10,baseline-rules,2781000,30.56,78.31,1005.45,31.65,68.78,1005.18,0,0,RULES,1,1,1,
2026-09-27 20:41:11,baseline-rules,2782000,30.57,79.50,1005.46,31.65,68.84,1005.18,0,0,RULES,1,1,1,
2026-09-27 20:41:12,baseline-rules,2783000,30.56,78.56,1005.47,31.65,68.73,1005.21,0,0,RULES,1,1,1,
2026-09-27 20:41:13,baseline-rules,2784000,30.55,76.86,1005.46,31.65,68.89,1005.19,0,0,RULES,1,1,1,
2026-09-27 20:41:14,baseline-rules,2785000,30.56,76.07,1005.39,31.64,68.87,1005.17,0,0,RULES,1,1,1,
2026-09-27 20:41:15,baseline-rules,2786000,30.56,76.90,1005.42,31.66,68.69,1005.19,0,0,RULES,1,1,1,
2026-09-27 20:41:16,baseline-rules,2787000,30.55,77.09,1005.41,31.65,68.88,1005.19,0,0,RULES,1,1,1,
2026-09-27 20:41:17,baseline-rules,2788000,30.56,76.93,1005.48,31.65,69.21,1005.12,0,0,RULES,1,1,1,
2026-09-27 20:41:18,baseline-rules,2789000,30.57,76.83,1005.44,31.65,68.76,1005.15,0,0,RULES,1,1,1,
2026-09-27 20:41:19,baseline-rules,2790000,30.56,77.01,1005.45,31.64,68.84,1005.20,0,0,RULES,1,1,1,
2026-09-27 20:41:20,baseline-rules,2791000,30.58,77.40,1005.42,31.65,68.88,1005.21,0,0,RULES,1,1,1,
2026-09-27 20:41:21,baseline-rules,2792000,30.57,77.45,1005.49,31.65,68.93,1005.15,0,0,RULES,1,1,1,
2026-09-27 20:41:22,baseline-rules,2793000,30.57,77.26,1005.44,31.65,69.00,1005.18,0,0,RULES,1,1,1,
2026-09-27 20:41:23,baseline-rules,2794000,30.58,77.46,1005.46,31.65,68.79,1005.19,0,0,RULES,1,1,1,
2026-09-27 20:41:24,baseline-rules,2795000,30.58,77.10,1005.52,31.65,69.02,1005.19,0,0,RULES,1,1,1,
2026-09-27 20:41:25,baseline-rules,2796000,30.57,77.22,1005.41,31.64,68.87,1005.17,0,0,RULES,1,1,1,
2026-09-27 20:41:26,baseline-rules,2797000,30.57,77.10,1005.47,31.64,68.98,1005.17,0,0,RULES,1,1,1,
2026-09-27 20:41:27,baseline-rules,2798000,30.57,77.03,1005.43,31.65,68.82,1005.18,0,0,RULES,1,1,1,
2026-09-27 20:41:28,baseline-rules,2799000,30.57,76.58,1005.44,31.65,68.90,1005.21,0,0,RULES,1,1,1,
2026-09-27 20:41:29,baseline-rules,2800000,30.58,76.19,1005.45,31.64,68.83,1005.11,0,0,RULES,1,1,1,
2026-09-27 20:41:30,baseline-rules,2801000,30.57,76.04,1005.47,31.65,68.81,1005.21,0,0,RULES,1,1,1,
2026-09-27 20:41:31,baseline-rules,2802000,30.58,76.76,1005.45,31.64,68.79,1005.14,0,0,RULES,1,1,1,
2026-09-27 20:41:32,baseline-rules,2803000,30.59,76.35,1005.50,31.64,68.76,1005.23,0,0,RULES,1,1,1,
2026-09-27 20:41:33,baseline-rules,2804000,30.58,76.09,1005.48,31.64,68.87,1005.09,0,0,RULES,1,1,1,
2026-09-27 20:41:34,baseline-rules,2805000,30.58,76.23,1005.48,31.64,68.76,1005.23,0,0,RULES,1,1,1,
2026-09-27 20:41:35,baseline-rules,2806000,30.58,76.04,1005.46,31.64,68.84,1005.11,0,0,RULES,1,1,1,
2026-09-27 20:41:36,baseline-rules,2807000,30.60,76.58,1005.42,31.64,69.00,1005.17,0,0,RULES,1,1,1,
2026-09-27 20:41:37,baseline-rules,2808000,30.60,77.45,1005.48,31.64,68.91,1005.19,0,0,RULES,1,1,1,
2026-09-27 20:41:38,baseline-rules,2809000,30.60,76.65,1005.45,31.64,68.72,1005.17,0,0,RULES,1,1,1,
2026-09-27 20:41:39,baseline-rules,2810000,30.61,75.98,1005.46,31.64,69.04,1005.23,0,0,RULES,1,1,1,
2026-09-27 20:41:40,baseline-rules,2811000,30.61,76.22,1005.46,31.64,68.79,1005.17,0,0,RULES,1,1,1,
2026-09-27 20:41:41,baseline-rules,2812000,30.61,77.29,1005.50,31.65,68.84,1005.21,0,0,RULES,1,1,1,
2026-09-27 20:41:42,baseline-rules,2813000,30.61,76.52,1005.49,31.65,68.76,1005.18,0,0,RULES,1,1,1,
2026-09-27 20:41:43,baseline-rules,2814000,30.62,75.49,1005.45,31.65,68.76,1005.19,0,0,RULES,1,1,1,
2026-09-27 20:41:44,baseline-rules,2815000,30.63,75.35,1005.47,31.64,69.05,1005.16,0,0,RULES,1,1,1,
2026-09-27 20:41:45,baseline-rules,2816000,30.62,75.35,1005.45,31.65,68.95,1005.18,0,0,RULES,1,1,1,
2026-09-27 20:41:46,baseline-rules,2817000,30.63,75.70,1005.41,31.64,68.81,1005.23,0,0,RULES,1,1,1,
2026-09-27 20:41:47,baseline-rules,2818000,30.64,75.09,1005.48,31.64,68.85,1005.14,0,0,RULES,1,1,1,
2026-09-27 20:41:48,baseline-rules,2819000,30.64,75.10,1005.41,31.65,69.00,1005.23,0,0,RULES,1,1,1,
2026-09-27 20:41:49,baseline-rules,2820000,30.64,75.75,1005.52,31.65,68.79,1005.15,0,0,RULES,1,1,1,
2026-09-27 20:41:50,baseline-rules,2821000,30.63,75.83,1005.45,31.64,68.85,1005.23,0,0,RULES,1,1,1,
2026-09-27 20:41:51,baseline-rules,2822000,30.65,75.07,1005.41,31.64,68.83,1005.17,0,0,RULES,1,1,1,
2026-09-27 20:41:52,baseline-rules,2823000,30.65,75.28,1005.48,31.64,69.00,1005.16,0,0,RULES,1,1,1,
2026-09-27 20:41:53,baseline-rules,2824000,30.65,74.80,1005.41,31.64,69.25,1005.16,0,0,RULES,1,1,1,
2026-09-27 20:41:54,baseline-rules,2825000,30.66,75.27,1005.41,31.63,68.76,1005.15,0,0,RULES,1,1,1,
2026-09-27 20:41:55,baseline-rules,2826000,30.67,74.88,1005.45,31.64,68.83,1005.17,0,0,RULES,1,1,1,
2026-09-27 20:41:56,baseline-rules,2827000,30.67,75.16,1005.40,31.64,68.80,1005.16,0,0,RULES,1,1,1,
2026-09-27 20:41:57,baseline-rules,2828000,30.68,75.08,1005.41,31.65,68.81,1005.19,0,0,RULES,1,1,1,
2026-09-27 20:41:58,baseline-rules,2829000,30.69,75.95,1005.46,31.63,68.92,1005.13,0,0,RULES,1,1,1,
2026-09-27 20:41:59,baseline-rules,2830000,30.70,76.57,1005.38,31.65,68.92,1005.18,0,0,RULES,1,1,1,
2026-09-27 20:42:00,baseline-rules,2831000,30.69,75.70,1005.48,31.65,68.96,1005.24,0,0,RULES,1,1,1,
2026-09-27 20:42:01,baseline-rules,2832000,30.69,74.92,1005.45,31.64,69.10,1005.25,0,0,RULES,1,1,1,
2026-09-27 20:42:02,baseline-rules,2833000,30.69,74.60,1005.46,31.64,68.78,1005.17,0,0,RULES,1,1,1,
2026-09-27 20:42:03,baseline-rules,2834000,30.70,74.54,1005.45,31.64,68.71,1005.16,0,0,RULES,1,1,1,
2026-09-27 20:42:04,baseline-rules,2835000,30.71,74.81,1005.46,31.65,68.92,1005.12,0,0,RULES,1,1,1,
2026-09-27 20:42:05,baseline-rules,2836000,30.71,75.58,1005.43,31.64,68.88,1005.23,0,0,RULES,1,1,1,
2026-09-27 20:42:06,baseline-rules,2837000,30.70,75.25,1005.44,31.64,68.92,1005.17,0,0,RULES,1,1,1,
2026-09-27 20:42:07,baseline-rules,2838000,30.70,74.64,1005.36,31.64,68.82,1005.23,0,0,RULES,1,1,1,
2026-09-27 20:42:08,baseline-rules,2839000,30.72,74.92,1005.40,31.64,68.85,1005.14,0,0,RULES,1,1,1,
2026-09-27 20:42:09,baseline-rules,2840000,30.72,74.75,1005.48,31.64,68.89,1005.23,0,0,RULES,1,1,1,
2026-09-27 20:42:10,baseline-rules,2841000,30.74,74.46,1005.45,31.64,69.17,1005.14,0,0,RULES,1,1,1,
2026-09-27 20:42:11,baseline-rules,2842000,30.73,74.50,1005.43,31.64,68.92,1005.23,0,0,RULES,1,1,1,
2026-09-27 20:42:12,baseline-rules,2843000,30.73,74.29,1005.41,31.64,68.75,1005.20,0,0,RULES,1,1,1,
2026-09-27 20:42:13,baseline-rules,2844000,30.74,74.63,1005.43,31.64,68.81,1005.19,0,0,RULES,1,1,1,
2026-09-27 20:42:14,baseline-rules,2845000,30.75,74.63,1005.41,31.64,68.78,1005.20,0,0,RULES,1,1,1,
2026-09-27 20:42:15,baseline-rules,2846000,30.74,74.53,1005.45,31.63,68.94,1005.13,0,0,RULES,1,1,1,
2026-09-27 20:42:16,baseline-rules,2847000,30.75,75.27,1005.41,31.65,68.81,1005.26,0,0,RULES,1,1,1,
2026-09-27 20:42:17,baseline-rules,2848000,30.76,75.01,1005.42,31.64,68.84,1005.11,0,0,RULES,1,1,1,
2026-09-27 20:42:18,baseline-rules,2849000,30.76,74.53,1005.40,31.64,68.90,1005.16,0,0,RULES,1,1,1,
2026-09-27 20:42:19,baseline-rules,2850000,30.77,75.07,1005.44,31.64,68.84,1005.16,0,0,RULES,1,1,1,
2026-09-27 20:42:20,baseline-rules,2851000,30.76,74.81,1005.40,31.64,68.89,1005.17,0,0,RULES,1,1,1,
2026-09-27 20:42:21,baseline-rules,2852000,30.77,75.12,1005.42,31.63,68.91,1005.18,0,0,RULES,1,1,1,
2026-09-27 20:42:22,baseline-rules,2853000,30.78,76.69,1005.46,31.64,68.96,1005.16,0,0,RULES,1,1,1,
2026-09-27 20:42:23,baseline-rules,2854000,30.77,75.36,1005.47,31.64,68.81,1005.17,0,0,RULES,1,1,1,
2026-09-27 20:42:24,baseline-rules,2855000,30.79,76.52,1005.44,31.63,68.95,1005.15,0,0,RULES,1,1,1,
2026-09-27 20:42:25,baseline-rules,2856000,30.78,76.09,1005.44,31.63,68.89,1005.24,0,0,RULES,1,1,1,
2026-09-27 20:42:26,baseline-rules,2857000,30.79,75.90,1005.42,31.64,68.78,1005.20,0,0,RULES,1,1,1,
2026-09-27 20:42:27,baseline-rules,2858000,30.79,75.08,1005.40,31.65,68.92,1005.18,0,0,RULES,1,1,1,
2026-09-27 20:42:28,baseline-rules,2859000,30.78,74.95,1005.49,31.64,68.85,1005.17,0,0,RULES,1,1,1,
2026-09-27 20:42:29,baseline-rules,2860000,30.80,76.51,1005.40,31.64,68.77,1005.19,0,0,RULES,1,1,1,
2026-09-27 20:42:30,baseline-rules,2861000,30.81,76.94,1005.45,31.64,68.76,1005.17,0,0,RULES,1,1,1,
2026-09-27 20:42:31,baseline-rules,2862000,30.80,77.09,1005.40,31.64,68.76,1005.14,0,0,RULES,1,1,1,
2026-09-27 20:42:32,baseline-rules,2863000,30.81,77.39,1005.46,31.64,68.76,1005.11,0,0,RULES,1,1,1,
2026-09-27 20:42:33,baseline-rules,2864000,30.80,76.63,1005.41,31.64,68.76,1005.17,0,0,RULES,1,1,1,
2026-09-27 20:42:34,baseline-rules,2865000,30.80,75.18,1005.46,31.63,68.83,1005.21,0,0,RULES,1,1,1,
2026-09-27 20:42:35,baseline-rules,2866000,30.80,74.33,1005.47,31.64,68.75,1005.17,0,0,RULES,1,1,1,
2026-09-27 20:42:36,baseline-rules,2867000,30.81,74.56,1005.46,31.64,68.92,1005.22,0,0,RULES,1,1,1,
2026-09-27 20:42:37,baseline-rules,2868000,30.81,75.68,1005.45,31.64,69.01,1005.16,0,0,RULES,1,1,1,
2026-09-27 20:42:38,baseline-rules,2869000,30.82,76.66,1005.46,31.63,68.75,1005.21,0,0,RULES,1,1,1,
2026-09-27 20:42:39,baseline-rules,2870000,30.81,75.30,1005.45,31.63,68.75,1005.15,0,0,RULES,1,1,1,
2026-09-27 20:42:40,baseline-rules,2871000,30.82,74.75,1005.44,31.64,68.81,1005.19,0,0,RULES,1,1,1,
2026-09-27 20:42:41,baseline-rules,2872000,30.82,74.45,1005.49,31.63,68.90,1005.10,0,0,RULES,1,1,1,
2026-09-27 20:42:42,baseline-rules,2873000,30.83,74.35,1005.45,31.64,68.67,1005.14,0,0,RULES,1,1,1,
2026-09-27 20:42:43,baseline-rules,2874000,30.83,74.41,1005.40,31.64,68.89,1005.19,0,0,RULES,1,1,1,
2026-09-27 20:42:44,baseline-rules,2875000,30.84,75.12,1005.50,31.63,68.77,1005.15,0,0,RULES,1,1,1,
2026-09-27 20:42:45,baseline-rules,2876000,30.84,74.24,1005.41,31.63,68.79,1005.13,0,0,RULES,1,1,1,
2026-09-27 20:42:46,baseline-rules,2877000,30.85,74.54,1005.43,31.65,68.84,1005.21,0,0,RULES,1,1,1,
2026-09-27 20:42:47,baseline-rules,2878000,30.84,74.82,1005.44,31.65,68.83,1005.15,0,0,RULES,1,1,1,
2026-09-27 20:42:48,baseline-rules,2879000,30.83,74.52,1005.40,31.64,68.75,1005.16,0,0,RULES,1,1,1,
2026-09-27 20:42:49,baseline-rules,2880000,30.85,74.29,1005.43,31.63,68.71,1005.15,0,0,RULES,1,1,1,
2026-09-27 20:42:50,baseline-rules,2881000,30.86,74.45,1005.44,31.63,68.83,1005.18,0,0,RULES,1,1,1,
2026-09-27 20:42:51,baseline-rules,2882000,30.87,74.20,1005.46,31.64,68.83,1005.16,0,0,RULES,1,1,1,
2026-09-27 20:42:52,baseline-rules,2883000,30.86,74.15,1005.44,31.64,68.74,1005.28,0,0,RULES,1,1,1,
2026-09-27 20:42:53,baseline-rules,2884000,30.87,75.18,1005.44,31.64,68.72,1005.13,0,0,RULES,1,1,1,
2026-09-27 20:42:54,baseline-rules,2885000,30.87,74.65,1005.46,31.64,69.13,1005.23,0,0,RULES,1,1,1,
2026-09-27 20:42:55,baseline-rules,2886000,30.88,74.23,1005.45,31.64,69.05,1005.23,0,0,RULES,1,1,1,
2026-09-27 20:42:56,baseline-rules,2887000,30.87,74.19,1005.40,31.64,68.86,1005.27,0,0,RULES,1,1,1,
2026-09-27 20:42:57,baseline-rules,2888000,30.87,73.85,1005.44,31.63,68.84,1005.13,0,0,RULES,1,1,1,
2026-09-27 20:42:58,baseline-rules,2889000,30.88,73.94,1005.42,31.64,68.97,1005.13,0,0,RULES,1,1,1,
2026-09-27 20:42:59,baseline-rules,2890000,30.88,73.94,1005.43,31.63,68.76,1005.21,0,0,RULES,1,1,1,
2026-09-27 20:43:00,baseline-rules,2891000,30.88,73.87,1005.40,31.64,68.74,1005.16,0,0,RULES,1,1,1,
2026-09-27 20:43:01,baseline-rules,2892000,30.89,74.43,1005.41,31.64,68.79,1005.25,0,0,RULES,1,1,1,
2026-09-27 20:43:02,baseline-rules,2893000,30.90,75.16,1005.51,31.63,68.81,1005.18,0,0,RULES,1,1,1,
2026-09-27 20:43:03,baseline-rules,2894000,30.89,74.42,1005.44,31.63,68.71,1005.18,0,0,RULES,1,1,1,
2026-09-27 20:43:04,baseline-rules,2895000,30.90,73.76,1005.42,31.63,68.70,1005.17,0,0,RULES,1,1,1,
2026-09-27 20:43:05,baseline-rules,2896000,30.91,73.73,1005.41,31.62,68.73,1005.17,0,0,RULES,1,1,1,
2026-09-27 20:43:06,baseline-rules,2897000,30.91,74.20,1005.50,31.62,68.82,1005.17,0,0,RULES,1,1,1,
2026-09-27 20:43:07,baseline-rules,2898000,30.90,74.45,1005.40,31.63,68.75,1005.18,0,0,RULES,1,1,1,
2026-09-27 20:43:08,baseline-rules,2899000,30.91,73.70,1005.44,31.63,68.68,1005.15,0,0,RULES,1,1,1,
2026-09-27 20:43:09,baseline-rules,2900000,30.91,74.21,1005.41,31.63,68.76,1005.15,0,0,RULES,1,1,1,
2026-09-27 20:43:10,baseline-rules,2901000,30.91,73.66,1005.48,31.62,68.88,1005.19,0,0,RULES,1,1,1,
2026-09-27 20:43:11,baseline-rules,2902000,30.90,73.71,1005.40,31.62,68.78,1005.17,0,0,RULES,1,1,1,
2026-09-27 20:43:12,baseline-rules,2903000,30.91,73.84,1005.44,31.63,68.92,1005.12,0,0,RULES,1,1,1,
2026-09-27 20:43:13,baseline-rules,2904000,30.91,74.25,1005.45,31.62,68.87,1005.11,0,0,RULES,1,1,1,
2026-09-27 20:43:14,baseline-rules,2905000,30.91,74.37,1005.45,31.63,68.79,1005.23,0,0,RULES,1,1,1,
2026-09-27 20:43:15,baseline-rules,2906000,30.91,73.72,1005.39,31.62,68.83,1005.19,0,0,RULES,1,1,1,
2026-09-27 20:43:16,baseline-rules,2907000,30.92,74.26,1005.41,31.62,68.75,1005.17,0,0,RULES,1,1,1,
2026-09-27 20:43:17,baseline-rules,2908000,30.93,74.41,1005.45,31.63,69.12,1005.17,0,0,RULES,1,1,1,
2026-09-27 20:43:18,baseline-rules,2909000,30.93,75.15,1005.47,31.63,69.15,1005.15,0,0,RULES,1,1,1,
2026-09-27 20:43:19,baseline-rules,2910000,30.93,75.61,1005.48,31.62,68.85,1005.19,0,0,RULES,1,1,1,
2026-09-27 20:43:20,baseline-rules,2911000,30.94,77.15,1005.46,31.63,68.93,1005.21,0,0,RULES,1,1,1,
2026-09-27 20:43:21,baseline-rules,2912000,30.92,76.05,1005.44,31.63,68.96,1005.17,0,0,RULES,1,1,1,
2026-09-27 20:43:22,baseline-rules,2913000,30.93,76.22,1005.36,31.62,68.96,1005.17,0,0,RULES,1,1,1,
2026-09-27 20:43:23,baseline-rules,2914000,30.94,77.04,1005.41,31.63,68.88,1005.20,0,0,RULES,1,1,1,
2026-09-27 20:43:24,baseline-rules,2915000,30.93,74.74,1005.39,31.62,69.16,1005.08,0,0,RULES,1,1,1,
2026-09-27 20:43:25,baseline-rules,2916000,30.93,74.13,1005.42,31.63,68.94,1005.18,0,0,RULES,1,1,1,
2026-09-27 20:43:26,baseline-rules,2917000,30.93,74.05,1005.48,31.63,68.76,1005.15,0,0,RULES,1,1,1,
2026-09-27 20:43:27,baseline-rules,2918000,30.94,73.88,1005.40,31.63,68.83,1005.18,0,0,RULES,1,1,1,
2026-09-27 20:43:28,baseline-rules,2919000,30.94,73.47,1005.40,31.63,68.73,1005.12,0,0,RULES,1,1,1,
2026-09-27 20:43:29,baseline-rules,2920000,30.94,74.37,1005.44,31.63,68.83,1005.15,0,0,RULES,1,1,1,
2026-09-27 20:43:30,baseline-rules,2921000,30.93,73.58,1005.40,31.63,68.87,1005.12,0,0,RULES,1,1,1,
2026-09-27 20:43:31,baseline-rules,2922000,30.95,74.39,1005.42,31.62,68.90,1005.17,0,0,RULES,1,1,1,
2026-09-27 20:43:32,baseline-rules,2923000,30.94,74.31,1005.43,31.63,68.93,1005.21,0,0,RULES,1,1,1,
2026-09-27 20:43:33,baseline-rules,2924000,30.95,74.01,1005.48,31.63,68.73,1005.15,0,0,RULES,1,1,1,
2026-09-27 20:43:34,baseline-rules,2925000,30.94,73.73,1005.49,31.63,68.75,1005.17,0,0,RULES,1,1,1,
2026-09-27 20:43:35,baseline-rules,2926000,30.95,73.51,1005.48,31.62,68.75,1005.16,0,0,RULES,1,1,1,
2026-09-27 20:43:36,baseline-rules,2927000,30.95,74.22,1005.46,31.62,68.62,1005.14,0,0,RULES,1,1,1,
2026-09-27 20:43:37,baseline-rules,2928000,30.96,74.49,1005.35,31.62,68.68,1005.19,0,0,RULES,1,1,1,
2026-09-27 20:43:38,baseline-rules,2929000,30.95,74.36,1005.39,31.61,68.75,1005.18,0,0,RULES,1,1,1,
2026-09-27 20:43:39,baseline-rules,2930000,30.95,73.66,1005.39,31.62,68.97,1005.14,0,0,RULES,1,1,1,
2026-09-27 20:43:40,baseline-rules,2931000,30.95,73.37,1005.43,31.62,68.69,1005.13,0,0,RULES,1,1,1,
2026-09-27 20:43:41,baseline-rules,2932000,30.96,73.37,1005.46,31.61,68.82,1005.18,0,0,RULES,1,1,1,
2026-09-27 20:43:42,baseline-rules,2933000,30.96,73.44,1005.47,31.62,69.11,1005.22,0,0,RULES,1,1,1,
2026-09-27 20:43:43,baseline-rules,2934000,30.96,73.11,1005.49,31.62,69.20,1005.19,0,0,RULES,1,1,1,
2026-09-27 20:43:44,baseline-rules,2935000,30.96,74.39,1005.44,31.62,68.94,1005.16,0,0,RULES,1,1,1,
2026-09-27 20:43:45,baseline-rules,2936000,30.96,73.72,1005.38,31.63,69.08,1005.23,0,0,RULES,1,1,1,
2026-09-27 20:43:46,baseline-rules,2937000,30.96,73.20,1005.44,31.63,68.66,1005.21,0,0,RULES,1,1,1,
2026-09-27 20:43:47,baseline-rules,2938000,30.96,73.10,1005.44,31.62,69.09,1005.14,0,0,RULES,1,1,1,
2026-09-27 20:43:48,baseline-rules,2939000,30.98,73.88,1005.40,31.61,68.84,1005.18,0,0,RULES,1,1,1,
2026-09-27 20:43:49,baseline-rules,2940000,30.97,73.07,1005.42,31.62,69.14,1005.19,0,0,RULES,1,1,1,
2026-09-27 20:43:50,baseline-rules,2941000,30.96,73.34,1005.39,31.62,69.03,1005.27,0,0,RULES,1,1,1,
2026-09-27 20:43:51,baseline-rules,2942000,30.96,72.82,1005.44,31.62,69.02,1005.07,0,0,RULES,1,1,1,
2026-09-27 20:43:52,baseline-rules,2943000,30.97,73.25,1005.42,31.62,68.97,1005.17,0,0,RULES,1,1,1,
2026-09-27 20:43:53,baseline-rules,2944000,30.97,74.21,1005.45,31.62,69.17,1005.19,0,0,RULES,1,1,1,
2026-09-27 20:43:54,baseline-rules,2945000,30.97,73.42,1005.45,31.61,68.91,1005.18,0,0,RULES,1,1,1,
2026-09-27 20:43:55,baseline-rules,2946000,30.98,73.47,1005.38,31.61,69.05,1005.15,0,0,RULES,1,1,1,
2026-09-27 20:43:56,baseline-rules,2947000,30.99,73.46,1005.42,31.62,69.10,1005.13,0,0,RULES,1,1,1,
2026-09-27 20:43:57,baseline-rules,2948000,30.98,73.44,1005.44,31.62,68.99,1005.19,0,0,RULES,1,1,1,
2026-09-27 20:43:58,baseline-rules,2949000,30.99,74.49,1005.48,31.61,68.97,1005.15,0,0,RULES,1,1,1,
2026-09-27 20:43:59,baseline-rules,2950000,30.98,73.74,1005.53,31.60,69.12,1005.19,0,0,RULES,1,1,1,
2026-09-27 20:44:00,baseline-rules,2951000,30.98,73.49,1005.41,31.61,69.20,1005.15,0,0,RULES,1,1,1,
2026-09-27 20:44:01,baseline-rules,2952000,30.99,75.02,1005.42,31.61,69.18,1005.14,0,0,RULES,1,1,1,
2026-09-27 20:44:02,baseline-rules,2953000,30.98,73.94,1005.50,31.61,69.15,1005.15,0,0,RULES,1,1,1,
2026-09-27 20:44:03,baseline-rules,2954000,30.99,74.05,1005.48,31.61,69.18,1005.21,0,0,RULES,1,1,1,
2026-09-27 20:44:04,baseline-rules,2955000,30.98,73.50,1005.50,31.61,68.94,1005.12,0,0,RULES,1,1,1,
2026-09-27 20:44:05,baseline-rules,2956000,30.98,73.91,1005.44,31.62,68.94,1005.16,0,0,RULES,1,1,1,
2026-09-27 20:44:06,baseline-rules,2957000,30.98,73.19,1005.44,31.60,69.07,1005.16,0,0,RULES,1,1,1,
2026-09-27 20:44:06,baseline-rules,,,,,,,,,,,,,,mist A=1 B=0 (below lo)
2026-09-27 20:44:07,baseline-rules,2958000,31.00,74.25,1005.44,31.61,69.07,1005.14,1,0,RULES,1,1,1,
2026-09-27 20:44:08,baseline-rules,2959000,30.99,74.71,1005.43,31.61,68.76,1005.20,1,0,RULES,1,1,1,
2026-09-27 20:44:09,baseline-rules,2960000,31.00,75.19,1005.42,31.61,68.99,1005.14,1,0,RULES,1,1,1,
2026-09-27 20:44:10,baseline-rules,2961000,31.00,74.87,1005.41,31.61,68.74,1005.18,1,0,RULES,1,1,1,
2026-09-27 20:44:11,baseline-rules,2962000,30.99,74.10,1005.42,31.61,68.82,1005.21,1,0,RULES,1,1,1,
2026-09-27 20:44:12,baseline-rules,2963000,30.99,73.19,1005.39,31.61,68.70,1005.18,1,0,RULES,1,1,1,
2026-09-27 20:44:13,baseline-rules,2964000,30.99,73.11,1005.45,31.61,68.66,1005.23,1,0,RULES,1,1,1,
2026-09-27 20:44:14,baseline-rules,2965000,31.00,73.38,1005.41,31.60,68.83,1005.15,1,0,RULES,1,1,1,
2026-09-27 20:44:15,baseline-rules,2966000,30.99,73.28,1005.40,31.61,68.69,1005.21,1,0,RULES,1,1,1,
2026-09-27 20:44:16,baseline-rules,2967000,31.01,74.27,1005.45,31.61,68.66,1005.17,1,0,RULES,1,1,1,
2026-09-27 20:44:17,baseline-rules,2968000,31.00,75.19,1005.47,31.61,68.85,1005.20,1,0,RULES,1,1,1,
2026-09-27 20:44:18,baseline-rules,2969000,31.01,76.48,1005.40,31.61,68.77,1005.18,1,0,RULES,1,1,1,
2026-09-27 20:44:19,baseline-rules,2970000,30.99,75.36,1005.46,31.61,68.86,1005.18,1,0,RULES,1,1,1,
2026-09-27 20:44:20,baseline-rules,2971000,30.97,74.25,1005.48,31.60,68.73,1005.16,1,0,RULES,1,1,1,
2026-09-27 20:44:21,baseline-rules,2972000,30.99,74.01,1005.48,31.61,69.06,1005.12,1,0,RULES,1,1,1,
2026-09-27 20:44:22,baseline-rules,2973000,30.98,73.80,1005.47,31.60,69.08,1005.22,1,0,RULES,1,1,1,
2026-09-27 20:44:23,baseline-rules,2974000,30.96,74.42,1005.47,31.61,69.17,1005.18,1,0,RULES,1,1,1,
2026-09-27 20:44:24,baseline-rules,2975000,30.98,74.24,1005.46,31.60,68.94,1005.16,1,0,RULES,1,1,1,
2026-09-27 20:44:25,baseline-rules,2976000,30.96,74.01,1005.46,31.61,69.03,1005.18,1,0,RULES,1,1,1,
2026-09-27 20:44:26,baseline-rules,2977000,30.96,74.24,1005.46,31.61,68.78,1005.20,1,0,RULES,1,1,1,
2026-09-27 20:44:27,baseline-rules,2978000,30.95,74.35,1005.43,31.61,68.71,1005.23,1,0,RULES,1,1,1,
2026-09-27 20:44:28,baseline-rules,2979000,30.94,73.34,1005.44,31.61,68.88,1005.20,1,0,RULES,1,1,1,
2026-09-27 20:44:29,baseline-rules,2980000,30.93,73.55,1005.45,31.61,69.23,1005.23,1,0,RULES,1,1,1,
2026-09-27 20:44:30,baseline-rules,2981000,30.95,73.69,1005.39,31.61,68.72,1005.18,1,0,RULES,1,1,1,
2026-09-27 20:44:31,baseline-rules,2982000,30.94,74.03,1005.38,31.61,68.81,1005.20,1,0,RULES,1,1,1,
2026-09-27 20:44:32,baseline-rules,2983000,30.94,74.47,1005.44,31.61,68.75,1005.21,1,0,RULES,1,1,1,
2026-09-27 20:44:33,baseline-rules,2984000,30.94,74.55,1005.46,31.61,68.76,1005.18,1,0,RULES,1,1,1,
2026-09-27 20:44:34,baseline-rules,2985000,30.95,74.11,1005.42,31.61,68.72,1005.18,1,0,RULES,1,1,1,
2026-09-27 20:44:35,baseline-rules,2986000,30.94,74.12,1005.46,31.60,68.73,1005.16,1,0,RULES,1,1,1,
2026-09-27 20:44:36,baseline-rules,2987000,30.94,74.12,1005.43,31.62,68.82,1005.19,1,0,RULES,1,1,1,
2026-09-27 20:44:37,baseline-rules,2988000,30.94,74.41,1005.46,31.61,68.93,1005.15,1,0,RULES,1,1,1,
2026-09-27 20:44:38,baseline-rules,2989000,30.93,76.28,1005.45,31.61,68.82,1005.23,1,0,RULES,1,1,1,
2026-09-27 20:44:39,baseline-rules,2990000,30.91,77.75,1005.41,31.62,68.70,1005.16,1,0,RULES,1,1,1,
2026-09-27 20:44:40,baseline-rules,2991000,30.87,76.99,1005.40,31.61,68.84,1005.21,1,0,RULES,1,1,1,
2026-09-27 20:44:41,baseline-rules,2992000,30.86,75.88,1005.44,31.62,68.68,1005.21,1,0,RULES,1,1,1,
2026-09-27 20:44:42,baseline-rules,2993000,30.86,75.45,1005.39,31.61,68.93,1005.23,1,0,RULES,1,1,1,
2026-09-27 20:44:43,baseline-rules,2994000,30.85,75.07,1005.43,31.61,68.88,1005.20,1,0,RULES,1,1,1,
2026-09-27 20:44:44,baseline-rules,2995000,30.85,74.64,1005.43,31.61,68.88,1005.18,1,0,RULES,1,1,1,
2026-09-27 20:44:45,baseline-rules,2996000,30.84,74.12,1005.42,31.61,69.14,1005.17,1,0,RULES,1,1,1,
2026-09-27 20:44:46,baseline-rules,2997000,30.84,74.21,1005.42,31.60,68.77,1005.22,1,0,RULES,1,1,1,
2026-09-27 20:44:47,baseline-rules,2998000,30.83,75.42,1005.40,31.61,68.92,1005.18,1,0,RULES,1,1,1,
2026-09-27 20:44:48,baseline-rules,2999000,30.84,77.29,1005.44,31.60,68.85,1005.19,1,0,RULES,1,1,1,
2026-09-27 20:44:49,baseline-rules,3000000,30.81,75.40,1005.43,31.61,68.77,1005.18,1,0,RULES,1,1,1,
2026-09-27 20:44:50,baseline-rules,3001000,30.80,76.11,1005.33,31.62,68.75,1005.21,1,0,RULES,1,1,1,
2026-09-27 20:44:51,baseline-rules,3002000,30.78,75.76,1005.48,31.61,68.83,1005.18,1,0,RULES,1,1,1,
2026-09-27 20:44:52,baseline-rules,3003000,30.78,76.49,1005.43,31.61,68.70,1005.17,1,0,RULES,1,1,1,
2026-09-27 20:44:53,baseline-rules,3004000,30.78,77.12,1005.49,31.61,69.04,1005.14,1,0,RULES,1,1,1,
2026-09-27 20:44:54,baseline-rules,3005000,30.77,75.70,1005.42,31.60,69.13,1005.13,1,0,RULES,1,1,1,
2026-09-27 20:44:55,baseline-rules,3006000,30.77,75.51,1005.38,31.60,68.88,1005.16,1,0,RULES,1,1,1,
2026-09-27 20:44:56,baseline-rules,3007000,30.76,75.08,1005.42,31.60,68.72,1005.16,1,0,RULES,1,1,1,
2026-09-27 20:44:57,baseline-rules,3008000,30.76,74.39,1005.42,31.60,68.81,1005.13,1,0,RULES,1,1,1,
2026-09-27 20:44:58,baseline-rules,3009000,30.76,75.00,1005.40,31.61,68.99,1005.17,1,0,RULES,1,1,1,
2026-09-27 20:44:59,baseline-rules,3010000,30.78,76.71,1005.43,31.60,68.89,1005.16,1,0,RULES,1,1,1,
2026-09-27 20:45:00,baseline-rules,3011000,30.77,77.36,1005.41,31.60,68.84,1005.13,1,0,RULES,1,1,1,
2026-09-27 20:45:01,baseline-rules,3012000,30.76,76.11,1005.40,31.60,68.87,1005.19,1,0,RULES,1,1,1,
2026-09-27 20:45:02,baseline-rules,3013000,30.76,75.54,1005.40,31.60,68.62,1005.16,1,0,RULES,1,1,1,
2026-09-27 20:45:03,baseline-rules,3014000,30.78,76.27,1005.48,31.60,69.02,1005.16,1,0,RULES,1,1,1,
2026-09-27 20:45:04,baseline-rules,3015000,30.76,75.43,1005.40,31.60,69.08,1005.16,1,0,RULES,1,1,1,
2026-09-27 20:45:05,baseline-rules,3016000,30.76,74.55,1005.43,31.60,68.96,1005.22,1,0,RULES,1,1,1,
2026-09-27 20:45:06,baseline-rules,3017000,30.76,74.59,1005.40,31.60,69.11,1005.16,1,0,RULES,1,1,1,
2026-09-27 20:45:07,baseline-rules,3018000,30.75,74.77,1005.47,31.60,69.11,1005.21,1,0,RULES,1,1,1,
2026-09-27 20:45:08,baseline-rules,3019000,30.75,74.58,1005.44,31.61,68.70,1005.23,1,0,RULES,1,1,1,
2026-09-27 20:45:09,baseline-rules,3020000,30.75,75.03,1005.38,31.60,69.01,1005.19,1,0,RULES,1,1,1,
2026-09-27 20:45:10,baseline-rules,3021000,30.74,75.05,1005.51,31.60,69.15,1005.24,1,0,RULES,1,1,1,
2026-09-27 20:45:11,baseline-rules,3022000,30.74,74.74,1005.48,31.60,69.13,1005.19,1,0,RULES,1,1,1,
2026-09-27 20:45:12,baseline-rules,3023000,30.75,74.83,1005.44,31.60,69.11,1005.13,1,0,RULES,1,1,1,
2026-09-27 20:45:13,baseline-rules,3024000,30.76,75.74,1005.42,31.61,69.22,1005.14,1,0,RULES,1,1,1,
2026-09-27 20:45:14,baseline-rules,3025000,30.75,76.93,1005.44,31.60,69.12,1005.18,1,0,RULES,1,1,1,
2026-09-27 20:45:15,baseline-rules,3026000,30.74,78.05,1005.40,31.59,68.96,1005.20,1,0,RULES,1,1,1,
2026-09-27 20:45:16,baseline-rules,3027000,30.73,78.82,1005.41,31.60,69.16,1005.13,1,0,RULES,1,1,1,
2026-09-27 20:45:17,baseline-rules,3028000,30.72,78.92,1005.48,31.61,68.94,1005.17,1,0,RULES,1,1,1,
2026-09-27 20:45:18,baseline-rules,3029000,30.69,77.07,1005.40,31.60,69.05,1005.19,1,0,RULES,1,1,1,
2026-09-27 20:45:19,baseline-rules,3030000,31.01,75.78,1005.42,31.60,68.67,1005.19,1,0,RULES,1,1,1,
2026-09-27 20:45:20,baseline-rules,3031000,30.70,75.51,1005.44,31.60,68.63,1005.19,1,0,RULES,1,1,1,
2026-09-27 20:45:21,baseline-rules,3032000,30.70,76.10,1005.47,31.60,68.93,1005.16,1,0,RULES,1,1,1,
2026-09-27 20:45:22,baseline-rules,3033000,30.68,75.98,1005.44,31.59,68.73,1005.17,1,0,RULES,1,1,1,
2026-09-27 20:45:23,baseline-rules,3034000,30.68,75.91,1005.44,31.60,68.75,1005.16,1,0,RULES,1,1,1,
2026-09-27 20:45:24,baseline-rules,3035000,30.68,75.17,1005.42,31.60,68.69,1005.16,1,0,RULES,1,1,1,
2026-09-27 20:45:25,baseline-rules,3036000,30.68,74.96,1005.44,31.61,68.76,1005.15,1,0,RULES,1,1,1,
2026-09-27 20:45:26,baseline-rules,3037000,30.67,75.11,1005.43,31.61,68.79,1005.23,1,0,RULES,1,1,1,
2026-09-27 20:45:27,baseline-rules,3038000,30.68,74.62,1005.47,31.60,68.77,1005.22,1,0,RULES,1,1,1,
2026-09-27 20:45:28,baseline-rules,3039000,30.67,75.02,1005.42,31.60,68.80,1005.19,1,0,RULES,1,1,1,
2026-09-27 20:45:29,baseline-rules,3040000,30.67,75.14,1005.42,31.61,68.67,1005.23,1,0,RULES,1,1,1,
2026-09-27 20:45:30,baseline-rules,3041000,30.67,75.13,1005.40,31.60,68.88,1005.18,1,0,RULES,1,1,1,
2026-09-27 20:45:31,baseline-rules,3042000,30.68,74.96,1005.46,31.60,68.68,1005.19,1,0,RULES,1,1,1,
2026-09-27 20:45:32,baseline-rules,3043000,30.67,74.57,1005.46,31.60,68.75,1005.19,1,0,RULES,1,1,1,
2026-09-27 20:45:33,baseline-rules,3044000,30.66,75.04,1005.44,31.61,68.89,1005.20,1,0,RULES,1,1,1,
2026-09-27 20:45:34,baseline-rules,3045000,30.67,74.77,1005.48,31.61,68.87,1005.21,1,0,RULES,1,1,1,
2026-09-27 20:45:35,baseline-rules,3046000,30.66,75.39,1005.47,31.60,68.88,1005.16,1,0,RULES,1,1,1,
2026-09-27 20:45:36,baseline-rules,3047000,30.67,74.99,1005.42,31.60,68.87,1005.19,1,0,RULES,1,1,1,
2026-09-27 20:45:37,baseline-rules,3048000,30.66,74.91,1005.47,31.60,68.76,1005.13,1,0,RULES,1,1,1,
2026-09-27 20:45:38,baseline-rules,3049000,30.65,75.14,1005.39,31.60,68.95,1005.10,1,0,RULES,1,1,1,
2026-09-27 20:45:39,baseline-rules,3050000,30.65,74.65,1005.39,31.60,69.03,1005.11,1,0,RULES,1,1,1,
2026-09-27 20:45:40,baseline-rules,3051000,30.65,74.73,1005.39,31.60,69.15,1005.18,1,0,RULES,1,1,1,
2026-09-27 20:45:41,baseline-rules,3052000,30.66,74.30,1005.43,31.60,68.95,1005.18,1,0,RULES,1,1,1,
2026-09-27 20:45:42,baseline-rules,3053000,30.65,74.47,1005.41,31.58,69.10,1005.19,1,0,RULES,1,1,1,
2026-09-27 20:45:43,baseline-rules,3054000,30.63,74.52,1005.44,31.59,68.99,1005.20,1,0,RULES,1,1,1,
2026-09-27 20:45:44,baseline-rules,3055000,30.63,74.60,1005.41,31.60,69.11,1005.15,1,0,RULES,1,1,1,
2026-09-27 20:45:45,baseline-rules,3056000,30.64,74.47,1005.52,31.60,68.77,1005.18,1,0,RULES,1,1,1,
2026-09-27 20:45:46,baseline-rules,3057000,30.64,74.58,1005.46,31.59,68.82,1005.15,1,0,RULES,1,1,1,
2026-09-27 20:45:47,baseline-rules,3058000,30.62,75.24,1005.37,31.60,68.77,1005.16,1,0,RULES,1,1,1,
2026-09-27 20:45:48,baseline-rules,3059000,30.62,74.81,1005.40,31.60,68.79,1005.15,1,0,RULES,1,1,1,
2026-09-27 20:45:49,baseline-rules,3060000,30.62,75.03,1005.48,31.60,68.71,1005.15,1,0,RULES,1,1,1,
2026-09-27 20:45:50,baseline-rules,3061000,30.63,75.10,1005.47,31.59,68.81,1005.17,1,0,RULES,1,1,1,
2026-09-27 20:45:51,baseline-rules,3062000,30.62,76.79,1005.46,31.60,68.80,1005.15,1,0,RULES,1,1,1,
2026-09-27 20:45:52,baseline-rules,3063000,30.60,77.44,1005.48,31.59,68.79,1005.20,1,0,RULES,1,1,1,
2026-09-27 20:45:53,baseline-rules,3064000,30.61,75.70,1005.43,31.60,68.71,1005.22,1,0,RULES,1,1,1,
2026-09-27 20:45:54,baseline-rules,3065000,30.61,75.90,1005.47,31.59,68.69,1005.15,1,0,RULES,1,1,1,
2026-09-27 20:45:55,baseline-rules,3066000,30.61,75.22,1005.46,31.59,68.77,1005.26,1,0,RULES,1,1,1,
2026-09-27 20:45:56,baseline-rules,3067000,30.61,75.17,1005.49,31.61,68.71,1005.17,1,0,RULES,1,1,1,
2026-09-27 20:45:57,baseline-rules,3068000,30.61,74.81,1005.49,31.60,68.72,1005.22,1,0,RULES,1,1,1,
2026-09-27 20:45:58,baseline-rules,3069000,30.61,74.73,1005.46,31.60,68.77,1005.11,1,0,RULES,1,1,1,
2026-09-27 20:45:59,baseline-rules,3070000,30.60,74.54,1005.48,31.60,68.93,1005.15,1,0,RULES,1,1,1,
2026-09-27 20:46:00,baseline-rules,3071000,30.60,74.55,1005.43,31.60,68.86,1005.18,1,0,RULES,1,1,1,
2026-09-27 20:46:01,baseline-rules,3072000,30.60,75.15,1005.45,31.60,68.66,1005.15,1,0,RULES,1,1,1,
2026-09-27 20:46:02,baseline-rules,3073000,30.59,75.05,1005.44,31.60,68.94,1005.22,1,0,RULES,1,1,1,
2026-09-27 20:46:03,baseline-rules,3074000,30.61,74.90,1005.46,31.60,69.05,1005.18,1,0,RULES,1,1,1,
2026-09-27 20:46:04,baseline-rules,3075000,30.60,75.07,1005.45,31.59,68.94,1005.19,1,0,RULES,1,1,1,
2026-09-27 20:46:05,baseline-rules,3076000,30.61,75.00,1005.46,31.60,69.18,1005.19,1,0,RULES,1,1,1,
2026-09-27 20:46:06,baseline-rules,3077000,30.60,74.88,1005.39,31.60,68.85,1005.21,1,0,RULES,1,1,1,
2026-09-27 20:46:07,baseline-rules,3078000,30.60,74.58,1005.45,31.60,68.81,1005.21,1,0,RULES,1,1,1,
2026-09-27 20:46:08,baseline-rules,3079000,30.61,74.94,1005.39,31.60,69.15,1005.15,1,0,RULES,1,1,1,
2026-09-27 20:46:09,baseline-rules,3080000,30.60,74.94,1005.42,31.60,69.05,1005.24,1,0,RULES,1,1,1,
2026-09-27 20:46:10,baseline-rules,3081000,30.60,75.46,1005.43,31.60,69.12,1005.19,1,0,RULES,1,1,1,
2026-09-27 20:46:11,baseline-rules,3082000,30.61,75.09,1005.46,31.60,69.15,1005.19,1,0,RULES,1,1,1,
2026-09-27 20:46:12,baseline-rules,3083000,30.61,74.64,1005.41,31.61,69.11,1005.23,1,0,RULES,1,1,1,
2026-09-27 20:46:13,baseline-rules,3084000,30.61,74.92,1005.44,31.59,69.20,1005.17,1,0,RULES,1,1,1,
2026-09-27 20:46:14,baseline-rules,3085000,30.61,75.42,1005.44,31.60,69.19,1005.22,1,0,RULES,1,1,1,
2026-09-27 20:46:15,baseline-rules,3086000,30.61,75.55,1005.43,31.60,69.19,1005.27,1,0,RULES,1,1,1,
2026-09-27 20:46:16,baseline-rules,3087000,30.59,75.57,1005.38,31.59,68.83,1005.17,1,0,RULES,1,1,1,
2026-09-27 20:46:17,baseline-rules,3088000,30.59,74.63,1005.44,31.59,68.76,1005.17,1,0,RULES,1,1,1,
2026-09-27 20:46:18,baseline-rules,3089000,30.59,75.08,1005.52,31.60,68.93,1005.19,1,0,RULES,1,1,1,
2026-09-27 20:46:19,baseline-rules,3090000,30.60,75.05,1005.45,31.59,68.73,1005.17,1,0,RULES,1,1,1,
2026-09-27 20:46:20,baseline-rules,3091000,30.58,75.96,1005.43,31.60,69.06,1005.21,1,0,RULES,1,1,1,
2026-09-27 20:46:21,baseline-rules,3092000,30.57,75.35,1005.44,31.60,68.76,1005.13,1,0,RULES,1,1,1,
2026-09-27 20:46:22,baseline-rules,3093000,30.58,75.20,1005.45,31.60,68.62,1005.21,1,0,RULES,1,1,1,
2026-09-27 20:46:23,baseline-rules,3094000,30.60,76.48,1005.47,31.61,68.66,1005.25,1,0,RULES,1,1,1,
2026-09-27 20:46:24,baseline-rules,3095000,30.58,76.11,1005.46,31.60,68.89,1005.16,1,0,RULES,1,1,1,
2026-09-27 20:46:25,baseline-rules,3096000,30.59,75.33,1005.41,31.60,68.83,1005.22,1,0,RULES,1,1,1,
2026-09-27 20:46:26,baseline-rules,3097000,30.60,75.83,1005.48,31.60,68.86,1005.19,1,0,RULES,1,1,1,
2026-09-27 20:46:27,baseline-rules,3098000,30.60,76.44,1005.42,31.60,68.71,1005.22,1,0,RULES,1,1,1,
2026-09-27 20:46:28,baseline-rules,3099000,30.59,75.57,1005.44,31.60,68.81,1005.15,1,0,RULES,1,1,1,
2026-09-27 20:46:29,baseline-rules,3100000,30.59,75.18,1005.50,31.60,68.87,1005.22,1,0,RULES,1,1,1,
2026-09-27 20:46:30,baseline-rules,3101000,30.58,76.55,1005.46,31.60,68.75,1005.24,1,0,RULES,1,1,1,
2026-09-27 20:46:31,baseline-rules,3102000,30.60,76.97,1005.53,31.59,68.95,1005.15,1,0,RULES,1,1,1,
2026-09-27 20:46:32,baseline-rules,3103000,30.58,76.10,1005.39,31.60,68.69,1005.19,1,0,RULES,1,1,1,
2026-09-27 20:46:33,baseline-rules,3104000,30.58,75.55,1005.45,31.60,68.68,1005.16,1,0,RULES,1,1,1,
2026-09-27 20:46:34,baseline-rules,3105000,30.58,75.34,1005.48,31.60,68.75,1005.27,1,0,RULES,1,1,1,
2026-09-27 20:46:35,baseline-rules,3106000,30.57,75.10,1005.46,31.60,68.79,1005.22,1,0,RULES,1,1,1,
2026-09-27 20:46:36,baseline-rules,3107000,30.57,75.11,1005.52,31.60,68.71,1005.19,1,0,RULES,1,1,1,
2026-09-27 20:46:37,baseline-rules,3108000,30.57,75.63,1005.44,31.60,68.67,1005.15,1,0,RULES,1,1,1,
2026-09-27 20:46:38,baseline-rules,3109000,30.57,75.43,1005.46,31.60,68.75,1005.21,1,0,RULES,1,1,1,
2026-09-27 20:46:39,baseline-rules,3110000,30.57,75.23,1005.41,31.60,68.79,1005.15,1,0,RULES,1,1,1,
2026-09-27 20:46:40,baseline-rules,3111000,30.57,74.96,1005.43,31.60,68.67,1005.16,1,0,RULES,1,1,1,
2026-09-27 20:46:41,baseline-rules,3112000,30.56,76.42,1005.43,31.59,68.65,1005.17,1,0,RULES,1,1,1,
2026-09-27 20:46:42,baseline-rules,3113000,30.57,78.36,1005.44,31.60,68.87,1005.22,1,0,RULES,1,1,1,
2026-09-27 20:46:43,baseline-rules,3114000,30.57,78.88,1005.46,31.60,68.79,1005.21,1,0,RULES,1,1,1,
2026-09-27 20:46:44,baseline-rules,3115000,30.56,77.07,1005.48,31.61,68.77,1005.23,1,0,RULES,1,1,1,
2026-09-27 20:46:45,baseline-rules,3116000,30.56,76.15,1005.48,31.60,68.72,1005.22,1,0,RULES,1,1,1,
2026-09-27 20:46:46,baseline-rules,3117000,30.55,76.08,1005.44,31.60,68.71,1005.22,1,0,RULES,1,1,1,
2026-09-27 20:46:47,baseline-rules,3118000,30.56,75.48,1005.45,31.60,68.78,1005.19,1,0,RULES,1,1,1,
2026-09-27 20:46:48,baseline-rules,3119000,30.56,75.28,1005.42,31.59,68.68,1005.20,1,0,RULES,1,1,1,
2026-09-27 20:46:49,baseline-rules,3120000,30.56,74.92,1005.48,31.60,68.84,1005.15,1,0,RULES,1,1,1,
2026-09-27 20:46:50,baseline-rules,3121000,30.55,75.32,1005.41,31.61,68.71,1005.20,1,0,RULES,1,1,1,
2026-09-27 20:46:51,baseline-rules,3122000,30.56,75.05,1005.51,31.60,68.68,1005.18,1,0,RULES,1,1,1,
2026-09-27 20:46:52,baseline-rules,3123000,30.58,74.89,1005.51,31.60,68.76,1005.16,1,0,RULES,1,1,1,
2026-09-27 20:46:53,baseline-rules,3124000,30.57,75.56,1005.41,31.61,68.83,1005.17,1,0,RULES,1,1,1,
2026-09-27 20:46:54,baseline-rules,3125000,30.57,75.78,1005.44,31.61,68.77,1005.20,1,0,RULES,1,1,1,
2026-09-27 20:46:55,baseline-rules,3126000,30.57,75.73,1005.47,31.60,68.69,1005.22,1,0,RULES,1,1,1,
2026-09-27 20:46:56,baseline-rules,3127000,30.57,75.86,1005.44,31.60,68.84,1005.19,1,0,RULES,1,1,1,
2026-09-27 20:46:57,baseline-rules,3128000,30.57,74.88,1005.50,31.60,68.76,1005.19,1,0,RULES,1,1,1,
2026-09-27 20:46:58,baseline-rules,3129000,30.57,75.85,1005.47,31.60,68.79,1005.18,1,0,RULES,1,1,1,
2026-09-27 20:46:59,baseline-rules,3130000,30.59,76.66,1005.47,31.60,69.03,1005.22,1,0,RULES,1,1,1,
2026-09-27 20:47:00,baseline-rules,3131000,30.56,75.92,1005.43,31.60,69.18,1005.16,1,0,RULES,1,1,1,
2026-09-27 20:47:01,baseline-rules,3132000,30.57,76.55,1005.46,31.60,69.18,1005.16,1,0,RULES,1,1,1,
2026-09-27 20:47:02,baseline-rules,3133000,30.56,76.64,1005.43,31.61,68.79,1005.21,1,0,RULES,1,1,1,
2026-09-27 20:47:03,baseline-rules,3134000,30.58,76.54,1005.51,31.60,68.71,1005.22,1,0,RULES,1,1,1,
2026-09-27 20:47:04,baseline-rules,3135000,30.57,75.90,1005.49,31.60,68.76,1005.24,1,0,RULES,1,1,1,
2026-09-27 20:47:05,baseline-rules,3136000,30.56,75.89,1005.43,31.60,68.89,1005.16,1,0,RULES,1,1,1,
2026-09-27 20:47:06,baseline-rules,3137000,30.55,76.91,1005.43,31.60,68.84,1005.18,1,0,RULES,1,1,1,
2026-09-27 20:47:07,baseline-rules,3138000,30.56,77.98,1005.48,31.60,68.80,1005.19,1,0,RULES,1,1,1,
2026-09-27 20:47:08,baseline-rules,3139000,30.53,77.77,1005.46,31.60,68.87,1005.16,1,0,RULES,1,1,1,
2026-09-27 20:47:09,baseline-rules,3140000,30.53,76.59,1005.49,31.60,68.73,1005.22,1,0,RULES,1,1,1,
2026-09-27 20:47:10,baseline-rules,3141000,30.52,77.12,1005.47,31.60,68.68,1005.22,1,0,RULES,1,1,1,
2026-09-27 20:47:11,baseline-rules,3142000,30.52,76.05,1005.36,31.60,68.66,1005.15,1,0,RULES,1,1,1,
2026-09-27 20:47:12,baseline-rules,3143000,30.51,76.50,1005.46,31.60,68.87,1005.22,1,0,RULES,1,1,1,
2026-09-27 20:47:13,baseline-rules,3144000,30.52,76.31,1005.47,31.60,68.84,1005.19,1,0,RULES,1,1,1,
2026-09-27 20:47:14,baseline-rules,3145000,30.52,76.93,1005.47,31.60,68.89,1005.15,1,0,RULES,1,1,1,
2026-09-27 20:47:15,baseline-rules,3146000,30.52,75.85,1005.44,31.60,68.70,1005.21,1,0,RULES,1,1,1,
2026-09-27 20:47:16,baseline-rules,3147000,30.53,76.32,1005.48,31.60,68.69,1005.21,1,0,RULES,1,1,1,
2026-09-27 20:47:17,baseline-rules,3148000,30.51,75.84,1005.48,31.59,68.71,1005.20,1,0,RULES,1,1,1,
2026-09-27 20:47:18,baseline-rules,3149000,30.50,76.08,1005.41,31.60,68.81,1005.15,1,0,RULES,1,1,1,
2026-09-27 20:47:19,baseline-rules,3150000,30.50,76.11,1005.47,31.60,68.70,1005.21,1,0,RULES,1,1,1,
2026-09-27 20:47:20,baseline-rules,3151000,30.51,76.05,1005.48,31.60,68.85,1005.19,1,0,RULES,1,1,1,
2026-09-27 20:47:21,baseline-rules,3152000,30.51,77.03,1005.45,31.61,68.92,1005.18,1,0,RULES,1,1,1,
2026-09-27 20:47:22,baseline-rules,3153000,30.51,77.28,1005.49,31.60,69.06,1005.19,1,0,RULES,1,1,1,
2026-09-27 20:47:23,baseline-rules,3154000,30.51,76.70,1005.43,31.60,68.68,1005.16,1,0,RULES,1,1,1,
2026-09-27 20:47:24,baseline-rules,3155000,30.51,76.25,1005.45,31.61,68.67,1005.20,1,0,RULES,1,1,1,
2026-09-27 20:47:25,baseline-rules,3156000,30.52,76.19,1005.47,31.60,68.66,1005.19,1,0,RULES,1,1,1,
2026-09-27 20:47:26,baseline-rules,3157000,30.51,76.13,1005.42,31.60,68.75,1005.22,1,0,RULES,1,1,1,
2026-09-27 20:47:27,baseline-rules,3158000,30.51,76.49,1005.45,31.61,68.76,1005.23,1,0,RULES,1,1,1,
2026-09-27 20:47:28,baseline-rules,3159000,30.51,75.71,1005.46,31.60,68.77,1005.19,1,0,RULES,1,1,1,
2026-09-27 20:47:29,baseline-rules,3160000,30.51,75.96,1005.51,31.60,68.78,1005.26,1,0,RULES,1,1,1,
2026-09-27 20:47:30,baseline-rules,3161000,30.52,76.90,1005.49,31.60,68.80,1005.16,1,0,RULES,1,1,1,
2026-09-27 20:47:31,baseline-rules,3162000,30.51,75.69,1005.45,31.59,68.83,1005.17,1,0,RULES,1,1,1,
2026-09-27 20:47:32,baseline-rules,3163000,30.50,75.26,1005.53,31.60,68.85,1005.22,1,0,RULES,1,1,1,
2026-09-27 20:47:33,baseline-rules,3164000,30.50,75.30,1005.44,31.59,68.97,1005.17,1,0,RULES,1,1,1,
2026-09-27 20:47:34,baseline-rules,3165000,30.51,75.10,1005.45,31.60,68.68,1005.22,1,0,RULES,1,1,1,
2026-09-27 20:47:35,baseline-rules,3166000,30.51,75.02,1005.49,31.61,68.72,1005.21,1,0,RULES,1,1,1,
2026-09-27 20:47:36,baseline-rules,3167000,30.51,75.12,1005.48,31.60,68.79,1005.22,1,0,RULES,1,1,1,
2026-09-27 20:47:37,baseline-rules,3168000,30.51,75.69,1005.49,31.60,68.95,1005.19,1,0,RULES,1,1,1,
2026-09-27 20:47:38,baseline-rules,3169000,30.50,75.66,1005.41,31.60,68.88,1005.13,1,0,RULES,1,1,1,
2026-09-27 20:47:39,baseline-rules,3170000,30.50,75.59,1005.41,31.60,68.76,1005.22,1,0,RULES,1,1,1,
2026-09-27 20:47:40,baseline-rules,3171000,30.49,76.46,1005.45,31.60,68.83,1005.15,1,0,RULES,1,1,1,
2026-09-27 20:47:41,baseline-rules,3172000,30.48,77.45,1005.47,31.60,68.73,1005.24,1,0,RULES,1,1,1,
2026-09-27 20:47:42,baseline-rules,3173000,30.47,75.86,1005.51,31.60,69.10,1005.13,1,0,RULES,1,1,1,
2026-09-27 20:47:43,baseline-rules,3174000,30.48,76.13,1005.47,31.60,68.89,1005.22,1,0,RULES,1,1,1,
2026-09-27 20:47:44,baseline-rules,3175000,30.47,75.93,1005.48,31.60,68.90,1005.22,1,0,RULES,1,1,1,
2026-09-27 20:47:45,baseline-rules,3176000,30.47,75.83,1005.45,31.61,68.71,1005.26,1,0,RULES,1,1,1,
2026-09-27 20:47:46,baseline-rules,3177000,30.47,75.45,1005.48,31.61,68.63,1005.20,1,0,RULES,1,1,1,
2026-09-27 20:47:47,baseline-rules,3178000,30.46,75.61,1005.43,31.61,68.76,1005.18,1,0,RULES,1,1,1,
2026-09-27 20:47:48,baseline-rules,3179000,30.47,75.43,1005.48,31.61,68.78,1005.20,1,0,RULES,1,1,1,
2026-09-27 20:47:49,baseline-rules,3180000,30.47,75.21,1005.51,31.61,68.78,1005.17,1,0,RULES,1,1,1,
2026-09-27 20:47:50,baseline-rules,3181000,30.47,75.53,1005.44,31.60,68.80,1005.22,1,0,RULES,1,1,1,
2026-09-27 20:47:51,baseline-rules,3182000,30.47,75.53,1005.44,31.61,68.72,1005.17,1,0,RULES,1,1,1,
2026-09-27 20:47:52,baseline-rules,3183000,30.47,75.62,1005.48,31.61,68.66,1005.23,1,0,RULES,1,1,1,
2026-09-27 20:47:53,baseline-rules,3184000,30.48,75.79,1005.51,31.61,68.62,1005.15,1,0,RULES,1,1,1,
2026-09-27 20:47:54,baseline-rules,3185000,30.48,75.61,1005.47,31.61,68.63,1005.23,1,0,RULES,1,1,1,
2026-09-27 20:47:55,baseline-rules,3186000,30.48,76.39,1005.52,31.61,68.76,1005.18,1,0,RULES,1,1,1,
2026-09-27 20:47:56,baseline-rules,3187000,30.48,76.09,1005.44,31.61,68.66,1005.18,1,0,RULES,1,1,1,
2026-09-27 20:47:57,baseline-rules,3188000,30.48,75.41,1005.41,31.60,68.71,1005.19,1,0,RULES,1,1,1,
2026-09-27 20:47:58,baseline-rules,3189000,30.49,75.92,1005.47,31.61,68.87,1005.23,1,0,RULES,1,1,1,
2026-09-27 20:47:59,baseline-rules,3190000,30.48,75.29,1005.46,31.61,69.00,1005.23,1,0,RULES,1,1,1,
2026-09-27 20:48:00,baseline-rules,3191000,30.47,75.48,1005.45,31.60,68.80,1005.18,1,0,RULES,1,1,1,
2026-09-27 20:48:01,baseline-rules,3192000,30.49,76.45,1005.47,31.61,68.71,1005.18,1,0,RULES,1,1,1,
2026-09-27 20:48:02,baseline-rules,3193000,30.48,75.57,1005.47,31.61,68.79,1005.20,1,0,RULES,1,1,1,
2026-09-27 20:48:03,baseline-rules,3194000,30.49,76.57,1005.45,31.61,68.70,1005.23,1,0,RULES,1,1,1,
2026-09-27 20:48:04,baseline-rules,3195000,30.47,77.63,1005.51,31.61,68.66,1005.23,1,0,RULES,1,1,1,
2026-09-27 20:48:05,baseline-rules,3196000,30.46,76.69,1005.48,31.60,68.77,1005.22,1,0,RULES,1,1,1,
2026-09-27 20:48:06,baseline-rules,3197000,30.47,75.70,1005.39,31.60,68.75,1005.16,1,0,RULES,1,1,1,
2026-09-27 20:48:07,baseline-rules,3198000,30.47,75.39,1005.50,31.61,68.57,1005.23,1,0,RULES,1,1,1,
2026-09-27 20:48:08,baseline-rules,3199000,30.46,75.62,1005.46,31.60,68.54,1005.22,1,0,RULES,1,1,1,
2026-09-27 20:48:09,baseline-rules,3200000,30.47,75.36,1005.47,31.60,68.63,1005.16,1,0,RULES,1,1,1,
2026-09-27 20:48:10,baseline-rules,3201000,30.47,75.86,1005.53,31.61,68.69,1005.23,1,0,RULES,1,1,1,
2026-09-27 20:48:11,baseline-rules,3202000,30.47,75.20,1005.50,31.60,68.67,1005.21,1,0,RULES,1,1,1,
2026-09-27 20:48:12,baseline-rules,3203000,30.47,75.07,1005.50,31.61,68.57,1005.21,1,0,RULES,1,1,1,
2026-09-27 20:48:13,baseline-rules,3204000,30.47,75.12,1005.44,31.60,68.66,1005.19,1,0,RULES,1,1,1,
2026-09-27 20:48:14,baseline-rules,3205000,30.47,75.23,1005.44,31.61,68.73,1005.23,1,0,RULES,1,1,1,
2026-09-27 20:48:15,baseline-rules,3206000,30.48,75.78,1005.52,31.61,68.68,1005.20,1,0,RULES,1,1,1,
2026-09-27 20:48:16,baseline-rules,3207000,30.49,77.18,1005.50,31.59,68.89,1005.20,1,0,RULES,1,1,1,
2026-09-27 20:48:17,baseline-rules,3208000,30.48,78.39,1005.52,31.61,68.61,1005.23,1,0,RULES,1,1,1,
2026-09-27 20:48:18,baseline-rules,3209000,30.48,77.83,1005.46,31.60,68.70,1005.24,1,0,RULES,1,1,1,
2026-09-27 20:48:19,baseline-rules,3210000,30.49,78.88,1005.47,31.61,68.73,1005.23,1,0,RULES,1,1,1,
2026-09-27 20:48:20,baseline-rules,3211000,30.47,76.85,1005.50,31.60,68.67,1005.22,1,0,RULES,1,1,1,
2026-09-27 20:48:21,baseline-rules,3212000,30.47,76.87,1005.45,31.60,68.75,1005.19,1,0,RULES,1,1,1,
2026-09-27 20:48:22,baseline-rules,3213000,30.47,76.13,1005.50,31.60,68.70,1005.22,1,0,RULES,1,1,1,
2026-09-27 20:48:23,baseline-rules,3214000,30.47,76.59,1005.45,31.60,68.71,1005.22,1,0,RULES,1,1,1,
2026-09-27 20:48:24,baseline-rules,3215000,30.47,76.97,1005.48,31.60,68.81,1005.22,1,0,RULES,1,1,1,
2026-09-27 20:48:25,baseline-rules,3216000,30.45,75.97,1005.47,31.60,68.78,1005.22,1,0,RULES,1,1,1,
2026-09-27 20:48:26,baseline-rules,3217000,30.45,75.85,1005.42,31.60,68.85,1005.22,1,0,RULES,1,1,1,
2026-09-27 20:48:27,baseline-rules,3218000,30.45,75.95,1005.47,31.60,68.60,1005.21,1,0,RULES,1,1,1,
2026-09-27 20:48:28,baseline-rules,3219000,30.45,77.76,1005.47,31.60,68.67,1005.21,1,0,RULES,1,1,1,
2026-09-27 20:48:29,baseline-rules,3220000,30.45,76.85,1005.47,31.60,68.67,1005.18,1,0,RULES,1,1,1,
2026-09-27 20:48:30,baseline-rules,3221000,30.44,75.54,1005.43,31.60,68.72,1005.13,1,0,RULES,1,1,1,
2026-09-27 20:48:31,baseline-rules,3222000,30.45,75.32,1005.41,31.60,68.58,1005.27,1,0,RULES,1,1,1,
2026-09-27 20:48:32,baseline-rules,3223000,30.45,75.31,1005.50,31.60,68.76,1005.22,1,0,RULES,1,1,1,
2026-09-27 20:48:33,baseline-rules,3224000,30.46,76.58,1005.48,31.61,68.65,1005.23,1,0,RULES,1,1,1,
2026-09-27 20:48:34,baseline-rules,3225000,30.46,76.21,1005.48,31.60,68.86,1005.18,1,0,RULES,1,1,1,
2026-09-27 20:48:35,baseline-rules,3226000,30.45,76.01,1005.45,31.60,68.70,1005.16,1,0,RULES,1,1,1,
2026-09-27 20:48:36,baseline-rules,3227000,30.47,76.70,1005.44,31.60,68.87,1005.24,1,0,RULES,1,1,1,
2026-09-27 20:48:37,baseline-rules,3228000,30.47,76.28,1005.42,31.59,68.78,1005.15,1,0,RULES,1,1,1,
2026-09-27 20:48:38,baseline-rules,3229000,30.47,76.81,1005.47,31.60,68.62,1005.22,1,0,RULES,1,1,1,
2026-09-27 20:48:39,baseline-rules,3230000,30.47,76.03,1005.42,31.60,68.66,1005.22,1,0,RULES,1,1,1,
2026-09-27 20:48:40,baseline-rules,3231000,30.46,76.00,1005.46,31.60,68.76,1005.16,1,0,RULES,1,1,1,
2026-09-27 20:48:41,baseline-rules,3232000,30.47,75.82,1005.45,31.60,68.66,1005.24,1,0,RULES,1,1,1,
2026-09-27 20:48:42,baseline-rules,3233000,30.46,75.29,1005.43,31.60,68.80,1005.22,1,0,RULES,1,1,1,
2026-09-27 20:48:43,baseline-rules,3234000,30.46,75.60,1005.45,31.60,68.75,1005.21,1,0,RULES,1,1,1,
2026-09-27 20:48:44,baseline-rules,3235000,30.45,75.83,1005.45,31.60,68.80,1005.24,1,0,RULES,1,1,1,
2026-09-27 20:48:45,baseline-rules,3236000,30.46,74.96,1005.43,31.59,68.82,1005.14,1,0,RULES,1,1,1,
2026-09-27 20:48:46,baseline-rules,3237000,30.46,75.63,1005.43,31.60,68.79,1005.26,1,0,RULES,1,1,1,
2026-09-27 20:48:47,baseline-rules,3238000,30.46,75.05,1005.52,31.59,68.63,1005.17,1,0,RULES,1,1,1,
2026-09-27 20:48:48,baseline-rules,3239000,30.47,74.92,1005.50,31.60,68.72,1005.21,1,0,RULES,1,1,1,
2026-09-27 20:48:49,baseline-rules,3240000,30.47,75.47,1005.47,31.60,68.69,1005.16,1,0,RULES,1,1,1,
2026-09-27 20:48:50,baseline-rules,3241000,30.47,77.06,1005.45,31.59,68.60,1005.20,1,0,RULES,1,1,1,
2026-09-27 20:48:51,baseline-rules,3242000,30.47,76.76,1005.48,31.59,68.71,1005.20,1,0,RULES,1,1,1,
2026-09-27 20:48:52,baseline-rules,3243000,30.47,77.04,1005.47,31.60,68.81,1005.21,1,0,RULES,1,1,1,
2026-09-27 20:48:53,baseline-rules,3244000,30.47,75.84,1005.48,31.60,68.76,1005.22,1,0,RULES,1,1,1,
2026-09-27 20:48:54,baseline-rules,3245000,30.47,76.09,1005.53,31.59,68.72,1005.17,1,0,RULES,1,1,1,
2026-09-27 20:48:55,baseline-rules,3246000,30.47,75.54,1005.47,31.60,68.61,1005.19,1,0,RULES,1,1,1,
2026-09-27 20:48:56,baseline-rules,3247000,30.48,75.58,1005.43,31.60,68.60,1005.27,1,0,RULES,1,1,1,
2026-09-27 20:48:57,baseline-rules,3248000,30.47,75.34,1005.48,31.60,68.75,1005.15,1,0,RULES,1,1,1,
2026-09-27 20:48:58,baseline-rules,3249000,30.47,76.00,1005.42,31.60,68.70,1005.15,1,0,RULES,1,1,1,
2026-09-27 20:48:59,baseline-rules,3250000,30.46,76.21,1005.52,31.60,68.78,1005.21,1,0,RULES,1,1,1,
2026-09-27 20:49:00,baseline-rules,3251000,30.46,75.61,1005.49,31.59,68.73,1005.17,1,0,RULES,1,1,1,
2026-09-27 20:49:01,baseline-rules,3252000,30.46,75.43,1005.49,31.59,68.72,1005.23,1,0,RULES,1,1,1,
2026-09-27 20:49:02,baseline-rules,3253000,30.46,75.52,1005.43,31.60,68.57,1005.21,1,0,RULES,1,1,1,
2026-09-27 20:49:03,baseline-rules,3254000,30.46,75.28,1005.49,31.60,68.78,1005.21,1,0,RULES,1,1,1,
2026-09-27 20:49:04,baseline-rules,3255000,30.46,75.49,1005.46,31.59,68.93,1005.23,1,0,RULES,1,1,1,
2026-09-27 20:49:05,baseline-rules,3256000,30.46,75.34,1005.48,31.59,68.71,1005.20,1,0,RULES,1,1,1,
2026-09-27 20:49:06,baseline-rules,3257000,30.46,75.56,1005.43,31.60,68.62,1005.15,1,0,RULES,1,1,1,
2026-09-27 20:49:06,baseline-rules,,,,,,,,,,,,,,mist A=0 B=0 (burst cap)
2026-09-27 20:49:07,baseline-rules,3258000,30.47,76.40,1005.51,31.59,68.98,1005.17,0,0,RULES,1,1,1,
2026-09-27 20:49:08,baseline-rules,3259000,30.47,76.31,1005.45,31.59,68.83,1005.15,0,0,RULES,1,1,1,
2026-09-27 20:49:09,baseline-rules,3260000,30.46,76.00,1005.49,31.60,68.85,1005.21,0,0,RULES,1,1,1,
2026-09-27 20:49:10,baseline-rules,3261000,30.47,75.86,1005.47,31.59,68.72,1005.17,0,0,RULES,1,1,1,
2026-09-27 20:49:11,baseline-rules,3262000,30.48,76.19,1005.51,31.60,68.66,1005.19,0,0,RULES,1,1,1,
2026-09-27 20:49:12,baseline-rules,3263000,30.47,75.93,1005.45,31.59,68.74,1005.17,0,0,RULES,1,1,1,
2026-09-27 20:49:13,baseline-rules,3264000,30.48,75.54,1005.51,31.59,68.77,1005.17,0,0,RULES,1,1,1,
2026-09-27 20:49:14,baseline-rules,3265000,30.48,75.21,1005.49,31.60,68.66,1005.15,0,0,RULES,1,1,1,
2026-09-27 20:49:15,baseline-rules,3266000,30.48,75.72,1005.46,31.59,68.73,1005.20,0,0,RULES,1,1,1,
2026-09-27 20:49:16,baseline-rules,3267000,30.48,75.73,1005.47,31.59,68.67,1005.20,0,0,RULES,1,1,1,
2026-09-27 20:49:17,baseline-rules,3268000,30.49,76.22,1005.50,31.59,68.74,1005.17,0,0,RULES,1,1,1,
2026-09-27 20:49:18,baseline-rules,3269000,30.49,75.87,1005.48,31.59,68.63,1005.15,0,0,RULES,1,1,1,
2026-09-27 20:49:19,baseline-rules,3270000,30.50,75.69,1005.44,31.60,68.73,1005.21,0,0,RULES,1,1,1,
2026-09-27 20:49:20,baseline-rules,3271000,30.50,76.17,1005.55,31.60,68.61,1005.15,0,0,RULES,1,1,1,
2026-09-27 20:49:21,baseline-rules,3272000,30.50,76.81,1005.41,31.60,68.73,1005.21,0,0,RULES,1,1,1,
2026-09-27 20:49:22,baseline-rules,3273000,30.50,76.22,1005.47,31.60,68.67,1005.15,0,0,RULES,1,1,1,
2026-09-27 20:49:23,baseline-rules,3274000,30.51,75.39,1005.42,31.60,68.68,1005.24,0,0,RULES,1,1,1,
2026-09-27 20:49:24,baseline-rules,3275000,30.51,75.62,1005.39,31.60,68.71,1005.21,0,0,RULES,1,1,1,
2026-09-27 20:49:25,baseline-rules,3276000,30.51,75.26,1005.51,31.60,68.69,1005.22,0,0,RULES,1,1,1,
2026-09-27 20:49:26,baseline-rules,3277000,30.52,75.28,1005.52,31.59,68.79,1005.20,0,0,RULES,1,1,1,
2026-09-27 20:49:27,baseline-rules,3278000,30.52,75.27,1005.47,31.60,68.72,1005.22,0,0,RULES,1,1,1,
2026-09-27 20:49:28,baseline-rules,3279000,30.52,76.96,1005.42,31.61,69.08,1005.23,0,0,RULES,1,1,1,
2026-09-27 20:49:29,baseline-rules,3280000,30.53,76.19,1005.43,31.60,68.80,1005.15,0,0,RULES,1,1,1,
2026-09-27 20:49:30,baseline-rules,3281000,30.54,76.07,1005.44,31.59,68.80,1005.20,0,0,RULES,1,1,1,
2026-09-27 20:49:31,baseline-rules,3282000,30.54,77.15,1005.48,31.60,69.06,1005.21,0,0,RULES,1,1,1,
2026-09-27 20:49:32,baseline-rules,3283000,30.54,77.16,1005.50,31.60,68.90,1005.22,0,0,RULES,1,1,1,
2026-09-27 20:49:33,baseline-rules,3284000,30.53,76.37,1005.49,31.60,68.86,1005.21,0,0,RULES,1,1,1,
2026-09-27 20:49:34,baseline-rules,3285000,30.54,76.84,1005.51,31.61,68.58,1005.23,0,0,RULES,1,1,1,
2026-09-27 20:49:35,baseline-rules,3286000,30.55,77.08,1005.43,31.60,68.64,1005.19,0,0,RULES,1,1,1,
2026-09-27 20:49:36,baseline-rules,3287000,30.54,75.54,1005.42,31.60,68.99,1005.19,0,0,RULES,1,1,1,
2026-09-27 20:49:37,baseline-rules,3288000,30.54,74.96,1005.48,31.60,68.67,1005.22,0,0,RULES,1,1,1,
2026-09-27 20:49:38,baseline-rules,3289000,30.55,75.15,1005.46,31.60,68.80,1005.21,0,0,RULES,1,1,1,
2026-09-27 20:49:39,baseline-rules,3290000,30.56,76.44,1005.43,31.61,68.96,1005.23,0,0,RULES,1,1,1,
2026-09-27 20:49:40,baseline-rules,3291000,30.57,77.72,1005.49,31.60,69.15,1005.21,0,0,RULES,1,1,1,
2026-09-27 20:49:41,baseline-rules,3292000,30.57,77.40,1005.46,31.60,68.72,1005.24,0,0,RULES,1,1,1,
2026-09-27 20:49:42,baseline-rules,3293000,30.57,76.40,1005.47,31.59,68.78,1005.23,0,0,RULES,1,1,1,
2026-09-27 20:49:43,baseline-rules,3294000,30.59,76.58,1005.47,31.59,68.60,1005.20,0,0,RULES,1,1,1,
2026-09-27 20:49:44,baseline-rules,3295000,30.61,78.18,1005.43,31.60,68.79,1005.21,0,0,RULES,1,1,1,
2026-09-27 20:49:45,baseline-rules,3296000,30.61,79.19,1005.47,31.60,68.76,1005.19,0,0,RULES,1,1,1,
2026-09-27 20:49:46,baseline-rules,3297000,30.62,78.96,1005.45,31.60,68.80,1005.16,0,0,RULES,1,1,1,
2026-09-27 20:49:47,baseline-rules,3298000,30.61,77.30,1005.46,31.60,69.15,1005.19,0,0,RULES,1,1,1,
2026-09-27 20:49:48,baseline-rules,3299000,30.61,76.39,1005.47,31.60,68.88,1005.24,0,0,RULES,1,1,1,
2026-09-27 20:49:49,baseline-rules,3300000,30.62,75.45,1005.51,31.60,68.78,1005.19,0,0,RULES,1,1,1,
2026-09-27 20:49:50,baseline-rules,3301000,30.61,75.31,1005.44,31.59,68.74,1005.23,0,0,RULES,1,1,1,
2026-09-27 20:49:51,baseline-rules,3302000,30.62,75.13,1005.39,31.60,68.76,1005.16,0,0,RULES,1,1,1,
2026-09-27 20:49:52,baseline-rules,3303000,30.62,75.13,1005.46,31.61,68.70,1005.21,0,0,RULES,1,1,1,
2026-09-27 20:49:53,baseline-rules,3304000,30.63,74.81,1005.38,31.61,68.70,1005.21,0,0,RULES,1,1,1,
2026-09-27 20:49:54,baseline-rules,3305000,30.64,74.93,1005.48,31.60,68.69,1005.21,0,0,RULES,1,1,1,
2026-09-27 20:49:55,baseline-rules,3306000,30.63,74.56,1005.47,31.60,68.70,1005.21,0,0,RULES,1,1,1,
2026-09-27 20:49:56,baseline-rules,3307000,30.65,75.06,1005.50,31.60,68.67,1005.16,0,0,RULES,1,1,1,
2026-09-27 20:49:57,baseline-rules,3308000,30.64,75.27,1005.46,31.61,68.66,1005.20,0,0,RULES,1,1,1,
2026-09-27 20:49:58,baseline-rules,3309000,30.65,75.56,1005.50,31.61,68.67,1005.23,0,0,RULES,1,1,1,
2026-09-27 20:49:59,baseline-rules,3310000,30.65,75.66,1005.41,31.60,68.76,1005.22,0,0,RULES,1,1,1,
2026-09-27 20:50:00,baseline-rules,3311000,30.65,76.25,1005.42,31.61,68.88,1005.20,0,0,RULES,1,1,1,
2026-09-27 20:50:01,baseline-rules,3312000,30.65,75.46,1005.42,31.60,68.88,1005.22,0,0,RULES,1,1,1,
2026-09-27 20:50:02,baseline-rules,3313000,30.65,74.80,1005.42,31.60,68.87,1005.15,0,0,RULES,1,1,1,
2026-09-27 20:50:03,baseline-rules,3314000,30.66,75.83,1005.43,31.61,69.13,1005.14,0,0,RULES,1,1,1,
2026-09-27 20:50:04,baseline-rules,3315000,30.66,74.86,1005.50,31.60,68.70,1005.16,0,0,RULES,1,1,1,
2026-09-27 20:50:05,baseline-rules,3316000,30.67,74.65,1005.45,31.60,68.69,1005.22,0,0,RULES,1,1,1,
2026-09-27 20:50:06,baseline-rules,3317000,30.67,76.27,1005.45,31.61,68.69,1005.18,0,0,RULES,1,1,1,
2026-09-27 20:50:07,baseline-rules,3318000,30.66,75.82,1005.35,31.60,68.84,1005.22,0,0,RULES,1,1,1,
2026-09-27 20:50:08,baseline-rules,3319000,30.67,75.48,1005.46,31.61,68.72,1005.17,0,0,RULES,1,1,1,
2026-09-27 20:50:09,baseline-rules,3320000,30.69,76.22,1005.48,31.60,68.98,1005.18,0,0,RULES,1,1,1,
2026-09-27 20:50:10,baseline-rules,3321000,30.69,77.20,1005.40,31.60,68.88,1005.22,0,0,RULES,1,1,1,
2026-09-27 20:50:11,baseline-rules,3322000,30.68,76.37,1005.44,31.60,68.70,1005.24,0,0,RULES,1,1,1,
2026-09-27 20:50:12,baseline-rules,3323000,30.69,76.36,1005.46,31.61,68.66,1005.20,0,0,RULES,1,1,1,
2026-09-27 20:50:13,baseline-rules,3324000,30.69,75.30,1005.45,31.60,68.80,1005.22,0,0,RULES,1,1,1,
2026-09-27 20:50:14,baseline-rules,3325000,30.70,75.08,1005.47,31.61,68.75,1005.18,0,0,RULES,1,1,1,
2026-09-27 20:50:15,baseline-rules,3326000,30.70,74.59,1005.47,31.61,69.09,1005.23,0,0,RULES,1,1,1,
2026-09-27 20:50:16,baseline-rules,3327000,30.71,74.84,1005.48,31.60,68.69,1005.16,0,0,RULES,1,1,1,
2026-09-27 20:50:17,baseline-rules,3328000,30.72,74.70,1005.45,31.61,68.87,1005.21,0,0,RULES,1,1,1,
2026-09-27 20:50:18,baseline-rules,3329000,30.73,75.60,1005.40,31.60,68.69,1005.22,0,0,RULES,1,1,1,
2026-09-27 20:50:19,baseline-rules,3330000,30.72,75.67,1005.42,31.61,68.83,1005.21,0,0,RULES,1,1,1,
2026-09-27 20:50:20,baseline-rules,3331000,30.73,75.50,1005.46,31.62,68.86,1005.21,0,0,RULES,1,1,1,
2026-09-27 20:50:21,baseline-rules,3332000,30.73,75.94,1005.43,31.61,68.69,1005.21,0,0,RULES,1,1,1,
2026-09-27 20:50:22,baseline-rules,3333000,30.73,75.31,1005.49,31.61,69.18,1005.21,0,0,RULES,1,1,1,
2026-09-27 20:50:23,baseline-rules,3334000,30.73,74.67,1005.44,31.62,69.20,1005.21,0,0,RULES,1,1,1,
2026-09-27 20:50:24,baseline-rules,3335000,30.74,74.51,1005.50,31.61,69.10,1005.18,0,0,RULES,1,1,1,
2026-09-27 20:50:25,baseline-rules,3336000,30.75,74.42,1005.46,31.61,68.76,1005.18,0,0,RULES,1,1,1,
2026-09-27 20:50:26,baseline-rules,3337000,30.75,74.18,1005.46,31.62,69.12,1005.24,0,0,RULES,1,1,1,
2026-09-27 20:50:27,baseline-rules,3338000,30.74,74.46,1005.46,31.61,69.15,1005.23,0,0,RULES,1,1,1,
2026-09-27 20:50:28,baseline-rules,3339000,30.76,75.43,1005.48,31.61,68.68,1005.18,0,0,RULES,1,1,1,
2026-09-27 20:50:29,baseline-rules,3340000,30.75,75.71,1005.41,31.62,69.14,1005.21,0,0,RULES,1,1,1,
2026-09-27 20:50:30,baseline-rules,3341000,30.75,76.07,1005.44,31.61,69.00,1005.18,0,0,RULES,1,1,1,
2026-09-27 20:50:31,baseline-rules,3342000,30.76,76.04,1005.45,31.62,68.76,1005.19,0,0,RULES,1,1,1,
2026-09-27 20:50:32,baseline-rules,3343000,30.78,76.42,1005.48,31.61,68.70,1005.23,0,0,RULES,1,1,1,
2026-09-27 20:50:33,baseline-rules,3344000,30.77,75.96,1005.41,31.62,68.94,1005.25,0,0,RULES,1,1,1,
2026-09-27 20:50:34,baseline-rules,3345000,30.76,74.83,1005.49,31.61,68.79,1005.15,0,0,RULES,1,1,1,
2026-09-27 20:50:35,baseline-rules,3346000,30.78,74.50,1005.51,31.61,68.84,1005.18,0,0,RULES,1,1,1,
2026-09-27 20:50:36,baseline-rules,3347000,30.78,74.78,1005.37,31.62,69.01,1005.21,0,0,RULES,1,1,1,
2026-09-27 20:50:37,baseline-rules,3348000,30.79,75.59,1005.48,31.61,68.82,1005.21,0,0,RULES,1,1,1,
2026-09-27 20:50:38,baseline-rules,3349000,30.78,76.02,1005.49,31.61,68.69,1005.20,0,0,RULES,1,1,1,
2026-09-27 20:50:39,baseline-rules,3350000,30.80,75.25,1005.49,31.61,68.74,1005.21,0,0,RULES,1,1,1,
2026-09-27 20:50:40,baseline-rules,3351000,30.78,74.51,1005.46,31.61,68.80,1005.23,0,0,RULES,1,1,1,
2026-09-27 20:50:41,baseline-rules,3352000,30.78,74.58,1005.44,31.62,68.81,1005.21,0,0,RULES,1,1,1,
2026-09-27 20:50:42,baseline-rules,3353000,30.79,74.37,1005.50,31.61,68.80,1005.20,0,0,RULES,1,1,1,
2026-09-27 20:50:43,baseline-rules,3354000,30.80,74.03,1005.44,31.61,68.71,1005.18,0,0,RULES,1,1,1,
2026-09-27 20:50:44,baseline-rules,3355000,30.80,73.98,1005.49,31.62,68.68,1005.24,0,0,RULES,1,1,1,
2026-09-27 20:50:45,baseline-rules,3356000,30.80,75.27,1005.50,31.62,68.78,1005.16,0,0,RULES,1,1,1,
2026-09-27 20:50:46,baseline-rules,3357000,30.81,76.15,1005.43,31.61,68.74,1005.23,0,0,RULES,1,1,1,
2026-09-27 20:50:47,baseline-rules,3358000,30.83,76.81,1005.48,31.61,68.80,1005.23,0,0,RULES,1,1,1,
2026-09-27 20:50:48,baseline-rules,3359000,30.81,76.53,1005.42,31.62,68.92,1005.19,0,0,RULES,1,1,1,
2026-09-27 20:50:49,baseline-rules,3360000,30.81,74.75,1005.46,31.62,68.75,1005.19,0,0,RULES,1,1,1,
2026-09-27 20:50:50,baseline-rules,3361000,30.81,74.34,1005.42,31.61,68.77,1005.15,0,0,RULES,1,1,1,
2026-09-27 20:50:51,baseline-rules,3362000,30.82,74.49,1005.46,31.62,68.91,1005.24,0,0,RULES,1,1,1,
2026-09-27 20:50:52,baseline-rules,3363000,30.83,74.76,1005.42,31.60,69.04,1005.19,0,0,RULES,1,1,1,
2026-09-27 20:50:53,baseline-rules,3364000,30.82,74.16,1005.44,31.61,68.82,1005.15,0,0,RULES,1,1,1,
2026-09-27 20:50:54,baseline-rules,3365000,30.82,74.11,1005.53,31.62,68.95,1005.19,0,0,RULES,1,1,1,
2026-09-27 20:50:55,baseline-rules,3366000,30.83,73.99,1005.48,31.61,68.72,1005.18,0,0,RULES,1,1,1,
2026-09-27 20:50:56,baseline-rules,3367000,30.85,75.38,1005.48,31.61,68.97,1005.21,0,0,RULES,1,1,1,
2026-09-27 20:50:57,baseline-rules,3368000,30.84,76.27,1005.45,31.61,68.85,1005.23,0,0,RULES,1,1,1,
2026-09-27 20:50:58,baseline-rules,3369000,30.82,75.72,1005.42,31.61,68.89,1005.17,0,0,RULES,1,1,1,
2026-09-27 20:50:59,baseline-rules,3370000,30.83,74.69,1005.49,31.60,69.16,1005.22,0,0,RULES,1,1,1,
2026-09-27 20:51:00,baseline-rules,3371000,30.84,73.93,1005.44,31.61,68.98,1005.18,0,0,RULES,1,1,1,
2026-09-27 20:51:01,baseline-rules,3372000,30.85,74.04,1005.48,31.60,69.01,1005.19,0,0,RULES,1,1,1,
2026-09-27 20:51:02,baseline-rules,3373000,30.85,74.43,1005.52,31.62,69.18,1005.24,0,0,RULES,1,1,1,
2026-09-27 20:51:03,baseline-rules,3374000,30.84,74.79,1005.45,31.61,69.04,1005.21,0,0,RULES,1,1,1,
2026-09-27 20:51:04,baseline-rules,3375000,30.85,75.23,1005.46,31.60,68.79,1005.16,0,0,RULES,1,1,1,
2026-09-27 20:51:05,baseline-rules,3376000,30.84,74.93,1005.50,31.61,69.23,1005.18,0,0,RULES,1,1,1,
2026-09-27 20:51:06,baseline-rules,3377000,30.85,75.55,1005.46,31.60,68.90,1005.21,0,0,RULES,1,1,1,
2026-09-27 20:51:07,baseline-rules,3378000,30.85,75.78,1005.48,31.61,69.09,1005.21,0,0,RULES,1,1,1,
2026-09-27 20:51:08,baseline-rules,3379000,30.85,75.19,1005.46,31.61,69.20,1005.21,0,0,RULES,1,1,1,
2026-09-27 20:51:09,baseline-rules,3380000,30.85,74.28,1005.48,31.60,69.20,1005.19,0,0,RULES,1,1,1,
2026-09-27 20:51:10,baseline-rules,3381000,30.85,73.88,1005.49,31.61,68.94,1005.21,0,0,RULES,1,1,1,
2026-09-27 20:51:11,baseline-rules,3382000,30.86,74.09,1005.48,31.60,69.29,1005.22,0,0,RULES,1,1,1,
2026-09-27 20:51:12,baseline-rules,3383000,30.86,74.71,1005.48,31.60,68.80,1005.19,0,0,RULES,1,1,1,
2026-09-27 20:51:13,baseline-rules,3384000,30.86,74.76,1005.47,31.61,68.87,1005.29,0,0,RULES,1,1,1,
2026-09-27 20:51:14,baseline-rules,3385000,30.87,75.97,1005.43,31.61,68.96,1005.23,0,0,RULES,1,1,1,
2026-09-27 20:51:15,baseline-rules,3386000,30.86,74.39,1005.54,31.61,68.83,1005.25,0,0,RULES,1,1,1,
2026-09-27 20:51:16,baseline-rules,3387000,30.87,74.69,1005.52,31.61,68.95,1005.17,0,0,RULES,1,1,1,
2026-09-27 20:51:17,baseline-rules,3388000,30.87,74.70,1005.52,31.61,68.61,1005.20,0,0,RULES,1,1,1,
2026-09-27 20:51:18,baseline-rules,3389000,30.88,75.45,1005.45,31.61,69.09,1005.18,0,0,RULES,1,1,1,
2026-09-27 20:51:19,baseline-rules,3390000,30.89,76.33,1005.44,31.60,68.98,1005.22,0,0,RULES,1,1,1,
2026-09-27 20:51:20,baseline-rules,3391000,30.88,76.86,1005.43,31.60,68.88,1005.19,0,0,RULES,1,1,1,
2026-09-27 20:51:21,baseline-rules,3392000,30.88,74.97,1005.48,31.60,69.05,1005.27,0,0,RULES,1,1,1,
2026-09-27 20:51:22,baseline-rules,3393000,30.87,74.61,1005.49,31.61,69.23,1005.23,0,0,RULES,1,1,1,
2026-09-27 20:51:23,baseline-rules,3394000,30.88,74.68,1005.43,31.61,68.92,1005.29,0,0,RULES,1,1,1,
2026-09-27 20:51:24,baseline-rules,3395000,30.88,74.08,1005.48,31.61,69.28,1005.23,0,0,RULES,1,1,1,
2026-09-27 20:51:25,baseline-rules,3396000,30.88,74.77,1005.43,31.61,69.32,1005.25,0,0,RULES,1,1,1,
2026-09-27 20:51:26,baseline-rules,3397000,30.89,74.44,1005.49,31.61,69.28,1005.26,0,0,RULES,1,1,1,
2026-09-27 20:51:27,baseline-rules,3398000,30.88,74.05,1005.45,31.61,69.24,1005.23,0,0,RULES,1,1,1,
2026-09-27 20:51:28,baseline-rules,3399000,30.88,73.72,1005.48,31.61,69.22,1005.17,0,0,RULES,1,1,1,
2026-09-27 20:51:29,baseline-rules,3400000,30.88,74.07,1005.51,31.60,68.98,1005.22,0,0,RULES,1,1,1,
2026-09-27 20:51:30,baseline-rules,3401000,30.89,73.71,1005.52,31.62,69.33,1005.24,0,0,RULES,1,1,1,
2026-09-27 20:51:31,baseline-rules,3402000,30.89,73.82,1005.49,31.60,69.30,1005.27,0,0,RULES,1,1,1,
2026-09-27 20:51:32,baseline-rules,3403000,30.88,73.89,1005.46,31.61,69.36,1005.23,0,0,RULES,1,1,1,
2026-09-27 20:51:33,baseline-rules,3404000,30.89,73.33,1005.47,31.61,69.32,1005.25,0,0,RULES,1,1,1,
2026-09-27 20:51:34,baseline-rules,3405000,30.89,73.50,1005.49,31.60,68.98,1005.27,0,0,RULES,1,1,1,
2026-09-27 20:51:35,baseline-rules,3406000,30.90,73.57,1005.48,31.60,68.99,1005.22,0,0,RULES,1,1,1,
2026-09-27 20:51:36,baseline-rules,3407000,30.90,73.34,1005.48,31.61,69.31,1005.20,0,0,RULES,1,1,1,
2026-09-27 20:51:37,baseline-rules,3408000,30.90,73.59,1005.45,31.61,69.31,1005.20,0,0,RULES,1,1,1,
2026-09-27 20:51:38,baseline-rules,3409000,30.91,74.67,1005.44,31.61,69.35,1005.18,0,0,RULES,1,1,1,
2026-09-27 20:51:39,baseline-rules,3410000,30.91,75.62,1005.45,31.60,69.21,1005.19,0,0,RULES,1,1,1,
2026-09-27 20:51:40,baseline-rules,3411000,30.91,74.54,1005.52,31.62,69.34,1005.19,0,0,RULES,1,1,1,
2026-09-27 20:51:41,baseline-rules,3412000,30.92,74.16,1005.54,31.60,69.15,1005.19,0,0,RULES,1,1,1,
2026-09-27 20:51:42,baseline-rules,3413000,30.91,73.63,1005.55,31.61,69.42,1005.17,0,0,RULES,1,1,1,
2026-09-27 20:51:43,baseline-rules,3414000,30.92,73.89,1005.43,31.61,68.94,1005.15,0,0,RULES,1,1,1,
2026-09-27 20:51:44,baseline-rules,3415000,30.92,73.86,1005.46,31.61,68.88,1005.17,0,0,RULES,1,1,1,
2026-09-27 20:51:45,baseline-rules,3416000,30.92,74.00,1005.54,31.61,69.01,1005.18,0,0,RULES,1,1,1,
2026-09-27 20:51:46,baseline-rules,3417000,30.93,75.63,1005.42,31.60,69.03,1005.22,0,0,RULES,1,1,1,
2026-09-27 20:51:47,baseline-rules,3418000,30.92,74.49,1005.49,31.61,69.25,1005.26,0,0,RULES,1,1,1,
2026-09-27 20:51:48,baseline-rules,3419000,30.93,75.84,1005.51,31.62,69.39,1005.24,0,0,RULES,1,1,1,
2026-09-27 20:51:49,baseline-rules,3420000,30.93,74.42,1005.47,31.61,69.36,1005.23,0,0,RULES,1,1,1,
2026-09-27 20:51:50,baseline-rules,3421000,30.93,74.45,1005.47,31.60,68.96,1005.22,0,0,RULES,1,1,1,
2026-09-27 20:51:51,baseline-rules,3422000,30.93,74.05,1005.51,31.60,69.14,1005.19,0,0,RULES,1,1,1,
2026-09-27 20:51:52,baseline-rules,3423000,30.94,73.97,1005.46,31.60,69.13,1005.24,0,0,RULES,1,1,1,
2026-09-27 20:51:53,baseline-rules,3424000,30.93,73.72,1005.42,31.61,69.10,1005.21,0,0,RULES,1,1,1,
2026-09-27 20:51:54,baseline-rules,3425000,30.94,73.84,1005.52,31.62,69.01,1005.24,0,0,RULES,1,1,1,
2026-09-27 20:51:55,baseline-rules,3426000,30.94,75.12,1005.43,31.61,69.02,1005.23,0,0,RULES,1,1,1,
2026-09-27 20:51:56,baseline-rules,3427000,30.94,74.32,1005.49,31.62,69.18,1005.13,0,0,RULES,1,1,1,
2026-09-27 20:51:57,baseline-rules,3428000,30.95,75.32,1005.53,31.61,69.44,1005.18,0,0,RULES,1,1,1,
2026-09-27 20:51:58,baseline-rules,3429000,30.95,74.83,1005.48,31.61,69.03,1005.23,0,0,RULES,1,1,1,
2026-09-27 20:51:59,baseline-rules,3430000,30.94,74.85,1005.49,31.61,69.32,1005.18,0,0,RULES,1,1,1,
2026-09-27 20:52:00,baseline-rules,3431000,30.95,75.15,1005.53,31.61,69.36,1005.17,0,0,RULES,1,1,1,
2026-09-27 20:52:01,baseline-rules,3432000,30.95,74.73,1005.48,31.62,69.40,1005.25,0,0,RULES,1,1,1,
2026-09-27 20:52:02,baseline-rules,3433000,30.94,74.03,1005.47,31.60,69.15,1005.27,0,0,RULES,1,1,1,
2026-09-27 20:52:03,baseline-rules,3434000,30.95,73.65,1005.48,31.61,69.42,1005.23,0,0,RULES,1,1,1,
2026-09-27 20:52:04,baseline-rules,3435000,30.96,74.55,1005.49,31.61,69.40,1005.23,0,0,RULES,1,1,1,
2026-09-27 20:52:05,baseline-rules,3436000,30.96,75.17,1005.41,31.61,69.04,1005.28,0,0,RULES,1,1,1,
2026-09-27 20:52:06,baseline-rules,3437000,30.95,74.45,1005.48,31.61,69.39,1005.20,0,0,RULES,1,1,1,
2026-09-27 20:52:06,baseline-rules,,,,,,,,,,,,,,mist A=1 B=0 (below lo)
2026-09-27 20:52:07,baseline-rules,3438000,30.95,73.88,1005.51,31.61,69.20,1005.23,1,0,RULES,1,1,1,
2026-09-27 20:52:08,baseline-rules,3439000,30.96,74.01,1005.52,31.61,69.09,1005.26,1,0,RULES,1,1,1,
2026-09-27 20:52:09,baseline-rules,3440000,30.96,73.66,1005.44,31.61,69.44,1005.26,1,0,RULES,1,1,1,
2026-09-27 20:52:10,baseline-rules,3441000,30.96,73.71,1005.44,31.62,69.19,1005.21,1,0,RULES,1,1,1,
2026-09-27 20:52:11,baseline-rules,3442000,30.97,73.42,1005.48,31.62,69.07,1005.21,1,0,RULES,1,1,1,
2026-09-27 20:52:12,baseline-rules,3443000,30.96,73.57,1005.44,31.62,68.97,1005.21,1,0,RULES,1,1,1,
2026-09-27 20:52:13,baseline-rules,3444000,30.97,73.24,1005.48,31.61,69.00,1005.18,1,0,RULES,1,1,1,
2026-09-27 20:52:14,baseline-rules,3445000,30.98,74.24,1005.46,31.62,68.99,1005.27,1,0,RULES,1,1,1,
2026-09-27 20:52:15,baseline-rules,3446000,30.97,74.92,1005.51,31.61,68.97,1005.26,1,0,RULES,1,1,1,
2026-09-27 20:52:16,baseline-rules,3447000,30.97,74.44,1005.45,31.61,69.13,1005.18,1,0,RULES,1,1,1,
2026-09-27 20:52:17,baseline-rules,3448000,30.96,73.69,1005.46,31.62,69.23,1005.24,1,0,RULES,1,1,1,
2026-09-27 20:52:18,baseline-rules,3449000,30.95,73.83,1005.46,31.62,69.23,1005.22,1,0,RULES,1,1,1,
2026-09-27 20:52:19,baseline-rules,3450000,30.96,73.78,1005.50,31.61,69.26,1005.21,1,0,RULES,1,1,1,
2026-09-27 20:52:20,baseline-rules,3451000,30.95,73.85,1005.48,31.61,69.09,1005.26,1,0,RULES,1,1,1,
2026-09-27 20:52:21,baseline-rules,3452000,30.95,73.37,1005.45,31.61,69.16,1005.20,1,0,RULES,1,1,1,
2026-09-27 20:52:22,baseline-rules,3453000,30.95,73.76,1005.48,31.61,69.14,1005.28,1,0,RULES,1,1,1,
2026-09-27 20:52:23,baseline-rules,3454000,30.95,73.71,1005.48,31.61,69.18,1005.14,1,0,RULES,1,1,1,
2026-09-27 20:52:24,baseline-rules,3455000,30.96,74.59,1005.49,31.61,69.09,1005.23,1,0,RULES,1,1,1,
2026-09-27 20:52:25,baseline-rules,3456000,30.95,73.80,1005.48,31.61,69.03,1005.20,1,0,RULES,1,1,1,
2026-09-27 20:52:26,baseline-rules,3457000,30.94,73.79,1005.53,31.61,69.10,1005.26,1,0,RULES,1,1,1,
2026-09-27 20:52:27,baseline-rules,3458000,30.95,73.93,1005.45,31.62,69.09,1005.27,1,0,RULES,1,1,1,
2026-09-27 20:52:28,baseline-rules,3459000,30.95,74.69,1005.53,31.61,69.37,1005.29,1,0,RULES,1,1,1,
2026-09-27 20:52:29,baseline-rules,3460000,30.92,74.36,1005.49,31.61,69.14,1005.23,1,0,RULES,1,1,1,
2026-09-27 20:52:30,baseline-rules,3461000,30.92,75.42,1005.46,31.61,69.14,1005.26,1,0,RULES,1,1,1,
2026-09-27 20:52:31,baseline-rules,3462000,30.90,77.28,1005.46,31.61,69.32,1005.18,1,0,RULES,1,1,1,
2026-09-27 20:52:32,baseline-rules,3463000,30.88,75.84,1005.43,31.61,69.12,1005.26,1,0,RULES,1,1,1,
2026-09-27 20:52:33,baseline-rules,3464000,30.88,74.67,1005.53,31.62,69.13,1005.27,1,0,RULES,1,1,1,
2026-09-27 20:52:34,baseline-rules,3465000,30.87,77.31,1005.50,31.62,69.31,1005.24,1,0,RULES,1,1,1,
2026-09-27 20:52:35,baseline-rules,3466000,30.87,78.27,1005.47,31.61,69.22,1005.23,1,0,RULES,1,1,1,
2026-09-27 20:52:36,baseline-rules,3467000,30.87,77.97,1005.49,31.60,69.41,1005.27,1,0,RULES,1,1,1,
2026-09-27 20:52:37,baseline-rules,3468000,30.86,76.91,1005.53,31.61,69.14,1005.18,1,0,RULES,1,1,1,
2026-09-27 20:52:38,baseline-rules,3469000,30.85,76.38,1005.46,31.62,69.16,1005.24,1,0,RULES,1,1,1,
2026-09-27 20:52:39,baseline-rules,3470000,30.84,75.65,1005.48,31.62,69.26,1005.16,1,0,RULES,1,1,1,
2026-09-27 20:52:40,baseline-rules,3471000,30.85,75.40,1005.54,31.62,69.21,1005.24,1,0,RULES,1,1,1,
2026-09-27 20:52:41,baseline-rules,3472000,30.85,75.31,1005.55,31.61,69.19,1005.23,1,0,RULES,1,1,1,
2026-09-27 20:52:42,baseline-rules,3473000,30.85,75.21,1005.48,31.62,69.01,1005.24,1,0,RULES,1,1,1,
2026-09-27 20:52:43,baseline-rules,3474000,30.85,75.57,1005.46,31.61,69.15,1005.21,1,0,RULES,1,1,1,
2026-09-27 20:52:44,baseline-rules,3475000,30.85,75.39,1005.54,31.62,69.10,1005.24,1,0,RULES,1,1,1,
2026-09-27 20:52:45,baseline-rules,3476000,30.85,75.36,1005.51,31.62,68.99,1005.19,1,0,RULES,1,1,1,
2026-09-27 20:52:46,baseline-rules,3477000,30.85,75.14,1005.48,31.62,69.04,1005.25,1,0,RULES,1,1,1,
2026-09-27 20:52:47,baseline-rules,3478000,30.85,74.87,1005.48,31.62,69.21,1005.25,1,0,RULES,1,1,1,
2026-09-27 20:52:48,baseline-rules,3479000,30.84,74.53,1005.50,31.62,69.27,1005.25,1,0,RULES,1,1,1,
2026-09-27 20:52:49,baseline-rules,3480000,30.85,74.92,1005.54,31.63,69.16,1005.28,1,0,RULES,1,1,1,
2026-09-27 20:52:50,baseline-rules,3481000,30.82,76.24,1005.47,31.62,69.19,1005.19,1,0,RULES,1,1,1,
2026-09-27 20:52:51,baseline-rules,3482000,30.84,76.71,1005.47,31.62,69.30,1005.19,1,0,RULES,1,1,1,
2026-09-27 20:52:52,baseline-rules,3483000,30.83,75.90,1005.40,31.62,69.35,1005.19,1,0,RULES,1,1,1,
2026-09-27 20:52:53,baseline-rules,3484000,30.83,75.45,1005.51,31.62,69.27,1005.22,1,0,RULES,1,1,1,
2026-09-27 20:52:54,baseline-rules,3485000,30.82,75.00,1005.52,31.62,69.27,1005.25,1,0,RULES,1,1,1,
2026-09-27 20:52:55,baseline-rules,3486000,30.83,75.84,1005.52,31.62,69.36,1005.24,1,0,RULES,1,1,1,
2026-09-27 20:52:56,baseline-rules,3487000,30.85,77.49,1005.46,31.62,69.45,1005.27,1,0,RULES,1,1,1,
2026-09-27 20:52:57,baseline-rules,3488000,30.82,78.31,1005.50,31.63,69.18,1005.20,1,0,RULES,1,1,1,
2026-09-27 20:52:58,baseline-rules,3489000,30.81,76.46,1005.48,31.62,69.20,1005.21,1,0,RULES,1,1,1,
2026-09-27 20:52:59,baseline-rules,3490000,30.81,76.05,1005.53,31.61,69.43,1005.18,1,0,RULES,1,1,1,
2026-09-27 20:53:00,baseline-rules,3491000,30.81,75.88,1005.45,31.61,69.40,1005.23,1,0,RULES,1,1,1,
2026-09-27 20:53:01,baseline-rules,3492000,30.80,75.47,1005.47,31.61,69.28,1005.21,1,0,RULES,1,1,1,
2026-09-27 20:53:02,baseline-rules,3493000,30.81,75.56,1005.53,31.61,69.55,1005.23,1,0,RULES,1,1,1,
2026-09-27 20:53:03,baseline-rules,3494000,30.79,75.64,1005.45,31.61,69.31,1005.23,1,0,RULES,1,1,1,
2026-09-27 20:53:04,baseline-rules,3495000,30.80,75.62,1005.41,31.62,69.40,1005.30,1,0,RULES,1,1,1,
2026-09-27 20:53:05,baseline-rules,3496000,30.80,74.98,1005.54,31.62,69.60,1005.28,1,0,RULES,1,1,1,
2026-09-27 20:53:06,baseline-rules,3497000,30.80,75.03,1005.47,31.61,69.21,1005.26,1,0,RULES,1,1,1,
2026-09-27 20:53:07,baseline-rules,3498000,30.79,74.70,1005.44,31.61,69.17,1005.18,1,0,RULES,1,1,1,
2026-09-27 20:53:08,baseline-rules,3499000,30.79,75.50,1005.53,31.61,69.25,1005.18,1,0,RULES,1,1,1,
2026-09-27 20:53:09,baseline-rules,3500000,30.81,77.02,1005.48,31.61,69.14,1005.23,1,0,RULES,1,1,1,
2026-09-27 20:53:10,baseline-rules,3501000,30.79,76.73,1005.48,31.62,69.34,1005.21,1,0,RULES,1,1,1,
2026-09-27 20:53:11,baseline-rules,3502000,30.78,75.76,1005.49,31.62,69.12,1005.30,1,0,RULES,1,1,1,
2026-09-27 20:53:12,baseline-rules,3503000,30.80,75.20,1005.46,31.61,69.28,1005.26,1,0,RULES,1,1,1,
2026-09-27 20:53:13,baseline-rules,3504000,30.79,74.99,1005.44,31.62,69.12,1005.24,1,0,RULES,1,1,1,
2026-09-27 20:53:14,baseline-rules,3505000,30.79,75.80,1005.45,31.62,69.14,1005.24,1,0,RULES,1,1,1,
2026-09-27 20:53:15,baseline-rules,3506000,30.79,75.67,1005.50,31.61,69.22,1005.26,1,0,RULES,1,1,1,
2026-09-27 20:53:16,baseline-rules,3507000,30.78,75.97,1005.54,31.62,69.19,1005.30,1,0,RULES,1,1,1,
2026-09-27 20:53:17,baseline-rules,3508000,30.78,75.64,1005.49,31.61,69.12,1005.26,1,0,RULES,1,1,1,
2026-09-27 20:53:18,baseline-rules,3509000,30.77,75.21,1005.47,31.62,69.05,1005.24,1,0,RULES,1,1,1,
2026-09-27 20:53:19,baseline-rules,3510000,30.76,75.58,1005.42,31.61,69.12,1005.23,1,0,RULES,1,1,1,
2026-09-27 20:53:20,baseline-rules,3511000,30.76,76.36,1005.46,31.61,69.25,1005.26,1,0,RULES,1,1,1,
2026-09-27 20:53:21,baseline-rules,3512000,30.76,75.03,1005.46,31.61,69.31,1005.18,1,0,RULES,1,1,1,
2026-09-27 20:53:22,baseline-rules,3513000,30.77,75.58,1005.53,31.61,69.24,1005.28,1,0,RULES,1,1,1,
2026-09-27 20:53:23,baseline-rules,3514000,30.75,75.92,1005.42,31.61,69.24,1005.25,1,0,RULES,1,1,1,
2026-09-27 20:53:24,baseline-rules,3515000,30.75,76.92,1005.44,31.62,69.22,1005.21,1,0,RULES,1,1,1,
2026-09-27 20:53:25,baseline-rules,3516000,30.74,76.39,1005.48,31.61,69.15,1005.23,1,0,RULES,1,1,1,
2026-09-27 20:53:26,baseline-rules,3517000,30.74,75.72,1005.48,31.61,69.32,1005.26,1,0,RULES,1,1,1,
2026-09-27 20:53:27,baseline-rules,3518000,30.74,75.84,1005.42,31.62,69.21,1005.21,1,0,RULES,1,1,1,
2026-09-27 20:53:28,baseline-rules,3519000,30.74,75.60,1005.46,31.62,69.10,1005.25,1,0,RULES,1,1,1,
2026-09-27 20:53:29,baseline-rules,3520000,30.74,75.67,1005.48,31.61,69.31,1005.32,1,0,RULES,1,1,1,
2026-09-27 20:53:30,baseline-rules,3521000,30.74,74.93,1005.48,31.61,69.20,1005.23,1,0,RULES,1,1,1,
2026-09-27 20:53:31,baseline-rules,3522000,30.74,75.30,1005.54,31.61,69.23,1005.23,1,0,RULES,1,1,1,
2026-09-27 20:53:32,baseline-rules,3523000,30.73,76.84,1005.47,31.61,69.52,1005.23,1,0,RULES,1,1,1,
2026-09-27 20:53:33,baseline-rules,3524000,30.73,76.23,1005.43,31.63,69.14,1005.28,1,0,RULES,1,1,1,
2026-09-27 20:53:34,baseline-rules,3525000,30.74,75.86,1005.51,31.63,69.20,1005.26,1,0,RULES,1,1,1,
2026-09-27 20:53:35,baseline-rules,3526000,30.74,76.27,1005.46,31.62,69.42,1005.24,1,0,RULES,1,1,1,
2026-09-27 20:53:36,baseline-rules,3527000,30.73,76.07,1005.52,31.62,69.28,1005.30,1,0,RULES,1,1,1,
2026-09-27 20:53:37,baseline-rules,3528000,30.73,75.09,1005.47,31.62,69.48,1005.25,1,0,RULES,1,1,1,
2026-09-27 20:53:38,baseline-rules,3529000,30.74,75.49,1005.48,31.62,69.22,1005.22,1,0,RULES,1,1,1,
2026-09-27 20:53:39,baseline-rules,3530000,30.74,75.85,1005.45,31.62,69.23,1005.22,1,0,RULES,1,1,1,
2026-09-27 20:53:40,baseline-rules,3531000,30.74,75.36,1005.48,31.63,69.12,1005.26,1,0,RULES,1,1,1,
2026-09-27 20:53:41,baseline-rules,3532000,30.74,75.51,1005.53,31.63,69.49,1005.26,1,0,RULES,1,1,1,
2026-09-27 20:53:42,baseline-rules,3533000,30.74,75.17,1005.46,31.62,69.13,1005.14,1,0,RULES,1,1,1,
2026-09-27 20:53:43,baseline-rules,3534000,30.74,74.89,1005.43,31.62,69.19,1005.25,1,0,RULES,1,1,1,
2026-09-27 20:53:44,baseline-rules,3535000,30.74,74.96,1005.51,31.62,69.14,1005.22,1,0,RULES,1,1,1,
2026-09-27 20:53:45,baseline-rules,3536000,30.74,74.72,1005.50,31.62,69.25,1005.25,1,0,RULES,1,1,1,
2026-09-27 20:53:46,baseline-rules,3537000,30.75,74.72,1005.49,31.63,69.11,1005.15,1,0,RULES,1,1,1,
2026-09-27 20:53:47,baseline-rules,3538000,30.73,74.77,1005.44,31.62,69.13,1005.22,1,0,RULES,1,1,1,
2026-09-27 20:53:48,baseline-rules,3539000,30.74,75.17,1005.45,31.63,69.18,1005.21,1,0,RULES,1,1,1,
2026-09-27 20:53:49,baseline-rules,3540000,30.74,75.62,1005.46,31.63,69.18,1005.23,1,0,RULES,1,1,1,
2026-09-27 20:53:50,baseline-rules,3541000,30.74,75.56,1005.53,31.63,69.17,1005.26,1,0,RULES,1,1,1,
2026-09-27 20:53:51,baseline-rules,3542000,30.73,75.51,1005.41,31.62,69.26,1005.25,1,0,RULES,1,1,1,
2026-09-27 20:53:52,baseline-rules,3543000,30.74,75.53,1005.42,31.62,69.17,1005.25,1,0,RULES,1,1,1,
2026-09-27 20:53:53,baseline-rules,3544000,30.74,74.92,1005.53,31.62,69.21,1005.19,1,0,RULES,1,1,1,
2026-09-27 20:53:54,baseline-rules,3545000,30.74,74.90,1005.46,31.63,69.26,1005.26,1,0,RULES,1,1,1,
2026-09-27 20:53:55,baseline-rules,3546000,30.73,74.96,1005.47,31.63,69.23,1005.26,1,0,RULES,1,1,1,
2026-09-27 20:53:56,baseline-rules,3547000,30.73,74.91,1005.46,31.62,69.30,1005.25,1,0,RULES,1,1,1,
2026-09-27 20:53:57,baseline-rules,3548000,30.72,75.50,1005.44,31.63,69.27,1005.24,1,0,RULES,1,1,1,
2026-09-27 20:53:58,baseline-rules,3549000,30.71,76.35,1005.40,31.63,69.39,1005.23,1,0,RULES,1,1,1,
2026-09-27 20:53:59,baseline-rules,3550000,30.71,76.64,1005.49,31.63,69.20,1005.26,1,0,RULES,1,1,1,
2026-09-27 20:54:00,baseline-rules,3551000,30.71,76.87,1005.46,31.63,69.36,1005.20,1,0,RULES,1,1,1,
2026-09-27 20:54:01,baseline-rules,3552000,30.71,76.83,1005.44,31.64,69.31,1005.22,1,0,RULES,1,1,1,
2026-09-27 20:54:02,baseline-rules,3553000,30.71,76.64,1005.48,31.64,69.23,1005.23,1,0,RULES,1,1,1,
2026-09-27 20:54:03,baseline-rules,3554000,30.72,75.41,1005.53,31.63,69.40,1005.20,1,0,RULES,1,1,1,
2026-09-27 20:54:04,baseline-rules,3555000,30.70,75.91,1005.45,31.62,69.52,1005.19,1,0,RULES,1,1,1,
2026-09-27 20:54:05,baseline-rules,3556000,30.70,75.67,1005.39,31.63,69.58,1005.26,1,0,RULES,1,1,1,
2026-09-27 20:54:06,baseline-rules,3557000,30.70,74.59,1005.50,31.63,69.58,1005.24,1,0,RULES,1,1,1,
2026-09-27 20:54:07,baseline-rules,3558000,30.73,75.05,1005.52,31.63,69.25,1005.26,1,0,RULES,1,1,1,
2026-09-27 20:54:08,baseline-rules,3559000,30.71,75.85,1005.48,31.63,69.14,1005.23,1,0,RULES,1,1,1,
2026-09-27 20:54:09,baseline-rules,3560000,30.70,74.82,1005.50,31.63,69.19,1005.24,1,0,RULES,1,1,1,
2026-09-27 20:54:10,baseline-rules,3561000,30.70,75.20,1005.45,31.63,69.16,1005.26,1,0,RULES,1,1,1,
2026-09-27 20:54:11,baseline-rules,3562000,30.71,75.58,1005.48,31.63,69.10,1005.23,1,0,RULES,1,1,1,
2026-09-27 20:54:12,baseline-rules,3563000,30.70,75.95,1005.50,31.62,69.11,1005.30,1,0,RULES,1,1,1,
2026-09-27 20:54:13,baseline-rules,3564000,30.70,75.65,1005.47,31.63,69.17,1005.20,1,0,RULES,1,1,1,
2026-09-27 20:54:14,baseline-rules,3565000,30.69,76.33,1005.51,31.63,69.10,1005.24,1,0,RULES,1,1,1,
2026-09-27 20:54:15,baseline-rules,3566000,30.68,75.72,1005.53,31.63,69.20,1005.31,1,0,RULES,1,1,1,
2026-09-27 20:54:16,baseline-rules,3567000,30.70,76.48,1005.50,31.63,69.19,1005.26,1,0,RULES,1,1,1,
2026-09-27 20:54:17,baseline-rules,3568000,30.69,76.72,1005.46,31.63,69.14,1005.26,1,0,RULES,1,1,1,
2026-09-27 20:54:18,baseline-rules,3569000,30.69,76.87,1005.54,31.63,69.17,1005.26,1,0,RULES,1,1,1,
2026-09-27 20:54:19,baseline-rules,3570000,30.67,76.62,1005.48,31.62,69.17,1005.22,1,0,RULES,1,1,1,
2026-09-27 20:54:20,baseline-rules,3571000,30.67,75.66,1005.53,31.63,69.21,1005.23,1,0,RULES,1,1,1,
2026-09-27 20:54:21,baseline-rules,3572000,30.67,75.15,1005.57,31.64,69.14,1005.33,1,0,RULES,1,1,1,
2026-09-27 20:54:22,baseline-rules,3573000,30.67,75.19,1005.53,31.63,69.25,1005.32,1,0,RULES,1,1,1,
2026-09-27 20:54:23,baseline-rules,3574000,30.66,74.97,1005.52,31.63,69.18,1005.29,1,0,RULES,1,1,1,
2026-09-27 20:54:24,baseline-rules,3575000,30.67,74.81,1005.56,31.63,69.46,1005.23,1,0,RULES,1,1,1,
2026-09-27 20:54:25,baseline-rules,3576000,30.67,75.11,1005.43,31.63,69.14,1005.26,1,0,RULES,1,1,1,
2026-09-27 20:54:26,baseline-rules,3577000,30.67,75.11,1005.48,31.62,69.11,1005.25,1,0,RULES,1,1,1,
2026-09-27 20:54:27,baseline-rules,3578000,30.66,76.35,1005.52,31.62,69.14,1005.22,1,0,RULES,1,1,1,
2026-09-27 20:54:28,baseline-rules,3579000,30.66,75.99,1005.46,31.63,69.14,1005.31,1,0,RULES,1,1,1,
2026-09-27 20:54:29,baseline-rules,3580000,30.64,75.35,1005.46,31.62,69.16,1005.25,1,0,RULES,1,1,1,
2026-09-27 20:54:30,baseline-rules,3581000,30.65,75.06,1005.50,31.63,69.11,1005.26,1,0,RULES,1,1,1,
2026-09-27 20:54:31,baseline-rules,3582000,30.64,75.22,1005.46,31.63,69.19,1005.26,1,0,RULES,1,1,1,
2026-09-27 20:54:32,baseline-rules,3583000,30.65,75.46,1005.53,31.62,69.25,1005.28,1,0,RULES,1,1,1,
2026-09-27 20:54:33,baseline-rules,3584000,30.65,75.97,1005.51,31.63,69.26,1005.24,1,0,RULES,1,1,1,
2026-09-27 20:54:34,baseline-rules,3585000,30.64,75.48,1005.54,31.63,69.28,1005.23,1,0,RULES,1,1,1,
2026-09-27 20:54:35,baseline-rules,3586000,30.65,76.13,1005.51,31.63,69.08,1005.23,1,0,RULES,1,1,1,
2026-09-27 20:54:36,baseline-rules,3587000,30.65,75.88,1005.54,31.62,69.22,1005.25,1,0,RULES,1,1,1,
2026-09-27 20:54:37,baseline-rules,3588000,30.65,76.30,1005.53,31.62,69.17,1005.19,1,0,RULES,1,1,1,
2026-09-27 20:54:38,baseline-rules,3589000,30.65,76.74,1005.53,31.63,69.49,1005.28,1,0,RULES,1,1,1,
2026-09-27 20:54:39,baseline-rules,3590000,30.65,75.83,1005.50,31.62,69.14,1005.25,1,0,RULES,1,1,1,
2026-09-27 20:54:40,baseline-rules,3591000,30.65,75.21,1005.56,31.62,69.12,1005.25,1,0,RULES,1,1,1,
2026-09-27 20:54:41,baseline-rules,3592000,30.65,75.48,1005.50,31.62,69.45,1005.30,1,0,RULES,1,1,1,
2026-09-27 20:54:42,baseline-rules,3593000,30.65,75.57,1005.51,31.63,69.63,1005.31,1,0,RULES,1,1,1,
2026-09-27 20:54:43,baseline-rules,3594000,30.66,77.08,1005.52,31.62,69.25,1005.24,1,0,RULES,1,1,1,
2026-09-27 20:54:44,baseline-rules,3595000,30.66,78.50,1005.52,31.63,69.29,1005.28,1,0,RULES,1,1,1,
2026-09-27 20:54:45,baseline-rules,3596000,30.66,78.25,1005.49,31.62,69.31,1005.25,1,0,RULES,1,1,1,
2026-09-27 20:54:46,baseline-rules,3597000,30.65,76.19,1005.56,31.62,69.65,1005.22,1,0,RULES,1,1,1,
2026-09-27 20:54:47,baseline-rules,3598000,30.65,76.06,1005.56,31.62,69.35,1005.30,1,0,RULES,1,1,1,
2026-09-27 20:54:48,baseline-rules,3599000,30.65,76.15,1005.50,31.63,69.26,1005.24,1,0,RULES,1,1,1,
2026-09-27 20:54:49,baseline-rules,3600000,30.66,76.62,1005.43,31.63,69.19,1005.23,1,0,RULES,1,1,1,
2026-09-27 20:54:50,baseline-rules,3601000,30.65,76.91,1005.59,31.62,69.18,1005.25,1,0,RULES,1,1,1,
2026-09-27 20:54:51,baseline-rules,3602000,30.64,76.57,1005.52,31.62,69.25,1005.25,1,0,RULES,1,1,1,
2026-09-27 20:54:52,baseline-rules,3603000,30.64,77.32,1005.54,31.63,69.28,1005.29,1,0,RULES,1,1,1,
2026-09-27 20:54:53,baseline-rules,3604000,30.64,77.69,1005.49,31.63,69.12,1005.26,1,0,RULES,1,1,1,
2026-09-27 20:54:54,baseline-rules,3605000,30.64,77.80,1005.51,31.62,69.12,1005.19,1,0,RULES,1,1,1,
2026-09-27 20:54:55,baseline-rules,3606000,30.65,78.38,1005.50,31.63,69.30,1005.26,1,0,RULES,1,1,1,
2026-09-27 20:54:56,baseline-rules,3607000,30.64,77.02,1005.54,31.63,69.25,1005.32,1,0,RULES,1,1,1,
2026-09-27 20:54:57,baseline-rules,3608000,30.64,76.30,1005.52,31.63,69.47,1005.26,1,0,RULES,1,1,1,
2026-09-27 20:54:58,baseline-rules,3609000,30.64,75.62,1005.51,31.63,69.27,1005.26,1,0,RULES,1,1,1,
2026-09-27 20:54:59,baseline-rules,3610000,30.63,75.58,1005.47,31.63,69.30,1005.26,1,0,RULES,1,1,1,
2026-09-27 20:55:00,baseline-rules,3611000,30.65,75.63,1005.50,31.62,69.17,1005.22,1,0,RULES,1,1,1,
2026-09-27 20:55:01,baseline-rules,3612000,30.63,75.38,1005.50,31.63,69.20,1005.26,1,0,RULES,1,1,1,
2026-09-27 20:55:02,baseline-rules,3613000,30.63,75.38,1005.53,31.63,69.32,1005.26,1,0,RULES,1,1,1,
2026-09-27 20:55:03,baseline-rules,3614000,30.63,75.34,1005.50,31.63,69.14,1005.26,1,0,RULES,1,1,1,
2026-09-27 20:55:04,baseline-rules,3615000,30.63,76.37,1005.50,31.62,69.21,1005.33,1,0,RULES,1,1,1,
2026-09-27 20:55:05,baseline-rules,3616000,30.62,76.03,1005.52,31.63,69.18,1005.26,1,0,RULES,1,1,1,
2026-09-27 20:55:06,baseline-rules,3617000,30.63,75.87,1005.47,31.63,69.39,1005.26,1,0,RULES,1,1,1,
2026-09-27 20:55:07,baseline-rules,3618000,30.63,76.73,1005.47,31.63,69.17,1005.21,1,0,RULES,1,1,1,
2026-09-27 20:55:08,baseline-rules,3619000,30.63,77.77,1005.52,31.62,69.31,1005.25,1,0,RULES,1,1,1,
2026-09-27 20:55:09,baseline-rules,3620000,30.61,76.82,1005.53,31.62,69.35,1005.25,1,0,RULES,1,1,1,
2026-09-27 20:55:10,baseline-rules,3621000,30.61,76.80,1005.55,31.63,69.39,1005.29,1,0,RULES,1,1,1,
2026-09-27 20:55:11,baseline-rules,3622000,30.59,77.44,1005.52,31.62,69.29,1005.28,1,0,RULES,1,1,1,
2026-09-27 20:55:12,baseline-rules,3623000,30.58,76.74,1005.54,31.62,69.19,1005.28,1,0,RULES,1,1,1,
2026-09-27 20:55:13,baseline-rules,3624000,30.58,76.66,1005.54,31.63,69.16,1005.26,1,0,RULES,1,1,1,
2026-09-27 20:55:14,baseline-rules,3625000,30.58,76.58,1005.56,31.62,69.33,1005.28,1,0,RULES,1,1,1,
2026-09-27 20:55:15,baseline-rules,3626000,30.56,76.68,1005.51,31.63,69.21,1005.26,1,0,RULES,1,1,1,
2026-09-27 20:55:16,baseline-rules,3627000,30.55,75.65,1005.47,31.63,69.17,1005.31,1,0,RULES,1,1,1,
2026-09-27 20:55:17,baseline-rules,3628000,30.56,75.98,1005.50,31.62,69.20,1005.28,1,0,RULES,1,1,1,
2026-09-27 20:55:18,baseline-rules,3629000,30.56,77.09,1005.54,31.62,69.29,1005.25,1,0,RULES,1,1,1,
2026-09-27 20:55:19,baseline-rules,3630000,30.56,78.08,1005.60,31.63,69.28,1005.31,1,0,RULES,1,1,1,
2026-09-27 20:55:20,baseline-rules,3631000,30.55,76.72,1005.52,31.63,69.63,1005.26,1,0,RULES,1,1,1,
2026-09-27 20:55:21,baseline-rules,3632000,30.56,75.98,1005.53,31.63,69.39,1005.28,1,0,RULES,1,1,1,
2026-09-27 20:55:22,baseline-rules,3633000,30.56,76.78,1005.54,31.62,69.39,1005.19,1,0,RULES,1,1,1,
2026-09-27 20:55:23,baseline-rules,3634000,30.55,76.97,1005.51,31.62,69.28,1005.21,1,0,RULES,1,1,1,
2026-09-27 20:55:24,baseline-rules,3635000,30.55,77.21,1005.60,31.61,69.28,1005.29,1,0,RULES,1,1,1,
2026-09-27 20:55:25,baseline-rules,3636000,30.54,77.95,1005.56,31.63,69.23,1005.26,1,0,RULES,1,1,1,
2026-09-27 20:55:26,baseline-rules,3637000,30.54,76.63,1005.48,31.62,69.25,1005.21,1,0,RULES,1,1,1,
2026-09-27 20:55:27,baseline-rules,3638000,30.54,76.48,1005.48,31.63,69.40,1005.26,1,0,RULES,1,1,1,
2026-09-27 20:55:28,baseline-rules,3639000,30.54,76.71,1005.59,31.62,69.26,1005.25,1,0,RULES,1,1,1,
2026-09-27 20:55:29,baseline-rules,3640000,30.53,75.79,1005.46,31.62,69.31,1005.25,1,0,RULES,1,1,1,
2026-09-27 20:55:30,baseline-rules,3641000,30.53,75.51,1005.49,31.62,69.21,1005.19,1,0,RULES,1,1,1,
2026-09-27 20:55:31,baseline-rules,3642000,30.54,75.30,1005.53,31.62,69.26,1005.25,1,0,RULES,1,1,1,
2026-09-27 20:55:32,baseline-rules,3643000,30.54,75.93,1005.51,31.63,69.30,1005.26,1,0,RULES,1,1,1,
2026-09-27 20:55:33,baseline-rules,3644000,30.54,75.91,1005.56,31.62,69.23,1005.22,1,0,RULES,1,1,1,
2026-09-27 20:55:34,baseline-rules,3645000,30.55,76.49,1005.51,31.62,69.22,1005.25,1,0,RULES,1,1,1,
2026-09-27 20:55:35,baseline-rules,3646000,30.55,75.90,1005.51,31.62,69.26,1005.22,1,0,RULES,1,1,1,
2026-09-27 20:55:36,baseline-rules,3647000,30.55,76.13,1005.52,31.61,69.32,1005.21,1,0,RULES,1,1,1,
2026-09-27 20:55:37,baseline-rules,3648000,30.54,77.01,1005.51,31.61,69.28,1005.23,1,0,RULES,1,1,1,
2026-09-27 20:55:38,baseline-rules,3649000,30.53,76.18,1005.55,31.62,69.33,1005.25,1,0,RULES,1,1,1,
2026-09-27 20:55:39,baseline-rules,3650000,30.54,76.56,1005.50,31.62,69.29,1005.33,1,0,RULES,1,1,1,
2026-09-27 20:55:40,baseline-rules,3651000,30.53,76.39,1005.49,31.62,69.47,1005.27,1,0,RULES,1,1,1,
2026-09-27 20:55:41,baseline-rules,3652000,30.53,76.85,1005.49,31.62,69.22,1005.27,1,0,RULES,1,1,1,
2026-09-27 20:55:42,baseline-rules,3653000,30.53,77.69,1005.48,31.61,69.46,1005.26,1,0,RULES,1,1,1,
2026-09-27 20:55:43,baseline-rules,3654000,30.51,77.69,1005.48,31.61,69.30,1005.23,1,0,RULES,1,1,1,
2026-09-27 20:55:44,baseline-rules,3655000,30.53,79.40,1005.57,31.61,69.33,1005.29,1,0,RULES,1,1,1,
2026-09-27 20:55:45,baseline-rules,3656000,30.52,79.77,1005.49,31.61,69.33,1005.21,1,0,RULES,1,1,1,
2026-09-27 20:55:46,baseline-rules,3657000,30.51,79.14,1005.56,31.61,69.26,1005.32,1,0,RULES,1,1,1,
2026-09-27 20:55:47,baseline-rules,3658000,30.50,78.19,1005.41,31.61,69.30,1005.25,1,0,RULES,1,1,1,
2026-09-27 20:55:48,baseline-rules,3659000,30.50,77.33,1005.52,31.61,69.30,1005.25,1,0,RULES,1,1,1,
2026-09-27 20:55:49,baseline-rules,3660000,30.49,77.32,1005.57,31.60,69.28,1005.33,1,0,RULES,1,1,1,
2026-09-27 20:55:50,baseline-rules,3661000,30.49,77.16,1005.50,31.61,69.38,1005.26,1,0,RULES,1,1,1,
2026-09-27 20:55:51,baseline-rules,3662000,30.49,77.38,1005.47,31.60,69.31,1005.22,1,0,RULES,1,1,1,
2026-09-27 20:55:52,baseline-rules,3663000,30.47,76.72,1005.51,31.60,69.30,1005.22,1,0,RULES,1,1,1,
2026-09-27 20:55:53,baseline-rules,3664000,30.48,76.32,1005.51,31.59,69.39,1005.26,1,0,RULES,1,1,1,
2026-09-27 20:55:54,baseline-rules,3665000,30.48,77.18,1005.52,31.60,69.29,1005.27,1,0,RULES,1,1,1,
2026-09-27 20:55:55,baseline-rules,3666000,30.48,77.86,1005.51,31.60,69.53,1005.27,1,0,RULES,1,1,1,
2026-09-27 20:55:56,baseline-rules,3667000,30.47,76.60,1005.56,31.61,69.36,1005.28,1,0,RULES,1,1,1,
2026-09-27 20:55:57,baseline-rules,3668000,30.48,76.63,1005.55,31.61,69.36,1005.23,1,0,RULES,1,1,1,
2026-09-27 20:55:58,baseline-rules,3669000,30.48,76.39,1005.55,31.61,69.60,1005.28,1,0,RULES,1,1,1,
2026-09-27 20:55:59,baseline-rules,3670000,30.49,76.68,1005.56,31.60,69.57,1005.27,1,0,RULES,1,1,1,
2026-09-27 20:56:00,baseline-rules,3671000,30.49,76.86,1005.54,31.61,69.30,1005.28,1,0,RULES,1,1,1,
2026-09-27 20:56:01,baseline-rules,3672000,30.49,76.62,1005.54,31.60,69.40,1005.22,1,0,RULES,1,1,1,
2026-09-27 20:56:02,baseline-rules,3673000,30.49,76.01,1005.47,31.60,69.27,1005.27,1,0,RULES,1,1,1,
2026-09-27 20:56:03,baseline-rules,3674000,30.50,76.15,1005.55,31.60,69.32,1005.24,1,0,RULES,1,1,1,
2026-09-27 20:56:04,baseline-rules,3675000,30.50,76.61,1005.50,31.60,69.48,1005.24,1,0,RULES,1,1,1,
2026-09-27 20:56:05,baseline-rules,3676000,30.49,77.12,1005.51,31.60,69.54,1005.15,1,0,RULES,1,1,1,
2026-09-27 20:56:06,baseline-rules,3677000,30.51,77.88,1005.51,31.61,69.22,1005.29,1,0,RULES,1,1,1,
2026-09-27 20:56:07,baseline-rules,3678000,30.51,78.29,1005.57,31.60,69.40,1005.24,1,0,RULES,1,1,1,
2026-09-27 20:56:08,baseline-rules,3679000,30.49,77.20,1005.54,31.61,69.40,1005.23,1,0,RULES,1,1,1,
2026-09-27 20:56:09,baseline-rules,3680000,30.50,77.13,1005.46,31.61,69.29,1005.29,1,0,RULES,1,1,1,
2026-09-27 20:56:10,baseline-rules,3681000,30.51,76.54,1005.51,31.61,69.38,1005.28,1,0,RULES,1,1,1,
2026-09-27 20:56:11,baseline-rules,3682000,30.50,76.43,1005.50,31.61,69.29,1005.25,1,0,RULES,1,1,1,
2026-09-27 20:56:12,baseline-rules,3683000,30.51,76.56,1005.51,31.60,69.44,1005.22,1,0,RULES,1,1,1,
2026-09-27 20:56:13,baseline-rules,3684000,30.49,76.40,1005.48,31.61,69.31,1005.32,1,0,RULES,1,1,1,
2026-09-27 20:56:14,baseline-rules,3685000,30.50,75.76,1005.49,31.61,69.50,1005.21,1,0,RULES,1,1,1,
2026-09-27 20:56:15,baseline-rules,3686000,30.49,75.65,1005.48,31.60,69.40,1005.29,1,0,RULES,1,1,1,
2026-09-27 20:56:16,baseline-rules,3687000,30.50,75.45,1005.52,31.61,69.53,1005.26,1,0,RULES,1,1,1,
2026-09-27 20:56:17,baseline-rules,3688000,30.49,75.15,1005.54,31.61,69.39,1005.26,1,0,RULES,1,1,1,
2026-09-27 20:56:18,baseline-rules,3689000,30.50,75.55,1005.53,31.61,69.46,1005.23,1,0,RULES,1,1,1,
2026-09-27 20:56:19,baseline-rules,3690000,30.51,75.66,1005.51,31.61,69.79,1005.20,1,0,RULES,1,1,1,
2026-09-27 20:56:20,baseline-rules,3691000,30.50,76.06,1005.53,31.60,69.32,1005.27,1,0,RULES,1,1,1,
2026-09-27 20:56:21,baseline-rules,3692000,30.51,76.21,1005.51,31.60,69.50,1005.24,1,0,RULES,1,1,1,
2026-09-27 20:56:22,baseline-rules,3693000,30.50,76.36,1005.50,31.62,69.29,1005.21,1,0,RULES,1,1,1,
2026-09-27 20:56:23,baseline-rules,3694000,30.51,76.49,1005.51,31.61,69.41,1005.18,1,0,RULES,1,1,1,
2026-09-27 20:56:24,baseline-rules,3695000,30.51,78.11,1005.54,31.61,69.39,1005.28,1,0,RULES,1,1,1,
2026-09-27 20:56:25,baseline-rules,3696000,30.51,77.33,1005.51,31.60,69.40,1005.24,1,0,RULES,1,1,1,
2026-09-27 20:56:26,baseline-rules,3697000,30.51,76.20,1005.57,31.60,69.39,1005.22,1,0,RULES,1,1,1,
2026-09-27 20:56:27,baseline-rules,3698000,30.51,76.77,1005.57,31.61,69.38,1005.23,1,0,RULES,1,1,1,
2026-09-27 20:56:28,baseline-rules,3699000,30.50,77.58,1005.53,31.61,69.44,1005.28,1,0,RULES,1,1,1,
2026-09-27 20:56:29,baseline-rules,3700000,30.49,76.69,1005.45,31.61,69.36,1005.25,1,0,RULES,1,1,1,
2026-09-27 20:56:30,baseline-rules,3701000,30.49,76.82,1005.53,31.61,69.45,1005.29,1,0,RULES,1,1,1,
2026-09-27 20:56:31,baseline-rules,3702000,30.49,77.15,1005.50,31.61,69.35,1005.26,1,0,RULES,1,1,1,
2026-09-27 20:56:32,baseline-rules,3703000,30.48,76.55,1005.52,31.61,69.33,1005.23,1,0,RULES,1,1,1,
2026-09-27 20:56:33,baseline-rules,3704000,30.48,76.51,1005.52,31.61,69.41,1005.29,1,0,RULES,1,1,1,
2026-09-27 20:56:34,baseline-rules,3705000,30.49,77.01,1005.56,31.60,69.32,1005.27,1,0,RULES,1,1,1,
2026-09-27 20:56:35,baseline-rules,3706000,30.49,76.38,1005.54,31.61,69.33,1005.23,1,0,RULES,1,1,1,
2026-09-27 20:56:36,baseline-rules,3707000,30.48,76.09,1005.47,31.61,69.34,1005.25,1,0,RULES,1,1,1,
2026-09-27 20:56:37,baseline-rules,3708000,30.48,76.27,1005.52,31.61,69.41,1005.18,1,0,RULES,1,1,1,
2026-09-27 20:56:38,baseline-rules,3709000,30.48,76.35,1005.47,31.61,69.57,1005.31,1,0,RULES,1,1,1,
2026-09-27 20:56:39,baseline-rules,3710000,30.49,76.38,1005.51,31.60,69.33,1005.27,1,0,RULES,1,1,1,
2026-09-27 20:56:40,baseline-rules,3711000,30.48,76.49,1005.49,31.61,69.39,1005.34,1,0,RULES,1,1,1,
2026-09-27 20:56:41,baseline-rules,3712000,30.48,77.15,1005.52,31.61,69.34,1005.28,1,0,RULES,1,1,1,
2026-09-27 20:56:42,baseline-rules,3713000,30.48,76.16,1005.54,31.61,69.40,1005.25,1,0,RULES,1,1,1,
2026-09-27 20:56:43,baseline-rules,3714000,30.49,75.66,1005.50,31.61,69.34,1005.28,1,0,RULES,1,1,1,
2026-09-27 20:56:44,baseline-rules,3715000,30.49,75.60,1005.53,31.61,69.33,1005.29,1,0,RULES,1,1,1,
2026-09-27 20:56:45,baseline-rules,3716000,30.49,76.33,1005.51,31.61,69.46,1005.23,1,0,RULES,1,1,1,
2026-09-27 20:56:46,baseline-rules,3717000,30.49,76.14,1005.50,31.60,69.66,1005.22,1,0,RULES,1,1,1,
2026-09-27 20:56:47,baseline-rules,3718000,30.49,76.08,1005.54,31.60,69.33,1005.24,1,0,RULES,1,1,1,
2026-09-27 20:56:48,baseline-rules,3719000,30.50,76.19,1005.53,31.61,69.72,1005.20,1,0,RULES,1,1,1,
2026-09-27 20:56:49,baseline-rules,3720000,30.50,76.29,1005.50,31.61,69.35,1005.23,1,0,RULES,1,1,1,
2026-09-27 20:56:50,baseline-rules,3721000,30.49,76.45,1005.51,31.61,69.29,1005.29,1,0,RULES,1,1,1,
2026-09-27 20:56:51,baseline-rules,3722000,30.50,78.10,1005.52,31.61,69.32,1005.23,1,0,RULES,1,1,1,
2026-09-27 20:56:52,baseline-rules,3723000,30.48,77.58,1005.49,31.61,69.36,1005.32,1,0,RULES,1,1,1,
2026-09-27 20:56:53,baseline-rules,3724000,30.48,76.36,1005.49,31.62,69.34,1005.28,1,0,RULES,1,1,1,
2026-09-27 20:56:54,baseline-rules,3725000,30.49,76.25,1005.54,31.61,69.42,1005.25,1,0,RULES,1,1,1,
2026-09-27 20:56:55,baseline-rules,3726000,30.50,76.76,1005.50,31.61,69.47,1005.32,1,0,RULES,1,1,1,
2026-09-27 20:56:56,baseline-rules,3727000,30.49,76.32,1005.54,31.61,69.33,1005.23,1,0,RULES,1,1,1,
2026-09-27 20:56:57,baseline-rules,3728000,30.50,76.51,1005.50,31.62,69.37,1005.19,1,0,RULES,1,1,1,
2026-09-27 20:56:58,baseline-rules,3729000,30.51,75.91,1005.51,31.61,69.37,1005.23,1,0,RULES,1,1,1,
2026-09-27 20:56:59,baseline-rules,3730000,30.50,75.45,1005.58,31.61,69.41,1005.26,1,0,RULES,1,1,1,
2026-09-27 20:57:00,baseline-rules,3731000,30.50,76.60,1005.53,31.61,69.39,1005.25,1,0,RULES,1,1,1,
2026-09-27 20:57:01,baseline-rules,3732000,30.49,77.24,1005.53,31.60,69.41,1005.22,1,0,RULES,1,1,1,
2026-09-27 20:57:02,baseline-rules,3733000,30.48,76.18,1005.52,31.61,69.39,1005.23,1,0,RULES,1,1,1,
2026-09-27 20:57:03,baseline-rules,3734000,30.50,75.82,1005.52,31.61,69.40,1005.26,1,0,RULES,1,1,1,
2026-09-27 20:57:04,baseline-rules,3735000,30.49,76.07,1005.57,31.62,69.35,1005.24,1,0,RULES,1,1,1,
2026-09-27 20:57:05,baseline-rules,3736000,30.50,76.08,1005.58,31.61,69.38,1005.28,1,0,RULES,1,1,1,
2026-09-27 20:57:06,baseline-rules,3737000,30.50,76.69,1005.57,31.61,69.40,1005.25,1,0,RULES,1,1,1,
2026-09-27 20:57:06,baseline-rules,,,,,,,,,,,,,,mist A=0 B=0 (burst cap)
2026-09-27 20:57:07,baseline-rules,3738000,30.50,76.36,1005.50,31.60,69.68,1005.22,0,0,RULES,1,1,1,
2026-09-27 20:57:08,baseline-rules,3739000,30.50,76.08,1005.53,31.61,69.33,1005.26,0,0,RULES,1,1,1,
2026-09-27 20:57:09,baseline-rules,3740000,30.50,76.45,1005.58,31.61,69.68,1005.20,0,0,RULES,1,1,1,
2026-09-27 20:57:10,baseline-rules,3741000,30.49,76.68,1005.54,31.62,69.51,1005.27,0,0,RULES,1,1,1,
2026-09-27 20:57:11,baseline-rules,3742000,30.51,77.02,1005.56,31.62,69.26,1005.27,0,0,RULES,1,1,1,
2026-09-27 20:57:12,baseline-rules,3743000,30.50,77.36,1005.50,31.61,69.38,1005.23,0,0,RULES,1,1,1,
2026-09-27 20:57:13,baseline-rules,3744000,30.51,76.96,1005.53,31.61,69.33,1005.29,0,0,RULES,1,1,1,
2026-09-27 20:57:14,baseline-rules,3745000,30.51,76.42,1005.53,31.61,69.36,1005.23,0,0,RULES,1,1,1,
2026-09-27 20:57:15,baseline-rules,3746000,30.50,75.94,1005.55,31.61,69.31,1005.23,0,0,RULES,1,1,1,
2026-09-27 20:57:16,baseline-rules,3747000,30.50,75.94,1005.55,31.61,69.39,1005.28,0,0,RULES,1,1,1,
2026-09-27 20:57:17,baseline-rules,3748000,30.52,76.07,1005.55,31.61,69.37,1005.25,0,0,RULES,1,1,1,
2026-09-27 20:57:18,baseline-rules,3749000,30.52,77.61,1005.53,31.61,69.26,1005.26,0,0,RULES,1,1,1,
2026-09-27 20:57:19,baseline-rules,3750000,30.52,77.92,1005.53,31.60,69.50,1005.27,0,0,RULES,1,1,1,
2026-09-27 20:57:20,baseline-rules,3751000,30.51,76.65,1005.46,31.60,69.56,1005.24,0,0,RULES,1,1,1,
2026-09-27 20:57:21,baseline-rules,3752000,30.52,75.94,1005.56,31.61,69.41,1005.23,0,0,RULES,1,1,1,
2026-09-27 20:57:22,baseline-rules,3753000,30.53,76.58,1005.58,31.61,69.38,1005.26,0,0,RULES,1,1,1,
2026-09-27 20:57:23,baseline-rules,3754000,30.54,76.99,1005.55,31.61,69.41,1005.28,0,0,RULES,1,1,1,
2026-09-27 20:57:24,baseline-rules,3755000,30.54,77.34,1005.47,31.61,69.73,1005.28,0,0,RULES,1,1,1,
2026-09-27 20:57:25,baseline-rules,3756000,30.54,76.85,1005.44,31.62,69.40,1005.24,0,0,RULES,1,1,1,
2026-09-27 20:57:26,baseline-rules,3757000,30.54,75.91,1005.53,31.61,69.39,1005.28,0,0,RULES,1,1,1,
2026-09-27 20:57:27,baseline-rules,3758000,30.55,75.71,1005.49,31.61,69.24,1005.25,0,0,RULES,1,1,1,
2026-09-27 20:57:28,baseline-rules,3759000,30.55,75.69,1005.52,31.60,69.41,1005.24,0,0,RULES,1,1,1,
2026-09-27 20:57:29,baseline-rules,3760000,30.57,77.48,1005.50,31.61,69.49,1005.25,0,0,RULES,1,1,1,
2026-09-27 20:57:30,baseline-rules,3761000,30.56,77.77,1005.51,31.61,69.32,1005.28,0,0,RULES,1,1,1,
2026-09-27 20:57:31,baseline-rules,3762000,30.57,78.04,1005.50,31.61,69.40,1005.25,0,0,RULES,1,1,1,
2026-09-27 20:57:32,baseline-rules,3763000,30.58,78.07,1005.54,31.61,69.41,1005.23,0,0,RULES,1,1,1,
2026-09-27 20:57:33,baseline-rules,3764000,30.57,76.85,1005.52,31.60,69.29,1005.22,0,0,RULES,1,1,1,
2026-09-27 20:57:34,baseline-rules,3765000,30.58,76.71,1005.54,31.61,69.37,1005.23,0,0,RULES,1,1,1,
2026-09-27 20:57:35,baseline-rules,3766000,30.60,76.30,1005.59,31.61,69.30,1005.23,0,0,RULES,1,1,1,
2026-09-27 20:57:36,baseline-rules,3767000,30.60,76.49,1005.54,31.61,69.50,1005.23,0,0,RULES,1,1,1,
2026-09-27 20:57:37,baseline-rules,3768000,30.60,76.27,1005.54,31.61,69.66,1005.25,0,0,RULES,1,1,1,
2026-09-27 20:57:38,baseline-rules,3769000,30.60,76.33,1005.51,31.60,69.50,1005.22,0,0,RULES,1,1,1,
2026-09-27 20:57:39,baseline-rules,3770000,30.62,77.10,1005.59,31.61,69.41,1005.23,0,0,RULES,1,1,1,
2026-09-27 20:57:40,baseline-rules,3771000,30.62,76.34,1005.51,31.60,69.33,1005.27,0,0,RULES,1,1,1,
2026-09-27 20:57:41,baseline-rules,3772000,30.62,76.71,1005.54,31.60,69.38,1005.24,0,0,RULES,1,1,1,
2026-09-27 20:57:42,baseline-rules,3773000,30.61,76.09,1005.60,31.60,69.39,1005.24,0,0,RULES,1,1,1,
2026-09-27 20:57:43,baseline-rules,3774000,30.62,76.02,1005.59,31.60,69.32,1005.30,0,0,RULES,1,1,1,
2026-09-27 20:57:44,baseline-rules,3775000,30.62,75.92,1005.56,31.61,69.36,1005.29,0,0,RULES,1,1,1,
2026-09-27 20:57:45,baseline-rules,3776000,30.62,75.78,1005.54,31.61,69.70,1005.31,0,0,RULES,1,1,1,
2026-09-27 20:57:46,baseline-rules,3777000,30.63,75.73,1005.55,31.61,69.53,1005.23,0,0,RULES,1,1,1,
2026-09-27 20:57:47,baseline-rules,3778000,30.63,75.66,1005.55,31.61,69.48,1005.23,0,0,RULES,1,1,1,
2026-09-27 20:57:48,baseline-rules,3779000,30.63,75.61,1005.53,31.60,69.49,1005.24,0,0,RULES,1,1,1,
2026-09-27 20:57:49,baseline-rules,3780000,30.64,75.34,1005.48,31.61,69.38,1005.28,0,0,RULES,1,1,1,
2026-09-27 20:57:50,baseline-rules,3781000,30.64,75.24,1005.55,31.61,69.55,1005.26,0,0,RULES,1,1,1,
2026-09-27 20:57:51,baseline-rules,3782000,30.65,74.99,1005.56,31.60,69.34,1005.27,0,0,RULES,1,1,1,
2026-09-27 20:57:52,baseline-rules,3783000,30.66,75.51,1005.52,31.60,69.58,1005.24,0,0,RULES,1,1,1,
2026-09-27 20:57:53,baseline-rules,3784000,30.66,75.88,1005.52,31.61,69.42,1005.25,0,0,RULES,1,1,1,
2026-09-27 20:57:54,baseline-rules,3785000,30.66,76.39,1005.55,31.60,69.40,1005.27,0,0,RULES,1,1,1,
2026-09-27 20:57:55,baseline-rules,3786000,30.66,75.33,1005.54,31.60,69.54,1005.22,0,0,RULES,1,1,1,
2026-09-27 20:57:56,baseline-rules,3787000,30.67,75.73,1005.57,31.61,69.49,1005.28,0,0,RULES,1,1,1,
2026-09-27 20:57:57,baseline-rules,3788000,30.66,75.34,1005.54,31.61,69.53,1005.29,0,0,RULES,1,1,1,
2026-09-27 20:57:58,baseline-rules,3789000,30.68,75.18,1005.49,31.61,69.33,1005.31,0,0,RULES,1,1,1,
2026-09-27 20:57:59,baseline-rules,3790000,30.67,74.95,1005.53,31.61,69.55,1005.23,0,0,RULES,1,1,1,
2026-09-27 20:58:00,baseline-rules,3791000,30.67,74.76,1005.48,31.61,69.67,1005.34,0,0,RULES,1,1,1,
2026-09-27 20:58:01,baseline-rules,3792000,30.67,75.14,1005.57,31.60,69.40,1005.22,0,0,RULES,1,1,1,
2026-09-27 20:58:02,baseline-rules,3793000,30.68,75.10,1005.53,31.60,69.41,1005.27,0,0,RULES,1,1,1,
2026-09-27 20:58:03,baseline-rules,3794000,30.68,75.48,1005.50,31.60,69.39,1005.24,0,0,RULES,1,1,1,
2026-09-27 20:58:04,baseline-rules,3795000,30.68,74.95,1005.46,31.61,69.47,1005.28,0,0,RULES,1,1,1,
2026-09-27 20:58:05,baseline-rules,3796000,30.68,75.08,1005.44,31.61,69.49,1005.29,0,0,RULES,1,1,1,
2026-09-27 20:58:06,baseline-rules,3797000,30.70,75.06,1005.50,31.61,69.46,1005.31,0,0,RULES,1,1,1,
2026-09-27 20:58:07,baseline-rules,3798000,30.70,75.43,1005.48,31.61,69.36,1005.23,0,0,RULES,1,1,1,
2026-09-27 20:58:08,baseline-rules,3799000,30.70,75.44,1005.50,31.60,69.40,1005.27,0,0,RULES,1,1,1,
2026-09-27 20:58:09,baseline-rules,3800000,30.71,75.31,1005.48,31.61,69.34,1005.23,0,0,RULES,1,1,1,
2026-09-27 20:58:10,baseline-rules,3801000,30.71,75.17,1005.48,31.61,69.41,1005.21,0,0,RULES,1,1,1,
2026-09-27 20:58:11,baseline-rules,3802000,30.71,74.77,1005.49,31.62,69.40,1005.27,0,0,RULES,1,1,1,
2026-09-27 20:58:12,baseline-rules,3803000,30.73,74.86,1005.54,31.61,69.34,1005.17,0,0,RULES,1,1,1,
2026-09-27 20:58:13,baseline-rules,3804000,30.73,74.83,1005.49,31.62,69.39,1005.27,0,0,RULES,1,1,1,
2026-09-27 20:58:14,baseline-rules,3805000,30.72,74.95,1005.42,31.61,69.41,1005.23,0,0,RULES,1,1,1,
2026-09-27 20:58:15,baseline-rules,3806000,30.74,75.02,1005.50,31.62,69.52,1005.24,0,0,RULES,1,1,1,
2026-09-27 20:58:16,baseline-rules,3807000,30.74,74.93,1005.54,31.62,69.34,1005.30,0,0,RULES,1,1,1,
2026-09-27 20:58:17,baseline-rules,3808000,30.73,74.92,1005.47,31.62,69.37,1005.27,0,0,RULES,1,1,1,
2026-09-27 20:58:18,baseline-rules,3809000,30.75,74.82,1005.55,31.61,69.53,1005.25,0,0,RULES,1,1,1,
2026-09-27 20:58:19,baseline-rules,3810000,30.76,74.92,1005.51,31.61,69.36,1005.23,0,0,RULES,1,1,1,
2026-09-27 20:58:20,baseline-rules,3811000,30.76,75.23,1005.54,31.61,69.44,1005.28,0,0,RULES,1,1,1,
2026-09-27 20:58:21,baseline-rules,3812000,30.75,75.46,1005.47,31.61,69.49,1005.29,0,0,RULES,1,1,1,
2026-09-27 20:58:22,baseline-rules,3813000,30.75,75.51,1005.53,31.62,69.43,1005.28,0,0,RULES,1,1,1,
2026-09-27 20:58:23,baseline-rules,3814000,30.77,75.13,1005.55,31.62,69.43,1005.28,0,0,RULES,1,1,1,
2026-09-27 20:58:24,baseline-rules,3815000,30.76,74.59,1005.51,31.62,69.71,1005.25,0,0,RULES,1,1,1,
2026-09-27 20:58:25,baseline-rules,3816000,30.78,74.98,1005.55,31.61,69.27,1005.26,0,0,RULES,1,1,1,
2026-09-27 20:58:26,baseline-rules,3817000,30.78,74.65,1005.57,31.61,69.37,1005.26,0,0,RULES,1,1,1,
2026-09-27 20:58:27,baseline-rules,3818000,30.78,74.59,1005.48,31.61,69.43,1005.29,0,0,RULES,1,1,1,
2026-09-27 20:58:28,baseline-rules,3819000,30.78,74.82,1005.49,31.62,69.45,1005.25,0,0,RULES,1,1,1,
2026-09-27 20:58:29,baseline-rules,3820000,30.79,75.00,1005.50,31.61,69.33,1005.23,0,0,RULES,1,1,1,
2026-09-27 20:58:30,baseline-rules,3821000,30.79,74.59,1005.53,31.62,69.46,1005.21,0,0,RULES,1,1,1,
2026-09-27 20:58:31,baseline-rules,3822000,30.81,75.54,1005.48,31.61,69.37,1005.26,0,0,RULES,1,1,1,
2026-09-27 20:58:32,baseline-rules,3823000,30.80,75.21,1005.49,31.62,69.22,1005.24,0,0,RULES,1,1,1,
2026-09-27 20:58:33,baseline-rules,3824000,30.79,74.45,1005.50,31.63,69.36,1005.31,0,0,RULES,1,1,1,
2026-09-27 20:58:34,baseline-rules,3825000,30.80,74.57,1005.49,31.61,69.47,1005.23,0,0,RULES,1,1,1,
2026-09-27 20:58:35,baseline-rules,3826000,30.81,74.61,1005.53,31.61,69.31,1005.21,0,0,RULES,1,1,1,
2026-09-27 20:58:36,baseline-rules,3827000,30.81,75.23,1005.48,31.61,69.31,1005.29,0,0,RULES,1,1,1,
2026-09-27 20:58:37,baseline-rules,3828000,30.81,75.14,1005.53,31.61,69.32,1005.29,0,0,RULES,1,1,1,
2026-09-27 20:58:38,baseline-rules,3829000,30.81,75.31,1005.48,31.61,69.41,1005.26,0,0,RULES,1,1,1,
2026-09-27 20:58:39,baseline-rules,3830000,30.82,76.14,1005.50,31.61,69.36,1005.23,0,0,RULES,1,1,1,
2026-09-27 20:58:40,baseline-rules,3831000,30.82,75.58,1005.52,31.60,69.38,1005.33,0,0,RULES,1,1,1,
2026-09-27 20:58:41,baseline-rules,3832000,30.82,74.85,1005.52,31.60,69.44,1005.27,0,0,RULES,1,1,1,
2026-09-27 20:58:42,baseline-rules,3833000,30.81,74.94,1005.60,31.61,69.50,1005.25,0,0,RULES,1,1,1,
2026-09-27 20:58:43,baseline-rules,3834000,30.82,74.56,1005.58,31.61,69.67,1005.23,0,0,RULES,1,1,1,
2026-09-27 20:58:44,baseline-rules,3835000,30.82,74.09,1005.56,31.60,69.24,1005.27,0,0,RULES,1,1,1,
2026-09-27 20:58:45,baseline-rules,3836000,30.83,74.20,1005.51,31.60,69.44,1005.27,0,0,RULES,1,1,1,
2026-09-27 20:58:46,baseline-rules,3837000,30.83,74.19,1005.42,31.60,69.72,1005.22,0,0,RULES,1,1,1,
2026-09-27 20:58:47,baseline-rules,3838000,30.83,74.56,1005.51,31.61,69.36,1005.28,0,0,RULES,1,1,1,
2026-09-27 20:58:48,baseline-rules,3839000,30.84,75.20,1005.52,31.60,69.29,1005.27,0,0,RULES,1,1,1,
2026-09-27 20:58:49,baseline-rules,3840000,30.84,75.88,1005.53,31.60,69.56,1005.27,0,0,RULES,1,1,1,
2026-09-27 20:58:50,baseline-rules,3841000,30.85,75.44,1005.54,31.61,69.31,1005.26,0,0,RULES,1,1,1,
2026-09-27 20:58:51,baseline-rules,3842000,30.84,74.89,1005.48,31.60,69.36,1005.29,0,0,RULES,1,1,1,
2026-09-27 20:58:52,baseline-rules,3843000,30.83,74.81,1005.49,31.60,69.41,1005.27,0,0,RULES,1,1,1,
2026-09-27 20:58:53,baseline-rules,3844000,30.85,74.99,1005.48,31.61,69.31,1005.23,0,0,RULES,1,1,1,
2026-09-27 20:58:54,baseline-rules,3845000,30.85,75.20,1005.51,31.60,69.30,1005.24,0,0,RULES,1,1,1,
2026-09-27 20:58:55,baseline-rules,3846000,30.85,74.99,1005.48,31.61,69.62,1005.31,0,0,RULES,1,1,1,
2026-09-27 20:58:56,baseline-rules,3847000,30.86,75.57,1005.51,31.60,69.34,1005.24,0,0,RULES,1,1,1,
2026-09-27 20:58:57,baseline-rules,3848000,30.85,74.40,1005.49,31.61,69.59,1005.31,0,0,RULES,1,1,1,
2026-09-27 20:58:58,baseline-rules,3849000,30.86,74.59,1005.47,31.60,69.33,1005.30,0,0,RULES,1,1,1,
2026-09-27 20:58:59,baseline-rules,3850000,30.88,75.15,1005.45,31.60,69.32,1005.24,0,0,RULES,1,1,1,
2026-09-27 20:59:00,baseline-rules,3851000,30.87,74.30,1005.49,31.59,69.28,1005.31,0,0,RULES,1,1,1,
2026-09-27 20:59:01,baseline-rules,3852000,30.87,74.51,1005.52,31.61,69.30,1005.25,0,0,RULES,1,1,1,
2026-09-27 20:59:02,baseline-rules,3853000,30.88,75.47,1005.54,31.61,69.41,1005.23,0,0,RULES,1,1,1,
2026-09-27 20:59:03,baseline-rules,3854000,30.88,76.23,1005.57,31.61,69.42,1005.28,0,0,RULES,1,1,1,
2026-09-27 20:59:04,baseline-rules,3855000,30.88,74.80,1005.56,31.60,69.62,1005.30,0,0,RULES,1,1,1,
2026-09-27 20:59:05,baseline-rules,3856000,30.88,75.01,1005.56,31.60,69.37,1005.30,0,0,RULES,1,1,1,
2026-09-27 20:59:06,baseline-rules,3857000,30.88,75.16,1005.56,31.60,69.75,1005.24,0,0,RULES,1,1,1,
2026-09-27 20:59:07,baseline-rules,3858000,30.88,75.54,1005.51,31.59,69.48,1005.26,0,0,RULES,1,1,1,
2026-09-27 20:59:08,baseline-rules,3859000,30.89,76.38,1005.55,31.59,69.35,1005.26,0,0,RULES,1,1,1,
2026-09-27 20:59:09,baseline-rules,3860000,30.89,76.10,1005.49,31.59,69.31,1005.20,0,0,RULES,1,1,1,
2026-09-27 20:59:10,baseline-rules,3861000,30.88,74.93,1005.48,31.61,69.48,1005.23,0,0,RULES,1,1,1,
2026-09-27 20:59:11,baseline-rules,3862000,30.89,74.60,1005.52,31.60,69.56,1005.27,0,0,RULES,1,1,1,
2026-09-27 20:59:12,baseline-rules,3863000,30.89,74.88,1005.56,31.60,69.49,1005.21,0,0,RULES,1,1,1,
2026-09-27 20:59:13,baseline-rules,3864000,30.89,74.55,1005.59,31.60,69.49,1005.26,0,0,RULES,1,1,1,
2026-09-27 20:59:14,baseline-rules,3865000,30.90,74.41,1005.51,31.59,69.33,1005.31,0,0,RULES,1,1,1,
2026-09-27 20:59:15,baseline-rules,3866000,30.90,74.21,1005.52,31.59,69.39,1005.20,0,0,RULES,1,1,1,
2026-09-27 20:59:16,baseline-rules,3867000,30.91,74.32,1005.52,31.60,69.25,1005.27,0,0,RULES,1,1,1,
2026-09-27 20:59:17,baseline-rules,3868000,30.91,74.48,1005.52,31.60,69.23,1005.32,0,0,RULES,1,1,1,
2026-09-27 20:59:18,baseline-rules,3869000,30.91,74.73,1005.47,31.59,69.26,1005.34,0,0,RULES,1,1,1,
2026-09-27 20:59:19,baseline-rules,3870000,30.90,74.58,1005.57,31.59,69.39,1005.20,0,0,RULES,1,1,1,
2026-09-27 20:59:20,baseline-rules,3871000,30.90,73.93,1005.54,31.60,69.24,1005.26,0,0,RULES,1,1,1,
2026-09-27 20:59:21,baseline-rules,3872000,30.91,74.37,1005.47,31.60,69.30,1005.22,0,0,RULES,1,1,1,
2026-09-27 20:59:22,baseline-rules,3873000,30.90,73.81,1005.54,31.60,69.29,1005.26,0,0,RULES,1,1,1,
2026-09-27 20:59:23,baseline-rules,3874000,30.91,73.86,1005.55,31.59,69.48,1005.28,0,0,RULES,1,1,1,
2026-09-27 20:59:24,baseline-rules,3875000,30.91,73.91,1005.55,31.59,69.35,1005.31,0,0,RULES,1,1,1,
2026-09-27 20:59:25,baseline-rules,3876000,30.91,74.07,1005.52,31.60,69.34,1005.26,0,0,RULES,1,1,1,
2026-09-27 20:59:26,baseline-rules,3877000,30.92,74.96,1005.48,31.59,69.29,1005.26,0,0,RULES,1,1,1,
2026-09-27 20:59:27,baseline-rules,3878000,30.92,75.76,1005.48,31.59,69.66,1005.26,0,0,RULES,1,1,1,
2026-09-27 20:59:28,baseline-rules,3879000,30.91,74.57,1005.52,31.59,69.44,1005.28,0,0,RULES,1,1,1,
2026-09-27 20:59:29,baseline-rules,3880000,30.90,74.50,1005.49,31.59,69.46,1005.28,0,0,RULES,1,1,1,
2026-09-27 20:59:30,baseline-rules,3881000,30.91,74.36,1005.55,31.60,69.34,1005.27,0,0,RULES,1,1,1,
2026-09-27 20:59:31,baseline-rules,3882000,30.92,75.27,1005.44,31.60,69.33,1005.24,0,0,RULES,1,1,1,
2026-09-27 20:59:32,baseline-rules,3883000,30.92,75.33,1005.55,31.59,69.52,1005.28,0,0,RULES,1,1,1,
2026-09-27 20:59:33,baseline-rules,3884000,30.92,74.31,1005.51,31.59,69.69,1005.30,0,0,RULES,1,1,1,
2026-09-27 20:59:34,baseline-rules,3885000,30.92,74.01,1005.48,31.59,69.24,1005.28,0,0,RULES,1,1,1,
2026-09-27 20:59:35,baseline-rules,3886000,30.93,74.43,1005.47,31.58,69.42,1005.27,0,0,RULES,1,1,1,
2026-09-27 20:59:36,baseline-rules,3887000,30.92,75.28,1005.49,31.60,69.25,1005.26,0,0,RULES,1,1,1,
2026-09-27 20:59:37,baseline-rules,3888000,30.92,74.64,1005.52,31.59,69.38,1005.26,0,0,RULES,1,1,1,
2026-09-27 20:59:38,baseline-rules,3889000,30.92,74.56,1005.52,31.59,69.41,1005.25,0,0,RULES,1,1,1,
2026-09-27 20:59:39,baseline-rules,3890000,30.92,74.42,1005.55,31.59,69.22,1005.23,0,0,RULES,1,1,1,
2026-09-27 20:59:40,baseline-rules,3891000,30.93,74.34,1005.44,31.59,69.28,1005.26,0,0,RULES,1,1,1,
2026-09-27 20:59:41,baseline-rules,3892000,30.93,74.21,1005.48,31.59,69.57,1005.28,0,0,RULES,1,1,1,
2026-09-27 20:59:42,baseline-rules,3893000,30.93,73.86,1005.53,31.59,69.35,1005.22,0,0,RULES,1,1,1,
2026-09-27 20:59:43,baseline-rules,3894000,30.93,73.82,1005.50,31.58,69.71,1005.21,0,0,RULES,1,1,1,
2026-09-27 20:59:44,baseline-rules,3895000,30.94,74.59,1005.52,31.60,69.49,1005.35,0,0,RULES,1,1,1,
2026-09-27 20:59:45,baseline-rules,3896000,30.94,74.28,1005.52,31.59,69.66,1005.25,0,0,RULES,1,1,1,
2026-09-27 20:59:46,baseline-rules,3897000,30.95,75.25,1005.51,31.59,69.39,1005.28,0,0,RULES,1,1,1,
2026-09-27 20:59:47,baseline-rules,3898000,30.96,76.51,1005.49,31.59,69.30,1005.30,0,0,RULES,1,1,1,
2026-09-27 20:59:48,baseline-rules,3899000,30.95,76.39,1005.48,31.59,69.45,1005.28,0,0,RULES,1,1,1,
2026-09-27 20:59:49,baseline-rules,3900000,30.95,76.85,1005.54,31.59,69.26,1005.22,0,0,RULES,1,1,1,
2026-09-27 20:59:50,baseline-rules,3901000,30.95,75.71,1005.53,31.59,69.24,1005.26,0,0,RULES,1,1,1,
2026-09-27 20:59:51,baseline-rules,3902000,30.95,74.79,1005.53,31.58,69.23,1005.24,0,0,RULES,1,1,1,
2026-09-27 20:59:52,baseline-rules,3903000,30.95,74.60,1005.53,31.59,69.32,1005.20,0,0,RULES,1,1,1,
2026-09-27 20:59:53,baseline-rules,3904000,30.95,74.25,1005.51,31.58,69.25,1005.24,0,0,RULES,1,1,1,
2026-09-27 20:59:54,baseline-rules,3905000,30.95,73.75,1005.51,31.59,69.21,1005.28,0,0,RULES,1,1,1,
2026-09-27 20:59:55,baseline-rules,3906000,30.96,74.26,1005.53,31.60,69.40,1005.26,0,0,RULES,1,1,1,
2026-09-27 20:59:56,baseline-rules,3907000,30.95,73.92,1005.54,31.59,69.52,1005.20,0,0,RULES,1,1,1,
2026-09-27 20:59:57,baseline-rules,3908000,30.96,74.15,1005.59,31.60,69.44,1005.24,0,0,RULES,1,1,1,
2026-09-27 20:59:58,baseline-rules,3909000,30.96,74.48,1005.53,31.60,69.13,1005.24,0,0,RULES,1,1,1,
2026-09-27 20:59:59,baseline-rules,3910000,30.96,74.23,1005.52,31.60,69.18,1005.26,0,0,RULES,1,1,1,
2026-09-27 21:00:00,baseline-rules,3911000,30.95,73.71,1005.54,31.59,69.45,1005.20,0,0,RULES,1,1,1,
2026-09-27 21:00:01,baseline-rules,3912000,30.96,73.56,1005.50,31.59,69.33,1005.26,0,0,RULES,1,1,1,
2026-09-27 21:00:02,baseline-rules,3913000,30.96,73.61,1005.56,31.59,69.31,1005.28,0,0,RULES,1,1,1,
2026-09-27 21:00:03,baseline-rules,3914000,30.97,73.97,1005.51,31.60,69.19,1005.30,0,0,RULES,1,1,1,
2026-09-27 21:00:04,baseline-rules,3915000,30.96,73.73,1005.49,31.60,69.57,1005.27,0,0,RULES,1,1,1,
2026-09-27 21:00:05,baseline-rules,3916000,30.96,74.33,1005.55,31.60,69.66,1005.22,0,0,RULES,1,1,1,
2026-09-27 21:00:06,baseline-rules,3917000,30.96,73.51,1005.46,31.60,69.63,1005.33,0,0,RULES,1,1,1,
2026-09-27 21:00:06,baseline-rules,,,,,,,,,,,,,,mist A=1 B=0 (below lo)
2026-09-27 21:00:07,baseline-rules,3918000,30.96,73.35,1005.53,31.59,69.30,1005.28,1,0,RULES,1,1,1,
2026-09-27 21:00:08,baseline-rules,3919000,30.97,73.63,1005.45,31.59,69.29,1005.33,1,0,RULES,1,1,1,
2026-09-27 21:00:09,baseline-rules,3920000,30.96,73.89,1005.55,31.59,69.50,1005.31,1,0,RULES,1,1,1,
2026-09-27 21:00:10,baseline-rules,3921000,30.96,73.23,1005.47,31.60,69.12,1005.33,1,0,RULES,1,1,1,
2026-09-27 21:00:11,baseline-rules,3922000,30.98,73.44,1005.57,31.59,69.25,1005.23,1,0,RULES,1,1,1,
2026-09-27 21:00:12,baseline-rules,3923000,30.98,73.64,1005.57,31.59,69.25,1005.26,1,0,RULES,1,1,1,
2026-09-27 21:00:13,baseline-rules,3924000,30.97,73.33,1005.54,31.60,69.59,1005.32,1,0,RULES,1,1,1,
2026-09-27 21:00:14,baseline-rules,3925000,30.95,73.34,1005.43,31.59,69.33,1005.28,1,0,RULES,1,1,1,
2026-09-27 21:00:15,baseline-rules,3926000,30.97,74.43,1005.57,31.59,69.26,1005.31,1,0,RULES,1,1,1,
2026-09-27 21:00:16,baseline-rules,3927000,30.96,73.80,1005.49,31.59,69.20,1005.26,1,0,RULES,1,1,1,
2026-09-27 21:00:17,baseline-rules,3928000,30.94,73.61,1005.50,31.60,69.24,1005.26,1,0,RULES,1,1,1,
2026-09-27 21:00:18,baseline-rules,3929000,30.96,73.60,1005.52,31.60,69.34,1005.29,1,0,RULES,1,1,1,
2026-09-27 21:00:19,baseline-rules,3930000,30.94,73.41,1005.52,31.59,69.22,1005.26,1,0,RULES,1,1,1,
2026-09-27 21:00:20,baseline-rules,3931000,30.94,73.45,1005.53,31.59,69.13,1005.23,1,0,RULES,1,1,1,
2026-09-27 21:00:21,baseline-rules,3932000,30.92,73.70,1005.49,31.59,69.38,1005.31,1,0,RULES,1,1,1,
2026-09-27 21:00:22,baseline-rules,3933000,30.94,74.13,1005.46,31.60,69.37,1005.35,1,0,RULES,1,1,1,
2026-09-27 21:00:23,baseline-rules,3934000,30.93,73.93,1005.47,31.60,69.39,1005.26,1,0,RULES,1,1,1,
2026-09-27 21:00:24,baseline-rules,3935000,30.93,74.19,1005.47,31.59,69.15,1005.31,1,0,RULES,1,1,1,
2026-09-27 21:00:25,baseline-rules,3936000,30.92,74.62,1005.52,31.59,69.22,1005.31,1,0,RULES,1,1,1,
2026-09-27 21:00:26,baseline-rules,3937000,30.91,74.14,1005.52,31.60,69.23,1005.29,1,0,RULES,1,1,1,
2026-09-27 21:00:27,baseline-rules,3938000,30.91,74.01,1005.50,31.59,69.28,1005.23,1,0,RULES,1,1,1,
2026-09-27 21:00:28,baseline-rules,3939000,30.90,74.08,1005.49,31.59,69.22,1005.26,1,0,RULES,1,1,1,
2026-09-27 21:00:29,baseline-rules,3940000,30.90,74.32,1005.52,31.59,69.16,1005.23,1,0,RULES,1,1,1,
2026-09-27 21:00:30,baseline-rules,3941000,30.89,74.03,1005.53,31.59,69.24,1005.17,1,0,RULES,1,1,1,
2026-09-27 21:00:31,baseline-rules,3942000,30.90,73.55,1005.51,31.59,69.26,1005.20,1,0,RULES,1,1,1,
2026-09-27 21:00:32,baseline-rules,3943000,30.90,74.16,1005.57,31.60,69.16,1005.26,1,0,RULES,1,1,1,
2026-09-27 21:00:33,baseline-rules,3944000,30.89,74.11,1005.52,31.58,69.10,1005.21,1,0,RULES,1,1,1,
2026-09-27 21:00:34,baseline-rules,3945000,30.90,73.75,1005.51,31.59,69.26,1005.31,1,0,RULES,1,1,1,
2026-09-27 21:00:35,baseline-rules,3946000,30.90,74.92,1005.49,31.58,69.15,1005.30,1,0,RULES,1,1,1,
2026-09-27 21:00:36,baseline-rules,3947000,30.89,76.10,1005.55,31.60,69.18,1005.26,1,0,RULES,1,1,1,
2026-09-27 21:00:37,baseline-rules,3948000,30.88,75.63,1005.54,31.60,69.19,1005.26,1,0,RULES,1,1,1,
2026-09-27 21:00:38,baseline-rules,3949000,30.88,74.94,1005.54,31.60,69.21,1005.24,1,0,RULES,1,1,1,
2026-09-27 21:00:39,baseline-rules,3950000,30.89,74.85,1005.55,31.60,69.28,1005.26,1,0,RULES,1,1,1,
2026-09-27 21:00:40,baseline-rules,3951000,30.89,75.13,1005.46,31.60,69.12,1005.38,1,0,RULES,1,1,1,
2026-09-27 21:00:41,baseline-rules,3952000,30.88,74.54,1005.53,31.60,69.15,1005.27,1,0,RULES,1,1,1,
2026-09-27 21:00:42,baseline-rules,3953000,30.88,74.94,1005.51,31.59,69.31,1005.19,1,0,RULES,1,1,1,
2026-09-27 21:00:43,baseline-rules,3954000,30.89,75.65,1005.46,31.59,69.29,1005.26,1,0,RULES,1,1,1,
2026-09-27 21:00:44,baseline-rules,3955000,30.89,74.96,1005.49,31.60,69.25,1005.36,1,0,RULES,1,1,1,
2026-09-27 21:00:45,baseline-rules,3956000,30.88,74.73,1005.50,31.60,69.20,1005.27,1,0,RULES,1,1,1,
2026-09-27 21:00:46,baseline-rules,3957000,30.87,74.38,1005.50,31.60,69.12,1005.24,1,0,RULES,1,1,1,
2026-09-27 21:00:47,baseline-rules,3958000,30.87,74.21,1005.58,31.59,69.33,1005.28,1,0,RULES,1,1,1,
2026-09-27 21:00:48,baseline-rules,3959000,30.87,74.36,1005.52,31.60,69.23,1005.26,1,0,RULES,1,1,1,
2026-09-27 21:00:49,baseline-rules,3960000,30.87,74.53,1005.55,31.60,69.20,1005.26,1,0,RULES,1,1,1,
2026-09-27 21:00:50,baseline-rules,3961000,30.87,74.59,1005.57,31.59,69.05,1005.23,1,0,RULES,1,1,1,
2026-09-27 21:00:51,baseline-rules,3962000,30.86,74.41,1005.51,31.60,69.25,1005.30,1,0,RULES,1,1,1,
2026-09-27 21:00:52,baseline-rules,3963000,30.87,74.40,1005.52,31.59,69.39,1005.23,1,0,RULES,1,1,1,
2026-09-27 21:00:53,baseline-rules,3964000,30.86,74.12,1005.51,31.60,69.20,1005.26,1,0,RULES,1,1,1,
2026-09-27 21:00:54,baseline-rules,3965000,30.87,74.72,1005.57,31.60,69.28,1005.24,1,0,RULES,1,1,1,
2026-09-27 21:00:55,baseline-rules,3966000,30.85,74.27,1005.54,31.59,69.25,1005.28,1,0,RULES,1,1,1,
2026-09-27 21:00:56,baseline-rules,3967000,30.85,74.51,1005.49,31.59,69.22,1005.20,1,0,RULES,1,1,1,
2026-09-27 21:00:57,baseline-rules,3968000,30.86,76.40,1005.56,31.60,69.16,1005.26,1,0,RULES,1,1,1,
2026-09-27 21:00:58,baseline-rules,3969000,30.85,77.71,1005.54,31.60,69.21,1005.26,1,0,RULES,1,1,1,
2026-09-27 21:00:59,baseline-rules,3970000,30.83,75.84,1005.56,31.59,69.20,1005.23,1,0,RULES,1,1,1,
2026-09-27 21:01:00,baseline-rules,3971000,30.83,75.10,1005.48,31.59,69.13,1005.19,1,0,RULES,1,1,1,
2026-09-27 21:01:01,baseline-rules,3972000,30.83,74.91,1005.45,31.59,69.09,1005.22,1,0,RULES,1,1,1,
2026-09-27 21:01:02,baseline-rules,3973000,30.83,74.99,1005.48,31.59,69.28,1005.34,1,0,RULES,1,1,1,
2026-09-27 21:01:03,baseline-rules,3974000,30.81,75.81,1005.50,31.60,69.22,1005.29,1,0,RULES,1,1,1,
2026-09-27 21:01:04,baseline-rules,3975000,30.81,75.84,1005.51,31.59,69.38,1005.25,1,0,RULES,1,1,1,
2026-09-27 21:01:05,baseline-rules,3976000,30.82,75.74,1005.55,31.59,69.03,1005.25,1,0,RULES,1,1,1,
2026-09-27 21:01:06,baseline-rules,3977000,30.82,75.68,1005.49,31.59,69.12,1005.20,1,0,RULES,1,1,1,
2026-09-27 21:01:07,baseline-rules,3978000,30.81,75.82,1005.46,31.59,69.25,1005.28,1,0,RULES,1,1,1,
2026-09-27 21:01:08,baseline-rules,3979000,30.81,75.56,1005.50,31.59,69.09,1005.25,1,0,RULES,1,1,1,
2026-09-27 21:01:09,baseline-rules,3980000,30.80,75.85,1005.52,31.59,69.45,1005.31,1,0,RULES,1,1,1,
2026-09-27 21:01:10,baseline-rules,3981000,30.79,75.97,1005.56,31.59,69.10,1005.22,1,0,RULES,1,1,1,
2026-09-27 21:01:11,baseline-rules,3982000,30.79,74.98,1005.51,31.59,69.11,1005.26,1,0,RULES,1,1,1,
2026-09-27 21:01:12,baseline-rules,3983000,30.79,76.39,1005.51,31.59,69.18,1005.28,1,0,RULES,1,1,1,
2026-09-27 21:01:13,baseline-rules,3984000,30.79,77.30,1005.56,31.59,69.13,1005.28,1,0,RULES,1,1,1,
2026-09-27 21:01:14,baseline-rules,3985000,30.76,77.31,1005.54,31.59,69.09,1005.34,1,0,RULES,1,1,1,
2026-09-27 21:01:15,baseline-rules,3986000,30.74,75.80,1005.54,31.58,69.17,1005.24,1,0,RULES,1,1,1,
2026-09-27 21:01:16,baseline-rules,3987000,30.74,75.10,1005.53,31.59,69.16,1005.31,1,0,RULES,1,1,1,
2026-09-27 21:01:17,baseline-rules,3988000,30.74,74.85,1005.46,31.59,69.05,1005.31,1,0,RULES,1,1,1,
2026-09-27 21:01:18,baseline-rules,3989000,30.74,74.92,1005.56,31.59,69.12,1005.22,1,0,RULES,1,1,1,
2026-09-27 21:01:19,baseline-rules,3990000,30.74,74.86,1005.50,31.59,69.21,1005.25,1,0,RULES,1,1,1,
2026-09-27 21:01:20,baseline-rules,3991000,30.74,76.31,1005.56,31.59,69.29,1005.25,1,0,RULES,1,1,1,
2026-09-27 21:01:21,baseline-rules,3992000,30.70,77.80,1005.50,31.58,69.29,1005.32,1,0,RULES,1,1,1,
2026-09-27 21:01:22,baseline-rules,3993000,30.72,79.15,1005.51,31.58,69.35,1005.30,1,0,RULES,1,1,1,
2026-09-27 21:01:23,baseline-rules,3994000,30.71,79.02,1005.51,31.59,69.17,1005.23,1,0,RULES,1,1,1,
2026-09-27 21:01:24,baseline-rules,3995000,30.70,76.94,1005.52,31.59,69.23,1005.25,1,0,RULES,1,1,1,
2026-09-27 21:01:25,baseline-rules,3996000,30.70,77.84,1005.50,31.59,69.35,1005.30,1,0,RULES,1,1,1,
2026-09-27 21:01:26,baseline-rules,3997000,30.68,77.16,1005.46,31.58,69.27,1005.27,1,0,RULES,1,1,1,
2026-09-27 21:01:27,baseline-rules,3998000,30.69,77.62,1005.52,31.59,69.18,1005.22,1,0,RULES,1,1,1,
2026-09-27 21:01:28,baseline-rules,3999000,30.68,76.72,1005.58,31.59,69.43,1005.25,1,0,RULES,1,1,1,
2026-09-27 21:01:29,baseline-rules,4000000,30.69,76.94,1005.51,31.59,69.16,1005.22,1,0,RULES,1,1,1,
2026-09-27 21:01:30,baseline-rules,4001000,30.69,76.63,1005.56,31.57,69.33,1005.31,1,0,RULES,1,1,1,
2026-09-27 21:01:31,baseline-rules,4002000,30.69,76.18,1005.52,31.59,69.41,1005.26,1,0,RULES,1,1,1,
2026-09-27 21:01:32,baseline-rules,4003000,30.69,75.75,1005.45,31.58,69.28,1005.26,1,0,RULES,1,1,1,
2026-09-27 21:01:33,baseline-rules,4004000,30.69,76.12,1005.51,31.58,69.21,1005.27,1,0,RULES,1,1,1,
2026-09-27 21:01:34,baseline-rules,4005000,30.68,77.83,1005.58,31.59,69.24,1005.30,1,0,RULES,1,1,1,
2026-09-27 21:01:35,baseline-rules,4006000,30.66,76.21,1005.54,31.58,69.24,1005.27,1,0,RULES,1,1,1,
2026-09-27 21:01:36,baseline-rules,4007000,30.67,75.59,1005.59,31.58,69.20,1005.24,1,0,RULES,1,1,1,
2026-09-27 21:01:37,baseline-rules,4008000,30.67,75.88,1005.53,31.58,69.26,1005.21,1,0,RULES,1,1,1,
2026-09-27 21:01:38,baseline-rules,4009000,30.67,75.41,1005.56,31.58,69.09,1005.30,1,0,RULES,1,1,1,
2026-09-27 21:01:39,baseline-rules,4010000,30.66,76.21,1005.52,31.58,69.25,1005.29,1,0,RULES,1,1,1,
2026-09-27 21:01:40,baseline-rules,4011000,30.66,76.74,1005.57,31.58,69.13,1005.24,1,0,RULES,1,1,1,
2026-09-27 21:01:41,baseline-rules,4012000,30.65,75.69,1005.54,31.58,69.34,1005.24,1,0,RULES,1,1,1,
2026-09-27 21:01:42,baseline-rules,4013000,30.65,75.41,1005.59,31.58,69.25,1005.24,1,0,RULES,1,1,1,
2026-09-27 21:01:43,baseline-rules,4014000,30.65,74.97,1005.54,31.57,69.33,1005.28,1,0,RULES,1,1,1,
2026-09-27 21:01:44,baseline-rules,4015000,30.67,75.17,1005.56,31.58,69.15,1005.27,1,0,RULES,1,1,1,
2026-09-27 21:01:45,baseline-rules,4016000,30.67,76.45,1005.54,31.58,69.32,1005.23,1,0,RULES,1,1,1,
2026-09-27 21:01:46,baseline-rules,4017000,30.66,76.89,1005.55,31.58,69.41,1005.24,1,0,RULES,1,1,1,
2026-09-27 21:01:47,baseline-rules,4018000,30.67,77.61,1005.59,31.58,69.25,1005.29,1,0,RULES,1,1,1,
2026-09-27 21:01:48,baseline-rules,4019000,30.67,76.72,1005.53,31.58,69.53,1005.27,1,0,RULES,1,1,1,
2026-09-27 21:01:49,baseline-rules,4020000,30.67,76.25,1005.53,31.58,69.24,1005.24,1,0,RULES,1,1,1,
2026-09-27 21:01:50,baseline-rules,4021000,30.67,76.15,1005.62,31.58,69.19,1005.29,1,0,RULES,1,1,1,
2026-09-27 21:01:51,baseline-rules,4022000,30.66,75.96,1005.52,31.58,69.18,1005.23,1,0,RULES,1,1,1,
2026-09-27 21:01:52,baseline-rules,4023000,30.67,75.84,1005.56,31.58,69.22,1005.24,1,0,RULES,1,1,1,
2026-09-27 21:01:53,baseline-rules,4024000,30.67,75.17,1005.53,31.57,69.17,1005.28,1,0,RULES,1,1,1,
2026-09-27 21:01:54,baseline-rules,4025000,30.67,74.98,1005.46,31.58,69.27,1005.26,1,0,RULES,1,1,1,
2026-09-27 21:01:55,baseline-rules,4026000,30.67,75.24,1005.53,31.58,69.15,1005.29,1,0,RULES,1,1,1,
2026-09-27 21:01:56,baseline-rules,4027000,30.67,75.97,1005.48,31.58,69.15,1005.26,1,0,RULES,1,1,1,
2026-09-27 21:01:57,baseline-rules,4028000,30.66,75.26,1005.50,31.59,69.38,1005.31,1,0,RULES,1,1,1,
2026-09-27 21:01:58,baseline-rules,4029000,30.67,75.87,1005.53,31.59,69.15,1005.30,1,0,RULES,1,1,1,
2026-09-27 21:01:59,baseline-rules,4030000,30.67,75.66,1005.53,31.58,69.24,1005.24,1,0,RULES,1,1,1,
2026-09-27 21:02:00,baseline-rules,4031000,30.68,76.17,1005.60,31.58,69.20,1005.30,1,0,RULES,1,1,1,
2026-09-27 21:02:01,baseline-rules,4032000,30.66,76.49,1005.50,31.58,69.15,1005.24,1,0,RULES,1,1,1,
2026-09-27 21:02:02,baseline-rules,4033000,30.66,75.32,1005.52,31.59,69.21,1005.26,1,0,RULES,1,1,1,
2026-09-27 21:02:03,baseline-rules,4034000,30.66,74.71,1005.55,31.58,69.09,1005.29,1,0,RULES,1,1,1,
2026-09-27 21:02:04,baseline-rules,4035000,30.66,75.24,1005.55,31.58,69.24,1005.30,1,0,RULES,1,1,1,
2026-09-27 21:02:05,baseline-rules,4036000,30.66,76.92,1005.52,31.58,69.29,1005.30,1,0,RULES,1,1,1,
2026-09-27 21:02:06,baseline-rules,4037000,30.66,76.32,1005.55,31.59,69.12,1005.20,1,0,RULES,1,1,1,
2026-09-27 21:02:07,baseline-rules,4038000,30.67,76.27,1005.48,31.59,69.51,1005.26,1,0,RULES,1,1,1,
2026-09-27 21:02:08,baseline-rules,4039000,30.66,75.39,1005.57,31.58,69.07,1005.24,1,0,RULES,1,1,1,
2026-09-27 21:02:09,baseline-rules,4040000,30.67,75.40,1005.53,31.59,69.20,1005.26,1,0,RULES,1,1,1,
2026-09-27 21:02:10,baseline-rules,4041000,30.66,75.37,1005.52,31.58,69.00,1005.27,1,0,RULES,1,1,1,
2026-09-27 21:02:11,baseline-rules,4042000,30.66,77.01,1005.46,31.59,69.23,1005.26,1,0,RULES,1,1,1,
2026-09-27 21:02:12,baseline-rules,4043000,30.64,75.54,1005.57,31.59,69.22,1005.26,1,0,RULES,1,1,1,
2026-09-27 21:02:13,baseline-rules,4044000,30.64,75.80,1005.58,31.59,69.11,1005.28,1,0,RULES,1,1,1,
2026-09-27 21:02:14,baseline-rules,4045000,30.65,75.85,1005.62,31.59,69.10,1005.33,1,0,RULES,1,1,1,
2026-09-27 21:02:15,baseline-rules,4046000,30.64,75.46,1005.55,31.59,69.27,1005.25,1,0,RULES,1,1,1,
2026-09-27 21:02:16,baseline-rules,4047000,30.64,75.03,1005.57,31.58,69.18,1005.23,1,0,RULES,1,1,1,
2026-09-27 21:02:17,baseline-rules,4048000,30.64,75.09,1005.54,31.59,69.20,1005.30,1,0,RULES,1,1,1,
2026-09-27 21:02:18,baseline-rules,4049000,30.64,74.91,1005.60,31.59,69.13,1005.31,1,0,RULES,1,1,1,
2026-09-27 21:02:19,baseline-rules,4050000,30.65,75.88,1005.58,31.59,69.26,1005.33,1,0,RULES,1,1,1,
2026-09-27 21:02:20,baseline-rules,4051000,30.63,76.14,1005.52,31.58,69.23,1005.24,1,0,RULES,1,1,1,
2026-09-27 21:02:21,baseline-rules,4052000,30.62,78.25,1005.57,31.58,69.18,1005.26,1,0,RULES,1,1,1,
2026-09-27 21:02:22,baseline-rules,4053000,30.60,77.64,1005.60,31.59,69.12,1005.22,1,0,RULES,1,1,1,
2026-09-27 21:02:23,baseline-rules,4054000,30.60,77.09,1005.50,31.59,69.29,1005.23,1,0,RULES,1,1,1,
2026-09-27 21:02:24,baseline-rules,4055000,30.61,78.27,1005.52,31.59,69.40,1005.25,1,0,RULES,1,1,1,
2026-09-27 21:02:25,baseline-rules,4056000,30.61,78.23,1005.53,31.59,69.25,1005.31,1,0,RULES,1,1,1,
2026-09-27 21:02:26,baseline-rules,4057000,30.59,76.78,1005.55,31.59,69.40,1005.31,1,0,RULES,1,1,1,
2026-09-27 21:02:27,baseline-rules,4058000,30.60,77.05,1005.54,31.59,69.33,1005.31,1,0,RULES,1,1,1,
2026-09-27 21:02:28,baseline-rules,4059000,30.59,76.77,1005.50,31.59,69.12,1005.26,1,0,RULES,1,1,1,
2026-09-27 21:02:29,baseline-rules,4060000,30.60,76.07,1005.53,31.59,69.29,1005.28,1,0,RULES,1,1,1,
2026-09-27 21:02:30,baseline-rules,4061000,30.60,76.32,1005.54,31.59,69.35,1005.30,1,0,RULES,1,1,1,
2026-09-27 21:02:31,baseline-rules,4062000,30.61,76.11,1005.55,31.58,69.29,1005.30,1,0,RULES,1,1,1,
2026-09-27 21:02:32,baseline-rules,4063000,30.59,76.57,1005.55,31.59,69.15,1005.31,1,0,RULES,1,1,1,
2026-09-27 21:02:33,baseline-rules,4064000,30.58,78.35,1005.52,31.59,69.24,1005.26,1,0,RULES,1,1,1,
2026-09-27 21:02:34,baseline-rules,4065000,30.57,79.10,1005.56,31.58,69.59,1005.30,1,0,RULES,1,1,1,
2026-09-27 21:02:35,baseline-rules,4066000,30.54,77.08,1005.56,31.59,69.15,1005.31,1,0,RULES,1,1,1,
2026-09-27 21:02:36,baseline-rules,4067000,30.54,77.32,1005.50,31.59,69.68,1005.30,1,0,RULES,1,1,1,
2026-09-27 21:02:37,baseline-rules,4068000,30.53,77.66,1005.55,31.59,69.30,1005.30,1,0,RULES,1,1,1,
2026-09-27 21:02:38,baseline-rules,4069000,30.53,77.84,1005.58,31.58,69.15,1005.27,1,0,RULES,1,1,1,
2026-09-27 21:02:39,baseline-rules,4070000,30.55,77.29,1005.57,31.58,69.40,1005.24,1,0,RULES,1,1,1,
2026-09-27 21:02:40,baseline-rules,4071000,30.55,78.40,1005.54,31.59,69.25,1005.23,1,0,RULES,1,1,1,
2026-09-27 21:02:41,baseline-rules,4072000,30.53,78.25,1005.60,31.61,69.15,1005.25,1,0,RULES,1,1,1,
2026-09-27 21:02:42,baseline-rules,4073000,30.53,78.58,1005.48,31.59,69.15,1005.25,1,0,RULES,1,1,1,
2026-09-27 21:02:43,baseline-rules,4074000,30.52,77.36,1005.58,31.59,69.30,1005.26,1,0,RULES,1,1,1,
2026-09-27 21:02:44,baseline-rules,4075000,30.52,77.14,1005.52,31.59,69.23,1005.28,1,0,RULES,1,1,1,
2026-09-27 21:02:45,baseline-rules,4076000,30.52,77.69,1005.56,31.59,69.16,1005.25,1,0,RULES,1,1,1,
2026-09-27 21:02:46,baseline-rules,4077000,30.52,77.31,1005.55,31.60,69.24,1005.32,1,0,RULES,1,1,1,
2026-09-27 21:02:47,baseline-rules,4078000,30.52,76.40,1005.61,31.59,69.17,1005.26,1,0,RULES,1,1,1,
2026-09-27 21:02:48,baseline-rules,4079000,30.51,75.92,1005.51,31.59,69.13,1005.26,1,0,RULES,1,1,1,
2026-09-27 21:02:49,baseline-rules,4080000,30.51,76.22,1005.51,31.58,69.15,1005.32,1,0,RULES,1,1,1,
2026-09-27 21:02:50,baseline-rules,4081000,30.51,76.56,1005.56,31.59,69.17,1005.25,1,0,RULES,1,1,1,
2026-09-27 21:02:51,baseline-rules,4082000,30.51,75.81,1005.56,31.59,69.23,1005.30,1,0,RULES,1,1,1,
2026-09-27 21:02:52,baseline-rules,4083000,30.51,76.25,1005.57,31.59,69.09,1005.25,1,0,RULES,1,1,1,
2026-09-27 21:02:53,baseline-rules,4084000,30.51,77.53,1005.57,31.58,69.21,1005.24,1,0,RULES,1,1,1,
2026-09-27 21:02:54,baseline-rules,4085000,30.50,77.93,1005.58,31.59,69.10,1005.25,1,0,RULES,1,1,1,
2026-09-27 21:02:55,baseline-rules,4086000,30.50,76.95,1005.57,31.58,69.21,1005.29,1,0,RULES,1,1,1,
2026-09-27 21:02:56,baseline-rules,4087000,30.49,76.17,1005.48,31.59,69.21,1005.25,1,0,RULES,1,1,1,
2026-09-27 21:02:57,baseline-rules,4088000,30.50,76.49,1005.55,31.57,69.32,1005.28,1,0,RULES,1,1,1,
2026-09-27 21:02:58,baseline-rules,4089000,30.50,76.47,1005.60,31.59,69.38,1005.26,1,0,RULES,1,1,1,
2026-09-27 21:02:59,baseline-rules,4090000,30.49,76.12,1005.50,31.59,69.24,1005.22,1,0,RULES,1,1,1,
2026-09-27 21:03:00,baseline-rules,4091000,30.50,76.39,1005.53,31.59,69.37,1005.26,1,0,RULES,1,1,1,
2026-09-27 21:03:01,baseline-rules,4092000,30.51,78.53,1005.57,31.59,69.35,1005.26,1,0,RULES,1,1,1,
2026-09-27 21:03:02,baseline-rules,4093000,30.50,77.59,1005.55,31.58,69.50,1005.32,1,0,RULES,1,1,1,
2026-09-27 21:03:03,baseline-rules,4094000,30.50,76.77,1005.55,31.58,69.22,1005.30,1,0,RULES,1,1,1,
2026-09-27 21:03:04,baseline-rules,4095000,30.50,77.30,1005.55,31.58,69.27,1005.35,1,0,RULES,1,1,1,
2026-09-27 21:03:05,baseline-rules,4096000,30.49,76.67,1005.59,31.58,69.26,1005.32,1,0,RULES,1,1,1,
2026-09-27 21:03:06,baseline-rules,4097000,30.49,76.30,1005.56,31.58,69.20,1005.30,1,0,RULES,1,1,1,
2026-09-27 21:03:07,baseline-rules,4098000,30.49,76.83,1005.59,31.58,69.23,1005.30,1,0,RULES,1,1,1,
2026-09-27 21:03:08,baseline-rules,4099000,30.48,78.62,1005.55,31.58,69.32,1005.30,1,0,RULES,1,1,1,
2026-09-27 21:03:09,baseline-rules,4100000,30.46,77.55,1005.54,31.59,69.25,1005.30,1,0,RULES,1,1,1,
2026-09-27 21:03:10,baseline-rules,4101000,30.46,76.85,1005.59,31.58,69.21,1005.27,1,0,RULES,1,1,1,
2026-09-27 21:03:11,baseline-rules,4102000,30.46,76.82,1005.55,31.58,69.25,1005.24,1,0,RULES,1,1,1,
2026-09-27 21:03:12,baseline-rules,4103000,30.46,78.15,1005.60,31.59,69.29,1005.30,1,0,RULES,1,1,1,
2026-09-27 21:03:13,baseline-rules,4104000,30.45,77.24,1005.56,31.58,69.26,1005.35,1,0,RULES,1,1,1,
2026-09-27 21:03:14,baseline-rules,4105000,30.46,76.54,1005.52,31.58,69.18,1005.32,1,0,RULES,1,1,1,
2026-09-27 21:03:15,baseline-rules,4106000,30.47,76.08,1005.55,31.59,69.18,1005.30,1,0,RULES,1,1,1,
2026-09-27 21:03:16,baseline-rules,4107000,30.46,76.05,1005.51,31.58,69.22,1005.29,1,0,RULES,1,1,1,
2026-09-27 21:03:17,baseline-rules,4108000,30.46,76.21,1005.49,31.59,69.19,1005.31,1,0,RULES,1,1,1,
2026-09-27 21:03:18,end,,,,,,,,,,,,,,mist A=0 B=0 (manual)
2026-09-27 21:03:18,end,,,,,,,,,,,,,,mode OFF
2026-09-27 21:03:18,end,,,,,,,,,,,,,,"S,mode=OFF,lo=75.0,hi=90.0,max=300,cool=180,man=400,use=A,period=1,in=ok,out=ok,tank=ok,mistA=0,mistB=0"
2026-09-27 21:03:18,end,4109000,30.46,76.47,1005.60,31.59,69.29,1005.28,0,0,OFF,1,1,1,
2026-09-27 21:03:19,end,4110000,30.47,77.24,1005.55,31.59,69.31,1005.28,0,0,OFF,1,1,1,
2026-09-27 21:03:20,end,4111000,30.47,76.59,1005.53,31.58,69.21,1005.30,0,0,OFF,1,1,1,
