pc_time,phase,ms,t_in,rh_in,p_in,t_out,rh_out,p_out,mistA,mistB,mode,in_ok,out_ok,tank_ok,event
2026-09-26 22:37:10,idle,,,,,,,,,,,,,,"S,mode=RULES,lo=75.0,hi=90.0,max=300,cool=180,man=400,use=A,period=1,in=ok,out=ok,tank=ok,mistA=0,mistB=0"
2026-09-26 22:37:10,idle,,,,,,,,,,,,,,mode MANUAL
2026-09-26 22:37:10,idle,971000,30.69,87.94,1008.13,30.99,71.63,1008.09,0,0,MANUAL,1,1,1,
2026-09-26 22:37:11,idle,972000,30.68,87.25,1008.15,30.99,71.89,1008.08,0,0,MANUAL,1,1,1,
2026-09-26 22:37:12,brain,973000,30.69,88.12,1008.16,31.00,71.85,1008.10,0,0,MANUAL,1,1,1,
2026-09-26 22:37:12,brain,,,,,,,,,,,,,,MARK  brain block start
2026-09-26 22:37:13,brain,974000,30.69,87.42,1008.07,31.00,71.69,1008.07,0,0,MANUAL,1,1,1,
2026-09-26 22:37:14,brain,975000,30.69,87.65,1008.13,31.00,71.78,1008.16,0,0,MANUAL,1,1,1,
2026-09-26 22:37:15,brain,976000,30.68,87.28,1008.12,31.01,71.43,1008.05,0,0,MANUAL,1,1,1,
2026-09-26 22:37:16,brain,977000,30.69,88.13,1008.21,31.02,72.01,1008.10,0,0,MANUAL,1,1,1,
2026-09-26 22:37:17,brain,978000,30.67,88.01,1008.13,31.01,71.85,1008.06,0,0,MANUAL,1,1,1,
2026-09-26 22:37:18,brain,979000,30.69,88.15,1008.21,31.01,71.93,1008.03,0,0,MANUAL,1,1,1,
2026-09-26 22:37:19,brain,980000,30.68,87.35,1008.18,31.01,71.94,1008.11,0,0,MANUAL,1,1,1,
2026-09-26 22:37:20,brain,981000,30.68,87.62,1008.21,31.01,71.77,1008.14,0,0,MANUAL,1,1,1,
2026-09-26 22:37:21,brain,982000,30.68,87.22,1008.18,31.02,71.75,1008.10,0,0,MANUAL,1,1,1,
2026-09-26 22:37:22,brain,983000,30.68,87.19,1008.15,31.02,71.94,1008.12,0,0,MANUAL,1,1,1,
2026-09-26 22:37:23,brain,984000,30.69,87.56,1008.19,31.02,71.74,1008.10,0,0,MANUAL,1,1,1,
2026-09-26 22:37:24,brain,985000,30.68,87.95,1008.14,31.01,71.46,1008.06,0,0,MANUAL,1,1,1,
2026-09-26 22:37:25,brain,986000,30.68,87.25,1008.12,31.02,71.94,1008.08,0,0,MANUAL,1,1,1,
2026-09-26 22:37:26,brain,987000,30.69,88.13,1008.21,31.01,72.13,1008.03,0,0,MANUAL,1,1,1,
2026-09-26 22:37:27,brain,988000,30.69,87.48,1008.16,31.02,71.89,1008.12,0,0,MANUAL,1,1,1,
2026-09-26 22:37:28,brain,989000,30.68,88.10,1008.18,31.02,72.01,1008.13,0,0,MANUAL,1,1,1,
2026-09-26 22:37:29,brain,990000,30.68,87.98,1008.14,31.02,71.92,1008.08,0,0,MANUAL,1,1,1,
2026-09-26 22:37:30,brain,991000,30.68,87.24,1008.09,31.02,72.02,1008.07,0,0,MANUAL,1,1,1,
2026-09-26 22:37:31,brain,992000,30.67,88.12,1008.11,31.02,71.67,1008.12,0,0,MANUAL,1,1,1,
2026-09-26 22:37:32,brain,993000,30.68,87.99,1008.25,31.02,72.08,1008.04,0,0,MANUAL,1,1,1,
2026-09-26 22:37:33,brain,994000,30.68,87.99,1008.15,31.02,71.87,1008.08,0,0,MANUAL,1,1,1,
2026-09-26 22:37:34,brain,995000,30.68,88.00,1008.11,31.02,71.90,1008.08,0,0,MANUAL,1,1,1,
2026-09-26 22:37:35,brain,996000,30.67,88.01,1008.16,31.02,71.73,1008.07,0,0,MANUAL,1,1,1,
2026-09-26 22:37:36,brain,997000,30.67,88.05,1008.13,31.03,71.79,1008.06,0,0,MANUAL,1,1,1,
2026-09-26 22:37:37,brain,998000,30.68,87.19,1008.09,31.03,71.87,1008.08,0,0,MANUAL,1,1,1,
2026-09-26 22:37:38,brain,999000,30.68,87.90,1008.17,31.02,71.90,1008.04,0,0,MANUAL,1,1,1,
2026-09-26 22:37:39,brain,1000000,30.68,87.98,1008.18,31.03,71.93,1008.15,0,0,MANUAL,1,1,1,
2026-09-26 22:37:40,brain,1001000,30.67,87.46,1008.13,31.02,72.00,1008.08,0,0,MANUAL,1,1,1,
2026-09-26 22:37:41,brain,1002000,30.67,87.20,1008.16,31.03,71.91,1008.07,0,0,MANUAL,1,1,1,
2026-09-26 22:37:42,brain,1003000,30.67,88.14,1008.13,31.03,71.93,1008.11,0,0,MANUAL,1,1,1,
2026-09-26 22:37:43,brain,1004000,30.68,87.21,1008.17,31.03,71.95,1008.09,0,0,MANUAL,1,1,1,
2026-09-26 22:37:44,brain,1005000,30.68,87.27,1008.18,31.03,71.74,1008.03,0,0,MANUAL,1,1,1,
2026-09-26 22:37:45,brain,1006000,30.67,87.63,1008.16,31.04,71.84,1008.13,0,0,MANUAL,1,1,1,
2026-09-26 22:37:46,brain,1007000,30.67,87.25,1008.15,31.03,71.89,1008.09,0,0,MANUAL,1,1,1,
2026-09-26 22:37:47,brain,1008000,30.67,88.01,1008.16,31.03,72.03,1008.08,0,0,MANUAL,1,1,1,
2026-09-26 22:37:48,brain,1009000,30.68,87.24,1008.25,31.03,71.88,1008.12,0,0,MANUAL,1,1,1,
2026-09-26 22:37:49,brain,1010000,30.68,88.02,1008.17,31.03,72.08,1008.11,0,0,MANUAL,1,1,1,
2026-09-26 22:37:50,brain,1011000,30.67,87.22,1008.13,31.03,71.83,1008.03,0,0,MANUAL,1,1,1,
2026-09-26 22:37:51,brain,1012000,30.67,87.58,1008.13,31.04,71.92,1008.13,0,0,MANUAL,1,1,1,
2026-09-26 22:37:52,brain,1013000,30.67,87.28,1008.15,31.05,72.00,1008.09,0,0,MANUAL,1,1,1,
2026-09-26 22:37:53,brain,1014000,30.67,87.76,1008.13,31.04,71.81,1008.05,0,0,MANUAL,1,1,1,
2026-09-26 22:37:54,brain,1015000,30.67,87.61,1008.11,31.03,71.84,1008.18,0,0,MANUAL,1,1,1,
2026-09-26 22:37:55,brain,1016000,30.68,87.60,1008.17,31.03,72.11,1008.09,0,0,MANUAL,1,1,1,
2026-09-26 22:37:56,brain,1017000,30.67,88.20,1008.13,31.04,72.05,1008.10,0,0,MANUAL,1,1,1,
2026-09-26 22:37:57,brain,1018000,30.67,88.12,1008.15,31.03,72.08,1008.03,0,0,MANUAL,1,1,1,
2026-09-26 22:37:58,brain,1019000,30.68,88.11,1008.15,31.04,71.83,1008.11,0,0,MANUAL,1,1,1,
2026-09-26 22:37:59,brain,1020000,30.67,87.78,1008.13,31.03,71.80,1008.15,0,0,MANUAL,1,1,1,
2026-09-26 22:38:00,brain,1021000,30.68,87.42,1008.17,31.04,72.01,1008.11,0,0,MANUAL,1,1,1,
2026-09-26 22:38:01,brain,1022000,30.67,88.05,1008.15,31.04,71.88,1008.08,0,0,MANUAL,1,1,1,
2026-09-26 22:38:02,brain,1023000,30.68,88.17,1008.14,31.03,71.88,1008.07,0,0,MANUAL,1,1,1,
2026-09-26 22:38:03,brain,1024000,30.67,88.11,1008.15,31.04,71.80,1008.05,0,0,MANUAL,1,1,1,
2026-09-26 22:38:04,brain,1025000,30.68,88.14,1008.17,31.04,71.66,1008.11,0,0,MANUAL,1,1,1,
2026-09-26 22:38:05,brain,1026000,30.67,87.60,1008.22,31.04,71.77,1008.11,0,0,MANUAL,1,1,1,
2026-09-26 22:38:06,brain,1027000,30.67,88.11,1008.13,31.05,71.79,1008.06,0,0,MANUAL,1,1,1,
2026-09-26 22:38:07,brain,1028000,30.67,87.32,1008.13,31.05,71.75,1008.06,0,0,MANUAL,1,1,1,
2026-09-26 22:38:08,brain,1029000,30.67,87.34,1008.18,31.04,71.88,1008.10,0,0,MANUAL,1,1,1,
2026-09-26 22:38:09,brain,1030000,30.66,87.31,1008.05,31.05,71.84,1008.12,0,0,MANUAL,1,1,1,
2026-09-26 22:38:10,brain,1031000,30.67,87.63,1008.08,31.04,72.05,1008.11,0,0,MANUAL,1,1,1,
2026-09-26 22:38:11,brain,1032000,30.67,88.18,1008.07,31.04,71.73,1008.05,0,0,MANUAL,1,1,1,
2026-09-26 22:38:12,brain,1033000,30.67,87.68,1008.11,31.04,71.82,1008.05,0,0,MANUAL,1,1,1,
2026-09-26 22:38:13,brain,1034000,30.67,87.23,1008.16,31.05,71.77,1008.06,0,0,MANUAL,1,1,1,
2026-09-26 22:38:14,brain,1035000,30.67,87.30,1008.13,31.04,71.79,1008.05,0,0,MANUAL,1,1,1,
2026-09-26 22:38:15,brain,1036000,30.67,87.67,1008.13,31.04,71.75,1008.14,0,0,MANUAL,1,1,1,
2026-09-26 22:38:16,brain,1037000,30.67,87.53,1008.13,31.06,71.74,1008.08,0,0,MANUAL,1,1,1,
2026-09-26 22:38:17,brain,1038000,30.68,87.61,1008.20,31.04,71.63,1008.05,0,0,MANUAL,1,1,1,
2026-09-26 22:38:18,brain,1039000,30.67,87.20,1008.19,31.05,71.91,1008.09,0,0,MANUAL,1,1,1,
2026-09-26 22:38:19,brain,1040000,30.67,87.78,1008.11,31.04,71.77,1008.08,0,0,MANUAL,1,1,1,
2026-09-26 22:38:20,brain,1041000,30.68,87.98,1008.20,31.05,71.74,1008.07,0,0,MANUAL,1,1,1,
2026-09-26 22:38:21,brain,1042000,30.67,88.12,1008.22,31.04,72.01,1008.14,0,0,MANUAL,1,1,1,
2026-09-26 22:38:22,brain,1043000,30.67,87.60,1008.15,31.04,71.92,1008.13,0,0,MANUAL,1,1,1,
2026-09-26 22:38:23,brain,1044000,30.67,88.14,1008.13,31.04,71.85,1008.16,0,0,MANUAL,1,1,1,
2026-09-26 22:38:24,brain,1045000,30.67,87.33,1008.13,31.05,71.79,1008.07,0,0,MANUAL,1,1,1,
2026-09-26 22:38:25,brain,1046000,30.67,87.27,1008.13,31.04,71.84,1008.07,0,0,MANUAL,1,1,1,
2026-09-26 22:38:26,brain,1047000,30.66,88.21,1008.15,31.04,72.00,1008.05,0,0,MANUAL,1,1,1,
2026-09-26 22:38:27,brain,1048000,30.68,87.88,1008.20,31.04,71.89,1008.11,0,0,MANUAL,1,1,1,
2026-09-26 22:38:28,brain,1049000,30.66,88.20,1008.17,31.04,72.07,1008.11,0,0,MANUAL,1,1,1,
2026-09-26 22:38:29,brain,1050000,30.67,88.09,1008.11,31.04,71.75,1008.14,0,0,MANUAL,1,1,1,
2026-09-26 22:38:30,brain,1051000,30.68,88.22,1008.14,31.03,71.55,1008.09,0,0,MANUAL,1,1,1,
2026-09-26 22:38:31,brain,1052000,30.67,88.12,1008.15,31.04,71.80,1008.07,0,0,MANUAL,1,1,1,
2026-09-26 22:38:32,brain,1053000,30.67,87.23,1008.13,31.03,71.99,1008.09,0,0,MANUAL,1,1,1,
2026-09-26 22:38:33,brain,1054000,30.67,88.24,1008.13,31.04,71.75,1008.16,0,0,MANUAL,1,1,1,
2026-09-26 22:38:34,brain,1055000,30.67,87.67,1008.07,31.04,71.74,1008.05,0,0,MANUAL,1,1,1,
2026-09-26 22:38:35,brain,1056000,30.67,87.97,1008.18,31.03,71.81,1008.09,0,0,MANUAL,1,1,1,
2026-09-26 22:38:36,brain,1057000,30.67,87.30,1008.13,31.04,71.97,1008.16,0,0,MANUAL,1,1,1,
2026-09-26 22:38:37,brain,1058000,30.67,88.14,1008.13,31.04,71.87,1008.07,0,0,MANUAL,1,1,1,
2026-09-26 22:38:38,brain,1059000,30.67,88.07,1008.13,31.05,71.82,1008.12,0,0,MANUAL,1,1,1,
2026-09-26 22:38:39,brain,1060000,30.67,88.34,1008.19,31.04,71.95,1008.11,0,0,MANUAL,1,1,1,
2026-09-26 22:38:40,brain,1061000,30.67,87.52,1008.19,31.05,71.93,1008.07,0,0,MANUAL,1,1,1,
2026-09-26 22:38:41,brain,1062000,30.67,87.44,1008.19,31.05,71.96,1008.07,0,0,MANUAL,1,1,1,
2026-09-26 22:38:42,brain,1063000,30.67,88.19,1008.22,31.05,71.96,1008.06,0,0,MANUAL,1,1,1,
2026-09-26 22:38:43,brain,1064000,30.67,87.52,1008.10,31.05,71.80,1008.12,0,0,MANUAL,1,1,1,
2026-09-26 22:38:44,brain,1065000,30.66,87.37,1008.12,31.06,71.79,1008.08,0,0,MANUAL,1,1,1,
2026-09-26 22:38:45,brain,1066000,30.66,88.13,1008.12,31.06,71.90,1008.10,0,0,MANUAL,1,1,1,
2026-09-26 22:38:46,brain,1067000,30.67,88.02,1008.07,31.06,72.04,1008.17,0,0,MANUAL,1,1,1,
2026-09-26 22:38:47,brain,1068000,30.67,88.00,1008.10,31.04,71.72,1008.08,0,0,MANUAL,1,1,1,
2026-09-26 22:38:48,brain,1069000,30.67,87.57,1008.15,31.04,71.84,1008.11,0,0,MANUAL,1,1,1,
2026-09-26 22:38:49,brain,1070000,30.66,87.34,1008.15,31.05,71.83,1008.12,0,0,MANUAL,1,1,1,
2026-09-26 22:38:50,brain,1071000,30.66,87.81,1008.12,31.05,72.00,1008.07,0,0,MANUAL,1,1,1,
2026-09-26 22:38:51,brain,1072000,30.67,88.26,1008.18,31.04,71.73,1008.11,0,0,MANUAL,1,1,1,
2026-09-26 22:38:52,brain,1073000,30.66,87.81,1008.17,31.06,72.08,1008.10,0,0,MANUAL,1,1,1,
2026-09-26 22:38:53,brain,1074000,30.66,88.12,1008.17,31.05,71.78,1008.06,0,0,MANUAL,1,1,1,
2026-09-26 22:38:54,brain,1075000,30.67,88.21,1008.13,31.05,71.84,1008.10,0,0,MANUAL,1,1,1,
2026-09-26 22:38:55,brain,1076000,30.67,87.40,1008.13,31.05,71.74,1008.12,0,0,MANUAL,1,1,1,
2026-09-26 22:38:56,brain,1077000,30.66,87.38,1008.17,31.04,71.79,1008.08,0,0,MANUAL,1,1,1,
2026-09-26 22:38:57,brain,1078000,30.66,87.32,1008.17,31.04,71.88,1008.10,0,0,MANUAL,1,1,1,
2026-09-26 22:38:58,brain,1079000,30.66,87.30,1008.12,31.04,71.70,1008.10,0,0,MANUAL,1,1,1,
2026-09-26 22:38:59,brain,1080000,30.66,87.97,1008.08,31.04,71.78,1008.11,0,0,MANUAL,1,1,1,
2026-09-26 22:39:00,brain,1081000,30.66,87.59,1008.17,31.04,72.08,1008.11,0,0,MANUAL,1,1,1,
2026-09-26 22:39:01,brain,1082000,30.66,87.23,1008.17,31.03,71.78,1008.11,0,0,MANUAL,1,1,1,
2026-09-26 22:39:02,brain,1083000,30.66,87.92,1008.12,31.04,71.92,1008.05,0,0,MANUAL,1,1,1,
2026-09-26 22:39:03,brain,1084000,30.66,87.29,1008.15,31.03,72.00,1008.12,0,0,MANUAL,1,1,1,
2026-09-26 22:39:04,brain,1085000,30.66,87.69,1008.14,31.04,71.90,1008.08,0,0,MANUAL,1,1,1,
2026-09-26 22:39:05,brain,1086000,30.66,88.13,1008.17,31.04,71.55,1008.08,0,0,MANUAL,1,1,1,
2026-09-26 22:39:06,brain,1087000,30.66,87.91,1008.11,31.04,71.57,1008.10,0,0,MANUAL,1,1,1,
2026-09-26 22:39:07,brain,1088000,30.65,87.58,1008.16,31.04,71.90,1008.13,0,0,MANUAL,1,1,1,
2026-09-26 22:39:08,brain,1089000,30.67,88.20,1008.18,31.04,71.82,1008.07,0,0,MANUAL,1,1,1,
2026-09-26 22:39:09,brain,1090000,30.66,87.45,1008.17,31.04,71.93,1008.08,0,0,MANUAL,1,1,1,
2026-09-26 22:39:10,brain,1091000,30.65,87.99,1008.15,31.04,71.86,1008.05,0,0,MANUAL,1,1,1,
2026-09-26 22:39:11,brain,1092000,30.65,87.35,1008.10,31.04,71.95,1008.14,0,0,MANUAL,1,1,1,
2026-09-26 22:39:12,brain,1093000,30.65,87.58,1008.16,31.04,71.87,1008.08,0,0,MANUAL,1,1,1,
2026-09-26 22:39:13,brain,1094000,30.66,87.87,1008.17,31.04,71.92,1008.08,0,0,MANUAL,1,1,1,
2026-09-26 22:39:14,brain,1095000,30.65,88.11,1008.16,31.05,71.75,1008.07,0,0,MANUAL,1,1,1,
2026-09-26 22:39:15,brain,1096000,30.65,87.34,1008.19,31.05,71.86,1008.18,0,0,MANUAL,1,1,1,
2026-09-26 22:39:16,brain,1097000,30.66,87.60,1008.17,31.05,71.63,1008.12,0,0,MANUAL,1,1,1,
2026-09-26 22:39:17,brain,1098000,30.66,88.23,1008.19,31.06,71.54,1008.08,0,0,MANUAL,1,1,1,
2026-09-26 22:39:18,brain,1099000,30.65,87.37,1008.13,31.06,71.72,1008.13,0,0,MANUAL,1,1,1,
2026-09-26 22:39:19,brain,1100000,30.66,87.66,1008.17,31.05,71.82,1008.09,0,0,MANUAL,1,1,1,
2026-09-26 22:39:20,brain,1101000,30.66,88.23,1008.17,31.06,71.82,1008.13,0,0,MANUAL,1,1,1,
2026-09-26 22:39:21,brain,1102000,30.66,88.26,1008.15,31.06,71.57,1008.17,0,0,MANUAL,1,1,1,
2026-09-26 22:39:22,brain,1103000,30.66,88.14,1008.19,31.04,71.78,1008.11,0,0,MANUAL,1,1,1,
2026-09-26 22:39:23,brain,1104000,30.66,87.36,1008.14,31.05,71.83,1008.17,0,0,MANUAL,1,1,1,
2026-09-26 22:39:24,brain,1105000,30.65,88.13,1008.21,31.04,71.74,1008.03,0,0,MANUAL,1,1,1,
2026-09-26 22:39:25,brain,1106000,30.65,87.68,1008.19,31.05,71.75,1008.06,0,0,MANUAL,1,1,1,
2026-09-26 22:39:26,brain,1107000,30.66,87.67,1008.14,31.04,71.54,1008.08,0,0,MANUAL,1,1,1,
2026-09-26 22:39:27,brain,1108000,30.65,87.96,1008.19,31.04,71.88,1008.11,0,0,MANUAL,1,1,1,
2026-09-26 22:39:28,brain,1109000,30.65,88.26,1008.16,31.04,71.72,1008.05,0,0,MANUAL,1,1,1,
2026-09-26 22:39:29,brain,1110000,30.64,87.91,1008.11,31.05,71.84,1008.09,0,0,MANUAL,1,1,1,
2026-09-26 22:39:30,brain,1111000,30.66,88.18,1008.17,31.05,71.89,1008.07,0,0,MANUAL,1,1,1,
2026-09-26 22:39:31,brain,1112000,30.66,87.43,1008.17,31.04,71.83,1008.08,0,0,MANUAL,1,1,1,
2026-09-26 22:39:32,brain,1113000,30.66,87.97,1008.11,31.04,71.74,1008.05,0,0,MANUAL,1,1,1,
2026-09-26 22:39:33,brain,1114000,30.66,88.21,1008.14,31.05,71.74,1008.07,0,0,MANUAL,1,1,1,
2026-09-26 22:39:34,brain,1115000,30.66,87.44,1008.20,31.05,71.84,1008.12,0,0,MANUAL,1,1,1,
2026-09-26 22:39:35,brain,1116000,30.66,87.75,1008.15,31.05,71.72,1008.12,0,0,MANUAL,1,1,1,
2026-09-26 22:39:36,brain,1117000,30.66,88.09,1008.12,31.04,71.81,1008.11,0,0,MANUAL,1,1,1,
2026-09-26 22:39:37,brain,1118000,30.66,88.11,1008.19,31.05,71.81,1008.12,0,0,MANUAL,1,1,1,
2026-09-26 22:39:38,brain,1119000,30.66,87.43,1008.14,31.04,71.72,1008.11,0,0,MANUAL,1,1,1,
2026-09-26 22:39:39,brain,1120000,30.65,87.84,1008.13,31.05,71.87,1008.10,0,0,MANUAL,1,1,1,
2026-09-26 22:39:40,brain,1121000,30.65,88.23,1008.10,31.05,71.81,1008.04,0,0,MANUAL,1,1,1,
2026-09-26 22:39:41,brain,1122000,30.64,87.27,1008.08,31.05,71.77,1008.12,0,0,MANUAL,1,1,1,
2026-09-26 22:39:42,brain,1123000,30.65,87.75,1008.13,31.05,71.75,1008.15,0,0,MANUAL,1,1,1,
2026-09-26 22:39:43,brain,1124000,30.65,87.38,1008.13,31.05,71.82,1008.12,0,0,MANUAL,1,1,1,
2026-09-26 22:39:44,brain,1125000,30.65,88.12,1008.15,31.04,71.89,1008.07,0,0,MANUAL,1,1,1,
2026-09-26 22:39:45,brain,1126000,30.65,88.36,1008.16,31.04,71.84,1008.08,0,0,MANUAL,1,1,1,
2026-09-26 22:39:46,brain,1127000,30.66,87.88,1008.15,31.05,71.78,1008.12,0,0,MANUAL,1,1,1,
2026-09-26 22:39:47,brain,1128000,30.65,88.16,1008.16,31.04,71.57,1008.08,0,0,MANUAL,1,1,1,
2026-09-26 22:39:48,brain,1129000,30.66,87.93,1008.17,31.05,71.98,1008.06,0,0,MANUAL,1,1,1,
2026-09-26 22:39:49,brain,1130000,30.65,87.48,1008.19,31.04,71.98,1008.05,0,0,MANUAL,1,1,1,
2026-09-26 22:39:50,brain,1131000,30.66,88.34,1008.15,31.04,71.82,1008.08,0,0,MANUAL,1,1,1,
2026-09-26 22:39:51,brain,1132000,30.66,87.42,1008.20,31.04,71.70,1008.10,0,0,MANUAL,1,1,1,
2026-09-26 22:39:52,brain,1133000,30.67,87.30,1008.15,31.03,71.62,1008.04,0,0,MANUAL,1,1,1,
2026-09-26 22:39:53,brain,1134000,30.66,87.69,1008.19,31.04,71.91,1008.07,0,0,MANUAL,1,1,1,
2026-09-26 22:39:54,brain,1135000,30.66,87.66,1008.17,31.04,71.82,1008.08,0,0,MANUAL,1,1,1,
2026-09-26 22:39:55,brain,1136000,30.65,87.35,1008.18,31.03,71.90,1008.04,0,0,MANUAL,1,1,1,
2026-09-26 22:39:56,brain,1137000,30.65,87.95,1008.18,31.03,71.88,1008.09,0,0,MANUAL,1,1,1,
2026-09-26 22:39:57,brain,1138000,30.66,87.57,1008.11,31.03,71.71,1008.09,0,0,MANUAL,1,1,1,
2026-09-26 22:39:58,brain,1139000,30.66,87.48,1008.17,31.03,71.83,1008.04,0,0,MANUAL,1,1,1,
2026-09-26 22:39:59,brain,1140000,30.66,87.31,1008.17,31.03,71.77,1008.03,0,0,MANUAL,1,1,1,
2026-09-26 22:40:00,brain,1141000,30.66,87.53,1008.17,31.03,71.54,1008.07,0,0,MANUAL,1,1,1,
2026-09-26 22:40:01,brain,1142000,30.66,87.52,1008.14,31.02,71.74,1008.10,0,0,MANUAL,1,1,1,
2026-09-26 22:40:02,brain,1143000,30.66,88.40,1008.14,31.03,71.67,1008.09,0,0,MANUAL,1,1,1,
2026-09-26 22:40:03,brain,1144000,30.66,88.14,1008.14,31.03,71.74,1008.08,0,0,MANUAL,1,1,1,
2026-09-26 22:40:04,brain,1145000,30.65,87.71,1008.12,31.03,71.89,1008.09,0,0,MANUAL,1,1,1,
2026-09-26 22:40:05,brain,1146000,30.66,88.19,1008.23,31.03,72.03,1008.09,0,0,MANUAL,1,1,1,
2026-09-26 22:40:06,brain,1147000,30.66,87.73,1008.17,31.03,71.82,1008.12,0,0,MANUAL,1,1,1,
2026-09-26 22:40:07,brain,1148000,30.66,88.05,1008.14,31.03,71.75,1008.08,0,0,MANUAL,1,1,1,
2026-09-26 22:40:08,brain,1149000,30.66,88.18,1008.17,31.03,72.03,1008.09,0,0,MANUAL,1,1,1,
2026-09-26 22:40:09,brain,1150000,30.66,87.42,1008.19,31.02,71.87,1008.10,0,0,MANUAL,1,1,1,
2026-09-26 22:40:10,brain,1151000,30.66,88.20,1008.17,31.02,71.94,1008.10,0,0,MANUAL,1,1,1,
2026-09-26 22:40:11,brain,1152000,30.66,87.56,1008.19,31.03,71.79,1008.14,0,0,MANUAL,1,1,1,
2026-09-26 22:40:12,brain,1153000,30.66,87.63,1008.17,31.03,71.93,1008.08,0,0,MANUAL,1,1,1,
2026-09-26 22:40:13,brain,1154000,30.66,87.35,1008.14,31.03,71.90,1008.11,0,0,MANUAL,1,1,1,
2026-09-26 22:40:14,brain,1155000,30.66,87.41,1008.19,31.02,71.82,1008.10,0,0,MANUAL,1,1,1,
2026-09-26 22:40:15,brain,1156000,30.66,87.33,1008.17,31.03,71.71,1008.15,0,0,MANUAL,1,1,1,
2026-09-26 22:40:16,brain,1157000,30.66,87.72,1008.14,31.02,71.99,1008.12,0,0,MANUAL,1,1,1,
2026-09-26 22:40:17,brain,1158000,30.65,88.34,1008.13,31.02,71.89,1008.13,0,0,MANUAL,1,1,1,
2026-09-26 22:40:18,brain,1159000,30.66,87.42,1008.19,31.02,71.69,1008.13,0,0,MANUAL,1,1,1,
2026-09-26 22:40:19,brain,1160000,30.66,88.35,1008.11,31.03,71.79,1008.08,0,0,MANUAL,1,1,1,
2026-09-26 22:40:20,brain,1161000,30.66,88.29,1008.20,31.02,71.92,1008.05,0,0,MANUAL,1,1,1,
2026-09-26 22:40:21,brain,1162000,30.65,88.20,1008.16,31.04,71.66,1008.10,0,0,MANUAL,1,1,1,
2026-09-26 22:40:22,brain,1163000,30.66,88.22,1008.17,31.02,71.64,1008.08,0,0,MANUAL,1,1,1,
2026-09-26 22:40:23,brain,1164000,30.65,87.96,1008.15,31.02,72.00,1008.07,0,0,MANUAL,1,1,1,
2026-09-26 22:40:24,brain,1165000,30.65,87.54,1008.10,31.02,71.63,1008.04,0,0,MANUAL,1,1,1,
2026-09-26 22:40:25,brain,1166000,30.66,87.41,1008.17,31.01,71.96,1008.06,0,0,MANUAL,1,1,1,
2026-09-26 22:40:26,brain,1167000,30.66,87.48,1008.14,31.02,71.99,1008.02,0,0,MANUAL,1,1,1,
2026-09-26 22:40:27,brain,1168000,30.66,88.03,1008.11,31.02,71.95,1008.13,0,0,MANUAL,1,1,1,
2026-09-26 22:40:28,brain,1169000,30.66,87.40,1008.11,31.02,71.67,1008.10,0,0,MANUAL,1,1,1,
2026-09-26 22:40:29,brain,1170000,30.66,87.68,1008.22,31.03,71.84,1008.07,0,0,MANUAL,1,1,1,
2026-09-26 22:40:30,brain,1171000,30.66,87.91,1008.17,31.03,71.63,1008.14,0,0,MANUAL,1,1,1,
2026-09-26 22:40:31,brain,1172000,30.66,87.88,1008.17,31.02,71.96,1008.12,0,0,MANUAL,1,1,1,
2026-09-26 22:40:32,brain,1173000,30.66,87.51,1008.17,31.03,71.81,1008.09,0,0,MANUAL,1,1,1,
2026-09-26 22:40:33,brain,1174000,30.65,88.23,1008.21,31.02,71.61,1008.08,0,0,MANUAL,1,1,1,
2026-09-26 22:40:34,brain,1175000,30.66,87.52,1008.14,31.03,71.66,1008.09,0,0,MANUAL,1,1,1,
2026-09-26 22:40:35,brain,1176000,30.66,87.91,1008.22,31.03,71.59,1008.08,0,0,MANUAL,1,1,1,
2026-09-26 22:40:36,brain,1177000,30.65,88.19,1008.15,31.03,71.98,1008.11,0,0,MANUAL,1,1,1,
2026-09-26 22:40:37,brain,1178000,30.65,87.92,1008.09,31.03,71.57,1008.09,0,0,MANUAL,1,1,1,
2026-09-26 22:40:38,brain,1179000,30.65,87.72,1008.16,31.03,71.49,1008.06,0,0,MANUAL,1,1,1,
2026-09-26 22:40:39,brain,1180000,30.66,88.28,1008.17,31.03,71.79,1008.15,0,0,MANUAL,1,1,1,
2026-09-26 22:40:40,brain,1181000,30.66,87.68,1008.17,31.03,72.02,1008.08,0,0,MANUAL,1,1,1,
2026-09-26 22:40:41,brain,1182000,30.66,88.29,1008.15,31.04,71.93,1008.10,0,0,MANUAL,1,1,1,
2026-09-26 22:40:42,brain,1183000,30.66,87.40,1008.25,31.04,71.96,1008.13,0,0,MANUAL,1,1,1,
2026-09-26 22:40:43,brain,1184000,30.66,87.69,1008.22,31.03,71.83,1008.12,0,0,MANUAL,1,1,1,
2026-09-26 22:40:44,brain,1185000,30.65,87.65,1008.16,31.04,71.83,1008.08,0,0,MANUAL,1,1,1,
2026-09-26 22:40:45,brain,1186000,30.66,88.35,1008.22,31.03,72.08,1008.12,0,0,MANUAL,1,1,1,
2026-09-26 22:40:46,brain,1187000,30.66,87.56,1008.14,31.03,71.95,1008.06,0,0,MANUAL,1,1,1,
2026-09-26 22:40:47,brain,1188000,30.65,88.29,1008.12,31.03,71.80,1008.09,0,0,MANUAL,1,1,1,
2026-09-26 22:40:48,brain,1189000,30.65,88.35,1008.13,31.03,72.14,1008.06,0,0,MANUAL,1,1,1,
2026-09-26 22:40:49,brain,1190000,30.65,87.80,1008.21,31.03,71.51,1008.06,0,0,MANUAL,1,1,1,
2026-09-26 22:40:50,brain,1191000,30.66,88.22,1008.19,31.03,71.84,1008.09,0,0,MANUAL,1,1,1,
2026-09-26 22:40:51,brain,1192000,30.66,87.52,1008.14,31.03,71.91,1008.09,0,0,MANUAL,1,1,1,
2026-09-26 22:40:52,brain,1193000,30.65,88.07,1008.21,31.04,71.92,1008.13,0,0,MANUAL,1,1,1,
2026-09-26 22:40:53,brain,1194000,30.65,87.35,1008.16,31.03,71.91,1008.12,0,0,MANUAL,1,1,1,
2026-09-26 22:40:54,brain,1195000,30.66,87.34,1008.17,31.03,71.47,1008.09,0,0,MANUAL,1,1,1,
2026-09-26 22:40:55,brain,1196000,30.65,88.25,1008.12,31.03,71.73,1008.15,0,0,MANUAL,1,1,1,
2026-09-26 22:40:56,brain,1197000,30.66,88.15,1008.17,31.03,71.78,1008.11,0,0,MANUAL,1,1,1,
2026-09-26 22:40:57,brain,1198000,30.65,88.19,1008.16,31.03,71.74,1008.11,0,0,MANUAL,1,1,1,
2026-09-26 22:40:58,brain,1199000,30.66,87.78,1008.22,31.03,71.66,1008.07,0,0,MANUAL,1,1,1,
2026-09-26 22:40:59,brain,1200000,30.65,88.29,1008.19,31.03,71.93,1008.08,0,0,MANUAL,1,1,1,
2026-09-26 22:41:00,brain,1201000,30.66,87.75,1008.14,31.03,71.89,1008.06,0,0,MANUAL,1,1,1,
2026-09-26 22:41:01,brain,1202000,30.66,88.25,1008.17,31.02,71.93,1008.08,0,0,MANUAL,1,1,1,
2026-09-26 22:41:02,brain,1203000,30.66,87.53,1008.17,31.03,72.01,1008.03,0,0,MANUAL,1,1,1,
2026-09-26 22:41:03,brain,1204000,30.65,87.87,1008.15,31.03,71.79,1008.09,0,0,MANUAL,1,1,1,
2026-09-26 22:41:04,brain,1205000,30.66,87.82,1008.19,31.02,71.77,1008.10,0,0,MANUAL,1,1,1,
2026-09-26 22:41:05,brain,1206000,30.65,87.67,1008.13,31.02,71.76,1008.10,0,0,MANUAL,1,1,1,
2026-09-26 22:41:06,brain,1207000,30.65,87.73,1008.21,31.03,71.82,1008.14,0,0,MANUAL,1,1,1,
2026-09-26 22:41:07,brain,1208000,30.65,87.54,1008.15,31.03,71.73,1008.11,0,0,MANUAL,1,1,1,
2026-09-26 22:41:08,brain,1209000,30.65,87.42,1008.16,31.02,71.96,1008.07,0,0,MANUAL,1,1,1,
2026-09-26 22:41:09,brain,1210000,30.65,88.18,1008.15,31.03,72.00,1008.14,0,0,MANUAL,1,1,1,
2026-09-26 22:41:10,brain,1211000,30.65,87.44,1008.21,31.03,71.95,1008.08,0,0,MANUAL,1,1,1,
2026-09-26 22:41:11,brain,1212000,30.66,88.06,1008.19,31.03,71.94,1008.08,0,0,MANUAL,1,1,1,
2026-09-26 22:41:12,brain,1213000,30.66,88.14,1008.19,31.03,71.75,1008.08,0,0,MANUAL,1,1,1,
2026-09-26 22:41:13,brain,1214000,30.66,87.92,1008.17,31.02,71.56,1008.08,0,0,MANUAL,1,1,1,
2026-09-26 22:41:14,brain,1215000,30.66,88.39,1008.17,31.02,71.61,1008.08,0,0,MANUAL,1,1,1,
2026-09-26 22:41:15,brain,1216000,30.66,88.12,1008.11,31.03,71.94,1008.09,0,0,MANUAL,1,1,1,
2026-09-26 22:41:16,brain,1217000,30.65,87.73,1008.21,31.03,71.64,1008.14,0,0,MANUAL,1,1,1,
2026-09-26 22:41:17,brain,1218000,30.65,88.08,1008.16,31.03,71.64,1008.15,0,0,MANUAL,1,1,1,
2026-09-26 22:41:18,brain,1219000,30.66,87.47,1008.14,31.03,71.72,1008.11,0,0,MANUAL,1,1,1,
2026-09-26 22:41:19,brain,1220000,30.66,88.18,1008.14,31.03,71.50,1008.06,0,0,MANUAL,1,1,1,
2026-09-26 22:41:20,brain,1221000,30.65,88.23,1008.15,31.03,71.85,1008.06,0,0,MANUAL,1,1,1,
2026-09-26 22:41:21,brain,1222000,30.65,87.95,1008.19,31.03,71.75,1008.15,0,0,MANUAL,1,1,1,
2026-09-26 22:41:22,brain,1223000,30.66,88.32,1008.17,31.03,71.94,1008.15,0,0,MANUAL,1,1,1,
2026-09-26 22:41:23,brain,1224000,30.66,88.08,1008.22,31.03,72.04,1008.08,0,0,MANUAL,1,1,1,
2026-09-26 22:41:24,brain,1225000,30.66,88.38,1008.19,31.03,71.78,1008.14,0,0,MANUAL,1,1,1,
2026-09-26 22:41:25,brain,1226000,30.65,88.22,1008.21,31.03,72.01,1008.08,0,0,MANUAL,1,1,1,
2026-09-26 22:41:26,brain,1227000,30.66,87.52,1008.17,31.03,71.95,1008.07,0,0,MANUAL,1,1,1,
2026-09-26 22:41:27,brain,1228000,30.66,87.57,1008.17,31.03,72.00,1008.12,0,0,MANUAL,1,1,1,
2026-09-26 22:41:28,brain,1229000,30.65,88.35,1008.16,31.03,71.98,1008.14,0,0,MANUAL,1,1,1,
2026-09-26 22:41:29,brain,1230000,30.65,87.73,1008.13,31.03,71.79,1008.07,0,0,MANUAL,1,1,1,
2026-09-26 22:41:30,brain,1231000,30.65,87.43,1008.19,31.03,71.62,1008.12,0,0,MANUAL,1,1,1,
2026-09-26 22:41:31,brain,1232000,30.65,87.91,1008.15,31.03,71.70,1008.15,0,0,MANUAL,1,1,1,
2026-09-26 22:41:32,brain,1233000,30.65,87.55,1008.21,31.03,71.76,1008.11,0,0,MANUAL,1,1,1,
2026-09-26 22:41:33,brain,1234000,30.66,87.54,1008.22,31.03,71.97,1008.12,0,0,MANUAL,1,1,1,
2026-09-26 22:41:34,brain,1235000,30.65,87.87,1008.15,31.03,71.65,1008.11,0,0,MANUAL,1,1,1,
2026-09-26 22:41:35,brain,1236000,30.65,88.35,1008.15,31.02,71.71,1008.10,0,0,MANUAL,1,1,1,
2026-09-26 22:41:36,brain,1237000,30.65,87.46,1008.04,31.03,71.60,1008.04,0,0,MANUAL,1,1,1,
2026-09-26 22:41:37,brain,1238000,30.65,87.90,1008.21,31.03,71.69,1008.08,0,0,MANUAL,1,1,1,
2026-09-26 22:41:38,brain,1239000,30.66,87.46,1008.17,31.03,71.59,1008.18,0,0,MANUAL,1,1,1,
2026-09-26 22:41:39,brain,1240000,30.65,88.14,1008.19,31.03,71.63,1008.20,0,0,MANUAL,1,1,1,
2026-09-26 22:41:40,brain,1241000,30.65,88.02,1008.13,31.03,71.57,1008.08,0,0,MANUAL,1,1,1,
2026-09-26 22:41:41,brain,1242000,30.65,88.15,1008.15,31.03,71.97,1008.09,0,0,MANUAL,1,1,1,
2026-09-26 22:41:42,brain,1243000,30.65,88.25,1008.15,31.03,71.59,1008.15,0,0,MANUAL,1,1,1,
2026-09-26 22:41:43,brain,1244000,30.65,87.67,1008.16,31.03,71.92,1008.09,0,0,MANUAL,1,1,1,
2026-09-26 22:41:44,brain,1245000,30.65,87.43,1008.16,31.02,71.77,1008.04,0,0,MANUAL,1,1,1,
2026-09-26 22:41:45,brain,1246000,30.66,88.24,1008.17,31.03,71.73,1008.09,0,0,MANUAL,1,1,1,
2026-09-26 22:41:46,brain,1247000,30.66,87.81,1008.17,31.03,71.73,1008.07,0,0,MANUAL,1,1,1,
2026-09-26 22:41:47,brain,1248000,30.65,88.27,1008.19,31.03,71.71,1008.15,0,0,MANUAL,1,1,1,
2026-09-26 22:41:48,brain,1249000,30.65,88.23,1008.19,31.03,71.76,1008.06,0,0,MANUAL,1,1,1,
2026-09-26 22:41:49,brain,1250000,30.65,87.77,1008.13,31.02,71.65,1008.13,0,0,MANUAL,1,1,1,
2026-09-26 22:41:50,brain,1251000,30.65,87.69,1008.09,31.03,71.95,1008.20,0,0,MANUAL,1,1,1,
2026-09-26 22:41:51,brain,1252000,30.65,87.57,1008.15,31.03,71.93,1008.07,0,0,MANUAL,1,1,1,
2026-09-26 22:41:52,brain,1253000,30.65,88.25,1008.10,31.03,71.64,1008.11,0,0,MANUAL,1,1,1,
2026-09-26 22:41:53,brain,1254000,30.66,87.93,1008.17,31.03,71.70,1008.09,0,0,MANUAL,1,1,1,
2026-09-26 22:41:54,brain,1255000,30.66,88.00,1008.14,31.03,71.78,1008.08,0,0,MANUAL,1,1,1,
2026-09-26 22:41:55,brain,1256000,30.65,87.70,1008.21,31.03,71.89,1008.08,0,0,MANUAL,1,1,1,
2026-09-26 22:41:56,brain,1257000,30.65,88.31,1008.15,31.02,71.87,1008.08,0,0,MANUAL,1,1,1,
2026-09-26 22:41:57,brain,1258000,30.66,87.48,1008.17,31.02,71.69,1008.08,0,0,MANUAL,1,1,1,
2026-09-26 22:41:58,brain,1259000,30.66,88.24,1008.17,31.02,71.60,1008.08,0,0,MANUAL,1,1,1,
2026-09-26 22:41:59,brain,1260000,30.66,87.58,1008.17,31.03,72.00,1008.11,0,0,MANUAL,1,1,1,
2026-09-26 22:42:00,brain,1261000,30.66,87.59,1008.22,31.02,71.96,1008.08,0,0,MANUAL,1,1,1,
2026-09-26 22:42:01,brain,1262000,30.66,88.12,1008.17,31.02,71.90,1008.10,0,0,MANUAL,1,1,1,
2026-09-26 22:42:02,brain,1263000,30.65,87.53,1008.21,31.02,71.96,1008.10,0,0,MANUAL,1,1,1,
2026-09-26 22:42:03,brain,1264000,30.66,87.78,1008.22,31.03,71.81,1008.04,0,0,MANUAL,1,1,1,
2026-09-26 22:42:04,brain,1265000,30.65,88.23,1008.21,31.02,71.93,1008.13,0,0,MANUAL,1,1,1,
2026-09-26 22:42:05,brain,1266000,30.65,87.99,1008.21,31.02,71.93,1008.07,0,0,MANUAL,1,1,1,
2026-09-26 22:42:06,brain,1267000,30.65,87.71,1008.21,31.02,71.92,1008.10,0,0,MANUAL,1,1,1,
2026-09-26 22:42:07,brain,1268000,30.66,88.21,1008.17,31.01,71.97,1008.11,0,0,MANUAL,1,1,1,
2026-09-26 22:42:08,brain,1269000,30.65,88.50,1008.13,31.02,71.95,1008.07,0,0,MANUAL,1,1,1,
2026-09-26 22:42:09,brain,1270000,30.65,87.54,1008.13,31.02,72.03,1008.16,0,0,MANUAL,1,1,1,
2026-09-26 22:42:10,brain,1271000,30.66,88.29,1008.19,31.02,71.82,1008.07,0,0,MANUAL,1,1,1,
2026-09-26 22:42:11,brain,1272000,30.65,87.56,1008.21,31.02,71.67,1008.13,0,0,MANUAL,1,1,1,
2026-09-26 22:42:12,brain,1273000,30.65,87.59,1008.15,31.02,71.63,1008.13,0,0,MANUAL,1,1,1,
2026-09-26 22:42:13,brain,1274000,30.66,87.99,1008.17,31.02,71.87,1008.02,0,0,MANUAL,1,1,1,
2026-09-26 22:42:14,brain,1275000,30.66,88.32,1008.17,31.02,71.73,1008.07,0,0,MANUAL,1,1,1,
2026-09-26 22:42:15,brain,1276000,30.66,87.56,1008.19,31.02,71.55,1008.13,0,0,MANUAL,1,1,1,
2026-09-26 22:42:16,brain,1277000,30.66,87.58,1008.19,31.02,71.95,1008.07,0,0,MANUAL,1,1,1,
2026-09-26 22:42:17,brain,1278000,30.66,87.79,1008.14,31.02,71.84,1008.07,0,0,MANUAL,1,1,1,
2026-09-26 22:42:18,brain,1279000,30.66,87.79,1008.11,31.02,71.82,1008.07,0,0,MANUAL,1,1,1,
2026-09-26 22:42:19,brain,1280000,30.66,88.33,1008.17,31.02,71.49,1008.08,0,0,MANUAL,1,1,1,
2026-09-26 22:42:20,brain,1281000,30.65,87.76,1008.21,31.01,71.85,1008.12,0,0,MANUAL,1,1,1,
2026-09-26 22:42:21,brain,1282000,30.66,87.82,1008.17,31.02,71.87,1008.08,0,0,MANUAL,1,1,1,
2026-09-26 22:42:22,brain,1283000,30.65,88.20,1008.10,31.02,71.75,1008.10,0,0,MANUAL,1,1,1,
2026-09-26 22:42:23,brain,1284000,30.66,87.51,1008.20,31.01,71.93,1008.08,0,0,MANUAL,1,1,1,
2026-09-26 22:42:24,brain,1285000,30.66,88.34,1008.19,31.01,71.79,1008.08,0,0,MANUAL,1,1,1,
2026-09-26 22:42:25,brain,1286000,30.65,87.44,1008.21,31.01,72.08,1008.09,0,0,MANUAL,1,1,1,
2026-09-26 22:42:26,brain,1287000,30.66,88.34,1008.19,30.99,71.81,1008.08,0,0,MANUAL,1,1,1,
2026-09-26 22:42:27,brain,1288000,30.66,87.54,1008.17,31.00,71.79,1008.10,0,0,MANUAL,1,1,1,
2026-09-26 22:42:28,brain,1289000,30.66,88.14,1008.17,31.00,71.63,1008.07,0,0,MANUAL,1,1,1,
2026-09-26 22:42:29,brain,1290000,30.66,87.46,1008.17,30.99,71.66,1008.08,0,0,MANUAL,1,1,1,
2026-09-26 22:42:30,brain,1291000,30.65,88.37,1008.21,30.99,71.86,1008.06,0,0,MANUAL,1,1,1,
2026-09-26 22:42:31,brain,1292000,30.66,87.76,1008.15,30.99,71.72,1008.09,0,0,MANUAL,1,1,1,
2026-09-26 22:42:32,brain,1293000,30.65,87.81,1008.21,31.01,71.85,1008.08,0,0,MANUAL,1,1,1,
2026-09-26 22:42:33,brain,1294000,30.66,88.33,1008.17,31.01,71.91,1008.11,0,0,MANUAL,1,1,1,
2026-09-26 22:42:34,brain,1295000,30.65,87.54,1008.16,31.01,71.65,1008.08,0,0,MANUAL,1,1,1,
2026-09-26 22:42:35,brain,1296000,30.66,87.60,1008.25,31.00,71.61,1008.07,0,0,MANUAL,1,1,1,
2026-09-26 22:42:36,brain,1297000,30.65,87.53,1008.13,31.00,71.56,1008.07,0,0,MANUAL,1,1,1,
2026-09-26 22:42:37,brain,1298000,30.66,88.13,1008.17,31.00,71.71,1008.10,0,0,MANUAL,1,1,1,
2026-09-26 22:42:38,brain,1299000,30.66,88.37,1008.22,31.00,71.67,1008.10,0,0,MANUAL,1,1,1,
2026-09-26 22:42:39,brain,1300000,30.66,87.50,1008.17,31.00,71.84,1008.07,0,0,MANUAL,1,1,1,
2026-09-26 22:42:40,brain,1301000,30.66,88.44,1008.17,31.01,71.53,1008.11,0,0,MANUAL,1,1,1,
2026-09-26 22:42:41,brain,1302000,30.65,87.82,1008.19,31.00,71.63,1008.04,0,0,MANUAL,1,1,1,
2026-09-26 22:42:42,brain,1303000,30.66,87.71,1008.17,31.00,71.95,1008.10,0,0,MANUAL,1,1,1,
2026-09-26 22:42:43,brain,1304000,30.66,87.61,1008.17,31.01,71.85,1008.11,0,0,MANUAL,1,1,1,
2026-09-26 22:42:44,brain,1305000,30.66,87.89,1008.14,31.01,71.58,1008.12,0,0,MANUAL,1,1,1,
2026-09-26 22:42:45,brain,1306000,30.65,87.43,1008.16,31.01,71.42,1008.09,0,0,MANUAL,1,1,1,
2026-09-26 22:42:46,brain,1307000,30.66,87.94,1008.19,31.00,71.66,1008.10,0,0,MANUAL,1,1,1,
2026-09-26 22:42:47,brain,1308000,30.66,88.14,1008.19,31.01,71.68,1008.03,0,0,MANUAL,1,1,1,
2026-09-26 22:42:48,brain,1309000,30.65,87.52,1008.16,31.00,71.80,1008.07,0,0,MANUAL,1,1,1,
2026-09-26 22:42:49,brain,1310000,30.66,87.47,1008.14,31.01,71.96,1008.11,0,0,MANUAL,1,1,1,
2026-09-26 22:42:50,brain,1311000,30.66,88.10,1008.11,31.01,71.80,1008.05,0,0,MANUAL,1,1,1,
2026-09-26 22:42:51,brain,1312000,30.66,88.09,1008.11,31.01,71.85,1008.11,0,0,MANUAL,1,1,1,
2026-09-26 22:42:52,brain,1313000,30.66,88.03,1008.22,31.01,71.93,1008.05,0,0,MANUAL,1,1,1,
2026-09-26 22:42:53,brain,1314000,30.65,88.08,1008.16,31.01,72.08,1008.05,0,0,MANUAL,1,1,1,
2026-09-26 22:42:54,brain,1315000,30.66,87.50,1008.17,31.00,71.63,1008.10,0,0,MANUAL,1,1,1,
2026-09-26 22:42:55,brain,1316000,30.65,87.53,1008.10,31.01,71.81,1008.14,0,0,MANUAL,1,1,1,
2026-09-26 22:42:56,brain,1317000,30.65,87.82,1008.16,31.01,71.84,1008.06,0,0,MANUAL,1,1,1,
2026-09-26 22:42:57,brain,1318000,30.66,87.56,1008.17,31.00,71.78,1008.10,0,0,MANUAL,1,1,1,
2026-09-26 22:42:58,brain,1319000,30.66,87.86,1008.23,31.00,71.66,1008.10,0,0,MANUAL,1,1,1,
2026-09-26 22:42:59,brain,1320000,30.66,88.32,1008.17,31.00,72.10,1008.10,0,0,MANUAL,1,1,1,
2026-09-26 22:43:00,brain,1321000,30.66,87.44,1008.17,31.00,71.84,1008.10,0,0,MANUAL,1,1,1,
2026-09-26 22:43:01,brain,1322000,30.65,88.40,1008.10,31.01,71.86,1008.12,0,0,MANUAL,1,1,1,
2026-09-26 22:43:02,brain,1323000,30.65,88.37,1008.19,31.01,71.83,1008.08,0,0,MANUAL,1,1,1,
2026-09-26 22:43:03,brain,1324000,30.65,87.62,1008.16,30.99,71.51,1008.09,0,0,MANUAL,1,1,1,
2026-09-26 22:43:04,brain,1325000,30.66,87.53,1008.19,31.00,71.72,1008.07,0,0,MANUAL,1,1,1,
2026-09-26 22:43:05,brain,1326000,30.65,87.79,1008.16,31.01,71.87,1008.11,0,0,MANUAL,1,1,1,
2026-09-26 22:43:06,brain,1327000,30.65,87.56,1008.16,31.00,71.88,1008.09,0,0,MANUAL,1,1,1,
2026-09-26 22:43:07,brain,1328000,30.65,88.35,1008.19,31.28,71.69,1008.12,0,0,MANUAL,1,1,1,
2026-09-26 22:43:08,brain,1329000,30.66,87.49,1008.17,31.05,71.96,1008.17,0,0,MANUAL,1,1,1,
2026-09-26 22:43:09,brain,1330000,30.66,87.60,1008.17,31.02,71.78,1008.13,0,0,MANUAL,1,1,1,
2026-09-26 22:43:10,brain,1331000,30.65,87.60,1008.21,31.02,71.89,1008.13,0,0,MANUAL,1,1,1,
2026-09-26 22:43:11,brain,1332000,30.65,88.31,1008.10,31.01,71.90,1008.06,0,0,MANUAL,1,1,1,
2026-09-26 22:43:12,brain,1333000,30.66,87.81,1008.22,31.01,71.80,1008.06,0,0,MANUAL,1,1,1,
2026-09-26 22:43:13,brain,1334000,30.65,87.82,1008.13,31.01,71.68,1008.12,0,0,MANUAL,1,1,1,
2026-09-26 22:43:14,brain,1335000,30.66,87.48,1008.19,31.01,71.67,1008.12,0,0,MANUAL,1,1,1,
2026-09-26 22:43:15,brain,1336000,30.65,88.34,1008.16,31.00,71.84,1008.07,0,0,MANUAL,1,1,1,
2026-09-26 22:43:16,brain,1337000,30.66,87.52,1008.17,31.01,72.01,1008.08,0,0,MANUAL,1,1,1,
2026-09-26 22:43:17,brain,1338000,30.65,87.85,1008.19,31.01,71.91,1008.06,0,0,MANUAL,1,1,1,
2026-09-26 22:43:18,brain,1339000,30.66,88.35,1008.15,31.01,71.77,1008.08,0,0,MANUAL,1,1,1,
2026-09-26 22:43:19,brain,1340000,30.65,88.31,1008.12,31.02,71.83,1008.12,0,0,MANUAL,1,1,1,
2026-09-26 22:43:20,brain,1341000,30.65,87.70,1008.16,31.01,71.85,1008.08,0,0,MANUAL,1,1,1,
2026-09-26 22:43:21,brain,1342000,30.65,88.03,1008.19,31.02,71.90,1008.12,0,0,MANUAL,1,1,1,
2026-09-26 22:43:22,brain,1343000,30.65,88.18,1008.19,31.02,71.93,1008.13,0,0,MANUAL,1,1,1,
2026-09-26 22:43:23,brain,1344000,30.64,87.80,1008.14,31.02,71.91,1008.13,0,0,MANUAL,1,1,1,
2026-09-26 22:43:24,brain,1345000,30.65,87.92,1008.23,31.02,71.61,1008.04,0,0,MANUAL,1,1,1,
2026-09-26 22:43:25,brain,1346000,30.65,87.85,1008.15,31.01,71.61,1008.09,0,0,MANUAL,1,1,1,
2026-09-26 22:43:26,brain,1347000,30.66,88.37,1008.22,31.01,71.90,1008.09,0,0,MANUAL,1,1,1,
2026-09-26 22:43:27,brain,1348000,30.65,88.40,1008.21,31.01,72.02,1008.12,0,0,MANUAL,1,1,1,
2026-09-26 22:43:28,brain,1349000,30.66,88.24,1008.22,31.02,71.66,1008.08,0,0,MANUAL,1,1,1,
2026-09-26 22:43:29,brain,1350000,30.65,87.60,1008.26,31.01,71.78,1008.05,0,0,MANUAL,1,1,1,
2026-09-26 22:43:30,brain,1351000,30.64,88.48,1008.20,31.01,71.73,1008.09,0,0,MANUAL,1,1,1,
2026-09-26 22:43:31,brain,1352000,30.66,87.90,1008.17,31.01,71.66,1008.08,0,0,MANUAL,1,1,1,
2026-09-26 22:43:32,brain,1353000,30.65,87.56,1008.18,31.01,71.73,1008.12,0,0,MANUAL,1,1,1,
2026-09-26 22:43:33,brain,1354000,30.65,88.29,1008.15,30.99,71.76,1008.06,0,0,MANUAL,1,1,1,
2026-09-26 22:43:34,brain,1355000,30.65,88.41,1008.18,30.99,71.37,1008.06,0,0,MANUAL,1,1,1,
2026-09-26 22:43:35,brain,1356000,30.65,87.95,1008.18,30.99,71.86,1008.06,0,0,MANUAL,1,1,1,
2026-09-26 22:43:36,brain,1357000,30.66,87.54,1008.14,30.99,71.58,1008.09,0,0,MANUAL,1,1,1,
2026-09-26 22:43:37,brain,1358000,30.66,87.62,1008.17,30.98,71.53,1008.10,0,0,MANUAL,1,1,1,
2026-09-26 22:43:38,brain,1359000,30.64,88.30,1008.14,30.99,71.55,1008.08,0,0,MANUAL,1,1,1,
2026-09-26 22:43:39,brain,1360000,30.65,87.55,1008.19,30.98,71.70,1008.12,0,0,MANUAL,1,1,1,
2026-09-26 22:43:40,brain,1361000,30.65,87.87,1008.16,30.98,71.64,1008.10,0,0,MANUAL,1,1,1,
2026-09-26 22:43:41,brain,1362000,30.66,88.47,1008.17,30.98,71.94,1008.05,0,0,MANUAL,1,1,1,
2026-09-26 22:43:42,brain,1363000,30.65,87.68,1008.21,30.98,72.07,1008.10,0,0,MANUAL,1,1,1,
2026-09-26 22:43:43,brain,1364000,30.66,87.89,1008.14,30.99,71.88,1008.17,0,0,MANUAL,1,1,1,
2026-09-26 22:43:44,brain,1365000,30.65,88.18,1008.16,30.98,71.73,1008.08,0,0,MANUAL,1,1,1,
2026-09-26 22:43:45,brain,1366000,30.66,87.59,1008.14,30.99,71.93,1008.11,0,0,MANUAL,1,1,1,
2026-09-26 22:43:46,brain,1367000,30.66,87.70,1008.22,30.98,71.81,1008.10,0,0,MANUAL,1,1,1,
2026-09-26 22:43:47,brain,1368000,30.66,88.38,1008.17,30.98,71.79,1008.13,0,0,MANUAL,1,1,1,
2026-09-26 22:43:48,brain,1369000,30.65,88.42,1008.18,30.98,71.80,1008.10,0,0,MANUAL,1,1,1,
2026-09-26 22:43:49,brain,1370000,30.65,87.99,1008.21,30.99,71.67,1008.14,0,0,MANUAL,1,1,1,
2026-09-26 22:43:50,brain,1371000,30.65,87.60,1008.18,30.98,71.75,1008.04,0,0,MANUAL,1,1,1,
2026-09-26 22:43:51,brain,1372000,30.65,87.82,1008.16,30.99,71.54,1008.08,0,0,MANUAL,1,1,1,
2026-09-26 22:43:52,brain,1373000,30.65,88.25,1008.16,30.98,71.79,1008.05,0,0,MANUAL,1,1,1,
2026-09-26 22:43:53,brain,1374000,30.65,87.55,1008.16,30.98,71.58,1008.08,0,0,MANUAL,1,1,1,
2026-09-26 22:43:54,brain,1375000,30.65,87.58,1008.18,30.99,71.93,1008.08,0,0,MANUAL,1,1,1,
2026-09-26 22:43:55,brain,1376000,30.65,88.01,1008.13,30.98,71.69,1008.01,0,0,MANUAL,1,1,1,
2026-09-26 22:43:56,brain,1377000,30.66,87.85,1008.17,30.98,71.78,1008.10,0,0,MANUAL,1,1,1,
2026-09-26 22:43:57,brain,1378000,30.65,88.09,1008.13,30.99,71.86,1008.11,0,0,MANUAL,1,1,1,
2026-09-26 22:43:58,brain,1379000,30.65,88.27,1008.12,30.98,71.67,1008.10,0,0,MANUAL,1,1,1,
2026-09-26 22:43:59,brain,1380000,30.66,87.81,1008.14,30.98,71.67,1008.07,0,0,MANUAL,1,1,1,
2026-09-26 22:44:00,brain,1381000,30.66,87.96,1008.22,30.98,71.85,1008.08,0,0,MANUAL,1,1,1,
2026-09-26 22:44:01,brain,1382000,30.65,88.38,1008.13,30.98,71.74,1008.04,0,0,MANUAL,1,1,1,
2026-09-26 22:44:02,brain,1383000,30.65,88.35,1008.12,30.97,71.86,1008.00,0,0,MANUAL,1,1,1,
2026-09-26 22:44:03,brain,1384000,30.65,87.72,1008.13,30.98,72.06,1008.15,0,0,MANUAL,1,1,1,
2026-09-26 22:44:04,brain,1385000,30.65,87.69,1008.18,30.97,71.91,1008.08,0,0,MANUAL,1,1,1,
2026-09-26 22:44:05,brain,1386000,30.65,87.88,1008.21,30.97,71.64,1008.16,0,0,MANUAL,1,1,1,
2026-09-26 22:44:06,brain,1387000,30.64,87.81,1008.17,30.97,71.65,1008.14,0,0,MANUAL,1,1,1,
2026-09-26 22:44:07,brain,1388000,30.65,87.62,1008.23,30.97,72.18,1008.12,0,0,MANUAL,1,1,1,
2026-09-26 22:44:08,brain,1389000,30.65,87.46,1008.21,30.96,71.59,1008.12,0,0,MANUAL,1,1,1,
2026-09-26 22:44:09,brain,1390000,30.65,87.87,1008.19,30.96,71.82,1008.10,0,0,MANUAL,1,1,1,
2026-09-26 22:44:10,brain,1391000,30.65,87.71,1008.13,30.95,71.92,1008.08,0,0,MANUAL,1,1,1,
2026-09-26 22:44:11,brain,1392000,30.65,88.31,1008.16,30.96,72.06,1008.09,0,0,MANUAL,1,1,1,
2026-09-26 22:44:12,brain,1393000,30.65,88.54,1008.13,30.95,72.15,1008.11,0,0,MANUAL,1,1,1,
2026-09-26 22:44:13,brain,1394000,30.64,87.48,1008.08,30.96,71.83,1008.09,0,0,MANUAL,1,1,1,
2026-09-26 22:44:14,brain,1395000,30.66,87.66,1008.17,30.95,71.81,1008.13,0,0,MANUAL,1,1,1,
2026-09-26 22:44:15,brain,1396000,30.65,88.47,1008.21,30.95,71.89,1008.10,0,0,MANUAL,1,1,1,
2026-09-26 22:44:16,brain,1397000,30.65,88.32,1008.13,30.95,71.80,1008.10,0,0,MANUAL,1,1,1,
2026-09-26 22:44:17,brain,1398000,30.65,87.65,1008.15,30.95,71.88,1008.10,0,0,MANUAL,1,1,1,
2026-09-26 22:44:18,brain,1399000,30.65,88.39,1008.15,30.95,71.75,1008.10,0,0,MANUAL,1,1,1,
2026-09-26 22:44:19,brain,1400000,30.65,88.14,1008.19,30.95,71.71,1008.10,0,0,MANUAL,1,1,1,
2026-09-26 22:44:20,brain,1401000,30.66,87.97,1008.22,30.94,71.79,1008.09,0,0,MANUAL,1,1,1,
2026-09-26 22:44:21,brain,1402000,30.65,88.37,1008.21,30.94,71.67,1008.11,0,0,MANUAL,1,1,1,
2026-09-26 22:44:22,brain,1403000,30.65,87.93,1008.10,30.94,71.82,1008.06,0,0,MANUAL,1,1,1,
2026-09-26 22:44:23,brain,1404000,30.65,88.41,1008.21,30.93,71.76,1008.08,0,0,MANUAL,1,1,1,
2026-09-26 22:44:24,brain,1405000,30.65,88.25,1008.16,30.93,71.89,1008.05,0,0,MANUAL,1,1,1,
2026-09-26 22:44:25,brain,1406000,30.65,87.59,1008.15,30.94,71.85,1008.11,0,0,MANUAL,1,1,1,
2026-09-26 22:44:26,brain,1407000,30.65,88.43,1008.16,30.94,71.80,1008.11,0,0,MANUAL,1,1,1,
2026-09-26 22:44:27,brain,1408000,30.65,87.55,1008.13,30.93,72.05,1008.10,0,0,MANUAL,1,1,1,
2026-09-26 22:44:28,brain,1409000,30.65,88.38,1008.19,30.92,71.94,1008.14,0,0,MANUAL,1,1,1,
2026-09-26 22:44:29,brain,1410000,30.64,87.87,1008.14,30.93,71.72,1008.10,0,0,MANUAL,1,1,1,
2026-09-26 22:44:30,brain,1411000,30.65,88.32,1008.10,30.93,71.92,1008.13,0,0,MANUAL,1,1,1,
2026-09-26 22:44:31,brain,1412000,30.65,88.02,1008.09,30.92,71.89,1008.09,0,0,MANUAL,1,1,1,
2026-09-26 22:44:32,brain,1413000,30.65,87.70,1008.18,30.92,71.66,1008.09,0,0,MANUAL,1,1,1,
2026-09-26 22:44:33,brain,1414000,30.65,87.50,1008.18,30.91,71.98,1008.07,0,0,MANUAL,1,1,1,
2026-09-26 22:44:34,brain,1415000,30.65,88.25,1008.21,30.91,71.96,1008.12,0,0,MANUAL,1,1,1,
2026-09-26 22:44:35,brain,1416000,30.65,87.69,1008.18,30.91,71.99,1008.07,0,0,MANUAL,1,1,1,
2026-09-26 22:44:36,brain,1417000,30.65,87.71,1008.15,30.91,72.09,1008.15,0,0,MANUAL,1,1,1,
2026-09-26 22:44:37,brain,1418000,30.65,88.00,1008.26,30.89,71.64,1008.07,0,0,MANUAL,1,1,1,
2026-09-26 22:44:38,brain,1419000,30.64,87.84,1008.13,30.90,71.93,1008.11,0,0,MANUAL,1,1,1,
2026-09-26 22:44:39,brain,1420000,30.64,87.95,1008.08,30.90,71.90,1008.08,0,0,MANUAL,1,1,1,
2026-09-26 22:44:40,brain,1421000,30.65,88.51,1008.15,30.90,71.70,1008.11,0,0,MANUAL,1,1,1,
2026-09-26 22:44:41,brain,1422000,30.65,88.46,1008.12,30.89,72.13,1008.10,0,0,MANUAL,1,1,1,
2026-09-26 22:44:42,brain,1423000,30.64,87.59,1008.16,30.89,71.97,1008.04,0,0,MANUAL,1,1,1,
2026-09-26 22:44:43,brain,1424000,30.64,88.36,1008.11,30.89,72.19,1008.10,0,0,MANUAL,1,1,1,
2026-09-26 22:44:44,brain,1425000,30.65,87.71,1008.21,30.90,71.95,1008.11,0,0,MANUAL,1,1,1,
2026-09-26 22:44:45,brain,1426000,30.65,88.08,1008.16,30.89,71.92,1008.01,0,0,MANUAL,1,1,1,
2026-09-26 22:44:46,brain,1427000,30.65,88.37,1008.12,30.89,71.94,1008.10,0,0,MANUAL,1,1,1,
2026-09-26 22:44:47,brain,1428000,30.65,88.53,1008.12,30.89,72.04,1008.12,0,0,MANUAL,1,1,1,
2026-09-26 22:44:48,brain,1429000,30.65,88.42,1008.15,30.89,71.96,1008.09,0,0,MANUAL,1,1,1,
2026-09-26 22:44:49,brain,1430000,30.64,87.89,1008.14,30.89,71.93,1008.03,0,0,MANUAL,1,1,1,
2026-09-26 22:44:50,brain,1431000,30.64,87.58,1008.13,30.89,71.96,1008.10,0,0,MANUAL,1,1,1,
2026-09-26 22:44:51,brain,1432000,30.64,88.31,1008.10,30.90,72.06,1008.06,0,0,MANUAL,1,1,1,
2026-09-26 22:44:52,brain,1433000,30.64,87.95,1008.11,30.90,72.01,1008.09,0,0,MANUAL,1,1,1,
2026-09-26 22:44:53,brain,1434000,30.65,87.93,1008.18,30.90,71.78,1008.02,0,0,MANUAL,1,1,1,
2026-09-26 22:44:54,brain,1435000,30.64,88.45,1008.14,30.89,71.80,1008.07,0,0,MANUAL,1,1,1,
2026-09-26 22:44:55,brain,1436000,30.64,87.92,1008.11,30.90,71.93,1008.11,0,0,MANUAL,1,1,1,
2026-09-26 22:44:56,brain,1437000,30.64,88.45,1008.19,30.90,71.78,1008.08,0,0,MANUAL,1,1,1,
2026-09-26 22:44:57,brain,1438000,30.64,87.87,1008.14,30.90,71.97,1008.00,0,0,MANUAL,1,1,1,
2026-09-26 22:44:58,brain,1439000,30.64,88.43,1008.08,30.90,71.93,1008.05,0,0,MANUAL,1,1,1,
2026-09-26 22:44:59,brain,1440000,30.64,87.85,1008.08,30.90,71.93,1008.11,0,0,MANUAL,1,1,1,
2026-09-26 22:45:00,brain,1441000,30.65,88.28,1008.15,30.90,71.97,1008.08,0,0,MANUAL,1,1,1,
2026-09-26 22:45:01,brain,1442000,30.65,88.41,1008.15,30.89,71.94,1008.09,0,0,MANUAL,1,1,1,
2026-09-26 22:45:02,brain,1443000,30.64,88.16,1008.11,30.90,72.13,1008.06,0,0,MANUAL,1,1,1,
2026-09-26 22:45:03,brain,1444000,30.65,87.81,1008.21,30.90,72.07,1008.06,0,0,MANUAL,1,1,1,
2026-09-26 22:45:04,brain,1445000,30.63,87.70,1008.10,30.91,72.24,1008.18,0,0,MANUAL,1,1,1,
2026-09-26 22:45:05,brain,1446000,30.63,87.59,1008.10,30.90,72.10,1008.06,0,0,MANUAL,1,1,1,
2026-09-26 22:45:06,brain,1447000,30.65,87.80,1008.16,30.91,72.12,1008.09,0,0,MANUAL,1,1,1,
2026-09-26 22:45:07,brain,1448000,30.64,87.82,1008.16,30.90,72.09,1008.09,0,0,MANUAL,1,1,1,
2026-09-26 22:45:08,brain,1449000,30.64,87.67,1008.08,30.90,72.11,1008.05,0,0,MANUAL,1,1,1,
2026-09-26 22:45:09,brain,1450000,30.64,87.93,1008.19,30.91,71.98,1008.07,0,0,MANUAL,1,1,1,
2026-09-26 22:45:10,brain,1451000,30.64,88.57,1008.11,30.92,71.93,1008.06,0,0,MANUAL,1,1,1,
2026-09-26 22:45:11,brain,1452000,30.63,88.46,1008.12,30.91,71.98,1008.04,0,0,MANUAL,1,1,1,
2026-09-26 22:45:12,brain,1453000,30.64,88.45,1008.10,30.91,72.13,1008.07,0,0,MANUAL,1,1,1,
2026-09-26 22:45:13,brain,1454000,30.64,88.39,1008.16,30.91,71.72,1008.09,0,0,MANUAL,1,1,1,
2026-09-26 22:45:14,brain,1455000,30.64,88.30,1008.10,30.91,71.97,1008.01,0,0,MANUAL,1,1,1,
2026-09-26 22:45:15,brain,1456000,30.64,87.95,1008.10,30.91,71.99,1008.05,0,0,MANUAL,1,1,1,
2026-09-26 22:45:16,brain,1457000,30.63,87.64,1008.17,30.92,71.75,1008.06,0,0,MANUAL,1,1,1,
2026-09-26 22:45:17,brain,1458000,30.64,87.63,1008.10,30.92,71.97,1008.11,0,0,MANUAL,1,1,1,
2026-09-26 22:45:18,brain,1459000,30.64,88.16,1008.14,30.92,72.08,1008.03,0,0,MANUAL,1,1,1,
2026-09-26 22:45:19,brain,1460000,30.64,88.52,1008.13,30.91,71.96,1008.01,0,0,MANUAL,1,1,1,
2026-09-26 22:45:20,brain,1461000,30.63,88.39,1008.12,30.91,71.95,1008.07,0,0,MANUAL,1,1,1,
2026-09-26 22:45:21,brain,1462000,30.63,87.59,1008.18,30.92,72.06,1008.09,0,0,MANUAL,1,1,1,
2026-09-26 22:45:22,brain,1463000,30.64,88.41,1008.14,30.92,72.15,1008.06,0,0,MANUAL,1,1,1,
2026-09-26 22:45:23,brain,1464000,30.63,88.34,1008.12,30.91,71.89,1008.04,0,0,MANUAL,1,1,1,
2026-09-26 22:45:24,brain,1465000,30.64,87.83,1008.19,30.91,71.87,1008.02,0,0,MANUAL,1,1,1,
2026-09-26 22:45:25,brain,1466000,30.64,87.54,1008.14,30.91,72.26,1008.07,0,0,MANUAL,1,1,1,
2026-09-26 22:45:26,brain,1467000,30.63,87.97,1008.12,30.91,72.05,1008.10,0,0,MANUAL,1,1,1,
2026-09-26 22:45:27,brain,1468000,30.64,88.24,1008.19,30.92,71.76,1008.08,0,0,MANUAL,1,1,1,
2026-09-26 22:45:28,brain,1469000,30.63,88.22,1008.12,30.90,71.84,1008.06,0,0,MANUAL,1,1,1,
2026-09-26 22:45:29,brain,1470000,30.65,88.13,1008.15,30.91,71.89,1008.05,0,0,MANUAL,1,1,1,
2026-09-26 22:45:30,brain,1471000,30.64,87.58,1008.14,30.93,71.95,1008.07,0,0,MANUAL,1,1,1,
2026-09-26 22:45:31,brain,1472000,30.64,87.64,1008.14,30.92,72.07,1008.11,0,0,MANUAL,1,1,1,
2026-09-26 22:45:32,brain,1473000,30.64,87.81,1008.14,30.92,71.99,1008.12,0,0,MANUAL,1,1,1,
2026-09-26 22:45:33,brain,1474000,30.63,87.99,1008.12,30.92,71.77,1008.15,0,0,MANUAL,1,1,1,
2026-09-26 22:45:34,brain,1475000,30.64,88.47,1008.17,30.92,71.80,1008.09,0,0,MANUAL,1,1,1,
2026-09-26 22:45:35,brain,1476000,30.64,88.19,1008.13,30.92,71.88,1008.12,0,0,MANUAL,1,1,1,
2026-09-26 22:45:36,brain,1477000,30.64,87.69,1008.10,30.92,71.99,1008.09,0,0,MANUAL,1,1,1,
2026-09-26 22:45:37,brain,1478000,30.64,88.52,1008.23,30.92,71.83,1008.01,0,0,MANUAL,1,1,1,
2026-09-26 22:45:38,brain,1479000,30.63,87.70,1008.15,30.93,72.03,1008.04,0,0,MANUAL,1,1,1,
2026-09-26 22:45:39,brain,1480000,30.64,88.08,1008.14,30.92,72.01,1008.04,0,0,MANUAL,1,1,1,
2026-09-26 22:45:40,brain,1481000,30.64,88.04,1008.14,30.92,71.96,1008.09,0,0,MANUAL,1,1,1,
2026-09-26 22:45:41,brain,1482000,30.64,88.43,1008.19,30.93,72.05,1008.04,0,0,MANUAL,1,1,1,
2026-09-26 22:45:42,brain,1483000,30.64,87.56,1008.13,30.93,72.01,1008.04,0,0,MANUAL,1,1,1,
2026-09-26 22:45:43,brain,1484000,30.64,87.62,1008.11,30.93,71.96,1008.04,0,0,MANUAL,1,1,1,
2026-09-26 22:45:44,brain,1485000,30.64,87.95,1008.19,30.93,71.80,1008.02,0,0,MANUAL,1,1,1,
2026-09-26 22:45:45,brain,1486000,30.64,88.50,1008.19,30.93,72.12,1007.99,0,0,MANUAL,1,1,1,
2026-09-26 22:45:46,brain,1487000,30.64,88.16,1008.16,30.94,72.22,1008.06,0,0,MANUAL,1,1,1,
2026-09-26 22:45:47,brain,1488000,30.64,87.62,1008.14,30.94,72.27,1008.06,0,0,MANUAL,1,1,1,
2026-09-26 22:45:48,brain,1489000,30.64,88.02,1008.20,30.93,71.70,1008.08,0,0,MANUAL,1,1,1,
2026-09-26 22:45:49,brain,1490000,30.64,88.56,1008.16,30.93,72.04,1008.08,0,0,MANUAL,1,1,1,
2026-09-26 22:45:50,brain,1491000,30.64,87.63,1008.13,30.93,71.73,1008.00,0,0,MANUAL,1,1,1,
2026-09-26 22:45:51,brain,1492000,30.63,88.08,1008.21,30.95,71.98,1008.10,0,0,MANUAL,1,1,1,
2026-09-26 22:45:52,brain,1493000,30.64,88.31,1008.14,30.94,71.87,1008.03,0,0,MANUAL,1,1,1,
2026-09-26 22:45:53,brain,1494000,30.64,88.48,1008.19,30.94,72.19,1008.09,0,0,MANUAL,1,1,1,
2026-09-26 22:45:54,brain,1495000,30.64,88.19,1008.16,30.95,72.04,1008.13,0,0,MANUAL,1,1,1,
2026-09-26 22:45:55,brain,1496000,30.64,87.61,1008.19,30.95,72.16,1008.10,0,0,MANUAL,1,1,1,
2026-09-26 22:45:56,brain,1497000,30.64,88.53,1008.22,30.95,72.20,1008.08,0,0,MANUAL,1,1,1,
2026-09-26 22:45:57,brain,1498000,30.65,87.79,1008.13,30.95,71.95,1008.10,0,0,MANUAL,1,1,1,
2026-09-26 22:45:58,brain,1499000,30.65,87.66,1008.18,30.94,71.82,1008.10,0,0,MANUAL,1,1,1,
2026-09-26 22:45:59,brain,1500000,30.64,88.55,1008.20,30.94,72.08,1008.07,0,0,MANUAL,1,1,1,
2026-09-26 22:46:00,brain,1501000,30.64,88.57,1008.14,30.95,71.99,1008.05,0,0,MANUAL,1,1,1,
2026-09-26 22:46:01,brain,1502000,30.64,87.61,1008.10,30.94,71.92,1008.01,0,0,MANUAL,1,1,1,
2026-09-26 22:46:02,brain,1503000,30.64,88.34,1008.20,30.96,71.72,1008.04,0,0,MANUAL,1,1,1,
2026-09-26 22:46:03,brain,1504000,30.64,87.70,1008.14,30.96,72.15,1008.04,0,0,MANUAL,1,1,1,
2026-09-26 22:46:04,brain,1505000,30.64,88.42,1008.10,30.96,72.04,1008.12,0,0,MANUAL,1,1,1,
2026-09-26 22:46:05,brain,1506000,30.64,87.89,1008.20,30.95,71.93,1008.08,0,0,MANUAL,1,1,1,
2026-09-26 22:46:06,brain,1507000,30.64,88.20,1008.14,30.95,72.11,1008.08,0,0,MANUAL,1,1,1,
2026-09-26 22:46:07,brain,1508000,30.64,88.48,1008.14,30.95,72.13,1008.02,0,0,MANUAL,1,1,1,
2026-09-26 22:46:08,brain,1509000,30.64,88.51,1008.16,30.96,71.64,1008.04,0,0,MANUAL,1,1,1,
2026-09-26 22:46:09,brain,1510000,30.64,88.11,1008.17,30.96,71.86,1008.09,0,0,MANUAL,1,1,1,
2026-09-26 22:46:10,brain,1511000,30.64,88.48,1008.13,30.96,72.09,1008.10,0,0,MANUAL,1,1,1,
2026-09-26 22:46:11,brain,1512000,30.65,87.78,1008.15,30.96,72.15,1008.06,0,0,MANUAL,1,1,1,
2026-09-26 22:46:12,brain,1513000,30.65,88.42,1008.21,30.95,72.01,1008.03,0,0,MANUAL,1,1,1,
2026-09-26 22:46:13,brain,1514000,30.64,88.38,1008.13,30.96,72.01,1008.15,0,0,MANUAL,1,1,1,
2026-09-26 22:46:14,brain,1515000,30.64,88.46,1008.10,30.96,71.88,1008.04,0,0,MANUAL,1,1,1,
2026-09-26 22:46:15,brain,1516000,30.64,87.68,1008.13,30.96,72.08,1008.09,0,0,MANUAL,1,1,1,
2026-09-26 22:46:16,brain,1517000,30.64,88.50,1008.13,30.96,72.16,1008.10,0,0,MANUAL,1,1,1,
2026-09-26 22:46:17,brain,1518000,30.64,88.51,1008.14,30.97,72.06,1008.11,0,0,MANUAL,1,1,1,
2026-09-26 22:46:18,brain,1519000,30.64,88.31,1008.08,30.96,72.05,1008.10,0,0,MANUAL,1,1,1,
2026-09-26 22:46:19,brain,1520000,30.64,88.51,1008.08,30.97,72.12,1008.08,0,0,MANUAL,1,1,1,
2026-09-26 22:46:20,brain,1521000,30.64,88.53,1008.13,30.97,71.90,1008.09,0,0,MANUAL,1,1,1,
2026-09-26 22:46:21,brain,1522000,30.64,88.49,1008.10,30.97,71.91,1008.05,0,0,MANUAL,1,1,1,
2026-09-26 22:46:22,brain,1523000,30.64,87.94,1008.17,30.97,71.90,1008.14,0,0,MANUAL,1,1,1,
2026-09-26 22:46:23,brain,1524000,30.64,87.96,1008.17,30.97,71.88,1008.09,0,0,MANUAL,1,1,1,
2026-09-26 22:46:24,brain,1525000,30.64,88.55,1008.16,30.98,71.95,1008.07,0,0,MANUAL,1,1,1,
2026-09-26 22:46:25,brain,1526000,30.64,87.83,1008.13,30.97,71.70,1008.02,0,0,MANUAL,1,1,1,
2026-09-26 22:46:26,brain,1527000,30.64,87.70,1008.19,30.97,72.13,1008.06,0,0,MANUAL,1,1,1,
2026-09-26 22:46:27,brain,1528000,30.64,87.98,1008.10,30.98,71.83,1008.10,0,0,MANUAL,1,1,1,
2026-09-26 22:46:28,brain,1529000,30.64,87.67,1008.14,30.98,71.88,1008.07,0,0,MANUAL,1,1,1,
2026-09-26 22:46:29,brain,1530000,30.64,88.48,1008.16,30.98,72.06,1008.08,0,0,MANUAL,1,1,1,
2026-09-26 22:46:30,brain,1531000,30.64,87.68,1008.19,30.98,71.91,1008.10,0,0,MANUAL,1,1,1,
2026-09-26 22:46:31,brain,1532000,30.64,88.41,1008.16,30.98,72.00,1008.07,0,0,MANUAL,1,1,1,
2026-09-26 22:46:32,brain,1533000,30.64,87.77,1008.13,30.99,71.96,1008.11,0,0,MANUAL,1,1,1,
2026-09-26 22:46:33,brain,1534000,30.64,88.25,1008.16,30.98,71.88,1008.10,0,0,MANUAL,1,1,1,
2026-09-26 22:46:34,brain,1535000,30.64,88.34,1008.17,30.98,72.08,1008.12,0,0,MANUAL,1,1,1,
2026-09-26 22:46:35,brain,1536000,30.64,87.70,1008.16,30.98,71.77,1008.08,0,0,MANUAL,1,1,1,
2026-09-26 22:46:36,brain,1537000,30.64,87.96,1008.20,30.99,71.95,1008.08,0,0,MANUAL,1,1,1,
2026-09-26 22:46:37,brain,1538000,30.64,87.64,1008.13,30.99,71.89,1008.03,0,0,MANUAL,1,1,1,
2026-09-26 22:46:38,brain,1539000,30.64,88.51,1008.14,30.98,71.89,1007.97,0,0,MANUAL,1,1,1,
2026-09-26 22:46:39,brain,1540000,30.64,88.43,1008.13,30.98,72.06,1008.04,0,0,MANUAL,1,1,1,
2026-09-26 22:46:40,brain,1541000,30.64,88.52,1008.13,30.99,71.97,1008.08,0,0,MANUAL,1,1,1,
2026-09-26 22:46:41,brain,1542000,30.65,87.61,1008.09,30.99,71.97,1008.00,0,0,MANUAL,1,1,1,
2026-09-26 22:46:42,brain,1543000,30.64,87.70,1008.11,30.99,71.87,1008.11,0,0,MANUAL,1,1,1,
2026-09-26 22:46:43,brain,1544000,30.65,87.69,1008.15,30.98,71.89,1008.10,0,0,MANUAL,1,1,1,
2026-09-26 22:46:44,brain,1545000,30.64,88.48,1008.14,30.98,71.81,1008.08,0,0,MANUAL,1,1,1,
2026-09-26 22:46:45,brain,1546000,30.63,88.59,1008.18,30.99,71.86,1008.06,0,0,MANUAL,1,1,1,
2026-09-26 22:46:46,brain,1547000,30.64,87.62,1008.10,30.99,71.89,1008.06,0,0,MANUAL,1,1,1,
2026-09-26 22:46:47,brain,1548000,30.64,88.49,1008.08,30.98,71.97,1008.08,0,0,MANUAL,1,1,1,
2026-09-26 22:46:48,brain,1549000,30.64,87.88,1008.14,31.00,72.12,1008.10,0,0,MANUAL,1,1,1,
2026-09-26 22:46:49,brain,1550000,30.65,88.53,1008.15,31.00,71.85,1008.10,0,0,MANUAL,1,1,1,
2026-09-26 22:46:50,brain,1551000,30.64,88.56,1008.13,30.99,72.03,1008.06,0,0,MANUAL,1,1,1,
2026-09-26 22:46:51,brain,1552000,30.64,88.09,1008.13,30.99,71.79,1008.09,0,0,MANUAL,1,1,1,
2026-09-26 22:46:52,brain,1553000,30.65,87.94,1008.15,31.00,72.03,1008.04,0,0,MANUAL,1,1,1,
2026-09-26 22:46:53,brain,1554000,30.65,88.53,1008.18,31.00,72.03,1008.07,0,0,MANUAL,1,1,1,
2026-09-26 22:46:54,brain,1555000,30.64,88.05,1008.13,30.99,72.10,1008.04,0,0,MANUAL,1,1,1,
2026-09-26 22:46:55,brain,1556000,30.64,88.55,1008.20,31.00,71.93,1008.04,0,0,MANUAL,1,1,1,
2026-09-26 22:46:56,brain,1557000,30.64,88.64,1008.14,31.00,72.16,1008.07,0,0,MANUAL,1,1,1,
2026-09-26 22:46:57,brain,1558000,30.64,87.63,1008.13,31.00,72.00,1008.04,0,0,MANUAL,1,1,1,
2026-09-26 22:46:58,brain,1559000,30.64,88.29,1008.19,31.00,72.05,1008.02,0,0,MANUAL,1,1,1,
2026-09-26 22:46:59,brain,1560000,30.63,87.65,1008.09,30.99,71.97,1008.06,0,0,MANUAL,1,1,1,
2026-09-26 22:47:00,brain,1561000,30.64,87.73,1008.10,31.00,71.95,1008.07,0,0,MANUAL,1,1,1,
2026-09-26 22:47:01,brain,1562000,30.64,88.54,1008.14,31.00,71.96,1008.10,0,0,MANUAL,1,1,1,
2026-09-26 22:47:02,brain,1563000,30.63,88.50,1008.18,30.99,71.81,1008.09,0,0,MANUAL,1,1,1,
2026-09-26 22:47:03,brain,1564000,30.64,87.99,1008.20,31.01,71.92,1008.08,0,0,MANUAL,1,1,1,
2026-09-26 22:47:04,brain,1565000,30.64,87.95,1008.16,31.01,72.18,1008.08,0,0,MANUAL,1,1,1,
2026-09-26 22:47:05,brain,1566000,30.64,88.62,1008.10,31.00,72.15,1008.10,0,0,MANUAL,1,1,1,
2026-09-26 22:47:06,brain,1567000,30.64,87.72,1008.14,31.01,71.84,1008.11,0,0,MANUAL,1,1,1,
2026-09-26 22:47:07,brain,1568000,30.63,88.23,1008.12,31.00,72.05,1008.16,0,0,MANUAL,1,1,1,
2026-09-26 22:47:08,brain,1569000,30.64,87.93,1008.11,31.00,71.60,1008.10,0,0,MANUAL,1,1,1,
2026-09-26 22:47:09,brain,1570000,30.64,88.43,1008.11,31.00,71.83,1008.10,0,0,MANUAL,1,1,1,
2026-09-26 22:47:10,brain,1571000,30.64,87.66,1008.13,31.01,72.12,1008.05,0,0,MANUAL,1,1,1,
2026-09-26 22:47:11,brain,1572000,30.65,88.00,1008.21,31.01,71.91,1008.11,0,0,MANUAL,1,1,1,
2026-09-26 22:47:12,brain,1573000,30.64,88.28,1008.10,31.00,72.16,1008.10,0,0,MANUAL,1,1,1,
2026-09-26 22:47:13,brain,1574000,30.62,88.49,1008.05,31.00,71.89,1008.10,0,0,MANUAL,1,1,1,
2026-09-26 22:47:14,brain,1575000,30.63,87.72,1008.12,31.01,71.95,1008.11,0,0,MANUAL,1,1,1,
2026-09-26 22:47:15,brain,1576000,30.64,88.07,1008.19,30.99,71.71,1008.06,0,0,MANUAL,1,1,1,
2026-09-26 22:47:16,brain,1577000,30.64,88.72,1008.19,31.01,72.05,1008.06,0,0,MANUAL,1,1,1,
2026-09-26 22:47:17,brain,1578000,30.64,88.51,1008.17,31.00,72.05,1008.13,0,0,MANUAL,1,1,1,
2026-09-26 22:47:18,brain,1579000,30.65,88.37,1008.21,30.99,72.05,1008.04,0,0,MANUAL,1,1,1,
2026-09-26 22:47:19,brain,1580000,30.64,87.77,1008.16,31.00,72.07,1008.07,0,0,MANUAL,1,1,1,
2026-09-26 22:47:20,brain,1581000,30.64,88.26,1008.14,30.99,72.02,1008.14,0,0,MANUAL,1,1,1,
2026-09-26 22:47:21,brain,1582000,30.63,87.75,1008.21,30.99,72.00,1008.06,0,0,MANUAL,1,1,1,
2026-09-26 22:47:22,brain,1583000,30.63,87.99,1008.18,31.00,71.77,1008.07,0,0,MANUAL,1,1,1,
2026-09-26 22:47:23,brain,1584000,30.64,88.54,1008.13,30.98,71.79,1008.08,0,0,MANUAL,1,1,1,
2026-09-26 22:47:24,brain,1585000,30.64,87.77,1008.16,30.99,71.97,1008.06,0,0,MANUAL,1,1,1,
2026-09-26 22:47:25,brain,1586000,30.64,88.00,1008.17,30.99,72.05,1008.11,0,0,MANUAL,1,1,1,
2026-09-26 22:47:26,brain,1587000,30.64,87.80,1008.13,30.99,72.20,1008.09,0,0,MANUAL,1,1,1,
2026-09-26 22:47:27,brain,1588000,30.63,88.45,1008.18,30.99,72.12,1008.04,0,0,MANUAL,1,1,1,
2026-09-26 22:47:28,brain,1589000,30.63,88.52,1008.10,30.99,71.92,1008.06,0,0,MANUAL,1,1,1,
2026-09-26 22:47:29,brain,1590000,30.65,87.70,1008.15,31.00,72.12,1008.04,0,0,MANUAL,1,1,1,
2026-09-26 22:47:30,brain,1591000,30.64,88.57,1008.20,30.99,71.85,1008.08,0,0,MANUAL,1,1,1,
2026-09-26 22:47:31,brain,1592000,30.64,88.50,1008.10,30.98,71.89,1008.05,0,0,MANUAL,1,1,1,
2026-09-26 22:47:32,brain,1593000,30.64,87.77,1008.16,30.99,71.94,1008.14,0,0,MANUAL,1,1,1,
2026-09-26 22:47:33,brain,1594000,30.64,88.52,1008.16,31.00,71.94,1008.07,0,0,MANUAL,1,1,1,
2026-09-26 22:47:34,brain,1595000,30.63,88.54,1008.12,30.99,72.15,1008.15,0,0,MANUAL,1,1,1,
2026-09-26 22:47:35,brain,1596000,30.63,87.68,1008.17,31.00,72.03,1008.07,0,0,MANUAL,1,1,1,
2026-09-26 22:47:36,brain,1597000,30.64,88.31,1008.13,30.99,71.92,1008.03,0,0,MANUAL,1,1,1,
2026-09-26 22:47:37,brain,1598000,30.64,88.53,1008.16,30.99,71.94,1008.06,0,0,MANUAL,1,1,1,
2026-09-26 22:47:38,brain,1599000,30.63,88.55,1008.12,30.99,71.85,1008.09,0,0,MANUAL,1,1,1,
2026-09-26 22:47:39,brain,1600000,30.64,87.91,1008.13,31.00,71.95,1008.04,0,0,MANUAL,1,1,1,
2026-09-26 22:47:40,brain,1601000,30.64,88.63,1008.20,30.99,71.83,1008.12,0,0,MANUAL,1,1,1,
2026-09-26 22:47:41,brain,1602000,30.63,87.72,1008.17,31.00,71.89,1008.10,0,0,MANUAL,1,1,1,
2026-09-26 22:47:42,brain,1603000,30.64,87.75,1008.19,30.99,71.93,1008.06,0,0,MANUAL,1,1,1,
2026-09-26 22:47:43,brain,1604000,30.65,88.24,1008.21,30.99,71.98,1008.09,0,0,MANUAL,1,1,1,
2026-09-26 22:47:44,brain,1605000,30.64,88.63,1008.16,30.99,71.64,1008.03,0,0,MANUAL,1,1,1,
2026-09-26 22:47:45,brain,1606000,30.64,87.71,1008.14,30.99,71.98,1008.06,0,0,MANUAL,1,1,1,
2026-09-26 22:47:46,brain,1607000,30.64,88.32,1008.11,31.00,71.95,1008.07,0,0,MANUAL,1,1,1,
2026-09-26 22:47:47,brain,1608000,30.64,88.28,1008.13,31.00,71.98,1008.07,0,0,MANUAL,1,1,1,
2026-09-26 22:47:48,brain,1609000,30.63,87.84,1008.12,30.99,72.00,1008.04,0,0,MANUAL,1,1,1,
2026-09-26 22:47:49,brain,1610000,30.64,87.64,1008.20,30.99,71.64,1008.08,0,0,MANUAL,1,1,1,
2026-09-26 22:47:50,brain,1611000,30.63,87.71,1008.17,30.99,71.81,1008.06,0,0,MANUAL,1,1,1,
2026-09-26 22:47:51,brain,1612000,30.64,87.68,1008.08,31.01,72.05,1008.08,0,0,MANUAL,1,1,1,
2026-09-26 22:47:52,brain,1613000,30.64,87.73,1008.19,31.00,71.75,1008.07,0,0,MANUAL,1,1,1,
2026-09-26 22:47:53,brain,1614000,30.63,87.98,1008.10,30.99,71.86,1008.00,0,0,MANUAL,1,1,1,
2026-09-26 22:47:54,brain,1615000,30.64,87.90,1008.10,31.00,71.79,1008.04,0,0,MANUAL,1,1,1,
2026-09-26 22:47:55,brain,1616000,30.64,88.04,1008.16,30.99,71.96,1008.01,0,0,MANUAL,1,1,1,
2026-09-26 22:47:56,brain,1617000,30.64,88.57,1008.19,31.00,71.75,1008.04,0,0,MANUAL,1,1,1,
2026-09-26 22:47:57,brain,1618000,30.65,87.67,1008.21,30.99,71.79,1008.01,0,0,MANUAL,1,1,1,
2026-09-26 22:47:58,brain,1619000,30.64,88.17,1008.13,31.00,71.85,1008.07,0,0,MANUAL,1,1,1,
2026-09-26 22:47:59,brain,1620000,30.64,87.75,1008.20,30.98,71.82,1008.10,0,0,MANUAL,1,1,1,
2026-09-26 22:48:00,brain,1621000,30.64,87.91,1008.13,30.99,71.99,1008.06,0,0,MANUAL,1,1,1,
2026-09-26 22:48:01,brain,1622000,30.64,87.79,1008.22,30.98,72.07,1008.08,0,0,MANUAL,1,1,1,
2026-09-26 22:48:02,brain,1623000,30.64,87.70,1008.10,30.99,71.80,1008.03,0,0,MANUAL,1,1,1,
2026-09-26 22:48:03,brain,1624000,30.65,88.46,1008.15,30.99,71.84,1008.11,0,0,MANUAL,1,1,1,
2026-09-26 22:48:04,brain,1625000,30.64,88.00,1008.17,31.00,72.03,1008.04,0,0,MANUAL,1,1,1,
2026-09-26 22:48:05,brain,1626000,30.65,88.62,1008.09,31.01,71.86,1008.08,0,0,MANUAL,1,1,1,
2026-09-26 22:48:06,brain,1627000,30.64,88.60,1008.17,31.00,71.94,1008.07,0,0,MANUAL,1,1,1,
2026-09-26 22:48:07,brain,1628000,30.64,87.88,1008.17,30.99,71.50,1008.03,0,0,MANUAL,1,1,1,
2026-09-26 22:48:08,brain,1629000,30.63,88.00,1008.07,31.01,71.76,1008.08,0,0,MANUAL,1,1,1,
2026-09-26 22:48:09,brain,1630000,30.64,88.43,1008.17,31.00,72.03,1008.02,0,0,MANUAL,1,1,1,
2026-09-26 22:48:10,brain,1631000,30.64,88.17,1008.10,31.01,72.02,1008.08,0,0,MANUAL,1,1,1,
2026-09-26 22:48:11,brain,1632000,30.64,88.20,1008.10,31.00,71.94,1008.07,0,0,MANUAL,1,1,1,
2026-09-26 22:48:12,brain,1633000,30.64,88.57,1008.10,31.00,71.89,1008.10,0,0,MANUAL,1,1,1,
2026-09-26 22:48:13,brain,1634000,30.64,88.25,1008.14,31.00,71.89,1008.07,0,0,MANUAL,1,1,1,
2026-09-26 22:48:14,brain,1635000,30.64,88.05,1008.13,31.01,71.95,1008.03,0,0,MANUAL,1,1,1,
2026-09-26 22:48:15,brain,1636000,30.65,88.65,1008.13,31.01,72.08,1008.06,0,0,MANUAL,1,1,1,
2026-09-26 22:48:16,brain,1637000,30.64,88.55,1008.13,31.01,71.76,1008.05,0,0,MANUAL,1,1,1,
2026-09-26 22:48:17,brain,1638000,30.64,88.30,1008.11,31.02,71.74,1008.07,0,0,MANUAL,1,1,1,
2026-09-26 22:48:18,brain,1639000,30.64,88.12,1008.20,31.01,71.88,1008.06,0,0,MANUAL,1,1,1,
2026-09-26 22:48:19,brain,1640000,30.65,88.34,1008.15,31.01,71.75,1008.09,0,0,MANUAL,1,1,1,
2026-09-26 22:48:20,brain,1641000,30.64,88.59,1008.11,31.02,72.00,1008.08,0,0,MANUAL,1,1,1,
2026-09-26 22:48:21,brain,1642000,30.65,88.54,1008.18,31.01,72.03,1008.06,0,0,MANUAL,1,1,1,
2026-09-26 22:48:22,brain,1643000,30.64,88.37,1008.19,31.01,71.94,1008.06,0,0,MANUAL,1,1,1,
2026-09-26 22:48:23,brain,1644000,30.64,87.91,1008.16,31.02,71.76,1008.08,0,0,MANUAL,1,1,1,
2026-09-26 22:48:24,brain,1645000,30.63,88.51,1008.12,31.02,71.83,1008.08,0,0,MANUAL,1,1,1,
2026-09-26 22:48:25,brain,1646000,30.65,88.55,1008.15,31.01,71.49,1008.01,0,0,MANUAL,1,1,1,
2026-09-26 22:48:26,brain,1647000,30.65,88.51,1008.18,31.02,71.71,1008.15,0,0,MANUAL,1,1,1,
2026-09-26 22:48:27,brain,1648000,30.64,87.90,1008.14,31.02,71.74,1008.12,0,0,MANUAL,1,1,1,
2026-09-26 22:48:28,brain,1649000,30.64,88.30,1008.08,31.02,72.01,1008.04,0,0,MANUAL,1,1,1,
2026-09-26 22:48:29,brain,1650000,30.64,87.72,1008.20,31.02,71.90,1008.13,0,0,MANUAL,1,1,1,
2026-09-26 22:48:30,brain,1651000,30.64,87.73,1008.14,31.02,72.04,1008.08,0,0,MANUAL,1,1,1,
2026-09-26 22:48:31,brain,1652000,30.65,87.78,1008.12,31.03,71.84,1008.08,0,0,MANUAL,1,1,1,
2026-09-26 22:48:32,brain,1653000,30.64,88.62,1008.14,31.02,71.92,1008.13,0,0,MANUAL,1,1,1,
2026-09-26 22:48:33,brain,1654000,30.65,87.71,1008.18,31.03,71.90,1008.11,0,0,MANUAL,1,1,1,
2026-09-26 22:48:34,brain,1655000,30.64,87.78,1008.17,31.03,72.03,1008.03,0,0,MANUAL,1,1,1,
2026-09-26 22:48:35,brain,1656000,30.64,87.89,1008.22,31.03,71.70,1008.07,0,0,MANUAL,1,1,1,
2026-09-26 22:48:36,brain,1657000,30.64,88.38,1008.20,31.03,71.87,1008.03,0,0,MANUAL,1,1,1,
2026-09-26 22:48:37,brain,1658000,30.64,87.77,1008.13,31.03,71.82,1008.08,0,0,MANUAL,1,1,1,
2026-09-26 22:48:38,brain,1659000,30.64,88.59,1008.17,31.04,71.75,1008.08,0,0,MANUAL,1,1,1,
2026-09-26 22:48:39,brain,1660000,30.64,87.82,1008.06,31.04,71.74,1008.07,0,0,MANUAL,1,1,1,
2026-09-26 22:48:40,brain,1661000,30.65,88.11,1008.12,31.03,71.70,1008.09,0,0,MANUAL,1,1,1,
2026-09-26 22:48:41,brain,1662000,30.64,88.00,1008.14,31.03,71.79,1008.01,0,0,MANUAL,1,1,1,
2026-09-26 22:48:42,brain,1663000,30.64,88.51,1008.14,31.04,71.91,1008.07,0,0,MANUAL,1,1,1,
2026-09-26 22:48:43,brain,1664000,30.64,88.61,1008.14,31.04,71.90,1008.13,0,0,MANUAL,1,1,1,
2026-09-26 22:48:44,brain,1665000,30.65,87.97,1008.18,31.04,72.01,1008.05,0,0,MANUAL,1,1,1,
2026-09-26 22:48:45,brain,1666000,30.65,88.47,1008.13,31.04,71.89,1008.11,0,0,MANUAL,1,1,1,
2026-09-26 22:48:46,brain,1667000,30.64,87.77,1008.14,31.03,71.39,1008.07,0,0,MANUAL,1,1,1,
2026-09-26 22:48:47,brain,1668000,30.65,88.65,1008.16,31.04,71.42,1008.05,0,0,MANUAL,1,1,1,
2026-09-26 22:48:48,brain,1669000,30.65,87.85,1008.18,31.04,71.58,1008.02,0,0,MANUAL,1,1,1,
2026-09-26 22:48:49,brain,1670000,30.64,88.36,1008.14,31.04,71.79,1008.10,0,0,MANUAL,1,1,1,
2026-09-26 22:48:50,brain,1671000,30.64,88.73,1008.13,31.04,71.76,1008.07,0,0,MANUAL,1,1,1,
2026-09-26 22:48:51,brain,1672000,30.64,88.64,1008.11,31.04,71.74,1008.07,0,0,MANUAL,1,1,1,
2026-09-26 22:48:52,brain,1673000,30.65,87.84,1008.12,31.04,71.56,1008.05,0,0,MANUAL,1,1,1,
2026-09-26 22:48:53,brain,1674000,30.65,88.13,1008.13,31.05,71.97,1008.12,0,0,MANUAL,1,1,1,
2026-09-26 22:48:54,brain,1675000,30.64,88.41,1008.14,31.04,71.73,1008.08,0,0,MANUAL,1,1,1,
2026-09-26 22:48:55,brain,1676000,30.65,88.38,1008.09,31.04,71.75,1008.07,0,0,MANUAL,1,1,1,
2026-09-26 22:48:56,brain,1677000,30.65,87.71,1008.15,31.04,71.83,1008.11,0,0,MANUAL,1,1,1,
2026-09-26 22:48:57,brain,1678000,30.65,87.96,1008.15,31.05,71.72,1008.03,0,0,MANUAL,1,1,1,
2026-09-26 22:48:58,brain,1679000,30.65,88.38,1008.09,31.05,71.80,1008.09,0,0,MANUAL,1,1,1,
2026-09-26 22:48:59,brain,1680000,30.65,88.41,1008.19,31.05,71.63,1008.09,0,0,MANUAL,1,1,1,
2026-09-26 22:49:00,brain,1681000,30.64,88.58,1008.13,31.05,71.78,1008.04,0,0,MANUAL,1,1,1,
2026-09-26 22:49:01,brain,1682000,30.64,88.01,1008.11,31.05,71.99,1008.04,0,0,MANUAL,1,1,1,
2026-09-26 22:49:02,brain,1683000,30.64,88.00,1008.13,31.05,71.98,1008.09,0,0,MANUAL,1,1,1,
2026-09-26 22:49:03,brain,1684000,30.64,88.55,1008.08,31.05,71.91,1008.06,0,0,MANUAL,1,1,1,
2026-09-26 22:49:04,brain,1685000,30.64,88.67,1008.19,31.05,71.78,1008.07,0,0,MANUAL,1,1,1,
2026-09-26 22:49:05,brain,1686000,30.64,87.72,1008.00,31.05,71.78,1008.01,0,0,MANUAL,1,1,1,
2026-09-26 22:49:06,brain,1687000,30.65,87.71,1008.21,31.05,71.79,1008.10,0,0,MANUAL,1,1,1,
2026-09-26 22:49:07,brain,1688000,30.64,88.48,1008.08,31.05,71.65,1008.10,0,0,MANUAL,1,1,1,
2026-09-26 22:49:08,brain,1689000,30.65,88.48,1008.19,31.06,71.85,1008.08,0,0,MANUAL,1,1,1,
2026-09-26 22:49:09,brain,1690000,30.65,88.12,1008.09,31.05,71.88,1008.07,0,0,MANUAL,1,1,1,
2026-09-26 22:49:10,brain,1691000,30.65,88.66,1008.19,31.06,71.73,1008.08,0,0,MANUAL,1,1,1,
2026-09-26 22:49:11,brain,1692000,30.64,88.67,1008.08,31.05,71.71,1008.04,0,0,MANUAL,1,1,1,
2026-09-26 22:49:12,brain,1693000,30.66,88.53,1008.17,31.05,71.95,1008.04,0,0,MANUAL,1,1,1,
2026-09-26 22:49:13,brain,1694000,30.65,88.12,1008.13,31.05,71.70,1008.04,0,0,MANUAL,1,1,1,
2026-09-26 22:49:14,brain,1695000,30.66,88.18,1008.17,31.06,71.83,1008.08,0,0,MANUAL,1,1,1,
2026-09-26 22:49:15,brain,1696000,30.65,87.96,1008.21,31.05,71.71,1008.07,0,0,MANUAL,1,1,1,
2026-09-26 22:49:16,brain,1697000,30.65,88.25,1008.15,31.06,71.96,1008.05,0,0,MANUAL,1,1,1,
2026-09-26 22:49:17,brain,1698000,30.64,87.82,1008.14,31.06,71.73,1008.02,0,0,MANUAL,1,1,1,
2026-09-26 22:49:18,brain,1699000,30.65,88.58,1008.16,31.06,71.74,1008.08,0,0,MANUAL,1,1,1,
2026-09-26 22:49:19,brain,1700000,30.65,88.40,1008.16,31.06,71.85,1008.08,0,0,MANUAL,1,1,1,
2026-09-26 22:49:20,brain,1701000,30.65,88.70,1008.10,31.05,71.78,1008.01,0,0,MANUAL,1,1,1,
2026-09-26 22:49:21,brain,1702000,30.65,88.35,1008.18,31.06,71.88,1008.09,0,0,MANUAL,1,1,1,
2026-09-26 22:49:22,brain,1703000,30.66,88.69,1008.22,31.07,71.94,1008.07,0,0,MANUAL,1,1,1,
2026-09-26 22:49:23,brain,1704000,30.66,88.69,1008.17,31.07,71.71,1008.04,0,0,MANUAL,1,1,1,
2026-09-26 22:49:24,brain,1705000,30.65,87.87,1008.19,31.06,71.77,1008.03,0,0,MANUAL,1,1,1,
2026-09-26 22:49:25,brain,1706000,30.66,87.82,1008.17,31.06,71.97,1008.06,0,0,MANUAL,1,1,1,
2026-09-26 22:49:26,brain,1707000,30.65,88.62,1008.21,31.07,71.76,1008.07,0,0,MANUAL,1,1,1,
2026-09-26 22:49:27,brain,1708000,30.65,87.71,1008.19,31.06,71.87,1008.06,0,0,MANUAL,1,1,1,
2026-09-26 22:49:28,brain,1709000,30.65,88.65,1008.16,31.06,71.46,1008.09,0,0,MANUAL,1,1,1,
2026-09-26 22:49:29,brain,1710000,30.65,87.75,1008.16,31.06,71.76,1008.09,0,0,MANUAL,1,1,1,
2026-09-26 22:49:30,brain,1711000,30.65,87.84,1008.15,31.07,71.86,1008.04,0,0,MANUAL,1,1,1,
2026-09-26 22:49:31,brain,1712000,30.64,87.93,1008.11,31.06,71.83,1008.06,0,0,MANUAL,1,1,1,
2026-09-26 22:49:32,brain,1713000,30.64,88.12,1008.14,31.06,71.83,1008.09,0,0,MANUAL,1,1,1,
2026-09-26 22:49:33,brain,1714000,30.66,88.42,1008.09,31.07,71.85,1008.04,0,0,MANUAL,1,1,1,
2026-09-26 22:49:34,brain,1715000,30.65,88.06,1008.18,31.07,71.76,1008.05,0,0,MANUAL,1,1,1,
2026-09-26 22:49:35,brain,1716000,30.65,88.62,1008.19,31.07,71.84,1008.04,0,0,MANUAL,1,1,1,
2026-09-26 22:49:36,brain,1717000,30.66,87.86,1008.11,31.07,71.93,1008.05,0,0,MANUAL,1,1,1,
2026-09-26 22:49:37,brain,1718000,30.65,88.57,1008.16,31.08,71.92,1008.08,0,0,MANUAL,1,1,1,
2026-09-26 22:49:38,brain,1719000,30.66,88.13,1008.14,31.08,71.85,1008.08,0,0,MANUAL,1,1,1,
2026-09-26 22:49:39,brain,1720000,30.66,88.62,1008.11,31.08,71.63,1008.08,0,0,MANUAL,1,1,1,
2026-09-26 22:49:40,brain,1721000,30.66,88.20,1008.11,31.08,71.77,1008.05,0,0,MANUAL,1,1,1,
2026-09-26 22:49:41,brain,1722000,30.65,88.47,1008.19,31.06,71.79,1008.03,0,0,MANUAL,1,1,1,
2026-09-26 22:49:42,brain,1723000,30.65,87.75,1008.16,31.06,71.83,1008.03,0,0,MANUAL,1,1,1,
2026-09-26 22:49:43,brain,1724000,30.65,87.77,1008.21,31.08,71.84,1008.11,0,0,MANUAL,1,1,1,
2026-09-26 22:49:44,brain,1725000,30.65,88.62,1008.19,31.07,71.83,1008.07,0,0,MANUAL,1,1,1,
2026-09-26 22:49:45,brain,1726000,30.64,87.79,1008.14,31.07,71.69,1008.10,0,0,MANUAL,1,1,1,
2026-09-26 22:49:46,brain,1727000,30.66,88.39,1008.14,31.08,72.05,1008.11,0,0,MANUAL,1,1,1,
2026-09-26 22:49:47,brain,1728000,30.65,88.55,1008.12,31.07,71.75,1008.01,0,0,MANUAL,1,1,1,
2026-09-26 22:49:48,brain,1729000,30.66,87.85,1008.17,31.07,71.83,1008.10,0,0,MANUAL,1,1,1,
2026-09-26 22:49:49,brain,1730000,30.66,87.79,1008.19,31.07,71.93,1008.05,0,0,MANUAL,1,1,1,
2026-09-26 22:49:50,brain,1731000,30.65,88.65,1008.10,31.07,71.71,1008.05,0,0,MANUAL,1,1,1,
2026-09-26 22:49:51,brain,1732000,30.65,87.75,1008.16,31.07,71.83,1008.09,0,0,MANUAL,1,1,1,
2026-09-26 22:49:52,brain,1733000,30.65,87.88,1008.07,31.07,71.75,1008.07,0,0,MANUAL,1,1,1,
2026-09-26 22:49:53,brain,1734000,30.66,87.91,1008.17,31.06,71.75,1008.14,0,0,MANUAL,1,1,1,
2026-09-26 22:49:54,brain,1735000,30.66,87.97,1008.14,31.07,71.98,1008.09,0,0,MANUAL,1,1,1,
2026-09-26 22:49:55,brain,1736000,30.66,87.85,1008.19,31.06,71.99,1008.06,0,0,MANUAL,1,1,1,
2026-09-26 22:49:56,brain,1737000,30.66,87.85,1008.11,31.06,72.05,1008.05,0,0,MANUAL,1,1,1,
2026-09-26 22:49:57,brain,1738000,30.65,88.17,1008.16,31.07,71.76,1008.07,0,0,MANUAL,1,1,1,
2026-09-26 22:49:58,brain,1739000,30.65,88.77,1008.09,31.06,71.75,1008.14,0,0,MANUAL,1,1,1,
2026-09-26 22:49:59,brain,1740000,30.65,88.32,1008.19,31.06,71.79,1008.03,0,0,MANUAL,1,1,1,
2026-09-26 22:50:00,brain,1741000,30.65,87.85,1008.15,31.06,71.71,1008.05,0,0,MANUAL,1,1,1,
2026-09-26 22:50:01,brain,1742000,30.66,88.26,1008.11,31.06,71.78,1008.10,0,0,MANUAL,1,1,1,
2026-09-26 22:50:02,brain,1743000,30.65,88.53,1008.16,31.06,71.70,1008.08,0,0,MANUAL,1,1,1,
2026-09-26 22:50:03,brain,1744000,30.66,88.44,1008.14,31.05,71.84,1008.10,0,0,MANUAL,1,1,1,
2026-09-26 22:50:04,brain,1745000,30.65,87.92,1008.21,31.06,71.78,1008.06,0,0,MANUAL,1,1,1,
2026-09-26 22:50:05,brain,1746000,30.65,87.77,1008.13,31.06,71.77,1008.02,0,0,MANUAL,1,1,1,
2026-09-26 22:50:06,brain,1747000,30.65,87.84,1008.19,31.05,71.71,1008.12,0,0,MANUAL,1,1,1,
2026-09-26 22:50:07,brain,1748000,30.66,88.09,1008.22,31.05,71.96,1008.12,0,0,MANUAL,1,1,1,
2026-09-26 22:50:08,brain,1749000,30.65,88.64,1008.07,31.05,71.91,1008.04,0,0,MANUAL,1,1,1,
2026-09-26 22:50:09,brain,1750000,30.65,87.85,1008.12,31.06,71.96,1008.08,0,0,MANUAL,1,1,1,
2026-09-26 22:50:10,brain,1751000,30.65,88.63,1008.15,31.06,71.80,1008.10,0,0,MANUAL,1,1,1,
2026-09-26 22:50:11,brain,1752000,30.66,87.81,1008.15,31.06,71.85,1008.10,0,0,MANUAL,1,1,1,
2026-09-26 22:50:12,brain,1753000,30.65,88.41,1008.16,31.05,72.03,1008.12,0,0,MANUAL,1,1,1,
2026-09-26 22:50:13,brain,1754000,30.65,87.78,1008.13,31.04,71.74,1008.03,0,0,MANUAL,1,1,1,
2026-09-26 22:50:14,brain,1755000,30.65,88.15,1008.10,31.04,71.71,1008.05,0,0,MANUAL,1,1,1,
2026-09-26 22:50:15,brain,1756000,30.65,88.66,1008.19,31.05,71.82,1008.06,0,0,MANUAL,1,1,1,
2026-09-26 22:50:16,brain,1757000,30.65,88.54,1008.16,31.04,71.98,1008.03,0,0,MANUAL,1,1,1,
2026-09-26 22:50:17,brain,1758000,30.66,88.70,1008.12,31.04,71.77,1008.05,0,0,MANUAL,1,1,1,
2026-09-26 22:50:18,brain,1759000,30.65,88.00,1008.16,31.04,72.06,1008.03,0,0,MANUAL,1,1,1,
2026-09-26 22:50:19,brain,1760000,30.65,88.28,1008.16,31.05,71.96,1008.06,0,0,MANUAL,1,1,1,
2026-09-26 22:50:20,brain,1761000,30.65,88.25,1008.07,31.05,71.93,1008.12,0,0,MANUAL,1,1,1,
2026-09-26 22:50:21,brain,1762000,30.66,88.47,1008.12,31.04,71.82,1008.05,0,0,MANUAL,1,1,1,
2026-09-26 22:50:22,brain,1763000,30.65,88.31,1008.09,31.05,71.89,1008.07,0,0,MANUAL,1,1,1,
2026-09-26 22:50:23,brain,1764000,30.66,88.75,1008.11,31.03,71.87,1008.03,0,0,MANUAL,1,1,1,
2026-09-26 22:50:24,brain,1765000,30.65,88.34,1008.13,31.04,71.93,1008.05,0,0,MANUAL,1,1,1,
2026-09-26 22:50:25,brain,1766000,30.65,87.83,1008.15,31.05,71.82,1008.06,0,0,MANUAL,1,1,1,
2026-09-26 22:50:26,brain,1767000,30.66,88.67,1008.12,31.04,71.98,1008.05,0,0,MANUAL,1,1,1,
2026-09-26 22:50:27,brain,1768000,30.66,88.69,1008.14,31.05,71.48,1008.06,0,0,MANUAL,1,1,1,
2026-09-26 22:50:28,brain,1769000,30.65,88.69,1008.13,31.04,71.53,1008.05,0,0,MANUAL,1,1,1,
2026-09-26 22:50:29,brain,1770000,30.65,87.84,1008.13,31.04,71.64,1008.11,0,0,MANUAL,1,1,1,
2026-09-26 22:50:30,brain,1771000,30.65,88.64,1008.12,31.05,71.52,1008.09,0,0,MANUAL,1,1,1,
2026-09-26 22:50:31,brain,1772000,30.66,88.46,1008.11,31.05,71.52,1008.06,0,0,MANUAL,1,1,1,
2026-09-26 22:50:32,brain,1773000,30.65,87.83,1008.12,31.05,71.50,1008.01,0,0,MANUAL,1,1,1,
2026-09-26 22:50:33,brain,1774000,30.65,88.60,1008.13,31.05,71.55,1008.06,0,0,MANUAL,1,1,1,
2026-09-26 22:50:34,brain,1775000,30.65,88.16,1008.13,31.04,71.58,1008.03,0,0,MANUAL,1,1,1,
2026-09-26 22:50:35,brain,1776000,30.65,88.26,1008.15,31.04,71.68,1008.05,0,0,MANUAL,1,1,1,
2026-09-26 22:50:36,brain,1777000,30.65,88.61,1008.10,31.04,71.47,1008.03,0,0,MANUAL,1,1,1,
2026-09-26 22:50:37,brain,1778000,30.64,88.69,1008.14,31.04,71.53,1008.05,0,0,MANUAL,1,1,1,
2026-09-26 22:50:38,brain,1779000,30.66,88.67,1008.17,31.05,71.63,1008.09,0,0,MANUAL,1,1,1,
2026-09-26 22:50:39,brain,1780000,30.65,88.08,1008.16,31.04,71.80,1008.05,0,0,MANUAL,1,1,1,
2026-09-26 22:50:40,brain,1781000,30.65,88.53,1008.15,31.04,71.70,1008.05,0,0,MANUAL,1,1,1,
2026-09-26 22:50:41,brain,1782000,30.66,87.92,1008.14,31.03,71.49,1008.06,0,0,MANUAL,1,1,1,
2026-09-26 22:50:42,brain,1783000,30.66,88.16,1008.22,31.03,71.59,1008.07,0,0,MANUAL,1,1,1,
2026-09-26 22:50:43,brain,1784000,30.66,88.63,1008.19,31.03,71.80,1008.09,0,0,MANUAL,1,1,1,
2026-09-26 22:50:44,brain,1785000,30.65,88.29,1008.10,31.03,71.63,1008.01,0,0,MANUAL,1,1,1,
2026-09-26 22:50:45,brain,1786000,30.65,88.59,1008.10,31.03,71.83,1008.01,0,0,MANUAL,1,1,1,
2026-09-26 22:50:46,brain,1787000,30.65,88.47,1008.16,31.04,71.54,1008.10,0,0,MANUAL,1,1,1,
2026-09-26 22:50:47,brain,1788000,30.66,88.41,1008.11,31.04,71.52,1008.05,0,0,MANUAL,1,1,1,
2026-09-26 22:50:48,brain,1789000,30.65,87.96,1008.10,31.03,71.90,1008.04,0,0,MANUAL,1,1,1,
2026-09-26 22:50:49,brain,1790000,30.66,88.63,1008.17,31.03,71.81,1008.09,0,0,MANUAL,1,1,1,
2026-09-26 22:50:50,brain,1791000,30.66,88.64,1008.14,31.03,71.81,1008.09,0,0,MANUAL,1,1,1,
2026-09-26 22:50:51,brain,1792000,30.66,88.57,1008.15,31.02,71.65,1008.02,0,0,MANUAL,1,1,1,
2026-09-26 22:50:52,brain,1793000,30.66,87.92,1008.11,31.02,71.61,1008.08,0,0,MANUAL,1,1,1,
2026-09-26 22:50:53,brain,1794000,30.66,88.73,1008.11,31.03,71.84,1008.12,0,0,MANUAL,1,1,1,
2026-09-26 22:50:54,brain,1795000,30.66,87.79,1008.17,31.02,71.66,1008.10,0,0,MANUAL,1,1,1,
2026-09-26 22:50:55,brain,1796000,30.66,87.91,1008.14,31.02,71.39,1008.02,0,0,MANUAL,1,1,1,
2026-09-26 22:50:56,brain,1797000,30.65,87.94,1008.13,31.02,71.78,1008.02,0,0,MANUAL,1,1,1,
2026-09-26 22:50:57,brain,1798000,30.66,87.93,1008.17,31.02,71.73,1008.08,0,0,MANUAL,1,1,1,
2026-09-26 22:50:58,brain,1799000,30.66,88.16,1008.14,31.02,71.68,1008.07,0,0,MANUAL,1,1,1,
2026-09-26 22:50:59,brain,1800000,30.66,88.36,1008.17,31.01,71.54,1008.08,0,0,MANUAL,1,1,1,
2026-09-26 22:51:00,brain,1801000,30.67,88.68,1008.10,31.01,71.77,1008.06,0,0,MANUAL,1,1,1,
2026-09-26 22:51:01,brain,1802000,30.66,88.62,1008.14,31.01,71.68,1008.08,0,0,MANUAL,1,1,1,
2026-09-26 22:51:02,brain,1803000,30.66,87.81,1008.15,31.01,71.32,1008.09,0,0,MANUAL,1,1,1,
2026-09-26 22:51:03,brain,1804000,30.66,88.49,1008.11,31.00,71.62,1008.07,0,0,MANUAL,1,1,1,
2026-09-26 22:51:04,brain,1805000,30.66,88.77,1008.15,31.01,71.66,1008.03,0,0,MANUAL,1,1,1,
2026-09-26 22:51:05,brain,1806000,30.66,88.64,1008.08,31.01,71.62,1008.09,0,0,MANUAL,1,1,1,
2026-09-26 22:51:06,brain,1807000,30.66,88.09,1008.12,31.00,71.59,1008.10,0,0,MANUAL,1,1,1,
2026-09-26 22:51:07,brain,1808000,30.66,88.64,1008.14,31.01,71.78,1008.11,0,0,MANUAL,1,1,1,
2026-09-26 22:51:08,brain,1809000,30.66,88.62,1008.11,31.00,71.65,1008.04,0,0,MANUAL,1,1,1,
2026-09-26 22:51:09,brain,1810000,30.66,88.20,1008.14,31.01,71.60,1008.06,0,0,MANUAL,1,1,1,
2026-09-26 22:51:10,brain,1811000,30.66,88.74,1008.14,30.99,71.52,1008.06,0,0,MANUAL,1,1,1,
2026-09-26 22:51:11,brain,1812000,30.67,87.93,1008.15,31.00,71.81,1008.04,0,0,MANUAL,1,1,1,
2026-09-26 22:51:12,brain,1813000,30.66,87.96,1008.17,30.99,71.62,1008.12,0,0,MANUAL,1,1,1,
2026-09-26 22:51:13,brain,1814000,30.66,88.22,1008.08,31.00,71.60,1008.02,0,0,MANUAL,1,1,1,
2026-09-26 22:51:14,brain,1815000,30.66,87.97,1008.05,31.01,71.60,1008.05,0,0,MANUAL,1,1,1,
2026-09-26 22:51:15,brain,1816000,30.65,88.69,1008.12,31.01,71.61,1008.03,0,0,MANUAL,1,1,1,
2026-09-26 22:51:16,brain,1817000,30.66,87.85,1008.12,30.99,71.92,1008.04,0,0,MANUAL,1,1,1,
2026-09-26 22:51:17,brain,1818000,30.66,88.62,1008.15,31.00,71.89,1008.04,0,0,MANUAL,1,1,1,
2026-09-26 22:51:18,brain,1819000,30.66,88.36,1008.17,31.00,71.83,1008.07,0,0,MANUAL,1,1,1,
2026-09-26 22:51:19,brain,1820000,30.66,87.86,1008.11,30.99,71.59,1008.03,0,0,MANUAL,1,1,1,
2026-09-26 22:51:20,brain,1821000,30.67,88.70,1008.15,31.00,71.60,1008.04,0,0,MANUAL,1,1,1,
2026-09-26 22:51:21,brain,1822000,30.66,88.73,1008.15,30.99,71.67,1008.08,0,0,MANUAL,1,1,1,
2026-09-26 22:51:22,brain,1823000,30.66,88.04,1008.15,31.00,71.40,1008.07,0,0,MANUAL,1,1,1,
2026-09-26 22:51:23,brain,1824000,30.66,88.67,1008.12,31.00,71.77,1008.07,0,0,MANUAL,1,1,1,
2026-09-26 22:51:24,brain,1825000,30.66,87.87,1008.06,31.01,71.41,1008.06,0,0,MANUAL,1,1,1,
2026-09-26 22:51:25,brain,1826000,30.66,87.87,1008.14,31.00,71.62,1008.10,0,0,MANUAL,1,1,1,
2026-09-26 22:51:26,brain,1827000,30.66,88.72,1008.12,30.99,71.67,1008.08,0,0,MANUAL,1,1,1,
2026-09-26 22:51:27,brain,1828000,30.66,88.73,1008.11,31.00,71.76,1008.10,0,0,MANUAL,1,1,1,
2026-09-26 22:51:28,brain,1829000,30.66,88.70,1008.11,31.00,71.58,1008.10,0,0,MANUAL,1,1,1,
2026-09-26 22:51:29,brain,1830000,30.66,88.13,1008.11,31.00,71.61,1008.07,0,0,MANUAL,1,1,1,
2026-09-26 22:51:30,brain,1831000,30.66,88.63,1008.14,31.00,71.54,1008.04,0,0,MANUAL,1,1,1,
2026-09-26 22:51:31,brain,1832000,30.66,88.43,1008.15,30.99,71.47,1008.08,0,0,MANUAL,1,1,1,
2026-09-26 22:51:32,brain,1833000,30.66,87.81,1008.09,31.00,71.45,1008.02,0,0,MANUAL,1,1,1,
2026-09-26 22:51:33,brain,1834000,30.66,88.22,1008.14,31.00,71.69,1008.07,0,0,MANUAL,1,1,1,
2026-09-26 22:51:34,brain,1835000,30.66,88.45,1008.14,31.01,71.44,1008.05,0,0,MANUAL,1,1,1,
2026-09-26 22:51:35,brain,1836000,30.66,88.25,1008.17,31.00,71.63,1008.04,0,0,MANUAL,1,1,1,
2026-09-26 22:51:36,brain,1837000,30.67,88.36,1008.13,31.00,71.57,1008.10,0,0,MANUAL,1,1,1,
2026-09-26 22:51:37,brain,1838000,30.66,88.45,1008.14,31.00,71.56,1008.10,0,0,MANUAL,1,1,1,
2026-09-26 22:51:38,brain,1839000,30.65,88.19,1008.19,31.00,71.61,1008.04,0,0,MANUAL,1,1,1,
2026-09-26 22:51:39,brain,1840000,30.66,88.67,1008.08,31.00,71.69,1008.07,0,0,MANUAL,1,1,1,
2026-09-26 22:51:40,brain,1841000,30.66,88.70,1008.11,31.00,71.86,1008.10,0,0,MANUAL,1,1,1,
2026-09-26 22:51:41,brain,1842000,30.66,88.68,1008.14,31.01,71.84,1008.09,0,0,MANUAL,1,1,1,
2026-09-26 22:51:42,brain,1843000,30.66,87.81,1008.14,31.01,71.62,1008.06,0,0,MANUAL,1,1,1,
2026-09-26 22:51:43,brain,1844000,30.65,88.70,1008.13,31.01,71.62,1008.08,0,0,MANUAL,1,1,1,
2026-09-26 22:51:44,brain,1845000,30.66,88.18,1008.14,31.00,71.48,1007.99,0,0,MANUAL,1,1,1,
2026-09-26 22:51:45,brain,1846000,30.66,88.74,1008.14,31.00,71.58,1008.07,0,0,MANUAL,1,1,1,
2026-09-26 22:51:46,brain,1847000,30.65,88.12,1008.10,31.00,71.56,1007.96,0,0,MANUAL,1,1,1,
2026-09-26 22:51:47,brain,1848000,30.66,88.69,1008.11,31.01,71.35,1008.08,0,0,MANUAL,1,1,1,
2026-09-26 22:51:48,brain,1849000,30.66,88.76,1008.11,31.00,71.65,1008.07,0,0,MANUAL,1,1,1,
2026-09-26 22:51:49,brain,1850000,30.66,88.46,1008.08,31.00,71.67,1008.04,0,0,MANUAL,1,1,1,
2026-09-26 22:51:50,brain,1851000,30.66,88.30,1008.14,31.00,71.36,1008.07,0,0,MANUAL,1,1,1,
2026-09-26 22:51:51,brain,1852000,30.66,88.68,1008.14,31.01,71.57,1008.03,0,0,MANUAL,1,1,1,
2026-09-26 22:51:52,brain,1853000,30.66,87.96,1008.11,31.01,71.63,1008.05,0,0,MANUAL,1,1,1,
2026-09-26 22:51:53,brain,1854000,30.66,88.70,1008.15,31.00,71.63,1008.02,0,0,MANUAL,1,1,1,
2026-09-26 22:51:54,brain,1855000,30.66,87.87,1008.11,31.00,71.79,1008.04,0,0,MANUAL,1,1,1,
2026-09-26 22:51:55,brain,1856000,30.66,88.26,1008.14,31.01,71.54,1008.05,0,0,MANUAL,1,1,1,
2026-09-26 22:51:56,brain,1857000,30.65,87.87,1008.13,31.01,71.69,1008.05,0,0,MANUAL,1,1,1,
2026-09-26 22:51:57,brain,1858000,30.66,88.39,1008.15,31.00,71.83,1008.04,0,0,MANUAL,1,1,1,
2026-09-26 22:51:58,brain,1859000,30.66,88.71,1008.15,31.00,71.86,1008.07,0,0,MANUAL,1,1,1,
2026-09-26 22:51:59,brain,1860000,30.66,87.95,1008.09,31.00,71.57,1008.10,0,0,MANUAL,1,1,1,
2026-09-26 22:52:00,brain,1861000,30.66,87.95,1008.09,31.01,71.46,1008.06,0,0,MANUAL,1,1,1,
2026-09-26 22:52:01,brain,1862000,30.66,87.79,1008.11,30.99,71.63,1008.01,0,0,MANUAL,1,1,1,
2026-09-26 22:52:02,brain,1863000,30.67,88.53,1008.15,31.01,71.78,1008.03,0,0,MANUAL,1,1,1,
2026-09-26 22:52:03,brain,1864000,30.66,88.62,1008.11,31.00,71.88,1008.07,0,0,MANUAL,1,1,1,
2026-09-26 22:52:04,brain,1865000,30.66,88.06,1008.11,31.00,71.53,1008.02,0,0,MANUAL,1,1,1,
2026-09-26 22:52:05,brain,1866000,30.66,88.38,1008.08,31.01,71.52,1008.05,0,0,MANUAL,1,1,1,
2026-09-26 22:52:06,brain,1867000,30.65,87.85,1008.10,31.01,71.39,1008.05,0,0,MANUAL,1,1,1,
2026-09-26 22:52:07,brain,1868000,30.66,87.91,1008.12,31.00,71.65,1007.99,0,0,MANUAL,1,1,1,
2026-09-26 22:52:08,brain,1869000,30.66,88.21,1008.12,31.00,71.61,1008.04,0,0,MANUAL,1,1,1,
2026-09-26 22:52:09,brain,1870000,30.66,88.71,1008.12,31.00,71.68,1008.02,0,0,MANUAL,1,1,1,
2026-09-26 22:52:10,brain,1871000,30.65,88.79,1008.10,31.01,71.58,1008.05,0,0,MANUAL,1,1,1,
2026-09-26 22:52:11,brain,1872000,30.65,88.54,1008.19,31.01,71.59,1008.03,0,0,MANUAL,1,1,1,
2026-09-26 22:52:12,brain,1873000,30.66,88.45,1008.11,31.01,71.60,1008.00,0,0,MANUAL,1,1,1,
2026-09-26 22:52:13,brain,1874000,30.67,88.50,1008.10,31.00,71.39,1008.02,0,0,MANUAL,1,1,1,
2026-09-26 22:52:14,brain,1875000,30.66,87.80,1008.11,31.01,71.42,1008.01,0,0,MANUAL,1,1,1,
2026-09-26 22:52:15,brain,1876000,30.66,88.49,1008.08,31.01,71.51,1008.08,0,0,MANUAL,1,1,1,
2026-09-26 22:52:16,brain,1877000,30.65,88.42,1008.10,31.01,71.52,1008.12,0,0,MANUAL,1,1,1,
2026-09-26 22:52:17,brain,1878000,30.66,88.36,1008.11,31.00,71.43,1007.99,0,0,MANUAL,1,1,1,
2026-09-26 22:52:18,brain,1879000,30.66,88.60,1008.15,31.00,71.68,1008.13,0,0,MANUAL,1,1,1,
2026-09-26 22:52:19,brain,1880000,30.67,88.62,1008.13,31.00,71.58,1008.04,0,0,MANUAL,1,1,1,
2026-09-26 22:52:20,brain,1881000,30.65,88.47,1008.10,31.00,71.44,1008.02,0,0,MANUAL,1,1,1,
2026-09-26 22:52:21,brain,1882000,30.66,88.73,1008.11,31.00,71.61,1008.04,0,0,MANUAL,1,1,1,
2026-09-26 22:52:22,brain,1883000,30.67,88.00,1008.13,31.00,71.59,1008.02,0,0,MANUAL,1,1,1,
2026-09-26 22:52:23,brain,1884000,30.65,88.41,1008.07,31.01,71.40,1008.06,0,0,MANUAL,1,1,1,
2026-09-26 22:52:24,brain,1885000,30.65,87.84,1008.19,31.00,71.69,1008.04,0,0,MANUAL,1,1,1,
2026-09-26 22:52:25,brain,1886000,30.66,88.42,1008.11,31.01,71.65,1008.03,0,0,MANUAL,1,1,1,
2026-09-26 22:52:26,brain,1887000,30.65,88.71,1008.10,31.01,71.53,1008.08,0,0,MANUAL,1,1,1,
2026-09-26 22:52:27,brain,1888000,30.66,88.25,1008.11,31.00,71.66,1008.02,0,0,MANUAL,1,1,1,
2026-09-26 22:52:28,brain,1889000,30.66,88.10,1008.14,31.02,71.67,1008.07,0,0,MANUAL,1,1,1,
2026-09-26 22:52:29,brain,1890000,30.66,88.17,1008.14,31.02,71.83,1008.02,0,0,MANUAL,1,1,1,
2026-09-26 22:52:30,brain,1891000,30.65,88.24,1008.16,31.00,71.70,1008.10,0,0,MANUAL,1,1,1,
2026-09-26 22:52:31,brain,1892000,30.65,88.63,1008.06,31.01,71.67,1008.03,0,0,MANUAL,1,1,1,
2026-09-26 22:52:32,brain,1893000,30.66,88.72,1008.11,31.01,71.51,1008.05,0,0,MANUAL,1,1,1,
2026-09-26 22:52:33,brain,1894000,30.65,88.79,1008.10,31.00,71.51,1008.04,0,0,MANUAL,1,1,1,
2026-09-26 22:52:34,brain,1895000,30.66,88.67,1008.05,31.01,71.41,1008.05,0,0,MANUAL,1,1,1,
2026-09-26 22:52:35,brain,1896000,30.66,87.98,1008.11,31.00,71.41,1008.10,0,0,MANUAL,1,1,1,
2026-09-26 22:52:36,brain,1897000,30.65,88.62,1008.10,31.00,71.65,1008.10,0,0,MANUAL,1,1,1,
2026-09-26 22:52:37,brain,1898000,30.66,88.81,1008.14,31.00,71.48,1008.10,0,0,MANUAL,1,1,1,
2026-09-26 22:52:38,brain,1899000,30.66,88.79,1008.11,31.01,71.43,1008.08,0,0,MANUAL,1,1,1,
2026-09-26 22:52:39,brain,1900000,30.66,88.71,1008.14,30.99,71.58,1008.09,0,0,MANUAL,1,1,1,
2026-09-26 22:52:40,brain,1901000,30.66,88.57,1008.15,31.00,71.59,1008.04,0,0,MANUAL,1,1,1,
2026-09-26 22:52:41,brain,1902000,30.66,88.70,1008.11,31.00,71.67,1008.04,0,0,MANUAL,1,1,1,
2026-09-26 22:52:42,brain,1903000,30.66,88.34,1008.11,31.00,71.45,1008.04,0,0,MANUAL,1,1,1,
2026-09-26 22:52:43,brain,1904000,30.66,87.89,1008.14,31.00,71.62,1008.04,0,0,MANUAL,1,1,1,
2026-09-26 22:52:44,brain,1905000,30.65,88.73,1008.07,31.00,71.67,1008.04,0,0,MANUAL,1,1,1,
2026-09-26 22:52:45,brain,1906000,30.66,88.41,1008.06,31.01,71.50,1008.03,0,0,MANUAL,1,1,1,
2026-09-26 22:52:46,brain,1907000,30.66,88.33,1008.17,31.01,71.58,1008.05,0,0,MANUAL,1,1,1,
2026-09-26 22:52:47,brain,1908000,30.66,88.56,1008.14,31.01,71.41,1008.06,0,0,MANUAL,1,1,1,
2026-09-26 22:52:48,brain,1909000,30.66,88.11,1008.09,31.01,71.66,1007.97,0,0,MANUAL,1,1,1,
2026-09-26 22:52:49,brain,1910000,30.66,88.32,1008.14,31.01,71.48,1008.05,0,0,MANUAL,1,1,1,
2026-09-26 22:52:50,brain,1911000,30.66,87.89,1008.12,31.01,71.63,1008.05,0,0,MANUAL,1,1,1,
2026-09-26 22:52:51,brain,1912000,30.67,88.50,1008.10,31.00,71.43,1008.07,0,0,MANUAL,1,1,1,
2026-09-26 22:52:52,brain,1913000,30.66,87.86,1008.11,31.01,71.66,1008.06,0,0,MANUAL,1,1,1,
2026-09-26 22:52:53,brain,1914000,30.66,88.58,1008.09,31.01,71.57,1008.06,0,0,MANUAL,1,1,1,
2026-09-26 22:52:54,brain,1915000,30.65,88.54,1008.13,31.02,71.89,1008.12,0,0,MANUAL,1,1,1,
2026-09-26 22:52:55,brain,1916000,30.66,88.23,1008.17,31.01,71.92,1008.03,0,0,MANUAL,1,1,1,
2026-09-26 22:52:56,brain,1917000,30.66,87.86,1008.17,31.02,71.82,1007.99,0,0,MANUAL,1,1,1,
2026-09-26 22:52:57,brain,1918000,30.66,88.75,1008.11,31.02,71.83,1008.01,0,0,MANUAL,1,1,1,
2026-09-26 22:52:58,brain,1919000,30.65,88.45,1008.07,31.01,71.73,1008.03,0,0,MANUAL,1,1,1,
2026-09-26 22:52:59,brain,1920000,30.66,87.93,1008.11,31.01,71.80,1008.06,0,0,MANUAL,1,1,1,
2026-09-26 22:53:00,brain,1921000,30.66,88.49,1008.14,31.02,71.73,1008.04,0,0,MANUAL,1,1,1,
2026-09-26 22:53:01,brain,1922000,30.66,88.84,1008.06,31.01,71.85,1008.06,0,0,MANUAL,1,1,1,
2026-09-26 22:53:02,brain,1923000,30.65,87.87,1008.12,31.02,71.82,1008.05,0,0,MANUAL,1,1,1,
2026-09-26 22:53:03,brain,1924000,30.65,88.18,1008.10,31.02,71.66,1008.02,0,0,MANUAL,1,1,1,
2026-09-26 22:53:04,brain,1925000,30.66,88.39,1008.05,31.02,71.82,1007.97,0,0,MANUAL,1,1,1,
2026-09-26 22:53:05,brain,1926000,30.67,88.19,1008.07,31.02,71.52,1008.05,0,0,MANUAL,1,1,1,
2026-09-26 22:53:06,brain,1927000,30.65,88.71,1008.04,31.01,71.85,1008.09,0,0,MANUAL,1,1,1,
2026-09-26 22:53:07,brain,1928000,30.66,88.11,1008.12,31.02,71.56,1008.05,0,0,MANUAL,1,1,1,
2026-09-26 22:53:08,brain,1929000,30.66,88.46,1008.08,31.02,71.72,1008.08,0,0,MANUAL,1,1,1,
2026-09-26 22:53:09,brain,1930000,30.66,88.69,1008.12,31.03,71.42,1008.01,0,0,MANUAL,1,1,1,
2026-09-26 22:53:10,brain,1931000,30.66,88.79,1008.12,31.02,71.56,1008.02,0,0,MANUAL,1,1,1,
2026-09-26 22:53:11,brain,1932000,30.66,88.80,1008.12,31.02,71.56,1008.07,0,0,MANUAL,1,1,1,
2026-09-26 22:53:12,brain,1933000,30.66,88.43,1008.03,31.03,71.60,1008.06,0,0,MANUAL,1,1,1,
2026-09-26 22:53:13,brain,1934000,30.66,88.10,1008.09,31.02,71.49,1008.05,0,0,MANUAL,1,1,1,
2026-09-26 22:53:14,brain,1935000,30.66,88.72,1008.11,31.03,71.76,1008.00,0,0,MANUAL,1,1,1,
2026-09-26 22:53:15,brain,1936000,30.66,88.14,1008.17,31.03,71.85,1008.07,0,0,MANUAL,1,1,1,
2026-09-26 22:53:16,brain,1937000,30.66,88.65,1008.08,31.02,71.57,1008.05,0,0,MANUAL,1,1,1,
2026-09-26 22:53:17,brain,1938000,30.65,88.03,1008.04,31.03,71.41,1008.04,0,0,MANUAL,1,1,1,
2026-09-26 22:53:18,brain,1939000,30.66,88.24,1008.09,31.04,71.65,1008.05,0,0,MANUAL,1,1,1,
2026-09-26 22:53:19,brain,1940000,30.66,88.37,1008.12,31.03,71.49,1008.07,0,0,MANUAL,1,1,1,
2026-09-26 22:53:20,brain,1941000,30.67,88.20,1008.13,31.03,71.48,1008.01,0,0,MANUAL,1,1,1,
2026-09-26 22:53:21,brain,1942000,30.65,88.62,1008.09,31.03,71.41,1008.04,0,0,MANUAL,1,1,1,
2026-09-26 22:53:22,brain,1943000,30.66,88.27,1008.11,31.04,71.46,1008.05,0,0,MANUAL,1,1,1,
2026-09-26 22:53:23,brain,1944000,30.66,88.76,1008.14,31.03,71.61,1007.97,0,0,MANUAL,1,1,1,
2026-09-26 22:53:24,brain,1945000,30.66,88.76,1008.08,31.04,71.55,1008.05,0,0,MANUAL,1,1,1,
2026-09-26 22:53:25,brain,1946000,30.66,87.84,1008.06,31.04,71.72,1008.07,0,0,MANUAL,1,1,1,
2026-09-26 22:53:26,brain,1947000,30.65,88.01,1008.13,31.04,71.77,1007.97,0,0,MANUAL,1,1,1,
2026-09-26 22:53:27,brain,1948000,30.66,88.34,1008.17,31.05,71.55,1008.03,0,0,MANUAL,1,1,1,
2026-09-26 22:53:28,brain,1949000,30.66,88.23,1008.08,31.04,71.61,1008.02,0,0,MANUAL,1,1,1,
2026-09-26 22:53:29,brain,1950000,30.66,87.92,1008.12,31.04,71.77,1008.00,0,0,MANUAL,1,1,1,
2026-09-26 22:53:30,brain,1951000,30.66,87.85,1008.09,31.04,71.52,1008.03,0,0,MANUAL,1,1,1,
2026-09-26 22:53:31,brain,1952000,30.67,88.79,1008.13,31.04,71.45,1008.03,0,0,MANUAL,1,1,1,
2026-09-26 22:53:32,brain,1953000,30.66,87.91,1008.12,31.05,71.50,1008.04,0,0,MANUAL,1,1,1,
2026-09-26 22:53:33,brain,1954000,30.66,88.45,1008.12,31.04,71.45,1008.05,0,0,MANUAL,1,1,1,
2026-09-26 22:53:34,brain,1955000,30.66,88.54,1008.08,31.04,71.93,1008.00,0,0,MANUAL,1,1,1,
2026-09-26 22:53:35,brain,1956000,30.66,88.71,1008.12,31.04,71.83,1008.00,0,0,MANUAL,1,1,1,
2026-09-26 22:53:36,brain,1957000,30.67,88.34,1008.13,31.05,71.70,1008.01,0,0,MANUAL,1,1,1,
2026-09-26 22:53:37,brain,1958000,30.67,88.12,1008.10,31.05,71.51,1008.01,0,0,MANUAL,1,1,1,
2026-09-26 22:53:38,brain,1959000,30.66,88.83,1008.12,31.05,71.98,1008.04,0,0,MANUAL,1,1,1,
2026-09-26 22:53:39,brain,1960000,30.66,88.79,1008.05,31.05,71.66,1007.98,0,0,MANUAL,1,1,1,
2026-09-26 22:53:40,brain,1961000,30.66,87.91,1008.09,31.05,71.61,1008.01,0,0,MANUAL,1,1,1,
2026-09-26 22:53:41,brain,1962000,30.66,88.65,1008.06,31.05,71.54,1008.07,0,0,MANUAL,1,1,1,
2026-09-26 22:53:42,brain,1963000,30.66,87.84,1008.15,31.05,71.69,1008.06,0,0,MANUAL,1,1,1,
2026-09-26 22:53:43,brain,1964000,30.66,88.10,1008.17,31.05,71.56,1008.07,0,0,MANUAL,1,1,1,
2026-09-26 22:53:44,brain,1965000,30.66,88.61,1008.12,31.05,71.58,1008.01,0,0,MANUAL,1,1,1,
2026-09-26 22:53:45,brain,1966000,30.66,88.46,1008.08,31.05,71.60,1008.07,0,0,MANUAL,1,1,1,
2026-09-26 22:53:46,brain,1967000,30.66,88.62,1008.12,31.05,71.77,1008.04,0,0,MANUAL,1,1,1,
2026-09-26 22:53:47,brain,1968000,30.67,88.74,1008.10,31.05,71.83,1008.04,0,0,MANUAL,1,1,1,
2026-09-26 22:53:48,brain,1969000,30.66,88.46,1008.11,31.05,71.78,1008.07,0,0,MANUAL,1,1,1,
2026-09-26 22:53:49,brain,1970000,30.66,88.72,1008.12,31.06,71.60,1008.03,0,0,MANUAL,1,1,1,
2026-09-26 22:53:50,brain,1971000,30.66,88.25,1008.05,31.05,71.69,1008.01,0,0,MANUAL,1,1,1,
2026-09-26 22:53:51,brain,1972000,30.66,88.18,1008.12,31.05,71.34,1008.01,0,0,MANUAL,1,1,1,
2026-09-26 22:53:52,brain,1973000,30.66,88.49,1008.17,31.06,71.88,1008.02,0,0,MANUAL,1,1,1,
2026-09-26 22:53:53,brain,1974000,30.66,88.49,1008.15,31.05,71.58,1008.01,0,0,MANUAL,1,1,1,
2026-09-26 22:53:54,brain,1975000,30.67,88.47,1008.13,31.05,71.58,1008.01,0,0,MANUAL,1,1,1,
2026-09-26 22:53:55,brain,1976000,30.66,88.36,1008.09,31.07,71.55,1008.05,0,0,MANUAL,1,1,1,
2026-09-26 22:53:56,brain,1977000,30.66,88.14,1008.06,31.07,71.61,1008.07,0,0,MANUAL,1,1,1,
2026-09-26 22:53:57,brain,1978000,30.66,87.89,1008.12,31.06,71.35,1008.03,0,0,MANUAL,1,1,1,
2026-09-26 22:53:58,brain,1979000,30.65,88.06,1008.13,31.06,71.89,1008.06,0,0,MANUAL,1,1,1,
2026-09-26 22:53:59,brain,1980000,30.66,87.93,1008.09,31.06,71.55,1008.05,0,0,MANUAL,1,1,1,
2026-09-26 22:54:00,brain,1981000,30.66,87.88,1008.11,31.06,71.38,1008.03,0,0,MANUAL,1,1,1,
2026-09-26 22:54:01,brain,1982000,30.66,88.23,1008.14,31.06,71.60,1008.00,0,0,MANUAL,1,1,1,
2026-09-26 22:54:02,brain,1983000,30.66,88.70,1008.08,31.06,71.38,1008.03,0,0,MANUAL,1,1,1,
2026-09-26 22:54:03,brain,1984000,30.66,88.45,1008.08,31.06,71.54,1008.00,0,0,MANUAL,1,1,1,
2026-09-26 22:54:04,brain,1985000,30.66,88.81,1008.09,31.06,71.92,1007.97,0,0,MANUAL,1,1,1,
2026-09-26 22:54:05,brain,1986000,30.67,87.99,1008.07,31.06,71.77,1008.05,0,0,MANUAL,1,1,1,
2026-09-26 22:54:06,brain,1987000,30.67,88.65,1008.15,31.07,71.71,1008.04,0,0,MANUAL,1,1,1,
2026-09-26 22:54:07,brain,1988000,30.66,88.80,1008.09,31.06,71.52,1008.02,0,0,MANUAL,1,1,1,
2026-09-26 22:54:08,brain,1989000,30.67,88.80,1008.04,31.07,71.42,1008.05,0,0,MANUAL,1,1,1,
2026-09-26 22:54:09,brain,1990000,30.66,88.77,1008.15,31.07,71.42,1007.99,0,0,MANUAL,1,1,1,
2026-09-26 22:54:10,brain,1991000,30.67,88.77,1008.13,31.07,71.37,1008.02,0,0,MANUAL,1,1,1,
2026-09-26 22:54:11,brain,1992000,30.67,88.01,1008.13,31.06,71.80,1008.03,0,0,MANUAL,1,1,1,
2026-09-26 22:54:12,brain,1993000,30.66,88.13,1008.14,31.07,71.41,1008.07,0,0,MANUAL,1,1,1,
2026-09-26 22:54:13,brain,1994000,30.66,88.70,1008.15,31.07,71.62,1007.98,0,0,MANUAL,1,1,1,
2026-09-26 22:54:14,brain,1995000,30.67,88.05,1008.13,31.06,71.61,1008.00,0,0,MANUAL,1,1,1,
2026-09-26 22:54:15,brain,1996000,30.66,87.91,1008.11,31.06,71.54,1008.03,0,0,MANUAL,1,1,1,
2026-09-26 22:54:16,brain,1997000,30.66,87.98,1008.08,31.07,71.50,1008.05,0,0,MANUAL,1,1,1,
2026-09-26 22:54:17,brain,1998000,30.66,88.88,1008.14,31.08,71.50,1008.03,0,0,MANUAL,1,1,1,
2026-09-26 22:54:18,brain,1999000,30.66,88.60,1008.15,31.07,71.44,1007.98,0,0,MANUAL,1,1,1,
2026-09-26 22:54:19,brain,2000000,30.67,88.69,1008.15,31.07,71.37,1008.07,0,0,MANUAL,1,1,1,
2026-09-26 22:54:20,brain,2001000,30.66,88.03,1008.02,31.07,71.33,1008.01,0,0,MANUAL,1,1,1,
2026-09-26 22:54:21,brain,2002000,30.67,88.74,1008.04,31.07,71.57,1008.04,0,0,MANUAL,1,1,1,
2026-09-26 22:54:22,brain,2003000,30.67,88.33,1008.13,31.07,71.52,1008.05,0,0,MANUAL,1,1,1,
2026-09-26 22:54:23,brain,2004000,30.66,87.98,1008.12,31.06,71.85,1008.03,0,0,MANUAL,1,1,1,
2026-09-26 22:54:24,brain,2005000,30.66,88.36,1008.15,31.07,71.53,1007.99,0,0,MANUAL,1,1,1,
2026-09-26 22:54:25,brain,2006000,30.66,87.95,1008.15,31.07,71.70,1007.96,0,0,MANUAL,1,1,1,
2026-09-26 22:54:26,brain,2007000,30.67,88.84,1008.10,31.08,71.72,1008.03,0,0,MANUAL,1,1,1,
2026-09-26 22:54:27,brain,2008000,30.66,87.98,1008.15,31.07,71.54,1008.02,0,0,MANUAL,1,1,1,
2026-09-26 22:54:28,brain,2009000,30.66,87.95,1008.12,31.08,71.44,1008.06,0,0,MANUAL,1,1,1,
2026-09-26 22:54:29,brain,2010000,30.66,88.15,1008.06,31.07,71.62,1007.96,0,0,MANUAL,1,1,1,
2026-09-26 22:54:30,brain,2011000,30.66,87.99,1008.09,31.07,71.60,1008.05,0,0,MANUAL,1,1,1,
2026-09-26 22:54:31,brain,2012000,30.66,87.97,1008.06,31.08,71.59,1008.03,0,0,MANUAL,1,1,1,
2026-09-26 22:54:32,brain,2013000,30.67,88.66,1008.10,31.07,71.28,1008.13,0,0,MANUAL,1,1,1,
2026-09-26 22:54:33,brain,2014000,30.66,88.81,1008.14,31.08,71.77,1008.03,0,0,MANUAL,1,1,1,
2026-09-26 22:54:34,brain,2015000,30.66,88.52,1008.14,31.07,71.55,1008.07,0,0,MANUAL,1,1,1,
2026-09-26 22:54:35,brain,2016000,30.67,88.25,1008.11,31.08,71.71,1008.11,0,0,MANUAL,1,1,1,
2026-09-26 22:54:36,brain,2017000,30.67,88.24,1008.13,31.06,71.75,1008.03,0,0,MANUAL,1,1,1,
2026-09-26 22:54:37,brain,2018000,30.67,88.45,1008.13,31.07,71.71,1008.02,0,0,MANUAL,1,1,1,
2026-09-26 22:54:38,brain,2019000,30.67,88.66,1008.10,31.07,71.28,1008.05,0,0,MANUAL,1,1,1,
2026-09-26 22:54:39,brain,2020000,30.66,88.60,1008.14,31.06,71.60,1007.97,0,0,MANUAL,1,1,1,
2026-09-26 22:54:40,brain,2021000,30.67,88.90,1008.13,31.07,71.70,1007.98,0,0,MANUAL,1,1,1,
2026-09-26 22:54:41,brain,2022000,30.66,88.01,1008.08,31.07,71.35,1008.04,0,0,MANUAL,1,1,1,
2026-09-26 22:54:42,brain,2023000,30.66,88.82,1008.11,31.07,71.42,1007.99,0,0,MANUAL,1,1,1,
2026-09-26 22:54:43,brain,2024000,30.66,88.39,1008.09,31.06,71.61,1008.03,0,0,MANUAL,1,1,1,
2026-09-26 22:54:44,brain,2025000,30.68,88.55,1008.09,31.07,71.50,1007.99,0,0,MANUAL,1,1,1,
2026-09-26 22:54:45,brain,2026000,30.66,88.27,1008.08,31.06,71.63,1007.97,0,0,MANUAL,1,1,1,
2026-09-26 22:54:46,brain,2027000,30.66,88.31,1008.09,31.06,71.49,1008.03,0,0,MANUAL,1,1,1,
2026-09-26 22:54:47,brain,2028000,30.67,88.84,1008.13,31.07,71.40,1008.07,0,0,MANUAL,1,1,1,
2026-09-26 22:54:48,brain,2029000,30.67,87.99,1008.13,31.06,71.42,1008.02,0,0,MANUAL,1,1,1,
2026-09-26 22:54:49,brain,2030000,30.67,88.27,1008.10,31.06,71.34,1008.03,0,0,MANUAL,1,1,1,
2026-09-26 22:54:50,brain,2031000,30.66,88.17,1008.11,31.07,71.35,1007.99,0,0,MANUAL,1,1,1,
2026-09-26 22:54:51,brain,2032000,30.66,87.95,1008.09,31.07,71.75,1008.10,0,0,MANUAL,1,1,1,
2026-09-26 22:54:52,brain,2033000,30.66,88.27,1008.09,31.07,71.66,1008.07,0,0,MANUAL,1,1,1,
2026-09-26 22:54:53,brain,2034000,30.66,87.96,1008.06,31.06,71.54,1007.97,0,0,MANUAL,1,1,1,
2026-09-26 22:54:54,brain,2035000,30.67,88.90,1008.07,31.07,71.45,1008.05,0,0,MANUAL,1,1,1,
2026-09-26 22:54:55,brain,2036000,30.67,88.81,1008.07,31.07,71.35,1008.05,0,0,MANUAL,1,1,1,
2026-09-26 22:54:56,brain,2037000,30.67,88.33,1008.04,31.08,71.55,1008.09,0,0,MANUAL,1,1,1,
2026-09-26 22:54:57,brain,2038000,30.67,88.50,1008.13,31.07,71.43,1008.01,0,0,MANUAL,1,1,1,
2026-09-26 22:54:58,brain,2039000,30.66,88.37,1008.17,31.07,71.55,1007.99,0,0,MANUAL,1,1,1,
2026-09-26 22:54:59,brain,2040000,30.66,87.90,1008.09,31.07,71.48,1008.02,0,0,MANUAL,1,1,1,
2026-09-26 22:55:00,brain,2041000,30.67,88.01,1008.07,31.07,71.35,1008.04,0,0,MANUAL,1,1,1,
2026-09-26 22:55:01,brain,2042000,30.66,88.57,1008.09,31.07,71.58,1008.10,0,0,MANUAL,1,1,1,
2026-09-26 22:55:02,brain,2043000,30.67,87.92,1008.13,31.07,71.63,1007.99,0,0,MANUAL,1,1,1,
2026-09-26 22:55:03,brain,2044000,30.67,88.72,1008.13,31.07,71.78,1008.05,0,0,MANUAL,1,1,1,
2026-09-26 22:55:04,brain,2045000,30.67,88.59,1008.11,31.08,71.63,1008.05,0,0,MANUAL,1,1,1,
2026-09-26 22:55:05,brain,2046000,30.67,88.48,1008.07,31.07,71.71,1008.05,0,0,MANUAL,1,1,1,
2026-09-26 22:55:06,brain,2047000,30.66,88.94,1008.00,31.06,71.67,1008.06,0,0,MANUAL,1,1,1,
2026-09-26 22:55:07,brain,2048000,30.67,88.50,1008.05,31.06,71.58,1008.06,0,0,MANUAL,1,1,1,
2026-09-26 22:55:08,brain,2049000,30.67,87.95,1008.13,31.07,71.44,1007.98,0,0,MANUAL,1,1,1,
2026-09-26 22:55:09,brain,2050000,30.67,88.75,1008.13,31.06,71.61,1007.97,0,0,MANUAL,1,1,1,
2026-09-26 22:55:10,brain,2051000,30.66,88.87,1008.05,31.07,71.66,1008.04,0,0,MANUAL,1,1,1,
2026-09-26 22:55:11,brain,2052000,30.67,87.86,1008.10,31.07,71.50,1007.95,0,0,MANUAL,1,1,1,
2026-09-26 22:55:12,brain,2053000,30.67,88.70,1008.10,31.07,71.53,1008.07,0,0,MANUAL,1,1,1,
2026-09-26 22:55:13,brain,2054000,30.67,88.89,1008.11,31.08,71.79,1008.05,0,0,MANUAL,1,1,1,
2026-09-26 22:55:14,brain,2055000,30.67,88.09,1008.08,31.08,71.45,1008.00,0,0,MANUAL,1,1,1,
2026-09-26 22:55:15,brain,2056000,30.66,88.07,1008.12,31.06,71.42,1008.03,0,0,MANUAL,1,1,1,
2026-09-26 22:55:16,brain,2057000,30.67,88.80,1008.18,31.07,71.40,1007.99,0,0,MANUAL,1,1,1,
2026-09-26 22:55:17,brain,2058000,30.67,88.84,1008.11,31.07,71.80,1008.07,0,0,MANUAL,1,1,1,
2026-09-26 22:55:18,brain,2059000,30.67,88.77,1008.07,31.08,71.42,1008.00,0,0,MANUAL,1,1,1,
2026-09-26 22:55:19,brain,2060000,30.67,88.89,1008.07,31.08,71.42,1008.03,0,0,MANUAL,1,1,1,
2026-09-26 22:55:20,brain,2061000,30.67,88.54,1008.07,31.07,71.58,1008.02,0,0,MANUAL,1,1,1,
2026-09-26 22:55:21,brain,2062000,30.66,88.89,1008.03,31.08,71.51,1007.97,0,0,MANUAL,1,1,1,
2026-09-26 22:55:22,brain,2063000,30.67,88.39,1008.10,31.07,71.33,1008.04,0,0,MANUAL,1,1,1,
2026-09-26 22:55:23,brain,2064000,30.67,87.95,1008.15,31.08,71.66,1008.05,0,0,MANUAL,1,1,1,
2026-09-26 22:55:24,brain,2065000,30.66,88.00,1008.12,31.07,71.52,1008.05,0,0,MANUAL,1,1,1,
2026-09-26 22:55:25,brain,2066000,30.67,87.98,1008.07,31.08,71.41,1008.01,0,0,MANUAL,1,1,1,
2026-09-26 22:55:26,brain,2067000,30.66,88.12,1008.09,31.07,71.42,1008.05,0,0,MANUAL,1,1,1,
2026-09-26 22:55:27,brain,2068000,30.66,88.04,1008.06,31.08,71.60,1008.05,0,0,MANUAL,1,1,1,
2026-09-26 22:55:28,brain,2069000,30.66,88.38,1008.00,31.07,71.24,1008.02,0,0,MANUAL,1,1,1,
2026-09-26 22:55:29,brain,2070000,30.68,88.88,1008.06,31.08,71.77,1008.06,0,0,MANUAL,1,1,1,
2026-09-26 22:55:30,brain,2071000,30.67,88.12,1008.07,31.09,71.46,1008.04,0,0,MANUAL,1,1,1,
2026-09-26 22:55:31,brain,2072000,30.66,88.01,1008.09,31.08,71.54,1008.00,0,0,MANUAL,1,1,1,
2026-09-26 22:55:32,brain,2073000,30.67,88.58,1008.10,31.08,71.60,1007.97,0,0,MANUAL,1,1,1,
2026-09-26 22:55:33,brain,2074000,30.67,88.01,1008.07,31.08,71.52,1008.06,0,0,MANUAL,1,1,1,
2026-09-26 22:55:34,brain,2075000,30.68,88.78,1008.14,31.08,71.32,1007.98,0,0,MANUAL,1,1,1,
2026-09-26 22:55:35,brain,2076000,30.68,88.92,1008.06,31.08,71.46,1007.98,0,0,MANUAL,1,1,1,
2026-09-26 22:55:36,brain,2077000,30.67,87.91,1008.13,31.10,71.45,1008.06,0,0,MANUAL,1,1,1,
2026-09-26 22:55:37,brain,2078000,30.67,88.23,1008.13,31.08,71.50,1008.03,0,0,MANUAL,1,1,1,
2026-09-26 22:55:38,brain,2079000,30.66,88.27,1008.06,31.07,71.77,1008.05,0,0,MANUAL,1,1,1,
2026-09-26 22:55:39,brain,2080000,30.67,88.33,1008.13,31.08,71.31,1008.03,0,0,MANUAL,1,1,1,
2026-09-26 22:55:40,brain,2081000,30.67,88.25,1008.08,31.08,71.80,1008.03,0,0,MANUAL,1,1,1,
2026-09-26 22:55:41,brain,2082000,30.67,88.53,1008.13,31.08,71.62,1008.03,0,0,MANUAL,1,1,1,
2026-09-26 22:55:42,brain,2083000,30.67,88.92,1008.08,31.09,71.32,1008.04,0,0,MANUAL,1,1,1,
2026-09-26 22:55:43,brain,2084000,30.67,88.47,1008.07,31.09,71.71,1008.07,0,0,MANUAL,1,1,1,
2026-09-26 22:55:44,brain,2085000,30.67,88.75,1008.07,31.08,71.61,1008.03,0,0,MANUAL,1,1,1,
2026-09-26 22:55:45,brain,2086000,30.67,88.62,1008.08,31.08,71.40,1008.03,0,0,MANUAL,1,1,1,
2026-09-26 22:55:46,brain,2087000,30.67,88.56,1008.13,31.09,71.61,1008.05,0,0,MANUAL,1,1,1,
2026-09-26 22:55:47,brain,2088000,30.67,88.78,1008.04,31.08,71.67,1007.98,0,0,MANUAL,1,1,1,
2026-09-26 22:55:48,brain,2089000,30.68,88.83,1008.14,31.09,71.64,1008.02,0,0,MANUAL,1,1,1,
2026-09-26 22:55:49,brain,2090000,30.66,88.01,1008.03,31.08,71.79,1008.03,0,0,MANUAL,1,1,1,
2026-09-26 22:55:50,brain,2091000,30.68,88.90,1008.11,31.08,71.70,1008.05,0,0,MANUAL,1,1,1,
2026-09-26 22:55:51,brain,2092000,30.67,88.56,1008.10,31.08,71.83,1008.01,0,0,MANUAL,1,1,1,
2026-09-26 22:55:52,brain,2093000,30.67,88.89,1008.04,31.09,71.76,1008.01,0,0,MANUAL,1,1,1,
2026-09-26 22:55:53,brain,2094000,30.67,87.92,1008.10,31.07,71.75,1007.99,0,0,MANUAL,1,1,1,
2026-09-26 22:55:54,brain,2095000,30.67,88.82,1008.13,31.07,71.73,1008.02,0,0,MANUAL,1,1,1,
2026-09-26 22:55:55,brain,2096000,30.68,87.95,1008.11,31.07,71.71,1008.02,0,0,MANUAL,1,1,1,
2026-09-26 22:55:56,brain,2097000,30.68,88.38,1008.14,31.08,71.76,1008.03,0,0,MANUAL,1,1,1,
2026-09-26 22:55:57,brain,2098000,30.67,88.58,1008.10,31.07,71.89,1007.95,0,0,MANUAL,1,1,1,
2026-09-26 22:55:58,brain,2099000,30.66,88.00,1008.12,31.07,71.60,1007.99,0,0,MANUAL,1,1,1,
2026-09-26 22:55:59,brain,2100000,30.68,88.44,1008.14,31.08,71.78,1008.05,0,0,MANUAL,1,1,1,
2026-09-26 22:56:00,brain,2101000,30.67,88.93,1008.11,31.08,71.66,1008.03,0,0,MANUAL,1,1,1,
2026-09-26 22:56:01,brain,2102000,30.68,88.04,1008.17,31.08,71.66,1008.01,0,0,MANUAL,1,1,1,
2026-09-26 22:56:02,brain,2103000,30.68,88.22,1008.11,31.08,71.67,1008.05,0,0,MANUAL,1,1,1,
2026-09-26 22:56:03,brain,2104000,30.67,88.19,1008.10,31.08,71.88,1008.00,0,0,MANUAL,1,1,1,
2026-09-26 22:56:04,brain,2105000,30.68,88.63,1008.09,31.08,71.70,1008.05,0,0,MANUAL,1,1,1,
2026-09-26 22:56:05,brain,2106000,30.67,88.03,1008.18,31.08,71.57,1008.03,0,0,MANUAL,1,1,1,
2026-09-26 22:56:06,brain,2107000,30.67,88.89,1008.11,31.08,71.67,1008.01,0,0,MANUAL,1,1,1,
2026-09-26 22:56:07,brain,2108000,30.67,88.10,1008.11,31.08,71.57,1007.97,0,0,MANUAL,1,1,1,
2026-09-26 22:56:08,brain,2109000,30.67,87.91,1008.08,31.08,71.95,1008.00,0,0,MANUAL,1,1,1,
2026-09-26 22:56:09,brain,2110000,30.68,87.97,1008.11,31.08,71.71,1008.01,0,0,MANUAL,1,1,1,
2026-09-26 22:56:10,brain,2111000,30.67,88.92,1008.10,31.08,71.74,1008.00,0,0,MANUAL,1,1,1,
2026-09-26 22:56:11,brain,2112000,30.67,88.80,1008.13,31.07,71.66,1007.99,0,0,MANUAL,1,1,1,
2026-09-26 22:56:12,brain,2113000,30.67,88.69,1008.04,31.08,71.29,1008.03,0,0,MANUAL,1,1,1,
2026-09-26 22:56:13,brain,2114000,30.67,88.04,1008.07,31.07,71.73,1008.01,0,0,MANUAL,1,1,1,
2026-09-26 22:56:14,brain,2115000,30.67,88.23,1008.08,31.08,71.47,1008.06,0,0,MANUAL,1,1,1,
2026-09-26 22:56:15,brain,2116000,30.67,88.90,1008.11,31.07,71.68,1008.01,0,0,MANUAL,1,1,1,
2026-09-26 22:56:16,brain,2117000,30.67,88.38,1008.07,31.08,71.78,1008.00,0,0,MANUAL,1,1,1,
2026-09-26 22:56:17,brain,2118000,30.68,87.95,1008.06,31.07,71.71,1007.99,0,0,MANUAL,1,1,1,
2026-09-26 22:56:18,brain,2119000,30.68,88.57,1008.14,31.08,71.81,1008.06,0,0,MANUAL,1,1,1,
2026-09-26 22:56:19,brain,2120000,30.68,88.50,1008.03,31.07,71.68,1008.02,0,0,MANUAL,1,1,1,
2026-09-26 22:56:20,brain,2121000,30.68,88.81,1008.11,31.08,71.75,1008.00,0,0,MANUAL,1,1,1,
2026-09-26 22:56:21,brain,2122000,30.67,87.98,1008.11,31.09,71.44,1008.13,0,0,MANUAL,1,1,1,
2026-09-26 22:56:22,brain,2123000,30.67,87.97,1008.08,31.07,71.50,1008.05,0,0,MANUAL,1,1,1,
2026-09-26 22:56:23,brain,2124000,30.67,88.19,1008.11,31.07,71.63,1008.02,0,0,MANUAL,1,1,1,
2026-09-26 22:56:24,brain,2125000,30.67,88.30,1008.15,31.07,71.80,1008.05,0,0,MANUAL,1,1,1,
2026-09-26 22:56:25,brain,2126000,30.67,88.61,1008.01,31.08,71.44,1008.05,0,0,MANUAL,1,1,1,
2026-09-26 22:56:26,brain,2127000,30.67,88.36,1008.10,31.08,71.75,1008.01,0,0,MANUAL,1,1,1,
2026-09-26 22:56:27,brain,2128000,30.67,88.60,1008.10,31.07,71.88,1008.04,0,0,MANUAL,1,1,1,
2026-09-26 22:56:28,brain,2129000,30.67,88.00,1008.07,31.07,71.43,1007.93,0,0,MANUAL,1,1,1,
2026-09-26 22:56:29,brain,2130000,30.67,88.58,1008.08,31.08,71.51,1008.03,0,0,MANUAL,1,1,1,
2026-09-26 22:56:30,brain,2131000,30.67,87.98,1008.11,31.08,71.39,1007.97,0,0,MANUAL,1,1,1,
2026-09-26 22:56:31,brain,2132000,30.67,88.80,1008.11,31.07,71.67,1007.98,0,0,MANUAL,1,1,1,
2026-09-26 22:56:32,brain,2133000,30.66,88.43,1008.09,31.07,71.45,1007.96,0,0,MANUAL,1,1,1,
2026-09-26 22:56:33,brain,2134000,30.67,88.27,1008.07,31.07,71.68,1008.05,0,0,MANUAL,1,1,1,
2026-09-26 22:56:34,brain,2135000,30.68,88.60,1008.14,31.07,71.80,1008.01,0,0,MANUAL,1,1,1,
2026-09-26 22:56:35,brain,2136000,30.67,88.70,1008.07,31.08,71.73,1008.01,0,0,MANUAL,1,1,1,
2026-09-26 22:56:36,brain,2137000,30.68,88.72,1008.14,31.07,71.42,1008.05,0,0,MANUAL,1,1,1,
2026-09-26 22:56:37,brain,2138000,30.67,88.13,1008.08,31.08,71.49,1008.06,0,0,MANUAL,1,1,1,
2026-09-26 22:56:38,brain,2139000,30.67,89.03,1008.13,31.07,71.48,1008.05,0,0,MANUAL,1,1,1,
2026-09-26 22:56:39,brain,2140000,30.67,88.29,1008.08,31.07,71.68,1007.99,0,0,MANUAL,1,1,1,
2026-09-26 22:56:40,brain,2141000,30.68,88.31,1008.11,31.08,71.67,1008.05,0,0,MANUAL,1,1,1,
2026-09-26 22:56:41,brain,2142000,30.67,88.32,1008.07,31.07,71.55,1008.01,0,0,MANUAL,1,1,1,
2026-09-26 22:56:42,brain,2143000,30.67,88.94,1008.07,31.07,71.44,1007.99,0,0,MANUAL,1,1,1,
2026-09-26 22:56:43,brain,2144000,30.67,88.67,1008.11,31.08,71.79,1008.03,0,0,MANUAL,1,1,1,
2026-09-26 22:56:44,brain,2145000,30.67,88.30,1008.13,31.08,71.87,1008.05,0,0,MANUAL,1,1,1,
2026-09-26 22:56:45,brain,2146000,30.68,89.00,1008.09,31.06,71.88,1007.97,0,0,MANUAL,1,1,1,
2026-09-26 22:56:46,brain,2147000,30.68,88.60,1008.09,31.06,71.72,1008.00,0,0,MANUAL,1,1,1,
2026-09-26 22:56:47,brain,2148000,30.67,88.77,1008.08,31.06,71.93,1007.97,0,0,MANUAL,1,1,1,
2026-09-26 22:56:48,brain,2149000,30.67,88.85,1008.13,31.06,71.78,1008.00,0,0,MANUAL,1,1,1,
2026-09-26 22:56:49,brain,2150000,30.67,88.92,1008.07,31.06,72.04,1008.00,0,0,MANUAL,1,1,1,
2026-09-26 22:56:50,brain,2151000,30.68,88.26,1008.14,31.06,71.83,1007.97,0,0,MANUAL,1,1,1,
2026-09-26 22:56:51,brain,2152000,30.67,88.61,1008.04,31.05,71.83,1008.01,0,0,MANUAL,1,1,1,
2026-09-26 22:56:52,brain,2153000,30.67,88.84,1008.10,31.06,71.97,1008.02,0,0,MANUAL,1,1,1,
2026-09-26 22:56:53,brain,2154000,30.67,88.69,1008.13,31.06,72.00,1008.02,0,0,MANUAL,1,1,1,
2026-09-26 22:56:54,brain,2155000,30.66,88.57,1008.06,31.06,71.92,1008.00,0,0,MANUAL,1,1,1,
2026-09-26 22:56:55,brain,2156000,30.67,88.68,1008.13,31.06,71.88,1007.97,0,0,MANUAL,1,1,1,
2026-09-26 22:56:56,brain,2157000,30.67,88.98,1008.13,31.06,71.79,1008.03,0,0,MANUAL,1,1,1,
2026-09-26 22:56:57,brain,2158000,30.67,88.95,1008.11,31.07,71.84,1008.05,0,0,MANUAL,1,1,1,
2026-09-26 22:56:58,brain,2159000,30.67,88.54,1008.07,31.06,71.78,1008.00,0,0,MANUAL,1,1,1,
2026-09-26 22:56:59,brain,2160000,30.67,88.00,1008.08,31.06,71.90,1008.03,0,0,MANUAL,1,1,1,
2026-09-26 22:57:00,brain,2161000,30.67,88.90,1008.10,31.05,71.75,1008.04,0,0,MANUAL,1,1,1,
2026-09-26 22:57:01,brain,2162000,30.67,88.55,1008.13,31.07,71.83,1008.04,0,0,MANUAL,1,1,1,
2026-09-26 22:57:02,brain,2163000,30.66,88.51,1008.09,31.06,72.08,1008.05,0,0,MANUAL,1,1,1,
2026-09-26 22:57:03,brain,2164000,30.67,88.94,1008.10,31.05,71.63,1008.01,0,0,MANUAL,1,1,1,
2026-09-26 22:57:04,brain,2165000,30.67,88.23,1008.13,31.05,71.80,1008.04,0,0,MANUAL,1,1,1,
2026-09-26 22:57:05,brain,2166000,30.66,88.12,1008.05,31.06,72.05,1008.03,0,0,MANUAL,1,1,1,
2026-09-26 22:57:06,brain,2167000,30.66,88.97,1008.05,31.06,71.73,1008.09,0,0,MANUAL,1,1,1,
2026-09-26 22:57:07,brain,2168000,30.66,88.88,1008.09,31.06,71.81,1008.06,0,0,MANUAL,1,1,1,
2026-09-26 22:57:08,brain,2169000,30.66,88.92,1008.09,31.05,71.87,1008.07,0,0,MANUAL,1,1,1,
2026-09-26 22:57:09,brain,2170000,30.68,88.65,1008.14,31.05,71.52,1008.01,0,0,MANUAL,1,1,1,
2026-09-26 22:57:10,brain,2171000,30.66,88.97,1008.06,31.06,71.51,1008.00,0,0,MANUAL,1,1,1,
2026-09-26 22:57:11,brain,2172000,30.67,88.94,1008.13,31.06,71.79,1008.10,0,0,MANUAL,1,1,1,
2026-09-26 22:57:12,brain,2173000,30.68,88.57,1008.11,31.06,71.61,1008.03,0,0,MANUAL,1,1,1,
2026-09-26 22:57:13,brain,2174000,30.66,88.22,1008.12,31.06,71.72,1008.00,0,0,MANUAL,1,1,1,
2026-09-26 22:57:14,brain,2175000,30.67,88.60,1008.13,31.06,71.46,1007.97,0,0,MANUAL,1,1,1,
2026-09-26 22:57:15,brain,2176000,30.68,88.96,1008.14,31.05,71.37,1008.06,0,0,MANUAL,1,1,1,
2026-09-26 22:57:16,brain,2177000,30.67,88.15,1008.13,31.06,71.82,1007.99,0,0,MANUAL,1,1,1,
2026-09-26 22:57:17,brain,2178000,30.67,88.31,1008.04,31.05,71.79,1008.01,0,0,MANUAL,1,1,1,
2026-09-26 22:57:18,brain,2179000,30.68,88.86,1008.09,31.05,71.98,1007.99,0,0,MANUAL,1,1,1,
2026-09-26 22:57:19,brain,2180000,30.67,88.05,1008.15,31.05,72.01,1007.99,0,0,MANUAL,1,1,1,
2026-09-26 22:57:20,brain,2181000,30.67,88.07,1008.13,31.05,71.77,1008.04,0,0,MANUAL,1,1,1,
2026-09-26 22:57:21,brain,2182000,30.68,88.99,1008.09,31.06,72.00,1007.99,0,0,MANUAL,1,1,1,
2026-09-26 22:57:22,brain,2183000,30.67,88.54,1008.11,31.06,72.01,1008.03,0,0,MANUAL,1,1,1,
2026-09-26 22:57:23,brain,2184000,30.67,88.90,1008.07,31.06,71.77,1008.03,0,0,MANUAL,1,1,1,
2026-09-26 22:57:24,brain,2185000,30.67,88.45,1008.11,31.06,71.94,1008.03,0,0,MANUAL,1,1,1,
2026-09-26 22:57:25,brain,2186000,30.66,88.43,1008.09,31.06,72.02,1007.97,0,0,MANUAL,1,1,1,
2026-09-26 22:57:26,brain,2187000,30.68,88.77,1008.14,31.05,71.87,1008.06,0,0,MANUAL,1,1,1,
2026-09-26 22:57:27,brain,2188000,30.68,88.23,1008.06,31.05,71.80,1008.04,0,0,MANUAL,1,1,1,
2026-09-26 22:57:28,brain,2189000,30.67,88.71,1008.10,31.06,71.83,1008.02,0,0,MANUAL,1,1,1,
2026-09-26 22:57:29,brain,2190000,30.67,88.08,1008.10,31.05,71.98,1008.01,0,0,MANUAL,1,1,1,
2026-09-26 22:57:30,brain,2191000,30.67,88.45,1008.18,31.06,71.88,1008.02,0,0,MANUAL,1,1,1,
2026-09-26 22:57:31,brain,2192000,30.67,88.97,1008.05,31.05,71.95,1008.03,0,0,MANUAL,1,1,1,
2026-09-26 22:57:32,brain,2193000,30.67,88.94,1008.13,31.06,71.98,1008.05,0,0,MANUAL,1,1,1,
2026-09-26 22:57:33,brain,2194000,30.67,88.50,1008.10,31.05,71.91,1008.04,0,0,MANUAL,1,1,1,
2026-09-26 22:57:34,brain,2195000,30.66,87.97,1008.14,31.05,71.96,1008.04,0,0,MANUAL,1,1,1,
2026-09-26 22:57:35,brain,2196000,30.67,88.58,1008.07,31.05,71.95,1008.01,0,0,MANUAL,1,1,1,
2026-09-26 22:57:36,brain,2197000,30.67,88.49,1008.11,31.05,71.96,1008.06,0,0,MANUAL,1,1,1,
2026-09-26 22:57:37,brain,2198000,30.67,88.12,1008.05,31.06,71.79,1008.02,0,0,MANUAL,1,1,1,
2026-09-26 22:57:38,brain,2199000,30.67,88.49,1008.22,31.06,71.99,1008.00,0,0,MANUAL,1,1,1,
2026-09-26 22:57:39,brain,2200000,30.67,88.67,1008.18,31.05,71.92,1008.01,0,0,MANUAL,1,1,1,
2026-09-26 22:57:40,brain,2201000,30.68,88.02,1008.14,31.04,71.91,1008.00,0,0,MANUAL,1,1,1,
2026-09-26 22:57:41,brain,2202000,30.68,88.01,1008.09,31.05,71.90,1008.01,0,0,MANUAL,1,1,1,
2026-09-26 22:57:42,brain,2203000,30.68,88.63,1008.14,31.05,71.96,1008.07,0,0,MANUAL,1,1,1,
2026-09-26 22:57:43,brain,2204000,30.66,88.30,1008.06,31.05,71.56,1008.01,0,0,MANUAL,1,1,1,
2026-09-26 22:57:44,brain,2205000,30.67,88.86,1008.15,31.05,71.50,1008.03,0,0,MANUAL,1,1,1,
2026-09-26 22:57:45,brain,2206000,30.66,87.99,1008.06,31.06,71.64,1008.00,0,0,MANUAL,1,1,1,
2026-09-26 22:57:46,brain,2207000,30.67,88.00,1008.07,31.06,71.80,1008.00,0,0,MANUAL,1,1,1,
2026-09-26 22:57:47,brain,2208000,30.67,88.82,1008.10,31.04,71.80,1007.97,0,0,MANUAL,1,1,1,
2026-09-26 22:57:48,brain,2209000,30.67,88.02,1008.11,31.06,72.06,1008.09,0,0,MANUAL,1,1,1,
2026-09-26 22:57:49,brain,2210000,30.67,88.00,1008.10,31.06,71.89,1007.97,0,0,MANUAL,1,1,1,
2026-09-26 22:57:50,brain,2211000,30.68,88.04,1008.20,31.05,71.62,1008.04,0,0,MANUAL,1,1,1,
2026-09-26 22:57:51,brain,2212000,30.67,88.92,1008.07,31.05,71.75,1008.01,0,0,MANUAL,1,1,1,
2026-09-26 22:57:52,brain,2213000,30.68,88.71,1008.17,31.04,71.90,1008.00,0,0,MANUAL,1,1,1,
2026-09-26 22:57:53,brain,2214000,30.67,88.29,1008.13,31.05,71.80,1008.04,0,0,MANUAL,1,1,1,
2026-09-26 22:57:54,brain,2215000,30.68,88.72,1008.09,31.05,71.82,1008.01,0,0,MANUAL,1,1,1,
2026-09-26 22:57:55,brain,2216000,30.67,88.15,1008.13,31.05,71.83,1007.98,0,0,MANUAL,1,1,1,
2026-09-26 22:57:56,brain,2217000,30.67,88.85,1008.10,31.06,71.61,1008.03,0,0,MANUAL,1,1,1,
2026-09-26 22:57:57,brain,2218000,30.67,87.99,1008.08,31.05,71.68,1008.01,0,0,MANUAL,1,1,1,
2026-09-26 22:57:58,brain,2219000,30.67,88.51,1008.07,31.06,71.85,1007.94,0,0,MANUAL,1,1,1,
2026-09-26 22:57:59,brain,2220000,30.67,88.00,1008.10,31.06,71.78,1008.02,0,0,MANUAL,1,1,1,
2026-09-26 22:58:00,brain,2221000,30.67,88.51,1008.04,31.04,71.91,1008.03,0,0,MANUAL,1,1,1,
2026-09-26 22:58:01,brain,2222000,30.67,88.05,1008.10,31.05,72.09,1008.06,0,0,MANUAL,1,1,1,
2026-09-26 22:58:02,brain,2223000,30.67,88.03,1008.13,31.05,71.89,1008.04,0,0,MANUAL,1,1,1,
2026-09-26 22:58:03,brain,2224000,30.67,88.43,1008.11,31.04,71.83,1008.05,0,0,MANUAL,1,1,1,
2026-09-26 22:58:04,brain,2225000,30.68,88.60,1008.11,31.06,71.73,1008.03,0,0,MANUAL,1,1,1,
2026-09-26 22:58:05,brain,2226000,30.67,88.27,1008.10,31.05,72.01,1008.03,0,0,MANUAL,1,1,1,
2026-09-26 22:58:06,brain,2227000,30.66,88.62,1008.12,31.04,71.90,1008.08,0,0,MANUAL,1,1,1,
2026-09-26 22:58:07,brain,2228000,30.66,89.00,1008.09,31.04,72.01,1008.00,0,0,MANUAL,1,1,1,
2026-09-26 22:58:08,brain,2229000,30.67,88.62,1008.18,31.04,71.99,1008.03,0,0,MANUAL,1,1,1,
2026-09-26 22:58:09,brain,2230000,30.67,88.94,1008.13,31.04,71.84,1008.08,0,0,MANUAL,1,1,1,
2026-09-26 22:58:10,brain,2231000,30.67,88.12,1008.13,31.04,72.18,1008.05,0,0,MANUAL,1,1,1,
2026-09-26 22:58:11,brain,2232000,30.67,88.49,1008.15,31.04,71.87,1008.05,0,0,MANUAL,1,1,1,
2026-09-26 22:58:12,brain,2233000,30.66,88.90,1008.06,31.04,72.08,1008.00,0,0,MANUAL,1,1,1,
2026-09-26 22:58:13,brain,2234000,30.67,88.24,1008.11,31.05,71.99,1008.04,0,0,MANUAL,1,1,1,
2026-09-26 22:58:14,brain,2235000,30.67,88.11,1008.13,31.04,71.99,1008.05,0,0,MANUAL,1,1,1,
2026-09-26 22:58:15,brain,2236000,30.68,88.65,1008.09,31.04,71.84,1008.03,0,0,MANUAL,1,1,1,
2026-09-26 22:58:16,brain,2237000,30.66,88.04,1008.12,31.04,71.65,1007.99,0,0,MANUAL,1,1,1,
2026-09-26 22:58:17,brain,2238000,30.66,89.04,1008.11,31.03,71.74,1007.95,0,0,MANUAL,1,1,1,
2026-09-26 22:58:18,brain,2239000,30.66,88.48,1008.11,31.05,71.75,1008.01,0,0,MANUAL,1,1,1,
2026-09-26 22:58:19,brain,2240000,30.67,88.85,1008.11,31.04,71.79,1007.99,0,0,MANUAL,1,1,1,
2026-09-26 22:58:20,brain,2241000,30.67,88.63,1008.05,31.04,71.97,1008.00,0,0,MANUAL,1,1,1,
2026-09-26 22:58:21,brain,2242000,30.67,88.01,1008.15,31.03,71.67,1007.95,0,0,MANUAL,1,1,1,
2026-09-26 22:58:22,brain,2243000,30.66,88.59,1008.15,31.04,71.73,1008.11,0,0,MANUAL,1,1,1,
2026-09-26 22:58:23,brain,2244000,30.67,88.39,1008.11,31.04,71.97,1008.00,0,0,MANUAL,1,1,1,
2026-09-26 22:58:24,brain,2245000,30.67,88.41,1008.13,31.04,71.81,1007.91,0,0,MANUAL,1,1,1,
2026-09-26 22:58:25,brain,2246000,30.67,88.68,1008.10,31.04,71.68,1008.00,0,0,MANUAL,1,1,1,
2026-09-26 22:58:26,brain,2247000,30.67,88.42,1008.18,31.04,71.72,1007.93,0,0,MANUAL,1,1,1,
2026-09-26 22:58:27,brain,2248000,30.66,88.13,1008.11,31.04,71.89,1008.00,0,0,MANUAL,1,1,1,
2026-09-26 22:58:28,brain,2249000,30.67,88.92,1008.13,31.05,71.89,1007.99,0,0,MANUAL,1,1,1,
2026-09-26 22:58:29,brain,2250000,30.66,88.16,1008.09,31.05,71.71,1008.03,0,0,MANUAL,1,1,1,
2026-09-26 22:58:30,brain,2251000,30.68,88.80,1008.11,31.05,71.83,1008.01,0,0,MANUAL,1,1,1,
2026-09-26 22:58:31,brain,2252000,30.67,87.97,1008.18,31.05,71.81,1007.99,0,0,MANUAL,1,1,1,
2026-09-26 22:58:32,brain,2253000,30.67,88.74,1008.07,31.04,71.90,1008.03,0,0,MANUAL,1,1,1,
2026-09-26 22:58:33,brain,2254000,30.67,88.61,1008.10,31.05,71.69,1008.01,0,0,MANUAL,1,1,1,
2026-09-26 22:58:34,brain,2255000,30.67,88.68,1008.15,31.05,71.90,1008.01,0,0,MANUAL,1,1,1,
2026-09-26 22:58:35,brain,2256000,30.66,88.64,1008.08,31.05,71.71,1008.07,0,0,MANUAL,1,1,1,
2026-09-26 22:58:36,brain,2257000,30.67,87.91,1008.13,31.05,71.71,1008.01,0,0,MANUAL,1,1,1,
2026-09-26 22:58:37,brain,2258000,30.67,88.93,1008.13,31.05,72.06,1008.03,0,0,MANUAL,1,1,1,
2026-09-26 22:58:38,brain,2259000,30.67,89.08,1008.10,31.04,71.68,1008.03,0,0,MANUAL,1,1,1,
2026-09-26 22:58:39,brain,2260000,30.67,88.67,1008.13,31.05,71.79,1008.01,0,0,MANUAL,1,1,1,
2026-09-26 22:58:40,brain,2261000,30.66,88.94,1008.08,31.05,71.87,1008.03,0,0,MANUAL,1,1,1,
2026-09-26 22:58:41,brain,2262000,30.67,88.36,1008.15,31.04,71.97,1007.97,0,0,MANUAL,1,1,1,
2026-09-26 22:58:42,brain,2263000,30.67,88.98,1008.13,31.06,71.92,1007.97,0,0,MANUAL,1,1,1,
2026-09-26 22:58:43,brain,2264000,30.67,88.11,1008.11,31.04,71.92,1008.02,0,0,MANUAL,1,1,1,
2026-09-26 22:58:44,brain,2265000,30.66,88.08,1008.06,31.06,71.50,1008.02,0,0,MANUAL,1,1,1,
2026-09-26 22:58:45,brain,2266000,30.67,89.00,1008.16,31.04,71.80,1008.00,0,0,MANUAL,1,1,1,
2026-09-26 22:58:46,brain,2267000,30.68,88.37,1008.14,31.05,72.01,1007.98,0,0,MANUAL,1,1,1,
2026-09-26 22:58:47,brain,2268000,30.67,88.23,1008.13,31.04,71.61,1008.00,0,0,MANUAL,1,1,1,
2026-09-26 22:58:48,brain,2269000,30.67,88.75,1008.16,31.05,71.93,1008.01,0,0,MANUAL,1,1,1,
2026-09-26 22:58:49,brain,2270000,30.67,88.08,1008.13,31.05,71.84,1008.01,0,0,MANUAL,1,1,1,
2026-09-26 22:58:50,brain,2271000,30.67,88.79,1008.11,31.05,71.95,1008.01,0,0,MANUAL,1,1,1,
2026-09-26 22:58:51,brain,2272000,30.67,88.61,1008.08,31.06,71.82,1007.97,0,0,MANUAL,1,1,1,
2026-09-26 22:58:52,brain,2273000,30.67,88.95,1008.13,31.05,71.63,1008.01,0,0,MANUAL,1,1,1,
2026-09-26 22:58:53,brain,2274000,30.67,88.43,1008.13,31.05,71.91,1008.07,0,0,MANUAL,1,1,1,
2026-09-26 22:58:54,brain,2275000,30.66,88.05,1008.14,31.05,72.00,1007.96,0,0,MANUAL,1,1,1,
2026-09-26 22:58:55,brain,2276000,30.67,88.10,1008.13,31.05,71.81,1008.01,0,0,MANUAL,1,1,1,
2026-09-26 22:58:56,brain,2277000,30.67,88.82,1008.10,31.04,71.80,1008.03,0,0,MANUAL,1,1,1,
2026-09-26 22:58:57,brain,2278000,30.67,89.01,1008.13,31.05,71.57,1008.01,0,0,MANUAL,1,1,1,
2026-09-26 22:58:58,brain,2279000,30.67,87.99,1008.13,31.05,71.69,1008.01,0,0,MANUAL,1,1,1,
2026-09-26 22:58:59,brain,2280000,30.67,88.41,1008.11,31.05,71.86,1008.01,0,0,MANUAL,1,1,1,
2026-09-26 22:59:00,brain,2281000,30.67,88.61,1008.10,31.04,71.96,1008.00,0,0,MANUAL,1,1,1,
2026-09-26 22:59:01,brain,2282000,30.66,88.16,1008.12,31.05,72.04,1008.06,0,0,MANUAL,1,1,1,
2026-09-26 22:59:02,brain,2283000,30.67,88.29,1008.13,31.05,71.89,1008.03,0,0,MANUAL,1,1,1,
2026-09-26 22:59:03,brain,2284000,30.67,88.46,1008.13,31.04,71.92,1008.00,0,0,MANUAL,1,1,1,
2026-09-26 22:59:04,brain,2285000,30.67,88.24,1008.10,31.04,71.86,1008.00,0,0,MANUAL,1,1,1,
2026-09-26 22:59:05,brain,2286000,30.67,88.16,1008.13,31.05,72.18,1008.01,0,0,MANUAL,1,1,1,
2026-09-26 22:59:06,brain,2287000,30.67,88.16,1008.10,31.05,72.07,1008.06,0,0,MANUAL,1,1,1,
2026-09-26 22:59:07,brain,2288000,30.67,88.39,1008.13,31.05,71.95,1007.98,0,0,MANUAL,1,1,1,
2026-09-26 22:59:08,brain,2289000,30.68,88.50,1008.14,31.04,71.72,1008.05,0,0,MANUAL,1,1,1,
2026-09-26 22:59:09,brain,2290000,30.67,88.89,1008.08,31.05,71.97,1008.03,0,0,MANUAL,1,1,1,
2026-09-26 22:59:10,brain,2291000,30.67,89.05,1008.13,31.05,71.90,1008.06,0,0,MANUAL,1,1,1,
2026-09-26 22:59:11,brain,2292000,30.68,88.55,1008.17,31.04,72.14,1008.07,0,0,MANUAL,1,1,1,
2026-09-26 22:59:12,brain,2293000,30.67,88.36,1008.16,31.05,71.97,1008.03,0,0,MANUAL,1,1,1,
2026-09-26 22:59:13,brain,2294000,30.66,88.27,1008.06,31.05,71.90,1008.03,0,0,MANUAL,1,1,1,
2026-09-26 22:59:14,brain,2295000,30.67,89.01,1008.16,31.04,71.70,1008.08,0,0,MANUAL,1,1,1,
2026-09-26 22:59:15,brain,2296000,30.67,88.97,1008.13,31.04,72.16,1007.99,0,0,MANUAL,1,1,1,
2026-09-26 22:59:16,brain,2297000,30.67,89.02,1008.07,31.03,72.00,1008.07,0,0,MANUAL,1,1,1,
2026-09-26 22:59:17,brain,2298000,30.67,88.38,1008.05,31.03,72.09,1008.07,0,0,MANUAL,1,1,1,
2026-09-26 22:59:18,brain,2299000,30.67,88.89,1008.04,31.04,71.85,1008.05,0,0,MANUAL,1,1,1,
2026-09-26 22:59:19,brain,2300000,30.67,88.49,1008.18,31.05,72.00,1008.03,0,0,MANUAL,1,1,1,
2026-09-26 22:59:20,brain,2301000,30.67,88.03,1008.15,31.04,72.25,1008.03,0,0,MANUAL,1,1,1,
2026-09-26 22:59:21,brain,2302000,30.67,88.20,1008.10,31.05,71.91,1008.03,0,0,MANUAL,1,1,1,
2026-09-26 22:59:22,brain,2303000,30.67,88.14,1008.13,31.04,71.91,1008.05,0,0,MANUAL,1,1,1,
2026-09-26 22:59:23,brain,2304000,30.67,88.08,1008.13,31.05,71.82,1007.95,0,0,MANUAL,1,1,1,
2026-09-26 22:59:24,brain,2305000,30.67,88.36,1008.13,31.05,72.06,1008.09,0,0,MANUAL,1,1,1,
2026-09-26 22:59:25,brain,2306000,30.67,88.60,1008.19,31.04,72.00,1008.05,0,0,MANUAL,1,1,1,
2026-09-26 22:59:26,brain,2307000,30.67,88.79,1008.11,31.03,72.02,1008.07,0,0,MANUAL,1,1,1,
2026-09-26 22:59:27,brain,2308000,30.68,88.84,1008.17,31.04,72.01,1008.02,0,0,MANUAL,1,1,1,
2026-09-26 22:59:28,brain,2309000,30.67,88.89,1008.13,31.04,72.03,1008.05,0,0,MANUAL,1,1,1,
2026-09-26 22:59:29,brain,2310000,30.67,88.98,1008.08,31.03,72.21,1008.04,0,0,MANUAL,1,1,1,
2026-09-26 22:59:30,brain,2311000,30.67,88.22,1008.13,31.04,72.12,1008.02,0,0,MANUAL,1,1,1,
2026-09-26 22:59:31,brain,2312000,30.68,88.16,1008.14,31.05,71.82,1008.09,0,0,MANUAL,1,1,1,
2026-09-26 22:59:32,brain,2313000,30.67,89.01,1008.08,31.04,71.73,1008.03,0,0,MANUAL,1,1,1,
2026-09-26 22:59:33,brain,2314000,30.66,88.66,1008.12,31.05,71.74,1008.03,0,0,MANUAL,1,1,1,
2026-09-26 22:59:34,brain,2315000,30.67,88.90,1008.16,31.05,71.89,1007.98,0,0,MANUAL,1,1,1,
2026-09-26 22:59:35,brain,2316000,30.67,88.65,1008.10,31.04,72.04,1008.05,0,0,MANUAL,1,1,1,
2026-09-26 22:59:36,brain,2317000,30.68,89.01,1008.14,31.04,71.93,1008.08,0,0,MANUAL,1,1,1,
2026-09-26 22:59:37,brain,2318000,30.66,88.11,1008.11,31.04,71.88,1008.07,0,0,MANUAL,1,1,1,
2026-09-26 22:59:38,brain,2319000,30.66,88.96,1008.12,31.04,71.86,1008.00,0,0,MANUAL,1,1,1,
2026-09-26 22:59:39,brain,2320000,30.66,88.81,1008.12,31.04,71.84,1008.03,0,0,MANUAL,1,1,1,
2026-09-26 22:59:40,brain,2321000,30.67,89.09,1008.13,31.03,71.95,1008.04,0,0,MANUAL,1,1,1,
2026-09-26 22:59:41,brain,2322000,30.67,88.20,1008.15,31.04,72.08,1008.05,0,0,MANUAL,1,1,1,
2026-09-26 22:59:42,brain,2323000,30.67,88.11,1008.13,31.05,71.71,1008.10,0,0,MANUAL,1,1,1,
2026-09-26 22:59:43,brain,2324000,30.67,88.12,1008.13,31.04,71.96,1008.05,0,0,MANUAL,1,1,1,
2026-09-26 22:59:44,brain,2325000,30.66,88.18,1008.15,31.04,71.90,1007.99,0,0,MANUAL,1,1,1,
2026-09-26 22:59:45,brain,2326000,30.68,88.86,1008.11,31.04,72.09,1008.05,0,0,MANUAL,1,1,1,
2026-09-26 22:59:46,brain,2327000,30.67,88.10,1008.15,31.04,71.96,1008.07,0,0,MANUAL,1,1,1,
2026-09-26 22:59:47,brain,2328000,30.67,89.03,1008.08,31.04,71.93,1008.05,0,0,MANUAL,1,1,1,
2026-09-26 22:59:48,brain,2329000,30.68,88.87,1008.09,31.04,71.92,1007.97,0,0,MANUAL,1,1,1,
2026-09-26 22:59:49,brain,2330000,30.68,88.06,1008.14,31.04,72.01,1008.03,0,0,MANUAL,1,1,1,
2026-09-26 22:59:50,brain,2331000,30.68,88.90,1008.14,31.04,72.04,1008.05,0,0,MANUAL,1,1,1,
2026-09-26 22:59:51,brain,2332000,30.67,88.88,1008.08,31.04,71.69,1008.05,0,0,MANUAL,1,1,1,
2026-09-26 22:59:52,brain,2333000,30.68,88.65,1008.11,31.04,72.03,1008.00,0,0,MANUAL,1,1,1,
2026-09-26 22:59:53,brain,2334000,30.67,88.20,1008.18,31.04,71.75,1008.05,0,0,MANUAL,1,1,1,
2026-09-26 22:59:54,brain,2335000,30.66,88.56,1008.06,31.05,71.61,1008.03,0,0,MANUAL,1,1,1,
2026-09-26 22:59:55,brain,2336000,30.66,88.98,1008.09,31.04,71.88,1008.03,0,0,MANUAL,1,1,1,
2026-09-26 22:59:56,brain,2337000,30.67,88.96,1008.11,31.04,72.02,1007.99,0,0,MANUAL,1,1,1,
2026-09-26 22:59:57,brain,2338000,30.67,88.71,1008.18,31.05,71.95,1008.06,0,0,MANUAL,1,1,1,
2026-09-26 22:59:58,brain,2339000,30.68,88.38,1008.14,31.04,72.04,1008.05,0,0,MANUAL,1,1,1,
2026-09-26 22:59:59,brain,2340000,30.67,89.02,1008.11,31.05,71.95,1008.06,0,0,MANUAL,1,1,1,
2026-09-26 23:00:00,brain,2341000,30.67,88.07,1008.13,31.04,72.11,1008.02,0,0,MANUAL,1,1,1,
2026-09-26 23:00:01,brain,2342000,30.67,89.09,1008.13,31.04,72.00,1008.08,0,0,MANUAL,1,1,1,
2026-09-26 23:00:02,brain,2343000,30.68,88.53,1008.17,31.05,72.15,1008.06,0,0,MANUAL,1,1,1,
2026-09-26 23:00:03,brain,2344000,30.67,88.10,1008.19,31.05,71.93,1008.03,0,0,MANUAL,1,1,1,
2026-09-26 23:00:04,brain,2345000,30.67,88.15,1008.10,31.04,71.98,1008.11,0,0,MANUAL,1,1,1,
2026-09-26 23:00:05,brain,2346000,30.67,89.00,1008.13,31.04,71.90,1008.05,0,0,MANUAL,1,1,1,
2026-09-26 23:00:06,brain,2347000,30.66,88.73,1008.12,31.05,72.09,1008.06,0,0,MANUAL,1,1,1,
2026-09-26 23:00:07,brain,2348000,30.67,88.23,1008.04,31.05,71.98,1008.06,0,0,MANUAL,1,1,1,
2026-09-26 23:00:08,brain,2349000,30.67,88.12,1008.11,31.04,71.86,1008.03,0,0,MANUAL,1,1,1,
2026-09-26 23:00:09,brain,2350000,30.67,88.81,1008.19,31.05,72.01,1008.06,0,0,MANUAL,1,1,1,
2026-09-26 23:00:10,brain,2351000,30.67,88.59,1008.13,31.04,71.87,1008.00,0,0,MANUAL,1,1,1,
2026-09-26 23:00:11,brain,2352000,30.67,88.65,1008.16,31.05,71.95,1008.01,0,0,MANUAL,1,1,1,
2026-09-26 23:00:12,brain,2353000,30.67,89.00,1008.10,31.04,71.87,1008.07,0,0,MANUAL,1,1,1,
2026-09-26 23:00:13,brain,2354000,30.68,88.07,1008.15,31.04,71.70,1008.10,0,0,MANUAL,1,1,1,
2026-09-26 23:00:14,brain,2355000,30.67,88.50,1008.11,31.05,71.99,1008.06,0,0,MANUAL,1,1,1,
2026-09-26 23:00:15,brain,2356000,30.67,88.16,1008.13,31.05,71.83,1008.06,0,0,MANUAL,1,1,1,
2026-09-26 23:00:16,brain,2357000,30.67,88.16,1008.13,31.04,72.12,1008.02,0,0,MANUAL,1,1,1,
2026-09-26 23:00:17,brain,2358000,30.67,88.94,1008.13,31.04,71.57,1008.11,0,0,MANUAL,1,1,1,
2026-09-26 23:00:18,brain,2359000,30.67,88.16,1008.13,31.04,71.88,1008.02,0,0,MANUAL,1,1,1,
2026-09-26 23:00:19,brain,2360000,30.67,88.58,1008.16,31.04,72.03,1008.08,0,0,MANUAL,1,1,1,
2026-09-26 23:00:20,brain,2361000,30.67,88.48,1008.18,31.04,72.10,1008.05,0,0,MANUAL,1,1,1,
2026-09-26 23:00:21,brain,2362000,30.67,89.00,1008.13,31.04,72.01,1008.00,0,0,MANUAL,1,1,1,
2026-09-26 23:00:22,brain,2363000,30.67,88.23,1008.13,31.04,71.72,1008.07,0,0,MANUAL,1,1,1,
2026-09-26 23:00:23,brain,2364000,30.67,88.18,1008.13,31.04,71.79,1008.02,0,0,MANUAL,1,1,1,
2026-09-26 23:00:24,brain,2365000,30.67,88.80,1008.13,31.04,71.75,1008.03,0,0,MANUAL,1,1,1,
2026-09-26 23:00:25,brain,2366000,30.67,88.29,1008.13,31.05,71.93,1008.12,0,0,MANUAL,1,1,1,
2026-09-26 23:00:26,brain,2367000,30.66,88.19,1008.15,31.03,72.09,1008.04,0,0,MANUAL,1,1,1,
2026-09-26 23:00:27,brain,2368000,30.67,88.13,1008.10,31.03,71.82,1008.03,0,0,MANUAL,1,1,1,
2026-09-26 23:00:28,brain,2369000,30.67,88.12,1008.16,31.04,71.99,1008.10,0,0,MANUAL,1,1,1,
2026-09-26 23:00:29,brain,2370000,30.66,88.45,1008.06,31.03,71.64,1008.06,0,0,MANUAL,1,1,1,
2026-09-26 23:00:30,brain,2371000,30.67,89.06,1008.13,31.04,71.66,1008.08,0,0,MANUAL,1,1,1,
2026-09-26 23:00:31,brain,2372000,30.67,89.13,1008.16,31.04,71.98,1008.02,0,0,MANUAL,1,1,1,
2026-09-26 23:00:32,brain,2373000,30.67,88.19,1008.13,31.04,71.75,1008.10,0,0,MANUAL,1,1,1,
2026-09-26 23:00:33,brain,2374000,30.66,88.37,1008.09,31.04,71.81,1008.07,0,0,MANUAL,1,1,1,
2026-09-26 23:00:34,brain,2375000,30.67,88.96,1008.13,31.03,71.67,1008.07,0,0,MANUAL,1,1,1,
2026-09-26 23:00:35,brain,2376000,30.68,88.87,1008.09,31.04,71.52,1008.05,0,0,MANUAL,1,1,1,
2026-09-26 23:00:36,brain,2377000,30.67,88.95,1008.10,31.04,71.71,1008.03,0,0,MANUAL,1,1,1,
2026-09-26 23:00:37,brain,2378000,30.68,88.23,1008.09,31.04,72.05,1008.05,0,0,MANUAL,1,1,1,
2026-09-26 23:00:38,brain,2379000,30.67,88.32,1008.10,31.05,71.86,1008.09,0,0,MANUAL,1,1,1,
2026-09-26 23:00:39,brain,2380000,30.67,88.91,1008.11,31.04,71.77,1008.05,0,0,MANUAL,1,1,1,
2026-09-26 23:00:40,brain,2381000,30.66,89.00,1008.14,31.05,71.95,1008.09,0,0,MANUAL,1,1,1,
2026-09-26 23:00:41,brain,2382000,30.67,89.05,1008.08,31.04,71.82,1008.05,0,0,MANUAL,1,1,1,
2026-09-26 23:00:42,brain,2383000,30.67,89.01,1008.13,31.04,71.56,1008.05,0,0,MANUAL,1,1,1,
2026-09-26 23:00:43,brain,2384000,30.68,88.99,1008.11,31.03,71.89,1007.98,0,0,MANUAL,1,1,1,
2026-09-26 23:00:44,brain,2385000,30.67,89.08,1008.13,31.04,71.73,1008.05,0,0,MANUAL,1,1,1,
2026-09-26 23:00:45,brain,2386000,30.66,89.06,1008.12,31.04,71.71,1007.97,0,0,MANUAL,1,1,1,
2026-09-26 23:00:46,brain,2387000,30.67,88.13,1008.10,31.04,71.99,1008.05,0,0,MANUAL,1,1,1,
2026-09-26 23:00:47,brain,2388000,30.67,88.45,1008.15,31.04,71.82,1008.00,0,0,MANUAL,1,1,1,
2026-09-26 23:00:48,brain,2389000,30.66,89.03,1008.06,31.04,72.03,1008.11,0,0,MANUAL,1,1,1,
2026-09-26 23:00:49,brain,2390000,30.67,88.74,1008.10,31.05,71.83,1008.04,0,0,MANUAL,1,1,1,
2026-09-26 23:00:50,brain,2391000,30.67,88.35,1008.07,31.05,71.96,1008.12,0,0,MANUAL,1,1,1,
2026-09-26 23:00:51,brain,2392000,30.67,89.05,1008.13,31.05,71.86,1008.06,0,0,MANUAL,1,1,1,
2026-09-26 23:00:52,brain,2393000,30.67,88.65,1008.15,31.04,71.57,1008.05,0,0,MANUAL,1,1,1,
2026-09-26 23:00:53,brain,2394000,30.67,88.15,1008.19,31.05,71.70,1008.06,0,0,MANUAL,1,1,1,
2026-09-26 23:00:54,brain,2395000,30.67,88.83,1008.13,31.04,71.62,1007.96,0,0,MANUAL,1,1,1,
2026-09-26 23:00:55,brain,2396000,30.66,88.41,1008.09,31.05,71.53,1008.07,0,0,MANUAL,1,1,1,
2026-09-26 23:00:56,brain,2397000,30.67,88.73,1008.15,31.05,71.61,1008.07,0,0,MANUAL,1,1,1,
2026-09-26 23:00:57,brain,2398000,30.67,88.48,1008.16,31.05,71.98,1008.06,0,0,MANUAL,1,1,1,
2026-09-26 23:00:58,brain,2399000,30.66,88.22,1008.23,31.04,72.01,1008.03,0,0,MANUAL,1,1,1,
2026-09-26 23:00:59,brain,2400000,30.67,88.37,1008.13,31.05,72.00,1008.10,0,0,MANUAL,1,1,1,
2026-09-26 23:01:00,brain,2401000,30.67,89.09,1008.13,31.05,72.09,1008.03,0,0,MANUAL,1,1,1,
2026-09-26 23:01:01,brain,2402000,30.67,88.69,1008.24,31.04,71.84,1008.05,0,0,MANUAL,1,1,1,
2026-09-26 23:01:02,brain,2403000,30.66,88.21,1008.12,31.04,72.05,1008.05,0,0,MANUAL,1,1,1,
2026-09-26 23:01:03,brain,2404000,30.66,88.14,1008.15,31.06,71.91,1008.10,0,0,MANUAL,1,1,1,
2026-09-26 23:01:04,brain,2405000,30.66,89.00,1008.11,31.05,71.83,1008.04,0,0,MANUAL,1,1,1,
2026-09-26 23:01:05,brain,2406000,30.67,89.01,1008.10,31.06,71.73,1008.09,0,0,MANUAL,1,1,1,
2026-09-26 23:01:06,brain,2407000,30.67,88.72,1008.15,31.05,71.86,1008.03,0,0,MANUAL,1,1,1,
2026-09-26 23:01:07,brain,2408000,30.67,88.55,1008.13,31.05,71.99,1008.01,0,0,MANUAL,1,1,1,
2026-09-26 23:01:08,brain,2409000,30.65,88.08,1008.12,31.04,72.05,1008.00,0,0,MANUAL,1,1,1,
2026-09-26 23:01:09,brain,2410000,30.66,88.90,1008.17,31.04,72.01,1008.00,0,0,MANUAL,1,1,1,
2026-09-26 23:01:10,brain,2411000,30.66,89.02,1008.12,31.05,72.12,1008.10,0,0,MANUAL,1,1,1,
2026-09-26 23:01:11,brain,2412000,30.67,89.06,1008.18,31.04,71.90,1008.03,0,0,MANUAL,1,1,1,
2026-09-26 23:01:12,brain,2413000,30.66,88.29,1008.11,31.05,71.97,1007.98,0,0,MANUAL,1,1,1,
2026-09-26 23:01:13,brain,2414000,30.67,89.07,1008.19,31.04,71.87,1008.11,0,0,MANUAL,1,1,1,
2026-09-26 23:01:14,brain,2415000,30.66,88.72,1008.15,31.04,71.95,1008.05,0,0,MANUAL,1,1,1,
2026-09-26 23:01:15,brain,2416000,30.67,89.00,1008.15,31.05,71.65,1008.06,0,0,MANUAL,1,1,1,
2026-09-26 23:01:16,brain,2417000,30.67,88.22,1008.13,31.04,71.95,1008.08,0,0,MANUAL,1,1,1,
2026-09-26 23:01:17,brain,2418000,30.67,88.84,1008.10,31.04,71.89,1008.11,0,0,MANUAL,1,1,1,
2026-09-26 23:01:18,brain,2419000,30.67,88.26,1008.19,31.04,72.19,1008.03,0,0,MANUAL,1,1,1,
2026-09-26 23:01:19,brain,2420000,30.67,89.05,1008.15,31.04,71.90,1008.10,0,0,MANUAL,1,1,1,
2026-09-26 23:01:20,brain,2421000,30.67,88.16,1008.15,31.04,72.00,1008.05,0,0,MANUAL,1,1,1,
2026-09-26 23:01:21,brain,2422000,30.67,88.91,1008.18,31.04,72.00,1008.05,0,0,MANUAL,1,1,1,
2026-09-26 23:01:22,brain,2423000,30.66,88.42,1008.12,31.04,71.99,1008.08,0,0,MANUAL,1,1,1,
2026-09-26 23:01:23,brain,2424000,30.66,89.04,1008.12,31.05,71.90,1008.06,0,0,MANUAL,1,1,1,
2026-09-26 23:01:24,brain,2425000,30.67,88.71,1008.13,31.04,71.83,1008.05,0,0,MANUAL,1,1,1,
2026-09-26 23:01:25,brain,2426000,30.67,89.13,1008.13,31.04,71.84,1008.03,0,0,MANUAL,1,1,1,
2026-09-26 23:01:26,brain,2427000,30.66,88.57,1008.11,31.04,71.82,1008.05,0,0,MANUAL,1,1,1,
2026-09-26 23:01:27,brain,2428000,30.67,88.98,1008.15,31.03,72.16,1008.04,0,0,MANUAL,1,1,1,
2026-09-26 23:01:28,brain,2429000,30.67,88.97,1008.18,31.05,71.86,1008.03,0,0,MANUAL,1,1,1,
2026-09-26 23:01:29,brain,2430000,30.67,88.65,1008.10,31.04,72.17,1008.08,0,0,MANUAL,1,1,1,
2026-09-26 23:01:30,brain,2431000,30.67,88.26,1008.15,31.04,71.93,1008.05,0,0,MANUAL,1,1,1,
2026-09-26 23:01:31,brain,2432000,30.67,88.82,1008.18,31.05,71.75,1008.06,0,0,MANUAL,1,1,1,
2026-09-26 23:01:32,brain,2433000,30.66,88.14,1008.12,31.04,72.03,1008.11,0,0,MANUAL,1,1,1,
2026-09-26 23:01:33,brain,2434000,30.67,88.68,1008.13,31.03,71.92,1008.04,0,0,MANUAL,1,1,1,
2026-09-26 23:01:34,brain,2435000,30.67,88.09,1008.19,31.04,71.89,1007.97,0,0,MANUAL,1,1,1,
2026-09-26 23:01:35,brain,2436000,30.67,88.53,1008.18,31.05,71.88,1008.06,0,0,MANUAL,1,1,1,
2026-09-26 23:01:36,brain,2437000,30.67,89.00,1008.13,31.04,71.88,1008.05,0,0,MANUAL,1,1,1,
2026-09-26 23:01:37,brain,2438000,30.68,88.71,1008.14,31.04,71.84,1008.05,0,0,MANUAL,1,1,1,
2026-09-26 23:01:38,brain,2439000,30.66,88.13,1008.11,31.05,71.82,1008.09,0,0,MANUAL,1,1,1,
2026-09-26 23:01:39,brain,2440000,30.66,88.93,1008.14,31.03,71.99,1008.04,0,0,MANUAL,1,1,1,
2026-09-26 23:01:40,brain,2441000,30.65,89.01,1008.12,31.05,71.97,1008.06,0,0,MANUAL,1,1,1,
2026-09-26 23:01:41,brain,2442000,30.64,88.92,1008.17,31.04,71.83,1008.05,0,0,MANUAL,1,1,1,
2026-09-26 23:01:42,brain,2443000,30.62,88.78,1008.17,31.03,71.88,1008.07,0,0,MANUAL,1,1,1,
2026-09-26 23:01:43,brain,2444000,30.61,88.28,1008.15,31.03,71.95,1008.01,0,0,MANUAL,1,1,1,
2026-09-26 23:01:44,brain,2445000,30.58,88.69,1008.14,31.04,71.89,1008.03,0,0,MANUAL,1,1,1,
2026-09-26 23:01:45,brain,2446000,30.56,88.09,1008.08,31.04,71.81,1008.03,0,0,MANUAL,1,1,1,
2026-09-26 23:01:46,brain,2447000,30.54,88.36,1008.16,31.05,71.91,1008.09,0,0,MANUAL,1,1,1,
2026-09-26 23:01:47,brain,2448000,30.53,88.24,1008.13,31.05,71.98,1008.07,0,0,MANUAL,1,1,1,
2026-09-26 23:01:48,brain,2449000,30.50,88.56,1008.08,31.05,71.98,1008.07,0,0,MANUAL,1,1,1,
2026-09-26 23:01:49,brain,2450000,30.47,88.52,1008.16,31.05,71.98,1008.07,0,0,MANUAL,1,1,1,
2026-09-26 23:01:50,brain,2451000,30.47,88.52,1008.16,31.06,71.85,1008.11,0,0,MANUAL,1,1,1,
2026-09-26 23:01:51,brain,2452000,30.47,87.60,1008.14,31.06,71.71,1008.13,0,0,MANUAL,1,1,1,
2026-09-26 23:01:52,brain,2453000,30.27,86.72,1008.16,31.06,71.80,1008.02,0,0,MANUAL,1,1,1,
2026-09-26 23:01:53,brain,2454000,30.23,86.75,1008.12,31.06,71.91,1008.02,0,0,MANUAL,1,1,1,
2026-09-26 23:01:54,brain,2455000,30.15,86.13,1008.15,31.06,72.16,1008.05,0,0,MANUAL,1,1,1,
2026-09-26 23:01:55,brain,2456000,30.11,84.99,1008.14,31.06,71.97,1008.00,0,0,MANUAL,1,1,1,
2026-09-26 23:01:56,brain,2457000,30.07,84.63,1008.18,31.05,71.84,1007.99,0,0,MANUAL,1,1,1,
2026-09-26 23:01:57,brain,2458000,30.04,84.69,1008.13,31.06,72.03,1008.06,0,0,MANUAL,1,1,1,
2026-09-26 23:01:58,brain,2459000,30.01,84.01,1008.15,31.05,71.82,1008.07,0,0,MANUAL,1,1,1,
2026-09-26 23:01:59,brain,2460000,29.99,84.38,1008.20,31.06,72.07,1008.06,0,0,MANUAL,1,1,1,
2026-09-26 23:02:00,brain,2461000,29.96,83.41,1008.21,31.06,71.83,1008.02,0,0,MANUAL,1,1,1,
2026-09-26 23:02:01,brain,2462000,29.94,83.60,1008.17,31.06,71.96,1008.02,0,0,MANUAL,1,1,1,
2026-09-26 23:02:02,brain,2463000,29.91,82.76,1008.16,31.05,71.89,1008.07,0,0,MANUAL,1,1,1,
2026-09-26 23:02:03,brain,2464000,29.91,83.13,1008.20,31.05,71.93,1008.01,0,0,MANUAL,1,1,1,
2026-09-26 23:02:04,brain,2465000,29.88,82.62,1008.16,31.05,71.89,1008.10,0,0,MANUAL,1,1,1,
2026-09-26 23:02:05,brain,2466000,29.86,82.68,1008.13,31.05,72.15,1008.07,0,0,MANUAL,1,1,1,
2026-09-26 23:02:06,brain,2467000,29.86,81.96,1008.19,31.06,72.04,1008.06,0,0,MANUAL,1,1,1,
2026-09-26 23:02:07,brain,2468000,29.84,81.03,1008.16,31.05,72.00,1008.07,0,0,MANUAL,1,1,1,
2026-09-26 23:02:08,brain,2469000,29.83,81.09,1008.15,31.05,71.79,1008.07,0,0,MANUAL,1,1,1,
2026-09-26 23:02:09,brain,2470000,29.82,80.80,1008.19,31.05,71.84,1008.07,0,0,MANUAL,1,1,1,
2026-09-26 23:02:10,brain,2471000,29.82,81.19,1008.15,31.05,71.95,1008.01,0,0,MANUAL,1,1,1,
2026-09-26 23:02:11,brain,,,,,,,,,,,,,,MARK  FAULT lid fully off
2026-09-26 23:02:11,brain,2472000,29.80,80.76,1008.18,31.05,71.69,1008.07,0,0,MANUAL,1,1,1,
2026-09-26 23:02:12,brain,2473000,29.79,80.63,1008.17,31.06,71.95,1008.05,0,0,MANUAL,1,1,1,
2026-09-26 23:02:13,brain,2474000,29.78,80.46,1008.18,31.05,71.91,1008.04,0,0,MANUAL,1,1,1,
2026-09-26 23:02:14,brain,2475000,29.78,80.14,1008.11,31.05,71.98,1008.04,0,0,MANUAL,1,1,1,
2026-09-26 23:02:15,brain,2476000,29.77,79.67,1008.16,31.06,71.86,1008.02,0,0,MANUAL,1,1,1,
2026-09-26 23:02:16,brain,2477000,29.77,80.20,1008.21,31.06,71.92,1008.08,0,0,MANUAL,1,1,1,
2026-09-26 23:02:17,brain,2478000,29.78,80.22,1008.14,31.05,71.90,1008.04,0,0,MANUAL,1,1,1,
2026-09-26 23:02:18,brain,2479000,29.77,78.74,1008.18,31.05,72.00,1008.12,0,0,MANUAL,1,1,1,
2026-09-26 23:02:19,brain,2480000,29.76,79.15,1008.09,31.05,71.80,1008.06,0,0,MANUAL,1,1,1,
2026-09-26 23:02:20,brain,2481000,29.76,78.93,1008.14,31.05,72.14,1008.10,0,0,MANUAL,1,1,1,
2026-09-26 23:02:21,brain,2482000,29.75,78.93,1008.07,31.05,72.16,1008.07,0,0,MANUAL,1,1,1,
2026-09-26 23:02:22,brain,2483000,29.76,79.16,1008.17,31.05,71.97,1008.09,0,0,MANUAL,1,1,1,
2026-09-26 23:02:23,brain,2484000,29.76,79.03,1008.15,31.05,72.10,1007.99,0,0,MANUAL,1,1,1,
2026-09-26 23:02:24,brain,2485000,29.77,79.42,1008.16,31.05,72.14,1007.99,0,0,MANUAL,1,1,1,
2026-09-26 23:02:25,brain,2486000,29.76,79.54,1008.11,31.05,72.23,1008.01,0,0,MANUAL,1,1,1,
2026-09-26 23:02:26,brain,2487000,29.77,79.52,1008.22,31.05,72.04,1008.12,0,0,MANUAL,1,1,1,
2026-09-26 23:02:27,brain,2488000,29.79,79.96,1008.19,31.06,72.16,1008.03,0,0,MANUAL,1,1,1,
2026-09-26 23:02:28,brain,2489000,29.79,79.59,1008.17,31.06,71.92,1008.06,0,0,MANUAL,1,1,1,
2026-09-26 23:02:29,brain,2490000,29.78,79.02,1008.07,31.06,71.62,1008.05,0,0,MANUAL,1,1,1,
2026-09-26 23:02:30,brain,2491000,29.80,79.62,1008.20,31.06,71.97,1008.02,0,0,MANUAL,1,1,1,
2026-09-26 23:02:31,brain,2492000,29.81,79.14,1008.25,31.06,71.86,1008.02,0,0,MANUAL,1,1,1,
2026-09-26 23:02:32,brain,2493000,29.81,79.04,1008.20,31.06,72.12,1008.03,0,0,MANUAL,1,1,1,
2026-09-26 23:02:33,brain,2494000,29.81,78.80,1008.14,31.06,72.06,1008.05,0,0,MANUAL,1,1,1,
2026-09-26 23:02:34,brain,2495000,29.82,78.79,1008.15,31.06,71.92,1008.05,0,0,MANUAL,1,1,1,
2026-09-26 23:02:35,brain,2496000,29.82,79.56,1008.15,31.06,71.64,1008.00,0,0,MANUAL,1,1,1,
2026-09-26 23:02:36,brain,2497000,29.81,79.20,1008.17,31.06,72.06,1008.03,0,0,MANUAL,1,1,1,
2026-09-26 23:02:37,brain,2498000,29.82,79.14,1008.19,31.06,72.13,1008.05,0,0,MANUAL,1,1,1,
2026-09-26 23:02:38,brain,2499000,29.83,79.13,1008.15,31.06,72.02,1008.05,0,0,MANUAL,1,1,1,
2026-09-26 23:02:39,brain,2500000,29.82,79.49,1008.13,31.06,71.79,1008.05,0,0,MANUAL,1,1,1,
2026-09-26 23:02:40,brain,2501000,29.83,78.56,1008.15,31.06,71.89,1008.09,0,0,MANUAL,1,1,1,
2026-09-26 23:02:41,brain,2502000,29.85,78.37,1008.14,31.06,72.09,1008.08,0,0,MANUAL,1,1,1,
2026-09-26 23:02:42,brain,2503000,29.85,78.15,1008.17,31.06,71.91,1008.08,0,0,MANUAL,1,1,1,
2026-09-26 23:02:43,brain,2504000,29.85,78.55,1008.15,31.06,71.90,1008.06,0,0,MANUAL,1,1,1,
2026-09-26 23:02:44,brain,2505000,29.84,78.05,1008.08,31.06,71.80,1008.09,0,0,MANUAL,1,1,1,
2026-09-26 23:02:45,brain,2506000,29.85,77.57,1008.12,31.06,72.18,1008.05,0,0,MANUAL,1,1,1,
2026-09-26 23:02:46,brain,2507000,29.86,77.46,1008.19,31.06,71.88,1008.02,0,0,MANUAL,1,1,1,
2026-09-26 23:02:47,brain,2508000,29.87,77.53,1008.11,31.05,71.96,1007.99,0,0,MANUAL,1,1,1,
2026-09-26 23:02:48,brain,2509000,29.87,77.97,1008.12,31.05,71.88,1008.07,0,0,MANUAL,1,1,1,
2026-09-26 23:02:49,brain,2510000,29.87,78.46,1008.12,31.06,71.88,1008.03,0,0,MANUAL,1,1,1,
2026-09-26 23:02:50,brain,2511000,29.88,77.68,1008.16,31.06,71.96,1008.03,0,0,MANUAL,1,1,1,
2026-09-26 23:02:51,brain,2512000,29.89,76.98,1008.17,31.06,71.88,1008.08,0,0,MANUAL,1,1,1,
2026-09-26 23:02:52,brain,2513000,29.90,77.79,1008.17,31.06,72.04,1008.08,0,0,MANUAL,1,1,1,
2026-09-26 23:02:53,brain,2514000,29.89,77.29,1008.17,31.06,71.89,1008.06,0,0,MANUAL,1,1,1,
2026-09-26 23:02:54,brain,2515000,29.90,77.46,1008.17,31.06,71.95,1008.14,0,0,MANUAL,1,1,1,
2026-09-26 23:02:55,brain,2516000,29.91,77.49,1008.18,31.06,71.89,1008.08,0,0,MANUAL,1,1,1,
2026-09-26 23:02:56,brain,2517000,29.92,77.72,1008.14,31.06,71.83,1008.05,0,0,MANUAL,1,1,1,
2026-09-26 23:02:57,brain,2518000,29.93,77.84,1008.10,31.06,72.02,1008.05,0,0,MANUAL,1,1,1,
2026-09-26 23:02:58,brain,2519000,29.93,78.10,1008.12,31.06,71.94,1008.08,0,0,MANUAL,1,1,1,
2026-09-26 23:02:59,brain,2520000,29.93,77.59,1008.10,31.06,71.89,1008.02,0,0,MANUAL,1,1,1,
2026-09-26 23:03:00,brain,2521000,29.94,78.08,1008.17,31.05,71.91,1008.10,0,0,MANUAL,1,1,1,
2026-09-26 23:03:01,brain,2522000,29.95,78.92,1008.13,31.05,71.95,1008.01,0,0,MANUAL,1,1,1,
2026-09-26 23:03:02,brain,2523000,29.94,78.14,1008.09,31.06,71.84,1008.09,0,0,MANUAL,1,1,1,
2026-09-26 23:03:03,brain,2524000,29.96,77.15,1008.12,31.06,71.69,1008.03,0,0,MANUAL,1,1,1,
2026-09-26 23:03:04,brain,2525000,29.96,76.94,1008.15,31.06,71.89,1008.05,0,0,MANUAL,1,1,1,
2026-09-26 23:03:05,brain,2526000,29.95,76.84,1008.14,31.06,71.98,1007.99,0,0,MANUAL,1,1,1,
2026-09-26 23:03:06,brain,2527000,29.95,76.97,1008.19,31.06,72.19,1008.03,0,0,MANUAL,1,1,1,
2026-09-26 23:03:07,brain,2528000,29.96,77.29,1008.13,31.05,71.91,1008.07,0,0,MANUAL,1,1,1,
2026-09-26 23:03:08,brain,2529000,29.98,77.05,1008.21,31.06,71.85,1008.05,0,0,MANUAL,1,1,1,
2026-09-26 23:03:09,brain,2530000,29.98,77.60,1008.15,31.05,71.86,1008.06,0,0,MANUAL,1,1,1,
2026-09-26 23:03:10,brain,2531000,29.98,77.62,1008.12,31.05,71.87,1008.07,0,0,MANUAL,1,1,1,
2026-09-26 23:03:11,brain,2532000,29.98,78.08,1008.15,31.06,71.81,1008.09,0,0,MANUAL,1,1,1,
2026-09-26 23:03:12,brain,2533000,29.99,77.44,1008.06,31.07,72.04,1008.07,0,0,MANUAL,1,1,1,
2026-09-26 23:03:13,brain,2534000,29.99,77.50,1008.12,31.06,71.77,1008.05,0,0,MANUAL,1,1,1,
2026-09-26 23:03:14,brain,2535000,30.00,77.70,1008.13,31.06,71.89,1008.03,0,0,MANUAL,1,1,1,
2026-09-26 23:03:15,brain,2536000,30.01,77.66,1008.14,31.06,71.79,1008.08,0,0,MANUAL,1,1,1,
2026-09-26 23:03:16,brain,2537000,30.01,77.34,1008.09,31.06,72.02,1008.09,0,0,MANUAL,1,1,1,
2026-09-26 23:03:17,brain,2538000,30.02,76.84,1008.10,31.05,71.92,1008.01,0,0,MANUAL,1,1,1,
2026-09-26 23:03:18,brain,2539000,30.02,76.27,1008.10,31.07,71.85,1008.07,0,0,MANUAL,1,1,1,
2026-09-26 23:03:19,brain,2540000,30.02,75.71,1008.11,31.06,71.66,1008.09,0,0,MANUAL,1,1,1,
2026-09-26 23:03:20,brain,2541000,30.03,76.35,1008.17,31.06,71.93,1008.09,0,0,MANUAL,1,1,1,
2026-09-26 23:03:21,brain,2542000,30.04,77.17,1008.09,31.05,71.96,1007.99,0,0,MANUAL,1,1,1,
2026-09-26 23:03:22,brain,2543000,30.04,77.64,1008.03,31.06,71.83,1008.06,0,0,MANUAL,1,1,1,
2026-09-26 23:03:23,brain,2544000,30.04,78.20,1008.14,31.07,71.90,1008.07,0,0,MANUAL,1,1,1,
2026-09-26 23:03:24,brain,2545000,30.04,77.38,1008.06,31.06,71.97,1008.03,0,0,MANUAL,1,1,1,
2026-09-26 23:03:25,brain,2546000,30.05,77.67,1008.07,31.07,71.88,1008.04,0,0,MANUAL,1,1,1,
2026-09-26 23:03:26,brain,2547000,30.06,77.03,1008.11,31.06,71.92,1008.03,0,0,MANUAL,1,1,1,
2026-09-26 23:03:27,brain,2548000,30.06,76.51,1008.03,31.06,71.99,1008.08,0,0,MANUAL,1,1,1,
2026-09-26 23:03:28,brain,2549000,30.08,76.78,1008.14,31.06,71.86,1008.03,0,0,MANUAL,1,1,1,
2026-09-26 23:03:29,brain,2550000,30.07,77.40,1008.07,31.08,71.77,1008.05,0,0,MANUAL,1,1,1,
2026-09-26 23:03:30,brain,2551000,30.08,77.45,1008.11,31.08,71.77,1008.05,0,0,MANUAL,1,1,1,
2026-09-26 23:03:31,brain,2552000,30.09,77.15,1008.13,31.08,71.79,1008.05,0,0,MANUAL,1,1,1,
2026-09-26 23:03:32,brain,2553000,30.09,77.01,1008.10,31.08,71.84,1008.05,0,0,MANUAL,1,1,1,
2026-09-26 23:03:33,brain,2554000,30.10,77.38,1008.18,31.07,71.83,1008.07,0,0,MANUAL,1,1,1,
2026-09-26 23:03:34,brain,2555000,30.10,77.27,1008.06,31.08,71.60,1008.00,0,0,MANUAL,1,1,1,
2026-09-26 23:03:35,brain,2556000,30.09,76.81,1008.11,31.07,71.66,1008.02,0,0,MANUAL,1,1,1,
2026-09-26 23:03:36,brain,2557000,30.10,77.49,1008.13,31.07,72.02,1008.05,0,0,MANUAL,1,1,1,
2026-09-26 23:03:37,brain,2558000,30.10,77.22,1008.03,31.07,71.95,1008.07,0,0,MANUAL,1,1,1,
2026-09-26 23:03:38,brain,2559000,30.10,76.07,1008.09,31.08,72.05,1008.08,0,0,MANUAL,1,1,1,
2026-09-26 23:03:39,brain,2560000,30.11,75.81,1008.11,31.07,72.05,1008.07,0,0,MANUAL,1,1,1,
2026-09-26 23:03:40,brain,2561000,30.10,76.18,1008.07,31.08,71.97,1008.05,0,0,MANUAL,1,1,1,
2026-09-26 23:03:41,brain,2562000,30.11,76.12,1008.11,31.07,71.88,1008.05,0,0,MANUAL,1,1,1,
2026-09-26 23:03:42,brain,2563000,30.12,75.20,1008.09,31.08,71.89,1008.05,0,0,MANUAL,1,1,1,
2026-09-26 23:03:43,brain,2564000,30.12,76.00,1008.04,31.08,71.94,1008.06,0,0,MANUAL,1,1,1,
2026-09-26 23:03:44,brain,2565000,30.13,75.76,1008.11,31.07,71.77,1008.10,0,0,MANUAL,1,1,1,
2026-09-26 23:03:45,brain,2566000,30.13,75.91,1008.08,31.07,72.14,1008.07,0,0,MANUAL,1,1,1,
2026-09-26 23:03:46,brain,2567000,30.13,76.03,1008.12,31.07,71.90,1008.05,0,0,MANUAL,1,1,1,
2026-09-26 23:03:47,brain,2568000,30.14,75.45,1008.14,31.07,71.77,1008.05,0,0,MANUAL,1,1,1,
2026-09-26 23:03:48,brain,2569000,30.15,75.49,1008.15,31.07,71.96,1008.07,0,0,MANUAL,1,1,1,
2026-09-26 23:03:49,brain,2570000,30.14,75.59,1008.05,31.07,71.67,1008.10,0,0,MANUAL,1,1,1,
2026-09-26 23:03:50,brain,2571000,30.15,76.02,1008.15,31.07,71.89,1008.02,0,0,MANUAL,1,1,1,
2026-09-26 23:03:51,brain,2572000,30.16,76.12,1008.10,31.07,71.86,1008.10,0,0,MANUAL,1,1,1,
2026-09-26 23:03:52,brain,2573000,30.16,76.15,1008.11,31.06,71.69,1008.09,0,0,MANUAL,1,1,1,
2026-09-26 23:03:53,brain,2574000,30.16,76.10,1008.08,31.07,71.68,1008.05,0,0,MANUAL,1,1,1,
2026-09-26 23:03:54,brain,2575000,30.17,76.46,1008.10,31.07,71.63,1008.07,0,0,MANUAL,1,1,1,
2026-09-26 23:03:55,brain,2576000,30.17,75.84,1008.12,31.07,71.93,1008.10,0,0,MANUAL,1,1,1,
2026-09-26 23:03:56,brain,2577000,30.18,75.99,1008.09,31.06,71.71,1008.06,0,0,MANUAL,1,1,1,
2026-09-26 23:03:57,brain,2578000,30.18,75.32,1008.14,31.07,71.87,1008.09,0,0,MANUAL,1,1,1,
2026-09-26 23:03:58,brain,2579000,30.18,75.39,1008.12,31.07,71.93,1008.07,0,0,MANUAL,1,1,1,
2026-09-26 23:03:59,brain,2580000,30.19,74.88,1008.10,31.07,72.04,1008.07,0,0,MANUAL,1,1,1,
2026-09-26 23:04:00,brain,2581000,30.19,75.05,1008.10,31.06,72.08,1008.05,0,0,MANUAL,1,1,1,
2026-09-26 23:04:01,brain,2582000,30.19,75.03,1008.16,31.07,71.98,1008.10,0,0,MANUAL,1,1,1,
2026-09-26 23:04:02,brain,2583000,30.19,75.19,1008.13,31.07,71.81,1008.10,0,0,MANUAL,1,1,1,
2026-09-26 23:04:03,brain,2584000,30.19,75.00,1008.08,31.06,71.88,1008.09,0,0,MANUAL,1,1,1,
2026-09-26 23:04:04,brain,2585000,30.19,75.03,1008.05,31.06,72.07,1008.09,0,0,MANUAL,1,1,1,
2026-09-26 23:04:05,brain,2586000,30.20,75.84,1008.14,31.07,72.04,1008.07,0,0,MANUAL,1,1,1,
2026-09-26 23:04:06,brain,2587000,30.21,75.62,1008.13,31.06,72.05,1008.03,0,0,MANUAL,1,1,1,
2026-09-26 23:04:07,brain,2588000,30.20,75.53,1008.06,31.06,72.13,1008.10,0,0,MANUAL,1,1,1,
2026-09-26 23:04:08,brain,2589000,30.21,76.48,1008.11,31.06,71.92,1008.05,0,0,MANUAL,1,1,1,
2026-09-26 23:04:09,brain,2590000,30.21,76.54,1008.11,31.06,71.92,1008.06,0,0,MANUAL,1,1,1,
2026-09-26 23:04:10,brain,2591000,30.21,75.90,1008.14,31.06,71.94,1008.08,0,0,MANUAL,1,1,1,
2026-09-26 23:04:11,brain,2592000,30.21,75.60,1008.11,31.06,72.01,1008.03,0,0,MANUAL,1,1,1,
2026-09-26 23:04:12,brain,2593000,30.22,76.51,1008.03,31.05,71.99,1008.01,0,0,MANUAL,1,1,1,
2026-09-26 23:04:13,brain,2594000,30.22,76.17,1008.12,31.06,72.02,1008.09,0,0,MANUAL,1,1,1,
2026-09-26 23:04:14,brain,2595000,30.22,76.15,1008.09,31.06,71.98,1008.08,0,0,MANUAL,1,1,1,
2026-09-26 23:04:15,brain,2596000,30.23,76.71,1008.10,31.05,71.89,1007.99,0,0,MANUAL,1,1,1,
2026-09-26 23:04:16,brain,2597000,30.22,76.43,1008.12,31.06,72.09,1008.05,0,0,MANUAL,1,1,1,
2026-09-26 23:04:17,brain,2598000,30.23,77.17,1008.10,31.06,71.85,1008.08,0,0,MANUAL,1,1,1,
2026-09-26 23:04:18,brain,2599000,30.22,76.04,1008.09,31.05,71.90,1008.04,0,0,MANUAL,1,1,1,
2026-09-26 23:04:19,brain,2600000,30.22,75.65,1008.09,31.06,71.83,1008.03,0,0,MANUAL,1,1,1,
2026-09-26 23:04:20,brain,2601000,30.23,76.13,1008.16,31.05,71.87,1008.07,0,0,MANUAL,1,1,1,
2026-09-26 23:04:21,brain,2602000,30.22,75.92,1008.09,31.05,72.00,1008.03,0,0,MANUAL,1,1,1,
2026-09-26 23:04:22,brain,2603000,30.23,75.96,1008.10,31.05,72.03,1008.06,0,0,MANUAL,1,1,1,
2026-09-26 23:04:23,brain,2604000,30.22,75.70,1008.12,31.06,71.89,1008.09,0,0,MANUAL,1,1,1,
2026-09-26 23:04:24,brain,2605000,30.24,74.83,1008.03,31.06,71.99,1008.02,0,0,MANUAL,1,1,1,
2026-09-26 23:04:25,brain,2606000,30.23,75.05,1008.13,31.06,72.04,1008.11,0,0,MANUAL,1,1,1,
2026-09-26 23:04:26,brain,2607000,30.24,76.22,1008.06,31.06,72.07,1008.08,0,0,MANUAL,1,1,1,
2026-09-26 23:04:27,brain,2608000,30.24,76.19,1008.06,31.06,72.16,1008.05,0,0,MANUAL,1,1,1,
2026-09-26 23:04:28,brain,2609000,30.24,75.34,1008.06,31.05,72.06,1008.07,0,0,MANUAL,1,1,1,
2026-09-26 23:04:29,brain,2610000,30.24,76.88,1008.15,31.06,72.00,1008.02,0,0,MANUAL,1,1,1,
2026-09-26 23:04:30,brain,2611000,30.24,76.97,1008.14,31.05,72.06,1008.07,0,0,MANUAL,1,1,1,
2026-09-26 23:04:31,brain,2612000,30.24,76.23,1008.15,31.05,72.00,1008.07,0,0,MANUAL,1,1,1,
2026-09-26 23:04:32,brain,2613000,30.24,76.55,1008.08,31.05,72.19,1008.03,0,0,MANUAL,1,1,1,
2026-09-26 23:04:33,brain,2614000,30.24,75.94,1008.11,31.05,71.90,1008.04,0,0,MANUAL,1,1,1,
2026-09-26 23:04:34,brain,2615000,30.23,75.57,1008.10,31.05,72.13,1008.09,0,0,MANUAL,1,1,1,
2026-09-26 23:04:35,brain,2616000,30.25,76.21,1008.14,31.05,71.91,1008.10,0,0,MANUAL,1,1,1,
2026-09-26 23:04:36,brain,2617000,30.24,76.03,1008.12,31.04,72.06,1008.08,0,0,MANUAL,1,1,1,
2026-09-26 23:04:37,brain,2618000,30.24,75.45,1008.09,31.05,72.04,1008.10,0,0,MANUAL,1,1,1,
2026-09-26 23:04:38,brain,2619000,30.25,75.87,1008.13,31.05,72.00,1008.07,0,0,MANUAL,1,1,1,
2026-09-26 23:04:39,brain,2620000,30.24,75.81,1008.12,31.05,71.89,1008.07,0,0,MANUAL,1,1,1,
2026-09-26 23:04:40,brain,2621000,30.24,75.42,1008.18,31.04,71.91,1008.03,0,0,MANUAL,1,1,1,
2026-09-26 23:04:41,brain,2622000,30.25,74.69,1008.07,31.04,72.07,1008.08,0,0,MANUAL,1,1,1,
2026-09-26 23:04:42,brain,2623000,30.24,75.42,1008.11,31.05,71.91,1008.07,0,0,MANUAL,1,1,1,
2026-09-26 23:04:43,brain,2624000,30.24,75.88,1008.12,31.05,72.12,1008.06,0,0,MANUAL,1,1,1,
2026-09-26 23:04:44,brain,2625000,30.25,76.20,1008.18,31.05,72.01,1008.07,0,0,MANUAL,1,1,1,
2026-09-26 23:04:45,brain,2626000,30.24,76.10,1008.09,31.05,71.99,1008.03,0,0,MANUAL,1,1,1,
2026-09-26 23:04:46,brain,2627000,30.24,75.34,1008.12,31.04,71.87,1008.05,0,0,MANUAL,1,1,1,
2026-09-26 23:04:47,brain,2628000,30.24,76.16,1008.06,31.04,72.03,1008.05,0,0,MANUAL,1,1,1,
2026-09-26 23:04:48,brain,2629000,30.24,75.75,1008.06,31.04,72.03,1008.11,0,0,MANUAL,1,1,1,
2026-09-26 23:04:49,brain,2630000,30.24,76.21,1008.11,31.04,71.71,1008.08,0,0,MANUAL,1,1,1,
2026-09-26 23:04:50,brain,2631000,30.26,75.55,1008.14,31.04,71.82,1008.07,0,0,MANUAL,1,1,1,
2026-09-26 23:04:51,brain,2632000,30.25,76.33,1008.16,31.04,71.87,1008.10,0,0,MANUAL,1,1,1,
2026-09-26 23:04:52,brain,2633000,30.24,75.28,1008.12,31.04,71.80,1008.11,0,0,MANUAL,1,1,1,
2026-09-26 23:04:53,brain,2634000,30.25,75.34,1008.13,31.04,71.87,1008.11,0,0,MANUAL,1,1,1,
2026-09-26 23:04:54,brain,2635000,30.26,75.90,1008.14,31.04,72.04,1008.11,0,0,MANUAL,1,1,1,
2026-09-26 23:04:55,brain,2636000,30.25,76.12,1008.14,31.04,71.96,1008.05,0,0,MANUAL,1,1,1,
2026-09-26 23:04:56,brain,2637000,30.25,75.57,1008.13,31.05,71.79,1008.12,0,0,MANUAL,1,1,1,
2026-09-26 23:04:57,brain,2638000,30.25,76.22,1008.18,31.03,71.92,1008.07,0,0,MANUAL,1,1,1,
2026-09-26 23:04:58,brain,2639000,30.25,75.27,1008.11,31.04,71.91,1008.05,0,0,MANUAL,1,1,1,
2026-09-26 23:04:59,brain,2640000,30.26,75.97,1008.14,31.03,72.01,1008.09,0,0,MANUAL,1,1,1,
2026-09-26 23:05:00,brain,2641000,30.26,76.30,1008.21,31.04,71.92,1008.11,0,0,MANUAL,1,1,1,
2026-09-26 23:05:01,brain,2642000,30.25,75.32,1008.14,31.04,71.96,1008.05,0,0,MANUAL,1,1,1,
2026-09-26 23:05:02,brain,2643000,30.27,75.27,1008.25,31.03,72.16,1008.09,0,0,MANUAL,1,1,1,
2026-09-26 23:05:03,brain,2644000,30.25,75.30,1008.13,31.04,71.92,1008.10,0,0,MANUAL,1,1,1,
2026-09-26 23:05:04,brain,2645000,30.26,75.45,1008.12,31.03,71.85,1008.04,0,0,MANUAL,1,1,1,
2026-09-26 23:05:05,brain,2646000,30.25,76.31,1008.16,31.03,72.27,1008.04,0,0,MANUAL,1,1,1,
2026-09-26 23:05:06,brain,2647000,30.25,75.44,1008.16,31.04,72.13,1008.11,0,0,MANUAL,1,1,1,
2026-09-26 23:05:07,brain,2648000,30.26,74.86,1008.12,31.04,72.05,1008.08,0,0,MANUAL,1,1,1,
2026-09-26 23:05:08,brain,2649000,30.26,75.53,1008.18,31.02,72.10,1008.02,0,0,MANUAL,1,1,1,
2026-09-26 23:05:09,brain,2650000,30.26,75.57,1008.20,31.03,72.08,1008.04,0,0,MANUAL,1,1,1,
2026-09-26 23:05:10,brain,2651000,30.25,74.89,1008.16,31.03,72.08,1008.09,0,0,MANUAL,1,1,1,
2026-09-26 23:05:11,brain,2652000,30.26,75.05,1008.12,31.03,71.98,1008.09,0,0,MANUAL,1,1,1,
2026-09-26 23:05:12,brain,2653000,30.25,75.75,1008.14,31.04,72.01,1008.08,0,0,MANUAL,1,1,1,
2026-09-26 23:05:13,brain,2654000,30.26,75.68,1008.15,31.03,72.02,1008.09,0,0,MANUAL,1,1,1,
2026-09-26 23:05:14,brain,2655000,30.27,75.55,1008.16,31.04,72.05,1008.10,0,0,MANUAL,1,1,1,
2026-09-26 23:05:15,brain,2656000,30.25,75.29,1008.16,31.03,71.74,1008.07,0,0,MANUAL,1,1,1,
2026-09-26 23:05:16,brain,2657000,30.26,75.22,1008.14,31.03,72.11,1008.07,0,0,MANUAL,1,1,1,
2026-09-26 23:05:17,brain,2658000,30.27,75.93,1008.20,31.03,72.02,1008.04,0,0,MANUAL,1,1,1,
2026-09-26 23:05:18,brain,2659000,30.26,75.85,1008.07,31.02,72.10,1008.08,0,0,MANUAL,1,1,1,
2026-09-26 23:05:19,brain,2660000,30.26,75.96,1008.15,31.03,72.03,1008.08,0,0,MANUAL,1,1,1,
2026-09-26 23:05:20,brain,2661000,30.27,75.50,1008.10,31.03,71.75,1008.12,0,0,MANUAL,1,1,1,
2026-09-26 23:05:21,brain,2662000,30.27,75.71,1008.13,31.03,71.93,1008.14,0,0,MANUAL,1,1,1,
2026-09-26 23:05:22,brain,2663000,30.27,75.34,1008.10,31.02,71.74,1008.05,0,0,MANUAL,1,1,1,
2026-09-26 23:05:23,brain,2664000,30.26,75.32,1008.12,31.03,72.02,1008.15,0,0,MANUAL,1,1,1,
2026-09-26 23:05:24,brain,2665000,30.27,75.20,1008.22,31.03,72.01,1008.07,0,0,MANUAL,1,1,1,
2026-09-26 23:05:25,brain,2666000,30.26,75.10,1008.15,31.02,72.01,1008.10,0,0,MANUAL,1,1,1,
2026-09-26 23:05:26,brain,2667000,30.27,75.07,1008.16,31.03,72.21,1008.11,0,0,MANUAL,1,1,1,
2026-09-26 23:05:27,brain,2668000,30.27,75.77,1008.17,31.03,72.25,1008.08,0,0,MANUAL,1,1,1,
2026-09-26 23:05:28,brain,2669000,30.26,75.66,1008.17,31.02,71.86,1008.05,0,0,MANUAL,1,1,1,
2026-09-26 23:05:29,brain,2670000,30.26,75.12,1008.06,31.02,72.18,1008.05,0,0,MANUAL,1,1,1,
2026-09-26 23:05:30,brain,2671000,30.28,75.64,1008.15,31.02,71.91,1008.10,0,0,MANUAL,1,1,1,
2026-09-26 23:05:31,brain,2672000,30.27,75.73,1008.14,31.03,71.96,1008.11,0,0,MANUAL,1,1,1,
2026-09-26 23:05:32,brain,2673000,30.26,75.48,1008.10,31.02,72.00,1008.10,0,0,MANUAL,1,1,1,
2026-09-26 23:05:33,brain,2674000,30.26,75.50,1008.15,31.02,71.96,1008.13,0,0,MANUAL,1,1,1,
2026-09-26 23:05:34,brain,2675000,30.26,75.04,1008.12,31.02,72.05,1008.07,0,0,MANUAL,1,1,1,
2026-09-26 23:05:35,brain,2676000,30.27,75.47,1008.17,31.03,72.19,1008.04,0,0,MANUAL,1,1,1,
2026-09-26 23:05:36,brain,2677000,30.27,74.79,1008.13,31.03,72.02,1008.06,0,0,MANUAL,1,1,1,
2026-09-26 23:05:37,brain,2678000,30.27,75.01,1008.14,31.04,72.02,1008.10,0,0,MANUAL,1,1,1,
2026-09-26 23:05:38,brain,2679000,30.27,75.27,1008.19,31.03,72.17,1008.06,0,0,MANUAL,1,1,1,
2026-09-26 23:05:39,brain,2680000,30.27,74.83,1008.16,31.03,71.95,1008.12,0,0,MANUAL,1,1,1,
2026-09-26 23:05:40,brain,2681000,30.27,74.82,1008.14,31.03,71.90,1008.07,0,0,MANUAL,1,1,1,
2026-09-26 23:05:41,brain,2682000,30.27,75.62,1008.14,31.03,71.95,1008.07,0,0,MANUAL,1,1,1,
2026-09-26 23:05:42,brain,2683000,30.27,74.74,1008.17,31.04,71.92,1008.07,0,0,MANUAL,1,1,1,
2026-09-26 23:05:43,brain,2684000,30.27,74.89,1008.11,31.03,72.19,1008.06,0,0,MANUAL,1,1,1,
2026-09-26 23:05:44,brain,2685000,30.27,74.64,1008.11,31.04,71.92,1008.11,0,0,MANUAL,1,1,1,
2026-09-26 23:05:45,brain,2686000,30.27,74.74,1008.17,31.04,71.90,1008.16,0,0,MANUAL,1,1,1,
2026-09-26 23:05:46,brain,2687000,30.27,74.64,1008.11,31.03,71.83,1008.09,0,0,MANUAL,1,1,1,
2026-09-26 23:05:47,brain,2688000,30.26,75.45,1008.15,31.03,71.99,1008.06,0,0,MANUAL,1,1,1,
2026-09-26 23:05:48,brain,2689000,30.27,75.09,1008.14,31.04,71.84,1008.05,0,0,MANUAL,1,1,1,
2026-09-26 23:05:49,brain,2690000,30.27,75.46,1008.11,31.03,71.93,1008.08,0,0,MANUAL,1,1,1,
2026-09-26 23:05:50,brain,2691000,30.27,74.22,1008.17,31.02,72.02,1008.10,0,0,MANUAL,1,1,1,
2026-09-26 23:05:51,brain,2692000,30.27,74.64,1008.14,31.02,71.92,1008.04,0,0,MANUAL,1,1,1,
2026-09-26 23:05:52,brain,2693000,30.27,75.30,1008.11,31.02,71.83,1008.10,0,0,MANUAL,1,1,1,
2026-09-26 23:05:53,brain,2694000,30.27,75.01,1008.17,31.04,71.76,1008.10,0,0,MANUAL,1,1,1,
2026-09-26 23:05:54,brain,2695000,30.27,75.40,1008.13,31.02,72.08,1008.08,0,0,MANUAL,1,1,1,
2026-09-26 23:05:55,brain,2696000,30.28,75.74,1008.18,31.02,72.07,1008.08,0,0,MANUAL,1,1,1,
2026-09-26 23:05:56,brain,2697000,30.28,75.60,1008.12,31.03,71.94,1008.11,0,0,MANUAL,1,1,1,
2026-09-26 23:05:57,brain,2698000,30.28,75.24,1008.18,31.02,71.94,1008.13,0,0,MANUAL,1,1,1,
2026-09-26 23:05:58,brain,2699000,30.27,74.71,1008.20,31.02,72.01,1008.08,0,0,MANUAL,1,1,1,
2026-09-26 23:05:59,brain,2700000,30.27,74.66,1008.20,31.02,72.09,1008.04,0,0,MANUAL,1,1,1,
2026-09-26 23:06:00,brain,2701000,30.28,74.94,1008.10,31.02,72.09,1008.04,0,0,MANUAL,1,1,1,
2026-09-26 23:06:01,brain,2702000,30.27,75.66,1008.16,31.03,71.94,1008.06,0,0,MANUAL,1,1,1,
2026-09-26 23:06:02,brain,2703000,30.28,75.67,1008.13,31.02,72.09,1008.13,0,0,MANUAL,1,1,1,
2026-09-26 23:06:03,brain,2704000,30.28,75.13,1008.21,31.02,72.01,1008.08,0,0,MANUAL,1,1,1,
2026-09-26 23:06:04,brain,2705000,30.28,75.29,1008.19,31.02,72.03,1008.13,0,0,MANUAL,1,1,1,
2026-09-26 23:06:05,brain,2706000,30.28,74.49,1008.15,31.03,72.18,1008.07,0,0,MANUAL,1,1,1,
2026-09-26 23:06:06,brain,2707000,30.28,75.35,1008.18,31.03,72.03,1008.09,0,0,MANUAL,1,1,1,
2026-09-26 23:06:07,brain,2708000,30.27,74.52,1008.14,31.03,72.18,1008.11,0,0,MANUAL,1,1,1,
2026-09-26 23:06:08,brain,2709000,30.28,74.63,1008.21,31.03,72.08,1008.04,0,0,MANUAL,1,1,1,
2026-09-26 23:06:09,brain,2710000,30.27,74.73,1008.20,31.03,71.83,1008.08,0,0,MANUAL,1,1,1,
2026-09-26 23:06:10,brain,2711000,30.27,75.72,1008.14,31.02,72.02,1008.13,0,0,MANUAL,1,1,1,
2026-09-26 23:06:11,brain,2712000,30.27,75.76,1008.14,31.03,71.73,1008.14,0,0,MANUAL,1,1,1,
2026-09-26 23:06:12,brain,2713000,30.27,75.03,1008.17,31.02,71.96,1008.02,0,0,MANUAL,1,1,1,
2026-09-26 23:06:13,brain,2714000,30.27,75.51,1008.16,31.02,71.98,1008.12,0,0,MANUAL,1,1,1,
2026-09-26 23:06:13,brain,,,,,,,,,,,,,,mist A=1 B=0 (manual)
2026-09-26 23:06:14,brain,2715000,30.27,75.30,1008.16,31.03,71.68,1008.11,1,0,MANUAL,1,1,1,
2026-09-26 23:06:15,brain,2716000,30.27,75.06,1008.14,31.02,72.03,1008.12,1,0,MANUAL,1,1,1,
2026-09-26 23:06:16,brain,2717000,30.27,75.53,1008.19,31.02,72.04,1008.08,1,0,MANUAL,1,1,1,
2026-09-26 23:06:17,brain,2718000,30.26,74.66,1008.18,31.03,72.02,1008.14,1,0,MANUAL,1,1,1,
2026-09-26 23:06:18,brain,2719000,30.27,75.45,1008.16,31.02,71.96,1008.07,1,0,MANUAL,1,1,1,
2026-09-26 23:06:19,brain,2720000,30.26,74.69,1008.18,31.02,72.08,1008.08,1,0,MANUAL,1,1,1,
2026-09-26 23:06:20,brain,2721000,30.27,74.74,1008.16,31.03,71.93,1008.12,1,0,MANUAL,1,1,1,
2026-09-26 23:06:21,brain,2722000,30.26,74.83,1008.15,31.02,72.03,1008.13,1,0,MANUAL,1,1,1,
2026-09-26 23:06:22,brain,2723000,30.27,74.02,1008.25,31.02,72.23,1008.13,1,0,MANUAL,1,1,1,
2026-09-26 23:06:23,brain,2724000,30.27,74.14,1008.22,31.03,72.26,1008.14,1,0,MANUAL,1,1,1,
2026-09-26 23:06:24,brain,2725000,30.28,74.52,1008.18,31.02,72.28,1008.16,1,0,MANUAL,1,1,1,
2026-09-26 23:06:25,brain,2726000,30.28,74.82,1008.18,31.02,72.01,1008.08,1,0,MANUAL,1,1,1,
2026-09-26 23:06:26,brain,2727000,30.28,74.25,1008.16,31.02,72.25,1008.08,1,0,MANUAL,1,1,1,
2026-09-26 23:06:27,brain,2728000,30.27,75.10,1008.20,31.03,71.81,1008.14,1,0,MANUAL,1,1,1,
2026-09-26 23:06:28,brain,2729000,30.28,74.66,1008.16,31.03,72.20,1008.08,1,0,MANUAL,1,1,1,
2026-09-26 23:06:29,brain,2730000,30.27,74.59,1008.22,31.02,72.28,1008.18,1,0,MANUAL,1,1,1,
2026-09-26 23:06:30,brain,2731000,30.28,74.42,1008.21,31.02,72.23,1008.15,1,0,MANUAL,1,1,1,
2026-09-26 23:06:31,brain,2732000,30.28,74.17,1008.15,31.03,72.16,1008.14,1,0,MANUAL,1,1,1,
2026-09-26 23:06:32,brain,2733000,30.27,74.24,1008.23,31.03,72.08,1008.11,1,0,MANUAL,1,1,1,
2026-09-26 23:06:33,brain,2734000,30.29,74.26,1008.17,31.03,72.25,1008.06,1,0,MANUAL,1,1,1,
2026-09-26 23:06:34,brain,2735000,30.28,74.17,1008.26,31.03,72.21,1008.15,1,0,MANUAL,1,1,1,
2026-09-26 23:06:35,brain,2736000,30.28,75.00,1008.21,31.03,72.03,1008.12,1,0,MANUAL,1,1,1,
2026-09-26 23:06:36,brain,2737000,30.27,74.68,1008.23,31.03,72.12,1008.08,1,0,MANUAL,1,1,1,
2026-09-26 23:06:37,brain,2738000,30.27,74.84,1008.20,31.03,71.95,1008.11,1,0,MANUAL,1,1,1,
2026-09-26 23:06:38,brain,2739000,30.27,74.93,1008.23,31.03,72.09,1008.06,1,0,MANUAL,1,1,1,
2026-09-26 23:06:39,brain,2740000,30.26,75.43,1008.15,31.03,72.09,1008.08,1,0,MANUAL,1,1,1,
2026-09-26 23:06:40,brain,2741000,30.26,75.82,1008.15,31.03,72.10,1008.09,1,0,MANUAL,1,1,1,
2026-09-26 23:06:41,brain,2742000,30.27,75.74,1008.23,31.04,72.26,1008.08,1,0,MANUAL,1,1,1,
2026-09-26 23:06:42,brain,2743000,30.26,76.11,1008.12,31.04,72.07,1008.14,1,0,MANUAL,1,1,1,
2026-09-26 23:06:42,brain,,,,,,,,,,,,,,mist A=0 B=0 (manual)
2026-09-26 23:06:43,brain,2744000,30.25,75.99,1008.19,31.04,71.93,1008.08,0,0,MANUAL,1,1,1,
2026-09-26 23:06:44,brain,2745000,30.25,76.57,1008.18,31.04,72.08,1008.16,0,0,MANUAL,1,1,1,
2026-09-26 23:06:45,brain,2746000,30.25,76.15,1008.16,31.04,72.12,1008.19,0,0,MANUAL,1,1,1,
2026-09-26 23:06:46,brain,2747000,30.25,76.27,1008.18,31.03,72.21,1008.12,0,0,MANUAL,1,1,1,
2026-09-26 23:06:47,brain,2748000,30.24,76.69,1008.18,31.05,72.21,1008.12,0,0,MANUAL,1,1,1,
2026-09-26 23:06:48,brain,2749000,30.24,76.35,1008.21,31.05,72.21,1008.20,0,0,MANUAL,1,1,1,
2026-09-26 23:06:49,brain,2750000,30.24,76.68,1008.21,31.05,72.09,1008.04,0,0,MANUAL,1,1,1,
2026-09-26 23:06:50,brain,2751000,30.23,76.13,1008.19,31.05,72.01,1008.07,0,0,MANUAL,1,1,1,
2026-09-26 23:06:51,brain,2752000,30.23,76.80,1008.22,31.04,72.06,1008.11,0,0,MANUAL,1,1,1,
2026-09-26 23:06:52,brain,2753000,30.23,76.72,1008.21,31.05,72.33,1008.12,0,0,MANUAL,1,1,1,
2026-09-26 23:06:53,brain,2754000,30.23,76.59,1008.22,31.06,71.96,1008.17,0,0,MANUAL,1,1,1,
2026-09-26 23:06:54,brain,2755000,30.21,77.06,1008.16,31.05,71.89,1008.15,0,0,MANUAL,1,1,1,
2026-09-26 23:06:55,brain,2756000,30.23,77.27,1008.21,31.05,71.82,1008.15,0,0,MANUAL,1,1,1,
2026-09-26 23:06:56,brain,2757000,30.22,76.14,1008.23,31.06,72.22,1008.14,0,0,MANUAL,1,1,1,
2026-09-26 23:06:57,brain,2758000,30.21,76.02,1008.16,31.06,72.13,1008.11,0,0,MANUAL,1,1,1,
2026-09-26 23:06:58,brain,2759000,30.22,75.79,1008.23,31.06,72.06,1008.14,0,0,MANUAL,1,1,1,
2026-09-26 23:06:59,brain,2760000,30.21,75.79,1008.18,31.07,71.88,1008.12,0,0,MANUAL,1,1,1,
2026-09-26 23:07:00,brain,2761000,30.21,76.48,1008.16,31.07,72.11,1008.13,0,0,MANUAL,1,1,1,
2026-09-26 23:07:01,brain,2762000,30.21,76.96,1008.19,31.07,71.99,1008.16,0,0,MANUAL,1,1,1,
2026-09-26 23:07:02,brain,2763000,30.22,77.05,1008.23,31.07,72.04,1008.09,0,0,MANUAL,1,1,1,
2026-09-26 23:07:03,brain,2764000,30.22,76.71,1008.17,31.08,72.07,1008.16,0,0,MANUAL,1,1,1,
2026-09-26 23:07:04,brain,2765000,30.22,77.08,1008.23,31.07,71.95,1008.18,0,0,MANUAL,1,1,1,
2026-09-26 23:07:05,brain,2766000,30.22,76.24,1008.14,31.07,71.98,1008.10,0,0,MANUAL,1,1,1,
2026-09-26 23:07:06,brain,2767000,30.22,76.27,1008.17,31.08,72.01,1008.15,0,0,MANUAL,1,1,1,
2026-09-26 23:07:07,brain,2768000,30.21,76.32,1008.19,31.09,72.01,1008.18,0,0,MANUAL,1,1,1,
2026-09-26 23:07:08,brain,2769000,30.21,76.72,1008.19,31.08,71.91,1008.17,0,0,MANUAL,1,1,1,
2026-09-26 23:07:09,brain,2770000,30.22,77.11,1008.14,31.08,71.99,1008.15,0,0,MANUAL,1,1,1,
2026-09-26 23:07:10,brain,2771000,30.22,75.72,1008.14,31.09,72.04,1008.07,0,0,MANUAL,1,1,1,
2026-09-26 23:07:11,brain,2772000,30.21,75.64,1008.18,31.08,71.93,1008.11,0,0,MANUAL,1,1,1,
2026-09-26 23:07:12,brain,2773000,30.22,74.88,1008.17,31.09,71.91,1008.15,0,0,MANUAL,1,1,1,
2026-09-26 23:07:13,brain,2774000,30.22,75.58,1008.20,31.10,71.91,1008.17,0,0,MANUAL,1,1,1,
2026-09-26 23:07:14,brain,2775000,30.22,74.87,1008.20,31.09,72.05,1008.19,0,0,MANUAL,1,1,1,
2026-09-26 23:07:15,brain,2776000,30.22,75.16,1008.14,31.10,72.34,1008.11,0,0,MANUAL,1,1,1,
2026-09-26 23:07:16,brain,2777000,30.23,75.13,1008.22,31.10,72.27,1008.14,0,0,MANUAL,1,1,1,
2026-09-26 23:07:17,brain,2778000,30.24,75.58,1008.23,31.10,72.08,1008.14,0,0,MANUAL,1,1,1,
2026-09-26 23:07:18,brain,2779000,30.24,75.80,1008.21,31.11,72.05,1008.22,0,0,MANUAL,1,1,1,
2026-09-26 23:07:19,brain,2780000,30.24,75.72,1008.23,31.11,72.00,1008.16,0,0,MANUAL,1,1,1,
2026-09-26 23:07:20,brain,2781000,30.24,75.43,1008.23,31.11,71.82,1008.21,0,0,MANUAL,1,1,1,
2026-09-26 23:07:21,brain,2782000,30.24,75.91,1008.23,31.12,71.82,1008.12,0,0,MANUAL,1,1,1,
2026-09-26 23:07:22,brain,2783000,30.24,75.29,1008.21,31.11,71.91,1008.14,0,0,MANUAL,1,1,1,
2026-09-26 23:07:23,brain,2784000,30.25,75.96,1008.19,31.12,72.00,1008.12,0,0,MANUAL,1,1,1,
2026-09-26 23:07:24,brain,2785000,30.25,75.71,1008.19,31.11,71.99,1008.10,0,0,MANUAL,1,1,1,
2026-09-26 23:07:25,brain,2786000,30.26,76.01,1008.23,31.11,72.13,1008.14,0,0,MANUAL,1,1,1,
2026-09-26 23:07:26,brain,2787000,30.25,75.77,1008.19,31.12,72.07,1008.15,0,0,MANUAL,1,1,1,
2026-09-26 23:07:27,brain,2788000,30.26,75.32,1008.21,31.12,72.05,1008.09,0,0,MANUAL,1,1,1,
2026-09-26 23:07:28,brain,2789000,30.26,75.17,1008.23,31.12,71.89,1008.18,0,0,MANUAL,1,1,1,
2026-09-26 23:07:29,brain,2790000,30.25,74.55,1008.19,31.14,71.89,1008.18,0,0,MANUAL,1,1,1,
2026-09-26 23:07:30,brain,2791000,30.25,74.62,1008.19,31.12,71.94,1008.10,0,0,MANUAL,1,1,1,
2026-09-26 23:07:31,brain,2792000,30.25,74.55,1008.18,31.11,71.80,1008.08,0,0,MANUAL,1,1,1,
2026-09-26 23:07:32,brain,2793000,30.26,74.15,1008.18,31.12,71.94,1008.13,0,0,MANUAL,1,1,1,
2026-09-26 23:07:33,brain,2794000,30.25,74.24,1008.14,31.12,71.67,1008.13,0,0,MANUAL,1,1,1,
2026-09-26 23:07:34,brain,2795000,30.26,74.55,1008.17,31.12,71.96,1008.13,0,0,MANUAL,1,1,1,
2026-09-26 23:07:35,brain,2796000,30.26,74.46,1008.21,31.14,71.99,1008.18,0,0,MANUAL,1,1,1,
2026-09-26 23:07:36,brain,2797000,30.26,75.23,1008.21,31.13,72.14,1008.14,0,0,MANUAL,1,1,1,
2026-09-26 23:07:37,brain,2798000,30.26,74.32,1008.15,31.14,71.96,1008.16,0,0,MANUAL,1,1,1,
2026-09-26 23:07:38,brain,2799000,30.27,74.34,1008.17,31.14,72.05,1008.18,0,0,MANUAL,1,1,1,
2026-09-26 23:07:39,brain,2800000,30.27,75.12,1008.22,31.14,71.95,1008.15,0,0,MANUAL,1,1,1,
2026-09-26 23:07:40,brain,2801000,30.28,75.16,1008.18,31.14,71.74,1008.21,0,0,MANUAL,1,1,1,
2026-09-26 23:07:41,brain,2802000,30.27,74.55,1008.17,31.14,71.94,1008.19,0,0,MANUAL,1,1,1,
2026-09-26 23:07:42,brain,2803000,30.27,74.67,1008.20,31.14,71.98,1008.15,0,0,MANUAL,1,1,1,
2026-09-26 23:07:43,brain,2804000,30.27,74.49,1008.23,31.15,71.86,1008.23,0,0,MANUAL,1,1,1,
2026-09-26 23:07:44,brain,2805000,30.28,74.53,1008.21,31.15,71.96,1008.17,0,0,MANUAL,1,1,1,
2026-09-26 23:07:45,brain,2806000,30.28,74.51,1008.15,31.15,71.91,1008.17,0,0,MANUAL,1,1,1,
2026-09-26 23:07:46,brain,2807000,30.28,75.29,1008.13,31.15,72.11,1008.14,0,0,MANUAL,1,1,1,
2026-09-26 23:07:47,brain,2808000,30.28,74.93,1008.19,31.15,71.97,1008.14,0,0,MANUAL,1,1,1,
2026-09-26 23:07:48,brain,2809000,30.29,74.76,1008.23,31.15,71.67,1008.12,0,0,MANUAL,1,1,1,
2026-09-26 23:07:49,brain,2810000,30.29,75.14,1008.20,31.15,71.80,1008.12,0,0,MANUAL,1,1,1,
2026-09-26 23:07:50,brain,2811000,30.28,75.10,1008.24,31.15,71.77,1008.12,0,0,MANUAL,1,1,1,
2026-09-26 23:07:51,brain,2812000,30.29,75.29,1008.26,31.15,71.89,1008.17,0,0,MANUAL,1,1,1,
2026-09-26 23:07:52,brain,2813000,30.29,75.16,1008.19,31.16,71.82,1008.13,0,0,MANUAL,1,1,1,
2026-09-26 23:07:52,brain,,,,,,,,,,,,,,mist A=1 B=0 (manual)
2026-09-26 23:07:53,brain,2814000,30.29,74.78,1008.23,31.15,71.91,1008.12,1,0,MANUAL,1,1,1,
2026-09-26 23:07:54,brain,2815000,30.30,74.46,1008.21,31.16,71.84,1008.15,1,0,MANUAL,1,1,1,
2026-09-26 23:07:55,brain,2816000,30.30,75.11,1008.27,31.15,72.04,1008.15,1,0,MANUAL,1,1,1,
2026-09-26 23:07:56,brain,2817000,30.31,75.04,1008.23,31.16,71.62,1008.18,1,0,MANUAL,1,1,1,
2026-09-26 23:07:57,brain,2818000,30.30,75.16,1008.16,31.16,71.66,1008.16,1,0,MANUAL,1,1,1,
2026-09-26 23:07:58,brain,2819000,30.30,75.01,1008.25,31.16,72.02,1008.16,1,0,MANUAL,1,1,1,
2026-09-26 23:07:59,brain,2820000,30.31,75.48,1008.25,31.16,72.67,1008.11,1,0,MANUAL,1,1,1,
2026-09-26 23:08:00,brain,2821000,30.30,74.71,1008.22,31.14,72.75,1008.19,1,0,MANUAL,1,1,1,
2026-09-26 23:08:01,brain,2822000,30.31,75.11,1008.20,31.15,72.98,1008.20,1,0,MANUAL,1,1,1,
2026-09-26 23:08:02,brain,2823000,30.31,76.25,1008.20,31.14,72.92,1008.15,1,0,MANUAL,1,1,1,
2026-09-26 23:08:03,brain,2824000,30.30,75.61,1008.19,31.13,72.95,1008.17,1,0,MANUAL,1,1,1,
2026-09-26 23:08:04,brain,2825000,30.29,75.32,1008.20,31.13,73.03,1008.22,1,0,MANUAL,1,1,1,
2026-09-26 23:08:05,brain,2826000,30.31,76.21,1008.23,31.12,72.84,1008.15,1,0,MANUAL,1,1,1,
2026-09-26 23:08:06,brain,2827000,30.30,75.92,1008.21,31.11,72.83,1008.13,1,0,MANUAL,1,1,1,
2026-09-26 23:08:07,brain,2828000,30.30,75.21,1008.16,31.11,72.63,1008.21,1,0,MANUAL,1,1,1,
2026-09-26 23:08:08,brain,2829000,30.30,75.43,1008.22,31.10,72.86,1008.15,1,0,MANUAL,1,1,1,
2026-09-26 23:08:09,brain,2830000,30.30,76.20,1008.15,31.10,72.69,1008.20,1,0,MANUAL,1,1,1,
2026-09-26 23:08:10,brain,2831000,30.30,75.45,1008.22,31.09,73.34,1008.13,1,0,MANUAL,1,1,1,
2026-09-26 23:08:11,brain,2832000,30.31,75.92,1008.18,31.09,73.24,1008.18,1,0,MANUAL,1,1,1,
2026-09-26 23:08:12,brain,2833000,30.32,76.31,1008.24,31.07,73.48,1008.13,1,0,MANUAL,1,1,1,
2026-09-26 23:08:13,brain,2834000,30.31,76.72,1008.23,31.05,74.01,1008.14,1,0,MANUAL,1,1,1,
2026-09-26 23:08:14,brain,2835000,30.31,76.54,1008.11,31.05,74.09,1008.14,1,0,MANUAL,1,1,1,
2026-09-26 23:08:15,brain,2836000,30.30,76.04,1008.16,31.03,73.88,1008.20,1,0,MANUAL,1,1,1,
2026-09-26 23:08:16,brain,2837000,30.30,76.56,1008.19,31.02,73.95,1008.22,1,0,MANUAL,1,1,1,
2026-09-26 23:08:17,brain,2838000,30.31,76.80,1008.23,31.02,74.04,1008.12,1,0,MANUAL,1,1,1,
2026-09-26 23:08:18,brain,2839000,30.29,75.87,1008.20,31.02,73.84,1008.16,1,0,MANUAL,1,1,1,
2026-09-26 23:08:19,brain,2840000,30.30,75.87,1008.22,31.01,73.99,1008.17,1,0,MANUAL,1,1,1,
2026-09-26 23:08:20,brain,2841000,30.29,75.38,1008.23,30.99,74.20,1008.14,1,0,MANUAL,1,1,1,
2026-09-26 23:08:21,brain,2842000,30.30,76.21,1008.30,31.00,73.98,1008.21,1,0,MANUAL,1,1,1,
2026-09-26 23:08:22,brain,2843000,30.30,75.76,1008.21,30.99,74.15,1008.22,1,0,MANUAL,1,1,1,
2026-09-26 23:08:23,brain,2844000,30.29,75.95,1008.26,31.00,74.09,1008.24,1,0,MANUAL,1,1,1,
2026-09-26 23:08:24,brain,2845000,30.28,75.29,1008.19,30.98,74.22,1008.18,1,0,MANUAL,1,1,1,
2026-09-26 23:08:25,brain,2846000,30.28,74.95,1008.21,30.97,74.37,1008.22,1,0,MANUAL,1,1,1,
2026-09-26 23:08:26,brain,2847000,30.28,75.19,1008.21,30.95,74.59,1008.17,1,0,MANUAL,1,1,1,
2026-09-26 23:08:27,brain,2848000,30.28,75.29,1008.19,30.94,75.05,1008.17,1,0,MANUAL,1,1,1,
2026-09-26 23:08:27,brain,,,,,,,,,,,,,,mist A=0 B=0 (manual)
2026-09-26 23:08:28,brain,2849000,30.28,76.05,1008.23,30.92,75.51,1008.20,0,0,MANUAL,1,1,1,
2026-09-26 23:08:29,brain,2850000,30.27,76.67,1008.23,30.93,75.75,1008.18,0,0,MANUAL,1,1,1,
2026-09-26 23:08:30,brain,2851000,30.27,75.96,1008.23,30.91,75.38,1008.16,0,0,MANUAL,1,1,1,
2026-09-26 23:08:31,brain,2852000,30.27,76.42,1008.28,30.92,74.72,1008.20,0,0,MANUAL,1,1,1,
2026-09-26 23:08:32,brain,2853000,30.27,75.96,1008.23,30.91,74.27,1008.13,0,0,MANUAL,1,1,1,
2026-09-26 23:08:33,brain,2854000,30.26,76.39,1008.24,30.91,74.03,1008.16,0,0,MANUAL,1,1,1,
2026-09-26 23:08:34,brain,2855000,30.26,75.85,1008.24,30.92,74.01,1008.17,0,0,MANUAL,1,1,1,
2026-09-26 23:08:35,brain,2856000,30.26,75.79,1008.29,30.91,73.81,1008.18,0,0,MANUAL,1,1,1,
2026-09-26 23:08:36,brain,2857000,30.26,74.68,1008.20,30.91,73.66,1008.16,0,0,MANUAL,1,1,1,
2026-09-26 23:08:37,brain,2858000,30.26,75.27,1008.20,30.91,73.60,1008.23,0,0,MANUAL,1,1,1,
2026-09-26 23:08:38,brain,2859000,30.25,74.48,1008.19,30.91,73.57,1008.18,0,0,MANUAL,1,1,1,
2026-09-26 23:08:39,brain,2860000,30.26,75.21,1008.24,30.92,73.57,1008.22,0,0,MANUAL,1,1,1,
2026-09-26 23:08:40,brain,2861000,30.26,74.43,1008.26,30.91,73.58,1008.13,0,0,MANUAL,1,1,1,
2026-09-26 23:08:41,brain,2862000,30.25,75.10,1008.25,30.91,73.57,1008.15,0,0,MANUAL,1,1,1,
2026-09-26 23:08:42,brain,2863000,30.26,74.37,1008.29,30.91,73.56,1008.21,0,0,MANUAL,1,1,1,
2026-09-26 23:08:43,brain,2864000,30.26,75.07,1008.23,30.91,73.40,1008.24,0,0,MANUAL,1,1,1,
2026-09-26 23:08:44,brain,2865000,30.26,74.64,1008.26,30.91,73.38,1008.15,0,0,MANUAL,1,1,1,
2026-09-26 23:08:45,brain,2866000,30.26,75.03,1008.18,30.91,73.33,1008.16,0,0,MANUAL,1,1,1,
2026-09-26 23:08:46,brain,2867000,30.27,74.94,1008.22,30.91,73.36,1008.18,0,0,MANUAL,1,1,1,
2026-09-26 23:08:47,brain,2868000,30.27,75.29,1008.25,30.91,73.29,1008.18,0,0,MANUAL,1,1,1,
2026-09-26 23:08:48,brain,2869000,30.27,74.33,1008.27,30.91,73.17,1008.12,0,0,MANUAL,1,1,1,
2026-09-26 23:08:49,brain,2870000,30.27,74.40,1008.23,30.91,73.32,1008.21,0,0,MANUAL,1,1,1,
2026-09-26 23:08:50,brain,2871000,30.27,75.22,1008.22,30.92,73.24,1008.19,0,0,MANUAL,1,1,1,
2026-09-26 23:08:51,brain,2872000,30.27,74.40,1008.23,30.92,73.27,1008.19,0,0,MANUAL,1,1,1,
2026-09-26 23:08:52,brain,2873000,30.28,75.45,1008.23,30.92,73.09,1008.19,0,0,MANUAL,1,1,1,
2026-09-26 23:08:53,brain,2874000,30.28,74.93,1008.21,30.93,73.02,1008.21,0,0,MANUAL,1,1,1,
2026-09-26 23:08:54,brain,2875000,30.27,75.39,1008.20,30.92,73.13,1008.15,0,0,MANUAL,1,1,1,
2026-09-26 23:08:55,brain,2876000,30.27,75.30,1008.23,30.92,72.99,1008.22,0,0,MANUAL,1,1,1,
2026-09-26 23:08:56,brain,2877000,30.27,74.71,1008.25,30.92,73.00,1008.23,0,0,MANUAL,1,1,1,
2026-09-26 23:08:57,brain,2878000,30.28,74.89,1008.23,30.92,73.13,1008.25,0,0,MANUAL,1,1,1,
2026-09-26 23:08:58,brain,2879000,30.27,74.78,1008.23,30.92,73.09,1008.17,0,0,MANUAL,1,1,1,
2026-09-26 23:08:59,brain,2880000,30.28,74.65,1008.27,30.92,73.10,1008.17,0,0,MANUAL,1,1,1,
2026-09-26 23:09:00,brain,2881000,30.28,75.33,1008.24,30.92,72.96,1008.12,0,0,MANUAL,1,1,1,
2026-09-26 23:09:01,brain,2882000,30.28,74.58,1008.21,30.92,73.30,1008.17,0,0,MANUAL,1,1,1,
2026-09-26 23:09:02,brain,2883000,30.28,75.13,1008.27,30.94,73.28,1008.14,0,0,MANUAL,1,1,1,
2026-09-26 23:09:03,brain,2884000,30.29,74.43,1008.20,30.93,73.08,1008.16,0,0,MANUAL,1,1,1,
2026-09-26 23:09:04,brain,2885000,30.29,74.40,1008.17,30.93,73.03,1008.18,0,0,MANUAL,1,1,1,
2026-09-26 23:09:05,brain,2886000,30.29,74.21,1008.19,30.94,73.22,1008.17,0,0,MANUAL,1,1,1,
2026-09-26 23:09:06,brain,2887000,30.30,74.95,1008.21,30.93,73.02,1008.22,0,0,MANUAL,1,1,1,
2026-09-26 23:09:07,brain,2888000,30.29,74.22,1008.26,30.94,73.03,1008.23,0,0,MANUAL,1,1,1,
2026-09-26 23:09:08,brain,2889000,30.30,75.14,1008.21,30.93,73.04,1008.13,0,0,MANUAL,1,1,1,
2026-09-26 23:09:09,brain,2890000,30.30,74.44,1008.27,30.94,73.17,1008.17,0,0,MANUAL,1,1,1,
2026-09-26 23:09:10,brain,2891000,30.30,74.73,1008.21,30.94,72.97,1008.18,0,0,MANUAL,1,1,1,
2026-09-26 23:09:11,brain,2892000,30.30,75.59,1008.22,30.94,72.99,1008.17,0,0,MANUAL,1,1,1,
2026-09-26 23:09:12,brain,2893000,30.31,75.54,1008.25,30.95,72.95,1008.19,0,0,MANUAL,1,1,1,
2026-09-26 23:09:13,brain,2894000,30.31,75.46,1008.23,30.94,72.99,1008.15,0,0,MANUAL,1,1,1,
2026-09-26 23:09:14,brain,2895000,30.31,75.03,1008.23,30.95,73.16,1008.24,0,0,MANUAL,1,1,1,
2026-09-26 23:09:15,brain,2896000,30.31,74.73,1008.29,30.95,73.05,1008.19,0,0,MANUAL,1,1,1,
2026-09-26 23:09:16,brain,2897000,30.31,75.59,1008.25,30.96,73.06,1008.23,0,0,MANUAL,1,1,1,
2026-09-26 23:09:17,brain,2898000,30.31,75.47,1008.17,30.96,73.04,1008.24,0,0,MANUAL,1,1,1,
2026-09-26 23:09:18,brain,2899000,30.31,75.60,1008.23,30.95,72.95,1008.22,0,0,MANUAL,1,1,1,
2026-09-26 23:09:19,brain,2900000,30.31,74.71,1008.23,30.96,73.17,1008.26,0,0,MANUAL,1,1,1,
2026-09-26 23:09:20,brain,2901000,30.32,75.24,1008.19,30.96,73.17,1008.26,0,0,MANUAL,1,1,1,
2026-09-26 23:09:21,brain,2902000,30.32,75.57,1008.31,30.96,72.73,1008.17,0,0,MANUAL,1,1,1,
2026-09-26 23:09:22,brain,2903000,30.31,74.84,1008.26,30.95,72.69,1008.16,0,0,MANUAL,1,1,1,
2026-09-26 23:09:23,brain,2904000,30.32,75.47,1008.22,30.95,72.57,1008.17,0,0,MANUAL,1,1,1,
2026-09-26 23:09:24,brain,2905000,30.31,75.53,1008.23,30.95,72.82,1008.14,0,0,MANUAL,1,1,1,
2026-09-26 23:09:25,brain,2906000,30.32,74.63,1008.25,30.96,72.51,1008.13,0,0,MANUAL,1,1,1,
2026-09-26 23:09:26,brain,2907000,30.32,74.75,1008.25,30.97,72.80,1008.16,0,0,MANUAL,1,1,1,
2026-09-26 23:09:27,brain,2908000,30.32,75.35,1008.28,30.96,72.74,1008.15,0,0,MANUAL,1,1,1,
2026-09-26 23:09:28,brain,2909000,30.33,74.89,1008.29,30.96,72.78,1008.18,0,0,MANUAL,1,1,1,
2026-09-26 23:09:29,brain,2910000,30.32,74.78,1008.25,30.97,72.69,1008.20,0,0,MANUAL,1,1,1,
2026-09-26 23:09:30,brain,2911000,30.33,74.70,1008.26,30.96,72.69,1008.18,0,0,MANUAL,1,1,1,
2026-09-26 23:09:31,brain,2912000,30.32,75.38,1008.22,30.98,72.79,1008.21,0,0,MANUAL,1,1,1,
2026-09-26 23:09:32,brain,2913000,30.32,74.78,1008.25,30.97,72.90,1008.17,0,0,MANUAL,1,1,1,
2026-09-26 23:09:33,brain,2914000,30.33,75.30,1008.17,30.98,72.69,1008.16,0,0,MANUAL,1,1,1,
2026-09-26 23:09:34,brain,2915000,30.33,75.23,1008.26,30.98,72.78,1008.13,0,0,MANUAL,1,1,1,
2026-09-26 23:09:35,brain,2916000,30.33,75.15,1008.23,30.98,72.83,1008.16,0,0,MANUAL,1,1,1,
2026-09-26 23:09:36,brain,2917000,30.33,74.34,1008.20,30.99,72.86,1008.20,0,0,MANUAL,1,1,1,
2026-09-26 23:09:37,brain,2918000,30.33,74.93,1008.27,30.98,72.68,1008.19,0,0,MANUAL,1,1,1,
2026-09-26 23:09:38,brain,2919000,30.33,75.06,1008.21,30.99,72.66,1008.22,0,0,MANUAL,1,1,1,
2026-09-26 23:09:38,brain,,,,,,,,,,,,,,mist A=1 B=0 (manual)
2026-09-26 23:09:39,brain,2920000,30.33,75.05,1008.18,30.99,72.69,1008.18,1,0,MANUAL,1,1,1,
2026-09-26 23:09:40,brain,2921000,30.34,74.69,1008.28,30.99,72.65,1008.12,1,0,MANUAL,1,1,1,
2026-09-26 23:09:41,brain,2922000,30.33,75.00,1008.21,30.99,72.72,1008.15,1,0,MANUAL,1,1,1,
2026-09-26 23:09:42,brain,2923000,30.34,74.39,1008.25,31.00,72.82,1008.21,1,0,MANUAL,1,1,1,
2026-09-26 23:09:43,brain,2924000,30.34,74.95,1008.28,31.00,72.72,1008.16,1,0,MANUAL,1,1,1,
2026-09-26 23:09:43,brain,,,,,,,,,,,,,,mist A=0 B=0 (manual)
2026-09-26 23:09:44,brain,2925000,30.34,74.95,1008.28,31.01,73.13,1008.19,0,0,MANUAL,1,1,1,
2026-09-26 23:09:45,brain,2926000,30.36,76.38,1008.25,31.00,73.07,1008.16,0,0,MANUAL,1,1,1,
2026-09-26 23:09:46,brain,2927000,30.35,76.03,1008.21,31.00,73.76,1008.21,0,0,MANUAL,1,1,1,
2026-09-26 23:09:47,brain,2928000,30.38,76.64,1008.26,30.99,74.08,1008.20,0,0,MANUAL,1,1,1,
2026-09-26 23:09:48,brain,2929000,30.38,76.64,1008.26,31.00,74.31,1008.21,0,0,MANUAL,1,1,1,
2026-09-26 23:09:49,brain,2930000,30.41,78.12,1008.26,30.99,74.05,1008.23,0,0,MANUAL,1,1,1,
2026-09-26 23:09:50,brain,2931000,30.41,78.12,1008.26,30.99,73.95,1008.20,0,0,MANUAL,1,1,1,
2026-09-26 23:09:51,brain,2932000,30.41,78.12,1008.26,31.00,73.70,1008.21,0,0,MANUAL,1,1,1,
2026-09-26 23:09:52,brain,2933000,30.41,78.12,1008.26,31.00,73.81,1008.16,0,0,MANUAL,1,1,1,
2026-09-26 23:09:53,brain,2934000,30.41,78.12,1008.26,31.00,73.38,1008.21,0,0,MANUAL,1,1,1,
2026-09-26 23:09:54,brain,2935000,30.41,78.12,1008.26,31.00,73.49,1008.13,0,0,MANUAL,1,1,1,
2026-09-26 23:09:55,brain,2936000,30.41,77.19,1008.26,31.01,73.56,1008.22,0,0,MANUAL,1,1,1,
2026-09-26 23:09:56,brain,2937000,30.41,77.89,1008.26,31.01,73.25,1008.20,0,0,MANUAL,1,1,1,
2026-09-26 23:09:57,brain,2938000,30.41,78.11,1008.26,31.01,73.12,1008.19,0,0,MANUAL,1,1,1,
2026-09-26 23:09:58,brain,2939000,30.42,78.14,1008.26,31.02,72.87,1008.18,0,0,MANUAL,1,1,1,
2026-09-26 23:09:59,brain,2940000,30.41,77.78,1008.28,31.01,72.83,1008.19,0,0,MANUAL,1,1,1,
2026-09-26 23:10:00,brain,2941000,30.42,78.16,1008.22,31.02,72.79,1008.22,0,0,MANUAL,1,1,1,
2026-09-26 23:10:01,brain,2942000,30.41,77.36,1008.19,31.02,73.29,1008.23,0,0,MANUAL,1,1,1,
2026-09-26 23:10:02,brain,2943000,30.42,77.97,1008.24,31.03,72.79,1008.20,0,0,MANUAL,1,1,1,
2026-09-26 23:10:03,brain,2944000,30.43,78.22,1008.25,31.03,73.01,1008.15,0,0,MANUAL,1,1,1,
2026-09-26 23:10:04,brain,2945000,30.41,77.89,1008.26,31.02,73.05,1008.15,0,0,MANUAL,1,1,1,
2026-09-26 23:10:05,brain,2946000,30.42,78.32,1008.27,31.02,73.09,1008.19,0,0,MANUAL,1,1,1,
2026-09-26 23:10:06,brain,2947000,30.42,77.42,1008.35,31.02,72.87,1008.22,0,0,MANUAL,1,1,1,
2026-09-26 23:10:07,brain,2948000,30.42,78.18,1008.22,31.03,72.88,1008.18,0,0,MANUAL,1,1,1,
2026-09-26 23:10:08,brain,2949000,30.42,78.05,1008.26,31.03,72.80,1008.18,0,0,MANUAL,1,1,1,
2026-09-26 23:10:09,brain,2950000,30.42,78.45,1008.29,31.03,72.81,1008.20,0,0,MANUAL,1,1,1,
2026-09-26 23:10:10,brain,2951000,30.42,78.56,1008.26,31.04,72.48,1008.22,0,0,MANUAL,1,1,1,
2026-09-26 23:10:11,brain,2952000,30.43,78.44,1008.31,31.03,72.55,1008.20,0,0,MANUAL,1,1,1,
2026-09-26 23:10:12,brain,2953000,30.42,77.67,1008.24,31.03,72.68,1008.18,0,0,MANUAL,1,1,1,
2026-09-26 23:10:13,brain,2954000,30.42,78.44,1008.30,31.04,72.70,1008.21,0,0,MANUAL,1,1,1,
2026-09-26 23:10:14,brain,2955000,30.42,78.10,1008.26,31.04,72.65,1008.16,0,0,MANUAL,1,1,1,
2026-09-26 23:10:15,brain,2956000,30.42,78.33,1008.24,31.05,72.58,1008.23,0,0,MANUAL,1,1,1,
2026-09-26 23:10:16,brain,2957000,30.42,78.20,1008.29,31.05,72.93,1008.20,0,0,MANUAL,1,1,1,
2026-09-26 23:10:17,brain,2958000,30.41,77.64,1008.28,31.05,72.49,1008.24,0,0,MANUAL,1,1,1,
2026-09-26 23:10:18,brain,2959000,30.41,78.12,1008.26,31.05,72.58,1008.17,0,0,MANUAL,1,1,1,
2026-09-26 23:10:19,brain,2960000,30.41,78.07,1008.26,31.06,72.52,1008.22,0,0,MANUAL,1,1,1,
2026-09-26 23:10:20,brain,2961000,30.41,78.31,1008.28,31.05,72.48,1008.29,0,0,MANUAL,1,1,1,
2026-09-26 23:10:21,brain,2962000,30.41,78.03,1008.26,31.06,72.42,1008.19,0,0,MANUAL,1,1,1,
2026-09-26 23:10:22,brain,2963000,30.40,78.21,1008.24,31.06,72.38,1008.22,0,0,MANUAL,1,1,1,
2026-09-26 23:10:23,brain,2964000,30.42,77.71,1008.33,31.06,72.81,1008.17,0,0,MANUAL,1,1,1,
2026-09-26 23:10:24,brain,2965000,30.43,77.87,1008.26,31.07,72.88,1008.18,0,0,MANUAL,1,1,1,
2026-09-26 23:10:25,brain,2966000,30.44,78.04,1008.28,31.07,72.95,1008.21,0,0,MANUAL,1,1,1,
2026-09-26 23:10:26,brain,2967000,30.44,77.65,1008.27,31.08,73.15,1008.12,0,0,MANUAL,1,1,1,
2026-09-26 23:10:27,brain,2968000,30.43,77.63,1008.23,31.08,73.21,1008.19,0,0,MANUAL,1,1,1,
2026-09-26 23:10:28,brain,2969000,30.44,78.09,1008.22,31.08,73.10,1008.22,0,0,MANUAL,1,1,1,
2026-09-26 23:10:29,brain,2970000,30.45,78.54,1008.31,31.08,73.06,1008.20,0,0,MANUAL,1,1,1,
2026-09-26 23:10:30,brain,2971000,30.44,78.76,1008.27,31.09,72.96,1008.21,0,0,MANUAL,1,1,1,
2026-09-26 23:10:31,brain,2972000,30.44,77.92,1008.35,31.09,72.88,1008.24,0,0,MANUAL,1,1,1,
2026-09-26 23:10:32,brain,2973000,30.45,77.82,1008.28,31.09,72.75,1008.21,0,0,MANUAL,1,1,1,
2026-09-26 23:10:33,brain,2974000,30.45,78.86,1008.29,31.09,72.99,1008.24,0,0,MANUAL,1,1,1,
2026-09-26 23:10:34,brain,2975000,30.44,77.99,1008.27,31.10,72.98,1008.20,0,0,MANUAL,1,1,1,
2026-09-26 23:10:35,brain,2976000,30.45,78.01,1008.29,31.10,73.00,1008.17,0,0,MANUAL,1,1,1,
2026-09-26 23:10:36,brain,2977000,30.44,78.95,1008.28,31.10,72.62,1008.18,0,0,MANUAL,1,1,1,
2026-09-26 23:10:37,brain,2978000,30.44,78.92,1008.28,31.10,72.77,1008.15,0,0,MANUAL,1,1,1,
2026-09-26 23:10:38,brain,2979000,30.45,78.58,1008.34,31.10,72.99,1008.18,0,0,MANUAL,1,1,1,
2026-09-26 23:10:39,brain,2980000,30.45,78.83,1008.31,31.11,72.89,1008.19,0,0,MANUAL,1,1,1,
2026-09-26 23:10:40,brain,2981000,30.45,78.48,1008.28,31.12,72.86,1008.17,0,0,MANUAL,1,1,1,
2026-09-26 23:10:41,brain,2982000,30.44,78.76,1008.28,31.11,72.88,1008.14,0,0,MANUAL,1,1,1,
2026-09-26 23:10:42,brain,2983000,30.44,79.48,1008.28,31.11,72.50,1008.21,0,0,MANUAL,1,1,1,
2026-09-26 23:10:43,brain,2984000,30.44,79.53,1008.28,31.12,72.42,1008.26,0,0,MANUAL,1,1,1,
2026-09-26 23:10:44,brain,2985000,30.45,78.90,1008.26,31.11,72.49,1008.17,0,0,MANUAL,1,1,1,
2026-09-26 23:10:45,brain,2986000,30.45,79.52,1008.28,31.11,72.70,1008.19,0,0,MANUAL,1,1,1,
2026-09-26 23:10:46,brain,2987000,30.44,79.85,1008.28,31.12,72.35,1008.21,0,0,MANUAL,1,1,1,
2026-09-26 23:10:47,brain,2988000,30.45,80.03,1008.28,31.12,72.22,1008.12,0,0,MANUAL,1,1,1,
2026-09-26 23:10:47,brain,,,,,,,,,,,,,,MARK  lid back on with 1 cm gap
2026-09-26 23:10:48,brain,2989000,30.44,79.32,1008.27,31.12,72.59,1008.21,0,0,MANUAL,1,1,1,
2026-09-26 23:10:49,brain,2990000,30.44,79.66,1008.30,31.12,72.18,1008.21,0,0,MANUAL,1,1,1,
2026-09-26 23:10:50,brain,2991000,30.44,79.83,1008.25,31.12,72.54,1008.24,0,0,MANUAL,1,1,1,
2026-09-26 23:10:51,brain,2992000,30.44,79.74,1008.30,31.12,72.09,1008.17,0,0,MANUAL,1,1,1,
2026-09-26 23:10:52,brain,2993000,30.45,79.60,1008.26,31.12,72.28,1008.17,0,0,MANUAL,1,1,1,
2026-09-26 23:10:53,brain,2994000,30.44,80.51,1008.30,31.12,72.07,1008.17,0,0,MANUAL,1,1,1,
2026-09-26 23:10:54,brain,2995000,30.45,80.53,1008.32,31.14,71.98,1008.23,0,0,MANUAL,1,1,1,
2026-09-26 23:10:55,brain,2996000,30.44,80.46,1008.28,31.13,72.40,1008.19,0,0,MANUAL,1,1,1,
2026-09-26 23:10:56,brain,2997000,30.45,80.70,1008.29,31.13,72.31,1008.16,0,0,MANUAL,1,1,1,
2026-09-26 23:10:57,brain,2998000,30.44,80.12,1008.28,31.13,72.22,1008.17,0,0,MANUAL,1,1,1,
2026-09-26 23:10:58,brain,2999000,30.45,80.11,1008.28,31.12,72.08,1008.18,0,0,MANUAL,1,1,1,
2026-09-26 23:10:59,brain,3000000,30.44,80.93,1008.22,31.14,72.26,1008.21,0,0,MANUAL,1,1,1,
2026-09-26 23:11:00,brain,3001000,30.45,80.67,1008.29,31.14,72.44,1008.23,0,0,MANUAL,1,1,1,
2026-09-26 23:11:01,brain,3002000,30.45,80.57,1008.26,31.14,72.12,1008.15,0,0,MANUAL,1,1,1,
2026-09-26 23:11:02,brain,3003000,30.44,80.22,1008.33,31.14,72.04,1008.21,0,0,MANUAL,1,1,1,
2026-09-26 23:11:03,brain,3004000,30.44,81.15,1008.27,31.13,72.08,1008.13,0,0,MANUAL,1,1,1,
2026-09-26 23:11:04,brain,3005000,30.45,80.49,1008.35,31.14,72.04,1008.24,0,0,MANUAL,1,1,1,
2026-09-26 23:11:05,brain,3006000,30.45,81.01,1008.29,31.14,72.03,1008.21,0,0,MANUAL,1,1,1,
2026-09-26 23:11:06,brain,3007000,30.45,80.70,1008.29,31.14,71.98,1008.19,0,0,MANUAL,1,1,1,
2026-09-26 23:11:07,brain,3008000,30.46,80.87,1008.25,31.14,72.11,1008.21,0,0,MANUAL,1,1,1,
2026-09-26 23:11:08,brain,3009000,30.45,80.67,1008.28,31.14,71.98,1008.21,0,0,MANUAL,1,1,1,
2026-09-26 23:11:09,brain,3010000,30.46,81.01,1008.27,31.15,71.94,1008.25,0,0,MANUAL,1,1,1,
2026-09-26 23:11:10,brain,3011000,30.45,81.64,1008.29,31.15,72.00,1008.20,0,0,MANUAL,1,1,1,
2026-09-26 23:11:11,brain,3012000,30.45,80.84,1008.24,31.15,72.10,1008.23,0,0,MANUAL,1,1,1,
2026-09-26 23:11:12,brain,3013000,30.46,81.41,1008.27,31.15,72.00,1008.22,0,0,MANUAL,1,1,1,
2026-09-26 23:11:13,brain,3014000,30.46,81.57,1008.24,31.15,71.94,1008.19,0,0,MANUAL,1,1,1,
2026-09-26 23:11:14,brain,3015000,30.46,81.07,1008.28,31.15,72.15,1008.26,0,0,MANUAL,1,1,1,
2026-09-26 23:11:15,brain,3016000,30.46,81.78,1008.31,31.15,72.30,1008.17,0,0,MANUAL,1,1,1,
2026-09-26 23:11:16,brain,3017000,30.46,81.11,1008.31,31.16,71.93,1008.22,0,0,MANUAL,1,1,1,
2026-09-26 23:11:17,brain,3018000,30.45,81.85,1008.32,31.15,72.08,1008.26,0,0,MANUAL,1,1,1,
2026-09-26 23:11:18,brain,3019000,30.46,81.39,1008.36,31.16,72.05,1008.22,0,0,MANUAL,1,1,1,
2026-09-26 23:11:19,brain,3020000,30.46,82.08,1008.25,31.16,72.21,1008.21,0,0,MANUAL,1,1,1,
2026-09-26 23:11:20,brain,3021000,30.46,82.06,1008.24,31.15,71.94,1008.23,0,0,MANUAL,1,1,1,
2026-09-26 23:11:21,brain,3022000,30.46,81.79,1008.27,31.16,72.12,1008.25,0,0,MANUAL,1,1,1,
2026-09-26 23:11:22,brain,3023000,30.46,82.12,1008.28,31.17,71.92,1008.25,0,0,MANUAL,1,1,1,
2026-09-26 23:11:23,brain,3024000,30.46,81.47,1008.30,31.16,71.84,1008.21,0,0,MANUAL,1,1,1,
2026-09-26 23:11:24,brain,3025000,30.46,82.22,1008.28,31.16,71.83,1008.24,0,0,MANUAL,1,1,1,
2026-09-26 23:11:25,brain,3026000,30.48,82.21,1008.36,31.15,71.98,1008.26,0,0,MANUAL,1,1,1,
2026-09-26 23:11:26,brain,3027000,30.46,82.36,1008.31,31.16,71.94,1008.25,0,0,MANUAL,1,1,1,
2026-09-26 23:11:27,brain,3028000,30.47,82.08,1008.26,31.16,71.82,1008.21,0,0,MANUAL,1,1,1,
2026-09-26 23:11:28,brain,3029000,30.48,81.54,1008.33,31.17,71.88,1008.28,0,0,MANUAL,1,1,1,
2026-09-26 23:11:29,brain,3030000,30.47,81.66,1008.27,31.16,72.18,1008.25,0,0,MANUAL,1,1,1,
2026-09-26 23:11:30,brain,3031000,30.47,82.42,1008.32,31.17,71.79,1008.26,0,0,MANUAL,1,1,1,
2026-09-26 23:11:31,brain,3032000,30.47,81.74,1008.32,31.16,71.92,1008.24,0,0,MANUAL,1,1,1,
2026-09-26 23:11:32,brain,3033000,30.47,82.00,1008.27,31.17,71.88,1008.26,0,0,MANUAL,1,1,1,
2026-09-26 23:11:33,brain,3034000,30.47,82.43,1008.32,31.17,72.25,1008.23,0,0,MANUAL,1,1,1,
2026-09-26 23:11:34,brain,3035000,30.47,81.83,1008.27,31.16,71.97,1008.19,0,0,MANUAL,1,1,1,
2026-09-26 23:11:35,brain,3036000,30.47,81.95,1008.27,31.16,72.11,1008.25,0,0,MANUAL,1,1,1,
2026-09-26 23:11:36,brain,3037000,30.48,82.70,1008.28,31.17,71.86,1008.20,0,0,MANUAL,1,1,1,
2026-09-26 23:11:37,brain,3038000,30.48,82.59,1008.33,31.17,71.88,1008.20,0,0,MANUAL,1,1,1,
2026-09-26 23:11:38,brain,3039000,30.47,82.81,1008.32,31.17,71.94,1008.25,0,0,MANUAL,1,1,1,
2026-09-26 23:11:39,brain,3040000,30.47,82.91,1008.30,31.17,72.06,1008.18,0,0,MANUAL,1,1,1,
2026-09-26 23:11:40,brain,3041000,30.47,83.04,1008.24,31.17,71.93,1008.23,0,0,MANUAL,1,1,1,
2026-09-26 23:11:41,brain,3042000,30.47,82.15,1008.27,31.17,71.85,1008.23,0,0,MANUAL,1,1,1,
2026-09-26 23:11:42,brain,3043000,30.48,82.67,1008.28,31.17,71.91,1008.21,0,0,MANUAL,1,1,1,
2026-09-26 23:11:43,brain,3044000,30.48,83.00,1008.28,31.17,71.76,1008.26,0,0,MANUAL,1,1,1,
2026-09-26 23:11:44,brain,3045000,30.49,83.15,1008.32,31.17,72.18,1008.21,0,0,MANUAL,1,1,1,
2026-09-26 23:11:45,brain,3046000,30.48,83.20,1008.28,31.17,72.17,1008.26,0,0,MANUAL,1,1,1,
2026-09-26 23:11:46,brain,3047000,30.48,82.87,1008.34,31.17,72.12,1008.26,0,0,MANUAL,1,1,1,
2026-09-26 23:11:47,brain,3048000,30.48,82.29,1008.31,31.16,71.95,1008.25,0,0,MANUAL,1,1,1,
2026-09-26 23:11:48,brain,3049000,30.49,83.12,1008.29,31.17,71.95,1008.21,0,0,MANUAL,1,1,1,
2026-09-26 23:11:49,brain,3050000,30.48,83.28,1008.31,31.17,71.94,1008.23,0,0,MANUAL,1,1,1,
2026-09-26 23:11:50,brain,3051000,30.49,83.01,1008.32,31.17,71.76,1008.26,0,0,MANUAL,1,1,1,
2026-09-26 23:11:51,brain,3052000,30.49,83.33,1008.27,31.17,72.26,1008.21,0,0,MANUAL,1,1,1,
2026-09-26 23:11:52,brain,3053000,30.49,82.42,1008.32,31.17,72.28,1008.23,0,0,MANUAL,1,1,1,
2026-09-26 23:11:53,brain,3054000,30.48,82.72,1008.26,31.18,72.06,1008.22,0,0,MANUAL,1,1,1,
2026-09-26 23:11:54,brain,3055000,30.50,83.49,1008.31,31.17,71.94,1008.18,0,0,MANUAL,1,1,1,
2026-09-26 23:11:55,brain,3056000,30.49,82.46,1008.36,31.17,72.13,1008.25,0,0,MANUAL,1,1,1,
2026-09-26 23:11:56,brain,3057000,30.49,83.43,1008.36,31.18,72.40,1008.21,0,0,MANUAL,1,1,1,
2026-09-26 23:11:57,brain,3058000,30.50,82.91,1008.28,31.18,72.16,1008.27,0,0,MANUAL,1,1,1,
2026-09-26 23:11:58,brain,3059000,30.49,83.59,1008.27,31.18,72.41,1008.27,0,0,MANUAL,1,1,1,
2026-09-26 23:11:59,brain,3060000,30.49,82.99,1008.30,31.18,72.15,1008.28,0,0,MANUAL,1,1,1,
2026-09-26 23:12:00,brain,3061000,30.49,83.61,1008.29,31.18,71.83,1008.28,0,0,MANUAL,1,1,1,
2026-09-26 23:12:01,brain,3062000,30.50,83.47,1008.31,31.17,72.09,1008.23,0,0,MANUAL,1,1,1,
2026-09-26 23:12:02,brain,3063000,30.50,83.36,1008.34,31.18,72.15,1008.24,0,0,MANUAL,1,1,1,
2026-09-26 23:12:03,brain,3064000,30.50,83.21,1008.34,31.19,71.92,1008.26,0,0,MANUAL,1,1,1,
2026-09-26 23:12:04,brain,3065000,30.50,83.63,1008.37,31.19,72.26,1008.23,0,0,MANUAL,1,1,1,
2026-09-26 23:12:05,brain,3066000,30.49,83.61,1008.36,31.19,72.34,1008.23,0,0,MANUAL,1,1,1,
2026-09-26 23:12:06,brain,3067000,30.50,82.78,1008.32,31.18,71.89,1008.22,0,0,MANUAL,1,1,1,
2026-09-26 23:12:07,brain,3068000,30.50,82.84,1008.26,31.19,72.05,1008.20,0,0,MANUAL,1,1,1,
2026-09-26 23:12:08,brain,3069000,30.50,83.34,1008.31,31.18,71.96,1008.24,0,0,MANUAL,1,1,1,
2026-09-26 23:12:09,brain,3070000,30.51,83.62,1008.30,31.18,72.00,1008.24,0,0,MANUAL,1,1,1,
2026-09-26 23:12:10,brain,3071000,30.50,83.85,1008.37,31.18,72.08,1008.22,0,0,MANUAL,1,1,1,
2026-09-26 23:12:11,brain,3072000,30.50,83.15,1008.31,31.19,72.39,1008.29,0,0,MANUAL,1,1,1,
2026-09-26 23:12:12,brain,3073000,30.49,83.67,1008.33,31.19,72.48,1008.23,0,0,MANUAL,1,1,1,
2026-09-26 23:12:13,brain,3074000,30.49,83.47,1008.26,31.19,72.43,1008.23,0,0,MANUAL,1,1,1,
2026-09-26 23:12:14,brain,3075000,30.48,82.58,1008.31,31.18,72.18,1008.22,0,0,MANUAL,1,1,1,
2026-09-26 23:12:15,brain,3076000,30.48,82.88,1008.28,31.19,72.31,1008.24,0,0,MANUAL,1,1,1,
2026-09-26 23:12:16,brain,3077000,30.47,83.11,1008.38,31.19,72.20,1008.21,0,0,MANUAL,1,1,1,
2026-09-26 23:12:17,brain,3078000,30.47,82.46,1008.35,31.19,72.29,1008.21,0,0,MANUAL,1,1,1,
2026-09-26 23:12:18,brain,3079000,30.47,82.48,1008.29,31.19,72.09,1008.24,0,0,MANUAL,1,1,1,
2026-09-26 23:12:19,brain,3080000,30.47,82.96,1008.32,31.19,72.09,1008.18,0,0,MANUAL,1,1,1,
2026-09-26 23:12:20,brain,3081000,30.45,82.95,1008.29,31.19,72.14,1008.24,0,0,MANUAL,1,1,1,
2026-09-26 23:12:21,brain,3082000,30.45,82.51,1008.29,31.19,71.76,1008.23,0,0,MANUAL,1,1,1,
2026-09-26 23:12:22,brain,3083000,30.44,82.86,1008.28,31.20,71.82,1008.19,0,0,MANUAL,1,1,1,
2026-09-26 23:12:23,brain,3084000,30.44,82.73,1008.30,31.20,71.88,1008.22,0,0,MANUAL,1,1,1,
2026-09-26 23:12:24,brain,3085000,30.44,82.53,1008.28,31.20,71.67,1008.23,0,0,MANUAL,1,1,1,
2026-09-26 23:12:25,brain,3086000,30.43,81.64,1008.22,31.20,71.74,1008.25,0,0,MANUAL,1,1,1,
2026-09-26 23:12:29,brain,3087000,30.43,81.64,1008.22,31.21,72.05,1008.23,0,0,MANUAL,1,1,1,
2026-09-26 23:12:29,brain,3089780,30.41,81.15,1008.28,31.20,72.22,1008.25,0,0,MANUAL,1,1,1,
2026-09-26 23:12:30,brain,3090780,30.41,82.35,1008.28,31.21,72.13,1008.26,0,0,MANUAL,1,1,1,
2026-09-26 23:12:31,brain,3091780,30.45,83.47,1008.29,31.21,72.06,1008.24,0,0,MANUAL,1,1,1,
2026-09-26 23:12:32,brain,3092780,30.60,84.54,1008.24,31.21,72.21,1008.21,0,0,MANUAL,1,1,1,
2026-09-26 23:12:32,brain,3093780,30.66,86.21,1008.29,31.21,72.15,1008.19,0,0,MANUAL,1,1,1,
2026-09-26 23:12:33,brain,3094780,30.62,85.58,1008.30,31.21,72.18,1008.22,0,0,MANUAL,1,1,1,
2026-09-26 23:12:35,brain,3095780,30.64,85.92,1008.33,31.22,72.15,1008.17,0,0,MANUAL,1,1,1,
2026-09-26 23:12:36,brain,3096780,30.64,86.70,1008.33,31.22,71.97,1008.20,0,0,MANUAL,1,1,1,
2026-09-26 23:12:37,brain,3097780,30.59,87.08,1008.29,31.22,71.93,1008.26,0,0,MANUAL,1,1,1,
2026-09-26 23:12:38,brain,3098780,30.57,86.35,1008.29,31.22,72.04,1008.22,0,0,MANUAL,1,1,1,
2026-09-26 23:12:39,brain,3099780,30.55,86.24,1008.28,31.22,72.04,1008.20,0,0,MANUAL,1,1,1,
2026-09-26 23:12:39,brain,3100780,30.53,87.24,1008.24,31.22,72.27,1008.18,0,0,MANUAL,1,1,1,
2026-09-26 23:12:41,brain,3101780,30.51,86.76,1008.28,31.22,72.23,1008.20,0,0,MANUAL,1,1,1,
2026-09-26 23:12:42,brain,3102780,30.49,86.43,1008.32,31.23,72.18,1008.21,0,0,MANUAL,1,1,1,
2026-09-26 23:12:43,brain,3103780,30.49,87.37,1008.35,31.23,72.01,1008.18,0,0,MANUAL,1,1,1,
2026-09-26 23:12:44,brain,3104780,30.48,86.82,1008.33,31.22,71.84,1008.26,0,0,MANUAL,1,1,1,
2026-09-26 23:12:45,brain,3105780,30.46,86.56,1008.34,31.23,71.90,1008.24,0,0,MANUAL,1,1,1,
2026-09-26 23:12:46,brain,3106780,30.44,86.84,1008.30,31.23,71.85,1008.16,0,0,MANUAL,1,1,1,
2026-09-26 23:12:46,brain,3107780,30.44,87.12,1008.28,31.23,72.00,1008.25,0,0,MANUAL,1,1,1,
2026-09-26 23:12:48,brain,3108780,30.43,86.62,1008.29,31.22,72.02,1008.18,0,0,MANUAL,1,1,1,
2026-09-26 23:12:49,brain,3109780,30.41,86.88,1008.33,31.22,72.02,1008.22,0,0,MANUAL,1,1,1,
2026-09-26 23:12:50,brain,3110780,30.39,98.53,1008.24,31.23,72.11,1008.22,0,0,MANUAL,1,1,1,
2026-09-26 23:12:50,brain,,,,,,,,,,,,,,MARK  FAULT wet tissue on inside sensor
2026-09-26 23:12:51,brain,3111780,30.39,98.53,1008.24,31.24,72.22,1008.17,0,0,MANUAL,1,1,1,
2026-09-26 23:12:52,brain,3112780,30.45,87.42,1008.29,31.23,72.07,1008.19,0,0,MANUAL,1,1,1,
2026-09-26 23:12:52,brain,3113780,30.55,86.94,1008.34,31.23,72.07,1008.19,0,0,MANUAL,1,1,1,
2026-09-26 23:12:53,brain,3114780,30.55,86.94,1008.34,31.24,71.93,1008.17,0,0,MANUAL,1,1,1,
2026-09-26 23:12:56,brain,,,,,,,,,,,,,,sensor IN found at 0x76
2026-09-26 23:12:56,brain,,,,,,,,,,,,,,sensor OUT found at 0x77
2026-09-26 23:12:56,brain,,,,,,,,,,,,,,"S,mode=OFF,lo=75.0,hi=90.0,max=300,cool=180,man=400,use=A,period=1,in=bad,out=bad,tank=ok,mistA=0,mistB=0"
2026-09-26 23:12:57,brain,,,,,,,,,,,,,,sensor OUT reading OK
2026-09-26 23:12:57,brain,1000,nan,nan,nan,31.30,71.96,1008.13,0,0,OFF,0,1,1,
2026-09-26 23:12:58,brain,2000,nan,nan,nan,31.25,72.25,1008.01,0,0,OFF,0,1,1,
2026-09-26 23:12:59,brain,3000,nan,nan,nan,31.26,72.42,1008.10,0,0,OFF,0,1,1,
2026-09-26 23:12:59,brain,4000,nan,nan,nan,31.26,72.20,1008.04,0,0,OFF,0,1,1,
2026-09-26 23:13:00,brain,5000,nan,nan,nan,31.26,72.20,1008.04,0,0,OFF,0,1,1,
2026-09-26 23:13:01,brain,,,,,,,,,,,,,,sensor IN reading OK
2026-09-26 23:13:02,brain,6000,31.21,88.71,1008.32,31.25,72.34,1008.04,0,0,OFF,1,1,1,
2026-09-26 23:13:03,brain,7000,31.39,88.64,1008.33,31.26,72.51,1008.11,0,0,OFF,1,1,1,
2026-09-26 23:13:04,brain,8000,31.32,88.79,1008.33,31.25,72.18,1008.15,0,0,OFF,1,1,1,
2026-09-26 23:13:05,brain,9000,31.27,88.77,1008.34,31.26,72.34,1008.08,0,0,OFF,1,1,1,
2026-09-26 23:13:06,brain,10000,31.25,88.82,1008.30,31.26,72.24,1008.07,0,0,OFF,1,1,1,
2026-09-26 23:13:07,brain,11000,31.22,88.92,1008.30,31.25,72.12,1008.09,0,0,OFF,1,1,1,
2026-09-26 23:13:07,brain,12000,31.19,88.22,1008.31,31.26,72.23,1008.08,0,0,OFF,1,1,1,
2026-09-26 23:13:09,brain,13000,31.17,88.27,1008.34,31.26,72.08,1008.07,0,0,OFF,1,1,1,
2026-09-26 23:13:10,brain,14000,31.14,88.25,1008.41,31.27,71.86,1008.00,0,0,OFF,1,1,1,
2026-09-26 23:13:11,brain,15000,31.12,88.24,1008.34,31.26,71.83,1008.07,0,0,OFF,1,1,1,
2026-09-26 23:13:12,brain,16000,31.09,88.14,1008.36,31.26,72.04,1008.10,0,0,OFF,1,1,1,
2026-09-26 23:13:13,brain,17000,31.06,88.70,1008.31,31.25,72.10,1008.04,0,0,OFF,1,1,1,
2026-09-26 23:13:14,brain,18000,31.04,88.25,1008.33,31.25,72.41,1008.06,0,0,OFF,1,1,1,
2026-09-26 23:13:14,brain,19000,31.01,88.12,1008.37,31.28,72.41,1008.10,0,0,OFF,1,1,1,
2026-09-26 23:13:16,brain,20000,30.99,88.44,1008.31,31.28,72.30,1008.12,0,0,OFF,1,1,1,
2026-09-26 23:13:17,brain,21000,30.96,88.57,1008.31,31.28,72.56,1008.07,0,0,OFF,1,1,1,
2026-09-26 23:13:18,brain,22000,30.96,88.57,1008.31,31.28,72.53,1008.07,0,0,OFF,1,1,1,
2026-09-26 23:13:19,brain,23000,30.96,88.57,1008.31,31.28,72.62,1008.12,0,0,OFF,1,1,1,
2026-09-26 23:13:20,brain,24000,30.96,88.57,1008.31,31.28,72.74,1008.07,0,0,OFF,1,1,1,
2026-09-26 23:13:20,brain,25000,30.85,88.51,1008.37,31.28,72.55,1008.07,0,0,OFF,1,1,1,
2026-09-26 23:13:21,brain,26000,30.85,88.51,1008.37,31.28,72.39,1008.04,0,0,OFF,1,1,1,
2026-09-26 23:13:23,brain,27000,30.85,88.51,1008.37,31.28,72.70,1008.10,0,0,OFF,1,1,1,
2026-09-26 23:13:24,brain,28000,30.76,87.73,1008.34,31.28,72.77,1008.13,0,0,OFF,1,1,1,
2026-09-26 23:13:25,brain,29000,30.76,87.73,1008.34,31.29,72.56,1008.06,0,0,OFF,1,1,1,
2026-09-26 23:13:26,brain,30000,30.76,87.73,1008.34,31.29,72.56,1008.06,0,0,OFF,1,1,1,
2026-09-26 23:13:27,brain,31000,30.76,87.73,1008.34,31.29,72.41,1008.09,0,0,OFF,1,1,1,
2026-09-26 23:13:27,brain,32000,30.79,88.24,1008.29,31.29,72.49,1008.09,0,0,OFF,1,1,1,
2026-09-26 23:13:28,brain,33000,30.79,88.24,1008.29,31.29,72.49,1008.09,0,0,OFF,1,1,1,
2026-09-26 23:13:29,brain,34000,30.79,88.24,1008.29,31.30,72.22,1008.07,0,0,OFF,1,1,1,
2026-09-26 23:13:31,brain,35000,30.86,88.52,1008.33,31.30,72.46,1008.07,0,0,OFF,1,1,1,
2026-09-26 23:13:32,brain,36000,30.86,88.52,1008.33,31.30,72.53,1008.11,0,0,OFF,1,1,1,
2026-09-26 23:13:33,brain,37000,30.86,88.52,1008.33,31.30,72.44,1008.02,0,0,OFF,1,1,1,
2026-09-26 23:13:33,brain,38000,30.95,88.95,1008.33,31.30,72.18,1008.11,0,0,OFF,1,1,1,
2026-09-26 23:13:34,brain,39000,30.95,88.95,1008.33,31.30,71.96,1008.10,0,0,OFF,1,1,1,
2026-09-26 23:13:35,brain,40000,30.95,88.95,1008.33,31.31,71.96,1008.11,0,0,OFF,1,1,1,
2026-09-26 23:13:37,brain,41000,31.01,88.40,1008.34,31.31,72.43,1008.06,0,0,OFF,1,1,1,
2026-09-26 23:13:38,brain,42000,31.01,88.40,1008.34,31.31,72.39,1008.07,0,0,OFF,1,1,1,
2026-09-26 23:13:39,brain,43000,31.01,88.40,1008.34,31.31,72.39,1008.07,0,0,OFF,1,1,1,
2026-09-26 23:13:40,brain,44000,31.01,88.40,1008.34,31.31,72.39,1008.07,0,0,OFF,1,1,1,
2026-09-26 23:13:40,brain,45000,31.11,88.91,1008.33,31.31,71.85,1008.11,0,0,OFF,1,1,1,
2026-09-26 23:13:41,brain,46000,31.11,88.91,1008.33,31.30,71.99,1008.02,0,0,OFF,1,1,1,
2026-09-26 23:13:42,brain,47000,31.11,88.91,1008.33,31.31,71.91,1008.06,0,0,OFF,1,1,1,
2026-09-26 23:13:44,brain,48000,31.11,88.91,1008.33,31.31,71.91,1008.06,0,0,OFF,1,1,1,
2026-09-26 23:13:45,brain,49000,31.24,89.05,1008.34,31.31,72.03,1008.09,0,0,OFF,1,1,1,
2026-09-26 23:13:46,brain,50000,31.24,89.05,1008.34,31.31,72.03,1008.12,0,0,OFF,1,1,1,
2026-09-26 23:13:47,brain,51000,31.24,89.05,1008.34,31.31,71.83,1008.07,0,0,OFF,1,1,1,
2026-09-26 23:13:48,brain,52000,31.29,88.76,1008.33,31.31,71.78,1008.07,0,0,OFF,1,1,1,
2026-09-26 23:13:48,brain,53000,31.34,88.76,1008.27,31.31,71.76,1008.04,0,0,OFF,1,1,1,
2026-09-26 23:13:50,brain,54000,31.34,88.76,1008.27,31.32,71.89,1008.07,0,0,OFF,1,1,1,
2026-09-26 23:13:51,brain,55000,31.34,88.76,1008.27,31.32,71.89,1008.07,0,0,OFF,1,1,1,
2026-09-26 23:13:52,brain,56000,31.34,88.76,1008.27,31.31,71.81,1008.09,0,0,OFF,1,1,1,
2026-09-26 23:13:53,brain,57000,31.34,88.76,1008.27,31.32,71.62,1008.07,0,0,OFF,1,1,1,
2026-09-26 23:13:54,brain,58000,31.45,89.24,1008.31,31.32,71.62,1008.07,0,0,OFF,1,1,1,
2026-09-26 23:13:55,brain,59000,31.50,88.92,1008.31,31.32,71.84,1008.05,0,0,OFF,1,1,1,
2026-09-26 23:13:55,brain,60000,31.50,88.92,1008.31,31.33,71.68,1008.06,0,0,OFF,1,1,1,
2026-09-26 23:13:57,brain,61000,31.50,88.92,1008.31,31.33,71.68,1008.06,0,0,OFF,1,1,1,
2026-09-26 23:13:58,brain,62000,31.58,89.35,1008.32,31.33,71.68,1008.06,0,0,OFF,1,1,1,
2026-09-26 23:13:59,brain,63000,31.58,89.35,1008.32,31.32,71.77,1008.08,0,0,OFF,1,1,1,
2026-09-26 23:14:00,brain,64000,31.58,89.35,1008.32,31.33,71.80,1008.03,0,0,OFF,1,1,1,
2026-09-26 23:14:01,brain,65000,31.63,89.88,1008.31,31.33,71.91,1008.06,0,0,OFF,1,1,1,
2026-09-26 23:14:01,brain,66000,31.63,89.88,1008.31,31.33,71.67,1008.10,0,0,OFF,1,1,1,
2026-09-26 23:14:02,brain,67000,31.63,89.88,1008.31,31.33,71.98,1008.04,0,0,OFF,1,1,1,
2026-09-26 23:14:04,brain,68000,31.71,89.47,1008.27,31.33,71.98,1008.04,0,0,OFF,1,1,1,
2026-09-26 23:14:05,brain,69000,31.74,89.54,1008.31,31.33,71.63,1008.03,0,0,OFF,1,1,1,
2026-09-26 23:14:06,brain,70000,31.77,88.62,1008.28,31.33,71.63,1008.03,0,0,OFF,1,1,1,
2026-09-26 23:14:07,brain,71000,31.77,88.62,1008.28,31.34,71.89,1008.11,0,0,OFF,1,1,1,
2026-09-26 23:14:08,brain,72000,31.77,88.62,1008.28,31.34,71.55,1008.08,0,0,OFF,1,1,1,
2026-09-26 23:14:08,brain,73000,31.95,89.71,1008.31,31.32,71.55,1008.08,0,0,OFF,1,1,1,
2026-09-26 23:14:10,brain,74000,32.03,89.53,1008.28,31.32,71.49,1008.05,0,0,OFF,1,1,1,
2026-09-26 23:14:10,brain,75000,32.03,89.53,1008.28,31.32,71.49,1008.05,0,0,OFF,1,1,1,
2026-09-26 23:14:12,brain,76000,32.03,89.53,1008.28,31.33,71.45,1007.96,0,0,OFF,1,1,1,
2026-09-26 23:14:12,end,,,,,,,,,,,,,,mode OFF
2026-09-26 23:14:12,end,,,,,,,,,,,,,,"S,mode=OFF,lo=75.0,hi=90.0,max=300,cool=180,man=400,use=A,period=1,in=ok,out=ok,tank=ok,mistA=0,mistB=0"
2026-09-26 23:14:13,end,77000,32.03,89.53,1008.26,31.33,71.74,1008.10,0,0,OFF,1,1,1,
2026-09-26 23:14:14,end,78000,32.03,89.53,1008.26,31.33,71.74,1008.10,0,0,OFF,1,1,1,
