pc_time,phase,ms,t_in,rh_in,p_in,t_out,rh_out,p_out,mistA,mistB,mode,in_ok,out_ok,tank_ok,event
2026-09-27 01:25:30,idle,,,,,,,,,,,,,,"S,mode=OFF,lo=75.0,hi=90.0,max=300,cool=180,man=400,use=A,period=1,in=ok,out=ok,tank=ok,mistA=0,mistB=0"
2026-09-27 01:25:30,idle,,,,,,,,,,,,,,mode MANUAL
2026-09-27 01:25:30,idle,3485000,29.99,79.27,1007.50,30.79,72.62,1007.49,0,0,MANUAL,1,1,1,
2026-09-27 01:25:31,idle,3486000,29.98,78.31,1007.54,30.78,72.68,1007.48,0,0,MANUAL,1,1,1,
2026-09-27 01:25:32,brain,,,,,,,,,,,,,,MARK  brain block start
2026-09-27 01:25:32,brain,3487000,29.97,78.75,1007.57,30.79,72.73,1007.49,0,0,MANUAL,1,1,1,
2026-09-27 01:25:33,brain,3488000,29.96,79.03,1007.55,30.79,72.73,1007.47,0,0,MANUAL,1,1,1,
2026-09-27 01:25:34,brain,3489000,29.94,78.56,1007.50,30.79,72.74,1007.52,0,0,MANUAL,1,1,1,
2026-09-27 01:25:35,brain,3490000,29.94,79.57,1007.55,30.79,72.78,1007.49,0,0,MANUAL,1,1,1,
2026-09-27 01:25:36,brain,3491000,29.92,80.35,1007.53,30.78,72.82,1007.45,0,0,MANUAL,1,1,1,
2026-09-27 01:25:37,brain,3492000,29.91,80.75,1007.54,30.79,72.78,1007.49,0,0,MANUAL,1,1,1,
2026-09-27 01:25:38,brain,3493000,29.91,80.28,1007.53,30.78,72.72,1007.42,0,0,MANUAL,1,1,1,
2026-09-27 01:25:39,brain,3494000,29.90,79.08,1007.54,30.79,72.75,1007.43,0,0,MANUAL,1,1,1,
2026-09-27 01:25:40,brain,3495000,29.88,79.31,1007.54,30.79,72.70,1007.49,0,0,MANUAL,1,1,1,
2026-09-27 01:25:41,brain,3496000,29.89,79.90,1007.58,30.80,72.81,1007.50,0,0,MANUAL,1,1,1,
2026-09-27 01:25:42,brain,3497000,29.87,80.21,1007.53,30.79,72.69,1007.49,0,0,MANUAL,1,1,1,
2026-09-27 01:25:43,brain,3498000,29.87,79.64,1007.49,30.79,72.72,1007.49,0,0,MANUAL,1,1,1,
2026-09-27 01:25:44,brain,3499000,29.87,80.39,1007.56,30.79,72.67,1007.47,0,0,MANUAL,1,1,1,
2026-09-27 01:25:45,brain,3500000,29.87,80.83,1007.52,30.79,72.38,1007.49,0,0,MANUAL,1,1,1,
2026-09-27 01:25:46,brain,3501000,29.86,79.92,1007.60,30.81,72.72,1007.49,0,0,MANUAL,1,1,1,
2026-09-27 01:25:47,brain,3502000,29.87,80.10,1007.58,30.80,72.59,1007.48,0,0,MANUAL,1,1,1,
2026-09-27 01:25:48,brain,3503000,29.86,80.06,1007.51,30.79,72.55,1007.47,0,0,MANUAL,1,1,1,
2026-09-27 01:25:49,brain,3504000,29.85,79.13,1007.53,30.80,72.72,1007.46,0,0,MANUAL,1,1,1,
2026-09-27 01:25:50,brain,3505000,29.86,79.28,1007.51,30.81,72.63,1007.50,0,0,MANUAL,1,1,1,
2026-09-27 01:25:51,brain,3506000,29.85,79.31,1007.50,30.80,72.71,1007.48,0,0,MANUAL,1,1,1,
2026-09-27 01:25:52,brain,3507000,29.85,79.42,1007.53,30.80,72.58,1007.46,0,0,MANUAL,1,1,1,
2026-09-27 01:25:53,brain,3508000,29.85,79.28,1007.53,30.79,72.60,1007.44,0,0,MANUAL,1,1,1,
2026-09-27 01:25:54,brain,3509000,29.85,78.98,1007.56,30.79,72.68,1007.44,0,0,MANUAL,1,1,1,
2026-09-27 01:25:55,brain,3510000,29.85,78.30,1007.53,30.80,72.42,1007.43,0,0,MANUAL,1,1,1,
2026-09-27 01:25:56,brain,3511000,29.85,78.22,1007.53,30.79,72.71,1007.44,0,0,MANUAL,1,1,1,
2026-09-27 01:25:57,brain,3512000,29.86,78.33,1007.57,30.80,72.65,1007.42,0,0,MANUAL,1,1,1,
2026-09-27 01:25:58,brain,3513000,29.87,79.06,1007.61,30.79,72.68,1007.49,0,0,MANUAL,1,1,1,
2026-09-27 01:25:59,brain,3514000,29.86,78.96,1007.51,30.80,72.75,1007.48,0,0,MANUAL,1,1,1,
2026-09-27 01:26:00,brain,3515000,29.87,79.55,1007.52,30.79,72.58,1007.41,0,0,MANUAL,1,1,1,
2026-09-27 01:26:01,brain,3516000,29.87,79.61,1007.50,30.79,72.65,1007.47,0,0,MANUAL,1,1,1,
2026-09-27 01:26:02,brain,3517000,29.88,79.66,1007.51,30.80,72.51,1007.45,0,0,MANUAL,1,1,1,
2026-09-27 01:26:03,brain,3518000,29.88,78.75,1007.59,30.80,72.64,1007.42,0,0,MANUAL,1,1,1,
2026-09-27 01:26:04,brain,3519000,29.88,79.03,1007.59,30.80,72.62,1007.39,0,0,MANUAL,1,1,1,
2026-09-27 01:26:05,brain,3520000,29.89,79.14,1007.55,30.80,72.73,1007.46,0,0,MANUAL,1,1,1,
2026-09-27 01:26:06,brain,3521000,29.88,79.02,1007.49,30.80,72.64,1007.50,0,0,MANUAL,1,1,1,
2026-09-27 01:26:07,brain,3522000,29.90,78.39,1007.61,30.80,72.60,1007.51,0,0,MANUAL,1,1,1,
2026-09-27 01:26:08,brain,3523000,29.90,78.69,1007.51,30.80,72.63,1007.48,0,0,MANUAL,1,1,1,
2026-09-27 01:26:09,brain,3524000,29.90,79.38,1007.54,30.80,72.57,1007.43,0,0,MANUAL,1,1,1,
2026-09-27 01:26:10,brain,3525000,29.91,79.58,1007.54,30.79,72.63,1007.41,0,0,MANUAL,1,1,1,
2026-09-27 01:26:11,brain,3526000,29.91,79.54,1007.50,30.80,72.65,1007.46,0,0,MANUAL,1,1,1,
2026-09-27 01:26:12,brain,3527000,29.92,79.63,1007.50,30.80,72.70,1007.45,0,0,MANUAL,1,1,1,
2026-09-27 01:26:13,brain,3528000,29.93,79.71,1007.56,30.79,72.71,1007.44,0,0,MANUAL,1,1,1,
2026-09-27 01:26:14,brain,3529000,29.93,79.41,1007.53,30.80,72.62,1007.45,0,0,MANUAL,1,1,1,
2026-09-27 01:26:15,brain,3530000,29.92,79.43,1007.47,30.80,72.63,1007.43,0,0,MANUAL,1,1,1,
2026-09-27 01:26:16,brain,3531000,29.93,79.58,1007.59,30.81,72.74,1007.44,0,0,MANUAL,1,1,1,
2026-09-27 01:26:17,brain,3532000,29.93,79.34,1007.59,30.80,72.23,1007.48,0,0,MANUAL,1,1,1,
2026-09-27 01:26:18,brain,3533000,29.93,79.40,1007.59,30.80,72.18,1007.45,0,0,MANUAL,1,1,1,
2026-09-27 01:26:19,brain,3534000,29.93,79.05,1007.56,30.80,72.26,1007.48,0,0,MANUAL,1,1,1,
2026-09-27 01:26:20,brain,3535000,29.93,78.99,1007.54,30.79,72.50,1007.46,0,0,MANUAL,1,1,1,
2026-09-27 01:26:21,brain,3536000,29.93,78.66,1007.60,30.80,72.68,1007.45,0,0,MANUAL,1,1,1,
2026-09-27 01:26:22,brain,3537000,29.94,78.34,1007.58,30.79,72.65,1007.49,0,0,MANUAL,1,1,1,
2026-09-27 01:26:23,brain,3538000,29.95,78.91,1007.57,30.78,72.27,1007.48,0,0,MANUAL,1,1,1,
2026-09-27 01:26:24,brain,3539000,29.94,78.86,1007.50,30.78,72.54,1007.45,0,0,MANUAL,1,1,1,
2026-09-27 01:26:25,brain,3540000,29.95,78.97,1007.57,30.78,72.56,1007.48,0,0,MANUAL,1,1,1,
2026-09-27 01:26:26,brain,3541000,29.95,79.07,1007.54,30.78,72.59,1007.47,0,0,MANUAL,1,1,1,
2026-09-27 01:26:27,brain,3542000,29.96,78.83,1007.53,30.78,72.64,1007.48,0,0,MANUAL,1,1,1,
2026-09-27 01:26:28,brain,3543000,29.95,78.65,1007.55,30.78,72.56,1007.45,0,0,MANUAL,1,1,1,
2026-09-27 01:26:29,brain,3544000,29.96,78.30,1007.61,30.79,72.65,1007.46,0,0,MANUAL,1,1,1,
2026-09-27 01:26:30,brain,3545000,29.96,78.36,1007.58,30.78,72.71,1007.47,0,0,MANUAL,1,1,1,
2026-09-27 01:26:31,brain,3546000,29.97,78.48,1007.51,30.79,72.57,1007.51,0,0,MANUAL,1,1,1,
2026-09-27 01:26:32,brain,3547000,29.97,78.61,1007.52,30.78,72.61,1007.50,0,0,MANUAL,1,1,1,
2026-09-27 01:26:33,brain,3548000,29.97,79.10,1007.58,30.77,72.67,1007.49,0,0,MANUAL,1,1,1,
2026-09-27 01:26:34,brain,3549000,29.98,79.05,1007.56,30.77,72.60,1007.45,0,0,MANUAL,1,1,1,
2026-09-27 01:26:35,brain,3550000,30.00,79.58,1007.56,30.77,72.66,1007.51,0,0,MANUAL,1,1,1,
2026-09-27 01:26:36,brain,3551000,29.99,79.77,1007.55,30.77,72.67,1007.46,0,0,MANUAL,1,1,1,
2026-09-27 01:26:37,brain,3552000,30.00,79.28,1007.59,30.77,72.63,1007.45,0,0,MANUAL,1,1,1,
2026-09-27 01:26:38,brain,3553000,30.00,78.95,1007.56,30.77,72.70,1007.45,0,0,MANUAL,1,1,1,
2026-09-27 01:26:39,brain,3554000,30.00,79.12,1007.57,30.77,72.63,1007.48,0,0,MANUAL,1,1,1,
2026-09-27 01:26:40,brain,3555000,30.00,79.37,1007.57,30.76,72.26,1007.45,0,0,MANUAL,1,1,1,
2026-09-27 01:26:41,brain,3556000,30.01,79.25,1007.58,30.77,72.61,1007.51,0,0,MANUAL,1,1,1,
2026-09-27 01:26:42,brain,3557000,30.01,79.05,1007.59,30.77,72.52,1007.51,0,0,MANUAL,1,1,1,
2026-09-27 01:26:43,brain,3558000,30.01,79.14,1007.59,30.76,72.37,1007.47,0,0,MANUAL,1,1,1,
2026-09-27 01:26:44,brain,3559000,30.01,78.74,1007.52,30.77,72.72,1007.51,0,0,MANUAL,1,1,1,
2026-09-27 01:26:45,brain,3560000,30.02,78.40,1007.57,30.76,72.75,1007.47,0,0,MANUAL,1,1,1,
2026-09-27 01:26:46,brain,3561000,30.01,78.95,1007.53,30.75,72.74,1007.43,0,0,MANUAL,1,1,1,
2026-09-27 01:26:47,brain,3562000,30.03,78.68,1007.55,30.76,72.69,1007.47,0,0,MANUAL,1,1,1,
2026-09-27 01:26:48,brain,3563000,30.03,78.82,1007.48,30.77,72.70,1007.43,0,0,MANUAL,1,1,1,
2026-09-27 01:26:49,brain,3564000,30.03,78.99,1007.59,30.77,72.71,1007.54,0,0,MANUAL,1,1,1,
2026-09-27 01:26:50,brain,3565000,30.04,79.15,1007.54,30.77,72.75,1007.54,0,0,MANUAL,1,1,1,
2026-09-27 01:26:51,brain,3566000,30.04,79.53,1007.54,30.77,72.71,1007.49,0,0,MANUAL,1,1,1,
2026-09-27 01:26:52,brain,3567000,30.04,79.25,1007.57,30.77,72.67,1007.51,0,0,MANUAL,1,1,1,
2026-09-27 01:26:53,brain,3568000,30.04,79.73,1007.57,30.77,72.34,1007.46,0,0,MANUAL,1,1,1,
2026-09-27 01:26:54,brain,3569000,30.04,79.54,1007.58,30.77,72.75,1007.45,0,0,MANUAL,1,1,1,
2026-09-27 01:26:55,brain,3570000,30.04,79.39,1007.52,30.77,72.72,1007.45,0,0,MANUAL,1,1,1,
2026-09-27 01:26:56,brain,3571000,30.05,79.47,1007.54,30.76,72.61,1007.45,0,0,MANUAL,1,1,1,
2026-09-27 01:26:57,brain,3572000,30.05,79.35,1007.54,30.76,72.53,1007.47,0,0,MANUAL,1,1,1,
2026-09-27 01:26:58,brain,3573000,30.05,79.67,1007.59,30.77,72.57,1007.46,0,0,MANUAL,1,1,1,
2026-09-27 01:26:59,brain,3574000,30.06,79.45,1007.60,30.77,72.47,1007.46,0,0,MANUAL,1,1,1,
2026-09-27 01:27:00,brain,3575000,30.05,79.68,1007.54,30.76,72.66,1007.47,0,0,MANUAL,1,1,1,
2026-09-27 01:27:01,brain,3576000,30.05,79.07,1007.60,30.78,72.76,1007.47,0,0,MANUAL,1,1,1,
2026-09-27 01:27:02,brain,3577000,30.06,78.99,1007.58,30.78,72.56,1007.47,0,0,MANUAL,1,1,1,
2026-09-27 01:27:03,brain,3578000,30.06,78.99,1007.49,30.77,72.45,1007.54,0,0,MANUAL,1,1,1,
2026-09-27 01:27:04,brain,3579000,30.07,79.26,1007.54,30.78,72.38,1007.47,0,0,MANUAL,1,1,1,
2026-09-27 01:27:05,brain,3580000,30.08,79.73,1007.58,30.77,72.66,1007.43,0,0,MANUAL,1,1,1,
2026-09-27 01:27:06,brain,3581000,30.08,79.70,1007.58,30.77,72.77,1007.43,0,0,MANUAL,1,1,1,
2026-09-27 01:27:07,brain,3582000,30.07,79.84,1007.57,30.77,72.80,1007.45,0,0,MANUAL,1,1,1,
2026-09-27 01:27:08,brain,3583000,30.08,79.31,1007.56,30.77,72.78,1007.43,0,0,MANUAL,1,1,1,
2026-09-27 01:27:09,brain,3584000,30.08,78.78,1007.56,30.77,72.63,1007.46,0,0,MANUAL,1,1,1,
2026-09-27 01:27:10,brain,3585000,30.07,78.40,1007.51,30.77,72.61,1007.57,0,0,MANUAL,1,1,1,
2026-09-27 01:27:11,brain,3586000,30.07,78.94,1007.49,30.77,72.61,1007.45,0,0,MANUAL,1,1,1,
2026-09-27 01:27:12,brain,3587000,30.08,79.00,1007.55,30.77,72.74,1007.43,0,0,MANUAL,1,1,1,
2026-09-27 01:27:13,brain,3588000,30.08,78.69,1007.55,30.77,72.71,1007.43,0,0,MANUAL,1,1,1,
2026-09-27 01:27:14,brain,3589000,30.07,79.01,1007.57,30.77,72.77,1007.45,0,0,MANUAL,1,1,1,
2026-09-27 01:27:15,brain,3590000,30.09,78.81,1007.60,30.78,72.66,1007.50,0,0,MANUAL,1,1,1,
2026-09-27 01:27:16,brain,3591000,30.08,78.74,1007.50,30.77,72.69,1007.43,0,0,MANUAL,1,1,1,
2026-09-27 01:27:17,brain,3592000,30.09,79.21,1007.55,30.78,72.77,1007.50,0,0,MANUAL,1,1,1,
2026-09-27 01:27:18,brain,3593000,30.09,79.02,1007.52,30.78,72.57,1007.44,0,0,MANUAL,1,1,1,
2026-09-27 01:27:19,brain,3594000,30.10,79.40,1007.53,30.78,72.33,1007.47,0,0,MANUAL,1,1,1,
2026-09-27 01:27:20,brain,3595000,30.10,79.42,1007.56,30.78,72.71,1007.48,0,0,MANUAL,1,1,1,
2026-09-27 01:27:21,brain,3596000,30.09,79.36,1007.51,30.78,72.88,1007.44,0,0,MANUAL,1,1,1,
2026-09-27 01:27:22,brain,3597000,30.10,78.93,1007.51,30.78,72.50,1007.42,0,0,MANUAL,1,1,1,
2026-09-27 01:27:23,brain,3598000,30.11,78.74,1007.54,30.78,72.74,1007.47,0,0,MANUAL,1,1,1,
2026-09-27 01:27:24,brain,3599000,30.11,79.09,1007.57,30.77,72.74,1007.51,0,0,MANUAL,1,1,1,
2026-09-27 01:27:25,brain,3600000,30.11,79.56,1007.58,30.78,72.56,1007.51,0,0,MANUAL,1,1,1,
2026-09-27 01:27:26,brain,3601000,30.11,79.55,1007.55,30.78,72.42,1007.47,0,0,MANUAL,1,1,1,
2026-09-27 01:27:27,brain,3602000,30.12,79.44,1007.60,30.78,72.41,1007.48,0,0,MANUAL,1,1,1,
2026-09-27 01:27:28,brain,3603000,30.12,79.30,1007.53,30.79,72.64,1007.46,0,0,MANUAL,1,1,1,
2026-09-27 01:27:29,brain,3604000,30.13,79.21,1007.58,30.78,72.43,1007.44,0,0,MANUAL,1,1,1,
2026-09-27 01:27:30,brain,3605000,30.12,78.96,1007.53,30.78,72.58,1007.45,0,0,MANUAL,1,1,1,
2026-09-27 01:27:31,brain,3606000,30.12,79.00,1007.60,30.77,72.39,1007.43,0,0,MANUAL,1,1,1,
2026-09-27 01:27:32,brain,3607000,30.13,79.25,1007.58,30.78,72.30,1007.51,0,0,MANUAL,1,1,1,
2026-09-27 01:27:33,brain,3608000,30.14,79.25,1007.54,30.79,72.31,1007.49,0,0,MANUAL,1,1,1,
2026-09-27 01:27:34,brain,3609000,30.13,78.98,1007.56,30.78,72.38,1007.45,0,0,MANUAL,1,1,1,
2026-09-27 01:27:35,brain,3610000,30.13,79.07,1007.58,30.79,72.46,1007.49,0,0,MANUAL,1,1,1,
2026-09-27 01:27:36,brain,3611000,30.14,79.03,1007.56,30.80,72.45,1007.48,0,0,MANUAL,1,1,1,
2026-09-27 01:27:37,brain,3612000,30.13,79.08,1007.61,30.78,72.42,1007.42,0,0,MANUAL,1,1,1,
2026-09-27 01:27:38,brain,3613000,30.14,78.83,1007.51,30.80,72.37,1007.50,0,0,MANUAL,1,1,1,
2026-09-27 01:27:39,brain,3614000,30.14,78.98,1007.54,30.79,72.80,1007.44,0,0,MANUAL,1,1,1,
2026-09-27 01:27:40,brain,3615000,30.13,79.02,1007.53,30.79,72.42,1007.44,0,0,MANUAL,1,1,1,
2026-09-27 01:27:41,brain,3616000,30.14,78.96,1007.52,30.80,72.67,1007.50,0,0,MANUAL,1,1,1,
2026-09-27 01:27:42,brain,3617000,30.14,78.89,1007.56,30.80,72.68,1007.50,0,0,MANUAL,1,1,1,
2026-09-27 01:27:43,brain,3618000,30.14,78.97,1007.54,30.79,72.72,1007.49,0,0,MANUAL,1,1,1,
2026-09-27 01:27:44,brain,3619000,30.14,78.79,1007.62,30.79,72.58,1007.49,0,0,MANUAL,1,1,1,
2026-09-27 01:27:45,brain,3620000,30.14,78.72,1007.60,30.79,72.44,1007.47,0,0,MANUAL,1,1,1,
2026-09-27 01:27:46,brain,3621000,30.13,78.64,1007.56,30.79,72.49,1007.44,0,0,MANUAL,1,1,1,
2026-09-27 01:27:47,brain,3622000,30.14,78.56,1007.52,30.80,72.64,1007.50,0,0,MANUAL,1,1,1,
2026-09-27 01:27:48,brain,3623000,30.14,78.83,1007.56,30.79,72.75,1007.44,0,0,MANUAL,1,1,1,
2026-09-27 01:27:49,brain,3624000,30.14,78.88,1007.54,30.79,72.79,1007.49,0,0,MANUAL,1,1,1,
2026-09-27 01:27:50,brain,3625000,30.15,78.89,1007.59,30.80,72.72,1007.48,0,0,MANUAL,1,1,1,
2026-09-27 01:27:51,brain,3626000,30.15,78.91,1007.52,30.80,72.80,1007.50,0,0,MANUAL,1,1,1,
2026-09-27 01:27:52,brain,3627000,30.15,78.82,1007.56,30.79,72.80,1007.41,0,0,MANUAL,1,1,1,
2026-09-27 01:27:53,brain,3628000,30.14,79.03,1007.54,30.80,72.72,1007.45,0,0,MANUAL,1,1,1,
2026-09-27 01:27:54,brain,3629000,30.15,78.95,1007.58,30.79,72.62,1007.49,0,0,MANUAL,1,1,1,
2026-09-27 01:27:55,brain,3630000,30.15,78.72,1007.56,30.79,72.47,1007.44,0,0,MANUAL,1,1,1,
2026-09-27 01:27:56,brain,3631000,30.14,78.22,1007.54,30.79,72.50,1007.47,0,0,MANUAL,1,1,1,
2026-09-27 01:27:57,brain,3632000,30.15,78.34,1007.50,30.80,72.46,1007.50,0,0,MANUAL,1,1,1,
2026-09-27 01:27:58,brain,3633000,30.16,78.76,1007.55,30.79,72.39,1007.47,0,0,MANUAL,1,1,1,
2026-09-27 01:27:59,brain,3634000,30.16,79.08,1007.49,30.79,72.55,1007.47,0,0,MANUAL,1,1,1,
2026-09-27 01:28:00,brain,3635000,30.17,79.23,1007.54,30.78,72.71,1007.48,0,0,MANUAL,1,1,1,
2026-09-27 01:28:01,brain,3636000,30.17,79.42,1007.56,30.79,72.66,1007.47,0,0,MANUAL,1,1,1,
2026-09-27 01:28:02,brain,3637000,30.16,79.18,1007.57,30.79,72.66,1007.41,0,0,MANUAL,1,1,1,
2026-09-27 01:28:03,brain,3638000,30.17,79.15,1007.47,30.80,72.55,1007.50,0,0,MANUAL,1,1,1,
2026-09-27 01:28:04,brain,3639000,30.18,79.38,1007.54,30.80,72.30,1007.45,0,0,MANUAL,1,1,1,
2026-09-27 01:28:05,brain,3640000,30.17,79.37,1007.54,30.79,72.32,1007.47,0,0,MANUAL,1,1,1,
2026-09-27 01:28:06,brain,3641000,30.17,79.23,1007.56,30.79,72.18,1007.44,0,0,MANUAL,1,1,1,
2026-09-27 01:28:07,brain,3642000,30.18,79.14,1007.57,30.79,72.38,1007.49,0,0,MANUAL,1,1,1,
2026-09-27 01:28:08,brain,3643000,30.17,78.91,1007.51,30.79,72.31,1007.49,0,0,MANUAL,1,1,1,
2026-09-27 01:28:09,brain,3644000,30.17,78.63,1007.56,30.79,72.34,1007.49,0,0,MANUAL,1,1,1,
2026-09-27 01:28:10,brain,3645000,30.18,78.67,1007.54,30.79,72.24,1007.44,0,0,MANUAL,1,1,1,
2026-09-27 01:28:11,brain,3646000,30.17,78.42,1007.54,30.79,72.36,1007.43,0,0,MANUAL,1,1,1,
2026-09-27 01:28:12,brain,3647000,30.17,78.19,1007.56,30.79,72.68,1007.46,0,0,MANUAL,1,1,1,
2026-09-27 01:28:13,brain,3648000,30.17,78.21,1007.56,30.79,72.69,1007.49,0,0,MANUAL,1,1,1,
2026-09-27 01:28:14,brain,3649000,30.18,78.62,1007.54,30.80,72.74,1007.45,0,0,MANUAL,1,1,1,
2026-09-27 01:28:15,brain,3650000,30.18,78.04,1007.54,30.79,72.50,1007.46,0,0,MANUAL,1,1,1,
2026-09-27 01:28:16,brain,3651000,30.18,78.38,1007.54,30.78,72.55,1007.48,0,0,MANUAL,1,1,1,
2026-09-27 01:28:17,brain,3652000,30.19,78.33,1007.45,30.80,72.66,1007.45,0,0,MANUAL,1,1,1,
2026-09-27 01:28:18,brain,3653000,30.19,78.88,1007.56,30.79,72.60,1007.44,0,0,MANUAL,1,1,1,
2026-09-27 01:28:19,brain,3654000,30.19,78.96,1007.54,30.80,72.49,1007.42,0,0,MANUAL,1,1,1,
2026-09-27 01:28:20,brain,3655000,30.19,78.86,1007.50,30.80,72.68,1007.48,0,0,MANUAL,1,1,1,
2026-09-27 01:28:21,brain,3656000,30.19,78.79,1007.50,30.79,72.68,1007.43,0,0,MANUAL,1,1,1,
2026-09-27 01:28:22,brain,3657000,30.19,78.83,1007.51,30.80,72.67,1007.45,0,0,MANUAL,1,1,1,
2026-09-27 01:28:23,brain,3658000,30.19,78.58,1007.51,30.80,72.54,1007.42,0,0,MANUAL,1,1,1,
2026-09-27 01:28:24,brain,3659000,30.19,78.33,1007.54,30.80,72.67,1007.48,0,0,MANUAL,1,1,1,
2026-09-27 01:28:25,brain,3660000,30.20,78.84,1007.55,30.80,72.67,1007.48,0,0,MANUAL,1,1,1,
2026-09-27 01:28:26,brain,3661000,30.19,78.91,1007.57,30.80,72.69,1007.46,0,0,MANUAL,1,1,1,
2026-09-27 01:28:27,brain,3662000,30.19,78.82,1007.57,30.80,72.66,1007.45,0,0,MANUAL,1,1,1,
2026-09-27 01:28:28,brain,3663000,30.20,79.15,1007.53,30.80,72.67,1007.45,0,0,MANUAL,1,1,1,
2026-09-27 01:28:29,brain,3664000,30.21,78.93,1007.56,30.78,72.72,1007.42,0,0,MANUAL,1,1,1,
2026-09-27 01:28:30,brain,3665000,30.20,78.38,1007.58,30.80,72.75,1007.50,0,0,MANUAL,1,1,1,
2026-09-27 01:28:31,brain,3666000,30.20,78.36,1007.61,30.80,72.69,1007.48,0,0,MANUAL,1,1,1,
2026-09-27 01:28:32,brain,3667000,30.21,78.96,1007.51,30.80,72.73,1007.50,0,0,MANUAL,1,1,1,
2026-09-27 01:28:33,brain,3668000,30.21,79.49,1007.54,30.80,72.67,1007.42,0,0,MANUAL,1,1,1,
2026-09-27 01:28:34,brain,3669000,30.22,79.59,1007.58,30.80,72.65,1007.45,0,0,MANUAL,1,1,1,
2026-09-27 01:28:35,brain,3670000,30.22,79.17,1007.55,30.80,72.70,1007.48,0,0,MANUAL,1,1,1,
2026-09-27 01:28:36,brain,3671000,30.22,79.05,1007.52,30.80,72.79,1007.45,0,0,MANUAL,1,1,1,
2026-09-27 01:28:37,brain,3672000,30.22,78.96,1007.58,30.79,72.55,1007.47,0,0,MANUAL,1,1,1,
2026-09-27 01:28:38,brain,3673000,30.21,78.88,1007.54,30.80,72.73,1007.48,0,0,MANUAL,1,1,1,
2026-09-27 01:28:39,brain,3674000,30.22,78.91,1007.58,30.79,72.64,1007.47,0,0,MANUAL,1,1,1,
2026-09-27 01:28:40,brain,3675000,30.22,78.95,1007.55,30.79,72.74,1007.44,0,0,MANUAL,1,1,1,
2026-09-27 01:28:41,brain,3676000,30.23,78.82,1007.53,30.80,72.48,1007.42,0,0,MANUAL,1,1,1,
2026-09-27 01:28:42,brain,3677000,30.21,78.59,1007.57,30.80,72.71,1007.45,0,0,MANUAL,1,1,1,
2026-09-27 01:28:43,brain,3678000,30.21,78.57,1007.52,30.80,72.40,1007.50,0,0,MANUAL,1,1,1,
2026-09-27 01:28:44,brain,3679000,30.21,79.07,1007.52,30.81,72.42,1007.46,0,0,MANUAL,1,1,1,
2026-09-27 01:28:45,brain,3680000,30.22,79.03,1007.52,30.80,72.74,1007.48,0,0,MANUAL,1,1,1,
2026-09-27 01:28:46,brain,3681000,30.23,78.94,1007.56,30.80,72.63,1007.50,0,0,MANUAL,1,1,1,
2026-09-27 01:28:47,brain,3682000,30.21,78.96,1007.49,30.79,72.31,1007.43,0,0,MANUAL,1,1,1,
2026-09-27 01:28:48,brain,3683000,30.23,78.90,1007.59,30.79,72.28,1007.41,0,0,MANUAL,1,1,1,
2026-09-27 01:28:49,brain,3684000,30.23,79.03,1007.59,30.80,72.28,1007.54,0,0,MANUAL,1,1,1,
2026-09-27 01:28:50,brain,3685000,30.23,79.13,1007.54,30.79,72.75,1007.43,0,0,MANUAL,1,1,1,
2026-09-27 01:28:51,brain,3686000,30.23,79.05,1007.53,30.79,72.65,1007.49,0,0,MANUAL,1,1,1,
2026-09-27 01:28:52,brain,3687000,30.23,78.95,1007.51,30.79,72.66,1007.46,0,0,MANUAL,1,1,1,
2026-09-27 01:28:53,brain,3688000,30.23,78.68,1007.53,30.79,72.74,1007.51,0,0,MANUAL,1,1,1,
2026-09-27 01:28:54,brain,3689000,30.23,79.10,1007.46,30.78,72.38,1007.42,0,0,MANUAL,1,1,1,
2026-09-27 01:28:55,brain,3690000,30.23,79.17,1007.57,30.79,72.47,1007.49,0,0,MANUAL,1,1,1,
2026-09-27 01:28:56,brain,3691000,30.24,79.54,1007.55,30.79,72.71,1007.43,0,0,MANUAL,1,1,1,
2026-09-27 01:28:57,brain,3692000,30.24,79.27,1007.53,30.79,72.56,1007.49,0,0,MANUAL,1,1,1,
2026-09-27 01:28:58,brain,3693000,30.25,79.20,1007.51,30.79,72.76,1007.49,0,0,MANUAL,1,1,1,
2026-09-27 01:28:59,brain,3694000,30.24,78.80,1007.46,30.79,72.74,1007.49,0,0,MANUAL,1,1,1,
2026-09-27 01:29:00,brain,3695000,30.24,78.66,1007.55,30.79,72.41,1007.49,0,0,MANUAL,1,1,1,
2026-09-27 01:29:01,brain,3696000,30.24,78.60,1007.58,30.78,72.43,1007.39,0,0,MANUAL,1,1,1,
2026-09-27 01:29:02,brain,3697000,30.24,78.33,1007.49,30.79,72.33,1007.46,0,0,MANUAL,1,1,1,
2026-09-27 01:29:03,brain,3698000,30.25,78.33,1007.51,30.79,72.42,1007.49,0,0,MANUAL,1,1,1,
2026-09-27 01:29:04,brain,3699000,30.25,78.68,1007.57,30.79,72.68,1007.43,0,0,MANUAL,1,1,1,
2026-09-27 01:29:05,brain,3700000,30.26,78.97,1007.55,30.79,72.74,1007.40,0,0,MANUAL,1,1,1,
2026-09-27 01:29:06,brain,3701000,30.25,79.27,1007.51,30.79,72.81,1007.43,0,0,MANUAL,1,1,1,
2026-09-27 01:29:07,brain,3702000,30.25,79.04,1007.57,30.79,72.74,1007.44,0,0,MANUAL,1,1,1,
2026-09-27 01:29:08,brain,3703000,30.25,78.89,1007.51,30.80,72.73,1007.48,0,0,MANUAL,1,1,1,
2026-09-27 01:29:09,brain,3704000,30.24,79.01,1007.59,30.80,72.74,1007.45,0,0,MANUAL,1,1,1,
2026-09-27 01:29:10,brain,3705000,30.25,79.05,1007.46,30.79,72.67,1007.52,0,0,MANUAL,1,1,1,
2026-09-27 01:29:11,brain,3706000,30.24,78.97,1007.53,30.79,72.67,1007.44,0,0,MANUAL,1,1,1,
2026-09-27 01:29:12,brain,3707000,30.26,79.25,1007.50,30.80,72.41,1007.50,0,0,MANUAL,1,1,1,
2026-09-27 01:29:13,brain,3708000,30.26,79.15,1007.55,30.79,72.68,1007.47,0,0,MANUAL,1,1,1,
2026-09-27 01:29:14,brain,3709000,30.25,78.95,1007.54,30.80,72.48,1007.42,0,0,MANUAL,1,1,1,
2026-09-27 01:29:15,brain,3710000,30.25,79.03,1007.60,30.80,72.51,1007.50,0,0,MANUAL,1,1,1,
2026-09-27 01:29:16,brain,3711000,30.25,78.48,1007.51,30.80,72.75,1007.50,0,0,MANUAL,1,1,1,
2026-09-27 01:29:17,brain,3712000,30.25,78.37,1007.54,30.80,72.74,1007.46,0,0,MANUAL,1,1,1,
2026-09-27 01:29:18,brain,3713000,30.26,78.03,1007.50,30.80,72.59,1007.45,0,0,MANUAL,1,1,1,
2026-09-27 01:29:19,brain,3714000,30.25,78.49,1007.46,30.80,72.64,1007.45,0,0,MANUAL,1,1,1,
2026-09-27 01:29:20,brain,3715000,30.26,78.16,1007.48,30.79,72.62,1007.43,0,0,MANUAL,1,1,1,
2026-09-27 01:29:21,brain,3716000,30.25,78.63,1007.57,30.80,72.68,1007.50,0,0,MANUAL,1,1,1,
2026-09-27 01:29:22,brain,3717000,30.26,78.73,1007.52,30.80,72.65,1007.45,0,0,MANUAL,1,1,1,
2026-09-27 01:29:23,brain,3718000,30.26,78.80,1007.50,30.80,72.46,1007.45,0,0,MANUAL,1,1,1,
2026-09-27 01:29:24,brain,3719000,30.26,79.02,1007.50,30.79,72.55,1007.49,0,0,MANUAL,1,1,1,
2026-09-27 01:29:25,brain,3720000,30.25,78.52,1007.54,30.80,72.73,1007.45,0,0,MANUAL,1,1,1,
2026-09-27 01:29:26,brain,3721000,30.26,78.37,1007.56,30.79,72.66,1007.49,0,0,MANUAL,1,1,1,
2026-09-27 01:29:27,brain,3722000,30.26,78.21,1007.44,30.79,72.51,1007.44,0,0,MANUAL,1,1,1,
2026-09-27 01:29:28,brain,3723000,30.27,78.34,1007.49,30.80,72.68,1007.45,0,0,MANUAL,1,1,1,
2026-09-27 01:29:29,brain,3724000,30.26,78.78,1007.53,30.79,72.60,1007.51,0,0,MANUAL,1,1,1,
2026-09-27 01:29:30,brain,3725000,30.27,79.14,1007.51,30.79,72.71,1007.49,0,0,MANUAL,1,1,1,
2026-09-27 01:29:31,brain,3726000,30.27,78.97,1007.54,30.79,72.65,1007.47,0,0,MANUAL,1,1,1,
2026-09-27 01:29:32,brain,3727000,30.27,78.84,1007.52,30.80,72.72,1007.45,0,0,MANUAL,1,1,1,
2026-09-27 01:29:33,brain,3728000,30.27,78.57,1007.52,30.79,72.42,1007.46,0,0,MANUAL,1,1,1,
2026-09-27 01:29:34,brain,3729000,30.27,78.30,1007.48,30.79,72.71,1007.49,0,0,MANUAL,1,1,1,
2026-09-27 01:29:35,brain,3730000,30.27,78.59,1007.48,30.79,72.51,1007.51,0,0,MANUAL,1,1,1,
2026-09-27 01:29:36,brain,3731000,30.27,78.68,1007.51,30.79,72.66,1007.49,0,0,MANUAL,1,1,1,
2026-09-27 01:29:37,brain,3732000,30.27,78.82,1007.51,30.78,72.54,1007.48,0,0,MANUAL,1,1,1,
2026-09-27 01:29:38,brain,3733000,30.27,78.40,1007.49,30.79,72.67,1007.49,0,0,MANUAL,1,1,1,
2026-09-27 01:29:39,brain,3734000,30.28,78.35,1007.53,30.80,72.68,1007.50,0,0,MANUAL,1,1,1,
2026-09-27 01:29:40,brain,3735000,30.27,78.72,1007.51,30.79,72.66,1007.44,0,0,MANUAL,1,1,1,
2026-09-27 01:29:41,brain,3736000,30.27,78.48,1007.55,30.79,72.63,1007.47,0,0,MANUAL,1,1,1,
2026-09-27 01:29:42,brain,3737000,30.28,78.42,1007.56,30.78,72.37,1007.47,0,0,MANUAL,1,1,1,
2026-09-27 01:29:43,brain,3738000,30.28,79.01,1007.53,30.79,72.66,1007.46,0,0,MANUAL,1,1,1,
2026-09-27 01:29:44,brain,3739000,30.28,79.06,1007.57,30.78,72.65,1007.48,0,0,MANUAL,1,1,1,
2026-09-27 01:29:45,brain,3740000,30.27,78.96,1007.46,30.78,72.56,1007.45,0,0,MANUAL,1,1,1,
2026-09-27 01:29:46,brain,3741000,30.28,78.87,1007.54,30.78,72.66,1007.42,0,0,MANUAL,1,1,1,
2026-09-27 01:29:47,brain,3742000,30.27,79.01,1007.55,30.79,72.77,1007.43,0,0,MANUAL,1,1,1,
2026-09-27 01:29:48,brain,3743000,30.28,78.71,1007.45,30.79,72.71,1007.38,0,0,MANUAL,1,1,1,
2026-09-27 01:29:49,brain,3744000,30.28,78.74,1007.51,30.79,72.65,1007.46,0,0,MANUAL,1,1,1,
2026-09-27 01:29:50,brain,3745000,30.27,79.23,1007.46,30.79,72.28,1007.40,0,0,MANUAL,1,1,1,
2026-09-27 01:29:51,brain,3746000,30.28,79.04,1007.53,30.78,72.70,1007.44,0,0,MANUAL,1,1,1,
2026-09-27 01:29:52,brain,3747000,30.27,79.34,1007.52,30.79,72.27,1007.49,0,0,MANUAL,1,1,1,
2026-09-27 01:29:53,brain,3748000,30.27,78.78,1007.52,30.78,72.53,1007.44,0,0,MANUAL,1,1,1,
2026-09-27 01:29:54,brain,3749000,30.28,78.72,1007.50,30.78,72.51,1007.42,0,0,MANUAL,1,1,1,
2026-09-27 01:29:55,brain,3750000,30.27,78.94,1007.49,30.78,72.60,1007.48,0,0,MANUAL,1,1,1,
2026-09-27 01:29:56,brain,3751000,30.27,78.85,1007.54,30.78,72.42,1007.48,0,0,MANUAL,1,1,1,
2026-09-27 01:29:57,brain,3752000,30.27,79.21,1007.46,30.78,72.51,1007.47,0,0,MANUAL,1,1,1,
2026-09-27 01:29:58,brain,3753000,30.28,79.19,1007.47,30.78,72.37,1007.48,0,0,MANUAL,1,1,1,
2026-09-27 01:29:59,brain,3754000,30.28,78.62,1007.53,30.77,72.62,1007.41,0,0,MANUAL,1,1,1,
2026-09-27 01:30:00,brain,3755000,30.27,78.37,1007.49,30.78,72.55,1007.42,0,0,MANUAL,1,1,1,
2026-09-27 01:30:01,brain,3756000,30.28,78.73,1007.44,30.78,72.39,1007.45,0,0,MANUAL,1,1,1,
2026-09-27 01:30:02,brain,3757000,30.29,79.23,1007.47,30.79,72.50,1007.49,0,0,MANUAL,1,1,1,
2026-09-27 01:30:03,brain,3758000,30.28,79.20,1007.57,30.78,72.46,1007.45,0,0,MANUAL,1,1,1,
2026-09-27 01:30:04,brain,3759000,30.29,79.14,1007.52,30.78,72.72,1007.40,0,0,MANUAL,1,1,1,
2026-09-27 01:30:05,brain,3760000,30.29,79.33,1007.52,30.77,72.50,1007.46,0,0,MANUAL,1,1,1,
2026-09-27 01:30:06,brain,3761000,30.28,79.01,1007.53,30.77,72.72,1007.40,0,0,MANUAL,1,1,1,
2026-09-27 01:30:07,brain,3762000,30.28,79.05,1007.48,30.78,72.25,1007.47,0,0,MANUAL,1,1,1,
2026-09-27 01:30:08,brain,3763000,30.28,79.03,1007.54,30.78,72.38,1007.45,0,0,MANUAL,1,1,1,
2026-09-27 01:30:09,brain,3764000,30.28,79.02,1007.48,30.78,72.46,1007.44,0,0,MANUAL,1,1,1,
2026-09-27 01:30:10,brain,3765000,30.28,78.96,1007.45,30.78,72.44,1007.47,0,0,MANUAL,1,1,1,
2026-09-27 01:30:11,brain,3766000,30.28,78.70,1007.51,30.78,72.34,1007.44,0,0,MANUAL,1,1,1,
2026-09-27 01:30:12,brain,3767000,30.29,79.28,1007.55,30.78,72.30,1007.42,0,0,MANUAL,1,1,1,
2026-09-27 01:30:13,brain,3768000,30.29,79.35,1007.53,30.77,72.31,1007.43,0,0,MANUAL,1,1,1,
2026-09-27 01:30:14,brain,3769000,30.29,79.16,1007.46,30.77,72.32,1007.46,0,0,MANUAL,1,1,1,
2026-09-27 01:30:15,brain,3770000,30.29,79.09,1007.50,30.78,72.56,1007.42,0,0,MANUAL,1,1,1,
2026-09-27 01:30:16,brain,3771000,30.30,79.45,1007.45,30.78,72.56,1007.50,0,0,MANUAL,1,1,1,
2026-09-27 01:30:17,brain,3772000,30.29,79.05,1007.50,30.78,72.56,1007.44,0,0,MANUAL,1,1,1,
2026-09-27 01:30:18,brain,3773000,30.30,79.23,1007.48,30.78,72.39,1007.42,0,0,MANUAL,1,1,1,
2026-09-27 01:30:19,brain,3774000,30.30,78.95,1007.53,30.78,72.62,1007.42,0,0,MANUAL,1,1,1,
2026-09-27 01:30:20,brain,3775000,30.29,78.87,1007.46,30.77,72.66,1007.41,0,0,MANUAL,1,1,1,
2026-09-27 01:30:21,brain,3776000,30.30,78.96,1007.53,30.78,72.67,1007.47,0,0,MANUAL,1,1,1,
2026-09-27 01:30:22,brain,3777000,30.29,78.92,1007.47,30.78,72.61,1007.44,0,0,MANUAL,1,1,1,
2026-09-27 01:30:23,brain,3778000,30.29,79.02,1007.55,30.78,72.64,1007.44,0,0,MANUAL,1,1,1,
2026-09-27 01:30:24,brain,3779000,30.29,78.95,1007.53,30.78,72.48,1007.42,0,0,MANUAL,1,1,1,
2026-09-27 01:30:25,brain,3780000,30.29,79.01,1007.47,30.79,72.77,1007.43,0,0,MANUAL,1,1,1,
2026-09-27 01:30:26,brain,3781000,30.29,78.61,1007.55,30.77,72.51,1007.43,0,0,MANUAL,1,1,1,
2026-09-27 01:30:27,brain,3782000,30.30,78.71,1007.53,30.79,72.54,1007.46,0,0,MANUAL,1,1,1,
2026-09-27 01:30:28,brain,3783000,30.29,79.13,1007.55,30.78,72.60,1007.48,0,0,MANUAL,1,1,1,
2026-09-27 01:30:29,brain,3784000,30.28,78.54,1007.51,30.77,72.63,1007.35,0,0,MANUAL,1,1,1,
2026-09-27 01:30:30,brain,3785000,30.29,78.43,1007.52,30.78,72.60,1007.42,0,0,MANUAL,1,1,1,
2026-09-27 01:30:31,brain,3786000,30.29,78.31,1007.55,30.78,72.73,1007.51,0,0,MANUAL,1,1,1,
2026-09-27 01:30:32,brain,3787000,30.29,78.09,1007.50,30.78,72.64,1007.39,0,0,MANUAL,1,1,1,
2026-09-27 01:30:33,brain,3788000,30.29,78.08,1007.52,30.78,72.71,1007.45,0,0,MANUAL,1,1,1,
2026-09-27 01:30:34,brain,3789000,30.28,78.25,1007.57,30.77,72.47,1007.45,0,0,MANUAL,1,1,1,
2026-09-27 01:30:35,brain,3790000,30.29,78.74,1007.49,30.77,72.63,1007.46,0,0,MANUAL,1,1,1,
2026-09-27 01:30:36,brain,3791000,30.29,78.77,1007.53,30.77,72.61,1007.38,0,0,MANUAL,1,1,1,
2026-09-27 01:30:37,brain,3792000,30.30,79.09,1007.51,30.77,72.59,1007.49,0,0,MANUAL,1,1,1,
2026-09-27 01:30:38,brain,3793000,30.29,79.26,1007.53,30.77,72.27,1007.43,0,0,MANUAL,1,1,1,
2026-09-27 01:30:39,brain,3794000,30.30,79.49,1007.54,30.77,72.50,1007.43,0,0,MANUAL,1,1,1,
2026-09-27 01:30:40,brain,3795000,30.31,79.63,1007.52,30.78,72.35,1007.44,0,0,MANUAL,1,1,1,
2026-09-27 01:30:41,brain,3796000,30.30,79.43,1007.51,30.77,72.16,1007.43,0,0,MANUAL,1,1,1,
2026-09-27 01:30:42,brain,3797000,30.29,79.38,1007.52,30.77,72.51,1007.45,0,0,MANUAL,1,1,1,
2026-09-27 01:30:43,brain,3798000,30.31,79.17,1007.47,30.77,72.21,1007.45,0,0,MANUAL,1,1,1,
2026-09-27 01:30:44,brain,3799000,30.30,79.19,1007.49,30.77,72.17,1007.43,0,0,MANUAL,1,1,1,
2026-09-27 01:30:45,brain,3800000,30.30,78.87,1007.49,30.78,72.52,1007.48,0,0,MANUAL,1,1,1,
2026-09-27 01:30:46,brain,3801000,30.30,78.72,1007.53,30.77,72.41,1007.41,0,0,MANUAL,1,1,1,
2026-09-27 01:30:47,brain,3802000,30.30,78.27,1007.42,30.76,72.42,1007.42,0,0,MANUAL,1,1,1,
2026-09-27 01:30:48,brain,3803000,30.29,77.92,1007.53,30.77,72.40,1007.43,0,0,MANUAL,1,1,1,
2026-09-27 01:30:49,brain,3804000,30.30,78.15,1007.51,30.77,72.33,1007.40,0,0,MANUAL,1,1,1,
2026-09-27 01:30:50,brain,3805000,30.30,78.52,1007.51,30.77,72.32,1007.41,0,0,MANUAL,1,1,1,
2026-09-27 01:30:51,brain,3806000,30.30,78.65,1007.49,30.77,72.43,1007.40,0,0,MANUAL,1,1,1,
2026-09-27 01:30:52,brain,3807000,30.30,78.63,1007.54,30.77,72.32,1007.54,0,0,MANUAL,1,1,1,
2026-09-27 01:30:53,brain,3808000,30.31,78.76,1007.47,30.76,72.33,1007.45,0,0,MANUAL,1,1,1,
2026-09-27 01:30:54,brain,3809000,30.30,78.74,1007.51,30.77,72.45,1007.43,0,0,MANUAL,1,1,1,
2026-09-27 01:30:55,brain,3810000,30.31,78.28,1007.49,30.77,72.38,1007.45,0,0,MANUAL,1,1,1,
2026-09-27 01:30:56,brain,3811000,30.30,78.26,1007.51,30.77,72.24,1007.49,0,0,MANUAL,1,1,1,
2026-09-27 01:30:57,brain,3812000,30.31,78.64,1007.53,30.77,72.71,1007.45,0,0,MANUAL,1,1,1,
2026-09-27 01:30:58,brain,3813000,30.31,78.65,1007.52,30.77,72.34,1007.48,0,0,MANUAL,1,1,1,
2026-09-27 01:30:59,brain,3814000,30.32,79.26,1007.51,30.77,72.60,1007.43,0,0,MANUAL,1,1,1,
2026-09-27 01:31:00,brain,3815000,30.31,78.96,1007.56,30.76,72.67,1007.45,0,0,MANUAL,1,1,1,
2026-09-27 01:31:01,brain,3816000,30.31,79.37,1007.50,30.77,72.34,1007.45,0,0,MANUAL,1,1,1,
2026-09-27 01:31:02,brain,3817000,30.31,79.28,1007.49,30.77,72.36,1007.41,0,0,MANUAL,1,1,1,
2026-09-27 01:31:03,brain,3818000,30.31,79.12,1007.53,30.77,72.32,1007.45,0,0,MANUAL,1,1,1,
2026-09-27 01:31:04,brain,3819000,30.32,79.34,1007.57,30.77,72.75,1007.45,0,0,MANUAL,1,1,1,
2026-09-27 01:31:05,brain,3820000,30.31,79.18,1007.50,30.77,72.70,1007.35,0,0,MANUAL,1,1,1,
2026-09-27 01:31:06,brain,3821000,30.31,78.77,1007.55,30.77,72.49,1007.51,0,0,MANUAL,1,1,1,
2026-09-27 01:31:07,brain,3822000,30.31,78.46,1007.49,30.77,72.36,1007.41,0,0,MANUAL,1,1,1,
2026-09-27 01:31:08,brain,3823000,30.30,78.16,1007.54,30.77,72.41,1007.34,0,0,MANUAL,1,1,1,
2026-09-27 01:31:09,brain,3824000,30.30,77.79,1007.54,30.78,72.28,1007.50,0,0,MANUAL,1,1,1,
2026-09-27 01:31:10,brain,3825000,30.31,78.10,1007.47,30.77,72.25,1007.40,0,0,MANUAL,1,1,1,
2026-09-27 01:31:11,brain,3826000,30.30,78.36,1007.49,30.78,72.30,1007.47,0,0,MANUAL,1,1,1,
2026-09-27 01:31:12,brain,3827000,30.31,78.86,1007.49,30.77,72.17,1007.41,0,0,MANUAL,1,1,1,
2026-09-27 01:31:13,brain,3828000,30.31,78.44,1007.52,30.77,72.43,1007.43,0,0,MANUAL,1,1,1,
2026-09-27 01:31:14,brain,3829000,30.29,78.50,1007.52,30.77,72.52,1007.45,0,0,MANUAL,1,1,1,
2026-09-27 01:31:15,brain,3830000,30.30,77.96,1007.46,30.77,72.69,1007.46,0,0,MANUAL,1,1,1,
2026-09-27 01:31:16,brain,3831000,30.30,78.22,1007.49,30.77,72.72,1007.46,0,0,MANUAL,1,1,1,
2026-09-27 01:31:17,brain,3832000,30.29,78.08,1007.58,30.78,72.73,1007.42,0,0,MANUAL,1,1,1,
2026-09-27 01:31:18,brain,3833000,30.30,78.19,1007.51,30.77,72.67,1007.41,0,0,MANUAL,1,1,1,
2026-09-27 01:31:19,brain,3834000,30.31,78.28,1007.50,30.78,72.67,1007.48,0,0,MANUAL,1,1,1,
2026-09-27 01:31:20,brain,3835000,30.30,78.14,1007.53,30.78,72.70,1007.42,0,0,MANUAL,1,1,1,
2026-09-27 01:31:21,brain,3836000,30.30,78.10,1007.59,30.79,72.71,1007.40,0,0,MANUAL,1,1,1,
2026-09-27 01:31:22,brain,3837000,30.30,78.10,1007.48,30.78,72.55,1007.44,0,0,MANUAL,1,1,1,
2026-09-27 01:31:23,brain,3838000,30.29,77.82,1007.50,30.78,72.68,1007.39,0,0,MANUAL,1,1,1,
2026-09-27 01:31:24,brain,3839000,30.30,78.26,1007.48,30.78,72.65,1007.42,0,0,MANUAL,1,1,1,
2026-09-27 01:31:25,brain,3840000,30.30,78.54,1007.51,30.78,72.55,1007.45,0,0,MANUAL,1,1,1,
2026-09-27 01:31:26,brain,3841000,30.31,78.89,1007.47,30.78,72.50,1007.39,0,0,MANUAL,1,1,1,
2026-09-27 01:31:27,brain,3842000,30.30,78.76,1007.54,30.78,72.68,1007.42,0,0,MANUAL,1,1,1,
2026-09-27 01:31:28,brain,3843000,30.31,78.89,1007.52,30.77,72.63,1007.38,0,0,MANUAL,1,1,1,
2026-09-27 01:31:29,brain,3844000,30.31,78.95,1007.50,30.78,72.69,1007.42,0,0,MANUAL,1,1,1,
2026-09-27 01:31:30,brain,3845000,30.30,78.84,1007.49,30.79,72.68,1007.43,0,0,MANUAL,1,1,1,
2026-09-27 01:31:31,brain,3846000,30.31,78.90,1007.50,30.79,72.63,1007.49,0,0,MANUAL,1,1,1,
2026-09-27 01:31:32,brain,3847000,30.30,78.69,1007.49,30.78,72.69,1007.42,0,0,MANUAL,1,1,1,
2026-09-27 01:31:33,brain,3848000,30.31,78.54,1007.47,30.79,72.59,1007.43,0,0,MANUAL,1,1,1,
2026-09-27 01:31:34,brain,3849000,30.31,78.51,1007.56,30.78,72.62,1007.42,0,0,MANUAL,1,1,1,
2026-09-27 01:31:35,brain,3850000,30.30,78.40,1007.57,30.79,72.51,1007.46,0,0,MANUAL,1,1,1,
2026-09-27 01:31:36,brain,3851000,30.30,78.67,1007.49,30.79,72.71,1007.40,0,0,MANUAL,1,1,1,
2026-09-27 01:31:37,brain,3852000,30.31,78.46,1007.55,30.78,72.52,1007.40,0,0,MANUAL,1,1,1,
2026-09-27 01:31:38,brain,3853000,30.30,78.78,1007.51,30.78,72.55,1007.47,0,0,MANUAL,1,1,1,
2026-09-27 01:31:39,brain,3854000,30.30,78.09,1007.48,30.78,72.55,1007.39,0,0,MANUAL,1,1,1,
2026-09-27 01:31:40,brain,3855000,30.30,78.02,1007.49,30.78,72.74,1007.39,0,0,MANUAL,1,1,1,
2026-09-27 01:31:41,brain,3856000,30.31,78.17,1007.49,30.78,72.46,1007.47,0,0,MANUAL,1,1,1,
2026-09-27 01:31:42,brain,3857000,30.33,78.74,1007.58,30.78,72.53,1007.39,0,0,MANUAL,1,1,1,
2026-09-27 01:31:43,brain,3858000,30.32,78.95,1007.49,30.78,72.69,1007.39,0,0,MANUAL,1,1,1,
2026-09-27 01:31:44,brain,3859000,30.32,78.97,1007.54,30.78,72.42,1007.44,0,0,MANUAL,1,1,1,
2026-09-27 01:31:45,brain,3860000,30.31,79.22,1007.53,30.77,72.69,1007.40,0,0,MANUAL,1,1,1,
2026-09-27 01:31:46,brain,3861000,30.32,79.14,1007.46,30.78,72.62,1007.44,0,0,MANUAL,1,1,1,
2026-09-27 01:31:47,brain,3862000,30.32,79.33,1007.49,30.77,72.31,1007.38,0,0,MANUAL,1,1,1,
2026-09-27 01:31:48,brain,3863000,30.32,79.00,1007.52,30.77,72.62,1007.41,0,0,MANUAL,1,1,1,
2026-09-27 01:31:49,brain,3864000,30.31,78.46,1007.53,30.77,72.53,1007.48,0,0,MANUAL,1,1,1,
2026-09-27 01:31:50,brain,3865000,30.32,78.29,1007.52,30.77,72.49,1007.45,0,0,MANUAL,1,1,1,
2026-09-27 01:31:51,brain,3866000,30.32,78.41,1007.57,30.77,72.56,1007.40,0,0,MANUAL,1,1,1,
2026-09-27 01:31:52,brain,3867000,30.33,79.21,1007.47,30.77,72.35,1007.43,0,0,MANUAL,1,1,1,
2026-09-27 01:31:53,brain,3868000,30.33,79.66,1007.53,30.77,72.36,1007.43,0,0,MANUAL,1,1,1,
2026-09-27 01:31:54,brain,3869000,30.33,79.41,1007.47,30.77,72.41,1007.45,0,0,MANUAL,1,1,1,
2026-09-27 01:31:55,brain,3870000,30.32,79.00,1007.52,30.77,72.60,1007.40,0,0,MANUAL,1,1,1,
2026-09-27 01:31:56,brain,3871000,30.32,79.18,1007.51,30.76,72.67,1007.44,0,0,MANUAL,1,1,1,
2026-09-27 01:31:57,brain,3872000,30.32,78.79,1007.51,30.77,72.71,1007.37,0,0,MANUAL,1,1,1,
2026-09-27 01:31:58,brain,3873000,30.31,78.65,1007.47,30.77,72.70,1007.43,0,0,MANUAL,1,1,1,
2026-09-27 01:31:59,brain,3874000,30.32,78.62,1007.55,30.76,72.36,1007.39,0,0,MANUAL,1,1,1,
2026-09-27 01:32:00,brain,3875000,30.33,78.48,1007.47,30.76,72.51,1007.38,0,0,MANUAL,1,1,1,
2026-09-27 01:32:01,brain,3876000,30.32,78.63,1007.49,30.76,72.64,1007.38,0,0,MANUAL,1,1,1,
2026-09-27 01:32:02,brain,3877000,30.32,78.38,1007.48,30.77,72.67,1007.32,0,0,MANUAL,1,1,1,
2026-09-27 01:32:03,brain,3878000,30.31,78.03,1007.50,30.78,72.74,1007.42,0,0,MANUAL,1,1,1,
2026-09-27 01:32:04,brain,3879000,30.31,77.81,1007.49,30.76,72.68,1007.44,0,0,MANUAL,1,1,1,
2026-09-27 01:32:05,brain,3880000,30.31,77.81,1007.50,30.76,72.43,1007.38,0,0,MANUAL,1,1,1,
2026-09-27 01:32:06,brain,3881000,30.32,77.67,1007.51,30.76,72.27,1007.38,0,0,MANUAL,1,1,1,
2026-09-27 01:32:07,brain,3882000,30.32,77.85,1007.48,30.76,72.66,1007.45,0,0,MANUAL,1,1,1,
2026-09-27 01:32:08,brain,3883000,30.32,77.99,1007.48,30.76,72.69,1007.47,0,0,MANUAL,1,1,1,
2026-09-27 01:32:09,brain,3884000,30.32,78.01,1007.49,30.76,72.28,1007.47,0,0,MANUAL,1,1,1,
2026-09-27 01:32:10,brain,3885000,30.33,78.35,1007.47,30.76,72.70,1007.38,0,0,MANUAL,1,1,1,
2026-09-27 01:32:11,brain,3886000,30.32,78.48,1007.55,30.75,72.61,1007.37,0,0,MANUAL,1,1,1,
2026-09-27 01:32:12,brain,3887000,30.33,79.06,1007.50,30.76,72.55,1007.44,0,0,MANUAL,1,1,1,
2026-09-27 01:32:13,brain,3888000,30.32,79.36,1007.49,30.77,72.68,1007.48,0,0,MANUAL,1,1,1,
2026-09-27 01:32:14,brain,3889000,30.32,78.72,1007.48,30.76,72.59,1007.38,0,0,MANUAL,1,1,1,
2026-09-27 01:32:15,brain,3890000,30.32,78.57,1007.46,30.75,72.64,1007.40,0,0,MANUAL,1,1,1,
2026-09-27 01:32:16,brain,3891000,30.33,79.26,1007.50,30.76,72.28,1007.44,0,0,MANUAL,1,1,1,
2026-09-27 01:32:17,brain,3892000,30.33,79.05,1007.51,30.76,72.16,1007.42,0,0,MANUAL,1,1,1,
2026-09-27 01:32:18,brain,3893000,30.32,79.19,1007.49,30.76,72.36,1007.38,0,0,MANUAL,1,1,1,
2026-09-27 01:32:19,brain,3894000,30.33,78.96,1007.53,30.76,72.40,1007.36,0,0,MANUAL,1,1,1,
2026-09-27 01:32:20,brain,3895000,30.32,79.12,1007.52,30.76,72.62,1007.41,0,0,MANUAL,1,1,1,
2026-09-27 01:32:21,brain,3896000,30.33,78.86,1007.47,30.75,72.41,1007.38,0,0,MANUAL,1,1,1,
2026-09-27 01:32:22,brain,3897000,30.32,78.91,1007.55,30.75,72.27,1007.40,0,0,MANUAL,1,1,1,
2026-09-27 01:32:23,brain,3898000,30.33,78.50,1007.47,30.75,72.11,1007.43,0,0,MANUAL,1,1,1,
2026-09-27 01:32:24,brain,3899000,30.32,78.47,1007.46,30.75,72.38,1007.43,0,0,MANUAL,1,1,1,
2026-09-27 01:32:25,brain,3900000,30.32,78.19,1007.51,30.75,72.38,1007.38,0,0,MANUAL,1,1,1,
2026-09-27 01:32:26,brain,3901000,30.32,78.14,1007.49,30.75,72.47,1007.38,0,0,MANUAL,1,1,1,
2026-09-27 01:32:27,brain,3902000,30.31,77.97,1007.53,30.76,72.68,1007.38,0,0,MANUAL,1,1,1,
2026-09-27 01:32:28,brain,3903000,30.32,78.42,1007.49,30.76,72.62,1007.44,0,0,MANUAL,1,1,1,
2026-09-27 01:32:29,brain,3904000,30.32,78.29,1007.45,30.76,72.62,1007.38,0,0,MANUAL,1,1,1,
2026-09-27 01:32:30,brain,3905000,30.31,78.55,1007.45,30.75,72.36,1007.46,0,0,MANUAL,1,1,1,
2026-09-27 01:32:31,brain,3906000,30.32,78.28,1007.55,30.75,72.55,1007.37,0,0,MANUAL,1,1,1,
2026-09-27 01:32:32,brain,3907000,30.32,78.54,1007.45,30.75,72.60,1007.43,0,0,MANUAL,1,1,1,
2026-09-27 01:32:33,brain,3908000,30.32,78.83,1007.46,30.75,72.62,1007.35,0,0,MANUAL,1,1,1,
2026-09-27 01:32:34,brain,3909000,30.32,78.22,1007.51,30.75,72.61,1007.42,0,0,MANUAL,1,1,1,
2026-09-27 01:32:35,brain,3910000,30.32,78.49,1007.51,30.75,72.58,1007.45,0,0,MANUAL,1,1,1,
2026-09-27 01:32:36,brain,3911000,30.32,78.47,1007.52,30.76,72.58,1007.38,0,0,MANUAL,1,1,1,
2026-09-27 01:32:37,brain,3912000,30.31,78.47,1007.50,30.76,72.62,1007.45,0,0,MANUAL,1,1,1,
2026-09-27 01:32:38,brain,3913000,30.31,78.39,1007.53,30.76,72.58,1007.44,0,0,MANUAL,1,1,1,
2026-09-27 01:32:39,brain,3914000,30.31,78.12,1007.53,30.76,72.30,1007.39,0,0,MANUAL,1,1,1,
2026-09-27 01:32:40,brain,3915000,30.32,78.41,1007.54,30.75,72.61,1007.40,0,0,MANUAL,1,1,1,
2026-09-27 01:32:41,brain,3916000,30.31,78.81,1007.47,30.76,72.63,1007.38,0,0,MANUAL,1,1,1,
2026-09-27 01:32:42,brain,3917000,30.33,78.72,1007.56,30.75,72.51,1007.39,0,0,MANUAL,1,1,1,
2026-09-27 01:32:43,brain,3918000,30.32,78.58,1007.40,30.76,72.58,1007.44,0,0,MANUAL,1,1,1,
2026-09-27 01:32:44,brain,3919000,30.32,78.27,1007.52,30.75,72.69,1007.42,0,0,MANUAL,1,1,1,
2026-09-27 01:32:45,brain,3920000,30.31,78.55,1007.45,30.76,72.67,1007.49,0,0,MANUAL,1,1,1,
2026-09-27 01:32:46,brain,3921000,30.32,78.39,1007.52,30.75,72.63,1007.42,0,0,MANUAL,1,1,1,
2026-09-27 01:32:47,brain,3922000,30.32,78.33,1007.48,30.74,72.70,1007.41,0,0,MANUAL,1,1,1,
2026-09-27 01:32:48,brain,3923000,30.31,77.96,1007.45,30.75,72.50,1007.42,0,0,MANUAL,1,1,1,
2026-09-27 01:32:49,brain,3924000,30.31,78.00,1007.47,30.76,72.62,1007.47,0,0,MANUAL,1,1,1,
2026-09-27 01:32:50,brain,3925000,30.32,78.24,1007.51,30.76,72.66,1007.44,0,0,MANUAL,1,1,1,
2026-09-27 01:32:51,brain,3926000,30.31,78.32,1007.47,30.76,72.74,1007.45,0,0,MANUAL,1,1,1,
2026-09-27 01:32:52,brain,3927000,30.32,78.08,1007.49,30.76,72.66,1007.44,0,0,MANUAL,1,1,1,
2026-09-27 01:32:53,brain,3928000,30.31,77.84,1007.56,30.76,72.58,1007.38,0,0,MANUAL,1,1,1,
2026-09-27 01:32:54,brain,3929000,30.31,77.39,1007.49,30.76,72.63,1007.42,0,0,MANUAL,1,1,1,
2026-09-27 01:32:55,brain,3930000,30.31,77.46,1007.53,30.76,72.52,1007.44,0,0,MANUAL,1,1,1,
2026-09-27 01:32:56,brain,3931000,30.31,77.64,1007.49,30.76,72.68,1007.39,0,0,MANUAL,1,1,1,
2026-09-27 01:32:57,brain,3932000,30.32,77.81,1007.43,30.75,72.53,1007.43,0,0,MANUAL,1,1,1,
2026-09-27 01:32:58,brain,3933000,30.32,78.26,1007.55,30.76,72.71,1007.41,0,0,MANUAL,1,1,1,
2026-09-27 01:32:59,brain,3934000,30.31,78.06,1007.50,30.77,72.76,1007.37,0,0,MANUAL,1,1,1,
2026-09-27 01:33:00,brain,3935000,30.32,78.39,1007.48,30.76,72.37,1007.44,0,0,MANUAL,1,1,1,
2026-09-27 01:33:01,brain,3936000,30.32,78.26,1007.49,30.76,72.38,1007.44,0,0,MANUAL,1,1,1,
2026-09-27 01:33:02,brain,3937000,30.32,78.74,1007.48,30.76,72.69,1007.44,0,0,MANUAL,1,1,1,
2026-09-27 01:33:03,brain,3938000,30.33,78.81,1007.50,30.75,72.67,1007.39,0,0,MANUAL,1,1,1,
2026-09-27 01:33:04,brain,3939000,30.33,79.23,1007.48,30.76,72.72,1007.42,0,0,MANUAL,1,1,1,
2026-09-27 01:33:05,brain,3940000,30.33,79.08,1007.55,30.76,72.69,1007.44,0,0,MANUAL,1,1,1,
2026-09-27 01:33:06,brain,3941000,30.32,78.48,1007.52,30.75,72.71,1007.46,0,0,MANUAL,1,1,1,
2026-09-27 01:33:07,brain,3942000,30.32,78.13,1007.51,30.75,72.65,1007.43,0,0,MANUAL,1,1,1,
2026-09-27 01:33:08,brain,3943000,30.31,78.43,1007.50,30.75,72.72,1007.38,0,0,MANUAL,1,1,1,
2026-09-27 01:33:09,brain,3944000,30.32,78.29,1007.57,30.75,72.67,1007.46,0,0,MANUAL,1,1,1,
2026-09-27 01:33:10,brain,3945000,30.32,78.26,1007.51,30.76,72.73,1007.49,0,0,MANUAL,1,1,1,
2026-09-27 01:33:11,brain,3946000,30.32,78.52,1007.49,30.77,72.41,1007.40,0,0,MANUAL,1,1,1,
2026-09-27 01:33:12,brain,3947000,30.33,78.40,1007.45,30.77,72.38,1007.45,0,0,MANUAL,1,1,1,
2026-09-27 01:33:13,brain,3948000,30.33,78.75,1007.50,30.77,72.70,1007.51,0,0,MANUAL,1,1,1,
2026-09-27 01:33:14,brain,3949000,30.33,78.94,1007.51,30.77,72.76,1007.43,0,0,MANUAL,1,1,1,
2026-09-27 01:33:15,brain,3950000,30.34,78.99,1007.52,30.76,72.71,1007.38,0,0,MANUAL,1,1,1,
2026-09-27 01:33:16,brain,3951000,30.33,78.38,1007.50,30.77,72.69,1007.40,0,0,MANUAL,1,1,1,
2026-09-27 01:33:17,brain,3952000,30.33,78.26,1007.47,30.76,72.53,1007.38,0,0,MANUAL,1,1,1,
2026-09-27 01:33:18,brain,3953000,30.33,78.00,1007.53,30.76,72.67,1007.44,0,0,MANUAL,1,1,1,
2026-09-27 01:33:19,brain,3954000,30.32,77.93,1007.49,30.76,72.36,1007.38,0,0,MANUAL,1,1,1,
2026-09-27 01:33:20,brain,3955000,30.33,77.94,1007.56,30.76,72.70,1007.44,0,0,MANUAL,1,1,1,
2026-09-27 01:33:21,brain,3956000,30.33,78.51,1007.50,30.77,72.63,1007.43,0,0,MANUAL,1,1,1,
2026-09-27 01:33:22,brain,3957000,30.32,78.64,1007.52,30.76,72.61,1007.38,0,0,MANUAL,1,1,1,
2026-09-27 01:33:23,brain,3958000,30.32,78.67,1007.52,30.75,72.77,1007.40,0,0,MANUAL,1,1,1,
2026-09-27 01:33:24,brain,3959000,30.33,78.73,1007.50,30.76,72.52,1007.39,0,0,MANUAL,1,1,1,
2026-09-27 01:33:25,brain,3960000,30.32,78.81,1007.46,30.77,72.70,1007.40,0,0,MANUAL,1,1,1,
2026-09-27 01:33:26,brain,3961000,30.32,78.83,1007.43,30.77,72.53,1007.40,0,0,MANUAL,1,1,1,
2026-09-27 01:33:27,brain,3962000,30.32,78.71,1007.45,30.76,72.72,1007.42,0,0,MANUAL,1,1,1,
2026-09-27 01:33:28,brain,3963000,30.33,77.77,1007.47,30.76,72.43,1007.42,0,0,MANUAL,1,1,1,
2026-09-27 01:33:29,brain,3964000,30.33,77.97,1007.47,30.77,72.71,1007.43,0,0,MANUAL,1,1,1,
2026-09-27 01:33:30,brain,3965000,30.32,78.74,1007.49,30.77,72.69,1007.34,0,0,MANUAL,1,1,1,
2026-09-27 01:33:31,brain,3966000,30.33,78.72,1007.45,30.76,72.33,1007.41,0,0,MANUAL,1,1,1,
2026-09-27 01:33:32,brain,3967000,30.32,78.92,1007.46,30.76,72.67,1007.42,0,0,MANUAL,1,1,1,
2026-09-27 01:33:33,brain,3968000,30.32,78.93,1007.52,30.76,72.45,1007.39,0,0,MANUAL,1,1,1,
2026-09-27 01:33:34,brain,3969000,30.33,78.78,1007.51,30.77,72.72,1007.45,0,0,MANUAL,1,1,1,
2026-09-27 01:33:35,brain,3970000,30.32,78.44,1007.46,30.78,72.67,1007.36,0,0,MANUAL,1,1,1,
2026-09-27 01:33:36,brain,3971000,30.32,78.49,1007.52,30.77,72.51,1007.43,0,0,MANUAL,1,1,1,
2026-09-27 01:33:37,brain,3972000,30.32,78.15,1007.46,30.78,72.67,1007.42,0,0,MANUAL,1,1,1,
2026-09-27 01:33:38,brain,3973000,30.33,78.03,1007.51,30.77,72.71,1007.41,0,0,MANUAL,1,1,1,
2026-09-27 01:33:39,brain,3974000,30.32,78.15,1007.49,30.78,72.67,1007.39,0,0,MANUAL,1,1,1,
2026-09-27 01:33:40,brain,3975000,30.32,78.25,1007.51,30.78,72.57,1007.39,0,0,MANUAL,1,1,1,
2026-09-27 01:33:41,brain,3976000,30.32,78.07,1007.49,30.78,72.62,1007.42,0,0,MANUAL,1,1,1,
2026-09-27 01:33:42,brain,3977000,30.31,78.12,1007.47,30.78,72.60,1007.44,0,0,MANUAL,1,1,1,
2026-09-27 01:33:43,brain,3978000,30.32,78.13,1007.54,30.78,72.55,1007.42,0,0,MANUAL,1,1,1,
2026-09-27 01:33:44,brain,3979000,30.31,78.19,1007.47,30.77,72.67,1007.40,0,0,MANUAL,1,1,1,
2026-09-27 01:33:45,brain,3980000,30.30,77.49,1007.51,30.77,72.58,1007.43,0,0,MANUAL,1,1,1,
2026-09-27 01:33:46,brain,3981000,30.31,77.42,1007.44,30.78,72.70,1007.42,0,0,MANUAL,1,1,1,
2026-09-27 01:33:47,brain,3982000,30.31,77.12,1007.50,30.78,72.61,1007.39,0,0,MANUAL,1,1,1,
2026-09-27 01:33:48,brain,3983000,30.31,77.58,1007.47,30.78,72.23,1007.42,0,0,MANUAL,1,1,1,
2026-09-27 01:33:49,brain,3984000,30.31,77.41,1007.47,30.77,72.40,1007.40,0,0,MANUAL,1,1,1,
2026-09-27 01:33:50,brain,3985000,30.32,77.36,1007.51,30.77,72.54,1007.41,0,0,MANUAL,1,1,1,
2026-09-27 01:33:51,brain,3986000,30.30,77.62,1007.39,30.78,72.56,1007.44,0,0,MANUAL,1,1,1,
2026-09-27 01:33:52,brain,3987000,30.31,77.60,1007.47,30.77,72.40,1007.46,0,0,MANUAL,1,1,1,
2026-09-27 01:33:53,brain,3988000,30.31,76.82,1007.52,30.77,72.33,1007.37,0,0,MANUAL,1,1,1,
2026-09-27 01:33:54,brain,3989000,30.31,77.14,1007.47,30.77,72.65,1007.41,0,0,MANUAL,1,1,1,
2026-09-27 01:33:55,brain,3990000,30.31,77.16,1007.50,30.78,72.55,1007.50,0,0,MANUAL,1,1,1,
2026-09-27 01:33:56,brain,3991000,30.31,77.13,1007.49,30.78,72.65,1007.39,0,0,MANUAL,1,1,1,
2026-09-27 01:33:57,brain,3992000,30.31,77.64,1007.45,30.77,72.49,1007.45,0,0,MANUAL,1,1,1,
2026-09-27 01:33:58,brain,3993000,30.31,77.41,1007.49,30.77,72.48,1007.35,0,0,MANUAL,1,1,1,
2026-09-27 01:33:59,brain,3994000,30.31,77.27,1007.47,30.77,72.44,1007.38,0,0,MANUAL,1,1,1,
2026-09-27 01:34:00,brain,3995000,30.31,77.30,1007.53,30.78,72.28,1007.44,0,0,MANUAL,1,1,1,
2026-09-27 01:34:01,brain,3996000,30.32,77.21,1007.43,30.78,72.40,1007.42,0,0,MANUAL,1,1,1,
2026-09-27 01:34:02,brain,3997000,30.32,77.27,1007.49,30.78,72.33,1007.42,0,0,MANUAL,1,1,1,
2026-09-27 01:34:03,brain,3998000,30.31,77.02,1007.49,30.78,72.36,1007.42,0,0,MANUAL,1,1,1,
2026-09-27 01:34:04,brain,3999000,30.31,77.25,1007.45,30.78,72.62,1007.44,0,0,MANUAL,1,1,1,
2026-09-27 01:34:05,brain,4000000,30.32,77.44,1007.49,30.78,72.61,1007.44,0,0,MANUAL,1,1,1,
2026-09-27 01:34:06,brain,4001000,30.32,77.32,1007.51,30.77,72.41,1007.46,0,0,MANUAL,1,1,1,
2026-09-27 01:34:07,brain,4002000,30.32,77.46,1007.46,30.78,72.52,1007.39,0,0,MANUAL,1,1,1,
2026-09-27 01:34:08,brain,4003000,30.32,77.69,1007.52,30.78,72.60,1007.45,0,0,MANUAL,1,1,1,
2026-09-27 01:34:09,brain,4004000,30.32,77.74,1007.55,30.78,72.57,1007.42,0,0,MANUAL,1,1,1,
2026-09-27 01:34:10,brain,4005000,30.32,77.58,1007.49,30.79,72.33,1007.40,0,0,MANUAL,1,1,1,
2026-09-27 01:34:11,brain,4006000,30.32,77.92,1007.43,30.77,72.45,1007.41,0,0,MANUAL,1,1,1,
2026-09-27 01:34:12,brain,4007000,30.33,77.92,1007.47,30.77,72.51,1007.38,0,0,MANUAL,1,1,1,
2026-09-27 01:34:13,brain,4008000,30.32,78.00,1007.52,30.79,72.63,1007.44,0,0,MANUAL,1,1,1,
2026-09-27 01:34:14,brain,4009000,30.31,77.73,1007.45,30.79,72.41,1007.38,0,0,MANUAL,1,1,1,
2026-09-27 01:34:15,brain,4010000,30.32,77.49,1007.52,30.79,72.48,1007.43,0,0,MANUAL,1,1,1,
2026-09-27 01:34:16,brain,4011000,30.33,77.76,1007.50,30.79,72.64,1007.43,0,0,MANUAL,1,1,1,
2026-09-27 01:34:17,brain,4012000,30.33,77.98,1007.48,30.78,72.58,1007.39,0,0,MANUAL,1,1,1,
2026-09-27 01:34:18,brain,4013000,30.33,78.03,1007.51,30.78,72.59,1007.39,0,0,MANUAL,1,1,1,
2026-09-27 01:34:19,brain,4014000,30.33,78.18,1007.48,30.78,72.60,1007.44,0,0,MANUAL,1,1,1,
2026-09-27 01:34:20,brain,4015000,30.33,78.06,1007.41,30.79,72.55,1007.40,0,0,MANUAL,1,1,1,
2026-09-27 01:34:21,brain,4016000,30.33,78.26,1007.51,30.78,72.56,1007.36,0,0,MANUAL,1,1,1,
2026-09-27 01:34:22,brain,4017000,30.33,78.18,1007.45,30.79,72.66,1007.38,0,0,MANUAL,1,1,1,
2026-09-27 01:34:23,brain,4018000,30.33,77.72,1007.53,30.78,72.65,1007.40,0,0,MANUAL,1,1,1,
2026-09-27 01:34:24,brain,4019000,30.33,77.68,1007.53,30.79,72.64,1007.38,0,0,MANUAL,1,1,1,
2026-09-27 01:34:25,brain,4020000,30.33,77.77,1007.44,30.79,72.41,1007.35,0,0,MANUAL,1,1,1,
2026-09-27 01:34:26,brain,4021000,30.33,77.76,1007.48,30.78,72.64,1007.37,0,0,MANUAL,1,1,1,
2026-09-27 01:34:27,brain,4022000,30.33,77.94,1007.47,30.79,72.54,1007.38,0,0,MANUAL,1,1,1,
2026-09-27 01:34:28,brain,4023000,30.33,78.03,1007.51,30.78,72.14,1007.37,0,0,MANUAL,1,1,1,
2026-09-27 01:34:29,brain,4024000,30.33,78.23,1007.47,30.79,72.48,1007.41,0,0,MANUAL,1,1,1,
2026-09-27 01:34:30,brain,4025000,30.32,78.34,1007.43,30.79,72.52,1007.38,0,0,MANUAL,1,1,1,
2026-09-27 01:34:31,brain,4026000,30.32,78.18,1007.46,30.79,72.60,1007.38,0,0,MANUAL,1,1,1,
2026-09-27 01:34:32,brain,4027000,30.33,77.84,1007.44,30.79,72.62,1007.43,0,0,MANUAL,1,1,1,
2026-09-27 01:34:33,brain,4028000,30.32,77.92,1007.43,30.78,72.42,1007.40,0,0,MANUAL,1,1,1,
2026-09-27 01:34:34,brain,4029000,30.33,77.95,1007.48,30.79,72.56,1007.40,0,0,MANUAL,1,1,1,
2026-09-27 01:34:35,brain,4030000,30.32,78.13,1007.49,30.79,72.39,1007.40,0,0,MANUAL,1,1,1,
2026-09-27 01:34:36,brain,4031000,30.32,77.84,1007.46,30.78,72.23,1007.42,0,0,MANUAL,1,1,1,
2026-09-27 01:34:37,brain,4032000,30.32,77.73,1007.49,30.79,72.20,1007.38,0,0,MANUAL,1,1,1,
2026-09-27 01:34:38,brain,4033000,30.32,77.82,1007.49,30.79,72.56,1007.46,0,0,MANUAL,1,1,1,
2026-09-27 01:34:39,brain,4034000,30.33,78.18,1007.48,30.79,72.64,1007.38,0,0,MANUAL,1,1,1,
2026-09-27 01:34:40,brain,4035000,30.33,77.88,1007.47,30.79,72.71,1007.40,0,0,MANUAL,1,1,1,
2026-09-27 01:34:41,brain,4036000,30.33,78.01,1007.48,30.78,72.47,1007.40,0,0,MANUAL,1,1,1,
2026-09-27 01:34:42,brain,4037000,30.32,77.77,1007.46,30.79,72.64,1007.38,0,0,MANUAL,1,1,1,
2026-09-27 01:34:43,brain,4038000,30.32,77.55,1007.48,30.79,72.66,1007.38,0,0,MANUAL,1,1,1,
2026-09-27 01:34:44,brain,4039000,30.32,77.38,1007.55,30.79,72.42,1007.38,0,0,MANUAL,1,1,1,
2026-09-27 01:34:45,brain,4040000,30.33,77.58,1007.47,30.79,72.40,1007.38,0,0,MANUAL,1,1,1,
2026-09-27 01:34:46,brain,4041000,30.33,77.76,1007.44,30.78,72.59,1007.37,0,0,MANUAL,1,1,1,
2026-09-27 01:34:47,brain,4042000,30.33,78.03,1007.47,30.78,72.59,1007.34,0,0,MANUAL,1,1,1,
2026-09-27 01:34:48,brain,4043000,30.32,77.93,1007.52,30.79,72.38,1007.38,0,0,MANUAL,1,1,1,
2026-09-27 01:34:49,brain,4044000,30.34,77.95,1007.49,30.80,72.59,1007.45,0,0,MANUAL,1,1,1,
2026-09-27 01:34:50,brain,4045000,30.32,77.47,1007.45,30.78,72.59,1007.37,0,0,MANUAL,1,1,1,
2026-09-27 01:34:51,brain,4046000,30.32,77.80,1007.52,30.78,72.59,1007.39,0,0,MANUAL,1,1,1,
2026-09-27 01:34:52,brain,4047000,30.33,78.37,1007.53,30.78,72.57,1007.42,0,0,MANUAL,1,1,1,
2026-09-27 01:34:53,brain,4048000,30.33,78.33,1007.51,30.79,72.59,1007.40,0,0,MANUAL,1,1,1,
2026-09-27 01:34:54,brain,4049000,30.33,78.32,1007.48,30.79,72.62,1007.43,0,0,MANUAL,1,1,1,
2026-09-27 01:34:55,brain,4050000,30.33,78.13,1007.53,30.78,72.60,1007.39,0,0,MANUAL,1,1,1,
2026-09-27 01:34:56,brain,4051000,30.33,77.83,1007.50,30.78,72.17,1007.42,0,0,MANUAL,1,1,1,
2026-09-27 01:34:57,brain,4052000,30.33,77.89,1007.53,30.78,72.47,1007.45,0,0,MANUAL,1,1,1,
2026-09-27 01:34:58,brain,4053000,30.34,78.37,1007.49,30.78,72.60,1007.42,0,0,MANUAL,1,1,1,
2026-09-27 01:34:59,brain,4054000,30.34,78.33,1007.44,30.78,72.55,1007.42,0,0,MANUAL,1,1,1,
2026-09-27 01:35:00,brain,4055000,30.33,78.61,1007.48,30.77,72.63,1007.37,0,0,MANUAL,1,1,1,
2026-09-27 01:35:01,brain,4056000,30.33,77.90,1007.53,30.77,72.59,1007.46,0,0,MANUAL,1,1,1,
2026-09-27 01:35:02,brain,4057000,30.34,78.39,1007.49,30.77,72.45,1007.41,0,0,MANUAL,1,1,1,
2026-09-27 01:35:03,brain,4058000,30.34,78.62,1007.49,30.78,72.75,1007.36,0,0,MANUAL,1,1,1,
2026-09-27 01:35:04,brain,4059000,30.34,78.83,1007.49,30.77,72.66,1007.41,0,0,MANUAL,1,1,1,
2026-09-27 01:35:05,brain,4060000,30.34,78.24,1007.57,30.78,72.55,1007.42,0,0,MANUAL,1,1,1,
2026-09-27 01:35:06,brain,4061000,30.33,78.01,1007.45,30.78,72.60,1007.40,0,0,MANUAL,1,1,1,
2026-09-27 01:35:07,brain,4062000,30.34,78.19,1007.46,30.78,72.69,1007.36,0,0,MANUAL,1,1,1,
2026-09-27 01:35:08,brain,4063000,30.34,77.98,1007.49,30.77,72.68,1007.38,0,0,MANUAL,1,1,1,
2026-09-27 01:35:09,brain,4064000,30.34,77.73,1007.51,30.77,72.59,1007.41,0,0,MANUAL,1,1,1,
2026-09-27 01:35:10,brain,4065000,30.32,77.59,1007.48,30.77,72.58,1007.40,0,0,MANUAL,1,1,1,
2026-09-27 01:35:11,brain,4066000,30.34,77.58,1007.46,30.78,72.67,1007.44,0,0,MANUAL,1,1,1,
2026-09-27 01:35:12,brain,4067000,30.34,78.10,1007.43,30.77,72.59,1007.37,0,0,MANUAL,1,1,1,
2026-09-27 01:35:13,brain,4068000,30.33,78.37,1007.51,30.78,72.58,1007.39,0,0,MANUAL,1,1,1,
2026-09-27 01:35:14,brain,4069000,30.33,78.31,1007.51,30.77,72.60,1007.37,0,0,MANUAL,1,1,1,
2026-09-27 01:35:15,brain,4070000,30.33,78.46,1007.51,30.78,72.60,1007.39,0,0,MANUAL,1,1,1,
2026-09-27 01:35:16,brain,4071000,30.34,78.67,1007.49,30.78,72.64,1007.40,0,0,MANUAL,1,1,1,
2026-09-27 01:35:17,brain,4072000,30.35,78.31,1007.45,30.77,72.63,1007.35,0,0,MANUAL,1,1,1,
2026-09-27 01:35:18,brain,4073000,30.34,78.39,1007.49,30.78,72.65,1007.42,0,0,MANUAL,1,1,1,
2026-09-27 01:35:19,brain,4074000,30.33,78.08,1007.39,30.78,72.36,1007.40,0,0,MANUAL,1,1,1,
2026-09-27 01:35:20,brain,4075000,30.34,78.31,1007.49,30.78,72.51,1007.42,0,0,MANUAL,1,1,1,
2026-09-27 01:35:21,brain,4076000,30.35,78.16,1007.56,30.77,72.26,1007.41,0,0,MANUAL,1,1,1,
2026-09-27 01:35:22,brain,4077000,30.34,78.42,1007.44,30.77,72.53,1007.37,0,0,MANUAL,1,1,1,
2026-09-27 01:35:23,brain,4078000,30.34,78.38,1007.47,30.78,72.68,1007.44,0,0,MANUAL,1,1,1,
2026-09-27 01:35:24,brain,4079000,30.34,78.25,1007.46,30.78,72.61,1007.42,0,0,MANUAL,1,1,1,
2026-09-27 01:35:25,brain,4080000,30.34,78.50,1007.49,30.78,72.58,1007.40,0,0,MANUAL,1,1,1,
2026-09-27 01:35:26,brain,4081000,30.35,78.46,1007.53,30.78,72.61,1007.42,0,0,MANUAL,1,1,1,
2026-09-27 01:35:27,brain,4082000,30.34,78.10,1007.54,30.77,72.56,1007.37,0,0,MANUAL,1,1,1,
2026-09-27 01:35:28,brain,4083000,30.34,78.64,1007.49,30.78,72.68,1007.42,0,0,MANUAL,1,1,1,
2026-09-27 01:35:29,brain,4084000,30.35,78.74,1007.48,30.78,72.59,1007.42,0,0,MANUAL,1,1,1,
2026-09-27 01:35:30,brain,4085000,30.34,78.80,1007.51,30.78,72.60,1007.42,0,0,MANUAL,1,1,1,
2026-09-27 01:35:31,brain,4086000,30.34,79.08,1007.44,30.77,72.69,1007.43,0,0,MANUAL,1,1,1,
2026-09-27 01:35:32,brain,4087000,30.35,78.97,1007.54,30.78,72.28,1007.44,0,0,MANUAL,1,1,1,
2026-09-27 01:35:33,brain,4088000,30.35,79.05,1007.54,30.78,72.40,1007.33,0,0,MANUAL,1,1,1,
2026-09-27 01:35:34,brain,4089000,30.35,78.77,1007.53,30.77,72.65,1007.38,0,0,MANUAL,1,1,1,
2026-09-27 01:35:35,brain,4090000,30.35,78.54,1007.47,30.78,72.65,1007.42,0,0,MANUAL,1,1,1,
2026-09-27 01:35:36,brain,4091000,30.34,77.92,1007.47,30.78,72.71,1007.33,0,0,MANUAL,1,1,1,
2026-09-27 01:35:37,brain,4092000,30.35,78.03,1007.50,30.77,72.38,1007.43,0,0,MANUAL,1,1,1,
2026-09-27 01:35:38,brain,4093000,30.34,78.58,1007.44,30.79,72.42,1007.43,0,0,MANUAL,1,1,1,
2026-09-27 01:35:39,brain,4094000,30.35,78.62,1007.56,30.77,72.66,1007.38,0,0,MANUAL,1,1,1,
2026-09-27 01:35:40,brain,4095000,30.35,78.35,1007.51,30.78,72.63,1007.37,0,0,MANUAL,1,1,1,
2026-09-27 01:35:41,brain,4096000,30.35,78.62,1007.51,30.78,72.56,1007.36,0,0,MANUAL,1,1,1,
2026-09-27 01:35:42,brain,4097000,30.35,78.76,1007.51,30.78,72.56,1007.42,0,0,MANUAL,1,1,1,
2026-09-27 01:35:43,brain,4098000,30.35,78.14,1007.53,30.78,72.68,1007.39,0,0,MANUAL,1,1,1,
2026-09-27 01:35:44,brain,4099000,30.35,78.48,1007.45,30.78,72.54,1007.42,0,0,MANUAL,1,1,1,
2026-09-27 01:35:45,brain,4100000,30.35,78.60,1007.54,30.77,72.48,1007.38,0,0,MANUAL,1,1,1,
2026-09-27 01:35:46,brain,4101000,30.35,78.60,1007.45,30.78,72.34,1007.51,0,0,MANUAL,1,1,1,
2026-09-27 01:35:47,brain,4102000,30.36,78.52,1007.55,30.78,72.39,1007.44,0,0,MANUAL,1,1,1,
2026-09-27 01:35:48,brain,4103000,30.34,78.59,1007.54,30.79,72.27,1007.43,0,0,MANUAL,1,1,1,
2026-09-27 01:35:49,brain,4104000,30.35,78.60,1007.47,30.78,72.38,1007.42,0,0,MANUAL,1,1,1,
2026-09-27 01:35:50,brain,4105000,30.35,78.55,1007.51,30.77,72.48,1007.38,0,0,MANUAL,1,1,1,
2026-09-27 01:35:51,brain,4106000,30.35,78.22,1007.51,30.77,72.39,1007.35,0,0,MANUAL,1,1,1,
2026-09-27 01:35:52,brain,4107000,30.35,78.60,1007.45,30.77,72.66,1007.43,0,0,MANUAL,1,1,1,
2026-09-27 01:35:53,brain,4108000,30.35,78.63,1007.45,30.77,72.65,1007.40,0,0,MANUAL,1,1,1,
2026-09-27 01:35:54,brain,4109000,30.36,79.05,1007.50,30.77,72.69,1007.37,0,0,MANUAL,1,1,1,
2026-09-27 01:35:55,brain,4110000,30.35,78.74,1007.51,30.76,72.50,1007.38,0,0,MANUAL,1,1,1,
2026-09-27 01:35:56,brain,4111000,30.34,78.00,1007.46,30.77,72.60,1007.40,0,0,MANUAL,1,1,1,
2026-09-27 01:35:57,brain,4112000,30.34,78.12,1007.47,30.77,72.68,1007.34,0,0,MANUAL,1,1,1,
2026-09-27 01:35:58,brain,4113000,30.35,78.13,1007.51,30.77,72.30,1007.40,0,0,MANUAL,1,1,1,
2026-09-27 01:35:59,brain,4114000,30.35,77.99,1007.47,30.77,72.69,1007.40,0,0,MANUAL,1,1,1,
2026-09-27 01:36:00,brain,4115000,30.35,78.30,1007.50,30.77,72.65,1007.46,0,0,MANUAL,1,1,1,
2026-09-27 01:36:01,brain,4116000,30.35,78.59,1007.48,30.76,72.61,1007.36,0,0,MANUAL,1,1,1,
2026-09-27 01:36:02,brain,4117000,30.35,78.63,1007.51,30.76,72.72,1007.34,0,0,MANUAL,1,1,1,
2026-09-27 01:36:03,brain,4118000,30.34,78.91,1007.47,30.77,72.63,1007.37,0,0,MANUAL,1,1,1,
2026-09-27 01:36:04,brain,4119000,30.35,78.83,1007.51,30.76,72.61,1007.36,0,0,MANUAL,1,1,1,
2026-09-27 01:36:05,brain,4120000,30.35,78.70,1007.51,30.76,72.61,1007.38,0,0,MANUAL,1,1,1,
2026-09-27 01:36:06,brain,4121000,30.36,79.00,1007.46,30.77,72.60,1007.37,0,0,MANUAL,1,1,1,
2026-09-27 01:36:07,brain,4122000,30.36,79.29,1007.50,30.77,72.67,1007.43,0,0,MANUAL,1,1,1,
2026-09-27 01:36:08,brain,4123000,30.37,78.99,1007.51,30.78,72.68,1007.39,0,0,MANUAL,1,1,1,
2026-09-27 01:36:09,brain,4124000,30.36,78.98,1007.52,30.78,72.64,1007.39,0,0,MANUAL,1,1,1,
2026-09-27 01:36:10,brain,4125000,30.35,78.75,1007.51,30.77,72.65,1007.45,0,0,MANUAL,1,1,1,
2026-09-27 01:36:11,brain,4126000,30.36,78.57,1007.52,30.77,72.48,1007.35,0,0,MANUAL,1,1,1,
2026-09-27 01:36:12,brain,4127000,30.36,78.91,1007.49,30.78,72.61,1007.42,0,0,MANUAL,1,1,1,
2026-09-27 01:36:13,brain,4128000,30.35,78.70,1007.45,30.77,72.49,1007.43,0,0,MANUAL,1,1,1,
2026-09-27 01:36:14,brain,4129000,30.35,79.01,1007.48,30.77,72.66,1007.38,0,0,MANUAL,1,1,1,
2026-09-27 01:36:15,brain,4130000,30.35,78.44,1007.45,30.78,72.64,1007.39,0,0,MANUAL,1,1,1,
2026-09-27 01:36:16,brain,4131000,30.36,78.71,1007.41,30.78,72.53,1007.39,0,0,MANUAL,1,1,1,
2026-09-27 01:36:17,brain,4132000,30.35,79.11,1007.51,30.78,72.64,1007.44,0,0,MANUAL,1,1,1,
2026-09-27 01:36:18,brain,4133000,30.35,78.56,1007.43,30.79,72.78,1007.43,0,0,MANUAL,1,1,1,
2026-09-27 01:36:19,brain,4134000,30.36,78.93,1007.46,30.78,72.64,1007.47,0,0,MANUAL,1,1,1,
2026-09-27 01:36:20,brain,4135000,30.35,78.74,1007.48,30.78,72.69,1007.36,0,0,MANUAL,1,1,1,
2026-09-27 01:36:21,brain,4136000,30.36,79.22,1007.46,30.78,72.52,1007.40,0,0,MANUAL,1,1,1,
2026-09-27 01:36:22,brain,4137000,30.36,79.13,1007.53,30.78,72.68,1007.40,0,0,MANUAL,1,1,1,
2026-09-27 01:36:23,brain,4138000,30.36,78.88,1007.44,30.79,72.65,1007.49,0,0,MANUAL,1,1,1,
2026-09-27 01:36:24,brain,4139000,30.36,78.51,1007.52,30.78,72.57,1007.42,0,0,MANUAL,1,1,1,
2026-09-27 01:36:25,brain,4140000,30.35,78.65,1007.51,30.79,72.68,1007.43,0,0,MANUAL,1,1,1,
2026-09-27 01:36:26,brain,4141000,30.36,78.64,1007.46,30.78,72.60,1007.33,0,0,MANUAL,1,1,1,
2026-09-27 01:36:27,brain,4142000,30.36,78.94,1007.41,30.79,72.73,1007.46,0,0,MANUAL,1,1,1,
2026-09-27 01:36:28,brain,4143000,30.36,79.02,1007.49,30.78,72.67,1007.36,0,0,MANUAL,1,1,1,
2026-09-27 01:36:29,brain,4144000,30.36,79.47,1007.50,30.79,72.67,1007.46,0,0,MANUAL,1,1,1,
2026-09-27 01:36:30,brain,4145000,30.36,78.97,1007.52,30.78,72.66,1007.42,0,0,MANUAL,1,1,1,
2026-09-27 01:36:31,brain,4146000,30.36,78.99,1007.44,30.78,72.19,1007.37,0,0,MANUAL,1,1,1,
2026-09-27 01:36:32,brain,4147000,30.36,79.24,1007.44,30.78,72.46,1007.42,0,0,MANUAL,1,1,1,
2026-09-27 01:36:33,brain,4148000,30.37,79.09,1007.51,30.78,72.49,1007.37,0,0,MANUAL,1,1,1,
2026-09-27 01:36:34,brain,4149000,30.34,78.33,1007.44,30.78,72.42,1007.48,0,0,MANUAL,1,1,1,
2026-09-27 01:36:35,brain,4150000,30.35,78.66,1007.51,30.78,72.44,1007.44,0,0,MANUAL,1,1,1,
2026-09-27 01:36:36,brain,4151000,30.36,78.64,1007.55,30.78,72.38,1007.42,0,0,MANUAL,1,1,1,
2026-09-27 01:36:37,brain,4152000,30.36,78.97,1007.53,30.78,72.43,1007.37,0,0,MANUAL,1,1,1,
2026-09-27 01:36:38,brain,4153000,30.36,79.06,1007.44,30.78,72.66,1007.39,0,0,MANUAL,1,1,1,
2026-09-27 01:36:39,brain,4154000,30.36,79.51,1007.44,30.78,72.68,1007.33,0,0,MANUAL,1,1,1,
2026-09-27 01:36:40,brain,4155000,30.36,78.66,1007.55,30.78,72.35,1007.42,0,0,MANUAL,1,1,1,
2026-09-27 01:36:41,brain,4156000,30.35,78.28,1007.45,30.78,72.64,1007.36,0,0,MANUAL,1,1,1,
2026-09-27 01:36:42,brain,4157000,30.35,77.72,1007.51,30.77,72.70,1007.43,0,0,MANUAL,1,1,1,
2026-09-27 01:36:43,brain,4158000,30.35,77.64,1007.45,30.77,72.34,1007.41,0,0,MANUAL,1,1,1,
2026-09-27 01:36:44,brain,4159000,30.36,78.39,1007.46,30.78,72.62,1007.39,0,0,MANUAL,1,1,1,
2026-09-27 01:36:45,brain,4160000,30.36,78.73,1007.53,30.78,72.17,1007.44,0,0,MANUAL,1,1,1,
2026-09-27 01:36:46,brain,4161000,30.36,79.27,1007.47,30.78,72.55,1007.36,0,0,MANUAL,1,1,1,
2026-09-27 01:36:47,brain,4162000,30.36,79.41,1007.44,30.77,72.53,1007.38,0,0,MANUAL,1,1,1,
2026-09-27 01:36:48,brain,4163000,30.36,79.30,1007.53,30.78,72.67,1007.36,0,0,MANUAL,1,1,1,
2026-09-27 01:36:49,brain,4164000,30.37,78.90,1007.48,30.78,72.46,1007.33,0,0,MANUAL,1,1,1,
2026-09-27 01:36:50,brain,4165000,30.36,79.07,1007.46,30.78,72.36,1007.34,0,0,MANUAL,1,1,1,
2026-09-27 01:36:51,brain,4166000,30.37,78.88,1007.51,30.79,72.27,1007.38,0,0,MANUAL,1,1,1,
2026-09-27 01:36:52,brain,4167000,30.36,78.91,1007.46,30.79,72.25,1007.46,0,0,MANUAL,1,1,1,
2026-09-27 01:36:53,brain,4168000,30.36,78.42,1007.49,30.78,72.34,1007.47,0,0,MANUAL,1,1,1,
2026-09-27 01:36:54,brain,4169000,30.35,78.36,1007.45,30.79,72.48,1007.38,0,0,MANUAL,1,1,1,
2026-09-27 01:36:55,brain,4170000,30.35,78.75,1007.51,30.79,72.46,1007.35,0,0,MANUAL,1,1,1,
2026-09-27 01:36:56,brain,4171000,30.36,78.56,1007.53,30.79,72.14,1007.43,0,0,MANUAL,1,1,1,
2026-09-27 01:36:57,brain,4172000,30.36,78.74,1007.49,30.80,72.41,1007.42,0,0,MANUAL,1,1,1,
2026-09-27 01:36:58,brain,4173000,30.36,79.02,1007.53,30.80,72.49,1007.40,0,0,MANUAL,1,1,1,
2026-09-27 01:36:59,brain,4174000,30.36,78.84,1007.49,30.79,72.65,1007.44,0,0,MANUAL,1,1,1,
2026-09-27 01:37:00,brain,4175000,30.35,78.81,1007.51,30.79,72.11,1007.38,0,0,MANUAL,1,1,1,
2026-09-27 01:37:01,brain,4176000,30.36,78.95,1007.53,30.79,72.28,1007.38,0,0,MANUAL,1,1,1,
2026-09-27 01:37:02,brain,4177000,30.36,79.16,1007.47,30.80,72.12,1007.45,0,0,MANUAL,1,1,1,
2026-09-27 01:37:03,brain,4178000,30.36,79.21,1007.43,30.79,72.18,1007.40,0,0,MANUAL,1,1,1,
2026-09-27 01:37:04,brain,4179000,30.36,79.07,1007.47,30.80,72.62,1007.45,0,0,MANUAL,1,1,1,
2026-09-27 01:37:05,brain,4180000,30.36,79.12,1007.46,30.79,72.36,1007.33,0,0,MANUAL,1,1,1,
2026-09-27 01:37:06,brain,4181000,30.36,79.17,1007.43,30.80,72.31,1007.42,0,0,MANUAL,1,1,1,
2026-09-27 01:37:07,brain,4182000,30.36,79.42,1007.46,30.80,72.27,1007.42,0,0,MANUAL,1,1,1,
2026-09-27 01:37:08,brain,4183000,30.36,78.86,1007.50,30.80,72.10,1007.42,0,0,MANUAL,1,1,1,
2026-09-27 01:37:09,brain,4184000,30.36,78.80,1007.47,30.80,72.24,1007.42,0,0,MANUAL,1,1,1,
2026-09-27 01:37:10,brain,4185000,30.36,79.12,1007.49,30.80,72.26,1007.36,0,0,MANUAL,1,1,1,
2026-09-27 01:37:11,brain,4186000,30.37,79.33,1007.45,30.80,72.27,1007.34,0,0,MANUAL,1,1,1,
2026-09-27 01:37:12,brain,4187000,30.36,79.32,1007.52,30.79,72.18,1007.33,0,0,MANUAL,1,1,1,
2026-09-27 01:37:13,brain,4188000,30.37,79.28,1007.51,30.80,72.37,1007.39,0,0,MANUAL,1,1,1,
2026-09-27 01:37:14,brain,4189000,30.36,79.13,1007.50,30.80,72.51,1007.39,0,0,MANUAL,1,1,1,
2026-09-27 01:37:15,brain,4190000,30.36,78.71,1007.50,30.81,72.13,1007.44,0,0,MANUAL,1,1,1,
2026-09-27 01:37:16,brain,4191000,30.36,78.89,1007.50,30.81,72.62,1007.42,0,0,MANUAL,1,1,1,
2026-09-27 01:37:17,brain,4192000,30.36,78.68,1007.57,30.79,72.55,1007.38,0,0,MANUAL,1,1,1,
2026-09-27 01:37:18,brain,4193000,30.35,78.58,1007.47,30.80,72.48,1007.39,0,0,MANUAL,1,1,1,
2026-09-27 01:37:19,brain,4194000,30.36,78.74,1007.46,30.80,72.59,1007.39,0,0,MANUAL,1,1,1,
2026-09-27 01:37:20,brain,4195000,30.36,79.08,1007.50,30.79,72.46,1007.36,0,0,MANUAL,1,1,1,
2026-09-27 01:37:21,brain,4196000,30.37,79.28,1007.49,30.81,72.20,1007.41,0,0,MANUAL,1,1,1,
2026-09-27 01:37:22,brain,4197000,30.36,79.44,1007.44,30.81,72.38,1007.41,0,0,MANUAL,1,1,1,
2026-09-27 01:37:23,brain,4198000,30.36,79.52,1007.53,30.81,72.29,1007.38,0,0,MANUAL,1,1,1,
2026-09-27 01:37:24,brain,4199000,30.37,79.58,1007.51,30.81,72.42,1007.36,0,0,MANUAL,1,1,1,
2026-09-27 01:37:25,brain,4200000,30.36,79.42,1007.47,30.81,72.18,1007.41,0,0,MANUAL,1,1,1,
2026-09-27 01:37:26,brain,4201000,30.36,79.34,1007.49,30.81,72.28,1007.44,0,0,MANUAL,1,1,1,
2026-09-27 01:37:27,brain,4202000,30.37,79.33,1007.53,30.81,72.22,1007.38,0,0,MANUAL,1,1,1,
2026-09-27 01:37:28,brain,4203000,30.36,79.09,1007.47,30.81,72.13,1007.41,0,0,MANUAL,1,1,1,
2026-09-27 01:37:29,brain,4204000,30.36,79.22,1007.47,30.80,72.27,1007.39,0,0,MANUAL,1,1,1,
2026-09-27 01:37:30,brain,4205000,30.36,79.09,1007.53,30.80,72.40,1007.36,0,0,MANUAL,1,1,1,
2026-09-27 01:37:31,brain,4206000,30.37,79.21,1007.45,30.81,72.38,1007.41,0,0,MANUAL,1,1,1,
2026-09-27 01:37:32,brain,4207000,30.37,79.44,1007.51,30.80,72.53,1007.36,0,0,MANUAL,1,1,1,
2026-09-27 01:37:33,brain,4208000,30.36,79.45,1007.47,30.80,72.50,1007.42,0,0,MANUAL,1,1,1,
2026-09-27 01:37:34,brain,4209000,30.37,79.46,1007.48,30.81,72.54,1007.41,0,0,MANUAL,1,1,1,
2026-09-27 01:37:35,brain,4210000,30.36,79.40,1007.50,30.80,72.16,1007.37,0,0,MANUAL,1,1,1,
2026-09-27 01:37:36,brain,4211000,30.36,79.66,1007.46,30.80,72.50,1007.39,0,0,MANUAL,1,1,1,
2026-09-27 01:37:37,brain,4212000,30.36,78.99,1007.50,30.80,72.59,1007.36,0,0,MANUAL,1,1,1,
2026-09-27 01:37:38,brain,4213000,30.36,78.90,1007.50,30.80,72.40,1007.34,0,0,MANUAL,1,1,1,
2026-09-27 01:37:39,brain,4214000,30.35,78.60,1007.48,30.79,72.13,1007.36,0,0,MANUAL,1,1,1,
2026-09-27 01:37:40,brain,4215000,30.36,79.13,1007.50,30.80,72.42,1007.36,0,0,MANUAL,1,1,1,
2026-09-27 01:37:41,brain,4216000,30.37,79.43,1007.45,30.80,72.11,1007.36,0,0,MANUAL,1,1,1,
2026-09-27 01:37:42,brain,4217000,30.35,78.88,1007.45,30.80,72.21,1007.42,0,0,MANUAL,1,1,1,
2026-09-27 01:37:43,brain,4218000,30.36,79.20,1007.47,30.80,72.37,1007.42,0,0,MANUAL,1,1,1,
2026-09-27 01:37:44,brain,4219000,30.36,78.95,1007.53,30.80,72.35,1007.39,0,0,MANUAL,1,1,1,
2026-09-27 01:37:45,brain,4220000,30.36,79.19,1007.43,30.80,72.29,1007.42,0,0,MANUAL,1,1,1,
2026-09-27 01:37:46,brain,4221000,30.36,78.95,1007.50,30.80,72.14,1007.36,0,0,MANUAL,1,1,1,
2026-09-27 01:37:47,brain,4222000,30.36,79.10,1007.43,30.81,72.35,1007.35,0,0,MANUAL,1,1,1,
2026-09-27 01:37:48,brain,4223000,30.36,79.00,1007.47,30.80,72.14,1007.48,0,0,MANUAL,1,1,1,
2026-09-27 01:37:49,brain,4224000,30.36,79.09,1007.50,30.79,72.32,1007.41,0,0,MANUAL,1,1,1,
2026-09-27 01:37:50,brain,4225000,30.36,78.94,1007.53,30.80,72.37,1007.40,0,0,MANUAL,1,1,1,
2026-09-27 01:37:51,brain,4226000,30.36,79.22,1007.49,30.80,72.19,1007.39,0,0,MANUAL,1,1,1,
2026-09-27 01:37:52,brain,4227000,30.36,78.98,1007.50,30.80,72.17,1007.42,0,0,MANUAL,1,1,1,
2026-09-27 01:37:53,brain,4228000,30.36,79.20,1007.47,30.80,72.13,1007.40,0,0,MANUAL,1,1,1,
2026-09-27 01:37:54,brain,4229000,30.35,78.96,1007.45,30.80,72.17,1007.37,0,0,MANUAL,1,1,1,
2026-09-27 01:37:55,brain,4230000,30.35,78.30,1007.45,30.80,72.19,1007.39,0,0,MANUAL,1,1,1,
2026-09-27 01:37:56,brain,4231000,30.36,78.67,1007.49,30.81,72.12,1007.42,0,0,MANUAL,1,1,1,
2026-09-27 01:37:57,brain,4232000,30.35,78.98,1007.45,30.81,72.07,1007.39,0,0,MANUAL,1,1,1,
2026-09-27 01:37:58,brain,4233000,30.35,79.06,1007.45,30.80,72.18,1007.37,0,0,MANUAL,1,1,1,
2026-09-27 01:37:59,brain,4234000,30.36,78.96,1007.52,30.79,72.24,1007.38,0,0,MANUAL,1,1,1,
2026-09-27 01:38:00,brain,4235000,30.35,78.92,1007.51,30.81,72.53,1007.35,0,0,MANUAL,1,1,1,
2026-09-27 01:38:01,brain,4236000,30.35,79.02,1007.50,30.81,72.62,1007.41,0,0,MANUAL,1,1,1,
2026-09-27 01:38:02,brain,4237000,30.36,79.13,1007.52,30.80,72.54,1007.45,0,0,MANUAL,1,1,1,
2026-09-27 01:38:03,brain,4238000,30.36,78.84,1007.46,30.80,72.56,1007.40,0,0,MANUAL,1,1,1,
2026-09-27 01:38:04,brain,4239000,30.35,78.88,1007.54,30.80,72.14,1007.37,0,0,MANUAL,1,1,1,
2026-09-27 01:38:05,brain,4240000,30.35,78.80,1007.50,30.80,72.27,1007.39,0,0,MANUAL,1,1,1,
2026-09-27 01:38:06,brain,4241000,30.35,78.75,1007.51,30.81,72.52,1007.46,0,0,MANUAL,1,1,1,
2026-09-27 01:38:07,brain,4242000,30.36,78.17,1007.49,30.81,72.14,1007.41,0,0,MANUAL,1,1,1,
2026-09-27 01:38:08,brain,4243000,30.35,78.08,1007.47,30.79,72.59,1007.38,0,0,MANUAL,1,1,1,
2026-09-27 01:38:09,brain,4244000,30.35,78.26,1007.45,30.79,72.45,1007.32,0,0,MANUAL,1,1,1,
2026-09-27 01:38:10,brain,4245000,30.35,78.44,1007.50,30.79,72.54,1007.43,0,0,MANUAL,1,1,1,
2026-09-27 01:38:11,brain,4246000,30.35,78.04,1007.47,30.80,72.05,1007.43,0,0,MANUAL,1,1,1,
2026-09-27 01:38:12,brain,4247000,30.35,78.31,1007.47,30.80,72.37,1007.34,0,0,MANUAL,1,1,1,
2026-09-27 01:38:13,brain,4248000,30.36,78.63,1007.43,30.80,72.28,1007.39,0,0,MANUAL,1,1,1,
2026-09-27 01:38:14,brain,4249000,30.36,79.07,1007.52,30.79,72.46,1007.36,0,0,MANUAL,1,1,1,
2026-09-27 01:38:15,brain,4250000,30.38,79.32,1007.52,30.79,72.58,1007.44,0,0,MANUAL,1,1,1,
2026-09-27 01:38:16,brain,4251000,30.35,79.09,1007.48,30.80,72.49,1007.40,0,0,MANUAL,1,1,1,
2026-09-27 01:38:17,brain,4252000,30.37,79.33,1007.48,30.80,72.65,1007.42,0,0,MANUAL,1,1,1,
2026-09-27 01:38:18,brain,4253000,30.36,79.15,1007.49,30.80,72.47,1007.39,0,0,MANUAL,1,1,1,
2026-09-27 01:38:19,brain,4254000,30.35,78.51,1007.48,30.80,72.50,1007.34,0,0,MANUAL,1,1,1,
2026-09-27 01:38:20,brain,4255000,30.36,78.27,1007.43,30.79,72.17,1007.38,0,0,MANUAL,1,1,1,
2026-09-27 01:38:21,brain,4256000,30.36,78.60,1007.47,30.80,72.53,1007.39,0,0,MANUAL,1,1,1,
2026-09-27 01:38:22,brain,4257000,30.36,78.42,1007.41,30.79,72.59,1007.36,0,0,MANUAL,1,1,1,
2026-09-27 01:38:23,brain,4258000,30.35,78.48,1007.45,30.80,72.57,1007.43,0,0,MANUAL,1,1,1,
2026-09-27 01:38:24,brain,4259000,30.36,78.74,1007.49,30.80,72.57,1007.40,0,0,MANUAL,1,1,1,
2026-09-27 01:38:25,brain,4260000,30.36,78.96,1007.47,30.80,72.19,1007.42,0,0,MANUAL,1,1,1,
2026-09-27 01:38:26,brain,4261000,30.36,79.29,1007.50,30.79,72.50,1007.41,0,0,MANUAL,1,1,1,
2026-09-27 01:38:27,brain,4262000,30.35,78.79,1007.48,30.81,72.50,1007.35,0,0,MANUAL,1,1,1,
2026-09-27 01:38:28,brain,4263000,30.36,78.88,1007.41,30.81,72.25,1007.41,0,0,MANUAL,1,1,1,
2026-09-27 01:38:29,brain,4264000,30.36,79.28,1007.50,30.80,72.33,1007.40,0,0,MANUAL,1,1,1,
2026-09-27 01:38:30,brain,4265000,30.37,79.57,1007.45,30.81,72.37,1007.42,0,0,MANUAL,1,1,1,
2026-09-27 01:38:31,brain,4266000,30.38,79.48,1007.53,30.81,72.28,1007.41,0,0,MANUAL,1,1,1,
2026-09-27 01:38:32,brain,4267000,30.36,79.62,1007.38,30.82,72.09,1007.42,0,0,MANUAL,1,1,1,
2026-09-27 01:38:33,brain,4268000,30.37,79.73,1007.49,30.81,72.11,1007.39,0,0,MANUAL,1,1,1,
2026-09-27 01:38:34,brain,4269000,30.37,79.44,1007.49,30.82,72.01,1007.45,0,0,MANUAL,1,1,1,
2026-09-27 01:38:35,brain,4270000,30.37,79.53,1007.48,30.83,72.33,1007.42,0,0,MANUAL,1,1,1,
2026-09-27 01:38:36,brain,4271000,30.37,79.73,1007.51,30.84,72.43,1007.37,0,0,MANUAL,1,1,1,
2026-09-27 01:38:37,brain,4272000,30.38,79.73,1007.47,30.83,72.33,1007.44,0,0,MANUAL,1,1,1,
2026-09-27 01:38:38,brain,4273000,30.37,79.97,1007.42,30.84,72.45,1007.34,0,0,MANUAL,1,1,1,
2026-09-27 01:38:39,brain,4274000,30.38,80.11,1007.44,30.84,72.27,1007.40,0,0,MANUAL,1,1,1,
2026-09-27 01:38:40,brain,4275000,30.36,79.12,1007.47,30.83,72.08,1007.45,0,0,MANUAL,1,1,1,
2026-09-27 01:38:41,brain,4276000,30.36,79.04,1007.47,30.84,72.45,1007.40,0,0,MANUAL,1,1,1,
2026-09-27 01:38:42,brain,4277000,30.36,78.11,1007.52,30.83,72.26,1007.38,0,0,MANUAL,1,1,1,
2026-09-27 01:38:43,brain,4278000,30.36,77.97,1007.46,30.83,72.04,1007.42,0,0,MANUAL,1,1,1,
2026-09-27 01:38:44,brain,4279000,30.36,77.81,1007.49,30.83,72.18,1007.36,0,0,MANUAL,1,1,1,
2026-09-27 01:38:45,brain,4280000,30.36,78.17,1007.50,30.82,72.01,1007.37,0,0,MANUAL,1,1,1,
2026-09-27 01:38:46,brain,4281000,30.36,78.39,1007.50,30.83,72.06,1007.42,0,0,MANUAL,1,1,1,
2026-09-27 01:38:47,brain,4282000,30.36,78.76,1007.46,30.83,72.25,1007.41,0,0,MANUAL,1,1,1,
2026-09-27 01:38:48,brain,4283000,30.36,78.46,1007.46,30.82,72.51,1007.42,0,0,MANUAL,1,1,1,
2026-09-27 01:38:49,brain,4284000,30.37,78.73,1007.51,30.83,72.48,1007.41,0,0,MANUAL,1,1,1,
2026-09-27 01:38:50,brain,4285000,30.38,78.98,1007.49,30.84,72.31,1007.40,0,0,MANUAL,1,1,1,
2026-09-27 01:38:51,brain,4286000,30.38,79.09,1007.49,30.84,72.13,1007.40,0,0,MANUAL,1,1,1,
2026-09-27 01:38:52,brain,4287000,30.38,79.64,1007.49,30.84,72.29,1007.41,0,0,MANUAL,1,1,1,
2026-09-27 01:38:53,brain,4288000,30.37,79.46,1007.42,30.85,72.14,1007.44,0,0,MANUAL,1,1,1,
2026-09-27 01:38:54,brain,4289000,30.38,79.78,1007.47,30.86,72.50,1007.40,0,0,MANUAL,1,1,1,
2026-09-27 01:38:55,brain,4290000,30.37,79.68,1007.45,30.85,72.50,1007.42,0,0,MANUAL,1,1,1,
2026-09-27 01:38:56,brain,4291000,30.37,79.28,1007.45,30.87,72.40,1007.37,0,0,MANUAL,1,1,1,
2026-09-27 01:38:57,brain,4292000,30.36,79.56,1007.44,30.87,72.22,1007.45,0,0,MANUAL,1,1,1,
2026-09-27 01:38:58,brain,4293000,30.37,79.64,1007.49,30.87,72.15,1007.37,0,0,MANUAL,1,1,1,
2026-09-27 01:38:59,brain,4294000,30.38,79.52,1007.44,30.88,72.53,1007.47,0,0,MANUAL,1,1,1,
2026-09-27 01:39:00,brain,4295000,30.37,79.90,1007.42,30.88,72.12,1007.44,0,0,MANUAL,1,1,1,
2026-09-27 01:39:01,brain,4296000,30.38,79.79,1007.55,30.88,72.33,1007.35,0,0,MANUAL,1,1,1,
2026-09-27 01:39:02,brain,4297000,30.37,79.98,1007.46,30.88,71.99,1007.38,0,0,MANUAL,1,1,1,
2026-09-27 01:39:03,brain,4298000,30.38,80.31,1007.45,30.89,71.96,1007.37,0,0,MANUAL,1,1,1,
2026-09-27 01:39:04,brain,4299000,30.39,80.41,1007.51,30.89,72.06,1007.38,0,0,MANUAL,1,1,1,
2026-09-27 01:39:05,brain,4300000,30.38,80.38,1007.49,30.89,71.97,1007.35,0,0,MANUAL,1,1,1,
2026-09-27 01:39:06,brain,4301000,30.38,80.27,1007.47,30.89,72.37,1007.41,0,0,MANUAL,1,1,1,
2026-09-27 01:39:07,brain,4302000,30.39,79.98,1007.48,30.90,72.15,1007.33,0,0,MANUAL,1,1,1,
2026-09-27 01:39:08,brain,4303000,30.38,79.83,1007.45,30.91,71.94,1007.40,0,0,MANUAL,1,1,1,
2026-09-27 01:39:09,brain,4304000,30.38,79.84,1007.50,30.91,72.36,1007.40,0,0,MANUAL,1,1,1,
2026-09-27 01:39:10,brain,4305000,30.38,79.62,1007.45,30.90,71.89,1007.34,0,0,MANUAL,1,1,1,
2026-09-27 01:39:11,brain,4306000,30.38,79.84,1007.47,30.90,71.84,1007.36,0,0,MANUAL,1,1,1,
2026-09-27 01:39:12,brain,4307000,30.38,79.80,1007.52,30.91,72.12,1007.43,0,0,MANUAL,1,1,1,
2026-09-27 01:39:13,brain,4308000,30.38,79.46,1007.47,30.90,71.87,1007.41,0,0,MANUAL,1,1,1,
2026-09-27 01:39:14,brain,4309000,30.38,79.72,1007.45,30.91,71.79,1007.40,0,0,MANUAL,1,1,1,
2026-09-27 01:39:15,brain,4310000,30.38,79.78,1007.47,30.91,71.94,1007.35,0,0,MANUAL,1,1,1,
2026-09-27 01:39:16,brain,4311000,30.38,79.28,1007.47,30.90,71.86,1007.37,0,0,MANUAL,1,1,1,
2026-09-27 01:39:17,brain,4312000,30.36,78.87,1007.47,30.91,71.83,1007.40,0,0,MANUAL,1,1,1,
2026-09-27 01:39:18,brain,4313000,30.36,78.71,1007.47,30.91,72.12,1007.40,0,0,MANUAL,1,1,1,
2026-09-27 01:39:19,brain,4314000,30.37,78.60,1007.48,30.90,71.83,1007.44,0,0,MANUAL,1,1,1,
2026-09-27 01:39:20,brain,4315000,30.38,78.62,1007.49,30.90,71.83,1007.37,0,0,MANUAL,1,1,1,
2026-09-27 01:39:21,brain,4316000,30.37,78.51,1007.46,30.90,71.96,1007.39,0,0,MANUAL,1,1,1,
2026-09-27 01:39:22,brain,4317000,30.37,78.70,1007.45,30.90,71.83,1007.44,0,0,MANUAL,1,1,1,
2026-09-27 01:39:23,brain,4318000,30.37,78.75,1007.48,30.90,71.90,1007.37,0,0,MANUAL,1,1,1,
2026-09-27 01:39:24,brain,4319000,30.36,79.21,1007.47,30.90,71.90,1007.39,0,0,MANUAL,1,1,1,
2026-09-27 01:39:25,brain,4320000,30.37,79.20,1007.46,30.90,71.87,1007.34,0,0,MANUAL,1,1,1,
2026-09-27 01:39:26,brain,4321000,30.37,79.45,1007.54,30.90,71.91,1007.39,0,0,MANUAL,1,1,1,
2026-09-27 01:39:27,brain,4322000,30.38,79.35,1007.55,30.90,71.76,1007.36,0,0,MANUAL,1,1,1,
2026-09-27 01:39:28,brain,4323000,30.37,79.47,1007.45,30.90,71.92,1007.42,0,0,MANUAL,1,1,1,
2026-09-27 01:39:29,brain,4324000,30.38,79.48,1007.45,30.90,72.01,1007.36,0,0,MANUAL,1,1,1,
2026-09-27 01:39:30,brain,4325000,30.37,79.42,1007.45,30.91,71.82,1007.40,0,0,MANUAL,1,1,1,
2026-09-27 01:39:31,brain,4326000,30.37,79.33,1007.40,30.90,72.04,1007.39,0,0,MANUAL,1,1,1,
2026-09-27 01:39:32,brain,4327000,30.38,79.38,1007.45,30.90,71.83,1007.39,0,0,MANUAL,1,1,1,
2026-09-27 01:39:33,brain,4328000,30.39,79.32,1007.51,30.90,72.08,1007.34,0,0,MANUAL,1,1,1,
2026-09-27 01:39:34,brain,4329000,30.38,79.44,1007.45,30.91,71.83,1007.46,0,0,MANUAL,1,1,1,
2026-09-27 01:39:35,brain,4330000,30.39,79.77,1007.45,30.91,72.24,1007.43,0,0,MANUAL,1,1,1,
2026-09-27 01:39:36,brain,4331000,30.39,79.77,1007.52,30.92,72.02,1007.45,0,0,MANUAL,1,1,1,
2026-09-27 01:39:37,brain,4332000,30.39,79.95,1007.52,30.92,71.83,1007.36,0,0,MANUAL,1,1,1,
2026-09-27 01:39:38,brain,4333000,30.39,80.11,1007.46,30.92,71.94,1007.42,0,0,MANUAL,1,1,1,
2026-09-27 01:39:39,brain,4334000,30.39,80.23,1007.43,30.92,71.81,1007.39,0,0,MANUAL,1,1,1,
2026-09-27 01:39:40,brain,4335000,30.39,80.35,1007.43,30.92,71.88,1007.36,0,0,MANUAL,1,1,1,
2026-09-27 01:39:41,brain,4336000,30.39,80.21,1007.49,30.93,71.83,1007.38,0,0,MANUAL,1,1,1,
2026-09-27 01:39:42,brain,4337000,30.40,80.48,1007.53,30.93,71.83,1007.41,0,0,MANUAL,1,1,1,
2026-09-27 01:39:43,brain,4338000,30.39,80.24,1007.43,30.94,71.78,1007.37,0,0,MANUAL,1,1,1,
2026-09-27 01:39:44,brain,4339000,30.39,80.39,1007.51,30.93,71.76,1007.41,0,0,MANUAL,1,1,1,
2026-09-27 01:39:45,brain,4340000,30.40,80.25,1007.48,30.93,71.75,1007.44,0,0,MANUAL,1,1,1,
2026-09-27 01:39:46,brain,4341000,30.39,80.20,1007.41,30.93,71.82,1007.36,0,0,MANUAL,1,1,1,
2026-09-27 01:39:47,brain,4342000,30.40,80.10,1007.48,30.94,71.85,1007.39,0,0,MANUAL,1,1,1,
2026-09-27 01:39:48,brain,4343000,30.39,80.12,1007.52,30.94,71.89,1007.34,0,0,MANUAL,1,1,1,
2026-09-27 01:39:49,brain,4344000,30.40,80.12,1007.50,30.94,71.88,1007.37,0,0,MANUAL,1,1,1,
2026-09-27 01:39:50,brain,4345000,30.40,80.08,1007.42,30.95,71.85,1007.39,0,0,MANUAL,1,1,1,
2026-09-27 01:39:51,brain,4346000,30.39,80.05,1007.46,30.94,71.97,1007.37,0,0,MANUAL,1,1,1,
2026-09-27 01:39:52,brain,4347000,30.40,80.20,1007.48,30.95,71.67,1007.42,0,0,MANUAL,1,1,1,
2026-09-27 01:39:53,brain,4348000,30.39,79.96,1007.46,30.95,71.79,1007.39,0,0,MANUAL,1,1,1,
2026-09-27 01:39:54,brain,4349000,30.40,79.89,1007.53,30.95,71.82,1007.31,0,0,MANUAL,1,1,1,
2026-09-27 01:39:55,brain,4350000,30.40,79.91,1007.45,30.96,72.03,1007.40,0,0,MANUAL,1,1,1,
2026-09-27 01:39:56,brain,4351000,30.39,80.19,1007.41,30.96,71.75,1007.38,0,0,MANUAL,1,1,1,
2026-09-27 01:39:57,brain,4352000,30.40,80.26,1007.47,30.97,71.72,1007.39,0,0,MANUAL,1,1,1,
2026-09-27 01:39:58,brain,4353000,30.40,80.15,1007.39,30.96,72.00,1007.34,0,0,MANUAL,1,1,1,
2026-09-27 01:39:59,brain,4354000,30.40,80.30,1007.44,30.98,71.71,1007.38,0,0,MANUAL,1,1,1,
2026-09-27 01:40:00,brain,4355000,30.40,80.31,1007.39,30.97,71.70,1007.42,0,0,MANUAL,1,1,1,
2026-09-27 01:40:01,brain,4356000,30.40,80.52,1007.45,30.97,71.83,1007.34,0,0,MANUAL,1,1,1,
2026-09-27 01:40:02,brain,4357000,30.41,80.31,1007.49,30.98,71.77,1007.33,0,0,MANUAL,1,1,1,
2026-09-27 01:40:03,brain,4358000,30.41,80.48,1007.46,30.97,71.70,1007.37,0,0,MANUAL,1,1,1,
2026-09-27 01:40:04,brain,4359000,30.40,80.50,1007.48,30.98,71.68,1007.41,0,0,MANUAL,1,1,1,
2026-09-27 01:40:05,brain,4360000,30.40,80.22,1007.45,30.98,71.67,1007.38,0,0,MANUAL,1,1,1,
2026-09-27 01:40:06,brain,4361000,30.40,80.64,1007.44,30.99,71.77,1007.39,0,0,MANUAL,1,1,1,
2026-09-27 01:40:07,brain,4362000,30.40,80.69,1007.42,30.99,72.11,1007.42,0,0,MANUAL,1,1,1,
2026-09-27 01:40:08,brain,4363000,30.41,80.55,1007.49,30.99,72.05,1007.42,0,0,MANUAL,1,1,1,
2026-09-27 01:40:09,brain,4364000,30.40,80.49,1007.48,30.99,71.99,1007.39,0,0,MANUAL,1,1,1,
2026-09-27 01:40:10,brain,4365000,30.41,80.50,1007.51,31.00,72.10,1007.41,0,0,MANUAL,1,1,1,
2026-09-27 01:40:11,brain,4366000,30.41,80.32,1007.43,31.01,71.70,1007.39,0,0,MANUAL,1,1,1,
2026-09-27 01:40:12,brain,4367000,30.40,80.40,1007.50,30.99,71.89,1007.37,0,0,MANUAL,1,1,1,
2026-09-27 01:40:13,brain,4368000,30.40,80.04,1007.51,31.01,71.85,1007.42,0,0,MANUAL,1,1,1,
2026-09-27 01:40:14,brain,4369000,30.41,80.28,1007.46,31.01,71.59,1007.34,0,0,MANUAL,1,1,1,
2026-09-27 01:40:15,brain,4370000,30.41,80.42,1007.49,31.01,71.66,1007.39,0,0,MANUAL,1,1,1,
2026-09-27 01:40:16,brain,4371000,30.41,80.18,1007.55,31.02,71.91,1007.36,0,0,MANUAL,1,1,1,
2026-09-27 01:40:17,brain,4372000,30.41,80.21,1007.47,31.01,71.89,1007.36,0,0,MANUAL,1,1,1,
2026-09-27 01:40:18,brain,4373000,30.42,80.40,1007.47,31.01,71.99,1007.37,0,0,MANUAL,1,1,1,
2026-09-27 01:40:19,brain,4374000,30.41,80.59,1007.55,31.01,71.61,1007.34,0,0,MANUAL,1,1,1,
2026-09-27 01:40:20,brain,4375000,30.41,80.42,1007.43,31.02,71.75,1007.35,0,0,MANUAL,1,1,1,
2026-09-27 01:40:21,brain,4376000,30.42,80.61,1007.45,31.02,71.57,1007.41,0,0,MANUAL,1,1,1,
2026-09-27 01:40:22,brain,4377000,30.42,80.50,1007.47,31.02,71.55,1007.47,0,0,MANUAL,1,1,1,
2026-09-27 01:40:23,brain,4378000,30.40,80.00,1007.45,31.02,71.67,1007.36,0,0,MANUAL,1,1,1,
2026-09-27 01:40:24,brain,4379000,30.41,79.97,1007.47,31.03,71.60,1007.42,0,0,MANUAL,1,1,1,
2026-09-27 01:40:25,brain,4380000,30.41,80.05,1007.43,31.02,71.67,1007.38,0,0,MANUAL,1,1,1,
2026-09-27 01:40:26,brain,4381000,30.41,79.64,1007.41,31.03,71.51,1007.40,0,0,MANUAL,1,1,1,
2026-09-27 01:40:27,brain,4382000,30.41,79.76,1007.47,31.02,71.56,1007.33,0,0,MANUAL,1,1,1,
2026-09-27 01:40:28,brain,4383000,30.41,79.80,1007.49,31.02,71.61,1007.36,0,0,MANUAL,1,1,1,
2026-09-27 01:40:29,brain,4384000,30.41,80.22,1007.43,31.03,71.69,1007.42,0,0,MANUAL,1,1,1,
2026-09-27 01:40:30,brain,4385000,30.41,80.12,1007.49,31.03,71.54,1007.43,0,0,MANUAL,1,1,1,
2026-09-27 01:40:31,brain,4386000,30.41,80.48,1007.47,31.03,72.02,1007.37,0,0,MANUAL,1,1,1,
2026-09-27 01:40:32,brain,4387000,30.41,80.16,1007.46,31.03,71.79,1007.40,0,0,MANUAL,1,1,1,
2026-09-27 01:40:33,brain,4388000,30.41,80.25,1007.44,31.03,71.55,1007.36,0,0,MANUAL,1,1,1,
2026-09-27 01:40:34,brain,4389000,30.42,80.47,1007.45,31.04,71.58,1007.39,0,0,MANUAL,1,1,1,
2026-09-27 01:40:35,brain,4390000,30.42,80.27,1007.45,31.03,71.88,1007.37,0,0,MANUAL,1,1,1,
2026-09-27 01:40:36,brain,4391000,30.41,80.35,1007.47,31.04,71.75,1007.42,0,0,MANUAL,1,1,1,
2026-09-27 01:40:37,brain,4392000,30.42,80.54,1007.43,31.03,71.75,1007.40,0,0,MANUAL,1,1,1,
2026-09-27 01:40:38,brain,4393000,30.42,80.49,1007.47,31.03,71.98,1007.32,0,0,MANUAL,1,1,1,
2026-09-27 01:40:39,brain,4394000,30.42,80.15,1007.45,31.04,71.61,1007.36,0,0,MANUAL,1,1,1,
2026-09-27 01:40:40,brain,4395000,30.41,80.19,1007.38,31.04,71.63,1007.41,0,0,MANUAL,1,1,1,
2026-09-27 01:40:41,brain,4396000,30.42,80.18,1007.48,31.04,71.49,1007.44,0,0,MANUAL,1,1,1,
2026-09-27 01:40:42,brain,4397000,30.42,80.24,1007.48,31.04,71.57,1007.36,0,0,MANUAL,1,1,1,
2026-09-27 01:40:43,brain,4398000,30.42,80.26,1007.45,31.04,72.00,1007.32,0,0,MANUAL,1,1,1,
2026-09-27 01:40:44,brain,4399000,30.42,80.18,1007.47,31.04,72.03,1007.33,0,0,MANUAL,1,1,1,
2026-09-27 01:40:45,brain,4400000,30.41,79.87,1007.38,31.05,71.55,1007.34,0,0,MANUAL,1,1,1,
2026-09-27 01:40:46,brain,4401000,30.41,79.96,1007.47,31.05,71.68,1007.38,0,0,MANUAL,1,1,1,
2026-09-27 01:40:47,brain,4402000,30.42,79.94,1007.47,31.05,71.79,1007.40,0,0,MANUAL,1,1,1,
2026-09-27 01:40:48,brain,4403000,30.42,80.18,1007.48,31.05,71.43,1007.38,0,0,MANUAL,1,1,1,
2026-09-27 01:40:49,brain,4404000,30.42,80.38,1007.51,31.05,71.54,1007.40,0,0,MANUAL,1,1,1,
2026-09-27 01:40:50,brain,4405000,30.43,80.54,1007.49,31.06,71.84,1007.36,0,0,MANUAL,1,1,1,
2026-09-27 01:40:51,brain,4406000,30.42,80.52,1007.47,31.05,71.55,1007.34,0,0,MANUAL,1,1,1,
2026-09-27 01:40:52,brain,4407000,30.42,80.16,1007.43,31.05,71.68,1007.38,0,0,MANUAL,1,1,1,
2026-09-27 01:40:53,brain,4408000,30.42,80.48,1007.50,31.05,71.45,1007.37,0,0,MANUAL,1,1,1,
2026-09-27 01:40:54,brain,4409000,30.42,80.24,1007.48,31.05,71.38,1007.35,0,0,MANUAL,1,1,1,
2026-09-27 01:40:55,brain,4410000,30.42,80.37,1007.48,31.06,71.52,1007.36,0,0,MANUAL,1,1,1,
2026-09-27 01:40:56,brain,4411000,30.42,80.32,1007.48,31.06,71.64,1007.42,0,0,MANUAL,1,1,1,
2026-09-27 01:40:57,brain,4412000,30.43,80.46,1007.46,31.06,71.73,1007.36,0,0,MANUAL,1,1,1,
2026-09-27 01:40:58,brain,4413000,30.43,80.34,1007.43,31.06,71.45,1007.36,0,0,MANUAL,1,1,1,
2026-09-27 01:40:59,brain,4414000,30.43,80.36,1007.41,31.07,71.50,1007.37,0,0,MANUAL,1,1,1,
2026-09-27 01:41:00,brain,4415000,30.43,80.32,1007.49,31.07,71.43,1007.34,0,0,MANUAL,1,1,1,
2026-09-27 01:41:01,brain,4416000,30.42,80.45,1007.45,31.07,71.73,1007.33,0,0,MANUAL,1,1,1,
2026-09-27 01:41:02,brain,4417000,30.43,80.32,1007.52,31.07,71.58,1007.38,0,0,MANUAL,1,1,1,
2026-09-27 01:41:03,brain,4418000,30.43,80.37,1007.43,31.07,71.67,1007.38,0,0,MANUAL,1,1,1,
2026-09-27 01:41:04,brain,4419000,30.43,80.60,1007.46,31.07,71.40,1007.40,0,0,MANUAL,1,1,1,
2026-09-27 01:41:05,brain,4420000,30.43,80.68,1007.47,31.07,71.48,1007.38,0,0,MANUAL,1,1,1,
2026-09-27 01:41:06,brain,4421000,30.43,80.62,1007.44,31.07,71.58,1007.38,0,0,MANUAL,1,1,1,
2026-09-27 01:41:07,brain,4422000,30.43,80.37,1007.47,31.06,71.55,1007.39,0,0,MANUAL,1,1,1,
2026-09-27 01:41:08,brain,4423000,30.43,80.63,1007.47,31.07,71.38,1007.37,0,0,MANUAL,1,1,1,
2026-09-27 01:41:09,brain,4424000,30.43,80.62,1007.46,31.06,71.44,1007.39,0,0,MANUAL,1,1,1,
2026-09-27 01:41:10,brain,4425000,30.43,80.44,1007.44,31.06,71.44,1007.36,0,0,MANUAL,1,1,1,
2026-09-27 01:41:11,brain,4426000,30.43,80.45,1007.47,31.06,71.37,1007.34,0,0,MANUAL,1,1,1,
2026-09-27 01:41:12,brain,4427000,30.43,80.29,1007.47,31.06,71.53,1007.36,0,0,MANUAL,1,1,1,
2026-09-27 01:41:13,brain,4428000,30.43,80.20,1007.46,31.07,71.41,1007.33,0,0,MANUAL,1,1,1,
2026-09-27 01:41:14,brain,4429000,30.43,80.08,1007.47,31.08,71.35,1007.39,0,0,MANUAL,1,1,1,
2026-09-27 01:41:15,brain,4430000,30.43,80.31,1007.47,31.07,71.55,1007.38,0,0,MANUAL,1,1,1,
2026-09-27 01:41:16,brain,4431000,30.43,80.13,1007.41,31.07,71.44,1007.35,0,0,MANUAL,1,1,1,
2026-09-27 01:41:17,brain,4432000,30.43,80.43,1007.43,31.07,71.67,1007.38,0,0,MANUAL,1,1,1,
2026-09-27 01:41:18,brain,4433000,30.44,80.23,1007.45,31.08,71.44,1007.39,0,0,MANUAL,1,1,1,
2026-09-27 01:41:19,brain,4434000,30.44,80.29,1007.48,31.07,71.41,1007.35,0,0,MANUAL,1,1,1,
2026-09-27 01:41:20,brain,4435000,30.44,80.01,1007.42,31.07,71.49,1007.38,0,0,MANUAL,1,1,1,
2026-09-27 01:41:21,brain,4436000,30.43,80.00,1007.44,31.08,71.38,1007.31,0,0,MANUAL,1,1,1,
2026-09-27 01:41:22,brain,4437000,30.43,80.15,1007.46,31.08,71.40,1007.36,0,0,MANUAL,1,1,1,
2026-09-27 01:41:23,brain,4438000,30.44,79.95,1007.42,31.08,71.41,1007.39,0,0,MANUAL,1,1,1,
2026-09-27 01:41:24,brain,4439000,30.42,79.66,1007.43,31.07,71.44,1007.38,0,0,MANUAL,1,1,1,
2026-09-27 01:41:25,brain,4440000,30.43,79.83,1007.47,31.08,71.35,1007.40,0,0,MANUAL,1,1,1,
2026-09-27 01:41:26,brain,4441000,30.43,79.62,1007.47,31.07,71.44,1007.35,0,0,MANUAL,1,1,1,
2026-09-27 01:41:27,brain,4442000,30.43,79.65,1007.50,31.07,71.38,1007.33,0,0,MANUAL,1,1,1,
2026-09-27 01:41:28,brain,4443000,30.43,79.54,1007.46,31.07,71.49,1007.26,0,0,MANUAL,1,1,1,
2026-09-27 01:41:29,brain,4444000,30.43,79.72,1007.50,31.07,71.36,1007.34,0,0,MANUAL,1,1,1,
2026-09-27 01:41:30,brain,4445000,30.43,79.55,1007.47,31.06,71.45,1007.36,0,0,MANUAL,1,1,1,
2026-09-27 01:41:31,brain,4446000,30.43,79.57,1007.52,31.07,71.36,1007.32,0,0,MANUAL,1,1,1,
2026-09-27 01:41:32,brain,4447000,30.43,79.75,1007.46,31.07,71.49,1007.34,0,0,MANUAL,1,1,1,
2026-09-27 01:41:33,brain,4448000,30.43,80.06,1007.47,31.07,71.44,1007.38,0,0,MANUAL,1,1,1,
2026-09-27 01:41:34,brain,4449000,30.43,79.74,1007.49,31.06,71.40,1007.36,0,0,MANUAL,1,1,1,
2026-09-27 01:41:35,brain,4450000,30.44,79.58,1007.48,31.08,71.65,1007.34,0,0,MANUAL,1,1,1,
2026-09-27 01:41:36,brain,4451000,30.43,79.88,1007.47,31.07,71.46,1007.41,0,0,MANUAL,1,1,1,
2026-09-27 01:41:37,brain,4452000,30.44,80.00,1007.42,31.07,71.34,1007.33,0,0,MANUAL,1,1,1,
2026-09-27 01:41:38,brain,4453000,30.43,80.15,1007.52,31.07,71.45,1007.35,0,0,MANUAL,1,1,1,
2026-09-27 01:41:39,brain,4454000,30.43,79.87,1007.50,31.08,71.43,1007.33,0,0,MANUAL,1,1,1,
2026-09-27 01:41:40,brain,4455000,30.43,80.26,1007.47,31.08,71.26,1007.36,0,0,MANUAL,1,1,1,
2026-09-27 01:41:41,brain,4456000,30.44,80.25,1007.42,31.09,71.46,1007.38,0,0,MANUAL,1,1,1,
2026-09-27 01:41:42,brain,4457000,30.43,80.45,1007.41,31.08,71.32,1007.33,0,0,MANUAL,1,1,1,
2026-09-27 01:41:43,brain,4458000,30.44,80.19,1007.45,31.08,71.44,1007.34,0,0,MANUAL,1,1,1,
2026-09-27 01:41:44,brain,4459000,30.44,80.32,1007.48,31.08,71.53,1007.39,0,0,MANUAL,1,1,1,
2026-09-27 01:41:45,brain,4460000,30.44,80.40,1007.46,31.08,71.76,1007.36,0,0,MANUAL,1,1,1,
2026-09-27 01:41:46,brain,4461000,30.45,79.95,1007.47,31.07,71.60,1007.33,0,0,MANUAL,1,1,1,
2026-09-27 01:41:47,brain,4462000,30.44,79.95,1007.48,31.08,71.76,1007.36,0,0,MANUAL,1,1,1,
2026-09-27 01:41:48,brain,4463000,30.44,80.12,1007.45,31.08,71.40,1007.36,0,0,MANUAL,1,1,1,
2026-09-27 01:41:49,brain,4464000,30.44,80.26,1007.49,31.08,71.53,1007.34,0,0,MANUAL,1,1,1,
2026-09-27 01:41:50,brain,4465000,30.44,80.38,1007.49,31.08,71.35,1007.36,0,0,MANUAL,1,1,1,
2026-09-27 01:41:51,brain,4466000,30.45,80.39,1007.44,31.08,71.31,1007.36,0,0,MANUAL,1,1,1,
2026-09-27 01:41:52,brain,4467000,30.44,80.25,1007.51,31.08,71.42,1007.37,0,0,MANUAL,1,1,1,
2026-09-27 01:41:53,brain,4468000,30.45,80.26,1007.47,31.08,71.53,1007.37,0,0,MANUAL,1,1,1,
2026-09-27 01:41:54,brain,4469000,30.44,80.62,1007.46,31.08,71.28,1007.40,0,0,MANUAL,1,1,1,
2026-09-27 01:41:55,brain,4470000,30.44,80.75,1007.43,31.08,71.49,1007.40,0,0,MANUAL,1,1,1,
2026-09-27 01:41:56,brain,4471000,30.45,80.54,1007.45,31.07,71.35,1007.46,0,0,MANUAL,1,1,1,
2026-09-27 01:41:57,brain,4472000,30.44,80.60,1007.49,31.08,71.30,1007.40,0,0,MANUAL,1,1,1,
2026-09-27 01:41:58,brain,4473000,30.45,79.96,1007.45,31.07,71.28,1007.33,0,0,MANUAL,1,1,1,
2026-09-27 01:41:59,brain,4474000,30.45,79.83,1007.44,31.07,71.37,1007.44,0,0,MANUAL,1,1,1,
2026-09-27 01:42:00,brain,4475000,30.44,80.14,1007.45,31.08,71.29,1007.33,0,0,MANUAL,1,1,1,
2026-09-27 01:42:01,brain,4476000,30.45,80.03,1007.44,31.08,71.56,1007.39,0,0,MANUAL,1,1,1,
2026-09-27 01:42:02,brain,4477000,30.45,80.01,1007.44,31.08,71.48,1007.40,0,0,MANUAL,1,1,1,
2026-09-27 01:42:03,brain,4478000,30.45,80.06,1007.52,31.08,71.66,1007.34,0,0,MANUAL,1,1,1,
2026-09-27 01:42:04,brain,4479000,30.45,80.37,1007.41,31.08,71.57,1007.34,0,0,MANUAL,1,1,1,
2026-09-27 01:42:05,brain,4480000,30.45,80.43,1007.45,31.09,71.55,1007.36,0,0,MANUAL,1,1,1,
2026-09-27 01:42:06,brain,4481000,30.45,80.23,1007.42,31.08,71.38,1007.37,0,0,MANUAL,1,1,1,
2026-09-27 01:42:07,brain,4482000,30.45,80.26,1007.50,31.09,71.39,1007.40,0,0,MANUAL,1,1,1,
2026-09-27 01:42:08,brain,4483000,30.45,80.32,1007.45,31.08,71.40,1007.34,0,0,MANUAL,1,1,1,
2026-09-27 01:42:09,brain,4484000,30.45,80.29,1007.47,31.09,71.39,1007.36,0,0,MANUAL,1,1,1,
2026-09-27 01:42:10,brain,4485000,30.46,80.72,1007.43,31.08,71.28,1007.31,0,0,MANUAL,1,1,1,
2026-09-27 01:42:11,brain,4486000,30.45,80.63,1007.39,31.09,71.53,1007.35,0,0,MANUAL,1,1,1,
2026-09-27 01:42:12,brain,4487000,30.46,80.48,1007.43,31.08,71.34,1007.40,0,0,MANUAL,1,1,1,
2026-09-27 01:42:13,brain,4488000,30.46,80.75,1007.41,31.08,71.24,1007.29,0,0,MANUAL,1,1,1,
2026-09-27 01:42:14,brain,4489000,30.46,80.52,1007.48,31.08,71.34,1007.34,0,0,MANUAL,1,1,1,
2026-09-27 01:42:15,brain,4490000,30.46,80.75,1007.46,31.08,71.37,1007.40,0,0,MANUAL,1,1,1,
2026-09-27 01:42:16,brain,4491000,30.45,80.51,1007.45,31.08,71.33,1007.31,0,0,MANUAL,1,1,1,
2026-09-27 01:42:17,brain,4492000,30.46,80.73,1007.45,31.09,71.64,1007.38,0,0,MANUAL,1,1,1,
2026-09-27 01:42:18,brain,4493000,30.47,80.61,1007.45,31.08,71.38,1007.37,0,0,MANUAL,1,1,1,
2026-09-27 01:42:19,brain,4494000,30.46,80.49,1007.48,31.08,71.44,1007.29,0,0,MANUAL,1,1,1,
2026-09-27 01:42:20,brain,4495000,30.45,80.37,1007.39,31.08,71.43,1007.39,0,0,MANUAL,1,1,1,
2026-09-27 01:42:21,brain,4496000,30.46,80.57,1007.45,31.09,71.38,1007.32,0,0,MANUAL,1,1,1,
2026-09-27 01:42:22,brain,4497000,30.46,80.42,1007.43,31.08,71.38,1007.37,0,0,MANUAL,1,1,1,
2026-09-27 01:42:23,brain,4498000,30.46,80.74,1007.43,31.09,71.39,1007.39,0,0,MANUAL,1,1,1,
2026-09-27 01:42:24,brain,4499000,30.47,80.49,1007.47,31.09,71.43,1007.39,0,0,MANUAL,1,1,1,
2026-09-27 01:42:25,brain,4500000,30.46,80.50,1007.49,31.09,71.42,1007.38,0,0,MANUAL,1,1,1,
2026-09-27 01:42:26,brain,4501000,30.46,80.50,1007.41,31.08,71.34,1007.34,0,0,MANUAL,1,1,1,
2026-09-27 01:42:27,brain,4502000,30.47,80.45,1007.47,31.09,71.40,1007.38,0,0,MANUAL,1,1,1,
2026-09-27 01:42:28,brain,4503000,30.46,80.62,1007.46,31.09,71.37,1007.35,0,0,MANUAL,1,1,1,
2026-09-27 01:42:29,brain,4504000,30.47,80.80,1007.47,31.09,71.32,1007.33,0,0,MANUAL,1,1,1,
2026-09-27 01:42:30,brain,4505000,30.47,80.74,1007.47,31.08,71.55,1007.42,0,0,MANUAL,1,1,1,
2026-09-27 01:42:31,brain,4506000,30.47,80.48,1007.42,31.09,71.29,1007.40,0,0,MANUAL,1,1,1,
2026-09-27 01:42:32,brain,4507000,30.47,80.31,1007.47,31.09,71.53,1007.33,0,0,MANUAL,1,1,1,
2026-09-27 01:42:33,brain,4508000,30.46,80.29,1007.43,31.09,71.34,1007.32,0,0,MANUAL,1,1,1,
2026-09-27 01:42:34,brain,4509000,30.46,80.45,1007.43,31.09,71.31,1007.35,0,0,MANUAL,1,1,1,
2026-09-27 01:42:35,brain,4510000,30.46,80.67,1007.41,31.09,71.53,1007.40,0,0,MANUAL,1,1,1,
2026-09-27 01:42:36,brain,4511000,30.46,80.66,1007.46,31.09,71.69,1007.38,0,0,MANUAL,1,1,1,
2026-09-27 01:42:37,brain,4512000,30.47,80.71,1007.44,31.08,71.81,1007.40,0,0,MANUAL,1,1,1,
2026-09-27 01:42:38,brain,4513000,30.46,80.42,1007.41,31.08,71.67,1007.34,0,0,MANUAL,1,1,1,
2026-09-27 01:42:39,brain,4514000,30.47,80.30,1007.39,31.08,71.40,1007.33,0,0,MANUAL,1,1,1,
2026-09-27 01:42:40,brain,4515000,30.47,80.75,1007.53,31.07,71.35,1007.38,0,0,MANUAL,1,1,1,
2026-09-27 01:42:41,brain,4516000,30.47,80.76,1007.44,31.08,71.74,1007.37,0,0,MANUAL,1,1,1,
2026-09-27 01:42:42,brain,4517000,30.46,80.77,1007.43,31.09,71.30,1007.35,0,0,MANUAL,1,1,1,
2026-09-27 01:42:43,brain,4518000,30.47,80.75,1007.48,31.08,71.47,1007.34,0,0,MANUAL,1,1,1,
2026-09-27 01:42:44,brain,4519000,30.47,80.65,1007.44,31.07,71.48,1007.30,0,0,MANUAL,1,1,1,
2026-09-27 01:42:45,brain,4520000,30.47,80.60,1007.42,31.08,71.77,1007.34,0,0,MANUAL,1,1,1,
2026-09-27 01:42:46,brain,4521000,30.47,80.64,1007.47,31.08,71.60,1007.34,0,0,MANUAL,1,1,1,
2026-09-27 01:42:47,brain,4522000,30.48,80.75,1007.54,31.08,71.47,1007.33,0,0,MANUAL,1,1,1,
2026-09-27 01:42:48,brain,4523000,30.47,80.99,1007.45,31.09,71.38,1007.38,0,0,MANUAL,1,1,1,
2026-09-27 01:42:49,brain,4524000,30.48,80.65,1007.46,31.08,71.82,1007.28,0,0,MANUAL,1,1,1,
2026-09-27 01:42:50,brain,4525000,30.48,81.01,1007.40,31.08,71.78,1007.31,0,0,MANUAL,1,1,1,
2026-09-27 01:42:51,brain,4526000,30.47,80.96,1007.42,31.08,71.56,1007.25,0,0,MANUAL,1,1,1,
2026-09-27 01:42:52,brain,4527000,30.48,80.96,1007.50,31.08,71.78,1007.33,0,0,MANUAL,1,1,1,
2026-09-27 01:42:53,brain,4528000,30.48,80.82,1007.43,31.08,71.81,1007.34,0,0,MANUAL,1,1,1,
2026-09-27 01:42:54,brain,4529000,30.48,80.99,1007.50,31.09,71.51,1007.32,0,0,MANUAL,1,1,1,
2026-09-27 01:42:55,brain,4530000,30.48,81.07,1007.41,31.08,71.34,1007.33,0,0,MANUAL,1,1,1,
2026-09-27 01:42:56,brain,4531000,30.48,80.81,1007.47,31.09,71.47,1007.40,0,0,MANUAL,1,1,1,
2026-09-27 01:42:57,brain,4532000,30.48,80.76,1007.47,31.09,71.38,1007.38,0,0,MANUAL,1,1,1,
2026-09-27 01:42:58,brain,4533000,30.48,81.05,1007.46,31.08,71.32,1007.34,0,0,MANUAL,1,1,1,
2026-09-27 01:42:59,brain,4534000,30.48,80.76,1007.46,31.10,71.62,1007.34,0,0,MANUAL,1,1,1,
2026-09-27 01:43:00,brain,4535000,30.49,80.74,1007.48,31.09,71.71,1007.33,0,0,MANUAL,1,1,1,
2026-09-27 01:43:01,brain,4536000,30.48,80.95,1007.40,31.09,71.39,1007.33,0,0,MANUAL,1,1,1,
2026-09-27 01:43:02,brain,4537000,30.48,81.07,1007.44,31.09,71.78,1007.30,0,0,MANUAL,1,1,1,
2026-09-27 01:43:03,brain,4538000,30.48,80.83,1007.38,31.09,71.48,1007.32,0,0,MANUAL,1,1,1,
2026-09-27 01:43:04,brain,4539000,30.48,81.12,1007.49,31.09,71.37,1007.35,0,0,MANUAL,1,1,1,
2026-09-27 01:43:05,brain,4540000,30.48,80.95,1007.46,31.09,71.32,1007.33,0,0,MANUAL,1,1,1,
2026-09-27 01:43:06,brain,4541000,30.49,81.02,1007.45,31.09,71.39,1007.36,0,0,MANUAL,1,1,1,
2026-09-27 01:43:07,brain,4542000,30.47,80.97,1007.42,31.09,71.38,1007.32,0,0,MANUAL,1,1,1,
2026-09-27 01:43:08,brain,4543000,30.48,81.05,1007.41,31.09,71.48,1007.33,0,0,MANUAL,1,1,1,
2026-09-27 01:43:09,brain,4544000,30.48,80.73,1007.43,31.10,71.50,1007.37,0,0,MANUAL,1,1,1,
2026-09-27 01:43:10,brain,4545000,30.49,80.90,1007.48,31.10,71.51,1007.32,0,0,MANUAL,1,1,1,
2026-09-27 01:43:11,brain,4546000,30.47,80.23,1007.42,31.10,71.38,1007.32,0,0,MANUAL,1,1,1,
2026-09-27 01:43:12,brain,4547000,30.48,80.46,1007.43,31.10,71.35,1007.32,0,0,MANUAL,1,1,1,
2026-09-27 01:43:13,brain,4548000,30.48,80.26,1007.44,31.09,71.59,1007.36,0,0,MANUAL,1,1,1,
2026-09-27 01:43:14,brain,4549000,30.48,80.37,1007.46,31.10,71.31,1007.37,0,0,MANUAL,1,1,1,
2026-09-27 01:43:15,brain,4550000,30.48,80.41,1007.44,31.10,71.29,1007.37,0,0,MANUAL,1,1,1,
2026-09-27 01:43:16,brain,4551000,30.48,80.48,1007.41,31.09,71.23,1007.33,0,0,MANUAL,1,1,1,
2026-09-27 01:43:17,brain,4552000,30.48,80.83,1007.44,31.09,71.52,1007.36,0,0,MANUAL,1,1,1,
2026-09-27 01:43:18,brain,4553000,30.48,80.60,1007.41,31.09,71.44,1007.30,0,0,MANUAL,1,1,1,
2026-09-27 01:43:19,brain,4554000,30.48,80.68,1007.41,31.09,71.55,1007.33,0,0,MANUAL,1,1,1,
2026-09-27 01:43:20,brain,4555000,30.48,80.87,1007.41,31.09,71.51,1007.30,0,0,MANUAL,1,1,1,
2026-09-27 01:43:21,brain,4556000,30.48,80.66,1007.37,31.09,71.35,1007.30,0,0,MANUAL,1,1,1,
2026-09-27 01:43:22,brain,4557000,30.48,80.83,1007.44,31.09,71.38,1007.29,0,0,MANUAL,1,1,1,
2026-09-27 01:43:23,brain,4558000,30.48,80.32,1007.43,31.08,71.59,1007.34,0,0,MANUAL,1,1,1,
2026-09-27 01:43:24,brain,4559000,30.48,80.15,1007.40,31.08,71.24,1007.33,0,0,MANUAL,1,1,1,
2026-09-27 01:43:25,brain,4560000,30.48,80.08,1007.44,31.06,71.37,1007.28,0,0,MANUAL,1,1,1,
2026-09-27 01:43:26,brain,4561000,30.48,79.92,1007.49,31.07,71.37,1007.32,0,0,MANUAL,1,1,1,
2026-09-27 01:43:27,brain,4562000,30.48,79.63,1007.46,31.07,71.27,1007.32,0,0,MANUAL,1,1,1,
2026-09-27 01:43:28,brain,4563000,30.48,79.35,1007.43,31.07,71.50,1007.38,0,0,MANUAL,1,1,1,
2026-09-27 01:43:29,brain,4564000,30.47,79.20,1007.48,31.06,71.29,1007.31,0,0,MANUAL,1,1,1,
2026-09-27 01:43:30,brain,4565000,30.46,78.99,1007.43,31.06,71.37,1007.31,0,0,MANUAL,1,1,1,
2026-09-27 01:43:31,brain,4566000,30.47,79.04,1007.44,31.06,71.64,1007.28,0,0,MANUAL,1,1,1,
2026-09-27 01:43:32,brain,4567000,30.47,79.05,1007.48,31.06,71.72,1007.36,0,0,MANUAL,1,1,1,
2026-09-27 01:43:33,brain,4568000,30.47,79.35,1007.47,31.06,71.57,1007.34,0,0,MANUAL,1,1,1,
2026-09-27 01:43:34,brain,4569000,30.47,79.15,1007.42,31.07,71.46,1007.37,0,0,MANUAL,1,1,1,
2026-09-27 01:43:35,brain,4570000,30.46,79.30,1007.46,31.07,71.49,1007.34,0,0,MANUAL,1,1,1,
2026-09-27 01:43:36,brain,4571000,30.46,79.38,1007.38,31.06,71.38,1007.27,0,0,MANUAL,1,1,1,
2026-09-27 01:43:37,brain,4572000,30.47,79.55,1007.51,31.06,71.25,1007.31,0,0,MANUAL,1,1,1,
2026-09-27 01:43:38,brain,4573000,30.47,79.88,1007.41,31.07,71.46,1007.29,0,0,MANUAL,1,1,1,
2026-09-27 01:43:39,brain,4574000,30.47,80.11,1007.47,31.07,71.34,1007.35,0,0,MANUAL,1,1,1,
2026-09-27 01:43:40,brain,4575000,30.47,79.90,1007.41,31.06,71.37,1007.34,0,0,MANUAL,1,1,1,
2026-09-27 01:43:41,brain,4576000,30.47,80.23,1007.39,31.07,71.71,1007.32,0,0,MANUAL,1,1,1,
2026-09-27 01:43:42,brain,4577000,30.48,79.95,1007.37,31.07,71.34,1007.35,0,0,MANUAL,1,1,1,
2026-09-27 01:43:43,brain,4578000,30.47,79.92,1007.39,31.07,71.29,1007.38,0,0,MANUAL,1,1,1,
2026-09-27 01:43:44,brain,4579000,30.48,80.03,1007.37,31.07,71.43,1007.32,0,0,MANUAL,1,1,1,
2026-09-27 01:43:45,brain,4580000,30.48,79.97,1007.43,31.07,71.48,1007.34,0,0,MANUAL,1,1,1,
2026-09-27 01:43:46,brain,4581000,30.47,80.27,1007.42,31.08,71.27,1007.39,0,0,MANUAL,1,1,1,
2026-09-27 01:43:47,brain,4582000,30.48,79.96,1007.43,31.08,71.35,1007.33,0,0,MANUAL,1,1,1,
2026-09-27 01:43:48,brain,4583000,30.48,80.06,1007.44,31.08,71.38,1007.36,0,0,MANUAL,1,1,1,
2026-09-27 01:43:49,brain,4584000,30.48,80.18,1007.47,31.07,71.68,1007.33,0,0,MANUAL,1,1,1,
2026-09-27 01:43:50,brain,4585000,30.48,80.17,1007.44,31.07,71.68,1007.33,0,0,MANUAL,1,1,1,
2026-09-27 01:43:51,brain,4586000,30.47,80.11,1007.39,31.08,71.36,1007.39,0,0,MANUAL,1,1,1,
2026-09-27 01:43:52,brain,4587000,30.48,80.10,1007.44,31.07,71.46,1007.38,0,0,MANUAL,1,1,1,
2026-09-27 01:43:53,brain,4588000,30.47,80.37,1007.39,31.07,71.60,1007.35,0,0,MANUAL,1,1,1,
2026-09-27 01:43:54,brain,4589000,30.48,80.42,1007.43,31.08,71.30,1007.39,0,0,MANUAL,1,1,1,
2026-09-27 01:43:55,brain,4590000,30.49,80.53,1007.48,31.08,71.52,1007.34,0,0,MANUAL,1,1,1,
2026-09-27 01:43:56,brain,4591000,30.48,80.32,1007.41,31.08,71.64,1007.34,0,0,MANUAL,1,1,1,
2026-09-27 01:43:57,brain,4592000,30.48,80.27,1007.40,31.08,71.32,1007.28,0,0,MANUAL,1,1,1,
2026-09-27 01:43:58,brain,4593000,30.48,80.54,1007.44,31.09,71.29,1007.35,0,0,MANUAL,1,1,1,
2026-09-27 01:43:59,brain,4594000,30.48,80.56,1007.41,31.09,71.23,1007.35,0,0,MANUAL,1,1,1,
2026-09-27 01:44:00,brain,4595000,30.49,80.28,1007.45,31.09,71.39,1007.36,0,0,MANUAL,1,1,1,
2026-09-27 01:44:01,brain,4596000,30.48,80.47,1007.47,31.09,71.29,1007.36,0,0,MANUAL,1,1,1,
2026-09-27 01:44:02,brain,4597000,30.48,80.60,1007.41,31.08,71.20,1007.37,0,0,MANUAL,1,1,1,
2026-09-27 01:44:03,brain,4598000,30.49,80.69,1007.42,31.09,71.35,1007.39,0,0,MANUAL,1,1,1,
2026-09-27 01:44:04,brain,4599000,30.48,80.76,1007.47,31.09,71.75,1007.30,0,0,MANUAL,1,1,1,
2026-09-27 01:44:05,brain,4600000,30.49,80.69,1007.42,31.09,71.48,1007.35,0,0,MANUAL,1,1,1,
2026-09-27 01:44:06,brain,4601000,30.49,80.55,1007.46,31.09,71.53,1007.30,0,0,MANUAL,1,1,1,
2026-09-27 01:44:07,brain,4602000,30.48,80.84,1007.47,31.09,71.57,1007.36,0,0,MANUAL,1,1,1,
2026-09-27 01:44:08,brain,4603000,30.49,80.68,1007.40,31.09,71.58,1007.36,0,0,MANUAL,1,1,1,
2026-09-27 01:44:09,brain,4604000,30.49,80.47,1007.37,31.09,71.74,1007.41,0,0,MANUAL,1,1,1,
2026-09-27 01:44:10,brain,4605000,30.49,80.48,1007.40,31.10,71.37,1007.26,0,0,MANUAL,1,1,1,
2026-09-27 01:44:11,brain,4606000,30.49,80.53,1007.46,31.10,71.46,1007.37,0,0,MANUAL,1,1,1,
2026-09-27 01:44:12,brain,4607000,30.50,80.81,1007.43,31.10,71.49,1007.31,0,0,MANUAL,1,1,1,
2026-09-27 01:44:13,brain,4608000,30.49,80.59,1007.43,31.10,71.40,1007.37,0,0,MANUAL,1,1,1,
2026-09-27 01:44:14,brain,4609000,30.49,80.82,1007.39,31.11,71.20,1007.33,0,0,MANUAL,1,1,1,
2026-09-27 01:44:15,brain,4610000,30.49,80.69,1007.48,31.10,71.33,1007.32,0,0,MANUAL,1,1,1,
2026-09-27 01:44:16,brain,4611000,30.49,80.79,1007.46,31.11,71.40,1007.39,0,0,MANUAL,1,1,1,
2026-09-27 01:44:17,brain,4612000,30.49,80.57,1007.48,31.11,71.21,1007.33,0,0,MANUAL,1,1,1,
2026-09-27 01:44:18,brain,4613000,30.49,80.65,1007.46,31.11,71.43,1007.33,0,0,MANUAL,1,1,1,
2026-09-27 01:44:19,brain,4614000,30.49,80.67,1007.40,31.11,71.22,1007.31,0,0,MANUAL,1,1,1,
2026-09-27 01:44:20,brain,4615000,30.49,80.68,1007.45,31.11,71.21,1007.36,0,0,MANUAL,1,1,1,
2026-09-27 01:44:21,brain,4616000,30.49,80.65,1007.40,31.11,71.42,1007.36,0,0,MANUAL,1,1,1,
2026-09-27 01:44:22,brain,4617000,30.50,80.59,1007.41,31.11,71.66,1007.38,0,0,MANUAL,1,1,1,
2026-09-27 01:44:23,brain,4618000,30.49,80.81,1007.48,31.11,71.28,1007.31,0,0,MANUAL,1,1,1,
2026-09-27 01:44:24,brain,4619000,30.50,80.96,1007.49,31.11,71.43,1007.33,0,0,MANUAL,1,1,1,
2026-09-27 01:44:25,brain,4620000,30.51,80.90,1007.45,31.11,71.39,1007.33,0,0,MANUAL,1,1,1,
2026-09-27 01:44:26,brain,4621000,30.50,81.02,1007.44,31.12,71.36,1007.29,0,0,MANUAL,1,1,1,
2026-09-27 01:44:27,brain,4622000,30.50,80.70,1007.44,31.12,71.36,1007.34,0,0,MANUAL,1,1,1,
2026-09-27 01:44:28,brain,4623000,30.50,80.72,1007.43,31.12,71.36,1007.35,0,0,MANUAL,1,1,1,
2026-09-27 01:44:29,brain,4624000,30.52,80.85,1007.47,31.13,71.28,1007.33,0,0,MANUAL,1,1,1,
2026-09-27 01:44:30,brain,4625000,30.50,80.77,1007.41,31.13,71.41,1007.36,0,0,MANUAL,1,1,1,
2026-09-27 01:44:31,brain,4626000,30.51,80.66,1007.45,31.14,71.19,1007.37,0,0,MANUAL,1,1,1,
2026-09-27 01:44:32,brain,4627000,30.49,81.02,1007.40,31.14,71.17,1007.29,0,0,MANUAL,1,1,1,
2026-09-27 01:44:33,brain,4628000,30.50,80.67,1007.41,31.13,71.32,1007.31,0,0,MANUAL,1,1,1,
2026-09-27 01:44:34,brain,4629000,30.49,80.68,1007.40,31.12,71.31,1007.35,0,0,MANUAL,1,1,1,
2026-09-27 01:44:35,brain,4630000,30.50,80.74,1007.43,31.14,71.12,1007.32,0,0,MANUAL,1,1,1,
2026-09-27 01:44:36,brain,4631000,30.49,80.89,1007.43,31.13,71.43,1007.34,0,0,MANUAL,1,1,1,
2026-09-27 01:44:37,brain,4632000,30.49,80.69,1007.46,31.14,71.16,1007.37,0,0,MANUAL,1,1,1,
2026-09-27 01:44:38,brain,4633000,30.50,80.65,1007.41,31.14,71.14,1007.35,0,0,MANUAL,1,1,1,
2026-09-27 01:44:39,brain,4634000,30.51,80.81,1007.46,31.13,71.17,1007.28,0,0,MANUAL,1,1,1,
2026-09-27 01:44:40,brain,4635000,30.50,80.70,1007.47,31.14,71.31,1007.38,0,0,MANUAL,1,1,1,
2026-09-27 01:44:41,brain,4636000,30.50,80.81,1007.47,31.14,71.24,1007.32,0,0,MANUAL,1,1,1,
2026-09-27 01:44:42,brain,4637000,30.50,80.88,1007.41,31.14,71.18,1007.35,0,0,MANUAL,1,1,1,
2026-09-27 01:44:43,brain,4638000,30.51,80.99,1007.48,31.14,71.41,1007.32,0,0,MANUAL,1,1,1,
2026-09-27 01:44:44,brain,4639000,30.51,81.03,1007.45,31.14,71.27,1007.32,0,0,MANUAL,1,1,1,
2026-09-27 01:44:45,brain,4640000,30.51,80.97,1007.49,31.14,71.09,1007.32,0,0,MANUAL,1,1,1,
2026-09-27 01:44:46,brain,4641000,30.51,80.79,1007.42,31.14,71.22,1007.35,0,0,MANUAL,1,1,1,
2026-09-27 01:44:47,brain,4642000,30.51,80.89,1007.40,31.14,71.19,1007.33,0,0,MANUAL,1,1,1,
2026-09-27 01:44:48,brain,4643000,30.51,81.20,1007.37,31.14,71.16,1007.32,0,0,MANUAL,1,1,1,
2026-09-27 01:44:49,brain,4644000,30.50,81.09,1007.39,31.14,71.21,1007.29,0,0,MANUAL,1,1,1,
2026-09-27 01:44:50,brain,4645000,30.50,81.01,1007.41,31.14,71.20,1007.32,0,0,MANUAL,1,1,1,
2026-09-27 01:44:51,brain,4646000,30.51,80.89,1007.39,31.14,71.16,1007.38,0,0,MANUAL,1,1,1,
2026-09-27 01:44:52,brain,4647000,30.52,80.89,1007.50,31.14,71.33,1007.35,0,0,MANUAL,1,1,1,
2026-09-27 01:44:53,brain,4648000,30.52,81.20,1007.44,31.14,71.55,1007.38,0,0,MANUAL,1,1,1,
2026-09-27 01:44:54,brain,4649000,30.52,81.24,1007.44,31.13,71.25,1007.37,0,0,MANUAL,1,1,1,
2026-09-27 01:44:55,brain,4650000,30.51,81.17,1007.37,31.15,71.58,1007.36,0,0,MANUAL,1,1,1,
2026-09-27 01:44:56,brain,4651000,30.51,81.02,1007.43,31.13,71.24,1007.31,0,0,MANUAL,1,1,1,
2026-09-27 01:44:57,brain,4652000,30.52,81.28,1007.41,31.14,71.16,1007.32,0,0,MANUAL,1,1,1,
2026-09-27 01:44:58,brain,4653000,30.51,80.98,1007.49,31.14,71.32,1007.32,0,0,MANUAL,1,1,1,
2026-09-27 01:44:59,brain,4654000,30.52,80.97,1007.48,31.14,71.20,1007.32,0,0,MANUAL,1,1,1,
2026-09-27 01:45:00,brain,4655000,30.52,80.95,1007.50,31.14,71.10,1007.26,0,0,MANUAL,1,1,1,
2026-09-27 01:45:01,brain,4656000,30.51,81.21,1007.43,31.13,71.30,1007.30,0,0,MANUAL,1,1,1,
2026-09-27 01:45:02,brain,4657000,30.52,81.19,1007.42,31.14,71.33,1007.37,0,0,MANUAL,1,1,1,
2026-09-27 01:45:03,brain,4658000,30.52,81.06,1007.45,31.14,71.40,1007.37,0,0,MANUAL,1,1,1,
2026-09-27 01:45:04,brain,4659000,30.53,81.06,1007.40,31.12,71.60,1007.35,0,0,MANUAL,1,1,1,
2026-09-27 01:45:05,brain,4660000,30.52,81.29,1007.48,31.13,71.25,1007.41,0,0,MANUAL,1,1,1,
2026-09-27 01:45:06,brain,4661000,30.51,80.51,1007.43,31.12,71.20,1007.34,0,0,MANUAL,1,1,1,
2026-09-27 01:45:07,brain,4662000,30.51,80.69,1007.40,31.12,71.38,1007.35,0,0,MANUAL,1,1,1,
2026-09-27 01:45:08,brain,4663000,30.52,80.32,1007.47,31.12,71.28,1007.34,0,0,MANUAL,1,1,1,
2026-09-27 01:45:09,brain,4664000,30.52,80.21,1007.38,31.12,71.42,1007.38,0,0,MANUAL,1,1,1,
2026-09-27 01:45:10,brain,4665000,30.51,80.19,1007.37,31.13,71.53,1007.36,0,0,MANUAL,1,1,1,
2026-09-27 01:45:11,brain,4666000,30.51,80.41,1007.42,31.12,71.52,1007.29,0,0,MANUAL,1,1,1,
2026-09-27 01:45:12,brain,4667000,30.52,80.56,1007.41,31.13,71.30,1007.36,0,0,MANUAL,1,1,1,
2026-09-27 01:45:13,brain,4668000,30.52,80.41,1007.50,31.13,71.29,1007.30,0,0,MANUAL,1,1,1,
2026-09-27 01:45:14,brain,4669000,30.52,80.51,1007.44,31.12,71.25,1007.32,0,0,MANUAL,1,1,1,
2026-09-27 01:45:15,brain,4670000,30.52,80.80,1007.44,31.12,71.25,1007.35,0,0,MANUAL,1,1,1,
2026-09-27 01:45:16,brain,4671000,30.51,80.92,1007.43,31.12,71.17,1007.32,0,0,MANUAL,1,1,1,
2026-09-27 01:45:17,brain,4672000,30.52,80.76,1007.44,31.12,71.12,1007.35,0,0,MANUAL,1,1,1,
2026-09-27 01:45:18,brain,4673000,30.52,80.84,1007.42,31.11,71.28,1007.38,0,0,MANUAL,1,1,1,
2026-09-27 01:45:19,brain,4674000,30.52,80.89,1007.36,31.11,71.27,1007.35,0,0,MANUAL,1,1,1,
2026-09-27 01:45:20,brain,4675000,30.53,80.90,1007.43,31.11,71.28,1007.33,0,0,MANUAL,1,1,1,
2026-09-27 01:45:21,brain,4676000,30.52,80.75,1007.50,31.10,71.36,1007.32,0,0,MANUAL,1,1,1,
2026-09-27 01:45:22,brain,4677000,30.53,80.88,1007.46,31.11,71.05,1007.39,0,0,MANUAL,1,1,1,
2026-09-27 01:45:23,brain,4678000,30.53,80.84,1007.46,31.10,71.11,1007.34,0,0,MANUAL,1,1,1,
2026-09-27 01:45:24,brain,4679000,30.52,81.00,1007.45,31.09,71.25,1007.29,0,0,MANUAL,1,1,1,
2026-09-27 01:45:25,brain,4680000,30.53,80.97,1007.46,31.09,71.24,1007.36,0,0,MANUAL,1,1,1,
2026-09-27 01:45:26,brain,4681000,30.53,81.19,1007.44,31.09,71.14,1007.39,0,0,MANUAL,1,1,1,
2026-09-27 01:45:27,brain,4682000,30.53,81.11,1007.43,31.09,71.25,1007.35,0,0,MANUAL,1,1,1,
2026-09-27 01:45:28,brain,4683000,30.54,81.09,1007.48,31.09,71.23,1007.35,0,0,MANUAL,1,1,1,
2026-09-27 01:45:29,brain,4684000,30.53,81.25,1007.41,31.09,71.30,1007.36,0,0,MANUAL,1,1,1,
2026-09-27 01:45:30,brain,4685000,30.53,81.22,1007.46,31.09,71.28,1007.38,0,0,MANUAL,1,1,1,
2026-09-27 01:45:31,brain,4686000,30.54,81.43,1007.47,31.08,71.33,1007.31,0,0,MANUAL,1,1,1,
2026-09-27 01:45:32,brain,4687000,30.54,81.54,1007.48,31.09,71.32,1007.30,0,0,MANUAL,1,1,1,
2026-09-27 01:45:33,brain,4688000,30.54,81.38,1007.36,31.09,71.28,1007.39,0,0,MANUAL,1,1,1,
2026-09-27 01:45:34,brain,4689000,30.54,81.25,1007.42,31.09,71.31,1007.35,0,0,MANUAL,1,1,1,
2026-09-27 01:45:35,brain,4690000,30.54,81.06,1007.47,31.09,71.17,1007.36,0,0,MANUAL,1,1,1,
2026-09-27 01:45:36,brain,4691000,30.54,80.96,1007.47,31.09,71.18,1007.35,0,0,MANUAL,1,1,1,
2026-09-27 01:45:37,brain,4692000,30.54,80.90,1007.42,31.09,71.28,1007.32,0,0,MANUAL,1,1,1,
2026-09-27 01:45:38,brain,4693000,30.54,80.72,1007.44,31.09,71.20,1007.35,0,0,MANUAL,1,1,1,
2026-09-27 01:45:39,brain,4694000,30.53,80.81,1007.38,31.08,71.33,1007.31,0,0,MANUAL,1,1,1,
2026-09-27 01:45:40,brain,4695000,30.54,80.79,1007.50,31.08,71.30,1007.28,0,0,MANUAL,1,1,1,
2026-09-27 01:45:41,brain,4696000,30.54,80.72,1007.48,31.09,71.50,1007.35,0,0,MANUAL,1,1,1,
2026-09-27 01:45:42,brain,4697000,30.54,80.97,1007.37,31.09,71.56,1007.29,0,0,MANUAL,1,1,1,
2026-09-27 01:45:43,brain,4698000,30.55,81.20,1007.43,31.09,71.18,1007.35,0,0,MANUAL,1,1,1,
2026-09-27 01:45:44,brain,4699000,30.54,81.34,1007.45,31.09,71.29,1007.30,0,0,MANUAL,1,1,1,
2026-09-27 01:45:45,brain,4700000,30.54,81.51,1007.48,31.09,71.33,1007.36,0,0,MANUAL,1,1,1,
2026-09-27 01:45:46,brain,4701000,30.54,81.38,1007.42,31.09,71.26,1007.35,0,0,MANUAL,1,1,1,
2026-09-27 01:45:47,brain,4702000,30.55,81.68,1007.44,31.09,71.34,1007.35,0,0,MANUAL,1,1,1,
2026-09-27 01:45:48,brain,4703000,30.55,81.35,1007.50,31.09,71.33,1007.35,0,0,MANUAL,1,1,1,
2026-09-27 01:45:49,brain,4704000,30.55,81.59,1007.49,31.09,71.38,1007.35,0,0,MANUAL,1,1,1,
2026-09-27 01:45:50,brain,4705000,30.56,81.84,1007.39,31.08,71.28,1007.40,0,0,MANUAL,1,1,1,
2026-09-27 01:45:51,brain,4706000,30.55,81.73,1007.47,31.08,71.25,1007.31,0,0,MANUAL,1,1,1,
2026-09-27 01:45:52,brain,4707000,30.56,81.88,1007.48,31.09,71.35,1007.39,0,0,MANUAL,1,1,1,
2026-09-27 01:45:53,brain,4708000,30.55,81.60,1007.38,31.09,71.31,1007.35,0,0,MANUAL,1,1,1,
2026-09-27 01:45:54,brain,4709000,30.56,81.83,1007.40,31.09,71.48,1007.30,0,0,MANUAL,1,1,1,
2026-09-27 01:45:55,brain,4710000,30.55,81.99,1007.40,31.08,71.34,1007.34,0,0,MANUAL,1,1,1,
2026-09-27 01:45:56,brain,4711000,30.56,81.78,1007.45,31.09,71.38,1007.35,0,0,MANUAL,1,1,1,
2026-09-27 01:45:57,brain,4712000,30.56,81.78,1007.42,31.09,71.31,1007.35,0,0,MANUAL,1,1,1,
2026-09-27 01:45:58,brain,4713000,30.55,81.46,1007.44,31.09,71.46,1007.36,0,0,MANUAL,1,1,1,
2026-09-27 01:45:59,brain,4714000,30.56,81.11,1007.42,31.08,71.34,1007.37,0,0,MANUAL,1,1,1,
2026-09-27 01:46:00,brain,4715000,30.55,81.25,1007.50,31.08,71.33,1007.34,0,0,MANUAL,1,1,1,
2026-09-27 01:46:01,brain,4716000,30.55,81.39,1007.41,31.08,71.35,1007.34,0,0,MANUAL,1,1,1,
2026-09-27 01:46:02,brain,4717000,30.56,81.58,1007.48,31.08,71.20,1007.31,0,0,MANUAL,1,1,1,
2026-09-27 01:46:03,brain,4718000,30.56,81.61,1007.39,31.08,71.41,1007.34,0,0,MANUAL,1,1,1,
2026-09-27 01:46:04,brain,4719000,30.56,81.50,1007.48,31.08,71.25,1007.33,0,0,MANUAL,1,1,1,
2026-09-27 01:46:05,brain,4720000,30.56,81.78,1007.45,31.08,71.44,1007.31,0,0,MANUAL,1,1,1,
2026-09-27 01:46:06,brain,4721000,30.56,81.49,1007.42,31.07,71.61,1007.35,0,0,MANUAL,1,1,1,
2026-09-27 01:46:07,brain,4722000,30.56,81.84,1007.48,31.07,71.48,1007.33,0,0,MANUAL,1,1,1,
2026-09-27 01:46:08,brain,4723000,30.55,81.74,1007.47,31.06,71.32,1007.33,0,0,MANUAL,1,1,1,
2026-09-27 01:46:09,brain,4724000,30.56,81.62,1007.42,31.07,71.32,1007.29,0,0,MANUAL,1,1,1,
2026-09-27 01:46:10,brain,4725000,30.55,81.25,1007.47,31.07,71.24,1007.33,0,0,MANUAL,1,1,1,
2026-09-27 01:46:11,brain,4726000,30.56,81.22,1007.45,31.07,71.33,1007.33,0,0,MANUAL,1,1,1,
2026-09-27 01:46:12,brain,4727000,30.55,81.29,1007.41,31.07,71.27,1007.34,0,0,MANUAL,1,1,1,
2026-09-27 01:46:13,brain,4728000,30.55,81.46,1007.43,31.07,71.31,1007.33,0,0,MANUAL,1,1,1,
2026-09-27 01:46:14,brain,4729000,30.55,81.34,1007.50,31.08,71.27,1007.33,0,0,MANUAL,1,1,1,
2026-09-27 01:46:15,brain,4730000,30.56,81.31,1007.48,31.08,71.30,1007.33,0,0,MANUAL,1,1,1,
2026-09-27 01:46:16,brain,4731000,30.55,81.59,1007.40,31.08,71.30,1007.34,0,0,MANUAL,1,1,1,
2026-09-27 01:46:17,brain,4732000,30.55,81.67,1007.38,31.09,71.52,1007.35,0,0,MANUAL,1,1,1,
2026-09-27 01:46:18,brain,4733000,30.56,81.80,1007.50,31.09,71.56,1007.35,0,0,MANUAL,1,1,1,
2026-09-27 01:46:19,brain,4734000,30.55,81.60,1007.44,31.09,71.25,1007.33,0,0,MANUAL,1,1,1,
2026-09-27 01:46:20,brain,4735000,30.55,81.57,1007.40,31.08,71.17,1007.39,0,0,MANUAL,1,1,1,
2026-09-27 01:46:21,brain,4736000,30.56,81.58,1007.42,31.09,71.25,1007.38,0,0,MANUAL,1,1,1,
2026-09-27 01:46:22,brain,4737000,30.55,81.75,1007.41,31.09,71.59,1007.33,0,0,MANUAL,1,1,1,
2026-09-27 01:46:23,brain,4738000,30.56,81.44,1007.42,31.09,71.20,1007.36,0,0,MANUAL,1,1,1,
2026-09-27 01:46:24,brain,4739000,30.55,81.37,1007.44,31.10,71.32,1007.31,0,0,MANUAL,1,1,1,
2026-09-27 01:46:25,brain,4740000,30.55,81.50,1007.44,31.09,71.20,1007.39,0,0,MANUAL,1,1,1,
2026-09-27 01:46:26,brain,4741000,30.55,81.30,1007.43,31.10,71.37,1007.35,0,0,MANUAL,1,1,1,
2026-09-27 01:46:27,brain,4742000,30.55,81.29,1007.44,31.09,71.60,1007.30,0,0,MANUAL,1,1,1,
2026-09-27 01:46:28,brain,4743000,30.55,81.21,1007.44,31.09,71.31,1007.30,0,0,MANUAL,1,1,1,
2026-09-27 01:46:29,brain,4744000,30.55,81.50,1007.46,31.09,71.18,1007.41,0,0,MANUAL,1,1,1,
2026-09-27 01:46:30,brain,4745000,30.55,81.46,1007.44,31.09,71.26,1007.36,0,0,MANUAL,1,1,1,
2026-09-27 01:46:31,brain,4746000,30.54,81.38,1007.42,31.10,71.31,1007.32,0,0,MANUAL,1,1,1,
2026-09-27 01:46:32,brain,4747000,30.55,81.51,1007.40,31.10,71.28,1007.32,0,0,MANUAL,1,1,1,
2026-09-27 01:46:33,brain,4748000,30.55,81.42,1007.38,31.11,71.30,1007.35,0,0,MANUAL,1,1,1,
2026-09-27 01:46:34,brain,4749000,30.55,81.40,1007.40,31.10,71.24,1007.29,0,0,MANUAL,1,1,1,
2026-09-27 01:46:35,brain,4750000,30.55,81.19,1007.46,31.10,71.17,1007.35,0,0,MANUAL,1,1,1,
2026-09-27 01:46:36,brain,4751000,30.55,81.17,1007.44,31.11,71.23,1007.27,0,0,MANUAL,1,1,1,
2026-09-27 01:46:37,brain,4752000,30.55,81.25,1007.44,31.11,71.21,1007.33,0,0,MANUAL,1,1,1,
2026-09-27 01:46:38,brain,4753000,30.54,81.07,1007.37,31.11,71.19,1007.38,0,0,MANUAL,1,1,1,
2026-09-27 01:46:39,brain,4754000,30.54,81.27,1007.42,31.10,71.30,1007.40,0,0,MANUAL,1,1,1,
2026-09-27 01:46:40,brain,4755000,30.55,81.08,1007.40,31.11,71.25,1007.38,0,0,MANUAL,1,1,1,
2026-09-27 01:46:41,brain,4756000,30.54,81.46,1007.48,31.10,71.27,1007.29,0,0,MANUAL,1,1,1,
2026-09-27 01:46:42,brain,4757000,30.55,81.25,1007.44,31.11,71.54,1007.35,0,0,MANUAL,1,1,1,
2026-09-27 01:46:43,brain,4758000,30.54,81.41,1007.42,31.11,71.27,1007.33,0,0,MANUAL,1,1,1,
2026-09-27 01:46:44,brain,4759000,30.54,81.18,1007.42,31.12,71.23,1007.40,0,0,MANUAL,1,1,1,
2026-09-27 01:46:45,brain,4760000,30.55,81.27,1007.43,31.12,71.28,1007.38,0,0,MANUAL,1,1,1,
2026-09-27 01:46:46,brain,4761000,30.55,81.24,1007.38,31.11,71.27,1007.42,0,0,MANUAL,1,1,1,
2026-09-27 01:46:47,brain,4762000,30.55,81.08,1007.47,31.11,71.25,1007.33,0,0,MANUAL,1,1,1,
2026-09-27 01:46:48,brain,4763000,30.55,80.97,1007.43,31.11,71.19,1007.39,0,0,MANUAL,1,1,1,
2026-09-27 01:46:49,brain,4764000,30.55,81.33,1007.41,31.12,71.12,1007.27,0,0,MANUAL,1,1,1,
2026-09-27 01:46:50,brain,4765000,30.55,81.31,1007.43,31.11,71.21,1007.33,0,0,MANUAL,1,1,1,
2026-09-27 01:46:51,brain,4766000,30.54,81.16,1007.42,31.12,71.25,1007.34,0,0,MANUAL,1,1,1,
2026-09-27 01:46:52,brain,4767000,30.55,81.02,1007.40,31.12,71.17,1007.37,0,0,MANUAL,1,1,1,
2026-09-27 01:46:53,brain,4768000,30.54,81.04,1007.42,31.12,71.25,1007.40,0,0,MANUAL,1,1,1,
2026-09-27 01:46:54,brain,4769000,30.55,80.96,1007.46,31.12,71.57,1007.40,0,0,MANUAL,1,1,1,
2026-09-27 01:46:55,brain,4770000,30.54,81.31,1007.37,31.11,71.62,1007.33,0,0,MANUAL,1,1,1,
2026-09-27 01:46:56,brain,4771000,30.54,81.17,1007.40,31.12,71.54,1007.29,0,0,MANUAL,1,1,1,
2026-09-27 01:46:57,brain,4772000,30.54,81.25,1007.42,31.12,71.31,1007.27,0,0,MANUAL,1,1,1,
2026-09-27 01:46:58,brain,4773000,30.54,81.22,1007.42,31.11,71.44,1007.33,0,0,MANUAL,1,1,1,
2026-09-27 01:46:59,brain,4774000,30.54,81.21,1007.42,31.12,71.17,1007.32,0,0,MANUAL,1,1,1,
2026-09-27 01:47:00,brain,4775000,30.54,81.25,1007.45,31.13,71.56,1007.37,0,0,MANUAL,1,1,1,
2026-09-27 01:47:01,brain,4776000,30.54,81.33,1007.42,31.12,71.25,1007.41,0,0,MANUAL,1,1,1,
2026-09-27 01:47:02,brain,4777000,30.54,81.04,1007.48,31.13,71.35,1007.33,0,0,MANUAL,1,1,1,
2026-09-27 01:47:03,brain,4778000,30.55,81.08,1007.43,31.12,71.55,1007.38,0,0,MANUAL,1,1,1,
2026-09-27 01:47:04,brain,4779000,30.54,81.39,1007.45,31.13,71.43,1007.27,0,0,MANUAL,1,1,1,
2026-09-27 01:47:05,brain,4780000,30.55,81.16,1007.44,31.12,71.55,1007.29,0,0,MANUAL,1,1,1,
2026-09-27 01:47:06,brain,4781000,30.55,81.08,1007.50,31.13,71.40,1007.36,0,0,MANUAL,1,1,1,
2026-09-27 01:47:07,brain,4782000,30.55,81.24,1007.50,31.13,71.46,1007.33,0,0,MANUAL,1,1,1,
2026-09-27 01:47:08,brain,4783000,30.54,81.38,1007.37,31.14,71.50,1007.37,0,0,MANUAL,1,1,1,
2026-09-27 01:47:09,brain,4784000,30.54,81.21,1007.40,31.14,71.64,1007.35,0,0,MANUAL,1,1,1,
2026-09-27 01:47:10,brain,4785000,30.55,81.51,1007.44,31.13,71.53,1007.30,0,0,MANUAL,1,1,1,
2026-09-27 01:47:11,brain,4786000,30.54,81.29,1007.45,31.14,71.50,1007.33,0,0,MANUAL,1,1,1,
2026-09-27 01:47:12,brain,4787000,30.55,81.24,1007.40,31.14,71.25,1007.33,0,0,MANUAL,1,1,1,
2026-09-27 01:47:13,brain,4788000,30.55,81.31,1007.41,31.14,71.34,1007.35,0,0,MANUAL,1,1,1,
2026-09-27 01:47:14,brain,4789000,30.55,81.54,1007.44,31.15,71.49,1007.42,0,0,MANUAL,1,1,1,
2026-09-27 01:47:15,brain,4790000,30.56,81.28,1007.42,31.15,71.09,1007.36,0,0,MANUAL,1,1,1,
2026-09-27 01:47:16,brain,4791000,30.54,81.46,1007.45,31.14,71.12,1007.29,0,0,MANUAL,1,1,1,
2026-09-27 01:47:17,brain,4792000,30.55,81.40,1007.40,31.14,71.11,1007.33,0,0,MANUAL,1,1,1,
2026-09-27 01:47:18,brain,4793000,30.56,81.19,1007.45,31.15,71.14,1007.39,0,0,MANUAL,1,1,1,
2026-09-27 01:47:19,brain,4794000,30.55,81.19,1007.47,31.14,71.06,1007.30,0,0,MANUAL,1,1,1,
2026-09-27 01:47:20,brain,4795000,30.55,81.12,1007.46,31.15,71.21,1007.39,0,0,MANUAL,1,1,1,
2026-09-27 01:47:21,brain,4796000,30.54,80.94,1007.45,31.15,71.15,1007.37,0,0,MANUAL,1,1,1,
2026-09-27 01:47:22,brain,4797000,30.55,80.79,1007.50,31.15,71.23,1007.34,0,0,MANUAL,1,1,1,
2026-09-27 01:47:23,brain,4798000,30.55,81.00,1007.49,31.16,71.14,1007.35,0,0,MANUAL,1,1,1,
2026-09-27 01:47:24,brain,4799000,30.54,81.05,1007.42,31.15,71.12,1007.40,0,0,MANUAL,1,1,1,
2026-09-27 01:47:25,brain,4800000,30.55,81.17,1007.46,31.16,71.19,1007.41,0,0,MANUAL,1,1,1,
2026-09-27 01:47:26,brain,4801000,30.55,81.16,1007.43,31.16,71.16,1007.35,0,0,MANUAL,1,1,1,
2026-09-27 01:47:27,brain,4802000,30.55,81.21,1007.43,31.15,71.38,1007.31,0,0,MANUAL,1,1,1,
2026-09-27 01:47:28,brain,4803000,30.55,80.96,1007.43,31.15,71.01,1007.34,0,0,MANUAL,1,1,1,
2026-09-27 01:47:29,brain,4804000,30.55,80.90,1007.43,31.16,71.05,1007.36,0,0,MANUAL,1,1,1,
2026-09-27 01:47:30,brain,4805000,30.55,80.95,1007.49,31.16,71.30,1007.35,0,0,MANUAL,1,1,1,
2026-09-27 01:47:31,brain,4806000,30.55,81.02,1007.40,31.16,71.12,1007.29,0,0,MANUAL,1,1,1,
2026-09-27 01:47:32,brain,4807000,30.56,81.13,1007.48,31.16,71.11,1007.29,0,0,MANUAL,1,1,1,
2026-09-27 01:47:33,brain,4808000,30.56,81.07,1007.43,31.15,71.18,1007.34,0,0,MANUAL,1,1,1,
2026-09-27 01:47:34,brain,4809000,30.55,81.11,1007.43,31.16,71.17,1007.32,0,0,MANUAL,1,1,1,
2026-09-27 01:47:35,brain,4810000,30.56,81.41,1007.45,31.16,71.04,1007.36,0,0,MANUAL,1,1,1,
2026-09-27 01:47:36,brain,4811000,30.55,81.14,1007.41,31.17,71.05,1007.42,0,0,MANUAL,1,1,1,
2026-09-27 01:47:37,brain,4812000,30.55,81.30,1007.40,31.17,71.07,1007.34,0,0,MANUAL,1,1,1,
2026-09-27 01:47:38,brain,4813000,30.56,81.23,1007.39,31.17,71.18,1007.35,0,0,MANUAL,1,1,1,
2026-09-27 01:47:39,brain,4814000,30.56,80.90,1007.43,31.17,71.13,1007.37,0,0,MANUAL,1,1,1,
2026-09-27 01:47:40,brain,4815000,30.55,80.75,1007.44,31.16,71.11,1007.36,0,0,MANUAL,1,1,1,
2026-09-27 01:47:41,brain,4816000,30.55,80.69,1007.41,31.15,70.97,1007.31,0,0,MANUAL,1,1,1,
2026-09-27 01:47:42,brain,4817000,30.56,81.05,1007.45,31.18,71.05,1007.38,0,0,MANUAL,1,1,1,
2026-09-27 01:47:43,brain,4818000,30.55,80.89,1007.35,31.17,71.03,1007.40,0,0,MANUAL,1,1,1,
2026-09-27 01:47:44,brain,4819000,30.55,81.15,1007.41,31.17,71.12,1007.31,0,0,MANUAL,1,1,1,
2026-09-27 01:47:45,brain,4820000,30.55,80.96,1007.44,31.17,71.06,1007.32,0,0,MANUAL,1,1,1,
2026-09-27 01:47:46,brain,4821000,30.56,80.96,1007.48,31.17,70.98,1007.31,0,0,MANUAL,1,1,1,
2026-09-27 01:47:47,brain,4822000,30.56,81.17,1007.42,31.17,71.08,1007.32,0,0,MANUAL,1,1,1,
2026-09-27 01:47:48,brain,4823000,30.55,81.08,1007.46,31.17,71.15,1007.35,0,0,MANUAL,1,1,1,
2026-09-27 01:47:49,brain,4824000,30.55,80.94,1007.47,31.16,70.95,1007.33,0,0,MANUAL,1,1,1,
2026-09-27 01:47:50,brain,4825000,30.55,80.89,1007.50,31.15,71.20,1007.34,0,0,MANUAL,1,1,1,
2026-09-27 01:47:51,brain,4826000,30.54,80.42,1007.42,31.17,71.30,1007.40,0,0,MANUAL,1,1,1,
2026-09-27 01:47:52,brain,4827000,30.54,80.07,1007.44,31.17,71.11,1007.31,0,0,MANUAL,1,1,1,
2026-09-27 01:47:53,brain,4828000,30.54,80.01,1007.42,31.16,71.06,1007.39,0,0,MANUAL,1,1,1,
2026-09-27 01:47:54,brain,4829000,30.55,80.22,1007.47,31.16,71.23,1007.33,0,0,MANUAL,1,1,1,
2026-09-27 01:47:55,brain,4830000,30.55,80.37,1007.43,31.17,71.20,1007.34,0,0,MANUAL,1,1,1,
2026-09-27 01:47:56,brain,4831000,30.55,80.57,1007.50,31.16,71.22,1007.35,0,0,MANUAL,1,1,1,
2026-09-27 01:47:57,brain,4832000,30.55,80.58,1007.36,31.16,71.25,1007.38,0,0,MANUAL,1,1,1,
2026-09-27 01:47:58,brain,4833000,30.55,80.45,1007.49,31.16,71.02,1007.35,0,0,MANUAL,1,1,1,
2026-09-27 01:47:59,brain,4834000,30.54,80.22,1007.48,31.16,71.34,1007.36,0,0,MANUAL,1,1,1,
2026-09-27 01:48:00,brain,4835000,30.54,80.43,1007.42,31.17,71.41,1007.37,0,0,MANUAL,1,1,1,
2026-09-27 01:48:01,brain,4836000,30.55,80.31,1007.49,31.16,71.16,1007.36,0,0,MANUAL,1,1,1,
2026-09-27 01:48:02,brain,4837000,30.54,80.41,1007.42,31.17,71.10,1007.32,0,0,MANUAL,1,1,1,
2026-09-27 01:48:03,brain,4838000,30.55,80.79,1007.43,31.16,70.98,1007.29,0,0,MANUAL,1,1,1,
2026-09-27 01:48:04,brain,4839000,30.55,80.56,1007.49,31.16,71.03,1007.38,0,0,MANUAL,1,1,1,
2026-09-27 01:48:05,brain,4840000,30.55,80.85,1007.46,31.15,71.03,1007.34,0,0,MANUAL,1,1,1,
2026-09-27 01:48:06,brain,4841000,30.55,80.63,1007.49,31.16,71.05,1007.36,0,0,MANUAL,1,1,1,
2026-09-27 01:48:07,brain,4842000,30.55,80.46,1007.46,31.16,70.98,1007.39,0,0,MANUAL,1,1,1,
2026-09-27 01:48:08,brain,4843000,30.55,80.43,1007.49,31.16,71.08,1007.29,0,0,MANUAL,1,1,1,
2026-09-27 01:48:09,brain,4844000,30.55,80.53,1007.47,31.17,71.06,1007.37,0,0,MANUAL,1,1,1,
2026-09-27 01:48:10,brain,4845000,30.55,80.53,1007.44,31.16,71.00,1007.39,0,0,MANUAL,1,1,1,
2026-09-27 01:48:11,brain,4846000,30.56,80.95,1007.45,31.16,71.14,1007.32,0,0,MANUAL,1,1,1,
2026-09-27 01:48:12,brain,4847000,30.55,80.79,1007.44,31.16,71.31,1007.32,0,0,MANUAL,1,1,1,
2026-09-27 01:48:13,brain,4848000,30.55,81.00,1007.47,31.16,70.97,1007.36,0,0,MANUAL,1,1,1,
2026-09-27 01:48:14,brain,4849000,30.56,80.83,1007.46,31.16,71.06,1007.36,0,0,MANUAL,1,1,1,
2026-09-27 01:48:15,brain,4850000,30.56,80.87,1007.48,31.16,71.19,1007.41,0,0,MANUAL,1,1,1,
2026-09-27 01:48:16,brain,4851000,30.55,80.90,1007.40,31.16,71.08,1007.33,0,0,MANUAL,1,1,1,
2026-09-27 01:48:17,brain,4852000,30.55,80.92,1007.47,31.15,71.08,1007.36,0,0,MANUAL,1,1,1,
2026-09-27 01:48:18,brain,4853000,30.56,81.15,1007.45,31.17,71.14,1007.34,0,0,MANUAL,1,1,1,
2026-09-27 01:48:19,brain,4854000,30.56,81.16,1007.42,31.16,71.20,1007.35,0,0,MANUAL,1,1,1,
2026-09-27 01:48:20,brain,4855000,30.56,80.96,1007.48,31.15,71.00,1007.37,0,0,MANUAL,1,1,1,
2026-09-27 01:48:21,brain,4856000,30.56,81.21,1007.45,31.16,71.03,1007.38,0,0,MANUAL,1,1,1,
2026-09-27 01:48:22,brain,4857000,30.56,81.13,1007.45,31.16,71.16,1007.36,0,0,MANUAL,1,1,1,
2026-09-27 01:48:23,brain,4858000,30.56,81.30,1007.45,31.16,71.46,1007.36,0,0,MANUAL,1,1,1,
2026-09-27 01:48:24,brain,4859000,30.56,81.10,1007.45,31.17,71.40,1007.31,0,0,MANUAL,1,1,1,
2026-09-27 01:48:25,brain,4860000,30.56,81.14,1007.45,31.16,71.49,1007.36,0,0,MANUAL,1,1,1,
2026-09-27 01:48:26,brain,4861000,30.56,81.08,1007.50,31.16,71.45,1007.29,0,0,MANUAL,1,1,1,
2026-09-27 01:48:27,brain,4862000,30.57,81.14,1007.47,31.17,71.31,1007.31,0,0,MANUAL,1,1,1,
2026-09-27 01:48:28,brain,4863000,30.55,81.27,1007.44,31.16,71.11,1007.29,0,0,MANUAL,1,1,1,
2026-09-27 01:48:29,brain,4864000,30.56,81.35,1007.46,31.17,71.27,1007.32,0,0,MANUAL,1,1,1,
2026-09-27 01:48:30,brain,4865000,30.57,81.12,1007.41,31.16,71.07,1007.30,0,0,MANUAL,1,1,1,
2026-09-27 01:48:31,brain,4866000,30.56,81.24,1007.40,31.17,71.46,1007.37,0,0,MANUAL,1,1,1,
2026-09-27 01:48:32,brain,4867000,30.57,81.52,1007.42,31.16,71.49,1007.30,0,0,MANUAL,1,1,1,
2026-09-27 01:48:33,brain,4868000,30.57,81.47,1007.44,31.16,71.49,1007.39,0,0,MANUAL,1,1,1,
2026-09-27 01:48:34,brain,4869000,30.57,81.36,1007.42,31.17,71.41,1007.37,0,0,MANUAL,1,1,1,
2026-09-27 01:48:35,brain,4870000,30.56,80.99,1007.45,31.17,71.29,1007.31,0,0,MANUAL,1,1,1,
2026-09-27 01:48:36,brain,4871000,30.56,80.89,1007.46,31.17,71.16,1007.39,0,0,MANUAL,1,1,1,
2026-09-27 01:48:37,brain,4872000,30.55,80.81,1007.47,31.16,71.14,1007.30,0,0,MANUAL,1,1,1,
2026-09-27 01:48:38,brain,4873000,30.56,81.06,1007.43,31.17,70.96,1007.37,0,0,MANUAL,1,1,1,
2026-09-27 01:48:39,brain,4874000,30.57,80.98,1007.47,31.17,71.13,1007.37,0,0,MANUAL,1,1,1,
2026-09-27 01:48:40,brain,4875000,30.57,81.34,1007.44,31.17,71.38,1007.31,0,0,MANUAL,1,1,1,
2026-09-27 01:48:41,brain,4876000,30.57,81.20,1007.41,31.17,71.07,1007.37,0,0,MANUAL,1,1,1,
2026-09-27 01:48:42,brain,4877000,30.57,81.21,1007.46,31.17,71.02,1007.37,0,0,MANUAL,1,1,1,
2026-09-27 01:48:43,brain,4878000,30.57,81.33,1007.47,31.17,71.03,1007.37,0,0,MANUAL,1,1,1,
2026-09-27 01:48:44,brain,4879000,30.58,81.15,1007.48,31.16,70.98,1007.36,0,0,MANUAL,1,1,1,
2026-09-27 01:48:45,brain,4880000,30.57,81.44,1007.42,31.17,71.02,1007.37,0,0,MANUAL,1,1,1,
2026-09-27 01:48:46,brain,4881000,30.57,81.11,1007.44,31.17,71.21,1007.37,0,0,MANUAL,1,1,1,
2026-09-27 01:48:47,brain,4882000,30.56,80.94,1007.46,31.16,71.15,1007.33,0,0,MANUAL,1,1,1,
2026-09-27 01:48:48,brain,4883000,30.56,80.77,1007.48,31.16,71.35,1007.39,0,0,MANUAL,1,1,1,
2026-09-27 01:48:49,brain,4884000,30.57,80.45,1007.47,31.15,71.22,1007.34,0,0,MANUAL,1,1,1,
2026-09-27 01:48:50,brain,4885000,30.56,80.92,1007.46,31.16,71.17,1007.30,0,0,MANUAL,1,1,1,
2026-09-27 01:48:51,brain,4886000,30.57,80.64,1007.44,31.16,71.34,1007.36,0,0,MANUAL,1,1,1,
2026-09-27 01:48:52,brain,4887000,30.57,80.53,1007.49,31.17,71.42,1007.28,0,0,MANUAL,1,1,1,
2026-09-27 01:48:53,brain,4888000,30.57,80.74,1007.44,31.17,71.31,1007.39,0,0,MANUAL,1,1,1,
2026-09-27 01:48:54,brain,4889000,30.58,80.87,1007.42,31.17,71.07,1007.37,0,0,MANUAL,1,1,1,
2026-09-27 01:48:55,brain,4890000,30.57,80.88,1007.47,31.17,71.18,1007.37,0,0,MANUAL,1,1,1,
2026-09-27 01:48:56,brain,4891000,30.57,81.02,1007.50,31.16,71.19,1007.36,0,0,MANUAL,1,1,1,
2026-09-27 01:48:57,brain,4892000,30.57,81.06,1007.50,31.16,71.14,1007.36,0,0,MANUAL,1,1,1,
2026-09-27 01:48:58,brain,4893000,30.58,81.10,1007.48,31.17,71.06,1007.34,0,0,MANUAL,1,1,1,
2026-09-27 01:48:59,brain,4894000,30.57,81.06,1007.47,31.17,71.01,1007.39,0,0,MANUAL,1,1,1,
2026-09-27 01:49:00,brain,4895000,30.57,81.09,1007.41,31.16,71.00,1007.28,0,0,MANUAL,1,1,1,
2026-09-27 01:49:01,brain,4896000,30.58,80.88,1007.46,31.16,71.08,1007.39,0,0,MANUAL,1,1,1,
2026-09-27 01:49:02,brain,4897000,30.57,80.89,1007.39,31.17,71.08,1007.34,0,0,MANUAL,1,1,1,
2026-09-27 01:49:03,brain,4898000,30.58,81.27,1007.42,31.17,71.05,1007.32,0,0,MANUAL,1,1,1,
2026-09-27 01:49:04,brain,4899000,30.58,81.22,1007.49,31.17,71.13,1007.34,0,0,MANUAL,1,1,1,
2026-09-27 01:49:05,brain,4900000,30.58,81.43,1007.45,31.16,71.12,1007.36,0,0,MANUAL,1,1,1,
2026-09-27 01:49:06,brain,4901000,30.58,81.24,1007.43,31.16,71.04,1007.36,0,0,MANUAL,1,1,1,
2026-09-27 01:49:07,brain,4902000,30.59,81.25,1007.44,31.16,71.40,1007.33,0,0,MANUAL,1,1,1,
2026-09-27 01:49:08,brain,4903000,30.58,81.22,1007.40,31.17,71.18,1007.37,0,0,MANUAL,1,1,1,
2026-09-27 01:49:09,brain,4904000,30.58,81.36,1007.42,31.18,71.17,1007.33,0,0,MANUAL,1,1,1,
2026-09-27 01:49:10,brain,4905000,30.58,81.57,1007.40,31.17,71.37,1007.37,0,0,MANUAL,1,1,1,
2026-09-27 01:49:11,brain,4906000,30.59,81.35,1007.50,31.17,71.04,1007.37,0,0,MANUAL,1,1,1,
2026-09-27 01:49:12,brain,4907000,30.59,81.58,1007.44,31.17,71.10,1007.37,0,0,MANUAL,1,1,1,
2026-09-27 01:49:13,brain,4908000,30.58,81.26,1007.49,31.17,70.94,1007.37,0,0,MANUAL,1,1,1,
2026-09-27 01:49:14,brain,4909000,30.58,81.22,1007.48,31.18,70.95,1007.30,0,0,MANUAL,1,1,1,
2026-09-27 01:49:15,brain,4910000,30.58,80.87,1007.46,31.17,71.03,1007.31,0,0,MANUAL,1,1,1,
2026-09-27 01:49:16,brain,4911000,30.58,80.89,1007.43,31.17,71.11,1007.31,0,0,MANUAL,1,1,1,
2026-09-27 01:49:17,brain,4912000,30.59,81.29,1007.41,31.16,70.97,1007.33,0,0,MANUAL,1,1,1,
2026-09-27 01:49:18,brain,4913000,30.59,81.23,1007.50,31.17,71.13,1007.37,0,0,MANUAL,1,1,1,
2026-09-27 01:49:19,brain,4914000,30.58,81.32,1007.43,31.17,70.98,1007.37,0,0,MANUAL,1,1,1,
2026-09-27 01:49:20,brain,4915000,30.60,81.17,1007.42,31.16,71.12,1007.32,0,0,MANUAL,1,1,1,
2026-09-27 01:49:21,brain,4916000,30.59,81.16,1007.38,31.16,71.04,1007.35,0,0,MANUAL,1,1,1,
2026-09-27 01:49:22,brain,4917000,30.59,81.45,1007.47,31.16,70.93,1007.36,0,0,MANUAL,1,1,1,
2026-09-27 01:49:23,brain,4918000,30.58,81.17,1007.43,31.16,71.00,1007.36,0,0,MANUAL,1,1,1,
2026-09-27 01:49:24,brain,4919000,30.60,81.58,1007.48,31.17,71.01,1007.37,0,0,MANUAL,1,1,1,
2026-09-27 01:49:25,brain,4920000,30.59,81.46,1007.50,31.16,71.14,1007.32,0,0,MANUAL,1,1,1,
2026-09-27 01:49:26,brain,4921000,30.60,81.55,1007.48,31.16,71.09,1007.36,0,0,MANUAL,1,1,1,
2026-09-27 01:49:27,brain,4922000,30.61,81.49,1007.52,31.16,71.06,1007.36,0,0,MANUAL,1,1,1,
2026-09-27 01:49:28,brain,4923000,30.60,81.55,1007.40,31.16,71.21,1007.35,0,0,MANUAL,1,1,1,
2026-09-27 01:49:29,brain,4924000,30.60,81.78,1007.42,31.16,70.89,1007.35,0,0,MANUAL,1,1,1,
2026-09-27 01:49:30,brain,4925000,30.60,81.71,1007.48,31.15,71.09,1007.34,0,0,MANUAL,1,1,1,
2026-09-27 01:49:31,brain,4926000,30.60,81.06,1007.48,31.16,71.23,1007.30,0,0,MANUAL,1,1,1,
2026-09-27 01:49:32,brain,4927000,30.60,81.22,1007.48,31.15,71.08,1007.34,0,0,MANUAL,1,1,1,
2026-09-27 01:49:33,brain,4928000,30.59,80.98,1007.44,31.15,70.98,1007.31,0,0,MANUAL,1,1,1,
2026-09-27 01:49:34,brain,4929000,30.60,81.34,1007.48,31.16,70.98,1007.29,0,0,MANUAL,1,1,1,
2026-09-27 01:49:35,brain,4930000,30.60,81.14,1007.45,31.17,71.08,1007.37,0,0,MANUAL,1,1,1,
2026-09-27 01:49:36,brain,4931000,30.59,81.30,1007.47,31.15,70.92,1007.34,0,0,MANUAL,1,1,1,
2026-09-27 01:49:37,brain,4932000,30.60,81.26,1007.43,31.16,70.99,1007.30,0,0,MANUAL,1,1,1,
2026-09-27 01:49:38,brain,4933000,30.59,81.59,1007.44,31.16,71.28,1007.30,0,0,MANUAL,1,1,1,
2026-09-27 01:49:39,brain,4934000,30.60,81.20,1007.45,31.17,71.08,1007.39,0,0,MANUAL,1,1,1,
2026-09-27 01:49:40,brain,4935000,30.58,81.42,1007.46,31.16,71.05,1007.36,0,0,MANUAL,1,1,1,
2026-09-27 01:49:41,brain,4936000,30.60,81.56,1007.51,31.15,71.07,1007.34,0,0,MANUAL,1,1,1,
2026-09-27 01:49:42,brain,4937000,30.60,81.51,1007.39,31.15,70.97,1007.36,0,0,MANUAL,1,1,1,
2026-09-27 01:49:43,brain,4938000,30.61,81.32,1007.44,31.16,71.00,1007.35,0,0,MANUAL,1,1,1,
2026-09-27 01:49:44,brain,4939000,30.60,81.26,1007.46,31.15,71.04,1007.34,0,0,MANUAL,1,1,1,
2026-09-27 01:49:45,brain,4940000,30.59,81.13,1007.38,31.15,71.15,1007.33,0,0,MANUAL,1,1,1,
2026-09-27 01:49:46,brain,4941000,30.60,81.26,1007.42,31.15,71.20,1007.29,0,0,MANUAL,1,1,1,
2026-09-27 01:49:47,brain,4942000,30.60,81.20,1007.45,31.15,71.33,1007.36,0,0,MANUAL,1,1,1,
2026-09-27 01:49:48,brain,4943000,30.60,81.06,1007.43,31.15,71.43,1007.37,0,0,MANUAL,1,1,1,
2026-09-27 01:49:49,brain,4944000,30.61,81.14,1007.46,31.16,71.48,1007.35,0,0,MANUAL,1,1,1,
2026-09-27 01:49:50,brain,4945000,30.60,81.52,1007.43,31.15,71.43,1007.40,0,0,MANUAL,1,1,1,
2026-09-27 01:49:51,brain,4946000,30.60,81.40,1007.50,31.15,71.17,1007.34,0,0,MANUAL,1,1,1,
2026-09-27 01:49:52,brain,4947000,30.60,81.42,1007.43,31.15,71.00,1007.33,0,0,MANUAL,1,1,1,
2026-09-27 01:49:53,brain,4948000,30.61,81.49,1007.41,31.15,71.08,1007.37,0,0,MANUAL,1,1,1,
2026-09-27 01:49:54,brain,4949000,30.60,81.80,1007.39,31.15,71.40,1007.33,0,0,MANUAL,1,1,1,
2026-09-27 01:49:55,brain,4950000,30.60,81.80,1007.42,31.14,71.16,1007.35,0,0,MANUAL,1,1,1,
2026-09-27 01:49:56,brain,4951000,30.60,81.40,1007.39,31.14,71.10,1007.38,0,0,MANUAL,1,1,1,
2026-09-27 01:49:57,brain,4952000,30.61,81.69,1007.46,31.16,71.14,1007.29,0,0,MANUAL,1,1,1,
2026-09-27 01:49:58,brain,4953000,30.61,81.17,1007.49,31.14,71.10,1007.38,0,0,MANUAL,1,1,1,
2026-09-27 01:49:59,brain,4954000,30.60,81.49,1007.42,31.15,71.14,1007.31,0,0,MANUAL,1,1,1,
2026-09-27 01:50:00,brain,4955000,30.61,81.20,1007.49,31.15,71.01,1007.39,0,0,MANUAL,1,1,1,
2026-09-27 01:50:01,brain,4956000,30.60,81.37,1007.43,31.14,71.39,1007.35,0,0,MANUAL,1,1,1,
2026-09-27 01:50:02,brain,4957000,30.60,81.21,1007.48,31.15,70.99,1007.40,0,0,MANUAL,1,1,1,
2026-09-27 01:50:03,brain,4958000,30.61,81.25,1007.46,31.13,71.23,1007.30,0,0,MANUAL,1,1,1,
2026-09-27 01:50:04,brain,4959000,30.60,81.39,1007.46,31.15,71.40,1007.36,0,0,MANUAL,1,1,1,
2026-09-27 01:50:05,brain,4960000,30.61,81.39,1007.46,31.15,71.09,1007.36,0,0,MANUAL,1,1,1,
2026-09-27 01:50:06,brain,4961000,30.59,81.13,1007.38,31.13,71.30,1007.30,0,0,MANUAL,1,1,1,
2026-09-27 01:50:07,brain,4962000,30.60,81.07,1007.48,31.14,70.91,1007.37,0,0,MANUAL,1,1,1,
2026-09-27 01:50:08,brain,4963000,30.59,81.05,1007.47,31.14,70.87,1007.35,0,0,MANUAL,1,1,1,
2026-09-27 01:50:09,brain,4964000,30.59,80.97,1007.44,31.14,70.99,1007.37,0,0,MANUAL,1,1,1,
2026-09-27 01:50:10,brain,4965000,30.61,81.10,1007.41,31.12,71.10,1007.32,0,0,MANUAL,1,1,1,
2026-09-27 01:50:11,brain,4966000,30.58,81.38,1007.43,31.13,71.15,1007.36,0,0,MANUAL,1,1,1,
2026-09-27 01:50:12,brain,4967000,30.60,81.27,1007.42,31.14,71.14,1007.32,0,0,MANUAL,1,1,1,
2026-09-27 01:50:13,brain,4968000,30.60,81.47,1007.45,31.14,71.14,1007.38,0,0,MANUAL,1,1,1,
2026-09-27 01:50:14,brain,4969000,30.60,81.46,1007.45,31.13,71.10,1007.34,0,0,MANUAL,1,1,1,
2026-09-27 01:50:15,brain,4970000,30.59,81.24,1007.44,31.14,71.10,1007.37,0,0,MANUAL,1,1,1,
2026-09-27 01:50:16,brain,4971000,30.60,81.46,1007.39,31.13,71.03,1007.25,0,0,MANUAL,1,1,1,
2026-09-27 01:50:17,brain,4972000,30.60,81.41,1007.45,31.14,71.11,1007.37,0,0,MANUAL,1,1,1,
2026-09-27 01:50:18,brain,4973000,30.60,81.57,1007.48,31.13,71.11,1007.31,0,0,MANUAL,1,1,1,
2026-09-27 01:50:19,brain,4974000,30.60,81.37,1007.45,31.13,71.06,1007.33,0,0,MANUAL,1,1,1,
2026-09-27 01:50:20,brain,4975000,30.59,81.39,1007.47,31.13,71.19,1007.36,0,0,MANUAL,1,1,1,
2026-09-27 01:50:21,brain,4976000,30.59,81.48,1007.47,31.12,71.04,1007.41,0,0,MANUAL,1,1,1,
2026-09-27 01:50:22,brain,4977000,30.60,81.40,1007.45,31.13,71.19,1007.36,0,0,MANUAL,1,1,1,
2026-09-27 01:50:23,brain,4978000,30.59,81.54,1007.47,31.14,71.11,1007.41,0,0,MANUAL,1,1,1,
2026-09-27 01:50:24,brain,4979000,30.60,81.40,1007.45,31.14,71.09,1007.37,0,0,MANUAL,1,1,1,
2026-09-27 01:50:25,brain,4980000,30.59,81.22,1007.47,31.14,71.12,1007.35,0,0,MANUAL,1,1,1,
2026-09-27 01:50:26,brain,4981000,30.60,80.89,1007.48,31.14,71.29,1007.38,0,0,MANUAL,1,1,1,
2026-09-27 01:50:27,brain,4982000,30.60,80.92,1007.50,31.14,71.05,1007.29,0,0,MANUAL,1,1,1,
2026-09-27 01:50:28,brain,4983000,30.59,80.54,1007.41,31.13,71.21,1007.36,0,0,MANUAL,1,1,1,
2026-09-27 01:50:29,brain,4984000,30.58,80.63,1007.40,31.14,71.06,1007.37,0,0,MANUAL,1,1,1,
2026-09-27 01:50:30,brain,4985000,30.58,80.40,1007.46,31.12,71.26,1007.43,0,0,MANUAL,1,1,1,
2026-09-27 01:50:31,brain,4986000,30.59,80.47,1007.38,31.12,71.41,1007.35,0,0,MANUAL,1,1,1,
2026-09-27 01:50:32,brain,4987000,30.57,80.39,1007.47,31.13,71.09,1007.37,0,0,MANUAL,1,1,1,
2026-09-27 01:50:33,brain,4988000,30.58,80.17,1007.49,31.12,71.53,1007.32,0,0,MANUAL,1,1,1,
2026-09-27 01:50:34,brain,4989000,30.58,80.53,1007.46,31.13,71.09,1007.36,0,0,MANUAL,1,1,1,
2026-09-27 01:50:35,brain,4990000,30.58,80.13,1007.45,31.14,71.01,1007.29,0,0,MANUAL,1,1,1,
2026-09-27 01:50:36,brain,4991000,30.58,80.40,1007.45,31.14,71.10,1007.33,0,0,MANUAL,1,1,1,
2026-09-27 01:50:37,brain,4992000,30.58,80.60,1007.43,31.14,71.28,1007.32,0,0,MANUAL,1,1,1,
2026-09-27 01:50:38,brain,4993000,30.58,80.51,1007.43,31.13,71.11,1007.36,0,0,MANUAL,1,1,1,
2026-09-27 01:50:39,brain,4994000,30.58,80.54,1007.43,31.12,71.24,1007.38,0,0,MANUAL,1,1,1,
2026-09-27 01:50:40,brain,4995000,30.58,80.78,1007.42,31.12,71.53,1007.38,0,0,MANUAL,1,1,1,
2026-09-27 01:50:41,brain,4996000,30.58,80.75,1007.40,31.12,71.08,1007.35,0,0,MANUAL,1,1,1,
2026-09-27 01:50:42,brain,4997000,30.58,80.95,1007.43,31.12,71.03,1007.35,0,0,MANUAL,1,1,1,
2026-09-27 01:50:43,brain,4998000,30.59,80.74,1007.41,31.13,71.05,1007.30,0,0,MANUAL,1,1,1,
2026-09-27 01:50:44,brain,4999000,30.58,80.98,1007.43,31.13,71.02,1007.37,0,0,MANUAL,1,1,1,
2026-09-27 01:50:45,brain,5000000,30.58,80.81,1007.43,31.13,71.14,1007.34,0,0,MANUAL,1,1,1,
2026-09-27 01:50:46,brain,5001000,30.60,81.14,1007.42,31.13,71.17,1007.28,0,0,MANUAL,1,1,1,
2026-09-27 01:50:47,brain,5002000,30.58,81.00,1007.46,31.12,71.31,1007.35,0,0,MANUAL,1,1,1,
2026-09-27 01:50:48,brain,5003000,30.60,81.20,1007.45,31.14,71.25,1007.41,0,0,MANUAL,1,1,1,
2026-09-27 01:50:49,brain,5004000,30.59,80.99,1007.44,31.14,71.05,1007.35,0,0,MANUAL,1,1,1,
2026-09-27 01:50:50,brain,5005000,30.59,80.88,1007.52,31.12,71.00,1007.35,0,0,MANUAL,1,1,1,
2026-09-27 01:50:51,brain,5006000,30.58,80.76,1007.46,31.12,71.12,1007.35,0,0,MANUAL,1,1,1,
2026-09-27 01:50:52,brain,5007000,30.59,80.22,1007.47,31.13,71.12,1007.36,0,0,MANUAL,1,1,1,
2026-09-27 01:50:53,brain,5008000,30.58,80.47,1007.54,31.13,71.01,1007.39,0,0,MANUAL,1,1,1,
2026-09-27 01:50:54,brain,5009000,30.58,80.37,1007.49,31.12,71.08,1007.35,0,0,MANUAL,1,1,1,
2026-09-27 01:50:55,brain,5010000,30.59,80.70,1007.50,31.12,71.08,1007.35,0,0,MANUAL,1,1,1,
2026-09-27 01:50:56,brain,5011000,30.60,80.94,1007.48,31.12,71.31,1007.29,0,0,MANUAL,1,1,1,
2026-09-27 01:50:57,brain,5012000,30.58,80.73,1007.38,31.12,71.13,1007.34,0,0,MANUAL,1,1,1,
2026-09-27 01:50:58,brain,5013000,30.58,80.37,1007.45,31.13,71.07,1007.41,0,0,MANUAL,1,1,1,
2026-09-27 01:50:59,brain,5014000,30.59,80.37,1007.38,31.12,71.06,1007.29,0,0,MANUAL,1,1,1,
2026-09-27 01:51:00,brain,5015000,30.59,80.51,1007.47,31.12,70.99,1007.37,0,0,MANUAL,1,1,1,
2026-09-27 01:51:01,brain,5016000,30.60,80.65,1007.56,31.12,71.12,1007.38,0,0,MANUAL,1,1,1,
2026-09-27 01:51:02,brain,5017000,30.58,80.52,1007.40,31.12,71.02,1007.41,0,0,MANUAL,1,1,1,
2026-09-27 01:51:03,brain,5018000,30.59,80.11,1007.44,31.12,71.02,1007.35,0,0,MANUAL,1,1,1,
2026-09-27 01:51:04,brain,5019000,30.57,79.71,1007.50,31.12,71.03,1007.29,0,0,MANUAL,1,1,1,
2026-09-27 01:51:05,brain,5020000,30.58,79.87,1007.45,31.11,71.08,1007.31,0,0,MANUAL,1,1,1,
2026-09-27 01:51:06,brain,5021000,30.58,80.03,1007.48,31.12,71.05,1007.34,0,0,MANUAL,1,1,1,
2026-09-27 01:51:07,brain,5022000,30.58,80.17,1007.40,31.13,71.25,1007.36,0,0,MANUAL,1,1,1,
2026-09-27 01:51:08,brain,5023000,30.58,80.31,1007.40,31.12,71.04,1007.37,0,0,MANUAL,1,1,1,
2026-09-27 01:51:09,brain,5024000,30.57,80.56,1007.42,31.11,71.14,1007.36,0,0,MANUAL,1,1,1,
2026-09-27 01:51:10,brain,5025000,30.58,80.47,1007.52,31.12,70.96,1007.37,0,0,MANUAL,1,1,1,
2026-09-27 01:51:11,brain,5026000,30.58,80.57,1007.40,31.11,71.23,1007.39,0,0,MANUAL,1,1,1,
2026-09-27 01:51:12,brain,5027000,30.58,80.73,1007.43,31.12,71.03,1007.32,0,0,MANUAL,1,1,1,
2026-09-27 01:51:13,brain,5028000,30.59,80.51,1007.41,31.12,71.34,1007.40,0,0,MANUAL,1,1,1,
2026-09-27 01:51:14,brain,5029000,30.58,80.78,1007.46,31.12,71.12,1007.35,0,0,MANUAL,1,1,1,
2026-09-27 01:51:15,brain,5030000,30.58,80.90,1007.42,31.13,71.19,1007.39,0,0,MANUAL,1,1,1,
2026-09-27 01:51:16,brain,5031000,30.59,80.70,1007.41,31.11,71.21,1007.33,0,0,MANUAL,1,1,1,
2026-09-27 01:51:17,brain,5032000,30.59,80.74,1007.41,31.11,71.35,1007.33,0,0,MANUAL,1,1,1,
2026-09-27 01:51:18,brain,5033000,30.60,81.05,1007.48,31.11,71.28,1007.36,0,0,MANUAL,1,1,1,
2026-09-27 01:51:19,brain,5034000,30.58,81.04,1007.45,31.12,71.11,1007.31,0,0,MANUAL,1,1,1,
2026-09-27 01:51:20,brain,5035000,30.58,81.08,1007.40,31.13,71.17,1007.33,0,0,MANUAL,1,1,1,
2026-09-27 01:51:21,brain,5036000,30.59,81.22,1007.41,31.12,71.18,1007.32,0,0,MANUAL,1,1,1,
2026-09-27 01:51:22,brain,5037000,30.59,80.94,1007.47,31.13,71.19,1007.36,0,0,MANUAL,1,1,1,
2026-09-27 01:51:23,brain,5038000,30.60,81.18,1007.45,31.12,71.36,1007.29,0,0,MANUAL,1,1,1,
2026-09-27 01:51:24,brain,5039000,30.58,81.03,1007.46,31.13,71.29,1007.36,0,0,MANUAL,1,1,1,
2026-09-27 01:51:25,brain,5040000,30.59,81.06,1007.41,31.14,71.19,1007.37,0,0,MANUAL,1,1,1,
2026-09-27 01:51:26,brain,5041000,30.60,81.18,1007.51,31.14,71.04,1007.33,0,0,MANUAL,1,1,1,
2026-09-27 01:51:27,brain,5042000,30.60,81.00,1007.45,31.12,71.29,1007.32,0,0,MANUAL,1,1,1,
2026-09-27 01:51:28,brain,5043000,30.61,81.06,1007.52,31.13,71.42,1007.39,0,0,MANUAL,1,1,1,
2026-09-27 01:51:29,brain,5044000,30.59,81.10,1007.44,31.14,71.24,1007.35,0,0,MANUAL,1,1,1,
2026-09-27 01:51:30,brain,5045000,30.59,81.33,1007.47,31.14,71.26,1007.37,0,0,MANUAL,1,1,1,
2026-09-27 01:51:31,brain,5046000,30.60,81.30,1007.42,31.14,71.29,1007.38,0,0,MANUAL,1,1,1,
2026-09-27 01:51:32,brain,5047000,30.59,81.09,1007.47,31.14,71.43,1007.32,0,0,MANUAL,1,1,1,
2026-09-27 01:51:33,brain,5048000,30.60,81.11,1007.39,31.15,71.29,1007.34,0,0,MANUAL,1,1,1,
2026-09-27 01:51:34,brain,5049000,30.60,81.22,1007.43,31.14,71.07,1007.41,0,0,MANUAL,1,1,1,
2026-09-27 01:51:35,brain,5050000,30.60,80.93,1007.48,31.15,71.47,1007.36,0,0,MANUAL,1,1,1,
2026-09-27 01:51:36,brain,5051000,30.60,80.87,1007.45,31.15,71.23,1007.31,0,0,MANUAL,1,1,1,
2026-09-27 01:51:37,brain,5052000,30.59,80.97,1007.44,31.14,71.25,1007.35,0,0,MANUAL,1,1,1,
2026-09-27 01:51:38,brain,5053000,30.60,80.97,1007.50,31.14,71.08,1007.33,0,0,MANUAL,1,1,1,
2026-09-27 01:51:39,brain,5054000,30.60,81.07,1007.48,31.14,71.21,1007.37,0,0,MANUAL,1,1,1,
2026-09-27 01:51:40,brain,5055000,30.59,81.09,1007.47,31.14,71.19,1007.30,0,0,MANUAL,1,1,1,
2026-09-27 01:51:41,brain,5056000,30.60,80.95,1007.42,31.14,71.29,1007.35,0,0,MANUAL,1,1,1,
2026-09-27 01:51:42,brain,5057000,30.58,80.85,1007.49,31.14,71.08,1007.37,0,0,MANUAL,1,1,1,
2026-09-27 01:51:43,brain,5058000,30.58,80.78,1007.49,31.14,71.00,1007.33,0,0,MANUAL,1,1,1,
2026-09-27 01:51:44,brain,5059000,30.59,80.80,1007.44,31.14,71.21,1007.33,0,0,MANUAL,1,1,1,
2026-09-27 01:51:45,brain,5060000,30.58,80.89,1007.43,31.14,71.10,1007.38,0,0,MANUAL,1,1,1,
2026-09-27 01:51:46,brain,5061000,30.60,81.18,1007.42,31.14,71.31,1007.38,0,0,MANUAL,1,1,1,
2026-09-27 01:51:47,brain,5062000,30.58,80.99,1007.45,31.14,71.10,1007.33,0,0,MANUAL,1,1,1,
2026-09-27 01:51:48,brain,5063000,30.58,81.20,1007.46,31.14,71.10,1007.35,0,0,MANUAL,1,1,1,
2026-09-27 01:51:49,brain,5064000,30.60,80.99,1007.48,31.14,71.18,1007.33,0,0,MANUAL,1,1,1,
2026-09-27 01:51:50,brain,5065000,30.60,81.32,1007.48,31.14,71.10,1007.38,0,0,MANUAL,1,1,1,
2026-09-27 01:51:51,brain,5066000,30.58,81.18,1007.46,31.14,71.08,1007.33,0,0,MANUAL,1,1,1,
2026-09-27 01:51:52,brain,5067000,30.59,81.43,1007.41,31.14,71.09,1007.35,0,0,MANUAL,1,1,1,
2026-09-27 01:51:53,brain,5068000,30.58,81.13,1007.43,31.14,71.21,1007.30,0,0,MANUAL,1,1,1,
2026-09-27 01:51:54,brain,5069000,30.58,80.62,1007.43,31.14,70.99,1007.27,0,0,MANUAL,1,1,1,
2026-09-27 01:51:55,brain,5070000,30.58,80.57,1007.37,31.15,71.06,1007.36,0,0,MANUAL,1,1,1,
2026-09-27 01:51:56,brain,5071000,30.60,80.88,1007.45,31.15,70.98,1007.34,0,0,MANUAL,1,1,1,
2026-09-27 01:51:57,brain,5072000,30.60,81.09,1007.48,31.15,71.23,1007.40,0,0,MANUAL,1,1,1,
2026-09-27 01:51:58,brain,5073000,30.60,81.01,1007.45,31.15,71.09,1007.29,0,0,MANUAL,1,1,1,
2026-09-27 01:51:59,brain,5074000,30.60,81.12,1007.45,31.14,71.04,1007.35,0,0,MANUAL,1,1,1,
2026-09-27 01:52:00,brain,5075000,30.60,81.14,1007.48,31.15,71.13,1007.40,0,0,MANUAL,1,1,1,
2026-09-27 01:52:01,brain,5076000,30.60,81.12,1007.43,31.15,71.13,1007.34,0,0,MANUAL,1,1,1,
2026-09-27 01:52:02,brain,5077000,30.60,81.01,1007.46,31.14,70.97,1007.33,0,0,MANUAL,1,1,1,
2026-09-27 01:52:03,brain,5078000,30.60,81.25,1007.48,31.15,71.11,1007.37,0,0,MANUAL,1,1,1,
2026-09-27 01:52:04,brain,5079000,30.59,81.13,1007.44,31.15,71.16,1007.40,0,0,MANUAL,1,1,1,
2026-09-27 01:52:05,brain,5080000,30.59,81.35,1007.44,31.15,71.23,1007.36,0,0,MANUAL,1,1,1,
2026-09-27 01:52:06,brain,5081000,30.60,81.25,1007.51,31.15,71.05,1007.33,0,0,MANUAL,1,1,1,
2026-09-27 01:52:07,brain,5082000,30.60,81.27,1007.50,31.14,71.06,1007.33,0,0,MANUAL,1,1,1,
2026-09-27 01:52:08,brain,5083000,30.60,80.94,1007.40,31.14,71.09,1007.35,0,0,MANUAL,1,1,1,
2026-09-27 01:52:09,brain,5084000,30.59,80.78,1007.44,31.15,71.36,1007.37,0,0,MANUAL,1,1,1,
2026-09-27 01:52:10,brain,5085000,30.60,80.70,1007.48,31.15,71.01,1007.31,0,0,MANUAL,1,1,1,
2026-09-27 01:52:11,brain,5086000,30.60,80.74,1007.45,31.15,71.06,1007.34,0,0,MANUAL,1,1,1,
2026-09-27 01:52:12,brain,5087000,30.60,80.25,1007.45,31.14,71.08,1007.27,0,0,MANUAL,1,1,1,
2026-09-27 01:52:13,brain,5088000,30.60,80.37,1007.45,31.14,71.16,1007.33,0,0,MANUAL,1,1,1,
2026-09-27 01:52:14,brain,5089000,30.60,80.17,1007.42,31.14,71.19,1007.33,0,0,MANUAL,1,1,1,
2026-09-27 01:52:15,brain,5090000,30.59,79.88,1007.41,31.12,71.08,1007.29,0,0,MANUAL,1,1,1,
2026-09-27 01:52:16,brain,5091000,30.60,80.36,1007.45,31.14,70.99,1007.40,0,0,MANUAL,1,1,1,
2026-09-27 01:52:17,brain,5092000,30.59,80.26,1007.44,31.14,71.13,1007.33,0,0,MANUAL,1,1,1,
2026-09-27 01:52:18,brain,5093000,30.59,80.40,1007.44,31.13,70.98,1007.30,0,0,MANUAL,1,1,1,
2026-09-27 01:52:19,brain,5094000,30.59,80.51,1007.47,31.13,71.05,1007.27,0,0,MANUAL,1,1,1,
2026-09-27 01:52:20,brain,5095000,30.59,80.34,1007.44,31.12,71.19,1007.32,0,0,MANUAL,1,1,1,
2026-09-27 01:52:21,brain,5096000,30.58,80.44,1007.43,31.12,70.98,1007.32,0,0,MANUAL,1,1,1,
2026-09-27 01:52:22,brain,5097000,30.60,80.02,1007.46,31.14,71.17,1007.35,0,0,MANUAL,1,1,1,
2026-09-27 01:52:23,brain,5098000,30.58,80.07,1007.35,31.12,71.03,1007.32,0,0,MANUAL,1,1,1,
2026-09-27 01:52:24,brain,5099000,30.60,80.45,1007.42,31.14,71.38,1007.37,0,0,MANUAL,1,1,1,
2026-09-27 01:52:25,brain,5100000,30.58,80.32,1007.43,31.14,71.11,1007.32,0,0,MANUAL,1,1,1,
2026-09-27 01:52:26,brain,5101000,30.59,80.77,1007.41,31.12,71.44,1007.27,0,0,MANUAL,1,1,1,
2026-09-27 01:52:27,brain,5102000,30.59,80.43,1007.41,31.12,71.07,1007.34,0,0,MANUAL,1,1,1,
2026-09-27 01:52:28,brain,5103000,30.61,80.54,1007.44,31.12,71.17,1007.29,0,0,MANUAL,1,1,1,
2026-09-27 01:52:29,brain,5104000,30.58,80.60,1007.38,31.11,71.14,1007.36,0,0,MANUAL,1,1,1,
2026-09-27 01:52:30,brain,5105000,30.59,80.70,1007.44,31.11,71.03,1007.42,0,0,MANUAL,1,1,1,
2026-09-27 01:52:31,brain,5106000,30.60,80.92,1007.43,31.11,71.33,1007.28,0,0,MANUAL,1,1,1,
2026-09-27 01:52:32,brain,5107000,30.60,80.79,1007.43,31.11,71.17,1007.33,0,0,MANUAL,1,1,1,
2026-09-27 01:52:33,brain,5108000,30.60,80.81,1007.39,31.11,71.16,1007.33,0,0,MANUAL,1,1,1,
2026-09-27 01:52:34,brain,5109000,30.60,80.75,1007.43,31.11,71.12,1007.33,0,0,MANUAL,1,1,1,
2026-09-27 01:52:35,brain,5110000,30.60,80.82,1007.45,31.12,71.09,1007.38,0,0,MANUAL,1,1,1,
2026-09-27 01:52:36,brain,5111000,30.60,80.75,1007.39,31.11,71.11,1007.33,0,0,MANUAL,1,1,1,
2026-09-27 01:52:37,brain,5112000,30.60,80.42,1007.48,31.11,71.00,1007.33,0,0,MANUAL,1,1,1,
2026-09-27 01:52:38,brain,5113000,30.60,80.28,1007.42,31.12,71.31,1007.38,0,0,MANUAL,1,1,1,
2026-09-27 01:52:39,brain,5114000,30.61,80.49,1007.46,31.11,71.03,1007.36,0,0,MANUAL,1,1,1,
2026-09-27 01:52:40,brain,5115000,30.60,80.65,1007.43,31.11,71.11,1007.31,0,0,MANUAL,1,1,1,
2026-09-27 01:52:41,brain,5116000,30.61,80.64,1007.46,31.11,71.55,1007.39,0,0,MANUAL,1,1,1,
2026-09-27 01:52:42,brain,5117000,30.61,80.65,1007.38,31.11,71.21,1007.33,0,0,MANUAL,1,1,1,
2026-09-27 01:52:43,brain,5118000,30.60,80.67,1007.46,31.10,71.09,1007.37,0,0,MANUAL,1,1,1,
2026-09-27 01:52:44,brain,5119000,30.61,80.36,1007.44,31.10,71.45,1007.37,0,0,MANUAL,1,1,1,
2026-09-27 01:52:45,brain,5120000,30.60,80.19,1007.39,31.10,71.12,1007.37,0,0,MANUAL,1,1,1,
2026-09-27 01:52:46,brain,5121000,30.60,79.96,1007.43,31.10,71.21,1007.32,0,0,MANUAL,1,1,1,
2026-09-27 01:52:47,brain,5122000,30.59,80.24,1007.47,31.10,71.11,1007.32,0,0,MANUAL,1,1,1,
2026-09-27 01:52:48,brain,5123000,30.60,79.93,1007.46,31.10,71.08,1007.31,0,0,MANUAL,1,1,1,
2026-09-27 01:52:49,brain,5124000,30.60,80.20,1007.48,31.10,71.10,1007.31,0,0,MANUAL,1,1,1,
2026-09-27 01:52:50,brain,5125000,30.60,79.88,1007.45,31.09,71.08,1007.30,0,0,MANUAL,1,1,1,
2026-09-27 01:52:51,brain,5126000,30.60,79.51,1007.42,31.09,71.11,1007.38,0,0,MANUAL,1,1,1,
2026-09-27 01:52:52,brain,5127000,30.60,79.57,1007.43,31.09,71.12,1007.41,0,0,MANUAL,1,1,1,
2026-09-27 01:52:53,brain,5128000,30.59,79.22,1007.44,31.08,71.23,1007.37,0,0,MANUAL,1,1,1,
2026-09-27 01:52:54,brain,5129000,30.59,79.76,1007.50,31.08,71.34,1007.34,0,0,MANUAL,1,1,1,
2026-09-27 01:52:55,brain,5130000,30.58,79.73,1007.49,31.09,71.14,1007.32,0,0,MANUAL,1,1,1,
2026-09-27 01:52:56,brain,5131000,30.60,79.80,1007.34,31.08,71.23,1007.34,0,0,MANUAL,1,1,1,
2026-09-27 01:52:57,brain,5132000,30.58,79.87,1007.49,31.08,71.21,1007.37,0,0,MANUAL,1,1,1,
2026-09-27 01:52:58,brain,5133000,30.58,79.47,1007.46,31.09,71.30,1007.36,0,0,MANUAL,1,1,1,
2026-09-27 01:52:59,brain,5134000,30.60,79.52,1007.45,31.08,71.20,1007.28,0,0,MANUAL,1,1,1,
2026-09-27 01:53:00,brain,5135000,30.59,79.61,1007.50,31.07,71.23,1007.35,0,0,MANUAL,1,1,1,
2026-09-27 01:53:01,brain,5136000,30.58,79.67,1007.49,31.08,71.16,1007.37,0,0,MANUAL,1,1,1,
2026-09-27 01:53:02,brain,5137000,30.58,79.73,1007.43,31.07,71.22,1007.34,0,0,MANUAL,1,1,1,
2026-09-27 01:53:03,brain,5138000,30.58,80.04,1007.40,31.07,71.15,1007.38,0,0,MANUAL,1,1,1,
2026-09-27 01:53:04,brain,5139000,30.58,79.83,1007.46,31.08,71.26,1007.42,0,0,MANUAL,1,1,1,
2026-09-27 01:53:05,brain,5140000,30.58,79.85,1007.43,31.08,71.23,1007.36,0,0,MANUAL,1,1,1,
2026-09-27 01:53:06,brain,5141000,30.58,79.69,1007.43,31.08,71.25,1007.37,0,0,MANUAL,1,1,1,
2026-09-27 01:53:07,brain,5142000,30.57,79.66,1007.39,31.07,71.23,1007.38,0,0,MANUAL,1,1,1,
2026-09-27 01:53:08,brain,5143000,30.58,79.32,1007.46,31.08,71.21,1007.42,0,0,MANUAL,1,1,1,
2026-09-27 01:53:09,brain,5144000,30.58,79.70,1007.54,31.08,71.23,1007.36,0,0,MANUAL,1,1,1,
2026-09-27 01:53:10,brain,5145000,30.58,79.57,1007.40,31.08,71.24,1007.25,0,0,MANUAL,1,1,1,
2026-09-27 01:53:11,brain,5146000,30.58,79.81,1007.42,31.07,71.17,1007.33,0,0,MANUAL,1,1,1,
2026-09-27 01:53:12,brain,5147000,30.58,79.89,1007.43,31.08,71.26,1007.42,0,0,MANUAL,1,1,1,
2026-09-27 01:53:13,brain,5148000,30.58,80.03,1007.49,31.08,71.18,1007.39,0,0,MANUAL,1,1,1,
2026-09-27 01:53:14,brain,5149000,30.59,79.83,1007.44,31.08,71.25,1007.33,0,0,MANUAL,1,1,1,
2026-09-27 01:53:15,brain,5150000,30.58,80.06,1007.49,31.08,71.25,1007.40,0,0,MANUAL,1,1,1,
2026-09-27 01:53:16,brain,5151000,30.57,79.53,1007.44,31.08,71.43,1007.34,0,0,MANUAL,1,1,1,
2026-09-27 01:53:17,brain,5152000,30.58,79.57,1007.42,31.07,71.51,1007.33,0,0,MANUAL,1,1,1,
2026-09-27 01:53:18,brain,5153000,30.58,79.40,1007.48,31.08,71.18,1007.33,0,0,MANUAL,1,1,1,
2026-09-27 01:53:19,brain,5154000,30.58,79.52,1007.49,31.07,71.26,1007.32,0,0,MANUAL,1,1,1,
2026-09-27 01:53:20,brain,5155000,30.58,79.52,1007.40,31.08,71.14,1007.29,0,0,MANUAL,1,1,1,
2026-09-27 01:53:21,brain,5156000,30.58,79.86,1007.43,31.07,71.37,1007.35,0,0,MANUAL,1,1,1,
2026-09-27 01:53:22,brain,5157000,30.58,79.65,1007.43,31.07,71.55,1007.33,0,0,MANUAL,1,1,1,
2026-09-27 01:53:23,brain,5158000,30.60,79.75,1007.48,31.07,71.28,1007.32,0,0,MANUAL,1,1,1,
2026-09-27 01:53:24,brain,5159000,30.58,79.84,1007.40,31.08,71.68,1007.33,0,0,MANUAL,1,1,1,
2026-09-27 01:53:25,brain,5160000,30.58,80.27,1007.40,31.07,71.59,1007.38,0,0,MANUAL,1,1,1,
2026-09-27 01:53:26,brain,5161000,30.58,80.20,1007.43,31.08,71.34,1007.36,0,0,MANUAL,1,1,1,
2026-09-27 01:53:27,brain,5162000,30.58,80.21,1007.46,31.07,71.19,1007.38,0,0,MANUAL,1,1,1,
2026-09-27 01:53:28,brain,5163000,30.59,80.18,1007.41,31.08,71.39,1007.33,0,0,MANUAL,1,1,1,
2026-09-27 01:53:29,brain,5164000,30.59,80.40,1007.41,31.06,71.26,1007.34,0,0,MANUAL,1,1,1,
2026-09-27 01:53:30,brain,5165000,30.59,80.49,1007.38,31.07,71.15,1007.33,0,0,MANUAL,1,1,1,
2026-09-27 01:53:31,brain,5166000,30.58,80.61,1007.40,31.07,71.22,1007.38,0,0,MANUAL,1,1,1,
2026-09-27 01:53:32,brain,5167000,30.60,80.47,1007.50,31.07,71.17,1007.30,0,0,MANUAL,1,1,1,
2026-09-27 01:53:33,brain,5168000,30.60,80.38,1007.42,31.07,71.35,1007.32,0,0,MANUAL,1,1,1,
2026-09-27 01:53:34,brain,5169000,30.60,80.23,1007.45,31.07,71.27,1007.34,0,0,MANUAL,1,1,1,
2026-09-27 01:53:35,brain,5170000,30.58,80.21,1007.43,31.07,71.16,1007.34,0,0,MANUAL,1,1,1,
2026-09-27 01:53:36,brain,5171000,30.60,80.43,1007.48,31.06,71.28,1007.30,0,0,MANUAL,1,1,1,
2026-09-27 01:53:37,brain,5172000,30.59,80.58,1007.44,31.07,71.14,1007.33,0,0,MANUAL,1,1,1,
2026-09-27 01:53:38,brain,5173000,30.59,80.44,1007.38,31.06,71.24,1007.28,0,0,MANUAL,1,1,1,
2026-09-27 01:53:39,brain,5174000,30.59,80.71,1007.38,31.06,71.37,1007.31,0,0,MANUAL,1,1,1,
2026-09-27 01:53:40,brain,5175000,30.59,80.39,1007.47,31.07,71.48,1007.34,0,0,MANUAL,1,1,1,
2026-09-27 01:53:41,brain,5176000,30.60,80.70,1007.43,31.08,71.30,1007.33,0,0,MANUAL,1,1,1,
2026-09-27 01:53:42,brain,5177000,30.60,80.39,1007.46,31.07,71.28,1007.37,0,0,MANUAL,1,1,1,
2026-09-27 01:53:43,brain,5178000,30.59,80.15,1007.44,31.07,71.38,1007.32,0,0,MANUAL,1,1,1,
2026-09-27 01:53:44,brain,5179000,30.58,80.01,1007.43,31.07,71.20,1007.38,0,0,MANUAL,1,1,1,
2026-09-27 01:53:45,brain,5180000,30.58,80.04,1007.42,31.07,71.22,1007.33,0,0,MANUAL,1,1,1,
2026-09-27 01:53:46,brain,5181000,30.60,80.03,1007.48,31.07,71.31,1007.37,0,0,MANUAL,1,1,1,
2026-09-27 01:53:47,brain,5182000,30.58,79.86,1007.43,31.07,71.25,1007.35,0,0,MANUAL,1,1,1,
2026-09-27 01:53:48,brain,5183000,30.58,79.81,1007.45,31.08,71.34,1007.44,0,0,MANUAL,1,1,1,
2026-09-27 01:53:49,brain,5184000,30.58,79.41,1007.49,31.07,71.29,1007.38,0,0,MANUAL,1,1,1,
2026-09-27 01:53:50,brain,5185000,30.59,79.65,1007.50,31.07,71.28,1007.38,0,0,MANUAL,1,1,1,
2026-09-27 01:53:51,brain,5186000,30.59,79.81,1007.44,31.07,71.25,1007.37,0,0,MANUAL,1,1,1,
2026-09-27 01:53:52,brain,5187000,30.58,79.76,1007.49,31.07,71.34,1007.35,0,0,MANUAL,1,1,1,
2026-09-27 01:53:53,brain,5188000,30.58,79.88,1007.40,31.07,71.27,1007.35,0,0,MANUAL,1,1,1,
2026-09-27 01:53:54,brain,5189000,30.58,80.08,1007.43,31.07,71.36,1007.38,0,0,MANUAL,1,1,1,
2026-09-27 01:53:55,brain,5190000,30.58,79.82,1007.35,31.07,71.54,1007.33,0,0,MANUAL,1,1,1,
2026-09-27 01:53:56,brain,5191000,30.58,79.88,1007.49,31.08,71.38,1007.34,0,0,MANUAL,1,1,1,
2026-09-27 01:53:57,brain,5192000,30.58,80.10,1007.40,31.08,71.61,1007.39,0,0,MANUAL,1,1,1,
2026-09-27 01:53:58,brain,5193000,30.59,79.96,1007.44,31.08,71.37,1007.37,0,0,MANUAL,1,1,1,
2026-09-27 01:53:59,brain,5194000,30.58,80.01,1007.43,31.07,71.36,1007.33,0,0,MANUAL,1,1,1,
2026-09-27 01:54:00,brain,5195000,30.58,80.00,1007.46,31.08,71.61,1007.31,0,0,MANUAL,1,1,1,
2026-09-27 01:54:01,brain,5196000,30.57,79.95,1007.39,31.07,71.46,1007.35,0,0,MANUAL,1,1,1,
2026-09-27 01:54:02,brain,5197000,30.58,80.30,1007.43,31.07,71.35,1007.30,0,0,MANUAL,1,1,1,
2026-09-27 01:54:03,brain,5198000,30.60,80.41,1007.45,31.07,71.20,1007.37,0,0,MANUAL,1,1,1,
2026-09-27 01:54:04,brain,5199000,30.58,80.17,1007.46,31.08,71.21,1007.33,0,0,MANUAL,1,1,1,
2026-09-27 01:54:05,brain,5200000,30.59,80.27,1007.47,31.08,71.27,1007.33,0,0,MANUAL,1,1,1,
2026-09-27 01:54:06,brain,5201000,30.59,80.30,1007.44,31.08,71.14,1007.34,0,0,MANUAL,1,1,1,
2026-09-27 01:54:07,brain,5202000,30.58,80.50,1007.43,31.08,71.18,1007.28,0,0,MANUAL,1,1,1,
2026-09-27 01:54:08,brain,5203000,30.60,80.35,1007.45,31.08,71.41,1007.39,0,0,MANUAL,1,1,1,
2026-09-27 01:54:09,brain,5204000,30.59,80.22,1007.44,31.08,71.24,1007.34,0,0,MANUAL,1,1,1,
2026-09-27 01:54:10,brain,5205000,30.59,80.44,1007.47,31.07,71.22,1007.35,0,0,MANUAL,1,1,1,
2026-09-27 01:54:11,brain,5206000,30.60,80.28,1007.46,31.08,71.42,1007.31,0,0,MANUAL,1,1,1,
2026-09-27 01:54:12,brain,5207000,30.58,80.24,1007.46,31.07,71.18,1007.30,0,0,MANUAL,1,1,1,
2026-09-27 01:54:13,brain,5208000,30.60,80.50,1007.45,31.08,71.22,1007.34,0,0,MANUAL,1,1,1,
2026-09-27 01:54:14,brain,5209000,30.59,80.56,1007.47,31.08,71.24,1007.39,0,0,MANUAL,1,1,1,
2026-09-27 01:54:15,brain,5210000,30.59,80.26,1007.44,31.08,71.24,1007.33,0,0,MANUAL,1,1,1,
2026-09-27 01:54:16,brain,5211000,30.59,80.34,1007.41,31.08,71.58,1007.36,0,0,MANUAL,1,1,1,
2026-09-27 01:54:17,brain,5212000,30.58,80.29,1007.37,31.08,71.35,1007.40,0,0,MANUAL,1,1,1,
2026-09-27 01:54:18,brain,5213000,30.60,80.05,1007.45,31.09,71.31,1007.38,0,0,MANUAL,1,1,1,
2026-09-27 01:54:19,brain,5214000,30.59,80.20,1007.36,31.09,71.34,1007.33,0,0,MANUAL,1,1,1,
2026-09-27 01:54:20,brain,5215000,30.60,80.20,1007.42,31.09,71.30,1007.35,0,0,MANUAL,1,1,1,
2026-09-27 01:54:21,brain,5216000,30.58,80.00,1007.43,31.09,71.25,1007.35,0,0,MANUAL,1,1,1,
2026-09-27 01:54:22,brain,5217000,30.60,80.05,1007.48,31.09,71.23,1007.35,0,0,MANUAL,1,1,1,
2026-09-27 01:54:23,brain,5218000,30.59,80.33,1007.41,31.09,71.16,1007.36,0,0,MANUAL,1,1,1,
2026-09-27 01:54:24,brain,5219000,30.59,80.26,1007.47,31.09,71.41,1007.33,0,0,MANUAL,1,1,1,
2026-09-27 01:54:25,brain,5220000,30.59,80.30,1007.44,31.09,71.58,1007.30,0,0,MANUAL,1,1,1,
2026-09-27 01:54:26,brain,5221000,30.60,80.37,1007.50,31.09,71.65,1007.30,0,0,MANUAL,1,1,1,
2026-09-27 01:54:27,brain,5222000,30.61,80.57,1007.44,31.10,71.08,1007.40,0,0,MANUAL,1,1,1,
2026-09-27 01:54:28,brain,5223000,30.60,80.30,1007.48,31.09,71.42,1007.27,0,0,MANUAL,1,1,1,
2026-09-27 01:54:29,brain,5224000,30.59,80.27,1007.44,31.09,71.42,1007.36,0,0,MANUAL,1,1,1,
2026-09-27 01:54:30,brain,5225000,30.59,79.87,1007.44,31.10,71.34,1007.37,0,0,MANUAL,1,1,1,
2026-09-27 01:54:31,brain,5226000,30.58,79.78,1007.43,31.11,71.48,1007.33,0,0,MANUAL,1,1,1,
2026-09-27 01:54:32,brain,5227000,30.58,79.52,1007.45,31.10,71.31,1007.39,0,0,MANUAL,1,1,1,
2026-09-27 01:54:33,brain,5228000,30.58,79.21,1007.43,31.11,71.25,1007.38,0,0,MANUAL,1,1,1,
2026-09-27 01:54:34,brain,5229000,30.58,79.26,1007.42,31.10,71.27,1007.37,0,0,MANUAL,1,1,1,
2026-09-27 01:54:35,brain,5230000,30.58,79.19,1007.54,31.10,71.22,1007.37,0,0,MANUAL,1,1,1,
2026-09-27 01:54:36,brain,5231000,30.57,79.01,1007.36,31.10,71.26,1007.35,0,0,MANUAL,1,1,1,
2026-09-27 01:54:37,brain,5232000,30.58,79.15,1007.35,31.10,71.42,1007.37,0,0,MANUAL,1,1,1,
2026-09-27 01:54:38,brain,5233000,30.58,79.31,1007.42,31.11,71.28,1007.38,0,0,MANUAL,1,1,1,
2026-09-27 01:54:39,brain,5234000,30.59,79.46,1007.47,31.09,71.23,1007.39,0,0,MANUAL,1,1,1,
2026-09-27 01:54:40,brain,5235000,30.57,79.18,1007.36,31.11,71.07,1007.35,0,0,MANUAL,1,1,1,
2026-09-27 01:54:41,brain,5236000,30.58,79.02,1007.45,31.10,71.21,1007.37,0,0,MANUAL,1,1,1,
2026-09-27 01:54:42,brain,5237000,30.58,79.15,1007.45,31.09,71.21,1007.29,0,0,MANUAL,1,1,1,
2026-09-27 01:54:43,brain,5238000,30.57,79.37,1007.44,31.09,71.16,1007.36,0,0,MANUAL,1,1,1,
2026-09-27 01:54:44,brain,5239000,30.58,79.28,1007.42,31.10,71.28,1007.37,0,0,MANUAL,1,1,1,
2026-09-27 01:54:45,brain,5240000,30.58,79.58,1007.43,31.10,71.13,1007.32,0,0,MANUAL,1,1,1,
2026-09-27 01:54:46,brain,5241000,30.58,79.48,1007.45,31.11,71.26,1007.33,0,0,MANUAL,1,1,1,
2026-09-27 01:54:47,brain,5242000,30.58,79.42,1007.46,31.11,71.33,1007.38,0,0,MANUAL,1,1,1,
2026-09-27 01:54:48,brain,5243000,30.58,79.81,1007.43,31.10,71.18,1007.37,0,0,MANUAL,1,1,1,
2026-09-27 01:54:49,brain,5244000,30.57,79.76,1007.44,31.11,71.10,1007.38,0,0,MANUAL,1,1,1,
2026-09-27 01:54:50,brain,5245000,30.58,79.65,1007.46,31.10,71.17,1007.37,0,0,MANUAL,1,1,1,
2026-09-27 01:54:51,brain,5246000,30.58,79.86,1007.49,31.11,71.33,1007.33,0,0,MANUAL,1,1,1,
2026-09-27 01:54:52,brain,5247000,30.58,80.07,1007.40,31.10,71.22,1007.31,0,0,MANUAL,1,1,1,
2026-09-27 01:54:53,brain,5248000,30.58,80.01,1007.46,31.09,71.23,1007.36,0,0,MANUAL,1,1,1,
2026-09-27 01:54:54,brain,5249000,30.60,80.02,1007.50,31.10,71.57,1007.32,0,0,MANUAL,1,1,1,
2026-09-27 01:54:55,brain,5250000,30.58,79.74,1007.42,31.10,71.26,1007.32,0,0,MANUAL,1,1,1,
2026-09-27 01:54:56,brain,5251000,30.59,79.84,1007.44,31.11,71.09,1007.36,0,0,MANUAL,1,1,1,
2026-09-27 01:54:57,brain,5252000,30.59,80.06,1007.38,31.11,71.14,1007.33,0,0,MANUAL,1,1,1,
2026-09-27 01:54:58,brain,5253000,30.58,80.23,1007.38,31.11,71.18,1007.35,0,0,MANUAL,1,1,1,
2026-09-27 01:54:59,brain,5254000,30.60,80.19,1007.46,31.11,71.28,1007.35,0,0,MANUAL,1,1,1,
2026-09-27 01:55:00,brain,5255000,30.58,80.04,1007.49,31.11,71.18,1007.39,0,0,MANUAL,1,1,1,
2026-09-27 01:55:01,brain,5256000,30.60,80.08,1007.39,31.11,71.25,1007.35,0,0,MANUAL,1,1,1,
2026-09-27 01:55:02,brain,5257000,30.59,80.27,1007.47,31.11,71.10,1007.33,0,0,MANUAL,1,1,1,
2026-09-27 01:55:03,brain,5258000,30.59,80.38,1007.47,31.12,71.27,1007.42,0,0,MANUAL,1,1,1,
2026-09-27 01:55:04,brain,5259000,30.60,80.16,1007.40,31.11,71.39,1007.36,0,0,MANUAL,1,1,1,
2026-09-27 01:55:05,brain,5260000,30.60,80.25,1007.45,31.11,71.12,1007.33,0,0,MANUAL,1,1,1,
2026-09-27 01:55:06,brain,5261000,30.60,80.41,1007.39,31.11,71.40,1007.33,0,0,MANUAL,1,1,1,
2026-09-27 01:55:07,brain,5262000,30.60,80.25,1007.45,31.11,71.42,1007.39,0,0,MANUAL,1,1,1,
2026-09-27 01:55:08,brain,5263000,30.60,80.50,1007.48,31.11,71.17,1007.39,0,0,MANUAL,1,1,1,
2026-09-27 01:55:09,brain,5264000,30.60,80.51,1007.50,31.12,71.25,1007.41,0,0,MANUAL,1,1,1,
2026-09-27 01:55:10,brain,5265000,30.60,80.34,1007.48,31.11,71.17,1007.33,0,0,MANUAL,1,1,1,
2026-09-27 01:55:11,brain,5266000,30.60,80.57,1007.45,31.12,71.08,1007.38,0,0,MANUAL,1,1,1,
2026-09-27 01:55:12,brain,5267000,30.60,80.61,1007.48,31.12,71.17,1007.31,0,0,MANUAL,1,1,1,
2026-09-27 01:55:13,brain,5268000,30.60,80.43,1007.46,31.11,71.38,1007.33,0,0,MANUAL,1,1,1,
2026-09-27 01:55:14,brain,5269000,30.60,80.51,1007.45,31.11,71.37,1007.33,0,0,MANUAL,1,1,1,
2026-09-27 01:55:15,brain,5270000,30.60,80.41,1007.42,31.11,71.27,1007.33,0,0,MANUAL,1,1,1,
2026-09-27 01:55:16,brain,5271000,30.60,80.63,1007.46,31.11,71.13,1007.33,0,0,MANUAL,1,1,1,
2026-09-27 01:55:17,brain,5272000,30.61,80.52,1007.46,31.11,71.04,1007.33,0,0,MANUAL,1,1,1,
2026-09-27 01:55:18,brain,5273000,30.60,80.29,1007.51,31.11,71.17,1007.33,0,0,MANUAL,1,1,1,
2026-09-27 01:55:19,brain,5274000,30.60,80.31,1007.45,31.11,71.20,1007.33,0,0,MANUAL,1,1,1,
2026-09-27 01:55:20,brain,5275000,30.60,80.53,1007.45,31.10,71.03,1007.32,0,0,MANUAL,1,1,1,
2026-09-27 01:55:21,brain,5276000,30.60,80.46,1007.45,31.12,71.16,1007.37,0,0,MANUAL,1,1,1,
2026-09-27 01:55:22,brain,5277000,30.60,80.39,1007.51,31.12,71.19,1007.34,0,0,MANUAL,1,1,1,
2026-09-27 01:55:23,brain,5278000,30.60,80.50,1007.48,31.11,71.11,1007.30,0,0,MANUAL,1,1,1,
2026-09-27 01:55:24,brain,5279000,30.58,80.39,1007.40,31.11,71.18,1007.33,0,0,MANUAL,1,1,1,
2026-09-27 01:55:25,brain,5280000,30.60,80.59,1007.50,31.11,71.10,1007.33,0,0,MANUAL,1,1,1,
2026-09-27 01:55:26,brain,5281000,30.60,80.55,1007.48,31.12,71.35,1007.38,0,0,MANUAL,1,1,1,
2026-09-27 01:55:27,brain,5282000,30.60,80.36,1007.45,31.12,71.19,1007.34,0,0,MANUAL,1,1,1,
2026-09-27 01:55:28,brain,5283000,30.61,80.52,1007.46,31.12,71.11,1007.31,0,0,MANUAL,1,1,1,
2026-09-27 01:55:29,brain,5284000,30.60,80.41,1007.45,31.12,71.31,1007.34,0,0,MANUAL,1,1,1,
2026-09-27 01:55:30,brain,5285000,30.60,80.45,1007.43,31.12,71.15,1007.32,0,0,MANUAL,1,1,1,
2026-09-27 01:55:31,brain,5286000,30.61,80.61,1007.46,31.12,71.53,1007.29,0,0,MANUAL,1,1,1,
2026-09-27 01:55:32,brain,5287000,30.59,80.47,1007.38,31.11,71.22,1007.36,0,0,MANUAL,1,1,1,
2026-09-27 01:55:32,end,,,,,,,,,,,,,,mode OFF
2026-09-27 01:55:32,end,,,,,,,,,,,,,,"S,mode=OFF,lo=75.0,hi=90.0,max=300,cool=180,man=400,use=A,period=1,in=ok,out=ok,tank=ok,mistA=0,mistB=0"
2026-09-27 01:55:33,end,5288000,30.59,79.84,1007.47,31.12,71.48,1007.35,0,0,OFF,1,1,1,
2026-09-27 01:55:34,end,5289000,30.60,79.82,1007.48,31.12,71.12,1007.35,0,0,OFF,1,1,1,
