pc_time,phase,ms,t_in,rh_in,p_in,t_out,rh_out,p_out,mistA,mistB,mode,in_ok,out_ok,tank_ok,event
2026-09-25 19:10:16,idle,,,,,,,,,,,,,,"S,mode=OFF,lo=75.0,hi=90.0,max=300,cool=180,man=600,use=A,period=1,in=ok,out=ok,tank=ok,mistA=0,mistB=0"
2026-09-25 19:10:17,idle,5000,29.43,82.49,1007.76,29.83,74.08,1007.73,0,0,OFF,1,1,1,
2026-09-25 19:10:18,idle,6000,29.44,82.02,1007.82,29.85,74.12,1007.81,0,0,OFF,1,1,1,
2026-09-25 19:10:19,idle,7000,29.43,82.64,1007.70,29.84,74.04,1007.82,0,0,OFF,1,1,1,
2026-09-25 19:10:19,idle,,,,,,,,,,,,,,"S,mode=OFF,lo=75.0,hi=90.0,max=300,cool=180,man=600,use=A,period=1,in=ok,out=ok,tank=ok,mistA=0,mistB=0"
2026-09-25 19:10:19,idle,,,,,,,,,,,,,,mode MANUAL
2026-09-25 19:10:20,idle,8000,29.43,82.73,1007.79,29.84,73.84,1007.82,0,0,MANUAL,1,1,1,
2026-09-25 19:10:21,idle,9000,29.43,82.39,1007.75,29.83,74.21,1007.79,0,0,MANUAL,1,1,1,
2026-09-25 19:10:22,A1-baseline,10000,29.43,82.06,1007.81,29.83,74.15,1007.81,0,0,MANUAL,1,1,1,
2026-09-25 19:10:22,A1-baseline,,,,,,,,,,,,,,MARK  A1-baseline
2026-09-25 19:10:23,A1-baseline,11000,29.43,82.20,1007.76,29.84,73.90,1007.71,0,0,MANUAL,1,1,1,
2026-09-25 19:10:24,A1-baseline,12000,29.43,82.15,1007.78,29.84,74.15,1007.80,0,0,MANUAL,1,1,1,
2026-09-25 19:10:25,A1-baseline,13000,29.41,81.37,1007.72,29.82,73.98,1007.74,0,0,MANUAL,1,1,1,
2026-09-25 19:10:26,A1-baseline,14000,29.43,82.15,1007.79,29.82,74.08,1007.80,0,0,MANUAL,1,1,1,
2026-09-25 19:10:27,A1-baseline,15000,29.43,81.54,1007.78,29.83,74.00,1007.76,0,0,MANUAL,1,1,1,
2026-09-25 19:10:28,A1-baseline,16000,29.42,81.50,1007.74,29.83,74.11,1007.79,0,0,MANUAL,1,1,1,
2026-09-25 19:10:29,A1-baseline,17000,29.43,81.28,1007.72,29.84,74.08,1007.77,0,0,MANUAL,1,1,1,
2026-09-25 19:10:30,A1-baseline,18000,29.43,81.45,1007.78,29.84,74.32,1007.82,0,0,MANUAL,1,1,1,
2026-09-25 19:10:31,A1-baseline,19000,29.43,81.70,1007.81,29.84,74.03,1007.82,0,0,MANUAL,1,1,1,
2026-09-25 19:10:32,A1-baseline,20000,29.43,82.28,1007.82,29.85,73.96,1007.81,0,0,MANUAL,1,1,1,
2026-09-25 19:10:33,A1-baseline,21000,29.43,82.09,1007.81,29.85,74.01,1007.81,0,0,MANUAL,1,1,1,
2026-09-25 19:10:34,A1-baseline,22000,29.44,81.52,1007.82,29.84,74.13,1007.82,0,0,MANUAL,1,1,1,
2026-09-25 19:10:35,A1-baseline,23000,29.43,81.89,1007.78,29.83,74.05,1007.78,0,0,MANUAL,1,1,1,
2026-09-25 19:10:36,A1-baseline,24000,29.42,81.79,1007.77,29.83,74.06,1007.82,0,0,MANUAL,1,1,1,
2026-09-25 19:10:37,A1-baseline,25000,29.42,81.88,1007.77,29.82,74.08,1007.83,0,0,MANUAL,1,1,1,
2026-09-25 19:10:38,A1-baseline,26000,29.43,82.00,1007.79,29.83,74.13,1007.79,0,0,MANUAL,1,1,1,
2026-09-25 19:10:39,A1-baseline,27000,29.42,82.28,1007.77,29.83,74.17,1007.81,0,0,MANUAL,1,1,1,
2026-09-25 19:10:40,A1-baseline,28000,29.43,82.06,1007.84,29.82,74.04,1007.83,0,0,MANUAL,1,1,1,
2026-09-25 19:10:41,A1-baseline,29000,29.43,82.41,1007.81,29.82,74.07,1007.76,0,0,MANUAL,1,1,1,
2026-09-25 19:10:42,A1-baseline,30000,29.43,82.10,1007.75,29.82,74.43,1007.85,0,0,MANUAL,1,1,1,
2026-09-25 19:10:43,A1-baseline,31000,29.43,82.04,1007.81,29.82,74.17,1007.79,0,0,MANUAL,1,1,1,
2026-09-25 19:10:44,A1-baseline,32000,29.43,82.05,1007.76,29.82,74.09,1007.79,0,0,MANUAL,1,1,1,
2026-09-25 19:10:45,A1-baseline,33000,29.42,82.37,1007.77,29.81,74.21,1007.75,0,0,MANUAL,1,1,1,
2026-09-25 19:10:46,A1-baseline,34000,29.42,82.19,1007.82,29.80,74.35,1007.71,0,0,MANUAL,1,1,1,
2026-09-25 19:10:47,A1-baseline,35000,29.42,82.33,1007.82,29.81,74.34,1007.69,0,0,MANUAL,1,1,1,
2026-09-25 19:10:48,A1-baseline,36000,29.43,82.35,1007.84,29.81,74.11,1007.80,0,0,MANUAL,1,1,1,
2026-09-25 19:10:49,A1-baseline,37000,29.43,82.35,1007.84,29.83,74.25,1007.79,0,0,MANUAL,1,1,1,
2026-09-25 19:10:50,A1-baseline,38000,29.43,82.26,1007.78,29.83,74.27,1007.82,0,0,MANUAL,1,1,1,
2026-09-25 19:10:51,A1-baseline,39000,29.43,82.26,1007.78,29.83,74.27,1007.82,0,0,MANUAL,1,1,1,
2026-09-25 19:10:52,A1-baseline,40000,29.44,82.16,1007.82,29.84,74.18,1007.77,0,0,MANUAL,1,1,1,
2026-09-25 19:10:53,A1-baseline,41000,29.42,82.58,1007.74,29.82,74.08,1007.85,0,0,MANUAL,1,1,1,
2026-09-25 19:10:54,A1-baseline,42000,29.45,82.39,1007.87,29.82,74.08,1007.85,0,0,MANUAL,1,1,1,
2026-09-25 19:10:55,A1-baseline,43000,29.42,82.02,1007.77,29.84,74.36,1007.80,0,0,MANUAL,1,1,1,
2026-09-25 19:10:56,A1-baseline,44000,29.42,82.59,1007.82,29.82,74.44,1007.85,0,0,MANUAL,1,1,1,
2026-09-25 19:10:57,A1-baseline,45000,29.42,82.59,1007.82,29.82,74.24,1007.77,0,0,MANUAL,1,1,1,
2026-09-25 19:10:58,A1-baseline,46000,29.43,82.12,1007.75,29.82,74.12,1007.74,0,0,MANUAL,1,1,1,
2026-09-25 19:10:59,A1-baseline,47000,29.42,82.40,1007.74,29.82,74.10,1007.85,0,0,MANUAL,1,1,1,
2026-09-25 19:11:00,A1-baseline,48000,29.42,82.16,1007.76,29.81,74.21,1007.84,0,0,MANUAL,1,1,1,
2026-09-25 19:11:01,A1-baseline,49000,29.42,82.40,1007.80,29.81,74.25,1007.72,0,0,MANUAL,1,1,1,
2026-09-25 19:11:02,A1-baseline,50000,29.42,81.94,1007.77,29.81,74.41,1007.78,0,0,MANUAL,1,1,1,
2026-09-25 19:11:03,A1-baseline,51000,29.43,82.16,1007.78,29.82,74.37,1007.79,0,0,MANUAL,1,1,1,
2026-09-25 19:11:04,A1-baseline,52000,29.42,82.42,1007.80,29.82,74.14,1007.82,0,0,MANUAL,1,1,1,
2026-09-25 19:11:05,A1-baseline,53000,29.43,82.09,1007.79,29.82,74.20,1007.74,0,0,MANUAL,1,1,1,
2026-09-25 19:11:06,A1-baseline,54000,29.42,81.90,1007.82,29.82,74.24,1007.79,0,0,MANUAL,1,1,1,
2026-09-25 19:11:07,A1-baseline,55000,29.42,82.26,1007.77,29.80,74.27,1007.77,0,0,MANUAL,1,1,1,
2026-09-25 19:11:08,A1-baseline,56000,29.42,82.17,1007.74,29.80,74.20,1007.82,0,0,MANUAL,1,1,1,
2026-09-25 19:11:09,A1-baseline,57000,29.42,82.21,1007.76,29.80,74.18,1007.79,0,0,MANUAL,1,1,1,
2026-09-25 19:11:10,A1-baseline,58000,29.41,82.02,1007.80,29.80,74.21,1007.79,0,0,MANUAL,1,1,1,
2026-09-25 19:11:11,A1-baseline,59000,29.43,82.53,1007.75,29.80,74.41,1007.77,0,0,MANUAL,1,1,1,
2026-09-25 19:11:12,A1-baseline,60000,29.42,82.66,1007.82,29.81,74.21,1007.81,0,0,MANUAL,1,1,1,
2026-09-25 19:11:13,A1-baseline,61000,29.43,82.17,1007.78,29.82,74.29,1007.85,0,0,MANUAL,1,1,1,
2026-09-25 19:11:14,A1-baseline,62000,29.43,82.17,1007.78,29.85,74.08,1007.81,0,0,MANUAL,1,1,1,
2026-09-25 19:11:15,A1-baseline,63000,29.43,82.56,1007.78,29.82,74.18,1007.85,0,0,MANUAL,1,1,1,
2026-09-25 19:11:16,A1-baseline,64000,29.42,82.15,1007.80,29.81,74.15,1007.78,0,0,MANUAL,1,1,1,
2026-09-25 19:11:17,A1-baseline,65000,29.43,82.27,1007.84,29.80,74.16,1007.82,0,0,MANUAL,1,1,1,
2026-09-25 19:11:18,A1-baseline,66000,29.42,82.32,1007.82,29.80,74.14,1007.81,0,0,MANUAL,1,1,1,
2026-09-25 19:11:19,A1-baseline,67000,29.43,82.16,1007.81,29.80,74.40,1007.82,0,0,MANUAL,1,1,1,
2026-09-25 19:11:20,A1-baseline,68000,29.41,81.83,1007.80,29.80,74.46,1007.81,0,0,MANUAL,1,1,1,
2026-09-25 19:11:21,A1-baseline,69000,29.41,82.04,1007.78,29.80,74.34,1007.81,0,0,MANUAL,1,1,1,
2026-09-25 19:11:22,A1-baseline,70000,29.41,82.38,1007.78,29.79,74.31,1007.74,0,0,MANUAL,1,1,1,
2026-09-25 19:11:23,A1-baseline,71000,29.40,82.01,1007.74,29.79,74.38,1007.81,0,0,MANUAL,1,1,1,
2026-09-25 19:11:24,A1-baseline,72000,29.41,82.22,1007.75,29.79,74.46,1007.78,0,0,MANUAL,1,1,1,
2026-09-25 19:11:25,A1-baseline,73000,29.42,82.50,1007.77,29.80,74.26,1007.90,0,0,MANUAL,1,1,1,
2026-09-25 19:11:26,A1-baseline,74000,29.42,82.01,1007.77,29.80,74.45,1007.81,0,0,MANUAL,1,1,1,
2026-09-25 19:11:27,A1-baseline,75000,29.42,81.93,1007.77,29.79,74.44,1007.80,0,0,MANUAL,1,1,1,
2026-09-25 19:11:28,A1-baseline,76000,29.42,82.13,1007.79,29.78,74.50,1007.79,0,0,MANUAL,1,1,1,
2026-09-25 19:11:29,A1-baseline,77000,29.41,82.18,1007.75,29.78,74.47,1007.79,0,0,MANUAL,1,1,1,
2026-09-25 19:11:30,A1-baseline,78000,29.43,82.21,1007.72,29.78,74.49,1007.78,0,0,MANUAL,1,1,1,
2026-09-25 19:11:31,A1-baseline,79000,29.42,82.59,1007.80,29.78,74.51,1007.78,0,0,MANUAL,1,1,1,
2026-09-25 19:11:32,A1-baseline,80000,29.42,82.91,1007.79,29.77,74.49,1007.88,0,0,MANUAL,1,1,1,
2026-09-25 19:11:33,A1-baseline,81000,29.42,82.42,1007.69,29.78,74.39,1007.78,0,0,MANUAL,1,1,1,
2026-09-25 19:11:34,A1-baseline,82000,29.43,82.64,1007.78,29.77,74.47,1007.83,0,0,MANUAL,1,1,1,
2026-09-25 19:11:35,A1-baseline,83000,29.43,82.37,1007.75,29.77,74.21,1007.80,0,0,MANUAL,1,1,1,
2026-09-25 19:11:36,A1-baseline,84000,29.41,82.65,1007.75,29.78,74.16,1007.81,0,0,MANUAL,1,1,1,
2026-09-25 19:11:37,A1-baseline,85000,29.43,82.89,1007.81,29.78,74.33,1007.84,0,0,MANUAL,1,1,1,
2026-09-25 19:11:38,A1-baseline,86000,29.42,82.44,1007.76,29.77,74.53,1007.91,0,0,MANUAL,1,1,1,
2026-09-25 19:11:39,A1-baseline,87000,29.40,82.14,1007.76,29.77,74.48,1007.77,0,0,MANUAL,1,1,1,
2026-09-25 19:11:40,A1-baseline,88000,29.40,82.41,1007.77,29.76,74.41,1007.87,0,0,MANUAL,1,1,1,
2026-09-25 19:11:41,A1-baseline,89000,29.42,82.61,1007.76,29.76,74.40,1007.81,0,0,MANUAL,1,1,1,
2026-09-25 19:11:42,A1-baseline,90000,29.41,82.29,1007.75,29.77,74.12,1007.77,0,0,MANUAL,1,1,1,
2026-09-25 19:11:43,A1-baseline,91000,29.41,82.22,1007.83,29.77,74.41,1007.77,0,0,MANUAL,1,1,1,
2026-09-25 19:11:44,A1-baseline,92000,29.42,82.26,1007.76,29.78,74.38,1007.87,0,0,MANUAL,1,1,1,
2026-09-25 19:11:45,A1-baseline,93000,29.40,82.26,1007.76,29.77,74.43,1007.80,0,0,MANUAL,1,1,1,
2026-09-25 19:11:46,A1-baseline,94000,29.40,81.64,1007.79,29.77,74.48,1007.88,0,0,MANUAL,1,1,1,
2026-09-25 19:11:47,A1-baseline,95000,29.41,82.01,1007.80,29.77,74.43,1007.82,0,0,MANUAL,1,1,1,
2026-09-25 19:11:48,A1-baseline,96000,29.41,82.07,1007.86,29.77,74.44,1007.85,0,0,MANUAL,1,1,1,
2026-09-25 19:11:49,A1-baseline,97000,29.41,81.94,1007.80,29.77,74.37,1007.77,0,0,MANUAL,1,1,1,
2026-09-25 19:11:50,A1-baseline,98000,29.42,81.99,1007.82,29.77,74.35,1007.88,0,0,MANUAL,1,1,1,
2026-09-25 19:11:51,A1-baseline,99000,29.42,81.97,1007.82,29.77,74.21,1007.77,0,0,MANUAL,1,1,1,
2026-09-25 19:11:52,A1-baseline,100000,29.41,82.24,1007.78,29.77,74.13,1007.77,0,0,MANUAL,1,1,1,
2026-09-25 19:11:53,A1-baseline,101000,29.40,82.02,1007.80,29.76,74.34,1007.75,0,0,MANUAL,1,1,1,
2026-09-25 19:11:54,A1-baseline,102000,29.40,82.19,1007.73,29.76,74.26,1007.86,0,0,MANUAL,1,1,1,
2026-09-25 19:11:55,A1-baseline,103000,29.40,82.16,1007.80,29.76,74.36,1007.78,0,0,MANUAL,1,1,1,
2026-09-25 19:11:56,A1-baseline,104000,29.40,82.17,1007.80,29.76,74.30,1007.87,0,0,MANUAL,1,1,1,
2026-09-25 19:11:57,A1-baseline,105000,29.40,81.93,1007.79,29.76,74.35,1007.83,0,0,MANUAL,1,1,1,
2026-09-25 19:11:58,A1-baseline,106000,29.40,81.69,1007.79,29.77,74.31,1007.86,0,0,MANUAL,1,1,1,
2026-09-25 19:11:59,A1-baseline,107000,29.39,81.84,1007.81,29.76,74.28,1007.86,0,0,MANUAL,1,1,1,
2026-09-25 19:12:00,A1-baseline,108000,29.40,81.57,1007.73,29.76,74.27,1007.89,0,0,MANUAL,1,1,1,
2026-09-25 19:12:01,A1-baseline,109000,29.41,81.39,1007.80,29.75,74.18,1007.85,0,0,MANUAL,1,1,1,
2026-09-25 19:12:02,A1-baseline,110000,29.41,81.88,1007.80,29.76,74.15,1007.86,0,0,MANUAL,1,1,1,
2026-09-25 19:12:03,A1-baseline,111000,29.40,81.82,1007.82,29.76,74.16,1007.89,0,0,MANUAL,1,1,1,
2026-09-25 19:12:04,A1-baseline,112000,29.40,81.83,1007.82,29.76,74.26,1007.86,0,0,MANUAL,1,1,1,
2026-09-25 19:12:05,A1-baseline,113000,29.41,82.28,1007.78,29.75,74.34,1007.83,0,0,MANUAL,1,1,1,
2026-09-25 19:12:06,A1-baseline,114000,29.40,82.22,1007.74,29.76,74.19,1007.86,0,0,MANUAL,1,1,1,
2026-09-25 19:12:07,A1-baseline,115000,29.40,82.01,1007.76,29.76,74.34,1007.83,0,0,MANUAL,1,1,1,
2026-09-25 19:12:08,A1-baseline,116000,29.41,81.96,1007.80,29.75,74.26,1007.83,0,0,MANUAL,1,1,1,
2026-09-25 19:12:09,A1-baseline,117000,29.40,81.92,1007.82,29.76,74.40,1007.89,0,0,MANUAL,1,1,1,
2026-09-25 19:12:10,A1-baseline,118000,29.40,82.08,1007.77,29.77,74.13,1007.88,0,0,MANUAL,1,1,1,
2026-09-25 19:12:11,A1-baseline,119000,29.42,82.19,1007.82,29.75,74.52,1007.83,0,0,MANUAL,1,1,1,
2026-09-25 19:12:12,A1-baseline,120000,29.40,82.41,1007.82,29.76,74.36,1007.83,0,0,MANUAL,1,1,1,
2026-09-25 19:12:13,A1-baseline,121000,29.40,82.07,1007.82,29.76,74.23,1007.81,0,0,MANUAL,1,1,1,
2026-09-25 19:12:14,A1-baseline,122000,29.40,82.26,1007.76,29.76,74.39,1007.92,0,0,MANUAL,1,1,1,
2026-09-25 19:12:15,A1-baseline,123000,29.40,81.72,1007.79,29.76,74.21,1007.90,0,0,MANUAL,1,1,1,
2026-09-25 19:12:16,A1-baseline,124000,29.40,82.04,1007.79,29.76,74.38,1007.84,0,0,MANUAL,1,1,1,
2026-09-25 19:12:17,A1-baseline,125000,29.40,82.39,1007.79,29.77,74.46,1007.90,0,0,MANUAL,1,1,1,
2026-09-25 19:12:18,A1-baseline,126000,29.40,81.95,1007.79,29.77,74.52,1007.82,0,0,MANUAL,1,1,1,
2026-09-25 19:12:19,A1-baseline,127000,29.40,82.01,1007.82,29.77,74.37,1007.85,0,0,MANUAL,1,1,1,
2026-09-25 19:12:20,A1-baseline,128000,29.40,82.15,1007.74,29.76,74.39,1007.79,0,0,MANUAL,1,1,1,
2026-09-25 19:12:21,A1-baseline,129000,29.40,82.15,1007.79,29.76,74.42,1007.87,0,0,MANUAL,1,1,1,
2026-09-25 19:12:22,A1-baseline,130000,29.40,81.95,1007.82,29.76,74.36,1007.84,0,0,MANUAL,1,1,1,
2026-09-25 19:12:23,A1-baseline,131000,29.40,81.70,1007.82,29.77,74.34,1007.90,0,0,MANUAL,1,1,1,
2026-09-25 19:12:24,A1-baseline,132000,29.40,81.74,1007.73,29.77,74.25,1007.88,0,0,MANUAL,1,1,1,
2026-09-25 19:12:25,A1-baseline,133000,29.40,81.59,1007.80,29.77,74.28,1007.85,0,0,MANUAL,1,1,1,
2026-09-25 19:12:26,A1-baseline,134000,29.39,81.73,1007.74,29.77,74.24,1007.77,0,0,MANUAL,1,1,1,
2026-09-25 19:12:27,A1-baseline,135000,29.39,81.54,1007.78,29.76,74.30,1007.76,0,0,MANUAL,1,1,1,
2026-09-25 19:12:28,A1-baseline,136000,29.39,81.64,1007.78,29.77,74.43,1007.88,0,0,MANUAL,1,1,1,
2026-09-25 19:12:29,A1-baseline,137000,29.40,82.03,1007.73,29.77,74.39,1007.85,0,0,MANUAL,1,1,1,
2026-09-25 19:12:30,A1-baseline,138000,29.40,82.20,1007.73,29.78,74.50,1007.78,0,0,MANUAL,1,1,1,
2026-09-25 19:12:31,A1-baseline,139000,29.39,82.07,1007.81,29.76,74.26,1007.83,0,0,MANUAL,1,1,1,
2026-09-25 19:12:32,A1-baseline,140000,29.39,81.91,1007.78,29.77,74.53,1007.82,0,0,MANUAL,1,1,1,
2026-09-25 19:12:33,A1-baseline,141000,29.39,82.06,1007.78,29.77,74.50,1007.82,0,0,MANUAL,1,1,1,
2026-09-25 19:12:34,A1-baseline,142000,29.40,82.06,1007.79,29.77,74.37,1007.77,0,0,MANUAL,1,1,1,
2026-09-25 19:12:35,A1-baseline,143000,29.39,81.99,1007.77,29.77,74.41,1007.80,0,0,MANUAL,1,1,1,
2026-09-25 19:12:36,A1-baseline,144000,29.39,81.97,1007.78,29.77,74.48,1007.90,0,0,MANUAL,1,1,1,
2026-09-25 19:12:37,A1-baseline,145000,29.39,81.92,1007.80,29.77,74.49,1007.85,0,0,MANUAL,1,1,1,
2026-09-25 19:12:38,A1-baseline,146000,29.40,81.95,1007.79,29.77,74.42,1007.85,0,0,MANUAL,1,1,1,
2026-09-25 19:12:39,A1-baseline,147000,29.40,82.51,1007.76,29.77,74.24,1007.86,0,0,MANUAL,1,1,1,
2026-09-25 19:12:40,A1-baseline,148000,29.39,81.96,1007.74,29.77,74.41,1007.77,0,0,MANUAL,1,1,1,
2026-09-25 19:12:41,A1-baseline,149000,29.39,82.40,1007.84,29.77,74.39,1007.89,0,0,MANUAL,1,1,1,
2026-09-25 19:12:42,A1-baseline,150000,29.39,82.05,1007.75,29.76,74.18,1007.73,0,0,MANUAL,1,1,1,
2026-09-25 19:12:43,A1-baseline,151000,29.39,82.67,1007.77,29.77,74.49,1007.83,0,0,MANUAL,1,1,1,
2026-09-25 19:12:44,A1-baseline,152000,29.39,81.88,1007.78,29.78,74.43,1007.87,0,0,MANUAL,1,1,1,
2026-09-25 19:12:45,A1-baseline,153000,29.39,81.88,1007.80,29.77,74.40,1007.75,0,0,MANUAL,1,1,1,
2026-09-25 19:12:46,A1-baseline,154000,29.40,82.04,1007.79,29.78,74.48,1007.84,0,0,MANUAL,1,1,1,
2026-09-25 19:12:47,A1-baseline,155000,29.39,82.41,1007.75,29.77,74.11,1007.88,0,0,MANUAL,1,1,1,
2026-09-25 19:12:48,A1-baseline,156000,29.39,82.32,1007.74,29.78,74.46,1007.84,0,0,MANUAL,1,1,1,
2026-09-25 19:12:49,A1-baseline,157000,29.39,82.17,1007.72,29.79,74.56,1007.77,0,0,MANUAL,1,1,1,
2026-09-25 19:12:50,A1-baseline,158000,29.39,81.93,1007.77,29.78,74.37,1007.70,0,0,MANUAL,1,1,1,
2026-09-25 19:12:51,A1-baseline,159000,29.39,81.83,1007.75,29.78,74.41,1007.78,0,0,MANUAL,1,1,1,
2026-09-25 19:12:52,A1-baseline,160000,29.39,82.02,1007.74,29.79,74.36,1007.80,0,0,MANUAL,1,1,1,
2026-09-25 19:12:53,A1-baseline,161000,29.39,82.14,1007.78,29.79,74.40,1007.80,0,0,MANUAL,1,1,1,
2026-09-25 19:12:54,A1-baseline,162000,29.38,82.24,1007.79,29.79,74.18,1007.77,0,0,MANUAL,1,1,1,
2026-09-25 19:12:55,A1-baseline,163000,29.39,82.45,1007.78,29.78,74.58,1007.78,0,0,MANUAL,1,1,1,
2026-09-25 19:12:56,A1-baseline,164000,29.39,81.92,1007.77,29.79,74.48,1007.80,0,0,MANUAL,1,1,1,
2026-09-25 19:12:57,A1-baseline,165000,29.39,82.00,1007.77,29.79,74.37,1007.81,0,0,MANUAL,1,1,1,
2026-09-25 19:12:58,A1-baseline,166000,29.39,82.35,1007.78,29.79,74.48,1007.77,0,0,MANUAL,1,1,1,
2026-09-25 19:12:59,A1-baseline,167000,29.38,81.86,1007.79,29.79,74.26,1007.78,0,0,MANUAL,1,1,1,
2026-09-25 19:13:00,A1-baseline,168000,29.37,82.30,1007.77,29.78,74.33,1007.79,0,0,MANUAL,1,1,1,
2026-09-25 19:13:01,A1-baseline,169000,29.38,81.74,1007.76,29.80,74.27,1007.90,0,0,MANUAL,1,1,1,
2026-09-25 19:13:02,A1-baseline,170000,29.39,82.11,1007.80,29.80,74.09,1007.76,0,0,MANUAL,1,1,1,
2026-09-25 19:13:03,A1-baseline,171000,29.38,81.72,1007.82,29.79,74.32,1007.78,0,0,MANUAL,1,1,1,
2026-09-25 19:13:04,A1-baseline,172000,29.38,81.86,1007.82,29.80,74.36,1007.85,0,0,MANUAL,1,1,1,
2026-09-25 19:13:05,A1-baseline,173000,29.39,81.93,1007.77,29.80,74.29,1007.91,0,0,MANUAL,1,1,1,
2026-09-25 19:13:06,A1-baseline,174000,29.40,82.33,1007.73,29.81,74.31,1007.91,0,0,MANUAL,1,1,1,
2026-09-25 19:13:07,A1-baseline,175000,29.40,82.20,1007.76,29.81,74.17,1007.83,0,0,MANUAL,1,1,1,
2026-09-25 19:13:08,A1-baseline,176000,29.39,82.22,1007.86,29.80,74.19,1007.79,0,0,MANUAL,1,1,1,
2026-09-25 19:13:09,A1-baseline,177000,29.39,82.41,1007.77,29.81,74.20,1007.83,0,0,MANUAL,1,1,1,
2026-09-25 19:13:10,A1-baseline,178000,29.38,81.90,1007.81,29.81,74.25,1007.84,0,0,MANUAL,1,1,1,
2026-09-25 19:13:11,A1-baseline,179000,29.38,82.12,1007.76,29.82,74.21,1007.82,0,0,MANUAL,1,1,1,
2026-09-25 19:13:12,A1-baseline,180000,29.38,82.04,1007.76,29.81,74.25,1007.78,0,0,MANUAL,1,1,1,
2026-09-25 19:13:13,A1-baseline,181000,29.38,81.74,1007.79,29.81,74.18,1007.78,0,0,MANUAL,1,1,1,
2026-09-25 19:13:14,A1-baseline,182000,29.38,82.14,1007.76,29.81,74.35,1007.80,0,0,MANUAL,1,1,1,
2026-09-25 19:13:15,A1-baseline,183000,29.39,82.06,1007.78,29.81,74.42,1007.76,0,0,MANUAL,1,1,1,
2026-09-25 19:13:16,A1-baseline,184000,29.39,82.07,1007.83,29.81,74.52,1007.78,0,0,MANUAL,1,1,1,
2026-09-25 19:13:17,A1-baseline,185000,29.38,82.56,1007.81,29.82,74.33,1007.79,0,0,MANUAL,1,1,1,
2026-09-25 19:13:18,A1-baseline,186000,29.39,82.25,1007.77,29.81,74.28,1007.78,0,0,MANUAL,1,1,1,
2026-09-25 19:13:19,A1-baseline,187000,29.38,81.98,1007.74,29.81,74.38,1007.86,0,0,MANUAL,1,1,1,
2026-09-25 19:13:20,A1-baseline,188000,29.38,82.13,1007.79,29.81,74.42,1007.78,0,0,MANUAL,1,1,1,
2026-09-25 19:13:21,A1-baseline,189000,29.38,82.07,1007.76,29.83,74.44,1007.81,0,0,MANUAL,1,1,1,
2026-09-25 19:13:22,A1-baseline,190000,29.38,82.08,1007.76,29.82,74.09,1007.79,0,0,MANUAL,1,1,1,
2026-09-25 19:13:23,A1-baseline,191000,29.38,82.11,1007.76,29.82,74.28,1007.85,0,0,MANUAL,1,1,1,
2026-09-25 19:13:24,A1-baseline,192000,29.38,82.32,1007.76,29.82,74.37,1007.79,0,0,MANUAL,1,1,1,
2026-09-25 19:13:25,A1-baseline,193000,29.39,82.07,1007.83,29.83,74.19,1007.78,0,0,MANUAL,1,1,1,
2026-09-25 19:13:26,A1-baseline,194000,29.38,81.60,1007.81,29.83,74.22,1007.76,0,0,MANUAL,1,1,1,
2026-09-25 19:13:27,A1-baseline,195000,29.38,82.28,1007.82,29.83,74.16,1007.82,0,0,MANUAL,1,1,1,
2026-09-25 19:13:28,A1-baseline,196000,29.39,82.00,1007.77,29.83,74.14,1007.79,0,0,MANUAL,1,1,1,
2026-09-25 19:13:29,A1-baseline,197000,29.39,81.86,1007.80,29.83,74.13,1007.82,0,0,MANUAL,1,1,1,
2026-09-25 19:13:30,A1-baseline,198000,29.38,82.14,1007.81,29.83,74.26,1007.73,0,0,MANUAL,1,1,1,
2026-09-25 19:13:31,A1-baseline,199000,29.38,82.07,1007.76,29.82,74.35,1007.76,0,0,MANUAL,1,1,1,
2026-09-25 19:13:32,A1-baseline,200000,29.38,82.00,1007.76,29.83,74.41,1007.78,0,0,MANUAL,1,1,1,
2026-09-25 19:13:33,A1-baseline,201000,29.38,81.89,1007.79,29.83,74.12,1007.76,0,0,MANUAL,1,1,1,
2026-09-25 19:13:34,A1-baseline,202000,29.37,81.90,1007.80,29.84,74.34,1007.82,0,0,MANUAL,1,1,1,
2026-09-25 19:13:35,A1-baseline,203000,29.37,81.75,1007.75,29.83,74.22,1007.84,0,0,MANUAL,1,1,1,
2026-09-25 19:13:36,A1-baseline,204000,29.37,81.57,1007.80,29.84,74.25,1007.77,0,0,MANUAL,1,1,1,
2026-09-25 19:13:37,A1-baseline,205000,29.37,81.20,1007.77,29.84,74.43,1007.88,0,0,MANUAL,1,1,1,
2026-09-25 19:13:38,A1-baseline,206000,29.36,81.54,1007.84,29.84,74.43,1007.82,0,0,MANUAL,1,1,1,
2026-09-25 19:13:39,A1-baseline,207000,29.37,81.31,1007.85,29.84,74.14,1007.78,0,0,MANUAL,1,1,1,
2026-09-25 19:13:40,A1-baseline,208000,29.37,81.89,1007.75,29.84,74.33,1007.82,0,0,MANUAL,1,1,1,
2026-09-25 19:13:41,A1-baseline,209000,29.37,81.05,1007.74,29.84,74.13,1007.78,0,0,MANUAL,1,1,1,
2026-09-25 19:13:42,A1-baseline,210000,29.37,81.37,1007.80,29.84,74.23,1007.88,0,0,MANUAL,1,1,1,
2026-09-25 19:13:43,A1-baseline,211000,29.39,81.36,1007.77,29.84,74.24,1007.77,0,0,MANUAL,1,1,1,
2026-09-25 19:13:44,A1-baseline,212000,29.38,81.53,1007.76,29.84,74.21,1007.77,0,0,MANUAL,1,1,1,
2026-09-25 19:13:45,A1-baseline,213000,29.39,81.63,1007.74,29.85,74.19,1007.84,0,0,MANUAL,1,1,1,
2026-09-25 19:13:46,A1-baseline,214000,29.38,82.22,1007.73,29.84,74.16,1007.89,0,0,MANUAL,1,1,1,
2026-09-25 19:13:47,A1-baseline,215000,29.38,82.30,1007.82,29.84,74.15,1007.89,0,0,MANUAL,1,1,1,
2026-09-25 19:13:48,A1-baseline,216000,29.39,82.00,1007.83,29.85,74.20,1007.87,0,0,MANUAL,1,1,1,
2026-09-25 19:13:49,A1-baseline,217000,29.38,81.88,1007.76,29.84,74.20,1007.83,0,0,MANUAL,1,1,1,
2026-09-25 19:13:50,A1-baseline,218000,29.38,81.94,1007.78,29.84,74.10,1007.83,0,0,MANUAL,1,1,1,
2026-09-25 19:13:51,A1-baseline,219000,29.38,82.07,1007.81,29.85,74.05,1007.84,0,0,MANUAL,1,1,1,
2026-09-25 19:13:52,A1-baseline,220000,29.39,81.98,1007.77,29.85,74.10,1007.85,0,0,MANUAL,1,1,1,
2026-09-25 19:13:53,A1-baseline,221000,29.38,82.06,1007.79,29.85,74.05,1007.84,0,0,MANUAL,1,1,1,
2026-09-25 19:13:54,A1-baseline,222000,29.38,82.38,1007.78,29.84,74.23,1007.83,0,0,MANUAL,1,1,1,
2026-09-25 19:13:55,A1-baseline,223000,29.38,82.35,1007.84,29.85,74.20,1007.78,0,0,MANUAL,1,1,1,
2026-09-25 19:13:56,A1-baseline,224000,29.38,82.26,1007.76,29.85,74.11,1007.89,0,0,MANUAL,1,1,1,
2026-09-25 19:13:57,A1-baseline,225000,29.38,81.97,1007.76,29.84,74.15,1007.83,0,0,MANUAL,1,1,1,
2026-09-25 19:13:58,A1-baseline,226000,29.37,82.07,1007.80,29.84,74.25,1007.82,0,0,MANUAL,1,1,1,
2026-09-25 19:13:59,A1-baseline,227000,29.38,81.99,1007.76,29.84,74.14,1007.82,0,0,MANUAL,1,1,1,
2026-09-25 19:14:00,A1-baseline,228000,29.37,82.26,1007.78,29.83,74.26,1007.82,0,0,MANUAL,1,1,1,
2026-09-25 19:14:01,A1-baseline,229000,29.38,82.31,1007.81,29.84,74.13,1007.88,0,0,MANUAL,1,1,1,
2026-09-25 19:14:02,A1-baseline,230000,29.37,81.50,1007.80,29.84,74.14,1007.83,0,0,MANUAL,1,1,1,
2026-09-25 19:14:03,A1-baseline,231000,29.37,81.85,1007.77,29.84,74.11,1007.82,0,0,MANUAL,1,1,1,
2026-09-25 19:14:04,A1-baseline,232000,29.38,82.20,1007.82,29.84,74.11,1007.83,0,0,MANUAL,1,1,1,
2026-09-25 19:14:05,A1-baseline,233000,29.38,81.97,1007.78,29.84,74.44,1007.86,0,0,MANUAL,1,1,1,
2026-09-25 19:14:06,A1-baseline,234000,29.39,82.21,1007.83,29.84,74.40,1007.83,0,0,MANUAL,1,1,1,
2026-09-25 19:14:07,A1-baseline,235000,29.39,82.53,1007.83,29.84,74.28,1007.86,0,0,MANUAL,1,1,1,
2026-09-25 19:14:08,A1-baseline,236000,29.39,82.25,1007.80,29.85,74.11,1007.92,0,0,MANUAL,1,1,1,
2026-09-25 19:14:09,A1-baseline,237000,29.38,82.33,1007.76,29.84,74.21,1007.83,0,0,MANUAL,1,1,1,
2026-09-25 19:14:10,A1-baseline,238000,29.38,82.30,1007.82,29.84,74.26,1007.83,0,0,MANUAL,1,1,1,
2026-09-25 19:14:11,A1-baseline,239000,29.37,81.40,1007.86,29.84,74.38,1007.88,0,0,MANUAL,1,1,1,
2026-09-25 19:14:12,A1-baseline,240000,29.38,81.73,1007.79,29.84,74.12,1007.80,0,0,MANUAL,1,1,1,
2026-09-25 19:14:13,A1-baseline,241000,29.38,81.37,1007.88,29.85,74.03,1007.84,0,0,MANUAL,1,1,1,
2026-09-25 19:14:14,A1-baseline,242000,29.38,81.71,1007.81,29.85,74.07,1007.84,0,0,MANUAL,1,1,1,
2026-09-25 19:14:15,A1-baseline,243000,29.37,81.46,1007.80,29.84,73.99,1007.77,0,0,MANUAL,1,1,1,
2026-09-25 19:14:16,A1-baseline,244000,29.38,81.25,1007.84,29.84,74.05,1007.88,0,0,MANUAL,1,1,1,
2026-09-25 19:14:17,A1-baseline,245000,29.38,81.12,1007.82,29.84,74.13,1007.80,0,0,MANUAL,1,1,1,
2026-09-25 19:14:18,A1-baseline,246000,29.37,81.12,1007.86,29.84,74.20,1007.85,0,0,MANUAL,1,1,1,
2026-09-25 19:14:19,A1-baseline,247000,29.38,81.51,1007.76,29.86,74.18,1007.86,0,0,MANUAL,1,1,1,
2026-09-25 19:14:20,A1-baseline,248000,29.37,81.27,1007.72,29.85,74.24,1007.87,0,0,MANUAL,1,1,1,
2026-09-25 19:14:21,A1-baseline,249000,29.38,81.43,1007.81,29.85,74.05,1007.85,0,0,MANUAL,1,1,1,
2026-09-25 19:14:22,A1-baseline,250000,29.38,81.94,1007.81,29.85,74.28,1007.84,0,0,MANUAL,1,1,1,
2026-09-25 19:14:23,A1-baseline,251000,29.38,81.43,1007.84,29.85,74.30,1007.84,0,0,MANUAL,1,1,1,
2026-09-25 19:14:24,A1-baseline,252000,29.38,82.20,1007.81,29.84,74.32,1007.83,0,0,MANUAL,1,1,1,
2026-09-25 19:14:25,A1-baseline,253000,29.38,81.94,1007.88,29.84,74.17,1007.86,0,0,MANUAL,1,1,1,
2026-09-25 19:14:26,A1-baseline,254000,29.38,81.86,1007.76,29.84,74.23,1007.85,0,0,MANUAL,1,1,1,
2026-09-25 19:14:27,A1-baseline,255000,29.39,82.34,1007.75,29.85,74.48,1007.89,0,0,MANUAL,1,1,1,
2026-09-25 19:14:28,A1-baseline,256000,29.38,82.56,1007.82,29.84,74.08,1007.86,0,0,MANUAL,1,1,1,
2026-09-25 19:14:29,A1-baseline,257000,29.39,82.23,1007.86,29.84,74.33,1007.89,0,0,MANUAL,1,1,1,
2026-09-25 19:14:30,A1-baseline,258000,29.39,82.35,1007.84,29.85,74.44,1007.84,0,0,MANUAL,1,1,1,
2026-09-25 19:14:31,A1-baseline,259000,29.39,82.31,1007.81,29.84,74.13,1007.80,0,0,MANUAL,1,1,1,
2026-09-25 19:14:32,A1-baseline,260000,29.38,82.40,1007.82,29.84,74.17,1007.85,0,0,MANUAL,1,1,1,
2026-09-25 19:14:33,A1-baseline,261000,29.39,82.49,1007.81,29.85,74.21,1007.87,0,0,MANUAL,1,1,1,
2026-09-25 19:14:34,A1-baseline,262000,29.39,82.33,1007.77,29.85,74.08,1007.89,0,0,MANUAL,1,1,1,
2026-09-25 19:14:35,A1-baseline,263000,29.39,82.64,1007.84,29.84,74.15,1007.82,0,0,MANUAL,1,1,1,
2026-09-25 19:14:36,A1-baseline,264000,29.39,82.29,1007.77,29.84,74.16,1007.88,0,0,MANUAL,1,1,1,
2026-09-25 19:14:37,A1-baseline,265000,29.39,82.53,1007.78,29.84,74.12,1007.86,0,0,MANUAL,1,1,1,
2026-09-25 19:14:38,A1-baseline,266000,29.39,82.06,1007.81,29.85,74.25,1007.87,0,0,MANUAL,1,1,1,
2026-09-25 19:14:39,A1-baseline,267000,29.39,82.46,1007.86,29.84,74.06,1007.88,0,0,MANUAL,1,1,1,
2026-09-25 19:14:40,A1-baseline,268000,29.39,81.94,1007.83,29.84,74.02,1007.85,0,0,MANUAL,1,1,1,
2026-09-25 19:14:41,A1-baseline,269000,29.39,82.44,1007.78,29.83,74.30,1007.84,0,0,MANUAL,1,1,1,
2026-09-25 19:14:42,A1-baseline,270000,29.38,82.06,1007.79,29.82,74.25,1007.83,0,0,MANUAL,1,1,1,
2026-09-25 19:14:43,A1-baseline,271000,29.39,81.77,1007.86,29.84,74.04,1007.91,0,0,MANUAL,1,1,1,
2026-09-25 19:14:44,A1-baseline,272000,29.37,81.72,1007.78,29.83,74.36,1007.87,0,0,MANUAL,1,1,1,
2026-09-25 19:14:45,A1-baseline,273000,29.38,81.80,1007.78,29.83,74.21,1007.82,0,0,MANUAL,1,1,1,
2026-09-25 19:14:46,A1-baseline,274000,29.38,81.30,1007.84,29.81,74.26,1007.84,0,0,MANUAL,1,1,1,
2026-09-25 19:14:47,A1-baseline,275000,29.38,81.50,1007.87,29.82,74.23,1007.94,0,0,MANUAL,1,1,1,
2026-09-25 19:14:48,A1-baseline,276000,29.39,81.55,1007.83,29.83,74.42,1007.90,0,0,MANUAL,1,1,1,
2026-09-25 19:14:49,A1-baseline,277000,29.38,81.26,1007.78,29.82,74.16,1007.85,0,0,MANUAL,1,1,1,
2026-09-25 19:14:50,A1-baseline,278000,29.38,81.86,1007.76,29.84,74.17,1007.85,0,0,MANUAL,1,1,1,
2026-09-25 19:14:51,A1-baseline,279000,29.39,81.99,1007.81,29.82,74.21,1007.91,0,0,MANUAL,1,1,1,
2026-09-25 19:14:52,A1-baseline,280000,29.39,82.19,1007.80,29.84,74.17,1007.85,0,0,MANUAL,1,1,1,
2026-09-25 19:14:53,A1-baseline,281000,29.39,82.05,1007.77,29.83,74.16,1007.90,0,0,MANUAL,1,1,1,
2026-09-25 19:14:54,A1-baseline,282000,29.40,82.06,1007.84,29.82,74.24,1007.85,0,0,MANUAL,1,1,1,
2026-09-25 19:14:55,A1-baseline,283000,29.39,81.96,1007.86,29.82,74.38,1007.94,0,0,MANUAL,1,1,1,
2026-09-25 19:14:56,A1-baseline,284000,29.39,81.86,1007.80,29.82,74.27,1007.87,0,0,MANUAL,1,1,1,
2026-09-25 19:14:57,A1-baseline,285000,29.38,81.13,1007.78,29.83,74.21,1007.87,0,0,MANUAL,1,1,1,
2026-09-25 19:14:58,A1-baseline,286000,29.39,81.98,1007.81,29.82,74.33,1007.85,0,0,MANUAL,1,1,1,
2026-09-25 19:14:59,A1-baseline,287000,29.39,81.79,1007.81,29.82,74.27,1007.96,0,0,MANUAL,1,1,1,
2026-09-25 19:15:00,A1-baseline,288000,29.39,81.96,1007.81,29.82,74.23,1007.85,0,0,MANUAL,1,1,1,
2026-09-25 19:15:01,A1-baseline,289000,29.40,82.18,1007.87,29.82,74.33,1007.85,0,0,MANUAL,1,1,1,
2026-09-25 19:15:02,A1-baseline,290000,29.39,81.97,1007.84,29.82,74.35,1007.85,0,0,MANUAL,1,1,1,
2026-09-25 19:15:03,A1-baseline,291000,29.39,82.49,1007.84,29.82,74.42,1007.85,0,0,MANUAL,1,1,1,
2026-09-25 19:15:04,A1-baseline,292000,29.40,82.08,1007.84,29.81,74.17,1007.92,0,0,MANUAL,1,1,1,
2026-09-25 19:15:05,A1-baseline,293000,29.40,82.77,1007.84,29.82,74.43,1007.85,0,0,MANUAL,1,1,1,
2026-09-25 19:15:06,A1-baseline,294000,29.40,82.46,1007.74,29.81,74.42,1007.92,0,0,MANUAL,1,1,1,
2026-09-25 19:15:07,A1-baseline,295000,29.40,82.46,1007.76,29.81,74.31,1007.91,0,0,MANUAL,1,1,1,
2026-09-25 19:15:08,A1-baseline,296000,29.40,82.78,1007.84,29.82,74.33,1007.82,0,0,MANUAL,1,1,1,
2026-09-25 19:15:09,A1-baseline,297000,29.41,82.66,1007.78,29.80,74.34,1007.90,0,0,MANUAL,1,1,1,
2026-09-25 19:15:10,A1-baseline,298000,29.40,83.04,1007.84,29.82,74.23,1007.93,0,0,MANUAL,1,1,1,
2026-09-25 19:15:11,A1-baseline,299000,29.39,82.74,1007.81,29.80,74.35,1007.87,0,0,MANUAL,1,1,1,
2026-09-25 19:15:12,A1-baseline,300000,29.40,82.06,1007.84,29.81,74.29,1007.83,0,0,MANUAL,1,1,1,
2026-09-25 19:15:13,A1-baseline,301000,29.39,82.43,1007.81,29.81,74.43,1007.83,0,0,MANUAL,1,1,1,
2026-09-25 19:15:14,A1-baseline,302000,29.40,82.17,1007.88,29.81,74.33,1007.91,0,0,MANUAL,1,1,1,
2026-09-25 19:15:15,A1-baseline,303000,29.40,82.68,1007.82,29.80,74.12,1007.91,0,0,MANUAL,1,1,1,
2026-09-25 19:15:16,A1-baseline,304000,29.40,82.73,1007.76,29.80,74.53,1007.87,0,0,MANUAL,1,1,1,
2026-09-25 19:15:17,A1-baseline,305000,29.40,82.42,1007.82,29.80,74.46,1007.92,0,0,MANUAL,1,1,1,
2026-09-25 19:15:18,A1-baseline,306000,29.39,82.27,1007.75,29.80,74.31,1007.90,0,0,MANUAL,1,1,1,
2026-09-25 19:15:19,A1-baseline,307000,29.39,81.64,1007.83,29.79,74.44,1007.94,0,0,MANUAL,1,1,1,
2026-09-25 19:15:20,A1-baseline,308000,29.39,81.66,1007.86,29.80,74.21,1007.84,0,0,MANUAL,1,1,1,
2026-09-25 19:15:21,A1-baseline,309000,29.39,81.34,1007.86,29.79,74.22,1007.92,0,0,MANUAL,1,1,1,
2026-09-25 19:15:22,A1-baseline,310000,29.39,81.46,1007.78,29.79,74.31,1007.94,0,0,MANUAL,1,1,1,
2026-09-25 19:15:22,A1-rise,,,,,,,,,,,,,,MARK  A1-rise
2026-09-25 19:15:22,A1-rise,,,,,,,,,,,,,,mist A=1 B=0 (manual)
2026-09-25 19:15:23,A1-rise,311000,29.40,82.98,1007.88,29.79,74.19,1007.91,1,0,MANUAL,1,1,1,
2026-09-25 19:15:24,A1-rise,312000,29.39,83.71,1007.83,29.79,74.41,1007.94,1,0,MANUAL,1,1,1,
2026-09-25 19:15:25,A1-rise,313000,29.37,84.70,1007.88,29.79,74.14,1007.91,1,0,MANUAL,1,1,1,
2026-09-25 19:15:26,A1-rise,314000,29.35,85.14,1007.76,29.79,74.33,1007.91,1,0,MANUAL,1,1,1,
2026-09-25 19:15:27,A1-rise,315000,29.34,85.38,1007.77,29.78,74.19,1007.95,1,0,MANUAL,1,1,1,
2026-09-25 19:15:28,A1-rise,316000,29.32,85.78,1007.78,29.78,74.17,1007.89,1,0,MANUAL,1,1,1,
2026-09-25 19:15:29,A1-rise,317000,29.32,85.92,1007.88,29.77,74.24,1007.94,1,0,MANUAL,1,1,1,
2026-09-25 19:15:30,A1-rise,318000,29.31,85.73,1007.87,29.77,74.30,1007.86,1,0,MANUAL,1,1,1,
2026-09-25 19:15:31,A1-rise,319000,29.30,86.06,1007.83,29.78,74.29,1007.81,1,0,MANUAL,1,1,1,
2026-09-25 19:15:32,A1-rise,320000,29.29,86.40,1007.83,29.78,74.24,1007.96,1,0,MANUAL,1,1,1,
2026-09-25 19:15:33,A1-rise,321000,29.28,86.50,1007.85,29.77,74.21,1007.88,1,0,MANUAL,1,1,1,
2026-09-25 19:15:34,A1-rise,322000,29.28,86.62,1007.85,29.77,74.48,1007.88,1,0,MANUAL,1,1,1,
2026-09-25 19:15:35,A1-rise,323000,29.27,86.72,1007.84,29.77,74.47,1007.93,1,0,MANUAL,1,1,1,
2026-09-25 19:15:36,A1-rise,324000,29.27,86.75,1007.84,29.77,74.29,1007.93,1,0,MANUAL,1,1,1,
2026-09-25 19:15:37,A1-rise,325000,29.26,86.71,1007.85,29.77,74.23,1007.91,1,0,MANUAL,1,1,1,
2026-09-25 19:15:38,A1-rise,326000,29.27,86.88,1007.80,29.77,74.53,1007.88,1,0,MANUAL,1,1,1,
2026-09-25 19:15:39,A1-rise,327000,29.26,87.08,1007.87,29.77,74.41,1007.91,1,0,MANUAL,1,1,1,
2026-09-25 19:15:40,A1-rise,328000,29.25,87.22,1007.85,29.77,74.43,1007.90,1,0,MANUAL,1,1,1,
2026-09-25 19:15:41,A1-rise,329000,29.25,87.17,1007.89,29.77,74.41,1007.88,1,0,MANUAL,1,1,1,
2026-09-25 19:15:42,A1-rise,330000,29.25,87.39,1007.89,29.77,74.50,1007.88,1,0,MANUAL,1,1,1,
2026-09-25 19:15:43,A1-rise,331000,29.24,87.21,1007.90,29.77,74.24,1007.96,1,0,MANUAL,1,1,1,
2026-09-25 19:15:44,A1-rise,332000,29.24,87.50,1007.89,29.76,74.26,1007.94,1,0,MANUAL,1,1,1,
2026-09-25 19:15:45,A1-rise,333000,29.25,87.29,1007.83,29.77,74.37,1007.94,1,0,MANUAL,1,1,1,
2026-09-25 19:15:46,A1-rise,334000,29.25,87.42,1007.88,29.77,74.32,1007.91,1,0,MANUAL,1,1,1,
2026-09-25 19:15:47,A1-rise,335000,29.25,87.72,1007.85,29.76,74.42,1007.95,1,0,MANUAL,1,1,1,
2026-09-25 19:15:48,A1-rise,336000,29.24,87.52,1007.90,29.76,74.46,1007.87,1,0,MANUAL,1,1,1,
2026-09-25 19:15:49,A1-rise,337000,29.24,87.62,1007.93,29.76,74.22,1007.89,1,0,MANUAL,1,1,1,
2026-09-25 19:15:50,A1-rise,338000,29.24,87.67,1007.84,29.76,74.38,1007.92,1,0,MANUAL,1,1,1,
2026-09-25 19:15:51,A1-rise,339000,29.25,87.78,1007.88,29.76,74.46,1007.94,1,0,MANUAL,1,1,1,
2026-09-25 19:15:52,A1-rise,340000,29.24,87.68,1007.89,29.76,74.40,1007.95,1,0,MANUAL,1,1,1,
2026-09-25 19:15:53,A1-rise,341000,29.25,87.50,1007.88,29.77,74.47,1007.96,1,0,MANUAL,1,1,1,
2026-09-25 19:15:54,A1-rise,342000,29.24,87.85,1007.87,29.76,74.41,1007.92,1,0,MANUAL,1,1,1,
2026-09-25 19:15:55,A1-rise,343000,29.23,87.75,1007.89,29.76,74.39,1007.95,1,0,MANUAL,1,1,1,
2026-09-25 19:15:56,A1-rise,344000,29.24,87.78,1007.87,29.76,74.34,1007.89,1,0,MANUAL,1,1,1,
2026-09-25 19:15:57,A1-rise,345000,29.24,88.04,1007.87,29.76,74.44,1007.92,1,0,MANUAL,1,1,1,
2026-09-25 19:15:58,A1-rise,346000,29.24,88.01,1007.82,29.77,74.57,1007.88,1,0,MANUAL,1,1,1,
2026-09-25 19:15:59,A1-rise,347000,29.23,87.94,1007.86,29.76,74.40,1007.98,1,0,MANUAL,1,1,1,
2026-09-25 19:16:00,A1-rise,348000,29.24,88.00,1007.90,29.75,74.43,1007.94,1,0,MANUAL,1,1,1,
2026-09-25 19:16:01,A1-rise,349000,29.24,87.78,1007.89,29.76,74.46,1007.94,1,0,MANUAL,1,1,1,
2026-09-25 19:16:02,A1-rise,350000,29.24,87.77,1007.92,29.77,74.47,1007.88,1,0,MANUAL,1,1,1,
2026-09-25 19:16:03,A1-rise,351000,29.25,87.84,1007.91,29.76,74.43,1007.92,1,0,MANUAL,1,1,1,
2026-09-25 19:16:04,A1-rise,352000,29.25,88.22,1007.83,29.77,74.53,1007.88,1,0,MANUAL,1,1,1,
2026-09-25 19:16:05,A1-rise,353000,29.25,88.00,1007.92,29.76,74.31,1007.92,1,0,MANUAL,1,1,1,
2026-09-25 19:16:06,A1-rise,354000,29.25,87.65,1007.85,29.77,74.54,1007.90,1,0,MANUAL,1,1,1,
2026-09-25 19:16:07,A1-rise,355000,29.24,88.29,1007.84,29.76,74.32,1007.86,1,0,MANUAL,1,1,1,
2026-09-25 19:16:08,A1-rise,356000,29.24,87.80,1007.87,29.76,74.38,1007.86,1,0,MANUAL,1,1,1,
2026-09-25 19:16:09,A1-rise,357000,29.25,88.39,1007.85,29.77,74.42,1007.93,1,0,MANUAL,1,1,1,
2026-09-25 19:16:10,A1-rise,358000,29.25,88.29,1007.88,29.77,74.34,1007.93,1,0,MANUAL,1,1,1,
2026-09-25 19:16:11,A1-rise,359000,29.25,88.27,1007.88,29.77,74.40,1007.93,1,0,MANUAL,1,1,1,
2026-09-25 19:16:12,A1-rise,360000,29.24,88.44,1007.90,29.77,74.40,1007.91,1,0,MANUAL,1,1,1,
2026-09-25 19:16:13,A1-rise,361000,29.25,88.41,1007.85,29.78,74.33,1007.95,1,0,MANUAL,1,1,1,
2026-09-25 19:16:14,A1-rise,362000,29.25,88.03,1007.88,29.78,74.31,1007.95,1,0,MANUAL,1,1,1,
2026-09-25 19:16:15,A1-rise,363000,29.25,88.37,1007.91,29.78,74.47,1007.92,1,0,MANUAL,1,1,1,
2026-09-25 19:16:16,A1-rise,364000,29.25,88.33,1007.89,29.78,74.22,1007.92,1,0,MANUAL,1,1,1,
2026-09-25 19:16:17,A1-rise,365000,29.25,88.24,1007.86,29.78,74.14,1007.92,1,0,MANUAL,1,1,1,
2026-09-25 19:16:18,A1-rise,366000,29.25,88.35,1007.89,29.77,74.29,1007.94,1,0,MANUAL,1,1,1,
2026-09-25 19:16:19,A1-rise,367000,29.24,88.34,1007.87,29.78,74.42,1007.89,1,0,MANUAL,1,1,1,
2026-09-25 19:16:20,A1-rise,368000,29.26,88.47,1007.87,29.78,74.39,1007.96,1,0,MANUAL,1,1,1,
2026-09-25 19:16:21,A1-rise,369000,29.25,88.51,1007.95,29.78,74.43,1007.89,1,0,MANUAL,1,1,1,
2026-09-25 19:16:22,A1-rise,370000,29.25,88.29,1007.89,29.79,74.56,1007.96,1,0,MANUAL,1,1,1,
2026-09-25 19:16:23,A1-rise,371000,29.26,88.56,1007.90,29.78,74.54,1007.89,1,0,MANUAL,1,1,1,
2026-09-25 19:16:24,A1-rise,372000,29.25,88.51,1007.92,29.78,74.59,1007.96,1,0,MANUAL,1,1,1,
2026-09-25 19:16:25,A1-rise,373000,29.25,88.63,1007.88,29.79,74.33,1007.91,1,0,MANUAL,1,1,1,
2026-09-25 19:16:26,A1-rise,374000,29.26,88.55,1007.90,29.79,74.48,1007.99,1,0,MANUAL,1,1,1,
2026-09-25 19:16:27,A1-rise,375000,29.27,88.66,1007.91,29.78,74.54,1007.90,1,0,MANUAL,1,1,1,
2026-09-25 19:16:28,A1-rise,376000,29.25,88.42,1007.92,29.78,74.43,1007.95,1,0,MANUAL,1,1,1,
2026-09-25 19:16:29,A1-rise,377000,29.26,88.38,1007.87,29.79,74.49,1007.94,1,0,MANUAL,1,1,1,
2026-09-25 19:16:30,A1-rise,378000,29.28,88.33,1007.93,29.78,74.39,1007.95,1,0,MANUAL,1,1,1,
2026-09-25 19:16:31,A1-rise,379000,29.28,88.65,1007.87,29.78,74.54,1007.96,1,0,MANUAL,1,1,1,
2026-09-25 19:16:32,A1-rise,380000,29.27,88.62,1007.91,29.78,74.59,1007.96,1,0,MANUAL,1,1,1,
2026-09-25 19:16:33,A1-rise,381000,29.27,88.50,1007.94,29.79,74.65,1007.91,1,0,MANUAL,1,1,1,
2026-09-25 19:16:34,A1-rise,382000,29.28,88.46,1007.90,29.79,74.37,1007.91,1,0,MANUAL,1,1,1,
2026-09-25 19:16:35,A1-rise,383000,29.27,88.38,1007.84,29.78,74.60,1007.95,1,0,MANUAL,1,1,1,
2026-09-25 19:16:36,A1-rise,384000,29.27,88.82,1007.91,29.79,74.44,1007.94,1,0,MANUAL,1,1,1,
2026-09-25 19:16:37,A1-rise,385000,29.28,88.52,1007.97,29.78,74.48,1007.96,1,0,MANUAL,1,1,1,
2026-09-25 19:16:38,A1-rise,386000,29.28,88.62,1007.91,29.78,74.58,1007.92,1,0,MANUAL,1,1,1,
2026-09-25 19:16:39,A1-rise,387000,29.28,88.60,1007.87,29.78,74.47,1007.89,1,0,MANUAL,1,1,1,
2026-09-25 19:16:40,A1-rise,388000,29.28,88.21,1007.90,29.79,74.47,1007.94,1,0,MANUAL,1,1,1,
2026-09-25 19:16:41,A1-rise,389000,29.28,88.77,1007.87,29.79,74.46,1007.91,1,0,MANUAL,1,1,1,
2026-09-25 19:16:42,A1-rise,390000,29.28,88.49,1007.96,29.79,74.42,1007.94,1,0,MANUAL,1,1,1,
2026-09-25 19:16:43,A1-rise,391000,29.28,88.28,1007.93,29.79,74.68,1007.97,1,0,MANUAL,1,1,1,
2026-09-25 19:16:44,A1-rise,392000,29.28,88.84,1007.97,29.79,74.50,1007.94,1,0,MANUAL,1,1,1,
2026-09-25 19:16:45,A1-rise,393000,29.28,88.31,1007.88,29.78,74.59,1007.93,1,0,MANUAL,1,1,1,
2026-09-25 19:16:46,A1-rise,394000,29.29,88.62,1007.95,29.79,74.35,1007.91,1,0,MANUAL,1,1,1,
2026-09-25 19:16:47,A1-rise,395000,29.29,88.83,1007.92,29.79,74.36,1007.96,1,0,MANUAL,1,1,1,
2026-09-25 19:16:48,A1-rise,396000,29.29,88.92,1007.93,29.79,74.52,1007.94,1,0,MANUAL,1,1,1,
2026-09-25 19:16:49,A1-rise,397000,29.30,88.50,1007.91,29.79,74.69,1008.02,1,0,MANUAL,1,1,1,
2026-09-25 19:16:50,A1-rise,398000,29.29,88.62,1007.92,29.79,74.53,1008.02,1,0,MANUAL,1,1,1,
2026-09-25 19:16:51,A1-rise,399000,29.30,88.74,1007.91,29.79,74.48,1007.99,1,0,MANUAL,1,1,1,
2026-09-25 19:16:52,A1-rise,400000,29.29,88.87,1007.95,29.79,74.46,1007.96,1,0,MANUAL,1,1,1,
2026-09-25 19:16:53,A1-rise,401000,29.31,88.84,1007.93,29.80,74.54,1008.04,1,0,MANUAL,1,1,1,
2026-09-25 19:16:54,A1-rise,402000,29.29,88.92,1007.93,29.79,74.39,1007.96,1,0,MANUAL,1,1,1,
2026-09-25 19:16:55,A1-rise,403000,29.30,88.47,1008.03,29.78,74.53,1007.95,1,0,MANUAL,1,1,1,
2026-09-25 19:16:56,A1-rise,404000,29.31,88.88,1007.98,29.78,74.47,1007.96,1,0,MANUAL,1,1,1,
2026-09-25 19:16:57,A1-rise,405000,29.30,88.89,1007.91,29.78,74.46,1007.95,1,0,MANUAL,1,1,1,
2026-09-25 19:16:58,A1-rise,406000,29.31,88.64,1007.92,29.78,74.56,1007.96,1,0,MANUAL,1,1,1,
2026-09-25 19:16:59,A1-rise,407000,29.30,88.98,1007.96,29.78,74.46,1007.96,1,0,MANUAL,1,1,1,
2026-09-25 19:17:00,A1-rise,408000,29.30,88.33,1007.91,29.78,74.47,1007.98,1,0,MANUAL,1,1,1,
2026-09-25 19:17:01,A1-rise,409000,29.30,88.59,1007.91,29.78,74.31,1007.92,1,0,MANUAL,1,1,1,
2026-09-25 19:17:02,A1-rise,410000,29.30,88.88,1007.91,29.77,74.44,1007.93,1,0,MANUAL,1,1,1,
2026-09-25 19:17:03,A1-rise,411000,29.30,88.54,1007.97,29.77,74.49,1007.97,1,0,MANUAL,1,1,1,
2026-09-25 19:17:04,A1-rise,412000,29.29,88.83,1007.89,29.78,74.60,1007.95,1,0,MANUAL,1,1,1,
2026-09-25 19:17:05,A1-rise,413000,29.29,88.73,1007.84,29.78,74.35,1007.89,1,0,MANUAL,1,1,1,
2026-09-25 19:17:06,A1-rise,414000,29.29,89.03,1007.87,29.78,74.49,1007.96,1,0,MANUAL,1,1,1,
2026-09-25 19:17:07,A1-rise,415000,29.29,88.88,1007.89,29.78,74.49,1007.96,1,0,MANUAL,1,1,1,
2026-09-25 19:17:08,A1-rise,416000,29.29,89.01,1007.83,29.78,74.46,1008.00,1,0,MANUAL,1,1,1,
2026-09-25 19:17:09,A1-rise,417000,29.29,88.90,1007.92,29.80,74.53,1007.92,1,0,MANUAL,1,1,1,
2026-09-25 19:17:10,A1-rise,418000,29.29,89.00,1007.86,29.79,74.47,1007.99,1,0,MANUAL,1,1,1,
2026-09-25 19:17:11,A1-rise,419000,29.30,88.74,1007.96,29.78,74.37,1008.00,1,0,MANUAL,1,1,1,
2026-09-25 19:17:12,A1-rise,420000,29.30,88.74,1007.91,29.79,74.43,1007.92,1,0,MANUAL,1,1,1,
2026-09-25 19:17:13,A1-rise,421000,29.30,88.51,1007.93,29.80,74.50,1007.90,1,0,MANUAL,1,1,1,
2026-09-25 19:17:13,A1-decay,,,,,,,,,,,,,,mist A=0 B=0 (manual)
2026-09-25 19:17:13,A1-decay,,,,,,,,,,,,,,MARK  A1-decay
2026-09-25 19:17:14,A1-decay,422000,29.29,88.70,1007.89,29.80,74.41,1007.96,0,0,MANUAL,1,1,1,
2026-09-25 19:17:15,A1-decay,423000,29.27,88.90,1007.91,29.80,74.53,1007.95,0,0,MANUAL,1,1,1,
2026-09-25 19:17:16,A1-decay,424000,29.23,88.64,1007.93,29.81,74.49,1007.91,0,0,MANUAL,1,1,1,
2026-09-25 19:17:17,A1-decay,425000,29.17,88.89,1007.92,29.80,74.35,1008.02,0,0,MANUAL,1,1,1,
2026-09-25 19:17:18,A1-decay,426000,29.11,88.65,1007.94,29.81,74.43,1007.97,0,0,MANUAL,1,1,1,
2026-09-25 19:17:19,A1-decay,427000,29.13,88.55,1007.97,29.81,74.39,1007.94,0,0,MANUAL,1,1,1,
2026-09-25 19:17:20,A1-decay,428000,29.09,88.91,1007.95,29.81,74.47,1008.00,0,0,MANUAL,1,1,1,
2026-09-25 19:17:21,A1-decay,429000,29.09,88.88,1008.00,29.82,74.28,1007.96,0,0,MANUAL,1,1,1,
2026-09-25 19:17:22,A1-decay,430000,29.06,88.68,1007.89,29.82,74.29,1007.96,0,0,MANUAL,1,1,1,
2026-09-25 19:17:23,A1-decay,431000,29.05,88.73,1007.99,29.82,74.37,1007.96,0,0,MANUAL,1,1,1,
2026-09-25 19:17:24,A1-decay,432000,29.05,88.53,1007.97,29.83,74.51,1007.95,0,0,MANUAL,1,1,1,
2026-09-25 19:17:25,A1-decay,433000,28.97,89.04,1007.95,29.83,74.42,1007.90,0,0,MANUAL,1,1,1,
2026-09-25 19:17:26,A1-decay,434000,28.97,89.18,1007.94,29.82,74.38,1007.97,0,0,MANUAL,1,1,1,
2026-09-25 19:17:27,A1-decay,435000,28.96,88.54,1007.98,29.84,74.52,1007.99,0,0,MANUAL,1,1,1,
2026-09-25 19:17:28,A1-decay,436000,28.94,88.58,1008.01,29.83,74.27,1007.93,0,0,MANUAL,1,1,1,
2026-09-25 19:17:29,A1-decay,437000,28.93,89.00,1007.91,29.84,74.51,1007.97,0,0,MANUAL,1,1,1,
2026-09-25 19:17:30,A1-decay,438000,28.90,88.78,1007.89,29.83,74.35,1007.98,0,0,MANUAL,1,1,1,
2026-09-25 19:17:31,A1-decay,439000,28.89,88.75,1007.99,29.84,74.33,1007.97,0,0,MANUAL,1,1,1,
2026-09-25 19:17:32,A1-decay,440000,28.88,88.60,1008.05,29.84,74.25,1007.97,0,0,MANUAL,1,1,1,
2026-09-25 19:17:33,A1-decay,441000,28.87,88.98,1007.93,29.84,74.25,1008.00,0,0,MANUAL,1,1,1,
2026-09-25 19:17:34,A1-decay,442000,28.86,88.75,1007.99,29.84,74.50,1007.94,0,0,MANUAL,1,1,1,
2026-09-25 19:17:35,A1-decay,443000,28.85,88.73,1007.92,29.84,74.24,1007.89,0,0,MANUAL,1,1,1,
2026-09-25 19:17:36,A1-decay,444000,28.85,88.68,1008.00,29.85,74.41,1008.01,0,0,MANUAL,1,1,1,
2026-09-25 19:17:37,A1-decay,445000,28.83,88.73,1007.89,29.85,74.52,1008.01,0,0,MANUAL,1,1,1,
2026-09-25 19:17:38,A1-decay,446000,28.81,88.60,1007.91,29.84,74.22,1007.94,0,0,MANUAL,1,1,1,
2026-09-25 19:17:39,A1-decay,447000,28.82,88.62,1007.96,29.85,74.27,1007.93,0,0,MANUAL,1,1,1,
2026-09-25 19:17:40,A1-decay,448000,28.80,88.66,1007.93,29.84,74.34,1007.94,0,0,MANUAL,1,1,1,
2026-09-25 19:17:41,A1-decay,449000,28.80,88.96,1008.01,29.86,74.42,1007.95,0,0,MANUAL,1,1,1,
2026-09-25 19:17:42,A1-decay,450000,28.80,88.84,1007.98,29.85,74.10,1007.99,0,0,MANUAL,1,1,1,
2026-09-25 19:17:43,A1-decay,451000,28.81,88.73,1007.99,29.86,74.48,1007.97,0,0,MANUAL,1,1,1,
2026-09-25 19:17:44,A1-decay,452000,28.80,88.83,1007.95,29.87,74.44,1007.98,0,0,MANUAL,1,1,1,
2026-09-25 19:17:45,A1-decay,453000,28.81,88.71,1007.93,29.86,74.29,1007.95,0,0,MANUAL,1,1,1,
2026-09-25 19:17:46,A1-decay,454000,28.80,88.82,1007.98,29.85,74.34,1007.96,0,0,MANUAL,1,1,1,
2026-09-25 19:17:47,A1-decay,455000,28.80,88.81,1007.97,29.86,74.47,1007.92,0,0,MANUAL,1,1,1,
2026-09-25 19:17:48,A1-decay,456000,28.78,88.68,1007.95,29.86,74.45,1007.95,0,0,MANUAL,1,1,1,
2026-09-25 19:17:49,A1-decay,457000,28.76,88.66,1007.97,29.86,74.29,1007.97,0,0,MANUAL,1,1,1,
2026-09-25 19:17:50,A1-decay,458000,28.77,88.69,1007.93,29.86,74.29,1008.05,0,0,MANUAL,1,1,1,
2026-09-25 19:17:51,A1-decay,459000,28.77,88.91,1007.96,29.87,74.39,1007.95,0,0,MANUAL,1,1,1,
2026-09-25 19:17:52,A1-decay,460000,28.78,88.73,1007.92,29.87,74.23,1007.95,0,0,MANUAL,1,1,1,
2026-09-25 19:17:53,A1-decay,461000,28.78,88.94,1007.94,29.87,74.55,1007.98,0,0,MANUAL,1,1,1,
2026-09-25 19:17:54,A1-decay,462000,28.77,88.64,1007.93,29.86,74.32,1008.02,0,0,MANUAL,1,1,1,
2026-09-25 19:17:55,A1-decay,463000,28.78,88.93,1007.94,29.88,74.39,1007.97,0,0,MANUAL,1,1,1,
2026-09-25 19:17:56,A1-decay,464000,28.80,88.75,1007.97,29.87,74.25,1008.04,0,0,MANUAL,1,1,1,
2026-09-25 19:17:57,A1-decay,465000,28.82,88.85,1007.98,29.88,74.25,1007.89,0,0,MANUAL,1,1,1,
2026-09-25 19:17:58,A1-decay,466000,28.79,88.71,1007.91,29.88,74.31,1007.96,0,0,MANUAL,1,1,1,
2026-09-25 19:17:59,A1-decay,467000,28.80,88.82,1007.95,29.89,74.36,1007.95,0,0,MANUAL,1,1,1,
2026-09-25 19:18:00,A1-decay,468000,28.80,88.58,1007.95,29.89,74.42,1007.96,0,0,MANUAL,1,1,1,
2026-09-25 19:18:01,A1-decay,469000,28.80,88.89,1007.98,29.88,74.18,1007.94,0,0,MANUAL,1,1,1,
2026-09-25 19:18:02,A1-decay,470000,28.80,88.85,1008.01,29.89,74.21,1007.92,0,0,MANUAL,1,1,1,
2026-09-25 19:18:03,A1-decay,471000,28.81,88.80,1007.97,29.89,74.23,1007.90,0,0,MANUAL,1,1,1,
2026-09-25 19:18:04,A1-decay,472000,28.79,88.68,1007.99,29.89,74.34,1007.93,0,0,MANUAL,1,1,1,
2026-09-25 19:18:05,A1-decay,473000,28.79,88.89,1007.99,29.89,74.15,1007.98,0,0,MANUAL,1,1,1,
2026-09-25 19:18:06,A1-decay,474000,28.80,89.08,1007.92,29.89,74.37,1008.07,0,0,MANUAL,1,1,1,
2026-09-25 19:18:07,A1-decay,475000,28.79,88.81,1007.99,29.90,74.51,1007.97,0,0,MANUAL,1,1,1,
2026-09-25 19:18:08,A1-decay,476000,28.79,88.66,1007.96,29.90,74.42,1007.97,0,0,MANUAL,1,1,1,
2026-09-25 19:18:09,A1-decay,477000,28.79,88.89,1007.93,29.89,74.26,1007.98,0,0,MANUAL,1,1,1,
2026-09-25 19:18:10,A1-decay,478000,28.78,88.71,1007.97,29.90,74.43,1007.97,0,0,MANUAL,1,1,1,
2026-09-25 19:18:11,A1-decay,479000,28.78,88.83,1007.95,29.89,74.22,1008.01,0,0,MANUAL,1,1,1,
2026-09-25 19:18:12,A1-decay,480000,28.75,88.81,1007.99,29.89,74.28,1007.90,0,0,MANUAL,1,1,1,
2026-09-25 19:18:13,A1-decay,481000,28.78,88.94,1007.91,29.90,74.29,1008.05,0,0,MANUAL,1,1,1,
2026-09-25 19:18:14,A1-decay,482000,28.79,88.92,1007.97,29.88,74.26,1008.00,0,0,MANUAL,1,1,1,
2026-09-25 19:18:15,A1-decay,483000,28.79,88.71,1007.96,29.89,74.21,1007.96,0,0,MANUAL,1,1,1,
2026-09-25 19:18:16,A1-decay,484000,28.76,88.66,1007.97,29.89,74.24,1007.99,0,0,MANUAL,1,1,1,
2026-09-25 19:18:17,A1-decay,485000,28.77,88.73,1007.99,29.88,74.24,1008.03,0,0,MANUAL,1,1,1,
2026-09-25 19:18:18,A1-decay,486000,28.79,88.70,1007.93,29.89,74.34,1007.93,0,0,MANUAL,1,1,1,
2026-09-25 19:18:19,A1-decay,487000,28.76,88.90,1007.97,29.89,74.24,1007.98,0,0,MANUAL,1,1,1,
2026-09-25 19:18:20,A1-decay,488000,28.79,88.58,1007.93,29.89,74.53,1007.99,0,0,MANUAL,1,1,1,
2026-09-25 19:18:21,A1-decay,489000,28.83,88.92,1007.91,29.89,74.32,1008.01,0,0,MANUAL,1,1,1,
2026-09-25 19:18:22,A1-decay,490000,28.85,88.71,1007.98,29.89,74.29,1007.99,0,0,MANUAL,1,1,1,
2026-09-25 19:18:23,A1-decay,491000,28.81,88.93,1007.94,29.89,74.38,1007.99,0,0,MANUAL,1,1,1,
2026-09-25 19:18:24,A1-decay,492000,28.80,88.93,1008.00,29.89,74.21,1008.06,0,0,MANUAL,1,1,1,
2026-09-25 19:18:25,A1-decay,493000,28.84,88.75,1008.01,29.89,74.31,1008.01,0,0,MANUAL,1,1,1,
2026-09-25 19:18:26,A1-decay,494000,28.81,88.64,1007.99,29.89,74.25,1007.96,0,0,MANUAL,1,1,1,
2026-09-25 19:18:27,A1-decay,495000,28.80,88.84,1007.95,29.88,74.21,1007.94,0,0,MANUAL,1,1,1,
2026-09-25 19:18:28,A1-decay,496000,28.79,89.01,1007.94,29.88,74.37,1007.97,0,0,MANUAL,1,1,1,
2026-09-25 19:18:29,A1-decay,497000,28.76,88.79,1007.97,29.89,74.23,1007.98,0,0,MANUAL,1,1,1,
2026-09-25 19:18:30,A1-decay,498000,28.78,88.55,1007.97,29.88,74.23,1008.05,0,0,MANUAL,1,1,1,
2026-09-25 19:18:31,A1-decay,499000,28.79,88.65,1007.99,29.88,74.17,1008.00,0,0,MANUAL,1,1,1,
2026-09-25 19:18:32,A1-decay,500000,28.77,88.52,1007.96,29.88,74.48,1008.03,0,0,MANUAL,1,1,1,
2026-09-25 19:18:33,A1-decay,501000,28.79,88.77,1007.96,29.88,74.44,1008.05,0,0,MANUAL,1,1,1,
2026-09-25 19:18:34,A1-decay,502000,28.81,88.81,1008.00,29.87,74.37,1007.93,0,0,MANUAL,1,1,1,
2026-09-25 19:18:35,A1-decay,503000,28.80,88.69,1008.01,29.88,74.30,1007.96,0,0,MANUAL,1,1,1,
2026-09-25 19:18:36,A1-decay,504000,28.79,88.78,1008.01,29.87,74.30,1007.93,0,0,MANUAL,1,1,1,
2026-09-25 19:18:37,A1-decay,505000,28.78,88.76,1007.95,29.88,74.12,1008.05,0,0,MANUAL,1,1,1,
2026-09-25 19:18:38,A1-decay,506000,28.78,88.81,1008.01,29.88,74.17,1008.05,0,0,MANUAL,1,1,1,
2026-09-25 19:18:39,A1-decay,507000,28.77,88.95,1007.96,29.88,74.47,1008.02,0,0,MANUAL,1,1,1,
2026-09-25 19:18:40,A1-decay,508000,28.79,88.88,1007.94,29.87,74.27,1008.04,0,0,MANUAL,1,1,1,
2026-09-25 19:18:41,A1-decay,509000,28.78,88.70,1007.95,29.86,74.41,1008.00,0,0,MANUAL,1,1,1,
2026-09-25 19:18:42,A1-decay,510000,28.78,88.74,1008.06,29.86,74.34,1007.99,0,0,MANUAL,1,1,1,
2026-09-25 19:18:43,A1-decay,511000,28.78,88.92,1007.97,29.86,74.40,1008.00,0,0,MANUAL,1,1,1,
2026-09-25 19:18:44,A1-decay,512000,28.78,89.01,1007.94,29.86,74.27,1007.99,0,0,MANUAL,1,1,1,
2026-09-25 19:18:45,A1-decay,513000,28.79,88.62,1007.93,29.87,74.49,1007.95,0,0,MANUAL,1,1,1,
2026-09-25 19:18:46,A1-decay,514000,28.80,88.61,1007.98,29.86,74.42,1007.97,0,0,MANUAL,1,1,1,
2026-09-25 19:18:47,A1-decay,515000,28.79,88.74,1007.93,29.85,74.37,1007.99,0,0,MANUAL,1,1,1,
2026-09-25 19:18:48,A1-decay,516000,28.78,88.66,1007.92,29.86,74.47,1007.95,0,0,MANUAL,1,1,1,
2026-09-25 19:18:49,A1-decay,517000,28.78,89.01,1007.92,29.87,74.22,1008.07,0,0,MANUAL,1,1,1,
2026-09-25 19:18:50,A1-decay,518000,28.79,88.73,1007.91,29.86,74.37,1008.03,0,0,MANUAL,1,1,1,
2026-09-25 19:18:51,A1-decay,519000,28.78,88.68,1007.98,29.86,74.32,1007.91,0,0,MANUAL,1,1,1,
2026-09-25 19:18:52,A1-decay,520000,28.80,88.63,1007.95,29.85,74.29,1008.01,0,0,MANUAL,1,1,1,
2026-09-25 19:18:53,A1-decay,521000,28.80,88.87,1007.95,29.86,74.38,1007.97,0,0,MANUAL,1,1,1,
2026-09-25 19:18:54,A1-decay,522000,28.80,88.66,1007.95,29.85,74.20,1008.01,0,0,MANUAL,1,1,1,
2026-09-25 19:18:55,A1-decay,523000,28.81,88.89,1007.96,29.85,74.21,1007.98,0,0,MANUAL,1,1,1,
2026-09-25 19:18:56,A1-decay,524000,28.80,88.67,1007.95,29.84,74.26,1008.02,0,0,MANUAL,1,1,1,
2026-09-25 19:18:57,A1-decay,525000,28.79,88.74,1007.91,29.86,74.12,1008.05,0,0,MANUAL,1,1,1,
2026-09-25 19:18:58,A1-decay,526000,28.81,89.07,1007.99,29.85,74.43,1008.06,0,0,MANUAL,1,1,1,
2026-09-25 19:18:59,A1-decay,527000,28.80,88.72,1007.92,29.86,74.32,1008.02,0,0,MANUAL,1,1,1,
2026-09-25 19:19:00,A1-decay,528000,28.79,88.73,1007.99,29.85,74.34,1008.03,0,0,MANUAL,1,1,1,
2026-09-25 19:19:01,A1-decay,529000,28.80,88.80,1007.93,29.85,74.53,1008.03,0,0,MANUAL,1,1,1,
2026-09-25 19:19:02,A1-decay,530000,28.80,88.89,1008.01,29.85,74.38,1008.01,0,0,MANUAL,1,1,1,
2026-09-25 19:19:03,A1-decay,531000,28.82,88.78,1007.93,29.85,74.14,1007.98,0,0,MANUAL,1,1,1,
2026-09-25 19:19:04,A1-decay,532000,28.82,88.75,1007.95,29.85,74.35,1008.01,0,0,MANUAL,1,1,1,
2026-09-25 19:19:05,A1-decay,533000,28.82,89.16,1007.96,29.85,74.44,1007.98,0,0,MANUAL,1,1,1,
2026-09-25 19:19:06,A1-decay,534000,28.80,88.58,1008.00,29.85,74.28,1008.01,0,0,MANUAL,1,1,1,
2026-09-25 19:19:07,A1-decay,535000,28.80,89.24,1007.93,29.84,74.22,1007.94,0,0,MANUAL,1,1,1,
2026-09-25 19:19:08,A1-decay,536000,28.82,88.97,1008.01,29.85,74.17,1008.01,0,0,MANUAL,1,1,1,
2026-09-25 19:19:09,A1-decay,537000,28.80,88.71,1007.95,29.84,74.21,1008.00,0,0,MANUAL,1,1,1,
2026-09-25 19:19:10,A1-decay,538000,28.82,88.87,1007.98,29.84,74.22,1007.99,0,0,MANUAL,1,1,1,
2026-09-25 19:19:11,A1-decay,539000,28.83,88.72,1007.97,29.84,74.34,1007.97,0,0,MANUAL,1,1,1,
2026-09-25 19:19:12,A1-decay,540000,28.82,88.77,1007.99,29.85,74.35,1008.09,0,0,MANUAL,1,1,1,
2026-09-25 19:19:13,A1-decay,541000,28.82,88.78,1007.95,29.84,74.24,1007.99,0,0,MANUAL,1,1,1,
2026-09-25 19:19:14,A1-decay,542000,28.81,88.83,1008.00,29.83,74.30,1008.01,0,0,MANUAL,1,1,1,
2026-09-25 19:19:15,A1-decay,543000,28.83,88.86,1008.06,29.84,74.35,1008.13,0,0,MANUAL,1,1,1,
2026-09-25 19:19:16,A1-decay,544000,28.83,88.75,1008.02,29.83,74.24,1008.04,0,0,MANUAL,1,1,1,
2026-09-25 19:19:17,A1-decay,545000,28.83,88.69,1007.98,29.84,74.31,1008.08,0,0,MANUAL,1,1,1,
2026-09-25 19:19:18,A1-decay,546000,28.81,88.72,1008.03,29.82,74.44,1007.96,0,0,MANUAL,1,1,1,
2026-09-25 19:19:19,A1-decay,547000,28.81,88.85,1007.97,29.82,74.18,1008.02,0,0,MANUAL,1,1,1,
2026-09-25 19:19:20,A1-decay,548000,28.82,88.91,1007.99,29.83,74.44,1008.01,0,0,MANUAL,1,1,1,
2026-09-25 19:19:21,A1-decay,549000,28.83,88.64,1008.02,29.84,74.43,1008.07,0,0,MANUAL,1,1,1,
2026-09-25 19:19:22,A1-decay,550000,28.83,88.93,1008.02,29.83,74.39,1008.00,0,0,MANUAL,1,1,1,
2026-09-25 19:19:23,A1-decay,551000,28.84,89.13,1007.96,29.82,74.30,1007.97,0,0,MANUAL,1,1,1,
2026-09-25 19:19:24,A1-decay,552000,28.83,88.71,1007.98,29.83,74.23,1008.03,0,0,MANUAL,1,1,1,
2026-09-25 19:19:25,A1-decay,553000,28.85,88.77,1007.97,29.83,74.61,1008.09,0,0,MANUAL,1,1,1,
2026-09-25 19:19:26,A1-decay,554000,28.85,88.75,1007.98,29.83,74.18,1007.97,0,0,MANUAL,1,1,1,
2026-09-25 19:19:27,A1-decay,555000,28.87,88.92,1008.01,29.82,74.41,1008.01,0,0,MANUAL,1,1,1,
2026-09-25 19:19:28,A1-decay,556000,28.87,88.78,1008.01,29.83,74.31,1008.01,0,0,MANUAL,1,1,1,
2026-09-25 19:19:29,A1-decay,557000,28.89,88.87,1007.98,29.82,74.25,1008.01,0,0,MANUAL,1,1,1,
2026-09-25 19:19:30,A1-decay,558000,28.89,88.99,1007.98,29.82,74.47,1007.97,0,0,MANUAL,1,1,1,
2026-09-25 19:19:31,A1-decay,559000,28.86,88.95,1007.96,29.82,74.30,1008.01,0,0,MANUAL,1,1,1,
2026-09-25 19:19:32,A1-decay,560000,28.85,89.11,1007.97,29.83,74.41,1007.98,0,0,MANUAL,1,1,1,
2026-09-25 19:19:33,A1-decay,561000,28.84,88.76,1007.96,29.83,74.27,1008.06,0,0,MANUAL,1,1,1,
2026-09-25 19:19:34,A1-decay,562000,28.83,88.94,1007.99,29.82,74.45,1008.01,0,0,MANUAL,1,1,1,
2026-09-25 19:19:35,A1-decay,563000,28.85,89.09,1008.03,29.82,74.33,1008.08,0,0,MANUAL,1,1,1,
2026-09-25 19:19:36,A1-decay,564000,28.85,88.75,1008.00,29.82,74.34,1008.05,0,0,MANUAL,1,1,1,
2026-09-25 19:19:37,A1-decay,565000,28.85,89.01,1008.04,29.82,74.20,1008.01,0,0,MANUAL,1,1,1,
2026-09-25 19:19:38,A1-decay,566000,28.85,88.92,1007.98,29.82,74.23,1008.01,0,0,MANUAL,1,1,1,
2026-09-25 19:19:39,A1-decay,567000,28.84,88.79,1008.02,29.82,74.30,1008.01,0,0,MANUAL,1,1,1,
2026-09-25 19:19:40,A1-decay,568000,28.85,89.05,1007.98,29.82,74.43,1008.02,0,0,MANUAL,1,1,1,
2026-09-25 19:19:41,A1-decay,569000,28.86,89.09,1008.02,29.82,74.45,1008.01,0,0,MANUAL,1,1,1,
2026-09-25 19:19:42,A1-decay,570000,28.86,88.86,1008.00,29.82,74.36,1008.07,0,0,MANUAL,1,1,1,
2026-09-25 19:19:43,A1-decay,571000,28.86,88.72,1007.97,29.82,74.52,1008.01,0,0,MANUAL,1,1,1,
2026-09-25 19:19:44,A1-decay,572000,28.85,89.05,1007.98,29.81,74.27,1008.05,0,0,MANUAL,1,1,1,
2026-09-25 19:19:45,A1-decay,573000,28.86,88.66,1007.94,29.81,74.22,1008.00,0,0,MANUAL,1,1,1,
2026-09-25 19:19:46,A1-decay,574000,28.86,88.76,1007.99,29.81,74.29,1008.00,0,0,MANUAL,1,1,1,
2026-09-25 19:19:47,A1-decay,575000,28.86,88.72,1007.97,29.80,74.39,1008.10,0,0,MANUAL,1,1,1,
2026-09-25 19:19:48,A1-decay,576000,28.86,88.71,1007.97,29.81,74.27,1008.06,0,0,MANUAL,1,1,1,
2026-09-25 19:19:49,A1-decay,577000,28.86,88.75,1007.97,29.80,74.35,1008.02,0,0,MANUAL,1,1,1,
2026-09-25 19:19:50,A1-decay,578000,28.89,88.72,1008.01,29.81,74.49,1008.05,0,0,MANUAL,1,1,1,
2026-09-25 19:19:51,A1-decay,579000,28.88,88.89,1008.02,29.80,74.35,1008.02,0,0,MANUAL,1,1,1,
2026-09-25 19:19:52,A1-decay,580000,28.88,88.78,1007.96,29.80,74.36,1008.07,0,0,MANUAL,1,1,1,
2026-09-25 19:19:53,A1-decay,581000,28.88,88.80,1007.99,29.80,74.25,1008.04,0,0,MANUAL,1,1,1,
2026-09-25 19:19:54,A1-decay,582000,28.88,88.76,1007.94,29.80,74.29,1007.98,0,0,MANUAL,1,1,1,
2026-09-25 19:19:55,A1-decay,583000,28.88,89.15,1007.97,29.79,74.27,1008.06,0,0,MANUAL,1,1,1,
2026-09-25 19:19:56,A1-decay,584000,28.88,88.98,1007.92,29.80,74.45,1008.01,0,0,MANUAL,1,1,1,
2026-09-25 19:19:57,A1-decay,585000,28.88,88.68,1007.97,29.79,74.46,1008.02,0,0,MANUAL,1,1,1,
2026-09-25 19:19:58,A1-decay,586000,28.88,88.77,1007.99,29.79,74.39,1008.08,0,0,MANUAL,1,1,1,
2026-09-25 19:19:59,A1-decay,587000,28.88,89.10,1007.97,29.79,74.27,1008.06,0,0,MANUAL,1,1,1,
2026-09-25 19:20:00,A1-decay,588000,28.89,88.91,1008.04,29.78,74.30,1008.06,0,0,MANUAL,1,1,1,
2026-09-25 19:20:01,A1-decay,589000,28.89,88.94,1007.98,29.78,74.44,1008.00,0,0,MANUAL,1,1,1,
2026-09-25 19:20:02,A1-decay,590000,28.88,89.16,1007.97,29.79,74.45,1008.08,0,0,MANUAL,1,1,1,
2026-09-25 19:20:03,A1-decay,591000,28.88,88.87,1008.02,29.78,74.45,1007.98,0,0,MANUAL,1,1,1,
2026-09-25 19:20:04,A1-decay,592000,28.88,89.17,1007.96,29.78,74.40,1008.07,0,0,MANUAL,1,1,1,
2026-09-25 19:20:05,A1-decay,593000,28.87,89.06,1007.96,29.78,74.37,1008.07,0,0,MANUAL,1,1,1,
2026-09-25 19:20:06,A1-decay,594000,28.87,89.24,1007.92,29.79,74.40,1007.99,0,0,MANUAL,1,1,1,
2026-09-25 19:20:07,A1-decay,595000,28.86,88.78,1008.08,29.78,74.37,1008.06,0,0,MANUAL,1,1,1,
2026-09-25 19:20:08,A1-decay,596000,28.86,88.69,1007.97,29.78,74.29,1008.03,0,0,MANUAL,1,1,1,
2026-09-25 19:20:09,A1-decay,597000,28.86,89.10,1007.96,29.79,74.36,1007.94,0,0,MANUAL,1,1,1,
2026-09-25 19:20:10,A1-decay,598000,28.86,88.79,1008.00,29.78,74.40,1007.98,0,0,MANUAL,1,1,1,
2026-09-25 19:20:11,A1-decay,599000,28.86,88.92,1008.02,29.78,74.45,1008.01,0,0,MANUAL,1,1,1,
2026-09-25 19:20:12,A1-decay,600000,28.86,88.91,1007.99,29.79,74.44,1008.02,0,0,MANUAL,1,1,1,
2026-09-25 19:20:13,A1-decay,601000,28.86,89.11,1008.00,29.78,74.29,1008.04,0,0,MANUAL,1,1,1,
2026-09-25 19:20:14,A1-decay,602000,28.87,88.69,1008.03,29.78,74.39,1008.04,0,0,MANUAL,1,1,1,
2026-09-25 19:20:15,A1-decay,603000,28.86,88.86,1008.04,29.78,74.34,1008.11,0,0,MANUAL,1,1,1,
2026-09-25 19:20:16,A1-decay,604000,28.86,89.30,1008.05,29.78,74.39,1008.00,0,0,MANUAL,1,1,1,
2026-09-25 19:20:17,A1-decay,605000,28.86,89.00,1008.02,29.78,74.57,1008.00,0,0,MANUAL,1,1,1,
2026-09-25 19:20:18,A1-decay,606000,28.87,89.00,1008.06,29.77,74.49,1008.04,0,0,MANUAL,1,1,1,
2026-09-25 19:20:19,A1-decay,607000,28.87,88.92,1008.01,29.77,74.49,1008.07,0,0,MANUAL,1,1,1,
2026-09-25 19:20:20,A1-decay,608000,28.87,88.97,1008.01,29.77,74.28,1008.04,0,0,MANUAL,1,1,1,
2026-09-25 19:20:21,A1-decay,609000,28.87,88.77,1007.93,29.78,74.43,1008.06,0,0,MANUAL,1,1,1,
2026-09-25 19:20:22,A1-decay,610000,28.87,88.71,1007.98,29.76,74.38,1008.03,0,0,MANUAL,1,1,1,
2026-09-25 19:20:23,A1-decay,611000,28.87,88.88,1007.98,29.76,74.49,1008.06,0,0,MANUAL,1,1,1,
2026-09-25 19:20:24,A1-decay,612000,28.88,88.80,1008.03,29.76,74.48,1008.01,0,0,MANUAL,1,1,1,
2026-09-25 19:20:25,A1-decay,613000,28.86,88.80,1008.04,29.77,74.34,1008.02,0,0,MANUAL,1,1,1,
2026-09-25 19:20:26,A1-decay,614000,28.88,89.00,1007.96,29.77,74.58,1008.04,0,0,MANUAL,1,1,1,
2026-09-25 19:20:27,A1-decay,615000,28.87,89.11,1007.98,29.77,74.53,1008.07,0,0,MANUAL,1,1,1,
2026-09-25 19:20:28,A1-decay,616000,28.87,88.92,1008.01,29.77,74.49,1008.02,0,0,MANUAL,1,1,1,
2026-09-25 19:20:29,A1-decay,617000,28.88,88.77,1007.97,29.76,74.59,1008.06,0,0,MANUAL,1,1,1,
2026-09-25 19:20:30,A1-decay,618000,28.89,88.83,1008.06,29.77,74.39,1008.10,0,0,MANUAL,1,1,1,
2026-09-25 19:20:31,A1-decay,619000,28.88,88.99,1007.99,29.76,74.59,1008.06,0,0,MANUAL,1,1,1,
2026-09-25 19:20:32,A1-decay,620000,28.89,88.79,1008.01,29.76,74.52,1008.03,0,0,MANUAL,1,1,1,
2026-09-25 19:20:33,A1-decay,621000,28.87,88.98,1008.01,29.77,74.61,1007.99,0,0,MANUAL,1,1,1,
2026-09-25 19:20:34,A1-decay,622000,28.89,89.19,1008.01,29.76,74.50,1008.06,0,0,MANUAL,1,1,1,
2026-09-25 19:20:35,A1-decay,623000,28.88,88.80,1008.03,29.76,74.71,1008.06,0,0,MANUAL,1,1,1,
2026-09-25 19:20:36,A1-decay,624000,28.89,88.98,1008.02,29.77,74.56,1008.08,0,0,MANUAL,1,1,1,
2026-09-25 19:20:37,A1-decay,625000,28.88,88.81,1007.97,29.76,74.51,1008.03,0,0,MANUAL,1,1,1,
2026-09-25 19:20:38,A1-decay,626000,28.89,88.90,1007.98,29.77,74.72,1008.05,0,0,MANUAL,1,1,1,
2026-09-25 19:20:39,A1-decay,627000,28.90,88.88,1008.02,29.76,74.48,1007.98,0,0,MANUAL,1,1,1,
2026-09-25 19:20:40,A1-decay,628000,28.88,88.93,1007.97,29.77,74.48,1008.00,0,0,MANUAL,1,1,1,
2026-09-25 19:20:41,A1-decay,629000,28.88,88.94,1007.94,29.77,74.52,1008.08,0,0,MANUAL,1,1,1,
2026-09-25 19:20:42,A1-decay,630000,28.89,88.74,1008.04,29.77,74.35,1008.11,0,0,MANUAL,1,1,1,
2026-09-25 19:20:43,A1-decay,631000,28.89,88.82,1007.93,29.77,74.46,1008.02,0,0,MANUAL,1,1,1,
2026-09-25 19:20:44,A1-decay,632000,28.89,89.09,1007.99,29.77,74.56,1008.00,0,0,MANUAL,1,1,1,
2026-09-25 19:20:45,A1-decay,633000,28.88,89.21,1007.97,29.77,74.39,1008.05,0,0,MANUAL,1,1,1,
2026-09-25 19:20:46,A1-decay,634000,28.88,88.89,1008.06,29.78,74.57,1008.06,0,0,MANUAL,1,1,1,
2026-09-25 19:20:47,A1-decay,635000,28.88,89.31,1007.99,29.78,74.41,1008.06,0,0,MANUAL,1,1,1,
2026-09-25 19:20:48,A1-decay,636000,28.88,88.82,1007.99,29.78,74.58,1008.04,0,0,MANUAL,1,1,1,
2026-09-25 19:20:49,A1-decay,637000,28.88,89.03,1008.00,29.78,74.44,1008.06,0,0,MANUAL,1,1,1,
2026-09-25 19:20:50,A1-decay,638000,28.89,88.80,1008.04,29.78,74.42,1008.09,0,0,MANUAL,1,1,1,
2026-09-25 19:20:51,A1-decay,639000,28.89,89.03,1008.04,29.78,74.46,1008.07,0,0,MANUAL,1,1,1,
2026-09-25 19:20:52,A1-decay,640000,28.89,89.18,1008.04,29.78,74.42,1008.01,0,0,MANUAL,1,1,1,
2026-09-25 19:20:53,A1-decay,641000,28.89,88.81,1007.99,29.78,74.52,1008.00,0,0,MANUAL,1,1,1,
2026-09-25 19:20:54,A1-decay,642000,28.89,88.88,1008.04,29.78,74.57,1008.07,0,0,MANUAL,1,1,1,
2026-09-25 19:20:55,A1-decay,643000,28.90,88.78,1008.05,29.79,74.59,1008.10,0,0,MANUAL,1,1,1,
2026-09-25 19:20:56,A1-decay,644000,28.89,88.78,1008.02,29.78,74.35,1008.09,0,0,MANUAL,1,1,1,
2026-09-25 19:20:57,A1-decay,645000,28.89,89.09,1008.04,29.78,74.40,1008.07,0,0,MANUAL,1,1,1,
2026-09-25 19:20:58,A1-decay,646000,28.89,88.96,1007.98,29.78,74.48,1008.09,0,0,MANUAL,1,1,1,
2026-09-25 19:20:59,A1-decay,647000,28.90,88.96,1007.95,29.79,74.45,1008.10,0,0,MANUAL,1,1,1,
2026-09-25 19:21:00,A1-decay,648000,28.90,88.83,1008.00,29.77,74.29,1008.10,0,0,MANUAL,1,1,1,
2026-09-25 19:21:01,A1-decay,649000,28.88,89.05,1008.02,29.78,74.39,1008.03,0,0,MANUAL,1,1,1,
2026-09-25 19:21:02,A1-decay,650000,28.86,88.87,1008.00,29.77,74.31,1008.00,0,0,MANUAL,1,1,1,
2026-09-25 19:21:03,A1-decay,651000,28.85,89.00,1008.06,29.78,74.48,1008.03,0,0,MANUAL,1,1,1,
2026-09-25 19:21:04,A1-decay,652000,28.88,89.11,1008.05,29.78,74.47,1008.09,0,0,MANUAL,1,1,1,
2026-09-25 19:21:05,A1-decay,653000,28.90,88.91,1008.02,29.77,74.48,1008.11,0,0,MANUAL,1,1,1,
2026-09-25 19:21:06,A1-decay,654000,28.89,89.09,1007.96,29.77,74.39,1008.04,0,0,MANUAL,1,1,1,
2026-09-25 19:21:07,A1-decay,655000,28.89,88.83,1008.01,29.77,74.40,1008.04,0,0,MANUAL,1,1,1,
2026-09-25 19:21:08,A1-decay,656000,28.90,88.68,1008.08,29.78,74.53,1008.03,0,0,MANUAL,1,1,1,
2026-09-25 19:21:09,A1-decay,657000,28.90,89.17,1008.00,29.77,74.49,1008.05,0,0,MANUAL,1,1,1,
2026-09-25 19:21:10,A1-decay,658000,28.91,89.20,1008.08,29.78,74.33,1008.00,0,0,MANUAL,1,1,1,
2026-09-25 19:21:11,A1-decay,659000,28.90,89.21,1008.00,29.78,74.49,1008.06,0,0,MANUAL,1,1,1,
2026-09-25 19:21:12,A1-decay,660000,28.91,89.24,1008.08,29.77,74.30,1008.02,0,0,MANUAL,1,1,1,
2026-09-25 19:21:13,A1-decay,661000,28.90,88.92,1007.97,29.78,74.53,1008.03,0,0,MANUAL,1,1,1,
2026-09-25 19:21:14,A1-decay,662000,28.90,88.97,1008.05,29.78,74.72,1008.06,0,0,MANUAL,1,1,1,
2026-09-25 19:21:15,A1-decay,663000,28.90,88.78,1008.00,29.78,74.54,1008.03,0,0,MANUAL,1,1,1,
2026-09-25 19:21:16,A1-decay,664000,28.91,88.79,1008.02,29.78,74.51,1008.04,0,0,MANUAL,1,1,1,
2026-09-25 19:21:17,A1-decay,665000,28.91,88.83,1007.96,29.78,74.60,1008.07,0,0,MANUAL,1,1,1,
2026-09-25 19:21:18,A1-decay,666000,28.92,88.82,1008.06,29.78,74.61,1008.04,0,0,MANUAL,1,1,1,
2026-09-25 19:21:19,A1-decay,667000,28.92,88.95,1008.03,29.79,74.49,1008.08,0,0,MANUAL,1,1,1,
2026-09-25 19:21:20,A1-decay,668000,28.92,89.30,1008.00,29.79,74.51,1008.05,0,0,MANUAL,1,1,1,
2026-09-25 19:21:21,A1-decay,669000,28.92,89.23,1008.01,29.79,74.54,1008.08,0,0,MANUAL,1,1,1,
2026-09-25 19:21:22,A1-decay,670000,28.92,88.99,1007.94,29.79,74.58,1008.05,0,0,MANUAL,1,1,1,
2026-09-25 19:21:23,A1-decay,671000,28.91,89.10,1008.08,29.79,74.46,1008.05,0,0,MANUAL,1,1,1,
2026-09-25 19:21:24,A1-decay,672000,28.92,88.95,1008.04,29.79,74.35,1008.02,0,0,MANUAL,1,1,1,
2026-09-25 19:21:25,A1-decay,673000,28.92,88.73,1008.04,29.79,74.36,1008.08,0,0,MANUAL,1,1,1,
2026-09-25 19:21:26,A1-decay,674000,28.91,89.04,1007.99,29.79,74.41,1008.02,0,0,MANUAL,1,1,1,
2026-09-25 19:21:27,A1-decay,675000,28.91,88.89,1008.02,29.78,74.39,1008.01,0,0,MANUAL,1,1,1,
2026-09-25 19:21:28,A1-decay,676000,28.91,88.95,1008.07,29.79,74.37,1008.02,0,0,MANUAL,1,1,1,
2026-09-25 19:21:29,A1-decay,677000,28.90,88.94,1008.00,29.79,74.42,1008.02,0,0,MANUAL,1,1,1,
2026-09-25 19:21:30,A1-decay,678000,28.87,89.22,1008.00,29.79,74.56,1008.08,0,0,MANUAL,1,1,1,
2026-09-25 19:21:31,A1-decay,679000,28.89,88.89,1007.99,29.79,74.39,1008.03,0,0,MANUAL,1,1,1,
2026-09-25 19:21:32,A1-decay,680000,28.87,88.68,1008.01,29.79,74.55,1008.08,0,0,MANUAL,1,1,1,
2026-09-25 19:21:33,A1-decay,681000,28.89,89.14,1008.04,29.79,74.38,1008.10,0,0,MANUAL,1,1,1,
2026-09-25 19:21:34,A1-decay,682000,28.90,88.90,1008.02,29.80,74.48,1008.06,0,0,MANUAL,1,1,1,
2026-09-25 19:21:35,A1-decay,683000,28.90,89.11,1008.06,29.80,74.35,1008.09,0,0,MANUAL,1,1,1,
2026-09-25 19:21:36,A1-decay,684000,28.90,89.31,1008.03,29.79,74.39,1008.08,0,0,MANUAL,1,1,1,
2026-09-25 19:21:37,A1-decay,685000,28.90,89.22,1008.00,29.79,74.36,1008.08,0,0,MANUAL,1,1,1,
2026-09-25 19:21:38,A1-decay,686000,28.91,88.93,1008.10,29.79,74.28,1007.99,0,0,MANUAL,1,1,1,
2026-09-25 19:21:39,A1-decay,687000,28.91,88.96,1008.01,29.78,74.30,1008.03,0,0,MANUAL,1,1,1,
2026-09-25 19:21:40,A1-decay,688000,28.91,88.77,1008.05,29.78,74.37,1008.04,0,0,MANUAL,1,1,1,
2026-09-25 19:21:41,A1-decay,689000,28.92,89.17,1008.06,29.80,74.30,1008.06,0,0,MANUAL,1,1,1,
2026-09-25 19:21:42,A1-decay,690000,28.90,89.02,1008.00,29.79,74.37,1008.10,0,0,MANUAL,1,1,1,
2026-09-25 19:21:43,A1-decay,691000,28.91,88.93,1008.04,29.78,74.34,1008.04,0,0,MANUAL,1,1,1,
2026-09-25 19:21:44,A1-decay,692000,28.92,88.64,1008.06,29.78,74.36,1008.09,0,0,MANUAL,1,1,1,
2026-09-25 19:21:45,A1-decay,693000,28.92,88.80,1008.04,29.79,74.41,1008.14,0,0,MANUAL,1,1,1,
2026-09-25 19:21:46,A1-decay,694000,28.93,88.78,1008.07,29.79,74.39,1008.11,0,0,MANUAL,1,1,1,
2026-09-25 19:21:47,A1-decay,695000,28.92,89.16,1008.06,29.79,74.39,1008.13,0,0,MANUAL,1,1,1,
2026-09-25 19:21:48,A1-decay,696000,28.89,88.76,1008.02,29.78,74.39,1008.07,0,0,MANUAL,1,1,1,
2026-09-25 19:21:49,A1-decay,697000,28.89,88.80,1008.01,29.79,74.38,1008.08,0,0,MANUAL,1,1,1,
2026-09-25 19:21:50,A1-decay,698000,28.91,89.18,1008.01,29.79,74.48,1008.05,0,0,MANUAL,1,1,1,
2026-09-25 19:21:51,A1-decay,699000,28.91,89.21,1008.01,29.79,74.49,1008.08,0,0,MANUAL,1,1,1,
2026-09-25 19:21:52,A1-decay,700000,28.92,88.81,1008.09,29.78,74.37,1008.07,0,0,MANUAL,1,1,1,
2026-09-25 19:21:53,A1-decay,701000,28.92,89.09,1008.06,29.79,74.39,1008.10,0,0,MANUAL,1,1,1,
2026-09-25 19:21:54,A1-decay,702000,28.92,88.92,1008.03,29.79,74.28,1008.08,0,0,MANUAL,1,1,1,
2026-09-25 19:21:55,A1-decay,703000,28.90,89.29,1008.05,29.79,74.30,1008.10,0,0,MANUAL,1,1,1,
2026-09-25 19:21:56,A1-decay,704000,28.91,88.98,1007.99,29.78,74.31,1008.09,0,0,MANUAL,1,1,1,
2026-09-25 19:21:57,A1-decay,705000,28.92,89.19,1008.04,29.79,74.36,1008.08,0,0,MANUAL,1,1,1,
2026-09-25 19:21:58,A1-decay,706000,28.92,88.94,1008.04,29.79,74.36,1008.06,0,0,MANUAL,1,1,1,
2026-09-25 19:21:59,A1-decay,707000,28.92,88.81,1008.01,29.79,74.35,1008.00,0,0,MANUAL,1,1,1,
2026-09-25 19:22:00,A1-decay,708000,28.90,89.02,1008.02,29.79,74.45,1008.10,0,0,MANUAL,1,1,1,
2026-09-25 19:22:01,A1-decay,709000,28.91,88.94,1007.96,29.79,74.47,1008.08,0,0,MANUAL,1,1,1,
2026-09-25 19:22:02,A1-decay,710000,28.92,88.50,1008.04,29.79,74.50,1008.11,0,0,MANUAL,1,1,1,
2026-09-25 19:22:03,A1-decay,711000,28.91,89.14,1007.98,29.79,74.40,1008.08,0,0,MANUAL,1,1,1,
2026-09-25 19:22:04,A1-decay,712000,28.91,89.10,1008.01,29.79,74.54,1008.08,0,0,MANUAL,1,1,1,
2026-09-25 19:22:05,A1-decay,713000,28.90,89.12,1008.00,29.79,74.48,1008.08,0,0,MANUAL,1,1,1,
2026-09-25 19:22:06,A1-decay,714000,28.92,88.74,1008.00,29.79,74.37,1008.14,0,0,MANUAL,1,1,1,
2026-09-25 19:22:07,A1-decay,715000,28.91,89.30,1008.04,29.79,74.50,1008.08,0,0,MANUAL,1,1,1,
2026-09-25 19:22:08,A1-decay,716000,28.91,89.07,1008.02,29.79,74.48,1008.08,0,0,MANUAL,1,1,1,
2026-09-25 19:22:09,A1-decay,717000,28.92,88.91,1008.04,29.80,74.22,1008.09,0,0,MANUAL,1,1,1,
2026-09-25 19:22:10,A1-decay,718000,28.91,89.18,1008.05,29.80,74.39,1007.98,0,0,MANUAL,1,1,1,
2026-09-25 19:22:11,A1-decay,719000,28.92,88.94,1008.07,29.79,74.46,1008.05,0,0,MANUAL,1,1,1,
2026-09-25 19:22:12,A1-decay,720000,28.90,89.10,1008.03,29.79,74.49,1008.14,0,0,MANUAL,1,1,1,
2026-09-25 19:22:13,A1-decay,721000,28.90,88.70,1008.02,29.79,74.48,1008.08,0,0,MANUAL,1,1,1,
2026-09-25 19:22:14,A1-decay,722000,28.91,88.53,1008.05,29.80,74.32,1008.09,0,0,MANUAL,1,1,1,
2026-09-25 19:22:15,A1-decay,723000,28.92,88.77,1008.09,29.79,74.44,1008.13,0,0,MANUAL,1,1,1,
2026-09-25 19:22:16,A1-decay,724000,28.93,88.77,1008.05,29.80,74.56,1008.09,0,0,MANUAL,1,1,1,
2026-09-25 19:22:17,A1-decay,725000,28.90,88.74,1008.08,29.80,74.36,1008.04,0,0,MANUAL,1,1,1,
2026-09-25 19:22:18,A1-decay,726000,28.92,89.06,1008.00,29.79,74.56,1008.08,0,0,MANUAL,1,1,1,
2026-09-25 19:22:19,A1-decay,727000,28.91,89.11,1007.98,29.79,74.35,1008.08,0,0,MANUAL,1,1,1,
2026-09-25 19:22:20,A1-decay,728000,28.90,89.07,1008.03,29.79,74.36,1008.08,0,0,MANUAL,1,1,1,
2026-09-25 19:22:21,A1-decay,729000,28.90,88.87,1007.95,29.79,74.35,1008.08,0,0,MANUAL,1,1,1,
2026-09-25 19:22:22,A1-decay,730000,28.90,88.63,1008.05,29.79,74.37,1008.14,0,0,MANUAL,1,1,1,
2026-09-25 19:22:23,A1-decay,731000,28.91,88.90,1008.01,29.79,74.43,1008.08,0,0,MANUAL,1,1,1,
2026-09-25 19:22:24,A1-decay,732000,28.90,88.97,1007.91,29.80,74.54,1008.06,0,0,MANUAL,1,1,1,
2026-09-25 19:22:25,A1-decay,733000,28.90,89.03,1008.02,29.79,74.49,1008.08,0,0,MANUAL,1,1,1,
2026-09-25 19:22:26,A1-decay,734000,28.91,88.74,1008.08,29.79,74.75,1008.03,0,0,MANUAL,1,1,1,
2026-09-25 19:22:27,A1-decay,735000,28.88,88.69,1008.00,29.79,74.50,1008.06,0,0,MANUAL,1,1,1,
2026-09-25 19:22:28,A1-decay,736000,28.89,88.78,1008.02,29.79,74.59,1008.05,0,0,MANUAL,1,1,1,
2026-09-25 19:22:29,A1-decay,737000,28.92,89.12,1007.97,29.79,74.57,1008.14,0,0,MANUAL,1,1,1,
2026-09-25 19:22:30,A1-decay,738000,28.92,88.91,1008.04,29.79,74.61,1008.08,0,0,MANUAL,1,1,1,
2026-09-25 19:22:31,A1-decay,739000,28.92,88.83,1008.03,29.79,74.68,1008.10,0,0,MANUAL,1,1,1,
2026-09-25 19:22:32,A1-decay,740000,28.92,88.83,1008.03,29.79,74.67,1008.05,0,0,MANUAL,1,1,1,
2026-09-25 19:22:33,A1-decay,741000,28.92,89.02,1008.04,29.79,74.59,1008.10,0,0,MANUAL,1,1,1,
2026-09-25 19:22:34,A1-decay,742000,28.92,88.66,1008.04,29.79,74.46,1008.08,0,0,MANUAL,1,1,1,
2026-09-25 19:22:35,A1-decay,743000,28.92,88.84,1008.09,29.79,74.58,1008.03,0,0,MANUAL,1,1,1,
2026-09-25 19:22:36,A1-decay,744000,28.92,88.67,1008.06,29.79,74.49,1008.05,0,0,MANUAL,1,1,1,
2026-09-25 19:22:37,A1-decay,745000,28.91,88.86,1008.10,29.80,74.52,1008.12,0,0,MANUAL,1,1,1,
2026-09-25 19:22:38,A1-decay,746000,28.91,88.94,1008.02,29.79,74.53,1008.06,0,0,MANUAL,1,1,1,
2026-09-25 19:22:39,A1-decay,747000,28.91,88.67,1008.08,29.80,74.45,1008.07,0,0,MANUAL,1,1,1,
2026-09-25 19:22:40,A1-decay,748000,28.92,88.74,1008.06,29.80,74.41,1008.12,0,0,MANUAL,1,1,1,
2026-09-25 19:22:41,A1-decay,749000,28.91,89.12,1008.05,29.79,74.53,1008.08,0,0,MANUAL,1,1,1,
2026-09-25 19:22:42,A1-decay,750000,28.90,88.78,1008.00,29.80,74.53,1008.15,0,0,MANUAL,1,1,1,
2026-09-25 19:22:43,A1-decay,751000,28.91,89.07,1008.02,29.79,74.49,1008.06,0,0,MANUAL,1,1,1,
2026-09-25 19:22:44,A1-decay,752000,28.92,88.79,1008.06,29.80,74.46,1008.12,0,0,MANUAL,1,1,1,
2026-09-25 19:22:45,A1-decay,753000,28.92,88.78,1008.07,29.80,74.49,1008.10,0,0,MANUAL,1,1,1,
2026-09-25 19:22:46,A1-decay,754000,28.91,88.97,1008.07,29.81,74.45,1008.16,0,0,MANUAL,1,1,1,
2026-09-25 19:22:47,A1-decay,755000,28.90,89.10,1008.03,29.79,74.56,1008.05,0,0,MANUAL,1,1,1,
2026-09-25 19:22:48,A1-decay,756000,28.91,88.67,1008.07,29.80,74.43,1008.04,0,0,MANUAL,1,1,1,
2026-09-25 19:22:49,A1-decay,757000,28.91,88.65,1008.08,29.80,74.39,1008.12,0,0,MANUAL,1,1,1,
2026-09-25 19:22:50,A1-decay,758000,28.91,88.84,1008.04,29.81,74.47,1008.08,0,0,MANUAL,1,1,1,
2026-09-25 19:22:51,A1-decay,759000,28.91,89.19,1008.05,29.80,74.58,1008.04,0,0,MANUAL,1,1,1,
2026-09-25 19:22:52,A1-decay,760000,28.93,88.71,1008.08,29.80,74.49,1008.10,0,0,MANUAL,1,1,1,
2026-09-25 19:22:53,A1-decay,761000,28.94,89.12,1008.15,29.79,74.48,1008.08,0,0,MANUAL,1,1,1,
2026-09-25 19:22:54,A1-decay,762000,28.93,88.80,1008.03,29.80,74.62,1008.04,0,0,MANUAL,1,1,1,
2026-09-25 19:22:55,A1-decay,763000,28.93,89.07,1007.97,29.80,74.46,1008.15,0,0,MANUAL,1,1,1,
2026-09-25 19:22:56,A1-decay,764000,28.92,88.73,1008.03,29.79,74.48,1008.08,0,0,MANUAL,1,1,1,
2026-09-25 19:22:57,A1-decay,765000,28.93,88.91,1008.07,29.80,74.71,1008.04,0,0,MANUAL,1,1,1,
2026-09-25 19:22:58,A1-decay,766000,28.93,88.77,1008.10,29.79,74.59,1008.06,0,0,MANUAL,1,1,1,
2026-09-25 19:22:59,A1-decay,767000,28.93,88.82,1008.07,29.80,74.61,1008.10,0,0,MANUAL,1,1,1,
2026-09-25 19:23:00,A1-decay,768000,28.92,88.56,1008.04,29.80,74.46,1008.09,0,0,MANUAL,1,1,1,
2026-09-25 19:23:01,A1-decay,769000,28.90,88.68,1008.06,29.80,74.76,1008.13,0,0,MANUAL,1,1,1,
2026-09-25 19:23:02,A1-decay,770000,28.91,88.83,1008.04,29.80,74.67,1008.06,0,0,MANUAL,1,1,1,
2026-09-25 19:23:03,A1-decay,771000,28.91,88.88,1008.05,29.80,74.58,1008.10,0,0,MANUAL,1,1,1,
2026-09-25 19:23:04,A1-decay,772000,28.91,88.68,1008.08,29.80,74.54,1008.06,0,0,MANUAL,1,1,1,
2026-09-25 19:23:05,A1-decay,773000,28.91,88.60,1008.08,29.81,74.83,1008.08,0,0,MANUAL,1,1,1,
2026-09-25 19:23:06,A1-decay,774000,28.92,88.88,1008.03,29.80,74.57,1008.06,0,0,MANUAL,1,1,1,
2026-09-25 19:23:07,A1-decay,775000,28.93,88.69,1008.04,29.80,74.76,1008.13,0,0,MANUAL,1,1,1,
2026-09-25 19:23:08,A1-decay,776000,28.94,89.06,1008.04,29.81,74.71,1008.11,0,0,MANUAL,1,1,1,
2026-09-25 19:23:09,A1-decay,777000,28.93,88.59,1008.05,29.80,74.77,1008.04,0,0,MANUAL,1,1,1,
2026-09-25 19:23:10,A1-decay,778000,28.92,88.72,1008.04,29.80,74.61,1008.09,0,0,MANUAL,1,1,1,
2026-09-25 19:23:11,A1-decay,779000,28.93,89.05,1008.05,29.81,74.45,1008.11,0,0,MANUAL,1,1,1,
2026-09-25 19:23:12,A1-decay,780000,28.94,88.77,1008.03,29.80,74.47,1008.13,0,0,MANUAL,1,1,1,
2026-09-25 19:23:13,A1-decay,781000,28.92,89.20,1008.07,29.80,74.65,1008.10,0,0,MANUAL,1,1,1,
2026-09-25 19:23:14,A1-decay,782000,28.92,88.45,1008.09,29.81,74.43,1008.11,0,0,MANUAL,1,1,1,
2026-09-25 19:23:15,A1-decay,783000,28.93,88.66,1008.00,29.81,74.53,1008.11,0,0,MANUAL,1,1,1,
2026-09-25 19:23:16,A1-decay,784000,28.93,88.90,1008.05,29.81,74.44,1008.16,0,0,MANUAL,1,1,1,
2026-09-25 19:23:17,A1-decay,785000,28.92,89.18,1008.07,29.81,74.55,1008.06,0,0,MANUAL,1,1,1,
2026-09-25 19:23:18,A1-decay,786000,28.93,88.67,1008.05,29.81,74.72,1008.16,0,0,MANUAL,1,1,1,
2026-09-25 19:23:19,A1-decay,787000,28.93,88.58,1008.00,29.81,74.61,1008.11,0,0,MANUAL,1,1,1,
2026-09-25 19:23:20,A1-decay,788000,28.93,88.69,1008.08,29.80,74.70,1008.04,0,0,MANUAL,1,1,1,
2026-09-25 19:23:21,A1-decay,789000,28.94,89.06,1008.07,29.80,74.61,1008.15,0,0,MANUAL,1,1,1,
2026-09-25 19:23:22,A1-decay,790000,28.94,88.67,1008.03,29.81,74.46,1008.08,0,0,MANUAL,1,1,1,
2026-09-25 19:23:23,A1-decay,791000,28.92,88.86,1008.09,29.80,74.48,1008.15,0,0,MANUAL,1,1,1,
2026-09-25 19:23:24,A1-decay,792000,28.93,88.61,1008.04,29.80,74.64,1008.21,0,0,MANUAL,1,1,1,
2026-09-25 19:23:25,A1-decay,793000,28.94,88.95,1008.03,29.81,74.56,1008.13,0,0,MANUAL,1,1,1,
2026-09-25 19:23:26,A1-decay,794000,28.94,89.05,1008.10,29.81,74.61,1008.11,0,0,MANUAL,1,1,1,
2026-09-25 19:23:27,A1-decay,795000,28.93,88.60,1008.05,29.81,74.53,1008.16,0,0,MANUAL,1,1,1,
2026-09-25 19:23:28,A1-decay,796000,28.92,88.59,1008.07,29.80,74.59,1008.15,0,0,MANUAL,1,1,1,
2026-09-25 19:23:29,A1-decay,797000,28.93,89.17,1008.07,29.81,74.46,1008.11,0,0,MANUAL,1,1,1,
2026-09-25 19:23:30,A1-decay,798000,28.93,88.45,1008.03,29.81,74.49,1008.11,0,0,MANUAL,1,1,1,
2026-09-25 19:23:31,A1-decay,799000,28.92,88.59,1008.07,29.80,74.59,1008.06,0,0,MANUAL,1,1,1,
2026-09-25 19:23:32,A1-decay,800000,28.93,88.67,1008.04,29.80,74.47,1008.13,0,0,MANUAL,1,1,1,
2026-09-25 19:23:33,A1-decay,801000,28.93,88.78,1008.03,29.80,74.44,1008.10,0,0,MANUAL,1,1,1,
2026-09-25 19:23:34,A1-decay,802000,28.90,88.62,1008.03,29.81,74.54,1008.13,0,0,MANUAL,1,1,1,
2026-09-25 19:23:35,A1-decay,803000,28.91,89.21,1008.05,29.80,74.50,1008.10,0,0,MANUAL,1,1,1,
2026-09-25 19:23:36,A1-decay,804000,28.93,88.62,1008.04,29.81,74.60,1008.08,0,0,MANUAL,1,1,1,
2026-09-25 19:23:37,A1-decay,805000,28.93,88.66,1008.03,29.80,74.68,1008.12,0,0,MANUAL,1,1,1,
2026-09-25 19:23:38,A1-decay,806000,28.93,88.64,1008.03,29.80,74.67,1008.07,0,0,MANUAL,1,1,1,
2026-09-25 19:23:39,A1-decay,807000,28.95,89.04,1008.13,29.79,74.56,1008.08,0,0,MANUAL,1,1,1,
2026-09-25 19:23:40,A1-decay,808000,28.95,88.71,1008.05,29.80,74.68,1008.17,0,0,MANUAL,1,1,1,
2026-09-25 19:23:41,A1-decay,809000,28.93,89.01,1008.10,29.80,74.64,1008.12,0,0,MANUAL,1,1,1,
2026-09-25 19:23:42,A1-decay,810000,28.94,88.87,1008.09,29.80,74.54,1008.09,0,0,MANUAL,1,1,1,
2026-09-25 19:23:43,A1-decay,811000,28.94,88.69,1008.07,29.80,74.58,1008.09,0,0,MANUAL,1,1,1,
2026-09-25 19:23:44,A1-decay,812000,28.93,88.71,1008.04,29.79,74.60,1008.08,0,0,MANUAL,1,1,1,
2026-09-25 19:23:45,A1-decay,813000,28.93,89.04,1008.08,29.80,74.66,1008.12,0,0,MANUAL,1,1,1,
2026-09-25 19:23:46,A1-decay,814000,28.93,88.59,1008.07,29.80,74.54,1008.04,0,0,MANUAL,1,1,1,
2026-09-25 19:23:47,A1-decay,815000,28.92,88.90,1008.11,29.79,74.48,1008.11,0,0,MANUAL,1,1,1,
2026-09-25 19:23:48,A1-decay,816000,28.91,88.54,1008.02,29.80,74.49,1008.12,0,0,MANUAL,1,1,1,
2026-09-25 19:23:49,A1-decay,817000,28.92,88.79,1008.07,29.80,74.64,1008.17,0,0,MANUAL,1,1,1,
2026-09-25 19:23:50,A1-decay,818000,28.91,88.77,1008.10,29.80,74.56,1008.15,0,0,MANUAL,1,1,1,
2026-09-25 19:23:51,A1-decay,819000,28.92,88.82,1008.09,29.81,74.64,1008.11,0,0,MANUAL,1,1,1,
2026-09-25 19:23:52,A1-decay,820000,28.91,88.52,1008.10,29.80,74.65,1008.10,0,0,MANUAL,1,1,1,
2026-09-25 19:23:53,A1-decay,821000,28.89,88.44,1008.10,29.80,74.70,1008.06,0,0,MANUAL,1,1,1,
2026-09-25 19:23:54,A1-decay,822000,28.90,88.49,1008.11,29.80,74.77,1008.10,0,0,MANUAL,1,1,1,
2026-09-25 19:23:55,A1-decay,823000,28.92,88.49,1008.11,29.80,74.81,1008.12,0,0,MANUAL,1,1,1,
2026-09-25 19:23:56,A1-decay,824000,28.90,88.44,1008.06,29.80,74.79,1008.09,0,0,MANUAL,1,1,1,
2026-09-25 19:23:57,A1-decay,825000,28.91,88.49,1008.05,29.79,74.80,1008.14,0,0,MANUAL,1,1,1,
2026-09-25 19:23:58,A1-decay,826000,28.91,88.87,1008.02,29.79,74.65,1008.08,0,0,MANUAL,1,1,1,
2026-09-25 19:23:59,A1-decay,827000,28.92,88.86,1008.09,29.79,74.64,1008.11,0,0,MANUAL,1,1,1,
2026-09-25 19:24:00,A1-decay,828000,28.91,88.47,1008.08,29.80,74.80,1008.09,0,0,MANUAL,1,1,1,
2026-09-25 19:24:01,A1-decay,829000,28.92,88.83,1008.09,29.79,74.67,1008.08,0,0,MANUAL,1,1,1,
2026-09-25 19:24:02,A1-decay,830000,28.90,88.76,1008.03,29.79,74.64,1008.10,0,0,MANUAL,1,1,1,
2026-09-25 19:24:03,A1-decay,831000,28.90,88.40,1008.06,29.79,74.68,1008.16,0,0,MANUAL,1,1,1,
2026-09-25 19:24:04,A1-decay,832000,28.92,88.81,1008.07,29.78,74.91,1008.09,0,0,MANUAL,1,1,1,
2026-09-25 19:24:05,A1-decay,833000,28.90,88.62,1008.03,29.79,74.74,1008.10,0,0,MANUAL,1,1,1,
2026-09-25 19:24:06,A1-decay,834000,28.90,88.35,1008.06,29.79,74.68,1008.13,0,0,MANUAL,1,1,1,
2026-09-25 19:24:07,A1-decay,835000,28.92,88.80,1008.03,29.79,74.69,1008.13,0,0,MANUAL,1,1,1,
2026-09-25 19:24:08,A1-decay,836000,28.91,88.45,1008.10,29.78,74.58,1008.07,0,0,MANUAL,1,1,1,
2026-09-25 19:24:09,A1-decay,837000,28.92,88.46,1008.03,29.78,74.62,1008.12,0,0,MANUAL,1,1,1,
2026-09-25 19:24:10,A1-decay,838000,28.90,88.41,1008.06,29.78,74.61,1008.14,0,0,MANUAL,1,1,1,
2026-09-25 19:24:11,A1-decay,839000,28.89,88.27,1008.01,29.78,74.73,1008.15,0,0,MANUAL,1,1,1,
2026-09-25 19:24:12,A1-decay,840000,28.90,88.44,1008.06,29.78,74.78,1008.12,0,0,MANUAL,1,1,1,
2026-09-25 19:24:13,A1-decay,841000,28.91,88.77,1008.10,29.78,74.69,1008.11,0,0,MANUAL,1,1,1,
2026-09-25 19:24:14,A1-decay,842000,28.91,88.40,1008.08,29.77,74.61,1008.11,0,0,MANUAL,1,1,1,
2026-09-25 19:24:15,A1-decay,843000,28.92,88.55,1008.09,29.78,74.63,1008.14,0,0,MANUAL,1,1,1,
2026-09-25 19:24:16,A1-decay,844000,28.90,88.36,1008.03,29.78,74.72,1008.20,0,0,MANUAL,1,1,1,
2026-09-25 19:24:17,A1-decay,845000,28.90,88.77,1008.03,29.77,74.75,1008.11,0,0,MANUAL,1,1,1,
2026-09-25 19:24:18,A1-decay,846000,28.93,88.31,1008.07,29.77,74.66,1008.08,0,0,MANUAL,1,1,1,
2026-09-25 19:24:19,A1-decay,847000,28.93,88.68,1008.17,29.77,74.75,1008.15,0,0,MANUAL,1,1,1,
2026-09-25 19:24:20,A1-decay,848000,28.93,88.86,1008.10,29.76,74.84,1008.14,0,0,MANUAL,1,1,1,
2026-09-25 19:24:21,A1-decay,849000,28.93,88.76,1008.04,29.77,74.69,1008.16,0,0,MANUAL,1,1,1,
2026-09-25 19:24:22,A1-decay,850000,28.93,88.58,1008.08,29.77,74.78,1008.16,0,0,MANUAL,1,1,1,
2026-09-25 19:24:23,A1-decay,851000,28.94,88.48,1008.15,29.77,74.84,1008.10,0,0,MANUAL,1,1,1,
2026-09-25 19:24:24,A1-decay,852000,28.93,88.53,1008.08,29.76,74.67,1008.12,0,0,MANUAL,1,1,1,
2026-09-25 19:24:25,A1-decay,853000,28.93,88.41,1008.11,29.76,74.63,1008.12,0,0,MANUAL,1,1,1,
2026-09-25 19:24:26,A1-decay,854000,28.93,88.48,1008.11,29.76,74.62,1008.17,0,0,MANUAL,1,1,1,
2026-09-25 19:24:27,A1-decay,855000,28.92,88.92,1008.09,29.76,74.68,1008.15,0,0,MANUAL,1,1,1,
2026-09-25 19:24:28,A1-decay,856000,28.92,88.38,1008.12,29.76,74.64,1008.14,0,0,MANUAL,1,1,1,
2026-09-25 19:24:29,A1-decay,857000,28.91,88.39,1008.12,29.75,74.70,1008.16,0,0,MANUAL,1,1,1,
2026-09-25 19:24:30,A1-decay,858000,28.91,88.44,1008.12,29.75,74.89,1008.13,0,0,MANUAL,1,1,1,
2026-09-25 19:24:31,A1-decay,859000,28.90,88.52,1008.08,29.76,74.82,1008.14,0,0,MANUAL,1,1,1,
2026-09-25 19:24:32,A1-decay,860000,28.93,88.65,1008.10,29.75,74.68,1008.07,0,0,MANUAL,1,1,1,
2026-09-25 19:24:33,A1-decay,861000,28.91,88.50,1008.07,29.74,74.91,1008.14,0,0,MANUAL,1,1,1,
2026-09-25 19:24:34,A1-decay,862000,28.91,88.79,1007.98,29.74,74.71,1008.14,0,0,MANUAL,1,1,1,
2026-09-25 19:24:35,A1-decay,863000,28.92,88.66,1008.09,29.74,74.65,1008.13,0,0,MANUAL,1,1,1,
2026-09-25 19:24:36,A1-decay,864000,28.91,88.47,1008.13,29.74,74.88,1008.06,0,0,MANUAL,1,1,1,
2026-09-25 19:24:37,A1-decay,865000,28.89,88.25,1008.07,29.75,74.80,1008.18,0,0,MANUAL,1,1,1,
2026-09-25 19:24:38,A1-decay,866000,28.90,88.46,1008.12,29.74,74.65,1008.11,0,0,MANUAL,1,1,1,
2026-09-25 19:24:39,A1-decay,867000,28.91,88.40,1008.16,29.75,74.79,1008.15,0,0,MANUAL,1,1,1,
2026-09-25 19:24:40,A1-decay,868000,28.91,88.56,1008.08,29.74,74.77,1008.13,0,0,MANUAL,1,1,1,
2026-09-25 19:24:41,A1-decay,869000,28.92,88.44,1008.11,29.74,74.65,1008.13,0,0,MANUAL,1,1,1,
2026-09-25 19:24:42,A1-decay,870000,28.93,88.56,1008.05,29.74,74.61,1008.16,0,0,MANUAL,1,1,1,
2026-09-25 19:24:43,A1-decay,871000,28.93,88.59,1008.08,29.74,74.84,1008.17,0,0,MANUAL,1,1,1,
2026-09-25 19:24:44,A1-decay,872000,28.93,88.62,1008.10,29.74,74.79,1008.13,0,0,MANUAL,1,1,1,
2026-09-25 19:24:45,A1-decay,873000,28.93,88.24,1008.13,29.74,74.85,1008.11,0,0,MANUAL,1,1,1,
2026-09-25 19:24:46,A1-decay,874000,28.91,88.33,1007.99,29.74,74.80,1008.16,0,0,MANUAL,1,1,1,
2026-09-25 19:24:47,A1-decay,875000,28.92,88.84,1008.07,29.73,74.91,1008.14,0,0,MANUAL,1,1,1,
2026-09-25 19:24:48,A1-decay,876000,28.93,88.38,1008.07,29.74,74.75,1008.22,0,0,MANUAL,1,1,1,
2026-09-25 19:24:49,A1-decay,877000,28.93,88.60,1008.11,29.73,74.85,1008.15,0,0,MANUAL,1,1,1,
2026-09-25 19:24:50,A1-decay,878000,28.94,88.72,1008.10,29.73,74.76,1008.15,0,0,MANUAL,1,1,1,
2026-09-25 19:24:51,A1-decay,879000,28.93,88.44,1008.11,29.73,74.81,1008.10,0,0,MANUAL,1,1,1,
2026-09-25 19:24:52,A1-decay,880000,28.93,88.45,1008.10,29.74,74.88,1008.02,0,0,MANUAL,1,1,1,
2026-09-25 19:24:53,A1-decay,881000,28.92,88.86,1008.09,29.74,74.74,1008.16,0,0,MANUAL,1,1,1,
2026-09-25 19:24:54,A1-decay,882000,28.92,88.33,1008.04,29.74,74.81,1008.11,0,0,MANUAL,1,1,1,
2026-09-25 19:24:55,A1-decay,883000,28.91,88.39,1008.08,29.73,74.90,1008.12,0,0,MANUAL,1,1,1,
2026-09-25 19:24:56,A1-decay,884000,28.92,88.36,1008.07,29.74,75.12,1008.11,0,0,MANUAL,1,1,1,
2026-09-25 19:24:57,A1-decay,885000,28.92,88.64,1008.07,29.74,74.92,1008.11,0,0,MANUAL,1,1,1,
2026-09-25 19:24:58,A1-decay,886000,28.92,88.73,1008.09,29.74,74.93,1008.13,0,0,MANUAL,1,1,1,
2026-09-25 19:24:59,A1-decay,887000,28.92,88.83,1008.07,29.75,74.90,1008.18,0,0,MANUAL,1,1,1,
2026-09-25 19:25:00,A1-decay,888000,28.93,88.30,1008.10,29.75,74.71,1008.13,0,0,MANUAL,1,1,1,
2026-09-25 19:25:01,A1-decay,889000,28.93,88.68,1007.99,29.74,74.91,1008.11,0,0,MANUAL,1,1,1,
2026-09-25 19:25:02,A1-decay,890000,28.91,88.31,1008.18,29.74,74.82,1008.17,0,0,MANUAL,1,1,1,
2026-09-25 19:25:03,A1-decay,891000,28.91,88.40,1008.07,29.74,75.01,1008.11,0,0,MANUAL,1,1,1,
2026-09-25 19:25:04,A1-decay,892000,28.92,88.25,1008.15,29.74,74.97,1008.11,0,0,MANUAL,1,1,1,
2026-09-25 19:25:05,A1-decay,893000,28.92,88.42,1008.06,29.75,74.88,1008.15,0,0,MANUAL,1,1,1,
2026-09-25 19:25:06,A1-decay,894000,28.92,88.34,1008.07,29.74,74.82,1008.17,0,0,MANUAL,1,1,1,
2026-09-25 19:25:07,A1-decay,895000,28.90,88.68,1008.06,29.75,74.97,1008.15,0,0,MANUAL,1,1,1,
2026-09-25 19:25:08,A1-decay,896000,28.91,88.41,1008.10,29.75,75.01,1008.09,0,0,MANUAL,1,1,1,
2026-09-25 19:25:09,A1-decay,897000,28.90,88.86,1008.12,29.75,75.01,1008.10,0,0,MANUAL,1,1,1,
2026-09-25 19:25:10,A1-decay,898000,28.90,88.38,1008.12,29.76,74.89,1008.14,0,0,MANUAL,1,1,1,
2026-09-25 19:25:11,A1-decay,899000,28.88,88.39,1008.10,29.75,74.78,1008.13,0,0,MANUAL,1,1,1,
2026-09-25 19:25:12,A1-decay,900000,28.90,88.56,1008.11,29.76,74.90,1008.11,0,0,MANUAL,1,1,1,
2026-09-25 19:25:13,A1-decay,901000,28.90,88.63,1008.12,29.76,74.89,1008.12,0,0,MANUAL,1,1,1,
2026-09-25 19:25:14,A1-decay,902000,28.88,88.35,1008.08,29.76,75.00,1008.08,0,0,MANUAL,1,1,1,
2026-09-25 19:25:15,A1-decay,903000,28.90,88.70,1008.11,29.76,74.89,1008.14,0,0,MANUAL,1,1,1,
2026-09-25 19:25:16,A1-decay,904000,28.91,88.52,1008.15,29.75,75.00,1008.13,0,0,MANUAL,1,1,1,
2026-09-25 19:25:17,A1-decay,905000,28.90,88.40,1008.09,29.76,74.88,1008.12,0,0,MANUAL,1,1,1,
2026-09-25 19:25:18,A1-decay,906000,28.89,88.24,1008.09,29.77,74.84,1008.18,0,0,MANUAL,1,1,1,
2026-09-25 19:25:19,A1-decay,907000,28.89,88.69,1008.10,29.77,74.83,1008.15,0,0,MANUAL,1,1,1,
2026-09-25 19:25:20,A1-decay,908000,28.90,88.22,1008.09,29.77,74.75,1008.13,0,0,MANUAL,1,1,1,
2026-09-25 19:25:21,A1-decay,909000,28.91,88.72,1008.07,29.77,74.83,1008.21,0,0,MANUAL,1,1,1,
2026-09-25 19:25:22,A1-decay,910000,28.91,88.12,1008.10,29.77,74.92,1008.15,0,0,MANUAL,1,1,1,
2026-09-25 19:25:23,A1-decay,911000,28.91,88.36,1008.10,29.76,74.86,1008.15,0,0,MANUAL,1,1,1,
2026-09-25 19:25:24,A1-decay,912000,28.90,88.23,1008.17,29.77,74.68,1008.19,0,0,MANUAL,1,1,1,
2026-09-25 19:25:25,A1-decay,913000,28.91,88.71,1008.12,29.77,74.84,1008.13,0,0,MANUAL,1,1,1,
2026-09-25 19:25:26,A1-decay,914000,28.91,88.22,1008.12,29.77,75.03,1008.10,0,0,MANUAL,1,1,1,
2026-09-25 19:25:27,A1-decay,915000,28.91,88.68,1008.07,29.77,74.96,1008.18,0,0,MANUAL,1,1,1,
2026-09-25 19:25:28,A1-decay,916000,28.92,88.41,1008.09,29.77,74.68,1008.16,0,0,MANUAL,1,1,1,
2026-09-25 19:25:29,A1-decay,917000,28.92,88.51,1008.11,29.77,74.72,1008.16,0,0,MANUAL,1,1,1,
2026-09-25 19:25:30,A1-decay,918000,28.91,88.22,1008.13,29.77,74.65,1008.16,0,0,MANUAL,1,1,1,
2026-09-25 19:25:31,A1-decay,919000,28.91,88.31,1008.08,29.78,74.84,1008.17,0,0,MANUAL,1,1,1,
2026-09-25 19:25:32,A1-decay,920000,28.90,88.58,1008.12,29.77,74.90,1008.16,0,0,MANUAL,1,1,1,
2026-09-25 19:25:33,A1-decay,921000,28.90,88.23,1008.06,29.77,74.86,1008.16,0,0,MANUAL,1,1,1,
2026-09-25 19:25:34,A1-decay,922000,28.90,88.45,1008.08,29.78,74.80,1008.17,0,0,MANUAL,1,1,1,
2026-09-25 19:25:35,A1-decay,923000,28.91,88.48,1008.01,29.78,74.63,1008.11,0,0,MANUAL,1,1,1,
2026-09-25 19:25:36,A1-decay,924000,28.90,88.14,1008.09,29.78,74.72,1008.17,0,0,MANUAL,1,1,1,
2026-09-25 19:25:37,A1-decay,925000,28.90,88.32,1008.06,29.78,74.86,1008.15,0,0,MANUAL,1,1,1,
2026-09-25 19:25:38,A1-decay,926000,28.91,88.68,1008.10,29.78,74.88,1008.11,0,0,MANUAL,1,1,1,
2026-09-25 19:25:39,A1-decay,927000,28.92,88.64,1008.11,29.77,74.83,1008.16,0,0,MANUAL,1,1,1,
2026-09-25 19:25:40,A1-decay,928000,28.91,88.26,1008.10,29.78,74.77,1008.11,0,0,MANUAL,1,1,1,
2026-09-25 19:25:41,A1-decay,929000,28.90,88.08,1008.06,29.78,74.78,1008.14,0,0,MANUAL,1,1,1,
2026-09-25 19:25:42,A1-decay,930000,28.90,88.13,1008.11,29.78,74.62,1008.17,0,0,MANUAL,1,1,1,
2026-09-25 19:25:43,A1-decay,931000,28.90,88.40,1008.09,29.78,74.77,1008.11,0,0,MANUAL,1,1,1,
2026-09-25 19:25:44,A1-decay,932000,28.90,88.10,1008.12,29.77,74.77,1008.13,0,0,MANUAL,1,1,1,
2026-09-25 19:25:45,A1-decay,933000,28.91,88.46,1008.12,29.78,74.74,1008.17,0,0,MANUAL,1,1,1,
2026-09-25 19:25:46,A1-decay,934000,28.91,88.46,1008.08,29.78,74.92,1008.14,0,0,MANUAL,1,1,1,
2026-09-25 19:25:47,A1-decay,935000,28.90,88.39,1008.12,29.77,74.69,1008.16,0,0,MANUAL,1,1,1,
2026-09-25 19:25:48,A1-decay,936000,28.91,88.72,1008.07,29.77,74.75,1008.13,0,0,MANUAL,1,1,1,
2026-09-25 19:25:49,A1-decay,937000,28.90,88.33,1008.06,29.77,74.61,1008.15,0,0,MANUAL,1,1,1,
2026-09-25 19:25:50,A1-decay,938000,28.92,88.24,1008.09,29.77,74.67,1008.19,0,0,MANUAL,1,1,1,
2026-09-25 19:25:51,A1-decay,939000,28.91,88.37,1008.10,29.77,74.80,1008.13,0,0,MANUAL,1,1,1,
2026-09-25 19:25:52,A1-decay,940000,28.92,88.21,1008.04,29.78,74.90,1008.17,0,0,MANUAL,1,1,1,
2026-09-25 19:25:53,A1-decay,941000,28.90,88.49,1008.11,29.77,74.78,1008.16,0,0,MANUAL,1,1,1,
2026-09-25 19:25:54,A1-decay,942000,28.91,88.29,1008.10,29.78,74.80,1008.11,0,0,MANUAL,1,1,1,
2026-09-25 19:25:55,A1-decay,943000,28.91,88.38,1008.13,29.77,74.72,1008.16,0,0,MANUAL,1,1,1,
2026-09-25 19:25:56,A1-decay,944000,28.91,87.93,1008.10,29.78,74.76,1008.20,0,0,MANUAL,1,1,1,
2026-09-25 19:25:57,A1-decay,945000,28.92,88.33,1008.09,29.78,74.89,1008.17,0,0,MANUAL,1,1,1,
2026-09-25 19:25:58,A1-decay,946000,28.92,88.23,1008.09,29.77,74.85,1008.19,0,0,MANUAL,1,1,1,
2026-09-25 19:25:59,A1-decay,947000,28.92,88.42,1008.09,29.78,74.60,1008.20,0,0,MANUAL,1,1,1,
2026-09-25 19:26:00,A1-decay,948000,28.92,88.47,1008.09,29.77,74.71,1008.22,0,0,MANUAL,1,1,1,
2026-09-25 19:26:01,A1-decay,949000,28.92,88.49,1008.09,29.77,74.71,1008.11,0,0,MANUAL,1,1,1,
2026-09-25 19:26:02,A1-decay,950000,28.93,88.08,1008.13,29.78,74.86,1008.14,0,0,MANUAL,1,1,1,
2026-09-25 19:26:03,A1-decay,951000,28.93,88.65,1008.13,29.77,74.85,1008.16,0,0,MANUAL,1,1,1,
2026-09-25 19:26:04,A1-decay,952000,28.93,88.49,1008.14,29.78,74.83,1008.17,0,0,MANUAL,1,1,1,
2026-09-25 19:26:05,A1-decay,953000,28.91,88.62,1008.18,29.78,74.74,1008.14,0,0,MANUAL,1,1,1,
2026-09-25 19:26:06,A1-decay,954000,28.90,88.07,1008.03,29.77,74.76,1008.10,0,0,MANUAL,1,1,1,
2026-09-25 19:26:07,A1-decay,955000,28.92,88.29,1008.09,29.77,74.87,1008.21,0,0,MANUAL,1,1,1,
2026-09-25 19:26:08,A1-decay,956000,28.92,88.24,1008.09,29.77,74.65,1008.18,0,0,MANUAL,1,1,1,
2026-09-25 19:26:09,A1-decay,957000,28.93,88.56,1008.13,29.76,74.80,1008.15,0,0,MANUAL,1,1,1,
2026-09-25 19:26:10,A1-decay,958000,28.90,88.44,1008.14,29.76,74.72,1008.11,0,0,MANUAL,1,1,1,
2026-09-25 19:26:11,A1-decay,959000,28.90,88.42,1008.14,29.75,74.74,1008.13,0,0,MANUAL,1,1,1,
2026-09-25 19:26:12,A1-decay,960000,28.89,88.25,1008.07,29.76,74.72,1008.11,0,0,MANUAL,1,1,1,
2026-09-25 19:26:13,A1-decay,961000,28.89,87.93,1008.13,29.76,74.73,1008.11,0,0,MANUAL,1,1,1,
2026-09-25 19:26:14,A1-decay,962000,28.90,88.17,1008.12,29.76,74.73,1008.14,0,0,MANUAL,1,1,1,
2026-09-25 19:26:15,A1-decay,963000,28.92,88.05,1008.03,29.76,74.98,1008.11,0,0,MANUAL,1,1,1,
2026-09-25 19:26:16,A1-decay,964000,28.91,87.97,1008.07,29.76,74.86,1008.12,0,0,MANUAL,1,1,1,
2026-09-25 19:26:17,A1-decay,965000,28.90,88.01,1008.11,29.76,74.69,1008.17,0,0,MANUAL,1,1,1,
2026-09-25 19:26:18,A1-decay,966000,28.89,88.05,1008.07,29.76,74.70,1008.22,0,0,MANUAL,1,1,1,
2026-09-25 19:26:19,A1-decay,967000,28.92,88.08,1008.11,29.76,74.91,1008.17,0,0,MANUAL,1,1,1,
2026-09-25 19:26:20,A1-decay,968000,28.90,88.15,1008.09,29.76,74.86,1008.17,0,0,MANUAL,1,1,1,
2026-09-25 19:26:21,A1-decay,969000,28.91,88.07,1008.15,29.75,74.71,1008.12,0,0,MANUAL,1,1,1,
2026-09-25 19:26:22,A1-decay,970000,28.91,88.01,1008.13,29.76,74.74,1008.14,0,0,MANUAL,1,1,1,
2026-09-25 19:26:23,A1-decay,971000,28.92,88.03,1008.07,29.75,74.97,1008.16,0,0,MANUAL,1,1,1,
2026-09-25 19:26:24,A1-decay,972000,28.93,87.95,1008.10,29.75,74.80,1008.09,0,0,MANUAL,1,1,1,
2026-09-25 19:26:25,A1-decay,973000,28.93,88.00,1008.08,29.76,74.98,1008.19,0,0,MANUAL,1,1,1,
2026-09-25 19:26:26,A1-decay,974000,28.92,88.00,1008.15,29.75,75.06,1008.16,0,0,MANUAL,1,1,1,
2026-09-25 19:26:27,A1-decay,975000,28.92,88.09,1008.15,29.75,74.79,1008.12,0,0,MANUAL,1,1,1,
2026-09-25 19:26:27,A1-decay,976000,28.92,88.00,1008.15,29.75,74.98,1008.18,0,0,MANUAL,1,1,1,
2026-09-25 19:26:29,A1-decay,977000,28.92,88.35,1008.09,29.74,74.69,1008.14,0,0,MANUAL,1,1,1,
2026-09-25 19:26:30,A1-decay,978000,28.92,88.19,1008.09,29.74,75.09,1008.11,0,0,MANUAL,1,1,1,
2026-09-25 19:26:31,A1-decay,979000,28.91,88.20,1008.07,29.75,75.04,1008.16,0,0,MANUAL,1,1,1,
2026-09-25 19:26:32,A1-decay,980000,28.90,88.17,1008.17,29.75,74.78,1008.18,0,0,MANUAL,1,1,1,
2026-09-25 19:26:33,A1-decay,981000,28.92,88.12,1008.09,29.74,74.84,1008.14,0,0,MANUAL,1,1,1,
2026-09-25 19:26:34,A1-decay,982000,28.94,88.15,1008.15,29.75,74.86,1008.15,0,0,MANUAL,1,1,1,
2026-09-25 19:26:35,A1-decay,983000,28.93,87.88,1008.08,29.75,74.90,1008.16,0,0,MANUAL,1,1,1,
2026-09-25 19:26:36,A1-decay,984000,28.93,87.90,1008.10,29.74,74.91,1008.11,0,0,MANUAL,1,1,1,
2026-09-25 19:26:37,A1-decay,985000,28.91,88.20,1008.08,29.74,74.84,1008.09,0,0,MANUAL,1,1,1,
2026-09-25 19:26:38,A1-decay,986000,28.93,87.97,1008.05,29.74,74.91,1008.14,0,0,MANUAL,1,1,1,
2026-09-25 19:26:39,A1-decay,987000,28.91,87.85,1008.10,29.74,74.90,1008.11,0,0,MANUAL,1,1,1,
2026-09-25 19:26:40,A1-decay,988000,28.91,87.90,1008.12,29.74,75.12,1008.11,0,0,MANUAL,1,1,1,
2026-09-25 19:26:41,A1-decay,989000,28.92,88.25,1008.11,29.74,75.14,1008.11,0,0,MANUAL,1,1,1,
2026-09-25 19:26:42,A1-decay,990000,28.92,87.81,1008.12,29.74,75.09,1008.16,0,0,MANUAL,1,1,1,
2026-09-25 19:26:43,A1-decay,991000,28.91,87.96,1008.07,29.75,75.09,1008.15,0,0,MANUAL,1,1,1,
2026-09-25 19:26:44,A1-decay,992000,28.92,87.65,1008.11,29.74,74.91,1008.11,0,0,MANUAL,1,1,1,
2026-09-25 19:26:45,A1-decay,993000,28.92,87.96,1008.15,29.74,75.09,1008.17,0,0,MANUAL,1,1,1,
2026-09-25 19:26:46,A1-decay,994000,28.93,88.30,1008.10,29.75,75.11,1008.12,0,0,MANUAL,1,1,1,
2026-09-25 19:26:47,A1-decay,995000,28.94,87.70,1008.12,29.74,74.91,1008.20,0,0,MANUAL,1,1,1,
2026-09-25 19:26:48,A1-decay,996000,28.92,88.10,1008.09,29.75,74.68,1008.16,0,0,MANUAL,1,1,1,
2026-09-25 19:26:49,A1-decay,997000,28.94,88.02,1008.15,29.74,74.80,1008.16,0,0,MANUAL,1,1,1,
2026-09-25 19:26:50,A1-decay,998000,28.94,87.81,1008.09,29.74,74.92,1008.11,0,0,MANUAL,1,1,1,
2026-09-25 19:26:51,A1-decay,999000,28.93,88.29,1008.10,29.74,74.82,1008.08,0,0,MANUAL,1,1,1,
2026-09-25 19:26:52,A1-decay,1000000,28.93,87.81,1008.11,29.75,74.97,1008.18,0,0,MANUAL,1,1,1,
2026-09-25 19:26:53,A1-decay,1001000,28.92,88.24,1008.15,29.76,74.99,1008.17,0,0,MANUAL,1,1,1,
2026-09-25 19:26:54,A1-decay,1002000,28.92,87.95,1008.15,29.75,74.77,1008.18,0,0,MANUAL,1,1,1,
2026-09-25 19:26:55,A1-decay,1003000,28.92,88.19,1008.09,29.75,74.96,1008.12,0,0,MANUAL,1,1,1,
2026-09-25 19:26:56,A1-decay,1004000,28.93,88.06,1008.14,29.76,74.84,1008.14,0,0,MANUAL,1,1,1,
2026-09-25 19:26:57,A1-decay,1005000,28.93,88.03,1008.08,29.75,74.84,1008.18,0,0,MANUAL,1,1,1,
2026-09-25 19:26:58,A1-decay,1006000,28.92,87.63,1008.11,29.75,74.90,1008.12,0,0,MANUAL,1,1,1,
2026-09-25 19:26:59,A1-decay,1007000,28.94,87.96,1008.12,29.75,74.92,1008.15,0,0,MANUAL,1,1,1,
2026-09-25 19:27:00,A1-decay,1008000,28.93,88.07,1008.14,29.76,74.95,1008.14,0,0,MANUAL,1,1,1,
2026-09-25 19:27:01,A1-decay,1009000,28.94,88.02,1008.17,29.76,74.78,1008.15,0,0,MANUAL,1,1,1,
2026-09-25 19:27:02,A1-decay,1010000,28.92,88.04,1008.09,29.76,74.77,1008.17,0,0,MANUAL,1,1,1,
2026-09-25 19:27:03,A1-decay,1011000,28.92,88.27,1008.15,29.75,74.83,1008.16,0,0,MANUAL,1,1,1,
2026-09-25 19:27:04,A1-decay,1012000,28.93,88.09,1008.13,29.76,74.96,1008.17,0,0,MANUAL,1,1,1,
2026-09-25 19:27:05,A1-decay,1013000,28.93,87.97,1008.13,29.76,74.79,1008.17,0,0,MANUAL,1,1,1,
2026-09-25 19:27:06,A1-decay,1014000,28.92,87.91,1008.09,29.76,74.79,1008.08,0,0,MANUAL,1,1,1,
2026-09-25 19:27:07,A1-decay,1015000,28.93,88.20,1008.11,29.76,74.87,1008.14,0,0,MANUAL,1,1,1,
2026-09-25 19:27:08,A1-decay,1016000,28.93,87.84,1008.16,29.76,74.91,1008.14,0,0,MANUAL,1,1,1,
2026-09-25 19:27:09,A1-decay,1017000,28.93,87.93,1008.13,29.76,74.71,1008.15,0,0,MANUAL,1,1,1,
2026-09-25 19:27:10,A1-decay,1018000,28.93,87.80,1008.17,29.76,74.77,1008.14,0,0,MANUAL,1,1,1,
2026-09-25 19:27:11,A1-decay,1019000,28.92,88.27,1008.09,29.77,74.97,1008.13,0,0,MANUAL,1,1,1,
2026-09-25 19:27:12,A1-decay,1020000,28.92,87.76,1008.12,29.75,74.74,1008.21,0,0,MANUAL,1,1,1,
2026-09-25 19:27:13,A1-decay,1021000,28.92,87.74,1008.15,29.75,74.84,1008.18,0,0,MANUAL,1,1,1,
2026-09-25 19:27:14,A1-decay,1022000,28.92,87.54,1008.14,29.76,74.97,1008.15,0,0,MANUAL,1,1,1,
2026-09-25 19:27:15,A1-decay,1023000,28.94,88.03,1008.12,29.77,74.78,1008.13,0,0,MANUAL,1,1,1,
2026-09-25 19:27:16,A1-decay,1024000,28.93,87.63,1008.16,29.76,75.00,1008.09,0,0,MANUAL,1,1,1,
2026-09-25 19:27:17,A1-decay,1025000,28.92,87.83,1008.09,29.76,74.76,1008.12,0,0,MANUAL,1,1,1,
2026-09-25 19:27:18,A1-decay,1026000,28.92,87.88,1008.12,29.77,74.83,1008.21,0,0,MANUAL,1,1,1,
2026-09-25 19:27:19,A1-decay,1027000,28.93,88.04,1008.05,29.76,74.95,1008.14,0,0,MANUAL,1,1,1,
2026-09-25 19:27:20,A1-decay,1028000,28.94,87.94,1008.12,29.77,74.89,1008.18,0,0,MANUAL,1,1,1,
2026-09-25 19:27:21,A1-decay,1029000,28.94,87.94,1008.18,29.77,74.87,1008.13,0,0,MANUAL,1,1,1,
2026-09-25 19:27:22,A1-decay,1030000,28.93,87.71,1008.14,29.76,74.76,1008.17,0,0,MANUAL,1,1,1,
2026-09-25 19:27:23,A1-decay,1031000,28.93,88.13,1008.11,29.77,74.89,1008.16,0,0,MANUAL,1,1,1,
2026-09-25 19:27:24,A1-decay,1032000,28.91,87.97,1008.16,29.76,74.86,1008.20,0,0,MANUAL,1,1,1,
2026-09-25 19:27:25,A1-decay,1033000,28.92,87.68,1008.14,29.77,74.76,1008.13,0,0,MANUAL,1,1,1,
2026-09-25 19:27:26,A1-decay,1034000,28.93,88.08,1008.05,29.76,74.89,1008.15,0,0,MANUAL,1,1,1,
2026-09-25 19:27:27,A1-decay,1035000,28.94,87.70,1008.13,29.77,74.92,1008.13,0,0,MANUAL,1,1,1,
2026-09-25 19:27:28,A1-decay,1036000,28.94,88.19,1008.12,29.77,75.04,1008.15,0,0,MANUAL,1,1,1,
2026-09-25 19:27:29,A1-decay,1037000,28.94,88.13,1008.13,29.77,74.97,1008.18,0,0,MANUAL,1,1,1,
2026-09-25 19:27:30,A1-decay,1038000,28.94,88.17,1008.15,29.78,75.00,1008.17,0,0,MANUAL,1,1,1,
2026-09-25 19:27:31,A1-decay,1039000,28.93,88.04,1008.17,29.77,75.14,1008.15,0,0,MANUAL,1,1,1,
2026-09-25 19:27:32,A1-decay,1040000,28.94,87.68,1008.15,29.77,74.90,1008.13,0,0,MANUAL,1,1,1,
2026-09-25 19:27:33,A1-decay,1041000,28.94,88.17,1008.12,29.77,74.92,1008.16,0,0,MANUAL,1,1,1,
2026-09-25 19:27:34,A1-decay,1042000,28.93,88.03,1008.11,29.77,75.04,1008.15,0,0,MANUAL,1,1,1,
2026-09-25 19:27:35,A1-decay,1043000,28.95,88.21,1008.19,29.77,74.98,1008.18,0,0,MANUAL,1,1,1,
2026-09-25 19:27:36,A1-decay,1044000,28.92,87.87,1008.11,29.77,74.84,1008.15,0,0,MANUAL,1,1,1,
2026-09-25 19:27:37,A1-decay,1045000,28.93,87.93,1008.13,29.77,74.79,1008.13,0,0,MANUAL,1,1,1,
2026-09-25 19:27:38,A1-decay,1046000,28.93,87.90,1008.17,29.76,74.90,1008.12,0,0,MANUAL,1,1,1,
2026-09-25 19:27:39,A1-decay,1047000,28.93,87.85,1008.14,29.77,74.75,1008.13,0,0,MANUAL,1,1,1,
2026-09-25 19:27:40,A1-decay,1048000,28.93,87.81,1008.17,29.77,74.92,1008.13,0,0,MANUAL,1,1,1,
2026-09-25 19:27:41,A1-decay,1049000,28.93,88.01,1008.17,29.77,74.90,1008.13,0,0,MANUAL,1,1,1,
2026-09-25 19:27:42,A1-decay,1050000,28.92,87.95,1008.15,29.76,74.94,1008.15,0,0,MANUAL,1,1,1,
2026-09-25 19:27:43,A1-decay,1051000,28.93,87.92,1008.04,29.77,74.83,1008.11,0,0,MANUAL,1,1,1,
2026-09-25 19:27:44,A1-decay,1052000,28.92,87.76,1008.09,29.78,74.86,1008.17,0,0,MANUAL,1,1,1,
2026-09-25 19:27:45,A1-decay,1053000,28.90,87.78,1008.09,29.77,74.93,1008.19,0,0,MANUAL,1,1,1,
2026-09-25 19:27:46,A1-decay,1054000,28.92,87.75,1008.11,29.77,74.83,1008.21,0,0,MANUAL,1,1,1,
2026-09-25 19:27:47,A1-decay,1055000,28.92,87.66,1008.12,29.77,74.87,1008.15,0,0,MANUAL,1,1,1,
2026-09-25 19:27:48,A1-decay,1056000,28.93,88.09,1008.16,29.77,74.86,1008.15,0,0,MANUAL,1,1,1,
2026-09-25 19:27:49,A1-decay,1057000,28.92,87.69,1008.09,29.77,74.88,1008.18,0,0,MANUAL,1,1,1,
2026-09-25 19:27:50,A1-decay,1058000,28.93,87.71,1008.10,29.77,74.88,1008.24,0,0,MANUAL,1,1,1,
2026-09-25 19:27:51,A1-decay,1059000,28.93,88.00,1008.14,29.77,74.96,1008.16,0,0,MANUAL,1,1,1,
2026-09-25 19:27:52,A1-decay,1060000,28.93,88.01,1008.17,29.77,74.90,1008.21,0,0,MANUAL,1,1,1,
2026-09-25 19:27:53,A1-decay,1061000,28.94,87.72,1008.06,29.77,74.85,1008.24,0,0,MANUAL,1,1,1,
2026-09-25 19:27:54,A1-decay,1062000,28.93,88.22,1008.17,29.78,74.85,1008.17,0,0,MANUAL,1,1,1,
2026-09-25 19:27:55,A1-decay,1063000,28.92,88.03,1008.12,29.76,74.97,1008.17,0,0,MANUAL,1,1,1,
2026-09-25 19:27:56,A1-decay,1064000,28.93,87.61,1008.17,29.76,74.79,1008.20,0,0,MANUAL,1,1,1,
2026-09-25 19:27:57,A1-decay,1065000,28.93,87.85,1008.16,29.77,74.87,1008.15,0,0,MANUAL,1,1,1,
2026-09-25 19:27:58,A1-decay,1066000,28.92,87.82,1008.18,29.77,74.77,1008.15,0,0,MANUAL,1,1,1,
2026-09-25 19:27:59,A1-decay,1067000,28.92,87.57,1008.15,29.77,74.85,1008.13,0,0,MANUAL,1,1,1,
2026-09-25 19:28:00,A1-decay,1068000,28.92,87.64,1008.09,29.77,74.81,1008.13,0,0,MANUAL,1,1,1,
2026-09-25 19:28:01,A1-decay,1069000,28.93,88.08,1008.10,29.77,74.90,1008.16,0,0,MANUAL,1,1,1,
2026-09-25 19:28:02,A1-decay,1070000,28.93,88.08,1008.11,29.76,74.82,1008.22,0,0,MANUAL,1,1,1,
2026-09-25 19:28:03,A1-decay,1071000,28.93,88.06,1008.11,29.76,74.93,1008.17,0,0,MANUAL,1,1,1,
2026-09-25 19:28:04,A1-decay,1072000,28.92,87.75,1008.12,29.76,74.89,1008.14,0,0,MANUAL,1,1,1,
2026-09-25 19:28:05,A1-decay,1073000,28.94,87.73,1008.12,29.76,74.91,1008.17,0,0,MANUAL,1,1,1,
2026-09-25 19:28:06,A1-decay,1074000,28.94,88.06,1008.17,29.76,74.93,1008.14,0,0,MANUAL,1,1,1,
2026-09-25 19:28:07,A1-decay,1075000,28.94,87.97,1008.15,29.77,74.92,1008.15,0,0,MANUAL,1,1,1,
2026-09-25 19:28:08,A1-decay,1076000,28.93,87.90,1008.08,29.76,75.14,1008.17,0,0,MANUAL,1,1,1,
2026-09-25 19:28:09,A1-decay,1077000,28.92,88.09,1008.12,29.75,74.96,1008.12,0,0,MANUAL,1,1,1,
2026-09-25 19:28:10,A1-decay,1078000,28.92,87.87,1008.11,29.76,75.01,1008.19,0,0,MANUAL,1,1,1,
2026-09-25 19:28:11,A1-decay,1079000,28.93,87.62,1008.11,29.75,75.18,1008.13,0,0,MANUAL,1,1,1,
2026-09-25 19:28:12,A1-decay,1080000,28.92,87.86,1008.11,29.76,74.92,1008.17,0,0,MANUAL,1,1,1,
2026-09-25 19:28:13,A1-decay,1081000,28.93,87.94,1008.14,29.76,75.16,1008.17,0,0,MANUAL,1,1,1,
2026-09-25 19:28:14,A1-decay,1082000,28.92,87.94,1008.14,29.76,74.97,1008.17,0,0,MANUAL,1,1,1,
2026-09-25 19:28:15,A1-decay,1083000,28.93,87.54,1008.16,29.76,74.95,1008.22,0,0,MANUAL,1,1,1,
2026-09-25 19:28:16,A1-decay,1084000,28.91,87.76,1008.13,29.75,74.96,1008.15,0,0,MANUAL,1,1,1,
2026-09-25 19:28:17,A1-decay,1085000,28.91,87.74,1008.15,29.75,75.04,1008.20,0,0,MANUAL,1,1,1,
2026-09-25 19:28:18,A1-decay,1086000,28.90,87.91,1008.12,29.76,75.08,1008.17,0,0,MANUAL,1,1,1,
2026-09-25 19:28:19,A1-decay,1087000,28.91,87.43,1008.12,29.76,74.90,1008.19,0,0,MANUAL,1,1,1,
2026-09-25 19:28:20,A1-decay,1088000,28.91,87.59,1008.13,29.75,75.05,1008.13,0,0,MANUAL,1,1,1,
2026-09-25 19:28:21,A1-decay,1089000,28.93,87.93,1008.16,29.75,74.99,1008.18,0,0,MANUAL,1,1,1,
2026-09-25 19:28:22,A1-decay,1090000,28.92,87.74,1008.09,29.76,74.81,1008.19,0,0,MANUAL,1,1,1,
2026-09-25 19:28:23,A1-decay,1091000,28.91,87.61,1008.13,29.75,75.05,1008.16,0,0,MANUAL,1,1,1,
2026-09-25 19:28:24,A1-decay,1092000,28.91,87.47,1008.13,29.75,74.93,1008.18,0,0,MANUAL,1,1,1,
2026-09-25 19:28:25,A1-decay,1093000,28.91,87.56,1008.13,29.76,74.92,1008.19,0,0,MANUAL,1,1,1,
2026-09-25 19:28:26,A1-decay,1094000,28.92,87.41,1008.09,29.76,74.89,1008.19,0,0,MANUAL,1,1,1,
2026-09-25 19:28:27,A1-decay,1095000,28.93,87.62,1008.13,29.75,74.98,1008.18,0,0,MANUAL,1,1,1,
2026-09-25 19:28:28,A1-decay,1096000,28.91,87.74,1008.13,29.76,74.90,1008.19,0,0,MANUAL,1,1,1,
2026-09-25 19:28:29,A1-decay,1097000,28.91,87.86,1008.19,29.76,75.11,1008.19,0,0,MANUAL,1,1,1,
2026-09-25 19:28:30,A1-decay,1098000,28.92,87.62,1008.07,29.75,74.89,1008.15,0,0,MANUAL,1,1,1,
2026-09-25 19:28:31,A1-decay,1099000,28.92,87.85,1008.12,29.76,74.95,1008.20,0,0,MANUAL,1,1,1,
2026-09-25 19:28:32,A1-decay,1100000,28.93,87.85,1008.07,29.76,74.96,1008.17,0,0,MANUAL,1,1,1,
2026-09-25 19:28:33,A1-decay,1101000,28.93,87.54,1008.17,29.75,75.13,1008.18,0,0,MANUAL,1,1,1,
2026-09-25 19:28:34,A1-decay,1102000,28.93,87.95,1008.08,29.75,75.16,1008.15,0,0,MANUAL,1,1,1,
2026-09-25 19:28:35,A1-decay,1103000,28.93,87.54,1008.16,29.75,74.97,1008.15,0,0,MANUAL,1,1,1,
2026-09-25 19:28:36,A1-decay,1104000,28.95,87.83,1008.13,29.76,74.90,1008.25,0,0,MANUAL,1,1,1,
2026-09-25 19:28:37,A1-decay,1105000,28.94,87.63,1008.15,29.75,74.83,1008.18,0,0,MANUAL,1,1,1,
2026-09-25 19:28:38,A1-decay,1106000,28.94,87.57,1008.09,29.76,74.90,1008.20,0,0,MANUAL,1,1,1,
2026-09-25 19:28:39,A1-decay,1107000,28.95,87.64,1008.14,29.76,74.97,1008.17,0,0,MANUAL,1,1,1,
2026-09-25 19:28:40,A1-decay,1108000,28.93,87.66,1008.05,29.75,75.14,1008.18,0,0,MANUAL,1,1,1,
2026-09-25 19:28:41,A1-decay,1109000,28.92,87.51,1008.11,29.76,74.92,1008.19,0,0,MANUAL,1,1,1,
2026-09-25 19:28:42,A1-decay,1110000,28.92,87.74,1008.12,29.76,74.82,1008.14,0,0,MANUAL,1,1,1,
2026-09-25 19:28:43,A1-decay,1111000,28.94,87.77,1008.13,29.76,75.07,1008.17,0,0,MANUAL,1,1,1,
2026-09-25 19:28:44,A1-decay,1112000,28.95,87.69,1008.11,29.75,74.96,1008.18,0,0,MANUAL,1,1,1,
2026-09-25 19:28:45,A1-decay,1113000,28.93,87.58,1008.14,29.77,74.83,1008.24,0,0,MANUAL,1,1,1,
2026-09-25 19:28:46,A1-decay,1114000,28.92,87.49,1008.15,29.76,75.05,1008.25,0,0,MANUAL,1,1,1,
2026-09-25 19:28:47,A1-decay,1115000,28.93,87.58,1008.16,29.76,75.07,1008.15,0,0,MANUAL,1,1,1,
2026-09-25 19:28:48,A1-decay,1116000,28.92,87.75,1008.18,29.77,74.88,1008.21,0,0,MANUAL,1,1,1,
2026-09-25 19:28:49,A1-decay,1117000,28.93,87.67,1008.16,29.76,74.92,1008.20,0,0,MANUAL,1,1,1,
2026-09-25 19:28:50,A1-decay,1118000,28.94,87.70,1008.15,29.76,74.87,1008.23,0,0,MANUAL,1,1,1,
2026-09-25 19:28:51,A1-decay,1119000,28.93,87.63,1008.14,29.76,75.06,1008.19,0,0,MANUAL,1,1,1,
2026-09-25 19:28:52,A1-decay,1120000,28.92,87.35,1008.14,29.77,74.96,1008.15,0,0,MANUAL,1,1,1,
2026-09-25 19:28:53,A1-decay,1121000,28.92,87.43,1008.12,29.76,75.03,1008.12,0,0,MANUAL,1,1,1,
2026-09-25 19:28:54,A1-decay,1122000,28.92,87.22,1008.14,29.77,74.96,1008.18,0,0,MANUAL,1,1,1,
2026-09-25 19:28:55,A1-decay,1123000,28.92,87.50,1008.18,29.77,74.98,1008.18,0,0,MANUAL,1,1,1,
2026-09-25 19:28:56,A1-decay,1124000,28.93,87.38,1008.17,29.77,74.93,1008.18,0,0,MANUAL,1,1,1,
2026-09-25 19:28:57,A1-decay,1125000,28.94,87.37,1008.15,29.76,74.91,1008.17,0,0,MANUAL,1,1,1,
2026-09-25 19:28:58,A1-decay,1126000,28.93,87.61,1008.21,29.77,74.77,1008.15,0,0,MANUAL,1,1,1,
2026-09-25 19:28:59,A1-decay,1127000,28.93,87.25,1008.16,29.77,74.79,1008.24,0,0,MANUAL,1,1,1,
2026-09-25 19:29:00,A1-decay,1128000,28.93,87.30,1008.13,29.77,74.90,1008.18,0,0,MANUAL,1,1,1,
2026-09-25 19:29:01,A1-decay,1129000,28.92,87.44,1008.15,29.78,75.00,1008.14,0,0,MANUAL,1,1,1,
2026-09-25 19:29:02,A1-decay,1130000,28.93,87.37,1008.14,29.77,74.79,1008.13,0,0,MANUAL,1,1,1,
2026-09-25 19:29:03,A1-decay,1131000,28.93,87.71,1008.08,29.77,74.93,1008.15,0,0,MANUAL,1,1,1,
2026-09-25 19:29:04,A1-decay,1132000,28.94,87.64,1008.15,29.76,74.94,1008.15,0,0,MANUAL,1,1,1,
2026-09-25 19:29:05,A1-decay,1133000,28.94,87.79,1008.13,29.76,74.89,1008.17,0,0,MANUAL,1,1,1,
2026-09-25 19:29:06,A1-decay,1134000,28.94,87.34,1008.12,29.76,74.99,1008.15,0,0,MANUAL,1,1,1,
2026-09-25 19:29:07,A1-decay,1135000,28.93,87.58,1008.19,29.76,74.99,1008.17,0,0,MANUAL,1,1,1,
2026-09-25 19:29:08,A1-decay,1136000,28.94,87.79,1008.17,29.76,74.99,1008.20,0,0,MANUAL,1,1,1,
2026-09-25 19:29:09,A1-decay,1137000,28.93,87.31,1008.17,29.76,74.92,1008.19,0,0,MANUAL,1,1,1,
2026-09-25 19:29:10,A1-decay,1138000,28.94,87.68,1008.15,29.77,74.97,1008.18,0,0,MANUAL,1,1,1,
2026-09-25 19:29:11,A1-decay,1139000,28.94,87.19,1008.17,29.77,74.98,1008.18,0,0,MANUAL,1,1,1,
2026-09-25 19:29:12,A1-decay,1140000,28.94,87.35,1008.13,29.76,74.92,1008.19,0,0,MANUAL,1,1,1,
2026-09-25 19:29:13,A1-decay,1141000,28.95,87.56,1008.17,29.77,74.92,1008.15,0,0,MANUAL,1,1,1,
2026-09-25 19:29:14,A1-decay,1142000,28.95,87.50,1008.13,29.76,75.09,1008.20,0,0,MANUAL,1,1,1,
2026-09-25 19:29:15,A1-decay,1143000,28.95,87.43,1008.13,29.76,74.92,1008.17,0,0,MANUAL,1,1,1,
2026-09-25 19:29:16,A1-decay,1144000,28.95,87.77,1008.14,29.76,75.02,1008.14,0,0,MANUAL,1,1,1,
2026-09-25 19:29:17,A1-decay,1145000,28.95,87.73,1008.11,29.76,74.88,1008.15,0,0,MANUAL,1,1,1,
2026-09-25 19:29:18,A1-decay,1146000,28.96,87.77,1008.15,29.77,75.15,1008.13,0,0,MANUAL,1,1,1,
2026-09-25 19:29:19,A1-decay,1147000,28.95,87.61,1008.13,29.77,75.04,1008.18,0,0,MANUAL,1,1,1,
2026-09-25 19:29:20,A1-decay,1148000,28.95,88.06,1008.11,29.76,75.01,1008.15,0,0,MANUAL,1,1,1,
2026-09-25 19:29:21,A1-decay,1149000,28.93,87.57,1008.17,29.77,74.92,1008.21,0,0,MANUAL,1,1,1,
2026-09-25 19:29:22,A1-decay,1150000,28.94,87.67,1008.15,29.77,75.07,1008.13,0,0,MANUAL,1,1,1,
2026-09-25 19:29:23,A1-decay,1151000,28.94,87.54,1008.10,29.77,75.13,1008.15,0,0,MANUAL,1,1,1,
2026-09-25 19:29:24,A1-decay,1152000,28.95,87.57,1008.19,29.77,75.20,1008.10,0,0,MANUAL,1,1,1,
2026-09-25 19:29:25,A1-decay,1153000,28.96,87.68,1008.15,29.76,74.95,1008.17,0,0,MANUAL,1,1,1,
2026-09-25 19:29:26,A1-decay,1154000,28.95,87.61,1008.11,29.76,75.00,1008.17,0,0,MANUAL,1,1,1,
2026-09-25 19:29:27,A1-decay,1155000,28.95,87.66,1008.14,29.76,74.91,1008.17,0,0,MANUAL,1,1,1,
2026-09-25 19:29:28,A1-decay,1156000,28.96,87.50,1008.19,29.76,74.91,1008.08,0,0,MANUAL,1,1,1,
2026-09-25 19:29:29,A1-decay,1157000,28.96,87.89,1008.16,29.75,74.95,1008.13,0,0,MANUAL,1,1,1,
2026-09-25 19:29:30,A1-decay,1158000,28.95,87.87,1008.13,29.76,75.05,1008.20,0,0,MANUAL,1,1,1,
2026-09-25 19:29:31,A1-decay,1159000,28.96,87.34,1008.12,29.76,74.97,1008.11,0,0,MANUAL,1,1,1,
2026-09-25 19:29:32,A1-decay,1160000,28.97,87.88,1008.15,29.76,74.84,1008.19,0,0,MANUAL,1,1,1,
2026-09-25 19:29:33,A1-decay,1161000,28.96,87.67,1008.21,29.76,74.90,1008.17,0,0,MANUAL,1,1,1,
2026-09-25 19:29:34,A1-decay,1162000,28.94,87.47,1008.18,29.75,74.98,1008.18,0,0,MANUAL,1,1,1,
2026-09-25 19:29:35,A1-decay,1163000,28.95,87.78,1008.17,29.75,75.00,1008.18,0,0,MANUAL,1,1,1,
2026-09-25 19:29:36,A1-decay,1164000,28.94,87.22,1008.09,29.76,74.98,1008.19,0,0,MANUAL,1,1,1,
2026-09-25 19:29:37,A1-decay,1165000,28.94,87.76,1008.13,29.76,74.84,1008.19,0,0,MANUAL,1,1,1,
2026-09-25 19:29:38,A1-decay,1166000,28.92,87.63,1008.14,29.77,74.79,1008.18,0,0,MANUAL,1,1,1,
2026-09-25 19:29:39,A1-decay,1167000,28.93,87.61,1008.11,29.75,74.96,1008.16,0,0,MANUAL,1,1,1,
2026-09-25 19:29:40,A1-decay,1168000,28.93,87.32,1008.10,29.76,74.99,1008.19,0,0,MANUAL,1,1,1,
2026-09-25 19:29:41,A1-decay,1169000,28.94,87.21,1008.15,29.76,74.93,1008.14,0,0,MANUAL,1,1,1,
2026-09-25 19:29:42,A1-decay,1170000,28.94,87.36,1008.12,29.75,75.06,1008.24,0,0,MANUAL,1,1,1,
2026-09-25 19:29:43,A1-decay,1171000,28.95,87.62,1008.11,29.76,74.89,1008.17,0,0,MANUAL,1,1,1,
2026-09-25 19:29:44,A1-decay,1172000,28.95,87.49,1008.16,29.75,75.05,1008.16,0,0,MANUAL,1,1,1,
2026-09-25 19:29:45,A1-decay,1173000,28.96,87.66,1008.12,29.76,75.11,1008.14,0,0,MANUAL,1,1,1,
2026-09-25 19:29:46,A1-decay,1174000,28.95,87.37,1008.14,29.75,75.10,1008.20,0,0,MANUAL,1,1,1,
2026-09-25 19:29:47,A1-decay,1175000,28.94,87.32,1008.13,29.76,74.97,1008.14,0,0,MANUAL,1,1,1,
2026-09-25 19:29:48,A1-decay,1176000,28.94,87.45,1008.13,29.76,75.08,1008.17,0,0,MANUAL,1,1,1,
2026-09-25 19:29:49,A1-decay,1177000,28.95,87.34,1008.16,29.75,74.92,1008.15,0,0,MANUAL,1,1,1,
2026-09-25 19:29:50,A1-decay,1178000,28.91,87.22,1008.07,29.76,75.19,1008.17,0,0,MANUAL,1,1,1,
2026-09-25 19:29:51,A1-decay,1179000,28.93,87.20,1008.14,29.77,75.13,1008.21,0,0,MANUAL,1,1,1,
2026-09-25 19:29:52,A1-decay,1180000,28.95,87.51,1008.22,29.76,75.13,1008.15,0,0,MANUAL,1,1,1,
2026-09-25 19:29:53,A1-decay,1181000,28.94,87.47,1008.18,29.76,74.91,1008.19,0,0,MANUAL,1,1,1,
2026-09-25 19:29:54,A1-decay,1182000,28.95,87.42,1008.14,29.76,74.74,1008.19,0,0,MANUAL,1,1,1,
2026-09-25 19:29:55,A1-decay,1183000,28.94,87.40,1008.13,29.75,74.90,1008.18,0,0,MANUAL,1,1,1,
2026-09-25 19:29:56,A1-decay,1184000,28.94,87.47,1008.17,29.77,74.99,1008.18,0,0,MANUAL,1,1,1,
2026-09-25 19:29:57,A1-decay,1185000,28.95,87.54,1008.20,29.77,74.95,1008.21,0,0,MANUAL,1,1,1,
2026-09-25 19:29:58,A1-decay,1186000,28.94,87.34,1008.13,29.76,74.97,1008.14,0,0,MANUAL,1,1,1,
2026-09-25 19:29:59,A1-decay,1187000,28.94,87.34,1008.15,29.76,74.81,1008.20,0,0,MANUAL,1,1,1,
2026-09-25 19:30:00,A1-decay,1188000,28.94,87.59,1008.12,29.77,74.92,1008.21,0,0,MANUAL,1,1,1,
2026-09-25 19:30:01,A1-decay,1189000,28.94,87.38,1008.12,29.76,75.03,1008.20,0,0,MANUAL,1,1,1,
2026-09-25 19:30:02,A1-decay,1190000,28.94,87.42,1008.12,29.76,74.99,1008.20,0,0,MANUAL,1,1,1,
2026-09-25 19:30:03,A1-decay,1191000,28.94,87.30,1008.15,29.76,74.97,1008.11,0,0,MANUAL,1,1,1,
2026-09-25 19:30:04,A1-decay,1192000,28.95,87.60,1008.14,29.76,74.94,1008.15,0,0,MANUAL,1,1,1,
2026-09-25 19:30:05,A1-decay,1193000,28.95,87.77,1008.16,29.77,74.95,1008.18,0,0,MANUAL,1,1,1,
2026-09-25 19:30:06,A1-decay,1194000,28.95,87.33,1008.16,29.76,74.91,1008.15,0,0,MANUAL,1,1,1,
2026-09-25 19:30:07,A1-decay,1195000,28.95,87.33,1008.19,29.77,74.95,1008.15,0,0,MANUAL,1,1,1,
2026-09-25 19:30:08,A1-decay,1196000,28.95,87.58,1008.20,29.77,74.81,1008.21,0,0,MANUAL,1,1,1,
2026-09-25 19:30:09,A1-decay,1197000,28.95,87.49,1008.17,29.77,75.08,1008.21,0,0,MANUAL,1,1,1,
2026-09-25 19:30:10,A1-decay,1198000,28.94,87.34,1008.15,29.77,75.00,1008.21,0,0,MANUAL,1,1,1,
2026-09-25 19:30:11,A1-decay,1199000,28.95,87.12,1008.11,29.76,75.05,1008.15,0,0,MANUAL,1,1,1,
2026-09-25 19:30:12,A1-decay,1200000,28.94,87.66,1008.18,29.76,75.13,1008.15,0,0,MANUAL,1,1,1,
2026-09-25 19:30:13,A1-decay,1201000,28.95,87.75,1008.20,29.77,75.07,1008.15,0,0,MANUAL,1,1,1,
2026-09-25 19:30:14,A1-decay,1202000,28.95,87.29,1008.20,29.77,74.92,1008.18,0,0,MANUAL,1,1,1,
2026-09-25 19:30:15,A1-decay,1203000,28.95,87.57,1008.11,29.77,74.90,1008.16,0,0,MANUAL,1,1,1,
2026-09-25 19:30:16,A1-decay,1204000,28.95,87.85,1008.16,29.77,74.99,1008.16,0,0,MANUAL,1,1,1,
2026-09-25 19:30:17,A1-decay,1205000,28.95,87.37,1008.16,29.77,74.90,1008.21,0,0,MANUAL,1,1,1,
2026-09-25 19:30:18,A1-decay,1206000,28.94,87.42,1008.18,29.76,75.04,1008.17,0,0,MANUAL,1,1,1,
2026-09-25 19:30:19,A1-decay,1207000,28.94,87.34,1008.21,29.77,75.00,1008.21,0,0,MANUAL,1,1,1,
2026-09-25 19:30:20,A1-decay,1208000,28.94,87.48,1008.15,29.76,74.79,1008.17,0,0,MANUAL,1,1,1,
2026-09-25 19:30:21,A1-decay,1209000,28.94,87.48,1008.18,29.77,74.99,1008.19,0,0,MANUAL,1,1,1,
2026-09-25 19:30:22,A1-decay,1210000,28.95,87.74,1008.17,29.76,75.04,1008.17,0,0,MANUAL,1,1,1,
2026-09-25 19:30:23,A1-decay,1211000,28.95,87.48,1008.19,29.76,75.03,1008.26,0,0,MANUAL,1,1,1,
2026-09-25 19:30:24,A1-decay,1212000,28.94,87.38,1008.17,29.76,75.00,1008.20,0,0,MANUAL,1,1,1,
2026-09-25 19:30:25,A1-decay,1213000,28.91,87.54,1008.19,29.76,75.22,1008.17,0,0,MANUAL,1,1,1,
2026-09-25 19:30:26,A1-decay,1214000,28.93,87.22,1008.14,29.77,74.93,1008.13,0,0,MANUAL,1,1,1,
2026-09-25 19:30:27,A1-decay,1215000,28.92,87.70,1008.20,29.76,74.90,1008.23,0,0,MANUAL,1,1,1,
2026-09-25 19:30:28,A1-decay,1216000,28.92,87.29,1008.15,29.76,74.95,1008.17,0,0,MANUAL,1,1,1,
2026-09-25 19:30:29,A1-decay,1217000,28.93,87.38,1008.16,29.76,75.03,1008.20,0,0,MANUAL,1,1,1,
2026-09-25 19:30:30,A1-decay,1218000,28.94,87.67,1008.15,29.76,74.96,1008.20,0,0,MANUAL,1,1,1,
2026-09-25 19:30:31,A1-decay,1219000,28.94,87.53,1008.13,29.76,74.82,1008.17,0,0,MANUAL,1,1,1,
2026-09-25 19:30:32,A1-decay,1220000,28.94,87.07,1008.15,29.76,74.96,1008.22,0,0,MANUAL,1,1,1,
2026-09-25 19:30:33,A1-decay,1221000,28.92,87.11,1008.18,29.75,75.11,1008.21,0,0,MANUAL,1,1,1,
2026-09-25 19:30:34,A1-decay,1222000,28.93,87.11,1008.16,29.75,74.89,1008.18,0,0,MANUAL,1,1,1,
2026-09-25 19:30:35,A1-decay,1223000,28.93,87.02,1008.17,29.75,75.17,1008.21,0,0,MANUAL,1,1,1,
2026-09-25 19:30:36,A1-decay,1224000,28.93,87.09,1008.14,29.76,74.93,1008.19,0,0,MANUAL,1,1,1,
2026-09-25 19:30:37,A1-decay,1225000,28.94,87.66,1008.17,29.75,74.98,1008.18,0,0,MANUAL,1,1,1,
2026-09-25 19:30:38,A1-decay,1226000,28.94,87.38,1008.17,29.76,75.01,1008.17,0,0,MANUAL,1,1,1,
2026-09-25 19:30:39,A1-decay,1227000,28.91,87.29,1008.16,29.76,75.00,1008.19,0,0,MANUAL,1,1,1,
2026-09-25 19:30:40,A1-decay,1228000,28.94,87.44,1008.13,29.75,75.11,1008.18,0,0,MANUAL,1,1,1,
2026-09-25 19:30:41,A1-decay,1229000,28.94,87.22,1008.17,29.75,75.16,1008.18,0,0,MANUAL,1,1,1,
2026-09-25 19:30:42,A1-decay,1230000,28.94,87.57,1008.13,29.75,74.95,1008.18,0,0,MANUAL,1,1,1,
2026-09-25 19:30:43,A1-decay,1231000,28.95,87.48,1008.17,29.75,74.95,1008.18,0,0,MANUAL,1,1,1,
2026-09-25 19:30:44,A1-decay,1232000,28.95,87.40,1008.16,29.75,74.99,1008.20,0,0,MANUAL,1,1,1,
2026-09-25 19:30:45,A1-decay,1233000,28.96,87.42,1008.09,29.76,74.96,1008.14,0,0,MANUAL,1,1,1,
2026-09-25 19:30:46,A1-decay,1234000,28.96,87.55,1008.19,29.76,74.87,1008.17,0,0,MANUAL,1,1,1,
2026-09-25 19:30:47,A1-decay,1235000,28.95,87.56,1008.13,29.75,75.06,1008.18,0,0,MANUAL,1,1,1,
2026-09-25 19:30:48,A1-decay,1236000,28.96,87.64,1008.16,29.75,74.88,1008.18,0,0,MANUAL,1,1,1,
2026-09-25 19:30:49,A1-decay,1237000,28.95,87.18,1008.09,29.75,74.98,1008.21,0,0,MANUAL,1,1,1,
2026-09-25 19:30:50,A1-decay,1238000,28.96,87.29,1008.21,29.75,74.95,1008.21,0,0,MANUAL,1,1,1,
2026-09-25 19:30:51,A1-decay,1239000,28.95,87.31,1008.13,29.75,74.98,1008.18,0,0,MANUAL,1,1,1,
2026-09-25 19:30:52,A1-decay,1240000,28.94,87.22,1008.15,29.75,74.92,1008.18,0,0,MANUAL,1,1,1,
2026-09-25 19:30:53,A1-decay,1241000,28.95,87.68,1008.14,29.75,74.93,1008.20,0,0,MANUAL,1,1,1,
2026-09-25 19:30:54,A1-decay,1242000,28.95,87.18,1008.19,29.76,74.97,1008.20,0,0,MANUAL,1,1,1,
2026-09-25 19:30:55,A1-decay,1243000,28.94,87.44,1008.15,29.76,75.14,1008.22,0,0,MANUAL,1,1,1,
2026-09-25 19:30:56,A1-decay,1244000,28.94,87.30,1008.18,29.77,74.98,1008.21,0,0,MANUAL,1,1,1,
2026-09-25 19:30:57,A1-decay,1245000,28.95,87.68,1008.16,29.77,75.03,1008.26,0,0,MANUAL,1,1,1,
2026-09-25 19:30:58,A1-decay,1246000,28.96,87.33,1008.15,29.77,74.93,1008.24,0,0,MANUAL,1,1,1,
2026-09-25 19:30:59,A1-decay,1247000,28.96,87.73,1008.18,29.77,74.92,1008.21,0,0,MANUAL,1,1,1,
2026-09-25 19:31:00,A1-decay,1248000,28.95,87.43,1008.09,29.77,74.84,1008.21,0,0,MANUAL,1,1,1,
2026-09-25 19:31:01,A1-decay,1249000,28.95,87.18,1008.14,29.77,74.89,1008.22,0,0,MANUAL,1,1,1,
2026-09-25 19:31:02,A1-decay,1250000,28.95,87.51,1008.14,29.77,74.96,1008.18,0,0,MANUAL,1,1,1,
2026-09-25 19:31:03,A1-decay,1251000,28.93,87.45,1008.14,29.76,74.84,1008.22,0,0,MANUAL,1,1,1,
2026-09-25 19:31:04,A1-decay,1252000,28.94,87.37,1008.17,29.77,74.83,1008.26,0,0,MANUAL,1,1,1,
2026-09-25 19:31:05,A1-decay,1253000,28.94,86.88,1008.20,29.77,74.89,1008.24,0,0,MANUAL,1,1,1,
2026-09-25 19:31:06,A1-decay,1254000,28.94,87.23,1008.13,29.77,74.76,1008.27,0,0,MANUAL,1,1,1,
2026-09-25 19:31:07,A1-decay,1255000,28.95,87.52,1008.17,29.78,75.02,1008.22,0,0,MANUAL,1,1,1,
2026-09-25 19:31:08,A1-decay,1256000,28.96,87.21,1008.15,29.77,74.98,1008.22,0,0,MANUAL,1,1,1,
2026-09-25 19:31:09,A1-decay,1257000,28.95,87.73,1008.20,29.78,74.93,1008.26,0,0,MANUAL,1,1,1,
2026-09-25 19:31:10,A1-decay,1258000,28.95,87.58,1008.14,29.77,74.94,1008.16,0,0,MANUAL,1,1,1,
2026-09-25 19:31:11,A1-decay,1259000,28.95,87.53,1008.14,29.78,74.94,1008.28,0,0,MANUAL,1,1,1,
2026-09-25 19:31:12,A1-decay,1260000,28.94,87.59,1008.09,29.79,75.03,1008.27,0,0,MANUAL,1,1,1,
2026-09-25 19:31:13,A1-decay,1261000,28.95,87.51,1008.19,29.78,74.84,1008.18,0,0,MANUAL,1,1,1,
2026-09-25 19:31:14,A1-decay,1262000,28.96,87.56,1008.15,29.78,74.77,1008.22,0,0,MANUAL,1,1,1,
2026-09-25 19:31:15,A1-decay,1263000,28.96,87.37,1008.21,29.78,74.71,1008.23,0,0,MANUAL,1,1,1,
2026-09-25 19:31:16,A1-decay,1264000,28.96,87.81,1008.07,29.78,74.79,1008.20,0,0,MANUAL,1,1,1,
2026-09-25 19:31:17,A1-decay,1265000,28.96,87.69,1008.15,29.78,74.77,1008.23,0,0,MANUAL,1,1,1,
2026-09-25 19:31:18,A1-decay,1266000,28.97,87.38,1008.19,29.78,74.86,1008.18,0,0,MANUAL,1,1,1,
2026-09-25 19:31:19,A1-decay,1267000,28.97,87.65,1008.23,29.78,74.79,1008.23,0,0,MANUAL,1,1,1,
2026-09-25 19:31:20,A1-decay,1268000,28.96,87.67,1008.16,29.79,74.73,1008.24,0,0,MANUAL,1,1,1,
2026-09-25 19:31:21,A1-decay,1269000,28.96,87.39,1008.21,29.78,74.83,1008.23,0,0,MANUAL,1,1,1,
2026-09-25 19:31:22,A1-decay,1270000,28.96,87.64,1008.16,29.78,74.83,1008.18,0,0,MANUAL,1,1,1,
2026-09-25 19:31:23,A1-decay,1271000,28.97,87.41,1008.23,29.79,74.90,1008.21,0,0,MANUAL,1,1,1,
2026-09-25 19:31:24,A1-decay,1272000,28.95,87.60,1008.17,29.78,74.73,1008.18,0,0,MANUAL,1,1,1,
2026-09-25 19:31:25,A1-decay,1273000,28.96,87.72,1008.15,29.79,74.86,1008.24,0,0,MANUAL,1,1,1,
2026-09-25 19:31:26,A1-decay,1274000,28.96,87.88,1008.13,29.78,74.86,1008.20,0,0,MANUAL,1,1,1,
2026-09-25 19:31:27,A1-decay,1275000,28.97,87.52,1008.14,29.79,74.79,1008.21,0,0,MANUAL,1,1,1,
2026-09-25 19:31:28,A1-decay,1276000,28.96,87.77,1008.19,29.79,74.72,1008.21,0,0,MANUAL,1,1,1,
2026-09-25 19:31:29,A1-decay,1277000,28.96,87.91,1008.16,29.79,74.78,1008.21,0,0,MANUAL,1,1,1,
2026-09-25 19:31:30,A1-decay,1278000,28.97,87.85,1008.26,29.79,74.85,1008.22,0,0,MANUAL,1,1,1,
2026-09-25 19:31:31,A1-decay,1279000,28.95,87.85,1008.13,29.79,74.92,1008.25,0,0,MANUAL,1,1,1,
2026-09-25 19:31:32,A1-decay,1280000,28.94,87.12,1008.13,29.79,74.74,1008.24,0,0,MANUAL,1,1,1,
2026-09-25 19:31:33,A1-decay,1281000,28.94,87.33,1008.17,29.78,74.90,1008.20,0,0,MANUAL,1,1,1,
2026-09-25 19:31:34,A1-decay,1282000,28.93,87.27,1008.17,29.78,74.82,1008.23,0,0,MANUAL,1,1,1,
2026-09-25 19:31:35,A1-decay,1283000,28.94,87.21,1008.17,29.79,74.92,1008.24,0,0,MANUAL,1,1,1,
2026-09-25 19:31:36,A1-decay,1284000,28.95,87.12,1008.27,29.78,74.94,1008.20,0,0,MANUAL,1,1,1,
2026-09-25 19:31:37,A1-decay,1285000,28.95,87.82,1008.17,29.78,74.80,1008.21,0,0,MANUAL,1,1,1,
2026-09-25 19:31:38,A1-decay,1286000,28.96,87.34,1008.19,29.78,74.81,1008.14,0,0,MANUAL,1,1,1,
2026-09-25 19:31:39,A1-decay,1287000,28.96,87.43,1008.21,29.78,74.82,1008.29,0,0,MANUAL,1,1,1,
2026-09-25 19:31:40,A1-decay,1288000,28.96,87.28,1008.21,29.77,74.80,1008.24,0,0,MANUAL,1,1,1,
2026-09-25 19:31:41,A1-decay,1289000,28.95,87.56,1008.14,29.78,74.84,1008.22,0,0,MANUAL,1,1,1,
2026-09-25 19:31:42,A1-decay,1290000,28.95,87.20,1008.20,29.78,74.92,1008.23,0,0,MANUAL,1,1,1,
2026-09-25 19:31:43,A1-decay,1291000,28.96,87.43,1008.18,29.77,75.04,1008.27,0,0,MANUAL,1,1,1,
2026-09-25 19:31:44,A1-decay,1292000,28.97,87.40,1008.25,29.77,74.97,1008.22,0,0,MANUAL,1,1,1,
2026-09-25 19:31:45,A1-decay,1293000,28.94,87.30,1008.18,29.77,74.98,1008.24,0,0,MANUAL,1,1,1,
2026-09-25 19:31:46,A1-decay,1294000,28.95,87.36,1008.25,29.77,74.97,1008.22,0,0,MANUAL,1,1,1,
2026-09-25 19:31:47,A1-decay,1295000,28.95,87.34,1008.25,29.78,74.96,1008.28,0,0,MANUAL,1,1,1,
2026-09-25 19:31:48,A1-decay,1296000,28.95,87.64,1008.20,29.77,74.96,1008.22,0,0,MANUAL,1,1,1,
2026-09-25 19:31:49,A1-decay,1297000,28.96,87.54,1008.18,29.78,74.85,1008.20,0,0,MANUAL,1,1,1,
2026-09-25 19:31:50,A1-decay,1298000,28.96,87.38,1008.15,29.78,75.02,1008.28,0,0,MANUAL,1,1,1,
2026-09-25 19:31:51,A1-decay,1299000,28.96,87.45,1008.18,29.78,75.10,1008.28,0,0,MANUAL,1,1,1,
2026-09-25 19:31:52,A1-decay,1300000,28.96,87.56,1008.16,29.78,74.89,1008.17,0,0,MANUAL,1,1,1,
2026-09-25 19:31:53,A1-decay,1301000,28.96,87.75,1008.19,29.78,74.87,1008.22,0,0,MANUAL,1,1,1,
2026-09-25 19:31:54,A1-decay,1302000,28.97,87.39,1008.19,29.77,75.04,1008.22,0,0,MANUAL,1,1,1,
2026-09-25 19:31:55,A1-decay,1303000,28.97,87.62,1008.19,29.78,74.95,1008.20,0,0,MANUAL,1,1,1,
2026-09-25 19:31:56,A1-decay,1304000,28.96,87.50,1008.19,29.78,74.83,1008.20,0,0,MANUAL,1,1,1,
2026-09-25 19:31:57,A1-decay,1305000,28.97,87.46,1008.23,29.79,74.94,1008.24,0,0,MANUAL,1,1,1,
2026-09-25 19:31:58,A1-decay,1306000,28.96,87.25,1008.21,29.78,74.89,1008.18,0,0,MANUAL,1,1,1,
2026-09-25 19:31:59,A1-decay,1307000,28.96,87.73,1008.24,29.79,75.09,1008.27,0,0,MANUAL,1,1,1,
2026-09-25 19:32:00,A1-decay,1308000,28.97,87.59,1008.23,29.78,75.06,1008.23,0,0,MANUAL,1,1,1,
2026-09-25 19:32:01,A1-decay,1309000,28.97,87.70,1008.23,29.79,74.83,1008.24,0,0,MANUAL,1,1,1,
2026-09-25 19:32:02,A1-decay,1310000,28.95,87.70,1008.20,29.78,75.07,1008.21,0,0,MANUAL,1,1,1,
2026-09-25 19:32:03,A1-decay,1311000,28.97,87.32,1008.20,29.79,75.12,1008.27,0,0,MANUAL,1,1,1,
2026-09-25 19:32:04,A1-decay,1312000,28.96,87.34,1008.19,29.79,74.84,1008.24,0,0,MANUAL,1,1,1,
2026-09-25 19:32:05,A1-decay,1313000,28.96,87.87,1008.21,29.79,74.81,1008.25,0,0,MANUAL,1,1,1,
2026-09-25 19:32:06,A1-decay,1314000,28.96,87.34,1008.21,29.78,74.81,1008.20,0,0,MANUAL,1,1,1,
2026-09-25 19:32:07,A1-decay,1315000,28.96,87.75,1008.16,29.78,74.89,1008.18,0,0,MANUAL,1,1,1,
2026-09-25 19:32:08,A1-decay,1316000,28.96,87.34,1008.12,29.79,74.84,1008.24,0,0,MANUAL,1,1,1,
2026-09-25 19:32:09,A1-decay,1317000,28.97,87.70,1008.19,29.78,74.87,1008.20,0,0,MANUAL,1,1,1,
2026-09-25 19:32:10,A1-decay,1318000,28.95,87.31,1008.17,29.79,75.00,1008.21,0,0,MANUAL,1,1,1,
2026-09-25 19:32:11,A1-decay,1319000,28.95,87.43,1008.17,29.80,74.79,1008.28,0,0,MANUAL,1,1,1,
2026-09-25 19:32:12,A1-decay,1320000,28.97,87.68,1008.17,29.79,75.05,1008.19,0,0,MANUAL,1,1,1,
2026-09-25 19:32:13,A1-decay,1321000,28.96,87.71,1008.16,29.79,75.12,1008.21,0,0,MANUAL,1,1,1,
2026-09-25 19:32:14,A1-decay,1322000,28.96,87.72,1008.19,29.79,74.94,1008.21,0,0,MANUAL,1,1,1,
2026-09-25 19:32:15,A1-decay,1323000,28.97,87.41,1008.19,29.79,74.85,1008.24,0,0,MANUAL,1,1,1,
2026-09-25 19:32:16,A1-decay,1324000,28.96,87.51,1008.19,29.79,75.00,1008.19,0,0,MANUAL,1,1,1,
2026-09-25 19:32:17,A1-decay,1325000,28.98,87.46,1008.18,29.79,74.76,1008.27,0,0,MANUAL,1,1,1,
2026-09-25 19:32:18,A1-decay,1326000,28.97,87.32,1008.26,29.79,74.93,1008.19,0,0,MANUAL,1,1,1,
2026-09-25 19:32:19,A1-decay,1327000,28.97,87.62,1008.23,29.79,74.60,1008.24,0,0,MANUAL,1,1,1,
2026-09-25 19:32:20,A1-decay,1328000,28.96,87.27,1008.23,29.79,74.93,1008.21,0,0,MANUAL,1,1,1,
2026-09-25 19:32:21,A1-decay,1329000,28.95,87.63,1008.16,29.79,74.83,1008.19,0,0,MANUAL,1,1,1,
2026-09-25 19:32:22,A1-decay,1330000,28.95,87.60,1008.20,29.78,74.90,1008.22,0,0,MANUAL,1,1,1,
2026-09-25 19:32:23,A1-decay,1331000,28.97,87.48,1008.25,29.78,75.07,1008.20,0,0,MANUAL,1,1,1,
2026-09-25 19:32:24,A1-decay,1332000,28.95,87.39,1008.20,29.78,74.84,1008.22,0,0,MANUAL,1,1,1,
2026-09-25 19:32:25,A1-decay,1333000,28.96,87.45,1008.18,29.79,74.85,1008.27,0,0,MANUAL,1,1,1,
2026-09-25 19:32:26,A1-decay,1334000,28.96,87.52,1008.21,29.79,75.08,1008.25,0,0,MANUAL,1,1,1,
2026-09-25 19:32:27,A1-decay,1335000,28.96,87.66,1008.19,29.79,75.02,1008.24,0,0,MANUAL,1,1,1,
2026-09-25 19:32:28,A1-decay,1336000,28.96,87.38,1008.21,29.79,74.92,1008.24,0,0,MANUAL,1,1,1,
2026-09-25 19:32:29,A1-decay,1337000,28.96,87.42,1008.19,29.79,74.92,1008.30,0,0,MANUAL,1,1,1,
2026-09-25 19:32:30,A1-decay,1338000,28.96,87.44,1008.18,29.79,74.90,1008.32,0,0,MANUAL,1,1,1,
2026-09-25 19:32:31,A1-decay,1339000,28.96,87.76,1008.16,29.78,74.93,1008.25,0,0,MANUAL,1,1,1,
2026-09-25 19:32:32,A1-decay,1340000,28.96,87.66,1008.27,29.78,74.88,1008.22,0,0,MANUAL,1,1,1,
2026-09-25 19:32:33,A1-decay,1341000,28.96,87.48,1008.19,29.79,75.05,1008.24,0,0,MANUAL,1,1,1,
2026-09-25 19:32:34,A1-decay,1342000,28.96,87.19,1008.19,29.78,74.97,1008.17,0,0,MANUAL,1,1,1,
2026-09-25 19:32:35,A1-decay,1343000,28.97,87.48,1008.22,29.79,75.06,1008.24,0,0,MANUAL,1,1,1,
2026-09-25 19:32:36,A1-decay,1344000,28.97,87.29,1008.17,29.79,74.86,1008.27,0,0,MANUAL,1,1,1,
2026-09-25 19:32:37,A1-decay,1345000,28.97,87.39,1008.17,29.78,74.85,1008.25,0,0,MANUAL,1,1,1,
2026-09-25 19:32:38,A1-decay,1346000,28.97,87.69,1008.19,29.79,74.83,1008.25,0,0,MANUAL,1,1,1,
2026-09-25 19:32:39,A1-decay,1347000,28.97,87.62,1008.14,29.78,74.99,1008.22,0,0,MANUAL,1,1,1,
2026-09-25 19:32:40,A1-decay,1348000,28.97,87.22,1008.23,29.79,74.85,1008.21,0,0,MANUAL,1,1,1,
2026-09-25 19:32:41,A1-decay,1349000,28.96,87.43,1008.16,29.78,74.83,1008.22,0,0,MANUAL,1,1,1,
2026-09-25 19:32:42,A1-decay,1350000,28.96,87.56,1008.21,29.78,74.92,1008.17,0,0,MANUAL,1,1,1,
2026-09-25 19:32:43,A1-decay,1351000,28.97,87.64,1008.19,29.78,74.88,1008.28,0,0,MANUAL,1,1,1,
2026-09-25 19:32:44,A1-decay,1352000,28.97,87.72,1008.19,29.78,74.87,1008.20,0,0,MANUAL,1,1,1,
2026-09-25 19:32:45,A1-decay,1353000,28.97,87.67,1008.17,29.78,74.89,1008.22,0,0,MANUAL,1,1,1,
2026-09-25 19:32:46,A1-decay,1354000,28.96,87.39,1008.19,29.79,74.86,1008.21,0,0,MANUAL,1,1,1,
2026-09-25 19:32:47,A1-decay,1355000,28.97,87.78,1008.17,29.78,74.83,1008.22,0,0,MANUAL,1,1,1,
2026-09-25 19:32:48,A1-decay,1356000,28.95,87.25,1008.14,29.78,74.74,1008.25,0,0,MANUAL,1,1,1,
2026-09-25 19:32:49,A1-decay,1357000,28.97,87.48,1008.23,29.79,74.96,1008.24,0,0,MANUAL,1,1,1,
2026-09-25 19:32:50,A1-decay,1358000,28.97,87.29,1008.23,29.79,74.87,1008.27,0,0,MANUAL,1,1,1,
2026-09-25 19:32:51,A1-decay,1359000,28.97,87.51,1008.22,29.78,74.92,1008.26,0,0,MANUAL,1,1,1,
2026-09-25 19:32:52,A1-decay,1360000,28.97,87.53,1008.26,29.78,74.90,1008.25,0,0,MANUAL,1,1,1,
2026-09-25 19:32:53,A1-decay,1361000,28.98,87.29,1008.22,29.79,74.95,1008.27,0,0,MANUAL,1,1,1,
2026-09-25 19:32:54,A1-decay,1362000,28.98,87.36,1008.30,29.79,75.13,1008.24,0,0,MANUAL,1,1,1,
2026-09-25 19:32:55,A1-decay,1363000,28.98,87.50,1008.24,29.78,74.84,1008.26,0,0,MANUAL,1,1,1,
2026-09-25 19:32:56,A1-decay,1364000,28.97,87.69,1008.20,29.78,75.00,1008.23,0,0,MANUAL,1,1,1,
2026-09-25 19:32:57,A1-decay,1365000,28.98,87.51,1008.27,29.77,74.89,1008.19,0,0,MANUAL,1,1,1,
2026-09-25 19:32:58,A1-decay,1366000,28.98,87.56,1008.21,29.79,75.10,1008.27,0,0,MANUAL,1,1,1,
2026-09-25 19:32:59,A1-decay,1367000,28.97,87.47,1008.26,29.78,75.07,1008.29,0,0,MANUAL,1,1,1,
2026-09-25 19:33:00,A1-decay,1368000,28.97,87.51,1008.17,29.79,74.81,1008.30,0,0,MANUAL,1,1,1,
2026-09-25 19:33:01,A1-decay,1369000,28.98,87.42,1008.13,29.77,74.96,1008.24,0,0,MANUAL,1,1,1,
2026-09-25 19:33:02,A1-decay,1370000,28.99,87.50,1008.17,29.78,74.91,1008.23,0,0,MANUAL,1,1,1,
2026-09-25 19:33:03,A1-decay,1371000,28.99,87.37,1008.23,29.78,75.01,1008.29,0,0,MANUAL,1,1,1,
2026-09-25 19:33:04,A1-decay,1372000,28.99,87.69,1008.23,29.79,74.94,1008.21,0,0,MANUAL,1,1,1,
2026-09-25 19:33:05,A1-decay,1373000,28.99,87.49,1008.15,29.79,75.13,1008.24,0,0,MANUAL,1,1,1,
2026-09-25 19:33:06,A1-decay,1374000,28.99,87.70,1008.21,29.79,74.85,1008.21,0,0,MANUAL,1,1,1,
2026-09-25 19:33:07,A1-decay,1375000,28.98,87.57,1008.19,29.78,74.84,1008.20,0,0,MANUAL,1,1,1,
2026-09-25 19:33:08,A1-decay,1376000,28.99,87.67,1008.21,29.78,74.91,1008.29,0,0,MANUAL,1,1,1,
2026-09-25 19:33:09,A1-decay,1377000,28.98,87.70,1008.21,29.77,74.93,1008.19,0,0,MANUAL,1,1,1,
2026-09-25 19:33:10,A1-decay,1378000,28.98,87.34,1008.22,29.79,74.93,1008.24,0,0,MANUAL,1,1,1,
2026-09-25 19:33:11,A1-decay,1379000,28.98,87.54,1008.18,29.78,75.00,1008.26,0,0,MANUAL,1,1,1,
2026-09-25 19:33:12,A1-decay,1380000,28.98,87.51,1008.16,29.77,75.06,1008.22,0,0,MANUAL,1,1,1,
2026-09-25 19:33:13,A1-decay,1381000,28.99,87.36,1008.23,29.79,74.84,1008.21,0,0,MANUAL,1,1,1,
2026-09-25 19:33:14,A1-decay,1382000,28.99,87.57,1008.20,29.78,74.86,1008.22,0,0,MANUAL,1,1,1,
2026-09-25 19:33:15,A1-decay,1383000,28.98,87.63,1008.16,29.78,75.12,1008.28,0,0,MANUAL,1,1,1,
2026-09-25 19:33:16,A1-decay,1384000,28.97,87.36,1008.20,29.78,74.85,1008.22,0,0,MANUAL,1,1,1,
2026-09-25 19:33:17,A1-decay,1385000,28.97,87.38,1008.17,29.78,75.00,1008.20,0,0,MANUAL,1,1,1,
2026-09-25 19:33:18,A1-decay,1386000,28.96,87.36,1008.21,29.78,74.98,1008.26,0,0,MANUAL,1,1,1,
2026-09-25 19:33:19,A1-decay,1387000,28.97,87.76,1008.22,29.77,75.06,1008.24,0,0,MANUAL,1,1,1,
2026-09-25 19:33:20,A1-decay,1388000,28.97,87.62,1008.22,29.79,74.86,1008.27,0,0,MANUAL,1,1,1,
2026-09-25 19:33:21,A1-decay,1389000,28.97,87.52,1008.23,29.78,74.79,1008.23,0,0,MANUAL,1,1,1,
2026-09-25 19:33:22,A1-decay,1390000,28.98,87.39,1008.18,29.78,74.85,1008.28,0,0,MANUAL,1,1,1,
2026-09-25 19:33:23,A1-decay,1391000,28.97,87.67,1008.23,29.78,74.91,1008.23,0,0,MANUAL,1,1,1,
2026-09-25 19:33:24,A1-decay,1392000,28.98,87.62,1008.21,29.77,74.96,1008.30,0,0,MANUAL,1,1,1,
2026-09-25 19:33:25,A1-decay,1393000,28.98,87.26,1008.27,29.78,74.86,1008.31,0,0,MANUAL,1,1,1,
2026-09-25 19:33:25,A1-decay,1394000,28.97,87.52,1008.20,29.77,74.92,1008.26,0,0,MANUAL,1,1,1,
2026-09-25 19:33:27,A1-decay,1395000,28.98,87.33,1008.24,29.78,75.00,1008.29,0,0,MANUAL,1,1,1,
2026-09-25 19:33:28,A1-decay,1396000,28.98,87.27,1008.15,29.77,75.02,1008.24,0,0,MANUAL,1,1,1,
2026-09-25 19:33:29,A1-decay,1397000,28.97,87.79,1008.17,29.78,74.88,1008.22,0,0,MANUAL,1,1,1,
2026-09-25 19:33:30,A1-decay,1398000,28.98,87.81,1008.24,29.77,74.98,1008.24,0,0,MANUAL,1,1,1,
2026-09-25 19:33:31,A1-decay,1399000,28.98,87.86,1008.19,29.76,74.90,1008.19,0,0,MANUAL,1,1,1,
2026-09-25 19:33:32,A1-decay,1400000,28.97,87.70,1008.26,29.77,74.97,1008.26,0,0,MANUAL,1,1,1,
2026-09-25 19:33:33,A1-decay,1401000,28.98,87.68,1008.22,29.77,75.11,1008.26,0,0,MANUAL,1,1,1,
2026-09-25 19:33:34,A1-decay,1402000,28.99,87.97,1008.20,29.76,74.89,1008.26,0,0,MANUAL,1,1,1,
2026-09-25 19:33:35,A1-decay,1403000,28.99,87.93,1008.20,29.77,74.99,1008.32,0,0,MANUAL,1,1,1,
2026-09-25 19:33:36,A1-decay,1404000,29.00,87.55,1008.19,29.77,74.83,1008.27,0,0,MANUAL,1,1,1,
2026-09-25 19:33:37,A1-decay,1405000,29.00,87.50,1008.27,29.76,75.08,1008.31,0,0,MANUAL,1,1,1,
2026-09-25 19:33:38,A1-decay,1406000,28.99,88.00,1008.21,29.76,74.96,1008.28,0,0,MANUAL,1,1,1,
2026-09-25 19:33:39,A1-decay,1407000,29.00,87.59,1008.22,29.76,74.88,1008.26,0,0,MANUAL,1,1,1,
2026-09-25 19:33:40,A1-decay,1408000,29.00,87.69,1008.25,29.76,74.88,1008.25,0,0,MANUAL,1,1,1,
2026-09-25 19:33:41,A1-decay,1409000,29.00,87.69,1008.25,29.76,75.01,1008.28,0,0,MANUAL,1,1,1,
2026-09-25 19:33:42,A1-decay,1410000,29.00,87.81,1008.22,29.76,74.89,1008.19,0,0,MANUAL,1,1,1,
2026-09-25 19:33:43,A1-decay,1411000,29.01,87.69,1008.27,29.77,74.93,1008.26,0,0,MANUAL,1,1,1,
2026-09-25 19:33:44,A1-decay,1412000,29.00,87.92,1008.22,29.77,74.93,1008.29,0,0,MANUAL,1,1,1,
2026-09-25 19:33:45,A1-decay,1413000,29.00,87.90,1008.19,29.77,75.07,1008.26,0,0,MANUAL,1,1,1,
2026-09-25 19:33:46,A1-decay,1414000,29.00,87.62,1008.25,29.76,74.88,1008.25,0,0,MANUAL,1,1,1,
2026-09-25 19:33:47,A1-decay,1415000,29.00,87.83,1008.21,29.77,74.87,1008.22,0,0,MANUAL,1,1,1,
2026-09-25 19:33:48,A1-decay,1416000,29.00,87.76,1008.25,29.77,74.83,1008.21,0,0,MANUAL,1,1,1,
2026-09-25 19:33:49,A1-decay,1417000,29.00,87.59,1008.22,29.77,74.96,1008.26,0,0,MANUAL,1,1,1,
2026-09-25 19:33:50,A1-decay,1418000,28.98,87.84,1008.22,29.77,75.12,1008.27,0,0,MANUAL,1,1,1,
2026-09-25 19:33:51,A1-decay,1419000,28.99,87.67,1008.23,29.77,74.95,1008.21,0,0,MANUAL,1,1,1,
2026-09-25 19:33:52,A1-decay,1420000,29.00,87.65,1008.27,29.77,74.96,1008.21,0,0,MANUAL,1,1,1,
2026-09-25 19:33:53,A1-decay,1421000,28.98,87.46,1008.19,29.78,74.96,1008.31,0,0,MANUAL,1,1,1,
2026-09-25 19:33:54,A1-decay,1422000,28.98,87.35,1008.21,29.77,74.90,1008.22,0,0,MANUAL,1,1,1,
2026-09-25 19:33:55,A1-decay,1423000,28.98,87.63,1008.22,29.77,74.97,1008.29,0,0,MANUAL,1,1,1,
2026-09-25 19:33:56,A1-decay,1424000,28.98,87.48,1008.22,29.78,74.84,1008.28,0,0,MANUAL,1,1,1,
2026-09-25 19:33:57,A1-decay,1425000,28.98,87.95,1008.22,29.78,74.97,1008.22,0,0,MANUAL,1,1,1,
2026-09-25 19:33:58,A1-decay,1426000,28.97,87.44,1008.22,29.78,74.94,1008.31,0,0,MANUAL,1,1,1,
2026-09-25 19:33:59,A1-decay,1427000,28.98,87.78,1008.22,29.78,74.92,1008.20,0,0,MANUAL,1,1,1,
2026-09-25 19:34:00,A1-decay,1428000,28.97,87.77,1008.22,29.78,74.92,1008.32,0,0,MANUAL,1,1,1,
2026-09-25 19:34:01,A1-decay,1429000,28.97,87.69,1008.22,29.77,75.11,1008.27,0,0,MANUAL,1,1,1,
2026-09-25 19:34:02,A1-decay,1430000,28.98,87.50,1008.22,29.78,75.01,1008.29,0,0,MANUAL,1,1,1,
2026-09-25 19:34:03,A1-decay,1431000,28.98,87.80,1008.25,29.78,74.92,1008.22,0,0,MANUAL,1,1,1,
2026-09-25 19:34:04,A1-decay,1432000,28.98,87.78,1008.25,29.78,75.03,1008.26,0,0,MANUAL,1,1,1,
2026-09-25 19:34:05,A1-decay,1433000,28.99,87.95,1008.21,29.78,75.19,1008.28,0,0,MANUAL,1,1,1,
2026-09-25 19:34:06,A1-decay,1434000,28.99,87.75,1008.26,29.78,74.98,1008.34,0,0,MANUAL,1,1,1,
2026-09-25 19:34:07,A1-decay,1435000,28.99,88.02,1008.26,29.78,74.93,1008.25,0,0,MANUAL,1,1,1,
2026-09-25 19:34:08,A1-decay,1436000,28.98,87.96,1008.25,29.78,75.02,1008.22,0,0,MANUAL,1,1,1,
2026-09-25 19:34:09,A1-decay,1437000,28.99,87.25,1008.20,29.77,75.05,1008.26,0,0,MANUAL,1,1,1,
2026-09-25 19:34:10,A1-decay,1438000,28.98,87.34,1008.24,29.77,74.97,1008.29,0,0,MANUAL,1,1,1,
2026-09-25 19:34:11,A1-decay,1439000,28.99,87.56,1008.20,29.77,74.76,1008.24,0,0,MANUAL,1,1,1,
2026-09-25 19:34:12,A1-decay,1440000,29.00,87.58,1008.22,29.77,74.88,1008.27,0,0,MANUAL,1,1,1,
2026-09-25 19:34:13,A1-decay,1441000,28.99,87.47,1008.18,29.78,74.89,1008.28,0,0,MANUAL,1,1,1,
2026-09-25 19:34:14,A1-decay,1442000,28.99,87.38,1008.28,29.77,74.94,1008.24,0,0,MANUAL,1,1,1,
2026-09-25 19:34:15,A1-decay,1443000,28.99,87.83,1008.26,29.77,74.95,1008.22,0,0,MANUAL,1,1,1,
2026-09-25 19:34:16,A1-decay,1444000,28.98,87.96,1008.22,29.77,74.92,1008.24,0,0,MANUAL,1,1,1,
2026-09-25 19:34:17,A1-decay,1445000,28.98,88.02,1008.28,29.77,75.07,1008.29,0,0,MANUAL,1,1,1,
2026-09-25 19:34:18,A1-decay,1446000,28.98,87.48,1008.25,29.76,74.90,1008.19,0,0,MANUAL,1,1,1,
2026-09-25 19:34:19,A1-decay,1447000,28.99,87.86,1008.26,29.77,74.90,1008.29,0,0,MANUAL,1,1,1,
2026-09-25 19:34:20,A1-decay,1448000,29.00,87.50,1008.27,29.76,74.98,1008.25,0,0,MANUAL,1,1,1,
2026-09-25 19:34:21,A1-decay,1449000,28.99,87.83,1008.26,29.76,74.97,1008.26,0,0,MANUAL,1,1,1,
2026-09-25 19:34:22,A1-decay,1450000,28.98,87.97,1008.22,29.76,75.06,1008.28,0,0,MANUAL,1,1,1,
2026-09-25 19:34:23,A1-decay,1451000,28.99,87.86,1008.21,29.76,75.15,1008.25,0,0,MANUAL,1,1,1,
2026-09-25 19:34:24,A1-decay,1452000,28.99,87.72,1008.23,29.76,75.10,1008.25,0,0,MANUAL,1,1,1,
2026-09-25 19:34:25,A1-decay,1453000,28.98,87.42,1008.24,29.76,74.97,1008.26,0,0,MANUAL,1,1,1,
2026-09-25 19:34:26,A1-decay,1454000,28.98,87.77,1008.24,29.76,75.14,1008.31,0,0,MANUAL,1,1,1,
2026-09-25 19:34:27,A1-decay,1455000,28.98,87.91,1008.22,29.76,74.92,1008.26,0,0,MANUAL,1,1,1,
2026-09-25 19:34:28,A1-decay,1456000,28.99,87.83,1008.23,29.75,75.01,1008.27,0,0,MANUAL,1,1,1,
2026-09-25 19:34:29,A1-decay,1457000,28.98,87.69,1008.18,29.76,74.96,1008.25,0,0,MANUAL,1,1,1,
2026-09-25 19:34:30,A1-decay,1458000,29.00,87.45,1008.30,29.76,75.22,1008.26,0,0,MANUAL,1,1,1,
2026-09-25 19:34:31,A1-decay,1459000,28.98,87.87,1008.24,29.76,75.14,1008.30,0,0,MANUAL,1,1,1,
2026-09-25 19:34:32,A1-decay,1460000,28.98,87.68,1008.25,29.76,75.06,1008.30,0,0,MANUAL,1,1,1,
2026-09-25 19:34:33,A1-decay,1461000,28.99,87.71,1008.20,29.75,74.97,1008.26,0,0,MANUAL,1,1,1,
2026-09-25 19:34:34,A1-decay,1462000,28.99,87.70,1008.28,29.75,74.86,1008.30,0,0,MANUAL,1,1,1,
2026-09-25 19:34:35,A1-decay,1463000,28.99,87.68,1008.26,29.76,75.08,1008.23,0,0,MANUAL,1,1,1,
2026-09-25 19:34:36,A1-decay,1464000,28.99,87.78,1008.23,29.76,74.89,1008.28,0,0,MANUAL,1,1,1,
2026-09-25 19:34:37,A1-decay,1465000,28.99,87.88,1008.26,29.76,74.98,1008.30,0,0,MANUAL,1,1,1,
2026-09-25 19:34:38,A1-decay,1466000,29.00,87.72,1008.33,29.76,75.10,1008.25,0,0,MANUAL,1,1,1,
2026-09-25 19:34:39,A1-decay,1467000,28.99,87.83,1008.28,29.76,74.90,1008.31,0,0,MANUAL,1,1,1,
2026-09-25 19:34:40,A1-decay,1468000,28.99,87.77,1008.26,29.76,74.96,1008.33,0,0,MANUAL,1,1,1,
2026-09-25 19:34:41,A1-decay,1469000,28.99,87.64,1008.26,29.76,75.08,1008.28,0,0,MANUAL,1,1,1,
2026-09-25 19:34:41,A1-decay,1470000,28.98,87.84,1008.25,29.76,75.17,1008.25,0,0,MANUAL,1,1,1,
2026-09-25 19:34:43,A1-decay,1471000,28.98,87.60,1008.16,29.75,74.86,1008.24,0,0,MANUAL,1,1,1,
2026-09-25 19:34:44,A1-decay,1472000,28.99,87.53,1008.26,29.75,75.17,1008.26,0,0,MANUAL,1,1,1,
2026-09-25 19:34:45,A1-decay,1473000,28.99,87.84,1008.23,29.76,74.93,1008.25,0,0,MANUAL,1,1,1,
2026-09-25 19:34:46,A1-decay,1474000,28.99,87.84,1008.28,29.76,74.96,1008.28,0,0,MANUAL,1,1,1,
2026-09-25 19:34:47,A1-decay,1475000,28.99,87.67,1008.31,29.75,74.96,1008.26,0,0,MANUAL,1,1,1,
2026-09-25 19:34:48,A1-decay,1476000,28.99,87.75,1008.29,29.76,75.17,1008.28,0,0,MANUAL,1,1,1,
2026-09-25 19:34:49,A1-decay,1477000,28.99,87.94,1008.23,29.75,74.75,1008.24,0,0,MANUAL,1,1,1,
2026-09-25 19:34:50,A1-decay,1478000,28.99,88.06,1008.23,29.75,75.24,1008.30,0,0,MANUAL,1,1,1,
2026-09-25 19:34:51,A1-decay,1479000,28.99,87.94,1008.26,29.75,75.04,1008.29,0,0,MANUAL,1,1,1,
2026-09-25 19:34:52,A1-decay,1480000,29.00,87.60,1008.28,29.74,75.10,1008.22,0,0,MANUAL,1,1,1,
2026-09-25 19:34:53,A1-decay,1481000,28.99,87.82,1008.17,29.75,75.11,1008.29,0,0,MANUAL,1,1,1,
2026-09-25 19:34:54,A1-decay,1482000,28.97,87.48,1008.23,29.76,75.10,1008.28,0,0,MANUAL,1,1,1,
2026-09-25 19:34:55,A1-decay,1483000,28.99,87.84,1008.26,29.74,75.08,1008.28,0,0,MANUAL,1,1,1,
2026-09-25 19:34:56,A1-decay,1484000,28.98,87.49,1008.33,29.75,74.82,1008.26,0,0,MANUAL,1,1,1,
2026-09-25 19:34:57,A1-decay,1485000,28.98,87.63,1008.22,29.74,75.07,1008.30,0,0,MANUAL,1,1,1,
2026-09-25 19:34:58,A1-decay,1486000,28.99,87.72,1008.28,29.75,74.89,1008.29,0,0,MANUAL,1,1,1,
2026-09-25 19:34:59,A1-decay,1487000,28.99,87.52,1008.21,29.74,74.85,1008.24,0,0,MANUAL,1,1,1,
2026-09-25 19:35:00,A1-decay,1488000,28.99,87.67,1008.23,29.75,74.96,1008.29,0,0,MANUAL,1,1,1,
2026-09-25 19:35:01,A1-decay,1489000,28.97,87.51,1008.26,29.74,74.93,1008.28,0,0,MANUAL,1,1,1,
2026-09-25 19:35:02,A1-decay,1490000,28.97,87.68,1008.26,29.74,74.85,1008.33,0,0,MANUAL,1,1,1,
2026-09-25 19:35:02,A1-decay,1491000,28.98,87.67,1008.22,29.74,74.91,1008.28,0,0,MANUAL,1,1,1,
2026-09-25 19:35:04,A1-decay,1492000,28.98,87.62,1008.25,29.75,75.10,1008.31,0,0,MANUAL,1,1,1,
2026-09-25 19:35:05,A1-decay,1493000,28.97,87.71,1008.26,29.74,74.99,1008.22,0,0,MANUAL,1,1,1,
2026-09-25 19:35:06,A1-decay,1494000,28.96,87.06,1008.24,29.75,75.22,1008.23,0,0,MANUAL,1,1,1,
2026-09-25 19:35:07,A1-decay,1495000,28.97,87.41,1008.25,29.74,75.27,1008.30,0,0,MANUAL,1,1,1,
2026-09-25 19:35:08,A1-decay,1496000,28.98,87.21,1008.25,29.74,75.09,1008.30,0,0,MANUAL,1,1,1,
2026-09-25 19:35:09,A1-decay,1497000,28.99,87.16,1008.28,29.75,75.26,1008.23,0,0,MANUAL,1,1,1,
2026-09-25 19:35:10,A1-decay,1498000,28.98,87.17,1008.25,29.74,75.03,1008.31,0,0,MANUAL,1,1,1,
2026-09-25 19:35:11,A1-decay,1499000,28.97,87.24,1008.26,29.74,75.11,1008.31,0,0,MANUAL,1,1,1,
2026-09-25 19:35:12,A1-decay,1500000,28.97,87.69,1008.29,29.75,74.96,1008.23,0,0,MANUAL,1,1,1,
2026-09-25 19:35:13,A1-decay,1501000,28.97,87.28,1008.26,29.74,75.09,1008.28,0,0,MANUAL,1,1,1,
2026-09-25 19:35:14,A1-decay,1502000,28.97,87.34,1008.26,29.75,75.05,1008.26,0,0,MANUAL,1,1,1,
2026-09-25 19:35:15,A1-decay,1503000,28.97,87.34,1008.26,29.74,75.09,1008.33,0,0,MANUAL,1,1,1,
2026-09-25 19:35:15,A1-decay,1504000,28.98,87.52,1008.24,29.74,74.98,1008.24,0,0,MANUAL,1,1,1,
2026-09-25 19:35:17,A1-decay,1505000,28.98,87.21,1008.32,29.74,75.01,1008.31,0,0,MANUAL,1,1,1,
2026-09-25 19:35:18,A1-decay,1506000,28.97,87.30,1008.19,29.74,75.01,1008.28,0,0,MANUAL,1,1,1,
2026-09-25 19:35:19,A1-decay,1507000,28.98,87.33,1008.19,29.74,75.03,1008.31,0,0,MANUAL,1,1,1,
2026-09-25 19:35:20,A1-decay,1508000,28.97,87.70,1008.17,29.74,74.91,1008.36,0,0,MANUAL,1,1,1,
2026-09-25 19:35:21,A1-decay,1509000,28.97,87.56,1008.26,29.75,75.01,1008.29,0,0,MANUAL,1,1,1,
2026-09-25 19:35:22,A1-decay,1510000,28.99,87.82,1008.34,29.74,75.06,1008.27,0,0,MANUAL,1,1,1,
2026-09-25 19:35:23,A1-decay,1511000,28.99,87.23,1008.26,29.74,74.98,1008.33,0,0,MANUAL,1,1,1,
2026-09-25 19:35:24,A1-decay,1512000,28.99,87.23,1008.26,29.73,74.96,1008.23,0,0,MANUAL,1,1,1,
2026-09-25 19:35:25,A1-decay,1513000,28.99,87.73,1008.23,29.72,74.98,1008.27,0,0,MANUAL,1,1,1,
2026-09-25 19:35:26,A1-decay,1514000,28.98,87.29,1008.19,29.71,74.99,1008.29,0,0,MANUAL,1,1,1,
2026-09-25 19:35:27,A1-decay,1515000,28.99,87.86,1008.26,29.72,75.15,1008.27,0,0,MANUAL,1,1,1,
2026-09-25 19:35:28,A1-decay,1516000,28.98,87.68,1008.30,29.72,75.04,1008.30,0,0,MANUAL,1,1,1,
2026-09-25 19:35:29,A1-decay,1517000,28.98,87.34,1008.24,29.72,74.87,1008.29,0,0,MANUAL,1,1,1,
2026-09-25 19:35:30,A1-decay,1518000,28.97,87.12,1008.23,29.71,75.07,1008.31,0,0,MANUAL,1,1,1,
2026-09-25 19:35:31,A1-decay,1519000,28.98,87.60,1008.24,29.71,75.15,1008.34,0,0,MANUAL,1,1,1,
2026-09-25 19:35:32,A1-decay,1520000,28.96,87.52,1008.24,29.71,75.10,1008.29,0,0,MANUAL,1,1,1,
2026-09-25 19:35:33,A1-decay,1521000,28.95,86.93,1008.27,29.71,75.13,1008.33,0,0,MANUAL,1,1,1,
2026-09-25 19:35:34,A1-decay,1522000,28.98,87.23,1008.25,29.70,75.32,1008.27,0,0,MANUAL,1,1,1,
2026-09-25 19:35:35,A1-decay,1523000,28.97,87.22,1008.23,29.70,74.98,1008.23,0,0,MANUAL,1,1,1,
2026-09-25 19:35:36,A1-decay,1524000,28.98,87.30,1008.30,29.71,74.98,1008.31,0,0,MANUAL,1,1,1,
2026-09-25 19:35:37,A1-decay,1525000,28.98,87.00,1008.24,29.69,75.28,1008.25,0,0,MANUAL,1,1,1,
2026-09-25 19:35:38,A1-decay,1526000,28.98,87.42,1008.21,29.70,75.12,1008.32,0,0,MANUAL,1,1,1,
2026-09-25 19:35:39,A1-decay,1527000,28.98,87.30,1008.22,29.71,75.10,1008.39,0,0,MANUAL,1,1,1,
2026-09-25 19:35:40,A1-decay,1528000,28.99,87.41,1008.26,29.70,75.14,1008.29,0,0,MANUAL,1,1,1,
2026-09-25 19:35:41,A1-decay,1529000,28.98,86.83,1008.25,29.70,75.11,1008.37,0,0,MANUAL,1,1,1,
2026-09-25 19:35:42,A1-decay,1530000,28.98,87.47,1008.28,29.70,74.88,1008.35,0,0,MANUAL,1,1,1,
2026-09-25 19:35:43,A1-decay,1531000,28.98,87.22,1008.22,29.70,75.04,1008.23,0,0,MANUAL,1,1,1,
2026-09-25 19:35:44,A1-decay,1532000,28.99,87.55,1008.20,29.69,75.01,1008.25,0,0,MANUAL,1,1,1,
2026-09-25 19:35:45,A1-decay,1533000,28.99,87.28,1008.23,29.69,75.28,1008.30,0,0,MANUAL,1,1,1,
2026-09-25 19:35:46,A1-decay,1534000,29.00,87.16,1008.30,29.69,75.04,1008.20,0,0,MANUAL,1,1,1,
2026-09-25 19:35:47,A1-decay,1535000,29.00,87.18,1008.27,29.70,75.13,1008.26,0,0,MANUAL,1,1,1,
2026-09-25 19:35:48,A1-decay,1536000,28.99,87.13,1008.26,29.69,75.07,1008.33,0,0,MANUAL,1,1,1,
2026-09-25 19:35:49,A1-decay,1537000,28.98,87.31,1008.25,29.70,75.00,1008.23,0,0,MANUAL,1,1,1,
2026-09-25 19:35:50,A1-decay,1538000,28.99,87.25,1008.15,29.69,75.13,1008.27,0,0,MANUAL,1,1,1,
2026-09-25 19:35:51,A1-decay,1539000,28.99,87.53,1008.18,29.69,75.13,1008.25,0,0,MANUAL,1,1,1,
2026-09-25 19:35:52,A1-decay,1540000,28.99,87.25,1008.21,29.70,75.26,1008.35,0,0,MANUAL,1,1,1,
2026-09-25 19:35:53,A1-decay,1541000,28.99,87.22,1008.23,29.70,75.17,1008.23,0,0,MANUAL,1,1,1,
2026-09-25 19:35:54,A1-decay,1542000,28.99,87.48,1008.21,29.69,75.13,1008.28,0,0,MANUAL,1,1,1,
2026-09-25 19:35:55,A1-decay,1543000,28.99,87.58,1008.26,29.70,75.15,1008.26,0,0,MANUAL,1,1,1,
2026-09-25 19:35:56,A1-decay,1544000,28.99,87.35,1008.23,29.70,75.22,1008.26,0,0,MANUAL,1,1,1,
2026-09-25 19:35:57,A1-decay,1545000,29.00,87.53,1008.22,29.69,74.96,1008.23,0,0,MANUAL,1,1,1,
2026-09-25 19:35:58,A1-decay,1546000,28.99,87.11,1008.23,29.70,75.29,1008.30,0,0,MANUAL,1,1,1,
2026-09-25 19:35:59,A1-decay,1547000,28.99,87.52,1008.23,29.70,75.05,1008.24,0,0,MANUAL,1,1,1,
2026-09-25 19:36:00,A1-decay,1548000,28.98,87.52,1008.30,29.71,75.12,1008.28,0,0,MANUAL,1,1,1,
2026-09-25 19:36:01,A1-decay,1549000,28.99,87.60,1008.28,29.71,75.10,1008.22,0,0,MANUAL,1,1,1,
2026-09-25 19:36:02,A1-decay,1550000,29.00,87.25,1008.28,29.71,75.08,1008.29,0,0,MANUAL,1,1,1,
2026-09-25 19:36:03,A1-decay,1551000,29.00,87.19,1008.24,29.71,75.17,1008.31,0,0,MANUAL,1,1,1,
2026-09-25 19:36:04,A1-decay,1552000,28.98,87.14,1008.25,29.71,75.14,1008.31,0,0,MANUAL,1,1,1,
2026-09-25 19:36:05,A1-decay,1553000,28.98,87.47,1008.28,29.73,75.19,1008.23,0,0,MANUAL,1,1,1,
2026-09-25 19:36:06,A1-decay,1554000,28.99,87.44,1008.29,29.72,75.13,1008.21,0,0,MANUAL,1,1,1,
2026-09-25 19:36:07,A1-decay,1555000,29.00,87.36,1008.24,29.72,75.14,1008.24,0,0,MANUAL,1,1,1,
2026-09-25 19:36:08,A1-decay,1556000,28.98,87.51,1008.25,29.72,74.91,1008.30,0,0,MANUAL,1,1,1,
2026-09-25 19:36:09,A1-decay,1557000,28.99,87.56,1008.26,29.73,75.03,1008.26,0,0,MANUAL,1,1,1,
2026-09-25 19:36:10,A1-decay,1558000,28.99,87.12,1008.26,29.73,75.10,1008.26,0,0,MANUAL,1,1,1,
2026-09-25 19:36:11,A1-decay,1559000,28.99,87.62,1008.23,29.73,75.04,1008.28,0,0,MANUAL,1,1,1,
2026-09-25 19:36:12,A1-decay,1560000,28.99,87.33,1008.21,29.73,75.20,1008.24,0,0,MANUAL,1,1,1,
2026-09-25 19:36:13,A1-decay,1561000,28.99,87.34,1008.23,29.74,74.94,1008.27,0,0,MANUAL,1,1,1,
2026-09-25 19:36:14,A1-decay,1562000,29.00,87.50,1008.24,29.73,74.88,1008.26,0,0,MANUAL,1,1,1,
2026-09-25 19:36:15,A1-decay,1563000,29.00,87.20,1008.27,29.74,74.99,1008.22,0,0,MANUAL,1,1,1,
2026-09-25 19:36:16,A1-decay,1564000,28.99,87.16,1008.26,29.74,75.00,1008.27,0,0,MANUAL,1,1,1,
2026-09-25 19:36:17,A1-decay,1565000,28.99,87.48,1008.23,29.74,75.00,1008.22,0,0,MANUAL,1,1,1,
2026-09-25 19:36:18,A1-decay,1566000,28.98,87.30,1008.25,29.74,75.26,1008.24,0,0,MANUAL,1,1,1,
2026-09-25 19:36:19,A1-decay,1567000,28.99,87.25,1008.26,29.74,74.97,1008.22,0,0,MANUAL,1,1,1,
2026-09-25 19:36:20,A1-decay,1568000,28.99,87.18,1008.23,29.74,75.05,1008.25,0,0,MANUAL,1,1,1,
2026-09-25 19:36:21,A1-decay,1569000,28.98,87.19,1008.25,29.74,75.12,1008.27,0,0,MANUAL,1,1,1,
2026-09-25 19:36:22,A1-decay,1570000,28.98,86.98,1008.22,29.74,75.19,1008.22,0,0,MANUAL,1,1,1,
2026-09-25 19:36:23,A1-decay,1571000,28.99,87.54,1008.21,29.74,75.09,1008.33,0,0,MANUAL,1,1,1,
2026-09-25 19:36:24,A1-decay,1572000,29.00,87.21,1008.24,29.75,74.78,1008.23,0,0,MANUAL,1,1,1,
2026-09-25 19:36:25,A1-decay,1573000,28.99,87.22,1008.18,29.76,75.06,1008.28,0,0,MANUAL,1,1,1,
2026-09-25 19:36:26,A1-decay,1574000,29.00,86.98,1008.24,29.75,74.97,1008.31,0,0,MANUAL,1,1,1,
2026-09-25 19:36:27,A1-decay,1575000,29.00,87.58,1008.19,29.76,74.98,1008.30,0,0,MANUAL,1,1,1,
2026-09-25 19:36:28,A1-decay,1576000,29.00,87.52,1008.24,29.76,75.07,1008.30,0,0,MANUAL,1,1,1,
2026-09-25 19:36:29,A1-decay,1577000,29.00,87.46,1008.27,29.75,74.98,1008.26,0,0,MANUAL,1,1,1,
2026-09-25 19:36:30,A1-decay,1578000,29.01,87.15,1008.29,29.75,75.14,1008.27,0,0,MANUAL,1,1,1,
2026-09-25 19:36:31,A1-decay,1579000,29.00,87.12,1008.22,29.76,75.00,1008.28,0,0,MANUAL,1,1,1,
2026-09-25 19:36:32,A1-decay,1580000,29.00,87.28,1008.24,29.76,74.96,1008.25,0,0,MANUAL,1,1,1,
2026-09-25 19:36:33,A1-decay,1581000,29.00,87.09,1008.25,29.76,75.13,1008.20,0,0,MANUAL,1,1,1,
2026-09-25 19:36:34,A1-decay,1582000,28.99,87.10,1008.21,29.77,75.00,1008.32,0,0,MANUAL,1,1,1,
2026-09-25 19:36:35,A1-decay,1583000,29.00,87.28,1008.27,29.76,74.90,1008.23,0,0,MANUAL,1,1,1,
2026-09-25 19:36:36,A1-decay,1584000,28.99,87.19,1008.21,29.78,75.12,1008.25,0,0,MANUAL,1,1,1,
2026-09-25 19:36:37,A1-decay,1585000,29.00,87.42,1008.25,29.77,75.03,1008.19,0,0,MANUAL,1,1,1,
2026-09-25 19:36:38,A1-decay,1586000,29.00,87.69,1008.24,29.78,74.93,1008.28,0,0,MANUAL,1,1,1,
2026-09-25 19:36:39,A1-decay,1587000,29.00,87.62,1008.19,29.79,74.93,1008.30,0,0,MANUAL,1,1,1,
2026-09-25 19:36:40,A1-decay,1588000,29.00,87.44,1008.24,29.78,75.14,1008.23,0,0,MANUAL,1,1,1,
2026-09-25 19:36:41,A1-decay,1589000,29.00,87.70,1008.21,29.79,75.09,1008.24,0,0,MANUAL,1,1,1,
2026-09-25 19:36:42,A1-decay,1590000,28.99,87.12,1008.26,29.79,74.94,1008.25,0,0,MANUAL,1,1,1,
2026-09-25 19:36:43,A1-decay,1591000,28.99,87.23,1008.21,29.80,74.79,1008.23,0,0,MANUAL,1,1,1,
2026-09-25 19:36:44,A1-decay,1592000,28.97,87.56,1008.20,29.79,75.01,1008.25,0,0,MANUAL,1,1,1,
2026-09-25 19:36:45,A1-decay,1593000,28.99,86.99,1008.20,29.80,75.05,1008.32,0,0,MANUAL,1,1,1,
2026-09-25 19:36:46,A1-decay,1594000,28.99,87.15,1008.28,29.80,74.75,1008.27,0,0,MANUAL,1,1,1,
2026-09-25 19:36:47,A1-decay,1595000,29.00,87.09,1008.30,29.82,74.83,1008.23,0,0,MANUAL,1,1,1,
2026-09-25 19:36:48,A1-decay,1596000,28.99,87.24,1008.18,29.81,75.01,1008.27,0,0,MANUAL,1,1,1,
2026-09-25 19:36:49,A1-decay,1597000,28.99,87.00,1008.26,29.82,75.04,1008.26,0,0,MANUAL,1,1,1,
2026-09-25 19:36:50,A1-decay,1598000,28.99,87.36,1008.26,29.81,74.90,1008.23,0,0,MANUAL,1,1,1,
2026-09-25 19:36:51,A1-decay,1599000,29.00,87.29,1008.21,29.81,74.90,1008.23,0,0,MANUAL,1,1,1,
2026-09-25 19:36:52,A1-decay,1600000,29.00,86.91,1008.21,29.82,74.93,1008.23,0,0,MANUAL,1,1,1,
2026-09-25 19:36:53,A1-decay,1601000,28.99,87.21,1008.29,29.82,74.87,1008.29,0,0,MANUAL,1,1,1,
2026-09-25 19:36:54,A1-decay,1602000,28.99,87.32,1008.26,29.82,74.88,1008.21,0,0,MANUAL,1,1,1,
2026-09-25 19:36:55,A1-decay,1603000,28.99,87.08,1008.26,29.82,74.95,1008.21,0,0,MANUAL,1,1,1,
2026-09-25 19:36:56,A1-decay,1604000,29.01,87.40,1008.23,29.82,74.87,1008.24,0,0,MANUAL,1,1,1,
2026-09-25 19:36:57,A1-decay,1605000,29.00,87.53,1008.19,29.83,74.88,1008.23,0,0,MANUAL,1,1,1,
2026-09-25 19:36:58,A1-decay,1606000,29.00,87.34,1008.22,29.82,74.60,1008.26,0,0,MANUAL,1,1,1,
2026-09-25 19:36:59,A1-decay,1607000,29.00,87.01,1008.21,29.84,74.85,1008.29,0,0,MANUAL,1,1,1,
2026-09-25 19:37:00,A1-decay,1608000,29.00,87.61,1008.21,29.82,74.96,1008.26,0,0,MANUAL,1,1,1,
2026-09-25 19:37:01,A1-decay,1609000,29.00,87.21,1008.22,29.82,74.78,1008.24,0,0,MANUAL,1,1,1,
2026-09-25 19:37:02,A1-decay,1610000,28.99,87.03,1008.23,29.82,74.84,1008.21,0,0,MANUAL,1,1,1,
2026-09-25 19:37:03,A1-decay,1611000,29.00,87.32,1008.19,29.83,74.83,1008.26,0,0,MANUAL,1,1,1,
2026-09-25 19:37:04,A1-decay,1612000,29.01,87.40,1008.24,29.82,74.73,1008.30,0,0,MANUAL,1,1,1,
2026-09-25 19:37:05,A1-decay,1613000,29.00,87.37,1008.22,29.82,74.81,1008.29,0,0,MANUAL,1,1,1,
2026-09-25 19:37:06,A1-decay,1614000,29.01,87.30,1008.27,29.83,74.89,1008.26,0,0,MANUAL,1,1,1,
2026-09-25 19:37:07,A1-decay,1615000,29.01,87.61,1008.24,29.82,74.82,1008.29,0,0,MANUAL,1,1,1,
2026-09-25 19:37:08,A1-decay,1616000,29.01,87.05,1008.24,29.82,74.77,1008.37,0,0,MANUAL,1,1,1,
2026-09-25 19:37:09,A1-decay,1617000,29.00,87.14,1008.19,29.84,74.89,1008.27,0,0,MANUAL,1,1,1,
2026-09-25 19:37:10,A1-decay,1618000,28.99,87.05,1008.23,29.82,74.84,1008.30,0,0,MANUAL,1,1,1,
2026-09-25 19:37:11,A1-decay,1619000,29.00,87.10,1008.24,29.82,74.95,1008.29,0,0,MANUAL,1,1,1,
2026-09-25 19:37:12,A1-decay,1620000,29.01,87.48,1008.23,29.82,74.84,1008.29,0,0,MANUAL,1,1,1,
2026-09-25 19:37:13,A1-decay,1621000,29.00,86.94,1008.25,29.83,74.93,1008.31,0,0,MANUAL,1,1,1,
2026-09-25 19:37:13,A2-baseline,,,,,,,,,,,,,,MARK  A2-baseline
2026-09-25 19:37:14,A2-baseline,1622000,29.01,87.24,1008.26,29.82,74.51,1008.26,0,0,MANUAL,1,1,1,
2026-09-25 19:37:15,A2-baseline,1623000,29.01,87.48,1008.20,29.83,74.99,1008.31,0,0,MANUAL,1,1,1,
2026-09-25 19:37:16,A2-baseline,1624000,29.00,87.34,1008.21,29.82,74.87,1008.29,0,0,MANUAL,1,1,1,
2026-09-25 19:37:17,A2-baseline,1625000,28.99,86.97,1008.23,29.81,74.82,1008.28,0,0,MANUAL,1,1,1,
2026-09-25 19:37:18,A2-baseline,1626000,29.00,87.27,1008.28,29.81,74.96,1008.25,0,0,MANUAL,1,1,1,
2026-09-25 19:37:19,A2-baseline,1627000,28.99,87.01,1008.21,29.81,74.71,1008.27,0,0,MANUAL,1,1,1,
2026-09-25 19:37:20,A2-baseline,1628000,29.00,87.05,1008.24,29.82,75.00,1008.26,0,0,MANUAL,1,1,1,
2026-09-25 19:37:21,A2-baseline,1629000,29.02,87.04,1008.26,29.82,74.89,1008.32,0,0,MANUAL,1,1,1,
2026-09-25 19:37:22,A2-baseline,1630000,28.99,87.06,1008.26,29.81,74.79,1008.28,0,0,MANUAL,1,1,1,
2026-09-25 19:37:23,A2-baseline,1631000,28.99,86.82,1008.29,29.82,74.93,1008.34,0,0,MANUAL,1,1,1,
2026-09-25 19:37:24,A2-baseline,1632000,29.00,86.77,1008.27,29.81,74.94,1008.25,0,0,MANUAL,1,1,1,
2026-09-25 19:37:25,A2-baseline,1633000,28.98,86.65,1008.25,29.82,74.96,1008.23,0,0,MANUAL,1,1,1,
2026-09-25 19:37:26,A2-baseline,1634000,28.98,86.81,1008.22,29.82,74.93,1008.26,0,0,MANUAL,1,1,1,
2026-09-25 19:37:27,A2-baseline,1635000,29.01,87.04,1008.23,29.80,74.90,1008.27,0,0,MANUAL,1,1,1,
2026-09-25 19:37:28,A2-baseline,1636000,29.01,86.72,1008.23,29.81,74.86,1008.25,0,0,MANUAL,1,1,1,
2026-09-25 19:37:29,A2-baseline,1637000,29.00,86.73,1008.28,29.81,74.90,1008.19,0,0,MANUAL,1,1,1,
2026-09-25 19:37:30,A2-baseline,1638000,29.00,86.98,1008.27,29.82,74.86,1008.29,0,0,MANUAL,1,1,1,
2026-09-25 19:37:31,A2-baseline,1639000,29.00,86.65,1008.22,29.82,74.73,1008.26,0,0,MANUAL,1,1,1,
2026-09-25 19:37:32,A2-baseline,1640000,29.01,86.97,1008.29,29.82,74.78,1008.26,0,0,MANUAL,1,1,1,
2026-09-25 19:37:33,A2-baseline,1641000,29.00,86.55,1008.27,29.82,74.74,1008.23,0,0,MANUAL,1,1,1,
2026-09-25 19:37:34,A2-baseline,1642000,28.99,86.98,1008.21,29.82,74.80,1008.26,0,0,MANUAL,1,1,1,
2026-09-25 19:37:35,A2-baseline,1643000,29.00,86.64,1008.24,29.81,74.69,1008.25,0,0,MANUAL,1,1,1,
2026-09-25 19:37:36,A2-baseline,1644000,29.01,86.90,1008.26,29.81,74.79,1008.25,0,0,MANUAL,1,1,1,
2026-09-25 19:37:37,A2-baseline,1645000,29.01,86.67,1008.23,29.81,74.84,1008.25,0,0,MANUAL,1,1,1,
2026-09-25 19:37:38,A2-baseline,1646000,29.00,86.74,1008.22,29.81,74.81,1008.30,0,0,MANUAL,1,1,1,
2026-09-25 19:37:38,A2-baseline,1647000,29.00,86.72,1008.22,29.81,74.95,1008.25,0,0,MANUAL,1,1,1,
2026-09-25 19:37:40,A2-baseline,1648000,29.00,87.05,1008.19,29.81,74.76,1008.33,0,0,MANUAL,1,1,1,
2026-09-25 19:37:41,A2-baseline,1649000,29.02,87.09,1008.25,29.81,74.81,1008.30,0,0,MANUAL,1,1,1,
2026-09-25 19:37:42,A2-baseline,1650000,29.01,87.06,1008.27,29.81,74.79,1008.33,0,0,MANUAL,1,1,1,
2026-09-25 19:37:43,A2-baseline,1651000,29.02,86.93,1008.28,29.81,74.80,1008.34,0,0,MANUAL,1,1,1,
2026-09-25 19:37:44,A2-baseline,1652000,29.01,86.80,1008.26,29.81,74.91,1008.31,0,0,MANUAL,1,1,1,
2026-09-25 19:37:45,A2-baseline,1653000,29.02,86.93,1008.25,29.81,74.81,1008.25,0,0,MANUAL,1,1,1,
2026-09-25 19:37:46,A2-baseline,1654000,29.00,86.53,1008.28,29.80,74.86,1008.23,0,0,MANUAL,1,1,1,
2026-09-25 19:37:46,A2-baseline,1655000,29.01,86.90,1008.23,29.81,74.72,1008.27,0,0,MANUAL,1,1,1,
2026-09-25 19:37:48,A2-baseline,1656000,29.01,86.77,1008.24,29.80,74.80,1008.27,0,0,MANUAL,1,1,1,
2026-09-25 19:37:49,A2-baseline,1657000,29.02,87.05,1008.28,29.80,75.01,1008.20,0,0,MANUAL,1,1,1,
2026-09-25 19:37:50,A2-baseline,1658000,29.02,87.17,1008.28,29.80,74.95,1008.26,0,0,MANUAL,1,1,1,
2026-09-25 19:37:51,A2-baseline,1659000,29.00,86.97,1008.19,29.81,74.74,1008.33,0,0,MANUAL,1,1,1,
2026-09-25 19:37:52,A2-baseline,1660000,29.02,86.75,1008.28,29.80,74.83,1008.31,0,0,MANUAL,1,1,1,
2026-09-25 19:37:53,A2-baseline,1661000,29.02,86.71,1008.25,29.80,74.89,1008.32,0,0,MANUAL,1,1,1,
2026-09-25 19:37:54,A2-baseline,1662000,29.02,86.74,1008.28,29.80,74.71,1008.26,0,0,MANUAL,1,1,1,
2026-09-25 19:37:55,A2-baseline,1663000,29.02,87.07,1008.22,29.80,74.83,1008.28,0,0,MANUAL,1,1,1,
2026-09-25 19:37:56,A2-baseline,1664000,29.02,86.81,1008.23,29.79,74.77,1008.30,0,0,MANUAL,1,1,1,
2026-09-25 19:37:57,A2-baseline,1665000,29.01,86.81,1008.23,29.79,74.91,1008.30,0,0,MANUAL,1,1,1,
2026-09-25 19:37:58,A2-baseline,1666000,29.01,86.99,1008.24,29.80,74.77,1008.26,0,0,MANUAL,1,1,1,
2026-09-25 19:37:59,A2-baseline,1667000,29.02,87.08,1008.19,29.80,74.73,1008.35,0,0,MANUAL,1,1,1,
2026-09-25 19:38:00,A2-baseline,1668000,29.01,86.97,1008.34,29.79,74.81,1008.30,0,0,MANUAL,1,1,1,
2026-09-25 19:38:01,A2-baseline,1669000,29.02,87.07,1008.28,29.79,74.96,1008.35,0,0,MANUAL,1,1,1,
2026-09-25 19:38:02,A2-baseline,1670000,29.01,87.07,1008.24,29.79,75.07,1008.28,0,0,MANUAL,1,1,1,
2026-09-25 19:38:03,A2-baseline,1671000,29.01,86.69,1008.23,29.79,75.01,1008.30,0,0,MANUAL,1,1,1,
2026-09-25 19:38:04,A2-baseline,1672000,29.01,86.81,1008.26,29.78,74.73,1008.29,0,0,MANUAL,1,1,1,
2026-09-25 19:38:05,A2-baseline,1673000,29.01,86.46,1008.24,29.79,75.05,1008.30,0,0,MANUAL,1,1,1,
2026-09-25 19:38:06,A2-baseline,1674000,29.02,86.96,1008.36,29.78,74.91,1008.34,0,0,MANUAL,1,1,1,
2026-09-25 19:38:07,A2-baseline,1675000,29.01,86.44,1008.32,29.78,74.92,1008.23,0,0,MANUAL,1,1,1,
2026-09-25 19:38:08,A2-baseline,1676000,29.00,86.96,1008.27,29.78,74.97,1008.34,0,0,MANUAL,1,1,1,
2026-09-25 19:38:09,A2-baseline,1677000,29.01,86.41,1008.24,29.78,74.92,1008.31,0,0,MANUAL,1,1,1,
2026-09-25 19:38:10,A2-baseline,1678000,29.01,86.77,1008.21,29.78,75.04,1008.28,0,0,MANUAL,1,1,1,
2026-09-25 19:38:11,A2-baseline,1679000,29.01,86.38,1008.32,29.78,74.93,1008.22,0,0,MANUAL,1,1,1,
2026-09-25 19:38:12,A2-baseline,1680000,29.03,86.63,1008.21,29.76,75.07,1008.26,0,0,MANUAL,1,1,1,
2026-09-25 19:38:13,A2-baseline,1681000,29.02,86.72,1008.28,29.78,74.84,1008.28,0,0,MANUAL,1,1,1,
2026-09-25 19:38:14,A2-baseline,1682000,29.01,86.66,1008.32,29.77,74.96,1008.27,0,0,MANUAL,1,1,1,
2026-09-25 19:38:15,A2-baseline,1683000,29.02,86.52,1008.25,29.78,74.83,1008.34,0,0,MANUAL,1,1,1,
2026-09-25 19:38:16,A2-baseline,1684000,29.02,86.95,1008.25,29.78,74.80,1008.29,0,0,MANUAL,1,1,1,
2026-09-25 19:38:17,A2-baseline,1685000,29.02,86.81,1008.23,29.77,74.95,1008.22,0,0,MANUAL,1,1,1,
2026-09-25 19:38:18,A2-baseline,1686000,29.01,86.55,1008.27,29.77,74.89,1008.24,0,0,MANUAL,1,1,1,
2026-09-25 19:38:19,A2-baseline,1687000,29.01,86.76,1008.26,29.78,74.76,1008.28,0,0,MANUAL,1,1,1,
2026-09-25 19:38:20,A2-baseline,1688000,29.02,86.66,1008.28,29.78,74.99,1008.28,0,0,MANUAL,1,1,1,
2026-09-25 19:38:21,A2-baseline,1689000,29.02,86.79,1008.26,29.78,75.07,1008.28,0,0,MANUAL,1,1,1,
2026-09-25 19:38:22,A2-baseline,1690000,29.01,86.53,1008.29,29.77,74.94,1008.24,0,0,MANUAL,1,1,1,
2026-09-25 19:38:23,A2-baseline,1691000,29.02,86.82,1008.26,29.78,75.01,1008.32,0,0,MANUAL,1,1,1,
2026-09-25 19:38:24,A2-baseline,1692000,29.01,86.63,1008.30,29.78,74.80,1008.34,0,0,MANUAL,1,1,1,
2026-09-25 19:38:25,A2-baseline,1693000,29.02,86.58,1008.30,29.79,74.92,1008.30,0,0,MANUAL,1,1,1,
2026-09-25 19:38:26,A2-baseline,1694000,29.03,86.63,1008.24,29.79,74.78,1008.24,0,0,MANUAL,1,1,1,
2026-09-25 19:38:27,A2-baseline,1695000,29.02,86.72,1008.25,29.78,74.97,1008.29,0,0,MANUAL,1,1,1,
2026-09-25 19:38:28,A2-baseline,1696000,29.02,86.50,1008.25,29.78,74.92,1008.29,0,0,MANUAL,1,1,1,
2026-09-25 19:38:29,A2-baseline,1697000,29.03,86.87,1008.32,29.79,74.95,1008.30,0,0,MANUAL,1,1,1,
2026-09-25 19:38:30,A2-baseline,1698000,29.03,86.96,1008.26,29.79,75.00,1008.24,0,0,MANUAL,1,1,1,
2026-09-25 19:38:31,A2-baseline,1699000,29.02,86.44,1008.28,29.79,74.83,1008.27,0,0,MANUAL,1,1,1,
2026-09-25 19:38:32,A2-baseline,1700000,29.02,86.89,1008.31,29.79,74.92,1008.33,0,0,MANUAL,1,1,1,
2026-09-25 19:38:33,A2-baseline,1701000,29.03,86.73,1008.32,29.79,74.92,1008.33,0,0,MANUAL,1,1,1,
2026-09-25 19:38:34,A2-baseline,1702000,29.03,86.81,1008.21,29.79,74.87,1008.27,0,0,MANUAL,1,1,1,
2026-09-25 19:38:35,A2-baseline,1703000,29.03,86.98,1008.29,29.79,74.68,1008.24,0,0,MANUAL,1,1,1,
2026-09-25 19:38:36,A2-baseline,1704000,29.03,86.51,1008.22,29.79,74.85,1008.30,0,0,MANUAL,1,1,1,
2026-09-25 19:38:37,A2-baseline,1705000,29.02,86.58,1008.26,29.80,75.00,1008.34,0,0,MANUAL,1,1,1,
2026-09-25 19:38:38,A2-baseline,1706000,29.03,86.97,1008.26,29.79,75.00,1008.32,0,0,MANUAL,1,1,1,
2026-09-25 19:38:39,A2-baseline,1707000,29.02,87.05,1008.17,29.79,74.86,1008.30,0,0,MANUAL,1,1,1,
2026-09-25 19:38:40,A2-baseline,1708000,29.03,86.50,1008.27,29.79,74.79,1008.33,0,0,MANUAL,1,1,1,
2026-09-25 19:38:41,A2-baseline,1709000,29.03,87.11,1008.32,29.79,74.83,1008.30,0,0,MANUAL,1,1,1,
2026-09-25 19:38:42,A2-baseline,1710000,29.03,86.71,1008.24,29.79,74.82,1008.30,0,0,MANUAL,1,1,1,
2026-09-25 19:38:43,A2-baseline,1711000,29.03,87.06,1008.27,29.79,75.00,1008.30,0,0,MANUAL,1,1,1,
2026-09-25 19:38:44,A2-baseline,1712000,29.04,86.62,1008.32,29.79,75.09,1008.27,0,0,MANUAL,1,1,1,
2026-09-25 19:38:45,A2-baseline,1713000,29.02,86.89,1008.31,29.79,74.92,1008.25,0,0,MANUAL,1,1,1,
2026-09-25 19:38:46,A2-baseline,1714000,29.03,86.97,1008.24,29.80,74.89,1008.29,0,0,MANUAL,1,1,1,
2026-09-25 19:38:47,A2-baseline,1715000,29.02,87.01,1008.31,29.80,74.98,1008.28,0,0,MANUAL,1,1,1,
2026-09-25 19:38:48,A2-baseline,1716000,29.02,87.00,1008.31,29.80,74.90,1008.31,0,0,MANUAL,1,1,1,
2026-09-25 19:38:49,A2-baseline,1717000,29.03,86.97,1008.32,29.80,75.00,1008.26,0,0,MANUAL,1,1,1,
2026-09-25 19:38:50,A2-baseline,1718000,29.03,86.90,1008.38,29.80,75.04,1008.31,0,0,MANUAL,1,1,1,
2026-09-25 19:38:51,A2-baseline,1719000,29.03,87.06,1008.27,29.80,74.72,1008.31,0,0,MANUAL,1,1,1,
2026-09-25 19:38:52,A2-baseline,1720000,29.03,86.96,1008.27,29.79,75.11,1008.36,0,0,MANUAL,1,1,1,
2026-09-25 19:38:53,A2-baseline,1721000,29.03,87.00,1008.26,29.80,74.80,1008.35,0,0,MANUAL,1,1,1,
2026-09-25 19:38:54,A2-baseline,1722000,29.02,87.02,1008.31,29.79,74.75,1008.25,0,0,MANUAL,1,1,1,
2026-09-25 19:38:55,A2-baseline,1723000,29.03,86.67,1008.32,29.80,75.04,1008.27,0,0,MANUAL,1,1,1,
2026-09-25 19:38:56,A2-baseline,1724000,29.02,86.99,1008.28,29.80,74.93,1008.34,0,0,MANUAL,1,1,1,
2026-09-25 19:38:57,A2-baseline,1725000,29.03,87.03,1008.22,29.80,74.82,1008.37,0,0,MANUAL,1,1,1,
2026-09-25 19:38:58,A2-baseline,1726000,29.02,86.76,1008.31,29.80,74.86,1008.34,0,0,MANUAL,1,1,1,
2026-09-25 19:38:59,A2-baseline,1727000,29.02,86.76,1008.31,29.81,74.89,1008.33,0,0,MANUAL,1,1,1,
2026-09-25 19:39:00,A2-baseline,1728000,29.03,86.52,1008.32,29.80,74.83,1008.32,0,0,MANUAL,1,1,1,
2026-09-25 19:39:01,A2-baseline,1729000,29.03,87.00,1008.29,29.80,74.96,1008.31,0,0,MANUAL,1,1,1,
2026-09-25 19:39:02,A2-baseline,1730000,29.03,87.08,1008.32,29.80,74.88,1008.34,0,0,MANUAL,1,1,1,
2026-09-25 19:39:02,A2-baseline,1731000,29.03,86.61,1008.33,29.80,74.75,1008.31,0,0,MANUAL,1,1,1,
2026-09-25 19:39:04,A2-baseline,1732000,29.03,87.09,1008.32,29.80,74.91,1008.31,0,0,MANUAL,1,1,1,
2026-09-25 19:39:05,A2-baseline,1733000,29.03,86.94,1008.36,29.80,74.81,1008.31,0,0,MANUAL,1,1,1,
2026-09-25 19:39:06,A2-baseline,1734000,29.01,87.09,1008.30,29.81,74.79,1008.36,0,0,MANUAL,1,1,1,
2026-09-25 19:39:07,A2-baseline,1735000,29.02,87.06,1008.30,29.80,74.75,1008.37,0,0,MANUAL,1,1,1,
2026-09-25 19:39:08,A2-baseline,1736000,29.03,86.63,1008.32,29.80,74.88,1008.37,0,0,MANUAL,1,1,1,
2026-09-25 19:39:09,A2-baseline,1737000,29.00,86.58,1008.34,29.80,74.75,1008.34,0,0,MANUAL,1,1,1,
2026-09-25 19:39:10,A2-baseline,1738000,29.02,86.79,1008.33,29.80,74.88,1008.31,0,0,MANUAL,1,1,1,
2026-09-25 19:39:11,A2-baseline,1739000,29.02,86.81,1008.31,29.80,74.91,1008.32,0,0,MANUAL,1,1,1,
2026-09-25 19:39:12,A2-baseline,1740000,29.02,86.36,1008.28,29.80,74.79,1008.29,0,0,MANUAL,1,1,1,
2026-09-25 19:39:13,A2-baseline,1741000,29.03,86.74,1008.30,29.80,74.98,1008.32,0,0,MANUAL,1,1,1,
2026-09-25 19:39:14,A2-baseline,1742000,29.02,86.51,1008.28,29.81,75.09,1008.33,0,0,MANUAL,1,1,1,
2026-09-25 19:39:15,A2-baseline,1743000,29.01,86.25,1008.32,29.80,74.96,1008.34,0,0,MANUAL,1,1,1,
2026-09-25 19:39:16,A2-baseline,1744000,29.02,86.84,1008.33,29.80,74.94,1008.32,0,0,MANUAL,1,1,1,
2026-09-25 19:39:17,A2-baseline,1745000,29.01,86.63,1008.32,29.80,74.84,1008.34,0,0,MANUAL,1,1,1,
2026-09-25 19:39:18,A2-baseline,1746000,29.02,86.46,1008.34,29.80,75.01,1008.31,0,0,MANUAL,1,1,1,
2026-09-25 19:39:19,A2-baseline,1747000,29.03,86.52,1008.26,29.80,74.91,1008.34,0,0,MANUAL,1,1,1,
2026-09-25 19:39:20,A2-baseline,1748000,29.02,86.77,1008.36,29.80,74.92,1008.35,0,0,MANUAL,1,1,1,
2026-09-25 19:39:21,A2-baseline,1749000,29.02,86.59,1008.37,29.80,74.75,1008.31,0,0,MANUAL,1,1,1,
2026-09-25 19:39:22,A2-baseline,1750000,29.02,86.40,1008.30,29.79,74.95,1008.30,0,0,MANUAL,1,1,1,
2026-09-25 19:39:23,A2-baseline,1751000,29.03,86.62,1008.38,29.80,74.75,1008.38,0,0,MANUAL,1,1,1,
2026-09-25 19:39:24,A2-baseline,1752000,29.03,87.03,1008.27,29.80,74.82,1008.31,0,0,MANUAL,1,1,1,
2026-09-25 19:39:25,A2-baseline,1753000,29.04,86.90,1008.29,29.80,74.90,1008.35,0,0,MANUAL,1,1,1,
2026-09-25 19:39:26,A2-baseline,1754000,29.03,86.86,1008.30,29.80,74.96,1008.31,0,0,MANUAL,1,1,1,
2026-09-25 19:39:27,A2-baseline,1755000,29.04,86.87,1008.36,29.80,74.90,1008.28,0,0,MANUAL,1,1,1,
2026-09-25 19:39:28,A2-baseline,1756000,29.05,86.86,1008.32,29.79,74.89,1008.30,0,0,MANUAL,1,1,1,
2026-09-25 19:39:29,A2-baseline,1757000,29.03,87.14,1008.32,29.80,74.88,1008.28,0,0,MANUAL,1,1,1,
2026-09-25 19:39:30,A2-baseline,1758000,29.03,86.51,1008.26,29.80,74.92,1008.37,0,0,MANUAL,1,1,1,
2026-09-25 19:39:31,A2-baseline,1759000,29.03,86.49,1008.30,29.80,74.88,1008.37,0,0,MANUAL,1,1,1,
2026-09-25 19:39:32,A2-baseline,1760000,29.04,86.92,1008.34,29.80,75.11,1008.31,0,0,MANUAL,1,1,1,
2026-09-25 19:39:33,A2-baseline,1761000,29.02,87.14,1008.37,29.80,74.94,1008.34,0,0,MANUAL,1,1,1,
2026-09-25 19:39:34,A2-baseline,1762000,29.02,86.99,1008.28,29.80,74.76,1008.31,0,0,MANUAL,1,1,1,
2026-09-25 19:39:35,A2-baseline,1763000,29.04,86.42,1008.32,29.79,74.85,1008.28,0,0,MANUAL,1,1,1,
2026-09-25 19:39:36,A2-baseline,1764000,29.04,86.60,1008.34,29.79,75.01,1008.30,0,0,MANUAL,1,1,1,
2026-09-25 19:39:37,A2-baseline,1765000,29.05,86.81,1008.30,29.79,74.89,1008.28,0,0,MANUAL,1,1,1,
2026-09-25 19:39:38,A2-baseline,1766000,29.04,86.76,1008.32,29.80,74.94,1008.28,0,0,MANUAL,1,1,1,
2026-09-25 19:39:39,A2-baseline,1767000,29.05,87.02,1008.33,29.80,74.88,1008.29,0,0,MANUAL,1,1,1,
2026-09-25 19:39:40,A2-baseline,1768000,29.03,86.83,1008.36,29.80,74.98,1008.32,0,0,MANUAL,1,1,1,
2026-09-25 19:39:41,A2-baseline,1769000,29.04,87.04,1008.25,29.80,74.80,1008.31,0,0,MANUAL,1,1,1,
2026-09-25 19:39:42,A2-baseline,1770000,29.04,86.89,1008.32,29.80,74.93,1008.37,0,0,MANUAL,1,1,1,
2026-09-25 19:39:43,A2-baseline,1771000,29.04,86.96,1008.29,29.81,74.89,1008.33,0,0,MANUAL,1,1,1,
2026-09-25 19:39:44,A2-baseline,1772000,29.04,86.67,1008.37,29.80,74.91,1008.29,0,0,MANUAL,1,1,1,
2026-09-25 19:39:45,A2-baseline,1773000,29.03,86.53,1008.27,29.81,74.95,1008.39,0,0,MANUAL,1,1,1,
2026-09-25 19:39:46,A2-baseline,1774000,29.04,86.78,1008.34,29.81,74.89,1008.33,0,0,MANUAL,1,1,1,
2026-09-25 19:39:47,A2-baseline,1775000,29.04,87.11,1008.32,29.80,74.76,1008.32,0,0,MANUAL,1,1,1,
2026-09-25 19:39:48,A2-baseline,1776000,29.05,86.46,1008.32,29.81,74.88,1008.33,0,0,MANUAL,1,1,1,
2026-09-25 19:39:49,A2-baseline,1777000,29.04,86.66,1008.32,29.81,74.84,1008.41,0,0,MANUAL,1,1,1,
2026-09-25 19:39:50,A2-baseline,1778000,29.02,86.46,1008.28,29.80,74.95,1008.35,0,0,MANUAL,1,1,1,
2026-09-25 19:39:51,A2-baseline,1779000,29.02,86.63,1008.37,29.81,74.83,1008.33,0,0,MANUAL,1,1,1,
2026-09-25 19:39:52,A2-baseline,1780000,29.02,86.36,1008.31,29.81,74.72,1008.36,0,0,MANUAL,1,1,1,
2026-09-25 19:39:53,A2-baseline,1781000,29.02,86.22,1008.40,29.82,74.87,1008.29,0,0,MANUAL,1,1,1,
2026-09-25 19:39:54,A2-baseline,1782000,29.02,86.34,1008.31,29.81,74.81,1008.27,0,0,MANUAL,1,1,1,
2026-09-25 19:39:55,A2-baseline,1783000,29.03,86.65,1008.30,29.81,74.91,1008.33,0,0,MANUAL,1,1,1,
2026-09-25 19:39:56,A2-baseline,1784000,29.03,86.16,1008.36,29.81,74.95,1008.31,0,0,MANUAL,1,1,1,
2026-09-25 19:39:57,A2-baseline,1785000,29.04,86.32,1008.34,29.81,74.90,1008.33,0,0,MANUAL,1,1,1,
2026-09-25 19:39:58,A2-baseline,1786000,29.04,86.70,1008.37,29.81,75.12,1008.34,0,0,MANUAL,1,1,1,
2026-09-25 19:39:59,A2-baseline,1787000,29.03,86.62,1008.30,29.81,74.79,1008.28,0,0,MANUAL,1,1,1,
2026-09-25 19:40:00,A2-baseline,1788000,29.04,86.77,1008.31,29.82,74.81,1008.37,0,0,MANUAL,1,1,1,
2026-09-25 19:40:01,A2-baseline,1789000,29.04,86.73,1008.37,29.81,74.86,1008.39,0,0,MANUAL,1,1,1,
2026-09-25 19:40:02,A2-baseline,1790000,29.03,86.59,1008.33,29.81,74.73,1008.36,0,0,MANUAL,1,1,1,
2026-09-25 19:40:03,A2-baseline,1791000,29.03,86.38,1008.29,29.81,74.96,1008.36,0,0,MANUAL,1,1,1,
2026-09-25 19:40:04,A2-baseline,1792000,29.04,86.72,1008.36,29.81,75.07,1008.45,0,0,MANUAL,1,1,1,
2026-09-25 19:40:05,A2-baseline,1793000,29.03,86.51,1008.36,29.81,74.92,1008.36,0,0,MANUAL,1,1,1,
2026-09-25 19:40:06,A2-baseline,1794000,29.04,86.65,1008.40,29.82,74.95,1008.32,0,0,MANUAL,1,1,1,
2026-09-25 19:40:07,A2-baseline,1795000,29.04,86.43,1008.34,29.81,74.94,1008.33,0,0,MANUAL,1,1,1,
2026-09-25 19:40:08,A2-baseline,1796000,29.05,86.56,1008.41,29.81,74.70,1008.34,0,0,MANUAL,1,1,1,
2026-09-25 19:40:09,A2-baseline,1797000,29.04,86.50,1008.37,29.80,75.03,1008.32,0,0,MANUAL,1,1,1,
2026-09-25 19:40:10,A2-baseline,1798000,29.03,86.37,1008.32,29.81,74.95,1008.28,0,0,MANUAL,1,1,1,
2026-09-25 19:40:11,A2-baseline,1799000,29.02,85.88,1008.36,29.82,74.87,1008.43,0,0,MANUAL,1,1,1,
2026-09-25 19:40:12,A2-baseline,1800000,29.03,86.41,1008.33,29.81,74.92,1008.39,0,0,MANUAL,1,1,1,
2026-09-25 19:40:13,A2-baseline,1801000,29.04,85.97,1008.34,29.81,75.07,1008.38,0,0,MANUAL,1,1,1,
2026-09-25 19:40:14,A2-baseline,1802000,29.04,86.55,1008.32,29.81,75.06,1008.34,0,0,MANUAL,1,1,1,
2026-09-25 19:40:15,A2-baseline,1803000,29.04,86.49,1008.32,29.81,75.04,1008.36,0,0,MANUAL,1,1,1,
2026-09-25 19:40:16,A2-baseline,1804000,29.04,86.04,1008.39,29.81,74.78,1008.34,0,0,MANUAL,1,1,1,
2026-09-25 19:40:17,A2-baseline,1805000,29.05,86.63,1008.33,29.81,74.82,1008.34,0,0,MANUAL,1,1,1,
2026-09-25 19:40:18,A2-baseline,1806000,29.05,86.67,1008.42,29.81,74.73,1008.36,0,0,MANUAL,1,1,1,
2026-09-25 19:40:19,A2-baseline,1807000,29.04,86.34,1008.34,29.82,74.83,1008.34,0,0,MANUAL,1,1,1,
2026-09-25 19:40:20,A2-baseline,1808000,29.03,85.88,1008.33,29.81,74.71,1008.39,0,0,MANUAL,1,1,1,
2026-09-25 19:40:21,A2-baseline,1809000,29.02,86.29,1008.37,29.81,74.92,1008.36,0,0,MANUAL,1,1,1,
2026-09-25 19:40:22,A2-baseline,1810000,29.04,86.18,1008.31,29.82,74.84,1008.35,0,0,MANUAL,1,1,1,
2026-09-25 19:40:23,A2-baseline,1811000,29.05,86.22,1008.36,29.82,74.74,1008.37,0,0,MANUAL,1,1,1,
2026-09-25 19:40:24,A2-baseline,1812000,29.04,86.69,1008.34,29.82,74.91,1008.32,0,0,MANUAL,1,1,1,
2026-09-25 19:40:25,A2-baseline,1813000,29.05,86.49,1008.35,29.82,74.99,1008.40,0,0,MANUAL,1,1,1,
2026-09-25 19:40:26,A2-baseline,1814000,29.04,86.84,1008.31,29.81,74.82,1008.39,0,0,MANUAL,1,1,1,
2026-09-25 19:40:27,A2-baseline,1815000,29.05,86.64,1008.35,29.81,75.07,1008.30,0,0,MANUAL,1,1,1,
2026-09-25 19:40:28,A2-baseline,1816000,29.05,86.37,1008.36,29.82,74.91,1008.40,0,0,MANUAL,1,1,1,
2026-09-25 19:40:29,A2-baseline,1817000,29.06,86.80,1008.32,29.82,74.81,1008.37,0,0,MANUAL,1,1,1,
2026-09-25 19:40:30,A2-baseline,1818000,29.06,86.84,1008.37,29.82,74.80,1008.40,0,0,MANUAL,1,1,1,
2026-09-25 19:40:31,A2-baseline,1819000,29.06,86.47,1008.40,29.81,74.84,1008.36,0,0,MANUAL,1,1,1,
2026-09-25 19:40:32,A2-baseline,1820000,29.05,86.57,1008.33,29.82,74.95,1008.40,0,0,MANUAL,1,1,1,
2026-09-25 19:40:33,A2-baseline,1821000,29.05,86.59,1008.35,29.82,74.87,1008.40,0,0,MANUAL,1,1,1,
2026-09-25 19:40:34,A2-baseline,1822000,29.06,86.79,1008.34,29.81,74.93,1008.36,0,0,MANUAL,1,1,1,
2026-09-25 19:40:35,A2-baseline,1823000,29.05,86.95,1008.39,29.82,74.77,1008.40,0,0,MANUAL,1,1,1,
2026-09-25 19:40:36,A2-baseline,1824000,29.06,86.43,1008.40,29.82,74.82,1008.37,0,0,MANUAL,1,1,1,
2026-09-25 19:40:37,A2-baseline,1825000,29.05,86.86,1008.36,29.81,74.78,1008.34,0,0,MANUAL,1,1,1,
2026-09-25 19:40:38,A2-baseline,1826000,29.04,86.60,1008.39,29.81,74.83,1008.36,0,0,MANUAL,1,1,1,
2026-09-25 19:40:39,A2-baseline,1827000,29.05,86.98,1008.38,29.81,74.74,1008.34,0,0,MANUAL,1,1,1,
2026-09-25 19:40:40,A2-baseline,1828000,29.06,86.55,1008.34,29.82,74.97,1008.43,0,0,MANUAL,1,1,1,
2026-09-25 19:40:41,A2-baseline,1829000,29.04,86.93,1008.32,29.81,74.80,1008.42,0,0,MANUAL,1,1,1,
2026-09-25 19:40:42,A2-baseline,1830000,29.05,86.41,1008.39,29.81,75.04,1008.34,0,0,MANUAL,1,1,1,
2026-09-25 19:40:43,A2-baseline,1831000,29.04,86.53,1008.37,29.81,74.89,1008.42,0,0,MANUAL,1,1,1,
2026-09-25 19:40:44,A2-baseline,1832000,29.03,86.75,1008.36,29.82,74.84,1008.40,0,0,MANUAL,1,1,1,
2026-09-25 19:40:45,A2-baseline,1833000,29.05,86.61,1008.32,29.81,74.90,1008.42,0,0,MANUAL,1,1,1,
2026-09-25 19:40:46,A2-baseline,1834000,29.05,86.72,1008.36,29.82,74.87,1008.43,0,0,MANUAL,1,1,1,
2026-09-25 19:40:47,A2-baseline,1835000,29.06,86.54,1008.42,29.81,74.88,1008.42,0,0,MANUAL,1,1,1,
2026-09-25 19:40:48,A2-baseline,1836000,29.05,86.29,1008.39,29.81,74.82,1008.50,0,0,MANUAL,1,1,1,
2026-09-25 19:40:49,A2-baseline,1837000,29.05,86.37,1008.42,29.82,74.83,1008.40,0,0,MANUAL,1,1,1,
2026-09-25 19:40:50,A2-baseline,1838000,29.05,86.63,1008.39,29.81,74.73,1008.38,0,0,MANUAL,1,1,1,
2026-09-25 19:40:51,A2-baseline,1839000,29.05,86.88,1008.36,29.81,74.84,1008.42,0,0,MANUAL,1,1,1,
2026-09-25 19:40:52,A2-baseline,1840000,29.06,86.26,1008.37,29.81,74.81,1008.39,0,0,MANUAL,1,1,1,
2026-09-25 19:40:53,A2-baseline,1841000,29.05,86.60,1008.35,29.81,74.83,1008.44,0,0,MANUAL,1,1,1,
2026-09-25 19:40:54,A2-baseline,1842000,29.05,86.34,1008.39,29.81,74.79,1008.36,0,0,MANUAL,1,1,1,
2026-09-25 19:40:55,A2-baseline,1843000,29.05,86.28,1008.39,29.81,74.76,1008.44,0,0,MANUAL,1,1,1,
2026-09-25 19:40:56,A2-baseline,1844000,29.04,86.53,1008.37,29.81,74.69,1008.44,0,0,MANUAL,1,1,1,
2026-09-25 19:40:57,A2-baseline,1845000,29.05,86.42,1008.42,29.82,74.91,1008.46,0,0,MANUAL,1,1,1,
2026-09-25 19:40:58,A2-baseline,1846000,29.06,86.70,1008.42,29.80,74.73,1008.37,0,0,MANUAL,1,1,1,
2026-09-25 19:40:59,A2-baseline,1847000,29.05,86.79,1008.39,29.81,74.73,1008.41,0,0,MANUAL,1,1,1,
2026-09-25 19:41:00,A2-baseline,1848000,29.05,86.65,1008.33,29.81,74.70,1008.38,0,0,MANUAL,1,1,1,
2026-09-25 19:41:01,A2-baseline,1849000,29.05,86.62,1008.39,29.81,74.71,1008.44,0,0,MANUAL,1,1,1,
2026-09-25 19:41:02,A2-baseline,1850000,29.05,86.31,1008.44,29.81,75.04,1008.41,0,0,MANUAL,1,1,1,
2026-09-25 19:41:03,A2-baseline,1851000,29.05,86.78,1008.39,29.80,74.82,1008.35,0,0,MANUAL,1,1,1,
2026-09-25 19:41:04,A2-baseline,1852000,29.06,86.36,1008.43,29.80,74.88,1008.43,0,0,MANUAL,1,1,1,
2026-09-25 19:41:05,A2-baseline,1853000,29.04,86.30,1008.39,29.81,75.08,1008.41,0,0,MANUAL,1,1,1,
2026-09-25 19:41:06,A2-baseline,1854000,29.05,86.54,1008.36,29.81,75.02,1008.39,0,0,MANUAL,1,1,1,
2026-09-25 19:41:07,A2-baseline,1855000,29.06,86.48,1008.34,29.81,74.93,1008.39,0,0,MANUAL,1,1,1,
2026-09-25 19:41:08,A2-baseline,1856000,29.05,86.81,1008.39,29.82,75.09,1008.40,0,0,MANUAL,1,1,1,
2026-09-25 19:41:09,A2-baseline,1857000,29.06,86.81,1008.41,29.81,75.08,1008.44,0,0,MANUAL,1,1,1,
2026-09-25 19:41:10,A2-baseline,1858000,29.06,86.51,1008.41,29.82,75.02,1008.34,0,0,MANUAL,1,1,1,
2026-09-25 19:41:11,A2-baseline,1859000,29.07,86.84,1008.44,29.82,74.80,1008.40,0,0,MANUAL,1,1,1,
2026-09-25 19:41:12,A2-baseline,1860000,29.06,86.75,1008.38,29.82,74.86,1008.35,0,0,MANUAL,1,1,1,
2026-09-25 19:41:13,A2-baseline,1861000,29.06,87.02,1008.35,29.84,74.76,1008.43,0,0,MANUAL,1,1,1,
2026-09-25 19:41:14,A2-baseline,1862000,29.06,86.81,1008.41,29.82,74.86,1008.41,0,0,MANUAL,1,1,1,
2026-09-25 19:41:15,A2-baseline,1863000,29.08,86.76,1008.40,29.84,74.89,1008.40,0,0,MANUAL,1,1,1,
2026-09-25 19:41:16,A2-baseline,1864000,29.06,86.81,1008.35,29.84,74.71,1008.46,0,0,MANUAL,1,1,1,
2026-09-25 19:41:17,A2-baseline,1865000,29.07,86.64,1008.41,29.84,74.99,1008.38,0,0,MANUAL,1,1,1,
2026-09-25 19:41:18,A2-baseline,1866000,29.06,86.60,1008.32,29.85,74.73,1008.45,0,0,MANUAL,1,1,1,
2026-09-25 19:41:19,A2-baseline,1867000,29.08,86.91,1008.34,29.84,74.86,1008.38,0,0,MANUAL,1,1,1,
2026-09-25 19:41:20,A2-baseline,1868000,29.06,86.75,1008.38,29.84,74.80,1008.41,0,0,MANUAL,1,1,1,
2026-09-25 19:41:21,A2-baseline,1869000,29.05,87.08,1008.45,29.85,74.80,1008.45,0,0,MANUAL,1,1,1,
2026-09-25 19:41:22,A2-baseline,1870000,29.06,86.85,1008.38,29.84,74.93,1008.44,0,0,MANUAL,1,1,1,
2026-09-25 19:41:23,A2-baseline,1871000,29.06,86.77,1008.35,29.86,74.60,1008.39,0,0,MANUAL,1,1,1,
2026-09-25 19:41:24,A2-baseline,1872000,29.08,86.79,1008.40,29.86,74.69,1008.49,0,0,MANUAL,1,1,1,
2026-09-25 19:41:25,A2-baseline,1873000,29.06,86.57,1008.38,29.86,74.59,1008.35,0,0,MANUAL,1,1,1,
2026-09-25 19:41:26,A2-baseline,1874000,29.07,86.75,1008.36,29.86,74.83,1008.44,0,0,MANUAL,1,1,1,
2026-09-25 19:41:27,A2-baseline,1875000,29.08,86.65,1008.41,29.86,74.81,1008.41,0,0,MANUAL,1,1,1,
2026-09-25 19:41:28,A2-baseline,1876000,29.08,86.76,1008.40,29.86,74.91,1008.38,0,0,MANUAL,1,1,1,
2026-09-25 19:41:29,A2-baseline,1877000,29.09,87.17,1008.39,29.87,74.67,1008.31,0,0,MANUAL,1,1,1,
2026-09-25 19:41:30,A2-baseline,1878000,29.07,87.08,1008.36,29.87,74.69,1008.42,0,0,MANUAL,1,1,1,
2026-09-25 19:41:31,A2-baseline,1879000,29.07,86.92,1008.39,29.88,74.72,1008.43,0,0,MANUAL,1,1,1,
2026-09-25 19:41:32,A2-baseline,1880000,29.07,87.27,1008.44,29.88,74.71,1008.39,0,0,MANUAL,1,1,1,
2026-09-25 19:41:33,A2-baseline,1881000,29.07,87.11,1008.34,29.88,74.93,1008.44,0,0,MANUAL,1,1,1,
2026-09-25 19:41:34,A2-baseline,1882000,29.07,86.79,1008.33,29.88,74.72,1008.44,0,0,MANUAL,1,1,1,
2026-09-25 19:41:35,A2-baseline,1883000,29.07,87.08,1008.44,29.89,74.70,1008.42,0,0,MANUAL,1,1,1,
2026-09-25 19:41:36,A2-baseline,1884000,29.08,86.98,1008.43,29.88,74.58,1008.39,0,0,MANUAL,1,1,1,
2026-09-25 19:41:37,A2-baseline,1885000,29.08,87.18,1008.34,29.89,74.70,1008.39,0,0,MANUAL,1,1,1,
2026-09-25 19:41:38,A2-baseline,1886000,29.08,86.88,1008.35,29.89,74.68,1008.39,0,0,MANUAL,1,1,1,
2026-09-25 19:41:39,A2-baseline,1887000,29.08,86.81,1008.38,29.89,74.54,1008.40,0,0,MANUAL,1,1,1,
2026-09-25 19:41:40,A2-baseline,1888000,29.08,86.95,1008.32,29.89,74.77,1008.42,0,0,MANUAL,1,1,1,
2026-09-25 19:41:40,A2-baseline,1889000,29.08,87.11,1008.38,29.89,74.65,1008.45,0,0,MANUAL,1,1,1,
2026-09-25 19:41:42,A2-baseline,1890000,29.08,86.69,1008.38,29.89,74.70,1008.40,0,0,MANUAL,1,1,1,
2026-09-25 19:41:43,A2-baseline,1891000,29.06,87.04,1008.38,29.90,74.53,1008.41,0,0,MANUAL,1,1,1,
2026-09-25 19:41:44,A2-baseline,1892000,29.08,87.16,1008.32,29.89,74.75,1008.45,0,0,MANUAL,1,1,1,
2026-09-25 19:41:45,A2-baseline,1893000,29.08,86.85,1008.37,29.89,74.70,1008.39,0,0,MANUAL,1,1,1,
2026-09-25 19:41:46,A2-baseline,1894000,29.07,87.26,1008.36,29.89,74.91,1008.40,0,0,MANUAL,1,1,1,
2026-09-25 19:41:47,A2-baseline,1895000,29.09,87.27,1008.40,29.89,74.78,1008.39,0,0,MANUAL,1,1,1,
2026-09-25 19:41:48,A2-baseline,1896000,29.08,87.03,1008.34,29.89,74.75,1008.45,0,0,MANUAL,1,1,1,
2026-09-25 19:41:49,A2-baseline,1897000,29.08,86.70,1008.46,29.90,74.70,1008.46,0,0,MANUAL,1,1,1,
2026-09-25 19:41:50,A2-baseline,1898000,29.08,87.12,1008.41,29.89,74.66,1008.39,0,0,MANUAL,1,1,1,
2026-09-25 19:41:51,A2-baseline,1899000,29.08,86.80,1008.43,29.89,74.62,1008.40,0,0,MANUAL,1,1,1,
2026-09-25 19:41:52,A2-baseline,1900000,29.07,86.66,1008.39,29.90,74.59,1008.38,0,0,MANUAL,1,1,1,
2026-09-25 19:41:53,A2-baseline,1901000,29.08,86.73,1008.41,29.90,74.58,1008.42,0,0,MANUAL,1,1,1,
2026-09-25 19:41:54,A2-baseline,1902000,29.08,86.86,1008.38,29.90,74.75,1008.47,0,0,MANUAL,1,1,1,
2026-09-25 19:41:55,A2-baseline,1903000,29.08,87.02,1008.40,29.90,74.73,1008.39,0,0,MANUAL,1,1,1,
2026-09-25 19:41:56,A2-baseline,1904000,29.08,87.02,1008.41,29.90,74.53,1008.49,0,0,MANUAL,1,1,1,
2026-09-25 19:41:57,A2-baseline,1905000,29.09,86.72,1008.42,29.90,74.59,1008.46,0,0,MANUAL,1,1,1,
2026-09-25 19:41:58,A2-baseline,1906000,29.07,86.55,1008.41,29.90,74.58,1008.44,0,0,MANUAL,1,1,1,
2026-09-25 19:41:59,A2-baseline,1907000,29.08,87.00,1008.38,29.89,74.42,1008.45,0,0,MANUAL,1,1,1,
2026-09-25 19:42:00,A2-baseline,1908000,29.09,86.98,1008.43,29.89,74.61,1008.37,0,0,MANUAL,1,1,1,
2026-09-25 19:42:01,A2-baseline,1909000,29.09,86.69,1008.40,29.89,74.78,1008.40,0,0,MANUAL,1,1,1,
2026-09-25 19:42:02,A2-baseline,1910000,29.09,87.08,1008.43,29.89,74.69,1008.40,0,0,MANUAL,1,1,1,
2026-09-25 19:42:03,A2-baseline,1911000,29.09,87.04,1008.42,29.89,74.65,1008.42,0,0,MANUAL,1,1,1,
2026-09-25 19:42:04,A2-baseline,1912000,29.09,86.87,1008.43,29.89,74.63,1008.37,0,0,MANUAL,1,1,1,
2026-09-25 19:42:05,A2-baseline,1913000,29.09,86.78,1008.39,29.90,74.65,1008.41,0,0,MANUAL,1,1,1,
2026-09-25 19:42:06,A2-baseline,1914000,29.09,86.60,1008.36,29.89,74.72,1008.43,0,0,MANUAL,1,1,1,
2026-09-25 19:42:07,A2-baseline,1915000,29.08,87.15,1008.35,29.90,74.71,1008.41,0,0,MANUAL,1,1,1,
2026-09-25 19:42:08,A2-baseline,1916000,29.09,87.09,1008.37,29.89,74.71,1008.46,0,0,MANUAL,1,1,1,
2026-09-25 19:42:09,A2-baseline,1917000,29.08,86.87,1008.35,29.89,74.70,1008.42,0,0,MANUAL,1,1,1,
2026-09-25 19:42:10,A2-baseline,1918000,29.09,87.05,1008.40,29.89,74.58,1008.43,0,0,MANUAL,1,1,1,
2026-09-25 19:42:11,A2-baseline,1919000,29.11,86.93,1008.39,29.90,74.69,1008.49,0,0,MANUAL,1,1,1,
2026-09-25 19:42:12,A2-baseline,1920000,29.09,87.05,1008.40,29.89,74.47,1008.39,0,0,MANUAL,1,1,1,
2026-09-25 19:42:13,A2-baseline,1921000,29.10,87.30,1008.43,29.88,74.55,1008.39,0,0,MANUAL,1,1,1,
2026-09-25 19:42:13,A2-rise,,,,,,,,,,,,,,MARK  A2-rise
2026-09-25 19:42:13,A2-rise,,,,,,,,,,,,,,mist A=1 B=0 (manual)
2026-09-25 19:42:14,A2-rise,1922000,29.11,86.92,1008.43,29.89,74.71,1008.45,1,0,MANUAL,1,1,1,
2026-09-25 19:42:15,A2-rise,1923000,29.12,87.30,1008.44,29.89,74.50,1008.43,1,0,MANUAL,1,1,1,
2026-09-25 19:42:16,A2-rise,1924000,29.12,87.50,1008.38,29.88,74.56,1008.47,1,0,MANUAL,1,1,1,
2026-09-25 19:42:17,A2-rise,1925000,29.11,87.01,1008.39,29.89,74.71,1008.46,1,0,MANUAL,1,1,1,
2026-09-25 19:42:18,A2-rise,1926000,29.11,87.35,1008.43,29.88,74.60,1008.39,1,0,MANUAL,1,1,1,
2026-09-25 19:42:19,A2-rise,1927000,29.13,87.53,1008.45,29.88,74.64,1008.44,1,0,MANUAL,1,1,1,
2026-09-25 19:42:20,A2-rise,1928000,29.13,87.41,1008.37,29.88,74.54,1008.43,1,0,MANUAL,1,1,1,
2026-09-25 19:42:21,A2-rise,1929000,29.14,87.67,1008.41,29.89,74.50,1008.48,1,0,MANUAL,1,1,1,
2026-09-25 19:42:22,A2-rise,1930000,29.14,88.20,1008.35,29.88,74.82,1008.44,1,0,MANUAL,1,1,1,
2026-09-25 19:42:23,A2-rise,1931000,29.16,87.68,1008.41,29.88,74.57,1008.46,1,0,MANUAL,1,1,1,
2026-09-25 19:42:24,A2-rise,1932000,29.16,88.17,1008.44,29.87,74.65,1008.42,1,0,MANUAL,1,1,1,
2026-09-25 19:42:25,A2-rise,1933000,29.17,88.05,1008.48,29.88,74.76,1008.43,1,0,MANUAL,1,1,1,
2026-09-25 19:42:26,A2-rise,1934000,29.15,88.20,1008.40,29.88,74.62,1008.50,1,0,MANUAL,1,1,1,
2026-09-25 19:42:27,A2-rise,1935000,29.17,87.84,1008.46,29.88,74.65,1008.46,1,0,MANUAL,1,1,1,
2026-09-25 19:42:28,A2-rise,1936000,29.17,88.07,1008.40,29.87,74.65,1008.40,1,0,MANUAL,1,1,1,
2026-09-25 19:42:29,A2-rise,1937000,29.18,88.25,1008.44,29.87,74.67,1008.42,1,0,MANUAL,1,1,1,
2026-09-25 19:42:30,A2-rise,1938000,29.19,88.15,1008.44,29.87,74.62,1008.42,1,0,MANUAL,1,1,1,
2026-09-25 19:42:31,A2-rise,1939000,29.18,88.46,1008.44,29.86,74.72,1008.46,1,0,MANUAL,1,1,1,
2026-09-25 19:42:32,A2-rise,1940000,29.20,88.35,1008.48,29.86,74.59,1008.44,1,0,MANUAL,1,1,1,
2026-09-25 19:42:33,A2-rise,1941000,29.20,88.29,1008.42,29.88,74.73,1008.43,1,0,MANUAL,1,1,1,
2026-09-25 19:42:34,A2-rise,1942000,29.21,88.02,1008.42,29.87,74.68,1008.48,1,0,MANUAL,1,1,1,
2026-09-25 19:42:35,A2-rise,1943000,29.21,88.37,1008.46,29.86,74.68,1008.42,1,0,MANUAL,1,1,1,
2026-09-25 19:42:36,A2-rise,1944000,29.20,88.17,1008.43,29.86,74.65,1008.44,1,0,MANUAL,1,1,1,
2026-09-25 19:42:37,A2-rise,1945000,29.22,88.52,1008.40,29.86,74.73,1008.44,1,0,MANUAL,1,1,1,
2026-09-25 19:42:38,A2-rise,1946000,29.23,88.34,1008.44,29.85,74.74,1008.43,1,0,MANUAL,1,1,1,
2026-09-25 19:42:39,A2-rise,1947000,29.23,88.56,1008.45,29.86,74.63,1008.46,1,0,MANUAL,1,1,1,
2026-09-25 19:42:40,A2-rise,1948000,29.24,88.44,1008.49,29.87,74.72,1008.42,1,0,MANUAL,1,1,1,
2026-09-25 19:42:41,A2-rise,1949000,29.24,88.74,1008.44,29.86,74.69,1008.49,1,0,MANUAL,1,1,1,
2026-09-25 19:42:42,A2-rise,1950000,29.24,88.15,1008.40,29.87,74.77,1008.45,1,0,MANUAL,1,1,1,
2026-09-25 19:42:43,A2-rise,1951000,29.25,88.75,1008.45,29.86,74.63,1008.44,1,0,MANUAL,1,1,1,
2026-09-25 19:42:44,A2-rise,1952000,29.26,88.30,1008.35,29.86,74.59,1008.44,1,0,MANUAL,1,1,1,
2026-09-25 19:42:45,A2-rise,1953000,29.25,88.26,1008.40,29.85,74.70,1008.43,1,0,MANUAL,1,1,1,
2026-09-25 19:42:46,A2-rise,1954000,29.28,88.75,1008.44,29.85,74.85,1008.43,1,0,MANUAL,1,1,1,
2026-09-25 19:42:47,A2-rise,1955000,29.29,88.88,1008.51,29.85,74.72,1008.48,1,0,MANUAL,1,1,1,
2026-09-25 19:42:48,A2-rise,1956000,29.28,88.18,1008.42,29.86,74.76,1008.49,1,0,MANUAL,1,1,1,
2026-09-25 19:42:49,A2-rise,1957000,29.29,88.85,1008.45,29.85,74.83,1008.48,1,0,MANUAL,1,1,1,
2026-09-25 19:42:50,A2-rise,1958000,29.30,88.95,1008.48,29.86,74.67,1008.44,1,0,MANUAL,1,1,1,
2026-09-25 19:42:51,A2-rise,1959000,29.30,88.98,1008.39,29.86,74.77,1008.41,1,0,MANUAL,1,1,1,
2026-09-25 19:42:52,A2-rise,1960000,29.30,88.95,1008.48,29.86,74.78,1008.41,1,0,MANUAL,1,1,1,
2026-09-25 19:42:53,A2-rise,1961000,29.31,88.73,1008.44,29.86,74.73,1008.41,1,0,MANUAL,1,1,1,
2026-09-25 19:42:54,A2-rise,1962000,29.31,88.47,1008.38,29.86,74.66,1008.44,1,0,MANUAL,1,1,1,
2026-09-25 19:42:55,A2-rise,1963000,29.32,88.91,1008.39,29.86,74.76,1008.46,1,0,MANUAL,1,1,1,
2026-09-25 19:42:56,A2-rise,1964000,29.32,88.91,1008.45,29.86,74.83,1008.46,1,0,MANUAL,1,1,1,
2026-09-25 19:42:57,A2-rise,1965000,29.33,89.01,1008.41,29.86,74.79,1008.41,1,0,MANUAL,1,1,1,
2026-09-25 19:42:58,A2-rise,1966000,29.32,88.84,1008.45,29.86,74.84,1008.41,1,0,MANUAL,1,1,1,
2026-09-25 19:42:59,A2-rise,1967000,29.32,89.03,1008.48,29.85,74.74,1008.40,1,0,MANUAL,1,1,1,
2026-09-25 19:43:00,A2-rise,1968000,29.32,88.34,1008.47,29.86,74.86,1008.39,1,0,MANUAL,1,1,1,
2026-09-25 19:43:01,A2-rise,1969000,29.33,88.65,1008.50,29.85,74.65,1008.40,1,0,MANUAL,1,1,1,
2026-09-25 19:43:02,A2-rise,1970000,29.32,89.08,1008.40,29.86,74.88,1008.44,1,0,MANUAL,1,1,1,
2026-09-25 19:43:03,A2-rise,1971000,29.34,89.09,1008.45,29.88,74.65,1008.46,1,0,MANUAL,1,1,1,
2026-09-25 19:43:04,A2-rise,1972000,29.34,88.60,1008.42,29.86,74.69,1008.42,1,0,MANUAL,1,1,1,
2026-09-25 19:43:05,A2-rise,1973000,29.34,89.05,1008.45,29.86,74.85,1008.42,1,0,MANUAL,1,1,1,
2026-09-25 19:43:06,A2-rise,1974000,29.35,89.08,1008.47,29.86,74.66,1008.39,1,0,MANUAL,1,1,1,
2026-09-25 19:43:07,A2-rise,1975000,29.34,88.64,1008.45,29.87,74.82,1008.40,1,0,MANUAL,1,1,1,
2026-09-25 19:43:08,A2-rise,1976000,29.34,89.00,1008.42,29.86,74.68,1008.46,1,0,MANUAL,1,1,1,
2026-09-25 19:43:09,A2-rise,1977000,29.36,88.72,1008.45,29.86,74.64,1008.47,1,0,MANUAL,1,1,1,
2026-09-25 19:43:10,A2-rise,1978000,29.35,89.10,1008.44,29.86,74.75,1008.46,1,0,MANUAL,1,1,1,
2026-09-25 19:43:11,A2-rise,1979000,29.34,89.14,1008.40,29.87,74.63,1008.42,1,0,MANUAL,1,1,1,
2026-09-25 19:43:12,A2-rise,1980000,29.36,88.83,1008.43,29.87,74.71,1008.48,1,0,MANUAL,1,1,1,
2026-09-25 19:43:13,A2-rise,1981000,29.35,89.10,1008.45,29.86,74.65,1008.44,1,0,MANUAL,1,1,1,
2026-09-25 19:43:14,A2-rise,1982000,29.37,89.26,1008.44,29.87,74.65,1008.42,1,0,MANUAL,1,1,1,
2026-09-25 19:43:15,A2-rise,1983000,29.37,88.68,1008.41,29.87,74.64,1008.45,1,0,MANUAL,1,1,1,
2026-09-25 19:43:16,A2-rise,1984000,29.37,88.88,1008.48,29.88,74.66,1008.43,1,0,MANUAL,1,1,1,
2026-09-25 19:43:17,A2-rise,1985000,29.38,89.16,1008.43,29.87,74.65,1008.42,1,0,MANUAL,1,1,1,
2026-09-25 19:43:18,A2-rise,1986000,29.38,89.06,1008.41,29.88,74.64,1008.47,1,0,MANUAL,1,1,1,
2026-09-25 19:43:19,A2-rise,1987000,29.38,89.16,1008.41,29.88,74.62,1008.43,1,0,MANUAL,1,1,1,
2026-09-25 19:43:20,A2-rise,1988000,29.39,89.18,1008.39,29.88,74.57,1008.43,1,0,MANUAL,1,1,1,
2026-09-25 19:43:21,A2-rise,1989000,29.39,88.81,1008.34,29.88,74.72,1008.44,1,0,MANUAL,1,1,1,
2026-09-25 19:43:22,A2-rise,1990000,29.39,88.68,1008.45,29.88,74.58,1008.43,1,0,MANUAL,1,1,1,
2026-09-25 19:43:23,A2-rise,1991000,29.39,89.22,1008.48,29.89,74.71,1008.50,1,0,MANUAL,1,1,1,
2026-09-25 19:43:24,A2-rise,1992000,29.39,89.36,1008.45,29.89,74.58,1008.39,1,0,MANUAL,1,1,1,
2026-09-25 19:43:25,A2-rise,1993000,29.39,89.24,1008.42,29.89,74.61,1008.46,1,0,MANUAL,1,1,1,
2026-09-25 19:43:26,A2-rise,1994000,29.38,88.89,1008.44,29.89,74.60,1008.48,1,0,MANUAL,1,1,1,
2026-09-25 19:43:27,A2-rise,1995000,29.38,88.71,1008.44,29.89,74.92,1008.45,1,0,MANUAL,1,1,1,
2026-09-25 19:43:28,A2-rise,1996000,29.40,89.26,1008.46,29.89,74.58,1008.43,1,0,MANUAL,1,1,1,
2026-09-25 19:43:29,A2-rise,1997000,29.39,89.41,1008.45,29.90,74.67,1008.44,1,0,MANUAL,1,1,1,
2026-09-25 19:43:30,A2-rise,1998000,29.39,89.44,1008.45,29.89,74.69,1008.48,1,0,MANUAL,1,1,1,
2026-09-25 19:43:31,A2-rise,1999000,29.41,89.07,1008.45,29.89,74.72,1008.45,1,0,MANUAL,1,1,1,
2026-09-25 19:43:32,A2-rise,2000000,29.42,89.31,1008.47,29.90,74.71,1008.46,1,0,MANUAL,1,1,1,
2026-09-25 19:43:33,A2-rise,2001000,29.41,89.12,1008.42,29.89,74.56,1008.51,1,0,MANUAL,1,1,1,
2026-09-25 19:43:34,A2-rise,2002000,29.42,89.15,1008.48,29.89,74.70,1008.46,1,0,MANUAL,1,1,1,
2026-09-25 19:43:35,A2-rise,2003000,29.42,89.44,1008.44,29.90,74.63,1008.56,1,0,MANUAL,1,1,1,
2026-09-25 19:43:36,A2-rise,2004000,29.41,89.23,1008.39,29.90,74.78,1008.52,1,0,MANUAL,1,1,1,
2026-09-25 19:43:37,A2-rise,2005000,29.42,89.27,1008.50,29.90,74.80,1008.47,1,0,MANUAL,1,1,1,
2026-09-25 19:43:38,A2-rise,2006000,29.42,89.15,1008.48,29.89,74.81,1008.46,1,0,MANUAL,1,1,1,
2026-09-25 19:43:39,A2-rise,2007000,29.42,88.99,1008.45,29.89,74.86,1008.48,1,0,MANUAL,1,1,1,
2026-09-25 19:43:40,A2-rise,2008000,29.43,88.84,1008.51,29.90,74.58,1008.47,1,0,MANUAL,1,1,1,
2026-09-25 19:43:41,A2-rise,2009000,29.42,88.88,1008.52,29.90,74.63,1008.47,1,0,MANUAL,1,1,1,
2026-09-25 19:43:42,A2-rise,2010000,29.42,89.00,1008.44,29.90,74.79,1008.50,1,0,MANUAL,1,1,1,
2026-09-25 19:43:43,A2-rise,2011000,29.42,89.38,1008.47,29.90,74.46,1008.44,1,0,MANUAL,1,1,1,
2026-09-25 19:43:44,A2-rise,2012000,29.42,89.40,1008.47,29.90,74.78,1008.49,1,0,MANUAL,1,1,1,
2026-09-25 19:43:45,A2-rise,2013000,29.43,89.11,1008.44,29.90,74.70,1008.53,1,0,MANUAL,1,1,1,
2026-09-25 19:43:46,A2-rise,2014000,29.42,89.18,1008.50,29.89,74.87,1008.48,1,0,MANUAL,1,1,1,
2026-09-25 19:43:47,A2-rise,2015000,29.44,89.37,1008.47,29.89,74.74,1008.39,1,0,MANUAL,1,1,1,
2026-09-25 19:43:48,A2-rise,2016000,29.43,89.19,1008.46,29.89,74.80,1008.40,1,0,MANUAL,1,1,1,
2026-09-25 19:43:49,A2-rise,2017000,29.43,89.55,1008.48,29.90,74.85,1008.45,1,0,MANUAL,1,1,1,
2026-09-25 19:43:50,A2-rise,2018000,29.43,89.43,1008.46,29.89,74.70,1008.48,1,0,MANUAL,1,1,1,
2026-09-25 19:43:51,A2-rise,2019000,29.43,88.93,1008.43,29.89,74.90,1008.48,1,0,MANUAL,1,1,1,
2026-09-25 19:43:51,A2-decay,,,,,,,,,,,,,,mist A=0 B=0 (manual)
2026-09-25 19:43:51,A2-decay,,,,,,,,,,,,,,MARK  A2-decay
2026-09-25 19:43:52,A2-decay,2020000,29.42,89.41,1008.50,29.89,74.70,1008.46,0,0,MANUAL,1,1,1,
2026-09-25 19:43:53,A2-decay,2021000,29.43,89.53,1008.51,29.90,74.78,1008.50,0,0,MANUAL,1,1,1,
2026-09-25 19:43:54,A2-decay,2022000,29.39,89.38,1008.45,29.89,74.80,1008.42,0,0,MANUAL,1,1,1,
2026-09-25 19:43:55,A2-decay,2023000,29.35,88.90,1008.47,29.90,74.77,1008.46,0,0,MANUAL,1,1,1,
2026-09-25 19:43:56,A2-decay,2024000,29.33,89.00,1008.46,29.89,74.77,1008.43,0,0,MANUAL,1,1,1,
2026-09-25 19:43:57,A2-decay,2025000,29.29,89.51,1008.45,29.90,74.67,1008.46,0,0,MANUAL,1,1,1,
2026-09-25 19:43:58,A2-decay,2026000,29.26,88.95,1008.46,29.89,74.63,1008.35,0,0,MANUAL,1,1,1,
2026-09-25 19:43:59,A2-decay,2027000,29.22,89.43,1008.43,29.89,74.60,1008.46,0,0,MANUAL,1,1,1,
2026-09-25 19:44:00,A2-decay,2028000,29.20,89.15,1008.46,29.89,74.69,1008.45,0,0,MANUAL,1,1,1,
2026-09-25 19:44:01,A2-decay,2029000,29.18,89.46,1008.41,29.89,74.68,1008.48,0,0,MANUAL,1,1,1,
2026-09-25 19:44:02,A2-decay,2030000,29.14,89.07,1008.46,29.89,74.71,1008.54,0,0,MANUAL,1,1,1,
2026-09-25 19:44:03,A2-decay,2031000,29.11,89.27,1008.46,29.89,74.70,1008.43,0,0,MANUAL,1,1,1,
2026-09-25 19:44:04,A2-decay,2032000,29.08,89.32,1008.44,29.89,74.63,1008.46,0,0,MANUAL,1,1,1,
2026-09-25 19:44:05,A2-decay,2033000,29.05,89.03,1008.44,29.89,74.63,1008.48,0,0,MANUAL,1,1,1,
2026-09-25 19:44:06,A2-decay,2034000,29.03,89.51,1008.38,29.89,74.60,1008.51,0,0,MANUAL,1,1,1,
2026-09-25 19:44:07,A2-decay,2035000,29.02,89.13,1008.42,29.90,74.61,1008.44,0,0,MANUAL,1,1,1,
2026-09-25 19:44:08,A2-decay,2036000,28.99,89.05,1008.43,29.89,74.80,1008.42,0,0,MANUAL,1,1,1,
2026-09-25 19:44:09,A2-decay,2037000,28.98,89.12,1008.47,29.89,74.56,1008.48,0,0,MANUAL,1,1,1,
2026-09-25 19:44:10,A2-decay,2038000,28.95,88.95,1008.54,29.89,74.81,1008.51,0,0,MANUAL,1,1,1,
2026-09-25 19:44:11,A2-decay,2039000,28.95,88.97,1008.42,29.90,74.66,1008.47,0,0,MANUAL,1,1,1,
2026-09-25 19:44:12,A2-decay,2040000,28.93,89.06,1008.38,29.89,74.60,1008.48,0,0,MANUAL,1,1,1,
2026-09-25 19:44:13,A2-decay,2041000,28.92,89.12,1008.49,29.88,74.72,1008.52,0,0,MANUAL,1,1,1,
2026-09-25 19:44:14,A2-decay,2042000,28.91,89.18,1008.49,29.89,74.67,1008.51,0,0,MANUAL,1,1,1,
2026-09-25 19:44:15,A2-decay,2043000,28.89,89.27,1008.41,29.89,74.74,1008.48,0,0,MANUAL,1,1,1,
2026-09-25 19:44:16,A2-decay,2044000,28.88,88.97,1008.44,29.88,74.94,1008.49,0,0,MANUAL,1,1,1,
2026-09-25 19:44:17,A2-decay,2045000,28.88,89.16,1008.48,29.89,74.89,1008.50,0,0,MANUAL,1,1,1,
2026-09-25 19:44:18,A2-decay,2046000,28.87,88.96,1008.40,29.88,74.61,1008.44,0,0,MANUAL,1,1,1,
2026-09-25 19:44:19,A2-decay,2047000,28.85,88.95,1008.43,29.89,74.74,1008.45,0,0,MANUAL,1,1,1,
2026-09-25 19:44:20,A2-decay,2048000,28.87,89.04,1008.45,29.88,74.81,1008.43,0,0,MANUAL,1,1,1,
2026-09-25 19:44:21,A2-decay,2049000,28.87,89.01,1008.40,29.88,74.79,1008.50,0,0,MANUAL,1,1,1,
2026-09-25 19:44:22,A2-decay,2050000,28.86,89.08,1008.47,29.88,74.62,1008.47,0,0,MANUAL,1,1,1,
2026-09-25 19:44:23,A2-decay,2051000,28.83,89.27,1008.40,29.88,74.69,1008.44,0,0,MANUAL,1,1,1,
2026-09-25 19:44:24,A2-decay,2052000,28.83,89.02,1008.39,29.89,74.65,1008.53,0,0,MANUAL,1,1,1,
2026-09-25 19:44:25,A2-decay,2053000,28.82,89.34,1008.44,29.88,74.57,1008.50,0,0,MANUAL,1,1,1,
2026-09-25 19:44:26,A2-decay,2054000,28.82,89.03,1008.44,29.88,74.71,1008.43,0,0,MANUAL,1,1,1,
2026-09-25 19:44:27,A2-decay,2055000,28.82,89.18,1008.44,29.88,74.74,1008.47,0,0,MANUAL,1,1,1,
2026-09-25 19:44:28,A2-decay,2056000,28.83,89.01,1008.48,29.87,74.71,1008.48,0,0,MANUAL,1,1,1,
2026-09-25 19:44:29,A2-decay,2057000,28.82,89.03,1008.41,29.87,74.86,1008.42,0,0,MANUAL,1,1,1,
2026-09-25 19:44:29,A2-decay,2058000,28.83,88.99,1008.50,29.87,74.64,1008.48,0,0,MANUAL,1,1,1,
2026-09-25 19:44:31,A2-decay,2059000,28.83,89.41,1008.48,29.86,74.66,1008.50,0,0,MANUAL,1,1,1,
2026-09-25 19:44:32,A2-decay,2060000,28.82,89.03,1008.48,29.86,74.73,1008.42,0,0,MANUAL,1,1,1,
2026-09-25 19:44:33,A2-decay,2061000,28.82,89.30,1008.41,29.87,74.73,1008.48,0,0,MANUAL,1,1,1,
2026-09-25 19:44:34,A2-decay,2062000,28.82,89.17,1008.44,29.87,74.89,1008.56,0,0,MANUAL,1,1,1,
2026-09-25 19:44:35,A2-decay,2063000,28.80,89.37,1008.38,29.86,74.75,1008.47,0,0,MANUAL,1,1,1,
2026-09-25 19:44:36,A2-decay,2064000,28.81,89.20,1008.48,29.87,74.80,1008.45,0,0,MANUAL,1,1,1,
2026-09-25 19:44:37,A2-decay,2065000,28.81,89.25,1008.45,29.86,74.68,1008.44,0,0,MANUAL,1,1,1,
2026-09-25 19:44:38,A2-decay,2066000,28.83,89.08,1008.47,29.86,74.63,1008.46,0,0,MANUAL,1,1,1,
2026-09-25 19:44:39,A2-decay,2067000,28.80,89.13,1008.46,29.86,74.73,1008.55,0,0,MANUAL,1,1,1,
2026-09-25 19:44:40,A2-decay,2068000,28.81,88.98,1008.39,29.86,74.64,1008.55,0,0,MANUAL,1,1,1,
2026-09-25 19:44:41,A2-decay,2069000,28.81,89.05,1008.44,29.86,74.69,1008.52,0,0,MANUAL,1,1,1,
2026-09-25 19:44:42,A2-decay,2070000,28.81,89.05,1008.48,29.86,74.66,1008.44,0,0,MANUAL,1,1,1,
2026-09-25 19:44:43,A2-decay,2071000,28.82,89.00,1008.46,29.85,74.59,1008.51,0,0,MANUAL,1,1,1,
2026-09-25 19:44:44,A2-decay,2072000,28.83,89.32,1008.42,29.86,74.88,1008.46,0,0,MANUAL,1,1,1,
2026-09-25 19:44:45,A2-decay,2073000,28.83,89.05,1008.45,29.85,74.69,1008.48,0,0,MANUAL,1,1,1,
2026-09-25 19:44:46,A2-decay,2074000,28.83,88.95,1008.44,29.85,74.56,1008.56,0,0,MANUAL,1,1,1,
2026-09-25 19:44:47,A2-decay,2075000,28.82,89.30,1008.38,29.86,74.72,1008.49,0,0,MANUAL,1,1,1,
2026-09-25 19:44:48,A2-decay,2076000,28.83,89.52,1008.42,29.85,74.78,1008.46,0,0,MANUAL,1,1,1,
2026-09-25 19:44:49,A2-decay,2077000,28.84,89.27,1008.47,29.85,74.66,1008.48,0,0,MANUAL,1,1,1,
2026-09-25 19:44:50,A2-decay,2078000,28.84,89.10,1008.43,29.85,74.69,1008.42,0,0,MANUAL,1,1,1,
2026-09-25 19:44:51,A2-decay,2079000,28.83,89.50,1008.42,29.84,74.80,1008.54,0,0,MANUAL,1,1,1,
2026-09-25 19:44:52,A2-decay,2080000,28.83,89.03,1008.39,29.84,74.90,1008.43,0,0,MANUAL,1,1,1,
2026-09-25 19:44:53,A2-decay,2081000,28.83,89.44,1008.45,29.84,74.98,1008.46,0,0,MANUAL,1,1,1,
2026-09-25 19:44:54,A2-decay,2082000,28.84,89.19,1008.49,29.84,74.78,1008.44,0,0,MANUAL,1,1,1,
2026-09-25 19:44:55,A2-decay,2083000,28.85,89.12,1008.45,29.84,74.80,1008.47,0,0,MANUAL,1,1,1,
2026-09-25 19:44:56,A2-decay,2084000,28.84,89.33,1008.43,29.84,74.69,1008.47,0,0,MANUAL,1,1,1,
2026-09-25 19:44:57,A2-decay,2085000,28.83,89.28,1008.45,29.85,74.70,1008.54,0,0,MANUAL,1,1,1,
2026-09-25 19:44:58,A2-decay,2086000,28.85,89.10,1008.48,29.84,74.66,1008.49,0,0,MANUAL,1,1,1,
2026-09-25 19:44:59,A2-decay,2087000,28.84,89.10,1008.49,29.84,74.70,1008.43,0,0,MANUAL,1,1,1,
2026-09-25 19:45:00,A2-decay,2088000,28.84,89.12,1008.47,29.84,74.70,1008.43,0,0,MANUAL,1,1,1,
2026-09-25 19:45:01,A2-decay,2089000,28.85,89.24,1008.48,29.83,74.66,1008.45,0,0,MANUAL,1,1,1,
2026-09-25 19:45:02,A2-decay,2090000,28.85,89.30,1008.46,29.84,74.72,1008.51,0,0,MANUAL,1,1,1,
2026-09-25 19:45:03,A2-decay,2091000,28.84,89.42,1008.50,29.84,74.71,1008.49,0,0,MANUAL,1,1,1,
2026-09-25 19:45:03,A2-decay,2092000,28.84,89.11,1008.46,29.84,74.68,1008.49,0,0,MANUAL,1,1,1,
2026-09-25 19:45:05,A2-decay,2093000,28.85,88.96,1008.43,29.84,74.78,1008.49,0,0,MANUAL,1,1,1,
2026-09-25 19:45:06,A2-decay,2094000,28.85,89.20,1008.39,29.82,74.77,1008.41,0,0,MANUAL,1,1,1,
2026-09-25 19:45:07,A2-decay,2095000,28.85,89.32,1008.51,29.82,74.77,1008.46,0,0,MANUAL,1,1,1,
2026-09-25 19:45:08,A2-decay,2096000,28.85,89.26,1008.48,29.82,74.72,1008.46,0,0,MANUAL,1,1,1,
2026-09-25 19:45:09,A2-decay,2097000,28.85,89.35,1008.49,29.82,74.86,1008.46,0,0,MANUAL,1,1,1,
2026-09-25 19:45:10,A2-decay,2098000,28.85,89.10,1008.46,29.82,74.72,1008.46,0,0,MANUAL,1,1,1,
2026-09-25 19:45:11,A2-decay,2099000,28.86,89.17,1008.41,29.82,74.74,1008.46,0,0,MANUAL,1,1,1,
2026-09-25 19:45:12,A2-decay,2100000,28.85,89.35,1008.43,29.82,74.72,1008.52,0,0,MANUAL,1,1,1,
2026-09-25 19:45:13,A2-decay,2101000,28.86,89.18,1008.52,29.81,74.86,1008.45,0,0,MANUAL,1,1,1,
2026-09-25 19:45:14,A2-decay,2102000,28.86,89.29,1008.47,29.81,74.75,1008.49,0,0,MANUAL,1,1,1,
2026-09-25 19:45:15,A2-decay,2103000,28.85,89.38,1008.46,29.81,74.83,1008.50,0,0,MANUAL,1,1,1,
2026-09-25 19:45:16,A2-decay,2104000,28.86,89.36,1008.49,29.82,74.71,1008.46,0,0,MANUAL,1,1,1,
2026-09-25 19:45:17,A2-decay,2105000,28.85,89.43,1008.49,29.81,74.87,1008.50,0,0,MANUAL,1,1,1,
2026-09-25 19:45:18,A2-decay,2106000,28.85,89.00,1008.42,29.82,74.79,1008.54,0,0,MANUAL,1,1,1,
2026-09-25 19:45:19,A2-decay,2107000,28.86,89.32,1008.44,29.81,74.75,1008.44,0,0,MANUAL,1,1,1,
2026-09-25 19:45:20,A2-decay,2108000,28.86,89.31,1008.47,29.81,74.64,1008.55,0,0,MANUAL,1,1,1,
2026-09-25 19:45:21,A2-decay,2109000,28.86,89.05,1008.49,29.81,74.71,1008.49,0,0,MANUAL,1,1,1,
2026-09-25 19:45:22,A2-decay,2110000,28.85,88.97,1008.43,29.81,74.79,1008.56,0,0,MANUAL,1,1,1,
2026-09-25 19:45:23,A2-decay,2111000,28.88,89.13,1008.41,29.81,74.79,1008.45,0,0,MANUAL,1,1,1,
2026-09-25 19:45:24,A2-decay,2112000,28.88,89.42,1008.44,29.81,74.85,1008.44,0,0,MANUAL,1,1,1,
2026-09-25 19:45:25,A2-decay,2113000,28.88,89.17,1008.45,29.81,74.80,1008.45,0,0,MANUAL,1,1,1,
2026-09-25 19:45:26,A2-decay,2114000,28.89,88.92,1008.40,29.81,74.70,1008.49,0,0,MANUAL,1,1,1,
2026-09-25 19:45:27,A2-decay,2115000,28.89,89.31,1008.44,29.81,74.90,1008.47,0,0,MANUAL,1,1,1,
2026-09-25 19:45:28,A2-decay,2116000,28.89,89.06,1008.49,29.81,74.75,1008.45,0,0,MANUAL,1,1,1,
2026-09-25 19:45:29,A2-decay,2117000,28.88,89.08,1008.39,29.81,74.76,1008.41,0,0,MANUAL,1,1,1,
2026-09-25 19:45:30,A2-decay,2118000,28.88,89.24,1008.42,29.82,74.69,1008.51,0,0,MANUAL,1,1,1,
2026-09-25 19:45:31,A2-decay,2119000,28.87,89.30,1008.43,29.81,74.76,1008.58,0,0,MANUAL,1,1,1,
2026-09-25 19:45:32,A2-decay,2120000,28.88,89.13,1008.42,29.80,74.86,1008.53,0,0,MANUAL,1,1,1,
2026-09-25 19:45:33,A2-decay,2121000,28.89,88.96,1008.43,29.80,74.77,1008.46,0,0,MANUAL,1,1,1,
2026-09-25 19:45:34,A2-decay,2122000,28.89,89.11,1008.46,29.80,74.81,1008.49,0,0,MANUAL,1,1,1,
2026-09-25 19:45:35,A2-decay,2123000,28.86,89.20,1008.47,29.80,74.82,1008.54,0,0,MANUAL,1,1,1,
2026-09-25 19:45:36,A2-decay,2124000,28.85,88.95,1008.46,29.81,74.72,1008.50,0,0,MANUAL,1,1,1,
2026-09-25 19:45:37,A2-decay,2125000,28.87,89.57,1008.48,29.80,74.74,1008.49,0,0,MANUAL,1,1,1,
2026-09-25 19:45:38,A2-decay,2126000,28.88,89.33,1008.47,29.80,74.81,1008.46,0,0,MANUAL,1,1,1,
2026-09-25 19:45:39,A2-decay,2127000,28.86,89.09,1008.47,29.81,74.84,1008.44,0,0,MANUAL,1,1,1,
2026-09-25 19:45:40,A2-decay,2128000,28.87,88.98,1008.45,29.80,74.83,1008.49,0,0,MANUAL,1,1,1,
2026-09-25 19:45:41,A2-decay,2129000,28.85,89.45,1008.51,29.81,74.91,1008.44,0,0,MANUAL,1,1,1,
2026-09-25 19:45:42,A2-decay,2130000,28.86,89.37,1008.44,29.81,74.87,1008.44,0,0,MANUAL,1,1,1,
2026-09-25 19:45:43,A2-decay,2131000,28.87,89.31,1008.46,29.80,74.89,1008.48,0,0,MANUAL,1,1,1,
2026-09-25 19:45:44,A2-decay,2132000,28.88,89.01,1008.47,29.81,74.92,1008.52,0,0,MANUAL,1,1,1,
2026-09-25 19:45:44,A2-decay,2133000,28.87,89.17,1008.48,29.80,74.75,1008.51,0,0,MANUAL,1,1,1,
2026-09-25 19:45:46,A2-decay,2134000,28.86,89.53,1008.45,29.80,74.76,1008.49,0,0,MANUAL,1,1,1,
2026-09-25 19:45:47,A2-decay,2135000,28.88,89.46,1008.44,29.80,74.80,1008.49,0,0,MANUAL,1,1,1,
2026-09-25 19:45:48,A2-decay,2136000,28.88,89.04,1008.48,29.80,74.91,1008.54,0,0,MANUAL,1,1,1,
2026-09-25 19:45:49,A2-decay,2137000,28.88,89.44,1008.53,29.80,74.80,1008.48,0,0,MANUAL,1,1,1,
2026-09-25 19:45:50,A2-decay,2138000,28.88,89.53,1008.41,29.80,74.93,1008.51,0,0,MANUAL,1,1,1,
2026-09-25 19:45:51,A2-decay,2139000,28.88,89.06,1008.44,29.79,74.86,1008.47,0,0,MANUAL,1,1,1,
2026-09-25 19:45:52,A2-decay,2140000,28.89,89.37,1008.43,29.80,74.98,1008.51,0,0,MANUAL,1,1,1,
2026-09-25 19:45:53,A2-decay,2141000,28.87,89.19,1008.46,29.79,75.06,1008.52,0,0,MANUAL,1,1,1,
2026-09-25 19:45:54,A2-decay,2142000,28.89,89.24,1008.44,29.79,74.96,1008.50,0,0,MANUAL,1,1,1,
2026-09-25 19:45:55,A2-decay,2143000,28.87,89.06,1008.43,29.79,74.86,1008.43,0,0,MANUAL,1,1,1,
2026-09-25 19:45:56,A2-decay,2144000,28.87,89.22,1008.45,29.79,74.98,1008.47,0,0,MANUAL,1,1,1,
2026-09-25 19:45:57,A2-decay,2145000,28.86,88.79,1008.47,29.80,75.04,1008.53,0,0,MANUAL,1,1,1,
2026-09-25 19:45:58,A2-decay,2146000,28.87,89.03,1008.43,29.80,74.70,1008.51,0,0,MANUAL,1,1,1,
2026-09-25 19:45:59,A2-decay,2147000,28.88,89.24,1008.47,29.80,74.76,1008.53,0,0,MANUAL,1,1,1,
2026-09-25 19:46:00,A2-decay,2148000,28.87,89.07,1008.41,29.79,75.07,1008.47,0,0,MANUAL,1,1,1,
2026-09-25 19:46:01,A2-decay,2149000,28.87,89.30,1008.43,29.80,74.90,1008.60,0,0,MANUAL,1,1,1,
2026-09-25 19:46:02,A2-decay,2150000,28.88,89.58,1008.44,29.79,74.89,1008.53,0,0,MANUAL,1,1,1,
2026-09-25 19:46:03,A2-decay,2151000,28.88,88.87,1008.45,29.80,74.94,1008.51,0,0,MANUAL,1,1,1,
2026-09-25 19:46:04,A2-decay,2152000,28.88,88.91,1008.48,29.80,74.89,1008.42,0,0,MANUAL,1,1,1,
2026-09-25 19:46:05,A2-decay,2153000,28.88,89.38,1008.42,29.81,75.00,1008.47,0,0,MANUAL,1,1,1,
2026-09-25 19:46:06,A2-decay,2154000,28.88,89.10,1008.48,29.81,74.91,1008.55,0,0,MANUAL,1,1,1,
2026-09-25 19:46:07,A2-decay,2155000,28.88,89.28,1008.44,29.80,74.89,1008.51,0,0,MANUAL,1,1,1,
2026-09-25 19:46:08,A2-decay,2156000,28.88,89.00,1008.50,29.81,74.74,1008.49,0,0,MANUAL,1,1,1,
2026-09-25 19:46:09,A2-decay,2157000,28.89,89.19,1008.40,29.80,74.76,1008.51,0,0,MANUAL,1,1,1,
2026-09-25 19:46:10,A2-decay,2158000,28.89,89.17,1008.43,29.81,75.01,1008.55,0,0,MANUAL,1,1,1,
2026-09-25 19:46:11,A2-decay,2159000,28.91,89.50,1008.46,29.80,75.18,1008.51,0,0,MANUAL,1,1,1,
2026-09-25 19:46:12,A2-decay,2160000,28.89,89.19,1008.51,29.81,74.86,1008.45,0,0,MANUAL,1,1,1,
2026-09-25 19:46:13,A2-decay,2161000,28.88,89.23,1008.48,29.81,74.75,1008.41,0,0,MANUAL,1,1,1,
2026-09-25 19:46:14,A2-decay,2162000,28.89,89.12,1008.49,29.81,74.81,1008.49,0,0,MANUAL,1,1,1,
2026-09-25 19:46:15,A2-decay,2163000,28.91,89.23,1008.52,29.81,74.82,1008.55,0,0,MANUAL,1,1,1,
2026-09-25 19:46:16,A2-decay,2164000,28.92,89.46,1008.46,29.81,74.85,1008.52,0,0,MANUAL,1,1,1,
2026-09-25 19:46:17,A2-decay,2165000,28.90,89.38,1008.51,29.81,74.84,1008.53,0,0,MANUAL,1,1,1,
2026-09-25 19:46:18,A2-decay,2166000,28.88,89.42,1008.48,29.81,75.15,1008.55,0,0,MANUAL,1,1,1,
2026-09-25 19:46:19,A2-decay,2167000,28.89,89.62,1008.40,29.81,74.79,1008.50,0,0,MANUAL,1,1,1,
2026-09-25 19:46:20,A2-decay,2168000,28.88,89.61,1008.42,29.81,74.90,1008.52,0,0,MANUAL,1,1,1,
2026-09-25 19:46:21,A2-decay,2169000,28.90,88.92,1008.45,29.82,74.88,1008.46,0,0,MANUAL,1,1,1,
2026-09-25 19:46:22,A2-decay,2170000,28.89,89.05,1008.46,29.82,74.84,1008.48,0,0,MANUAL,1,1,1,
2026-09-25 19:46:23,A2-decay,2171000,28.90,89.08,1008.45,29.82,74.87,1008.54,0,0,MANUAL,1,1,1,
2026-09-25 19:46:24,A2-decay,2172000,28.90,89.40,1008.45,29.82,74.96,1008.51,0,0,MANUAL,1,1,1,
2026-09-25 19:46:25,A2-decay,2173000,28.88,89.66,1008.48,29.82,74.86,1008.46,0,0,MANUAL,1,1,1,
2026-09-25 19:46:26,A2-decay,2174000,28.90,89.33,1008.48,29.82,74.87,1008.44,0,0,MANUAL,1,1,1,
2026-09-25 19:46:27,A2-decay,2175000,28.91,89.59,1008.43,29.82,74.65,1008.51,0,0,MANUAL,1,1,1,
2026-09-25 19:46:28,A2-decay,2176000,28.91,89.26,1008.46,29.82,74.95,1008.44,0,0,MANUAL,1,1,1,
2026-09-25 19:46:29,A2-decay,2177000,28.92,89.39,1008.42,29.82,74.89,1008.48,0,0,MANUAL,1,1,1,
2026-09-25 19:46:30,A2-decay,2178000,28.90,89.23,1008.45,29.83,74.69,1008.51,0,0,MANUAL,1,1,1,
2026-09-25 19:46:31,A2-decay,2179000,28.91,89.29,1008.43,29.83,74.76,1008.48,0,0,MANUAL,1,1,1,
2026-09-25 19:46:32,A2-decay,2180000,28.92,89.03,1008.43,29.83,74.88,1008.51,0,0,MANUAL,1,1,1,
2026-09-25 19:46:33,A2-decay,2181000,28.91,89.30,1008.46,29.84,74.80,1008.46,0,0,MANUAL,1,1,1,
2026-09-25 19:46:34,A2-decay,2182000,28.91,89.47,1008.44,29.82,74.82,1008.46,0,0,MANUAL,1,1,1,
2026-09-25 19:46:35,A2-decay,2183000,28.91,89.15,1008.50,29.84,74.98,1008.46,0,0,MANUAL,1,1,1,
2026-09-25 19:46:36,A2-decay,2184000,28.92,89.33,1008.48,29.83,74.78,1008.37,0,0,MANUAL,1,1,1,
2026-09-25 19:46:37,A2-decay,2185000,28.91,89.34,1008.52,29.84,74.99,1008.46,0,0,MANUAL,1,1,1,
2026-09-25 19:46:38,A2-decay,2186000,28.91,89.24,1008.43,29.84,74.78,1008.47,0,0,MANUAL,1,1,1,
2026-09-25 19:46:39,A2-decay,2187000,28.92,89.23,1008.42,29.85,74.71,1008.50,0,0,MANUAL,1,1,1,
2026-09-25 19:46:40,A2-decay,2188000,28.92,89.07,1008.53,29.84,74.89,1008.49,0,0,MANUAL,1,1,1,
2026-09-25 19:46:41,A2-decay,2189000,28.91,89.44,1008.41,29.84,74.86,1008.44,0,0,MANUAL,1,1,1,
2026-09-25 19:46:42,A2-decay,2190000,28.91,89.56,1008.39,29.84,74.79,1008.49,0,0,MANUAL,1,1,1,
2026-09-25 19:46:43,A2-decay,2191000,28.93,89.27,1008.44,29.84,74.77,1008.49,0,0,MANUAL,1,1,1,
2026-09-25 19:46:44,A2-decay,2192000,28.92,89.40,1008.46,29.84,75.02,1008.58,0,0,MANUAL,1,1,1,
2026-09-25 19:46:45,A2-decay,2193000,28.93,89.43,1008.49,29.85,74.91,1008.48,0,0,MANUAL,1,1,1,
2026-09-25 19:46:46,A2-decay,2194000,28.92,89.42,1008.43,29.85,74.95,1008.50,0,0,MANUAL,1,1,1,
2026-09-25 19:46:47,A2-decay,2195000,28.90,88.90,1008.48,29.83,74.96,1008.51,0,0,MANUAL,1,1,1,
2026-09-25 19:46:48,A2-decay,2196000,28.90,89.07,1008.48,29.85,74.92,1008.54,0,0,MANUAL,1,1,1,
2026-09-25 19:46:49,A2-decay,2197000,28.91,89.39,1008.46,29.85,74.85,1008.45,0,0,MANUAL,1,1,1,
2026-09-25 19:46:50,A2-decay,2198000,28.91,89.23,1008.50,29.84,74.93,1008.40,0,0,MANUAL,1,1,1,
2026-09-25 19:46:51,A2-decay,2199000,28.92,89.13,1008.48,29.85,74.98,1008.45,0,0,MANUAL,1,1,1,
2026-09-25 19:46:52,A2-decay,2200000,28.92,89.14,1008.46,29.84,74.86,1008.57,0,0,MANUAL,1,1,1,
2026-09-25 19:46:53,A2-decay,2201000,28.92,89.27,1008.48,29.84,74.80,1008.46,0,0,MANUAL,1,1,1,
2026-09-25 19:46:54,A2-decay,2202000,28.92,89.24,1008.48,29.85,74.93,1008.45,0,0,MANUAL,1,1,1,
2026-09-25 19:46:55,A2-decay,2203000,28.91,89.49,1008.47,29.85,74.88,1008.45,0,0,MANUAL,1,1,1,
2026-09-25 19:46:56,A2-decay,2204000,28.92,89.16,1008.46,29.83,74.98,1008.53,0,0,MANUAL,1,1,1,
2026-09-25 19:46:57,A2-decay,2205000,28.93,89.51,1008.56,29.84,74.96,1008.49,0,0,MANUAL,1,1,1,
2026-09-25 19:46:58,A2-decay,2206000,28.94,89.41,1008.46,29.84,74.80,1008.46,0,0,MANUAL,1,1,1,
2026-09-25 19:46:59,A2-decay,2207000,28.95,89.38,1008.48,29.84,74.79,1008.43,0,0,MANUAL,1,1,1,
2026-09-25 19:46:59,A2-decay,2208000,28.95,89.31,1008.47,29.84,74.74,1008.47,0,0,MANUAL,1,1,1,
2026-09-25 19:47:01,A2-decay,2209000,28.94,88.90,1008.46,29.84,74.77,1008.49,0,0,MANUAL,1,1,1,
2026-09-25 19:47:02,A2-decay,2210000,28.94,89.44,1008.46,29.84,74.88,1008.58,0,0,MANUAL,1,1,1,
2026-09-25 19:47:03,A2-decay,2211000,28.96,89.57,1008.46,29.83,74.78,1008.53,0,0,MANUAL,1,1,1,
2026-09-25 19:47:04,A2-decay,2212000,28.94,89.39,1008.46,29.84,74.87,1008.46,0,0,MANUAL,1,1,1,
2026-09-25 19:47:05,A2-decay,2213000,28.96,89.49,1008.47,29.83,74.86,1008.45,0,0,MANUAL,1,1,1,
2026-09-25 19:47:06,A2-decay,2214000,28.97,89.20,1008.46,29.83,74.93,1008.53,0,0,MANUAL,1,1,1,
2026-09-25 19:47:07,A2-decay,2215000,28.98,89.50,1008.46,29.84,74.93,1008.49,0,0,MANUAL,1,1,1,
2026-09-25 19:47:08,A2-decay,2216000,28.97,89.15,1008.45,29.84,74.99,1008.49,0,0,MANUAL,1,1,1,
2026-09-25 19:47:09,A2-decay,2217000,28.97,89.08,1008.45,29.83,74.80,1008.47,0,0,MANUAL,1,1,1,
2026-09-25 19:47:10,A2-decay,2218000,28.95,89.52,1008.45,29.84,74.88,1008.46,0,0,MANUAL,1,1,1,
2026-09-25 19:47:11,A2-decay,2219000,28.96,89.45,1008.47,29.82,74.80,1008.46,0,0,MANUAL,1,1,1,
2026-09-25 19:47:12,A2-decay,2220000,28.96,89.39,1008.49,29.82,74.87,1008.52,0,0,MANUAL,1,1,1,
2026-09-25 19:47:13,A2-decay,2221000,28.96,89.08,1008.46,29.83,74.65,1008.48,0,0,MANUAL,1,1,1,
2026-09-25 19:47:14,A2-decay,2222000,28.96,89.12,1008.44,29.83,75.08,1008.48,0,0,MANUAL,1,1,1,
2026-09-25 19:47:15,A2-decay,2223000,28.96,89.13,1008.49,29.83,74.76,1008.48,0,0,MANUAL,1,1,1,
2026-09-25 19:47:16,A2-decay,2224000,28.97,89.30,1008.48,29.82,74.83,1008.41,0,0,MANUAL,1,1,1,
2026-09-25 19:47:17,A2-decay,2225000,28.95,89.24,1008.42,29.81,74.69,1008.52,0,0,MANUAL,1,1,1,
2026-09-25 19:47:18,A2-decay,2226000,28.96,89.13,1008.49,29.82,74.83,1008.46,0,0,MANUAL,1,1,1,
2026-09-25 19:47:19,A2-decay,2227000,28.93,89.19,1008.45,29.82,74.82,1008.51,0,0,MANUAL,1,1,1,
2026-09-25 19:47:20,A2-decay,2228000,28.93,89.07,1008.41,29.82,75.06,1008.44,0,0,MANUAL,1,1,1,
2026-09-25 19:47:21,A2-decay,2229000,28.94,89.08,1008.43,29.82,74.71,1008.52,0,0,MANUAL,1,1,1,
2026-09-25 19:47:22,A2-decay,2230000,28.95,89.25,1008.42,29.82,74.65,1008.46,0,0,MANUAL,1,1,1,
2026-09-25 19:47:23,A2-decay,2231000,28.96,89.00,1008.49,29.82,74.84,1008.54,0,0,MANUAL,1,1,1,
2026-09-25 19:47:24,A2-decay,2232000,28.97,89.46,1008.42,29.82,74.83,1008.54,0,0,MANUAL,1,1,1,
2026-09-25 19:47:25,A2-decay,2233000,28.95,89.12,1008.54,29.81,74.79,1008.47,0,0,MANUAL,1,1,1,
2026-09-25 19:47:26,A2-decay,2234000,28.96,89.09,1008.47,29.81,74.87,1008.47,0,0,MANUAL,1,1,1,
2026-09-25 19:47:27,A2-decay,2235000,28.96,89.50,1008.47,29.81,74.83,1008.49,0,0,MANUAL,1,1,1,
2026-09-25 19:47:28,A2-decay,2236000,28.97,88.96,1008.46,29.81,74.87,1008.47,0,0,MANUAL,1,1,1,
2026-09-25 19:47:29,A2-decay,2237000,28.97,88.91,1008.48,29.82,74.84,1008.51,0,0,MANUAL,1,1,1,
2026-09-25 19:47:30,A2-decay,2238000,28.97,89.17,1008.50,29.82,74.83,1008.48,0,0,MANUAL,1,1,1,
2026-09-25 19:47:31,A2-decay,2239000,28.97,89.51,1008.45,29.81,75.04,1008.45,0,0,MANUAL,1,1,1,
2026-09-25 19:47:32,A2-decay,2240000,28.96,89.16,1008.50,29.81,75.06,1008.49,0,0,MANUAL,1,1,1,
2026-09-25 19:47:33,A2-decay,2241000,28.96,89.27,1008.47,29.81,74.79,1008.53,0,0,MANUAL,1,1,1,
2026-09-25 19:47:33,A2-decay,2242000,28.96,89.48,1008.50,29.81,74.86,1008.47,0,0,MANUAL,1,1,1,
2026-09-25 19:47:35,A2-decay,2243000,28.97,89.41,1008.46,29.81,74.87,1008.56,0,0,MANUAL,1,1,1,
2026-09-25 19:47:36,A2-decay,2244000,28.97,89.11,1008.48,29.82,74.97,1008.54,0,0,MANUAL,1,1,1,
2026-09-25 19:47:37,A2-decay,2245000,28.97,89.07,1008.45,29.81,74.80,1008.49,0,0,MANUAL,1,1,1,
2026-09-25 19:47:38,A2-decay,2246000,28.97,88.98,1008.50,29.82,74.75,1008.54,0,0,MANUAL,1,1,1,
2026-09-25 19:47:39,A2-decay,2247000,28.97,89.21,1008.45,29.80,74.91,1008.60,0,0,MANUAL,1,1,1,
2026-09-25 19:47:40,A2-decay,2248000,28.96,89.38,1008.50,29.80,74.91,1008.51,0,0,MANUAL,1,1,1,
2026-09-25 19:47:41,A2-decay,2249000,28.96,89.50,1008.50,29.81,75.01,1008.58,0,0,MANUAL,1,1,1,
2026-09-25 19:47:42,A2-decay,2250000,28.97,89.02,1008.48,29.80,74.91,1008.51,0,0,MANUAL,1,1,1,
2026-09-25 19:47:43,A2-decay,2251000,28.98,89.07,1008.49,29.80,74.99,1008.49,0,0,MANUAL,1,1,1,
2026-09-25 19:47:44,A2-decay,2252000,28.98,89.39,1008.52,29.80,74.90,1008.51,0,0,MANUAL,1,1,1,
2026-09-25 19:47:45,A2-decay,2253000,28.98,89.53,1008.50,29.80,74.90,1008.48,0,0,MANUAL,1,1,1,
2026-09-25 19:47:46,A2-decay,2254000,28.97,89.21,1008.48,29.80,74.91,1008.53,0,0,MANUAL,1,1,1,
2026-09-25 19:47:47,A2-decay,2255000,28.97,89.41,1008.50,29.80,74.84,1008.53,0,0,MANUAL,1,1,1,
2026-09-25 19:47:48,A2-decay,2256000,28.98,89.14,1008.50,29.80,74.89,1008.53,0,0,MANUAL,1,1,1,
2026-09-25 19:47:49,A2-decay,2257000,28.99,89.26,1008.45,29.80,74.77,1008.45,0,0,MANUAL,1,1,1,
2026-09-25 19:47:50,A2-decay,2258000,28.99,89.03,1008.45,29.80,74.85,1008.51,0,0,MANUAL,1,1,1,
2026-09-25 19:47:51,A2-decay,2259000,28.97,89.42,1008.40,29.80,74.95,1008.51,0,0,MANUAL,1,1,1,
2026-09-25 19:47:52,A2-decay,2260000,28.98,89.14,1008.46,29.80,74.88,1008.54,0,0,MANUAL,1,1,1,
2026-09-25 19:47:53,A2-decay,2261000,28.98,89.24,1008.46,29.80,74.90,1008.49,0,0,MANUAL,1,1,1,
2026-09-25 19:47:53,A2-decay,2262000,28.98,89.31,1008.47,29.81,74.93,1008.55,0,0,MANUAL,1,1,1,
2026-09-25 19:47:55,A2-decay,2263000,28.98,89.06,1008.44,29.80,74.95,1008.51,0,0,MANUAL,1,1,1,
2026-09-25 19:47:56,A2-decay,2264000,28.99,89.37,1008.43,29.80,75.02,1008.49,0,0,MANUAL,1,1,1,
2026-09-25 19:47:57,A2-decay,2265000,28.98,89.65,1008.44,29.80,74.80,1008.53,0,0,MANUAL,1,1,1,
2026-09-25 19:47:58,A2-decay,2266000,28.99,89.54,1008.54,29.80,74.90,1008.56,0,0,MANUAL,1,1,1,
2026-09-25 19:47:59,A2-decay,2267000,28.99,89.41,1008.51,29.79,74.82,1008.50,0,0,MANUAL,1,1,1,
2026-09-25 19:48:00,A2-decay,2268000,28.98,89.31,1008.47,29.79,74.88,1008.50,0,0,MANUAL,1,1,1,
2026-09-25 19:48:01,A2-decay,2269000,28.99,89.11,1008.43,29.79,74.84,1008.50,0,0,MANUAL,1,1,1,
2026-09-25 19:48:02,A2-decay,2270000,28.99,88.90,1008.45,29.81,74.90,1008.55,0,0,MANUAL,1,1,1,
2026-09-25 19:48:03,A2-decay,2271000,28.99,89.31,1008.49,29.79,74.88,1008.47,0,0,MANUAL,1,1,1,
2026-09-25 19:48:04,A2-decay,2272000,28.99,89.27,1008.46,29.79,75.12,1008.47,0,0,MANUAL,1,1,1,
2026-09-25 19:48:05,A2-decay,2273000,28.99,89.12,1008.46,29.80,74.93,1008.48,0,0,MANUAL,1,1,1,
2026-09-25 19:48:06,A2-decay,2274000,28.98,89.33,1008.50,29.79,74.86,1008.50,0,0,MANUAL,1,1,1,
2026-09-25 19:48:07,A2-decay,2275000,28.99,89.64,1008.45,29.79,74.95,1008.52,0,0,MANUAL,1,1,1,
2026-09-25 19:48:08,A2-decay,2276000,28.99,89.52,1008.46,29.79,74.87,1008.52,0,0,MANUAL,1,1,1,
2026-09-25 19:48:09,A2-decay,2277000,28.99,89.08,1008.51,29.79,75.07,1008.55,0,0,MANUAL,1,1,1,
2026-09-25 19:48:10,A2-decay,2278000,28.99,88.96,1008.49,29.79,74.85,1008.55,0,0,MANUAL,1,1,1,
2026-09-25 19:48:11,A2-decay,2279000,28.99,89.37,1008.46,29.79,74.86,1008.52,0,0,MANUAL,1,1,1,
2026-09-25 19:48:12,A2-decay,2280000,28.97,89.46,1008.48,29.79,74.84,1008.46,0,0,MANUAL,1,1,1,
2026-09-25 19:48:13,A2-decay,2281000,28.98,89.17,1008.46,29.79,74.75,1008.49,0,0,MANUAL,1,1,1,
2026-09-25 19:48:14,A2-decay,2282000,28.97,89.59,1008.46,29.78,74.82,1008.48,0,0,MANUAL,1,1,1,
2026-09-25 19:48:15,A2-decay,2283000,28.98,89.46,1008.52,29.79,74.76,1008.53,0,0,MANUAL,1,1,1,
2026-09-25 19:48:16,A2-decay,2284000,28.97,89.29,1008.51,29.79,74.87,1008.57,0,0,MANUAL,1,1,1,
2026-09-25 19:48:17,A2-decay,2285000,28.98,89.16,1008.52,29.79,74.83,1008.52,0,0,MANUAL,1,1,1,
2026-09-25 19:48:18,A2-decay,2286000,28.96,89.33,1008.49,29.78,74.88,1008.54,0,0,MANUAL,1,1,1,
2026-09-25 19:48:19,A2-decay,2287000,28.97,89.27,1008.54,29.79,74.93,1008.53,0,0,MANUAL,1,1,1,
2026-09-25 19:48:20,A2-decay,2288000,28.97,89.45,1008.50,29.78,74.92,1008.51,0,0,MANUAL,1,1,1,
2026-09-25 19:48:21,A2-decay,2289000,28.96,89.40,1008.49,29.79,74.77,1008.55,0,0,MANUAL,1,1,1,
2026-09-25 19:48:22,A2-decay,2290000,28.98,89.39,1008.49,29.78,74.91,1008.56,0,0,MANUAL,1,1,1,
2026-09-25 19:48:23,A2-decay,2291000,28.98,89.46,1008.49,29.78,74.75,1008.51,0,0,MANUAL,1,1,1,
2026-09-25 19:48:24,A2-decay,2292000,28.98,89.07,1008.46,29.78,74.75,1008.53,0,0,MANUAL,1,1,1,
2026-09-25 19:48:25,A2-decay,2293000,28.98,89.50,1008.46,29.79,74.90,1008.55,0,0,MANUAL,1,1,1,
2026-09-25 19:48:26,A2-decay,2294000,28.99,89.10,1008.49,29.78,74.94,1008.56,0,0,MANUAL,1,1,1,
2026-09-25 19:48:27,A2-decay,2295000,28.97,89.41,1008.46,29.78,74.85,1008.58,0,0,MANUAL,1,1,1,
2026-09-25 19:48:28,A2-decay,2296000,28.99,89.18,1008.45,29.79,74.81,1008.55,0,0,MANUAL,1,1,1,
2026-09-25 19:48:29,A2-decay,2297000,28.98,89.57,1008.49,29.78,74.93,1008.50,0,0,MANUAL,1,1,1,
2026-09-25 19:48:30,A2-decay,2298000,28.99,89.43,1008.48,29.78,74.86,1008.56,0,0,MANUAL,1,1,1,
2026-09-25 19:48:31,A2-decay,2299000,28.99,89.55,1008.54,29.78,74.88,1008.50,0,0,MANUAL,1,1,1,
2026-09-25 19:48:32,A2-decay,2300000,28.99,89.32,1008.52,29.77,74.78,1008.55,0,0,MANUAL,1,1,1,
2026-09-25 19:48:33,A2-decay,2301000,28.99,89.48,1008.46,29.77,74.92,1008.54,0,0,MANUAL,1,1,1,
2026-09-25 19:48:34,A2-decay,2302000,28.98,89.21,1008.47,29.77,74.97,1008.43,0,0,MANUAL,1,1,1,
2026-09-25 19:48:35,A2-decay,2303000,28.99,89.35,1008.49,29.76,74.81,1008.53,0,0,MANUAL,1,1,1,
2026-09-25 19:48:36,A2-decay,2304000,28.99,89.35,1008.48,29.76,75.00,1008.58,0,0,MANUAL,1,1,1,
2026-09-25 19:48:37,A2-decay,2305000,28.99,89.51,1008.46,29.75,74.81,1008.54,0,0,MANUAL,1,1,1,
2026-09-25 19:48:38,A2-decay,2306000,28.99,89.08,1008.46,29.76,75.15,1008.56,0,0,MANUAL,1,1,1,
2026-09-25 19:48:39,A2-decay,2307000,28.99,89.50,1008.49,29.75,75.06,1008.48,0,0,MANUAL,1,1,1,
2026-09-25 19:48:40,A2-decay,2308000,28.99,89.11,1008.52,29.76,74.95,1008.64,0,0,MANUAL,1,1,1,
2026-09-25 19:48:41,A2-decay,2309000,29.01,89.39,1008.54,29.75,75.04,1008.57,0,0,MANUAL,1,1,1,
2026-09-25 19:48:42,A2-decay,2310000,29.00,89.58,1008.45,29.75,75.05,1008.51,0,0,MANUAL,1,1,1,
2026-09-25 19:48:43,A2-decay,2311000,29.00,89.25,1008.48,29.75,75.01,1008.59,0,0,MANUAL,1,1,1,
2026-09-25 19:48:44,A2-decay,2312000,29.00,89.30,1008.45,29.76,75.01,1008.58,0,0,MANUAL,1,1,1,
2026-09-25 19:48:45,A2-decay,2313000,29.01,89.21,1008.51,29.74,75.11,1008.50,0,0,MANUAL,1,1,1,
2026-09-25 19:48:46,A2-decay,2314000,29.01,89.14,1008.46,29.75,74.89,1008.56,0,0,MANUAL,1,1,1,
2026-09-25 19:48:47,A2-decay,2315000,29.02,89.46,1008.47,29.75,75.10,1008.54,0,0,MANUAL,1,1,1,
2026-09-25 19:48:48,A2-decay,2316000,29.01,89.31,1008.49,29.74,75.26,1008.50,0,0,MANUAL,1,1,1,
2026-09-25 19:48:49,A2-decay,2317000,28.99,89.48,1008.46,29.74,75.26,1008.47,0,0,MANUAL,1,1,1,
2026-09-25 19:48:50,A2-decay,2318000,28.98,89.18,1008.52,29.75,75.01,1008.59,0,0,MANUAL,1,1,1,
2026-09-25 19:48:51,A2-decay,2319000,28.99,89.11,1008.52,29.75,75.00,1008.51,0,0,MANUAL,1,1,1,
2026-09-25 19:48:52,A2-decay,2320000,29.01,89.18,1008.48,29.74,75.21,1008.56,0,0,MANUAL,1,1,1,
2026-09-25 19:48:53,A2-decay,2321000,29.00,89.00,1008.55,29.74,75.02,1008.53,0,0,MANUAL,1,1,1,
2026-09-25 19:48:54,A2-decay,2322000,29.00,89.12,1008.50,29.74,75.00,1008.55,0,0,MANUAL,1,1,1,
2026-09-25 19:48:55,A2-decay,2323000,29.00,89.52,1008.52,29.74,74.97,1008.47,0,0,MANUAL,1,1,1,
2026-09-25 19:48:56,A2-decay,2324000,29.02,89.60,1008.53,29.74,74.99,1008.56,0,0,MANUAL,1,1,1,
2026-09-25 19:48:57,A2-decay,2325000,29.04,89.24,1008.50,29.74,75.18,1008.50,0,0,MANUAL,1,1,1,
2026-09-25 19:48:58,A2-decay,2326000,29.03,89.36,1008.55,29.74,75.14,1008.56,0,0,MANUAL,1,1,1,
2026-09-25 19:48:59,A2-decay,2327000,29.03,89.34,1008.50,29.74,74.88,1008.55,0,0,MANUAL,1,1,1,
2026-09-25 19:49:00,A2-decay,2328000,29.04,89.64,1008.50,29.74,74.96,1008.53,0,0,MANUAL,1,1,1,
2026-09-25 19:49:01,A2-decay,2329000,29.03,89.20,1008.50,29.73,74.94,1008.60,0,0,MANUAL,1,1,1,
2026-09-25 19:49:02,A2-decay,2330000,29.04,89.46,1008.46,29.74,74.88,1008.58,0,0,MANUAL,1,1,1,
2026-09-25 19:49:03,A2-decay,2331000,29.03,89.51,1008.54,29.73,74.83,1008.57,0,0,MANUAL,1,1,1,
2026-09-25 19:49:04,A2-decay,2332000,29.03,89.54,1008.50,29.74,74.88,1008.55,0,0,MANUAL,1,1,1,
2026-09-25 19:49:05,A2-decay,2333000,29.02,89.34,1008.54,29.74,74.76,1008.49,0,0,MANUAL,1,1,1,
2026-09-25 19:49:06,A2-decay,2334000,29.05,89.45,1008.53,29.73,74.83,1008.54,0,0,MANUAL,1,1,1,
2026-09-25 19:49:07,A2-decay,2335000,29.04,89.52,1008.46,29.73,75.00,1008.57,0,0,MANUAL,1,1,1,
2026-09-25 19:49:08,A2-decay,2336000,29.03,89.62,1008.52,29.73,74.94,1008.59,0,0,MANUAL,1,1,1,
2026-09-25 19:49:09,A2-decay,2337000,29.03,89.63,1008.52,29.73,74.81,1008.59,0,0,MANUAL,1,1,1,
2026-09-25 19:49:10,A2-decay,2338000,29.02,89.59,1008.54,29.72,74.81,1008.55,0,0,MANUAL,1,1,1,
2026-09-25 19:49:11,A2-decay,2339000,29.02,89.36,1008.51,29.72,74.87,1008.57,0,0,MANUAL,1,1,1,
2026-09-25 19:49:12,A2-decay,2340000,29.03,89.59,1008.46,29.72,74.97,1008.58,0,0,MANUAL,1,1,1,
2026-09-25 19:49:13,A2-decay,2341000,29.04,89.09,1008.53,29.71,74.86,1008.62,0,0,MANUAL,1,1,1,
2026-09-25 19:49:14,A2-decay,2342000,29.05,89.18,1008.47,29.71,74.87,1008.54,0,0,MANUAL,1,1,1,
2026-09-25 19:49:15,A2-decay,2343000,29.06,89.47,1008.51,29.70,74.90,1008.59,0,0,MANUAL,1,1,1,
2026-09-25 19:49:16,A2-decay,2344000,29.05,89.60,1008.53,29.71,74.88,1008.56,0,0,MANUAL,1,1,1,
2026-09-25 19:49:17,A2-decay,2345000,29.06,89.47,1008.54,29.72,74.93,1008.54,0,0,MANUAL,1,1,1,
2026-09-25 19:49:18,A2-decay,2346000,29.06,89.07,1008.49,29.70,74.85,1008.59,0,0,MANUAL,1,1,1,
2026-09-25 19:49:19,A2-decay,2347000,29.04,89.42,1008.46,29.70,75.03,1008.62,0,0,MANUAL,1,1,1,
2026-09-25 19:49:20,A2-decay,2348000,29.06,89.21,1008.54,29.70,74.91,1008.57,0,0,MANUAL,1,1,1,
2026-09-25 19:49:21,A2-decay,2349000,29.07,89.68,1008.61,29.69,74.87,1008.61,0,0,MANUAL,1,1,1,
2026-09-25 19:49:22,A2-decay,2350000,29.07,89.47,1008.55,29.70,74.86,1008.54,0,0,MANUAL,1,1,1,
2026-09-25 19:49:23,A2-decay,2351000,29.08,89.53,1008.60,29.69,74.98,1008.58,0,0,MANUAL,1,1,1,
2026-09-25 19:49:24,A2-decay,2352000,29.07,89.15,1008.53,29.69,74.91,1008.50,0,0,MANUAL,1,1,1,
2026-09-25 19:49:25,A2-decay,2353000,29.07,89.03,1008.55,29.69,74.98,1008.58,0,0,MANUAL,1,1,1,
2026-09-25 19:49:26,A2-decay,2354000,29.06,89.07,1008.52,29.69,74.94,1008.55,0,0,MANUAL,1,1,1,
2026-09-25 19:49:27,A2-decay,2355000,29.06,89.38,1008.49,29.68,74.93,1008.59,0,0,MANUAL,1,1,1,
2026-09-25 19:49:28,A2-decay,2356000,29.07,89.38,1008.53,29.68,75.05,1008.59,0,0,MANUAL,1,1,1,
2026-09-25 19:49:29,A2-decay,2357000,29.03,89.44,1008.50,29.68,74.93,1008.53,0,0,MANUAL,1,1,1,
2026-09-25 19:49:30,A2-decay,2358000,29.02,89.16,1008.54,29.67,75.04,1008.53,0,0,MANUAL,1,1,1,
2026-09-25 19:49:31,A2-decay,2359000,29.03,89.50,1008.52,29.67,74.96,1008.55,0,0,MANUAL,1,1,1,
2026-09-25 19:49:32,A2-decay,2360000,29.03,89.39,1008.52,29.68,75.14,1008.54,0,0,MANUAL,1,1,1,
2026-09-25 19:49:33,A2-decay,2361000,29.05,88.92,1008.50,29.67,75.13,1008.53,0,0,MANUAL,1,1,1,
2026-09-25 19:49:34,A2-decay,2362000,29.03,89.54,1008.55,29.68,74.99,1008.56,0,0,MANUAL,1,1,1,
2026-09-25 19:49:35,A2-decay,2363000,29.05,89.48,1008.47,29.68,75.05,1008.57,0,0,MANUAL,1,1,1,
2026-09-25 19:49:36,A2-decay,2364000,29.07,89.16,1008.56,29.68,75.25,1008.51,0,0,MANUAL,1,1,1,
2026-09-25 19:49:37,A2-decay,2365000,29.07,89.09,1008.50,29.68,75.00,1008.56,0,0,MANUAL,1,1,1,
2026-09-25 19:49:38,A2-decay,2366000,29.07,89.50,1008.50,29.68,75.18,1008.51,0,0,MANUAL,1,1,1,
2026-09-25 19:49:39,A2-decay,2367000,29.07,89.41,1008.51,29.68,75.10,1008.51,0,0,MANUAL,1,1,1,
2026-09-25 19:49:40,A2-decay,2368000,29.07,89.63,1008.53,29.68,75.14,1008.52,0,0,MANUAL,1,1,1,
2026-09-25 19:49:41,A2-decay,2369000,29.05,89.07,1008.55,29.69,75.19,1008.58,0,0,MANUAL,1,1,1,
2026-09-25 19:49:42,A2-decay,2370000,29.03,89.56,1008.55,29.68,75.41,1008.54,0,0,MANUAL,1,1,1,
2026-09-25 19:49:43,A2-decay,2371000,29.04,89.15,1008.51,29.69,75.26,1008.55,0,0,MANUAL,1,1,1,
2026-09-25 19:49:44,A2-decay,2372000,29.03,89.29,1008.44,29.69,75.07,1008.59,0,0,MANUAL,1,1,1,
2026-09-25 19:49:45,A2-decay,2373000,29.04,89.43,1008.59,29.69,75.19,1008.53,0,0,MANUAL,1,1,1,
2026-09-25 19:49:46,A2-decay,2374000,29.04,89.19,1008.50,29.69,75.15,1008.55,0,0,MANUAL,1,1,1,
2026-09-25 19:49:47,A2-decay,2375000,29.03,89.00,1008.55,29.70,75.13,1008.54,0,0,MANUAL,1,1,1,
2026-09-25 19:49:48,A2-decay,2376000,29.03,89.37,1008.44,29.70,75.18,1008.62,0,0,MANUAL,1,1,1,
2026-09-25 19:49:49,A2-decay,2377000,29.04,89.55,1008.51,29.70,75.20,1008.54,0,0,MANUAL,1,1,1,
2026-09-25 19:49:50,A2-decay,2378000,29.03,89.45,1008.47,29.70,75.33,1008.48,0,0,MANUAL,1,1,1,
2026-09-25 19:49:51,A2-decay,2379000,29.04,89.52,1008.53,29.70,75.12,1008.49,0,0,MANUAL,1,1,1,
2026-09-25 19:49:52,A2-decay,2380000,29.04,89.50,1008.56,29.71,75.13,1008.56,0,0,MANUAL,1,1,1,
2026-09-25 19:49:53,A2-decay,2381000,29.03,89.38,1008.52,29.70,75.14,1008.57,0,0,MANUAL,1,1,1,
2026-09-25 19:49:54,A2-decay,2382000,29.03,89.51,1008.50,29.70,75.05,1008.57,0,0,MANUAL,1,1,1,
2026-09-25 19:49:55,A2-decay,2383000,29.02,89.36,1008.48,29.71,75.08,1008.56,0,0,MANUAL,1,1,1,
2026-09-25 19:49:56,A2-decay,2384000,29.02,89.68,1008.54,29.71,75.11,1008.56,0,0,MANUAL,1,1,1,
2026-09-25 19:49:57,A2-decay,2385000,29.02,89.22,1008.48,29.71,75.02,1008.54,0,0,MANUAL,1,1,1,
2026-09-25 19:49:58,A2-decay,2386000,29.00,89.39,1008.53,29.70,74.96,1008.55,0,0,MANUAL,1,1,1,
2026-09-25 19:49:59,A2-decay,2387000,29.01,89.10,1008.58,29.71,75.12,1008.54,0,0,MANUAL,1,1,1,
2026-09-25 19:50:00,A2-decay,2388000,29.03,89.41,1008.52,29.71,74.97,1008.56,0,0,MANUAL,1,1,1,
2026-09-25 19:50:01,A2-decay,2389000,29.02,89.50,1008.47,29.73,74.92,1008.59,0,0,MANUAL,1,1,1,
2026-09-25 19:50:02,A2-decay,2390000,29.02,89.12,1008.51,29.72,75.24,1008.52,0,0,MANUAL,1,1,1,
2026-09-25 19:50:03,A2-decay,2391000,29.03,89.33,1008.54,29.72,75.17,1008.55,0,0,MANUAL,1,1,1,
2026-09-25 19:50:04,A2-decay,2392000,29.02,89.04,1008.53,29.72,75.05,1008.54,0,0,MANUAL,1,1,1,
2026-09-25 19:50:05,A2-decay,2393000,29.03,89.25,1008.55,29.72,75.18,1008.52,0,0,MANUAL,1,1,1,
2026-09-25 19:50:06,A2-decay,2394000,29.03,89.44,1008.54,29.72,75.02,1008.54,0,0,MANUAL,1,1,1,
2026-09-25 19:50:07,A2-decay,2395000,29.02,89.40,1008.51,29.72,75.03,1008.58,0,0,MANUAL,1,1,1,
2026-09-25 19:50:08,A2-decay,2396000,29.04,89.00,1008.53,29.73,75.22,1008.53,0,0,MANUAL,1,1,1,
2026-09-25 19:50:09,A2-decay,2397000,29.03,89.40,1008.50,29.73,75.11,1008.59,0,0,MANUAL,1,1,1,
2026-09-25 19:50:10,A2-decay,2398000,29.03,89.34,1008.55,29.74,75.02,1008.52,0,0,MANUAL,1,1,1,
2026-09-25 19:50:11,A2-decay,2399000,29.02,89.34,1008.51,29.72,75.28,1008.52,0,0,MANUAL,1,1,1,
2026-09-25 19:50:12,A2-decay,2400000,29.02,89.08,1008.51,29.73,75.12,1008.62,0,0,MANUAL,1,1,1,
2026-09-25 19:50:13,A2-decay,2401000,29.03,89.42,1008.50,29.74,75.19,1008.52,0,0,MANUAL,1,1,1,
2026-09-25 19:50:14,A2-decay,2402000,29.01,89.44,1008.52,29.74,75.00,1008.52,0,0,MANUAL,1,1,1,
2026-09-25 19:50:15,A2-decay,2403000,29.02,89.30,1008.54,29.74,75.09,1008.56,0,0,MANUAL,1,1,1,
2026-09-25 19:50:16,A2-decay,2404000,29.02,89.10,1008.47,29.75,75.24,1008.56,0,0,MANUAL,1,1,1,
2026-09-25 19:50:17,A2-decay,2405000,29.03,89.04,1008.50,29.74,75.20,1008.56,0,0,MANUAL,1,1,1,
2026-09-25 19:50:18,A2-decay,2406000,29.02,89.36,1008.53,29.75,75.13,1008.54,0,0,MANUAL,1,1,1,
2026-09-25 19:50:19,A2-decay,2407000,29.01,89.19,1008.55,29.75,75.23,1008.54,0,0,MANUAL,1,1,1,
2026-09-25 19:50:20,A2-decay,2408000,29.02,89.36,1008.47,29.75,75.20,1008.51,0,0,MANUAL,1,1,1,
2026-09-25 19:50:21,A2-decay,2409000,29.01,88.98,1008.52,29.75,75.09,1008.56,0,0,MANUAL,1,1,1,
2026-09-25 19:50:22,A2-decay,2410000,29.02,89.47,1008.50,29.75,74.84,1008.52,0,0,MANUAL,1,1,1,
2026-09-25 19:50:23,A2-decay,2411000,29.01,89.15,1008.54,29.76,75.00,1008.52,0,0,MANUAL,1,1,1,
2026-09-25 19:50:24,A2-decay,2412000,29.02,89.25,1008.53,29.76,75.01,1008.52,0,0,MANUAL,1,1,1,
2026-09-25 19:50:25,A2-decay,2413000,29.01,89.47,1008.58,29.76,74.92,1008.53,0,0,MANUAL,1,1,1,
2026-09-25 19:50:26,A2-decay,2414000,29.02,89.45,1008.56,29.76,74.93,1008.47,0,0,MANUAL,1,1,1,
2026-09-25 19:50:27,A2-decay,2415000,29.01,89.08,1008.49,29.77,74.98,1008.60,0,0,MANUAL,1,1,1,
2026-09-25 19:50:28,A2-decay,2416000,29.03,89.30,1008.54,29.76,74.97,1008.53,0,0,MANUAL,1,1,1,
2026-09-25 19:50:29,A2-decay,2417000,29.02,89.51,1008.51,29.77,74.84,1008.54,0,0,MANUAL,1,1,1,
2026-09-25 19:50:30,A2-decay,2418000,29.03,89.09,1008.50,29.77,74.87,1008.54,0,0,MANUAL,1,1,1,
2026-09-25 19:50:31,A2-decay,2419000,29.02,89.36,1008.54,29.77,75.03,1008.58,0,0,MANUAL,1,1,1,
2026-09-25 19:50:32,A2-decay,2420000,29.03,89.25,1008.55,29.77,74.96,1008.58,0,0,MANUAL,1,1,1,
2026-09-25 19:50:33,A2-decay,2421000,29.03,89.46,1008.57,29.76,74.96,1008.51,0,0,MANUAL,1,1,1,
2026-09-25 19:50:34,A2-decay,2422000,29.03,89.61,1008.58,29.77,74.88,1008.52,0,0,MANUAL,1,1,1,
2026-09-25 19:50:35,A2-decay,2423000,29.03,89.45,1008.50,29.77,74.86,1008.51,0,0,MANUAL,1,1,1,
2026-09-25 19:50:36,A2-decay,2424000,29.04,89.24,1008.59,29.78,74.83,1008.56,0,0,MANUAL,1,1,1,
2026-09-25 19:50:37,A2-decay,2425000,29.02,89.31,1008.47,29.77,74.86,1008.60,0,0,MANUAL,1,1,1,
2026-09-25 19:50:38,A2-decay,2426000,29.03,89.42,1008.54,29.78,74.83,1008.54,0,0,MANUAL,1,1,1,
2026-09-25 19:50:39,A2-decay,2427000,29.02,89.42,1008.62,29.78,74.87,1008.50,0,0,MANUAL,1,1,1,
2026-09-25 19:50:40,A2-decay,2428000,29.02,89.54,1008.54,29.78,74.82,1008.56,0,0,MANUAL,1,1,1,
2026-09-25 19:50:41,A2-decay,2429000,29.01,88.86,1008.52,29.79,74.96,1008.66,0,0,MANUAL,1,1,1,
2026-09-25 19:50:42,A2-decay,2430000,29.02,89.46,1008.54,29.78,74.93,1008.56,0,0,MANUAL,1,1,1,
2026-09-25 19:50:43,A2-decay,2431000,29.00,89.33,1008.48,29.78,75.01,1008.62,0,0,MANUAL,1,1,1,
2026-09-25 19:50:44,A2-decay,2432000,29.01,89.51,1008.51,29.79,74.79,1008.60,0,0,MANUAL,1,1,1,
2026-09-25 19:50:45,A2-decay,2433000,29.01,89.19,1008.52,29.78,75.02,1008.59,0,0,MANUAL,1,1,1,
2026-09-25 19:50:46,A2-decay,2434000,28.99,89.47,1008.48,29.79,74.88,1008.52,0,0,MANUAL,1,1,1,
2026-09-25 19:50:47,A2-decay,2435000,29.00,89.45,1008.48,29.78,74.84,1008.56,0,0,MANUAL,1,1,1,
2026-09-25 19:50:48,A2-decay,2436000,29.01,88.85,1008.54,29.79,74.87,1008.57,0,0,MANUAL,1,1,1,
2026-09-25 19:50:49,A2-decay,2437000,29.01,89.38,1008.58,29.79,74.92,1008.57,0,0,MANUAL,1,1,1,
2026-09-25 19:50:50,A2-decay,2438000,28.99,89.11,1008.49,29.80,74.86,1008.56,0,0,MANUAL,1,1,1,
2026-09-25 19:50:51,A2-decay,2439000,28.99,89.25,1008.54,29.80,74.91,1008.62,0,0,MANUAL,1,1,1,
2026-09-25 19:50:52,A2-decay,2440000,28.99,89.53,1008.57,29.80,74.90,1008.54,0,0,MANUAL,1,1,1,
2026-09-25 19:50:53,A2-decay,2441000,29.00,89.01,1008.56,29.81,75.08,1008.60,0,0,MANUAL,1,1,1,
2026-09-25 19:50:54,A2-decay,2442000,29.01,89.09,1008.57,29.80,75.08,1008.56,0,0,MANUAL,1,1,1,
2026-09-25 19:50:55,A2-decay,2443000,29.01,89.44,1008.49,29.81,74.82,1008.55,0,0,MANUAL,1,1,1,
2026-09-25 19:50:56,A2-decay,2444000,29.01,89.14,1008.58,29.81,75.08,1008.58,0,0,MANUAL,1,1,1,
2026-09-25 19:50:57,A2-decay,2445000,29.01,88.92,1008.55,29.81,74.81,1008.59,0,0,MANUAL,1,1,1,
2026-09-25 19:50:58,A2-decay,2446000,29.01,89.01,1008.62,29.81,74.85,1008.55,0,0,MANUAL,1,1,1,
2026-09-25 19:50:59,A2-decay,2447000,29.01,89.63,1008.58,29.81,74.93,1008.49,0,0,MANUAL,1,1,1,
2026-09-25 19:51:00,A2-decay,2448000,29.00,88.96,1008.48,29.81,75.11,1008.55,0,0,MANUAL,1,1,1,
2026-09-25 19:51:01,A2-decay,2449000,29.01,89.07,1008.54,29.81,75.09,1008.59,0,0,MANUAL,1,1,1,
2026-09-25 19:51:02,A2-decay,2450000,29.00,89.05,1008.56,29.81,75.10,1008.63,0,0,MANUAL,1,1,1,
2026-09-25 19:51:03,A2-decay,2451000,28.99,89.50,1008.60,29.81,75.02,1008.64,0,0,MANUAL,1,1,1,
2026-09-25 19:51:04,A2-decay,2452000,29.00,89.03,1008.59,29.82,74.78,1008.62,0,0,MANUAL,1,1,1,
2026-09-25 19:51:05,A2-decay,2453000,28.99,89.43,1008.60,29.81,74.73,1008.60,0,0,MANUAL,1,1,1,
2026-09-25 19:51:05,A2-decay,2454000,29.00,89.16,1008.55,29.81,74.73,1008.60,0,0,MANUAL,1,1,1,
2026-09-25 19:51:07,A2-decay,2455000,28.98,89.00,1008.56,29.81,74.83,1008.67,0,0,MANUAL,1,1,1,
2026-09-25 19:51:08,A2-decay,2456000,29.00,89.12,1008.58,29.81,74.72,1008.61,0,0,MANUAL,1,1,1,
2026-09-25 19:51:09,A2-decay,2457000,29.00,89.12,1008.53,29.81,74.79,1008.58,0,0,MANUAL,1,1,1,
2026-09-25 19:51:10,A2-decay,2458000,29.00,89.17,1008.52,29.81,74.91,1008.60,0,0,MANUAL,1,1,1,
2026-09-25 19:51:11,A2-decay,2459000,29.01,89.03,1008.58,29.81,74.84,1008.60,0,0,MANUAL,1,1,1,
2026-09-25 19:51:12,A2-decay,2460000,29.01,89.07,1008.51,29.81,74.87,1008.66,0,0,MANUAL,1,1,1,
2026-09-25 19:51:13,A2-decay,2461000,29.02,88.97,1008.56,29.80,74.98,1008.59,0,0,MANUAL,1,1,1,
2026-09-25 19:51:14,A2-decay,2462000,29.02,88.99,1008.58,29.80,75.07,1008.59,0,0,MANUAL,1,1,1,
2026-09-25 19:51:15,A2-decay,2463000,29.01,89.29,1008.55,29.81,74.80,1008.60,0,0,MANUAL,1,1,1,
2026-09-25 19:51:16,A2-decay,2464000,29.01,89.00,1008.46,29.80,74.90,1008.59,0,0,MANUAL,1,1,1,
2026-09-25 19:51:17,A2-decay,2465000,29.01,89.18,1008.52,29.79,74.91,1008.55,0,0,MANUAL,1,1,1,
2026-09-25 19:51:18,A2-decay,2466000,29.01,89.06,1008.55,29.80,74.98,1008.54,0,0,MANUAL,1,1,1,
2026-09-25 19:51:19,A2-decay,2467000,28.98,88.97,1008.58,29.80,74.84,1008.60,0,0,MANUAL,1,1,1,
2026-09-25 19:51:20,A2-decay,2468000,29.00,88.95,1008.55,29.79,74.67,1008.58,0,0,MANUAL,1,1,1,
2026-09-25 19:51:21,A2-decay,2469000,28.99,89.59,1008.54,29.80,74.86,1008.62,0,0,MANUAL,1,1,1,
2026-09-25 19:51:22,A2-decay,2470000,29.01,88.98,1008.57,29.80,74.95,1008.59,0,0,MANUAL,1,1,1,
2026-09-25 19:51:23,A2-decay,2471000,29.00,89.53,1008.55,29.80,74.92,1008.59,0,0,MANUAL,1,1,1,
2026-09-25 19:51:24,A2-decay,2472000,29.00,88.96,1008.53,29.79,74.87,1008.57,0,0,MANUAL,1,1,1,
2026-09-25 19:51:25,A2-decay,2473000,29.01,89.38,1008.54,29.80,74.88,1008.64,0,0,MANUAL,1,1,1,
2026-09-25 19:51:26,A2-decay,2474000,29.01,89.34,1008.54,29.80,75.00,1008.59,0,0,MANUAL,1,1,1,
2026-09-25 19:51:27,A2-decay,2475000,29.01,89.14,1008.57,29.80,74.86,1008.53,0,0,MANUAL,1,1,1,
2026-09-25 19:51:28,A2-decay,2476000,29.00,89.27,1008.50,29.79,74.80,1008.55,0,0,MANUAL,1,1,1,
2026-09-25 19:51:29,A2-decay,2477000,28.99,89.24,1008.56,29.79,74.88,1008.63,0,0,MANUAL,1,1,1,
2026-09-25 19:51:30,A2-decay,2478000,29.00,88.99,1008.56,29.79,74.94,1008.52,0,0,MANUAL,1,1,1,
2026-09-25 19:51:31,A2-decay,2479000,29.00,89.22,1008.56,29.79,74.82,1008.60,0,0,MANUAL,1,1,1,
2026-09-25 19:51:32,A2-decay,2480000,29.00,89.43,1008.58,29.79,74.84,1008.58,0,0,MANUAL,1,1,1,
2026-09-25 19:51:33,A2-decay,2481000,29.02,89.36,1008.59,29.80,74.86,1008.59,0,0,MANUAL,1,1,1,
2026-09-25 19:51:34,A2-decay,2482000,29.01,89.33,1008.54,29.79,74.88,1008.58,0,0,MANUAL,1,1,1,
2026-09-25 19:51:35,A2-decay,2483000,29.01,89.20,1008.54,29.79,74.90,1008.60,0,0,MANUAL,1,1,1,
2026-09-25 19:51:36,A2-decay,2484000,28.99,88.90,1008.52,29.79,74.90,1008.55,0,0,MANUAL,1,1,1,
2026-09-25 19:51:37,A2-decay,2485000,28.98,89.29,1008.53,29.80,74.79,1008.62,0,0,MANUAL,1,1,1,
2026-09-25 19:51:38,A2-decay,2486000,29.01,88.98,1008.51,29.79,74.92,1008.63,0,0,MANUAL,1,1,1,
2026-09-25 19:51:39,A2-decay,2487000,28.99,88.94,1008.54,29.78,74.92,1008.59,0,0,MANUAL,1,1,1,
2026-09-25 19:51:40,A2-decay,2488000,28.99,88.94,1008.54,29.79,75.01,1008.61,0,0,MANUAL,1,1,1,
2026-09-25 19:51:41,A2-decay,2489000,29.01,89.00,1008.57,29.80,74.85,1008.64,0,0,MANUAL,1,1,1,
2026-09-25 19:51:42,A2-decay,2490000,29.01,88.95,1008.51,29.79,74.82,1008.57,0,0,MANUAL,1,1,1,
2026-09-25 19:51:43,A2-decay,2491000,29.01,89.23,1008.57,29.78,74.74,1008.62,0,0,MANUAL,1,1,1,
2026-09-25 19:51:44,A2-decay,2492000,28.99,89.37,1008.60,29.79,74.74,1008.57,0,0,MANUAL,1,1,1,
2026-09-25 19:51:45,A2-decay,2493000,29.01,89.24,1008.57,29.79,75.05,1008.66,0,0,MANUAL,1,1,1,
2026-09-25 19:51:46,A2-decay,2494000,29.01,89.25,1008.57,29.79,74.81,1008.60,0,0,MANUAL,1,1,1,
2026-09-25 19:51:47,A2-decay,2495000,29.01,89.00,1008.58,29.79,74.95,1008.66,0,0,MANUAL,1,1,1,
2026-09-25 19:51:48,A2-decay,2496000,29.01,88.86,1008.55,29.79,74.93,1008.60,0,0,MANUAL,1,1,1,
2026-09-25 19:51:49,A2-decay,2497000,29.01,89.17,1008.58,29.79,74.72,1008.60,0,0,MANUAL,1,1,1,
2026-09-25 19:51:50,A2-decay,2498000,29.01,88.99,1008.54,29.78,74.81,1008.61,0,0,MANUAL,1,1,1,
2026-09-25 19:51:51,A2-decay,2499000,29.02,89.06,1008.58,29.78,74.92,1008.62,0,0,MANUAL,1,1,1,
2026-09-25 19:51:52,A2-decay,2500000,29.00,89.18,1008.56,29.78,74.89,1008.54,0,0,MANUAL,1,1,1,
2026-09-25 19:51:53,A2-decay,2501000,29.01,89.06,1008.51,29.78,74.89,1008.64,0,0,MANUAL,1,1,1,
2026-09-25 19:51:54,A2-decay,2502000,29.02,89.06,1008.54,29.78,74.85,1008.68,0,0,MANUAL,1,1,1,
2026-09-25 19:51:55,A2-decay,2503000,29.02,89.03,1008.56,29.78,74.75,1008.58,0,0,MANUAL,1,1,1,
2026-09-25 19:51:56,A2-decay,2504000,29.01,89.06,1008.55,29.79,74.76,1008.63,0,0,MANUAL,1,1,1,
2026-09-25 19:51:57,A2-decay,2505000,29.01,89.20,1008.60,29.78,74.79,1008.58,0,0,MANUAL,1,1,1,
2026-09-25 19:51:58,A2-decay,2506000,29.00,88.99,1008.52,29.78,74.85,1008.62,0,0,MANUAL,1,1,1,
2026-09-25 19:51:59,A2-decay,2507000,29.01,89.25,1008.58,29.78,74.78,1008.56,0,0,MANUAL,1,1,1,
2026-09-25 19:51:59,A2-decay,2508000,29.01,89.03,1008.58,29.78,74.67,1008.62,0,0,MANUAL,1,1,1,
2026-09-25 19:52:01,A2-decay,2509000,29.02,89.11,1008.56,29.79,74.92,1008.60,0,0,MANUAL,1,1,1,
2026-09-25 19:52:02,A2-decay,2510000,29.02,88.85,1008.47,29.78,74.83,1008.62,0,0,MANUAL,1,1,1,
2026-09-25 19:52:03,A2-decay,2511000,29.02,89.12,1008.59,29.78,75.04,1008.59,0,0,MANUAL,1,1,1,
2026-09-25 19:52:04,A2-decay,2512000,29.02,88.84,1008.54,29.78,74.79,1008.56,0,0,MANUAL,1,1,1,
2026-09-25 19:52:05,A2-decay,2513000,29.01,89.09,1008.55,29.78,74.92,1008.58,0,0,MANUAL,1,1,1,
2026-09-25 19:52:06,A2-decay,2514000,29.02,89.21,1008.58,29.78,74.83,1008.56,0,0,MANUAL,1,1,1,
2026-09-25 19:52:07,A2-decay,2515000,29.02,89.07,1008.59,29.78,74.85,1008.62,0,0,MANUAL,1,1,1,
2026-09-25 19:52:07,A2-decay,2516000,29.02,89.23,1008.58,29.78,74.84,1008.56,0,0,MANUAL,1,1,1,
2026-09-25 19:52:09,A2-decay,2517000,29.02,89.22,1008.56,29.78,74.88,1008.58,0,0,MANUAL,1,1,1,
2026-09-25 19:52:10,A2-decay,2518000,29.02,89.35,1008.56,29.78,74.81,1008.61,0,0,MANUAL,1,1,1,
2026-09-25 19:52:11,A2-decay,2519000,29.02,89.04,1008.62,29.78,74.84,1008.67,0,0,MANUAL,1,1,1,
2026-09-25 19:52:12,A2-decay,2520000,29.01,89.22,1008.58,29.78,74.89,1008.61,0,0,MANUAL,1,1,1,
2026-09-25 19:52:13,A2-decay,2521000,29.01,89.49,1008.57,29.78,74.64,1008.68,0,0,MANUAL,1,1,1,
2026-09-25 19:52:14,A2-decay,2522000,29.01,89.25,1008.58,29.77,74.72,1008.63,0,0,MANUAL,1,1,1,
2026-09-25 19:52:15,A2-decay,2523000,29.00,89.08,1008.62,29.77,74.74,1008.60,0,0,MANUAL,1,1,1,
2026-09-25 19:52:16,A2-decay,2524000,29.01,88.96,1008.60,29.78,74.84,1008.67,0,0,MANUAL,1,1,1,
2026-09-25 19:52:17,A2-decay,2525000,29.00,89.21,1008.62,29.78,74.71,1008.58,0,0,MANUAL,1,1,1,
2026-09-25 19:52:18,A2-decay,2526000,29.02,89.02,1008.50,29.78,74.79,1008.62,0,0,MANUAL,1,1,1,
2026-09-25 19:52:19,A2-decay,2527000,29.01,89.18,1008.57,29.77,74.77,1008.60,0,0,MANUAL,1,1,1,
2026-09-25 19:52:20,A2-decay,2528000,29.01,89.04,1008.58,29.77,74.83,1008.62,0,0,MANUAL,1,1,1,
2026-09-25 19:52:21,A2-decay,2529000,29.02,89.08,1008.58,29.77,74.86,1008.66,0,0,MANUAL,1,1,1,
2026-09-25 19:52:22,A2-decay,2530000,29.01,89.24,1008.57,29.77,74.85,1008.69,0,0,MANUAL,1,1,1,
2026-09-25 19:52:23,A2-decay,2531000,29.01,89.23,1008.57,29.77,74.69,1008.65,0,0,MANUAL,1,1,1,
2026-09-25 19:52:24,A2-decay,2532000,29.00,89.22,1008.56,29.77,74.76,1008.62,0,0,MANUAL,1,1,1,
2026-09-25 19:52:25,A2-decay,2533000,29.01,89.23,1008.54,29.77,74.68,1008.65,0,0,MANUAL,1,1,1,
2026-09-25 19:52:26,A2-decay,2534000,29.01,89.14,1008.60,29.77,74.69,1008.62,0,0,MANUAL,1,1,1,
2026-09-25 19:52:27,A2-decay,2535000,29.01,89.04,1008.58,29.77,74.76,1008.58,0,0,MANUAL,1,1,1,
2026-09-25 19:52:28,A2-decay,2536000,29.00,89.14,1008.56,29.77,74.69,1008.65,0,0,MANUAL,1,1,1,
2026-09-25 19:52:29,A2-decay,2537000,29.01,88.86,1008.62,29.76,74.82,1008.59,0,0,MANUAL,1,1,1,
2026-09-25 19:52:30,A2-decay,2538000,29.01,88.79,1008.55,29.77,74.94,1008.60,0,0,MANUAL,1,1,1,
2026-09-25 19:52:31,A2-decay,2539000,29.01,89.18,1008.58,29.76,74.87,1008.64,0,0,MANUAL,1,1,1,
2026-09-25 19:52:32,A2-decay,2540000,29.03,89.10,1008.61,29.77,74.72,1008.65,0,0,MANUAL,1,1,1,
2026-09-25 19:52:33,A2-decay,2541000,29.02,89.22,1008.59,29.77,75.11,1008.65,0,0,MANUAL,1,1,1,
2026-09-25 19:52:34,A2-decay,2542000,29.02,88.96,1008.54,29.77,74.80,1008.60,0,0,MANUAL,1,1,1,
2026-09-25 19:52:35,A2-decay,2543000,29.02,89.05,1008.54,29.76,74.91,1008.58,0,0,MANUAL,1,1,1,
2026-09-25 19:52:36,A2-decay,2544000,29.02,88.85,1008.53,29.77,74.74,1008.63,0,0,MANUAL,1,1,1,
2026-09-25 19:52:37,A2-decay,2545000,29.01,89.12,1008.58,29.77,74.96,1008.66,0,0,MANUAL,1,1,1,
2026-09-25 19:52:38,A2-decay,2546000,29.01,88.85,1008.65,29.78,74.85,1008.64,0,0,MANUAL,1,1,1,
2026-09-25 19:52:39,A2-decay,2547000,29.00,88.79,1008.56,29.77,74.80,1008.60,0,0,MANUAL,1,1,1,
2026-09-25 19:52:40,A2-decay,2548000,29.02,89.07,1008.64,29.77,74.85,1008.68,0,0,MANUAL,1,1,1,
2026-09-25 19:52:41,A2-decay,2549000,29.01,89.01,1008.60,29.77,74.72,1008.66,0,0,MANUAL,1,1,1,
2026-09-25 19:52:42,A2-decay,2550000,29.01,88.89,1008.63,29.77,74.85,1008.60,0,0,MANUAL,1,1,1,
2026-09-25 19:52:43,A2-decay,2551000,29.01,88.74,1008.58,29.77,74.89,1008.63,0,0,MANUAL,1,1,1,
2026-09-25 19:52:44,A2-decay,2552000,29.03,89.35,1008.60,29.77,74.68,1008.68,0,0,MANUAL,1,1,1,
2026-09-25 19:52:45,A2-decay,2553000,29.02,88.98,1008.56,29.78,74.87,1008.67,0,0,MANUAL,1,1,1,
2026-09-25 19:52:46,A2-decay,2554000,29.02,89.05,1008.56,29.77,74.93,1008.60,0,0,MANUAL,1,1,1,
2026-09-25 19:52:47,A2-decay,2555000,29.02,89.06,1008.59,29.77,74.84,1008.60,0,0,MANUAL,1,1,1,
2026-09-25 19:52:48,A2-decay,2556000,29.02,88.88,1008.59,29.77,74.76,1008.60,0,0,MANUAL,1,1,1,
2026-09-25 19:52:49,A2-decay,2557000,29.02,88.98,1008.58,29.77,74.77,1008.60,0,0,MANUAL,1,1,1,
2026-09-25 19:52:50,A2-decay,2558000,29.03,88.84,1008.63,29.77,74.74,1008.62,0,0,MANUAL,1,1,1,
2026-09-25 19:52:51,A2-decay,2559000,29.02,89.31,1008.56,29.77,74.93,1008.60,0,0,MANUAL,1,1,1,
2026-09-25 19:52:52,A2-decay,2560000,29.02,89.39,1008.58,29.77,74.67,1008.60,0,0,MANUAL,1,1,1,
2026-09-25 19:52:53,A2-decay,2561000,29.02,88.76,1008.61,29.77,74.77,1008.65,0,0,MANUAL,1,1,1,
2026-09-25 19:52:54,A2-decay,2562000,29.02,89.19,1008.59,29.76,74.82,1008.62,0,0,MANUAL,1,1,1,
2026-09-25 19:52:55,A2-decay,2563000,29.03,89.32,1008.60,29.77,74.80,1008.60,0,0,MANUAL,1,1,1,
2026-09-25 19:52:56,A2-decay,2564000,29.02,88.68,1008.59,29.77,74.67,1008.66,0,0,MANUAL,1,1,1,
2026-09-25 19:52:57,A2-decay,2565000,29.02,89.05,1008.54,29.77,74.71,1008.66,0,0,MANUAL,1,1,1,
2026-09-25 19:52:58,A2-decay,2566000,29.02,89.19,1008.58,29.77,74.69,1008.63,0,0,MANUAL,1,1,1,
2026-09-25 19:52:59,A2-decay,2567000,29.02,89.36,1008.56,29.77,74.89,1008.69,0,0,MANUAL,1,1,1,
2026-09-25 19:53:00,A2-decay,2568000,29.01,89.14,1008.58,29.77,74.88,1008.66,0,0,MANUAL,1,1,1,
2026-09-25 19:53:01,A2-decay,2569000,29.01,89.25,1008.60,29.77,74.97,1008.65,0,0,MANUAL,1,1,1,
2026-09-25 19:53:02,A2-decay,2570000,29.02,88.98,1008.53,29.77,74.78,1008.60,0,0,MANUAL,1,1,1,
2026-09-25 19:53:03,A2-decay,2571000,29.01,88.83,1008.63,29.78,75.05,1008.65,0,0,MANUAL,1,1,1,
2026-09-25 19:53:04,A2-decay,2572000,29.02,88.98,1008.64,29.78,74.85,1008.61,0,0,MANUAL,1,1,1,
2026-09-25 19:53:05,A2-decay,2573000,29.01,89.14,1008.58,29.78,74.72,1008.58,0,0,MANUAL,1,1,1,
2026-09-25 19:53:06,A2-decay,2574000,29.00,89.14,1008.56,29.77,74.93,1008.66,0,0,MANUAL,1,1,1,
2026-09-25 19:53:07,A2-decay,2575000,29.03,89.23,1008.60,29.78,74.79,1008.61,0,0,MANUAL,1,1,1,
2026-09-25 19:53:08,A2-decay,2576000,29.05,89.30,1008.55,29.78,74.94,1008.65,0,0,MANUAL,1,1,1,
2026-09-25 19:53:09,A2-decay,2577000,29.05,89.03,1008.59,29.78,74.82,1008.62,0,0,MANUAL,1,1,1,
2026-09-25 19:53:10,A2-decay,2578000,29.03,88.59,1008.57,29.78,74.84,1008.67,0,0,MANUAL,1,1,1,
2026-09-25 19:53:11,A2-decay,2579000,29.03,88.57,1008.57,29.78,74.72,1008.58,0,0,MANUAL,1,1,1,
2026-09-25 19:53:12,A2-decay,2580000,29.02,89.19,1008.59,29.78,74.80,1008.61,0,0,MANUAL,1,1,1,
2026-09-25 19:53:13,A2-decay,2581000,29.02,89.22,1008.59,29.78,74.84,1008.62,0,0,MANUAL,1,1,1,
2026-09-25 19:53:14,A2-decay,2582000,29.02,89.23,1008.56,29.78,74.86,1008.65,0,0,MANUAL,1,1,1,
2026-09-25 19:53:15,A2-decay,2583000,29.02,88.98,1008.56,29.79,74.95,1008.60,0,0,MANUAL,1,1,1,
2026-09-25 19:53:16,A2-decay,2584000,29.02,88.81,1008.62,29.79,74.90,1008.66,0,0,MANUAL,1,1,1,
2026-09-25 19:53:17,A2-decay,2585000,29.03,88.80,1008.57,29.79,74.76,1008.57,0,0,MANUAL,1,1,1,
2026-09-25 19:53:18,A2-decay,2586000,29.03,88.82,1008.55,29.80,74.89,1008.59,0,0,MANUAL,1,1,1,
2026-09-25 19:53:19,A2-decay,2587000,29.03,89.02,1008.55,29.80,74.67,1008.64,0,0,MANUAL,1,1,1,
2026-09-25 19:53:20,A2-decay,2588000,29.02,88.78,1008.53,29.79,74.71,1008.63,0,0,MANUAL,1,1,1,
2026-09-25 19:53:21,A2-decay,2589000,29.03,88.77,1008.55,29.80,74.79,1008.59,0,0,MANUAL,1,1,1,
2026-09-25 19:53:22,A2-decay,2590000,29.03,89.12,1008.60,29.80,74.75,1008.62,0,0,MANUAL,1,1,1,
2026-09-25 19:53:23,A2-decay,2591000,29.02,88.67,1008.54,29.79,74.72,1008.58,0,0,MANUAL,1,1,1,
2026-09-25 19:53:24,A2-decay,2592000,29.03,88.75,1008.57,29.80,74.64,1008.59,0,0,MANUAL,1,1,1,
2026-09-25 19:53:25,A2-decay,2593000,29.03,89.20,1008.54,29.80,74.84,1008.60,0,0,MANUAL,1,1,1,
2026-09-25 19:53:26,A2-decay,2594000,29.03,89.17,1008.55,29.80,74.71,1008.65,0,0,MANUAL,1,1,1,
2026-09-25 19:53:27,A2-decay,2595000,29.04,89.20,1008.54,29.80,74.64,1008.59,0,0,MANUAL,1,1,1,
2026-09-25 19:53:28,A2-decay,2596000,29.04,89.07,1008.56,29.80,74.81,1008.54,0,0,MANUAL,1,1,1,
2026-09-25 19:53:29,A2-decay,2597000,29.04,88.93,1008.57,29.81,74.84,1008.61,0,0,MANUAL,1,1,1,
2026-09-25 19:53:30,A2-decay,2598000,29.04,88.83,1008.62,29.81,74.78,1008.67,0,0,MANUAL,1,1,1,
2026-09-25 19:53:31,A2-decay,2599000,29.03,89.12,1008.55,29.82,74.70,1008.66,0,0,MANUAL,1,1,1,
2026-09-25 19:53:32,A2-decay,2600000,29.04,88.81,1008.56,29.82,74.68,1008.59,0,0,MANUAL,1,1,1,
2026-09-25 19:53:33,A2-decay,2601000,29.03,88.84,1008.58,29.82,74.60,1008.59,0,0,MANUAL,1,1,1,
2026-09-25 19:53:34,A2-decay,2602000,29.03,88.80,1008.60,29.82,74.98,1008.62,0,0,MANUAL,1,1,1,
2026-09-25 19:53:35,A2-decay,2603000,29.03,88.91,1008.58,29.82,74.62,1008.63,0,0,MANUAL,1,1,1,
2026-09-25 19:53:36,A2-decay,2604000,29.03,89.13,1008.55,29.82,74.81,1008.65,0,0,MANUAL,1,1,1,
2026-09-25 19:53:37,A2-decay,2605000,29.04,89.15,1008.59,29.82,74.68,1008.65,0,0,MANUAL,1,1,1,
2026-09-25 19:53:38,A2-decay,2606000,29.03,88.99,1008.58,29.84,74.80,1008.65,0,0,MANUAL,1,1,1,
2026-09-25 19:53:39,A2-decay,2607000,29.04,88.91,1008.63,29.82,74.84,1008.60,0,0,MANUAL,1,1,1,
2026-09-25 19:53:40,A2-decay,2608000,29.04,89.08,1008.54,29.82,74.68,1008.60,0,0,MANUAL,1,1,1,
2026-09-25 19:53:41,A2-decay,2609000,29.05,88.89,1008.58,29.83,74.98,1008.62,0,0,MANUAL,1,1,1,
2026-09-25 19:53:42,A2-decay,2610000,29.05,89.21,1008.58,29.83,74.87,1008.59,0,0,MANUAL,1,1,1,
2026-09-25 19:53:43,A2-decay,2611000,29.04,88.96,1008.56,29.84,74.79,1008.65,0,0,MANUAL,1,1,1,
2026-09-25 19:53:44,A2-decay,2612000,29.05,88.69,1008.58,29.84,74.74,1008.71,0,0,MANUAL,1,1,1,
2026-09-25 19:53:45,A2-decay,2613000,29.05,89.16,1008.58,29.84,74.72,1008.60,0,0,MANUAL,1,1,1,
2026-09-25 19:53:46,A2-decay,2614000,29.04,89.02,1008.54,29.84,74.65,1008.63,0,0,MANUAL,1,1,1,
2026-09-25 19:53:47,A2-decay,2615000,29.05,89.00,1008.50,29.83,74.75,1008.62,0,0,MANUAL,1,1,1,
2026-09-25 19:53:48,A2-decay,2616000,29.05,88.82,1008.55,29.84,74.70,1008.63,0,0,MANUAL,1,1,1,
2026-09-25 19:53:49,A2-decay,2617000,29.05,89.25,1008.58,29.85,74.74,1008.64,0,0,MANUAL,1,1,1,
2026-09-25 19:53:50,A2-decay,2618000,29.05,88.94,1008.52,29.84,74.71,1008.61,0,0,MANUAL,1,1,1,
2026-09-25 19:53:51,A2-decay,2619000,29.04,88.99,1008.65,29.85,74.79,1008.64,0,0,MANUAL,1,1,1,
2026-09-25 19:53:52,A2-decay,2620000,29.05,89.15,1008.55,29.84,74.71,1008.61,0,0,MANUAL,1,1,1,
2026-09-25 19:53:53,A2-decay,2621000,29.04,89.21,1008.60,29.85,74.75,1008.59,0,0,MANUAL,1,1,1,
2026-09-25 19:53:54,A2-decay,2622000,29.05,88.84,1008.61,29.85,74.69,1008.70,0,0,MANUAL,1,1,1,
2026-09-25 19:53:55,A2-decay,2623000,29.05,89.20,1008.64,29.85,74.73,1008.67,0,0,MANUAL,1,1,1,
2026-09-25 19:53:55,A2-decay,2624000,29.06,88.81,1008.59,29.85,74.64,1008.64,0,0,MANUAL,1,1,1,
2026-09-25 19:53:57,A2-decay,2625000,29.04,89.08,1008.63,29.85,74.58,1008.61,0,0,MANUAL,1,1,1,
2026-09-25 19:53:58,A2-decay,2626000,29.04,88.94,1008.59,29.86,74.65,1008.66,0,0,MANUAL,1,1,1,
2026-09-25 19:53:59,A2-decay,2627000,29.03,89.17,1008.55,29.85,74.83,1008.67,0,0,MANUAL,1,1,1,
2026-09-25 19:54:00,A2-decay,2628000,29.04,89.16,1008.60,29.86,74.92,1008.63,0,0,MANUAL,1,1,1,
2026-09-25 19:54:01,A2-decay,2629000,29.03,89.27,1008.58,29.85,74.90,1008.57,0,0,MANUAL,1,1,1,
2026-09-25 19:54:02,A2-decay,2630000,29.04,88.66,1008.60,29.85,74.60,1008.64,0,0,MANUAL,1,1,1,
2026-09-25 19:54:03,A2-decay,2631000,29.03,89.07,1008.52,29.85,74.57,1008.65,0,0,MANUAL,1,1,1,
2026-09-25 19:54:04,A2-decay,2632000,29.04,88.64,1008.54,29.85,74.57,1008.68,0,0,MANUAL,1,1,1,
2026-09-25 19:54:05,A2-decay,2633000,29.05,88.71,1008.56,29.84,74.88,1008.63,0,0,MANUAL,1,1,1,
2026-09-25 19:54:06,A2-decay,2634000,29.05,89.12,1008.59,29.85,74.49,1008.61,0,0,MANUAL,1,1,1,
2026-09-25 19:54:07,A2-decay,2635000,29.05,89.17,1008.55,29.85,74.62,1008.64,0,0,MANUAL,1,1,1,
2026-09-25 19:54:08,A2-decay,2636000,29.04,88.97,1008.63,29.84,74.74,1008.71,0,0,MANUAL,1,1,1,
2026-09-25 19:54:09,A2-decay,2637000,29.04,89.09,1008.54,29.84,74.70,1008.65,0,0,MANUAL,1,1,1,
2026-09-25 19:54:10,A2-decay,2638000,29.05,88.89,1008.52,29.85,74.84,1008.64,0,0,MANUAL,1,1,1,
2026-09-25 19:54:11,A2-decay,2639000,29.04,89.29,1008.62,29.84,74.70,1008.66,0,0,MANUAL,1,1,1,
2026-09-25 19:54:12,A2-decay,2640000,29.05,89.05,1008.58,29.85,74.70,1008.67,0,0,MANUAL,1,1,1,
2026-09-25 19:54:13,A2-decay,2641000,29.04,89.17,1008.57,29.85,74.76,1008.64,0,0,MANUAL,1,1,1,
2026-09-25 19:54:14,A2-decay,2642000,29.04,88.75,1008.60,29.84,74.58,1008.63,0,0,MANUAL,1,1,1,
2026-09-25 19:54:15,A2-decay,2643000,29.05,89.17,1008.61,29.84,74.67,1008.63,0,0,MANUAL,1,1,1,
2026-09-25 19:54:16,A2-decay,2644000,29.05,88.74,1008.58,29.85,74.66,1008.56,0,0,MANUAL,1,1,1,
2026-09-25 19:54:17,A2-decay,2645000,29.04,89.07,1008.65,29.85,74.56,1008.68,0,0,MANUAL,1,1,1,
2026-09-25 19:54:18,A2-decay,2646000,29.04,89.28,1008.60,29.85,74.56,1008.61,0,0,MANUAL,1,1,1,
2026-09-25 19:54:19,A2-decay,2647000,29.04,89.18,1008.59,29.85,74.51,1008.62,0,0,MANUAL,1,1,1,
2026-09-25 19:54:20,A2-decay,2648000,29.05,88.81,1008.58,29.84,74.83,1008.63,0,0,MANUAL,1,1,1,
2026-09-25 19:54:21,A2-decay,2649000,29.05,88.82,1008.61,29.86,74.60,1008.66,0,0,MANUAL,1,1,1,
2026-09-25 19:54:22,A2-decay,2650000,29.05,88.87,1008.56,29.85,74.73,1008.61,0,0,MANUAL,1,1,1,
2026-09-25 19:54:23,A2-decay,2651000,29.04,88.94,1008.65,29.85,74.95,1008.64,0,0,MANUAL,1,1,1,
2026-09-25 19:54:24,A2-decay,2652000,29.05,88.47,1008.59,29.84,74.56,1008.69,0,0,MANUAL,1,1,1,
2026-09-25 19:54:25,A2-decay,2653000,29.05,89.25,1008.52,29.84,74.58,1008.72,0,0,MANUAL,1,1,1,
2026-09-25 19:54:26,A2-decay,2654000,29.05,88.95,1008.66,29.85,74.84,1008.68,0,0,MANUAL,1,1,1,
2026-09-25 19:54:27,A2-decay,2655000,29.06,89.13,1008.63,29.85,74.77,1008.67,0,0,MANUAL,1,1,1,
2026-09-25 19:54:28,A2-decay,2656000,29.05,89.29,1008.58,29.85,74.58,1008.67,0,0,MANUAL,1,1,1,
2026-09-25 19:54:29,A2-decay,2657000,29.05,88.92,1008.56,29.84,74.77,1008.66,0,0,MANUAL,1,1,1,
2026-09-25 19:54:29,A2-decay,2658000,29.04,88.65,1008.57,29.85,74.54,1008.68,0,0,MANUAL,1,1,1,
2026-09-25 19:54:31,A2-decay,2659000,29.05,89.05,1008.63,29.85,74.69,1008.61,0,0,MANUAL,1,1,1,
2026-09-25 19:54:32,A2-decay,2660000,29.05,89.03,1008.58,29.86,74.75,1008.63,0,0,MANUAL,1,1,1,
2026-09-25 19:54:33,A2-decay,2661000,29.05,89.02,1008.56,29.86,74.59,1008.60,0,0,MANUAL,1,1,1,
2026-09-25 19:54:34,A2-decay,2662000,29.04,89.21,1008.54,29.85,74.76,1008.59,0,0,MANUAL,1,1,1,
2026-09-25 19:54:35,A2-decay,2663000,29.04,89.04,1008.56,29.85,74.69,1008.64,0,0,MANUAL,1,1,1,
2026-09-25 19:54:36,A2-decay,2664000,29.04,88.70,1008.57,29.86,74.73,1008.60,0,0,MANUAL,1,1,1,
2026-09-25 19:54:36,A2-decay,2665000,29.03,89.13,1008.52,29.85,74.78,1008.64,0,0,MANUAL,1,1,1,
2026-09-25 19:54:38,A2-decay,2666000,29.04,89.20,1008.57,29.86,74.69,1008.69,0,0,MANUAL,1,1,1,
2026-09-25 19:54:39,A2-decay,2667000,29.05,89.05,1008.55,29.85,74.57,1008.68,0,0,MANUAL,1,1,1,
2026-09-25 19:54:40,A2-decay,2668000,29.05,88.89,1008.59,29.86,74.59,1008.66,0,0,MANUAL,1,1,1,
2026-09-25 19:54:41,A2-decay,2669000,29.06,88.75,1008.59,29.86,74.73,1008.58,0,0,MANUAL,1,1,1,
2026-09-25 19:54:42,A2-decay,2670000,29.06,88.57,1008.62,29.86,74.68,1008.61,0,0,MANUAL,1,1,1,
2026-09-25 19:54:43,A2-decay,2671000,29.05,88.74,1008.61,29.86,74.69,1008.60,0,0,MANUAL,1,1,1,
2026-09-25 19:54:43,A2-decay,2672000,29.04,89.15,1008.60,29.87,74.69,1008.65,0,0,MANUAL,1,1,1,
2026-09-25 19:54:45,A2-decay,2673000,29.04,89.01,1008.57,29.86,74.64,1008.58,0,0,MANUAL,1,1,1,
2026-09-25 19:54:46,A2-decay,2674000,29.05,89.15,1008.61,29.87,74.68,1008.65,0,0,MANUAL,1,1,1,
2026-09-25 19:54:47,A2-decay,2675000,29.04,89.06,1008.53,29.87,74.78,1008.59,0,0,MANUAL,1,1,1,
2026-09-25 19:54:48,A2-decay,2676000,29.06,89.02,1008.55,29.88,74.60,1008.61,0,0,MANUAL,1,1,1,
2026-09-25 19:54:49,A2-decay,2677000,29.06,89.10,1008.63,29.88,74.80,1008.66,0,0,MANUAL,1,1,1,
2026-09-25 19:54:50,A2-decay,2678000,29.05,89.08,1008.61,29.88,74.78,1008.60,0,0,MANUAL,1,1,1,
2026-09-25 19:54:51,A2-decay,2679000,29.05,88.80,1008.55,29.89,74.84,1008.64,0,0,MANUAL,1,1,1,
2026-09-25 19:54:52,A2-decay,2680000,29.05,88.86,1008.59,29.88,74.79,1008.58,0,0,MANUAL,1,1,1,
2026-09-25 19:54:53,A2-decay,2681000,29.06,88.79,1008.62,29.89,74.81,1008.68,0,0,MANUAL,1,1,1,
2026-09-25 19:54:54,A2-decay,2682000,29.06,88.73,1008.59,29.90,74.74,1008.63,0,0,MANUAL,1,1,1,
2026-09-25 19:54:55,A2-decay,2683000,29.03,88.65,1008.55,29.89,74.86,1008.59,0,0,MANUAL,1,1,1,
2026-09-25 19:54:56,A2-decay,2684000,29.05,88.81,1008.61,29.90,74.72,1008.69,0,0,MANUAL,1,1,1,
2026-09-25 19:54:57,A2-decay,2685000,29.05,88.88,1008.59,29.91,74.76,1008.59,0,0,MANUAL,1,1,1,
2026-09-25 19:54:58,A2-decay,2686000,29.06,88.76,1008.63,29.91,74.61,1008.71,0,0,MANUAL,1,1,1,
2026-09-25 19:54:59,A2-decay,2687000,29.06,88.72,1008.57,29.90,74.55,1008.69,0,0,MANUAL,1,1,1,
2026-09-25 19:55:00,A2-decay,2688000,29.07,88.73,1008.58,29.90,74.62,1008.58,0,0,MANUAL,1,1,1,
2026-09-25 19:55:01,A2-decay,2689000,29.06,88.71,1008.59,29.91,74.58,1008.59,0,0,MANUAL,1,1,1,
2026-09-25 19:55:02,A2-decay,2690000,29.07,88.76,1008.55,29.91,74.66,1008.62,0,0,MANUAL,1,1,1,
2026-09-25 19:55:03,A2-decay,2691000,29.06,88.83,1008.60,29.91,74.69,1008.68,0,0,MANUAL,1,1,1,
2026-09-25 19:55:04,A2-decay,2692000,29.07,88.82,1008.58,29.91,74.69,1008.60,0,0,MANUAL,1,1,1,
2026-09-25 19:55:05,A2-decay,2693000,29.07,89.10,1008.55,29.91,74.82,1008.65,0,0,MANUAL,1,1,1,
2026-09-25 19:55:06,A2-decay,2694000,29.08,89.03,1008.54,29.91,74.86,1008.57,0,0,MANUAL,1,1,1,
2026-09-25 19:55:07,A2-decay,2695000,29.06,89.11,1008.60,29.92,74.68,1008.61,0,0,MANUAL,1,1,1,
2026-09-25 19:55:08,A2-decay,2696000,29.07,88.96,1008.61,29.92,74.73,1008.59,0,0,MANUAL,1,1,1,
2026-09-25 19:55:09,A2-decay,2697000,29.08,89.26,1008.54,29.92,74.59,1008.56,0,0,MANUAL,1,1,1,
2026-09-25 19:55:10,A2-decay,2698000,29.07,88.64,1008.55,29.91,74.51,1008.63,0,0,MANUAL,1,1,1,
2026-09-25 19:55:11,A2-decay,2699000,29.06,89.00,1008.66,29.92,74.39,1008.61,0,0,MANUAL,1,1,1,
2026-09-25 19:55:12,A2-decay,2700000,29.08,89.04,1008.58,29.92,74.54,1008.56,0,0,MANUAL,1,1,1,
2026-09-25 19:55:13,A2-decay,2701000,29.06,88.98,1008.60,29.92,74.66,1008.61,0,0,MANUAL,1,1,1,
2026-09-25 19:55:14,A2-decay,2702000,29.08,89.09,1008.57,29.91,74.70,1008.60,0,0,MANUAL,1,1,1,
2026-09-25 19:55:15,A2-decay,2703000,29.08,89.20,1008.55,29.92,74.56,1008.62,0,0,MANUAL,1,1,1,
2026-09-25 19:55:16,A2-decay,2704000,29.07,88.71,1008.62,29.92,74.77,1008.67,0,0,MANUAL,1,1,1,
2026-09-25 19:55:17,A2-decay,2705000,29.08,88.56,1008.63,29.92,74.54,1008.58,0,0,MANUAL,1,1,1,
2026-09-25 19:55:17,A2-decay,2706000,29.09,88.92,1008.65,29.92,74.50,1008.62,0,0,MANUAL,1,1,1,
2026-09-25 19:55:19,A2-decay,2707000,29.09,88.72,1008.59,29.92,74.79,1008.62,0,0,MANUAL,1,1,1,
2026-09-25 19:55:20,A2-decay,2708000,29.08,88.50,1008.55,29.92,74.71,1008.59,0,0,MANUAL,1,1,1,
2026-09-25 19:55:21,A2-decay,2709000,29.09,88.97,1008.62,29.92,74.55,1008.59,0,0,MANUAL,1,1,1,
2026-09-25 19:55:22,A2-decay,2710000,29.08,89.03,1008.60,29.92,74.69,1008.58,0,0,MANUAL,1,1,1,
2026-09-25 19:55:23,A2-decay,2711000,29.08,89.03,1008.63,29.92,74.63,1008.55,0,0,MANUAL,1,1,1,
2026-09-25 19:55:24,A2-decay,2712000,29.07,89.04,1008.59,29.93,74.78,1008.62,0,0,MANUAL,1,1,1,
2026-09-25 19:55:25,A2-decay,2713000,29.07,88.93,1008.56,29.93,74.59,1008.57,0,0,MANUAL,1,1,1,
2026-09-25 19:55:26,A2-decay,2714000,29.05,88.69,1008.64,29.92,74.61,1008.61,0,0,MANUAL,1,1,1,
2026-09-25 19:55:27,A2-decay,2715000,29.05,88.60,1008.56,29.92,74.71,1008.66,0,0,MANUAL,1,1,1,
2026-09-25 19:55:28,A2-decay,2716000,29.07,88.84,1008.50,29.92,74.50,1008.64,0,0,MANUAL,1,1,1,
2026-09-25 19:55:29,A2-decay,2717000,29.08,88.54,1008.63,29.91,74.44,1008.57,0,0,MANUAL,1,1,1,
2026-09-25 19:55:30,A2-decay,2718000,29.07,88.77,1008.65,29.92,74.57,1008.58,0,0,MANUAL,1,1,1,
2026-09-25 19:55:31,A2-decay,2719000,29.07,88.98,1008.62,29.92,74.42,1008.62,0,0,MANUAL,1,1,1,
2026-09-25 19:55:32,A2-decay,2720000,29.07,88.84,1008.61,29.92,74.50,1008.58,0,0,MANUAL,1,1,1,
2026-09-25 19:55:33,A2-decay,2721000,29.07,88.67,1008.59,29.92,74.70,1008.64,0,0,MANUAL,1,1,1,
2026-09-25 19:55:34,A2-decay,2722000,29.06,88.99,1008.57,29.92,74.70,1008.73,0,0,MANUAL,1,1,1,
2026-09-25 19:55:35,A2-decay,2723000,29.07,89.16,1008.56,29.91,74.35,1008.65,0,0,MANUAL,1,1,1,
2026-09-25 19:55:36,A2-decay,2724000,29.08,88.56,1008.58,29.91,74.81,1008.59,0,0,MANUAL,1,1,1,
2026-09-25 19:55:37,A2-decay,2725000,29.08,88.64,1008.55,29.91,74.69,1008.56,0,0,MANUAL,1,1,1,
2026-09-25 19:55:38,A2-decay,2726000,29.08,88.77,1008.55,29.91,74.79,1008.63,0,0,MANUAL,1,1,1,
2026-09-25 19:55:39,A2-decay,2727000,29.08,88.69,1008.61,29.90,74.78,1008.56,0,0,MANUAL,1,1,1,
2026-09-25 19:55:40,A2-decay,2728000,29.08,88.81,1008.60,29.91,74.71,1008.63,0,0,MANUAL,1,1,1,
2026-09-25 19:55:41,A2-decay,2729000,29.08,88.80,1008.58,29.90,74.24,1008.56,0,0,MANUAL,1,1,1,
2026-09-25 19:55:42,A2-decay,2730000,29.08,89.05,1008.58,29.90,74.62,1008.72,0,0,MANUAL,1,1,1,
2026-09-25 19:55:43,A2-decay,2731000,29.09,88.88,1008.57,29.90,74.58,1008.61,0,0,MANUAL,1,1,1,
2026-09-25 19:55:44,A2-decay,2732000,29.09,88.66,1008.61,29.90,74.23,1008.58,0,0,MANUAL,1,1,1,
2026-09-25 19:55:45,A2-decay,2733000,29.09,89.05,1008.59,29.90,74.85,1008.64,0,0,MANUAL,1,1,1,
2026-09-25 19:55:46,A2-decay,2734000,29.09,89.05,1008.61,29.89,74.69,1008.62,0,0,MANUAL,1,1,1,
2026-09-25 19:55:47,A2-decay,2735000,29.09,88.74,1008.56,29.89,74.62,1008.62,0,0,MANUAL,1,1,1,
2026-09-25 19:55:48,A2-decay,2736000,29.09,88.86,1008.64,29.90,74.38,1008.66,0,0,MANUAL,1,1,1,
2026-09-25 19:55:49,A2-decay,2737000,29.08,88.77,1008.58,29.89,74.41,1008.65,0,0,MANUAL,1,1,1,
2026-09-25 19:55:50,A2-decay,2738000,29.06,88.57,1008.60,29.89,74.72,1008.68,0,0,MANUAL,1,1,1,
2026-09-25 19:55:51,A2-decay,2739000,29.08,89.04,1008.60,29.89,74.67,1008.68,0,0,MANUAL,1,1,1,
2026-09-25 19:55:52,A2-decay,2740000,29.08,89.03,1008.65,29.89,74.85,1008.65,0,0,MANUAL,1,1,1,
2026-09-25 19:55:53,A2-decay,2741000,29.08,88.99,1008.60,29.89,74.61,1008.62,0,0,MANUAL,1,1,1,
2026-09-25 19:55:54,A2-decay,2742000,29.09,89.01,1008.62,29.89,74.86,1008.65,0,0,MANUAL,1,1,1,
2026-09-25 19:55:55,A2-decay,2743000,29.09,88.55,1008.59,29.88,74.61,1008.63,0,0,MANUAL,1,1,1,
2026-09-25 19:55:56,A2-decay,2744000,29.08,88.84,1008.55,29.89,74.62,1008.70,0,0,MANUAL,1,1,1,
2026-09-25 19:55:57,A2-decay,2745000,29.09,89.06,1008.57,29.88,74.64,1008.66,0,0,MANUAL,1,1,1,
2026-09-25 19:55:58,A2-decay,2746000,29.08,89.21,1008.63,29.88,74.64,1008.66,0,0,MANUAL,1,1,1,
2026-09-25 19:55:59,A2-decay,2747000,29.09,88.72,1008.59,29.89,74.54,1008.61,0,0,MANUAL,1,1,1,
2026-09-25 19:56:00,A2-decay,2748000,29.09,88.96,1008.62,29.88,74.87,1008.63,0,0,MANUAL,1,1,1,
2026-09-25 19:56:01,A2-decay,2749000,29.10,88.63,1008.64,29.88,74.69,1008.66,0,0,MANUAL,1,1,1,
2026-09-25 19:56:02,A2-decay,2750000,29.08,88.54,1008.61,29.88,74.87,1008.69,0,0,MANUAL,1,1,1,
2026-09-25 19:56:03,A2-decay,2751000,29.08,88.97,1008.58,29.88,74.57,1008.71,0,0,MANUAL,1,1,1,
2026-09-25 19:56:04,A2-decay,2752000,29.08,88.50,1008.58,29.87,74.65,1008.70,0,0,MANUAL,1,1,1,
2026-09-25 19:56:05,A2-decay,2753000,29.06,88.97,1008.57,29.87,74.66,1008.67,0,0,MANUAL,1,1,1,
2026-09-25 19:56:06,A2-decay,2754000,29.06,88.40,1008.59,29.88,74.75,1008.57,0,0,MANUAL,1,1,1,
2026-09-25 19:56:07,A2-decay,2755000,29.05,88.50,1008.59,29.88,74.61,1008.68,0,0,MANUAL,1,1,1,
2026-09-25 19:56:08,A2-decay,2756000,29.05,88.85,1008.58,29.86,74.60,1008.67,0,0,MANUAL,1,1,1,
2026-09-25 19:56:09,A2-decay,2757000,29.06,88.32,1008.57,29.88,74.51,1008.66,0,0,MANUAL,1,1,1,
2026-09-25 19:56:10,A2-decay,2758000,29.06,88.91,1008.63,29.86,74.58,1008.63,0,0,MANUAL,1,1,1,
2026-09-25 19:56:11,A2-decay,2759000,29.04,88.85,1008.60,29.89,74.50,1008.70,0,0,MANUAL,1,1,1,
2026-09-25 19:56:11,A2-decay,2760000,29.05,88.92,1008.61,29.87,74.59,1008.54,0,0,MANUAL,1,1,1,
2026-09-25 19:56:13,A2-decay,2761000,29.05,88.32,1008.58,29.87,74.53,1008.70,0,0,MANUAL,1,1,1,
2026-09-25 19:56:14,A2-decay,2762000,29.06,88.54,1008.62,29.85,74.69,1008.65,0,0,MANUAL,1,1,1,
2026-09-25 19:56:15,A2-decay,2763000,29.05,88.83,1008.66,29.86,74.76,1008.67,0,0,MANUAL,1,1,1,
2026-09-25 19:56:16,A2-decay,2764000,29.05,88.90,1008.61,29.87,74.75,1008.65,0,0,MANUAL,1,1,1,
2026-09-25 19:56:17,A2-decay,2765000,29.06,88.65,1008.65,29.87,74.73,1008.70,0,0,MANUAL,1,1,1,
2026-09-25 19:56:18,A2-decay,2766000,29.06,88.86,1008.60,29.87,74.74,1008.65,0,0,MANUAL,1,1,1,
2026-09-25 19:56:19,A2-decay,2767000,29.06,88.85,1008.65,29.86,74.69,1008.64,0,0,MANUAL,1,1,1,
2026-09-25 19:56:20,A2-decay,2768000,29.06,88.93,1008.57,29.86,74.89,1008.64,0,0,MANUAL,1,1,1,
2026-09-25 19:56:21,A2-decay,2769000,29.05,88.91,1008.53,29.88,74.61,1008.63,0,0,MANUAL,1,1,1,
2026-09-25 19:56:22,A2-decay,2770000,29.05,88.83,1008.67,29.86,74.68,1008.63,0,0,MANUAL,1,1,1,
2026-09-25 19:56:23,A2-decay,2771000,29.05,88.89,1008.64,29.86,74.87,1008.63,0,0,MANUAL,1,1,1,
2026-09-25 19:56:24,A2-decay,2772000,29.06,88.89,1008.59,29.86,74.50,1008.64,0,0,MANUAL,1,1,1,
2026-09-25 19:56:25,A2-decay,2773000,29.06,88.44,1008.66,29.86,74.77,1008.64,0,0,MANUAL,1,1,1,
2026-09-25 19:56:26,A2-decay,2774000,29.06,88.49,1008.66,29.86,74.72,1008.69,0,0,MANUAL,1,1,1,
2026-09-25 19:56:27,A2-decay,2775000,29.06,88.50,1008.60,29.86,74.68,1008.61,0,0,MANUAL,1,1,1,
2026-09-25 19:56:28,A2-decay,2776000,29.06,88.64,1008.60,29.85,74.72,1008.65,0,0,MANUAL,1,1,1,
2026-09-25 19:56:29,A2-decay,2777000,29.06,88.85,1008.60,29.86,74.68,1008.69,0,0,MANUAL,1,1,1,
2026-09-25 19:56:30,A2-decay,2778000,29.06,88.96,1008.63,29.85,74.78,1008.72,0,0,MANUAL,1,1,1,
2026-09-25 19:56:31,A2-decay,2779000,29.06,88.80,1008.63,29.85,74.78,1008.68,0,0,MANUAL,1,1,1,
2026-09-25 19:56:32,A2-decay,2780000,29.07,88.69,1008.58,29.85,74.61,1008.65,0,0,MANUAL,1,1,1,
2026-09-25 19:56:32,A2-decay,2781000,29.07,88.49,1008.55,29.86,74.69,1008.69,0,0,MANUAL,1,1,1,
2026-09-25 19:56:34,A2-decay,2782000,29.06,88.78,1008.59,29.84,74.73,1008.55,0,0,MANUAL,1,1,1,
2026-09-25 19:56:35,A2-decay,2783000,29.07,88.51,1008.62,29.85,74.71,1008.70,0,0,MANUAL,1,1,1,
2026-09-25 19:56:36,A2-decay,2784000,29.08,88.82,1008.63,29.85,74.61,1008.64,0,0,MANUAL,1,1,1,
2026-09-25 19:56:37,A2-decay,2785000,29.07,88.29,1008.58,29.84,74.71,1008.65,0,0,MANUAL,1,1,1,
2026-09-25 19:56:38,A2-decay,2786000,29.05,88.40,1008.59,29.85,74.61,1008.71,0,0,MANUAL,1,1,1,
2026-09-25 19:56:39,A2-decay,2787000,29.06,88.21,1008.63,29.85,74.65,1008.70,0,0,MANUAL,1,1,1,
2026-09-25 19:56:40,A2-decay,2788000,29.06,88.39,1008.60,29.85,74.55,1008.72,0,0,MANUAL,1,1,1,
2026-09-25 19:56:41,A2-decay,2789000,29.05,88.77,1008.63,29.84,74.77,1008.69,0,0,MANUAL,1,1,1,
2026-09-25 19:56:42,A2-decay,2790000,29.06,88.33,1008.65,29.84,74.77,1008.65,0,0,MANUAL,1,1,1,
2026-09-25 19:56:43,A2-decay,2791000,29.06,88.78,1008.57,29.84,74.75,1008.72,0,0,MANUAL,1,1,1,
2026-09-25 19:56:44,A2-decay,2792000,29.07,88.69,1008.55,29.84,74.70,1008.68,0,0,MANUAL,1,1,1,
2026-09-25 19:56:45,A2-decay,2793000,29.06,88.36,1008.52,29.84,74.85,1008.65,0,0,MANUAL,1,1,1,
2026-09-25 19:56:45,A2-decay,2794000,29.06,88.72,1008.60,29.84,74.76,1008.69,0,0,MANUAL,1,1,1,
2026-09-25 19:56:47,A2-decay,2795000,29.06,88.72,1008.60,29.84,74.85,1008.63,0,0,MANUAL,1,1,1,
2026-09-25 19:56:48,A2-decay,2796000,29.06,88.73,1008.60,29.84,74.75,1008.66,0,0,MANUAL,1,1,1,
2026-09-25 19:56:49,A2-decay,2797000,29.07,88.82,1008.58,29.84,74.80,1008.63,0,0,MANUAL,1,1,1,
2026-09-25 19:56:50,A2-decay,2798000,29.05,88.14,1008.59,29.84,74.79,1008.60,0,0,MANUAL,1,1,1,
2026-09-25 19:56:51,A2-decay,2799000,29.07,88.61,1008.61,29.84,74.78,1008.69,0,0,MANUAL,1,1,1,
2026-09-25 19:56:52,A2-decay,2800000,29.08,88.40,1008.60,29.84,74.77,1008.65,0,0,MANUAL,1,1,1,
2026-09-25 19:56:53,A2-decay,2801000,29.06,88.42,1008.62,29.84,74.86,1008.60,0,0,MANUAL,1,1,1,
2026-09-25 19:56:54,A2-decay,2802000,29.08,88.76,1008.61,29.84,74.83,1008.61,0,0,MANUAL,1,1,1,
2026-09-25 19:56:55,A2-decay,2803000,29.08,88.32,1008.68,29.84,74.83,1008.65,0,0,MANUAL,1,1,1,
2026-09-25 19:56:56,A2-decay,2804000,29.05,88.52,1008.61,29.85,74.84,1008.67,0,0,MANUAL,1,1,1,
2026-09-25 19:56:57,A2-decay,2805000,29.06,88.68,1008.60,29.85,74.68,1008.64,0,0,MANUAL,1,1,1,
2026-09-25 19:56:58,A2-decay,2806000,29.07,88.36,1008.61,29.85,74.66,1008.67,0,0,MANUAL,1,1,1,
2026-09-25 19:56:59,A2-decay,2807000,29.06,88.87,1008.69,29.85,74.71,1008.61,0,0,MANUAL,1,1,1,
2026-09-25 19:57:00,A2-decay,2808000,29.06,88.76,1008.65,29.84,74.76,1008.68,0,0,MANUAL,1,1,1,
2026-09-25 19:57:01,A2-decay,2809000,29.07,88.53,1008.69,29.85,74.68,1008.64,0,0,MANUAL,1,1,1,
2026-09-25 19:57:02,A2-decay,2810000,29.07,88.33,1008.58,29.84,74.67,1008.66,0,0,MANUAL,1,1,1,
2026-09-25 19:57:03,A2-decay,2811000,29.08,88.15,1008.63,29.85,74.59,1008.64,0,0,MANUAL,1,1,1,
2026-09-25 19:57:04,A2-decay,2812000,29.08,88.31,1008.61,29.85,74.65,1008.65,0,0,MANUAL,1,1,1,
2026-09-25 19:57:05,A2-decay,2813000,29.07,88.23,1008.61,29.85,74.55,1008.72,0,0,MANUAL,1,1,1,
2026-09-25 19:57:06,A2-decay,2814000,29.09,88.34,1008.64,29.85,74.69,1008.67,0,0,MANUAL,1,1,1,
2026-09-25 19:57:07,A2-decay,2815000,29.07,88.65,1008.65,29.84,74.79,1008.72,0,0,MANUAL,1,1,1,
2026-09-25 19:57:08,A2-decay,2816000,29.06,88.69,1008.59,29.84,74.84,1008.66,0,0,MANUAL,1,1,1,
2026-09-25 19:57:09,A2-decay,2817000,29.07,88.69,1008.65,29.84,74.81,1008.65,0,0,MANUAL,1,1,1,
2026-09-25 19:57:10,A2-decay,2818000,29.07,88.66,1008.61,29.84,74.61,1008.65,0,0,MANUAL,1,1,1,
2026-09-25 19:57:11,A2-decay,2819000,29.08,88.23,1008.58,29.84,74.75,1008.63,0,0,MANUAL,1,1,1,
2026-09-25 19:57:12,A2-decay,2820000,29.08,88.37,1008.58,29.84,74.83,1008.69,0,0,MANUAL,1,1,1,
2026-09-25 19:57:13,A2-decay,2821000,29.09,88.65,1008.61,29.84,74.79,1008.68,0,0,MANUAL,1,1,1,
2026-09-25 19:57:14,A2-decay,2822000,29.09,88.75,1008.59,29.84,74.69,1008.71,0,0,MANUAL,1,1,1,
2026-09-25 19:57:15,A2-decay,2823000,29.09,88.72,1008.62,29.84,74.83,1008.68,0,0,MANUAL,1,1,1,
2026-09-25 19:57:16,A2-decay,2824000,29.10,88.28,1008.66,29.82,74.65,1008.68,0,0,MANUAL,1,1,1,
2026-09-25 19:57:17,A2-decay,2825000,29.10,88.77,1008.66,29.84,74.76,1008.71,0,0,MANUAL,1,1,1,
2026-09-25 19:57:18,A2-decay,2826000,29.09,88.32,1008.62,29.84,74.78,1008.72,0,0,MANUAL,1,1,1,
2026-09-25 19:57:19,A2-decay,2827000,29.10,88.88,1008.69,29.83,74.81,1008.73,0,0,MANUAL,1,1,1,
2026-09-25 19:57:19,A2-decay,2828000,29.10,88.82,1008.69,29.83,74.69,1008.69,0,0,MANUAL,1,1,1,
2026-09-25 19:57:21,A2-decay,2829000,29.09,88.72,1008.64,29.82,74.77,1008.63,0,0,MANUAL,1,1,1,
2026-09-25 19:57:22,A2-decay,2830000,29.08,88.83,1008.63,29.82,74.62,1008.68,0,0,MANUAL,1,1,1,
2026-09-25 19:57:23,A2-decay,2831000,29.06,88.74,1008.69,29.82,74.69,1008.63,0,0,MANUAL,1,1,1,
2026-09-25 19:57:24,A2-decay,2832000,29.05,88.41,1008.67,29.82,74.75,1008.63,0,0,MANUAL,1,1,1,
2026-09-25 19:57:25,A2-decay,2833000,29.08,88.06,1008.63,29.81,74.68,1008.67,0,0,MANUAL,1,1,1,
2026-09-25 19:57:26,A2-decay,2834000,29.08,88.69,1008.61,29.82,74.80,1008.65,0,0,MANUAL,1,1,1,
2026-09-25 19:57:27,A2-decay,2835000,29.07,88.57,1008.59,29.81,74.68,1008.67,0,0,MANUAL,1,1,1,
2026-09-25 19:57:28,A2-decay,2836000,29.08,88.46,1008.63,29.81,74.87,1008.67,0,0,MANUAL,1,1,1,
2026-09-25 19:57:29,A2-decay,2837000,29.09,88.75,1008.62,29.82,74.81,1008.68,0,0,MANUAL,1,1,1,
2026-09-25 19:57:30,A2-decay,2838000,29.08,88.79,1008.63,29.82,74.75,1008.71,0,0,MANUAL,1,1,1,
2026-09-25 19:57:31,A2-decay,2839000,29.09,88.68,1008.61,29.82,74.95,1008.66,0,0,MANUAL,1,1,1,
2026-09-25 19:57:32,A2-decay,2840000,29.08,88.27,1008.63,29.81,74.83,1008.60,0,0,MANUAL,1,1,1,
2026-09-25 19:57:32,A2-decay,2841000,29.08,88.61,1008.58,29.81,74.88,1008.67,0,0,MANUAL,1,1,1,
2026-09-25 19:57:34,A2-decay,2842000,29.09,88.79,1008.61,29.81,74.83,1008.70,0,0,MANUAL,1,1,1,
2026-09-25 19:57:35,A2-decay,2843000,29.07,88.52,1008.61,29.81,74.72,1008.63,0,0,MANUAL,1,1,1,
2026-09-25 19:57:36,A2-decay,2844000,29.07,88.24,1008.59,29.81,74.75,1008.63,0,0,MANUAL,1,1,1,
2026-09-25 19:57:37,A2-decay,2845000,29.08,88.59,1008.63,29.81,74.85,1008.66,0,0,MANUAL,1,1,1,
2026-09-25 19:57:38,A2-decay,2846000,29.06,88.69,1008.62,29.81,74.70,1008.67,0,0,MANUAL,1,1,1,
2026-09-25 19:57:39,A2-decay,2847000,29.07,88.55,1008.62,29.80,74.83,1008.65,0,0,MANUAL,1,1,1,
2026-09-25 19:57:40,A2-decay,2848000,29.08,88.34,1008.69,29.81,74.76,1008.66,0,0,MANUAL,1,1,1,
2026-09-25 19:57:41,A2-decay,2849000,29.08,88.27,1008.63,29.81,74.85,1008.60,0,0,MANUAL,1,1,1,
2026-09-25 19:57:42,A2-decay,2850000,29.08,88.22,1008.69,29.80,74.88,1008.70,0,0,MANUAL,1,1,1,
2026-09-25 19:57:43,A2-decay,2851000,29.09,88.22,1008.65,29.81,74.94,1008.66,0,0,MANUAL,1,1,1,
2026-09-25 19:57:44,A2-decay,2852000,29.08,88.18,1008.60,29.80,74.77,1008.67,0,0,MANUAL,1,1,1,
2026-09-25 19:57:45,A2-decay,2853000,29.06,88.53,1008.62,29.79,74.68,1008.72,0,0,MANUAL,1,1,1,
2026-09-25 19:57:46,A2-decay,2854000,29.08,88.36,1008.69,29.79,74.73,1008.64,0,0,MANUAL,1,1,1,
2026-09-25 19:57:47,A2-decay,2855000,29.09,88.31,1008.64,29.81,74.82,1008.67,0,0,MANUAL,1,1,1,
2026-09-25 19:57:48,A2-decay,2856000,29.09,88.51,1008.64,29.80,75.02,1008.71,0,0,MANUAL,1,1,1,
2026-09-25 19:57:49,A2-decay,2857000,29.07,88.23,1008.64,29.81,74.78,1008.72,0,0,MANUAL,1,1,1,
2026-09-25 19:57:50,A2-decay,2858000,29.08,87.87,1008.61,29.81,74.75,1008.69,0,0,MANUAL,1,1,1,
2026-09-25 19:57:51,A2-decay,2859000,29.07,87.87,1008.69,29.80,74.84,1008.67,0,0,MANUAL,1,1,1,
2026-09-25 19:57:52,A2-decay,2860000,29.06,88.06,1008.66,29.81,74.87,1008.74,0,0,MANUAL,1,1,1,
2026-09-25 19:57:53,A2-decay,2861000,29.08,88.71,1008.63,29.80,74.90,1008.65,0,0,MANUAL,1,1,1,
2026-09-25 19:57:54,A2-decay,2862000,29.08,88.52,1008.58,29.81,74.93,1008.72,0,0,MANUAL,1,1,1,
2026-09-25 19:57:55,A2-decay,2863000,29.08,88.37,1008.60,29.81,74.87,1008.72,0,0,MANUAL,1,1,1,
2026-09-25 19:57:56,A2-decay,2864000,29.09,88.11,1008.67,29.82,74.87,1008.68,0,0,MANUAL,1,1,1,
2026-09-25 19:57:57,A2-decay,2865000,29.08,88.54,1008.63,29.81,74.80,1008.66,0,0,MANUAL,1,1,1,
2026-09-25 19:57:58,A2-decay,2866000,29.07,88.09,1008.67,29.81,74.94,1008.66,0,0,MANUAL,1,1,1,
2026-09-25 19:57:59,A2-decay,2867000,29.06,88.52,1008.60,29.82,74.95,1008.65,0,0,MANUAL,1,1,1,
2026-09-25 19:58:00,A2-decay,2868000,29.08,88.33,1008.72,29.81,75.06,1008.70,0,0,MANUAL,1,1,1,
2026-09-25 19:58:01,A2-decay,2869000,29.08,88.27,1008.66,29.81,75.02,1008.72,0,0,MANUAL,1,1,1,
2026-09-25 19:58:02,A2-decay,2870000,29.09,88.14,1008.67,29.81,74.74,1008.63,0,0,MANUAL,1,1,1,
2026-09-25 19:58:03,A2-decay,2871000,29.10,88.46,1008.66,29.82,74.86,1008.65,0,0,MANUAL,1,1,1,
2026-09-25 19:58:04,A2-decay,2872000,29.08,88.10,1008.61,29.81,74.86,1008.67,0,0,MANUAL,1,1,1,
2026-09-25 19:58:05,A2-decay,2873000,29.09,88.07,1008.62,29.83,74.91,1008.72,0,0,MANUAL,1,1,1,
2026-09-25 19:58:06,A2-decay,2874000,29.07,88.30,1008.61,29.82,74.70,1008.73,0,0,MANUAL,1,1,1,
2026-09-25 19:58:07,A2-decay,2875000,29.10,88.14,1008.66,29.82,74.65,1008.70,0,0,MANUAL,1,1,1,
2026-09-25 19:58:08,A2-decay,2876000,29.10,88.33,1008.66,29.81,75.02,1008.70,0,0,MANUAL,1,1,1,
2026-09-25 19:58:09,A2-decay,2877000,29.08,88.48,1008.63,29.81,74.80,1008.67,0,0,MANUAL,1,1,1,
2026-09-25 19:58:10,A2-decay,2878000,29.08,87.99,1008.63,29.81,74.78,1008.61,0,0,MANUAL,1,1,1,
2026-09-25 19:58:11,A2-decay,2879000,29.08,88.33,1008.65,29.82,75.02,1008.73,0,0,MANUAL,1,1,1,
2026-09-25 19:58:12,A2-decay,2880000,29.04,88.05,1008.63,29.82,74.80,1008.63,0,0,MANUAL,1,1,1,
2026-09-25 19:58:13,A2-decay,2881000,29.06,88.27,1008.68,29.81,74.84,1008.64,0,0,MANUAL,1,1,1,
2026-09-25 19:58:14,A2-decay,2882000,29.05,87.91,1008.67,29.81,74.91,1008.63,0,0,MANUAL,1,1,1,
2026-09-25 19:58:15,A2-decay,2883000,29.06,88.28,1008.66,29.82,74.88,1008.66,0,0,MANUAL,1,1,1,
2026-09-25 19:58:16,A2-decay,2884000,29.06,88.02,1008.60,29.82,74.71,1008.68,0,0,MANUAL,1,1,1,
2026-09-25 19:58:17,A2-decay,2885000,29.07,88.02,1008.67,29.81,74.74,1008.70,0,0,MANUAL,1,1,1,
2026-09-25 19:58:18,A2-decay,2886000,29.06,88.04,1008.59,29.82,74.96,1008.65,0,0,MANUAL,1,1,1,
2026-09-25 19:58:19,A2-decay,2887000,29.06,87.79,1008.63,29.81,74.64,1008.67,0,0,MANUAL,1,1,1,
2026-09-25 19:58:20,A2-decay,2888000,29.06,88.17,1008.65,29.81,74.85,1008.66,0,0,MANUAL,1,1,1,
2026-09-25 19:58:21,A2-decay,2889000,29.06,88.23,1008.65,29.82,74.81,1008.66,0,0,MANUAL,1,1,1,
2026-09-25 19:58:22,A2-decay,2890000,29.06,88.24,1008.66,29.81,74.88,1008.67,0,0,MANUAL,1,1,1,
2026-09-25 19:58:23,A2-decay,2891000,29.06,87.80,1008.57,29.81,74.67,1008.66,0,0,MANUAL,1,1,1,
2026-09-25 19:58:24,A2-decay,2892000,29.06,87.93,1008.62,29.81,74.90,1008.67,0,0,MANUAL,1,1,1,
2026-09-25 19:58:25,A2-decay,2893000,29.06,87.83,1008.71,29.82,75.01,1008.73,0,0,MANUAL,1,1,1,
2026-09-25 19:58:26,A2-decay,2894000,29.06,88.26,1008.65,29.82,74.93,1008.65,0,0,MANUAL,1,1,1,
2026-09-25 19:58:27,A2-decay,2895000,29.06,88.27,1008.60,29.82,74.82,1008.62,0,0,MANUAL,1,1,1,
2026-09-25 19:58:28,A2-decay,2896000,29.05,87.89,1008.64,29.81,75.00,1008.67,0,0,MANUAL,1,1,1,
2026-09-25 19:58:29,A2-decay,2897000,29.08,88.39,1008.68,29.81,74.82,1008.72,0,0,MANUAL,1,1,1,
2026-09-25 19:58:30,A2-decay,2898000,29.06,87.99,1008.69,29.82,74.93,1008.66,0,0,MANUAL,1,1,1,
2026-09-25 19:58:31,A2-decay,2899000,29.06,88.23,1008.60,29.82,74.84,1008.66,0,0,MANUAL,1,1,1,
2026-09-25 19:58:32,A2-decay,2900000,29.06,88.21,1008.63,29.82,74.70,1008.68,0,0,MANUAL,1,1,1,
2026-09-25 19:58:33,A2-decay,2901000,29.06,88.21,1008.66,29.82,74.98,1008.66,0,0,MANUAL,1,1,1,
2026-09-25 19:58:34,A2-decay,2902000,29.06,88.25,1008.63,29.82,74.87,1008.70,0,0,MANUAL,1,1,1,
2026-09-25 19:58:35,A2-decay,2903000,29.06,87.92,1008.63,29.82,74.91,1008.71,0,0,MANUAL,1,1,1,
2026-09-25 19:58:36,A2-decay,2904000,29.05,88.06,1008.64,29.81,74.74,1008.72,0,0,MANUAL,1,1,1,
2026-09-25 19:58:37,A2-decay,2905000,29.06,88.39,1008.65,29.82,74.80,1008.74,0,0,MANUAL,1,1,1,
2026-09-25 19:58:38,A2-decay,2906000,29.05,88.38,1008.61,29.82,74.90,1008.74,0,0,MANUAL,1,1,1,
2026-09-25 19:58:39,A2-decay,2907000,29.06,87.91,1008.66,29.82,74.90,1008.74,0,0,MANUAL,1,1,1,
2026-09-25 19:58:40,A2-decay,2908000,29.06,88.29,1008.68,29.82,74.86,1008.68,0,0,MANUAL,1,1,1,
2026-09-25 19:58:41,A2-decay,2909000,29.03,87.87,1008.61,29.83,74.76,1008.70,0,0,MANUAL,1,1,1,
2026-09-25 19:58:42,A2-decay,2910000,29.04,88.10,1008.54,29.82,74.88,1008.68,0,0,MANUAL,1,1,1,
2026-09-25 19:58:43,A2-decay,2911000,29.06,88.38,1008.62,29.84,74.76,1008.71,0,0,MANUAL,1,1,1,
2026-09-25 19:58:44,A2-decay,2912000,29.05,88.21,1008.67,29.82,74.70,1008.65,0,0,MANUAL,1,1,1,
2026-09-25 19:58:45,A2-decay,2913000,29.07,88.27,1008.61,29.82,74.84,1008.63,0,0,MANUAL,1,1,1,
2026-09-25 19:58:46,A2-decay,2914000,29.07,88.24,1008.65,29.83,74.86,1008.78,0,0,MANUAL,1,1,1,
2026-09-25 19:58:47,A2-decay,2915000,29.08,88.27,1008.63,29.83,74.79,1008.70,0,0,MANUAL,1,1,1,
2026-09-25 19:58:47,A2-decay,2916000,29.08,88.11,1008.66,29.83,74.75,1008.76,0,0,MANUAL,1,1,1,
2026-09-25 19:58:49,A2-decay,2917000,29.08,87.72,1008.66,29.82,74.97,1008.63,0,0,MANUAL,1,1,1,
2026-09-25 19:58:50,A2-decay,2918000,29.07,87.80,1008.62,29.83,74.82,1008.69,0,0,MANUAL,1,1,1,
2026-09-25 19:58:51,A2-decay,2919000,29.07,88.00,1008.69,29.83,74.89,1008.65,0,0,MANUAL,1,1,1,
2026-09-25 19:58:52,A2-decay,2920000,29.08,87.80,1008.68,29.82,75.01,1008.63,0,0,MANUAL,1,1,1,
2026-09-25 19:58:53,A2-decay,2921000,29.06,87.81,1008.71,29.83,74.90,1008.70,0,0,MANUAL,1,1,1,
2026-09-25 19:58:54,A2-decay,2922000,29.07,87.75,1008.64,29.84,74.97,1008.76,0,0,MANUAL,1,1,1,
2026-09-25 19:58:55,A2-decay,2923000,29.05,87.81,1008.63,29.83,74.85,1008.64,0,0,MANUAL,1,1,1,
2026-09-25 19:58:56,A2-decay,2924000,29.05,88.10,1008.64,29.84,75.03,1008.65,0,0,MANUAL,1,1,1,
2026-09-25 19:58:57,A2-decay,2925000,29.05,87.79,1008.61,29.84,74.85,1008.74,0,0,MANUAL,1,1,1,
2026-09-25 19:58:58,A2-decay,2926000,29.03,87.81,1008.58,29.82,74.88,1008.68,0,0,MANUAL,1,1,1,
2026-09-25 19:58:59,A2-decay,2927000,29.04,87.90,1008.71,29.84,74.74,1008.76,0,0,MANUAL,1,1,1,
2026-09-25 19:59:00,A2-decay,2928000,29.05,87.91,1008.58,29.84,74.87,1008.65,0,0,MANUAL,1,1,1,
2026-09-25 19:59:00,A2-decay,2929000,29.06,87.93,1008.66,29.84,74.72,1008.68,0,0,MANUAL,1,1,1,
2026-09-25 19:59:02,A2-decay,2930000,29.05,87.74,1008.61,29.84,74.84,1008.69,0,0,MANUAL,1,1,1,
2026-09-25 19:59:03,A2-decay,2931000,29.06,87.84,1008.69,29.84,74.63,1008.76,0,0,MANUAL,1,1,1,
2026-09-25 19:59:04,A2-decay,2932000,29.06,88.16,1008.69,29.84,74.84,1008.65,0,0,MANUAL,1,1,1,
2026-09-25 19:59:05,A2-decay,2933000,29.07,87.66,1008.67,29.85,74.79,1008.71,0,0,MANUAL,1,1,1,
2026-09-25 19:59:06,A2-decay,2934000,29.06,88.07,1008.66,29.84,74.74,1008.69,0,0,MANUAL,1,1,1,
2026-09-25 19:59:07,A2-decay,2935000,29.06,88.01,1008.66,29.84,74.69,1008.66,0,0,MANUAL,1,1,1,
2026-09-25 19:59:08,A2-decay,2936000,29.05,87.96,1008.59,29.85,74.76,1008.70,0,0,MANUAL,1,1,1,
2026-09-25 19:59:09,A2-decay,2937000,29.06,87.42,1008.65,29.84,74.84,1008.72,0,0,MANUAL,1,1,1,
2026-09-25 19:59:10,A2-decay,2938000,29.06,87.94,1008.62,29.84,74.82,1008.72,0,0,MANUAL,1,1,1,
2026-09-25 19:59:11,A2-decay,2939000,29.05,87.56,1008.67,29.85,74.85,1008.72,0,0,MANUAL,1,1,1,
2026-09-25 19:59:12,A2-decay,2940000,29.06,88.02,1008.68,29.84,74.89,1008.72,0,0,MANUAL,1,1,1,
2026-09-25 19:59:13,A2-decay,2941000,29.05,87.96,1008.70,29.84,74.91,1008.72,0,0,MANUAL,1,1,1,
2026-09-25 19:59:14,A2-decay,2942000,29.05,87.93,1008.63,29.85,74.91,1008.72,0,0,MANUAL,1,1,1,
2026-09-25 19:59:15,A2-decay,2943000,29.07,87.77,1008.61,29.85,74.81,1008.73,0,0,MANUAL,1,1,1,
2026-09-25 19:59:16,A2-decay,2944000,29.06,87.50,1008.65,29.85,74.86,1008.75,0,0,MANUAL,1,1,1,
2026-09-25 19:59:17,A2-decay,2945000,29.06,87.94,1008.62,29.86,74.81,1008.69,0,0,MANUAL,1,1,1,
2026-09-25 19:59:18,A2-decay,2946000,29.06,87.80,1008.66,29.85,74.59,1008.73,0,0,MANUAL,1,1,1,
2026-09-25 19:59:19,A2-decay,2947000,29.07,88.14,1008.67,29.85,74.85,1008.68,0,0,MANUAL,1,1,1,
2026-09-25 19:59:20,A2-decay,2948000,29.06,87.62,1008.71,29.85,74.70,1008.73,0,0,MANUAL,1,1,1,
2026-09-25 19:59:21,A2-decay,2949000,29.06,87.75,1008.66,29.85,74.68,1008.70,0,0,MANUAL,1,1,1,
2026-09-25 19:59:22,A2-decay,2950000,29.06,87.44,1008.66,29.85,74.54,1008.79,0,0,MANUAL,1,1,1,
2026-09-25 19:59:23,A2-decay,2951000,29.06,87.56,1008.68,29.85,74.75,1008.76,0,0,MANUAL,1,1,1,
2026-09-25 19:59:24,A2-decay,2952000,29.06,87.90,1008.60,29.86,74.73,1008.74,0,0,MANUAL,1,1,1,
2026-09-25 19:59:25,A2-decay,2953000,29.06,87.90,1008.68,29.86,74.67,1008.71,0,0,MANUAL,1,1,1,
2026-09-25 19:59:26,A2-decay,2954000,29.06,87.59,1008.62,29.85,74.91,1008.72,0,0,MANUAL,1,1,1,
2026-09-25 19:59:27,A2-decay,2955000,29.07,88.12,1008.67,29.86,74.84,1008.69,0,0,MANUAL,1,1,1,
2026-09-25 19:59:28,A2-decay,2956000,29.06,87.89,1008.69,29.85,74.77,1008.71,0,0,MANUAL,1,1,1,
2026-09-25 19:59:29,A2-decay,2957000,29.06,87.92,1008.68,29.85,74.66,1008.73,0,0,MANUAL,1,1,1,
2026-09-25 19:59:30,A2-decay,2958000,29.07,87.96,1008.67,29.84,74.62,1008.66,0,0,MANUAL,1,1,1,
2026-09-25 19:59:31,A2-decay,2959000,29.07,87.93,1008.64,29.85,74.83,1008.72,0,0,MANUAL,1,1,1,
2026-09-25 19:59:32,A2-decay,2960000,29.08,87.91,1008.65,29.86,74.75,1008.74,0,0,MANUAL,1,1,1,
2026-09-25 19:59:33,A2-decay,2961000,29.06,88.00,1008.60,29.85,74.55,1008.71,0,0,MANUAL,1,1,1,
2026-09-25 19:59:34,A2-decay,2962000,29.06,88.03,1008.71,29.85,74.87,1008.75,0,0,MANUAL,1,1,1,
2026-09-25 19:59:35,A2-decay,2963000,29.08,88.11,1008.68,29.86,74.65,1008.74,0,0,MANUAL,1,1,1,
2026-09-25 19:59:36,A2-decay,2964000,29.08,87.65,1008.72,29.86,74.76,1008.74,0,0,MANUAL,1,1,1,
2026-09-25 19:59:37,A2-decay,2965000,29.07,88.16,1008.67,29.86,74.73,1008.71,0,0,MANUAL,1,1,1,
2026-09-25 19:59:38,A2-decay,2966000,29.07,87.67,1008.64,29.86,74.81,1008.74,0,0,MANUAL,1,1,1,
2026-09-25 19:59:39,A2-decay,2967000,29.06,87.71,1008.71,29.86,74.57,1008.75,0,0,MANUAL,1,1,1,
2026-09-25 19:59:40,A2-decay,2968000,29.07,88.15,1008.64,29.86,74.68,1008.66,0,0,MANUAL,1,1,1,
2026-09-25 19:59:41,A2-decay,2969000,29.06,87.99,1008.66,29.85,74.76,1008.73,0,0,MANUAL,1,1,1,
2026-09-25 19:59:42,A2-decay,2970000,29.06,87.74,1008.62,29.85,74.59,1008.64,0,0,MANUAL,1,1,1,
2026-09-25 19:59:43,A2-decay,2971000,29.06,88.20,1008.57,29.86,74.57,1008.71,0,0,MANUAL,1,1,1,
2026-09-25 19:59:44,A2-decay,2972000,29.07,87.93,1008.69,29.86,74.87,1008.71,0,0,MANUAL,1,1,1,
2026-09-25 19:59:45,A2-decay,2973000,29.06,87.69,1008.65,29.86,74.65,1008.72,0,0,MANUAL,1,1,1,
2026-09-25 19:59:46,A2-decay,2974000,29.07,87.99,1008.61,29.87,74.66,1008.70,0,0,MANUAL,1,1,1,
2026-09-25 19:59:47,A2-decay,2975000,29.06,87.66,1008.57,29.86,74.69,1008.69,0,0,MANUAL,1,1,1,
2026-09-25 19:59:48,A2-decay,2976000,29.06,87.87,1008.71,29.87,74.71,1008.70,0,0,MANUAL,1,1,1,
2026-09-25 19:59:49,A2-decay,2977000,29.06,87.93,1008.60,29.86,74.68,1008.71,0,0,MANUAL,1,1,1,
2026-09-25 19:59:50,A2-decay,2978000,29.06,87.92,1008.63,29.88,74.79,1008.71,0,0,MANUAL,1,1,1,
2026-09-25 19:59:51,A2-decay,2979000,29.08,88.01,1008.69,29.86,74.86,1008.67,0,0,MANUAL,1,1,1,
2026-09-25 19:59:52,A2-decay,2980000,29.07,88.24,1008.58,29.88,74.63,1008.71,0,0,MANUAL,1,1,1,
2026-09-25 19:59:53,A2-decay,2981000,29.08,87.66,1008.68,29.88,74.56,1008.76,0,0,MANUAL,1,1,1,
2026-09-25 19:59:54,A2-decay,2982000,29.08,88.07,1008.65,29.86,74.71,1008.72,0,0,MANUAL,1,1,1,
2026-09-25 19:59:55,A2-decay,2983000,29.07,87.91,1008.64,29.87,74.77,1008.73,0,0,MANUAL,1,1,1,
2026-09-25 19:59:56,A2-decay,2984000,29.07,87.78,1008.67,29.87,74.86,1008.70,0,0,MANUAL,1,1,1,
2026-09-25 19:59:57,A2-decay,2985000,29.08,88.10,1008.69,29.88,74.79,1008.71,0,0,MANUAL,1,1,1,
2026-09-25 19:59:58,A2-decay,2986000,29.08,88.26,1008.63,29.87,74.98,1008.76,0,0,MANUAL,1,1,1,
2026-09-25 19:59:59,A2-decay,2987000,29.07,88.03,1008.64,29.87,74.68,1008.70,0,0,MANUAL,1,1,1,
2026-09-25 20:00:00,A2-decay,2988000,29.06,88.07,1008.63,29.87,74.45,1008.70,0,0,MANUAL,1,1,1,
2026-09-25 20:00:01,A2-decay,2989000,29.06,87.95,1008.63,29.87,74.69,1008.70,0,0,MANUAL,1,1,1,
2026-09-25 20:00:01,A2-decay,2990000,29.07,87.57,1008.67,29.88,74.78,1008.76,0,0,MANUAL,1,1,1,
2026-09-25 20:00:02,A2-decay,2991000,29.08,87.99,1008.65,29.87,75.01,1008.70,0,0,MANUAL,1,1,1,
2026-09-25 20:00:04,A2-decay,2992000,29.08,88.00,1008.69,29.87,74.56,1008.73,0,0,MANUAL,1,1,1,
2026-09-25 20:00:05,A2-decay,2993000,29.09,88.12,1008.67,29.88,74.62,1008.65,0,0,MANUAL,1,1,1,
2026-09-25 20:00:06,A2-decay,2994000,29.08,87.94,1008.63,29.87,74.74,1008.76,0,0,MANUAL,1,1,1,
2026-09-25 20:00:07,A2-decay,2995000,29.09,88.01,1008.73,29.88,74.65,1008.76,0,0,MANUAL,1,1,1,
2026-09-25 20:00:08,A2-decay,2996000,29.10,87.86,1008.69,29.87,74.77,1008.73,0,0,MANUAL,1,1,1,
2026-09-25 20:00:09,A2-decay,2997000,29.10,87.93,1008.69,29.88,74.81,1008.74,0,0,MANUAL,1,1,1,
2026-09-25 20:00:10,A2-decay,2998000,29.09,88.18,1008.70,29.88,74.83,1008.74,0,0,MANUAL,1,1,1,
2026-09-25 20:00:11,A2-decay,2999000,29.09,87.86,1008.68,29.86,74.74,1008.69,0,0,MANUAL,1,1,1,
2026-09-25 20:00:12,A2-decay,3000000,29.09,87.84,1008.68,29.88,74.80,1008.74,0,0,MANUAL,1,1,1,
2026-09-25 20:00:13,A2-decay,3001000,29.08,87.99,1008.69,29.87,74.94,1008.67,0,0,MANUAL,1,1,1,
2026-09-25 20:00:14,A2-decay,3002000,29.09,87.67,1008.67,29.87,74.81,1008.76,0,0,MANUAL,1,1,1,
2026-09-25 20:00:15,A2-decay,3003000,29.09,87.57,1008.62,29.88,74.81,1008.76,0,0,MANUAL,1,1,1,
2026-09-25 20:00:16,A2-decay,3004000,29.09,87.98,1008.65,29.87,74.99,1008.70,0,0,MANUAL,1,1,1,
2026-09-25 20:00:17,A2-decay,3005000,29.06,87.71,1008.71,29.87,74.76,1008.76,0,0,MANUAL,1,1,1,
2026-09-25 20:00:18,A2-decay,3006000,29.07,87.65,1008.67,29.88,74.97,1008.71,0,0,MANUAL,1,1,1,
2026-09-25 20:00:19,A2-decay,3007000,29.09,87.90,1008.73,29.86,74.68,1008.69,0,0,MANUAL,1,1,1,
2026-09-25 20:00:20,A2-decay,3008000,29.09,87.61,1008.67,29.87,74.82,1008.70,0,0,MANUAL,1,1,1,
2026-09-25 20:00:21,A2-decay,3009000,29.09,87.80,1008.70,29.87,74.82,1008.73,0,0,MANUAL,1,1,1,
2026-09-25 20:00:22,A2-decay,3010000,29.09,87.86,1008.65,29.88,74.83,1008.76,0,0,MANUAL,1,1,1,
2026-09-25 20:00:23,A2-decay,3011000,29.09,88.11,1008.68,29.86,74.77,1008.72,0,0,MANUAL,1,1,1,
2026-09-25 20:00:24,A2-decay,3012000,29.09,87.79,1008.70,29.86,74.73,1008.74,0,0,MANUAL,1,1,1,
2026-09-25 20:00:25,A2-decay,3013000,29.10,87.71,1008.69,29.86,74.72,1008.69,0,0,MANUAL,1,1,1,
2026-09-25 20:00:26,A2-decay,3014000,29.10,88.17,1008.74,29.86,74.68,1008.64,0,0,MANUAL,1,1,1,
2026-09-25 20:00:27,A2-decay,3015000,29.10,87.82,1008.72,29.86,74.83,1008.71,0,0,MANUAL,1,1,1,
2026-09-25 20:00:28,A2-decay,3016000,29.10,88.24,1008.69,29.86,74.76,1008.69,0,0,MANUAL,1,1,1,
2026-09-25 20:00:29,A2-decay,3017000,29.09,88.04,1008.71,29.86,74.86,1008.77,0,0,MANUAL,1,1,1,
2026-09-25 20:00:30,A2-decay,3018000,29.09,87.66,1008.65,29.86,74.67,1008.80,0,0,MANUAL,1,1,1,
2026-09-25 20:00:31,A2-decay,3019000,29.10,88.06,1008.69,29.87,74.94,1008.76,0,0,MANUAL,1,1,1,
2026-09-25 20:00:32,A2-decay,3020000,29.08,88.20,1008.72,29.86,74.84,1008.71,0,0,MANUAL,1,1,1,
2026-09-25 20:00:33,A2-decay,3021000,29.09,87.83,1008.65,29.85,74.95,1008.71,0,0,MANUAL,1,1,1,
2026-09-25 20:00:34,A2-decay,3022000,29.10,88.03,1008.66,29.85,74.94,1008.79,0,0,MANUAL,1,1,1,
2026-09-25 20:00:35,A2-decay,3023000,29.10,87.82,1008.75,29.86,74.75,1008.75,0,0,MANUAL,1,1,1,
2026-09-25 20:00:36,A2-decay,3024000,29.09,87.74,1008.71,29.86,74.69,1008.74,0,0,MANUAL,1,1,1,
2026-09-25 20:00:37,A2-decay,3025000,29.10,87.78,1008.69,29.86,74.84,1008.66,0,0,MANUAL,1,1,1,
2026-09-25 20:00:38,A2-decay,3026000,29.10,87.86,1008.71,29.84,74.93,1008.72,0,0,MANUAL,1,1,1,
2026-09-25 20:00:39,A2-decay,3027000,29.09,88.04,1008.67,29.85,74.84,1008.72,0,0,MANUAL,1,1,1,
2026-09-25 20:00:40,A2-decay,3028000,29.09,88.23,1008.73,29.85,74.83,1008.73,0,0,MANUAL,1,1,1,
2026-09-25 20:00:41,A2-decay,3029000,29.10,87.93,1008.69,29.84,74.84,1008.69,0,0,MANUAL,1,1,1,
2026-09-25 20:00:42,A2-decay,3030000,29.10,88.12,1008.67,29.85,74.60,1008.75,0,0,MANUAL,1,1,1,
2026-09-25 20:00:42,A2-decay,3031000,29.10,88.08,1008.69,29.85,74.62,1008.72,0,0,MANUAL,1,1,1,
2026-09-25 20:00:44,A2-decay,3032000,29.09,87.96,1008.71,29.84,74.65,1008.69,0,0,MANUAL,1,1,1,
2026-09-25 20:00:45,A2-decay,3033000,29.10,88.03,1008.69,29.85,74.79,1008.81,0,0,MANUAL,1,1,1,
2026-09-25 20:00:46,A2-decay,3034000,29.10,88.24,1008.71,29.84,74.66,1008.72,0,0,MANUAL,1,1,1,
2026-09-25 20:00:47,A2-decay,3035000,29.10,88.12,1008.72,29.84,74.76,1008.72,0,0,MANUAL,1,1,1,
2026-09-25 20:00:48,A2-decay,3036000,29.10,87.81,1008.69,29.85,75.01,1008.75,0,0,MANUAL,1,1,1,
2026-09-25 20:00:49,A2-decay,3037000,29.09,88.08,1008.61,29.84,74.65,1008.74,0,0,MANUAL,1,1,1,
2026-09-25 20:00:50,A2-decay,3038000,29.10,88.06,1008.69,29.84,74.75,1008.72,0,0,MANUAL,1,1,1,
2026-09-25 20:00:51,A2-decay,3039000,29.09,88.07,1008.59,29.83,74.77,1008.73,0,0,MANUAL,1,1,1,
2026-09-25 20:00:52,A2-decay,3040000,29.09,87.68,1008.75,29.84,74.96,1008.72,0,0,MANUAL,1,1,1,
2026-09-25 20:00:53,A2-decay,3041000,29.09,88.10,1008.70,29.83,74.83,1008.70,0,0,MANUAL,1,1,1,
2026-09-25 20:00:54,A2-decay,3042000,29.09,88.06,1008.71,29.84,74.71,1008.74,0,0,MANUAL,1,1,1,
2026-09-25 20:00:55,A2-decay,3043000,29.09,88.04,1008.71,29.84,74.98,1008.72,0,0,MANUAL,1,1,1,
2026-09-25 20:00:56,A2-decay,3044000,29.10,87.80,1008.66,29.84,74.78,1008.66,0,0,MANUAL,1,1,1,
2026-09-25 20:00:57,A2-decay,3045000,29.09,87.66,1008.73,29.84,74.79,1008.65,0,0,MANUAL,1,1,1,
2026-09-25 20:00:58,A2-decay,3046000,29.10,87.68,1008.69,29.84,74.93,1008.74,0,0,MANUAL,1,1,1,
2026-09-25 20:00:59,A2-decay,3047000,29.10,87.94,1008.66,29.84,75.08,1008.77,0,0,MANUAL,1,1,1,
2026-09-25 20:01:00,A2-decay,3048000,29.10,87.78,1008.60,29.84,74.95,1008.69,0,0,MANUAL,1,1,1,
2026-09-25 20:01:01,A2-decay,3049000,29.09,87.73,1008.71,29.83,74.83,1008.70,0,0,MANUAL,1,1,1,
2026-09-25 20:01:02,A2-decay,3050000,29.09,88.15,1008.71,29.85,74.91,1008.72,0,0,MANUAL,1,1,1,
2026-09-25 20:01:03,A2-decay,3051000,29.10,88.10,1008.66,29.84,74.84,1008.71,0,0,MANUAL,1,1,1,
2026-09-25 20:01:04,A2-decay,3052000,29.11,87.82,1008.73,29.84,74.75,1008.65,0,0,MANUAL,1,1,1,
2026-09-25 20:01:05,A2-decay,3053000,29.10,88.00,1008.71,29.84,74.74,1008.71,0,0,MANUAL,1,1,1,
2026-09-25 20:01:06,A2-decay,3054000,29.09,87.70,1008.68,29.84,74.93,1008.69,0,0,MANUAL,1,1,1,
2026-09-25 20:01:07,A2-decay,3055000,29.09,87.93,1008.65,29.85,74.91,1008.75,0,0,MANUAL,1,1,1,
2026-09-25 20:01:08,A2-decay,3056000,29.11,88.01,1008.73,29.84,75.01,1008.66,0,0,MANUAL,1,1,1,
2026-09-25 20:01:09,A2-decay,3057000,29.10,88.22,1008.69,29.86,74.73,1008.74,0,0,MANUAL,1,1,1,
2026-09-25 20:01:10,A2-decay,3058000,29.11,87.92,1008.71,29.85,74.67,1008.72,0,0,MANUAL,1,1,1,
2026-09-25 20:01:11,A2-decay,3059000,29.10,88.20,1008.67,29.85,74.69,1008.78,0,0,MANUAL,1,1,1,
2026-09-25 20:01:12,A2-decay,3060000,29.11,88.30,1008.68,29.85,74.92,1008.67,0,0,MANUAL,1,1,1,
2026-09-25 20:01:13,A2-decay,3061000,29.10,87.65,1008.67,29.85,74.73,1008.72,0,0,MANUAL,1,1,1,
2026-09-25 20:01:14,A2-decay,3062000,29.11,87.71,1008.73,29.85,74.79,1008.67,0,0,MANUAL,1,1,1,
2026-09-25 20:01:15,A2-decay,3063000,29.11,88.22,1008.74,29.85,74.69,1008.72,0,0,MANUAL,1,1,1,
2026-09-25 20:01:16,A2-decay,3064000,29.10,87.66,1008.66,29.85,74.78,1008.73,0,0,MANUAL,1,1,1,
2026-09-25 20:01:17,A2-decay,3065000,29.10,88.14,1008.69,29.85,74.86,1008.72,0,0,MANUAL,1,1,1,
2026-09-25 20:01:18,A2-decay,3066000,29.11,88.31,1008.73,29.85,74.85,1008.75,0,0,MANUAL,1,1,1,
2026-09-25 20:01:19,A2-decay,3067000,29.10,87.96,1008.69,29.85,74.82,1008.72,0,0,MANUAL,1,1,1,
2026-09-25 20:01:20,A2-decay,3068000,29.10,87.85,1008.69,29.86,74.83,1008.74,0,0,MANUAL,1,1,1,
2026-09-25 20:01:21,A2-decay,3069000,29.11,87.95,1008.68,29.85,74.65,1008.73,0,0,MANUAL,1,1,1,
2026-09-25 20:01:22,A2-decay,3070000,29.11,87.91,1008.79,29.86,74.77,1008.74,0,0,MANUAL,1,1,1,
2026-09-25 20:01:23,A2-decay,3071000,29.10,87.84,1008.67,29.85,74.70,1008.73,0,0,MANUAL,1,1,1,
2026-09-25 20:01:24,A2-decay,3072000,29.11,88.00,1008.73,29.85,74.82,1008.72,0,0,MANUAL,1,1,1,
2026-09-25 20:01:25,A2-decay,3073000,29.10,88.24,1008.66,29.85,74.90,1008.76,0,0,MANUAL,1,1,1,
2026-09-25 20:01:26,A2-decay,3074000,29.11,88.21,1008.67,29.85,74.87,1008.75,0,0,MANUAL,1,1,1,
2026-09-25 20:01:27,A2-decay,3075000,29.10,87.99,1008.71,29.86,74.77,1008.77,0,0,MANUAL,1,1,1,
2026-09-25 20:01:28,A2-decay,3076000,29.10,88.00,1008.71,29.84,74.67,1008.72,0,0,MANUAL,1,1,1,
2026-09-25 20:01:29,A2-decay,3077000,29.10,88.23,1008.71,29.85,74.81,1008.73,0,0,MANUAL,1,1,1,
2026-09-25 20:01:29,A2-decay,3078000,29.10,87.87,1008.64,29.85,74.79,1008.68,0,0,MANUAL,1,1,1,
2026-09-25 20:01:31,A2-decay,3079000,29.10,87.85,1008.66,29.85,74.80,1008.72,0,0,MANUAL,1,1,1,
2026-09-25 20:01:32,A2-decay,3080000,29.10,87.72,1008.72,29.85,74.78,1008.68,0,0,MANUAL,1,1,1,
2026-09-25 20:01:33,A2-decay,3081000,29.10,87.99,1008.71,29.86,74.86,1008.75,0,0,MANUAL,1,1,1,
2026-09-25 20:01:34,A2-decay,3082000,29.09,87.78,1008.68,29.85,74.77,1008.71,0,0,MANUAL,1,1,1,
2026-09-25 20:01:35,A2-decay,3083000,29.10,88.07,1008.69,29.86,74.81,1008.74,0,0,MANUAL,1,1,1,
2026-09-25 20:01:36,A2-decay,3084000,29.09,88.24,1008.68,29.86,74.82,1008.74,0,0,MANUAL,1,1,1,
2026-09-25 20:01:37,A2-decay,3085000,29.10,88.00,1008.66,29.86,74.75,1008.69,0,0,MANUAL,1,1,1,
2026-09-25 20:01:38,A2-decay,3086000,29.10,88.04,1008.69,29.86,74.75,1008.74,0,0,MANUAL,1,1,1,
2026-09-25 20:01:39,A2-decay,3087000,29.10,87.65,1008.69,29.85,74.82,1008.79,0,0,MANUAL,1,1,1,
2026-09-25 20:01:40,A2-decay,3088000,29.10,87.80,1008.71,29.85,74.85,1008.75,0,0,MANUAL,1,1,1,
2026-09-25 20:01:41,A2-decay,3089000,29.11,88.34,1008.70,29.85,74.79,1008.72,0,0,MANUAL,1,1,1,
2026-09-25 20:01:42,A2-decay,3090000,29.10,88.24,1008.67,29.85,75.03,1008.67,0,0,MANUAL,1,1,1,
2026-09-25 20:01:43,A2-decay,3091000,29.09,87.92,1008.71,29.85,74.92,1008.79,0,0,MANUAL,1,1,1,
2026-09-25 20:01:44,A2-decay,3092000,29.10,88.42,1008.67,29.85,74.92,1008.76,0,0,MANUAL,1,1,1,
2026-09-25 20:01:45,A2-decay,3093000,29.11,88.34,1008.67,29.85,74.76,1008.72,0,0,MANUAL,1,1,1,
2026-09-25 20:01:46,A2-decay,3094000,29.11,88.16,1008.71,29.85,74.91,1008.75,0,0,MANUAL,1,1,1,
2026-09-25 20:01:47,A2-decay,3095000,29.10,88.18,1008.69,29.84,74.76,1008.74,0,0,MANUAL,1,1,1,
2026-09-25 20:01:48,A2-decay,3096000,29.10,87.83,1008.69,29.85,74.91,1008.75,0,0,MANUAL,1,1,1,
2026-09-25 20:01:49,A2-decay,3097000,29.10,88.19,1008.69,29.84,74.79,1008.76,0,0,MANUAL,1,1,1,
2026-09-25 20:01:50,A2-decay,3098000,29.10,87.67,1008.66,29.84,74.91,1008.72,0,0,MANUAL,1,1,1,
2026-09-25 20:01:50,A2-decay,3099000,29.09,87.87,1008.68,29.84,74.90,1008.68,0,0,MANUAL,1,1,1,
2026-09-25 20:01:52,A2-decay,3100000,29.11,88.05,1008.76,29.83,75.00,1008.73,0,0,MANUAL,1,1,1,
2026-09-25 20:01:53,A2-decay,3101000,29.10,88.17,1008.75,29.84,74.95,1008.71,0,0,MANUAL,1,1,1,
2026-09-25 20:01:54,A2-decay,3102000,29.10,88.25,1008.71,29.85,74.76,1008.75,0,0,MANUAL,1,1,1,
2026-09-25 20:01:55,A2-decay,3103000,29.10,87.91,1008.69,29.83,74.79,1008.73,0,0,MANUAL,1,1,1,
2026-09-25 20:01:56,A2-decay,3104000,29.10,88.16,1008.74,29.83,75.02,1008.73,0,0,MANUAL,1,1,1,
2026-09-25 20:01:57,A2-decay,3105000,29.09,88.11,1008.75,29.84,74.97,1008.71,0,0,MANUAL,1,1,1,
2026-09-25 20:01:58,A2-decay,3106000,29.09,88.13,1008.73,29.83,74.84,1008.76,0,0,MANUAL,1,1,1,
2026-09-25 20:01:59,A2-decay,3107000,29.10,88.16,1008.69,29.83,74.78,1008.73,0,0,MANUAL,1,1,1,
2026-09-25 20:02:00,A2-decay,3108000,29.10,88.25,1008.74,29.82,74.87,1008.71,0,0,MANUAL,1,1,1,
2026-09-25 20:02:01,A2-decay,3109000,29.10,87.92,1008.74,29.82,74.83,1008.74,0,0,MANUAL,1,1,1,
2026-09-25 20:02:02,A2-decay,3110000,29.10,88.06,1008.71,29.84,75.04,1008.77,0,0,MANUAL,1,1,1,
2026-09-25 20:02:03,A2-decay,3111000,29.10,87.86,1008.69,29.83,75.00,1008.73,0,0,MANUAL,1,1,1,
2026-09-25 20:02:04,A2-decay,3112000,29.08,87.84,1008.69,29.83,74.79,1008.70,0,0,MANUAL,1,1,1,
2026-09-25 20:02:05,A2-decay,3113000,29.10,88.19,1008.71,29.83,74.89,1008.76,0,0,MANUAL,1,1,1,
2026-09-25 20:02:06,A2-decay,3114000,29.09,87.83,1008.73,29.82,74.81,1008.74,0,0,MANUAL,1,1,1,
2026-09-25 20:02:07,A2-decay,3115000,29.10,88.14,1008.72,29.82,74.81,1008.71,0,0,MANUAL,1,1,1,
2026-09-25 20:02:08,A2-decay,3116000,29.09,88.12,1008.71,29.81,74.74,1008.72,0,0,MANUAL,1,1,1,
2026-09-25 20:02:09,A2-decay,3117000,29.09,88.22,1008.70,29.83,74.98,1008.73,0,0,MANUAL,1,1,1,
2026-09-25 20:02:10,A2-decay,3118000,29.10,87.84,1008.72,29.83,74.88,1008.72,0,0,MANUAL,1,1,1,
2026-09-25 20:02:11,A2-decay,3119000,29.10,88.23,1008.72,29.83,75.04,1008.73,0,0,MANUAL,1,1,1,
2026-09-25 20:02:12,A2-decay,3120000,29.10,88.15,1008.69,29.83,74.80,1008.72,0,0,MANUAL,1,1,1,
2026-09-25 20:02:13,A2-decay,3121000,29.10,87.94,1008.78,29.83,74.72,1008.72,0,0,MANUAL,1,1,1,
2026-09-25 20:02:14,A2-decay,3122000,29.10,88.19,1008.67,29.82,74.77,1008.68,0,0,MANUAL,1,1,1,
2026-09-25 20:02:15,A2-decay,3123000,29.10,88.15,1008.72,29.82,74.83,1008.74,0,0,MANUAL,1,1,1,
2026-09-25 20:02:16,A2-decay,3124000,29.10,88.21,1008.69,29.82,74.80,1008.77,0,0,MANUAL,1,1,1,
2026-09-25 20:02:16,A2-decay,3125000,29.10,88.16,1008.72,29.82,74.70,1008.76,0,0,MANUAL,1,1,1,
2026-09-25 20:02:18,A2-decay,3126000,29.11,88.12,1008.79,29.82,74.74,1008.77,0,0,MANUAL,1,1,1,
2026-09-25 20:02:19,A2-decay,3127000,29.12,88.12,1008.75,29.82,74.80,1008.73,0,0,MANUAL,1,1,1,
2026-09-25 20:02:20,A2-decay,3128000,29.10,88.12,1008.78,29.82,74.80,1008.74,0,0,MANUAL,1,1,1,
2026-09-25 20:02:21,A2-decay,3129000,29.11,87.64,1008.67,29.82,74.82,1008.73,0,0,MANUAL,1,1,1,
2026-09-25 20:02:22,A2-decay,3130000,29.08,88.02,1008.69,29.82,74.71,1008.76,0,0,MANUAL,1,1,1,
2026-09-25 20:02:23,A2-decay,3131000,29.08,87.75,1008.72,29.82,74.73,1008.73,0,0,MANUAL,1,1,1,
2026-09-25 20:02:24,A2-decay,3132000,29.09,87.92,1008.71,29.81,74.95,1008.67,0,0,MANUAL,1,1,1,
2026-09-25 20:02:25,A2-decay,3133000,29.10,87.98,1008.71,29.81,74.79,1008.78,0,0,MANUAL,1,1,1,
2026-09-25 20:02:26,A2-decay,3134000,29.08,87.75,1008.77,29.81,74.91,1008.75,0,0,MANUAL,1,1,1,
2026-09-25 20:02:27,A2-decay,3135000,29.09,88.07,1008.73,29.81,74.70,1008.69,0,0,MANUAL,1,1,1,
2026-09-25 20:02:28,A2-decay,3136000,29.10,87.57,1008.69,29.81,74.77,1008.75,0,0,MANUAL,1,1,1,
2026-09-25 20:02:29,A2-decay,3137000,29.10,87.85,1008.71,29.82,74.70,1008.70,0,0,MANUAL,1,1,1,
2026-09-25 20:02:30,A2-decay,3138000,29.09,87.75,1008.70,29.82,74.77,1008.76,0,0,MANUAL,1,1,1,
2026-09-25 20:02:31,A2-decay,3139000,29.10,88.17,1008.69,29.80,74.84,1008.76,0,0,MANUAL,1,1,1,
2026-09-25 20:02:32,A2-decay,3140000,29.09,87.74,1008.71,29.82,74.79,1008.73,0,0,MANUAL,1,1,1,
2026-09-25 20:02:33,A2-decay,3141000,29.11,88.08,1008.76,29.81,74.71,1008.72,0,0,MANUAL,1,1,1,
2026-09-25 20:02:34,A2-decay,3142000,29.11,87.77,1008.70,29.81,74.78,1008.72,0,0,MANUAL,1,1,1,
2026-09-25 20:02:35,A2-decay,3143000,29.10,87.97,1008.67,29.81,74.72,1008.78,0,0,MANUAL,1,1,1,
2026-09-25 20:02:36,A2-decay,3144000,29.10,87.91,1008.69,29.82,74.97,1008.79,0,0,MANUAL,1,1,1,
2026-09-25 20:02:37,A2-decay,3145000,29.11,87.95,1008.73,29.82,74.86,1008.68,0,0,MANUAL,1,1,1,
2026-09-25 20:02:38,A2-decay,3146000,29.10,87.96,1008.72,29.81,74.81,1008.72,0,0,MANUAL,1,1,1,
2026-09-25 20:02:39,A2-decay,3147000,29.10,87.59,1008.61,29.82,74.87,1008.76,0,0,MANUAL,1,1,1,
2026-09-25 20:02:40,A2-decay,3148000,29.11,87.84,1008.73,29.81,74.82,1008.72,0,0,MANUAL,1,1,1,
2026-09-25 20:02:41,A2-decay,3149000,29.11,87.72,1008.70,29.81,75.08,1008.72,0,0,MANUAL,1,1,1,
2026-09-25 20:02:42,A2-decay,3150000,29.10,88.09,1008.69,29.82,74.89,1008.73,0,0,MANUAL,1,1,1,
2026-09-25 20:02:43,A2-decay,3151000,29.11,87.81,1008.70,29.82,74.88,1008.73,0,0,MANUAL,1,1,1,
2026-09-25 20:02:44,A2-decay,3152000,29.10,87.93,1008.75,29.82,74.86,1008.76,0,0,MANUAL,1,1,1,
2026-09-25 20:02:45,A2-decay,3153000,29.11,88.00,1008.70,29.81,74.83,1008.69,0,0,MANUAL,1,1,1,
2026-09-25 20:02:46,A2-decay,3154000,29.10,87.91,1008.72,29.82,74.97,1008.76,0,0,MANUAL,1,1,1,
2026-09-25 20:02:47,A2-decay,3155000,29.10,88.06,1008.78,29.82,74.83,1008.76,0,0,MANUAL,1,1,1,
2026-09-25 20:02:48,A2-decay,3156000,29.10,87.98,1008.67,29.82,74.92,1008.79,0,0,MANUAL,1,1,1,
2026-09-25 20:02:49,A2-decay,3157000,29.10,87.63,1008.71,29.82,74.72,1008.73,0,0,MANUAL,1,1,1,
2026-09-25 20:02:50,A2-decay,3158000,29.10,87.72,1008.72,29.82,75.00,1008.76,0,0,MANUAL,1,1,1,
2026-09-25 20:02:50,A2-decay,3159000,29.09,87.63,1008.76,29.82,74.73,1008.76,0,0,MANUAL,1,1,1,
2026-09-25 20:02:52,A2-decay,3160000,29.08,87.52,1008.72,29.82,74.87,1008.70,0,0,MANUAL,1,1,1,
2026-09-25 20:02:53,A2-decay,3161000,29.10,88.05,1008.72,29.82,74.81,1008.74,0,0,MANUAL,1,1,1,
2026-09-25 20:02:54,A2-decay,3162000,29.09,87.63,1008.70,29.82,74.79,1008.79,0,0,MANUAL,1,1,1,
2026-09-25 20:02:55,A2-decay,3163000,29.09,87.85,1008.73,29.82,74.74,1008.77,0,0,MANUAL,1,1,1,
2026-09-25 20:02:56,A2-decay,3164000,29.09,87.84,1008.76,29.82,75.00,1008.71,0,0,MANUAL,1,1,1,
2026-09-25 20:02:57,A2-decay,3165000,29.09,87.57,1008.70,29.82,74.73,1008.70,0,0,MANUAL,1,1,1,
2026-09-25 20:02:58,A2-decay,3166000,29.10,87.69,1008.71,29.82,74.78,1008.81,0,0,MANUAL,1,1,1,
2026-09-25 20:02:59,A2-decay,3167000,29.10,87.99,1008.74,29.82,74.78,1008.79,0,0,MANUAL,1,1,1,
2026-09-25 20:03:00,A2-decay,3168000,29.08,88.07,1008.69,29.84,74.76,1008.76,0,0,MANUAL,1,1,1,
2026-09-25 20:03:01,A2-decay,3169000,29.09,87.65,1008.71,29.82,74.81,1008.73,0,0,MANUAL,1,1,1,
2026-09-25 20:03:02,A2-decay,3170000,29.09,87.44,1008.73,29.81,75.04,1008.72,0,0,MANUAL,1,1,1,
2026-09-25 20:03:03,A2-decay,3171000,29.08,87.94,1008.66,29.82,74.90,1008.73,0,0,MANUAL,1,1,1,
2026-09-25 20:03:03,A2-decay,3172000,29.09,87.54,1008.76,29.82,74.79,1008.76,0,0,MANUAL,1,1,1,
2026-09-25 20:03:05,A2-decay,3173000,29.10,87.55,1008.72,29.82,74.86,1008.74,0,0,MANUAL,1,1,1,
2026-09-25 20:03:06,A2-decay,3174000,29.10,87.51,1008.74,29.82,74.83,1008.73,0,0,MANUAL,1,1,1,
2026-09-25 20:03:07,A2-decay,3175000,29.10,87.75,1008.72,29.81,74.65,1008.75,0,0,MANUAL,1,1,1,
2026-09-25 20:03:08,A2-decay,3176000,29.10,87.84,1008.75,29.82,74.84,1008.76,0,0,MANUAL,1,1,1,
2026-09-25 20:03:09,A2-decay,3177000,29.11,88.05,1008.67,29.81,74.72,1008.72,0,0,MANUAL,1,1,1,
2026-09-25 20:03:10,A2-decay,3178000,29.10,87.69,1008.75,29.81,74.83,1008.74,0,0,MANUAL,1,1,1,
2026-09-25 20:03:11,A2-decay,3179000,29.11,87.62,1008.67,29.80,74.84,1008.68,0,0,MANUAL,1,1,1,
2026-09-25 20:03:12,A2-decay,3180000,29.10,87.93,1008.69,29.81,74.88,1008.77,0,0,MANUAL,1,1,1,
2026-09-25 20:03:13,A2-decay,3181000,29.12,87.53,1008.75,29.81,74.88,1008.72,0,0,MANUAL,1,1,1,
2026-09-25 20:03:14,A2-decay,3182000,29.10,88.14,1008.69,29.81,74.80,1008.72,0,0,MANUAL,1,1,1,
2026-09-25 20:03:15,A2-decay,3183000,29.11,88.04,1008.68,29.81,74.69,1008.72,0,0,MANUAL,1,1,1,
2026-09-25 20:03:16,A2-decay,3184000,29.11,87.71,1008.74,29.81,74.79,1008.74,0,0,MANUAL,1,1,1,
2026-09-25 20:03:17,A2-decay,3185000,29.12,88.20,1008.69,29.80,74.79,1008.74,0,0,MANUAL,1,1,1,
2026-09-25 20:03:18,A2-decay,3186000,29.11,87.49,1008.74,29.81,74.81,1008.77,0,0,MANUAL,1,1,1,
2026-09-25 20:03:19,A2-decay,3187000,29.11,87.68,1008.77,29.81,74.88,1008.83,0,0,MANUAL,1,1,1,
2026-09-25 20:03:20,A2-decay,3188000,29.11,88.01,1008.71,29.80,74.73,1008.76,0,0,MANUAL,1,1,1,
2026-09-25 20:03:21,A2-decay,3189000,29.11,88.19,1008.65,29.80,74.82,1008.82,0,0,MANUAL,1,1,1,
2026-09-25 20:03:22,A2-decay,3190000,29.10,88.10,1008.74,29.81,74.97,1008.80,0,0,MANUAL,1,1,1,
2026-09-25 20:03:23,A2-decay,3191000,29.10,87.94,1008.67,29.80,74.84,1008.76,0,0,MANUAL,1,1,1,
2026-09-25 20:03:24,A2-decay,3192000,29.10,87.67,1008.69,29.81,74.78,1008.83,0,0,MANUAL,1,1,1,
2026-09-25 20:03:25,A2-decay,3193000,29.11,87.44,1008.71,29.81,75.06,1008.83,0,0,MANUAL,1,1,1,
2026-09-25 20:03:26,A2-decay,3194000,29.10,88.14,1008.69,29.80,74.83,1008.71,0,0,MANUAL,1,1,1,
2026-09-25 20:03:27,A2-decay,3195000,29.12,87.66,1008.75,29.80,74.89,1008.78,0,0,MANUAL,1,1,1,
2026-09-25 20:03:28,A2-decay,3196000,29.11,87.76,1008.73,29.80,74.83,1008.79,0,0,MANUAL,1,1,1,
2026-09-25 20:03:29,A2-decay,3197000,29.10,87.66,1008.72,29.80,75.09,1008.75,0,0,MANUAL,1,1,1,
2026-09-25 20:03:30,A2-decay,3198000,29.10,87.73,1008.67,29.81,74.83,1008.74,0,0,MANUAL,1,1,1,
2026-09-25 20:03:31,A2-decay,3199000,29.10,87.71,1008.71,29.80,75.07,1008.76,0,0,MANUAL,1,1,1,
2026-09-25 20:03:31,A2-decay,3200000,29.09,87.93,1008.67,29.81,74.83,1008.74,0,0,MANUAL,1,1,1,
2026-09-25 20:03:33,A2-decay,3201000,29.10,87.84,1008.67,29.80,74.92,1008.68,0,0,MANUAL,1,1,1,
2026-09-25 20:03:34,A2-decay,3202000,29.11,87.98,1008.76,29.81,74.65,1008.77,0,0,MANUAL,1,1,1,
2026-09-25 20:03:35,A2-decay,3203000,29.11,88.06,1008.70,29.80,74.89,1008.74,0,0,MANUAL,1,1,1,
2026-09-25 20:03:36,A2-decay,3204000,29.10,87.67,1008.71,29.81,74.87,1008.78,0,0,MANUAL,1,1,1,
2026-09-25 20:03:37,A2-decay,3205000,29.10,87.83,1008.66,29.81,74.92,1008.77,0,0,MANUAL,1,1,1,
2026-09-25 20:03:38,A2-decay,3206000,29.10,87.93,1008.72,29.81,75.12,1008.75,0,0,MANUAL,1,1,1,
2026-09-25 20:03:39,A2-decay,3207000,29.10,87.55,1008.66,29.80,74.86,1008.71,0,0,MANUAL,1,1,1,
2026-09-25 20:03:40,A2-decay,3208000,29.10,87.73,1008.72,29.81,75.09,1008.75,0,0,MANUAL,1,1,1,
2026-09-25 20:03:41,A2-decay,3209000,29.08,87.76,1008.71,29.81,75.10,1008.78,0,0,MANUAL,1,1,1,
2026-09-25 20:03:42,A2-decay,3210000,29.08,87.34,1008.69,29.81,75.07,1008.72,0,0,MANUAL,1,1,1,
2026-09-25 20:03:43,A2-decay,3211000,29.09,87.81,1008.73,29.80,74.99,1008.76,0,0,MANUAL,1,1,1,
2026-09-25 20:03:44,A2-decay,3212000,29.10,87.53,1008.67,29.81,74.74,1008.72,0,0,MANUAL,1,1,1,
2026-09-25 20:03:45,A2-decay,3213000,29.10,87.54,1008.69,29.80,74.98,1008.76,0,0,MANUAL,1,1,1,
2026-09-25 20:03:46,A2-decay,3214000,29.10,87.97,1008.69,29.81,74.90,1008.74,0,0,MANUAL,1,1,1,
2026-09-25 20:03:47,A2-decay,3215000,29.09,87.88,1008.73,29.81,74.78,1008.72,0,0,MANUAL,1,1,1,
2026-09-25 20:03:48,A2-decay,3216000,29.10,87.46,1008.71,29.81,74.99,1008.80,0,0,MANUAL,1,1,1,
2026-09-25 20:03:49,A2-decay,3217000,29.09,87.52,1008.70,29.81,74.87,1008.81,0,0,MANUAL,1,1,1,
2026-09-25 20:03:50,A2-decay,3218000,29.10,87.67,1008.75,29.82,74.89,1008.81,0,0,MANUAL,1,1,1,
2026-09-25 20:03:51,A2-decay,3219000,29.10,88.02,1008.75,29.82,74.82,1008.70,0,0,MANUAL,1,1,1,
2026-09-25 20:03:52,A2-decay,3220000,29.10,87.36,1008.69,29.81,74.90,1008.78,0,0,MANUAL,1,1,1,
2026-09-25 20:03:52,A3-baseline,,,,,,,,,,,,,,MARK  A3-baseline
2026-09-25 20:03:53,A3-baseline,3221000,29.10,87.97,1008.69,29.82,74.72,1008.79,0,0,MANUAL,1,1,1,
2026-09-25 20:03:54,A3-baseline,3222000,29.11,87.84,1008.73,29.81,74.79,1008.77,0,0,MANUAL,1,1,1,
2026-09-25 20:03:55,A3-baseline,3223000,29.10,87.71,1008.69,29.81,74.85,1008.83,0,0,MANUAL,1,1,1,
2026-09-25 20:03:56,A3-baseline,3224000,29.11,87.67,1008.76,29.82,74.78,1008.79,0,0,MANUAL,1,1,1,
2026-09-25 20:03:57,A3-baseline,3225000,29.11,87.74,1008.74,29.81,75.08,1008.80,0,0,MANUAL,1,1,1,
2026-09-25 20:03:58,A3-baseline,3226000,29.11,87.68,1008.73,29.81,74.79,1008.72,0,0,MANUAL,1,1,1,
2026-09-25 20:03:59,A3-baseline,3227000,29.10,87.95,1008.72,29.81,74.81,1008.72,0,0,MANUAL,1,1,1,
2026-09-25 20:03:59,A3-baseline,3228000,29.10,87.85,1008.72,29.82,74.75,1008.73,0,0,MANUAL,1,1,1,
2026-09-25 20:04:01,A3-baseline,3229000,29.11,87.54,1008.67,29.82,74.74,1008.76,0,0,MANUAL,1,1,1,
2026-09-25 20:04:02,A3-baseline,3230000,29.10,87.62,1008.69,29.81,74.98,1008.78,0,0,MANUAL,1,1,1,
2026-09-25 20:04:03,A3-baseline,3231000,29.10,87.96,1008.78,29.82,74.70,1008.74,0,0,MANUAL,1,1,1,
2026-09-25 20:04:04,A3-baseline,3232000,29.10,87.54,1008.77,29.82,74.84,1008.73,0,0,MANUAL,1,1,1,
2026-09-25 20:04:05,A3-baseline,3233000,29.10,87.67,1008.74,29.82,74.86,1008.79,0,0,MANUAL,1,1,1,
2026-09-25 20:04:06,A3-baseline,3234000,29.11,87.70,1008.74,29.81,74.84,1008.78,0,0,MANUAL,1,1,1,
2026-09-25 20:04:07,A3-baseline,3235000,29.10,87.50,1008.67,29.82,75.02,1008.74,0,0,MANUAL,1,1,1,
2026-09-25 20:04:08,A3-baseline,3236000,29.10,87.69,1008.74,29.83,74.68,1008.84,0,0,MANUAL,1,1,1,
2026-09-25 20:04:09,A3-baseline,3237000,29.11,87.81,1008.71,29.82,74.75,1008.81,0,0,MANUAL,1,1,1,
2026-09-25 20:04:10,A3-baseline,3238000,29.12,87.82,1008.75,29.82,74.91,1008.76,0,0,MANUAL,1,1,1,
2026-09-25 20:04:11,A3-baseline,3239000,29.12,87.70,1008.80,29.82,75.07,1008.79,0,0,MANUAL,1,1,1,
2026-09-25 20:04:12,A3-baseline,3240000,29.11,87.88,1008.65,29.84,74.93,1008.82,0,0,MANUAL,1,1,1,
2026-09-25 20:04:13,A3-baseline,3241000,29.11,87.67,1008.74,29.82,74.96,1008.76,0,0,MANUAL,1,1,1,
2026-09-25 20:04:14,A3-baseline,3242000,29.10,87.50,1008.69,29.82,74.73,1008.77,0,0,MANUAL,1,1,1,
2026-09-25 20:04:15,A3-baseline,3243000,29.10,87.44,1008.71,29.82,74.86,1008.79,0,0,MANUAL,1,1,1,
2026-09-25 20:04:16,A3-baseline,3244000,29.09,87.62,1008.76,29.82,74.81,1008.79,0,0,MANUAL,1,1,1,
2026-09-25 20:04:17,A3-baseline,3245000,29.09,87.68,1008.76,29.82,74.81,1008.79,0,0,MANUAL,1,1,1,
2026-09-25 20:04:18,A3-baseline,3246000,29.11,87.50,1008.79,29.82,74.83,1008.79,0,0,MANUAL,1,1,1,
2026-09-25 20:04:19,A3-baseline,3247000,29.10,87.68,1008.78,29.82,74.80,1008.79,0,0,MANUAL,1,1,1,
2026-09-25 20:04:19,A3-baseline,3248000,29.11,87.38,1008.71,29.82,74.78,1008.71,0,0,MANUAL,1,1,1,
2026-09-25 20:04:21,A3-baseline,3249000,29.11,87.50,1008.73,29.82,74.83,1008.73,0,0,MANUAL,1,1,1,
2026-09-25 20:04:22,A3-baseline,3250000,29.10,87.50,1008.75,29.82,74.87,1008.79,0,0,MANUAL,1,1,1,
2026-09-25 20:04:23,A3-baseline,3251000,29.09,87.65,1008.76,29.82,75.01,1008.79,0,0,MANUAL,1,1,1,
2026-09-25 20:04:24,A3-baseline,3252000,29.11,87.27,1008.67,29.82,75.05,1008.77,0,0,MANUAL,1,1,1,
2026-09-25 20:04:25,A3-baseline,3253000,29.10,87.25,1008.72,29.82,74.87,1008.79,0,0,MANUAL,1,1,1,
2026-09-25 20:04:26,A3-baseline,3254000,29.12,87.61,1008.78,29.82,74.92,1008.77,0,0,MANUAL,1,1,1,
2026-09-25 20:04:27,A3-baseline,3255000,29.09,87.48,1008.78,29.82,74.71,1008.73,0,0,MANUAL,1,1,1,
2026-09-25 20:04:27,A3-baseline,3256000,29.09,86.93,1008.76,29.81,74.77,1008.72,0,0,MANUAL,1,1,1,
2026-09-25 20:04:29,A3-baseline,3257000,29.09,87.13,1008.70,29.81,74.74,1008.70,0,0,MANUAL,1,1,1,
2026-09-25 20:04:30,A3-baseline,3258000,29.10,87.11,1008.80,29.82,74.95,1008.79,0,0,MANUAL,1,1,1,
2026-09-25 20:04:31,A3-baseline,3259000,29.10,87.46,1008.71,29.82,74.84,1008.73,0,0,MANUAL,1,1,1,
2026-09-25 20:04:32,A3-baseline,3260000,29.11,87.30,1008.76,29.82,74.88,1008.73,0,0,MANUAL,1,1,1,
2026-09-25 20:04:33,A3-baseline,3261000,29.11,87.50,1008.79,29.81,74.64,1008.75,0,0,MANUAL,1,1,1,
2026-09-25 20:04:34,A3-baseline,3262000,29.10,87.27,1008.75,29.81,74.82,1008.78,0,0,MANUAL,1,1,1,
2026-09-25 20:04:35,A3-baseline,3263000,29.11,87.33,1008.73,29.82,74.86,1008.79,0,0,MANUAL,1,1,1,
2026-09-25 20:04:36,A3-baseline,3264000,29.11,87.40,1008.74,29.82,74.92,1008.79,0,0,MANUAL,1,1,1,
2026-09-25 20:04:37,A3-baseline,3265000,29.13,87.37,1008.76,29.82,74.77,1008.70,0,0,MANUAL,1,1,1,
2026-09-25 20:04:38,A3-baseline,3266000,29.11,87.62,1008.73,29.82,74.81,1008.79,0,0,MANUAL,1,1,1,
2026-09-25 20:04:39,A3-baseline,3267000,29.10,87.37,1008.69,29.82,74.75,1008.81,0,0,MANUAL,1,1,1,
2026-09-25 20:04:40,A3-baseline,3268000,29.10,87.46,1008.74,29.82,74.82,1008.76,0,0,MANUAL,1,1,1,
2026-09-25 20:04:41,A3-baseline,3269000,29.11,87.18,1008.77,29.83,75.03,1008.81,0,0,MANUAL,1,1,1,
2026-09-25 20:04:42,A3-baseline,3270000,29.11,87.77,1008.77,29.82,74.82,1008.79,0,0,MANUAL,1,1,1,
2026-09-25 20:04:43,A3-baseline,3271000,29.11,87.30,1008.80,29.82,74.81,1008.79,0,0,MANUAL,1,1,1,
2026-09-25 20:04:44,A3-baseline,3272000,29.13,87.29,1008.76,29.81,75.06,1008.78,0,0,MANUAL,1,1,1,
2026-09-25 20:04:45,A3-baseline,3273000,29.13,87.57,1008.76,29.82,74.70,1008.77,0,0,MANUAL,1,1,1,
2026-09-25 20:04:46,A3-baseline,3274000,29.12,87.66,1008.72,29.82,74.80,1008.77,0,0,MANUAL,1,1,1,
2026-09-25 20:04:47,A3-baseline,3275000,29.12,87.43,1008.75,29.82,74.92,1008.77,0,0,MANUAL,1,1,1,
2026-09-25 20:04:47,A3-baseline,3276000,29.12,87.13,1008.72,29.83,74.84,1008.81,0,0,MANUAL,1,1,1,
2026-09-25 20:04:49,A3-baseline,3277000,29.13,87.52,1008.76,29.82,75.05,1008.82,0,0,MANUAL,1,1,1,
2026-09-25 20:04:50,A3-baseline,3278000,29.12,87.69,1008.78,29.82,74.74,1008.79,0,0,MANUAL,1,1,1,
2026-09-25 20:04:51,A3-baseline,3279000,29.11,87.75,1008.76,29.82,74.88,1008.77,0,0,MANUAL,1,1,1,
2026-09-25 20:04:52,A3-baseline,3280000,29.11,87.70,1008.74,29.83,74.68,1008.73,0,0,MANUAL,1,1,1,
2026-09-25 20:04:53,A3-baseline,3281000,29.10,87.47,1008.74,29.84,74.77,1008.76,0,0,MANUAL,1,1,1,
2026-09-25 20:04:54,A3-baseline,3282000,29.11,86.98,1008.70,29.83,74.80,1008.78,0,0,MANUAL,1,1,1,
2026-09-25 20:04:54,A3-baseline,3283000,29.10,87.53,1008.69,29.83,74.81,1008.80,0,0,MANUAL,1,1,1,
2026-09-25 20:04:56,A3-baseline,3284000,29.10,87.63,1008.72,29.83,74.96,1008.81,0,0,MANUAL,1,1,1,
2026-09-25 20:04:57,A3-baseline,3285000,29.12,87.32,1008.75,29.82,74.90,1008.79,0,0,MANUAL,1,1,1,
2026-09-25 20:04:58,A3-baseline,3286000,29.10,87.45,1008.71,29.82,74.82,1008.76,0,0,MANUAL,1,1,1,
2026-09-25 20:04:59,A3-baseline,3287000,29.10,87.39,1008.78,29.82,74.88,1008.73,0,0,MANUAL,1,1,1,
2026-09-25 20:05:00,A3-baseline,3288000,29.10,87.59,1008.80,29.82,74.79,1008.76,0,0,MANUAL,1,1,1,
2026-09-25 20:05:01,A3-baseline,3289000,29.10,87.51,1008.75,29.82,74.83,1008.79,0,0,MANUAL,1,1,1,
2026-09-25 20:05:02,A3-baseline,3290000,29.11,87.49,1008.76,29.81,74.91,1008.78,0,0,MANUAL,1,1,1,
2026-09-25 20:05:02,A3-baseline,3291000,29.10,87.34,1008.74,29.82,74.82,1008.81,0,0,MANUAL,1,1,1,
2026-09-25 20:05:04,A3-baseline,3292000,29.11,87.50,1008.73,29.82,74.82,1008.76,0,0,MANUAL,1,1,1,
2026-09-25 20:05:05,A3-baseline,3293000,29.11,87.57,1008.73,29.81,74.70,1008.75,0,0,MANUAL,1,1,1,
2026-09-25 20:05:06,A3-baseline,3294000,29.11,87.20,1008.73,29.82,74.89,1008.76,0,0,MANUAL,1,1,1,
2026-09-25 20:05:07,A3-baseline,3295000,29.11,87.56,1008.68,29.82,74.73,1008.81,0,0,MANUAL,1,1,1,
2026-09-25 20:05:08,A3-baseline,3296000,29.12,87.66,1008.72,29.82,74.93,1008.73,0,0,MANUAL,1,1,1,
2026-09-25 20:05:09,A3-baseline,3297000,29.13,87.14,1008.81,29.82,74.87,1008.76,0,0,MANUAL,1,1,1,
2026-09-25 20:05:10,A3-baseline,3298000,29.11,87.35,1008.76,29.82,75.02,1008.79,0,0,MANUAL,1,1,1,
2026-09-25 20:05:11,A3-baseline,3299000,29.12,87.29,1008.83,29.81,75.05,1008.81,0,0,MANUAL,1,1,1,
2026-09-25 20:05:12,A3-baseline,3300000,29.12,87.83,1008.72,29.82,74.80,1008.74,0,0,MANUAL,1,1,1,
2026-09-25 20:05:13,A3-baseline,3301000,29.13,87.76,1008.78,29.83,74.87,1008.83,0,0,MANUAL,1,1,1,
2026-09-25 20:05:14,A3-baseline,3302000,29.12,87.72,1008.75,29.82,74.83,1008.73,0,0,MANUAL,1,1,1,
2026-09-25 20:05:15,A3-baseline,3303000,29.13,87.09,1008.79,29.83,74.93,1008.81,0,0,MANUAL,1,1,1,
2026-09-25 20:05:16,A3-baseline,3304000,29.13,87.77,1008.78,29.82,74.82,1008.82,0,0,MANUAL,1,1,1,
2026-09-25 20:05:17,A3-baseline,3305000,29.11,87.55,1008.80,29.83,74.88,1008.81,0,0,MANUAL,1,1,1,
2026-09-25 20:05:18,A3-baseline,3306000,29.13,87.14,1008.76,29.83,74.77,1008.81,0,0,MANUAL,1,1,1,
2026-09-25 20:05:19,A3-baseline,3307000,29.13,87.58,1008.81,29.82,74.88,1008.74,0,0,MANUAL,1,1,1,
2026-09-25 20:05:20,A3-baseline,3308000,29.11,87.14,1008.74,29.83,74.71,1008.76,0,0,MANUAL,1,1,1,
2026-09-25 20:05:21,A3-baseline,3309000,29.12,87.56,1008.69,29.82,74.95,1008.79,0,0,MANUAL,1,1,1,
2026-09-25 20:05:22,A3-baseline,3310000,29.12,87.55,1008.78,29.82,74.93,1008.74,0,0,MANUAL,1,1,1,
2026-09-25 20:05:22,A3-baseline,3311000,29.11,87.00,1008.74,29.82,74.97,1008.76,0,0,MANUAL,1,1,1,
2026-09-25 20:05:24,A3-baseline,3312000,29.13,87.30,1008.76,29.81,74.83,1008.78,0,0,MANUAL,1,1,1,
2026-09-25 20:05:25,A3-baseline,3313000,29.12,87.70,1008.72,29.82,74.88,1008.77,0,0,MANUAL,1,1,1,
2026-09-25 20:05:26,A3-baseline,3314000,29.10,87.61,1008.74,29.82,75.00,1008.79,0,0,MANUAL,1,1,1,
2026-09-25 20:05:27,A3-baseline,3315000,29.09,87.10,1008.79,29.82,74.83,1008.81,0,0,MANUAL,1,1,1,
2026-09-25 20:05:28,A3-baseline,3316000,29.10,87.26,1008.71,29.83,74.88,1008.81,0,0,MANUAL,1,1,1,
2026-09-25 20:05:29,A3-baseline,3317000,29.11,87.31,1008.74,29.82,74.96,1008.81,0,0,MANUAL,1,1,1,
2026-09-25 20:05:30,A3-baseline,3318000,29.11,86.98,1008.71,29.81,74.99,1008.77,0,0,MANUAL,1,1,1,
2026-09-25 20:05:31,A3-baseline,3319000,29.13,87.32,1008.70,29.82,74.80,1008.79,0,0,MANUAL,1,1,1,
2026-09-25 20:05:32,A3-baseline,3320000,29.11,86.89,1008.77,29.81,74.82,1008.72,0,0,MANUAL,1,1,1,
2026-09-25 20:05:33,A3-baseline,3321000,29.12,87.25,1008.72,29.81,74.98,1008.80,0,0,MANUAL,1,1,1,
2026-09-25 20:05:34,A3-baseline,3322000,29.13,86.85,1008.70,29.81,74.83,1008.77,0,0,MANUAL,1,1,1,
2026-09-25 20:05:35,A3-baseline,3323000,29.11,87.29,1008.74,29.82,74.86,1008.79,0,0,MANUAL,1,1,1,
2026-09-25 20:05:35,A3-baseline,3324000,29.11,87.16,1008.80,29.82,74.84,1008.81,0,0,MANUAL,1,1,1,
2026-09-25 20:05:37,A3-baseline,3325000,29.13,87.17,1008.76,29.81,74.81,1008.86,0,0,MANUAL,1,1,1,
2026-09-25 20:05:38,A3-baseline,3326000,29.12,87.50,1008.72,29.79,75.04,1008.72,0,0,MANUAL,1,1,1,
2026-09-25 20:05:39,A3-baseline,3327000,29.12,87.16,1008.78,29.81,75.01,1008.85,0,0,MANUAL,1,1,1,
2026-09-25 20:05:40,A3-baseline,3328000,29.13,87.28,1008.81,29.80,74.96,1008.76,0,0,MANUAL,1,1,1,
2026-09-25 20:05:41,A3-baseline,3329000,29.13,87.11,1008.76,29.80,74.80,1008.79,0,0,MANUAL,1,1,1,
2026-09-25 20:05:42,A3-baseline,3330000,29.13,87.65,1008.76,29.80,74.83,1008.79,0,0,MANUAL,1,1,1,
2026-09-25 20:05:43,A3-baseline,3331000,29.11,87.01,1008.77,29.81,74.84,1008.80,0,0,MANUAL,1,1,1,
2026-09-25 20:05:44,A3-baseline,3332000,29.11,87.59,1008.77,29.80,74.74,1008.82,0,0,MANUAL,1,1,1,
2026-09-25 20:05:45,A3-baseline,3333000,29.13,87.11,1008.76,29.80,74.89,1008.79,0,0,MANUAL,1,1,1,
2026-09-25 20:05:46,A3-baseline,3334000,29.11,87.20,1008.77,29.80,75.01,1008.82,0,0,MANUAL,1,1,1,
2026-09-25 20:05:47,A3-baseline,3335000,29.12,87.61,1008.80,29.80,75.01,1008.74,0,0,MANUAL,1,1,1,
2026-09-25 20:05:48,A3-baseline,3336000,29.13,87.23,1008.73,29.80,74.89,1008.81,0,0,MANUAL,1,1,1,
2026-09-25 20:05:49,A3-baseline,3337000,29.11,87.42,1008.77,29.79,74.96,1008.80,0,0,MANUAL,1,1,1,
2026-09-25 20:05:50,A3-baseline,3338000,29.13,87.25,1008.81,29.80,74.91,1008.87,0,0,MANUAL,1,1,1,
2026-09-25 20:05:51,A3-baseline,3339000,29.13,87.24,1008.82,29.80,74.89,1008.81,0,0,MANUAL,1,1,1,
2026-09-25 20:05:52,A3-baseline,3340000,29.13,86.94,1008.67,29.80,74.91,1008.82,0,0,MANUAL,1,1,1,
2026-09-25 20:05:53,A3-baseline,3341000,29.12,87.35,1008.78,29.81,75.02,1008.83,0,0,MANUAL,1,1,1,
2026-09-25 20:05:54,A3-baseline,3342000,29.13,87.16,1008.78,29.82,74.99,1008.84,0,0,MANUAL,1,1,1,
2026-09-25 20:05:55,A3-baseline,3343000,29.11,87.44,1008.74,29.81,75.00,1008.85,0,0,MANUAL,1,1,1,
2026-09-25 20:05:56,A3-baseline,3344000,29.12,87.09,1008.78,29.81,74.89,1008.83,0,0,MANUAL,1,1,1,
2026-09-25 20:05:57,A3-baseline,3345000,29.12,87.50,1008.78,29.81,74.90,1008.85,0,0,MANUAL,1,1,1,
2026-09-25 20:05:58,A3-baseline,3346000,29.13,87.46,1008.76,29.80,74.86,1008.82,0,0,MANUAL,1,1,1,
2026-09-25 20:05:59,A3-baseline,3347000,29.11,87.63,1008.74,29.81,74.88,1008.77,0,0,MANUAL,1,1,1,
2026-09-25 20:06:00,A3-baseline,3348000,29.13,87.33,1008.70,29.81,74.90,1008.80,0,0,MANUAL,1,1,1,
2026-09-25 20:06:01,A3-baseline,3349000,29.11,87.37,1008.74,29.80,74.98,1008.81,0,0,MANUAL,1,1,1,
2026-09-25 20:06:02,A3-baseline,3350000,29.13,87.13,1008.81,29.81,74.92,1008.83,0,0,MANUAL,1,1,1,
2026-09-25 20:06:03,A3-baseline,3351000,29.13,87.45,1008.81,29.81,74.99,1008.77,0,0,MANUAL,1,1,1,
2026-09-25 20:06:03,A3-baseline,3352000,29.10,87.36,1008.80,29.80,75.05,1008.82,0,0,MANUAL,1,1,1,
2026-09-25 20:06:05,A3-baseline,3353000,29.10,87.23,1008.80,29.81,74.92,1008.81,0,0,MANUAL,1,1,1,
2026-09-25 20:06:06,A3-baseline,3354000,29.11,87.32,1008.68,29.81,75.09,1008.83,0,0,MANUAL,1,1,1,
2026-09-25 20:06:07,A3-baseline,3355000,29.11,86.79,1008.77,29.81,74.67,1008.75,0,0,MANUAL,1,1,1,
2026-09-25 20:06:08,A3-baseline,3356000,29.12,87.25,1008.75,29.81,74.78,1008.80,0,0,MANUAL,1,1,1,
2026-09-25 20:06:09,A3-baseline,3357000,29.11,86.94,1008.77,29.82,74.88,1008.81,0,0,MANUAL,1,1,1,
2026-09-25 20:06:10,A3-baseline,3358000,29.13,87.49,1008.73,29.81,74.90,1008.88,0,0,MANUAL,1,1,1,
2026-09-25 20:06:11,A3-baseline,3359000,29.13,87.27,1008.78,29.81,74.90,1008.77,0,0,MANUAL,1,1,1,
2026-09-25 20:06:12,A3-baseline,3360000,29.11,87.39,1008.68,29.80,74.95,1008.76,0,0,MANUAL,1,1,1,
2026-09-25 20:06:13,A3-baseline,3361000,29.11,86.97,1008.74,29.80,74.91,1008.79,0,0,MANUAL,1,1,1,
2026-09-25 20:06:14,A3-baseline,3362000,29.11,87.25,1008.67,29.81,74.83,1008.74,0,0,MANUAL,1,1,1,
2026-09-25 20:06:15,A3-baseline,3363000,29.10,87.34,1008.69,29.80,74.95,1008.82,0,0,MANUAL,1,1,1,
2026-09-25 20:06:16,A3-baseline,3364000,29.11,87.23,1008.79,29.80,74.81,1008.78,0,0,MANUAL,1,1,1,
2026-09-25 20:06:17,A3-baseline,3365000,29.13,87.05,1008.78,29.80,74.79,1008.74,0,0,MANUAL,1,1,1,
2026-09-25 20:06:18,A3-baseline,3366000,29.10,86.62,1008.75,29.80,74.88,1008.82,0,0,MANUAL,1,1,1,
2026-09-25 20:06:19,A3-baseline,3367000,29.11,87.32,1008.74,29.80,74.81,1008.82,0,0,MANUAL,1,1,1,
2026-09-25 20:06:20,A3-baseline,3368000,29.10,87.03,1008.77,29.80,74.74,1008.76,0,0,MANUAL,1,1,1,
2026-09-25 20:06:21,A3-baseline,3369000,29.13,87.09,1008.82,29.81,74.82,1008.80,0,0,MANUAL,1,1,1,
2026-09-25 20:06:22,A3-baseline,3370000,29.13,87.50,1008.76,29.80,75.14,1008.82,0,0,MANUAL,1,1,1,
2026-09-25 20:06:23,A3-baseline,3371000,29.11,86.90,1008.74,29.80,74.88,1008.75,0,0,MANUAL,1,1,1,
2026-09-25 20:06:24,A3-baseline,3372000,29.12,87.25,1008.75,29.80,74.82,1008.75,0,0,MANUAL,1,1,1,
2026-09-25 20:06:24,A3-baseline,3373000,29.13,86.92,1008.74,29.79,74.99,1008.82,0,0,MANUAL,1,1,1,
2026-09-25 20:06:26,A3-baseline,3374000,29.12,86.95,1008.86,29.80,75.05,1008.75,0,0,MANUAL,1,1,1,
2026-09-25 20:06:27,A3-baseline,3375000,29.11,87.08,1008.74,29.80,74.84,1008.82,0,0,MANUAL,1,1,1,
2026-09-25 20:06:28,A3-baseline,3376000,29.12,87.07,1008.72,29.80,74.88,1008.75,0,0,MANUAL,1,1,1,
2026-09-25 20:06:29,A3-baseline,3377000,29.13,87.16,1008.76,29.79,74.99,1008.80,0,0,MANUAL,1,1,1,
2026-09-25 20:06:30,A3-baseline,3378000,29.13,87.02,1008.81,29.78,74.88,1008.79,0,0,MANUAL,1,1,1,
2026-09-25 20:06:31,A3-baseline,3379000,29.13,87.36,1008.79,29.78,75.00,1008.78,0,0,MANUAL,1,1,1,
2026-09-25 20:06:32,A3-baseline,3380000,29.11,86.83,1008.70,29.78,74.94,1008.76,0,0,MANUAL,1,1,1,
2026-09-25 20:06:33,A3-baseline,3381000,29.11,87.18,1008.74,29.78,74.78,1008.83,0,0,MANUAL,1,1,1,
2026-09-25 20:06:34,A3-baseline,3382000,29.11,86.81,1008.71,29.79,74.94,1008.74,0,0,MANUAL,1,1,1,
2026-09-25 20:06:35,A3-baseline,3383000,29.11,87.25,1008.77,29.79,74.77,1008.77,0,0,MANUAL,1,1,1,
2026-09-25 20:06:36,A3-baseline,3384000,29.13,87.29,1008.78,29.78,74.84,1008.79,0,0,MANUAL,1,1,1,
2026-09-25 20:06:37,A3-baseline,3385000,29.13,87.09,1008.76,29.79,74.83,1008.82,0,0,MANUAL,1,1,1,
2026-09-25 20:06:38,A3-baseline,3386000,29.12,87.34,1008.72,29.78,74.85,1008.78,0,0,MANUAL,1,1,1,
2026-09-25 20:06:39,A3-baseline,3387000,29.13,87.31,1008.74,29.78,74.79,1008.78,0,0,MANUAL,1,1,1,
2026-09-25 20:06:40,A3-baseline,3388000,29.14,87.32,1008.75,29.78,75.15,1008.75,0,0,MANUAL,1,1,1,
2026-09-25 20:06:41,A3-baseline,3389000,29.13,86.96,1008.82,29.78,74.95,1008.75,0,0,MANUAL,1,1,1,
2026-09-25 20:06:42,A3-baseline,3390000,29.13,87.01,1008.76,29.78,74.93,1008.75,0,0,MANUAL,1,1,1,
2026-09-25 20:06:43,A3-baseline,3391000,29.13,87.54,1008.73,29.79,75.05,1008.77,0,0,MANUAL,1,1,1,
2026-09-25 20:06:44,A3-baseline,3392000,29.13,87.44,1008.74,29.78,74.96,1008.79,0,0,MANUAL,1,1,1,
2026-09-25 20:06:45,A3-baseline,3393000,29.14,87.18,1008.72,29.79,74.96,1008.75,0,0,MANUAL,1,1,1,
2026-09-25 20:06:46,A3-baseline,3394000,29.13,87.50,1008.76,29.78,75.19,1008.70,0,0,MANUAL,1,1,1,
2026-09-25 20:06:47,A3-baseline,3395000,29.15,87.46,1008.74,29.79,74.92,1008.83,0,0,MANUAL,1,1,1,
2026-09-25 20:06:48,A3-baseline,3396000,29.14,87.10,1008.74,29.79,75.06,1008.79,0,0,MANUAL,1,1,1,
2026-09-25 20:06:49,A3-baseline,3397000,29.14,87.48,1008.72,29.79,74.94,1008.79,0,0,MANUAL,1,1,1,
2026-09-25 20:06:50,A3-baseline,3398000,29.13,87.19,1008.76,29.79,74.94,1008.79,0,0,MANUAL,1,1,1,
2026-09-25 20:06:51,A3-baseline,3399000,29.14,87.54,1008.77,29.80,75.07,1008.81,0,0,MANUAL,1,1,1,
2026-09-25 20:06:51,A3-baseline,3400000,29.14,87.36,1008.72,29.80,75.03,1008.75,0,0,MANUAL,1,1,1,
2026-09-25 20:06:52,A3-baseline,3401000,29.15,87.28,1008.82,29.79,75.10,1008.77,0,0,MANUAL,1,1,1,
2026-09-25 20:06:54,A3-baseline,3402000,29.14,87.74,1008.75,29.79,75.15,1008.79,0,0,MANUAL,1,1,1,
2026-09-25 20:06:55,A3-baseline,3403000,29.14,87.65,1008.75,29.79,75.01,1008.77,0,0,MANUAL,1,1,1,
2026-09-25 20:06:56,A3-baseline,3404000,29.14,87.72,1008.80,29.79,74.91,1008.79,0,0,MANUAL,1,1,1,
2026-09-25 20:06:57,A3-baseline,3405000,29.13,87.64,1008.82,29.80,75.01,1008.85,0,0,MANUAL,1,1,1,
2026-09-25 20:06:58,A3-baseline,3406000,29.13,87.50,1008.74,29.79,75.10,1008.77,0,0,MANUAL,1,1,1,
2026-09-25 20:06:59,A3-baseline,3407000,29.13,87.41,1008.76,29.80,75.16,1008.75,0,0,MANUAL,1,1,1,
2026-09-25 20:07:00,A3-baseline,3408000,29.13,87.61,1008.76,29.79,74.93,1008.74,0,0,MANUAL,1,1,1,
2026-09-25 20:07:01,A3-baseline,3409000,29.12,87.39,1008.75,29.79,75.17,1008.80,0,0,MANUAL,1,1,1,
2026-09-25 20:07:02,A3-baseline,3410000,29.13,87.67,1008.82,29.78,75.01,1008.73,0,0,MANUAL,1,1,1,
2026-09-25 20:07:03,A3-baseline,3411000,29.12,87.57,1008.78,29.79,74.98,1008.75,0,0,MANUAL,1,1,1,
2026-09-25 20:07:04,A3-baseline,3412000,29.13,87.68,1008.78,29.80,74.92,1008.75,0,0,MANUAL,1,1,1,
2026-09-25 20:07:05,A3-baseline,3413000,29.12,87.17,1008.80,29.79,75.22,1008.77,0,0,MANUAL,1,1,1,
2026-09-25 20:07:06,A3-baseline,3414000,29.11,87.35,1008.77,29.79,74.85,1008.74,0,0,MANUAL,1,1,1,
2026-09-25 20:07:07,A3-baseline,3415000,29.11,87.22,1008.82,29.80,75.02,1008.79,0,0,MANUAL,1,1,1,
2026-09-25 20:07:08,A3-baseline,3416000,29.10,87.61,1008.75,29.80,74.96,1008.79,0,0,MANUAL,1,1,1,
2026-09-25 20:07:09,A3-baseline,3417000,29.10,87.14,1008.78,29.79,74.96,1008.80,0,0,MANUAL,1,1,1,
2026-09-25 20:07:10,A3-baseline,3418000,29.10,87.57,1008.75,29.79,75.20,1008.80,0,0,MANUAL,1,1,1,
2026-09-25 20:07:11,A3-baseline,3419000,29.09,87.57,1008.76,29.79,74.85,1008.80,0,0,MANUAL,1,1,1,
2026-09-25 20:07:12,A3-baseline,3420000,29.10,87.76,1008.75,29.80,74.92,1008.81,0,0,MANUAL,1,1,1,
2026-09-25 20:07:12,A3-baseline,3421000,29.10,87.21,1008.81,29.79,74.86,1008.79,0,0,MANUAL,1,1,1,
2026-09-25 20:07:14,A3-baseline,3422000,29.11,87.65,1008.77,29.79,75.05,1008.75,0,0,MANUAL,1,1,1,
2026-09-25 20:07:15,A3-baseline,3423000,29.11,87.43,1008.76,29.79,74.95,1008.79,0,0,MANUAL,1,1,1,
2026-09-25 20:07:16,A3-baseline,3424000,29.11,87.39,1008.82,29.79,74.88,1008.79,0,0,MANUAL,1,1,1,
2026-09-25 20:07:17,A3-baseline,3425000,29.10,87.35,1008.78,29.79,74.94,1008.77,0,0,MANUAL,1,1,1,
2026-09-25 20:07:18,A3-baseline,3426000,29.10,87.21,1008.75,29.78,75.11,1008.76,0,0,MANUAL,1,1,1,
2026-09-25 20:07:19,A3-baseline,3427000,29.09,87.57,1008.76,29.78,74.98,1008.75,0,0,MANUAL,1,1,1,
2026-09-25 20:07:20,A3-baseline,3428000,29.10,87.08,1008.75,29.79,75.05,1008.79,0,0,MANUAL,1,1,1,
2026-09-25 20:07:21,A3-baseline,3429000,29.09,87.08,1008.78,29.79,74.88,1008.77,0,0,MANUAL,1,1,1,
2026-09-25 20:07:22,A3-baseline,3430000,29.10,87.42,1008.77,29.78,75.20,1008.81,0,0,MANUAL,1,1,1,
2026-09-25 20:07:23,A3-baseline,3431000,29.09,87.23,1008.71,29.79,75.21,1008.74,0,0,MANUAL,1,1,1,
2026-09-25 20:07:24,A3-baseline,3432000,29.10,87.03,1008.77,29.78,75.00,1008.79,0,0,MANUAL,1,1,1,
2026-09-25 20:07:25,A3-baseline,3433000,29.10,87.07,1008.78,29.78,75.09,1008.79,0,0,MANUAL,1,1,1,
2026-09-25 20:07:26,A3-baseline,3434000,29.09,87.37,1008.76,29.78,75.12,1008.81,0,0,MANUAL,1,1,1,
2026-09-25 20:07:27,A3-baseline,3435000,29.10,87.31,1008.81,29.79,75.19,1008.79,0,0,MANUAL,1,1,1,
2026-09-25 20:07:28,A3-baseline,3436000,29.09,86.98,1008.76,29.78,74.98,1008.78,0,0,MANUAL,1,1,1,
2026-09-25 20:07:29,A3-baseline,3437000,29.10,87.23,1008.78,29.79,74.86,1008.85,0,0,MANUAL,1,1,1,
2026-09-25 20:07:30,A3-baseline,3438000,29.11,87.40,1008.76,29.78,75.04,1008.81,0,0,MANUAL,1,1,1,
2026-09-25 20:07:31,A3-baseline,3439000,29.10,86.97,1008.89,29.78,74.88,1008.76,0,0,MANUAL,1,1,1,
2026-09-25 20:07:32,A3-baseline,3440000,29.10,86.87,1008.72,29.77,74.87,1008.77,0,0,MANUAL,1,1,1,
2026-09-25 20:07:32,A3-baseline,3441000,29.11,87.08,1008.77,29.78,74.97,1008.83,0,0,MANUAL,1,1,1,
2026-09-25 20:07:34,A3-baseline,3442000,29.11,87.22,1008.74,29.78,75.00,1008.78,0,0,MANUAL,1,1,1,
2026-09-25 20:07:35,A3-baseline,3443000,29.11,87.17,1008.82,29.77,75.05,1008.80,0,0,MANUAL,1,1,1,
2026-09-25 20:07:36,A3-baseline,3444000,29.11,87.35,1008.79,29.77,75.05,1008.80,0,0,MANUAL,1,1,1,
2026-09-25 20:07:37,A3-baseline,3445000,29.13,87.50,1008.81,29.78,74.87,1008.83,0,0,MANUAL,1,1,1,
2026-09-25 20:07:38,A3-baseline,3446000,29.11,87.42,1008.74,29.77,75.02,1008.76,0,0,MANUAL,1,1,1,
2026-09-25 20:07:39,A3-baseline,3447000,29.11,87.15,1008.82,29.77,75.03,1008.79,0,0,MANUAL,1,1,1,
2026-09-25 20:07:40,A3-baseline,3448000,29.11,87.32,1008.74,29.76,75.10,1008.75,0,0,MANUAL,1,1,1,
2026-09-25 20:07:41,A3-baseline,3449000,29.11,87.17,1008.74,29.77,75.06,1008.76,0,0,MANUAL,1,1,1,
2026-09-25 20:07:42,A3-baseline,3450000,29.12,87.19,1008.80,29.76,75.07,1008.77,0,0,MANUAL,1,1,1,
2026-09-25 20:07:43,A3-baseline,3451000,29.10,87.48,1008.81,29.76,75.07,1008.75,0,0,MANUAL,1,1,1,
2026-09-25 20:07:44,A3-baseline,3452000,29.11,87.07,1008.74,29.76,75.07,1008.86,0,0,MANUAL,1,1,1,
2026-09-25 20:07:45,A3-baseline,3453000,29.11,87.49,1008.80,29.75,75.06,1008.79,0,0,MANUAL,1,1,1,
2026-09-25 20:07:46,A3-baseline,3454000,29.11,87.56,1008.80,29.75,75.22,1008.81,0,0,MANUAL,1,1,1,
2026-09-25 20:07:47,A3-baseline,3455000,29.11,87.20,1008.79,29.76,74.84,1008.80,0,0,MANUAL,1,1,1,
2026-09-25 20:07:48,A3-baseline,3456000,29.11,87.61,1008.80,29.75,75.06,1008.84,0,0,MANUAL,1,1,1,
2026-09-25 20:07:49,A3-baseline,3457000,29.11,87.12,1008.79,29.75,75.04,1008.79,0,0,MANUAL,1,1,1,
2026-09-25 20:07:50,A3-baseline,3458000,29.11,87.64,1008.80,29.75,75.00,1008.79,0,0,MANUAL,1,1,1,
2026-09-25 20:07:51,A3-baseline,3459000,29.10,87.37,1008.80,29.76,75.26,1008.80,0,0,MANUAL,1,1,1,
2026-09-25 20:07:52,A3-baseline,3460000,29.10,87.49,1008.84,29.75,75.33,1008.79,0,0,MANUAL,1,1,1,
2026-09-25 20:07:53,A3-baseline,3461000,29.11,86.91,1008.80,29.75,75.06,1008.81,0,0,MANUAL,1,1,1,
2026-09-25 20:07:53,A3-baseline,3462000,29.11,87.56,1008.76,29.74,75.19,1008.80,0,0,MANUAL,1,1,1,
2026-09-25 20:07:55,A3-baseline,3463000,29.11,87.77,1008.74,29.74,75.25,1008.88,0,0,MANUAL,1,1,1,
2026-09-25 20:07:56,A3-baseline,3464000,29.11,87.62,1008.82,29.75,75.16,1008.81,0,0,MANUAL,1,1,1,
2026-09-25 20:07:57,A3-baseline,3465000,29.10,87.30,1008.75,29.75,75.07,1008.85,0,0,MANUAL,1,1,1,
2026-09-25 20:07:58,A3-baseline,3466000,29.10,87.69,1008.80,29.76,75.08,1008.80,0,0,MANUAL,1,1,1,
2026-09-25 20:07:59,A3-baseline,3467000,29.10,87.48,1008.75,29.74,75.07,1008.78,0,0,MANUAL,1,1,1,
2026-09-25 20:08:00,A3-baseline,3468000,29.10,87.58,1008.75,29.75,75.11,1008.77,0,0,MANUAL,1,1,1,
2026-09-25 20:08:01,A3-baseline,3469000,29.11,87.45,1008.76,29.76,75.08,1008.83,0,0,MANUAL,1,1,1,
2026-09-25 20:08:02,A3-baseline,3470000,29.10,86.88,1008.77,29.76,75.10,1008.75,0,0,MANUAL,1,1,1,
2026-09-25 20:08:03,A3-baseline,3471000,29.10,87.59,1008.77,29.76,75.15,1008.80,0,0,MANUAL,1,1,1,
2026-09-25 20:08:04,A3-baseline,3472000,29.10,87.34,1008.80,29.76,74.95,1008.80,0,0,MANUAL,1,1,1,
2026-09-25 20:08:05,A3-baseline,3473000,29.10,86.85,1008.78,29.76,75.07,1008.78,0,0,MANUAL,1,1,1,
2026-09-25 20:08:06,A3-baseline,3474000,29.09,87.43,1008.73,29.77,74.96,1008.82,0,0,MANUAL,1,1,1,
2026-09-25 20:08:07,A3-baseline,3475000,29.11,87.45,1008.79,29.76,75.08,1008.78,0,0,MANUAL,1,1,1,
2026-09-25 20:08:08,A3-baseline,3476000,29.11,87.36,1008.76,29.76,75.16,1008.75,0,0,MANUAL,1,1,1,
2026-09-25 20:08:09,A3-baseline,3477000,29.11,87.04,1008.79,29.77,74.95,1008.76,0,0,MANUAL,1,1,1,
2026-09-25 20:08:10,A3-baseline,3478000,29.10,87.31,1008.84,29.77,75.05,1008.87,0,0,MANUAL,1,1,1,
2026-09-25 20:08:11,A3-baseline,3479000,29.10,87.55,1008.72,29.77,74.96,1008.82,0,0,MANUAL,1,1,1,
2026-09-25 20:08:12,A3-baseline,3480000,29.11,87.30,1008.76,29.77,75.20,1008.83,0,0,MANUAL,1,1,1,
2026-09-25 20:08:13,A3-baseline,3481000,29.10,87.57,1008.78,29.77,74.95,1008.77,0,0,MANUAL,1,1,1,
2026-09-25 20:08:14,A3-baseline,3482000,29.10,87.41,1008.84,29.78,74.89,1008.81,0,0,MANUAL,1,1,1,
2026-09-25 20:08:14,A3-baseline,3483000,29.10,87.27,1008.78,29.78,74.89,1008.81,0,0,MANUAL,1,1,1,
2026-09-25 20:08:16,A3-baseline,3484000,29.11,87.30,1008.76,29.78,74.92,1008.76,0,0,MANUAL,1,1,1,
2026-09-25 20:08:17,A3-baseline,3485000,29.11,87.17,1008.84,29.78,74.92,1008.83,0,0,MANUAL,1,1,1,
2026-09-25 20:08:18,A3-baseline,3486000,29.10,87.42,1008.78,29.78,74.97,1008.76,0,0,MANUAL,1,1,1,
2026-09-25 20:08:19,A3-baseline,3487000,29.09,87.15,1008.73,29.77,75.05,1008.74,0,0,MANUAL,1,1,1,
2026-09-25 20:08:20,A3-baseline,3488000,29.10,87.33,1008.75,29.78,74.91,1008.84,0,0,MANUAL,1,1,1,
2026-09-25 20:08:21,A3-baseline,3489000,29.10,86.99,1008.71,29.78,75.06,1008.81,0,0,MANUAL,1,1,1,
2026-09-25 20:08:22,A3-baseline,3490000,29.10,87.42,1008.75,29.79,74.88,1008.82,0,0,MANUAL,1,1,1,
2026-09-25 20:08:23,A3-baseline,3491000,29.11,87.43,1008.80,29.78,75.04,1008.87,0,0,MANUAL,1,1,1,
2026-09-25 20:08:24,A3-baseline,3492000,29.10,87.38,1008.71,29.78,75.23,1008.81,0,0,MANUAL,1,1,1,
2026-09-25 20:08:25,A3-baseline,3493000,29.10,87.54,1008.75,29.78,75.07,1008.87,0,0,MANUAL,1,1,1,
2026-09-25 20:08:26,A3-baseline,3494000,29.09,87.09,1008.73,29.78,75.03,1008.78,0,0,MANUAL,1,1,1,
2026-09-25 20:08:27,A3-baseline,3495000,29.09,87.28,1008.78,29.77,75.22,1008.77,0,0,MANUAL,1,1,1,
2026-09-25 20:08:28,A3-baseline,3496000,29.09,87.00,1008.71,29.77,74.97,1008.74,0,0,MANUAL,1,1,1,
2026-09-25 20:08:29,A3-baseline,3497000,29.10,87.06,1008.77,29.78,75.25,1008.81,0,0,MANUAL,1,1,1,
2026-09-25 20:08:30,A3-baseline,3498000,29.11,87.11,1008.79,29.78,75.14,1008.86,0,0,MANUAL,1,1,1,
2026-09-25 20:08:31,A3-baseline,3499000,29.11,87.43,1008.79,29.78,74.90,1008.78,0,0,MANUAL,1,1,1,
2026-09-25 20:08:32,A3-baseline,3500000,29.10,86.95,1008.69,29.79,75.13,1008.80,0,0,MANUAL,1,1,1,
2026-09-25 20:08:33,A3-baseline,3501000,29.10,87.36,1008.74,29.78,75.05,1008.81,0,0,MANUAL,1,1,1,
2026-09-25 20:08:34,A3-baseline,3502000,29.10,87.50,1008.77,29.80,75.14,1008.81,0,0,MANUAL,1,1,1,
2026-09-25 20:08:35,A3-baseline,3503000,29.11,87.29,1008.79,29.79,75.00,1008.82,0,0,MANUAL,1,1,1,
2026-09-25 20:08:36,A3-baseline,3504000,29.10,87.39,1008.72,29.79,75.03,1008.85,0,0,MANUAL,1,1,1,
2026-09-25 20:08:37,A3-baseline,3505000,29.10,86.81,1008.78,29.79,75.01,1008.80,0,0,MANUAL,1,1,1,
2026-09-25 20:08:38,A3-baseline,3506000,29.11,87.19,1008.80,29.79,74.85,1008.85,0,0,MANUAL,1,1,1,
2026-09-25 20:08:39,A3-baseline,3507000,29.11,87.55,1008.79,29.79,75.03,1008.77,0,0,MANUAL,1,1,1,
2026-09-25 20:08:40,A3-baseline,3508000,29.11,87.39,1008.77,29.79,75.03,1008.80,0,0,MANUAL,1,1,1,
2026-09-25 20:08:41,A3-baseline,3509000,29.11,86.76,1008.79,29.79,74.94,1008.75,0,0,MANUAL,1,1,1,
2026-09-25 20:08:41,A3-baseline,3510000,29.11,87.34,1008.79,29.79,74.78,1008.79,0,0,MANUAL,1,1,1,
2026-09-25 20:08:43,A3-baseline,3511000,29.12,86.89,1008.75,29.79,74.93,1008.79,0,0,MANUAL,1,1,1,
2026-09-25 20:08:44,A3-baseline,3512000,29.11,87.28,1008.80,29.79,74.97,1008.79,0,0,MANUAL,1,1,1,
2026-09-25 20:08:45,A3-baseline,3513000,29.10,87.15,1008.80,29.80,75.20,1008.78,0,0,MANUAL,1,1,1,
2026-09-25 20:08:46,A3-baseline,3514000,29.10,87.10,1008.71,29.79,75.12,1008.83,0,0,MANUAL,1,1,1,
2026-09-25 20:08:47,A3-baseline,3515000,29.10,86.89,1008.74,29.79,75.19,1008.77,0,0,MANUAL,1,1,1,
2026-09-25 20:08:48,A3-baseline,3516000,29.11,86.82,1008.74,29.79,75.03,1008.77,0,0,MANUAL,1,1,1,
2026-09-25 20:08:49,A3-baseline,3517000,29.11,87.21,1008.79,29.79,75.02,1008.79,0,0,MANUAL,1,1,1,
2026-09-25 20:08:50,A3-baseline,3518000,29.11,87.08,1008.76,29.79,75.16,1008.80,0,0,MANUAL,1,1,1,
2026-09-25 20:08:51,A3-baseline,3519000,29.11,87.36,1008.79,29.79,75.03,1008.79,0,0,MANUAL,1,1,1,
2026-09-25 20:08:52,A3-baseline,3520000,29.11,86.96,1008.73,29.79,74.93,1008.79,0,0,MANUAL,1,1,1,
2026-09-25 20:08:52,A3-rise,,,,,,,,,,,,,,MARK  A3-rise
2026-09-25 20:08:52,A3-rise,,,,,,,,,,,,,,mist A=1 B=0 (manual)
2026-09-25 20:08:53,A3-rise,3521000,29.11,87.06,1008.80,29.79,74.94,1008.80,1,0,MANUAL,1,1,1,
2026-09-25 20:08:54,A3-rise,3522000,29.13,86.99,1008.78,29.78,74.91,1008.81,1,0,MANUAL,1,1,1,
2026-09-25 20:08:55,A3-rise,3523000,29.14,87.25,1008.77,29.80,75.18,1008.87,1,0,MANUAL,1,1,1,
2026-09-25 20:08:56,A3-rise,3524000,29.15,87.27,1008.76,29.78,74.88,1008.76,1,0,MANUAL,1,1,1,
2026-09-25 20:08:57,A3-rise,3525000,29.14,88.04,1008.72,29.79,75.03,1008.77,1,0,MANUAL,1,1,1,
2026-09-25 20:08:58,A3-rise,3526000,29.15,87.94,1008.79,29.78,74.87,1008.84,1,0,MANUAL,1,1,1,
2026-09-25 20:08:59,A3-rise,3527000,29.16,87.61,1008.78,29.79,75.11,1008.79,1,0,MANUAL,1,1,1,
2026-09-25 20:09:00,A3-rise,3528000,29.17,87.94,1008.82,29.79,75.12,1008.74,1,0,MANUAL,1,1,1,
2026-09-25 20:09:01,A3-rise,3529000,29.17,87.56,1008.76,29.79,74.96,1008.80,1,0,MANUAL,1,1,1,
2026-09-25 20:09:02,A3-rise,3530000,29.17,88.33,1008.72,29.77,75.20,1008.83,1,0,MANUAL,1,1,1,
2026-09-25 20:09:02,A3-rise,3531000,29.18,87.74,1008.79,29.78,75.03,1008.87,1,0,MANUAL,1,1,1,
2026-09-25 20:09:04,A3-rise,3532000,29.18,88.34,1008.79,29.78,75.22,1008.79,1,0,MANUAL,1,1,1,
2026-09-25 20:09:05,A3-rise,3533000,29.19,87.87,1008.86,29.78,75.01,1008.81,1,0,MANUAL,1,1,1,
2026-09-25 20:09:06,A3-rise,3534000,29.20,88.00,1008.81,29.78,75.00,1008.75,1,0,MANUAL,1,1,1,
2026-09-25 20:09:07,A3-rise,3535000,29.21,88.16,1008.72,29.78,75.24,1008.83,1,0,MANUAL,1,1,1,
2026-09-25 20:09:08,A3-rise,3536000,29.21,88.05,1008.81,29.78,75.02,1008.78,1,0,MANUAL,1,1,1,
2026-09-25 20:09:09,A3-rise,3537000,29.22,88.54,1008.79,29.78,74.88,1008.78,1,0,MANUAL,1,1,1,
2026-09-25 20:09:10,A3-rise,3538000,29.24,88.72,1008.82,29.78,74.91,1008.84,1,0,MANUAL,1,1,1,
2026-09-25 20:09:11,A3-rise,3539000,29.24,88.48,1008.82,29.79,74.99,1008.80,1,0,MANUAL,1,1,1,
2026-09-25 20:09:12,A3-rise,3540000,29.25,88.35,1008.70,29.78,75.10,1008.81,1,0,MANUAL,1,1,1,
2026-09-25 20:09:13,A3-rise,3541000,29.26,88.79,1008.80,29.78,75.08,1008.83,1,0,MANUAL,1,1,1,
2026-09-25 20:09:14,A3-rise,3542000,29.25,88.74,1008.73,29.78,74.95,1008.81,1,0,MANUAL,1,1,1,
2026-09-25 20:09:15,A3-rise,3543000,29.28,88.32,1008.72,29.78,75.07,1008.81,1,0,MANUAL,1,1,1,
2026-09-25 20:09:16,A3-rise,3544000,29.28,88.54,1008.78,29.77,75.15,1008.85,1,0,MANUAL,1,1,1,
2026-09-25 20:09:17,A3-rise,3545000,29.27,88.80,1008.79,29.78,75.20,1008.75,1,0,MANUAL,1,1,1,
2026-09-25 20:09:18,A3-rise,3546000,29.29,88.50,1008.73,29.78,75.13,1008.78,1,0,MANUAL,1,1,1,
2026-09-25 20:09:19,A3-rise,3547000,29.30,88.32,1008.81,29.77,75.05,1008.76,1,0,MANUAL,1,1,1,
2026-09-25 20:09:20,A3-rise,3548000,29.32,88.92,1008.81,29.78,75.01,1008.84,1,0,MANUAL,1,1,1,
2026-09-25 20:09:21,A3-rise,3549000,29.33,88.58,1008.77,29.78,74.95,1008.81,1,0,MANUAL,1,1,1,
2026-09-25 20:09:22,A3-rise,3550000,29.32,88.30,1008.73,29.78,74.96,1008.81,1,0,MANUAL,1,1,1,
2026-09-25 20:09:23,A3-rise,3551000,29.32,88.61,1008.73,29.77,75.03,1008.77,1,0,MANUAL,1,1,1,
2026-09-25 20:09:24,A3-rise,3552000,29.32,88.79,1008.79,29.78,75.11,1008.81,1,0,MANUAL,1,1,1,
2026-09-25 20:09:25,A3-rise,3553000,29.32,88.62,1008.78,29.78,74.97,1008.78,1,0,MANUAL,1,1,1,
2026-09-25 20:09:26,A3-rise,3554000,29.32,88.44,1008.73,29.78,75.19,1008.79,1,0,MANUAL,1,1,1,
2026-09-25 20:09:27,A3-rise,3555000,29.31,88.64,1008.80,29.78,74.93,1008.73,1,0,MANUAL,1,1,1,
2026-09-25 20:09:28,A3-rise,3556000,29.31,88.47,1008.77,29.78,74.97,1008.84,1,0,MANUAL,1,1,1,
2026-09-25 20:09:29,A3-rise,3557000,29.32,89.02,1008.73,29.79,75.14,1008.79,1,0,MANUAL,1,1,1,
2026-09-25 20:09:30,A3-rise,3558000,29.31,88.46,1008.75,29.78,75.05,1008.84,1,0,MANUAL,1,1,1,
2026-09-25 20:09:31,A3-rise,3559000,29.31,88.63,1008.82,29.79,75.01,1008.85,1,0,MANUAL,1,1,1,
2026-09-25 20:09:32,A3-rise,3560000,29.32,88.87,1008.75,29.78,75.00,1008.81,1,0,MANUAL,1,1,1,
2026-09-25 20:09:33,A3-rise,3561000,29.32,88.76,1008.73,29.78,74.93,1008.79,1,0,MANUAL,1,1,1,
2026-09-25 20:09:34,A3-rise,3562000,29.32,88.69,1008.76,29.78,74.94,1008.78,1,0,MANUAL,1,1,1,
2026-09-25 20:09:35,A3-rise,3563000,29.32,88.76,1008.79,29.78,75.09,1008.81,1,0,MANUAL,1,1,1,
2026-09-25 20:09:35,A3-rise,3564000,29.33,89.17,1008.80,29.78,75.03,1008.87,1,0,MANUAL,1,1,1,
2026-09-25 20:09:37,A3-rise,3565000,29.33,88.74,1008.77,29.78,74.98,1008.79,1,0,MANUAL,1,1,1,
2026-09-25 20:09:38,A3-rise,3566000,29.32,89.04,1008.76,29.78,75.00,1008.83,1,0,MANUAL,1,1,1,
2026-09-25 20:09:39,A3-rise,3567000,29.34,89.26,1008.73,29.78,74.96,1008.81,1,0,MANUAL,1,1,1,
2026-09-25 20:09:40,A3-rise,3568000,29.33,88.88,1008.77,29.79,74.99,1008.82,1,0,MANUAL,1,1,1,
2026-09-25 20:09:41,A3-rise,3569000,29.34,88.68,1008.82,29.78,75.25,1008.72,1,0,MANUAL,1,1,1,
2026-09-25 20:09:42,A3-rise,3570000,29.34,88.86,1008.73,29.78,75.25,1008.83,1,0,MANUAL,1,1,1,
2026-09-25 20:09:43,A3-rise,3571000,29.34,89.27,1008.79,29.79,75.05,1008.82,1,0,MANUAL,1,1,1,
2026-09-25 20:09:44,A3-rise,3572000,29.34,88.97,1008.80,29.78,75.14,1008.81,1,0,MANUAL,1,1,1,
2026-09-25 20:09:45,A3-rise,3573000,29.35,88.70,1008.83,29.77,75.13,1008.83,1,0,MANUAL,1,1,1,
2026-09-25 20:09:46,A3-rise,3574000,29.35,88.88,1008.80,29.79,74.97,1008.85,1,0,MANUAL,1,1,1,
2026-09-25 20:09:47,A3-rise,3575000,29.34,88.84,1008.77,29.77,74.99,1008.76,1,0,MANUAL,1,1,1,
2026-09-25 20:09:48,A3-rise,3576000,29.35,88.72,1008.78,29.77,75.22,1008.82,1,0,MANUAL,1,1,1,
2026-09-25 20:09:49,A3-rise,3577000,29.35,88.87,1008.78,29.78,75.07,1008.83,1,0,MANUAL,1,1,1,
2026-09-25 20:09:50,A3-rise,3578000,29.35,88.74,1008.78,29.77,75.19,1008.83,1,0,MANUAL,1,1,1,
2026-09-25 20:09:51,A3-rise,3579000,29.35,89.36,1008.80,29.77,74.93,1008.80,1,0,MANUAL,1,1,1,
2026-09-25 20:09:52,A3-rise,3580000,29.35,89.37,1008.73,29.77,75.08,1008.82,1,0,MANUAL,1,1,1,
2026-09-25 20:09:53,A3-rise,3581000,29.35,89.14,1008.78,29.76,75.28,1008.73,1,0,MANUAL,1,1,1,
2026-09-25 20:09:54,A3-rise,3582000,29.35,88.72,1008.78,29.77,75.14,1008.80,1,0,MANUAL,1,1,1,
2026-09-25 20:09:55,A3-rise,3583000,29.38,88.89,1008.80,29.77,74.98,1008.79,1,0,MANUAL,1,1,1,
2026-09-25 20:09:56,A3-rise,3584000,29.39,89.37,1008.78,29.77,75.12,1008.82,1,0,MANUAL,1,1,1,
2026-09-25 20:09:56,A3-rise,3585000,29.39,89.02,1008.78,29.77,75.16,1008.73,1,0,MANUAL,1,1,1,
2026-09-25 20:09:58,A3-rise,3586000,29.38,89.03,1008.74,29.77,74.92,1008.76,1,0,MANUAL,1,1,1,
2026-09-25 20:09:59,A3-rise,3587000,29.37,89.54,1008.81,29.77,74.96,1008.76,1,0,MANUAL,1,1,1,
2026-09-25 20:10:00,A3-rise,3588000,29.36,89.03,1008.82,29.77,74.98,1008.82,1,0,MANUAL,1,1,1,
2026-09-25 20:10:01,A3-rise,3589000,29.35,89.43,1008.81,29.76,75.25,1008.75,1,0,MANUAL,1,1,1,
2026-09-25 20:10:02,A3-rise,3590000,29.36,88.91,1008.79,29.76,75.03,1008.81,1,0,MANUAL,1,1,1,
2026-09-25 20:10:03,A3-rise,3591000,29.36,89.40,1008.85,29.76,75.11,1008.80,1,0,MANUAL,1,1,1,
2026-09-25 20:10:04,A3-rise,3592000,29.36,89.29,1008.83,29.75,75.08,1008.77,1,0,MANUAL,1,1,1,
2026-09-25 20:10:05,A3-rise,3593000,29.37,89.45,1008.78,29.76,75.15,1008.83,1,0,MANUAL,1,1,1,
2026-09-25 20:10:06,A3-rise,3594000,29.37,89.19,1008.78,29.76,75.08,1008.84,1,0,MANUAL,1,1,1,
2026-09-25 20:10:07,A3-rise,3595000,29.37,89.46,1008.78,29.75,75.02,1008.81,1,0,MANUAL,1,1,1,
2026-09-25 20:10:08,A3-rise,3596000,29.36,89.10,1008.80,29.75,74.95,1008.84,1,0,MANUAL,1,1,1,
2026-09-25 20:10:09,A3-rise,3597000,29.38,89.31,1008.85,29.74,75.02,1008.89,1,0,MANUAL,1,1,1,
2026-09-25 20:10:10,A3-rise,3598000,29.37,89.10,1008.75,29.76,75.01,1008.77,1,0,MANUAL,1,1,1,
2026-09-25 20:10:11,A3-rise,3599000,29.39,89.62,1008.84,29.75,75.04,1008.77,1,0,MANUAL,1,1,1,
2026-09-25 20:10:12,A3-rise,3600000,29.39,89.23,1008.81,29.75,75.10,1008.84,1,0,MANUAL,1,1,1,
2026-09-25 20:10:13,A3-rise,3601000,29.39,89.39,1008.78,29.74,75.08,1008.77,1,0,MANUAL,1,1,1,
2026-09-25 20:10:14,A3-rise,3602000,29.38,89.56,1008.80,29.75,75.15,1008.81,1,0,MANUAL,1,1,1,
2026-09-25 20:10:15,A3-rise,3603000,29.39,89.22,1008.82,29.74,75.16,1008.83,1,0,MANUAL,1,1,1,
2026-09-25 20:10:16,A3-rise,3604000,29.39,89.23,1008.79,29.74,75.29,1008.77,1,0,MANUAL,1,1,1,
2026-09-25 20:10:17,A3-rise,3605000,29.41,89.62,1008.82,29.75,75.09,1008.87,1,0,MANUAL,1,1,1,
2026-09-25 20:10:18,A3-rise,3606000,29.40,89.56,1008.81,29.74,75.05,1008.80,1,0,MANUAL,1,1,1,
2026-09-25 20:10:19,A3-rise,3607000,29.42,89.45,1008.83,29.74,75.13,1008.82,1,0,MANUAL,1,1,1,
2026-09-25 20:10:20,A3-rise,3608000,29.42,89.37,1008.86,29.73,75.18,1008.81,1,0,MANUAL,1,1,1,
2026-09-25 20:10:21,A3-rise,3609000,29.42,89.53,1008.78,29.74,75.10,1008.77,1,0,MANUAL,1,1,1,
2026-09-25 20:10:22,A3-rise,3610000,29.41,89.61,1008.70,29.74,75.10,1008.82,1,0,MANUAL,1,1,1,
2026-09-25 20:10:23,A3-rise,3611000,29.43,89.86,1008.82,29.74,75.14,1008.83,1,0,MANUAL,1,1,1,
2026-09-25 20:10:24,A3-rise,3612000,29.42,89.38,1008.78,29.73,75.12,1008.82,1,0,MANUAL,1,1,1,
2026-09-25 20:10:25,A3-rise,3613000,29.42,89.25,1008.78,29.73,75.05,1008.76,1,0,MANUAL,1,1,1,
2026-09-25 20:10:26,A3-rise,3614000,29.43,89.27,1008.85,29.73,75.14,1008.75,1,0,MANUAL,1,1,1,
2026-09-25 20:10:27,A3-rise,3615000,29.43,89.19,1008.80,29.73,75.21,1008.86,1,0,MANUAL,1,1,1,
2026-09-25 20:10:28,A3-rise,3616000,29.43,89.24,1008.74,29.73,75.18,1008.76,1,0,MANUAL,1,1,1,
2026-09-25 20:10:29,A3-rise,3617000,29.44,89.67,1008.75,29.73,74.99,1008.86,1,0,MANUAL,1,1,1,
2026-09-25 20:10:30,A3-rise,3618000,29.44,89.48,1008.78,29.73,75.33,1008.82,1,0,MANUAL,1,1,1,
2026-09-25 20:10:31,A3-rise,3619000,29.48,89.54,1008.76,29.73,75.11,1008.82,1,0,MANUAL,1,1,1,
2026-09-25 20:10:32,A3-rise,3620000,29.48,89.62,1008.83,29.73,75.11,1008.82,1,0,MANUAL,1,1,1,
2026-09-25 20:10:33,A3-rise,3621000,29.47,89.19,1008.75,29.72,74.97,1008.74,1,0,MANUAL,1,1,1,
2026-09-25 20:10:34,A3-rise,3622000,29.49,89.59,1008.78,29.73,75.07,1008.81,1,0,MANUAL,1,1,1,
2026-09-25 20:10:35,A3-rise,3623000,29.52,89.58,1008.79,29.72,75.09,1008.77,1,0,MANUAL,1,1,1,
2026-09-25 20:10:36,A3-rise,3624000,29.49,89.73,1008.78,29.73,75.23,1008.75,1,0,MANUAL,1,1,1,
2026-09-25 20:10:37,A3-rise,3625000,29.50,89.14,1008.76,29.73,75.16,1008.81,1,0,MANUAL,1,1,1,
2026-09-25 20:10:37,A3-rise,3626000,29.53,89.26,1008.83,29.73,75.10,1008.81,1,0,MANUAL,1,1,1,
2026-09-25 20:10:38,A3-decay,,,,,,,,,,,,,,mist A=0 B=0 (manual)
2026-09-25 20:10:38,A3-decay,,,,,,,,,,,,,,MARK  A3-decay
2026-09-25 20:10:39,A3-decay,3627000,29.50,89.72,1008.71,29.73,74.95,1008.81,0,0,MANUAL,1,1,1,
2026-09-25 20:10:40,A3-decay,3628000,29.47,89.77,1008.83,29.73,75.13,1008.75,0,0,MANUAL,1,1,1,
2026-09-25 20:10:41,A3-decay,3629000,29.45,89.25,1008.83,29.72,75.23,1008.80,0,0,MANUAL,1,1,1,
2026-09-25 20:10:42,A3-decay,3630000,29.42,89.54,1008.83,29.73,75.08,1008.79,0,0,MANUAL,1,1,1,
2026-09-25 20:10:43,A3-decay,3631000,29.37,89.65,1008.81,29.73,75.07,1008.84,0,0,MANUAL,1,1,1,
2026-09-25 20:10:44,A3-decay,3632000,29.35,89.04,1008.75,29.73,75.11,1008.75,0,0,MANUAL,1,1,1,
2026-09-25 20:10:44,A3-decay,3633000,29.32,89.81,1008.79,29.72,75.26,1008.75,0,0,MANUAL,1,1,1,
2026-09-25 20:10:46,A3-decay,3634000,29.28,89.69,1008.81,29.72,75.23,1008.80,0,0,MANUAL,1,1,1,
2026-09-25 20:10:47,A3-decay,3635000,29.28,89.63,1008.80,29.73,75.07,1008.78,0,0,MANUAL,1,1,1,
2026-09-25 20:10:48,A3-decay,3636000,29.24,89.42,1008.72,29.73,75.13,1008.78,0,0,MANUAL,1,1,1,
2026-09-25 20:10:49,A3-decay,3637000,29.21,89.66,1008.75,29.74,75.22,1008.80,0,0,MANUAL,1,1,1,
2026-09-25 20:10:50,A3-decay,3638000,29.19,89.05,1008.78,29.73,75.20,1008.81,0,0,MANUAL,1,1,1,
2026-09-25 20:10:51,A3-decay,3639000,29.17,89.67,1008.77,29.72,75.04,1008.75,0,0,MANUAL,1,1,1,
2026-09-25 20:10:52,A3-decay,3640000,29.17,89.37,1008.76,29.73,75.23,1008.78,0,0,MANUAL,1,1,1,
2026-09-25 20:10:53,A3-decay,3641000,29.14,89.77,1008.78,29.72,75.14,1008.80,0,0,MANUAL,1,1,1,
2026-09-25 20:10:54,A3-decay,3642000,29.11,89.62,1008.82,29.72,75.16,1008.75,0,0,MANUAL,1,1,1,
2026-09-25 20:10:55,A3-decay,3643000,29.09,89.75,1008.79,29.72,75.19,1008.80,0,0,MANUAL,1,1,1,
2026-09-25 20:10:56,A3-decay,3644000,29.08,89.22,1008.82,29.73,75.09,1008.86,0,0,MANUAL,1,1,1,
2026-09-25 20:10:57,A3-decay,3645000,29.05,89.81,1008.83,29.73,75.11,1008.84,0,0,MANUAL,1,1,1,
2026-09-25 20:10:58,A3-decay,3646000,29.03,89.60,1008.71,29.72,75.27,1008.83,0,0,MANUAL,1,1,1,
2026-09-25 20:10:59,A3-decay,3647000,29.02,89.70,1008.81,29.72,75.30,1008.86,0,0,MANUAL,1,1,1,
2026-09-25 20:11:00,A3-decay,3648000,29.00,89.41,1008.79,29.72,75.39,1008.80,0,0,MANUAL,1,1,1,
2026-09-25 20:11:01,A3-decay,3649000,28.99,89.61,1008.79,29.73,75.14,1008.79,0,0,MANUAL,1,1,1,
2026-09-25 20:11:02,A3-decay,3650000,29.00,89.37,1008.81,29.72,75.21,1008.82,0,0,MANUAL,1,1,1,
2026-09-25 20:11:03,A3-decay,3651000,28.98,89.83,1008.74,29.72,75.23,1008.75,0,0,MANUAL,1,1,1,
2026-09-25 20:11:04,A3-decay,3652000,28.97,89.43,1008.76,29.72,75.14,1008.82,0,0,MANUAL,1,1,1,
2026-09-25 20:11:05,A3-decay,3653000,28.97,89.59,1008.78,29.73,75.09,1008.81,0,0,MANUAL,1,1,1,
2026-09-25 20:11:06,A3-decay,3654000,28.96,89.62,1008.77,29.72,75.07,1008.77,0,0,MANUAL,1,1,1,
2026-09-25 20:11:07,A3-decay,3655000,28.91,89.53,1008.75,29.73,75.26,1008.81,0,0,MANUAL,1,1,1,
2026-09-25 20:11:08,A3-decay,3656000,28.91,89.44,1008.75,29.73,75.16,1008.86,0,0,MANUAL,1,1,1,
2026-09-25 20:11:09,A3-decay,3657000,28.91,89.54,1008.86,29.73,75.11,1008.81,0,0,MANUAL,1,1,1,
2026-09-25 20:11:10,A3-decay,3658000,28.93,89.75,1008.80,29.73,75.11,1008.84,0,0,MANUAL,1,1,1,
2026-09-25 20:11:11,A3-decay,3659000,28.93,89.77,1008.78,29.73,75.04,1008.75,0,0,MANUAL,1,1,1,
2026-09-25 20:11:12,A3-decay,3660000,28.92,89.84,1008.77,29.73,75.11,1008.81,0,0,MANUAL,1,1,1,
2026-09-25 20:11:13,A3-decay,3661000,28.91,89.72,1008.72,29.73,75.16,1008.76,0,0,MANUAL,1,1,1,
2026-09-25 20:11:14,A3-decay,3662000,28.91,89.60,1008.78,29.73,74.99,1008.71,0,0,MANUAL,1,1,1,
2026-09-25 20:11:15,A3-decay,3663000,28.91,89.24,1008.77,29.73,75.12,1008.82,0,0,MANUAL,1,1,1,
2026-09-25 20:11:16,A3-decay,3664000,28.92,89.24,1008.84,29.73,75.12,1008.87,0,0,MANUAL,1,1,1,
2026-09-25 20:11:17,A3-decay,3665000,28.91,89.33,1008.72,29.73,75.31,1008.79,0,0,MANUAL,1,1,1,
2026-09-25 20:11:18,A3-decay,3666000,28.91,89.17,1008.74,29.74,75.29,1008.82,0,0,MANUAL,1,1,1,
2026-09-25 20:11:19,A3-decay,3667000,28.91,89.46,1008.75,29.74,75.21,1008.78,0,0,MANUAL,1,1,1,
2026-09-25 20:11:20,A3-decay,3668000,28.92,89.78,1008.76,29.72,75.23,1008.77,0,0,MANUAL,1,1,1,
2026-09-25 20:11:21,A3-decay,3669000,28.90,89.23,1008.71,29.74,75.29,1008.74,0,0,MANUAL,1,1,1,
2026-09-25 20:11:22,A3-decay,3670000,28.91,89.80,1008.74,29.74,75.30,1008.82,0,0,MANUAL,1,1,1,
2026-09-25 20:11:23,A3-decay,3671000,28.89,89.65,1008.75,29.73,75.21,1008.84,0,0,MANUAL,1,1,1,
2026-09-25 20:11:24,A3-decay,3672000,28.90,89.48,1008.68,29.74,75.19,1008.77,0,0,MANUAL,1,1,1,
2026-09-25 20:11:25,A3-decay,3673000,28.90,89.73,1008.74,29.74,75.12,1008.77,0,0,MANUAL,1,1,1,
2026-09-25 20:11:25,A3-decay,3674000,28.91,89.68,1008.80,29.74,75.09,1008.74,0,0,MANUAL,1,1,1,
2026-09-25 20:11:27,A3-decay,3675000,28.91,89.48,1008.74,29.74,75.29,1008.82,0,0,MANUAL,1,1,1,
2026-09-25 20:11:28,A3-decay,3676000,28.91,89.44,1008.77,29.74,75.12,1008.82,0,0,MANUAL,1,1,1,
2026-09-25 20:11:29,A3-decay,3677000,28.91,89.58,1008.78,29.74,75.31,1008.80,0,0,MANUAL,1,1,1,
2026-09-25 20:11:30,A3-decay,3678000,28.91,89.84,1008.77,29.74,75.24,1008.82,0,0,MANUAL,1,1,1,
2026-09-25 20:11:31,A3-decay,3679000,28.91,89.29,1008.72,29.74,75.19,1008.80,0,0,MANUAL,1,1,1,
2026-09-25 20:11:32,A3-decay,3680000,28.90,89.51,1008.70,29.74,75.30,1008.77,0,0,MANUAL,1,1,1,
2026-09-25 20:11:33,A3-decay,3681000,28.88,89.58,1008.79,29.73,75.13,1008.76,0,0,MANUAL,1,1,1,
2026-09-25 20:11:34,A3-decay,3682000,28.89,89.55,1008.74,29.74,75.38,1008.85,0,0,MANUAL,1,1,1,
2026-09-25 20:11:35,A3-decay,3683000,28.89,89.34,1008.75,29.73,75.32,1008.82,0,0,MANUAL,1,1,1,
2026-09-25 20:11:36,A3-decay,3684000,28.88,89.64,1008.76,29.74,75.00,1008.77,0,0,MANUAL,1,1,1,
2026-09-25 20:11:37,A3-decay,3685000,28.88,89.79,1008.70,29.74,74.96,1008.80,0,0,MANUAL,1,1,1,
2026-09-25 20:11:38,A3-decay,3686000,28.89,89.59,1008.71,29.74,75.09,1008.77,0,0,MANUAL,1,1,1,
2026-09-25 20:11:38,A3-decay,3687000,28.88,89.33,1008.70,29.73,75.20,1008.79,0,0,MANUAL,1,1,1,
2026-09-25 20:11:40,A3-decay,3688000,28.88,89.31,1008.81,29.75,75.14,1008.79,0,0,MANUAL,1,1,1,
2026-09-25 20:11:41,A3-decay,3689000,28.88,89.32,1008.75,29.74,75.10,1008.80,0,0,MANUAL,1,1,1,
2026-09-25 20:11:42,A3-decay,3690000,28.88,89.78,1008.70,29.74,74.98,1008.80,0,0,MANUAL,1,1,1,
2026-09-25 20:11:43,A3-decay,3691000,28.88,89.69,1008.75,29.73,75.08,1008.82,0,0,MANUAL,1,1,1,
2026-09-25 20:11:44,A3-decay,3692000,28.89,89.24,1008.75,29.73,75.16,1008.82,0,0,MANUAL,1,1,1,
2026-09-25 20:11:45,A3-decay,3693000,28.89,89.64,1008.75,29.73,74.95,1008.82,0,0,MANUAL,1,1,1,
2026-09-25 20:11:46,A3-decay,3694000,28.88,89.56,1008.87,29.74,74.88,1008.80,0,0,MANUAL,1,1,1,
2026-09-25 20:11:47,A3-decay,3695000,28.88,89.48,1008.75,29.73,75.05,1008.79,0,0,MANUAL,1,1,1,
2026-09-25 20:11:48,A3-decay,3696000,28.88,89.31,1008.76,29.74,75.08,1008.82,0,0,MANUAL,1,1,1,
2026-09-25 20:11:49,A3-decay,3697000,28.89,89.53,1008.80,29.72,75.18,1008.75,0,0,MANUAL,1,1,1,
2026-09-25 20:11:50,A3-decay,3698000,28.89,89.74,1008.83,29.73,75.16,1008.84,0,0,MANUAL,1,1,1,
2026-09-25 20:11:51,A3-decay,3699000,28.89,89.58,1008.75,29.72,75.19,1008.86,0,0,MANUAL,1,1,1,
2026-09-25 20:11:52,A3-decay,3700000,28.89,89.66,1008.75,29.72,75.18,1008.77,0,0,MANUAL,1,1,1,
2026-09-25 20:11:53,A3-decay,3701000,28.88,89.42,1008.78,29.73,75.22,1008.78,0,0,MANUAL,1,1,1,
2026-09-25 20:11:54,A3-decay,3702000,28.87,89.49,1008.77,29.73,75.33,1008.82,0,0,MANUAL,1,1,1,
2026-09-25 20:11:55,A3-decay,3703000,28.88,89.34,1008.79,29.73,75.12,1008.81,0,0,MANUAL,1,1,1,
2026-09-25 20:11:56,A3-decay,3704000,28.88,89.80,1008.76,29.73,75.23,1008.84,0,0,MANUAL,1,1,1,
2026-09-25 20:11:57,A3-decay,3705000,28.90,89.29,1008.82,29.73,75.07,1008.81,0,0,MANUAL,1,1,1,
2026-09-25 20:11:58,A3-decay,3706000,28.89,89.24,1008.80,29.73,75.23,1008.81,0,0,MANUAL,1,1,1,
2026-09-25 20:11:59,A3-decay,3707000,28.90,89.50,1008.70,29.73,75.26,1008.76,0,0,MANUAL,1,1,1,
2026-09-25 20:12:00,A3-decay,3708000,28.90,89.34,1008.76,29.73,75.14,1008.81,0,0,MANUAL,1,1,1,
2026-09-25 20:12:01,A3-decay,3709000,28.89,89.46,1008.75,29.73,75.20,1008.81,0,0,MANUAL,1,1,1,
2026-09-25 20:12:02,A3-decay,3710000,28.88,89.39,1008.82,29.73,75.25,1008.75,0,0,MANUAL,1,1,1,
2026-09-25 20:12:03,A3-decay,3711000,28.87,89.50,1008.80,29.73,75.19,1008.81,0,0,MANUAL,1,1,1,
2026-09-25 20:12:04,A3-decay,3712000,28.89,89.67,1008.74,29.73,75.17,1008.84,0,0,MANUAL,1,1,1,
2026-09-25 20:12:05,A3-decay,3713000,28.90,89.31,1008.81,29.73,75.05,1008.81,0,0,MANUAL,1,1,1,
2026-09-25 20:12:06,A3-decay,3714000,28.88,89.65,1008.73,29.73,75.02,1008.70,0,0,MANUAL,1,1,1,
2026-09-25 20:12:07,A3-decay,3715000,28.90,89.57,1008.82,29.73,75.16,1008.78,0,0,MANUAL,1,1,1,
2026-09-25 20:12:08,A3-decay,3716000,28.89,89.45,1008.77,29.72,75.11,1008.80,0,0,MANUAL,1,1,1,
2026-09-25 20:12:09,A3-decay,3717000,28.88,89.49,1008.76,29.72,75.13,1008.80,0,0,MANUAL,1,1,1,
2026-09-25 20:12:10,A3-decay,3718000,28.89,89.54,1008.80,29.73,75.12,1008.81,0,0,MANUAL,1,1,1,
2026-09-25 20:12:11,A3-decay,3719000,28.88,89.29,1008.70,29.73,75.04,1008.84,0,0,MANUAL,1,1,1,
2026-09-25 20:12:12,A3-decay,3720000,28.89,89.42,1008.83,29.72,75.08,1008.80,0,0,MANUAL,1,1,1,
2026-09-25 20:12:12,A3-decay,3721000,28.90,89.24,1008.70,29.73,74.97,1008.81,0,0,MANUAL,1,1,1,
2026-09-25 20:12:14,A3-decay,3722000,28.90,89.50,1008.73,29.73,75.05,1008.79,0,0,MANUAL,1,1,1,
2026-09-25 20:12:15,A3-decay,3723000,28.90,89.36,1008.76,29.73,75.14,1008.79,0,0,MANUAL,1,1,1,
2026-09-25 20:12:16,A3-decay,3724000,28.90,89.56,1008.76,29.74,74.99,1008.86,0,0,MANUAL,1,1,1,
2026-09-25 20:12:17,A3-decay,3725000,28.90,89.41,1008.76,29.73,75.16,1008.79,0,0,MANUAL,1,1,1,
2026-09-25 20:12:18,A3-decay,3726000,28.91,89.38,1008.78,29.73,75.12,1008.78,0,0,MANUAL,1,1,1,
2026-09-25 20:12:19,A3-decay,3727000,28.91,89.47,1008.74,29.73,74.99,1008.79,0,0,MANUAL,1,1,1,
2026-09-25 20:12:20,A3-decay,3728000,28.90,89.50,1008.76,29.74,75.15,1008.77,0,0,MANUAL,1,1,1,
2026-09-25 20:12:21,A3-decay,3729000,28.90,89.64,1008.74,29.75,75.18,1008.79,0,0,MANUAL,1,1,1,
2026-09-25 20:12:22,A3-decay,3730000,28.91,89.26,1008.81,29.75,75.23,1008.81,0,0,MANUAL,1,1,1,
2026-09-25 20:12:23,A3-decay,3731000,28.91,89.32,1008.72,29.74,75.14,1008.78,0,0,MANUAL,1,1,1,
2026-09-25 20:12:24,A3-decay,3732000,28.92,89.50,1008.73,29.74,75.22,1008.80,0,0,MANUAL,1,1,1,
2026-09-25 20:12:25,A3-decay,3733000,28.92,89.68,1008.70,29.75,75.14,1008.79,0,0,MANUAL,1,1,1,
2026-09-25 20:12:26,A3-decay,3734000,28.92,89.40,1008.71,29.75,74.92,1008.84,0,0,MANUAL,1,1,1,
2026-09-25 20:12:27,A3-decay,3735000,28.91,89.70,1008.70,29.75,75.09,1008.79,0,0,MANUAL,1,1,1,
2026-09-25 20:12:28,A3-decay,3736000,28.93,89.65,1008.78,29.76,75.23,1008.86,0,0,MANUAL,1,1,1,
2026-09-25 20:12:29,A3-decay,3737000,28.92,89.90,1008.71,29.76,75.02,1008.80,0,0,MANUAL,1,1,1,
2026-09-25 20:12:30,A3-decay,3738000,28.93,89.30,1008.78,29.76,75.10,1008.84,0,0,MANUAL,1,1,1,
2026-09-25 20:12:31,A3-decay,3739000,28.93,89.45,1008.75,29.76,75.14,1008.84,0,0,MANUAL,1,1,1,
2026-09-25 20:12:32,A3-decay,3740000,28.94,89.80,1008.74,29.77,75.10,1008.83,0,0,MANUAL,1,1,1,
2026-09-25 20:12:33,A3-decay,3741000,28.95,89.82,1008.78,29.78,75.30,1008.83,0,0,MANUAL,1,1,1,
2026-09-25 20:12:34,A3-decay,3742000,28.94,89.39,1008.80,29.77,75.14,1008.76,0,0,MANUAL,1,1,1,
2026-09-25 20:12:35,A3-decay,3743000,28.95,89.25,1008.84,29.77,75.13,1008.85,0,0,MANUAL,1,1,1,
2026-09-25 20:12:36,A3-decay,3744000,28.95,89.72,1008.73,29.77,75.22,1008.71,0,0,MANUAL,1,1,1,
2026-09-25 20:12:37,A3-decay,3745000,28.94,89.38,1008.74,29.77,75.17,1008.83,0,0,MANUAL,1,1,1,
2026-09-25 20:12:38,A3-decay,3746000,28.94,89.29,1008.80,29.78,75.16,1008.83,0,0,MANUAL,1,1,1,
2026-09-25 20:12:39,A3-decay,3747000,28.93,89.78,1008.78,29.78,75.13,1008.81,0,0,MANUAL,1,1,1,
2026-09-25 20:12:40,A3-decay,3748000,28.94,89.28,1008.79,29.78,75.15,1008.84,0,0,MANUAL,1,1,1,
2026-09-25 20:12:41,A3-decay,3749000,28.95,89.76,1008.84,29.78,75.08,1008.86,0,0,MANUAL,1,1,1,
2026-09-25 20:12:42,A3-decay,3750000,28.95,89.32,1008.78,29.78,75.03,1008.83,0,0,MANUAL,1,1,1,
2026-09-25 20:12:43,A3-decay,3751000,28.95,89.83,1008.84,29.78,75.00,1008.83,0,0,MANUAL,1,1,1,
2026-09-25 20:12:44,A3-decay,3752000,28.94,89.33,1008.74,29.78,75.18,1008.79,0,0,MANUAL,1,1,1,
2026-09-25 20:12:45,A3-decay,3753000,28.94,89.69,1008.76,29.79,74.95,1008.79,0,0,MANUAL,1,1,1,
2026-09-25 20:12:46,A3-decay,3754000,28.94,89.71,1008.76,29.78,74.93,1008.79,0,0,MANUAL,1,1,1,
2026-09-25 20:12:47,A3-decay,3755000,28.95,89.62,1008.79,29.79,75.05,1008.82,0,0,MANUAL,1,1,1,
2026-09-25 20:12:48,A3-decay,3756000,28.96,89.35,1008.77,29.79,75.06,1008.82,0,0,MANUAL,1,1,1,
2026-09-25 20:12:49,A3-decay,3757000,28.94,89.38,1008.77,29.79,74.94,1008.77,0,0,MANUAL,1,1,1,
2026-09-25 20:12:50,A3-decay,3758000,28.95,89.72,1008.76,29.79,74.88,1008.82,0,0,MANUAL,1,1,1,
2026-09-25 20:12:51,A3-decay,3759000,28.96,89.58,1008.69,29.79,75.03,1008.77,0,0,MANUAL,1,1,1,
2026-09-25 20:12:52,A3-decay,3760000,28.95,89.35,1008.76,29.80,75.07,1008.84,0,0,MANUAL,1,1,1,
2026-09-25 20:12:53,A3-decay,3761000,28.95,89.74,1008.75,29.79,75.11,1008.89,0,0,MANUAL,1,1,1,
2026-09-25 20:12:54,A3-decay,3762000,28.94,89.50,1008.85,29.78,74.98,1008.83,0,0,MANUAL,1,1,1,
2026-09-25 20:12:55,A3-decay,3763000,28.94,89.80,1008.79,29.78,74.97,1008.79,0,0,MANUAL,1,1,1,
2026-09-25 20:12:56,A3-decay,3764000,28.95,89.12,1008.82,29.80,74.94,1008.81,0,0,MANUAL,1,1,1,
2026-09-25 20:12:57,A3-decay,3765000,28.95,89.21,1008.76,29.79,74.88,1008.79,0,0,MANUAL,1,1,1,
2026-09-25 20:12:58,A3-decay,3766000,28.95,89.80,1008.79,29.79,75.07,1008.77,0,0,MANUAL,1,1,1,
2026-09-25 20:12:59,A3-decay,3767000,28.95,89.69,1008.79,29.80,74.90,1008.87,0,0,MANUAL,1,1,1,
2026-09-25 20:13:00,A3-decay,3768000,28.95,89.33,1008.79,29.80,74.94,1008.82,0,0,MANUAL,1,1,1,
2026-09-25 20:13:01,A3-decay,3769000,28.96,89.15,1008.77,29.80,75.01,1008.78,0,0,MANUAL,1,1,1,
2026-09-25 20:13:02,A3-decay,3770000,28.96,89.67,1008.80,29.80,74.89,1008.85,0,0,MANUAL,1,1,1,
2026-09-25 20:13:03,A3-decay,3771000,28.95,89.51,1008.76,29.81,74.91,1008.83,0,0,MANUAL,1,1,1,
2026-09-25 20:13:04,A3-decay,3772000,28.96,89.79,1008.75,29.79,74.93,1008.79,0,0,MANUAL,1,1,1,
2026-09-25 20:13:05,A3-decay,3773000,28.97,89.71,1008.73,29.80,74.90,1008.78,0,0,MANUAL,1,1,1,
2026-09-25 20:13:06,A3-decay,3774000,28.97,89.78,1008.73,29.80,74.80,1008.81,0,0,MANUAL,1,1,1,
2026-09-25 20:13:06,A3-decay,3775000,28.97,89.67,1008.81,29.80,74.84,1008.84,0,0,MANUAL,1,1,1,
2026-09-25 20:13:07,A3-decay,3776000,28.98,89.34,1008.80,29.80,74.95,1008.85,0,0,MANUAL,1,1,1,
2026-09-25 20:13:09,A3-decay,3777000,28.98,89.92,1008.81,29.80,74.90,1008.85,0,0,MANUAL,1,1,1,
2026-09-25 20:13:10,A3-decay,3778000,28.98,89.51,1008.81,29.80,74.88,1008.82,0,0,MANUAL,1,1,1,
2026-09-25 20:13:11,A3-decay,3779000,28.98,89.31,1008.81,29.80,74.99,1008.76,0,0,MANUAL,1,1,1,
2026-09-25 20:13:12,A3-decay,3780000,28.98,89.77,1008.78,29.81,74.99,1008.83,0,0,MANUAL,1,1,1,
2026-09-25 20:13:13,A3-decay,3781000,28.97,89.66,1008.77,29.81,74.93,1008.83,0,0,MANUAL,1,1,1,
2026-09-25 20:13:14,A3-decay,3782000,28.96,89.54,1008.75,29.81,74.80,1008.77,0,0,MANUAL,1,1,1,
2026-09-25 20:13:14,A3-decay,3783000,28.97,89.55,1008.79,29.82,74.82,1008.79,0,0,MANUAL,1,1,1,
2026-09-25 20:13:16,A3-decay,3784000,28.98,89.49,1008.81,29.81,74.84,1008.85,0,0,MANUAL,1,1,1,
2026-09-25 20:13:17,A3-decay,3785000,28.98,89.48,1008.74,29.80,74.77,1008.79,0,0,MANUAL,1,1,1,
2026-09-25 20:13:18,A3-decay,3786000,28.98,89.34,1008.77,29.81,74.83,1008.85,0,0,MANUAL,1,1,1,
2026-09-25 20:13:19,A3-decay,3787000,28.98,89.89,1008.77,29.81,74.83,1008.80,0,0,MANUAL,1,1,1,
2026-09-25 20:13:20,A3-decay,3788000,28.97,89.39,1008.77,29.80,74.85,1008.82,0,0,MANUAL,1,1,1,
2026-09-25 20:13:21,A3-decay,3789000,28.98,89.57,1008.84,29.81,74.98,1008.83,0,0,MANUAL,1,1,1,
2026-09-25 20:13:22,A3-decay,3790000,28.99,89.38,1008.76,29.81,74.70,1008.80,0,0,MANUAL,1,1,1,
2026-09-25 20:13:23,A3-decay,3791000,28.98,89.61,1008.80,29.81,74.87,1008.83,0,0,MANUAL,1,1,1,
2026-09-25 20:13:24,A3-decay,3792000,28.97,89.22,1008.79,29.80,74.81,1008.81,0,0,MANUAL,1,1,1,
2026-09-25 20:13:25,A3-decay,3793000,28.98,89.70,1008.80,29.80,74.74,1008.73,0,0,MANUAL,1,1,1,
2026-09-25 20:13:26,A3-decay,3794000,28.97,89.68,1008.82,29.80,74.88,1008.79,0,0,MANUAL,1,1,1,
2026-09-25 20:13:27,A3-decay,3795000,28.96,89.31,1008.72,29.80,74.91,1008.82,0,0,MANUAL,1,1,1,
2026-09-25 20:13:28,A3-decay,3796000,28.98,89.32,1008.78,29.81,74.79,1008.85,0,0,MANUAL,1,1,1,
2026-09-25 20:13:29,A3-decay,3797000,28.95,89.61,1008.79,29.80,74.94,1008.85,0,0,MANUAL,1,1,1,
2026-09-25 20:13:30,A3-decay,3798000,28.96,89.72,1008.80,29.81,75.19,1008.80,0,0,MANUAL,1,1,1,
2026-09-25 20:13:31,A3-decay,3799000,28.96,89.34,1008.82,29.80,75.01,1008.81,0,0,MANUAL,1,1,1,
2026-09-25 20:13:32,A3-decay,3800000,28.96,89.66,1008.78,29.81,74.84,1008.83,0,0,MANUAL,1,1,1,
2026-09-25 20:13:33,A3-decay,3801000,28.98,89.48,1008.74,29.81,74.97,1008.77,0,0,MANUAL,1,1,1,
2026-09-25 20:13:34,A3-decay,3802000,28.97,89.71,1008.81,29.81,74.84,1008.78,0,0,MANUAL,1,1,1,
2026-09-25 20:13:35,A3-decay,3803000,28.97,89.81,1008.73,29.80,74.73,1008.82,0,0,MANUAL,1,1,1,
2026-09-25 20:13:36,A3-decay,3804000,28.98,89.81,1008.77,29.80,74.80,1008.82,0,0,MANUAL,1,1,1,
2026-09-25 20:13:37,A3-decay,3805000,28.97,89.45,1008.77,29.81,74.82,1008.85,0,0,MANUAL,1,1,1,
2026-09-25 20:13:38,A3-decay,3806000,28.98,89.82,1008.78,29.81,74.87,1008.80,0,0,MANUAL,1,1,1,
2026-09-25 20:13:39,A3-decay,3807000,28.99,89.80,1008.79,29.81,75.01,1008.81,0,0,MANUAL,1,1,1,
2026-09-25 20:13:40,A3-decay,3808000,28.98,89.71,1008.78,29.81,74.81,1008.78,0,0,MANUAL,1,1,1,
2026-09-25 20:13:41,A3-decay,3809000,28.99,89.62,1008.80,29.81,74.93,1008.83,0,0,MANUAL,1,1,1,
2026-09-25 20:13:42,A3-decay,3810000,28.99,89.85,1008.82,29.80,75.00,1008.84,0,0,MANUAL,1,1,1,
2026-09-25 20:13:43,A3-decay,3811000,29.00,89.53,1008.81,29.80,74.98,1008.76,0,0,MANUAL,1,1,1,
2026-09-25 20:13:44,A3-decay,3812000,28.99,89.75,1008.79,29.80,74.88,1008.82,0,0,MANUAL,1,1,1,
2026-09-25 20:13:45,A3-decay,3813000,28.99,89.68,1008.83,29.81,74.98,1008.83,0,0,MANUAL,1,1,1,
2026-09-25 20:13:46,A3-decay,3814000,29.00,89.36,1008.83,29.81,74.75,1008.77,0,0,MANUAL,1,1,1,
2026-09-25 20:13:47,A3-decay,3815000,28.99,89.48,1008.85,29.81,74.99,1008.86,0,0,MANUAL,1,1,1,
2026-09-25 20:13:47,A3-decay,3816000,28.99,89.37,1008.79,29.81,74.92,1008.83,0,0,MANUAL,1,1,1,
2026-09-25 20:13:48,A3-decay,3817000,28.98,89.53,1008.75,29.81,74.86,1008.83,0,0,MANUAL,1,1,1,
2026-09-25 20:13:50,A3-decay,3818000,28.99,89.67,1008.76,29.81,74.89,1008.83,0,0,MANUAL,1,1,1,
2026-09-25 20:13:51,A3-decay,3819000,28.99,89.67,1008.85,29.81,75.04,1008.80,0,0,MANUAL,1,1,1,
2026-09-25 20:13:52,A3-decay,3820000,28.99,89.49,1008.80,29.81,74.95,1008.83,0,0,MANUAL,1,1,1,
2026-09-25 20:13:53,A3-decay,3821000,29.00,89.42,1008.78,29.81,75.12,1008.83,0,0,MANUAL,1,1,1,
2026-09-25 20:13:54,A3-decay,3822000,28.99,89.65,1008.80,29.81,74.92,1008.78,0,0,MANUAL,1,1,1,
2026-09-25 20:13:55,A3-decay,3823000,28.99,89.52,1008.77,29.81,74.96,1008.74,0,0,MANUAL,1,1,1,
2026-09-25 20:13:56,A3-decay,3824000,29.01,89.71,1008.77,29.81,75.08,1008.77,0,0,MANUAL,1,1,1,
2026-09-25 20:13:57,A3-decay,3825000,29.01,89.40,1008.79,29.80,74.95,1008.74,0,0,MANUAL,1,1,1,
2026-09-25 20:13:58,A3-decay,3826000,28.99,89.77,1008.76,29.81,74.87,1008.77,0,0,MANUAL,1,1,1,
2026-09-25 20:13:59,A3-decay,3827000,29.00,89.35,1008.76,29.81,74.99,1008.83,0,0,MANUAL,1,1,1,
2026-09-25 20:14:00,A3-decay,3828000,29.00,89.43,1008.78,29.82,74.80,1008.87,0,0,MANUAL,1,1,1,
2026-09-25 20:14:01,A3-decay,3829000,29.00,89.86,1008.72,29.82,75.10,1008.81,0,0,MANUAL,1,1,1,
2026-09-25 20:14:02,A3-decay,3830000,28.99,89.68,1008.76,29.81,74.92,1008.86,0,0,MANUAL,1,1,1,
2026-09-25 20:14:03,A3-decay,3831000,28.99,89.66,1008.80,29.81,75.13,1008.80,0,0,MANUAL,1,1,1,
2026-09-25 20:14:04,A3-decay,3832000,29.01,89.63,1008.77,29.81,74.80,1008.78,0,0,MANUAL,1,1,1,
2026-09-25 20:14:05,A3-decay,3833000,29.01,89.70,1008.77,29.81,74.91,1008.85,0,0,MANUAL,1,1,1,
2026-09-25 20:14:06,A3-decay,3834000,29.01,89.45,1008.83,29.82,74.83,1008.81,0,0,MANUAL,1,1,1,
2026-09-25 20:14:07,A3-decay,3835000,29.01,89.96,1008.77,29.81,74.92,1008.81,0,0,MANUAL,1,1,1,
2026-09-25 20:14:08,A3-decay,3836000,29.01,89.50,1008.79,29.81,75.06,1008.78,0,0,MANUAL,1,1,1,
2026-09-25 20:14:08,A3-decay,3837000,29.01,89.58,1008.74,29.81,75.16,1008.81,0,0,MANUAL,1,1,1,
2026-09-25 20:14:10,A3-decay,3838000,29.02,89.63,1008.76,29.82,74.80,1008.84,0,0,MANUAL,1,1,1,
2026-09-25 20:14:11,A3-decay,3839000,29.02,89.70,1008.84,29.82,74.86,1008.84,0,0,MANUAL,1,1,1,
2026-09-25 20:14:12,A3-decay,3840000,29.01,89.82,1008.80,29.81,74.96,1008.78,0,0,MANUAL,1,1,1,
2026-09-25 20:14:13,A3-decay,3841000,29.02,89.37,1008.82,29.81,74.84,1008.83,0,0,MANUAL,1,1,1,
2026-09-25 20:14:14,A3-decay,3842000,29.02,89.71,1008.75,29.82,75.15,1008.81,0,0,MANUAL,1,1,1,
2026-09-25 20:14:15,A3-decay,3843000,29.01,89.50,1008.77,29.81,74.97,1008.81,0,0,MANUAL,1,1,1,
2026-09-25 20:14:15,A3-decay,3844000,28.99,89.66,1008.71,29.82,74.96,1008.79,0,0,MANUAL,1,1,1,
2026-09-25 20:14:17,A3-decay,3845000,29.00,89.51,1008.75,29.82,74.88,1008.81,0,0,MANUAL,1,1,1,
2026-09-25 20:14:18,A3-decay,3846000,29.01,89.35,1008.71,29.81,74.99,1008.83,0,0,MANUAL,1,1,1,
2026-09-25 20:14:19,A3-decay,3847000,29.00,89.41,1008.76,29.81,74.85,1008.83,0,0,MANUAL,1,1,1,
2026-09-25 20:14:20,A3-decay,3848000,29.00,89.51,1008.78,29.81,74.94,1008.83,0,0,MANUAL,1,1,1,
2026-09-25 20:14:21,A3-decay,3849000,29.01,89.79,1008.74,29.82,74.89,1008.76,0,0,MANUAL,1,1,1,
2026-09-25 20:14:22,A3-decay,3850000,29.00,89.59,1008.76,29.82,74.90,1008.84,0,0,MANUAL,1,1,1,
2026-09-25 20:14:23,A3-decay,3851000,28.99,89.73,1008.77,29.82,75.04,1008.79,0,0,MANUAL,1,1,1,
2026-09-25 20:14:24,A3-decay,3852000,29.00,89.57,1008.83,29.82,74.97,1008.79,0,0,MANUAL,1,1,1,
2026-09-25 20:14:25,A3-decay,3853000,29.01,89.84,1008.82,29.81,74.97,1008.86,0,0,MANUAL,1,1,1,
2026-09-25 20:14:26,A3-decay,3854000,29.01,89.88,1008.71,29.82,74.98,1008.81,0,0,MANUAL,1,1,1,
2026-09-25 20:14:27,A3-decay,3855000,29.01,89.64,1008.82,29.81,74.87,1008.83,0,0,MANUAL,1,1,1,
2026-09-25 20:14:28,A3-decay,3856000,29.01,89.63,1008.80,29.82,74.87,1008.81,0,0,MANUAL,1,1,1,
2026-09-25 20:14:29,A3-decay,3857000,29.02,89.45,1008.78,29.82,74.86,1008.82,0,0,MANUAL,1,1,1,
2026-09-25 20:14:30,A3-decay,3858000,29.01,89.62,1008.77,29.82,75.05,1008.77,0,0,MANUAL,1,1,1,
2026-09-25 20:14:31,A3-decay,3859000,29.02,89.82,1008.75,29.83,74.89,1008.84,0,0,MANUAL,1,1,1,
2026-09-25 20:14:32,A3-decay,3860000,29.02,89.45,1008.85,29.82,74.93,1008.79,0,0,MANUAL,1,1,1,
2026-09-25 20:14:33,A3-decay,3861000,29.02,89.93,1008.76,29.82,75.04,1008.82,0,0,MANUAL,1,1,1,
2026-09-25 20:14:34,A3-decay,3862000,29.00,89.41,1008.76,29.83,74.89,1008.87,0,0,MANUAL,1,1,1,
2026-09-25 20:14:35,A3-decay,3863000,29.01,89.76,1008.77,29.82,74.91,1008.82,0,0,MANUAL,1,1,1,
2026-09-25 20:14:36,A3-decay,3864000,29.02,89.69,1008.79,29.82,75.01,1008.82,0,0,MANUAL,1,1,1,
2026-09-25 20:14:37,A3-decay,3865000,29.02,89.97,1008.75,29.82,75.02,1008.87,0,0,MANUAL,1,1,1,
2026-09-25 20:14:38,A3-decay,3866000,29.02,89.36,1008.79,29.82,74.81,1008.85,0,0,MANUAL,1,1,1,
2026-09-25 20:14:39,A3-decay,3867000,29.03,89.43,1008.77,29.82,75.07,1008.84,0,0,MANUAL,1,1,1,
2026-09-25 20:14:40,A3-decay,3868000,29.03,89.64,1008.75,29.83,74.93,1008.87,0,0,MANUAL,1,1,1,
2026-09-25 20:14:41,A3-decay,3869000,29.01,89.43,1008.79,29.82,74.93,1008.73,0,0,MANUAL,1,1,1,
2026-09-25 20:14:42,A3-decay,3870000,29.02,89.64,1008.75,29.82,74.81,1008.81,0,0,MANUAL,1,1,1,
2026-09-25 20:14:43,A3-decay,3871000,29.01,89.40,1008.77,29.82,75.11,1008.81,0,0,MANUAL,1,1,1,
2026-09-25 20:14:43,A3-decay,3872000,29.03,89.74,1008.81,29.83,74.88,1008.81,0,0,MANUAL,1,1,1,
2026-09-25 20:14:45,A3-decay,3873000,29.02,89.33,1008.79,29.82,74.87,1008.84,0,0,MANUAL,1,1,1,
2026-09-25 20:14:46,A3-decay,3874000,29.03,89.67,1008.83,29.82,74.82,1008.79,0,0,MANUAL,1,1,1,
2026-09-25 20:14:47,A3-decay,3875000,29.03,89.70,1008.78,29.82,74.92,1008.76,0,0,MANUAL,1,1,1,
2026-09-25 20:14:48,A3-decay,3876000,29.02,89.50,1008.76,29.82,74.83,1008.77,0,0,MANUAL,1,1,1,
2026-09-25 20:14:49,A3-decay,3877000,29.04,89.69,1008.81,29.82,74.81,1008.79,0,0,MANUAL,1,1,1,
2026-09-25 20:14:50,A3-decay,3878000,29.03,89.57,1008.81,29.82,74.93,1008.81,0,0,MANUAL,1,1,1,
2026-09-25 20:14:51,A3-decay,3879000,29.02,89.67,1008.73,29.82,74.92,1008.79,0,0,MANUAL,1,1,1,
2026-09-25 20:14:52,A3-decay,3880000,29.03,89.64,1008.78,29.82,75.01,1008.79,0,0,MANUAL,1,1,1,
2026-09-25 20:14:53,A3-decay,3881000,29.04,89.39,1008.81,29.81,75.04,1008.83,0,0,MANUAL,1,1,1,
2026-09-25 20:14:54,A3-decay,3882000,29.03,89.81,1008.72,29.82,74.86,1008.79,0,0,MANUAL,1,1,1,
2026-09-25 20:14:55,A3-decay,3883000,29.03,89.41,1008.83,29.82,74.88,1008.81,0,0,MANUAL,1,1,1,
2026-09-25 20:14:56,A3-decay,3884000,29.02,89.69,1008.76,29.81,74.77,1008.81,0,0,MANUAL,1,1,1,
2026-09-25 20:14:57,A3-decay,3885000,29.02,89.94,1008.79,29.81,74.82,1008.85,0,0,MANUAL,1,1,1,
2026-09-25 20:14:58,A3-decay,3886000,29.03,89.32,1008.74,29.81,74.86,1008.89,0,0,MANUAL,1,1,1,
2026-09-25 20:14:59,A3-decay,3887000,29.03,89.99,1008.81,29.81,74.77,1008.86,0,0,MANUAL,1,1,1,
2026-09-25 20:15:00,A3-decay,3888000,29.03,89.55,1008.77,29.81,74.73,1008.86,0,0,MANUAL,1,1,1,
2026-09-25 20:15:01,A3-decay,3889000,29.02,89.54,1008.84,29.81,74.90,1008.83,0,0,MANUAL,1,1,1,
2026-09-25 20:15:02,A3-decay,3890000,29.03,89.35,1008.77,29.80,74.74,1008.85,0,0,MANUAL,1,1,1,
2026-09-25 20:15:03,A3-decay,3891000,29.03,89.81,1008.83,29.80,74.93,1008.79,0,0,MANUAL,1,1,1,
2026-09-25 20:15:03,A3-decay,3892000,29.04,89.71,1008.79,29.81,74.90,1008.80,0,0,MANUAL,1,1,1,
2026-09-25 20:15:04,A3-decay,3893000,29.04,89.75,1008.79,29.80,74.85,1008.82,0,0,MANUAL,1,1,1,
2026-09-25 20:15:06,A3-decay,3894000,29.04,89.69,1008.73,29.81,74.90,1008.83,0,0,MANUAL,1,1,1,
2026-09-25 20:15:07,A3-decay,3895000,29.04,89.41,1008.77,29.81,74.94,1008.83,0,0,MANUAL,1,1,1,
2026-09-25 20:15:08,A3-decay,3896000,29.04,89.42,1008.79,29.81,75.06,1008.85,0,0,MANUAL,1,1,1,
2026-09-25 20:15:09,A3-decay,3897000,29.05,89.96,1008.87,29.80,74.89,1008.85,0,0,MANUAL,1,1,1,
2026-09-25 20:15:10,A3-decay,3898000,29.04,89.58,1008.79,29.81,74.84,1008.83,0,0,MANUAL,1,1,1,
2026-09-25 20:15:11,A3-decay,3899000,29.06,89.45,1008.76,29.80,74.80,1008.81,0,0,MANUAL,1,1,1,
2026-09-25 20:15:12,A3-decay,3900000,29.06,89.36,1008.76,29.80,74.92,1008.79,0,0,MANUAL,1,1,1,
2026-09-25 20:15:13,A3-decay,3901000,29.05,89.69,1008.75,29.80,74.83,1008.82,0,0,MANUAL,1,1,1,
2026-09-25 20:15:14,A3-decay,3902000,29.05,89.44,1008.78,29.81,74.76,1008.77,0,0,MANUAL,1,1,1,
2026-09-25 20:15:15,A3-decay,3903000,29.05,89.82,1008.81,29.80,74.77,1008.79,0,0,MANUAL,1,1,1,
2026-09-25 20:15:16,A3-decay,3904000,29.06,89.85,1008.83,29.80,74.71,1008.85,0,0,MANUAL,1,1,1,
2026-09-25 20:15:17,A3-decay,3905000,29.06,89.41,1008.76,29.80,74.80,1008.82,0,0,MANUAL,1,1,1,
2026-09-25 20:15:17,A3-decay,3906000,29.06,89.33,1008.76,29.80,74.90,1008.84,0,0,MANUAL,1,1,1,
2026-09-25 20:15:19,A3-decay,3907000,29.06,89.74,1008.76,29.80,74.86,1008.82,0,0,MANUAL,1,1,1,
2026-09-25 20:15:20,A3-decay,3908000,29.05,89.72,1008.84,29.80,74.83,1008.78,0,0,MANUAL,1,1,1,
2026-09-25 20:15:21,A3-decay,3909000,29.05,89.59,1008.83,29.81,74.89,1008.80,0,0,MANUAL,1,1,1,
2026-09-25 20:15:22,A3-decay,3910000,29.05,89.74,1008.81,29.79,74.83,1008.85,0,0,MANUAL,1,1,1,
2026-09-25 20:15:23,A3-decay,3911000,29.05,89.50,1008.81,29.80,74.85,1008.81,0,0,MANUAL,1,1,1,
2026-09-25 20:15:24,A3-decay,3912000,29.04,89.46,1008.82,29.80,74.98,1008.87,0,0,MANUAL,1,1,1,
2026-09-25 20:15:25,A3-decay,3913000,29.04,89.62,1008.77,29.80,74.99,1008.78,0,0,MANUAL,1,1,1,
2026-09-25 20:15:26,A3-decay,3914000,29.04,89.36,1008.77,29.80,75.10,1008.78,0,0,MANUAL,1,1,1,
2026-09-25 20:15:27,A3-decay,3915000,29.04,89.49,1008.77,29.81,75.08,1008.88,0,0,MANUAL,1,1,1,
2026-09-25 20:15:28,A3-decay,3916000,29.04,89.99,1008.77,29.80,74.84,1008.85,0,0,MANUAL,1,1,1,
2026-09-25 20:15:29,A3-decay,3917000,29.04,89.40,1008.82,29.80,74.89,1008.82,0,0,MANUAL,1,1,1,
2026-09-25 20:15:30,A3-decay,3918000,29.04,89.41,1008.79,29.80,74.88,1008.81,0,0,MANUAL,1,1,1,
2026-09-25 20:15:31,A3-decay,3919000,29.05,89.41,1008.83,29.79,74.91,1008.85,0,0,MANUAL,1,1,1,
2026-09-25 20:15:32,A3-decay,3920000,29.05,89.77,1008.80,29.79,74.82,1008.77,0,0,MANUAL,1,1,1,
2026-09-25 20:15:33,A3-decay,3921000,29.04,89.80,1008.77,29.80,74.85,1008.81,0,0,MANUAL,1,1,1,
2026-09-25 20:15:34,A3-decay,3922000,29.05,89.83,1008.84,29.79,74.91,1008.85,0,0,MANUAL,1,1,1,
2026-09-25 20:15:35,A3-decay,3923000,29.04,89.81,1008.85,29.80,74.89,1008.78,0,0,MANUAL,1,1,1,
2026-09-25 20:15:36,A3-decay,3924000,29.04,89.65,1008.77,29.80,74.72,1008.79,0,0,MANUAL,1,1,1,
2026-09-25 20:15:37,A3-decay,3925000,29.03,89.68,1008.74,29.80,74.91,1008.82,0,0,MANUAL,1,1,1,
2026-09-25 20:15:38,A3-decay,3926000,29.03,89.78,1008.81,29.80,74.93,1008.87,0,0,MANUAL,1,1,1,
2026-09-25 20:15:39,A3-decay,3927000,29.03,89.34,1008.80,29.79,74.94,1008.85,0,0,MANUAL,1,1,1,
2026-09-25 20:15:40,A3-decay,3928000,29.03,89.47,1008.77,29.79,75.04,1008.77,0,0,MANUAL,1,1,1,
2026-09-25 20:15:41,A3-decay,3929000,29.01,89.59,1008.77,29.79,75.14,1008.83,0,0,MANUAL,1,1,1,
2026-09-25 20:15:42,A3-decay,3930000,29.03,89.76,1008.80,29.79,74.96,1008.80,0,0,MANUAL,1,1,1,
2026-09-25 20:15:43,A3-decay,3931000,29.03,89.63,1008.78,29.80,75.09,1008.84,0,0,MANUAL,1,1,1,
2026-09-25 20:15:44,A3-decay,3932000,29.03,89.90,1008.77,29.79,75.09,1008.79,0,0,MANUAL,1,1,1,
2026-09-25 20:15:45,A3-decay,3933000,29.02,89.62,1008.82,29.80,74.94,1008.81,0,0,MANUAL,1,1,1,
2026-09-25 20:15:46,A3-decay,3934000,29.03,89.81,1008.80,29.80,75.10,1008.87,0,0,MANUAL,1,1,1,
2026-09-25 20:15:47,A3-decay,3935000,29.03,89.53,1008.81,29.79,74.94,1008.77,0,0,MANUAL,1,1,1,
2026-09-25 20:15:48,A3-decay,3936000,29.03,89.77,1008.78,29.80,75.04,1008.84,0,0,MANUAL,1,1,1,
2026-09-25 20:15:49,A3-decay,3937000,29.03,89.70,1008.80,29.80,74.91,1008.87,0,0,MANUAL,1,1,1,
2026-09-25 20:15:50,A3-decay,3938000,29.02,89.72,1008.82,29.80,75.09,1008.85,0,0,MANUAL,1,1,1,
2026-09-25 20:15:51,A3-decay,3939000,29.03,89.86,1008.78,29.80,75.11,1008.84,0,0,MANUAL,1,1,1,
2026-09-25 20:15:51,A3-decay,3940000,29.04,89.31,1008.73,29.81,75.04,1008.80,0,0,MANUAL,1,1,1,
2026-09-25 20:15:53,A3-decay,3941000,29.03,89.65,1008.78,29.79,75.04,1008.80,0,0,MANUAL,1,1,1,
2026-09-25 20:15:54,A3-decay,3942000,29.05,89.72,1008.75,29.80,74.88,1008.87,0,0,MANUAL,1,1,1,
2026-09-25 20:15:55,A3-decay,3943000,29.04,89.69,1008.79,29.80,75.00,1008.82,0,0,MANUAL,1,1,1,
2026-09-25 20:15:56,A3-decay,3944000,29.04,89.55,1008.81,29.80,74.90,1008.81,0,0,MANUAL,1,1,1,
2026-09-25 20:15:57,A3-decay,3945000,29.05,89.59,1008.72,29.79,75.00,1008.80,0,0,MANUAL,1,1,1,
2026-09-25 20:15:58,A3-decay,3946000,29.04,89.85,1008.76,29.80,74.88,1008.82,0,0,MANUAL,1,1,1,
2026-09-25 20:15:59,A3-decay,3947000,29.04,89.30,1008.79,29.81,74.69,1008.85,0,0,MANUAL,1,1,1,
2026-09-25 20:16:00,A3-decay,3948000,29.05,89.65,1008.83,29.80,75.13,1008.84,0,0,MANUAL,1,1,1,
2026-09-25 20:16:01,A3-decay,3949000,29.03,89.84,1008.83,29.81,74.97,1008.85,0,0,MANUAL,1,1,1,
2026-09-25 20:16:02,A3-decay,3950000,29.03,89.69,1008.83,29.80,75.07,1008.81,0,0,MANUAL,1,1,1,
2026-09-25 20:16:03,A3-decay,3951000,29.03,89.38,1008.83,29.81,75.08,1008.85,0,0,MANUAL,1,1,1,
2026-09-25 20:16:04,A3-decay,3952000,29.03,89.75,1008.78,29.79,74.88,1008.80,0,0,MANUAL,1,1,1,
2026-09-25 20:16:05,A3-decay,3953000,29.03,89.78,1008.83,29.79,74.81,1008.86,0,0,MANUAL,1,1,1,
2026-09-25 20:16:06,A3-decay,3954000,29.02,89.66,1008.76,29.80,74.79,1008.84,0,0,MANUAL,1,1,1,
2026-09-25 20:16:07,A3-decay,3955000,29.04,89.32,1008.81,29.79,74.86,1008.86,0,0,MANUAL,1,1,1,
2026-09-25 20:16:08,A3-decay,3956000,29.00,89.42,1008.79,29.79,74.90,1008.77,0,0,MANUAL,1,1,1,
2026-09-25 20:16:09,A3-decay,3957000,29.01,89.42,1008.77,29.80,74.93,1008.81,0,0,MANUAL,1,1,1,
2026-09-25 20:16:10,A3-decay,3958000,29.02,89.54,1008.73,29.79,74.91,1008.86,0,0,MANUAL,1,1,1,
2026-09-25 20:16:11,A3-decay,3959000,29.03,89.54,1008.72,29.80,74.95,1008.85,0,0,MANUAL,1,1,1,
2026-09-25 20:16:12,A3-decay,3960000,29.03,89.34,1008.78,29.79,75.17,1008.89,0,0,MANUAL,1,1,1,
2026-09-25 20:16:13,A3-decay,3961000,29.03,89.84,1008.77,29.79,74.85,1008.85,0,0,MANUAL,1,1,1,
2026-09-25 20:16:14,A3-decay,3962000,29.02,89.29,1008.81,29.79,74.73,1008.77,0,0,MANUAL,1,1,1,
2026-09-25 20:16:15,A3-decay,3963000,29.02,89.45,1008.73,29.79,74.85,1008.85,0,0,MANUAL,1,1,1,
2026-09-25 20:16:16,A3-decay,3964000,29.02,89.50,1008.73,29.78,74.79,1008.84,0,0,MANUAL,1,1,1,
2026-09-25 20:16:17,A3-decay,3965000,29.03,89.31,1008.74,29.79,75.08,1008.77,0,0,MANUAL,1,1,1,
2026-09-25 20:16:18,A3-decay,3966000,29.03,89.54,1008.74,29.79,74.99,1008.83,0,0,MANUAL,1,1,1,
2026-09-25 20:16:18,A3-decay,3967000,29.03,89.79,1008.78,29.79,75.14,1008.80,0,0,MANUAL,1,1,1,
2026-09-25 20:16:20,A3-decay,3968000,29.04,89.91,1008.79,29.80,74.92,1008.87,0,0,MANUAL,1,1,1,
2026-09-25 20:16:21,A3-decay,3969000,29.05,89.74,1008.72,29.79,74.96,1008.79,0,0,MANUAL,1,1,1,
2026-09-25 20:16:22,A3-decay,3970000,29.05,89.36,1008.83,29.79,74.96,1008.80,0,0,MANUAL,1,1,1,
2026-09-25 20:16:23,A3-decay,3971000,29.05,89.32,1008.81,29.79,74.99,1008.85,0,0,MANUAL,1,1,1,
2026-09-25 20:16:24,A3-decay,3972000,29.05,89.70,1008.81,29.79,74.94,1008.86,0,0,MANUAL,1,1,1,
2026-09-25 20:16:25,A3-decay,3973000,29.05,89.49,1008.75,29.79,75.04,1008.80,0,0,MANUAL,1,1,1,
2026-09-25 20:16:26,A3-decay,3974000,29.05,89.76,1008.75,29.79,74.90,1008.79,0,0,MANUAL,1,1,1,
2026-09-25 20:16:27,A3-decay,3975000,29.05,89.67,1008.77,29.80,74.86,1008.87,0,0,MANUAL,1,1,1,
2026-09-25 20:16:28,A3-decay,3976000,29.05,89.72,1008.77,29.80,74.86,1008.87,0,0,MANUAL,1,1,1,
2026-09-25 20:16:29,A3-decay,3977000,29.06,89.32,1008.76,29.79,74.89,1008.77,0,0,MANUAL,1,1,1,
2026-09-25 20:16:30,A3-decay,3978000,29.08,89.38,1008.80,29.79,74.94,1008.77,0,0,MANUAL,1,1,1,
2026-09-25 20:16:31,A3-decay,3979000,29.05,89.38,1008.81,29.79,74.95,1008.77,0,0,MANUAL,1,1,1,
2026-09-25 20:16:32,A3-decay,3980000,29.05,89.50,1008.81,29.80,74.91,1008.81,0,0,MANUAL,1,1,1,
2026-09-25 20:16:33,A3-decay,3981000,29.04,89.65,1008.79,29.80,74.95,1008.84,0,0,MANUAL,1,1,1,
2026-09-25 20:16:34,A3-decay,3982000,29.03,89.15,1008.83,29.80,75.10,1008.84,0,0,MANUAL,1,1,1,
2026-09-25 20:16:35,A3-decay,3983000,29.03,89.67,1008.72,29.80,75.01,1008.81,0,0,MANUAL,1,1,1,
2026-09-25 20:16:36,A3-decay,3984000,29.02,89.67,1008.79,29.79,74.91,1008.80,0,0,MANUAL,1,1,1,
2026-09-25 20:16:37,A3-decay,3985000,29.03,89.20,1008.77,29.79,74.71,1008.80,0,0,MANUAL,1,1,1,
2026-09-25 20:16:38,A3-decay,3986000,29.03,89.76,1008.88,29.79,75.15,1008.85,0,0,MANUAL,1,1,1,
2026-09-25 20:16:39,A3-decay,3987000,29.02,89.78,1008.82,29.79,74.88,1008.85,0,0,MANUAL,1,1,1,
2026-09-25 20:16:40,A3-decay,3988000,29.03,89.81,1008.77,29.79,74.88,1008.77,0,0,MANUAL,1,1,1,
2026-09-25 20:16:41,A3-decay,3989000,29.04,89.76,1008.74,29.79,74.76,1008.86,0,0,MANUAL,1,1,1,
2026-09-25 20:16:42,A3-decay,3990000,29.04,89.42,1008.76,29.79,74.90,1008.82,0,0,MANUAL,1,1,1,
2026-09-25 20:16:43,A3-decay,3991000,29.03,89.76,1008.75,29.80,74.84,1008.87,0,0,MANUAL,1,1,1,
2026-09-25 20:16:44,A3-decay,3992000,29.03,89.46,1008.72,29.79,75.17,1008.83,0,0,MANUAL,1,1,1,
2026-09-25 20:16:45,A3-decay,3993000,29.04,89.62,1008.84,29.79,74.95,1008.80,0,0,MANUAL,1,1,1,
2026-09-25 20:16:46,A3-decay,3994000,29.02,89.60,1008.85,29.79,74.96,1008.82,0,0,MANUAL,1,1,1,
2026-09-25 20:16:47,A3-decay,3995000,29.01,89.33,1008.75,29.79,75.04,1008.77,0,0,MANUAL,1,1,1,
2026-09-25 20:16:48,A3-decay,3996000,29.03,89.31,1008.75,29.79,74.89,1008.83,0,0,MANUAL,1,1,1,
2026-09-25 20:16:49,A3-decay,3997000,29.03,89.55,1008.71,29.78,74.74,1008.81,0,0,MANUAL,1,1,1,
2026-09-25 20:16:50,A3-decay,3998000,29.00,89.49,1008.81,29.78,74.94,1008.84,0,0,MANUAL,1,1,1,
2026-09-25 20:16:51,A3-decay,3999000,29.00,89.26,1008.83,29.79,74.83,1008.79,0,0,MANUAL,1,1,1,
2026-09-25 20:16:52,A3-decay,4000000,29.00,89.46,1008.81,29.78,75.03,1008.79,0,0,MANUAL,1,1,1,
2026-09-25 20:16:53,A3-decay,4001000,29.00,89.21,1008.73,29.79,74.88,1008.79,0,0,MANUAL,1,1,1,
2026-09-25 20:16:54,A3-decay,4002000,28.99,89.69,1008.71,29.77,74.98,1008.83,0,0,MANUAL,1,1,1,
2026-09-25 20:16:55,A3-decay,4003000,29.01,89.33,1008.83,29.78,74.91,1008.81,0,0,MANUAL,1,1,1,
2026-09-25 20:16:56,A3-decay,4004000,29.01,89.72,1008.83,29.78,74.85,1008.86,0,0,MANUAL,1,1,1,
2026-09-25 20:16:57,A3-decay,4005000,29.03,89.50,1008.80,29.78,75.11,1008.81,0,0,MANUAL,1,1,1,
2026-09-25 20:16:58,A3-decay,4006000,29.02,89.81,1008.81,29.78,74.96,1008.86,0,0,MANUAL,1,1,1,
2026-09-25 20:16:59,A3-decay,4007000,29.03,89.55,1008.83,29.77,75.22,1008.85,0,0,MANUAL,1,1,1,
2026-09-25 20:17:00,A3-decay,4008000,29.04,89.77,1008.79,29.78,74.97,1008.83,0,0,MANUAL,1,1,1,
2026-09-25 20:17:01,A3-decay,4009000,29.04,89.68,1008.81,29.79,75.06,1008.82,0,0,MANUAL,1,1,1,
2026-09-25 20:17:02,A3-decay,4010000,29.03,89.34,1008.78,29.79,74.91,1008.85,0,0,MANUAL,1,1,1,
2026-09-25 20:17:03,A3-decay,4011000,29.04,89.22,1008.82,29.78,75.04,1008.78,0,0,MANUAL,1,1,1,
2026-09-25 20:17:04,A3-decay,4012000,29.04,89.66,1008.84,29.77,74.86,1008.80,0,0,MANUAL,1,1,1,
2026-09-25 20:17:05,A3-decay,4013000,29.04,89.31,1008.81,29.78,74.94,1008.81,0,0,MANUAL,1,1,1,
2026-09-25 20:17:06,A3-decay,4014000,29.05,89.38,1008.83,29.78,74.96,1008.84,0,0,MANUAL,1,1,1,
2026-09-25 20:17:07,A3-decay,4015000,29.05,89.77,1008.73,29.78,74.98,1008.81,0,0,MANUAL,1,1,1,
2026-09-25 20:17:08,A3-decay,4016000,29.05,89.20,1008.78,29.78,75.07,1008.84,0,0,MANUAL,1,1,1,
2026-09-25 20:17:09,A3-decay,4017000,29.05,89.30,1008.77,29.78,74.83,1008.78,0,0,MANUAL,1,1,1,
2026-09-25 20:17:10,A3-decay,4018000,29.06,89.62,1008.79,29.78,74.93,1008.81,0,0,MANUAL,1,1,1,
2026-09-25 20:17:11,A3-decay,4019000,29.05,89.48,1008.81,29.78,75.05,1008.83,0,0,MANUAL,1,1,1,
2026-09-25 20:17:12,A3-decay,4020000,29.05,89.47,1008.75,29.78,74.90,1008.81,0,0,MANUAL,1,1,1,
2026-09-25 20:17:13,A3-decay,4021000,29.05,89.34,1008.81,29.79,74.92,1008.85,0,0,MANUAL,1,1,1,
2026-09-25 20:17:14,A3-decay,4022000,29.04,89.44,1008.79,29.78,74.97,1008.90,0,0,MANUAL,1,1,1,
2026-09-25 20:17:14,A3-decay,4023000,29.04,89.75,1008.81,29.79,75.08,1008.85,0,0,MANUAL,1,1,1,
2026-09-25 20:17:16,A3-decay,4024000,29.04,89.50,1008.82,29.78,75.13,1008.81,0,0,MANUAL,1,1,1,
2026-09-25 20:17:17,A3-decay,4025000,29.04,89.31,1008.77,29.78,74.92,1008.81,0,0,MANUAL,1,1,1,
2026-09-25 20:17:18,A3-decay,4026000,29.04,89.58,1008.79,29.77,75.03,1008.85,0,0,MANUAL,1,1,1,
2026-09-25 20:17:19,A3-decay,4027000,29.04,89.67,1008.73,29.78,74.93,1008.84,0,0,MANUAL,1,1,1,
2026-09-25 20:17:20,A3-decay,4028000,29.02,89.53,1008.79,29.78,74.95,1008.81,0,0,MANUAL,1,1,1,
2026-09-25 20:17:21,A3-decay,4029000,29.02,89.44,1008.79,29.78,75.16,1008.84,0,0,MANUAL,1,1,1,
2026-09-25 20:17:22,A3-decay,4030000,29.04,89.31,1008.74,29.78,74.85,1008.78,0,0,MANUAL,1,1,1,
2026-09-25 20:17:23,A3-decay,4031000,29.04,89.85,1008.79,29.78,74.93,1008.79,0,0,MANUAL,1,1,1,
2026-09-25 20:17:24,A3-decay,4032000,29.02,89.55,1008.82,29.78,74.83,1008.75,0,0,MANUAL,1,1,1,
2026-09-25 20:17:25,A3-decay,4033000,29.02,89.68,1008.73,29.78,74.83,1008.84,0,0,MANUAL,1,1,1,
2026-09-25 20:17:26,A3-decay,4034000,29.03,89.51,1008.80,29.78,74.86,1008.83,0,0,MANUAL,1,1,1,
2026-09-25 20:17:27,A3-decay,4035000,29.03,89.62,1008.77,29.78,74.92,1008.78,0,0,MANUAL,1,1,1,
2026-09-25 20:17:28,A3-decay,4036000,29.00,89.42,1008.75,29.78,75.08,1008.83,0,0,MANUAL,1,1,1,
2026-09-25 20:17:29,A3-decay,4037000,29.01,89.32,1008.75,29.77,74.87,1008.80,0,0,MANUAL,1,1,1,
2026-09-25 20:17:30,A3-decay,4038000,29.02,89.16,1008.82,29.78,74.92,1008.84,0,0,MANUAL,1,1,1,
2026-09-25 20:17:31,A3-decay,4039000,29.02,89.26,1008.79,29.77,75.00,1008.85,0,0,MANUAL,1,1,1,
2026-09-25 20:17:32,A3-decay,4040000,29.02,89.65,1008.82,29.77,74.97,1008.85,0,0,MANUAL,1,1,1,
2026-09-25 20:17:33,A3-decay,4041000,29.03,89.36,1008.80,29.77,74.92,1008.74,0,0,MANUAL,1,1,1,
2026-09-25 20:17:34,A3-decay,4042000,29.03,89.26,1008.81,29.78,74.94,1008.83,0,0,MANUAL,1,1,1,
2026-09-25 20:17:35,A3-decay,4043000,29.01,89.50,1008.79,29.78,74.88,1008.86,0,0,MANUAL,1,1,1,
2026-09-25 20:17:36,A3-decay,4044000,29.02,89.62,1008.82,29.78,74.94,1008.81,0,0,MANUAL,1,1,1,
2026-09-25 20:17:37,A3-decay,4045000,29.03,89.31,1008.78,29.78,75.00,1008.81,0,0,MANUAL,1,1,1,
2026-09-25 20:17:38,A3-decay,4046000,29.04,89.30,1008.79,29.78,74.98,1008.81,0,0,MANUAL,1,1,1,
2026-09-25 20:17:39,A3-decay,4047000,29.04,89.57,1008.76,29.77,75.03,1008.83,0,0,MANUAL,1,1,1,
2026-09-25 20:17:40,A3-decay,4048000,29.04,89.53,1008.79,29.77,75.16,1008.83,0,0,MANUAL,1,1,1,
2026-09-25 20:17:41,A3-decay,4049000,29.04,89.09,1008.79,29.78,75.10,1008.81,0,0,MANUAL,1,1,1,
2026-09-25 20:17:42,A3-decay,4050000,29.04,89.44,1008.79,29.77,74.98,1008.85,0,0,MANUAL,1,1,1,
2026-09-25 20:17:43,A3-decay,4051000,29.03,89.62,1008.81,29.76,75.00,1008.75,0,0,MANUAL,1,1,1,
2026-09-25 20:17:44,A3-decay,4052000,29.04,89.25,1008.76,29.77,74.97,1008.82,0,0,MANUAL,1,1,1,
2026-09-25 20:17:45,A3-decay,4053000,29.04,89.58,1008.79,29.76,74.97,1008.81,0,0,MANUAL,1,1,1,
2026-09-25 20:17:46,A3-decay,4054000,29.04,89.68,1008.79,29.77,75.12,1008.82,0,0,MANUAL,1,1,1,
2026-09-25 20:17:47,A3-decay,4055000,29.05,89.33,1008.75,29.77,74.78,1008.71,0,0,MANUAL,1,1,1,
2026-09-25 20:17:47,A3-decay,4056000,29.06,89.53,1008.79,29.77,74.92,1008.82,0,0,MANUAL,1,1,1,
2026-09-25 20:17:49,A3-decay,4057000,29.06,89.57,1008.82,29.77,74.93,1008.79,0,0,MANUAL,1,1,1,
2026-09-25 20:17:50,A3-decay,4058000,29.06,89.48,1008.77,29.76,75.00,1008.84,0,0,MANUAL,1,1,1,
2026-09-25 20:17:51,A3-decay,4059000,29.05,89.50,1008.78,29.76,74.96,1008.75,0,0,MANUAL,1,1,1,
2026-09-25 20:17:52,A3-decay,4060000,29.05,89.21,1008.75,29.76,74.99,1008.75,0,0,MANUAL,1,1,1,
2026-09-25 20:17:53,A3-decay,4061000,29.06,89.70,1008.76,29.77,74.84,1008.85,0,0,MANUAL,1,1,1,
2026-09-25 20:17:54,A3-decay,4062000,29.07,89.54,1008.76,29.77,74.93,1008.76,0,0,MANUAL,1,1,1,
2026-09-25 20:17:55,A3-decay,4063000,29.06,89.70,1008.79,29.76,75.01,1008.81,0,0,MANUAL,1,1,1,
2026-09-25 20:17:56,A3-decay,4064000,29.07,89.51,1008.81,29.76,75.09,1008.86,0,0,MANUAL,1,1,1,
2026-09-25 20:17:57,A3-decay,4065000,29.08,89.54,1008.77,29.77,75.06,1008.82,0,0,MANUAL,1,1,1,
2026-09-25 20:17:58,A3-decay,4066000,29.06,89.44,1008.83,29.76,75.04,1008.81,0,0,MANUAL,1,1,1,
2026-09-25 20:17:59,A3-decay,4067000,29.08,89.78,1008.80,29.76,75.04,1008.81,0,0,MANUAL,1,1,1,
2026-09-25 20:18:00,A3-decay,4068000,29.06,89.73,1008.77,29.76,75.09,1008.84,0,0,MANUAL,1,1,1,
2026-09-25 20:18:01,A3-decay,4069000,29.06,89.71,1008.79,29.76,75.04,1008.78,0,0,MANUAL,1,1,1,
2026-09-25 20:18:02,A3-decay,4070000,29.08,89.47,1008.83,29.75,75.02,1008.82,0,0,MANUAL,1,1,1,
2026-09-25 20:18:03,A3-decay,4071000,29.07,89.34,1008.78,29.76,75.00,1008.86,0,0,MANUAL,1,1,1,
2026-09-25 20:18:04,A3-decay,4072000,29.06,89.44,1008.71,29.76,74.96,1008.84,0,0,MANUAL,1,1,1,
2026-09-25 20:18:05,A3-decay,4073000,29.08,89.34,1008.77,29.76,75.25,1008.78,0,0,MANUAL,1,1,1,
2026-09-25 20:18:06,A3-decay,4074000,29.07,89.58,1008.78,29.76,75.04,1008.83,0,0,MANUAL,1,1,1,
2026-09-25 20:18:07,A3-decay,4075000,29.05,89.73,1008.75,29.77,75.20,1008.79,0,0,MANUAL,1,1,1,
2026-09-25 20:18:08,A3-decay,4076000,29.06,89.49,1008.77,29.76,75.14,1008.83,0,0,MANUAL,1,1,1,
2026-09-25 20:18:09,A3-decay,4077000,29.05,89.60,1008.75,29.77,74.92,1008.82,0,0,MANUAL,1,1,1,
2026-09-25 20:18:10,A3-decay,4078000,29.06,89.22,1008.77,29.76,75.06,1008.78,0,0,MANUAL,1,1,1,
2026-09-25 20:18:11,A3-decay,4079000,29.06,89.44,1008.76,29.76,75.11,1008.77,0,0,MANUAL,1,1,1,
2026-09-25 20:18:12,A3-decay,4080000,29.06,89.77,1008.74,29.77,74.95,1008.79,0,0,MANUAL,1,1,1,
2026-09-25 20:18:13,A3-decay,4081000,29.06,89.49,1008.71,29.76,75.16,1008.73,0,0,MANUAL,1,1,1,
2026-09-25 20:18:14,A3-decay,4082000,29.06,89.26,1008.80,29.77,75.10,1008.83,0,0,MANUAL,1,1,1,
2026-09-25 20:18:15,A3-decay,4083000,29.06,89.58,1008.71,29.75,74.99,1008.79,0,0,MANUAL,1,1,1,
2026-09-25 20:18:16,A3-decay,4084000,29.06,89.62,1008.85,29.76,75.07,1008.84,0,0,MANUAL,1,1,1,
2026-09-25 20:18:17,A3-decay,4085000,29.06,89.49,1008.71,29.77,75.10,1008.79,0,0,MANUAL,1,1,1,
2026-09-25 20:18:18,A3-decay,4086000,29.07,89.63,1008.72,29.77,75.12,1008.79,0,0,MANUAL,1,1,1,
2026-09-25 20:18:19,A3-decay,4087000,29.07,89.42,1008.72,29.76,75.02,1008.83,0,0,MANUAL,1,1,1,
2026-09-25 20:18:20,A3-decay,4088000,29.06,89.32,1008.71,29.76,75.13,1008.84,0,0,MANUAL,1,1,1,
2026-09-25 20:18:21,A3-decay,4089000,29.07,89.13,1008.78,29.76,74.97,1008.83,0,0,MANUAL,1,1,1,
2026-09-25 20:18:22,A3-decay,4090000,29.06,89.74,1008.76,29.76,75.14,1008.83,0,0,MANUAL,1,1,1,
2026-09-25 20:18:23,A3-decay,4091000,29.07,89.81,1008.69,29.76,75.06,1008.86,0,0,MANUAL,1,1,1,
2026-09-25 20:18:24,A3-decay,4092000,29.06,89.39,1008.69,29.76,75.01,1008.80,0,0,MANUAL,1,1,1,
2026-09-25 20:18:25,A3-decay,4093000,29.06,89.21,1008.73,29.76,75.12,1008.75,0,0,MANUAL,1,1,1,
2026-09-25 20:18:26,A3-decay,4094000,29.08,89.65,1008.79,29.76,75.14,1008.80,0,0,MANUAL,1,1,1,
2026-09-25 20:18:27,A3-decay,4095000,29.06,89.75,1008.76,29.76,75.09,1008.80,0,0,MANUAL,1,1,1,
2026-09-25 20:18:28,A3-decay,4096000,29.06,89.24,1008.77,29.75,74.91,1008.79,0,0,MANUAL,1,1,1,
2026-09-25 20:18:28,A3-decay,4097000,29.06,89.39,1008.71,29.75,75.04,1008.79,0,0,MANUAL,1,1,1,
2026-09-25 20:18:29,A3-decay,4098000,29.08,89.74,1008.77,29.75,74.99,1008.77,0,0,MANUAL,1,1,1,
2026-09-25 20:18:31,A3-decay,4099000,29.06,89.78,1008.71,29.74,75.02,1008.77,0,0,MANUAL,1,1,1,
2026-09-25 20:18:32,A3-decay,4100000,29.07,89.00,1008.76,29.74,75.06,1008.78,0,0,MANUAL,1,1,1,
2026-09-25 20:18:33,A3-decay,4101000,29.09,89.05,1008.82,29.74,75.05,1008.78,0,0,MANUAL,1,1,1,
2026-09-25 20:18:34,A3-decay,4102000,29.07,89.67,1008.72,29.74,74.92,1008.77,0,0,MANUAL,1,1,1,
2026-09-25 20:18:35,A3-decay,4103000,29.08,89.79,1008.77,29.73,75.12,1008.75,0,0,MANUAL,1,1,1,
2026-09-25 20:18:36,A3-decay,4104000,29.07,89.78,1008.72,29.75,75.00,1008.79,0,0,MANUAL,1,1,1,
2026-09-25 20:18:37,A3-decay,4105000,29.08,89.73,1008.74,29.75,74.93,1008.79,0,0,MANUAL,1,1,1,
2026-09-25 20:18:38,A3-decay,4106000,29.06,89.60,1008.77,29.74,75.10,1008.75,0,0,MANUAL,1,1,1,
2026-09-25 20:18:39,A3-decay,4107000,29.06,89.56,1008.77,29.75,74.98,1008.76,0,0,MANUAL,1,1,1,
2026-09-25 20:18:40,A3-decay,4108000,29.07,89.63,1008.78,29.75,75.14,1008.73,0,0,MANUAL,1,1,1,
2026-09-25 20:18:41,A3-decay,4109000,29.07,89.63,1008.69,29.75,75.05,1008.77,0,0,MANUAL,1,1,1,
2026-09-25 20:18:42,A3-decay,4110000,29.07,89.71,1008.75,29.75,75.07,1008.79,0,0,MANUAL,1,1,1,
2026-09-25 20:18:43,A3-decay,4111000,29.08,89.25,1008.80,29.75,75.24,1008.79,0,0,MANUAL,1,1,1,
2026-09-25 20:18:44,A3-decay,4112000,29.07,89.56,1008.75,29.75,75.10,1008.79,0,0,MANUAL,1,1,1,
2026-09-25 20:18:45,A3-decay,4113000,29.06,89.18,1008.74,29.75,75.06,1008.79,0,0,MANUAL,1,1,1,
2026-09-25 20:18:46,A3-decay,4114000,29.06,89.47,1008.71,29.75,75.22,1008.73,0,0,MANUAL,1,1,1,
2026-09-25 20:18:47,A3-decay,4115000,29.06,89.41,1008.71,29.76,75.04,1008.77,0,0,MANUAL,1,1,1,
2026-09-25 20:18:48,A3-decay,4116000,29.06,89.64,1008.71,29.75,75.02,1008.76,0,0,MANUAL,1,1,1,
2026-09-25 20:18:49,A3-decay,4117000,29.07,89.22,1008.76,29.74,74.91,1008.72,0,0,MANUAL,1,1,1,
2026-09-25 20:18:49,A3-decay,4118000,29.07,89.46,1008.75,29.75,75.08,1008.79,0,0,MANUAL,1,1,1,
2026-09-25 20:18:51,A3-decay,4119000,29.06,89.42,1008.65,29.75,75.14,1008.73,0,0,MANUAL,1,1,1,
2026-09-25 20:18:52,A3-decay,4120000,29.05,89.45,1008.73,29.74,75.31,1008.77,0,0,MANUAL,1,1,1,
2026-09-25 20:18:53,A3-decay,4121000,29.06,89.15,1008.76,29.75,74.99,1008.73,0,0,MANUAL,1,1,1,
2026-09-25 20:18:54,A3-decay,4122000,29.06,89.34,1008.76,29.74,75.14,1008.78,0,0,MANUAL,1,1,1,
2026-09-25 20:18:55,A3-decay,4123000,29.07,89.18,1008.78,29.74,75.03,1008.75,0,0,MANUAL,1,1,1,
2026-09-25 20:18:56,A3-decay,4124000,29.07,89.26,1008.73,29.74,75.12,1008.71,0,0,MANUAL,1,1,1,
2026-09-25 20:18:56,A3-decay,4125000,29.07,89.71,1008.75,29.74,75.28,1008.77,0,0,MANUAL,1,1,1,
2026-09-25 20:18:58,A3-decay,4126000,29.08,89.41,1008.77,29.74,75.10,1008.80,0,0,MANUAL,1,1,1,
2026-09-25 20:18:59,A3-decay,4127000,29.05,89.51,1008.73,29.73,75.33,1008.73,0,0,MANUAL,1,1,1,
2026-09-25 20:19:00,A3-decay,4128000,29.07,89.27,1008.72,29.74,75.18,1008.77,0,0,MANUAL,1,1,1,
2026-09-25 20:19:01,A3-decay,4129000,29.08,89.58,1008.75,29.74,75.22,1008.80,0,0,MANUAL,1,1,1,
2026-09-25 20:19:02,A3-decay,4130000,29.08,89.40,1008.75,29.74,75.14,1008.75,0,0,MANUAL,1,1,1,
2026-09-25 20:19:03,A3-decay,4131000,29.08,89.26,1008.77,29.74,75.18,1008.74,0,0,MANUAL,1,1,1,
2026-09-25 20:19:04,A3-decay,4132000,29.08,89.62,1008.71,29.73,75.00,1008.73,0,0,MANUAL,1,1,1,
2026-09-25 20:19:05,A3-decay,4133000,29.08,89.36,1008.72,29.73,75.08,1008.70,0,0,MANUAL,1,1,1,
2026-09-25 20:19:06,A3-decay,4134000,29.09,89.60,1008.73,29.72,75.08,1008.69,0,0,MANUAL,1,1,1,
2026-09-25 20:19:07,A3-decay,4135000,29.08,89.47,1008.66,29.72,75.03,1008.77,0,0,MANUAL,1,1,1,
2026-09-25 20:19:08,A3-decay,4136000,29.09,89.52,1008.79,29.72,75.13,1008.77,0,0,MANUAL,1,1,1,
2026-09-25 20:19:09,A3-decay,4137000,29.08,89.37,1008.75,29.72,75.18,1008.75,0,0,MANUAL,1,1,1,
2026-09-25 20:19:09,A3-decay,4138000,29.09,89.30,1008.78,29.72,75.07,1008.75,0,0,MANUAL,1,1,1,
2026-09-25 20:19:10,A3-decay,4139000,29.08,89.80,1008.72,29.72,75.10,1008.75,0,0,MANUAL,1,1,1,
2026-09-25 20:19:12,A3-decay,4140000,29.09,89.66,1008.73,29.72,75.09,1008.79,0,0,MANUAL,1,1,1,
2026-09-25 20:19:13,A3-decay,4141000,29.08,89.17,1008.69,29.70,75.08,1008.71,0,0,MANUAL,1,1,1,
2026-09-25 20:19:14,A3-decay,4142000,29.08,89.18,1008.75,29.70,75.12,1008.76,0,0,MANUAL,1,1,1,
2026-09-25 20:19:15,A3-decay,4143000,29.08,89.41,1008.77,29.71,74.97,1008.78,0,0,MANUAL,1,1,1,
2026-09-25 20:19:16,A3-decay,4144000,29.08,89.35,1008.69,29.71,75.17,1008.80,0,0,MANUAL,1,1,1,
2026-09-25 20:19:17,A3-decay,4145000,29.09,89.43,1008.73,29.70,75.17,1008.77,0,0,MANUAL,1,1,1,
2026-09-25 20:19:18,A3-decay,4146000,29.08,89.34,1008.75,29.71,75.21,1008.69,0,0,MANUAL,1,1,1,
2026-09-25 20:19:19,A3-decay,4147000,29.08,89.19,1008.75,29.69,75.26,1008.72,0,0,MANUAL,1,1,1,
2026-09-25 20:19:20,A3-decay,4148000,29.09,89.55,1008.71,29.70,75.22,1008.76,0,0,MANUAL,1,1,1,
2026-09-25 20:19:21,A3-decay,4149000,29.08,89.36,1008.75,29.69,75.17,1008.74,0,0,MANUAL,1,1,1,
2026-09-25 20:19:22,A3-decay,4150000,29.05,89.40,1008.70,29.69,75.18,1008.75,0,0,MANUAL,1,1,1,
2026-09-25 20:19:23,A3-decay,4151000,29.06,89.13,1008.73,29.70,75.15,1008.76,0,0,MANUAL,1,1,1,
2026-09-25 20:19:24,A3-decay,4152000,29.05,89.13,1008.72,29.69,75.28,1008.74,0,0,MANUAL,1,1,1,
2026-09-25 20:19:25,A3-decay,4153000,29.04,89.55,1008.74,29.68,75.00,1008.73,0,0,MANUAL,1,1,1,
2026-09-25 20:19:26,A3-decay,4154000,29.06,89.36,1008.71,29.68,75.21,1008.79,0,0,MANUAL,1,1,1,
2026-09-25 20:19:27,A3-decay,4155000,29.04,89.39,1008.71,29.67,75.22,1008.72,0,0,MANUAL,1,1,1,
2026-09-25 20:19:28,A3-decay,4156000,29.04,89.19,1008.70,29.69,75.31,1008.74,0,0,MANUAL,1,1,1,
2026-09-25 20:19:29,A3-decay,4157000,29.04,89.21,1008.76,29.68,75.25,1008.76,0,0,MANUAL,1,1,1,
2026-09-25 20:19:30,A3-decay,4158000,29.04,89.22,1008.71,29.68,75.29,1008.78,0,0,MANUAL,1,1,1,
2026-09-25 20:19:31,A3-decay,4159000,29.04,89.46,1008.74,29.67,75.25,1008.80,0,0,MANUAL,1,1,1,
2026-09-25 20:19:32,A3-decay,4160000,29.05,89.51,1008.78,29.67,75.21,1008.72,0,0,MANUAL,1,1,1,
2026-09-25 20:19:33,A3-decay,4161000,29.05,89.25,1008.73,29.68,75.23,1008.82,0,0,MANUAL,1,1,1,
2026-09-25 20:19:34,A3-decay,4162000,29.05,89.41,1008.70,29.68,74.95,1008.78,0,0,MANUAL,1,1,1,
2026-09-25 20:19:35,A3-decay,4163000,29.05,89.48,1008.73,29.67,75.33,1008.74,0,0,MANUAL,1,1,1,
2026-09-25 20:19:36,A3-decay,4164000,29.06,89.20,1008.73,29.67,75.30,1008.74,0,0,MANUAL,1,1,1,
2026-09-25 20:19:37,A3-decay,4165000,29.06,89.48,1008.71,29.66,75.21,1008.73,0,0,MANUAL,1,1,1,
2026-09-25 20:19:38,A3-decay,4166000,29.05,89.31,1008.69,29.66,75.46,1008.73,0,0,MANUAL,1,1,1,
2026-09-25 20:19:39,A3-decay,4167000,29.06,89.41,1008.71,29.67,75.20,1008.66,0,0,MANUAL,1,1,1,
2026-09-25 20:19:40,A3-decay,4168000,29.07,89.38,1008.72,29.67,75.47,1008.77,0,0,MANUAL,1,1,1,
2026-09-25 20:19:41,A3-decay,4169000,29.06,89.39,1008.71,29.67,75.19,1008.77,0,0,MANUAL,1,1,1,
2026-09-25 20:19:42,A3-decay,4170000,29.07,89.54,1008.75,29.67,75.29,1008.71,0,0,MANUAL,1,1,1,
2026-09-25 20:19:43,A3-decay,4171000,29.05,89.50,1008.70,29.68,75.16,1008.76,0,0,MANUAL,1,1,1,
2026-09-25 20:19:44,A3-decay,4172000,29.05,89.50,1008.75,29.66,75.23,1008.68,0,0,MANUAL,1,1,1,
2026-09-25 20:19:45,A3-decay,4173000,29.05,89.58,1008.75,29.66,75.26,1008.68,0,0,MANUAL,1,1,1,
2026-09-25 20:19:46,A3-decay,4174000,29.06,89.57,1008.71,29.66,75.11,1008.75,0,0,MANUAL,1,1,1,
2026-09-25 20:19:47,A3-decay,4175000,29.04,89.38,1008.68,29.66,75.35,1008.79,0,0,MANUAL,1,1,1,
2026-09-25 20:19:48,A3-decay,4176000,29.04,89.50,1008.65,29.66,75.22,1008.73,0,0,MANUAL,1,1,1,
2026-09-25 20:19:49,A3-decay,4177000,29.05,89.59,1008.72,29.66,75.16,1008.76,0,0,MANUAL,1,1,1,
2026-09-25 20:19:50,A3-decay,4178000,29.05,89.65,1008.72,29.65,75.24,1008.74,0,0,MANUAL,1,1,1,
2026-09-25 20:19:51,A3-decay,4179000,29.04,89.18,1008.74,29.66,75.03,1008.76,0,0,MANUAL,1,1,1,
2026-09-25 20:19:52,A3-decay,4180000,29.04,89.10,1008.68,29.66,75.20,1008.76,0,0,MANUAL,1,1,1,
2026-09-25 20:19:53,A3-decay,4181000,29.03,89.49,1008.69,29.67,75.25,1008.74,0,0,MANUAL,1,1,1,
2026-09-25 20:19:54,A3-decay,4182000,29.04,89.14,1008.67,29.66,75.23,1008.76,0,0,MANUAL,1,1,1,
2026-09-25 20:19:55,A3-decay,4183000,29.02,89.18,1008.71,29.66,75.14,1008.70,0,0,MANUAL,1,1,1,
2026-09-25 20:19:56,A3-decay,4184000,29.04,89.37,1008.65,29.67,75.36,1008.78,0,0,MANUAL,1,1,1,
2026-09-25 20:19:57,A3-decay,4185000,29.03,89.11,1008.77,29.67,75.15,1008.67,0,0,MANUAL,1,1,1,
2026-09-25 20:19:58,A3-decay,4186000,29.04,89.55,1008.67,29.67,75.14,1008.71,0,0,MANUAL,1,1,1,
2026-09-25 20:19:59,A3-decay,4187000,29.02,89.68,1008.73,29.67,75.22,1008.71,0,0,MANUAL,1,1,1,
2026-09-25 20:20:00,A3-decay,4188000,29.03,89.28,1008.69,29.67,75.24,1008.72,0,0,MANUAL,1,1,1,
2026-09-25 20:20:01,A3-decay,4189000,29.03,89.08,1008.72,29.67,75.29,1008.71,0,0,MANUAL,1,1,1,
2026-09-25 20:20:02,A3-decay,4190000,29.04,89.43,1008.67,29.67,75.19,1008.67,0,0,MANUAL,1,1,1,
2026-09-25 20:20:03,A3-decay,4191000,29.03,89.34,1008.72,29.68,75.00,1008.70,0,0,MANUAL,1,1,1,
2026-09-25 20:20:04,A3-decay,4192000,29.02,89.12,1008.70,29.67,75.17,1008.68,0,0,MANUAL,1,1,1,
2026-09-25 20:20:04,A3-decay,4193000,29.02,89.16,1008.68,29.68,75.43,1008.73,0,0,MANUAL,1,1,1,
2026-09-25 20:20:06,A3-decay,4194000,29.02,89.51,1008.65,29.67,75.19,1008.75,0,0,MANUAL,1,1,1,
2026-09-25 20:20:07,A3-decay,4195000,29.05,89.22,1008.70,29.68,75.26,1008.71,0,0,MANUAL,1,1,1,
2026-09-25 20:20:08,A3-decay,4196000,29.02,89.19,1008.68,29.68,75.28,1008.65,0,0,MANUAL,1,1,1,
2026-09-25 20:20:09,A3-decay,4197000,29.04,89.21,1008.67,29.69,75.28,1008.72,0,0,MANUAL,1,1,1,
2026-09-25 20:20:10,A3-decay,4198000,29.04,89.37,1008.71,29.68,75.14,1008.68,0,0,MANUAL,1,1,1,
2026-09-25 20:20:11,A3-decay,4199000,29.04,89.13,1008.63,29.68,75.27,1008.68,0,0,MANUAL,1,1,1,
2026-09-25 20:20:12,A3-decay,4200000,29.04,89.59,1008.63,29.70,75.07,1008.71,0,0,MANUAL,1,1,1,
2026-09-25 20:20:13,A3-decay,4201000,29.08,89.67,1008.69,29.70,75.12,1008.71,0,0,MANUAL,1,1,1,
2026-09-25 20:20:14,A3-decay,4202000,29.06,89.56,1008.76,29.70,75.24,1008.71,0,0,MANUAL,1,1,1,
2026-09-25 20:20:15,A3-decay,4203000,29.05,89.47,1008.69,29.71,75.19,1008.69,0,0,MANUAL,1,1,1,
2026-09-25 20:20:16,A3-decay,4204000,29.05,89.36,1008.63,29.71,75.07,1008.75,0,0,MANUAL,1,1,1,
2026-09-25 20:20:17,A3-decay,4205000,29.05,89.71,1008.63,29.72,75.40,1008.74,0,0,MANUAL,1,1,1,
2026-09-25 20:20:17,A3-decay,4206000,29.05,89.50,1008.67,29.72,75.17,1008.68,0,0,MANUAL,1,1,1,
2026-09-25 20:20:19,A3-decay,4207000,29.04,89.46,1008.60,29.72,75.00,1008.69,0,0,MANUAL,1,1,1,
2026-09-25 20:20:20,A3-decay,4208000,29.05,89.03,1008.72,29.72,75.27,1008.75,0,0,MANUAL,1,1,1,
2026-09-25 20:20:21,A3-decay,4209000,29.03,89.42,1008.69,29.73,75.30,1008.70,0,0,MANUAL,1,1,1,
2026-09-25 20:20:22,A3-decay,4210000,29.04,89.58,1008.68,29.73,75.29,1008.76,0,0,MANUAL,1,1,1,
2026-09-25 20:20:23,A3-decay,4211000,29.08,89.20,1008.65,29.74,75.30,1008.74,0,0,MANUAL,1,1,1,
2026-09-25 20:20:24,A3-decay,4212000,29.06,89.46,1008.63,29.74,75.21,1008.69,0,0,MANUAL,1,1,1,
2026-09-25 20:20:25,A3-decay,4213000,29.06,89.10,1008.62,29.76,75.26,1008.72,0,0,MANUAL,1,1,1,
2026-09-25 20:20:26,A3-decay,4214000,29.05,89.54,1008.61,29.75,75.37,1008.76,0,0,MANUAL,1,1,1,
2026-09-25 20:20:27,A3-decay,4215000,29.04,89.14,1008.65,29.76,75.11,1008.64,0,0,MANUAL,1,1,1,
2026-09-25 20:20:28,A3-decay,4216000,29.04,89.31,1008.65,29.76,75.11,1008.69,0,0,MANUAL,1,1,1,
2026-09-25 20:20:29,A3-decay,4217000,29.04,89.18,1008.65,29.77,75.04,1008.65,0,0,MANUAL,1,1,1,
2026-09-25 20:20:30,A3-decay,4218000,29.09,89.47,1008.73,29.77,75.23,1008.69,0,0,MANUAL,1,1,1,
2026-09-25 20:20:30,A3-decay,4219000,29.06,89.32,1008.66,29.76,75.22,1008.62,0,0,MANUAL,1,1,1,
2026-09-25 20:20:32,A3-decay,4220000,29.05,89.52,1008.61,29.77,75.23,1008.71,0,0,MANUAL,1,1,1,
2026-09-25 20:20:33,A3-decay,4221000,29.05,89.53,1008.66,29.77,75.05,1008.73,0,0,MANUAL,1,1,1,
2026-09-25 20:20:34,A3-decay,4222000,29.06,89.05,1008.66,29.78,75.02,1008.61,0,0,MANUAL,1,1,1,
2026-09-25 20:20:35,A3-decay,4223000,29.06,89.35,1008.71,29.78,74.88,1008.70,0,0,MANUAL,1,1,1,
2026-09-25 20:20:36,A3-decay,4224000,29.05,89.29,1008.61,29.78,74.84,1008.64,0,0,MANUAL,1,1,1,
2026-09-25 20:20:37,A3-decay,4225000,29.05,89.09,1008.64,29.79,75.04,1008.68,0,0,MANUAL,1,1,1,
2026-09-25 20:20:38,A3-decay,4226000,29.04,89.08,1008.65,29.79,75.13,1008.68,0,0,MANUAL,1,1,1,
2026-09-25 20:20:39,A3-decay,4227000,29.04,89.61,1008.63,29.79,75.09,1008.71,0,0,MANUAL,1,1,1,
2026-09-25 20:20:40,A3-decay,4228000,29.06,89.12,1008.66,29.79,75.03,1008.72,0,0,MANUAL,1,1,1,
2026-09-25 20:20:41,A3-decay,4229000,29.06,89.51,1008.60,29.79,75.01,1008.68,0,0,MANUAL,1,1,1,
2026-09-25 20:20:42,A3-decay,4230000,29.05,89.42,1008.63,29.79,75.12,1008.68,0,0,MANUAL,1,1,1,
2026-09-25 20:20:43,A3-decay,4231000,29.04,89.08,1008.65,29.79,75.15,1008.71,0,0,MANUAL,1,1,1,
2026-09-25 20:20:44,A3-decay,4232000,29.04,89.49,1008.62,29.79,75.21,1008.68,0,0,MANUAL,1,1,1,
2026-09-25 20:20:45,A3-decay,4233000,29.04,89.36,1008.59,29.79,75.14,1008.66,0,0,MANUAL,1,1,1,
2026-09-25 20:20:46,A3-decay,4234000,29.08,89.42,1008.65,29.78,75.09,1008.65,0,0,MANUAL,1,1,1,
2026-09-25 20:20:47,A3-decay,4235000,29.11,89.09,1008.65,29.79,75.08,1008.75,0,0,MANUAL,1,1,1,
2026-09-25 20:20:48,A3-decay,4236000,29.12,89.17,1008.61,29.79,75.02,1008.68,0,0,MANUAL,1,1,1,
2026-09-25 20:20:49,A3-decay,4237000,29.12,89.20,1008.69,29.80,75.11,1008.67,0,0,MANUAL,1,1,1,
2026-09-25 20:20:50,A3-decay,4238000,29.11,89.60,1008.68,29.79,75.13,1008.68,0,0,MANUAL,1,1,1,
2026-09-25 20:20:51,A3-decay,4239000,29.11,89.36,1008.65,29.79,75.01,1008.69,0,0,MANUAL,1,1,1,
2026-09-25 20:20:52,A3-decay,4240000,29.10,89.45,1008.66,29.78,75.03,1008.62,0,0,MANUAL,1,1,1,
2026-09-25 20:20:53,A3-decay,4241000,29.10,89.25,1008.64,29.79,75.06,1008.68,0,0,MANUAL,1,1,1,
2026-09-25 20:20:54,A3-decay,4242000,29.10,89.46,1008.69,29.80,75.12,1008.73,0,0,MANUAL,1,1,1,
2026-09-25 20:20:55,A3-decay,4243000,29.10,89.32,1008.69,29.79,75.08,1008.68,0,0,MANUAL,1,1,1,
2026-09-25 20:20:56,A3-decay,4244000,29.11,89.35,1008.68,29.80,75.16,1008.73,0,0,MANUAL,1,1,1,
2026-09-25 20:20:57,A3-decay,4245000,29.12,89.60,1008.63,29.78,75.00,1008.68,0,0,MANUAL,1,1,1,
2026-09-25 20:20:58,A3-decay,4246000,29.12,89.58,1008.63,29.78,75.00,1008.68,0,0,MANUAL,1,1,1,
2026-09-25 20:20:58,A3-decay,4247000,29.14,89.13,1008.69,29.80,75.00,1008.67,0,0,MANUAL,1,1,1,
2026-09-25 20:21:00,A3-decay,4248000,29.12,89.49,1008.66,29.80,75.01,1008.64,0,0,MANUAL,1,1,1,
2026-09-25 20:21:01,A3-decay,4249000,29.12,89.10,1008.61,29.79,75.23,1008.66,0,0,MANUAL,1,1,1,
2026-09-25 20:21:02,A3-decay,4250000,29.14,89.53,1008.69,29.80,75.26,1008.62,0,0,MANUAL,1,1,1,
2026-09-25 20:21:03,A3-decay,4251000,29.12,89.21,1008.63,29.79,74.95,1008.68,0,0,MANUAL,1,1,1,
2026-09-25 20:21:04,A3-decay,4252000,29.13,89.11,1008.65,29.78,74.86,1008.76,0,0,MANUAL,1,1,1,
2026-09-25 20:21:05,A3-decay,4253000,29.13,89.21,1008.64,29.79,74.95,1008.68,0,0,MANUAL,1,1,1,
2026-09-25 20:21:06,A3-decay,4254000,29.13,89.07,1008.71,29.78,75.19,1008.73,0,0,MANUAL,1,1,1,
2026-09-25 20:21:07,A3-decay,4255000,29.12,89.24,1008.63,29.79,74.97,1008.66,0,0,MANUAL,1,1,1,
2026-09-25 20:21:08,A3-decay,4256000,29.13,89.18,1008.65,29.79,75.10,1008.69,0,0,MANUAL,1,1,1,
2026-09-25 20:21:09,A3-decay,4257000,29.14,89.25,1008.61,29.79,75.16,1008.69,0,0,MANUAL,1,1,1,
2026-09-25 20:21:10,A3-decay,4258000,29.15,89.39,1008.65,29.78,75.07,1008.70,0,0,MANUAL,1,1,1,
2026-09-25 20:21:11,A3-decay,4259000,29.14,89.19,1008.58,29.78,75.03,1008.62,0,0,MANUAL,1,1,1,
2026-09-25 20:21:12,A3-decay,4260000,29.14,88.91,1008.64,29.79,74.99,1008.69,0,0,MANUAL,1,1,1,
2026-09-25 20:21:13,A3-decay,4261000,29.14,88.98,1008.63,29.78,75.15,1008.67,0,0,MANUAL,1,1,1,
2026-09-25 20:21:13,A3-decay,4262000,29.13,89.23,1008.64,29.78,75.04,1008.65,0,0,MANUAL,1,1,1,
2026-09-25 20:21:15,A3-decay,4263000,29.15,88.93,1008.59,29.79,75.01,1008.63,0,0,MANUAL,1,1,1,
2026-09-25 20:21:16,A3-decay,4264000,29.16,89.04,1008.61,29.79,74.96,1008.71,0,0,MANUAL,1,1,1,
2026-09-25 20:21:17,A3-decay,4265000,29.15,89.22,1008.63,29.79,75.08,1008.60,0,0,MANUAL,1,1,1,
2026-09-25 20:21:18,A3-decay,4266000,29.16,89.36,1008.61,29.79,75.05,1008.69,0,0,MANUAL,1,1,1,
2026-09-25 20:21:19,A3-decay,4267000,29.16,89.23,1008.64,29.79,74.89,1008.64,0,0,MANUAL,1,1,1,
2026-09-25 20:21:20,A3-decay,4268000,29.15,89.28,1008.62,29.80,75.02,1008.64,0,0,MANUAL,1,1,1,
2026-09-25 20:21:21,A3-decay,4269000,29.14,89.33,1008.64,29.79,75.21,1008.69,0,0,MANUAL,1,1,1,
2026-09-25 20:21:22,A3-decay,4270000,29.14,89.15,1008.61,29.79,74.94,1008.69,0,0,MANUAL,1,1,1,
2026-09-25 20:21:23,A3-decay,4271000,29.13,88.98,1008.61,29.80,75.07,1008.64,0,0,MANUAL,1,1,1,
2026-09-25 20:21:24,A3-decay,4272000,29.11,89.31,1008.62,29.79,75.15,1008.66,0,0,MANUAL,1,1,1,
2026-09-25 20:21:25,A3-decay,4273000,29.11,89.30,1008.62,29.80,74.93,1008.64,0,0,MANUAL,1,1,1,
2026-09-25 20:21:26,A3-decay,4274000,29.10,89.27,1008.67,29.80,74.93,1008.64,0,0,MANUAL,1,1,1,
2026-09-25 20:21:27,A3-decay,4275000,29.09,89.12,1008.62,29.80,75.00,1008.70,0,0,MANUAL,1,1,1,
2026-09-25 20:21:28,A3-decay,4276000,29.10,89.18,1008.60,29.79,75.05,1008.69,0,0,MANUAL,1,1,1,
2026-09-25 20:21:29,A3-decay,4277000,29.08,89.45,1008.63,29.80,75.01,1008.65,0,0,MANUAL,1,1,1,
2026-09-25 20:21:30,A3-decay,4278000,29.08,89.17,1008.57,29.80,74.86,1008.70,0,0,MANUAL,1,1,1,
2026-09-25 20:21:31,A3-decay,4279000,29.08,89.15,1008.63,29.80,75.13,1008.64,0,0,MANUAL,1,1,1,
2026-09-25 20:21:32,A3-decay,4280000,29.08,89.12,1008.63,29.81,74.91,1008.69,0,0,MANUAL,1,1,1,
2026-09-25 20:21:33,A3-decay,4281000,29.08,88.95,1008.61,29.81,75.10,1008.67,0,0,MANUAL,1,1,1,
2026-09-25 20:21:34,A3-decay,4282000,29.07,89.00,1008.59,29.80,74.90,1008.60,0,0,MANUAL,1,1,1,
2026-09-25 20:21:35,A3-decay,4283000,29.08,89.09,1008.66,29.80,74.99,1008.65,0,0,MANUAL,1,1,1,
2026-09-25 20:21:36,A3-decay,4284000,29.08,89.33,1008.63,29.80,75.19,1008.62,0,0,MANUAL,1,1,1,
2026-09-25 20:21:37,A3-decay,4285000,29.07,89.50,1008.58,29.81,75.00,1008.72,0,0,MANUAL,1,1,1,
2026-09-25 20:21:38,A3-decay,4286000,29.09,89.19,1008.65,29.81,75.02,1008.72,0,0,MANUAL,1,1,1,
2026-09-25 20:21:39,A3-decay,4287000,29.06,89.50,1008.68,29.80,74.94,1008.70,0,0,MANUAL,1,1,1,
2026-09-25 20:21:40,A3-decay,4288000,29.05,89.11,1008.61,29.81,74.97,1008.63,0,0,MANUAL,1,1,1,
2026-09-25 20:21:40,A3-decay,4289000,29.05,88.87,1008.56,29.79,74.95,1008.66,0,0,MANUAL,1,1,1,
2026-09-25 20:21:42,A3-decay,4290000,29.06,88.85,1008.60,29.81,74.98,1008.72,0,0,MANUAL,1,1,1,
2026-09-25 20:21:43,A3-decay,4291000,29.04,88.81,1008.57,29.80,75.08,1008.68,0,0,MANUAL,1,1,1,
2026-09-25 20:21:44,A3-decay,4292000,29.03,89.15,1008.57,29.81,75.01,1008.72,0,0,MANUAL,1,1,1,
2026-09-25 20:21:45,A3-decay,4293000,29.04,89.06,1008.74,29.81,75.11,1008.66,0,0,MANUAL,1,1,1,
2026-09-25 20:21:46,A3-decay,4294000,29.07,89.06,1008.61,29.80,75.18,1008.64,0,0,MANUAL,1,1,1,
2026-09-25 20:21:47,A3-decay,4295000,29.09,88.93,1008.56,29.79,74.98,1008.64,0,0,MANUAL,1,1,1,
2026-09-25 20:21:47,A3-decay,4296000,29.12,89.19,1008.61,29.79,75.23,1008.61,0,0,MANUAL,1,1,1,
2026-09-25 20:21:48,A3-decay,4297000,29.14,89.46,1008.61,29.80,75.16,1008.68,0,0,MANUAL,1,1,1,
2026-09-25 20:21:50,A3-decay,4298000,29.13,88.87,1008.56,29.80,75.04,1008.64,0,0,MANUAL,1,1,1,
2026-09-25 20:21:51,A3-decay,4299000,29.14,88.86,1008.63,29.80,75.03,1008.65,0,0,MANUAL,1,1,1,
2026-09-25 20:21:52,A3-decay,4300000,29.13,89.05,1008.62,29.81,74.98,1008.69,0,0,MANUAL,1,1,1,
2026-09-25 20:21:53,A3-decay,4301000,29.15,89.01,1008.66,29.80,75.03,1008.62,0,0,MANUAL,1,1,1,
2026-09-25 20:21:54,A3-decay,4302000,29.16,88.97,1008.64,29.80,75.10,1008.71,0,0,MANUAL,1,1,1,
2026-09-25 20:21:55,A3-decay,4303000,29.16,88.90,1008.58,29.81,75.00,1008.66,0,0,MANUAL,1,1,1,
2026-09-25 20:21:56,A3-decay,4304000,29.11,89.22,1008.65,29.80,75.21,1008.68,0,0,MANUAL,1,1,1,
2026-09-25 20:21:57,A3-decay,4305000,29.10,89.21,1008.57,29.80,75.23,1008.65,0,0,MANUAL,1,1,1,
2026-09-25 20:21:58,A3-decay,4306000,29.09,88.98,1008.59,29.80,75.16,1008.65,0,0,MANUAL,1,1,1,
2026-09-25 20:21:59,A3-decay,4307000,29.10,89.13,1008.58,29.80,75.04,1008.62,0,0,MANUAL,1,1,1,
2026-09-25 20:22:00,A3-decay,4308000,29.09,89.34,1008.62,29.80,74.94,1008.64,0,0,MANUAL,1,1,1,
2026-09-25 20:22:01,A3-decay,4309000,29.09,89.10,1008.59,29.80,75.04,1008.71,0,0,MANUAL,1,1,1,
2026-09-25 20:22:02,A3-decay,4310000,29.09,89.44,1008.68,29.80,75.03,1008.67,0,0,MANUAL,1,1,1,
2026-09-25 20:22:03,A3-decay,4311000,29.09,88.99,1008.62,29.80,75.04,1008.64,0,0,MANUAL,1,1,1,
2026-09-25 20:22:04,A3-decay,4312000,29.09,89.25,1008.64,29.80,74.96,1008.65,0,0,MANUAL,1,1,1,
2026-09-25 20:22:05,A3-decay,4313000,29.08,89.05,1008.58,29.80,74.88,1008.67,0,0,MANUAL,1,1,1,
2026-09-25 20:22:06,A3-decay,4314000,29.09,89.12,1008.70,29.80,75.08,1008.56,0,0,MANUAL,1,1,1,
2026-09-25 20:22:07,A3-decay,4315000,29.10,88.95,1008.63,29.80,74.95,1008.64,0,0,MANUAL,1,1,1,
2026-09-25 20:22:08,A3-decay,4316000,29.11,89.33,1008.68,29.80,74.94,1008.64,0,0,MANUAL,1,1,1,
2026-09-25 20:22:09,A3-decay,4317000,29.10,89.17,1008.64,29.80,75.02,1008.64,0,0,MANUAL,1,1,1,
2026-09-25 20:22:10,A3-decay,4318000,29.11,89.10,1008.65,29.80,74.99,1008.64,0,0,MANUAL,1,1,1,
2026-09-25 20:22:11,A3-decay,4319000,29.10,89.20,1008.67,29.80,75.12,1008.70,0,0,MANUAL,1,1,1,
2026-09-25 20:22:12,A3-decay,4320000,29.10,89.22,1008.63,29.80,74.94,1008.65,0,0,MANUAL,1,1,1,
2026-09-25 20:22:13,A3-decay,4321000,29.09,89.25,1008.64,29.81,75.17,1008.67,0,0,MANUAL,1,1,1,
2026-09-25 20:22:14,A3-decay,4322000,29.09,89.19,1008.65,29.81,75.02,1008.70,0,0,MANUAL,1,1,1,
2026-09-25 20:22:15,A3-decay,4323000,29.10,88.92,1008.67,29.80,75.14,1008.65,0,0,MANUAL,1,1,1,
2026-09-25 20:22:16,A3-decay,4324000,29.13,89.07,1008.62,29.81,75.13,1008.63,0,0,MANUAL,1,1,1,
2026-09-25 20:22:17,A3-decay,4325000,29.12,89.34,1008.63,29.81,74.99,1008.60,0,0,MANUAL,1,1,1,
2026-09-25 20:22:18,A3-decay,4326000,29.11,89.40,1008.63,29.81,75.02,1008.72,0,0,MANUAL,1,1,1,
2026-09-25 20:22:19,A3-decay,4327000,29.10,89.46,1008.63,29.80,75.08,1008.68,0,0,MANUAL,1,1,1,
2026-09-25 20:22:20,A3-decay,4328000,29.10,89.03,1008.69,29.81,75.00,1008.63,0,0,MANUAL,1,1,1,
2026-09-25 20:22:21,A3-decay,4329000,29.09,88.96,1008.65,29.81,75.09,1008.72,0,0,MANUAL,1,1,1,
2026-09-25 20:22:22,A3-decay,4330000,29.10,89.31,1008.69,29.81,75.17,1008.66,0,0,MANUAL,1,1,1,
2026-09-25 20:22:23,A3-decay,4331000,29.10,89.00,1008.66,29.82,75.11,1008.76,0,0,MANUAL,1,1,1,
2026-09-25 20:22:24,A3-decay,4332000,29.09,89.30,1008.65,29.82,75.02,1008.68,0,0,MANUAL,1,1,1,
2026-09-25 20:22:25,A3-decay,4333000,29.09,88.92,1008.65,29.82,75.07,1008.68,0,0,MANUAL,1,1,1,
2026-09-25 20:22:26,A3-decay,4334000,29.10,88.96,1008.66,29.81,75.04,1008.72,0,0,MANUAL,1,1,1,
2026-09-25 20:22:27,A3-decay,4335000,29.10,88.79,1008.67,29.82,74.83,1008.70,0,0,MANUAL,1,1,1,
2026-09-25 20:22:28,A3-decay,4336000,29.10,89.00,1008.66,29.81,75.10,1008.66,0,0,MANUAL,1,1,1,
2026-09-25 20:22:28,A3-decay,4337000,29.11,89.04,1008.65,29.81,75.15,1008.67,0,0,MANUAL,1,1,1,
2026-09-25 20:22:29,A3-decay,4338000,29.13,89.22,1008.64,29.82,74.96,1008.73,0,0,MANUAL,1,1,1,
2026-09-25 20:22:31,A3-decay,4339000,29.12,89.39,1008.69,29.82,75.09,1008.62,0,0,MANUAL,1,1,1,
2026-09-25 20:22:32,A3-decay,4340000,29.11,88.97,1008.68,29.82,75.08,1008.70,0,0,MANUAL,1,1,1,
2026-09-25 20:22:33,A3-decay,4341000,29.09,89.48,1008.71,29.82,75.00,1008.68,0,0,MANUAL,1,1,1,
2026-09-25 20:22:34,A3-decay,4342000,29.10,89.25,1008.63,29.82,74.92,1008.62,0,0,MANUAL,1,1,1,
2026-09-25 20:22:35,A3-decay,4343000,29.11,88.89,1008.67,29.82,74.91,1008.73,0,0,MANUAL,1,1,1,
2026-09-25 20:22:36,A3-decay,4344000,29.11,89.10,1008.68,29.82,75.09,1008.66,0,0,MANUAL,1,1,1,
2026-09-25 20:22:37,A3-decay,4345000,29.10,89.33,1008.64,29.82,75.00,1008.70,0,0,MANUAL,1,1,1,
2026-09-25 20:22:38,A3-decay,4346000,29.10,89.26,1008.63,29.82,74.95,1008.62,0,0,MANUAL,1,1,1,
2026-09-25 20:22:39,A3-decay,4347000,29.09,89.34,1008.71,29.82,75.08,1008.66,0,0,MANUAL,1,1,1,
2026-09-25 20:22:40,A3-decay,4348000,29.11,88.92,1008.65,29.81,74.91,1008.59,0,0,MANUAL,1,1,1,
2026-09-25 20:22:41,A3-decay,4349000,29.10,89.30,1008.67,29.82,75.12,1008.71,0,0,MANUAL,1,1,1,
2026-09-25 20:22:42,A3-decay,4350000,29.10,89.40,1008.67,29.82,74.95,1008.66,0,0,MANUAL,1,1,1,
2026-09-25 20:22:43,A3-decay,4351000,29.09,89.51,1008.65,29.83,74.90,1008.70,0,0,MANUAL,1,1,1,
2026-09-25 20:22:44,A3-decay,4352000,29.09,89.21,1008.71,29.82,74.96,1008.65,0,0,MANUAL,1,1,1,
2026-09-25 20:22:45,A3-decay,4353000,29.11,89.12,1008.65,29.83,74.97,1008.67,0,0,MANUAL,1,1,1,
2026-09-25 20:22:46,A3-decay,4354000,29.10,89.05,1008.67,29.83,74.98,1008.70,0,0,MANUAL,1,1,1,
2026-09-25 20:22:47,A3-decay,4355000,29.09,89.28,1008.65,29.84,74.96,1008.66,0,0,MANUAL,1,1,1,
2026-09-25 20:22:48,A3-decay,4356000,29.09,89.11,1008.65,29.82,75.09,1008.66,0,0,MANUAL,1,1,1,
2026-09-25 20:22:49,A3-decay,4357000,29.09,89.23,1008.64,29.84,74.86,1008.60,0,0,MANUAL,1,1,1,
2026-09-25 20:22:50,A3-decay,4358000,29.09,89.14,1008.57,29.83,74.81,1008.67,0,0,MANUAL,1,1,1,
2026-09-25 20:22:51,A3-decay,4359000,29.09,88.97,1008.59,29.84,74.77,1008.65,0,0,MANUAL,1,1,1,
2026-09-25 20:22:52,A3-decay,4360000,29.08,89.04,1008.66,29.83,74.81,1008.67,0,0,MANUAL,1,1,1,
2026-09-25 20:22:53,A3-decay,4361000,29.09,88.84,1008.62,29.85,75.05,1008.67,0,0,MANUAL,1,1,1,
2026-09-25 20:22:54,A3-decay,4362000,29.09,89.29,1008.71,29.85,74.92,1008.67,0,0,MANUAL,1,1,1,
2026-09-25 20:22:55,A3-decay,4363000,29.08,89.29,1008.61,29.85,75.13,1008.61,0,0,MANUAL,1,1,1,
2026-09-25 20:22:56,A3-decay,4364000,29.10,89.02,1008.63,29.85,74.89,1008.61,0,0,MANUAL,1,1,1,
2026-09-25 20:22:57,A3-decay,4365000,29.10,89.24,1008.60,29.86,75.01,1008.66,0,0,MANUAL,1,1,1,
2026-09-25 20:22:58,A3-decay,4366000,29.10,89.32,1008.69,29.85,75.15,1008.64,0,0,MANUAL,1,1,1,
2026-09-25 20:22:59,A3-decay,4367000,29.10,88.88,1008.69,29.86,74.83,1008.63,0,0,MANUAL,1,1,1,
2026-09-25 20:23:00,A3-decay,4368000,29.10,89.42,1008.72,29.86,74.91,1008.74,0,0,MANUAL,1,1,1,
2026-09-25 20:23:01,A3-decay,4369000,29.10,88.95,1008.63,29.86,74.92,1008.66,0,0,MANUAL,1,1,1,
2026-09-25 20:23:02,A3-decay,4370000,29.10,89.07,1008.69,29.86,74.79,1008.69,0,0,MANUAL,1,1,1,
2026-09-25 20:23:03,A3-decay,4371000,29.10,89.19,1008.69,29.86,75.00,1008.60,0,0,MANUAL,1,1,1,
2026-09-25 20:23:04,A3-decay,4372000,29.10,88.94,1008.67,29.86,74.93,1008.66,0,0,MANUAL,1,1,1,
2026-09-25 20:23:05,A3-decay,4373000,29.11,89.46,1008.62,29.88,74.84,1008.61,0,0,MANUAL,1,1,1,
2026-09-25 20:23:06,A3-decay,4374000,29.10,89.17,1008.61,29.86,74.91,1008.67,0,0,MANUAL,1,1,1,
2026-09-25 20:23:07,A3-decay,4375000,29.10,89.07,1008.61,29.88,75.01,1008.71,0,0,MANUAL,1,1,1,
2026-09-25 20:23:08,A3-decay,4376000,29.10,88.96,1008.57,29.88,75.06,1008.65,0,0,MANUAL,1,1,1,
2026-09-25 20:23:09,A3-decay,4377000,29.11,89.45,1008.63,29.87,74.90,1008.65,0,0,MANUAL,1,1,1,
2026-09-25 20:23:09,A3-decay,4378000,29.10,89.51,1008.69,29.88,75.00,1008.65,0,0,MANUAL,1,1,1,
2026-09-25 20:23:11,A3-decay,4379000,29.10,89.37,1008.69,29.88,74.91,1008.71,0,0,MANUAL,1,1,1,
2026-09-25 20:23:12,A3-decay,4380000,29.10,89.04,1008.67,29.88,75.15,1008.69,0,0,MANUAL,1,1,1,
2026-09-25 20:23:13,A3-decay,4381000,29.10,89.33,1008.64,29.88,74.90,1008.68,0,0,MANUAL,1,1,1,
2026-09-25 20:23:14,A3-decay,4382000,29.11,89.24,1008.65,29.88,74.88,1008.66,0,0,MANUAL,1,1,1,
2026-09-25 20:23:15,A3-decay,4383000,29.10,89.05,1008.67,29.88,74.97,1008.68,0,0,MANUAL,1,1,1,
2026-09-25 20:23:16,A3-decay,4384000,29.11,88.83,1008.70,29.89,75.03,1008.71,0,0,MANUAL,1,1,1,
2026-09-25 20:23:17,A3-decay,4385000,29.10,89.05,1008.64,29.88,75.04,1008.72,0,0,MANUAL,1,1,1,
2026-09-25 20:23:18,A3-decay,4386000,29.09,89.20,1008.65,29.89,75.12,1008.67,0,0,MANUAL,1,1,1,
2026-09-25 20:23:19,A3-decay,4387000,29.10,88.73,1008.66,29.88,74.80,1008.66,0,0,MANUAL,1,1,1,
2026-09-25 20:23:20,A3-decay,4388000,29.10,88.90,1008.64,29.88,74.88,1008.63,0,0,MANUAL,1,1,1,
2026-09-25 20:23:21,A3-decay,4389000,29.10,89.16,1008.61,29.88,74.92,1008.66,0,0,MANUAL,1,1,1,
2026-09-25 20:23:22,A3-decay,4390000,29.10,89.30,1008.66,29.89,74.98,1008.67,0,0,MANUAL,1,1,1,
2026-09-25 20:23:23,A3-decay,4391000,29.11,89.10,1008.70,29.89,74.91,1008.70,0,0,MANUAL,1,1,1,
2026-09-25 20:23:24,A3-decay,4392000,29.11,88.70,1008.62,29.88,74.94,1008.68,0,0,MANUAL,1,1,1,
2026-09-25 20:23:24,A3-decay,4393000,29.10,88.91,1008.67,29.89,74.99,1008.67,0,0,MANUAL,1,1,1,
2026-09-25 20:23:26,A3-decay,4394000,29.09,88.55,1008.67,29.87,74.92,1008.65,0,0,MANUAL,1,1,1,
2026-09-25 20:23:27,A3-decay,4395000,29.08,89.17,1008.66,29.89,74.80,1008.73,0,0,MANUAL,1,1,1,
2026-09-25 20:23:28,A3-decay,4396000,29.07,89.15,1008.70,29.88,74.87,1008.66,0,0,MANUAL,1,1,1,
2026-09-25 20:23:29,A3-decay,4397000,29.08,88.99,1008.66,29.89,75.00,1008.75,0,0,MANUAL,1,1,1,
2026-09-25 20:23:30,A3-decay,4398000,29.10,89.16,1008.67,29.88,75.06,1008.66,0,0,MANUAL,1,1,1,
2026-09-25 20:23:31,A3-decay,4399000,29.09,89.18,1008.65,29.88,74.92,1008.65,0,0,MANUAL,1,1,1,
2026-09-25 20:23:32,A3-decay,4400000,29.09,88.81,1008.65,29.87,75.01,1008.67,0,0,MANUAL,1,1,1,
2026-09-25 20:23:33,A3-decay,4401000,29.08,89.25,1008.63,29.87,74.99,1008.70,0,0,MANUAL,1,1,1,
2026-09-25 20:23:34,A3-decay,4402000,29.10,89.18,1008.66,29.86,74.89,1008.69,0,0,MANUAL,1,1,1,
2026-09-25 20:23:35,A3-decay,4403000,29.10,89.05,1008.69,29.86,75.09,1008.69,0,0,MANUAL,1,1,1,
2026-09-25 20:23:36,A3-decay,4404000,29.09,89.22,1008.65,29.87,74.96,1008.65,0,0,MANUAL,1,1,1,
2026-09-25 20:23:37,A3-decay,4405000,29.10,89.00,1008.64,29.87,75.00,1008.62,0,0,MANUAL,1,1,1,
2026-09-25 20:23:38,A3-decay,4406000,29.10,89.14,1008.64,29.87,75.19,1008.67,0,0,MANUAL,1,1,1,
2026-09-25 20:23:39,A3-decay,4407000,29.08,89.15,1008.69,29.86,75.05,1008.72,0,0,MANUAL,1,1,1,
2026-09-25 20:23:40,A3-decay,4408000,29.09,88.77,1008.70,29.86,74.93,1008.69,0,0,MANUAL,1,1,1,
2026-09-25 20:23:41,A3-decay,4409000,29.09,88.94,1008.64,29.86,74.98,1008.67,0,0,MANUAL,1,1,1,
2026-09-25 20:23:42,A3-decay,4410000,29.07,88.62,1008.65,29.86,75.03,1008.69,0,0,MANUAL,1,1,1,
2026-09-25 20:23:43,A3-decay,4411000,29.08,88.75,1008.69,29.85,75.08,1008.64,0,0,MANUAL,1,1,1,
2026-09-25 20:23:44,A3-decay,4412000,29.09,89.24,1008.65,29.86,75.03,1008.63,0,0,MANUAL,1,1,1,
2026-09-25 20:23:45,A3-decay,4413000,29.09,88.97,1008.67,29.85,75.09,1008.62,0,0,MANUAL,1,1,1,
2026-09-25 20:23:46,A3-decay,4414000,29.10,88.91,1008.66,29.84,75.15,1008.66,0,0,MANUAL,1,1,1,
2026-09-25 20:23:47,A3-decay,4415000,29.10,88.88,1008.60,29.85,74.86,1008.68,0,0,MANUAL,1,1,1,
2026-09-25 20:23:48,A3-decay,4416000,29.10,89.12,1008.60,29.84,75.24,1008.65,0,0,MANUAL,1,1,1,
2026-09-25 20:23:49,A3-decay,4417000,29.09,89.05,1008.65,29.84,75.04,1008.69,0,0,MANUAL,1,1,1,
2026-09-25 20:23:50,A3-decay,4418000,29.09,88.78,1008.71,29.84,74.87,1008.72,0,0,MANUAL,1,1,1,
2026-09-25 20:23:51,A3-decay,4419000,29.09,88.69,1008.67,29.84,75.18,1008.65,0,0,MANUAL,1,1,1,
2026-09-25 20:23:52,A3-decay,4420000,29.09,89.05,1008.61,29.84,74.84,1008.60,0,0,MANUAL,1,1,1,
2026-09-25 20:23:53,A3-decay,4421000,29.10,88.81,1008.69,29.84,75.17,1008.71,0,0,MANUAL,1,1,1,
2026-09-25 20:23:54,A3-decay,4422000,29.09,88.75,1008.64,29.84,74.90,1008.71,0,0,MANUAL,1,1,1,
2026-09-25 20:23:55,A3-decay,4423000,29.07,88.67,1008.64,29.83,75.06,1008.70,0,0,MANUAL,1,1,1,
2026-09-25 20:23:56,A3-decay,4424000,29.09,88.97,1008.64,29.82,75.06,1008.66,0,0,MANUAL,1,1,1,
2026-09-25 20:23:57,A3-decay,4425000,29.05,88.80,1008.64,29.84,75.04,1008.65,0,0,MANUAL,1,1,1,
2026-09-25 20:23:58,A3-decay,4426000,29.06,88.69,1008.62,29.84,74.99,1008.65,0,0,MANUAL,1,1,1,
2026-09-25 20:23:59,A3-decay,4427000,29.05,88.93,1008.61,29.83,75.07,1008.64,0,0,MANUAL,1,1,1,
2026-09-25 20:24:00,A3-decay,4428000,29.06,88.89,1008.66,29.83,75.01,1008.69,0,0,MANUAL,1,1,1,
2026-09-25 20:24:01,A3-decay,4429000,29.08,89.08,1008.63,29.82,74.83,1008.65,0,0,MANUAL,1,1,1,
2026-09-25 20:24:02,A3-decay,4430000,29.09,89.08,1008.70,29.83,74.98,1008.62,0,0,MANUAL,1,1,1,
2026-09-25 20:24:03,A3-decay,4431000,29.07,88.64,1008.69,29.82,74.99,1008.68,0,0,MANUAL,1,1,1,
2026-09-25 20:24:04,A3-decay,4432000,29.08,89.20,1008.63,29.81,74.98,1008.63,0,0,MANUAL,1,1,1,
2026-09-25 20:24:05,A3-decay,4433000,29.06,88.76,1008.60,29.82,75.06,1008.68,0,0,MANUAL,1,1,1,
2026-09-25 20:24:06,A3-decay,4434000,29.07,89.01,1008.65,29.81,75.00,1008.66,0,0,MANUAL,1,1,1,
2026-09-25 20:24:07,A3-decay,4435000,29.08,88.91,1008.65,29.81,75.06,1008.66,0,0,MANUAL,1,1,1,
2026-09-25 20:24:08,A3-decay,4436000,29.09,88.81,1008.67,29.81,75.02,1008.66,0,0,MANUAL,1,1,1,
2026-09-25 20:24:09,A3-decay,4437000,29.08,89.12,1008.63,29.81,74.93,1008.66,0,0,MANUAL,1,1,1,
2026-09-25 20:24:10,A3-decay,4438000,29.09,89.08,1008.73,29.81,75.12,1008.70,0,0,MANUAL,1,1,1,
2026-09-25 20:24:11,A3-decay,4439000,29.07,89.00,1008.64,29.80,74.95,1008.65,0,0,MANUAL,1,1,1,
2026-09-25 20:24:12,A3-decay,4440000,29.06,88.80,1008.66,29.80,74.91,1008.71,0,0,MANUAL,1,1,1,
2026-09-25 20:24:13,A3-decay,4441000,29.09,88.65,1008.70,29.81,74.92,1008.66,0,0,MANUAL,1,1,1,
2026-09-25 20:24:14,A3-decay,4442000,29.08,88.81,1008.63,29.80,75.04,1008.70,0,0,MANUAL,1,1,1,
2026-09-25 20:24:15,A3-decay,4443000,29.09,88.59,1008.65,29.80,74.96,1008.62,0,0,MANUAL,1,1,1,
2026-09-25 20:24:16,A3-decay,4444000,29.09,88.48,1008.67,29.80,75.05,1008.76,0,0,MANUAL,1,1,1,
2026-09-25 20:24:17,A3-decay,4445000,29.06,88.90,1008.71,29.80,75.23,1008.67,0,0,MANUAL,1,1,1,
2026-09-25 20:24:18,A3-decay,4446000,29.07,88.86,1008.67,29.79,75.11,1008.68,0,0,MANUAL,1,1,1,
2026-09-25 20:24:19,A3-decay,4447000,29.09,88.63,1008.59,29.79,74.95,1008.63,0,0,MANUAL,1,1,1,
2026-09-25 20:24:20,A3-decay,4448000,29.09,88.98,1008.61,29.79,75.15,1008.68,0,0,MANUAL,1,1,1,
2026-09-25 20:24:21,A3-decay,4449000,29.09,88.60,1008.64,29.79,75.02,1008.66,0,0,MANUAL,1,1,1,
2026-09-25 20:24:22,A3-decay,4450000,29.09,88.99,1008.62,29.79,74.92,1008.63,0,0,MANUAL,1,1,1,
2026-09-25 20:24:23,A3-decay,4451000,29.09,88.97,1008.71,29.79,74.92,1008.68,0,0,MANUAL,1,1,1,
2026-09-25 20:24:24,A3-decay,4452000,29.08,88.96,1008.63,29.79,75.02,1008.68,0,0,MANUAL,1,1,1,
2026-09-25 20:24:25,A3-decay,4453000,29.08,88.86,1008.61,29.79,75.10,1008.68,0,0,MANUAL,1,1,1,
2026-09-25 20:24:26,A3-decay,4454000,29.09,89.01,1008.62,29.78,75.06,1008.61,0,0,MANUAL,1,1,1,
2026-09-25 20:24:27,A3-decay,4455000,29.09,88.53,1008.62,29.77,75.06,1008.66,0,0,MANUAL,1,1,1,
2026-09-25 20:24:28,A3-decay,4456000,29.09,89.11,1008.71,29.78,75.29,1008.73,0,0,MANUAL,1,1,1,
2026-09-25 20:24:29,A3-decay,4457000,29.10,88.90,1008.66,29.78,75.12,1008.70,0,0,MANUAL,1,1,1,
2026-09-25 20:24:30,A3-decay,4458000,29.09,89.00,1008.68,29.78,74.99,1008.64,0,0,MANUAL,1,1,1,
2026-09-25 20:24:31,A3-decay,4459000,29.09,89.06,1008.62,29.78,75.04,1008.67,0,0,MANUAL,1,1,1,
2026-09-25 20:24:32,A3-decay,4460000,29.09,88.96,1008.65,29.78,75.11,1008.61,0,0,MANUAL,1,1,1,
2026-09-25 20:24:33,A3-decay,4461000,29.10,88.79,1008.66,29.78,75.16,1008.72,0,0,MANUAL,1,1,1,
2026-09-25 20:24:34,A3-decay,4462000,29.11,89.00,1008.65,29.78,75.25,1008.64,0,0,MANUAL,1,1,1,
2026-09-25 20:24:35,A3-decay,4463000,29.06,88.59,1008.63,29.78,75.06,1008.70,0,0,MANUAL,1,1,1,
2026-09-25 20:24:36,A3-decay,4464000,29.08,88.95,1008.69,29.77,75.02,1008.71,0,0,MANUAL,1,1,1,
2026-09-25 20:24:37,A3-decay,4465000,29.09,88.59,1008.70,29.77,75.02,1008.62,0,0,MANUAL,1,1,1,
2026-09-25 20:24:38,A3-decay,4466000,29.07,88.94,1008.67,29.77,75.15,1008.71,0,0,MANUAL,1,1,1,
2026-09-25 20:24:39,A3-decay,4467000,29.07,88.76,1008.69,29.77,75.15,1008.66,0,0,MANUAL,1,1,1,
2026-09-25 20:24:40,A3-decay,4468000,29.08,88.97,1008.68,29.77,75.00,1008.66,0,0,MANUAL,1,1,1,
2026-09-25 20:24:41,A3-decay,4469000,29.08,88.99,1008.75,29.77,75.06,1008.71,0,0,MANUAL,1,1,1,
2026-09-25 20:24:42,A3-decay,4470000,29.08,88.67,1008.66,29.77,74.97,1008.71,0,0,MANUAL,1,1,1,
2026-09-25 20:24:43,A3-decay,4471000,29.08,88.82,1008.66,29.76,75.16,1008.70,0,0,MANUAL,1,1,1,
2026-09-25 20:24:44,A3-decay,4472000,29.08,88.58,1008.71,29.77,75.00,1008.73,0,0,MANUAL,1,1,1,
2026-09-25 20:24:45,A3-decay,4473000,29.09,88.55,1008.70,29.77,75.13,1008.62,0,0,MANUAL,1,1,1,
2026-09-25 20:24:46,A3-decay,4474000,29.08,89.01,1008.69,29.76,75.28,1008.66,0,0,MANUAL,1,1,1,
2026-09-25 20:24:47,A3-decay,4475000,29.09,89.00,1008.64,29.76,75.31,1008.75,0,0,MANUAL,1,1,1,
2026-09-25 20:24:47,A3-decay,4476000,29.09,88.80,1008.67,29.76,75.08,1008.64,0,0,MANUAL,1,1,1,
2026-09-25 20:24:49,A3-decay,4477000,29.09,88.59,1008.65,29.76,75.11,1008.66,0,0,MANUAL,1,1,1,
2026-09-25 20:24:50,A3-decay,4478000,29.09,88.81,1008.67,29.76,75.06,1008.75,0,0,MANUAL,1,1,1,
2026-09-25 20:24:51,A3-decay,4479000,29.09,88.77,1008.71,29.76,75.16,1008.72,0,0,MANUAL,1,1,1,
2026-09-25 20:24:52,A3-decay,4480000,29.09,88.81,1008.61,29.76,75.10,1008.69,0,0,MANUAL,1,1,1,
2026-09-25 20:24:53,A3-decay,4481000,29.09,89.05,1008.67,29.76,75.08,1008.70,0,0,MANUAL,1,1,1,
2026-09-25 20:24:54,A3-decay,4482000,29.09,88.60,1008.65,29.75,75.04,1008.63,0,0,MANUAL,1,1,1,
2026-09-25 20:24:54,A3-decay,4483000,29.09,88.88,1008.62,29.75,75.11,1008.63,0,0,MANUAL,1,1,1,
2026-09-25 20:24:55,A3-decay,4484000,29.10,88.50,1008.69,29.76,75.29,1008.61,0,0,MANUAL,1,1,1,
2026-09-25 20:24:57,A3-decay,4485000,29.10,88.67,1008.63,29.75,75.11,1008.68,0,0,MANUAL,1,1,1,
2026-09-25 20:24:58,A3-decay,4486000,29.09,88.63,1008.68,29.74,75.10,1008.72,0,0,MANUAL,1,1,1,
2026-09-25 20:24:59,A3-decay,4487000,29.10,88.70,1008.67,29.75,75.10,1008.71,0,0,MANUAL,1,1,1,
2026-09-25 20:25:00,A3-decay,4488000,29.10,88.65,1008.66,29.75,75.04,1008.77,0,0,MANUAL,1,1,1,
2026-09-25 20:25:01,A3-decay,4489000,29.09,88.86,1008.64,29.75,75.05,1008.71,0,0,MANUAL,1,1,1,
2026-09-25 20:25:02,A3-decay,4490000,29.10,88.78,1008.67,29.75,75.18,1008.71,0,0,MANUAL,1,1,1,
2026-09-25 20:25:03,A3-decay,4491000,29.09,88.65,1008.65,29.75,75.33,1008.63,0,0,MANUAL,1,1,1,
2026-09-25 20:25:04,A3-decay,4492000,29.10,89.06,1008.69,29.76,75.14,1008.75,0,0,MANUAL,1,1,1,
2026-09-25 20:25:05,A3-decay,4493000,29.10,88.56,1008.69,29.74,75.11,1008.63,0,0,MANUAL,1,1,1,
2026-09-25 20:25:06,A3-decay,4494000,29.11,88.64,1008.67,29.75,75.27,1008.71,0,0,MANUAL,1,1,1,
2026-09-25 20:25:07,A3-decay,4495000,29.10,88.97,1008.66,29.75,75.18,1008.62,0,0,MANUAL,1,1,1,
2026-09-25 20:25:08,A3-decay,4496000,29.11,89.10,1008.67,29.74,75.21,1008.66,0,0,MANUAL,1,1,1,
2026-09-25 20:25:09,A3-decay,4497000,29.11,88.99,1008.68,29.74,75.29,1008.67,0,0,MANUAL,1,1,1,
2026-09-25 20:25:10,A3-decay,4498000,29.10,88.93,1008.67,29.74,75.10,1008.69,0,0,MANUAL,1,1,1,
2026-09-25 20:25:11,A3-decay,4499000,29.10,88.41,1008.69,29.75,75.27,1008.73,0,0,MANUAL,1,1,1,
2026-09-25 20:25:12,A3-decay,4500000,29.10,88.68,1008.67,29.75,75.08,1008.74,0,0,MANUAL,1,1,1,
2026-09-25 20:25:13,A3-decay,4501000,29.10,88.90,1008.63,29.74,75.33,1008.67,0,0,MANUAL,1,1,1,
2026-09-25 20:25:14,A3-decay,4502000,29.09,88.75,1008.65,29.75,75.15,1008.68,0,0,MANUAL,1,1,1,
2026-09-25 20:25:15,A3-decay,4503000,29.08,88.51,1008.69,29.75,75.13,1008.65,0,0,MANUAL,1,1,1,
2026-09-25 20:25:15,A3-decay,4504000,29.09,88.84,1008.64,29.75,75.23,1008.68,0,0,MANUAL,1,1,1,
2026-09-25 20:25:17,A3-decay,4505000,29.10,88.39,1008.66,29.76,75.09,1008.66,0,0,MANUAL,1,1,1,
2026-09-25 20:25:18,A3-decay,4506000,29.09,88.70,1008.70,29.76,75.07,1008.75,0,0,MANUAL,1,1,1,
2026-09-25 20:25:19,A3-decay,4507000,29.08,88.75,1008.66,29.75,75.02,1008.67,0,0,MANUAL,1,1,1,
2026-09-25 20:25:20,A3-decay,4508000,29.10,88.54,1008.72,29.76,75.06,1008.69,0,0,MANUAL,1,1,1,
2026-09-25 20:25:21,A3-decay,4509000,29.10,88.60,1008.67,29.76,75.33,1008.66,0,0,MANUAL,1,1,1,
2026-09-25 20:25:22,A3-decay,4510000,29.09,88.71,1008.65,29.77,75.11,1008.68,0,0,MANUAL,1,1,1,
2026-09-25 20:25:23,A3-decay,4511000,29.10,88.97,1008.61,29.76,75.23,1008.66,0,0,MANUAL,1,1,1,
2026-09-25 20:25:24,A3-decay,4512000,29.09,88.96,1008.62,29.77,75.08,1008.71,0,0,MANUAL,1,1,1,
2026-09-25 20:25:25,A3-decay,4513000,29.08,88.82,1008.61,29.76,75.35,1008.70,0,0,MANUAL,1,1,1,
2026-09-25 20:25:26,A3-decay,4514000,29.10,88.97,1008.71,29.76,75.15,1008.70,0,0,MANUAL,1,1,1,
2026-09-25 20:25:27,A3-decay,4515000,29.09,88.84,1008.64,29.76,75.14,1008.70,0,0,MANUAL,1,1,1,
2026-09-25 20:25:28,A3-decay,4516000,29.06,88.83,1008.66,29.77,75.12,1008.71,0,0,MANUAL,1,1,1,
2026-09-25 20:25:28,A3-decay,4517000,29.08,88.89,1008.66,29.77,75.05,1008.71,0,0,MANUAL,1,1,1,
2026-09-25 20:25:30,A3-decay,4518000,29.10,88.77,1008.66,29.77,75.13,1008.73,0,0,MANUAL,1,1,1,
2026-09-25 20:25:31,A3-decay,4519000,29.09,88.75,1008.65,29.77,75.33,1008.65,0,0,MANUAL,1,1,1,
2026-09-25 20:25:32,A3-decay,4520000,29.09,88.76,1008.65,29.77,75.23,1008.65,0,0,MANUAL,1,1,1,
2026-09-25 20:25:33,A3-decay,4521000,29.09,88.52,1008.59,29.77,75.23,1008.63,0,0,MANUAL,1,1,1,
2026-09-25 20:25:34,A3-decay,4522000,29.09,88.38,1008.68,29.77,75.19,1008.60,0,0,MANUAL,1,1,1,
2026-09-25 20:25:35,A3-decay,4523000,29.10,88.70,1008.61,29.77,75.25,1008.66,0,0,MANUAL,1,1,1,
2026-09-25 20:25:36,A3-decay,4524000,29.09,88.54,1008.65,29.77,75.07,1008.69,0,0,MANUAL,1,1,1,
2026-09-25 20:25:37,A3-decay,4525000,29.10,88.52,1008.71,29.77,75.33,1008.65,0,0,MANUAL,1,1,1,
2026-09-25 20:25:38,A3-decay,4526000,29.08,88.49,1008.63,29.78,75.22,1008.68,0,0,MANUAL,1,1,1,
2026-09-25 20:25:39,A3-decay,4527000,29.07,88.78,1008.61,29.77,75.27,1008.65,0,0,MANUAL,1,1,1,
2026-09-25 20:25:40,A3-decay,4528000,29.10,88.64,1008.74,29.78,75.19,1008.68,0,0,MANUAL,1,1,1,
2026-09-25 20:25:41,A3-decay,4529000,29.09,88.65,1008.68,29.78,75.35,1008.70,0,0,MANUAL,1,1,1,
2026-09-25 20:25:42,A3-decay,4530000,29.10,88.43,1008.69,29.78,75.08,1008.72,0,0,MANUAL,1,1,1,
2026-09-25 20:25:43,A3-decay,4531000,29.07,88.79,1008.64,29.78,75.18,1008.70,0,0,MANUAL,1,1,1,
2026-09-25 20:25:44,A3-decay,4532000,29.08,89.03,1008.63,29.78,75.24,1008.70,0,0,MANUAL,1,1,1,
2026-09-25 20:25:45,A3-decay,4533000,29.09,88.71,1008.70,29.78,75.07,1008.68,0,0,MANUAL,1,1,1,
2026-09-25 20:25:46,A3-decay,4534000,29.09,88.82,1008.62,29.78,75.15,1008.65,0,0,MANUAL,1,1,1,
2026-09-25 20:25:47,A3-decay,4535000,29.10,88.62,1008.69,29.79,74.97,1008.74,0,0,MANUAL,1,1,1,
2026-09-25 20:25:48,A3-decay,4536000,29.09,88.43,1008.71,29.79,75.05,1008.63,0,0,MANUAL,1,1,1,
2026-09-25 20:25:49,A3-decay,4537000,29.10,88.46,1008.71,29.79,75.21,1008.69,0,0,MANUAL,1,1,1,
2026-09-25 20:25:50,A3-decay,4538000,29.10,88.53,1008.72,29.79,75.10,1008.68,0,0,MANUAL,1,1,1,
2026-09-25 20:25:51,A3-decay,4539000,29.09,88.64,1008.65,29.80,75.09,1008.75,0,0,MANUAL,1,1,1,
2026-09-25 20:25:52,A3-decay,4540000,29.10,88.52,1008.67,29.79,74.95,1008.71,0,0,MANUAL,1,1,1,
2026-09-25 20:25:53,A3-decay,4541000,29.10,88.45,1008.67,29.78,75.15,1008.70,0,0,MANUAL,1,1,1,
2026-09-25 20:25:54,A3-decay,4542000,29.11,88.48,1008.67,29.79,75.00,1008.66,0,0,MANUAL,1,1,1,
2026-09-25 20:25:55,A3-decay,4543000,29.10,88.63,1008.67,29.79,75.18,1008.72,0,0,MANUAL,1,1,1,
2026-09-25 20:25:56,A3-decay,4544000,29.11,88.53,1008.67,29.79,75.18,1008.71,0,0,MANUAL,1,1,1,
2026-09-25 20:25:57,A3-decay,4545000,29.09,88.42,1008.68,29.79,74.96,1008.72,0,0,MANUAL,1,1,1,
2026-09-25 20:25:57,A3-decay,4546000,29.10,88.47,1008.69,29.80,74.96,1008.75,0,0,MANUAL,1,1,1,
2026-09-25 20:25:59,A3-decay,4547000,29.10,88.58,1008.67,29.79,75.03,1008.68,0,0,MANUAL,1,1,1,
2026-09-25 20:26:00,A3-decay,4548000,29.10,88.79,1008.61,29.79,74.85,1008.68,0,0,MANUAL,1,1,1,
2026-09-25 20:26:01,A3-decay,4549000,29.10,88.79,1008.71,29.80,75.11,1008.70,0,0,MANUAL,1,1,1,
2026-09-25 20:26:02,A3-decay,4550000,29.11,88.99,1008.68,29.80,75.09,1008.64,0,0,MANUAL,1,1,1,
2026-09-25 20:26:03,A3-decay,4551000,29.11,88.48,1008.65,29.80,75.12,1008.70,0,0,MANUAL,1,1,1,
2026-09-25 20:26:04,A3-decay,4552000,29.11,88.85,1008.65,29.79,75.19,1008.66,0,0,MANUAL,1,1,1,
2026-09-25 20:26:05,A3-decay,4553000,29.10,88.79,1008.72,29.79,75.17,1008.68,0,0,MANUAL,1,1,1,
2026-09-25 20:26:06,A3-decay,4554000,29.12,88.70,1008.69,29.79,75.14,1008.72,0,0,MANUAL,1,1,1,
2026-09-25 20:26:07,A3-decay,4555000,29.11,88.77,1008.67,29.80,75.07,1008.76,0,0,MANUAL,1,1,1,
2026-09-25 20:26:08,A3-decay,4556000,29.09,88.43,1008.65,29.80,75.23,1008.68,0,0,MANUAL,1,1,1,
2026-09-25 20:26:09,A3-decay,4557000,29.09,88.58,1008.62,29.79,75.02,1008.66,0,0,MANUAL,1,1,1,
2026-09-25 20:26:10,A3-decay,4558000,29.09,88.36,1008.64,29.79,74.99,1008.64,0,0,MANUAL,1,1,1,
2026-09-25 20:26:11,A3-decay,4559000,29.09,89.05,1008.71,29.79,75.07,1008.72,0,0,MANUAL,1,1,1,
2026-09-25 20:26:12,A3-decay,4560000,29.08,88.50,1008.63,29.79,75.14,1008.63,0,0,MANUAL,1,1,1,
2026-09-25 20:26:13,A3-decay,4561000,29.08,88.40,1008.69,29.79,74.95,1008.71,0,0,MANUAL,1,1,1,
2026-09-25 20:26:14,A3-decay,4562000,29.09,88.52,1008.68,29.79,75.05,1008.69,0,0,MANUAL,1,1,1,
2026-09-25 20:26:15,A3-decay,4563000,29.09,89.02,1008.65,29.80,74.98,1008.73,0,0,MANUAL,1,1,1,
2026-09-25 20:26:16,A3-decay,4564000,29.10,88.64,1008.72,29.80,74.96,1008.70,0,0,MANUAL,1,1,1,
2026-09-25 20:26:17,A3-decay,4565000,29.10,88.82,1008.66,29.80,75.13,1008.65,0,0,MANUAL,1,1,1,
2026-09-25 20:26:18,A3-decay,4566000,29.10,88.87,1008.69,29.79,75.07,1008.64,0,0,MANUAL,1,1,1,
2026-09-25 20:26:19,A3-decay,4567000,29.10,88.44,1008.71,29.80,75.28,1008.68,0,0,MANUAL,1,1,1,
2026-09-25 20:26:20,A3-decay,4568000,29.09,88.82,1008.67,29.80,75.07,1008.70,0,0,MANUAL,1,1,1,
2026-09-25 20:26:21,A3-decay,4569000,29.10,88.44,1008.66,29.80,74.99,1008.70,0,0,MANUAL,1,1,1,
2026-09-25 20:26:22,A3-decay,4570000,29.10,88.67,1008.67,29.79,75.14,1008.66,0,0,MANUAL,1,1,1,
2026-09-25 20:26:23,A3-decay,4571000,29.10,88.76,1008.66,29.79,75.23,1008.64,0,0,MANUAL,1,1,1,
2026-09-25 20:26:24,A3-decay,4572000,29.09,88.62,1008.65,29.80,75.17,1008.68,0,0,MANUAL,1,1,1,
2026-09-25 20:26:25,A3-decay,4573000,29.09,88.78,1008.64,29.80,75.28,1008.70,0,0,MANUAL,1,1,1,
2026-09-25 20:26:26,A3-decay,4574000,29.09,88.72,1008.70,29.80,75.25,1008.70,0,0,MANUAL,1,1,1,
2026-09-25 20:26:27,A3-decay,4575000,29.09,88.83,1008.76,29.80,75.05,1008.70,0,0,MANUAL,1,1,1,
2026-09-25 20:26:28,A3-decay,4576000,29.10,88.72,1008.63,29.80,75.11,1008.67,0,0,MANUAL,1,1,1,
2026-09-25 20:26:29,A3-decay,4577000,29.09,88.60,1008.70,29.80,74.96,1008.64,0,0,MANUAL,1,1,1,
2026-09-25 20:26:30,A3-decay,4578000,29.08,88.75,1008.58,29.80,75.04,1008.65,0,0,MANUAL,1,1,1,
2026-09-25 20:26:31,A3-decay,4579000,29.08,88.45,1008.66,29.79,75.21,1008.72,0,0,MANUAL,1,1,1,
2026-09-25 20:26:31,A3-decay,4580000,29.09,88.60,1008.70,29.80,75.13,1008.71,0,0,MANUAL,1,1,1,
2026-09-25 20:26:33,A3-decay,4581000,29.09,88.43,1008.65,29.80,75.26,1008.70,0,0,MANUAL,1,1,1,
2026-09-25 20:26:34,A3-decay,4582000,29.10,88.63,1008.63,29.80,75.17,1008.75,0,0,MANUAL,1,1,1,
2026-09-25 20:26:35,A3-decay,4583000,29.09,88.42,1008.64,29.80,75.07,1008.67,0,0,MANUAL,1,1,1,
2026-09-25 20:26:36,A3-decay,4584000,29.10,88.89,1008.64,29.79,75.14,1008.64,0,0,MANUAL,1,1,1,
2026-09-25 20:26:37,A3-decay,4585000,29.09,88.77,1008.65,29.80,75.03,1008.70,0,0,MANUAL,1,1,1,
2026-09-25 20:26:38,A3-decay,4586000,29.09,88.77,1008.68,29.80,75.22,1008.73,0,0,MANUAL,1,1,1,
2026-09-25 20:26:39,A3-decay,4587000,29.10,88.46,1008.72,29.80,75.01,1008.67,0,0,MANUAL,1,1,1,
2026-09-25 20:26:40,A3-decay,4588000,29.09,88.46,1008.62,29.80,75.04,1008.67,0,0,MANUAL,1,1,1,
2026-09-25 20:26:41,A3-decay,4589000,29.09,88.90,1008.68,29.80,75.11,1008.70,0,0,MANUAL,1,1,1,
2026-09-25 20:26:42,A3-decay,4590000,29.10,88.66,1008.69,29.80,75.14,1008.70,0,0,MANUAL,1,1,1,
2026-09-25 20:26:43,A3-decay,4591000,29.10,88.99,1008.67,29.80,75.28,1008.67,0,0,MANUAL,1,1,1,
2026-09-25 20:26:44,A3-decay,4592000,29.11,88.54,1008.68,29.80,75.03,1008.67,0,0,MANUAL,1,1,1,
2026-09-25 20:26:44,A3-decay,4593000,29.10,88.48,1008.67,29.80,74.96,1008.64,0,0,MANUAL,1,1,1,
2026-09-25 20:26:46,A3-decay,4594000,29.10,89.05,1008.72,29.80,75.01,1008.67,0,0,MANUAL,1,1,1,
2026-09-25 20:26:47,A3-decay,4595000,29.11,88.88,1008.70,29.79,75.09,1008.69,0,0,MANUAL,1,1,1,
2026-09-25 20:26:48,A3-decay,4596000,29.09,88.80,1008.68,29.79,75.26,1008.66,0,0,MANUAL,1,1,1,
2026-09-25 20:26:49,A3-decay,4597000,29.09,88.73,1008.65,29.79,75.08,1008.64,0,0,MANUAL,1,1,1,
2026-09-25 20:26:50,A3-decay,4598000,29.10,88.75,1008.67,29.80,75.01,1008.67,0,0,MANUAL,1,1,1,
2026-09-25 20:26:51,A3-decay,4599000,29.10,89.00,1008.69,29.79,75.02,1008.68,0,0,MANUAL,1,1,1,
2026-09-25 20:26:52,A3-decay,4600000,29.09,88.80,1008.62,29.79,74.86,1008.72,0,0,MANUAL,1,1,1,
2026-09-25 20:26:53,A3-decay,4601000,29.09,88.69,1008.65,29.80,75.16,1008.64,0,0,MANUAL,1,1,1,
2026-09-25 20:26:54,A3-decay,4602000,29.10,88.96,1008.69,29.80,74.99,1008.67,0,0,MANUAL,1,1,1,
2026-09-25 20:26:55,A3-decay,4603000,29.10,88.42,1008.69,29.79,74.90,1008.71,0,0,MANUAL,1,1,1,
2026-09-25 20:26:56,A3-decay,4604000,29.10,88.50,1008.67,29.79,75.04,1008.68,0,0,MANUAL,1,1,1,
2026-09-25 20:26:57,A3-decay,4605000,29.10,88.43,1008.66,29.80,75.27,1008.70,0,0,MANUAL,1,1,1,
2026-09-25 20:26:57,A3-decay,4606000,29.09,88.89,1008.65,29.80,75.08,1008.73,0,0,MANUAL,1,1,1,
2026-09-25 20:26:58,A3-decay,4607000,29.09,88.50,1008.65,29.79,75.21,1008.63,0,0,MANUAL,1,1,1,
2026-09-25 20:27:00,A3-decay,4608000,29.10,88.82,1008.63,29.79,75.27,1008.66,0,0,MANUAL,1,1,1,
2026-09-25 20:27:01,A3-decay,4609000,29.10,88.67,1008.64,29.79,75.01,1008.68,0,0,MANUAL,1,1,1,
2026-09-25 20:27:02,A3-decay,4610000,29.10,89.11,1008.61,29.80,75.12,1008.70,0,0,MANUAL,1,1,1,
2026-09-25 20:27:03,A3-decay,4611000,29.11,88.51,1008.68,29.78,75.23,1008.73,0,0,MANUAL,1,1,1,
2026-09-25 20:27:04,A3-decay,4612000,29.09,88.69,1008.67,29.79,75.13,1008.68,0,0,MANUAL,1,1,1,
2026-09-25 20:27:05,A3-decay,4613000,29.09,88.63,1008.65,29.79,75.22,1008.68,0,0,MANUAL,1,1,1,
2026-09-25 20:27:06,A3-decay,4614000,29.11,88.88,1008.68,29.78,75.23,1008.73,0,0,MANUAL,1,1,1,
2026-09-25 20:27:07,A3-decay,4615000,29.11,88.79,1008.70,29.79,75.00,1008.74,0,0,MANUAL,1,1,1,
2026-09-25 20:27:08,A3-decay,4616000,29.11,88.30,1008.63,29.79,75.19,1008.68,0,0,MANUAL,1,1,1,
2026-09-25 20:27:09,A3-decay,4617000,29.10,89.01,1008.69,29.79,75.10,1008.68,0,0,MANUAL,1,1,1,
2026-09-25 20:27:10,A3-decay,4618000,29.11,88.88,1008.68,29.79,75.28,1008.68,0,0,MANUAL,1,1,1,
2026-09-25 20:27:11,A3-decay,4619000,29.12,88.87,1008.72,29.79,75.04,1008.68,0,0,MANUAL,1,1,1,
2026-09-25 20:27:12,A3-decay,4620000,29.11,88.67,1008.71,29.79,75.29,1008.52,0,0,MANUAL,1,1,1,
2026-09-25 20:27:13,A3-decay,4621000,29.12,89.08,1008.72,29.79,75.04,1008.68,0,0,MANUAL,1,1,1,
2026-09-25 20:27:14,A3-decay,4622000,29.11,88.61,1008.70,29.79,75.04,1008.64,0,0,MANUAL,1,1,1,
2026-09-25 20:27:15,A3-decay,4623000,29.11,88.56,1008.77,29.80,75.16,1008.70,0,0,MANUAL,1,1,1,
2026-09-25 20:27:16,A3-decay,4624000,29.11,88.25,1008.65,29.80,75.02,1008.67,0,0,MANUAL,1,1,1,
2026-09-25 20:27:17,A3-decay,4625000,29.11,88.94,1008.67,29.79,75.00,1008.71,0,0,MANUAL,1,1,1,
2026-09-25 20:27:18,A3-decay,4626000,29.10,89.02,1008.69,29.79,74.97,1008.68,0,0,MANUAL,1,1,1,
2026-09-25 20:27:18,A3-decay,4627000,29.09,88.51,1008.65,29.79,75.03,1008.66,0,0,MANUAL,1,1,1,
2026-09-25 20:27:20,A3-decay,4628000,29.10,88.90,1008.69,29.78,75.24,1008.73,0,0,MANUAL,1,1,1,
2026-09-25 20:27:21,A3-decay,4629000,29.10,89.07,1008.71,29.79,75.00,1008.74,0,0,MANUAL,1,1,1,
2026-09-25 20:27:22,A3-decay,4630000,29.09,88.63,1008.68,29.79,75.17,1008.69,0,0,MANUAL,1,1,1,
2026-09-25 20:27:23,A3-decay,4631000,29.10,89.01,1008.69,29.78,75.21,1008.67,0,0,MANUAL,1,1,1,
2026-09-25 20:27:24,A3-decay,4632000,29.08,88.82,1008.65,29.79,75.05,1008.74,0,0,MANUAL,1,1,1,
2026-09-25 20:27:25,A3-decay,4633000,29.08,88.84,1008.66,29.79,75.01,1008.71,0,0,MANUAL,1,1,1,
2026-09-25 20:27:26,A3-decay,4634000,29.08,88.27,1008.61,29.78,75.12,1008.70,0,0,MANUAL,1,1,1,
2026-09-25 20:27:27,A3-decay,4635000,29.09,88.99,1008.71,29.78,74.93,1008.68,0,0,MANUAL,1,1,1,
2026-09-25 20:27:28,A3-decay,4636000,29.10,88.79,1008.69,29.78,75.12,1008.67,0,0,MANUAL,1,1,1,
2026-09-25 20:27:29,A3-decay,4637000,29.09,88.80,1008.68,29.78,75.05,1008.68,0,0,MANUAL,1,1,1,
2026-09-25 20:27:30,A3-decay,4638000,29.09,88.51,1008.71,29.78,75.06,1008.70,0,0,MANUAL,1,1,1,
2026-09-25 20:27:31,A3-decay,4639000,29.10,88.89,1008.67,29.78,75.13,1008.72,0,0,MANUAL,1,1,1,
2026-09-25 20:27:31,A3-decay,4640000,29.11,88.58,1008.70,29.79,75.26,1008.71,0,0,MANUAL,1,1,1,
2026-09-25 20:27:33,A3-decay,4641000,29.10,88.65,1008.64,29.78,75.07,1008.70,0,0,MANUAL,1,1,1,
2026-09-25 20:27:34,A3-decay,4642000,29.10,88.46,1008.71,29.78,74.96,1008.67,0,0,MANUAL,1,1,1,
2026-09-25 20:27:35,A3-decay,4643000,29.10,88.45,1008.72,29.77,75.08,1008.69,0,0,MANUAL,1,1,1,
2026-09-25 20:27:36,A3-decay,4644000,29.09,88.73,1008.70,29.78,75.21,1008.67,0,0,MANUAL,1,1,1,
2026-09-25 20:27:37,A3-decay,4645000,29.09,88.68,1008.65,29.78,75.11,1008.68,0,0,MANUAL,1,1,1,
2026-09-25 20:27:38,A3-decay,4646000,29.10,88.90,1008.72,29.77,75.13,1008.69,0,0,MANUAL,1,1,1,
2026-09-25 20:27:39,A3-decay,4647000,29.09,88.58,1008.62,29.77,75.06,1008.68,0,0,MANUAL,1,1,1,
2026-09-25 20:27:40,A3-decay,4648000,29.08,88.37,1008.75,29.76,75.24,1008.64,0,0,MANUAL,1,1,1,
2026-09-25 20:27:41,A3-decay,4649000,29.07,88.69,1008.64,29.77,75.22,1008.71,0,0,MANUAL,1,1,1,
2026-09-25 20:27:42,A3-decay,4650000,29.06,88.10,1008.69,29.76,75.10,1008.67,0,0,MANUAL,1,1,1,
2026-09-25 20:27:43,A3-decay,4651000,29.05,88.24,1008.61,29.77,75.08,1008.68,0,0,MANUAL,1,1,1,
2026-09-25 20:27:44,A3-decay,4652000,29.06,88.67,1008.68,29.76,75.01,1008.69,0,0,MANUAL,1,1,1,
2026-09-25 20:27:44,A3-decay,4653000,29.07,88.62,1008.67,29.77,74.84,1008.69,0,0,MANUAL,1,1,1,
2026-09-25 20:27:46,A3-decay,4654000,29.06,88.08,1008.73,29.77,74.84,1008.73,0,0,MANUAL,1,1,1,
2026-09-25 20:27:47,A3-decay,4655000,29.05,88.42,1008.66,29.76,74.86,1008.70,0,0,MANUAL,1,1,1,
2026-09-25 20:27:48,A3-decay,4656000,29.07,88.03,1008.69,29.76,75.16,1008.69,0,0,MANUAL,1,1,1,
2026-09-25 20:27:49,A3-decay,4657000,29.07,88.37,1008.62,29.75,75.16,1008.68,0,0,MANUAL,1,1,1,
2026-09-25 20:27:50,A3-decay,4658000,29.06,88.62,1008.66,29.76,75.04,1008.70,0,0,MANUAL,1,1,1,
2026-09-25 20:27:51,A3-decay,4659000,29.07,88.70,1008.67,29.75,75.26,1008.68,0,0,MANUAL,1,1,1,
2026-09-25 20:27:52,A3-decay,4660000,29.08,88.02,1008.75,29.76,75.27,1008.72,0,0,MANUAL,1,1,1,
2026-09-25 20:27:53,A3-decay,4661000,29.08,88.50,1008.66,29.75,75.00,1008.74,0,0,MANUAL,1,1,1,
2026-09-25 20:27:54,A3-decay,4662000,29.08,88.32,1008.66,29.76,74.96,1008.72,0,0,MANUAL,1,1,1,
2026-09-25 20:27:55,A3-decay,4663000,29.09,88.02,1008.73,29.75,75.05,1008.74,0,0,MANUAL,1,1,1,
2026-09-25 20:27:56,A3-decay,4664000,29.09,88.32,1008.70,29.76,74.93,1008.75,0,0,MANUAL,1,1,1,
2026-09-25 20:27:57,A3-decay,4665000,29.09,88.51,1008.68,29.76,74.98,1008.67,0,0,MANUAL,1,1,1,
2026-09-25 20:27:58,A3-decay,4666000,29.09,88.33,1008.70,29.75,75.00,1008.65,0,0,MANUAL,1,1,1,
2026-09-25 20:27:59,A3-decay,4667000,29.09,88.90,1008.70,29.75,75.05,1008.67,0,0,MANUAL,1,1,1,
2026-09-25 20:28:00,A3-decay,4668000,29.08,88.54,1008.69,29.75,75.32,1008.65,0,0,MANUAL,1,1,1,
2026-09-25 20:28:01,A3-decay,4669000,29.09,88.48,1008.73,29.76,75.05,1008.69,0,0,MANUAL,1,1,1,
2026-09-25 20:28:02,A3-decay,4670000,29.10,88.46,1008.69,29.75,75.15,1008.67,0,0,MANUAL,1,1,1,
2026-09-25 20:28:03,A3-decay,4671000,29.08,88.61,1008.63,29.76,75.04,1008.72,0,0,MANUAL,1,1,1,
2026-09-25 20:28:04,A3-decay,4672000,29.09,88.30,1008.67,29.75,75.04,1008.74,0,0,MANUAL,1,1,1,
2026-09-25 20:28:05,A3-decay,4673000,29.09,88.17,1008.73,29.75,75.05,1008.73,0,0,MANUAL,1,1,1,
2026-09-25 20:28:06,A3-decay,4674000,29.09,88.35,1008.61,29.75,75.14,1008.71,0,0,MANUAL,1,1,1,
2026-09-25 20:28:07,A3-decay,4675000,29.09,88.41,1008.67,29.75,74.99,1008.70,0,0,MANUAL,1,1,1,
2026-09-25 20:28:08,A3-decay,4676000,29.09,88.42,1008.70,29.75,75.05,1008.63,0,0,MANUAL,1,1,1,
2026-09-25 20:28:09,A3-decay,4677000,29.09,88.67,1008.64,29.75,75.19,1008.71,0,0,MANUAL,1,1,1,
2026-09-25 20:28:10,A3-decay,4678000,29.08,88.62,1008.69,29.76,75.10,1008.67,0,0,MANUAL,1,1,1,
2026-09-25 20:28:11,A3-decay,4679000,29.07,88.75,1008.69,29.76,75.24,1008.73,0,0,MANUAL,1,1,1,
2026-09-25 20:28:12,A3-decay,4680000,29.08,88.57,1008.69,29.76,74.96,1008.64,0,0,MANUAL,1,1,1,
2026-09-25 20:28:12,A3-decay,4681000,29.08,88.64,1008.69,29.77,75.15,1008.76,0,0,MANUAL,1,1,1,
2026-09-25 20:28:14,A3-decay,4682000,29.08,88.27,1008.63,29.76,75.04,1008.66,0,0,MANUAL,1,1,1,
2026-09-25 20:28:15,A3-decay,4683000,29.09,88.73,1008.70,29.76,75.15,1008.66,0,0,MANUAL,1,1,1,
2026-09-25 20:28:16,A3-decay,4684000,29.08,88.27,1008.63,29.77,75.02,1008.71,0,0,MANUAL,1,1,1,
2026-09-25 20:28:17,A3-decay,4685000,29.08,88.44,1008.68,29.76,75.20,1008.69,0,0,MANUAL,1,1,1,
2026-09-25 20:28:18,A3-decay,4686000,29.08,88.21,1008.61,29.76,75.06,1008.70,0,0,MANUAL,1,1,1,
2026-09-25 20:28:19,A3-decay,4687000,29.09,88.45,1008.75,29.76,75.20,1008.69,0,0,MANUAL,1,1,1,
2026-09-25 20:28:19,A3-decay,4688000,29.09,88.16,1008.64,29.76,75.11,1008.72,0,0,MANUAL,1,1,1,
2026-09-25 20:28:20,A3-decay,4689000,29.09,88.46,1008.71,29.77,75.10,1008.76,0,0,MANUAL,1,1,1,
2026-09-25 20:28:22,A3-decay,4690000,29.09,88.46,1008.59,29.76,75.06,1008.69,0,0,MANUAL,1,1,1,
2026-09-25 20:28:23,A3-decay,4691000,29.09,88.40,1008.70,29.77,75.12,1008.71,0,0,MANUAL,1,1,1,
2026-09-25 20:28:24,A3-decay,4692000,29.08,88.31,1008.63,29.76,75.31,1008.75,0,0,MANUAL,1,1,1,
2026-09-25 20:28:25,A3-decay,4693000,29.09,88.81,1008.73,29.77,75.08,1008.71,0,0,MANUAL,1,1,1,
2026-09-25 20:28:26,A3-decay,4694000,29.08,88.26,1008.69,29.78,75.15,1008.70,0,0,MANUAL,1,1,1,
2026-09-25 20:28:27,A3-decay,4695000,29.10,88.23,1008.69,29.77,75.06,1008.66,0,0,MANUAL,1,1,1,
2026-09-25 20:28:28,A3-decay,4696000,29.10,88.35,1008.67,29.78,75.11,1008.67,0,0,MANUAL,1,1,1,
2026-09-25 20:28:29,A3-decay,4697000,29.10,88.21,1008.60,29.77,75.27,1008.71,0,0,MANUAL,1,1,1,
2026-09-25 20:28:30,A3-decay,4698000,29.09,88.63,1008.68,29.78,75.04,1008.75,0,0,MANUAL,1,1,1,
2026-09-25 20:28:31,A3-decay,4699000,29.10,88.63,1008.66,29.78,75.06,1008.73,0,0,MANUAL,1,1,1,
2026-09-25 20:28:32,A3-decay,4700000,29.09,88.76,1008.73,29.77,75.23,1008.71,0,0,MANUAL,1,1,1,
2026-09-25 20:28:33,A3-decay,4701000,29.10,88.29,1008.75,29.79,75.09,1008.68,0,0,MANUAL,1,1,1,
2026-09-25 20:28:34,A3-decay,4702000,29.09,88.24,1008.65,29.78,75.06,1008.68,0,0,MANUAL,1,1,1,
2026-09-25 20:28:35,A3-decay,4703000,29.09,88.31,1008.71,29.79,75.13,1008.74,0,0,MANUAL,1,1,1,
2026-09-25 20:28:36,A3-decay,4704000,29.08,88.68,1008.69,29.78,74.94,1008.76,0,0,MANUAL,1,1,1,
2026-09-25 20:28:37,A3-decay,4705000,29.08,88.44,1008.75,29.78,75.18,1008.73,0,0,MANUAL,1,1,1,
2026-09-25 20:28:38,A3-decay,4706000,29.07,88.60,1008.73,29.79,75.21,1008.68,0,0,MANUAL,1,1,1,
2026-09-25 20:28:39,A3-decay,4707000,29.07,88.59,1008.69,29.79,74.96,1008.77,0,0,MANUAL,1,1,1,
2026-09-25 20:28:40,A3-decay,4708000,29.08,88.11,1008.68,29.78,75.06,1008.73,0,0,MANUAL,1,1,1,
2026-09-25 20:28:40,A3-decay,4709000,29.08,88.32,1008.68,29.78,75.18,1008.79,0,0,MANUAL,1,1,1,
2026-09-25 20:28:42,A3-decay,4710000,29.09,88.25,1008.71,29.79,75.13,1008.79,0,0,MANUAL,1,1,1,
2026-09-25 20:28:43,A3-decay,4711000,29.07,88.13,1008.65,29.78,74.97,1008.72,0,0,MANUAL,1,1,1,
2026-09-25 20:28:44,A3-decay,4712000,29.08,87.91,1008.63,29.78,75.00,1008.72,0,0,MANUAL,1,1,1,
2026-09-25 20:28:45,A3-decay,4713000,29.08,88.37,1008.69,29.78,75.29,1008.75,0,0,MANUAL,1,1,1,
2026-09-25 20:28:46,A3-decay,4714000,29.09,87.95,1008.73,29.78,75.23,1008.72,0,0,MANUAL,1,1,1,
2026-09-25 20:28:47,A3-decay,4715000,29.09,88.48,1008.68,29.78,75.00,1008.72,0,0,MANUAL,1,1,1,
2026-09-25 20:28:48,A3-decay,4716000,29.08,88.28,1008.66,29.78,75.25,1008.67,0,0,MANUAL,1,1,1,
2026-09-25 20:28:49,A3-decay,4717000,29.08,88.68,1008.63,29.78,75.03,1008.78,0,0,MANUAL,1,1,1,
2026-09-25 20:28:50,A3-decay,4718000,29.07,88.52,1008.64,29.77,75.23,1008.71,0,0,MANUAL,1,1,1,
2026-09-25 20:28:51,A3-decay,4719000,29.09,88.24,1008.73,29.78,75.13,1008.72,0,0,MANUAL,1,1,1,
2026-09-25 20:28:52,A3-decay,4720000,29.06,88.66,1008.63,29.78,74.98,1008.67,0,0,MANUAL,1,1,1,
2026-09-25 20:28:53,A3-decay,4721000,29.08,88.51,1008.66,29.78,75.20,1008.68,0,0,MANUAL,1,1,1,
2026-09-25 20:28:54,A3-decay,4722000,29.08,88.52,1008.69,29.78,74.97,1008.75,0,0,MANUAL,1,1,1,
2026-09-25 20:28:55,A3-decay,4723000,29.07,88.52,1008.67,29.78,75.14,1008.72,0,0,MANUAL,1,1,1,
2026-09-25 20:28:56,A3-decay,4724000,29.08,88.07,1008.69,29.78,75.28,1008.73,0,0,MANUAL,1,1,1,
2026-09-25 20:28:57,A3-decay,4725000,29.09,88.49,1008.70,29.79,75.18,1008.74,0,0,MANUAL,1,1,1,
2026-09-25 20:28:58,A3-decay,4726000,29.09,88.71,1008.73,29.78,75.23,1008.68,0,0,MANUAL,1,1,1,
2026-09-25 20:28:59,A3-decay,4727000,29.09,88.15,1008.68,29.79,75.28,1008.77,0,0,MANUAL,1,1,1,
2026-09-25 20:29:00,A3-decay,4728000,29.09,87.95,1008.68,29.79,74.91,1008.71,0,0,MANUAL,1,1,1,
2026-09-25 20:29:01,A3-decay,4729000,29.10,88.58,1008.71,29.79,74.94,1008.68,0,0,MANUAL,1,1,1,
2026-09-25 20:29:01,A3-decay,4730000,29.09,88.22,1008.68,29.79,75.04,1008.74,0,0,MANUAL,1,1,1,
2026-09-25 20:29:03,A3-decay,4731000,29.09,88.21,1008.73,29.79,75.14,1008.74,0,0,MANUAL,1,1,1,
2026-09-25 20:29:04,A3-decay,4732000,29.09,88.12,1008.65,29.79,75.06,1008.74,0,0,MANUAL,1,1,1,
2026-09-25 20:29:05,A3-decay,4733000,29.10,88.10,1008.71,29.79,75.05,1008.71,0,0,MANUAL,1,1,1,
2026-09-25 20:29:06,A3-decay,4734000,29.10,88.19,1008.71,29.79,75.08,1008.74,0,0,MANUAL,1,1,1,
2026-09-25 20:29:07,A3-decay,4735000,29.09,88.09,1008.71,29.79,74.87,1008.74,0,0,MANUAL,1,1,1,
2026-09-25 20:29:08,A3-decay,4736000,29.09,88.77,1008.71,29.80,74.71,1008.70,0,0,MANUAL,1,1,1,
2026-09-25 20:29:09,A3-decay,4737000,29.10,87.91,1008.71,29.79,75.12,1008.71,0,0,MANUAL,1,1,1,
2026-09-25 20:29:10,A3-decay,4738000,29.09,88.72,1008.67,29.80,75.08,1008.70,0,0,MANUAL,1,1,1,
2026-09-25 20:29:11,A3-decay,4739000,29.10,87.94,1008.72,29.79,75.17,1008.71,0,0,MANUAL,1,1,1,
2026-09-25 20:29:12,A3-decay,4740000,29.11,88.69,1008.67,29.78,74.91,1008.70,0,0,MANUAL,1,1,1,
2026-09-25 20:29:13,A3-decay,4741000,29.10,87.95,1008.67,29.80,75.07,1008.73,0,0,MANUAL,1,1,1,
2026-09-25 20:29:14,A3-decay,4742000,29.10,88.18,1008.69,29.81,74.94,1008.69,0,0,MANUAL,1,1,1,
2026-09-25 20:29:14,A3-decay,4743000,29.10,88.00,1008.72,29.80,75.19,1008.76,0,0,MANUAL,1,1,1,
2026-09-25 20:29:16,A3-decay,4744000,29.10,88.34,1008.71,29.80,75.25,1008.71,0,0,MANUAL,1,1,1,
2026-09-25 20:29:17,A3-decay,4745000,29.10,88.44,1008.71,29.80,75.31,1008.75,0,0,MANUAL,1,1,1,
2026-09-25 20:29:18,A3-decay,4746000,29.09,88.12,1008.71,29.80,75.20,1008.68,0,0,MANUAL,1,1,1,
2026-09-25 20:29:19,A3-decay,4747000,29.10,88.38,1008.69,29.81,75.14,1008.70,0,0,MANUAL,1,1,1,
2026-09-25 20:29:20,A3-decay,4748000,29.10,88.15,1008.66,29.80,75.04,1008.73,0,0,MANUAL,1,1,1,
2026-09-25 20:29:21,A3-decay,4749000,29.08,88.58,1008.69,29.81,75.11,1008.77,0,0,MANUAL,1,1,1,
2026-09-25 20:29:22,A3-decay,4750000,29.10,88.21,1008.74,29.80,75.00,1008.65,0,0,MANUAL,1,1,1,
2026-09-25 20:29:23,A3-decay,4751000,29.10,88.10,1008.71,29.81,74.99,1008.69,0,0,MANUAL,1,1,1,
2026-09-25 20:29:24,A3-decay,4752000,29.09,88.70,1008.71,29.80,75.21,1008.71,0,0,MANUAL,1,1,1,
2026-09-25 20:29:25,A3-decay,4753000,29.10,88.20,1008.75,29.80,75.05,1008.68,0,0,MANUAL,1,1,1,
2026-09-25 20:29:26,A3-decay,4754000,29.10,88.45,1008.78,29.80,75.02,1008.73,0,0,MANUAL,1,1,1,
2026-09-25 20:29:27,A3-decay,4755000,29.10,88.29,1008.66,29.81,74.93,1008.72,0,0,MANUAL,1,1,1,
2026-09-25 20:29:28,A3-decay,4756000,29.11,88.01,1008.70,29.81,75.08,1008.74,0,0,MANUAL,1,1,1,
2026-09-25 20:29:29,A3-decay,4757000,29.08,88.74,1008.68,29.80,75.17,1008.71,0,0,MANUAL,1,1,1,
2026-09-25 20:29:30,A3-decay,4758000,29.09,88.16,1008.67,29.81,74.89,1008.75,0,0,MANUAL,1,1,1,
2026-09-25 20:29:31,A3-decay,4759000,29.10,88.17,1008.67,29.80,75.07,1008.70,0,0,MANUAL,1,1,1,
2026-09-25 20:29:32,A3-decay,4760000,29.12,88.51,1008.72,29.80,74.98,1008.79,0,0,MANUAL,1,1,1,
2026-09-25 20:29:33,A3-decay,4761000,29.10,88.06,1008.72,29.80,75.12,1008.74,0,0,MANUAL,1,1,1,
2026-09-25 20:29:34,A3-decay,4762000,29.10,88.56,1008.72,29.80,74.89,1008.76,0,0,MANUAL,1,1,1,
2026-09-25 20:29:34,A3-decay,4763000,29.10,88.11,1008.71,29.80,75.14,1008.71,0,0,MANUAL,1,1,1,
2026-09-25 20:29:36,A3-decay,4764000,29.08,88.22,1008.72,29.80,75.25,1008.70,0,0,MANUAL,1,1,1,
2026-09-25 20:29:37,A3-decay,4765000,29.09,88.43,1008.73,29.81,75.03,1008.74,0,0,MANUAL,1,1,1,
2026-09-25 20:29:38,A3-decay,4766000,29.09,88.60,1008.73,29.80,75.12,1008.76,0,0,MANUAL,1,1,1,
2026-09-25 20:29:39,A3-decay,4767000,29.10,88.46,1008.71,29.80,75.02,1008.75,0,0,MANUAL,1,1,1,
2026-09-25 20:29:40,A3-decay,4768000,29.09,87.84,1008.71,29.79,75.14,1008.75,0,0,MANUAL,1,1,1,
2026-09-25 20:29:41,A3-decay,4769000,29.09,88.40,1008.70,29.80,75.11,1008.70,0,0,MANUAL,1,1,1,
2026-09-25 20:29:42,A3-decay,4770000,29.10,88.12,1008.72,29.79,74.88,1008.71,0,0,MANUAL,1,1,1,
2026-09-25 20:29:42,A3-decay,4771000,29.10,88.29,1008.71,29.79,74.86,1008.79,0,0,MANUAL,1,1,1,
2026-09-25 20:29:44,A3-decay,4772000,29.09,88.41,1008.71,29.79,74.90,1008.72,0,0,MANUAL,1,1,1,
2026-09-25 20:29:45,A3-decay,4773000,29.08,88.13,1008.63,29.78,74.85,1008.70,0,0,MANUAL,1,1,1,
2026-09-25 20:29:46,A3-decay,4774000,29.10,87.90,1008.72,29.78,74.99,1008.72,0,0,MANUAL,1,1,1,
2026-09-25 20:29:47,A3-decay,4775000,29.11,88.05,1008.67,29.78,75.00,1008.70,0,0,MANUAL,1,1,1,
2026-09-25 20:29:48,A3-decay,4776000,29.11,87.95,1008.73,29.77,74.90,1008.74,0,0,MANUAL,1,1,1,
2026-09-25 20:29:49,A3-decay,4777000,29.11,88.29,1008.74,29.78,75.06,1008.83,0,0,MANUAL,1,1,1,
2026-09-25 20:29:50,A3-decay,4778000,29.11,88.27,1008.77,29.76,74.94,1008.73,0,0,MANUAL,1,1,1,
2026-09-25 20:29:51,A3-decay,4779000,29.11,88.42,1008.74,29.76,74.88,1008.78,0,0,MANUAL,1,1,1,
2026-09-25 20:29:52,A3-decay,4780000,29.13,88.06,1008.78,29.76,75.11,1008.72,0,0,MANUAL,1,1,1,
2026-09-25 20:29:53,A3-decay,4781000,29.11,88.54,1008.68,29.76,74.73,1008.70,0,0,MANUAL,1,1,1,
2026-09-25 20:29:54,A3-decay,4782000,29.11,87.97,1008.67,29.76,75.16,1008.73,0,0,MANUAL,1,1,1,
2026-09-25 20:29:55,A3-decay,4783000,29.11,88.62,1008.71,29.77,74.83,1008.76,0,0,MANUAL,1,1,1,
2026-09-25 20:29:56,A3-decay,4784000,29.10,88.12,1008.67,29.76,74.97,1008.72,0,0,MANUAL,1,1,1,
2026-09-25 20:29:57,A3-decay,4785000,29.11,88.35,1008.74,29.76,75.08,1008.77,0,0,MANUAL,1,1,1,
2026-09-25 20:29:58,A3-decay,4786000,29.11,88.13,1008.71,29.76,75.08,1008.75,0,0,MANUAL,1,1,1,
2026-09-25 20:29:59,A3-decay,4787000,29.10,88.52,1008.78,29.75,75.20,1008.73,0,0,MANUAL,1,1,1,
2026-09-25 20:30:00,A3-decay,4788000,29.11,88.13,1008.73,29.76,75.24,1008.75,0,0,MANUAL,1,1,1,
2026-09-25 20:30:01,A3-decay,4789000,29.10,88.43,1008.78,29.76,75.02,1008.80,0,0,MANUAL,1,1,1,
2026-09-25 20:30:02,A3-decay,4790000,29.09,88.04,1008.71,29.74,74.97,1008.69,0,0,MANUAL,1,1,1,
2026-09-25 20:30:02,A3-decay,4791000,29.09,88.47,1008.73,29.76,75.05,1008.77,0,0,MANUAL,1,1,1,
2026-09-25 20:30:04,A3-decay,4792000,29.09,88.47,1008.73,29.76,75.01,1008.75,0,0,MANUAL,1,1,1,
2026-09-25 20:30:05,A3-decay,4793000,29.09,88.36,1008.71,29.75,75.00,1008.74,0,0,MANUAL,1,1,1,
2026-09-25 20:30:06,A3-decay,4794000,29.10,88.31,1008.78,29.76,75.25,1008.72,0,0,MANUAL,1,1,1,
2026-09-25 20:30:07,A3-decay,4795000,29.09,88.40,1008.79,29.75,75.00,1008.70,0,0,MANUAL,1,1,1,
2026-09-25 20:30:08,A3-decay,4796000,29.09,88.05,1008.71,29.76,75.16,1008.75,0,0,MANUAL,1,1,1,
2026-09-25 20:30:09,A3-decay,4797000,29.09,88.53,1008.76,29.75,75.01,1008.76,0,0,MANUAL,1,1,1,
2026-09-25 20:30:09,A3-decay,4798000,29.09,88.27,1008.71,29.75,74.98,1008.76,0,0,MANUAL,1,1,1,
2026-09-25 20:30:11,A3-decay,4799000,29.10,88.36,1008.72,29.75,74.96,1008.70,0,0,MANUAL,1,1,1,
2026-09-25 20:30:12,A3-decay,4800000,29.09,88.51,1008.75,29.74,74.84,1008.75,0,0,MANUAL,1,1,1,
2026-09-25 20:30:13,A3-decay,4801000,29.09,88.30,1008.76,29.75,75.17,1008.79,0,0,MANUAL,1,1,1,
2026-09-25 20:30:14,A3-decay,4802000,29.10,88.21,1008.71,29.75,75.04,1008.79,0,0,MANUAL,1,1,1,
2026-09-25 20:30:15,A3-decay,4803000,29.10,88.48,1008.75,29.74,75.15,1008.74,0,0,MANUAL,1,1,1,
2026-09-25 20:30:16,A3-decay,4804000,29.10,87.96,1008.71,29.75,75.05,1008.79,0,0,MANUAL,1,1,1,
2026-09-25 20:30:17,A3-decay,4805000,29.11,88.61,1008.77,29.75,75.07,1008.77,0,0,MANUAL,1,1,1,
2026-09-25 20:30:18,A3-decay,4806000,29.11,87.85,1008.70,29.75,75.13,1008.82,0,0,MANUAL,1,1,1,
2026-09-25 20:30:19,A3-decay,4807000,29.10,88.28,1008.77,29.75,75.00,1008.79,0,0,MANUAL,1,1,1,
2026-09-25 20:30:20,A3-decay,4808000,29.10,88.40,1008.75,29.75,74.99,1008.81,0,0,MANUAL,1,1,1,
2026-09-25 20:30:21,A3-decay,4809000,29.10,88.46,1008.75,29.75,75.06,1008.79,0,0,MANUAL,1,1,1,
2026-09-25 20:30:22,A3-decay,4810000,29.10,88.42,1008.74,29.74,75.14,1008.78,0,0,MANUAL,1,1,1,
2026-09-25 20:30:22,A3-decay,4811000,29.10,88.35,1008.69,29.74,74.91,1008.80,0,0,MANUAL,1,1,1,
2026-09-25 20:30:24,A3-decay,4812000,29.10,88.05,1008.74,29.74,74.99,1008.82,0,0,MANUAL,1,1,1,
2026-09-25 20:30:25,A3-decay,4813000,29.10,88.41,1008.78,29.74,75.02,1008.80,0,0,MANUAL,1,1,1,
2026-09-25 20:30:26,A3-decay,4814000,29.10,88.56,1008.72,29.74,74.91,1008.80,0,0,MANUAL,1,1,1,
2026-09-25 20:30:27,A3-decay,4815000,29.10,88.08,1008.72,29.74,74.90,1008.78,0,0,MANUAL,1,1,1,
2026-09-25 20:30:28,A3-decay,4816000,29.11,88.21,1008.82,29.74,74.97,1008.77,0,0,MANUAL,1,1,1,
2026-09-25 20:30:29,A3-decay,4817000,29.10,88.38,1008.81,29.74,74.97,1008.80,0,0,MANUAL,1,1,1,
2026-09-25 20:30:30,A3-decay,4818000,29.10,88.28,1008.72,29.73,75.19,1008.82,0,0,MANUAL,1,1,1,
2026-09-25 20:30:31,A3-decay,4819000,29.10,88.18,1008.72,29.72,75.01,1008.83,0,0,MANUAL,1,1,1,
2026-09-25 20:30:32,A3-decay,4820000,29.10,88.67,1008.72,29.73,74.94,1008.79,0,0,MANUAL,1,1,1,
2026-09-25 20:30:33,A3-decay,4821000,29.11,88.49,1008.77,29.73,74.86,1008.82,0,0,MANUAL,1,1,1,
2026-09-25 20:30:34,A3-decay,4822000,29.11,88.21,1008.79,29.73,75.00,1008.78,0,0,MANUAL,1,1,1,
2026-09-25 20:30:35,A3-decay,4823000,29.11,87.90,1008.73,29.73,74.93,1008.78,0,0,MANUAL,1,1,1,
2026-09-25 20:30:36,A3-decay,4824000,29.11,88.32,1008.79,29.73,74.96,1008.78,0,0,MANUAL,1,1,1,
2026-09-25 20:30:37,A3-decay,4825000,29.10,88.12,1008.72,29.73,75.02,1008.86,0,0,MANUAL,1,1,1,
2026-09-25 20:30:38,A3-decay,4826000,29.10,88.18,1008.74,29.73,75.04,1008.75,0,0,MANUAL,1,1,1,
2026-09-25 20:30:39,A3-decay,4827000,29.11,88.49,1008.73,29.73,75.08,1008.78,0,0,MANUAL,1,1,1,
2026-09-25 20:30:39,end,,,,,,,,,,,,,,mode OFF
2026-09-25 20:30:39,end,,,,,,,,,,,,,,"S,mode=OFF,lo=75.0,hi=90.0,max=300,cool=180,man=600,use=A,period=1,in=ok,out=ok,tank=ok,mistA=0,mistB=0"
2026-09-25 20:30:40,end,4828000,29.11,88.48,1008.80,29.73,75.30,1008.79,0,0,OFF,1,1,1,
2026-09-25 20:30:41,end,4829000,29.11,88.19,1008.77,29.72,74.82,1008.80,0,0,OFF,1,1,1,
