pc_time,phase,ms,t_in,rh_in,p_in,t_out,rh_out,p_out,mistA,mistB,mode,in_ok,out_ok,tank_ok,event
2026-09-27 20:03:04,idle,,,,,,,,,,,,,,"S,mode=OFF,lo=75.0,hi=90.0,max=300,cool=180,man=400,use=A,period=1,in=ok,out=ok,tank=ok,mistA=0,mistB=0"
2026-09-27 20:03:04,idle,,,,,,,,,,,,,,mode MANUAL
2026-09-27 20:03:04,idle,495000,31.30,69.31,1005.05,31.67,69.17,1004.77,0,0,MANUAL,1,1,1,
2026-09-27 20:03:04,idle,,,,,,,,,,,,,,"MARK  session 3 restart 20:0x: box dry, lid ON with 4 cm gap, water added"
2026-09-27 20:03:05,idle,496000,31.29,69.29,1005.01,31.66,68.93,1004.70,0,0,MANUAL,1,1,1,
2026-09-27 20:03:06,idle,497000,31.30,69.41,1005.08,31.67,68.78,1004.77,0,0,MANUAL,1,1,1,
2026-09-27 20:03:06,brain,,,,,,,,,,,,,,MARK  brain block start
2026-09-27 20:03:07,brain,498000,31.30,69.46,1005.08,31.66,69.15,1004.73,0,0,MANUAL,1,1,1,
2026-09-27 20:03:07,brain,,,,,,,,,,,,,,mist A=1 B=0 (manual)
2026-09-27 20:03:08,brain,499000,31.29,69.55,1005.04,31.66,68.78,1004.73,1,0,MANUAL,1,1,1,
2026-09-27 20:03:09,brain,500000,31.30,69.62,1005.05,31.66,68.90,1004.73,1,0,MANUAL,1,1,1,
2026-09-27 20:03:10,brain,501000,31.30,69.38,1004.96,31.66,69.00,1004.76,1,0,MANUAL,1,1,1,
2026-09-27 20:03:11,brain,502000,31.30,69.33,1004.96,31.66,68.86,1004.73,1,0,MANUAL,1,1,1,
2026-09-27 20:03:12,brain,503000,31.30,69.25,1005.02,31.66,68.70,1004.75,1,0,MANUAL,1,1,1,
2026-09-27 20:03:13,brain,504000,31.29,69.34,1005.01,31.66,68.79,1004.76,1,0,MANUAL,1,1,1,
2026-09-27 20:03:14,brain,505000,31.29,69.35,1005.01,31.66,68.72,1004.76,1,0,MANUAL,1,1,1,
2026-09-27 20:03:15,brain,506000,31.29,69.28,1005.04,31.66,68.64,1004.76,1,0,MANUAL,1,1,1,
2026-09-27 20:03:16,brain,507000,31.30,69.33,1005.03,31.66,68.82,1004.79,1,0,MANUAL,1,1,1,
2026-09-27 20:03:17,brain,508000,31.29,69.32,1005.01,31.66,68.99,1004.79,1,0,MANUAL,1,1,1,
2026-09-27 20:03:18,brain,509000,31.30,69.31,1005.06,31.67,68.71,1004.77,1,0,MANUAL,1,1,1,
2026-09-27 20:03:19,brain,510000,31.29,69.28,1004.98,31.66,68.69,1004.73,1,0,MANUAL,1,1,1,
2026-09-27 20:03:20,brain,511000,31.30,69.30,1005.08,31.67,68.73,1004.77,1,0,MANUAL,1,1,1,
2026-09-27 20:03:21,brain,512000,31.29,69.33,1005.07,31.66,68.79,1004.79,1,0,MANUAL,1,1,1,
2026-09-27 20:03:22,brain,513000,31.30,69.20,1005.08,31.67,68.77,1004.77,1,0,MANUAL,1,1,1,
2026-09-27 20:03:23,brain,514000,31.29,69.20,1005.03,31.66,68.67,1004.75,1,0,MANUAL,1,1,1,
2026-09-27 20:03:24,brain,515000,31.29,69.69,1005.00,31.66,68.81,1004.72,1,0,MANUAL,1,1,1,
2026-09-27 20:03:25,brain,516000,31.29,69.70,1005.07,31.66,68.86,1004.70,1,0,MANUAL,1,1,1,
2026-09-27 20:03:26,brain,517000,31.29,69.51,1004.97,31.66,68.82,1004.69,1,0,MANUAL,1,1,1,
2026-09-27 20:03:27,brain,518000,31.30,69.62,1005.02,31.67,68.70,1004.80,1,0,MANUAL,1,1,1,
2026-09-27 20:03:28,brain,519000,31.30,69.66,1005.06,31.67,68.63,1004.72,1,0,MANUAL,1,1,1,
2026-09-27 20:03:29,brain,520000,31.30,70.39,1005.08,31.68,68.77,1004.84,1,0,MANUAL,1,1,1,
2026-09-27 20:03:30,brain,521000,31.30,70.47,1005.08,31.67,68.72,1004.80,1,0,MANUAL,1,1,1,
2026-09-27 20:03:31,brain,522000,31.30,70.31,1005.02,31.67,68.64,1004.77,1,0,MANUAL,1,1,1,
2026-09-27 20:03:32,brain,523000,31.29,70.43,1005.04,31.66,68.68,1004.79,1,0,MANUAL,1,1,1,
2026-09-27 20:03:33,brain,524000,31.29,70.84,1005.06,31.67,68.61,1004.77,1,0,MANUAL,1,1,1,
2026-09-27 20:03:34,brain,525000,31.29,71.14,1005.06,31.66,68.74,1004.76,1,0,MANUAL,1,1,1,
2026-09-27 20:03:35,brain,526000,31.27,72.74,1005.03,31.67,68.69,1004.77,1,0,MANUAL,1,1,1,
2026-09-27 20:03:36,brain,527000,31.26,73.96,1005.04,31.67,68.78,1004.79,1,0,MANUAL,1,1,1,
2026-09-27 20:03:37,brain,528000,31.23,72.21,1005.03,31.66,68.65,1004.73,1,0,MANUAL,1,1,1,
2026-09-27 20:03:38,brain,529000,31.23,71.58,1005.05,31.66,69.17,1004.76,1,0,MANUAL,1,1,1,
2026-09-27 20:03:39,brain,530000,31.21,72.92,1005.05,31.66,68.79,1004.76,1,0,MANUAL,1,1,1,
2026-09-27 20:03:40,brain,531000,31.18,72.61,1005.05,31.67,68.70,1004.72,1,0,MANUAL,1,1,1,
2026-09-27 20:03:41,brain,532000,31.16,71.91,1005.11,31.67,68.60,1004.77,1,0,MANUAL,1,1,1,
2026-09-27 20:03:42,brain,533000,31.14,73.83,1005.02,31.66,68.79,1004.76,1,0,MANUAL,1,1,1,
2026-09-27 20:03:43,brain,534000,31.13,74.91,1005.01,31.66,68.73,1004.76,1,0,MANUAL,1,1,1,
2026-09-27 20:03:44,brain,535000,31.10,74.90,1005.04,31.66,68.79,1004.76,1,0,MANUAL,1,1,1,
2026-09-27 20:03:45,brain,536000,31.08,74.16,1005.04,31.66,68.65,1004.76,1,0,MANUAL,1,1,1,
2026-09-27 20:03:46,brain,537000,31.07,72.49,1005.08,31.67,68.76,1004.79,1,0,MANUAL,1,1,1,
2026-09-27 20:03:47,brain,538000,31.06,71.69,1005.06,31.66,68.80,1004.75,1,0,MANUAL,1,1,1,
2026-09-27 20:03:48,brain,539000,31.05,71.87,1005.07,31.66,68.82,1004.79,1,0,MANUAL,1,1,1,
2026-09-27 20:03:49,brain,540000,31.05,71.86,1005.02,31.67,68.79,1004.77,1,0,MANUAL,1,1,1,
2026-09-27 20:03:50,brain,541000,31.05,71.77,1005.05,31.66,68.81,1004.75,1,0,MANUAL,1,1,1,
2026-09-27 20:03:51,brain,542000,31.05,72.14,1005.07,31.66,68.79,1004.76,1,0,MANUAL,1,1,1,
2026-09-27 20:03:52,brain,543000,31.05,71.29,1005.05,31.66,68.88,1004.79,1,0,MANUAL,1,1,1,
2026-09-27 20:03:53,brain,544000,31.05,71.63,1005.05,31.66,68.97,1004.76,1,0,MANUAL,1,1,1,
2026-09-27 20:03:54,brain,545000,31.05,71.74,1004.96,31.66,68.79,1004.76,1,0,MANUAL,1,1,1,
2026-09-27 20:03:55,brain,546000,31.02,72.39,1005.02,31.66,68.83,1004.75,1,0,MANUAL,1,1,1,
2026-09-27 20:03:56,brain,547000,31.03,71.88,1005.06,31.66,68.87,1004.72,1,0,MANUAL,1,1,1,
2026-09-27 20:03:57,brain,548000,31.03,72.24,1005.03,31.66,68.82,1004.78,1,0,MANUAL,1,1,1,
2026-09-27 20:03:58,brain,549000,31.01,71.83,1005.07,31.66,68.79,1004.73,1,0,MANUAL,1,1,1,
2026-09-27 20:03:59,brain,550000,31.01,71.64,1005.07,31.66,68.71,1004.81,1,0,MANUAL,1,1,1,
2026-09-27 20:04:00,brain,551000,31.01,71.17,1005.09,31.67,68.70,1004.68,1,0,MANUAL,1,1,1,
2026-09-27 20:04:01,brain,552000,31.01,71.64,1005.01,31.67,68.64,1004.77,1,0,MANUAL,1,1,1,
2026-09-27 20:04:02,brain,553000,31.02,70.93,1005.02,31.66,68.79,1004.76,1,0,MANUAL,1,1,1,
2026-09-27 20:04:03,brain,554000,31.02,70.92,1005.02,31.67,68.77,1004.74,1,0,MANUAL,1,1,1,
2026-09-27 20:04:04,brain,555000,30.99,72.95,1005.03,31.67,68.78,1004.80,1,0,MANUAL,1,1,1,
2026-09-27 20:04:05,brain,556000,30.98,75.64,1005.09,31.67,68.65,1004.79,1,0,MANUAL,1,1,1,
2026-09-27 20:04:06,brain,557000,30.97,76.96,1005.03,31.66,68.91,1004.70,1,0,MANUAL,1,1,1,
2026-09-27 20:04:07,brain,558000,30.92,75.58,1005.03,31.67,68.78,1004.77,1,0,MANUAL,1,1,1,
2026-09-27 20:04:08,brain,559000,30.92,73.29,1004.99,31.66,68.73,1004.70,1,0,MANUAL,1,1,1,
2026-09-27 20:04:09,brain,560000,30.92,72.96,1005.03,31.67,68.95,1004.77,1,0,MANUAL,1,1,1,
2026-09-27 20:04:10,brain,561000,30.90,72.56,1004.98,31.65,68.81,1004.74,1,0,MANUAL,1,1,1,
2026-09-27 20:04:11,brain,562000,30.90,72.32,1004.94,31.66,68.79,1004.79,1,0,MANUAL,1,1,1,
2026-09-27 20:04:12,brain,563000,30.90,72.67,1005.01,31.66,68.79,1004.75,1,0,MANUAL,1,1,1,
2026-09-27 20:04:13,brain,564000,30.89,72.38,1005.04,31.67,68.76,1004.77,1,0,MANUAL,1,1,1,
2026-09-27 20:04:14,brain,565000,30.90,72.41,1005.09,31.67,68.80,1004.71,1,0,MANUAL,1,1,1,
2026-09-27 20:04:15,brain,566000,30.89,72.30,1005.01,31.66,68.80,1004.78,1,0,MANUAL,1,1,1,
2026-09-27 20:04:16,brain,567000,30.88,71.79,1005.00,31.66,68.86,1004.70,1,0,MANUAL,1,1,1,
2026-09-27 20:04:17,brain,568000,30.89,73.59,1005.04,31.66,68.65,1004.73,1,0,MANUAL,1,1,1,
2026-09-27 20:04:18,brain,569000,30.87,75.30,1005.01,31.67,68.71,1004.77,1,0,MANUAL,1,1,1,
2026-09-27 20:04:19,brain,570000,30.81,75.98,1005.00,31.67,68.90,1004.77,1,0,MANUAL,1,1,1,
2026-09-27 20:04:20,brain,571000,30.80,73.75,1005.02,31.66,68.74,1004.81,1,0,MANUAL,1,1,1,
2026-09-27 20:04:21,brain,572000,30.80,75.41,1005.02,31.66,68.73,1004.78,1,0,MANUAL,1,1,1,
2026-09-27 20:04:22,brain,573000,30.78,76.34,1005.06,31.66,68.80,1004.81,1,0,MANUAL,1,1,1,
2026-09-27 20:04:23,brain,574000,30.76,73.87,1004.97,31.66,68.66,1004.75,1,0,MANUAL,1,1,1,
2026-09-27 20:04:24,brain,575000,30.75,73.44,1005.02,31.67,68.80,1004.79,1,0,MANUAL,1,1,1,
2026-09-27 20:04:25,brain,576000,30.77,72.98,1005.07,31.66,68.75,1004.75,1,0,MANUAL,1,1,1,
2026-09-27 20:04:26,brain,577000,30.76,73.14,1005.04,31.67,68.86,1004.80,1,0,MANUAL,1,1,1,
2026-09-27 20:04:27,brain,578000,30.76,72.70,1005.00,31.66,68.76,1004.79,1,0,MANUAL,1,1,1,
2026-09-27 20:04:28,brain,579000,30.74,74.96,1004.97,31.67,68.85,1004.77,1,0,MANUAL,1,1,1,
2026-09-27 20:04:29,brain,580000,30.72,76.09,1005.00,31.67,69.25,1004.82,1,0,MANUAL,1,1,1,
2026-09-27 20:04:30,brain,581000,30.70,77.45,1005.02,31.66,68.81,1004.79,1,0,MANUAL,1,1,1,
2026-09-27 20:04:31,brain,582000,30.67,76.99,1005.02,31.66,68.88,1004.79,1,0,MANUAL,1,1,1,
2026-09-27 20:04:32,brain,583000,30.65,77.47,1004.97,31.66,68.86,1004.76,1,0,MANUAL,1,1,1,
2026-09-27 20:04:33,brain,584000,30.63,78.49,1005.02,31.66,68.81,1004.81,1,0,MANUAL,1,1,1,
2026-09-27 20:04:34,brain,585000,30.60,79.06,1005.02,31.68,68.72,1004.76,1,0,MANUAL,1,1,1,
2026-09-27 20:04:35,brain,586000,30.56,76.71,1005.02,31.67,68.80,1004.77,1,0,MANUAL,1,1,1,
2026-09-27 20:04:36,brain,587000,30.56,75.66,1005.05,31.67,68.79,1004.77,1,0,MANUAL,1,1,1,
2026-09-27 20:04:37,brain,588000,30.54,75.72,1004.99,31.66,68.99,1004.75,1,0,MANUAL,1,1,1,
2026-09-27 20:04:38,brain,589000,30.53,75.84,1005.09,31.67,68.80,1004.77,1,0,MANUAL,1,1,1,
2026-09-27 20:04:39,brain,590000,30.53,74.80,1005.06,31.67,68.76,1004.79,1,0,MANUAL,1,1,1,
2026-09-27 20:04:40,brain,591000,30.53,74.16,1005.00,31.66,68.94,1004.73,1,0,MANUAL,1,1,1,
2026-09-27 20:04:41,brain,592000,30.54,73.90,1005.06,31.67,68.99,1004.82,1,0,MANUAL,1,1,1,
2026-09-27 20:04:42,brain,593000,30.53,73.22,1005.01,31.67,68.87,1004.79,1,0,MANUAL,1,1,1,
2026-09-27 20:04:43,brain,594000,30.55,72.80,1005.01,31.66,68.93,1004.84,1,0,MANUAL,1,1,1,
2026-09-27 20:04:44,brain,595000,30.54,74.62,1004.99,31.66,68.82,1004.81,1,0,MANUAL,1,1,1,
2026-09-27 20:04:45,brain,596000,30.54,73.88,1005.02,31.66,68.92,1004.72,1,0,MANUAL,1,1,1,
2026-09-27 20:04:46,brain,597000,30.53,73.72,1004.98,31.67,68.83,1004.80,1,0,MANUAL,1,1,1,
2026-09-27 20:04:47,brain,598000,30.53,75.56,1005.06,31.67,69.02,1004.77,1,0,MANUAL,1,1,1,
2026-09-27 20:04:48,brain,599000,30.52,74.88,1005.04,31.67,68.80,1004.79,1,0,MANUAL,1,1,1,
2026-09-27 20:04:49,brain,600000,30.50,75.77,1005.01,31.66,68.88,1004.76,1,0,MANUAL,1,1,1,
2026-09-27 20:04:50,brain,601000,30.50,76.33,1005.07,31.66,68.75,1004.81,1,0,MANUAL,1,1,1,
2026-09-27 20:04:51,brain,602000,30.48,75.74,1004.98,31.66,68.91,1004.79,1,0,MANUAL,1,1,1,
2026-09-27 20:04:52,brain,603000,30.50,74.47,1005.10,31.67,68.76,1004.79,1,0,MANUAL,1,1,1,
2026-09-27 20:04:53,brain,604000,30.49,74.87,1005.03,31.66,68.73,1004.81,1,0,MANUAL,1,1,1,
2026-09-27 20:04:54,brain,605000,30.46,76.37,1005.04,31.66,68.77,1004.75,1,0,MANUAL,1,1,1,
2026-09-27 20:04:55,brain,606000,30.46,76.72,1005.01,31.67,68.71,1004.82,1,0,MANUAL,1,1,1,
2026-09-27 20:04:56,brain,607000,30.43,76.21,1004.99,31.66,68.81,1004.72,1,0,MANUAL,1,1,1,
2026-09-27 20:04:57,brain,608000,30.43,75.42,1004.98,31.66,68.68,1004.76,1,0,MANUAL,1,1,1,
2026-09-27 20:04:58,brain,609000,30.41,77.30,1005.13,31.66,68.78,1004.79,1,0,MANUAL,1,1,1,
2026-09-27 20:04:59,brain,610000,30.40,75.44,1005.02,31.66,68.67,1004.78,1,0,MANUAL,1,1,1,
2026-09-27 20:05:00,brain,611000,30.40,76.80,1005.02,31.66,68.69,1004.76,1,0,MANUAL,1,1,1,
2026-09-27 20:05:01,brain,612000,30.40,77.45,1005.10,31.66,68.80,1004.78,1,0,MANUAL,1,1,1,
2026-09-27 20:05:02,brain,613000,30.38,77.32,1004.97,31.67,68.81,1004.82,1,0,MANUAL,1,1,1,
2026-09-27 20:05:03,brain,614000,30.35,75.85,1005.11,31.66,68.67,1004.81,1,0,MANUAL,1,1,1,
2026-09-27 20:05:04,brain,615000,30.35,76.22,1005.05,31.65,68.71,1004.83,1,0,MANUAL,1,1,1,
2026-09-27 20:05:05,brain,616000,30.33,77.29,1005.03,31.65,68.76,1004.82,1,0,MANUAL,1,1,1,
2026-09-27 20:05:06,brain,617000,30.31,76.69,1005.04,31.65,68.78,1004.79,1,0,MANUAL,1,1,1,
2026-09-27 20:05:07,brain,618000,30.30,77.70,1005.05,31.64,68.72,1004.75,1,0,MANUAL,1,1,1,
2026-09-27 20:05:08,brain,619000,30.28,78.04,1005.09,31.65,68.85,1004.76,1,0,MANUAL,1,1,1,
2026-09-27 20:05:09,brain,620000,30.27,78.07,1005.06,31.65,68.88,1004.83,1,0,MANUAL,1,1,1,
2026-09-27 20:05:09,brain,,,,,,,,,,,,,,mist A=0 B=0 (manual)
2026-09-27 20:05:10,brain,621000,30.25,77.93,1005.09,31.65,68.96,1004.74,0,0,MANUAL,1,1,1,
2026-09-27 20:05:11,brain,622000,30.23,77.65,1005.06,31.65,68.82,1004.84,0,0,MANUAL,1,1,1,
2026-09-27 20:05:12,brain,623000,30.23,77.60,1005.01,31.65,68.87,1004.85,0,0,MANUAL,1,1,1,
2026-09-27 20:05:13,brain,624000,30.22,76.28,1005.10,31.65,68.80,1004.82,0,0,MANUAL,1,1,1,
2026-09-27 20:05:14,brain,625000,30.22,77.68,1005.07,31.64,68.75,1004.78,0,0,MANUAL,1,1,1,
2026-09-27 20:05:15,brain,626000,30.19,78.07,1005.03,31.65,68.75,1004.85,0,0,MANUAL,1,1,1,
2026-09-27 20:05:16,brain,627000,30.18,77.80,1004.99,31.65,68.81,1004.74,0,0,MANUAL,1,1,1,
2026-09-27 20:05:17,brain,628000,30.19,77.58,1005.05,31.66,68.80,1004.84,0,0,MANUAL,1,1,1,
2026-09-27 20:05:18,brain,629000,30.20,75.57,1005.02,31.66,68.80,1004.81,0,0,MANUAL,1,1,1,
2026-09-27 20:05:19,brain,630000,30.21,74.85,1005.06,31.66,68.79,1004.89,0,0,MANUAL,1,1,1,
2026-09-27 20:05:20,brain,631000,30.23,75.79,1005.03,31.66,68.75,1004.83,0,0,MANUAL,1,1,1,
2026-09-27 20:05:21,brain,632000,30.23,74.83,1005.09,31.66,68.73,1004.84,0,0,MANUAL,1,1,1,
2026-09-27 20:05:22,brain,633000,30.25,74.79,1005.07,31.66,68.73,1004.78,0,0,MANUAL,1,1,1,
2026-09-27 20:05:23,brain,634000,30.27,74.25,1005.06,31.66,68.69,1004.81,0,0,MANUAL,1,1,1,
2026-09-27 20:05:24,brain,635000,30.29,73.99,1005.07,31.66,68.81,1004.81,0,0,MANUAL,1,1,1,
2026-09-27 20:05:25,brain,636000,30.32,73.62,1005.04,31.67,68.88,1004.82,0,0,MANUAL,1,1,1,
2026-09-27 20:05:26,brain,637000,30.33,73.51,1005.05,31.67,68.68,1004.77,0,0,MANUAL,1,1,1,
2026-09-27 20:05:27,brain,638000,30.34,73.50,1005.06,31.66,68.59,1004.79,0,0,MANUAL,1,1,1,
2026-09-27 20:05:28,brain,639000,30.35,72.94,1004.97,31.66,68.64,1004.81,0,0,MANUAL,1,1,1,
2026-09-27 20:05:29,brain,640000,30.38,73.15,1005.05,31.66,68.67,1004.81,0,0,MANUAL,1,1,1,
2026-09-27 20:05:30,brain,641000,30.39,74.08,1005.03,31.66,68.61,1004.79,0,0,MANUAL,1,1,1,
2026-09-27 20:05:31,brain,642000,30.40,74.94,1004.99,31.67,68.81,1004.83,0,0,MANUAL,1,1,1,
2026-09-27 20:05:32,brain,643000,30.41,74.89,1005.13,31.66,68.71,1004.76,0,0,MANUAL,1,1,1,
2026-09-27 20:05:33,brain,644000,30.43,74.94,1005.02,31.66,69.03,1004.81,0,0,MANUAL,1,1,1,
2026-09-27 20:05:34,brain,645000,30.44,75.15,1005.11,31.67,68.64,1004.82,0,0,MANUAL,1,1,1,
2026-09-27 20:05:35,brain,646000,30.44,75.33,1005.03,31.66,68.78,1004.78,0,0,MANUAL,1,1,1,
2026-09-27 20:05:36,brain,647000,30.46,76.34,1005.03,31.66,68.87,1004.81,0,0,MANUAL,1,1,1,
2026-09-27 20:05:37,brain,648000,30.46,74.59,1005.10,31.66,68.78,1004.81,0,0,MANUAL,1,1,1,
2026-09-27 20:05:38,brain,649000,30.48,74.79,1005.06,31.66,69.13,1004.79,0,0,MANUAL,1,1,1,
2026-09-27 20:05:39,brain,650000,30.49,74.61,1004.99,31.66,68.82,1004.79,0,0,MANUAL,1,1,1,
2026-09-27 20:05:40,brain,651000,30.49,74.37,1005.02,31.66,68.78,1004.81,0,0,MANUAL,1,1,1,
2026-09-27 20:05:41,brain,652000,30.50,73.40,1005.05,31.66,68.84,1004.75,0,0,MANUAL,1,1,1,
2026-09-27 20:05:42,brain,653000,30.52,73.51,1005.02,31.66,68.87,1004.84,0,0,MANUAL,1,1,1,
2026-09-27 20:05:43,brain,654000,30.53,72.90,1005.03,31.66,68.69,1004.75,0,0,MANUAL,1,1,1,
2026-09-27 20:05:44,brain,655000,30.53,73.37,1005.00,31.66,69.13,1004.78,0,0,MANUAL,1,1,1,
2026-09-27 20:05:45,brain,656000,30.54,72.53,1005.03,31.66,69.17,1004.81,0,0,MANUAL,1,1,1,
2026-09-27 20:05:46,brain,657000,30.56,72.32,1005.02,31.65,68.82,1004.77,0,0,MANUAL,1,1,1,
2026-09-27 20:05:47,brain,658000,30.57,72.67,1005.04,31.65,68.74,1004.83,0,0,MANUAL,1,1,1,
2026-09-27 20:05:48,brain,659000,30.57,73.13,1005.05,31.65,68.90,1004.83,0,0,MANUAL,1,1,1,
2026-09-27 20:05:49,brain,660000,30.58,73.46,1005.06,31.66,68.80,1004.81,0,0,MANUAL,1,1,1,
2026-09-27 20:05:50,brain,661000,30.60,72.52,1004.97,31.67,69.17,1004.77,0,0,MANUAL,1,1,1,
2026-09-27 20:05:51,brain,662000,30.61,72.68,1005.04,31.65,68.90,1004.82,0,0,MANUAL,1,1,1,
2026-09-27 20:05:52,brain,663000,30.62,72.32,1005.06,31.66,68.81,1004.81,0,0,MANUAL,1,1,1,
2026-09-27 20:05:53,brain,664000,30.62,72.73,1005.01,31.66,69.11,1004.79,0,0,MANUAL,1,1,1,
2026-09-27 20:05:54,brain,665000,30.63,72.54,1005.02,31.65,68.90,1004.83,0,0,MANUAL,1,1,1,
2026-09-27 20:05:55,brain,666000,30.64,72.83,1005.04,31.64,68.93,1004.75,0,0,MANUAL,1,1,1,
2026-09-27 20:05:56,brain,667000,30.65,72.89,1005.05,31.65,69.10,1004.80,0,0,MANUAL,1,1,1,
2026-09-27 20:05:57,brain,668000,30.66,72.15,1005.06,31.66,69.14,1004.89,0,0,MANUAL,1,1,1,
2026-09-27 20:05:58,brain,669000,30.68,72.84,1005.10,31.65,68.98,1004.80,0,0,MANUAL,1,1,1,
2026-09-27 20:05:59,brain,670000,30.67,72.63,1005.03,31.66,69.07,1004.83,0,0,MANUAL,1,1,1,
2026-09-27 20:06:00,brain,671000,30.67,72.54,1005.00,31.64,68.74,1004.78,0,0,MANUAL,1,1,1,
2026-09-27 20:06:01,brain,672000,30.68,72.32,1005.02,31.65,69.05,1004.79,0,0,MANUAL,1,1,1,
2026-09-27 20:06:02,brain,673000,30.68,72.69,1005.10,31.65,69.01,1004.83,0,0,MANUAL,1,1,1,
2026-09-27 20:06:03,brain,674000,30.69,71.91,1005.04,31.64,68.92,1004.81,0,0,MANUAL,1,1,1,
2026-09-27 20:06:04,brain,675000,30.71,71.78,1005.09,31.64,69.02,1004.75,0,0,MANUAL,1,1,1,
2026-09-27 20:06:05,brain,676000,30.72,71.66,1005.10,31.65,69.07,1004.77,0,0,MANUAL,1,1,1,
2026-09-27 20:06:06,brain,677000,30.73,71.49,1005.13,31.64,69.10,1004.84,0,0,MANUAL,1,1,1,
2026-09-27 20:06:07,brain,678000,30.73,72.27,1005.06,31.64,69.08,1004.83,0,0,MANUAL,1,1,1,
2026-09-27 20:06:08,brain,679000,30.74,72.67,1005.02,31.64,69.03,1004.80,0,0,MANUAL,1,1,1,
2026-09-27 20:06:09,brain,680000,30.75,73.44,1005.10,31.65,69.18,1004.85,0,0,MANUAL,1,1,1,
2026-09-27 20:06:10,brain,681000,30.74,73.21,1005.05,31.65,68.95,1004.80,0,0,MANUAL,1,1,1,
2026-09-27 20:06:11,brain,682000,30.74,73.02,1005.03,31.65,69.13,1004.85,0,0,MANUAL,1,1,1,
2026-09-27 20:06:12,brain,683000,30.75,73.27,1005.02,31.65,69.09,1004.80,0,0,MANUAL,1,1,1,
2026-09-27 20:06:13,brain,684000,30.76,73.09,1005.11,31.65,69.15,1004.79,0,0,MANUAL,1,1,1,
2026-09-27 20:06:14,brain,685000,30.76,72.48,1005.04,31.65,69.14,1004.85,0,0,MANUAL,1,1,1,
2026-09-27 20:06:15,brain,686000,30.77,73.08,1004.97,31.65,69.19,1004.77,0,0,MANUAL,1,1,1,
2026-09-27 20:06:16,brain,687000,30.78,72.28,1005.10,31.65,69.00,1004.85,0,0,MANUAL,1,1,1,
2026-09-27 20:06:17,brain,688000,30.79,71.91,1005.09,31.65,69.14,1004.80,0,0,MANUAL,1,1,1,
2026-09-27 20:06:18,brain,689000,30.79,71.93,1005.03,31.65,69.13,1004.80,0,0,MANUAL,1,1,1,
2026-09-27 20:06:19,brain,690000,30.80,71.72,1005.07,31.64,69.10,1004.84,0,0,MANUAL,1,1,1,
2026-09-27 20:06:20,brain,691000,30.81,71.42,1005.03,31.65,69.06,1004.76,0,0,MANUAL,1,1,1,
2026-09-27 20:06:20,brain,,,,,,,,,,,,,,mist A=1 B=0 (manual)
2026-09-27 20:06:21,brain,692000,30.80,71.90,1004.99,31.65,69.09,1004.85,1,0,MANUAL,1,1,1,
2026-09-27 20:06:22,brain,693000,30.81,71.86,1005.06,31.64,69.17,1004.78,1,0,MANUAL,1,1,1,
2026-09-27 20:06:23,brain,694000,30.82,71.59,1005.08,31.64,69.11,1004.77,1,0,MANUAL,1,1,1,
2026-09-27 20:06:24,brain,695000,30.83,72.02,1005.03,31.64,69.15,1004.78,1,0,MANUAL,1,1,1,
2026-09-27 20:06:25,brain,696000,30.84,72.41,1005.07,31.64,69.11,1004.92,1,0,MANUAL,1,1,1,
2026-09-27 20:06:26,brain,697000,30.83,72.93,1005.09,31.64,68.95,1004.81,1,0,MANUAL,1,1,1,
2026-09-27 20:06:27,brain,698000,30.83,72.91,1005.06,31.65,68.75,1004.82,1,0,MANUAL,1,1,1,
2026-09-27 20:06:28,brain,699000,30.82,72.68,1005.13,31.64,68.82,1004.80,1,0,MANUAL,1,1,1,
2026-09-27 20:06:29,brain,700000,30.82,74.85,1005.02,31.65,68.85,1004.80,1,0,MANUAL,1,1,1,
2026-09-27 20:06:30,brain,701000,30.80,75.35,1005.02,31.65,69.19,1004.82,1,0,MANUAL,1,1,1,
2026-09-27 20:06:31,brain,702000,30.81,73.68,1005.11,31.65,69.18,1004.80,1,0,MANUAL,1,1,1,
2026-09-27 20:06:32,brain,703000,30.80,73.51,1005.13,31.65,69.09,1004.84,1,0,MANUAL,1,1,1,
2026-09-27 20:06:33,brain,704000,30.81,74.85,1005.08,31.64,69.15,1004.78,1,0,MANUAL,1,1,1,
2026-09-27 20:06:34,brain,705000,30.80,75.55,1005.09,31.65,69.04,1004.83,1,0,MANUAL,1,1,1,
2026-09-27 20:06:35,brain,706000,30.77,75.18,1005.08,31.65,68.89,1004.83,1,0,MANUAL,1,1,1,
2026-09-27 20:06:36,brain,707000,30.77,74.06,1005.08,31.65,69.11,1004.79,1,0,MANUAL,1,1,1,
2026-09-27 20:06:37,brain,708000,30.77,74.46,1005.08,31.65,68.82,1004.82,1,0,MANUAL,1,1,1,
2026-09-27 20:06:38,brain,709000,30.76,74.43,1005.07,31.65,68.83,1004.84,1,0,MANUAL,1,1,1,
2026-09-27 20:06:39,brain,710000,30.75,74.35,1005.11,31.65,68.84,1004.83,1,0,MANUAL,1,1,1,
2026-09-27 20:06:40,brain,711000,30.75,75.28,1005.04,31.64,68.78,1004.84,1,0,MANUAL,1,1,1,
2026-09-27 20:06:41,brain,712000,30.74,74.19,1005.08,31.65,68.62,1004.84,1,0,MANUAL,1,1,1,
2026-09-27 20:06:42,brain,713000,30.74,73.39,1005.09,31.66,68.77,1004.84,1,0,MANUAL,1,1,1,
2026-09-27 20:06:43,brain,714000,30.73,73.37,1005.09,31.65,68.71,1004.83,1,0,MANUAL,1,1,1,
2026-09-27 20:06:44,brain,715000,30.73,73.53,1005.10,31.64,68.57,1004.84,1,0,MANUAL,1,1,1,
2026-09-27 20:06:45,brain,716000,30.72,75.49,1005.13,31.66,68.80,1004.83,1,0,MANUAL,1,1,1,
2026-09-27 20:06:46,brain,717000,30.70,74.35,1005.10,31.65,68.64,1004.77,1,0,MANUAL,1,1,1,
2026-09-27 20:06:47,brain,718000,30.69,74.04,1005.09,31.65,68.71,1004.80,1,0,MANUAL,1,1,1,
2026-09-27 20:06:48,brain,719000,30.68,74.58,1005.08,31.65,68.59,1004.80,1,0,MANUAL,1,1,1,
2026-09-27 20:06:49,brain,720000,30.68,76.80,1005.05,31.65,68.70,1004.83,1,0,MANUAL,1,1,1,
2026-09-27 20:06:50,brain,721000,30.68,77.78,1005.13,31.65,68.55,1004.83,1,0,MANUAL,1,1,1,
2026-09-27 20:06:51,brain,722000,30.65,77.78,1005.06,31.65,68.62,1004.83,1,0,MANUAL,1,1,1,
2026-09-27 20:06:52,brain,723000,30.63,76.15,1005.04,31.65,68.66,1004.82,1,0,MANUAL,1,1,1,
2026-09-27 20:06:53,brain,724000,30.61,76.17,1005.05,31.64,68.70,1004.75,1,0,MANUAL,1,1,1,
2026-09-27 20:06:54,brain,725000,30.58,74.86,1005.04,31.66,68.55,1004.86,1,0,MANUAL,1,1,1,
2026-09-27 20:06:55,brain,726000,30.60,74.12,1005.08,31.65,68.67,1004.83,1,0,MANUAL,1,1,1,
2026-09-27 20:06:56,brain,727000,30.60,73.76,1005.08,31.65,68.48,1004.91,1,0,MANUAL,1,1,1,
2026-09-27 20:06:57,brain,728000,30.60,74.48,1005.11,31.65,68.66,1004.80,1,0,MANUAL,1,1,1,
2026-09-27 20:06:58,brain,729000,30.58,74.41,1005.06,31.65,68.48,1004.82,1,0,MANUAL,1,1,1,
2026-09-27 20:06:59,brain,730000,30.58,74.17,1005.12,31.65,68.69,1004.87,1,0,MANUAL,1,1,1,
2026-09-27 20:07:00,brain,731000,30.58,74.23,1005.09,31.65,68.79,1004.84,1,0,MANUAL,1,1,1,
2026-09-27 20:07:01,brain,732000,30.58,73.57,1005.03,31.66,68.84,1004.89,1,0,MANUAL,1,1,1,
2026-09-27 20:07:02,brain,733000,30.59,74.30,1005.10,31.65,68.79,1004.80,1,0,MANUAL,1,1,1,
2026-09-27 20:07:03,brain,734000,30.58,73.86,1005.09,31.65,68.63,1004.80,1,0,MANUAL,1,1,1,
2026-09-27 20:07:04,brain,735000,30.58,73.57,1005.06,31.65,68.76,1004.82,1,0,MANUAL,1,1,1,
2026-09-27 20:07:05,brain,736000,30.57,74.26,1005.04,31.66,68.46,1004.86,1,0,MANUAL,1,1,1,
2026-09-27 20:07:06,brain,737000,30.56,73.70,1005.03,31.66,68.58,1004.83,1,0,MANUAL,1,1,1,
2026-09-27 20:07:07,brain,738000,30.58,73.43,1005.06,31.65,68.61,1004.77,1,0,MANUAL,1,1,1,
2026-09-27 20:07:08,brain,739000,30.56,74.75,1005.09,31.65,68.49,1004.83,1,0,MANUAL,1,1,1,
2026-09-27 20:07:09,brain,740000,30.53,75.01,1005.04,31.65,68.54,1004.83,1,0,MANUAL,1,1,1,
2026-09-27 20:07:10,brain,741000,30.55,73.62,1005.09,31.65,68.64,1004.85,1,0,MANUAL,1,1,1,
2026-09-27 20:07:11,brain,742000,30.55,72.92,1005.12,31.65,68.65,1004.83,1,0,MANUAL,1,1,1,
2026-09-27 20:07:12,brain,743000,30.56,72.77,1005.08,31.65,68.65,1004.88,1,0,MANUAL,1,1,1,
2026-09-27 20:07:13,brain,744000,30.55,75.41,1005.06,31.66,68.89,1004.83,1,0,MANUAL,1,1,1,
2026-09-27 20:07:14,brain,745000,30.55,77.63,1005.13,31.66,68.65,1004.83,1,0,MANUAL,1,1,1,
2026-09-27 20:07:15,brain,746000,30.51,75.30,1005.09,31.66,68.80,1004.84,1,0,MANUAL,1,1,1,
2026-09-27 20:07:16,brain,747000,30.52,74.92,1005.04,31.65,68.67,1004.85,1,0,MANUAL,1,1,1,
2026-09-27 20:07:17,brain,748000,30.51,74.84,1005.06,31.66,68.62,1004.81,1,0,MANUAL,1,1,1,
2026-09-27 20:07:18,brain,749000,30.50,74.97,1005.08,31.66,68.75,1004.92,1,0,MANUAL,1,1,1,
2026-09-27 20:07:19,brain,750000,30.51,74.15,1005.08,31.65,68.91,1004.83,1,0,MANUAL,1,1,1,
2026-09-27 20:07:20,brain,751000,30.51,73.56,1005.08,31.66,68.98,1004.84,1,0,MANUAL,1,1,1,
2026-09-27 20:07:21,brain,752000,30.51,73.58,1005.12,31.67,68.71,1004.82,1,0,MANUAL,1,1,1,
2026-09-27 20:07:22,brain,753000,30.50,73.97,1005.05,31.66,68.60,1004.86,1,0,MANUAL,1,1,1,
2026-09-27 20:07:23,brain,754000,30.50,75.99,1005.13,31.66,68.58,1004.87,1,0,MANUAL,1,1,1,
2026-09-27 20:07:24,brain,755000,30.46,75.47,1005.10,31.65,68.71,1004.80,1,0,MANUAL,1,1,1,
2026-09-27 20:07:25,brain,756000,30.47,75.99,1005.08,31.66,68.93,1004.90,1,0,MANUAL,1,1,1,
2026-09-27 20:07:26,brain,757000,30.46,74.85,1005.07,31.66,68.96,1004.79,1,0,MANUAL,1,1,1,
2026-09-27 20:07:27,brain,758000,30.47,73.77,1005.10,31.66,68.95,1004.81,1,0,MANUAL,1,1,1,
2026-09-27 20:07:28,brain,759000,30.47,73.27,1005.02,31.66,68.47,1004.90,1,0,MANUAL,1,1,1,
2026-09-27 20:07:29,brain,760000,30.48,72.80,1005.04,31.66,68.57,1004.86,1,0,MANUAL,1,1,1,
2026-09-27 20:07:30,brain,761000,30.49,73.32,1005.03,31.67,68.70,1004.79,1,0,MANUAL,1,1,1,
2026-09-27 20:07:31,brain,762000,30.48,73.61,1005.13,31.66,68.58,1004.81,1,0,MANUAL,1,1,1,
2026-09-27 20:07:32,brain,763000,30.49,73.47,1005.05,31.66,68.67,1004.83,1,0,MANUAL,1,1,1,
2026-09-27 20:07:33,brain,764000,30.49,73.00,1005.03,31.66,68.55,1004.84,1,0,MANUAL,1,1,1,
2026-09-27 20:07:34,brain,765000,30.49,73.50,1005.14,31.66,68.44,1004.81,1,0,MANUAL,1,1,1,
2026-09-27 20:07:35,brain,766000,30.48,73.78,1005.07,31.66,68.62,1004.87,1,0,MANUAL,1,1,1,
2026-09-27 20:07:36,brain,767000,30.48,76.28,1005.03,31.67,68.45,1004.85,1,0,MANUAL,1,1,1,
2026-09-27 20:07:37,brain,768000,30.46,77.36,1005.06,31.66,68.58,1004.81,1,0,MANUAL,1,1,1,
2026-09-27 20:07:38,brain,769000,30.44,78.37,1005.12,31.65,68.97,1004.83,1,0,MANUAL,1,1,1,
2026-09-27 20:07:39,brain,770000,30.43,78.44,1005.18,31.67,68.50,1004.83,1,0,MANUAL,1,1,1,
2026-09-27 20:07:40,brain,771000,30.39,77.23,1005.09,31.67,68.79,1004.85,1,0,MANUAL,1,1,1,
2026-09-27 20:07:41,brain,772000,30.39,76.68,1005.09,31.66,68.60,1004.84,1,0,MANUAL,1,1,1,
2026-09-27 20:07:42,brain,773000,30.39,75.41,1005.09,31.66,68.91,1004.87,1,0,MANUAL,1,1,1,
2026-09-27 20:07:43,brain,774000,30.39,75.10,1005.15,31.66,68.80,1004.84,1,0,MANUAL,1,1,1,
2026-09-27 20:07:44,brain,775000,30.40,74.45,1005.07,31.66,68.94,1004.83,1,0,MANUAL,1,1,1,
2026-09-27 20:07:45,brain,776000,30.40,74.52,1005.10,31.67,68.61,1004.77,1,0,MANUAL,1,1,1,
2026-09-27 20:07:46,brain,777000,30.39,75.12,1005.07,31.67,68.48,1004.85,1,0,MANUAL,1,1,1,
2026-09-27 20:07:47,brain,778000,30.39,75.86,1005.12,31.66,68.73,1004.84,1,0,MANUAL,1,1,1,
2026-09-27 20:07:48,brain,779000,30.38,76.30,1005.14,31.67,68.50,1004.85,1,0,MANUAL,1,1,1,
2026-09-27 20:07:49,brain,780000,30.39,74.78,1005.15,31.67,68.60,1004.85,1,0,MANUAL,1,1,1,
2026-09-27 20:07:50,brain,781000,30.40,73.95,1005.03,31.67,68.60,1004.80,1,0,MANUAL,1,1,1,
2026-09-27 20:07:51,brain,782000,30.41,75.02,1005.09,31.67,68.54,1004.85,1,0,MANUAL,1,1,1,
2026-09-27 20:07:52,brain,783000,30.36,76.14,1005.07,31.67,68.86,1004.91,1,0,MANUAL,1,1,1,
2026-09-27 20:07:53,brain,784000,30.36,78.72,1005.16,31.67,68.56,1004.89,1,0,MANUAL,1,1,1,
2026-09-27 20:07:54,brain,785000,30.34,77.19,1005.06,31.67,68.55,1004.77,1,0,MANUAL,1,1,1,
2026-09-27 20:07:55,brain,786000,30.35,76.02,1005.08,31.67,68.61,1004.80,1,0,MANUAL,1,1,1,
2026-09-27 20:07:56,brain,787000,30.34,76.46,1005.03,31.68,68.49,1004.84,1,0,MANUAL,1,1,1,
2026-09-27 20:07:57,brain,788000,30.33,76.24,1005.05,31.67,68.95,1004.83,1,0,MANUAL,1,1,1,
2026-09-27 20:07:58,brain,789000,30.35,75.07,1005.11,31.66,68.79,1004.81,1,0,MANUAL,1,1,1,
2026-09-27 20:07:59,brain,790000,30.36,75.61,1005.09,31.67,69.00,1004.80,1,0,MANUAL,1,1,1,
2026-09-27 20:08:00,brain,791000,30.34,76.70,1005.07,31.67,68.87,1004.83,1,0,MANUAL,1,1,1,
2026-09-27 20:08:01,brain,792000,30.32,75.41,1005.09,31.67,68.78,1004.82,1,0,MANUAL,1,1,1,
2026-09-27 20:08:02,brain,793000,30.34,74.21,1005.13,31.68,68.61,1004.84,1,0,MANUAL,1,1,1,
2026-09-27 20:08:03,brain,794000,30.35,75.54,1005.11,31.67,68.89,1004.77,1,0,MANUAL,1,1,1,
2026-09-27 20:08:04,brain,795000,30.33,74.92,1005.11,31.67,68.54,1004.86,1,0,MANUAL,1,1,1,
2026-09-27 20:08:05,brain,796000,30.33,73.76,1005.11,31.67,68.77,1004.77,1,0,MANUAL,1,1,1,
2026-09-27 20:08:06,brain,797000,30.35,75.34,1005.06,31.67,68.58,1004.83,1,0,MANUAL,1,1,1,
2026-09-27 20:08:07,brain,798000,30.33,75.08,1005.13,31.68,68.63,1004.85,1,0,MANUAL,1,1,1,
2026-09-27 20:08:08,brain,799000,30.33,74.89,1005.14,31.66,68.61,1004.79,1,0,MANUAL,1,1,1,
2026-09-27 20:08:09,brain,800000,30.32,75.07,1005.07,31.67,68.63,1004.83,1,0,MANUAL,1,1,1,
2026-09-27 20:08:10,brain,801000,30.30,75.94,1005.06,31.67,68.56,1004.79,1,0,MANUAL,1,1,1,
2026-09-27 20:08:11,brain,802000,30.31,78.52,1005.08,31.67,68.76,1004.77,1,0,MANUAL,1,1,1,
2026-09-27 20:08:12,brain,803000,30.29,76.71,1005.12,31.67,68.54,1004.77,1,0,MANUAL,1,1,1,
2026-09-27 20:08:13,brain,804000,30.28,76.62,1005.09,31.67,68.58,1004.75,1,0,MANUAL,1,1,1,
2026-09-27 20:08:14,brain,805000,30.29,75.26,1005.13,31.67,68.76,1004.86,1,0,MANUAL,1,1,1,
2026-09-27 20:08:15,brain,806000,30.28,75.21,1005.09,31.68,68.92,1004.84,1,0,MANUAL,1,1,1,
2026-09-27 20:08:16,brain,807000,30.30,75.84,1005.11,31.67,68.70,1004.83,1,0,MANUAL,1,1,1,
2026-09-27 20:08:17,brain,808000,30.27,75.83,1005.07,31.67,68.59,1004.80,1,0,MANUAL,1,1,1,
2026-09-27 20:08:18,brain,809000,30.28,75.47,1005.08,31.67,68.96,1004.83,1,0,MANUAL,1,1,1,
2026-09-27 20:08:19,brain,810000,30.29,75.08,1005.09,31.67,68.47,1004.77,1,0,MANUAL,1,1,1,
2026-09-27 20:08:20,brain,811000,30.28,74.61,1005.11,31.67,68.68,1004.77,1,0,MANUAL,1,1,1,
2026-09-27 20:08:21,brain,812000,30.30,74.68,1005.12,31.67,68.60,1004.83,1,0,MANUAL,1,1,1,
2026-09-27 20:08:22,brain,813000,30.29,76.57,1005.09,31.68,68.93,1004.87,1,0,MANUAL,1,1,1,
2026-09-27 20:08:23,brain,814000,30.28,78.40,1005.09,31.67,68.78,1004.83,1,0,MANUAL,1,1,1,
2026-09-27 20:08:24,brain,815000,30.27,78.72,1005.06,31.67,68.97,1004.80,1,0,MANUAL,1,1,1,
2026-09-27 20:08:25,brain,816000,30.25,76.96,1005.15,31.67,68.97,1004.86,1,0,MANUAL,1,1,1,
2026-09-27 20:08:26,brain,817000,30.25,76.17,1005.09,31.68,68.79,1004.87,1,0,MANUAL,1,1,1,
2026-09-27 20:08:27,brain,818000,30.26,76.42,1005.11,31.67,68.71,1004.86,1,0,MANUAL,1,1,1,
2026-09-27 20:08:28,brain,819000,30.25,78.68,1005.07,31.67,68.51,1004.83,1,0,MANUAL,1,1,1,
2026-09-27 20:08:29,brain,820000,30.21,78.76,1005.09,31.67,68.48,1004.82,1,0,MANUAL,1,1,1,
2026-09-27 20:08:30,brain,821000,30.21,76.44,1005.11,31.66,68.77,1004.78,1,0,MANUAL,1,1,1,
2026-09-27 20:08:31,brain,822000,30.21,75.79,1005.12,31.67,68.76,1004.80,1,0,MANUAL,1,1,1,
2026-09-27 20:08:32,brain,823000,30.23,74.88,1005.11,31.67,68.97,1004.82,1,0,MANUAL,1,1,1,
2026-09-27 20:08:33,brain,824000,30.23,75.09,1005.05,31.67,68.48,1004.83,1,0,MANUAL,1,1,1,
2026-09-27 20:08:34,brain,825000,30.23,74.93,1005.11,31.67,68.70,1004.86,1,0,MANUAL,1,1,1,
2026-09-27 20:08:35,brain,826000,30.23,74.53,1005.03,31.67,68.53,1004.86,1,0,MANUAL,1,1,1,
2026-09-27 20:08:36,brain,827000,30.26,74.04,1005.10,31.67,68.55,1004.88,1,0,MANUAL,1,1,1,
2026-09-27 20:08:37,brain,828000,30.26,74.22,1005.07,31.67,68.77,1004.83,1,0,MANUAL,1,1,1,
2026-09-27 20:08:38,brain,829000,30.24,76.13,1005.13,31.67,68.91,1004.85,1,0,MANUAL,1,1,1,
2026-09-27 20:08:39,brain,830000,30.23,77.67,1005.09,31.67,68.96,1004.80,1,0,MANUAL,1,1,1,
2026-09-27 20:08:40,brain,831000,30.20,78.75,1005.11,31.67,68.58,1004.83,1,0,MANUAL,1,1,1,
2026-09-27 20:08:41,brain,832000,30.18,78.44,1005.13,31.68,68.73,1004.87,1,0,MANUAL,1,1,1,
2026-09-27 20:08:42,brain,833000,30.19,76.74,1005.05,31.66,68.94,1004.84,1,0,MANUAL,1,1,1,
2026-09-27 20:08:43,brain,834000,30.19,77.57,1005.08,31.66,68.67,1004.75,1,0,MANUAL,1,1,1,
2026-09-27 20:08:44,brain,835000,30.16,76.89,1005.10,31.66,68.52,1004.81,1,0,MANUAL,1,1,1,
2026-09-27 20:08:45,brain,836000,30.15,77.54,1005.10,31.66,68.52,1004.81,1,0,MANUAL,1,1,1,
2026-09-27 20:08:46,brain,837000,30.13,76.66,1005.11,31.67,68.55,1004.85,1,0,MANUAL,1,1,1,
2026-09-27 20:08:47,brain,838000,30.14,77.66,1005.11,31.67,68.82,1004.90,1,0,MANUAL,1,1,1,
2026-09-27 20:08:48,brain,839000,30.14,76.42,1005.11,31.66,68.63,1004.92,1,0,MANUAL,1,1,1,
2026-09-27 20:08:49,brain,840000,30.13,78.17,1005.10,31.66,68.59,1004.81,1,0,MANUAL,1,1,1,
2026-09-27 20:08:50,brain,841000,30.13,77.73,1005.13,31.66,68.71,1004.81,1,0,MANUAL,1,1,1,
2026-09-27 20:08:51,brain,842000,30.11,77.01,1005.10,31.67,68.76,1004.82,1,0,MANUAL,1,1,1,
2026-09-27 20:08:52,brain,843000,30.13,75.98,1005.11,31.67,68.51,1004.88,1,0,MANUAL,1,1,1,
2026-09-27 20:08:53,brain,844000,30.12,77.51,1005.12,31.66,68.96,1004.81,1,0,MANUAL,1,1,1,
2026-09-27 20:08:54,brain,845000,30.11,78.31,1005.10,31.67,68.94,1004.85,1,0,MANUAL,1,1,1,
2026-09-27 20:08:55,brain,846000,30.11,78.90,1005.06,31.67,68.48,1004.79,1,0,MANUAL,1,1,1,
2026-09-27 20:08:56,brain,847000,30.09,79.30,1005.06,31.66,68.83,1004.92,1,0,MANUAL,1,1,1,
2026-09-27 20:08:57,brain,848000,30.10,78.21,1005.13,31.67,68.53,1004.85,1,0,MANUAL,1,1,1,
2026-09-27 20:08:58,brain,849000,30.09,76.88,1005.07,31.66,68.52,1004.87,1,0,MANUAL,1,1,1,
2026-09-27 20:08:59,brain,850000,30.09,77.27,1005.10,31.67,68.56,1004.77,1,0,MANUAL,1,1,1,
2026-09-27 20:09:00,brain,851000,30.09,78.84,1005.15,31.66,68.61,1004.86,1,0,MANUAL,1,1,1,
2026-09-27 20:09:01,brain,852000,30.08,79.88,1005.07,31.66,68.80,1004.81,1,0,MANUAL,1,1,1,
2026-09-27 20:09:02,brain,853000,30.06,77.70,1005.15,31.66,68.74,1004.81,1,0,MANUAL,1,1,1,
2026-09-27 20:09:03,brain,854000,30.07,76.92,1005.09,31.66,68.80,1004.81,1,0,MANUAL,1,1,1,
2026-09-27 20:09:04,brain,855000,30.07,77.31,1005.08,31.66,68.79,1004.81,1,0,MANUAL,1,1,1,
2026-09-27 20:09:05,brain,856000,30.05,76.45,1005.08,31.67,68.54,1004.77,1,0,MANUAL,1,1,1,
2026-09-27 20:09:06,brain,857000,30.05,77.39,1005.08,31.66,68.87,1004.81,1,0,MANUAL,1,1,1,
2026-09-27 20:09:07,brain,858000,30.05,76.80,1005.03,31.66,68.54,1004.84,1,0,MANUAL,1,1,1,
2026-09-27 20:09:08,brain,859000,30.05,77.05,1005.11,31.66,68.75,1004.81,1,0,MANUAL,1,1,1,
2026-09-27 20:09:09,brain,860000,30.07,76.77,1005.08,31.66,68.64,1004.83,1,0,MANUAL,1,1,1,
2026-09-27 20:09:10,brain,861000,30.05,76.53,1005.05,31.67,68.54,1004.82,1,0,MANUAL,1,1,1,
2026-09-27 20:09:11,brain,862000,30.06,76.00,1005.10,31.66,68.64,1004.81,1,0,MANUAL,1,1,1,
2026-09-27 20:09:12,brain,863000,30.08,75.78,1005.07,31.66,68.68,1004.90,1,0,MANUAL,1,1,1,
2026-09-27 20:09:13,brain,864000,30.09,75.20,1005.15,31.66,68.81,1004.81,1,0,MANUAL,1,1,1,
2026-09-27 20:09:14,brain,865000,30.11,74.88,1005.06,31.66,68.68,1004.81,1,0,MANUAL,1,1,1,
2026-09-27 20:09:15,brain,866000,30.13,76.11,1005.10,31.66,68.80,1004.87,1,0,MANUAL,1,1,1,
2026-09-27 20:09:16,brain,867000,30.09,77.20,1005.06,31.66,68.78,1004.92,1,0,MANUAL,1,1,1,
2026-09-27 20:09:17,brain,868000,30.10,76.36,1005.05,31.66,68.67,1004.81,1,0,MANUAL,1,1,1,
2026-09-27 20:09:18,brain,869000,30.10,76.15,1005.08,31.66,68.64,1004.81,1,0,MANUAL,1,1,1,
2026-09-27 20:09:19,brain,870000,30.11,75.63,1005.01,31.66,68.61,1004.81,1,0,MANUAL,1,1,1,
2026-09-27 20:09:20,brain,871000,30.10,75.71,1005.06,31.66,68.56,1004.86,1,0,MANUAL,1,1,1,
2026-09-27 20:09:21,brain,872000,30.11,76.78,1005.09,31.67,68.51,1004.88,1,0,MANUAL,1,1,1,
2026-09-27 20:09:22,brain,873000,30.11,75.59,1005.04,31.66,68.54,1004.76,1,0,MANUAL,1,1,1,
2026-09-27 20:09:23,brain,874000,30.13,75.75,1004.98,31.66,68.78,1004.84,1,0,MANUAL,1,1,1,
2026-09-27 20:09:24,brain,875000,30.11,76.61,1005.09,31.66,68.78,1004.86,1,0,MANUAL,1,1,1,
2026-09-27 20:09:25,brain,876000,30.10,76.03,1005.00,31.66,68.72,1004.79,1,0,MANUAL,1,1,1,
2026-09-27 20:09:26,brain,877000,30.11,76.25,1005.09,31.65,68.63,1004.77,1,0,MANUAL,1,1,1,
2026-09-27 20:09:27,brain,878000,30.12,75.75,1005.06,31.66,68.59,1004.81,1,0,MANUAL,1,1,1,
2026-09-27 20:09:28,brain,879000,30.11,76.43,1005.10,31.66,68.56,1004.83,1,0,MANUAL,1,1,1,
2026-09-27 20:09:29,brain,880000,30.10,75.77,1005.08,31.66,68.61,1004.84,1,0,MANUAL,1,1,1,
2026-09-27 20:09:30,brain,881000,30.11,76.75,1005.09,31.66,68.86,1004.81,1,0,MANUAL,1,1,1,
2026-09-27 20:09:31,brain,882000,30.10,77.39,1005.08,31.66,68.54,1004.81,1,0,MANUAL,1,1,1,
2026-09-27 20:09:32,brain,883000,30.10,75.61,1005.05,31.66,68.94,1004.87,1,0,MANUAL,1,1,1,
2026-09-27 20:09:33,brain,884000,30.12,75.53,1005.12,31.66,68.72,1004.76,1,0,MANUAL,1,1,1,
2026-09-27 20:09:34,brain,885000,30.14,74.89,1005.07,31.66,68.97,1004.84,1,0,MANUAL,1,1,1,
2026-09-27 20:09:35,brain,886000,30.14,76.28,1005.04,31.67,69.08,1004.89,1,0,MANUAL,1,1,1,
2026-09-27 20:09:36,brain,887000,30.13,76.16,1005.10,31.67,68.83,1004.85,1,0,MANUAL,1,1,1,
2026-09-27 20:09:37,brain,888000,30.13,75.96,1005.08,31.67,68.60,1004.77,1,0,MANUAL,1,1,1,
2026-09-27 20:09:38,brain,889000,30.14,75.33,1005.06,31.67,68.59,1004.82,1,0,MANUAL,1,1,1,
2026-09-27 20:09:39,brain,890000,30.15,74.95,1005.05,31.67,68.69,1004.85,1,0,MANUAL,1,1,1,
2026-09-27 20:09:40,brain,891000,30.14,75.52,1005.09,31.67,68.55,1004.83,1,0,MANUAL,1,1,1,
2026-09-27 20:09:41,brain,892000,30.14,74.99,1005.04,31.66,68.72,1004.79,1,0,MANUAL,1,1,1,
2026-09-27 20:09:42,brain,893000,30.15,75.34,1005.10,31.67,68.64,1004.85,1,0,MANUAL,1,1,1,
2026-09-27 20:09:43,brain,894000,30.16,75.08,1005.09,31.66,68.60,1004.84,1,0,MANUAL,1,1,1,
2026-09-27 20:09:44,brain,895000,30.14,75.47,1005.06,31.65,68.67,1004.80,1,0,MANUAL,1,1,1,
2026-09-27 20:09:45,brain,896000,30.14,75.80,1005.04,31.66,69.09,1004.84,1,0,MANUAL,1,1,1,
2026-09-27 20:09:46,brain,897000,30.13,76.58,1005.13,31.66,68.55,1004.81,1,0,MANUAL,1,1,1,
2026-09-27 20:09:47,brain,898000,30.11,76.25,1005.10,31.66,68.62,1004.81,1,0,MANUAL,1,1,1,
2026-09-27 20:09:48,brain,899000,30.09,77.14,1005.09,31.67,68.68,1004.89,1,0,MANUAL,1,1,1,
2026-09-27 20:09:49,brain,900000,30.09,77.61,1005.15,31.66,68.91,1004.79,1,0,MANUAL,1,1,1,
2026-09-27 20:09:50,brain,901000,30.10,75.92,1005.08,31.67,68.60,1004.77,1,0,MANUAL,1,1,1,
2026-09-27 20:09:51,brain,902000,30.11,76.39,1005.01,31.67,68.82,1004.85,1,0,MANUAL,1,1,1,
2026-09-27 20:09:52,brain,903000,30.09,76.03,1005.01,31.66,68.70,1004.81,1,0,MANUAL,1,1,1,
2026-09-27 20:09:53,brain,904000,30.09,76.53,1005.09,31.68,68.79,1004.84,1,0,MANUAL,1,1,1,
2026-09-27 20:09:54,brain,905000,30.10,76.21,1005.06,31.67,68.69,1004.88,1,0,MANUAL,1,1,1,
2026-09-27 20:09:55,brain,906000,30.10,76.12,1005.05,31.66,68.62,1004.81,1,0,MANUAL,1,1,1,
2026-09-27 20:09:56,brain,907000,30.11,75.55,1005.06,31.67,68.61,1004.82,1,0,MANUAL,1,1,1,
2026-09-27 20:09:57,brain,908000,30.11,76.71,1005.06,31.68,68.71,1004.81,1,0,MANUAL,1,1,1,
2026-09-27 20:09:58,brain,909000,30.11,75.51,1005.09,31.67,68.60,1004.86,1,0,MANUAL,1,1,1,
2026-09-27 20:09:59,brain,910000,30.12,75.44,1005.09,31.67,68.46,1004.86,1,0,MANUAL,1,1,1,
2026-09-27 20:10:00,brain,911000,30.14,74.59,1005.03,31.67,68.80,1004.89,1,0,MANUAL,1,1,1,
2026-09-27 20:10:01,brain,912000,30.15,75.93,1005.10,31.67,68.95,1004.86,1,0,MANUAL,1,1,1,
2026-09-27 20:10:02,brain,913000,30.14,75.62,1005.06,31.67,68.60,1004.80,1,0,MANUAL,1,1,1,
2026-09-27 20:10:03,brain,914000,30.13,76.57,1005.04,31.67,68.55,1004.79,1,0,MANUAL,1,1,1,
2026-09-27 20:10:04,brain,915000,30.14,76.17,1005.06,31.67,68.83,1004.88,1,0,MANUAL,1,1,1,
2026-09-27 20:10:05,brain,916000,30.15,75.83,1005.07,31.67,68.99,1004.82,1,0,MANUAL,1,1,1,
2026-09-27 20:10:06,brain,917000,30.15,76.64,1005.02,31.66,68.72,1004.81,1,0,MANUAL,1,1,1,
2026-09-27 20:10:07,brain,918000,30.15,76.28,1005.05,31.68,68.79,1004.84,1,0,MANUAL,1,1,1,
2026-09-27 20:10:08,brain,919000,30.15,76.49,1005.10,31.67,68.60,1004.79,1,0,MANUAL,1,1,1,
2026-09-27 20:10:09,brain,920000,30.16,76.08,1005.06,31.67,68.45,1004.82,1,0,MANUAL,1,1,1,
2026-09-27 20:10:10,brain,921000,30.17,75.11,1005.02,31.67,68.59,1004.83,1,0,MANUAL,1,1,1,
2026-09-27 20:10:11,brain,922000,30.18,75.60,1005.09,31.67,68.56,1004.82,1,0,MANUAL,1,1,1,
2026-09-27 20:10:12,brain,923000,30.19,75.07,1005.12,31.66,68.80,1004.79,1,0,MANUAL,1,1,1,
2026-09-27 20:10:13,brain,924000,30.21,74.72,1005.00,31.67,68.60,1004.77,1,0,MANUAL,1,1,1,
2026-09-27 20:10:14,brain,925000,30.21,75.01,1005.09,31.67,68.60,1004.77,1,0,MANUAL,1,1,1,
2026-09-27 20:10:15,brain,926000,30.21,74.63,1005.04,31.67,68.59,1004.83,1,0,MANUAL,1,1,1,
2026-09-27 20:10:16,brain,927000,30.22,74.11,1005.05,31.67,68.85,1004.80,1,0,MANUAL,1,1,1,
2026-09-27 20:10:17,brain,928000,30.21,75.49,1005.06,31.67,68.50,1004.80,1,0,MANUAL,1,1,1,
2026-09-27 20:10:18,brain,929000,30.21,76.63,1005.07,31.67,68.51,1004.83,1,0,MANUAL,1,1,1,
2026-09-27 20:10:19,brain,930000,30.19,77.72,1005.09,31.66,68.72,1004.79,1,0,MANUAL,1,1,1,
2026-09-27 20:10:20,brain,931000,30.17,76.72,1005.09,31.67,68.68,1004.83,1,0,MANUAL,1,1,1,
2026-09-27 20:10:21,brain,932000,30.16,76.52,1005.01,31.67,68.59,1004.80,1,0,MANUAL,1,1,1,
2026-09-27 20:10:22,brain,933000,30.17,75.02,1005.03,31.67,68.54,1004.77,1,0,MANUAL,1,1,1,
2026-09-27 20:10:23,brain,934000,30.18,75.17,1005.01,31.67,68.62,1004.79,1,0,MANUAL,1,1,1,
2026-09-27 20:10:24,brain,935000,30.19,75.05,1005.12,31.67,68.68,1004.75,1,0,MANUAL,1,1,1,
2026-09-27 20:10:25,brain,936000,30.21,74.31,1005.09,31.67,68.61,1004.82,1,0,MANUAL,1,1,1,
2026-09-27 20:10:26,brain,937000,30.23,74.46,1005.06,31.68,68.52,1004.81,1,0,MANUAL,1,1,1,
2026-09-27 20:10:27,brain,938000,30.23,74.40,1005.03,31.67,68.81,1004.77,1,0,MANUAL,1,1,1,
2026-09-27 20:10:28,brain,939000,30.24,74.18,1005.07,31.67,68.60,1004.86,1,0,MANUAL,1,1,1,
2026-09-27 20:10:29,brain,940000,30.23,74.94,1005.05,31.67,68.51,1004.83,1,0,MANUAL,1,1,1,
2026-09-27 20:10:30,brain,941000,30.23,76.29,1005.03,31.67,68.56,1004.86,1,0,MANUAL,1,1,1,
2026-09-27 20:10:31,brain,942000,30.22,76.89,1005.05,31.67,68.59,1004.80,1,0,MANUAL,1,1,1,
2026-09-27 20:10:32,brain,943000,30.20,78.35,1005.08,31.67,68.48,1004.77,1,0,MANUAL,1,1,1,
2026-09-27 20:10:33,brain,944000,30.20,78.54,1005.10,31.67,68.45,1004.82,1,0,MANUAL,1,1,1,
2026-09-27 20:10:34,brain,945000,30.17,78.90,1005.03,31.67,68.60,1004.80,1,0,MANUAL,1,1,1,
2026-09-27 20:10:35,brain,946000,30.16,77.86,1005.06,31.67,68.53,1004.80,1,0,MANUAL,1,1,1,
2026-09-27 20:10:36,brain,947000,30.16,76.40,1005.07,31.68,68.53,1004.82,1,0,MANUAL,1,1,1,
2026-09-27 20:10:37,brain,948000,30.16,76.89,1005.04,31.67,68.65,1004.79,1,0,MANUAL,1,1,1,
2026-09-27 20:10:38,brain,949000,30.16,77.22,1005.09,31.68,68.68,1004.78,1,0,MANUAL,1,1,1,
2026-09-27 20:10:39,brain,950000,30.15,77.25,1005.07,31.68,68.57,1004.78,1,0,MANUAL,1,1,1,
2026-09-27 20:10:40,brain,951000,30.14,76.65,1005.06,31.67,68.55,1004.83,1,0,MANUAL,1,1,1,
2026-09-27 20:10:41,brain,952000,30.16,76.45,1005.15,31.68,68.67,1004.81,1,0,MANUAL,1,1,1,
2026-09-27 20:10:42,brain,953000,30.15,77.42,1005.11,31.68,68.62,1004.78,1,0,MANUAL,1,1,1,
2026-09-27 20:10:43,brain,954000,30.14,78.33,1005.12,31.67,68.45,1004.91,1,0,MANUAL,1,1,1,
2026-09-27 20:10:44,brain,955000,30.14,77.35,1005.09,31.68,68.49,1004.84,1,0,MANUAL,1,1,1,
2026-09-27 20:10:45,brain,956000,30.14,76.68,1005.11,31.68,68.56,1004.82,1,0,MANUAL,1,1,1,
2026-09-27 20:10:46,brain,957000,30.16,75.51,1005.09,31.68,68.52,1004.81,1,0,MANUAL,1,1,1,
2026-09-27 20:10:47,brain,958000,30.16,75.26,1005.04,31.67,68.52,1004.80,1,0,MANUAL,1,1,1,
2026-09-27 20:10:48,brain,959000,30.16,75.11,1005.07,31.67,68.52,1004.77,1,0,MANUAL,1,1,1,
2026-09-27 20:10:49,brain,960000,30.17,77.36,1005.05,31.68,68.71,1004.84,1,0,MANUAL,1,1,1,
2026-09-27 20:10:50,brain,961000,30.15,77.28,1005.05,31.68,68.58,1004.82,1,0,MANUAL,1,1,1,
2026-09-27 20:10:51,brain,962000,30.15,76.95,1005.02,31.68,68.68,1004.76,1,0,MANUAL,1,1,1,
2026-09-27 20:10:52,brain,963000,30.15,77.25,1005.07,31.67,68.80,1004.83,1,0,MANUAL,1,1,1,
2026-09-27 20:10:53,brain,964000,30.14,76.78,1005.09,31.67,68.64,1004.77,1,0,MANUAL,1,1,1,
2026-09-27 20:10:54,brain,965000,30.12,77.95,1005.08,31.67,68.48,1004.86,1,0,MANUAL,1,1,1,
2026-09-27 20:10:55,brain,966000,30.10,77.89,1005.06,31.68,68.54,1004.78,1,0,MANUAL,1,1,1,
2026-09-27 20:10:56,brain,967000,30.12,75.84,1005.06,31.67,68.55,1004.80,1,0,MANUAL,1,1,1,
2026-09-27 20:10:57,brain,968000,30.12,76.27,1005.06,31.67,68.51,1004.83,1,0,MANUAL,1,1,1,
2026-09-27 20:10:58,brain,969000,30.12,76.69,1005.06,31.67,68.55,1004.83,1,0,MANUAL,1,1,1,
2026-09-27 20:10:59,brain,970000,30.11,76.52,1005.02,31.68,68.52,1004.84,1,0,MANUAL,1,1,1,
2026-09-27 20:11:00,brain,971000,30.13,76.46,1005.07,31.68,68.62,1004.79,1,0,MANUAL,1,1,1,
2026-09-27 20:11:01,brain,972000,30.13,75.59,1005.05,31.68,68.50,1004.78,1,0,MANUAL,1,1,1,
2026-09-27 20:11:02,brain,973000,30.15,75.71,1005.10,31.67,68.48,1004.77,1,0,MANUAL,1,1,1,
2026-09-27 20:11:03,brain,974000,30.13,75.72,1005.04,31.67,68.61,1004.83,1,0,MANUAL,1,1,1,
2026-09-27 20:11:04,brain,975000,30.14,75.50,1005.07,31.67,68.59,1004.80,1,0,MANUAL,1,1,1,
2026-09-27 20:11:05,brain,976000,30.15,74.88,1005.05,31.67,68.48,1004.80,1,0,MANUAL,1,1,1,
2026-09-27 20:11:06,brain,977000,30.16,74.07,1005.10,31.67,68.55,1004.80,1,0,MANUAL,1,1,1,
2026-09-27 20:11:07,brain,978000,30.17,75.67,1005.11,31.67,68.53,1004.75,1,0,MANUAL,1,1,1,
2026-09-27 20:11:08,brain,979000,30.17,75.58,1005.05,31.67,68.65,1004.80,1,0,MANUAL,1,1,1,
2026-09-27 20:11:09,brain,980000,30.17,75.25,1005.11,31.67,68.52,1004.77,1,0,MANUAL,1,1,1,
2026-09-27 20:11:10,brain,981000,30.19,74.34,1005.05,31.68,68.60,1004.73,1,0,MANUAL,1,1,1,
2026-09-27 20:11:11,brain,982000,30.18,74.89,1005.10,31.67,68.55,1004.71,1,0,MANUAL,1,1,1,
2026-09-27 20:11:12,brain,983000,30.18,75.23,1005.07,31.67,68.62,1004.86,1,0,MANUAL,1,1,1,
2026-09-27 20:11:13,brain,984000,30.19,76.57,1005.09,31.68,68.44,1004.81,1,0,MANUAL,1,1,1,
2026-09-27 20:11:14,brain,985000,30.19,76.15,1005.05,31.66,68.46,1004.76,1,0,MANUAL,1,1,1,
2026-09-27 20:11:15,brain,986000,30.19,75.95,1005.05,31.67,68.45,1004.75,1,0,MANUAL,1,1,1,
2026-09-27 20:11:17,brain,988000,30.19,76.95,1005.06,31.67,68.55,1004.80,1,0,MANUAL,1,1,1,
2026-09-27 20:11:18,brain,989000,30.18,77.42,1005.09,31.67,68.39,1004.79,1,0,MANUAL,1,1,1,
2026-09-27 20:11:19,brain,990000,30.17,78.34,1005.08,31.67,68.52,1004.83,1,0,MANUAL,1,1,1,
2026-09-27 20:11:20,brain,991000,30.15,78.10,1005.07,31.67,68.61,1004.83,1,0,MANUAL,1,1,1,
2026-09-27 20:11:21,brain,992000,30.15,79.45,1005.05,31.68,68.46,1004.89,1,0,MANUAL,1,1,1,
2026-09-27 20:11:22,brain,993000,30.13,76.93,1005.01,31.67,68.55,1004.83,1,0,MANUAL,1,1,1,
2026-09-27 20:11:23,brain,994000,30.14,76.29,1005.11,31.67,68.45,1004.83,1,0,MANUAL,1,1,1,
2026-09-27 20:11:24,brain,995000,30.13,76.41,1005.08,31.68,68.62,1004.78,1,0,MANUAL,1,1,1,
2026-09-27 20:11:25,brain,996000,30.14,76.67,1005.03,31.68,68.51,1004.84,1,0,MANUAL,1,1,1,
2026-09-27 20:11:25,brain,,,,,,,,,,,,,,mist A=0 B=0 (manual)
2026-09-27 20:11:26,brain,997000,30.14,76.14,1005.01,31.68,68.50,1004.84,0,0,MANUAL,1,1,1,
2026-09-27 20:11:27,brain,998000,30.14,75.71,1005.04,31.68,68.46,1004.76,0,0,MANUAL,1,1,1,
2026-09-27 20:11:28,brain,999000,30.15,76.68,1005.11,31.68,68.43,1004.79,0,0,MANUAL,1,1,1,
2026-09-27 20:11:29,brain,1000000,30.16,75.70,1005.03,31.68,68.70,1004.78,0,0,MANUAL,1,1,1,
2026-09-27 20:11:30,brain,1001000,30.16,75.55,1005.10,31.67,68.74,1004.80,0,0,MANUAL,1,1,1,
2026-09-27 20:11:31,brain,1002000,30.17,76.42,1005.13,31.67,68.50,1004.77,0,0,MANUAL,1,1,1,
2026-09-27 20:11:32,brain,1003000,30.16,75.74,1005.12,31.66,68.77,1004.79,0,0,MANUAL,1,1,1,
2026-09-27 20:11:33,brain,1004000,30.16,77.12,1005.04,31.67,68.74,1004.79,0,0,MANUAL,1,1,1,
2026-09-27 20:11:34,brain,1005000,30.15,77.62,1005.11,31.67,68.90,1004.77,0,0,MANUAL,1,1,1,
2026-09-27 20:11:35,brain,1006000,30.15,75.52,1005.08,31.67,68.76,1004.77,0,0,MANUAL,1,1,1,
2026-09-27 20:11:36,brain,1007000,30.17,75.20,1005.08,31.67,68.98,1004.83,0,0,MANUAL,1,1,1,
2026-09-27 20:11:37,brain,1008000,30.18,74.64,1005.12,31.67,68.79,1004.77,0,0,MANUAL,1,1,1,
2026-09-27 20:11:38,brain,1009000,30.18,74.51,1005.05,31.68,68.96,1004.84,0,0,MANUAL,1,1,1,
2026-09-27 20:11:39,brain,1010000,30.18,75.64,1005.07,31.68,68.86,1004.87,0,0,MANUAL,1,1,1,
2026-09-27 20:11:40,brain,1011000,30.20,74.80,1005.10,31.67,68.86,1004.86,0,0,MANUAL,1,1,1,
2026-09-27 20:11:41,brain,1012000,30.20,75.63,1005.07,31.67,69.02,1004.80,0,0,MANUAL,1,1,1,
2026-09-27 20:11:42,brain,1013000,30.20,74.68,1005.11,31.67,68.76,1004.83,0,0,MANUAL,1,1,1,
2026-09-27 20:11:43,brain,1014000,30.21,74.46,1005.04,31.68,68.95,1004.75,0,0,MANUAL,1,1,1,
2026-09-27 20:11:44,brain,1015000,30.23,73.88,1005.05,31.67,68.85,1004.82,0,0,MANUAL,1,1,1,
2026-09-27 20:11:45,brain,1016000,30.24,74.69,1005.08,31.67,68.68,1004.82,0,0,MANUAL,1,1,1,
2026-09-27 20:11:46,brain,1017000,30.25,76.24,1005.03,31.67,68.76,1004.83,0,0,MANUAL,1,1,1,
2026-09-27 20:11:47,brain,1018000,30.25,75.45,1005.03,31.67,68.51,1004.83,0,0,MANUAL,1,1,1,
2026-09-27 20:11:48,brain,1019000,30.25,75.30,1005.04,31.67,68.86,1004.83,0,0,MANUAL,1,1,1,
2026-09-27 20:11:49,brain,1020000,30.27,74.77,1005.06,31.66,68.80,1004.76,0,0,MANUAL,1,1,1,
2026-09-27 20:11:50,brain,1021000,30.27,75.26,1005.07,31.67,68.71,1004.83,0,0,MANUAL,1,1,1,
2026-09-27 20:11:51,brain,1022000,30.29,76.92,1005.04,31.67,68.62,1004.83,0,0,MANUAL,1,1,1,
2026-09-27 20:11:52,brain,1023000,30.27,76.62,1005.07,31.68,68.45,1004.87,0,0,MANUAL,1,1,1,
2026-09-27 20:11:53,brain,1024000,30.29,75.03,1005.15,31.67,68.70,1004.83,0,0,MANUAL,1,1,1,
2026-09-27 20:11:54,brain,1025000,30.30,74.90,1005.06,31.68,68.65,1004.85,0,0,MANUAL,1,1,1,
2026-09-27 20:11:55,brain,1026000,30.32,74.90,1005.11,31.67,68.54,1004.79,0,0,MANUAL,1,1,1,
2026-09-27 20:11:56,brain,1027000,30.32,74.63,1005.07,31.67,68.50,1004.82,0,0,MANUAL,1,1,1,
2026-09-27 20:11:57,brain,1028000,30.33,74.03,1005.08,31.67,68.47,1004.82,0,0,MANUAL,1,1,1,
2026-09-27 20:11:58,brain,1029000,30.35,74.01,1005.08,31.67,68.45,1004.77,0,0,MANUAL,1,1,1,
2026-09-27 20:11:59,brain,1030000,30.36,74.11,1005.01,31.67,68.51,1004.83,0,0,MANUAL,1,1,1,
2026-09-27 20:12:00,brain,1031000,30.37,74.28,1005.11,31.67,68.47,1004.83,0,0,MANUAL,1,1,1,
2026-09-27 20:12:01,brain,1032000,30.38,75.35,1004.99,31.68,68.49,1004.84,0,0,MANUAL,1,1,1,
2026-09-27 20:12:02,brain,1033000,30.38,74.05,1005.11,31.67,68.48,1004.80,0,0,MANUAL,1,1,1,
2026-09-27 20:12:03,brain,1034000,30.39,73.79,1005.04,31.66,68.50,1004.87,0,0,MANUAL,1,1,1,
2026-09-27 20:12:04,brain,1035000,30.41,75.60,1005.03,31.66,68.46,1004.84,0,0,MANUAL,1,1,1,
2026-09-27 20:12:05,brain,1036000,30.41,75.51,1005.03,31.66,68.52,1004.79,0,0,MANUAL,1,1,1,
2026-09-27 20:12:06,brain,1037000,30.42,74.72,1005.05,31.67,68.80,1004.85,0,0,MANUAL,1,1,1,
2026-09-27 20:12:07,brain,1038000,30.42,74.57,1005.02,31.67,68.44,1004.80,0,0,MANUAL,1,1,1,
2026-09-27 20:12:08,brain,1039000,30.44,73.48,1005.06,31.67,68.53,1004.79,0,0,MANUAL,1,1,1,
2026-09-27 20:12:09,brain,1040000,30.44,73.31,1005.03,31.66,68.56,1004.81,0,0,MANUAL,1,1,1,
2026-09-27 20:12:10,brain,1041000,30.46,73.56,1005.07,31.66,68.46,1004.76,0,0,MANUAL,1,1,1,
2026-09-27 20:12:11,brain,1042000,30.46,73.78,1005.07,31.66,68.82,1004.83,0,0,MANUAL,1,1,1,
2026-09-27 20:12:12,brain,1043000,30.47,74.29,1005.08,31.67,68.64,1004.82,0,0,MANUAL,1,1,1,
2026-09-27 20:12:13,brain,1044000,30.49,74.01,1005.09,31.67,68.55,1004.83,0,0,MANUAL,1,1,1,
2026-09-27 20:12:14,brain,1045000,30.49,74.62,1005.02,31.67,68.55,1004.80,0,0,MANUAL,1,1,1,
2026-09-27 20:12:15,brain,1046000,30.50,73.97,1004.98,31.66,68.68,1004.84,0,0,MANUAL,1,1,1,
2026-09-27 20:12:16,brain,1047000,30.50,73.84,1005.08,31.66,68.64,1004.81,0,0,MANUAL,1,1,1,
2026-09-27 20:12:17,brain,1048000,30.51,73.23,1005.06,31.66,68.63,1004.79,0,0,MANUAL,1,1,1,
2026-09-27 20:12:18,brain,1049000,30.52,74.39,1005.08,31.67,68.78,1004.82,0,0,MANUAL,1,1,1,
2026-09-27 20:12:19,brain,1050000,30.52,74.54,1005.07,31.67,68.99,1004.83,0,0,MANUAL,1,1,1,
2026-09-27 20:12:20,brain,1051000,30.53,74.20,1005.09,31.66,68.48,1004.81,0,0,MANUAL,1,1,1,
2026-09-27 20:12:21,brain,1052000,30.53,74.15,1005.09,31.66,68.54,1004.76,0,0,MANUAL,1,1,1,
2026-09-27 20:12:22,brain,1053000,30.55,73.36,1005.06,31.66,68.58,1004.83,0,0,MANUAL,1,1,1,
2026-09-27 20:12:23,brain,1054000,30.56,73.41,1005.14,31.66,68.57,1004.81,0,0,MANUAL,1,1,1,
2026-09-27 20:12:24,brain,1055000,30.56,74.62,1005.03,31.66,68.53,1004.75,0,0,MANUAL,1,1,1,
2026-09-27 20:12:25,brain,1056000,30.56,73.93,1005.09,31.66,68.61,1004.81,0,0,MANUAL,1,1,1,
2026-09-27 20:12:26,brain,1057000,30.58,73.28,1005.00,31.66,68.53,1004.79,0,0,MANUAL,1,1,1,
2026-09-27 20:12:27,brain,1058000,30.58,73.10,1005.09,31.66,68.41,1004.84,0,0,MANUAL,1,1,1,
2026-09-27 20:12:28,brain,1059000,30.60,72.85,1005.00,31.66,68.56,1004.81,0,0,MANUAL,1,1,1,
2026-09-27 20:12:29,brain,1060000,30.61,72.49,1005.08,31.66,68.55,1004.84,0,0,MANUAL,1,1,1,
2026-09-27 20:12:30,brain,1061000,30.62,73.59,1005.12,31.65,68.63,1004.80,0,0,MANUAL,1,1,1,
2026-09-27 20:12:31,brain,1062000,30.62,74.12,1005.06,31.66,68.71,1004.83,0,0,MANUAL,1,1,1,
2026-09-27 20:12:32,brain,1063000,30.62,74.44,1005.06,31.66,68.56,1004.83,0,0,MANUAL,1,1,1,
2026-09-27 20:12:33,brain,1064000,30.64,73.72,1005.12,31.66,68.54,1004.87,0,0,MANUAL,1,1,1,
2026-09-27 20:12:34,brain,1065000,30.64,73.92,1005.03,31.67,68.56,1004.85,0,0,MANUAL,1,1,1,
2026-09-27 20:12:35,brain,1066000,30.63,73.18,1005.02,31.66,68.63,1004.83,0,0,MANUAL,1,1,1,
2026-09-27 20:12:35,brain,,,,,,,,,,,,,,mist A=1 B=0 (manual)
2026-09-27 20:12:36,brain,1067000,30.64,72.76,1005.06,31.65,68.62,1004.74,1,0,MANUAL,1,1,1,
2026-09-27 20:12:37,brain,1068000,30.65,72.43,1004.99,31.66,68.49,1004.75,1,0,MANUAL,1,1,1,
2026-09-27 20:12:38,brain,1069000,30.65,72.43,1005.00,31.65,68.66,1004.79,1,0,MANUAL,1,1,1,
2026-09-27 20:12:39,brain,1070000,30.66,72.46,1005.06,31.65,68.39,1004.83,1,0,MANUAL,1,1,1,
2026-09-27 20:12:40,brain,1071000,30.67,72.28,1005.02,31.65,68.63,1004.80,1,0,MANUAL,1,1,1,
2026-09-27 20:12:41,brain,1072000,30.67,74.09,1005.06,31.66,68.97,1004.81,1,0,MANUAL,1,1,1,
2026-09-27 20:12:42,brain,1073000,30.68,74.41,1005.07,31.66,68.58,1004.76,1,0,MANUAL,1,1,1,
2026-09-27 20:12:43,brain,1074000,30.68,73.09,1005.08,31.65,68.54,1004.83,1,0,MANUAL,1,1,1,
2026-09-27 20:12:44,brain,1075000,30.69,73.77,1005.06,31.65,68.67,1004.80,1,0,MANUAL,1,1,1,
2026-09-27 20:12:45,brain,1076000,30.67,75.16,1005.05,31.65,68.63,1004.85,1,0,MANUAL,1,1,1,
2026-09-27 20:12:46,brain,1077000,30.66,74.17,1005.04,31.65,68.53,1004.83,1,0,MANUAL,1,1,1,
2026-09-27 20:12:47,brain,1078000,30.67,73.15,1005.05,31.66,68.52,1004.84,1,0,MANUAL,1,1,1,
2026-09-27 20:12:48,brain,1079000,30.67,73.39,1005.05,31.65,68.61,1004.77,1,0,MANUAL,1,1,1,
2026-09-27 20:12:49,brain,1080000,30.66,72.52,1005.07,31.66,68.48,1004.72,1,0,MANUAL,1,1,1,
2026-09-27 20:12:50,brain,1081000,30.68,72.88,1004.99,31.66,68.69,1004.83,1,0,MANUAL,1,1,1,
2026-09-27 20:12:51,brain,1082000,30.67,72.45,1005.05,31.66,68.53,1004.81,1,0,MANUAL,1,1,1,
2026-09-27 20:12:52,brain,1083000,30.68,72.45,1005.04,31.66,68.54,1004.81,1,0,MANUAL,1,1,1,
2026-09-27 20:12:53,brain,1084000,30.67,73.25,1005.09,31.66,68.46,1004.81,1,0,MANUAL,1,1,1,
2026-09-27 20:12:54,brain,1085000,30.67,72.41,1005.08,31.65,68.52,1004.83,1,0,MANUAL,1,1,1,
2026-09-27 20:12:55,brain,1086000,30.66,73.03,1005.04,31.66,68.46,1004.81,1,0,MANUAL,1,1,1,
2026-09-27 20:12:56,brain,1087000,30.66,73.86,1005.04,31.66,68.43,1004.75,1,0,MANUAL,1,1,1,
2026-09-27 20:12:57,brain,1088000,30.66,73.31,1005.09,31.66,68.53,1004.81,1,0,MANUAL,1,1,1,
2026-09-27 20:12:58,brain,1089000,30.65,74.12,1005.05,31.67,68.47,1004.88,1,0,MANUAL,1,1,1,
2026-09-27 20:12:59,brain,1090000,30.65,73.66,1005.08,31.67,68.38,1004.85,1,0,MANUAL,1,1,1,
2026-09-27 20:13:00,brain,1091000,30.63,74.61,1005.08,31.66,68.45,1004.79,1,0,MANUAL,1,1,1,
2026-09-27 20:13:01,brain,1092000,30.62,76.07,1005.06,31.67,68.64,1004.82,1,0,MANUAL,1,1,1,
2026-09-27 20:13:02,brain,1093000,30.63,73.85,1005.07,31.67,68.47,1004.86,1,0,MANUAL,1,1,1,
2026-09-27 20:13:03,brain,1094000,30.64,73.25,1005.06,31.67,68.50,1004.88,1,0,MANUAL,1,1,1,
2026-09-27 20:13:04,brain,1095000,30.61,74.55,1005.05,31.66,68.59,1004.81,1,0,MANUAL,1,1,1,
2026-09-27 20:13:05,brain,1096000,30.60,75.36,1005.02,31.67,68.52,1004.88,1,0,MANUAL,1,1,1,
2026-09-27 20:13:06,brain,1097000,30.57,75.02,1005.04,31.67,68.52,1004.83,1,0,MANUAL,1,1,1,
2026-09-27 20:13:07,brain,1098000,30.58,74.02,1005.09,31.66,68.58,1004.81,1,0,MANUAL,1,1,1,
2026-09-27 20:13:08,brain,1099000,30.58,73.16,1005.11,31.66,68.52,1004.87,1,0,MANUAL,1,1,1,
2026-09-27 20:13:09,brain,1100000,30.56,74.33,1005.05,31.67,68.86,1004.85,1,0,MANUAL,1,1,1,
2026-09-27 20:13:10,brain,1101000,30.55,74.53,1005.02,31.66,68.67,1004.79,1,0,MANUAL,1,1,1,
2026-09-27 20:13:11,brain,1102000,30.55,73.62,1005.07,31.66,68.77,1004.81,1,0,MANUAL,1,1,1,
2026-09-27 20:13:12,brain,1103000,30.57,73.88,1005.10,31.68,68.71,1004.84,1,0,MANUAL,1,1,1,
2026-09-27 20:13:13,brain,1104000,30.54,74.89,1005.08,31.66,68.76,1004.84,1,0,MANUAL,1,1,1,
2026-09-27 20:13:14,brain,1105000,30.53,76.19,1005.07,31.67,68.63,1004.85,1,0,MANUAL,1,1,1,
2026-09-27 20:13:15,brain,1106000,30.53,74.25,1005.06,31.66,68.55,1004.86,1,0,MANUAL,1,1,1,
2026-09-27 20:13:16,brain,1107000,30.53,75.81,1005.04,31.66,68.59,1004.87,1,0,MANUAL,1,1,1,
2026-09-27 20:13:17,brain,1108000,30.52,77.25,1005.08,31.66,68.55,1004.86,1,0,MANUAL,1,1,1,
2026-09-27 20:13:18,brain,1109000,30.51,75.85,1005.04,31.66,68.60,1004.84,1,0,MANUAL,1,1,1,
2026-09-27 20:13:19,brain,1110000,30.52,74.40,1005.07,31.65,68.55,1004.80,1,0,MANUAL,1,1,1,
2026-09-27 20:13:20,brain,1111000,30.53,73.95,1005.09,31.66,68.55,1004.87,1,0,MANUAL,1,1,1,
2026-09-27 20:13:21,brain,1112000,30.53,73.66,1005.04,31.67,68.56,1004.82,1,0,MANUAL,1,1,1,
2026-09-27 20:13:22,brain,1113000,30.53,73.72,1005.10,31.67,68.97,1004.90,1,0,MANUAL,1,1,1,
2026-09-27 20:13:23,brain,1114000,30.53,74.03,1005.07,31.66,68.51,1004.89,1,0,MANUAL,1,1,1,
2026-09-27 20:13:24,brain,1115000,30.52,74.75,1005.14,31.66,68.67,1004.78,1,0,MANUAL,1,1,1,
2026-09-27 20:13:25,brain,1116000,30.53,74.60,1005.10,31.66,68.58,1004.83,1,0,MANUAL,1,1,1,
2026-09-27 20:13:26,brain,1117000,30.53,73.57,1005.04,31.66,68.48,1004.86,1,0,MANUAL,1,1,1,
2026-09-27 20:13:27,brain,1118000,30.53,74.84,1005.09,31.66,68.50,1004.84,1,0,MANUAL,1,1,1,
2026-09-27 20:13:28,brain,1119000,30.53,73.46,1005.03,31.65,68.50,1004.88,1,0,MANUAL,1,1,1,
2026-09-27 20:13:29,brain,1120000,30.53,73.51,1005.04,31.65,68.67,1004.80,1,0,MANUAL,1,1,1,
2026-09-27 20:13:30,brain,1121000,30.53,74.98,1005.04,31.66,68.53,1004.83,1,0,MANUAL,1,1,1,
2026-09-27 20:13:31,brain,1122000,30.52,76.20,1005.07,31.66,68.64,1004.83,1,0,MANUAL,1,1,1,
2026-09-27 20:13:32,brain,1123000,30.51,77.44,1005.11,31.66,68.71,1004.81,1,0,MANUAL,1,1,1,
2026-09-27 20:13:33,brain,1124000,30.48,76.17,1005.07,31.66,68.60,1004.84,1,0,MANUAL,1,1,1,
2026-09-27 20:13:34,brain,1125000,30.48,75.31,1005.12,31.66,68.62,1004.83,1,0,MANUAL,1,1,1,
2026-09-27 20:13:35,brain,1126000,30.47,76.04,1005.10,31.65,68.54,1004.88,1,0,MANUAL,1,1,1,
2026-09-27 20:13:36,brain,1127000,30.47,74.52,1005.10,31.66,68.46,1004.81,1,0,MANUAL,1,1,1,
2026-09-27 20:13:37,brain,1128000,30.47,74.76,1005.10,31.66,68.59,1004.76,1,0,MANUAL,1,1,1,
2026-09-27 20:13:38,brain,1129000,30.47,75.08,1005.06,31.67,68.47,1004.79,1,0,MANUAL,1,1,1,
2026-09-27 20:13:39,brain,1130000,30.47,75.53,1005.11,31.66,68.58,1004.81,1,0,MANUAL,1,1,1,
2026-09-27 20:13:40,brain,1131000,30.45,76.64,1005.08,31.66,68.56,1004.84,1,0,MANUAL,1,1,1,
2026-09-27 20:13:41,brain,1132000,30.44,76.01,1005.05,31.67,68.62,1004.86,1,0,MANUAL,1,1,1,
2026-09-27 20:13:42,brain,1133000,30.44,76.09,1005.11,31.66,68.48,1004.90,1,0,MANUAL,1,1,1,
2026-09-27 20:13:43,brain,1134000,30.44,76.45,1005.08,31.67,68.56,1004.79,1,0,MANUAL,1,1,1,
2026-09-27 20:13:44,brain,1135000,30.43,75.76,1005.07,31.68,68.52,1004.89,1,0,MANUAL,1,1,1,
2026-09-27 20:13:45,brain,1136000,30.44,75.52,1005.11,31.67,68.44,1004.85,1,0,MANUAL,1,1,1,
2026-09-27 20:13:46,brain,1137000,30.43,75.58,1005.07,31.66,68.86,1004.81,1,0,MANUAL,1,1,1,
2026-09-27 20:13:47,brain,1138000,30.42,75.51,1005.06,31.67,68.55,1004.80,1,0,MANUAL,1,1,1,
2026-09-27 20:13:48,brain,1139000,30.43,75.46,1005.07,31.67,68.42,1004.91,1,0,MANUAL,1,1,1,
2026-09-27 20:13:49,brain,1140000,30.43,74.62,1005.02,31.67,68.50,1004.82,1,0,MANUAL,1,1,1,
2026-09-27 20:13:50,brain,1141000,30.44,74.31,1005.06,31.67,68.90,1004.83,1,0,MANUAL,1,1,1,
2026-09-27 20:13:51,brain,1142000,30.44,75.54,1005.09,31.66,68.47,1004.84,1,0,MANUAL,1,1,1,
2026-09-27 20:13:52,brain,1143000,30.42,76.22,1005.06,31.67,68.56,1004.89,1,0,MANUAL,1,1,1,
2026-09-27 20:13:53,brain,1144000,30.43,75.38,1005.16,31.67,68.50,1004.85,1,0,MANUAL,1,1,1,
2026-09-27 20:13:54,brain,1145000,30.42,75.43,1005.06,31.67,68.55,1004.83,1,0,MANUAL,1,1,1,
2026-09-27 20:13:55,brain,1146000,30.42,75.59,1005.05,31.67,68.65,1004.85,1,0,MANUAL,1,1,1,
2026-09-27 20:13:56,brain,1147000,30.42,75.84,1005.12,31.67,68.41,1004.90,1,0,MANUAL,1,1,1,
2026-09-27 20:13:57,brain,1148000,30.42,74.87,1005.06,31.66,68.44,1004.84,1,0,MANUAL,1,1,1,
2026-09-27 20:13:58,brain,1149000,30.41,74.93,1005.04,31.67,68.44,1004.83,1,0,MANUAL,1,1,1,
2026-09-27 20:13:59,brain,1150000,30.42,74.15,1005.14,31.67,68.78,1004.89,1,0,MANUAL,1,1,1,
2026-09-27 20:14:00,brain,1151000,30.43,74.84,1005.04,31.68,68.58,1004.89,1,0,MANUAL,1,1,1,
2026-09-27 20:14:01,brain,1152000,30.42,76.95,1005.02,31.68,68.69,1004.85,1,0,MANUAL,1,1,1,
2026-09-27 20:14:02,brain,1153000,30.40,78.03,1005.14,31.66,68.62,1004.81,1,0,MANUAL,1,1,1,
2026-09-27 20:14:03,brain,1154000,30.37,78.16,1005.05,31.67,68.70,1004.83,1,0,MANUAL,1,1,1,
2026-09-27 20:14:04,brain,1155000,30.36,76.87,1005.09,31.67,68.63,1004.77,1,0,MANUAL,1,1,1,
2026-09-27 20:14:05,brain,1156000,30.35,76.83,1005.11,31.67,68.53,1004.80,1,0,MANUAL,1,1,1,
2026-09-27 20:14:06,brain,1157000,30.35,76.76,1005.09,31.67,68.50,1004.83,1,0,MANUAL,1,1,1,
2026-09-27 20:14:07,brain,1158000,30.35,76.72,1005.05,31.67,68.47,1004.86,1,0,MANUAL,1,1,1,
2026-09-27 20:14:08,brain,1159000,30.34,76.37,1005.12,31.68,68.58,1004.87,1,0,MANUAL,1,1,1,
2026-09-27 20:14:09,brain,1160000,30.33,76.09,1005.11,31.67,68.53,1004.83,1,0,MANUAL,1,1,1,
2026-09-27 20:14:10,brain,1161000,30.35,75.33,1005.08,31.67,68.60,1004.91,1,0,MANUAL,1,1,1,
2026-09-27 20:14:11,brain,1162000,30.36,74.73,1005.10,31.67,68.45,1004.83,1,0,MANUAL,1,1,1,
2026-09-27 20:14:12,brain,1163000,30.37,74.30,1005.11,31.67,68.59,1004.83,1,0,MANUAL,1,1,1,
2026-09-27 20:14:13,brain,1164000,30.35,76.04,1005.02,31.67,68.51,1004.91,1,0,MANUAL,1,1,1,
2026-09-27 20:14:14,brain,1165000,30.34,75.99,1005.09,31.67,68.50,1004.80,1,0,MANUAL,1,1,1,
2026-09-27 20:14:15,brain,1166000,30.31,76.48,1005.11,31.67,68.44,1004.85,1,0,MANUAL,1,1,1,
2026-09-27 20:14:16,brain,1167000,30.31,75.81,1005.16,31.67,68.46,1004.86,1,0,MANUAL,1,1,1,
2026-09-27 20:14:17,brain,1168000,30.34,75.84,1005.09,31.67,68.59,1004.82,1,0,MANUAL,1,1,1,
2026-09-27 20:14:18,brain,1169000,30.30,75.25,1005.12,31.66,68.44,1004.78,1,0,MANUAL,1,1,1,
2026-09-27 20:14:19,brain,1170000,30.31,75.35,1005.13,31.67,68.51,1004.80,1,0,MANUAL,1,1,1,
2026-09-27 20:14:20,brain,1171000,30.30,77.53,1005.09,31.67,68.80,1004.93,1,0,MANUAL,1,1,1,
2026-09-27 20:14:21,brain,1172000,30.29,76.73,1005.09,31.67,68.65,1004.83,1,0,MANUAL,1,1,1,
2026-09-27 20:14:22,brain,1173000,30.29,77.44,1005.04,31.67,68.55,1004.89,1,0,MANUAL,1,1,1,
2026-09-27 20:14:23,brain,1174000,30.29,78.29,1005.09,31.67,68.47,1004.85,1,0,MANUAL,1,1,1,
2026-09-27 20:14:24,brain,1175000,30.27,78.33,1005.13,31.66,68.52,1004.90,1,0,MANUAL,1,1,1,
2026-09-27 20:14:25,brain,1176000,30.28,79.69,1005.16,31.67,68.50,1004.88,1,0,MANUAL,1,1,1,
2026-09-27 20:14:26,brain,1177000,30.29,80.65,1005.19,31.66,68.45,1004.92,1,0,MANUAL,1,1,1,
2026-09-27 20:14:27,brain,1178000,30.27,78.94,1005.10,31.66,68.48,1004.84,1,0,MANUAL,1,1,1,
2026-09-27 20:14:28,brain,1179000,30.25,77.75,1005.14,31.66,68.53,1004.87,1,0,MANUAL,1,1,1,
2026-09-27 20:14:29,brain,1180000,30.23,77.87,1005.09,31.66,68.45,1004.84,1,0,MANUAL,1,1,1,
2026-09-27 20:14:30,brain,1181000,30.25,76.20,1005.11,31.66,68.51,1004.84,1,0,MANUAL,1,1,1,
2026-09-27 20:14:31,brain,1182000,30.25,76.53,1005.11,31.66,68.51,1004.81,1,0,MANUAL,1,1,1,
2026-09-27 20:14:32,brain,1183000,30.25,76.64,1005.14,31.66,68.55,1004.84,1,0,MANUAL,1,1,1,
2026-09-27 20:14:33,brain,1184000,30.23,76.88,1005.14,31.66,68.50,1004.84,1,0,MANUAL,1,1,1,
2026-09-27 20:14:34,brain,1185000,30.23,78.29,1005.17,31.67,68.64,1004.88,1,0,MANUAL,1,1,1,
2026-09-27 20:14:35,brain,1186000,30.23,79.46,1005.06,31.66,68.53,1004.81,1,0,MANUAL,1,1,1,
2026-09-27 20:14:36,brain,1187000,30.21,79.59,1005.09,31.65,68.53,1004.85,1,0,MANUAL,1,1,1,
2026-09-27 20:14:37,brain,1188000,30.19,78.39,1005.12,31.67,68.68,1004.82,1,0,MANUAL,1,1,1,
2026-09-27 20:14:38,brain,1189000,30.21,79.21,1005.11,31.66,68.78,1004.86,1,0,MANUAL,1,1,1,
2026-09-27 20:14:39,brain,1190000,30.20,79.32,1005.13,31.66,68.84,1004.89,1,0,MANUAL,1,1,1,
2026-09-27 20:14:40,brain,1191000,30.19,78.47,1005.12,31.66,68.54,1004.81,1,0,MANUAL,1,1,1,
2026-09-27 20:14:41,brain,1192000,30.18,77.87,1005.09,31.67,68.52,1004.88,1,0,MANUAL,1,1,1,
2026-09-27 20:14:42,brain,1193000,30.18,79.88,1005.07,31.66,68.60,1004.90,1,0,MANUAL,1,1,1,
2026-09-27 20:14:43,brain,1194000,30.16,77.58,1005.03,31.66,68.51,1004.87,1,0,MANUAL,1,1,1,
2026-09-27 20:14:44,brain,1195000,30.17,76.92,1005.11,31.66,68.65,1004.86,1,0,MANUAL,1,1,1,
2026-09-27 20:14:45,brain,1196000,30.17,79.08,1005.11,31.67,68.61,1004.85,1,0,MANUAL,1,1,1,
2026-09-27 20:14:46,brain,1197000,30.17,80.06,1005.13,31.67,68.62,1004.88,1,0,MANUAL,1,1,1,
2026-09-27 20:14:47,brain,1198000,30.16,78.70,1005.10,31.66,68.63,1004.81,1,0,MANUAL,1,1,1,
2026-09-27 20:14:48,brain,1199000,30.17,78.64,1005.11,31.66,68.79,1004.84,1,0,MANUAL,1,1,1,
2026-09-27 20:14:49,brain,1200000,30.17,78.68,1005.11,31.65,68.56,1004.85,1,0,MANUAL,1,1,1,
2026-09-27 20:14:50,brain,1201000,30.16,76.74,1005.06,31.66,68.46,1004.90,1,0,MANUAL,1,1,1,
2026-09-27 20:14:51,brain,1202000,30.17,79.67,1005.13,31.66,68.51,1004.81,1,0,MANUAL,1,1,1,
2026-09-27 20:14:52,brain,1203000,30.15,79.24,1005.05,31.67,68.52,1004.85,1,0,MANUAL,1,1,1,
2026-09-27 20:14:53,brain,1204000,30.13,79.44,1005.13,31.67,68.55,1004.83,1,0,MANUAL,1,1,1,
2026-09-27 20:14:54,brain,1205000,30.12,77.85,1005.19,31.66,68.79,1004.86,1,0,MANUAL,1,1,1,
2026-09-27 20:14:55,brain,1206000,30.13,77.00,1005.15,31.66,68.63,1004.87,1,0,MANUAL,1,1,1,
2026-09-27 20:14:56,brain,1207000,30.15,75.90,1005.10,31.66,68.56,1004.87,1,0,MANUAL,1,1,1,
2026-09-27 20:14:57,brain,1208000,30.15,75.24,1005.10,31.67,68.59,1004.90,1,0,MANUAL,1,1,1,
2026-09-27 20:14:58,brain,1209000,30.16,75.36,1005.15,31.67,68.61,1004.85,1,0,MANUAL,1,1,1,
2026-09-27 20:14:59,brain,1210000,30.17,75.24,1005.11,31.67,68.53,1004.88,1,0,MANUAL,1,1,1,
2026-09-27 20:15:00,brain,1211000,30.17,75.55,1005.11,31.67,68.61,1004.88,1,0,MANUAL,1,1,1,
2026-09-27 20:15:01,brain,1212000,30.17,78.02,1005.14,31.67,68.50,1004.83,1,0,MANUAL,1,1,1,
2026-09-27 20:15:02,brain,1213000,30.17,78.31,1005.09,31.67,68.87,1004.79,1,0,MANUAL,1,1,1,
2026-09-27 20:15:03,brain,1214000,30.15,78.23,1005.14,31.67,68.96,1004.89,1,0,MANUAL,1,1,1,
2026-09-27 20:15:04,brain,1215000,30.14,77.18,1005.06,31.67,68.82,1004.85,1,0,MANUAL,1,1,1,
2026-09-27 20:15:05,brain,1216000,30.15,76.58,1005.16,31.67,68.76,1004.88,1,0,MANUAL,1,1,1,
2026-09-27 20:15:06,brain,1217000,30.15,77.49,1005.10,31.67,68.89,1004.80,1,0,MANUAL,1,1,1,
2026-09-27 20:15:07,brain,1218000,30.15,76.55,1005.11,31.68,68.95,1004.87,1,0,MANUAL,1,1,1,
2026-09-27 20:15:08,brain,1219000,30.15,76.61,1005.11,31.67,68.87,1004.89,1,0,MANUAL,1,1,1,
2026-09-27 20:15:09,brain,1220000,30.15,76.32,1005.16,31.68,68.81,1004.95,1,0,MANUAL,1,1,1,
2026-09-27 20:15:10,brain,1221000,30.15,76.75,1005.16,31.67,68.98,1004.89,1,0,MANUAL,1,1,1,
2026-09-27 20:15:11,brain,1222000,30.15,76.83,1005.13,31.67,68.96,1004.89,1,0,MANUAL,1,1,1,
2026-09-27 20:15:12,brain,1223000,30.15,79.22,1005.16,31.67,68.82,1004.85,1,0,MANUAL,1,1,1,
2026-09-27 20:15:13,brain,1224000,30.14,79.50,1005.11,31.67,68.74,1004.86,1,0,MANUAL,1,1,1,
2026-09-27 20:15:14,brain,1225000,30.11,79.93,1005.13,31.67,68.88,1004.89,1,0,MANUAL,1,1,1,
2026-09-27 20:15:15,brain,1226000,30.10,80.57,1005.14,31.67,68.95,1004.89,1,0,MANUAL,1,1,1,
2026-09-27 20:15:16,brain,1227000,30.08,78.78,1005.16,31.68,68.76,1004.87,1,0,MANUAL,1,1,1,
2026-09-27 20:15:17,brain,1228000,30.08,77.61,1005.08,31.68,68.58,1004.93,1,0,MANUAL,1,1,1,
2026-09-27 20:15:18,brain,1229000,30.09,76.62,1005.06,31.67,68.60,1004.91,1,0,MANUAL,1,1,1,
2026-09-27 20:15:19,brain,1230000,30.10,77.89,1005.13,31.67,68.96,1004.86,1,0,MANUAL,1,1,1,
2026-09-27 20:15:20,brain,1231000,30.08,78.51,1005.13,31.67,68.94,1004.83,1,0,MANUAL,1,1,1,
2026-09-27 20:15:21,brain,1232000,30.06,79.80,1005.10,31.67,68.98,1004.82,1,0,MANUAL,1,1,1,
2026-09-27 20:15:22,brain,1233000,30.05,78.77,1005.17,31.67,68.83,1004.89,1,0,MANUAL,1,1,1,
2026-09-27 20:15:23,brain,1234000,30.06,76.82,1005.07,31.67,68.54,1004.86,1,0,MANUAL,1,1,1,
2026-09-27 20:15:24,brain,1235000,30.05,78.82,1005.06,31.67,68.62,1004.89,1,0,MANUAL,1,1,1,
2026-09-27 20:15:25,brain,1236000,30.04,79.15,1005.06,31.67,68.60,1004.91,1,0,MANUAL,1,1,1,
2026-09-27 20:15:26,brain,1237000,30.02,78.03,1005.09,31.66,68.62,1004.87,1,0,MANUAL,1,1,1,
2026-09-27 20:15:27,brain,1238000,30.04,78.23,1005.09,31.66,68.62,1004.81,1,0,MANUAL,1,1,1,
2026-09-27 20:15:28,brain,1239000,30.03,79.90,1005.11,31.67,68.60,1004.80,1,0,MANUAL,1,1,1,
2026-09-27 20:15:29,brain,1240000,30.01,79.02,1005.13,31.67,68.58,1004.83,1,0,MANUAL,1,1,1,
2026-09-27 20:15:30,brain,1241000,30.01,79.37,1005.16,31.67,68.56,1004.86,1,0,MANUAL,1,1,1,
2026-09-27 20:15:31,brain,1242000,30.00,78.47,1005.12,31.66,68.72,1004.90,1,0,MANUAL,1,1,1,
2026-09-27 20:15:32,brain,1243000,30.01,78.02,1005.14,31.66,68.53,1004.84,1,0,MANUAL,1,1,1,
2026-09-27 20:15:33,brain,1244000,30.01,79.49,1005.14,31.67,68.77,1004.93,1,0,MANUAL,1,1,1,
2026-09-27 20:15:34,brain,1245000,30.00,79.05,1005.12,31.68,68.59,1004.89,1,0,MANUAL,1,1,1,
2026-09-27 20:15:35,brain,1246000,30.01,78.11,1005.16,31.67,68.68,1004.82,1,0,MANUAL,1,1,1,
2026-09-27 20:15:36,brain,1247000,30.00,78.63,1005.06,31.66,68.53,1004.86,1,0,MANUAL,1,1,1,
2026-09-27 20:15:37,brain,1248000,30.02,76.82,1005.14,31.67,68.63,1004.85,1,0,MANUAL,1,1,1,
2026-09-27 20:15:38,brain,1249000,30.03,76.26,1005.13,31.66,68.61,1004.86,1,0,MANUAL,1,1,1,
2026-09-27 20:15:39,brain,1250000,30.04,75.78,1005.21,31.67,68.58,1004.88,1,0,MANUAL,1,1,1,
2026-09-27 20:15:40,brain,1251000,30.03,78.01,1005.14,31.67,68.56,1004.85,1,0,MANUAL,1,1,1,
2026-09-27 20:15:41,brain,1252000,30.03,78.62,1005.14,31.66,68.73,1004.84,1,0,MANUAL,1,1,1,
2026-09-27 20:15:42,brain,1253000,30.03,80.06,1005.17,31.67,68.60,1004.89,1,0,MANUAL,1,1,1,
2026-09-27 20:15:43,brain,1254000,30.02,78.46,1005.17,31.66,68.59,1004.84,1,0,MANUAL,1,1,1,
2026-09-27 20:15:44,brain,1255000,30.03,76.97,1005.02,31.67,68.54,1004.83,1,0,MANUAL,1,1,1,
2026-09-27 20:15:45,brain,1256000,30.04,76.15,1005.16,31.67,69.04,1004.82,1,0,MANUAL,1,1,1,
2026-09-27 20:15:46,brain,1257000,30.06,75.55,1005.12,31.67,68.63,1004.88,1,0,MANUAL,1,1,1,
2026-09-27 20:15:47,brain,1258000,30.05,76.91,1005.12,31.67,68.53,1004.85,1,0,MANUAL,1,1,1,
2026-09-27 20:15:48,brain,1259000,30.05,79.16,1005.17,31.66,68.77,1004.90,1,0,MANUAL,1,1,1,
2026-09-27 20:15:49,brain,1260000,30.04,79.78,1005.09,31.66,68.64,1004.86,1,0,MANUAL,1,1,1,
2026-09-27 20:15:50,brain,1261000,30.02,78.78,1005.14,31.66,68.52,1004.87,1,0,MANUAL,1,1,1,
2026-09-27 20:15:51,brain,1262000,30.01,78.90,1005.11,31.66,68.53,1004.92,1,0,MANUAL,1,1,1,
2026-09-27 20:15:52,brain,1263000,30.00,78.90,1005.14,31.66,68.79,1004.89,1,0,MANUAL,1,1,1,
2026-09-27 20:15:53,brain,1264000,30.01,76.93,1005.04,31.66,68.64,1004.87,1,0,MANUAL,1,1,1,
2026-09-27 20:15:54,brain,1265000,30.02,77.00,1005.12,31.65,68.66,1004.85,1,0,MANUAL,1,1,1,
2026-09-27 20:15:55,brain,1266000,30.02,77.54,1005.14,31.66,68.63,1004.89,1,0,MANUAL,1,1,1,
2026-09-27 20:15:56,brain,1267000,30.01,77.65,1005.13,31.66,68.62,1004.84,1,0,MANUAL,1,1,1,
2026-09-27 20:15:57,brain,1268000,30.02,76.07,1005.14,31.67,68.60,1004.88,1,0,MANUAL,1,1,1,
2026-09-27 20:15:58,brain,1269000,30.03,76.45,1005.16,31.66,68.64,1004.87,1,0,MANUAL,1,1,1,
2026-09-27 20:15:59,brain,1270000,30.02,76.87,1005.12,31.66,68.63,1004.81,1,0,MANUAL,1,1,1,
2026-09-27 20:16:00,brain,1271000,30.03,76.94,1005.10,31.67,68.58,1004.90,1,0,MANUAL,1,1,1,
2026-09-27 20:16:01,brain,1272000,30.02,76.60,1005.15,31.65,68.57,1004.85,1,0,MANUAL,1,1,1,
2026-09-27 20:16:02,brain,1273000,30.03,76.10,1005.22,31.66,68.62,1004.81,1,0,MANUAL,1,1,1,
2026-09-27 20:16:03,brain,1274000,30.03,77.02,1005.20,31.65,68.56,1004.88,1,0,MANUAL,1,1,1,
2026-09-27 20:16:04,brain,1275000,30.02,78.73,1005.14,31.66,68.60,1004.87,1,0,MANUAL,1,1,1,
2026-09-27 20:16:05,brain,1276000,30.00,80.02,1005.11,31.66,68.55,1004.90,1,0,MANUAL,1,1,1,
2026-09-27 20:16:06,brain,1277000,29.99,79.58,1005.15,31.65,68.99,1004.85,1,0,MANUAL,1,1,1,
2026-09-27 20:16:07,brain,1278000,29.98,79.76,1005.14,31.66,68.60,1004.87,1,0,MANUAL,1,1,1,
2026-09-27 20:16:08,brain,1279000,29.97,79.72,1005.16,31.66,68.57,1004.92,1,0,MANUAL,1,1,1,
2026-09-27 20:16:09,brain,1280000,29.97,80.22,1005.18,31.66,68.67,1004.90,1,0,MANUAL,1,1,1,
2026-09-27 20:16:10,brain,1281000,29.96,79.87,1005.13,31.65,68.66,1004.91,1,0,MANUAL,1,1,1,
2026-09-27 20:16:11,brain,1282000,29.96,79.43,1005.13,31.65,68.64,1004.85,1,0,MANUAL,1,1,1,
2026-09-27 20:16:12,brain,1283000,29.95,79.48,1005.12,31.65,68.56,1004.82,1,0,MANUAL,1,1,1,
2026-09-27 20:16:13,brain,1284000,29.96,80.06,1005.11,31.65,68.82,1004.85,1,0,MANUAL,1,1,1,
2026-09-27 20:16:14,brain,1285000,29.95,80.45,1005.18,31.66,68.88,1004.86,1,0,MANUAL,1,1,1,
2026-09-27 20:16:15,brain,1286000,29.94,80.77,1005.10,31.65,68.66,1004.80,1,0,MANUAL,1,1,1,
2026-09-27 20:16:16,brain,1287000,29.93,78.53,1005.08,31.65,68.64,1004.91,1,0,MANUAL,1,1,1,
2026-09-27 20:16:17,brain,1288000,29.93,78.38,1005.11,31.66,68.67,1004.86,1,0,MANUAL,1,1,1,
2026-09-27 20:16:18,brain,1289000,29.94,77.55,1005.13,31.66,68.58,1004.89,1,0,MANUAL,1,1,1,
2026-09-27 20:16:19,brain,1290000,29.94,77.81,1005.10,31.65,68.62,1004.83,1,0,MANUAL,1,1,1,
2026-09-27 20:16:20,brain,1291000,29.93,79.39,1005.14,31.66,68.53,1004.87,1,0,MANUAL,1,1,1,
2026-09-27 20:16:21,brain,1292000,29.92,79.21,1005.16,31.65,68.57,1004.85,1,0,MANUAL,1,1,1,
2026-09-27 20:16:22,brain,1293000,29.93,77.10,1005.08,31.65,68.88,1004.83,1,0,MANUAL,1,1,1,
2026-09-27 20:16:23,brain,1294000,29.93,78.41,1005.14,31.66,68.62,1004.89,1,0,MANUAL,1,1,1,
2026-09-27 20:16:24,brain,1295000,29.93,76.72,1005.18,31.66,68.94,1004.89,1,0,MANUAL,1,1,1,
2026-09-27 20:16:25,brain,1296000,29.94,76.73,1005.10,31.65,68.56,1004.88,1,0,MANUAL,1,1,1,
2026-09-27 20:16:26,brain,1297000,29.95,76.20,1005.09,31.66,68.87,1004.78,1,0,MANUAL,1,1,1,
2026-09-27 20:16:27,brain,1298000,29.95,76.36,1005.10,31.66,68.58,1004.86,1,0,MANUAL,1,1,1,
2026-09-27 20:16:28,brain,1299000,29.95,79.18,1005.15,31.65,68.50,1004.85,1,0,MANUAL,1,1,1,
2026-09-27 20:16:29,brain,1300000,29.93,78.82,1005.18,31.66,68.84,1004.86,1,0,MANUAL,1,1,1,
2026-09-27 20:16:30,brain,1301000,29.94,77.37,1005.11,31.65,68.69,1004.85,1,0,MANUAL,1,1,1,
2026-09-27 20:16:31,brain,1302000,29.94,77.33,1005.16,31.66,68.61,1004.89,1,0,MANUAL,1,1,1,
2026-09-27 20:16:32,brain,1303000,29.95,77.32,1005.18,31.65,68.52,1004.91,1,0,MANUAL,1,1,1,
2026-09-27 20:16:33,brain,1304000,29.96,77.45,1005.16,31.65,68.85,1004.87,1,0,MANUAL,1,1,1,
2026-09-27 20:16:34,brain,1305000,29.95,77.30,1005.12,31.65,68.67,1004.85,1,0,MANUAL,1,1,1,
2026-09-27 20:16:35,brain,1306000,29.96,77.41,1005.08,31.65,68.66,1004.91,1,0,MANUAL,1,1,1,
2026-09-27 20:16:36,brain,1307000,29.96,76.58,1005.13,31.66,68.81,1004.87,1,0,MANUAL,1,1,1,
2026-09-27 20:16:37,brain,1308000,29.97,77.49,1005.13,31.65,68.80,1004.91,1,0,MANUAL,1,1,1,
2026-09-27 20:16:38,brain,1309000,29.97,75.85,1005.09,31.65,68.62,1004.96,1,0,MANUAL,1,1,1,
2026-09-27 20:16:39,brain,1310000,29.98,76.83,1005.16,31.65,68.74,1004.88,1,0,MANUAL,1,1,1,
2026-09-27 20:16:40,brain,1311000,29.97,78.53,1005.10,31.65,68.63,1004.85,1,0,MANUAL,1,1,1,
2026-09-27 20:16:41,brain,1312000,29.97,77.74,1005.16,31.65,68.67,1004.87,1,0,MANUAL,1,1,1,
2026-09-27 20:16:42,brain,1313000,29.98,77.59,1005.16,31.66,68.61,1004.86,1,0,MANUAL,1,1,1,
2026-09-27 20:16:43,brain,1314000,29.98,77.79,1005.11,31.65,68.62,1004.85,1,0,MANUAL,1,1,1,
2026-09-27 20:16:44,brain,1315000,29.98,78.53,1005.06,31.66,68.54,1004.87,1,0,MANUAL,1,1,1,
2026-09-27 20:16:45,brain,1316000,29.99,77.59,1005.12,31.66,68.62,1004.92,1,0,MANUAL,1,1,1,
2026-09-27 20:16:46,brain,1317000,30.01,76.45,1005.16,31.65,68.54,1004.83,1,0,MANUAL,1,1,1,
2026-09-27 20:16:47,brain,1318000,30.02,76.31,1005.12,31.66,68.57,1004.92,1,0,MANUAL,1,1,1,
2026-09-27 20:16:48,brain,1319000,30.03,75.44,1005.14,31.66,68.57,1004.86,1,0,MANUAL,1,1,1,
2026-09-27 20:16:49,brain,1320000,30.04,76.18,1005.15,31.65,68.46,1004.85,1,0,MANUAL,1,1,1,
2026-09-27 20:16:50,brain,1321000,30.03,77.05,1005.13,31.66,68.69,1004.87,1,0,MANUAL,1,1,1,
2026-09-27 20:16:51,brain,1322000,30.02,79.06,1005.12,31.65,68.47,1004.85,1,0,MANUAL,1,1,1,
2026-09-27 20:16:52,brain,1323000,30.03,79.77,1005.16,31.67,68.60,1004.88,1,0,MANUAL,1,1,1,
2026-09-27 20:16:53,brain,1324000,30.02,78.02,1005.12,31.66,68.63,1004.90,1,0,MANUAL,1,1,1,
2026-09-27 20:16:54,brain,1325000,30.04,76.08,1005.10,31.66,68.52,1004.92,1,0,MANUAL,1,1,1,
2026-09-27 20:16:55,brain,1326000,30.06,76.52,1005.15,31.66,68.99,1004.92,1,0,MANUAL,1,1,1,
2026-09-27 20:16:56,brain,1327000,30.05,76.08,1005.12,31.66,68.62,1004.87,1,0,MANUAL,1,1,1,
2026-09-27 20:16:57,brain,1328000,30.05,75.74,1005.12,31.66,68.82,1004.92,1,0,MANUAL,1,1,1,
2026-09-27 20:16:58,brain,1329000,30.08,76.18,1005.16,31.66,68.92,1004.86,1,0,MANUAL,1,1,1,
2026-09-27 20:16:59,brain,1330000,30.07,75.64,1005.15,31.67,68.45,1004.93,1,0,MANUAL,1,1,1,
2026-09-27 20:17:00,brain,1331000,30.05,76.57,1005.09,31.66,68.60,1004.87,1,0,MANUAL,1,1,1,
2026-09-27 20:17:01,brain,1332000,30.07,76.21,1005.12,31.66,68.97,1004.86,1,0,MANUAL,1,1,1,
2026-09-27 20:17:02,brain,1333000,30.07,76.00,1005.12,31.66,68.79,1004.84,1,0,MANUAL,1,1,1,
2026-09-27 20:17:03,brain,1334000,30.10,75.56,1005.13,31.66,68.46,1004.90,1,0,MANUAL,1,1,1,
2026-09-27 20:17:04,brain,1335000,30.10,77.14,1005.14,31.66,68.55,1004.90,1,0,MANUAL,1,1,1,
2026-09-27 20:17:05,brain,1336000,30.09,75.77,1005.15,31.66,68.56,1004.92,1,0,MANUAL,1,1,1,
2026-09-27 20:17:06,brain,1337000,30.11,75.66,1005.13,31.66,68.67,1004.87,1,0,MANUAL,1,1,1,
2026-09-27 20:17:07,brain,1338000,30.12,75.75,1005.14,31.66,68.64,1004.89,1,0,MANUAL,1,1,1,
2026-09-27 20:17:08,brain,1339000,30.13,75.32,1005.18,31.66,68.77,1004.87,1,0,MANUAL,1,1,1,
2026-09-27 20:17:09,brain,1340000,30.13,77.10,1005.15,31.67,68.63,1004.88,1,0,MANUAL,1,1,1,
2026-09-27 20:17:10,brain,1341000,30.10,77.47,1005.11,31.66,68.89,1004.92,1,0,MANUAL,1,1,1,
2026-09-27 20:17:11,brain,1342000,30.10,76.95,1005.13,31.67,68.85,1004.88,1,0,MANUAL,1,1,1,
2026-09-27 20:17:12,brain,1343000,30.09,77.46,1005.15,31.67,68.62,1004.88,1,0,MANUAL,1,1,1,
2026-09-27 20:17:13,brain,1344000,30.08,78.12,1005.17,31.66,68.80,1004.90,1,0,MANUAL,1,1,1,
2026-09-27 20:17:14,brain,1345000,30.08,77.35,1005.16,31.67,68.85,1004.88,1,0,MANUAL,1,1,1,
2026-09-27 20:17:15,brain,1346000,30.09,76.66,1005.12,31.66,68.58,1004.84,1,0,MANUAL,1,1,1,
2026-09-27 20:17:16,brain,1347000,30.10,75.69,1005.08,31.66,68.61,1004.92,1,0,MANUAL,1,1,1,
2026-09-27 20:17:17,brain,1348000,30.11,75.10,1005.21,31.66,68.62,1004.86,1,0,MANUAL,1,1,1,
2026-09-27 20:17:18,brain,1349000,30.12,75.72,1005.17,31.65,68.56,1004.88,1,0,MANUAL,1,1,1,
2026-09-27 20:17:19,brain,1350000,30.11,76.06,1005.16,31.66,68.61,1004.90,1,0,MANUAL,1,1,1,
2026-09-27 20:17:20,brain,1351000,30.12,76.17,1005.12,31.66,68.68,1004.90,1,0,MANUAL,1,1,1,
2026-09-27 20:17:21,brain,1352000,30.11,76.86,1005.19,31.66,68.68,1004.87,1,0,MANUAL,1,1,1,
2026-09-27 20:17:22,brain,1353000,30.11,77.27,1005.16,31.67,68.60,1004.88,1,0,MANUAL,1,1,1,
2026-09-27 20:17:23,brain,1354000,30.10,76.23,1005.19,31.66,68.53,1004.87,1,0,MANUAL,1,1,1,
2026-09-27 20:17:24,brain,1355000,30.11,76.74,1005.13,31.66,68.56,1004.95,1,0,MANUAL,1,1,1,
2026-09-27 20:17:25,brain,1356000,30.11,79.00,1005.26,31.66,68.47,1004.92,1,0,MANUAL,1,1,1,
2026-09-27 20:17:26,brain,1357000,30.09,80.15,1005.23,31.66,68.64,1004.89,1,0,MANUAL,1,1,1,
2026-09-27 20:17:27,brain,1358000,30.08,80.37,1005.10,31.67,68.60,1004.88,1,0,MANUAL,1,1,1,
2026-09-27 20:17:28,brain,1359000,30.06,79.92,1005.12,31.67,68.58,1004.97,1,0,MANUAL,1,1,1,
2026-09-27 20:17:29,brain,1360000,30.05,77.84,1005.19,31.66,68.58,1004.92,1,0,MANUAL,1,1,1,
2026-09-27 20:17:30,brain,1361000,30.07,76.60,1005.17,31.66,68.61,1004.90,1,0,MANUAL,1,1,1,
2026-09-27 20:17:31,brain,1362000,30.09,76.21,1005.20,31.66,68.61,1004.84,1,0,MANUAL,1,1,1,
2026-09-27 20:17:32,brain,1363000,30.08,76.60,1005.13,31.66,68.71,1004.86,1,0,MANUAL,1,1,1,
2026-09-27 20:17:33,brain,1364000,30.08,76.47,1005.14,31.66,68.78,1004.84,1,0,MANUAL,1,1,1,
2026-09-27 20:17:34,brain,1365000,30.08,77.30,1005.19,31.67,68.63,1004.89,1,0,MANUAL,1,1,1,
2026-09-27 20:17:35,brain,1366000,30.07,76.57,1005.18,31.67,68.77,1004.86,1,0,MANUAL,1,1,1,
2026-09-27 20:17:36,brain,1367000,30.05,77.02,1005.17,31.66,68.60,1004.92,1,0,MANUAL,1,1,1,
2026-09-27 20:17:37,brain,1368000,30.07,75.86,1005.15,31.66,68.52,1004.87,1,0,MANUAL,1,1,1,
2026-09-27 20:17:38,brain,1369000,30.07,76.37,1005.17,31.67,68.58,1004.91,1,0,MANUAL,1,1,1,
2026-09-27 20:17:39,brain,1370000,30.08,77.91,1005.16,31.67,68.58,1004.91,1,0,MANUAL,1,1,1,
2026-09-27 20:17:39,brain,,,,,,,,,,,,,,mist A=0 B=0 (manual)
2026-09-27 20:17:40,brain,1371000,30.05,78.21,1005.15,31.66,68.90,1004.81,0,0,MANUAL,1,1,1,
2026-09-27 20:17:41,brain,1372000,30.05,78.83,1005.14,31.67,68.52,1004.89,0,0,MANUAL,1,1,1,
2026-09-27 20:17:42,brain,1373000,30.01,78.51,1005.19,31.67,68.53,1004.88,0,0,MANUAL,1,1,1,
2026-09-27 20:17:43,brain,1374000,30.03,77.18,1005.19,31.67,68.61,1004.89,0,0,MANUAL,1,1,1,
2026-09-27 20:17:44,brain,1375000,30.03,77.00,1005.13,31.66,68.75,1004.83,0,0,MANUAL,1,1,1,
2026-09-27 20:17:45,brain,1376000,30.01,77.25,1005.14,31.66,68.58,1004.92,0,0,MANUAL,1,1,1,
2026-09-27 20:17:46,brain,1377000,30.03,76.45,1005.08,31.67,68.68,1004.96,0,0,MANUAL,1,1,1,
2026-09-27 20:17:47,brain,1378000,30.03,77.92,1005.14,31.67,68.50,1004.88,0,0,MANUAL,1,1,1,
2026-09-27 20:17:48,brain,1379000,30.02,78.54,1005.15,31.67,68.68,1004.96,0,0,MANUAL,1,1,1,
2026-09-27 20:17:49,brain,1380000,30.02,76.33,1005.17,31.66,68.95,1004.92,0,0,MANUAL,1,1,1,
2026-09-27 20:17:50,brain,1381000,30.04,76.12,1005.15,31.66,68.60,1004.87,0,0,MANUAL,1,1,1,
2026-09-27 20:17:51,brain,1382000,30.04,75.93,1005.16,31.66,68.64,1004.90,0,0,MANUAL,1,1,1,
2026-09-27 20:17:52,brain,1383000,30.05,76.75,1005.17,31.67,68.53,1004.88,0,0,MANUAL,1,1,1,
2026-09-27 20:17:53,brain,1384000,30.05,75.68,1005.17,31.66,68.83,1004.90,0,0,MANUAL,1,1,1,
2026-09-27 20:17:54,brain,1385000,30.06,76.00,1005.10,31.66,68.93,1004.87,0,0,MANUAL,1,1,1,
2026-09-27 20:17:55,brain,1386000,30.07,76.31,1005.14,31.66,68.77,1004.90,0,0,MANUAL,1,1,1,
2026-09-27 20:17:56,brain,1387000,30.08,75.64,1005.21,31.66,68.70,1004.87,0,0,MANUAL,1,1,1,
2026-09-27 20:17:57,brain,1388000,30.09,75.93,1005.09,31.65,68.87,1004.91,0,0,MANUAL,1,1,1,
2026-09-27 20:17:58,brain,1389000,30.08,77.61,1005.19,31.66,68.69,1004.81,0,0,MANUAL,1,1,1,
2026-09-27 20:17:59,brain,1390000,30.10,75.84,1005.10,31.66,68.57,1004.89,0,0,MANUAL,1,1,1,
2026-09-27 20:18:00,brain,1391000,30.11,76.22,1005.15,31.66,68.87,1004.86,0,0,MANUAL,1,1,1,
2026-09-27 20:18:01,brain,1392000,30.11,76.06,1005.16,31.66,68.89,1004.81,0,0,MANUAL,1,1,1,
2026-09-27 20:18:02,brain,1393000,30.13,75.63,1005.21,31.66,68.67,1004.89,0,0,MANUAL,1,1,1,
2026-09-27 20:18:03,brain,1394000,30.13,75.88,1005.19,31.66,68.51,1004.87,0,0,MANUAL,1,1,1,
2026-09-27 20:18:04,brain,1395000,30.14,76.12,1005.17,31.67,68.60,1004.94,0,0,MANUAL,1,1,1,
2026-09-27 20:18:05,brain,1396000,30.15,75.65,1005.16,31.67,68.63,1004.90,0,0,MANUAL,1,1,1,
2026-09-27 20:18:06,brain,1397000,30.15,74.93,1005.13,31.66,68.52,1004.92,0,0,MANUAL,1,1,1,
2026-09-27 20:18:07,brain,1398000,30.17,75.06,1005.11,31.66,68.56,1004.94,0,0,MANUAL,1,1,1,
2026-09-27 20:18:08,brain,1399000,30.18,74.58,1005.16,31.66,68.71,1004.94,0,0,MANUAL,1,1,1,
2026-09-27 20:18:09,brain,1400000,30.19,76.27,1005.15,31.66,68.73,1004.92,0,0,MANUAL,1,1,1,
2026-09-27 20:18:10,brain,1401000,30.19,77.12,1005.17,31.66,68.60,1004.89,0,0,MANUAL,1,1,1,
2026-09-27 20:18:11,brain,1402000,30.21,77.50,1005.20,31.66,68.66,1004.92,0,0,MANUAL,1,1,1,
2026-09-27 20:18:12,brain,1403000,30.22,77.71,1005.16,31.66,68.63,1004.86,0,0,MANUAL,1,1,1,
2026-09-27 20:18:13,brain,1404000,30.21,75.76,1005.17,31.66,68.65,1004.92,0,0,MANUAL,1,1,1,
2026-09-27 20:18:14,brain,1405000,30.23,75.20,1005.17,31.65,68.75,1004.91,0,0,MANUAL,1,1,1,
2026-09-27 20:18:15,brain,1406000,30.26,75.62,1005.16,31.65,68.65,1004.83,0,0,MANUAL,1,1,1,
2026-09-27 20:18:16,brain,1407000,30.25,76.49,1005.21,31.66,68.86,1004.90,0,0,MANUAL,1,1,1,
2026-09-27 20:18:17,brain,1408000,30.26,75.36,1005.17,31.66,68.66,1004.92,0,0,MANUAL,1,1,1,
2026-09-27 20:18:18,brain,1409000,30.27,75.55,1005.12,31.65,68.65,1004.96,0,0,MANUAL,1,1,1,
2026-09-27 20:18:19,brain,1410000,30.28,76.15,1005.16,31.66,68.69,1004.89,0,0,MANUAL,1,1,1,
2026-09-27 20:18:20,brain,1411000,30.29,76.83,1005.12,31.65,68.64,1004.85,0,0,MANUAL,1,1,1,
2026-09-27 20:18:21,brain,1412000,30.30,75.03,1005.14,31.67,68.60,1004.94,0,0,MANUAL,1,1,1,
2026-09-27 20:18:22,brain,1413000,30.31,75.95,1005.10,31.66,68.61,1004.86,0,0,MANUAL,1,1,1,
2026-09-27 20:18:23,brain,1414000,30.31,76.25,1005.15,31.66,68.86,1004.92,0,0,MANUAL,1,1,1,
2026-09-27 20:18:24,brain,1415000,30.32,76.91,1005.15,31.66,68.60,1004.97,0,0,MANUAL,1,1,1,
2026-09-27 20:18:25,brain,1416000,30.33,75.09,1005.17,31.66,68.66,1004.86,0,0,MANUAL,1,1,1,
2026-09-27 20:18:26,brain,1417000,30.34,75.77,1005.10,31.66,69.03,1004.92,0,0,MANUAL,1,1,1,
2026-09-27 20:18:27,brain,1418000,30.35,76.01,1005.17,31.66,68.77,1004.92,0,0,MANUAL,1,1,1,
2026-09-27 20:18:28,brain,1419000,30.36,75.12,1005.19,31.66,68.79,1004.89,0,0,MANUAL,1,1,1,
2026-09-27 20:18:29,brain,1420000,30.36,74.39,1005.12,31.65,68.65,1004.91,0,0,MANUAL,1,1,1,
2026-09-27 20:18:30,brain,1421000,30.38,73.90,1005.16,31.66,68.53,1004.92,0,0,MANUAL,1,1,1,
2026-09-27 20:18:31,brain,1422000,30.39,74.49,1005.11,31.65,68.56,1004.88,0,0,MANUAL,1,1,1,
2026-09-27 20:18:32,brain,1423000,30.39,75.12,1005.12,31.66,68.56,1004.89,0,0,MANUAL,1,1,1,
2026-09-27 20:18:33,brain,1424000,30.39,74.17,1005.09,31.65,68.67,1004.91,0,0,MANUAL,1,1,1,
2026-09-27 20:18:34,brain,1425000,30.42,73.80,1005.25,31.65,68.53,1004.88,0,0,MANUAL,1,1,1,
2026-09-27 20:18:35,brain,1426000,30.42,73.66,1005.17,31.66,68.61,1004.98,0,0,MANUAL,1,1,1,
2026-09-27 20:18:36,brain,1427000,30.43,73.06,1005.12,31.65,68.69,1004.91,0,0,MANUAL,1,1,1,
2026-09-27 20:18:37,brain,1428000,30.45,73.66,1005.16,31.65,68.55,1004.91,0,0,MANUAL,1,1,1,
2026-09-27 20:18:38,brain,1429000,30.45,74.44,1005.14,31.65,68.62,1004.88,0,0,MANUAL,1,1,1,
2026-09-27 20:18:39,brain,1430000,30.46,74.47,1005.21,31.65,68.53,1004.91,0,0,MANUAL,1,1,1,
2026-09-27 20:18:40,brain,1431000,30.46,73.87,1005.12,31.66,68.52,1004.83,0,0,MANUAL,1,1,1,
2026-09-27 20:18:41,brain,1432000,30.48,75.82,1005.24,31.66,68.74,1004.92,0,0,MANUAL,1,1,1,
2026-09-27 20:18:42,brain,1433000,30.49,76.08,1005.19,31.65,68.72,1004.91,0,0,MANUAL,1,1,1,
2026-09-27 20:18:43,brain,1434000,30.49,75.63,1005.16,31.66,68.77,1004.94,0,0,MANUAL,1,1,1,
2026-09-27 20:18:44,brain,1435000,30.48,74.74,1005.16,31.66,68.65,1004.89,0,0,MANUAL,1,1,1,
2026-09-27 20:18:45,brain,1436000,30.50,74.48,1005.10,31.65,68.64,1004.85,0,0,MANUAL,1,1,1,
2026-09-27 20:18:46,brain,1437000,30.51,73.84,1005.17,31.66,68.49,1004.89,0,0,MANUAL,1,1,1,
2026-09-27 20:18:47,brain,1438000,30.51,74.77,1005.12,31.65,68.66,1004.87,0,0,MANUAL,1,1,1,
2026-09-27 20:18:48,brain,1439000,30.53,75.77,1005.14,31.66,68.53,1004.92,0,0,MANUAL,1,1,1,
2026-09-27 20:18:49,brain,1440000,30.53,75.60,1005.14,31.65,68.67,1004.85,0,0,MANUAL,1,1,1,
2026-09-27 20:18:49,brain,,,,,,,,,,,,,,mist A=1 B=0 (manual)
2026-09-27 20:18:50,brain,1441000,30.54,76.25,1005.10,31.64,68.99,1004.92,1,0,MANUAL,1,1,1,
2026-09-27 20:18:51,brain,1442000,30.55,75.70,1005.18,31.65,68.95,1004.85,1,0,MANUAL,1,1,1,
2026-09-27 20:18:52,brain,1443000,30.56,76.81,1005.16,31.65,68.97,1004.94,1,0,MANUAL,1,1,1,
2026-09-27 20:18:53,brain,1444000,30.55,76.73,1005.13,31.65,69.01,1004.93,1,0,MANUAL,1,1,1,
2026-09-27 20:18:54,brain,1445000,30.55,75.88,1005.13,31.64,68.96,1004.84,1,0,MANUAL,1,1,1,
2026-09-27 20:18:55,brain,1446000,30.56,74.53,1005.09,31.65,68.65,1004.96,1,0,MANUAL,1,1,1,
2026-09-27 20:18:56,brain,1447000,30.57,73.87,1005.13,31.66,68.48,1004.92,1,0,MANUAL,1,1,1,
2026-09-27 20:18:57,brain,1448000,30.58,73.67,1005.18,31.65,68.63,1004.91,1,0,MANUAL,1,1,1,
2026-09-27 20:18:58,brain,1449000,30.58,73.98,1005.15,31.65,68.71,1004.91,1,0,MANUAL,1,1,1,
2026-09-27 20:18:59,brain,1450000,30.58,74.61,1005.15,31.65,68.67,1004.91,1,0,MANUAL,1,1,1,
2026-09-27 20:19:00,brain,1451000,30.58,76.21,1005.23,31.66,68.67,1004.97,1,0,MANUAL,1,1,1,
2026-09-27 20:19:01,brain,1452000,30.57,75.62,1005.16,31.65,68.91,1004.84,1,0,MANUAL,1,1,1,
2026-09-27 20:19:02,brain,1453000,30.56,75.89,1005.14,31.64,68.63,1004.92,1,0,MANUAL,1,1,1,
2026-09-27 20:19:03,brain,1454000,30.56,74.25,1005.08,31.65,68.49,1004.88,1,0,MANUAL,1,1,1,
2026-09-27 20:19:04,brain,1455000,30.56,73.64,1005.12,31.65,68.65,1004.88,1,0,MANUAL,1,1,1,
2026-09-27 20:19:05,brain,1456000,30.54,74.16,1005.17,31.64,68.59,1004.83,1,0,MANUAL,1,1,1,
2026-09-27 20:19:06,brain,1457000,30.53,75.10,1005.09,31.65,68.65,1004.85,1,0,MANUAL,1,1,1,
2026-09-27 20:19:07,brain,1458000,30.53,74.06,1005.10,31.65,68.61,1004.94,1,0,MANUAL,1,1,1,
2026-09-27 20:19:08,brain,1459000,30.53,74.23,1005.12,31.66,68.52,1004.92,1,0,MANUAL,1,1,1,
2026-09-27 20:19:09,brain,1460000,30.52,73.42,1005.16,31.64,68.57,1004.95,1,0,MANUAL,1,1,1,
2026-09-27 20:19:10,brain,1461000,30.53,73.09,1005.23,31.65,68.53,1004.94,1,0,MANUAL,1,1,1,
2026-09-27 20:19:11,brain,1462000,30.53,75.17,1005.12,31.65,68.53,1004.99,1,0,MANUAL,1,1,1,
2026-09-27 20:19:12,brain,1463000,30.51,74.82,1005.15,31.64,68.61,1004.84,1,0,MANUAL,1,1,1,
2026-09-27 20:19:13,brain,1464000,30.51,73.55,1005.18,31.65,68.50,1004.96,1,0,MANUAL,1,1,1,
2026-09-27 20:19:14,brain,1465000,30.52,74.05,1005.16,31.65,68.53,1004.91,1,0,MANUAL,1,1,1,
2026-09-27 20:19:15,brain,1466000,30.52,73.67,1005.10,31.64,68.59,1004.86,1,0,MANUAL,1,1,1,
2026-09-27 20:19:16,brain,1467000,30.51,74.71,1005.15,31.65,68.52,1004.90,1,0,MANUAL,1,1,1,
2026-09-27 20:19:17,brain,1468000,30.51,74.50,1005.18,31.65,68.49,1004.90,1,0,MANUAL,1,1,1,
2026-09-27 20:19:18,brain,1469000,30.52,74.24,1005.16,31.64,68.64,1004.92,1,0,MANUAL,1,1,1,
2026-09-27 20:19:19,brain,1470000,30.53,74.17,1005.17,31.64,68.45,1004.95,1,0,MANUAL,1,1,1,
2026-09-27 20:19:20,brain,1471000,30.52,73.92,1005.11,31.64,68.65,1004.92,1,0,MANUAL,1,1,1,
2026-09-27 20:19:21,brain,1472000,30.52,74.05,1005.16,31.64,68.72,1004.86,1,0,MANUAL,1,1,1,
2026-09-27 20:19:22,brain,1473000,30.52,74.51,1005.10,31.63,68.47,1004.90,1,0,MANUAL,1,1,1,
2026-09-27 20:19:23,brain,1474000,30.52,74.87,1005.16,31.65,68.50,1004.94,1,0,MANUAL,1,1,1,
2026-09-27 20:19:24,brain,1475000,30.51,75.13,1005.15,31.65,68.59,1004.90,1,0,MANUAL,1,1,1,
2026-09-27 20:19:25,brain,1476000,30.50,74.98,1005.10,31.66,68.73,1004.92,1,0,MANUAL,1,1,1,
2026-09-27 20:19:26,brain,1477000,30.50,74.74,1005.22,31.65,68.61,1004.93,1,0,MANUAL,1,1,1,
2026-09-27 20:19:27,brain,1478000,30.50,74.85,1005.13,31.64,68.72,1004.89,1,0,MANUAL,1,1,1,
2026-09-27 20:19:28,brain,1479000,30.51,74.52,1005.11,31.65,68.62,1004.90,1,0,MANUAL,1,1,1,
2026-09-27 20:19:29,brain,1480000,30.51,75.21,1005.12,31.65,68.50,1004.85,1,0,MANUAL,1,1,1,
2026-09-27 20:19:30,brain,1481000,30.51,74.22,1005.09,31.65,68.99,1004.91,1,0,MANUAL,1,1,1,
2026-09-27 20:19:31,brain,1482000,30.54,73.72,1005.11,31.66,68.77,1004.86,1,0,MANUAL,1,1,1,
2026-09-27 20:19:32,brain,1483000,30.53,73.82,1005.15,31.65,68.52,1004.91,1,0,MANUAL,1,1,1,
2026-09-27 20:19:33,brain,1484000,30.52,74.42,1005.14,31.65,68.66,1004.88,1,0,MANUAL,1,1,1,
2026-09-27 20:19:34,brain,1485000,30.51,75.26,1005.17,31.66,68.48,1004.94,1,0,MANUAL,1,1,1,
2026-09-27 20:19:35,brain,1486000,30.50,75.53,1005.12,31.65,68.64,1004.88,1,0,MANUAL,1,1,1,
2026-09-27 20:19:36,brain,1487000,30.50,75.58,1005.12,31.65,68.64,1004.88,1,0,MANUAL,1,1,1,
2026-09-27 20:19:37,brain,1488000,30.49,75.82,1005.14,31.66,68.56,1004.94,1,0,MANUAL,1,1,1,
2026-09-27 20:19:38,brain,1489000,30.49,74.92,1005.14,31.66,68.60,1004.89,1,0,MANUAL,1,1,1,
2026-09-27 20:19:39,brain,1490000,30.49,74.56,1005.20,31.65,68.58,1004.88,1,0,MANUAL,1,1,1,
2026-09-27 20:19:40,brain,1491000,30.48,74.54,1005.13,31.65,68.61,1004.94,1,0,MANUAL,1,1,1,
2026-09-27 20:19:41,brain,1492000,30.50,74.76,1005.15,31.66,68.53,1004.92,1,0,MANUAL,1,1,1,
2026-09-27 20:19:42,brain,1493000,30.49,74.46,1005.11,31.65,68.49,1004.99,1,0,MANUAL,1,1,1,
2026-09-27 20:19:43,brain,1494000,30.49,74.61,1005.14,31.65,68.44,1004.85,1,0,MANUAL,1,1,1,
2026-09-27 20:19:44,brain,1495000,30.48,75.69,1005.15,31.66,68.63,1004.87,1,0,MANUAL,1,1,1,
2026-09-27 20:19:45,brain,1496000,30.47,74.24,1005.13,31.66,68.72,1004.92,1,0,MANUAL,1,1,1,
2026-09-27 20:19:46,brain,1497000,30.48,74.27,1005.18,31.66,69.07,1004.89,1,0,MANUAL,1,1,1,
2026-09-27 20:19:47,brain,1498000,30.47,76.55,1005.13,31.66,68.60,1005.00,1,0,MANUAL,1,1,1,
2026-09-27 20:19:48,brain,1499000,30.45,76.65,1005.19,31.65,68.74,1004.91,1,0,MANUAL,1,1,1,
2026-09-27 20:19:49,brain,1500000,30.45,76.71,1005.16,31.66,68.82,1004.98,1,0,MANUAL,1,1,1,
2026-09-27 20:19:50,brain,1501000,30.45,75.33,1005.16,31.66,68.54,1004.86,1,0,MANUAL,1,1,1,
2026-09-27 20:19:51,brain,1502000,30.46,74.99,1005.18,31.66,68.76,1004.87,1,0,MANUAL,1,1,1,
2026-09-27 20:19:52,brain,1503000,30.46,75.05,1005.12,31.66,68.92,1004.94,1,0,MANUAL,1,1,1,
2026-09-27 20:19:53,brain,1504000,30.45,74.63,1005.16,31.66,68.98,1004.92,1,0,MANUAL,1,1,1,
2026-09-27 20:19:54,brain,1505000,30.47,75.90,1005.13,31.66,68.91,1004.92,1,0,MANUAL,1,1,1,
2026-09-27 20:19:55,brain,1506000,30.45,74.37,1005.10,31.66,69.00,1004.87,1,0,MANUAL,1,1,1,
2026-09-27 20:19:56,brain,1507000,30.45,75.78,1005.22,31.66,68.76,1004.90,1,0,MANUAL,1,1,1,
2026-09-27 20:19:57,brain,1508000,30.45,75.64,1005.21,31.65,68.61,1004.91,1,0,MANUAL,1,1,1,
2026-09-27 20:19:58,brain,1509000,30.42,77.93,1005.17,31.66,69.00,1004.95,1,0,MANUAL,1,1,1,
2026-09-27 20:19:59,brain,1510000,30.40,79.07,1005.20,31.66,68.80,1004.84,1,0,MANUAL,1,1,1,
2026-09-27 20:20:00,brain,1511000,30.38,79.33,1005.16,31.66,68.61,1004.90,1,0,MANUAL,1,1,1,
2026-09-27 20:20:01,brain,1512000,30.35,78.57,1005.17,31.67,68.86,1004.93,1,0,MANUAL,1,1,1,
2026-09-27 20:20:02,brain,1513000,30.36,76.46,1005.12,31.67,68.85,1004.90,1,0,MANUAL,1,1,1,
2026-09-27 20:20:03,brain,1514000,30.36,75.66,1005.16,31.66,68.53,1004.92,1,0,MANUAL,1,1,1,
2026-09-27 20:20:04,brain,1515000,30.37,75.20,1005.14,31.66,68.72,1004.92,1,0,MANUAL,1,1,1,
2026-09-27 20:20:05,brain,1516000,30.36,75.40,1005.16,31.67,68.63,1004.91,1,0,MANUAL,1,1,1,
2026-09-27 20:20:06,brain,1517000,30.38,75.33,1005.16,31.68,68.51,1004.92,1,0,MANUAL,1,1,1,
2026-09-27 20:20:07,brain,1518000,30.36,75.38,1005.07,31.67,68.68,1004.85,1,0,MANUAL,1,1,1,
2026-09-27 20:20:08,brain,1519000,30.35,75.23,1005.14,31.67,68.97,1004.94,1,0,MANUAL,1,1,1,
2026-09-27 20:20:09,brain,1520000,30.38,75.01,1005.19,31.66,68.74,1004.92,1,0,MANUAL,1,1,1,
2026-09-27 20:20:10,brain,1521000,30.38,76.18,1005.16,31.67,68.78,1004.88,1,0,MANUAL,1,1,1,
2026-09-27 20:20:11,brain,1522000,30.36,78.14,1005.16,31.67,68.59,1004.86,1,0,MANUAL,1,1,1,
2026-09-27 20:20:12,brain,1523000,30.34,79.01,1005.15,31.67,68.53,1004.91,1,0,MANUAL,1,1,1,
2026-09-27 20:20:13,brain,1524000,30.31,77.76,1005.15,31.67,68.51,1004.91,1,0,MANUAL,1,1,1,
2026-09-27 20:20:14,brain,1525000,30.32,77.01,1005.15,31.67,68.46,1004.89,1,0,MANUAL,1,1,1,
2026-09-27 20:20:15,brain,1526000,30.31,76.12,1005.16,31.67,68.68,1004.94,1,0,MANUAL,1,1,1,
2026-09-27 20:20:16,brain,1527000,30.32,75.52,1005.15,31.67,68.53,1004.91,1,0,MANUAL,1,1,1,
2026-09-27 20:20:17,brain,1528000,30.31,75.59,1005.15,31.68,68.61,1004.84,1,0,MANUAL,1,1,1,
2026-09-27 20:20:18,brain,1529000,30.31,76.20,1005.13,31.66,68.95,1004.90,1,0,MANUAL,1,1,1,
2026-09-27 20:20:19,brain,1530000,30.31,75.78,1005.18,31.67,68.74,1004.91,1,0,MANUAL,1,1,1,
2026-09-27 20:20:20,brain,1531000,30.32,75.29,1005.15,31.67,68.78,1004.89,1,0,MANUAL,1,1,1,
2026-09-27 20:20:21,brain,1532000,30.33,76.06,1005.16,31.67,68.43,1004.91,1,0,MANUAL,1,1,1,
2026-09-27 20:20:22,brain,1533000,30.32,75.84,1005.12,31.68,68.56,1004.87,1,0,MANUAL,1,1,1,
2026-09-27 20:20:23,brain,1534000,30.33,75.35,1005.13,31.67,68.68,1004.89,1,0,MANUAL,1,1,1,
2026-09-27 20:20:24,brain,1535000,30.32,75.52,1005.15,31.67,68.64,1004.89,1,0,MANUAL,1,1,1,
2026-09-27 20:20:25,brain,1536000,30.32,76.33,1005.15,31.68,68.84,1004.89,1,0,MANUAL,1,1,1,
2026-09-27 20:20:26,brain,1537000,30.33,75.29,1005.14,31.68,68.53,1004.90,1,0,MANUAL,1,1,1,
2026-09-27 20:20:27,brain,1538000,30.35,75.41,1005.13,31.68,68.58,1004.84,1,0,MANUAL,1,1,1,
2026-09-27 20:20:28,brain,1539000,30.33,75.68,1005.14,31.69,68.60,1004.86,1,0,MANUAL,1,1,1,
2026-09-27 20:20:29,brain,1540000,30.34,74.97,1005.15,31.68,68.43,1004.93,1,0,MANUAL,1,1,1,
2026-09-27 20:20:30,brain,1541000,30.35,74.82,1005.17,31.67,68.56,1004.89,1,0,MANUAL,1,1,1,
2026-09-27 20:20:31,brain,1542000,30.36,75.73,1005.21,31.68,68.47,1004.87,1,0,MANUAL,1,1,1,
2026-09-27 20:20:32,brain,1543000,30.36,76.67,1005.24,31.68,68.42,1004.84,1,0,MANUAL,1,1,1,
2026-09-27 20:20:33,brain,1544000,30.35,75.68,1005.20,31.69,68.57,1004.96,1,0,MANUAL,1,1,1,
2026-09-27 20:20:34,brain,1545000,30.35,76.17,1005.11,31.69,68.63,1004.85,1,0,MANUAL,1,1,1,
2026-09-27 20:20:35,brain,1546000,30.34,76.45,1005.18,31.68,68.53,1004.93,1,0,MANUAL,1,1,1,
2026-09-27 20:20:36,brain,1547000,30.34,75.92,1005.18,31.68,68.52,1004.87,1,0,MANUAL,1,1,1,
2026-09-27 20:20:37,brain,1548000,30.35,75.45,1005.13,31.69,68.57,1004.92,1,0,MANUAL,1,1,1,
2026-09-27 20:20:38,brain,1549000,30.36,75.08,1005.12,31.68,68.67,1004.87,1,0,MANUAL,1,1,1,
2026-09-27 20:20:39,brain,1550000,30.37,74.53,1005.17,31.68,68.51,1004.85,1,0,MANUAL,1,1,1,
2026-09-27 20:20:40,brain,1551000,30.37,74.33,1005.20,31.68,68.75,1004.87,1,0,MANUAL,1,1,1,
2026-09-27 20:20:41,brain,1552000,30.38,74.38,1005.16,31.69,68.72,1004.92,1,0,MANUAL,1,1,1,
2026-09-27 20:20:42,brain,1553000,30.38,75.06,1005.14,31.68,68.71,1004.85,1,0,MANUAL,1,1,1,
2026-09-27 20:20:43,brain,1554000,30.37,74.64,1005.20,31.68,68.59,1004.85,1,0,MANUAL,1,1,1,
2026-09-27 20:20:44,brain,1555000,30.36,74.80,1005.13,31.68,68.37,1004.93,1,0,MANUAL,1,1,1,
2026-09-27 20:20:45,brain,1556000,30.35,75.85,1005.13,31.68,68.42,1004.90,1,0,MANUAL,1,1,1,
2026-09-27 20:20:46,brain,1557000,30.34,75.75,1005.13,31.68,68.85,1004.90,1,0,MANUAL,1,1,1,
2026-09-27 20:20:47,brain,1558000,30.33,75.90,1005.22,31.69,68.79,1004.94,1,0,MANUAL,1,1,1,
2026-09-27 20:20:48,brain,1559000,30.34,77.13,1005.15,31.68,68.59,1004.87,1,0,MANUAL,1,1,1,
2026-09-27 20:20:49,brain,1560000,30.32,76.56,1005.20,31.68,68.50,1004.95,1,0,MANUAL,1,1,1,
2026-09-27 20:20:50,brain,1561000,30.31,76.22,1005.13,31.68,68.46,1004.89,1,0,MANUAL,1,1,1,
2026-09-27 20:20:51,brain,1562000,30.29,77.08,1005.16,31.68,68.73,1004.95,1,0,MANUAL,1,1,1,
2026-09-27 20:20:52,brain,1563000,30.28,77.88,1005.13,31.68,68.51,1004.96,1,0,MANUAL,1,1,1,
2026-09-27 20:20:53,brain,1564000,30.25,77.78,1005.21,31.68,68.78,1004.96,1,0,MANUAL,1,1,1,
2026-09-27 20:20:54,brain,1565000,30.24,78.47,1005.13,31.67,68.83,1004.89,1,0,MANUAL,1,1,1,
2026-09-27 20:20:55,brain,1566000,30.22,79.51,1005.16,31.67,68.72,1004.91,1,0,MANUAL,1,1,1,
2026-09-27 20:20:56,brain,1567000,30.21,79.56,1005.14,31.68,68.61,1004.96,1,0,MANUAL,1,1,1,
2026-09-27 20:20:57,brain,1568000,30.20,79.01,1005.19,31.68,68.85,1004.98,1,0,MANUAL,1,1,1,
2026-09-27 20:20:58,brain,1569000,30.19,79.43,1005.19,31.67,68.56,1004.90,1,0,MANUAL,1,1,1,
2026-09-27 20:20:59,brain,1570000,30.18,80.36,1005.18,31.68,68.70,1004.89,1,0,MANUAL,1,1,1,
2026-09-27 20:21:00,brain,1571000,30.15,79.86,1005.24,31.68,68.53,1004.87,1,0,MANUAL,1,1,1,
2026-09-27 20:21:01,brain,1572000,30.12,79.62,1005.17,31.68,68.46,1004.95,1,0,MANUAL,1,1,1,
2026-09-27 20:21:02,brain,1573000,30.11,77.91,1005.21,31.67,68.59,1004.83,1,0,MANUAL,1,1,1,
2026-09-27 20:21:03,brain,1574000,30.12,76.81,1005.15,31.67,68.85,1004.89,1,0,MANUAL,1,1,1,
2026-09-27 20:21:04,brain,1575000,30.12,76.41,1005.12,31.68,68.77,1004.92,1,0,MANUAL,1,1,1,
2026-09-27 20:21:05,brain,1576000,30.12,76.70,1005.09,31.67,68.61,1004.89,1,0,MANUAL,1,1,1,
2026-09-27 20:21:06,brain,1577000,30.12,77.01,1005.17,31.67,68.45,1004.91,1,0,MANUAL,1,1,1,
2026-09-27 20:21:07,brain,1578000,30.13,75.96,1005.18,31.66,68.71,1004.87,1,0,MANUAL,1,1,1,
2026-09-27 20:21:08,brain,1579000,30.13,76.17,1005.18,31.67,68.62,1004.83,1,0,MANUAL,1,1,1,
2026-09-27 20:21:09,brain,1580000,30.13,76.60,1005.22,31.68,68.80,1004.85,1,0,MANUAL,1,1,1,
2026-09-27 20:21:10,brain,1581000,30.12,78.30,1005.17,31.67,68.98,1004.86,1,0,MANUAL,1,1,1,
2026-09-27 20:21:11,brain,1582000,30.12,76.60,1005.19,31.68,68.51,1004.89,1,0,MANUAL,1,1,1,
2026-09-27 20:21:12,brain,1583000,30.13,77.00,1005.24,31.67,68.56,1004.88,1,0,MANUAL,1,1,1,
2026-09-27 20:21:13,brain,1584000,30.11,76.98,1005.10,31.68,68.59,1004.89,1,0,MANUAL,1,1,1,
2026-09-27 20:21:14,brain,1585000,30.13,76.55,1005.15,31.68,68.70,1004.93,1,0,MANUAL,1,1,1,
2026-09-27 20:21:15,brain,1586000,30.13,76.54,1005.18,31.68,68.61,1004.92,1,0,MANUAL,1,1,1,
2026-09-27 20:21:16,brain,1587000,30.12,78.07,1005.17,31.67,68.62,1004.89,1,0,MANUAL,1,1,1,
2026-09-27 20:21:17,brain,1588000,30.12,78.23,1005.17,31.67,69.12,1004.83,1,0,MANUAL,1,1,1,
2026-09-27 20:21:18,brain,1589000,30.13,77.08,1005.18,31.66,68.83,1004.92,1,0,MANUAL,1,1,1,
2026-09-27 20:21:19,brain,1590000,30.13,76.20,1005.13,31.67,68.70,1004.88,1,0,MANUAL,1,1,1,
2026-09-27 20:21:20,brain,1591000,30.13,76.42,1005.19,31.66,68.69,1004.90,1,0,MANUAL,1,1,1,
2026-09-27 20:21:21,brain,1592000,30.14,75.35,1005.18,31.66,68.83,1004.92,1,0,MANUAL,1,1,1,
2026-09-27 20:21:22,brain,1593000,30.17,75.91,1005.16,31.66,68.70,1004.89,1,0,MANUAL,1,1,1,
2026-09-27 20:21:23,brain,1594000,30.15,76.85,1005.14,31.65,68.53,1004.85,1,0,MANUAL,1,1,1,
2026-09-27 20:21:24,brain,1595000,30.15,76.09,1005.14,31.66,68.58,1004.92,1,0,MANUAL,1,1,1,
2026-09-27 20:21:25,brain,1596000,30.15,77.05,1005.14,31.66,68.69,1004.84,1,0,MANUAL,1,1,1,
2026-09-27 20:21:26,brain,1597000,30.15,77.36,1005.19,31.66,68.54,1004.87,1,0,MANUAL,1,1,1,
2026-09-27 20:21:27,brain,1598000,30.14,79.17,1005.18,31.67,68.56,1004.94,1,0,MANUAL,1,1,1,
2026-09-27 20:21:28,brain,1599000,30.15,80.26,1005.14,31.65,68.90,1004.85,1,0,MANUAL,1,1,1,
2026-09-27 20:21:29,brain,1600000,30.11,78.15,1005.21,31.67,69.05,1004.90,1,0,MANUAL,1,1,1,
2026-09-27 20:21:30,brain,1601000,30.12,79.48,1005.17,31.66,68.79,1004.92,1,0,MANUAL,1,1,1,
2026-09-27 20:21:31,brain,1602000,30.12,80.84,1005.17,31.66,68.85,1004.87,1,0,MANUAL,1,1,1,
2026-09-27 20:21:32,brain,1603000,30.10,80.94,1005.20,31.66,68.56,1004.87,1,0,MANUAL,1,1,1,
2026-09-27 20:21:33,brain,1604000,30.10,80.48,1005.14,31.66,68.71,1004.90,1,0,MANUAL,1,1,1,
2026-09-27 20:21:34,brain,1605000,30.09,78.30,1005.15,31.66,68.64,1004.87,1,0,MANUAL,1,1,1,
2026-09-27 20:21:35,brain,1606000,30.09,77.30,1005.17,31.66,68.68,1004.90,1,0,MANUAL,1,1,1,
2026-09-27 20:21:36,brain,1607000,30.08,78.32,1005.19,31.66,68.90,1004.86,1,0,MANUAL,1,1,1,
2026-09-27 20:21:37,brain,1608000,30.07,79.18,1005.15,31.66,68.99,1004.87,1,0,MANUAL,1,1,1,
2026-09-27 20:21:38,brain,1609000,30.06,80.63,1005.18,31.66,68.85,1004.87,1,0,MANUAL,1,1,1,
2026-09-27 20:21:39,brain,1610000,30.06,80.69,1005.18,31.66,68.61,1004.92,1,0,MANUAL,1,1,1,
2026-09-27 20:21:40,brain,1611000,30.06,81.81,1005.13,31.66,68.64,1004.95,1,0,MANUAL,1,1,1,
2026-09-27 20:21:41,brain,1612000,30.06,82.47,1005.18,31.67,68.79,1004.85,1,0,MANUAL,1,1,1,
2026-09-27 20:21:42,brain,1613000,30.01,81.35,1005.16,31.67,68.73,1004.88,1,0,MANUAL,1,1,1,
2026-09-27 20:21:43,brain,1614000,30.01,80.46,1005.13,31.67,68.55,1004.93,1,0,MANUAL,1,1,1,
2026-09-27 20:21:44,brain,1615000,30.03,81.55,1005.13,31.66,68.64,1004.86,1,0,MANUAL,1,1,1,
2026-09-27 20:21:45,brain,1616000,30.01,81.02,1005.18,31.66,68.62,1004.92,1,0,MANUAL,1,1,1,
2026-09-27 20:21:46,brain,1617000,30.01,81.14,1005.18,31.66,68.84,1004.92,1,0,MANUAL,1,1,1,
2026-09-27 20:21:47,brain,1618000,29.99,80.17,1005.24,31.65,68.92,1004.83,1,0,MANUAL,1,1,1,
2026-09-27 20:21:48,brain,1619000,30.00,79.62,1005.18,31.66,68.73,1004.90,1,0,MANUAL,1,1,1,
2026-09-27 20:21:49,brain,1620000,30.01,78.69,1005.16,31.66,68.58,1004.87,1,0,MANUAL,1,1,1,
2026-09-27 20:21:50,brain,1621000,30.02,78.01,1005.17,31.66,68.51,1004.92,1,0,MANUAL,1,1,1,
2026-09-27 20:21:51,brain,1622000,30.01,77.94,1005.19,31.66,68.66,1004.86,1,0,MANUAL,1,1,1,
2026-09-27 20:21:52,brain,1623000,30.01,78.65,1005.13,31.66,68.67,1004.92,1,0,MANUAL,1,1,1,
2026-09-27 20:21:53,brain,1624000,30.01,77.71,1005.13,31.66,68.71,1004.90,1,0,MANUAL,1,1,1,
2026-09-27 20:21:54,brain,1625000,30.01,77.46,1005.18,31.66,68.60,1004.90,1,0,MANUAL,1,1,1,
2026-09-27 20:21:55,brain,1626000,30.01,77.47,1005.19,31.66,68.77,1004.92,1,0,MANUAL,1,1,1,
2026-09-27 20:21:56,brain,1627000,30.03,77.32,1005.16,31.66,68.95,1004.95,1,0,MANUAL,1,1,1,
2026-09-27 20:21:57,brain,1628000,30.02,77.41,1005.15,31.66,68.97,1004.86,1,0,MANUAL,1,1,1,
2026-09-27 20:21:58,brain,1629000,30.03,77.65,1005.16,31.65,68.61,1004.91,1,0,MANUAL,1,1,1,
2026-09-27 20:21:59,brain,1630000,30.04,77.65,1005.18,31.66,68.63,1004.94,1,0,MANUAL,1,1,1,
2026-09-27 20:22:00,brain,1631000,30.03,78.60,1005.20,31.66,68.77,1004.94,1,0,MANUAL,1,1,1,
2026-09-27 20:22:01,brain,1632000,30.04,79.08,1005.15,31.65,68.93,1004.83,1,0,MANUAL,1,1,1,
2026-09-27 20:22:02,brain,1633000,30.03,78.14,1005.20,31.66,68.68,1004.92,1,0,MANUAL,1,1,1,
2026-09-27 20:22:03,brain,1634000,30.04,78.77,1005.18,31.67,68.69,1004.93,1,0,MANUAL,1,1,1,
2026-09-27 20:22:04,brain,1635000,30.03,78.54,1005.16,31.67,68.72,1004.89,1,0,MANUAL,1,1,1,
2026-09-27 20:22:05,brain,1636000,30.05,77.50,1005.15,31.67,68.72,1004.96,1,0,MANUAL,1,1,1,
2026-09-27 20:22:06,brain,1637000,30.04,77.07,1005.10,31.67,68.87,1004.88,1,0,MANUAL,1,1,1,
2026-09-27 20:22:07,brain,1638000,30.05,76.83,1005.15,31.66,68.69,1004.92,1,0,MANUAL,1,1,1,
2026-09-27 20:22:08,brain,1639000,30.05,77.30,1005.17,31.66,68.73,1004.86,1,0,MANUAL,1,1,1,
2026-09-27 20:22:09,brain,1640000,30.06,76.34,1005.12,31.66,68.75,1004.89,1,0,MANUAL,1,1,1,
2026-09-27 20:22:10,brain,1641000,30.06,77.19,1005.19,31.66,69.06,1004.87,1,0,MANUAL,1,1,1,
2026-09-27 20:22:11,brain,1642000,30.07,76.96,1005.14,31.67,68.88,1004.91,1,0,MANUAL,1,1,1,
2026-09-27 20:22:12,brain,1643000,30.05,77.69,1005.17,31.66,68.89,1004.90,1,0,MANUAL,1,1,1,
2026-09-27 20:22:13,brain,1644000,30.05,78.59,1005.12,31.66,69.03,1004.87,1,0,MANUAL,1,1,1,
2026-09-27 20:22:14,brain,1645000,30.07,77.18,1005.17,31.67,68.76,1004.86,1,0,MANUAL,1,1,1,
2026-09-27 20:22:15,brain,1646000,30.07,76.60,1005.21,31.66,69.04,1004.87,1,0,MANUAL,1,1,1,
2026-09-27 20:22:16,brain,1647000,30.05,78.47,1005.17,31.66,68.98,1004.94,1,0,MANUAL,1,1,1,
2026-09-27 20:22:17,brain,1648000,30.05,77.11,1005.17,31.66,69.09,1004.92,1,0,MANUAL,1,1,1,
2026-09-27 20:22:18,brain,1649000,30.06,76.93,1005.12,31.66,68.94,1004.92,1,0,MANUAL,1,1,1,
2026-09-27 20:22:19,brain,1650000,30.08,76.59,1005.17,31.66,69.04,1004.87,1,0,MANUAL,1,1,1,
2026-09-27 20:22:20,brain,1651000,30.09,76.35,1005.15,31.66,68.77,1004.87,1,0,MANUAL,1,1,1,
2026-09-27 20:22:21,brain,1652000,30.10,76.28,1005.20,31.66,68.89,1004.92,1,0,MANUAL,1,1,1,
2026-09-27 20:22:22,brain,1653000,30.09,76.61,1005.20,31.66,68.68,1004.87,1,0,MANUAL,1,1,1,
2026-09-27 20:22:23,brain,1654000,30.08,77.42,1005.13,31.67,68.62,1004.90,1,0,MANUAL,1,1,1,
2026-09-27 20:22:24,brain,1655000,30.10,79.45,1005.19,31.66,68.71,1004.92,1,0,MANUAL,1,1,1,
2026-09-27 20:22:25,brain,1656000,30.08,79.48,1005.14,31.66,68.58,1004.87,1,0,MANUAL,1,1,1,
2026-09-27 20:22:26,brain,1657000,30.06,78.18,1005.18,31.66,68.59,1004.92,1,0,MANUAL,1,1,1,
2026-09-27 20:22:27,brain,1658000,30.06,77.31,1005.12,31.66,68.61,1004.92,1,0,MANUAL,1,1,1,
2026-09-27 20:22:28,brain,1659000,30.07,77.24,1005.21,31.67,68.64,1004.93,1,0,MANUAL,1,1,1,
2026-09-27 20:22:29,brain,1660000,30.07,76.95,1005.08,31.66,68.72,1004.92,1,0,MANUAL,1,1,1,
2026-09-27 20:22:30,brain,1661000,30.09,77.00,1005.17,31.66,68.71,1004.94,1,0,MANUAL,1,1,1,
2026-09-27 20:22:31,brain,1662000,30.09,79.01,1005.20,31.66,68.64,1004.89,1,0,MANUAL,1,1,1,
2026-09-27 20:22:32,brain,1663000,30.08,79.34,1005.19,31.66,68.67,1004.90,1,0,MANUAL,1,1,1,
2026-09-27 20:22:33,brain,1664000,30.08,80.78,1005.17,31.66,68.69,1004.94,1,0,MANUAL,1,1,1,
2026-09-27 20:22:34,brain,1665000,30.05,79.58,1005.23,31.66,68.62,1004.86,1,0,MANUAL,1,1,1,
2026-09-27 20:22:35,brain,1666000,30.07,78.59,1005.25,31.65,68.66,1004.85,1,0,MANUAL,1,1,1,
2026-09-27 20:22:36,brain,1667000,30.04,78.27,1005.13,31.65,68.70,1004.88,1,0,MANUAL,1,1,1,
2026-09-27 20:22:37,brain,1668000,30.05,77.17,1005.15,31.65,68.69,1004.91,1,0,MANUAL,1,1,1,
2026-09-27 20:22:38,brain,1669000,30.07,77.08,1005.20,31.66,68.70,1004.97,1,0,MANUAL,1,1,1,
2026-09-27 20:22:39,brain,1670000,30.08,77.64,1005.21,31.65,68.62,1004.91,1,0,MANUAL,1,1,1,
2026-09-27 20:22:40,brain,1671000,30.07,77.21,1005.14,31.66,68.62,1004.89,1,0,MANUAL,1,1,1,
2026-09-27 20:22:41,brain,1672000,30.08,76.70,1005.19,31.65,69.10,1004.91,1,0,MANUAL,1,1,1,
2026-09-27 20:22:42,brain,1673000,30.09,77.26,1005.24,31.65,68.88,1004.85,1,0,MANUAL,1,1,1,
2026-09-27 20:22:43,brain,1674000,30.09,77.68,1005.15,31.66,68.96,1004.89,1,0,MANUAL,1,1,1,
2026-09-27 20:22:44,brain,1675000,30.10,78.97,1005.19,31.65,68.66,1004.96,1,0,MANUAL,1,1,1,
2026-09-27 20:22:45,brain,1676000,30.09,77.63,1005.13,31.65,68.73,1004.91,1,0,MANUAL,1,1,1,
2026-09-27 20:22:46,brain,1677000,30.09,76.91,1005.21,31.65,68.76,1004.91,1,0,MANUAL,1,1,1,
2026-09-27 20:22:47,brain,1678000,30.09,77.06,1005.17,31.65,68.70,1004.90,1,0,MANUAL,1,1,1,
2026-09-27 20:22:48,brain,1679000,30.10,76.97,1005.17,31.65,69.06,1004.91,1,0,MANUAL,1,1,1,
2026-09-27 20:22:49,brain,1680000,30.10,76.76,1005.14,31.65,68.76,1004.93,1,0,MANUAL,1,1,1,
2026-09-27 20:22:50,brain,1681000,30.11,76.42,1005.16,31.66,68.63,1004.92,1,0,MANUAL,1,1,1,
2026-09-27 20:22:51,brain,1682000,30.11,78.29,1005.23,31.65,68.97,1004.90,1,0,MANUAL,1,1,1,
2026-09-27 20:22:52,brain,1683000,30.10,78.64,1005.13,31.65,68.69,1004.94,1,0,MANUAL,1,1,1,
2026-09-27 20:22:53,brain,1684000,30.08,78.65,1005.13,31.65,68.69,1004.91,1,0,MANUAL,1,1,1,
2026-09-27 20:22:54,brain,1685000,30.07,79.83,1005.17,31.66,68.67,1004.92,1,0,MANUAL,1,1,1,
2026-09-27 20:22:55,brain,1686000,30.06,78.77,1005.18,31.65,68.95,1004.96,1,0,MANUAL,1,1,1,
2026-09-27 20:22:56,brain,1687000,30.07,78.25,1005.14,31.64,68.76,1004.95,1,0,MANUAL,1,1,1,
2026-09-27 20:22:57,brain,1688000,30.05,78.97,1005.19,31.65,68.67,1004.96,1,0,MANUAL,1,1,1,
2026-09-27 20:22:58,brain,1689000,30.05,77.28,1005.15,31.65,68.71,1004.90,1,0,MANUAL,1,1,1,
2026-09-27 20:22:59,brain,1690000,30.07,77.10,1005.14,31.65,68.71,1004.90,1,0,MANUAL,1,1,1,
2026-09-27 20:23:00,brain,1691000,30.07,77.30,1005.20,31.65,68.80,1004.84,1,0,MANUAL,1,1,1,
2026-09-27 20:23:01,brain,1692000,30.06,79.43,1005.19,31.65,68.78,1004.98,1,0,MANUAL,1,1,1,
2026-09-27 20:23:02,brain,1693000,30.07,80.24,1005.17,31.64,68.89,1004.89,1,0,MANUAL,1,1,1,
2026-09-27 20:23:03,brain,1694000,30.06,80.94,1005.18,31.64,68.72,1004.92,1,0,MANUAL,1,1,1,
2026-09-27 20:23:04,brain,1695000,30.07,81.53,1005.23,31.64,68.78,1004.89,1,0,MANUAL,1,1,1,
2026-09-27 20:23:05,brain,1696000,30.08,82.05,1005.13,31.64,68.83,1004.88,1,0,MANUAL,1,1,1,
2026-09-27 20:23:06,brain,1697000,30.04,80.42,1005.18,31.65,68.87,1004.93,1,0,MANUAL,1,1,1,
2026-09-27 20:23:07,brain,1698000,30.05,79.08,1005.22,31.64,68.87,1004.89,1,0,MANUAL,1,1,1,
2026-09-27 20:23:08,brain,1699000,30.06,78.75,1005.18,31.64,68.72,1004.89,1,0,MANUAL,1,1,1,
2026-09-27 20:23:09,brain,1700000,30.06,79.57,1005.18,31.63,68.85,1004.99,1,0,MANUAL,1,1,1,
2026-09-27 20:23:10,brain,1701000,30.05,78.06,1005.19,31.64,68.85,1004.89,1,0,MANUAL,1,1,1,
2026-09-27 20:23:11,brain,1702000,30.06,77.39,1005.21,31.64,68.94,1004.91,1,0,MANUAL,1,1,1,
2026-09-27 20:23:12,brain,1703000,30.05,78.12,1005.17,31.63,68.78,1004.90,1,0,MANUAL,1,1,1,
2026-09-27 20:23:13,brain,1704000,30.06,77.79,1005.27,31.64,68.71,1004.92,1,0,MANUAL,1,1,1,
2026-09-27 20:23:14,brain,1705000,30.07,77.29,1005.21,31.64,68.80,1004.95,1,0,MANUAL,1,1,1,
2026-09-27 20:23:15,brain,1706000,30.08,79.54,1005.19,31.64,68.73,1005.00,1,0,MANUAL,1,1,1,
2026-09-27 20:23:16,brain,1707000,30.08,79.96,1005.19,31.64,68.81,1005.00,1,0,MANUAL,1,1,1,
2026-09-27 20:23:17,brain,1708000,30.07,78.84,1005.21,31.64,68.84,1004.94,1,0,MANUAL,1,1,1,
2026-09-27 20:23:18,brain,1709000,30.09,77.38,1005.17,31.64,68.75,1004.97,1,0,MANUAL,1,1,1,
2026-09-27 20:23:19,brain,1710000,30.10,77.36,1005.16,31.64,68.82,1004.86,1,0,MANUAL,1,1,1,
2026-09-27 20:23:20,brain,1711000,30.09,77.51,1005.17,31.64,68.72,1004.95,1,0,MANUAL,1,1,1,
2026-09-27 20:23:21,brain,1712000,30.09,77.05,1005.24,31.64,68.99,1004.94,1,0,MANUAL,1,1,1,
2026-09-27 20:23:22,brain,1713000,30.10,76.73,1005.22,31.64,68.73,1005.00,1,0,MANUAL,1,1,1,
2026-09-27 20:23:23,brain,1714000,30.09,78.29,1005.15,31.64,68.70,1004.89,1,0,MANUAL,1,1,1,
2026-09-27 20:23:24,brain,1715000,30.09,77.63,1005.17,31.63,68.69,1004.93,1,0,MANUAL,1,1,1,
2026-09-27 20:23:25,brain,1716000,30.08,76.72,1005.22,31.64,68.98,1004.88,1,0,MANUAL,1,1,1,
2026-09-27 20:23:26,brain,1717000,30.10,77.09,1005.23,31.64,68.79,1004.94,1,0,MANUAL,1,1,1,
2026-09-27 20:23:27,brain,1718000,30.10,79.37,1005.25,31.64,68.82,1004.98,1,0,MANUAL,1,1,1,
2026-09-27 20:23:28,brain,1719000,30.10,79.20,1005.22,31.64,68.67,1005.00,1,0,MANUAL,1,1,1,
2026-09-27 20:23:29,brain,1720000,30.10,79.01,1005.20,31.63,69.15,1004.88,1,0,MANUAL,1,1,1,
2026-09-27 20:23:30,brain,1721000,30.09,78.06,1005.17,31.64,69.08,1004.92,1,0,MANUAL,1,1,1,
2026-09-27 20:23:31,brain,1722000,30.10,77.21,1005.20,31.64,68.68,1004.94,1,0,MANUAL,1,1,1,
2026-09-27 20:23:32,brain,1723000,30.11,77.17,1005.21,31.65,68.71,1004.96,1,0,MANUAL,1,1,1,
2026-09-27 20:23:33,brain,1724000,30.11,77.14,1005.21,31.65,69.16,1004.90,1,0,MANUAL,1,1,1,
2026-09-27 20:23:34,brain,1725000,30.12,77.01,1005.19,31.64,68.69,1004.95,1,0,MANUAL,1,1,1,
2026-09-27 20:23:35,brain,1726000,30.12,76.41,1005.19,31.65,68.73,1005.02,1,0,MANUAL,1,1,1,
2026-09-27 20:23:36,brain,1727000,30.14,76.52,1005.18,31.65,68.71,1004.94,1,0,MANUAL,1,1,1,
2026-09-27 20:23:37,brain,1728000,30.13,76.48,1005.21,31.65,68.84,1004.91,1,0,MANUAL,1,1,1,
2026-09-27 20:23:38,brain,1729000,30.13,76.71,1005.22,31.65,68.63,1004.96,1,0,MANUAL,1,1,1,
2026-09-27 20:23:39,brain,1730000,30.14,77.52,1005.17,31.65,68.82,1004.90,1,0,MANUAL,1,1,1,
2026-09-27 20:23:40,brain,1731000,30.14,76.75,1005.25,31.65,68.85,1004.91,1,0,MANUAL,1,1,1,
2026-09-27 20:23:41,brain,1732000,30.14,76.64,1005.15,31.65,68.79,1004.90,1,0,MANUAL,1,1,1,
2026-09-27 20:23:42,brain,1733000,30.15,76.83,1005.21,31.66,68.80,1004.97,1,0,MANUAL,1,1,1,
2026-09-27 20:23:43,brain,1734000,30.15,76.18,1005.19,31.64,68.96,1004.98,1,0,MANUAL,1,1,1,
2026-09-27 20:23:44,brain,1735000,30.15,76.62,1005.19,31.65,68.71,1004.91,1,0,MANUAL,1,1,1,
2026-09-27 20:23:45,brain,1736000,30.16,76.62,1005.17,31.64,68.66,1004.95,1,0,MANUAL,1,1,1,
2026-09-27 20:23:46,brain,1737000,30.16,77.48,1005.27,31.65,68.88,1004.96,1,0,MANUAL,1,1,1,
2026-09-27 20:23:47,brain,1738000,30.15,78.53,1005.19,31.65,68.81,1004.91,1,0,MANUAL,1,1,1,
2026-09-27 20:23:48,brain,1739000,30.16,78.68,1005.23,31.64,68.78,1004.92,1,0,MANUAL,1,1,1,
2026-09-27 20:23:49,brain,1740000,30.15,77.27,1005.19,31.65,68.80,1004.91,1,0,MANUAL,1,1,1,
2026-09-27 20:23:50,brain,1741000,30.15,79.21,1005.19,31.64,68.85,1004.91,1,0,MANUAL,1,1,1,
2026-09-27 20:23:51,brain,1742000,30.14,79.20,1005.23,31.65,68.69,1004.96,1,0,MANUAL,1,1,1,
2026-09-27 20:23:52,brain,1743000,30.12,78.36,1005.23,31.64,68.65,1004.97,1,0,MANUAL,1,1,1,
2026-09-27 20:23:53,brain,1744000,30.13,77.44,1005.21,31.63,68.72,1004.96,1,0,MANUAL,1,1,1,
2026-09-27 20:23:54,brain,1745000,30.13,77.02,1005.18,31.64,68.67,1004.98,1,0,MANUAL,1,1,1,
2026-09-27 20:23:54,brain,,,,,,,,,,,,,,mist A=0 B=0 (manual)
2026-09-27 20:23:55,brain,1746000,30.14,77.04,1005.21,31.63,69.13,1004.90,0,0,MANUAL,1,1,1,
2026-09-27 20:23:56,brain,1747000,30.14,77.24,1005.23,31.64,68.87,1004.98,0,0,MANUAL,1,1,1,
2026-09-27 20:23:57,brain,1748000,30.14,78.52,1005.14,31.65,68.97,1004.96,0,0,MANUAL,1,1,1,
2026-09-27 20:23:58,brain,1749000,30.12,78.53,1005.17,31.63,68.79,1004.93,0,0,MANUAL,1,1,1,
2026-09-27 20:23:59,brain,1750000,30.11,78.39,1005.15,31.64,69.05,1004.94,0,0,MANUAL,1,1,1,
2026-09-27 20:24:00,brain,1751000,30.12,78.16,1005.20,31.64,68.83,1004.95,0,0,MANUAL,1,1,1,
2026-09-27 20:24:01,brain,1752000,30.12,77.26,1005.17,31.64,68.89,1004.94,0,0,MANUAL,1,1,1,
2026-09-27 20:24:02,brain,1753000,30.13,76.69,1005.18,31.64,68.66,1004.95,0,0,MANUAL,1,1,1,
2026-09-27 20:24:03,brain,1754000,30.13,77.04,1005.22,31.64,68.82,1004.95,0,0,MANUAL,1,1,1,
2026-09-27 20:24:04,brain,1755000,30.13,76.57,1005.24,31.64,68.91,1005.00,0,0,MANUAL,1,1,1,
2026-09-27 20:24:05,brain,1756000,30.15,76.88,1005.21,31.64,68.83,1004.94,0,0,MANUAL,1,1,1,
2026-09-27 20:24:06,brain,1757000,30.15,77.29,1005.25,31.64,68.82,1005.00,0,0,MANUAL,1,1,1,
2026-09-27 20:24:07,brain,1758000,30.15,77.26,1005.19,31.63,68.81,1004.93,0,0,MANUAL,1,1,1,
2026-09-27 20:24:08,brain,1759000,30.16,76.60,1005.20,31.65,69.00,1004.96,0,0,MANUAL,1,1,1,
2026-09-27 20:24:09,brain,1760000,30.15,76.87,1005.19,31.65,68.81,1004.96,0,0,MANUAL,1,1,1,
2026-09-27 20:24:10,brain,1761000,30.17,76.45,1005.20,31.65,68.96,1004.96,0,0,MANUAL,1,1,1,
2026-09-27 20:24:11,brain,1762000,30.18,76.80,1005.16,31.65,68.71,1004.93,0,0,MANUAL,1,1,1,
2026-09-27 20:24:12,brain,1763000,30.18,77.14,1005.18,31.65,68.73,1004.93,0,0,MANUAL,1,1,1,
2026-09-27 20:24:13,brain,1764000,30.18,77.14,1005.21,31.65,68.73,1004.90,0,0,MANUAL,1,1,1,
2026-09-27 20:24:14,brain,1765000,30.18,76.65,1005.21,31.65,68.74,1004.93,0,0,MANUAL,1,1,1,
2026-09-27 20:24:15,brain,1766000,30.20,76.43,1005.18,31.65,68.75,1004.99,0,0,MANUAL,1,1,1,
2026-09-27 20:24:16,brain,1767000,30.21,76.04,1005.20,31.65,68.75,1004.93,0,0,MANUAL,1,1,1,
2026-09-27 20:24:17,brain,1768000,30.22,75.73,1005.19,31.65,68.74,1004.96,0,0,MANUAL,1,1,1,
2026-09-27 20:24:18,brain,1769000,30.21,76.30,1005.17,31.65,68.79,1004.93,0,0,MANUAL,1,1,1,
2026-09-27 20:24:19,brain,1770000,30.23,76.95,1005.23,31.64,68.82,1004.89,0,0,MANUAL,1,1,1,
2026-09-27 20:24:20,brain,1771000,30.23,76.35,1005.15,31.65,68.82,1004.98,0,0,MANUAL,1,1,1,
2026-09-27 20:24:21,brain,1772000,30.25,77.22,1005.23,31.64,68.88,1005.03,0,0,MANUAL,1,1,1,
2026-09-27 20:24:22,brain,1773000,30.24,77.15,1005.13,31.64,68.92,1004.92,0,0,MANUAL,1,1,1,
2026-09-27 20:24:23,brain,1774000,30.25,76.37,1005.26,31.65,68.75,1004.98,0,0,MANUAL,1,1,1,
2026-09-27 20:24:24,brain,1775000,30.27,77.32,1005.23,31.64,68.84,1004.97,0,0,MANUAL,1,1,1,
2026-09-27 20:24:25,brain,1776000,30.26,76.91,1005.24,31.65,68.99,1004.96,0,0,MANUAL,1,1,1,
2026-09-27 20:24:26,brain,1777000,30.27,76.45,1005.17,31.64,68.91,1004.98,0,0,MANUAL,1,1,1,
2026-09-27 20:24:27,brain,1778000,30.27,75.97,1005.17,31.65,68.95,1004.99,0,0,MANUAL,1,1,1,
2026-09-27 20:24:28,brain,1779000,30.28,75.98,1005.20,31.65,68.85,1004.96,0,0,MANUAL,1,1,1,
2026-09-27 20:24:29,brain,1780000,30.29,76.55,1005.21,31.64,68.79,1004.95,0,0,MANUAL,1,1,1,
2026-09-27 20:24:30,brain,1781000,30.29,76.54,1005.24,31.64,68.72,1004.89,0,0,MANUAL,1,1,1,
2026-09-27 20:24:31,brain,1782000,30.30,75.94,1005.23,31.64,69.17,1004.97,0,0,MANUAL,1,1,1,
2026-09-27 20:24:32,brain,1783000,30.30,76.16,1005.20,31.64,69.13,1004.95,0,0,MANUAL,1,1,1,
2026-09-27 20:24:33,brain,1784000,30.31,75.80,1005.25,31.64,68.88,1004.95,0,0,MANUAL,1,1,1,
2026-09-27 20:24:34,brain,1785000,30.32,75.40,1005.24,31.64,69.16,1004.95,0,0,MANUAL,1,1,1,
2026-09-27 20:24:35,brain,1786000,30.32,75.56,1005.21,31.64,69.22,1004.92,0,0,MANUAL,1,1,1,
2026-09-27 20:24:36,brain,1787000,30.34,75.81,1005.27,31.65,68.89,1004.98,0,0,MANUAL,1,1,1,
2026-09-27 20:24:37,brain,1788000,30.34,75.93,1005.21,31.65,68.88,1004.94,0,0,MANUAL,1,1,1,
2026-09-27 20:24:38,brain,1789000,30.35,75.71,1005.25,31.65,68.91,1004.94,0,0,MANUAL,1,1,1,
2026-09-27 20:24:39,brain,1790000,30.35,75.40,1005.23,31.65,68.83,1004.94,0,0,MANUAL,1,1,1,
2026-09-27 20:24:40,brain,1791000,30.38,75.97,1005.25,31.65,68.72,1004.90,0,0,MANUAL,1,1,1,
2026-09-27 20:24:41,brain,1792000,30.37,75.76,1005.20,31.65,68.74,1004.90,0,0,MANUAL,1,1,1,
2026-09-27 20:24:42,brain,1793000,30.39,75.32,1005.26,31.64,68.80,1004.92,0,0,MANUAL,1,1,1,
2026-09-27 20:24:43,brain,1794000,30.39,75.56,1005.17,31.65,68.80,1004.94,0,0,MANUAL,1,1,1,
2026-09-27 20:24:44,brain,1795000,30.40,76.85,1005.16,31.65,68.72,1004.96,0,0,MANUAL,1,1,1,
2026-09-27 20:24:45,brain,1796000,30.39,75.72,1005.20,31.65,68.71,1004.94,0,0,MANUAL,1,1,1,
2026-09-27 20:24:46,brain,1797000,30.41,75.39,1005.20,31.65,68.72,1004.87,0,0,MANUAL,1,1,1,
2026-09-27 20:24:47,brain,1798000,30.41,75.08,1005.24,31.66,68.67,1004.95,0,0,MANUAL,1,1,1,
2026-09-27 20:24:48,brain,1799000,30.43,75.04,1005.22,31.67,68.72,1004.93,0,0,MANUAL,1,1,1,
2026-09-27 20:24:49,brain,1800000,30.43,75.24,1005.22,31.66,68.78,1004.92,0,0,MANUAL,1,1,1,
2026-09-27 20:24:50,brain,1801000,30.44,75.89,1005.22,31.66,68.74,1005.00,0,0,MANUAL,1,1,1,
2026-09-27 20:24:51,brain,1802000,30.44,76.30,1005.23,31.66,68.72,1004.95,0,0,MANUAL,1,1,1,
2026-09-27 20:24:52,brain,1803000,30.45,75.77,1005.24,31.67,68.71,1004.96,0,0,MANUAL,1,1,1,
2026-09-27 20:24:53,brain,1804000,30.46,76.21,1005.26,31.67,68.82,1004.99,0,0,MANUAL,1,1,1,
2026-09-27 20:24:54,brain,1805000,30.46,75.92,1005.23,31.67,68.85,1004.99,0,0,MANUAL,1,1,1,
2026-09-27 20:24:55,brain,1806000,30.47,76.21,1005.22,31.66,68.79,1004.95,0,0,MANUAL,1,1,1,
2026-09-27 20:24:56,brain,1807000,30.46,75.55,1005.26,31.66,68.68,1004.95,0,0,MANUAL,1,1,1,
2026-09-27 20:24:57,brain,1808000,30.47,75.29,1005.25,31.65,68.70,1004.96,0,0,MANUAL,1,1,1,
2026-09-27 20:24:58,brain,1809000,30.46,75.19,1005.21,31.65,68.75,1004.96,0,0,MANUAL,1,1,1,
2026-09-27 20:24:59,brain,1810000,30.48,75.12,1005.23,31.66,69.12,1004.98,0,0,MANUAL,1,1,1,
2026-09-27 20:25:00,brain,1811000,30.48,75.68,1005.30,31.66,68.77,1004.98,0,0,MANUAL,1,1,1,
2026-09-27 20:25:01,brain,1812000,30.48,75.49,1005.20,31.65,68.65,1004.99,0,0,MANUAL,1,1,1,
2026-09-27 20:25:02,brain,1813000,30.48,75.12,1005.24,31.65,68.72,1004.96,0,0,MANUAL,1,1,1,
2026-09-27 20:25:03,brain,1814000,30.49,74.74,1005.23,31.65,68.88,1004.94,0,0,MANUAL,1,1,1,
2026-09-27 20:25:04,brain,1815000,30.50,75.10,1005.22,31.66,68.73,1004.95,0,0,MANUAL,1,1,1,
2026-09-27 20:25:04,brain,,,,,,,,,,,,,,mist A=1 B=0 (manual)
2026-09-27 20:25:05,brain,1816000,30.50,74.92,1005.15,31.67,68.65,1004.96,1,0,MANUAL,1,1,1,
2026-09-27 20:25:06,brain,1817000,30.51,75.14,1005.22,31.66,68.77,1005.01,1,0,MANUAL,1,1,1,
2026-09-27 20:25:07,brain,1818000,30.51,75.11,1005.22,31.66,68.71,1004.97,1,0,MANUAL,1,1,1,
2026-09-27 20:25:08,brain,1819000,30.52,75.16,1005.19,31.67,68.79,1004.99,1,0,MANUAL,1,1,1,
2026-09-27 20:25:09,brain,1820000,30.51,75.68,1005.18,31.66,68.70,1005.01,1,0,MANUAL,1,1,1,
2026-09-27 20:25:10,brain,1821000,30.52,75.11,1005.19,31.67,68.77,1005.00,1,0,MANUAL,1,1,1,
2026-09-27 20:25:11,brain,1822000,30.52,75.34,1005.16,31.66,68.71,1005.01,1,0,MANUAL,1,1,1,
2026-09-27 20:25:12,brain,1823000,30.53,74.72,1005.17,31.66,68.87,1004.98,1,0,MANUAL,1,1,1,
2026-09-27 20:25:13,brain,1824000,30.52,74.68,1005.19,31.66,69.14,1005.00,1,0,MANUAL,1,1,1,
2026-09-27 20:25:14,brain,1825000,30.53,74.91,1005.20,31.66,68.82,1004.92,1,0,MANUAL,1,1,1,
2026-09-27 20:25:15,brain,1826000,30.52,75.27,1005.19,31.67,69.14,1004.99,1,0,MANUAL,1,1,1,
2026-09-27 20:25:16,brain,1827000,30.53,74.68,1005.21,31.66,68.69,1004.98,1,0,MANUAL,1,1,1,
2026-09-27 20:25:17,brain,1828000,30.52,74.74,1005.31,31.66,68.76,1004.90,1,0,MANUAL,1,1,1,
2026-09-27 20:25:18,brain,1829000,30.52,75.78,1005.18,31.66,68.61,1004.92,1,0,MANUAL,1,1,1,
2026-09-27 20:25:19,brain,1830000,30.54,77.43,1005.22,31.66,68.79,1005.01,1,0,MANUAL,1,1,1,
2026-09-27 20:25:20,brain,1831000,30.53,77.40,1005.23,31.66,68.67,1004.92,1,0,MANUAL,1,1,1,
2026-09-27 20:25:21,brain,1832000,30.52,76.41,1005.22,31.66,68.89,1004.98,1,0,MANUAL,1,1,1,
2026-09-27 20:25:22,brain,1833000,30.51,76.04,1005.18,31.66,68.72,1005.03,1,0,MANUAL,1,1,1,
2026-09-27 20:25:23,brain,1834000,30.52,75.88,1005.22,31.65,68.70,1004.99,1,0,MANUAL,1,1,1,
2026-09-27 20:25:24,brain,1835000,30.52,75.58,1005.22,31.66,68.70,1005.01,1,0,MANUAL,1,1,1,
2026-09-27 20:25:25,brain,1836000,30.50,76.31,1005.19,31.67,68.81,1004.99,1,0,MANUAL,1,1,1,
2026-09-27 20:25:26,brain,1837000,30.52,75.50,1005.30,31.66,68.70,1004.98,1,0,MANUAL,1,1,1,
2026-09-27 20:25:27,brain,1838000,30.51,76.32,1005.22,31.66,68.76,1004.95,1,0,MANUAL,1,1,1,
2026-09-27 20:25:28,brain,1839000,30.50,78.29,1005.24,31.66,68.77,1005.01,1,0,MANUAL,1,1,1,
2026-09-27 20:25:29,brain,1840000,30.49,76.73,1005.22,31.66,68.77,1004.97,1,0,MANUAL,1,1,1,
2026-09-27 20:25:30,brain,1841000,30.50,77.58,1005.27,31.66,68.99,1004.98,1,0,MANUAL,1,1,1,
2026-09-27 20:25:31,brain,1842000,30.49,76.22,1005.36,31.65,68.80,1005.02,1,0,MANUAL,1,1,1,
2026-09-27 20:25:32,brain,1843000,30.49,75.72,1005.12,31.65,68.80,1005.05,1,0,MANUAL,1,1,1,
2026-09-27 20:25:33,brain,1844000,30.49,76.05,1005.26,31.67,68.69,1005.02,1,0,MANUAL,1,1,1,
2026-09-27 20:25:34,brain,1845000,30.49,75.36,1005.28,31.67,68.81,1005.04,1,0,MANUAL,1,1,1,
2026-09-27 20:25:35,brain,1846000,30.49,76.67,1005.20,31.66,68.83,1005.00,1,0,MANUAL,1,1,1,
2026-09-27 20:25:36,brain,1847000,30.49,77.42,1005.28,31.65,68.74,1004.94,1,0,MANUAL,1,1,1,
2026-09-27 20:25:37,brain,1848000,30.48,75.96,1005.23,31.66,68.74,1005.00,1,0,MANUAL,1,1,1,
2026-09-27 20:25:38,brain,1849000,30.49,75.47,1005.28,31.66,68.93,1005.04,1,0,MANUAL,1,1,1,
2026-09-27 20:25:39,brain,1850000,30.48,75.28,1005.26,31.66,68.80,1005.00,1,0,MANUAL,1,1,1,
2026-09-27 20:25:40,brain,1851000,30.48,75.17,1005.27,31.66,68.88,1004.94,1,0,MANUAL,1,1,1,
2026-09-27 20:25:41,brain,1852000,30.49,75.13,1005.26,31.66,68.83,1005.00,1,0,MANUAL,1,1,1,
2026-09-27 20:25:42,brain,1853000,30.49,75.16,1005.19,31.65,68.73,1004.94,1,0,MANUAL,1,1,1,
2026-09-27 20:25:43,brain,1854000,30.48,75.35,1005.27,31.65,68.78,1005.02,1,0,MANUAL,1,1,1,
2026-09-27 20:25:44,brain,1855000,30.49,74.98,1005.25,31.65,68.92,1005.02,1,0,MANUAL,1,1,1,
2026-09-27 20:25:45,brain,1856000,30.48,75.25,1005.30,31.66,68.82,1004.97,1,0,MANUAL,1,1,1,
2026-09-27 20:25:46,brain,1857000,30.47,75.84,1005.22,31.65,68.97,1004.94,1,0,MANUAL,1,1,1,
2026-09-27 20:25:47,brain,1858000,30.47,76.11,1005.22,31.65,68.83,1004.99,1,0,MANUAL,1,1,1,
2026-09-27 20:25:48,brain,1859000,30.47,76.29,1005.25,31.66,68.77,1005.00,1,0,MANUAL,1,1,1,
2026-09-27 20:25:49,brain,1860000,30.47,78.15,1005.27,31.65,68.80,1004.99,1,0,MANUAL,1,1,1,
2026-09-27 20:25:50,brain,1861000,30.42,77.05,1005.23,31.65,68.82,1005.01,1,0,MANUAL,1,1,1,
2026-09-27 20:25:51,brain,1862000,30.42,76.81,1005.22,31.65,68.89,1004.96,1,0,MANUAL,1,1,1,
2026-09-27 20:25:52,brain,1863000,30.42,78.39,1005.26,31.64,69.05,1004.98,1,0,MANUAL,1,1,1,
2026-09-27 20:25:53,brain,1864000,30.41,77.49,1005.24,31.65,69.07,1005.02,1,0,MANUAL,1,1,1,
2026-09-27 20:25:54,brain,1865000,30.42,77.05,1005.16,31.65,68.71,1004.98,1,0,MANUAL,1,1,1,
2026-09-27 20:25:55,brain,1866000,30.41,76.52,1005.24,31.64,68.85,1004.98,1,0,MANUAL,1,1,1,
2026-09-27 20:25:56,brain,1867000,30.41,76.53,1005.29,31.65,68.71,1004.99,1,0,MANUAL,1,1,1,
2026-09-27 20:25:57,brain,1868000,30.41,76.92,1005.26,31.65,68.76,1004.96,1,0,MANUAL,1,1,1,
2026-09-27 20:25:58,brain,1869000,30.39,78.16,1005.24,31.65,68.75,1005.02,1,0,MANUAL,1,1,1,
2026-09-27 20:25:59,brain,1870000,30.37,79.08,1005.28,31.64,69.00,1004.98,1,0,MANUAL,1,1,1,
2026-09-27 20:26:00,brain,1871000,30.37,77.82,1005.29,31.65,68.82,1005.05,1,0,MANUAL,1,1,1,
2026-09-27 20:26:01,brain,1872000,30.38,77.88,1005.25,31.65,68.84,1004.99,1,0,MANUAL,1,1,1,
2026-09-27 20:26:02,brain,1873000,30.38,77.16,1005.30,31.65,68.83,1004.96,1,0,MANUAL,1,1,1,
2026-09-27 20:26:03,brain,1874000,30.38,77.01,1005.25,31.65,68.88,1005.02,1,0,MANUAL,1,1,1,
2026-09-27 20:26:04,brain,1875000,30.40,76.96,1005.27,31.65,68.90,1005.02,1,0,MANUAL,1,1,1,
2026-09-27 20:26:05,brain,1876000,30.39,76.35,1005.21,31.66,68.87,1005.00,1,0,MANUAL,1,1,1,
2026-09-27 20:26:06,brain,1877000,30.40,77.13,1005.24,31.65,68.88,1005.02,1,0,MANUAL,1,1,1,
2026-09-27 20:26:07,brain,1878000,30.41,77.05,1005.27,31.66,68.82,1005.04,1,0,MANUAL,1,1,1,
2026-09-27 20:26:08,brain,1879000,30.40,75.88,1005.25,31.65,68.69,1005.05,1,0,MANUAL,1,1,1,
2026-09-27 20:26:09,brain,1880000,30.42,75.79,1005.22,31.66,68.72,1005.03,1,0,MANUAL,1,1,1,
2026-09-27 20:26:10,brain,1881000,30.42,75.78,1005.31,31.66,68.81,1004.98,1,0,MANUAL,1,1,1,
2026-09-27 20:26:11,brain,1882000,30.42,75.83,1005.25,31.66,68.79,1005.06,1,0,MANUAL,1,1,1,
2026-09-27 20:26:12,brain,1883000,30.41,75.53,1005.27,31.66,68.82,1005.01,1,0,MANUAL,1,1,1,
2026-09-27 20:26:13,brain,1884000,30.43,75.96,1005.26,31.66,68.72,1004.98,1,0,MANUAL,1,1,1,
2026-09-27 20:26:14,brain,1885000,30.42,75.40,1005.28,31.67,68.80,1005.04,1,0,MANUAL,1,1,1,
2026-09-27 20:26:15,brain,1886000,30.43,75.87,1005.27,31.67,68.72,1005.07,1,0,MANUAL,1,1,1,
2026-09-27 20:26:16,brain,1887000,30.43,75.95,1005.22,31.67,68.74,1005.02,1,0,MANUAL,1,1,1,
2026-09-27 20:26:17,brain,1888000,30.43,75.88,1005.24,31.69,69.08,1004.96,1,0,MANUAL,1,1,1,
2026-09-27 20:26:18,brain,1889000,30.43,75.87,1005.30,31.68,68.90,1004.98,1,0,MANUAL,1,1,1,
2026-09-27 20:26:19,brain,1890000,30.44,77.08,1005.29,31.69,68.79,1005.05,1,0,MANUAL,1,1,1,
2026-09-27 20:26:20,brain,1891000,30.44,77.71,1005.26,31.68,69.14,1005.04,1,0,MANUAL,1,1,1,
2026-09-27 20:26:21,brain,1892000,30.45,77.12,1005.28,31.68,69.28,1005.04,1,0,MANUAL,1,1,1,
2026-09-27 20:26:22,brain,1893000,30.45,76.32,1005.22,31.68,68.69,1005.01,1,0,MANUAL,1,1,1,
2026-09-27 20:26:23,brain,1894000,30.45,76.05,1005.27,31.68,68.80,1005.01,1,0,MANUAL,1,1,1,
2026-09-27 20:26:24,brain,1895000,30.45,76.22,1005.24,31.69,68.95,1004.99,1,0,MANUAL,1,1,1,
2026-09-27 20:26:25,brain,1896000,30.46,77.14,1005.28,31.69,68.80,1005.02,1,0,MANUAL,1,1,1,
2026-09-27 20:26:26,brain,1897000,30.46,76.86,1005.28,31.68,69.09,1005.01,1,0,MANUAL,1,1,1,
2026-09-27 20:26:27,brain,1898000,30.46,77.07,1005.28,31.69,68.69,1005.05,1,0,MANUAL,1,1,1,
2026-09-27 20:26:28,brain,1899000,30.45,76.46,1005.33,31.68,68.80,1005.00,1,0,MANUAL,1,1,1,
2026-09-27 20:26:29,brain,1900000,30.45,75.86,1005.28,31.68,68.78,1004.98,1,0,MANUAL,1,1,1,
2026-09-27 20:26:30,brain,1901000,30.46,76.44,1005.26,31.68,68.79,1005.04,1,0,MANUAL,1,1,1,
2026-09-27 20:26:31,brain,1902000,30.45,76.12,1005.25,31.68,68.70,1005.03,1,0,MANUAL,1,1,1,
2026-09-27 20:26:32,brain,1903000,30.46,76.39,1005.28,31.69,68.75,1005.03,1,0,MANUAL,1,1,1,
2026-09-27 20:26:33,brain,1904000,30.45,76.09,1005.30,31.69,68.76,1005.05,1,0,MANUAL,1,1,1,
2026-09-27 20:26:34,brain,1905000,30.45,75.92,1005.30,31.68,68.94,1005.01,1,0,MANUAL,1,1,1,
2026-09-27 20:26:35,brain,1906000,30.45,76.18,1005.28,31.69,68.71,1005.00,1,0,MANUAL,1,1,1,
2026-09-27 20:26:36,brain,1907000,30.47,77.63,1005.28,31.69,68.62,1004.91,1,0,MANUAL,1,1,1,
2026-09-27 20:26:37,brain,1908000,30.47,77.64,1005.31,31.69,68.66,1004.99,1,0,MANUAL,1,1,1,
2026-09-27 20:26:38,brain,1909000,30.47,77.32,1005.28,31.69,68.78,1005.00,1,0,MANUAL,1,1,1,
2026-09-27 20:26:39,brain,1910000,30.46,77.32,1005.32,31.69,68.76,1005.06,1,0,MANUAL,1,1,1,
2026-09-27 20:26:40,brain,1911000,30.46,76.31,1005.32,31.69,68.79,1005.05,1,0,MANUAL,1,1,1,
2026-09-27 20:26:41,brain,1912000,30.47,75.60,1005.27,31.69,69.06,1004.99,1,0,MANUAL,1,1,1,
2026-09-27 20:26:42,brain,1913000,30.47,75.77,1005.31,31.69,69.19,1005.02,1,0,MANUAL,1,1,1,
2026-09-27 20:26:43,brain,1914000,30.48,75.62,1005.30,31.69,68.70,1004.97,1,0,MANUAL,1,1,1,
2026-09-27 20:26:44,brain,1915000,30.47,75.67,1005.20,31.69,68.63,1005.03,1,0,MANUAL,1,1,1,
2026-09-27 20:26:45,brain,1916000,30.48,75.27,1005.29,31.69,68.85,1005.02,1,0,MANUAL,1,1,1,
2026-09-27 20:26:46,brain,1917000,30.47,75.97,1005.28,31.68,68.72,1005.01,1,0,MANUAL,1,1,1,
2026-09-27 20:26:47,brain,1918000,30.48,76.27,1005.18,31.70,68.57,1005.04,1,0,MANUAL,1,1,1,
2026-09-27 20:26:48,brain,1919000,30.48,75.79,1005.30,31.69,68.69,1005.02,1,0,MANUAL,1,1,1,
2026-09-27 20:26:49,brain,1920000,30.48,76.03,1005.37,31.68,68.59,1004.98,1,0,MANUAL,1,1,1,
2026-09-27 20:26:50,brain,1921000,30.47,75.68,1005.28,31.70,68.70,1005.09,1,0,MANUAL,1,1,1,
2026-09-27 20:26:51,brain,1922000,30.48,75.60,1005.29,31.69,68.65,1005.06,1,0,MANUAL,1,1,1,
2026-09-27 20:26:52,brain,1923000,30.48,75.24,1005.26,31.69,68.93,1005.08,1,0,MANUAL,1,1,1,
2026-09-27 20:26:53,brain,1924000,30.47,75.20,1005.28,31.69,68.56,1005.03,1,0,MANUAL,1,1,1,
2026-09-27 20:26:54,brain,1925000,30.47,76.18,1005.25,31.69,68.69,1005.03,1,0,MANUAL,1,1,1,
2026-09-27 20:26:55,brain,1926000,30.47,76.11,1005.33,31.69,68.62,1005.06,1,0,MANUAL,1,1,1,
2026-09-27 20:26:56,brain,1927000,30.47,75.53,1005.30,31.69,68.70,1005.06,1,0,MANUAL,1,1,1,
2026-09-27 20:26:57,brain,1928000,30.46,75.32,1005.24,31.69,68.65,1005.05,1,0,MANUAL,1,1,1,
2026-09-27 20:26:58,brain,1929000,30.47,75.46,1005.28,31.69,68.62,1005.03,1,0,MANUAL,1,1,1,
2026-09-27 20:26:59,brain,1930000,30.47,75.55,1005.27,31.69,68.89,1005.00,1,0,MANUAL,1,1,1,
2026-09-27 20:27:00,brain,1931000,30.46,75.08,1005.24,31.69,68.67,1005.03,1,0,MANUAL,1,1,1,
2026-09-27 20:27:01,brain,1932000,30.47,75.18,1005.25,31.69,68.83,1004.96,1,0,MANUAL,1,1,1,
2026-09-27 20:27:02,brain,1933000,30.47,75.93,1005.13,31.71,68.64,1005.00,1,0,MANUAL,1,1,1,
2026-09-27 20:27:03,brain,1934000,30.47,76.32,1005.22,31.70,68.74,1005.06,1,0,MANUAL,1,1,1,
2026-09-27 20:27:04,brain,1935000,30.47,76.11,1005.28,31.70,68.82,1005.01,1,0,MANUAL,1,1,1,
2026-09-27 20:27:05,brain,1936000,30.48,75.23,1005.33,31.70,68.68,1005.04,1,0,MANUAL,1,1,1,
2026-09-27 20:27:06,brain,1937000,30.48,76.97,1005.26,31.70,68.67,1004.98,1,0,MANUAL,1,1,1,
2026-09-27 20:27:07,brain,1938000,30.47,77.29,1005.28,31.70,68.61,1004.99,1,0,MANUAL,1,1,1,
2026-09-27 20:27:08,brain,1939000,30.47,76.11,1005.28,31.70,68.92,1005.04,1,0,MANUAL,1,1,1,
2026-09-27 20:27:09,brain,1940000,30.47,75.60,1005.25,31.71,68.75,1005.05,1,0,MANUAL,1,1,1,
2026-09-27 20:27:10,brain,1941000,30.47,75.97,1005.28,31.70,68.56,1005.02,1,0,MANUAL,1,1,1,
2026-09-27 20:27:11,brain,1942000,30.48,76.57,1005.30,31.70,68.90,1004.99,1,0,MANUAL,1,1,1,
2026-09-27 20:27:12,brain,1943000,30.47,75.96,1005.30,31.71,68.92,1005.00,1,0,MANUAL,1,1,1,
2026-09-27 20:27:13,brain,1944000,30.48,76.13,1005.33,31.71,68.71,1005.05,1,0,MANUAL,1,1,1,
2026-09-27 20:27:14,brain,1945000,30.48,75.81,1005.26,31.71,69.07,1005.08,1,0,MANUAL,1,1,1,
2026-09-27 20:27:15,brain,1946000,30.48,75.87,1005.26,31.71,68.82,1004.98,1,0,MANUAL,1,1,1,
2026-09-27 20:27:16,brain,1947000,30.49,75.57,1005.34,31.71,68.59,1005.00,1,0,MANUAL,1,1,1,
2026-09-27 20:27:17,brain,1948000,30.49,75.73,1005.30,31.72,68.66,1005.07,1,0,MANUAL,1,1,1,
2026-09-27 20:27:18,brain,1949000,30.49,75.27,1005.31,31.71,68.82,1005.02,1,0,MANUAL,1,1,1,
2026-09-27 20:27:19,brain,1950000,30.49,75.48,1005.28,31.71,68.56,1005.00,1,0,MANUAL,1,1,1,
2026-09-27 20:27:20,brain,1951000,30.49,75.33,1005.31,31.70,68.75,1005.04,1,0,MANUAL,1,1,1,
2026-09-27 20:27:21,brain,1952000,30.49,75.85,1005.31,31.70,68.55,1004.99,1,0,MANUAL,1,1,1,
2026-09-27 20:27:22,brain,1953000,30.48,75.49,1005.27,31.70,68.63,1005.04,1,0,MANUAL,1,1,1,
2026-09-27 20:27:23,brain,1954000,30.49,75.40,1005.28,31.71,68.62,1005.02,1,0,MANUAL,1,1,1,
2026-09-27 20:27:24,brain,1955000,30.50,76.97,1005.33,31.71,68.64,1005.08,1,0,MANUAL,1,1,1,
2026-09-27 20:27:25,brain,1956000,30.50,78.55,1005.33,31.70,68.60,1005.04,1,0,MANUAL,1,1,1,
2026-09-27 20:27:26,brain,1957000,30.50,78.09,1005.30,31.69,68.70,1005.00,1,0,MANUAL,1,1,1,
2026-09-27 20:27:27,brain,1958000,30.50,77.18,1005.35,31.70,68.65,1005.01,1,0,MANUAL,1,1,1,
2026-09-27 20:27:28,brain,1959000,30.50,77.17,1005.22,31.70,68.66,1004.99,1,0,MANUAL,1,1,1,
2026-09-27 20:27:29,brain,1960000,30.50,76.33,1005.24,31.70,68.58,1005.02,1,0,MANUAL,1,1,1,
2026-09-27 20:27:30,brain,1961000,30.51,77.21,1005.28,31.70,68.52,1005.04,1,0,MANUAL,1,1,1,
2026-09-27 20:27:31,brain,1962000,30.51,76.53,1005.34,31.69,68.62,1005.08,1,0,MANUAL,1,1,1,
2026-09-27 20:27:32,brain,1963000,30.50,77.67,1005.30,31.70,68.54,1005.04,1,0,MANUAL,1,1,1,
2026-09-27 20:27:33,brain,1964000,30.49,77.30,1005.28,31.70,68.65,1005.04,1,0,MANUAL,1,1,1,
2026-09-27 20:27:34,brain,1965000,30.50,76.55,1005.33,31.70,68.57,1005.04,1,0,MANUAL,1,1,1,
2026-09-27 20:27:35,brain,1966000,30.50,76.50,1005.33,31.70,68.66,1005.01,1,0,MANUAL,1,1,1,
2026-09-27 20:27:36,brain,1967000,30.50,76.21,1005.32,31.69,68.62,1004.97,1,0,MANUAL,1,1,1,
2026-09-27 20:27:37,brain,1968000,30.50,76.22,1005.21,31.70,68.61,1004.98,1,0,MANUAL,1,1,1,
2026-09-27 20:27:38,brain,1969000,30.49,77.15,1005.34,31.69,68.56,1005.00,1,0,MANUAL,1,1,1,
2026-09-27 20:27:39,brain,1970000,30.49,76.78,1005.28,31.70,68.60,1005.02,1,0,MANUAL,1,1,1,
2026-09-27 20:27:40,brain,1971000,30.50,76.93,1005.26,31.69,68.67,1005.06,1,0,MANUAL,1,1,1,
2026-09-27 20:27:41,brain,1972000,30.50,76.90,1005.29,31.70,68.53,1005.06,1,0,MANUAL,1,1,1,
2026-09-27 20:27:42,brain,1973000,30.51,77.60,1005.32,31.69,68.56,1004.99,1,0,MANUAL,1,1,1,
2026-09-27 20:27:43,brain,1974000,30.50,77.91,1005.24,31.69,68.75,1005.03,1,0,MANUAL,1,1,1,
2026-09-27 20:27:44,brain,1975000,30.50,77.91,1005.33,31.69,69.08,1005.05,1,0,MANUAL,1,1,1,
2026-09-27 20:27:45,brain,1976000,30.49,76.86,1005.28,31.69,68.53,1005.03,1,0,MANUAL,1,1,1,
2026-09-27 20:27:46,brain,1977000,30.49,76.21,1005.26,31.69,68.57,1005.00,1,0,MANUAL,1,1,1,
2026-09-27 20:27:47,brain,1978000,30.49,75.62,1005.31,31.69,68.60,1005.03,1,0,MANUAL,1,1,1,
2026-09-27 20:27:48,brain,1979000,30.49,75.54,1005.25,31.69,68.74,1005.02,1,0,MANUAL,1,1,1,
2026-09-27 20:27:49,brain,1980000,30.50,75.66,1005.32,31.70,68.56,1005.04,1,0,MANUAL,1,1,1,
2026-09-27 20:27:50,brain,1981000,30.48,75.05,1005.27,31.68,68.58,1005.07,1,0,MANUAL,1,1,1,
2026-09-27 20:27:51,brain,1982000,30.49,75.08,1005.28,31.68,68.63,1005.03,1,0,MANUAL,1,1,1,
2026-09-27 20:27:52,brain,1983000,30.49,75.63,1005.26,31.69,68.51,1005.02,1,0,MANUAL,1,1,1,
2026-09-27 20:27:53,brain,1984000,30.49,75.20,1005.22,31.69,68.49,1005.03,1,0,MANUAL,1,1,1,
2026-09-27 20:27:54,brain,1985000,30.50,76.28,1005.29,31.69,68.48,1005.02,1,0,MANUAL,1,1,1,
2026-09-27 20:27:55,brain,1986000,30.49,75.70,1005.28,31.69,68.56,1005.03,1,0,MANUAL,1,1,1,
2026-09-27 20:27:56,brain,1987000,30.49,75.32,1005.28,31.69,68.62,1005.08,1,0,MANUAL,1,1,1,
2026-09-27 20:27:57,brain,1988000,30.49,77.47,1005.26,31.69,68.52,1005.00,1,0,MANUAL,1,1,1,
2026-09-27 20:27:58,brain,1989000,30.48,76.94,1005.30,31.69,68.63,1005.08,1,0,MANUAL,1,1,1,
2026-09-27 20:27:59,brain,1990000,30.49,76.86,1005.28,31.69,68.57,1004.99,1,0,MANUAL,1,1,1,
2026-09-27 20:28:00,brain,1991000,30.49,77.21,1005.26,31.69,68.53,1005.00,1,0,MANUAL,1,1,1,
2026-09-27 20:28:01,brain,1992000,30.49,76.21,1005.34,31.69,68.53,1005.03,1,0,MANUAL,1,1,1,
2026-09-27 20:28:02,brain,1993000,30.49,75.26,1005.31,31.70,68.64,1005.04,1,0,MANUAL,1,1,1,
2026-09-27 20:28:03,brain,1994000,30.49,75.42,1005.28,31.70,68.53,1005.12,1,0,MANUAL,1,1,1,
2026-09-27 20:28:04,brain,1995000,30.49,75.42,1005.31,31.69,68.53,1005.08,1,0,MANUAL,1,1,1,
2026-09-27 20:28:05,brain,1996000,30.49,75.08,1005.31,31.69,68.77,1005.10,1,0,MANUAL,1,1,1,
2026-09-27 20:28:06,brain,1997000,30.51,75.08,1005.31,31.69,68.61,1005.02,1,0,MANUAL,1,1,1,
2026-09-27 20:28:07,brain,1998000,30.50,75.29,1005.33,31.69,68.61,1005.11,1,0,MANUAL,1,1,1,
2026-09-27 20:28:08,brain,1999000,30.50,76.59,1005.27,31.69,68.62,1005.08,1,0,MANUAL,1,1,1,
2026-09-27 20:28:09,brain,2000000,30.50,78.19,1005.32,31.69,68.54,1005.03,1,0,MANUAL,1,1,1,
2026-09-27 20:28:10,brain,2001000,30.49,78.41,1005.28,31.69,68.62,1005.08,1,0,MANUAL,1,1,1,
2026-09-27 20:28:11,brain,2002000,30.49,78.39,1005.26,31.69,68.68,1005.02,1,0,MANUAL,1,1,1,
2026-09-27 20:28:12,brain,2003000,30.48,77.10,1005.29,31.69,69.00,1005.05,1,0,MANUAL,1,1,1,
2026-09-27 20:28:13,brain,2004000,30.49,78.08,1005.31,31.68,68.88,1005.00,1,0,MANUAL,1,1,1,
2026-09-27 20:28:14,brain,2005000,30.50,78.96,1005.32,31.69,68.61,1005.06,1,0,MANUAL,1,1,1,
2026-09-27 20:28:15,brain,2006000,30.49,77.19,1005.28,31.69,68.85,1005.03,1,0,MANUAL,1,1,1,
2026-09-27 20:28:16,brain,2007000,30.50,77.18,1005.26,31.70,68.60,1005.15,1,0,MANUAL,1,1,1,
2026-09-27 20:28:17,brain,2008000,30.50,76.30,1005.32,31.69,68.69,1005.03,1,0,MANUAL,1,1,1,
2026-09-27 20:28:18,brain,2009000,30.50,76.82,1005.33,31.69,68.61,1005.08,1,0,MANUAL,1,1,1,
2026-09-27 20:28:19,brain,2010000,30.49,76.21,1005.26,31.68,68.54,1005.04,1,0,MANUAL,1,1,1,
2026-09-27 20:28:20,brain,2011000,30.51,76.42,1005.31,31.69,68.58,1005.03,1,0,MANUAL,1,1,1,
2026-09-27 20:28:21,brain,2012000,30.51,76.11,1005.28,31.69,68.50,1005.03,1,0,MANUAL,1,1,1,
2026-09-27 20:28:22,brain,2013000,30.50,76.88,1005.26,31.69,68.63,1005.06,1,0,MANUAL,1,1,1,
2026-09-27 20:28:23,brain,2014000,30.51,77.34,1005.32,31.69,68.79,1005.03,1,0,MANUAL,1,1,1,
2026-09-27 20:28:24,brain,2015000,30.51,76.66,1005.31,31.69,68.57,1005.03,1,0,MANUAL,1,1,1,
2026-09-27 20:28:25,brain,2016000,30.50,77.04,1005.27,31.69,68.77,1005.03,1,0,MANUAL,1,1,1,
2026-09-27 20:28:26,brain,2017000,30.52,77.56,1005.33,31.70,68.93,1005.10,1,0,MANUAL,1,1,1,
2026-09-27 20:28:27,brain,2018000,30.51,75.66,1005.20,31.69,68.83,1005.08,1,0,MANUAL,1,1,1,
2026-09-27 20:28:28,brain,2019000,30.51,75.64,1005.32,31.69,68.70,1005.03,1,0,MANUAL,1,1,1,
2026-09-27 20:28:29,brain,2020000,30.51,75.35,1005.35,31.69,68.53,1005.06,1,0,MANUAL,1,1,1,
2026-09-27 20:28:30,brain,2021000,30.51,75.56,1005.32,31.69,68.51,1005.03,1,0,MANUAL,1,1,1,
2026-09-27 20:28:31,brain,2022000,30.51,75.82,1005.22,31.69,68.58,1005.08,1,0,MANUAL,1,1,1,
2026-09-27 20:28:32,brain,2023000,30.51,75.58,1005.34,31.69,68.68,1004.99,1,0,MANUAL,1,1,1,
2026-09-27 20:28:33,brain,2024000,30.52,76.83,1005.21,31.69,68.66,1005.06,1,0,MANUAL,1,1,1,
2026-09-27 20:28:34,brain,2025000,30.51,75.79,1005.31,31.69,68.54,1004.99,1,0,MANUAL,1,1,1,
2026-09-27 20:28:35,brain,2026000,30.51,75.41,1005.32,31.70,68.59,1005.04,1,0,MANUAL,1,1,1,
2026-09-27 20:28:36,brain,2027000,30.51,76.18,1005.29,31.70,68.88,1005.04,1,0,MANUAL,1,1,1,
2026-09-27 20:28:37,brain,2028000,30.52,75.24,1005.30,31.69,68.53,1005.00,1,0,MANUAL,1,1,1,
2026-09-27 20:28:38,brain,2029000,30.51,75.02,1005.29,31.69,68.63,1005.08,1,0,MANUAL,1,1,1,
2026-09-27 20:28:39,brain,2030000,30.52,74.99,1005.33,31.70,68.54,1005.04,1,0,MANUAL,1,1,1,
2026-09-27 20:28:40,brain,2031000,30.52,75.54,1005.25,31.70,68.59,1005.06,1,0,MANUAL,1,1,1,
2026-09-27 20:28:41,brain,2032000,30.51,75.68,1005.32,31.69,68.63,1005.06,1,0,MANUAL,1,1,1,
2026-09-27 20:28:42,brain,2033000,30.52,75.92,1005.21,31.69,68.67,1005.03,1,0,MANUAL,1,1,1,
2026-09-27 20:28:43,brain,2034000,30.52,75.96,1005.33,31.69,68.62,1005.06,1,0,MANUAL,1,1,1,
2026-09-27 20:28:44,brain,2035000,30.52,75.88,1005.30,31.69,68.57,1005.11,1,0,MANUAL,1,1,1,
2026-09-27 20:28:45,brain,2036000,30.53,75.59,1005.34,31.69,68.52,1005.08,1,0,MANUAL,1,1,1,
2026-09-27 20:28:46,brain,2037000,30.52,75.45,1005.19,31.68,68.49,1005.12,1,0,MANUAL,1,1,1,
2026-09-27 20:28:47,brain,2038000,30.53,74.94,1005.29,31.68,68.96,1005.04,1,0,MANUAL,1,1,1,
2026-09-27 20:28:48,brain,2039000,30.52,74.59,1005.31,31.68,68.63,1005.07,1,0,MANUAL,1,1,1,
2026-09-27 20:28:49,brain,2040000,30.52,74.37,1005.25,31.69,68.76,1005.10,1,0,MANUAL,1,1,1,
2026-09-27 20:28:50,brain,2041000,30.52,74.59,1005.36,31.68,68.66,1005.01,1,0,MANUAL,1,1,1,
2026-09-27 20:28:51,brain,2042000,30.53,74.53,1005.27,31.68,68.58,1005.12,1,0,MANUAL,1,1,1,
2026-09-27 20:28:52,brain,2043000,30.53,75.34,1005.35,31.69,68.49,1005.08,1,0,MANUAL,1,1,1,
2026-09-27 20:28:53,brain,2044000,30.52,75.26,1005.36,31.69,69.04,1005.08,1,0,MANUAL,1,1,1,
2026-09-27 20:28:54,brain,2045000,30.53,75.09,1005.34,31.69,68.52,1005.06,1,0,MANUAL,1,1,1,
2026-09-27 20:28:55,brain,2046000,30.53,75.59,1005.32,31.68,68.86,1005.03,1,0,MANUAL,1,1,1,
2026-09-27 20:28:56,brain,2047000,30.53,75.70,1005.31,31.68,68.58,1005.04,1,0,MANUAL,1,1,1,
2026-09-27 20:28:57,brain,2048000,30.54,74.91,1005.39,31.69,68.63,1005.02,1,0,MANUAL,1,1,1,
2026-09-27 20:28:58,brain,2049000,30.53,75.09,1005.27,31.68,68.77,1005.03,1,0,MANUAL,1,1,1,
2026-09-27 20:28:59,brain,2050000,30.54,74.84,1005.33,31.68,68.69,1005.04,1,0,MANUAL,1,1,1,
2026-09-27 20:29:00,brain,2051000,30.54,74.64,1005.19,31.68,68.92,1005.00,1,0,MANUAL,1,1,1,
2026-09-27 20:29:01,brain,2052000,30.53,74.60,1005.27,31.69,68.87,1005.08,1,0,MANUAL,1,1,1,
2026-09-27 20:29:02,brain,2053000,30.54,74.55,1005.31,31.68,68.57,1004.98,1,0,MANUAL,1,1,1,
2026-09-27 20:29:03,brain,2054000,30.54,75.47,1005.33,31.69,68.66,1005.02,1,0,MANUAL,1,1,1,
2026-09-27 20:29:04,brain,2055000,30.53,75.43,1005.26,31.67,68.82,1005.05,1,0,MANUAL,1,1,1,
2026-09-27 20:29:05,brain,2056000,30.51,77.46,1005.23,31.68,68.62,1005.04,1,0,MANUAL,1,1,1,
2026-09-27 20:29:06,brain,2057000,30.51,76.47,1005.26,31.68,68.84,1005.00,1,0,MANUAL,1,1,1,
2026-09-27 20:29:07,brain,2058000,30.52,75.74,1005.36,31.67,68.82,1005.05,1,0,MANUAL,1,1,1,
2026-09-27 20:29:08,brain,2059000,30.51,75.77,1005.20,31.68,68.67,1005.06,1,0,MANUAL,1,1,1,
2026-09-27 20:29:09,brain,2060000,30.52,75.87,1005.30,31.68,68.70,1005.06,1,0,MANUAL,1,1,1,
2026-09-27 20:29:10,brain,2061000,30.52,76.44,1005.33,31.68,68.68,1005.04,1,0,MANUAL,1,1,1,
2026-09-27 20:29:11,brain,2062000,30.52,77.52,1005.36,31.67,68.80,1005.00,1,0,MANUAL,1,1,1,
2026-09-27 20:29:12,brain,2063000,30.52,77.46,1005.22,31.67,68.56,1005.05,1,0,MANUAL,1,1,1,
2026-09-27 20:29:13,brain,2064000,30.52,77.68,1005.36,31.68,68.67,1005.06,1,0,MANUAL,1,1,1,
2026-09-27 20:29:14,brain,2065000,30.51,75.92,1005.29,31.67,68.54,1005.05,1,0,MANUAL,1,1,1,
2026-09-27 20:29:15,brain,2066000,30.50,75.49,1005.30,31.67,68.68,1005.07,1,0,MANUAL,1,1,1,
2026-09-27 20:29:16,brain,2067000,30.51,75.75,1005.29,31.67,68.97,1005.02,1,0,MANUAL,1,1,1,
2026-09-27 20:29:17,brain,2068000,30.52,76.48,1005.35,31.67,68.69,1005.05,1,0,MANUAL,1,1,1,
2026-09-27 20:29:18,brain,2069000,30.51,75.57,1005.22,31.66,68.86,1005.04,1,0,MANUAL,1,1,1,
2026-09-27 20:29:19,brain,2070000,30.51,75.48,1005.39,31.66,68.85,1005.09,1,0,MANUAL,1,1,1,
2026-09-27 20:29:20,brain,2071000,30.50,75.96,1005.26,31.66,68.59,1005.01,1,0,MANUAL,1,1,1,
2026-09-27 20:29:21,brain,2072000,30.49,75.96,1005.28,31.66,69.06,1005.04,1,0,MANUAL,1,1,1,
2026-09-27 20:29:22,brain,2073000,30.49,76.02,1005.31,31.67,68.61,1005.08,1,0,MANUAL,1,1,1,
2026-09-27 20:29:23,brain,2074000,30.49,76.02,1005.30,31.67,68.54,1005.08,1,0,MANUAL,1,1,1,
2026-09-27 20:29:24,brain,2075000,30.49,75.34,1005.26,31.67,68.69,1005.02,1,0,MANUAL,1,1,1,
2026-09-27 20:29:25,brain,2076000,30.49,74.50,1005.28,31.67,68.60,1005.11,1,0,MANUAL,1,1,1,
2026-09-27 20:29:26,brain,2077000,30.49,74.93,1005.31,31.67,68.61,1005.04,1,0,MANUAL,1,1,1,
2026-09-27 20:29:27,brain,2078000,30.49,75.33,1005.20,31.67,68.61,1005.07,1,0,MANUAL,1,1,1,
2026-09-27 20:29:28,brain,2079000,30.50,75.31,1005.29,31.67,68.67,1005.05,1,0,MANUAL,1,1,1,
2026-09-27 20:29:29,brain,2080000,30.50,74.90,1005.27,31.66,68.63,1005.01,1,0,MANUAL,1,1,1,
2026-09-27 20:29:30,brain,2081000,30.50,74.96,1005.33,31.67,68.76,1005.07,1,0,MANUAL,1,1,1,
2026-09-27 20:29:31,brain,2082000,30.50,75.46,1005.30,31.67,68.80,1005.04,1,0,MANUAL,1,1,1,
2026-09-27 20:29:32,brain,2083000,30.50,75.32,1005.33,31.66,68.65,1005.04,1,0,MANUAL,1,1,1,
2026-09-27 20:29:33,brain,2084000,30.51,76.13,1005.25,31.67,68.74,1005.02,1,0,MANUAL,1,1,1,
2026-09-27 20:29:34,brain,2085000,30.50,76.11,1005.24,31.67,68.77,1005.04,1,0,MANUAL,1,1,1,
2026-09-27 20:29:35,brain,2086000,30.51,76.91,1005.32,31.66,68.95,1005.04,1,0,MANUAL,1,1,1,
2026-09-27 20:29:36,brain,2087000,30.51,76.61,1005.31,31.66,68.86,1005.04,1,0,MANUAL,1,1,1,
2026-09-27 20:29:37,brain,2088000,30.51,76.07,1005.32,31.66,68.97,1005.06,1,0,MANUAL,1,1,1,
2026-09-27 20:29:38,brain,2089000,30.51,75.22,1005.28,31.66,68.81,1005.06,1,0,MANUAL,1,1,1,
2026-09-27 20:29:39,brain,2090000,30.51,74.96,1005.32,31.66,68.94,1005.04,1,0,MANUAL,1,1,1,
2026-09-27 20:29:40,brain,2091000,30.51,75.61,1005.25,31.67,68.50,1005.08,1,0,MANUAL,1,1,1,
2026-09-27 20:29:41,brain,2092000,30.51,75.64,1005.32,31.67,68.51,1005.05,1,0,MANUAL,1,1,1,
2026-09-27 20:29:42,brain,2093000,30.51,76.09,1005.35,31.66,68.64,1005.09,1,0,MANUAL,1,1,1,
2026-09-27 20:29:43,brain,2094000,30.51,75.36,1005.28,31.66,68.72,1005.00,1,0,MANUAL,1,1,1,
2026-09-27 20:29:44,brain,2095000,30.51,74.53,1005.32,31.66,68.62,1005.08,1,0,MANUAL,1,1,1,
2026-09-27 20:29:45,brain,2096000,30.52,74.33,1005.30,31.67,68.59,1005.13,1,0,MANUAL,1,1,1,
2026-09-27 20:29:46,brain,2097000,30.52,74.85,1005.30,31.65,68.62,1005.05,1,0,MANUAL,1,1,1,
2026-09-27 20:29:47,brain,2098000,30.52,75.08,1005.25,31.66,68.55,1005.01,1,0,MANUAL,1,1,1,
2026-09-27 20:29:48,brain,2099000,30.52,75.11,1005.31,31.66,68.54,1005.04,1,0,MANUAL,1,1,1,
2026-09-27 20:29:49,brain,2100000,30.53,75.85,1005.32,31.66,68.61,1005.03,1,0,MANUAL,1,1,1,
2026-09-27 20:29:50,brain,2101000,30.52,76.46,1005.30,31.67,68.59,1005.04,1,0,MANUAL,1,1,1,
2026-09-27 20:29:51,brain,2102000,30.51,75.21,1005.29,31.66,68.49,1005.06,1,0,MANUAL,1,1,1,
2026-09-27 20:29:52,brain,2103000,30.52,74.86,1005.25,31.66,68.70,1005.04,1,0,MANUAL,1,1,1,
2026-09-27 20:29:53,brain,2104000,30.52,74.78,1005.31,31.66,68.85,1005.04,1,0,MANUAL,1,1,1,
2026-09-27 20:29:54,brain,2105000,30.52,74.97,1005.31,31.66,68.60,1005.04,1,0,MANUAL,1,1,1,
2026-09-27 20:29:55,brain,2106000,30.54,74.98,1005.25,31.66,68.57,1005.08,1,0,MANUAL,1,1,1,
2026-09-27 20:29:56,brain,2107000,30.54,76.30,1005.25,31.66,68.57,1005.08,1,0,MANUAL,1,1,1,
2026-09-27 20:29:57,brain,2108000,30.55,78.65,1005.29,31.66,68.60,1005.06,1,0,MANUAL,1,1,1,
2026-09-27 20:29:58,brain,2109000,30.54,79.39,1005.24,31.66,68.60,1005.06,1,0,MANUAL,1,1,1,
2026-09-27 20:29:59,brain,2110000,30.55,79.48,1005.35,31.66,68.70,1005.09,1,0,MANUAL,1,1,1,
2026-09-27 20:30:00,brain,2111000,30.56,80.14,1005.28,31.65,68.63,1005.02,1,0,MANUAL,1,1,1,
2026-09-27 20:30:01,brain,2112000,30.55,79.12,1005.29,31.66,68.67,1005.06,1,0,MANUAL,1,1,1,
2026-09-27 20:30:02,brain,2113000,30.53,77.45,1005.18,31.66,68.69,1005.06,1,0,MANUAL,1,1,1,
2026-09-27 20:30:03,brain,2114000,30.55,77.30,1005.29,31.65,68.63,1005.05,1,0,MANUAL,1,1,1,
2026-09-27 20:30:04,brain,2115000,30.55,77.27,1005.35,31.66,68.56,1005.03,1,0,MANUAL,1,1,1,
2026-09-27 20:30:05,brain,2116000,30.54,77.34,1005.25,31.66,68.68,1005.04,1,0,MANUAL,1,1,1,
2026-09-27 20:30:06,brain,2117000,30.54,76.26,1005.28,31.66,68.63,1005.03,1,0,MANUAL,1,1,1,
2026-09-27 20:30:07,brain,2118000,30.54,76.10,1005.24,31.66,68.60,1005.12,1,0,MANUAL,1,1,1,
2026-09-27 20:30:08,brain,2119000,30.54,76.09,1005.25,31.65,68.82,1005.05,1,0,MANUAL,1,1,1,
2026-09-27 20:30:09,brain,2120000,30.54,76.47,1005.34,31.65,69.02,1005.10,1,0,MANUAL,1,1,1,
2026-09-27 20:30:09,brain,,,,,,,,,,,,,,mist A=0 B=0 (manual)
2026-09-27 20:30:10,brain,2121000,30.54,76.76,1005.22,31.65,68.62,1005.10,0,0,MANUAL,1,1,1,
2026-09-27 20:30:11,brain,2122000,30.55,76.67,1005.26,31.65,68.57,1005.08,0,0,MANUAL,1,1,1,
2026-09-27 20:30:12,brain,2123000,30.55,76.17,1005.24,31.66,68.55,1005.06,0,0,MANUAL,1,1,1,
2026-09-27 20:30:13,brain,2124000,30.55,76.50,1005.32,31.65,68.88,1005.02,0,0,MANUAL,1,1,1,
2026-09-27 20:30:14,brain,2125000,30.55,77.29,1005.35,31.65,68.52,1005.04,0,0,MANUAL,1,1,1,
2026-09-27 20:30:15,brain,2126000,30.54,75.73,1005.28,31.66,68.78,1005.03,0,0,MANUAL,1,1,1,
2026-09-27 20:30:16,brain,2127000,30.54,75.87,1005.31,31.65,68.96,1005.05,0,0,MANUAL,1,1,1,
2026-09-27 20:30:17,brain,2128000,30.56,75.69,1005.25,31.66,68.67,1005.09,0,0,MANUAL,1,1,1,
2026-09-27 20:30:18,brain,2129000,30.57,75.91,1005.38,31.66,68.62,1005.04,0,0,MANUAL,1,1,1,
2026-09-27 20:30:19,brain,2130000,30.56,76.37,1005.29,31.66,68.62,1005.03,0,0,MANUAL,1,1,1,
2026-09-27 20:30:20,brain,2131000,30.56,76.60,1005.31,31.66,69.05,1005.06,0,0,MANUAL,1,1,1,
2026-09-27 20:30:21,brain,2132000,30.57,77.43,1005.25,31.66,68.94,1005.06,0,0,MANUAL,1,1,1,
2026-09-27 20:30:22,brain,2133000,30.57,76.86,1005.27,31.66,68.68,1005.09,0,0,MANUAL,1,1,1,
2026-09-27 20:30:23,brain,2134000,30.57,75.78,1005.30,31.66,68.98,1005.04,0,0,MANUAL,1,1,1,
2026-09-27 20:30:24,brain,2135000,30.57,75.81,1005.22,31.67,68.62,1005.04,0,0,MANUAL,1,1,1,
2026-09-27 20:30:25,brain,2136000,30.58,75.86,1005.26,31.66,68.58,1005.04,0,0,MANUAL,1,1,1,
2026-09-27 20:30:26,brain,2137000,30.58,76.01,1005.26,31.66,68.66,1005.00,0,0,MANUAL,1,1,1,
2026-09-27 20:30:27,brain,2138000,30.59,76.69,1005.27,31.66,68.69,1005.11,0,0,MANUAL,1,1,1,
2026-09-27 20:30:28,brain,2139000,30.60,76.89,1005.31,31.67,68.77,1005.07,0,0,MANUAL,1,1,1,
2026-09-27 20:30:29,brain,2140000,30.59,76.29,1005.33,31.66,68.61,1005.08,0,0,MANUAL,1,1,1,
2026-09-27 20:30:30,brain,2141000,30.59,75.84,1005.30,31.66,68.60,1005.06,0,0,MANUAL,1,1,1,
2026-09-27 20:30:31,brain,2142000,30.60,76.17,1005.31,31.66,68.68,1005.04,0,0,MANUAL,1,1,1,
2026-09-27 20:30:32,brain,2143000,30.60,76.90,1005.33,31.66,68.57,1005.08,0,0,MANUAL,1,1,1,
2026-09-27 20:30:33,brain,2144000,30.61,77.43,1005.30,31.66,68.79,1005.11,0,0,MANUAL,1,1,1,
2026-09-27 20:30:34,brain,2145000,30.62,76.99,1005.25,31.66,68.59,1005.06,0,0,MANUAL,1,1,1,
2026-09-27 20:30:35,brain,2146000,30.61,77.54,1005.22,31.66,68.57,1005.06,0,0,MANUAL,1,1,1,
2026-09-27 20:30:36,brain,2147000,30.61,76.69,1005.30,31.66,68.58,1004.97,0,0,MANUAL,1,1,1,
2026-09-27 20:30:37,brain,2148000,30.62,75.75,1005.23,31.66,68.82,1005.04,0,0,MANUAL,1,1,1,
2026-09-27 20:30:38,brain,2149000,30.61,75.39,1005.25,31.67,68.85,1005.02,0,0,MANUAL,1,1,1,
2026-09-27 20:30:39,brain,2150000,30.62,75.81,1005.26,31.66,68.60,1005.04,0,0,MANUAL,1,1,1,
2026-09-27 20:30:40,brain,2151000,30.63,77.58,1005.22,31.67,68.63,1005.04,0,0,MANUAL,1,1,1,
2026-09-27 20:30:41,brain,2152000,30.63,76.58,1005.31,31.66,68.48,1005.04,0,0,MANUAL,1,1,1,
2026-09-27 20:30:42,brain,2153000,30.63,75.98,1005.35,31.67,68.56,1005.11,0,0,MANUAL,1,1,1,
2026-09-27 20:30:43,brain,2154000,30.62,75.34,1005.29,31.66,68.55,1005.08,0,0,MANUAL,1,1,1,
2026-09-27 20:30:44,brain,2155000,30.64,76.10,1005.27,31.66,68.70,1005.09,0,0,MANUAL,1,1,1,
2026-09-27 20:30:45,brain,2156000,30.64,76.21,1005.29,31.67,68.58,1005.05,0,0,MANUAL,1,1,1,
2026-09-27 20:30:46,brain,2157000,30.65,76.65,1005.27,31.67,68.60,1005.04,0,0,MANUAL,1,1,1,
2026-09-27 20:30:47,brain,2158000,30.65,77.58,1005.23,31.66,68.54,1005.06,0,0,MANUAL,1,1,1,
2026-09-27 20:30:48,brain,2159000,30.66,77.02,1005.23,31.66,68.62,1005.00,0,0,MANUAL,1,1,1,
2026-09-27 20:30:49,brain,2160000,30.66,76.90,1005.29,31.67,68.69,1005.08,0,0,MANUAL,1,1,1,
2026-09-27 20:30:50,brain,2161000,30.65,77.28,1005.34,31.67,68.59,1005.04,0,0,MANUAL,1,1,1,
2026-09-27 20:30:51,brain,2162000,30.67,77.73,1005.28,31.67,68.55,1005.04,0,0,MANUAL,1,1,1,
2026-09-27 20:30:52,brain,2163000,30.68,78.16,1005.32,31.67,68.60,1005.04,0,0,MANUAL,1,1,1,
2026-09-27 20:30:53,brain,2164000,30.66,77.23,1005.24,31.67,68.48,1005.02,0,0,MANUAL,1,1,1,
2026-09-27 20:30:54,brain,2165000,30.67,76.15,1005.28,31.67,68.62,1005.05,0,0,MANUAL,1,1,1,
2026-09-27 20:30:55,brain,2166000,30.68,75.64,1005.24,31.67,68.58,1005.00,0,0,MANUAL,1,1,1,
2026-09-27 20:30:56,brain,2167000,30.67,75.29,1005.25,31.67,68.62,1005.05,0,0,MANUAL,1,1,1,
2026-09-27 20:30:57,brain,2168000,30.68,74.91,1005.24,31.67,68.62,1005.00,0,0,MANUAL,1,1,1,
2026-09-27 20:30:58,brain,2169000,30.68,74.51,1005.27,31.66,68.50,1005.01,0,0,MANUAL,1,1,1,
2026-09-27 20:30:59,brain,2170000,30.69,74.72,1005.29,31.67,68.44,1005.05,0,0,MANUAL,1,1,1,
2026-09-27 20:31:00,brain,2171000,30.69,75.11,1005.28,31.68,68.55,1005.06,0,0,MANUAL,1,1,1,
2026-09-27 20:31:01,brain,2172000,30.70,76.27,1005.24,31.67,68.56,1005.05,0,0,MANUAL,1,1,1,
2026-09-27 20:31:02,brain,2173000,30.72,77.82,1005.27,31.67,68.59,1005.02,0,0,MANUAL,1,1,1,
2026-09-27 20:31:03,brain,2174000,30.71,76.17,1005.23,31.66,68.45,1005.06,0,0,MANUAL,1,1,1,
2026-09-27 20:31:04,brain,2175000,30.72,75.72,1005.27,31.66,68.56,1004.98,0,0,MANUAL,1,1,1,
2026-09-27 20:31:05,brain,2176000,30.70,75.09,1005.24,31.67,68.52,1005.05,0,0,MANUAL,1,1,1,
2026-09-27 20:31:06,brain,2177000,30.72,74.91,1005.30,31.66,68.60,1005.06,0,0,MANUAL,1,1,1,
2026-09-27 20:31:07,brain,2178000,30.71,75.43,1005.24,31.66,68.53,1005.03,0,0,MANUAL,1,1,1,
2026-09-27 20:31:08,brain,2179000,30.73,75.97,1005.23,31.66,68.47,1005.03,0,0,MANUAL,1,1,1,
2026-09-27 20:31:09,brain,2180000,30.73,76.46,1005.24,31.66,68.67,1005.09,0,0,MANUAL,1,1,1,
2026-09-27 20:31:10,brain,2181000,30.73,75.50,1005.29,31.66,68.52,1005.09,0,0,MANUAL,1,1,1,
2026-09-27 20:31:11,brain,2182000,30.74,74.91,1005.31,31.67,68.44,1005.02,0,0,MANUAL,1,1,1,
2026-09-27 20:31:12,brain,2183000,30.74,75.78,1005.25,31.67,68.53,1005.04,0,0,MANUAL,1,1,1,
2026-09-27 20:31:13,brain,2184000,30.74,77.15,1005.29,31.66,68.46,1004.98,0,0,MANUAL,1,1,1,
2026-09-27 20:31:14,brain,2185000,30.74,76.85,1005.25,31.66,68.51,1005.06,0,0,MANUAL,1,1,1,
2026-09-27 20:31:15,brain,2186000,30.74,77.28,1005.33,31.67,68.45,1005.04,0,0,MANUAL,1,1,1,
2026-09-27 20:31:16,brain,2187000,30.74,77.50,1005.26,31.65,68.87,1004.99,0,0,MANUAL,1,1,1,
2026-09-27 20:31:17,brain,2188000,30.74,75.41,1005.31,31.67,68.58,1005.07,0,0,MANUAL,1,1,1,
2026-09-27 20:31:18,brain,2189000,30.74,75.37,1005.29,31.65,68.49,1005.02,0,0,MANUAL,1,1,1,
2026-09-27 20:31:19,brain,2190000,30.73,74.53,1005.38,31.66,68.51,1005.06,0,0,MANUAL,1,1,1,
2026-09-27 20:31:19,brain,,,,,,,,,,,,,,mist A=1 B=0 (manual)
2026-09-27 20:31:20,brain,2191000,30.74,74.74,1005.28,31.66,68.63,1005.09,1,0,MANUAL,1,1,1,
2026-09-27 20:31:21,brain,2192000,30.75,75.43,1005.29,31.65,68.46,1005.02,1,0,MANUAL,1,1,1,
2026-09-27 20:31:22,brain,2193000,30.76,76.21,1005.28,31.66,68.60,1005.03,1,0,MANUAL,1,1,1,
2026-09-27 20:31:23,brain,2194000,30.75,76.09,1005.33,31.65,68.58,1005.01,1,0,MANUAL,1,1,1,
2026-09-27 20:31:24,brain,2195000,30.76,76.79,1005.32,31.66,68.54,1005.06,1,0,MANUAL,1,1,1,
2026-09-27 20:31:25,brain,2196000,30.76,76.44,1005.34,31.65,68.67,1004.98,1,0,MANUAL,1,1,1,
2026-09-27 20:31:26,brain,2197000,30.75,75.32,1005.32,31.65,68.61,1004.99,1,0,MANUAL,1,1,1,
2026-09-27 20:31:27,brain,2198000,30.75,75.15,1005.27,31.65,68.83,1005.01,1,0,MANUAL,1,1,1,
2026-09-27 20:31:28,brain,2199000,30.76,74.99,1005.23,31.65,68.61,1005.05,1,0,MANUAL,1,1,1,
2026-09-27 20:31:29,brain,2200000,30.75,74.69,1005.32,31.65,68.63,1005.08,1,0,MANUAL,1,1,1,
2026-09-27 20:31:30,brain,2201000,30.75,74.56,1005.32,31.65,68.62,1004.98,1,0,MANUAL,1,1,1,
2026-09-27 20:31:31,brain,2202000,30.75,74.58,1005.33,31.64,68.52,1004.98,1,0,MANUAL,1,1,1,
2026-09-27 20:31:32,brain,2203000,30.75,75.02,1005.27,31.65,68.88,1005.01,1,0,MANUAL,1,1,1,
2026-09-27 20:31:33,brain,2204000,30.73,75.52,1005.30,31.66,68.69,1005.06,1,0,MANUAL,1,1,1,
2026-09-27 20:31:34,brain,2205000,30.73,75.58,1005.30,31.66,68.51,1005.06,1,0,MANUAL,1,1,1,
2026-09-27 20:31:35,brain,2206000,30.75,76.05,1005.32,31.66,68.60,1005.14,1,0,MANUAL,1,1,1,
2026-09-27 20:31:36,brain,2207000,30.74,74.79,1005.25,31.65,68.69,1005.08,1,0,MANUAL,1,1,1,
2026-09-27 20:31:37,brain,2208000,30.73,74.97,1005.24,31.65,68.63,1005.04,1,0,MANUAL,1,1,1,
2026-09-27 20:31:38,brain,2209000,30.72,75.44,1005.28,31.64,68.65,1005.06,1,0,MANUAL,1,1,1,
2026-09-27 20:31:39,brain,2210000,30.72,75.30,1005.27,31.66,68.66,1005.06,1,0,MANUAL,1,1,1,
2026-09-27 20:31:40,brain,2211000,30.71,75.38,1005.20,31.65,68.61,1004.94,1,0,MANUAL,1,1,1,
2026-09-27 20:31:41,brain,2212000,30.70,75.74,1005.28,31.66,68.65,1005.03,1,0,MANUAL,1,1,1,
2026-09-27 20:31:42,brain,2213000,30.70,75.48,1005.24,31.65,68.67,1005.05,1,0,MANUAL,1,1,1,
2026-09-27 20:31:43,brain,2214000,30.70,75.82,1005.21,31.67,68.79,1005.10,1,0,MANUAL,1,1,1,
2026-09-27 20:31:44,brain,2215000,30.72,77.19,1005.30,31.67,68.81,1005.05,1,0,MANUAL,1,1,1,
2026-09-27 20:31:45,brain,2216000,30.70,76.57,1005.31,31.67,68.85,1005.02,1,0,MANUAL,1,1,1,
2026-09-27 20:31:46,brain,2217000,30.71,75.88,1005.29,31.67,68.60,1005.13,1,0,MANUAL,1,1,1,
2026-09-27 20:31:47,brain,2218000,30.70,75.37,1005.30,31.67,68.78,1005.04,1,0,MANUAL,1,1,1,
2026-09-27 20:31:48,brain,2219000,30.71,75.49,1005.34,31.66,68.70,1005.03,1,0,MANUAL,1,1,1,
2026-09-27 20:31:49,brain,2220000,30.70,74.94,1005.27,31.66,68.70,1005.09,1,0,MANUAL,1,1,1,
2026-09-27 20:31:50,brain,2221000,30.70,74.91,1005.25,31.66,68.82,1005.04,1,0,MANUAL,1,1,1,
2026-09-27 20:31:51,brain,2222000,30.69,74.92,1005.29,31.66,68.63,1004.98,1,0,MANUAL,1,1,1,
2026-09-27 20:31:52,brain,2223000,30.69,74.98,1005.29,31.66,68.52,1005.04,1,0,MANUAL,1,1,1,
2026-09-27 20:31:53,brain,2224000,30.69,74.87,1005.26,31.66,68.51,1005.06,1,0,MANUAL,1,1,1,
2026-09-27 20:31:54,brain,2225000,30.70,74.61,1005.33,31.67,68.61,1004.99,1,0,MANUAL,1,1,1,
2026-09-27 20:31:55,brain,2226000,30.70,74.57,1005.35,31.67,68.59,1005.02,1,0,MANUAL,1,1,1,
2026-09-27 20:31:56,brain,2227000,30.70,75.16,1005.35,31.66,68.58,1005.04,1,0,MANUAL,1,1,1,
2026-09-27 20:31:57,brain,2228000,30.68,75.14,1005.30,31.66,68.57,1005.00,1,0,MANUAL,1,1,1,
2026-09-27 20:31:58,brain,2229000,30.68,75.85,1005.22,31.66,68.51,1005.04,1,0,MANUAL,1,1,1,
2026-09-27 20:31:59,brain,2230000,30.68,74.98,1005.27,31.66,68.62,1005.04,1,0,MANUAL,1,1,1,
2026-09-27 20:32:01,brain,2232000,30.67,76.05,1005.26,31.66,68.74,1005.11,1,0,MANUAL,1,1,1,
2026-09-27 20:32:02,brain,2233000,30.67,77.46,1005.31,31.66,68.51,1005.04,1,0,MANUAL,1,1,1,
2026-09-27 20:32:03,brain,2234000,30.66,77.62,1005.26,31.66,68.56,1005.01,1,0,MANUAL,1,1,1,
2026-09-27 20:32:04,brain,2235000,30.67,77.49,1005.33,31.67,68.70,1005.04,1,0,MANUAL,1,1,1,
2026-09-27 20:32:05,brain,2236000,30.66,76.41,1005.24,31.67,68.53,1005.11,1,0,MANUAL,1,1,1,
2026-09-27 20:32:06,brain,2237000,30.67,77.35,1005.31,31.66,68.52,1005.03,1,0,MANUAL,1,1,1,
2026-09-27 20:32:07,brain,2238000,30.65,76.10,1005.28,31.67,68.69,1005.04,1,0,MANUAL,1,1,1,
2026-09-27 20:32:08,brain,2239000,30.66,75.23,1005.23,31.66,68.80,1005.06,1,0,MANUAL,1,1,1,
2026-09-27 20:32:09,brain,2240000,30.66,75.21,1005.29,31.67,68.61,1005.08,1,0,MANUAL,1,1,1,
2026-09-27 20:32:10,brain,2241000,30.66,74.88,1005.27,31.67,68.62,1005.04,1,0,MANUAL,1,1,1,
2026-09-27 20:32:11,brain,2242000,30.65,75.83,1005.27,31.67,68.85,1005.07,1,0,MANUAL,1,1,1,
2026-09-27 20:32:12,brain,2243000,30.64,75.81,1005.24,31.67,68.50,1005.07,1,0,MANUAL,1,1,1,
2026-09-27 20:32:13,brain,2244000,30.64,75.36,1005.27,31.66,68.61,1005.09,1,0,MANUAL,1,1,1,
2026-09-27 20:32:14,brain,2245000,30.65,75.01,1005.25,31.66,68.59,1005.04,1,0,MANUAL,1,1,1,
2026-09-27 20:32:15,brain,2246000,30.65,75.62,1005.28,31.67,68.72,1005.04,1,0,MANUAL,1,1,1,
2026-09-27 20:32:16,brain,2247000,30.65,75.63,1005.31,31.67,68.50,1005.05,1,0,MANUAL,1,1,1,
2026-09-27 20:32:17,brain,2248000,30.65,75.65,1005.31,31.66,68.48,1005.04,1,0,MANUAL,1,1,1,
2026-09-27 20:32:18,brain,2249000,30.66,75.52,1005.29,31.66,68.54,1005.04,1,0,MANUAL,1,1,1,
2026-09-27 20:32:19,brain,2250000,30.65,75.57,1005.30,31.67,68.56,1005.10,1,0,MANUAL,1,1,1,
2026-09-27 20:32:20,brain,2251000,30.65,74.69,1005.34,31.66,68.47,1005.09,1,0,MANUAL,1,1,1,
2026-09-27 20:32:21,brain,2252000,30.66,74.50,1005.32,31.67,68.53,1005.10,1,0,MANUAL,1,1,1,
2026-09-27 20:32:22,brain,2253000,30.66,74.94,1005.23,31.67,68.52,1005.07,1,0,MANUAL,1,1,1,
2026-09-27 20:32:23,brain,2254000,30.65,75.12,1005.30,31.67,68.62,1005.04,1,0,MANUAL,1,1,1,
2026-09-27 20:32:24,brain,2255000,30.65,75.69,1005.30,31.66,68.50,1005.04,1,0,MANUAL,1,1,1,
2026-09-27 20:32:25,brain,2256000,30.64,75.67,1005.29,31.66,68.47,1005.01,1,0,MANUAL,1,1,1,
2026-09-27 20:32:26,brain,2257000,30.65,75.48,1005.28,31.66,68.47,1005.01,1,0,MANUAL,1,1,1,
2026-09-27 20:32:27,brain,2258000,30.65,76.76,1005.31,31.66,68.49,1005.03,1,0,MANUAL,1,1,1,
2026-09-27 20:32:28,brain,2259000,30.65,77.65,1005.22,31.67,68.48,1005.05,1,0,MANUAL,1,1,1,
2026-09-27 20:32:29,brain,2260000,30.65,78.70,1005.34,31.66,68.58,1004.98,1,0,MANUAL,1,1,1,
2026-09-27 20:32:30,brain,2261000,30.64,77.54,1005.35,31.67,68.59,1005.04,1,0,MANUAL,1,1,1,
2026-09-27 20:32:31,brain,2262000,30.63,78.59,1005.31,31.66,68.53,1005.00,1,0,MANUAL,1,1,1,
2026-09-27 20:32:32,brain,2263000,30.65,78.81,1005.33,31.66,68.65,1005.04,1,0,MANUAL,1,1,1,
2026-09-27 20:32:33,brain,2264000,30.64,77.66,1005.29,31.66,68.76,1005.04,1,0,MANUAL,1,1,1,
2026-09-27 20:32:34,brain,2265000,30.63,76.54,1005.30,31.66,68.59,1005.09,1,0,MANUAL,1,1,1,
2026-09-27 20:32:35,brain,2266000,30.62,76.77,1005.29,31.66,68.53,1005.08,1,0,MANUAL,1,1,1,
2026-09-27 20:32:36,brain,2267000,30.61,76.40,1005.30,31.66,68.62,1005.09,1,0,MANUAL,1,1,1,
2026-09-27 20:32:37,brain,2268000,30.63,75.95,1005.33,31.66,68.58,1005.01,1,0,MANUAL,1,1,1,
2026-09-27 20:32:38,brain,2269000,30.63,77.38,1005.33,31.67,68.56,1005.08,1,0,MANUAL,1,1,1,
2026-09-27 20:32:39,brain,2270000,30.63,77.47,1005.35,31.69,68.45,1005.05,1,0,MANUAL,1,1,1,
2026-09-27 20:32:40,brain,2271000,30.62,77.62,1005.34,31.68,68.47,1005.06,1,0,MANUAL,1,1,1,
2026-09-27 20:32:41,brain,2272000,30.61,77.45,1005.24,31.67,68.54,1005.05,1,0,MANUAL,1,1,1,
2026-09-27 20:32:42,brain,2273000,30.61,77.28,1005.27,31.68,68.77,1005.10,1,0,MANUAL,1,1,1,
2026-09-27 20:32:43,brain,2274000,30.61,76.63,1005.27,31.68,68.46,1005.04,1,0,MANUAL,1,1,1,
2026-09-27 20:32:44,brain,2275000,30.61,76.72,1005.27,31.69,68.57,1005.08,1,0,MANUAL,1,1,1,
2026-09-27 20:32:45,brain,2276000,30.62,77.28,1005.28,31.68,68.54,1005.06,1,0,MANUAL,1,1,1,
2026-09-27 20:32:46,brain,2277000,30.62,77.49,1005.28,31.68,68.57,1005.07,1,0,MANUAL,1,1,1,
2026-09-27 20:32:47,brain,2278000,30.60,78.10,1005.31,31.68,68.50,1005.04,1,0,MANUAL,1,1,1,
2026-09-27 20:32:48,brain,2279000,30.60,76.96,1005.31,31.69,68.53,1005.13,1,0,MANUAL,1,1,1,
2026-09-27 20:32:49,brain,2280000,30.61,76.09,1005.29,31.69,68.65,1005.08,1,0,MANUAL,1,1,1,
2026-09-27 20:32:50,brain,2281000,30.61,76.25,1005.32,31.70,68.52,1005.01,1,0,MANUAL,1,1,1,
2026-09-27 20:32:51,brain,2282000,30.59,76.47,1005.33,31.69,68.46,1005.08,1,0,MANUAL,1,1,1,
2026-09-27 20:32:52,brain,2283000,30.57,76.22,1005.22,31.69,68.93,1005.08,1,0,MANUAL,1,1,1,
2026-09-27 20:32:53,brain,2284000,30.58,76.78,1005.31,31.69,68.58,1005.19,1,0,MANUAL,1,1,1,
2026-09-27 20:32:54,brain,2285000,30.58,77.26,1005.28,31.68,68.66,1005.12,1,0,MANUAL,1,1,1,
2026-09-27 20:32:55,brain,2286000,30.56,78.65,1005.31,31.69,68.58,1005.10,1,0,MANUAL,1,1,1,
2026-09-27 20:32:56,brain,2287000,30.55,76.77,1005.35,31.68,68.57,1005.07,1,0,MANUAL,1,1,1,
2026-09-27 20:32:57,brain,2288000,30.55,76.54,1005.30,31.67,68.42,1005.11,1,0,MANUAL,1,1,1,
2026-09-27 20:32:58,brain,2289000,30.56,78.08,1005.37,31.68,68.43,1005.07,1,0,MANUAL,1,1,1,
2026-09-27 20:32:59,brain,2290000,30.55,76.82,1005.35,31.68,68.43,1005.10,1,0,MANUAL,1,1,1,
2026-09-27 20:33:00,brain,2291000,30.55,76.49,1005.30,31.69,68.53,1005.08,1,0,MANUAL,1,1,1,
2026-09-27 20:33:01,brain,2292000,30.55,75.96,1005.35,31.68,68.49,1005.06,1,0,MANUAL,1,1,1,
2026-09-27 20:33:02,brain,2293000,30.55,76.14,1005.27,31.68,68.45,1005.04,1,0,MANUAL,1,1,1,
2026-09-27 20:33:03,brain,2294000,30.55,76.12,1005.35,31.69,68.45,1005.05,1,0,MANUAL,1,1,1,
2026-09-27 20:33:04,brain,2295000,30.55,76.08,1005.27,31.68,68.57,1005.10,1,0,MANUAL,1,1,1,
2026-09-27 20:33:05,brain,2296000,30.56,75.73,1005.29,31.68,68.44,1005.10,1,0,MANUAL,1,1,1,
2026-09-27 20:33:06,brain,2297000,30.55,75.62,1005.24,31.69,68.41,1005.16,1,0,MANUAL,1,1,1,
2026-09-27 20:33:06,end,,,,,,,,,,,,,,mist A=0 B=0 (manual)
2026-09-27 20:33:06,end,,,,,,,,,,,,,,mode OFF
2026-09-27 20:33:06,end,,,,,,,,,,,,,,"S,mode=OFF,lo=75.0,hi=90.0,max=300,cool=180,man=400,use=A,period=1,in=ok,out=ok,tank=ok,mistA=0,mistB=0"
2026-09-27 20:33:07,end,2298000,30.56,75.36,1005.31,31.69,68.87,1005.08,0,0,OFF,1,1,1,
2026-09-27 20:33:08,end,2299000,30.55,75.70,1005.30,31.68,68.77,1005.07,0,0,OFF,1,1,1,
