pc_time,phase,ms,t_in,rh_in,p_in,t_out,rh_out,p_out,mistA,mistB,mode,in_ok,out_ok,tank_ok,event
2026-09-25 21:15:15,idle,,,,,,,,,,,,,,"S,mode=RULES,lo=75.0,hi=90.0,max=300,cool=180,man=600,use=A,period=1,in=ok,out=ok,tank=ok,mistA=0,mistB=0"
2026-09-25 21:15:16,idle,73000,29.33,86.64,1009.85,29.88,75.00,1009.82,0,0,RULES,1,1,1,
2026-09-25 21:15:17,idle,74000,29.33,86.23,1009.88,29.88,74.84,1009.84,0,0,RULES,1,1,1,
2026-09-25 21:15:18,idle,75000,29.33,85.85,1009.90,29.86,74.68,1009.86,0,0,RULES,1,1,1,
2026-09-25 21:15:18,baseline-rules,,,,,,,,,,,,,,"S,mode=RULES,lo=75.0,hi=90.0,max=300,cool=180,man=600,use=A,period=1,in=ok,out=ok,tank=ok,mistA=0,mistB=0"
2026-09-25 21:15:18,baseline-rules,,,,,,,,,,,,,,mode RULES
2026-09-25 21:15:19,baseline-rules,76000,29.33,85.96,1009.84,29.87,74.82,1009.89,0,0,RULES,1,1,1,
2026-09-25 21:15:20,baseline-rules,77000,29.33,86.16,1009.87,29.88,74.91,1009.90,0,0,RULES,1,1,1,
2026-09-25 21:15:21,baseline-rules,78000,29.32,86.48,1009.92,29.87,74.89,1009.89,0,0,RULES,1,1,1,
2026-09-25 21:15:22,baseline-rules,79000,29.32,86.18,1009.86,29.87,74.95,1009.89,0,0,RULES,1,1,1,
2026-09-25 21:15:23,baseline-rules,80000,29.33,86.52,1009.88,29.86,74.90,1009.97,0,0,RULES,1,1,1,
2026-09-25 21:15:24,baseline-rules,81000,29.32,86.46,1009.88,29.86,74.85,1009.90,0,0,RULES,1,1,1,
2026-09-25 21:15:25,baseline-rules,82000,29.33,86.39,1009.87,29.87,75.07,1009.89,0,0,RULES,1,1,1,
2026-09-25 21:15:26,baseline-rules,83000,29.33,86.51,1009.90,29.86,75.07,1009.91,0,0,RULES,1,1,1,
2026-09-25 21:15:27,baseline-rules,84000,29.33,86.66,1009.87,29.87,74.89,1009.92,0,0,RULES,1,1,1,
2026-09-25 21:15:28,baseline-rules,85000,29.32,85.83,1009.88,29.86,75.08,1009.91,0,0,RULES,1,1,1,
2026-09-25 21:15:29,baseline-rules,86000,29.32,86.35,1009.85,29.86,74.91,1009.91,0,0,RULES,1,1,1,
2026-09-25 21:15:30,baseline-rules,87000,29.32,86.43,1009.89,29.86,74.83,1009.88,0,0,RULES,1,1,1,
2026-09-25 21:15:31,baseline-rules,88000,29.32,86.27,1009.82,29.86,74.86,1009.91,0,0,RULES,1,1,1,
2026-09-25 21:15:32,baseline-rules,89000,29.33,86.51,1009.90,29.88,74.75,1009.93,0,0,RULES,1,1,1,
2026-09-25 21:15:33,baseline-rules,90000,29.32,86.09,1009.88,29.86,74.85,1009.85,0,0,RULES,1,1,1,
2026-09-25 21:15:34,baseline-rules,91000,29.33,86.34,1009.90,29.86,74.88,1009.91,0,0,RULES,1,1,1,
2026-09-25 21:15:35,baseline-rules,92000,29.33,86.51,1009.87,29.87,74.62,1009.89,0,0,RULES,1,1,1,
2026-09-25 21:15:36,baseline-rules,93000,29.32,86.43,1009.80,29.86,74.78,1009.88,0,0,RULES,1,1,1,
2026-09-25 21:15:37,baseline-rules,94000,29.32,86.04,1009.86,29.86,75.06,1009.90,0,0,RULES,1,1,1,
2026-09-25 21:15:38,baseline-rules,95000,29.33,86.21,1009.84,29.85,74.77,1009.89,0,0,RULES,1,1,1,
2026-09-25 21:15:39,baseline-rules,96000,29.33,86.46,1009.87,29.85,74.64,1009.87,0,0,RULES,1,1,1,
2026-09-25 21:15:40,baseline-rules,97000,29.33,86.47,1009.82,29.86,74.81,1009.90,0,0,RULES,1,1,1,
2026-09-25 21:15:41,baseline-rules,98000,29.33,86.27,1009.92,29.86,74.74,1009.90,0,0,RULES,1,1,1,
2026-09-25 21:15:42,baseline-rules,99000,29.32,85.94,1009.88,29.86,74.86,1009.85,0,0,RULES,1,1,1,
2026-09-25 21:15:43,baseline-rules,100000,29.32,86.48,1009.91,29.86,75.05,1009.85,0,0,RULES,1,1,1,
2026-09-25 21:15:44,baseline-rules,101000,29.32,86.42,1009.85,29.86,74.73,1009.90,0,0,RULES,1,1,1,
2026-09-25 21:15:45,baseline-rules,102000,29.33,86.46,1009.88,29.86,74.90,1009.88,0,0,RULES,1,1,1,
2026-09-25 21:15:46,baseline-rules,103000,29.32,86.39,1009.86,29.85,74.88,1009.95,0,0,RULES,1,1,1,
2026-09-25 21:15:47,baseline-rules,104000,29.33,85.73,1009.87,29.86,75.18,1009.90,0,0,RULES,1,1,1,
2026-09-25 21:15:48,baseline-rules,105000,29.33,86.17,1009.81,29.86,74.93,1009.93,0,0,RULES,1,1,1,
2026-09-25 21:15:49,baseline-rules,106000,29.33,85.82,1009.90,29.86,74.98,1009.91,0,0,RULES,1,1,1,
2026-09-25 21:15:50,baseline-rules,107000,29.33,85.99,1009.87,29.86,75.14,1009.93,0,0,RULES,1,1,1,
2026-09-25 21:15:51,baseline-rules,108000,29.33,86.55,1009.90,29.86,75.00,1009.94,0,0,RULES,1,1,1,
2026-09-25 21:15:52,baseline-rules,109000,29.32,86.23,1009.86,29.86,74.76,1009.91,0,0,RULES,1,1,1,
2026-09-25 21:15:53,baseline-rules,110000,29.33,86.10,1009.87,29.87,74.88,1009.92,0,0,RULES,1,1,1,
2026-09-25 21:15:54,baseline-rules,111000,29.33,86.10,1009.88,29.87,75.03,1009.89,0,0,RULES,1,1,1,
2026-09-25 21:15:55,baseline-rules,112000,29.33,86.03,1009.90,29.88,75.00,1009.87,0,0,RULES,1,1,1,
2026-09-25 21:15:56,baseline-rules,113000,29.32,86.27,1009.89,29.87,75.13,1009.92,0,0,RULES,1,1,1,
2026-09-25 21:15:57,baseline-rules,114000,29.32,86.18,1009.92,29.87,74.99,1009.97,0,0,RULES,1,1,1,
2026-09-25 21:15:58,baseline-rules,115000,29.33,86.27,1009.90,29.87,74.96,1009.92,0,0,RULES,1,1,1,
2026-09-25 21:15:59,baseline-rules,116000,29.32,86.12,1009.89,29.87,74.99,1009.92,0,0,RULES,1,1,1,
2026-09-25 21:16:00,baseline-rules,117000,29.32,86.56,1009.92,29.89,75.06,1009.92,0,0,RULES,1,1,1,
2026-09-25 21:16:01,baseline-rules,118000,29.33,85.89,1009.84,29.87,74.84,1009.97,0,0,RULES,1,1,1,
2026-09-25 21:16:02,baseline-rules,119000,29.33,86.06,1009.87,29.88,75.15,1009.93,0,0,RULES,1,1,1,
2026-09-25 21:16:03,baseline-rules,120000,29.32,86.31,1009.89,29.86,74.85,1009.94,0,0,RULES,1,1,1,
2026-09-25 21:16:04,baseline-rules,121000,29.32,86.16,1009.88,29.87,74.98,1009.89,0,0,RULES,1,1,1,
2026-09-25 21:16:05,baseline-rules,122000,29.32,86.08,1009.88,29.87,74.86,1009.95,0,0,RULES,1,1,1,
2026-09-25 21:16:06,baseline-rules,123000,29.32,86.28,1009.91,29.87,74.76,1009.89,0,0,RULES,1,1,1,
2026-09-25 21:16:07,baseline-rules,124000,29.32,86.39,1009.94,29.88,74.96,1009.90,0,0,RULES,1,1,1,
2026-09-25 21:16:08,baseline-rules,125000,29.31,86.31,1009.92,29.87,74.83,1009.95,0,0,RULES,1,1,1,
2026-09-25 21:16:09,baseline-rules,126000,29.32,85.93,1009.91,29.87,74.85,1009.92,0,0,RULES,1,1,1,
2026-09-25 21:16:10,baseline-rules,127000,29.32,85.93,1009.88,29.88,75.08,1009.93,0,0,RULES,1,1,1,
2026-09-25 21:16:11,baseline-rules,128000,29.32,86.06,1009.88,29.86,74.91,1009.88,0,0,RULES,1,1,1,
2026-09-25 21:16:12,baseline-rules,129000,29.31,86.42,1009.86,29.87,75.01,1009.89,0,0,RULES,1,1,1,
2026-09-25 21:16:13,baseline-rules,130000,29.31,86.37,1009.84,29.86,74.85,1009.90,0,0,RULES,1,1,1,
2026-09-25 21:16:14,baseline-rules,131000,29.31,86.43,1009.87,29.86,74.92,1009.91,0,0,RULES,1,1,1,
2026-09-25 21:16:15,baseline-rules,132000,29.31,86.51,1009.95,29.87,74.90,1009.97,0,0,RULES,1,1,1,
2026-09-25 21:16:16,baseline-rules,133000,29.31,86.05,1009.95,29.86,75.05,1009.91,0,0,RULES,1,1,1,
2026-09-25 21:16:17,baseline-rules,134000,29.31,86.07,1009.89,29.86,74.88,1009.90,0,0,RULES,1,1,1,
2026-09-25 21:16:18,baseline-rules,135000,29.32,86.26,1009.91,29.86,74.86,1009.97,0,0,RULES,1,1,1,
2026-09-25 21:16:19,baseline-rules,136000,29.32,86.00,1009.91,29.86,74.86,1009.97,0,0,RULES,1,1,1,
2026-09-25 21:16:20,baseline-rules,137000,29.31,86.21,1009.89,29.86,74.86,1009.90,0,0,RULES,1,1,1,
2026-09-25 21:16:21,baseline-rules,138000,29.32,86.29,1009.82,29.86,74.95,1009.91,0,0,RULES,1,1,1,
2026-09-25 21:16:22,baseline-rules,139000,29.31,86.02,1009.93,29.86,74.85,1009.90,0,0,RULES,1,1,1,
2026-09-25 21:16:23,baseline-rules,140000,29.31,86.24,1009.86,29.86,74.88,1009.91,0,0,RULES,1,1,1,
2026-09-25 21:16:24,baseline-rules,141000,29.31,85.81,1009.86,29.86,74.93,1009.88,0,0,RULES,1,1,1,
2026-09-25 21:16:25,baseline-rules,142000,29.31,85.80,1009.90,29.86,74.94,1009.90,0,0,RULES,1,1,1,
2026-09-25 21:16:26,baseline-rules,143000,29.31,86.39,1009.90,29.88,74.93,1009.95,0,0,RULES,1,1,1,
2026-09-25 21:16:27,baseline-rules,144000,29.31,86.36,1009.84,29.86,74.93,1009.93,0,0,RULES,1,1,1,
2026-09-25 21:16:28,baseline-rules,145000,29.32,85.84,1009.85,29.87,74.82,1009.86,0,0,RULES,1,1,1,
2026-09-25 21:16:29,baseline-rules,146000,29.31,86.44,1009.87,29.87,74.94,1009.95,0,0,RULES,1,1,1,
2026-09-25 21:16:30,baseline-rules,147000,29.31,86.49,1009.84,29.87,75.00,1009.92,0,0,RULES,1,1,1,
2026-09-25 21:16:31,baseline-rules,148000,29.32,86.48,1009.92,29.86,74.99,1009.88,0,0,RULES,1,1,1,
2026-09-25 21:16:32,baseline-rules,149000,29.32,85.89,1009.89,29.86,75.11,1009.96,0,0,RULES,1,1,1,
2026-09-25 21:16:33,baseline-rules,150000,29.32,86.52,1009.86,29.86,74.82,1009.88,0,0,RULES,1,1,1,
2026-09-25 21:16:34,baseline-rules,151000,29.33,85.88,1009.90,29.86,75.02,1009.85,0,0,RULES,1,1,1,
2026-09-25 21:16:35,baseline-rules,152000,29.33,86.53,1009.87,29.87,74.92,1009.89,0,0,RULES,1,1,1,
2026-09-25 21:16:36,baseline-rules,153000,29.33,86.21,1009.87,29.88,75.15,1009.93,0,0,RULES,1,1,1,
2026-09-25 21:16:37,baseline-rules,154000,29.33,86.54,1009.84,29.86,74.91,1009.94,0,0,RULES,1,1,1,
2026-09-25 21:16:38,baseline-rules,155000,29.32,86.19,1009.91,29.87,75.10,1009.92,0,0,RULES,1,1,1,
2026-09-25 21:16:39,baseline-rules,156000,29.32,86.51,1009.91,29.88,74.94,1009.90,0,0,RULES,1,1,1,
2026-09-25 21:16:40,baseline-rules,157000,29.33,86.57,1009.90,29.87,74.96,1009.89,0,0,RULES,1,1,1,
2026-09-25 21:16:41,baseline-rules,158000,29.33,86.63,1009.87,29.88,74.90,1009.95,0,0,RULES,1,1,1,
2026-09-25 21:16:42,baseline-rules,159000,29.33,86.35,1009.87,29.88,75.02,1009.90,0,0,RULES,1,1,1,
2026-09-25 21:16:43,baseline-rules,160000,29.32,86.55,1009.94,29.87,75.13,1009.95,0,0,RULES,1,1,1,
2026-09-25 21:16:44,baseline-rules,161000,29.33,86.37,1009.87,29.88,75.16,1009.99,0,0,RULES,1,1,1,
2026-09-25 21:16:45,baseline-rules,162000,29.33,85.86,1009.87,29.87,75.16,1010.00,0,0,RULES,1,1,1,
2026-09-25 21:16:46,baseline-rules,163000,29.33,86.16,1009.90,29.88,74.88,1009.87,0,0,RULES,1,1,1,
2026-09-25 21:16:47,baseline-rules,164000,29.32,86.08,1009.89,29.88,75.16,1009.87,0,0,RULES,1,1,1,
2026-09-25 21:16:48,baseline-rules,165000,29.32,85.86,1009.83,29.88,74.95,1009.93,0,0,RULES,1,1,1,
2026-09-25 21:16:49,baseline-rules,166000,29.32,86.40,1009.86,29.88,74.96,1009.84,0,0,RULES,1,1,1,
2026-09-25 21:16:50,baseline-rules,167000,29.32,86.48,1009.89,29.88,75.03,1009.84,0,0,RULES,1,1,1,
2026-09-25 21:16:51,baseline-rules,168000,29.32,86.51,1009.86,29.88,75.16,1009.88,0,0,RULES,1,1,1,
2026-09-25 21:16:52,baseline-rules,169000,29.33,86.54,1009.90,29.88,75.02,1009.91,0,0,RULES,1,1,1,
2026-09-25 21:16:53,baseline-rules,170000,29.32,85.90,1009.89,29.88,75.00,1009.96,0,0,RULES,1,1,1,
2026-09-25 21:16:54,baseline-rules,171000,29.34,86.42,1009.91,29.89,74.88,1009.89,0,0,RULES,1,1,1,
2026-09-25 21:16:55,baseline-rules,172000,29.33,86.38,1009.93,29.90,75.00,1009.93,0,0,RULES,1,1,1,
2026-09-25 21:16:56,baseline-rules,173000,29.32,86.11,1009.86,29.87,75.08,1009.92,0,0,RULES,1,1,1,
2026-09-25 21:16:57,baseline-rules,174000,29.32,86.35,1009.83,29.89,74.89,1009.95,0,0,RULES,1,1,1,
2026-09-25 21:16:58,baseline-rules,175000,29.32,86.58,1009.82,29.88,74.99,1009.93,0,0,RULES,1,1,1,
2026-09-25 21:16:59,baseline-rules,176000,29.33,86.40,1009.95,29.88,75.01,1009.93,0,0,RULES,1,1,1,
2026-09-25 21:17:00,baseline-rules,177000,29.33,86.57,1009.92,29.88,74.97,1009.88,0,0,RULES,1,1,1,
2026-09-25 21:17:01,baseline-rules,178000,29.33,86.36,1009.87,29.89,74.92,1009.98,0,0,RULES,1,1,1,
2026-09-25 21:17:02,baseline-rules,179000,29.33,85.74,1009.90,29.88,75.09,1009.93,0,0,RULES,1,1,1,
2026-09-25 21:17:03,baseline-rules,180000,29.33,86.18,1009.87,29.89,75.09,1009.94,0,0,RULES,1,1,1,
2026-09-25 21:17:04,baseline-rules,181000,29.34,86.05,1009.91,29.89,75.07,1009.92,0,0,RULES,1,1,1,
2026-09-25 21:17:04,baseline-rules,182000,29.33,86.57,1009.93,29.89,75.00,1009.92,0,0,RULES,1,1,1,
2026-09-25 21:17:06,baseline-rules,183000,29.34,86.46,1009.86,29.89,75.01,1009.90,0,0,RULES,1,1,1,
2026-09-25 21:17:07,baseline-rules,184000,29.33,86.22,1009.93,29.88,75.05,1009.88,0,0,RULES,1,1,1,
2026-09-25 21:17:08,baseline-rules,185000,29.34,86.45,1009.88,29.89,75.01,1009.95,0,0,RULES,1,1,1,
2026-09-25 21:17:09,baseline-rules,186000,29.33,86.17,1009.90,29.88,74.90,1009.93,0,0,RULES,1,1,1,
2026-09-25 21:17:10,baseline-rules,187000,29.33,86.13,1009.90,29.89,74.93,1009.92,0,0,RULES,1,1,1,
2026-09-25 21:17:11,baseline-rules,188000,29.32,85.78,1009.83,29.89,75.16,1009.89,0,0,RULES,1,1,1,
2026-09-25 21:17:12,baseline-rules,189000,29.32,86.42,1009.91,29.89,74.90,1009.94,0,0,RULES,1,1,1,
2026-09-25 21:17:13,baseline-rules,190000,29.33,86.23,1009.85,29.88,74.93,1009.93,0,0,RULES,1,1,1,
2026-09-25 21:17:14,baseline-rules,191000,29.33,86.40,1009.92,29.89,74.87,1009.94,0,0,RULES,1,1,1,
2026-09-25 21:17:15,baseline-rules,192000,29.33,86.16,1009.88,29.88,74.82,1009.90,0,0,RULES,1,1,1,
2026-09-25 21:17:16,baseline-rules,193000,29.34,86.25,1009.95,29.89,74.71,1009.92,0,0,RULES,1,1,1,
2026-09-25 21:17:17,baseline-rules,194000,29.33,86.61,1009.85,29.89,74.88,1009.89,0,0,RULES,1,1,1,
2026-09-25 21:17:18,baseline-rules,195000,29.34,86.74,1009.89,29.88,75.08,1009.95,0,0,RULES,1,1,1,
2026-09-25 21:17:19,baseline-rules,196000,29.34,86.29,1009.91,29.89,74.96,1009.94,0,0,RULES,1,1,1,
2026-09-25 21:17:20,baseline-rules,197000,29.33,86.18,1009.90,29.88,74.80,1009.93,0,0,RULES,1,1,1,
2026-09-25 21:17:21,baseline-rules,198000,29.33,86.45,1009.90,29.88,74.67,1009.90,0,0,RULES,1,1,1,
2026-09-25 21:17:22,baseline-rules,199000,29.33,86.04,1009.87,29.87,74.82,1009.95,0,0,RULES,1,1,1,
2026-09-25 21:17:23,baseline-rules,200000,29.33,86.43,1009.90,29.88,74.68,1009.93,0,0,RULES,1,1,1,
2026-09-25 21:17:24,baseline-rules,201000,29.33,85.91,1009.95,29.87,74.91,1009.89,0,0,RULES,1,1,1,
2026-09-25 21:17:25,baseline-rules,202000,29.33,86.42,1009.90,29.87,74.93,1009.92,0,0,RULES,1,1,1,
2026-09-25 21:17:26,baseline-rules,203000,29.34,86.15,1009.94,29.87,74.85,1009.92,0,0,RULES,1,1,1,
2026-09-25 21:17:27,baseline-rules,204000,29.33,85.81,1009.90,29.88,74.92,1009.96,0,0,RULES,1,1,1,
2026-09-25 21:17:28,baseline-rules,205000,29.34,86.03,1009.91,29.87,75.13,1009.92,0,0,RULES,1,1,1,
2026-09-25 21:17:29,baseline-rules,206000,29.33,85.82,1009.88,29.88,74.97,1009.95,0,0,RULES,1,1,1,
2026-09-25 21:17:30,baseline-rules,207000,29.33,86.36,1009.90,29.86,74.88,1009.97,0,0,RULES,1,1,1,
2026-09-25 21:17:31,baseline-rules,208000,29.34,85.98,1009.94,29.87,74.73,1009.95,0,0,RULES,1,1,1,
2026-09-25 21:17:32,baseline-rules,209000,29.34,86.07,1009.88,29.87,74.80,1009.95,0,0,RULES,1,1,1,
2026-09-25 21:17:33,baseline-rules,210000,29.34,86.58,1009.84,29.87,74.92,1009.92,0,0,RULES,1,1,1,
2026-09-25 21:17:34,baseline-rules,211000,29.33,86.66,1009.90,29.87,74.89,1009.95,0,0,RULES,1,1,1,
2026-09-25 21:17:35,baseline-rules,212000,29.34,86.56,1009.91,29.87,74.93,1009.89,0,0,RULES,1,1,1,
2026-09-25 21:17:36,baseline-rules,213000,29.34,86.03,1009.98,29.86,74.89,1009.91,0,0,RULES,1,1,1,
2026-09-25 21:17:37,baseline-rules,214000,29.34,85.82,1009.91,29.86,75.03,1010.01,0,0,RULES,1,1,1,
2026-09-25 21:17:38,baseline-rules,215000,29.35,86.47,1009.93,29.87,74.80,1009.92,0,0,RULES,1,1,1,
2026-09-25 21:17:39,baseline-rules,216000,29.33,86.43,1009.87,29.86,75.04,1009.88,0,0,RULES,1,1,1,
2026-09-25 21:17:40,baseline-rules,217000,29.33,86.49,1009.87,29.87,74.85,1009.92,0,0,RULES,1,1,1,
2026-09-25 21:17:41,baseline-rules,218000,29.32,86.20,1009.83,29.87,74.92,1009.89,0,0,RULES,1,1,1,
2026-09-25 21:17:42,baseline-rules,219000,29.33,85.91,1009.90,29.88,74.97,1009.93,0,0,RULES,1,1,1,
2026-09-25 21:17:43,baseline-rules,220000,29.33,86.24,1009.93,29.87,75.05,1009.97,0,0,RULES,1,1,1,
2026-09-25 21:17:44,baseline-rules,221000,29.33,85.87,1009.88,29.87,74.82,1009.95,0,0,RULES,1,1,1,
2026-09-25 21:17:45,baseline-rules,222000,29.33,85.99,1009.90,29.87,74.89,1009.92,0,0,RULES,1,1,1,
2026-09-25 21:17:46,baseline-rules,223000,29.34,86.46,1009.92,29.88,75.13,1009.95,0,0,RULES,1,1,1,
2026-09-25 21:17:47,baseline-rules,224000,29.34,86.17,1009.88,29.88,75.29,1009.91,0,0,RULES,1,1,1,
2026-09-25 21:17:48,baseline-rules,225000,29.33,86.34,1009.88,29.87,75.16,1010.00,0,0,RULES,1,1,1,
2026-09-25 21:17:49,baseline-rules,226000,29.34,86.45,1009.91,29.88,74.94,1009.98,0,0,RULES,1,1,1,
2026-09-25 21:17:50,baseline-rules,227000,29.34,85.99,1009.95,29.88,74.81,1009.99,0,0,RULES,1,1,1,
2026-09-25 21:17:51,baseline-rules,228000,29.34,86.27,1009.94,29.88,74.96,1009.93,0,0,RULES,1,1,1,
2026-09-25 21:17:52,baseline-rules,229000,29.33,85.98,1009.87,29.88,75.21,1009.93,0,0,RULES,1,1,1,
2026-09-25 21:17:53,baseline-rules,230000,29.33,85.99,1009.88,29.89,75.09,1009.89,0,0,RULES,1,1,1,
2026-09-25 21:17:54,baseline-rules,231000,29.34,86.40,1009.91,29.88,75.06,1009.93,0,0,RULES,1,1,1,
2026-09-25 21:17:55,baseline-rules,232000,29.33,86.20,1009.90,29.88,75.11,1009.91,0,0,RULES,1,1,1,
2026-09-25 21:17:56,baseline-rules,233000,29.33,86.32,1009.93,29.88,74.88,1009.91,0,0,RULES,1,1,1,
2026-09-25 21:17:57,baseline-rules,234000,29.34,86.04,1009.88,29.89,74.83,1009.89,0,0,RULES,1,1,1,
2026-09-25 21:17:58,baseline-rules,235000,29.33,86.36,1009.87,29.89,74.88,1010.01,0,0,RULES,1,1,1,
2026-09-25 21:17:59,baseline-rules,236000,29.34,86.42,1009.88,29.90,75.04,1009.96,0,0,RULES,1,1,1,
2026-09-25 21:18:00,baseline-rules,237000,29.34,86.07,1009.91,29.89,75.00,1009.92,0,0,RULES,1,1,1,
2026-09-25 21:18:01,baseline-rules,238000,29.33,85.99,1009.92,29.89,75.01,1009.89,0,0,RULES,1,1,1,
2026-09-25 21:18:02,baseline-rules,239000,29.32,86.03,1009.91,29.89,75.06,1009.92,0,0,RULES,1,1,1,
2026-09-25 21:18:03,baseline-rules,240000,29.32,85.67,1009.89,29.89,74.96,1009.95,0,0,RULES,1,1,1,
2026-09-25 21:18:04,baseline-rules,241000,29.32,86.00,1009.88,29.89,75.16,1009.95,0,0,RULES,1,1,1,
2026-09-25 21:18:05,baseline-rules,242000,29.33,85.61,1009.90,29.89,75.01,1009.90,0,0,RULES,1,1,1,
2026-09-25 21:18:06,baseline-rules,243000,29.33,85.73,1009.92,29.90,75.22,1010.02,0,0,RULES,1,1,1,
2026-09-25 21:18:07,baseline-rules,244000,29.34,85.82,1009.91,29.90,74.95,1009.97,0,0,RULES,1,1,1,
2026-09-25 21:18:08,baseline-rules,245000,29.33,85.99,1009.90,29.89,74.97,1009.90,0,0,RULES,1,1,1,
2026-09-25 21:18:09,baseline-rules,246000,29.33,86.09,1009.85,29.89,74.94,1009.95,0,0,RULES,1,1,1,
2026-09-25 21:18:10,baseline-rules,247000,29.34,86.21,1009.91,29.88,75.00,1009.93,0,0,RULES,1,1,1,
2026-09-25 21:18:11,baseline-rules,248000,29.34,86.00,1009.95,29.89,75.03,1009.95,0,0,RULES,1,1,1,
2026-09-25 21:18:12,baseline-rules,249000,29.34,85.93,1009.91,29.90,74.95,1009.88,0,0,RULES,1,1,1,
2026-09-25 21:18:13,baseline-rules,250000,29.34,86.09,1009.91,29.89,75.00,1009.92,0,0,RULES,1,1,1,
2026-09-25 21:18:14,baseline-rules,251000,29.33,86.02,1009.88,29.90,74.92,1009.96,0,0,RULES,1,1,1,
2026-09-25 21:18:15,baseline-rules,252000,29.34,85.89,1009.91,29.90,75.08,1009.94,0,0,RULES,1,1,1,
2026-09-25 21:18:16,baseline-rules,253000,29.33,86.26,1009.93,29.89,74.67,1009.92,0,0,RULES,1,1,1,
2026-09-25 21:18:17,baseline-rules,254000,29.34,85.86,1009.88,29.90,75.02,1009.97,0,0,RULES,1,1,1,
2026-09-25 21:18:18,baseline-rules,255000,29.34,85.84,1009.89,29.89,75.12,1009.98,0,0,RULES,1,1,1,
2026-09-25 21:18:19,baseline-rules,256000,29.34,86.09,1009.86,29.88,75.23,1009.91,0,0,RULES,1,1,1,
2026-09-25 21:18:20,baseline-rules,257000,29.34,86.33,1009.89,29.89,74.88,1009.95,0,0,RULES,1,1,1,
2026-09-25 21:18:21,baseline-rules,258000,29.35,86.36,1009.84,29.88,75.02,1009.91,0,0,RULES,1,1,1,
2026-09-25 21:18:22,baseline-rules,259000,29.35,85.76,1009.90,29.88,74.83,1010.02,0,0,RULES,1,1,1,
2026-09-25 21:18:23,baseline-rules,260000,29.35,86.48,1009.96,29.88,75.05,1009.91,0,0,RULES,1,1,1,
2026-09-25 21:18:24,baseline-rules,261000,29.35,86.13,1009.88,29.87,74.96,1009.89,0,0,RULES,1,1,1,
2026-09-25 21:18:25,baseline-rules,262000,29.35,86.50,1009.91,29.89,74.80,1009.97,0,0,RULES,1,1,1,
2026-09-25 21:18:26,baseline-rules,263000,29.35,86.41,1009.87,29.88,75.11,1009.95,0,0,RULES,1,1,1,
2026-09-25 21:18:27,baseline-rules,264000,29.34,86.49,1009.95,29.86,74.83,1009.94,0,0,RULES,1,1,1,
2026-09-25 21:18:28,baseline-rules,265000,29.35,85.93,1009.96,29.87,75.03,1009.97,0,0,RULES,1,1,1,
2026-09-25 21:18:29,baseline-rules,266000,29.35,86.07,1009.88,29.86,74.75,1009.93,0,0,RULES,1,1,1,
2026-09-25 21:18:30,baseline-rules,267000,29.36,85.96,1009.92,29.85,74.91,1009.92,0,0,RULES,1,1,1,
2026-09-25 21:18:31,baseline-rules,268000,29.36,86.46,1009.86,29.86,74.73,1009.91,0,0,RULES,1,1,1,
2026-09-25 21:18:32,baseline-rules,269000,29.37,86.52,1009.93,29.85,74.68,1009.92,0,0,RULES,1,1,1,
2026-09-25 21:18:33,baseline-rules,270000,29.36,86.38,1009.89,29.85,74.95,1009.94,0,0,RULES,1,1,1,
2026-09-25 21:18:34,baseline-rules,271000,29.36,86.27,1009.95,29.86,74.68,1009.99,0,0,RULES,1,1,1,
2026-09-25 21:18:35,baseline-rules,272000,29.35,86.43,1009.85,29.85,74.94,1009.86,0,0,RULES,1,1,1,
2026-09-25 21:18:36,baseline-rules,273000,29.36,86.81,1009.86,29.85,74.77,1009.95,0,0,RULES,1,1,1,
2026-09-25 21:18:37,baseline-rules,274000,29.35,86.14,1009.94,29.85,74.84,1009.91,0,0,RULES,1,1,1,
2026-09-25 21:18:38,baseline-rules,275000,29.34,85.97,1009.91,29.84,75.00,1009.93,0,0,RULES,1,1,1,
2026-09-25 21:18:39,baseline-rules,276000,29.35,85.89,1009.96,29.85,74.86,1009.97,0,0,RULES,1,1,1,
2026-09-25 21:18:40,baseline-rules,277000,29.35,85.95,1009.87,29.85,74.89,1009.94,0,0,RULES,1,1,1,
2026-09-25 21:18:41,baseline-rules,278000,29.35,86.21,1009.93,29.84,74.94,1009.85,0,0,RULES,1,1,1,
2026-09-25 21:18:42,baseline-rules,279000,29.36,86.17,1009.95,29.85,75.03,1009.97,0,0,RULES,1,1,1,
2026-09-25 21:18:43,baseline-rules,280000,29.36,86.47,1009.86,29.85,74.87,1009.91,0,0,RULES,1,1,1,
2026-09-25 21:18:44,baseline-rules,281000,29.36,86.30,1009.89,29.84,75.13,1009.93,0,0,RULES,1,1,1,
2026-09-25 21:18:45,baseline-rules,282000,29.36,86.33,1009.95,29.84,74.90,1009.95,0,0,RULES,1,1,1,
2026-09-25 21:18:46,baseline-rules,283000,29.36,85.73,1009.93,29.84,74.95,1009.95,0,0,RULES,1,1,1,
2026-09-25 21:18:47,baseline-rules,284000,29.35,86.42,1009.90,29.82,74.82,1009.98,0,0,RULES,1,1,1,
2026-09-25 21:18:48,baseline-rules,285000,29.36,86.33,1009.92,29.82,74.78,1009.93,0,0,RULES,1,1,1,
2026-09-25 21:18:49,baseline-rules,286000,29.34,86.13,1009.86,29.83,75.14,1009.95,0,0,RULES,1,1,1,
2026-09-25 21:18:50,baseline-rules,287000,29.35,85.95,1009.90,29.81,74.81,1009.91,0,0,RULES,1,1,1,
2026-09-25 21:18:51,baseline-rules,288000,29.35,85.96,1009.96,29.81,74.78,1009.89,0,0,RULES,1,1,1,
2026-09-25 21:18:52,baseline-rules,289000,29.34,85.83,1009.84,29.81,74.93,1009.96,0,0,RULES,1,1,1,
2026-09-25 21:18:53,baseline-rules,290000,29.35,85.63,1009.90,29.80,74.62,1009.92,0,0,RULES,1,1,1,
2026-09-25 21:18:54,baseline-rules,291000,29.35,86.32,1009.90,29.80,74.84,1009.98,0,0,RULES,1,1,1,
2026-09-25 21:18:55,baseline-rules,292000,29.36,85.74,1009.95,29.80,74.94,1009.92,0,0,RULES,1,1,1,
2026-09-25 21:18:56,baseline-rules,293000,29.36,85.66,1009.95,29.80,74.75,1009.94,0,0,RULES,1,1,1,
2026-09-25 21:18:57,baseline-rules,294000,29.34,85.71,1009.91,29.79,74.77,1009.93,0,0,RULES,1,1,1,
2026-09-25 21:18:58,baseline-rules,295000,29.35,86.36,1009.87,29.79,74.67,1009.90,0,0,RULES,1,1,1,
2026-09-25 21:18:59,baseline-rules,296000,29.35,85.86,1009.91,29.78,74.80,1009.94,0,0,RULES,1,1,1,
2026-09-25 21:18:59,baseline-rules,297000,29.35,85.79,1009.94,29.77,74.77,1009.92,0,0,RULES,1,1,1,
2026-09-25 21:19:01,baseline-rules,298000,29.35,85.99,1009.85,29.77,74.86,1009.93,0,0,RULES,1,1,1,
2026-09-25 21:19:02,baseline-rules,299000,29.35,86.40,1009.90,29.77,74.65,1009.92,0,0,RULES,1,1,1,
2026-09-25 21:19:03,baseline-rules,300000,29.36,85.89,1009.95,29.76,74.61,1009.91,0,0,RULES,1,1,1,
2026-09-25 21:19:04,baseline-rules,301000,29.35,85.98,1009.87,29.76,74.59,1009.86,0,0,RULES,1,1,1,
2026-09-25 21:19:05,baseline-rules,302000,29.35,86.42,1009.94,29.76,74.77,1009.94,0,0,RULES,1,1,1,
2026-09-25 21:19:06,baseline-rules,303000,29.36,86.30,1009.89,29.76,74.80,1009.96,0,0,RULES,1,1,1,
2026-09-25 21:19:07,baseline-rules,304000,29.34,86.49,1009.89,29.75,74.70,1009.93,0,0,RULES,1,1,1,
2026-09-25 21:19:08,baseline-rules,305000,29.35,85.90,1009.90,29.74,74.74,1009.88,0,0,RULES,1,1,1,
2026-09-25 21:19:09,baseline-rules,306000,29.35,85.98,1009.90,29.74,74.84,1009.88,0,0,RULES,1,1,1,
2026-09-25 21:19:10,baseline-rules,307000,29.35,86.29,1009.91,29.73,74.96,1009.86,0,0,RULES,1,1,1,
2026-09-25 21:19:11,baseline-rules,308000,29.35,85.95,1009.87,29.74,74.77,1009.93,0,0,RULES,1,1,1,
2026-09-25 21:19:12,baseline-rules,309000,29.35,86.04,1009.87,29.72,75.07,1009.88,0,0,RULES,1,1,1,
2026-09-25 21:19:13,baseline-rules,310000,29.34,86.08,1009.95,29.73,74.96,1009.92,0,0,RULES,1,1,1,
2026-09-25 21:19:14,baseline-rules,311000,29.34,86.48,1009.92,29.72,75.08,1009.91,0,0,RULES,1,1,1,
2026-09-25 21:19:15,baseline-rules,312000,29.35,86.14,1009.90,29.73,74.86,1009.94,0,0,RULES,1,1,1,
2026-09-25 21:19:16,baseline-rules,313000,29.34,85.85,1009.91,29.73,74.95,1009.91,0,0,RULES,1,1,1,
2026-09-25 21:19:17,baseline-rules,314000,29.33,85.89,1009.88,29.72,75.10,1009.90,0,0,RULES,1,1,1,
2026-09-25 21:19:18,baseline-rules,315000,29.34,85.70,1009.91,29.71,75.06,1009.92,0,0,RULES,1,1,1,
2026-09-25 21:19:19,baseline-rules,316000,29.34,86.21,1009.91,29.72,74.87,1009.87,0,0,RULES,1,1,1,
2026-09-25 21:19:20,baseline-rules,317000,29.34,85.70,1009.91,29.72,75.01,1009.90,0,0,RULES,1,1,1,
2026-09-25 21:19:21,baseline-rules,318000,29.34,85.77,1009.95,29.72,74.88,1009.95,0,0,RULES,1,1,1,
2026-09-25 21:19:22,baseline-rules,319000,29.34,85.59,1009.92,29.71,75.05,1009.88,0,0,RULES,1,1,1,
2026-09-25 21:19:23,baseline-rules,320000,29.34,85.78,1009.94,29.70,74.93,1009.87,0,0,RULES,1,1,1,
2026-09-25 21:19:24,baseline-rules,321000,29.34,86.26,1009.94,29.71,74.76,1009.92,0,0,RULES,1,1,1,
2026-09-25 21:19:25,baseline-rules,322000,29.33,86.09,1009.88,29.71,74.90,1009.91,0,0,RULES,1,1,1,
2026-09-25 21:19:26,baseline-rules,323000,29.34,86.12,1009.86,29.71,74.96,1009.88,0,0,RULES,1,1,1,
2026-09-25 21:19:27,baseline-rules,324000,29.35,86.41,1009.90,29.70,74.89,1009.93,0,0,RULES,1,1,1,
2026-09-25 21:19:28,baseline-rules,325000,29.34,86.00,1009.86,29.71,75.13,1009.94,0,0,RULES,1,1,1,
2026-09-25 21:19:29,baseline-rules,326000,29.34,85.70,1009.91,29.71,74.75,1009.94,0,0,RULES,1,1,1,
2026-09-25 21:19:30,baseline-rules,327000,29.34,86.42,1009.88,29.71,75.11,1009.94,0,0,RULES,1,1,1,
2026-09-25 21:19:31,baseline-rules,328000,29.34,85.95,1009.88,29.71,75.01,1009.94,0,0,RULES,1,1,1,
2026-09-25 21:19:32,baseline-rules,329000,29.34,85.68,1009.88,29.71,74.80,1009.88,0,0,RULES,1,1,1,
2026-09-25 21:19:33,baseline-rules,330000,29.34,85.91,1009.89,29.70,74.93,1009.92,0,0,RULES,1,1,1,
2026-09-25 21:19:34,baseline-rules,331000,29.34,85.86,1009.92,29.69,74.82,1009.89,0,0,RULES,1,1,1,
2026-09-25 21:19:35,baseline-rules,332000,29.35,86.24,1009.96,29.69,74.95,1010.00,0,0,RULES,1,1,1,
2026-09-25 21:19:36,baseline-rules,333000,29.34,86.21,1009.89,29.69,74.90,1009.91,0,0,RULES,1,1,1,
2026-09-25 21:19:37,baseline-rules,334000,29.34,86.22,1009.94,29.70,74.86,1009.98,0,0,RULES,1,1,1,
2026-09-25 21:19:38,baseline-rules,335000,29.34,85.82,1009.86,29.69,74.88,1009.96,0,0,RULES,1,1,1,
2026-09-25 21:19:39,baseline-rules,336000,29.33,85.69,1009.96,29.70,74.89,1009.92,0,0,RULES,1,1,1,
2026-09-25 21:19:40,baseline-rules,337000,29.34,86.01,1009.86,29.69,74.97,1009.97,0,0,RULES,1,1,1,
2026-09-25 21:19:41,baseline-rules,338000,29.34,85.79,1009.86,29.70,74.95,1009.92,0,0,RULES,1,1,1,
2026-09-25 21:19:42,baseline-rules,339000,29.33,86.34,1009.90,29.69,74.92,1009.86,0,0,RULES,1,1,1,
2026-09-25 21:19:43,baseline-rules,340000,29.33,86.28,1009.90,29.70,74.80,1009.92,0,0,RULES,1,1,1,
2026-09-25 21:19:44,baseline-rules,341000,29.34,86.11,1009.88,29.70,74.93,1009.92,0,0,RULES,1,1,1,
2026-09-25 21:19:45,baseline-rules,342000,29.34,86.11,1009.94,29.69,74.96,1009.91,0,0,RULES,1,1,1,
2026-09-25 21:19:46,baseline-rules,343000,29.35,85.93,1009.90,29.69,74.92,1009.91,0,0,RULES,1,1,1,
2026-09-25 21:19:47,baseline-rules,344000,29.35,85.96,1009.97,29.70,74.93,1009.98,0,0,RULES,1,1,1,
2026-09-25 21:19:48,baseline-rules,345000,29.35,86.41,1009.94,29.70,74.76,1009.87,0,0,RULES,1,1,1,
2026-09-25 21:19:49,baseline-rules,346000,29.35,85.95,1009.90,29.69,74.90,1009.96,0,0,RULES,1,1,1,
2026-09-25 21:19:50,baseline-rules,347000,29.35,86.38,1009.84,29.70,74.92,1009.90,0,0,RULES,1,1,1,
2026-09-25 21:19:51,baseline-rules,348000,29.35,86.62,1009.93,29.70,74.92,1010.01,0,0,RULES,1,1,1,
2026-09-25 21:19:52,baseline-rules,349000,29.35,86.24,1009.91,29.71,74.80,1009.88,0,0,RULES,1,1,1,
2026-09-25 21:19:53,baseline-rules,350000,29.35,86.47,1009.94,29.70,74.91,1009.98,0,0,RULES,1,1,1,
2026-09-25 21:19:54,baseline-rules,351000,29.33,85.67,1009.88,29.70,74.87,1009.92,0,0,RULES,1,1,1,
2026-09-25 21:19:55,baseline-rules,352000,29.33,86.41,1009.90,29.71,74.94,1009.88,0,0,RULES,1,1,1,
2026-09-25 21:19:56,baseline-rules,353000,29.34,86.26,1009.84,29.71,74.78,1009.86,0,0,RULES,1,1,1,
2026-09-25 21:19:57,baseline-rules,354000,29.34,85.95,1009.92,29.71,74.89,1009.89,0,0,RULES,1,1,1,
2026-09-25 21:19:58,baseline-rules,355000,29.35,86.33,1009.98,29.71,74.79,1009.97,0,0,RULES,1,1,1,
2026-09-25 21:19:59,baseline-rules,356000,29.33,86.20,1009.84,29.71,74.95,1009.94,0,0,RULES,1,1,1,
2026-09-25 21:20:00,baseline-rules,357000,29.34,85.71,1009.95,29.71,74.98,1009.88,0,0,RULES,1,1,1,
2026-09-25 21:20:01,baseline-rules,358000,29.34,86.46,1009.86,29.71,74.95,1009.92,0,0,RULES,1,1,1,
2026-09-25 21:20:02,baseline-rules,359000,29.34,85.87,1009.91,29.72,75.11,1009.95,0,0,RULES,1,1,1,
2026-09-25 21:20:03,baseline-rules,360000,29.34,85.87,1009.94,29.71,74.95,1009.88,0,0,RULES,1,1,1,
2026-09-25 21:20:04,baseline-rules,361000,29.34,86.04,1009.94,29.71,74.97,1009.89,0,0,RULES,1,1,1,
2026-09-25 21:20:05,baseline-rules,362000,29.34,85.89,1009.92,29.71,75.01,1009.88,0,0,RULES,1,1,1,
2026-09-25 21:20:06,baseline-rules,363000,29.33,86.34,1009.85,29.72,74.89,1009.95,0,0,RULES,1,1,1,
2026-09-25 21:20:07,baseline-rules,364000,29.34,86.45,1009.89,29.72,75.13,1009.90,0,0,RULES,1,1,1,
2026-09-25 21:20:07,baseline-rules,365000,29.34,86.39,1009.95,29.71,74.86,1009.89,0,0,RULES,1,1,1,
2026-09-25 21:20:09,baseline-rules,366000,29.35,86.55,1009.96,29.72,74.99,1009.91,0,0,RULES,1,1,1,
2026-09-25 21:20:10,baseline-rules,367000,29.35,86.16,1009.90,29.72,74.91,1009.87,0,0,RULES,1,1,1,
2026-09-25 21:20:11,baseline-rules,368000,29.34,86.36,1009.91,29.71,74.97,1009.88,0,0,RULES,1,1,1,
2026-09-25 21:20:12,baseline-rules,369000,29.33,86.35,1009.85,29.72,74.92,1009.91,0,0,RULES,1,1,1,
2026-09-25 21:20:13,baseline-rules,370000,29.34,85.99,1009.91,29.72,75.13,1009.91,0,0,RULES,1,1,1,
2026-09-25 21:20:14,baseline-rules,371000,29.33,86.22,1009.95,29.72,74.93,1009.93,0,0,RULES,1,1,1,
2026-09-25 21:20:14,baseline-rules,372000,29.33,86.02,1009.92,29.72,74.98,1009.90,0,0,RULES,1,1,1,
2026-09-25 21:20:16,baseline-rules,373000,29.33,85.67,1009.87,29.73,75.17,1009.91,0,0,RULES,1,1,1,
2026-09-25 21:20:17,baseline-rules,374000,29.33,86.01,1009.90,29.72,74.82,1009.91,0,0,RULES,1,1,1,
2026-09-25 21:20:18,baseline-rules,375000,29.33,86.02,1009.93,29.73,74.79,1009.89,0,0,RULES,1,1,1,
2026-09-25 21:20:19,baseline-rules,376000,29.33,85.54,1009.90,29.72,74.93,1009.88,0,0,RULES,1,1,1,
2026-09-25 21:20:20,baseline-rules,377000,29.34,86.05,1009.88,29.73,74.96,1009.92,0,0,RULES,1,1,1,
2026-09-25 21:20:21,baseline-rules,378000,29.33,86.11,1009.87,29.73,75.02,1009.87,0,0,RULES,1,1,1,
2026-09-25 21:20:22,baseline-rules,379000,29.33,85.62,1009.88,29.74,74.88,1009.94,0,0,RULES,1,1,1,
2026-09-25 21:20:23,baseline-rules,380000,29.34,85.50,1009.92,29.74,74.85,1009.97,0,0,RULES,1,1,1,
2026-09-25 21:20:24,baseline-rules,381000,29.33,85.63,1009.92,29.75,74.84,1009.92,0,0,RULES,1,1,1,
2026-09-25 21:20:25,baseline-rules,382000,29.33,85.96,1009.84,29.74,74.84,1009.88,0,0,RULES,1,1,1,
2026-09-25 21:20:26,baseline-rules,383000,29.33,85.86,1009.92,29.75,74.90,1009.90,0,0,RULES,1,1,1,
2026-09-25 21:20:27,baseline-rules,384000,29.33,85.62,1009.88,29.75,74.99,1009.93,0,0,RULES,1,1,1,
2026-09-25 21:20:28,baseline-rules,385000,29.33,86.22,1009.88,29.75,75.19,1009.90,0,0,RULES,1,1,1,
2026-09-25 21:20:29,baseline-rules,386000,29.34,85.71,1009.91,29.74,75.21,1009.91,0,0,RULES,1,1,1,
2026-09-25 21:20:30,baseline-rules,387000,29.33,86.16,1009.95,29.75,74.89,1009.95,0,0,RULES,1,1,1,
2026-09-25 21:20:31,baseline-rules,388000,29.34,86.07,1009.94,29.75,74.86,1009.87,0,0,RULES,1,1,1,
2026-09-25 21:20:32,baseline-rules,389000,29.33,86.14,1009.90,29.75,74.80,1009.93,0,0,RULES,1,1,1,
2026-09-25 21:20:33,baseline-rules,390000,29.33,86.26,1009.93,29.75,74.86,1009.86,0,0,RULES,1,1,1,
2026-09-25 21:20:34,baseline-rules,391000,29.33,86.32,1009.88,29.75,74.82,1009.92,0,0,RULES,1,1,1,
2026-09-25 21:20:35,baseline-rules,392000,29.34,86.44,1009.86,29.75,74.82,1009.96,0,0,RULES,1,1,1,
2026-09-25 21:20:36,baseline-rules,393000,29.34,86.16,1009.88,29.75,74.81,1009.90,0,0,RULES,1,1,1,
2026-09-25 21:20:37,baseline-rules,394000,29.34,86.12,1009.89,29.76,74.90,1009.91,0,0,RULES,1,1,1,
2026-09-25 21:20:38,baseline-rules,395000,29.33,86.09,1009.81,29.76,74.89,1009.97,0,0,RULES,1,1,1,
2026-09-25 21:20:39,baseline-rules,396000,29.33,86.27,1009.90,29.76,74.81,1009.86,0,0,RULES,1,1,1,
2026-09-25 21:20:40,baseline-rules,397000,29.34,86.47,1009.86,29.76,74.81,1009.94,0,0,RULES,1,1,1,
2026-09-25 21:20:41,baseline-rules,398000,29.33,86.49,1009.88,29.76,74.79,1009.91,0,0,RULES,1,1,1,
2026-09-25 21:20:42,baseline-rules,399000,29.33,85.81,1009.93,29.76,74.83,1009.97,0,0,RULES,1,1,1,
2026-09-25 21:20:43,baseline-rules,400000,29.33,86.34,1009.90,29.77,74.86,1009.90,0,0,RULES,1,1,1,
2026-09-25 21:20:44,baseline-rules,401000,29.34,86.12,1009.86,29.77,74.88,1009.87,0,0,RULES,1,1,1,
2026-09-25 21:20:45,baseline-rules,402000,29.34,86.09,1009.88,29.77,74.87,1009.90,0,0,RULES,1,1,1,
2026-09-25 21:20:46,baseline-rules,403000,29.34,86.00,1009.95,29.77,75.06,1009.92,0,0,RULES,1,1,1,
2026-09-25 21:20:47,baseline-rules,404000,29.34,86.03,1009.95,29.78,74.97,1009.87,0,0,RULES,1,1,1,
2026-09-25 21:20:48,baseline-rules,405000,29.33,85.91,1009.93,29.79,74.81,1009.87,0,0,RULES,1,1,1,
2026-09-25 21:20:49,baseline-rules,406000,29.34,85.79,1009.88,29.78,74.79,1009.87,0,0,RULES,1,1,1,
2026-09-25 21:20:50,baseline-rules,407000,29.35,86.14,1009.96,29.78,74.88,1009.88,0,0,RULES,1,1,1,
2026-09-25 21:20:51,baseline-rules,408000,29.35,85.96,1009.93,29.79,75.14,1009.96,0,0,RULES,1,1,1,
2026-09-25 21:20:52,baseline-rules,409000,29.34,85.92,1009.92,29.79,74.84,1009.91,0,0,RULES,1,1,1,
2026-09-25 21:20:53,baseline-rules,410000,29.34,86.45,1009.86,29.79,74.81,1009.85,0,0,RULES,1,1,1,
2026-09-25 21:20:54,baseline-rules,411000,29.34,85.85,1009.95,29.79,75.17,1009.90,0,0,RULES,1,1,1,
2026-09-25 21:20:55,baseline-rules,412000,29.34,86.24,1009.88,29.79,75.04,1009.85,0,0,RULES,1,1,1,
2026-09-25 21:20:56,baseline-rules,413000,29.34,86.43,1009.88,29.79,74.97,1009.93,0,0,RULES,1,1,1,
2026-09-25 21:20:57,baseline-rules,414000,29.33,85.98,1009.93,29.79,74.76,1009.96,0,0,RULES,1,1,1,
2026-09-25 21:20:58,baseline-rules,415000,29.33,86.38,1009.81,29.79,74.84,1009.90,0,0,RULES,1,1,1,
2026-09-25 21:20:59,baseline-rules,416000,29.34,85.93,1009.89,29.80,74.83,1009.94,0,0,RULES,1,1,1,
2026-09-25 21:21:00,baseline-rules,417000,29.34,86.03,1009.86,29.80,75.19,1009.89,0,0,RULES,1,1,1,
2026-09-25 21:21:01,baseline-rules,418000,29.35,86.30,1009.88,29.80,74.81,1009.86,0,0,RULES,1,1,1,
2026-09-25 21:21:02,baseline-rules,419000,29.35,85.97,1009.94,29.79,74.99,1009.85,0,0,RULES,1,1,1,
2026-09-25 21:21:03,baseline-rules,420000,29.34,86.47,1009.91,29.80,74.91,1009.89,0,0,RULES,1,1,1,
2026-09-25 21:21:04,baseline-rules,421000,29.34,86.29,1009.89,29.79,75.08,1009.91,0,0,RULES,1,1,1,
2026-09-25 21:21:05,baseline-rules,422000,29.34,86.48,1009.88,29.80,74.79,1009.92,0,0,RULES,1,1,1,
2026-09-25 21:21:06,baseline-rules,423000,29.34,86.58,1009.88,29.79,75.04,1009.85,0,0,RULES,1,1,1,
2026-09-25 21:21:07,baseline-rules,424000,29.34,86.36,1009.89,29.81,74.90,1009.88,0,0,RULES,1,1,1,
2026-09-25 21:21:08,baseline-rules,425000,29.33,86.10,1009.88,29.79,74.91,1009.85,0,0,RULES,1,1,1,
2026-09-25 21:21:09,baseline-rules,426000,29.34,86.00,1009.88,29.80,74.94,1009.86,0,0,RULES,1,1,1,
2026-09-25 21:21:10,baseline-rules,427000,29.33,85.99,1009.88,29.80,74.95,1009.90,0,0,RULES,1,1,1,
2026-09-25 21:21:11,baseline-rules,428000,29.34,85.61,1009.91,29.81,74.78,1009.93,0,0,RULES,1,1,1,
2026-09-25 21:21:12,baseline-rules,429000,29.33,86.17,1009.88,29.80,75.17,1009.87,0,0,RULES,1,1,1,
2026-09-25 21:21:13,baseline-rules,430000,29.34,86.16,1009.91,29.80,74.83,1009.90,0,0,RULES,1,1,1,
2026-09-25 21:21:14,baseline-rules,431000,29.32,85.52,1009.89,29.81,75.02,1009.88,0,0,RULES,1,1,1,
2026-09-25 21:21:15,baseline-rules,432000,29.32,85.50,1009.91,29.80,75.07,1009.95,0,0,RULES,1,1,1,
2026-09-25 21:21:16,baseline-rules,433000,29.32,85.88,1009.89,29.80,74.96,1009.90,0,0,RULES,1,1,1,
2026-09-25 21:21:17,baseline-rules,434000,29.33,85.61,1009.90,29.80,75.13,1009.90,0,0,RULES,1,1,1,
2026-09-25 21:21:18,baseline-rules,435000,29.32,86.01,1009.86,29.81,74.98,1009.85,0,0,RULES,1,1,1,
2026-09-25 21:21:19,baseline-rules,436000,29.32,86.00,1009.91,29.80,74.89,1009.87,0,0,RULES,1,1,1,
2026-09-25 21:21:20,baseline-rules,437000,29.31,85.68,1009.86,29.80,75.08,1009.87,0,0,RULES,1,1,1,
2026-09-25 21:21:21,baseline-rules,438000,29.32,85.68,1009.85,29.81,75.15,1009.91,0,0,RULES,1,1,1,
2026-09-25 21:21:22,baseline-rules,439000,29.33,85.96,1009.87,29.80,74.84,1009.87,0,0,RULES,1,1,1,
2026-09-25 21:21:23,baseline-rules,440000,29.33,85.92,1009.90,29.80,74.96,1009.87,0,0,RULES,1,1,1,
2026-09-25 21:21:24,baseline-rules,441000,29.33,85.75,1009.88,29.81,74.92,1009.91,0,0,RULES,1,1,1,
2026-09-25 21:21:25,baseline-rules,442000,29.33,85.89,1009.92,29.80,74.94,1009.86,0,0,RULES,1,1,1,
2026-09-25 21:21:26,baseline-rules,443000,29.33,86.08,1009.87,29.80,75.00,1009.92,0,0,RULES,1,1,1,
2026-09-25 21:21:27,baseline-rules,444000,29.33,86.03,1009.90,29.81,74.84,1009.91,0,0,RULES,1,1,1,
2026-09-25 21:21:28,baseline-rules,445000,29.33,85.49,1009.85,29.81,74.83,1009.86,0,0,RULES,1,1,1,
2026-09-25 21:21:29,baseline-rules,446000,29.33,85.75,1009.92,29.81,74.89,1009.99,0,0,RULES,1,1,1,
2026-09-25 21:21:30,baseline-rules,447000,29.34,86.02,1009.88,29.81,74.71,1009.88,0,0,RULES,1,1,1,
2026-09-25 21:21:30,baseline-rules,448000,29.33,86.05,1009.96,29.81,74.76,1009.93,0,0,RULES,1,1,1,
2026-09-25 21:21:32,baseline-rules,449000,29.34,85.63,1009.88,29.82,74.68,1009.89,0,0,RULES,1,1,1,
2026-09-25 21:21:33,baseline-rules,450000,29.32,85.94,1009.89,29.82,74.70,1009.92,0,0,RULES,1,1,1,
2026-09-25 21:21:34,baseline-rules,451000,29.33,85.97,1009.92,29.82,74.84,1009.89,0,0,RULES,1,1,1,
2026-09-25 21:21:35,baseline-rules,452000,29.33,86.11,1009.87,29.82,74.87,1009.87,0,0,RULES,1,1,1,
2026-09-25 21:21:36,baseline-rules,453000,29.33,85.97,1009.84,29.82,74.92,1009.87,0,0,RULES,1,1,1,
2026-09-25 21:21:37,baseline-rules,454000,29.32,85.93,1009.89,29.82,74.93,1009.89,0,0,RULES,1,1,1,
2026-09-25 21:21:38,baseline-rules,455000,29.33,85.59,1009.88,29.82,74.83,1009.92,0,0,RULES,1,1,1,
2026-09-25 21:21:39,baseline-rules,456000,29.33,85.61,1009.90,29.82,74.89,1009.89,0,0,RULES,1,1,1,
2026-09-25 21:21:40,baseline-rules,457000,29.33,85.62,1009.90,29.83,74.74,1009.92,0,0,RULES,1,1,1,
2026-09-25 21:21:41,baseline-rules,458000,29.33,85.96,1009.90,29.82,75.10,1009.92,0,0,RULES,1,1,1,
2026-09-25 21:21:42,baseline-rules,459000,29.33,86.12,1009.85,29.84,74.90,1009.93,0,0,RULES,1,1,1,
2026-09-25 21:21:43,baseline-rules,460000,29.33,86.06,1009.90,29.82,75.05,1009.89,0,0,RULES,1,1,1,
2026-09-25 21:21:44,baseline-rules,461000,29.34,85.96,1009.86,29.83,74.99,1009.95,0,0,RULES,1,1,1,
2026-09-25 21:21:45,baseline-rules,462000,29.32,85.25,1009.85,29.84,75.05,1009.95,0,0,RULES,1,1,1,
2026-09-25 21:21:46,baseline-rules,463000,29.32,85.46,1009.97,29.82,74.72,1009.92,0,0,RULES,1,1,1,
2026-09-25 21:21:47,baseline-rules,464000,29.33,85.90,1009.81,29.84,74.83,1009.90,0,0,RULES,1,1,1,
2026-09-25 21:21:48,baseline-rules,465000,29.32,85.88,1009.92,29.83,74.81,1009.92,0,0,RULES,1,1,1,
2026-09-25 21:21:49,baseline-rules,466000,29.34,85.73,1009.83,29.83,74.89,1009.94,0,0,RULES,1,1,1,
2026-09-25 21:21:50,baseline-rules,467000,29.33,85.86,1009.88,29.83,74.92,1009.86,0,0,RULES,1,1,1,
2026-09-25 21:21:51,baseline-rules,468000,29.33,85.89,1009.90,29.83,74.86,1009.92,0,0,RULES,1,1,1,
2026-09-25 21:21:52,baseline-rules,469000,29.34,85.59,1009.91,29.84,74.88,1009.93,0,0,RULES,1,1,1,
2026-09-25 21:21:53,baseline-rules,470000,29.34,85.58,1009.88,29.83,74.95,1009.92,0,0,RULES,1,1,1,
2026-09-25 21:21:54,baseline-rules,471000,29.34,85.90,1009.86,29.84,74.98,1009.84,0,0,RULES,1,1,1,
2026-09-25 21:21:55,baseline-rules,472000,29.34,85.67,1009.89,29.83,74.71,1009.86,0,0,RULES,1,1,1,
2026-09-25 21:21:56,baseline-rules,473000,29.35,85.74,1009.88,29.83,74.66,1009.85,0,0,RULES,1,1,1,
2026-09-25 21:21:57,baseline-rules,474000,29.34,85.66,1009.83,29.84,74.80,1009.95,0,0,RULES,1,1,1,
2026-09-25 21:21:58,baseline-rules,475000,29.35,85.85,1009.90,29.84,74.87,1009.87,0,0,RULES,1,1,1,
2026-09-25 21:21:59,baseline-rules,476000,29.34,86.39,1009.89,29.85,74.59,1009.89,0,0,RULES,1,1,1,
2026-09-25 21:22:00,baseline-rules,477000,29.35,85.83,1009.87,29.84,74.96,1009.87,0,0,RULES,1,1,1,
2026-09-25 21:22:01,baseline-rules,478000,29.34,86.09,1009.94,29.84,74.68,1009.90,0,0,RULES,1,1,1,
2026-09-25 21:22:02,baseline-rules,479000,29.35,86.08,1009.84,29.85,74.73,1009.94,0,0,RULES,1,1,1,
2026-09-25 21:22:03,baseline-rules,480000,29.34,85.78,1009.91,29.84,74.78,1009.88,0,0,RULES,1,1,1,
2026-09-25 21:22:04,baseline-rules,481000,29.34,86.10,1009.86,29.85,74.98,1009.89,0,0,RULES,1,1,1,
2026-09-25 21:22:05,baseline-rules,482000,29.35,86.22,1009.91,29.84,74.95,1009.88,0,0,RULES,1,1,1,
2026-09-25 21:22:06,baseline-rules,483000,29.34,85.80,1009.86,29.85,74.95,1009.89,0,0,RULES,1,1,1,
2026-09-25 21:22:07,baseline-rules,484000,29.34,85.87,1009.84,29.85,74.82,1009.80,0,0,RULES,1,1,1,
2026-09-25 21:22:08,baseline-rules,485000,29.34,86.09,1009.95,29.85,75.20,1009.91,0,0,RULES,1,1,1,
2026-09-25 21:22:09,baseline-rules,486000,29.34,85.97,1009.88,29.86,75.17,1009.96,0,0,RULES,1,1,1,
2026-09-25 21:22:10,baseline-rules,487000,29.34,85.83,1009.86,29.85,75.09,1009.84,0,0,RULES,1,1,1,
2026-09-25 21:22:11,baseline-rules,488000,29.34,85.63,1009.80,29.85,74.93,1009.95,0,0,RULES,1,1,1,
2026-09-25 21:22:12,baseline-rules,489000,29.34,85.64,1009.86,29.85,74.84,1009.87,0,0,RULES,1,1,1,
2026-09-25 21:22:13,baseline-rules,490000,29.34,86.21,1009.86,29.86,75.00,1009.91,0,0,RULES,1,1,1,
2026-09-25 21:22:14,baseline-rules,491000,29.33,85.96,1009.88,29.86,75.21,1009.85,0,0,RULES,1,1,1,
2026-09-25 21:22:15,baseline-rules,492000,29.33,85.78,1009.85,29.86,75.10,1009.88,0,0,RULES,1,1,1,
2026-09-25 21:22:16,baseline-rules,493000,29.34,86.36,1009.84,29.86,75.07,1009.88,0,0,RULES,1,1,1,
2026-09-25 21:22:17,baseline-rules,494000,29.33,85.79,1009.82,29.88,75.11,1009.88,0,0,RULES,1,1,1,
2026-09-25 21:22:18,baseline-rules,495000,29.34,86.04,1009.86,29.86,74.95,1009.86,0,0,RULES,1,1,1,
2026-09-25 21:22:19,baseline-rules,496000,29.33,85.70,1009.88,29.88,74.99,1009.87,0,0,RULES,1,1,1,
2026-09-25 21:22:20,baseline-rules,497000,29.34,86.05,1009.84,29.87,74.78,1009.92,0,0,RULES,1,1,1,
2026-09-25 21:22:21,baseline-rules,498000,29.33,85.46,1009.82,29.86,74.83,1009.86,0,0,RULES,1,1,1,
2026-09-25 21:22:22,baseline-rules,499000,29.34,86.05,1009.86,29.86,74.92,1009.86,0,0,RULES,1,1,1,
2026-09-25 21:22:23,baseline-rules,500000,29.34,86.33,1009.83,29.87,74.73,1009.86,0,0,RULES,1,1,1,
2026-09-25 21:22:24,baseline-rules,501000,29.33,86.22,1009.79,29.88,74.90,1009.90,0,0,RULES,1,1,1,
2026-09-25 21:22:25,baseline-rules,502000,29.34,86.23,1009.86,29.87,74.80,1009.86,0,0,RULES,1,1,1,
2026-09-25 21:22:26,baseline-rules,503000,29.34,85.93,1009.84,29.88,74.70,1009.90,0,0,RULES,1,1,1,
2026-09-25 21:22:27,baseline-rules,504000,29.34,85.37,1009.94,29.87,74.95,1009.92,0,0,RULES,1,1,1,
2026-09-25 21:22:28,baseline-rules,505000,29.33,85.66,1009.85,29.88,75.22,1009.87,0,0,RULES,1,1,1,
2026-09-25 21:22:29,baseline-rules,506000,29.34,86.19,1009.84,29.87,75.05,1009.92,0,0,RULES,1,1,1,
2026-09-25 21:22:30,baseline-rules,507000,29.33,86.05,1009.88,29.88,75.11,1009.90,0,0,RULES,1,1,1,
2026-09-25 21:22:31,baseline-rules,508000,29.34,85.63,1009.86,29.88,74.78,1009.93,0,0,RULES,1,1,1,
2026-09-25 21:22:31,baseline-rules,509000,29.34,85.64,1009.86,29.87,74.83,1009.89,0,0,RULES,1,1,1,
2026-09-25 21:22:33,baseline-rules,510000,29.34,85.64,1009.88,29.88,74.97,1009.93,0,0,RULES,1,1,1,
2026-09-25 21:22:34,baseline-rules,511000,29.33,85.66,1009.82,29.88,74.82,1009.87,0,0,RULES,1,1,1,
2026-09-25 21:22:35,baseline-rules,512000,29.33,85.98,1009.88,29.88,74.72,1009.91,0,0,RULES,1,1,1,
2026-09-25 21:22:36,baseline-rules,513000,29.34,85.55,1009.86,29.88,74.69,1009.88,0,0,RULES,1,1,1,
2026-09-25 21:22:37,baseline-rules,514000,29.33,85.92,1009.87,29.88,74.91,1009.82,0,0,RULES,1,1,1,
2026-09-25 21:22:38,baseline-rules,515000,29.33,85.56,1009.88,29.89,74.86,1009.86,0,0,RULES,1,1,1,
2026-09-25 21:22:39,baseline-rules,516000,29.33,85.50,1009.92,29.88,74.77,1009.91,0,0,RULES,1,1,1,
2026-09-25 21:22:39,baseline-rules,517000,29.34,85.53,1009.88,29.89,74.86,1009.90,0,0,RULES,1,1,1,
2026-09-25 21:22:41,baseline-rules,518000,29.33,85.56,1009.82,29.89,74.86,1009.89,0,0,RULES,1,1,1,
2026-09-25 21:22:42,baseline-rules,519000,29.34,85.87,1009.88,29.89,74.72,1009.90,0,0,RULES,1,1,1,
2026-09-25 21:22:43,baseline-rules,520000,29.34,85.64,1009.88,29.89,74.72,1009.83,0,0,RULES,1,1,1,
2026-09-25 21:22:44,baseline-rules,521000,29.34,85.87,1009.83,29.90,74.96,1009.85,0,0,RULES,1,1,1,
2026-09-25 21:22:45,baseline-rules,522000,29.32,85.67,1009.92,29.89,74.87,1009.95,0,0,RULES,1,1,1,
2026-09-25 21:22:46,baseline-rules,523000,29.33,85.71,1009.88,29.89,74.95,1009.89,0,0,RULES,1,1,1,
2026-09-25 21:22:47,baseline-rules,524000,29.34,85.99,1009.86,29.89,74.80,1009.87,0,0,RULES,1,1,1,
2026-09-25 21:22:48,baseline-rules,525000,29.34,86.04,1009.91,29.89,74.69,1009.84,0,0,RULES,1,1,1,
2026-09-25 21:22:49,baseline-rules,526000,29.34,85.63,1009.86,29.89,75.02,1009.89,0,0,RULES,1,1,1,
2026-09-25 21:22:50,baseline-rules,527000,29.34,85.99,1009.86,29.90,74.98,1009.90,0,0,RULES,1,1,1,
2026-09-25 21:22:51,baseline-rules,528000,29.34,85.58,1009.89,29.90,74.70,1009.91,0,0,RULES,1,1,1,
2026-09-25 21:22:52,baseline-rules,529000,29.34,86.12,1009.89,29.89,74.90,1009.90,0,0,RULES,1,1,1,
2026-09-25 21:22:53,baseline-rules,530000,29.33,86.01,1009.85,29.90,74.72,1009.91,0,0,RULES,1,1,1,
2026-09-25 21:22:54,baseline-rules,531000,29.34,85.78,1009.86,29.89,74.80,1009.90,0,0,RULES,1,1,1,
2026-09-25 21:22:55,baseline-rules,532000,29.33,85.49,1009.90,29.90,74.96,1009.91,0,0,RULES,1,1,1,
2026-09-25 21:22:56,baseline-rules,533000,29.34,85.21,1009.86,29.90,74.79,1009.86,0,0,RULES,1,1,1,
2026-09-25 21:22:57,baseline-rules,534000,29.33,85.56,1009.85,29.90,74.82,1009.91,0,0,RULES,1,1,1,
2026-09-25 21:22:58,baseline-rules,535000,29.33,85.82,1009.85,29.89,74.67,1009.84,0,0,RULES,1,1,1,
2026-09-25 21:22:59,baseline-rules,536000,29.34,85.35,1009.84,29.91,74.78,1009.86,0,0,RULES,1,1,1,
2026-09-25 21:23:00,baseline-rules,537000,29.34,85.32,1009.78,29.90,74.94,1009.86,0,0,RULES,1,1,1,
2026-09-25 21:23:01,baseline-rules,538000,29.34,85.62,1009.83,29.91,74.93,1009.89,0,0,RULES,1,1,1,
2026-09-25 21:23:02,baseline-rules,539000,29.33,85.76,1009.79,29.91,74.78,1009.89,0,0,RULES,1,1,1,
2026-09-25 21:23:03,baseline-rules,540000,29.34,85.66,1009.83,29.91,74.86,1009.84,0,0,RULES,1,1,1,
2026-09-25 21:23:04,baseline-rules,541000,29.34,85.58,1009.83,29.91,75.08,1009.93,0,0,RULES,1,1,1,
2026-09-25 21:23:05,baseline-rules,542000,29.33,85.88,1009.85,29.91,74.87,1009.89,0,0,RULES,1,1,1,
2026-09-25 21:23:06,baseline-rules,543000,29.35,85.36,1009.84,29.91,74.88,1009.87,0,0,RULES,1,1,1,
2026-09-25 21:23:07,baseline-rules,544000,29.34,85.87,1009.88,29.91,75.00,1009.81,0,0,RULES,1,1,1,
2026-09-25 21:23:08,baseline-rules,545000,29.34,85.55,1009.84,29.90,74.78,1009.85,0,0,RULES,1,1,1,
2026-09-25 21:23:09,baseline-rules,546000,29.35,85.54,1009.87,29.91,74.87,1009.86,0,0,RULES,1,1,1,
2026-09-25 21:23:10,baseline-rules,547000,29.35,85.52,1009.91,29.91,74.95,1009.90,0,0,RULES,1,1,1,
2026-09-25 21:23:11,baseline-rules,548000,29.34,86.16,1009.89,29.91,75.05,1009.87,0,0,RULES,1,1,1,
2026-09-25 21:23:12,baseline-rules,549000,29.35,85.98,1009.84,29.91,74.77,1009.81,0,0,RULES,1,1,1,
2026-09-25 21:23:13,baseline-rules,550000,29.35,85.50,1009.88,29.91,74.85,1009.84,0,0,RULES,1,1,1,
2026-09-25 21:23:14,baseline-rules,551000,29.36,86.06,1009.89,29.91,75.03,1009.84,0,0,RULES,1,1,1,
2026-09-25 21:23:15,baseline-rules,552000,29.36,86.01,1009.80,29.91,74.86,1009.87,0,0,RULES,1,1,1,
2026-09-25 21:23:16,baseline-rules,553000,29.35,86.18,1009.88,29.91,74.85,1009.87,0,0,RULES,1,1,1,
2026-09-25 21:23:17,baseline-rules,554000,29.35,86.06,1009.82,29.92,74.98,1009.88,0,0,RULES,1,1,1,
2026-09-25 21:23:18,baseline-rules,555000,29.36,85.93,1009.86,29.91,74.84,1009.87,0,0,RULES,1,1,1,
2026-09-25 21:23:19,baseline-rules,556000,29.36,86.23,1009.86,29.92,74.66,1009.85,0,0,RULES,1,1,1,
2026-09-25 21:23:20,baseline-rules,557000,29.36,86.27,1009.93,29.91,74.83,1009.87,0,0,RULES,1,1,1,
2026-09-25 21:23:21,baseline-rules,558000,29.35,85.96,1009.85,29.91,74.87,1009.87,0,0,RULES,1,1,1,
2026-09-25 21:23:22,baseline-rules,559000,29.36,86.16,1009.89,29.91,74.92,1009.90,0,0,RULES,1,1,1,
2026-09-25 21:23:23,baseline-rules,560000,29.36,85.79,1009.87,29.92,74.69,1009.88,0,0,RULES,1,1,1,
2026-09-25 21:23:24,baseline-rules,561000,29.37,86.19,1009.86,29.92,74.85,1009.88,0,0,RULES,1,1,1,
2026-09-25 21:23:25,baseline-rules,562000,29.36,86.04,1009.84,29.92,74.84,1009.88,0,0,RULES,1,1,1,
2026-09-25 21:23:26,baseline-rules,563000,29.37,86.24,1009.88,29.93,74.83,1009.90,0,0,RULES,1,1,1,
2026-09-25 21:23:27,baseline-rules,564000,29.36,85.75,1009.86,29.92,75.19,1009.89,0,0,RULES,1,1,1,
2026-09-25 21:23:28,baseline-rules,565000,29.37,85.91,1009.88,29.92,75.05,1009.86,0,0,RULES,1,1,1,
2026-09-25 21:23:29,baseline-rules,566000,29.37,86.38,1009.88,29.92,74.96,1009.86,0,0,RULES,1,1,1,
2026-09-25 21:23:30,baseline-rules,567000,29.36,86.24,1009.87,29.92,74.94,1009.86,0,0,RULES,1,1,1,
2026-09-25 21:23:31,baseline-rules,568000,29.37,85.78,1009.85,29.92,74.83,1009.89,0,0,RULES,1,1,1,
2026-09-25 21:23:32,baseline-rules,569000,29.36,86.32,1009.86,29.92,74.87,1009.89,0,0,RULES,1,1,1,
2026-09-25 21:23:33,baseline-rules,570000,29.36,86.32,1009.89,29.92,74.97,1009.86,0,0,RULES,1,1,1,
2026-09-25 21:23:34,baseline-rules,571000,29.35,86.00,1009.85,29.93,74.86,1009.84,0,0,RULES,1,1,1,
2026-09-25 21:23:35,baseline-rules,572000,29.36,86.40,1009.83,29.92,75.10,1009.92,0,0,RULES,1,1,1,
2026-09-25 21:23:36,baseline-rules,573000,29.37,86.29,1009.85,29.93,74.95,1009.90,0,0,RULES,1,1,1,
2026-09-25 21:23:37,baseline-rules,574000,29.36,85.76,1009.84,29.92,74.95,1009.89,0,0,RULES,1,1,1,
2026-09-25 21:23:38,baseline-rules,575000,29.36,85.86,1009.83,29.93,74.92,1009.87,0,0,RULES,1,1,1,
2026-09-25 21:23:39,baseline-rules,576000,29.35,86.17,1009.82,29.93,75.18,1009.90,0,0,RULES,1,1,1,
2026-09-25 21:23:39,baseline-rules,577000,29.36,85.60,1009.83,29.93,74.67,1009.88,0,0,RULES,1,1,1,
2026-09-25 21:23:41,baseline-rules,578000,29.36,85.71,1009.80,29.92,74.82,1009.89,0,0,RULES,1,1,1,
2026-09-25 21:23:42,baseline-rules,579000,29.36,85.58,1009.84,29.92,74.85,1009.83,0,0,RULES,1,1,1,
2026-09-25 21:23:43,baseline-rules,580000,29.36,86.29,1009.80,29.93,74.93,1009.95,0,0,RULES,1,1,1,
2026-09-25 21:23:44,baseline-rules,581000,29.35,85.70,1009.82,29.93,74.65,1009.82,0,0,RULES,1,1,1,
2026-09-25 21:23:45,baseline-rules,582000,29.36,86.23,1009.84,29.92,74.81,1009.86,0,0,RULES,1,1,1,
2026-09-25 21:23:46,baseline-rules,583000,29.37,86.17,1009.89,29.92,74.67,1009.85,0,0,RULES,1,1,1,
2026-09-25 21:23:46,baseline-rules,584000,29.35,85.72,1009.85,29.93,74.87,1009.90,0,0,RULES,1,1,1,
2026-09-25 21:23:48,baseline-rules,585000,29.36,85.38,1009.83,29.92,74.91,1009.89,0,0,RULES,1,1,1,
2026-09-25 21:23:49,baseline-rules,586000,29.36,85.79,1009.87,29.92,74.85,1009.92,0,0,RULES,1,1,1,
2026-09-25 21:23:50,baseline-rules,587000,29.36,85.46,1009.86,29.93,74.70,1009.90,0,0,RULES,1,1,1,
2026-09-25 21:23:51,baseline-rules,588000,29.35,85.34,1009.82,29.92,74.78,1009.86,0,0,RULES,1,1,1,
2026-09-25 21:23:52,baseline-rules,589000,29.37,85.69,1009.82,29.92,74.71,1009.86,0,0,RULES,1,1,1,
2026-09-25 21:23:53,baseline-rules,590000,29.37,86.03,1009.85,29.92,74.85,1009.86,0,0,RULES,1,1,1,
2026-09-25 21:23:54,baseline-rules,591000,29.36,85.38,1009.80,29.92,74.81,1009.88,0,0,RULES,1,1,1,
2026-09-25 21:23:55,baseline-rules,592000,29.36,86.07,1009.86,29.92,75.13,1009.89,0,0,RULES,1,1,1,
2026-09-25 21:23:56,baseline-rules,593000,29.36,85.77,1009.81,29.93,74.58,1009.87,0,0,RULES,1,1,1,
2026-09-25 21:23:57,baseline-rules,594000,29.36,85.40,1009.87,29.92,75.05,1009.83,0,0,RULES,1,1,1,
2026-09-25 21:23:58,baseline-rules,595000,29.35,85.76,1009.77,29.92,74.67,1009.86,0,0,RULES,1,1,1,
2026-09-25 21:23:59,baseline-rules,596000,29.36,85.47,1009.80,29.91,74.66,1009.87,0,0,RULES,1,1,1,
2026-09-25 21:24:00,baseline-rules,597000,29.36,85.47,1009.81,29.92,74.83,1009.88,0,0,RULES,1,1,1,
2026-09-25 21:24:01,baseline-rules,598000,29.37,85.85,1009.91,29.91,74.69,1009.87,0,0,RULES,1,1,1,
2026-09-25 21:24:02,baseline-rules,599000,29.36,85.69,1009.80,29.91,74.70,1009.86,0,0,RULES,1,1,1,
2026-09-25 21:24:03,baseline-rules,600000,29.36,85.88,1009.87,29.91,74.83,1009.90,0,0,RULES,1,1,1,
2026-09-25 21:24:04,baseline-rules,601000,29.36,85.62,1009.86,29.92,74.68,1009.91,0,0,RULES,1,1,1,
2026-09-25 21:24:05,baseline-rules,602000,29.37,85.73,1009.88,29.91,74.86,1009.92,0,0,RULES,1,1,1,
2026-09-25 21:24:06,baseline-rules,603000,29.37,85.45,1009.89,29.92,75.00,1009.97,0,0,RULES,1,1,1,
2026-09-25 21:24:07,baseline-rules,604000,29.37,85.32,1009.88,29.91,74.91,1009.87,0,0,RULES,1,1,1,
2026-09-25 21:24:08,baseline-rules,605000,29.37,85.39,1009.82,29.91,75.06,1009.93,0,0,RULES,1,1,1,
2026-09-25 21:24:09,baseline-rules,606000,29.37,85.24,1009.91,29.91,74.67,1009.89,0,0,RULES,1,1,1,
2026-09-25 21:24:10,baseline-rules,607000,29.36,85.64,1009.87,29.90,74.89,1009.88,0,0,RULES,1,1,1,
2026-09-25 21:24:11,baseline-rules,608000,29.36,85.19,1009.84,29.91,75.06,1009.93,0,0,RULES,1,1,1,
2026-09-25 21:24:12,baseline-rules,609000,29.36,85.26,1009.86,29.90,74.68,1009.85,0,0,RULES,1,1,1,
2026-09-25 21:24:13,baseline-rules,610000,29.37,85.37,1009.93,29.91,74.85,1009.92,0,0,RULES,1,1,1,
2026-09-25 21:24:14,baseline-rules,611000,29.37,85.72,1009.91,29.91,74.86,1009.86,0,0,RULES,1,1,1,
2026-09-25 21:24:15,baseline-rules,612000,29.37,85.72,1009.82,29.90,74.98,1009.91,0,0,RULES,1,1,1,
2026-09-25 21:24:16,baseline-rules,613000,29.37,85.47,1009.85,29.89,74.98,1009.90,0,0,RULES,1,1,1,
2026-09-25 21:24:17,baseline-rules,614000,29.37,86.02,1009.85,29.89,74.80,1009.84,0,0,RULES,1,1,1,
2026-09-25 21:24:18,baseline-rules,615000,29.37,85.77,1009.89,29.89,75.03,1009.90,0,0,RULES,1,1,1,
2026-09-25 21:24:19,baseline-rules,616000,29.37,85.78,1009.91,29.88,74.88,1009.91,0,0,RULES,1,1,1,
2026-09-25 21:24:20,baseline-rules,617000,29.37,85.36,1009.85,29.88,74.91,1009.80,0,0,RULES,1,1,1,
2026-09-25 21:24:21,baseline-rules,618000,29.36,85.98,1009.87,29.89,74.63,1009.89,0,0,RULES,1,1,1,
2026-09-25 21:24:22,baseline-rules,619000,29.37,85.79,1009.83,29.88,75.01,1009.88,0,0,RULES,1,1,1,
2026-09-25 21:24:23,baseline-rules,620000,29.35,85.53,1009.90,29.89,75.01,1009.92,0,0,RULES,1,1,1,
2026-09-25 21:24:24,baseline-rules,621000,29.36,85.26,1009.89,29.88,74.77,1009.88,0,0,RULES,1,1,1,
2026-09-25 21:24:25,baseline-rules,622000,29.36,85.36,1009.89,29.89,75.09,1009.95,0,0,RULES,1,1,1,
2026-09-25 21:24:26,baseline-rules,623000,29.37,85.66,1009.79,29.88,74.82,1009.87,0,0,RULES,1,1,1,
2026-09-25 21:24:27,baseline-rules,624000,29.37,85.83,1009.91,29.87,74.78,1009.92,0,0,RULES,1,1,1,
2026-09-25 21:24:28,baseline-rules,625000,29.36,85.64,1009.87,29.87,74.86,1009.86,0,0,RULES,1,1,1,
2026-09-25 21:24:29,baseline-rules,626000,29.36,85.94,1009.93,29.87,74.91,1009.89,0,0,RULES,1,1,1,
2026-09-25 21:24:30,baseline-rules,627000,29.37,85.53,1009.91,29.86,74.90,1009.91,0,0,RULES,1,1,1,
2026-09-25 21:24:31,baseline-rules,628000,29.38,85.81,1009.89,29.86,74.95,1009.94,0,0,RULES,1,1,1,
2026-09-25 21:24:32,baseline-rules,629000,29.37,85.97,1009.88,29.87,74.83,1009.89,0,0,RULES,1,1,1,
2026-09-25 21:24:33,baseline-rules,630000,29.37,85.94,1009.88,29.86,74.65,1009.90,0,0,RULES,1,1,1,
2026-09-25 21:24:34,baseline-rules,631000,29.37,86.14,1009.82,29.86,75.03,1009.90,0,0,RULES,1,1,1,
2026-09-25 21:24:35,baseline-rules,632000,29.37,85.68,1009.89,29.85,74.64,1009.89,0,0,RULES,1,1,1,
2026-09-25 21:24:36,baseline-rules,633000,29.37,85.72,1009.88,29.85,74.93,1009.86,0,0,RULES,1,1,1,
2026-09-25 21:24:37,baseline-rules,634000,29.37,86.19,1009.89,29.85,74.90,1009.92,0,0,RULES,1,1,1,
2026-09-25 21:24:38,baseline-rules,635000,29.37,85.48,1009.88,29.85,74.76,1009.94,0,0,RULES,1,1,1,
2026-09-25 21:24:39,baseline-rules,636000,29.37,86.21,1009.88,29.84,74.94,1009.90,0,0,RULES,1,1,1,
2026-09-25 21:24:40,baseline-rules,637000,29.37,86.09,1009.91,29.84,74.73,1009.85,0,0,RULES,1,1,1,
2026-09-25 21:24:41,baseline-rules,638000,29.38,85.79,1009.89,29.84,74.80,1009.87,0,0,RULES,1,1,1,
2026-09-25 21:24:42,baseline-rules,639000,29.37,85.63,1009.86,29.84,74.83,1009.87,0,0,RULES,1,1,1,
2026-09-25 21:24:43,baseline-rules,640000,29.38,85.55,1009.89,29.84,74.82,1009.85,0,0,RULES,1,1,1,
2026-09-25 21:24:44,baseline-rules,641000,29.38,86.30,1009.87,29.84,74.80,1009.82,0,0,RULES,1,1,1,
2026-09-25 21:24:45,baseline-rules,642000,29.37,86.23,1009.91,29.83,74.85,1009.86,0,0,RULES,1,1,1,
2026-09-25 21:24:46,baseline-rules,643000,29.37,86.18,1009.86,29.83,74.80,1009.92,0,0,RULES,1,1,1,
2026-09-25 21:24:47,baseline-rules,644000,29.37,85.78,1009.88,29.82,75.05,1009.85,0,0,RULES,1,1,1,
2026-09-25 21:24:48,baseline-rules,645000,29.37,85.72,1009.91,29.83,74.94,1009.91,0,0,RULES,1,1,1,
2026-09-25 21:24:49,baseline-rules,646000,29.39,86.20,1009.88,29.83,75.18,1009.92,0,0,RULES,1,1,1,
2026-09-25 21:24:50,baseline-rules,647000,29.38,85.61,1009.90,29.82,75.02,1009.85,0,0,RULES,1,1,1,
2026-09-25 21:24:50,baseline-rules,648000,29.37,86.30,1009.88,29.82,74.91,1009.76,0,0,RULES,1,1,1,
2026-09-25 21:24:52,baseline-rules,649000,29.38,86.24,1009.89,29.82,75.00,1009.87,0,0,RULES,1,1,1,
2026-09-25 21:24:53,baseline-rules,650000,29.37,85.69,1009.86,29.82,74.98,1009.84,0,0,RULES,1,1,1,
2026-09-25 21:24:54,baseline-rules,651000,29.38,85.87,1009.90,29.81,74.87,1009.91,0,0,RULES,1,1,1,
2026-09-25 21:24:55,baseline-rules,652000,29.38,85.92,1009.87,29.82,74.96,1009.87,0,0,RULES,1,1,1,
2026-09-25 21:24:56,baseline-rules,653000,29.38,86.23,1009.90,29.81,74.99,1009.86,0,0,RULES,1,1,1,
2026-09-25 21:24:57,baseline-rules,654000,29.37,86.09,1009.89,29.82,75.18,1009.89,0,0,RULES,1,1,1,
2026-09-25 21:24:58,baseline-rules,655000,29.37,85.80,1009.88,29.82,75.00,1009.84,0,0,RULES,1,1,1,
2026-09-25 21:24:59,baseline-rules,656000,29.37,85.59,1009.80,29.81,74.88,1009.83,0,0,RULES,1,1,1,
2026-09-25 21:25:00,baseline-rules,657000,29.37,85.97,1009.85,29.81,75.01,1009.91,0,0,RULES,1,1,1,
2026-09-25 21:25:01,baseline-rules,658000,29.37,86.04,1009.91,29.81,74.92,1009.89,0,0,RULES,1,1,1,
2026-09-25 21:25:02,baseline-rules,659000,29.37,85.61,1009.93,29.81,75.16,1009.93,0,0,RULES,1,1,1,
2026-09-25 21:25:03,baseline-rules,660000,29.37,85.78,1009.91,29.81,75.08,1009.88,0,0,RULES,1,1,1,
2026-09-25 21:25:04,baseline-rules,661000,29.37,86.02,1009.85,29.81,74.91,1009.83,0,0,RULES,1,1,1,
2026-09-25 21:25:05,baseline-rules,662000,29.37,86.29,1009.88,29.81,75.06,1009.91,0,0,RULES,1,1,1,
2026-09-25 21:25:06,baseline-rules,663000,29.38,86.27,1009.89,29.81,74.74,1009.93,0,0,RULES,1,1,1,
2026-09-25 21:25:07,baseline-rules,664000,29.37,86.08,1009.86,29.81,74.96,1009.94,0,0,RULES,1,1,1,
2026-09-25 21:25:08,baseline-rules,665000,29.38,86.30,1009.87,29.81,75.08,1009.85,0,0,RULES,1,1,1,
2026-09-25 21:25:09,baseline-rules,666000,29.37,86.41,1009.89,29.82,75.06,1009.89,0,0,RULES,1,1,1,
2026-09-25 21:25:10,baseline-rules,667000,29.38,85.59,1009.87,29.82,74.92,1009.92,0,0,RULES,1,1,1,
2026-09-25 21:25:11,baseline-rules,668000,29.37,85.60,1009.79,29.81,75.21,1009.93,0,0,RULES,1,1,1,
2026-09-25 21:25:12,baseline-rules,669000,29.36,86.21,1009.86,29.82,74.95,1009.89,0,0,RULES,1,1,1,
2026-09-25 21:25:13,baseline-rules,670000,29.37,86.16,1009.82,29.81,74.80,1009.91,0,0,RULES,1,1,1,
2026-09-25 21:25:14,baseline-rules,671000,29.36,85.67,1009.86,29.81,75.11,1009.91,0,0,RULES,1,1,1,
2026-09-25 21:25:15,baseline-rules,672000,29.36,86.15,1009.87,29.81,75.07,1009.89,0,0,RULES,1,1,1,
2026-09-25 21:25:16,baseline-rules,673000,29.36,86.19,1009.83,29.81,74.94,1009.88,0,0,RULES,1,1,1,
2026-09-25 21:25:17,baseline-rules,674000,29.35,86.01,1009.84,29.81,74.93,1009.86,0,0,RULES,1,1,1,
2026-09-25 21:25:18,baseline-rules,675000,29.36,85.45,1009.86,29.82,74.81,1009.89,0,0,RULES,1,1,1,
2026-09-25 21:25:19,baseline-rules,676000,29.36,86.05,1009.92,29.82,74.75,1009.87,0,0,RULES,1,1,1,
2026-09-25 21:25:20,baseline-rules,677000,29.35,85.95,1009.90,29.82,74.88,1009.95,0,0,RULES,1,1,1,
2026-09-25 21:25:21,baseline-rules,678000,29.35,85.21,1009.79,29.81,74.90,1009.89,0,0,RULES,1,1,1,
2026-09-25 21:25:22,baseline-rules,679000,29.36,85.80,1009.86,29.82,74.97,1009.87,0,0,RULES,1,1,1,
2026-09-25 21:25:23,baseline-rules,680000,29.36,85.80,1009.80,29.82,75.21,1009.87,0,0,RULES,1,1,1,
2026-09-25 21:25:24,baseline-rules,681000,29.36,85.47,1009.86,29.82,74.99,1009.84,0,0,RULES,1,1,1,
2026-09-25 21:25:25,baseline-rules,682000,29.36,85.52,1009.83,29.82,75.14,1009.89,0,0,RULES,1,1,1,
2026-09-25 21:25:26,baseline-rules,683000,29.37,85.58,1009.88,29.82,74.90,1009.90,0,0,RULES,1,1,1,
2026-09-25 21:25:27,baseline-rules,684000,29.37,86.21,1009.82,29.82,74.81,1009.89,0,0,RULES,1,1,1,
2026-09-25 21:25:28,baseline-rules,685000,29.36,85.74,1009.89,29.81,75.21,1009.94,0,0,RULES,1,1,1,
2026-09-25 21:25:29,baseline-rules,686000,29.37,86.17,1009.91,29.82,75.18,1009.93,0,0,RULES,1,1,1,
2026-09-25 21:25:30,baseline-rules,687000,29.36,85.43,1009.86,29.82,74.95,1009.87,0,0,RULES,1,1,1,
2026-09-25 21:25:31,baseline-rules,688000,29.37,86.32,1009.88,29.82,74.93,1009.87,0,0,RULES,1,1,1,
2026-09-25 21:25:32,baseline-rules,689000,29.37,86.08,1009.88,29.82,75.05,1009.89,0,0,RULES,1,1,1,
2026-09-25 21:25:33,baseline-rules,690000,29.37,85.83,1009.82,29.82,74.97,1009.87,0,0,RULES,1,1,1,
2026-09-25 21:25:34,baseline-rules,691000,29.37,85.78,1009.88,29.82,74.96,1009.90,0,0,RULES,1,1,1,
2026-09-25 21:25:35,baseline-rules,692000,29.35,85.70,1009.77,29.82,74.77,1009.84,0,0,RULES,1,1,1,
2026-09-25 21:25:36,baseline-rules,693000,29.36,85.71,1009.86,29.82,74.82,1009.87,0,0,RULES,1,1,1,
2026-09-25 21:25:37,baseline-rules,694000,29.37,86.19,1009.85,29.83,74.93,1009.83,0,0,RULES,1,1,1,
2026-09-25 21:25:38,baseline-rules,695000,29.37,86.32,1009.88,29.82,74.80,1009.89,0,0,RULES,1,1,1,
2026-09-25 21:25:39,baseline-rules,696000,29.37,85.80,1009.88,29.83,75.06,1009.92,0,0,RULES,1,1,1,
2026-09-25 21:25:40,baseline-rules,697000,29.38,86.13,1009.92,29.83,75.05,1009.92,0,0,RULES,1,1,1,
2026-09-25 21:25:41,baseline-rules,698000,29.36,85.73,1009.80,29.83,74.96,1009.92,0,0,RULES,1,1,1,
2026-09-25 21:25:42,baseline-rules,699000,29.37,86.28,1009.85,29.83,74.96,1009.89,0,0,RULES,1,1,1,
2026-09-25 21:25:43,baseline-rules,700000,29.37,86.32,1009.91,29.84,74.81,1009.90,0,0,RULES,1,1,1,
2026-09-25 21:25:44,baseline-rules,701000,29.37,86.15,1009.88,29.84,75.00,1009.93,0,0,RULES,1,1,1,
2026-09-25 21:25:45,baseline-rules,702000,29.37,86.17,1009.85,29.83,75.06,1009.86,0,0,RULES,1,1,1,
2026-09-25 21:25:46,baseline-rules,703000,29.36,86.33,1009.87,29.84,74.98,1009.88,0,0,RULES,1,1,1,
2026-09-25 21:25:47,baseline-rules,704000,29.36,85.70,1009.89,29.84,74.83,1009.93,0,0,RULES,1,1,1,
2026-09-25 21:25:48,baseline-rules,705000,29.36,86.19,1009.87,29.84,75.11,1009.87,0,0,RULES,1,1,1,
2026-09-25 21:25:49,baseline-rules,706000,29.36,86.15,1009.84,29.85,75.01,1009.83,0,0,RULES,1,1,1,
2026-09-25 21:25:50,baseline-rules,707000,29.36,85.79,1009.81,29.85,75.13,1009.86,0,0,RULES,1,1,1,
2026-09-25 21:25:51,baseline-rules,708000,29.37,86.15,1009.88,29.85,75.05,1009.91,0,0,RULES,1,1,1,
2026-09-25 21:25:52,baseline-rules,709000,29.36,85.93,1009.78,29.85,75.09,1009.87,0,0,RULES,1,1,1,
2026-09-25 21:25:53,baseline-rules,710000,29.37,86.37,1009.91,29.85,75.20,1009.89,0,0,RULES,1,1,1,
2026-09-25 21:25:54,baseline-rules,711000,29.37,85.88,1009.82,29.85,75.22,1009.91,0,0,RULES,1,1,1,
2026-09-25 21:25:55,baseline-rules,712000,29.37,86.08,1009.82,29.85,74.68,1009.91,0,0,RULES,1,1,1,
2026-09-25 21:25:56,baseline-rules,713000,29.36,86.36,1009.89,29.85,75.10,1009.91,0,0,RULES,1,1,1,
2026-09-25 21:25:57,baseline-rules,714000,29.36,85.77,1009.80,29.85,75.16,1009.89,0,0,RULES,1,1,1,
2026-09-25 21:25:58,baseline-rules,715000,29.36,86.21,1009.86,29.85,74.94,1009.89,0,0,RULES,1,1,1,
2026-09-25 21:25:59,baseline-rules,716000,29.36,86.16,1009.86,29.85,75.17,1009.91,0,0,RULES,1,1,1,
2026-09-25 21:26:00,baseline-rules,717000,29.36,85.82,1009.93,29.85,74.89,1009.91,0,0,RULES,1,1,1,
2026-09-25 21:26:01,baseline-rules,718000,29.36,86.31,1009.87,29.86,74.90,1009.85,0,0,RULES,1,1,1,
2026-09-25 21:26:02,baseline-rules,719000,29.36,85.68,1009.86,29.85,74.88,1009.89,0,0,RULES,1,1,1,
2026-09-25 21:26:03,baseline-rules,720000,29.37,85.94,1009.88,29.85,74.86,1009.89,0,0,RULES,1,1,1,
2026-09-25 21:26:04,baseline-rules,721000,29.36,85.57,1009.89,29.85,74.93,1009.89,0,0,RULES,1,1,1,
2026-09-25 21:26:05,baseline-rules,722000,29.36,85.98,1009.86,29.85,75.16,1009.86,0,0,RULES,1,1,1,
2026-09-25 21:26:06,baseline-rules,723000,29.36,85.76,1009.86,29.85,74.85,1009.87,0,0,RULES,1,1,1,
2026-09-25 21:26:07,baseline-rules,724000,29.36,85.76,1009.89,29.85,74.98,1009.86,0,0,RULES,1,1,1,
2026-09-25 21:26:08,baseline-rules,725000,29.36,86.20,1009.84,29.85,75.17,1009.89,0,0,RULES,1,1,1,
2026-09-25 21:26:09,baseline-rules,726000,29.36,86.33,1009.93,29.86,74.94,1009.96,0,0,RULES,1,1,1,
2026-09-25 21:26:10,baseline-rules,727000,29.36,85.92,1009.81,29.85,74.93,1009.86,0,0,RULES,1,1,1,
2026-09-25 21:26:11,baseline-rules,728000,29.37,86.18,1009.85,29.85,75.14,1009.89,0,0,RULES,1,1,1,
2026-09-25 21:26:12,baseline-rules,729000,29.37,86.27,1009.85,29.86,75.21,1009.90,0,0,RULES,1,1,1,
2026-09-25 21:26:13,baseline-rules,730000,29.36,85.88,1009.90,29.86,74.94,1009.90,0,0,RULES,1,1,1,
2026-09-25 21:26:14,baseline-rules,731000,29.36,86.40,1009.87,29.85,74.91,1009.89,0,0,RULES,1,1,1,
2026-09-25 21:26:15,baseline-rules,732000,29.37,85.70,1009.88,29.86,74.86,1009.85,0,0,RULES,1,1,1,
2026-09-25 21:26:16,baseline-rules,733000,29.36,86.29,1009.83,29.85,75.01,1009.86,0,0,RULES,1,1,1,
2026-09-25 21:26:17,baseline-rules,734000,29.36,86.22,1009.92,29.86,75.15,1009.93,0,0,RULES,1,1,1,
2026-09-25 21:26:18,baseline-rules,735000,29.37,86.24,1009.89,29.85,75.23,1009.89,0,0,RULES,1,1,1,
2026-09-25 21:26:19,baseline-rules,736000,29.37,86.19,1009.88,29.87,75.11,1009.86,0,0,RULES,1,1,1,
2026-09-25 21:26:20,baseline-rules,737000,29.36,86.11,1009.89,29.86,75.02,1009.93,0,0,RULES,1,1,1,
2026-09-25 21:26:21,baseline-rules,738000,29.35,85.74,1009.90,29.86,74.87,1009.85,0,0,RULES,1,1,1,
2026-09-25 21:26:22,baseline-rules,739000,29.35,86.21,1009.88,29.86,75.03,1009.88,0,0,RULES,1,1,1,
2026-09-25 21:26:23,baseline-rules,740000,29.36,85.60,1009.86,29.86,74.94,1009.91,0,0,RULES,1,1,1,
2026-09-25 21:26:24,baseline-rules,741000,29.36,86.06,1009.87,29.88,75.06,1009.90,0,0,RULES,1,1,1,
2026-09-25 21:26:25,baseline-rules,742000,29.35,85.58,1009.85,29.86,74.95,1009.88,0,0,RULES,1,1,1,
2026-09-25 21:26:26,baseline-rules,743000,29.36,85.89,1009.86,29.87,75.16,1009.92,0,0,RULES,1,1,1,
2026-09-25 21:26:27,baseline-rules,744000,29.35,86.09,1009.85,29.88,75.00,1009.93,0,0,RULES,1,1,1,
2026-09-25 21:26:28,baseline-rules,745000,29.36,86.01,1009.89,29.88,75.24,1009.93,0,0,RULES,1,1,1,
2026-09-25 21:26:29,baseline-rules,746000,29.35,85.72,1009.87,29.88,75.10,1009.90,0,0,RULES,1,1,1,
2026-09-25 21:26:30,baseline-rules,747000,29.36,85.60,1009.86,29.87,75.04,1009.86,0,0,RULES,1,1,1,
2026-09-25 21:26:31,baseline-rules,748000,29.35,85.92,1009.84,29.86,74.89,1009.83,0,0,RULES,1,1,1,
2026-09-25 21:26:32,baseline-rules,749000,29.35,86.05,1009.88,29.87,75.02,1009.89,0,0,RULES,1,1,1,
2026-09-25 21:26:33,baseline-rules,750000,29.36,85.92,1009.92,29.87,75.11,1009.92,0,0,RULES,1,1,1,
2026-09-25 21:26:34,baseline-rules,751000,29.35,85.47,1009.85,29.87,75.05,1009.86,0,0,RULES,1,1,1,
2026-09-25 21:26:35,baseline-rules,752000,29.36,86.03,1009.86,29.88,75.20,1009.91,0,0,RULES,1,1,1,
2026-09-25 21:26:36,baseline-rules,753000,29.36,85.62,1009.86,29.87,75.13,1009.89,0,0,RULES,1,1,1,
2026-09-25 21:26:37,baseline-rules,754000,29.36,85.84,1009.86,29.88,74.91,1009.93,0,0,RULES,1,1,1,
2026-09-25 21:26:38,baseline-rules,755000,29.36,86.05,1009.89,29.88,75.02,1009.88,0,0,RULES,1,1,1,
2026-09-25 21:26:39,baseline-rules,756000,29.36,86.12,1009.86,29.88,75.11,1009.91,0,0,RULES,1,1,1,
2026-09-25 21:26:40,baseline-rules,757000,29.36,86.21,1009.86,29.88,75.00,1009.88,0,0,RULES,1,1,1,
2026-09-25 21:26:41,baseline-rules,758000,29.35,86.06,1009.80,29.88,74.81,1009.82,0,0,RULES,1,1,1,
2026-09-25 21:26:42,baseline-rules,759000,29.36,86.04,1009.84,29.87,74.88,1009.86,0,0,RULES,1,1,1,
2026-09-25 21:26:43,baseline-rules,760000,29.36,86.00,1009.84,29.88,74.53,1009.87,0,0,RULES,1,1,1,
2026-09-25 21:26:44,baseline-rules,761000,29.36,85.96,1009.87,29.88,74.53,1009.96,0,0,RULES,1,1,1,
2026-09-25 21:26:45,baseline-rules,762000,29.35,85.88,1009.88,29.86,74.99,1009.94,0,0,RULES,1,1,1,
2026-09-25 21:26:46,baseline-rules,763000,29.36,85.67,1009.83,29.87,74.92,1009.84,0,0,RULES,1,1,1,
2026-09-25 21:26:47,baseline-rules,764000,29.36,85.26,1009.87,29.86,75.04,1009.86,0,0,RULES,1,1,1,
2026-09-25 21:26:48,baseline-rules,765000,29.36,85.84,1009.81,29.87,74.92,1009.81,0,0,RULES,1,1,1,
2026-09-25 21:26:49,baseline-rules,766000,29.35,85.48,1009.85,29.88,74.97,1009.88,0,0,RULES,1,1,1,
2026-09-25 21:26:50,baseline-rules,767000,29.36,85.57,1009.87,29.88,74.99,1009.93,0,0,RULES,1,1,1,
2026-09-25 21:26:51,baseline-rules,768000,29.36,85.15,1009.93,29.87,74.93,1009.89,0,0,RULES,1,1,1,
2026-09-25 21:26:52,baseline-rules,769000,29.36,85.58,1009.86,29.87,75.13,1009.92,0,0,RULES,1,1,1,
2026-09-25 21:26:53,baseline-rules,770000,29.36,85.81,1009.83,29.87,75.04,1009.86,0,0,RULES,1,1,1,
2026-09-25 21:26:54,baseline-rules,771000,29.37,85.10,1009.79,29.88,74.91,1009.88,0,0,RULES,1,1,1,
2026-09-25 21:26:55,baseline-rules,772000,29.36,85.26,1009.86,29.88,74.90,1009.85,0,0,RULES,1,1,1,
2026-09-25 21:26:56,baseline-rules,773000,29.36,85.82,1009.89,29.87,74.92,1009.84,0,0,RULES,1,1,1,
2026-09-25 21:26:57,baseline-rules,774000,29.36,85.59,1009.80,29.88,74.83,1009.90,0,0,RULES,1,1,1,
2026-09-25 21:26:58,baseline-rules,775000,29.37,85.81,1009.83,29.88,74.84,1009.82,0,0,RULES,1,1,1,
2026-09-25 21:26:59,baseline-rules,776000,29.36,85.63,1009.90,29.89,74.86,1009.94,0,0,RULES,1,1,1,
2026-09-25 21:27:00,baseline-rules,777000,29.36,86.00,1009.87,29.88,74.84,1009.90,0,0,RULES,1,1,1,
2026-09-25 21:27:01,baseline-rules,778000,29.38,85.46,1009.89,29.88,74.72,1009.88,0,0,RULES,1,1,1,
2026-09-25 21:27:02,baseline-rules,779000,29.37,85.50,1009.88,29.88,75.12,1009.93,0,0,RULES,1,1,1,
2026-09-25 21:27:03,baseline-rules,780000,29.37,85.70,1009.93,29.88,74.54,1009.91,0,0,RULES,1,1,1,
2026-09-25 21:27:04,baseline-rules,781000,29.37,85.97,1009.89,29.88,74.78,1009.87,0,0,RULES,1,1,1,
2026-09-25 21:27:05,baseline-rules,782000,29.37,85.90,1009.91,29.88,75.09,1009.88,0,0,RULES,1,1,1,
2026-09-25 21:27:06,baseline-rules,783000,29.37,85.78,1009.91,29.89,74.87,1009.86,0,0,RULES,1,1,1,
2026-09-25 21:27:07,baseline-rules,784000,29.38,86.26,1009.87,29.88,74.96,1009.91,0,0,RULES,1,1,1,
2026-09-25 21:27:08,baseline-rules,785000,29.37,86.24,1009.83,29.88,74.89,1009.88,0,0,RULES,1,1,1,
2026-09-25 21:27:09,baseline-rules,786000,29.37,85.86,1009.89,29.88,75.10,1009.91,0,0,RULES,1,1,1,
2026-09-25 21:27:10,baseline-rules,787000,29.38,86.07,1009.89,29.89,74.68,1009.89,0,0,RULES,1,1,1,
2026-09-25 21:27:11,baseline-rules,788000,29.38,86.14,1009.87,29.88,74.88,1009.88,0,0,RULES,1,1,1,
2026-09-25 21:27:12,baseline-rules,789000,29.37,85.58,1009.89,29.89,74.68,1009.87,0,0,RULES,1,1,1,
2026-09-25 21:27:13,baseline-rules,790000,29.37,86.02,1009.91,29.88,75.00,1009.88,0,0,RULES,1,1,1,
2026-09-25 21:27:14,baseline-rules,791000,29.38,85.91,1009.87,29.88,74.89,1009.88,0,0,RULES,1,1,1,
2026-09-25 21:27:15,baseline-rules,792000,29.38,85.76,1009.87,29.88,74.81,1009.88,0,0,RULES,1,1,1,
2026-09-25 21:27:16,baseline-rules,793000,29.38,86.24,1009.87,29.88,74.88,1009.90,0,0,RULES,1,1,1,
2026-09-25 21:27:17,baseline-rules,794000,29.38,86.29,1009.89,29.87,74.86,1009.89,0,0,RULES,1,1,1,
2026-09-25 21:27:18,baseline-rules,795000,29.39,85.57,1009.91,29.88,74.69,1009.85,0,0,RULES,1,1,1,
2026-09-25 21:27:19,baseline-rules,796000,29.39,86.12,1009.91,29.88,74.92,1009.82,0,0,RULES,1,1,1,
2026-09-25 21:27:20,baseline-rules,797000,29.38,86.05,1009.93,29.88,74.95,1009.88,0,0,RULES,1,1,1,
2026-09-25 21:27:21,baseline-rules,798000,29.38,86.08,1009.87,29.89,74.81,1009.89,0,0,RULES,1,1,1,
2026-09-25 21:27:22,baseline-rules,799000,29.37,86.06,1009.91,29.88,74.92,1009.90,0,0,RULES,1,1,1,
2026-09-25 21:27:23,baseline-rules,800000,29.38,85.55,1009.87,29.88,74.79,1009.88,0,0,RULES,1,1,1,
2026-09-25 21:27:24,baseline-rules,801000,29.37,85.55,1009.89,29.88,75.00,1009.90,0,0,RULES,1,1,1,
2026-09-25 21:27:25,baseline-rules,802000,29.39,86.24,1009.80,29.88,75.11,1009.93,0,0,RULES,1,1,1,
2026-09-25 21:27:26,baseline-rules,803000,29.39,86.29,1009.91,29.88,74.84,1009.91,0,0,RULES,1,1,1,
2026-09-25 21:27:27,baseline-rules,804000,29.39,86.03,1009.83,29.88,75.01,1009.87,0,0,RULES,1,1,1,
2026-09-25 21:27:28,baseline-rules,805000,29.39,85.81,1009.83,29.88,75.10,1009.91,0,0,RULES,1,1,1,
2026-09-25 21:27:29,baseline-rules,806000,29.38,85.63,1009.90,29.88,74.92,1009.87,0,0,RULES,1,1,1,
2026-09-25 21:27:30,baseline-rules,807000,29.38,85.70,1009.84,29.88,74.90,1009.95,0,0,RULES,1,1,1,
2026-09-25 21:27:31,baseline-rules,808000,29.37,86.20,1009.89,29.87,74.94,1009.81,0,0,RULES,1,1,1,
2026-09-25 21:27:32,baseline-rules,809000,29.39,85.81,1009.86,29.87,75.03,1009.92,0,0,RULES,1,1,1,
2026-09-25 21:27:33,baseline-rules,810000,29.39,86.14,1009.85,29.87,74.77,1009.84,0,0,RULES,1,1,1,
2026-09-25 21:27:34,baseline-rules,811000,29.38,85.88,1009.87,29.86,75.00,1009.97,0,0,RULES,1,1,1,
2026-09-25 21:27:35,baseline-rules,812000,29.38,86.20,1009.84,29.87,74.81,1009.92,0,0,RULES,1,1,1,
2026-09-25 21:27:36,baseline-rules,813000,29.39,86.34,1009.85,29.87,74.82,1009.95,0,0,RULES,1,1,1,
2026-09-25 21:27:37,baseline-rules,814000,29.38,86.18,1009.90,29.86,74.88,1009.94,0,0,RULES,1,1,1,
2026-09-25 21:27:38,baseline-rules,815000,29.39,86.08,1009.89,29.86,74.85,1009.86,0,0,RULES,1,1,1,
2026-09-25 21:27:39,baseline-rules,816000,29.39,85.89,1009.88,29.86,74.82,1009.88,0,0,RULES,1,1,1,
2026-09-25 21:27:40,baseline-rules,817000,29.39,86.31,1009.89,29.85,74.78,1009.87,0,0,RULES,1,1,1,
2026-09-25 21:27:41,baseline-rules,818000,29.39,86.16,1009.83,29.85,74.97,1009.84,0,0,RULES,1,1,1,
2026-09-25 21:27:42,baseline-rules,819000,29.40,86.10,1009.95,29.86,74.59,1009.90,0,0,RULES,1,1,1,
2026-09-25 21:27:43,baseline-rules,820000,29.39,86.28,1009.92,29.85,74.70,1009.86,0,0,RULES,1,1,1,
2026-09-25 21:27:44,baseline-rules,821000,29.39,86.36,1009.86,29.86,74.97,1009.93,0,0,RULES,1,1,1,
2026-09-25 21:27:45,baseline-rules,822000,29.39,85.65,1009.94,29.85,74.62,1009.89,0,0,RULES,1,1,1,
2026-09-25 21:27:46,baseline-rules,823000,29.39,86.28,1009.91,29.86,74.84,1009.90,0,0,RULES,1,1,1,
2026-09-25 21:27:47,baseline-rules,824000,29.39,86.08,1009.91,29.85,74.55,1009.91,0,0,RULES,1,1,1,
2026-09-25 21:27:48,baseline-rules,825000,29.38,86.00,1009.84,29.86,74.82,1009.93,0,0,RULES,1,1,1,
2026-09-25 21:27:49,baseline-rules,826000,29.39,85.72,1009.95,29.85,74.69,1009.94,0,0,RULES,1,1,1,
2026-09-25 21:27:50,baseline-rules,827000,29.38,85.66,1009.93,29.85,74.60,1009.94,0,0,RULES,1,1,1,
2026-09-25 21:27:51,baseline-rules,828000,29.39,85.59,1009.88,29.85,74.78,1009.92,0,0,RULES,1,1,1,
2026-09-25 21:27:52,baseline-rules,829000,29.38,86.26,1009.87,29.85,74.63,1009.95,0,0,RULES,1,1,1,
2026-09-25 21:27:53,baseline-rules,830000,29.39,86.49,1009.88,29.85,74.92,1009.94,0,0,RULES,1,1,1,
2026-09-25 21:27:54,baseline-rules,831000,29.39,86.09,1009.88,29.85,75.05,1009.89,0,0,RULES,1,1,1,
2026-09-25 21:27:55,baseline-rules,832000,29.39,86.15,1009.91,29.85,74.82,1009.78,0,0,RULES,1,1,1,
2026-09-25 21:27:56,baseline-rules,833000,29.39,86.05,1009.86,29.85,74.73,1009.94,0,0,RULES,1,1,1,
2026-09-25 21:27:57,baseline-rules,834000,29.39,86.48,1009.91,29.84,74.96,1009.96,0,0,RULES,1,1,1,
2026-09-25 21:27:58,baseline-rules,835000,29.39,85.88,1009.95,29.84,74.77,1009.82,0,0,RULES,1,1,1,
2026-09-25 21:27:59,baseline-rules,836000,29.38,86.17,1009.87,29.84,74.84,1009.85,0,0,RULES,1,1,1,
2026-09-25 21:28:00,baseline-rules,837000,29.38,86.23,1009.84,29.85,74.96,1009.92,0,0,RULES,1,1,1,
2026-09-25 21:28:01,baseline-rules,838000,29.38,86.18,1009.87,29.85,74.78,1009.89,0,0,RULES,1,1,1,
2026-09-25 21:28:02,baseline-rules,839000,29.39,86.45,1009.89,29.85,74.96,1009.89,0,0,RULES,1,1,1,
2026-09-25 21:28:03,baseline-rules,840000,29.39,86.33,1009.97,29.84,74.77,1009.88,0,0,RULES,1,1,1,
2026-09-25 21:28:04,baseline-rules,841000,29.39,86.03,1009.88,29.85,74.69,1009.94,0,0,RULES,1,1,1,
2026-09-25 21:28:05,baseline-rules,842000,29.38,86.43,1009.90,29.84,74.68,1009.90,0,0,RULES,1,1,1,
2026-09-25 21:28:06,baseline-rules,843000,29.38,86.18,1009.87,29.85,74.70,1009.91,0,0,RULES,1,1,1,
2026-09-25 21:28:07,baseline-rules,844000,29.38,86.40,1009.90,29.84,74.70,1009.93,0,0,RULES,1,1,1,
2026-09-25 21:28:08,baseline-rules,845000,29.39,85.69,1009.91,29.84,74.75,1009.88,0,0,RULES,1,1,1,
2026-09-25 21:28:09,baseline-rules,846000,29.38,86.40,1009.90,29.84,74.84,1009.96,0,0,RULES,1,1,1,
2026-09-25 21:28:10,baseline-rules,847000,29.39,86.17,1009.97,29.84,75.03,1009.85,0,0,RULES,1,1,1,
2026-09-25 21:28:11,baseline-rules,848000,29.39,85.89,1009.85,29.84,74.79,1009.91,0,0,RULES,1,1,1,
2026-09-25 21:28:12,baseline-rules,849000,29.38,86.30,1009.92,29.85,74.73,1009.87,0,0,RULES,1,1,1,
2026-09-25 21:28:13,baseline-rules,850000,29.38,86.02,1009.89,29.85,74.69,1009.94,0,0,RULES,1,1,1,
2026-09-25 21:28:14,baseline-rules,851000,29.39,86.55,1009.91,29.84,74.88,1009.87,0,0,RULES,1,1,1,
2026-09-25 21:28:15,baseline-rules,852000,29.39,85.97,1009.86,29.84,74.61,1009.95,0,0,RULES,1,1,1,
2026-09-25 21:28:16,baseline-rules,853000,29.39,86.28,1009.89,29.84,74.80,1009.87,0,0,RULES,1,1,1,
2026-09-25 21:28:17,baseline-rules,854000,29.40,86.58,1009.87,29.84,74.83,1009.87,0,0,RULES,1,1,1,
2026-09-25 21:28:18,baseline-rules,855000,29.39,86.28,1009.94,29.84,74.60,1009.93,0,0,RULES,1,1,1,
2026-09-25 21:28:18,baseline-rules,856000,29.40,86.54,1009.93,29.83,74.76,1009.97,0,0,RULES,1,1,1,
2026-09-25 21:28:20,baseline-rules,857000,29.40,86.10,1009.98,29.84,74.72,1009.93,0,0,RULES,1,1,1,
2026-09-25 21:28:21,baseline-rules,858000,29.40,86.71,1009.90,29.82,74.60,1009.96,0,0,RULES,1,1,1,
2026-09-25 21:28:22,baseline-rules,859000,29.40,86.54,1009.90,29.82,74.89,1009.96,0,0,RULES,1,1,1,
2026-09-25 21:28:23,baseline-rules,860000,29.40,86.69,1009.95,29.82,74.72,1009.87,0,0,RULES,1,1,1,
2026-09-25 21:28:24,baseline-rules,861000,29.40,86.12,1009.93,29.82,74.56,1009.89,0,0,RULES,1,1,1,
2026-09-25 21:28:25,baseline-rules,862000,29.39,85.79,1009.91,29.82,74.79,1009.92,0,0,RULES,1,1,1,
2026-09-25 21:28:26,baseline-rules,863000,29.39,85.95,1009.92,29.82,74.68,1009.87,0,0,RULES,1,1,1,
2026-09-25 21:28:27,baseline-rules,864000,29.39,86.37,1009.91,29.81,74.42,1009.91,0,0,RULES,1,1,1,
2026-09-25 21:28:28,baseline-rules,865000,29.39,85.75,1009.92,29.81,74.47,1009.91,0,0,RULES,1,1,1,
2026-09-25 21:28:29,baseline-rules,866000,29.39,86.32,1009.89,29.80,74.35,1009.94,0,0,RULES,1,1,1,
2026-09-25 21:28:30,baseline-rules,867000,29.38,86.30,1009.92,29.80,74.49,1009.97,0,0,RULES,1,1,1,
2026-09-25 21:28:31,baseline-rules,868000,29.38,85.71,1009.92,29.80,74.57,1009.92,0,0,RULES,1,1,1,
2026-09-25 21:28:32,baseline-rules,869000,29.39,86.27,1009.94,29.78,74.25,1009.89,0,0,RULES,1,1,1,
2026-09-25 21:28:33,baseline-rules,870000,29.38,85.58,1009.93,29.78,74.30,1009.94,0,0,RULES,1,1,1,
2026-09-25 21:28:34,baseline-rules,871000,29.37,86.02,1009.94,29.78,74.28,1009.91,0,0,RULES,1,1,1,
2026-09-25 21:28:35,baseline-rules,872000,29.38,86.21,1009.89,29.78,74.21,1009.89,0,0,RULES,1,1,1,
2026-09-25 21:28:36,baseline-rules,873000,29.38,86.08,1009.90,29.77,74.47,1009.95,0,0,RULES,1,1,1,
2026-09-25 21:28:37,baseline-rules,874000,29.38,86.23,1009.93,29.75,74.33,1009.90,0,0,RULES,1,1,1,
2026-09-25 21:28:38,baseline-rules,875000,29.38,85.60,1009.84,29.76,74.08,1009.94,0,0,RULES,1,1,1,
2026-09-25 21:28:39,baseline-rules,876000,29.38,85.50,1009.99,29.75,74.15,1009.93,0,0,RULES,1,1,1,
2026-09-25 21:28:40,baseline-rules,877000,29.36,85.68,1009.90,29.74,74.26,1009.91,0,0,RULES,1,1,1,
2026-09-25 21:28:41,baseline-rules,878000,29.36,85.34,1009.93,29.74,74.24,1009.91,0,0,RULES,1,1,1,
2026-09-25 21:28:42,baseline-rules,879000,29.37,85.12,1009.88,29.74,74.08,1009.91,0,0,RULES,1,1,1,
2026-09-25 21:28:43,baseline-rules,880000,29.36,85.50,1009.93,29.73,74.41,1009.95,0,0,RULES,1,1,1,
2026-09-25 21:28:44,baseline-rules,881000,29.37,85.39,1009.94,29.73,74.09,1009.92,0,0,RULES,1,1,1,
2026-09-25 21:28:45,baseline-rules,882000,29.37,85.81,1009.91,29.73,74.16,1009.86,0,0,RULES,1,1,1,
2026-09-25 21:28:46,baseline-rules,883000,29.37,85.69,1009.86,29.73,74.18,1009.91,0,0,RULES,1,1,1,
2026-09-25 21:28:47,baseline-rules,884000,29.37,85.73,1009.88,29.73,74.02,1009.97,0,0,RULES,1,1,1,
2026-09-25 21:28:48,baseline-rules,885000,29.38,85.31,1009.98,29.72,74.19,1009.95,0,0,RULES,1,1,1,
2026-09-25 21:28:49,baseline-rules,886000,29.36,85.35,1009.92,29.71,74.07,1009.92,0,0,RULES,1,1,1,
2026-09-25 21:28:50,baseline-rules,887000,29.37,85.13,1009.91,29.70,74.21,1009.84,0,0,RULES,1,1,1,
2026-09-25 21:28:51,baseline-rules,888000,29.37,85.84,1009.91,29.69,74.21,1009.91,0,0,RULES,1,1,1,
2026-09-25 21:28:52,baseline-rules,889000,29.37,85.04,1009.91,29.70,74.19,1009.99,0,0,RULES,1,1,1,
2026-09-25 21:28:53,baseline-rules,890000,29.37,85.73,1009.91,29.69,74.25,1009.91,0,0,RULES,1,1,1,
2026-09-25 21:28:54,baseline-rules,891000,29.38,86.06,1009.96,29.69,74.32,1009.97,0,0,RULES,1,1,1,
2026-09-25 21:28:55,baseline-rules,892000,29.38,85.90,1009.95,29.69,74.21,1009.96,0,0,RULES,1,1,1,
2026-09-25 21:28:56,baseline-rules,893000,29.38,85.68,1009.89,29.68,74.21,1009.98,0,0,RULES,1,1,1,
2026-09-25 21:28:57,baseline-rules,894000,29.37,85.55,1009.88,29.67,74.18,1009.87,0,0,RULES,1,1,1,
2026-09-25 21:28:58,baseline-rules,895000,29.37,85.18,1009.91,29.67,74.19,1009.96,0,0,RULES,1,1,1,
2026-09-25 21:28:59,baseline-rules,896000,29.37,85.57,1009.94,29.66,74.02,1009.98,0,0,RULES,1,1,1,
2026-09-25 21:29:00,baseline-rules,897000,29.37,84.86,1009.91,29.66,74.14,1009.91,0,0,RULES,1,1,1,
2026-09-25 21:29:01,baseline-rules,898000,29.37,84.93,1009.96,29.66,73.94,1009.94,0,0,RULES,1,1,1,
2026-09-25 21:29:02,baseline-rules,899000,29.36,84.33,1009.84,29.66,74.04,1009.92,0,0,RULES,1,1,1,
2026-09-25 21:29:03,baseline-rules,900000,29.36,85.00,1009.95,29.65,74.03,1009.92,0,0,RULES,1,1,1,
2026-09-25 21:29:04,baseline-rules,901000,29.37,85.35,1009.91,29.65,73.94,1009.96,0,0,RULES,1,1,1,
2026-09-25 21:29:05,baseline-rules,902000,29.38,85.10,1009.98,29.65,74.31,1009.95,0,0,RULES,1,1,1,
2026-09-25 21:29:06,baseline-rules,903000,29.38,85.38,1009.95,29.65,74.05,1009.98,0,0,RULES,1,1,1,
2026-09-25 21:29:07,baseline-rules,904000,29.36,84.91,1009.90,29.64,73.92,1009.94,0,0,RULES,1,1,1,
2026-09-25 21:29:08,baseline-rules,905000,29.36,85.24,1009.93,29.64,74.00,1009.94,0,0,RULES,1,1,1,
2026-09-25 21:29:08,baseline-rules,906000,29.37,85.29,1009.97,29.63,73.99,1009.98,0,0,RULES,1,1,1,
2026-09-25 21:29:10,baseline-rules,907000,29.37,84.79,1009.96,29.63,73.95,1009.92,0,0,RULES,1,1,1,
2026-09-25 21:29:11,baseline-rules,908000,29.37,85.32,1009.85,29.63,74.00,1009.92,0,0,RULES,1,1,1,
2026-09-25 21:29:12,baseline-rules,909000,29.37,85.19,1009.88,29.62,73.99,1009.91,0,0,RULES,1,1,1,
2026-09-25 21:29:13,baseline-rules,910000,29.37,84.95,1009.93,29.63,73.88,1009.89,0,0,RULES,1,1,1,
2026-09-25 21:29:14,baseline-rules,911000,29.37,85.46,1009.94,29.61,74.04,1009.89,0,0,RULES,1,1,1,
2026-09-25 21:29:15,baseline-rules,912000,29.38,85.78,1009.96,29.61,73.91,1009.92,0,0,RULES,1,1,1,
2026-09-25 21:29:16,baseline-rules,913000,29.39,85.75,1009.94,29.60,73.90,1009.94,0,0,RULES,1,1,1,
2026-09-25 21:29:17,baseline-rules,914000,29.39,85.66,1009.91,29.60,74.04,1009.98,0,0,RULES,1,1,1,
2026-09-25 21:29:17,baseline-rules,915000,29.38,85.72,1009.87,29.60,74.08,1009.98,0,0,RULES,1,1,1,
2026-09-25 21:29:19,baseline-rules,916000,29.38,85.98,1009.90,29.59,74.01,1009.95,0,0,RULES,1,1,1,
2026-09-25 21:29:20,baseline-rules,917000,29.37,85.49,1009.93,29.60,73.91,1009.90,0,0,RULES,1,1,1,
2026-09-25 21:29:21,baseline-rules,918000,29.37,85.30,1009.94,29.59,74.09,1009.95,0,0,RULES,1,1,1,
2026-09-25 21:29:22,baseline-rules,919000,29.37,85.45,1009.88,29.57,73.98,1009.92,0,0,RULES,1,1,1,
2026-09-25 21:29:23,baseline-rules,920000,29.37,86.04,1009.89,29.57,74.00,1009.92,0,0,RULES,1,1,1,
2026-09-25 21:29:24,baseline-rules,921000,29.37,85.91,1009.91,29.56,74.03,1009.93,0,0,RULES,1,1,1,
2026-09-25 21:29:25,baseline-rules,922000,29.37,86.02,1009.93,29.56,73.90,1009.91,0,0,RULES,1,1,1,
2026-09-25 21:29:26,baseline-rules,923000,29.37,85.88,1009.96,29.56,74.02,1009.93,0,0,RULES,1,1,1,
2026-09-25 21:29:27,baseline-rules,924000,29.37,85.93,1009.94,29.55,74.12,1009.89,0,0,RULES,1,1,1,
2026-09-25 21:29:28,baseline-rules,925000,29.37,86.02,1009.96,29.56,73.97,1009.91,0,0,RULES,1,1,1,
2026-09-25 21:29:29,baseline-rules,926000,29.37,86.07,1009.91,29.56,74.41,1009.99,0,0,RULES,1,1,1,
2026-09-25 21:29:30,baseline-rules,927000,29.38,85.98,1009.93,29.55,74.29,1009.92,0,0,RULES,1,1,1,
2026-09-25 21:29:31,baseline-rules,928000,29.38,85.65,1009.96,29.56,74.26,1009.93,0,0,RULES,1,1,1,
2026-09-25 21:29:32,baseline-rules,929000,29.37,86.17,1009.93,29.55,74.13,1009.97,0,0,RULES,1,1,1,
2026-09-25 21:29:33,baseline-rules,930000,29.38,85.99,1009.92,29.56,74.24,1009.93,0,0,RULES,1,1,1,
2026-09-25 21:29:34,baseline-rules,931000,29.38,85.60,1009.87,29.54,74.09,1009.96,0,0,RULES,1,1,1,
2026-09-25 21:29:35,baseline-rules,932000,29.38,86.24,1009.92,29.55,74.25,1009.92,0,0,RULES,1,1,1,
2026-09-25 21:29:36,baseline-rules,933000,29.37,85.37,1009.88,29.56,74.31,1009.90,0,0,RULES,1,1,1,
2026-09-25 21:29:37,baseline-rules,934000,29.37,85.40,1009.94,29.55,74.15,1009.97,0,0,RULES,1,1,1,
2026-09-25 21:29:38,baseline-rules,935000,29.38,86.11,1009.89,29.56,74.20,1009.93,0,0,RULES,1,1,1,
2026-09-25 21:29:39,baseline-rules,936000,29.36,85.64,1009.98,29.55,74.50,1009.95,0,0,RULES,1,1,1,
2026-09-25 21:29:40,baseline-rules,937000,29.37,85.84,1009.93,29.55,74.39,1009.95,0,0,RULES,1,1,1,
2026-09-25 21:29:41,baseline-rules,938000,29.37,85.97,1009.93,29.55,74.53,1009.94,0,0,RULES,1,1,1,
2026-09-25 21:29:42,baseline-rules,939000,29.36,85.85,1009.93,29.56,74.33,1009.98,0,0,RULES,1,1,1,
2026-09-25 21:29:43,baseline-rules,940000,29.36,85.98,1009.97,29.56,74.42,1009.98,0,0,RULES,1,1,1,
2026-09-25 21:29:44,baseline-rules,941000,29.37,85.60,1009.93,29.55,74.53,1009.92,0,0,RULES,1,1,1,
2026-09-25 21:29:45,baseline-rules,942000,29.36,85.23,1009.95,29.56,74.30,1009.93,0,0,RULES,1,1,1,
2026-09-25 21:29:46,baseline-rules,943000,29.36,85.32,1009.90,29.55,74.10,1009.97,0,0,RULES,1,1,1,
2026-09-25 21:29:47,baseline-rules,944000,29.36,85.97,1009.92,29.55,74.21,1009.97,0,0,RULES,1,1,1,
2026-09-25 21:29:48,baseline-rules,945000,29.36,85.31,1009.95,29.55,74.23,1009.95,0,0,RULES,1,1,1,
2026-09-25 21:29:49,baseline-rules,946000,29.36,85.36,1009.95,29.56,74.31,1009.93,0,0,RULES,1,1,1,
2026-09-25 21:29:50,baseline-rules,947000,29.36,85.45,1009.92,29.56,74.18,1009.98,0,0,RULES,1,1,1,
2026-09-25 21:29:51,baseline-rules,948000,29.35,85.63,1009.85,29.56,74.27,1009.98,0,0,RULES,1,1,1,
2026-09-25 21:29:52,baseline-rules,949000,29.36,85.44,1009.95,29.56,74.16,1009.90,0,0,RULES,1,1,1,
2026-09-25 21:29:53,baseline-rules,950000,29.37,85.96,1009.91,29.56,74.23,1009.96,0,0,RULES,1,1,1,
2026-09-25 21:29:54,baseline-rules,951000,29.35,85.95,1009.85,29.56,74.14,1009.96,0,0,RULES,1,1,1,
2026-09-25 21:29:55,baseline-rules,952000,29.36,85.56,1009.92,29.56,74.13,1010.01,0,0,RULES,1,1,1,
2026-09-25 21:29:56,baseline-rules,953000,29.36,85.55,1009.93,29.56,74.17,1009.88,0,0,RULES,1,1,1,
2026-09-25 21:29:57,baseline-rules,954000,29.35,85.51,1009.94,29.56,74.09,1009.98,0,0,RULES,1,1,1,
2026-09-25 21:29:58,baseline-rules,955000,29.35,85.87,1009.88,29.56,74.37,1009.96,0,0,RULES,1,1,1,
2026-09-25 21:29:59,baseline-rules,956000,29.35,85.62,1009.91,29.56,74.29,1009.96,0,0,RULES,1,1,1,
2026-09-25 21:30:00,baseline-rules,957000,29.35,86.13,1009.97,29.56,74.31,1009.91,0,0,RULES,1,1,1,
2026-09-25 21:30:01,baseline-rules,958000,29.35,86.05,1009.97,29.56,74.33,1009.88,0,0,RULES,1,1,1,
2026-09-25 21:30:02,baseline-rules,959000,29.35,85.51,1009.93,29.56,74.20,1009.96,0,0,RULES,1,1,1,
2026-09-25 21:30:03,baseline-rules,960000,29.35,85.55,1009.94,29.56,74.30,1009.96,0,0,RULES,1,1,1,
2026-09-25 21:30:04,baseline-rules,961000,29.34,85.72,1009.91,29.56,74.12,1009.88,0,0,RULES,1,1,1,
2026-09-25 21:30:05,baseline-rules,962000,29.34,85.74,1009.86,29.57,74.19,1009.98,0,0,RULES,1,1,1,
2026-09-25 21:30:06,baseline-rules,963000,29.34,85.76,1009.89,29.57,74.36,1010.01,0,0,RULES,1,1,1,
2026-09-25 21:30:07,baseline-rules,964000,29.34,85.61,1009.94,29.57,74.25,1009.91,0,0,RULES,1,1,1,
2026-09-25 21:30:08,baseline-rules,965000,29.35,85.77,1009.96,29.57,74.23,1009.95,0,0,RULES,1,1,1,
2026-09-25 21:30:09,baseline-rules,966000,29.35,85.28,1009.91,29.57,74.25,1009.95,0,0,RULES,1,1,1,
2026-09-25 21:30:10,baseline-rules,967000,29.34,85.35,1009.95,29.57,74.32,1009.98,0,0,RULES,1,1,1,
2026-09-25 21:30:11,baseline-rules,968000,29.35,85.89,1009.94,29.58,74.51,1010.01,0,0,RULES,1,1,1,
2026-09-25 21:30:12,baseline-rules,969000,29.35,85.77,1009.94,29.57,74.30,1009.95,0,0,RULES,1,1,1,
2026-09-25 21:30:13,baseline-rules,970000,29.34,85.41,1009.89,29.57,74.10,1009.98,0,0,RULES,1,1,1,
2026-09-25 21:30:14,baseline-rules,971000,29.36,85.59,1009.92,29.57,74.22,1009.90,0,0,RULES,1,1,1,
2026-09-25 21:30:15,baseline-rules,972000,29.34,85.64,1010.01,29.58,74.11,1009.94,0,0,RULES,1,1,1,
2026-09-25 21:30:16,baseline-rules,973000,29.34,85.64,1010.01,29.57,74.44,1009.94,0,0,RULES,1,1,1,
2026-09-25 21:30:17,baseline-rules,974000,29.35,85.88,1009.98,29.57,74.32,1010.01,0,0,RULES,1,1,1,
2026-09-25 21:30:18,baseline-rules,975000,29.34,85.75,1009.94,29.57,74.32,1009.95,0,0,RULES,1,1,1,
2026-09-25 21:30:19,baseline-rules,976000,29.35,85.76,1010.01,29.57,74.32,1009.92,0,0,RULES,1,1,1,
2026-09-25 21:30:20,baseline-rules,977000,29.34,85.33,1009.92,29.58,74.23,1010.02,0,0,RULES,1,1,1,
2026-09-25 21:30:21,baseline-rules,978000,29.34,85.09,1009.94,29.57,74.28,1010.01,0,0,RULES,1,1,1,
2026-09-25 21:30:22,baseline-rules,979000,29.33,85.64,1009.96,29.59,74.49,1010.00,0,0,RULES,1,1,1,
2026-09-25 21:30:22,baseline-rules,980000,29.35,85.50,1009.96,29.58,74.05,1009.91,0,0,RULES,1,1,1,
2026-09-25 21:30:24,baseline-rules,981000,29.34,85.59,1009.94,29.58,74.24,1009.97,0,0,RULES,1,1,1,
2026-09-25 21:30:25,baseline-rules,982000,29.34,85.37,1009.89,29.57,74.32,1009.95,0,0,RULES,1,1,1,
2026-09-25 21:30:26,baseline-rules,983000,29.35,85.83,1009.98,29.58,74.20,1010.02,0,0,RULES,1,1,1,
2026-09-25 21:30:27,baseline-rules,984000,29.34,85.30,1009.95,29.60,74.04,1010.04,0,0,RULES,1,1,1,
2026-09-25 21:30:28,baseline-rules,985000,29.34,85.19,1009.98,29.58,74.11,1009.99,0,0,RULES,1,1,1,
2026-09-25 21:30:29,baseline-rules,986000,29.33,85.62,1009.90,29.57,74.10,1009.98,0,0,RULES,1,1,1,
2026-09-25 21:30:30,baseline-rules,987000,29.34,85.25,1009.91,29.58,74.21,1010.01,0,0,RULES,1,1,1,
2026-09-25 21:30:31,baseline-rules,988000,29.35,85.76,1009.96,29.58,74.15,1009.97,0,0,RULES,1,1,1,
2026-09-25 21:30:32,baseline-rules,989000,29.35,85.70,1009.96,29.58,74.04,1009.97,0,0,RULES,1,1,1,
2026-09-25 21:30:33,baseline-rules,990000,29.34,85.92,1009.98,29.57,74.06,1009.95,0,0,RULES,1,1,1,
2026-09-25 21:30:34,baseline-rules,991000,29.35,85.74,1009.90,29.58,74.03,1009.97,0,0,RULES,1,1,1,
2026-09-25 21:30:35,baseline-rules,992000,29.35,85.27,1009.94,29.58,74.22,1010.01,0,0,RULES,1,1,1,
2026-09-25 21:30:36,baseline-rules,993000,29.34,85.36,1009.89,29.57,74.01,1009.94,0,0,RULES,1,1,1,
2026-09-25 21:30:37,baseline-rules,994000,29.36,85.80,1010.00,29.57,74.13,1009.98,0,0,RULES,1,1,1,
2026-09-25 21:30:38,baseline-rules,995000,29.35,85.94,1009.90,29.58,74.00,1009.93,0,0,RULES,1,1,1,
2026-09-25 21:30:39,baseline-rules,996000,29.35,85.39,1009.94,29.57,74.18,1010.01,0,0,RULES,1,1,1,
2026-09-25 21:30:40,baseline-rules,997000,29.35,85.30,1009.96,29.57,74.02,1009.98,0,0,RULES,1,1,1,
2026-09-25 21:30:41,baseline-rules,998000,29.35,86.13,1009.96,29.57,74.09,1010.01,0,0,RULES,1,1,1,
2026-09-25 21:30:42,baseline-rules,999000,29.35,85.46,1009.88,29.57,74.19,1009.97,0,0,RULES,1,1,1,
2026-09-25 21:30:43,baseline-rules,1000000,29.34,85.97,1009.95,29.56,74.21,1009.93,0,0,RULES,1,1,1,
2026-09-25 21:30:44,baseline-rules,1001000,29.34,85.84,1009.97,29.56,74.17,1009.96,0,0,RULES,1,1,1,
2026-09-25 21:30:45,baseline-rules,1002000,29.34,85.84,1009.91,29.56,74.05,1010.02,0,0,RULES,1,1,1,
2026-09-25 21:30:46,baseline-rules,1003000,29.35,85.50,1009.97,29.56,74.35,1009.96,0,0,RULES,1,1,1,
2026-09-25 21:30:47,baseline-rules,1004000,29.35,85.85,1010.02,29.56,74.13,1009.99,0,0,RULES,1,1,1,
2026-09-25 21:30:48,baseline-rules,1005000,29.36,86.01,1009.95,29.56,74.15,1009.95,0,0,RULES,1,1,1,
2026-09-25 21:30:49,baseline-rules,1006000,29.35,86.09,1009.97,29.55,73.99,1009.95,0,0,RULES,1,1,1,
2026-09-25 21:30:50,baseline-rules,1007000,29.36,85.58,1009.89,29.56,74.20,1009.95,0,0,RULES,1,1,1,
2026-09-25 21:30:51,baseline-rules,1008000,29.34,85.91,1009.98,29.55,74.10,1009.97,0,0,RULES,1,1,1,
2026-09-25 21:30:52,baseline-rules,1009000,29.35,85.58,1009.96,29.55,74.24,1010.03,0,0,RULES,1,1,1,
2026-09-25 21:30:53,baseline-rules,1010000,29.34,85.96,1009.89,29.56,74.07,1009.95,0,0,RULES,1,1,1,
2026-09-25 21:30:54,baseline-rules,1011000,29.35,85.77,1010.01,29.56,74.44,1010.01,0,0,RULES,1,1,1,
2026-09-25 21:30:55,baseline-rules,1012000,29.33,85.49,1009.99,29.57,74.11,1010.00,0,0,RULES,1,1,1,
2026-09-25 21:30:56,baseline-rules,1013000,29.33,85.58,1009.96,29.55,74.16,1009.97,0,0,RULES,1,1,1,
2026-09-25 21:30:57,baseline-rules,1014000,29.34,85.30,1009.98,29.56,74.43,1010.02,0,0,RULES,1,1,1,
2026-09-25 21:30:58,baseline-rules,1015000,29.34,85.39,1010.01,29.55,74.11,1010.00,0,0,RULES,1,1,1,
2026-09-25 21:30:59,baseline-rules,1016000,29.35,85.53,1010.02,29.55,74.11,1009.97,0,0,RULES,1,1,1,
2026-09-25 21:31:00,baseline-rules,1017000,29.34,85.72,1010.03,29.56,73.99,1010.01,0,0,RULES,1,1,1,
2026-09-25 21:31:01,baseline-rules,1018000,29.35,85.43,1009.93,29.56,73.99,1009.99,0,0,RULES,1,1,1,
2026-09-25 21:31:02,baseline-rules,1019000,29.34,85.29,1009.95,29.56,74.04,1010.01,0,0,RULES,1,1,1,
2026-09-25 21:31:03,baseline-rules,1020000,29.34,85.46,1010.01,29.56,74.09,1010.01,0,0,RULES,1,1,1,
2026-09-25 21:31:04,baseline-rules,1021000,29.34,85.58,1010.00,29.55,74.25,1009.97,0,0,RULES,1,1,1,
2026-09-25 21:31:05,baseline-rules,1022000,29.35,85.24,1009.98,29.56,74.20,1010.02,0,0,RULES,1,1,1,
2026-09-25 21:31:06,baseline-rules,1023000,29.34,85.59,1009.98,29.55,74.23,1009.97,0,0,RULES,1,1,1,
2026-09-25 21:31:07,baseline-rules,1024000,29.34,85.28,1009.94,29.55,74.00,1010.06,0,0,RULES,1,1,1,
2026-09-25 21:31:08,baseline-rules,1025000,29.34,85.77,1010.00,29.55,73.97,1009.97,0,0,RULES,1,1,1,
2026-09-25 21:31:09,baseline-rules,1026000,29.33,85.64,1009.99,29.55,73.98,1010.03,0,0,RULES,1,1,1,
2026-09-25 21:31:10,baseline-rules,1027000,29.34,85.91,1009.91,29.56,74.14,1009.98,0,0,RULES,1,1,1,
2026-09-25 21:31:11,baseline-rules,1028000,29.33,85.52,1009.99,29.55,73.95,1009.97,0,0,RULES,1,1,1,
2026-09-25 21:31:12,baseline-rules,1029000,29.35,85.07,1009.96,29.55,73.97,1009.95,0,0,RULES,1,1,1,
2026-09-25 21:31:13,baseline-rules,1030000,29.33,85.23,1009.99,29.55,73.98,1010.03,0,0,RULES,1,1,1,
2026-09-25 21:31:14,baseline-rules,1031000,29.33,85.09,1010.01,29.56,74.16,1009.98,0,0,RULES,1,1,1,
2026-09-25 21:31:15,baseline-rules,1032000,29.33,85.50,1009.93,29.55,74.05,1010.00,0,0,RULES,1,1,1,
2026-09-25 21:31:16,baseline-rules,1033000,29.34,85.13,1009.95,29.55,74.06,1010.00,0,0,RULES,1,1,1,
2026-09-25 21:31:17,baseline-rules,1034000,29.33,85.57,1009.96,29.55,73.96,1009.97,0,0,RULES,1,1,1,
2026-09-25 21:31:18,baseline-rules,1035000,29.33,85.51,1009.99,29.56,74.03,1010.04,0,0,RULES,1,1,1,
2026-09-25 21:31:19,baseline-rules,1036000,29.33,85.45,1009.93,29.56,73.97,1010.01,0,0,RULES,1,1,1,
2026-09-25 21:31:20,baseline-rules,1037000,29.33,85.05,1009.96,29.56,74.05,1009.99,0,0,RULES,1,1,1,
2026-09-25 21:31:21,baseline-rules,1038000,29.33,85.53,1010.02,29.56,74.05,1010.01,0,0,RULES,1,1,1,
2026-09-25 21:31:22,baseline-rules,1039000,29.34,85.32,1010.01,29.55,74.08,1010.06,0,0,RULES,1,1,1,
2026-09-25 21:31:23,baseline-rules,1040000,29.33,85.18,1010.01,29.55,74.05,1010.05,0,0,RULES,1,1,1,
2026-09-25 21:31:24,baseline-rules,1041000,29.35,85.51,1010.01,29.55,74.08,1010.00,0,0,RULES,1,1,1,
2026-09-25 21:31:25,baseline-rules,1042000,29.34,85.50,1010.03,29.57,74.33,1010.03,0,0,RULES,1,1,1,
2026-09-25 21:31:25,baseline-rules,1043000,29.33,85.33,1009.99,29.55,74.17,1010.03,0,0,RULES,1,1,1,
2026-09-25 21:31:26,baseline-rules,1044000,29.33,85.54,1010.02,29.55,74.16,1009.91,0,0,RULES,1,1,1,
2026-09-25 21:31:28,baseline-rules,1045000,29.35,85.81,1009.98,29.57,74.17,1010.05,0,0,RULES,1,1,1,
2026-09-25 21:31:29,baseline-rules,1046000,29.34,85.50,1010.03,29.56,74.02,1009.98,0,0,RULES,1,1,1,
2026-09-25 21:31:30,baseline-rules,1047000,29.35,85.73,1010.01,29.55,73.99,1010.00,0,0,RULES,1,1,1,
2026-09-25 21:31:31,baseline-rules,1048000,29.36,85.88,1009.97,29.56,73.90,1010.05,0,0,RULES,1,1,1,
2026-09-25 21:31:32,baseline-rules,1049000,29.36,85.57,1009.97,29.55,73.93,1010.00,0,0,RULES,1,1,1,
2026-09-25 21:31:33,baseline-rules,1050000,29.36,86.31,1009.97,29.55,74.06,1010.03,0,0,RULES,1,1,1,
2026-09-25 21:31:34,baseline-rules,1051000,29.35,86.05,1010.01,29.55,73.96,1009.99,0,0,RULES,1,1,1,
2026-09-25 21:31:35,baseline-rules,1052000,29.37,86.30,1009.93,29.55,73.90,1009.95,0,0,RULES,1,1,1,
2026-09-25 21:31:36,baseline-rules,1053000,29.36,85.98,1009.98,29.55,74.07,1010.02,0,0,RULES,1,1,1,
2026-09-25 21:31:37,baseline-rules,1054000,29.36,86.18,1010.01,29.55,73.97,1010.00,0,0,RULES,1,1,1,
2026-09-25 21:31:38,baseline-rules,1055000,29.36,85.92,1009.98,29.55,74.08,1010.03,0,0,RULES,1,1,1,
2026-09-25 21:31:39,baseline-rules,1056000,29.35,86.19,1009.99,29.56,73.95,1010.02,0,0,RULES,1,1,1,
2026-09-25 21:31:40,baseline-rules,1057000,29.35,86.00,1009.96,29.55,73.93,1009.97,0,0,RULES,1,1,1,
2026-09-25 21:31:41,baseline-rules,1058000,29.36,85.63,1009.95,29.56,73.99,1009.98,0,0,RULES,1,1,1,
2026-09-25 21:31:42,baseline-rules,1059000,29.36,86.30,1010.00,29.56,74.13,1010.02,0,0,RULES,1,1,1,
2026-09-25 21:31:43,baseline-rules,1060000,29.35,86.05,1009.96,29.56,74.36,1009.95,0,0,RULES,1,1,1,
2026-09-25 21:31:44,baseline-rules,1061000,29.34,85.66,1009.95,29.56,74.17,1010.02,0,0,RULES,1,1,1,
2026-09-25 21:31:45,baseline-rules,1062000,29.34,85.73,1009.95,29.56,74.17,1009.99,0,0,RULES,1,1,1,
2026-09-25 21:31:46,baseline-rules,1063000,29.35,85.51,1009.98,29.57,74.10,1009.97,0,0,RULES,1,1,1,
2026-09-25 21:31:47,baseline-rules,1064000,29.35,86.32,1010.05,29.57,74.34,1010.06,0,0,RULES,1,1,1,
2026-09-25 21:31:48,baseline-rules,1065000,29.35,85.75,1009.96,29.56,74.07,1009.96,0,0,RULES,1,1,1,
2026-09-25 21:31:49,baseline-rules,1066000,29.36,85.58,1009.97,29.56,74.14,1009.99,0,0,RULES,1,1,1,
2026-09-25 21:31:50,baseline-rules,1067000,29.35,86.01,1009.96,29.57,74.34,1009.95,0,0,RULES,1,1,1,
2026-09-25 21:31:51,baseline-rules,1068000,29.34,85.85,1009.88,29.57,74.12,1009.98,0,0,RULES,1,1,1,
2026-09-25 21:31:52,baseline-rules,1069000,29.35,86.37,1009.96,29.58,74.40,1009.99,0,0,RULES,1,1,1,
2026-09-25 21:31:53,baseline-rules,1070000,29.34,86.34,1009.98,29.58,74.09,1010.02,0,0,RULES,1,1,1,
2026-09-25 21:31:54,baseline-rules,1071000,29.34,85.74,1009.98,29.58,74.18,1010.02,0,0,RULES,1,1,1,
2026-09-25 21:31:55,baseline-rules,1072000,29.35,85.78,1009.93,29.60,74.19,1009.98,0,0,RULES,1,1,1,
2026-09-25 21:31:56,baseline-rules,1073000,29.35,86.17,1010.01,29.59,74.26,1009.92,0,0,RULES,1,1,1,
2026-09-25 21:31:57,baseline-rules,1074000,29.35,85.70,1009.97,29.60,74.12,1009.98,0,0,RULES,1,1,1,
2026-09-25 21:31:58,baseline-rules,1075000,29.33,85.93,1009.98,29.60,74.36,1010.02,0,0,RULES,1,1,1,
2026-09-25 21:31:59,baseline-rules,1076000,29.34,85.96,1009.94,29.60,74.26,1009.99,0,0,RULES,1,1,1,
2026-09-25 21:32:00,baseline-rules,1077000,29.34,86.10,1010.00,29.61,74.17,1010.00,0,0,RULES,1,1,1,
2026-09-25 21:32:01,baseline-rules,1078000,29.34,86.22,1009.98,29.61,74.15,1009.97,0,0,RULES,1,1,1,
2026-09-25 21:32:02,baseline-rules,1079000,29.34,85.71,1010.01,29.61,74.20,1009.94,0,0,RULES,1,1,1,
2026-09-25 21:32:03,baseline-rules,1080000,29.33,86.03,1009.95,29.62,74.39,1009.99,0,0,RULES,1,1,1,
2026-09-25 21:32:04,baseline-rules,1081000,29.33,85.76,1009.98,29.62,74.11,1009.99,0,0,RULES,1,1,1,
2026-09-25 21:32:05,baseline-rules,1082000,29.34,86.27,1009.97,29.61,74.05,1010.01,0,0,RULES,1,1,1,
2026-09-25 21:32:06,baseline-rules,1083000,29.33,85.71,1009.96,29.63,74.07,1009.98,0,0,RULES,1,1,1,
2026-09-25 21:32:07,baseline-rules,1084000,29.33,86.06,1009.99,29.62,74.00,1009.96,0,0,RULES,1,1,1,
2026-09-25 21:32:08,baseline-rules,1085000,29.32,85.56,1009.92,29.63,74.01,1009.98,0,0,RULES,1,1,1,
2026-09-25 21:32:09,baseline-rules,1086000,29.33,86.02,1009.90,29.63,73.95,1009.98,0,0,RULES,1,1,1,
2026-09-25 21:32:10,baseline-rules,1087000,29.33,86.01,1010.01,29.64,74.02,1009.99,0,0,RULES,1,1,1,
2026-09-25 21:32:11,baseline-rules,1088000,29.33,85.57,1010.01,29.64,74.19,1009.96,0,0,RULES,1,1,1,
2026-09-25 21:32:12,baseline-rules,1089000,29.33,86.23,1009.98,29.64,74.10,1009.99,0,0,RULES,1,1,1,
2026-09-25 21:32:13,baseline-rules,1090000,29.33,85.92,1009.98,29.65,74.20,1009.92,0,0,RULES,1,1,1,
2026-09-25 21:32:14,baseline-rules,1091000,29.32,85.60,1009.97,29.64,74.04,1009.99,0,0,RULES,1,1,1,
2026-09-25 21:32:15,baseline-rules,1092000,29.33,86.21,1009.99,29.64,74.35,1009.97,0,0,RULES,1,1,1,
2026-09-25 21:32:16,baseline-rules,1093000,29.32,85.81,1009.97,29.64,74.33,1010.00,0,0,RULES,1,1,1,
2026-09-25 21:32:17,baseline-rules,1094000,29.32,85.53,1010.03,29.65,73.80,1010.04,0,0,RULES,1,1,1,
2026-09-25 21:32:18,baseline-rules,1095000,29.33,86.15,1010.02,29.65,74.34,1010.04,0,0,RULES,1,1,1,
2026-09-25 21:32:18,baseline-rules,1096000,29.32,85.62,1010.06,29.66,74.19,1010.00,0,0,RULES,1,1,1,
2026-09-25 21:32:20,baseline-rules,1097000,29.33,86.22,1010.05,29.66,74.03,1009.94,0,0,RULES,1,1,1,
2026-09-25 21:32:21,baseline-rules,1098000,29.32,85.65,1010.00,29.66,74.20,1009.98,0,0,RULES,1,1,1,
2026-09-25 21:32:22,baseline-rules,1099000,29.33,85.57,1010.04,29.67,74.28,1010.04,0,0,RULES,1,1,1,
2026-09-25 21:32:23,baseline-rules,1100000,29.33,86.15,1010.04,29.67,74.12,1009.98,0,0,RULES,1,1,1,
2026-09-25 21:32:24,baseline-rules,1101000,29.32,86.14,1009.97,29.67,74.09,1009.98,0,0,RULES,1,1,1,
2026-09-25 21:32:25,baseline-rules,1102000,29.32,85.63,1009.94,29.67,74.04,1010.04,0,0,RULES,1,1,1,
2026-09-25 21:32:26,baseline-rules,1103000,29.32,85.65,1009.97,29.67,74.16,1009.96,0,0,RULES,1,1,1,
2026-09-25 21:32:27,baseline-rules,1104000,29.32,85.77,1010.06,29.68,74.20,1010.01,0,0,RULES,1,1,1,
2026-09-25 21:32:28,baseline-rules,1105000,29.32,86.05,1009.97,29.68,74.25,1010.03,0,0,RULES,1,1,1,
2026-09-25 21:32:29,baseline-rules,1106000,29.32,86.06,1010.00,29.68,74.20,1009.97,0,0,RULES,1,1,1,
2026-09-25 21:32:30,baseline-rules,1107000,29.32,85.90,1010.02,29.68,74.02,1010.06,0,0,RULES,1,1,1,
2026-09-25 21:32:31,baseline-rules,1108000,29.32,85.56,1009.99,29.68,74.06,1010.03,0,0,RULES,1,1,1,
2026-09-25 21:32:32,baseline-rules,1109000,29.32,86.15,1009.97,29.68,74.04,1009.98,0,0,RULES,1,1,1,
2026-09-25 21:32:33,baseline-rules,1110000,29.33,85.93,1009.98,29.68,73.88,1009.95,0,0,RULES,1,1,1,
2026-09-25 21:32:34,baseline-rules,1111000,29.33,86.05,1009.98,29.69,74.32,1009.96,0,0,RULES,1,1,1,
2026-09-25 21:32:35,baseline-rules,1112000,29.32,85.76,1009.97,29.69,74.04,1010.00,0,0,RULES,1,1,1,
2026-09-25 21:32:36,baseline-rules,1113000,29.33,86.05,1009.92,29.70,74.18,1009.98,0,0,RULES,1,1,1,
2026-09-25 21:32:37,baseline-rules,1114000,29.32,85.42,1009.99,29.69,74.16,1009.97,0,0,RULES,1,1,1,
2026-09-25 21:32:38,baseline-rules,1115000,29.31,85.90,1009.98,29.70,74.34,1009.98,0,0,RULES,1,1,1,
2026-09-25 21:32:39,baseline-rules,1116000,29.31,85.66,1009.96,29.70,73.98,1009.98,0,0,RULES,1,1,1,
2026-09-25 21:32:40,baseline-rules,1117000,29.31,85.75,1009.93,29.70,74.28,1010.04,0,0,RULES,1,1,1,
2026-09-25 21:32:41,baseline-rules,1118000,29.31,85.81,1010.01,29.71,74.16,1010.08,0,0,RULES,1,1,1,
2026-09-25 21:32:42,baseline-rules,1119000,29.32,85.86,1009.96,29.71,74.00,1009.91,0,0,RULES,1,1,1,
2026-09-25 21:32:43,baseline-rules,1120000,29.32,85.46,1009.96,29.71,74.12,1009.99,0,0,RULES,1,1,1,
2026-09-25 21:32:44,baseline-rules,1121000,29.31,85.94,1009.98,29.72,74.00,1010.01,0,0,RULES,1,1,1,
2026-09-25 21:32:45,baseline-rules,1122000,29.32,85.86,1010.02,29.71,74.17,1009.94,0,0,RULES,1,1,1,
2026-09-25 21:32:46,baseline-rules,1123000,29.32,85.71,1009.94,29.71,74.03,1009.94,0,0,RULES,1,1,1,
2026-09-25 21:32:47,baseline-rules,1124000,29.32,85.77,1009.94,29.71,74.07,1010.00,0,0,RULES,1,1,1,
2026-09-25 21:32:48,baseline-rules,1125000,29.32,85.70,1009.92,29.73,74.16,1010.05,0,0,RULES,1,1,1,
2026-09-25 21:32:49,baseline-rules,1126000,29.31,85.92,1010.01,29.72,73.97,1009.95,0,0,RULES,1,1,1,
2026-09-25 21:32:50,baseline-rules,1127000,29.32,85.48,1010.06,29.72,74.13,1009.96,0,0,RULES,1,1,1,
2026-09-25 21:32:51,baseline-rules,1128000,29.31,85.72,1009.96,29.72,74.05,1009.90,0,0,RULES,1,1,1,
2026-09-25 21:32:52,baseline-rules,1129000,29.32,85.99,1009.96,29.72,73.99,1010.02,0,0,RULES,1,1,1,
2026-09-25 21:32:53,baseline-rules,1130000,29.32,85.65,1010.00,29.73,74.07,1009.98,0,0,RULES,1,1,1,
2026-09-25 21:32:54,baseline-rules,1131000,29.33,85.65,1009.98,29.73,74.04,1009.97,0,0,RULES,1,1,1,
2026-09-25 21:32:55,baseline-rules,1132000,29.32,85.40,1009.99,29.74,74.04,1009.99,0,0,RULES,1,1,1,
2026-09-25 21:32:56,baseline-rules,1133000,29.32,85.28,1009.91,29.73,73.96,1010.01,0,0,RULES,1,1,1,
2026-09-25 21:32:57,baseline-rules,1134000,29.31,85.36,1009.89,29.73,73.94,1009.97,0,0,RULES,1,1,1,
2026-09-25 21:32:58,baseline-rules,1135000,29.32,85.27,1009.96,29.73,73.96,1009.95,0,0,RULES,1,1,1,
2026-09-25 21:32:59,baseline-rules,1136000,29.32,85.45,1010.03,29.74,73.98,1009.96,0,0,RULES,1,1,1,
2026-09-25 21:33:00,baseline-rules,1137000,29.32,85.28,1010.02,29.74,74.03,1009.99,0,0,RULES,1,1,1,
2026-09-25 21:33:01,baseline-rules,1138000,29.33,85.96,1009.98,29.75,74.06,1009.95,0,0,RULES,1,1,1,
2026-09-25 21:33:02,baseline-rules,1139000,29.33,85.61,1009.95,29.74,73.84,1009.97,0,0,RULES,1,1,1,
2026-09-25 21:33:03,baseline-rules,1140000,29.33,85.85,1010.01,29.76,74.20,1009.99,0,0,RULES,1,1,1,
2026-09-25 21:33:04,baseline-rules,1141000,29.32,85.60,1009.91,29.75,73.95,1010.00,0,0,RULES,1,1,1,
2026-09-25 21:33:05,baseline-rules,1142000,29.32,85.66,1009.97,29.76,74.06,1010.02,0,0,RULES,1,1,1,
2026-09-25 21:33:06,baseline-rules,1143000,29.32,85.27,1009.97,29.76,73.96,1010.00,0,0,RULES,1,1,1,
2026-09-25 21:33:07,baseline-rules,1144000,29.33,85.54,1010.04,29.75,74.16,1009.96,0,0,RULES,1,1,1,
2026-09-25 21:33:08,baseline-rules,1145000,29.33,85.86,1010.01,29.76,73.83,1009.96,0,0,RULES,1,1,1,
2026-09-25 21:33:08,baseline-rules,1146000,29.32,85.29,1009.99,29.77,74.06,1009.98,0,0,RULES,1,1,1,
2026-09-25 21:33:10,baseline-rules,1147000,29.32,85.75,1009.96,29.77,74.22,1009.98,0,0,RULES,1,1,1,
2026-09-25 21:33:11,baseline-rules,1148000,29.32,85.27,1009.94,29.77,74.04,1009.99,0,0,RULES,1,1,1,
2026-09-25 21:33:12,baseline-rules,1149000,29.33,85.74,1010.01,29.77,74.08,1009.99,0,0,RULES,1,1,1,
2026-09-25 21:33:13,baseline-rules,1150000,29.30,85.24,1009.96,29.78,73.95,1010.00,0,0,RULES,1,1,1,
2026-09-25 21:33:14,baseline-rules,1151000,29.32,85.10,1009.96,29.78,73.93,1010.00,0,0,RULES,1,1,1,
2026-09-25 21:33:15,baseline-rules,1152000,29.33,85.20,1010.04,29.78,74.00,1009.97,0,0,RULES,1,1,1,
2026-09-25 21:33:16,baseline-rules,1153000,29.32,85.05,1009.99,29.79,74.08,1009.98,0,0,RULES,1,1,1,
2026-09-25 21:33:17,baseline-rules,1154000,29.32,85.29,1010.00,29.78,74.06,1009.97,0,0,RULES,1,1,1,
2026-09-25 21:33:17,baseline-rules,1155000,29.32,85.35,1009.97,29.79,74.09,1009.98,0,0,RULES,1,1,1,
2026-09-25 21:33:19,baseline-rules,1156000,29.32,85.51,1010.02,29.79,73.94,1009.98,0,0,RULES,1,1,1,
2026-09-25 21:33:20,baseline-rules,1157000,29.33,85.69,1009.98,29.78,74.14,1010.00,0,0,RULES,1,1,1,
2026-09-25 21:33:21,baseline-rules,1158000,29.33,85.64,1010.01,29.80,74.18,1009.94,0,0,RULES,1,1,1,
2026-09-25 21:33:22,baseline-rules,1159000,29.32,85.10,1009.96,29.79,74.10,1010.02,0,0,RULES,1,1,1,
2026-09-25 21:33:23,baseline-rules,1160000,29.33,85.70,1009.98,29.79,73.94,1009.96,0,0,RULES,1,1,1,
2026-09-25 21:33:24,baseline-rules,1161000,29.33,85.86,1009.99,29.79,73.82,1009.98,0,0,RULES,1,1,1,
2026-09-25 21:33:25,baseline-rules,1162000,29.33,85.57,1010.04,29.80,74.13,1009.94,0,0,RULES,1,1,1,
2026-09-25 21:33:26,baseline-rules,1163000,29.32,85.67,1009.94,29.80,73.98,1009.97,0,0,RULES,1,1,1,
2026-09-25 21:33:27,baseline-rules,1164000,29.32,85.52,1009.92,29.80,73.92,1010.03,0,0,RULES,1,1,1,
2026-09-25 21:33:28,baseline-rules,1165000,29.32,85.38,1010.03,29.79,73.91,1010.05,0,0,RULES,1,1,1,
2026-09-25 21:33:29,baseline-rules,1166000,29.32,85.33,1010.02,29.79,73.82,1009.98,0,0,RULES,1,1,1,
2026-09-25 21:33:30,baseline-rules,1167000,29.32,85.51,1009.96,29.80,73.85,1010.03,0,0,RULES,1,1,1,
2026-09-25 21:33:31,baseline-rules,1168000,29.33,85.65,1010.02,29.80,74.11,1010.00,0,0,RULES,1,1,1,
2026-09-25 21:33:32,baseline-rules,1169000,29.33,85.63,1009.93,29.79,73.80,1009.96,0,0,RULES,1,1,1,
2026-09-25 21:33:33,baseline-rules,1170000,29.32,85.35,1009.97,29.80,74.13,1010.04,0,0,RULES,1,1,1,
2026-09-25 21:33:34,baseline-rules,1171000,29.32,85.04,1009.94,29.80,73.80,1010.08,0,0,RULES,1,1,1,
2026-09-25 21:33:35,baseline-rules,1172000,29.33,85.17,1009.98,29.80,73.91,1010.00,0,0,RULES,1,1,1,
2026-09-25 21:33:36,baseline-rules,1173000,29.32,85.42,1010.00,29.80,73.90,1010.04,0,0,RULES,1,1,1,
2026-09-25 21:33:37,baseline-rules,1174000,29.32,85.45,1009.94,29.80,73.85,1010.04,0,0,RULES,1,1,1,
2026-09-25 21:33:38,baseline-rules,1175000,29.32,85.21,1009.97,29.79,73.86,1009.96,0,0,RULES,1,1,1,
2026-09-25 21:33:39,baseline-rules,1176000,29.32,85.31,1009.94,29.80,74.10,1010.03,0,0,RULES,1,1,1,
2026-09-25 21:33:40,baseline-rules,1177000,29.32,84.88,1009.94,29.79,73.98,1010.02,0,0,RULES,1,1,1,
2026-09-25 21:33:41,baseline-rules,1178000,29.33,85.37,1010.04,29.80,73.88,1009.95,0,0,RULES,1,1,1,
2026-09-25 21:33:42,baseline-rules,1179000,29.32,85.20,1009.96,29.80,73.67,1010.03,0,0,RULES,1,1,1,
2026-09-25 21:33:43,baseline-rules,1180000,29.33,85.37,1010.05,29.81,73.81,1010.02,0,0,RULES,1,1,1,
2026-09-25 21:33:44,baseline-rules,1181000,29.32,85.34,1010.00,29.80,74.14,1009.97,0,0,RULES,1,1,1,
2026-09-25 21:33:45,baseline-rules,1182000,29.33,85.27,1009.96,29.80,73.91,1010.04,0,0,RULES,1,1,1,
2026-09-25 21:33:46,baseline-rules,1183000,29.33,84.83,1009.95,29.80,73.84,1009.98,0,0,RULES,1,1,1,
2026-09-25 21:33:47,baseline-rules,1184000,29.32,85.17,1009.99,29.81,73.96,1010.02,0,0,RULES,1,1,1,
2026-09-25 21:33:48,baseline-rules,1185000,29.32,85.19,1009.96,29.81,73.64,1010.02,0,0,RULES,1,1,1,
2026-09-25 21:33:49,baseline-rules,1186000,29.32,85.31,1009.94,29.81,73.98,1010.02,0,0,RULES,1,1,1,
2026-09-25 21:33:50,baseline-rules,1187000,29.32,84.48,1009.99,29.81,74.13,1009.99,0,0,RULES,1,1,1,
2026-09-25 21:33:51,baseline-rules,1188000,29.31,84.76,1009.96,29.81,74.06,1010.02,0,0,RULES,1,1,1,
2026-09-25 21:33:52,baseline-rules,1189000,29.32,85.23,1010.02,29.81,74.17,1010.11,0,0,RULES,1,1,1,
2026-09-25 21:33:53,baseline-rules,1190000,29.32,84.93,1009.97,29.81,74.07,1010.02,0,0,RULES,1,1,1,
2026-09-25 21:33:54,baseline-rules,1191000,29.33,85.25,1009.95,29.80,74.09,1009.92,0,0,RULES,1,1,1,
2026-09-25 21:33:55,baseline-rules,1192000,29.33,85.44,1009.96,29.80,74.02,1009.92,0,0,RULES,1,1,1,
2026-09-25 21:33:56,baseline-rules,1193000,29.33,85.53,1010.04,29.81,73.99,1010.02,0,0,RULES,1,1,1,
2026-09-25 21:33:57,baseline-rules,1194000,29.32,85.24,1009.97,29.80,73.85,1010.04,0,0,RULES,1,1,1,
2026-09-25 21:33:58,baseline-rules,1195000,29.33,85.54,1010.02,29.81,73.99,1009.99,0,0,RULES,1,1,1,
2026-09-25 21:33:59,baseline-rules,1196000,29.32,84.69,1010.05,29.81,73.90,1010.02,0,0,RULES,1,1,1,
2026-09-25 21:34:00,baseline-rules,1197000,29.32,84.65,1010.00,29.80,73.65,1010.03,0,0,RULES,1,1,1,
2026-09-25 21:34:01,baseline-rules,1198000,29.32,84.54,1009.97,29.80,74.14,1009.98,0,0,RULES,1,1,1,
2026-09-25 21:34:02,baseline-rules,1199000,29.33,84.68,1009.98,29.81,73.99,1010.04,0,0,RULES,1,1,1,
2026-09-25 21:34:03,baseline-rules,1200000,29.33,84.97,1009.99,29.80,74.02,1010.00,0,0,RULES,1,1,1,
2026-09-25 21:34:04,baseline-rules,1201000,29.32,84.70,1010.00,29.80,73.89,1010.03,0,0,RULES,1,1,1,
2026-09-25 21:34:05,baseline-rules,1202000,29.33,85.40,1009.96,29.80,73.94,1009.98,0,0,RULES,1,1,1,
2026-09-25 21:34:05,baseline-rules,1203000,29.34,85.38,1010.03,29.80,73.89,1009.95,0,0,RULES,1,1,1,
2026-09-25 21:34:07,baseline-rules,1204000,29.34,85.00,1010.03,29.79,73.52,1009.96,0,0,RULES,1,1,1,
2026-09-25 21:34:08,baseline-rules,1205000,29.34,85.76,1010.01,29.79,74.02,1009.99,0,0,RULES,1,1,1,
2026-09-25 21:34:09,baseline-rules,1206000,29.34,85.28,1010.01,29.80,74.01,1010.00,0,0,RULES,1,1,1,
2026-09-25 21:34:10,baseline-rules,1207000,29.34,85.67,1010.03,29.79,73.86,1010.02,0,0,RULES,1,1,1,
2026-09-25 21:34:11,baseline-rules,1208000,29.34,85.55,1010.03,29.81,74.02,1010.04,0,0,RULES,1,1,1,
2026-09-25 21:34:12,baseline-rules,1209000,29.35,85.36,1009.98,29.79,74.22,1009.99,0,0,RULES,1,1,1,
2026-09-25 21:34:13,baseline-rules,1210000,29.34,85.32,1009.94,29.80,74.07,1010.04,0,0,RULES,1,1,1,
2026-09-25 21:34:14,baseline-rules,1211000,29.34,85.47,1010.01,29.80,73.91,1010.03,0,0,RULES,1,1,1,
2026-09-25 21:34:15,baseline-rules,1212000,29.34,85.63,1010.03,29.79,74.05,1009.96,0,0,RULES,1,1,1,
2026-09-25 21:34:16,baseline-rules,1213000,29.34,85.42,1010.01,29.79,73.71,1010.02,0,0,RULES,1,1,1,
2026-09-25 21:34:17,baseline-rules,1214000,29.33,85.51,1009.99,29.79,73.83,1009.98,0,0,RULES,1,1,1,
2026-09-25 21:34:18,baseline-rules,1215000,29.33,85.58,1009.99,29.79,73.76,1010.02,0,0,RULES,1,1,1,
2026-09-25 21:34:19,baseline-rules,1216000,29.33,84.88,1009.99,29.79,73.86,1010.01,0,0,RULES,1,1,1,
2026-09-25 21:34:20,baseline-rules,1217000,29.33,85.31,1010.02,29.79,73.60,1009.96,0,0,RULES,1,1,1,
2026-09-25 21:34:21,baseline-rules,1218000,29.34,85.51,1010.05,29.79,73.86,1010.04,0,0,RULES,1,1,1,
2026-09-25 21:34:22,baseline-rules,1219000,29.35,85.07,1010.01,29.79,73.95,1010.07,0,0,RULES,1,1,1,
2026-09-25 21:34:23,baseline-rules,1220000,29.34,85.42,1010.01,29.79,73.96,1010.01,0,0,RULES,1,1,1,
2026-09-25 21:34:24,baseline-rules,1221000,29.33,85.67,1010.01,29.79,73.92,1009.98,0,0,RULES,1,1,1,
2026-09-25 21:34:25,baseline-rules,1222000,29.33,85.39,1010.07,29.78,74.05,1010.00,0,0,RULES,1,1,1,
2026-09-25 21:34:26,baseline-rules,1223000,29.34,85.42,1009.98,29.78,74.07,1010.00,0,0,RULES,1,1,1,
2026-09-25 21:34:27,baseline-rules,1224000,29.34,85.41,1009.95,29.77,74.08,1010.03,0,0,RULES,1,1,1,
2026-09-25 21:34:28,baseline-rules,1225000,29.33,85.52,1009.99,29.77,74.02,1010.02,0,0,RULES,1,1,1,
2026-09-25 21:34:29,baseline-rules,1226000,29.33,84.79,1009.98,29.77,73.92,1010.02,0,0,RULES,1,1,1,
2026-09-25 21:34:30,baseline-rules,1227000,29.33,85.40,1009.98,29.78,74.03,1010.02,0,0,RULES,1,1,1,
2026-09-25 21:34:31,baseline-rules,1228000,29.33,85.37,1010.02,29.78,74.03,1010.00,0,0,RULES,1,1,1,
2026-09-25 21:34:32,baseline-rules,1229000,29.34,85.31,1010.00,29.77,74.02,1009.99,0,0,RULES,1,1,1,
2026-09-25 21:34:33,baseline-rules,1230000,29.33,85.31,1009.98,29.78,74.00,1009.97,0,0,RULES,1,1,1,
2026-09-25 21:34:34,baseline-rules,1231000,29.35,85.26,1010.01,29.78,73.84,1010.00,0,0,RULES,1,1,1,
2026-09-25 21:34:35,baseline-rules,1232000,29.33,85.64,1010.04,29.76,74.03,1010.00,0,0,RULES,1,1,1,
2026-09-25 21:34:36,baseline-rules,1233000,29.33,85.34,1010.01,29.77,73.89,1010.01,0,0,RULES,1,1,1,
2026-09-25 21:34:37,baseline-rules,1234000,29.35,85.09,1010.01,29.76,73.82,1010.00,0,0,RULES,1,1,1,
2026-09-25 21:34:38,baseline-rules,1235000,29.35,85.37,1010.01,29.76,73.95,1010.03,0,0,RULES,1,1,1,
2026-09-25 21:34:39,baseline-rules,1236000,29.34,85.52,1010.05,29.76,73.89,1010.07,0,0,RULES,1,1,1,
2026-09-25 21:34:40,baseline-rules,1237000,29.34,85.64,1010.00,29.76,73.98,1010.07,0,0,RULES,1,1,1,
2026-09-25 21:34:41,baseline-rules,1238000,29.34,85.11,1010.01,29.76,74.01,1009.96,0,0,RULES,1,1,1,
2026-09-25 21:34:42,baseline-rules,1239000,29.35,85.21,1010.02,29.75,74.00,1010.01,0,0,RULES,1,1,1,
2026-09-25 21:34:43,baseline-rules,1240000,29.34,85.51,1010.03,29.75,73.56,1010.07,0,0,RULES,1,1,1,
2026-09-25 21:34:44,baseline-rules,1241000,29.35,85.45,1009.94,29.75,73.99,1010.06,0,0,RULES,1,1,1,
2026-09-25 21:34:45,baseline-rules,1242000,29.35,85.87,1010.08,29.75,73.96,1010.07,0,0,RULES,1,1,1,
2026-09-25 21:34:46,baseline-rules,1243000,29.35,85.55,1009.99,29.74,73.81,1010.08,0,0,RULES,1,1,1,
2026-09-25 21:34:47,baseline-rules,1244000,29.34,85.78,1010.03,29.74,73.91,1010.05,0,0,RULES,1,1,1,
2026-09-25 21:34:48,baseline-rules,1245000,29.35,85.49,1010.01,29.73,74.00,1009.97,0,0,RULES,1,1,1,
2026-09-25 21:34:49,baseline-rules,1246000,29.34,85.53,1010.06,29.74,74.09,1010.04,0,0,RULES,1,1,1,
2026-09-25 21:34:50,baseline-rules,1247000,29.34,85.73,1009.98,29.74,74.03,1009.99,0,0,RULES,1,1,1,
2026-09-25 21:34:51,baseline-rules,1248000,29.35,85.76,1010.08,29.74,73.91,1010.10,0,0,RULES,1,1,1,
2026-09-25 21:34:52,baseline-rules,1249000,29.35,85.82,1009.97,29.73,73.87,1010.05,0,0,RULES,1,1,1,
2026-09-25 21:34:53,baseline-rules,1250000,29.35,85.57,1010.02,29.73,74.01,1010.03,0,0,RULES,1,1,1,
2026-09-25 21:34:54,baseline-rules,1251000,29.34,85.54,1010.03,29.74,73.99,1010.07,0,0,RULES,1,1,1,
2026-09-25 21:34:55,baseline-rules,1252000,29.35,85.52,1010.01,29.74,74.01,1010.04,0,0,RULES,1,1,1,
2026-09-25 21:34:56,baseline-rules,1253000,29.35,85.78,1009.96,29.73,73.91,1009.97,0,0,RULES,1,1,1,
2026-09-25 21:34:57,baseline-rules,1254000,29.35,85.82,1009.98,29.74,74.07,1010.04,0,0,RULES,1,1,1,
2026-09-25 21:34:58,baseline-rules,1255000,29.35,86.05,1010.10,29.74,74.12,1010.04,0,0,RULES,1,1,1,
2026-09-25 21:34:59,baseline-rules,1256000,29.35,85.58,1009.97,29.73,74.21,1010.03,0,0,RULES,1,1,1,
2026-09-25 21:35:00,baseline-rules,1257000,29.36,86.03,1009.97,29.74,73.93,1010.05,0,0,RULES,1,1,1,
2026-09-25 21:35:01,baseline-rules,1258000,29.35,86.21,1010.04,29.73,74.10,1009.95,0,0,RULES,1,1,1,
2026-09-25 21:35:02,baseline-rules,1259000,29.35,86.21,1009.96,29.73,74.02,1010.03,0,0,RULES,1,1,1,
2026-09-25 21:35:03,baseline-rules,1260000,29.35,85.74,1009.98,29.74,74.00,1010.04,0,0,RULES,1,1,1,
2026-09-25 21:35:04,baseline-rules,1261000,29.34,85.91,1010.06,29.73,73.98,1010.06,0,0,RULES,1,1,1,
2026-09-25 21:35:05,baseline-rules,1262000,29.34,85.38,1010.06,29.74,74.27,1009.99,0,0,RULES,1,1,1,
2026-09-25 21:35:06,baseline-rules,1263000,29.34,85.48,1010.00,29.73,74.10,1010.03,0,0,RULES,1,1,1,
2026-09-25 21:35:07,baseline-rules,1264000,29.33,85.34,1009.90,29.74,74.01,1010.05,0,0,RULES,1,1,1,
2026-09-25 21:35:08,baseline-rules,1265000,29.35,85.78,1010.04,29.73,74.03,1010.01,0,0,RULES,1,1,1,
2026-09-25 21:35:08,baseline-rules,1266000,29.34,85.65,1010.03,29.74,74.29,1010.05,0,0,RULES,1,1,1,
2026-09-25 21:35:10,baseline-rules,1267000,29.34,85.93,1010.01,29.74,74.08,1010.05,0,0,RULES,1,1,1,
2026-09-25 21:35:11,baseline-rules,1268000,29.34,85.79,1009.95,29.74,73.77,1009.93,0,0,RULES,1,1,1,
2026-09-25 21:35:12,baseline-rules,1269000,29.34,85.67,1010.01,29.74,74.04,1009.99,0,0,RULES,1,1,1,
2026-09-25 21:35:13,baseline-rules,1270000,29.35,85.71,1009.96,29.74,73.98,1009.94,0,0,RULES,1,1,1,
2026-09-25 21:35:13,baseline-rules,1271000,29.35,85.70,1010.04,29.75,73.62,1010.06,0,0,RULES,1,1,1,
2026-09-25 21:35:14,baseline-rules,1272000,29.34,86.01,1010.01,29.75,73.86,1010.00,0,0,RULES,1,1,1,
2026-09-25 21:35:16,baseline-rules,1273000,29.34,85.49,1010.05,29.75,74.18,1010.00,0,0,RULES,1,1,1,
2026-09-25 21:35:17,baseline-rules,1274000,29.35,85.64,1010.01,29.75,74.06,1010.06,0,0,RULES,1,1,1,
2026-09-25 21:35:18,baseline-rules,1275000,29.34,85.87,1010.11,29.75,74.04,1010.07,0,0,RULES,1,1,1,
2026-09-25 21:35:19,baseline-rules,1276000,29.34,85.74,1010.03,29.76,74.31,1010.02,0,0,RULES,1,1,1,
2026-09-25 21:35:20,baseline-rules,1277000,29.34,85.85,1010.00,29.77,74.08,1010.01,0,0,RULES,1,1,1,
2026-09-25 21:35:21,baseline-rules,1278000,29.33,85.31,1009.99,29.76,73.97,1010.00,0,0,RULES,1,1,1,
2026-09-25 21:35:22,baseline-rules,1279000,29.32,85.72,1010.00,29.76,74.11,1010.10,0,0,RULES,1,1,1,
2026-09-25 21:35:22,baseline-rules,1280000,29.33,85.80,1010.07,29.76,74.02,1010.07,0,0,RULES,1,1,1,
2026-09-25 21:35:24,baseline-rules,1281000,29.34,85.76,1010.05,29.77,74.15,1010.09,0,0,RULES,1,1,1,
2026-09-25 21:35:25,baseline-rules,1282000,29.33,85.75,1010.02,29.77,74.06,1009.96,0,0,RULES,1,1,1,
2026-09-25 21:35:26,baseline-rules,1283000,29.33,85.12,1010.04,29.77,74.07,1010.03,0,0,RULES,1,1,1,
2026-09-25 21:35:27,baseline-rules,1284000,29.32,85.52,1009.97,29.77,74.29,1009.99,0,0,RULES,1,1,1,
2026-09-25 21:35:28,baseline-rules,1285000,29.33,85.68,1010.05,29.77,73.85,1010.01,0,0,RULES,1,1,1,
2026-09-25 21:35:29,baseline-rules,1286000,29.32,84.94,1009.97,29.78,74.24,1010.08,0,0,RULES,1,1,1,
2026-09-25 21:35:30,baseline-rules,1287000,29.33,85.73,1010.04,29.78,74.22,1010.02,0,0,RULES,1,1,1,
2026-09-25 21:35:31,baseline-rules,1288000,29.32,85.23,1010.00,29.78,74.12,1010.00,0,0,RULES,1,1,1,
2026-09-25 21:35:32,baseline-rules,1289000,29.32,85.59,1009.97,29.78,74.32,1010.00,0,0,RULES,1,1,1,
2026-09-25 21:35:33,baseline-rules,1290000,29.32,85.32,1010.03,29.79,74.06,1009.96,0,0,RULES,1,1,1,
2026-09-25 21:35:34,baseline-rules,1291000,29.32,85.51,1010.00,29.78,74.14,1010.00,0,0,RULES,1,1,1,
2026-09-25 21:35:35,baseline-rules,1292000,29.33,85.77,1009.99,29.79,74.10,1010.01,0,0,RULES,1,1,1,
2026-09-25 21:35:36,baseline-rules,1293000,29.33,85.08,1009.96,29.79,74.11,1010.07,0,0,RULES,1,1,1,
2026-09-25 21:35:37,baseline-rules,1294000,29.33,85.61,1010.05,29.79,74.11,1010.02,0,0,RULES,1,1,1,
2026-09-25 21:35:38,baseline-rules,1295000,29.32,85.66,1009.99,29.79,74.12,1010.01,0,0,RULES,1,1,1,
2026-09-25 21:35:39,baseline-rules,1296000,29.32,85.17,1010.06,29.80,74.12,1010.03,0,0,RULES,1,1,1,
2026-09-25 21:35:40,baseline-rules,1297000,29.32,85.06,1010.02,29.79,74.03,1010.07,0,0,RULES,1,1,1,
2026-09-25 21:35:41,baseline-rules,1298000,29.33,85.06,1009.98,29.79,74.15,1010.01,0,0,RULES,1,1,1,
2026-09-25 21:35:42,baseline-rules,1299000,29.32,85.54,1010.03,29.79,74.19,1010.04,0,0,RULES,1,1,1,
2026-09-25 21:35:43,baseline-rules,1300000,29.33,85.07,1010.05,29.79,73.96,1010.01,0,0,RULES,1,1,1,
2026-09-25 21:35:44,baseline-rules,1301000,29.33,85.53,1010.05,29.79,74.00,1010.02,0,0,RULES,1,1,1,
2026-09-25 21:35:45,baseline-rules,1302000,29.33,85.42,1010.07,29.80,74.18,1010.00,0,0,RULES,1,1,1,
2026-09-25 21:35:46,baseline-rules,1303000,29.33,85.70,1010.04,29.79,74.06,1009.98,0,0,RULES,1,1,1,
2026-09-25 21:35:47,baseline-rules,1304000,29.33,85.40,1009.98,29.79,73.94,1009.99,0,0,RULES,1,1,1,
2026-09-25 21:35:48,baseline-rules,1305000,29.33,85.26,1010.05,29.80,74.13,1010.03,0,0,RULES,1,1,1,
2026-09-25 21:35:49,baseline-rules,1306000,29.33,85.21,1010.01,29.79,74.04,1010.02,0,0,RULES,1,1,1,
2026-09-25 21:35:50,baseline-rules,1307000,29.33,85.21,1010.04,29.79,74.22,1010.02,0,0,RULES,1,1,1,
2026-09-25 21:35:51,baseline-rules,1308000,29.32,85.32,1010.02,29.79,73.96,1010.01,0,0,RULES,1,1,1,
2026-09-25 21:35:52,baseline-rules,1309000,29.33,85.04,1010.04,29.80,73.89,1010.03,0,0,RULES,1,1,1,
2026-09-25 21:35:53,baseline-rules,1310000,29.33,85.63,1010.02,29.79,73.99,1010.01,0,0,RULES,1,1,1,
2026-09-25 21:35:54,baseline-rules,1311000,29.34,84.90,1010.03,29.80,74.04,1010.08,0,0,RULES,1,1,1,
2026-09-25 21:35:55,baseline-rules,1312000,29.34,85.53,1010.05,29.80,74.16,1010.03,0,0,RULES,1,1,1,
2026-09-25 21:35:56,baseline-rules,1313000,29.33,85.39,1009.99,29.79,73.95,1009.98,0,0,RULES,1,1,1,
2026-09-25 21:35:57,baseline-rules,1314000,29.34,85.51,1010.00,29.79,74.01,1010.05,0,0,RULES,1,1,1,
2026-09-25 21:35:58,baseline-rules,1315000,29.35,85.58,1010.01,29.80,74.14,1010.00,0,0,RULES,1,1,1,
2026-09-25 21:35:59,baseline-rules,1316000,29.34,85.52,1010.03,29.80,73.91,1010.00,0,0,RULES,1,1,1,
2026-09-25 21:36:00,baseline-rules,1317000,29.33,85.64,1010.02,29.80,74.03,1010.03,0,0,RULES,1,1,1,
2026-09-25 21:36:01,baseline-rules,1318000,29.33,85.20,1010.05,29.80,74.03,1010.04,0,0,RULES,1,1,1,
2026-09-25 21:36:02,baseline-rules,1319000,29.34,85.33,1010.05,29.79,74.02,1009.99,0,0,RULES,1,1,1,
2026-09-25 21:36:03,baseline-rules,1320000,29.33,85.07,1010.05,29.79,73.99,1010.01,0,0,RULES,1,1,1,
2026-09-25 21:36:04,baseline-rules,1321000,29.34,85.70,1010.00,29.79,74.03,1010.01,0,0,RULES,1,1,1,
2026-09-25 21:36:05,baseline-rules,1322000,29.34,85.28,1010.03,29.79,74.11,1009.99,0,0,RULES,1,1,1,
2026-09-25 21:36:06,baseline-rules,1323000,29.33,85.14,1010.01,29.80,73.76,1010.06,0,0,RULES,1,1,1,
2026-09-25 21:36:07,baseline-rules,1324000,29.33,85.42,1009.99,29.79,73.89,1010.05,0,0,RULES,1,1,1,
2026-09-25 21:36:08,baseline-rules,1325000,29.35,85.16,1009.98,29.80,74.03,1010.00,0,0,RULES,1,1,1,
2026-09-25 21:36:09,baseline-rules,1326000,29.34,85.70,1010.00,29.80,73.81,1010.03,0,0,RULES,1,1,1,
2026-09-25 21:36:10,baseline-rules,1327000,29.33,85.66,1010.04,29.79,74.11,1009.99,0,0,RULES,1,1,1,
2026-09-25 21:36:11,baseline-rules,1328000,29.34,84.97,1010.09,29.80,74.04,1010.03,0,0,RULES,1,1,1,
2026-09-25 21:36:12,baseline-rules,1329000,29.35,85.61,1010.01,29.81,73.96,1010.04,0,0,RULES,1,1,1,
2026-09-25 21:36:13,baseline-rules,1330000,29.34,85.26,1010.05,29.79,74.14,1010.04,0,0,RULES,1,1,1,
2026-09-25 21:36:14,baseline-rules,1331000,29.34,85.59,1009.97,29.80,74.17,1010.00,0,0,RULES,1,1,1,
2026-09-25 21:36:15,baseline-rules,1332000,29.33,85.34,1010.10,29.80,74.05,1010.03,0,0,RULES,1,1,1,
2026-09-25 21:36:16,baseline-rules,1333000,29.34,84.81,1010.00,29.79,73.98,1010.02,0,0,RULES,1,1,1,
2026-09-25 21:36:17,baseline-rules,1334000,29.33,84.85,1010.02,29.80,74.00,1010.03,0,0,RULES,1,1,1,
2026-09-25 21:36:18,baseline-rules,1335000,29.34,84.87,1010.08,29.80,74.05,1010.00,0,0,RULES,1,1,1,
2026-09-25 21:36:19,baseline-rules,1336000,29.34,84.81,1010.03,29.80,73.92,1009.97,0,0,RULES,1,1,1,
2026-09-25 21:36:20,baseline-rules,1337000,29.34,85.33,1010.05,29.80,74.05,1010.00,0,0,RULES,1,1,1,
2026-09-25 21:36:21,baseline-rules,1338000,29.35,85.38,1010.07,29.79,74.14,1009.99,0,0,RULES,1,1,1,
2026-09-25 21:36:22,baseline-rules,1339000,29.35,85.71,1010.08,29.80,74.19,1010.14,0,0,RULES,1,1,1,
2026-09-25 21:36:23,baseline-rules,1340000,29.35,85.14,1010.04,29.80,74.03,1010.06,0,0,RULES,1,1,1,
2026-09-25 21:36:24,baseline-rules,1341000,29.35,85.67,1010.01,29.80,74.07,1010.00,0,0,RULES,1,1,1,
2026-09-25 21:36:25,baseline-rules,1342000,29.35,85.58,1010.01,29.80,74.13,1010.03,0,0,RULES,1,1,1,
2026-09-25 21:36:26,baseline-rules,1343000,29.34,85.59,1010.05,29.79,73.98,1009.99,0,0,RULES,1,1,1,
2026-09-25 21:36:27,baseline-rules,1344000,29.34,85.29,1010.03,29.80,73.96,1010.08,0,0,RULES,1,1,1,
2026-09-25 21:36:28,baseline-rules,1345000,29.33,85.33,1010.05,29.79,73.95,1010.05,0,0,RULES,1,1,1,
2026-09-25 21:36:29,baseline-rules,1346000,29.33,85.09,1010.07,29.80,74.03,1010.04,0,0,RULES,1,1,1,
2026-09-25 21:36:30,baseline-rules,1347000,29.34,85.49,1010.03,29.80,73.92,1010.04,0,0,RULES,1,1,1,
2026-09-25 21:36:30,baseline-rules,1348000,29.33,85.23,1010.01,29.79,73.95,1010.02,0,0,RULES,1,1,1,
2026-09-25 21:36:32,baseline-rules,1349000,29.34,85.43,1010.00,29.80,73.95,1010.08,0,0,RULES,1,1,1,
2026-09-25 21:36:33,baseline-rules,1350000,29.34,85.62,1010.09,29.79,73.92,1010.01,0,0,RULES,1,1,1,
2026-09-25 21:36:34,baseline-rules,1351000,29.34,85.60,1010.06,29.80,73.95,1010.03,0,0,RULES,1,1,1,
2026-09-25 21:36:35,baseline-rules,1352000,29.32,84.98,1010.06,29.78,73.93,1010.11,0,0,RULES,1,1,1,
2026-09-25 21:36:36,baseline-rules,1353000,29.33,84.80,1010.07,29.79,73.84,1010.04,0,0,RULES,1,1,1,
2026-09-25 21:36:37,baseline-rules,1354000,29.32,84.35,1010.05,29.79,74.02,1010.01,0,0,RULES,1,1,1,
2026-09-25 21:36:38,baseline-rules,1355000,29.34,85.13,1010.05,29.79,73.75,1010.01,0,0,RULES,1,1,1,
2026-09-25 21:36:39,baseline-rules,1356000,29.33,85.08,1010.05,29.79,73.82,1010.04,0,0,RULES,1,1,1,
2026-09-25 21:36:40,baseline-rules,1357000,29.34,84.81,1009.98,29.79,73.87,1010.07,0,0,RULES,1,1,1,
2026-09-25 21:36:41,baseline-rules,1358000,29.36,84.84,1009.97,29.79,73.71,1010.04,0,0,RULES,1,1,1,
2026-09-25 21:36:42,baseline-rules,1359000,29.34,85.67,1010.09,29.78,74.10,1010.02,0,0,RULES,1,1,1,
2026-09-25 21:36:43,baseline-rules,1360000,29.35,85.22,1010.01,29.79,73.90,1010.12,0,0,RULES,1,1,1,
2026-09-25 21:36:44,baseline-rules,1361000,29.34,85.62,1010.01,29.79,74.05,1010.04,0,0,RULES,1,1,1,
2026-09-25 21:36:45,baseline-rules,1362000,29.34,85.52,1010.03,29.79,74.12,1010.07,0,0,RULES,1,1,1,
2026-09-25 21:36:46,baseline-rules,1363000,29.34,85.35,1009.98,29.78,73.57,1010.03,0,0,RULES,1,1,1,
2026-09-25 21:36:47,baseline-rules,1364000,29.35,85.77,1010.07,29.78,74.15,1010.08,0,0,RULES,1,1,1,
2026-09-25 21:36:48,baseline-rules,1365000,29.34,85.19,1010.01,29.78,74.03,1010.00,0,0,RULES,1,1,1,
2026-09-25 21:36:49,baseline-rules,1366000,29.34,85.30,1010.03,29.78,74.07,1010.03,0,0,RULES,1,1,1,
2026-09-25 21:36:50,baseline-rules,1367000,29.35,85.40,1010.04,29.77,74.05,1009.98,0,0,RULES,1,1,1,
2026-09-25 21:36:51,baseline-rules,1368000,29.35,85.92,1010.07,29.77,74.17,1010.10,0,0,RULES,1,1,1,
2026-09-25 21:36:52,baseline-rules,1369000,29.35,85.59,1010.07,29.78,73.99,1010.11,0,0,RULES,1,1,1,
2026-09-25 21:36:53,baseline-rules,1370000,29.35,85.99,1010.02,29.78,73.80,1010.05,0,0,RULES,1,1,1,
2026-09-25 21:36:54,baseline-rules,1371000,29.34,85.72,1010.06,29.77,73.85,1010.03,0,0,RULES,1,1,1,
2026-09-25 21:36:55,baseline-rules,1372000,29.35,85.31,1010.01,29.77,73.86,1010.10,0,0,RULES,1,1,1,
2026-09-25 21:36:56,baseline-rules,1373000,29.33,85.33,1010.02,29.77,73.83,1010.04,0,0,RULES,1,1,1,
2026-09-25 21:36:57,baseline-rules,1374000,29.33,84.91,1010.05,29.77,73.88,1010.09,0,0,RULES,1,1,1,
2026-09-25 21:36:58,baseline-rules,1375000,29.34,85.35,1010.11,29.76,73.84,1009.99,0,0,RULES,1,1,1,
2026-09-25 21:36:59,baseline-rules,1376000,29.34,85.20,1009.97,29.77,73.79,1010.09,0,0,RULES,1,1,1,
2026-09-25 21:37:00,baseline-rules,1377000,29.34,85.33,1010.03,29.77,74.19,1010.12,0,0,RULES,1,1,1,
2026-09-25 21:37:01,baseline-rules,1378000,29.34,84.96,1010.06,29.76,73.68,1009.97,0,0,RULES,1,1,1,
2026-09-25 21:37:02,baseline-rules,1379000,29.34,85.46,1010.06,29.77,74.16,1010.09,0,0,RULES,1,1,1,
2026-09-25 21:37:03,baseline-rules,1380000,29.35,85.58,1010.07,29.76,73.92,1010.07,0,0,RULES,1,1,1,
2026-09-25 21:37:04,baseline-rules,1381000,29.34,85.12,1010.00,29.77,74.16,1010.03,0,0,RULES,1,1,1,
2026-09-25 21:37:05,baseline-rules,1382000,29.33,85.41,1010.02,29.77,73.92,1010.03,0,0,RULES,1,1,1,
2026-09-25 21:37:06,baseline-rules,1383000,29.34,85.38,1010.09,29.75,73.70,1010.01,0,0,RULES,1,1,1,
2026-09-25 21:37:07,baseline-rules,1384000,29.34,85.06,1010.03,29.76,73.80,1010.07,0,0,RULES,1,1,1,
2026-09-25 21:37:08,baseline-rules,1385000,29.34,85.25,1010.06,29.75,73.78,1010.07,0,0,RULES,1,1,1,
2026-09-25 21:37:09,baseline-rules,1386000,29.33,85.07,1010.05,29.76,73.95,1010.07,0,0,RULES,1,1,1,
2026-09-25 21:37:10,baseline-rules,1387000,29.35,84.88,1010.07,29.76,73.88,1010.07,0,0,RULES,1,1,1,
2026-09-25 21:37:11,baseline-rules,1388000,29.35,85.67,1010.08,29.75,73.86,1010.09,0,0,RULES,1,1,1,
2026-09-25 21:37:12,baseline-rules,1389000,29.35,85.62,1010.11,29.76,73.97,1010.08,0,0,RULES,1,1,1,
2026-09-25 21:37:13,baseline-rules,1390000,29.35,85.58,1010.04,29.75,73.87,1010.01,0,0,RULES,1,1,1,
2026-09-25 21:37:14,baseline-rules,1391000,29.36,85.74,1010.06,29.75,74.13,1010.09,0,0,RULES,1,1,1,
2026-09-25 21:37:15,baseline-rules,1392000,29.36,85.68,1010.07,29.75,74.02,1010.09,0,0,RULES,1,1,1,
2026-09-25 21:37:16,baseline-rules,1393000,29.36,85.97,1010.06,29.75,74.00,1010.07,0,0,RULES,1,1,1,
2026-09-25 21:37:17,baseline-rules,1394000,29.34,85.65,1010.06,29.75,73.90,1010.07,0,0,RULES,1,1,1,
2026-09-25 21:37:18,baseline-rules,1395000,29.35,85.73,1010.04,29.76,73.73,1010.07,0,0,RULES,1,1,1,
2026-09-25 21:37:19,baseline-rules,1396000,29.34,85.84,1010.03,29.75,73.90,1010.00,0,0,RULES,1,1,1,
2026-09-25 21:37:20,baseline-rules,1397000,29.34,85.85,1010.06,29.75,74.08,1009.97,0,0,RULES,1,1,1,
2026-09-25 21:37:21,baseline-rules,1398000,29.34,85.64,1010.03,29.74,73.85,1010.10,0,0,RULES,1,1,1,
2026-09-25 21:37:22,baseline-rules,1399000,29.34,85.55,1010.05,29.75,73.92,1010.11,0,0,RULES,1,1,1,
2026-09-25 21:37:23,baseline-rules,1400000,29.34,85.43,1010.03,29.74,73.96,1010.10,0,0,RULES,1,1,1,
2026-09-25 21:37:24,baseline-rules,1401000,29.34,85.17,1010.06,29.74,73.95,1010.07,0,0,RULES,1,1,1,
2026-09-25 21:37:25,baseline-rules,1402000,29.33,85.35,1010.02,29.75,73.92,1010.09,0,0,RULES,1,1,1,
2026-09-25 21:37:26,baseline-rules,1403000,29.34,85.65,1010.03,29.74,73.87,1010.08,0,0,RULES,1,1,1,
2026-09-25 21:37:27,baseline-rules,1404000,29.33,85.65,1010.05,29.74,73.90,1010.08,0,0,RULES,1,1,1,
2026-09-25 21:37:28,baseline-rules,1405000,29.34,85.67,1010.06,29.74,73.97,1010.04,0,0,RULES,1,1,1,
2026-09-25 21:37:29,baseline-rules,1406000,29.35,85.29,1010.01,29.73,73.74,1010.08,0,0,RULES,1,1,1,
2026-09-25 21:37:30,baseline-rules,1407000,29.35,85.78,1010.05,29.75,73.97,1010.11,0,0,RULES,1,1,1,
2026-09-25 21:37:31,baseline-rules,1408000,29.33,85.73,1010.01,29.73,74.04,1010.03,0,0,RULES,1,1,1,
2026-09-25 21:37:32,baseline-rules,1409000,29.34,85.53,1010.03,29.73,73.96,1010.08,0,0,RULES,1,1,1,
2026-09-25 21:37:33,baseline-rules,1410000,29.34,85.61,1010.03,29.73,74.05,1010.11,0,0,RULES,1,1,1,
2026-09-25 21:37:34,baseline-rules,1411000,29.34,85.77,1010.08,29.73,74.08,1010.03,0,0,RULES,1,1,1,
2026-09-25 21:37:34,baseline-rules,1412000,29.34,85.83,1010.09,29.74,73.83,1010.10,0,0,RULES,1,1,1,
2026-09-25 21:37:36,baseline-rules,1413000,29.35,85.82,1010.04,29.73,73.86,1010.09,0,0,RULES,1,1,1,
2026-09-25 21:37:37,baseline-rules,1414000,29.35,85.83,1010.10,29.73,73.87,1010.09,0,0,RULES,1,1,1,
2026-09-25 21:37:38,baseline-rules,1415000,29.35,85.99,1010.07,29.72,74.08,1010.07,0,0,RULES,1,1,1,
2026-09-25 21:37:39,baseline-rules,1416000,29.34,85.38,1010.09,29.73,73.69,1010.08,0,0,RULES,1,1,1,
2026-09-25 21:37:40,baseline-rules,1417000,29.35,85.45,1010.05,29.73,73.77,1010.14,0,0,RULES,1,1,1,
2026-09-25 21:37:41,baseline-rules,1418000,29.35,85.72,1010.07,29.72,73.78,1010.10,0,0,RULES,1,1,1,
2026-09-25 21:37:41,baseline-rules,1419000,29.35,85.34,1010.01,29.73,73.81,1010.08,0,0,RULES,1,1,1,
2026-09-25 21:37:43,baseline-rules,1420000,29.34,85.92,1010.06,29.71,73.92,1010.11,0,0,RULES,1,1,1,
2026-09-25 21:37:44,baseline-rules,1421000,29.33,85.17,1010.07,29.72,73.84,1010.13,0,0,RULES,1,1,1,
2026-09-25 21:37:45,baseline-rules,1422000,29.33,85.31,1010.05,29.72,74.02,1010.07,0,0,RULES,1,1,1,
2026-09-25 21:37:46,baseline-rules,1423000,29.34,85.30,1010.06,29.72,73.94,1010.07,0,0,RULES,1,1,1,
2026-09-25 21:37:47,baseline-rules,1424000,29.34,85.17,1010.09,29.72,73.83,1010.13,0,0,RULES,1,1,1,
2026-09-25 21:37:48,baseline-rules,1425000,29.34,85.09,1010.01,29.72,73.99,1010.07,0,0,RULES,1,1,1,
2026-09-25 21:37:49,baseline-rules,1426000,29.34,85.77,1010.06,29.72,73.84,1010.12,0,0,RULES,1,1,1,
2026-09-25 21:37:50,baseline-rules,1427000,29.34,85.15,1010.03,29.71,73.92,1010.13,0,0,RULES,1,1,1,
2026-09-25 21:37:51,baseline-rules,1428000,29.35,85.50,1010.07,29.72,74.02,1010.15,0,0,RULES,1,1,1,
2026-09-25 21:37:52,baseline-rules,1429000,29.34,85.48,1010.08,29.71,73.76,1010.10,0,0,RULES,1,1,1,
2026-09-25 21:37:53,baseline-rules,1430000,29.33,84.86,1010.05,29.71,73.71,1010.14,0,0,RULES,1,1,1,
2026-09-25 21:37:54,baseline-rules,1431000,29.34,85.68,1010.06,29.71,73.76,1010.11,0,0,RULES,1,1,1,
2026-09-25 21:37:55,baseline-rules,1432000,29.35,85.72,1010.11,29.71,73.72,1010.10,0,0,RULES,1,1,1,
2026-09-25 21:37:56,baseline-rules,1433000,29.35,85.69,1010.04,29.70,73.89,1010.09,0,0,RULES,1,1,1,
2026-09-25 21:37:57,baseline-rules,1434000,29.35,85.86,1010.02,29.70,73.92,1010.12,0,0,RULES,1,1,1,
2026-09-25 21:37:58,baseline-rules,1435000,29.34,85.61,1010.03,29.70,73.96,1010.09,0,0,RULES,1,1,1,
2026-09-25 21:37:59,baseline-rules,1436000,29.34,85.35,1010.03,29.69,74.10,1010.16,0,0,RULES,1,1,1,
2026-09-25 21:38:00,baseline-rules,1437000,29.33,85.54,1010.05,29.69,73.72,1010.11,0,0,RULES,1,1,1,
2026-09-25 21:38:01,baseline-rules,1438000,29.34,85.02,1010.11,29.69,73.72,1010.07,0,0,RULES,1,1,1,
2026-09-25 21:38:02,baseline-rules,1439000,29.35,85.45,1010.10,29.68,73.66,1010.11,0,0,RULES,1,1,1,
2026-09-25 21:38:03,baseline-rules,1440000,29.33,85.04,1010.02,29.68,74.04,1010.06,0,0,RULES,1,1,1,
2026-09-25 21:38:04,baseline-rules,1441000,29.34,85.53,1010.08,29.67,74.08,1010.10,0,0,RULES,1,1,1,
2026-09-25 21:38:05,baseline-rules,1442000,29.34,85.44,1010.03,29.67,73.81,1010.10,0,0,RULES,1,1,1,
2026-09-25 21:38:06,baseline-rules,1443000,29.35,85.52,1010.15,29.66,74.05,1010.09,0,0,RULES,1,1,1,
2026-09-25 21:38:07,baseline-rules,1444000,29.34,85.60,1010.05,29.66,73.90,1010.09,0,0,RULES,1,1,1,
2026-09-25 21:38:08,baseline-rules,1445000,29.32,85.11,1010.03,29.66,73.81,1010.05,0,0,RULES,1,1,1,
2026-09-25 21:38:09,baseline-rules,1446000,29.34,85.05,1010.05,29.66,73.74,1010.11,0,0,RULES,1,1,1,
2026-09-25 21:38:10,baseline-rules,1447000,29.34,85.47,1010.05,29.65,74.04,1010.10,0,0,RULES,1,1,1,
2026-09-25 21:38:11,baseline-rules,1448000,29.34,85.59,1010.05,29.65,73.91,1010.04,0,0,RULES,1,1,1,
2026-09-25 21:38:12,baseline-rules,1449000,29.33,84.79,1010.07,29.65,73.91,1010.07,0,0,RULES,1,1,1,
2026-09-25 21:38:13,baseline-rules,1450000,29.33,85.14,1010.07,29.65,74.10,1010.07,0,0,RULES,1,1,1,
2026-09-25 21:38:14,baseline-rules,1451000,29.34,85.27,1010.05,29.64,74.00,1010.05,0,0,RULES,1,1,1,
2026-09-25 21:38:15,baseline-rules,1452000,29.34,85.05,1010.03,29.64,74.10,1010.10,0,0,RULES,1,1,1,
2026-09-25 21:38:16,baseline-rules,1453000,29.34,85.35,1010.03,29.64,73.84,1010.07,0,0,RULES,1,1,1,
2026-09-25 21:38:17,baseline-rules,1454000,29.34,85.03,1010.06,29.64,74.02,1010.13,0,0,RULES,1,1,1,
2026-09-25 21:38:18,baseline-rules,1455000,29.34,85.19,1010.06,29.63,73.71,1010.12,0,0,RULES,1,1,1,
2026-09-25 21:38:19,baseline-rules,1456000,29.34,85.48,1010.03,29.63,73.89,1010.06,0,0,RULES,1,1,1,
2026-09-25 21:38:20,baseline-rules,1457000,29.33,85.43,1009.99,29.63,73.86,1010.06,0,0,RULES,1,1,1,
2026-09-25 21:38:21,baseline-rules,1458000,29.34,85.63,1010.05,29.63,74.15,1010.06,0,0,RULES,1,1,1,
2026-09-25 21:38:22,baseline-rules,1459000,29.34,85.50,1010.06,29.63,73.95,1010.09,0,0,RULES,1,1,1,
2026-09-25 21:38:23,baseline-rules,1460000,29.33,85.50,1010.04,29.62,74.06,1010.07,0,0,RULES,1,1,1,
2026-09-25 21:38:24,baseline-rules,1461000,29.34,85.43,1010.12,29.62,74.01,1010.08,0,0,RULES,1,1,1,
2026-09-25 21:38:25,baseline-rules,1462000,29.34,85.42,1010.09,29.63,73.95,1010.04,0,0,RULES,1,1,1,
2026-09-25 21:38:26,baseline-rules,1463000,29.34,85.05,1010.05,29.62,73.94,1010.08,0,0,RULES,1,1,1,
2026-09-25 21:38:27,baseline-rules,1464000,29.33,85.49,1010.07,29.62,73.89,1010.08,0,0,RULES,1,1,1,
2026-09-25 21:38:28,baseline-rules,1465000,29.34,85.51,1010.05,29.62,74.02,1010.07,0,0,RULES,1,1,1,
2026-09-25 21:38:29,baseline-rules,1466000,29.34,85.60,1010.01,29.62,74.16,1010.05,0,0,RULES,1,1,1,
2026-09-25 21:38:30,baseline-rules,1467000,29.34,85.46,1010.03,29.63,74.23,1010.09,0,0,RULES,1,1,1,
2026-09-25 21:38:31,baseline-rules,1468000,29.34,85.17,1010.08,29.62,73.92,1010.11,0,0,RULES,1,1,1,
2026-09-25 21:38:32,baseline-rules,1469000,29.33,85.32,1010.05,29.62,73.84,1010.04,0,0,RULES,1,1,1,
2026-09-25 21:38:33,baseline-rules,1470000,29.33,85.39,1010.07,29.63,73.98,1010.12,0,0,RULES,1,1,1,
2026-09-25 21:38:34,baseline-rules,1471000,29.33,84.83,1010.09,29.62,73.70,1010.05,0,0,RULES,1,1,1,
2026-09-25 21:38:35,baseline-rules,1472000,29.33,85.17,1010.07,29.62,74.10,1010.07,0,0,RULES,1,1,1,
2026-09-25 21:38:36,baseline-rules,1473000,29.33,85.18,1010.09,29.62,73.80,1010.05,0,0,RULES,1,1,1,
2026-09-25 21:38:37,baseline-rules,1474000,29.34,85.54,1010.05,29.63,74.25,1010.03,0,0,RULES,1,1,1,
2026-09-25 21:38:38,baseline-rules,1475000,29.33,85.15,1010.02,29.63,74.11,1010.07,0,0,RULES,1,1,1,
2026-09-25 21:38:39,baseline-rules,1476000,29.32,84.83,1010.02,29.63,74.04,1010.09,0,0,RULES,1,1,1,
2026-09-25 21:38:40,baseline-rules,1477000,29.34,84.83,1010.12,29.63,74.21,1010.11,0,0,RULES,1,1,1,
2026-09-25 21:38:41,baseline-rules,1478000,29.33,85.32,1010.04,29.62,73.97,1010.01,0,0,RULES,1,1,1,
2026-09-25 21:38:42,baseline-rules,1479000,29.33,85.05,1010.09,29.61,74.12,1010.05,0,0,RULES,1,1,1,
2026-09-25 21:38:43,baseline-rules,1480000,29.33,85.18,1010.07,29.62,73.92,1010.07,0,0,RULES,1,1,1,
2026-09-25 21:38:44,baseline-rules,1481000,29.34,85.09,1010.05,29.61,73.99,1010.09,0,0,RULES,1,1,1,
2026-09-25 21:38:45,baseline-rules,1482000,29.34,85.15,1010.15,29.61,74.14,1010.06,0,0,RULES,1,1,1,
2026-09-25 21:38:46,baseline-rules,1483000,29.35,85.39,1010.10,29.61,74.04,1010.08,0,0,RULES,1,1,1,
2026-09-25 21:38:47,baseline-rules,1484000,29.33,85.28,1010.07,29.61,73.95,1010.09,0,0,RULES,1,1,1,
2026-09-25 21:38:48,baseline-rules,1485000,29.33,85.22,1010.07,29.61,73.94,1010.05,0,0,RULES,1,1,1,
2026-09-25 21:38:49,baseline-rules,1486000,29.34,85.03,1010.05,29.60,73.91,1010.05,0,0,RULES,1,1,1,
2026-09-25 21:38:50,baseline-rules,1487000,29.34,85.23,1010.11,29.60,74.17,1010.13,0,0,RULES,1,1,1,
2026-09-25 21:38:51,baseline-rules,1488000,29.32,85.33,1010.06,29.60,73.62,1010.10,0,0,RULES,1,1,1,
2026-09-25 21:38:52,baseline-rules,1489000,29.35,84.83,1010.04,29.61,73.90,1010.11,0,0,RULES,1,1,1,
2026-09-25 21:38:53,baseline-rules,1490000,29.33,85.52,1010.10,29.60,74.25,1010.07,0,0,RULES,1,1,1,
2026-09-25 21:38:54,baseline-rules,1491000,29.34,85.35,1010.05,29.60,73.91,1010.09,0,0,RULES,1,1,1,
2026-09-25 21:38:55,baseline-rules,1492000,29.34,85.58,1010.11,29.60,74.04,1010.09,0,0,RULES,1,1,1,
2026-09-25 21:38:56,baseline-rules,1493000,29.33,85.09,1010.04,29.59,74.00,1010.11,0,0,RULES,1,1,1,
2026-09-25 21:38:57,baseline-rules,1494000,29.34,85.21,1010.12,29.59,74.19,1010.09,0,0,RULES,1,1,1,
2026-09-25 21:38:58,baseline-rules,1495000,29.33,85.34,1010.10,29.57,74.03,1010.06,0,0,RULES,1,1,1,
2026-09-25 21:38:59,baseline-rules,1496000,29.34,85.53,1010.05,29.57,74.10,1010.01,0,0,RULES,1,1,1,
2026-09-25 21:39:00,baseline-rules,1497000,29.33,85.56,1010.09,29.57,74.01,1010.12,0,0,RULES,1,1,1,
2026-09-25 21:39:01,baseline-rules,1498000,29.33,85.29,1010.04,29.57,73.97,1010.03,0,0,RULES,1,1,1,
2026-09-25 21:39:02,baseline-rules,1499000,29.32,85.03,1010.08,29.56,73.90,1010.07,0,0,RULES,1,1,1,
2026-09-25 21:39:03,baseline-rules,1500000,29.33,84.56,1010.12,29.56,73.99,1010.10,0,0,RULES,1,1,1,
2026-09-25 21:39:04,baseline-rules,1501000,29.33,85.30,1010.09,29.56,73.99,1010.07,0,0,RULES,1,1,1,
2026-09-25 21:39:05,baseline-rules,1502000,29.33,85.16,1010.10,29.56,74.12,1010.07,0,0,RULES,1,1,1,
2026-09-25 21:39:06,baseline-rules,1503000,29.34,84.97,1010.08,29.56,74.15,1010.15,0,0,RULES,1,1,1,
2026-09-25 21:39:06,baseline-rules,1504000,29.33,85.08,1010.07,29.56,73.98,1010.12,0,0,RULES,1,1,1,
2026-09-25 21:39:08,baseline-rules,1505000,29.34,85.33,1010.08,29.56,74.12,1010.10,0,0,RULES,1,1,1,
2026-09-25 21:39:09,baseline-rules,1506000,29.34,84.89,1010.11,29.56,73.97,1010.10,0,0,RULES,1,1,1,
2026-09-25 21:39:10,baseline-rules,1507000,29.33,85.23,1010.07,29.55,74.04,1010.08,0,0,RULES,1,1,1,
2026-09-25 21:39:11,baseline-rules,1508000,29.32,84.86,1010.06,29.54,73.99,1010.04,0,0,RULES,1,1,1,
2026-09-25 21:39:12,baseline-rules,1509000,29.33,84.92,1010.12,29.54,73.95,1010.10,0,0,RULES,1,1,1,
2026-09-25 21:39:13,baseline-rules,1510000,29.32,85.22,1010.03,29.54,73.99,1010.10,0,0,RULES,1,1,1,
2026-09-25 21:39:14,baseline-rules,1511000,29.33,84.79,1010.07,29.54,74.05,1010.06,0,0,RULES,1,1,1,
2026-09-25 21:39:15,baseline-rules,1512000,29.32,84.39,1010.11,29.53,74.20,1010.07,0,0,RULES,1,1,1,
2026-09-25 21:39:16,baseline-rules,1513000,29.31,84.33,1010.09,29.53,73.89,1010.08,0,0,RULES,1,1,1,
2026-09-25 21:39:17,baseline-rules,1514000,29.32,84.12,1010.16,29.53,74.12,1010.10,0,0,RULES,1,1,1,
2026-09-25 21:39:18,baseline-rules,1515000,29.32,84.50,1010.05,29.52,73.99,1010.12,0,0,RULES,1,1,1,
2026-09-25 21:39:19,baseline-rules,1516000,29.32,84.98,1010.05,29.53,74.08,1010.04,0,0,RULES,1,1,1,
2026-09-25 21:39:20,baseline-rules,1517000,29.32,84.65,1010.03,29.52,74.01,1010.04,0,0,RULES,1,1,1,
2026-09-25 21:39:21,baseline-rules,1518000,29.32,85.20,1010.11,29.50,73.93,1010.13,0,0,RULES,1,1,1,
2026-09-25 21:39:22,baseline-rules,1519000,29.33,85.05,1010.07,29.50,73.87,1010.03,0,0,RULES,1,1,1,
2026-09-25 21:39:23,baseline-rules,1520000,29.32,85.36,1010.09,29.50,73.96,1010.05,0,0,RULES,1,1,1,
2026-09-25 21:39:24,baseline-rules,1521000,29.32,84.82,1010.09,29.49,73.95,1010.09,0,0,RULES,1,1,1,
2026-09-25 21:39:25,baseline-rules,1522000,29.32,85.13,1010.11,29.49,74.17,1010.09,0,0,RULES,1,1,1,
2026-09-25 21:39:26,baseline-rules,1523000,29.31,85.08,1010.10,29.48,74.18,1010.05,0,0,RULES,1,1,1,
2026-09-25 21:39:27,baseline-rules,1524000,29.32,85.35,1010.08,29.48,74.20,1010.05,0,0,RULES,1,1,1,
2026-09-25 21:39:28,baseline-rules,1525000,29.31,84.90,1010.07,29.48,74.06,1010.08,0,0,RULES,1,1,1,
2026-09-25 21:39:29,baseline-rules,1526000,29.31,84.51,1010.00,29.48,73.93,1010.05,0,0,RULES,1,1,1,
2026-09-25 21:39:30,baseline-rules,1527000,29.31,85.05,1010.00,29.48,74.20,1010.07,0,0,RULES,1,1,1,
2026-09-25 21:39:31,baseline-rules,1528000,29.31,84.46,1010.00,29.47,74.05,1010.12,0,0,RULES,1,1,1,
2026-09-25 21:39:32,baseline-rules,1529000,29.31,84.58,1010.04,29.46,73.87,1010.11,0,0,RULES,1,1,1,
2026-09-25 21:39:33,baseline-rules,1530000,29.32,84.65,1010.08,29.46,74.03,1010.08,0,0,RULES,1,1,1,
2026-09-25 21:39:34,baseline-rules,1531000,29.31,84.73,1010.03,29.46,74.08,1010.08,0,0,RULES,1,1,1,
2026-09-25 21:39:35,baseline-rules,1532000,29.31,84.87,1010.03,29.46,74.14,1010.10,0,0,RULES,1,1,1,
2026-09-25 21:39:36,baseline-rules,1533000,29.31,84.89,1010.10,29.46,74.08,1010.05,0,0,RULES,1,1,1,
2026-09-25 21:39:37,baseline-rules,1534000,29.32,84.98,1010.08,29.45,74.08,1010.09,0,0,RULES,1,1,1,
2026-09-25 21:39:38,baseline-rules,1535000,29.31,85.21,1010.01,29.44,74.02,1010.05,0,0,RULES,1,1,1,
2026-09-25 21:39:39,baseline-rules,1536000,29.32,84.92,1010.08,29.44,74.30,1010.10,0,0,RULES,1,1,1,
2026-09-25 21:39:40,baseline-rules,1537000,29.32,85.15,1010.06,29.45,74.09,1010.11,0,0,RULES,1,1,1,
2026-09-25 21:39:41,baseline-rules,1538000,29.32,85.11,1010.05,29.44,74.06,1010.07,0,0,RULES,1,1,1,
2026-09-25 21:39:42,baseline-rules,1539000,29.33,85.09,1010.04,29.44,74.31,1010.10,0,0,RULES,1,1,1,
2026-09-25 21:39:43,baseline-rules,1540000,29.31,85.28,1010.03,29.44,74.18,1010.13,0,0,RULES,1,1,1,
2026-09-25 21:39:44,baseline-rules,1541000,29.32,85.05,1010.08,29.45,73.88,1010.11,0,0,RULES,1,1,1,
2026-09-25 21:39:45,baseline-rules,1542000,29.32,85.38,1010.16,29.43,73.68,1010.08,0,0,RULES,1,1,1,
2026-09-25 21:39:46,baseline-rules,1543000,29.31,84.65,1010.06,29.43,74.15,1010.08,0,0,RULES,1,1,1,
2026-09-25 21:39:47,baseline-rules,1544000,29.30,84.62,1010.08,29.43,74.06,1010.05,0,0,RULES,1,1,1,
2026-09-25 21:39:48,baseline-rules,1545000,29.32,85.18,1010.13,29.43,74.12,1010.10,0,0,RULES,1,1,1,
2026-09-25 21:39:49,baseline-rules,1546000,29.31,84.61,1010.10,29.42,74.06,1010.04,0,0,RULES,1,1,1,
2026-09-25 21:39:50,baseline-rules,1547000,29.31,85.07,1010.07,29.42,74.06,1010.15,0,0,RULES,1,1,1,
2026-09-25 21:39:51,baseline-rules,1548000,29.32,85.04,1010.05,29.42,74.28,1010.12,0,0,RULES,1,1,1,
2026-09-25 21:39:52,baseline-rules,1549000,29.33,85.13,1010.09,29.42,74.04,1010.09,0,0,RULES,1,1,1,
2026-09-25 21:39:53,baseline-rules,1550000,29.32,85.51,1010.05,29.42,74.06,1010.10,0,0,RULES,1,1,1,
2026-09-25 21:39:54,baseline-rules,1551000,29.31,85.12,1010.09,29.41,74.08,1010.07,0,0,RULES,1,1,1,
2026-09-25 21:39:55,baseline-rules,1552000,29.31,85.31,1010.06,29.41,74.16,1010.11,0,0,RULES,1,1,1,
2026-09-25 21:39:56,baseline-rules,1553000,29.31,84.89,1010.09,29.41,74.08,1010.11,0,0,RULES,1,1,1,
2026-09-25 21:39:57,baseline-rules,1554000,29.31,85.11,1010.06,29.41,74.10,1010.14,0,0,RULES,1,1,1,
2026-09-25 21:39:58,baseline-rules,1555000,29.31,85.33,1010.10,29.41,74.15,1010.11,0,0,RULES,1,1,1,
2026-09-25 21:39:59,baseline-rules,1556000,29.31,85.53,1010.06,29.41,74.09,1010.13,0,0,RULES,1,1,1,
2026-09-25 21:40:00,baseline-rules,1557000,29.31,84.97,1010.06,29.41,74.10,1010.10,0,0,RULES,1,1,1,
2026-09-25 21:40:01,baseline-rules,1558000,29.30,85.01,1010.02,29.41,74.09,1010.04,0,0,RULES,1,1,1,
2026-09-25 21:40:01,baseline-rules,1559000,29.30,85.05,1010.05,29.40,74.09,1010.12,0,0,RULES,1,1,1,
2026-09-25 21:40:03,baseline-rules,1560000,29.30,84.89,1010.05,29.41,74.33,1010.07,0,0,RULES,1,1,1,
2026-09-25 21:40:04,baseline-rules,1561000,29.31,85.00,1010.07,29.40,74.26,1010.06,0,0,RULES,1,1,1,
2026-09-25 21:40:05,baseline-rules,1562000,29.30,85.44,1010.05,29.40,74.32,1010.06,0,0,RULES,1,1,1,
2026-09-25 21:40:06,baseline-rules,1563000,29.31,84.90,1010.09,29.39,74.11,1010.08,0,0,RULES,1,1,1,
2026-09-25 21:40:07,baseline-rules,1564000,29.31,85.54,1010.04,29.40,74.28,1010.03,0,0,RULES,1,1,1,
2026-09-25 21:40:08,baseline-rules,1565000,29.31,85.36,1010.06,29.39,74.23,1010.05,0,0,RULES,1,1,1,
2026-09-25 21:40:09,baseline-rules,1566000,29.30,85.50,1010.02,29.39,73.98,1010.05,0,0,RULES,1,1,1,
2026-09-25 21:40:10,baseline-rules,1567000,29.30,85.21,1010.11,29.39,74.14,1010.10,0,0,RULES,1,1,1,
2026-09-25 21:40:11,baseline-rules,1568000,29.31,85.44,1010.06,29.40,74.15,1010.06,0,0,RULES,1,1,1,
2026-09-25 21:40:12,baseline-rules,1569000,29.31,85.75,1010.10,29.40,74.33,1010.08,0,0,RULES,1,1,1,
2026-09-25 21:40:13,baseline-rules,1570000,29.31,85.51,1010.03,29.39,74.25,1010.13,0,0,RULES,1,1,1,
2026-09-25 21:40:14,baseline-rules,1571000,29.30,86.04,1010.02,29.39,74.37,1010.10,0,0,RULES,1,1,1,
2026-09-25 21:40:15,baseline-rules,1572000,29.30,85.42,1009.99,29.39,74.20,1010.07,0,0,RULES,1,1,1,
2026-09-25 21:40:16,baseline-rules,1573000,29.29,85.86,1010.04,29.40,74.12,1010.14,0,0,RULES,1,1,1,
2026-09-25 21:40:17,baseline-rules,1574000,29.29,85.22,1010.09,29.39,74.40,1010.10,0,0,RULES,1,1,1,
2026-09-25 21:40:18,baseline-rules,1575000,29.27,84.81,1010.03,29.38,74.32,1010.03,0,0,RULES,1,1,1,
2026-09-25 21:40:19,baseline-rules,1576000,29.28,85.25,1010.01,29.38,74.00,1010.09,0,0,RULES,1,1,1,
2026-09-25 21:40:20,baseline-rules,1577000,29.29,85.37,1010.11,29.39,74.18,1010.08,0,0,RULES,1,1,1,
2026-09-25 21:40:21,baseline-rules,1578000,29.28,85.38,1010.05,29.38,74.07,1010.06,0,0,RULES,1,1,1,
2026-09-25 21:40:22,baseline-rules,1579000,29.29,84.96,1010.08,29.38,74.04,1010.09,0,0,RULES,1,1,1,
2026-09-25 21:40:23,baseline-rules,1580000,29.26,84.38,1010.06,29.38,74.21,1010.06,0,0,RULES,1,1,1,
2026-09-25 21:40:24,baseline-rules,1581000,29.26,84.51,1010.10,29.39,74.19,1010.10,0,0,RULES,1,1,1,
2026-09-25 21:40:25,baseline-rules,1582000,29.27,84.07,1010.03,29.39,74.19,1010.10,0,0,RULES,1,1,1,
2026-09-25 21:40:26,baseline-rules,1583000,29.27,84.03,1010.09,29.39,74.27,1010.10,0,0,RULES,1,1,1,
2026-09-25 21:40:27,baseline-rules,1584000,29.27,84.18,1010.16,29.39,74.15,1010.05,0,0,RULES,1,1,1,
2026-09-25 21:40:28,baseline-rules,1585000,29.28,84.49,1010.07,29.39,74.12,1010.10,0,0,RULES,1,1,1,
2026-09-25 21:40:29,baseline-rules,1586000,29.27,84.60,1010.06,29.40,74.17,1010.14,0,0,RULES,1,1,1,
2026-09-25 21:40:30,baseline-rules,1587000,29.28,84.75,1010.08,29.40,74.26,1010.06,0,0,RULES,1,1,1,
2026-09-25 21:40:31,baseline-rules,1588000,29.28,84.69,1010.05,29.40,74.15,1010.09,0,0,RULES,1,1,1,
2026-09-25 21:40:32,baseline-rules,1589000,29.28,84.96,1010.08,29.40,74.25,1010.09,0,0,RULES,1,1,1,
2026-09-25 21:40:33,baseline-rules,1590000,29.28,85.14,1010.10,29.40,74.44,1010.06,0,0,RULES,1,1,1,
2026-09-25 21:40:34,baseline-rules,1591000,29.28,85.25,1010.08,29.41,74.25,1010.10,0,0,RULES,1,1,1,
2026-09-25 21:40:35,baseline-rules,1592000,29.28,84.86,1010.07,29.41,74.24,1010.11,0,0,RULES,1,1,1,
2026-09-25 21:40:36,baseline-rules,1593000,29.28,85.14,1010.04,29.40,74.40,1010.01,0,0,RULES,1,1,1,
2026-09-25 21:40:37,baseline-rules,1594000,29.28,85.21,1010.08,29.40,74.26,1010.09,0,0,RULES,1,1,1,
2026-09-25 21:40:38,baseline-rules,1595000,29.29,85.33,1010.08,29.41,74.26,1010.10,0,0,RULES,1,1,1,
2026-09-25 21:40:39,baseline-rules,1596000,29.28,84.96,1010.10,29.41,74.18,1010.11,0,0,RULES,1,1,1,
2026-09-25 21:40:40,baseline-rules,1597000,29.29,85.38,1010.06,29.41,74.09,1010.08,0,0,RULES,1,1,1,
2026-09-25 21:40:41,baseline-rules,1598000,29.28,85.25,1010.05,29.41,74.50,1010.07,0,0,RULES,1,1,1,
2026-09-25 21:40:42,baseline-rules,1599000,29.28,85.65,1010.10,29.42,74.16,1010.09,0,0,RULES,1,1,1,
2026-09-25 21:40:43,baseline-rules,1600000,29.28,85.13,1010.04,29.41,74.17,1010.05,0,0,RULES,1,1,1,
2026-09-25 21:40:44,baseline-rules,1601000,29.28,85.10,1010.12,29.42,74.22,1010.09,0,0,RULES,1,1,1,
2026-09-25 21:40:45,baseline-rules,1602000,29.28,85.08,1010.08,29.41,74.13,1010.08,0,0,RULES,1,1,1,
2026-09-25 21:40:46,baseline-rules,1603000,29.28,85.12,1010.08,29.42,74.48,1010.09,0,0,RULES,1,1,1,
2026-09-25 21:40:47,baseline-rules,1604000,29.29,85.10,1010.08,29.41,74.08,1010.02,0,0,RULES,1,1,1,
2026-09-25 21:40:48,baseline-rules,1605000,29.28,85.65,1010.07,29.42,74.14,1010.09,0,0,RULES,1,1,1,
2026-09-25 21:40:49,baseline-rules,1606000,29.28,85.41,1010.04,29.42,74.26,1010.09,0,0,RULES,1,1,1,
2026-09-25 21:40:50,baseline-rules,1607000,29.27,85.63,1010.06,29.42,74.25,1010.12,0,0,RULES,1,1,1,
2026-09-25 21:40:51,baseline-rules,1608000,29.26,85.39,1010.04,29.43,74.49,1010.10,0,0,RULES,1,1,1,
2026-09-25 21:40:52,baseline-rules,1609000,29.26,85.26,1010.01,29.42,74.28,1010.14,0,0,RULES,1,1,1,
2026-09-25 21:40:53,baseline-rules,1610000,29.27,85.19,1010.12,29.42,74.27,1010.15,0,0,RULES,1,1,1,
2026-09-25 21:40:54,baseline-rules,1611000,29.27,85.30,1010.06,29.42,74.18,1010.07,0,0,RULES,1,1,1,
2026-09-25 21:40:55,baseline-rules,1612000,29.27,85.30,1010.05,29.43,74.41,1010.08,0,0,RULES,1,1,1,
2026-09-25 21:40:56,baseline-rules,1613000,29.27,85.40,1009.97,29.43,74.24,1010.08,0,0,RULES,1,1,1,
2026-09-25 21:40:57,baseline-rules,1614000,29.27,85.47,1010.06,29.43,74.18,1010.11,0,0,RULES,1,1,1,
2026-09-25 21:40:58,baseline-rules,1615000,29.27,85.29,1010.09,29.43,74.25,1010.06,0,0,RULES,1,1,1,
2026-09-25 21:40:59,baseline-rules,1616000,29.27,85.65,1010.12,29.43,74.25,1010.08,0,0,RULES,1,1,1,
2026-09-25 21:41:00,baseline-rules,1617000,29.26,85.46,1010.04,29.43,74.06,1010.08,0,0,RULES,1,1,1,
2026-09-25 21:41:01,baseline-rules,1618000,29.27,85.65,1010.08,29.44,74.00,1010.07,0,0,RULES,1,1,1,
2026-09-25 21:41:02,baseline-rules,1619000,29.28,85.57,1010.12,29.44,74.22,1010.05,0,0,RULES,1,1,1,
2026-09-25 21:41:03,baseline-rules,1620000,29.28,85.28,1010.10,29.43,74.17,1010.17,0,0,RULES,1,1,1,
2026-09-25 21:41:04,baseline-rules,1621000,29.27,85.59,1010.09,29.44,74.14,1010.07,0,0,RULES,1,1,1,
2026-09-25 21:41:04,baseline-rules,1622000,29.28,85.51,1010.07,29.45,74.11,1010.08,0,0,RULES,1,1,1,
2026-09-25 21:41:05,baseline-rules,1623000,29.27,85.19,1010.09,29.44,74.13,1010.09,0,0,RULES,1,1,1,
2026-09-25 21:41:07,baseline-rules,1624000,29.27,85.18,1010.02,29.45,74.42,1010.14,0,0,RULES,1,1,1,
2026-09-25 21:41:08,baseline-rules,1625000,29.28,85.63,1010.07,29.44,74.29,1010.05,0,0,RULES,1,1,1,
2026-09-25 21:41:09,baseline-rules,1626000,29.27,85.58,1010.06,29.45,74.30,1010.09,0,0,RULES,1,1,1,
2026-09-25 21:41:10,baseline-rules,1627000,29.28,85.87,1010.01,29.45,74.14,1010.08,0,0,RULES,1,1,1,
2026-09-25 21:41:11,baseline-rules,1628000,29.26,85.33,1010.06,29.44,74.21,1010.07,0,0,RULES,1,1,1,
2026-09-25 21:41:12,baseline-rules,1629000,29.27,85.22,1010.08,29.45,74.16,1010.03,0,0,RULES,1,1,1,
2026-09-25 21:41:13,baseline-rules,1630000,29.27,85.15,1010.11,29.45,74.23,1010.14,0,0,RULES,1,1,1,
2026-09-25 21:41:14,baseline-rules,1631000,29.27,84.88,1010.11,29.46,74.38,1010.11,0,0,RULES,1,1,1,
2026-09-25 21:41:15,baseline-rules,1632000,29.26,85.00,1010.10,29.46,74.06,1010.13,0,0,RULES,1,1,1,
2026-09-25 21:41:16,baseline-rules,1633000,29.26,84.92,1010.06,29.46,74.25,1010.04,0,0,RULES,1,1,1,
2026-09-25 21:41:17,baseline-rules,1634000,29.25,84.79,1010.11,29.47,74.17,1010.11,0,0,RULES,1,1,1,
2026-09-25 21:41:18,baseline-rules,1635000,29.27,84.69,1010.08,29.47,73.95,1010.06,0,0,RULES,1,1,1,
2026-09-25 21:41:19,baseline-rules,1636000,29.26,85.08,1010.07,29.47,74.36,1010.03,0,0,RULES,1,1,1,
2026-09-25 21:41:20,baseline-rules,1637000,29.26,84.82,1010.09,29.47,74.33,1010.04,0,0,RULES,1,1,1,
2026-09-25 21:41:21,baseline-rules,1638000,29.26,85.44,1010.04,29.47,74.12,1010.12,0,0,RULES,1,1,1,
2026-09-25 21:41:22,baseline-rules,1639000,29.26,85.22,1010.06,29.48,74.10,1010.08,0,0,RULES,1,1,1,
2026-09-25 21:41:23,baseline-rules,1640000,29.25,85.00,1010.06,29.48,74.05,1010.05,0,0,RULES,1,1,1,
2026-09-25 21:41:24,baseline-rules,1641000,29.26,85.46,1010.04,29.48,74.17,1010.11,0,0,RULES,1,1,1,
2026-09-25 21:41:25,baseline-rules,1642000,29.26,85.22,1010.04,29.49,74.16,1010.09,0,0,RULES,1,1,1,
2026-09-25 21:41:26,baseline-rules,1643000,29.24,84.73,1010.07,29.48,74.17,1010.03,0,0,RULES,1,1,1,
2026-09-25 21:41:27,baseline-rules,1644000,29.25,84.79,1010.02,29.49,74.08,1010.13,0,0,RULES,1,1,1,
2026-09-25 21:41:28,baseline-rules,1645000,29.25,84.29,1010.10,29.49,73.98,1010.10,0,0,RULES,1,1,1,
2026-09-25 21:41:29,baseline-rules,1646000,29.24,84.54,1010.07,29.50,74.33,1010.11,0,0,RULES,1,1,1,
2026-09-25 21:41:30,baseline-rules,1647000,29.25,84.39,1010.05,29.50,74.33,1010.11,0,0,RULES,1,1,1,
2026-09-25 21:41:31,baseline-rules,1648000,29.25,84.79,1010.11,29.50,74.13,1010.06,0,0,RULES,1,1,1,
2026-09-25 21:41:32,baseline-rules,1649000,29.26,84.21,1010.09,29.51,74.16,1010.13,0,0,RULES,1,1,1,
2026-09-25 21:41:33,baseline-rules,1650000,29.24,84.35,1010.00,29.51,74.11,1010.09,0,0,RULES,1,1,1,
2026-09-25 21:41:34,baseline-rules,1651000,29.25,84.09,1010.11,29.51,73.70,1010.09,0,0,RULES,1,1,1,
2026-09-25 21:41:35,baseline-rules,1652000,29.25,84.05,1010.13,29.51,74.20,1010.07,0,0,RULES,1,1,1,
2026-09-25 21:41:36,baseline-rules,1653000,29.26,84.38,1010.09,29.52,74.16,1010.15,0,0,RULES,1,1,1,
2026-09-25 21:41:37,baseline-rules,1654000,29.26,84.31,1010.10,29.53,74.13,1010.02,0,0,RULES,1,1,1,
2026-09-25 21:41:38,baseline-rules,1655000,29.26,84.81,1010.07,29.52,73.96,1010.09,0,0,RULES,1,1,1,
2026-09-25 21:41:39,baseline-rules,1656000,29.26,84.97,1010.12,29.52,74.02,1010.11,0,0,RULES,1,1,1,
2026-09-25 21:41:40,baseline-rules,1657000,29.26,85.00,1010.10,29.52,74.04,1010.09,0,0,RULES,1,1,1,
2026-09-25 21:41:41,baseline-rules,1658000,29.26,84.40,1010.09,29.53,73.96,1010.14,0,0,RULES,1,1,1,
2026-09-25 21:41:42,baseline-rules,1659000,29.26,84.62,1010.09,29.53,73.99,1010.10,0,0,RULES,1,1,1,
2026-09-25 21:41:43,baseline-rules,1660000,29.26,84.95,1010.16,29.53,74.03,1010.10,0,0,RULES,1,1,1,
2026-09-25 21:41:44,baseline-rules,1661000,29.25,84.58,1010.08,29.53,74.08,1010.14,0,0,RULES,1,1,1,
2026-09-25 21:41:45,baseline-rules,1662000,29.25,84.78,1010.08,29.54,74.09,1010.09,0,0,RULES,1,1,1,
2026-09-25 21:41:46,baseline-rules,1663000,29.25,84.34,1010.10,29.55,74.05,1010.19,0,0,RULES,1,1,1,
2026-09-25 21:41:47,baseline-rules,1664000,29.26,84.58,1010.12,29.54,74.15,1010.15,0,0,RULES,1,1,1,
2026-09-25 21:41:48,baseline-rules,1665000,29.26,84.40,1010.12,29.54,73.97,1010.10,0,0,RULES,1,1,1,
2026-09-25 21:41:49,baseline-rules,1666000,29.25,84.96,1010.06,29.54,73.81,1010.12,0,0,RULES,1,1,1,
2026-09-25 21:41:50,baseline-rules,1667000,29.25,84.30,1010.08,29.54,73.83,1010.12,0,0,RULES,1,1,1,
2026-09-25 21:41:51,baseline-rules,1668000,29.25,84.85,1010.16,29.55,73.80,1010.13,0,0,RULES,1,1,1,
2026-09-25 21:41:52,baseline-rules,1669000,29.25,84.65,1010.13,29.55,73.90,1010.14,0,0,RULES,1,1,1,
2026-09-25 21:41:53,baseline-rules,1670000,29.26,84.89,1010.09,29.56,73.90,1010.12,0,0,RULES,1,1,1,
2026-09-25 21:41:54,baseline-rules,1671000,29.25,84.84,1010.05,29.56,73.95,1010.16,0,0,RULES,1,1,1,
2026-09-25 21:41:55,baseline-rules,1672000,29.26,84.63,1010.10,29.55,73.98,1010.11,0,0,RULES,1,1,1,
2026-09-25 21:41:56,baseline-rules,1673000,29.25,84.84,1010.03,29.56,73.88,1010.12,0,0,RULES,1,1,1,
2026-09-25 21:41:57,baseline-rules,1674000,29.25,85.21,1010.10,29.56,74.00,1010.09,0,0,RULES,1,1,1,
2026-09-25 21:41:58,baseline-rules,1675000,29.26,84.87,1010.15,29.56,74.02,1010.15,0,0,RULES,1,1,1,
2026-09-25 21:41:59,baseline-rules,1676000,29.25,85.14,1010.11,29.57,73.96,1010.14,0,0,RULES,1,1,1,
2026-09-25 21:42:00,baseline-rules,1677000,29.25,85.42,1010.14,29.56,73.99,1010.15,0,0,RULES,1,1,1,
2026-09-25 21:42:01,baseline-rules,1678000,29.25,85.10,1010.14,29.57,73.92,1010.23,0,0,RULES,1,1,1,
2026-09-25 21:42:02,baseline-rules,1679000,29.25,84.81,1010.16,29.57,73.91,1010.12,0,0,RULES,1,1,1,
2026-09-25 21:42:03,baseline-rules,1680000,29.25,85.33,1010.08,29.57,74.06,1010.12,0,0,RULES,1,1,1,
2026-09-25 21:42:04,baseline-rules,1681000,29.25,85.45,1010.08,29.57,74.00,1010.14,0,0,RULES,1,1,1,
2026-09-25 21:42:05,baseline-rules,1682000,29.25,85.36,1010.08,29.57,73.89,1010.12,0,0,RULES,1,1,1,
2026-09-25 21:42:06,baseline-rules,1683000,29.25,85.25,1010.14,29.58,74.10,1010.07,0,0,RULES,1,1,1,
2026-09-25 21:42:07,baseline-rules,1684000,29.25,85.36,1010.08,29.58,74.05,1010.13,0,0,RULES,1,1,1,
2026-09-25 21:42:08,baseline-rules,1685000,29.25,85.62,1010.10,29.57,73.91,1010.12,0,0,RULES,1,1,1,
2026-09-25 21:42:09,baseline-rules,1686000,29.25,85.46,1010.11,29.58,73.91,1010.19,0,0,RULES,1,1,1,
2026-09-25 21:42:09,baseline-rules,1687000,29.25,85.17,1010.11,29.58,74.04,1010.13,0,0,RULES,1,1,1,
2026-09-25 21:42:11,baseline-rules,1688000,29.25,85.05,1010.06,29.59,74.03,1010.17,0,0,RULES,1,1,1,
2026-09-25 21:42:12,baseline-rules,1689000,29.25,85.00,1010.14,29.58,74.09,1010.08,0,0,RULES,1,1,1,
2026-09-25 21:42:13,baseline-rules,1690000,29.26,85.32,1010.09,29.59,73.88,1010.14,0,0,RULES,1,1,1,
2026-09-25 21:42:14,baseline-rules,1691000,29.25,85.21,1010.08,29.58,73.77,1010.10,0,0,RULES,1,1,1,
2026-09-25 21:42:15,baseline-rules,1692000,29.25,85.69,1010.08,29.59,73.81,1010.09,0,0,RULES,1,1,1,
2026-09-25 21:42:16,baseline-rules,1693000,29.26,85.17,1010.09,29.60,73.98,1010.18,0,0,RULES,1,1,1,
2026-09-25 21:42:17,baseline-rules,1694000,29.26,85.65,1010.09,29.58,73.79,1010.13,0,0,RULES,1,1,1,
2026-09-25 21:42:18,baseline-rules,1695000,29.26,85.13,1010.09,29.58,73.91,1010.22,0,0,RULES,1,1,1,
2026-09-25 21:42:19,baseline-rules,1696000,29.25,85.60,1010.08,29.59,73.80,1010.14,0,0,RULES,1,1,1,
2026-09-25 21:42:20,baseline-rules,1697000,29.25,85.17,1010.17,29.59,73.86,1010.09,0,0,RULES,1,1,1,
2026-09-25 21:42:21,baseline-rules,1698000,29.25,84.93,1010.08,29.58,73.82,1010.10,0,0,RULES,1,1,1,
2026-09-25 21:42:22,baseline-rules,1699000,29.25,85.01,1010.10,29.59,74.01,1010.11,0,0,RULES,1,1,1,
2026-09-25 21:42:23,baseline-rules,1700000,29.24,85.35,1010.10,29.60,73.83,1010.15,0,0,RULES,1,1,1,
2026-09-25 21:42:24,baseline-rules,1701000,29.26,85.54,1010.16,29.60,73.85,1010.18,0,0,RULES,1,1,1,
2026-09-25 21:42:25,baseline-rules,1702000,29.25,85.14,1010.19,29.60,73.76,1010.13,0,0,RULES,1,1,1,
2026-09-25 21:42:26,baseline-rules,1703000,29.24,84.46,1010.14,29.61,73.93,1010.11,0,0,RULES,1,1,1,
2026-09-25 21:42:27,baseline-rules,1704000,29.24,84.84,1010.15,29.60,73.77,1010.18,0,0,RULES,1,1,1,
2026-09-25 21:42:28,baseline-rules,1705000,29.24,84.85,1010.10,29.61,73.92,1010.08,0,0,RULES,1,1,1,
2026-09-25 21:42:29,baseline-rules,1706000,29.24,84.92,1010.06,29.60,73.85,1010.12,0,0,RULES,1,1,1,
2026-09-25 21:42:30,baseline-rules,1707000,29.25,84.95,1010.14,29.60,73.78,1010.10,0,0,RULES,1,1,1,
2026-09-25 21:42:31,baseline-rules,1708000,29.25,85.41,1010.11,29.60,74.03,1010.09,0,0,RULES,1,1,1,
2026-09-25 21:42:32,baseline-rules,1709000,29.25,85.40,1010.13,29.61,73.85,1010.11,0,0,RULES,1,1,1,
2026-09-25 21:42:33,baseline-rules,1710000,29.25,85.35,1010.11,29.61,73.96,1010.16,0,0,RULES,1,1,1,
2026-09-25 21:42:34,baseline-rules,1711000,29.25,85.09,1010.06,29.61,73.65,1010.14,0,0,RULES,1,1,1,
2026-09-25 21:42:35,baseline-rules,1712000,29.26,85.11,1010.09,29.60,73.76,1010.18,0,0,RULES,1,1,1,
2026-09-25 21:42:36,baseline-rules,1713000,29.26,85.58,1010.12,29.61,73.83,1010.16,0,0,RULES,1,1,1,
2026-09-25 21:42:37,baseline-rules,1714000,29.25,85.59,1010.08,29.61,73.89,1010.17,0,0,RULES,1,1,1,
2026-09-25 21:42:38,baseline-rules,1715000,29.26,85.20,1010.09,29.61,73.90,1010.17,0,0,RULES,1,1,1,
2026-09-25 21:42:39,baseline-rules,1716000,29.25,85.33,1010.08,29.61,73.70,1010.20,0,0,RULES,1,1,1,
2026-09-25 21:42:40,baseline-rules,1717000,29.26,85.23,1010.15,29.60,73.63,1010.18,0,0,RULES,1,1,1,
2026-09-25 21:42:41,baseline-rules,1718000,29.25,85.62,1010.14,29.60,73.90,1010.23,0,0,RULES,1,1,1,
2026-09-25 21:42:42,baseline-rules,1719000,29.27,85.68,1010.16,29.61,73.85,1010.11,0,0,RULES,1,1,1,
2026-09-25 21:42:43,baseline-rules,1720000,29.26,85.66,1010.16,29.62,73.81,1010.10,0,0,RULES,1,1,1,
2026-09-25 21:42:44,baseline-rules,1721000,29.27,85.73,1010.14,29.61,74.01,1010.16,0,0,RULES,1,1,1,
2026-09-25 21:42:45,baseline-rules,1722000,29.26,85.55,1010.09,29.61,73.73,1010.15,0,0,RULES,1,1,1,
2026-09-25 21:42:46,baseline-rules,1723000,29.26,85.27,1010.10,29.61,73.72,1010.14,0,0,RULES,1,1,1,
2026-09-25 21:42:47,baseline-rules,1724000,29.25,85.93,1010.11,29.61,73.76,1010.11,0,0,RULES,1,1,1,
2026-09-25 21:42:48,baseline-rules,1725000,29.25,85.45,1010.14,29.61,73.88,1010.17,0,0,RULES,1,1,1,
2026-09-25 21:42:49,baseline-rules,1726000,29.25,85.47,1010.13,29.61,73.83,1010.14,0,0,RULES,1,1,1,
2026-09-25 21:42:50,baseline-rules,1727000,29.24,84.99,1010.07,29.60,73.79,1010.10,0,0,RULES,1,1,1,
2026-09-25 21:42:51,baseline-rules,1728000,29.24,85.54,1010.12,29.60,73.89,1010.13,0,0,RULES,1,1,1,
2026-09-25 21:42:52,baseline-rules,1729000,29.25,85.49,1010.14,29.61,73.78,1010.23,0,0,RULES,1,1,1,
2026-09-25 21:42:53,baseline-rules,1730000,29.25,85.24,1010.08,29.61,73.83,1010.19,0,0,RULES,1,1,1,
2026-09-25 21:42:54,baseline-rules,1731000,29.25,85.14,1010.11,29.60,73.82,1010.21,0,0,RULES,1,1,1,
2026-09-25 21:42:55,baseline-rules,1732000,29.24,84.97,1010.12,29.60,73.85,1010.16,0,0,RULES,1,1,1,
2026-09-25 21:42:56,baseline-rules,1733000,29.24,85.27,1010.12,29.60,73.85,1010.09,0,0,RULES,1,1,1,
2026-09-25 21:42:57,baseline-rules,1734000,29.23,84.70,1010.10,29.61,74.10,1010.19,0,0,RULES,1,1,1,
2026-09-25 21:42:58,baseline-rules,1735000,29.24,84.63,1010.12,29.58,73.88,1010.19,0,0,RULES,1,1,1,
2026-09-25 21:42:59,baseline-rules,1736000,29.24,83.99,1010.12,29.60,73.52,1010.15,0,0,RULES,1,1,1,
2026-09-25 21:43:00,baseline-rules,1737000,29.25,84.87,1010.10,29.59,73.91,1010.11,0,0,RULES,1,1,1,
2026-09-25 21:43:01,baseline-rules,1738000,29.25,84.65,1010.08,29.59,73.98,1010.14,0,0,RULES,1,1,1,
2026-09-25 21:43:02,baseline-rules,1739000,29.25,85.24,1010.08,29.58,73.92,1010.10,0,0,RULES,1,1,1,
2026-09-25 21:43:03,baseline-rules,1740000,29.26,85.33,1010.09,29.60,73.80,1010.15,0,0,RULES,1,1,1,
2026-09-25 21:43:04,baseline-rules,1741000,29.26,85.20,1010.09,29.60,73.84,1010.09,0,0,RULES,1,1,1,
2026-09-25 21:43:05,baseline-rules,1742000,29.27,85.17,1010.14,29.60,74.10,1010.18,0,0,RULES,1,1,1,
2026-09-25 21:43:06,baseline-rules,1743000,29.26,85.10,1010.13,29.60,73.99,1010.12,0,0,RULES,1,1,1,
2026-09-25 21:43:07,baseline-rules,1744000,29.27,85.14,1010.12,29.60,73.66,1010.12,0,0,RULES,1,1,1,
2026-09-25 21:43:08,baseline-rules,1745000,29.27,85.81,1010.14,29.60,73.90,1010.15,0,0,RULES,1,1,1,
2026-09-25 21:43:09,baseline-rules,1746000,29.26,85.36,1010.09,29.60,73.94,1010.16,0,0,RULES,1,1,1,
2026-09-25 21:43:10,baseline-rules,1747000,29.27,85.74,1010.11,29.60,74.11,1010.10,0,0,RULES,1,1,1,
2026-09-25 21:43:11,baseline-rules,1748000,29.27,85.75,1010.08,29.60,73.84,1010.13,0,0,RULES,1,1,1,
2026-09-25 21:43:11,baseline-rules,1749000,29.26,85.30,1010.06,29.60,74.12,1010.18,0,0,RULES,1,1,1,
2026-09-25 21:43:12,baseline-rules,1750000,29.26,85.24,1010.12,29.60,73.99,1010.12,0,0,RULES,1,1,1,
2026-09-25 21:43:14,baseline-rules,1751000,29.25,85.50,1010.11,29.60,73.89,1010.13,0,0,RULES,1,1,1,
2026-09-25 21:43:15,baseline-rules,1752000,29.24,84.91,1010.04,29.61,73.84,1010.17,0,0,RULES,1,1,1,
2026-09-25 21:43:16,baseline-rules,1753000,29.25,85.13,1010.08,29.60,73.84,1010.16,0,0,RULES,1,1,1,
2026-09-25 21:43:17,baseline-rules,1754000,29.26,85.32,1010.12,29.60,73.80,1010.13,0,0,RULES,1,1,1,
2026-09-25 21:43:18,baseline-rules,1755000,29.25,85.50,1010.11,29.62,73.98,1010.13,0,0,RULES,1,1,1,
2026-09-25 21:43:19,baseline-rules,1756000,29.25,85.35,1010.08,29.61,73.88,1010.11,0,0,RULES,1,1,1,
2026-09-25 21:43:20,baseline-rules,1757000,29.25,84.97,1010.08,29.61,73.93,1010.17,0,0,RULES,1,1,1,
2026-09-25 21:43:21,baseline-rules,1758000,29.25,85.58,1010.02,29.61,73.95,1010.12,0,0,RULES,1,1,1,
2026-09-25 21:43:22,baseline-rules,1759000,29.26,85.30,1010.15,29.61,73.98,1010.12,0,0,RULES,1,1,1,
2026-09-25 21:43:23,baseline-rules,1760000,29.25,85.25,1010.10,29.62,73.98,1010.15,0,0,RULES,1,1,1,
2026-09-25 21:43:24,baseline-rules,1761000,29.25,84.90,1010.13,29.62,73.97,1010.19,0,0,RULES,1,1,1,
2026-09-25 21:43:25,baseline-rules,1762000,29.25,85.31,1010.11,29.62,73.81,1010.15,0,0,RULES,1,1,1,
2026-09-25 21:43:26,baseline-rules,1763000,29.26,85.19,1010.12,29.62,73.82,1010.18,0,0,RULES,1,1,1,
2026-09-25 21:43:27,baseline-rules,1764000,29.25,85.25,1010.16,29.62,74.05,1010.18,0,0,RULES,1,1,1,
2026-09-25 21:43:28,baseline-rules,1765000,29.25,85.68,1010.08,29.62,73.81,1010.13,0,0,RULES,1,1,1,
2026-09-25 21:43:29,baseline-rules,1766000,29.25,85.57,1010.08,29.62,73.80,1010.16,0,0,RULES,1,1,1,
2026-09-25 21:43:30,baseline-rules,1767000,29.25,85.50,1010.10,29.62,74.10,1010.08,0,0,RULES,1,1,1,
2026-09-25 21:43:31,baseline-rules,1768000,29.24,85.40,1010.10,29.63,73.77,1010.15,0,0,RULES,1,1,1,
2026-09-25 21:43:32,baseline-rules,1769000,29.25,85.73,1010.19,29.62,74.07,1010.13,0,0,RULES,1,1,1,
2026-09-25 21:43:33,baseline-rules,1770000,29.24,84.96,1010.10,29.63,73.94,1010.09,0,0,RULES,1,1,1,
2026-09-25 21:43:34,baseline-rules,1771000,29.24,85.14,1010.10,29.63,73.86,1010.14,0,0,RULES,1,1,1,
2026-09-25 21:43:35,baseline-rules,1772000,29.24,85.53,1010.06,29.63,73.79,1010.14,0,0,RULES,1,1,1,
2026-09-25 21:43:36,baseline-rules,1773000,29.24,85.18,1010.12,29.63,73.99,1010.18,0,0,RULES,1,1,1,
2026-09-25 21:43:37,baseline-rules,1774000,29.25,85.17,1010.11,29.64,73.78,1010.10,0,0,RULES,1,1,1,
2026-09-25 21:43:38,baseline-rules,1775000,29.24,85.64,1010.10,29.63,73.80,1010.14,0,0,RULES,1,1,1,
2026-09-25 21:43:39,baseline-rules,1776000,29.25,85.02,1010.13,29.64,73.91,1010.19,0,0,RULES,1,1,1,
2026-09-25 21:43:40,baseline-rules,1777000,29.24,84.93,1010.10,29.64,73.80,1010.19,0,0,RULES,1,1,1,
2026-09-25 21:43:41,baseline-rules,1778000,29.26,85.37,1010.15,29.65,74.06,1010.09,0,0,RULES,1,1,1,
2026-09-25 21:43:42,baseline-rules,1779000,29.25,85.70,1010.13,29.64,73.83,1010.19,0,0,RULES,1,1,1,
2026-09-25 21:43:43,baseline-rules,1780000,29.25,85.73,1010.13,29.65,73.73,1010.12,0,0,RULES,1,1,1,
2026-09-25 21:43:44,baseline-rules,1781000,29.24,85.37,1010.15,29.65,74.05,1010.15,0,0,RULES,1,1,1,
2026-09-25 21:43:45,baseline-rules,1782000,29.24,85.25,1010.12,29.65,74.03,1010.13,0,0,RULES,1,1,1,
2026-09-25 21:43:46,baseline-rules,1783000,29.24,84.84,1010.15,29.65,73.83,1010.15,0,0,RULES,1,1,1,
2026-09-25 21:43:47,baseline-rules,1784000,29.25,85.29,1010.10,29.66,73.67,1010.19,0,0,RULES,1,1,1,
2026-09-25 21:43:48,baseline-rules,1785000,29.25,85.10,1010.14,29.65,73.86,1010.18,0,0,RULES,1,1,1,
2026-09-25 21:43:49,baseline-rules,1786000,29.25,85.65,1010.11,29.66,74.01,1010.23,0,0,RULES,1,1,1,
2026-09-25 21:43:50,baseline-rules,1787000,29.25,85.26,1010.06,29.66,73.75,1010.19,0,0,RULES,1,1,1,
2026-09-25 21:43:51,baseline-rules,1788000,29.26,85.86,1010.18,29.66,73.86,1010.16,0,0,RULES,1,1,1,
2026-09-25 21:43:52,baseline-rules,1789000,29.25,85.14,1010.14,29.66,73.75,1010.13,0,0,RULES,1,1,1,
2026-09-25 21:43:53,baseline-rules,1790000,29.24,85.51,1010.07,29.67,73.71,1010.19,0,0,RULES,1,1,1,
2026-09-25 21:43:54,baseline-rules,1791000,29.26,85.28,1010.13,29.67,73.87,1010.16,0,0,RULES,1,1,1,
2026-09-25 21:43:55,baseline-rules,1792000,29.26,85.78,1010.09,29.67,73.84,1010.18,0,0,RULES,1,1,1,
2026-09-25 21:43:56,baseline-rules,1793000,29.25,85.29,1010.14,29.67,73.99,1010.21,0,0,RULES,1,1,1,
2026-09-25 21:43:57,baseline-rules,1794000,29.25,85.46,1010.03,29.67,73.98,1010.16,0,0,RULES,1,1,1,
2026-09-25 21:43:58,baseline-rules,1795000,29.26,85.42,1010.13,29.68,73.92,1010.22,0,0,RULES,1,1,1,
2026-09-25 21:43:59,baseline-rules,1796000,29.26,85.50,1010.18,29.68,73.80,1010.20,0,0,RULES,1,1,1,
2026-09-25 21:44:00,baseline-rules,1797000,29.26,85.45,1010.21,29.68,73.89,1010.19,0,0,RULES,1,1,1,
2026-09-25 21:44:01,baseline-rules,1798000,29.25,85.21,1010.13,29.67,73.73,1010.19,0,0,RULES,1,1,1,
2026-09-25 21:44:02,baseline-rules,1799000,29.25,85.66,1010.13,29.68,73.81,1010.17,0,0,RULES,1,1,1,
2026-09-25 21:44:03,baseline-rules,1800000,29.25,85.56,1010.19,29.68,73.83,1010.12,0,0,RULES,1,1,1,
2026-09-25 21:44:04,baseline-rules,1801000,29.25,85.16,1010.13,29.67,73.85,1010.10,0,0,RULES,1,1,1,
2026-09-25 21:44:05,baseline-rules,1802000,29.25,85.60,1010.11,29.69,73.97,1010.13,0,0,RULES,1,1,1,
2026-09-25 21:44:06,baseline-rules,1803000,29.25,85.30,1010.14,29.68,73.79,1010.17,0,0,RULES,1,1,1,
2026-09-25 21:44:07,baseline-rules,1804000,29.25,84.98,1010.17,29.69,73.82,1010.13,0,0,RULES,1,1,1,
2026-09-25 21:44:08,baseline-rules,1805000,29.25,85.36,1010.11,29.69,73.58,1010.13,0,0,RULES,1,1,1,
2026-09-25 21:44:09,baseline-rules,1806000,29.25,85.37,1010.16,29.69,73.72,1010.13,0,0,RULES,1,1,1,
2026-09-25 21:44:10,baseline-rules,1807000,29.23,84.56,1010.16,29.68,73.75,1010.17,0,0,RULES,1,1,1,
2026-09-25 21:44:11,baseline-rules,1808000,29.25,84.76,1010.14,29.69,73.89,1010.13,0,0,RULES,1,1,1,
2026-09-25 21:44:12,baseline-rules,1809000,29.25,85.18,1010.14,29.69,73.98,1010.16,0,0,RULES,1,1,1,
2026-09-25 21:44:13,baseline-rules,1810000,29.26,85.23,1010.16,29.68,73.86,1010.17,0,0,RULES,1,1,1,
2026-09-25 21:44:14,baseline-rules,1811000,29.26,85.62,1010.09,29.69,73.89,1010.13,0,0,RULES,1,1,1,
2026-09-25 21:44:15,baseline-rules,1812000,29.25,85.45,1010.14,29.69,73.79,1010.21,0,0,RULES,1,1,1,
2026-09-25 21:44:16,baseline-rules,1813000,29.26,85.29,1010.16,29.69,73.69,1010.16,0,0,RULES,1,1,1,
2026-09-25 21:44:17,baseline-rules,1814000,29.26,85.66,1010.21,29.69,73.70,1010.13,0,0,RULES,1,1,1,
2026-09-25 21:44:17,baseline-rules,1815000,29.27,85.78,1010.16,29.68,73.60,1010.17,0,0,RULES,1,1,1,
2026-09-25 21:44:18,baseline-rules,1816000,29.26,85.78,1010.15,29.70,73.80,1010.20,0,0,RULES,1,1,1,
2026-09-25 21:44:20,baseline-rules,1817000,29.26,85.38,1010.15,29.69,74.03,1010.13,0,0,RULES,1,1,1,
2026-09-25 21:44:21,baseline-rules,1818000,29.26,85.59,1010.13,29.69,73.96,1010.19,0,0,RULES,1,1,1,
2026-09-25 21:44:22,baseline-rules,1819000,29.26,85.27,1010.10,29.69,73.97,1010.18,0,0,RULES,1,1,1,
2026-09-25 21:44:23,baseline-rules,1820000,29.27,85.73,1010.14,29.69,73.92,1010.19,0,0,RULES,1,1,1,
2026-09-25 21:44:24,baseline-rules,1821000,29.26,85.07,1010.20,29.69,73.72,1010.14,0,0,RULES,1,1,1,
2026-09-25 21:44:25,baseline-rules,1822000,29.25,85.41,1010.13,29.69,73.78,1010.16,0,0,RULES,1,1,1,
2026-09-25 21:44:26,baseline-rules,1823000,29.26,85.71,1010.15,29.70,73.76,1010.20,0,0,RULES,1,1,1,
2026-09-25 21:44:27,baseline-rules,1824000,29.26,85.91,1010.15,29.69,73.69,1010.13,0,0,RULES,1,1,1,
2026-09-25 21:44:28,baseline-rules,1825000,29.25,85.29,1010.16,29.68,73.73,1010.20,0,0,RULES,1,1,1,
2026-09-25 21:44:29,baseline-rules,1826000,29.26,85.54,1010.12,29.69,73.98,1010.16,0,0,RULES,1,1,1,
2026-09-25 21:44:30,baseline-rules,1827000,29.26,85.19,1010.06,29.69,73.83,1010.18,0,0,RULES,1,1,1,
2026-09-25 21:44:31,baseline-rules,1828000,29.26,85.39,1010.16,29.70,73.75,1010.20,0,0,RULES,1,1,1,
2026-09-25 21:44:32,baseline-rules,1829000,29.26,85.38,1010.12,29.70,73.90,1010.20,0,0,RULES,1,1,1,
2026-09-25 21:44:33,baseline-rules,1830000,29.26,85.99,1010.13,29.70,73.72,1010.09,0,0,RULES,1,1,1,
2026-09-25 21:44:34,baseline-rules,1831000,29.26,85.56,1010.15,29.69,73.59,1010.14,0,0,RULES,1,1,1,
2026-09-25 21:44:35,baseline-rules,1832000,29.27,85.76,1010.14,29.70,73.91,1010.17,0,0,RULES,1,1,1,
2026-09-25 21:44:36,baseline-rules,1833000,29.26,85.67,1010.10,29.69,73.91,1010.19,0,0,RULES,1,1,1,
2026-09-25 21:44:37,baseline-rules,1834000,29.26,85.77,1010.10,29.70,73.80,1010.14,0,0,RULES,1,1,1,
2026-09-25 21:44:38,baseline-rules,1835000,29.26,85.41,1010.06,29.70,73.87,1010.09,0,0,RULES,1,1,1,
2026-09-25 21:44:39,baseline-rules,1836000,29.27,85.52,1010.11,29.70,73.79,1010.17,0,0,RULES,1,1,1,
2026-09-25 21:44:40,baseline-rules,1837000,29.27,85.45,1010.14,29.69,73.78,1010.14,0,0,RULES,1,1,1,
2026-09-25 21:44:41,baseline-rules,1838000,29.27,86.01,1010.09,29.70,73.62,1010.09,0,0,RULES,1,1,1,
2026-09-25 21:44:42,baseline-rules,1839000,29.26,85.86,1010.10,29.70,73.71,1010.18,0,0,RULES,1,1,1,
2026-09-25 21:44:43,baseline-rules,1840000,29.25,85.70,1010.11,29.70,73.84,1010.12,0,0,RULES,1,1,1,
2026-09-25 21:44:44,baseline-rules,1841000,29.27,85.46,1010.16,29.71,73.62,1010.16,0,0,RULES,1,1,1,
2026-09-25 21:44:45,baseline-rules,1842000,29.25,85.78,1010.10,29.70,73.91,1010.12,0,0,RULES,1,1,1,
2026-09-25 21:44:46,baseline-rules,1843000,29.26,85.46,1010.10,29.71,73.78,1010.08,0,0,RULES,1,1,1,
2026-09-25 21:44:47,baseline-rules,1844000,29.27,85.41,1010.11,29.71,73.74,1010.19,0,0,RULES,1,1,1,
2026-09-25 21:44:48,baseline-rules,1845000,29.26,85.51,1010.13,29.71,73.52,1010.19,0,0,RULES,1,1,1,
2026-09-25 21:44:49,baseline-rules,1846000,29.26,85.55,1010.09,29.71,73.72,1010.13,0,0,RULES,1,1,1,
2026-09-25 21:44:50,baseline-rules,1847000,29.25,85.57,1010.14,29.71,73.58,1010.13,0,0,RULES,1,1,1,
2026-09-25 21:44:51,baseline-rules,1848000,29.27,85.99,1010.16,29.71,73.83,1010.14,0,0,RULES,1,1,1,
2026-09-25 21:44:52,baseline-rules,1849000,29.25,85.42,1010.08,29.71,73.77,1010.20,0,0,RULES,1,1,1,
2026-09-25 21:44:53,baseline-rules,1850000,29.25,85.96,1010.11,29.71,73.68,1010.17,0,0,RULES,1,1,1,
2026-09-25 21:44:54,baseline-rules,1851000,29.25,85.77,1010.14,29.71,73.79,1010.21,0,0,RULES,1,1,1,
2026-09-25 21:44:55,baseline-rules,1852000,29.26,85.51,1010.12,29.70,73.71,1010.10,0,0,RULES,1,1,1,
2026-09-25 21:44:56,baseline-rules,1853000,29.26,85.38,1010.10,29.71,73.54,1010.14,0,0,RULES,1,1,1,
2026-09-25 21:44:57,baseline-rules,1854000,29.26,85.50,1010.15,29.71,73.62,1010.20,0,0,RULES,1,1,1,
2026-09-25 21:44:58,baseline-rules,1855000,29.25,86.00,1010.08,29.72,73.68,1010.18,0,0,RULES,1,1,1,
2026-09-25 21:44:59,baseline-rules,1856000,29.26,85.74,1010.13,29.71,73.68,1010.20,0,0,RULES,1,1,1,
2026-09-25 21:45:00,baseline-rules,1857000,29.27,86.09,1010.05,29.72,73.72,1010.13,0,0,RULES,1,1,1,
2026-09-25 21:45:01,baseline-rules,1858000,29.27,85.97,1010.11,29.72,73.82,1010.12,0,0,RULES,1,1,1,
2026-09-25 21:45:02,baseline-rules,1859000,29.25,85.59,1010.11,29.72,73.73,1010.18,0,0,RULES,1,1,1,
2026-09-25 21:45:03,baseline-rules,1860000,29.26,85.85,1010.04,29.72,73.66,1010.07,0,0,RULES,1,1,1,
2026-09-25 21:45:04,baseline-rules,1861000,29.26,85.83,1010.12,29.72,73.67,1010.15,0,0,RULES,1,1,1,
2026-09-25 21:45:05,baseline-rules,1862000,29.25,85.58,1010.08,29.72,73.99,1010.15,0,0,RULES,1,1,1,
2026-09-25 21:45:06,baseline-rules,1863000,29.25,85.20,1010.08,29.72,73.77,1010.09,0,0,RULES,1,1,1,
2026-09-25 21:45:07,baseline-rules,1864000,29.27,85.66,1010.11,29.72,73.89,1010.10,0,0,RULES,1,1,1,
2026-09-25 21:45:08,baseline-rules,1865000,29.25,85.33,1010.08,29.73,73.72,1010.14,0,0,RULES,1,1,1,
2026-09-25 21:45:09,baseline-rules,1866000,29.25,85.14,1010.10,29.72,73.81,1010.18,0,0,RULES,1,1,1,
2026-09-25 21:45:10,baseline-rules,1867000,29.24,84.71,1010.12,29.73,73.81,1010.17,0,0,RULES,1,1,1,
2026-09-25 21:45:11,baseline-rules,1868000,29.25,85.00,1010.11,29.73,73.93,1010.11,0,0,RULES,1,1,1,
2026-09-25 21:45:12,baseline-rules,1869000,29.25,84.86,1010.13,29.73,73.99,1010.14,0,0,RULES,1,1,1,
2026-09-25 21:45:13,baseline-rules,1870000,29.26,85.06,1010.12,29.72,73.87,1010.18,0,0,RULES,1,1,1,
2026-09-25 21:45:14,baseline-rules,1871000,29.25,84.78,1010.14,29.73,73.99,1010.08,0,0,RULES,1,1,1,
2026-09-25 21:45:15,baseline-rules,1872000,29.26,85.19,1010.16,29.73,73.76,1010.11,0,0,RULES,1,1,1,
2026-09-25 21:45:15,baseline-rules,1873000,29.26,85.07,1010.13,29.73,73.96,1010.14,0,0,RULES,1,1,1,
2026-09-25 21:45:16,baseline-rules,1874000,29.26,85.14,1010.12,29.73,73.69,1010.14,0,0,RULES,1,1,1,
2026-09-25 21:45:18,baseline-rules,1875000,29.25,85.11,1010.08,29.72,73.71,1010.13,0,0,RULES,1,1,1,
2026-09-25 21:45:19,baseline-rules,1876000,29.25,85.45,1010.11,29.72,73.94,1010.16,0,0,RULES,1,1,1,
2026-09-25 21:45:20,baseline-rules,1877000,29.25,84.73,1010.13,29.72,73.99,1010.12,0,0,RULES,1,1,1,
2026-09-25 21:45:21,baseline-rules,1878000,29.26,85.34,1010.06,29.73,73.71,1010.14,0,0,RULES,1,1,1,
2026-09-25 21:45:21,baseline-rules,1879000,29.27,85.13,1010.14,29.73,73.68,1010.14,0,0,RULES,1,1,1,
2026-09-25 21:45:22,baseline-rules,1880000,29.26,85.63,1010.18,29.73,73.77,1010.14,0,0,RULES,1,1,1,
2026-09-25 21:45:24,baseline-rules,1881000,29.27,85.37,1010.16,29.72,73.85,1010.12,0,0,RULES,1,1,1,
2026-09-25 21:45:25,baseline-rules,1882000,29.27,85.83,1010.14,29.72,73.69,1010.10,0,0,RULES,1,1,1,
2026-09-25 21:45:26,baseline-rules,1883000,29.27,85.21,1010.11,29.73,73.91,1010.14,0,0,RULES,1,1,1,
2026-09-25 21:45:27,baseline-rules,1884000,29.26,85.24,1010.16,29.73,73.83,1010.14,0,0,RULES,1,1,1,
2026-09-25 21:45:28,baseline-rules,1885000,29.27,85.63,1010.16,29.73,73.66,1010.14,0,0,RULES,1,1,1,
2026-09-25 21:45:29,baseline-rules,1886000,29.27,85.22,1010.14,29.73,73.99,1010.14,0,0,RULES,1,1,1,
2026-09-25 21:45:30,baseline-rules,1887000,29.27,85.31,1010.16,29.73,73.93,1010.12,0,0,RULES,1,1,1,
2026-09-25 21:45:31,baseline-rules,1888000,29.27,85.56,1010.17,29.72,73.83,1010.16,0,0,RULES,1,1,1,
2026-09-25 21:45:32,baseline-rules,1889000,29.26,85.37,1010.09,29.72,73.68,1010.10,0,0,RULES,1,1,1,
2026-09-25 21:45:33,baseline-rules,1890000,29.26,85.51,1010.15,29.73,73.90,1010.19,0,0,RULES,1,1,1,
2026-09-25 21:45:34,baseline-rules,1891000,29.26,85.36,1010.13,29.74,73.84,1010.15,0,0,RULES,1,1,1,
2026-09-25 21:45:35,baseline-rules,1892000,29.27,85.07,1010.16,29.73,73.93,1010.22,0,0,RULES,1,1,1,
2026-09-25 21:45:36,baseline-rules,1893000,29.26,85.43,1010.16,29.72,74.01,1010.12,0,0,RULES,1,1,1,
2026-09-25 21:45:37,baseline-rules,1894000,29.27,85.50,1010.17,29.72,73.79,1010.15,0,0,RULES,1,1,1,
2026-09-25 21:45:38,baseline-rules,1895000,29.26,85.02,1010.15,29.73,73.95,1010.14,0,0,RULES,1,1,1,
2026-09-25 21:45:39,baseline-rules,1896000,29.25,85.49,1010.08,29.73,73.58,1010.19,0,0,RULES,1,1,1,
2026-09-25 21:45:40,baseline-rules,1897000,29.26,85.05,1010.12,29.73,73.62,1010.14,0,0,RULES,1,1,1,
2026-09-25 21:45:41,baseline-rules,1898000,29.26,85.65,1010.10,29.73,73.80,1010.14,0,0,RULES,1,1,1,
2026-09-25 21:45:42,baseline-rules,1899000,29.27,85.69,1010.22,29.73,73.76,1010.14,0,0,RULES,1,1,1,
2026-09-25 21:45:43,baseline-rules,1900000,29.25,84.93,1010.08,29.72,73.75,1010.12,0,0,RULES,1,1,1,
2026-09-25 21:45:44,baseline-rules,1901000,29.25,84.81,1010.13,29.73,73.80,1010.19,0,0,RULES,1,1,1,
2026-09-25 21:45:45,baseline-rules,1902000,29.26,85.23,1010.15,29.73,73.94,1010.14,0,0,RULES,1,1,1,
2026-09-25 21:45:46,baseline-rules,1903000,29.25,85.17,1010.11,29.73,73.78,1010.23,0,0,RULES,1,1,1,
2026-09-25 21:45:47,baseline-rules,1904000,29.26,85.35,1010.15,29.72,73.82,1010.20,0,0,RULES,1,1,1,
2026-09-25 21:45:48,baseline-rules,1905000,29.26,85.36,1010.15,29.71,73.59,1010.14,0,0,RULES,1,1,1,
2026-09-25 21:45:49,baseline-rules,1906000,29.26,84.83,1010.18,29.73,73.69,1010.19,0,0,RULES,1,1,1,
2026-09-25 21:45:50,baseline-rules,1907000,29.26,85.31,1010.16,29.73,73.95,1010.20,0,0,RULES,1,1,1,
2026-09-25 21:45:51,baseline-rules,1908000,29.26,85.13,1010.16,29.73,73.65,1010.16,0,0,RULES,1,1,1,
2026-09-25 21:45:52,baseline-rules,1909000,29.27,85.49,1010.14,29.73,73.64,1010.14,0,0,RULES,1,1,1,
2026-09-25 21:45:53,baseline-rules,1910000,29.27,85.42,1010.11,29.72,73.81,1010.16,0,0,RULES,1,1,1,
2026-09-25 21:45:54,baseline-rules,1911000,29.27,85.69,1010.19,29.72,74.02,1010.18,0,0,RULES,1,1,1,
2026-09-25 21:45:55,baseline-rules,1912000,29.27,85.81,1010.12,29.72,73.88,1010.12,0,0,RULES,1,1,1,
2026-09-25 21:45:56,baseline-rules,1913000,29.28,85.29,1010.12,29.73,73.92,1010.25,0,0,RULES,1,1,1,
2026-09-25 21:45:57,baseline-rules,1914000,29.28,85.42,1010.16,29.71,73.92,1010.14,0,0,RULES,1,1,1,
2026-09-25 21:45:58,baseline-rules,1915000,29.28,85.57,1010.10,29.71,73.92,1010.16,0,0,RULES,1,1,1,
2026-09-25 21:45:59,baseline-rules,1916000,29.27,85.73,1010.17,29.71,73.77,1010.17,0,0,RULES,1,1,1,
2026-09-25 21:46:00,baseline-rules,1917000,29.28,85.59,1010.15,29.71,73.83,1010.14,0,0,RULES,1,1,1,
2026-09-25 21:46:01,baseline-rules,1918000,29.27,85.53,1010.11,29.71,73.51,1010.16,0,0,RULES,1,1,1,
2026-09-25 21:46:02,baseline-rules,1919000,29.26,85.58,1010.10,29.71,73.57,1010.17,0,0,RULES,1,1,1,
2026-09-25 21:46:03,baseline-rules,1920000,29.27,86.00,1010.14,29.71,73.86,1010.22,0,0,RULES,1,1,1,
2026-09-25 21:46:04,baseline-rules,1921000,29.27,85.91,1010.14,29.72,73.84,1010.15,0,0,RULES,1,1,1,
2026-09-25 21:46:05,baseline-rules,1922000,29.27,85.74,1010.11,29.70,74.02,1010.12,0,0,RULES,1,1,1,
2026-09-25 21:46:06,baseline-rules,1923000,29.27,85.86,1010.14,29.70,73.79,1010.18,0,0,RULES,1,1,1,
2026-09-25 21:46:07,baseline-rules,1924000,29.28,85.63,1010.12,29.71,73.83,1010.08,0,0,RULES,1,1,1,
2026-09-25 21:46:08,baseline-rules,1925000,29.27,85.80,1010.14,29.70,73.99,1010.14,0,0,RULES,1,1,1,
2026-09-25 21:46:09,baseline-rules,1926000,29.27,85.53,1010.11,29.70,73.79,1010.15,0,0,RULES,1,1,1,
2026-09-25 21:46:10,baseline-rules,1927000,29.27,86.02,1010.12,29.70,73.84,1010.12,0,0,RULES,1,1,1,
2026-09-25 21:46:11,baseline-rules,1928000,29.27,85.67,1010.16,29.70,73.71,1010.15,0,0,RULES,1,1,1,
2026-09-25 21:46:12,baseline-rules,1929000,29.26,85.29,1010.09,29.70,73.75,1010.20,0,0,RULES,1,1,1,
2026-09-25 21:46:13,baseline-rules,1930000,29.27,85.78,1010.16,29.69,73.62,1010.25,0,0,RULES,1,1,1,
2026-09-25 21:46:14,baseline-rules,1931000,29.26,85.60,1010.10,29.69,73.91,1010.16,0,0,RULES,1,1,1,
2026-09-25 21:46:15,baseline-rules,1932000,29.27,85.92,1010.16,29.69,73.85,1010.18,0,0,RULES,1,1,1,
2026-09-25 21:46:16,baseline-rules,1933000,29.27,85.38,1010.17,29.69,73.63,1010.22,0,0,RULES,1,1,1,
2026-09-25 21:46:17,baseline-rules,1934000,29.27,85.31,1010.16,29.69,74.00,1010.13,0,0,RULES,1,1,1,
2026-09-25 21:46:18,baseline-rules,1935000,29.26,85.68,1010.13,29.68,73.73,1010.17,0,0,RULES,1,1,1,
2026-09-25 21:46:19,baseline-rules,1936000,29.28,85.64,1010.12,29.68,73.80,1010.17,0,0,RULES,1,1,1,
2026-09-25 21:46:20,baseline-rules,1937000,29.27,85.56,1010.08,29.68,73.73,1010.17,0,0,RULES,1,1,1,
2026-09-25 21:46:21,baseline-rules,1938000,29.27,85.62,1010.14,29.67,73.76,1010.21,0,0,RULES,1,1,1,
2026-09-25 21:46:22,baseline-rules,1939000,29.27,85.88,1010.16,29.67,73.82,1010.10,0,0,RULES,1,1,1,
2026-09-25 21:46:23,baseline-rules,1940000,29.27,85.47,1010.12,29.68,73.84,1010.14,0,0,RULES,1,1,1,
2026-09-25 21:46:24,baseline-rules,1941000,29.26,86.02,1010.18,29.67,73.79,1010.16,0,0,RULES,1,1,1,
2026-09-25 21:46:25,baseline-rules,1942000,29.27,85.86,1010.19,29.67,73.81,1010.21,0,0,RULES,1,1,1,
2026-09-25 21:46:26,baseline-rules,1943000,29.28,85.65,1010.10,29.67,73.87,1010.19,0,0,RULES,1,1,1,
2026-09-25 21:46:27,baseline-rules,1944000,29.27,85.92,1010.17,29.66,73.75,1010.14,0,0,RULES,1,1,1,
2026-09-25 21:46:28,baseline-rules,1945000,29.28,86.14,1010.15,29.66,74.02,1010.23,0,0,RULES,1,1,1,
2026-09-25 21:46:29,baseline-rules,1946000,29.29,85.62,1010.11,29.67,73.99,1010.21,0,0,RULES,1,1,1,
2026-09-25 21:46:29,baseline-rules,1947000,29.27,85.59,1010.14,29.67,73.81,1010.15,0,0,RULES,1,1,1,
2026-09-25 21:46:30,baseline-rules,1948000,29.27,86.04,1010.12,29.67,73.64,1010.15,0,0,RULES,1,1,1,
2026-09-25 21:46:32,baseline-rules,1949000,29.27,85.64,1010.14,29.67,73.82,1010.12,0,0,RULES,1,1,1,
2026-09-25 21:46:33,baseline-rules,1950000,29.27,85.88,1010.17,29.66,73.76,1010.22,0,0,RULES,1,1,1,
2026-09-25 21:46:34,baseline-rules,1951000,29.28,85.75,1010.12,29.65,73.71,1010.24,0,0,RULES,1,1,1,
2026-09-25 21:46:35,baseline-rules,1952000,29.27,85.74,1010.14,29.66,73.63,1010.16,0,0,RULES,1,1,1,
2026-09-25 21:46:36,baseline-rules,1953000,29.28,85.56,1010.18,29.66,73.88,1010.16,0,0,RULES,1,1,1,
2026-09-25 21:46:37,baseline-rules,1954000,29.27,85.82,1010.12,29.65,73.95,1010.15,0,0,RULES,1,1,1,
2026-09-25 21:46:38,baseline-rules,1955000,29.28,86.13,1010.21,29.66,73.94,1010.16,0,0,RULES,1,1,1,
2026-09-25 21:46:39,baseline-rules,1956000,29.27,85.41,1010.12,29.64,73.76,1010.11,0,0,RULES,1,1,1,
2026-09-25 21:46:40,baseline-rules,1957000,29.28,85.55,1010.10,29.65,73.92,1010.15,0,0,RULES,1,1,1,
2026-09-25 21:46:41,baseline-rules,1958000,29.26,85.74,1010.10,29.66,73.63,1010.22,0,0,RULES,1,1,1,
2026-09-25 21:46:42,baseline-rules,1959000,29.27,85.97,1010.17,29.65,73.95,1010.13,0,0,RULES,1,1,1,
2026-09-25 21:46:43,baseline-rules,1960000,29.27,85.97,1010.16,29.65,73.82,1010.15,0,0,RULES,1,1,1,
2026-09-25 21:46:44,baseline-rules,1961000,29.26,85.27,1010.07,29.65,73.51,1010.12,0,0,RULES,1,1,1,
2026-09-25 21:46:45,baseline-rules,1962000,29.27,85.98,1010.11,29.65,73.78,1010.17,0,0,RULES,1,1,1,
2026-09-25 21:46:46,baseline-rules,1963000,29.27,85.64,1010.14,29.65,73.87,1010.13,0,0,RULES,1,1,1,
2026-09-25 21:46:47,baseline-rules,1964000,29.26,85.58,1010.09,29.64,73.62,1010.11,0,0,RULES,1,1,1,
2026-09-25 21:46:48,baseline-rules,1965000,29.26,85.23,1010.07,29.65,73.89,1010.12,0,0,RULES,1,1,1,
2026-09-25 21:46:49,baseline-rules,1966000,29.26,85.70,1010.07,29.65,73.73,1010.18,0,0,RULES,1,1,1,
2026-09-25 21:46:50,baseline-rules,1967000,29.26,85.89,1010.13,29.64,73.80,1010.16,0,0,RULES,1,1,1,
2026-09-25 21:46:51,baseline-rules,1968000,29.26,85.59,1010.15,29.65,73.80,1010.15,0,0,RULES,1,1,1,
2026-09-25 21:46:52,baseline-rules,1969000,29.26,85.62,1010.18,29.65,74.05,1010.20,0,0,RULES,1,1,1,
2026-09-25 21:46:53,baseline-rules,1970000,29.25,85.62,1010.06,29.64,73.87,1010.19,0,0,RULES,1,1,1,
2026-09-25 21:46:54,baseline-rules,1971000,29.25,85.47,1010.17,29.65,73.93,1010.17,0,0,RULES,1,1,1,
2026-09-25 21:46:55,baseline-rules,1972000,29.26,85.60,1010.16,29.65,73.65,1010.17,0,0,RULES,1,1,1,
2026-09-25 21:46:56,baseline-rules,1973000,29.26,85.60,1010.16,29.65,73.69,1010.15,0,0,RULES,1,1,1,
2026-09-25 21:46:57,baseline-rules,1974000,29.26,85.66,1010.12,29.64,73.86,1010.17,0,0,RULES,1,1,1,
2026-09-25 21:46:58,baseline-rules,1975000,29.25,85.21,1010.13,29.65,73.55,1010.12,0,0,RULES,1,1,1,
2026-09-25 21:46:59,baseline-rules,1976000,29.26,85.29,1010.09,29.64,73.50,1010.16,0,0,RULES,1,1,1,
2026-09-25 21:47:00,baseline-rules,1977000,29.26,85.00,1010.15,29.64,73.91,1010.17,0,0,RULES,1,1,1,
2026-09-25 21:47:01,baseline-rules,1978000,29.26,84.91,1010.10,29.65,73.63,1010.18,0,0,RULES,1,1,1,
2026-09-25 21:47:02,baseline-rules,1979000,29.27,85.55,1010.08,29.64,73.64,1010.19,0,0,RULES,1,1,1,
2026-09-25 21:47:03,baseline-rules,1980000,29.26,85.60,1010.18,29.65,73.91,1010.17,0,0,RULES,1,1,1,
2026-09-25 21:47:04,baseline-rules,1981000,29.25,85.57,1010.16,29.65,73.85,1010.23,0,0,RULES,1,1,1,
2026-09-25 21:47:05,baseline-rules,1982000,29.25,85.61,1010.11,29.65,73.77,1010.12,0,0,RULES,1,1,1,
2026-09-25 21:47:06,baseline-rules,1983000,29.26,85.48,1010.09,29.64,73.87,1010.11,0,0,RULES,1,1,1,
2026-09-25 21:47:07,baseline-rules,1984000,29.25,85.10,1010.08,29.64,73.77,1010.17,0,0,RULES,1,1,1,
2026-09-25 21:47:08,baseline-rules,1985000,29.26,85.59,1010.13,29.65,73.76,1010.18,0,0,RULES,1,1,1,
2026-09-25 21:47:09,baseline-rules,1986000,29.26,85.75,1010.09,29.64,73.61,1010.16,0,0,RULES,1,1,1,
2026-09-25 21:47:10,baseline-rules,1987000,29.26,85.25,1010.13,29.64,74.07,1010.19,0,0,RULES,1,1,1,
2026-09-25 21:47:11,baseline-rules,1988000,29.25,85.22,1010.13,29.63,74.04,1010.14,0,0,RULES,1,1,1,
2026-09-25 21:47:12,baseline-rules,1989000,29.26,85.28,1010.12,29.63,73.95,1010.18,0,0,RULES,1,1,1,
2026-09-25 21:47:13,baseline-rules,1990000,29.26,85.69,1010.07,29.63,73.90,1010.18,0,0,RULES,1,1,1,
2026-09-25 21:47:14,baseline-rules,1991000,29.27,85.61,1010.14,29.63,73.71,1010.17,0,0,RULES,1,1,1,
2026-09-25 21:47:15,baseline-rules,1992000,29.28,85.41,1010.13,29.62,74.06,1010.19,0,0,RULES,1,1,1,
2026-09-25 21:47:16,baseline-rules,1993000,29.28,85.69,1010.12,29.62,73.85,1010.13,0,0,RULES,1,1,1,
2026-09-25 21:47:17,baseline-rules,1994000,29.28,86.04,1010.12,29.63,73.87,1010.17,0,0,RULES,1,1,1,
2026-09-25 21:47:18,baseline-rules,1995000,29.26,85.94,1010.10,29.62,74.09,1010.16,0,0,RULES,1,1,1,
2026-09-25 21:47:19,baseline-rules,1996000,29.27,85.43,1010.16,29.62,73.92,1010.16,0,0,RULES,1,1,1,
2026-09-25 21:47:20,baseline-rules,1997000,29.27,85.93,1010.16,29.63,74.10,1010.20,0,0,RULES,1,1,1,
2026-09-25 21:47:21,baseline-rules,1998000,29.27,85.33,1010.14,29.62,74.05,1010.13,0,0,RULES,1,1,1,
2026-09-25 21:47:22,baseline-rules,1999000,29.27,85.98,1010.12,29.62,73.87,1010.18,0,0,RULES,1,1,1,
2026-09-25 21:47:23,baseline-rules,2000000,29.27,86.08,1010.20,29.62,73.80,1010.15,0,0,RULES,1,1,1,
2026-09-25 21:47:24,baseline-rules,2001000,29.28,85.57,1010.18,29.62,73.71,1010.18,0,0,RULES,1,1,1,
2026-09-25 21:47:25,baseline-rules,2002000,29.28,85.76,1010.12,29.62,73.76,1010.19,0,0,RULES,1,1,1,
2026-09-25 21:47:26,baseline-rules,2003000,29.26,85.83,1010.16,29.62,74.00,1010.15,0,0,RULES,1,1,1,
2026-09-25 21:47:27,baseline-rules,2004000,29.27,85.50,1010.14,29.62,73.77,1010.13,0,0,RULES,1,1,1,
2026-09-25 21:47:28,baseline-rules,2005000,29.26,85.69,1010.10,29.62,73.68,1010.18,0,0,RULES,1,1,1,
2026-09-25 21:47:29,baseline-rules,2006000,29.26,85.69,1010.09,29.62,73.69,1010.15,0,0,RULES,1,1,1,
2026-09-25 21:47:30,baseline-rules,2007000,29.26,84.95,1010.09,29.61,73.62,1010.17,0,0,RULES,1,1,1,
2026-09-25 21:47:31,baseline-rules,2008000,29.26,85.50,1010.16,29.61,73.67,1010.22,0,0,RULES,1,1,1,
2026-09-25 21:47:32,baseline-rules,2009000,29.25,85.29,1010.14,29.62,73.69,1010.15,0,0,RULES,1,1,1,
2026-09-25 21:47:33,baseline-rules,2010000,29.26,85.73,1010.12,29.61,73.74,1010.19,0,0,RULES,1,1,1,
2026-09-25 21:47:34,baseline-rules,2011000,29.27,85.45,1010.11,29.61,73.69,1010.19,0,0,RULES,1,1,1,
2026-09-25 21:47:35,baseline-rules,2012000,29.27,85.68,1010.16,29.62,73.69,1010.15,0,0,RULES,1,1,1,
2026-09-25 21:47:36,baseline-rules,2013000,29.27,85.43,1010.14,29.61,73.66,1010.14,0,0,RULES,1,1,1,
2026-09-25 21:47:37,baseline-rules,2014000,29.27,86.11,1010.12,29.61,73.96,1010.16,0,0,RULES,1,1,1,
2026-09-25 21:47:38,baseline-rules,2015000,29.27,85.90,1010.22,29.61,73.89,1010.23,0,0,RULES,1,1,1,
2026-09-25 21:47:39,baseline-rules,2016000,29.27,85.85,1010.17,29.61,74.07,1010.19,0,0,RULES,1,1,1,
2026-09-25 21:47:40,baseline-rules,2017000,29.26,85.47,1010.18,29.61,73.89,1010.16,0,0,RULES,1,1,1,
2026-09-25 21:47:41,baseline-rules,2018000,29.27,85.91,1010.11,29.61,74.03,1010.14,0,0,RULES,1,1,1,
2026-09-25 21:47:42,baseline-rules,2019000,29.27,85.55,1010.11,29.61,73.87,1010.16,0,0,RULES,1,1,1,
2026-09-25 21:47:43,baseline-rules,2020000,29.27,85.54,1010.16,29.62,73.81,1010.26,0,0,RULES,1,1,1,
2026-09-25 21:47:44,baseline-rules,2021000,29.28,85.96,1010.12,29.60,73.90,1010.16,0,0,RULES,1,1,1,
2026-09-25 21:47:45,baseline-rules,2022000,29.27,85.89,1010.14,29.61,73.93,1010.17,0,0,RULES,1,1,1,
2026-09-25 21:47:46,baseline-rules,2023000,29.27,86.17,1010.14,29.61,73.79,1010.19,0,0,RULES,1,1,1,
2026-09-25 21:47:47,baseline-rules,2024000,29.26,85.64,1010.13,29.61,74.10,1010.11,0,0,RULES,1,1,1,
2026-09-25 21:47:48,baseline-rules,2025000,29.26,85.59,1010.16,29.60,73.93,1010.15,0,0,RULES,1,1,1,
2026-09-25 21:47:49,baseline-rules,2026000,29.26,85.93,1010.16,29.61,73.88,1010.17,0,0,RULES,1,1,1,
2026-09-25 21:47:50,baseline-rules,2027000,29.26,85.95,1010.15,29.61,73.90,1010.17,0,0,RULES,1,1,1,
2026-09-25 21:47:51,baseline-rules,2028000,29.26,85.68,1010.16,29.60,74.02,1010.10,0,0,RULES,1,1,1,
2026-09-25 21:47:52,baseline-rules,2029000,29.27,85.99,1010.11,29.61,73.88,1010.12,0,0,RULES,1,1,1,
2026-09-25 21:47:53,baseline-rules,2030000,29.26,85.77,1010.18,29.60,73.85,1010.18,0,0,RULES,1,1,1,
2026-09-25 21:47:54,baseline-rules,2031000,29.25,85.51,1010.14,29.61,73.84,1010.17,0,0,RULES,1,1,1,
2026-09-25 21:47:55,baseline-rules,2032000,29.26,85.77,1010.09,29.61,73.84,1010.16,0,0,RULES,1,1,1,
2026-09-25 21:47:56,baseline-rules,2033000,29.26,85.97,1010.12,29.62,73.89,1010.18,0,0,RULES,1,1,1,
2026-09-25 21:47:57,baseline-rules,2034000,29.26,85.58,1010.12,29.60,74.00,1010.10,0,0,RULES,1,1,1,
2026-09-25 21:47:58,baseline-rules,2035000,29.25,85.36,1010.17,29.61,73.86,1010.17,0,0,RULES,1,1,1,
2026-09-25 21:47:59,baseline-rules,2036000,29.26,85.47,1010.15,29.61,73.85,1010.14,0,0,RULES,1,1,1,
2026-09-25 21:48:00,baseline-rules,2037000,29.25,86.05,1010.10,29.61,73.97,1010.12,0,0,RULES,1,1,1,
2026-09-25 21:48:01,baseline-rules,2038000,29.24,85.46,1010.07,29.62,73.76,1010.19,0,0,RULES,1,1,1,
2026-09-25 21:48:02,baseline-rules,2039000,29.26,85.60,1010.12,29.62,74.11,1010.21,0,0,RULES,1,1,1,
2026-09-25 21:48:03,baseline-rules,2040000,29.26,85.51,1010.15,29.62,74.05,1010.16,0,0,RULES,1,1,1,
2026-09-25 21:48:04,baseline-rules,2041000,29.25,85.68,1010.11,29.62,74.08,1010.15,0,0,RULES,1,1,1,
2026-09-25 21:48:05,baseline-rules,2042000,29.25,85.47,1010.11,29.63,73.97,1010.22,0,0,RULES,1,1,1,
2026-09-25 21:48:06,baseline-rules,2043000,29.26,85.80,1010.12,29.63,74.13,1010.22,0,0,RULES,1,1,1,
2026-09-25 21:48:07,baseline-rules,2044000,29.25,85.68,1010.19,29.63,73.99,1010.15,0,0,RULES,1,1,1,
2026-09-25 21:48:08,baseline-rules,2045000,29.25,85.46,1010.14,29.64,73.76,1010.19,0,0,RULES,1,1,1,
2026-09-25 21:48:09,baseline-rules,2046000,29.25,84.97,1010.13,29.64,73.88,1010.11,0,0,RULES,1,1,1,
2026-09-25 21:48:10,baseline-rules,2047000,29.25,84.98,1010.11,29.63,73.92,1010.15,0,0,RULES,1,1,1,
2026-09-25 21:48:11,baseline-rules,2048000,29.25,85.45,1010.13,29.64,73.76,1010.13,0,0,RULES,1,1,1,
2026-09-25 21:48:12,baseline-rules,2049000,29.25,85.26,1010.10,29.65,73.95,1010.17,0,0,RULES,1,1,1,
2026-09-25 21:48:13,baseline-rules,2050000,29.24,85.37,1010.07,29.65,73.87,1010.12,0,0,RULES,1,1,1,
2026-09-25 21:48:14,baseline-rules,2051000,29.26,85.12,1010.18,29.64,74.15,1010.16,0,0,RULES,1,1,1,
2026-09-25 21:48:15,baseline-rules,2052000,29.26,85.32,1010.13,29.64,73.98,1010.17,0,0,RULES,1,1,1,
2026-09-25 21:48:16,baseline-rules,2053000,29.26,85.05,1010.12,29.65,73.96,1010.12,0,0,RULES,1,1,1,
2026-09-25 21:48:17,baseline-rules,2054000,29.25,85.37,1010.17,29.65,73.84,1010.23,0,0,RULES,1,1,1,
2026-09-25 21:48:18,baseline-rules,2055000,29.25,85.32,1010.11,29.65,73.84,1010.15,0,0,RULES,1,1,1,
2026-09-25 21:48:19,baseline-rules,2056000,29.26,85.60,1010.12,29.65,73.86,1010.17,0,0,RULES,1,1,1,
2026-09-25 21:48:20,baseline-rules,2057000,29.25,85.29,1010.10,29.65,73.80,1010.12,0,0,RULES,1,1,1,
2026-09-25 21:48:21,baseline-rules,2058000,29.25,85.04,1010.08,29.65,73.81,1010.13,0,0,RULES,1,1,1,
2026-09-25 21:48:22,baseline-rules,2059000,29.26,85.58,1010.10,29.66,73.99,1010.13,0,0,RULES,1,1,1,
2026-09-25 21:48:23,baseline-rules,2060000,29.26,85.12,1010.12,29.66,73.80,1010.19,0,0,RULES,1,1,1,
2026-09-25 21:48:24,baseline-rules,2061000,29.26,85.65,1010.12,29.66,73.81,1010.13,0,0,RULES,1,1,1,
2026-09-25 21:48:25,baseline-rules,2062000,29.25,85.06,1010.11,29.66,73.80,1010.13,0,0,RULES,1,1,1,
2026-09-25 21:48:26,baseline-rules,2063000,29.25,84.82,1010.08,29.66,73.92,1010.17,0,0,RULES,1,1,1,
2026-09-25 21:48:27,baseline-rules,2064000,29.26,84.98,1010.15,29.66,73.83,1010.14,0,0,RULES,1,1,1,
2026-09-25 21:48:28,baseline-rules,2065000,29.26,85.05,1010.16,29.67,73.81,1010.21,0,0,RULES,1,1,1,
2026-09-25 21:48:29,baseline-rules,2066000,29.25,85.50,1010.11,29.68,74.10,1010.22,0,0,RULES,1,1,1,
2026-09-25 21:48:30,baseline-rules,2067000,29.25,85.67,1010.11,29.67,74.02,1010.10,0,0,RULES,1,1,1,
2026-09-25 21:48:31,baseline-rules,2068000,29.25,85.17,1010.11,29.67,73.76,1010.12,0,0,RULES,1,1,1,
2026-09-25 21:48:32,baseline-rules,2069000,29.26,85.72,1010.13,29.68,73.80,1010.17,0,0,RULES,1,1,1,
2026-09-25 21:48:33,baseline-rules,2070000,29.26,85.82,1010.15,29.68,73.71,1010.11,0,0,RULES,1,1,1,
2026-09-25 21:48:34,baseline-rules,2071000,29.26,85.24,1010.15,29.68,73.87,1010.14,0,0,RULES,1,1,1,
2026-09-25 21:48:35,baseline-rules,2072000,29.26,85.36,1010.16,29.68,73.89,1010.08,0,0,RULES,1,1,1,
2026-09-25 21:48:36,baseline-rules,2073000,29.27,85.64,1010.11,29.68,73.90,1010.19,0,0,RULES,1,1,1,
2026-09-25 21:48:37,baseline-rules,2074000,29.26,85.28,1010.10,29.68,73.97,1010.15,0,0,RULES,1,1,1,
2026-09-25 21:48:38,baseline-rules,2075000,29.27,85.91,1010.09,29.68,74.01,1010.15,0,0,RULES,1,1,1,
2026-09-25 21:48:39,baseline-rules,2076000,29.26,85.67,1010.12,29.68,73.86,1010.17,0,0,RULES,1,1,1,
2026-09-25 21:48:40,baseline-rules,2077000,29.26,85.38,1010.12,29.68,73.82,1010.17,0,0,RULES,1,1,1,
2026-09-25 21:48:41,baseline-rules,2078000,29.26,85.44,1010.09,29.68,73.74,1010.11,0,0,RULES,1,1,1,
2026-09-25 21:48:42,baseline-rules,2079000,29.26,85.60,1010.15,29.69,73.69,1010.18,0,0,RULES,1,1,1,
2026-09-25 21:48:43,baseline-rules,2080000,29.26,85.77,1010.13,29.69,73.62,1010.16,0,0,RULES,1,1,1,
2026-09-25 21:48:44,baseline-rules,2081000,29.27,85.58,1010.16,29.68,73.72,1010.17,0,0,RULES,1,1,1,
2026-09-25 21:48:45,baseline-rules,2082000,29.27,85.57,1010.12,29.69,73.74,1010.11,0,0,RULES,1,1,1,
2026-09-25 21:48:46,baseline-rules,2083000,29.26,85.30,1010.10,29.68,74.04,1010.17,0,0,RULES,1,1,1,
2026-09-25 21:48:47,baseline-rules,2084000,29.26,85.59,1010.09,29.69,73.81,1010.14,0,0,RULES,1,1,1,
2026-09-25 21:48:48,baseline-rules,2085000,29.26,85.11,1010.10,29.68,73.75,1010.14,0,0,RULES,1,1,1,
2026-09-25 21:48:49,baseline-rules,2086000,29.26,85.52,1010.10,29.68,73.98,1010.17,0,0,RULES,1,1,1,
2026-09-25 21:48:50,baseline-rules,2087000,29.25,85.23,1010.08,29.68,73.60,1010.09,0,0,RULES,1,1,1,
2026-09-25 21:48:51,baseline-rules,2088000,29.26,85.33,1010.18,29.68,74.05,1010.14,0,0,RULES,1,1,1,
2026-09-25 21:48:52,baseline-rules,2089000,29.26,85.23,1010.10,29.69,73.72,1010.22,0,0,RULES,1,1,1,
2026-09-25 21:48:53,baseline-rules,2090000,29.26,85.66,1010.09,29.68,73.81,1010.12,0,0,RULES,1,1,1,
2026-09-25 21:48:54,baseline-rules,2091000,29.26,85.22,1010.16,29.69,73.78,1010.14,0,0,RULES,1,1,1,
2026-09-25 21:48:55,baseline-rules,2092000,29.27,85.22,1010.16,29.69,73.69,1010.18,0,0,RULES,1,1,1,
2026-09-25 21:48:56,baseline-rules,2093000,29.26,85.30,1010.10,29.69,73.95,1010.16,0,0,RULES,1,1,1,
2026-09-25 21:48:57,baseline-rules,2094000,29.26,85.54,1010.10,29.69,73.78,1010.13,0,0,RULES,1,1,1,
2026-09-25 21:48:58,baseline-rules,2095000,29.27,85.46,1010.14,29.68,73.97,1010.12,0,0,RULES,1,1,1,
2026-09-25 21:48:59,baseline-rules,2096000,29.26,85.93,1010.15,29.69,73.70,1010.16,0,0,RULES,1,1,1,
2026-09-25 21:49:00,baseline-rules,2097000,29.27,85.58,1010.11,29.68,73.74,1010.12,0,0,RULES,1,1,1,
2026-09-25 21:49:01,baseline-rules,2098000,29.26,85.69,1010.15,29.70,73.79,1010.12,0,0,RULES,1,1,1,
2026-09-25 21:49:02,baseline-rules,2099000,29.26,85.57,1010.15,29.69,73.81,1010.16,0,0,RULES,1,1,1,
2026-09-25 21:49:03,baseline-rules,2100000,29.26,85.86,1010.13,29.69,73.89,1010.16,0,0,RULES,1,1,1,
2026-09-25 21:49:04,baseline-rules,2101000,29.26,85.96,1010.18,29.69,73.99,1010.14,0,0,RULES,1,1,1,
2026-09-25 21:49:05,baseline-rules,2102000,29.26,85.48,1010.12,29.69,73.76,1010.21,0,0,RULES,1,1,1,
2026-09-25 21:49:06,baseline-rules,2103000,29.28,85.92,1010.15,29.69,73.78,1010.18,0,0,RULES,1,1,1,
2026-09-25 21:49:07,baseline-rules,2104000,29.26,85.72,1010.15,29.69,73.77,1010.21,0,0,RULES,1,1,1,
2026-09-25 21:49:08,baseline-rules,2105000,29.26,85.35,1010.13,29.68,73.88,1010.15,0,0,RULES,1,1,1,
2026-09-25 21:49:09,baseline-rules,2106000,29.27,85.38,1010.14,29.69,73.82,1010.18,0,0,RULES,1,1,1,
2026-09-25 21:49:10,baseline-rules,2107000,29.26,85.64,1010.13,29.68,73.78,1010.17,0,0,RULES,1,1,1,
2026-09-25 21:49:11,baseline-rules,2108000,29.27,85.66,1010.11,29.68,73.63,1010.17,0,0,RULES,1,1,1,
2026-09-25 21:49:12,baseline-rules,2109000,29.26,85.80,1010.16,29.68,73.72,1010.15,0,0,RULES,1,1,1,
2026-09-25 21:49:13,baseline-rules,2110000,29.26,85.34,1010.16,29.68,73.90,1010.17,0,0,RULES,1,1,1,
2026-09-25 21:49:14,baseline-rules,2111000,29.27,85.98,1010.11,29.68,73.71,1010.20,0,0,RULES,1,1,1,
2026-09-25 21:49:15,baseline-rules,2112000,29.27,85.78,1010.14,29.68,73.77,1010.20,0,0,RULES,1,1,1,
2026-09-25 21:49:16,baseline-rules,2113000,29.27,85.77,1010.14,29.67,73.97,1010.05,0,0,RULES,1,1,1,
2026-09-25 21:49:17,baseline-rules,2114000,29.26,85.68,1010.10,29.67,73.70,1010.16,0,0,RULES,1,1,1,
2026-09-25 21:49:18,baseline-rules,2115000,29.29,85.84,1010.17,29.67,73.89,1010.10,0,0,RULES,1,1,1,
2026-09-25 21:49:19,baseline-rules,2116000,29.27,86.09,1010.23,29.67,73.75,1010.13,0,0,RULES,1,1,1,
2026-09-25 21:49:20,baseline-rules,2117000,29.26,86.00,1010.10,29.67,73.70,1010.12,0,0,RULES,1,1,1,
2026-09-25 21:49:21,baseline-rules,2118000,29.27,85.57,1010.11,29.66,73.83,1010.11,0,0,RULES,1,1,1,
2026-09-25 21:49:22,baseline-rules,2119000,29.27,85.87,1010.11,29.66,73.53,1010.19,0,0,RULES,1,1,1,
2026-09-25 21:49:23,baseline-rules,2120000,29.27,85.98,1010.14,29.66,73.73,1010.13,0,0,RULES,1,1,1,
2026-09-25 21:49:24,baseline-rules,2121000,29.28,85.41,1010.15,29.66,73.85,1010.16,0,0,RULES,1,1,1,
2026-09-25 21:49:24,baseline-rules,2122000,29.27,86.10,1010.14,29.65,73.80,1010.23,0,0,RULES,1,1,1,
2026-09-25 21:49:25,baseline-rules,2123000,29.27,86.03,1010.12,29.64,73.75,1010.14,0,0,RULES,1,1,1,
2026-09-25 21:49:27,baseline-rules,2124000,29.28,85.43,1010.10,29.64,73.76,1010.14,0,0,RULES,1,1,1,
2026-09-25 21:49:28,baseline-rules,2125000,29.28,85.71,1010.12,29.64,73.80,1010.13,0,0,RULES,1,1,1,
2026-09-25 21:49:29,baseline-rules,2126000,29.27,86.21,1010.14,29.64,74.04,1010.16,0,0,RULES,1,1,1,
2026-09-25 21:49:30,baseline-rules,2127000,29.28,86.24,1010.10,29.63,73.94,1010.12,0,0,RULES,1,1,1,
2026-09-25 21:49:31,baseline-rules,2128000,29.27,86.32,1010.11,29.64,73.59,1010.22,0,0,RULES,1,1,1,
2026-09-25 21:49:32,baseline-rules,2129000,29.26,86.20,1010.10,29.63,73.92,1010.12,0,0,RULES,1,1,1,
2026-09-25 21:49:32,baseline-rules,2130000,29.27,86.03,1010.11,29.63,73.80,1010.18,0,0,RULES,1,1,1,
2026-09-25 21:49:34,baseline-rules,2131000,29.27,86.10,1010.12,29.63,73.87,1010.09,0,0,RULES,1,1,1,
2026-09-25 21:49:35,baseline-rules,2132000,29.27,85.44,1010.11,29.64,74.04,1010.21,0,0,RULES,1,1,1,
2026-09-25 21:49:36,baseline-rules,2133000,29.27,85.99,1010.08,29.63,74.04,1010.20,0,0,RULES,1,1,1,
2026-09-25 21:49:37,baseline-rules,2134000,29.26,85.97,1010.15,29.63,73.99,1010.15,0,0,RULES,1,1,1,
2026-09-25 21:49:38,baseline-rules,2135000,29.27,85.76,1010.16,29.64,73.96,1010.13,0,0,RULES,1,1,1,
2026-09-25 21:49:38,baseline-rules,2136000,29.27,85.54,1010.14,29.63,73.78,1010.14,0,0,RULES,1,1,1,
2026-09-25 21:49:39,baseline-rules,2137000,29.26,85.89,1010.13,29.63,73.76,1010.12,0,0,RULES,1,1,1,
2026-09-25 21:49:41,baseline-rules,2138000,29.26,85.59,1010.10,29.64,74.08,1010.21,0,0,RULES,1,1,1,
2026-09-25 21:49:42,baseline-rules,2139000,29.25,84.87,1010.13,29.63,73.84,1010.15,0,0,RULES,1,1,1,
2026-09-25 21:49:43,baseline-rules,2140000,29.25,85.07,1010.13,29.63,73.99,1010.11,0,0,RULES,1,1,1,
2026-09-25 21:49:44,baseline-rules,2141000,29.26,85.21,1010.15,29.63,73.86,1010.15,0,0,RULES,1,1,1,
2026-09-25 21:49:45,baseline-rules,2142000,29.26,85.62,1010.09,29.63,73.86,1010.20,0,0,RULES,1,1,1,
2026-09-25 21:49:46,baseline-rules,2143000,29.26,85.56,1010.09,29.64,73.92,1010.13,0,0,RULES,1,1,1,
2026-09-25 21:49:47,baseline-rules,2144000,29.26,85.53,1010.04,29.64,73.86,1010.16,0,0,RULES,1,1,1,
2026-09-25 21:49:48,baseline-rules,2145000,29.26,85.10,1010.15,29.64,73.86,1010.14,0,0,RULES,1,1,1,
2026-09-25 21:49:49,baseline-rules,2146000,29.26,85.08,1010.12,29.63,73.93,1010.07,0,0,RULES,1,1,1,
2026-09-25 21:49:50,baseline-rules,2147000,29.26,85.71,1010.15,29.63,73.78,1010.14,0,0,RULES,1,1,1,
2026-09-25 21:49:51,baseline-rules,2148000,29.26,85.77,1010.06,29.63,73.77,1010.11,0,0,RULES,1,1,1,
2026-09-25 21:49:52,baseline-rules,2149000,29.27,85.22,1010.14,29.63,73.63,1010.20,0,0,RULES,1,1,1,
2026-09-25 21:49:53,baseline-rules,2150000,29.27,85.88,1010.16,29.63,73.71,1010.09,0,0,RULES,1,1,1,
2026-09-25 21:49:54,baseline-rules,2151000,29.26,85.46,1010.10,29.64,73.75,1010.13,0,0,RULES,1,1,1,
2026-09-25 21:49:55,baseline-rules,2152000,29.26,85.34,1010.15,29.64,73.92,1010.14,0,0,RULES,1,1,1,
2026-09-25 21:49:56,baseline-rules,2153000,29.26,85.04,1010.16,29.64,73.83,1010.13,0,0,RULES,1,1,1,
2026-09-25 21:49:57,baseline-rules,2154000,29.27,85.68,1010.14,29.64,73.83,1010.19,0,0,RULES,1,1,1,
2026-09-25 21:49:58,baseline-rules,2155000,29.27,85.19,1010.17,29.63,74.08,1010.20,0,0,RULES,1,1,1,
2026-09-25 21:49:59,baseline-rules,2156000,29.27,85.57,1010.12,29.64,73.93,1010.13,0,0,RULES,1,1,1,
2026-09-25 21:50:00,baseline-rules,2157000,29.27,85.94,1010.11,29.65,73.86,1010.20,0,0,RULES,1,1,1,
2026-09-25 21:50:01,baseline-rules,2158000,29.27,85.69,1010.16,29.65,74.10,1010.17,0,0,RULES,1,1,1,
2026-09-25 21:50:02,baseline-rules,2159000,29.27,85.40,1010.14,29.65,74.06,1010.15,0,0,RULES,1,1,1,
2026-09-25 21:50:03,baseline-rules,2160000,29.28,85.68,1010.07,29.65,73.95,1010.20,0,0,RULES,1,1,1,
2026-09-25 21:50:04,baseline-rules,2161000,29.26,85.49,1010.18,29.64,74.01,1010.16,0,0,RULES,1,1,1,
2026-09-25 21:50:05,baseline-rules,2162000,29.23,84.94,1010.08,29.64,73.89,1010.11,0,0,RULES,1,1,1,
2026-09-25 21:50:06,baseline-rules,2163000,29.25,84.66,1010.17,29.65,73.79,1010.17,0,0,RULES,1,1,1,
2026-09-25 21:50:07,baseline-rules,2164000,29.25,85.43,1010.14,29.65,73.83,1010.18,0,0,RULES,1,1,1,
2026-09-25 21:50:08,baseline-rules,2165000,29.26,85.16,1010.13,29.65,74.15,1010.13,0,0,RULES,1,1,1,
2026-09-25 21:50:09,baseline-rules,2166000,29.26,85.30,1010.07,29.65,73.84,1010.15,0,0,RULES,1,1,1,
2026-09-25 21:50:10,baseline-rules,2167000,29.26,85.05,1010.09,29.65,73.92,1010.17,0,0,RULES,1,1,1,
2026-09-25 21:50:11,baseline-rules,2168000,29.27,85.40,1010.14,29.66,73.70,1010.13,0,0,RULES,1,1,1,
2026-09-25 21:50:12,baseline-rules,2169000,29.27,85.71,1010.08,29.65,73.92,1010.07,0,0,RULES,1,1,1,
2026-09-25 21:50:13,baseline-rules,2170000,29.26,85.07,1010.21,29.66,73.90,1010.14,0,0,RULES,1,1,1,
2026-09-25 21:50:14,baseline-rules,2171000,29.27,85.86,1010.14,29.65,73.94,1010.18,0,0,RULES,1,1,1,
2026-09-25 21:50:15,baseline-rules,2172000,29.26,85.66,1010.12,29.65,73.87,1010.15,0,0,RULES,1,1,1,
2026-09-25 21:50:16,baseline-rules,2173000,29.26,85.13,1010.16,29.66,73.91,1010.22,0,0,RULES,1,1,1,
2026-09-25 21:50:17,baseline-rules,2174000,29.26,85.64,1010.07,29.65,73.94,1010.17,0,0,RULES,1,1,1,
2026-09-25 21:50:18,baseline-rules,2175000,29.26,85.94,1010.16,29.66,73.89,1010.16,0,0,RULES,1,1,1,
2026-09-25 21:50:19,baseline-rules,2176000,29.25,85.40,1010.10,29.65,73.74,1010.15,0,0,RULES,1,1,1,
2026-09-25 21:50:20,baseline-rules,2177000,29.26,85.42,1010.09,29.66,73.75,1010.16,0,0,RULES,1,1,1,
2026-09-25 21:50:21,baseline-rules,2178000,29.25,85.12,1010.08,29.66,74.10,1010.13,0,0,RULES,1,1,1,
2026-09-25 21:50:22,baseline-rules,2179000,29.26,84.85,1010.09,29.66,73.82,1010.20,0,0,RULES,1,1,1,
2026-09-25 21:50:23,baseline-rules,2180000,29.26,84.98,1010.12,29.66,74.09,1010.11,0,0,RULES,1,1,1,
2026-09-25 21:50:24,baseline-rules,2181000,29.27,85.65,1010.14,29.66,73.89,1010.16,0,0,RULES,1,1,1,
2026-09-25 21:50:25,baseline-rules,2182000,29.26,85.90,1010.09,29.65,73.92,1010.21,0,0,RULES,1,1,1,
2026-09-25 21:50:26,baseline-rules,2183000,29.26,85.66,1010.13,29.66,73.77,1010.11,0,0,RULES,1,1,1,
2026-09-25 21:50:27,baseline-rules,2184000,29.26,85.89,1010.10,29.66,73.82,1010.14,0,0,RULES,1,1,1,
2026-09-25 21:50:28,baseline-rules,2185000,29.27,85.38,1010.11,29.65,73.83,1010.15,0,0,RULES,1,1,1,
2026-09-25 21:50:29,baseline-rules,2186000,29.26,85.84,1010.09,29.66,73.76,1010.13,0,0,RULES,1,1,1,
2026-09-25 21:50:30,baseline-rules,2187000,29.26,85.51,1010.13,29.66,73.89,1010.17,0,0,RULES,1,1,1,
2026-09-25 21:50:31,baseline-rules,2188000,29.26,86.02,1010.10,29.66,73.95,1010.13,0,0,RULES,1,1,1,
2026-09-25 21:50:32,baseline-rules,2189000,29.26,85.89,1010.10,29.66,73.94,1010.13,0,0,RULES,1,1,1,
2026-09-25 21:50:33,baseline-rules,2190000,29.27,85.14,1010.11,29.66,74.10,1010.13,0,0,RULES,1,1,1,
2026-09-25 21:50:34,baseline-rules,2191000,29.26,85.99,1010.13,29.66,73.93,1010.13,0,0,RULES,1,1,1,
2026-09-25 21:50:35,baseline-rules,2192000,29.26,85.46,1010.10,29.66,73.94,1010.13,0,0,RULES,1,1,1,
2026-09-25 21:50:36,baseline-rules,2193000,29.26,85.75,1010.13,29.66,73.92,1010.13,0,0,RULES,1,1,1,
2026-09-25 21:50:37,baseline-rules,2194000,29.26,85.50,1010.10,29.66,73.63,1010.16,0,0,RULES,1,1,1,
2026-09-25 21:50:38,baseline-rules,2195000,29.26,85.47,1010.06,29.66,73.77,1010.13,0,0,RULES,1,1,1,
2026-09-25 21:50:39,baseline-rules,2196000,29.27,85.75,1010.14,29.66,73.98,1010.14,0,0,RULES,1,1,1,
2026-09-25 21:50:40,baseline-rules,2197000,29.26,85.32,1010.09,29.66,73.95,1010.13,0,0,RULES,1,1,1,
2026-09-25 21:50:41,baseline-rules,2198000,29.26,86.02,1010.04,29.66,73.80,1010.11,0,0,RULES,1,1,1,
2026-09-25 21:50:42,baseline-rules,2199000,29.26,86.16,1010.13,29.66,73.92,1010.11,0,0,RULES,1,1,1,
2026-09-25 21:50:43,baseline-rules,2200000,29.25,85.74,1010.14,29.66,73.90,1010.11,0,0,RULES,1,1,1,
2026-09-25 21:50:44,baseline-rules,2201000,29.26,85.51,1010.10,29.66,73.82,1010.13,0,0,RULES,1,1,1,
2026-09-25 21:50:44,baseline-rules,2202000,29.26,85.51,1010.12,29.66,73.62,1010.20,0,0,RULES,1,1,1,
2026-09-25 21:50:45,baseline-rules,2203000,29.26,85.77,1010.13,29.66,73.75,1010.17,0,0,RULES,1,1,1,
2026-09-25 21:50:47,baseline-rules,2204000,29.26,85.06,1010.09,29.67,73.89,1010.15,0,0,RULES,1,1,1,
2026-09-25 21:50:48,baseline-rules,2205000,29.25,85.12,1010.10,29.66,73.79,1010.17,0,0,RULES,1,1,1,
2026-09-25 21:50:49,baseline-rules,2206000,29.25,85.37,1010.16,29.66,73.88,1010.13,0,0,RULES,1,1,1,
2026-09-25 21:50:50,baseline-rules,2207000,29.26,85.55,1010.12,29.67,73.68,1010.15,0,0,RULES,1,1,1,
2026-09-25 21:50:51,baseline-rules,2208000,29.26,85.30,1010.20,29.66,73.79,1010.11,0,0,RULES,1,1,1,
2026-09-25 21:50:52,baseline-rules,2209000,29.26,85.71,1010.13,29.66,73.79,1010.13,0,0,RULES,1,1,1,
2026-09-25 21:50:53,baseline-rules,2210000,29.26,85.63,1010.13,29.67,73.81,1010.18,0,0,RULES,1,1,1,
2026-09-25 21:50:54,baseline-rules,2211000,29.26,85.84,1010.06,29.67,74.04,1010.15,0,0,RULES,1,1,1,
2026-09-25 21:50:55,baseline-rules,2212000,29.26,85.47,1010.18,29.66,73.86,1010.16,0,0,RULES,1,1,1,
2026-09-25 21:50:56,baseline-rules,2213000,29.27,85.46,1010.16,29.66,73.79,1010.11,0,0,RULES,1,1,1,
2026-09-25 21:50:57,baseline-rules,2214000,29.26,85.84,1010.10,29.67,73.92,1010.12,0,0,RULES,1,1,1,
2026-09-25 21:50:58,baseline-rules,2215000,29.27,86.01,1010.14,29.66,73.84,1010.14,0,0,RULES,1,1,1,
2026-09-25 21:50:59,baseline-rules,2216000,29.26,85.76,1010.10,29.67,73.71,1010.18,0,0,RULES,1,1,1,
2026-09-25 21:51:00,baseline-rules,2217000,29.27,85.89,1010.11,29.66,73.67,1010.14,0,0,RULES,1,1,1,
2026-09-25 21:51:01,baseline-rules,2218000,29.27,86.05,1010.14,29.66,73.64,1010.14,0,0,RULES,1,1,1,
2026-09-25 21:51:02,baseline-rules,2219000,29.26,85.51,1010.13,29.66,73.58,1010.11,0,0,RULES,1,1,1,
2026-09-25 21:51:03,baseline-rules,2220000,29.26,85.62,1010.12,29.66,73.75,1010.16,0,0,RULES,1,1,1,
2026-09-25 21:51:04,baseline-rules,2221000,29.27,86.12,1010.11,29.66,73.95,1010.19,0,0,RULES,1,1,1,
2026-09-25 21:51:05,baseline-rules,2222000,29.26,86.04,1010.16,29.66,73.98,1010.13,0,0,RULES,1,1,1,
2026-09-25 21:51:06,baseline-rules,2223000,29.28,85.66,1010.21,29.66,74.00,1010.16,0,0,RULES,1,1,1,
2026-09-25 21:51:07,baseline-rules,2224000,29.27,86.18,1010.12,29.65,73.94,1010.13,0,0,RULES,1,1,1,
2026-09-25 21:51:08,baseline-rules,2225000,29.27,86.17,1010.16,29.66,73.96,1010.23,0,0,RULES,1,1,1,
2026-09-25 21:51:09,baseline-rules,2226000,29.27,85.75,1010.11,29.65,73.86,1010.18,0,0,RULES,1,1,1,
2026-09-25 21:51:10,baseline-rules,2227000,29.26,86.24,1010.10,29.66,74.08,1010.20,0,0,RULES,1,1,1,
2026-09-25 21:51:11,baseline-rules,2228000,29.27,86.22,1010.14,29.66,73.81,1010.20,0,0,RULES,1,1,1,
2026-09-25 21:51:12,baseline-rules,2229000,29.27,86.03,1010.19,29.66,73.85,1010.19,0,0,RULES,1,1,1,
2026-09-25 21:51:13,baseline-rules,2230000,29.25,86.02,1010.14,29.66,73.77,1010.23,0,0,RULES,1,1,1,
2026-09-25 21:51:14,baseline-rules,2231000,29.26,85.57,1010.15,29.66,73.89,1010.17,0,0,RULES,1,1,1,
2026-09-25 21:51:15,baseline-rules,2232000,29.26,85.61,1010.09,29.66,73.94,1010.14,0,0,RULES,1,1,1,
2026-09-25 21:51:16,baseline-rules,2233000,29.25,85.77,1010.13,29.66,73.92,1010.16,0,0,RULES,1,1,1,
2026-09-25 21:51:17,baseline-rules,2234000,29.26,85.19,1010.15,29.67,73.84,1010.15,0,0,RULES,1,1,1,
2026-09-25 21:51:18,baseline-rules,2235000,29.25,85.59,1010.19,29.66,73.93,1010.22,0,0,RULES,1,1,1,
2026-09-25 21:51:19,baseline-rules,2236000,29.25,85.77,1010.14,29.66,73.77,1010.13,0,0,RULES,1,1,1,
2026-09-25 21:51:20,baseline-rules,2237000,29.26,85.63,1010.16,29.67,74.02,1010.15,0,0,RULES,1,1,1,
2026-09-25 21:51:21,baseline-rules,2238000,29.25,85.80,1010.11,29.67,73.81,1010.15,0,0,RULES,1,1,1,
2026-09-25 21:51:22,baseline-rules,2239000,29.26,85.44,1010.12,29.65,74.02,1010.21,0,0,RULES,1,1,1,
2026-09-25 21:51:23,baseline-rules,2240000,29.24,85.71,1010.15,29.65,73.84,1010.24,0,0,RULES,1,1,1,
2026-09-25 21:51:24,baseline-rules,2241000,29.25,85.01,1010.16,29.65,73.78,1010.20,0,0,RULES,1,1,1,
2026-09-25 21:51:25,baseline-rules,2242000,29.24,85.50,1010.10,29.65,73.79,1010.20,0,0,RULES,1,1,1,
2026-09-25 21:51:26,baseline-rules,2243000,29.25,85.49,1010.13,29.64,73.79,1010.16,0,0,RULES,1,1,1,
2026-09-25 21:51:27,baseline-rules,2244000,29.25,84.74,1010.10,29.64,74.00,1010.13,0,0,RULES,1,1,1,
2026-09-25 21:51:28,baseline-rules,2245000,29.25,85.00,1010.10,29.64,73.80,1010.21,0,0,RULES,1,1,1,
2026-09-25 21:51:29,baseline-rules,2246000,29.26,85.44,1010.18,29.64,73.66,1010.16,0,0,RULES,1,1,1,
2026-09-25 21:51:30,baseline-rules,2247000,29.25,84.92,1010.17,29.62,74.05,1010.13,0,0,RULES,1,1,1,
2026-09-25 21:51:31,baseline-rules,2248000,29.25,84.81,1010.14,29.63,73.77,1010.14,0,0,RULES,1,1,1,
2026-09-25 21:51:32,baseline-rules,2249000,29.25,84.85,1010.10,29.62,73.76,1010.13,0,0,RULES,1,1,1,
2026-09-25 21:51:33,baseline-rules,2250000,29.24,84.68,1010.12,29.62,73.90,1010.21,0,0,RULES,1,1,1,
2026-09-25 21:51:34,baseline-rules,2251000,29.25,84.77,1010.10,29.62,73.81,1010.22,0,0,RULES,1,1,1,
2026-09-25 21:51:35,baseline-rules,2252000,29.24,85.28,1010.15,29.62,73.63,1010.18,0,0,RULES,1,1,1,
2026-09-25 21:51:36,baseline-rules,2253000,29.23,84.93,1010.07,29.61,73.65,1010.16,0,0,RULES,1,1,1,
2026-09-25 21:51:37,baseline-rules,2254000,29.24,85.00,1010.18,29.61,73.74,1010.19,0,0,RULES,1,1,1,
2026-09-25 21:51:38,baseline-rules,2255000,29.25,84.93,1010.16,29.61,73.88,1010.16,0,0,RULES,1,1,1,
2026-09-25 21:51:39,baseline-rules,2256000,29.25,84.58,1010.16,29.60,73.73,1010.21,0,0,RULES,1,1,1,
2026-09-25 21:51:40,baseline-rules,2257000,29.25,85.24,1010.08,29.60,73.66,1010.18,0,0,RULES,1,1,1,
2026-09-25 21:51:41,baseline-rules,2258000,29.26,85.45,1010.09,29.59,73.75,1010.14,0,0,RULES,1,1,1,
2026-09-25 21:51:42,baseline-rules,2259000,29.25,85.34,1010.10,29.58,73.77,1010.19,0,0,RULES,1,1,1,
2026-09-25 21:51:43,baseline-rules,2260000,29.26,85.30,1010.12,29.58,73.71,1010.13,0,0,RULES,1,1,1,
2026-09-25 21:51:44,baseline-rules,2261000,29.26,85.89,1010.15,29.58,73.83,1010.19,0,0,RULES,1,1,1,
2026-09-25 21:51:45,baseline-rules,2262000,29.26,85.56,1010.18,29.58,73.70,1010.12,0,0,RULES,1,1,1,
2026-09-25 21:51:46,baseline-rules,2263000,29.27,85.50,1010.14,29.57,73.70,1010.14,0,0,RULES,1,1,1,
2026-09-25 21:51:47,baseline-rules,2264000,29.26,85.44,1010.16,29.57,73.74,1010.14,0,0,RULES,1,1,1,
2026-09-25 21:51:48,baseline-rules,2265000,29.27,85.25,1010.14,29.56,73.86,1010.15,0,0,RULES,1,1,1,
2026-09-25 21:51:49,baseline-rules,2266000,29.26,85.39,1010.07,29.57,73.75,1010.14,0,0,RULES,1,1,1,
2026-09-25 21:51:49,baseline-rules,2267000,29.26,85.74,1010.13,29.56,73.95,1010.09,0,0,RULES,1,1,1,
2026-09-25 21:51:51,baseline-rules,2268000,29.27,85.33,1010.11,29.56,73.90,1010.16,0,0,RULES,1,1,1,
2026-09-25 21:51:52,baseline-rules,2269000,29.26,85.57,1010.15,29.56,73.88,1010.18,0,0,RULES,1,1,1,
2026-09-25 21:51:53,baseline-rules,2270000,29.26,86.01,1010.13,29.56,73.79,1010.13,0,0,RULES,1,1,1,
2026-09-25 21:51:54,baseline-rules,2271000,29.27,86.08,1010.14,29.56,74.12,1010.20,0,0,RULES,1,1,1,
2026-09-25 21:51:55,baseline-rules,2272000,29.26,85.52,1010.16,29.55,73.95,1010.11,0,0,RULES,1,1,1,
2026-09-25 21:51:56,baseline-rules,2273000,29.25,85.35,1010.08,29.55,73.89,1010.16,0,0,RULES,1,1,1,
2026-09-25 21:51:57,baseline-rules,2274000,29.24,85.42,1010.10,29.55,73.95,1010.13,0,0,RULES,1,1,1,
2026-09-25 21:51:58,baseline-rules,2275000,29.25,85.30,1010.08,29.54,74.13,1010.12,0,0,RULES,1,1,1,
2026-09-25 21:51:59,baseline-rules,2276000,29.27,85.92,1010.14,29.55,74.12,1010.17,0,0,RULES,1,1,1,
2026-09-25 21:52:00,baseline-rules,2277000,29.25,85.63,1010.02,29.54,74.07,1010.17,0,0,RULES,1,1,1,
2026-09-25 21:52:01,baseline-rules,2278000,29.25,85.36,1010.10,29.54,73.84,1010.10,0,0,RULES,1,1,1,
2026-09-25 21:52:02,baseline-rules,2279000,29.24,85.71,1010.15,29.53,74.07,1010.14,0,0,RULES,1,1,1,
2026-09-25 21:52:03,baseline-rules,2280000,29.25,85.34,1010.13,29.55,73.86,1010.19,0,0,RULES,1,1,1,
2026-09-25 21:52:04,baseline-rules,2281000,29.25,85.77,1010.11,29.54,73.96,1010.18,0,0,RULES,1,1,1,
2026-09-25 21:52:05,baseline-rules,2282000,29.26,85.38,1010.13,29.55,73.90,1010.17,0,0,RULES,1,1,1,
2026-09-25 21:52:06,baseline-rules,2283000,29.26,85.47,1010.12,29.54,74.01,1010.14,0,0,RULES,1,1,1,
2026-09-25 21:52:07,baseline-rules,2284000,29.25,85.33,1010.14,29.54,73.82,1010.12,0,0,RULES,1,1,1,
2026-09-25 21:52:08,baseline-rules,2285000,29.26,85.35,1010.18,29.54,73.76,1010.12,0,0,RULES,1,1,1,
2026-09-25 21:52:09,baseline-rules,2286000,29.26,85.94,1010.12,29.54,74.08,1010.12,0,0,RULES,1,1,1,
2026-09-25 21:52:10,baseline-rules,2287000,29.26,85.45,1010.10,29.54,73.97,1010.12,0,0,RULES,1,1,1,
2026-09-25 21:52:11,baseline-rules,2288000,29.26,85.46,1010.09,29.55,74.01,1010.16,0,0,RULES,1,1,1,
2026-09-25 21:52:12,baseline-rules,2289000,29.27,85.81,1010.14,29.55,73.93,1010.08,0,0,RULES,1,1,1,
2026-09-25 21:52:13,baseline-rules,2290000,29.26,86.13,1010.12,29.54,74.27,1010.12,0,0,RULES,1,1,1,
2026-09-25 21:52:14,baseline-rules,2291000,29.26,85.90,1010.15,29.55,73.96,1010.10,0,0,RULES,1,1,1,
2026-09-25 21:52:15,baseline-rules,2292000,29.26,86.14,1010.13,29.54,73.80,1010.15,0,0,RULES,1,1,1,
2026-09-25 21:52:16,baseline-rules,2293000,29.25,85.41,1010.17,29.55,73.95,1010.19,0,0,RULES,1,1,1,
2026-09-25 21:52:17,baseline-rules,2294000,29.25,85.98,1010.11,29.54,73.95,1010.18,0,0,RULES,1,1,1,
2026-09-25 21:52:18,baseline-rules,2295000,29.24,85.89,1010.06,29.55,74.19,1010.16,0,0,RULES,1,1,1,
2026-09-25 21:52:19,baseline-rules,2296000,29.25,85.12,1010.16,29.55,74.14,1010.17,0,0,RULES,1,1,1,
2026-09-25 21:52:20,baseline-rules,2297000,29.24,85.35,1010.07,29.55,74.09,1010.17,0,0,RULES,1,1,1,
2026-09-25 21:52:21,baseline-rules,2298000,29.24,85.66,1010.15,29.56,74.02,1010.15,0,0,RULES,1,1,1,
2026-09-25 21:52:22,baseline-rules,2299000,29.23,84.79,1010.16,29.56,74.15,1010.15,0,0,RULES,1,1,1,
2026-09-25 21:52:23,baseline-rules,2300000,29.23,84.56,1010.16,29.55,73.99,1010.11,0,0,RULES,1,1,1,
2026-09-25 21:52:24,baseline-rules,2301000,29.24,84.89,1010.17,29.55,74.16,1010.14,0,0,RULES,1,1,1,
2026-09-25 21:52:25,baseline-rules,2302000,29.22,84.72,1010.12,29.57,73.97,1010.16,0,0,RULES,1,1,1,
2026-09-25 21:52:26,baseline-rules,2303000,29.23,84.56,1010.16,29.56,74.11,1010.15,0,0,RULES,1,1,1,
2026-09-25 21:52:27,baseline-rules,2304000,29.24,84.94,1010.12,29.56,74.18,1010.18,0,0,RULES,1,1,1,
2026-09-25 21:52:28,baseline-rules,2305000,29.24,84.99,1010.07,29.56,73.98,1010.10,0,0,RULES,1,1,1,
2026-09-25 21:52:29,baseline-rules,2306000,29.24,85.11,1010.12,29.56,74.02,1010.16,0,0,RULES,1,1,1,
2026-09-25 21:52:30,baseline-rules,2307000,29.25,85.14,1010.14,29.56,73.96,1010.16,0,0,RULES,1,1,1,
2026-09-25 21:52:31,baseline-rules,2308000,29.25,85.19,1010.10,29.56,73.86,1010.16,0,0,RULES,1,1,1,
2026-09-25 21:52:32,baseline-rules,2309000,29.24,85.60,1010.06,29.56,73.94,1010.13,0,0,RULES,1,1,1,
2026-09-25 21:52:33,baseline-rules,2310000,29.25,85.17,1010.19,29.56,73.98,1010.16,0,0,RULES,1,1,1,
2026-09-25 21:52:34,baseline-rules,2311000,29.25,85.30,1010.13,29.56,73.95,1010.12,0,0,RULES,1,1,1,
2026-09-25 21:52:35,baseline-rules,2312000,29.25,85.50,1010.10,29.57,73.96,1010.20,0,0,RULES,1,1,1,
2026-09-25 21:52:36,baseline-rules,2313000,29.25,85.41,1010.13,29.56,73.96,1010.16,0,0,RULES,1,1,1,
2026-09-25 21:52:37,baseline-rules,2314000,29.26,85.63,1010.10,29.57,74.02,1010.17,0,0,RULES,1,1,1,
2026-09-25 21:52:37,baseline-rules,2315000,29.25,85.56,1010.13,29.57,73.84,1010.20,0,0,RULES,1,1,1,
2026-09-25 21:52:39,baseline-rules,2316000,29.25,85.42,1010.13,29.57,74.04,1010.16,0,0,RULES,1,1,1,
2026-09-25 21:52:40,baseline-rules,2317000,29.26,85.50,1010.09,29.57,73.87,1010.16,0,0,RULES,1,1,1,
2026-09-25 21:52:41,baseline-rules,2318000,29.27,85.99,1010.08,29.56,74.03,1010.13,0,0,RULES,1,1,1,
2026-09-25 21:52:42,baseline-rules,2319000,29.25,85.63,1010.11,29.57,74.11,1010.16,0,0,RULES,1,1,1,
2026-09-25 21:52:43,baseline-rules,2320000,29.26,85.86,1010.15,29.56,73.99,1010.13,0,0,RULES,1,1,1,
2026-09-25 21:52:44,baseline-rules,2321000,29.25,85.98,1010.08,29.56,73.96,1010.09,0,0,RULES,1,1,1,
2026-09-25 21:52:45,baseline-rules,2322000,29.25,85.97,1010.08,29.56,74.09,1010.15,0,0,RULES,1,1,1,
2026-09-25 21:52:46,baseline-rules,2323000,29.25,86.02,1010.13,29.56,74.12,1010.13,0,0,RULES,1,1,1,
2026-09-25 21:52:47,baseline-rules,2324000,29.24,85.95,1010.18,29.56,74.10,1010.13,0,0,RULES,1,1,1,
2026-09-25 21:52:48,baseline-rules,2325000,29.25,85.84,1010.08,29.56,74.01,1010.10,0,0,RULES,1,1,1,
2026-09-25 21:52:49,baseline-rules,2326000,29.24,85.87,1010.15,29.56,73.97,1010.13,0,0,RULES,1,1,1,
2026-09-25 21:52:50,baseline-rules,2327000,29.25,85.23,1010.10,29.55,74.07,1010.11,0,0,RULES,1,1,1,
2026-09-25 21:52:51,baseline-rules,2328000,29.26,85.72,1010.15,29.56,73.83,1010.16,0,0,RULES,1,1,1,
2026-09-25 21:52:52,baseline-rules,2329000,29.25,85.30,1010.13,29.56,73.77,1010.10,0,0,RULES,1,1,1,
2026-09-25 21:52:52,baseline-rules,2330000,29.24,85.28,1010.10,29.56,73.94,1010.16,0,0,RULES,1,1,1,
2026-09-25 21:52:54,baseline-rules,2331000,29.24,85.31,1010.12,29.56,73.97,1010.10,0,0,RULES,1,1,1,
2026-09-25 21:52:55,baseline-rules,2332000,29.25,85.63,1010.11,29.56,73.86,1010.15,0,0,RULES,1,1,1,
2026-09-25 21:52:56,baseline-rules,2333000,29.24,85.93,1010.12,29.56,73.76,1010.12,0,0,RULES,1,1,1,
2026-09-25 21:52:57,baseline-rules,2334000,29.25,86.06,1010.11,29.55,73.88,1010.14,0,0,RULES,1,1,1,
2026-09-25 21:52:58,baseline-rules,2335000,29.25,86.17,1010.13,29.56,74.21,1010.12,0,0,RULES,1,1,1,
2026-09-25 21:52:59,baseline-rules,2336000,29.24,85.37,1010.06,29.55,73.82,1010.14,0,0,RULES,1,1,1,
2026-09-25 21:53:00,baseline-rules,2337000,29.24,85.94,1010.15,29.56,73.86,1010.18,0,0,RULES,1,1,1,
2026-09-25 21:53:01,baseline-rules,2338000,29.23,85.53,1010.16,29.56,73.93,1010.10,0,0,RULES,1,1,1,
2026-09-25 21:53:02,baseline-rules,2339000,29.25,85.47,1010.19,29.56,73.90,1010.10,0,0,RULES,1,1,1,
2026-09-25 21:53:03,baseline-rules,2340000,29.24,85.64,1010.07,29.56,74.12,1010.16,0,0,RULES,1,1,1,
2026-09-25 21:53:04,baseline-rules,2341000,29.25,85.94,1010.10,29.56,74.11,1010.10,0,0,RULES,1,1,1,
2026-09-25 21:53:05,baseline-rules,2342000,29.25,85.46,1010.13,29.56,74.16,1010.13,0,0,RULES,1,1,1,
2026-09-25 21:53:06,baseline-rules,2343000,29.25,85.41,1010.13,29.56,74.14,1010.18,0,0,RULES,1,1,1,
2026-09-25 21:53:07,baseline-rules,2344000,29.25,85.84,1010.13,29.56,74.14,1010.18,0,0,RULES,1,1,1,
2026-09-25 21:53:08,baseline-rules,2345000,29.24,86.00,1010.12,29.56,74.19,1010.18,0,0,RULES,1,1,1,
2026-09-25 21:53:09,baseline-rules,2346000,29.24,85.86,1010.14,29.56,74.10,1010.16,0,0,RULES,1,1,1,
2026-09-25 21:53:10,baseline-rules,2347000,29.24,85.81,1010.14,29.56,74.16,1010.13,0,0,RULES,1,1,1,
2026-09-25 21:53:11,baseline-rules,2348000,29.25,85.74,1010.13,29.56,73.96,1010.13,0,0,RULES,1,1,1,
2026-09-25 21:53:12,baseline-rules,2349000,29.24,85.53,1010.12,29.55,74.22,1010.14,0,0,RULES,1,1,1,
2026-09-25 21:53:13,baseline-rules,2350000,29.24,85.17,1010.18,29.55,74.13,1010.11,0,0,RULES,1,1,1,
2026-09-25 21:53:14,baseline-rules,2351000,29.23,85.82,1010.11,29.56,73.89,1010.15,0,0,RULES,1,1,1,
2026-09-25 21:53:15,baseline-rules,2352000,29.24,85.88,1010.10,29.56,73.90,1010.16,0,0,RULES,1,1,1,
2026-09-25 21:53:16,baseline-rules,2353000,29.24,85.73,1010.10,29.56,73.84,1010.16,0,0,RULES,1,1,1,
2026-09-25 21:53:17,baseline-rules,2354000,29.25,85.40,1010.13,29.57,73.79,1010.16,0,0,RULES,1,1,1,
2026-09-25 21:53:18,baseline-rules,2355000,29.24,85.50,1010.15,29.56,74.08,1010.13,0,0,RULES,1,1,1,
2026-09-25 21:53:19,baseline-rules,2356000,29.25,85.85,1010.08,29.56,73.94,1010.16,0,0,RULES,1,1,1,
2026-09-25 21:53:20,baseline-rules,2357000,29.25,85.89,1010.10,29.57,74.24,1010.08,0,0,RULES,1,1,1,
2026-09-25 21:53:21,baseline-rules,2358000,29.25,85.73,1010.10,29.57,73.94,1010.17,0,0,RULES,1,1,1,
2026-09-25 21:53:22,baseline-rules,2359000,29.24,86.15,1010.15,29.57,73.94,1010.12,0,0,RULES,1,1,1,
2026-09-25 21:53:23,baseline-rules,2360000,29.24,85.88,1010.06,29.57,74.04,1010.14,0,0,RULES,1,1,1,
2026-09-25 21:53:24,baseline-rules,2361000,29.22,86.02,1010.15,29.57,73.94,1010.12,0,0,RULES,1,1,1,
2026-09-25 21:53:25,baseline-rules,2362000,29.24,85.38,1010.12,29.58,73.83,1010.21,0,0,RULES,1,1,1,
2026-09-25 21:53:26,baseline-rules,2363000,29.24,85.34,1010.12,29.57,73.92,1010.12,0,0,RULES,1,1,1,
2026-09-25 21:53:27,baseline-rules,2364000,29.24,85.76,1010.14,29.58,73.99,1010.08,0,0,RULES,1,1,1,
2026-09-25 21:53:28,baseline-rules,2365000,29.24,85.84,1010.10,29.57,74.05,1010.12,0,0,RULES,1,1,1,
2026-09-25 21:53:29,baseline-rules,2366000,29.23,85.85,1010.10,29.58,73.96,1010.13,0,0,RULES,1,1,1,
2026-09-25 21:53:30,baseline-rules,2367000,29.24,85.97,1010.10,29.59,73.92,1010.14,0,0,RULES,1,1,1,
2026-09-25 21:53:31,baseline-rules,2368000,29.23,85.17,1010.10,29.60,74.01,1010.15,0,0,RULES,1,1,1,
2026-09-25 21:53:32,baseline-rules,2369000,29.23,85.63,1010.08,29.58,73.89,1010.12,0,0,RULES,1,1,1,
2026-09-25 21:53:33,baseline-rules,2370000,29.23,85.60,1010.16,29.58,73.94,1010.19,0,0,RULES,1,1,1,
2026-09-25 21:53:34,baseline-rules,2371000,29.22,85.67,1010.20,29.58,73.94,1010.13,0,0,RULES,1,1,1,
2026-09-25 21:53:35,baseline-rules,2372000,29.23,85.92,1010.11,29.58,74.14,1010.13,0,0,RULES,1,1,1,
2026-09-25 21:53:36,baseline-rules,2373000,29.23,85.18,1010.16,29.58,74.03,1010.19,0,0,RULES,1,1,1,
2026-09-25 21:53:37,baseline-rules,2374000,29.23,85.42,1010.10,29.59,74.18,1010.14,0,0,RULES,1,1,1,
2026-09-25 21:53:38,baseline-rules,2375000,29.23,85.73,1010.11,29.60,73.95,1010.12,0,0,RULES,1,1,1,
2026-09-25 21:53:39,baseline-rules,2376000,29.23,85.59,1010.18,29.60,74.07,1010.09,0,0,RULES,1,1,1,
2026-09-25 21:53:40,baseline-rules,2377000,29.23,85.50,1010.13,29.60,74.08,1010.12,0,0,RULES,1,1,1,
2026-09-25 21:53:41,baseline-rules,2378000,29.24,85.75,1010.12,29.60,73.88,1010.15,0,0,RULES,1,1,1,
2026-09-25 21:53:42,baseline-rules,2379000,29.24,85.58,1010.12,29.59,73.83,1010.17,0,0,RULES,1,1,1,
2026-09-25 21:53:43,baseline-rules,2380000,29.24,85.32,1010.15,29.58,74.14,1010.13,0,0,RULES,1,1,1,
2026-09-25 21:53:44,baseline-rules,2381000,29.23,85.55,1010.11,29.58,74.13,1010.13,0,0,RULES,1,1,1,
2026-09-25 21:53:45,baseline-rules,2382000,29.24,85.27,1010.17,29.59,73.89,1010.20,0,0,RULES,1,1,1,
2026-09-25 21:53:45,baseline-rules,2383000,29.23,85.25,1010.14,29.60,74.04,1010.15,0,0,RULES,1,1,1,
2026-09-25 21:53:47,baseline-rules,2384000,29.24,85.48,1010.20,29.60,74.17,1010.18,0,0,RULES,1,1,1,
2026-09-25 21:53:48,baseline-rules,2385000,29.24,85.20,1010.14,29.59,74.16,1010.09,0,0,RULES,1,1,1,
2026-09-25 21:53:49,baseline-rules,2386000,29.24,85.81,1010.12,29.60,73.93,1010.15,0,0,RULES,1,1,1,
2026-09-25 21:53:50,baseline-rules,2387000,29.24,85.61,1010.14,29.59,73.92,1010.14,0,0,RULES,1,1,1,
2026-09-25 21:53:51,baseline-rules,2388000,29.23,85.68,1010.10,29.59,74.16,1010.09,0,0,RULES,1,1,1,
2026-09-25 21:53:52,baseline-rules,2389000,29.23,85.40,1010.14,29.58,74.23,1010.05,0,0,RULES,1,1,1,
2026-09-25 21:53:53,baseline-rules,2390000,29.23,85.14,1010.11,29.59,73.84,1010.11,0,0,RULES,1,1,1,
2026-09-25 21:53:53,baseline-rules,2391000,29.23,85.12,1010.10,29.59,74.20,1010.06,0,0,RULES,1,1,1,
2026-09-25 21:53:55,baseline-rules,2392000,29.23,85.16,1010.10,29.60,74.13,1010.12,0,0,RULES,1,1,1,
2026-09-25 21:53:56,baseline-rules,2393000,29.23,85.20,1010.13,29.60,73.99,1010.13,0,0,RULES,1,1,1,
2026-09-25 21:53:57,baseline-rules,2394000,29.24,85.17,1010.12,29.61,74.09,1010.17,0,0,RULES,1,1,1,
2026-09-25 21:53:58,baseline-rules,2395000,29.23,85.16,1010.16,29.61,73.96,1010.17,0,0,RULES,1,1,1,
2026-09-25 21:53:59,baseline-rules,2396000,29.23,85.36,1010.19,29.61,74.16,1010.16,0,0,RULES,1,1,1,
2026-09-25 21:54:00,baseline-rules,2397000,29.23,85.26,1010.11,29.60,74.01,1010.16,0,0,RULES,1,1,1,
2026-09-25 21:54:01,baseline-rules,2398000,29.24,85.63,1010.07,29.62,73.95,1010.13,0,0,RULES,1,1,1,
2026-09-25 21:54:02,baseline-rules,2399000,29.23,85.53,1010.13,29.61,73.94,1010.11,0,0,RULES,1,1,1,
2026-09-25 21:54:03,baseline-rules,2400000,29.23,85.25,1010.11,29.61,73.89,1010.17,0,0,RULES,1,1,1,
2026-09-25 21:54:04,baseline-rules,2401000,29.23,85.90,1010.14,29.62,73.88,1010.13,0,0,RULES,1,1,1,
2026-09-25 21:54:05,baseline-rules,2402000,29.24,85.67,1010.09,29.61,74.01,1010.14,0,0,RULES,1,1,1,
2026-09-25 21:54:06,baseline-rules,2403000,29.24,85.75,1010.12,29.62,74.05,1010.19,0,0,RULES,1,1,1,
2026-09-25 21:54:07,baseline-rules,2404000,29.23,85.92,1010.07,29.62,74.06,1010.13,0,0,RULES,1,1,1,
2026-09-25 21:54:08,baseline-rules,2405000,29.24,85.79,1010.12,29.62,74.18,1010.16,0,0,RULES,1,1,1,
2026-09-25 21:54:09,baseline-rules,2406000,29.23,85.64,1010.07,29.62,73.89,1010.18,0,0,RULES,1,1,1,
2026-09-25 21:54:10,baseline-rules,2407000,29.23,85.90,1010.11,29.62,73.92,1010.15,0,0,RULES,1,1,1,
2026-09-25 21:54:11,baseline-rules,2408000,29.24,85.64,1010.17,29.62,73.83,1010.19,0,0,RULES,1,1,1,
2026-09-25 21:54:12,baseline-rules,2409000,29.24,86.02,1010.12,29.62,73.97,1010.13,0,0,RULES,1,1,1,
2026-09-25 21:54:13,baseline-rules,2410000,29.24,85.82,1010.10,29.63,73.83,1010.17,0,0,RULES,1,1,1,
2026-09-25 21:54:14,baseline-rules,2411000,29.25,85.95,1010.08,29.63,73.87,1010.17,0,0,RULES,1,1,1,
2026-09-25 21:54:15,baseline-rules,2412000,29.24,85.55,1010.14,29.62,74.01,1010.13,0,0,RULES,1,1,1,
2026-09-25 21:54:16,baseline-rules,2413000,29.24,85.41,1010.12,29.63,73.74,1010.09,0,0,RULES,1,1,1,
2026-09-25 21:54:17,baseline-rules,2414000,29.23,85.63,1010.14,29.64,74.13,1010.16,0,0,RULES,1,1,1,
2026-09-25 21:54:18,baseline-rules,2415000,29.23,85.28,1010.13,29.63,73.98,1010.11,0,0,RULES,1,1,1,
2026-09-25 21:54:19,baseline-rules,2416000,29.23,85.76,1010.11,29.63,73.82,1010.09,0,0,RULES,1,1,1,
2026-09-25 21:54:20,baseline-rules,2417000,29.24,85.13,1010.17,29.64,74.07,1010.05,0,0,RULES,1,1,1,
2026-09-25 21:54:21,baseline-rules,2418000,29.24,85.20,1010.09,29.64,73.88,1010.11,0,0,RULES,1,1,1,
2026-09-25 21:54:22,baseline-rules,2419000,29.22,85.55,1010.15,29.64,74.10,1010.16,0,0,RULES,1,1,1,
2026-09-25 21:54:23,baseline-rules,2420000,29.23,84.94,1010.16,29.64,73.83,1010.11,0,0,RULES,1,1,1,
2026-09-25 21:54:24,baseline-rules,2421000,29.23,85.07,1010.16,29.63,73.92,1010.20,0,0,RULES,1,1,1,
2026-09-25 21:54:25,baseline-rules,2422000,29.24,85.23,1010.14,29.64,74.14,1010.16,0,0,RULES,1,1,1,
2026-09-25 21:54:26,baseline-rules,2423000,29.24,85.95,1010.12,29.64,73.80,1010.10,0,0,RULES,1,1,1,
2026-09-25 21:54:27,baseline-rules,2424000,29.23,85.83,1010.11,29.64,74.01,1010.13,0,0,RULES,1,1,1,
2026-09-25 21:54:28,baseline-rules,2425000,29.24,85.70,1010.12,29.64,73.87,1010.10,0,0,RULES,1,1,1,
2026-09-25 21:54:29,baseline-rules,2426000,29.23,85.54,1010.13,29.64,73.73,1010.16,0,0,RULES,1,1,1,
2026-09-25 21:54:30,baseline-rules,2427000,29.23,85.18,1010.11,29.64,73.66,1010.14,0,0,RULES,1,1,1,
2026-09-25 21:54:31,baseline-rules,2428000,29.25,85.42,1010.13,29.63,73.87,1010.15,0,0,RULES,1,1,1,
2026-09-25 21:54:32,baseline-rules,2429000,29.23,84.97,1010.07,29.64,73.69,1010.10,0,0,RULES,1,1,1,
2026-09-25 21:54:33,baseline-rules,2430000,29.23,85.84,1010.10,29.64,73.77,1010.11,0,0,RULES,1,1,1,
2026-09-25 21:54:34,baseline-rules,2431000,29.23,85.11,1010.11,29.64,73.69,1010.10,0,0,RULES,1,1,1,
2026-09-25 21:54:35,baseline-rules,2432000,29.24,85.77,1010.09,29.63,73.80,1010.03,0,0,RULES,1,1,1,
2026-09-25 21:54:36,baseline-rules,2433000,29.24,85.44,1010.12,29.64,74.03,1010.16,0,0,RULES,1,1,1,
2026-09-25 21:54:37,baseline-rules,2434000,29.24,85.38,1010.12,29.64,73.82,1010.17,0,0,RULES,1,1,1,
2026-09-25 21:54:38,baseline-rules,2435000,29.22,85.48,1010.06,29.64,73.87,1010.13,0,0,RULES,1,1,1,
2026-09-25 21:54:39,baseline-rules,2436000,29.23,85.04,1010.08,29.65,73.71,1010.12,0,0,RULES,1,1,1,
2026-09-25 21:54:40,baseline-rules,2437000,29.23,85.21,1010.10,29.64,73.83,1010.10,0,0,RULES,1,1,1,
2026-09-25 21:54:41,baseline-rules,2438000,29.23,84.99,1010.16,29.64,73.84,1010.17,0,0,RULES,1,1,1,
2026-09-25 21:54:42,baseline-rules,2439000,29.24,85.62,1010.12,29.65,73.91,1010.09,0,0,RULES,1,1,1,
2026-09-25 21:54:43,baseline-rules,2440000,29.23,85.14,1010.13,29.65,74.07,1010.12,0,0,RULES,1,1,1,
2026-09-25 21:54:44,baseline-rules,2441000,29.22,85.56,1010.09,29.64,73.89,1010.16,0,0,RULES,1,1,1,
2026-09-25 21:54:45,baseline-rules,2442000,29.22,85.43,1010.11,29.65,74.05,1010.15,0,0,RULES,1,1,1,
2026-09-25 21:54:46,baseline-rules,2443000,29.22,85.21,1010.12,29.64,73.87,1010.11,0,0,RULES,1,1,1,
2026-09-25 21:54:47,baseline-rules,2444000,29.24,85.25,1010.17,29.65,73.90,1010.13,0,0,RULES,1,1,1,
2026-09-25 21:54:48,baseline-rules,2445000,29.23,85.04,1010.10,29.65,73.88,1010.17,0,0,RULES,1,1,1,
2026-09-25 21:54:48,baseline-rules,2446000,29.23,85.44,1010.11,29.65,73.76,1010.07,0,0,RULES,1,1,1,
2026-09-25 21:54:49,baseline-rules,2447000,29.24,85.60,1010.06,29.65,73.97,1010.13,0,0,RULES,1,1,1,
2026-09-25 21:54:51,baseline-rules,2448000,29.24,85.09,1010.14,29.65,73.86,1010.15,0,0,RULES,1,1,1,
2026-09-25 21:54:52,baseline-rules,2449000,29.24,85.42,1010.04,29.65,73.92,1010.12,0,0,RULES,1,1,1,
2026-09-25 21:54:53,baseline-rules,2450000,29.23,85.67,1010.08,29.65,73.81,1010.07,0,0,RULES,1,1,1,
2026-09-25 21:54:54,baseline-rules,2451000,29.24,85.36,1010.07,29.65,73.62,1010.12,0,0,RULES,1,1,1,
2026-09-25 21:54:55,baseline-rules,2452000,29.24,85.60,1010.17,29.65,73.88,1010.15,0,0,RULES,1,1,1,
2026-09-25 21:54:56,baseline-rules,2453000,29.23,85.67,1010.07,29.65,73.97,1010.09,0,0,RULES,1,1,1,
2026-09-25 21:54:57,baseline-rules,2454000,29.23,85.62,1010.11,29.65,73.84,1010.13,0,0,RULES,1,1,1,
2026-09-25 21:54:57,baseline-rules,2455000,29.24,85.11,1010.04,29.65,73.91,1010.13,0,0,RULES,1,1,1,
2026-09-25 21:54:58,baseline-rules,2456000,29.23,85.25,1010.16,29.65,74.03,1010.15,0,0,RULES,1,1,1,
2026-09-25 21:55:00,baseline-rules,2457000,29.24,85.44,1010.09,29.65,73.92,1010.07,0,0,RULES,1,1,1,
2026-09-25 21:55:01,baseline-rules,2458000,29.23,85.02,1010.05,29.66,73.81,1010.16,0,0,RULES,1,1,1,
2026-09-25 21:55:02,baseline-rules,2459000,29.23,85.59,1010.08,29.65,73.85,1010.17,0,0,RULES,1,1,1,
2026-09-25 21:55:03,baseline-rules,2460000,29.24,85.37,1010.14,29.65,73.83,1010.12,0,0,RULES,1,1,1,
2026-09-25 21:55:04,baseline-rules,2461000,29.23,85.60,1010.11,29.65,73.88,1010.10,0,0,RULES,1,1,1,
2026-09-25 21:55:05,baseline-rules,2462000,29.24,85.76,1010.12,29.66,73.70,1010.11,0,0,RULES,1,1,1,
2026-09-25 21:55:06,baseline-rules,2463000,29.23,85.49,1010.08,29.66,74.09,1010.11,0,0,RULES,1,1,1,
2026-09-25 21:55:07,baseline-rules,2464000,29.23,85.44,1010.05,29.66,73.88,1010.11,0,0,RULES,1,1,1,
2026-09-25 21:55:08,baseline-rules,2465000,29.24,85.17,1010.12,29.66,73.62,1010.13,0,0,RULES,1,1,1,
2026-09-25 21:55:09,baseline-rules,2466000,29.24,85.25,1010.03,29.66,74.04,1010.09,0,0,RULES,1,1,1,
2026-09-25 21:55:10,baseline-rules,2467000,29.23,85.73,1010.11,29.66,73.84,1010.14,0,0,RULES,1,1,1,
2026-09-25 21:55:11,baseline-rules,2468000,29.24,85.63,1010.12,29.66,73.95,1010.09,0,0,RULES,1,1,1,
2026-09-25 21:55:12,baseline-rules,2469000,29.24,85.84,1010.09,29.68,73.89,1010.14,0,0,RULES,1,1,1,
2026-09-25 21:55:13,baseline-rules,2470000,29.23,85.14,1010.11,29.67,73.98,1010.18,0,0,RULES,1,1,1,
2026-09-25 21:55:14,baseline-rules,2471000,29.25,85.80,1010.13,29.67,73.84,1010.10,0,0,RULES,1,1,1,
2026-09-25 21:55:15,baseline-rules,2472000,29.24,85.02,1010.07,29.68,73.90,1010.14,0,0,RULES,1,1,1,
2026-09-25 21:55:16,baseline-rules,2473000,29.24,85.33,1010.07,29.69,73.80,1010.07,0,0,RULES,1,1,1,
2026-09-25 21:55:17,baseline-rules,2474000,29.25,85.86,1010.08,29.69,73.90,1010.18,0,0,RULES,1,1,1,
2026-09-25 21:55:18,baseline-rules,2475000,29.24,85.14,1010.12,29.69,73.87,1010.13,0,0,RULES,1,1,1,
2026-09-25 21:55:19,baseline-rules,2476000,29.24,85.36,1010.07,29.68,73.71,1010.09,0,0,RULES,1,1,1,
2026-09-25 21:55:20,baseline-rules,2477000,29.23,85.21,1010.10,29.68,73.87,1010.14,0,0,RULES,1,1,1,
2026-09-25 21:55:21,baseline-rules,2478000,29.25,84.97,1010.10,29.68,73.80,1010.20,0,0,RULES,1,1,1,
2026-09-25 21:55:22,baseline-rules,2479000,29.23,85.01,1010.08,29.69,73.68,1010.13,0,0,RULES,1,1,1,
2026-09-25 21:55:23,baseline-rules,2480000,29.24,85.15,1010.12,29.68,73.61,1010.15,0,0,RULES,1,1,1,
2026-09-25 21:55:24,baseline-rules,2481000,29.25,85.38,1010.05,29.69,73.90,1010.21,0,0,RULES,1,1,1,
2026-09-25 21:55:25,baseline-rules,2482000,29.25,85.17,1010.17,29.70,73.84,1010.17,0,0,RULES,1,1,1,
2026-09-25 21:55:26,baseline-rules,2483000,29.24,85.17,1010.07,29.68,73.65,1010.06,0,0,RULES,1,1,1,
2026-09-25 21:55:27,baseline-rules,2484000,29.25,85.71,1010.05,29.69,73.71,1010.13,0,0,RULES,1,1,1,
2026-09-25 21:55:28,baseline-rules,2485000,29.25,85.43,1010.13,29.69,73.79,1010.21,0,0,RULES,1,1,1,
2026-09-25 21:55:29,baseline-rules,2486000,29.25,85.68,1010.14,29.68,73.62,1010.12,0,0,RULES,1,1,1,
2026-09-25 21:55:30,baseline-rules,2487000,29.25,85.75,1010.05,29.69,73.76,1010.10,0,0,RULES,1,1,1,
2026-09-25 21:55:31,baseline-rules,2488000,29.26,85.11,1010.09,29.69,73.80,1010.16,0,0,RULES,1,1,1,
2026-09-25 21:55:32,baseline-rules,2489000,29.25,85.62,1010.08,29.69,73.88,1010.13,0,0,RULES,1,1,1,
2026-09-25 21:55:33,baseline-rules,2490000,29.25,85.67,1010.14,29.69,73.80,1010.14,0,0,RULES,1,1,1,
2026-09-25 21:55:34,baseline-rules,2491000,29.25,85.45,1010.10,29.68,73.87,1010.04,0,0,RULES,1,1,1,
2026-09-25 21:55:35,baseline-rules,2492000,29.25,85.93,1010.14,29.69,73.73,1010.14,0,0,RULES,1,1,1,
2026-09-25 21:55:36,baseline-rules,2493000,29.25,85.37,1010.11,29.69,73.77,1010.13,0,0,RULES,1,1,1,
2026-09-25 21:55:37,baseline-rules,2494000,29.25,85.22,1010.13,29.69,74.10,1010.14,0,0,RULES,1,1,1,
2026-09-25 21:55:38,baseline-rules,2495000,29.24,85.72,1010.10,29.68,73.91,1010.12,0,0,RULES,1,1,1,
2026-09-25 21:55:39,baseline-rules,2496000,29.24,85.79,1010.06,29.69,73.95,1010.13,0,0,RULES,1,1,1,
2026-09-25 21:55:40,baseline-rules,2497000,29.25,85.66,1010.06,29.69,73.89,1010.10,0,0,RULES,1,1,1,
2026-09-25 21:55:41,baseline-rules,2498000,29.26,85.83,1010.15,29.70,74.11,1010.14,0,0,RULES,1,1,1,
2026-09-25 21:55:42,baseline-rules,2499000,29.26,85.70,1010.16,29.70,73.85,1010.12,0,0,RULES,1,1,1,
2026-09-25 21:55:43,baseline-rules,2500000,29.25,85.89,1010.10,29.70,73.93,1010.12,0,0,RULES,1,1,1,
2026-09-25 21:55:44,baseline-rules,2501000,29.26,86.06,1010.15,29.70,73.66,1010.14,0,0,RULES,1,1,1,
2026-09-25 21:55:45,baseline-rules,2502000,29.25,85.83,1010.06,29.70,73.80,1010.14,0,0,RULES,1,1,1,
2026-09-25 21:55:46,baseline-rules,2503000,29.25,85.56,1010.08,29.70,73.81,1010.10,0,0,RULES,1,1,1,
2026-09-25 21:55:47,baseline-rules,2504000,29.26,85.46,1010.13,29.70,73.72,1010.09,0,0,RULES,1,1,1,
2026-09-25 21:55:48,baseline-rules,2505000,29.26,86.09,1010.16,29.70,73.95,1010.14,0,0,RULES,1,1,1,
2026-09-25 21:55:49,baseline-rules,2506000,29.25,85.98,1010.08,29.71,73.76,1010.08,0,0,RULES,1,1,1,
2026-09-25 21:55:50,baseline-rules,2507000,29.25,85.48,1010.08,29.70,73.61,1010.10,0,0,RULES,1,1,1,
2026-09-25 21:55:51,baseline-rules,2508000,29.26,85.36,1010.09,29.70,73.67,1010.12,0,0,RULES,1,1,1,
2026-09-25 21:55:51,baseline-rules,2509000,29.25,85.65,1010.11,29.72,73.76,1010.18,0,0,RULES,1,1,1,
2026-09-25 21:55:53,baseline-rules,2510000,29.26,85.36,1010.12,29.71,73.65,1010.14,0,0,RULES,1,1,1,
2026-09-25 21:55:54,baseline-rules,2511000,29.25,85.75,1010.08,29.72,73.57,1010.18,0,0,RULES,1,1,1,
2026-09-25 21:55:55,baseline-rules,2512000,29.26,85.70,1010.18,29.72,74.03,1010.09,0,0,RULES,1,1,1,
2026-09-25 21:55:56,baseline-rules,2513000,29.26,85.91,1010.18,29.72,74.02,1010.18,0,0,RULES,1,1,1,
2026-09-25 21:55:57,baseline-rules,2514000,29.25,85.21,1010.14,29.72,73.71,1010.12,0,0,RULES,1,1,1,
2026-09-25 21:55:57,baseline-rules,2515000,29.25,85.56,1010.16,29.72,73.74,1010.15,0,0,RULES,1,1,1,
2026-09-25 21:55:58,baseline-rules,2516000,29.25,84.83,1010.08,29.73,73.85,1010.16,0,0,RULES,1,1,1,
2026-09-25 21:56:00,baseline-rules,2517000,29.25,85.59,1010.10,29.72,74.00,1010.16,0,0,RULES,1,1,1,
2026-09-25 21:56:01,baseline-rules,2518000,29.27,85.17,1010.11,29.72,73.70,1010.12,0,0,RULES,1,1,1,
2026-09-25 21:56:02,baseline-rules,2519000,29.25,85.11,1010.14,29.72,73.77,1010.12,0,0,RULES,1,1,1,
2026-09-25 21:56:03,baseline-rules,2520000,29.25,85.72,1010.10,29.71,73.86,1010.11,0,0,RULES,1,1,1,
2026-09-25 21:56:04,baseline-rules,2521000,29.25,85.56,1010.10,29.72,73.79,1010.12,0,0,RULES,1,1,1,
2026-09-25 21:56:05,baseline-rules,2522000,29.26,85.45,1010.06,29.73,73.96,1010.16,0,0,RULES,1,1,1,
2026-09-25 21:56:06,baseline-rules,2523000,29.26,85.45,1010.12,29.72,73.95,1010.16,0,0,RULES,1,1,1,
2026-09-25 21:56:06,baseline-rules,2524000,29.26,85.75,1010.09,29.72,73.72,1010.10,0,0,RULES,1,1,1,
2026-09-25 21:56:08,baseline-rules,2525000,29.25,85.26,1010.08,29.72,74.05,1010.12,0,0,RULES,1,1,1,
