pc_time,phase,ms,t_in,rh_in,p_in,t_out,rh_out,p_out,mistA,mistB,mode,in_ok,out_ok,tank_ok,event
2026-09-26 21:53:05,idle,,,,,,,,,,,,,,sensor IN found at 0x76
2026-09-26 21:53:05,idle,,,,,,,,,,,,,,sensor OUT found at 0x77
2026-09-26 21:53:05,idle,,,,,,,,,,,,,,"S,mode=RULES,lo=75.0,hi=90.0,max=300,cool=180,man=600,use=A,period=1,in=bad,out=bad,tank=ok,mistA=0,mistB=0"
2026-09-26 21:53:05,idle,,,,,,,,,,,,,,MARK  lid propped open about 1 cm on one edge
2026-09-26 21:53:06,idle,,,,,,,,,,,,,,sensor IN reading OK
2026-09-26 21:53:06,idle,,,,,,,,,,,,,,sensor OUT reading OK
2026-09-26 21:53:06,idle,,,,,,,,,,,,,,mist A=1 B=0 (below lo)
2026-09-26 21:53:06,idle,1000,31.06,71.39,1008.36,31.26,71.87,1008.21,1,0,RULES,1,1,1,
2026-09-26 21:53:07,idle,2000,31.01,71.30,1008.34,31.22,71.76,1008.31,1,0,RULES,1,1,1,
2026-09-26 21:53:08,baseline-rules,,,,,,,,,,,,,,"S,mode=RULES,lo=75.0,hi=90.0,max=300,cool=180,man=600,use=A,period=1,in=ok,out=ok,tank=ok,mistA=1,mistB=0"
2026-09-26 21:53:08,baseline-rules,,,,,,,,,,,,,,mist A=0 B=0 (mode change)
2026-09-26 21:53:08,baseline-rules,,,,,,,,,,,,,,mode RULES
2026-09-26 21:53:08,baseline-rules,3000,31.02,71.39,1008.33,31.21,71.67,1008.24,0,0,RULES,1,1,1,
2026-09-26 21:53:09,baseline-rules,4000,31.01,70.52,1008.30,31.22,71.87,1008.31,0,0,RULES,1,1,1,
2026-09-26 21:53:10,baseline-rules,5000,31.02,70.41,1008.29,31.22,71.79,1008.23,0,0,RULES,1,1,1,
2026-09-26 21:53:11,baseline-rules,6000,31.01,70.50,1008.31,31.22,71.76,1008.22,0,0,RULES,1,1,1,
2026-09-26 21:53:12,baseline-rules,7000,31.03,70.74,1008.31,31.22,71.54,1008.29,0,0,RULES,1,1,1,
2026-09-26 21:53:13,baseline-rules,8000,31.03,71.13,1008.33,31.23,71.73,1008.32,0,0,RULES,1,1,1,
2026-09-26 21:53:14,baseline-rules,9000,31.03,71.31,1008.28,31.22,71.72,1008.25,0,0,RULES,1,1,1,
2026-09-26 21:53:15,baseline-rules,10000,31.02,71.42,1008.35,31.22,71.77,1008.26,0,0,RULES,1,1,1,
2026-09-26 21:53:16,baseline-rules,11000,31.03,70.39,1008.34,31.23,71.76,1008.29,0,0,RULES,1,1,1,
2026-09-26 21:53:17,baseline-rules,12000,31.01,70.74,1008.34,31.24,71.78,1008.28,0,0,RULES,1,1,1,
2026-09-26 21:53:18,baseline-rules,13000,31.01,71.17,1008.37,31.22,71.57,1008.23,0,0,RULES,1,1,1,
2026-09-26 21:53:19,baseline-rules,14000,31.01,70.76,1008.34,31.24,71.91,1008.26,0,0,RULES,1,1,1,
2026-09-26 21:53:20,baseline-rules,15000,31.01,71.08,1008.34,31.23,71.67,1008.25,0,0,RULES,1,1,1,
2026-09-26 21:53:21,baseline-rules,16000,31.03,70.41,1008.33,31.24,71.91,1008.31,0,0,RULES,1,1,1,
2026-09-26 21:53:22,baseline-rules,17000,31.03,70.84,1008.37,31.24,71.68,1008.32,0,0,RULES,1,1,1,
2026-09-26 21:53:23,baseline-rules,18000,31.04,70.67,1008.36,31.24,71.92,1008.23,0,0,RULES,1,1,1,
2026-09-26 21:53:24,baseline-rules,19000,31.03,71.26,1008.33,31.23,71.71,1008.25,0,0,RULES,1,1,1,
2026-09-26 21:53:25,baseline-rules,20000,31.04,71.33,1008.32,31.24,71.89,1008.31,0,0,RULES,1,1,1,
2026-09-26 21:53:26,baseline-rules,21000,31.03,70.44,1008.37,31.24,71.75,1008.26,0,0,RULES,1,1,1,
2026-09-26 21:53:27,baseline-rules,22000,31.04,71.26,1008.35,31.24,71.68,1008.26,0,0,RULES,1,1,1,
2026-09-26 21:53:28,baseline-rules,23000,31.04,70.57,1008.33,31.24,71.75,1008.23,0,0,RULES,1,1,1,
2026-09-26 21:53:29,baseline-rules,24000,31.04,70.83,1008.27,31.24,71.63,1008.26,0,0,RULES,1,1,1,
2026-09-26 21:53:30,baseline-rules,25000,31.04,71.33,1008.38,31.25,71.78,1008.27,0,0,RULES,1,1,1,
2026-09-26 21:53:31,baseline-rules,26000,31.03,70.67,1008.31,31.24,71.81,1008.26,0,0,RULES,1,1,1,
2026-09-26 21:53:32,baseline-rules,27000,31.04,70.38,1008.36,31.25,71.78,1008.27,0,0,RULES,1,1,1,
2026-09-26 21:53:33,baseline-rules,28000,31.04,71.06,1008.39,31.24,71.68,1008.32,0,0,RULES,1,1,1,
2026-09-26 21:53:34,baseline-rules,29000,31.04,71.34,1008.30,31.25,71.59,1008.22,0,0,RULES,1,1,1,
2026-09-26 21:53:35,baseline-rules,30000,31.04,70.99,1008.32,31.25,71.79,1008.33,0,0,RULES,1,1,1,
2026-09-26 21:53:36,baseline-rules,31000,31.04,70.45,1008.33,31.24,71.77,1008.21,0,0,RULES,1,1,1,
2026-09-26 21:53:37,baseline-rules,32000,31.05,70.93,1008.34,31.25,71.78,1008.27,0,0,RULES,1,1,1,
2026-09-26 21:53:38,baseline-rules,33000,31.04,70.47,1008.36,31.24,71.75,1008.21,0,0,RULES,1,1,1,
2026-09-26 21:53:39,baseline-rules,34000,31.04,70.50,1008.39,31.25,71.67,1008.22,0,0,RULES,1,1,1,
2026-09-26 21:53:40,baseline-rules,35000,31.04,71.36,1008.33,31.25,71.82,1008.22,0,0,RULES,1,1,1,
2026-09-26 21:53:41,baseline-rules,36000,31.04,70.36,1008.32,31.25,71.69,1008.28,0,0,RULES,1,1,1,
2026-09-26 21:53:42,baseline-rules,37000,31.04,70.90,1008.27,31.25,71.67,1008.22,0,0,RULES,1,1,1,
2026-09-26 21:53:43,baseline-rules,38000,31.04,71.04,1008.30,31.25,71.75,1008.22,0,0,RULES,1,1,1,
2026-09-26 21:53:44,baseline-rules,39000,31.04,71.08,1008.39,31.25,71.73,1008.20,0,0,RULES,1,1,1,
2026-09-26 21:53:45,baseline-rules,40000,31.05,71.03,1008.34,31.24,71.57,1008.21,0,0,RULES,1,1,1,
2026-09-26 21:53:46,baseline-rules,41000,31.04,71.23,1008.39,31.25,71.79,1008.27,0,0,RULES,1,1,1,
2026-09-26 21:53:47,baseline-rules,42000,31.05,70.45,1008.40,31.25,71.84,1008.28,0,0,RULES,1,1,1,
2026-09-26 21:53:48,baseline-rules,43000,31.03,71.13,1008.34,31.25,71.52,1008.28,0,0,RULES,1,1,1,
2026-09-26 21:53:49,baseline-rules,44000,31.04,71.05,1008.35,31.26,71.72,1008.27,0,0,RULES,1,1,1,
2026-09-26 21:53:50,baseline-rules,45000,31.04,71.15,1008.39,31.25,71.75,1008.28,0,0,RULES,1,1,1,
2026-09-26 21:53:51,baseline-rules,46000,31.03,71.04,1008.34,31.26,71.75,1008.24,0,0,RULES,1,1,1,
2026-09-26 21:53:52,baseline-rules,47000,31.03,70.80,1008.37,31.26,71.61,1008.18,0,0,RULES,1,1,1,
2026-09-26 21:53:53,baseline-rules,48000,31.02,70.40,1008.35,31.25,71.74,1008.22,0,0,RULES,1,1,1,
2026-09-26 21:53:54,baseline-rules,49000,31.03,70.86,1008.31,31.25,71.69,1008.28,0,0,RULES,1,1,1,
2026-09-26 21:53:55,baseline-rules,50000,31.03,70.60,1008.37,31.25,71.79,1008.31,0,0,RULES,1,1,1,
2026-09-26 21:53:56,baseline-rules,51000,31.01,70.54,1008.37,31.26,71.72,1008.35,0,0,RULES,1,1,1,
2026-09-26 21:53:57,baseline-rules,52000,31.03,70.86,1008.33,31.26,71.69,1008.31,0,0,RULES,1,1,1,
2026-09-26 21:53:58,baseline-rules,53000,31.03,71.17,1008.37,31.26,71.59,1008.29,0,0,RULES,1,1,1,
2026-09-26 21:53:59,baseline-rules,54000,31.02,70.50,1008.26,31.25,71.59,1008.22,0,0,RULES,1,1,1,
2026-09-26 21:54:00,baseline-rules,55000,31.03,70.38,1008.31,31.25,71.79,1008.22,0,0,RULES,1,1,1,
2026-09-26 21:54:01,baseline-rules,56000,31.03,71.42,1008.33,31.26,71.73,1008.26,0,0,RULES,1,1,1,
2026-09-26 21:54:02,baseline-rules,57000,31.03,71.25,1008.33,31.26,71.60,1008.24,0,0,RULES,1,1,1,
2026-09-26 21:54:03,baseline-rules,58000,31.02,70.58,1008.32,31.26,71.47,1008.26,0,0,RULES,1,1,1,
2026-09-26 21:54:04,baseline-rules,59000,31.03,70.37,1008.36,31.26,71.46,1008.27,0,0,RULES,1,1,1,
2026-09-26 21:54:05,baseline-rules,60000,31.04,70.64,1008.38,31.26,71.26,1008.26,0,0,RULES,1,1,1,
2026-09-26 21:54:06,baseline-rules,61000,31.01,70.40,1008.28,31.26,71.46,1008.24,0,0,RULES,1,1,1,
2026-09-26 21:54:07,baseline-rules,62000,31.03,70.81,1008.34,31.26,71.71,1008.27,0,0,RULES,1,1,1,
2026-09-26 21:54:08,baseline-rules,63000,31.03,70.40,1008.34,31.26,71.63,1008.21,0,0,RULES,1,1,1,
2026-09-26 21:54:09,baseline-rules,64000,31.03,70.56,1008.31,31.26,71.66,1008.29,0,0,RULES,1,1,1,
2026-09-26 21:54:10,baseline-rules,65000,31.03,70.67,1008.40,31.26,71.89,1008.23,0,0,RULES,1,1,1,
2026-09-26 21:54:11,baseline-rules,66000,31.03,70.37,1008.29,31.25,71.65,1008.22,0,0,RULES,1,1,1,
2026-09-26 21:54:12,baseline-rules,67000,31.04,70.78,1008.32,31.26,71.84,1008.27,0,0,RULES,1,1,1,
2026-09-26 21:54:13,baseline-rules,68000,31.03,70.59,1008.31,31.26,71.58,1008.29,0,0,RULES,1,1,1,
2026-09-26 21:54:14,baseline-rules,69000,31.03,71.08,1008.37,31.26,71.60,1008.24,0,0,RULES,1,1,1,
2026-09-26 21:54:15,baseline-rules,70000,31.04,70.46,1008.36,31.26,71.70,1008.27,0,0,RULES,1,1,1,
2026-09-26 21:54:16,baseline-rules,71000,31.03,70.60,1008.31,31.26,71.44,1008.23,0,0,RULES,1,1,1,
2026-09-26 21:54:17,baseline-rules,72000,31.03,70.74,1008.33,31.26,71.72,1008.18,0,0,RULES,1,1,1,
2026-09-26 21:54:18,baseline-rules,73000,31.04,70.75,1008.32,31.27,71.78,1008.33,0,0,RULES,1,1,1,
2026-09-26 21:54:19,baseline-rules,74000,31.03,70.69,1008.37,31.26,71.62,1008.23,0,0,RULES,1,1,1,
2026-09-26 21:54:20,baseline-rules,75000,31.04,71.19,1008.39,31.26,71.73,1008.21,0,0,RULES,1,1,1,
2026-09-26 21:54:21,baseline-rules,76000,31.04,70.70,1008.32,31.27,71.67,1008.19,0,0,RULES,1,1,1,
2026-09-26 21:54:22,baseline-rules,77000,31.03,71.20,1008.37,31.26,71.70,1008.24,0,0,RULES,1,1,1,
2026-09-26 21:54:23,baseline-rules,78000,31.04,71.17,1008.39,31.26,71.25,1008.18,0,0,RULES,1,1,1,
2026-09-26 21:54:24,baseline-rules,79000,31.04,70.72,1008.38,31.26,71.54,1008.23,0,0,RULES,1,1,1,
2026-09-26 21:54:25,baseline-rules,80000,31.04,70.69,1008.33,31.26,71.58,1008.23,0,0,RULES,1,1,1,
2026-09-26 21:54:26,baseline-rules,81000,31.04,71.21,1008.36,31.27,71.69,1008.25,0,0,RULES,1,1,1,
2026-09-26 21:54:27,baseline-rules,82000,31.03,70.37,1008.29,31.27,71.55,1008.28,0,0,RULES,1,1,1,
2026-09-26 21:54:28,baseline-rules,83000,31.03,70.56,1008.37,31.26,71.63,1008.24,0,0,RULES,1,1,1,
2026-09-26 21:54:29,baseline-rules,84000,31.03,70.47,1008.37,31.28,71.52,1008.26,0,0,RULES,1,1,1,
2026-09-26 21:54:30,baseline-rules,85000,31.03,70.56,1008.29,31.26,71.57,1008.18,0,0,RULES,1,1,1,
2026-09-26 21:54:31,baseline-rules,86000,31.03,71.25,1008.31,31.26,71.75,1008.31,0,0,RULES,1,1,1,
2026-09-26 21:54:32,baseline-rules,87000,31.02,71.30,1008.26,31.26,71.79,1008.21,0,0,RULES,1,1,1,
2026-09-26 21:54:33,baseline-rules,88000,31.02,71.36,1008.26,31.27,71.56,1008.25,0,0,RULES,1,1,1,
2026-09-26 21:54:34,baseline-rules,89000,31.03,71.10,1008.37,31.26,71.70,1008.27,0,0,RULES,1,1,1,
2026-09-26 21:54:35,baseline-rules,90000,31.03,70.38,1008.34,31.26,71.56,1008.20,0,0,RULES,1,1,1,
2026-09-26 21:54:36,baseline-rules,91000,31.03,71.07,1008.31,31.26,71.57,1008.29,0,0,RULES,1,1,1,
2026-09-26 21:54:37,baseline-rules,92000,31.02,71.31,1008.35,31.27,71.74,1008.25,0,0,RULES,1,1,1,
2026-09-26 21:54:38,baseline-rules,93000,31.02,70.60,1008.33,31.26,71.47,1008.29,0,0,RULES,1,1,1,
2026-09-26 21:54:39,baseline-rules,94000,31.03,71.37,1008.39,31.27,71.68,1008.25,0,0,RULES,1,1,1,
2026-09-26 21:54:40,baseline-rules,95000,31.03,71.33,1008.31,31.27,71.56,1008.25,0,0,RULES,1,1,1,
2026-09-26 21:54:41,baseline-rules,96000,31.02,70.41,1008.35,31.28,71.74,1008.26,0,0,RULES,1,1,1,
2026-09-26 21:54:42,baseline-rules,97000,31.02,70.58,1008.33,31.26,71.66,1008.29,0,0,RULES,1,1,1,
2026-09-26 21:54:43,baseline-rules,98000,31.01,71.20,1008.25,31.26,71.55,1008.29,0,0,RULES,1,1,1,
2026-09-26 21:54:44,baseline-rules,99000,31.03,71.28,1008.33,31.26,71.40,1008.23,0,0,RULES,1,1,1,
2026-09-26 21:54:45,baseline-rules,100000,31.02,71.15,1008.35,31.26,71.58,1008.21,0,0,RULES,1,1,1,
2026-09-26 21:54:46,baseline-rules,101000,31.02,71.37,1008.26,31.28,71.65,1008.26,0,0,RULES,1,1,1,
2026-09-26 21:54:47,baseline-rules,102000,31.02,71.37,1008.26,31.26,71.84,1008.18,0,0,RULES,1,1,1,
2026-09-26 21:54:48,baseline-rules,103000,31.03,70.55,1008.37,31.27,71.41,1008.28,0,0,RULES,1,1,1,
2026-09-26 21:54:49,baseline-rules,104000,31.01,70.57,1008.31,31.28,71.49,1008.34,0,0,RULES,1,1,1,
2026-09-26 21:54:50,baseline-rules,105000,31.01,71.29,1008.34,31.27,71.64,1008.30,0,0,RULES,1,1,1,
2026-09-26 21:54:51,baseline-rules,106000,31.01,70.57,1008.39,31.28,71.68,1008.34,0,0,RULES,1,1,1,
2026-09-26 21:54:52,baseline-rules,107000,31.02,71.10,1008.37,31.27,71.45,1008.25,0,0,RULES,1,1,1,
2026-09-26 21:54:53,baseline-rules,108000,31.03,70.59,1008.36,31.26,71.46,1008.29,0,0,RULES,1,1,1,
2026-09-26 21:54:54,baseline-rules,109000,31.02,70.65,1008.35,31.28,71.45,1008.31,0,0,RULES,1,1,1,
2026-09-26 21:54:55,baseline-rules,110000,31.02,71.42,1008.32,31.27,71.18,1008.22,0,0,RULES,1,1,1,
2026-09-26 21:54:56,baseline-rules,111000,31.01,70.88,1008.33,31.27,71.26,1008.19,0,0,RULES,1,1,1,
2026-09-26 21:54:57,baseline-rules,112000,31.02,70.51,1008.40,31.27,71.37,1008.28,0,0,RULES,1,1,1,
2026-09-26 21:54:58,baseline-rules,113000,31.02,70.85,1008.37,31.28,71.45,1008.23,0,0,RULES,1,1,1,
2026-09-26 21:54:59,baseline-rules,114000,31.01,70.47,1008.31,31.26,71.64,1008.21,0,0,RULES,1,1,1,
2026-09-26 21:55:00,baseline-rules,115000,31.01,70.86,1008.31,31.28,71.32,1008.23,0,0,RULES,1,1,1,
2026-09-26 21:55:01,baseline-rules,116000,31.01,71.17,1008.31,31.27,71.29,1008.30,0,0,RULES,1,1,1,
2026-09-26 21:55:02,baseline-rules,117000,31.02,70.72,1008.35,31.28,71.45,1008.26,0,0,RULES,1,1,1,
2026-09-26 21:55:03,baseline-rules,118000,31.00,70.63,1008.29,31.28,71.41,1008.24,0,0,RULES,1,1,1,
2026-09-26 21:55:04,baseline-rules,119000,31.01,70.81,1008.31,31.28,71.42,1008.28,0,0,RULES,1,1,1,
2026-09-26 21:55:05,baseline-rules,120000,31.01,71.27,1008.34,31.28,71.30,1008.20,0,0,RULES,1,1,1,
2026-09-26 21:55:06,baseline-rules,121000,31.00,71.06,1008.27,31.28,71.24,1008.26,0,0,RULES,1,1,1,
2026-09-26 21:55:07,baseline-rules,122000,31.01,70.59,1008.31,31.26,71.50,1008.21,0,0,RULES,1,1,1,
2026-09-26 21:55:08,baseline-rules,123000,31.01,70.65,1008.33,31.27,71.41,1008.22,0,0,RULES,1,1,1,
2026-09-26 21:55:09,baseline-rules,124000,31.01,70.86,1008.28,31.27,71.67,1008.30,0,0,RULES,1,1,1,
2026-09-26 21:55:10,baseline-rules,125000,31.01,70.86,1008.34,31.28,71.54,1008.26,0,0,RULES,1,1,1,
2026-09-26 21:55:11,baseline-rules,126000,31.01,71.47,1008.28,31.26,71.46,1008.21,0,0,RULES,1,1,1,
2026-09-26 21:55:12,baseline-rules,127000,31.01,70.38,1008.31,31.28,71.21,1008.28,0,0,RULES,1,1,1,
2026-09-26 21:55:13,baseline-rules,128000,31.01,70.75,1008.30,31.29,71.46,1008.24,0,0,RULES,1,1,1,
2026-09-26 21:55:14,baseline-rules,129000,31.01,70.50,1008.33,31.28,71.47,1008.26,0,0,RULES,1,1,1,
2026-09-26 21:55:15,baseline-rules,130000,31.01,71.47,1008.31,31.28,71.77,1008.24,0,0,RULES,1,1,1,
2026-09-26 21:55:16,baseline-rules,131000,31.01,70.66,1008.36,31.28,71.43,1008.17,0,0,RULES,1,1,1,
2026-09-26 21:55:17,baseline-rules,132000,31.01,70.60,1008.28,31.28,71.70,1008.24,0,0,RULES,1,1,1,
2026-09-26 21:55:18,baseline-rules,133000,31.00,70.65,1008.32,31.28,71.78,1008.31,0,0,RULES,1,1,1,
2026-09-26 21:55:19,baseline-rules,134000,31.01,70.86,1008.34,31.28,71.85,1008.26,0,0,RULES,1,1,1,
2026-09-26 21:55:20,baseline-rules,135000,31.01,71.45,1008.34,31.28,71.78,1008.18,0,0,RULES,1,1,1,
2026-09-26 21:55:21,baseline-rules,136000,31.02,71.46,1008.35,31.28,71.51,1008.20,0,0,RULES,1,1,1,
2026-09-26 21:55:22,baseline-rules,137000,31.02,70.57,1008.32,31.28,71.60,1008.26,0,0,RULES,1,1,1,
2026-09-26 21:55:23,baseline-rules,138000,31.03,71.33,1008.34,31.28,71.72,1008.26,0,0,RULES,1,1,1,
2026-09-26 21:55:24,baseline-rules,139000,31.02,70.52,1008.40,31.28,71.71,1008.23,0,0,RULES,1,1,1,
2026-09-26 21:55:25,baseline-rules,140000,31.01,70.73,1008.31,31.28,71.51,1008.26,0,0,RULES,1,1,1,
2026-09-26 21:55:26,baseline-rules,141000,31.01,70.66,1008.37,31.28,71.71,1008.26,0,0,RULES,1,1,1,
2026-09-26 21:55:27,baseline-rules,142000,31.03,71.09,1008.31,31.27,71.77,1008.19,0,0,RULES,1,1,1,
2026-09-26 21:55:28,baseline-rules,143000,31.02,70.79,1008.35,31.27,71.63,1008.30,0,0,RULES,1,1,1,
2026-09-26 21:55:29,baseline-rules,144000,31.01,70.67,1008.31,31.27,71.74,1008.22,0,0,RULES,1,1,1,
2026-09-26 21:55:30,baseline-rules,145000,31.01,71.19,1008.34,31.27,71.50,1008.25,0,0,RULES,1,1,1,
2026-09-26 21:55:31,baseline-rules,146000,31.01,70.90,1008.34,31.27,71.62,1008.25,0,0,RULES,1,1,1,
2026-09-26 21:55:32,baseline-rules,147000,31.01,70.48,1008.34,31.27,71.71,1008.30,0,0,RULES,1,1,1,
2026-09-26 21:55:33,baseline-rules,148000,31.01,71.16,1008.31,31.26,71.57,1008.21,0,0,RULES,1,1,1,
2026-09-26 21:55:34,baseline-rules,149000,31.01,70.53,1008.37,31.26,71.52,1008.24,0,0,RULES,1,1,1,
2026-09-26 21:55:35,baseline-rules,150000,31.02,70.68,1008.30,31.27,71.62,1008.25,0,0,RULES,1,1,1,
2026-09-26 21:55:36,baseline-rules,151000,31.01,70.70,1008.28,31.28,71.44,1008.20,0,0,RULES,1,1,1,
2026-09-26 21:55:37,baseline-rules,152000,31.00,71.14,1008.29,31.27,71.65,1008.22,0,0,RULES,1,1,1,
2026-09-26 21:55:38,baseline-rules,153000,31.00,70.54,1008.29,31.27,71.54,1008.22,0,0,RULES,1,1,1,
2026-09-26 21:55:39,baseline-rules,154000,31.00,70.87,1008.32,31.28,71.52,1008.26,0,0,RULES,1,1,1,
2026-09-26 21:55:40,baseline-rules,155000,31.01,70.60,1008.33,31.28,71.79,1008.24,0,0,RULES,1,1,1,
2026-09-26 21:55:41,baseline-rules,156000,31.00,71.04,1008.38,31.28,71.59,1008.31,0,0,RULES,1,1,1,
2026-09-26 21:55:42,baseline-rules,157000,31.01,70.95,1008.27,31.27,71.62,1008.28,0,0,RULES,1,1,1,
2026-09-26 21:55:43,baseline-rules,158000,31.01,71.47,1008.39,31.28,71.67,1008.20,0,0,RULES,1,1,1,
2026-09-26 21:55:44,baseline-rules,159000,31.01,70.69,1008.37,31.28,71.61,1008.28,0,0,RULES,1,1,1,
2026-09-26 21:55:45,baseline-rules,160000,31.01,70.53,1008.28,31.27,71.78,1008.22,0,0,RULES,1,1,1,
2026-09-26 21:55:46,baseline-rules,161000,31.00,70.82,1008.29,31.27,71.56,1008.25,0,0,RULES,1,1,1,
2026-09-26 21:55:47,baseline-rules,162000,31.01,70.43,1008.25,31.28,71.59,1008.26,0,0,RULES,1,1,1,
2026-09-26 21:55:48,baseline-rules,163000,31.01,71.09,1008.39,31.28,71.63,1008.23,0,0,RULES,1,1,1,
2026-09-26 21:55:49,baseline-rules,164000,31.01,70.82,1008.37,31.28,71.90,1008.29,0,0,RULES,1,1,1,
2026-09-26 21:55:50,baseline-rules,165000,31.01,70.59,1008.34,31.28,71.71,1008.28,0,0,RULES,1,1,1,
2026-09-26 21:55:51,baseline-rules,166000,31.01,71.34,1008.30,31.28,71.67,1008.26,0,0,RULES,1,1,1,
2026-09-26 21:55:52,baseline-rules,167000,31.01,70.63,1008.28,31.28,71.76,1008.26,0,0,RULES,1,1,1,
2026-09-26 21:55:53,baseline-rules,168000,31.01,70.73,1008.34,31.28,71.55,1008.26,0,0,RULES,1,1,1,
2026-09-26 21:55:54,baseline-rules,169000,31.01,70.66,1008.33,31.28,71.73,1008.23,0,0,RULES,1,1,1,
2026-09-26 21:55:55,baseline-rules,170000,31.00,70.86,1008.31,31.26,71.78,1008.24,0,0,RULES,1,1,1,
2026-09-26 21:55:56,baseline-rules,171000,31.00,70.53,1008.32,31.28,71.50,1008.26,0,0,RULES,1,1,1,
2026-09-26 21:55:57,baseline-rules,172000,31.01,71.05,1008.30,31.28,71.63,1008.26,0,0,RULES,1,1,1,
2026-09-26 21:55:58,baseline-rules,173000,31.01,71.34,1008.33,31.29,71.78,1008.22,0,0,RULES,1,1,1,
2026-09-26 21:55:59,baseline-rules,174000,31.00,70.74,1008.29,31.28,71.72,1008.28,0,0,RULES,1,1,1,
2026-09-26 21:56:00,baseline-rules,175000,31.00,71.05,1008.38,31.28,71.77,1008.20,0,0,RULES,1,1,1,
2026-09-26 21:56:01,baseline-rules,176000,31.00,70.92,1008.27,31.27,71.65,1008.19,0,0,RULES,1,1,1,
2026-09-26 21:56:02,baseline-rules,177000,31.00,71.58,1008.32,31.28,71.50,1008.20,0,0,RULES,1,1,1,
2026-09-26 21:56:03,baseline-rules,178000,31.00,70.78,1008.38,31.28,71.73,1008.26,0,0,RULES,1,1,1,
2026-09-26 21:56:04,baseline-rules,179000,31.01,70.64,1008.28,31.28,71.69,1008.31,0,0,RULES,1,1,1,
2026-09-26 21:56:05,baseline-rules,180000,31.01,70.97,1008.34,31.28,71.70,1008.26,0,0,RULES,1,1,1,
2026-09-26 21:56:06,baseline-rules,181000,31.00,70.63,1008.37,31.28,71.73,1008.26,0,0,RULES,1,1,1,
2026-09-26 21:56:07,baseline-rules,182000,31.00,70.92,1008.29,31.28,71.58,1008.29,0,0,RULES,1,1,1,
2026-09-26 21:56:08,baseline-rules,,,,,,,,,,,,,,mist A=1 B=0 (below lo)
2026-09-26 21:56:08,baseline-rules,183000,31.01,71.15,1008.39,31.27,71.56,1008.25,1,0,RULES,1,1,1,
2026-09-26 21:56:09,baseline-rules,184000,31.01,70.56,1008.33,31.28,71.73,1008.20,1,0,RULES,1,1,1,
2026-09-26 21:56:10,baseline-rules,185000,31.00,70.46,1008.32,31.28,71.55,1008.26,1,0,RULES,1,1,1,
2026-09-26 21:56:11,baseline-rules,186000,31.00,70.46,1008.32,31.28,71.46,1008.26,1,0,RULES,1,1,1,
2026-09-26 21:56:12,baseline-rules,187000,31.00,70.74,1008.32,31.28,71.63,1008.26,1,0,RULES,1,1,1,
2026-09-26 21:56:13,baseline-rules,188000,31.00,70.72,1008.35,31.27,71.44,1008.28,1,0,RULES,1,1,1,
2026-09-26 21:56:14,baseline-rules,189000,31.02,70.61,1008.37,31.27,71.78,1008.25,1,0,RULES,1,1,1,
2026-09-26 21:56:15,baseline-rules,190000,30.99,70.57,1008.36,31.28,71.68,1008.26,1,0,RULES,1,1,1,
2026-09-26 21:56:16,baseline-rules,191000,31.00,70.51,1008.31,31.27,71.65,1008.25,1,0,RULES,1,1,1,
2026-09-26 21:56:17,baseline-rules,192000,31.00,71.50,1008.38,31.27,71.70,1008.30,1,0,RULES,1,1,1,
2026-09-26 21:56:18,baseline-rules,193000,31.01,70.63,1008.36,31.28,71.59,1008.26,1,0,RULES,1,1,1,
2026-09-26 21:56:19,baseline-rules,194000,31.00,71.37,1008.32,31.28,71.45,1008.23,1,0,RULES,1,1,1,
2026-09-26 21:56:20,baseline-rules,195000,30.99,70.65,1008.33,31.28,71.69,1008.31,1,0,RULES,1,1,1,
2026-09-26 21:56:21,baseline-rules,196000,31.00,70.98,1008.31,31.27,71.50,1008.30,1,0,RULES,1,1,1,
2026-09-26 21:56:22,baseline-rules,197000,31.01,70.71,1008.37,31.26,71.43,1008.18,1,0,RULES,1,1,1,
2026-09-26 21:56:23,baseline-rules,198000,31.00,70.55,1008.35,31.28,71.38,1008.23,1,0,RULES,1,1,1,
2026-09-26 21:56:24,baseline-rules,199000,31.01,70.57,1008.39,31.28,71.45,1008.26,1,0,RULES,1,1,1,
2026-09-26 21:56:25,baseline-rules,200000,31.01,71.24,1008.37,31.28,71.53,1008.26,1,0,RULES,1,1,1,
2026-09-26 21:56:26,baseline-rules,201000,31.00,70.55,1008.38,31.27,71.67,1008.28,1,0,RULES,1,1,1,
2026-09-26 21:56:27,baseline-rules,202000,31.01,71.11,1008.33,31.26,71.60,1008.24,1,0,RULES,1,1,1,
2026-09-26 21:56:28,baseline-rules,203000,31.00,70.59,1008.35,31.28,71.73,1008.23,1,0,RULES,1,1,1,
2026-09-26 21:56:29,baseline-rules,204000,31.01,70.48,1008.31,31.28,71.73,1008.23,1,0,RULES,1,1,1,
2026-09-26 21:56:30,baseline-rules,205000,31.01,71.33,1008.39,31.28,71.50,1008.28,1,0,RULES,1,1,1,
2026-09-26 21:56:31,baseline-rules,206000,31.01,70.62,1008.34,31.28,71.54,1008.31,1,0,RULES,1,1,1,
2026-09-26 21:56:32,baseline-rules,207000,31.01,70.57,1008.33,31.27,71.46,1008.25,1,0,RULES,1,1,1,
2026-09-26 21:56:33,baseline-rules,208000,31.00,70.50,1008.32,31.27,71.54,1008.22,1,0,RULES,1,1,1,
2026-09-26 21:56:34,baseline-rules,209000,31.00,70.89,1008.38,31.28,71.51,1008.28,1,0,RULES,1,1,1,
2026-09-26 21:56:35,baseline-rules,210000,31.00,70.59,1008.31,31.26,71.54,1008.24,1,0,RULES,1,1,1,
2026-09-26 21:56:36,baseline-rules,211000,31.00,70.62,1008.40,31.28,71.46,1008.28,1,0,RULES,1,1,1,
2026-09-26 21:56:37,baseline-rules,212000,30.99,70.63,1008.31,31.28,71.44,1008.28,1,0,RULES,1,1,1,
2026-09-26 21:56:38,baseline-rules,213000,31.00,70.54,1008.35,31.28,71.38,1008.26,1,0,RULES,1,1,1,
2026-09-26 21:56:39,baseline-rules,214000,31.00,71.23,1008.38,31.27,71.77,1008.19,1,0,RULES,1,1,1,
2026-09-26 21:56:40,baseline-rules,215000,30.99,70.65,1008.36,31.28,71.49,1008.26,1,0,RULES,1,1,1,
2026-09-26 21:56:41,baseline-rules,216000,31.00,70.77,1008.32,31.28,71.44,1008.24,1,0,RULES,1,1,1,
2026-09-26 21:56:42,baseline-rules,217000,31.00,71.02,1008.34,31.29,71.66,1008.27,1,0,RULES,1,1,1,
2026-09-26 21:56:43,baseline-rules,218000,31.00,70.54,1008.29,31.28,71.73,1008.26,1,0,RULES,1,1,1,
2026-09-26 21:56:44,baseline-rules,219000,31.00,71.06,1008.38,31.28,71.70,1008.28,1,0,RULES,1,1,1,
2026-09-26 21:56:45,baseline-rules,220000,31.01,70.61,1008.37,31.28,71.88,1008.28,1,0,RULES,1,1,1,
2026-09-26 21:56:46,baseline-rules,221000,31.01,70.87,1008.33,31.28,71.88,1008.28,1,0,RULES,1,1,1,
2026-09-26 21:56:47,baseline-rules,222000,31.01,70.54,1008.31,31.28,71.76,1008.20,1,0,RULES,1,1,1,
2026-09-26 21:56:48,baseline-rules,223000,31.00,70.61,1008.32,31.28,71.83,1008.28,1,0,RULES,1,1,1,
2026-09-26 21:56:49,baseline-rules,224000,31.01,70.83,1008.33,31.28,71.70,1008.26,1,0,RULES,1,1,1,
2026-09-26 21:56:50,baseline-rules,225000,31.00,71.23,1008.29,31.28,71.78,1008.26,1,0,RULES,1,1,1,
2026-09-26 21:56:51,baseline-rules,226000,31.01,70.99,1008.41,31.28,71.62,1008.26,1,0,RULES,1,1,1,
2026-09-26 21:56:52,baseline-rules,227000,31.01,70.54,1008.33,31.28,71.71,1008.23,1,0,RULES,1,1,1,
2026-09-26 21:56:53,baseline-rules,228000,31.01,71.17,1008.34,31.28,71.72,1008.23,1,0,RULES,1,1,1,
2026-09-26 21:56:54,baseline-rules,229000,31.01,71.41,1008.39,31.28,71.64,1008.26,1,0,RULES,1,1,1,
2026-09-26 21:56:55,baseline-rules,230000,31.00,70.61,1008.29,31.27,71.59,1008.25,1,0,RULES,1,1,1,
2026-09-26 21:56:56,baseline-rules,231000,31.01,71.43,1008.42,31.28,71.57,1008.26,1,0,RULES,1,1,1,
2026-09-26 21:56:57,baseline-rules,232000,31.00,70.57,1008.38,31.28,71.67,1008.26,1,0,RULES,1,1,1,
2026-09-26 21:56:58,baseline-rules,233000,31.01,71.17,1008.30,31.28,71.50,1008.26,1,0,RULES,1,1,1,
2026-09-26 21:56:59,baseline-rules,234000,31.00,70.60,1008.32,31.27,71.70,1008.30,1,0,RULES,1,1,1,
2026-09-26 21:57:00,baseline-rules,235000,31.01,70.74,1008.36,31.28,71.72,1008.26,1,0,RULES,1,1,1,
2026-09-26 21:57:01,baseline-rules,236000,31.00,71.22,1008.38,31.27,71.52,1008.22,1,0,RULES,1,1,1,
2026-09-26 21:57:02,baseline-rules,237000,31.01,71.16,1008.39,31.28,71.79,1008.23,1,0,RULES,1,1,1,
2026-09-26 21:57:03,baseline-rules,238000,31.00,70.92,1008.41,31.28,71.55,1008.20,1,0,RULES,1,1,1,
2026-09-26 21:57:04,baseline-rules,239000,31.01,71.05,1008.39,31.26,71.52,1008.24,1,0,RULES,1,1,1,
2026-09-26 21:57:05,baseline-rules,240000,31.00,70.73,1008.35,31.27,71.63,1008.28,1,0,RULES,1,1,1,
2026-09-26 21:57:06,baseline-rules,241000,31.00,70.99,1008.38,31.28,71.68,1008.29,1,0,RULES,1,1,1,
2026-09-26 21:57:07,baseline-rules,242000,31.01,70.93,1008.34,31.28,71.33,1008.31,1,0,RULES,1,1,1,
2026-09-26 21:57:08,baseline-rules,243000,31.01,70.63,1008.39,31.26,71.51,1008.32,1,0,RULES,1,1,1,
2026-09-26 21:57:09,baseline-rules,244000,31.01,70.55,1008.39,31.28,71.61,1008.26,1,0,RULES,1,1,1,
2026-09-26 21:57:10,baseline-rules,245000,31.01,70.57,1008.33,31.28,71.72,1008.28,1,0,RULES,1,1,1,
2026-09-26 21:57:11,baseline-rules,246000,31.00,71.48,1008.32,31.28,71.72,1008.28,1,0,RULES,1,1,1,
2026-09-26 21:57:12,baseline-rules,247000,30.99,70.56,1008.39,31.28,71.68,1008.28,1,0,RULES,1,1,1,
2026-09-26 21:57:13,baseline-rules,248000,31.00,70.53,1008.37,31.28,71.64,1008.26,1,0,RULES,1,1,1,
2026-09-26 21:57:14,baseline-rules,249000,31.00,70.64,1008.38,31.27,71.56,1008.30,1,0,RULES,1,1,1,
2026-09-26 21:57:15,baseline-rules,250000,31.00,70.59,1008.38,31.29,71.85,1008.33,1,0,RULES,1,1,1,
2026-09-26 21:57:16,baseline-rules,251000,31.00,70.59,1008.35,31.27,75.81,1008.28,1,0,RULES,1,1,1,
2026-09-26 21:57:17,baseline-rules,252000,31.01,71.39,1008.42,31.27,71.64,1008.22,1,0,RULES,1,1,1,
2026-09-26 21:57:18,baseline-rules,253000,31.01,70.61,1008.41,31.27,71.62,1008.25,1,0,RULES,1,1,1,
2026-09-26 21:57:19,baseline-rules,254000,31.00,70.60,1008.41,31.28,71.76,1008.31,1,0,RULES,1,1,1,
2026-09-26 21:57:20,baseline-rules,255000,31.00,70.52,1008.43,31.28,71.67,1008.28,1,0,RULES,1,1,1,
2026-09-26 21:57:21,baseline-rules,256000,31.00,70.61,1008.38,31.28,71.67,1008.26,1,0,RULES,1,1,1,
2026-09-26 21:57:22,baseline-rules,257000,31.01,71.32,1008.36,31.28,71.55,1008.26,1,0,RULES,1,1,1,
2026-09-26 21:57:23,baseline-rules,258000,31.01,70.95,1008.37,31.28,71.53,1008.29,1,0,RULES,1,1,1,
2026-09-26 21:57:24,baseline-rules,259000,31.01,70.50,1008.39,31.28,71.47,1008.26,1,0,RULES,1,1,1,
2026-09-26 21:57:25,baseline-rules,260000,31.00,70.57,1008.41,31.28,71.26,1008.26,1,0,RULES,1,1,1,
2026-09-26 21:57:26,baseline-rules,261000,31.01,70.49,1008.44,31.28,71.33,1008.28,1,0,RULES,1,1,1,
2026-09-26 21:57:27,baseline-rules,262000,31.00,70.55,1008.32,31.27,71.32,1008.30,1,0,RULES,1,1,1,
2026-09-26 21:57:28,baseline-rules,263000,31.00,70.88,1008.32,31.27,71.62,1008.28,1,0,RULES,1,1,1,
2026-09-26 21:57:29,baseline-rules,264000,31.00,71.22,1008.32,31.28,71.59,1008.28,1,0,RULES,1,1,1,
2026-09-26 21:57:30,baseline-rules,265000,31.01,71.26,1008.34,31.27,71.56,1008.25,1,0,RULES,1,1,1,
2026-09-26 21:57:31,baseline-rules,266000,31.01,70.72,1008.34,31.28,71.74,1008.34,1,0,RULES,1,1,1,
2026-09-26 21:57:32,baseline-rules,267000,31.01,70.52,1008.42,31.29,71.70,1008.22,1,0,RULES,1,1,1,
2026-09-26 21:57:33,baseline-rules,268000,31.00,71.17,1008.35,31.26,71.40,1008.21,1,0,RULES,1,1,1,
2026-09-26 21:57:34,baseline-rules,269000,31.00,71.08,1008.35,31.28,71.42,1008.23,1,0,RULES,1,1,1,
2026-09-26 21:57:35,baseline-rules,270000,31.00,70.71,1008.34,31.26,71.51,1008.21,1,0,RULES,1,1,1,
2026-09-26 21:57:36,baseline-rules,271000,31.01,70.96,1008.37,31.28,71.78,1008.26,1,0,RULES,1,1,1,
2026-09-26 21:57:37,baseline-rules,272000,31.00,70.61,1008.38,31.29,71.57,1008.33,1,0,RULES,1,1,1,
2026-09-26 21:57:38,baseline-rules,273000,31.01,70.73,1008.36,31.27,71.56,1008.30,1,0,RULES,1,1,1,
2026-09-26 21:57:39,baseline-rules,274000,31.01,70.55,1008.39,31.27,71.79,1008.19,1,0,RULES,1,1,1,
2026-09-26 21:57:40,baseline-rules,275000,31.00,71.49,1008.38,31.28,71.52,1008.28,1,0,RULES,1,1,1,
2026-09-26 21:57:41,baseline-rules,276000,31.00,71.48,1008.41,31.28,71.62,1008.32,1,0,RULES,1,1,1,
2026-09-26 21:57:42,baseline-rules,277000,31.00,70.56,1008.38,31.28,71.72,1008.26,1,0,RULES,1,1,1,
2026-09-26 21:57:43,baseline-rules,278000,31.00,70.96,1008.32,31.27,71.70,1008.33,1,0,RULES,1,1,1,
2026-09-26 21:57:44,baseline-rules,279000,31.00,70.79,1008.32,31.28,71.63,1008.28,1,0,RULES,1,1,1,
2026-09-26 21:57:45,baseline-rules,280000,31.00,71.38,1008.35,31.27,71.62,1008.25,1,0,RULES,1,1,1,
2026-09-26 21:57:46,baseline-rules,281000,31.00,71.48,1008.43,31.29,71.71,1008.24,1,0,RULES,1,1,1,
2026-09-26 21:57:47,baseline-rules,282000,31.00,71.31,1008.38,31.28,71.74,1008.23,1,0,RULES,1,1,1,
2026-09-26 21:57:48,baseline-rules,283000,31.00,71.48,1008.38,31.28,71.59,1008.31,1,0,RULES,1,1,1,
2026-09-26 21:57:49,baseline-rules,284000,31.01,70.82,1008.37,31.28,71.67,1008.28,1,0,RULES,1,1,1,
2026-09-26 21:57:50,baseline-rules,285000,31.01,70.67,1008.41,31.28,71.58,1008.28,1,0,RULES,1,1,1,
2026-09-26 21:57:51,baseline-rules,286000,31.02,70.48,1008.35,31.28,71.68,1008.32,1,0,RULES,1,1,1,
2026-09-26 21:57:52,baseline-rules,287000,31.01,71.16,1008.39,31.28,71.61,1008.26,1,0,RULES,1,1,1,
2026-09-26 21:57:53,baseline-rules,288000,31.00,71.18,1008.38,31.28,71.62,1008.26,1,0,RULES,1,1,1,
2026-09-26 21:57:54,baseline-rules,289000,31.00,70.62,1008.40,31.28,71.55,1008.29,1,0,RULES,1,1,1,
2026-09-26 21:57:55,baseline-rules,290000,31.00,71.08,1008.41,31.28,71.82,1008.28,1,0,RULES,1,1,1,
2026-09-26 21:57:56,baseline-rules,291000,31.00,70.68,1008.38,31.28,71.67,1008.20,1,0,RULES,1,1,1,
2026-09-26 21:57:57,baseline-rules,292000,31.00,70.94,1008.38,31.27,71.62,1008.25,1,0,RULES,1,1,1,
2026-09-26 21:57:58,baseline-rules,293000,31.00,71.15,1008.38,31.28,71.67,1008.34,1,0,RULES,1,1,1,
2026-09-26 21:57:59,baseline-rules,294000,31.01,71.27,1008.33,31.28,71.60,1008.26,1,0,RULES,1,1,1,
2026-09-26 21:58:00,baseline-rules,295000,31.00,70.51,1008.32,31.28,71.53,1008.26,1,0,RULES,1,1,1,
2026-09-26 21:58:01,baseline-rules,296000,30.99,70.86,1008.33,31.27,71.62,1008.28,1,0,RULES,1,1,1,
2026-09-26 21:58:02,baseline-rules,297000,31.00,70.90,1008.38,31.28,71.76,1008.34,1,0,RULES,1,1,1,
2026-09-26 21:58:03,baseline-rules,298000,31.00,70.70,1008.32,31.28,71.41,1008.32,1,0,RULES,1,1,1,
2026-09-26 21:58:04,baseline-rules,299000,31.00,70.68,1008.38,31.27,71.76,1008.28,1,0,RULES,1,1,1,
2026-09-26 21:58:05,baseline-rules,300000,30.99,70.76,1008.42,31.28,71.71,1008.28,1,0,RULES,1,1,1,
2026-09-26 21:58:06,baseline-rules,301000,31.00,70.55,1008.38,31.26,71.74,1008.29,1,0,RULES,1,1,1,
2026-09-26 21:58:07,baseline-rules,302000,31.00,70.60,1008.38,31.29,71.46,1008.30,1,0,RULES,1,1,1,
2026-09-26 21:58:08,baseline-rules,303000,31.00,71.15,1008.37,31.27,71.41,1008.25,1,0,RULES,1,1,1,
2026-09-26 21:58:09,baseline-rules,304000,31.00,71.30,1008.38,31.28,71.73,1008.28,1,0,RULES,1,1,1,
2026-09-26 21:58:10,baseline-rules,305000,30.99,70.56,1008.36,31.27,71.60,1008.25,1,0,RULES,1,1,1,
2026-09-26 21:58:11,baseline-rules,306000,31.00,71.42,1008.37,31.26,71.63,1008.24,1,0,RULES,1,1,1,
2026-09-26 21:58:12,baseline-rules,307000,30.99,71.43,1008.33,31.28,71.73,1008.31,1,0,RULES,1,1,1,
2026-09-26 21:58:13,baseline-rules,308000,31.00,70.69,1008.37,31.28,71.46,1008.26,1,0,RULES,1,1,1,
2026-09-26 21:58:14,baseline-rules,309000,31.00,70.84,1008.37,31.27,71.70,1008.22,1,0,RULES,1,1,1,
2026-09-26 21:58:15,baseline-rules,310000,31.00,70.68,1008.38,31.27,71.78,1008.25,1,0,RULES,1,1,1,
2026-09-26 21:58:16,baseline-rules,311000,31.00,71.60,1008.40,31.28,71.70,1008.29,1,0,RULES,1,1,1,
2026-09-26 21:58:17,baseline-rules,312000,31.00,70.56,1008.32,31.28,71.81,1008.23,1,0,RULES,1,1,1,
2026-09-26 21:58:18,baseline-rules,313000,31.01,70.65,1008.44,31.27,71.77,1008.28,1,0,RULES,1,1,1,
2026-09-26 21:58:19,baseline-rules,314000,31.00,70.63,1008.37,31.28,71.55,1008.31,1,0,RULES,1,1,1,
2026-09-26 21:58:20,baseline-rules,315000,31.00,71.23,1008.35,31.28,71.59,1008.31,1,0,RULES,1,1,1,
2026-09-26 21:58:21,baseline-rules,316000,30.99,70.65,1008.39,31.28,71.43,1008.26,1,0,RULES,1,1,1,
2026-09-26 21:58:22,baseline-rules,317000,30.99,70.79,1008.33,31.26,71.30,1008.27,1,0,RULES,1,1,1,
2026-09-26 21:58:23,baseline-rules,318000,31.00,71.11,1008.40,31.28,71.54,1008.28,1,0,RULES,1,1,1,
2026-09-26 21:58:24,baseline-rules,319000,30.99,70.58,1008.35,31.28,71.46,1008.26,1,0,RULES,1,1,1,
2026-09-26 21:58:25,baseline-rules,320000,31.00,70.65,1008.38,31.28,71.58,1008.28,1,0,RULES,1,1,1,
2026-09-26 21:58:26,baseline-rules,321000,31.00,71.12,1008.34,31.28,71.59,1008.26,1,0,RULES,1,1,1,
2026-09-26 21:58:27,baseline-rules,322000,30.99,70.62,1008.31,31.28,71.67,1008.31,1,0,RULES,1,1,1,
2026-09-26 21:58:28,baseline-rules,323000,30.99,70.54,1008.42,31.28,71.62,1008.26,1,0,RULES,1,1,1,
2026-09-26 21:58:29,baseline-rules,324000,30.99,70.68,1008.36,31.27,71.78,1008.25,1,0,RULES,1,1,1,
2026-09-26 21:58:30,baseline-rules,325000,31.00,71.39,1008.40,31.27,71.67,1008.28,1,0,RULES,1,1,1,
2026-09-26 21:58:31,baseline-rules,326000,30.99,70.96,1008.33,31.28,71.71,1008.26,1,0,RULES,1,1,1,
2026-09-26 21:58:32,baseline-rules,327000,30.99,70.58,1008.38,31.28,71.54,1008.29,1,0,RULES,1,1,1,
2026-09-26 21:58:33,baseline-rules,328000,31.00,70.91,1008.37,31.28,71.64,1008.26,1,0,RULES,1,1,1,
2026-09-26 21:58:34,baseline-rules,329000,30.99,71.13,1008.36,31.28,71.56,1008.26,1,0,RULES,1,1,1,
2026-09-26 21:58:35,baseline-rules,330000,30.99,70.97,1008.38,31.27,71.60,1008.25,1,0,RULES,1,1,1,
2026-09-26 21:58:36,baseline-rules,331000,30.99,70.72,1008.39,31.27,71.67,1008.28,1,0,RULES,1,1,1,
2026-09-26 21:58:37,baseline-rules,332000,30.99,70.74,1008.33,31.27,71.81,1008.25,1,0,RULES,1,1,1,
2026-09-26 21:58:38,baseline-rules,333000,30.99,70.67,1008.42,31.28,71.88,1008.31,1,0,RULES,1,1,1,
2026-09-26 21:58:39,baseline-rules,334000,31.00,70.64,1008.37,31.28,71.81,1008.26,1,0,RULES,1,1,1,
2026-09-26 21:58:40,baseline-rules,335000,30.99,70.68,1008.39,31.27,71.79,1008.28,1,0,RULES,1,1,1,
2026-09-26 21:58:41,baseline-rules,336000,31.00,70.56,1008.37,31.28,71.89,1008.34,1,0,RULES,1,1,1,
2026-09-26 21:58:42,baseline-rules,337000,30.99,70.49,1008.39,31.26,71.64,1008.26,1,0,RULES,1,1,1,
2026-09-26 21:58:43,baseline-rules,338000,30.99,70.97,1008.42,31.28,71.79,1008.26,1,0,RULES,1,1,1,
2026-09-26 21:58:44,baseline-rules,339000,30.99,70.84,1008.36,31.27,71.67,1008.25,1,0,RULES,1,1,1,
2026-09-26 21:58:45,baseline-rules,340000,30.99,70.53,1008.33,31.27,71.65,1008.22,1,0,RULES,1,1,1,
2026-09-26 21:58:46,baseline-rules,341000,30.99,70.75,1008.39,31.27,71.61,1008.33,1,0,RULES,1,1,1,
2026-09-26 21:58:47,baseline-rules,342000,30.98,70.73,1008.37,31.26,71.74,1008.29,1,0,RULES,1,1,1,
2026-09-26 21:58:48,baseline-rules,343000,30.99,71.20,1008.39,31.26,71.93,1008.27,1,0,RULES,1,1,1,
2026-09-26 21:58:49,baseline-rules,344000,30.99,71.55,1008.39,31.28,71.68,1008.26,1,0,RULES,1,1,1,
2026-09-26 21:58:50,baseline-rules,345000,30.99,71.55,1008.36,31.27,71.74,1008.30,1,0,RULES,1,1,1,
2026-09-26 21:58:51,baseline-rules,346000,30.98,71.54,1008.35,31.26,71.54,1008.21,1,0,RULES,1,1,1,
2026-09-26 21:58:52,baseline-rules,347000,30.99,71.55,1008.41,31.27,71.67,1008.28,1,0,RULES,1,1,1,
2026-09-26 21:58:53,baseline-rules,348000,30.98,70.99,1008.37,31.27,71.85,1008.25,1,0,RULES,1,1,1,
2026-09-26 21:58:54,baseline-rules,349000,30.98,70.62,1008.35,31.28,71.52,1008.26,1,0,RULES,1,1,1,
2026-09-26 21:58:55,baseline-rules,350000,30.99,70.64,1008.30,31.26,71.50,1008.24,1,0,RULES,1,1,1,
2026-09-26 21:58:56,baseline-rules,351000,30.99,70.71,1008.30,31.28,71.37,1008.31,1,0,RULES,1,1,1,
2026-09-26 21:58:57,baseline-rules,352000,30.99,70.78,1008.36,31.28,71.83,1008.31,1,0,RULES,1,1,1,
2026-09-26 21:58:58,baseline-rules,353000,30.99,70.69,1008.36,31.26,71.45,1008.27,1,0,RULES,1,1,1,
2026-09-26 21:58:59,baseline-rules,354000,30.99,70.86,1008.35,31.28,71.51,1008.31,1,0,RULES,1,1,1,
2026-09-26 21:59:00,baseline-rules,355000,30.99,71.42,1008.36,31.27,71.37,1008.30,1,0,RULES,1,1,1,
2026-09-26 21:59:01,baseline-rules,356000,31.00,71.39,1008.32,31.28,71.38,1008.28,1,0,RULES,1,1,1,
2026-09-26 21:59:02,baseline-rules,357000,31.00,70.86,1008.45,31.28,71.39,1008.26,1,0,RULES,1,1,1,
2026-09-26 21:59:03,baseline-rules,358000,30.99,71.52,1008.36,31.27,71.54,1008.28,1,0,RULES,1,1,1,
2026-09-26 21:59:04,baseline-rules,359000,30.99,70.77,1008.39,31.26,71.43,1008.29,1,0,RULES,1,1,1,
2026-09-26 21:59:05,baseline-rules,360000,31.00,70.79,1008.40,31.27,71.49,1008.28,1,0,RULES,1,1,1,
2026-09-26 21:59:06,baseline-rules,361000,30.99,71.25,1008.39,31.28,71.58,1008.29,1,0,RULES,1,1,1,
2026-09-26 21:59:07,baseline-rules,362000,31.00,70.62,1008.37,31.28,71.37,1008.29,1,0,RULES,1,1,1,
2026-09-26 21:59:08,baseline-rules,363000,30.99,71.00,1008.38,31.28,71.71,1008.31,1,0,RULES,1,1,1,
2026-09-26 21:59:09,baseline-rules,364000,30.99,71.22,1008.30,31.27,71.47,1008.30,1,0,RULES,1,1,1,
2026-09-26 21:59:10,baseline-rules,365000,30.99,70.63,1008.33,31.28,71.79,1008.31,1,0,RULES,1,1,1,
2026-09-26 21:59:11,baseline-rules,366000,30.99,71.37,1008.39,31.28,71.49,1008.35,1,0,RULES,1,1,1,
2026-09-26 21:59:12,baseline-rules,367000,31.00,70.75,1008.34,31.28,71.60,1008.23,1,0,RULES,1,1,1,
2026-09-26 21:59:13,baseline-rules,368000,31.00,71.29,1008.37,31.27,71.59,1008.25,1,0,RULES,1,1,1,
2026-09-26 21:59:14,baseline-rules,369000,30.99,70.55,1008.30,31.28,71.66,1008.26,1,0,RULES,1,1,1,
2026-09-26 21:59:15,baseline-rules,370000,30.99,70.62,1008.38,31.28,71.61,1008.31,1,0,RULES,1,1,1,
2026-09-26 21:59:16,baseline-rules,371000,30.99,70.85,1008.39,31.28,71.60,1008.31,1,0,RULES,1,1,1,
2026-09-26 21:59:17,baseline-rules,372000,30.99,70.72,1008.39,31.27,71.64,1008.25,1,0,RULES,1,1,1,
2026-09-26 21:59:18,baseline-rules,373000,30.99,70.76,1008.39,31.28,71.58,1008.28,1,0,RULES,1,1,1,
2026-09-26 21:59:19,baseline-rules,374000,31.00,70.68,1008.34,31.28,71.88,1008.31,1,0,RULES,1,1,1,
2026-09-26 21:59:20,baseline-rules,375000,30.99,70.80,1008.36,31.28,71.69,1008.23,1,0,RULES,1,1,1,
2026-09-26 21:59:21,baseline-rules,376000,30.99,70.67,1008.38,31.28,71.78,1008.21,1,0,RULES,1,1,1,
2026-09-26 21:59:22,baseline-rules,377000,31.00,70.73,1008.38,31.28,71.63,1008.23,1,0,RULES,1,1,1,
2026-09-26 21:59:23,baseline-rules,378000,31.00,71.25,1008.40,31.28,71.71,1008.31,1,0,RULES,1,1,1,
2026-09-26 21:59:24,baseline-rules,379000,31.00,70.98,1008.34,31.28,71.70,1008.37,1,0,RULES,1,1,1,
2026-09-26 21:59:25,baseline-rules,380000,31.00,70.76,1008.37,31.28,71.66,1008.29,1,0,RULES,1,1,1,
2026-09-26 21:59:26,baseline-rules,381000,31.00,71.51,1008.37,31.27,71.72,1008.25,1,0,RULES,1,1,1,
2026-09-26 21:59:27,baseline-rules,382000,31.00,71.57,1008.40,31.28,71.70,1008.26,1,0,RULES,1,1,1,
2026-09-26 21:59:28,baseline-rules,383000,31.01,71.41,1008.39,31.28,71.83,1008.28,1,0,RULES,1,1,1,
2026-09-26 21:59:29,baseline-rules,384000,31.00,71.61,1008.43,31.28,71.83,1008.34,1,0,RULES,1,1,1,
2026-09-26 21:59:30,baseline-rules,385000,30.99,70.63,1008.36,31.28,71.90,1008.31,1,0,RULES,1,1,1,
2026-09-26 21:59:31,baseline-rules,386000,30.99,70.64,1008.36,31.27,71.60,1008.30,1,0,RULES,1,1,1,
2026-09-26 21:59:32,baseline-rules,387000,30.98,70.63,1008.40,31.28,71.72,1008.31,1,0,RULES,1,1,1,
2026-09-26 21:59:33,baseline-rules,388000,30.99,70.68,1008.39,31.28,71.64,1008.29,1,0,RULES,1,1,1,
2026-09-26 21:59:34,baseline-rules,389000,30.99,70.67,1008.33,31.28,71.62,1008.31,1,0,RULES,1,1,1,
2026-09-26 21:59:35,baseline-rules,390000,30.99,71.17,1008.42,31.26,71.63,1008.29,1,0,RULES,1,1,1,
2026-09-26 21:59:36,baseline-rules,391000,31.00,70.89,1008.40,31.28,71.67,1008.28,1,0,RULES,1,1,1,
2026-09-26 21:59:37,baseline-rules,392000,30.99,70.91,1008.41,31.27,71.54,1008.30,1,0,RULES,1,1,1,
2026-09-26 21:59:38,baseline-rules,393000,30.99,70.64,1008.36,31.27,71.67,1008.28,1,0,RULES,1,1,1,
2026-09-26 21:59:39,baseline-rules,394000,30.99,71.51,1008.33,31.27,71.67,1008.30,1,0,RULES,1,1,1,
2026-09-26 21:59:40,baseline-rules,395000,30.99,70.62,1008.42,31.28,71.54,1008.31,1,0,RULES,1,1,1,
2026-09-26 21:59:41,baseline-rules,396000,30.99,71.28,1008.33,31.28,71.44,1008.31,1,0,RULES,1,1,1,
2026-09-26 21:59:42,baseline-rules,397000,30.99,71.01,1008.36,31.28,71.64,1008.28,1,0,RULES,1,1,1,
2026-09-26 21:59:43,baseline-rules,398000,30.99,71.06,1008.36,31.27,71.80,1008.28,1,0,RULES,1,1,1,
2026-09-26 21:59:44,baseline-rules,399000,31.00,71.54,1008.43,31.28,71.65,1008.23,1,0,RULES,1,1,1,
2026-09-26 21:59:45,baseline-rules,400000,30.99,70.76,1008.36,31.28,71.77,1008.31,1,0,RULES,1,1,1,
2026-09-26 21:59:46,baseline-rules,401000,31.00,71.61,1008.38,31.28,71.81,1008.32,1,0,RULES,1,1,1,
2026-09-26 21:59:47,baseline-rules,402000,30.99,71.08,1008.39,31.28,71.71,1008.31,1,0,RULES,1,1,1,
2026-09-26 21:59:48,baseline-rules,403000,30.99,70.66,1008.31,31.27,71.81,1008.30,1,0,RULES,1,1,1,
2026-09-26 21:59:49,baseline-rules,404000,30.99,70.66,1008.33,31.28,71.85,1008.26,1,0,RULES,1,1,1,
2026-09-26 21:59:50,baseline-rules,405000,30.99,71.18,1008.31,31.27,71.85,1008.30,1,0,RULES,1,1,1,
2026-09-26 21:59:51,baseline-rules,406000,30.99,70.56,1008.33,31.28,71.87,1008.28,1,0,RULES,1,1,1,
2026-09-26 21:59:52,baseline-rules,407000,30.99,71.35,1008.39,31.28,71.55,1008.32,1,0,RULES,1,1,1,
2026-09-26 21:59:53,baseline-rules,408000,30.99,70.84,1008.42,31.28,71.71,1008.26,1,0,RULES,1,1,1,
2026-09-26 21:59:54,baseline-rules,409000,30.99,70.65,1008.33,31.27,71.78,1008.28,1,0,RULES,1,1,1,
2026-09-26 21:59:55,baseline-rules,410000,31.00,71.51,1008.37,31.26,71.81,1008.24,1,0,RULES,1,1,1,
2026-09-26 21:59:56,baseline-rules,411000,30.99,71.09,1008.36,31.28,71.69,1008.26,1,0,RULES,1,1,1,
2026-09-26 21:59:57,baseline-rules,412000,30.99,70.75,1008.36,31.28,71.60,1008.37,1,0,RULES,1,1,1,
2026-09-26 21:59:58,baseline-rules,413000,31.01,70.66,1008.39,31.28,71.89,1008.29,1,0,RULES,1,1,1,
2026-09-26 21:59:59,baseline-rules,414000,30.99,70.68,1008.36,31.27,71.69,1008.30,1,0,RULES,1,1,1,
2026-09-26 22:00:00,baseline-rules,415000,30.99,70.76,1008.36,31.28,71.77,1008.28,1,0,RULES,1,1,1,
2026-09-26 22:00:01,baseline-rules,416000,31.00,70.67,1008.40,31.28,71.83,1008.34,1,0,RULES,1,1,1,
2026-09-26 22:00:02,baseline-rules,417000,30.99,71.22,1008.39,31.28,71.80,1008.37,1,0,RULES,1,1,1,
2026-09-26 22:00:03,baseline-rules,418000,31.00,70.82,1008.37,31.26,71.71,1008.24,1,0,RULES,1,1,1,
2026-09-26 22:00:04,baseline-rules,419000,31.00,71.22,1008.41,31.28,71.69,1008.31,1,0,RULES,1,1,1,
2026-09-26 22:00:05,baseline-rules,420000,31.01,70.62,1008.33,31.27,71.71,1008.30,1,0,RULES,1,1,1,
2026-09-26 22:00:06,baseline-rules,421000,31.00,70.67,1008.38,31.28,71.83,1008.32,1,0,RULES,1,1,1,
2026-09-26 22:00:07,baseline-rules,422000,30.99,70.92,1008.33,31.27,71.54,1008.30,1,0,RULES,1,1,1,
2026-09-26 22:00:08,baseline-rules,423000,30.99,70.92,1008.33,31.28,71.73,1008.29,1,0,RULES,1,1,1,
2026-09-26 22:00:09,baseline-rules,424000,31.00,71.34,1008.43,31.27,71.71,1008.28,1,0,RULES,1,1,1,
2026-09-26 22:00:10,baseline-rules,425000,31.00,70.67,1008.34,31.28,71.29,1008.31,1,0,RULES,1,1,1,
2026-09-26 22:00:11,baseline-rules,426000,31.00,70.76,1008.37,31.28,71.60,1008.26,1,0,RULES,1,1,1,
2026-09-26 22:00:12,baseline-rules,427000,31.00,70.68,1008.43,31.28,71.41,1008.31,1,0,RULES,1,1,1,
2026-09-26 22:00:13,baseline-rules,428000,31.00,70.74,1008.40,31.28,71.67,1008.29,1,0,RULES,1,1,1,
2026-09-26 22:00:14,baseline-rules,429000,31.00,70.64,1008.41,31.28,71.63,1008.32,1,0,RULES,1,1,1,
2026-09-26 22:00:15,baseline-rules,430000,31.00,70.59,1008.40,31.28,71.53,1008.28,1,0,RULES,1,1,1,
2026-09-26 22:00:16,baseline-rules,431000,30.99,70.72,1008.39,31.28,71.65,1008.34,1,0,RULES,1,1,1,
2026-09-26 22:00:17,baseline-rules,432000,31.00,70.83,1008.40,31.28,71.58,1008.28,1,0,RULES,1,1,1,
2026-09-26 22:00:18,baseline-rules,433000,30.99,71.22,1008.39,31.27,71.51,1008.30,1,0,RULES,1,1,1,
2026-09-26 22:00:19,baseline-rules,434000,31.00,70.63,1008.34,31.27,71.55,1008.30,1,0,RULES,1,1,1,
2026-09-26 22:00:20,baseline-rules,435000,30.99,71.58,1008.39,31.28,71.69,1008.26,1,0,RULES,1,1,1,
2026-09-26 22:00:21,baseline-rules,436000,30.99,70.95,1008.36,31.28,71.78,1008.23,1,0,RULES,1,1,1,
2026-09-26 22:00:22,baseline-rules,437000,30.99,70.77,1008.38,31.28,71.81,1008.28,1,0,RULES,1,1,1,
2026-09-26 22:00:23,baseline-rules,438000,30.99,70.73,1008.39,31.28,71.68,1008.26,1,0,RULES,1,1,1,
2026-09-26 22:00:24,baseline-rules,439000,30.99,70.61,1008.47,31.28,72.00,1008.31,1,0,RULES,1,1,1,
2026-09-26 22:00:25,baseline-rules,440000,30.99,70.62,1008.39,31.28,71.76,1008.31,1,0,RULES,1,1,1,
2026-09-26 22:00:26,baseline-rules,441000,30.98,70.66,1008.40,31.28,71.77,1008.31,1,0,RULES,1,1,1,
2026-09-26 22:00:27,baseline-rules,442000,30.99,70.74,1008.39,31.28,71.81,1008.28,1,0,RULES,1,1,1,
2026-09-26 22:00:28,baseline-rules,443000,30.99,71.29,1008.38,31.28,71.49,1008.26,1,0,RULES,1,1,1,
2026-09-26 22:00:29,baseline-rules,444000,30.98,70.60,1008.40,31.28,71.44,1008.31,1,0,RULES,1,1,1,
2026-09-26 22:00:30,baseline-rules,445000,30.99,71.39,1008.38,31.28,71.53,1008.28,1,0,RULES,1,1,1,
2026-09-26 22:00:31,baseline-rules,446000,30.98,71.62,1008.35,31.28,71.67,1008.31,1,0,RULES,1,1,1,
2026-09-26 22:00:32,baseline-rules,447000,30.99,70.70,1008.41,31.27,71.50,1008.30,1,0,RULES,1,1,1,
2026-09-26 22:00:33,baseline-rules,448000,30.99,70.63,1008.42,31.28,71.67,1008.28,1,0,RULES,1,1,1,
2026-09-26 22:00:34,baseline-rules,449000,30.98,71.41,1008.37,31.28,71.85,1008.26,1,0,RULES,1,1,1,
2026-09-26 22:00:35,baseline-rules,450000,30.99,70.74,1008.35,31.28,71.45,1008.32,1,0,RULES,1,1,1,
2026-09-26 22:00:36,baseline-rules,451000,30.98,71.00,1008.35,31.27,71.62,1008.33,1,0,RULES,1,1,1,
2026-09-26 22:00:37,baseline-rules,452000,30.98,70.75,1008.37,31.27,71.63,1008.25,1,0,RULES,1,1,1,
2026-09-26 22:00:38,baseline-rules,453000,30.99,70.70,1008.35,31.28,71.88,1008.28,1,0,RULES,1,1,1,
2026-09-26 22:00:39,baseline-rules,454000,30.99,71.03,1008.38,31.28,71.58,1008.35,1,0,RULES,1,1,1,
2026-09-26 22:00:40,baseline-rules,455000,30.99,70.65,1008.33,31.28,71.88,1008.31,1,0,RULES,1,1,1,
2026-09-26 22:00:41,baseline-rules,456000,30.99,71.44,1008.41,31.28,71.69,1008.31,1,0,RULES,1,1,1,
2026-09-26 22:00:42,baseline-rules,457000,30.99,71.04,1008.35,31.28,71.71,1008.32,1,0,RULES,1,1,1,
2026-09-26 22:00:43,baseline-rules,458000,30.98,71.28,1008.37,31.29,71.85,1008.30,1,0,RULES,1,1,1,
2026-09-26 22:00:44,baseline-rules,459000,30.99,70.71,1008.41,31.27,71.69,1008.28,1,0,RULES,1,1,1,
2026-09-26 22:00:45,baseline-rules,460000,30.99,71.58,1008.35,31.28,71.82,1008.31,1,0,RULES,1,1,1,
2026-09-26 22:00:46,baseline-rules,461000,30.98,70.70,1008.37,31.28,71.80,1008.26,1,0,RULES,1,1,1,
2026-09-26 22:00:47,baseline-rules,462000,30.98,70.68,1008.32,31.28,71.54,1008.28,1,0,RULES,1,1,1,
2026-09-26 22:00:48,baseline-rules,463000,30.99,71.23,1008.35,31.28,71.64,1008.35,1,0,RULES,1,1,1,
2026-09-26 22:00:49,baseline-rules,464000,30.99,70.73,1008.33,31.28,71.80,1008.28,1,0,RULES,1,1,1,
2026-09-26 22:00:50,baseline-rules,465000,30.98,71.54,1008.35,31.28,71.82,1008.28,1,0,RULES,1,1,1,
2026-09-26 22:00:51,baseline-rules,466000,31.00,70.73,1008.37,31.27,71.82,1008.22,1,0,RULES,1,1,1,
2026-09-26 22:00:52,baseline-rules,467000,30.99,70.82,1008.33,31.28,71.46,1008.31,1,0,RULES,1,1,1,
2026-09-26 22:00:53,baseline-rules,468000,30.99,70.78,1008.45,31.28,71.55,1008.28,1,0,RULES,1,1,1,
2026-09-26 22:00:54,baseline-rules,469000,30.98,70.62,1008.32,31.28,71.42,1008.26,1,0,RULES,1,1,1,
2026-09-26 22:00:55,baseline-rules,470000,30.99,70.57,1008.38,31.27,71.62,1008.30,1,0,RULES,1,1,1,
2026-09-26 22:00:56,baseline-rules,471000,30.99,71.22,1008.36,31.28,71.69,1008.26,1,0,RULES,1,1,1,
2026-09-26 22:00:57,baseline-rules,472000,30.99,71.45,1008.36,31.28,71.68,1008.32,1,0,RULES,1,1,1,
2026-09-26 22:00:58,baseline-rules,473000,30.99,70.89,1008.39,31.27,71.69,1008.28,1,0,RULES,1,1,1,
2026-09-26 22:00:59,baseline-rules,474000,30.99,70.69,1008.41,31.28,71.69,1008.31,1,0,RULES,1,1,1,
2026-09-26 22:01:00,baseline-rules,475000,30.99,70.88,1008.45,31.28,71.60,1008.23,1,0,RULES,1,1,1,
2026-09-26 22:01:01,baseline-rules,476000,30.99,71.28,1008.35,31.28,71.85,1008.26,1,0,RULES,1,1,1,
2026-09-26 22:01:02,baseline-rules,477000,30.98,70.74,1008.32,31.28,71.65,1008.28,1,0,RULES,1,1,1,
2026-09-26 22:01:03,baseline-rules,478000,30.99,70.79,1008.33,31.27,71.80,1008.30,1,0,RULES,1,1,1,
2026-09-26 22:01:04,baseline-rules,479000,30.99,71.33,1008.39,31.28,71.36,1008.28,1,0,RULES,1,1,1,
2026-09-26 22:01:05,baseline-rules,480000,30.99,71.08,1008.41,31.28,71.56,1008.31,1,0,RULES,1,1,1,
2026-09-26 22:01:06,baseline-rules,481000,31.00,70.66,1008.37,31.27,71.69,1008.28,1,0,RULES,1,1,1,
2026-09-26 22:01:07,baseline-rules,482000,30.99,71.31,1008.39,31.28,71.88,1008.26,1,0,RULES,1,1,1,
2026-09-26 22:01:08,baseline-rules,,,,,,,,,,,,,,mist A=0 B=0 (burst cap)
2026-09-26 22:01:08,baseline-rules,483000,30.99,71.34,1008.35,31.28,71.66,1008.26,0,0,RULES,1,1,1,
2026-09-26 22:01:09,baseline-rules,484000,30.98,70.92,1008.37,31.28,71.63,1008.28,0,0,RULES,1,1,1,
2026-09-26 22:01:10,baseline-rules,485000,30.99,70.76,1008.39,31.26,71.71,1008.24,0,0,RULES,1,1,1,
2026-09-26 22:01:11,baseline-rules,486000,30.98,71.38,1008.35,31.28,71.76,1008.23,0,0,RULES,1,1,1,
2026-09-26 22:01:12,baseline-rules,487000,30.99,71.53,1008.30,31.27,71.76,1008.33,0,0,RULES,1,1,1,
2026-09-26 22:01:13,baseline-rules,488000,31.00,70.84,1008.37,31.28,71.78,1008.26,0,0,RULES,1,1,1,
2026-09-26 22:01:14,baseline-rules,489000,30.98,71.11,1008.37,31.28,71.90,1008.26,0,0,RULES,1,1,1,
2026-09-26 22:01:15,baseline-rules,490000,30.99,70.95,1008.39,31.28,71.71,1008.28,0,0,RULES,1,1,1,
2026-09-26 22:01:16,baseline-rules,491000,30.99,71.64,1008.36,31.28,71.85,1008.26,0,0,RULES,1,1,1,
2026-09-26 22:01:17,baseline-rules,492000,30.99,71.66,1008.35,31.28,71.92,1008.34,0,0,RULES,1,1,1,
2026-09-26 22:01:18,baseline-rules,,,,,,,,,,,,,,mode OFF
2026-09-26 22:01:18,baseline-rules,,,,,,,,,,,,,,MARK  mist stopped by Claude: inside RH not rising while mist on
2026-09-26 22:01:18,baseline-rules,493000,30.98,70.75,1008.35,31.27,71.41,1008.28,0,0,OFF,1,1,1,
2026-09-26 22:01:19,baseline-rules,494000,30.99,71.07,1008.35,31.27,71.43,1008.28,0,0,OFF,1,1,1,
2026-09-26 22:01:20,baseline-rules,495000,30.98,70.63,1008.32,31.28,71.70,1008.35,0,0,OFF,1,1,1,
2026-09-26 22:01:21,baseline-rules,496000,30.99,71.32,1008.38,31.28,71.61,1008.26,0,0,OFF,1,1,1,
2026-09-26 22:01:22,baseline-rules,497000,30.99,71.06,1008.33,31.27,71.60,1008.28,0,0,OFF,1,1,1,
2026-09-26 22:01:23,baseline-rules,498000,30.99,70.84,1008.39,31.28,71.80,1008.31,0,0,OFF,1,1,1,
2026-09-26 22:01:24,baseline-rules,499000,30.99,70.84,1008.33,31.26,71.57,1008.32,0,0,OFF,1,1,1,
2026-09-26 22:01:25,baseline-rules,500000,30.99,71.62,1008.30,31.28,71.60,1008.34,0,0,OFF,1,1,1,
2026-09-26 22:01:26,baseline-rules,501000,30.98,70.68,1008.40,31.28,71.47,1008.28,0,0,OFF,1,1,1,
2026-09-26 22:01:27,baseline-rules,502000,31.00,70.75,1008.37,31.26,71.39,1008.27,0,0,OFF,1,1,1,
2026-09-26 22:01:28,baseline-rules,503000,31.00,71.60,1008.37,31.28,71.46,1008.28,0,0,OFF,1,1,1,
2026-09-26 22:01:29,baseline-rules,504000,31.00,71.75,1008.37,31.27,71.49,1008.28,0,0,OFF,1,1,1,
2026-09-26 22:01:30,baseline-rules,505000,30.99,70.84,1008.35,31.27,71.63,1008.30,0,0,OFF,1,1,1,
2026-09-26 22:01:31,baseline-rules,506000,31.00,70.75,1008.38,31.27,71.74,1008.25,0,0,OFF,1,1,1,
2026-09-26 22:01:32,baseline-rules,507000,31.00,70.73,1008.37,31.28,71.56,1008.34,0,0,OFF,1,1,1,
2026-09-26 22:01:33,baseline-rules,508000,30.98,71.62,1008.32,31.28,71.34,1008.37,0,0,OFF,1,1,1,
2026-09-26 22:01:34,baseline-rules,509000,30.99,71.51,1008.31,31.28,71.46,1008.32,0,0,OFF,1,1,1,
2026-09-26 22:01:35,baseline-rules,510000,31.00,71.21,1008.34,31.26,71.35,1008.21,0,0,OFF,1,1,1,
2026-09-26 22:01:36,baseline-rules,511000,30.99,70.74,1008.31,31.27,71.99,1008.30,0,0,OFF,1,1,1,
2026-09-26 22:01:37,baseline-rules,512000,31.00,71.11,1008.43,31.28,71.88,1008.28,0,0,OFF,1,1,1,
2026-09-26 22:01:38,baseline-rules,513000,30.98,70.75,1008.35,31.27,71.50,1008.25,0,0,OFF,1,1,1,
2026-09-26 22:01:39,baseline-rules,514000,30.99,71.31,1008.38,31.27,71.69,1008.30,0,0,OFF,1,1,1,
2026-09-26 22:01:40,baseline-rules,515000,30.99,71.20,1008.31,31.26,71.60,1008.32,0,0,OFF,1,1,1,
2026-09-26 22:01:41,baseline-rules,516000,30.99,71.07,1008.33,31.28,71.76,1008.28,0,0,OFF,1,1,1,
2026-09-26 22:01:42,baseline-rules,517000,30.98,70.69,1008.32,31.28,71.55,1008.26,0,0,OFF,1,1,1,
2026-09-26 22:01:43,baseline-rules,518000,30.99,70.73,1008.35,31.27,71.64,1008.30,0,0,OFF,1,1,1,
2026-09-26 22:01:44,baseline-rules,519000,30.99,71.23,1008.36,31.28,72.02,1008.34,0,0,OFF,1,1,1,
2026-09-26 22:01:45,baseline-rules,520000,30.98,71.08,1008.29,31.27,71.79,1008.19,0,0,OFF,1,1,1,
2026-09-26 22:01:46,baseline-rules,521000,30.99,71.36,1008.33,31.28,71.63,1008.29,0,0,OFF,1,1,1,
2026-09-26 22:01:47,baseline-rules,522000,30.98,71.03,1008.34,31.27,71.70,1008.28,0,0,OFF,1,1,1,
2026-09-26 22:01:48,baseline-rules,523000,30.99,71.19,1008.33,31.27,71.88,1008.33,0,0,OFF,1,1,1,
2026-09-26 22:01:49,baseline-rules,524000,30.98,70.71,1008.34,31.27,71.61,1008.25,0,0,OFF,1,1,1,
2026-09-26 22:01:50,baseline-rules,525000,30.98,70.70,1008.26,31.28,71.63,1008.28,0,0,OFF,1,1,1,
2026-09-26 22:01:51,baseline-rules,526000,30.99,71.42,1008.38,31.27,71.46,1008.36,0,0,OFF,1,1,1,
2026-09-26 22:01:52,baseline-rules,527000,30.99,70.79,1008.35,31.28,71.60,1008.28,0,0,OFF,1,1,1,
2026-09-26 22:01:53,baseline-rules,528000,30.98,71.08,1008.37,31.29,71.67,1008.33,0,0,OFF,1,1,1,
2026-09-26 22:01:54,baseline-rules,529000,30.98,70.74,1008.32,31.28,71.48,1008.24,0,0,OFF,1,1,1,
2026-09-26 22:01:55,baseline-rules,530000,30.99,71.61,1008.36,31.28,71.60,1008.23,0,0,OFF,1,1,1,
2026-09-26 22:01:56,baseline-rules,531000,30.99,70.80,1008.27,31.28,71.56,1008.28,0,0,OFF,1,1,1,
2026-09-26 22:01:57,baseline-rules,532000,30.98,70.96,1008.32,31.27,71.88,1008.25,0,0,OFF,1,1,1,
2026-09-26 22:01:58,baseline-rules,533000,30.99,70.70,1008.35,31.28,71.60,1008.31,0,0,OFF,1,1,1,
2026-09-26 22:01:59,baseline-rules,534000,30.99,71.65,1008.35,31.28,71.90,1008.31,0,0,OFF,1,1,1,
2026-09-26 22:02:00,baseline-rules,535000,30.99,71.33,1008.35,31.28,71.51,1008.23,0,0,OFF,1,1,1,
2026-09-26 22:02:01,baseline-rules,536000,30.99,70.74,1008.33,31.28,71.63,1008.26,0,0,OFF,1,1,1,
2026-09-26 22:02:02,baseline-rules,537000,30.99,70.75,1008.27,31.26,71.60,1008.24,0,0,OFF,1,1,1,
2026-09-26 22:02:03,baseline-rules,538000,30.99,71.57,1008.33,31.27,71.61,1008.28,0,0,OFF,1,1,1,
2026-09-26 22:02:04,baseline-rules,539000,31.00,71.58,1008.31,31.28,71.72,1008.31,0,0,OFF,1,1,1,
2026-09-26 22:02:05,baseline-rules,540000,30.99,71.56,1008.31,31.28,71.66,1008.21,0,0,OFF,1,1,1,
2026-09-26 22:02:06,baseline-rules,541000,31.00,71.65,1008.31,31.28,71.93,1008.26,0,0,OFF,1,1,1,
2026-09-26 22:02:07,baseline-rules,542000,30.99,71.56,1008.33,31.26,71.58,1008.27,0,0,OFF,1,1,1,
2026-09-26 22:02:08,baseline-rules,543000,31.00,71.62,1008.37,31.28,71.46,1008.26,0,0,OFF,1,1,1,
2026-09-26 22:02:09,baseline-rules,544000,30.99,71.64,1008.31,31.26,71.40,1008.24,0,0,OFF,1,1,1,
2026-09-26 22:02:10,baseline-rules,545000,30.99,71.17,1008.31,31.28,71.62,1008.23,0,0,OFF,1,1,1,
2026-09-26 22:02:11,baseline-rules,546000,31.00,71.20,1008.29,31.28,71.46,1008.26,0,0,OFF,1,1,1,
2026-09-26 22:02:12,baseline-rules,547000,31.00,70.87,1008.37,31.28,71.53,1008.26,0,0,OFF,1,1,1,
2026-09-26 22:02:13,baseline-rules,548000,31.00,71.32,1008.29,31.28,71.67,1008.26,0,0,OFF,1,1,1,
2026-09-26 22:02:14,baseline-rules,549000,31.00,71.27,1008.32,31.28,71.91,1008.26,0,0,OFF,1,1,1,
2026-09-26 22:02:15,baseline-rules,550000,31.00,71.16,1008.35,31.27,71.87,1008.25,0,0,OFF,1,1,1,
2026-09-26 22:02:16,baseline-rules,551000,31.00,71.00,1008.29,31.28,71.73,1008.28,0,0,OFF,1,1,1,
2026-09-26 22:02:17,baseline-rules,552000,31.00,70.85,1008.31,31.28,71.43,1008.20,0,0,OFF,1,1,1,
2026-09-26 22:02:18,baseline-rules,553000,31.01,70.75,1008.33,31.28,71.71,1008.28,0,0,OFF,1,1,1,
2026-09-26 22:02:19,baseline-rules,554000,31.01,71.42,1008.33,31.28,71.62,1008.23,0,0,OFF,1,1,1,
2026-09-26 22:02:20,baseline-rules,555000,31.00,71.72,1008.31,31.27,71.91,1008.30,0,0,OFF,1,1,1,
2026-09-26 22:02:21,baseline-rules,556000,31.01,71.20,1008.34,31.28,71.86,1008.28,0,0,OFF,1,1,1,
2026-09-26 22:02:22,baseline-rules,557000,31.01,71.37,1008.36,31.28,71.82,1008.26,0,0,OFF,1,1,1,
2026-09-26 22:02:23,baseline-rules,558000,31.00,70.66,1008.27,31.28,71.90,1008.31,0,0,OFF,1,1,1,
2026-09-26 22:02:24,baseline-rules,559000,31.01,70.71,1008.33,31.28,71.60,1008.31,0,0,OFF,1,1,1,
2026-09-26 22:02:25,baseline-rules,560000,31.01,71.09,1008.30,31.28,71.57,1008.32,0,0,OFF,1,1,1,
2026-09-26 22:02:26,baseline-rules,561000,31.01,71.42,1008.33,31.28,71.75,1008.32,0,0,OFF,1,1,1,
2026-09-26 22:02:27,baseline-rules,562000,31.00,71.53,1008.27,31.27,71.73,1008.25,0,0,OFF,1,1,1,
2026-09-26 22:02:28,baseline-rules,563000,31.01,71.12,1008.36,31.27,71.71,1008.25,0,0,OFF,1,1,1,
2026-09-26 22:02:29,baseline-rules,564000,31.01,71.14,1008.39,31.27,71.83,1008.25,0,0,OFF,1,1,1,
2026-09-26 22:02:30,baseline-rules,565000,31.01,71.33,1008.30,31.26,71.72,1008.21,0,0,OFF,1,1,1,
2026-09-26 22:02:31,baseline-rules,566000,31.01,71.34,1008.33,31.27,71.49,1008.25,0,0,OFF,1,1,1,
2026-09-26 22:02:32,baseline-rules,567000,31.02,71.60,1008.32,31.27,71.65,1008.25,0,0,OFF,1,1,1,
2026-09-26 22:02:33,baseline-rules,568000,31.01,71.21,1008.33,31.27,71.44,1008.22,0,0,OFF,1,1,1,
2026-09-26 22:20:59,baseline-rules,,,,,,,,,,,,,,sensor IN found at 0x76
2026-09-26 22:20:59,baseline-rules,,,,,,,,,,,,,,sensor OUT found at 0x77
2026-09-26 22:20:59,baseline-rules,,,,,,,,,,,,,,"S,mode=OFF,lo=75.0,hi=90.0,max=300,cool=180,man=600,use=A,period=1,in=bad,out=bad,tank=ok,mistA=0,mistB=0"
2026-09-26 22:21:00,baseline-rules,,,,,,,,,,,,,,sensor IN reading OK
2026-09-26 22:21:00,baseline-rules,,,,,,,,,,,,,,sensor OUT reading OK
2026-09-26 22:21:00,baseline-rules,1000,31.29,71.04,1008.14,31.28,71.36,1008.12,0,0,OFF,1,1,1,
2026-09-26 22:21:01,baseline-rules,2000,31.27,70.41,1008.20,31.23,71.48,1008.11,0,0,OFF,1,1,1,
2026-09-26 22:21:02,baseline-rules,3000,31.26,71.01,1008.17,31.24,71.66,1008.12,0,0,OFF,1,1,1,
2026-09-26 22:21:03,baseline-rules,4000,31.26,70.06,1008.20,31.24,71.57,1008.09,0,0,OFF,1,1,1,
2026-09-26 22:21:04,baseline-rules,5000,31.25,70.58,1008.15,31.23,71.59,1008.14,0,0,OFF,1,1,1,
2026-09-26 22:21:05,baseline-rules,6000,31.25,70.47,1008.16,31.24,71.55,1008.06,0,0,OFF,1,1,1,
2026-09-26 22:21:06,baseline-rules,7000,31.25,70.08,1008.16,31.24,71.47,1008.12,0,0,OFF,1,1,1,
2026-09-26 22:21:07,baseline-rules,8000,31.25,70.07,1008.19,31.24,71.47,1008.06,0,0,OFF,1,1,1,
2026-09-26 22:21:08,baseline-rules,9000,31.26,70.10,1008.14,31.24,71.63,1008.14,0,0,OFF,1,1,1,
2026-09-26 22:21:09,baseline-rules,10000,31.24,70.22,1008.15,31.25,71.33,1008.10,0,0,OFF,1,1,1,
2026-09-26 22:21:10,baseline-rules,11000,31.25,70.21,1008.21,31.25,71.30,1008.10,0,0,OFF,1,1,1,
2026-09-26 22:21:11,baseline-rules,12000,31.24,70.38,1008.20,31.24,71.47,1008.04,0,0,OFF,1,1,1,
2026-09-26 22:21:12,baseline-rules,13000,31.25,70.15,1008.15,31.24,71.65,1008.14,0,0,OFF,1,1,1,
2026-09-26 22:21:13,baseline-rules,14000,31.24,71.06,1008.20,31.24,71.37,1008.15,0,0,OFF,1,1,1,
2026-09-26 22:21:14,baseline-rules,15000,31.24,70.12,1008.20,31.24,71.58,1008.07,0,0,OFF,1,1,1,
2026-09-26 22:21:15,baseline-rules,16000,31.24,70.31,1008.17,31.23,71.25,1008.13,0,0,OFF,1,1,1,
2026-09-26 22:21:16,baseline-rules,17000,31.24,70.96,1008.15,31.24,71.47,1008.12,0,0,OFF,1,1,1,
2026-09-26 22:21:17,baseline-rules,18000,31.24,70.81,1008.23,31.24,71.57,1008.14,0,0,OFF,1,1,1,
2026-09-26 22:21:18,baseline-rules,19000,31.23,70.13,1008.16,31.24,71.41,1008.06,0,0,OFF,1,1,1,
2026-09-26 22:21:19,baseline-rules,20000,31.24,71.16,1008.19,31.24,71.63,1008.09,0,0,OFF,1,1,1,
2026-09-26 22:21:20,baseline-rules,21000,31.24,70.32,1008.17,31.24,71.48,1008.06,0,0,OFF,1,1,1,
2026-09-26 22:21:21,baseline-rules,22000,31.23,70.21,1008.19,31.24,71.30,1008.12,0,0,OFF,1,1,1,
2026-09-26 22:21:22,baseline-rules,23000,31.23,70.19,1008.19,31.24,71.30,1008.12,0,0,OFF,1,1,1,
2026-09-26 22:21:23,baseline-rules,24000,31.23,70.47,1008.16,31.22,71.32,1008.03,0,0,OFF,1,1,1,
2026-09-26 22:21:24,baseline-rules,25000,31.23,70.32,1008.19,31.23,71.46,1008.13,0,0,OFF,1,1,1,
2026-09-26 22:21:25,baseline-rules,26000,31.23,70.65,1008.18,31.23,71.35,1008.13,0,0,OFF,1,1,1,
2026-09-26 22:21:26,baseline-rules,27000,31.23,70.60,1008.18,31.22,71.48,1008.18,0,0,OFF,1,1,1,
2026-09-26 22:21:27,baseline-rules,28000,31.22,70.31,1008.20,31.22,71.59,1008.08,0,0,OFF,1,1,1,
2026-09-26 22:21:28,baseline-rules,29000,31.22,70.37,1008.14,31.23,71.58,1008.13,0,0,OFF,1,1,1,
2026-09-26 22:21:29,baseline-rules,30000,31.22,70.61,1008.11,31.23,71.40,1008.07,0,0,OFF,1,1,1,
2026-09-26 22:21:30,baseline-rules,31000,31.22,70.88,1008.13,31.23,71.69,1008.14,0,0,OFF,1,1,1,
2026-09-26 22:21:31,baseline-rules,32000,31.22,70.76,1008.16,31.22,71.46,1008.09,0,0,OFF,1,1,1,
2026-09-26 22:21:32,baseline-rules,33000,31.22,70.38,1008.20,31.23,71.50,1008.13,0,0,OFF,1,1,1,
2026-09-26 22:21:33,baseline-rules,34000,31.22,70.45,1008.22,31.23,71.61,1008.07,0,0,OFF,1,1,1,
2026-09-26 22:21:34,baseline-rules,35000,31.22,70.39,1008.19,31.23,71.59,1008.13,0,0,OFF,1,1,1,
2026-09-26 22:21:35,baseline-rules,36000,31.21,71.04,1008.18,31.23,71.65,1008.05,0,0,OFF,1,1,1,
2026-09-26 22:21:36,baseline-rules,37000,31.21,70.40,1008.15,31.23,71.49,1008.13,0,0,OFF,1,1,1,
2026-09-26 22:21:37,baseline-rules,38000,31.21,70.32,1008.17,31.22,71.49,1008.09,0,0,OFF,1,1,1,
2026-09-26 22:21:38,baseline-rules,39000,31.20,70.37,1008.13,31.23,71.42,1008.14,0,0,OFF,1,1,1,
2026-09-26 22:21:39,baseline-rules,40000,31.19,70.46,1008.15,31.23,71.57,1008.13,0,0,OFF,1,1,1,
2026-09-26 22:21:40,baseline-rules,41000,31.21,70.42,1008.15,31.23,71.57,1007.99,0,0,OFF,1,1,1,
2026-09-26 22:21:41,baseline-rules,42000,31.21,70.82,1008.17,31.22,71.40,1008.12,0,0,OFF,1,1,1,
2026-09-26 22:21:42,baseline-rules,43000,31.20,70.52,1008.14,31.23,71.50,1008.13,0,0,OFF,1,1,1,
2026-09-26 22:21:43,baseline-rules,44000,31.20,70.47,1008.16,31.22,71.38,1008.06,0,0,OFF,1,1,1,
2026-09-26 22:21:44,baseline-rules,45000,31.21,71.05,1008.20,31.22,71.67,1008.03,0,0,OFF,1,1,1,
2026-09-26 22:21:45,baseline-rules,46000,31.20,70.77,1008.16,31.22,71.59,1008.09,0,0,OFF,1,1,1,
2026-09-26 22:21:46,baseline-rules,47000,31.20,70.33,1008.22,31.24,71.21,1008.12,0,0,OFF,1,1,1,
2026-09-26 22:21:47,baseline-rules,48000,31.20,70.79,1008.19,31.22,71.48,1008.09,0,0,OFF,1,1,1,
2026-09-26 22:21:48,baseline-rules,49000,31.20,71.07,1008.16,31.23,71.73,1008.02,0,0,OFF,1,1,1,
2026-09-26 22:21:49,baseline-rules,50000,31.20,71.10,1008.22,31.23,71.71,1008.13,0,0,OFF,1,1,1,
2026-09-26 22:21:50,baseline-rules,51000,31.20,70.48,1008.10,31.23,71.67,1008.05,0,0,OFF,1,1,1,
2026-09-26 22:21:51,baseline-rules,52000,31.20,70.60,1008.13,31.23,71.71,1008.11,0,0,OFF,1,1,1,
2026-09-26 22:21:52,baseline-rules,53000,31.19,70.67,1008.18,31.22,71.64,1008.06,0,0,OFF,1,1,1,
2026-09-26 22:21:53,baseline-rules,54000,31.19,70.84,1008.18,31.22,71.75,1008.09,0,0,OFF,1,1,1,
2026-09-26 22:21:54,baseline-rules,55000,31.19,71.41,1008.09,31.22,71.60,1008.11,0,0,OFF,1,1,1,
2026-09-26 22:21:55,baseline-rules,56000,31.19,70.89,1008.20,31.22,71.56,1008.06,0,0,OFF,1,1,1,
2026-09-26 22:21:56,baseline-rules,57000,31.18,70.86,1008.16,31.21,71.58,1008.13,0,0,OFF,1,1,1,
2026-09-26 22:21:57,baseline-rules,58000,31.19,70.91,1008.18,31.21,71.66,1008.08,0,0,OFF,1,1,1,
2026-09-26 22:21:58,baseline-rules,59000,31.19,70.55,1008.17,31.22,71.66,1008.11,0,0,OFF,1,1,1,
2026-09-26 22:21:59,baseline-rules,60000,31.18,71.21,1008.13,31.22,71.65,1008.12,0,0,OFF,1,1,1,
2026-09-26 22:22:00,baseline-rules,61000,31.19,70.76,1008.20,31.22,71.66,1008.12,0,0,OFF,1,1,1,
2026-09-26 22:22:01,baseline-rules,,,,,,,,,,,,,,"MARK  rules block 1 start 22:22, lid propped 1 cm, one sensor in, one out, mist maker refilled"
2026-09-26 22:22:01,baseline-rules,,,,,,,,,,,,,,mode RULES
2026-09-26 22:22:01,baseline-rules,,,,,,,,,,,,,,mist A=1 B=0 (below lo)
2026-09-26 22:22:01,baseline-rules,62000,31.19,70.75,1008.17,31.21,71.48,1008.05,1,0,RULES,1,1,1,
2026-09-26 22:22:02,baseline-rules,63000,31.17,71.57,1008.12,31.22,71.54,1008.11,1,0,RULES,1,1,1,
2026-09-26 22:22:03,baseline-rules,64000,31.18,71.43,1008.15,31.22,71.58,1008.09,1,0,RULES,1,1,1,
2026-09-26 22:22:04,baseline-rules,65000,31.18,71.53,1008.16,31.21,71.49,1008.07,1,0,RULES,1,1,1,
2026-09-26 22:22:05,baseline-rules,66000,31.18,71.38,1008.13,31.22,71.49,1008.11,1,0,RULES,1,1,1,
2026-09-26 22:22:06,baseline-rules,67000,31.18,71.34,1008.15,31.21,71.57,1008.10,1,0,RULES,1,1,1,
2026-09-26 22:22:07,baseline-rules,68000,31.18,71.46,1008.18,31.21,71.58,1008.12,1,0,RULES,1,1,1,
2026-09-26 22:22:08,baseline-rules,69000,31.16,71.60,1008.19,31.21,71.60,1008.08,1,0,RULES,1,1,1,
2026-09-26 22:22:09,baseline-rules,70000,31.17,71.57,1008.19,31.22,71.59,1008.09,1,0,RULES,1,1,1,
2026-09-26 22:22:10,baseline-rules,71000,31.16,71.47,1008.09,31.21,71.61,1008.10,1,0,RULES,1,1,1,
2026-09-26 22:22:11,baseline-rules,72000,31.15,71.14,1008.20,31.21,71.61,1008.10,1,0,RULES,1,1,1,
2026-09-26 22:22:12,baseline-rules,73000,31.16,71.41,1008.21,31.22,71.80,1008.09,1,0,RULES,1,1,1,
2026-09-26 22:22:13,baseline-rules,74000,31.15,71.81,1008.17,31.22,71.64,1008.12,1,0,RULES,1,1,1,
2026-09-26 22:22:14,baseline-rules,75000,31.13,71.29,1008.22,31.22,71.43,1008.06,1,0,RULES,1,1,1,
2026-09-26 22:22:15,baseline-rules,76000,31.14,72.05,1008.15,31.22,71.52,1008.15,1,0,RULES,1,1,1,
2026-09-26 22:22:16,baseline-rules,77000,31.13,72.10,1008.19,31.22,71.65,1008.06,1,0,RULES,1,1,1,
2026-09-26 22:22:17,baseline-rules,78000,31.13,72.13,1008.21,31.21,71.67,1008.13,1,0,RULES,1,1,1,
2026-09-26 22:22:18,baseline-rules,79000,31.12,72.61,1008.14,31.21,71.68,1008.08,1,0,RULES,1,1,1,
2026-09-26 22:22:19,baseline-rules,80000,31.11,72.67,1008.16,31.22,71.63,1008.11,1,0,RULES,1,1,1,
2026-09-26 22:22:20,baseline-rules,81000,31.11,72.63,1008.15,31.21,71.72,1008.16,1,0,RULES,1,1,1,
2026-09-26 22:22:21,baseline-rules,82000,31.10,73.13,1008.19,31.22,71.58,1008.12,1,0,RULES,1,1,1,
2026-09-26 22:22:22,baseline-rules,83000,31.10,73.25,1008.17,31.21,71.59,1008.08,1,0,RULES,1,1,1,
2026-09-26 22:22:23,baseline-rules,84000,31.09,73.46,1008.16,31.22,71.52,1008.09,1,0,RULES,1,1,1,
2026-09-26 22:22:24,baseline-rules,85000,31.08,73.46,1008.17,31.23,71.59,1008.16,1,0,RULES,1,1,1,
2026-09-26 22:22:25,baseline-rules,86000,31.09,73.94,1008.18,31.22,71.79,1008.12,1,0,RULES,1,1,1,
2026-09-26 22:22:26,baseline-rules,87000,31.08,74.02,1008.13,31.23,71.74,1008.13,1,0,RULES,1,1,1,
2026-09-26 22:22:27,baseline-rules,88000,31.07,74.19,1008.10,31.22,71.57,1008.06,1,0,RULES,1,1,1,
2026-09-26 22:22:28,baseline-rules,89000,31.06,74.59,1008.16,31.21,71.58,1008.10,1,0,RULES,1,1,1,
2026-09-26 22:22:29,baseline-rules,90000,31.07,74.49,1008.14,31.22,71.45,1008.06,1,0,RULES,1,1,1,
2026-09-26 22:22:30,baseline-rules,91000,31.06,74.67,1008.11,31.22,71.40,1008.14,1,0,RULES,1,1,1,
2026-09-26 22:22:31,baseline-rules,92000,31.06,74.84,1008.19,31.22,71.67,1008.06,1,0,RULES,1,1,1,
2026-09-26 22:22:32,baseline-rules,93000,31.05,75.41,1008.18,31.22,71.66,1008.12,1,0,RULES,1,1,1,
2026-09-26 22:22:33,baseline-rules,94000,31.06,75.06,1008.14,31.21,71.83,1008.10,1,0,RULES,1,1,1,
2026-09-26 22:22:34,baseline-rules,95000,31.04,74.99,1008.13,31.21,71.54,1008.12,1,0,RULES,1,1,1,
2026-09-26 22:22:35,baseline-rules,96000,31.05,75.99,1008.17,31.22,71.87,1008.06,1,0,RULES,1,1,1,
2026-09-26 22:22:36,baseline-rules,97000,31.03,76.11,1008.20,31.21,71.77,1008.10,1,0,RULES,1,1,1,
2026-09-26 22:22:37,baseline-rules,98000,31.04,76.29,1008.25,31.21,71.84,1008.19,1,0,RULES,1,1,1,
2026-09-26 22:22:38,baseline-rules,99000,31.04,76.12,1008.16,31.20,71.45,1008.09,1,0,RULES,1,1,1,
2026-09-26 22:22:39,baseline-rules,100000,31.04,76.34,1008.15,31.21,71.69,1008.12,1,0,RULES,1,1,1,
2026-09-26 22:22:40,baseline-rules,101000,31.04,76.92,1008.19,31.20,71.55,1008.09,1,0,RULES,1,1,1,
2026-09-26 22:22:41,baseline-rules,102000,31.05,76.46,1008.20,31.20,71.59,1008.12,1,0,RULES,1,1,1,
2026-09-26 22:22:42,baseline-rules,103000,31.03,76.66,1008.17,31.20,71.78,1008.12,1,0,RULES,1,1,1,
2026-09-26 22:22:43,baseline-rules,104000,31.04,77.40,1008.12,31.21,71.57,1008.08,1,0,RULES,1,1,1,
2026-09-26 22:22:44,baseline-rules,105000,31.04,77.36,1008.27,31.21,71.71,1008.13,1,0,RULES,1,1,1,
2026-09-26 22:22:45,baseline-rules,106000,31.03,77.69,1008.20,31.20,71.26,1008.12,1,0,RULES,1,1,1,
2026-09-26 22:22:46,baseline-rules,107000,31.04,77.01,1008.19,31.20,71.62,1008.08,1,0,RULES,1,1,1,
2026-09-26 22:22:47,baseline-rules,108000,31.03,77.48,1008.20,31.20,71.60,1008.09,1,0,RULES,1,1,1,
2026-09-26 22:22:48,baseline-rules,109000,31.03,78.05,1008.23,31.19,71.87,1008.07,1,0,RULES,1,1,1,
2026-09-26 22:22:49,baseline-rules,110000,31.02,77.38,1008.13,31.21,71.70,1008.10,1,0,RULES,1,1,1,
2026-09-26 22:22:50,baseline-rules,111000,31.04,77.96,1008.18,31.20,71.89,1008.14,1,0,RULES,1,1,1,
2026-09-26 22:22:51,baseline-rules,112000,31.03,78.52,1008.20,31.20,71.60,1008.03,1,0,RULES,1,1,1,
2026-09-26 22:22:52,baseline-rules,113000,31.03,78.43,1008.20,31.20,71.44,1008.08,1,0,RULES,1,1,1,
2026-09-26 22:22:53,baseline-rules,114000,31.03,78.92,1008.20,31.19,71.79,1008.07,1,0,RULES,1,1,1,
2026-09-26 22:22:54,baseline-rules,115000,31.03,78.44,1008.17,31.20,71.71,1008.14,1,0,RULES,1,1,1,
2026-09-26 22:22:55,baseline-rules,116000,31.03,79.18,1008.14,31.20,71.73,1008.06,1,0,RULES,1,1,1,
2026-09-26 22:22:56,baseline-rules,117000,31.04,78.57,1008.18,31.19,71.81,1008.10,1,0,RULES,1,1,1,
2026-09-26 22:22:57,baseline-rules,118000,31.04,79.11,1008.16,31.20,71.71,1008.08,1,0,RULES,1,1,1,
2026-09-26 22:22:58,baseline-rules,119000,31.04,79.38,1008.25,31.19,71.78,1008.09,1,0,RULES,1,1,1,
2026-09-26 22:22:59,baseline-rules,120000,31.04,79.72,1008.16,31.19,71.65,1008.07,1,0,RULES,1,1,1,
2026-09-26 22:23:00,baseline-rules,121000,31.03,79.60,1008.23,31.19,71.70,1008.06,1,0,RULES,1,1,1,
2026-09-26 22:23:01,baseline-rules,122000,31.04,79.93,1008.19,31.19,71.74,1008.07,1,0,RULES,1,1,1,
2026-09-26 22:23:02,baseline-rules,123000,31.04,79.22,1008.21,31.18,71.57,1008.08,1,0,RULES,1,1,1,
2026-09-26 22:23:03,baseline-rules,124000,31.03,79.24,1008.14,31.19,71.72,1008.07,1,0,RULES,1,1,1,
2026-09-26 22:23:04,baseline-rules,125000,31.05,79.27,1008.23,31.19,71.62,1008.04,1,0,RULES,1,1,1,
2026-09-26 22:23:05,baseline-rules,126000,31.04,79.75,1008.16,31.18,71.46,1008.08,1,0,RULES,1,1,1,
2026-09-26 22:23:06,baseline-rules,127000,31.04,79.85,1008.21,31.19,71.51,1008.13,1,0,RULES,1,1,1,
2026-09-26 22:23:07,baseline-rules,128000,31.05,80.42,1008.20,31.18,71.71,1008.08,1,0,RULES,1,1,1,
2026-09-26 22:23:08,baseline-rules,129000,31.04,79.80,1008.16,31.18,71.49,1008.10,1,0,RULES,1,1,1,
2026-09-26 22:23:09,baseline-rules,130000,31.04,80.79,1008.19,31.18,71.72,1008.10,1,0,RULES,1,1,1,
2026-09-26 22:23:10,baseline-rules,131000,31.04,80.04,1008.19,31.17,71.66,1008.04,1,0,RULES,1,1,1,
2026-09-26 22:23:11,baseline-rules,132000,31.04,81.07,1008.16,31.17,71.60,1008.12,1,0,RULES,1,1,1,
2026-09-26 22:23:12,baseline-rules,133000,31.05,80.35,1008.23,31.18,71.74,1008.08,1,0,RULES,1,1,1,
2026-09-26 22:23:13,baseline-rules,134000,31.04,80.30,1008.19,31.17,71.75,1008.12,1,0,RULES,1,1,1,
2026-09-26 22:23:14,baseline-rules,135000,31.04,80.71,1008.22,31.18,71.76,1008.10,1,0,RULES,1,1,1,
2026-09-26 22:23:15,baseline-rules,136000,31.05,80.40,1008.18,31.17,71.56,1008.06,1,0,RULES,1,1,1,
2026-09-26 22:23:16,baseline-rules,137000,31.04,80.47,1008.18,31.18,71.56,1008.08,1,0,RULES,1,1,1,
2026-09-26 22:23:17,baseline-rules,138000,31.04,80.69,1008.22,31.18,71.73,1008.06,1,0,RULES,1,1,1,
2026-09-26 22:23:18,baseline-rules,139000,31.04,81.40,1008.22,31.18,71.83,1008.08,1,0,RULES,1,1,1,
2026-09-26 22:23:19,baseline-rules,140000,31.04,81.19,1008.16,31.18,71.23,1008.11,1,0,RULES,1,1,1,
2026-09-26 22:23:20,baseline-rules,141000,31.05,80.90,1008.23,31.18,71.54,1008.05,1,0,RULES,1,1,1,
2026-09-26 22:23:21,baseline-rules,142000,31.05,80.93,1008.23,31.17,71.59,1008.04,1,0,RULES,1,1,1,
2026-09-26 22:23:22,baseline-rules,143000,31.05,81.02,1008.21,31.17,71.75,1008.09,1,0,RULES,1,1,1,
2026-09-26 22:23:23,baseline-rules,144000,31.05,81.07,1008.17,31.17,71.64,1008.06,1,0,RULES,1,1,1,
2026-09-26 22:23:24,baseline-rules,145000,31.05,81.07,1008.17,31.18,71.57,1008.10,1,0,RULES,1,1,1,
2026-09-26 22:23:25,baseline-rules,146000,31.05,81.69,1008.18,31.17,71.62,1008.09,1,0,RULES,1,1,1,
2026-09-26 22:23:26,baseline-rules,147000,31.05,81.50,1008.15,31.18,71.48,1008.13,1,0,RULES,1,1,1,
2026-09-26 22:23:27,baseline-rules,148000,31.05,81.97,1008.17,31.18,71.81,1008.14,1,0,RULES,1,1,1,
2026-09-26 22:23:28,baseline-rules,149000,31.05,81.98,1008.18,31.17,71.75,1008.04,1,0,RULES,1,1,1,
2026-09-26 22:23:29,baseline-rules,150000,31.05,82.26,1008.18,31.17,71.72,1008.14,1,0,RULES,1,1,1,
2026-09-26 22:23:30,baseline-rules,151000,31.04,82.42,1008.16,31.18,71.81,1008.13,1,0,RULES,1,1,1,
2026-09-26 22:23:31,baseline-rules,152000,31.05,82.09,1008.21,31.17,71.43,1008.09,1,0,RULES,1,1,1,
2026-09-26 22:23:32,baseline-rules,153000,31.05,81.65,1008.23,31.16,71.67,1008.08,1,0,RULES,1,1,1,
2026-09-26 22:23:33,baseline-rules,154000,31.05,81.98,1008.23,31.17,71.76,1008.12,1,0,RULES,1,1,1,
2026-09-26 22:23:34,baseline-rules,155000,31.04,82.10,1008.19,31.16,71.69,1008.08,1,0,RULES,1,1,1,
2026-09-26 22:23:35,baseline-rules,156000,31.05,82.71,1008.23,31.17,71.72,1008.14,1,0,RULES,1,1,1,
2026-09-26 22:23:36,baseline-rules,157000,31.06,82.75,1008.21,31.16,71.78,1008.05,1,0,RULES,1,1,1,
2026-09-26 22:23:37,baseline-rules,158000,31.04,82.46,1008.19,31.16,71.34,1008.11,1,0,RULES,1,1,1,
2026-09-26 22:23:38,baseline-rules,159000,31.05,82.83,1008.21,31.16,71.59,1008.08,1,0,RULES,1,1,1,
2026-09-26 22:23:39,baseline-rules,160000,31.05,82.92,1008.20,31.16,71.69,1008.08,1,0,RULES,1,1,1,
2026-09-26 22:23:40,baseline-rules,161000,31.05,82.99,1008.18,31.15,71.68,1008.06,1,0,RULES,1,1,1,
2026-09-26 22:23:41,baseline-rules,162000,31.05,82.98,1008.23,31.15,71.86,1008.04,1,0,RULES,1,1,1,
2026-09-26 22:23:42,baseline-rules,163000,31.04,83.01,1008.19,31.15,71.54,1008.06,1,0,RULES,1,1,1,
2026-09-26 22:23:43,baseline-rules,164000,31.05,83.01,1008.23,31.16,71.59,1008.08,1,0,RULES,1,1,1,
2026-09-26 22:23:44,baseline-rules,165000,31.05,83.20,1008.21,31.16,71.60,1008.08,1,0,RULES,1,1,1,
2026-09-26 22:23:45,baseline-rules,166000,31.05,82.48,1008.21,31.16,71.79,1008.02,1,0,RULES,1,1,1,
2026-09-26 22:23:46,baseline-rules,167000,31.05,82.68,1008.18,31.16,71.69,1008.02,1,0,RULES,1,1,1,
2026-09-26 22:23:47,baseline-rules,168000,31.05,83.10,1008.18,31.16,71.66,1008.13,1,0,RULES,1,1,1,
2026-09-26 22:23:48,baseline-rules,169000,31.06,83.31,1008.19,31.16,71.67,1008.16,1,0,RULES,1,1,1,
2026-09-26 22:23:49,baseline-rules,170000,31.05,83.38,1008.15,31.16,71.66,1008.05,1,0,RULES,1,1,1,
2026-09-26 22:23:50,baseline-rules,171000,31.05,83.39,1008.23,31.15,71.70,1008.06,1,0,RULES,1,1,1,
2026-09-26 22:23:51,baseline-rules,172000,31.06,83.45,1008.19,31.14,71.90,1008.07,1,0,RULES,1,1,1,
2026-09-26 22:23:52,baseline-rules,173000,31.06,83.12,1008.16,31.15,71.70,1008.05,1,0,RULES,1,1,1,
2026-09-26 22:23:53,baseline-rules,174000,31.06,83.36,1008.19,31.15,71.61,1007.98,1,0,RULES,1,1,1,
2026-09-26 22:23:54,baseline-rules,175000,31.06,83.62,1008.21,31.15,71.77,1008.06,1,0,RULES,1,1,1,
2026-09-26 22:23:55,baseline-rules,176000,31.06,83.09,1008.19,31.15,71.89,1008.12,1,0,RULES,1,1,1,
2026-09-26 22:23:56,baseline-rules,177000,31.06,83.57,1008.14,31.15,71.74,1008.04,1,0,RULES,1,1,1,
2026-09-26 22:23:57,baseline-rules,178000,31.06,83.06,1008.19,31.15,71.71,1008.05,1,0,RULES,1,1,1,
2026-09-26 22:23:58,baseline-rules,179000,31.06,83.79,1008.19,31.15,71.67,1008.09,1,0,RULES,1,1,1,
2026-09-26 22:23:59,baseline-rules,180000,31.06,83.52,1008.24,31.15,71.83,1008.09,1,0,RULES,1,1,1,
2026-09-26 22:24:00,baseline-rules,181000,31.06,83.26,1008.25,31.15,72.04,1008.09,1,0,RULES,1,1,1,
2026-09-26 22:24:01,baseline-rules,182000,31.06,83.50,1008.14,31.16,71.54,1008.02,1,0,RULES,1,1,1,
2026-09-26 22:24:02,baseline-rules,183000,31.06,83.91,1008.14,31.16,72.01,1008.08,1,0,RULES,1,1,1,
2026-09-26 22:24:03,baseline-rules,184000,31.06,83.89,1008.16,31.16,71.95,1008.02,1,0,RULES,1,1,1,
2026-09-26 22:24:04,baseline-rules,185000,31.06,83.87,1008.27,31.16,72.03,1008.04,1,0,RULES,1,1,1,
2026-09-26 22:24:05,baseline-rules,186000,31.06,83.98,1008.16,31.16,71.81,1008.13,1,0,RULES,1,1,1,
2026-09-26 22:24:06,baseline-rules,187000,31.06,83.16,1008.21,31.16,71.67,1008.08,1,0,RULES,1,1,1,
2026-09-26 22:24:07,baseline-rules,188000,31.06,83.57,1008.19,31.16,71.78,1008.04,1,0,RULES,1,1,1,
2026-09-26 22:24:08,baseline-rules,189000,31.06,83.98,1008.19,31.16,71.82,1008.02,1,0,RULES,1,1,1,
2026-09-26 22:24:09,baseline-rules,190000,31.06,84.03,1008.16,31.16,71.75,1008.02,1,0,RULES,1,1,1,
2026-09-26 22:24:10,baseline-rules,191000,31.06,84.20,1008.16,31.16,71.94,1008.10,1,0,RULES,1,1,1,
2026-09-26 22:24:11,baseline-rules,192000,31.06,83.33,1008.13,31.16,71.65,1008.02,1,0,RULES,1,1,1,
2026-09-26 22:24:12,baseline-rules,193000,31.06,84.10,1008.22,31.16,71.72,1008.13,1,0,RULES,1,1,1,
2026-09-26 22:24:13,baseline-rules,194000,31.05,83.67,1008.15,31.16,71.64,1008.05,1,0,RULES,1,1,1,
2026-09-26 22:24:14,baseline-rules,195000,31.06,83.80,1008.21,31.16,71.62,1008.13,1,0,RULES,1,1,1,
2026-09-26 22:24:15,baseline-rules,196000,31.06,84.30,1008.16,31.16,71.66,1008.05,1,0,RULES,1,1,1,
2026-09-26 22:24:16,baseline-rules,197000,31.06,84.26,1008.19,31.17,71.81,1008.09,1,0,RULES,1,1,1,
2026-09-26 22:24:17,baseline-rules,198000,31.06,84.08,1008.16,31.17,72.01,1008.09,1,0,RULES,1,1,1,
2026-09-26 22:24:18,baseline-rules,199000,31.06,84.16,1008.16,31.16,71.82,1008.02,1,0,RULES,1,1,1,
2026-09-26 22:24:19,baseline-rules,200000,31.06,84.11,1008.16,31.16,71.88,1008.04,1,0,RULES,1,1,1,
2026-09-26 22:24:20,baseline-rules,201000,31.06,83.85,1008.19,31.17,71.67,1008.06,1,0,RULES,1,1,1,
2026-09-26 22:24:21,baseline-rules,202000,31.06,84.48,1008.16,31.16,71.91,1008.08,1,0,RULES,1,1,1,
2026-09-26 22:24:22,baseline-rules,203000,31.06,84.55,1008.16,31.16,71.83,1008.07,1,0,RULES,1,1,1,
2026-09-26 22:24:23,baseline-rules,204000,31.06,84.45,1008.25,31.17,71.79,1008.09,1,0,RULES,1,1,1,
2026-09-26 22:24:24,baseline-rules,205000,31.06,83.65,1008.16,31.17,71.72,1008.09,1,0,RULES,1,1,1,
2026-09-26 22:24:25,baseline-rules,206000,31.06,84.65,1008.19,31.16,71.91,1008.13,1,0,RULES,1,1,1,
2026-09-26 22:24:26,baseline-rules,207000,31.06,84.65,1008.19,31.17,71.90,1008.09,1,0,RULES,1,1,1,
2026-09-26 22:24:27,baseline-rules,208000,31.06,84.36,1008.11,31.17,71.73,1008.07,1,0,RULES,1,1,1,
2026-09-26 22:24:28,baseline-rules,209000,31.06,84.51,1008.25,31.17,71.64,1008.04,1,0,RULES,1,1,1,
2026-09-26 22:24:29,baseline-rules,210000,31.06,83.95,1008.19,31.15,71.84,1008.06,1,0,RULES,1,1,1,
2026-09-26 22:24:30,baseline-rules,211000,31.07,84.43,1008.17,31.17,71.67,1008.06,1,0,RULES,1,1,1,
2026-09-26 22:24:31,baseline-rules,212000,31.07,84.72,1008.23,31.17,71.72,1008.12,1,0,RULES,1,1,1,
2026-09-26 22:24:32,baseline-rules,213000,31.06,84.81,1008.13,31.17,71.93,1008.07,1,0,RULES,1,1,1,
2026-09-26 22:24:33,baseline-rules,214000,31.06,84.83,1008.22,31.17,71.84,1008.07,1,0,RULES,1,1,1,
2026-09-26 22:24:34,baseline-rules,215000,31.06,84.06,1008.25,31.17,71.71,1008.09,1,0,RULES,1,1,1,
2026-09-26 22:24:35,baseline-rules,216000,31.05,84.78,1008.23,31.17,71.82,1008.09,1,0,RULES,1,1,1,
2026-09-26 22:24:36,baseline-rules,217000,31.06,84.62,1008.19,31.17,71.82,1008.09,1,0,RULES,1,1,1,
2026-09-26 22:24:37,baseline-rules,218000,31.06,84.33,1008.25,31.16,71.72,1008.08,1,0,RULES,1,1,1,
2026-09-26 22:24:38,baseline-rules,219000,31.06,84.78,1008.19,31.17,71.74,1008.11,1,0,RULES,1,1,1,
2026-09-26 22:24:39,baseline-rules,220000,31.05,84.80,1008.15,31.17,71.89,1008.06,1,0,RULES,1,1,1,
2026-09-26 22:24:40,baseline-rules,221000,31.06,84.72,1008.19,31.17,71.80,1008.12,1,0,RULES,1,1,1,
2026-09-26 22:24:41,baseline-rules,222000,31.06,84.26,1008.16,31.17,71.53,1008.11,1,0,RULES,1,1,1,
2026-09-26 22:24:42,baseline-rules,223000,31.07,84.94,1008.23,31.17,71.73,1008.11,1,0,RULES,1,1,1,
2026-09-26 22:24:43,baseline-rules,224000,31.07,85.03,1008.24,31.17,71.86,1008.09,1,0,RULES,1,1,1,
2026-09-26 22:24:44,baseline-rules,225000,31.06,85.00,1008.19,31.17,71.74,1008.09,1,0,RULES,1,1,1,
2026-09-26 22:24:45,baseline-rules,226000,31.06,85.00,1008.19,31.18,71.81,1008.13,1,0,RULES,1,1,1,
2026-09-26 22:24:46,baseline-rules,227000,31.06,85.15,1008.16,31.17,71.71,1008.04,1,0,RULES,1,1,1,
2026-09-26 22:24:47,baseline-rules,228000,31.07,85.02,1008.17,31.16,71.61,1008.08,1,0,RULES,1,1,1,
2026-09-26 22:24:48,baseline-rules,229000,31.07,84.54,1008.21,31.16,71.70,1008.08,1,0,RULES,1,1,1,
2026-09-26 22:24:49,baseline-rules,230000,31.06,85.09,1008.24,31.16,71.57,1008.07,1,0,RULES,1,1,1,
2026-09-26 22:24:50,baseline-rules,231000,31.06,84.33,1008.22,31.17,71.60,1008.12,1,0,RULES,1,1,1,
2026-09-26 22:24:51,baseline-rules,232000,31.06,84.33,1008.19,31.17,71.66,1008.11,1,0,RULES,1,1,1,
2026-09-26 22:24:52,baseline-rules,233000,31.06,84.48,1008.16,31.17,71.91,1008.09,1,0,RULES,1,1,1,
2026-09-26 22:24:53,baseline-rules,234000,31.06,85.32,1008.22,31.17,71.80,1008.04,1,0,RULES,1,1,1,
2026-09-26 22:24:54,baseline-rules,235000,31.06,84.68,1008.19,31.17,71.71,1008.06,1,0,RULES,1,1,1,
2026-09-26 22:24:55,baseline-rules,236000,31.06,85.28,1008.24,31.17,71.76,1008.09,1,0,RULES,1,1,1,
2026-09-26 22:24:56,baseline-rules,237000,31.06,85.28,1008.21,31.17,71.86,1008.07,1,0,RULES,1,1,1,
2026-09-26 22:24:57,baseline-rules,238000,31.06,84.71,1008.22,31.16,71.72,1008.08,1,0,RULES,1,1,1,
2026-09-26 22:24:58,baseline-rules,239000,31.07,84.58,1008.14,31.18,71.59,1008.05,1,0,RULES,1,1,1,
2026-09-26 22:24:59,baseline-rules,240000,31.06,85.40,1008.16,31.17,71.86,1008.09,1,0,RULES,1,1,1,
2026-09-26 22:25:00,baseline-rules,241000,31.05,84.48,1008.21,31.17,71.75,1008.09,1,0,RULES,1,1,1,
2026-09-26 22:25:01,baseline-rules,242000,31.06,84.98,1008.19,31.16,71.74,1008.08,1,0,RULES,1,1,1,
2026-09-26 22:25:02,baseline-rules,243000,31.05,85.40,1008.18,31.16,71.49,1008.11,1,0,RULES,1,1,1,
2026-09-26 22:25:03,baseline-rules,244000,31.06,85.35,1008.19,31.17,71.55,1008.09,1,0,RULES,1,1,1,
2026-09-26 22:25:04,baseline-rules,245000,31.07,85.08,1008.23,31.17,71.64,1008.07,1,0,RULES,1,1,1,
2026-09-26 22:25:05,baseline-rules,246000,31.07,85.15,1008.20,31.17,71.80,1008.04,1,0,RULES,1,1,1,
2026-09-26 22:25:06,baseline-rules,247000,31.06,85.14,1008.19,31.17,71.67,1008.07,1,0,RULES,1,1,1,
2026-09-26 22:25:07,baseline-rules,248000,31.05,85.14,1008.14,31.16,71.59,1008.02,1,0,RULES,1,1,1,
2026-09-26 22:25:08,baseline-rules,249000,31.06,85.24,1008.19,31.16,71.82,1008.08,1,0,RULES,1,1,1,
2026-09-26 22:25:09,baseline-rules,250000,31.06,85.43,1008.25,31.17,71.55,1008.06,1,0,RULES,1,1,1,
2026-09-26 22:25:10,baseline-rules,251000,31.06,85.67,1008.22,31.16,71.57,1008.02,1,0,RULES,1,1,1,
2026-09-26 22:25:11,baseline-rules,252000,31.06,85.20,1008.16,31.15,71.62,1008.12,1,0,RULES,1,1,1,
2026-09-26 22:25:12,baseline-rules,253000,31.05,84.99,1008.21,31.16,71.73,1008.11,1,0,RULES,1,1,1,
2026-09-26 22:25:13,baseline-rules,254000,31.05,85.15,1008.17,31.15,71.70,1008.09,1,0,RULES,1,1,1,
2026-09-26 22:25:14,baseline-rules,255000,31.06,85.13,1008.19,31.15,71.65,1008.12,1,0,RULES,1,1,1,
2026-09-26 22:25:15,baseline-rules,256000,31.05,85.42,1008.20,31.16,71.67,1008.07,1,0,RULES,1,1,1,
2026-09-26 22:25:16,baseline-rules,257000,31.06,85.66,1008.16,31.15,71.52,1008.12,1,0,RULES,1,1,1,
2026-09-26 22:25:17,baseline-rules,258000,31.05,85.51,1008.15,31.16,71.96,1008.10,1,0,RULES,1,1,1,
2026-09-26 22:25:18,baseline-rules,259000,31.05,85.62,1008.14,31.16,71.75,1008.04,1,0,RULES,1,1,1,
2026-09-26 22:25:19,baseline-rules,260000,31.05,85.61,1008.17,31.16,71.74,1008.07,1,0,RULES,1,1,1,
2026-09-26 22:25:20,baseline-rules,261000,31.05,85.75,1008.18,31.17,71.64,1008.09,1,0,RULES,1,1,1,
2026-09-26 22:25:21,baseline-rules,262000,31.05,85.76,1008.18,31.16,71.62,1008.13,1,0,RULES,1,1,1,
2026-09-26 22:25:22,baseline-rules,263000,31.05,85.36,1008.17,31.17,71.55,1008.14,1,0,RULES,1,1,1,
2026-09-26 22:25:23,baseline-rules,264000,31.06,85.09,1008.21,31.16,71.77,1008.07,1,0,RULES,1,1,1,
2026-09-26 22:25:24,baseline-rules,265000,31.05,85.13,1008.08,31.16,71.62,1008.05,1,0,RULES,1,1,1,
2026-09-26 22:25:25,baseline-rules,266000,31.06,85.06,1008.24,31.16,71.55,1008.07,1,0,RULES,1,1,1,
2026-09-26 22:25:26,baseline-rules,267000,31.06,85.46,1008.19,31.16,71.57,1008.11,1,0,RULES,1,1,1,
2026-09-26 22:25:27,baseline-rules,268000,31.05,85.75,1008.17,31.16,71.58,1008.15,1,0,RULES,1,1,1,
2026-09-26 22:25:28,baseline-rules,269000,31.05,85.82,1008.21,31.16,71.74,1008.07,1,0,RULES,1,1,1,
2026-09-26 22:25:29,baseline-rules,270000,31.05,85.79,1008.14,31.16,71.69,1008.10,1,0,RULES,1,1,1,
2026-09-26 22:25:30,baseline-rules,271000,31.05,85.38,1008.17,31.15,71.41,1008.09,1,0,RULES,1,1,1,
2026-09-26 22:25:31,baseline-rules,272000,31.05,85.53,1008.20,31.15,71.48,1008.09,1,0,RULES,1,1,1,
2026-09-26 22:25:32,baseline-rules,273000,31.04,85.14,1008.19,31.15,71.46,1008.01,1,0,RULES,1,1,1,
2026-09-26 22:25:33,baseline-rules,274000,31.04,85.09,1008.19,31.14,71.53,1008.10,1,0,RULES,1,1,1,
2026-09-26 22:25:34,baseline-rules,275000,31.04,84.98,1008.19,31.15,71.73,1008.12,1,0,RULES,1,1,1,
2026-09-26 22:25:35,baseline-rules,276000,31.05,85.06,1008.20,31.15,71.70,1008.11,1,0,RULES,1,1,1,
2026-09-26 22:25:36,baseline-rules,277000,31.04,85.05,1008.19,31.15,71.65,1008.05,1,0,RULES,1,1,1,
2026-09-26 22:25:37,baseline-rules,278000,31.05,85.42,1008.17,31.15,71.52,1008.11,1,0,RULES,1,1,1,
2026-09-26 22:25:38,baseline-rules,279000,31.05,85.97,1008.14,31.14,71.70,1008.10,1,0,RULES,1,1,1,
2026-09-26 22:25:39,baseline-rules,280000,31.05,85.13,1008.23,31.14,71.71,1008.10,1,0,RULES,1,1,1,
2026-09-26 22:25:40,baseline-rules,281000,31.04,85.37,1008.19,31.14,71.83,1008.07,1,0,RULES,1,1,1,
2026-09-26 22:25:41,baseline-rules,282000,31.05,85.99,1008.20,31.14,71.76,1008.09,1,0,RULES,1,1,1,
2026-09-26 22:25:42,baseline-rules,283000,31.04,85.51,1008.15,31.13,71.59,1008.09,1,0,RULES,1,1,1,
2026-09-26 22:25:43,baseline-rules,284000,31.05,86.03,1008.23,31.14,71.43,1008.07,1,0,RULES,1,1,1,
2026-09-26 22:25:44,baseline-rules,285000,31.04,85.08,1008.12,31.14,71.68,1008.07,1,0,RULES,1,1,1,
2026-09-26 22:25:45,baseline-rules,286000,31.05,85.18,1008.20,31.14,71.77,1008.05,1,0,RULES,1,1,1,
2026-09-26 22:25:46,baseline-rules,287000,31.05,85.73,1008.17,31.13,71.58,1008.02,1,0,RULES,1,1,1,
2026-09-26 22:25:47,baseline-rules,288000,31.04,85.14,1008.22,31.13,71.56,1008.11,1,0,RULES,1,1,1,
2026-09-26 22:25:48,baseline-rules,289000,31.04,85.71,1008.22,31.13,71.66,1008.00,1,0,RULES,1,1,1,
2026-09-26 22:25:49,baseline-rules,290000,31.04,85.81,1008.25,31.13,71.44,1008.09,1,0,RULES,1,1,1,
2026-09-26 22:25:50,baseline-rules,291000,31.05,85.87,1008.20,31.14,71.47,1008.15,1,0,RULES,1,1,1,
2026-09-26 22:25:51,baseline-rules,292000,31.05,85.17,1008.17,31.13,71.30,1008.05,1,0,RULES,1,1,1,
2026-09-26 22:25:52,baseline-rules,293000,31.04,85.35,1008.22,31.13,71.45,1008.05,1,0,RULES,1,1,1,
2026-09-26 22:25:53,baseline-rules,294000,31.05,85.36,1008.21,31.13,71.44,1008.08,1,0,RULES,1,1,1,
2026-09-26 22:25:54,baseline-rules,295000,31.04,85.61,1008.16,31.12,71.35,1008.07,1,0,RULES,1,1,1,
2026-09-26 22:25:55,baseline-rules,296000,31.04,86.19,1008.22,31.13,71.67,1008.08,1,0,RULES,1,1,1,
2026-09-26 22:25:56,baseline-rules,297000,31.04,86.24,1008.16,31.13,71.44,1008.05,1,0,RULES,1,1,1,
2026-09-26 22:25:57,baseline-rules,298000,31.05,85.34,1008.18,31.13,71.45,1008.02,1,0,RULES,1,1,1,
2026-09-26 22:25:58,baseline-rules,299000,31.04,86.05,1008.19,31.13,71.29,1008.02,1,0,RULES,1,1,1,
2026-09-26 22:25:59,baseline-rules,300000,31.04,85.44,1008.16,31.12,71.38,1008.07,1,0,RULES,1,1,1,
2026-09-26 22:26:00,baseline-rules,301000,31.05,86.05,1008.12,31.13,71.35,1008.08,1,0,RULES,1,1,1,
2026-09-26 22:26:01,baseline-rules,302000,31.04,85.81,1008.22,31.11,71.36,1008.05,1,0,RULES,1,1,1,
2026-09-26 22:26:02,baseline-rules,303000,31.04,86.01,1008.16,31.12,71.37,1008.02,1,0,RULES,1,1,1,
2026-09-26 22:26:03,baseline-rules,304000,31.04,85.82,1008.13,31.14,71.33,1008.07,1,0,RULES,1,1,1,
2026-09-26 22:26:04,baseline-rules,305000,31.04,85.42,1008.21,31.13,71.35,1008.03,1,0,RULES,1,1,1,
2026-09-26 22:26:05,baseline-rules,306000,31.04,85.70,1008.16,31.13,71.44,1008.03,1,0,RULES,1,1,1,
2026-09-26 22:26:06,baseline-rules,307000,31.04,85.40,1008.18,31.14,71.64,1008.10,1,0,RULES,1,1,1,
2026-09-26 22:26:07,baseline-rules,308000,31.04,86.24,1008.18,31.14,71.78,1008.05,1,0,RULES,1,1,1,
2026-09-26 22:26:08,baseline-rules,309000,31.04,85.46,1008.19,31.14,71.53,1008.05,1,0,RULES,1,1,1,
2026-09-26 22:26:09,baseline-rules,310000,31.04,86.42,1008.22,31.14,71.49,1008.05,1,0,RULES,1,1,1,
2026-09-26 22:26:10,baseline-rules,311000,31.04,85.75,1008.16,31.14,71.63,1008.10,1,0,RULES,1,1,1,
2026-09-26 22:26:11,baseline-rules,312000,31.04,86.04,1008.22,31.14,71.54,1008.15,1,0,RULES,1,1,1,
2026-09-26 22:26:12,baseline-rules,313000,31.03,85.38,1008.08,31.15,71.67,1008.11,1,0,RULES,1,1,1,
2026-09-26 22:26:13,baseline-rules,314000,31.04,85.48,1008.18,31.14,71.51,1008.10,1,0,RULES,1,1,1,
2026-09-26 22:26:14,baseline-rules,315000,31.03,86.26,1008.23,31.14,71.71,1008.07,1,0,RULES,1,1,1,
2026-09-26 22:26:15,baseline-rules,316000,31.03,85.48,1008.20,31.15,71.32,1008.12,1,0,RULES,1,1,1,
2026-09-26 22:26:16,baseline-rules,317000,31.03,86.36,1008.17,31.14,71.67,1008.10,1,0,RULES,1,1,1,
2026-09-26 22:26:17,baseline-rules,318000,31.04,86.18,1008.19,31.15,71.49,1008.11,1,0,RULES,1,1,1,
2026-09-26 22:26:18,baseline-rules,319000,31.03,86.36,1008.14,31.15,71.57,1008.03,1,0,RULES,1,1,1,
2026-09-26 22:26:19,baseline-rules,320000,31.03,85.82,1008.17,31.15,71.56,1008.11,1,0,RULES,1,1,1,
2026-09-26 22:26:20,baseline-rules,321000,31.02,85.59,1008.15,31.15,71.62,1008.08,1,0,RULES,1,1,1,
2026-09-26 22:26:21,baseline-rules,322000,31.02,86.19,1008.21,31.16,71.61,1008.13,1,0,RULES,1,1,1,
2026-09-26 22:26:22,baseline-rules,323000,31.03,86.43,1008.17,31.15,71.77,1008.08,1,0,RULES,1,1,1,
2026-09-26 22:26:23,baseline-rules,324000,31.03,85.48,1008.22,31.15,71.66,1008.14,1,0,RULES,1,1,1,
2026-09-26 22:26:24,baseline-rules,325000,31.02,86.19,1008.18,31.15,71.43,1008.09,1,0,RULES,1,1,1,
2026-09-26 22:26:25,baseline-rules,326000,31.03,85.52,1008.19,31.15,71.53,1008.08,1,0,RULES,1,1,1,
2026-09-26 22:26:26,baseline-rules,327000,31.03,86.34,1008.19,31.15,71.69,1008.04,1,0,RULES,1,1,1,
2026-09-26 22:26:27,baseline-rules,328000,31.04,86.50,1008.21,31.16,71.57,1008.07,1,0,RULES,1,1,1,
2026-09-26 22:26:28,baseline-rules,329000,31.03,86.14,1008.14,31.15,71.56,1008.08,1,0,RULES,1,1,1,
2026-09-26 22:26:29,baseline-rules,330000,31.03,86.56,1008.16,31.15,71.65,1008.12,1,0,RULES,1,1,1,
2026-09-26 22:26:30,baseline-rules,331000,31.02,85.62,1008.15,31.15,71.48,1008.06,1,0,RULES,1,1,1,
2026-09-26 22:26:31,baseline-rules,332000,31.02,85.60,1008.12,31.15,71.73,1008.03,1,0,RULES,1,1,1,
2026-09-26 22:26:32,baseline-rules,333000,31.01,86.46,1008.17,31.15,71.62,1008.04,1,0,RULES,1,1,1,
2026-09-26 22:26:33,baseline-rules,334000,31.03,85.65,1008.20,31.15,71.69,1008.05,1,0,RULES,1,1,1,
2026-09-26 22:26:34,baseline-rules,335000,31.02,85.77,1008.18,31.15,71.58,1008.12,1,0,RULES,1,1,1,
2026-09-26 22:26:35,baseline-rules,336000,31.02,85.79,1008.23,31.15,71.74,1008.06,1,0,RULES,1,1,1,
2026-09-26 22:26:36,baseline-rules,337000,31.03,85.78,1008.20,31.14,71.71,1008.02,1,0,RULES,1,1,1,
2026-09-26 22:26:37,baseline-rules,338000,31.01,85.79,1008.14,31.15,71.80,1008.09,1,0,RULES,1,1,1,
2026-09-26 22:26:38,baseline-rules,339000,31.03,86.18,1008.14,31.14,71.57,1008.02,1,0,RULES,1,1,1,
2026-09-26 22:26:39,baseline-rules,340000,31.03,85.72,1008.14,31.15,71.76,1008.14,1,0,RULES,1,1,1,
2026-09-26 22:26:40,baseline-rules,341000,31.03,85.74,1008.14,31.15,71.89,1008.17,1,0,RULES,1,1,1,
2026-09-26 22:26:41,baseline-rules,342000,31.02,85.83,1008.18,31.16,71.72,1008.18,1,0,RULES,1,1,1,
2026-09-26 22:26:42,baseline-rules,343000,31.02,85.79,1008.13,31.15,71.53,1008.08,1,0,RULES,1,1,1,
2026-09-26 22:26:43,baseline-rules,344000,31.01,85.79,1008.17,31.14,71.66,1008.10,1,0,RULES,1,1,1,
2026-09-26 22:26:44,baseline-rules,345000,31.01,85.73,1008.11,31.15,71.61,1008.11,1,0,RULES,1,1,1,
2026-09-26 22:26:45,baseline-rules,346000,31.03,85.92,1008.20,31.15,71.59,1008.11,1,0,RULES,1,1,1,
2026-09-26 22:26:46,baseline-rules,347000,31.03,85.88,1008.25,31.15,71.71,1008.12,1,0,RULES,1,1,1,
2026-09-26 22:26:47,baseline-rules,348000,31.02,85.75,1008.21,31.14,71.67,1008.10,1,0,RULES,1,1,1,
2026-09-26 22:26:48,baseline-rules,349000,31.02,85.77,1008.15,31.15,71.76,1008.09,1,0,RULES,1,1,1,
2026-09-26 22:26:49,baseline-rules,350000,31.03,86.22,1008.22,31.15,71.59,1008.05,1,0,RULES,1,1,1,
2026-09-26 22:26:50,baseline-rules,351000,31.01,85.81,1008.17,31.14,71.62,1008.07,1,0,RULES,1,1,1,
2026-09-26 22:26:51,baseline-rules,352000,31.01,86.40,1008.14,31.15,71.60,1008.05,1,0,RULES,1,1,1,
2026-09-26 22:26:52,baseline-rules,353000,31.02,85.89,1008.13,31.14,71.63,1008.10,1,0,RULES,1,1,1,
2026-09-26 22:26:53,baseline-rules,354000,31.01,86.44,1008.20,31.15,71.74,1008.08,1,0,RULES,1,1,1,
2026-09-26 22:26:54,baseline-rules,355000,31.01,86.40,1008.17,31.15,71.49,1008.09,1,0,RULES,1,1,1,
2026-09-26 22:26:55,baseline-rules,356000,31.02,85.87,1008.21,31.15,71.32,1008.05,1,0,RULES,1,1,1,
2026-09-26 22:26:56,baseline-rules,357000,31.01,86.36,1008.16,31.14,71.55,1008.05,1,0,RULES,1,1,1,
2026-09-26 22:26:57,baseline-rules,358000,31.02,86.03,1008.23,31.15,71.32,1008.03,1,0,RULES,1,1,1,
2026-09-26 22:26:58,baseline-rules,359000,31.02,85.89,1008.23,31.14,71.24,1008.13,1,0,RULES,1,1,1,
2026-09-26 22:26:59,baseline-rules,360000,31.01,85.83,1008.14,31.15,71.43,1008.14,1,0,RULES,1,1,1,
2026-09-26 22:27:00,baseline-rules,361000,31.02,86.50,1008.21,31.16,71.76,1008.10,1,0,RULES,1,1,1,
2026-09-26 22:27:01,baseline-rules,,,,,,,,,,,,,,mist A=0 B=0 (burst cap)
2026-09-26 22:27:01,baseline-rules,362000,31.01,85.94,1008.20,31.14,71.44,1008.10,0,0,RULES,1,1,1,
2026-09-26 22:27:02,baseline-rules,363000,31.01,85.99,1008.16,31.15,71.29,1008.12,0,0,RULES,1,1,1,
2026-09-26 22:27:03,baseline-rules,364000,31.01,85.99,1008.28,31.15,71.39,1008.04,0,0,RULES,1,1,1,
2026-09-26 22:27:04,baseline-rules,365000,31.01,86.75,1008.17,31.16,71.35,1008.10,0,0,RULES,1,1,1,
2026-09-26 22:27:05,baseline-rules,366000,31.02,86.07,1008.23,31.15,71.59,1008.06,0,0,RULES,1,1,1,
2026-09-26 22:27:06,baseline-rules,367000,31.01,86.09,1008.22,31.17,71.48,1008.09,0,0,RULES,1,1,1,
2026-09-26 22:27:07,baseline-rules,368000,31.01,86.08,1008.25,31.16,71.57,1008.11,0,0,RULES,1,1,1,
2026-09-26 22:27:08,baseline-rules,369000,31.01,86.42,1008.19,31.17,71.20,1008.09,0,0,RULES,1,1,1,
2026-09-26 22:27:09,baseline-rules,370000,31.01,86.84,1008.16,31.16,71.26,1008.08,0,0,RULES,1,1,1,
2026-09-26 22:27:10,baseline-rules,371000,31.01,86.83,1008.17,31.17,71.42,1008.06,0,0,RULES,1,1,1,
2026-09-26 22:27:11,baseline-rules,372000,31.03,85.92,1008.23,31.17,71.37,1008.14,0,0,RULES,1,1,1,
2026-09-26 22:27:12,baseline-rules,373000,31.01,86.25,1008.13,31.17,71.37,1008.09,0,0,RULES,1,1,1,
2026-09-26 22:27:13,baseline-rules,374000,31.01,86.37,1008.10,31.16,71.73,1008.13,0,0,RULES,1,1,1,
2026-09-26 22:27:14,baseline-rules,375000,31.01,86.84,1008.20,31.16,71.35,1008.11,0,0,RULES,1,1,1,
2026-09-26 22:27:15,baseline-rules,376000,31.00,86.06,1008.15,31.16,71.62,1008.11,0,0,RULES,1,1,1,
2026-09-26 22:27:16,baseline-rules,377000,31.02,86.07,1008.23,31.16,71.54,1008.11,0,0,RULES,1,1,1,
2026-09-26 22:27:17,baseline-rules,378000,31.02,86.92,1008.21,31.17,71.25,1008.01,0,0,RULES,1,1,1,
2026-09-26 22:27:18,baseline-rules,379000,31.01,86.57,1008.19,31.17,71.25,1008.03,0,0,RULES,1,1,1,
2026-09-26 22:27:19,baseline-rules,380000,31.01,86.04,1008.17,31.17,71.68,1008.04,0,0,RULES,1,1,1,
2026-09-26 22:27:20,baseline-rules,381000,31.01,85.96,1008.19,31.16,71.65,1008.08,0,0,RULES,1,1,1,
2026-09-26 22:27:21,baseline-rules,382000,31.01,86.41,1008.19,31.16,71.64,1008.13,0,0,RULES,1,1,1,
2026-09-26 22:27:22,baseline-rules,383000,31.01,86.49,1008.23,31.16,71.32,1008.08,0,0,RULES,1,1,1,
2026-09-26 22:27:23,baseline-rules,384000,31.01,86.03,1008.17,31.16,71.74,1008.08,0,0,RULES,1,1,1,
2026-09-26 22:27:24,baseline-rules,385000,31.01,86.90,1008.16,31.16,71.69,1008.05,0,0,RULES,1,1,1,
2026-09-26 22:27:25,baseline-rules,386000,31.01,86.59,1008.17,31.16,71.43,1008.13,0,0,RULES,1,1,1,
2026-09-26 22:27:26,baseline-rules,387000,31.01,86.81,1008.23,31.16,71.48,1008.08,0,0,RULES,1,1,1,
2026-09-26 22:27:27,baseline-rules,388000,31.00,86.89,1008.21,31.16,71.74,1008.04,0,0,RULES,1,1,1,
2026-09-26 22:27:28,baseline-rules,389000,31.01,86.53,1008.25,31.16,71.26,1008.19,0,0,RULES,1,1,1,
2026-09-26 22:27:29,baseline-rules,390000,31.00,86.83,1008.18,31.17,71.74,1008.17,0,0,RULES,1,1,1,
2026-09-26 22:27:30,baseline-rules,391000,31.01,86.10,1008.17,31.16,71.28,1008.11,0,0,RULES,1,1,1,
2026-09-26 22:27:31,baseline-rules,392000,31.00,86.90,1008.15,31.16,71.48,1008.08,0,0,RULES,1,1,1,
2026-09-26 22:27:32,baseline-rules,393000,31.00,86.92,1008.21,31.17,71.49,1008.09,0,0,RULES,1,1,1,
2026-09-26 22:27:33,baseline-rules,394000,31.01,86.70,1008.16,31.16,71.41,1008.08,0,0,RULES,1,1,1,
2026-09-26 22:27:34,baseline-rules,395000,31.00,86.37,1008.24,31.16,71.68,1008.02,0,0,RULES,1,1,1,
2026-09-26 22:27:35,baseline-rules,396000,31.00,86.90,1008.21,31.17,71.39,1008.18,0,0,RULES,1,1,1,
2026-09-26 22:27:36,baseline-rules,397000,31.00,86.94,1008.21,31.16,71.20,1008.13,0,0,RULES,1,1,1,
2026-09-26 22:27:37,baseline-rules,398000,31.00,86.82,1008.15,31.16,71.38,1008.08,0,0,RULES,1,1,1,
2026-09-26 22:27:38,baseline-rules,399000,31.01,86.43,1008.22,31.17,71.40,1008.17,0,0,RULES,1,1,1,
2026-09-26 22:27:39,baseline-rules,400000,31.00,86.31,1008.18,31.17,71.39,1008.09,0,0,RULES,1,1,1,
2026-09-26 22:27:40,baseline-rules,401000,31.01,86.71,1008.22,31.16,71.38,1008.11,0,0,RULES,1,1,1,
2026-09-26 22:27:41,baseline-rules,402000,31.00,86.99,1008.18,31.17,71.25,1008.11,0,0,RULES,1,1,1,
2026-09-26 22:27:42,baseline-rules,403000,31.00,86.59,1008.21,31.16,71.22,1008.08,0,0,RULES,1,1,1,
2026-09-26 22:27:43,baseline-rules,404000,31.00,86.99,1008.15,31.17,71.49,1008.09,0,0,RULES,1,1,1,
2026-09-26 22:27:44,baseline-rules,405000,31.01,86.17,1008.22,31.16,71.45,1008.13,0,0,RULES,1,1,1,
2026-09-26 22:27:45,baseline-rules,406000,31.00,87.10,1008.15,31.17,71.57,1008.11,0,0,RULES,1,1,1,
2026-09-26 22:27:46,baseline-rules,407000,31.00,86.46,1008.15,31.17,71.23,1008.15,0,0,RULES,1,1,1,
2026-09-26 22:27:47,baseline-rules,408000,31.00,86.83,1008.18,31.16,71.50,1008.05,0,0,RULES,1,1,1,
2026-09-26 22:27:48,baseline-rules,409000,31.00,86.19,1008.18,31.17,71.37,1008.09,0,0,RULES,1,1,1,
2026-09-26 22:27:49,baseline-rules,410000,31.00,86.24,1008.18,31.16,71.26,1008.13,0,0,RULES,1,1,1,
2026-09-26 22:27:50,baseline-rules,411000,31.00,87.04,1008.21,31.16,71.45,1008.13,0,0,RULES,1,1,1,
2026-09-26 22:27:51,baseline-rules,412000,31.00,86.94,1008.21,31.16,71.47,1008.07,0,0,RULES,1,1,1,
2026-09-26 22:27:52,baseline-rules,413000,31.00,87.00,1008.15,31.15,71.24,1008.06,0,0,RULES,1,1,1,
2026-09-26 22:27:53,baseline-rules,414000,31.00,86.69,1008.15,31.15,71.44,1008.09,0,0,RULES,1,1,1,
2026-09-26 22:27:54,baseline-rules,415000,31.00,86.51,1008.15,31.15,71.69,1008.11,0,0,RULES,1,1,1,
2026-09-26 22:27:55,baseline-rules,416000,31.01,86.97,1008.16,31.14,71.37,1008.07,0,0,RULES,1,1,1,
2026-09-26 22:27:56,baseline-rules,417000,31.00,86.89,1008.14,31.14,71.40,1008.09,0,0,RULES,1,1,1,
2026-09-26 22:27:57,baseline-rules,418000,31.00,86.47,1008.15,31.14,71.41,1008.10,0,0,RULES,1,1,1,
2026-09-26 22:27:58,baseline-rules,419000,31.00,86.74,1008.15,31.13,71.75,1008.08,0,0,RULES,1,1,1,
2026-09-26 22:27:59,baseline-rules,420000,31.00,87.13,1008.24,31.13,71.55,1008.05,0,0,RULES,1,1,1,
2026-09-26 22:28:00,baseline-rules,421000,31.00,86.18,1008.18,31.14,71.49,1008.07,0,0,RULES,1,1,1,
2026-09-26 22:28:01,baseline-rules,422000,31.00,87.05,1008.15,31.13,71.77,1008.05,0,0,RULES,1,1,1,
2026-09-26 22:28:02,baseline-rules,423000,31.00,86.59,1008.21,31.13,71.81,1008.08,0,0,RULES,1,1,1,
2026-09-26 22:28:03,baseline-rules,424000,31.00,86.30,1008.15,31.13,71.77,1008.08,0,0,RULES,1,1,1,
2026-09-26 22:28:04,baseline-rules,425000,31.00,87.18,1008.17,31.14,71.36,1008.04,0,0,RULES,1,1,1,
2026-09-26 22:28:05,baseline-rules,426000,31.00,86.81,1008.21,31.14,71.40,1008.12,0,0,RULES,1,1,1,
2026-09-26 22:28:06,baseline-rules,427000,31.00,87.06,1008.20,31.14,71.55,1008.13,0,0,RULES,1,1,1,
2026-09-26 22:28:07,baseline-rules,428000,30.99,86.99,1008.19,31.14,71.61,1008.09,0,0,RULES,1,1,1,
2026-09-26 22:28:08,baseline-rules,429000,30.99,86.98,1008.19,31.13,71.33,1008.08,0,0,RULES,1,1,1,
2026-09-26 22:28:09,baseline-rules,430000,30.99,86.58,1008.19,31.13,71.56,1008.05,0,0,RULES,1,1,1,
2026-09-26 22:28:10,baseline-rules,431000,30.99,86.31,1008.14,31.13,71.64,1008.08,0,0,RULES,1,1,1,
2026-09-26 22:28:11,baseline-rules,432000,31.00,86.38,1008.21,31.14,71.43,1008.10,0,0,RULES,1,1,1,
2026-09-26 22:28:12,baseline-rules,433000,31.00,86.89,1008.20,31.13,71.25,1008.06,0,0,RULES,1,1,1,
2026-09-26 22:28:13,baseline-rules,434000,31.00,87.12,1008.18,31.13,71.37,1008.11,0,0,RULES,1,1,1,
2026-09-26 22:28:14,baseline-rules,435000,30.98,86.88,1008.18,31.13,71.26,1008.11,0,0,RULES,1,1,1,
2026-09-26 22:28:15,baseline-rules,436000,31.00,87.14,1008.12,31.13,71.45,1008.05,0,0,RULES,1,1,1,
2026-09-26 22:28:16,baseline-rules,437000,30.99,87.00,1008.19,31.13,71.45,1008.08,0,0,RULES,1,1,1,
2026-09-26 22:28:17,baseline-rules,438000,30.99,87.21,1008.16,31.13,71.56,1008.08,0,0,RULES,1,1,1,
2026-09-26 22:28:18,baseline-rules,439000,30.99,86.59,1008.18,31.14,71.41,1008.15,0,0,RULES,1,1,1,
2026-09-26 22:28:19,baseline-rules,440000,30.98,87.22,1008.18,31.13,71.56,1008.08,0,0,RULES,1,1,1,
2026-09-26 22:28:20,baseline-rules,441000,30.99,87.22,1008.16,31.12,71.70,1008.13,0,0,RULES,1,1,1,
2026-09-26 22:28:21,baseline-rules,442000,30.99,86.34,1008.19,31.13,71.70,1008.13,0,0,RULES,1,1,1,
2026-09-26 22:28:22,baseline-rules,443000,31.00,86.27,1008.17,31.12,71.72,1008.07,0,0,RULES,1,1,1,
2026-09-26 22:28:23,baseline-rules,444000,30.98,87.21,1008.20,31.13,71.70,1008.08,0,0,RULES,1,1,1,
2026-09-26 22:28:24,baseline-rules,445000,31.00,87.26,1008.14,31.12,71.57,1008.07,0,0,RULES,1,1,1,
2026-09-26 22:28:25,baseline-rules,446000,30.99,87.13,1008.22,31.12,71.81,1008.10,0,0,RULES,1,1,1,
2026-09-26 22:28:26,baseline-rules,447000,31.00,87.13,1008.17,31.13,71.63,1008.11,0,0,RULES,1,1,1,
2026-09-26 22:28:27,baseline-rules,448000,30.99,87.11,1008.21,31.12,71.63,1008.15,0,0,RULES,1,1,1,
2026-09-26 22:28:28,baseline-rules,449000,30.99,87.17,1008.18,31.12,71.44,1008.07,0,0,RULES,1,1,1,
2026-09-26 22:28:29,baseline-rules,450000,30.99,87.13,1008.19,31.12,71.50,1008.15,0,0,RULES,1,1,1,
2026-09-26 22:28:30,baseline-rules,451000,30.98,87.02,1008.18,31.12,71.55,1008.07,0,0,RULES,1,1,1,
2026-09-26 22:28:31,baseline-rules,452000,30.99,86.77,1008.16,31.12,71.45,1008.10,0,0,RULES,1,1,1,
2026-09-26 22:28:32,baseline-rules,453000,30.99,86.33,1008.22,31.12,71.38,1008.10,0,0,RULES,1,1,1,
2026-09-26 22:28:33,baseline-rules,454000,30.99,86.64,1008.14,31.12,71.48,1008.06,0,0,RULES,1,1,1,
2026-09-26 22:28:34,baseline-rules,455000,30.98,87.11,1008.18,31.13,71.34,1008.08,0,0,RULES,1,1,1,
2026-09-26 22:28:35,baseline-rules,456000,30.99,87.15,1008.13,31.12,71.27,1008.09,0,0,RULES,1,1,1,
2026-09-26 22:28:36,baseline-rules,457000,30.99,86.56,1008.22,31.12,71.54,1008.10,0,0,RULES,1,1,1,
2026-09-26 22:28:37,baseline-rules,458000,30.98,86.42,1008.20,31.13,71.47,1008.11,0,0,RULES,1,1,1,
2026-09-26 22:28:38,baseline-rules,459000,30.98,87.13,1008.14,31.14,71.40,1008.15,0,0,RULES,1,1,1,
2026-09-26 22:28:39,baseline-rules,460000,30.99,86.96,1008.18,31.13,71.42,1008.08,0,0,RULES,1,1,1,
2026-09-26 22:28:40,baseline-rules,461000,30.98,87.34,1008.17,31.12,71.62,1008.07,0,0,RULES,1,1,1,
2026-09-26 22:28:41,baseline-rules,462000,30.97,87.24,1008.24,31.12,71.34,1008.13,0,0,RULES,1,1,1,
2026-09-26 22:28:42,baseline-rules,463000,30.98,87.21,1008.18,31.13,71.47,1008.05,0,0,RULES,1,1,1,
2026-09-26 22:28:43,baseline-rules,464000,30.98,86.94,1008.20,31.13,71.29,1008.11,0,0,RULES,1,1,1,
2026-09-26 22:28:44,baseline-rules,465000,30.97,86.74,1008.19,31.13,71.46,1008.14,0,0,RULES,1,1,1,
2026-09-26 22:28:45,baseline-rules,466000,30.98,86.90,1008.20,31.12,71.45,1008.13,0,0,RULES,1,1,1,
2026-09-26 22:28:46,baseline-rules,467000,30.97,86.38,1008.13,31.12,71.48,1008.10,0,0,RULES,1,1,1,
2026-09-26 22:28:47,baseline-rules,468000,30.98,86.99,1008.17,31.12,71.73,1008.03,0,0,RULES,1,1,1,
2026-09-26 22:28:48,baseline-rules,469000,30.98,86.45,1008.22,31.12,71.86,1008.13,0,0,RULES,1,1,1,
2026-09-26 22:28:49,baseline-rules,470000,30.97,86.43,1008.22,31.12,71.60,1008.13,0,0,RULES,1,1,1,
2026-09-26 22:28:50,baseline-rules,471000,30.98,87.29,1008.20,31.12,71.73,1008.07,0,0,RULES,1,1,1,
2026-09-26 22:28:51,baseline-rules,472000,30.98,86.47,1008.23,31.12,71.61,1008.07,0,0,RULES,1,1,1,
2026-09-26 22:28:52,baseline-rules,473000,30.98,87.23,1008.22,31.12,71.87,1008.02,0,0,RULES,1,1,1,
2026-09-26 22:28:53,baseline-rules,474000,30.97,86.50,1008.19,31.12,71.67,1008.04,0,0,RULES,1,1,1,
2026-09-26 22:28:54,baseline-rules,475000,30.98,86.45,1008.22,31.12,71.61,1008.13,0,0,RULES,1,1,1,
2026-09-26 22:28:55,baseline-rules,476000,30.98,86.89,1008.14,31.12,71.69,1008.13,0,0,RULES,1,1,1,
2026-09-26 22:28:56,baseline-rules,477000,30.97,87.10,1008.19,31.12,71.55,1008.10,0,0,RULES,1,1,1,
2026-09-26 22:28:57,baseline-rules,478000,30.96,87.31,1008.17,31.13,71.23,1008.05,0,0,RULES,1,1,1,
2026-09-26 22:28:58,baseline-rules,479000,30.96,87.05,1008.15,31.13,71.40,1008.13,0,0,RULES,1,1,1,
2026-09-26 22:28:59,baseline-rules,480000,30.97,86.96,1008.22,31.13,71.54,1008.05,0,0,RULES,1,1,1,
2026-09-26 22:29:00,baseline-rules,481000,30.96,87.23,1008.20,31.14,71.46,1008.15,0,0,RULES,1,1,1,
2026-09-26 22:29:01,baseline-rules,482000,30.97,86.81,1008.22,31.14,71.51,1008.13,0,0,RULES,1,1,1,
2026-09-26 22:29:02,baseline-rules,483000,30.95,87.36,1008.16,31.14,71.80,1008.12,0,0,RULES,1,1,1,
2026-09-26 22:29:03,baseline-rules,484000,30.96,87.04,1008.17,31.13,71.55,1008.13,0,0,RULES,1,1,1,
2026-09-26 22:29:04,baseline-rules,485000,30.96,87.37,1008.15,31.13,71.46,1008.13,0,0,RULES,1,1,1,
2026-09-26 22:29:05,baseline-rules,486000,30.96,87.26,1008.18,31.12,71.70,1008.07,0,0,RULES,1,1,1,
2026-09-26 22:29:06,baseline-rules,487000,30.96,86.71,1008.12,31.12,71.80,1008.10,0,0,RULES,1,1,1,
2026-09-26 22:29:07,baseline-rules,488000,30.96,86.45,1008.20,31.13,71.60,1008.08,0,0,RULES,1,1,1,
2026-09-26 22:29:08,baseline-rules,489000,30.97,87.23,1008.16,31.12,71.53,1008.13,0,0,RULES,1,1,1,
2026-09-26 22:29:09,baseline-rules,490000,30.96,87.33,1008.20,31.12,71.75,1008.13,0,0,RULES,1,1,1,
2026-09-26 22:29:10,baseline-rules,491000,30.95,87.22,1008.24,31.13,71.68,1008.11,0,0,RULES,1,1,1,
2026-09-26 22:29:11,baseline-rules,492000,30.95,87.22,1008.14,31.12,71.81,1008.13,0,0,RULES,1,1,1,
2026-09-26 22:29:12,baseline-rules,493000,30.96,87.28,1008.18,31.12,71.68,1008.10,0,0,RULES,1,1,1,
2026-09-26 22:29:13,baseline-rules,494000,30.96,87.02,1008.20,31.12,71.68,1008.13,0,0,RULES,1,1,1,
2026-09-26 22:29:14,baseline-rules,495000,30.95,86.74,1008.22,31.11,71.67,1008.03,0,0,RULES,1,1,1,
2026-09-26 22:29:15,baseline-rules,496000,30.94,87.27,1008.18,31.11,71.82,1008.11,0,0,RULES,1,1,1,
2026-09-26 22:29:16,baseline-rules,497000,30.96,87.12,1008.20,31.11,71.52,1008.16,0,0,RULES,1,1,1,
2026-09-26 22:29:17,baseline-rules,498000,30.95,86.70,1008.18,31.11,71.61,1008.08,0,0,RULES,1,1,1,
2026-09-26 22:29:18,baseline-rules,499000,30.95,87.23,1008.18,31.11,71.67,1008.11,0,0,RULES,1,1,1,
2026-09-26 22:29:19,baseline-rules,500000,30.95,86.85,1008.21,31.11,71.66,1008.08,0,0,RULES,1,1,1,
2026-09-26 22:29:20,baseline-rules,501000,30.94,87.03,1008.20,31.11,71.63,1008.07,0,0,RULES,1,1,1,
2026-09-26 22:29:21,baseline-rules,502000,30.95,87.09,1008.18,31.11,71.82,1008.11,0,0,RULES,1,1,1,
2026-09-26 22:29:22,baseline-rules,503000,30.95,86.81,1008.24,31.11,71.67,1008.11,0,0,RULES,1,1,1,
2026-09-26 22:29:23,baseline-rules,504000,30.95,87.36,1008.18,31.11,71.73,1008.07,0,0,RULES,1,1,1,
2026-09-26 22:29:24,baseline-rules,505000,30.95,86.53,1008.19,31.12,71.58,1008.09,0,0,RULES,1,1,1,
2026-09-26 22:29:25,baseline-rules,506000,30.94,86.50,1008.20,31.11,71.73,1008.17,0,0,RULES,1,1,1,
2026-09-26 22:29:26,baseline-rules,507000,30.94,87.14,1008.17,31.11,71.74,1008.11,0,0,RULES,1,1,1,
2026-09-26 22:29:27,baseline-rules,508000,30.94,87.44,1008.20,31.11,71.64,1008.16,0,0,RULES,1,1,1,
2026-09-26 22:29:28,baseline-rules,509000,30.94,87.09,1008.20,31.10,71.67,1008.12,0,0,RULES,1,1,1,
2026-09-26 22:29:29,baseline-rules,510000,30.94,87.34,1008.23,31.11,71.79,1008.13,0,0,RULES,1,1,1,
2026-09-26 22:29:30,baseline-rules,511000,30.94,86.82,1008.23,31.11,71.49,1008.07,0,0,RULES,1,1,1,
2026-09-26 22:29:31,baseline-rules,512000,30.94,86.56,1008.17,31.11,71.60,1008.08,0,0,RULES,1,1,1,
2026-09-26 22:29:32,baseline-rules,513000,30.93,87.02,1008.16,31.11,71.72,1008.16,0,0,RULES,1,1,1,
2026-09-26 22:29:33,baseline-rules,514000,30.95,87.34,1008.24,31.11,71.74,1008.10,0,0,RULES,1,1,1,
2026-09-26 22:29:34,baseline-rules,515000,30.93,86.86,1008.19,31.10,71.76,1008.04,0,0,RULES,1,1,1,
2026-09-26 22:29:35,baseline-rules,516000,30.93,86.78,1008.22,31.10,71.64,1008.09,0,0,RULES,1,1,1,
2026-09-26 22:29:36,baseline-rules,517000,30.93,86.84,1008.22,31.10,71.39,1008.09,0,0,RULES,1,1,1,
2026-09-26 22:29:37,baseline-rules,518000,30.93,87.25,1008.19,31.11,71.71,1008.07,0,0,RULES,1,1,1,
2026-09-26 22:29:38,baseline-rules,519000,30.92,87.15,1008.14,31.10,71.21,1008.09,0,0,RULES,1,1,1,
2026-09-26 22:29:39,baseline-rules,520000,30.93,87.36,1008.21,31.10,71.41,1008.07,0,0,RULES,1,1,1,
2026-09-26 22:29:40,baseline-rules,521000,30.93,87.11,1008.21,31.10,71.39,1008.07,0,0,RULES,1,1,1,
2026-09-26 22:29:41,baseline-rules,522000,30.92,86.82,1008.19,31.11,71.65,1008.13,0,0,RULES,1,1,1,
2026-09-26 22:29:42,baseline-rules,523000,30.93,87.47,1008.21,31.10,71.41,1008.09,0,0,RULES,1,1,1,
2026-09-26 22:29:43,baseline-rules,524000,30.92,87.42,1008.20,31.10,71.41,1008.12,0,0,RULES,1,1,1,
2026-09-26 22:29:44,baseline-rules,525000,30.92,87.11,1008.20,31.09,71.41,1008.13,0,0,RULES,1,1,1,
2026-09-26 22:29:45,baseline-rules,526000,30.92,87.38,1008.22,31.10,71.75,1008.12,0,0,RULES,1,1,1,
2026-09-26 22:29:46,baseline-rules,527000,30.92,87.37,1008.25,31.10,71.53,1008.12,0,0,RULES,1,1,1,
2026-09-26 22:29:47,baseline-rules,528000,30.92,87.35,1008.16,31.10,71.58,1008.06,0,0,RULES,1,1,1,
2026-09-26 22:29:48,baseline-rules,529000,30.91,87.41,1008.24,31.10,71.56,1008.07,0,0,RULES,1,1,1,
2026-09-26 22:29:49,baseline-rules,530000,30.92,87.12,1008.28,31.10,71.82,1008.15,0,0,RULES,1,1,1,
2026-09-26 22:29:50,baseline-rules,531000,30.91,87.12,1008.21,31.09,71.52,1008.10,0,0,RULES,1,1,1,
2026-09-26 22:29:51,baseline-rules,532000,30.92,87.27,1008.19,31.09,71.69,1008.16,0,0,RULES,1,1,1,
2026-09-26 22:29:52,baseline-rules,533000,30.91,87.50,1008.21,31.09,71.67,1008.13,0,0,RULES,1,1,1,
2026-09-26 22:29:53,baseline-rules,534000,30.91,87.13,1008.21,31.09,71.64,1008.10,0,0,RULES,1,1,1,
2026-09-26 22:29:54,baseline-rules,535000,30.91,86.61,1008.20,31.09,71.70,1008.10,0,0,RULES,1,1,1,
2026-09-26 22:29:55,baseline-rules,536000,30.91,87.42,1008.21,31.09,71.57,1008.13,0,0,RULES,1,1,1,
2026-09-26 22:29:56,baseline-rules,537000,30.92,87.39,1008.22,31.08,71.43,1008.12,0,0,RULES,1,1,1,
2026-09-26 22:29:57,baseline-rules,538000,30.90,87.19,1008.19,31.09,71.65,1008.13,0,0,RULES,1,1,1,
2026-09-26 22:29:58,baseline-rules,539000,30.91,86.60,1008.20,31.09,71.47,1008.10,0,0,RULES,1,1,1,
2026-09-26 22:29:59,baseline-rules,540000,30.90,87.37,1008.22,31.09,71.64,1008.07,0,0,RULES,1,1,1,
2026-09-26 22:30:00,baseline-rules,541000,30.91,86.97,1008.18,31.09,71.68,1008.13,0,0,RULES,1,1,1,
2026-09-26 22:30:01,baseline-rules,542000,30.90,87.31,1008.20,31.08,71.59,1008.15,0,0,RULES,1,1,1,
2026-09-26 22:30:02,baseline-rules,543000,30.90,86.94,1008.22,31.09,71.60,1008.13,0,0,RULES,1,1,1,
2026-09-26 22:30:03,baseline-rules,544000,30.90,86.70,1008.17,31.08,71.64,1008.09,0,0,RULES,1,1,1,
2026-09-26 22:30:04,baseline-rules,545000,30.90,87.57,1008.19,31.08,71.58,1008.12,0,0,RULES,1,1,1,
2026-09-26 22:30:05,baseline-rules,546000,30.89,86.95,1008.21,31.08,71.61,1008.09,0,0,RULES,1,1,1,
2026-09-26 22:30:06,baseline-rules,547000,30.90,87.36,1008.22,31.08,71.56,1008.06,0,0,RULES,1,1,1,
2026-09-26 22:30:07,baseline-rules,548000,30.90,86.61,1008.22,31.08,71.69,1008.15,0,0,RULES,1,1,1,
2026-09-26 22:30:08,baseline-rules,549000,30.89,87.07,1008.14,31.07,71.73,1008.05,0,0,RULES,1,1,1,
2026-09-26 22:30:09,baseline-rules,550000,30.90,87.12,1008.19,31.08,71.74,1008.06,0,0,RULES,1,1,1,
2026-09-26 22:30:10,baseline-rules,551000,30.90,86.55,1008.22,31.08,71.47,1008.14,0,0,RULES,1,1,1,
2026-09-26 22:30:11,baseline-rules,552000,30.90,86.62,1008.22,31.08,71.67,1008.09,0,0,RULES,1,1,1,
2026-09-26 22:30:12,baseline-rules,553000,30.89,87.17,1008.24,31.08,71.57,1008.17,0,0,RULES,1,1,1,
2026-09-26 22:30:13,baseline-rules,554000,30.89,87.46,1008.17,31.08,71.70,1008.12,0,0,RULES,1,1,1,
2026-09-26 22:30:14,baseline-rules,555000,30.89,86.86,1008.21,31.09,71.55,1008.11,0,0,RULES,1,1,1,
2026-09-26 22:30:15,baseline-rules,556000,30.89,87.40,1008.18,31.07,71.28,1008.10,0,0,RULES,1,1,1,
2026-09-26 22:30:16,baseline-rules,557000,30.90,87.54,1008.22,31.08,71.35,1008.12,0,0,RULES,1,1,1,
2026-09-26 22:30:17,baseline-rules,558000,30.89,86.82,1008.17,31.08,71.50,1008.12,0,0,RULES,1,1,1,
2026-09-26 22:30:18,baseline-rules,559000,30.89,87.29,1008.26,31.08,71.43,1008.15,0,0,RULES,1,1,1,
2026-09-26 22:30:19,baseline-rules,560000,30.88,86.82,1008.22,31.07,71.46,1008.13,0,0,RULES,1,1,1,
2026-09-26 22:30:20,baseline-rules,561000,30.89,87.02,1008.21,31.08,71.32,1008.12,0,0,RULES,1,1,1,
2026-09-26 22:30:21,baseline-rules,562000,30.88,87.46,1008.22,31.07,71.36,1008.13,0,0,RULES,1,1,1,
2026-09-26 22:30:22,baseline-rules,563000,30.90,87.29,1008.27,31.08,71.63,1008.11,0,0,RULES,1,1,1,
2026-09-26 22:30:23,baseline-rules,564000,30.88,87.01,1008.19,31.08,71.54,1008.05,0,0,RULES,1,1,1,
2026-09-26 22:30:24,baseline-rules,565000,30.88,86.60,1008.28,31.07,71.19,1008.10,0,0,RULES,1,1,1,
2026-09-26 22:30:25,baseline-rules,566000,30.89,87.46,1008.20,31.07,71.59,1008.07,0,0,RULES,1,1,1,
2026-09-26 22:30:26,baseline-rules,567000,30.87,87.54,1008.17,31.08,71.43,1008.11,0,0,RULES,1,1,1,
2026-09-26 22:30:27,baseline-rules,568000,30.88,87.23,1008.22,31.07,71.24,1008.10,0,0,RULES,1,1,1,
2026-09-26 22:30:28,baseline-rules,569000,30.88,87.50,1008.18,31.06,71.31,1008.09,0,0,RULES,1,1,1,
2026-09-26 22:30:29,baseline-rules,570000,30.88,87.57,1008.21,31.07,71.34,1008.12,0,0,RULES,1,1,1,
2026-09-26 22:30:30,baseline-rules,571000,30.87,87.01,1008.18,31.06,71.64,1008.11,0,0,RULES,1,1,1,
2026-09-26 22:30:31,baseline-rules,572000,30.88,87.43,1008.24,31.06,71.36,1008.09,0,0,RULES,1,1,1,
2026-09-26 22:30:32,baseline-rules,573000,30.88,87.22,1008.16,31.06,71.68,1008.09,0,0,RULES,1,1,1,
2026-09-26 22:30:33,baseline-rules,574000,30.88,87.20,1008.24,31.06,71.66,1008.14,0,0,RULES,1,1,1,
2026-09-26 22:30:34,baseline-rules,575000,30.88,87.04,1008.21,31.06,71.53,1008.14,0,0,RULES,1,1,1,
2026-09-26 22:30:35,baseline-rules,576000,30.88,86.79,1008.18,31.06,71.50,1008.11,0,0,RULES,1,1,1,
2026-09-26 22:30:36,baseline-rules,577000,30.87,87.48,1008.15,31.06,71.68,1008.16,0,0,RULES,1,1,1,
2026-09-26 22:30:37,baseline-rules,578000,30.87,86.64,1008.25,31.06,71.54,1008.11,0,0,RULES,1,1,1,
2026-09-26 22:30:38,baseline-rules,579000,30.87,86.64,1008.22,31.05,71.65,1008.07,0,0,RULES,1,1,1,
2026-09-26 22:30:39,baseline-rules,580000,30.87,86.73,1008.17,31.05,71.63,1008.12,0,0,RULES,1,1,1,
2026-09-26 22:30:40,baseline-rules,581000,30.88,86.60,1008.22,31.07,71.53,1008.15,0,0,RULES,1,1,1,
2026-09-26 22:30:41,baseline-rules,582000,30.87,87.47,1008.20,31.06,71.69,1008.10,0,0,RULES,1,1,1,
2026-09-26 22:30:42,baseline-rules,583000,30.86,87.54,1008.19,31.06,71.57,1008.14,0,0,RULES,1,1,1,
2026-09-26 22:30:43,baseline-rules,584000,30.86,87.47,1008.18,31.06,71.62,1008.14,0,0,RULES,1,1,1,
2026-09-26 22:30:44,baseline-rules,585000,30.86,87.59,1008.21,31.06,71.60,1008.14,0,0,RULES,1,1,1,
2026-09-26 22:30:45,baseline-rules,586000,30.87,87.11,1008.18,31.06,71.67,1008.13,0,0,RULES,1,1,1,
2026-09-26 22:30:46,baseline-rules,587000,30.86,86.82,1008.19,31.06,71.65,1008.13,0,0,RULES,1,1,1,
2026-09-26 22:30:47,baseline-rules,588000,30.86,87.01,1008.22,31.06,71.76,1008.10,0,0,RULES,1,1,1,
2026-09-26 22:30:48,baseline-rules,589000,30.86,87.60,1008.21,31.06,71.51,1008.06,0,0,RULES,1,1,1,
2026-09-26 22:30:49,baseline-rules,590000,30.87,86.68,1008.20,31.05,71.25,1008.07,0,0,RULES,1,1,1,
2026-09-26 22:30:50,baseline-rules,591000,30.86,86.81,1008.22,31.05,71.45,1008.12,0,0,RULES,1,1,1,
2026-09-26 22:30:51,baseline-rules,592000,30.87,86.80,1008.25,31.06,71.51,1008.02,0,0,RULES,1,1,1,
2026-09-26 22:30:52,baseline-rules,593000,30.87,87.59,1008.17,31.06,71.60,1008.10,0,0,RULES,1,1,1,
2026-09-26 22:30:53,baseline-rules,594000,30.85,87.06,1008.14,31.05,71.24,1008.12,0,0,RULES,1,1,1,
2026-09-26 22:30:54,baseline-rules,595000,30.87,87.21,1008.17,31.05,71.77,1008.10,0,0,RULES,1,1,1,
2026-09-26 22:30:55,baseline-rules,596000,30.86,87.56,1008.16,31.06,71.90,1008.10,0,0,RULES,1,1,1,
2026-09-26 22:30:56,baseline-rules,597000,30.86,87.65,1008.18,31.06,71.95,1008.09,0,0,RULES,1,1,1,
2026-09-26 22:30:57,baseline-rules,598000,30.87,87.08,1008.22,31.06,71.79,1008.11,0,0,RULES,1,1,1,
2026-09-26 22:30:58,baseline-rules,599000,30.86,87.06,1008.18,31.06,71.68,1008.10,0,0,RULES,1,1,1,
2026-09-26 22:30:59,baseline-rules,600000,30.85,87.05,1008.20,31.06,71.60,1008.06,0,0,RULES,1,1,1,
2026-09-26 22:31:00,baseline-rules,601000,30.86,87.63,1008.18,31.07,71.58,1008.12,0,0,RULES,1,1,1,
2026-09-26 22:31:01,baseline-rules,602000,30.86,87.31,1008.22,31.06,71.78,1008.11,0,0,RULES,1,1,1,
2026-09-26 22:31:02,baseline-rules,603000,30.85,87.17,1008.25,31.06,71.60,1008.14,0,0,RULES,1,1,1,
2026-09-26 22:31:03,baseline-rules,604000,30.85,86.86,1008.22,31.07,71.53,1008.13,0,0,RULES,1,1,1,
2026-09-26 22:31:04,baseline-rules,605000,30.86,87.04,1008.21,31.07,71.81,1008.07,0,0,RULES,1,1,1,
2026-09-26 22:31:05,baseline-rules,606000,30.86,86.76,1008.27,31.06,71.66,1008.11,0,0,RULES,1,1,1,
2026-09-26 22:31:06,baseline-rules,607000,30.86,87.53,1008.29,31.07,71.53,1008.12,0,0,RULES,1,1,1,
2026-09-26 22:31:07,baseline-rules,608000,30.86,87.60,1008.24,31.07,71.90,1008.09,0,0,RULES,1,1,1,
2026-09-26 22:31:08,baseline-rules,609000,30.86,87.32,1008.24,31.07,71.35,1008.10,0,0,RULES,1,1,1,
2026-09-26 22:31:09,baseline-rules,610000,30.85,86.75,1008.22,31.05,71.56,1008.07,0,0,RULES,1,1,1,
2026-09-26 22:31:10,baseline-rules,611000,30.84,86.73,1008.18,31.06,71.44,1008.09,0,0,RULES,1,1,1,
2026-09-26 22:31:11,baseline-rules,612000,30.85,87.32,1008.23,31.06,71.61,1008.14,0,0,RULES,1,1,1,
2026-09-26 22:31:12,baseline-rules,613000,30.85,87.65,1008.19,31.06,71.41,1008.14,0,0,RULES,1,1,1,
2026-09-26 22:31:13,baseline-rules,614000,30.85,87.03,1008.22,31.07,71.34,1008.09,0,0,RULES,1,1,1,
2026-09-26 22:31:14,baseline-rules,615000,30.85,87.28,1008.20,31.07,71.58,1008.16,0,0,RULES,1,1,1,
2026-09-26 22:31:15,baseline-rules,616000,30.84,87.04,1008.18,31.07,71.46,1008.12,0,0,RULES,1,1,1,
2026-09-26 22:31:16,baseline-rules,617000,30.84,86.94,1008.21,31.07,71.61,1008.09,0,0,RULES,1,1,1,
2026-09-26 22:31:17,baseline-rules,618000,30.84,87.69,1008.23,31.07,71.34,1008.10,0,0,RULES,1,1,1,
2026-09-26 22:31:18,baseline-rules,619000,30.85,87.11,1008.20,31.07,71.77,1008.10,0,0,RULES,1,1,1,
2026-09-26 22:31:19,baseline-rules,620000,30.84,87.18,1008.18,31.08,71.53,1008.11,0,0,RULES,1,1,1,
2026-09-26 22:31:20,baseline-rules,621000,30.84,87.64,1008.18,31.06,71.66,1008.09,0,0,RULES,1,1,1,
2026-09-26 22:31:21,baseline-rules,622000,30.84,87.38,1008.23,31.07,71.66,1008.10,0,0,RULES,1,1,1,
2026-09-26 22:31:22,baseline-rules,623000,30.85,87.43,1008.25,31.06,71.68,1008.11,0,0,RULES,1,1,1,
2026-09-26 22:31:23,baseline-rules,624000,30.84,87.65,1008.23,31.07,71.69,1008.09,0,0,RULES,1,1,1,
2026-09-26 22:31:24,baseline-rules,625000,30.83,87.55,1008.17,31.07,71.88,1008.13,0,0,RULES,1,1,1,
2026-09-26 22:31:25,baseline-rules,626000,30.84,86.94,1008.26,31.07,71.79,1008.13,0,0,RULES,1,1,1,
2026-09-26 22:31:26,baseline-rules,627000,30.84,87.20,1008.24,31.07,71.68,1008.07,0,0,RULES,1,1,1,
2026-09-26 22:31:27,baseline-rules,628000,30.85,87.57,1008.26,31.07,71.78,1008.16,0,0,RULES,1,1,1,
2026-09-26 22:31:28,baseline-rules,629000,30.83,87.61,1008.22,31.07,71.63,1008.07,0,0,RULES,1,1,1,
2026-09-26 22:31:29,baseline-rules,630000,30.84,87.20,1008.23,31.08,71.70,1008.11,0,0,RULES,1,1,1,
2026-09-26 22:31:30,baseline-rules,631000,30.85,87.11,1008.19,31.07,71.78,1008.07,0,0,RULES,1,1,1,
2026-09-26 22:31:31,baseline-rules,632000,30.84,87.60,1008.20,31.07,71.41,1008.07,0,0,RULES,1,1,1,
2026-09-26 22:31:32,baseline-rules,633000,30.83,87.09,1008.20,31.08,71.60,1008.11,0,0,RULES,1,1,1,
2026-09-26 22:31:33,baseline-rules,634000,30.84,87.60,1008.26,31.08,71.48,1008.08,0,0,RULES,1,1,1,
2026-09-26 22:31:34,baseline-rules,635000,30.83,87.27,1008.20,31.08,71.40,1008.11,0,0,RULES,1,1,1,
2026-09-26 22:31:35,baseline-rules,636000,30.84,87.69,1008.21,31.08,71.36,1008.11,0,0,RULES,1,1,1,
2026-09-26 22:31:36,baseline-rules,637000,30.83,87.32,1008.16,31.08,71.70,1008.05,0,0,RULES,1,1,1,
2026-09-26 22:31:37,baseline-rules,638000,30.83,87.67,1008.16,31.08,71.51,1008.14,0,0,RULES,1,1,1,
2026-09-26 22:31:38,baseline-rules,639000,30.84,87.62,1008.20,31.08,71.23,1008.05,0,0,RULES,1,1,1,
2026-09-26 22:31:39,baseline-rules,640000,30.83,87.53,1008.19,31.08,71.35,1008.11,0,0,RULES,1,1,1,
2026-09-26 22:31:40,baseline-rules,641000,30.83,87.70,1008.19,31.08,71.46,1008.09,0,0,RULES,1,1,1,
2026-09-26 22:31:41,baseline-rules,642000,30.83,87.65,1008.16,31.08,71.31,1008.12,0,0,RULES,1,1,1,
2026-09-26 22:31:42,baseline-rules,643000,30.83,87.73,1008.17,31.08,71.45,1008.11,0,0,RULES,1,1,1,
2026-09-26 22:31:43,baseline-rules,644000,30.83,87.16,1008.22,31.07,71.45,1008.07,0,0,RULES,1,1,1,
2026-09-26 22:31:44,baseline-rules,645000,30.83,86.84,1008.17,31.08,71.30,1008.14,0,0,RULES,1,1,1,
2026-09-26 22:31:45,baseline-rules,646000,30.82,87.67,1008.21,31.08,71.42,1008.05,0,0,RULES,1,1,1,
2026-09-26 22:31:46,baseline-rules,647000,30.83,87.77,1008.16,31.09,71.58,1008.05,0,0,RULES,1,1,1,
2026-09-26 22:31:47,baseline-rules,648000,30.84,86.80,1008.18,31.09,71.48,1008.13,0,0,RULES,1,1,1,
2026-09-26 22:31:48,baseline-rules,649000,30.83,86.82,1008.16,31.09,71.32,1008.13,0,0,RULES,1,1,1,
2026-09-26 22:31:49,baseline-rules,650000,30.84,86.85,1008.18,31.08,71.29,1008.06,0,0,RULES,1,1,1,
2026-09-26 22:31:50,baseline-rules,651000,30.83,87.65,1008.19,31.08,71.52,1008.09,0,0,RULES,1,1,1,
2026-09-26 22:31:51,baseline-rules,652000,30.83,87.45,1008.16,31.08,71.91,1008.12,0,0,RULES,1,1,1,
2026-09-26 22:31:52,baseline-rules,653000,30.83,87.78,1008.20,31.09,71.46,1008.10,0,0,RULES,1,1,1,
2026-09-26 22:31:53,baseline-rules,654000,30.82,87.17,1008.21,31.09,71.59,1008.11,0,0,RULES,1,1,1,
2026-09-26 22:31:54,baseline-rules,655000,30.82,87.33,1008.26,31.09,71.69,1008.15,0,0,RULES,1,1,1,
2026-09-26 22:31:55,baseline-rules,656000,30.83,87.18,1008.16,31.09,71.50,1008.15,0,0,RULES,1,1,1,
2026-09-26 22:31:56,baseline-rules,657000,30.83,87.75,1008.19,31.08,71.69,1008.12,0,0,RULES,1,1,1,
2026-09-26 22:31:57,baseline-rules,658000,30.83,86.84,1008.22,31.08,71.44,1008.12,0,0,RULES,1,1,1,
2026-09-26 22:31:58,baseline-rules,659000,30.83,87.47,1008.16,31.09,71.81,1008.13,0,0,RULES,1,1,1,
2026-09-26 22:31:59,baseline-rules,660000,30.82,87.59,1008.21,31.08,71.65,1008.06,0,0,RULES,1,1,1,
2026-09-26 22:32:00,baseline-rules,661000,30.84,87.73,1008.18,31.09,71.67,1008.07,0,0,RULES,1,1,1,
2026-09-26 22:32:01,baseline-rules,662000,30.82,87.70,1008.18,31.09,71.44,1008.02,0,0,RULES,1,1,1,
2026-09-26 22:32:02,baseline-rules,663000,30.83,87.12,1008.28,31.10,71.54,1008.11,0,0,RULES,1,1,1,
2026-09-26 22:32:03,baseline-rules,664000,30.82,86.86,1008.21,31.10,71.25,1008.14,0,0,RULES,1,1,1,
2026-09-26 22:32:04,baseline-rules,665000,30.82,87.76,1008.24,31.10,71.45,1008.09,0,0,RULES,1,1,1,
2026-09-26 22:32:05,baseline-rules,666000,30.83,87.65,1008.24,31.08,71.48,1008.09,0,0,RULES,1,1,1,
2026-09-26 22:32:06,baseline-rules,667000,30.82,87.18,1008.26,31.09,71.22,1008.10,0,0,RULES,1,1,1,
2026-09-26 22:32:07,baseline-rules,668000,30.82,87.60,1008.21,31.09,71.37,1008.13,0,0,RULES,1,1,1,
2026-09-26 22:32:08,baseline-rules,669000,30.81,87.11,1008.16,31.08,71.37,1008.09,0,0,RULES,1,1,1,
2026-09-26 22:32:09,baseline-rules,670000,30.81,87.44,1008.19,31.08,71.48,1008.09,0,0,RULES,1,1,1,
2026-09-26 22:32:10,baseline-rules,671000,30.82,87.45,1008.23,31.08,71.56,1008.12,0,0,RULES,1,1,1,
2026-09-26 22:32:11,baseline-rules,672000,30.82,86.97,1008.21,31.08,71.71,1008.06,0,0,RULES,1,1,1,
2026-09-26 22:32:12,baseline-rules,673000,30.82,87.72,1008.14,31.08,71.50,1008.17,0,0,RULES,1,1,1,
2026-09-26 22:32:13,baseline-rules,674000,30.82,87.70,1008.20,31.09,71.57,1008.15,0,0,RULES,1,1,1,
2026-09-26 22:32:14,baseline-rules,675000,30.82,87.46,1008.20,31.09,71.69,1008.13,0,0,RULES,1,1,1,
2026-09-26 22:32:15,baseline-rules,676000,30.83,87.24,1008.22,31.09,71.56,1008.15,0,0,RULES,1,1,1,
2026-09-26 22:32:16,baseline-rules,677000,30.82,87.25,1008.21,31.09,71.61,1008.08,0,0,RULES,1,1,1,
2026-09-26 22:32:17,baseline-rules,678000,30.82,86.86,1008.21,31.09,71.62,1008.13,0,0,RULES,1,1,1,
2026-09-26 22:32:18,baseline-rules,679000,30.82,87.17,1008.24,31.09,71.38,1008.07,0,0,RULES,1,1,1,
2026-09-26 22:32:19,baseline-rules,680000,30.82,87.73,1008.24,31.09,71.42,1008.13,0,0,RULES,1,1,1,
2026-09-26 22:32:20,baseline-rules,681000,30.81,87.57,1008.28,31.09,71.70,1008.10,0,0,RULES,1,1,1,
2026-09-26 22:32:21,baseline-rules,682000,30.81,87.69,1008.19,31.09,71.35,1008.07,0,0,RULES,1,1,1,
2026-09-26 22:32:22,baseline-rules,683000,30.81,86.82,1008.19,31.09,71.31,1008.16,0,0,RULES,1,1,1,
2026-09-26 22:32:23,baseline-rules,684000,30.81,87.09,1008.21,31.08,71.31,1008.12,0,0,RULES,1,1,1,
2026-09-26 22:32:24,baseline-rules,685000,30.81,87.12,1008.18,31.08,71.44,1008.12,0,0,RULES,1,1,1,
2026-09-26 22:32:25,baseline-rules,686000,30.81,87.78,1008.22,31.08,71.41,1008.12,0,0,RULES,1,1,1,
2026-09-26 22:32:26,baseline-rules,687000,30.81,87.78,1008.13,31.08,71.29,1008.09,0,0,RULES,1,1,1,
2026-09-26 22:32:27,baseline-rules,688000,30.81,87.84,1008.19,31.08,71.39,1008.12,0,0,RULES,1,1,1,
2026-09-26 22:32:28,baseline-rules,689000,30.81,87.47,1008.19,31.08,71.25,1008.05,0,0,RULES,1,1,1,
2026-09-26 22:32:29,baseline-rules,690000,30.81,86.90,1008.22,31.08,71.34,1008.03,0,0,RULES,1,1,1,
2026-09-26 22:32:30,baseline-rules,691000,30.82,86.99,1008.28,31.08,71.39,1008.09,0,0,RULES,1,1,1,
2026-09-26 22:32:31,baseline-rules,692000,30.82,87.24,1008.20,31.08,71.51,1008.12,0,0,RULES,1,1,1,
2026-09-26 22:32:32,baseline-rules,693000,30.81,86.89,1008.18,31.08,71.39,1008.12,0,0,RULES,1,1,1,
2026-09-26 22:32:33,baseline-rules,694000,30.81,87.71,1008.21,31.08,71.24,1008.15,0,0,RULES,1,1,1,
2026-09-26 22:32:34,baseline-rules,695000,30.81,86.85,1008.21,31.08,71.29,1008.15,0,0,RULES,1,1,1,
2026-09-26 22:32:35,baseline-rules,696000,30.81,87.80,1008.19,31.07,71.45,1008.10,0,0,RULES,1,1,1,
2026-09-26 22:32:36,baseline-rules,697000,30.81,86.91,1008.18,31.08,71.29,1008.12,0,0,RULES,1,1,1,
2026-09-26 22:32:37,baseline-rules,698000,30.81,87.78,1008.22,31.07,71.27,1008.10,0,0,RULES,1,1,1,
2026-09-26 22:32:38,baseline-rules,699000,30.81,87.75,1008.18,31.07,71.49,1008.13,0,0,RULES,1,1,1,
2026-09-26 22:32:39,baseline-rules,700000,30.81,86.85,1008.19,31.08,71.24,1008.08,0,0,RULES,1,1,1,
2026-09-26 22:32:40,baseline-rules,701000,30.82,87.70,1008.17,31.08,71.38,1008.08,0,0,RULES,1,1,1,
2026-09-26 22:32:41,baseline-rules,702000,30.81,87.74,1008.21,31.09,71.68,1008.13,0,0,RULES,1,1,1,
2026-09-26 22:32:42,baseline-rules,703000,30.81,87.24,1008.21,31.08,71.50,1008.09,0,0,RULES,1,1,1,
2026-09-26 22:32:43,baseline-rules,704000,30.80,87.83,1008.23,31.08,71.49,1008.17,0,0,RULES,1,1,1,
2026-09-26 22:32:44,baseline-rules,705000,30.81,87.39,1008.19,31.08,71.49,1008.11,0,0,RULES,1,1,1,
2026-09-26 22:32:45,baseline-rules,706000,30.80,87.34,1008.17,31.08,71.73,1008.06,0,0,RULES,1,1,1,
2026-09-26 22:32:46,baseline-rules,707000,30.81,87.45,1008.18,31.08,71.34,1008.11,0,0,RULES,1,1,1,
2026-09-26 22:32:47,baseline-rules,708000,30.81,87.27,1008.15,31.08,71.44,1008.06,0,0,RULES,1,1,1,
2026-09-26 22:32:48,baseline-rules,709000,30.79,86.92,1008.16,31.08,71.40,1008.12,0,0,RULES,1,1,1,
2026-09-26 22:32:49,baseline-rules,710000,30.81,87.11,1008.18,31.08,71.68,1008.03,0,0,RULES,1,1,1,
2026-09-26 22:32:50,baseline-rules,711000,30.80,87.26,1008.17,31.08,71.38,1008.15,0,0,RULES,1,1,1,
2026-09-26 22:32:51,baseline-rules,712000,30.81,87.70,1008.15,31.07,71.31,1008.10,0,0,RULES,1,1,1,
2026-09-26 22:32:52,baseline-rules,713000,30.81,86.93,1008.18,31.07,71.43,1008.10,0,0,RULES,1,1,1,
2026-09-26 22:32:53,baseline-rules,714000,30.80,87.17,1008.20,31.07,71.44,1008.10,0,0,RULES,1,1,1,
2026-09-26 22:32:54,baseline-rules,715000,30.80,87.50,1008.12,31.08,71.44,1008.08,0,0,RULES,1,1,1,
2026-09-26 22:32:55,baseline-rules,716000,30.80,87.70,1008.17,31.07,71.53,1008.13,0,0,RULES,1,1,1,
2026-09-26 22:32:56,baseline-rules,717000,30.80,87.24,1008.17,31.07,71.62,1008.13,0,0,RULES,1,1,1,
2026-09-26 22:32:57,baseline-rules,718000,30.80,87.02,1008.17,31.06,71.87,1008.06,0,0,RULES,1,1,1,
2026-09-26 22:32:58,baseline-rules,719000,30.80,87.32,1008.20,31.07,71.78,1008.13,0,0,RULES,1,1,1,
2026-09-26 22:32:59,baseline-rules,720000,30.80,87.52,1008.17,31.08,71.61,1008.06,0,0,RULES,1,1,1,
2026-09-26 22:33:00,baseline-rules,721000,30.80,87.84,1008.20,31.08,71.69,1008.11,0,0,RULES,1,1,1,
2026-09-26 22:33:01,baseline-rules,722000,30.80,87.81,1008.17,31.07,71.42,1008.13,0,0,RULES,1,1,1,
2026-09-26 22:33:02,baseline-rules,723000,30.80,87.88,1008.20,31.08,71.78,1008.16,0,0,RULES,1,1,1,
2026-09-26 22:33:03,baseline-rules,724000,30.80,87.40,1008.17,31.08,71.58,1008.11,0,0,RULES,1,1,1,
2026-09-26 22:33:04,baseline-rules,725000,30.79,86.96,1008.15,31.07,71.70,1008.05,0,0,RULES,1,1,1,
2026-09-26 22:33:05,baseline-rules,726000,30.80,87.72,1008.23,31.07,71.81,1008.07,0,0,RULES,1,1,1,
2026-09-26 22:33:06,baseline-rules,727000,30.79,87.82,1008.19,31.07,71.71,1008.15,0,0,RULES,1,1,1,
2026-09-26 22:33:07,baseline-rules,728000,30.80,87.84,1008.17,31.07,71.83,1008.07,0,0,RULES,1,1,1,
2026-09-26 22:33:08,baseline-rules,729000,30.80,87.87,1008.17,31.07,71.73,1008.09,0,0,RULES,1,1,1,
2026-09-26 22:33:09,baseline-rules,730000,30.80,87.83,1008.17,31.06,71.61,1008.11,0,0,RULES,1,1,1,
2026-09-26 22:33:10,baseline-rules,731000,30.80,87.28,1008.20,31.06,71.89,1008.09,0,0,RULES,1,1,1,
2026-09-26 22:33:11,baseline-rules,732000,30.80,87.93,1008.22,31.06,71.83,1008.11,0,0,RULES,1,1,1,
2026-09-26 22:33:12,baseline-rules,733000,30.80,87.86,1008.22,31.07,71.71,1008.09,0,0,RULES,1,1,1,
2026-09-26 22:33:13,baseline-rules,734000,30.79,87.23,1008.13,31.08,71.79,1008.16,0,0,RULES,1,1,1,
2026-09-26 22:33:14,baseline-rules,735000,30.79,87.03,1008.15,31.08,71.43,1008.09,0,0,RULES,1,1,1,
2026-09-26 22:33:15,baseline-rules,736000,30.79,87.33,1008.21,31.08,71.74,1008.08,0,0,RULES,1,1,1,
2026-09-26 22:33:16,baseline-rules,737000,30.80,87.21,1008.14,31.07,71.78,1008.10,0,0,RULES,1,1,1,
2026-09-26 22:33:17,baseline-rules,738000,30.80,87.71,1008.20,31.08,71.75,1008.11,0,0,RULES,1,1,1,
2026-09-26 22:33:18,baseline-rules,739000,30.80,87.49,1008.20,31.08,71.58,1008.08,0,0,RULES,1,1,1,
2026-09-26 22:33:19,baseline-rules,740000,30.78,86.82,1008.17,31.08,71.67,1008.08,0,0,RULES,1,1,1,
2026-09-26 22:33:20,baseline-rules,741000,30.79,86.94,1008.19,31.09,71.62,1008.13,0,0,RULES,1,1,1,
2026-09-26 22:33:21,baseline-rules,742000,30.79,87.86,1008.24,31.08,71.51,1008.11,0,0,RULES,1,1,1,
2026-09-26 22:33:22,baseline-rules,743000,30.79,86.90,1008.27,31.07,71.67,1008.16,0,0,RULES,1,1,1,
2026-09-26 22:33:23,baseline-rules,744000,30.79,86.99,1008.18,31.08,71.74,1008.11,0,0,RULES,1,1,1,
2026-09-26 22:33:24,baseline-rules,745000,30.80,86.95,1008.17,31.07,71.57,1008.10,0,0,RULES,1,1,1,
2026-09-26 22:33:25,baseline-rules,746000,30.79,87.30,1008.15,31.08,71.78,1008.09,0,0,RULES,1,1,1,
2026-09-26 22:33:26,baseline-rules,747000,30.79,87.53,1008.18,31.08,71.40,1008.14,0,0,RULES,1,1,1,
2026-09-26 22:33:27,baseline-rules,748000,30.79,87.11,1008.18,31.08,71.54,1008.08,0,0,RULES,1,1,1,
2026-09-26 22:33:28,baseline-rules,749000,30.79,87.32,1008.21,31.07,71.63,1008.07,0,0,RULES,1,1,1,
2026-09-26 22:33:29,baseline-rules,750000,30.79,87.87,1008.18,31.08,71.43,1008.17,0,0,RULES,1,1,1,
2026-09-26 22:33:30,baseline-rules,751000,30.78,87.01,1008.19,31.08,71.63,1008.14,0,0,RULES,1,1,1,
2026-09-26 22:33:31,baseline-rules,752000,30.79,87.13,1008.18,31.06,71.64,1008.09,0,0,RULES,1,1,1,
2026-09-26 22:33:32,baseline-rules,753000,30.78,87.36,1008.14,31.07,71.45,1008.07,0,0,RULES,1,1,1,
2026-09-26 22:33:33,baseline-rules,754000,30.79,87.52,1008.19,31.07,71.72,1008.15,0,0,RULES,1,1,1,
2026-09-26 22:33:34,baseline-rules,755000,30.79,87.71,1008.21,31.07,71.36,1008.12,0,0,RULES,1,1,1,
2026-09-26 22:33:35,baseline-rules,756000,30.80,87.39,1008.17,31.07,71.50,1008.16,0,0,RULES,1,1,1,
2026-09-26 22:33:36,baseline-rules,757000,30.79,87.01,1008.18,31.07,71.48,1008.05,0,0,RULES,1,1,1,
2026-09-26 22:33:37,baseline-rules,758000,30.79,87.33,1008.24,31.08,71.72,1008.08,0,0,RULES,1,1,1,
2026-09-26 22:33:38,baseline-rules,759000,30.79,87.31,1008.15,31.07,71.66,1008.10,0,0,RULES,1,1,1,
2026-09-26 22:33:39,baseline-rules,760000,30.79,87.40,1008.22,31.07,71.46,1008.10,0,0,RULES,1,1,1,
2026-09-26 22:33:40,baseline-rules,761000,30.79,87.06,1008.15,31.07,71.23,1008.16,0,0,RULES,1,1,1,
2026-09-26 22:33:41,baseline-rules,762000,30.79,87.50,1008.18,31.07,71.60,1008.10,0,0,RULES,1,1,1,
2026-09-26 22:33:42,baseline-rules,763000,30.79,87.81,1008.21,31.08,71.32,1008.12,0,0,RULES,1,1,1,
2026-09-26 22:33:43,baseline-rules,764000,30.79,87.55,1008.18,31.07,71.59,1008.10,0,0,RULES,1,1,1,
2026-09-26 22:33:44,baseline-rules,765000,30.79,87.60,1008.21,31.07,71.45,1008.13,0,0,RULES,1,1,1,
2026-09-26 22:33:45,baseline-rules,766000,30.78,87.54,1008.23,31.08,71.59,1008.11,0,0,RULES,1,1,1,
2026-09-26 22:33:46,baseline-rules,767000,30.78,87.88,1008.17,31.08,71.52,1008.06,0,0,RULES,1,1,1,
2026-09-26 22:33:47,baseline-rules,768000,30.78,87.90,1008.20,31.08,71.55,1008.12,0,0,RULES,1,1,1,
2026-09-26 22:33:48,baseline-rules,769000,30.78,87.94,1008.22,31.08,71.60,1008.12,0,0,RULES,1,1,1,
2026-09-26 22:33:49,baseline-rules,770000,30.78,87.81,1008.22,31.07,71.32,1008.07,0,0,RULES,1,1,1,
2026-09-26 22:33:50,baseline-rules,771000,30.78,87.25,1008.19,31.08,71.50,1008.03,0,0,RULES,1,1,1,
2026-09-26 22:33:51,baseline-rules,772000,30.78,87.09,1008.22,31.09,71.29,1008.13,0,0,RULES,1,1,1,
2026-09-26 22:33:52,baseline-rules,773000,30.78,87.75,1008.16,31.08,71.68,1008.06,0,0,RULES,1,1,1,
2026-09-26 22:33:53,baseline-rules,774000,30.78,87.27,1008.14,31.09,71.53,1008.01,0,0,RULES,1,1,1,
2026-09-26 22:33:54,baseline-rules,775000,30.78,87.16,1008.16,31.09,71.48,1008.13,0,0,RULES,1,1,1,
2026-09-26 22:33:55,baseline-rules,776000,30.78,87.39,1008.20,31.09,71.53,1008.08,0,0,RULES,1,1,1,
2026-09-26 22:33:56,baseline-rules,777000,30.78,87.99,1008.17,31.09,71.43,1008.13,0,0,RULES,1,1,1,
2026-09-26 22:33:57,baseline-rules,778000,30.78,87.80,1008.13,31.08,71.68,1008.11,0,0,RULES,1,1,1,
2026-09-26 22:33:58,baseline-rules,779000,30.78,87.57,1008.22,31.08,71.48,1008.12,0,0,RULES,1,1,1,
2026-09-26 22:33:59,baseline-rules,780000,30.78,87.55,1008.13,31.08,71.65,1008.08,0,0,RULES,1,1,1,
2026-09-26 22:34:00,baseline-rules,781000,30.77,88.00,1008.17,31.09,71.64,1008.04,0,0,RULES,1,1,1,
2026-09-26 22:34:01,baseline-rules,782000,30.78,87.90,1008.22,31.08,71.53,1008.09,0,0,RULES,1,1,1,
2026-09-26 22:34:02,baseline-rules,783000,30.78,87.79,1008.23,31.08,71.65,1008.09,0,0,RULES,1,1,1,
2026-09-26 22:34:03,baseline-rules,784000,30.78,87.85,1008.19,31.08,71.33,1008.11,0,0,RULES,1,1,1,
2026-09-26 22:34:04,baseline-rules,785000,30.77,87.68,1008.15,31.08,71.43,1008.09,0,0,RULES,1,1,1,
2026-09-26 22:34:05,baseline-rules,786000,30.77,87.00,1008.15,31.09,71.46,1008.13,0,0,RULES,1,1,1,
2026-09-26 22:34:06,baseline-rules,787000,30.77,87.77,1008.15,31.08,71.67,1008.12,0,0,RULES,1,1,1,
2026-09-26 22:34:07,baseline-rules,788000,30.77,87.66,1008.15,31.08,71.66,1008.11,0,0,RULES,1,1,1,
2026-09-26 22:34:08,baseline-rules,789000,30.78,87.96,1008.16,31.07,71.61,1008.07,0,0,RULES,1,1,1,
2026-09-26 22:34:09,baseline-rules,790000,30.77,87.70,1008.12,31.08,71.36,1008.11,0,0,RULES,1,1,1,
2026-09-26 22:34:10,baseline-rules,791000,30.77,87.87,1008.23,31.07,71.26,1008.10,0,0,RULES,1,1,1,
2026-09-26 22:34:11,baseline-rules,792000,30.77,87.58,1008.13,31.08,71.63,1008.11,0,0,RULES,1,1,1,
2026-09-26 22:34:12,baseline-rules,793000,30.77,87.73,1008.13,31.07,71.53,1008.09,0,0,RULES,1,1,1,
2026-09-26 22:34:13,baseline-rules,794000,30.76,88.04,1008.14,31.06,71.42,1008.06,0,0,RULES,1,1,1,
2026-09-26 22:34:14,baseline-rules,795000,30.76,87.97,1008.17,31.07,71.37,1008.09,0,0,RULES,1,1,1,
2026-09-26 22:34:15,baseline-rules,796000,30.77,87.46,1008.18,31.06,71.44,1008.09,0,0,RULES,1,1,1,
2026-09-26 22:34:16,baseline-rules,797000,30.76,87.64,1008.14,31.06,71.38,1008.05,0,0,RULES,1,1,1,
2026-09-26 22:34:17,baseline-rules,798000,30.76,87.69,1008.22,31.06,71.39,1008.10,0,0,RULES,1,1,1,
2026-09-26 22:34:18,baseline-rules,799000,30.76,87.14,1008.14,31.07,71.34,1008.09,0,0,RULES,1,1,1,
2026-09-26 22:34:19,baseline-rules,800000,30.76,87.59,1008.16,31.07,71.63,1008.09,0,0,RULES,1,1,1,
2026-09-26 22:34:20,baseline-rules,801000,30.76,87.61,1008.19,31.07,71.41,1008.13,0,0,RULES,1,1,1,
2026-09-26 22:34:21,baseline-rules,802000,30.76,87.75,1008.19,31.06,71.38,1008.06,0,0,RULES,1,1,1,
2026-09-26 22:34:22,baseline-rules,803000,30.76,87.22,1008.17,31.06,71.62,1008.09,0,0,RULES,1,1,1,
2026-09-26 22:34:23,baseline-rules,804000,30.75,87.86,1008.12,31.07,71.64,1008.12,0,0,RULES,1,1,1,
2026-09-26 22:34:24,baseline-rules,805000,30.76,87.91,1008.19,31.07,71.68,1008.12,0,0,RULES,1,1,1,
2026-09-26 22:34:25,baseline-rules,806000,30.76,87.97,1008.17,31.07,71.29,1008.20,0,0,RULES,1,1,1,
2026-09-26 22:34:26,baseline-rules,807000,30.76,87.64,1008.17,31.06,71.45,1008.06,0,0,RULES,1,1,1,
2026-09-26 22:34:27,baseline-rules,808000,30.76,87.95,1008.16,31.06,71.39,1008.08,0,0,RULES,1,1,1,
2026-09-26 22:34:28,baseline-rules,809000,30.76,87.68,1008.16,31.06,71.53,1008.11,0,0,RULES,1,1,1,
2026-09-26 22:34:29,baseline-rules,810000,30.76,87.13,1008.13,31.06,71.36,1008.16,0,0,RULES,1,1,1,
2026-09-26 22:34:30,baseline-rules,811000,30.76,87.07,1008.16,31.06,71.34,1008.14,0,0,RULES,1,1,1,
2026-09-26 22:34:31,baseline-rules,812000,30.76,87.94,1008.16,31.05,71.30,1008.12,0,0,RULES,1,1,1,
2026-09-26 22:34:32,baseline-rules,813000,30.76,86.99,1008.16,31.06,71.41,1008.11,0,0,RULES,1,1,1,
2026-09-26 22:34:33,baseline-rules,814000,30.75,87.91,1008.14,31.06,71.49,1008.08,0,0,RULES,1,1,1,
2026-09-26 22:34:34,baseline-rules,815000,30.75,87.92,1008.15,31.05,71.43,1008.07,0,0,RULES,1,1,1,
2026-09-26 22:34:35,baseline-rules,816000,30.76,88.00,1008.19,31.05,71.45,1008.06,0,0,RULES,1,1,1,
2026-09-26 22:34:36,baseline-rules,817000,30.75,87.36,1008.21,31.06,71.52,1008.13,0,0,RULES,1,1,1,
2026-09-26 22:34:37,baseline-rules,818000,30.76,87.20,1008.17,31.06,71.66,1008.09,0,0,RULES,1,1,1,
2026-09-26 22:34:38,baseline-rules,819000,30.76,87.82,1008.16,31.05,71.56,1008.12,0,0,RULES,1,1,1,
2026-09-26 22:34:39,baseline-rules,820000,30.75,87.91,1008.14,31.05,71.52,1008.10,0,0,RULES,1,1,1,
2026-09-26 22:34:40,baseline-rules,821000,30.75,87.09,1008.17,31.05,71.44,1008.12,0,0,RULES,1,1,1,
2026-09-26 22:34:41,baseline-rules,822000,30.75,87.39,1008.14,31.05,71.66,1008.10,0,0,RULES,1,1,1,
2026-09-26 22:34:42,baseline-rules,823000,30.76,87.34,1008.16,31.05,71.61,1008.09,0,0,RULES,1,1,1,
2026-09-26 22:34:43,baseline-rules,824000,30.75,87.12,1008.14,31.05,71.53,1008.15,0,0,RULES,1,1,1,
2026-09-26 22:34:44,baseline-rules,825000,30.75,87.69,1008.15,31.04,71.29,1008.11,0,0,RULES,1,1,1,
2026-09-26 22:34:45,baseline-rules,826000,30.75,87.17,1008.26,31.04,71.80,1008.14,0,0,RULES,1,1,1,
2026-09-26 22:34:46,baseline-rules,827000,30.75,87.01,1008.14,31.04,71.29,1008.11,0,0,RULES,1,1,1,
2026-09-26 22:34:47,baseline-rules,828000,30.75,87.01,1008.21,31.03,71.63,1008.15,0,0,RULES,1,1,1,
2026-09-26 22:34:48,baseline-rules,829000,30.75,87.21,1008.20,31.05,71.40,1008.12,0,0,RULES,1,1,1,
2026-09-26 22:34:49,baseline-rules,830000,30.75,87.94,1008.15,31.05,71.47,1008.14,0,0,RULES,1,1,1,
2026-09-26 22:34:50,baseline-rules,831000,30.75,87.10,1008.11,31.05,71.46,1008.12,0,0,RULES,1,1,1,
2026-09-26 22:34:51,baseline-rules,832000,30.75,87.28,1008.17,31.06,71.51,1008.16,0,0,RULES,1,1,1,
2026-09-26 22:34:52,baseline-rules,833000,30.74,87.07,1008.19,31.05,71.78,1008.15,0,0,RULES,1,1,1,
2026-09-26 22:34:53,baseline-rules,834000,30.74,87.00,1008.15,31.05,71.65,1008.12,0,0,RULES,1,1,1,
2026-09-26 22:34:54,baseline-rules,835000,30.75,87.32,1008.21,31.05,71.86,1008.09,0,0,RULES,1,1,1,
2026-09-26 22:34:55,baseline-rules,836000,30.75,87.91,1008.20,31.04,71.48,1008.05,0,0,RULES,1,1,1,
2026-09-26 22:34:56,baseline-rules,837000,30.74,87.07,1008.19,31.04,71.80,1008.03,0,0,RULES,1,1,1,
2026-09-26 22:34:57,baseline-rules,838000,30.74,87.19,1008.13,31.05,71.61,1008.06,0,0,RULES,1,1,1,
2026-09-26 22:34:58,baseline-rules,839000,30.74,87.83,1008.13,31.04,71.46,1008.10,0,0,RULES,1,1,1,
2026-09-26 22:34:59,baseline-rules,840000,30.74,88.06,1008.22,31.04,71.53,1008.10,0,0,RULES,1,1,1,
2026-09-26 22:35:00,baseline-rules,841000,30.74,88.00,1008.15,31.04,71.70,1008.14,0,0,RULES,1,1,1,
2026-09-26 22:35:01,baseline-rules,842000,30.74,87.86,1008.18,31.04,71.43,1008.05,0,0,RULES,1,1,1,
2026-09-26 22:35:02,baseline-rules,843000,30.73,87.23,1008.15,31.03,71.27,1008.09,0,0,RULES,1,1,1,
2026-09-26 22:35:03,baseline-rules,844000,30.74,87.23,1008.13,31.04,71.62,1008.10,0,0,RULES,1,1,1,
2026-09-26 22:35:04,baseline-rules,845000,30.74,87.68,1008.16,31.04,71.79,1008.05,0,0,RULES,1,1,1,
2026-09-26 22:35:05,baseline-rules,846000,30.74,87.40,1008.19,31.04,71.79,1008.05,0,0,RULES,1,1,1,
2026-09-26 22:35:06,baseline-rules,847000,30.74,87.54,1008.13,31.03,71.45,1008.11,0,0,RULES,1,1,1,
2026-09-26 22:35:07,baseline-rules,848000,30.74,87.67,1008.21,31.04,71.59,1008.10,0,0,RULES,1,1,1,
2026-09-26 22:35:08,baseline-rules,849000,30.74,87.70,1008.15,31.04,71.45,1008.05,0,0,RULES,1,1,1,
2026-09-26 22:35:09,baseline-rules,850000,30.73,87.83,1008.17,31.03,71.72,1008.07,0,0,RULES,1,1,1,
2026-09-26 22:35:10,baseline-rules,851000,30.74,87.88,1008.19,31.04,71.71,1008.11,0,0,RULES,1,1,1,
2026-09-26 22:35:11,baseline-rules,852000,30.73,87.14,1008.19,31.05,71.79,1008.09,0,0,RULES,1,1,1,
2026-09-26 22:35:12,baseline-rules,853000,30.72,87.08,1008.13,31.03,71.73,1008.07,0,0,RULES,1,1,1,
2026-09-26 22:35:13,baseline-rules,854000,30.74,87.99,1008.15,31.04,71.49,1008.16,0,0,RULES,1,1,1,
2026-09-26 22:35:14,baseline-rules,855000,30.73,87.67,1008.14,31.04,71.65,1008.10,0,0,RULES,1,1,1,
2026-09-26 22:35:15,baseline-rules,856000,30.73,87.21,1008.17,31.04,71.56,1008.14,0,0,RULES,1,1,1,
2026-09-26 22:35:16,baseline-rules,857000,30.73,88.04,1008.20,31.04,71.54,1008.11,0,0,RULES,1,1,1,
2026-09-26 22:35:17,baseline-rules,858000,30.73,88.05,1008.19,31.04,71.63,1008.16,0,0,RULES,1,1,1,
2026-09-26 22:35:18,baseline-rules,859000,30.73,87.96,1008.19,31.03,71.75,1008.09,0,0,RULES,1,1,1,
2026-09-26 22:35:19,baseline-rules,860000,30.72,87.32,1008.13,31.04,71.63,1008.10,0,0,RULES,1,1,1,
2026-09-26 22:35:20,baseline-rules,861000,30.73,87.06,1008.17,31.04,71.55,1008.10,0,0,RULES,1,1,1,
2026-09-26 22:35:21,baseline-rules,862000,30.73,87.90,1008.23,31.03,71.57,1008.09,0,0,RULES,1,1,1,
2026-09-26 22:35:22,baseline-rules,863000,30.72,87.03,1008.10,31.04,71.80,1008.13,0,0,RULES,1,1,1,
2026-09-26 22:35:23,baseline-rules,864000,30.72,87.99,1008.21,31.04,71.65,1008.11,0,0,RULES,1,1,1,
2026-09-26 22:35:24,baseline-rules,865000,30.73,87.90,1008.17,31.04,71.74,1008.08,0,0,RULES,1,1,1,
2026-09-26 22:35:25,baseline-rules,866000,30.71,87.98,1008.14,31.05,71.57,1008.06,0,0,RULES,1,1,1,
2026-09-26 22:35:26,baseline-rules,867000,30.71,87.81,1008.17,31.04,71.55,1008.05,0,0,RULES,1,1,1,
2026-09-26 22:35:27,baseline-rules,868000,30.72,87.78,1008.16,31.04,71.68,1008.11,0,0,RULES,1,1,1,
2026-09-26 22:35:28,baseline-rules,869000,30.71,87.88,1008.14,31.04,71.37,1008.16,0,0,RULES,1,1,1,
2026-09-26 22:35:29,baseline-rules,870000,30.72,87.58,1008.16,31.04,71.53,1008.08,0,0,RULES,1,1,1,
2026-09-26 22:35:30,baseline-rules,871000,30.73,87.40,1008.17,31.04,71.54,1008.11,0,0,RULES,1,1,1,
2026-09-26 22:35:31,baseline-rules,872000,30.71,87.71,1008.19,31.04,71.42,1008.05,0,0,RULES,1,1,1,
2026-09-26 22:35:32,baseline-rules,873000,30.73,87.39,1008.14,31.04,71.63,1008.08,0,0,RULES,1,1,1,
2026-09-26 22:35:33,baseline-rules,874000,30.71,87.75,1008.09,31.04,71.53,1008.11,0,0,RULES,1,1,1,
2026-09-26 22:35:34,baseline-rules,875000,30.72,87.73,1008.16,31.03,71.62,1008.12,0,0,RULES,1,1,1,
2026-09-26 22:35:35,baseline-rules,876000,30.73,88.00,1008.14,31.04,71.47,1008.16,0,0,RULES,1,1,1,
2026-09-26 22:35:36,baseline-rules,877000,30.72,87.29,1008.19,31.03,71.88,1008.09,0,0,RULES,1,1,1,
2026-09-26 22:35:37,baseline-rules,878000,30.73,87.06,1008.14,31.04,71.82,1008.08,0,0,RULES,1,1,1,
2026-09-26 22:35:38,baseline-rules,879000,30.72,87.22,1008.12,31.03,71.66,1008.12,0,0,RULES,1,1,1,
2026-09-26 22:35:39,baseline-rules,880000,30.72,87.18,1008.15,31.03,71.72,1008.15,0,0,RULES,1,1,1,
2026-09-26 22:35:40,baseline-rules,881000,30.72,87.10,1008.18,31.03,71.48,1008.14,0,0,RULES,1,1,1,
2026-09-26 22:35:41,baseline-rules,882000,30.72,87.18,1008.18,31.03,71.46,1008.12,0,0,RULES,1,1,1,
2026-09-26 22:35:42,baseline-rules,883000,30.71,87.11,1008.14,31.02,71.59,1008.05,0,0,RULES,1,1,1,
2026-09-26 22:35:43,baseline-rules,884000,30.72,87.09,1008.15,31.03,71.60,1008.14,0,0,RULES,1,1,1,
2026-09-26 22:35:44,baseline-rules,885000,30.72,87.15,1008.13,31.02,71.72,1008.13,0,0,RULES,1,1,1,
2026-09-26 22:35:45,baseline-rules,886000,30.72,87.38,1008.13,31.03,71.67,1008.08,0,0,RULES,1,1,1,
2026-09-26 22:35:46,baseline-rules,887000,30.72,87.33,1008.18,31.02,71.78,1008.04,0,0,RULES,1,1,1,
2026-09-26 22:35:47,baseline-rules,888000,30.72,87.84,1008.21,31.02,71.85,1008.05,0,0,RULES,1,1,1,
2026-09-26 22:35:48,baseline-rules,889000,30.72,87.10,1008.16,31.02,71.95,1008.10,0,0,RULES,1,1,1,
2026-09-26 22:35:49,baseline-rules,890000,30.72,87.73,1008.13,31.02,72.01,1008.08,0,0,RULES,1,1,1,
2026-09-26 22:35:50,baseline-rules,891000,30.72,87.97,1008.18,31.03,71.91,1008.14,0,0,RULES,1,1,1,
2026-09-26 22:35:51,baseline-rules,892000,30.72,87.88,1008.18,31.03,71.72,1008.14,0,0,RULES,1,1,1,
2026-09-26 22:35:52,baseline-rules,893000,30.71,87.66,1008.14,31.03,71.83,1008.11,0,0,RULES,1,1,1,
2026-09-26 22:35:53,baseline-rules,894000,30.72,87.19,1008.21,31.03,71.85,1008.09,0,0,RULES,1,1,1,
2026-09-26 22:35:54,baseline-rules,895000,30.72,87.17,1008.21,31.03,71.89,1008.14,0,0,RULES,1,1,1,
2026-09-26 22:35:55,baseline-rules,896000,30.71,87.36,1008.14,31.01,71.86,1008.06,0,0,RULES,1,1,1,
2026-09-26 22:35:56,baseline-rules,897000,30.71,87.18,1008.19,31.03,71.74,1008.15,0,0,RULES,1,1,1,
2026-09-26 22:35:57,baseline-rules,898000,30.72,87.06,1008.24,31.04,71.57,1008.07,0,0,RULES,1,1,1,
2026-09-26 22:35:58,baseline-rules,899000,30.71,87.61,1008.11,31.03,71.71,1008.15,0,0,RULES,1,1,1,
2026-09-26 22:35:59,baseline-rules,900000,30.71,88.01,1008.19,31.03,71.58,1008.15,0,0,RULES,1,1,1,
2026-09-26 22:36:00,baseline-rules,901000,30.72,87.53,1008.19,31.03,71.43,1008.11,0,0,RULES,1,1,1,
2026-09-26 22:36:01,baseline-rules,902000,30.70,87.21,1008.15,31.03,71.65,1008.14,0,0,RULES,1,1,1,
2026-09-26 22:36:02,baseline-rules,903000,30.71,87.40,1008.19,31.02,71.76,1008.13,0,0,RULES,1,1,1,
2026-09-26 22:36:03,baseline-rules,904000,30.71,87.11,1008.19,31.03,71.67,1008.17,0,0,RULES,1,1,1,
2026-09-26 22:36:04,baseline-rules,905000,30.71,88.02,1008.14,31.02,71.83,1008.10,0,0,RULES,1,1,1,
2026-09-26 22:36:05,baseline-rules,906000,30.70,87.22,1008.12,31.02,71.60,1008.13,0,0,RULES,1,1,1,
2026-09-26 22:36:06,baseline-rules,907000,30.72,87.74,1008.21,31.03,71.81,1008.17,0,0,RULES,1,1,1,
2026-09-26 22:36:07,baseline-rules,908000,30.71,88.00,1008.11,31.04,71.67,1008.10,0,0,RULES,1,1,1,
2026-09-26 22:36:08,baseline-rules,909000,30.71,87.24,1008.16,31.02,71.69,1008.10,0,0,RULES,1,1,1,
2026-09-26 22:36:09,baseline-rules,910000,30.71,87.23,1008.17,31.02,71.74,1008.10,0,0,RULES,1,1,1,
2026-09-26 22:36:10,baseline-rules,911000,30.70,87.35,1008.09,31.02,71.64,1008.10,0,0,RULES,1,1,1,
2026-09-26 22:36:11,baseline-rules,912000,30.70,87.98,1008.17,31.02,71.64,1008.15,0,0,RULES,1,1,1,
2026-09-26 22:36:12,baseline-rules,913000,30.70,87.22,1008.15,31.02,71.55,1008.13,0,0,RULES,1,1,1,
2026-09-26 22:36:13,baseline-rules,914000,30.70,87.97,1008.15,31.01,71.47,1008.12,0,0,RULES,1,1,1,
2026-09-26 22:36:14,baseline-rules,915000,30.71,87.25,1008.13,31.03,71.60,1008.20,0,0,RULES,1,1,1,
2026-09-26 22:36:15,baseline-rules,916000,30.70,87.71,1008.17,31.01,71.67,1008.08,0,0,RULES,1,1,1,
2026-09-26 22:36:16,baseline-rules,917000,30.70,87.83,1008.18,31.01,71.53,1008.11,0,0,RULES,1,1,1,
2026-09-26 22:36:17,baseline-rules,918000,30.70,87.45,1008.15,31.00,71.68,1008.10,0,0,RULES,1,1,1,
2026-09-26 22:36:18,baseline-rules,919000,30.70,87.18,1008.15,31.01,71.76,1008.14,0,0,RULES,1,1,1,
2026-09-26 22:36:19,baseline-rules,920000,30.71,87.18,1008.16,31.01,71.77,1008.12,0,0,RULES,1,1,1,
2026-09-26 22:36:20,baseline-rules,921000,30.70,87.10,1008.12,31.00,71.67,1008.13,0,0,RULES,1,1,1,
2026-09-26 22:36:21,baseline-rules,922000,30.71,87.45,1008.19,31.01,71.49,1008.16,0,0,RULES,1,1,1,
2026-09-26 22:36:22,baseline-rules,923000,30.70,87.76,1008.15,31.00,71.59,1008.16,0,0,RULES,1,1,1,
2026-09-26 22:36:23,baseline-rules,924000,30.69,87.61,1008.11,31.02,71.84,1008.12,0,0,RULES,1,1,1,
2026-09-26 22:36:24,baseline-rules,925000,30.70,87.67,1008.15,31.01,71.41,1008.11,0,0,RULES,1,1,1,
2026-09-26 22:36:25,baseline-rules,926000,30.70,87.83,1008.18,31.01,71.54,1008.11,0,0,RULES,1,1,1,
2026-09-26 22:36:26,baseline-rules,927000,30.69,87.25,1008.13,31.01,71.76,1008.11,0,0,RULES,1,1,1,
2026-09-26 22:36:27,baseline-rules,928000,30.70,87.74,1008.09,31.00,71.59,1008.10,0,0,RULES,1,1,1,
2026-09-26 22:36:28,baseline-rules,929000,30.70,87.46,1008.17,31.00,71.67,1008.07,0,0,RULES,1,1,1,
2026-09-26 22:36:29,baseline-rules,930000,30.70,87.14,1008.15,31.01,71.68,1008.12,0,0,RULES,1,1,1,
2026-09-26 22:36:30,baseline-rules,931000,30.69,87.25,1008.05,31.01,71.83,1008.09,0,0,RULES,1,1,1,
2026-09-26 22:36:31,baseline-rules,932000,30.70,87.60,1008.15,31.00,71.81,1008.13,0,0,RULES,1,1,1,
2026-09-26 22:36:32,baseline-rules,933000,30.70,87.31,1008.15,30.99,71.79,1008.09,0,0,RULES,1,1,1,
2026-09-26 22:36:33,baseline-rules,934000,30.70,87.52,1008.12,31.01,71.73,1008.09,0,0,RULES,1,1,1,
2026-09-26 22:36:34,baseline-rules,935000,30.70,87.54,1008.15,30.99,71.53,1008.12,0,0,RULES,1,1,1,
2026-09-26 22:36:35,baseline-rules,936000,30.70,87.46,1008.15,30.99,71.41,1008.03,0,0,RULES,1,1,1,
2026-09-26 22:36:36,baseline-rules,937000,30.69,87.92,1008.14,30.99,71.57,1008.06,0,0,RULES,1,1,1,
2026-09-26 22:36:37,baseline-rules,938000,30.70,87.98,1008.15,31.00,71.62,1008.16,0,0,RULES,1,1,1,
2026-09-26 22:36:38,baseline-rules,939000,30.69,87.22,1008.08,30.99,71.68,1008.06,0,0,RULES,1,1,1,
2026-09-26 22:36:39,baseline-rules,940000,30.70,87.78,1008.17,30.99,71.45,1008.03,0,0,RULES,1,1,1,
2026-09-26 22:36:40,baseline-rules,941000,30.70,87.86,1008.12,30.99,71.49,1008.09,0,0,RULES,1,1,1,
2026-09-26 22:36:41,baseline-rules,942000,30.70,88.12,1008.12,30.99,71.55,1008.06,0,0,RULES,1,1,1,
2026-09-26 22:36:42,baseline-rules,943000,30.69,87.88,1008.19,30.99,71.61,1008.08,0,0,RULES,1,1,1,
2026-09-26 22:36:43,baseline-rules,944000,30.70,87.96,1008.13,30.99,71.49,1008.11,0,0,RULES,1,1,1,
2026-09-26 22:36:44,baseline-rules,945000,30.70,88.02,1008.17,30.99,71.68,1008.06,0,0,RULES,1,1,1,
2026-09-26 22:36:45,baseline-rules,946000,30.69,88.10,1008.10,30.98,71.62,1008.13,0,0,RULES,1,1,1,
2026-09-26 22:36:46,baseline-rules,947000,30.69,87.47,1008.11,30.98,71.67,1008.08,0,0,RULES,1,1,1,
2026-09-26 22:36:47,baseline-rules,948000,30.70,87.62,1008.12,30.99,71.55,1008.08,0,0,RULES,1,1,1,
2026-09-26 22:36:48,baseline-rules,949000,30.70,87.97,1008.23,30.99,71.66,1008.09,0,0,RULES,1,1,1,
2026-09-26 22:36:49,baseline-rules,950000,30.70,87.51,1008.12,30.99,71.67,1008.08,0,0,RULES,1,1,1,
2026-09-26 22:36:50,baseline-rules,951000,30.69,87.34,1008.07,30.99,71.95,1008.09,0,0,RULES,1,1,1,
2026-09-26 22:36:51,baseline-rules,952000,30.69,87.59,1008.07,30.99,71.92,1008.08,0,0,RULES,1,1,1,
2026-09-26 22:36:52,baseline-rules,953000,30.69,87.73,1008.08,30.99,72.01,1008.09,0,0,RULES,1,1,1,
2026-09-26 22:36:53,baseline-rules,954000,30.69,87.35,1008.14,31.01,71.75,1008.11,0,0,RULES,1,1,1,
2026-09-26 22:36:54,baseline-rules,955000,30.70,87.52,1008.15,30.99,71.88,1008.11,0,0,RULES,1,1,1,
2026-09-26 22:36:55,baseline-rules,956000,30.70,87.37,1008.12,31.00,71.88,1008.10,0,0,RULES,1,1,1,
2026-09-26 22:36:56,baseline-rules,957000,30.69,87.21,1008.08,30.99,71.60,1008.12,0,0,RULES,1,1,1,
2026-09-26 22:36:57,baseline-rules,958000,30.69,87.59,1008.14,31.00,71.69,1008.13,0,0,RULES,1,1,1,
2026-09-26 22:36:58,baseline-rules,959000,30.69,87.38,1008.17,31.01,71.91,1008.16,0,0,RULES,1,1,1,
2026-09-26 22:36:59,baseline-rules,960000,30.69,87.27,1008.16,31.00,71.46,1008.10,0,0,RULES,1,1,1,
2026-09-26 22:37:00,baseline-rules,961000,30.68,87.53,1008.14,31.00,71.80,1008.13,0,0,RULES,1,1,1,
2026-09-26 22:37:01,baseline-rules,962000,30.69,87.25,1008.16,30.99,71.96,1008.12,0,0,RULES,1,1,1,
2026-09-26 22:37:02,baseline-rules,963000,30.70,87.20,1008.17,30.99,71.72,1008.15,0,0,RULES,1,1,1,
2026-09-26 22:37:03,baseline-rules,964000,30.69,87.76,1008.19,31.00,71.63,1008.07,0,0,RULES,1,1,1,
2026-09-26 22:37:04,end,,,,,,,,,,,,,,"S,mode=RULES,lo=75.0,hi=90.0,max=300,cool=180,man=600,use=A,period=1,in=ok,out=ok,tank=ok,mistA=0,mistB=0"
2026-09-26 22:37:04,end,965000,30.70,88.15,1008.17,30.99,71.92,1008.06,0,0,RULES,1,1,1,
2026-09-26 22:37:05,end,966000,30.70,88.00,1008.15,30.99,71.77,1008.03,0,0,RULES,1,1,1,
2026-09-26 22:37:06,end,967000,30.68,88.10,1008.18,30.99,71.79,1008.03,0,0,RULES,1,1,1,
