pc_time,phase,ms,t_in,rh_in,p_in,t_out,rh_out,p_out,mistA,mistB,mode,in_ok,out_ok,tank_ok,event
2026-09-27 22:03:43,idle,,,,,,,,,,,,,,"S,mode=OFF,lo=75.0,hi=90.0,max=300,cool=180,man=400,use=A,period=1,in=ok,out=ok,tank=ok,mistA=0,mistB=0"
2026-09-27 22:03:43,idle,,,,,,,,,,,,,,mode MANUAL
2026-09-27 22:03:44,idle,7735000,30.64,76.85,1005.68,31.57,69.70,1005.39,0,0,MANUAL,1,1,1,
2026-09-27 22:03:45,idle,7736000,30.63,78.06,1005.64,31.57,69.82,1005.39,0,0,MANUAL,1,1,1,
2026-09-27 22:03:45,brain,,,,,,,,,,,,,,MARK  brain block start
2026-09-27 22:03:46,brain,7737000,30.62,77.48,1005.66,31.57,69.31,1005.36,0,0,MANUAL,1,1,1,
2026-09-27 22:03:47,brain,7738000,30.63,76.23,1005.58,31.57,69.84,1005.34,0,0,MANUAL,1,1,1,
2026-09-27 22:03:48,brain,7739000,30.63,76.50,1005.66,31.57,69.75,1005.36,0,0,MANUAL,1,1,1,
2026-09-27 22:03:49,brain,7740000,30.64,77.00,1005.68,31.57,69.37,1005.33,0,0,MANUAL,1,1,1,
2026-09-27 22:03:50,brain,7741000,30.65,78.15,1005.62,31.57,69.28,1005.38,0,0,MANUAL,1,1,1,
2026-09-27 22:03:51,brain,7742000,30.65,78.46,1005.67,31.58,69.32,1005.45,0,0,MANUAL,1,1,1,
2026-09-27 22:03:52,brain,7743000,30.65,78.05,1005.72,31.57,69.39,1005.39,0,0,MANUAL,1,1,1,
2026-09-27 22:03:53,brain,7744000,30.64,77.49,1005.63,31.57,69.38,1005.39,0,0,MANUAL,1,1,1,
2026-09-27 22:03:54,brain,7745000,30.64,77.30,1005.66,31.57,69.83,1005.36,0,0,MANUAL,1,1,1,
2026-09-27 22:03:55,brain,7746000,30.66,77.53,1005.66,31.57,69.40,1005.36,0,0,MANUAL,1,1,1,
2026-09-27 22:03:56,brain,7747000,30.66,76.97,1005.63,31.57,69.36,1005.34,0,0,MANUAL,1,1,1,
2026-09-27 22:03:56,brain,,,,,,,,,,,,,,mist A=1 B=0 (manual)
2026-09-27 22:03:57,brain,7748000,30.66,76.73,1005.63,31.56,69.38,1005.43,1,0,MANUAL,1,1,1,
2026-09-27 22:03:58,brain,7749000,30.66,76.77,1005.58,31.57,69.41,1005.36,1,0,MANUAL,1,1,1,
2026-09-27 22:03:59,brain,7750000,30.67,76.80,1005.62,31.57,69.32,1005.44,1,0,MANUAL,1,1,1,
2026-09-27 22:04:00,brain,7751000,30.67,76.89,1005.62,31.57,69.32,1005.39,1,0,MANUAL,1,1,1,
2026-09-27 22:04:01,brain,7752000,30.67,76.72,1005.59,31.57,69.27,1005.36,1,0,MANUAL,1,1,1,
2026-09-27 22:04:02,brain,7753000,30.68,76.59,1005.66,31.57,69.39,1005.39,1,0,MANUAL,1,1,1,
2026-09-27 22:04:03,brain,7754000,30.66,76.06,1005.55,31.58,69.58,1005.40,1,0,MANUAL,1,1,1,
2026-09-27 22:04:04,brain,7755000,30.67,75.83,1005.70,31.57,69.31,1005.39,1,0,MANUAL,1,1,1,
2026-09-27 22:04:05,brain,7756000,30.68,77.08,1005.64,31.58,69.27,1005.34,1,0,MANUAL,1,1,1,
2026-09-27 22:04:06,brain,7757000,30.67,76.03,1005.62,31.58,69.70,1005.34,1,0,MANUAL,1,1,1,
2026-09-27 22:04:07,brain,7758000,30.68,76.80,1005.67,31.57,69.35,1005.36,1,0,MANUAL,1,1,1,
2026-09-27 22:04:08,brain,7759000,30.68,77.05,1005.69,31.58,69.41,1005.40,1,0,MANUAL,1,1,1,
2026-09-27 22:04:09,brain,7760000,30.68,77.88,1005.60,31.58,69.25,1005.40,1,0,MANUAL,1,1,1,
2026-09-27 22:04:10,brain,7761000,30.67,76.95,1005.70,31.58,69.40,1005.40,1,0,MANUAL,1,1,1,
2026-09-27 22:04:11,brain,7762000,30.67,76.98,1005.64,31.57,69.39,1005.34,1,0,MANUAL,1,1,1,
2026-09-27 22:04:12,brain,7763000,30.66,76.45,1005.60,31.57,69.35,1005.45,1,0,MANUAL,1,1,1,
2026-09-27 22:04:13,brain,7764000,30.66,76.85,1005.60,31.57,69.39,1005.34,1,0,MANUAL,1,1,1,
2026-09-27 22:04:14,brain,7765000,30.66,77.17,1005.64,31.58,69.32,1005.38,1,0,MANUAL,1,1,1,
2026-09-27 22:04:15,brain,7766000,30.66,77.68,1005.63,31.59,69.33,1005.42,1,0,MANUAL,1,1,1,
2026-09-27 22:04:16,brain,7767000,30.65,77.93,1005.62,31.59,69.32,1005.42,1,0,MANUAL,1,1,1,
2026-09-27 22:04:17,brain,7768000,30.67,77.76,1005.67,31.59,69.29,1005.40,1,0,MANUAL,1,1,1,
2026-09-27 22:04:18,brain,7769000,30.66,77.35,1005.57,31.58,69.43,1005.41,1,0,MANUAL,1,1,1,
2026-09-27 22:04:19,brain,7770000,30.67,78.33,1005.68,31.58,69.40,1005.32,1,0,MANUAL,1,1,1,
2026-09-27 22:04:20,brain,7771000,30.65,77.09,1005.64,31.58,69.53,1005.38,1,0,MANUAL,1,1,1,
2026-09-27 22:04:21,brain,7772000,30.65,77.21,1005.67,31.59,69.25,1005.40,1,0,MANUAL,1,1,1,
2026-09-27 22:04:22,brain,7773000,30.65,77.23,1005.64,31.58,69.42,1005.32,1,0,MANUAL,1,1,1,
2026-09-27 22:04:23,brain,7774000,30.64,76.43,1005.62,31.58,69.48,1005.34,1,0,MANUAL,1,1,1,
2026-09-27 22:04:24,brain,7775000,30.64,75.78,1005.60,31.59,69.35,1005.36,1,0,MANUAL,1,1,1,
2026-09-27 22:04:25,brain,7776000,30.64,75.80,1005.60,31.58,69.32,1005.40,1,0,MANUAL,1,1,1,
2026-09-27 22:04:26,brain,7777000,30.64,76.27,1005.65,31.59,69.39,1005.39,1,0,MANUAL,1,1,1,
2026-09-27 22:04:27,brain,7778000,30.65,76.48,1005.64,31.58,69.23,1005.35,1,0,MANUAL,1,1,1,
2026-09-27 22:04:28,brain,7779000,30.63,75.96,1005.62,31.59,69.56,1005.40,1,0,MANUAL,1,1,1,
2026-09-27 22:04:29,brain,7780000,30.64,75.35,1005.58,31.58,69.40,1005.35,1,0,MANUAL,1,1,1,
2026-09-27 22:04:30,brain,7781000,30.64,75.76,1005.71,31.58,69.43,1005.35,1,0,MANUAL,1,1,1,
2026-09-27 22:04:31,brain,7782000,30.64,75.87,1005.65,31.58,69.39,1005.38,1,0,MANUAL,1,1,1,
2026-09-27 22:04:32,brain,7783000,30.65,76.65,1005.64,31.58,69.38,1005.41,1,0,MANUAL,1,1,1,
2026-09-27 22:04:33,brain,7784000,30.63,76.13,1005.64,31.58,69.40,1005.41,1,0,MANUAL,1,1,1,
2026-09-27 22:04:34,brain,7785000,30.63,75.39,1005.64,31.57,69.46,1005.38,1,0,MANUAL,1,1,1,
2026-09-27 22:04:35,brain,7786000,30.62,75.39,1005.63,31.58,69.38,1005.35,1,0,MANUAL,1,1,1,
2026-09-27 22:04:36,brain,7787000,30.63,75.66,1005.64,31.58,69.40,1005.37,1,0,MANUAL,1,1,1,
2026-09-27 22:04:37,brain,7788000,30.62,75.68,1005.56,31.59,69.47,1005.37,1,0,MANUAL,1,1,1,
2026-09-27 22:04:38,brain,7789000,30.61,75.79,1005.60,31.58,69.23,1005.43,1,0,MANUAL,1,1,1,
2026-09-27 22:04:39,brain,7790000,30.61,76.31,1005.69,31.58,69.41,1005.32,1,0,MANUAL,1,1,1,
2026-09-27 22:04:40,brain,7791000,30.61,75.33,1005.61,31.57,69.34,1005.36,1,0,MANUAL,1,1,1,
2026-09-27 22:04:41,brain,7792000,30.61,75.52,1005.64,31.57,69.52,1005.34,1,0,MANUAL,1,1,1,
2026-09-27 22:04:42,brain,7793000,30.61,75.69,1005.58,31.57,69.80,1005.34,1,0,MANUAL,1,1,1,
2026-09-27 22:04:43,brain,7794000,30.62,75.61,1005.60,31.57,69.45,1005.39,1,0,MANUAL,1,1,1,
2026-09-27 22:04:44,brain,7795000,30.61,76.02,1005.67,31.58,69.58,1005.34,1,0,MANUAL,1,1,1,
2026-09-27 22:04:45,brain,7796000,30.61,77.29,1005.64,31.57,69.45,1005.36,1,0,MANUAL,1,1,1,
2026-09-27 22:04:46,brain,7797000,30.62,77.01,1005.62,31.58,69.35,1005.34,1,0,MANUAL,1,1,1,
2026-09-27 22:04:47,brain,7798000,30.62,77.33,1005.62,31.58,69.42,1005.38,1,0,MANUAL,1,1,1,
2026-09-27 22:04:48,brain,7799000,30.62,77.48,1005.62,31.58,69.79,1005.37,1,0,MANUAL,1,1,1,
2026-09-27 22:04:49,brain,7800000,30.61,76.75,1005.67,31.57,69.23,1005.31,1,0,MANUAL,1,1,1,
2026-09-27 22:04:50,brain,7801000,30.62,76.47,1005.62,31.57,69.44,1005.39,1,0,MANUAL,1,1,1,
2026-09-27 22:04:51,brain,7802000,30.62,75.50,1005.63,31.58,69.38,1005.27,1,0,MANUAL,1,1,1,
2026-09-27 22:04:52,brain,7803000,30.62,75.77,1005.60,31.58,69.42,1005.34,1,0,MANUAL,1,1,1,
2026-09-27 22:04:53,brain,7804000,30.62,76.66,1005.63,31.58,69.80,1005.29,1,0,MANUAL,1,1,1,
2026-09-27 22:04:54,brain,7805000,30.62,76.74,1005.60,31.58,69.34,1005.34,1,0,MANUAL,1,1,1,
2026-09-27 22:04:55,brain,7806000,30.62,76.16,1005.63,31.58,69.60,1005.35,1,0,MANUAL,1,1,1,
2026-09-27 22:04:56,brain,7807000,30.62,75.49,1005.65,31.58,69.66,1005.32,1,0,MANUAL,1,1,1,
2026-09-27 22:04:57,brain,7808000,30.62,75.36,1005.60,31.58,69.31,1005.34,1,0,MANUAL,1,1,1,
2026-09-27 22:04:58,brain,7809000,30.62,76.02,1005.62,31.59,69.32,1005.30,1,0,MANUAL,1,1,1,
2026-09-27 22:04:59,brain,7810000,30.61,75.95,1005.64,31.59,69.29,1005.36,1,0,MANUAL,1,1,1,
2026-09-27 22:05:00,brain,7811000,30.61,76.66,1005.58,31.59,69.26,1005.40,1,0,MANUAL,1,1,1,
2026-09-27 22:05:01,brain,7812000,30.60,77.56,1005.59,31.58,69.36,1005.34,1,0,MANUAL,1,1,1,
2026-09-27 22:05:02,brain,7813000,30.58,78.69,1005.60,31.58,69.35,1005.34,1,0,MANUAL,1,1,1,
2026-09-27 22:05:03,brain,7814000,30.60,80.15,1005.59,31.58,69.40,1005.34,1,0,MANUAL,1,1,1,
2026-09-27 22:05:04,brain,7815000,30.57,79.73,1005.64,31.59,69.26,1005.36,1,0,MANUAL,1,1,1,
2026-09-27 22:05:05,brain,7816000,30.55,78.22,1005.64,31.58,69.39,1005.35,1,0,MANUAL,1,1,1,
2026-09-27 22:05:06,brain,7817000,30.56,77.43,1005.67,31.58,69.30,1005.38,1,0,MANUAL,1,1,1,
2026-09-27 22:05:07,brain,7818000,30.55,78.14,1005.61,31.58,69.48,1005.37,1,0,MANUAL,1,1,1,
2026-09-27 22:05:08,brain,7819000,30.54,76.89,1005.65,31.58,69.39,1005.38,1,0,MANUAL,1,1,1,
2026-09-27 22:05:09,brain,7820000,30.55,76.52,1005.61,31.58,69.43,1005.32,1,0,MANUAL,1,1,1,
2026-09-27 22:05:10,brain,7821000,30.56,76.46,1005.64,31.58,69.36,1005.37,1,0,MANUAL,1,1,1,
2026-09-27 22:05:11,brain,7822000,30.56,77.08,1005.64,31.58,69.57,1005.35,1,0,MANUAL,1,1,1,
2026-09-27 22:05:12,brain,7823000,30.56,77.28,1005.64,31.58,69.35,1005.30,1,0,MANUAL,1,1,1,
2026-09-27 22:05:12,brain,,,,,,,,,,,,,,mist A=0 B=0 (manual)
2026-09-27 22:05:13,brain,7824000,30.55,77.58,1005.63,31.58,69.33,1005.35,0,0,MANUAL,1,1,1,
2026-09-27 22:05:14,brain,7825000,30.54,77.17,1005.62,31.58,69.36,1005.32,0,0,MANUAL,1,1,1,
2026-09-27 22:05:15,brain,7826000,30.55,77.10,1005.66,31.59,69.40,1005.36,0,0,MANUAL,1,1,1,
2026-09-27 22:05:16,brain,7827000,30.55,77.40,1005.64,31.58,69.25,1005.41,0,0,MANUAL,1,1,1,
2026-09-27 22:05:17,brain,7828000,30.55,77.72,1005.66,31.58,69.44,1005.30,0,0,MANUAL,1,1,1,
2026-09-27 22:05:18,brain,7829000,30.56,77.82,1005.65,31.58,69.33,1005.35,0,0,MANUAL,1,1,1,
2026-09-27 22:05:19,brain,7830000,30.55,76.81,1005.64,31.58,69.42,1005.30,0,0,MANUAL,1,1,1,
2026-09-27 22:05:20,brain,7831000,30.55,77.20,1005.63,31.58,69.46,1005.26,0,0,MANUAL,1,1,1,
2026-09-27 22:05:21,brain,7832000,30.56,77.68,1005.59,31.57,69.48,1005.34,0,0,MANUAL,1,1,1,
2026-09-27 22:05:22,brain,7833000,30.56,77.20,1005.64,31.58,69.41,1005.35,0,0,MANUAL,1,1,1,
2026-09-27 22:05:23,brain,7834000,30.55,76.38,1005.61,31.58,69.32,1005.32,0,0,MANUAL,1,1,1,
2026-09-27 22:05:24,brain,7835000,30.56,76.13,1005.64,31.58,69.30,1005.38,0,0,MANUAL,1,1,1,
2026-09-27 22:05:25,brain,7836000,30.56,76.86,1005.62,31.58,69.26,1005.38,0,0,MANUAL,1,1,1,
2026-09-27 22:05:26,brain,7837000,30.55,76.50,1005.58,31.58,69.38,1005.35,0,0,MANUAL,1,1,1,
2026-09-27 22:05:27,brain,7838000,30.57,76.21,1005.55,31.59,69.55,1005.34,0,0,MANUAL,1,1,1,
2026-09-27 22:05:28,brain,7839000,30.56,76.68,1005.65,31.58,69.49,1005.41,0,0,MANUAL,1,1,1,
2026-09-27 22:05:29,brain,7840000,30.57,76.79,1005.61,31.58,69.44,1005.37,0,0,MANUAL,1,1,1,
2026-09-27 22:05:30,brain,7841000,30.57,76.96,1005.64,31.58,69.35,1005.35,0,0,MANUAL,1,1,1,
2026-09-27 22:05:31,brain,7842000,30.57,75.89,1005.58,31.59,69.46,1005.39,0,0,MANUAL,1,1,1,
2026-09-27 22:05:32,brain,7843000,30.58,76.80,1005.54,31.59,69.40,1005.40,0,0,MANUAL,1,1,1,
2026-09-27 22:05:33,brain,7844000,30.58,76.74,1005.63,31.58,69.48,1005.38,0,0,MANUAL,1,1,1,
2026-09-27 22:05:34,brain,7845000,30.59,77.07,1005.64,31.59,69.33,1005.34,0,0,MANUAL,1,1,1,
2026-09-27 22:05:35,brain,7846000,30.60,77.98,1005.62,31.59,69.31,1005.33,0,0,MANUAL,1,1,1,
2026-09-27 22:05:36,brain,7847000,30.59,77.32,1005.61,31.59,69.26,1005.40,0,0,MANUAL,1,1,1,
2026-09-27 22:05:37,brain,7848000,30.62,76.38,1005.65,31.58,69.29,1005.35,0,0,MANUAL,1,1,1,
2026-09-27 22:05:38,brain,7849000,30.62,78.00,1005.68,31.58,69.42,1005.35,0,0,MANUAL,1,1,1,
2026-09-27 22:05:39,brain,7850000,30.62,79.42,1005.66,31.58,69.28,1005.34,0,0,MANUAL,1,1,1,
2026-09-27 22:05:40,brain,7851000,30.62,78.75,1005.65,31.59,69.57,1005.33,0,0,MANUAL,1,1,1,
2026-09-27 22:05:41,brain,7852000,30.61,77.29,1005.58,31.58,69.33,1005.38,0,0,MANUAL,1,1,1,
2026-09-27 22:05:42,brain,7853000,30.62,76.91,1005.57,31.59,69.30,1005.36,0,0,MANUAL,1,1,1,
2026-09-27 22:05:43,brain,7854000,30.63,77.26,1005.64,31.58,69.41,1005.38,0,0,MANUAL,1,1,1,
2026-09-27 22:05:44,brain,7855000,30.64,77.54,1005.69,31.59,69.35,1005.36,0,0,MANUAL,1,1,1,
2026-09-27 22:05:45,brain,7856000,30.64,76.97,1005.66,31.58,69.39,1005.38,0,0,MANUAL,1,1,1,
2026-09-27 22:05:46,brain,7857000,30.64,76.36,1005.58,31.57,69.34,1005.28,0,0,MANUAL,1,1,1,
2026-09-27 22:05:47,brain,7858000,30.65,77.98,1005.65,31.58,69.58,1005.35,0,0,MANUAL,1,1,1,
2026-09-27 22:05:48,brain,7859000,30.66,78.56,1005.63,31.59,69.44,1005.36,0,0,MANUAL,1,1,1,
2026-09-27 22:05:49,brain,7860000,30.66,78.38,1005.57,31.58,69.31,1005.35,0,0,MANUAL,1,1,1,
2026-09-27 22:05:50,brain,7861000,30.65,77.65,1005.65,31.58,69.49,1005.35,0,0,MANUAL,1,1,1,
2026-09-27 22:05:51,brain,7862000,30.65,76.75,1005.59,31.58,69.34,1005.41,0,0,MANUAL,1,1,1,
2026-09-27 22:05:52,brain,7863000,30.66,76.62,1005.57,31.59,69.31,1005.36,0,0,MANUAL,1,1,1,
2026-09-27 22:05:53,brain,7864000,30.67,77.34,1005.59,31.58,69.39,1005.35,0,0,MANUAL,1,1,1,
2026-09-27 22:05:54,brain,7865000,30.68,78.01,1005.60,31.59,69.54,1005.30,0,0,MANUAL,1,1,1,
2026-09-27 22:05:55,brain,7866000,30.68,77.32,1005.58,31.58,69.38,1005.38,0,0,MANUAL,1,1,1,
2026-09-27 22:05:56,brain,7867000,30.68,77.50,1005.60,31.58,69.33,1005.38,0,0,MANUAL,1,1,1,
2026-09-27 22:05:57,brain,7868000,30.67,77.17,1005.62,31.59,69.34,1005.37,0,0,MANUAL,1,1,1,
2026-09-27 22:05:58,brain,7869000,30.68,76.37,1005.58,31.58,69.42,1005.37,0,0,MANUAL,1,1,1,
2026-09-27 22:05:59,brain,7870000,30.69,76.93,1005.62,31.58,69.60,1005.34,0,0,MANUAL,1,1,1,
2026-09-27 22:06:00,brain,7871000,30.69,76.60,1005.57,31.58,69.46,1005.40,0,0,MANUAL,1,1,1,
2026-09-27 22:06:01,brain,7872000,30.70,76.51,1005.61,31.58,69.31,1005.40,0,0,MANUAL,1,1,1,
2026-09-27 22:06:02,brain,7873000,30.70,76.85,1005.64,31.57,69.41,1005.36,0,0,MANUAL,1,1,1,
2026-09-27 22:06:03,brain,7874000,30.70,77.73,1005.50,31.58,69.31,1005.41,0,0,MANUAL,1,1,1,
2026-09-27 22:06:04,brain,7875000,30.71,78.33,1005.60,31.58,69.33,1005.38,0,0,MANUAL,1,1,1,
2026-09-27 22:06:05,brain,7876000,30.70,76.75,1005.59,31.58,69.43,1005.37,0,0,MANUAL,1,1,1,
2026-09-27 22:06:06,brain,7877000,30.72,76.22,1005.56,31.58,69.34,1005.35,0,0,MANUAL,1,1,1,
2026-09-27 22:06:07,brain,7878000,30.71,76.02,1005.57,31.58,69.30,1005.35,0,0,MANUAL,1,1,1,
2026-09-27 22:06:08,brain,7879000,30.72,76.34,1005.58,31.58,69.48,1005.35,0,0,MANUAL,1,1,1,
2026-09-27 22:06:09,brain,7880000,30.74,77.61,1005.64,31.58,69.33,1005.32,0,0,MANUAL,1,1,1,
2026-09-27 22:06:10,brain,7881000,30.74,78.64,1005.64,31.58,69.40,1005.41,0,0,MANUAL,1,1,1,
2026-09-27 22:06:11,brain,7882000,30.74,78.44,1005.62,31.58,69.40,1005.38,0,0,MANUAL,1,1,1,
2026-09-27 22:06:12,brain,7883000,30.73,77.28,1005.63,31.58,69.36,1005.34,0,0,MANUAL,1,1,1,
2026-09-27 22:06:13,brain,7884000,30.74,77.17,1005.59,31.58,69.30,1005.37,0,0,MANUAL,1,1,1,
2026-09-27 22:06:14,brain,7885000,30.73,76.29,1005.64,31.58,69.33,1005.41,0,0,MANUAL,1,1,1,
2026-09-27 22:06:15,brain,7886000,30.74,76.12,1005.64,31.58,69.59,1005.37,0,0,MANUAL,1,1,1,
2026-09-27 22:06:16,brain,7887000,30.74,76.81,1005.68,31.58,69.33,1005.34,0,0,MANUAL,1,1,1,
2026-09-27 22:06:17,brain,7888000,30.76,77.49,1005.59,31.58,69.46,1005.40,0,0,MANUAL,1,1,1,
2026-09-27 22:06:18,brain,7889000,30.76,77.98,1005.66,31.58,69.60,1005.32,0,0,MANUAL,1,1,1,
2026-09-27 22:06:19,brain,7890000,30.75,77.80,1005.58,31.58,69.26,1005.38,0,0,MANUAL,1,1,1,
2026-09-27 22:06:20,brain,7891000,30.75,77.06,1005.49,31.57,69.40,1005.31,0,0,MANUAL,1,1,1,
2026-09-27 22:06:21,brain,7892000,30.76,76.79,1005.62,31.57,69.30,1005.34,0,0,MANUAL,1,1,1,
2026-09-27 22:06:22,brain,7893000,30.77,77.27,1005.62,31.59,69.24,1005.39,0,0,MANUAL,1,1,1,
2026-09-27 22:06:23,brain,7894000,30.76,77.50,1005.66,31.59,69.39,1005.42,0,0,MANUAL,1,1,1,
2026-09-27 22:06:24,brain,7895000,30.76,75.97,1005.54,31.58,69.57,1005.35,0,0,MANUAL,1,1,1,
2026-09-27 22:06:25,brain,7896000,30.78,76.80,1005.54,31.59,69.58,1005.37,0,0,MANUAL,1,1,1,
2026-09-27 22:06:26,brain,7897000,30.77,75.85,1005.69,31.58,69.33,1005.38,0,0,MANUAL,1,1,1,
2026-09-27 22:06:27,brain,7898000,30.77,76.57,1005.59,31.59,69.71,1005.30,0,0,MANUAL,1,1,1,
2026-09-27 22:06:28,brain,7899000,30.77,75.45,1005.59,31.59,69.43,1005.33,0,0,MANUAL,1,1,1,
2026-09-27 22:06:28,brain,,,,,,,,,,,,,,mist A=1 B=0 (manual)
2026-09-27 22:06:29,brain,7900000,30.79,77.25,1005.59,31.58,69.40,1005.35,1,0,MANUAL,1,1,1,
2026-09-27 22:06:30,brain,7901000,30.78,77.82,1005.60,31.59,69.19,1005.37,1,0,MANUAL,1,1,1,
2026-09-27 22:06:31,brain,7902000,30.79,77.99,1005.61,31.59,69.41,1005.42,1,0,MANUAL,1,1,1,
2026-09-27 22:06:32,brain,7903000,30.78,77.55,1005.54,31.59,69.33,1005.36,1,0,MANUAL,1,1,1,
2026-09-27 22:06:33,brain,7904000,30.78,77.87,1005.60,31.59,69.47,1005.36,1,0,MANUAL,1,1,1,
2026-09-27 22:06:34,brain,7905000,30.79,77.63,1005.61,31.57,69.31,1005.34,1,0,MANUAL,1,1,1,
2026-09-27 22:06:35,brain,7906000,30.79,78.02,1005.56,31.58,69.67,1005.32,1,0,MANUAL,1,1,1,
2026-09-27 22:06:36,brain,7907000,30.78,76.90,1005.63,31.58,69.49,1005.40,1,0,MANUAL,1,1,1,
2026-09-27 22:06:37,brain,7908000,30.77,76.42,1005.62,31.58,69.42,1005.35,1,0,MANUAL,1,1,1,
2026-09-27 22:06:38,brain,7909000,30.78,76.56,1005.57,31.58,69.39,1005.38,1,0,MANUAL,1,1,1,
2026-09-27 22:06:39,brain,7910000,30.78,77.36,1005.60,31.59,69.26,1005.39,1,0,MANUAL,1,1,1,
2026-09-27 22:06:40,brain,7911000,30.78,76.93,1005.62,31.58,69.32,1005.35,1,0,MANUAL,1,1,1,
2026-09-27 22:06:41,brain,7912000,30.78,77.13,1005.66,31.58,69.60,1005.41,1,0,MANUAL,1,1,1,
2026-09-27 22:06:42,brain,7913000,30.79,78.60,1005.64,31.57,69.19,1005.31,1,0,MANUAL,1,1,1,
2026-09-27 22:06:43,brain,7914000,30.78,78.36,1005.62,31.58,69.24,1005.40,1,0,MANUAL,1,1,1,
2026-09-27 22:06:44,brain,7915000,30.79,78.12,1005.64,31.57,69.27,1005.36,1,0,MANUAL,1,1,1,
2026-09-27 22:06:45,brain,7916000,30.80,78.50,1005.63,31.57,69.25,1005.36,1,0,MANUAL,1,1,1,
2026-09-27 22:06:46,brain,7917000,30.79,77.22,1005.61,31.59,69.26,1005.36,1,0,MANUAL,1,1,1,
2026-09-27 22:06:47,brain,7918000,30.79,76.29,1005.58,31.58,69.49,1005.32,1,0,MANUAL,1,1,1,
2026-09-27 22:06:48,brain,7919000,30.79,76.20,1005.61,31.57,69.24,1005.39,1,0,MANUAL,1,1,1,
2026-09-27 22:06:49,brain,7920000,30.79,76.17,1005.61,31.58,69.26,1005.34,1,0,MANUAL,1,1,1,
2026-09-27 22:06:50,brain,7921000,30.78,75.65,1005.60,31.58,69.34,1005.37,1,0,MANUAL,1,1,1,
2026-09-27 22:06:51,brain,7922000,30.78,76.41,1005.58,31.58,69.35,1005.35,1,0,MANUAL,1,1,1,
2026-09-27 22:06:52,brain,7923000,30.77,76.30,1005.61,31.58,69.35,1005.34,1,0,MANUAL,1,1,1,
2026-09-27 22:06:53,brain,7924000,30.76,77.64,1005.59,31.58,69.39,1005.35,1,0,MANUAL,1,1,1,
2026-09-27 22:06:54,brain,7925000,30.75,77.52,1005.66,31.57,69.32,1005.34,1,0,MANUAL,1,1,1,
2026-09-27 22:06:55,brain,7926000,30.73,76.37,1005.68,31.58,69.44,1005.37,1,0,MANUAL,1,1,1,
2026-09-27 22:06:56,brain,7927000,30.74,76.29,1005.65,31.58,69.58,1005.32,1,0,MANUAL,1,1,1,
2026-09-27 22:06:57,brain,7928000,30.74,77.07,1005.60,31.58,69.24,1005.29,1,0,MANUAL,1,1,1,
2026-09-27 22:06:58,brain,7929000,30.74,77.16,1005.64,31.57,69.28,1005.34,1,0,MANUAL,1,1,1,
2026-09-27 22:06:59,brain,7930000,30.73,76.97,1005.66,31.57,69.38,1005.36,1,0,MANUAL,1,1,1,
2026-09-27 22:07:00,brain,7931000,30.74,75.81,1005.68,31.57,69.44,1005.36,1,0,MANUAL,1,1,1,
2026-09-27 22:07:01,brain,7932000,30.73,75.46,1005.64,31.57,69.74,1005.36,1,0,MANUAL,1,1,1,
2026-09-27 22:07:02,brain,7933000,30.73,75.75,1005.63,31.58,69.30,1005.40,1,0,MANUAL,1,1,1,
2026-09-27 22:07:03,brain,7934000,30.73,76.06,1005.64,31.58,69.25,1005.40,1,0,MANUAL,1,1,1,
2026-09-27 22:07:04,brain,7935000,30.73,76.46,1005.66,31.57,69.41,1005.36,1,0,MANUAL,1,1,1,
2026-09-27 22:07:05,brain,7936000,30.73,75.88,1005.63,31.57,69.34,1005.34,1,0,MANUAL,1,1,1,
2026-09-27 22:07:06,brain,7937000,30.73,75.60,1005.64,31.57,69.34,1005.34,1,0,MANUAL,1,1,1,
2026-09-27 22:07:07,brain,7938000,30.73,75.75,1005.63,31.58,69.44,1005.37,1,0,MANUAL,1,1,1,
2026-09-27 22:07:08,brain,7939000,30.74,77.69,1005.59,31.58,69.48,1005.37,1,0,MANUAL,1,1,1,
2026-09-27 22:07:09,brain,7940000,30.74,79.57,1005.56,31.58,69.34,1005.34,1,0,MANUAL,1,1,1,
2026-09-27 22:07:10,brain,7941000,30.70,78.61,1005.59,31.58,69.28,1005.40,1,0,MANUAL,1,1,1,
2026-09-27 22:07:11,brain,7942000,30.71,78.93,1005.63,31.58,69.43,1005.34,1,0,MANUAL,1,1,1,
2026-09-27 22:07:12,brain,7943000,30.70,77.88,1005.64,31.57,69.48,1005.36,1,0,MANUAL,1,1,1,
2026-09-27 22:07:13,brain,7944000,30.69,76.90,1005.59,31.58,69.39,1005.32,1,0,MANUAL,1,1,1,
2026-09-27 22:07:14,brain,7945000,30.70,76.77,1005.58,31.58,69.30,1005.32,1,0,MANUAL,1,1,1,
2026-09-27 22:07:15,brain,7946000,30.70,77.39,1005.64,31.57,69.45,1005.28,1,0,MANUAL,1,1,1,
2026-09-27 22:07:16,brain,7947000,30.70,76.36,1005.64,31.57,69.32,1005.34,1,0,MANUAL,1,1,1,
2026-09-27 22:07:17,brain,7948000,30.69,76.36,1005.60,31.58,69.27,1005.41,1,0,MANUAL,1,1,1,
2026-09-27 22:07:18,brain,7949000,30.70,75.75,1005.61,31.59,69.46,1005.39,1,0,MANUAL,1,1,1,
2026-09-27 22:07:19,brain,7950000,30.69,75.66,1005.63,31.59,69.18,1005.33,1,0,MANUAL,1,1,1,
2026-09-27 22:07:20,brain,7951000,30.70,76.43,1005.58,31.59,69.31,1005.42,1,0,MANUAL,1,1,1,
2026-09-27 22:07:21,brain,7952000,30.69,76.36,1005.63,31.59,69.21,1005.36,1,0,MANUAL,1,1,1,
2026-09-27 22:07:22,brain,7953000,30.70,76.04,1005.67,31.59,69.26,1005.37,1,0,MANUAL,1,1,1,
2026-09-27 22:07:23,brain,7954000,30.70,76.91,1005.62,31.59,69.28,1005.37,1,0,MANUAL,1,1,1,
2026-09-27 22:07:24,brain,7955000,30.68,76.25,1005.67,31.58,69.51,1005.34,1,0,MANUAL,1,1,1,
2026-09-27 22:07:25,brain,7956000,30.69,75.52,1005.59,31.58,69.34,1005.32,1,0,MANUAL,1,1,1,
2026-09-27 22:07:26,brain,7957000,30.68,75.79,1005.67,31.59,69.23,1005.36,1,0,MANUAL,1,1,1,
2026-09-27 22:07:27,brain,7958000,30.70,76.04,1005.64,31.59,69.25,1005.42,1,0,MANUAL,1,1,1,
2026-09-27 22:07:28,brain,7959000,30.69,77.61,1005.59,31.59,69.25,1005.33,1,0,MANUAL,1,1,1,
2026-09-27 22:07:29,brain,7960000,30.68,76.98,1005.61,31.59,69.33,1005.40,1,0,MANUAL,1,1,1,
2026-09-27 22:07:30,brain,7961000,30.68,76.78,1005.61,31.59,69.41,1005.31,1,0,MANUAL,1,1,1,
2026-09-27 22:07:31,brain,7962000,30.68,75.99,1005.61,31.59,69.29,1005.33,1,0,MANUAL,1,1,1,
2026-09-27 22:07:32,brain,7963000,30.68,75.57,1005.66,31.59,69.20,1005.36,1,0,MANUAL,1,1,1,
2026-09-27 22:07:33,brain,7964000,30.67,75.31,1005.57,31.58,69.41,1005.34,1,0,MANUAL,1,1,1,
2026-09-27 22:07:34,brain,7965000,30.69,75.26,1005.59,31.59,69.42,1005.36,1,0,MANUAL,1,1,1,
2026-09-27 22:07:35,brain,7966000,30.68,76.34,1005.58,31.58,69.43,1005.38,1,0,MANUAL,1,1,1,
2026-09-27 22:07:36,brain,7967000,30.68,76.60,1005.60,31.58,69.30,1005.38,1,0,MANUAL,1,1,1,
2026-09-27 22:07:37,brain,7968000,30.68,76.30,1005.66,31.58,69.18,1005.35,1,0,MANUAL,1,1,1,
2026-09-27 22:07:38,brain,7969000,30.69,77.42,1005.65,31.58,69.30,1005.37,1,0,MANUAL,1,1,1,
2026-09-27 22:07:39,brain,7970000,30.68,76.95,1005.63,31.58,69.34,1005.34,1,0,MANUAL,1,1,1,
2026-09-27 22:07:40,brain,7971000,30.67,79.08,1005.60,31.58,69.30,1005.34,1,0,MANUAL,1,1,1,
2026-09-27 22:07:41,brain,7972000,30.66,80.17,1005.64,31.58,69.22,1005.35,1,0,MANUAL,1,1,1,
2026-09-27 22:07:42,brain,7973000,30.67,79.89,1005.64,31.58,69.36,1005.29,1,0,MANUAL,1,1,1,
2026-09-27 22:07:43,brain,7974000,30.67,78.78,1005.64,31.58,69.29,1005.38,1,0,MANUAL,1,1,1,
2026-09-27 22:07:44,brain,7975000,30.66,76.96,1005.66,31.58,69.24,1005.34,1,0,MANUAL,1,1,1,
2026-09-27 22:07:45,brain,7976000,30.66,76.87,1005.64,31.58,69.43,1005.35,1,0,MANUAL,1,1,1,
2026-09-27 22:07:46,brain,7977000,30.66,77.64,1005.66,31.57,69.33,1005.36,1,0,MANUAL,1,1,1,
2026-09-27 22:07:47,brain,7978000,30.66,77.54,1005.66,31.58,69.39,1005.40,1,0,MANUAL,1,1,1,
2026-09-27 22:07:48,brain,7979000,30.65,77.11,1005.58,31.58,69.25,1005.40,1,0,MANUAL,1,1,1,
2026-09-27 22:07:49,brain,7980000,30.64,76.85,1005.69,31.58,69.38,1005.38,1,0,MANUAL,1,1,1,
2026-09-27 22:07:50,brain,7981000,30.64,76.10,1005.63,31.57,69.61,1005.36,1,0,MANUAL,1,1,1,
2026-09-27 22:07:51,brain,7982000,30.64,75.47,1005.60,31.58,69.41,1005.32,1,0,MANUAL,1,1,1,
2026-09-27 22:07:52,brain,7983000,30.63,75.19,1005.66,31.56,69.29,1005.38,1,0,MANUAL,1,1,1,
2026-09-27 22:07:53,brain,7984000,30.63,75.27,1005.64,31.57,69.33,1005.36,1,0,MANUAL,1,1,1,
2026-09-27 22:07:54,brain,7985000,30.63,75.40,1005.64,31.57,69.30,1005.34,1,0,MANUAL,1,1,1,
2026-09-27 22:07:55,brain,7986000,30.64,75.68,1005.57,31.58,69.16,1005.38,1,0,MANUAL,1,1,1,
2026-09-27 22:07:56,brain,7987000,30.62,75.82,1005.63,31.57,69.32,1005.39,1,0,MANUAL,1,1,1,
2026-09-27 22:07:57,brain,7988000,30.63,75.88,1005.66,31.57,69.49,1005.28,1,0,MANUAL,1,1,1,
2026-09-27 22:07:58,brain,7989000,30.63,76.10,1005.61,31.58,69.57,1005.34,1,0,MANUAL,1,1,1,
2026-09-27 22:07:59,brain,7990000,30.62,76.17,1005.60,31.58,69.56,1005.32,1,0,MANUAL,1,1,1,
2026-09-27 22:08:00,brain,7991000,30.63,76.08,1005.58,31.57,69.35,1005.42,1,0,MANUAL,1,1,1,
2026-09-27 22:08:01,brain,7992000,30.63,75.61,1005.59,31.58,69.28,1005.40,1,0,MANUAL,1,1,1,
2026-09-27 22:08:02,brain,7993000,30.62,75.54,1005.63,31.57,69.43,1005.39,1,0,MANUAL,1,1,1,
2026-09-27 22:08:03,brain,7994000,30.63,76.68,1005.61,31.58,69.16,1005.35,1,0,MANUAL,1,1,1,
2026-09-27 22:08:04,brain,7995000,30.62,76.03,1005.57,31.58,69.17,1005.32,1,0,MANUAL,1,1,1,
2026-09-27 22:08:05,brain,7996000,30.62,75.75,1005.62,31.58,69.15,1005.41,1,0,MANUAL,1,1,1,
2026-09-27 22:08:06,brain,7997000,30.61,76.36,1005.64,31.58,69.16,1005.37,1,0,MANUAL,1,1,1,
2026-09-27 22:08:07,brain,7998000,30.62,77.63,1005.56,31.58,69.18,1005.35,1,0,MANUAL,1,1,1,
2026-09-27 22:08:08,brain,7999000,30.62,78.77,1005.62,31.59,69.23,1005.39,1,0,MANUAL,1,1,1,
2026-09-27 22:08:09,brain,8000000,30.61,78.83,1005.61,31.59,69.15,1005.36,1,0,MANUAL,1,1,1,
2026-09-27 22:08:10,brain,8001000,30.62,78.57,1005.65,31.58,69.22,1005.35,1,0,MANUAL,1,1,1,
2026-09-27 22:08:11,brain,8002000,30.61,78.29,1005.63,31.58,69.16,1005.38,1,0,MANUAL,1,1,1,
2026-09-27 22:08:12,brain,8003000,30.60,78.32,1005.65,31.59,69.25,1005.39,1,0,MANUAL,1,1,1,
2026-09-27 22:08:13,brain,8004000,30.59,77.01,1005.61,31.59,69.26,1005.36,1,0,MANUAL,1,1,1,
2026-09-27 22:08:14,brain,8005000,30.58,76.21,1005.56,31.59,69.31,1005.36,1,0,MANUAL,1,1,1,
2026-09-27 22:08:15,brain,8006000,30.59,76.46,1005.61,31.59,69.26,1005.36,1,0,MANUAL,1,1,1,
2026-09-27 22:08:16,brain,8007000,30.58,76.15,1005.65,31.59,69.17,1005.37,1,0,MANUAL,1,1,1,
2026-09-27 22:08:17,brain,8008000,30.58,76.23,1005.62,31.59,69.24,1005.42,1,0,MANUAL,1,1,1,
2026-09-27 22:08:18,brain,8009000,30.58,76.26,1005.59,31.59,69.21,1005.34,1,0,MANUAL,1,1,1,
2026-09-27 22:08:19,brain,8010000,30.58,76.56,1005.57,31.59,69.30,1005.37,1,0,MANUAL,1,1,1,
2026-09-27 22:08:20,brain,8011000,30.57,75.88,1005.63,31.59,69.30,1005.37,1,0,MANUAL,1,1,1,
2026-09-27 22:08:21,brain,8012000,30.57,77.01,1005.58,31.58,69.35,1005.35,1,0,MANUAL,1,1,1,
2026-09-27 22:08:22,brain,8013000,30.57,76.99,1005.58,31.59,69.43,1005.36,1,0,MANUAL,1,1,1,
2026-09-27 22:08:23,brain,8014000,30.57,75.80,1005.66,31.59,69.17,1005.37,1,0,MANUAL,1,1,1,
2026-09-27 22:08:24,brain,8015000,30.57,75.32,1005.63,31.58,69.30,1005.41,1,0,MANUAL,1,1,1,
2026-09-27 22:08:25,brain,8016000,30.56,75.44,1005.54,31.59,69.20,1005.42,1,0,MANUAL,1,1,1,
2026-09-27 22:08:26,brain,8017000,30.56,76.04,1005.62,31.59,69.16,1005.33,1,0,MANUAL,1,1,1,
2026-09-27 22:08:27,brain,8018000,30.57,76.65,1005.58,31.59,69.11,1005.37,1,0,MANUAL,1,1,1,
2026-09-27 22:08:28,brain,8019000,30.57,77.34,1005.61,31.59,69.23,1005.40,1,0,MANUAL,1,1,1,
2026-09-27 22:08:29,brain,8020000,30.56,76.16,1005.60,31.58,69.26,1005.32,1,0,MANUAL,1,1,1,
2026-09-27 22:08:30,brain,8021000,30.56,75.19,1005.62,31.59,69.25,1005.42,1,0,MANUAL,1,1,1,
2026-09-27 22:08:31,brain,8022000,30.56,76.45,1005.60,31.59,69.49,1005.36,1,0,MANUAL,1,1,1,
2026-09-27 22:08:32,brain,8023000,30.57,76.27,1005.63,31.59,69.14,1005.36,1,0,MANUAL,1,1,1,
2026-09-27 22:08:33,brain,8024000,30.56,76.33,1005.60,31.58,69.40,1005.41,1,0,MANUAL,1,1,1,
2026-09-27 22:08:34,brain,8025000,30.56,75.60,1005.59,31.58,69.17,1005.38,1,0,MANUAL,1,1,1,
2026-09-27 22:08:35,brain,8026000,30.57,76.06,1005.55,31.58,69.21,1005.38,1,0,MANUAL,1,1,1,
2026-09-27 22:08:36,brain,8027000,30.57,76.51,1005.63,31.59,69.15,1005.36,1,0,MANUAL,1,1,1,
2026-09-27 22:08:37,brain,8028000,30.57,76.73,1005.60,31.58,69.54,1005.41,1,0,MANUAL,1,1,1,
2026-09-27 22:08:38,brain,8029000,30.56,77.33,1005.62,31.58,69.31,1005.37,1,0,MANUAL,1,1,1,
2026-09-27 22:08:39,brain,8030000,30.56,76.42,1005.62,31.58,69.18,1005.41,1,0,MANUAL,1,1,1,
2026-09-27 22:08:40,brain,8031000,30.56,76.86,1005.56,31.57,69.49,1005.36,1,0,MANUAL,1,1,1,
2026-09-27 22:08:41,brain,8032000,30.54,76.74,1005.65,31.58,69.75,1005.37,1,0,MANUAL,1,1,1,
2026-09-27 22:08:42,brain,8033000,30.53,76.34,1005.63,31.58,69.35,1005.35,1,0,MANUAL,1,1,1,
2026-09-27 22:08:43,brain,8034000,30.54,76.98,1005.67,31.58,69.63,1005.34,1,0,MANUAL,1,1,1,
2026-09-27 22:08:44,brain,8035000,30.52,76.50,1005.58,31.58,69.31,1005.35,1,0,MANUAL,1,1,1,
2026-09-27 22:08:45,brain,8036000,30.53,75.96,1005.60,31.58,69.60,1005.34,1,0,MANUAL,1,1,1,
2026-09-27 22:08:46,brain,8037000,30.53,75.83,1005.58,31.58,69.14,1005.32,1,0,MANUAL,1,1,1,
2026-09-27 22:08:47,brain,8038000,30.54,75.75,1005.64,31.59,69.29,1005.44,1,0,MANUAL,1,1,1,
2026-09-27 22:08:48,brain,8039000,30.54,75.86,1005.58,31.58,69.33,1005.41,1,0,MANUAL,1,1,1,
2026-09-27 22:08:49,brain,8040000,30.52,75.88,1005.64,31.59,69.27,1005.42,1,0,MANUAL,1,1,1,
2026-09-27 22:08:50,brain,8041000,30.53,76.34,1005.62,31.59,69.28,1005.34,1,0,MANUAL,1,1,1,
2026-09-27 22:08:51,brain,8042000,30.54,77.31,1005.61,31.59,69.30,1005.37,1,0,MANUAL,1,1,1,
2026-09-27 22:08:52,brain,8043000,30.54,77.21,1005.65,31.59,69.33,1005.31,1,0,MANUAL,1,1,1,
2026-09-27 22:08:53,brain,8044000,30.53,75.80,1005.55,31.58,69.26,1005.35,1,0,MANUAL,1,1,1,
2026-09-27 22:08:54,brain,8045000,30.53,75.86,1005.63,31.60,69.16,1005.40,1,0,MANUAL,1,1,1,
2026-09-27 22:08:55,brain,8046000,30.53,76.78,1005.63,31.60,69.30,1005.38,1,0,MANUAL,1,1,1,
2026-09-27 22:08:56,brain,8047000,30.53,77.40,1005.60,31.59,69.20,1005.42,1,0,MANUAL,1,1,1,
2026-09-27 22:08:57,brain,8048000,30.53,77.09,1005.62,31.59,69.38,1005.40,1,0,MANUAL,1,1,1,
2026-09-27 22:08:58,brain,8049000,30.54,78.21,1005.64,31.60,69.28,1005.35,1,0,MANUAL,1,1,1,
2026-09-27 22:08:59,brain,8050000,30.51,77.84,1005.54,31.60,69.42,1005.38,1,0,MANUAL,1,1,1,
2026-09-27 22:09:00,brain,8051000,30.51,76.71,1005.63,31.59,69.28,1005.40,1,0,MANUAL,1,1,1,
2026-09-27 22:09:01,brain,8052000,30.51,77.24,1005.62,31.59,69.46,1005.45,1,0,MANUAL,1,1,1,
2026-09-27 22:09:02,brain,8053000,30.51,77.23,1005.62,31.59,69.26,1005.31,1,0,MANUAL,1,1,1,
2026-09-27 22:09:03,brain,8054000,30.52,78.29,1005.58,31.59,69.30,1005.36,1,0,MANUAL,1,1,1,
2026-09-27 22:09:04,brain,8055000,30.51,77.04,1005.60,31.58,69.51,1005.38,1,0,MANUAL,1,1,1,
2026-09-27 22:09:05,brain,8056000,30.52,76.71,1005.64,31.58,69.32,1005.38,1,0,MANUAL,1,1,1,
2026-09-27 22:09:06,brain,8057000,30.52,76.84,1005.61,31.58,69.21,1005.32,1,0,MANUAL,1,1,1,
2026-09-27 22:09:07,brain,8058000,30.52,77.58,1005.64,31.58,69.15,1005.40,1,0,MANUAL,1,1,1,
2026-09-27 22:09:08,brain,8059000,30.53,78.20,1005.66,31.58,69.39,1005.34,1,0,MANUAL,1,1,1,
2026-09-27 22:09:09,brain,8060000,30.53,78.44,1005.65,31.57,69.23,1005.39,1,0,MANUAL,1,1,1,
2026-09-27 22:09:10,brain,8061000,30.51,77.43,1005.60,31.58,69.22,1005.37,1,0,MANUAL,1,1,1,
2026-09-27 22:09:11,brain,8062000,30.53,76.31,1005.69,31.57,69.25,1005.42,1,0,MANUAL,1,1,1,
2026-09-27 22:09:12,brain,8063000,30.53,75.86,1005.62,31.58,69.65,1005.40,1,0,MANUAL,1,1,1,
2026-09-27 22:09:13,brain,8064000,30.52,76.44,1005.64,31.58,69.18,1005.38,1,0,MANUAL,1,1,1,
2026-09-27 22:09:14,brain,8065000,30.52,76.36,1005.62,31.58,69.22,1005.38,1,0,MANUAL,1,1,1,
2026-09-27 22:09:15,brain,8066000,30.53,77.87,1005.65,31.58,69.23,1005.37,1,0,MANUAL,1,1,1,
2026-09-27 22:09:16,brain,8067000,30.52,77.13,1005.64,31.58,69.34,1005.43,1,0,MANUAL,1,1,1,
2026-09-27 22:09:17,brain,8068000,30.51,78.24,1005.63,31.59,69.43,1005.37,1,0,MANUAL,1,1,1,
2026-09-27 22:09:18,brain,8069000,30.51,78.25,1005.56,31.58,69.18,1005.35,1,0,MANUAL,1,1,1,
2026-09-27 22:09:19,brain,8070000,30.51,78.59,1005.63,31.58,69.36,1005.41,1,0,MANUAL,1,1,1,
2026-09-27 22:09:20,brain,8071000,30.51,77.94,1005.63,31.59,69.23,1005.42,1,0,MANUAL,1,1,1,
2026-09-27 22:09:21,brain,8072000,30.52,77.90,1005.66,31.59,69.17,1005.36,1,0,MANUAL,1,1,1,
2026-09-27 22:09:22,brain,8073000,30.52,77.01,1005.69,31.58,69.36,1005.32,1,0,MANUAL,1,1,1,
2026-09-27 22:09:23,brain,8074000,30.52,76.39,1005.62,31.59,69.60,1005.39,1,0,MANUAL,1,1,1,
2026-09-27 22:09:24,brain,8075000,30.52,77.11,1005.64,31.59,69.39,1005.42,1,0,MANUAL,1,1,1,
2026-09-27 22:09:25,brain,8076000,30.52,76.53,1005.64,31.59,69.46,1005.36,1,0,MANUAL,1,1,1,
2026-09-27 22:09:26,brain,8077000,30.52,76.75,1005.62,31.59,69.46,1005.37,1,0,MANUAL,1,1,1,
2026-09-27 22:09:27,brain,8078000,30.52,77.20,1005.64,31.58,69.39,1005.38,1,0,MANUAL,1,1,1,
2026-09-27 22:09:28,brain,8079000,30.51,78.59,1005.60,31.59,69.26,1005.36,1,0,MANUAL,1,1,1,
2026-09-27 22:09:29,brain,8080000,30.51,78.83,1005.63,31.59,69.33,1005.37,1,0,MANUAL,1,1,1,
2026-09-27 22:09:30,brain,8081000,30.50,79.39,1005.55,31.59,69.22,1005.40,1,0,MANUAL,1,1,1,
2026-09-27 22:09:31,brain,8082000,30.49,79.55,1005.67,31.59,69.36,1005.39,1,0,MANUAL,1,1,1,
2026-09-27 22:09:32,brain,8083000,30.48,79.28,1005.63,31.58,69.43,1005.35,1,0,MANUAL,1,1,1,
2026-09-27 22:09:33,brain,8084000,30.46,78.44,1005.55,31.59,69.39,1005.39,1,0,MANUAL,1,1,1,
2026-09-27 22:09:34,brain,8085000,30.47,78.55,1005.61,31.59,69.22,1005.34,1,0,MANUAL,1,1,1,
2026-09-27 22:09:35,brain,8086000,30.46,78.33,1005.57,31.59,69.28,1005.37,1,0,MANUAL,1,1,1,
2026-09-27 22:09:36,brain,8087000,30.46,78.12,1005.59,31.59,69.32,1005.39,1,0,MANUAL,1,1,1,
2026-09-27 22:09:37,brain,8088000,30.46,79.28,1005.57,31.58,69.53,1005.38,1,0,MANUAL,1,1,1,
2026-09-27 22:09:38,brain,8089000,30.46,78.24,1005.68,31.59,69.20,1005.42,1,0,MANUAL,1,1,1,
2026-09-27 22:09:39,brain,8090000,30.46,77.46,1005.60,31.58,69.25,1005.32,1,0,MANUAL,1,1,1,
2026-09-27 22:09:40,brain,8091000,30.46,78.54,1005.63,31.58,69.30,1005.29,1,0,MANUAL,1,1,1,
2026-09-27 22:09:41,brain,8092000,30.45,78.47,1005.56,31.59,69.17,1005.34,1,0,MANUAL,1,1,1,
2026-09-27 22:09:42,brain,8093000,30.46,78.35,1005.71,31.58,69.38,1005.38,1,0,MANUAL,1,1,1,
2026-09-27 22:09:43,brain,8094000,30.46,78.72,1005.65,31.58,69.17,1005.30,1,0,MANUAL,1,1,1,
2026-09-27 22:09:44,brain,8095000,30.44,78.05,1005.56,31.59,69.15,1005.39,1,0,MANUAL,1,1,1,
2026-09-27 22:09:45,brain,8096000,30.45,79.42,1005.61,31.58,69.20,1005.38,1,0,MANUAL,1,1,1,
2026-09-27 22:09:46,brain,8097000,30.44,78.65,1005.62,31.59,69.30,1005.36,1,0,MANUAL,1,1,1,
2026-09-27 22:09:47,brain,8098000,30.43,78.77,1005.61,31.59,69.33,1005.31,1,0,MANUAL,1,1,1,
2026-09-27 22:09:48,brain,8099000,30.42,78.18,1005.59,31.58,69.17,1005.34,1,0,MANUAL,1,1,1,
2026-09-27 22:09:48,brain,,,,,,,,,,,,,,MARK  FAULT dead mister injected: mist commands dropped from now (brain does not know)
2026-09-27 22:09:48,brain,,,,,,,,,,,,,,mist A=0 B=0 (manual)
2026-09-27 22:09:49,brain,8100000,30.43,77.26,1005.60,31.58,69.16,1005.38,0,0,MANUAL,1,1,1,
2026-09-27 22:09:50,brain,8101000,30.42,77.06,1005.62,31.58,69.65,1005.32,0,0,MANUAL,1,1,1,
2026-09-27 22:09:51,brain,8102000,30.43,76.51,1005.63,31.59,69.36,1005.30,0,0,MANUAL,1,1,1,
2026-09-27 22:09:52,brain,8103000,30.42,77.59,1005.64,31.58,69.49,1005.35,0,0,MANUAL,1,1,1,
2026-09-27 22:09:53,brain,8104000,30.40,76.98,1005.67,31.58,69.27,1005.35,0,0,MANUAL,1,1,1,
2026-09-27 22:09:54,brain,8105000,30.41,76.30,1005.63,31.58,69.24,1005.35,0,0,MANUAL,1,1,1,
2026-09-27 22:09:55,brain,8106000,30.42,77.67,1005.64,31.58,69.28,1005.34,0,0,MANUAL,1,1,1,
2026-09-27 22:09:56,brain,8107000,30.41,77.39,1005.66,31.58,69.64,1005.35,0,0,MANUAL,1,1,1,
2026-09-27 22:09:57,brain,8108000,30.43,78.12,1005.66,31.58,69.27,1005.35,0,0,MANUAL,1,1,1,
2026-09-27 22:09:58,brain,8109000,30.42,78.21,1005.65,31.59,69.25,1005.39,0,0,MANUAL,1,1,1,
2026-09-27 22:09:59,brain,8110000,30.43,77.08,1005.66,31.58,69.22,1005.38,0,0,MANUAL,1,1,1,
2026-09-27 22:10:00,brain,8111000,30.43,77.78,1005.69,31.58,69.08,1005.35,0,0,MANUAL,1,1,1,
2026-09-27 22:10:01,brain,8112000,30.45,78.18,1005.61,31.58,69.16,1005.38,0,0,MANUAL,1,1,1,
2026-09-27 22:10:02,brain,8113000,30.44,77.92,1005.65,31.58,69.34,1005.38,0,0,MANUAL,1,1,1,
2026-09-27 22:10:03,brain,8114000,30.45,76.90,1005.64,31.58,69.14,1005.30,0,0,MANUAL,1,1,1,
2026-09-27 22:10:04,brain,8115000,30.46,76.66,1005.60,31.59,69.14,1005.40,0,0,MANUAL,1,1,1,
2026-09-27 22:10:05,brain,8116000,30.47,77.23,1005.67,31.58,69.18,1005.35,0,0,MANUAL,1,1,1,
2026-09-27 22:10:06,brain,8117000,30.47,77.63,1005.70,31.58,69.56,1005.34,0,0,MANUAL,1,1,1,
2026-09-27 22:10:07,brain,8118000,30.48,77.87,1005.63,31.58,69.17,1005.32,0,0,MANUAL,1,1,1,
2026-09-27 22:10:08,brain,8119000,30.49,77.60,1005.64,31.58,69.44,1005.38,0,0,MANUAL,1,1,1,
2026-09-27 22:10:09,brain,8120000,30.49,77.39,1005.67,31.58,69.42,1005.32,0,0,MANUAL,1,1,1,
2026-09-27 22:10:10,brain,8121000,30.49,76.97,1005.65,31.58,69.44,1005.34,0,0,MANUAL,1,1,1,
2026-09-27 22:10:11,brain,8122000,30.50,77.53,1005.60,31.58,69.25,1005.35,0,0,MANUAL,1,1,1,
2026-09-27 22:10:12,brain,8123000,30.50,76.67,1005.63,31.58,69.20,1005.41,0,0,MANUAL,1,1,1,
2026-09-27 22:10:13,brain,8124000,30.51,76.57,1005.68,31.58,69.33,1005.37,0,0,MANUAL,1,1,1,
2026-09-27 22:10:14,brain,8125000,30.53,77.91,1005.66,31.58,69.25,1005.38,0,0,MANUAL,1,1,1,
2026-09-27 22:10:15,brain,8126000,30.51,77.91,1005.66,31.58,69.30,1005.38,0,0,MANUAL,1,1,1,
2026-09-27 22:10:16,brain,8127000,30.53,77.19,1005.60,31.57,69.23,1005.34,0,0,MANUAL,1,1,1,
2026-09-27 22:10:17,brain,8128000,30.54,77.18,1005.70,31.58,69.65,1005.43,0,0,MANUAL,1,1,1,
2026-09-27 22:10:18,brain,8129000,30.55,77.85,1005.66,31.58,69.47,1005.38,0,0,MANUAL,1,1,1,
2026-09-27 22:10:19,brain,8130000,30.55,77.98,1005.64,31.58,69.13,1005.41,0,0,MANUAL,1,1,1,
2026-09-27 22:10:20,brain,8131000,30.56,77.20,1005.62,31.58,69.08,1005.37,0,0,MANUAL,1,1,1,
2026-09-27 22:10:21,brain,8132000,30.56,77.97,1005.65,31.57,69.11,1005.34,0,0,MANUAL,1,1,1,
2026-09-27 22:10:22,brain,8133000,30.56,78.02,1005.59,31.58,69.44,1005.34,0,0,MANUAL,1,1,1,
2026-09-27 22:10:23,brain,8134000,30.58,78.78,1005.66,31.57,69.17,1005.34,0,0,MANUAL,1,1,1,
2026-09-27 22:10:24,brain,8135000,30.58,80.11,1005.60,31.58,69.19,1005.37,0,0,MANUAL,1,1,1,
2026-09-27 22:10:25,brain,8136000,30.60,80.70,1005.64,31.57,69.25,1005.39,0,0,MANUAL,1,1,1,
2026-09-27 22:10:26,brain,8137000,30.58,80.22,1005.62,31.58,69.31,1005.41,0,0,MANUAL,1,1,1,
2026-09-27 22:10:27,brain,8138000,30.60,79.59,1005.65,31.57,69.14,1005.36,0,0,MANUAL,1,1,1,
2026-09-27 22:10:28,brain,8139000,30.58,78.69,1005.63,31.58,69.07,1005.37,0,0,MANUAL,1,1,1,
2026-09-27 22:10:29,brain,8140000,30.59,77.30,1005.69,31.58,69.16,1005.34,0,0,MANUAL,1,1,1,
2026-09-27 22:10:30,brain,8141000,30.60,78.00,1005.62,31.58,69.19,1005.40,0,0,MANUAL,1,1,1,
2026-09-27 22:10:31,brain,8142000,30.60,77.68,1005.67,31.57,69.42,1005.39,0,0,MANUAL,1,1,1,
2026-09-27 22:10:32,brain,8143000,30.61,76.86,1005.63,31.58,69.16,1005.38,0,0,MANUAL,1,1,1,
2026-09-27 22:10:33,brain,8144000,30.61,76.95,1005.70,31.58,69.32,1005.40,0,0,MANUAL,1,1,1,
2026-09-27 22:10:34,brain,8145000,30.61,77.32,1005.58,31.58,69.38,1005.38,0,0,MANUAL,1,1,1,
2026-09-27 22:10:35,brain,8146000,30.62,76.68,1005.62,31.58,69.22,1005.38,0,0,MANUAL,1,1,1,
2026-09-27 22:10:36,brain,8147000,30.62,76.79,1005.62,31.57,69.50,1005.34,0,0,MANUAL,1,1,1,
2026-09-27 22:10:37,brain,8148000,30.62,76.78,1005.66,31.57,69.53,1005.34,0,0,MANUAL,1,1,1,
2026-09-27 22:10:38,brain,8149000,30.63,76.16,1005.64,31.58,69.22,1005.41,0,0,MANUAL,1,1,1,
2026-09-27 22:10:39,brain,8150000,30.63,76.54,1005.64,31.58,69.58,1005.34,0,0,MANUAL,1,1,1,
2026-09-27 22:10:40,brain,8151000,30.65,76.82,1005.61,31.58,69.23,1005.37,0,0,MANUAL,1,1,1,
2026-09-27 22:10:41,brain,8152000,30.64,76.59,1005.63,31.58,69.56,1005.38,0,0,MANUAL,1,1,1,
2026-09-27 22:10:42,brain,8153000,30.65,77.14,1005.62,31.57,69.15,1005.45,0,0,MANUAL,1,1,1,
2026-09-27 22:10:43,brain,8154000,30.65,77.82,1005.65,31.57,69.19,1005.31,0,0,MANUAL,1,1,1,
2026-09-27 22:10:44,brain,8155000,30.66,77.99,1005.63,31.58,69.08,1005.41,0,0,MANUAL,1,1,1,
2026-09-27 22:10:45,brain,8156000,30.67,78.21,1005.65,31.58,69.10,1005.35,0,0,MANUAL,1,1,1,
2026-09-27 22:10:46,brain,8157000,30.67,78.25,1005.60,31.57,69.17,1005.34,0,0,MANUAL,1,1,1,
2026-09-27 22:10:47,brain,8158000,30.67,78.10,1005.62,31.58,69.11,1005.37,0,0,MANUAL,1,1,1,
2026-09-27 22:10:48,brain,8159000,30.68,78.31,1005.60,31.59,69.07,1005.40,0,0,MANUAL,1,1,1,
2026-09-27 22:10:49,brain,8160000,30.68,78.69,1005.60,31.58,69.10,1005.35,0,0,MANUAL,1,1,1,
2026-09-27 22:10:50,brain,8161000,30.69,78.46,1005.65,31.58,69.44,1005.35,0,0,MANUAL,1,1,1,
2026-09-27 22:10:51,brain,8162000,30.69,79.00,1005.63,31.59,69.33,1005.39,0,0,MANUAL,1,1,1,
2026-09-27 22:10:52,brain,8163000,30.72,79.88,1005.64,31.59,69.25,1005.42,0,0,MANUAL,1,1,1,
2026-09-27 22:10:53,brain,8164000,30.71,80.22,1005.62,31.59,69.25,1005.40,0,0,MANUAL,1,1,1,
2026-09-27 22:10:54,brain,8165000,30.73,80.80,1005.63,31.59,69.30,1005.36,0,0,MANUAL,1,1,1,
2026-09-27 22:10:55,brain,8166000,30.73,80.61,1005.68,31.59,69.52,1005.30,0,0,MANUAL,1,1,1,
2026-09-27 22:10:56,brain,8167000,30.71,79.62,1005.63,31.58,69.30,1005.32,0,0,MANUAL,1,1,1,
2026-09-27 22:10:57,brain,8168000,30.71,77.75,1005.65,31.58,69.33,1005.40,0,0,MANUAL,1,1,1,
2026-09-27 22:10:58,brain,8169000,30.72,76.97,1005.64,31.58,69.30,1005.35,0,0,MANUAL,1,1,1,
2026-09-27 22:10:59,brain,8170000,30.72,77.04,1005.61,31.58,69.23,1005.38,0,0,MANUAL,1,1,1,
2026-09-27 22:11:00,brain,8171000,30.72,76.91,1005.59,31.58,69.27,1005.41,0,0,MANUAL,1,1,1,
2026-09-27 22:11:01,brain,8172000,30.73,77.31,1005.66,31.58,69.20,1005.41,0,0,MANUAL,1,1,1,
2026-09-27 22:11:02,brain,8173000,30.73,77.62,1005.63,31.58,69.40,1005.37,0,0,MANUAL,1,1,1,
2026-09-27 22:11:03,brain,8174000,30.73,77.49,1005.63,31.58,69.14,1005.32,0,0,MANUAL,1,1,1,
2026-09-27 22:11:04,brain,8175000,30.73,77.85,1005.64,31.58,69.44,1005.30,0,0,MANUAL,1,1,1,
2026-09-27 22:11:05,brain,8176000,30.73,76.79,1005.63,31.58,69.30,1005.38,0,0,MANUAL,1,1,1,
2026-09-27 22:11:06,brain,8177000,30.73,77.15,1005.61,31.58,69.40,1005.35,0,0,MANUAL,1,1,1,
2026-09-27 22:11:07,brain,8178000,30.74,76.56,1005.64,31.58,69.36,1005.35,0,0,MANUAL,1,1,1,
2026-09-27 22:11:08,brain,8179000,30.74,76.50,1005.64,31.58,69.29,1005.38,0,0,MANUAL,1,1,1,
2026-09-27 22:11:09,brain,8180000,30.74,76.46,1005.62,31.57,69.34,1005.34,0,0,MANUAL,1,1,1,
2026-09-27 22:11:10,brain,8181000,30.75,76.00,1005.69,31.57,69.52,1005.34,0,0,MANUAL,1,1,1,
2026-09-27 22:11:11,brain,8182000,30.74,75.65,1005.65,31.58,69.15,1005.35,0,0,MANUAL,1,1,1,
2026-09-27 22:11:12,brain,8183000,30.74,75.49,1005.65,31.57,69.54,1005.36,0,0,MANUAL,1,1,1,
2026-09-27 22:11:13,brain,8184000,30.75,75.89,1005.58,31.57,69.15,1005.36,0,0,MANUAL,1,1,1,
2026-09-27 22:11:14,brain,8185000,30.75,76.26,1005.64,31.57,69.10,1005.38,0,0,MANUAL,1,1,1,
2026-09-27 22:11:15,brain,8186000,30.75,75.43,1005.63,31.58,69.26,1005.40,0,0,MANUAL,1,1,1,
2026-09-27 22:11:16,brain,8187000,30.76,75.88,1005.59,31.58,69.09,1005.40,0,0,MANUAL,1,1,1,
2026-09-27 22:11:17,brain,8188000,30.74,75.12,1005.60,31.57,69.17,1005.36,0,0,MANUAL,1,1,1,
2026-09-27 22:11:18,brain,8189000,30.75,75.45,1005.58,31.58,69.28,1005.37,0,0,MANUAL,1,1,1,
2026-09-27 22:11:19,brain,8190000,30.75,75.03,1005.55,31.58,69.21,1005.40,0,0,MANUAL,1,1,1,
2026-09-27 22:11:20,brain,8191000,30.76,75.65,1005.63,31.57,69.05,1005.34,0,0,MANUAL,1,1,1,
2026-09-27 22:11:21,brain,8192000,30.75,75.66,1005.60,31.57,69.24,1005.33,0,0,MANUAL,1,1,1,
2026-09-27 22:11:22,brain,8193000,30.76,75.75,1005.59,31.57,69.15,1005.34,0,0,MANUAL,1,1,1,
2026-09-27 22:11:23,brain,8194000,30.76,75.70,1005.62,31.58,69.17,1005.37,0,0,MANUAL,1,1,1,
2026-09-27 22:11:24,brain,8195000,30.75,75.48,1005.58,31.56,69.25,1005.32,0,0,MANUAL,1,1,1,
2026-09-27 22:11:25,brain,8196000,30.76,75.41,1005.69,31.57,69.18,1005.36,0,0,MANUAL,1,1,1,
2026-09-27 22:11:26,brain,8197000,30.76,75.10,1005.68,31.58,69.57,1005.41,0,0,MANUAL,1,1,1,
2026-09-27 22:11:27,brain,8198000,30.77,74.75,1005.58,31.57,69.21,1005.39,0,0,MANUAL,1,1,1,
2026-09-27 22:11:28,brain,8199000,30.77,74.95,1005.61,31.57,69.09,1005.39,0,0,MANUAL,1,1,1,
2026-09-27 22:11:29,brain,8200000,30.78,74.95,1005.69,31.58,69.22,1005.37,0,0,MANUAL,1,1,1,
2026-09-27 22:11:30,brain,8201000,30.78,75.14,1005.63,31.57,69.07,1005.38,0,0,MANUAL,1,1,1,
2026-09-27 22:11:31,brain,8202000,30.77,74.90,1005.62,31.57,69.38,1005.36,0,0,MANUAL,1,1,1,
2026-09-27 22:11:32,brain,8203000,30.77,74.79,1005.56,31.58,69.09,1005.34,0,0,MANUAL,1,1,1,
2026-09-27 22:11:33,brain,8204000,30.80,75.26,1005.63,31.57,69.14,1005.34,0,0,MANUAL,1,1,1,
2026-09-27 22:11:34,brain,8205000,30.79,75.80,1005.56,31.57,69.10,1005.42,0,0,MANUAL,1,1,1,
2026-09-27 22:11:35,brain,8206000,30.79,76.01,1005.59,31.56,69.06,1005.35,0,0,MANUAL,1,1,1,
2026-09-27 22:11:36,brain,8207000,30.80,75.52,1005.60,31.55,69.06,1005.31,0,0,MANUAL,1,1,1,
2026-09-27 22:11:37,brain,8208000,30.80,75.52,1005.63,31.57,69.19,1005.45,0,0,MANUAL,1,1,1,
2026-09-27 22:11:38,brain,8209000,30.80,74.83,1005.60,31.57,69.21,1005.36,0,0,MANUAL,1,1,1,
2026-09-27 22:11:39,brain,8210000,30.80,74.60,1005.57,31.57,69.03,1005.30,0,0,MANUAL,1,1,1,
2026-09-27 22:11:40,brain,8211000,30.80,74.86,1005.67,31.57,68.97,1005.33,0,0,MANUAL,1,1,1,
2026-09-27 22:11:41,brain,8212000,30.81,75.95,1005.59,31.57,69.19,1005.34,0,0,MANUAL,1,1,1,
2026-09-27 22:11:42,brain,8213000,30.81,75.79,1005.56,31.57,69.15,1005.34,0,0,MANUAL,1,1,1,
2026-09-27 22:11:43,brain,8214000,30.82,74.85,1005.60,31.57,69.17,1005.38,0,0,MANUAL,1,1,1,
2026-09-27 22:11:44,brain,8215000,30.81,75.11,1005.62,31.55,69.35,1005.31,0,0,MANUAL,1,1,1,
2026-09-27 22:11:45,brain,8216000,30.81,74.85,1005.59,31.57,69.23,1005.30,0,0,MANUAL,1,1,1,
2026-09-27 22:11:46,brain,8217000,30.82,75.13,1005.66,31.57,68.98,1005.36,0,0,MANUAL,1,1,1,
2026-09-27 22:11:47,brain,8218000,30.84,75.70,1005.61,31.57,69.45,1005.39,0,0,MANUAL,1,1,1,
2026-09-27 22:11:48,brain,8219000,30.82,75.22,1005.61,31.57,69.17,1005.39,0,0,MANUAL,1,1,1,
2026-09-27 22:11:49,brain,8220000,30.82,75.18,1005.58,31.57,69.44,1005.33,0,0,MANUAL,1,1,1,
2026-09-27 22:11:50,brain,8221000,30.83,74.94,1005.62,31.55,69.13,1005.40,0,0,MANUAL,1,1,1,
2026-09-27 22:11:51,brain,8222000,30.84,74.62,1005.59,31.56,69.39,1005.38,0,0,MANUAL,1,1,1,
2026-09-27 22:11:52,brain,8223000,30.84,74.73,1005.62,31.56,69.17,1005.35,0,0,MANUAL,1,1,1,
2026-09-27 22:11:53,brain,8224000,30.84,74.34,1005.53,31.56,69.18,1005.35,0,0,MANUAL,1,1,1,
2026-09-27 22:11:54,brain,8225000,30.86,74.70,1005.67,31.57,69.27,1005.36,0,0,MANUAL,1,1,1,
2026-09-27 22:11:55,brain,8226000,30.85,74.40,1005.63,31.57,69.05,1005.45,0,0,MANUAL,1,1,1,
2026-09-27 22:11:56,brain,8227000,30.84,74.20,1005.65,31.55,69.03,1005.40,0,0,MANUAL,1,1,1,
2026-09-27 22:11:57,brain,8228000,30.85,74.27,1005.61,31.56,69.00,1005.35,0,0,MANUAL,1,1,1,
2026-09-27 22:11:58,brain,8229000,30.85,74.21,1005.58,31.57,69.03,1005.33,0,0,MANUAL,1,1,1,
2026-09-27 22:11:59,brain,8230000,30.85,74.28,1005.63,31.55,69.07,1005.34,0,0,MANUAL,1,1,1,
2026-09-27 22:12:00,brain,8231000,30.85,74.29,1005.63,31.56,69.09,1005.32,0,0,MANUAL,1,1,1,
2026-09-27 22:12:01,brain,8232000,30.86,75.65,1005.62,31.56,69.00,1005.32,0,0,MANUAL,1,1,1,
2026-09-27 22:12:02,brain,8233000,30.86,75.38,1005.59,31.56,69.12,1005.38,0,0,MANUAL,1,1,1,
2026-09-27 22:12:03,brain,8234000,30.86,75.05,1005.61,31.55,69.13,1005.39,0,0,MANUAL,1,1,1,
2026-09-27 22:12:04,brain,8235000,30.87,74.65,1005.60,31.55,69.37,1005.36,0,0,MANUAL,1,1,1,
2026-09-27 22:12:05,brain,8236000,30.87,74.86,1005.58,31.57,69.10,1005.38,0,0,MANUAL,1,1,1,
2026-09-27 22:12:06,brain,8237000,30.87,75.28,1005.66,31.55,69.11,1005.37,0,0,MANUAL,1,1,1,
2026-09-27 22:12:07,brain,8238000,30.87,74.77,1005.57,31.56,69.13,1005.43,0,0,MANUAL,1,1,1,
2026-09-27 22:12:08,brain,8239000,30.87,74.73,1005.60,31.55,69.04,1005.37,0,0,MANUAL,1,1,1,
2026-09-27 22:12:09,brain,8240000,30.88,74.90,1005.65,31.56,69.30,1005.38,0,0,MANUAL,1,1,1,
2026-09-27 22:12:10,brain,8241000,30.88,74.47,1005.67,31.56,69.52,1005.40,0,0,MANUAL,1,1,1,
2026-09-27 22:12:11,brain,8242000,30.87,74.47,1005.61,31.55,69.13,1005.34,0,0,MANUAL,1,1,1,
2026-09-27 22:12:12,brain,8243000,30.88,75.86,1005.59,31.55,69.18,1005.37,0,0,MANUAL,1,1,1,
2026-09-27 22:12:13,brain,8244000,30.89,76.77,1005.61,31.55,69.13,1005.33,0,0,MANUAL,1,1,1,
2026-09-27 22:12:14,brain,8245000,30.89,76.86,1005.61,31.55,69.11,1005.37,0,0,MANUAL,1,1,1,
2026-09-27 22:12:15,brain,8246000,30.88,75.58,1005.57,31.56,69.19,1005.32,0,0,MANUAL,1,1,1,
2026-09-27 22:12:16,brain,8247000,30.88,75.18,1005.56,31.56,69.25,1005.35,0,0,MANUAL,1,1,1,
2026-09-27 22:12:17,brain,8248000,30.89,76.02,1005.61,31.56,69.12,1005.38,0,0,MANUAL,1,1,1,
2026-09-27 22:12:18,brain,8249000,30.90,75.69,1005.63,31.56,69.24,1005.43,0,0,MANUAL,1,1,1,
2026-09-27 22:12:19,brain,8250000,30.89,74.91,1005.59,31.56,69.38,1005.38,0,0,MANUAL,1,1,1,
2026-09-27 22:12:20,brain,8251000,30.90,75.17,1005.62,31.56,69.52,1005.32,0,0,MANUAL,1,1,1,
2026-09-27 22:12:21,brain,8252000,30.91,75.88,1005.65,31.57,69.47,1005.38,0,0,MANUAL,1,1,1,
2026-09-27 22:12:22,brain,8253000,30.92,77.54,1005.61,31.57,69.25,1005.33,0,0,MANUAL,1,1,1,
2026-09-27 22:12:23,brain,8254000,30.91,77.34,1005.65,31.57,69.24,1005.39,0,0,MANUAL,1,1,1,
2026-09-27 22:12:24,brain,8255000,30.93,77.22,1005.61,31.55,69.19,1005.37,0,0,MANUAL,1,1,1,
2026-09-27 22:12:25,brain,8256000,30.92,76.97,1005.61,31.56,69.30,1005.35,0,0,MANUAL,1,1,1,
2026-09-27 22:12:26,brain,8257000,30.94,78.21,1005.63,31.57,69.49,1005.33,0,0,MANUAL,1,1,1,
2026-09-27 22:12:27,brain,8258000,30.94,77.75,1005.63,31.55,69.59,1005.37,0,0,MANUAL,1,1,1,
2026-09-27 22:12:28,brain,8259000,30.94,78.21,1005.58,31.57,69.16,1005.33,0,0,MANUAL,1,1,1,
2026-09-27 22:12:29,brain,8260000,30.96,79.03,1005.66,31.56,69.24,1005.35,0,0,MANUAL,1,1,1,
2026-09-27 22:12:30,brain,8261000,30.96,79.47,1005.63,31.56,69.26,1005.38,0,0,MANUAL,1,1,1,
2026-09-27 22:12:31,brain,8262000,30.97,79.57,1005.59,31.57,69.20,1005.38,0,0,MANUAL,1,1,1,
2026-09-27 22:12:32,brain,8263000,30.96,79.36,1005.61,31.57,69.32,1005.36,0,0,MANUAL,1,1,1,
2026-09-27 22:12:33,brain,8264000,30.97,79.60,1005.62,31.56,69.04,1005.38,0,0,MANUAL,1,1,1,
2026-09-27 22:12:34,brain,8265000,30.98,80.17,1005.67,31.55,69.11,1005.37,0,0,MANUAL,1,1,1,
2026-09-27 22:12:35,brain,8266000,30.99,80.44,1005.65,31.57,69.15,1005.36,0,0,MANUAL,1,1,1,
2026-09-27 22:12:36,brain,8267000,31.00,80.39,1005.63,31.57,69.25,1005.38,0,0,MANUAL,1,1,1,
2026-09-27 22:12:37,brain,8268000,30.99,80.43,1005.65,31.56,69.13,1005.35,0,0,MANUAL,1,1,1,
2026-09-27 22:12:38,brain,8269000,31.01,80.23,1005.68,31.55,69.53,1005.37,0,0,MANUAL,1,1,1,
2026-09-27 22:12:39,brain,8270000,31.01,80.41,1005.59,31.56,69.59,1005.40,0,0,MANUAL,1,1,1,
2026-09-27 22:12:40,brain,8271000,31.02,80.45,1005.64,31.57,69.53,1005.38,0,0,MANUAL,1,1,1,
2026-09-27 22:12:41,brain,8272000,31.02,80.78,1005.61,31.56,69.26,1005.35,0,0,MANUAL,1,1,1,
2026-09-27 22:12:42,brain,8273000,31.01,79.76,1005.63,31.56,69.56,1005.35,0,0,MANUAL,1,1,1,
2026-09-27 22:12:43,brain,8274000,31.00,78.20,1005.61,31.56,69.58,1005.35,0,0,MANUAL,1,1,1,
2026-09-27 22:12:44,brain,8275000,31.00,78.12,1005.61,31.55,69.18,1005.30,0,0,MANUAL,1,1,1,
2026-09-27 22:12:45,brain,8276000,31.01,79.34,1005.66,31.55,69.38,1005.34,0,0,MANUAL,1,1,1,
2026-09-27 22:12:46,brain,8277000,31.02,79.67,1005.61,31.56,69.46,1005.35,0,0,MANUAL,1,1,1,
2026-09-27 22:12:47,brain,8278000,31.01,80.10,1005.63,31.55,69.38,1005.31,0,0,MANUAL,1,1,1,
2026-09-27 22:12:48,brain,8279000,31.01,79.78,1005.63,31.57,69.45,1005.38,0,0,MANUAL,1,1,1,
2026-09-27 22:12:49,brain,8280000,31.01,78.83,1005.63,31.55,69.17,1005.34,0,0,MANUAL,1,1,1,
2026-09-27 22:12:50,brain,8281000,31.02,78.97,1005.64,31.55,69.15,1005.37,0,0,MANUAL,1,1,1,
2026-09-27 22:12:51,brain,8282000,31.02,78.49,1005.58,31.56,69.08,1005.38,0,0,MANUAL,1,1,1,
2026-09-27 22:12:52,brain,8283000,31.02,78.18,1005.61,31.55,69.09,1005.37,0,0,MANUAL,1,1,1,
2026-09-27 22:12:53,brain,8284000,31.02,78.38,1005.58,31.56,69.19,1005.35,0,0,MANUAL,1,1,1,
2026-09-27 22:12:54,brain,8285000,31.01,78.50,1005.60,31.55,69.13,1005.28,0,0,MANUAL,1,1,1,
2026-09-27 22:12:55,brain,8286000,31.01,78.35,1005.62,31.55,69.19,1005.33,0,0,MANUAL,1,1,1,
2026-09-27 22:12:56,brain,8287000,31.01,78.21,1005.60,31.55,69.26,1005.31,0,0,MANUAL,1,1,1,
2026-09-27 22:12:57,brain,8288000,31.01,78.06,1005.57,31.55,69.34,1005.36,0,0,MANUAL,1,1,1,
2026-09-27 22:12:58,brain,8289000,31.02,78.58,1005.61,31.55,69.24,1005.37,0,0,MANUAL,1,1,1,
2026-09-27 22:12:59,brain,8290000,31.02,79.15,1005.64,31.55,69.58,1005.37,0,0,MANUAL,1,1,1,
2026-09-27 22:13:00,brain,8291000,31.03,79.66,1005.60,31.55,69.60,1005.37,0,0,MANUAL,1,1,1,
2026-09-27 22:13:01,brain,8292000,31.03,80.07,1005.63,31.55,69.10,1005.34,0,0,MANUAL,1,1,1,
2026-09-27 22:13:02,brain,8293000,31.04,80.37,1005.65,31.56,69.16,1005.32,0,0,MANUAL,1,1,1,
2026-09-27 22:13:03,brain,8294000,31.05,80.48,1005.63,31.55,69.39,1005.37,0,0,MANUAL,1,1,1,
2026-09-27 22:13:04,brain,8295000,31.04,79.89,1005.68,31.56,69.11,1005.35,0,0,MANUAL,1,1,1,
2026-09-27 22:13:05,brain,8296000,31.05,80.21,1005.63,31.55,69.19,1005.31,0,0,MANUAL,1,1,1,
2026-09-27 22:13:06,brain,8297000,31.05,80.33,1005.63,31.55,69.12,1005.37,0,0,MANUAL,1,1,1,
2026-09-27 22:13:07,brain,8298000,31.05,80.56,1005.67,31.56,69.08,1005.38,0,0,MANUAL,1,1,1,
2026-09-27 22:13:08,brain,8299000,31.06,80.41,1005.62,31.56,69.18,1005.35,0,0,MANUAL,1,1,1,
2026-09-27 22:13:09,brain,8300000,31.05,80.09,1005.64,31.56,69.25,1005.40,0,0,MANUAL,1,1,1,
2026-09-27 22:13:10,brain,8301000,31.05,80.23,1005.61,31.56,69.28,1005.38,0,0,MANUAL,1,1,1,
2026-09-27 22:13:11,brain,8302000,31.05,79.37,1005.64,31.56,69.35,1005.38,0,0,MANUAL,1,1,1,
2026-09-27 22:13:12,brain,8303000,31.06,79.18,1005.65,31.57,69.15,1005.34,0,0,MANUAL,1,1,1,
2026-09-27 22:13:13,brain,8304000,31.05,79.14,1005.63,31.56,69.09,1005.35,0,0,MANUAL,1,1,1,
2026-09-27 22:13:14,brain,8305000,31.04,78.94,1005.68,31.56,69.19,1005.35,0,0,MANUAL,1,1,1,
2026-09-27 22:13:15,brain,8306000,31.05,78.61,1005.57,31.56,69.17,1005.32,0,0,MANUAL,1,1,1,
2026-09-27 22:13:16,brain,8307000,31.04,78.14,1005.61,31.56,69.20,1005.38,0,0,MANUAL,1,1,1,
2026-09-27 22:13:17,brain,8308000,31.04,77.70,1005.64,31.56,69.11,1005.32,0,0,MANUAL,1,1,1,
2026-09-27 22:13:18,brain,8309000,31.04,77.52,1005.59,31.56,69.20,1005.38,0,0,MANUAL,1,1,1,
2026-09-27 22:13:19,brain,8310000,31.03,77.64,1005.63,31.55,69.17,1005.34,0,0,MANUAL,1,1,1,
2026-09-27 22:13:20,brain,8311000,31.03,76.69,1005.69,31.57,69.26,1005.38,0,0,MANUAL,1,1,1,
2026-09-27 22:13:21,brain,8312000,31.03,76.13,1005.63,31.55,69.11,1005.37,0,0,MANUAL,1,1,1,
2026-09-27 22:13:22,brain,8313000,31.03,75.73,1005.60,31.56,69.15,1005.40,0,0,MANUAL,1,1,1,
2026-09-27 22:13:23,brain,8314000,31.03,76.26,1005.63,31.55,69.24,1005.31,0,0,MANUAL,1,1,1,
2026-09-27 22:13:24,brain,8315000,31.03,76.75,1005.66,31.55,69.12,1005.36,0,0,MANUAL,1,1,1,
2026-09-27 22:13:25,brain,8316000,31.03,77.12,1005.66,31.56,69.13,1005.35,0,0,MANUAL,1,1,1,
2026-09-27 22:13:26,brain,8317000,31.03,77.37,1005.66,31.56,69.12,1005.38,0,0,MANUAL,1,1,1,
2026-09-27 22:13:27,brain,8318000,31.04,77.76,1005.64,31.57,69.33,1005.38,0,0,MANUAL,1,1,1,
2026-09-27 22:13:28,brain,8319000,31.02,77.30,1005.64,31.56,69.08,1005.32,0,0,MANUAL,1,1,1,
2026-09-27 22:13:29,brain,8320000,31.03,77.75,1005.63,31.57,69.18,1005.34,0,0,MANUAL,1,1,1,
2026-09-27 22:13:30,brain,8321000,31.03,77.42,1005.66,31.56,69.20,1005.35,0,0,MANUAL,1,1,1,
2026-09-27 22:13:31,brain,8322000,31.03,77.02,1005.61,31.57,69.20,1005.33,0,0,MANUAL,1,1,1,
2026-09-27 22:13:32,brain,8323000,31.02,77.26,1005.59,31.56,69.10,1005.40,0,0,MANUAL,1,1,1,
2026-09-27 22:13:33,brain,8324000,31.03,76.66,1005.66,31.55,69.13,1005.28,0,0,MANUAL,1,1,1,
2026-09-27 22:13:34,brain,8325000,31.03,76.55,1005.63,31.56,69.03,1005.35,0,0,MANUAL,1,1,1,
2026-09-27 22:13:35,brain,8326000,31.03,76.92,1005.61,31.55,69.20,1005.30,0,0,MANUAL,1,1,1,
2026-09-27 22:13:36,brain,8327000,31.01,76.25,1005.66,31.56,69.19,1005.32,0,0,MANUAL,1,1,1,
2026-09-27 22:13:37,brain,8328000,31.03,76.92,1005.61,31.57,69.02,1005.33,0,0,MANUAL,1,1,1,
2026-09-27 22:13:38,brain,8329000,31.04,78.09,1005.57,31.56,69.41,1005.38,0,0,MANUAL,1,1,1,
2026-09-27 22:13:39,brain,8330000,31.04,78.53,1005.67,31.56,69.33,1005.32,0,0,MANUAL,1,1,1,
2026-09-27 22:13:40,brain,8331000,31.04,78.91,1005.62,31.57,69.21,1005.36,0,0,MANUAL,1,1,1,
2026-09-27 22:13:41,brain,8332000,31.05,79.43,1005.63,31.57,69.14,1005.38,0,0,MANUAL,1,1,1,
2026-09-27 22:13:42,brain,8333000,31.06,79.85,1005.59,31.57,69.19,1005.33,0,0,MANUAL,1,1,1,
2026-09-27 22:13:43,brain,8334000,31.06,79.85,1005.62,31.56,69.17,1005.26,0,0,MANUAL,1,1,1,
2026-09-27 22:13:44,brain,8335000,31.05,79.32,1005.60,31.57,69.26,1005.33,0,0,MANUAL,1,1,1,
2026-09-27 22:13:45,brain,8336000,31.04,78.78,1005.62,31.56,69.12,1005.32,0,0,MANUAL,1,1,1,
2026-09-27 22:13:46,brain,8337000,31.06,79.21,1005.59,31.56,69.18,1005.40,0,0,MANUAL,1,1,1,
2026-09-27 22:13:47,brain,8338000,31.06,79.38,1005.63,31.56,69.10,1005.35,0,0,MANUAL,1,1,1,
2026-09-27 22:13:48,brain,8339000,31.05,79.03,1005.58,31.56,69.22,1005.38,0,0,MANUAL,1,1,1,
2026-09-27 22:13:49,brain,8340000,31.07,79.36,1005.63,31.57,69.23,1005.36,0,0,MANUAL,1,1,1,
2026-09-27 22:13:50,brain,8341000,31.06,79.46,1005.63,31.56,69.01,1005.38,0,0,MANUAL,1,1,1,
2026-09-27 22:13:51,brain,8342000,31.06,79.70,1005.62,31.56,69.19,1005.38,0,0,MANUAL,1,1,1,
2026-09-27 22:13:52,brain,8343000,31.07,79.69,1005.58,31.56,69.13,1005.29,0,0,MANUAL,1,1,1,
2026-09-27 22:13:53,brain,8344000,31.07,79.77,1005.55,31.57,69.11,1005.36,0,0,MANUAL,1,1,1,
2026-09-27 22:13:54,brain,8345000,31.07,79.82,1005.61,31.57,69.10,1005.33,0,0,MANUAL,1,1,1,
2026-09-27 22:13:55,brain,8346000,31.06,79.82,1005.56,31.58,69.18,1005.40,0,0,MANUAL,1,1,1,
2026-09-27 22:13:56,brain,8347000,31.06,79.46,1005.53,31.57,69.09,1005.36,0,0,MANUAL,1,1,1,
2026-09-27 22:13:57,brain,8348000,31.06,79.20,1005.60,31.58,69.12,1005.32,0,0,MANUAL,1,1,1,
2026-09-27 22:13:58,brain,8349000,31.07,79.54,1005.55,31.57,69.15,1005.33,0,0,MANUAL,1,1,1,
2026-09-27 22:13:59,brain,8350000,31.07,79.08,1005.67,31.57,69.08,1005.36,0,0,MANUAL,1,1,1,
2026-09-27 22:14:00,brain,8351000,31.07,78.71,1005.58,31.58,69.18,1005.32,0,0,MANUAL,1,1,1,
2026-09-27 22:14:01,brain,8352000,31.06,78.51,1005.65,31.56,69.21,1005.32,0,0,MANUAL,1,1,1,
2026-09-27 22:14:02,brain,8353000,31.06,78.72,1005.60,31.57,69.08,1005.34,0,0,MANUAL,1,1,1,
2026-09-27 22:14:03,brain,8354000,31.06,79.67,1005.60,31.57,69.15,1005.36,0,0,MANUAL,1,1,1,
2026-09-27 22:14:04,brain,8355000,31.07,79.56,1005.67,31.57,69.06,1005.34,0,0,MANUAL,1,1,1,
2026-09-27 22:14:05,brain,8356000,31.07,79.91,1005.64,31.58,69.16,1005.32,0,0,MANUAL,1,1,1,
2026-09-27 22:14:06,brain,8357000,31.08,80.02,1005.60,31.58,69.09,1005.29,0,0,MANUAL,1,1,1,
2026-09-27 22:14:07,brain,8358000,31.07,79.75,1005.64,31.57,69.17,1005.36,0,0,MANUAL,1,1,1,
2026-09-27 22:14:08,brain,8359000,31.08,79.84,1005.62,31.58,69.09,1005.35,0,0,MANUAL,1,1,1,
2026-09-27 22:14:09,brain,8360000,31.08,80.27,1005.62,31.58,69.21,1005.35,0,0,MANUAL,1,1,1,
2026-09-27 22:14:10,brain,8361000,31.09,80.25,1005.61,31.58,69.10,1005.37,0,0,MANUAL,1,1,1,
2026-09-27 22:14:11,brain,8362000,31.07,79.80,1005.61,31.58,69.08,1005.43,0,0,MANUAL,1,1,1,
2026-09-27 22:14:12,brain,8363000,31.08,79.94,1005.57,31.57,69.26,1005.39,0,0,MANUAL,1,1,1,
2026-09-27 22:14:13,brain,8364000,31.07,79.92,1005.59,31.57,69.25,1005.31,0,0,MANUAL,1,1,1,
2026-09-27 22:14:14,brain,8365000,31.08,79.73,1005.66,31.57,69.17,1005.34,0,0,MANUAL,1,1,1,
2026-09-27 22:14:15,brain,8366000,31.07,78.52,1005.63,31.58,69.33,1005.40,0,0,MANUAL,1,1,1,
2026-09-27 22:14:16,brain,8367000,31.07,77.42,1005.61,31.57,69.35,1005.34,0,0,MANUAL,1,1,1,
2026-09-27 22:14:17,brain,8368000,31.06,76.65,1005.59,31.58,69.15,1005.35,0,0,MANUAL,1,1,1,
2026-09-27 22:14:18,brain,8369000,31.06,76.35,1005.57,31.57,69.31,1005.31,0,0,MANUAL,1,1,1,
2026-09-27 22:14:19,brain,8370000,31.06,76.88,1005.59,31.59,69.09,1005.36,0,0,MANUAL,1,1,1,
2026-09-27 22:14:20,brain,8371000,31.06,77.67,1005.54,31.58,69.03,1005.38,0,0,MANUAL,1,1,1,
2026-09-27 22:14:21,brain,8372000,31.05,76.88,1005.64,31.59,69.20,1005.33,0,0,MANUAL,1,1,1,
2026-09-27 22:14:22,brain,8373000,31.06,77.33,1005.65,31.58,69.11,1005.34,0,0,MANUAL,1,1,1,
2026-09-27 22:14:23,brain,8374000,31.06,78.11,1005.65,31.58,69.23,1005.32,0,0,MANUAL,1,1,1,
2026-09-27 22:14:24,brain,8375000,31.06,78.68,1005.60,31.58,69.24,1005.34,0,0,MANUAL,1,1,1,
2026-09-27 22:14:25,brain,8376000,31.06,79.12,1005.63,31.59,69.04,1005.37,0,0,MANUAL,1,1,1,
2026-09-27 22:14:26,brain,8377000,31.06,79.17,1005.57,31.58,69.05,1005.38,0,0,MANUAL,1,1,1,
2026-09-27 22:14:27,brain,8378000,31.06,78.85,1005.65,31.58,69.25,1005.32,0,0,MANUAL,1,1,1,
2026-09-27 22:14:28,brain,8379000,31.07,78.99,1005.67,31.59,69.32,1005.33,0,0,MANUAL,1,1,1,
2026-09-27 22:14:29,brain,8380000,31.07,79.34,1005.61,31.58,69.33,1005.32,0,0,MANUAL,1,1,1,
2026-09-27 22:14:30,brain,8381000,31.07,79.83,1005.59,31.59,69.41,1005.37,0,0,MANUAL,1,1,1,
2026-09-27 22:14:31,brain,8382000,31.07,79.68,1005.53,31.59,69.22,1005.36,0,0,MANUAL,1,1,1,
2026-09-27 22:14:32,brain,8383000,31.08,79.74,1005.62,31.59,69.13,1005.39,0,0,MANUAL,1,1,1,
2026-09-27 22:14:33,brain,8384000,31.08,79.94,1005.62,31.58,69.16,1005.38,0,0,MANUAL,1,1,1,
2026-09-27 22:14:34,brain,8385000,31.09,79.86,1005.73,31.58,69.14,1005.35,0,0,MANUAL,1,1,1,
2026-09-27 22:14:35,brain,8386000,31.08,79.95,1005.60,31.57,69.27,1005.36,0,0,MANUAL,1,1,1,
2026-09-27 22:14:36,brain,8387000,31.08,80.09,1005.57,31.58,69.21,1005.32,0,0,MANUAL,1,1,1,
2026-09-27 22:14:37,brain,8388000,31.08,79.77,1005.69,31.58,69.39,1005.35,0,0,MANUAL,1,1,1,
2026-09-27 22:14:38,brain,8389000,31.08,80.12,1005.57,31.59,69.13,1005.40,0,0,MANUAL,1,1,1,
2026-09-27 22:14:39,brain,8390000,31.09,80.55,1005.56,31.59,69.26,1005.37,0,0,MANUAL,1,1,1,
2026-09-27 22:14:40,brain,8391000,31.09,79.98,1005.64,31.59,69.31,1005.37,0,0,MANUAL,1,1,1,
2026-09-27 22:14:41,brain,8392000,31.09,80.30,1005.61,31.60,69.31,1005.43,0,0,MANUAL,1,1,1,
2026-09-27 22:14:42,brain,8393000,31.10,80.06,1005.66,31.59,69.15,1005.36,0,0,MANUAL,1,1,1,
2026-09-27 22:14:43,brain,8394000,31.09,80.51,1005.62,31.60,69.13,1005.32,0,0,MANUAL,1,1,1,
2026-09-27 22:14:44,brain,8395000,31.10,80.83,1005.57,31.58,69.23,1005.32,0,0,MANUAL,1,1,1,
2026-09-27 22:14:45,brain,8396000,31.08,80.54,1005.57,31.59,69.18,1005.36,0,0,MANUAL,1,1,1,
2026-09-27 22:14:46,brain,8397000,31.08,80.21,1005.63,31.58,69.04,1005.35,0,0,MANUAL,1,1,1,
2026-09-27 22:14:47,brain,8398000,31.09,80.17,1005.58,31.60,69.36,1005.38,0,0,MANUAL,1,1,1,
2026-09-27 22:14:48,brain,8399000,31.09,80.34,1005.62,31.60,69.22,1005.33,0,0,MANUAL,1,1,1,
2026-09-27 22:14:49,brain,8400000,31.10,80.52,1005.63,31.59,69.15,1005.33,0,0,MANUAL,1,1,1,
2026-09-27 22:14:50,brain,8401000,31.10,80.77,1005.60,31.59,69.24,1005.34,0,0,MANUAL,1,1,1,
2026-09-27 22:14:51,brain,8402000,31.10,80.84,1005.63,31.60,69.16,1005.38,0,0,MANUAL,1,1,1,
2026-09-27 22:14:52,brain,8403000,31.10,80.65,1005.60,31.59,69.17,1005.34,0,0,MANUAL,1,1,1,
2026-09-27 22:14:53,brain,8404000,31.09,80.59,1005.65,31.60,69.10,1005.33,0,0,MANUAL,1,1,1,
2026-09-27 22:14:54,brain,8405000,31.09,80.51,1005.62,31.60,69.05,1005.38,0,0,MANUAL,1,1,1,
2026-09-27 22:14:55,brain,8406000,31.08,79.94,1005.57,31.60,69.05,1005.36,0,0,MANUAL,1,1,1,
2026-09-27 22:14:56,brain,8407000,31.08,79.99,1005.55,31.60,69.05,1005.36,0,0,MANUAL,1,1,1,
2026-09-27 22:14:57,brain,8408000,31.09,79.96,1005.59,31.60,69.12,1005.38,0,0,MANUAL,1,1,1,
2026-09-27 22:14:58,brain,8409000,31.09,79.68,1005.62,31.60,69.06,1005.30,0,0,MANUAL,1,1,1,
2026-09-27 22:14:59,brain,8410000,31.08,79.22,1005.62,31.60,69.19,1005.35,0,0,MANUAL,1,1,1,
2026-09-27 22:15:00,brain,8411000,31.08,79.34,1005.60,31.60,69.03,1005.38,0,0,MANUAL,1,1,1,
2026-09-27 22:15:01,brain,8412000,31.09,79.58,1005.59,31.60,68.94,1005.33,0,0,MANUAL,1,1,1,
2026-09-27 22:15:02,brain,8413000,31.08,79.74,1005.57,31.60,69.21,1005.36,0,0,MANUAL,1,1,1,
2026-09-27 22:15:03,brain,8414000,31.09,80.05,1005.56,31.60,69.08,1005.36,0,0,MANUAL,1,1,1,
2026-09-27 22:15:04,brain,8415000,31.09,80.43,1005.64,31.60,69.20,1005.36,0,0,MANUAL,1,1,1,
2026-09-27 22:15:05,brain,8416000,31.10,80.29,1005.63,31.61,69.14,1005.34,0,0,MANUAL,1,1,1,
2026-09-27 22:15:06,brain,8417000,31.07,79.17,1005.53,31.60,68.97,1005.30,0,0,MANUAL,1,1,1,
2026-09-27 22:15:07,brain,8418000,31.08,78.79,1005.63,31.60,69.12,1005.36,0,0,MANUAL,1,1,1,
2026-09-27 22:15:08,brain,8419000,31.09,79.13,1005.58,31.61,69.02,1005.34,0,0,MANUAL,1,1,1,
2026-09-27 22:15:09,brain,8420000,31.07,77.93,1005.64,31.61,69.10,1005.34,0,0,MANUAL,1,1,1,
2026-09-27 22:15:10,brain,8421000,31.07,77.49,1005.63,31.60,69.20,1005.32,0,0,MANUAL,1,1,1,
2026-09-27 22:15:11,brain,8422000,31.06,77.19,1005.60,31.61,69.01,1005.36,0,0,MANUAL,1,1,1,
2026-09-27 22:15:12,brain,8423000,31.07,77.41,1005.61,31.61,69.09,1005.34,0,0,MANUAL,1,1,1,
2026-09-27 22:15:13,brain,8424000,31.07,76.97,1005.63,31.60,69.03,1005.38,0,0,MANUAL,1,1,1,
2026-09-27 22:15:14,brain,8425000,31.06,76.78,1005.60,31.60,69.18,1005.36,0,0,MANUAL,1,1,1,
2026-09-27 22:15:15,brain,8426000,31.06,76.82,1005.60,31.60,69.07,1005.33,0,0,MANUAL,1,1,1,
2026-09-27 22:15:16,brain,8427000,31.06,77.21,1005.60,31.61,69.19,1005.34,0,0,MANUAL,1,1,1,
2026-09-27 22:15:17,brain,8428000,31.06,77.38,1005.57,31.61,69.20,1005.36,0,0,MANUAL,1,1,1,
2026-09-27 22:15:18,brain,8429000,31.06,76.51,1005.59,31.60,68.99,1005.33,0,0,MANUAL,1,1,1,
2026-09-27 22:15:19,brain,8430000,31.06,76.01,1005.63,31.61,69.32,1005.36,0,0,MANUAL,1,1,1,
2026-09-27 22:15:20,brain,8431000,31.06,76.62,1005.63,31.60,69.08,1005.36,0,0,MANUAL,1,1,1,
2026-09-27 22:15:21,brain,8432000,31.07,76.85,1005.66,31.59,69.07,1005.34,0,0,MANUAL,1,1,1,
2026-09-27 22:15:22,brain,8433000,31.06,77.11,1005.53,31.60,69.13,1005.38,0,0,MANUAL,1,1,1,
2026-09-27 22:15:23,brain,8434000,31.06,77.11,1005.56,31.60,69.04,1005.38,0,0,MANUAL,1,1,1,
2026-09-27 22:15:24,brain,8435000,31.05,76.95,1005.58,31.59,69.05,1005.37,0,0,MANUAL,1,1,1,
2026-09-27 22:15:25,brain,8436000,31.07,77.33,1005.61,31.60,69.10,1005.38,0,0,MANUAL,1,1,1,
2026-09-27 22:15:26,brain,8437000,31.07,77.09,1005.63,31.60,68.96,1005.38,0,0,MANUAL,1,1,1,
2026-09-27 22:15:27,brain,8438000,31.07,77.49,1005.61,31.60,68.97,1005.38,0,0,MANUAL,1,1,1,
2026-09-27 22:15:28,brain,8439000,31.06,77.12,1005.60,31.60,69.03,1005.36,0,0,MANUAL,1,1,1,
2026-09-27 22:15:29,brain,8440000,31.07,77.95,1005.61,31.59,69.05,1005.37,0,0,MANUAL,1,1,1,
2026-09-27 22:15:30,brain,8441000,31.08,77.80,1005.62,31.60,69.04,1005.33,0,0,MANUAL,1,1,1,
2026-09-27 22:15:31,brain,8442000,31.09,78.24,1005.67,31.59,69.03,1005.31,0,0,MANUAL,1,1,1,
2026-09-27 22:15:32,brain,8443000,31.09,78.68,1005.61,31.59,69.12,1005.37,0,0,MANUAL,1,1,1,
2026-09-27 22:15:33,brain,8444000,31.08,79.19,1005.63,31.59,69.35,1005.34,0,0,MANUAL,1,1,1,
2026-09-27 22:15:34,brain,8445000,31.10,79.83,1005.60,31.59,69.16,1005.36,0,0,MANUAL,1,1,1,
2026-09-27 22:15:35,brain,8446000,31.09,79.58,1005.64,31.60,69.07,1005.40,0,0,MANUAL,1,1,1,
2026-09-27 22:15:36,brain,8447000,31.07,78.60,1005.61,31.59,69.31,1005.36,0,0,MANUAL,1,1,1,
2026-09-27 22:15:37,brain,8448000,31.07,78.31,1005.55,31.60,69.10,1005.38,0,0,MANUAL,1,1,1,
2026-09-27 22:15:38,brain,8449000,31.07,77.42,1005.66,31.59,69.06,1005.37,0,0,MANUAL,1,1,1,
2026-09-27 22:15:39,brain,8450000,31.06,77.42,1005.60,31.59,69.00,1005.34,0,0,MANUAL,1,1,1,
2026-09-27 22:15:40,brain,8451000,31.07,77.16,1005.63,31.59,69.25,1005.42,0,0,MANUAL,1,1,1,
2026-09-27 22:15:41,brain,8452000,31.07,77.35,1005.58,31.59,69.12,1005.37,0,0,MANUAL,1,1,1,
2026-09-27 22:15:42,brain,8453000,31.06,76.93,1005.63,31.59,69.26,1005.36,0,0,MANUAL,1,1,1,
2026-09-27 22:15:43,brain,8454000,31.06,76.44,1005.60,31.59,69.32,1005.36,0,0,MANUAL,1,1,1,
2026-09-27 22:15:44,brain,8455000,31.06,76.72,1005.60,31.58,69.53,1005.41,0,0,MANUAL,1,1,1,
2026-09-27 22:15:45,brain,8456000,31.06,76.34,1005.74,31.60,69.47,1005.35,0,0,MANUAL,1,1,1,
2026-09-27 22:15:46,brain,8457000,31.06,75.44,1005.67,31.60,69.20,1005.35,0,0,MANUAL,1,1,1,
2026-09-27 22:15:47,brain,8458000,31.05,74.99,1005.61,31.59,69.26,1005.37,0,0,MANUAL,1,1,1,
2026-09-27 22:15:48,brain,8459000,31.04,74.81,1005.62,31.60,69.49,1005.38,0,0,MANUAL,1,1,1,
2026-09-27 22:15:49,brain,8460000,31.04,74.93,1005.65,31.58,69.07,1005.32,0,0,MANUAL,1,1,1,
2026-09-27 22:15:50,brain,8461000,31.04,75.28,1005.57,31.59,69.31,1005.39,0,0,MANUAL,1,1,1,
2026-09-27 22:15:51,brain,8462000,31.05,76.30,1005.57,31.58,69.33,1005.35,0,0,MANUAL,1,1,1,
2026-09-27 22:15:52,brain,8463000,31.04,76.07,1005.62,31.59,69.33,1005.42,0,0,MANUAL,1,1,1,
2026-09-27 22:15:53,brain,8464000,31.04,76.10,1005.59,31.59,69.01,1005.39,0,0,MANUAL,1,1,1,
2026-09-27 22:15:54,brain,8465000,31.02,74.85,1005.61,31.58,69.15,1005.35,0,0,MANUAL,1,1,1,
2026-09-27 22:15:55,brain,8466000,31.02,74.54,1005.64,31.59,69.50,1005.39,0,0,MANUAL,1,1,1,
2026-09-27 22:15:56,brain,8467000,31.03,74.87,1005.60,31.59,69.21,1005.42,0,0,MANUAL,1,1,1,
2026-09-27 22:15:57,brain,8468000,31.03,74.33,1005.63,31.59,69.22,1005.37,0,0,MANUAL,1,1,1,
2026-09-27 22:15:58,brain,8469000,31.03,74.80,1005.61,31.59,69.07,1005.42,0,0,MANUAL,1,1,1,
2026-09-27 22:15:59,brain,8470000,31.03,74.29,1005.65,31.58,69.05,1005.35,0,0,MANUAL,1,1,1,
2026-09-27 22:16:00,brain,8471000,31.02,74.30,1005.64,31.59,69.06,1005.39,0,0,MANUAL,1,1,1,
2026-09-27 22:16:01,brain,8472000,31.01,73.84,1005.57,31.58,69.15,1005.35,0,0,MANUAL,1,1,1,
2026-09-27 22:16:02,brain,8473000,31.02,73.95,1005.64,31.59,69.30,1005.36,0,0,MANUAL,1,1,1,
2026-09-27 22:16:03,brain,8474000,31.02,73.98,1005.64,31.60,69.05,1005.40,0,0,MANUAL,1,1,1,
2026-09-27 22:16:04,brain,8475000,31.03,74.45,1005.57,31.59,69.30,1005.42,0,0,MANUAL,1,1,1,
2026-09-27 22:16:05,brain,8476000,31.01,73.90,1005.55,31.58,69.03,1005.35,0,0,MANUAL,1,1,1,
2026-09-27 22:16:06,brain,8477000,31.02,74.15,1005.59,31.59,69.21,1005.33,0,0,MANUAL,1,1,1,
2026-09-27 22:16:07,brain,8478000,31.01,73.69,1005.59,31.58,69.12,1005.32,0,0,MANUAL,1,1,1,
2026-09-27 22:16:08,brain,8479000,31.01,73.52,1005.57,31.59,69.31,1005.36,0,0,MANUAL,1,1,1,
2026-09-27 22:16:09,brain,8480000,31.03,73.80,1005.58,31.59,69.00,1005.31,0,0,MANUAL,1,1,1,
2026-09-27 22:16:10,brain,8481000,31.01,74.75,1005.55,31.58,69.18,1005.35,0,0,MANUAL,1,1,1,
2026-09-27 22:16:11,brain,8482000,31.02,75.49,1005.61,31.59,69.05,1005.37,0,0,MANUAL,1,1,1,
2026-09-27 22:16:12,brain,8483000,31.01,74.80,1005.66,31.60,69.04,1005.43,0,0,MANUAL,1,1,1,
2026-09-27 22:16:13,brain,8484000,31.02,74.20,1005.56,31.60,69.01,1005.40,0,0,MANUAL,1,1,1,
2026-09-27 22:16:14,brain,8485000,31.02,74.03,1005.58,31.59,69.24,1005.40,0,0,MANUAL,1,1,1,
2026-09-27 22:16:15,brain,8486000,31.02,74.08,1005.58,31.59,69.04,1005.39,0,0,MANUAL,1,1,1,
2026-09-27 22:16:16,brain,8487000,31.03,74.09,1005.58,31.60,69.15,1005.38,0,0,MANUAL,1,1,1,
2026-09-27 22:16:17,brain,8488000,31.03,74.35,1005.58,31.59,69.07,1005.34,0,0,MANUAL,1,1,1,
2026-09-27 22:16:18,brain,8489000,31.02,73.84,1005.61,31.59,69.14,1005.33,0,0,MANUAL,1,1,1,
2026-09-27 22:16:19,brain,8490000,31.03,74.17,1005.58,31.59,69.44,1005.36,0,0,MANUAL,1,1,1,
2026-09-27 22:16:20,brain,8491000,31.03,74.43,1005.63,31.59,68.99,1005.31,0,0,MANUAL,1,1,1,
2026-09-27 22:16:21,brain,8492000,31.04,74.13,1005.61,31.59,69.07,1005.36,0,0,MANUAL,1,1,1,
2026-09-27 22:16:22,brain,8493000,31.04,74.47,1005.67,31.59,69.10,1005.30,0,0,MANUAL,1,1,1,
2026-09-27 22:16:23,brain,8494000,31.02,73.57,1005.58,31.59,69.03,1005.33,0,0,MANUAL,1,1,1,
2026-09-27 22:16:24,brain,8495000,31.03,73.69,1005.61,31.59,69.08,1005.40,0,0,MANUAL,1,1,1,
2026-09-27 22:16:25,brain,8496000,31.04,73.99,1005.56,31.59,68.99,1005.37,0,0,MANUAL,1,1,1,
2026-09-27 22:16:26,brain,8497000,31.02,73.86,1005.55,31.59,69.04,1005.36,0,0,MANUAL,1,1,1,
2026-09-27 22:16:27,brain,8498000,31.03,73.61,1005.57,31.59,69.07,1005.42,0,0,MANUAL,1,1,1,
2026-09-27 22:16:28,brain,8499000,31.03,73.77,1005.60,31.59,69.08,1005.36,0,0,MANUAL,1,1,1,
2026-09-27 22:16:29,brain,8500000,31.03,74.84,1005.66,31.58,69.05,1005.32,0,0,MANUAL,1,1,1,
2026-09-27 22:16:30,brain,8501000,31.04,74.32,1005.61,31.58,69.04,1005.41,0,0,MANUAL,1,1,1,
2026-09-27 22:16:31,brain,8502000,31.03,74.33,1005.63,31.58,69.12,1005.35,0,0,MANUAL,1,1,1,
2026-09-27 22:16:32,brain,8503000,31.03,74.58,1005.61,31.59,68.95,1005.33,0,0,MANUAL,1,1,1,
2026-09-27 22:16:33,brain,8504000,31.03,74.60,1005.61,31.59,69.13,1005.39,0,0,MANUAL,1,1,1,
2026-09-27 22:16:34,brain,8505000,31.04,74.66,1005.62,31.59,69.11,1005.40,0,0,MANUAL,1,1,1,
2026-09-27 22:16:35,brain,8506000,31.04,74.59,1005.57,31.58,69.12,1005.35,0,0,MANUAL,1,1,1,
2026-09-27 22:16:36,brain,8507000,31.06,76.21,1005.59,31.58,69.09,1005.35,0,0,MANUAL,1,1,1,
2026-09-27 22:16:37,brain,8508000,31.06,77.11,1005.57,31.57,68.97,1005.31,0,0,MANUAL,1,1,1,
2026-09-27 22:16:38,brain,8509000,31.05,76.74,1005.60,31.58,69.12,1005.38,0,0,MANUAL,1,1,1,
2026-09-27 22:16:39,brain,8510000,31.05,76.13,1005.61,31.57,69.18,1005.39,0,0,MANUAL,1,1,1,
2026-09-27 22:16:40,brain,8511000,31.05,76.19,1005.58,31.58,69.14,1005.40,0,0,MANUAL,1,1,1,
2026-09-27 22:16:41,brain,8512000,31.05,76.10,1005.63,31.57,69.09,1005.34,0,0,MANUAL,1,1,1,
2026-09-27 22:16:42,brain,8513000,31.06,75.66,1005.60,31.57,69.02,1005.36,0,0,MANUAL,1,1,1,
2026-09-27 22:16:43,brain,8514000,31.06,76.01,1005.60,31.57,69.10,1005.36,0,0,MANUAL,1,1,1,
2026-09-27 22:16:44,brain,8515000,31.07,76.96,1005.58,31.57,69.27,1005.36,0,0,MANUAL,1,1,1,
2026-09-27 22:16:45,brain,8516000,31.08,77.20,1005.59,31.57,68.99,1005.33,0,0,MANUAL,1,1,1,
2026-09-27 22:16:46,brain,8517000,31.06,76.39,1005.60,31.57,69.24,1005.42,0,0,MANUAL,1,1,1,
2026-09-27 22:16:47,brain,8518000,31.07,75.85,1005.61,31.57,69.19,1005.34,0,0,MANUAL,1,1,1,
2026-09-27 22:16:48,brain,8519000,31.06,75.54,1005.60,31.57,69.07,1005.34,0,0,MANUAL,1,1,1,
2026-09-27 22:16:49,brain,8520000,31.07,75.93,1005.61,31.58,69.13,1005.34,0,0,MANUAL,1,1,1,
2026-09-27 22:16:50,brain,8521000,31.08,76.56,1005.63,31.58,69.29,1005.35,0,0,MANUAL,1,1,1,
2026-09-27 22:16:51,brain,8522000,31.07,76.05,1005.56,31.56,69.19,1005.38,0,0,MANUAL,1,1,1,
2026-09-27 22:16:52,brain,8523000,31.07,75.47,1005.61,31.58,69.10,1005.32,0,0,MANUAL,1,1,1,
2026-09-27 22:16:53,brain,8524000,31.08,75.35,1005.65,31.58,69.18,1005.34,0,0,MANUAL,1,1,1,
2026-09-27 22:16:54,brain,8525000,31.07,74.75,1005.69,31.57,68.98,1005.39,0,0,MANUAL,1,1,1,
2026-09-27 22:16:55,brain,8526000,31.07,74.64,1005.64,31.58,69.14,1005.34,0,0,MANUAL,1,1,1,
2026-09-27 22:16:56,brain,8527000,31.07,75.08,1005.66,31.58,68.97,1005.37,0,0,MANUAL,1,1,1,
2026-09-27 22:16:57,brain,8528000,31.08,74.79,1005.57,31.57,69.15,1005.42,0,0,MANUAL,1,1,1,
2026-09-27 22:16:58,brain,8529000,31.07,74.62,1005.63,31.58,68.98,1005.40,0,0,MANUAL,1,1,1,
2026-09-27 22:16:59,brain,8530000,31.07,74.31,1005.61,31.57,68.99,1005.39,0,0,MANUAL,1,1,1,
2026-09-27 22:17:00,brain,8531000,31.07,74.88,1005.61,31.57,69.14,1005.34,0,0,MANUAL,1,1,1,
2026-09-27 22:17:01,brain,8532000,31.07,74.63,1005.64,31.58,68.98,1005.34,0,0,MANUAL,1,1,1,
2026-09-27 22:17:02,brain,8533000,31.07,74.55,1005.64,31.58,68.98,1005.32,0,0,MANUAL,1,1,1,
2026-09-27 22:17:03,brain,8534000,31.08,74.71,1005.74,31.57,68.96,1005.34,0,0,MANUAL,1,1,1,
2026-09-27 22:17:04,brain,8535000,31.07,74.97,1005.67,31.57,68.99,1005.34,0,0,MANUAL,1,1,1,
2026-09-27 22:17:05,brain,8536000,31.07,74.98,1005.61,31.58,69.00,1005.34,0,0,MANUAL,1,1,1,
2026-09-27 22:17:06,brain,8537000,31.07,75.18,1005.61,31.58,69.04,1005.43,0,0,MANUAL,1,1,1,
2026-09-27 22:17:07,brain,8538000,31.07,74.55,1005.56,31.58,69.12,1005.27,0,0,MANUAL,1,1,1,
2026-09-27 22:17:08,brain,8539000,31.08,75.36,1005.65,31.57,69.15,1005.34,0,0,MANUAL,1,1,1,
2026-09-27 22:17:09,brain,8540000,31.09,76.16,1005.61,31.58,69.09,1005.32,0,0,MANUAL,1,1,1,
2026-09-27 22:17:10,brain,8541000,31.07,75.28,1005.61,31.57,69.13,1005.34,0,0,MANUAL,1,1,1,
2026-09-27 22:17:11,brain,8542000,31.07,74.55,1005.58,31.58,68.94,1005.43,0,0,MANUAL,1,1,1,
2026-09-27 22:17:12,brain,8543000,31.08,74.27,1005.57,31.58,68.97,1005.40,0,0,MANUAL,1,1,1,
2026-09-27 22:17:13,brain,8544000,31.08,74.41,1005.63,31.58,69.06,1005.32,0,0,MANUAL,1,1,1,
2026-09-27 22:17:14,brain,8545000,31.08,74.22,1005.62,31.58,68.90,1005.35,0,0,MANUAL,1,1,1,
2026-09-27 22:17:15,brain,8546000,31.08,74.70,1005.63,31.58,68.98,1005.40,0,0,MANUAL,1,1,1,
2026-09-27 22:17:16,brain,8547000,31.07,74.23,1005.58,31.58,69.05,1005.32,0,0,MANUAL,1,1,1,
2026-09-27 22:17:17,brain,8548000,31.08,73.78,1005.59,31.58,68.96,1005.35,0,0,MANUAL,1,1,1,
2026-09-27 22:17:18,brain,8549000,31.08,74.25,1005.68,31.58,69.04,1005.32,0,0,MANUAL,1,1,1,
2026-09-27 22:17:19,brain,8550000,31.07,74.04,1005.64,31.58,69.06,1005.35,0,0,MANUAL,1,1,1,
2026-09-27 22:17:20,brain,8551000,31.08,75.31,1005.60,31.58,69.41,1005.40,0,0,MANUAL,1,1,1,
2026-09-27 22:17:21,brain,8552000,31.07,76.19,1005.59,31.58,69.32,1005.34,0,0,MANUAL,1,1,1,
2026-09-27 22:17:22,brain,8553000,31.08,76.02,1005.69,31.58,69.14,1005.38,0,0,MANUAL,1,1,1,
2026-09-27 22:17:23,brain,8554000,31.08,75.33,1005.71,31.57,69.13,1005.34,0,0,MANUAL,1,1,1,
2026-09-27 22:17:24,brain,8555000,31.09,76.16,1005.67,31.57,69.04,1005.39,0,0,MANUAL,1,1,1,
2026-09-27 22:17:25,brain,8556000,31.10,76.81,1005.63,31.58,69.05,1005.35,0,0,MANUAL,1,1,1,
2026-09-27 22:17:26,brain,8557000,31.10,76.81,1005.63,31.58,69.04,1005.35,0,0,MANUAL,1,1,1,
2026-09-27 22:17:27,brain,8558000,31.09,76.73,1005.62,31.58,68.93,1005.40,0,0,MANUAL,1,1,1,
2026-09-27 22:17:28,brain,8559000,31.09,76.15,1005.61,31.58,69.06,1005.38,0,0,MANUAL,1,1,1,
2026-09-27 22:17:29,brain,8560000,31.09,76.24,1005.67,31.58,68.96,1005.43,0,0,MANUAL,1,1,1,
2026-09-27 22:17:30,brain,8561000,31.10,76.45,1005.60,31.58,69.07,1005.40,0,0,MANUAL,1,1,1,
2026-09-27 22:17:31,brain,8562000,31.10,77.01,1005.66,31.58,69.12,1005.41,0,0,MANUAL,1,1,1,
2026-09-27 22:17:32,brain,8563000,31.10,77.44,1005.60,31.58,69.03,1005.35,0,0,MANUAL,1,1,1,
2026-09-27 22:17:33,brain,8564000,31.11,78.31,1005.57,31.58,69.16,1005.34,0,0,MANUAL,1,1,1,
2026-09-27 22:17:34,brain,8565000,31.12,78.59,1005.66,31.58,68.95,1005.43,0,0,MANUAL,1,1,1,
2026-09-27 22:17:35,brain,8566000,31.11,78.64,1005.59,31.58,69.09,1005.32,0,0,MANUAL,1,1,1,
2026-09-27 22:17:36,brain,8567000,31.12,78.45,1005.63,31.58,69.11,1005.37,0,0,MANUAL,1,1,1,
2026-09-27 22:17:37,brain,8568000,31.12,78.32,1005.66,31.57,69.46,1005.36,0,0,MANUAL,1,1,1,
2026-09-27 22:17:38,brain,8569000,31.12,78.33,1005.70,31.57,69.42,1005.42,0,0,MANUAL,1,1,1,
2026-09-27 22:17:39,brain,8570000,31.10,77.19,1005.66,31.57,69.27,1005.39,0,0,MANUAL,1,1,1,
2026-09-27 22:17:40,brain,8571000,31.11,76.52,1005.59,31.58,69.21,1005.40,0,0,MANUAL,1,1,1,
2026-09-27 22:17:41,brain,8572000,31.11,77.02,1005.61,31.57,69.11,1005.36,0,0,MANUAL,1,1,1,
2026-09-27 22:17:42,brain,8573000,31.12,76.96,1005.63,31.57,69.05,1005.36,0,0,MANUAL,1,1,1,
2026-09-27 22:17:43,brain,8574000,31.11,75.58,1005.64,31.58,69.04,1005.40,0,0,MANUAL,1,1,1,
2026-09-27 22:17:44,brain,8575000,31.10,74.75,1005.65,31.58,68.98,1005.37,0,0,MANUAL,1,1,1,
2026-09-27 22:17:45,brain,8576000,31.10,75.29,1005.63,31.57,68.99,1005.39,0,0,MANUAL,1,1,1,
2026-09-27 22:17:46,brain,8577000,31.10,75.81,1005.68,31.59,69.08,1005.36,0,0,MANUAL,1,1,1,
2026-09-27 22:17:47,brain,8578000,31.10,76.26,1005.63,31.57,68.97,1005.45,0,0,MANUAL,1,1,1,
2026-09-27 22:17:48,brain,8579000,31.10,76.25,1005.60,31.59,69.39,1005.42,0,0,MANUAL,1,1,1,
2026-09-27 22:17:49,brain,8580000,31.08,75.97,1005.66,31.58,69.24,1005.37,0,0,MANUAL,1,1,1,
2026-09-27 22:17:50,brain,8581000,31.08,74.74,1005.69,31.57,69.05,1005.39,0,0,MANUAL,1,1,1,
2026-09-27 22:17:51,brain,8582000,31.08,74.52,1005.60,31.58,69.14,1005.40,0,0,MANUAL,1,1,1,
2026-09-27 22:17:52,brain,8583000,31.08,74.15,1005.68,31.58,69.14,1005.34,0,0,MANUAL,1,1,1,
2026-09-27 22:17:53,brain,8584000,31.09,74.56,1005.70,31.58,68.99,1005.40,0,0,MANUAL,1,1,1,
2026-09-27 22:17:54,brain,8585000,31.09,74.49,1005.65,31.58,69.08,1005.34,0,0,MANUAL,1,1,1,
2026-09-27 22:17:55,brain,8586000,31.07,73.97,1005.64,31.58,69.25,1005.40,0,0,MANUAL,1,1,1,
2026-09-27 22:17:56,brain,8587000,31.08,73.84,1005.62,31.57,69.14,1005.36,0,0,MANUAL,1,1,1,
2026-09-27 22:17:57,brain,8588000,31.08,73.38,1005.54,31.57,68.95,1005.42,0,0,MANUAL,1,1,1,
2026-09-27 22:17:58,brain,8589000,31.08,73.57,1005.63,31.57,69.18,1005.45,0,0,MANUAL,1,1,1,
2026-09-27 22:17:59,brain,8590000,31.08,73.71,1005.60,31.58,69.39,1005.41,0,0,MANUAL,1,1,1,
2026-09-27 22:18:00,brain,8591000,31.08,73.80,1005.60,31.57,69.28,1005.39,0,0,MANUAL,1,1,1,
2026-09-27 22:18:01,brain,8592000,31.08,74.39,1005.57,31.58,68.98,1005.40,0,0,MANUAL,1,1,1,
2026-09-27 22:18:02,brain,8593000,31.09,74.70,1005.67,31.57,68.92,1005.36,0,0,MANUAL,1,1,1,
2026-09-27 22:18:03,brain,8594000,31.08,74.37,1005.63,31.57,68.99,1005.36,0,0,MANUAL,1,1,1,
2026-09-27 22:18:04,brain,8595000,31.09,74.65,1005.58,31.57,69.00,1005.36,0,0,MANUAL,1,1,1,
2026-09-27 22:18:05,brain,8596000,31.09,75.02,1005.65,31.57,68.97,1005.39,0,0,MANUAL,1,1,1,
2026-09-27 22:18:06,brain,8597000,31.09,75.55,1005.67,31.57,69.02,1005.42,0,0,MANUAL,1,1,1,
2026-09-27 22:18:07,brain,8598000,31.10,76.13,1005.61,31.58,68.91,1005.40,0,0,MANUAL,1,1,1,
2026-09-27 22:18:08,brain,8599000,31.10,75.69,1005.65,31.57,69.13,1005.42,0,0,MANUAL,1,1,1,
2026-09-27 22:18:09,brain,8600000,31.09,75.21,1005.67,31.57,68.98,1005.39,0,0,MANUAL,1,1,1,
2026-09-27 22:18:10,brain,8601000,31.10,74.78,1005.65,31.57,69.19,1005.39,0,0,MANUAL,1,1,1,
2026-09-27 22:18:11,brain,8602000,31.09,74.22,1005.70,31.57,68.89,1005.33,0,0,MANUAL,1,1,1,
2026-09-27 22:18:12,brain,8603000,31.10,74.24,1005.63,31.57,68.93,1005.31,0,0,MANUAL,1,1,1,
2026-09-27 22:18:13,brain,8604000,31.09,74.06,1005.65,31.57,68.90,1005.39,0,0,MANUAL,1,1,1,
2026-09-27 22:18:14,brain,8605000,31.10,74.72,1005.68,31.56,69.08,1005.38,0,0,MANUAL,1,1,1,
2026-09-27 22:18:15,brain,8606000,31.10,75.07,1005.66,31.58,68.88,1005.43,0,0,MANUAL,1,1,1,
2026-09-27 22:18:16,brain,8607000,31.10,74.49,1005.63,31.57,68.98,1005.39,0,0,MANUAL,1,1,1,
2026-09-27 22:18:17,brain,8608000,31.10,74.44,1005.66,31.56,69.25,1005.38,0,0,MANUAL,1,1,1,
2026-09-27 22:18:18,brain,8609000,31.10,74.69,1005.66,31.57,69.00,1005.39,0,0,MANUAL,1,1,1,
2026-09-27 22:18:19,brain,8610000,31.10,75.14,1005.61,31.55,69.00,1005.40,0,0,MANUAL,1,1,1,
2026-09-27 22:18:20,brain,8611000,31.10,74.42,1005.63,31.57,69.22,1005.39,0,0,MANUAL,1,1,1,
2026-09-27 22:18:21,brain,8612000,31.10,73.92,1005.71,31.57,69.16,1005.36,0,0,MANUAL,1,1,1,
2026-09-27 22:18:22,brain,8613000,31.10,74.22,1005.72,31.57,68.84,1005.36,0,0,MANUAL,1,1,1,
2026-09-27 22:18:23,brain,8614000,31.09,74.28,1005.59,31.57,68.92,1005.41,0,0,MANUAL,1,1,1,
2026-09-27 22:18:24,brain,8615000,31.09,74.11,1005.67,31.57,69.23,1005.36,0,0,MANUAL,1,1,1,
2026-09-27 22:18:25,brain,8616000,31.10,75.11,1005.63,31.57,68.91,1005.38,0,0,MANUAL,1,1,1,
2026-09-27 22:18:26,brain,8617000,31.10,76.17,1005.61,31.56,68.89,1005.38,0,0,MANUAL,1,1,1,
2026-09-27 22:18:27,brain,8618000,31.10,76.31,1005.63,31.57,69.08,1005.38,0,0,MANUAL,1,1,1,
2026-09-27 22:18:28,brain,8619000,31.09,74.94,1005.65,31.57,69.28,1005.36,0,0,MANUAL,1,1,1,
2026-09-27 22:18:29,brain,8620000,31.10,75.13,1005.63,31.57,68.88,1005.42,0,0,MANUAL,1,1,1,
2026-09-27 22:18:30,brain,8621000,31.11,76.15,1005.62,31.56,68.95,1005.32,0,0,MANUAL,1,1,1,
2026-09-27 22:18:31,brain,8622000,31.11,76.87,1005.62,31.57,68.93,1005.44,0,0,MANUAL,1,1,1,
2026-09-27 22:18:32,brain,8623000,31.10,75.69,1005.66,31.57,69.10,1005.44,0,0,MANUAL,1,1,1,
2026-09-27 22:18:33,brain,8624000,31.10,75.13,1005.60,31.57,68.92,1005.41,0,0,MANUAL,1,1,1,
2026-09-27 22:18:34,brain,8625000,31.09,74.66,1005.62,31.57,68.96,1005.38,0,0,MANUAL,1,1,1,
2026-09-27 22:18:35,brain,8626000,31.10,75.36,1005.68,31.57,69.08,1005.39,0,0,MANUAL,1,1,1,
2026-09-27 22:18:36,brain,8627000,31.10,75.59,1005.61,31.57,68.92,1005.44,0,0,MANUAL,1,1,1,
2026-09-27 22:18:37,brain,8628000,31.10,75.37,1005.63,31.56,68.93,1005.38,0,0,MANUAL,1,1,1,
2026-09-27 22:18:38,brain,8629000,31.09,74.70,1005.65,31.57,69.06,1005.39,0,0,MANUAL,1,1,1,
2026-09-27 22:18:39,brain,8630000,31.09,74.52,1005.65,31.57,68.97,1005.36,0,0,MANUAL,1,1,1,
2026-09-27 22:18:40,brain,8631000,31.09,74.50,1005.67,31.57,69.03,1005.44,0,0,MANUAL,1,1,1,
2026-09-27 22:18:41,brain,8632000,31.10,74.86,1005.63,31.56,68.92,1005.35,0,0,MANUAL,1,1,1,
2026-09-27 22:18:42,brain,8633000,31.10,75.38,1005.57,31.57,68.94,1005.38,0,0,MANUAL,1,1,1,
2026-09-27 22:18:43,brain,8634000,31.08,74.29,1005.66,31.57,69.01,1005.39,0,0,MANUAL,1,1,1,
2026-09-27 22:18:44,brain,8635000,31.09,73.78,1005.65,31.56,68.94,1005.38,0,0,MANUAL,1,1,1,
2026-09-27 22:18:45,brain,8636000,31.10,73.74,1005.60,31.57,69.00,1005.38,0,0,MANUAL,1,1,1,
2026-09-27 22:18:46,brain,8637000,31.09,74.02,1005.65,31.57,68.93,1005.39,0,0,MANUAL,1,1,1,
2026-09-27 22:18:47,brain,8638000,31.09,73.73,1005.62,31.56,68.93,1005.38,0,0,MANUAL,1,1,1,
2026-09-27 22:18:48,brain,8639000,31.10,74.05,1005.63,31.57,68.93,1005.38,0,0,MANUAL,1,1,1,
2026-09-27 22:18:49,brain,8640000,31.08,73.61,1005.63,31.57,68.98,1005.44,0,0,MANUAL,1,1,1,
2026-09-27 22:18:50,brain,8641000,31.09,73.43,1005.62,31.56,68.98,1005.43,0,0,MANUAL,1,1,1,
2026-09-27 22:18:51,brain,8642000,31.08,73.02,1005.63,31.55,68.95,1005.39,0,0,MANUAL,1,1,1,
2026-09-27 22:18:52,brain,8643000,31.09,73.24,1005.64,31.55,68.96,1005.34,0,0,MANUAL,1,1,1,
2026-09-27 22:18:53,brain,8644000,31.09,73.93,1005.65,31.56,68.93,1005.38,0,0,MANUAL,1,1,1,
2026-09-27 22:18:54,brain,8645000,31.09,73.83,1005.64,31.56,69.11,1005.40,0,0,MANUAL,1,1,1,
2026-09-27 22:18:55,brain,8646000,31.08,74.33,1005.59,31.56,69.09,1005.40,0,0,MANUAL,1,1,1,
2026-09-27 22:18:56,brain,8647000,31.10,74.75,1005.65,31.55,69.03,1005.37,0,0,MANUAL,1,1,1,
2026-09-27 22:18:57,brain,8648000,31.09,75.43,1005.59,31.56,69.25,1005.38,0,0,MANUAL,1,1,1,
2026-09-27 22:18:58,brain,8649000,31.10,75.69,1005.65,31.57,69.08,1005.33,0,0,MANUAL,1,1,1,
2026-09-27 22:18:59,brain,8650000,31.08,74.38,1005.63,31.57,69.33,1005.38,0,0,MANUAL,1,1,1,
2026-09-27 22:19:00,brain,8651000,31.09,74.33,1005.64,31.56,68.95,1005.38,0,0,MANUAL,1,1,1,
2026-09-27 22:19:01,brain,8652000,31.10,74.54,1005.65,31.57,69.15,1005.38,0,0,MANUAL,1,1,1,
2026-09-27 22:19:02,brain,8653000,31.08,74.15,1005.69,31.57,68.96,1005.41,0,0,MANUAL,1,1,1,
2026-09-27 22:19:03,brain,8654000,31.08,74.88,1005.69,31.57,69.41,1005.41,0,0,MANUAL,1,1,1,
2026-09-27 22:19:04,brain,8655000,31.09,74.52,1005.64,31.56,69.03,1005.38,0,0,MANUAL,1,1,1,
2026-09-27 22:19:05,brain,8656000,31.08,73.93,1005.69,31.57,69.01,1005.39,0,0,MANUAL,1,1,1,
2026-09-27 22:19:06,brain,8657000,31.08,73.63,1005.62,31.57,69.03,1005.38,0,0,MANUAL,1,1,1,
2026-09-27 22:19:07,brain,8658000,31.09,74.85,1005.65,31.56,69.10,1005.43,0,0,MANUAL,1,1,1,
2026-09-27 22:19:08,brain,8659000,31.08,75.96,1005.62,31.57,68.94,1005.38,0,0,MANUAL,1,1,1,
2026-09-27 22:19:09,brain,8660000,31.09,75.72,1005.64,31.58,68.97,1005.43,0,0,MANUAL,1,1,1,
2026-09-27 22:19:10,brain,8661000,31.07,74.60,1005.67,31.57,68.91,1005.39,0,0,MANUAL,1,1,1,
2026-09-27 22:19:11,brain,8662000,31.08,74.74,1005.69,31.56,68.98,1005.43,0,0,MANUAL,1,1,1,
2026-09-27 22:19:12,brain,8663000,31.08,75.62,1005.59,31.58,69.19,1005.45,0,0,MANUAL,1,1,1,
2026-09-27 22:19:13,brain,8664000,31.08,75.20,1005.63,31.57,69.08,1005.45,0,0,MANUAL,1,1,1,
2026-09-27 22:19:14,brain,8665000,31.08,74.72,1005.69,31.57,68.88,1005.36,0,0,MANUAL,1,1,1,
2026-09-27 22:19:15,brain,8666000,31.08,74.91,1005.60,31.57,68.97,1005.45,0,0,MANUAL,1,1,1,
2026-09-27 22:19:16,brain,8667000,31.08,74.68,1005.66,31.56,68.90,1005.35,0,0,MANUAL,1,1,1,
2026-09-27 22:19:17,brain,8668000,31.08,74.60,1005.63,31.57,69.15,1005.39,0,0,MANUAL,1,1,1,
2026-09-27 22:19:18,brain,8669000,31.08,75.06,1005.60,31.57,69.19,1005.36,0,0,MANUAL,1,1,1,
2026-09-27 22:19:19,brain,8670000,31.08,75.75,1005.63,31.57,68.99,1005.38,0,0,MANUAL,1,1,1,
2026-09-27 22:19:20,brain,8671000,31.09,75.29,1005.65,31.57,69.07,1005.39,0,0,MANUAL,1,1,1,
2026-09-27 22:19:21,brain,8672000,31.10,75.91,1005.60,31.56,69.16,1005.43,0,0,MANUAL,1,1,1,
2026-09-27 22:19:22,brain,8673000,31.08,74.81,1005.66,31.57,69.01,1005.36,0,0,MANUAL,1,1,1,
2026-09-27 22:19:23,brain,8674000,31.09,74.49,1005.64,31.56,69.04,1005.43,0,0,MANUAL,1,1,1,
2026-09-27 22:19:24,brain,8675000,31.09,74.60,1005.67,31.55,69.03,1005.37,0,0,MANUAL,1,1,1,
2026-09-27 22:19:25,brain,8676000,31.08,74.82,1005.63,31.56,68.96,1005.40,0,0,MANUAL,1,1,1,
2026-09-27 22:19:26,brain,8677000,31.09,75.17,1005.61,31.55,69.16,1005.40,0,0,MANUAL,1,1,1,
2026-09-27 22:19:27,brain,8678000,31.10,75.86,1005.63,31.56,69.00,1005.38,0,0,MANUAL,1,1,1,
2026-09-27 22:19:28,brain,8679000,31.10,75.59,1005.68,31.56,69.10,1005.38,0,0,MANUAL,1,1,1,
2026-09-27 22:19:29,brain,8680000,31.09,74.36,1005.67,31.57,69.05,1005.33,0,0,MANUAL,1,1,1,
2026-09-27 22:19:30,brain,8681000,31.10,74.35,1005.65,31.57,69.41,1005.36,0,0,MANUAL,1,1,1,
2026-09-27 22:19:31,brain,8682000,31.09,74.02,1005.65,31.57,69.18,1005.36,0,0,MANUAL,1,1,1,
2026-09-27 22:19:32,brain,8683000,31.09,74.32,1005.62,31.57,69.08,1005.36,0,0,MANUAL,1,1,1,
2026-09-27 22:19:33,brain,8684000,31.09,74.02,1005.65,31.56,69.03,1005.38,0,0,MANUAL,1,1,1,
2026-09-27 22:19:34,brain,8685000,31.11,73.86,1005.67,31.56,69.01,1005.40,0,0,MANUAL,1,1,1,
2026-09-27 22:19:35,brain,8686000,31.10,73.99,1005.58,31.58,69.16,1005.37,0,0,MANUAL,1,1,1,
2026-09-27 22:19:36,brain,8687000,31.09,73.71,1005.67,31.57,68.99,1005.38,0,0,MANUAL,1,1,1,
2026-09-27 22:19:37,brain,8688000,31.09,73.58,1005.61,31.57,68.89,1005.38,0,0,MANUAL,1,1,1,
2026-09-27 22:19:38,brain,8689000,31.08,73.31,1005.60,31.57,68.94,1005.38,0,0,MANUAL,1,1,1,
2026-09-27 22:19:39,brain,8690000,31.09,73.26,1005.64,31.56,68.99,1005.38,0,0,MANUAL,1,1,1,
2026-09-27 22:19:40,brain,8691000,31.09,73.25,1005.67,31.58,69.08,1005.34,0,0,MANUAL,1,1,1,
2026-09-27 22:19:41,brain,8692000,31.08,72.85,1005.63,31.57,68.85,1005.36,0,0,MANUAL,1,1,1,
2026-09-27 22:19:42,brain,8693000,31.08,73.15,1005.69,31.57,68.98,1005.39,0,0,MANUAL,1,1,1,
2026-09-27 22:19:43,brain,8694000,31.08,73.45,1005.57,31.57,69.07,1005.39,0,0,MANUAL,1,1,1,
2026-09-27 22:19:44,brain,8695000,31.08,73.36,1005.69,31.58,69.26,1005.40,0,0,MANUAL,1,1,1,
2026-09-27 22:19:45,brain,8696000,31.08,73.09,1005.62,31.58,68.87,1005.40,0,0,MANUAL,1,1,1,
2026-09-27 22:19:46,brain,8697000,31.08,73.09,1005.63,31.57,68.88,1005.44,0,0,MANUAL,1,1,1,
2026-09-27 22:19:47,brain,8698000,31.08,72.91,1005.62,31.57,68.82,1005.44,0,0,MANUAL,1,1,1,
2026-09-27 22:19:48,brain,8699000,31.08,73.35,1005.57,31.56,68.84,1005.38,0,0,MANUAL,1,1,1,
2026-09-27 22:19:49,brain,8700000,31.08,74.20,1005.66,31.57,68.84,1005.39,0,0,MANUAL,1,1,1,
2026-09-27 22:19:50,brain,8701000,31.09,75.42,1005.61,31.56,68.83,1005.38,0,0,MANUAL,1,1,1,
2026-09-27 22:19:51,brain,8702000,31.08,75.57,1005.60,31.57,68.84,1005.45,0,0,MANUAL,1,1,1,
2026-09-27 22:19:52,brain,8703000,31.09,75.11,1005.55,31.56,69.04,1005.38,0,0,MANUAL,1,1,1,
2026-09-27 22:19:53,brain,8704000,31.07,73.86,1005.67,31.57,69.07,1005.38,0,0,MANUAL,1,1,1,
2026-09-27 22:19:54,brain,8705000,31.08,73.56,1005.59,31.57,69.13,1005.42,0,0,MANUAL,1,1,1,
2026-09-27 22:19:55,brain,8706000,31.08,73.82,1005.69,31.57,69.27,1005.38,0,0,MANUAL,1,1,1,
2026-09-27 22:19:56,brain,8707000,31.08,73.46,1005.65,31.57,68.91,1005.38,0,0,MANUAL,1,1,1,
2026-09-27 22:19:57,brain,8708000,31.07,73.46,1005.59,31.56,68.91,1005.46,0,0,MANUAL,1,1,1,
2026-09-27 22:19:58,brain,8709000,31.08,74.13,1005.57,31.57,69.16,1005.41,0,0,MANUAL,1,1,1,
2026-09-27 22:19:59,brain,8710000,31.09,74.40,1005.62,31.56,69.10,1005.43,0,0,MANUAL,1,1,1,
2026-09-27 22:20:00,brain,8711000,31.08,74.37,1005.66,31.56,68.91,1005.32,0,0,MANUAL,1,1,1,
2026-09-27 22:20:01,brain,8712000,31.09,74.35,1005.64,31.57,68.98,1005.41,0,0,MANUAL,1,1,1,
2026-09-27 22:20:02,brain,8713000,31.09,75.07,1005.61,31.56,68.93,1005.38,0,0,MANUAL,1,1,1,
2026-09-27 22:20:03,brain,8714000,31.10,75.39,1005.63,31.57,68.98,1005.41,0,0,MANUAL,1,1,1,
2026-09-27 22:20:04,brain,8715000,31.09,75.05,1005.64,31.56,68.85,1005.43,0,0,MANUAL,1,1,1,
2026-09-27 22:20:05,brain,8716000,31.09,75.23,1005.61,31.57,68.97,1005.44,0,0,MANUAL,1,1,1,
2026-09-27 22:20:06,brain,8717000,31.09,75.28,1005.65,31.55,68.89,1005.42,0,0,MANUAL,1,1,1,
2026-09-27 22:20:07,brain,8718000,31.09,75.30,1005.61,31.56,68.99,1005.35,0,0,MANUAL,1,1,1,
2026-09-27 22:20:08,brain,8719000,31.08,74.40,1005.63,31.55,68.88,1005.37,0,0,MANUAL,1,1,1,
2026-09-27 22:20:09,brain,8720000,31.07,73.40,1005.61,31.56,69.07,1005.43,0,0,MANUAL,1,1,1,
2026-09-27 22:20:10,brain,8721000,31.09,73.22,1005.65,31.55,68.99,1005.33,0,0,MANUAL,1,1,1,
2026-09-27 22:20:11,brain,8722000,31.07,73.08,1005.63,31.56,68.99,1005.38,0,0,MANUAL,1,1,1,
2026-09-27 22:20:12,brain,8723000,31.08,72.96,1005.69,31.56,69.17,1005.40,0,0,MANUAL,1,1,1,
2026-09-27 22:20:13,brain,8724000,31.08,73.26,1005.69,31.56,68.85,1005.46,0,0,MANUAL,1,1,1,
2026-09-27 22:20:14,brain,8725000,31.08,73.42,1005.71,31.55,68.89,1005.40,0,0,MANUAL,1,1,1,
2026-09-27 22:20:15,brain,8726000,31.08,73.54,1005.57,31.55,68.95,1005.42,0,0,MANUAL,1,1,1,
2026-09-27 22:20:16,brain,8727000,31.08,74.14,1005.63,31.55,68.87,1005.41,0,0,MANUAL,1,1,1,
2026-09-27 22:20:17,brain,8728000,31.09,74.21,1005.67,31.56,68.89,1005.38,0,0,MANUAL,1,1,1,
2026-09-27 22:20:18,brain,8729000,31.07,73.90,1005.61,31.56,69.01,1005.43,0,0,MANUAL,1,1,1,
2026-09-27 22:20:19,brain,8730000,31.08,73.80,1005.66,31.55,68.91,1005.41,0,0,MANUAL,1,1,1,
2026-09-27 22:20:20,brain,8731000,31.09,74.01,1005.65,31.55,68.89,1005.37,0,0,MANUAL,1,1,1,
2026-09-27 22:20:21,brain,8732000,31.10,75.00,1005.71,31.56,69.09,1005.35,0,0,MANUAL,1,1,1,
2026-09-27 22:20:22,brain,8733000,31.10,75.20,1005.65,31.55,69.03,1005.39,0,0,MANUAL,1,1,1,
2026-09-27 22:20:23,brain,8734000,31.10,75.34,1005.69,31.57,69.06,1005.41,0,0,MANUAL,1,1,1,
2026-09-27 22:20:24,brain,8735000,31.09,74.29,1005.61,31.55,68.92,1005.40,0,0,MANUAL,1,1,1,
2026-09-27 22:20:25,brain,8736000,31.10,75.02,1005.63,31.55,68.91,1005.42,0,0,MANUAL,1,1,1,
2026-09-27 22:20:26,brain,8737000,31.09,74.67,1005.67,31.55,69.02,1005.41,0,0,MANUAL,1,1,1,
2026-09-27 22:20:27,brain,8738000,31.10,75.23,1005.63,31.55,69.28,1005.45,0,0,MANUAL,1,1,1,
2026-09-27 22:20:28,brain,8739000,31.09,74.79,1005.64,31.55,69.29,1005.42,0,0,MANUAL,1,1,1,
2026-09-27 22:20:29,brain,8740000,31.09,73.71,1005.58,31.55,68.92,1005.41,0,0,MANUAL,1,1,1,
2026-09-27 22:20:30,brain,8741000,31.09,74.14,1005.65,31.55,68.98,1005.31,0,0,MANUAL,1,1,1,
2026-09-27 22:20:31,brain,8742000,31.08,73.72,1005.63,31.56,68.84,1005.43,0,0,MANUAL,1,1,1,
2026-09-27 22:20:32,brain,8743000,31.09,73.90,1005.64,31.55,68.90,1005.41,0,0,MANUAL,1,1,1,
2026-09-27 22:20:33,brain,8744000,31.09,73.77,1005.67,31.56,69.01,1005.38,0,0,MANUAL,1,1,1,
2026-09-27 22:20:34,brain,8745000,31.08,74.29,1005.57,31.56,68.90,1005.43,0,0,MANUAL,1,1,1,
2026-09-27 22:20:35,brain,8746000,31.10,74.91,1005.65,31.55,68.92,1005.40,0,0,MANUAL,1,1,1,
2026-09-27 22:20:36,brain,8747000,31.09,73.58,1005.70,31.57,69.22,1005.45,0,0,MANUAL,1,1,1,
2026-09-27 22:20:37,brain,8748000,31.10,73.23,1005.66,31.56,68.88,1005.46,0,0,MANUAL,1,1,1,
2026-09-27 22:20:38,brain,8749000,31.09,73.10,1005.59,31.56,69.06,1005.38,0,0,MANUAL,1,1,1,
2026-09-27 22:20:39,brain,8750000,31.10,73.65,1005.68,31.56,69.18,1005.40,0,0,MANUAL,1,1,1,
2026-09-27 22:20:40,brain,8751000,31.09,73.98,1005.67,31.56,69.33,1005.49,0,0,MANUAL,1,1,1,
2026-09-27 22:20:41,brain,8752000,31.10,73.33,1005.66,31.56,69.07,1005.43,0,0,MANUAL,1,1,1,
2026-09-27 22:20:42,brain,8753000,31.09,73.02,1005.65,31.55,69.24,1005.37,0,0,MANUAL,1,1,1,
2026-09-27 22:20:43,brain,8754000,31.09,72.90,1005.62,31.56,68.91,1005.38,0,0,MANUAL,1,1,1,
2026-09-27 22:20:44,brain,8755000,31.10,73.11,1005.68,31.57,69.01,1005.41,0,0,MANUAL,1,1,1,
2026-09-27 22:20:45,brain,8756000,31.10,73.72,1005.66,31.57,68.90,1005.41,0,0,MANUAL,1,1,1,
2026-09-27 22:20:46,brain,8757000,31.10,73.43,1005.65,31.56,69.11,1005.40,0,0,MANUAL,1,1,1,
2026-09-27 22:20:47,brain,8758000,31.10,73.89,1005.66,31.57,68.95,1005.45,0,0,MANUAL,1,1,1,
2026-09-27 22:20:48,brain,8759000,31.10,73.83,1005.61,31.56,68.93,1005.49,0,0,MANUAL,1,1,1,
2026-09-27 22:20:49,brain,8760000,31.10,73.80,1005.66,31.56,68.93,1005.49,0,0,MANUAL,1,1,1,
2026-09-27 22:20:50,brain,8761000,31.09,73.27,1005.65,31.57,69.06,1005.47,0,0,MANUAL,1,1,1,
2026-09-27 22:20:51,brain,8762000,31.11,73.24,1005.67,31.57,68.98,1005.50,0,0,MANUAL,1,1,1,
2026-09-27 22:20:52,brain,8763000,31.10,73.13,1005.63,31.57,68.89,1005.41,0,0,MANUAL,1,1,1,
2026-09-27 22:20:53,brain,8764000,31.11,73.80,1005.68,31.57,68.83,1005.30,0,0,MANUAL,1,1,1,
2026-09-27 22:20:54,brain,8765000,31.11,74.42,1005.67,31.57,68.94,1005.41,0,0,MANUAL,1,1,1,
2026-09-27 22:20:55,brain,8766000,31.10,73.34,1005.63,31.57,68.90,1005.41,0,0,MANUAL,1,1,1,
2026-09-27 22:20:56,brain,8767000,31.10,73.26,1005.65,31.57,68.99,1005.44,0,0,MANUAL,1,1,1,
2026-09-27 22:20:57,brain,8768000,31.10,72.90,1005.66,31.58,68.93,1005.43,0,0,MANUAL,1,1,1,
2026-09-27 22:20:58,brain,8769000,31.10,72.95,1005.63,31.57,68.83,1005.42,0,0,MANUAL,1,1,1,
2026-09-27 22:20:59,brain,8770000,31.11,73.89,1005.64,31.57,68.93,1005.39,0,0,MANUAL,1,1,1,
2026-09-27 22:21:00,brain,8771000,31.10,73.29,1005.66,31.57,68.87,1005.36,0,0,MANUAL,1,1,1,
2026-09-27 22:21:01,brain,8772000,31.11,72.91,1005.68,31.58,68.89,1005.38,0,0,MANUAL,1,1,1,
2026-09-27 22:21:02,brain,8773000,31.10,72.69,1005.69,31.57,68.82,1005.39,0,0,MANUAL,1,1,1,
2026-09-27 22:21:03,brain,8774000,31.10,72.88,1005.66,31.57,68.92,1005.38,0,0,MANUAL,1,1,1,
2026-09-27 22:21:04,brain,8775000,31.10,72.73,1005.63,31.56,69.03,1005.38,0,0,MANUAL,1,1,1,
2026-09-27 22:21:05,brain,8776000,31.10,72.50,1005.63,31.57,68.88,1005.42,0,0,MANUAL,1,1,1,
2026-09-27 22:21:06,brain,8777000,31.11,72.86,1005.67,31.58,68.84,1005.38,0,0,MANUAL,1,1,1,
2026-09-27 22:21:07,brain,8778000,31.10,72.76,1005.65,31.57,68.88,1005.39,0,0,MANUAL,1,1,1,
2026-09-27 22:21:08,brain,8779000,31.10,72.46,1005.66,31.57,68.88,1005.39,0,0,MANUAL,1,1,1,
2026-09-27 22:21:09,brain,8780000,31.10,73.15,1005.61,31.58,68.81,1005.40,0,0,MANUAL,1,1,1,
2026-09-27 22:21:10,brain,8781000,31.10,73.57,1005.63,31.58,68.92,1005.40,0,0,MANUAL,1,1,1,
2026-09-27 22:21:11,brain,8782000,31.09,73.17,1005.65,31.57,69.02,1005.36,0,0,MANUAL,1,1,1,
2026-09-27 22:21:12,brain,8783000,31.10,73.33,1005.68,31.58,69.00,1005.43,0,0,MANUAL,1,1,1,
2026-09-27 22:21:13,brain,8784000,31.10,73.05,1005.63,31.57,68.88,1005.38,0,0,MANUAL,1,1,1,
2026-09-27 22:21:14,brain,8785000,31.10,73.10,1005.66,31.58,68.88,1005.40,0,0,MANUAL,1,1,1,
2026-09-27 22:21:15,brain,8786000,31.10,73.15,1005.69,31.58,68.88,1005.43,0,0,MANUAL,1,1,1,
2026-09-27 22:21:16,brain,8787000,31.11,72.97,1005.70,31.58,68.91,1005.40,0,0,MANUAL,1,1,1,
2026-09-27 22:21:17,brain,8788000,31.11,73.32,1005.61,31.57,68.96,1005.45,0,0,MANUAL,1,1,1,
2026-09-27 22:21:18,brain,8789000,31.11,72.97,1005.67,31.57,68.83,1005.47,0,0,MANUAL,1,1,1,
2026-09-27 22:21:19,brain,8790000,31.10,72.91,1005.66,31.57,68.96,1005.38,0,0,MANUAL,1,1,1,
2026-09-27 22:21:20,brain,8791000,31.10,72.68,1005.63,31.57,68.90,1005.42,0,0,MANUAL,1,1,1,
2026-09-27 22:21:21,brain,8792000,31.09,72.29,1005.67,31.58,68.90,1005.40,0,0,MANUAL,1,1,1,
2026-09-27 22:21:22,brain,8793000,31.10,72.77,1005.65,31.57,68.84,1005.36,0,0,MANUAL,1,1,1,
2026-09-27 22:21:23,brain,8794000,31.10,72.39,1005.66,31.57,68.89,1005.39,0,0,MANUAL,1,1,1,
2026-09-27 22:21:24,brain,8795000,31.10,72.51,1005.61,31.57,68.87,1005.39,0,0,MANUAL,1,1,1,
2026-09-27 22:21:25,brain,8796000,31.10,73.10,1005.71,31.56,68.93,1005.40,0,0,MANUAL,1,1,1,
2026-09-27 22:21:26,brain,8797000,31.09,72.73,1005.65,31.57,68.91,1005.42,0,0,MANUAL,1,1,1,
2026-09-27 22:21:27,brain,8798000,31.10,72.71,1005.72,31.56,69.06,1005.40,0,0,MANUAL,1,1,1,
2026-09-27 22:21:28,brain,8799000,31.09,72.79,1005.65,31.57,68.83,1005.39,0,0,MANUAL,1,1,1,
2026-09-27 22:21:29,brain,8800000,31.11,74.85,1005.64,31.57,69.29,1005.38,0,0,MANUAL,1,1,1,
2026-09-27 22:21:30,brain,8801000,31.11,75.95,1005.62,31.57,68.83,1005.44,0,0,MANUAL,1,1,1,
2026-09-27 22:21:31,brain,8802000,31.11,74.93,1005.61,31.56,68.90,1005.43,0,0,MANUAL,1,1,1,
2026-09-27 22:21:32,brain,8803000,31.10,73.66,1005.66,31.57,69.15,1005.38,0,0,MANUAL,1,1,1,
2026-09-27 22:21:33,brain,8804000,31.11,74.02,1005.62,31.57,68.92,1005.41,0,0,MANUAL,1,1,1,
2026-09-27 22:21:34,brain,8805000,31.10,74.57,1005.66,31.57,68.81,1005.38,0,0,MANUAL,1,1,1,
2026-09-27 22:21:35,brain,8806000,31.11,73.70,1005.65,31.55,68.83,1005.37,0,0,MANUAL,1,1,1,
2026-09-27 22:21:36,brain,8807000,31.12,73.69,1005.69,31.57,68.81,1005.39,0,0,MANUAL,1,1,1,
2026-09-27 22:21:37,brain,8808000,31.11,74.47,1005.68,31.57,68.84,1005.39,0,0,MANUAL,1,1,1,
2026-09-27 22:21:38,brain,8809000,31.12,75.04,1005.69,31.57,68.90,1005.34,0,0,MANUAL,1,1,1,
2026-09-27 22:21:39,brain,8810000,31.12,75.82,1005.69,31.56,68.98,1005.38,0,0,MANUAL,1,1,1,
2026-09-27 22:21:40,brain,8811000,31.11,74.81,1005.71,31.57,69.02,1005.36,0,0,MANUAL,1,1,1,
2026-09-27 22:21:41,brain,8812000,31.12,74.71,1005.70,31.58,68.90,1005.43,0,0,MANUAL,1,1,1,
2026-09-27 22:21:42,brain,8813000,31.12,74.42,1005.72,31.57,68.83,1005.36,0,0,MANUAL,1,1,1,
2026-09-27 22:21:43,brain,8814000,31.11,74.81,1005.62,31.56,68.89,1005.35,0,0,MANUAL,1,1,1,
2026-09-27 22:21:44,brain,8815000,31.12,74.11,1005.69,31.56,68.84,1005.38,0,0,MANUAL,1,1,1,
2026-09-27 22:21:45,brain,8816000,31.11,73.66,1005.64,31.57,68.86,1005.38,0,0,MANUAL,1,1,1,
2026-09-27 22:21:46,brain,8817000,31.11,73.20,1005.57,31.56,68.84,1005.40,0,0,MANUAL,1,1,1,
2026-09-27 22:21:47,brain,8818000,31.11,73.53,1005.67,31.56,69.00,1005.38,0,0,MANUAL,1,1,1,
2026-09-27 22:21:48,brain,8819000,31.10,72.98,1005.63,31.56,68.85,1005.40,0,0,MANUAL,1,1,1,
2026-09-27 22:21:48,brain,,,,,,,,,,,,,,MARK  FAULT dead mister cleared: commands pass again
2026-09-27 22:21:48,brain,,,,,,,,,,,,,,mist A=1 B=0 (manual)
2026-09-27 22:21:49,brain,8820000,31.11,73.20,1005.61,31.55,68.78,1005.39,1,0,MANUAL,1,1,1,
2026-09-27 22:21:50,brain,8821000,31.11,73.59,1005.62,31.57,68.96,1005.41,1,0,MANUAL,1,1,1,
2026-09-27 22:21:51,brain,8822000,31.10,73.66,1005.63,31.55,68.96,1005.40,1,0,MANUAL,1,1,1,
2026-09-27 22:21:52,brain,8823000,31.10,73.17,1005.69,31.55,68.86,1005.37,1,0,MANUAL,1,1,1,
2026-09-27 22:21:53,brain,8824000,31.11,73.48,1005.68,31.57,68.77,1005.44,1,0,MANUAL,1,1,1,
2026-09-27 22:21:54,brain,8825000,31.11,73.90,1005.68,31.56,68.77,1005.40,1,0,MANUAL,1,1,1,
2026-09-27 22:21:55,brain,8826000,31.10,74.55,1005.58,31.56,68.79,1005.40,1,0,MANUAL,1,1,1,
2026-09-27 22:21:56,brain,8827000,31.12,74.56,1005.66,31.56,68.82,1005.40,1,0,MANUAL,1,1,1,
2026-09-27 22:21:57,brain,8828000,31.11,73.71,1005.67,31.57,68.82,1005.38,1,0,MANUAL,1,1,1,
2026-09-27 22:21:58,brain,8829000,31.10,73.23,1005.69,31.57,68.80,1005.44,1,0,MANUAL,1,1,1,
2026-09-27 22:21:59,brain,8830000,31.11,74.08,1005.74,31.57,68.89,1005.39,1,0,MANUAL,1,1,1,
2026-09-27 22:22:00,brain,8831000,31.10,74.87,1005.68,31.56,68.85,1005.40,1,0,MANUAL,1,1,1,
2026-09-27 22:22:01,brain,8832000,31.09,74.60,1005.70,31.56,68.77,1005.38,1,0,MANUAL,1,1,1,
2026-09-27 22:22:02,brain,8833000,31.09,73.37,1005.64,31.56,68.77,1005.38,1,0,MANUAL,1,1,1,
2026-09-27 22:22:03,brain,8834000,31.09,72.94,1005.67,31.58,68.76,1005.45,1,0,MANUAL,1,1,1,
2026-09-27 22:22:04,brain,8835000,31.09,74.29,1005.67,31.57,69.06,1005.47,1,0,MANUAL,1,1,1,
2026-09-27 22:22:05,brain,8836000,31.07,73.48,1005.61,31.57,68.89,1005.45,1,0,MANUAL,1,1,1,
2026-09-27 22:22:06,brain,8837000,31.06,73.92,1005.65,31.56,68.82,1005.43,1,0,MANUAL,1,1,1,
2026-09-27 22:22:07,brain,8838000,31.06,73.88,1005.65,31.56,68.98,1005.40,1,0,MANUAL,1,1,1,
2026-09-27 22:22:08,brain,8839000,31.07,74.75,1005.66,31.56,69.11,1005.46,1,0,MANUAL,1,1,1,
2026-09-27 22:22:09,brain,8840000,31.07,76.35,1005.66,31.56,68.79,1005.38,1,0,MANUAL,1,1,1,
2026-09-27 22:22:10,brain,8841000,31.04,76.10,1005.62,31.56,68.81,1005.35,1,0,MANUAL,1,1,1,
2026-09-27 22:22:11,brain,8842000,31.03,74.66,1005.66,31.56,68.76,1005.43,1,0,MANUAL,1,1,1,
2026-09-27 22:22:12,brain,8843000,31.04,74.96,1005.74,31.56,68.74,1005.43,1,0,MANUAL,1,1,1,
2026-09-27 22:22:13,brain,8844000,31.02,74.15,1005.69,31.56,68.95,1005.43,1,0,MANUAL,1,1,1,
2026-09-27 22:22:14,brain,8845000,31.00,74.13,1005.64,31.55,68.76,1005.37,1,0,MANUAL,1,1,1,
2026-09-27 22:22:15,brain,8846000,31.01,77.01,1005.69,31.56,69.12,1005.43,1,0,MANUAL,1,1,1,
2026-09-27 22:22:16,brain,8847000,31.00,77.41,1005.69,31.55,68.78,1005.44,1,0,MANUAL,1,1,1,
2026-09-27 22:22:17,brain,8848000,30.99,75.73,1005.65,31.55,68.98,1005.42,1,0,MANUAL,1,1,1,
2026-09-27 22:22:18,brain,8849000,30.99,76.30,1005.63,31.56,68.81,1005.40,1,0,MANUAL,1,1,1,
2026-09-27 22:22:19,brain,8850000,30.98,76.72,1005.69,31.56,68.93,1005.43,1,0,MANUAL,1,1,1,
2026-09-27 22:22:20,brain,8851000,31.00,76.29,1005.66,31.55,68.90,1005.41,1,0,MANUAL,1,1,1,
2026-09-27 22:22:21,brain,8852000,30.99,77.18,1005.65,31.55,68.78,1005.39,1,0,MANUAL,1,1,1,
2026-09-27 22:22:22,brain,8853000,30.98,76.04,1005.69,31.55,68.95,1005.42,1,0,MANUAL,1,1,1,
2026-09-27 22:22:23,brain,8854000,30.98,75.66,1005.63,31.55,68.94,1005.45,1,0,MANUAL,1,1,1,
2026-09-27 22:22:24,brain,8855000,30.97,75.14,1005.57,31.56,68.85,1005.38,1,0,MANUAL,1,1,1,
2026-09-27 22:22:25,brain,8856000,30.97,75.34,1005.68,31.55,68.93,1005.41,1,0,MANUAL,1,1,1,
2026-09-27 22:22:26,brain,8857000,30.96,75.34,1005.72,31.55,68.78,1005.41,1,0,MANUAL,1,1,1,
2026-09-27 22:22:27,brain,8858000,30.95,76.42,1005.59,31.55,68.89,1005.45,1,0,MANUAL,1,1,1,
2026-09-27 22:22:28,brain,8859000,30.94,75.03,1005.67,31.55,68.82,1005.47,1,0,MANUAL,1,1,1,
2026-09-27 22:22:29,brain,8860000,30.94,74.82,1005.69,31.55,68.82,1005.42,1,0,MANUAL,1,1,1,
2026-09-27 22:22:30,brain,8861000,30.93,74.43,1005.62,31.56,68.91,1005.43,1,0,MANUAL,1,1,1,
2026-09-27 22:22:31,brain,8862000,30.93,73.98,1005.73,31.55,68.94,1005.41,1,0,MANUAL,1,1,1,
2026-09-27 22:22:32,brain,8863000,30.92,74.13,1005.65,31.55,68.81,1005.41,1,0,MANUAL,1,1,1,
2026-09-27 22:22:33,brain,8864000,30.93,74.20,1005.67,31.55,68.86,1005.41,1,0,MANUAL,1,1,1,
2026-09-27 22:22:34,brain,8865000,30.92,73.89,1005.65,31.55,68.82,1005.42,1,0,MANUAL,1,1,1,
2026-09-27 22:22:35,brain,8866000,30.91,74.69,1005.65,31.55,68.78,1005.42,1,0,MANUAL,1,1,1,
2026-09-27 22:22:36,brain,8867000,30.91,75.36,1005.73,31.54,68.75,1005.41,1,0,MANUAL,1,1,1,
2026-09-27 22:22:37,brain,8868000,30.90,75.41,1005.69,31.55,68.90,1005.39,1,0,MANUAL,1,1,1,
2026-09-27 22:22:38,brain,8869000,30.89,76.48,1005.66,31.54,68.74,1005.40,1,0,MANUAL,1,1,1,
2026-09-27 22:22:39,brain,8870000,30.89,76.88,1005.63,31.55,68.90,1005.44,1,0,MANUAL,1,1,1,
2026-09-27 22:22:40,brain,8871000,30.89,76.83,1005.66,31.55,69.06,1005.36,1,0,MANUAL,1,1,1,
2026-09-27 22:22:41,brain,8872000,30.89,75.68,1005.67,31.54,68.79,1005.43,1,0,MANUAL,1,1,1,
2026-09-27 22:22:42,brain,8873000,30.89,74.81,1005.73,31.55,68.74,1005.42,1,0,MANUAL,1,1,1,
2026-09-27 22:22:43,brain,8874000,30.90,74.26,1005.68,31.55,69.15,1005.42,1,0,MANUAL,1,1,1,
2026-09-27 22:22:44,brain,8875000,30.89,74.11,1005.69,31.55,68.85,1005.41,1,0,MANUAL,1,1,1,
2026-09-27 22:22:45,brain,8876000,30.89,74.72,1005.66,31.55,68.90,1005.39,1,0,MANUAL,1,1,1,
2026-09-27 22:22:46,brain,8877000,30.89,74.39,1005.66,31.54,68.85,1005.38,1,0,MANUAL,1,1,1,
2026-09-27 22:22:47,brain,8878000,30.89,74.69,1005.66,31.55,68.82,1005.44,1,0,MANUAL,1,1,1,
2026-09-27 22:22:48,brain,8879000,30.87,75.64,1005.71,31.55,68.88,1005.44,1,0,MANUAL,1,1,1,
2026-09-27 22:22:49,brain,8880000,30.87,76.22,1005.71,31.55,68.90,1005.47,1,0,MANUAL,1,1,1,
2026-09-27 22:22:50,brain,8881000,30.87,76.44,1005.69,31.55,69.00,1005.44,1,0,MANUAL,1,1,1,
2026-09-27 22:22:51,brain,8882000,30.85,75.03,1005.63,31.54,69.01,1005.41,1,0,MANUAL,1,1,1,
2026-09-27 22:22:52,brain,8883000,30.85,74.78,1005.71,31.55,68.96,1005.42,1,0,MANUAL,1,1,1,
2026-09-27 22:22:53,brain,8884000,30.85,76.26,1005.65,31.55,68.91,1005.45,1,0,MANUAL,1,1,1,
2026-09-27 22:22:54,brain,8885000,30.85,78.08,1005.68,31.54,68.82,1005.38,1,0,MANUAL,1,1,1,
2026-09-27 22:22:55,brain,8886000,30.82,77.46,1005.67,31.55,68.88,1005.36,1,0,MANUAL,1,1,1,
2026-09-27 22:22:56,brain,8887000,30.82,76.34,1005.67,31.55,69.11,1005.44,1,0,MANUAL,1,1,1,
2026-09-27 22:22:57,brain,8888000,30.82,76.52,1005.66,31.55,68.84,1005.47,1,0,MANUAL,1,1,1,
2026-09-27 22:22:58,brain,8889000,30.80,75.87,1005.69,31.55,68.86,1005.39,1,0,MANUAL,1,1,1,
2026-09-27 22:22:59,brain,8890000,30.80,75.29,1005.69,31.55,68.88,1005.48,1,0,MANUAL,1,1,1,
2026-09-27 22:23:00,brain,8891000,30.80,75.32,1005.64,31.54,68.92,1005.41,1,0,MANUAL,1,1,1,
2026-09-27 22:23:01,brain,8892000,30.80,74.60,1005.66,31.55,68.77,1005.39,1,0,MANUAL,1,1,1,
2026-09-27 22:23:02,brain,8893000,30.80,75.04,1005.67,31.55,68.78,1005.39,1,0,MANUAL,1,1,1,
2026-09-27 22:23:03,brain,8894000,30.79,75.00,1005.61,31.55,68.96,1005.40,1,0,MANUAL,1,1,1,
2026-09-27 22:23:04,brain,8895000,30.79,75.54,1005.61,31.55,68.99,1005.44,1,0,MANUAL,1,1,1,
2026-09-27 22:23:05,brain,8896000,30.79,75.53,1005.62,31.55,69.01,1005.41,1,0,MANUAL,1,1,1,
2026-09-27 22:23:06,brain,8897000,30.79,76.64,1005.64,31.54,68.88,1005.41,1,0,MANUAL,1,1,1,
2026-09-27 22:23:07,brain,8898000,30.79,75.63,1005.67,31.55,68.79,1005.48,1,0,MANUAL,1,1,1,
2026-09-27 22:23:08,brain,8899000,30.78,75.55,1005.71,31.55,68.79,1005.47,1,0,MANUAL,1,1,1,
2026-09-27 22:23:09,brain,8900000,30.78,75.44,1005.66,31.55,69.03,1005.39,1,0,MANUAL,1,1,1,
2026-09-27 22:23:10,brain,8901000,30.77,76.88,1005.62,31.55,68.83,1005.41,1,0,MANUAL,1,1,1,
2026-09-27 22:23:11,brain,8902000,30.76,75.90,1005.71,31.54,68.92,1005.45,1,0,MANUAL,1,1,1,
2026-09-27 22:23:12,brain,8903000,30.76,75.44,1005.71,31.54,68.94,1005.37,1,0,MANUAL,1,1,1,
2026-09-27 22:23:13,brain,8904000,30.77,75.51,1005.72,31.55,68.85,1005.41,1,0,MANUAL,1,1,1,
2026-09-27 22:23:14,brain,8905000,30.78,76.54,1005.71,31.54,69.01,1005.37,1,0,MANUAL,1,1,1,
2026-09-27 22:23:15,brain,8906000,30.77,75.75,1005.61,31.55,68.81,1005.41,1,0,MANUAL,1,1,1,
2026-09-27 22:23:16,brain,8907000,30.77,76.41,1005.70,31.54,68.94,1005.37,1,0,MANUAL,1,1,1,
2026-09-27 22:23:17,brain,8908000,30.77,75.89,1005.67,31.54,68.76,1005.43,1,0,MANUAL,1,1,1,
2026-09-27 22:23:18,brain,8909000,30.78,76.13,1005.71,31.54,68.75,1005.41,1,0,MANUAL,1,1,1,
2026-09-27 22:23:19,brain,8910000,30.77,78.01,1005.59,31.54,68.92,1005.41,1,0,MANUAL,1,1,1,
2026-09-27 22:23:20,brain,8911000,30.77,79.15,1005.65,31.54,68.89,1005.40,1,0,MANUAL,1,1,1,
2026-09-27 22:23:21,brain,8912000,30.78,79.33,1005.74,31.54,68.86,1005.41,1,0,MANUAL,1,1,1,
2026-09-27 22:23:22,brain,8913000,30.76,78.18,1005.69,31.55,68.69,1005.40,1,0,MANUAL,1,1,1,
2026-09-27 22:23:23,brain,8914000,30.76,76.75,1005.68,31.55,68.89,1005.37,1,0,MANUAL,1,1,1,
2026-09-27 22:23:24,brain,8915000,30.77,76.69,1005.65,31.56,68.86,1005.40,1,0,MANUAL,1,1,1,
2026-09-27 22:23:25,brain,8916000,30.76,75.71,1005.62,31.55,68.79,1005.42,1,0,MANUAL,1,1,1,
2026-09-27 22:23:26,brain,8917000,30.76,75.88,1005.59,31.56,68.79,1005.49,1,0,MANUAL,1,1,1,
2026-09-27 22:23:27,brain,8918000,30.76,75.82,1005.54,31.55,68.78,1005.42,1,0,MANUAL,1,1,1,
2026-09-27 22:23:28,brain,8919000,30.75,75.66,1005.75,31.55,69.09,1005.41,1,0,MANUAL,1,1,1,
2026-09-27 22:23:29,brain,8920000,30.75,75.34,1005.72,31.55,68.88,1005.47,1,0,MANUAL,1,1,1,
2026-09-27 22:23:30,brain,8921000,30.76,75.47,1005.71,31.55,68.94,1005.44,1,0,MANUAL,1,1,1,
2026-09-27 22:23:31,brain,8922000,30.76,75.54,1005.71,31.55,68.83,1005.39,1,0,MANUAL,1,1,1,
2026-09-27 22:23:32,brain,8923000,30.75,76.18,1005.73,31.55,68.71,1005.44,1,0,MANUAL,1,1,1,
2026-09-27 22:23:33,brain,8924000,30.75,75.52,1005.70,31.56,69.01,1005.43,1,0,MANUAL,1,1,1,
2026-09-27 22:23:34,brain,8925000,30.74,75.52,1005.62,31.55,68.83,1005.42,1,0,MANUAL,1,1,1,
2026-09-27 22:23:35,brain,8926000,30.74,74.52,1005.71,31.55,68.77,1005.39,1,0,MANUAL,1,1,1,
2026-09-27 22:23:36,brain,8927000,30.75,74.68,1005.69,31.56,68.85,1005.43,1,0,MANUAL,1,1,1,
2026-09-27 22:23:37,brain,8928000,30.74,75.74,1005.71,31.56,68.85,1005.49,1,0,MANUAL,1,1,1,
2026-09-27 22:23:38,brain,8929000,30.75,74.95,1005.75,31.55,68.82,1005.45,1,0,MANUAL,1,1,1,
2026-09-27 22:23:39,brain,8930000,30.74,75.04,1005.64,31.55,68.89,1005.42,1,0,MANUAL,1,1,1,
2026-09-27 22:23:40,brain,8931000,30.74,75.31,1005.64,31.55,68.69,1005.42,1,0,MANUAL,1,1,1,
2026-09-27 22:23:41,brain,8932000,30.74,75.91,1005.73,31.55,68.71,1005.41,1,0,MANUAL,1,1,1,
2026-09-27 22:23:42,brain,8933000,30.73,76.79,1005.66,31.55,68.94,1005.41,1,0,MANUAL,1,1,1,
2026-09-27 22:23:43,brain,8934000,30.73,76.17,1005.68,31.54,69.13,1005.43,1,0,MANUAL,1,1,1,
2026-09-27 22:23:44,brain,8935000,30.72,75.12,1005.68,31.56,68.90,1005.40,1,0,MANUAL,1,1,1,
2026-09-27 22:23:45,brain,8936000,30.72,74.86,1005.68,31.55,68.84,1005.42,1,0,MANUAL,1,1,1,
2026-09-27 22:23:46,brain,8937000,30.71,75.03,1005.65,31.55,69.12,1005.42,1,0,MANUAL,1,1,1,
2026-09-27 22:23:47,brain,8938000,30.71,75.08,1005.65,31.55,68.82,1005.47,1,0,MANUAL,1,1,1,
2026-09-27 22:23:48,brain,8939000,30.73,76.58,1005.69,31.55,68.84,1005.42,1,0,MANUAL,1,1,1,
2026-09-27 22:23:49,brain,8940000,30.71,76.81,1005.66,31.55,68.77,1005.41,1,0,MANUAL,1,1,1,
2026-09-27 22:23:50,brain,8941000,30.71,76.07,1005.77,31.55,69.25,1005.41,1,0,MANUAL,1,1,1,
2026-09-27 22:23:51,brain,8942000,30.71,75.44,1005.71,31.55,68.71,1005.39,1,0,MANUAL,1,1,1,
2026-09-27 22:23:52,brain,8943000,30.72,75.50,1005.67,31.54,68.77,1005.49,1,0,MANUAL,1,1,1,
2026-09-27 22:23:53,brain,8944000,30.71,75.57,1005.65,31.54,68.88,1005.46,1,0,MANUAL,1,1,1,
2026-09-27 22:23:54,brain,8945000,30.70,75.81,1005.64,31.55,68.78,1005.45,1,0,MANUAL,1,1,1,
2026-09-27 22:23:55,brain,8946000,30.70,75.25,1005.66,31.55,68.71,1005.41,1,0,MANUAL,1,1,1,
2026-09-27 22:23:56,brain,8947000,30.70,74.78,1005.70,31.55,68.85,1005.39,1,0,MANUAL,1,1,1,
2026-09-27 22:23:57,brain,8948000,30.70,74.16,1005.69,31.55,68.82,1005.47,1,0,MANUAL,1,1,1,
2026-09-27 22:23:58,brain,8949000,30.71,74.48,1005.71,31.55,69.10,1005.45,1,0,MANUAL,1,1,1,
2026-09-27 22:23:59,brain,8950000,30.70,75.33,1005.72,31.55,68.85,1005.42,1,0,MANUAL,1,1,1,
2026-09-27 22:24:00,brain,8951000,30.70,76.29,1005.66,31.54,69.09,1005.41,1,0,MANUAL,1,1,1,
2026-09-27 22:24:01,brain,8952000,30.68,76.01,1005.60,31.56,68.90,1005.43,1,0,MANUAL,1,1,1,
2026-09-27 22:24:02,brain,8953000,30.68,76.32,1005.66,31.55,68.82,1005.48,1,0,MANUAL,1,1,1,
2026-09-27 22:24:03,brain,8954000,30.68,76.20,1005.66,31.55,68.72,1005.41,1,0,MANUAL,1,1,1,
2026-09-27 22:24:04,brain,8955000,30.66,76.61,1005.69,31.55,68.75,1005.41,1,0,MANUAL,1,1,1,
2026-09-27 22:24:05,brain,8956000,30.67,77.54,1005.64,31.55,68.96,1005.41,1,0,MANUAL,1,1,1,
2026-09-27 22:24:06,brain,8957000,30.65,78.10,1005.67,31.54,69.28,1005.43,1,0,MANUAL,1,1,1,
2026-09-27 22:24:07,brain,8958000,30.63,77.20,1005.66,31.55,68.85,1005.41,1,0,MANUAL,1,1,1,
2026-09-27 22:24:08,brain,8959000,30.63,77.02,1005.66,31.55,68.85,1005.50,1,0,MANUAL,1,1,1,
2026-09-27 22:24:09,brain,8960000,30.64,78.07,1005.62,31.55,69.00,1005.44,1,0,MANUAL,1,1,1,
2026-09-27 22:24:10,brain,8961000,30.61,78.19,1005.70,31.55,69.24,1005.44,1,0,MANUAL,1,1,1,
2026-09-27 22:24:11,brain,8962000,30.61,77.68,1005.69,31.55,69.18,1005.45,1,0,MANUAL,1,1,1,
2026-09-27 22:24:12,brain,8963000,30.61,76.83,1005.72,31.55,68.94,1005.41,1,0,MANUAL,1,1,1,
2026-09-27 22:24:13,brain,8964000,30.61,76.41,1005.67,31.56,68.71,1005.46,1,0,MANUAL,1,1,1,
2026-09-27 22:24:14,brain,8965000,30.62,76.48,1005.68,31.56,68.73,1005.49,1,0,MANUAL,1,1,1,
2026-09-27 22:24:15,brain,8966000,30.61,76.06,1005.66,31.55,68.74,1005.41,1,0,MANUAL,1,1,1,
2026-09-27 22:24:16,brain,8967000,30.62,76.57,1005.68,31.55,68.93,1005.44,1,0,MANUAL,1,1,1,
2026-09-27 22:24:17,brain,8968000,30.61,76.86,1005.66,31.55,68.84,1005.47,1,0,MANUAL,1,1,1,
2026-09-27 22:24:18,brain,8969000,30.59,76.57,1005.66,31.55,68.83,1005.44,1,0,MANUAL,1,1,1,
2026-09-27 22:24:19,brain,8970000,30.59,76.17,1005.64,31.55,69.10,1005.47,1,0,MANUAL,1,1,1,
2026-09-27 22:24:20,brain,8971000,30.57,75.51,1005.67,31.55,68.72,1005.47,1,0,MANUAL,1,1,1,
2026-09-27 22:24:21,brain,8972000,30.59,75.89,1005.69,31.54,68.76,1005.41,1,0,MANUAL,1,1,1,
2026-09-27 22:24:22,brain,8973000,30.59,75.53,1005.64,31.55,68.96,1005.42,1,0,MANUAL,1,1,1,
2026-09-27 22:24:23,brain,8974000,30.59,75.33,1005.69,31.55,68.85,1005.44,1,0,MANUAL,1,1,1,
2026-09-27 22:24:24,brain,8975000,30.60,75.22,1005.64,31.55,68.72,1005.41,1,0,MANUAL,1,1,1,
2026-09-27 22:24:25,brain,8976000,30.60,75.10,1005.67,31.56,68.68,1005.43,1,0,MANUAL,1,1,1,
2026-09-27 22:24:26,brain,8977000,30.60,74.96,1005.74,31.55,68.71,1005.42,1,0,MANUAL,1,1,1,
2026-09-27 22:24:27,brain,8978000,30.59,74.79,1005.66,31.55,68.76,1005.45,1,0,MANUAL,1,1,1,
2026-09-27 22:24:28,brain,8979000,30.58,75.50,1005.63,31.55,68.76,1005.41,1,0,MANUAL,1,1,1,
2026-09-27 22:24:29,brain,8980000,30.59,75.88,1005.69,31.56,68.73,1005.46,1,0,MANUAL,1,1,1,
2026-09-27 22:24:30,brain,8981000,30.58,75.42,1005.66,31.56,68.84,1005.43,1,0,MANUAL,1,1,1,
2026-09-27 22:24:31,brain,8982000,30.57,75.36,1005.70,31.56,68.85,1005.49,1,0,MANUAL,1,1,1,
2026-09-27 22:24:32,brain,8983000,30.58,75.70,1005.65,31.56,68.75,1005.49,1,0,MANUAL,1,1,1,
2026-09-27 22:24:33,brain,8984000,30.58,75.68,1005.73,31.55,68.86,1005.45,1,0,MANUAL,1,1,1,
2026-09-27 22:24:34,brain,8985000,30.57,75.66,1005.70,31.55,68.67,1005.42,1,0,MANUAL,1,1,1,
2026-09-27 22:24:35,brain,8986000,30.56,75.06,1005.71,31.56,68.90,1005.46,1,0,MANUAL,1,1,1,
2026-09-27 22:24:36,brain,8987000,30.57,75.42,1005.70,31.55,68.71,1005.48,1,0,MANUAL,1,1,1,
2026-09-27 22:24:37,brain,8988000,30.57,76.88,1005.72,31.56,68.96,1005.43,1,0,MANUAL,1,1,1,
2026-09-27 22:24:38,brain,8989000,30.56,75.77,1005.67,31.55,68.67,1005.42,1,0,MANUAL,1,1,1,
2026-09-27 22:24:39,brain,8990000,30.57,75.54,1005.72,31.56,68.82,1005.49,1,0,MANUAL,1,1,1,
2026-09-27 22:24:40,brain,8991000,30.56,75.35,1005.71,31.56,68.65,1005.43,1,0,MANUAL,1,1,1,
2026-09-27 22:24:41,brain,8992000,30.56,75.27,1005.71,31.55,68.73,1005.45,1,0,MANUAL,1,1,1,
2026-09-27 22:24:42,brain,8993000,30.56,74.81,1005.74,31.55,68.77,1005.45,1,0,MANUAL,1,1,1,
2026-09-27 22:24:43,brain,8994000,30.57,74.93,1005.66,31.55,68.69,1005.42,1,0,MANUAL,1,1,1,
2026-09-27 22:24:44,brain,8995000,30.57,75.17,1005.61,31.56,68.71,1005.40,1,0,MANUAL,1,1,1,
2026-09-27 22:24:45,brain,8996000,30.57,75.55,1005.69,31.56,68.81,1005.43,1,0,MANUAL,1,1,1,
2026-09-27 22:24:46,brain,8997000,30.57,74.98,1005.72,31.56,68.83,1005.43,1,0,MANUAL,1,1,1,
2026-09-27 22:24:47,brain,8998000,30.56,74.92,1005.68,31.57,68.64,1005.44,1,0,MANUAL,1,1,1,
2026-09-27 22:24:48,brain,8999000,30.57,75.17,1005.67,31.55,68.74,1005.41,1,0,MANUAL,1,1,1,
2026-09-27 22:24:49,brain,9000000,30.56,75.29,1005.67,31.56,68.71,1005.46,1,0,MANUAL,1,1,1,
2026-09-27 22:24:50,brain,9001000,30.55,77.50,1005.69,31.55,68.82,1005.44,1,0,MANUAL,1,1,1,
2026-09-27 22:24:51,brain,9002000,30.55,76.92,1005.69,31.56,68.76,1005.43,1,0,MANUAL,1,1,1,
2026-09-27 22:24:52,brain,9003000,30.55,75.81,1005.72,31.55,68.73,1005.42,1,0,MANUAL,1,1,1,
2026-09-27 22:24:53,brain,9004000,30.56,76.50,1005.73,31.55,68.82,1005.51,1,0,MANUAL,1,1,1,
2026-09-27 22:24:54,brain,9005000,30.55,75.56,1005.60,31.57,68.85,1005.47,1,0,MANUAL,1,1,1,
2026-09-27 22:24:55,brain,9006000,30.54,75.45,1005.68,31.55,68.74,1005.48,1,0,MANUAL,1,1,1,
2026-09-27 22:24:56,brain,9007000,30.54,75.60,1005.73,31.55,68.79,1005.45,1,0,MANUAL,1,1,1,
2026-09-27 22:24:56,brain,,,,,,,,,,,,,,mist A=0 B=0 (manual)
2026-09-27 22:24:57,brain,9008000,30.55,75.72,1005.72,31.55,68.63,1005.45,0,0,MANUAL,1,1,1,
2026-09-27 22:24:58,brain,9009000,30.54,75.52,1005.65,31.55,68.78,1005.41,0,0,MANUAL,1,1,1,
2026-09-27 22:24:59,brain,9010000,30.54,75.88,1005.68,31.55,69.13,1005.48,0,0,MANUAL,1,1,1,
2026-09-27 22:25:00,brain,9011000,30.54,75.84,1005.73,31.57,68.72,1005.50,0,0,MANUAL,1,1,1,
2026-09-27 22:25:01,brain,9012000,30.54,76.16,1005.70,31.56,68.88,1005.43,0,0,MANUAL,1,1,1,
2026-09-27 22:25:02,brain,9013000,30.53,75.86,1005.66,31.56,68.66,1005.49,0,0,MANUAL,1,1,1,
2026-09-27 22:25:03,brain,9014000,30.53,75.81,1005.74,31.55,68.78,1005.41,0,0,MANUAL,1,1,1,
2026-09-27 22:25:04,brain,9015000,30.54,75.94,1005.70,31.56,68.78,1005.46,0,0,MANUAL,1,1,1,
2026-09-27 22:25:05,brain,9016000,30.54,76.47,1005.72,31.56,68.78,1005.38,0,0,MANUAL,1,1,1,
2026-09-27 22:25:06,brain,9017000,30.54,76.89,1005.70,31.56,69.09,1005.43,0,0,MANUAL,1,1,1,
2026-09-27 22:25:07,brain,9018000,30.53,76.51,1005.74,31.58,68.91,1005.45,0,0,MANUAL,1,1,1,
2026-09-27 22:25:08,brain,9019000,30.54,76.37,1005.70,31.57,68.91,1005.47,0,0,MANUAL,1,1,1,
2026-09-27 22:25:09,brain,9020000,30.56,77.67,1005.68,31.57,68.73,1005.47,0,0,MANUAL,1,1,1,
2026-09-27 22:25:10,brain,9021000,30.55,77.32,1005.68,31.57,68.66,1005.44,0,0,MANUAL,1,1,1,
2026-09-27 22:25:11,brain,9022000,30.56,77.48,1005.64,31.57,68.76,1005.47,0,0,MANUAL,1,1,1,
2026-09-27 22:25:12,brain,9023000,30.56,77.00,1005.70,31.57,68.67,1005.45,0,0,MANUAL,1,1,1,
2026-09-27 22:25:13,brain,9024000,30.55,75.79,1005.69,31.57,68.72,1005.49,0,0,MANUAL,1,1,1,
2026-09-27 22:25:14,brain,9025000,30.56,76.60,1005.71,31.57,68.70,1005.41,0,0,MANUAL,1,1,1,
2026-09-27 22:25:15,brain,9026000,30.57,77.76,1005.72,31.57,68.76,1005.47,0,0,MANUAL,1,1,1,
2026-09-27 22:25:16,brain,9027000,30.58,78.56,1005.66,31.57,68.67,1005.44,0,0,MANUAL,1,1,1,
2026-09-27 22:25:17,brain,9028000,30.58,78.49,1005.68,31.57,68.80,1005.45,0,0,MANUAL,1,1,1,
2026-09-27 22:25:18,brain,9029000,30.58,77.58,1005.74,31.57,68.76,1005.45,0,0,MANUAL,1,1,1,
2026-09-27 22:25:19,brain,9030000,30.58,76.89,1005.70,31.56,68.66,1005.46,0,0,MANUAL,1,1,1,
2026-09-27 22:25:20,brain,9031000,30.60,76.31,1005.74,31.56,68.68,1005.38,0,0,MANUAL,1,1,1,
2026-09-27 22:25:21,brain,9032000,30.59,76.51,1005.66,31.57,68.58,1005.47,0,0,MANUAL,1,1,1,
2026-09-27 22:25:22,brain,9033000,30.60,76.44,1005.71,31.57,68.79,1005.42,0,0,MANUAL,1,1,1,
2026-09-27 22:25:23,brain,9034000,30.61,76.56,1005.69,31.57,68.65,1005.42,0,0,MANUAL,1,1,1,
2026-09-27 22:25:24,brain,9035000,30.62,76.42,1005.76,31.58,68.78,1005.48,0,0,MANUAL,1,1,1,
2026-09-27 22:25:25,brain,9036000,30.61,76.98,1005.72,31.57,68.79,1005.44,0,0,MANUAL,1,1,1,
2026-09-27 22:25:26,brain,9037000,30.64,77.71,1005.68,31.57,68.68,1005.44,0,0,MANUAL,1,1,1,
2026-09-27 22:25:27,brain,9038000,30.63,78.15,1005.67,31.58,68.70,1005.43,0,0,MANUAL,1,1,1,
2026-09-27 22:25:28,brain,9039000,30.65,78.77,1005.70,31.57,68.71,1005.47,0,0,MANUAL,1,1,1,
2026-09-27 22:25:29,brain,9040000,30.64,77.76,1005.69,31.57,69.01,1005.41,0,0,MANUAL,1,1,1,
2026-09-27 22:25:30,brain,9041000,30.65,78.58,1005.68,31.57,68.72,1005.47,0,0,MANUAL,1,1,1,
2026-09-27 22:25:31,brain,9042000,30.65,77.36,1005.64,31.57,68.83,1005.38,0,0,MANUAL,1,1,1,
2026-09-27 22:25:32,brain,9043000,30.66,77.24,1005.72,31.57,68.81,1005.47,0,0,MANUAL,1,1,1,
2026-09-27 22:25:33,brain,9044000,30.67,77.42,1005.71,31.57,68.72,1005.39,0,0,MANUAL,1,1,1,
2026-09-27 22:25:34,brain,9045000,30.67,76.93,1005.77,31.57,68.64,1005.53,0,0,MANUAL,1,1,1,
2026-09-27 22:25:35,brain,9046000,30.69,77.25,1005.76,31.57,68.70,1005.47,0,0,MANUAL,1,1,1,
2026-09-27 22:25:36,brain,9047000,30.67,77.24,1005.70,31.58,68.66,1005.43,0,0,MANUAL,1,1,1,
2026-09-27 22:25:37,brain,9048000,30.68,76.94,1005.67,31.56,68.68,1005.46,0,0,MANUAL,1,1,1,
2026-09-27 22:25:38,brain,9049000,30.69,77.15,1005.71,31.58,68.99,1005.43,0,0,MANUAL,1,1,1,
2026-09-27 22:25:39,brain,9050000,30.68,76.06,1005.73,31.59,68.54,1005.44,0,0,MANUAL,1,1,1,
2026-09-27 22:25:40,brain,9051000,30.68,76.18,1005.73,31.58,68.62,1005.51,0,0,MANUAL,1,1,1,
2026-09-27 22:25:41,brain,9052000,30.69,75.67,1005.76,31.58,68.61,1005.45,0,0,MANUAL,1,1,1,
2026-09-27 22:25:42,brain,9053000,30.69,75.36,1005.71,31.57,68.79,1005.42,0,0,MANUAL,1,1,1,
2026-09-27 22:25:43,brain,9054000,30.70,75.59,1005.75,31.57,68.76,1005.45,0,0,MANUAL,1,1,1,
2026-09-27 22:25:44,brain,9055000,30.70,75.70,1005.75,31.58,68.59,1005.45,0,0,MANUAL,1,1,1,
2026-09-27 22:25:45,brain,9056000,30.70,75.73,1005.78,31.57,68.59,1005.50,0,0,MANUAL,1,1,1,
2026-09-27 22:25:46,brain,9057000,30.70,76.00,1005.64,31.58,68.63,1005.40,0,0,MANUAL,1,1,1,
2026-09-27 22:25:47,brain,9058000,30.70,75.54,1005.64,31.58,68.62,1005.48,0,0,MANUAL,1,1,1,
2026-09-27 22:25:48,brain,9059000,30.71,75.13,1005.72,31.57,68.78,1005.39,0,0,MANUAL,1,1,1,
2026-09-27 22:25:49,brain,9060000,30.71,75.06,1005.71,31.58,68.58,1005.45,0,0,MANUAL,1,1,1,
2026-09-27 22:25:50,brain,9061000,30.71,74.86,1005.69,31.57,68.59,1005.50,0,0,MANUAL,1,1,1,
2026-09-27 22:25:51,brain,9062000,30.72,74.67,1005.73,31.57,68.80,1005.47,0,0,MANUAL,1,1,1,
2026-09-27 22:25:52,brain,9063000,30.73,74.96,1005.75,31.57,68.55,1005.49,0,0,MANUAL,1,1,1,
2026-09-27 22:25:53,brain,9064000,30.74,75.17,1005.67,31.56,68.67,1005.51,0,0,MANUAL,1,1,1,
2026-09-27 22:25:54,brain,9065000,30.73,75.63,1005.69,31.57,68.80,1005.44,0,0,MANUAL,1,1,1,
2026-09-27 22:25:55,brain,9066000,30.74,76.01,1005.68,31.57,68.60,1005.47,0,0,MANUAL,1,1,1,
2026-09-27 22:25:56,brain,9067000,30.74,75.83,1005.77,31.57,68.70,1005.47,0,0,MANUAL,1,1,1,
2026-09-27 22:25:57,brain,9068000,30.75,75.77,1005.69,31.57,68.61,1005.47,0,0,MANUAL,1,1,1,
2026-09-27 22:25:58,brain,9069000,30.75,75.17,1005.77,31.57,68.62,1005.44,0,0,MANUAL,1,1,1,
2026-09-27 22:25:59,brain,9070000,30.75,74.83,1005.72,31.57,68.62,1005.45,0,0,MANUAL,1,1,1,
2026-09-27 22:26:00,brain,9071000,30.76,74.80,1005.69,31.57,68.93,1005.45,0,0,MANUAL,1,1,1,
2026-09-27 22:26:01,brain,9072000,30.76,75.15,1005.80,31.58,68.96,1005.46,0,0,MANUAL,1,1,1,
2026-09-27 22:26:02,brain,9073000,30.77,75.59,1005.72,31.58,68.91,1005.45,0,0,MANUAL,1,1,1,
2026-09-27 22:26:03,brain,9074000,30.77,75.38,1005.75,31.57,68.63,1005.50,0,0,MANUAL,1,1,1,
2026-09-27 22:26:04,brain,9075000,30.78,75.17,1005.74,31.57,68.61,1005.45,0,0,MANUAL,1,1,1,
2026-09-27 22:26:05,brain,9076000,30.78,76.03,1005.75,31.58,68.64,1005.48,0,0,MANUAL,1,1,1,
2026-09-27 22:26:06,brain,9077000,30.78,75.89,1005.75,31.56,68.55,1005.40,0,0,MANUAL,1,1,1,
2026-09-27 22:26:06,brain,,,,,,,,,,,,,,mist A=1 B=0 (manual)
2026-09-27 22:26:07,brain,9078000,30.79,75.09,1005.78,31.58,68.71,1005.37,1,0,MANUAL,1,1,1,
2026-09-27 22:26:08,brain,9079000,30.80,75.55,1005.77,31.57,68.64,1005.45,1,0,MANUAL,1,1,1,
2026-09-27 22:26:09,brain,9080000,30.80,75.42,1005.77,31.58,68.64,1005.43,1,0,MANUAL,1,1,1,
2026-09-27 22:26:10,brain,9081000,30.80,75.33,1005.77,31.57,68.59,1005.47,1,0,MANUAL,1,1,1,
2026-09-27 22:26:11,brain,9082000,30.79,74.93,1005.73,31.57,68.91,1005.47,1,0,MANUAL,1,1,1,
2026-09-27 22:26:12,brain,9083000,30.80,75.36,1005.72,31.58,68.70,1005.51,1,0,MANUAL,1,1,1,
2026-09-27 22:26:13,brain,9084000,30.80,74.88,1005.75,31.58,68.73,1005.46,1,0,MANUAL,1,1,1,
2026-09-27 22:26:14,brain,9085000,30.80,75.21,1005.74,31.58,68.68,1005.46,1,0,MANUAL,1,1,1,
2026-09-27 22:26:15,brain,9086000,30.79,74.73,1005.73,31.58,68.74,1005.46,1,0,MANUAL,1,1,1,
2026-09-27 22:26:16,brain,9087000,30.80,74.90,1005.77,31.58,68.61,1005.52,1,0,MANUAL,1,1,1,
2026-09-27 22:26:17,brain,9088000,30.80,75.13,1005.75,31.57,68.54,1005.45,1,0,MANUAL,1,1,1,
2026-09-27 22:26:18,brain,9089000,30.80,75.97,1005.75,31.57,68.63,1005.47,1,0,MANUAL,1,1,1,
2026-09-27 22:26:19,brain,9090000,30.80,75.15,1005.72,31.57,68.58,1005.50,1,0,MANUAL,1,1,1,
2026-09-27 22:26:20,brain,9091000,30.80,74.84,1005.78,31.58,68.55,1005.49,1,0,MANUAL,1,1,1,
2026-09-27 22:26:21,brain,9092000,30.80,74.75,1005.67,31.57,68.88,1005.47,1,0,MANUAL,1,1,1,
2026-09-27 22:26:22,brain,9093000,30.80,74.70,1005.72,31.57,68.84,1005.50,1,0,MANUAL,1,1,1,
2026-09-27 22:26:23,brain,9094000,30.80,74.88,1005.69,31.58,69.03,1005.49,1,0,MANUAL,1,1,1,
2026-09-27 22:26:24,brain,9095000,30.80,74.57,1005.71,31.58,68.84,1005.48,1,0,MANUAL,1,1,1,
2026-09-27 22:26:25,brain,9096000,30.80,74.59,1005.66,31.58,68.69,1005.43,1,0,MANUAL,1,1,1,
2026-09-27 22:26:26,brain,9097000,30.80,75.30,1005.75,31.58,68.66,1005.49,1,0,MANUAL,1,1,1,
2026-09-27 22:26:27,brain,9098000,30.80,75.75,1005.77,31.58,68.91,1005.45,1,0,MANUAL,1,1,1,
2026-09-27 22:26:28,brain,9099000,30.80,75.49,1005.77,31.57,68.57,1005.45,1,0,MANUAL,1,1,1,
2026-09-27 22:26:29,brain,9100000,30.79,75.40,1005.71,31.57,68.58,1005.47,1,0,MANUAL,1,1,1,
2026-09-27 22:26:30,brain,9101000,30.81,76.08,1005.76,31.57,68.58,1005.42,1,0,MANUAL,1,1,1,
2026-09-27 22:26:31,brain,9102000,30.80,76.10,1005.74,31.56,68.55,1005.43,1,0,MANUAL,1,1,1,
2026-09-27 22:26:32,brain,9103000,30.79,76.16,1005.64,31.57,68.60,1005.49,1,0,MANUAL,1,1,1,
2026-09-27 22:26:33,brain,9104000,30.78,76.49,1005.77,31.57,68.69,1005.45,1,0,MANUAL,1,1,1,
2026-09-27 22:26:34,brain,9105000,30.78,77.49,1005.77,31.57,68.73,1005.50,1,0,MANUAL,1,1,1,
2026-09-27 22:26:35,brain,9106000,30.76,78.03,1005.74,31.57,68.73,1005.50,1,0,MANUAL,1,1,1,
2026-09-27 22:26:36,brain,9107000,30.74,75.94,1005.76,31.57,68.68,1005.47,1,0,MANUAL,1,1,1,
2026-09-27 22:26:37,brain,9108000,30.75,75.25,1005.80,31.57,68.66,1005.45,1,0,MANUAL,1,1,1,
2026-09-27 22:26:38,brain,9109000,30.74,75.26,1005.77,31.57,68.57,1005.47,1,0,MANUAL,1,1,1,
2026-09-27 22:26:39,brain,9110000,30.74,75.24,1005.65,31.57,68.58,1005.47,1,0,MANUAL,1,1,1,
2026-09-27 22:26:40,brain,9111000,30.74,75.58,1005.74,31.57,68.62,1005.50,1,0,MANUAL,1,1,1,
2026-09-27 22:26:41,brain,9112000,30.75,76.16,1005.67,31.57,68.66,1005.47,1,0,MANUAL,1,1,1,
2026-09-27 22:26:42,brain,9113000,30.75,76.53,1005.67,31.58,68.63,1005.51,1,0,MANUAL,1,1,1,
2026-09-27 22:26:43,brain,9114000,30.76,76.60,1005.71,31.58,68.73,1005.51,1,0,MANUAL,1,1,1,
2026-09-27 22:26:44,brain,9115000,30.74,76.29,1005.77,31.57,68.85,1005.50,1,0,MANUAL,1,1,1,
2026-09-27 22:26:45,brain,9116000,30.75,75.80,1005.72,31.58,68.63,1005.45,1,0,MANUAL,1,1,1,
2026-09-27 22:26:46,brain,9117000,30.74,75.52,1005.71,31.57,68.67,1005.39,1,0,MANUAL,1,1,1,
2026-09-27 22:26:47,brain,9118000,30.75,75.34,1005.77,31.58,68.63,1005.49,1,0,MANUAL,1,1,1,
2026-09-27 22:26:48,brain,9119000,30.74,75.07,1005.74,31.59,68.55,1005.50,1,0,MANUAL,1,1,1,
2026-09-27 22:26:49,brain,9120000,30.75,75.12,1005.75,31.57,68.89,1005.44,1,0,MANUAL,1,1,1,
2026-09-27 22:26:50,brain,9121000,30.74,74.64,1005.77,31.57,68.53,1005.45,1,0,MANUAL,1,1,1,
2026-09-27 22:26:51,brain,9122000,30.74,75.62,1005.77,31.57,68.83,1005.42,1,0,MANUAL,1,1,1,
2026-09-27 22:26:52,brain,9123000,30.73,76.58,1005.77,31.57,68.74,1005.47,1,0,MANUAL,1,1,1,
2026-09-27 22:26:53,brain,9124000,30.70,75.56,1005.76,31.57,68.67,1005.47,1,0,MANUAL,1,1,1,
2026-09-27 22:26:54,brain,9125000,30.70,74.89,1005.73,31.57,68.74,1005.47,1,0,MANUAL,1,1,1,
2026-09-27 22:26:55,brain,9126000,30.70,74.77,1005.72,31.57,68.58,1005.44,1,0,MANUAL,1,1,1,
2026-09-27 22:26:56,brain,9127000,30.70,74.71,1005.69,31.57,68.57,1005.50,1,0,MANUAL,1,1,1,
2026-09-27 22:26:57,brain,9128000,30.70,75.18,1005.76,31.57,68.63,1005.47,1,0,MANUAL,1,1,1,
2026-09-27 22:26:58,brain,9129000,30.70,75.66,1005.76,31.58,68.59,1005.45,1,0,MANUAL,1,1,1,
2026-09-27 22:26:59,brain,9130000,30.70,75.25,1005.70,31.57,68.55,1005.50,1,0,MANUAL,1,1,1,
2026-09-27 22:27:00,brain,9131000,30.70,75.19,1005.69,31.58,68.58,1005.43,1,0,MANUAL,1,1,1,
2026-09-27 22:27:01,brain,9132000,30.70,74.92,1005.81,31.57,68.62,1005.55,1,0,MANUAL,1,1,1,
2026-09-27 22:27:02,brain,9133000,30.71,75.93,1005.74,31.58,68.57,1005.45,1,0,MANUAL,1,1,1,
2026-09-27 22:27:03,brain,9134000,30.70,75.66,1005.76,31.57,68.63,1005.47,1,0,MANUAL,1,1,1,
2026-09-27 22:27:04,brain,9135000,30.68,75.19,1005.70,31.57,68.53,1005.49,1,0,MANUAL,1,1,1,
2026-09-27 22:27:05,brain,9136000,30.69,74.79,1005.77,31.58,68.53,1005.51,1,0,MANUAL,1,1,1,
2026-09-27 22:27:06,brain,9137000,30.70,75.23,1005.75,31.58,68.63,1005.52,1,0,MANUAL,1,1,1,
2026-09-27 22:27:07,brain,9138000,30.68,75.75,1005.73,31.57,68.54,1005.50,1,0,MANUAL,1,1,1,
2026-09-27 22:27:08,brain,9139000,30.69,75.52,1005.73,31.58,68.66,1005.49,1,0,MANUAL,1,1,1,
2026-09-27 22:27:09,brain,9140000,30.68,75.97,1005.72,31.58,68.64,1005.48,1,0,MANUAL,1,1,1,
2026-09-27 22:27:10,brain,9141000,30.68,75.86,1005.78,31.58,68.59,1005.51,1,0,MANUAL,1,1,1,
2026-09-27 22:27:11,brain,9142000,30.69,75.96,1005.71,31.59,68.57,1005.47,1,0,MANUAL,1,1,1,
2026-09-27 22:27:12,brain,9143000,30.68,75.93,1005.73,31.58,68.80,1005.34,1,0,MANUAL,1,1,1,
2026-09-27 22:27:13,brain,9144000,30.69,75.72,1005.71,31.59,68.53,1005.42,1,0,MANUAL,1,1,1,
2026-09-27 22:27:14,brain,9145000,30.69,75.61,1005.71,31.58,68.64,1005.48,1,0,MANUAL,1,1,1,
2026-09-27 22:27:15,brain,9146000,30.69,75.64,1005.73,31.59,68.59,1005.48,1,0,MANUAL,1,1,1,
2026-09-27 22:27:16,brain,9147000,30.69,76.17,1005.76,31.59,68.70,1005.51,1,0,MANUAL,1,1,1,
2026-09-27 22:27:17,brain,9148000,30.69,76.56,1005.76,31.59,68.62,1005.47,1,0,MANUAL,1,1,1,
2026-09-27 22:27:18,brain,9149000,30.68,76.53,1005.73,31.58,68.51,1005.52,1,0,MANUAL,1,1,1,
2026-09-27 22:27:19,brain,9150000,30.68,75.50,1005.75,31.59,68.60,1005.48,1,0,MANUAL,1,1,1,
2026-09-27 22:27:20,brain,9151000,30.67,75.26,1005.74,31.59,68.59,1005.56,1,0,MANUAL,1,1,1,
2026-09-27 22:27:21,brain,9152000,30.68,75.11,1005.73,31.59,68.54,1005.48,1,0,MANUAL,1,1,1,
2026-09-27 22:27:22,brain,9153000,30.67,75.44,1005.70,31.60,68.52,1005.54,1,0,MANUAL,1,1,1,
2026-09-27 22:27:23,brain,9154000,30.67,75.36,1005.81,31.59,68.48,1005.47,1,0,MANUAL,1,1,1,
2026-09-27 22:27:24,brain,9155000,30.67,75.16,1005.79,31.59,68.52,1005.51,1,0,MANUAL,1,1,1,
2026-09-27 22:27:25,brain,9156000,30.66,75.00,1005.68,31.59,68.56,1005.42,1,0,MANUAL,1,1,1,
2026-09-27 22:27:26,brain,9157000,30.66,75.34,1005.74,31.59,68.61,1005.51,1,0,MANUAL,1,1,1,
2026-09-27 22:27:27,brain,9158000,30.65,74.71,1005.75,31.59,68.51,1005.51,1,0,MANUAL,1,1,1,
2026-09-27 22:27:28,brain,9159000,30.66,74.27,1005.74,31.59,68.50,1005.40,1,0,MANUAL,1,1,1,
2026-09-27 22:27:29,brain,9160000,30.65,74.58,1005.76,31.59,68.72,1005.53,1,0,MANUAL,1,1,1,
2026-09-27 22:27:30,brain,9161000,30.65,75.28,1005.72,31.59,68.62,1005.45,1,0,MANUAL,1,1,1,
2026-09-27 22:27:31,brain,9162000,30.66,75.43,1005.74,31.60,68.43,1005.46,1,0,MANUAL,1,1,1,
2026-09-27 22:27:32,brain,9163000,30.66,75.37,1005.71,31.60,68.49,1005.49,1,0,MANUAL,1,1,1,
2026-09-27 22:27:33,brain,9164000,30.66,75.73,1005.75,31.59,68.52,1005.42,1,0,MANUAL,1,1,1,
2026-09-27 22:27:34,brain,9165000,30.66,76.54,1005.74,31.60,68.73,1005.47,1,0,MANUAL,1,1,1,
2026-09-27 22:27:35,brain,9166000,30.65,77.10,1005.75,31.60,68.49,1005.49,1,0,MANUAL,1,1,1,
2026-09-27 22:27:36,brain,9167000,30.65,76.43,1005.75,31.59,68.50,1005.45,1,0,MANUAL,1,1,1,
2026-09-27 22:27:37,brain,9168000,30.64,75.80,1005.74,31.60,68.59,1005.51,1,0,MANUAL,1,1,1,
2026-09-27 22:27:38,brain,9169000,30.65,75.85,1005.72,31.60,68.63,1005.43,1,0,MANUAL,1,1,1,
2026-09-27 22:27:39,brain,9170000,30.65,75.97,1005.73,31.60,68.67,1005.49,1,0,MANUAL,1,1,1,
2026-09-27 22:27:40,brain,9171000,30.65,76.82,1005.70,31.60,68.45,1005.47,1,0,MANUAL,1,1,1,
2026-09-27 22:27:41,brain,9172000,30.66,77.24,1005.71,31.60,68.52,1005.43,1,0,MANUAL,1,1,1,
2026-09-27 22:27:42,brain,9173000,30.65,75.86,1005.78,31.61,68.58,1005.45,1,0,MANUAL,1,1,1,
2026-09-27 22:27:43,brain,9174000,30.64,74.99,1005.69,31.60,68.55,1005.52,1,0,MANUAL,1,1,1,
2026-09-27 22:27:44,brain,9175000,30.65,75.14,1005.72,31.60,68.41,1005.44,1,0,MANUAL,1,1,1,
2026-09-27 22:27:45,brain,9176000,30.64,75.62,1005.71,31.60,68.93,1005.52,1,0,MANUAL,1,1,1,
2026-09-27 22:27:46,brain,9177000,30.63,77.03,1005.73,31.59,68.44,1005.48,1,0,MANUAL,1,1,1,
2026-09-27 22:27:47,brain,9178000,30.61,75.79,1005.72,31.61,68.54,1005.47,1,0,MANUAL,1,1,1,
2026-09-27 22:27:48,brain,9179000,30.61,75.49,1005.80,31.60,68.47,1005.44,1,0,MANUAL,1,1,1,
2026-09-27 22:27:49,brain,9180000,30.62,75.51,1005.68,31.61,68.57,1005.50,1,0,MANUAL,1,1,1,
2026-09-27 22:27:50,brain,9181000,30.62,75.32,1005.70,31.60,68.42,1005.43,1,0,MANUAL,1,1,1,
2026-09-27 22:27:51,brain,9182000,30.62,75.03,1005.70,31.60,68.40,1005.49,1,0,MANUAL,1,1,1,
2026-09-27 22:27:52,brain,9183000,30.62,75.16,1005.73,31.60,68.41,1005.49,1,0,MANUAL,1,1,1,
2026-09-27 22:27:53,brain,9184000,30.62,75.37,1005.68,31.59,68.39,1005.42,1,0,MANUAL,1,1,1,
2026-09-27 22:27:54,brain,9185000,30.61,75.16,1005.72,31.59,68.37,1005.45,1,0,MANUAL,1,1,1,
2026-09-27 22:27:55,brain,9186000,30.61,75.11,1005.77,31.60,68.40,1005.44,1,0,MANUAL,1,1,1,
2026-09-27 22:27:56,brain,9187000,30.60,76.15,1005.68,31.60,68.46,1005.54,1,0,MANUAL,1,1,1,
2026-09-27 22:27:57,brain,9188000,30.60,76.31,1005.73,31.59,68.51,1005.48,1,0,MANUAL,1,1,1,
2026-09-27 22:27:58,brain,9189000,30.59,75.39,1005.75,31.59,68.52,1005.48,1,0,MANUAL,1,1,1,
2026-09-27 22:27:59,brain,9190000,30.59,75.00,1005.69,31.59,68.82,1005.44,1,0,MANUAL,1,1,1,
2026-09-27 22:28:00,brain,9191000,30.58,75.56,1005.71,31.59,68.53,1005.48,1,0,MANUAL,1,1,1,
2026-09-27 22:28:01,brain,9192000,30.58,76.07,1005.74,31.59,68.53,1005.45,1,0,MANUAL,1,1,1,
2026-09-27 22:28:02,brain,9193000,30.58,76.53,1005.74,31.60,68.60,1005.51,1,0,MANUAL,1,1,1,
2026-09-27 22:28:03,brain,9194000,30.58,75.66,1005.68,31.59,68.62,1005.45,1,0,MANUAL,1,1,1,
2026-09-27 22:28:04,brain,9195000,30.58,75.30,1005.77,31.59,68.53,1005.47,1,0,MANUAL,1,1,1,
2026-09-27 22:28:05,brain,9196000,30.57,75.10,1005.69,31.59,68.45,1005.42,1,0,MANUAL,1,1,1,
2026-09-27 22:28:06,brain,9197000,30.58,75.93,1005.74,31.59,68.48,1005.53,1,0,MANUAL,1,1,1,
2026-09-27 22:28:07,brain,9198000,30.57,76.59,1005.72,31.59,68.39,1005.45,1,0,MANUAL,1,1,1,
2026-09-27 22:28:08,brain,9199000,30.58,76.79,1005.68,31.60,68.50,1005.49,1,0,MANUAL,1,1,1,
2026-09-27 22:28:09,brain,9200000,30.58,76.47,1005.80,31.59,68.43,1005.45,1,0,MANUAL,1,1,1,
2026-09-27 22:28:10,brain,9201000,30.57,75.39,1005.70,31.60,68.53,1005.51,1,0,MANUAL,1,1,1,
2026-09-27 22:28:11,brain,9202000,30.57,75.08,1005.70,31.60,68.44,1005.47,1,0,MANUAL,1,1,1,
2026-09-27 22:28:12,brain,9203000,30.57,75.10,1005.72,31.58,68.44,1005.43,1,0,MANUAL,1,1,1,
2026-09-27 22:28:13,brain,9204000,30.57,75.63,1005.77,31.60,68.42,1005.49,1,0,MANUAL,1,1,1,
2026-09-27 22:28:14,brain,9205000,30.58,75.45,1005.70,31.59,68.51,1005.53,1,0,MANUAL,1,1,1,
2026-09-27 22:28:15,brain,9206000,30.58,76.43,1005.73,31.59,68.60,1005.51,1,0,MANUAL,1,1,1,
2026-09-27 22:28:16,brain,9207000,30.57,76.69,1005.72,31.60,68.44,1005.49,1,0,MANUAL,1,1,1,
2026-09-27 22:28:17,brain,9208000,30.57,75.96,1005.66,31.59,68.47,1005.51,1,0,MANUAL,1,1,1,
2026-09-27 22:28:18,brain,9209000,30.57,74.99,1005.69,31.59,68.56,1005.42,1,0,MANUAL,1,1,1,
2026-09-27 22:28:19,brain,9210000,30.56,75.63,1005.76,31.60,68.58,1005.46,1,0,MANUAL,1,1,1,
2026-09-27 22:28:20,brain,9211000,30.56,75.46,1005.76,31.60,68.43,1005.44,1,0,MANUAL,1,1,1,
2026-09-27 22:28:21,brain,9212000,30.56,75.53,1005.74,31.60,68.49,1005.49,1,0,MANUAL,1,1,1,
2026-09-27 22:28:22,brain,9213000,30.56,77.64,1005.79,31.60,68.54,1005.46,1,0,MANUAL,1,1,1,
2026-09-27 22:28:23,brain,9214000,30.55,76.05,1005.71,31.60,68.43,1005.44,1,0,MANUAL,1,1,1,
2026-09-27 22:28:24,brain,9215000,30.54,75.11,1005.70,31.60,68.45,1005.49,1,0,MANUAL,1,1,1,
2026-09-27 22:28:25,brain,9216000,30.54,75.52,1005.73,31.60,68.36,1005.54,1,0,MANUAL,1,1,1,
2026-09-27 22:28:26,brain,9217000,30.54,75.02,1005.76,31.60,68.63,1005.52,1,0,MANUAL,1,1,1,
2026-09-27 22:28:27,brain,9218000,30.53,75.17,1005.72,31.59,68.46,1005.48,1,0,MANUAL,1,1,1,
2026-09-27 22:28:28,brain,9219000,30.53,75.24,1005.71,31.61,68.38,1005.45,1,0,MANUAL,1,1,1,
2026-09-27 22:28:29,brain,9220000,30.53,75.30,1005.76,31.60,68.35,1005.49,1,0,MANUAL,1,1,1,
2026-09-27 22:28:30,brain,9221000,30.54,76.76,1005.75,31.60,68.70,1005.54,1,0,MANUAL,1,1,1,
2026-09-27 22:28:31,brain,9222000,30.53,77.28,1005.79,31.60,68.49,1005.54,1,0,MANUAL,1,1,1,
2026-09-27 22:28:32,brain,9223000,30.52,76.30,1005.78,31.60,68.84,1005.49,1,0,MANUAL,1,1,1,
2026-09-27 22:28:33,brain,9224000,30.53,75.49,1005.76,31.60,68.41,1005.49,1,0,MANUAL,1,1,1,
2026-09-27 22:28:34,brain,9225000,30.53,75.93,1005.71,31.60,68.50,1005.43,1,0,MANUAL,1,1,1,
2026-09-27 22:28:35,brain,9226000,30.52,75.26,1005.70,31.60,68.50,1005.51,1,0,MANUAL,1,1,1,
2026-09-27 22:28:36,brain,9227000,30.53,75.04,1005.72,31.60,68.52,1005.51,1,0,MANUAL,1,1,1,
2026-09-27 22:28:37,brain,9228000,30.53,74.62,1005.72,31.60,68.38,1005.54,1,0,MANUAL,1,1,1,
2026-09-27 22:28:38,brain,9229000,30.53,75.28,1005.74,31.60,68.41,1005.46,1,0,MANUAL,1,1,1,
2026-09-27 22:28:39,brain,9230000,30.53,75.54,1005.69,31.60,68.45,1005.46,1,0,MANUAL,1,1,1,
2026-09-27 22:28:40,brain,9231000,30.53,75.58,1005.69,31.59,68.48,1005.48,1,0,MANUAL,1,1,1,
2026-09-27 22:28:41,brain,9232000,30.53,75.36,1005.80,31.59,68.38,1005.51,1,0,MANUAL,1,1,1,
2026-09-27 22:28:42,brain,9233000,30.52,75.01,1005.76,31.59,68.59,1005.45,1,0,MANUAL,1,1,1,
2026-09-27 22:28:43,brain,9234000,30.53,74.87,1005.76,31.59,68.80,1005.48,1,0,MANUAL,1,1,1,
2026-09-27 22:28:44,brain,9235000,30.53,74.26,1005.79,31.59,68.43,1005.45,1,0,MANUAL,1,1,1,
2026-09-27 22:28:45,brain,9236000,30.54,74.62,1005.78,31.59,68.46,1005.48,1,0,MANUAL,1,1,1,
2026-09-27 22:28:46,brain,9237000,30.52,75.90,1005.69,31.60,68.40,1005.49,1,0,MANUAL,1,1,1,
2026-09-27 22:28:47,brain,9238000,30.52,75.48,1005.78,31.58,68.61,1005.49,1,0,MANUAL,1,1,1,
2026-09-27 22:28:48,brain,9239000,30.52,75.63,1005.70,31.59,68.68,1005.47,1,0,MANUAL,1,1,1,
2026-09-27 22:28:49,brain,9240000,30.53,75.68,1005.72,31.59,68.70,1005.48,1,0,MANUAL,1,1,1,
2026-09-27 22:28:50,brain,9241000,30.52,76.14,1005.69,31.58,68.49,1005.41,1,0,MANUAL,1,1,1,
2026-09-27 22:28:51,brain,9242000,30.52,76.65,1005.70,31.59,68.38,1005.45,1,0,MANUAL,1,1,1,
2026-09-27 22:28:52,brain,9243000,30.52,75.73,1005.76,31.60,68.69,1005.49,1,0,MANUAL,1,1,1,
2026-09-27 22:28:53,brain,9244000,30.52,76.02,1005.73,31.60,68.78,1005.55,1,0,MANUAL,1,1,1,
2026-09-27 22:28:54,brain,9245000,30.54,76.10,1005.67,31.60,68.69,1005.55,1,0,MANUAL,1,1,1,
2026-09-27 22:28:55,brain,9246000,30.53,76.08,1005.72,31.60,68.41,1005.44,1,0,MANUAL,1,1,1,
2026-09-27 22:28:56,brain,9247000,30.54,76.22,1005.75,31.60,68.45,1005.47,1,0,MANUAL,1,1,1,
2026-09-27 22:28:57,brain,9248000,30.53,75.77,1005.74,31.60,68.50,1005.41,1,0,MANUAL,1,1,1,
2026-09-27 22:28:58,brain,9249000,30.53,75.97,1005.71,31.59,68.63,1005.47,1,0,MANUAL,1,1,1,
2026-09-27 22:28:59,brain,9250000,30.52,75.75,1005.70,31.60,68.38,1005.43,1,0,MANUAL,1,1,1,
2026-09-27 22:29:00,brain,9251000,30.53,77.03,1005.66,31.60,68.66,1005.54,1,0,MANUAL,1,1,1,
2026-09-27 22:29:01,brain,9252000,30.52,76.02,1005.73,31.60,68.36,1005.44,1,0,MANUAL,1,1,1,
2026-09-27 22:29:02,brain,9253000,30.52,75.12,1005.73,31.59,68.55,1005.48,1,0,MANUAL,1,1,1,
2026-09-27 22:29:03,brain,9254000,30.53,75.71,1005.68,31.59,68.68,1005.51,1,0,MANUAL,1,1,1,
2026-09-27 22:29:04,brain,9255000,30.52,75.38,1005.72,31.60,68.50,1005.49,1,0,MANUAL,1,1,1,
2026-09-27 22:29:05,brain,9256000,30.52,75.46,1005.69,31.59,68.86,1005.42,1,0,MANUAL,1,1,1,
2026-09-27 22:29:06,brain,9257000,30.52,75.77,1005.70,31.59,68.73,1005.42,1,0,MANUAL,1,1,1,
2026-09-27 22:29:07,brain,9258000,30.52,75.76,1005.76,31.59,68.60,1005.48,1,0,MANUAL,1,1,1,
2026-09-27 22:29:08,brain,9259000,30.52,75.54,1005.73,31.59,68.51,1005.53,1,0,MANUAL,1,1,1,
2026-09-27 22:29:09,brain,9260000,30.51,75.53,1005.63,31.59,68.60,1005.48,1,0,MANUAL,1,1,1,
2026-09-27 22:29:10,brain,9261000,30.51,75.28,1005.74,31.59,68.37,1005.48,1,0,MANUAL,1,1,1,
2026-09-27 22:29:11,brain,9262000,30.52,75.18,1005.67,31.60,68.45,1005.49,1,0,MANUAL,1,1,1,
2026-09-27 22:29:12,brain,9263000,30.52,75.15,1005.78,31.59,68.50,1005.48,1,0,MANUAL,1,1,1,
2026-09-27 22:29:13,brain,9264000,30.51,74.64,1005.68,31.59,68.45,1005.51,1,0,MANUAL,1,1,1,
2026-09-27 22:29:14,brain,9265000,30.51,74.74,1005.68,31.60,68.46,1005.46,1,0,MANUAL,1,1,1,
2026-09-27 22:29:15,brain,9266000,30.52,75.32,1005.69,31.59,68.62,1005.51,1,0,MANUAL,1,1,1,
2026-09-27 22:29:16,brain,9267000,30.51,75.75,1005.71,31.59,68.55,1005.50,1,0,MANUAL,1,1,1,
2026-09-27 22:29:17,brain,9268000,30.51,75.70,1005.71,31.59,68.68,1005.51,1,0,MANUAL,1,1,1,
2026-09-27 22:29:18,brain,9269000,30.51,75.70,1005.70,31.60,68.44,1005.51,1,0,MANUAL,1,1,1,
2026-09-27 22:29:19,brain,9270000,30.52,76.81,1005.70,31.60,68.58,1005.49,1,0,MANUAL,1,1,1,
2026-09-27 22:29:20,brain,9271000,30.51,75.97,1005.73,31.60,68.64,1005.51,1,0,MANUAL,1,1,1,
2026-09-27 22:29:21,brain,9272000,30.52,75.69,1005.78,31.59,68.61,1005.48,1,0,MANUAL,1,1,1,
2026-09-27 22:29:22,brain,9273000,30.51,74.83,1005.68,31.59,68.41,1005.51,1,0,MANUAL,1,1,1,
2026-09-27 22:29:23,brain,9274000,30.51,74.71,1005.74,31.59,68.83,1005.48,1,0,MANUAL,1,1,1,
2026-09-27 22:29:24,brain,9275000,30.51,75.68,1005.70,31.59,68.79,1005.51,1,0,MANUAL,1,1,1,
2026-09-27 22:29:25,brain,9276000,30.51,77.21,1005.74,31.60,68.38,1005.54,1,0,MANUAL,1,1,1,
2026-09-27 22:29:26,brain,9277000,30.52,77.94,1005.72,31.60,68.32,1005.40,1,0,MANUAL,1,1,1,
2026-09-27 22:29:27,brain,9278000,30.51,77.36,1005.77,31.59,68.43,1005.45,1,0,MANUAL,1,1,1,
2026-09-27 22:29:28,brain,9279000,30.51,76.05,1005.74,31.60,68.54,1005.49,1,0,MANUAL,1,1,1,
2026-09-27 22:29:29,brain,9280000,30.51,75.53,1005.77,31.60,68.44,1005.49,1,0,MANUAL,1,1,1,
2026-09-27 22:29:30,brain,9281000,30.51,75.69,1005.68,31.60,68.26,1005.46,1,0,MANUAL,1,1,1,
2026-09-27 22:29:31,brain,9282000,30.50,75.43,1005.75,31.60,68.43,1005.49,1,0,MANUAL,1,1,1,
2026-09-27 22:29:32,brain,9283000,30.51,75.34,1005.73,31.60,68.45,1005.52,1,0,MANUAL,1,1,1,
2026-09-27 22:29:33,brain,9284000,30.50,75.96,1005.74,31.60,68.28,1005.46,1,0,MANUAL,1,1,1,
2026-09-27 22:29:34,brain,9285000,30.49,76.55,1005.74,31.60,68.51,1005.52,1,0,MANUAL,1,1,1,
2026-09-27 22:29:35,brain,9286000,30.49,76.56,1005.71,31.60,68.41,1005.49,1,0,MANUAL,1,1,1,
2026-09-27 22:29:36,brain,9287000,30.50,77.14,1005.72,31.60,68.42,1005.46,1,0,MANUAL,1,1,1,
2026-09-27 22:29:37,brain,9288000,30.50,76.62,1005.72,31.61,68.46,1005.50,1,0,MANUAL,1,1,1,
2026-09-27 22:29:38,brain,9289000,30.50,75.72,1005.74,31.60,68.58,1005.49,1,0,MANUAL,1,1,1,
2026-09-27 22:29:39,brain,9290000,30.51,75.35,1005.70,31.60,68.43,1005.46,1,0,MANUAL,1,1,1,
2026-09-27 22:29:40,brain,9291000,30.49,76.21,1005.74,31.60,68.37,1005.51,1,0,MANUAL,1,1,1,
2026-09-27 22:29:41,brain,9292000,30.49,75.98,1005.76,31.59,68.35,1005.44,1,0,MANUAL,1,1,1,
2026-09-27 22:29:42,brain,9293000,30.48,75.92,1005.75,31.59,68.60,1005.53,1,0,MANUAL,1,1,1,
2026-09-27 22:29:43,brain,9294000,30.49,75.21,1005.71,31.58,68.66,1005.52,1,0,MANUAL,1,1,1,
2026-09-27 22:29:44,brain,9295000,30.49,75.03,1005.74,31.59,68.44,1005.48,1,0,MANUAL,1,1,1,
2026-09-27 22:29:45,brain,9296000,30.49,76.21,1005.70,31.59,68.42,1005.47,1,0,MANUAL,1,1,1,
2026-09-27 22:29:46,brain,9297000,30.49,75.89,1005.74,31.58,68.39,1005.45,1,0,MANUAL,1,1,1,
2026-09-27 22:29:47,brain,9298000,30.48,77.97,1005.74,31.58,68.47,1005.52,1,0,MANUAL,1,1,1,
2026-09-27 22:29:48,brain,9299000,30.49,78.83,1005.76,31.58,68.38,1005.52,1,0,MANUAL,1,1,1,
2026-09-27 22:29:49,brain,9300000,30.47,77.68,1005.72,31.59,68.35,1005.53,1,0,MANUAL,1,1,1,
2026-09-27 22:29:50,brain,9301000,30.47,76.48,1005.73,31.59,68.38,1005.51,1,0,MANUAL,1,1,1,
2026-09-27 22:29:51,brain,9302000,30.47,76.04,1005.72,31.58,68.61,1005.49,1,0,MANUAL,1,1,1,
2026-09-27 22:29:52,brain,9303000,30.46,75.52,1005.72,31.59,68.68,1005.47,1,0,MANUAL,1,1,1,
2026-09-27 22:29:53,brain,9304000,30.48,76.76,1005.78,31.59,68.45,1005.50,1,0,MANUAL,1,1,1,
2026-09-27 22:29:54,brain,9305000,30.47,76.63,1005.76,31.58,68.37,1005.49,1,0,MANUAL,1,1,1,
2026-09-27 22:29:55,brain,9306000,30.46,75.86,1005.72,31.58,68.48,1005.49,1,0,MANUAL,1,1,1,
2026-09-27 22:29:56,brain,9307000,30.47,75.87,1005.72,31.58,68.67,1005.45,1,0,MANUAL,1,1,1,
2026-09-27 22:29:57,brain,9308000,30.47,77.23,1005.76,31.58,68.46,1005.43,1,0,MANUAL,1,1,1,
2026-09-27 22:29:58,brain,9309000,30.45,76.76,1005.73,31.58,68.69,1005.45,1,0,MANUAL,1,1,1,
2026-09-27 22:29:59,brain,9310000,30.47,77.33,1005.73,31.59,68.48,1005.53,1,0,MANUAL,1,1,1,
2026-09-27 22:30:00,brain,9311000,30.48,78.45,1005.75,31.58,68.63,1005.48,1,0,MANUAL,1,1,1,
2026-09-27 22:30:01,brain,9312000,30.47,76.82,1005.70,31.58,68.33,1005.43,1,0,MANUAL,1,1,1,
2026-09-27 22:30:02,brain,9313000,30.48,76.58,1005.68,31.58,68.37,1005.51,1,0,MANUAL,1,1,1,
2026-09-27 22:30:03,brain,9314000,30.47,76.40,1005.73,31.58,68.46,1005.45,1,0,MANUAL,1,1,1,
2026-09-27 22:30:04,brain,9315000,30.48,76.27,1005.78,31.57,68.85,1005.50,1,0,MANUAL,1,1,1,
2026-09-27 22:30:05,brain,9316000,30.47,76.86,1005.68,31.57,68.47,1005.50,1,0,MANUAL,1,1,1,
2026-09-27 22:30:06,brain,9317000,30.48,78.09,1005.77,31.57,68.58,1005.50,1,0,MANUAL,1,1,1,
2026-09-27 22:30:07,brain,9318000,30.49,79.07,1005.76,31.57,68.41,1005.56,1,0,MANUAL,1,1,1,
2026-09-27 22:30:08,brain,9319000,30.45,77.24,1005.76,31.57,68.43,1005.47,1,0,MANUAL,1,1,1,
2026-09-27 22:30:09,brain,9320000,30.46,76.86,1005.74,31.57,68.40,1005.42,1,0,MANUAL,1,1,1,
2026-09-27 22:30:10,brain,9321000,30.44,77.21,1005.71,31.57,68.50,1005.47,1,0,MANUAL,1,1,1,
2026-09-27 22:30:11,brain,9322000,30.45,77.09,1005.73,31.57,68.46,1005.49,1,0,MANUAL,1,1,1,
2026-09-27 22:30:12,brain,9323000,30.48,79.85,1005.74,31.57,68.56,1005.47,1,0,MANUAL,1,1,1,
2026-09-27 22:30:13,brain,9324000,30.50,81.92,1005.72,31.58,68.57,1005.45,1,0,MANUAL,1,1,1,
2026-09-27 22:30:14,brain,9325000,30.47,82.45,1005.76,31.58,68.48,1005.49,1,0,MANUAL,1,1,1,
2026-09-27 22:30:15,brain,9326000,30.47,82.67,1005.70,31.58,68.35,1005.46,1,0,MANUAL,1,1,1,
2026-09-27 22:30:16,brain,9327000,30.45,81.25,1005.76,31.58,68.45,1005.49,1,0,MANUAL,1,1,1,
2026-09-27 22:30:17,brain,9328000,30.45,80.13,1005.78,31.59,68.45,1005.51,1,0,MANUAL,1,1,1,
2026-09-27 22:30:18,brain,9329000,30.45,78.20,1005.69,31.58,68.45,1005.52,1,0,MANUAL,1,1,1,
2026-09-27 22:30:19,brain,9330000,30.46,78.37,1005.74,31.57,68.31,1005.45,1,0,MANUAL,1,1,1,
2026-09-27 22:30:20,brain,9331000,30.46,78.16,1005.76,31.58,68.34,1005.46,1,0,MANUAL,1,1,1,
2026-09-27 22:30:21,brain,9332000,30.47,77.92,1005.75,31.58,68.45,1005.51,1,0,MANUAL,1,1,1,
2026-09-27 22:30:22,brain,9333000,30.48,78.92,1005.77,31.58,68.45,1005.52,1,0,MANUAL,1,1,1,
2026-09-27 22:30:23,brain,9334000,30.48,79.05,1005.77,31.58,68.51,1005.49,1,0,MANUAL,1,1,1,
2026-09-27 22:30:24,brain,9335000,30.47,79.17,1005.79,31.58,68.38,1005.43,1,0,MANUAL,1,1,1,
2026-09-27 22:30:25,brain,9336000,30.47,79.39,1005.76,31.58,68.53,1005.46,1,0,MANUAL,1,1,1,
2026-09-27 22:30:26,brain,9337000,30.43,77.97,1005.78,31.59,68.47,1005.47,1,0,MANUAL,1,1,1,
2026-09-27 22:30:27,brain,9338000,30.43,77.40,1005.78,31.58,68.47,1005.46,1,0,MANUAL,1,1,1,
2026-09-27 22:30:28,brain,9339000,30.43,77.98,1005.69,31.57,68.49,1005.47,1,0,MANUAL,1,1,1,
2026-09-27 22:30:29,brain,9340000,30.43,78.56,1005.75,31.59,68.42,1005.50,1,0,MANUAL,1,1,1,
2026-09-27 22:30:30,brain,9341000,30.42,78.21,1005.73,31.59,68.44,1005.50,1,0,MANUAL,1,1,1,
2026-09-27 22:30:31,brain,9342000,30.43,78.31,1005.72,31.58,68.35,1005.49,1,0,MANUAL,1,1,1,
2026-09-27 22:30:32,brain,9343000,30.43,79.06,1005.74,31.59,68.38,1005.55,1,0,MANUAL,1,1,1,
2026-09-27 22:30:33,brain,9344000,30.42,79.13,1005.71,31.59,68.30,1005.53,1,0,MANUAL,1,1,1,
2026-09-27 22:30:34,brain,9345000,30.42,77.53,1005.76,31.58,68.47,1005.49,1,0,MANUAL,1,1,1,
2026-09-27 22:30:35,brain,9346000,30.41,77.28,1005.75,31.59,68.64,1005.50,1,0,MANUAL,1,1,1,
2026-09-27 22:30:36,brain,9347000,30.42,78.03,1005.71,31.58,68.56,1005.49,1,0,MANUAL,1,1,1,
2026-09-27 22:30:37,brain,9348000,30.41,79.45,1005.69,31.58,68.78,1005.52,1,0,MANUAL,1,1,1,
2026-09-27 22:30:38,brain,9349000,30.43,80.97,1005.78,31.58,68.70,1005.43,1,0,MANUAL,1,1,1,
2026-09-27 22:30:39,brain,9350000,30.41,80.49,1005.75,31.58,68.47,1005.46,1,0,MANUAL,1,1,1,
2026-09-27 22:30:40,brain,9351000,30.40,78.77,1005.67,31.58,68.67,1005.48,1,0,MANUAL,1,1,1,
2026-09-27 22:30:41,brain,9352000,30.41,79.49,1005.69,31.58,68.79,1005.52,1,0,MANUAL,1,1,1,
2026-09-27 22:30:42,brain,9353000,30.42,78.70,1005.73,31.58,68.70,1005.48,1,0,MANUAL,1,1,1,
2026-09-27 22:30:43,brain,9354000,30.42,78.64,1005.73,31.57,68.47,1005.47,1,0,MANUAL,1,1,1,
2026-09-27 22:30:44,brain,9355000,30.42,79.61,1005.73,31.57,68.45,1005.50,1,0,MANUAL,1,1,1,
2026-09-27 22:30:45,brain,9356000,30.42,79.44,1005.78,31.57,68.81,1005.47,1,0,MANUAL,1,1,1,
2026-09-27 22:30:46,brain,9357000,30.40,77.89,1005.73,31.57,68.88,1005.47,1,0,MANUAL,1,1,1,
2026-09-27 22:30:47,brain,9358000,30.41,78.35,1005.74,31.58,68.88,1005.46,1,0,MANUAL,1,1,1,
2026-09-27 22:30:48,brain,9359000,30.42,80.20,1005.76,31.58,68.83,1005.46,1,0,MANUAL,1,1,1,
2026-09-27 22:30:49,brain,9360000,30.39,78.41,1005.71,31.57,68.53,1005.50,1,0,MANUAL,1,1,1,
2026-09-27 22:30:50,brain,9361000,30.40,77.87,1005.75,31.58,68.83,1005.49,1,0,MANUAL,1,1,1,
2026-09-27 22:30:51,brain,9362000,30.40,77.15,1005.69,31.57,68.89,1005.49,1,0,MANUAL,1,1,1,
2026-09-27 22:30:52,brain,9363000,30.40,77.12,1005.73,31.58,68.58,1005.46,1,0,MANUAL,1,1,1,
2026-09-27 22:30:53,brain,9364000,30.40,78.10,1005.70,31.58,68.72,1005.49,1,0,MANUAL,1,1,1,
2026-09-27 22:30:54,brain,9365000,30.39,76.88,1005.71,31.59,68.64,1005.45,1,0,MANUAL,1,1,1,
2026-09-27 22:30:55,brain,9366000,30.40,76.89,1005.67,31.58,68.45,1005.48,1,0,MANUAL,1,1,1,
2026-09-27 22:30:56,brain,9367000,30.40,76.32,1005.73,31.57,68.47,1005.45,1,0,MANUAL,1,1,1,
2026-09-27 22:30:57,brain,9368000,30.41,76.93,1005.77,31.57,68.39,1005.45,1,0,MANUAL,1,1,1,
2026-09-27 22:30:58,brain,9369000,30.41,77.43,1005.77,31.58,68.54,1005.51,1,0,MANUAL,1,1,1,
2026-09-27 22:30:59,brain,9370000,30.40,77.22,1005.72,31.58,68.34,1005.52,1,0,MANUAL,1,1,1,
2026-09-27 22:31:00,brain,9371000,30.41,77.35,1005.74,31.57,68.43,1005.47,1,0,MANUAL,1,1,1,
2026-09-27 22:31:01,brain,9372000,30.40,77.04,1005.73,31.58,68.41,1005.51,1,0,MANUAL,1,1,1,
2026-09-27 22:31:02,brain,9373000,30.40,77.22,1005.79,31.58,68.84,1005.45,1,0,MANUAL,1,1,1,
2026-09-27 22:31:03,brain,9374000,30.42,77.34,1005.78,31.57,68.80,1005.42,1,0,MANUAL,1,1,1,
2026-09-27 22:31:04,brain,9375000,30.41,77.63,1005.77,31.57,68.48,1005.50,1,0,MANUAL,1,1,1,
2026-09-27 22:31:05,brain,9376000,30.41,78.55,1005.78,31.58,68.45,1005.48,1,0,MANUAL,1,1,1,
2026-09-27 22:31:06,brain,9377000,30.40,79.24,1005.73,31.57,68.43,1005.42,1,0,MANUAL,1,1,1,
2026-09-27 22:31:06,brain,,,,,,,,,,,,,,mist A=0 B=0 (manual)
2026-09-27 22:31:07,brain,9378000,30.39,78.40,1005.71,31.57,68.47,1005.45,0,0,MANUAL,1,1,1,
2026-09-27 22:31:08,brain,9379000,30.39,77.94,1005.74,31.57,68.62,1005.47,0,0,MANUAL,1,1,1,
2026-09-27 22:31:09,brain,9380000,30.40,79.41,1005.70,31.57,68.57,1005.49,0,0,MANUAL,1,1,1,
2026-09-27 22:31:10,brain,9381000,30.40,79.40,1005.72,31.56,68.79,1005.46,0,0,MANUAL,1,1,1,
2026-09-27 22:31:11,brain,9382000,30.40,81.00,1005.73,31.56,68.42,1005.54,0,0,MANUAL,1,1,1,
2026-09-27 22:31:12,brain,9383000,30.38,79.86,1005.78,31.57,68.44,1005.44,0,0,MANUAL,1,1,1,
2026-09-27 22:31:13,brain,9384000,30.38,79.19,1005.70,31.55,68.71,1005.42,0,0,MANUAL,1,1,1,
2026-09-27 22:31:14,brain,9385000,30.40,79.44,1005.70,31.57,68.45,1005.47,0,0,MANUAL,1,1,1,
2026-09-27 22:31:15,brain,9386000,30.41,80.09,1005.72,31.57,68.53,1005.44,0,0,MANUAL,1,1,1,
2026-09-27 22:31:16,brain,9387000,30.41,79.44,1005.77,31.56,68.69,1005.49,0,0,MANUAL,1,1,1,
2026-09-27 22:31:17,brain,9388000,30.40,77.42,1005.70,31.55,68.49,1005.51,0,0,MANUAL,1,1,1,
2026-09-27 22:31:18,brain,9389000,30.42,77.61,1005.70,31.56,68.42,1005.49,0,0,MANUAL,1,1,1,
2026-09-27 22:31:19,brain,9390000,30.42,78.31,1005.76,31.55,68.63,1005.48,0,0,MANUAL,1,1,1,
2026-09-27 22:31:20,brain,9391000,30.43,79.13,1005.78,31.55,68.31,1005.45,0,0,MANUAL,1,1,1,
2026-09-27 22:31:21,brain,9392000,30.43,78.71,1005.72,31.56,68.40,1005.43,0,0,MANUAL,1,1,1,
2026-09-27 22:31:22,brain,9393000,30.42,77.49,1005.73,31.57,68.41,1005.45,0,0,MANUAL,1,1,1,
2026-09-27 22:31:23,brain,9394000,30.43,77.36,1005.72,31.54,68.59,1005.41,0,0,MANUAL,1,1,1,
2026-09-27 22:31:24,brain,9395000,30.44,77.02,1005.70,31.56,68.72,1005.49,0,0,MANUAL,1,1,1,
2026-09-27 22:31:25,brain,9396000,30.44,77.22,1005.74,31.55,68.42,1005.45,0,0,MANUAL,1,1,1,
2026-09-27 22:31:26,brain,9397000,30.46,77.87,1005.79,31.56,68.49,1005.54,0,0,MANUAL,1,1,1,
2026-09-27 22:31:27,brain,9398000,30.44,77.08,1005.68,31.56,68.47,1005.51,0,0,MANUAL,1,1,1,
2026-09-27 22:31:28,brain,9399000,30.46,77.10,1005.72,31.56,68.56,1005.49,0,0,MANUAL,1,1,1,
2026-09-27 22:31:29,brain,9400000,30.47,78.23,1005.72,31.57,68.33,1005.49,0,0,MANUAL,1,1,1,
2026-09-27 22:31:30,brain,9401000,30.49,79.33,1005.76,31.56,68.55,1005.49,0,0,MANUAL,1,1,1,
2026-09-27 22:31:31,brain,9402000,30.47,78.43,1005.72,31.56,68.60,1005.49,0,0,MANUAL,1,1,1,
2026-09-27 22:31:32,brain,9403000,30.46,77.58,1005.74,31.57,68.54,1005.47,0,0,MANUAL,1,1,1,
2026-09-27 22:31:33,brain,9404000,30.48,78.09,1005.78,31.57,68.85,1005.41,0,0,MANUAL,1,1,1,
2026-09-27 22:31:34,brain,9405000,30.50,78.76,1005.74,31.56,68.37,1005.46,0,0,MANUAL,1,1,1,
2026-09-27 22:31:35,brain,9406000,30.49,79.85,1005.71,31.57,68.31,1005.47,0,0,MANUAL,1,1,1,
2026-09-27 22:31:36,brain,9407000,30.49,79.39,1005.74,31.57,68.31,1005.44,0,0,MANUAL,1,1,1,
2026-09-27 22:31:37,brain,9408000,30.50,79.49,1005.75,31.56,68.29,1005.49,0,0,MANUAL,1,1,1,
2026-09-27 22:31:38,brain,9409000,30.50,79.01,1005.74,31.55,68.61,1005.45,0,0,MANUAL,1,1,1,
2026-09-27 22:31:39,brain,9410000,30.49,77.67,1005.67,31.57,68.53,1005.49,0,0,MANUAL,1,1,1,
2026-09-27 22:31:40,brain,9411000,30.51,77.90,1005.68,31.55,68.39,1005.48,0,0,MANUAL,1,1,1,
2026-09-27 22:31:41,brain,9412000,30.51,78.86,1005.77,31.55,68.31,1005.44,0,0,MANUAL,1,1,1,
2026-09-27 22:31:42,brain,9413000,30.50,78.10,1005.72,31.57,68.54,1005.38,0,0,MANUAL,1,1,1,
2026-09-27 22:31:43,brain,9414000,30.51,77.35,1005.71,31.57,68.40,1005.47,0,0,MANUAL,1,1,1,
2026-09-27 22:31:44,brain,9415000,30.51,77.35,1005.68,31.56,68.43,1005.49,0,0,MANUAL,1,1,1,
2026-09-27 22:31:45,brain,9416000,30.51,76.90,1005.71,31.57,68.29,1005.47,0,0,MANUAL,1,1,1,
2026-09-27 22:31:46,brain,9417000,30.51,76.54,1005.68,31.57,68.30,1005.44,0,0,MANUAL,1,1,1,
2026-09-27 22:31:47,brain,9418000,30.52,76.89,1005.75,31.57,68.71,1005.50,0,0,MANUAL,1,1,1,
2026-09-27 22:31:48,brain,9419000,30.53,76.61,1005.77,31.56,68.75,1005.54,0,0,MANUAL,1,1,1,
2026-09-27 22:31:49,brain,9420000,30.53,76.15,1005.80,31.56,68.45,1005.46,0,0,MANUAL,1,1,1,
2026-09-27 22:31:50,brain,9421000,30.52,75.49,1005.73,31.56,68.43,1005.51,0,0,MANUAL,1,1,1,
2026-09-27 22:31:51,brain,9422000,30.53,75.18,1005.65,31.57,68.44,1005.47,0,0,MANUAL,1,1,1,
2026-09-27 22:31:52,brain,9423000,30.54,75.65,1005.64,31.55,68.33,1005.48,0,0,MANUAL,1,1,1,
2026-09-27 22:31:53,brain,9424000,30.54,75.56,1005.72,31.57,68.43,1005.53,0,0,MANUAL,1,1,1,
2026-09-27 22:31:54,brain,9425000,30.54,75.43,1005.73,31.55,68.45,1005.48,0,0,MANUAL,1,1,1,
2026-09-27 22:31:55,brain,9426000,30.54,75.57,1005.73,31.55,68.32,1005.48,0,0,MANUAL,1,1,1,
2026-09-27 22:31:56,brain,9427000,30.56,76.18,1005.68,31.55,68.51,1005.53,0,0,MANUAL,1,1,1,
2026-09-27 22:31:57,brain,9428000,30.57,77.60,1005.66,31.56,68.37,1005.46,0,0,MANUAL,1,1,1,
2026-09-27 22:31:58,brain,9429000,30.58,78.63,1005.74,31.56,68.45,1005.49,0,0,MANUAL,1,1,1,
2026-09-27 22:31:59,brain,9430000,30.57,78.72,1005.72,31.55,68.52,1005.42,0,0,MANUAL,1,1,1,
2026-09-27 22:32:00,brain,9431000,30.58,78.24,1005.73,31.57,68.55,1005.49,0,0,MANUAL,1,1,1,
2026-09-27 22:32:01,brain,9432000,30.57,76.62,1005.72,31.55,68.37,1005.48,0,0,MANUAL,1,1,1,
2026-09-27 22:32:02,brain,9433000,30.58,75.77,1005.70,31.55,68.46,1005.48,0,0,MANUAL,1,1,1,
2026-09-27 22:32:03,brain,9434000,30.58,76.03,1005.74,31.56,68.57,1005.49,0,0,MANUAL,1,1,1,
2026-09-27 22:32:04,brain,9435000,30.61,77.47,1005.74,31.55,68.32,1005.51,0,0,MANUAL,1,1,1,
2026-09-27 22:32:05,brain,9436000,30.60,77.96,1005.77,31.55,68.40,1005.45,0,0,MANUAL,1,1,1,
2026-09-27 22:32:06,brain,9437000,30.61,77.75,1005.80,31.55,68.67,1005.45,0,0,MANUAL,1,1,1,
2026-09-27 22:32:07,brain,9438000,30.61,76.64,1005.77,31.55,68.41,1005.45,0,0,MANUAL,1,1,1,
2026-09-27 22:32:08,brain,9439000,30.62,76.22,1005.70,31.55,68.46,1005.47,0,0,MANUAL,1,1,1,
2026-09-27 22:32:09,brain,9440000,30.62,76.60,1005.73,31.56,68.42,1005.49,0,0,MANUAL,1,1,1,
2026-09-27 22:32:10,brain,9441000,30.63,77.63,1005.75,31.56,68.56,1005.54,0,0,MANUAL,1,1,1,
2026-09-27 22:32:11,brain,9442000,30.64,77.88,1005.71,31.56,68.42,1005.46,0,0,MANUAL,1,1,1,
2026-09-27 22:32:12,brain,9443000,30.64,78.68,1005.74,31.55,68.40,1005.48,0,0,MANUAL,1,1,1,
2026-09-27 22:32:13,brain,9444000,30.64,78.85,1005.69,31.55,68.45,1005.45,0,0,MANUAL,1,1,1,
2026-09-27 22:32:14,brain,9445000,30.64,77.07,1005.71,31.55,68.31,1005.44,0,0,MANUAL,1,1,1,
2026-09-27 22:32:15,brain,9446000,30.65,76.76,1005.72,31.55,68.34,1005.47,0,0,MANUAL,1,1,1,
2026-09-27 22:32:16,brain,9447000,30.66,78.15,1005.71,31.56,68.37,1005.49,0,0,MANUAL,1,1,1,
2026-09-27 22:32:17,brain,9448000,30.68,79.41,1005.73,31.55,68.49,1005.48,0,0,MANUAL,1,1,1,
2026-09-27 22:32:18,brain,9449000,30.67,78.64,1005.79,31.57,68.70,1005.44,0,0,MANUAL,1,1,1,
2026-09-27 22:32:19,brain,9450000,30.67,77.54,1005.70,31.55,68.39,1005.42,0,0,MANUAL,1,1,1,
2026-09-27 22:32:20,brain,9451000,30.66,76.61,1005.69,31.56,68.51,1005.43,0,0,MANUAL,1,1,1,
2026-09-27 22:32:21,brain,9452000,30.68,77.00,1005.69,31.55,68.46,1005.44,0,0,MANUAL,1,1,1,
2026-09-27 22:32:22,brain,9453000,30.68,77.76,1005.67,31.56,68.37,1005.51,0,0,MANUAL,1,1,1,
2026-09-27 22:32:23,brain,9454000,30.68,77.42,1005.69,31.57,68.38,1005.44,0,0,MANUAL,1,1,1,
2026-09-27 22:32:24,brain,9455000,30.68,77.49,1005.73,31.57,68.47,1005.49,0,0,MANUAL,1,1,1,
2026-09-27 22:32:25,brain,9456000,30.68,76.87,1005.69,31.56,68.47,1005.40,0,0,MANUAL,1,1,1,
2026-09-27 22:32:26,brain,9457000,30.68,76.51,1005.73,31.55,68.56,1005.47,0,0,MANUAL,1,1,1,
2026-09-27 22:32:27,brain,9458000,30.69,77.70,1005.68,31.56,68.42,1005.43,0,0,MANUAL,1,1,1,
2026-09-27 22:32:28,brain,9459000,30.69,77.93,1005.74,31.55,68.51,1005.45,0,0,MANUAL,1,1,1,
2026-09-27 22:32:29,brain,9460000,30.69,77.85,1005.74,31.56,68.48,1005.49,0,0,MANUAL,1,1,1,
2026-09-27 22:32:30,brain,9461000,30.70,78.21,1005.70,31.56,68.34,1005.43,0,0,MANUAL,1,1,1,
2026-09-27 22:32:31,brain,9462000,30.69,77.17,1005.71,31.56,68.54,1005.46,0,0,MANUAL,1,1,1,
2026-09-27 22:32:32,brain,9463000,30.70,77.06,1005.70,31.55,68.43,1005.47,0,0,MANUAL,1,1,1,
2026-09-27 22:32:33,brain,9464000,30.70,75.98,1005.66,31.56,68.41,1005.51,0,0,MANUAL,1,1,1,
2026-09-27 22:32:33,brain,,,,,,,,,,,,,,mist A=1 B=0 (manual)
2026-09-27 22:32:34,brain,9465000,30.71,75.22,1005.71,31.55,68.69,1005.50,1,0,MANUAL,1,1,1,
2026-09-27 22:32:35,brain,9466000,30.70,75.48,1005.69,31.55,68.46,1005.47,1,0,MANUAL,1,1,1,
2026-09-27 22:32:36,brain,9467000,30.71,75.43,1005.74,31.56,68.35,1005.46,1,0,MANUAL,1,1,1,
2026-09-27 22:32:37,brain,9468000,30.70,75.22,1005.70,31.55,68.52,1005.51,1,0,MANUAL,1,1,1,
2026-09-27 22:32:38,brain,9469000,30.71,76.30,1005.74,31.55,68.38,1005.47,1,0,MANUAL,1,1,1,
2026-09-27 22:32:39,brain,9470000,30.72,77.01,1005.73,31.54,68.33,1005.55,1,0,MANUAL,1,1,1,
2026-09-27 22:32:40,brain,9471000,30.70,76.07,1005.72,31.55,68.42,1005.45,1,0,MANUAL,1,1,1,
2026-09-27 22:32:41,brain,9472000,30.70,76.05,1005.70,31.56,68.86,1005.49,1,0,MANUAL,1,1,1,
2026-09-27 22:32:42,brain,9473000,30.71,76.83,1005.72,31.55,68.33,1005.48,1,0,MANUAL,1,1,1,
2026-09-27 22:32:43,brain,9474000,30.70,76.26,1005.73,31.55,68.73,1005.47,1,0,MANUAL,1,1,1,
2026-09-27 22:32:44,brain,9475000,30.70,75.87,1005.75,31.55,68.41,1005.41,1,0,MANUAL,1,1,1,
2026-09-27 22:32:45,brain,9476000,30.70,75.67,1005.66,31.56,68.41,1005.43,1,0,MANUAL,1,1,1,
2026-09-27 22:32:46,brain,9477000,30.70,75.37,1005.76,31.55,68.66,1005.48,1,0,MANUAL,1,1,1,
2026-09-27 22:32:47,brain,9478000,30.70,75.68,1005.72,31.55,68.46,1005.47,1,0,MANUAL,1,1,1,
2026-09-27 22:32:48,brain,9479000,30.70,75.75,1005.72,31.55,68.60,1005.41,1,0,MANUAL,1,1,1,
2026-09-27 22:32:49,brain,9480000,30.71,75.79,1005.79,31.56,68.51,1005.43,1,0,MANUAL,1,1,1,
2026-09-27 22:32:50,brain,9481000,30.69,75.25,1005.74,31.57,68.40,1005.53,1,0,MANUAL,1,1,1,
2026-09-27 22:32:51,brain,9482000,30.71,76.04,1005.79,31.56,68.40,1005.43,1,0,MANUAL,1,1,1,
2026-09-27 22:32:52,brain,9483000,30.70,75.72,1005.69,31.57,68.39,1005.47,1,0,MANUAL,1,1,1,
2026-09-27 22:32:53,brain,9484000,30.70,75.70,1005.73,31.57,68.42,1005.49,1,0,MANUAL,1,1,1,
2026-09-27 22:32:54,brain,9485000,30.69,74.90,1005.65,31.56,68.47,1005.40,1,0,MANUAL,1,1,1,
2026-09-27 22:32:55,brain,9486000,30.69,75.08,1005.74,31.56,68.40,1005.46,1,0,MANUAL,1,1,1,
2026-09-27 22:32:56,brain,9487000,30.70,74.86,1005.75,31.56,68.42,1005.43,1,0,MANUAL,1,1,1,
2026-09-27 22:32:57,brain,9488000,30.69,74.51,1005.71,31.57,68.34,1005.49,1,0,MANUAL,1,1,1,
2026-09-27 22:32:58,brain,9489000,30.69,75.25,1005.74,31.57,68.46,1005.47,1,0,MANUAL,1,1,1,
2026-09-27 22:32:59,brain,9490000,30.68,75.24,1005.75,31.56,68.34,1005.54,1,0,MANUAL,1,1,1,
2026-09-27 22:33:00,brain,9491000,30.70,75.44,1005.72,31.57,68.44,1005.44,1,0,MANUAL,1,1,1,
2026-09-27 22:33:01,brain,9492000,30.69,75.69,1005.73,31.57,68.37,1005.49,1,0,MANUAL,1,1,1,
2026-09-27 22:33:02,brain,9493000,30.68,75.70,1005.72,31.57,68.34,1005.44,1,0,MANUAL,1,1,1,
2026-09-27 22:33:03,brain,9494000,30.68,74.97,1005.69,31.57,68.45,1005.50,1,0,MANUAL,1,1,1,
2026-09-27 22:33:04,brain,9495000,30.67,74.86,1005.65,31.57,68.49,1005.44,1,0,MANUAL,1,1,1,
2026-09-27 22:33:05,brain,9496000,30.68,74.86,1005.75,31.56,68.37,1005.43,1,0,MANUAL,1,1,1,
2026-09-27 22:33:06,brain,9497000,30.68,75.68,1005.72,31.57,68.80,1005.44,1,0,MANUAL,1,1,1,
2026-09-27 22:33:07,brain,9498000,30.67,74.72,1005.71,31.57,68.74,1005.47,1,0,MANUAL,1,1,1,
2026-09-27 22:33:08,brain,9499000,30.67,74.35,1005.70,31.56,68.57,1005.49,1,0,MANUAL,1,1,1,
2026-09-27 22:33:09,brain,9500000,30.67,76.28,1005.74,31.57,68.42,1005.44,1,0,MANUAL,1,1,1,
2026-09-27 22:33:10,brain,9501000,30.65,75.53,1005.72,31.56,68.46,1005.43,1,0,MANUAL,1,1,1,
2026-09-27 22:33:11,brain,9502000,30.65,75.11,1005.70,31.57,68.44,1005.44,1,0,MANUAL,1,1,1,
2026-09-27 22:33:12,brain,9503000,30.65,75.67,1005.76,31.57,68.47,1005.47,1,0,MANUAL,1,1,1,
2026-09-27 22:33:13,brain,9504000,30.66,77.80,1005.77,31.57,68.47,1005.47,1,0,MANUAL,1,1,1,
2026-09-27 22:33:14,brain,9505000,30.66,79.51,1005.77,31.56,68.43,1005.43,1,0,MANUAL,1,1,1,
2026-09-27 22:33:15,brain,9506000,30.64,79.99,1005.77,31.57,68.39,1005.47,1,0,MANUAL,1,1,1,
2026-09-27 22:33:16,brain,9507000,30.64,79.54,1005.77,31.57,68.42,1005.44,1,0,MANUAL,1,1,1,
2026-09-27 22:33:17,brain,9508000,30.63,79.68,1005.67,31.57,68.48,1005.49,1,0,MANUAL,1,1,1,
2026-09-27 22:33:18,brain,9509000,30.61,77.71,1005.72,31.57,68.48,1005.45,1,0,MANUAL,1,1,1,
2026-09-27 22:33:19,brain,9510000,30.62,77.59,1005.68,31.56,68.39,1005.54,1,0,MANUAL,1,1,1,
2026-09-27 22:33:20,brain,9511000,30.60,76.73,1005.74,31.57,68.33,1005.47,1,0,MANUAL,1,1,1,
2026-09-27 22:33:21,brain,9512000,30.61,76.09,1005.74,31.56,68.35,1005.43,1,0,MANUAL,1,1,1,
2026-09-27 22:33:22,brain,9513000,30.60,75.83,1005.74,31.56,68.54,1005.43,1,0,MANUAL,1,1,1,
2026-09-27 22:33:23,brain,9514000,30.60,75.42,1005.74,31.56,68.51,1005.49,1,0,MANUAL,1,1,1,
2026-09-27 22:33:24,brain,9515000,30.58,74.67,1005.74,31.55,68.40,1005.39,1,0,MANUAL,1,1,1,
2026-09-27 22:33:25,brain,9516000,30.59,75.09,1005.69,31.55,68.73,1005.48,1,0,MANUAL,1,1,1,
2026-09-27 22:33:26,brain,9517000,30.58,75.34,1005.80,31.55,68.35,1005.47,1,0,MANUAL,1,1,1,
2026-09-27 22:33:27,brain,9518000,30.60,75.51,1005.76,31.56,68.40,1005.43,1,0,MANUAL,1,1,1,
2026-09-27 22:33:28,brain,9519000,30.59,76.61,1005.69,31.56,68.34,1005.51,1,0,MANUAL,1,1,1,
2026-09-27 22:33:29,brain,9520000,30.59,78.12,1005.72,31.56,68.59,1005.46,1,0,MANUAL,1,1,1,
2026-09-27 22:33:30,brain,9521000,30.56,76.92,1005.73,31.55,68.43,1005.42,1,0,MANUAL,1,1,1,
2026-09-27 22:33:31,brain,9522000,30.56,76.07,1005.82,31.57,68.50,1005.47,1,0,MANUAL,1,1,1,
2026-09-27 22:33:32,brain,9523000,30.55,75.61,1005.72,31.56,68.59,1005.49,1,0,MANUAL,1,1,1,
2026-09-27 22:33:33,brain,9524000,30.55,75.49,1005.71,31.55,68.38,1005.48,1,0,MANUAL,1,1,1,
2026-09-27 22:33:34,brain,9525000,30.56,76.13,1005.67,31.55,68.43,1005.45,1,0,MANUAL,1,1,1,
2026-09-27 22:33:35,brain,9526000,30.56,77.00,1005.71,31.55,68.47,1005.48,1,0,MANUAL,1,1,1,
2026-09-27 22:33:36,brain,9527000,30.55,76.14,1005.69,31.55,68.61,1005.51,1,0,MANUAL,1,1,1,
2026-09-27 22:33:37,brain,9528000,30.54,75.95,1005.76,31.55,68.43,1005.44,1,0,MANUAL,1,1,1,
2026-09-27 22:33:38,brain,9529000,30.54,75.87,1005.70,31.55,68.71,1005.42,1,0,MANUAL,1,1,1,
2026-09-27 22:33:39,brain,9530000,30.55,76.30,1005.72,31.56,68.84,1005.49,1,0,MANUAL,1,1,1,
2026-09-27 22:33:40,brain,9531000,30.54,76.09,1005.68,31.57,68.46,1005.45,1,0,MANUAL,1,1,1,
2026-09-27 22:33:41,brain,9532000,30.54,75.40,1005.72,31.57,68.38,1005.44,1,0,MANUAL,1,1,1,
2026-09-27 22:33:42,brain,9533000,30.54,75.37,1005.67,31.57,68.48,1005.38,1,0,MANUAL,1,1,1,
2026-09-27 22:33:43,brain,9534000,30.54,75.31,1005.75,31.55,68.40,1005.40,1,0,MANUAL,1,1,1,
2026-09-27 22:33:44,brain,9535000,30.54,75.69,1005.70,31.56,68.43,1005.43,1,0,MANUAL,1,1,1,
2026-09-27 22:33:45,brain,9536000,30.53,75.86,1005.68,31.55,68.52,1005.41,1,0,MANUAL,1,1,1,
2026-09-27 22:33:45,end,,,,,,,,,,,,,,mist A=0 B=0 (manual)
2026-09-27 22:33:45,end,,,,,,,,,,,,,,mode OFF
2026-09-27 22:33:45,end,,,,,,,,,,,,,,"S,mode=OFF,lo=75.0,hi=90.0,max=300,cool=180,man=400,use=A,period=1,in=ok,out=ok,tank=ok,mistA=0,mistB=0"
2026-09-27 22:33:46,end,9537000,30.52,75.16,1005.76,31.55,68.86,1005.48,0,0,OFF,1,1,1,
2026-09-27 22:33:47,end,9538000,30.53,75.18,1005.71,31.57,68.41,1005.44,0,0,OFF,1,1,1,
