pc_time,phase,ms,t_in,rh_in,p_in,t_out,rh_out,p_out,mistA,mistB,mode,in_ok,out_ok,tank_ok,event
2026-09-27 01:55:38,idle,,,,,,,,,,,,,,"S,mode=OFF,lo=75.0,hi=90.0,max=300,cool=180,man=400,use=A,period=1,in=ok,out=ok,tank=ok,mistA=0,mistB=0"
2026-09-27 01:55:38,idle,5293000,30.59,79.70,1007.44,31.12,71.52,1007.34,0,0,OFF,1,1,1,
2026-09-27 01:55:39,idle,5294000,30.60,79.47,1007.39,31.12,71.10,1007.32,0,0,OFF,1,1,1,
2026-09-27 01:55:40,idle,5295000,30.60,79.69,1007.39,31.12,71.17,1007.37,0,0,OFF,1,1,1,
2026-09-27 01:55:41,idle,5296000,30.58,79.99,1007.43,31.12,71.08,1007.38,0,0,OFF,1,1,1,
2026-09-27 01:55:41,baseline-rules,,,,,,,,,,,,,,"S,mode=OFF,lo=75.0,hi=90.0,max=300,cool=180,man=400,use=A,period=1,in=ok,out=ok,tank=ok,mistA=0,mistB=0"
2026-09-27 01:55:41,baseline-rules,,,,,,,,,,,,,,mode RULES
2026-09-27 01:55:42,baseline-rules,5297000,30.60,79.81,1007.39,31.12,71.36,1007.34,0,0,RULES,1,1,1,
2026-09-27 01:55:43,baseline-rules,5298000,30.59,79.87,1007.41,31.12,71.42,1007.41,0,0,RULES,1,1,1,
2026-09-27 01:55:44,baseline-rules,5299000,30.59,79.58,1007.41,31.12,71.45,1007.40,0,0,RULES,1,1,1,
2026-09-27 01:55:45,baseline-rules,5300000,30.58,79.27,1007.42,31.11,71.04,1007.36,0,0,RULES,1,1,1,
2026-09-27 01:55:46,baseline-rules,5301000,30.60,79.49,1007.42,31.10,71.48,1007.32,0,0,RULES,1,1,1,
2026-09-27 01:55:47,baseline-rules,5302000,30.59,79.60,1007.47,31.11,71.02,1007.39,0,0,RULES,1,1,1,
2026-09-27 01:55:48,baseline-rules,5303000,30.59,79.59,1007.41,31.11,71.11,1007.38,0,0,RULES,1,1,1,
2026-09-27 01:55:49,baseline-rules,5304000,30.58,79.53,1007.38,31.11,71.14,1007.39,0,0,RULES,1,1,1,
2026-09-27 01:55:50,baseline-rules,5305000,30.58,79.41,1007.46,31.10,71.20,1007.32,0,0,RULES,1,1,1,
2026-09-27 01:55:51,baseline-rules,5306000,30.59,79.50,1007.41,31.11,71.08,1007.42,0,0,RULES,1,1,1,
2026-09-27 01:55:52,baseline-rules,5307000,30.59,79.61,1007.38,31.10,71.11,1007.35,0,0,RULES,1,1,1,
2026-09-27 01:55:53,baseline-rules,5308000,30.58,79.66,1007.43,31.10,71.19,1007.32,0,0,RULES,1,1,1,
2026-09-27 01:55:54,baseline-rules,5309000,30.60,79.97,1007.42,31.11,71.22,1007.33,0,0,RULES,1,1,1,
2026-09-27 01:55:55,baseline-rules,5310000,30.60,80.07,1007.45,31.11,71.08,1007.33,0,0,RULES,1,1,1,
2026-09-27 01:55:56,baseline-rules,5311000,30.60,79.98,1007.42,31.10,71.10,1007.35,0,0,RULES,1,1,1,
2026-09-27 01:55:57,baseline-rules,5312000,30.59,79.96,1007.38,31.11,71.05,1007.39,0,0,RULES,1,1,1,
2026-09-27 01:55:58,baseline-rules,5313000,30.60,80.13,1007.40,31.11,71.18,1007.39,0,0,RULES,1,1,1,
2026-09-27 01:55:59,baseline-rules,5314000,30.60,80.11,1007.43,31.11,71.07,1007.38,0,0,RULES,1,1,1,
2026-09-27 01:56:00,baseline-rules,5315000,30.60,80.03,1007.40,31.11,71.46,1007.33,0,0,RULES,1,1,1,
2026-09-27 01:56:01,baseline-rules,5316000,30.59,79.98,1007.44,31.11,71.52,1007.33,0,0,RULES,1,1,1,
2026-09-27 01:56:02,baseline-rules,5317000,30.60,79.85,1007.46,31.11,71.30,1007.33,0,0,RULES,1,1,1,
2026-09-27 01:56:03,baseline-rules,5318000,30.60,80.05,1007.45,31.12,71.31,1007.31,0,0,RULES,1,1,1,
2026-09-27 01:56:04,baseline-rules,5319000,30.60,80.02,1007.42,31.12,71.37,1007.29,0,0,RULES,1,1,1,
2026-09-27 01:56:05,baseline-rules,5320000,30.60,80.01,1007.42,31.12,71.19,1007.37,0,0,RULES,1,1,1,
2026-09-27 01:56:06,baseline-rules,5321000,30.60,79.98,1007.43,31.12,71.07,1007.34,0,0,RULES,1,1,1,
2026-09-27 01:56:07,baseline-rules,5322000,30.60,80.15,1007.48,31.12,71.05,1007.34,0,0,RULES,1,1,1,
2026-09-27 01:56:08,baseline-rules,5323000,30.61,80.09,1007.41,31.11,71.17,1007.38,0,0,RULES,1,1,1,
2026-09-27 01:56:09,baseline-rules,5324000,30.60,80.42,1007.50,31.11,71.03,1007.36,0,0,RULES,1,1,1,
2026-09-27 01:56:10,baseline-rules,5325000,30.61,80.32,1007.44,31.11,70.94,1007.36,0,0,RULES,1,1,1,
2026-09-27 01:56:11,baseline-rules,5326000,30.60,80.17,1007.43,31.11,71.11,1007.33,0,0,RULES,1,1,1,
2026-09-27 01:56:12,baseline-rules,5327000,30.60,80.27,1007.42,31.10,71.18,1007.35,0,0,RULES,1,1,1,
2026-09-27 01:56:13,baseline-rules,5328000,30.60,80.04,1007.43,31.09,71.09,1007.30,0,0,RULES,1,1,1,
2026-09-27 01:56:14,baseline-rules,5329000,30.59,80.41,1007.41,31.10,71.08,1007.35,0,0,RULES,1,1,1,
2026-09-27 01:56:15,baseline-rules,5330000,30.60,80.28,1007.45,31.10,71.02,1007.37,0,0,RULES,1,1,1,
2026-09-27 01:56:16,baseline-rules,5331000,30.59,79.94,1007.44,31.10,71.01,1007.34,0,0,RULES,1,1,1,
2026-09-27 01:56:17,baseline-rules,5332000,30.60,79.78,1007.45,31.10,71.14,1007.32,0,0,RULES,1,1,1,
2026-09-27 01:56:18,baseline-rules,5333000,30.59,79.83,1007.44,31.10,70.96,1007.32,0,0,RULES,1,1,1,
2026-09-27 01:56:19,baseline-rules,5334000,30.60,79.69,1007.39,31.10,71.22,1007.37,0,0,RULES,1,1,1,
2026-09-27 01:56:20,baseline-rules,5335000,30.60,79.63,1007.48,31.09,71.30,1007.33,0,0,RULES,1,1,1,
2026-09-27 01:56:21,baseline-rules,5336000,30.60,79.75,1007.45,31.10,71.19,1007.35,0,0,RULES,1,1,1,
2026-09-27 01:56:22,baseline-rules,5337000,30.60,79.66,1007.50,31.10,71.02,1007.37,0,0,RULES,1,1,1,
2026-09-27 01:56:23,baseline-rules,5338000,30.60,79.39,1007.42,31.10,71.18,1007.32,0,0,RULES,1,1,1,
2026-09-27 01:56:24,baseline-rules,5339000,30.60,79.48,1007.48,31.10,71.03,1007.37,0,0,RULES,1,1,1,
2026-09-27 01:56:25,baseline-rules,5340000,30.59,79.34,1007.44,31.10,71.23,1007.37,0,0,RULES,1,1,1,
2026-09-27 01:56:26,baseline-rules,5341000,30.59,79.61,1007.44,31.10,71.08,1007.34,0,0,RULES,1,1,1,
2026-09-27 01:56:27,baseline-rules,5342000,30.59,79.79,1007.50,31.11,71.10,1007.36,0,0,RULES,1,1,1,
2026-09-27 01:56:28,baseline-rules,5343000,30.60,79.92,1007.48,31.11,71.03,1007.36,0,0,RULES,1,1,1,
2026-09-27 01:56:29,baseline-rules,5344000,30.60,79.75,1007.45,31.11,71.17,1007.38,0,0,RULES,1,1,1,
2026-09-27 01:56:30,baseline-rules,5345000,30.58,79.71,1007.43,31.11,71.18,1007.33,0,0,RULES,1,1,1,
2026-09-27 01:56:31,baseline-rules,5346000,30.58,79.81,1007.40,31.12,71.11,1007.40,0,0,RULES,1,1,1,
2026-09-27 01:56:32,baseline-rules,5347000,30.58,79.71,1007.40,31.11,71.17,1007.42,0,0,RULES,1,1,1,
2026-09-27 01:56:33,baseline-rules,5348000,30.58,79.70,1007.43,31.12,70.98,1007.32,0,0,RULES,1,1,1,
2026-09-27 01:56:34,baseline-rules,5349000,30.59,79.60,1007.41,31.11,71.02,1007.36,0,0,RULES,1,1,1,
2026-09-27 01:56:35,baseline-rules,5350000,30.58,79.97,1007.43,31.12,71.17,1007.29,0,0,RULES,1,1,1,
2026-09-27 01:56:36,baseline-rules,5351000,30.60,79.71,1007.34,31.13,71.03,1007.39,0,0,RULES,1,1,1,
2026-09-27 01:56:37,baseline-rules,5352000,30.59,79.77,1007.41,31.12,70.96,1007.37,0,0,RULES,1,1,1,
2026-09-27 01:56:38,baseline-rules,5353000,30.59,79.81,1007.44,31.14,71.15,1007.43,0,0,RULES,1,1,1,
2026-09-27 01:56:39,baseline-rules,5354000,30.59,79.97,1007.41,31.12,71.13,1007.31,0,0,RULES,1,1,1,
2026-09-27 01:56:40,baseline-rules,5355000,30.60,79.91,1007.50,31.13,71.40,1007.30,0,0,RULES,1,1,1,
2026-09-27 01:56:41,baseline-rules,5356000,30.59,79.90,1007.38,31.12,71.35,1007.29,0,0,RULES,1,1,1,
2026-09-27 01:56:42,baseline-rules,5357000,30.58,79.82,1007.38,31.12,71.04,1007.32,0,0,RULES,1,1,1,
2026-09-27 01:56:43,baseline-rules,5358000,30.60,79.94,1007.48,31.14,71.20,1007.37,0,0,RULES,1,1,1,
2026-09-27 01:56:44,baseline-rules,5359000,30.60,80.08,1007.39,31.12,71.07,1007.27,0,0,RULES,1,1,1,
2026-09-27 01:56:45,baseline-rules,5360000,30.60,80.05,1007.42,31.14,71.09,1007.32,0,0,RULES,1,1,1,
2026-09-27 01:56:46,baseline-rules,5361000,30.60,79.95,1007.39,31.14,71.10,1007.32,0,0,RULES,1,1,1,
2026-09-27 01:56:47,baseline-rules,5362000,30.61,79.95,1007.46,31.13,71.08,1007.39,0,0,RULES,1,1,1,
2026-09-27 01:56:48,baseline-rules,5363000,30.59,79.90,1007.38,31.14,71.05,1007.33,0,0,RULES,1,1,1,
2026-09-27 01:56:49,baseline-rules,5364000,30.60,79.80,1007.39,31.14,71.16,1007.32,0,0,RULES,1,1,1,
2026-09-27 01:56:50,baseline-rules,5365000,30.58,79.66,1007.43,31.12,71.04,1007.35,0,0,RULES,1,1,1,
2026-09-27 01:56:51,baseline-rules,5366000,30.60,79.74,1007.36,31.14,71.11,1007.43,0,0,RULES,1,1,1,
2026-09-27 01:56:52,baseline-rules,5367000,30.58,79.50,1007.43,31.14,71.05,1007.30,0,0,RULES,1,1,1,
2026-09-27 01:56:53,baseline-rules,5368000,30.60,79.36,1007.42,31.13,70.93,1007.30,0,0,RULES,1,1,1,
2026-09-27 01:56:54,baseline-rules,5369000,30.60,79.52,1007.45,31.12,70.92,1007.29,0,0,RULES,1,1,1,
2026-09-27 01:56:55,baseline-rules,5370000,30.60,79.52,1007.45,31.13,71.17,1007.34,0,0,RULES,1,1,1,
2026-09-27 01:56:56,baseline-rules,5371000,30.60,79.55,1007.46,31.13,70.92,1007.36,0,0,RULES,1,1,1,
2026-09-27 01:56:57,baseline-rules,5372000,30.60,79.90,1007.42,31.14,71.01,1007.32,0,0,RULES,1,1,1,
2026-09-27 01:56:58,baseline-rules,5373000,30.60,79.79,1007.42,31.13,70.94,1007.36,0,0,RULES,1,1,1,
2026-09-27 01:56:59,baseline-rules,5374000,30.58,79.38,1007.40,31.11,71.07,1007.31,0,0,RULES,1,1,1,
2026-09-27 01:57:00,baseline-rules,5375000,30.59,79.44,1007.44,31.13,70.98,1007.36,0,0,RULES,1,1,1,
2026-09-27 01:57:01,baseline-rules,5376000,30.58,79.17,1007.43,31.12,71.04,1007.41,0,0,RULES,1,1,1,
2026-09-27 01:57:02,baseline-rules,5377000,30.59,79.52,1007.44,31.13,70.93,1007.41,0,0,RULES,1,1,1,
2026-09-27 01:57:03,baseline-rules,5378000,30.58,79.48,1007.43,31.12,71.10,1007.35,0,0,RULES,1,1,1,
2026-09-27 01:57:04,baseline-rules,5379000,30.58,79.42,1007.49,31.13,71.23,1007.30,0,0,RULES,1,1,1,
2026-09-27 01:57:05,baseline-rules,5380000,30.60,79.63,1007.45,31.12,71.10,1007.32,0,0,RULES,1,1,1,
2026-09-27 01:57:06,baseline-rules,5381000,30.59,79.57,1007.41,31.14,70.98,1007.37,0,0,RULES,1,1,1,
2026-09-27 01:57:07,baseline-rules,5382000,30.59,79.53,1007.41,31.13,71.10,1007.36,0,0,RULES,1,1,1,
2026-09-27 01:57:08,baseline-rules,5383000,30.58,79.67,1007.43,31.12,70.95,1007.32,0,0,RULES,1,1,1,
2026-09-27 01:57:09,baseline-rules,5384000,30.60,79.66,1007.42,31.12,71.10,1007.29,0,0,RULES,1,1,1,
2026-09-27 01:57:10,baseline-rules,5385000,30.60,79.81,1007.45,31.12,71.00,1007.29,0,0,RULES,1,1,1,
2026-09-27 01:57:11,baseline-rules,5386000,30.58,79.58,1007.46,31.13,71.17,1007.41,0,0,RULES,1,1,1,
2026-09-27 01:57:12,baseline-rules,5387000,30.59,79.51,1007.44,31.13,71.10,1007.39,0,0,RULES,1,1,1,
2026-09-27 01:57:13,baseline-rules,5388000,30.59,79.83,1007.44,31.12,71.02,1007.32,0,0,RULES,1,1,1,
2026-09-27 01:57:14,baseline-rules,5389000,30.59,79.54,1007.50,31.13,71.02,1007.30,0,0,RULES,1,1,1,
2026-09-27 01:57:15,baseline-rules,5390000,30.61,79.63,1007.46,31.13,71.03,1007.36,0,0,RULES,1,1,1,
2026-09-27 01:57:16,baseline-rules,5391000,30.58,79.84,1007.46,31.13,71.06,1007.36,0,0,RULES,1,1,1,
2026-09-27 01:57:17,baseline-rules,5392000,30.59,79.97,1007.44,31.13,70.97,1007.34,0,0,RULES,1,1,1,
2026-09-27 01:57:18,baseline-rules,5393000,30.60,79.54,1007.42,31.15,71.06,1007.39,0,0,RULES,1,1,1,
2026-09-27 01:57:19,baseline-rules,5394000,30.60,79.29,1007.48,31.14,71.02,1007.40,0,0,RULES,1,1,1,
2026-09-27 01:57:20,baseline-rules,5395000,30.60,79.36,1007.50,31.13,70.94,1007.39,0,0,RULES,1,1,1,
2026-09-27 01:57:21,baseline-rules,5396000,30.59,79.37,1007.41,31.14,70.96,1007.35,0,0,RULES,1,1,1,
2026-09-27 01:57:22,baseline-rules,5397000,30.59,79.49,1007.41,31.12,71.02,1007.32,0,0,RULES,1,1,1,
2026-09-27 01:57:23,baseline-rules,5398000,30.60,79.69,1007.40,31.13,71.02,1007.33,0,0,RULES,1,1,1,
2026-09-27 01:57:24,baseline-rules,5399000,30.58,79.63,1007.43,31.13,70.94,1007.37,0,0,RULES,1,1,1,
2026-09-27 01:57:25,baseline-rules,5400000,30.60,79.60,1007.45,31.14,71.23,1007.35,0,0,RULES,1,1,1,
2026-09-27 01:57:26,baseline-rules,5401000,30.59,79.79,1007.38,31.13,71.01,1007.27,0,0,RULES,1,1,1,
2026-09-27 01:57:27,baseline-rules,5402000,30.60,79.62,1007.50,31.13,71.11,1007.33,0,0,RULES,1,1,1,
2026-09-27 01:57:28,baseline-rules,5403000,30.60,79.77,1007.39,31.12,71.11,1007.35,0,0,RULES,1,1,1,
2026-09-27 01:57:29,baseline-rules,5404000,30.59,79.99,1007.44,31.13,71.05,1007.36,0,0,RULES,1,1,1,
2026-09-27 01:57:30,baseline-rules,5405000,30.61,79.89,1007.44,31.13,71.03,1007.36,0,0,RULES,1,1,1,
2026-09-27 01:57:31,baseline-rules,5406000,30.60,80.00,1007.42,31.13,71.09,1007.34,0,0,RULES,1,1,1,
2026-09-27 01:57:32,baseline-rules,5407000,30.58,79.29,1007.46,31.12,71.10,1007.32,0,0,RULES,1,1,1,
2026-09-27 01:57:33,baseline-rules,5408000,30.58,78.97,1007.43,31.12,70.98,1007.35,0,0,RULES,1,1,1,
2026-09-27 01:57:34,baseline-rules,5409000,30.60,78.83,1007.42,31.12,70.98,1007.35,0,0,RULES,1,1,1,
2026-09-27 01:57:35,baseline-rules,5410000,30.58,78.97,1007.40,31.11,71.18,1007.35,0,0,RULES,1,1,1,
2026-09-27 01:57:36,baseline-rules,5411000,30.59,79.14,1007.41,31.12,71.02,1007.35,0,0,RULES,1,1,1,
2026-09-27 01:57:37,baseline-rules,5412000,30.58,79.28,1007.43,31.11,71.13,1007.36,0,0,RULES,1,1,1,
2026-09-27 01:57:38,baseline-rules,5413000,30.61,79.33,1007.44,31.11,71.08,1007.33,0,0,RULES,1,1,1,
2026-09-27 01:57:39,baseline-rules,5414000,30.59,79.33,1007.50,31.11,71.05,1007.35,0,0,RULES,1,1,1,
2026-09-27 01:57:40,baseline-rules,5415000,30.59,79.36,1007.47,31.11,71.09,1007.33,0,0,RULES,1,1,1,
2026-09-27 01:57:41,baseline-rules,5416000,30.58,79.27,1007.38,31.11,71.03,1007.33,0,0,RULES,1,1,1,
2026-09-27 01:57:42,baseline-rules,5417000,30.59,79.48,1007.44,31.11,71.07,1007.39,0,0,RULES,1,1,1,
2026-09-27 01:57:43,baseline-rules,5418000,30.59,79.48,1007.44,31.11,71.16,1007.33,0,0,RULES,1,1,1,
2026-09-27 01:57:44,baseline-rules,5419000,30.59,79.77,1007.41,31.11,71.13,1007.33,0,0,RULES,1,1,1,
2026-09-27 01:57:45,baseline-rules,5420000,30.60,79.66,1007.42,31.10,71.20,1007.37,0,0,RULES,1,1,1,
2026-09-27 01:57:46,baseline-rules,5421000,30.60,79.75,1007.42,31.10,71.13,1007.32,0,0,RULES,1,1,1,
2026-09-27 01:57:47,baseline-rules,5422000,30.60,79.58,1007.48,31.11,71.07,1007.33,0,0,RULES,1,1,1,
2026-09-27 01:57:48,baseline-rules,5423000,30.60,79.40,1007.48,31.10,71.11,1007.32,0,0,RULES,1,1,1,
2026-09-27 01:57:49,baseline-rules,5424000,30.59,79.18,1007.41,31.10,71.12,1007.32,0,0,RULES,1,1,1,
2026-09-27 01:57:50,baseline-rules,5425000,30.60,79.15,1007.45,31.10,71.00,1007.37,0,0,RULES,1,1,1,
2026-09-27 01:57:51,baseline-rules,5426000,30.60,79.29,1007.45,31.10,71.40,1007.29,0,0,RULES,1,1,1,
2026-09-27 01:57:52,baseline-rules,5427000,30.58,79.26,1007.46,31.10,71.02,1007.37,0,0,RULES,1,1,1,
2026-09-27 01:57:53,baseline-rules,5428000,30.59,79.45,1007.41,31.10,71.09,1007.37,0,0,RULES,1,1,1,
2026-09-27 01:57:54,baseline-rules,5429000,30.60,79.54,1007.45,31.10,71.01,1007.35,0,0,RULES,1,1,1,
2026-09-27 01:57:55,baseline-rules,5430000,30.60,79.59,1007.42,31.10,71.15,1007.35,0,0,RULES,1,1,1,
2026-09-27 01:57:56,baseline-rules,5431000,30.60,79.39,1007.48,31.10,71.02,1007.28,0,0,RULES,1,1,1,
2026-09-27 01:57:57,baseline-rules,5432000,30.60,79.72,1007.42,31.11,71.38,1007.35,0,0,RULES,1,1,1,
2026-09-27 01:57:58,baseline-rules,5433000,30.59,79.53,1007.41,31.11,71.13,1007.39,0,0,RULES,1,1,1,
2026-09-27 01:57:59,baseline-rules,5434000,30.60,79.56,1007.51,31.11,71.36,1007.36,0,0,RULES,1,1,1,
2026-09-27 01:58:00,baseline-rules,5435000,30.58,79.55,1007.38,31.12,71.35,1007.37,0,0,RULES,1,1,1,
2026-09-27 01:58:01,baseline-rules,5436000,30.59,79.61,1007.47,31.11,71.28,1007.31,0,0,RULES,1,1,1,
2026-09-27 01:58:02,baseline-rules,5437000,30.60,79.82,1007.42,31.11,71.23,1007.36,0,0,RULES,1,1,1,
2026-09-27 01:58:03,baseline-rules,5438000,30.60,79.79,1007.48,31.11,71.43,1007.33,0,0,RULES,1,1,1,
2026-09-27 01:58:04,baseline-rules,5439000,30.60,79.57,1007.36,31.11,71.11,1007.31,0,0,RULES,1,1,1,
2026-09-27 01:58:05,baseline-rules,5440000,30.60,79.51,1007.46,31.11,71.14,1007.31,0,0,RULES,1,1,1,
2026-09-27 01:58:06,baseline-rules,5441000,30.59,79.80,1007.47,31.11,71.13,1007.39,0,0,RULES,1,1,1,
2026-09-27 01:58:07,baseline-rules,5442000,30.59,79.82,1007.47,31.12,70.93,1007.31,0,0,RULES,1,1,1,
2026-09-27 01:58:08,baseline-rules,5443000,30.58,79.62,1007.49,31.12,71.16,1007.34,0,0,RULES,1,1,1,
2026-09-27 01:58:09,baseline-rules,5444000,30.60,79.52,1007.46,31.12,71.12,1007.31,0,0,RULES,1,1,1,
2026-09-27 01:58:10,baseline-rules,5445000,30.60,79.83,1007.42,31.11,71.04,1007.33,0,0,RULES,1,1,1,
2026-09-27 01:58:11,baseline-rules,5446000,30.60,79.71,1007.45,31.12,71.08,1007.27,0,0,RULES,1,1,1,
2026-09-27 01:58:12,baseline-rules,5447000,30.60,79.47,1007.45,31.12,71.22,1007.35,0,0,RULES,1,1,1,
2026-09-27 01:58:13,baseline-rules,5448000,30.59,79.42,1007.41,31.12,71.11,1007.40,0,0,RULES,1,1,1,
2026-09-27 01:58:14,baseline-rules,5449000,30.60,79.38,1007.48,31.11,71.09,1007.36,0,0,RULES,1,1,1,
2026-09-27 01:58:15,baseline-rules,5450000,30.61,79.58,1007.41,31.13,71.14,1007.39,0,0,RULES,1,1,1,
2026-09-27 01:58:16,baseline-rules,5451000,30.59,79.52,1007.47,31.12,71.00,1007.35,0,0,RULES,1,1,1,
2026-09-27 01:58:17,baseline-rules,5452000,30.60,79.47,1007.46,31.12,71.03,1007.35,0,0,RULES,1,1,1,
2026-09-27 01:58:18,baseline-rules,5453000,30.60,79.39,1007.43,31.12,71.20,1007.35,0,0,RULES,1,1,1,
2026-09-27 01:58:19,baseline-rules,5454000,30.60,79.35,1007.48,31.12,71.06,1007.38,0,0,RULES,1,1,1,
2026-09-27 01:58:20,baseline-rules,5455000,30.58,79.39,1007.43,31.12,71.16,1007.34,0,0,RULES,1,1,1,
2026-09-27 01:58:21,baseline-rules,5456000,30.59,79.50,1007.44,31.13,71.00,1007.36,0,0,RULES,1,1,1,
2026-09-27 01:58:22,baseline-rules,5457000,30.60,79.37,1007.46,31.13,71.01,1007.39,0,0,RULES,1,1,1,
2026-09-27 01:58:23,baseline-rules,5458000,30.60,79.51,1007.39,31.11,71.07,1007.31,0,0,RULES,1,1,1,
2026-09-27 01:58:24,baseline-rules,5459000,30.60,79.58,1007.46,31.13,71.16,1007.36,0,0,RULES,1,1,1,
2026-09-27 01:58:25,baseline-rules,5460000,30.60,79.00,1007.45,31.12,71.13,1007.40,0,0,RULES,1,1,1,
2026-09-27 01:58:26,baseline-rules,5461000,30.59,78.94,1007.44,31.11,71.11,1007.31,0,0,RULES,1,1,1,
2026-09-27 01:58:27,baseline-rules,5462000,30.60,79.21,1007.45,31.12,71.25,1007.38,0,0,RULES,1,1,1,
2026-09-27 01:58:28,baseline-rules,5463000,30.60,79.23,1007.45,31.11,71.04,1007.33,0,0,RULES,1,1,1,
2026-09-27 01:58:29,baseline-rules,5464000,30.59,79.14,1007.44,31.11,71.28,1007.33,0,0,RULES,1,1,1,
2026-09-27 01:58:30,baseline-rules,5465000,30.60,79.26,1007.51,31.11,71.14,1007.33,0,0,RULES,1,1,1,
2026-09-27 01:58:31,baseline-rules,5466000,30.60,79.22,1007.42,31.11,71.40,1007.35,0,0,RULES,1,1,1,
2026-09-27 01:58:32,baseline-rules,5467000,30.60,79.05,1007.42,31.10,71.35,1007.40,0,0,RULES,1,1,1,
2026-09-27 01:58:33,baseline-rules,5468000,30.60,79.27,1007.42,31.11,71.13,1007.36,0,0,RULES,1,1,1,
2026-09-27 01:58:34,baseline-rules,5469000,30.59,79.35,1007.44,31.11,71.09,1007.33,0,0,RULES,1,1,1,
2026-09-27 01:58:35,baseline-rules,5470000,30.60,79.47,1007.48,31.10,71.00,1007.37,0,0,RULES,1,1,1,
2026-09-27 01:58:36,baseline-rules,5471000,30.60,79.50,1007.46,31.11,71.22,1007.36,0,0,RULES,1,1,1,
2026-09-27 01:58:37,baseline-rules,5472000,30.60,79.36,1007.45,31.10,71.12,1007.32,0,0,RULES,1,1,1,
2026-09-27 01:58:38,baseline-rules,5473000,30.60,78.74,1007.48,31.11,71.01,1007.30,0,0,RULES,1,1,1,
2026-09-27 01:58:39,baseline-rules,5474000,30.58,78.36,1007.43,31.10,71.17,1007.32,0,0,RULES,1,1,1,
2026-09-27 01:58:40,baseline-rules,5475000,30.58,78.62,1007.38,31.09,71.16,1007.33,0,0,RULES,1,1,1,
2026-09-27 01:58:41,baseline-rules,5476000,30.61,78.82,1007.44,31.09,71.15,1007.39,0,0,RULES,1,1,1,
2026-09-27 01:58:42,baseline-rules,5477000,30.60,79.04,1007.45,31.10,71.22,1007.39,0,0,RULES,1,1,1,
2026-09-27 01:58:43,baseline-rules,5478000,30.58,79.24,1007.43,31.09,71.08,1007.39,0,0,RULES,1,1,1,
2026-09-27 01:58:44,baseline-rules,5479000,30.60,78.99,1007.40,31.10,71.06,1007.34,0,0,RULES,1,1,1,
2026-09-27 01:58:45,baseline-rules,5480000,30.59,78.94,1007.44,31.10,71.17,1007.32,0,0,RULES,1,1,1,
2026-09-27 01:58:46,baseline-rules,5481000,30.60,79.17,1007.48,31.10,71.28,1007.35,0,0,RULES,1,1,1,
2026-09-27 01:58:47,baseline-rules,5482000,30.60,79.22,1007.45,31.10,71.05,1007.37,0,0,RULES,1,1,1,
2026-09-27 01:58:48,baseline-rules,5483000,30.59,79.21,1007.44,31.10,71.04,1007.37,0,0,RULES,1,1,1,
2026-09-27 01:58:49,baseline-rules,5484000,30.61,79.05,1007.46,31.10,71.10,1007.37,0,0,RULES,1,1,1,
2026-09-27 01:58:50,baseline-rules,5485000,30.58,79.17,1007.43,31.10,71.10,1007.43,0,0,RULES,1,1,1,
2026-09-27 01:58:51,baseline-rules,5486000,30.61,79.54,1007.44,31.10,71.24,1007.37,0,0,RULES,1,1,1,
2026-09-27 01:58:52,baseline-rules,5487000,30.61,79.69,1007.44,31.10,71.12,1007.40,0,0,RULES,1,1,1,
2026-09-27 01:58:53,baseline-rules,5488000,30.60,79.47,1007.45,31.10,71.12,1007.35,0,0,RULES,1,1,1,
2026-09-27 01:58:54,baseline-rules,5489000,30.61,79.55,1007.46,31.11,71.38,1007.31,0,0,RULES,1,1,1,
2026-09-27 01:58:55,baseline-rules,5490000,30.61,79.98,1007.44,31.10,71.17,1007.35,0,0,RULES,1,1,1,
2026-09-27 01:58:56,baseline-rules,5491000,30.60,79.98,1007.43,31.11,71.07,1007.33,0,0,RULES,1,1,1,
2026-09-27 01:58:57,baseline-rules,5492000,30.60,79.83,1007.43,31.11,71.12,1007.33,0,0,RULES,1,1,1,
2026-09-27 01:58:58,baseline-rules,5493000,30.61,79.74,1007.46,31.11,71.14,1007.35,0,0,RULES,1,1,1,
2026-09-27 01:58:59,baseline-rules,5494000,30.61,79.85,1007.46,31.11,71.13,1007.33,0,0,RULES,1,1,1,
2026-09-27 01:59:00,baseline-rules,5495000,30.61,79.97,1007.46,31.11,71.12,1007.39,0,0,RULES,1,1,1,
2026-09-27 01:59:01,baseline-rules,5496000,30.61,80.14,1007.41,31.11,71.14,1007.42,0,0,RULES,1,1,1,
2026-09-27 01:59:02,baseline-rules,5497000,30.61,80.02,1007.44,31.11,71.11,1007.33,0,0,RULES,1,1,1,
2026-09-27 01:59:03,baseline-rules,5498000,30.61,79.87,1007.44,31.12,71.24,1007.35,0,0,RULES,1,1,1,
2026-09-27 01:59:04,baseline-rules,5499000,30.62,80.24,1007.45,31.12,71.20,1007.34,0,0,RULES,1,1,1,
2026-09-27 01:59:05,baseline-rules,5500000,30.61,80.13,1007.44,31.13,71.20,1007.36,0,0,RULES,1,1,1,
2026-09-27 01:59:06,baseline-rules,5501000,30.62,80.15,1007.45,31.13,71.28,1007.33,0,0,RULES,1,1,1,
2026-09-27 01:59:07,baseline-rules,5502000,30.62,80.38,1007.45,31.13,71.20,1007.36,0,0,RULES,1,1,1,
2026-09-27 01:59:08,baseline-rules,5503000,30.62,80.31,1007.45,31.14,71.22,1007.38,0,0,RULES,1,1,1,
2026-09-27 01:59:09,baseline-rules,5504000,30.61,80.37,1007.50,31.14,71.14,1007.38,0,0,RULES,1,1,1,
2026-09-27 01:59:10,baseline-rules,5505000,30.62,80.49,1007.45,31.14,71.04,1007.35,0,0,RULES,1,1,1,
2026-09-27 01:59:11,baseline-rules,5506000,30.61,80.32,1007.42,31.14,71.19,1007.41,0,0,RULES,1,1,1,
2026-09-27 01:59:12,baseline-rules,5507000,30.62,80.42,1007.45,31.14,71.09,1007.38,0,0,RULES,1,1,1,
2026-09-27 01:59:13,baseline-rules,5508000,30.61,80.00,1007.44,31.14,71.00,1007.33,0,0,RULES,1,1,1,
2026-09-27 01:59:14,baseline-rules,5509000,30.62,79.99,1007.54,31.15,71.12,1007.39,0,0,RULES,1,1,1,
2026-09-27 01:59:15,baseline-rules,5510000,30.61,79.60,1007.44,31.14,71.24,1007.38,0,0,RULES,1,1,1,
2026-09-27 01:59:16,baseline-rules,5511000,30.62,79.59,1007.45,31.13,70.99,1007.33,0,0,RULES,1,1,1,
2026-09-27 01:59:17,baseline-rules,5512000,30.62,79.69,1007.48,31.13,71.07,1007.37,0,0,RULES,1,1,1,
2026-09-27 01:59:18,baseline-rules,5513000,30.61,79.55,1007.44,31.15,71.01,1007.42,0,0,RULES,1,1,1,
2026-09-27 01:59:19,baseline-rules,5514000,30.61,79.84,1007.47,31.14,71.00,1007.38,0,0,RULES,1,1,1,
2026-09-27 01:59:20,baseline-rules,5515000,30.62,79.90,1007.42,31.15,71.06,1007.36,0,0,RULES,1,1,1,
2026-09-27 01:59:21,baseline-rules,5516000,30.62,79.88,1007.48,31.14,71.08,1007.32,0,0,RULES,1,1,1,
2026-09-27 01:59:22,baseline-rules,5517000,30.61,79.84,1007.44,31.14,71.03,1007.37,0,0,RULES,1,1,1,
2026-09-27 01:59:23,baseline-rules,5518000,30.62,79.81,1007.45,31.14,71.18,1007.38,0,0,RULES,1,1,1,
2026-09-27 01:59:24,baseline-rules,5519000,30.61,79.90,1007.47,31.14,71.03,1007.35,0,0,RULES,1,1,1,
2026-09-27 01:59:25,baseline-rules,5520000,30.62,79.89,1007.48,31.14,71.09,1007.35,0,0,RULES,1,1,1,
2026-09-27 01:59:26,baseline-rules,5521000,30.62,79.92,1007.42,31.14,71.07,1007.35,0,0,RULES,1,1,1,
2026-09-27 01:59:27,baseline-rules,5522000,30.61,80.11,1007.42,31.15,71.44,1007.33,0,0,RULES,1,1,1,
2026-09-27 01:59:28,baseline-rules,5523000,30.62,80.19,1007.48,31.15,71.16,1007.37,0,0,RULES,1,1,1,
2026-09-27 01:59:29,baseline-rules,5524000,30.61,80.11,1007.50,31.14,71.09,1007.35,0,0,RULES,1,1,1,
2026-09-27 01:59:30,baseline-rules,5525000,30.62,79.93,1007.49,31.15,71.06,1007.33,0,0,RULES,1,1,1,
2026-09-27 01:59:31,baseline-rules,5526000,30.62,79.89,1007.48,31.15,71.07,1007.33,0,0,RULES,1,1,1,
2026-09-27 01:59:32,baseline-rules,5527000,30.62,80.23,1007.45,31.15,71.04,1007.36,0,0,RULES,1,1,1,
2026-09-27 01:59:33,baseline-rules,5528000,30.62,80.02,1007.42,31.15,71.05,1007.40,0,0,RULES,1,1,1,
2026-09-27 01:59:34,baseline-rules,5529000,30.63,80.02,1007.47,31.15,71.03,1007.40,0,0,RULES,1,1,1,
2026-09-27 01:59:35,baseline-rules,5530000,30.61,80.21,1007.44,31.15,71.14,1007.31,0,0,RULES,1,1,1,
2026-09-27 01:59:36,baseline-rules,5531000,30.62,80.06,1007.45,31.14,71.15,1007.38,0,0,RULES,1,1,1,
2026-09-27 01:59:37,baseline-rules,5532000,30.62,80.09,1007.48,31.14,71.29,1007.35,0,0,RULES,1,1,1,
2026-09-27 01:59:38,baseline-rules,5533000,30.61,80.29,1007.47,31.14,71.21,1007.33,0,0,RULES,1,1,1,
2026-09-27 01:59:39,baseline-rules,5534000,30.62,80.17,1007.40,31.15,71.01,1007.39,0,0,RULES,1,1,1,
2026-09-27 01:59:40,baseline-rules,5535000,30.62,80.08,1007.45,31.15,71.03,1007.40,0,0,RULES,1,1,1,
2026-09-27 01:59:41,baseline-rules,5536000,30.62,80.31,1007.46,31.15,71.14,1007.36,0,0,RULES,1,1,1,
2026-09-27 01:59:42,baseline-rules,5537000,30.62,80.05,1007.42,31.15,71.05,1007.39,0,0,RULES,1,1,1,
2026-09-27 01:59:43,baseline-rules,5538000,30.63,80.06,1007.38,31.16,71.42,1007.39,0,0,RULES,1,1,1,
2026-09-27 01:59:44,baseline-rules,5539000,30.63,80.01,1007.44,31.15,71.18,1007.34,0,0,RULES,1,1,1,
2026-09-27 01:59:45,baseline-rules,5540000,30.62,80.26,1007.46,31.15,71.00,1007.34,0,0,RULES,1,1,1,
2026-09-27 01:59:46,baseline-rules,5541000,30.62,80.19,1007.45,31.16,71.11,1007.41,0,0,RULES,1,1,1,
2026-09-27 01:59:47,baseline-rules,5542000,30.62,80.09,1007.52,31.16,71.12,1007.35,0,0,RULES,1,1,1,
2026-09-27 01:59:48,baseline-rules,5543000,30.62,80.10,1007.42,31.16,71.03,1007.32,0,0,RULES,1,1,1,
2026-09-27 01:59:49,baseline-rules,5544000,30.62,80.10,1007.45,31.17,71.01,1007.37,0,0,RULES,1,1,1,
2026-09-27 01:59:50,baseline-rules,5545000,30.63,80.04,1007.50,31.17,71.06,1007.43,0,0,RULES,1,1,1,
2026-09-27 01:59:51,baseline-rules,5546000,30.62,80.04,1007.43,31.17,70.97,1007.35,0,0,RULES,1,1,1,
2026-09-27 01:59:52,baseline-rules,5547000,30.63,80.18,1007.41,31.17,71.05,1007.39,0,0,RULES,1,1,1,
2026-09-27 01:59:53,baseline-rules,5548000,30.62,79.97,1007.42,31.16,71.14,1007.36,0,0,RULES,1,1,1,
2026-09-27 01:59:54,baseline-rules,5549000,30.62,79.95,1007.46,31.16,71.00,1007.36,0,0,RULES,1,1,1,
2026-09-27 01:59:55,baseline-rules,5550000,30.62,79.96,1007.42,31.16,70.93,1007.36,0,0,RULES,1,1,1,
2026-09-27 01:59:56,baseline-rules,5551000,30.62,80.10,1007.46,31.16,71.08,1007.36,0,0,RULES,1,1,1,
2026-09-27 01:59:57,baseline-rules,5552000,30.63,79.84,1007.41,31.16,71.08,1007.39,0,0,RULES,1,1,1,
2026-09-27 01:59:58,baseline-rules,5553000,30.62,79.91,1007.40,31.16,71.03,1007.33,0,0,RULES,1,1,1,
2026-09-27 01:59:59,baseline-rules,5554000,30.62,79.90,1007.42,31.16,71.16,1007.35,0,0,RULES,1,1,1,
2026-09-27 02:00:00,baseline-rules,5555000,30.62,79.90,1007.42,31.16,71.07,1007.30,0,0,RULES,1,1,1,
2026-09-27 02:00:01,baseline-rules,5556000,30.62,80.09,1007.45,31.16,71.06,1007.41,0,0,RULES,1,1,1,
2026-09-27 02:00:02,baseline-rules,5557000,30.62,80.17,1007.45,31.16,71.07,1007.41,0,0,RULES,1,1,1,
2026-09-27 02:00:03,baseline-rules,5558000,30.63,79.96,1007.48,31.16,70.93,1007.39,0,0,RULES,1,1,1,
2026-09-27 02:00:04,baseline-rules,5559000,30.63,80.11,1007.44,31.17,71.11,1007.40,0,0,RULES,1,1,1,
2026-09-27 02:00:05,baseline-rules,5560000,30.63,80.17,1007.45,31.17,70.94,1007.37,0,0,RULES,1,1,1,
2026-09-27 02:00:06,baseline-rules,5561000,30.63,80.06,1007.41,31.17,71.00,1007.45,0,0,RULES,1,1,1,
2026-09-27 02:00:07,baseline-rules,5562000,30.62,80.07,1007.43,31.16,71.11,1007.39,0,0,RULES,1,1,1,
2026-09-27 02:00:08,baseline-rules,5563000,30.62,80.01,1007.46,31.16,71.00,1007.30,0,0,RULES,1,1,1,
2026-09-27 02:00:09,baseline-rules,5564000,30.63,80.17,1007.42,31.17,71.00,1007.42,0,0,RULES,1,1,1,
2026-09-27 02:00:10,baseline-rules,5565000,30.63,80.21,1007.44,31.16,71.02,1007.36,0,0,RULES,1,1,1,
2026-09-27 02:00:11,baseline-rules,5566000,30.62,80.27,1007.48,31.16,71.03,1007.33,0,0,RULES,1,1,1,
2026-09-27 02:00:12,baseline-rules,5567000,30.62,80.10,1007.40,31.17,71.12,1007.37,0,0,RULES,1,1,1,
2026-09-27 02:00:13,baseline-rules,5568000,30.62,80.08,1007.43,31.17,70.89,1007.39,0,0,RULES,1,1,1,
2026-09-27 02:00:14,baseline-rules,5569000,30.62,80.07,1007.43,31.16,71.02,1007.41,0,0,RULES,1,1,1,
2026-09-27 02:00:15,baseline-rules,5570000,30.63,80.17,1007.44,31.16,70.91,1007.39,0,0,RULES,1,1,1,
2026-09-27 02:00:16,baseline-rules,5571000,30.62,80.30,1007.46,31.17,70.95,1007.37,0,0,RULES,1,1,1,
2026-09-27 02:00:17,baseline-rules,5572000,30.63,80.11,1007.50,31.17,70.96,1007.32,0,0,RULES,1,1,1,
2026-09-27 02:00:18,baseline-rules,5573000,30.63,80.21,1007.42,31.17,70.98,1007.34,0,0,RULES,1,1,1,
2026-09-27 02:00:19,baseline-rules,5574000,30.63,80.20,1007.44,31.17,71.04,1007.43,0,0,RULES,1,1,1,
2026-09-27 02:00:20,baseline-rules,5575000,30.63,80.09,1007.45,31.17,71.25,1007.35,0,0,RULES,1,1,1,
2026-09-27 02:00:21,baseline-rules,5576000,30.62,80.19,1007.42,31.16,70.97,1007.36,0,0,RULES,1,1,1,
2026-09-27 02:00:22,baseline-rules,5577000,30.62,80.21,1007.40,31.17,71.01,1007.32,0,0,RULES,1,1,1,
2026-09-27 02:00:23,baseline-rules,5578000,30.63,80.26,1007.50,31.18,71.35,1007.41,0,0,RULES,1,1,1,
2026-09-27 02:00:24,baseline-rules,5579000,30.62,80.00,1007.43,31.17,70.77,1007.43,0,0,RULES,1,1,1,
2026-09-27 02:00:25,baseline-rules,5580000,30.63,80.25,1007.45,31.18,71.04,1007.38,0,0,RULES,1,1,1,
2026-09-27 02:00:26,baseline-rules,5581000,30.63,80.26,1007.44,31.17,71.30,1007.28,0,0,RULES,1,1,1,
2026-09-27 02:00:27,baseline-rules,5582000,30.63,80.08,1007.48,31.18,70.96,1007.41,0,0,RULES,1,1,1,
2026-09-27 02:00:28,baseline-rules,5583000,30.63,80.06,1007.38,31.18,71.28,1007.38,0,0,RULES,1,1,1,
2026-09-27 02:00:29,baseline-rules,5584000,30.62,80.10,1007.40,31.17,70.87,1007.37,0,0,RULES,1,1,1,
2026-09-27 02:00:30,baseline-rules,5585000,30.63,80.10,1007.48,31.16,71.02,1007.33,0,0,RULES,1,1,1,
2026-09-27 02:00:31,baseline-rules,5586000,30.63,80.34,1007.44,31.16,71.12,1007.36,0,0,RULES,1,1,1,
2026-09-27 02:00:32,baseline-rules,5587000,30.62,80.13,1007.46,31.17,70.98,1007.37,0,0,RULES,1,1,1,
2026-09-27 02:00:33,baseline-rules,5588000,30.63,80.15,1007.52,31.17,71.10,1007.37,0,0,RULES,1,1,1,
2026-09-27 02:00:34,baseline-rules,5589000,30.62,79.68,1007.46,31.17,71.01,1007.37,0,0,RULES,1,1,1,
2026-09-27 02:00:35,baseline-rules,5590000,30.62,79.33,1007.48,31.16,70.91,1007.39,0,0,RULES,1,1,1,
2026-09-27 02:00:36,baseline-rules,5591000,30.62,79.08,1007.42,31.15,70.99,1007.34,0,0,RULES,1,1,1,
2026-09-27 02:00:37,baseline-rules,5592000,30.62,79.22,1007.43,31.15,70.92,1007.34,0,0,RULES,1,1,1,
2026-09-27 02:00:38,baseline-rules,5593000,30.62,79.39,1007.43,31.15,70.98,1007.36,0,0,RULES,1,1,1,
2026-09-27 02:00:39,baseline-rules,5594000,30.62,79.40,1007.52,31.14,71.01,1007.44,0,0,RULES,1,1,1,
2026-09-27 02:00:40,baseline-rules,5595000,30.63,79.84,1007.48,31.16,71.00,1007.38,0,0,RULES,1,1,1,
2026-09-27 02:00:41,baseline-rules,5596000,30.63,79.66,1007.45,31.14,71.08,1007.35,0,0,RULES,1,1,1,
2026-09-27 02:00:42,baseline-rules,5597000,30.63,79.62,1007.38,31.14,71.09,1007.38,0,0,RULES,1,1,1,
2026-09-27 02:00:43,baseline-rules,5598000,30.63,79.98,1007.47,31.14,70.95,1007.38,0,0,RULES,1,1,1,
2026-09-27 02:00:44,baseline-rules,5599000,30.62,79.77,1007.43,31.14,70.92,1007.35,0,0,RULES,1,1,1,
2026-09-27 02:00:45,baseline-rules,5600000,30.63,80.00,1007.44,31.14,70.98,1007.32,0,0,RULES,1,1,1,
2026-09-27 02:00:46,baseline-rules,5601000,30.63,79.57,1007.44,31.14,71.27,1007.35,0,0,RULES,1,1,1,
2026-09-27 02:00:47,baseline-rules,5602000,30.62,79.55,1007.46,31.14,71.01,1007.38,0,0,RULES,1,1,1,
2026-09-27 02:00:48,baseline-rules,5603000,30.63,79.71,1007.44,31.15,71.04,1007.43,0,0,RULES,1,1,1,
2026-09-27 02:00:49,baseline-rules,5604000,30.63,79.50,1007.47,31.15,71.11,1007.37,0,0,RULES,1,1,1,
2026-09-27 02:00:50,baseline-rules,5605000,30.63,79.69,1007.44,31.14,71.14,1007.35,0,0,RULES,1,1,1,
2026-09-27 02:00:51,baseline-rules,5606000,30.63,79.89,1007.44,31.15,70.98,1007.37,0,0,RULES,1,1,1,
2026-09-27 02:00:52,baseline-rules,5607000,30.63,79.85,1007.44,31.15,71.13,1007.37,0,0,RULES,1,1,1,
2026-09-27 02:00:53,baseline-rules,5608000,30.63,79.89,1007.41,31.15,71.07,1007.40,0,0,RULES,1,1,1,
2026-09-27 02:00:54,baseline-rules,5609000,30.64,80.11,1007.46,31.15,71.47,1007.33,0,0,RULES,1,1,1,
2026-09-27 02:00:55,baseline-rules,5610000,30.63,79.95,1007.48,31.15,70.99,1007.34,0,0,RULES,1,1,1,
2026-09-27 02:00:56,baseline-rules,5611000,30.64,80.20,1007.51,31.15,71.14,1007.33,0,0,RULES,1,1,1,
2026-09-27 02:00:57,baseline-rules,5612000,30.64,80.11,1007.43,31.15,71.11,1007.36,0,0,RULES,1,1,1,
2026-09-27 02:00:58,baseline-rules,5613000,30.64,80.05,1007.48,31.14,71.04,1007.33,0,0,RULES,1,1,1,
2026-09-27 02:00:59,baseline-rules,5614000,30.64,80.08,1007.41,31.14,71.02,1007.41,0,0,RULES,1,1,1,
2026-09-27 02:01:00,baseline-rules,5615000,30.63,80.11,1007.42,31.14,71.19,1007.33,0,0,RULES,1,1,1,
2026-09-27 02:01:01,baseline-rules,5616000,30.64,80.13,1007.51,31.14,71.02,1007.35,0,0,RULES,1,1,1,
2026-09-27 02:01:02,baseline-rules,5617000,30.64,80.23,1007.46,31.14,71.23,1007.35,0,0,RULES,1,1,1,
2026-09-27 02:01:03,baseline-rules,5618000,30.64,80.16,1007.46,31.14,71.18,1007.46,0,0,RULES,1,1,1,
2026-09-27 02:01:04,baseline-rules,5619000,30.64,80.34,1007.48,31.15,71.01,1007.36,0,0,RULES,1,1,1,
2026-09-27 02:01:05,baseline-rules,5620000,30.63,80.43,1007.48,31.14,71.02,1007.35,0,0,RULES,1,1,1,
2026-09-27 02:01:06,baseline-rules,5621000,30.64,80.46,1007.44,31.15,71.01,1007.34,0,0,RULES,1,1,1,
2026-09-27 02:01:07,baseline-rules,5622000,30.64,80.43,1007.46,31.15,71.09,1007.34,0,0,RULES,1,1,1,
2026-09-27 02:01:08,baseline-rules,5623000,30.64,80.20,1007.52,31.14,71.02,1007.38,0,0,RULES,1,1,1,
2026-09-27 02:01:09,baseline-rules,5624000,30.64,80.26,1007.52,31.15,71.00,1007.37,0,0,RULES,1,1,1,
2026-09-27 02:01:10,baseline-rules,5625000,30.64,80.15,1007.46,31.15,71.11,1007.37,0,0,RULES,1,1,1,
2026-09-27 02:01:11,baseline-rules,5626000,30.64,80.20,1007.46,31.16,71.04,1007.35,0,0,RULES,1,1,1,
2026-09-27 02:01:12,baseline-rules,5627000,30.64,80.33,1007.46,31.15,70.99,1007.36,0,0,RULES,1,1,1,
2026-09-27 02:01:13,baseline-rules,5628000,30.63,80.11,1007.45,31.15,71.14,1007.36,0,0,RULES,1,1,1,
2026-09-27 02:01:14,baseline-rules,5629000,30.64,80.44,1007.46,31.15,71.08,1007.40,0,0,RULES,1,1,1,
2026-09-27 02:01:15,baseline-rules,5630000,30.64,80.21,1007.43,31.15,71.11,1007.40,0,0,RULES,1,1,1,
2026-09-27 02:01:16,baseline-rules,5631000,30.65,80.37,1007.47,31.14,71.11,1007.35,0,0,RULES,1,1,1,
2026-09-27 02:01:17,baseline-rules,5632000,30.64,80.29,1007.43,31.15,70.99,1007.33,0,0,RULES,1,1,1,
2026-09-27 02:01:18,baseline-rules,5633000,30.64,80.22,1007.46,31.15,71.00,1007.36,0,0,RULES,1,1,1,
2026-09-27 02:01:19,baseline-rules,5634000,30.64,80.09,1007.46,31.15,70.99,1007.39,0,0,RULES,1,1,1,
2026-09-27 02:01:20,baseline-rules,5635000,30.64,80.04,1007.41,31.14,70.98,1007.33,0,0,RULES,1,1,1,
2026-09-27 02:01:21,baseline-rules,5636000,30.64,80.19,1007.44,31.15,71.23,1007.39,0,0,RULES,1,1,1,
2026-09-27 02:01:22,baseline-rules,5637000,30.63,79.99,1007.45,31.14,71.17,1007.38,0,0,RULES,1,1,1,
2026-09-27 02:01:23,baseline-rules,5638000,30.63,80.17,1007.45,31.14,71.15,1007.35,0,0,RULES,1,1,1,
2026-09-27 02:01:24,baseline-rules,5639000,30.64,80.09,1007.46,31.14,71.13,1007.33,0,0,RULES,1,1,1,
2026-09-27 02:01:25,baseline-rules,5640000,30.64,79.84,1007.46,31.14,71.24,1007.37,0,0,RULES,1,1,1,
2026-09-27 02:01:26,baseline-rules,5641000,30.64,79.74,1007.48,31.14,71.08,1007.29,0,0,RULES,1,1,1,
2026-09-27 02:01:27,baseline-rules,5642000,30.63,79.71,1007.53,31.15,71.50,1007.36,0,0,RULES,1,1,1,
2026-09-27 02:01:28,baseline-rules,5643000,30.64,79.66,1007.51,31.14,71.05,1007.38,0,0,RULES,1,1,1,
2026-09-27 02:01:29,baseline-rules,5644000,30.63,79.67,1007.44,31.15,71.03,1007.39,0,0,RULES,1,1,1,
2026-09-27 02:01:30,baseline-rules,5645000,30.63,79.76,1007.41,31.14,71.04,1007.41,0,0,RULES,1,1,1,
2026-09-27 02:01:31,baseline-rules,5646000,30.63,79.33,1007.44,31.13,71.28,1007.34,0,0,RULES,1,1,1,
2026-09-27 02:01:32,baseline-rules,5647000,30.63,79.39,1007.50,31.14,71.08,1007.37,0,0,RULES,1,1,1,
2026-09-27 02:01:33,baseline-rules,5648000,30.63,79.46,1007.50,31.14,71.08,1007.40,0,0,RULES,1,1,1,
2026-09-27 02:01:34,baseline-rules,5649000,30.63,79.46,1007.45,31.13,71.08,1007.36,0,0,RULES,1,1,1,
2026-09-27 02:01:35,baseline-rules,5650000,30.63,79.62,1007.50,31.14,71.06,1007.38,0,0,RULES,1,1,1,
2026-09-27 02:01:36,baseline-rules,5651000,30.63,79.73,1007.48,31.14,71.11,1007.38,0,0,RULES,1,1,1,
2026-09-27 02:01:37,baseline-rules,5652000,30.64,79.65,1007.49,31.14,71.07,1007.40,0,0,RULES,1,1,1,
2026-09-27 02:01:38,baseline-rules,5653000,30.63,79.63,1007.42,31.14,71.10,1007.32,0,0,RULES,1,1,1,
2026-09-27 02:01:39,baseline-rules,5654000,30.64,79.62,1007.46,31.12,71.02,1007.35,0,0,RULES,1,1,1,
2026-09-27 02:01:40,baseline-rules,5655000,30.64,79.60,1007.41,31.14,71.09,1007.35,0,0,RULES,1,1,1,
2026-09-27 02:01:41,baseline-rules,5656000,30.63,79.55,1007.48,31.13,70.99,1007.41,0,0,RULES,1,1,1,
2026-09-27 02:01:42,baseline-rules,5657000,30.63,79.43,1007.45,31.13,71.30,1007.33,0,0,RULES,1,1,1,
2026-09-27 02:01:43,baseline-rules,5658000,30.63,79.63,1007.47,31.12,71.07,1007.32,0,0,RULES,1,1,1,
2026-09-27 02:01:44,baseline-rules,5659000,30.64,79.60,1007.48,31.12,71.11,1007.37,0,0,RULES,1,1,1,
2026-09-27 02:01:45,baseline-rules,5660000,30.63,79.54,1007.42,31.13,71.17,1007.39,0,0,RULES,1,1,1,
2026-09-27 02:01:46,baseline-rules,5661000,30.63,79.54,1007.47,31.13,71.06,1007.36,0,0,RULES,1,1,1,
2026-09-27 02:01:47,baseline-rules,5662000,30.63,79.54,1007.38,31.13,70.94,1007.36,0,0,RULES,1,1,1,
2026-09-27 02:01:48,baseline-rules,5663000,30.62,79.67,1007.40,31.13,70.96,1007.42,0,0,RULES,1,1,1,
2026-09-27 02:01:49,baseline-rules,5664000,30.63,79.75,1007.42,31.12,71.09,1007.41,0,0,RULES,1,1,1,
2026-09-27 02:01:50,baseline-rules,5665000,30.63,79.67,1007.41,31.14,71.02,1007.37,0,0,RULES,1,1,1,
2026-09-27 02:01:51,baseline-rules,5666000,30.63,79.55,1007.41,31.14,71.08,1007.32,0,0,RULES,1,1,1,
2026-09-27 02:01:52,baseline-rules,5667000,30.63,79.85,1007.50,31.14,71.01,1007.35,0,0,RULES,1,1,1,
2026-09-27 02:01:53,baseline-rules,5668000,30.64,79.64,1007.46,31.13,71.01,1007.39,0,0,RULES,1,1,1,
2026-09-27 02:01:54,baseline-rules,5669000,30.63,79.71,1007.47,31.14,71.19,1007.35,0,0,RULES,1,1,1,
2026-09-27 02:01:55,baseline-rules,5670000,30.63,79.55,1007.45,31.14,70.99,1007.35,0,0,RULES,1,1,1,
2026-09-27 02:01:56,baseline-rules,5671000,30.64,79.58,1007.46,31.14,71.10,1007.38,0,0,RULES,1,1,1,
2026-09-27 02:01:57,baseline-rules,5672000,30.63,79.62,1007.41,31.14,71.10,1007.38,0,0,RULES,1,1,1,
2026-09-27 02:01:58,baseline-rules,5673000,30.63,79.85,1007.44,31.14,71.16,1007.38,0,0,RULES,1,1,1,
2026-09-27 02:01:59,baseline-rules,5674000,30.63,79.77,1007.41,31.14,71.08,1007.37,0,0,RULES,1,1,1,
2026-09-27 02:02:00,baseline-rules,5675000,30.63,79.55,1007.50,31.14,71.07,1007.33,0,0,RULES,1,1,1,
2026-09-27 02:02:01,baseline-rules,5676000,30.63,79.79,1007.44,31.14,71.04,1007.38,0,0,RULES,1,1,1,
2026-09-27 02:02:02,baseline-rules,5677000,30.63,79.72,1007.50,31.14,70.99,1007.38,0,0,RULES,1,1,1,
2026-09-27 02:02:03,baseline-rules,5678000,30.63,79.54,1007.45,31.15,71.06,1007.40,0,0,RULES,1,1,1,
2026-09-27 02:02:04,baseline-rules,5679000,30.63,79.53,1007.45,31.14,71.08,1007.33,0,0,RULES,1,1,1,
2026-09-27 02:02:05,baseline-rules,5680000,30.63,79.58,1007.50,31.15,71.14,1007.39,0,0,RULES,1,1,1,
2026-09-27 02:02:06,baseline-rules,5681000,30.64,79.58,1007.46,31.15,71.16,1007.37,0,0,RULES,1,1,1,
2026-09-27 02:02:07,baseline-rules,5682000,30.63,79.66,1007.45,31.15,71.04,1007.34,0,0,RULES,1,1,1,
2026-09-27 02:02:08,baseline-rules,5683000,30.63,79.68,1007.50,31.15,71.14,1007.37,0,0,RULES,1,1,1,
2026-09-27 02:02:09,baseline-rules,5684000,30.64,79.89,1007.43,31.15,71.09,1007.34,0,0,RULES,1,1,1,
2026-09-27 02:02:10,baseline-rules,5685000,30.63,79.71,1007.48,31.16,70.94,1007.35,0,0,RULES,1,1,1,
2026-09-27 02:02:11,baseline-rules,5686000,30.65,79.74,1007.42,31.16,70.91,1007.35,0,0,RULES,1,1,1,
2026-09-27 02:02:12,baseline-rules,5687000,30.63,79.97,1007.41,31.16,70.96,1007.32,0,0,RULES,1,1,1,
2026-09-27 02:02:13,baseline-rules,5688000,30.64,79.72,1007.44,31.16,71.07,1007.38,0,0,RULES,1,1,1,
2026-09-27 02:02:14,baseline-rules,5689000,30.65,79.89,1007.47,31.16,71.05,1007.41,0,0,RULES,1,1,1,
2026-09-27 02:02:15,baseline-rules,5690000,30.64,79.55,1007.46,31.15,70.98,1007.37,0,0,RULES,1,1,1,
2026-09-27 02:02:16,baseline-rules,5691000,30.64,79.31,1007.48,31.16,71.41,1007.35,0,0,RULES,1,1,1,
2026-09-27 02:02:17,baseline-rules,5692000,30.63,79.30,1007.48,31.16,70.95,1007.41,0,0,RULES,1,1,1,
2026-09-27 02:02:18,baseline-rules,5693000,30.63,79.31,1007.44,31.16,71.33,1007.35,0,0,RULES,1,1,1,
2026-09-27 02:02:19,baseline-rules,5694000,30.63,79.11,1007.50,31.15,70.94,1007.29,0,0,RULES,1,1,1,
2026-09-27 02:02:20,baseline-rules,5695000,30.63,79.17,1007.36,31.16,71.03,1007.35,0,0,RULES,1,1,1,
2026-09-27 02:02:21,baseline-rules,5696000,30.64,79.32,1007.46,31.16,71.28,1007.32,0,0,RULES,1,1,1,
2026-09-27 02:02:22,baseline-rules,5697000,30.63,79.16,1007.45,31.15,70.90,1007.34,0,0,RULES,1,1,1,
2026-09-27 02:02:23,baseline-rules,5698000,30.63,79.44,1007.45,31.16,70.90,1007.39,0,0,RULES,1,1,1,
2026-09-27 02:02:24,baseline-rules,5699000,30.64,79.21,1007.46,31.16,70.99,1007.39,0,0,RULES,1,1,1,
2026-09-27 02:02:25,baseline-rules,5700000,30.63,79.21,1007.48,31.16,70.89,1007.36,0,0,RULES,1,1,1,
2026-09-27 02:02:26,baseline-rules,5701000,30.63,79.33,1007.56,31.16,71.00,1007.29,0,0,RULES,1,1,1,
2026-09-27 02:02:27,baseline-rules,5702000,30.63,79.33,1007.39,31.16,70.98,1007.39,0,0,RULES,1,1,1,
2026-09-27 02:02:28,baseline-rules,5703000,30.63,79.35,1007.45,31.16,71.09,1007.39,0,0,RULES,1,1,1,
2026-09-27 02:02:29,baseline-rules,5704000,30.63,79.34,1007.50,31.16,71.00,1007.38,0,0,RULES,1,1,1,
2026-09-27 02:02:30,baseline-rules,5705000,30.63,79.41,1007.39,31.15,70.92,1007.34,0,0,RULES,1,1,1,
2026-09-27 02:02:31,baseline-rules,5706000,30.63,78.99,1007.44,31.16,70.96,1007.41,0,0,RULES,1,1,1,
2026-09-27 02:02:32,baseline-rules,5707000,30.63,78.86,1007.42,31.15,71.06,1007.34,0,0,RULES,1,1,1,
2026-09-27 02:02:33,baseline-rules,5708000,30.63,79.00,1007.47,31.15,70.88,1007.31,0,0,RULES,1,1,1,
2026-09-27 02:02:34,baseline-rules,5709000,30.64,79.15,1007.46,31.15,71.38,1007.40,0,0,RULES,1,1,1,
2026-09-27 02:02:35,baseline-rules,5710000,30.64,79.40,1007.43,31.15,71.03,1007.37,0,0,RULES,1,1,1,
2026-09-27 02:02:36,baseline-rules,5711000,30.63,79.31,1007.48,31.15,70.91,1007.34,0,0,RULES,1,1,1,
2026-09-27 02:02:37,baseline-rules,5712000,30.63,79.45,1007.48,31.15,70.87,1007.31,0,0,RULES,1,1,1,
2026-09-27 02:02:38,baseline-rules,5713000,30.63,79.19,1007.50,31.16,70.91,1007.41,0,0,RULES,1,1,1,
2026-09-27 02:02:39,baseline-rules,5714000,30.63,79.53,1007.47,31.17,70.95,1007.34,0,0,RULES,1,1,1,
2026-09-27 02:02:40,baseline-rules,5715000,30.64,79.26,1007.49,31.17,70.95,1007.37,0,0,RULES,1,1,1,
2026-09-27 02:02:41,baseline-rules,5716000,30.64,79.37,1007.51,31.17,71.21,1007.37,0,0,RULES,1,1,1,
2026-09-27 02:02:42,baseline-rules,5717000,30.63,79.72,1007.47,31.16,71.20,1007.36,0,0,RULES,1,1,1,
2026-09-27 02:02:43,baseline-rules,5718000,30.64,79.49,1007.54,31.16,70.89,1007.38,0,0,RULES,1,1,1,
2026-09-27 02:02:44,baseline-rules,5719000,30.64,79.45,1007.46,31.17,71.01,1007.37,0,0,RULES,1,1,1,
2026-09-27 02:02:45,baseline-rules,5720000,30.63,79.81,1007.44,31.17,71.00,1007.34,0,0,RULES,1,1,1,
2026-09-27 02:02:46,baseline-rules,5721000,30.63,79.64,1007.48,31.15,71.00,1007.34,0,0,RULES,1,1,1,
2026-09-27 02:02:47,baseline-rules,5722000,30.64,79.72,1007.46,31.17,70.96,1007.42,0,0,RULES,1,1,1,
2026-09-27 02:02:48,baseline-rules,5723000,30.64,79.56,1007.46,31.16,70.87,1007.36,0,0,RULES,1,1,1,
2026-09-27 02:02:49,baseline-rules,5724000,30.64,79.55,1007.46,31.17,71.00,1007.34,0,0,RULES,1,1,1,
2026-09-27 02:02:50,baseline-rules,5725000,30.64,79.58,1007.48,31.16,71.02,1007.33,0,0,RULES,1,1,1,
2026-09-27 02:02:51,baseline-rules,5726000,30.63,79.46,1007.45,31.16,70.93,1007.29,0,0,RULES,1,1,1,
2026-09-27 02:02:52,baseline-rules,5727000,30.64,79.45,1007.46,31.16,70.97,1007.35,0,0,RULES,1,1,1,
2026-09-27 02:02:53,baseline-rules,5728000,30.64,79.43,1007.46,31.16,71.00,1007.33,0,0,RULES,1,1,1,
2026-09-27 02:02:54,baseline-rules,5729000,30.64,79.48,1007.43,31.16,70.97,1007.36,0,0,RULES,1,1,1,
2026-09-27 02:02:55,baseline-rules,5730000,30.64,79.50,1007.44,31.17,70.96,1007.43,0,0,RULES,1,1,1,
2026-09-27 02:02:56,baseline-rules,5731000,30.64,79.29,1007.44,31.17,70.92,1007.37,0,0,RULES,1,1,1,
2026-09-27 02:02:57,baseline-rules,5732000,30.63,79.12,1007.45,31.17,71.02,1007.37,0,0,RULES,1,1,1,
2026-09-27 02:02:58,baseline-rules,5733000,30.64,79.17,1007.46,31.16,70.89,1007.41,0,0,RULES,1,1,1,
2026-09-27 02:02:59,baseline-rules,5734000,30.64,79.30,1007.44,31.16,70.95,1007.36,0,0,RULES,1,1,1,
2026-09-27 02:03:00,baseline-rules,5735000,30.64,79.39,1007.48,31.16,70.88,1007.39,0,0,RULES,1,1,1,
2026-09-27 02:03:01,baseline-rules,5736000,30.63,79.53,1007.45,31.16,71.26,1007.32,0,0,RULES,1,1,1,
2026-09-27 02:03:02,baseline-rules,5737000,30.64,79.41,1007.51,31.16,70.98,1007.32,0,0,RULES,1,1,1,
2026-09-27 02:03:03,baseline-rules,5738000,30.64,79.37,1007.37,31.16,70.96,1007.41,0,0,RULES,1,1,1,
2026-09-27 02:03:04,baseline-rules,5739000,30.63,79.28,1007.45,31.16,70.99,1007.30,0,0,RULES,1,1,1,
2026-09-27 02:03:05,baseline-rules,5740000,30.65,79.38,1007.47,31.16,70.93,1007.33,0,0,RULES,1,1,1,
2026-09-27 02:03:06,baseline-rules,5741000,30.64,79.34,1007.40,31.17,70.89,1007.40,0,0,RULES,1,1,1,
2026-09-27 02:03:07,baseline-rules,5742000,30.64,79.40,1007.46,31.16,71.08,1007.39,0,0,RULES,1,1,1,
2026-09-27 02:03:08,baseline-rules,5743000,30.65,79.50,1007.47,31.17,71.08,1007.37,0,0,RULES,1,1,1,
2026-09-27 02:03:09,baseline-rules,5744000,30.64,79.82,1007.44,31.17,70.93,1007.37,0,0,RULES,1,1,1,
2026-09-27 02:03:10,baseline-rules,5745000,30.65,79.35,1007.42,31.17,70.85,1007.34,0,0,RULES,1,1,1,
2026-09-27 02:03:11,baseline-rules,5746000,30.65,79.20,1007.47,31.17,71.11,1007.28,0,0,RULES,1,1,1,
2026-09-27 02:03:12,baseline-rules,5747000,30.64,79.35,1007.49,31.18,71.30,1007.41,0,0,RULES,1,1,1,
2026-09-27 02:03:13,baseline-rules,5748000,30.65,79.30,1007.47,31.17,70.86,1007.42,0,0,RULES,1,1,1,
2026-09-27 02:03:14,baseline-rules,5749000,30.64,79.35,1007.46,31.17,70.94,1007.32,0,0,RULES,1,1,1,
2026-09-27 02:03:15,baseline-rules,5750000,30.65,79.55,1007.44,31.17,71.05,1007.39,0,0,RULES,1,1,1,
2026-09-27 02:03:16,baseline-rules,5751000,30.65,79.50,1007.47,31.17,70.89,1007.42,0,0,RULES,1,1,1,
2026-09-27 02:03:17,baseline-rules,5752000,30.64,79.55,1007.44,31.16,70.78,1007.35,0,0,RULES,1,1,1,
2026-09-27 02:03:18,baseline-rules,5753000,30.65,79.45,1007.53,31.17,70.93,1007.39,0,0,RULES,1,1,1,
2026-09-27 02:03:19,baseline-rules,5754000,30.64,79.69,1007.44,31.16,70.94,1007.30,0,0,RULES,1,1,1,
2026-09-27 02:03:20,baseline-rules,5755000,30.65,79.59,1007.44,31.16,70.94,1007.36,0,0,RULES,1,1,1,
2026-09-27 02:03:21,baseline-rules,5756000,30.64,79.74,1007.48,31.17,70.94,1007.34,0,0,RULES,1,1,1,
2026-09-27 02:03:22,baseline-rules,5757000,30.64,79.71,1007.41,31.16,70.90,1007.36,0,0,RULES,1,1,1,
2026-09-27 02:03:23,baseline-rules,5758000,30.65,79.81,1007.45,31.16,70.99,1007.41,0,0,RULES,1,1,1,
2026-09-27 02:03:24,baseline-rules,5759000,30.64,79.58,1007.44,31.17,70.83,1007.37,0,0,RULES,1,1,1,
2026-09-27 02:03:25,baseline-rules,5760000,30.64,79.61,1007.44,31.17,70.83,1007.35,0,0,RULES,1,1,1,
2026-09-27 02:03:26,baseline-rules,5761000,30.64,79.83,1007.38,31.17,70.95,1007.40,0,0,RULES,1,1,1,
2026-09-27 02:03:27,baseline-rules,5762000,30.64,79.56,1007.43,31.17,71.28,1007.39,0,0,RULES,1,1,1,
2026-09-27 02:03:28,baseline-rules,5763000,30.65,79.57,1007.47,31.16,70.87,1007.35,0,0,RULES,1,1,1,
2026-09-27 02:03:29,baseline-rules,5764000,30.65,79.70,1007.47,31.17,71.22,1007.40,0,0,RULES,1,1,1,
2026-09-27 02:03:30,baseline-rules,5765000,30.65,79.70,1007.47,31.16,70.99,1007.36,0,0,RULES,1,1,1,
2026-09-27 02:03:31,baseline-rules,5766000,30.65,79.67,1007.44,31.17,71.10,1007.37,0,0,RULES,1,1,1,
2026-09-27 02:03:32,baseline-rules,5767000,30.65,79.51,1007.44,31.17,70.89,1007.39,0,0,RULES,1,1,1,
2026-09-27 02:03:33,baseline-rules,5768000,30.64,79.24,1007.46,31.16,70.88,1007.36,0,0,RULES,1,1,1,
2026-09-27 02:03:34,baseline-rules,5769000,30.65,79.11,1007.47,31.16,71.29,1007.36,0,0,RULES,1,1,1,
2026-09-27 02:03:35,baseline-rules,5770000,30.65,78.97,1007.47,31.16,70.91,1007.32,0,0,RULES,1,1,1,
2026-09-27 02:03:36,baseline-rules,5771000,30.64,79.01,1007.44,31.16,71.00,1007.32,0,0,RULES,1,1,1,
2026-09-27 02:03:37,baseline-rules,5772000,30.64,79.06,1007.44,31.15,70.80,1007.36,0,0,RULES,1,1,1,
2026-09-27 02:03:38,baseline-rules,5773000,30.64,79.04,1007.43,31.15,70.96,1007.31,0,0,RULES,1,1,1,
2026-09-27 02:03:39,baseline-rules,5774000,30.63,79.39,1007.42,31.15,70.89,1007.40,0,0,RULES,1,1,1,
2026-09-27 02:03:40,baseline-rules,5775000,30.64,79.18,1007.46,31.15,70.86,1007.42,0,0,RULES,1,1,1,
2026-09-27 02:03:41,baseline-rules,5776000,30.64,79.04,1007.44,31.15,70.87,1007.39,0,0,RULES,1,1,1,
2026-09-27 02:03:42,baseline-rules,5777000,30.64,79.02,1007.40,31.14,70.85,1007.32,0,0,RULES,1,1,1,
2026-09-27 02:03:43,baseline-rules,5778000,30.64,79.16,1007.43,31.14,71.23,1007.41,0,0,RULES,1,1,1,
2026-09-27 02:03:44,baseline-rules,5779000,30.63,78.89,1007.48,31.14,70.91,1007.33,0,0,RULES,1,1,1,
2026-09-27 02:03:45,baseline-rules,5780000,30.64,79.08,1007.40,31.14,70.99,1007.35,0,0,RULES,1,1,1,
2026-09-27 02:03:46,baseline-rules,5781000,30.64,79.03,1007.43,31.14,70.82,1007.41,0,0,RULES,1,1,1,
2026-09-27 02:03:47,baseline-rules,5782000,30.64,78.81,1007.40,31.13,70.91,1007.36,0,0,RULES,1,1,1,
2026-09-27 02:03:48,baseline-rules,5783000,30.64,78.68,1007.40,31.12,71.04,1007.35,0,0,RULES,1,1,1,
2026-09-27 02:03:49,baseline-rules,5784000,30.64,78.74,1007.46,31.12,70.90,1007.35,0,0,RULES,1,1,1,
2026-09-27 02:03:50,baseline-rules,5785000,30.63,78.49,1007.42,31.13,71.05,1007.36,0,0,RULES,1,1,1,
2026-09-27 02:03:51,baseline-rules,5786000,30.63,78.20,1007.38,31.13,71.21,1007.33,0,0,RULES,1,1,1,
2026-09-27 02:03:52,baseline-rules,5787000,30.63,78.13,1007.39,31.12,71.12,1007.35,0,0,RULES,1,1,1,
2026-09-27 02:03:53,baseline-rules,5788000,30.63,78.02,1007.44,31.12,71.19,1007.34,0,0,RULES,1,1,1,
2026-09-27 02:03:54,baseline-rules,5789000,30.63,78.03,1007.44,31.11,71.00,1007.31,0,0,RULES,1,1,1,
2026-09-27 02:03:55,baseline-rules,5790000,30.63,78.34,1007.45,31.12,70.95,1007.35,0,0,RULES,1,1,1,
2026-09-27 02:03:56,baseline-rules,5791000,30.63,78.29,1007.44,31.12,70.97,1007.34,0,0,RULES,1,1,1,
2026-09-27 02:03:57,baseline-rules,5792000,30.64,78.45,1007.48,31.11,70.92,1007.33,0,0,RULES,1,1,1,
2026-09-27 02:03:58,baseline-rules,5793000,30.64,78.40,1007.43,31.11,70.93,1007.39,0,0,RULES,1,1,1,
2026-09-27 02:03:59,baseline-rules,5794000,30.64,78.61,1007.43,31.12,71.22,1007.35,0,0,RULES,1,1,1,
2026-09-27 02:04:00,baseline-rules,5795000,30.62,78.64,1007.40,31.12,71.19,1007.37,0,0,RULES,1,1,1,
2026-09-27 02:04:01,baseline-rules,5796000,30.64,78.65,1007.46,31.12,70.95,1007.41,0,0,RULES,1,1,1,
2026-09-27 02:04:02,baseline-rules,5797000,30.64,78.92,1007.43,31.12,70.94,1007.35,0,0,RULES,1,1,1,
2026-09-27 02:04:03,baseline-rules,5798000,30.63,78.76,1007.38,31.11,70.96,1007.33,0,0,RULES,1,1,1,
2026-09-27 02:04:04,baseline-rules,5799000,30.65,78.84,1007.44,31.11,71.29,1007.30,0,0,RULES,1,1,1,
2026-09-27 02:04:05,baseline-rules,5800000,30.64,78.97,1007.46,31.11,71.05,1007.36,0,0,RULES,1,1,1,
2026-09-27 02:04:06,baseline-rules,5801000,30.64,79.10,1007.51,31.11,70.96,1007.39,0,0,RULES,1,1,1,
2026-09-27 02:04:07,baseline-rules,5802000,30.64,79.07,1007.44,31.12,71.02,1007.37,0,0,RULES,1,1,1,
2026-09-27 02:04:08,baseline-rules,5803000,30.64,79.11,1007.40,31.12,70.99,1007.32,0,0,RULES,1,1,1,
2026-09-27 02:04:09,baseline-rules,5804000,30.64,79.05,1007.46,31.11,71.35,1007.36,0,0,RULES,1,1,1,
2026-09-27 02:04:10,baseline-rules,5805000,30.64,79.05,1007.43,31.11,71.07,1007.36,0,0,RULES,1,1,1,
2026-09-27 02:04:11,baseline-rules,5806000,30.65,78.97,1007.39,31.11,71.07,1007.39,0,0,RULES,1,1,1,
2026-09-27 02:04:12,baseline-rules,5807000,30.64,79.02,1007.44,31.11,70.99,1007.33,0,0,RULES,1,1,1,
2026-09-27 02:04:13,baseline-rules,5808000,30.65,78.96,1007.42,31.11,70.99,1007.33,0,0,RULES,1,1,1,
2026-09-27 02:04:14,baseline-rules,5809000,30.64,79.27,1007.35,31.11,71.18,1007.31,0,0,RULES,1,1,1,
2026-09-27 02:04:15,baseline-rules,5810000,30.64,79.19,1007.46,31.11,71.07,1007.39,0,0,RULES,1,1,1,
2026-09-27 02:04:16,baseline-rules,5811000,30.64,79.03,1007.43,31.12,71.09,1007.29,0,0,RULES,1,1,1,
2026-09-27 02:04:17,baseline-rules,5812000,30.64,78.97,1007.40,31.12,71.10,1007.31,0,0,RULES,1,1,1,
2026-09-27 02:04:18,baseline-rules,5813000,30.64,79.07,1007.40,31.11,71.03,1007.39,0,0,RULES,1,1,1,
2026-09-27 02:04:19,baseline-rules,5814000,30.64,78.63,1007.41,31.12,71.00,1007.38,0,0,RULES,1,1,1,
2026-09-27 02:04:20,baseline-rules,5815000,30.64,78.24,1007.41,31.10,71.09,1007.37,0,0,RULES,1,1,1,
2026-09-27 02:04:21,baseline-rules,5816000,30.63,78.26,1007.44,31.11,71.03,1007.33,0,0,RULES,1,1,1,
2026-09-27 02:04:22,baseline-rules,5817000,30.64,78.07,1007.46,31.11,70.97,1007.33,0,0,RULES,1,1,1,
2026-09-27 02:04:23,baseline-rules,5818000,30.63,78.29,1007.47,31.11,71.08,1007.33,0,0,RULES,1,1,1,
2026-09-27 02:04:24,baseline-rules,5819000,30.64,78.43,1007.40,31.10,71.09,1007.40,0,0,RULES,1,1,1,
2026-09-27 02:04:25,baseline-rules,5820000,30.64,78.36,1007.48,31.10,71.46,1007.32,0,0,RULES,1,1,1,
2026-09-27 02:04:26,baseline-rules,5821000,30.63,78.33,1007.38,31.10,71.18,1007.35,0,0,RULES,1,1,1,
2026-09-27 02:04:27,baseline-rules,5822000,30.64,78.21,1007.43,31.10,71.53,1007.37,0,0,RULES,1,1,1,
2026-09-27 02:04:28,baseline-rules,5823000,30.64,78.16,1007.46,31.10,71.48,1007.28,0,0,RULES,1,1,1,
2026-09-27 02:04:29,baseline-rules,5824000,30.63,77.80,1007.42,31.09,71.37,1007.36,0,0,RULES,1,1,1,
2026-09-27 02:04:30,baseline-rules,5825000,30.64,77.78,1007.48,31.09,71.42,1007.41,0,0,RULES,1,1,1,
2026-09-27 02:04:31,baseline-rules,5826000,30.64,78.09,1007.46,31.10,71.53,1007.37,0,0,RULES,1,1,1,
2026-09-27 02:04:32,baseline-rules,5827000,30.64,77.83,1007.40,31.09,71.32,1007.36,0,0,RULES,1,1,1,
2026-09-27 02:04:33,baseline-rules,5828000,30.63,77.80,1007.41,31.09,71.32,1007.30,0,0,RULES,1,1,1,
2026-09-27 02:04:34,baseline-rules,5829000,30.63,78.09,1007.44,31.09,71.43,1007.36,0,0,RULES,1,1,1,
2026-09-27 02:04:35,baseline-rules,5830000,30.63,77.57,1007.38,31.09,71.21,1007.36,0,0,RULES,1,1,1,
2026-09-27 02:04:36,baseline-rules,5831000,30.63,77.52,1007.41,31.08,71.11,1007.40,0,0,RULES,1,1,1,
2026-09-27 02:04:37,baseline-rules,5832000,30.63,77.51,1007.42,31.08,71.08,1007.37,0,0,RULES,1,1,1,
2026-09-27 02:04:38,baseline-rules,5833000,30.63,77.77,1007.44,31.09,71.14,1007.40,0,0,RULES,1,1,1,
2026-09-27 02:04:39,baseline-rules,5834000,30.63,77.90,1007.44,31.08,71.03,1007.37,0,0,RULES,1,1,1,
2026-09-27 02:04:40,baseline-rules,5835000,30.63,77.72,1007.44,31.08,71.06,1007.34,0,0,RULES,1,1,1,
2026-09-27 02:04:41,baseline-rules,5836000,30.63,77.69,1007.50,31.07,71.17,1007.38,0,0,RULES,1,1,1,
2026-09-27 02:04:42,baseline-rules,5837000,30.64,77.49,1007.51,31.08,71.16,1007.31,0,0,RULES,1,1,1,
2026-09-27 02:04:43,baseline-rules,5838000,30.63,77.77,1007.42,31.08,71.12,1007.33,0,0,RULES,1,1,1,
2026-09-27 02:04:44,baseline-rules,5839000,30.63,77.65,1007.47,31.07,71.41,1007.38,0,0,RULES,1,1,1,
2026-09-27 02:04:45,baseline-rules,5840000,30.64,77.45,1007.46,31.07,71.08,1007.38,0,0,RULES,1,1,1,
2026-09-27 02:04:46,baseline-rules,5841000,30.63,77.39,1007.42,31.07,71.33,1007.41,0,0,RULES,1,1,1,
2026-09-27 02:04:47,baseline-rules,5842000,30.64,77.89,1007.43,31.07,71.16,1007.37,0,0,RULES,1,1,1,
2026-09-27 02:04:48,baseline-rules,5843000,30.63,77.90,1007.38,31.07,71.43,1007.33,0,0,RULES,1,1,1,
2026-09-27 02:04:49,baseline-rules,5844000,30.63,77.88,1007.45,31.07,71.24,1007.33,0,0,RULES,1,1,1,
2026-09-27 02:04:50,baseline-rules,5845000,30.63,78.13,1007.44,31.06,71.35,1007.39,0,0,RULES,1,1,1,
2026-09-27 02:04:51,baseline-rules,5846000,30.64,77.78,1007.37,31.06,71.20,1007.36,0,0,RULES,1,1,1,
2026-09-27 02:04:52,baseline-rules,5847000,30.64,78.08,1007.43,31.07,71.15,1007.34,0,0,RULES,1,1,1,
2026-09-27 02:04:53,baseline-rules,5848000,30.63,78.17,1007.42,31.07,71.11,1007.38,0,0,RULES,1,1,1,
2026-09-27 02:04:54,baseline-rules,5849000,30.63,77.98,1007.33,31.06,71.17,1007.38,0,0,RULES,1,1,1,
2026-09-27 02:04:55,baseline-rules,5850000,30.63,78.12,1007.41,31.07,71.18,1007.38,0,0,RULES,1,1,1,
2026-09-27 02:04:56,baseline-rules,5851000,30.63,77.97,1007.39,31.06,71.15,1007.38,0,0,RULES,1,1,1,
2026-09-27 02:04:57,baseline-rules,5852000,30.63,77.83,1007.39,31.07,71.19,1007.43,0,0,RULES,1,1,1,
2026-09-27 02:04:58,baseline-rules,5853000,30.63,77.60,1007.39,31.06,71.18,1007.30,0,0,RULES,1,1,1,
2026-09-27 02:04:59,baseline-rules,5854000,30.63,77.60,1007.36,31.06,71.23,1007.36,0,0,RULES,1,1,1,
2026-09-27 02:05:00,baseline-rules,5855000,30.63,77.46,1007.36,31.06,71.21,1007.41,0,0,RULES,1,1,1,
2026-09-27 02:05:01,baseline-rules,5856000,30.63,77.50,1007.44,31.06,71.38,1007.34,0,0,RULES,1,1,1,
2026-09-27 02:05:02,baseline-rules,5857000,30.63,77.34,1007.39,31.05,71.25,1007.35,0,0,RULES,1,1,1,
2026-09-27 02:05:03,baseline-rules,5858000,30.62,77.04,1007.46,31.05,71.37,1007.40,0,0,RULES,1,1,1,
2026-09-27 02:05:04,baseline-rules,5859000,30.63,77.26,1007.42,31.04,71.18,1007.33,0,0,RULES,1,1,1,
2026-09-27 02:05:05,baseline-rules,5860000,30.63,76.86,1007.38,31.05,71.55,1007.35,0,0,RULES,1,1,1,
2026-09-27 02:05:06,baseline-rules,5861000,30.63,77.25,1007.41,31.04,71.35,1007.33,0,0,RULES,1,1,1,
2026-09-27 02:05:07,baseline-rules,5862000,30.63,76.75,1007.42,31.04,71.57,1007.32,0,0,RULES,1,1,1,
2026-09-27 02:05:08,baseline-rules,5863000,30.62,76.86,1007.43,31.04,71.26,1007.35,0,0,RULES,1,1,1,
2026-09-27 02:05:09,baseline-rules,5864000,30.64,76.71,1007.43,31.04,71.55,1007.33,0,0,RULES,1,1,1,
2026-09-27 02:05:10,baseline-rules,5865000,30.62,76.72,1007.40,31.04,71.39,1007.36,0,0,RULES,1,1,1,
2026-09-27 02:05:11,baseline-rules,5866000,30.63,76.91,1007.38,31.05,71.35,1007.37,0,0,RULES,1,1,1,
2026-09-27 02:05:12,baseline-rules,5867000,30.63,77.24,1007.36,31.04,71.55,1007.38,0,0,RULES,1,1,1,
2026-09-27 02:05:13,baseline-rules,5868000,30.63,77.70,1007.45,31.03,71.60,1007.36,0,0,RULES,1,1,1,
2026-09-27 02:05:14,baseline-rules,5869000,30.64,77.73,1007.46,31.04,71.54,1007.35,0,0,RULES,1,1,1,
2026-09-27 02:05:15,baseline-rules,5870000,30.64,77.98,1007.52,31.03,71.23,1007.37,0,0,RULES,1,1,1,
2026-09-27 02:05:16,baseline-rules,5871000,30.64,77.97,1007.46,31.04,71.18,1007.35,0,0,RULES,1,1,1,
2026-09-27 02:05:17,baseline-rules,5872000,30.63,77.99,1007.41,31.03,71.22,1007.32,0,0,RULES,1,1,1,
2026-09-27 02:05:18,baseline-rules,5873000,30.64,77.92,1007.43,31.02,71.64,1007.36,0,0,RULES,1,1,1,
2026-09-27 02:05:19,baseline-rules,5874000,30.63,77.54,1007.42,31.02,71.59,1007.36,0,0,RULES,1,1,1,
2026-09-27 02:05:20,baseline-rules,5875000,30.63,77.35,1007.47,31.03,71.45,1007.36,0,0,RULES,1,1,1,
2026-09-27 02:05:21,baseline-rules,5876000,30.63,77.54,1007.42,31.03,71.39,1007.37,0,0,RULES,1,1,1,
2026-09-27 02:05:22,baseline-rules,5877000,30.64,77.51,1007.43,31.03,71.61,1007.42,0,0,RULES,1,1,1,
2026-09-27 02:05:23,baseline-rules,5878000,30.64,77.57,1007.43,31.02,71.43,1007.38,0,0,RULES,1,1,1,
2026-09-27 02:05:24,baseline-rules,5879000,30.63,77.43,1007.44,31.02,71.57,1007.35,0,0,RULES,1,1,1,
2026-09-27 02:05:25,baseline-rules,5880000,30.64,77.54,1007.43,31.02,71.52,1007.38,0,0,RULES,1,1,1,
2026-09-27 02:05:26,baseline-rules,5881000,30.64,77.48,1007.46,31.02,71.73,1007.40,0,0,RULES,1,1,1,
2026-09-27 02:05:27,baseline-rules,5882000,30.63,77.16,1007.39,31.02,71.57,1007.40,0,0,RULES,1,1,1,
2026-09-27 02:05:28,baseline-rules,5883000,30.64,77.61,1007.37,31.01,71.46,1007.34,0,0,RULES,1,1,1,
2026-09-27 02:05:29,baseline-rules,5884000,30.63,78.14,1007.45,31.02,71.68,1007.38,0,0,RULES,1,1,1,
2026-09-27 02:05:30,baseline-rules,5885000,30.64,78.30,1007.43,31.01,71.64,1007.37,0,0,RULES,1,1,1,
2026-09-27 02:05:31,baseline-rules,5886000,30.64,78.23,1007.46,31.01,71.52,1007.34,0,0,RULES,1,1,1,
2026-09-27 02:05:32,baseline-rules,5887000,30.63,78.13,1007.42,31.00,71.49,1007.32,0,0,RULES,1,1,1,
2026-09-27 02:05:33,baseline-rules,5888000,30.64,77.92,1007.40,31.01,71.77,1007.33,0,0,RULES,1,1,1,
2026-09-27 02:05:34,baseline-rules,5889000,30.64,77.92,1007.43,31.01,71.76,1007.30,0,0,RULES,1,1,1,
2026-09-27 02:05:35,baseline-rules,5890000,30.65,78.02,1007.42,31.01,71.75,1007.40,0,0,RULES,1,1,1,
2026-09-27 02:05:36,baseline-rules,5891000,30.64,77.96,1007.46,31.01,71.62,1007.33,0,0,RULES,1,1,1,
2026-09-27 02:05:37,baseline-rules,5892000,30.64,78.07,1007.37,31.00,71.42,1007.35,0,0,RULES,1,1,1,
2026-09-27 02:05:38,baseline-rules,5893000,30.64,77.96,1007.40,31.00,71.71,1007.27,0,0,RULES,1,1,1,
2026-09-27 02:05:39,baseline-rules,5894000,30.64,78.22,1007.38,31.00,71.35,1007.38,0,0,RULES,1,1,1,
2026-09-27 02:05:40,baseline-rules,5895000,30.64,78.24,1007.43,31.01,71.48,1007.39,0,0,RULES,1,1,1,
2026-09-27 02:05:41,baseline-rules,5896000,30.64,77.94,1007.44,31.00,71.38,1007.38,0,0,RULES,1,1,1,
2026-09-27 02:05:42,baseline-rules,5897000,30.64,77.76,1007.44,31.00,71.56,1007.35,0,0,RULES,1,1,1,
2026-09-27 02:05:43,baseline-rules,5898000,30.63,77.51,1007.41,31.00,71.51,1007.38,0,0,RULES,1,1,1,
2026-09-27 02:05:44,baseline-rules,5899000,30.63,77.75,1007.39,31.01,71.43,1007.39,0,0,RULES,1,1,1,
2026-09-27 02:05:45,baseline-rules,5900000,30.64,77.79,1007.35,30.99,71.31,1007.32,0,0,RULES,1,1,1,
2026-09-27 02:05:46,baseline-rules,5901000,30.64,77.94,1007.43,31.00,71.31,1007.41,0,0,RULES,1,1,1,
2026-09-27 02:05:47,baseline-rules,5902000,30.64,77.68,1007.43,31.00,71.34,1007.38,0,0,RULES,1,1,1,
2026-09-27 02:05:48,baseline-rules,5903000,30.64,77.49,1007.41,31.00,71.39,1007.35,0,0,RULES,1,1,1,
2026-09-27 02:05:49,baseline-rules,5904000,30.65,77.43,1007.44,31.00,71.52,1007.32,0,0,RULES,1,1,1,
2026-09-27 02:05:50,baseline-rules,5905000,30.63,77.42,1007.44,30.99,71.37,1007.36,0,0,RULES,1,1,1,
2026-09-27 02:05:51,baseline-rules,5906000,30.64,77.71,1007.44,30.99,71.60,1007.42,0,0,RULES,1,1,1,
2026-09-27 02:05:52,baseline-rules,5907000,30.64,78.00,1007.44,30.99,71.69,1007.28,0,0,RULES,1,1,1,
2026-09-27 02:05:53,baseline-rules,5908000,30.66,78.16,1007.43,30.99,71.76,1007.28,0,0,RULES,1,1,1,
2026-09-27 02:05:54,baseline-rules,5909000,30.64,77.96,1007.37,30.99,71.71,1007.34,0,0,RULES,1,1,1,
2026-09-27 02:05:55,baseline-rules,5910000,30.63,77.45,1007.34,30.99,71.54,1007.39,0,0,RULES,1,1,1,
2026-09-27 02:05:56,baseline-rules,5911000,30.64,77.72,1007.40,30.99,71.58,1007.37,0,0,RULES,1,1,1,
2026-09-27 02:05:57,baseline-rules,5912000,30.64,78.16,1007.44,30.98,71.73,1007.33,0,0,RULES,1,1,1,
2026-09-27 02:05:58,baseline-rules,5913000,30.64,78.48,1007.40,30.98,71.74,1007.40,0,0,RULES,1,1,1,
2026-09-27 02:05:59,baseline-rules,5914000,30.65,78.52,1007.44,30.98,71.83,1007.36,0,0,RULES,1,1,1,
2026-09-27 02:06:00,baseline-rules,5915000,30.65,78.64,1007.42,30.99,71.82,1007.39,0,0,RULES,1,1,1,
2026-09-27 02:06:01,baseline-rules,5916000,30.64,78.73,1007.43,30.98,71.42,1007.35,0,0,RULES,1,1,1,
2026-09-27 02:06:02,baseline-rules,5917000,30.65,78.82,1007.47,30.99,71.34,1007.31,0,0,RULES,1,1,1,
2026-09-27 02:06:03,baseline-rules,5918000,30.64,78.57,1007.41,30.98,71.37,1007.30,0,0,RULES,1,1,1,
2026-09-27 02:06:04,baseline-rules,5919000,30.64,78.24,1007.46,30.98,71.47,1007.33,0,0,RULES,1,1,1,
2026-09-27 02:06:05,baseline-rules,5920000,30.64,78.27,1007.35,30.98,71.41,1007.36,0,0,RULES,1,1,1,
2026-09-27 02:06:06,baseline-rules,5921000,30.64,77.41,1007.46,30.99,71.59,1007.28,0,0,RULES,1,1,1,
2026-09-27 02:06:07,baseline-rules,5922000,30.64,77.80,1007.48,30.98,71.29,1007.38,0,0,RULES,1,1,1,
2026-09-27 02:06:08,baseline-rules,5923000,30.64,78.12,1007.41,30.99,71.38,1007.36,0,0,RULES,1,1,1,
2026-09-27 02:06:09,baseline-rules,5924000,30.64,78.63,1007.43,30.99,71.43,1007.34,0,0,RULES,1,1,1,
2026-09-27 02:06:10,baseline-rules,5925000,30.65,78.73,1007.45,30.98,71.42,1007.33,0,0,RULES,1,1,1,
2026-09-27 02:06:11,baseline-rules,5926000,30.66,78.87,1007.44,30.99,71.84,1007.34,0,0,RULES,1,1,1,
2026-09-27 02:06:12,baseline-rules,5927000,30.65,78.86,1007.42,30.99,71.38,1007.34,0,0,RULES,1,1,1,
2026-09-27 02:06:13,baseline-rules,5928000,30.65,79.02,1007.42,30.98,71.39,1007.30,0,0,RULES,1,1,1,
2026-09-27 02:06:14,baseline-rules,5929000,30.64,78.80,1007.38,30.98,71.42,1007.33,0,0,RULES,1,1,1,
2026-09-27 02:06:15,baseline-rules,5930000,30.65,78.45,1007.44,30.98,71.42,1007.35,0,0,RULES,1,1,1,
2026-09-27 02:06:16,baseline-rules,5931000,30.65,78.41,1007.45,30.98,71.33,1007.38,0,0,RULES,1,1,1,
2026-09-27 02:06:17,baseline-rules,5932000,30.64,78.14,1007.44,30.98,71.33,1007.36,0,0,RULES,1,1,1,
2026-09-27 02:06:18,baseline-rules,5933000,30.65,77.90,1007.42,30.98,71.38,1007.41,0,0,RULES,1,1,1,
2026-09-27 02:06:19,baseline-rules,5934000,30.64,78.33,1007.40,30.98,71.42,1007.35,0,0,RULES,1,1,1,
2026-09-27 02:06:20,baseline-rules,5935000,30.64,78.43,1007.37,30.98,71.44,1007.35,0,0,RULES,1,1,1,
2026-09-27 02:06:21,baseline-rules,5936000,30.64,78.50,1007.46,30.97,71.47,1007.37,0,0,RULES,1,1,1,
2026-09-27 02:06:22,baseline-rules,5937000,30.64,78.52,1007.40,30.98,71.42,1007.36,0,0,RULES,1,1,1,
2026-09-27 02:06:23,baseline-rules,5938000,30.64,78.63,1007.40,30.98,71.38,1007.38,0,0,RULES,1,1,1,
2026-09-27 02:06:24,baseline-rules,5939000,30.64,78.39,1007.37,30.98,71.46,1007.26,0,0,RULES,1,1,1,
2026-09-27 02:06:25,baseline-rules,5940000,30.64,78.34,1007.48,30.98,71.42,1007.35,0,0,RULES,1,1,1,
2026-09-27 02:06:26,baseline-rules,5941000,30.63,78.27,1007.39,30.97,71.37,1007.31,0,0,RULES,1,1,1,
2026-09-27 02:06:27,baseline-rules,5942000,30.64,78.29,1007.43,30.98,71.37,1007.35,0,0,RULES,1,1,1,
2026-09-27 02:06:28,baseline-rules,5943000,30.63,77.62,1007.39,30.98,71.38,1007.38,0,0,RULES,1,1,1,
2026-09-27 02:06:29,baseline-rules,5944000,30.63,77.56,1007.38,30.97,71.39,1007.30,0,0,RULES,1,1,1,
2026-09-27 02:06:30,baseline-rules,5945000,30.63,77.40,1007.41,30.97,71.44,1007.36,0,0,RULES,1,1,1,
2026-09-27 02:06:31,baseline-rules,5946000,30.63,77.51,1007.45,30.97,71.45,1007.39,0,0,RULES,1,1,1,
2026-09-27 02:06:32,baseline-rules,5947000,30.63,77.46,1007.47,30.97,71.37,1007.37,0,0,RULES,1,1,1,
2026-09-27 02:06:33,baseline-rules,5948000,30.64,77.71,1007.43,30.98,71.53,1007.35,0,0,RULES,1,1,1,
2026-09-27 02:06:34,baseline-rules,5949000,30.63,78.21,1007.38,30.97,71.43,1007.36,0,0,RULES,1,1,1,
2026-09-27 02:06:35,baseline-rules,5950000,30.64,78.10,1007.44,30.98,71.55,1007.38,0,0,RULES,1,1,1,
2026-09-27 02:06:36,baseline-rules,5951000,30.63,78.16,1007.45,30.97,71.48,1007.34,0,0,RULES,1,1,1,
2026-09-27 02:06:37,baseline-rules,5952000,30.63,77.96,1007.36,30.98,71.47,1007.32,0,0,RULES,1,1,1,
2026-09-27 02:06:38,baseline-rules,5953000,30.64,78.25,1007.43,30.98,71.60,1007.33,0,0,RULES,1,1,1,
2026-09-27 02:06:39,baseline-rules,5954000,30.63,78.20,1007.42,30.98,71.43,1007.38,0,0,RULES,1,1,1,
2026-09-27 02:06:40,baseline-rules,5955000,30.63,78.36,1007.44,30.99,71.46,1007.37,0,0,RULES,1,1,1,
2026-09-27 02:06:41,baseline-rules,5956000,30.63,78.69,1007.39,31.00,71.58,1007.38,0,0,RULES,1,1,1,
2026-09-27 02:06:42,baseline-rules,5957000,30.64,78.50,1007.43,30.99,71.58,1007.31,0,0,RULES,1,1,1,
2026-09-27 02:06:43,baseline-rules,5958000,30.63,78.79,1007.31,30.99,71.46,1007.32,0,0,RULES,1,1,1,
2026-09-27 02:06:44,baseline-rules,5959000,30.63,78.77,1007.42,30.99,71.38,1007.37,0,0,RULES,1,1,1,
2026-09-27 02:06:45,baseline-rules,5960000,30.63,78.94,1007.45,31.01,71.48,1007.40,0,0,RULES,1,1,1,
2026-09-27 02:06:46,baseline-rules,5961000,30.63,78.76,1007.42,31.01,71.41,1007.31,0,0,RULES,1,1,1,
2026-09-27 02:06:47,baseline-rules,5962000,30.64,79.02,1007.44,31.01,71.28,1007.33,0,0,RULES,1,1,1,
2026-09-27 02:06:48,baseline-rules,5963000,30.64,79.01,1007.44,31.01,71.35,1007.42,0,0,RULES,1,1,1,
2026-09-27 02:06:49,baseline-rules,5964000,30.63,78.78,1007.44,31.02,71.51,1007.32,0,0,RULES,1,1,1,
2026-09-27 02:06:50,baseline-rules,5965000,30.63,78.37,1007.44,31.00,71.43,1007.35,0,0,RULES,1,1,1,
2026-09-27 02:06:51,baseline-rules,5966000,30.62,78.22,1007.43,31.01,71.55,1007.37,0,0,RULES,1,1,1,
2026-09-27 02:06:52,baseline-rules,5967000,30.62,78.31,1007.40,31.02,71.32,1007.32,0,0,RULES,1,1,1,
2026-09-27 02:06:53,baseline-rules,5968000,30.63,78.63,1007.41,31.01,71.40,1007.37,0,0,RULES,1,1,1,
2026-09-27 02:06:54,baseline-rules,5969000,30.63,78.63,1007.39,31.02,71.51,1007.44,0,0,RULES,1,1,1,
2026-09-27 02:06:55,baseline-rules,5970000,30.63,78.55,1007.48,31.02,71.51,1007.35,0,0,RULES,1,1,1,
2026-09-27 02:06:56,baseline-rules,5971000,30.63,78.71,1007.39,31.02,71.38,1007.29,0,0,RULES,1,1,1,
2026-09-27 02:06:57,baseline-rules,5972000,30.62,78.71,1007.43,31.04,71.37,1007.44,0,0,RULES,1,1,1,
2026-09-27 02:06:58,baseline-rules,5973000,30.62,78.62,1007.38,31.03,71.42,1007.34,0,0,RULES,1,1,1,
2026-09-27 02:06:59,baseline-rules,5974000,30.63,78.46,1007.48,31.03,71.38,1007.36,0,0,RULES,1,1,1,
2026-09-27 02:07:00,baseline-rules,5975000,30.63,78.48,1007.42,31.03,71.36,1007.34,0,0,RULES,1,1,1,
2026-09-27 02:07:01,baseline-rules,5976000,30.63,78.72,1007.45,31.02,71.39,1007.30,0,0,RULES,1,1,1,
2026-09-27 02:07:02,baseline-rules,5977000,30.62,78.39,1007.42,31.03,71.29,1007.34,0,0,RULES,1,1,1,
2026-09-27 02:07:03,baseline-rules,5978000,30.63,78.50,1007.44,31.03,71.39,1007.39,0,0,RULES,1,1,1,
2026-09-27 02:07:04,baseline-rules,5979000,30.63,78.24,1007.44,31.03,71.25,1007.32,0,0,RULES,1,1,1,
2026-09-27 02:07:05,baseline-rules,5980000,30.63,78.19,1007.47,31.04,71.39,1007.39,0,0,RULES,1,1,1,
2026-09-27 02:07:06,baseline-rules,5981000,30.62,78.26,1007.43,31.04,71.26,1007.32,0,0,RULES,1,1,1,
2026-09-27 02:07:07,baseline-rules,5982000,30.63,78.46,1007.44,31.04,71.38,1007.30,0,0,RULES,1,1,1,
2026-09-27 02:07:08,baseline-rules,5983000,30.63,78.51,1007.42,31.03,71.33,1007.37,0,0,RULES,1,1,1,
2026-09-27 02:07:09,baseline-rules,5984000,30.63,78.74,1007.44,31.04,71.22,1007.35,0,0,RULES,1,1,1,
2026-09-27 02:07:10,baseline-rules,5985000,30.63,78.77,1007.44,31.05,71.22,1007.37,0,0,RULES,1,1,1,
2026-09-27 02:07:11,baseline-rules,5986000,30.63,78.66,1007.44,31.04,71.73,1007.33,0,0,RULES,1,1,1,
2026-09-27 02:07:12,baseline-rules,5987000,30.63,78.78,1007.47,31.05,71.25,1007.29,0,0,RULES,1,1,1,
2026-09-27 02:07:13,baseline-rules,5988000,30.63,78.87,1007.44,31.05,71.25,1007.38,0,0,RULES,1,1,1,
2026-09-27 02:07:14,baseline-rules,5989000,30.62,78.93,1007.40,31.03,71.76,1007.32,0,0,RULES,1,1,1,
2026-09-27 02:07:15,baseline-rules,5990000,30.62,78.39,1007.40,31.04,71.36,1007.39,0,0,RULES,1,1,1,
2026-09-27 02:07:16,baseline-rules,5991000,30.63,78.54,1007.48,31.04,71.38,1007.36,0,0,RULES,1,1,1,
2026-09-27 02:07:17,baseline-rules,5992000,30.63,78.58,1007.50,31.03,71.42,1007.32,0,0,RULES,1,1,1,
2026-09-27 02:07:18,baseline-rules,5993000,30.63,78.66,1007.41,31.04,71.28,1007.32,0,0,RULES,1,1,1,
2026-09-27 02:07:19,baseline-rules,5994000,30.63,78.71,1007.47,31.05,71.42,1007.40,0,0,RULES,1,1,1,
2026-09-27 02:07:20,baseline-rules,5995000,30.63,78.67,1007.41,31.04,71.33,1007.36,0,0,RULES,1,1,1,
2026-09-27 02:07:21,baseline-rules,5996000,30.63,78.87,1007.41,31.05,71.72,1007.38,0,0,RULES,1,1,1,
2026-09-27 02:07:22,baseline-rules,5997000,30.62,78.86,1007.42,31.05,71.50,1007.38,0,0,RULES,1,1,1,
2026-09-27 02:07:23,baseline-rules,5998000,30.62,78.95,1007.43,31.05,71.48,1007.29,0,0,RULES,1,1,1,
2026-09-27 02:07:24,baseline-rules,5999000,30.63,78.49,1007.42,31.04,71.65,1007.30,0,0,RULES,1,1,1,
2026-09-27 02:07:25,baseline-rules,6000000,30.63,78.49,1007.38,31.05,71.54,1007.35,0,0,RULES,1,1,1,
2026-09-27 02:07:26,baseline-rules,6001000,30.63,78.46,1007.41,31.06,71.26,1007.36,0,0,RULES,1,1,1,
2026-09-27 02:07:27,baseline-rules,6002000,30.62,78.41,1007.49,31.06,71.64,1007.33,0,0,RULES,1,1,1,
2026-09-27 02:07:28,baseline-rules,6003000,30.62,78.32,1007.45,31.06,71.20,1007.31,0,0,RULES,1,1,1,
2026-09-27 02:07:29,baseline-rules,6004000,30.62,78.30,1007.46,31.06,71.29,1007.31,0,0,RULES,1,1,1,
2026-09-27 02:07:30,baseline-rules,6005000,30.62,78.37,1007.42,31.06,71.27,1007.36,0,0,RULES,1,1,1,
2026-09-27 02:07:31,baseline-rules,6006000,30.63,78.44,1007.44,31.06,71.16,1007.34,0,0,RULES,1,1,1,
2026-09-27 02:07:32,baseline-rules,6007000,30.62,78.80,1007.45,31.07,71.29,1007.32,0,0,RULES,1,1,1,
2026-09-27 02:07:33,baseline-rules,6008000,30.61,78.44,1007.47,31.07,71.25,1007.37,0,0,RULES,1,1,1,
2026-09-27 02:07:34,baseline-rules,6009000,30.62,78.34,1007.43,31.07,71.19,1007.32,0,0,RULES,1,1,1,
2026-09-27 02:07:35,baseline-rules,6010000,30.63,78.47,1007.50,31.07,71.23,1007.37,0,0,RULES,1,1,1,
2026-09-27 02:07:36,baseline-rules,6011000,30.63,78.65,1007.42,31.07,71.33,1007.34,0,0,RULES,1,1,1,
2026-09-27 02:07:37,baseline-rules,6012000,30.62,78.31,1007.38,31.07,71.20,1007.33,0,0,RULES,1,1,1,
2026-09-27 02:07:38,baseline-rules,6013000,30.63,78.31,1007.44,31.07,71.31,1007.33,0,0,RULES,1,1,1,
2026-09-27 02:07:39,baseline-rules,6014000,30.62,78.40,1007.42,31.08,71.22,1007.36,0,0,RULES,1,1,1,
2026-09-27 02:07:40,baseline-rules,6015000,30.62,78.51,1007.43,31.07,71.23,1007.38,0,0,RULES,1,1,1,
2026-09-27 02:07:41,baseline-rules,6016000,30.62,78.74,1007.43,31.07,71.27,1007.38,0,0,RULES,1,1,1,
2026-09-27 02:07:42,baseline-rules,6017000,30.63,78.56,1007.44,31.07,71.22,1007.38,0,0,RULES,1,1,1,
2026-09-27 02:07:43,baseline-rules,6018000,30.62,78.58,1007.45,31.07,71.24,1007.34,0,0,RULES,1,1,1,
2026-09-27 02:07:44,baseline-rules,6019000,30.62,78.41,1007.45,31.07,71.26,1007.35,0,0,RULES,1,1,1,
2026-09-27 02:07:45,baseline-rules,6020000,30.63,78.44,1007.38,31.07,71.23,1007.38,0,0,RULES,1,1,1,
2026-09-27 02:07:46,baseline-rules,6021000,30.62,78.60,1007.46,31.07,71.34,1007.33,0,0,RULES,1,1,1,
2026-09-27 02:07:47,baseline-rules,6022000,30.62,78.07,1007.40,31.07,71.26,1007.35,0,0,RULES,1,1,1,
2026-09-27 02:07:48,baseline-rules,6023000,30.62,78.15,1007.43,31.08,71.22,1007.34,0,0,RULES,1,1,1,
2026-09-27 02:07:49,baseline-rules,6024000,30.62,78.11,1007.37,31.08,71.25,1007.39,0,0,RULES,1,1,1,
2026-09-27 02:07:50,baseline-rules,6025000,30.62,78.16,1007.46,31.08,71.26,1007.36,0,0,RULES,1,1,1,
2026-09-27 02:07:51,baseline-rules,6026000,30.62,78.21,1007.42,31.08,71.26,1007.40,0,0,RULES,1,1,1,
2026-09-27 02:07:52,baseline-rules,6027000,30.63,78.31,1007.44,31.07,71.57,1007.35,0,0,RULES,1,1,1,
2026-09-27 02:07:53,baseline-rules,6028000,30.61,78.08,1007.44,31.09,71.41,1007.32,0,0,RULES,1,1,1,
2026-09-27 02:07:54,baseline-rules,6029000,30.62,78.13,1007.43,31.08,71.36,1007.39,0,0,RULES,1,1,1,
2026-09-27 02:07:55,baseline-rules,6030000,30.63,78.15,1007.50,31.09,71.16,1007.38,0,0,RULES,1,1,1,
2026-09-27 02:07:56,baseline-rules,6031000,30.61,78.47,1007.44,31.10,71.30,1007.37,0,0,RULES,1,1,1,
2026-09-27 02:07:57,baseline-rules,6032000,30.63,78.56,1007.41,31.09,71.62,1007.32,0,0,RULES,1,1,1,
2026-09-27 02:07:58,baseline-rules,6033000,30.63,78.51,1007.44,31.08,71.46,1007.40,0,0,RULES,1,1,1,
2026-09-27 02:07:59,baseline-rules,6034000,30.62,78.47,1007.43,31.08,71.21,1007.29,0,0,RULES,1,1,1,
2026-09-27 02:08:00,baseline-rules,6035000,30.63,78.41,1007.45,31.09,71.25,1007.29,0,0,RULES,1,1,1,
2026-09-27 02:08:01,baseline-rules,6036000,30.63,78.69,1007.47,31.10,71.19,1007.42,0,0,RULES,1,1,1,
2026-09-27 02:08:02,baseline-rules,6037000,30.63,78.55,1007.48,31.09,71.22,1007.36,0,0,RULES,1,1,1,
2026-09-27 02:08:03,baseline-rules,6038000,30.63,78.59,1007.38,31.10,71.30,1007.34,0,0,RULES,1,1,1,
2026-09-27 02:08:04,baseline-rules,6039000,30.62,78.55,1007.43,31.09,71.31,1007.32,0,0,RULES,1,1,1,
2026-09-27 02:08:05,baseline-rules,6040000,30.62,78.58,1007.42,31.10,71.57,1007.39,0,0,RULES,1,1,1,
2026-09-27 02:08:06,baseline-rules,6041000,30.63,78.55,1007.47,31.10,71.21,1007.37,0,0,RULES,1,1,1,
2026-09-27 02:08:07,baseline-rules,6042000,30.63,78.85,1007.39,31.10,71.28,1007.34,0,0,RULES,1,1,1,
2026-09-27 02:08:08,baseline-rules,6043000,30.64,78.64,1007.40,31.10,71.12,1007.31,0,0,RULES,1,1,1,
2026-09-27 02:08:09,baseline-rules,6044000,30.64,78.70,1007.46,31.10,71.18,1007.35,0,0,RULES,1,1,1,
2026-09-27 02:08:10,baseline-rules,6045000,30.63,78.62,1007.50,31.10,71.30,1007.31,0,0,RULES,1,1,1,
2026-09-27 02:08:11,baseline-rules,6046000,30.62,78.05,1007.38,31.09,71.42,1007.35,0,0,RULES,1,1,1,
2026-09-27 02:08:12,baseline-rules,6047000,30.62,77.93,1007.43,31.10,71.06,1007.39,0,0,RULES,1,1,1,
2026-09-27 02:08:13,baseline-rules,6048000,30.62,77.82,1007.43,31.09,71.65,1007.33,0,0,RULES,1,1,1,
2026-09-27 02:08:14,baseline-rules,6049000,30.62,77.81,1007.38,31.09,71.00,1007.32,0,0,RULES,1,1,1,
2026-09-27 02:08:15,baseline-rules,6050000,30.63,77.84,1007.47,31.10,71.17,1007.37,0,0,RULES,1,1,1,
2026-09-27 02:08:16,baseline-rules,6051000,30.63,78.06,1007.47,31.09,71.03,1007.33,0,0,RULES,1,1,1,
2026-09-27 02:08:17,baseline-rules,6052000,30.63,78.09,1007.45,31.09,71.23,1007.36,0,0,RULES,1,1,1,
2026-09-27 02:08:18,baseline-rules,6053000,30.62,78.07,1007.43,31.10,71.19,1007.43,0,0,RULES,1,1,1,
2026-09-27 02:08:19,baseline-rules,6054000,30.63,78.22,1007.50,31.10,71.19,1007.39,0,0,RULES,1,1,1,
2026-09-27 02:08:20,baseline-rules,6055000,30.63,78.27,1007.38,31.09,71.14,1007.40,0,0,RULES,1,1,1,
2026-09-27 02:08:21,baseline-rules,6056000,30.63,78.40,1007.50,31.10,71.34,1007.37,0,0,RULES,1,1,1,
2026-09-27 02:08:22,baseline-rules,6057000,30.63,78.39,1007.47,31.09,71.17,1007.38,0,0,RULES,1,1,1,
2026-09-27 02:08:23,baseline-rules,6058000,30.63,78.76,1007.44,31.09,71.22,1007.36,0,0,RULES,1,1,1,
2026-09-27 02:08:24,baseline-rules,6059000,30.62,78.51,1007.43,31.09,71.38,1007.33,0,0,RULES,1,1,1,
2026-09-27 02:08:25,baseline-rules,6060000,30.63,78.58,1007.44,31.09,71.18,1007.32,0,0,RULES,1,1,1,
2026-09-27 02:08:26,baseline-rules,6061000,30.63,78.86,1007.41,31.09,71.18,1007.32,0,0,RULES,1,1,1,
2026-09-27 02:08:27,baseline-rules,6062000,30.64,78.63,1007.46,31.10,71.03,1007.37,0,0,RULES,1,1,1,
2026-09-27 02:08:28,baseline-rules,6063000,30.64,78.64,1007.43,31.09,71.07,1007.30,0,0,RULES,1,1,1,
2026-09-27 02:08:29,baseline-rules,6064000,30.63,78.78,1007.42,31.09,71.25,1007.33,0,0,RULES,1,1,1,
2026-09-27 02:08:30,baseline-rules,6065000,30.63,78.74,1007.38,31.10,71.27,1007.37,0,0,RULES,1,1,1,
2026-09-27 02:08:31,baseline-rules,6066000,30.64,78.86,1007.48,31.09,71.20,1007.33,0,0,RULES,1,1,1,
2026-09-27 02:08:32,baseline-rules,6067000,30.64,78.53,1007.46,31.09,71.23,1007.36,0,0,RULES,1,1,1,
2026-09-27 02:08:33,baseline-rules,6068000,30.63,78.66,1007.50,31.09,71.44,1007.35,0,0,RULES,1,1,1,
2026-09-27 02:08:34,baseline-rules,6069000,30.64,78.63,1007.46,31.09,71.20,1007.35,0,0,RULES,1,1,1,
2026-09-27 02:08:35,baseline-rules,6070000,30.63,78.56,1007.38,31.10,71.15,1007.35,0,0,RULES,1,1,1,
2026-09-27 02:08:36,baseline-rules,6071000,30.63,78.66,1007.42,31.09,71.11,1007.36,0,0,RULES,1,1,1,
2026-09-27 02:08:37,baseline-rules,6072000,30.64,78.53,1007.43,31.10,71.03,1007.37,0,0,RULES,1,1,1,
2026-09-27 02:08:38,baseline-rules,6073000,30.63,78.58,1007.47,31.09,71.18,1007.36,0,0,RULES,1,1,1,
2026-09-27 02:08:39,baseline-rules,6074000,30.63,78.51,1007.47,31.09,71.08,1007.35,0,0,RULES,1,1,1,
2026-09-27 02:08:40,baseline-rules,6075000,30.63,78.42,1007.50,31.09,71.13,1007.39,0,0,RULES,1,1,1,
2026-09-27 02:08:41,baseline-rules,6076000,30.63,78.49,1007.45,31.09,71.09,1007.40,0,0,RULES,1,1,1,
2026-09-27 02:08:42,baseline-rules,6077000,30.63,78.47,1007.38,31.08,71.23,1007.37,0,0,RULES,1,1,1,
2026-09-27 02:08:43,baseline-rules,6078000,30.64,78.72,1007.40,31.09,71.40,1007.29,0,0,RULES,1,1,1,
2026-09-27 02:08:44,baseline-rules,6079000,30.63,78.78,1007.48,31.09,71.31,1007.39,0,0,RULES,1,1,1,
2026-09-27 02:08:45,baseline-rules,6080000,30.63,78.50,1007.41,31.09,71.21,1007.36,0,0,RULES,1,1,1,
2026-09-27 02:08:46,baseline-rules,6081000,30.62,78.55,1007.49,31.09,71.17,1007.35,0,0,RULES,1,1,1,
2026-09-27 02:08:47,baseline-rules,6082000,30.63,78.72,1007.47,31.09,71.49,1007.36,0,0,RULES,1,1,1,
2026-09-27 02:08:48,baseline-rules,6083000,30.64,78.73,1007.48,31.08,70.99,1007.34,0,0,RULES,1,1,1,
2026-09-27 02:08:49,baseline-rules,6084000,30.63,78.27,1007.44,31.09,71.07,1007.36,0,0,RULES,1,1,1,
2026-09-27 02:08:50,baseline-rules,6085000,30.63,78.29,1007.44,31.09,71.11,1007.35,0,0,RULES,1,1,1,
2026-09-27 02:08:51,baseline-rules,6086000,30.63,78.37,1007.47,31.09,71.39,1007.36,0,0,RULES,1,1,1,
2026-09-27 02:08:52,baseline-rules,6087000,30.63,78.47,1007.45,31.08,71.39,1007.31,0,0,RULES,1,1,1,
2026-09-27 02:08:53,baseline-rules,6088000,30.63,78.50,1007.44,31.09,71.09,1007.33,0,0,RULES,1,1,1,
2026-09-27 02:08:54,baseline-rules,6089000,30.64,78.40,1007.43,31.09,71.04,1007.36,0,0,RULES,1,1,1,
2026-09-27 02:08:55,baseline-rules,6090000,30.62,78.43,1007.46,31.09,71.06,1007.32,0,0,RULES,1,1,1,
2026-09-27 02:08:56,baseline-rules,6091000,30.64,78.43,1007.43,31.08,71.14,1007.40,0,0,RULES,1,1,1,
2026-09-27 02:08:57,baseline-rules,6092000,30.64,78.47,1007.49,31.08,71.06,1007.31,0,0,RULES,1,1,1,
2026-09-27 02:08:58,baseline-rules,6093000,30.63,78.51,1007.48,31.08,71.05,1007.37,0,0,RULES,1,1,1,
2026-09-27 02:08:59,baseline-rules,6094000,30.62,78.60,1007.40,31.08,71.14,1007.33,0,0,RULES,1,1,1,
2026-09-27 02:09:00,baseline-rules,6095000,30.63,78.46,1007.42,31.08,71.06,1007.37,0,0,RULES,1,1,1,
2026-09-27 02:09:01,baseline-rules,6096000,30.63,78.26,1007.45,31.08,71.33,1007.33,0,0,RULES,1,1,1,
2026-09-27 02:09:02,baseline-rules,6097000,30.63,78.34,1007.44,31.07,71.07,1007.27,0,0,RULES,1,1,1,
2026-09-27 02:09:03,baseline-rules,6098000,30.63,78.54,1007.39,31.08,71.12,1007.31,0,0,RULES,1,1,1,
2026-09-27 02:09:04,baseline-rules,6099000,30.63,78.32,1007.44,31.08,71.15,1007.36,0,0,RULES,1,1,1,
2026-09-27 02:09:05,baseline-rules,6100000,30.63,78.07,1007.48,31.08,71.07,1007.33,0,0,RULES,1,1,1,
2026-09-27 02:09:06,baseline-rules,6101000,30.64,78.13,1007.51,31.07,71.16,1007.33,0,0,RULES,1,1,1,
2026-09-27 02:09:07,baseline-rules,6102000,30.63,77.95,1007.44,31.08,71.03,1007.36,0,0,RULES,1,1,1,
2026-09-27 02:09:08,baseline-rules,6103000,30.63,78.08,1007.44,31.07,71.00,1007.33,0,0,RULES,1,1,1,
2026-09-27 02:09:09,baseline-rules,6104000,30.62,78.22,1007.43,31.07,71.31,1007.34,0,0,RULES,1,1,1,
2026-09-27 02:09:10,baseline-rules,6105000,30.63,78.31,1007.44,31.07,71.02,1007.38,0,0,RULES,1,1,1,
2026-09-27 02:09:11,baseline-rules,6106000,30.64,78.08,1007.48,31.06,71.00,1007.36,0,0,RULES,1,1,1,
2026-09-27 02:09:12,baseline-rules,6107000,30.63,78.22,1007.42,31.07,71.02,1007.32,0,0,RULES,1,1,1,
2026-09-27 02:09:13,baseline-rules,6108000,30.62,78.34,1007.42,31.07,71.15,1007.33,0,0,RULES,1,1,1,
2026-09-27 02:09:14,baseline-rules,6109000,30.63,78.14,1007.41,31.08,71.12,1007.33,0,0,RULES,1,1,1,
2026-09-27 02:09:15,baseline-rules,6110000,30.63,78.04,1007.41,31.07,71.16,1007.37,0,0,RULES,1,1,1,
2026-09-27 02:09:16,baseline-rules,6111000,30.62,77.74,1007.43,31.08,71.03,1007.39,0,0,RULES,1,1,1,
2026-09-27 02:09:17,baseline-rules,6112000,30.63,77.71,1007.50,31.06,71.04,1007.39,0,0,RULES,1,1,1,
2026-09-27 02:09:18,baseline-rules,6113000,30.63,77.95,1007.50,31.07,71.02,1007.34,0,0,RULES,1,1,1,
2026-09-27 02:09:19,baseline-rules,6114000,30.63,77.96,1007.39,31.08,71.17,1007.28,0,0,RULES,1,1,1,
2026-09-27 02:09:20,baseline-rules,6115000,30.63,77.91,1007.44,31.07,71.07,1007.37,0,0,RULES,1,1,1,
2026-09-27 02:09:21,baseline-rules,6116000,30.64,77.90,1007.43,31.08,71.25,1007.31,0,0,RULES,1,1,1,
2026-09-27 02:09:22,baseline-rules,6117000,30.62,78.10,1007.43,31.07,71.32,1007.33,0,0,RULES,1,1,1,
2026-09-27 02:09:23,baseline-rules,6118000,30.63,78.17,1007.41,31.07,71.19,1007.35,0,0,RULES,1,1,1,
2026-09-27 02:09:24,baseline-rules,6119000,30.63,77.99,1007.39,31.07,71.10,1007.38,0,0,RULES,1,1,1,
2026-09-27 02:09:25,baseline-rules,6120000,30.63,78.02,1007.44,31.08,71.03,1007.37,0,0,RULES,1,1,1,
2026-09-27 02:09:26,baseline-rules,6121000,30.64,77.96,1007.40,31.07,71.11,1007.29,0,0,RULES,1,1,1,
2026-09-27 02:09:27,baseline-rules,6122000,30.63,78.10,1007.44,31.07,71.11,1007.38,0,0,RULES,1,1,1,
2026-09-27 02:09:28,baseline-rules,6123000,30.64,78.43,1007.43,31.08,71.17,1007.36,0,0,RULES,1,1,1,
2026-09-27 02:09:29,baseline-rules,6124000,30.63,78.48,1007.42,31.08,71.13,1007.31,0,0,RULES,1,1,1,
2026-09-27 02:09:30,baseline-rules,6125000,30.64,78.24,1007.49,31.07,71.11,1007.35,0,0,RULES,1,1,1,
2026-09-27 02:09:31,baseline-rules,6126000,30.63,78.25,1007.39,31.07,71.13,1007.38,0,0,RULES,1,1,1,
2026-09-27 02:09:32,baseline-rules,6127000,30.64,78.34,1007.48,31.07,71.13,1007.33,0,0,RULES,1,1,1,
2026-09-27 02:09:33,baseline-rules,6128000,30.63,78.00,1007.38,31.08,71.14,1007.33,0,0,RULES,1,1,1,
2026-09-27 02:09:34,baseline-rules,6129000,30.63,77.93,1007.41,31.07,71.02,1007.27,0,0,RULES,1,1,1,
2026-09-27 02:09:35,baseline-rules,6130000,30.63,77.82,1007.39,31.08,70.96,1007.31,0,0,RULES,1,1,1,
2026-09-27 02:09:36,baseline-rules,6131000,30.62,78.03,1007.43,31.08,71.10,1007.33,0,0,RULES,1,1,1,
2026-09-27 02:09:37,baseline-rules,6132000,30.63,77.86,1007.44,31.08,71.29,1007.39,0,0,RULES,1,1,1,
2026-09-27 02:09:38,baseline-rules,6133000,30.64,77.78,1007.43,31.08,71.01,1007.36,0,0,RULES,1,1,1,
2026-09-27 02:09:39,baseline-rules,6134000,30.63,77.72,1007.39,31.08,71.12,1007.40,0,0,RULES,1,1,1,
2026-09-27 02:09:40,baseline-rules,6135000,30.63,77.72,1007.42,31.09,71.21,1007.36,0,0,RULES,1,1,1,
2026-09-27 02:09:41,baseline-rules,6136000,30.64,77.84,1007.40,31.08,71.04,1007.34,0,0,RULES,1,1,1,
2026-09-27 02:09:42,baseline-rules,6137000,30.63,77.82,1007.48,31.08,71.04,1007.37,0,0,RULES,1,1,1,
2026-09-27 02:09:43,baseline-rules,6138000,30.64,78.04,1007.48,31.08,71.00,1007.39,0,0,RULES,1,1,1,
2026-09-27 02:09:44,baseline-rules,6139000,30.64,77.90,1007.46,31.08,71.08,1007.40,0,0,RULES,1,1,1,
2026-09-27 02:09:45,baseline-rules,6140000,30.63,78.07,1007.44,31.08,71.49,1007.34,0,0,RULES,1,1,1,
2026-09-27 02:09:46,baseline-rules,6141000,30.63,78.03,1007.44,31.08,71.13,1007.34,0,0,RULES,1,1,1,
2026-09-27 02:09:47,baseline-rules,6142000,30.63,78.14,1007.44,31.08,71.13,1007.34,0,0,RULES,1,1,1,
2026-09-27 02:09:48,baseline-rules,6143000,30.64,78.19,1007.46,31.09,71.17,1007.35,0,0,RULES,1,1,1,
2026-09-27 02:09:49,baseline-rules,6144000,30.63,78.43,1007.44,31.08,71.11,1007.40,0,0,RULES,1,1,1,
2026-09-27 02:09:50,baseline-rules,6145000,30.63,78.31,1007.45,31.09,71.25,1007.35,0,0,RULES,1,1,1,
2026-09-27 02:09:51,baseline-rules,6146000,30.63,78.40,1007.41,31.09,71.18,1007.35,0,0,RULES,1,1,1,
2026-09-27 02:09:52,baseline-rules,6147000,30.64,78.52,1007.41,31.09,71.07,1007.36,0,0,RULES,1,1,1,
2026-09-27 02:09:53,baseline-rules,6148000,30.64,78.58,1007.44,31.09,71.28,1007.32,0,0,RULES,1,1,1,
2026-09-27 02:09:54,baseline-rules,6149000,30.64,78.61,1007.46,31.09,71.04,1007.35,0,0,RULES,1,1,1,
2026-09-27 02:09:55,baseline-rules,6150000,30.64,78.60,1007.43,31.09,71.12,1007.29,0,0,RULES,1,1,1,
2026-09-27 02:09:56,baseline-rules,6151000,30.64,78.57,1007.40,31.09,71.08,1007.39,0,0,RULES,1,1,1,
2026-09-27 02:09:57,baseline-rules,6152000,30.64,78.49,1007.43,31.09,71.24,1007.30,0,0,RULES,1,1,1,
2026-09-27 02:09:58,baseline-rules,6153000,30.64,78.79,1007.46,31.08,71.04,1007.31,0,0,RULES,1,1,1,
2026-09-27 02:09:59,baseline-rules,6154000,30.64,78.48,1007.49,31.08,71.49,1007.40,0,0,RULES,1,1,1,
2026-09-27 02:10:00,baseline-rules,6155000,30.63,78.78,1007.45,31.08,70.96,1007.36,0,0,RULES,1,1,1,
2026-09-27 02:10:01,baseline-rules,6156000,30.63,78.55,1007.45,31.09,71.02,1007.38,0,0,RULES,1,1,1,
2026-09-27 02:10:02,baseline-rules,6157000,30.64,78.52,1007.40,31.08,70.99,1007.40,0,0,RULES,1,1,1,
2026-09-27 02:10:03,baseline-rules,6158000,30.65,78.64,1007.53,31.09,71.40,1007.40,0,0,RULES,1,1,1,
2026-09-27 02:10:04,baseline-rules,6159000,30.64,78.72,1007.46,31.09,71.33,1007.38,0,0,RULES,1,1,1,
2026-09-27 02:10:05,baseline-rules,6160000,30.63,78.59,1007.47,31.08,71.03,1007.42,0,0,RULES,1,1,1,
2026-09-27 02:10:06,baseline-rules,6161000,30.64,78.54,1007.40,31.09,71.00,1007.39,0,0,RULES,1,1,1,
2026-09-27 02:10:07,baseline-rules,6162000,30.64,78.34,1007.46,31.09,70.99,1007.40,0,0,RULES,1,1,1,
2026-09-27 02:10:08,baseline-rules,6163000,30.64,78.07,1007.43,31.07,71.00,1007.44,0,0,RULES,1,1,1,
2026-09-27 02:10:09,baseline-rules,6164000,30.62,78.13,1007.43,31.08,70.99,1007.34,0,0,RULES,1,1,1,
2026-09-27 02:10:10,baseline-rules,6165000,30.65,78.06,1007.47,31.08,71.14,1007.29,0,0,RULES,1,1,1,
2026-09-27 02:10:11,baseline-rules,6166000,30.64,78.23,1007.40,31.08,70.96,1007.37,0,0,RULES,1,1,1,
2026-09-27 02:10:12,baseline-rules,6167000,30.62,78.43,1007.43,31.07,71.02,1007.33,0,0,RULES,1,1,1,
2026-09-27 02:10:13,baseline-rules,6168000,30.64,78.29,1007.46,31.07,70.99,1007.35,0,0,RULES,1,1,1,
2026-09-27 02:10:14,baseline-rules,6169000,30.64,77.92,1007.51,31.08,71.05,1007.40,0,0,RULES,1,1,1,
2026-09-27 02:10:15,baseline-rules,6170000,30.63,77.86,1007.45,31.08,71.09,1007.39,0,0,RULES,1,1,1,
2026-09-27 02:10:16,baseline-rules,6171000,30.63,77.63,1007.44,31.08,71.14,1007.36,0,0,RULES,1,1,1,
2026-09-27 02:10:17,baseline-rules,6172000,30.64,77.85,1007.48,31.07,71.17,1007.32,0,0,RULES,1,1,1,
2026-09-27 02:10:18,baseline-rules,6173000,30.63,77.92,1007.45,31.08,71.48,1007.37,0,0,RULES,1,1,1,
2026-09-27 02:10:19,baseline-rules,6174000,30.63,78.05,1007.50,31.08,71.20,1007.42,0,0,RULES,1,1,1,
2026-09-27 02:10:20,baseline-rules,6175000,30.63,77.93,1007.41,31.07,71.08,1007.38,0,0,RULES,1,1,1,
2026-09-27 02:10:21,baseline-rules,6176000,30.63,77.97,1007.42,31.07,71.09,1007.38,0,0,RULES,1,1,1,
2026-09-27 02:10:22,baseline-rules,6177000,30.63,77.97,1007.42,31.08,71.02,1007.29,0,0,RULES,1,1,1,
2026-09-27 02:10:23,baseline-rules,6178000,30.64,77.81,1007.43,31.08,71.30,1007.37,0,0,RULES,1,1,1,
2026-09-27 02:10:24,baseline-rules,6179000,30.63,77.84,1007.42,31.08,71.14,1007.34,0,0,RULES,1,1,1,
2026-09-27 02:10:25,baseline-rules,6180000,30.63,77.93,1007.47,31.08,71.26,1007.29,0,0,RULES,1,1,1,
2026-09-27 02:10:26,baseline-rules,6181000,30.63,78.02,1007.42,31.08,71.29,1007.29,0,0,RULES,1,1,1,
2026-09-27 02:10:27,baseline-rules,6182000,30.63,78.10,1007.38,31.08,71.39,1007.37,0,0,RULES,1,1,1,
2026-09-27 02:10:28,baseline-rules,6183000,30.64,78.32,1007.49,31.08,71.30,1007.29,0,0,RULES,1,1,1,
2026-09-27 02:10:29,baseline-rules,6184000,30.63,78.14,1007.44,31.09,71.17,1007.39,0,0,RULES,1,1,1,
2026-09-27 02:10:30,baseline-rules,6185000,30.63,78.22,1007.39,31.09,70.99,1007.33,0,0,RULES,1,1,1,
2026-09-27 02:10:31,baseline-rules,6186000,30.63,78.12,1007.45,31.08,71.46,1007.40,0,0,RULES,1,1,1,
2026-09-27 02:10:32,baseline-rules,6187000,30.63,78.17,1007.45,31.09,71.07,1007.36,0,0,RULES,1,1,1,
2026-09-27 02:10:33,baseline-rules,6188000,30.63,77.97,1007.42,31.09,71.13,1007.41,0,0,RULES,1,1,1,
2026-09-27 02:10:34,baseline-rules,6189000,30.63,77.92,1007.45,31.09,71.50,1007.35,0,0,RULES,1,1,1,
2026-09-27 02:10:35,baseline-rules,6190000,30.64,78.02,1007.40,31.08,71.39,1007.34,0,0,RULES,1,1,1,
2026-09-27 02:10:36,baseline-rules,6191000,30.64,78.22,1007.41,31.08,71.32,1007.40,0,0,RULES,1,1,1,
2026-09-27 02:10:37,baseline-rules,6192000,30.64,78.09,1007.43,31.09,71.43,1007.38,0,0,RULES,1,1,1,
2026-09-27 02:10:38,baseline-rules,6193000,30.64,78.15,1007.52,31.09,71.52,1007.40,0,0,RULES,1,1,1,
2026-09-27 02:10:39,baseline-rules,6194000,30.64,78.13,1007.46,31.09,71.13,1007.32,0,0,RULES,1,1,1,
2026-09-27 02:10:40,baseline-rules,6195000,30.64,77.93,1007.38,31.09,71.42,1007.36,0,0,RULES,1,1,1,
2026-09-27 02:10:41,baseline-rules,6196000,30.63,78.00,1007.48,31.08,71.08,1007.26,0,0,RULES,1,1,1,
2026-09-27 02:10:42,baseline-rules,6197000,30.64,78.07,1007.44,31.09,71.46,1007.38,0,0,RULES,1,1,1,
2026-09-27 02:10:43,baseline-rules,6198000,30.64,78.14,1007.43,31.10,71.22,1007.37,0,0,RULES,1,1,1,
2026-09-27 02:10:44,baseline-rules,6199000,30.64,78.08,1007.49,31.10,71.50,1007.39,0,0,RULES,1,1,1,
2026-09-27 02:10:45,baseline-rules,6200000,30.64,78.12,1007.48,31.09,71.21,1007.32,0,0,RULES,1,1,1,
2026-09-27 02:10:46,baseline-rules,6201000,30.63,78.12,1007.48,31.09,71.25,1007.36,0,0,RULES,1,1,1,
2026-09-27 02:10:47,baseline-rules,6202000,30.64,78.46,1007.46,31.09,71.04,1007.24,0,0,RULES,1,1,1,
2026-09-27 02:10:48,baseline-rules,6203000,30.64,78.20,1007.46,31.09,71.07,1007.38,0,0,RULES,1,1,1,
2026-09-27 02:10:49,baseline-rules,6204000,30.64,78.16,1007.43,31.10,71.03,1007.34,0,0,RULES,1,1,1,
2026-09-27 02:10:50,baseline-rules,6205000,30.63,78.41,1007.42,31.10,71.02,1007.31,0,0,RULES,1,1,1,
2026-09-27 02:10:51,baseline-rules,6206000,30.64,78.26,1007.46,31.09,71.08,1007.39,0,0,RULES,1,1,1,
2026-09-27 02:10:52,baseline-rules,6207000,30.64,77.95,1007.46,31.09,71.17,1007.38,0,0,RULES,1,1,1,
2026-09-27 02:10:53,baseline-rules,6208000,30.63,77.75,1007.45,31.09,71.08,1007.35,0,0,RULES,1,1,1,
2026-09-27 02:10:54,baseline-rules,6209000,30.64,77.78,1007.46,31.09,70.96,1007.30,0,0,RULES,1,1,1,
2026-09-27 02:10:55,baseline-rules,6210000,30.63,78.14,1007.45,31.09,71.30,1007.35,0,0,RULES,1,1,1,
2026-09-27 02:10:56,baseline-rules,6211000,30.64,77.95,1007.46,31.10,71.18,1007.40,0,0,RULES,1,1,1,
2026-09-27 02:10:57,baseline-rules,6212000,30.64,77.93,1007.48,31.10,71.42,1007.35,0,0,RULES,1,1,1,
2026-09-27 02:10:58,baseline-rules,6213000,30.64,78.11,1007.46,31.10,71.11,1007.37,0,0,RULES,1,1,1,
2026-09-27 02:10:59,baseline-rules,6214000,30.63,78.03,1007.39,31.10,70.87,1007.39,0,0,RULES,1,1,1,
2026-09-27 02:11:00,baseline-rules,6215000,30.64,78.06,1007.37,31.10,71.36,1007.37,0,0,RULES,1,1,1,
2026-09-27 02:11:01,baseline-rules,6216000,30.62,77.81,1007.43,31.10,71.21,1007.39,0,0,RULES,1,1,1,
2026-09-27 02:11:02,baseline-rules,6217000,30.64,77.73,1007.40,31.10,71.07,1007.31,0,0,RULES,1,1,1,
2026-09-27 02:11:03,baseline-rules,6218000,30.64,77.80,1007.51,31.10,70.98,1007.32,0,0,RULES,1,1,1,
2026-09-27 02:11:04,baseline-rules,6219000,30.64,77.87,1007.44,31.10,71.09,1007.35,0,0,RULES,1,1,1,
2026-09-27 02:11:05,baseline-rules,6220000,30.64,77.97,1007.43,31.10,71.13,1007.40,0,0,RULES,1,1,1,
2026-09-27 02:11:06,baseline-rules,6221000,30.64,78.00,1007.48,31.11,71.00,1007.36,0,0,RULES,1,1,1,
2026-09-27 02:11:07,baseline-rules,6222000,30.64,78.27,1007.41,31.10,71.02,1007.32,0,0,RULES,1,1,1,
2026-09-27 02:11:08,baseline-rules,6223000,30.63,78.09,1007.36,31.10,71.38,1007.32,0,0,RULES,1,1,1,
2026-09-27 02:11:09,baseline-rules,6224000,30.64,78.26,1007.44,31.10,71.19,1007.35,0,0,RULES,1,1,1,
2026-09-27 02:11:10,baseline-rules,6225000,30.63,78.08,1007.48,31.10,71.33,1007.34,0,0,RULES,1,1,1,
2026-09-27 02:11:11,baseline-rules,6226000,30.64,78.06,1007.49,31.11,71.27,1007.38,0,0,RULES,1,1,1,
2026-09-27 02:11:12,baseline-rules,6227000,30.63,78.09,1007.45,31.11,71.44,1007.33,0,0,RULES,1,1,1,
2026-09-27 02:11:13,baseline-rules,6228000,30.64,78.08,1007.44,31.10,71.45,1007.37,0,0,RULES,1,1,1,
2026-09-27 02:11:14,baseline-rules,6229000,30.64,78.08,1007.40,31.12,71.45,1007.34,0,0,RULES,1,1,1,
2026-09-27 02:11:15,baseline-rules,6230000,30.64,78.11,1007.44,31.11,71.20,1007.38,0,0,RULES,1,1,1,
2026-09-27 02:11:16,baseline-rules,6231000,30.64,78.09,1007.46,31.11,71.05,1007.39,0,0,RULES,1,1,1,
2026-09-27 02:11:17,baseline-rules,6232000,30.64,78.16,1007.46,31.10,71.38,1007.37,0,0,RULES,1,1,1,
2026-09-27 02:11:18,baseline-rules,6233000,30.64,78.47,1007.46,31.11,71.00,1007.33,0,0,RULES,1,1,1,
2026-09-27 02:11:19,baseline-rules,6234000,30.64,78.13,1007.41,31.11,71.09,1007.39,0,0,RULES,1,1,1,
2026-09-27 02:11:20,baseline-rules,6235000,30.64,78.27,1007.46,31.12,71.19,1007.37,0,0,RULES,1,1,1,
2026-09-27 02:11:21,baseline-rules,6236000,30.64,78.11,1007.48,31.11,71.01,1007.39,0,0,RULES,1,1,1,
2026-09-27 02:11:22,baseline-rules,6237000,30.64,78.15,1007.48,31.11,71.30,1007.31,0,0,RULES,1,1,1,
2026-09-27 02:11:23,baseline-rules,6238000,30.64,78.08,1007.41,31.11,71.11,1007.38,0,0,RULES,1,1,1,
2026-09-27 02:11:24,baseline-rules,6239000,30.64,78.24,1007.46,31.11,71.28,1007.33,0,0,RULES,1,1,1,
2026-09-27 02:11:25,baseline-rules,6240000,30.64,77.68,1007.44,31.12,71.22,1007.40,0,0,RULES,1,1,1,
2026-09-27 02:11:26,baseline-rules,6241000,30.64,78.02,1007.46,31.11,71.25,1007.38,0,0,RULES,1,1,1,
2026-09-27 02:11:27,baseline-rules,6242000,30.64,77.52,1007.46,31.10,71.08,1007.40,0,0,RULES,1,1,1,
2026-09-27 02:11:28,baseline-rules,6243000,30.63,77.37,1007.36,31.11,70.93,1007.33,0,0,RULES,1,1,1,
2026-09-27 02:11:29,baseline-rules,6244000,30.63,77.23,1007.45,31.11,71.04,1007.41,0,0,RULES,1,1,1,
2026-09-27 02:11:30,baseline-rules,6245000,30.64,77.08,1007.46,31.11,70.95,1007.38,0,0,RULES,1,1,1,
2026-09-27 02:11:31,baseline-rules,6246000,30.63,77.06,1007.48,31.10,71.20,1007.40,0,0,RULES,1,1,1,
2026-09-27 02:11:32,baseline-rules,6247000,30.63,77.08,1007.42,31.10,71.03,1007.35,0,0,RULES,1,1,1,
2026-09-27 02:11:33,baseline-rules,6248000,30.64,77.29,1007.46,31.10,71.30,1007.37,0,0,RULES,1,1,1,
2026-09-27 02:11:34,baseline-rules,6249000,30.63,77.26,1007.45,31.10,71.26,1007.32,0,0,RULES,1,1,1,
2026-09-27 02:11:35,baseline-rules,6250000,30.63,77.23,1007.48,31.11,71.23,1007.38,0,0,RULES,1,1,1,
2026-09-27 02:11:36,baseline-rules,6251000,30.64,77.29,1007.48,31.10,71.06,1007.43,0,0,RULES,1,1,1,
2026-09-27 02:11:37,baseline-rules,6252000,30.64,77.17,1007.37,31.10,71.02,1007.37,0,0,RULES,1,1,1,
2026-09-27 02:11:38,baseline-rules,6253000,30.63,77.29,1007.41,31.10,71.35,1007.37,0,0,RULES,1,1,1,
2026-09-27 02:11:39,baseline-rules,6254000,30.64,77.34,1007.51,31.10,71.03,1007.37,0,0,RULES,1,1,1,
2026-09-27 02:11:40,baseline-rules,6255000,30.64,77.56,1007.48,31.10,71.00,1007.31,0,0,RULES,1,1,1,
2026-09-27 02:11:41,baseline-rules,6256000,30.64,77.81,1007.43,31.10,70.87,1007.40,0,0,RULES,1,1,1,
2026-09-27 02:11:42,baseline-rules,6257000,30.63,77.38,1007.47,31.10,71.08,1007.37,0,0,RULES,1,1,1,
2026-09-27 02:11:43,baseline-rules,6258000,30.63,77.73,1007.45,31.10,70.96,1007.40,0,0,RULES,1,1,1,
2026-09-27 02:11:44,baseline-rules,6259000,30.64,77.71,1007.40,31.10,71.11,1007.37,0,0,RULES,1,1,1,
2026-09-27 02:11:45,baseline-rules,6260000,30.64,77.78,1007.43,31.10,71.05,1007.40,0,0,RULES,1,1,1,
2026-09-27 02:11:46,baseline-rules,6261000,30.63,77.64,1007.42,31.10,71.02,1007.42,0,0,RULES,1,1,1,
2026-09-27 02:11:47,baseline-rules,6262000,30.64,77.27,1007.46,31.10,71.04,1007.37,0,0,RULES,1,1,1,
2026-09-27 02:11:48,baseline-rules,6263000,30.63,77.43,1007.45,31.10,71.46,1007.37,0,0,RULES,1,1,1,
2026-09-27 02:11:49,baseline-rules,6264000,30.64,77.35,1007.49,31.10,71.02,1007.40,0,0,RULES,1,1,1,
2026-09-27 02:11:50,baseline-rules,6265000,30.65,77.30,1007.44,31.10,70.97,1007.34,0,0,RULES,1,1,1,
2026-09-27 02:11:51,baseline-rules,6266000,30.64,77.45,1007.46,31.10,71.08,1007.37,0,0,RULES,1,1,1,
2026-09-27 02:11:52,baseline-rules,6267000,30.64,77.47,1007.40,31.11,71.05,1007.33,0,0,RULES,1,1,1,
2026-09-27 02:11:53,baseline-rules,6268000,30.64,77.86,1007.46,31.10,70.97,1007.29,0,0,RULES,1,1,1,
2026-09-27 02:11:54,baseline-rules,6269000,30.64,77.66,1007.46,31.10,71.00,1007.31,0,0,RULES,1,1,1,
2026-09-27 02:11:55,baseline-rules,6270000,30.64,77.60,1007.40,31.10,71.13,1007.37,0,0,RULES,1,1,1,
2026-09-27 02:11:56,baseline-rules,6271000,30.64,77.62,1007.49,31.10,70.95,1007.40,0,0,RULES,1,1,1,
2026-09-27 02:11:57,baseline-rules,6272000,30.64,77.91,1007.51,31.09,71.00,1007.33,0,0,RULES,1,1,1,
2026-09-27 02:11:58,baseline-rules,6273000,30.65,77.73,1007.47,31.10,71.08,1007.37,0,0,RULES,1,1,1,
2026-09-27 02:11:59,baseline-rules,6274000,30.65,77.89,1007.47,31.11,71.04,1007.41,0,0,RULES,1,1,1,
2026-09-27 02:12:00,baseline-rules,6275000,30.63,77.74,1007.41,31.10,71.12,1007.37,0,0,RULES,1,1,1,
2026-09-27 02:12:01,baseline-rules,6276000,30.65,78.10,1007.47,31.10,71.46,1007.35,0,0,RULES,1,1,1,
2026-09-27 02:12:02,baseline-rules,6277000,30.64,77.81,1007.46,31.10,71.27,1007.32,0,0,RULES,1,1,1,
2026-09-27 02:12:03,baseline-rules,6278000,30.65,77.62,1007.44,31.10,71.22,1007.37,0,0,RULES,1,1,1,
2026-09-27 02:12:04,baseline-rules,6279000,30.64,77.34,1007.41,31.10,71.05,1007.37,0,0,RULES,1,1,1,
2026-09-27 02:12:05,baseline-rules,6280000,30.64,77.38,1007.43,31.10,71.29,1007.31,0,0,RULES,1,1,1,
2026-09-27 02:12:06,baseline-rules,6281000,30.64,77.66,1007.46,31.10,70.97,1007.34,0,0,RULES,1,1,1,
2026-09-27 02:12:07,baseline-rules,6282000,30.63,77.52,1007.45,31.10,71.06,1007.37,0,0,RULES,1,1,1,
2026-09-27 02:12:08,baseline-rules,6283000,30.63,77.30,1007.48,31.09,70.99,1007.30,0,0,RULES,1,1,1,
2026-09-27 02:12:09,baseline-rules,6284000,30.64,77.50,1007.41,31.10,71.03,1007.37,0,0,RULES,1,1,1,
2026-09-27 02:12:10,baseline-rules,6285000,30.64,77.65,1007.46,31.09,71.09,1007.39,0,0,RULES,1,1,1,
2026-09-27 02:12:11,baseline-rules,6286000,30.65,77.53,1007.45,31.10,71.11,1007.43,0,0,RULES,1,1,1,
2026-09-27 02:12:12,baseline-rules,6287000,30.66,77.78,1007.46,31.10,71.02,1007.37,0,0,RULES,1,1,1,
2026-09-27 02:12:13,baseline-rules,6288000,30.65,77.51,1007.44,31.09,71.11,1007.39,0,0,RULES,1,1,1,
2026-09-27 02:12:14,baseline-rules,6289000,30.64,77.90,1007.46,31.10,71.11,1007.37,0,0,RULES,1,1,1,
2026-09-27 02:12:15,baseline-rules,6290000,30.64,77.73,1007.37,31.10,71.02,1007.39,0,0,RULES,1,1,1,
2026-09-27 02:12:16,baseline-rules,6291000,30.65,77.64,1007.42,31.10,71.05,1007.37,0,0,RULES,1,1,1,
2026-09-27 02:12:17,baseline-rules,6292000,30.64,77.58,1007.46,31.11,71.03,1007.41,0,0,RULES,1,1,1,
2026-09-27 02:12:18,baseline-rules,6293000,30.64,77.34,1007.58,31.10,71.12,1007.40,0,0,RULES,1,1,1,
2026-09-27 02:12:19,baseline-rules,6294000,30.64,77.23,1007.41,31.10,71.42,1007.40,0,0,RULES,1,1,1,
2026-09-27 02:12:20,baseline-rules,6295000,30.63,77.24,1007.42,31.10,71.04,1007.37,0,0,RULES,1,1,1,
2026-09-27 02:12:21,baseline-rules,6296000,30.65,77.27,1007.51,31.10,71.33,1007.29,0,0,RULES,1,1,1,
2026-09-27 02:12:22,baseline-rules,6297000,30.64,77.58,1007.52,31.11,71.46,1007.35,0,0,RULES,1,1,1,
2026-09-27 02:12:23,baseline-rules,6298000,30.65,77.37,1007.47,31.09,71.48,1007.33,0,0,RULES,1,1,1,
2026-09-27 02:12:24,baseline-rules,6299000,30.64,77.47,1007.46,31.09,71.28,1007.36,0,0,RULES,1,1,1,
2026-09-27 02:12:25,baseline-rules,6300000,30.64,77.58,1007.46,31.11,71.40,1007.38,0,0,RULES,1,1,1,
2026-09-27 02:12:26,baseline-rules,6301000,30.65,77.67,1007.53,31.10,71.45,1007.37,0,0,RULES,1,1,1,
2026-09-27 02:12:27,baseline-rules,6302000,30.64,78.05,1007.46,31.11,71.48,1007.38,0,0,RULES,1,1,1,
2026-09-27 02:12:28,baseline-rules,6303000,30.64,77.39,1007.43,31.10,71.47,1007.43,0,0,RULES,1,1,1,
2026-09-27 02:12:29,baseline-rules,6304000,30.64,77.33,1007.44,31.10,71.37,1007.35,0,0,RULES,1,1,1,
2026-09-27 02:12:30,baseline-rules,6305000,30.64,77.10,1007.43,31.09,71.34,1007.36,0,0,RULES,1,1,1,
2026-09-27 02:12:31,baseline-rules,6306000,30.63,77.19,1007.45,31.10,71.31,1007.37,0,0,RULES,1,1,1,
2026-09-27 02:12:32,baseline-rules,6307000,30.64,77.08,1007.48,31.10,71.55,1007.39,0,0,RULES,1,1,1,
2026-09-27 02:12:33,baseline-rules,6308000,30.65,77.05,1007.44,31.08,71.43,1007.42,0,0,RULES,1,1,1,
2026-09-27 02:12:34,baseline-rules,6309000,30.64,77.16,1007.46,31.09,71.06,1007.35,0,0,RULES,1,1,1,
2026-09-27 02:12:35,baseline-rules,6310000,30.64,77.30,1007.46,31.09,71.02,1007.41,0,0,RULES,1,1,1,
2026-09-27 02:12:36,baseline-rules,6311000,30.64,77.43,1007.49,31.08,71.16,1007.37,0,0,RULES,1,1,1,
2026-09-27 02:12:37,baseline-rules,6312000,30.65,77.47,1007.50,31.10,71.02,1007.37,0,0,RULES,1,1,1,
2026-09-27 02:12:38,baseline-rules,6313000,30.64,77.58,1007.46,31.09,71.12,1007.41,0,0,RULES,1,1,1,
2026-09-27 02:12:39,baseline-rules,6314000,30.65,77.51,1007.48,31.10,71.20,1007.42,0,0,RULES,1,1,1,
2026-09-27 02:12:40,baseline-rules,6315000,30.65,77.65,1007.44,31.10,71.19,1007.37,0,0,RULES,1,1,1,
2026-09-27 02:12:41,baseline-rules,6316000,30.64,77.49,1007.49,31.09,71.28,1007.39,0,0,RULES,1,1,1,
2026-09-27 02:12:42,baseline-rules,6317000,30.65,77.68,1007.44,31.10,71.04,1007.42,0,0,RULES,1,1,1,
2026-09-27 02:12:43,baseline-rules,6318000,30.64,77.59,1007.41,31.10,71.03,1007.37,0,0,RULES,1,1,1,
2026-09-27 02:12:44,baseline-rules,6319000,30.65,77.46,1007.53,31.09,71.05,1007.39,0,0,RULES,1,1,1,
2026-09-27 02:12:45,baseline-rules,6320000,30.65,77.72,1007.50,31.10,71.02,1007.34,0,0,RULES,1,1,1,
2026-09-27 02:12:46,baseline-rules,6321000,30.64,77.46,1007.44,31.09,71.25,1007.30,0,0,RULES,1,1,1,
2026-09-27 02:12:47,baseline-rules,6322000,30.64,77.64,1007.46,31.10,71.15,1007.40,0,0,RULES,1,1,1,
2026-09-27 02:12:48,baseline-rules,6323000,30.65,77.59,1007.42,31.11,71.52,1007.41,0,0,RULES,1,1,1,
2026-09-27 02:12:49,baseline-rules,6324000,30.65,77.54,1007.47,31.10,71.02,1007.37,0,0,RULES,1,1,1,
2026-09-27 02:12:50,baseline-rules,6325000,30.64,77.58,1007.46,31.10,71.05,1007.31,0,0,RULES,1,1,1,
2026-09-27 02:12:51,baseline-rules,6326000,30.64,77.57,1007.41,31.09,71.20,1007.36,0,0,RULES,1,1,1,
2026-09-27 02:12:52,baseline-rules,6327000,30.65,77.50,1007.44,31.10,71.50,1007.37,0,0,RULES,1,1,1,
2026-09-27 02:12:53,baseline-rules,6328000,30.64,77.78,1007.44,31.10,71.31,1007.37,0,0,RULES,1,1,1,
2026-09-27 02:12:54,baseline-rules,6329000,30.64,77.78,1007.46,31.11,71.20,1007.31,0,0,RULES,1,1,1,
2026-09-27 02:12:55,baseline-rules,6330000,30.64,77.72,1007.41,31.11,71.22,1007.33,0,0,RULES,1,1,1,
2026-09-27 02:12:56,baseline-rules,6331000,30.65,77.41,1007.44,31.10,71.41,1007.37,0,0,RULES,1,1,1,
2026-09-27 02:12:57,baseline-rules,6332000,30.64,77.40,1007.48,31.11,71.09,1007.36,0,0,RULES,1,1,1,
2026-09-27 02:12:58,baseline-rules,6333000,30.64,77.33,1007.41,31.10,71.04,1007.40,0,0,RULES,1,1,1,
2026-09-27 02:12:59,baseline-rules,6334000,30.65,77.57,1007.47,31.12,71.26,1007.40,0,0,RULES,1,1,1,
2026-09-27 02:13:00,baseline-rules,6335000,30.64,77.61,1007.46,31.11,71.18,1007.38,0,0,RULES,1,1,1,
2026-09-27 02:13:01,baseline-rules,6336000,30.64,77.38,1007.43,31.11,71.12,1007.41,0,0,RULES,1,1,1,
2026-09-27 02:13:02,baseline-rules,6337000,30.65,77.68,1007.45,31.11,71.14,1007.39,0,0,RULES,1,1,1,
2026-09-27 02:13:03,baseline-rules,6338000,30.64,77.29,1007.40,31.11,70.95,1007.39,0,0,RULES,1,1,1,
2026-09-27 02:13:04,baseline-rules,6339000,30.65,77.65,1007.50,31.11,71.16,1007.36,0,0,RULES,1,1,1,
2026-09-27 02:13:05,baseline-rules,6340000,30.65,77.53,1007.44,31.12,71.22,1007.41,0,0,RULES,1,1,1,
2026-09-27 02:13:06,baseline-rules,6341000,30.64,77.73,1007.43,31.11,71.07,1007.39,0,0,RULES,1,1,1,
2026-09-27 02:13:07,baseline-rules,6342000,30.64,77.55,1007.49,31.12,71.09,1007.43,0,0,RULES,1,1,1,
2026-09-27 02:13:08,baseline-rules,6343000,30.65,77.43,1007.44,31.12,71.29,1007.34,0,0,RULES,1,1,1,
2026-09-27 02:13:09,baseline-rules,6344000,30.64,77.20,1007.49,31.12,71.46,1007.40,0,0,RULES,1,1,1,
2026-09-27 02:13:10,baseline-rules,6345000,30.65,77.41,1007.42,31.12,71.15,1007.41,0,0,RULES,1,1,1,
2026-09-27 02:13:11,baseline-rules,6346000,30.64,77.46,1007.44,31.11,71.14,1007.41,0,0,RULES,1,1,1,
2026-09-27 02:13:12,baseline-rules,6347000,30.65,77.24,1007.50,31.11,70.92,1007.39,0,0,RULES,1,1,1,
2026-09-27 02:13:13,baseline-rules,6348000,30.64,77.08,1007.46,31.11,71.19,1007.39,0,0,RULES,1,1,1,
2026-09-27 02:13:14,baseline-rules,6349000,30.65,76.92,1007.47,31.12,71.02,1007.42,0,0,RULES,1,1,1,
2026-09-27 02:13:15,baseline-rules,6350000,30.65,76.62,1007.42,31.11,71.27,1007.39,0,0,RULES,1,1,1,
2026-09-27 02:13:16,baseline-rules,6351000,30.65,76.77,1007.47,31.11,71.26,1007.38,0,0,RULES,1,1,1,
2026-09-27 02:13:17,baseline-rules,6352000,30.64,77.11,1007.46,31.11,71.01,1007.33,0,0,RULES,1,1,1,
2026-09-27 02:13:18,baseline-rules,6353000,30.63,77.25,1007.50,31.10,71.06,1007.35,0,0,RULES,1,1,1,
2026-09-27 02:13:19,baseline-rules,6354000,30.65,77.20,1007.47,31.11,71.19,1007.33,0,0,RULES,1,1,1,
2026-09-27 02:13:20,baseline-rules,6355000,30.65,77.43,1007.48,31.10,71.31,1007.43,0,0,RULES,1,1,1,
2026-09-27 02:13:21,baseline-rules,6356000,30.65,77.53,1007.50,31.11,71.34,1007.41,0,0,RULES,1,1,1,
2026-09-27 02:13:22,baseline-rules,6357000,30.65,77.16,1007.50,31.10,71.42,1007.35,0,0,RULES,1,1,1,
2026-09-27 02:13:23,baseline-rules,6358000,30.64,77.05,1007.46,31.10,71.00,1007.35,0,0,RULES,1,1,1,
2026-09-27 02:13:24,baseline-rules,6359000,30.66,77.09,1007.49,31.10,71.14,1007.34,0,0,RULES,1,1,1,
2026-09-27 02:13:25,baseline-rules,6360000,30.65,77.10,1007.40,31.10,71.07,1007.34,0,0,RULES,1,1,1,
2026-09-27 02:13:26,baseline-rules,6361000,30.64,77.07,1007.40,31.09,71.18,1007.36,0,0,RULES,1,1,1,
2026-09-27 02:13:27,baseline-rules,6362000,30.65,77.32,1007.42,31.11,71.10,1007.38,0,0,RULES,1,1,1,
2026-09-27 02:13:28,baseline-rules,6363000,30.65,77.14,1007.39,31.11,71.54,1007.33,0,0,RULES,1,1,1,
2026-09-27 02:13:29,baseline-rules,6364000,30.64,77.20,1007.43,31.10,71.41,1007.42,0,0,RULES,1,1,1,
2026-09-27 02:13:30,baseline-rules,6365000,30.65,77.33,1007.50,31.10,71.28,1007.37,0,0,RULES,1,1,1,
2026-09-27 02:13:31,baseline-rules,6366000,30.65,77.14,1007.50,31.10,71.43,1007.37,0,0,RULES,1,1,1,
2026-09-27 02:13:32,baseline-rules,6367000,30.65,77.11,1007.44,31.11,71.47,1007.41,0,0,RULES,1,1,1,
2026-09-27 02:13:33,baseline-rules,6368000,30.65,77.30,1007.44,31.10,71.06,1007.37,0,0,RULES,1,1,1,
2026-09-27 02:13:34,baseline-rules,6369000,30.65,77.27,1007.47,31.10,71.48,1007.37,0,0,RULES,1,1,1,
2026-09-27 02:13:35,baseline-rules,6370000,30.65,77.23,1007.47,31.10,71.18,1007.40,0,0,RULES,1,1,1,
2026-09-27 02:13:36,baseline-rules,6371000,30.65,77.21,1007.48,31.11,71.02,1007.33,0,0,RULES,1,1,1,
2026-09-27 02:13:37,baseline-rules,6372000,30.65,77.21,1007.50,31.11,71.21,1007.31,0,0,RULES,1,1,1,
2026-09-27 02:13:38,baseline-rules,6373000,30.65,77.23,1007.42,31.11,71.02,1007.35,0,0,RULES,1,1,1,
2026-09-27 02:13:39,baseline-rules,6374000,30.65,77.23,1007.48,31.11,71.46,1007.41,0,0,RULES,1,1,1,
2026-09-27 02:13:40,baseline-rules,6375000,30.65,77.19,1007.47,31.11,71.10,1007.41,0,0,RULES,1,1,1,
2026-09-27 02:13:41,baseline-rules,6376000,30.64,77.00,1007.49,31.10,71.08,1007.37,0,0,RULES,1,1,1,
2026-09-27 02:13:42,baseline-rules,6377000,30.64,76.91,1007.46,31.11,71.05,1007.33,0,0,RULES,1,1,1,
2026-09-27 02:13:43,baseline-rules,6378000,30.64,76.93,1007.43,31.11,71.11,1007.39,0,0,RULES,1,1,1,
2026-09-27 02:13:44,baseline-rules,6379000,30.64,76.83,1007.43,31.11,70.94,1007.39,0,0,RULES,1,1,1,
2026-09-27 02:13:45,baseline-rules,6380000,30.64,76.71,1007.46,31.11,71.19,1007.39,0,0,RULES,1,1,1,
2026-09-27 02:13:46,baseline-rules,6381000,30.65,76.71,1007.50,31.12,71.09,1007.37,0,0,RULES,1,1,1,
2026-09-27 02:13:47,baseline-rules,6382000,30.66,76.88,1007.43,31.12,70.99,1007.40,0,0,RULES,1,1,1,
2026-09-27 02:13:48,baseline-rules,6383000,30.65,76.62,1007.42,31.12,70.99,1007.35,0,0,RULES,1,1,1,
2026-09-27 02:13:49,baseline-rules,6384000,30.65,76.54,1007.47,31.13,70.99,1007.39,0,0,RULES,1,1,1,
2026-09-27 02:13:50,baseline-rules,6385000,30.65,76.59,1007.42,31.12,70.91,1007.41,0,0,RULES,1,1,1,
2026-09-27 02:13:51,baseline-rules,6386000,30.64,76.33,1007.44,31.12,70.96,1007.37,0,0,RULES,1,1,1,
2026-09-27 02:13:52,baseline-rules,6387000,30.64,76.43,1007.44,31.12,70.88,1007.40,0,0,RULES,1,1,1,
2026-09-27 02:13:53,baseline-rules,6388000,30.65,76.32,1007.50,31.12,71.44,1007.34,0,0,RULES,1,1,1,
2026-09-27 02:13:54,baseline-rules,6389000,30.64,76.47,1007.40,31.12,71.02,1007.38,0,0,RULES,1,1,1,
2026-09-27 02:13:55,baseline-rules,6390000,30.64,76.49,1007.46,31.12,71.35,1007.35,0,0,RULES,1,1,1,
2026-09-27 02:13:56,baseline-rules,6391000,30.65,76.55,1007.48,31.13,71.19,1007.41,0,0,RULES,1,1,1,
2026-09-27 02:13:57,baseline-rules,6392000,30.64,76.62,1007.46,31.12,71.50,1007.29,0,0,RULES,1,1,1,
2026-09-27 02:13:58,baseline-rules,6393000,30.65,76.94,1007.53,31.12,71.20,1007.35,0,0,RULES,1,1,1,
2026-09-27 02:13:59,baseline-rules,6394000,30.64,76.86,1007.46,31.12,71.28,1007.35,0,0,RULES,1,1,1,
2026-09-27 02:14:00,baseline-rules,6395000,30.64,76.90,1007.46,31.12,71.25,1007.41,0,0,RULES,1,1,1,
2026-09-27 02:14:01,baseline-rules,6396000,30.65,76.91,1007.47,31.13,71.38,1007.39,0,0,RULES,1,1,1,
2026-09-27 02:14:02,baseline-rules,6397000,30.64,76.97,1007.44,31.12,71.44,1007.35,0,0,RULES,1,1,1,
2026-09-27 02:14:03,baseline-rules,6398000,30.65,76.93,1007.44,31.13,71.35,1007.36,0,0,RULES,1,1,1,
2026-09-27 02:14:04,baseline-rules,6399000,30.65,76.86,1007.53,31.12,71.42,1007.35,0,0,RULES,1,1,1,
2026-09-27 02:14:05,baseline-rules,6400000,30.66,76.78,1007.52,31.13,71.25,1007.41,0,0,RULES,1,1,1,
2026-09-27 02:14:06,baseline-rules,6401000,30.65,76.76,1007.48,31.12,71.13,1007.34,0,0,RULES,1,1,1,
2026-09-27 02:14:07,baseline-rules,6402000,30.65,76.72,1007.42,31.12,71.36,1007.35,0,0,RULES,1,1,1,
2026-09-27 02:14:08,baseline-rules,6403000,30.65,76.65,1007.48,31.11,71.11,1007.33,0,0,RULES,1,1,1,
2026-09-27 02:14:09,baseline-rules,6404000,30.65,76.90,1007.51,31.12,71.18,1007.40,0,0,RULES,1,1,1,
2026-09-27 02:14:10,baseline-rules,6405000,30.65,76.66,1007.50,31.12,71.12,1007.41,0,0,RULES,1,1,1,
2026-09-27 02:14:11,baseline-rules,6406000,30.64,76.77,1007.44,31.12,71.38,1007.31,0,0,RULES,1,1,1,
2026-09-27 02:14:12,baseline-rules,6407000,30.65,77.02,1007.48,31.11,71.40,1007.39,0,0,RULES,1,1,1,
2026-09-27 02:14:13,baseline-rules,6408000,30.65,76.76,1007.42,31.12,71.38,1007.34,0,0,RULES,1,1,1,
2026-09-27 02:14:14,baseline-rules,6409000,30.66,77.12,1007.43,31.11,71.38,1007.42,0,0,RULES,1,1,1,
2026-09-27 02:14:15,baseline-rules,6410000,30.65,77.05,1007.47,31.12,71.42,1007.29,0,0,RULES,1,1,1,
2026-09-27 02:14:16,baseline-rules,6411000,30.65,77.07,1007.47,31.12,71.42,1007.40,0,0,RULES,1,1,1,
2026-09-27 02:14:17,baseline-rules,6412000,30.65,76.88,1007.44,31.12,71.41,1007.32,0,0,RULES,1,1,1,
2026-09-27 02:14:18,baseline-rules,6413000,30.65,76.63,1007.48,31.12,71.43,1007.35,0,0,RULES,1,1,1,
2026-09-27 02:14:19,baseline-rules,6414000,30.65,76.47,1007.48,31.13,71.03,1007.39,0,0,RULES,1,1,1,
2026-09-27 02:14:20,baseline-rules,6415000,30.65,76.47,1007.47,31.12,71.20,1007.34,0,0,RULES,1,1,1,
2026-09-27 02:14:21,baseline-rules,6416000,30.65,76.62,1007.45,31.12,71.03,1007.35,0,0,RULES,1,1,1,
2026-09-27 02:14:22,baseline-rules,6417000,30.65,76.47,1007.47,31.12,71.29,1007.35,0,0,RULES,1,1,1,
2026-09-27 02:14:23,baseline-rules,6418000,30.65,76.75,1007.54,31.12,71.20,1007.37,0,0,RULES,1,1,1,
2026-09-27 02:14:24,baseline-rules,6419000,30.65,76.58,1007.45,31.12,70.97,1007.37,0,0,RULES,1,1,1,
2026-09-27 02:14:25,baseline-rules,6420000,30.65,76.71,1007.44,31.11,71.37,1007.36,0,0,RULES,1,1,1,
2026-09-27 02:14:26,baseline-rules,6421000,30.65,76.48,1007.47,31.11,71.44,1007.42,0,0,RULES,1,1,1,
2026-09-27 02:14:27,baseline-rules,6422000,30.64,76.55,1007.40,31.12,71.20,1007.34,0,0,RULES,1,1,1,
2026-09-27 02:14:28,baseline-rules,6423000,30.66,76.50,1007.43,31.12,71.03,1007.41,0,0,RULES,1,1,1,
2026-09-27 02:14:29,baseline-rules,6424000,30.65,76.52,1007.42,31.12,71.03,1007.34,0,0,RULES,1,1,1,
2026-09-27 02:14:30,baseline-rules,6425000,30.65,76.60,1007.47,31.11,71.38,1007.44,0,0,RULES,1,1,1,
2026-09-27 02:14:31,baseline-rules,6426000,30.65,76.65,1007.42,31.11,71.50,1007.44,0,0,RULES,1,1,1,
2026-09-27 02:14:32,baseline-rules,6427000,30.65,76.82,1007.48,31.12,71.09,1007.40,0,0,RULES,1,1,1,
2026-09-27 02:14:33,baseline-rules,6428000,30.65,76.72,1007.44,31.11,71.10,1007.36,0,0,RULES,1,1,1,
2026-09-27 02:14:34,baseline-rules,6429000,30.65,76.72,1007.48,31.12,70.94,1007.40,0,0,RULES,1,1,1,
2026-09-27 02:14:35,baseline-rules,6430000,30.65,76.80,1007.47,31.12,71.07,1007.40,0,0,RULES,1,1,1,
2026-09-27 02:14:36,baseline-rules,6431000,30.65,76.78,1007.45,31.13,71.19,1007.39,0,0,RULES,1,1,1,
2026-09-27 02:14:37,baseline-rules,6432000,30.65,76.90,1007.42,31.12,70.85,1007.34,0,0,RULES,1,1,1,
2026-09-27 02:14:38,baseline-rules,6433000,30.66,76.98,1007.43,31.11,71.19,1007.36,0,0,RULES,1,1,1,
2026-09-27 02:14:39,baseline-rules,6434000,30.65,76.83,1007.44,31.11,70.90,1007.39,0,0,RULES,1,1,1,
2026-09-27 02:14:40,baseline-rules,6435000,30.65,76.77,1007.47,31.12,71.13,1007.41,0,0,RULES,1,1,1,
2026-09-27 02:14:41,baseline-rules,6436000,30.66,76.83,1007.47,31.12,71.14,1007.31,0,0,RULES,1,1,1,
2026-09-27 02:14:42,baseline-rules,6437000,30.65,76.59,1007.44,31.12,71.10,1007.42,0,0,RULES,1,1,1,
2026-09-27 02:14:43,baseline-rules,6438000,30.66,76.62,1007.44,31.13,71.16,1007.33,0,0,RULES,1,1,1,
2026-09-27 02:14:44,baseline-rules,6439000,30.65,76.46,1007.44,31.12,70.93,1007.43,0,0,RULES,1,1,1,
2026-09-27 02:14:45,baseline-rules,6440000,30.65,76.62,1007.42,31.12,71.21,1007.40,0,0,RULES,1,1,1,
2026-09-27 02:14:46,baseline-rules,6441000,30.65,76.80,1007.51,31.11,71.08,1007.39,0,0,RULES,1,1,1,
2026-09-27 02:14:47,baseline-rules,6442000,30.66,76.79,1007.46,31.12,71.18,1007.37,0,0,RULES,1,1,1,
2026-09-27 02:14:48,baseline-rules,6443000,30.66,77.20,1007.46,31.11,71.37,1007.39,0,0,RULES,1,1,1,
2026-09-27 02:14:49,baseline-rules,6444000,30.66,76.99,1007.44,31.11,71.18,1007.36,0,0,RULES,1,1,1,
2026-09-27 02:14:50,baseline-rules,6445000,30.66,77.12,1007.41,31.11,71.36,1007.33,0,0,RULES,1,1,1,
2026-09-27 02:14:51,baseline-rules,6446000,30.66,77.11,1007.50,31.11,70.95,1007.28,0,0,RULES,1,1,1,
2026-09-27 02:14:52,baseline-rules,6447000,30.65,77.01,1007.42,31.11,71.07,1007.33,0,0,RULES,1,1,1,
2026-09-27 02:14:53,baseline-rules,6448000,30.65,77.15,1007.51,31.11,71.05,1007.42,0,0,RULES,1,1,1,
2026-09-27 02:14:54,baseline-rules,6449000,30.67,77.07,1007.51,31.11,71.02,1007.39,0,0,RULES,1,1,1,
2026-09-27 02:14:55,baseline-rules,6450000,30.67,77.08,1007.48,31.11,70.96,1007.33,0,0,RULES,1,1,1,
2026-09-27 02:14:56,baseline-rules,6451000,30.66,77.09,1007.50,31.11,71.04,1007.39,0,0,RULES,1,1,1,
2026-09-27 02:14:57,baseline-rules,6452000,30.66,77.28,1007.50,31.11,70.95,1007.31,0,0,RULES,1,1,1,
2026-09-27 02:14:58,baseline-rules,6453000,30.66,77.35,1007.44,31.13,70.92,1007.39,0,0,RULES,1,1,1,
2026-09-27 02:14:59,baseline-rules,6454000,30.66,77.44,1007.49,31.11,71.10,1007.39,0,0,RULES,1,1,1,
2026-09-27 02:15:00,baseline-rules,6455000,30.67,77.20,1007.45,31.13,71.01,1007.39,0,0,RULES,1,1,1,
2026-09-27 02:15:01,baseline-rules,6456000,30.66,77.21,1007.49,31.11,71.18,1007.39,0,0,RULES,1,1,1,
2026-09-27 02:15:02,baseline-rules,6457000,30.66,77.29,1007.50,31.12,71.11,1007.38,0,0,RULES,1,1,1,
2026-09-27 02:15:03,baseline-rules,6458000,30.67,77.33,1007.39,31.12,70.93,1007.38,0,0,RULES,1,1,1,
2026-09-27 02:15:04,baseline-rules,6459000,30.66,77.38,1007.43,31.12,71.02,1007.35,0,0,RULES,1,1,1,
2026-09-27 02:15:05,baseline-rules,6460000,30.65,76.91,1007.42,31.12,70.78,1007.31,0,0,RULES,1,1,1,
2026-09-27 02:15:06,baseline-rules,6461000,30.66,76.92,1007.47,31.11,71.39,1007.36,0,0,RULES,1,1,1,
2026-09-27 02:15:07,baseline-rules,6462000,30.66,76.92,1007.49,31.11,71.20,1007.35,0,0,RULES,1,1,1,
2026-09-27 02:15:08,baseline-rules,6463000,30.66,76.83,1007.47,31.12,70.99,1007.37,0,0,RULES,1,1,1,
2026-09-27 02:15:09,baseline-rules,6464000,30.67,76.92,1007.49,31.11,71.07,1007.39,0,0,RULES,1,1,1,
2026-09-27 02:15:10,baseline-rules,6465000,30.66,76.90,1007.43,31.12,71.09,1007.34,0,0,RULES,1,1,1,
2026-09-27 02:15:11,baseline-rules,6466000,30.67,76.73,1007.43,31.11,71.31,1007.36,0,0,RULES,1,1,1,
2026-09-27 02:15:12,baseline-rules,6467000,30.67,76.97,1007.49,31.12,71.47,1007.40,0,0,RULES,1,1,1,
2026-09-27 02:15:13,baseline-rules,6468000,30.67,77.17,1007.51,31.11,71.25,1007.38,0,0,RULES,1,1,1,
2026-09-27 02:15:14,baseline-rules,6469000,30.66,76.78,1007.44,31.10,71.12,1007.35,0,0,RULES,1,1,1,
2026-09-27 02:15:15,baseline-rules,6470000,30.66,76.73,1007.47,31.10,71.35,1007.35,0,0,RULES,1,1,1,
2026-09-27 02:15:16,baseline-rules,6471000,30.65,76.76,1007.42,31.11,71.12,1007.38,0,0,RULES,1,1,1,
2026-09-27 02:15:17,baseline-rules,6472000,30.66,76.99,1007.50,31.11,71.40,1007.41,0,0,RULES,1,1,1,
2026-09-27 02:15:18,baseline-rules,6473000,30.66,76.90,1007.52,31.10,71.41,1007.37,0,0,RULES,1,1,1,
2026-09-27 02:15:19,baseline-rules,6474000,30.67,76.98,1007.49,31.10,71.40,1007.35,0,0,RULES,1,1,1,
2026-09-27 02:15:20,baseline-rules,6475000,30.67,76.99,1007.45,31.10,71.29,1007.43,0,0,RULES,1,1,1,
2026-09-27 02:15:21,baseline-rules,6476000,30.66,77.06,1007.44,31.11,71.49,1007.44,0,0,RULES,1,1,1,
2026-09-27 02:15:22,baseline-rules,6477000,30.67,77.43,1007.42,31.10,71.30,1007.35,0,0,RULES,1,1,1,
2026-09-27 02:15:23,baseline-rules,6478000,30.67,77.19,1007.51,31.10,71.24,1007.37,0,0,RULES,1,1,1,
2026-09-27 02:15:24,baseline-rules,6479000,30.67,77.25,1007.45,31.10,71.54,1007.35,0,0,RULES,1,1,1,
2026-09-27 02:15:25,baseline-rules,6480000,30.67,77.36,1007.48,31.10,71.40,1007.35,0,0,RULES,1,1,1,
2026-09-27 02:15:26,baseline-rules,6481000,30.66,77.33,1007.50,31.10,71.21,1007.37,0,0,RULES,1,1,1,
2026-09-27 02:15:27,baseline-rules,6482000,30.67,77.12,1007.49,31.11,71.44,1007.44,0,0,RULES,1,1,1,
2026-09-27 02:15:28,baseline-rules,6483000,30.67,77.16,1007.45,31.11,71.38,1007.35,0,0,RULES,1,1,1,
2026-09-27 02:15:29,baseline-rules,6484000,30.67,77.18,1007.51,31.11,71.27,1007.33,0,0,RULES,1,1,1,
2026-09-27 02:15:30,baseline-rules,6485000,30.67,77.45,1007.46,31.12,71.48,1007.40,0,0,RULES,1,1,1,
2026-09-27 02:15:31,baseline-rules,6486000,30.67,77.31,1007.46,31.12,71.43,1007.40,0,0,RULES,1,1,1,
2026-09-27 02:15:32,baseline-rules,6487000,30.68,77.23,1007.52,31.12,71.20,1007.37,0,0,RULES,1,1,1,
2026-09-27 02:15:33,baseline-rules,6488000,30.67,77.18,1007.45,31.11,71.31,1007.36,0,0,RULES,1,1,1,
2026-09-27 02:15:34,baseline-rules,6489000,30.69,77.12,1007.48,31.12,71.44,1007.38,0,0,RULES,1,1,1,
2026-09-27 02:15:35,baseline-rules,6490000,30.67,77.08,1007.46,31.12,71.08,1007.40,0,0,RULES,1,1,1,
2026-09-27 02:15:36,baseline-rules,6491000,30.68,77.16,1007.47,31.12,71.41,1007.29,0,0,RULES,1,1,1,
2026-09-27 02:15:37,baseline-rules,6492000,30.67,77.10,1007.48,31.12,71.19,1007.35,0,0,RULES,1,1,1,
2026-09-27 02:15:38,baseline-rules,6493000,30.67,77.05,1007.57,31.12,71.11,1007.35,0,0,RULES,1,1,1,
2026-09-27 02:15:39,baseline-rules,6494000,30.67,76.90,1007.39,31.12,71.43,1007.43,0,0,RULES,1,1,1,
2026-09-27 02:15:40,baseline-rules,6495000,30.66,76.87,1007.44,31.12,71.08,1007.35,0,0,RULES,1,1,1,
2026-09-27 02:15:41,baseline-rules,6496000,30.67,76.57,1007.51,31.12,71.34,1007.35,0,0,RULES,1,1,1,
2026-09-27 02:15:42,baseline-rules,6497000,30.67,76.71,1007.45,31.11,71.47,1007.33,0,0,RULES,1,1,1,
2026-09-27 02:15:43,baseline-rules,6498000,30.67,76.66,1007.48,31.11,71.44,1007.33,0,0,RULES,1,1,1,
2026-09-27 02:15:44,baseline-rules,6499000,30.67,76.92,1007.49,31.11,71.44,1007.33,0,0,RULES,1,1,1,
2026-09-27 02:15:45,baseline-rules,6500000,30.66,76.87,1007.38,31.12,71.43,1007.34,0,0,RULES,1,1,1,
2026-09-27 02:15:46,baseline-rules,6501000,30.67,77.21,1007.48,31.11,71.30,1007.36,0,0,RULES,1,1,1,
2026-09-27 02:15:47,baseline-rules,6502000,30.68,77.00,1007.49,31.11,71.46,1007.39,0,0,RULES,1,1,1,
2026-09-27 02:15:48,baseline-rules,6503000,30.67,77.00,1007.40,31.12,71.08,1007.40,0,0,RULES,1,1,1,
2026-09-27 02:15:49,baseline-rules,6504000,30.67,77.07,1007.45,31.11,71.21,1007.33,0,0,RULES,1,1,1,
2026-09-27 02:15:50,baseline-rules,6505000,30.67,77.13,1007.40,31.12,71.38,1007.38,0,0,RULES,1,1,1,
2026-09-27 02:15:51,baseline-rules,6506000,30.68,77.03,1007.44,31.11,71.13,1007.33,0,0,RULES,1,1,1,
2026-09-27 02:15:52,baseline-rules,6507000,30.67,77.08,1007.43,31.11,71.26,1007.36,0,0,RULES,1,1,1,
2026-09-27 02:15:53,baseline-rules,6508000,30.66,76.88,1007.41,31.11,71.34,1007.38,0,0,RULES,1,1,1,
2026-09-27 02:15:54,baseline-rules,6509000,30.67,76.70,1007.46,31.10,71.02,1007.37,0,0,RULES,1,1,1,
2026-09-27 02:15:55,baseline-rules,6510000,30.67,76.71,1007.42,31.11,71.01,1007.38,0,0,RULES,1,1,1,
2026-09-27 02:15:56,baseline-rules,6511000,30.67,76.72,1007.46,31.10,71.24,1007.37,0,0,RULES,1,1,1,
2026-09-27 02:15:57,baseline-rules,6512000,30.66,76.72,1007.47,31.11,70.84,1007.39,0,0,RULES,1,1,1,
2026-09-27 02:15:58,baseline-rules,6513000,30.67,76.97,1007.45,31.11,71.01,1007.38,0,0,RULES,1,1,1,
2026-09-27 02:15:59,baseline-rules,6514000,30.67,77.02,1007.45,31.11,71.00,1007.39,0,0,RULES,1,1,1,
2026-09-27 02:16:00,baseline-rules,6515000,30.66,76.87,1007.50,31.11,71.01,1007.33,0,0,RULES,1,1,1,
2026-09-27 02:16:01,baseline-rules,6516000,30.67,77.04,1007.42,31.11,71.03,1007.44,0,0,RULES,1,1,1,
2026-09-27 02:16:02,baseline-rules,6517000,30.67,76.93,1007.45,31.11,71.37,1007.36,0,0,RULES,1,1,1,
2026-09-27 02:16:03,baseline-rules,6518000,30.67,76.95,1007.45,31.11,71.23,1007.39,0,0,RULES,1,1,1,
2026-09-27 02:16:04,baseline-rules,6519000,30.67,77.12,1007.45,31.11,71.21,1007.39,0,0,RULES,1,1,1,
2026-09-27 02:16:05,baseline-rules,6520000,30.67,76.92,1007.45,31.12,71.09,1007.37,0,0,RULES,1,1,1,
2026-09-27 02:16:06,baseline-rules,6521000,30.67,77.00,1007.45,31.12,71.05,1007.31,0,0,RULES,1,1,1,
2026-09-27 02:16:07,baseline-rules,6522000,30.67,76.92,1007.49,31.11,71.08,1007.33,0,0,RULES,1,1,1,
2026-09-27 02:16:08,baseline-rules,6523000,30.67,76.60,1007.56,31.10,71.00,1007.37,0,0,RULES,1,1,1,
2026-09-27 02:16:09,baseline-rules,6524000,30.67,76.66,1007.48,31.10,71.01,1007.40,0,0,RULES,1,1,1,
2026-09-27 02:16:10,baseline-rules,6525000,30.67,76.52,1007.39,31.10,71.06,1007.32,0,0,RULES,1,1,1,
2026-09-27 02:16:11,baseline-rules,6526000,30.66,76.74,1007.41,31.11,71.13,1007.33,0,0,RULES,1,1,1,
2026-09-27 02:16:12,baseline-rules,6527000,30.68,76.59,1007.44,31.11,70.91,1007.38,0,0,RULES,1,1,1,
2026-09-27 02:16:13,baseline-rules,6528000,30.66,76.79,1007.44,31.10,70.94,1007.37,0,0,RULES,1,1,1,
2026-09-27 02:16:14,baseline-rules,6529000,30.66,76.57,1007.44,31.10,70.97,1007.32,0,0,RULES,1,1,1,
2026-09-27 02:16:15,baseline-rules,6530000,30.67,76.61,1007.45,31.10,71.41,1007.40,0,0,RULES,1,1,1,
2026-09-27 02:16:16,baseline-rules,6531000,30.67,76.50,1007.45,31.10,71.32,1007.35,0,0,RULES,1,1,1,
2026-09-27 02:16:17,baseline-rules,6532000,30.67,76.51,1007.45,31.11,71.23,1007.38,0,0,RULES,1,1,1,
2026-09-27 02:16:18,baseline-rules,6533000,30.67,76.46,1007.42,31.09,71.49,1007.41,0,0,RULES,1,1,1,
2026-09-27 02:16:19,baseline-rules,6534000,30.67,76.42,1007.45,31.10,71.44,1007.40,0,0,RULES,1,1,1,
2026-09-27 02:16:20,baseline-rules,6535000,30.67,76.49,1007.51,31.10,71.17,1007.35,0,0,RULES,1,1,1,
2026-09-27 02:16:21,baseline-rules,6536000,30.67,76.59,1007.48,31.10,71.00,1007.32,0,0,RULES,1,1,1,
2026-09-27 02:16:22,baseline-rules,6537000,30.67,76.44,1007.49,31.11,71.52,1007.36,0,0,RULES,1,1,1,
2026-09-27 02:16:23,baseline-rules,6538000,30.66,76.59,1007.50,31.11,71.45,1007.31,0,0,RULES,1,1,1,
2026-09-27 02:16:24,baseline-rules,6539000,30.67,76.46,1007.45,31.10,71.40,1007.40,0,0,RULES,1,1,1,
2026-09-27 02:16:25,baseline-rules,6540000,30.67,76.57,1007.45,31.10,71.47,1007.35,0,0,RULES,1,1,1,
2026-09-27 02:16:26,baseline-rules,6541000,30.67,76.89,1007.36,31.11,71.36,1007.33,0,0,RULES,1,1,1,
2026-09-27 02:16:27,baseline-rules,6542000,30.67,76.60,1007.45,31.10,71.28,1007.37,0,0,RULES,1,1,1,
2026-09-27 02:16:28,baseline-rules,6543000,30.66,76.98,1007.47,31.11,71.21,1007.35,0,0,RULES,1,1,1,
2026-09-27 02:16:29,baseline-rules,6544000,30.67,76.75,1007.45,31.11,71.05,1007.31,0,0,RULES,1,1,1,
2026-09-27 02:16:30,baseline-rules,6545000,30.67,76.66,1007.42,31.11,71.02,1007.33,0,0,RULES,1,1,1,
2026-09-27 02:16:31,baseline-rules,6546000,30.67,76.80,1007.45,31.12,71.09,1007.35,0,0,RULES,1,1,1,
2026-09-27 02:16:32,baseline-rules,6547000,30.67,76.68,1007.45,31.12,71.08,1007.35,0,0,RULES,1,1,1,
2026-09-27 02:16:33,baseline-rules,6548000,30.67,76.93,1007.42,31.11,71.37,1007.33,0,0,RULES,1,1,1,
2026-09-27 02:16:34,baseline-rules,6549000,30.67,76.70,1007.43,31.12,71.12,1007.32,0,0,RULES,1,1,1,
2026-09-27 02:16:35,baseline-rules,6550000,30.67,76.80,1007.43,31.11,71.27,1007.42,0,0,RULES,1,1,1,
2026-09-27 02:16:36,baseline-rules,6551000,30.68,77.03,1007.44,31.12,71.02,1007.40,0,0,RULES,1,1,1,
2026-09-27 02:16:37,baseline-rules,6552000,30.66,76.94,1007.44,31.12,70.95,1007.35,0,0,RULES,1,1,1,
2026-09-27 02:16:38,baseline-rules,6553000,30.67,77.11,1007.48,31.12,70.97,1007.34,0,0,RULES,1,1,1,
2026-09-27 02:16:39,baseline-rules,6554000,30.66,76.90,1007.41,31.12,71.07,1007.41,0,0,RULES,1,1,1,
2026-09-27 02:16:40,baseline-rules,6555000,30.67,76.93,1007.43,31.12,71.22,1007.29,0,0,RULES,1,1,1,
2026-09-27 02:16:41,baseline-rules,6556000,30.67,76.99,1007.39,31.13,71.01,1007.39,0,0,RULES,1,1,1,
2026-09-27 02:16:42,baseline-rules,6557000,30.68,76.88,1007.44,31.12,71.06,1007.38,0,0,RULES,1,1,1,
2026-09-27 02:16:43,baseline-rules,6558000,30.67,77.09,1007.46,31.12,71.03,1007.41,0,0,RULES,1,1,1,
2026-09-27 02:16:44,baseline-rules,6559000,30.67,76.99,1007.43,31.12,71.11,1007.43,0,0,RULES,1,1,1,
2026-09-27 02:16:45,baseline-rules,6560000,30.68,76.85,1007.47,31.12,71.09,1007.37,0,0,RULES,1,1,1,
2026-09-27 02:16:46,baseline-rules,6561000,30.68,76.70,1007.55,31.13,71.33,1007.47,0,0,RULES,1,1,1,
2026-09-27 02:16:47,baseline-rules,6562000,30.67,76.83,1007.43,31.12,70.95,1007.35,0,0,RULES,1,1,1,
2026-09-27 02:16:48,baseline-rules,6563000,30.68,76.75,1007.45,31.12,71.09,1007.37,0,0,RULES,1,1,1,
2026-09-27 02:16:49,baseline-rules,6564000,30.67,76.84,1007.43,31.14,71.24,1007.37,0,0,RULES,1,1,1,
2026-09-27 02:16:50,baseline-rules,6565000,30.67,76.85,1007.49,31.12,71.04,1007.43,0,0,RULES,1,1,1,
2026-09-27 02:16:51,baseline-rules,6566000,30.68,76.87,1007.44,31.12,70.93,1007.42,0,0,RULES,1,1,1,
2026-09-27 02:16:52,baseline-rules,6567000,30.68,76.85,1007.44,31.12,71.00,1007.35,0,0,RULES,1,1,1,
2026-09-27 02:16:53,baseline-rules,6568000,30.67,77.02,1007.39,31.12,70.96,1007.35,0,0,RULES,1,1,1,
2026-09-27 02:16:54,baseline-rules,6569000,30.67,77.16,1007.40,31.12,71.30,1007.34,0,0,RULES,1,1,1,
2026-09-27 02:16:55,baseline-rules,6570000,30.68,76.94,1007.47,31.12,71.00,1007.38,0,0,RULES,1,1,1,
2026-09-27 02:16:56,baseline-rules,6571000,30.68,77.27,1007.47,31.12,71.04,1007.35,0,0,RULES,1,1,1,
2026-09-27 02:16:57,baseline-rules,6572000,30.68,76.93,1007.44,31.12,70.95,1007.35,0,0,RULES,1,1,1,
2026-09-27 02:16:58,baseline-rules,6573000,30.67,77.24,1007.49,31.12,71.07,1007.38,0,0,RULES,1,1,1,
2026-09-27 02:16:59,baseline-rules,6574000,30.68,76.91,1007.38,31.12,71.20,1007.35,0,0,RULES,1,1,1,
2026-09-27 02:17:00,baseline-rules,6575000,30.68,76.95,1007.49,31.13,71.06,1007.37,0,0,RULES,1,1,1,
2026-09-27 02:17:01,baseline-rules,6576000,30.68,76.98,1007.45,31.13,71.02,1007.36,0,0,RULES,1,1,1,
2026-09-27 02:17:02,baseline-rules,6577000,30.67,76.95,1007.46,31.12,71.36,1007.38,0,0,RULES,1,1,1,
2026-09-27 02:17:03,baseline-rules,6578000,30.68,77.00,1007.47,31.13,71.41,1007.36,0,0,RULES,1,1,1,
2026-09-27 02:17:04,baseline-rules,6579000,30.68,76.96,1007.47,31.12,71.40,1007.40,0,0,RULES,1,1,1,
2026-09-27 02:17:05,baseline-rules,6580000,30.68,76.98,1007.44,31.12,71.43,1007.46,0,0,RULES,1,1,1,
2026-09-27 02:17:06,baseline-rules,6581000,30.68,76.97,1007.47,31.12,71.18,1007.35,0,0,RULES,1,1,1,
2026-09-27 02:17:07,baseline-rules,6582000,30.68,77.05,1007.41,31.14,71.36,1007.37,0,0,RULES,1,1,1,
2026-09-27 02:17:08,baseline-rules,6583000,30.68,77.10,1007.49,31.12,71.10,1007.32,0,0,RULES,1,1,1,
2026-09-27 02:17:09,baseline-rules,6584000,30.68,76.95,1007.49,31.13,70.89,1007.39,0,0,RULES,1,1,1,
2026-09-27 02:17:10,baseline-rules,6585000,30.68,76.98,1007.47,31.12,70.89,1007.43,0,0,RULES,1,1,1,
2026-09-27 02:17:11,baseline-rules,6586000,30.67,76.99,1007.42,31.13,70.88,1007.37,0,0,RULES,1,1,1,
2026-09-27 02:17:12,baseline-rules,6587000,30.67,77.02,1007.42,31.12,70.92,1007.38,0,0,RULES,1,1,1,
2026-09-27 02:17:13,baseline-rules,6588000,30.67,76.75,1007.37,31.12,70.94,1007.38,0,0,RULES,1,1,1,
2026-09-27 02:17:14,baseline-rules,6589000,30.67,76.77,1007.46,31.12,70.99,1007.32,0,0,RULES,1,1,1,
2026-09-27 02:17:15,baseline-rules,6590000,30.68,76.61,1007.53,31.13,70.90,1007.36,0,0,RULES,1,1,1,
2026-09-27 02:17:16,baseline-rules,6591000,30.68,76.60,1007.44,31.12,71.00,1007.38,0,0,RULES,1,1,1,
2026-09-27 02:17:17,baseline-rules,6592000,30.67,76.59,1007.43,31.12,71.17,1007.35,0,0,RULES,1,1,1,
2026-09-27 02:17:18,baseline-rules,6593000,30.67,76.37,1007.42,31.12,70.94,1007.38,0,0,RULES,1,1,1,
2026-09-27 02:17:19,baseline-rules,6594000,30.67,76.10,1007.51,31.12,71.04,1007.40,0,0,RULES,1,1,1,
2026-09-27 02:17:20,baseline-rules,6595000,30.68,76.41,1007.44,31.11,70.86,1007.36,0,0,RULES,1,1,1,
2026-09-27 02:17:21,baseline-rules,6596000,30.67,76.18,1007.43,31.12,71.09,1007.31,0,0,RULES,1,1,1,
2026-09-27 02:17:22,baseline-rules,6597000,30.68,76.22,1007.45,31.11,71.38,1007.33,0,0,RULES,1,1,1,
2026-09-27 02:17:23,baseline-rules,6598000,30.67,76.30,1007.46,31.11,71.10,1007.35,0,0,RULES,1,1,1,
2026-09-27 02:17:24,baseline-rules,6599000,30.68,76.38,1007.39,31.11,70.94,1007.33,0,0,RULES,1,1,1,
2026-09-27 02:17:25,baseline-rules,6600000,30.68,76.51,1007.47,31.10,70.97,1007.35,0,0,RULES,1,1,1,
2026-09-27 02:17:26,baseline-rules,6601000,30.68,76.67,1007.35,31.11,71.00,1007.39,0,0,RULES,1,1,1,
2026-09-27 02:17:27,baseline-rules,6602000,30.68,76.82,1007.44,31.11,71.18,1007.33,0,0,RULES,1,1,1,
2026-09-27 02:17:28,baseline-rules,6603000,30.68,76.75,1007.45,31.11,71.33,1007.30,0,0,RULES,1,1,1,
2026-09-27 02:17:29,baseline-rules,6604000,30.68,76.54,1007.45,31.12,70.99,1007.35,0,0,RULES,1,1,1,
2026-09-27 02:17:30,baseline-rules,6605000,30.67,76.85,1007.43,31.11,70.93,1007.33,0,0,RULES,1,1,1,
2026-09-27 02:17:31,baseline-rules,6606000,30.68,76.35,1007.47,31.11,71.01,1007.31,0,0,RULES,1,1,1,
2026-09-27 02:17:32,baseline-rules,6607000,30.68,76.19,1007.47,31.12,70.90,1007.40,0,0,RULES,1,1,1,
2026-09-27 02:17:33,baseline-rules,6608000,30.68,76.09,1007.56,31.12,71.12,1007.34,0,0,RULES,1,1,1,
2026-09-27 02:17:34,baseline-rules,6609000,30.67,76.52,1007.43,31.12,71.11,1007.31,0,0,RULES,1,1,1,
2026-09-27 02:17:35,baseline-rules,6610000,30.68,76.49,1007.47,31.12,71.34,1007.34,0,0,RULES,1,1,1,
2026-09-27 02:17:36,baseline-rules,6611000,30.68,76.35,1007.41,31.12,71.13,1007.35,0,0,RULES,1,1,1,
2026-09-27 02:17:37,baseline-rules,6612000,30.68,76.66,1007.47,31.12,71.10,1007.31,0,0,RULES,1,1,1,
2026-09-27 02:17:38,baseline-rules,6613000,30.67,76.44,1007.46,31.11,71.02,1007.39,0,0,RULES,1,1,1,
2026-09-27 02:17:39,baseline-rules,6614000,30.68,76.55,1007.44,31.12,71.13,1007.35,0,0,RULES,1,1,1,
2026-09-27 02:17:40,baseline-rules,6615000,30.69,76.64,1007.48,31.13,71.12,1007.34,0,0,RULES,1,1,1,
2026-09-27 02:17:41,baseline-rules,6616000,30.68,76.74,1007.44,31.12,71.02,1007.31,0,0,RULES,1,1,1,
2026-09-27 02:17:42,baseline-rules,6617000,30.68,76.66,1007.38,31.12,70.98,1007.35,0,0,RULES,1,1,1,
2026-09-27 02:17:43,baseline-rules,6618000,30.68,76.65,1007.45,31.12,71.09,1007.35,0,0,RULES,1,1,1,
2026-09-27 02:17:44,baseline-rules,6619000,30.69,76.64,1007.40,31.12,70.98,1007.35,0,0,RULES,1,1,1,
2026-09-27 02:17:45,baseline-rules,6620000,30.67,76.72,1007.43,31.12,71.09,1007.41,0,0,RULES,1,1,1,
2026-09-27 02:17:46,baseline-rules,6621000,30.69,76.75,1007.51,31.12,71.10,1007.34,0,0,RULES,1,1,1,
2026-09-27 02:17:47,baseline-rules,6622000,30.68,76.69,1007.44,31.12,70.95,1007.41,0,0,RULES,1,1,1,
2026-09-27 02:17:48,baseline-rules,6623000,30.67,76.84,1007.43,31.12,70.98,1007.43,0,0,RULES,1,1,1,
2026-09-27 02:17:49,baseline-rules,6624000,30.68,76.25,1007.41,31.12,70.99,1007.35,0,0,RULES,1,1,1,
2026-09-27 02:17:50,baseline-rules,6625000,30.68,76.20,1007.44,31.12,70.95,1007.35,0,0,RULES,1,1,1,
2026-09-27 02:17:51,baseline-rules,6626000,30.68,76.41,1007.47,31.12,71.16,1007.38,0,0,RULES,1,1,1,
2026-09-27 02:17:52,baseline-rules,6627000,30.67,76.14,1007.43,31.11,71.17,1007.33,0,0,RULES,1,1,1,
2026-09-27 02:17:53,baseline-rules,6628000,30.68,76.03,1007.45,31.12,71.20,1007.32,0,0,RULES,1,1,1,
2026-09-27 02:17:54,baseline-rules,6629000,30.68,76.10,1007.47,31.12,71.30,1007.38,0,0,RULES,1,1,1,
2026-09-27 02:17:55,baseline-rules,6630000,30.69,76.14,1007.48,31.11,70.82,1007.39,0,0,RULES,1,1,1,
2026-09-27 02:17:56,baseline-rules,6631000,30.67,76.34,1007.46,31.11,70.94,1007.33,0,0,RULES,1,1,1,
2026-09-27 02:17:57,baseline-rules,6632000,30.68,76.28,1007.41,31.12,70.90,1007.37,0,0,RULES,1,1,1,
2026-09-27 02:17:58,baseline-rules,6633000,30.68,76.20,1007.44,31.13,70.99,1007.36,0,0,RULES,1,1,1,
2026-09-27 02:17:59,baseline-rules,6634000,30.68,76.19,1007.42,31.13,70.96,1007.33,0,0,RULES,1,1,1,
2026-09-27 02:18:00,baseline-rules,6635000,30.67,76.05,1007.46,31.11,70.91,1007.33,0,0,RULES,1,1,1,
2026-09-27 02:18:01,baseline-rules,6636000,30.68,75.90,1007.49,31.11,70.93,1007.39,0,0,RULES,1,1,1,
2026-09-27 02:18:02,baseline-rules,6637000,30.68,76.03,1007.47,31.12,71.02,1007.40,0,0,RULES,1,1,1,
2026-09-27 02:18:03,baseline-rules,6638000,30.68,76.09,1007.41,31.11,71.19,1007.31,0,0,RULES,1,1,1,
2026-09-27 02:18:04,baseline-rules,6639000,30.67,75.99,1007.40,31.12,70.99,1007.32,0,0,RULES,1,1,1,
2026-09-27 02:18:05,baseline-rules,6640000,30.68,76.26,1007.45,31.12,70.95,1007.29,0,0,RULES,1,1,1,
2026-09-27 02:18:06,baseline-rules,6641000,30.68,76.20,1007.47,31.12,70.93,1007.41,0,0,RULES,1,1,1,
2026-09-27 02:18:07,baseline-rules,6642000,30.68,76.36,1007.45,31.12,71.35,1007.32,0,0,RULES,1,1,1,
2026-09-27 02:18:08,baseline-rules,6643000,30.68,76.40,1007.47,31.12,70.97,1007.34,0,0,RULES,1,1,1,
2026-09-27 02:18:09,baseline-rules,6644000,30.68,76.27,1007.49,31.11,71.04,1007.39,0,0,RULES,1,1,1,
2026-09-27 02:18:10,baseline-rules,6645000,30.68,76.43,1007.47,31.13,70.98,1007.39,0,0,RULES,1,1,1,
2026-09-27 02:18:11,baseline-rules,6646000,30.68,76.51,1007.44,31.14,71.00,1007.37,0,0,RULES,1,1,1,
2026-09-27 02:18:12,baseline-rules,6647000,30.68,76.50,1007.47,31.13,71.38,1007.33,0,0,RULES,1,1,1,
2026-09-27 02:18:13,baseline-rules,6648000,30.68,76.49,1007.45,31.12,71.38,1007.40,0,0,RULES,1,1,1,
2026-09-27 02:18:14,baseline-rules,6649000,30.69,76.49,1007.48,31.13,71.35,1007.36,0,0,RULES,1,1,1,
2026-09-27 02:18:15,baseline-rules,6650000,30.69,76.35,1007.40,31.12,70.99,1007.32,0,0,RULES,1,1,1,
2026-09-27 02:18:16,baseline-rules,6651000,30.69,76.15,1007.42,31.12,71.29,1007.35,0,0,RULES,1,1,1,
2026-09-27 02:18:17,baseline-rules,6652000,30.68,76.41,1007.47,31.12,71.20,1007.31,0,0,RULES,1,1,1,
2026-09-27 02:18:18,baseline-rules,6653000,30.68,76.25,1007.50,31.12,71.29,1007.35,0,0,RULES,1,1,1,
2026-09-27 02:18:19,baseline-rules,6654000,30.68,76.42,1007.53,31.12,71.10,1007.32,0,0,RULES,1,1,1,
2026-09-27 02:18:20,baseline-rules,6655000,30.68,76.35,1007.44,31.11,71.20,1007.36,0,0,RULES,1,1,1,
2026-09-27 02:18:21,baseline-rules,6656000,30.69,76.39,1007.45,31.12,71.31,1007.35,0,0,RULES,1,1,1,
2026-09-27 02:18:22,baseline-rules,6657000,30.69,76.45,1007.46,31.12,71.13,1007.38,0,0,RULES,1,1,1,
2026-09-27 02:18:23,baseline-rules,6658000,30.69,76.52,1007.45,31.12,70.91,1007.38,0,0,RULES,1,1,1,
2026-09-27 02:18:24,baseline-rules,6659000,30.68,76.41,1007.45,31.12,71.01,1007.41,0,0,RULES,1,1,1,
2026-09-27 02:18:25,baseline-rules,6660000,30.68,76.53,1007.41,31.13,71.01,1007.41,0,0,RULES,1,1,1,
2026-09-27 02:18:26,baseline-rules,6661000,30.69,76.50,1007.49,31.12,70.90,1007.38,0,0,RULES,1,1,1,
2026-09-27 02:18:27,baseline-rules,6662000,30.69,76.61,1007.45,31.12,71.06,1007.32,0,0,RULES,1,1,1,
2026-09-27 02:18:28,baseline-rules,6663000,30.70,76.69,1007.47,31.13,71.06,1007.39,0,0,RULES,1,1,1,
2026-09-27 02:18:29,baseline-rules,6664000,30.69,76.65,1007.46,31.14,70.88,1007.46,0,0,RULES,1,1,1,
2026-09-27 02:18:30,baseline-rules,6665000,30.69,76.62,1007.42,31.12,71.12,1007.35,0,0,RULES,1,1,1,
2026-09-27 02:18:31,baseline-rules,6666000,30.68,76.60,1007.47,31.14,71.29,1007.35,0,0,RULES,1,1,1,
2026-09-27 02:18:32,baseline-rules,6667000,30.68,76.63,1007.47,31.13,70.97,1007.37,0,0,RULES,1,1,1,
2026-09-27 02:18:33,baseline-rules,6668000,30.69,76.83,1007.40,31.14,70.94,1007.43,0,0,RULES,1,1,1,
2026-09-27 02:18:34,baseline-rules,6669000,30.68,76.92,1007.47,31.13,70.92,1007.42,0,0,RULES,1,1,1,
2026-09-27 02:18:35,baseline-rules,6670000,30.69,76.80,1007.42,31.12,70.93,1007.41,0,0,RULES,1,1,1,
2026-09-27 02:18:36,baseline-rules,6671000,30.69,76.53,1007.42,31.14,71.02,1007.37,0,0,RULES,1,1,1,
2026-09-27 02:18:37,baseline-rules,6672000,30.69,76.85,1007.42,31.14,70.89,1007.38,0,0,RULES,1,1,1,
2026-09-27 02:18:38,baseline-rules,6673000,30.69,76.57,1007.45,31.13,70.89,1007.31,0,0,RULES,1,1,1,
2026-09-27 02:18:39,baseline-rules,6674000,30.69,76.64,1007.42,31.14,70.93,1007.35,0,0,RULES,1,1,1,
2026-09-27 02:18:40,baseline-rules,6675000,30.69,76.48,1007.43,31.13,70.98,1007.39,0,0,RULES,1,1,1,
2026-09-27 02:18:41,baseline-rules,6676000,30.69,76.49,1007.45,31.14,70.87,1007.32,0,0,RULES,1,1,1,
2026-09-27 02:18:42,baseline-rules,6677000,30.68,76.51,1007.47,31.14,71.26,1007.35,0,0,RULES,1,1,1,
2026-09-27 02:18:43,baseline-rules,6678000,30.69,76.68,1007.45,31.14,70.88,1007.40,0,0,RULES,1,1,1,
2026-09-27 02:18:44,baseline-rules,6679000,30.68,76.83,1007.50,31.13,70.88,1007.34,0,0,RULES,1,1,1,
2026-09-27 02:18:45,baseline-rules,6680000,30.69,76.52,1007.51,31.14,70.89,1007.37,0,0,RULES,1,1,1,
2026-09-27 02:18:46,baseline-rules,6681000,30.69,76.47,1007.51,31.13,70.96,1007.33,0,0,RULES,1,1,1,
2026-09-27 02:18:47,baseline-rules,6682000,30.69,76.65,1007.45,31.14,70.98,1007.37,0,0,RULES,1,1,1,
2026-09-27 02:18:48,baseline-rules,6683000,30.68,76.61,1007.50,31.14,70.84,1007.35,0,0,RULES,1,1,1,
2026-09-27 02:18:49,baseline-rules,6684000,30.68,76.67,1007.45,31.14,70.97,1007.32,0,0,RULES,1,1,1,
2026-09-27 02:18:50,baseline-rules,6685000,30.69,76.38,1007.42,31.14,71.02,1007.32,0,0,RULES,1,1,1,
2026-09-27 02:18:51,baseline-rules,6686000,30.68,76.39,1007.42,31.13,71.01,1007.37,0,0,RULES,1,1,1,
2026-09-27 02:18:52,baseline-rules,6687000,30.69,76.67,1007.49,31.14,70.99,1007.32,0,0,RULES,1,1,1,
2026-09-27 02:18:53,baseline-rules,6688000,30.69,76.42,1007.45,31.14,70.86,1007.33,0,0,RULES,1,1,1,
2026-09-27 02:18:54,baseline-rules,6689000,30.69,76.50,1007.46,31.14,70.96,1007.38,0,0,RULES,1,1,1,
2026-09-27 02:18:55,baseline-rules,6690000,30.69,76.56,1007.45,31.14,71.11,1007.37,0,0,RULES,1,1,1,
2026-09-27 02:18:56,baseline-rules,6691000,30.68,76.81,1007.47,31.14,71.18,1007.35,0,0,RULES,1,1,1,
2026-09-27 02:18:57,baseline-rules,6692000,30.70,76.48,1007.48,31.14,71.06,1007.38,0,0,RULES,1,1,1,
2026-09-27 02:18:58,baseline-rules,6693000,30.69,76.62,1007.42,31.14,71.40,1007.32,0,0,RULES,1,1,1,
2026-09-27 02:18:59,baseline-rules,6694000,30.69,76.53,1007.49,31.14,71.14,1007.35,0,0,RULES,1,1,1,
2026-09-27 02:19:00,baseline-rules,6695000,30.69,76.48,1007.48,31.15,71.21,1007.36,0,0,RULES,1,1,1,
2026-09-27 02:19:01,baseline-rules,6696000,30.69,76.56,1007.46,31.14,71.11,1007.38,0,0,RULES,1,1,1,
2026-09-27 02:19:02,baseline-rules,6697000,30.70,76.57,1007.44,31.14,71.31,1007.41,0,0,RULES,1,1,1,
2026-09-27 02:19:03,baseline-rules,6698000,30.69,76.46,1007.46,31.15,71.39,1007.39,0,0,RULES,1,1,1,
2026-09-27 02:19:04,baseline-rules,6699000,30.69,76.51,1007.40,31.15,71.31,1007.42,0,0,RULES,1,1,1,
2026-09-27 02:19:05,baseline-rules,6700000,30.69,76.53,1007.49,31.14,71.36,1007.35,0,0,RULES,1,1,1,
2026-09-27 02:19:06,baseline-rules,6701000,30.69,76.60,1007.45,31.15,71.18,1007.37,0,0,RULES,1,1,1,
2026-09-27 02:19:07,baseline-rules,6702000,30.70,76.51,1007.47,31.15,71.29,1007.34,0,0,RULES,1,1,1,
2026-09-27 02:19:08,baseline-rules,6703000,30.69,76.56,1007.48,31.14,71.32,1007.38,0,0,RULES,1,1,1,
2026-09-27 02:19:09,baseline-rules,6704000,30.68,76.36,1007.45,31.14,71.17,1007.38,0,0,RULES,1,1,1,
2026-09-27 02:19:10,baseline-rules,6705000,30.68,76.42,1007.39,31.16,71.25,1007.43,0,0,RULES,1,1,1,
2026-09-27 02:19:11,baseline-rules,6706000,30.69,76.27,1007.45,31.15,70.95,1007.45,0,0,RULES,1,1,1,
2026-09-27 02:19:12,baseline-rules,6707000,30.69,76.26,1007.42,31.15,71.31,1007.39,0,0,RULES,1,1,1,
2026-09-27 02:19:13,baseline-rules,6708000,30.69,76.43,1007.49,31.16,70.93,1007.41,0,0,RULES,1,1,1,
2026-09-27 02:19:14,baseline-rules,6709000,30.68,76.41,1007.42,31.15,71.03,1007.40,0,0,RULES,1,1,1,
2026-09-27 02:19:15,baseline-rules,6710000,30.69,76.17,1007.42,31.15,71.01,1007.33,0,0,RULES,1,1,1,
2026-09-27 02:19:16,baseline-rules,6711000,30.69,76.02,1007.46,31.15,71.09,1007.34,0,0,RULES,1,1,1,
2026-09-27 02:19:17,baseline-rules,6712000,30.69,76.05,1007.48,31.15,70.92,1007.39,0,0,RULES,1,1,1,
2026-09-27 02:19:18,baseline-rules,6713000,30.69,76.08,1007.42,31.14,71.25,1007.33,0,0,RULES,1,1,1,
2026-09-27 02:19:19,baseline-rules,6714000,30.69,75.96,1007.45,31.15,70.98,1007.34,0,0,RULES,1,1,1,
2026-09-27 02:19:20,baseline-rules,6715000,30.70,76.07,1007.41,31.15,70.99,1007.40,0,0,RULES,1,1,1,
2026-09-27 02:19:21,baseline-rules,6716000,30.69,76.01,1007.42,31.15,70.81,1007.28,0,0,RULES,1,1,1,
2026-09-27 02:19:22,baseline-rules,6717000,30.69,76.24,1007.40,31.16,70.86,1007.41,0,0,RULES,1,1,1,
2026-09-27 02:19:23,baseline-rules,6718000,30.69,76.25,1007.49,31.15,70.88,1007.36,0,0,RULES,1,1,1,
2026-09-27 02:19:24,baseline-rules,6719000,30.68,76.06,1007.45,31.16,71.28,1007.41,0,0,RULES,1,1,1,
2026-09-27 02:19:25,baseline-rules,6720000,30.69,76.13,1007.45,31.16,70.91,1007.41,0,0,RULES,1,1,1,
2026-09-27 02:19:26,baseline-rules,6721000,30.69,76.13,1007.45,31.16,71.11,1007.39,0,0,RULES,1,1,1,
2026-09-27 02:19:27,baseline-rules,6722000,30.69,76.46,1007.46,31.16,70.85,1007.36,0,0,RULES,1,1,1,
2026-09-27 02:19:28,baseline-rules,6723000,30.69,76.56,1007.42,31.15,70.97,1007.40,0,0,RULES,1,1,1,
2026-09-27 02:19:29,baseline-rules,6724000,30.68,76.40,1007.47,31.16,70.97,1007.36,0,0,RULES,1,1,1,
2026-09-27 02:19:30,baseline-rules,6725000,30.69,76.30,1007.46,31.17,70.86,1007.39,0,0,RULES,1,1,1,
2026-09-27 02:19:31,baseline-rules,6726000,30.69,76.33,1007.49,31.16,70.87,1007.41,0,0,RULES,1,1,1,
2026-09-27 02:19:32,baseline-rules,6727000,30.69,76.47,1007.42,31.16,70.84,1007.41,0,0,RULES,1,1,1,
2026-09-27 02:19:33,baseline-rules,6728000,30.70,76.46,1007.45,31.16,70.93,1007.33,0,0,RULES,1,1,1,
2026-09-27 02:19:34,baseline-rules,6729000,30.69,76.31,1007.42,31.17,71.29,1007.37,0,0,RULES,1,1,1,
2026-09-27 02:19:35,baseline-rules,6730000,30.68,75.92,1007.42,31.17,70.87,1007.34,0,0,RULES,1,1,1,
2026-09-27 02:19:36,baseline-rules,6731000,30.69,75.96,1007.46,31.17,71.00,1007.37,0,0,RULES,1,1,1,
2026-09-27 02:19:37,baseline-rules,6732000,30.69,76.21,1007.42,31.17,71.30,1007.34,0,0,RULES,1,1,1,
2026-09-27 02:19:38,baseline-rules,6733000,30.69,76.01,1007.48,31.17,71.03,1007.34,0,0,RULES,1,1,1,
2026-09-27 02:19:39,baseline-rules,6734000,30.68,75.97,1007.45,31.16,70.86,1007.36,0,0,RULES,1,1,1,
2026-09-27 02:19:40,baseline-rules,6735000,30.69,76.08,1007.52,31.16,71.34,1007.39,0,0,RULES,1,1,1,
2026-09-27 02:19:41,baseline-rules,6736000,30.69,76.08,1007.51,31.16,70.89,1007.33,0,0,RULES,1,1,1,
2026-09-27 02:19:42,baseline-rules,6737000,30.69,76.07,1007.45,31.16,71.04,1007.41,0,0,RULES,1,1,1,
2026-09-27 02:19:43,baseline-rules,6738000,30.69,76.24,1007.45,31.16,70.97,1007.36,0,0,RULES,1,1,1,
2026-09-27 02:19:44,baseline-rules,6739000,30.69,76.37,1007.45,31.16,70.85,1007.36,0,0,RULES,1,1,1,
2026-09-27 02:19:45,baseline-rules,6740000,30.69,76.18,1007.49,31.17,70.91,1007.37,0,0,RULES,1,1,1,
2026-09-27 02:19:46,baseline-rules,6741000,30.70,76.29,1007.41,31.16,71.05,1007.36,0,0,RULES,1,1,1,
2026-09-27 02:19:47,baseline-rules,6742000,30.70,76.20,1007.51,31.18,70.80,1007.35,0,0,RULES,1,1,1,
2026-09-27 02:19:48,baseline-rules,6743000,30.69,76.29,1007.43,31.17,70.86,1007.35,0,0,RULES,1,1,1,
2026-09-27 02:19:49,baseline-rules,6744000,30.69,76.22,1007.52,31.16,71.25,1007.28,0,0,RULES,1,1,1,
2026-09-27 02:19:50,baseline-rules,6745000,30.70,76.15,1007.47,31.17,70.96,1007.37,0,0,RULES,1,1,1,
2026-09-27 02:19:51,baseline-rules,6746000,30.69,76.21,1007.49,31.17,70.91,1007.37,0,0,RULES,1,1,1,
2026-09-27 02:19:52,baseline-rules,6747000,30.69,76.49,1007.43,31.16,70.79,1007.30,0,0,RULES,1,1,1,
2026-09-27 02:19:53,baseline-rules,6748000,30.69,76.15,1007.42,31.17,70.85,1007.37,0,0,RULES,1,1,1,
2026-09-27 02:19:54,baseline-rules,6749000,30.70,76.14,1007.41,31.17,70.87,1007.37,0,0,RULES,1,1,1,
2026-09-27 02:19:55,baseline-rules,6750000,30.69,76.21,1007.43,31.17,70.94,1007.39,0,0,RULES,1,1,1,
2026-09-27 02:19:56,baseline-rules,6751000,30.70,76.43,1007.38,31.17,70.74,1007.37,0,0,RULES,1,1,1,
2026-09-27 02:19:57,baseline-rules,6752000,30.69,76.27,1007.48,31.16,71.00,1007.39,0,0,RULES,1,1,1,
2026-09-27 02:19:58,baseline-rules,6753000,30.69,76.15,1007.42,31.16,71.03,1007.41,0,0,RULES,1,1,1,
2026-09-27 02:19:59,baseline-rules,6754000,30.69,76.06,1007.43,31.17,70.97,1007.37,0,0,RULES,1,1,1,
2026-09-27 02:20:00,baseline-rules,6755000,30.69,76.13,1007.49,31.17,70.87,1007.37,0,0,RULES,1,1,1,
2026-09-27 02:20:01,baseline-rules,6756000,30.68,75.80,1007.42,31.17,70.89,1007.37,0,0,RULES,1,1,1,
2026-09-27 02:20:02,baseline-rules,6757000,30.69,75.83,1007.43,31.16,70.86,1007.36,0,0,RULES,1,1,1,
2026-09-27 02:20:03,baseline-rules,6758000,30.69,75.71,1007.46,31.17,70.97,1007.42,0,0,RULES,1,1,1,
2026-09-27 02:20:04,baseline-rules,6759000,30.70,75.89,1007.44,31.17,70.83,1007.37,0,0,RULES,1,1,1,
2026-09-27 02:20:05,baseline-rules,6760000,30.69,76.06,1007.49,31.16,70.77,1007.36,0,0,RULES,1,1,1,
2026-09-27 02:20:06,baseline-rules,6761000,30.69,75.83,1007.40,31.17,70.66,1007.37,0,0,RULES,1,1,1,
2026-09-27 02:20:07,baseline-rules,6762000,30.70,76.02,1007.50,31.17,70.78,1007.37,0,0,RULES,1,1,1,
2026-09-27 02:20:08,baseline-rules,6763000,30.70,76.01,1007.51,31.16,70.90,1007.33,0,0,RULES,1,1,1,
2026-09-27 02:20:09,baseline-rules,6764000,30.69,76.19,1007.42,31.16,70.79,1007.36,0,0,RULES,1,1,1,
2026-09-27 02:20:10,baseline-rules,6765000,30.69,76.03,1007.40,31.16,70.91,1007.36,0,0,RULES,1,1,1,
2026-09-27 02:20:11,baseline-rules,6766000,30.69,75.90,1007.43,31.16,70.82,1007.41,0,0,RULES,1,1,1,
2026-09-27 02:20:12,baseline-rules,6767000,30.69,75.94,1007.46,31.16,70.87,1007.36,0,0,RULES,1,1,1,
2026-09-27 02:20:13,baseline-rules,6768000,30.70,75.94,1007.48,31.16,70.84,1007.39,0,0,RULES,1,1,1,
2026-09-27 02:20:14,baseline-rules,6769000,30.70,75.89,1007.44,31.17,70.70,1007.42,0,0,RULES,1,1,1,
2026-09-27 02:20:15,baseline-rules,6770000,30.69,75.92,1007.43,31.15,70.65,1007.34,0,0,RULES,1,1,1,
2026-09-27 02:20:16,baseline-rules,6771000,30.70,76.24,1007.47,31.16,70.80,1007.33,0,0,RULES,1,1,1,
2026-09-27 02:20:17,baseline-rules,6772000,30.69,76.24,1007.46,31.16,70.94,1007.33,0,0,RULES,1,1,1,
2026-09-27 02:20:18,baseline-rules,6773000,30.69,75.97,1007.42,31.16,70.82,1007.41,0,0,RULES,1,1,1,
2026-09-27 02:20:19,baseline-rules,6774000,30.70,76.07,1007.50,31.16,70.88,1007.44,0,0,RULES,1,1,1,
2026-09-27 02:20:20,baseline-rules,6775000,30.70,76.04,1007.44,31.16,70.88,1007.29,0,0,RULES,1,1,1,
2026-09-27 02:20:21,baseline-rules,6776000,30.69,76.11,1007.48,31.16,70.85,1007.36,0,0,RULES,1,1,1,
2026-09-27 02:20:22,baseline-rules,6777000,30.69,75.92,1007.42,31.16,70.87,1007.36,0,0,RULES,1,1,1,
2026-09-27 02:20:23,baseline-rules,6778000,30.70,76.22,1007.53,31.16,70.77,1007.46,0,0,RULES,1,1,1,
2026-09-27 02:20:24,baseline-rules,6779000,30.69,76.13,1007.42,31.16,70.84,1007.36,0,0,RULES,1,1,1,
2026-09-27 02:20:25,baseline-rules,6780000,30.70,75.80,1007.53,31.16,71.05,1007.36,0,0,RULES,1,1,1,
2026-09-27 02:20:26,baseline-rules,6781000,30.70,75.71,1007.44,31.15,70.79,1007.39,0,0,RULES,1,1,1,
2026-09-27 02:20:27,baseline-rules,6782000,30.69,75.66,1007.40,31.15,70.73,1007.40,0,0,RULES,1,1,1,
2026-09-27 02:20:28,baseline-rules,6783000,30.69,75.68,1007.46,31.15,70.83,1007.34,0,0,RULES,1,1,1,
2026-09-27 02:20:29,baseline-rules,6784000,30.69,75.43,1007.43,31.16,70.97,1007.41,0,0,RULES,1,1,1,
2026-09-27 02:20:30,baseline-rules,6785000,30.69,75.35,1007.46,31.15,70.73,1007.36,0,0,RULES,1,1,1,
2026-09-27 02:20:31,baseline-rules,6786000,30.70,75.13,1007.47,31.15,70.80,1007.40,0,0,RULES,1,1,1,
2026-09-27 02:20:32,baseline-rules,6787000,30.70,75.11,1007.44,31.16,70.75,1007.35,0,0,RULES,1,1,1,
2026-09-27 02:20:33,baseline-rules,6788000,30.69,75.18,1007.46,31.15,70.80,1007.34,0,0,RULES,1,1,1,
2026-09-27 02:20:34,baseline-rules,6789000,30.70,75.35,1007.38,31.15,70.83,1007.40,0,0,RULES,1,1,1,
2026-09-27 02:20:35,baseline-rules,6790000,30.69,75.45,1007.49,31.16,70.86,1007.41,0,0,RULES,1,1,1,
2026-09-27 02:20:36,baseline-rules,6791000,30.70,75.53,1007.44,31.16,71.04,1007.38,0,0,RULES,1,1,1,
2026-09-27 02:20:37,baseline-rules,6792000,30.69,75.68,1007.45,31.16,70.79,1007.38,0,0,RULES,1,1,1,
2026-09-27 02:20:38,baseline-rules,6793000,30.70,75.69,1007.44,31.16,70.80,1007.41,0,0,RULES,1,1,1,
2026-09-27 02:20:39,baseline-rules,6794000,30.70,75.77,1007.50,31.15,70.79,1007.37,0,0,RULES,1,1,1,
2026-09-27 02:20:40,baseline-rules,6795000,30.70,75.71,1007.41,31.16,70.91,1007.38,0,0,RULES,1,1,1,
2026-09-27 02:20:41,baseline-rules,6796000,30.70,75.99,1007.48,31.16,70.75,1007.41,0,0,RULES,1,1,1,
2026-09-27 02:20:42,baseline-rules,6797000,30.69,76.09,1007.42,31.15,70.82,1007.42,0,0,RULES,1,1,1,
2026-09-27 02:20:43,baseline-rules,6798000,30.70,76.06,1007.44,31.15,70.91,1007.37,0,0,RULES,1,1,1,
2026-09-27 02:20:44,baseline-rules,6799000,30.70,75.75,1007.39,31.16,70.82,1007.41,0,0,RULES,1,1,1,
2026-09-27 02:20:45,baseline-rules,6800000,30.70,75.66,1007.48,31.16,70.87,1007.41,0,0,RULES,1,1,1,
2026-09-27 02:20:46,baseline-rules,6801000,30.70,75.53,1007.44,31.15,70.90,1007.37,0,0,RULES,1,1,1,
2026-09-27 02:20:47,baseline-rules,6802000,30.69,75.62,1007.46,31.16,70.79,1007.35,0,0,RULES,1,1,1,
2026-09-27 02:20:48,baseline-rules,6803000,30.69,75.59,1007.38,31.16,70.86,1007.38,0,0,RULES,1,1,1,
2026-09-27 02:20:49,baseline-rules,6804000,30.70,75.62,1007.50,31.15,70.83,1007.43,0,0,RULES,1,1,1,
2026-09-27 02:20:50,baseline-rules,6805000,30.69,75.63,1007.40,31.15,71.11,1007.34,0,0,RULES,1,1,1,
2026-09-27 02:20:51,baseline-rules,6806000,30.70,75.66,1007.45,31.15,70.87,1007.37,0,0,RULES,1,1,1,
2026-09-27 02:20:52,baseline-rules,6807000,30.70,75.57,1007.44,31.16,70.78,1007.41,0,0,RULES,1,1,1,
2026-09-27 02:20:53,baseline-rules,6808000,30.70,75.61,1007.41,31.16,70.79,1007.38,0,0,RULES,1,1,1,
2026-09-27 02:20:54,baseline-rules,6809000,30.70,75.67,1007.44,31.16,70.84,1007.36,0,0,RULES,1,1,1,
2026-09-27 02:20:55,baseline-rules,6810000,30.69,75.62,1007.43,31.15,70.82,1007.37,0,0,RULES,1,1,1,
2026-09-27 02:20:56,baseline-rules,6811000,30.70,75.57,1007.41,31.15,70.74,1007.39,0,0,RULES,1,1,1,
2026-09-27 02:20:57,baseline-rules,6812000,30.70,75.68,1007.41,31.16,70.95,1007.35,0,0,RULES,1,1,1,
2026-09-27 02:20:58,baseline-rules,6813000,30.70,75.77,1007.41,31.15,70.91,1007.37,0,0,RULES,1,1,1,
2026-09-27 02:20:59,baseline-rules,6814000,30.70,75.91,1007.48,31.16,70.95,1007.38,0,0,RULES,1,1,1,
2026-09-27 02:21:00,baseline-rules,6815000,30.70,75.76,1007.47,31.15,70.88,1007.33,0,0,RULES,1,1,1,
2026-09-27 02:21:01,baseline-rules,6816000,30.70,75.64,1007.47,31.15,70.78,1007.36,0,0,RULES,1,1,1,
2026-09-27 02:21:02,baseline-rules,6817000,30.70,75.76,1007.41,31.15,70.92,1007.33,0,0,RULES,1,1,1,
2026-09-27 02:21:03,baseline-rules,6818000,30.70,75.64,1007.51,31.15,70.82,1007.36,0,0,RULES,1,1,1,
2026-09-27 02:21:04,baseline-rules,6819000,30.71,75.74,1007.46,31.15,70.74,1007.40,0,0,RULES,1,1,1,
2026-09-27 02:21:05,baseline-rules,6820000,30.70,75.80,1007.42,31.15,70.89,1007.40,0,0,RULES,1,1,1,
2026-09-27 02:21:06,baseline-rules,6821000,30.70,75.48,1007.47,31.14,71.24,1007.35,0,0,RULES,1,1,1,
2026-09-27 02:21:07,baseline-rules,6822000,30.70,75.59,1007.42,31.13,71.27,1007.36,0,0,RULES,1,1,1,
2026-09-27 02:21:08,baseline-rules,6823000,30.70,75.55,1007.45,31.15,71.01,1007.33,0,0,RULES,1,1,1,
2026-09-27 02:21:09,baseline-rules,6824000,30.70,75.50,1007.44,31.14,71.04,1007.38,0,0,RULES,1,1,1,
2026-09-27 02:21:10,baseline-rules,6825000,30.69,75.48,1007.46,31.14,71.25,1007.35,0,0,RULES,1,1,1,
2026-09-27 02:21:11,baseline-rules,6826000,30.70,75.55,1007.44,31.14,70.82,1007.33,0,0,RULES,1,1,1,
2026-09-27 02:21:12,baseline-rules,6827000,30.70,75.26,1007.44,31.15,71.14,1007.39,0,0,RULES,1,1,1,
2026-09-27 02:21:13,baseline-rules,6828000,30.70,75.22,1007.41,31.15,71.15,1007.36,0,0,RULES,1,1,1,
2026-09-27 02:21:14,baseline-rules,6829000,30.69,75.47,1007.43,31.14,70.80,1007.38,0,0,RULES,1,1,1,
2026-09-27 02:21:15,baseline-rules,6830000,30.70,75.23,1007.48,31.14,71.21,1007.37,0,0,RULES,1,1,1,
2026-09-27 02:21:16,baseline-rules,6831000,30.70,75.35,1007.45,31.14,70.98,1007.35,0,0,RULES,1,1,1,
2026-09-27 02:21:17,baseline-rules,6832000,30.70,75.13,1007.44,31.15,71.30,1007.39,0,0,RULES,1,1,1,
2026-09-27 02:21:18,baseline-rules,6833000,30.70,75.47,1007.45,31.14,71.11,1007.46,0,0,RULES,1,1,1,
2026-09-27 02:21:19,baseline-rules,6834000,30.70,75.08,1007.50,31.13,71.24,1007.33,0,0,RULES,1,1,1,
2026-09-27 02:21:20,baseline-rules,,,,,,,,,,,,,,mist A=1 B=0 (below lo)
2026-09-27 02:21:20,baseline-rules,6835000,30.71,74.97,1007.40,31.13,71.21,1007.39,1,0,RULES,1,1,1,
2026-09-27 02:21:21,baseline-rules,6836000,30.69,75.17,1007.43,31.13,71.35,1007.33,1,0,RULES,1,1,1,
2026-09-27 02:21:22,baseline-rules,6837000,30.70,75.35,1007.44,31.13,71.30,1007.30,1,0,RULES,1,1,1,
2026-09-27 02:21:23,baseline-rules,6838000,30.70,75.53,1007.45,31.14,70.96,1007.33,1,0,RULES,1,1,1,
2026-09-27 02:21:24,baseline-rules,6839000,30.71,75.30,1007.43,31.12,70.91,1007.29,1,0,RULES,1,1,1,
2026-09-27 02:21:25,baseline-rules,6840000,30.69,75.67,1007.40,31.12,71.09,1007.29,1,0,RULES,1,1,1,
2026-09-27 02:21:26,baseline-rules,6841000,30.70,75.54,1007.44,31.13,70.90,1007.36,1,0,RULES,1,1,1,
2026-09-27 02:21:27,baseline-rules,6842000,30.70,75.50,1007.44,31.12,71.34,1007.29,1,0,RULES,1,1,1,
2026-09-27 02:21:28,baseline-rules,6843000,30.70,75.19,1007.45,31.13,70.98,1007.33,1,0,RULES,1,1,1,
2026-09-27 02:21:29,baseline-rules,6844000,30.69,75.21,1007.43,31.14,71.13,1007.38,1,0,RULES,1,1,1,
2026-09-27 02:21:30,baseline-rules,6845000,30.70,75.20,1007.50,31.12,70.99,1007.41,1,0,RULES,1,1,1,
2026-09-27 02:21:31,baseline-rules,6846000,30.70,75.10,1007.42,31.11,71.13,1007.36,1,0,RULES,1,1,1,
2026-09-27 02:21:32,baseline-rules,6847000,30.70,75.06,1007.41,31.11,71.12,1007.33,1,0,RULES,1,1,1,
2026-09-27 02:21:33,baseline-rules,6848000,30.69,75.02,1007.43,31.12,71.01,1007.34,1,0,RULES,1,1,1,
2026-09-27 02:21:34,baseline-rules,6849000,30.70,75.01,1007.44,31.12,70.94,1007.29,1,0,RULES,1,1,1,
2026-09-27 02:21:35,baseline-rules,6850000,30.70,75.38,1007.41,31.12,70.84,1007.32,1,0,RULES,1,1,1,
2026-09-27 02:21:36,baseline-rules,6851000,30.69,75.33,1007.40,31.11,71.10,1007.33,1,0,RULES,1,1,1,
2026-09-27 02:21:37,baseline-rules,6852000,30.69,75.75,1007.43,31.12,71.03,1007.38,1,0,RULES,1,1,1,
2026-09-27 02:21:38,baseline-rules,6853000,30.70,75.92,1007.47,31.12,71.16,1007.34,1,0,RULES,1,1,1,
2026-09-27 02:21:39,baseline-rules,6854000,30.70,76.48,1007.47,31.12,70.98,1007.35,1,0,RULES,1,1,1,
2026-09-27 02:21:40,baseline-rules,6855000,30.70,76.48,1007.38,31.12,70.96,1007.29,1,0,RULES,1,1,1,
2026-09-27 02:21:41,baseline-rules,6856000,30.70,76.77,1007.38,31.11,70.96,1007.42,1,0,RULES,1,1,1,
2026-09-27 02:21:42,baseline-rules,6857000,30.70,77.34,1007.38,31.12,71.17,1007.35,1,0,RULES,1,1,1,
2026-09-27 02:21:43,baseline-rules,6858000,30.70,77.57,1007.41,31.13,71.02,1007.47,1,0,RULES,1,1,1,
2026-09-27 02:21:44,baseline-rules,6859000,30.70,77.27,1007.44,31.12,70.98,1007.38,1,0,RULES,1,1,1,
2026-09-27 02:21:45,baseline-rules,6860000,30.71,77.48,1007.40,31.13,71.26,1007.30,1,0,RULES,1,1,1,
2026-09-27 02:21:46,baseline-rules,6861000,30.71,77.85,1007.37,31.12,70.91,1007.32,1,0,RULES,1,1,1,
2026-09-27 02:21:47,baseline-rules,6862000,30.71,78.06,1007.46,31.14,70.88,1007.35,1,0,RULES,1,1,1,
2026-09-27 02:21:48,baseline-rules,6863000,30.71,78.69,1007.47,31.14,70.98,1007.37,1,0,RULES,1,1,1,
2026-09-27 02:21:49,baseline-rules,6864000,30.72,78.78,1007.45,31.14,70.88,1007.37,1,0,RULES,1,1,1,
2026-09-27 02:21:50,baseline-rules,6865000,30.72,79.07,1007.42,31.14,70.83,1007.38,1,0,RULES,1,1,1,
2026-09-27 02:21:51,baseline-rules,6866000,30.72,79.68,1007.42,31.13,70.91,1007.31,1,0,RULES,1,1,1,
2026-09-27 02:21:52,baseline-rules,6867000,30.73,79.88,1007.41,31.15,70.96,1007.39,1,0,RULES,1,1,1,
2026-09-27 02:21:53,baseline-rules,6868000,30.73,79.99,1007.47,31.14,70.95,1007.33,1,0,RULES,1,1,1,
2026-09-27 02:21:54,baseline-rules,6869000,30.74,79.97,1007.46,31.15,70.85,1007.33,1,0,RULES,1,1,1,
2026-09-27 02:21:55,baseline-rules,6870000,30.74,80.35,1007.46,31.15,71.17,1007.34,1,0,RULES,1,1,1,
2026-09-27 02:21:56,baseline-rules,6871000,30.74,80.56,1007.42,31.14,70.88,1007.35,1,0,RULES,1,1,1,
2026-09-27 02:21:57,baseline-rules,6872000,30.75,80.80,1007.52,31.14,70.87,1007.35,1,0,RULES,1,1,1,
2026-09-27 02:21:58,baseline-rules,6873000,30.74,80.92,1007.42,31.14,70.98,1007.30,1,0,RULES,1,1,1,
2026-09-27 02:21:59,baseline-rules,6874000,30.75,81.36,1007.42,31.15,70.89,1007.36,1,0,RULES,1,1,1,
2026-09-27 02:22:00,baseline-rules,6875000,30.76,81.30,1007.40,31.15,70.92,1007.37,1,0,RULES,1,1,1,
2026-09-27 02:22:01,baseline-rules,6876000,30.76,81.78,1007.43,31.15,70.82,1007.36,1,0,RULES,1,1,1,
2026-09-27 02:22:02,baseline-rules,6877000,30.76,81.70,1007.45,31.15,71.11,1007.36,1,0,RULES,1,1,1,
2026-09-27 02:22:03,baseline-rules,6878000,30.76,82.04,1007.41,31.14,70.89,1007.41,1,0,RULES,1,1,1,
2026-09-27 02:22:04,baseline-rules,6879000,30.76,82.26,1007.46,31.15,70.85,1007.40,1,0,RULES,1,1,1,
2026-09-27 02:22:05,baseline-rules,6880000,30.77,82.35,1007.47,31.14,70.97,1007.33,1,0,RULES,1,1,1,
2026-09-27 02:22:06,baseline-rules,6881000,30.76,81.82,1007.43,31.15,70.88,1007.36,1,0,RULES,1,1,1,
2026-09-27 02:22:07,baseline-rules,6882000,30.76,81.35,1007.45,31.15,70.83,1007.34,1,0,RULES,1,1,1,
2026-09-27 02:22:08,baseline-rules,6883000,30.76,81.48,1007.45,31.16,71.00,1007.38,1,0,RULES,1,1,1,
2026-09-27 02:22:09,baseline-rules,6884000,30.76,81.60,1007.48,31.16,70.93,1007.33,1,0,RULES,1,1,1,
2026-09-27 02:22:10,baseline-rules,6885000,30.77,81.86,1007.47,31.15,70.89,1007.34,1,0,RULES,1,1,1,
2026-09-27 02:22:11,baseline-rules,6886000,30.76,81.36,1007.48,31.15,70.89,1007.42,1,0,RULES,1,1,1,
2026-09-27 02:22:12,baseline-rules,6887000,30.77,81.96,1007.48,31.15,70.90,1007.37,1,0,RULES,1,1,1,
2026-09-27 02:22:13,baseline-rules,6888000,30.77,82.29,1007.50,31.14,70.95,1007.38,1,0,RULES,1,1,1,
2026-09-27 02:22:14,baseline-rules,6889000,30.76,82.50,1007.46,31.14,70.92,1007.38,1,0,RULES,1,1,1,
2026-09-27 02:22:15,baseline-rules,6890000,30.77,82.77,1007.50,31.14,71.06,1007.38,1,0,RULES,1,1,1,
2026-09-27 02:22:16,baseline-rules,6891000,30.77,83.03,1007.44,31.14,71.08,1007.35,1,0,RULES,1,1,1,
2026-09-27 02:22:17,baseline-rules,6892000,30.76,83.33,1007.43,31.14,71.29,1007.38,1,0,RULES,1,1,1,
2026-09-27 02:22:18,baseline-rules,6893000,30.76,83.54,1007.43,31.14,70.92,1007.33,1,0,RULES,1,1,1,
2026-09-27 02:22:19,baseline-rules,6894000,30.77,83.85,1007.48,31.15,70.92,1007.40,1,0,RULES,1,1,1,
2026-09-27 02:22:20,baseline-rules,6895000,30.76,84.07,1007.45,31.15,70.96,1007.37,1,0,RULES,1,1,1,
2026-09-27 02:22:21,baseline-rules,6896000,30.77,84.26,1007.50,31.16,70.93,1007.44,1,0,RULES,1,1,1,
2026-09-27 02:22:22,baseline-rules,6897000,30.77,84.38,1007.58,31.15,70.82,1007.34,1,0,RULES,1,1,1,
2026-09-27 02:22:23,baseline-rules,6898000,30.76,84.18,1007.43,31.16,70.93,1007.36,1,0,RULES,1,1,1,
2026-09-27 02:22:24,baseline-rules,6899000,30.77,84.52,1007.47,31.16,70.90,1007.39,1,0,RULES,1,1,1,
2026-09-27 02:22:25,baseline-rules,6900000,30.76,84.66,1007.49,31.15,70.99,1007.37,1,0,RULES,1,1,1,
2026-09-27 02:22:26,baseline-rules,6901000,30.76,84.47,1007.45,31.16,70.96,1007.39,1,0,RULES,1,1,1,
2026-09-27 02:22:27,baseline-rules,6902000,30.77,84.56,1007.44,31.16,70.80,1007.33,1,0,RULES,1,1,1,
2026-09-27 02:22:28,baseline-rules,6903000,30.77,84.99,1007.44,31.17,70.95,1007.37,1,0,RULES,1,1,1,
2026-09-27 02:22:29,baseline-rules,6904000,30.76,85.03,1007.52,31.16,71.17,1007.33,1,0,RULES,1,1,1,
2026-09-27 02:22:30,baseline-rules,6905000,30.76,84.94,1007.49,31.16,70.79,1007.33,1,0,RULES,1,1,1,
2026-09-27 02:22:31,baseline-rules,6906000,30.77,85.23,1007.48,31.16,71.24,1007.30,1,0,RULES,1,1,1,
2026-09-27 02:22:32,baseline-rules,6907000,30.77,85.05,1007.47,31.17,71.16,1007.37,1,0,RULES,1,1,1,
2026-09-27 02:22:33,baseline-rules,6908000,30.78,85.02,1007.49,31.17,70.76,1007.42,1,0,RULES,1,1,1,
2026-09-27 02:22:34,baseline-rules,6909000,30.77,85.16,1007.47,31.16,70.76,1007.38,1,0,RULES,1,1,1,
2026-09-27 02:22:35,baseline-rules,6910000,30.76,85.47,1007.46,31.15,71.00,1007.29,1,0,RULES,1,1,1,
2026-09-27 02:22:36,baseline-rules,6911000,30.76,85.22,1007.48,31.16,70.97,1007.33,1,0,RULES,1,1,1,
2026-09-27 02:22:37,baseline-rules,6912000,30.76,85.35,1007.43,31.15,70.91,1007.37,1,0,RULES,1,1,1,
2026-09-27 02:22:38,baseline-rules,6913000,30.76,85.69,1007.49,31.17,70.97,1007.40,1,0,RULES,1,1,1,
2026-09-27 02:22:39,baseline-rules,6914000,30.76,85.68,1007.46,31.15,71.11,1007.31,1,0,RULES,1,1,1,
2026-09-27 02:22:40,baseline-rules,6915000,30.76,85.59,1007.48,31.16,71.24,1007.33,1,0,RULES,1,1,1,
2026-09-27 02:22:41,baseline-rules,6916000,30.77,85.75,1007.47,31.17,70.85,1007.42,1,0,RULES,1,1,1,
2026-09-27 02:22:42,baseline-rules,6917000,30.76,85.52,1007.49,31.16,70.73,1007.35,1,0,RULES,1,1,1,
2026-09-27 02:22:43,baseline-rules,6918000,30.75,85.53,1007.41,31.16,71.14,1007.41,1,0,RULES,1,1,1,
2026-09-27 02:22:44,baseline-rules,6919000,30.75,85.45,1007.47,31.16,70.78,1007.35,1,0,RULES,1,1,1,
2026-09-27 02:22:45,baseline-rules,6920000,30.74,85.12,1007.48,31.15,70.72,1007.37,1,0,RULES,1,1,1,
2026-09-27 02:22:46,baseline-rules,6921000,30.71,84.65,1007.40,31.16,70.81,1007.38,1,0,RULES,1,1,1,
2026-09-27 02:22:47,baseline-rules,6922000,30.70,84.28,1007.51,31.15,70.75,1007.37,1,0,RULES,1,1,1,
2026-09-27 02:22:48,baseline-rules,6923000,30.68,83.88,1007.45,31.15,70.79,1007.40,1,0,RULES,1,1,1,
2026-09-27 02:22:49,baseline-rules,6924000,30.71,84.01,1007.51,31.14,71.02,1007.35,1,0,RULES,1,1,1,
2026-09-27 02:22:50,baseline-rules,6925000,30.69,84.13,1007.46,31.15,71.21,1007.33,1,0,RULES,1,1,1,
2026-09-27 02:22:51,baseline-rules,6926000,30.69,84.32,1007.40,31.16,70.75,1007.35,1,0,RULES,1,1,1,
2026-09-27 02:22:52,baseline-rules,6927000,30.67,83.78,1007.45,31.15,70.89,1007.37,1,0,RULES,1,1,1,
2026-09-27 02:22:53,baseline-rules,6928000,30.69,84.34,1007.49,31.15,70.88,1007.43,1,0,RULES,1,1,1,
2026-09-27 02:22:54,baseline-rules,6929000,30.68,84.70,1007.49,31.16,70.84,1007.44,1,0,RULES,1,1,1,
2026-09-27 02:22:55,baseline-rules,6930000,30.68,84.93,1007.44,31.15,70.94,1007.40,1,0,RULES,1,1,1,
2026-09-27 02:22:56,baseline-rules,6931000,30.67,84.97,1007.46,31.15,70.73,1007.37,1,0,RULES,1,1,1,
2026-09-27 02:22:57,baseline-rules,6932000,30.67,85.24,1007.48,31.16,70.85,1007.32,1,0,RULES,1,1,1,
2026-09-27 02:22:58,baseline-rules,6933000,30.67,85.36,1007.46,31.16,71.05,1007.41,1,0,RULES,1,1,1,
2026-09-27 02:22:59,baseline-rules,6934000,30.68,85.28,1007.52,31.15,70.81,1007.31,1,0,RULES,1,1,1,
2026-09-27 02:23:00,baseline-rules,6935000,30.68,85.30,1007.47,31.16,70.77,1007.36,1,0,RULES,1,1,1,
2026-09-27 02:23:01,baseline-rules,6936000,30.67,85.39,1007.40,31.16,70.87,1007.38,1,0,RULES,1,1,1,
2026-09-27 02:23:02,baseline-rules,6937000,30.68,85.14,1007.41,31.16,70.86,1007.39,1,0,RULES,1,1,1,
2026-09-27 02:23:03,baseline-rules,6938000,30.66,85.08,1007.46,31.16,71.24,1007.38,1,0,RULES,1,1,1,
2026-09-27 02:23:04,baseline-rules,6939000,30.64,84.64,1007.41,31.15,70.74,1007.34,1,0,RULES,1,1,1,
2026-09-27 02:23:05,baseline-rules,6940000,30.65,84.70,1007.42,31.16,70.84,1007.35,1,0,RULES,1,1,1,
2026-09-27 02:23:06,baseline-rules,6941000,30.67,85.28,1007.45,31.16,70.89,1007.41,1,0,RULES,1,1,1,
2026-09-27 02:23:07,baseline-rules,6942000,30.65,85.38,1007.37,31.16,70.75,1007.36,1,0,RULES,1,1,1,
2026-09-27 02:23:08,baseline-rules,6943000,30.66,85.25,1007.43,31.16,70.94,1007.39,1,0,RULES,1,1,1,
2026-09-27 02:23:09,baseline-rules,6944000,30.66,85.51,1007.38,31.16,70.77,1007.35,1,0,RULES,1,1,1,
2026-09-27 02:23:10,baseline-rules,6945000,30.67,85.87,1007.45,31.16,70.77,1007.35,1,0,RULES,1,1,1,
2026-09-27 02:23:11,baseline-rules,6946000,30.67,85.80,1007.48,31.16,70.76,1007.36,1,0,RULES,1,1,1,
2026-09-27 02:23:12,baseline-rules,6947000,30.66,85.79,1007.43,31.17,71.01,1007.40,1,0,RULES,1,1,1,
2026-09-27 02:23:13,baseline-rules,6948000,30.67,86.17,1007.45,31.17,70.94,1007.37,1,0,RULES,1,1,1,
2026-09-27 02:23:14,baseline-rules,6949000,30.67,86.16,1007.40,31.16,70.84,1007.30,1,0,RULES,1,1,1,
2026-09-27 02:23:15,baseline-rules,6950000,30.68,86.07,1007.41,31.17,70.83,1007.34,1,0,RULES,1,1,1,
2026-09-27 02:23:16,baseline-rules,6951000,30.68,86.37,1007.47,31.16,70.79,1007.35,1,0,RULES,1,1,1,
2026-09-27 02:23:17,baseline-rules,6952000,30.68,86.13,1007.44,31.15,70.70,1007.31,1,0,RULES,1,1,1,
2026-09-27 02:23:18,baseline-rules,6953000,30.67,85.99,1007.42,31.16,70.89,1007.32,1,0,RULES,1,1,1,
2026-09-27 02:23:19,baseline-rules,6954000,30.68,86.11,1007.39,31.15,70.90,1007.33,1,0,RULES,1,1,1,
2026-09-27 02:23:20,baseline-rules,6955000,30.67,86.08,1007.49,31.16,70.75,1007.41,1,0,RULES,1,1,1,
2026-09-27 02:23:21,baseline-rules,6956000,30.68,86.42,1007.45,31.14,70.92,1007.38,1,0,RULES,1,1,1,
2026-09-27 02:23:22,baseline-rules,6957000,30.68,86.31,1007.47,31.15,70.86,1007.31,1,0,RULES,1,1,1,
2026-09-27 02:23:23,baseline-rules,6958000,30.68,86.51,1007.44,31.16,70.91,1007.35,1,0,RULES,1,1,1,
2026-09-27 02:23:24,baseline-rules,6959000,30.68,86.42,1007.52,31.16,70.79,1007.32,1,0,RULES,1,1,1,
2026-09-27 02:23:25,baseline-rules,6960000,30.68,86.63,1007.45,31.15,71.03,1007.37,1,0,RULES,1,1,1,
2026-09-27 02:23:26,baseline-rules,6961000,30.68,86.52,1007.47,31.15,70.92,1007.37,1,0,RULES,1,1,1,
2026-09-27 02:23:27,baseline-rules,6962000,30.68,86.53,1007.47,31.15,71.20,1007.33,1,0,RULES,1,1,1,
2026-09-27 02:23:28,baseline-rules,6963000,30.67,86.68,1007.53,31.15,70.94,1007.34,1,0,RULES,1,1,1,
2026-09-27 02:23:29,baseline-rules,6964000,30.66,86.39,1007.50,31.14,70.76,1007.33,1,0,RULES,1,1,1,
2026-09-27 02:23:30,baseline-rules,6965000,30.67,86.58,1007.48,31.16,70.78,1007.38,1,0,RULES,1,1,1,
2026-09-27 02:23:31,baseline-rules,6966000,30.68,86.49,1007.49,31.15,70.75,1007.37,1,0,RULES,1,1,1,
2026-09-27 02:23:32,baseline-rules,6967000,30.67,86.75,1007.51,31.16,70.82,1007.35,1,0,RULES,1,1,1,
2026-09-27 02:23:33,baseline-rules,6968000,30.68,86.44,1007.44,31.15,70.82,1007.34,1,0,RULES,1,1,1,
2026-09-27 02:23:34,baseline-rules,6969000,30.68,86.91,1007.49,31.15,71.01,1007.33,1,0,RULES,1,1,1,
2026-09-27 02:23:35,baseline-rules,6970000,30.67,86.71,1007.45,31.14,70.78,1007.33,1,0,RULES,1,1,1,
2026-09-27 02:23:36,baseline-rules,6971000,30.67,86.90,1007.45,31.15,70.90,1007.40,1,0,RULES,1,1,1,
2026-09-27 02:23:37,baseline-rules,6972000,30.67,86.96,1007.42,31.15,70.95,1007.40,1,0,RULES,1,1,1,
2026-09-27 02:23:38,baseline-rules,6973000,30.67,86.95,1007.48,31.15,70.88,1007.31,1,0,RULES,1,1,1,
2026-09-27 02:23:39,baseline-rules,6974000,30.66,86.85,1007.47,31.15,70.82,1007.31,1,0,RULES,1,1,1,
2026-09-27 02:23:40,baseline-rules,6975000,30.66,86.85,1007.47,31.15,70.92,1007.40,1,0,RULES,1,1,1,
2026-09-27 02:23:41,baseline-rules,6976000,30.69,86.80,1007.54,31.15,70.82,1007.31,1,0,RULES,1,1,1,
2026-09-27 02:23:42,baseline-rules,6977000,30.67,87.08,1007.42,31.15,70.94,1007.34,1,0,RULES,1,1,1,
2026-09-27 02:23:43,baseline-rules,6978000,30.68,87.06,1007.47,31.14,71.01,1007.32,1,0,RULES,1,1,1,
2026-09-27 02:23:44,baseline-rules,6979000,30.66,86.88,1007.53,31.14,70.73,1007.33,1,0,RULES,1,1,1,
2026-09-27 02:23:45,baseline-rules,6980000,30.66,87.14,1007.44,31.14,70.73,1007.33,1,0,RULES,1,1,1,
2026-09-27 02:23:46,baseline-rules,6981000,30.66,86.80,1007.44,31.15,71.09,1007.31,1,0,RULES,1,1,1,
2026-09-27 02:23:47,baseline-rules,6982000,30.66,87.07,1007.50,31.14,70.80,1007.35,1,0,RULES,1,1,1,
2026-09-27 02:23:48,baseline-rules,6983000,30.65,87.14,1007.45,31.14,70.98,1007.38,1,0,RULES,1,1,1,
2026-09-27 02:23:49,baseline-rules,6984000,30.66,87.06,1007.41,31.15,70.89,1007.31,1,0,RULES,1,1,1,
2026-09-27 02:23:50,baseline-rules,6985000,30.66,87.17,1007.52,31.14,70.74,1007.30,1,0,RULES,1,1,1,
2026-09-27 02:23:51,baseline-rules,6986000,30.67,86.83,1007.53,31.15,70.87,1007.31,1,0,RULES,1,1,1,
2026-09-27 02:23:52,baseline-rules,6987000,30.67,86.93,1007.49,31.15,71.04,1007.33,1,0,RULES,1,1,1,
2026-09-27 02:23:53,baseline-rules,6988000,30.66,87.04,1007.47,31.15,71.09,1007.33,1,0,RULES,1,1,1,
2026-09-27 02:23:54,baseline-rules,6989000,30.65,87.11,1007.45,31.15,70.80,1007.37,1,0,RULES,1,1,1,
2026-09-27 02:23:55,baseline-rules,6990000,30.66,87.04,1007.50,31.15,70.92,1007.34,1,0,RULES,1,1,1,
2026-09-27 02:23:56,baseline-rules,6991000,30.66,87.23,1007.46,31.16,70.88,1007.35,1,0,RULES,1,1,1,
2026-09-27 02:23:57,baseline-rules,6992000,30.66,87.18,1007.47,31.16,70.99,1007.35,1,0,RULES,1,1,1,
2026-09-27 02:23:58,baseline-rules,6993000,30.66,86.95,1007.41,31.14,71.19,1007.35,1,0,RULES,1,1,1,
2026-09-27 02:23:59,baseline-rules,6994000,30.66,87.33,1007.53,31.14,70.97,1007.33,1,0,RULES,1,1,1,
2026-09-27 02:24:00,baseline-rules,6995000,30.66,87.21,1007.55,31.15,71.03,1007.40,1,0,RULES,1,1,1,
2026-09-27 02:24:01,baseline-rules,6996000,30.66,87.30,1007.49,31.15,70.77,1007.34,1,0,RULES,1,1,1,
2026-09-27 02:24:02,baseline-rules,6997000,30.66,87.09,1007.43,31.15,70.86,1007.37,1,0,RULES,1,1,1,
2026-09-27 02:24:03,baseline-rules,6998000,30.66,87.30,1007.41,31.15,70.77,1007.39,1,0,RULES,1,1,1,
2026-09-27 02:24:04,baseline-rules,6999000,30.67,87.31,1007.46,31.15,70.88,1007.37,1,0,RULES,1,1,1,
2026-09-27 02:24:05,baseline-rules,7000000,30.66,87.41,1007.52,31.15,70.83,1007.43,1,0,RULES,1,1,1,
2026-09-27 02:24:06,baseline-rules,7001000,30.66,87.36,1007.49,31.16,70.93,1007.33,1,0,RULES,1,1,1,
2026-09-27 02:24:07,baseline-rules,7002000,30.66,87.17,1007.52,31.15,71.01,1007.36,1,0,RULES,1,1,1,
2026-09-27 02:24:08,baseline-rules,7003000,30.67,87.21,1007.51,31.15,70.89,1007.37,1,0,RULES,1,1,1,
2026-09-27 02:24:09,baseline-rules,7004000,30.66,87.30,1007.47,31.15,70.82,1007.31,1,0,RULES,1,1,1,
2026-09-27 02:24:10,baseline-rules,7005000,30.67,87.54,1007.48,31.15,71.23,1007.37,1,0,RULES,1,1,1,
2026-09-27 02:24:11,baseline-rules,7006000,30.67,87.52,1007.48,31.15,71.00,1007.40,1,0,RULES,1,1,1,
2026-09-27 02:24:12,baseline-rules,7007000,30.66,87.50,1007.50,31.16,70.75,1007.32,1,0,RULES,1,1,1,
2026-09-27 02:24:13,baseline-rules,7008000,30.66,87.50,1007.49,31.15,70.80,1007.34,1,0,RULES,1,1,1,
2026-09-27 02:24:14,baseline-rules,7009000,30.66,87.53,1007.47,31.15,70.80,1007.37,1,0,RULES,1,1,1,
2026-09-27 02:24:15,baseline-rules,7010000,30.66,87.51,1007.53,31.16,70.80,1007.35,1,0,RULES,1,1,1,
2026-09-27 02:24:16,baseline-rules,7011000,30.66,87.45,1007.44,31.16,70.89,1007.38,1,0,RULES,1,1,1,
2026-09-27 02:24:17,baseline-rules,7012000,30.66,87.29,1007.47,31.15,70.94,1007.40,1,0,RULES,1,1,1,
2026-09-27 02:24:18,baseline-rules,7013000,30.65,87.29,1007.40,31.15,71.18,1007.34,1,0,RULES,1,1,1,
2026-09-27 02:24:19,baseline-rules,7014000,30.66,87.28,1007.47,31.14,70.95,1007.38,1,0,RULES,1,1,1,
2026-09-27 02:24:20,baseline-rules,7015000,30.66,87.30,1007.44,31.14,70.96,1007.33,1,0,RULES,1,1,1,
2026-09-27 02:24:21,baseline-rules,7016000,30.66,87.26,1007.50,31.16,70.94,1007.39,1,0,RULES,1,1,1,
2026-09-27 02:24:22,baseline-rules,7017000,30.65,87.54,1007.47,31.15,70.95,1007.36,1,0,RULES,1,1,1,
2026-09-27 02:24:23,baseline-rules,7018000,30.66,87.65,1007.43,31.15,71.18,1007.45,1,0,RULES,1,1,1,
2026-09-27 02:24:24,baseline-rules,7019000,30.66,87.60,1007.49,31.15,71.22,1007.39,1,0,RULES,1,1,1,
2026-09-27 02:24:25,baseline-rules,7020000,30.66,87.55,1007.52,31.14,71.02,1007.35,1,0,RULES,1,1,1,
2026-09-27 02:24:26,baseline-rules,7021000,30.66,87.69,1007.46,31.15,70.82,1007.33,1,0,RULES,1,1,1,
2026-09-27 02:24:27,baseline-rules,7022000,30.66,87.65,1007.43,31.15,71.18,1007.37,1,0,RULES,1,1,1,
2026-09-27 02:24:28,baseline-rules,7023000,30.65,87.65,1007.48,31.16,70.93,1007.27,1,0,RULES,1,1,1,
2026-09-27 02:24:29,baseline-rules,7024000,30.67,87.52,1007.48,31.15,71.12,1007.34,1,0,RULES,1,1,1,
2026-09-27 02:24:30,baseline-rules,7025000,30.66,87.59,1007.46,31.16,70.79,1007.35,1,0,RULES,1,1,1,
2026-09-27 02:24:31,baseline-rules,7026000,30.65,87.73,1007.45,31.15,70.89,1007.42,1,0,RULES,1,1,1,
2026-09-27 02:24:32,baseline-rules,7027000,30.64,87.56,1007.48,31.15,70.86,1007.34,1,0,RULES,1,1,1,
2026-09-27 02:24:33,baseline-rules,7028000,30.65,87.54,1007.47,31.16,70.87,1007.39,1,0,RULES,1,1,1,
2026-09-27 02:24:34,baseline-rules,7029000,30.65,87.71,1007.39,31.15,70.77,1007.34,1,0,RULES,1,1,1,
2026-09-27 02:24:35,baseline-rules,7030000,30.64,87.69,1007.46,31.15,71.08,1007.34,1,0,RULES,1,1,1,
2026-09-27 02:24:36,baseline-rules,7031000,30.65,87.55,1007.44,31.15,70.73,1007.34,1,0,RULES,1,1,1,
2026-09-27 02:24:37,baseline-rules,7032000,30.65,87.67,1007.53,31.14,70.93,1007.33,1,0,RULES,1,1,1,
2026-09-27 02:24:38,baseline-rules,7033000,30.64,87.73,1007.46,31.15,70.81,1007.34,1,0,RULES,1,1,1,
2026-09-27 02:24:39,baseline-rules,7034000,30.64,87.39,1007.48,31.15,70.82,1007.40,1,0,RULES,1,1,1,
2026-09-27 02:24:40,baseline-rules,7035000,30.63,87.71,1007.42,31.15,70.80,1007.37,1,0,RULES,1,1,1,
2026-09-27 02:24:41,baseline-rules,7036000,30.63,87.44,1007.44,31.14,70.69,1007.33,1,0,RULES,1,1,1,
2026-09-27 02:24:42,baseline-rules,7037000,30.64,87.49,1007.46,31.14,70.93,1007.35,1,0,RULES,1,1,1,
2026-09-27 02:24:43,baseline-rules,7038000,30.64,87.75,1007.40,31.14,70.83,1007.41,1,0,RULES,1,1,1,
2026-09-27 02:24:44,baseline-rules,7039000,30.63,87.63,1007.48,31.15,70.85,1007.39,1,0,RULES,1,1,1,
2026-09-27 02:24:45,baseline-rules,7040000,30.63,87.71,1007.44,31.14,70.94,1007.37,1,0,RULES,1,1,1,
2026-09-27 02:24:46,baseline-rules,7041000,30.64,87.59,1007.46,31.15,70.89,1007.34,1,0,RULES,1,1,1,
2026-09-27 02:24:47,baseline-rules,7042000,30.63,87.61,1007.42,31.14,70.89,1007.38,1,0,RULES,1,1,1,
2026-09-27 02:24:48,baseline-rules,7043000,30.63,87.73,1007.50,31.14,71.00,1007.26,1,0,RULES,1,1,1,
2026-09-27 02:24:49,baseline-rules,7044000,30.63,87.82,1007.39,31.13,71.14,1007.36,1,0,RULES,1,1,1,
2026-09-27 02:24:50,baseline-rules,7045000,30.62,87.74,1007.51,31.13,70.98,1007.37,1,0,RULES,1,1,1,
2026-09-27 02:24:51,baseline-rules,7046000,30.63,87.58,1007.45,31.14,70.97,1007.32,1,0,RULES,1,1,1,
2026-09-27 02:24:52,baseline-rules,7047000,30.62,87.56,1007.49,31.13,71.01,1007.39,1,0,RULES,1,1,1,
2026-09-27 02:24:53,baseline-rules,7048000,30.62,87.87,1007.49,31.12,71.01,1007.32,1,0,RULES,1,1,1,
2026-09-27 02:24:54,baseline-rules,7049000,30.62,87.62,1007.45,31.13,70.88,1007.37,1,0,RULES,1,1,1,
2026-09-27 02:24:55,baseline-rules,7050000,30.62,87.92,1007.46,31.13,70.75,1007.39,1,0,RULES,1,1,1,
2026-09-27 02:24:56,baseline-rules,7051000,30.62,87.85,1007.42,31.14,71.21,1007.38,1,0,RULES,1,1,1,
2026-09-27 02:24:57,baseline-rules,7052000,30.62,87.64,1007.45,31.14,70.68,1007.43,1,0,RULES,1,1,1,
2026-09-27 02:24:58,baseline-rules,7053000,30.61,87.89,1007.42,31.13,70.96,1007.33,1,0,RULES,1,1,1,
2026-09-27 02:24:59,baseline-rules,7054000,30.61,87.81,1007.50,31.13,70.81,1007.30,1,0,RULES,1,1,1,
2026-09-27 02:25:00,baseline-rules,7055000,30.61,87.91,1007.44,31.13,70.85,1007.33,1,0,RULES,1,1,1,
2026-09-27 02:25:01,baseline-rules,7056000,30.61,87.67,1007.41,31.14,70.79,1007.35,1,0,RULES,1,1,1,
2026-09-27 02:25:02,baseline-rules,7057000,30.60,87.94,1007.40,31.13,70.72,1007.30,1,0,RULES,1,1,1,
2026-09-27 02:25:03,baseline-rules,7058000,30.60,87.90,1007.46,31.13,70.85,1007.33,1,0,RULES,1,1,1,
2026-09-27 02:25:04,baseline-rules,7059000,30.60,87.91,1007.46,31.14,70.99,1007.37,1,0,RULES,1,1,1,
2026-09-27 02:25:05,baseline-rules,7060000,30.60,87.97,1007.45,31.14,70.70,1007.37,1,0,RULES,1,1,1,
2026-09-27 02:25:06,baseline-rules,7061000,30.60,87.70,1007.43,31.14,70.73,1007.38,1,0,RULES,1,1,1,
2026-09-27 02:25:07,baseline-rules,7062000,30.60,87.83,1007.46,31.14,70.74,1007.38,1,0,RULES,1,1,1,
2026-09-27 02:25:08,baseline-rules,7063000,30.60,87.64,1007.45,31.13,70.76,1007.31,1,0,RULES,1,1,1,
2026-09-27 02:25:09,baseline-rules,7064000,30.54,87.45,1007.50,31.13,70.83,1007.30,1,0,RULES,1,1,1,
2026-09-27 02:25:10,baseline-rules,7065000,30.53,87.54,1007.46,31.14,70.82,1007.35,1,0,RULES,1,1,1,
2026-09-27 02:25:11,baseline-rules,7066000,30.52,87.27,1007.50,31.12,70.88,1007.32,1,0,RULES,1,1,1,
2026-09-27 02:25:12,baseline-rules,7067000,30.52,87.40,1007.50,31.14,70.70,1007.37,1,0,RULES,1,1,1,
2026-09-27 02:25:13,baseline-rules,7068000,30.53,87.57,1007.46,31.12,71.22,1007.38,1,0,RULES,1,1,1,
2026-09-27 02:25:14,baseline-rules,7069000,30.52,87.45,1007.50,31.13,70.87,1007.36,1,0,RULES,1,1,1,
2026-09-27 02:25:15,baseline-rules,7070000,30.52,87.60,1007.41,31.14,70.91,1007.33,1,0,RULES,1,1,1,
2026-09-27 02:25:16,baseline-rules,7071000,30.53,87.79,1007.46,31.14,70.72,1007.32,1,0,RULES,1,1,1,
2026-09-27 02:25:17,baseline-rules,7072000,30.54,87.42,1007.47,31.14,70.72,1007.33,1,0,RULES,1,1,1,
2026-09-27 02:25:18,baseline-rules,7073000,30.52,87.55,1007.45,31.14,70.74,1007.32,1,0,RULES,1,1,1,
2026-09-27 02:25:19,baseline-rules,7074000,30.54,87.62,1007.47,31.14,70.75,1007.37,1,0,RULES,1,1,1,
2026-09-27 02:25:20,baseline-rules,7075000,30.53,87.48,1007.44,31.14,70.73,1007.33,1,0,RULES,1,1,1,
2026-09-27 02:25:21,baseline-rules,7076000,30.53,87.50,1007.44,31.14,70.98,1007.35,1,0,RULES,1,1,1,
2026-09-27 02:25:22,baseline-rules,7077000,30.54,87.81,1007.42,31.14,70.98,1007.40,1,0,RULES,1,1,1,
2026-09-27 02:25:23,baseline-rules,7078000,30.53,87.81,1007.49,31.14,70.90,1007.33,1,0,RULES,1,1,1,
2026-09-27 02:25:24,baseline-rules,7079000,30.53,87.60,1007.38,31.14,70.84,1007.37,1,0,RULES,1,1,1,
2026-09-27 02:25:25,baseline-rules,7080000,30.53,87.64,1007.46,31.14,70.84,1007.35,1,0,RULES,1,1,1,
2026-09-27 02:25:26,baseline-rules,7081000,30.53,87.79,1007.52,31.14,70.74,1007.38,1,0,RULES,1,1,1,
2026-09-27 02:25:27,baseline-rules,7082000,30.53,87.58,1007.49,31.15,70.75,1007.31,1,0,RULES,1,1,1,
2026-09-27 02:25:28,baseline-rules,7083000,30.53,87.57,1007.46,31.15,70.90,1007.40,1,0,RULES,1,1,1,
2026-09-27 02:25:29,baseline-rules,7084000,30.53,87.93,1007.44,31.15,70.68,1007.39,1,0,RULES,1,1,1,
2026-09-27 02:25:30,baseline-rules,7085000,30.54,87.88,1007.47,31.15,70.72,1007.40,1,0,RULES,1,1,1,
2026-09-27 02:25:31,baseline-rules,7086000,30.53,87.74,1007.46,31.16,70.73,1007.35,1,0,RULES,1,1,1,
2026-09-27 02:25:32,baseline-rules,7087000,30.54,87.79,1007.45,31.15,70.72,1007.34,1,0,RULES,1,1,1,
2026-09-27 02:25:33,baseline-rules,7088000,30.53,87.83,1007.49,31.15,70.72,1007.40,1,0,RULES,1,1,1,
2026-09-27 02:25:34,baseline-rules,7089000,30.52,87.99,1007.44,31.15,70.79,1007.31,1,0,RULES,1,1,1,
2026-09-27 02:25:35,baseline-rules,7090000,30.52,87.96,1007.45,31.15,70.68,1007.34,1,0,RULES,1,1,1,
2026-09-27 02:25:36,baseline-rules,7091000,30.51,87.93,1007.40,31.16,70.67,1007.35,1,0,RULES,1,1,1,
2026-09-27 02:25:37,baseline-rules,7092000,30.53,87.67,1007.48,31.15,70.74,1007.36,1,0,RULES,1,1,1,
2026-09-27 02:25:38,baseline-rules,7093000,30.50,87.52,1007.49,31.15,70.77,1007.29,1,0,RULES,1,1,1,
2026-09-27 02:25:39,baseline-rules,7094000,30.48,87.55,1007.47,31.15,70.78,1007.31,1,0,RULES,1,1,1,
2026-09-27 02:25:40,baseline-rules,7095000,30.50,87.44,1007.47,31.15,70.77,1007.37,1,0,RULES,1,1,1,
2026-09-27 02:25:41,baseline-rules,7096000,30.51,87.73,1007.48,31.15,70.64,1007.33,1,0,RULES,1,1,1,
2026-09-27 02:25:42,end,,,,,,,,,,,,,,mist A=0 B=0 (manual)
2026-09-27 02:25:42,end,,,,,,,,,,,,,,mode OFF
2026-09-27 02:25:42,end,,,,,,,,,,,,,,"S,mode=OFF,lo=75.0,hi=90.0,max=300,cool=180,man=400,use=A,period=1,in=ok,out=ok,tank=ok,mistA=0,mistB=0"
2026-09-27 02:25:42,end,7097000,30.50,87.65,1007.46,31.16,71.17,1007.38,0,0,OFF,1,1,1,
2026-09-27 02:25:43,end,7098000,30.50,87.66,1007.41,31.16,70.86,1007.39,0,0,OFF,1,1,1,
