pc_time,phase,ms,t_in,rh_in,p_in,t_out,rh_out,p_out,mistA,mistB,mode,in_ok,out_ok,tank_ok,event
2026-09-27 21:03:24,idle,,,,,,,,,,,,,,"S,mode=OFF,lo=75.0,hi=90.0,max=300,cool=180,man=400,use=A,period=1,in=ok,out=ok,tank=ok,mistA=0,mistB=0"
2026-09-27 21:03:24,idle,,,,,,,,,,,,,,mode MANUAL
2026-09-27 21:03:24,idle,4115000,30.47,76.84,1005.51,31.59,69.66,1005.31,0,0,MANUAL,1,1,1,
2026-09-27 21:03:25,idle,4116000,30.47,76.46,1005.62,31.59,69.48,1005.34,0,0,MANUAL,1,1,1,
2026-09-27 21:03:26,brain,,,,,,,,,,,,,,MARK  brain block start
2026-09-27 21:03:26,brain,4117000,30.48,76.02,1005.57,31.59,69.54,1005.28,0,0,MANUAL,1,1,1,
2026-09-27 21:03:27,brain,4118000,30.48,75.86,1005.58,31.59,69.29,1005.28,0,0,MANUAL,1,1,1,
2026-09-27 21:03:27,brain,,,,,,,,,,,,,,mist A=1 B=0 (manual)
2026-09-27 21:03:28,brain,4119000,30.49,76.85,1005.62,31.58,69.29,1005.27,1,0,MANUAL,1,1,1,
2026-09-27 21:03:29,brain,4120000,30.49,76.88,1005.53,31.59,69.22,1005.31,1,0,MANUAL,1,1,1,
2026-09-27 21:03:30,brain,4121000,30.50,77.92,1005.57,31.59,69.53,1005.30,1,0,MANUAL,1,1,1,
2026-09-27 21:03:31,brain,4122000,30.50,77.21,1005.47,31.59,69.33,1005.31,1,0,MANUAL,1,1,1,
2026-09-27 21:03:32,brain,4123000,30.51,76.80,1005.57,31.58,69.23,1005.30,1,0,MANUAL,1,1,1,
2026-09-27 21:03:33,brain,4124000,30.51,76.19,1005.59,31.60,69.20,1005.27,1,0,MANUAL,1,1,1,
2026-09-27 21:03:34,brain,4125000,30.51,76.48,1005.54,31.59,69.35,1005.28,1,0,MANUAL,1,1,1,
2026-09-27 21:03:35,brain,4126000,30.51,76.55,1005.57,31.59,69.30,1005.31,1,0,MANUAL,1,1,1,
2026-09-27 21:03:36,brain,4127000,30.52,76.67,1005.61,31.60,69.29,1005.32,1,0,MANUAL,1,1,1,
2026-09-27 21:03:37,brain,4128000,30.51,76.61,1005.51,31.59,69.15,1005.26,1,0,MANUAL,1,1,1,
2026-09-27 21:03:38,brain,4129000,30.52,77.36,1005.55,31.59,69.29,1005.26,1,0,MANUAL,1,1,1,
2026-09-27 21:03:39,brain,4130000,30.52,76.59,1005.59,31.59,69.32,1005.23,1,0,MANUAL,1,1,1,
2026-09-27 21:03:40,brain,4131000,30.52,75.88,1005.61,31.59,69.59,1005.25,1,0,MANUAL,1,1,1,
2026-09-27 21:03:41,brain,4132000,30.52,75.93,1005.55,31.60,69.49,1005.35,1,0,MANUAL,1,1,1,
2026-09-27 21:03:42,brain,4133000,30.52,76.08,1005.58,31.60,69.19,1005.26,1,0,MANUAL,1,1,1,
2026-09-27 21:03:43,brain,4134000,30.51,75.79,1005.57,31.59,69.31,1005.28,1,0,MANUAL,1,1,1,
2026-09-27 21:03:44,brain,4135000,30.51,76.03,1005.51,31.60,69.21,1005.29,1,0,MANUAL,1,1,1,
2026-09-27 21:03:45,brain,4136000,30.53,75.74,1005.60,31.59,69.23,1005.28,1,0,MANUAL,1,1,1,
2026-09-27 21:03:46,brain,4137000,30.52,76.07,1005.53,31.60,69.34,1005.32,1,0,MANUAL,1,1,1,
2026-09-27 21:03:47,brain,4138000,30.53,75.91,1005.55,31.59,69.23,1005.28,1,0,MANUAL,1,1,1,
2026-09-27 21:03:48,brain,4139000,30.52,76.50,1005.59,31.59,69.30,1005.23,1,0,MANUAL,1,1,1,
2026-09-27 21:03:49,brain,4140000,30.54,78.17,1005.53,31.60,69.30,1005.26,1,0,MANUAL,1,1,1,
2026-09-27 21:03:50,brain,4141000,30.52,77.19,1005.64,31.58,69.30,1005.27,1,0,MANUAL,1,1,1,
2026-09-27 21:03:51,brain,4142000,30.53,77.35,1005.57,31.59,69.29,1005.31,1,0,MANUAL,1,1,1,
2026-09-27 21:03:52,brain,4143000,30.53,79.20,1005.60,31.59,69.63,1005.26,1,0,MANUAL,1,1,1,
2026-09-27 21:03:53,brain,4144000,30.51,77.39,1005.57,31.60,69.27,1005.29,1,0,MANUAL,1,1,1,
2026-09-27 21:03:54,brain,4145000,30.52,76.94,1005.55,31.59,69.22,1005.31,1,0,MANUAL,1,1,1,
2026-09-27 21:03:55,brain,4146000,30.53,76.96,1005.60,31.59,69.25,1005.31,1,0,MANUAL,1,1,1,
2026-09-27 21:03:56,brain,4147000,30.52,78.49,1005.62,31.59,69.30,1005.30,1,0,MANUAL,1,1,1,
2026-09-27 21:03:57,brain,4148000,30.50,78.00,1005.55,31.59,69.35,1005.26,1,0,MANUAL,1,1,1,
2026-09-27 21:03:58,brain,4149000,30.50,77.17,1005.57,31.59,69.25,1005.26,1,0,MANUAL,1,1,1,
2026-09-27 21:03:59,brain,4150000,30.50,77.61,1005.55,31.59,69.19,1005.28,1,0,MANUAL,1,1,1,
2026-09-27 21:04:00,brain,4151000,30.52,79.29,1005.61,31.59,69.51,1005.31,1,0,MANUAL,1,1,1,
2026-09-27 21:04:01,brain,4152000,30.53,80.65,1005.54,31.58,69.46,1005.27,1,0,MANUAL,1,1,1,
2026-09-27 21:04:02,brain,4153000,30.52,80.35,1005.59,31.59,69.28,1005.37,1,0,MANUAL,1,1,1,
2026-09-27 21:04:03,brain,4154000,30.51,78.67,1005.59,31.59,69.24,1005.37,1,0,MANUAL,1,1,1,
2026-09-27 21:04:04,brain,4155000,30.51,77.73,1005.56,31.60,69.27,1005.33,1,0,MANUAL,1,1,1,
2026-09-27 21:04:05,brain,4156000,30.52,77.95,1005.56,31.60,69.30,1005.32,1,0,MANUAL,1,1,1,
2026-09-27 21:04:06,brain,4157000,30.51,77.65,1005.57,31.60,69.24,1005.27,1,0,MANUAL,1,1,1,
2026-09-27 21:04:07,brain,4158000,30.51,77.67,1005.63,31.59,69.26,1005.31,1,0,MANUAL,1,1,1,
2026-09-27 21:04:08,brain,4159000,30.51,77.33,1005.57,31.59,69.29,1005.31,1,0,MANUAL,1,1,1,
2026-09-27 21:04:09,brain,4160000,30.51,76.99,1005.59,31.59,69.35,1005.26,1,0,MANUAL,1,1,1,
2026-09-27 21:04:10,brain,4161000,30.51,76.61,1005.62,31.59,69.65,1005.26,1,0,MANUAL,1,1,1,
2026-09-27 21:04:11,brain,4162000,30.51,76.59,1005.60,31.59,69.32,1005.31,1,0,MANUAL,1,1,1,
2026-09-27 21:04:12,brain,4163000,30.51,76.49,1005.60,31.59,69.30,1005.31,1,0,MANUAL,1,1,1,
2026-09-27 21:04:13,brain,4164000,30.51,76.53,1005.59,31.60,69.16,1005.29,1,0,MANUAL,1,1,1,
2026-09-27 21:04:14,brain,4165000,30.51,76.57,1005.59,31.60,69.39,1005.32,1,0,MANUAL,1,1,1,
2026-09-27 21:04:15,brain,4166000,30.51,77.10,1005.53,31.59,69.31,1005.31,1,0,MANUAL,1,1,1,
2026-09-27 21:04:16,brain,4167000,30.51,77.18,1005.56,31.59,69.59,1005.37,1,0,MANUAL,1,1,1,
2026-09-27 21:04:17,brain,4168000,30.50,76.21,1005.55,31.60,69.67,1005.30,1,0,MANUAL,1,1,1,
2026-09-27 21:04:18,brain,4169000,30.50,75.89,1005.55,31.59,69.31,1005.31,1,0,MANUAL,1,1,1,
2026-09-27 21:04:19,brain,4170000,30.50,76.11,1005.57,31.59,69.47,1005.37,1,0,MANUAL,1,1,1,
2026-09-27 21:04:20,brain,4171000,30.49,76.46,1005.59,31.59,69.28,1005.34,1,0,MANUAL,1,1,1,
2026-09-27 21:04:21,brain,4172000,30.49,76.59,1005.59,31.60,69.23,1005.32,1,0,MANUAL,1,1,1,
2026-09-27 21:04:22,brain,4173000,30.49,76.66,1005.59,31.59,69.16,1005.31,1,0,MANUAL,1,1,1,
2026-09-27 21:04:23,brain,4174000,30.50,76.79,1005.61,31.58,69.27,1005.30,1,0,MANUAL,1,1,1,
2026-09-27 21:04:24,brain,4175000,30.50,76.96,1005.63,31.60,69.20,1005.32,1,0,MANUAL,1,1,1,
2026-09-27 21:04:25,brain,4176000,30.49,76.93,1005.53,31.59,69.23,1005.26,1,0,MANUAL,1,1,1,
2026-09-27 21:04:26,brain,4177000,30.50,76.37,1005.60,31.59,69.40,1005.31,1,0,MANUAL,1,1,1,
2026-09-27 21:04:27,brain,4178000,30.50,76.38,1005.60,31.59,69.10,1005.28,1,0,MANUAL,1,1,1,
2026-09-27 21:04:28,brain,4179000,30.50,76.56,1005.57,31.59,69.22,1005.31,1,0,MANUAL,1,1,1,
2026-09-27 21:04:29,brain,4180000,30.50,76.93,1005.57,31.59,69.15,1005.31,1,0,MANUAL,1,1,1,
2026-09-27 21:04:30,brain,4181000,30.48,76.69,1005.61,31.60,69.30,1005.38,1,0,MANUAL,1,1,1,
2026-09-27 21:04:31,brain,4182000,30.49,76.08,1005.59,31.59,69.29,1005.34,1,0,MANUAL,1,1,1,
2026-09-27 21:04:32,brain,4183000,30.48,75.91,1005.58,31.60,69.22,1005.38,1,0,MANUAL,1,1,1,
2026-09-27 21:04:33,brain,4184000,30.49,76.06,1005.54,31.59,69.25,1005.30,1,0,MANUAL,1,1,1,
2026-09-27 21:04:34,brain,4185000,30.48,77.28,1005.58,31.60,69.36,1005.38,1,0,MANUAL,1,1,1,
2026-09-27 21:04:35,brain,4186000,30.48,77.26,1005.61,31.60,69.30,1005.35,1,0,MANUAL,1,1,1,
2026-09-27 21:04:36,brain,4187000,30.49,78.72,1005.61,31.59,69.32,1005.31,1,0,MANUAL,1,1,1,
2026-09-27 21:04:37,brain,4188000,30.47,77.86,1005.56,31.59,69.40,1005.26,1,0,MANUAL,1,1,1,
2026-09-27 21:04:38,brain,4189000,30.46,76.73,1005.60,31.59,69.26,1005.31,1,0,MANUAL,1,1,1,
2026-09-27 21:04:39,brain,4190000,30.47,76.48,1005.64,31.60,69.32,1005.43,1,0,MANUAL,1,1,1,
2026-09-27 21:04:40,brain,4191000,30.47,77.25,1005.64,31.61,69.37,1005.23,1,0,MANUAL,1,1,1,
2026-09-27 21:04:41,brain,4192000,30.47,78.69,1005.56,31.60,69.20,1005.33,1,0,MANUAL,1,1,1,
2026-09-27 21:04:42,brain,4193000,30.46,77.77,1005.57,31.60,69.31,1005.33,1,0,MANUAL,1,1,1,
2026-09-27 21:04:43,brain,4194000,30.46,76.78,1005.57,31.60,69.33,1005.32,1,0,MANUAL,1,1,1,
2026-09-27 21:04:44,brain,4195000,30.47,77.13,1005.61,31.59,69.21,1005.34,1,0,MANUAL,1,1,1,
2026-09-27 21:04:44,brain,,,,,,,,,,,,,,mist A=0 B=0 (manual)
2026-09-27 21:04:45,brain,4196000,30.46,76.23,1005.66,31.60,69.21,1005.38,0,0,MANUAL,1,1,1,
2026-09-27 21:04:46,brain,4197000,30.47,76.50,1005.51,31.59,69.26,1005.26,0,0,MANUAL,1,1,1,
2026-09-27 21:04:47,brain,4198000,30.47,77.57,1005.62,31.60,69.22,1005.29,0,0,MANUAL,1,1,1,
2026-09-27 21:04:48,brain,4199000,30.47,76.36,1005.51,31.59,69.17,1005.28,0,0,MANUAL,1,1,1,
2026-09-27 21:04:49,brain,4200000,30.48,76.81,1005.63,31.58,69.18,1005.30,0,0,MANUAL,1,1,1,
2026-09-27 21:04:50,brain,4201000,30.47,76.60,1005.56,31.60,69.15,1005.32,0,0,MANUAL,1,1,1,
2026-09-27 21:04:51,brain,4202000,30.48,77.45,1005.58,31.59,69.29,1005.31,0,0,MANUAL,1,1,1,
2026-09-27 21:04:52,brain,4203000,30.48,77.16,1005.61,31.59,69.35,1005.31,0,0,MANUAL,1,1,1,
2026-09-27 21:04:53,brain,4204000,30.48,77.29,1005.61,31.59,69.33,1005.34,0,0,MANUAL,1,1,1,
2026-09-27 21:04:54,brain,4205000,30.49,79.04,1005.59,31.60,69.22,1005.32,0,0,MANUAL,1,1,1,
2026-09-27 21:04:55,brain,4206000,30.48,77.74,1005.60,31.59,69.19,1005.37,0,0,MANUAL,1,1,1,
2026-09-27 21:04:56,brain,4207000,30.49,76.30,1005.62,31.59,69.34,1005.30,0,0,MANUAL,1,1,1,
2026-09-27 21:04:57,brain,4208000,30.48,76.28,1005.58,31.60,69.29,1005.38,0,0,MANUAL,1,1,1,
2026-09-27 21:04:58,brain,4209000,30.50,77.07,1005.55,31.60,69.18,1005.33,0,0,MANUAL,1,1,1,
2026-09-27 21:04:59,brain,4210000,30.50,78.00,1005.57,31.59,69.21,1005.34,0,0,MANUAL,1,1,1,
2026-09-27 21:05:00,brain,4211000,30.49,76.88,1005.57,31.60,69.34,1005.32,0,0,MANUAL,1,1,1,
2026-09-27 21:05:01,brain,4212000,30.50,76.24,1005.60,31.59,69.20,1005.40,0,0,MANUAL,1,1,1,
2026-09-27 21:05:02,brain,4213000,30.51,76.26,1005.59,31.60,69.25,1005.33,0,0,MANUAL,1,1,1,
2026-09-27 21:05:03,brain,4214000,30.51,76.43,1005.60,31.60,69.23,1005.38,0,0,MANUAL,1,1,1,
2026-09-27 21:05:04,brain,4215000,30.52,76.47,1005.58,31.60,69.65,1005.27,0,0,MANUAL,1,1,1,
2026-09-27 21:05:05,brain,4216000,30.52,76.76,1005.61,31.60,69.60,1005.33,0,0,MANUAL,1,1,1,
2026-09-27 21:05:06,brain,4217000,30.53,76.63,1005.60,31.60,69.58,1005.33,0,0,MANUAL,1,1,1,
2026-09-27 21:05:07,brain,4218000,30.52,76.92,1005.56,31.61,69.56,1005.36,0,0,MANUAL,1,1,1,
2026-09-27 21:05:08,brain,4219000,30.54,77.05,1005.61,31.61,69.57,1005.39,0,0,MANUAL,1,1,1,
2026-09-27 21:05:09,brain,4220000,30.54,77.94,1005.59,31.59,69.31,1005.34,0,0,MANUAL,1,1,1,
2026-09-27 21:05:10,brain,4221000,30.53,77.11,1005.52,31.60,69.58,1005.33,0,0,MANUAL,1,1,1,
2026-09-27 21:05:11,brain,4222000,30.54,76.08,1005.64,31.61,69.15,1005.37,0,0,MANUAL,1,1,1,
2026-09-27 21:05:12,brain,4223000,30.54,76.18,1005.56,31.60,69.13,1005.32,0,0,MANUAL,1,1,1,
2026-09-27 21:05:13,brain,4224000,30.54,76.17,1005.58,31.59,69.19,1005.37,0,0,MANUAL,1,1,1,
2026-09-27 21:05:14,brain,4225000,30.55,76.03,1005.55,31.60,69.21,1005.33,0,0,MANUAL,1,1,1,
2026-09-27 21:05:15,brain,4226000,30.55,76.02,1005.64,31.60,69.06,1005.36,0,0,MANUAL,1,1,1,
2026-09-27 21:05:16,brain,4227000,30.56,76.26,1005.62,31.60,69.19,1005.36,0,0,MANUAL,1,1,1,
2026-09-27 21:05:17,brain,4228000,30.56,76.42,1005.65,31.60,69.21,1005.29,0,0,MANUAL,1,1,1,
2026-09-27 21:05:18,brain,4229000,30.57,76.22,1005.55,31.59,69.45,1005.34,0,0,MANUAL,1,1,1,
2026-09-27 21:05:19,brain,4230000,30.57,75.94,1005.63,31.60,69.03,1005.38,0,0,MANUAL,1,1,1,
2026-09-27 21:05:20,brain,4231000,30.57,76.41,1005.58,31.60,69.22,1005.32,0,0,MANUAL,1,1,1,
2026-09-27 21:05:21,brain,4232000,30.56,75.42,1005.57,31.60,69.31,1005.38,0,0,MANUAL,1,1,1,
2026-09-27 21:05:22,brain,4233000,30.58,75.42,1005.62,31.60,69.22,1005.38,0,0,MANUAL,1,1,1,
2026-09-27 21:05:23,brain,4234000,30.58,75.58,1005.56,31.60,69.16,1005.38,0,0,MANUAL,1,1,1,
2026-09-27 21:05:24,brain,4235000,30.58,75.81,1005.57,31.61,69.21,1005.31,0,0,MANUAL,1,1,1,
2026-09-27 21:05:25,brain,4236000,30.58,75.39,1005.54,31.59,69.29,1005.31,0,0,MANUAL,1,1,1,
2026-09-27 21:05:26,brain,4237000,30.59,75.26,1005.58,31.60,69.24,1005.38,0,0,MANUAL,1,1,1,
2026-09-27 21:05:27,brain,4238000,30.59,75.30,1005.64,31.60,69.14,1005.38,0,0,MANUAL,1,1,1,
2026-09-27 21:05:28,brain,4239000,30.60,75.19,1005.62,31.59,69.15,1005.36,0,0,MANUAL,1,1,1,
2026-09-27 21:05:29,brain,4240000,30.60,75.04,1005.59,31.59,69.22,1005.34,0,0,MANUAL,1,1,1,
2026-09-27 21:05:30,brain,4241000,30.60,75.15,1005.65,31.60,69.25,1005.40,0,0,MANUAL,1,1,1,
2026-09-27 21:05:31,brain,4242000,30.60,75.15,1005.54,31.59,69.47,1005.31,0,0,MANUAL,1,1,1,
2026-09-27 21:05:32,brain,4243000,30.61,75.58,1005.60,31.59,69.31,1005.36,0,0,MANUAL,1,1,1,
2026-09-27 21:05:33,brain,4244000,30.62,76.67,1005.65,31.60,69.22,1005.38,0,0,MANUAL,1,1,1,
2026-09-27 21:05:34,brain,4245000,30.64,77.36,1005.62,31.59,69.21,1005.31,0,0,MANUAL,1,1,1,
2026-09-27 21:05:35,brain,4246000,30.62,77.75,1005.54,31.59,69.30,1005.31,0,0,MANUAL,1,1,1,
2026-09-27 21:05:36,brain,4247000,30.62,77.12,1005.60,31.59,69.35,1005.33,0,0,MANUAL,1,1,1,
2026-09-27 21:05:37,brain,4248000,30.65,77.99,1005.61,31.59,69.16,1005.34,0,0,MANUAL,1,1,1,
2026-09-27 21:05:38,brain,4249000,30.63,77.25,1005.62,31.59,69.14,1005.30,0,0,MANUAL,1,1,1,
2026-09-27 21:05:39,brain,4250000,30.65,76.01,1005.56,31.60,69.16,1005.38,0,0,MANUAL,1,1,1,
2026-09-27 21:05:40,brain,4251000,30.65,75.85,1005.65,31.60,69.13,1005.35,0,0,MANUAL,1,1,1,
2026-09-27 21:05:41,brain,4252000,30.66,75.88,1005.57,31.59,69.59,1005.34,0,0,MANUAL,1,1,1,
2026-09-27 21:05:42,brain,4253000,30.66,75.49,1005.63,31.58,69.17,1005.32,0,0,MANUAL,1,1,1,
2026-09-27 21:05:43,brain,4254000,30.66,75.15,1005.64,31.59,69.13,1005.30,0,0,MANUAL,1,1,1,
2026-09-27 21:05:44,brain,4255000,30.67,75.08,1005.59,31.58,69.41,1005.41,0,0,MANUAL,1,1,1,
2026-09-27 21:05:45,brain,4256000,30.66,75.75,1005.64,31.58,69.15,1005.29,0,0,MANUAL,1,1,1,
2026-09-27 21:05:46,brain,4257000,30.67,75.22,1005.62,31.59,69.20,1005.28,0,0,MANUAL,1,1,1,
2026-09-27 21:05:47,brain,4258000,30.67,75.52,1005.62,31.59,69.30,1005.33,0,0,MANUAL,1,1,1,
2026-09-27 21:05:48,brain,4259000,30.68,76.69,1005.69,31.59,69.11,1005.34,0,0,MANUAL,1,1,1,
2026-09-27 21:05:49,brain,4260000,30.68,75.91,1005.63,31.58,69.16,1005.32,0,0,MANUAL,1,1,1,
2026-09-27 21:05:50,brain,4261000,30.68,75.85,1005.58,31.60,69.68,1005.38,0,0,MANUAL,1,1,1,
2026-09-27 21:05:51,brain,4262000,30.71,77.86,1005.65,31.59,69.33,1005.33,0,0,MANUAL,1,1,1,
2026-09-27 21:05:52,brain,4263000,30.69,78.11,1005.59,31.58,69.12,1005.35,0,0,MANUAL,1,1,1,
2026-09-27 21:05:53,brain,4264000,30.69,77.15,1005.63,31.58,69.27,1005.38,0,0,MANUAL,1,1,1,
2026-09-27 21:05:54,brain,4265000,30.70,76.55,1005.64,31.58,69.36,1005.32,0,0,MANUAL,1,1,1,
2026-09-27 21:05:54,brain,,,,,,,,,,,,,,mist A=1 B=0 (manual)
2026-09-27 21:05:55,brain,4266000,30.70,76.24,1005.61,31.59,69.19,1005.37,1,0,MANUAL,1,1,1,
2026-09-27 21:05:56,brain,4267000,30.70,75.59,1005.62,31.58,69.29,1005.35,1,0,MANUAL,1,1,1,
2026-09-27 21:05:57,brain,4268000,30.71,75.74,1005.62,31.59,69.21,1005.37,1,0,MANUAL,1,1,1,
2026-09-27 21:05:58,brain,4269000,30.71,76.16,1005.60,31.59,69.15,1005.30,1,0,MANUAL,1,1,1,
2026-09-27 21:05:59,brain,4270000,30.71,76.90,1005.62,31.60,69.13,1005.38,1,0,MANUAL,1,1,1,
2026-09-27 21:06:00,brain,4271000,30.71,76.23,1005.65,31.59,69.17,1005.31,1,0,MANUAL,1,1,1,
2026-09-27 21:06:01,brain,4272000,30.71,75.85,1005.57,31.59,69.16,1005.34,1,0,MANUAL,1,1,1,
2026-09-27 21:06:02,brain,4273000,30.71,75.62,1005.60,31.59,69.28,1005.42,1,0,MANUAL,1,1,1,
2026-09-27 21:06:03,brain,4274000,30.71,75.44,1005.60,31.59,69.26,1005.34,1,0,MANUAL,1,1,1,
2026-09-27 21:06:04,brain,4275000,30.70,75.26,1005.59,31.59,69.10,1005.36,1,0,MANUAL,1,1,1,
2026-09-27 21:06:05,brain,4276000,30.70,75.10,1005.58,31.59,69.17,1005.36,1,0,MANUAL,1,1,1,
2026-09-27 21:06:06,brain,4277000,30.69,74.96,1005.60,31.59,69.08,1005.34,1,0,MANUAL,1,1,1,
2026-09-27 21:06:07,brain,4278000,30.70,75.69,1005.55,31.59,69.26,1005.34,1,0,MANUAL,1,1,1,
2026-09-27 21:06:08,brain,4279000,30.69,75.39,1005.60,31.59,69.22,1005.33,1,0,MANUAL,1,1,1,
2026-09-27 21:06:09,brain,4280000,30.69,75.22,1005.59,31.59,69.41,1005.30,1,0,MANUAL,1,1,1,
2026-09-27 21:06:10,brain,4281000,30.69,75.73,1005.62,31.59,69.15,1005.37,1,0,MANUAL,1,1,1,
2026-09-27 21:06:11,brain,4282000,30.68,76.39,1005.61,31.58,69.36,1005.35,1,0,MANUAL,1,1,1,
2026-09-27 21:06:12,brain,4283000,30.68,78.28,1005.61,31.60,69.15,1005.40,1,0,MANUAL,1,1,1,
2026-09-27 21:06:13,brain,4284000,30.66,77.99,1005.63,31.59,69.22,1005.36,1,0,MANUAL,1,1,1,
2026-09-27 21:06:14,brain,4285000,30.66,76.61,1005.64,31.59,69.30,1005.39,1,0,MANUAL,1,1,1,
2026-09-27 21:06:15,brain,4286000,30.67,78.23,1005.59,31.58,69.22,1005.38,1,0,MANUAL,1,1,1,
2026-09-27 21:06:16,brain,4287000,30.64,77.74,1005.62,31.58,69.27,1005.35,1,0,MANUAL,1,1,1,
2026-09-27 21:06:17,brain,4288000,30.62,77.97,1005.63,31.59,69.17,1005.30,1,0,MANUAL,1,1,1,
2026-09-27 21:06:18,brain,4289000,30.61,78.35,1005.61,31.59,69.17,1005.37,1,0,MANUAL,1,1,1,
2026-09-27 21:06:19,brain,4290000,30.60,76.51,1005.68,31.58,69.16,1005.35,1,0,MANUAL,1,1,1,
2026-09-27 21:06:20,brain,4291000,30.60,75.82,1005.60,31.58,69.18,1005.32,1,0,MANUAL,1,1,1,
2026-09-27 21:06:21,brain,4292000,30.60,75.74,1005.62,31.58,69.15,1005.35,1,0,MANUAL,1,1,1,
2026-09-27 21:06:22,brain,4293000,30.60,75.81,1005.64,31.59,69.14,1005.28,1,0,MANUAL,1,1,1,
2026-09-27 21:06:23,brain,4294000,30.60,75.69,1005.62,31.59,69.09,1005.36,1,0,MANUAL,1,1,1,
2026-09-27 21:06:24,brain,4295000,30.58,76.54,1005.66,31.59,69.09,1005.36,1,0,MANUAL,1,1,1,
2026-09-27 21:06:25,brain,4296000,30.57,76.58,1005.67,31.58,69.23,1005.35,1,0,MANUAL,1,1,1,
2026-09-27 21:06:26,brain,4297000,30.57,78.14,1005.61,31.59,69.20,1005.33,1,0,MANUAL,1,1,1,
2026-09-27 21:06:27,brain,4298000,30.57,77.92,1005.66,31.59,69.19,1005.34,1,0,MANUAL,1,1,1,
2026-09-27 21:06:28,brain,4299000,30.56,78.34,1005.62,31.59,69.09,1005.36,1,0,MANUAL,1,1,1,
2026-09-27 21:06:29,brain,4300000,30.55,77.52,1005.57,31.59,69.03,1005.37,1,0,MANUAL,1,1,1,
2026-09-27 21:06:30,brain,4301000,30.55,77.27,1005.64,31.59,69.14,1005.33,1,0,MANUAL,1,1,1,
2026-09-27 21:06:31,brain,4302000,30.56,77.59,1005.59,31.59,69.41,1005.36,1,0,MANUAL,1,1,1,
2026-09-27 21:06:32,brain,4303000,30.54,77.04,1005.56,31.58,69.18,1005.35,1,0,MANUAL,1,1,1,
2026-09-27 21:06:33,brain,4304000,30.55,78.83,1005.69,31.59,69.15,1005.36,1,0,MANUAL,1,1,1,
2026-09-27 21:06:34,brain,4305000,30.55,79.56,1005.60,31.59,69.20,1005.42,1,0,MANUAL,1,1,1,
2026-09-27 21:06:35,brain,4306000,30.53,78.50,1005.60,31.59,69.18,1005.36,1,0,MANUAL,1,1,1,
2026-09-27 21:06:36,brain,4307000,30.54,78.02,1005.58,31.58,69.38,1005.35,1,0,MANUAL,1,1,1,
2026-09-27 21:06:37,brain,4308000,30.54,77.62,1005.62,31.58,69.28,1005.43,1,0,MANUAL,1,1,1,
2026-09-27 21:06:38,brain,4309000,30.53,78.09,1005.63,31.59,69.29,1005.31,1,0,MANUAL,1,1,1,
2026-09-27 21:06:39,brain,4310000,30.54,76.74,1005.58,31.58,69.08,1005.35,1,0,MANUAL,1,1,1,
2026-09-27 21:06:40,brain,4311000,30.54,76.50,1005.67,31.59,69.21,1005.36,1,0,MANUAL,1,1,1,
2026-09-27 21:06:41,brain,4312000,30.54,76.83,1005.67,31.58,69.41,1005.37,1,0,MANUAL,1,1,1,
2026-09-27 21:06:42,brain,4313000,30.54,78.36,1005.61,31.58,69.18,1005.38,1,0,MANUAL,1,1,1,
2026-09-27 21:06:43,brain,4314000,30.51,77.42,1005.60,31.58,69.23,1005.38,1,0,MANUAL,1,1,1,
2026-09-27 21:06:44,brain,4315000,30.51,76.71,1005.57,31.58,69.15,1005.29,1,0,MANUAL,1,1,1,
2026-09-27 21:06:45,brain,4316000,30.52,76.33,1005.70,31.58,69.08,1005.38,1,0,MANUAL,1,1,1,
2026-09-27 21:06:46,brain,4317000,30.52,76.50,1005.70,31.59,69.15,1005.36,1,0,MANUAL,1,1,1,
2026-09-27 21:06:47,brain,4318000,30.51,76.05,1005.60,31.58,69.26,1005.38,1,0,MANUAL,1,1,1,
2026-09-27 21:06:48,brain,4319000,30.52,76.10,1005.67,31.57,69.09,1005.36,1,0,MANUAL,1,1,1,
2026-09-27 21:06:49,brain,4320000,30.51,76.09,1005.60,31.58,69.14,1005.34,1,0,MANUAL,1,1,1,
2026-09-27 21:06:50,brain,4321000,30.52,76.14,1005.61,31.57,69.53,1005.31,1,0,MANUAL,1,1,1,
2026-09-27 21:06:51,brain,4322000,30.52,75.31,1005.58,31.59,69.09,1005.39,1,0,MANUAL,1,1,1,
2026-09-27 21:06:52,brain,4323000,30.51,75.54,1005.66,31.59,69.23,1005.42,1,0,MANUAL,1,1,1,
2026-09-27 21:06:53,brain,4324000,30.52,75.31,1005.58,31.57,69.26,1005.39,1,0,MANUAL,1,1,1,
2026-09-27 21:06:54,brain,4325000,30.52,76.27,1005.61,31.57,69.41,1005.34,1,0,MANUAL,1,1,1,
2026-09-27 21:06:55,brain,4326000,30.52,77.31,1005.61,31.59,69.15,1005.36,1,0,MANUAL,1,1,1,
2026-09-27 21:06:56,brain,4327000,30.50,77.33,1005.55,31.58,69.13,1005.32,1,0,MANUAL,1,1,1,
2026-09-27 21:06:57,brain,4328000,30.52,76.47,1005.64,31.59,69.17,1005.36,1,0,MANUAL,1,1,1,
2026-09-27 21:06:58,brain,4329000,30.50,76.28,1005.64,31.58,69.26,1005.30,1,0,MANUAL,1,1,1,
2026-09-27 21:06:59,brain,4330000,30.52,76.25,1005.64,31.58,69.26,1005.38,1,0,MANUAL,1,1,1,
2026-09-27 21:07:00,brain,4331000,30.52,76.80,1005.61,31.59,69.22,1005.36,1,0,MANUAL,1,1,1,
2026-09-27 21:07:01,brain,4332000,30.50,76.99,1005.64,31.59,69.24,1005.36,1,0,MANUAL,1,1,1,
2026-09-27 21:07:02,brain,4333000,30.50,75.92,1005.58,31.59,69.30,1005.37,1,0,MANUAL,1,1,1,
2026-09-27 21:07:03,brain,4334000,30.50,76.55,1005.70,31.58,69.24,1005.35,1,0,MANUAL,1,1,1,
2026-09-27 21:07:04,brain,4335000,30.51,77.47,1005.63,31.58,69.14,1005.35,1,0,MANUAL,1,1,1,
2026-09-27 21:07:05,brain,4336000,30.51,78.38,1005.63,31.58,69.64,1005.35,1,0,MANUAL,1,1,1,
2026-09-27 21:07:06,brain,4337000,30.50,77.30,1005.64,31.58,69.53,1005.38,1,0,MANUAL,1,1,1,
2026-09-27 21:07:07,brain,4338000,30.51,77.93,1005.63,31.58,69.46,1005.35,1,0,MANUAL,1,1,1,
2026-09-27 21:07:08,brain,4339000,30.50,78.56,1005.67,31.58,69.35,1005.38,1,0,MANUAL,1,1,1,
2026-09-27 21:07:09,brain,4340000,30.49,77.53,1005.64,31.58,69.25,1005.35,1,0,MANUAL,1,1,1,
2026-09-27 21:07:10,brain,4341000,30.50,77.52,1005.57,31.60,69.31,1005.40,1,0,MANUAL,1,1,1,
2026-09-27 21:07:11,brain,4342000,30.50,77.35,1005.67,31.58,69.32,1005.35,1,0,MANUAL,1,1,1,
2026-09-27 21:07:12,brain,4343000,30.50,77.13,1005.57,31.59,69.33,1005.33,1,0,MANUAL,1,1,1,
2026-09-27 21:07:13,brain,4344000,30.51,76.71,1005.65,31.59,69.37,1005.40,1,0,MANUAL,1,1,1,
2026-09-27 21:07:14,brain,4345000,30.51,77.88,1005.65,31.58,69.21,1005.32,1,0,MANUAL,1,1,1,
2026-09-27 21:07:15,brain,4346000,30.51,78.54,1005.62,31.58,69.20,1005.35,1,0,MANUAL,1,1,1,
2026-09-27 21:07:16,brain,4347000,30.48,77.31,1005.57,31.58,69.33,1005.35,1,0,MANUAL,1,1,1,
2026-09-27 21:07:17,brain,4348000,30.46,77.42,1005.60,31.58,69.39,1005.32,1,0,MANUAL,1,1,1,
2026-09-27 21:07:18,brain,4349000,30.47,77.05,1005.62,31.58,69.30,1005.34,1,0,MANUAL,1,1,1,
2026-09-27 21:07:19,brain,4350000,30.47,76.11,1005.61,31.59,69.25,1005.42,1,0,MANUAL,1,1,1,
2026-09-27 21:07:20,brain,4351000,30.47,76.22,1005.61,31.58,69.23,1005.35,1,0,MANUAL,1,1,1,
2026-09-27 21:07:21,brain,4352000,30.46,76.78,1005.66,31.59,69.61,1005.42,1,0,MANUAL,1,1,1,
2026-09-27 21:07:22,brain,4353000,30.47,76.89,1005.70,31.58,69.33,1005.40,1,0,MANUAL,1,1,1,
2026-09-27 21:07:23,brain,4354000,30.46,76.39,1005.66,31.58,69.16,1005.38,1,0,MANUAL,1,1,1,
2026-09-27 21:07:24,brain,4355000,30.47,77.12,1005.62,31.58,69.40,1005.34,1,0,MANUAL,1,1,1,
2026-09-27 21:07:25,brain,4356000,30.46,76.56,1005.62,31.59,69.25,1005.33,1,0,MANUAL,1,1,1,
2026-09-27 21:07:26,brain,4357000,30.46,76.57,1005.66,31.59,69.30,1005.36,1,0,MANUAL,1,1,1,
2026-09-27 21:07:27,brain,4358000,30.48,75.93,1005.60,31.59,69.43,1005.33,1,0,MANUAL,1,1,1,
2026-09-27 21:07:28,brain,4359000,30.46,76.13,1005.60,31.58,69.38,1005.35,1,0,MANUAL,1,1,1,
2026-09-27 21:07:29,brain,4360000,30.48,76.68,1005.63,31.58,69.50,1005.35,1,0,MANUAL,1,1,1,
2026-09-27 21:07:30,brain,4361000,30.47,76.20,1005.62,31.59,69.34,1005.30,1,0,MANUAL,1,1,1,
2026-09-27 21:07:31,brain,4362000,30.47,76.24,1005.62,31.58,69.27,1005.38,1,0,MANUAL,1,1,1,
2026-09-27 21:07:32,brain,4363000,30.47,75.96,1005.59,31.58,69.49,1005.34,1,0,MANUAL,1,1,1,
2026-09-27 21:07:33,brain,4364000,30.47,76.19,1005.62,31.59,69.46,1005.39,1,0,MANUAL,1,1,1,
2026-09-27 21:07:34,brain,4365000,30.48,76.13,1005.60,31.58,69.34,1005.38,1,0,MANUAL,1,1,1,
2026-09-27 21:07:35,brain,4366000,30.48,77.17,1005.66,31.58,69.27,1005.38,1,0,MANUAL,1,1,1,
2026-09-27 21:07:36,brain,4367000,30.48,77.42,1005.58,31.58,69.17,1005.37,1,0,MANUAL,1,1,1,
2026-09-27 21:07:37,brain,4368000,30.48,77.82,1005.66,31.57,69.19,1005.39,1,0,MANUAL,1,1,1,
2026-09-27 21:07:38,brain,4369000,30.48,76.99,1005.66,31.58,69.44,1005.35,1,0,MANUAL,1,1,1,
2026-09-27 21:07:39,brain,4370000,30.49,76.97,1005.53,31.58,69.15,1005.35,1,0,MANUAL,1,1,1,
2026-09-27 21:07:40,brain,4371000,30.48,76.13,1005.61,31.58,69.36,1005.38,1,0,MANUAL,1,1,1,
2026-09-27 21:07:41,brain,4372000,30.48,75.47,1005.66,31.58,69.17,1005.32,1,0,MANUAL,1,1,1,
2026-09-27 21:07:42,brain,4373000,30.48,75.59,1005.66,31.59,69.35,1005.36,1,0,MANUAL,1,1,1,
2026-09-27 21:07:43,brain,4374000,30.47,76.02,1005.56,31.58,69.47,1005.32,1,0,MANUAL,1,1,1,
2026-09-27 21:07:44,brain,4375000,30.47,76.06,1005.59,31.57,69.28,1005.34,1,0,MANUAL,1,1,1,
2026-09-27 21:07:45,brain,4376000,30.47,77.22,1005.59,31.58,69.65,1005.37,1,0,MANUAL,1,1,1,
2026-09-27 21:07:46,brain,4377000,30.47,77.18,1005.64,31.58,69.31,1005.34,1,0,MANUAL,1,1,1,
2026-09-27 21:07:47,brain,4378000,30.46,75.78,1005.60,31.58,69.43,1005.37,1,0,MANUAL,1,1,1,
2026-09-27 21:07:48,brain,4379000,30.48,77.69,1005.57,31.58,69.31,1005.41,1,0,MANUAL,1,1,1,
2026-09-27 21:07:49,brain,4380000,30.45,78.37,1005.59,31.58,69.46,1005.38,1,0,MANUAL,1,1,1,
2026-09-27 21:07:50,brain,4381000,30.45,77.44,1005.64,31.58,69.57,1005.40,1,0,MANUAL,1,1,1,
2026-09-27 21:07:51,brain,4382000,30.44,76.70,1005.63,31.58,69.40,1005.32,1,0,MANUAL,1,1,1,
2026-09-27 21:07:52,brain,4383000,30.45,76.69,1005.63,31.58,69.58,1005.40,1,0,MANUAL,1,1,1,
2026-09-27 21:07:53,brain,4384000,30.45,77.13,1005.64,31.58,69.25,1005.38,1,0,MANUAL,1,1,1,
2026-09-27 21:07:54,brain,4385000,30.45,78.68,1005.61,31.58,69.41,1005.34,1,0,MANUAL,1,1,1,
2026-09-27 21:07:55,brain,4386000,30.42,79.13,1005.68,31.58,69.44,1005.38,1,0,MANUAL,1,1,1,
2026-09-27 21:07:56,brain,4387000,30.44,78.47,1005.62,31.58,69.41,1005.34,1,0,MANUAL,1,1,1,
2026-09-27 21:07:57,brain,4388000,30.44,77.43,1005.63,31.58,69.17,1005.34,1,0,MANUAL,1,1,1,
2026-09-27 21:07:58,brain,4389000,30.44,76.92,1005.63,31.58,69.64,1005.41,1,0,MANUAL,1,1,1,
2026-09-27 21:07:59,brain,4390000,30.44,76.44,1005.65,31.57,69.34,1005.34,1,0,MANUAL,1,1,1,
2026-09-27 21:08:00,brain,4391000,30.44,76.70,1005.63,31.58,69.21,1005.37,1,0,MANUAL,1,1,1,
2026-09-27 21:08:01,brain,4392000,30.45,77.14,1005.56,31.57,69.33,1005.34,1,0,MANUAL,1,1,1,
2026-09-27 21:08:02,brain,4393000,30.46,77.42,1005.65,31.58,69.34,1005.35,1,0,MANUAL,1,1,1,
2026-09-27 21:08:03,brain,4394000,30.45,77.87,1005.67,31.57,69.34,1005.34,1,0,MANUAL,1,1,1,
2026-09-27 21:08:04,brain,4395000,30.46,77.67,1005.69,31.58,69.24,1005.40,1,0,MANUAL,1,1,1,
2026-09-27 21:08:05,brain,4396000,30.45,77.11,1005.63,31.58,69.22,1005.26,1,0,MANUAL,1,1,1,
2026-09-27 21:08:06,brain,4397000,30.44,76.03,1005.63,31.58,69.12,1005.41,1,0,MANUAL,1,1,1,
2026-09-27 21:08:07,brain,4398000,30.44,76.10,1005.63,31.58,69.52,1005.29,1,0,MANUAL,1,1,1,
2026-09-27 21:08:08,brain,4399000,30.43,76.39,1005.69,31.58,69.18,1005.38,1,0,MANUAL,1,1,1,
2026-09-27 21:08:09,brain,4400000,30.43,76.22,1005.57,31.59,69.47,1005.42,1,0,MANUAL,1,1,1,
2026-09-27 21:08:10,brain,4401000,30.44,76.05,1005.71,31.58,69.22,1005.35,1,0,MANUAL,1,1,1,
2026-09-27 21:08:11,brain,4402000,30.43,76.15,1005.63,31.58,69.42,1005.41,1,0,MANUAL,1,1,1,
2026-09-27 21:08:12,brain,4403000,30.44,76.65,1005.63,31.57,69.21,1005.34,1,0,MANUAL,1,1,1,
2026-09-27 21:08:13,brain,4404000,30.44,75.85,1005.68,31.57,69.39,1005.31,1,0,MANUAL,1,1,1,
2026-09-27 21:08:14,brain,4405000,30.45,75.99,1005.63,31.58,69.27,1005.32,1,0,MANUAL,1,1,1,
2026-09-27 21:08:15,brain,4406000,30.45,76.48,1005.66,31.59,69.38,1005.39,1,0,MANUAL,1,1,1,
2026-09-27 21:08:16,brain,4407000,30.44,75.54,1005.63,31.57,69.53,1005.34,1,0,MANUAL,1,1,1,
2026-09-27 21:08:17,brain,4408000,30.44,75.25,1005.57,31.58,69.62,1005.35,1,0,MANUAL,1,1,1,
2026-09-27 21:08:18,brain,4409000,30.44,76.42,1005.63,31.58,69.16,1005.38,1,0,MANUAL,1,1,1,
2026-09-27 21:08:19,brain,4410000,30.44,76.15,1005.62,31.57,69.41,1005.36,1,0,MANUAL,1,1,1,
2026-09-27 21:08:20,brain,4411000,30.43,75.91,1005.64,31.58,69.29,1005.35,1,0,MANUAL,1,1,1,
2026-09-27 21:08:21,brain,4412000,30.43,75.50,1005.60,31.57,69.24,1005.36,1,0,MANUAL,1,1,1,
2026-09-27 21:08:22,brain,4413000,30.44,76.66,1005.62,31.58,69.34,1005.35,1,0,MANUAL,1,1,1,
2026-09-27 21:08:23,brain,4414000,30.42,77.85,1005.62,31.57,69.32,1005.34,1,0,MANUAL,1,1,1,
2026-09-27 21:08:24,brain,4415000,30.43,79.06,1005.69,31.57,69.32,1005.34,1,0,MANUAL,1,1,1,
2026-09-27 21:08:25,brain,4416000,30.42,78.95,1005.57,31.58,69.43,1005.38,1,0,MANUAL,1,1,1,
2026-09-27 21:08:26,brain,4417000,30.40,77.22,1005.59,31.57,69.43,1005.36,1,0,MANUAL,1,1,1,
2026-09-27 21:08:27,brain,4418000,30.41,76.92,1005.69,31.57,69.28,1005.39,1,0,MANUAL,1,1,1,
2026-09-27 21:08:28,brain,4419000,30.41,77.31,1005.61,31.58,69.28,1005.32,1,0,MANUAL,1,1,1,
2026-09-27 21:08:29,brain,4420000,30.40,77.23,1005.65,31.58,69.43,1005.34,1,0,MANUAL,1,1,1,
2026-09-27 21:08:30,brain,4421000,30.40,76.98,1005.67,31.58,69.15,1005.34,1,0,MANUAL,1,1,1,
2026-09-27 21:08:31,brain,4422000,30.41,76.97,1005.63,31.58,69.17,1005.34,1,0,MANUAL,1,1,1,
2026-09-27 21:08:32,brain,4423000,30.42,76.91,1005.61,31.58,69.51,1005.37,1,0,MANUAL,1,1,1,
2026-09-27 21:08:33,brain,4424000,30.41,76.70,1005.61,31.58,69.30,1005.38,1,0,MANUAL,1,1,1,
2026-09-27 21:08:34,brain,4425000,30.42,76.79,1005.59,31.57,69.41,1005.36,1,0,MANUAL,1,1,1,
2026-09-27 21:08:35,brain,4426000,30.41,76.42,1005.55,31.57,69.23,1005.34,1,0,MANUAL,1,1,1,
2026-09-27 21:08:36,brain,4427000,30.42,75.79,1005.62,31.58,69.34,1005.37,1,0,MANUAL,1,1,1,
2026-09-27 21:08:37,brain,4428000,30.43,76.48,1005.60,31.58,69.40,1005.37,1,0,MANUAL,1,1,1,
2026-09-27 21:08:38,brain,4429000,30.43,76.41,1005.64,31.57,69.35,1005.31,1,0,MANUAL,1,1,1,
2026-09-27 21:08:39,brain,4430000,30.41,76.04,1005.58,31.58,69.16,1005.35,1,0,MANUAL,1,1,1,
2026-09-27 21:08:40,brain,4431000,30.42,76.50,1005.57,31.58,69.29,1005.38,1,0,MANUAL,1,1,1,
2026-09-27 21:08:41,brain,4432000,30.42,75.85,1005.59,31.58,69.15,1005.34,1,0,MANUAL,1,1,1,
2026-09-27 21:08:42,brain,4433000,30.42,76.25,1005.57,31.59,69.23,1005.42,1,0,MANUAL,1,1,1,
2026-09-27 21:08:43,brain,4434000,30.43,75.96,1005.55,31.58,69.30,1005.34,1,0,MANUAL,1,1,1,
2026-09-27 21:08:44,brain,4435000,30.43,76.16,1005.58,31.58,69.26,1005.35,1,0,MANUAL,1,1,1,
2026-09-27 21:08:45,brain,4436000,30.42,76.53,1005.61,31.58,69.33,1005.46,1,0,MANUAL,1,1,1,
2026-09-27 21:08:46,brain,4437000,30.43,76.33,1005.61,31.57,69.22,1005.31,1,0,MANUAL,1,1,1,
2026-09-27 21:08:47,brain,4438000,30.43,76.86,1005.64,31.58,69.26,1005.43,1,0,MANUAL,1,1,1,
2026-09-27 21:08:48,brain,4439000,30.43,76.68,1005.60,31.59,69.10,1005.33,1,0,MANUAL,1,1,1,
2026-09-27 21:08:49,brain,4440000,30.42,77.32,1005.54,31.59,69.20,1005.37,1,0,MANUAL,1,1,1,
2026-09-27 21:08:50,brain,4441000,30.43,77.31,1005.67,31.57,69.31,1005.31,1,0,MANUAL,1,1,1,
2026-09-27 21:08:51,brain,4442000,30.42,76.61,1005.64,31.58,69.24,1005.35,1,0,MANUAL,1,1,1,
2026-09-27 21:08:52,brain,4443000,30.43,76.19,1005.57,31.58,69.16,1005.32,1,0,MANUAL,1,1,1,
2026-09-27 21:08:53,brain,4444000,30.41,75.96,1005.58,31.58,69.26,1005.29,1,0,MANUAL,1,1,1,
2026-09-27 21:08:54,brain,4445000,30.42,75.99,1005.59,31.59,69.06,1005.36,1,0,MANUAL,1,1,1,
2026-09-27 21:08:55,brain,4446000,30.43,76.22,1005.67,31.58,69.10,1005.32,1,0,MANUAL,1,1,1,
2026-09-27 21:08:56,brain,4447000,30.42,76.64,1005.62,31.59,69.28,1005.37,1,0,MANUAL,1,1,1,
2026-09-27 21:08:57,brain,4448000,30.43,76.15,1005.60,31.58,69.31,1005.32,1,0,MANUAL,1,1,1,
2026-09-27 21:08:58,brain,4449000,30.42,76.08,1005.59,31.58,69.16,1005.38,1,0,MANUAL,1,1,1,
2026-09-27 21:08:59,brain,4450000,30.42,76.14,1005.59,31.58,69.51,1005.37,1,0,MANUAL,1,1,1,
2026-09-27 21:09:00,brain,4451000,30.43,76.68,1005.60,31.59,69.35,1005.36,1,0,MANUAL,1,1,1,
2026-09-27 21:09:01,brain,4452000,30.43,75.73,1005.60,31.58,69.42,1005.35,1,0,MANUAL,1,1,1,
2026-09-27 21:09:02,brain,4453000,30.44,75.47,1005.65,31.58,69.12,1005.32,1,0,MANUAL,1,1,1,
2026-09-27 21:09:03,brain,4454000,30.44,75.62,1005.59,31.59,69.13,1005.37,1,0,MANUAL,1,1,1,
2026-09-27 21:09:04,brain,4455000,30.42,75.88,1005.59,31.59,69.25,1005.30,1,0,MANUAL,1,1,1,
2026-09-27 21:09:05,brain,4456000,30.43,75.61,1005.64,31.58,69.25,1005.34,1,0,MANUAL,1,1,1,
2026-09-27 21:09:06,brain,4457000,30.43,75.09,1005.61,31.58,69.30,1005.35,1,0,MANUAL,1,1,1,
2026-09-27 21:09:07,brain,4458000,30.43,74.90,1005.60,31.58,69.41,1005.35,1,0,MANUAL,1,1,1,
2026-09-27 21:09:08,brain,4459000,30.43,75.17,1005.58,31.58,69.30,1005.34,1,0,MANUAL,1,1,1,
2026-09-27 21:09:09,brain,4460000,30.44,75.35,1005.62,31.58,69.17,1005.34,1,0,MANUAL,1,1,1,
2026-09-27 21:09:10,brain,4461000,30.45,75.80,1005.63,31.58,69.20,1005.41,1,0,MANUAL,1,1,1,
2026-09-27 21:09:11,brain,4462000,30.44,76.37,1005.57,31.58,69.29,1005.35,1,0,MANUAL,1,1,1,
2026-09-27 21:09:12,brain,4463000,30.42,77.39,1005.57,31.57,69.17,1005.36,1,0,MANUAL,1,1,1,
2026-09-27 21:09:13,brain,4464000,30.42,76.49,1005.65,31.59,69.25,1005.30,1,0,MANUAL,1,1,1,
2026-09-27 21:09:14,brain,4465000,30.42,76.23,1005.62,31.58,69.22,1005.35,1,0,MANUAL,1,1,1,
2026-09-27 21:09:15,brain,4466000,30.43,76.14,1005.64,31.58,69.38,1005.35,1,0,MANUAL,1,1,1,
2026-09-27 21:09:16,brain,4467000,30.43,76.37,1005.61,31.59,69.21,1005.33,1,0,MANUAL,1,1,1,
2026-09-27 21:09:17,brain,4468000,30.43,77.19,1005.64,31.58,69.40,1005.34,1,0,MANUAL,1,1,1,
2026-09-27 21:09:18,brain,4469000,30.42,76.92,1005.61,31.59,69.65,1005.36,1,0,MANUAL,1,1,1,
2026-09-27 21:09:19,brain,4470000,30.44,76.42,1005.67,31.59,69.23,1005.33,1,0,MANUAL,1,1,1,
2026-09-27 21:09:20,brain,4471000,30.43,76.30,1005.61,31.57,69.28,1005.36,1,0,MANUAL,1,1,1,
2026-09-27 21:09:21,brain,4472000,30.43,76.03,1005.61,31.58,69.23,1005.38,1,0,MANUAL,1,1,1,
2026-09-27 21:09:22,brain,4473000,30.44,75.83,1005.62,31.58,69.16,1005.32,1,0,MANUAL,1,1,1,
2026-09-27 21:09:23,brain,4474000,30.44,76.43,1005.63,31.58,69.23,1005.32,1,0,MANUAL,1,1,1,
2026-09-27 21:09:24,brain,4475000,30.43,75.84,1005.57,31.58,69.31,1005.34,1,0,MANUAL,1,1,1,
2026-09-27 21:09:25,brain,4476000,30.43,76.25,1005.60,31.59,69.14,1005.30,1,0,MANUAL,1,1,1,
2026-09-27 21:09:26,brain,4477000,30.43,76.37,1005.66,31.59,69.33,1005.33,1,0,MANUAL,1,1,1,
2026-09-27 21:09:27,brain,4478000,30.43,77.46,1005.55,31.58,69.20,1005.43,1,0,MANUAL,1,1,1,
2026-09-27 21:09:28,brain,4479000,30.42,76.21,1005.59,31.58,69.15,1005.35,1,0,MANUAL,1,1,1,
2026-09-27 21:09:29,brain,4480000,30.42,75.85,1005.59,31.58,69.30,1005.38,1,0,MANUAL,1,1,1,
2026-09-27 21:09:30,brain,4481000,30.43,77.24,1005.57,31.58,69.50,1005.46,1,0,MANUAL,1,1,1,
2026-09-27 21:09:31,brain,4482000,30.44,76.91,1005.63,31.58,69.16,1005.30,1,0,MANUAL,1,1,1,
2026-09-27 21:09:32,brain,4483000,30.42,75.72,1005.57,31.59,69.49,1005.39,1,0,MANUAL,1,1,1,
2026-09-27 21:09:33,brain,4484000,30.43,75.56,1005.55,31.58,69.22,1005.38,1,0,MANUAL,1,1,1,
2026-09-27 21:09:34,brain,4485000,30.43,75.73,1005.61,31.58,69.31,1005.30,1,0,MANUAL,1,1,1,
2026-09-27 21:09:35,brain,4486000,30.44,76.34,1005.62,31.59,69.04,1005.37,1,0,MANUAL,1,1,1,
2026-09-27 21:09:36,brain,4487000,30.43,77.00,1005.60,31.58,69.30,1005.35,1,0,MANUAL,1,1,1,
2026-09-27 21:09:37,brain,4488000,30.43,76.90,1005.58,31.59,69.25,1005.37,1,0,MANUAL,1,1,1,
2026-09-27 21:09:38,brain,4489000,30.43,76.15,1005.55,31.59,69.17,1005.33,1,0,MANUAL,1,1,1,
2026-09-27 21:09:39,brain,4490000,30.45,75.60,1005.61,31.59,69.22,1005.33,1,0,MANUAL,1,1,1,
2026-09-27 21:09:40,brain,4491000,30.43,76.29,1005.61,31.58,69.16,1005.35,1,0,MANUAL,1,1,1,
2026-09-27 21:09:41,brain,4492000,30.44,76.77,1005.56,31.58,69.09,1005.35,1,0,MANUAL,1,1,1,
2026-09-27 21:09:42,brain,4493000,30.43,78.64,1005.57,31.59,69.21,1005.34,1,0,MANUAL,1,1,1,
2026-09-27 21:09:43,brain,4494000,30.43,78.90,1005.58,31.58,69.31,1005.30,1,0,MANUAL,1,1,1,
2026-09-27 21:09:44,brain,4495000,30.42,79.31,1005.64,31.59,69.22,1005.33,1,0,MANUAL,1,1,1,
2026-09-27 21:09:45,brain,4496000,30.42,78.39,1005.65,31.58,69.16,1005.35,1,0,MANUAL,1,1,1,
2026-09-27 21:09:46,brain,4497000,30.43,78.21,1005.60,31.59,69.13,1005.33,1,0,MANUAL,1,1,1,
2026-09-27 21:09:47,brain,4498000,30.43,78.30,1005.60,31.58,69.34,1005.30,1,0,MANUAL,1,1,1,
2026-09-27 21:09:48,brain,4499000,30.43,77.30,1005.57,31.58,69.77,1005.35,1,0,MANUAL,1,1,1,
2026-09-27 21:09:49,brain,4500000,30.42,76.79,1005.62,31.58,69.42,1005.30,1,0,MANUAL,1,1,1,
2026-09-27 21:09:50,brain,4501000,30.43,77.50,1005.61,31.59,69.13,1005.42,1,0,MANUAL,1,1,1,
2026-09-27 21:09:51,brain,4502000,30.42,76.75,1005.59,31.58,69.60,1005.32,1,0,MANUAL,1,1,1,
2026-09-27 21:09:52,brain,4503000,30.42,77.05,1005.59,31.58,69.17,1005.32,1,0,MANUAL,1,1,1,
2026-09-27 21:09:53,brain,4504000,30.42,77.24,1005.62,31.58,69.20,1005.38,1,0,MANUAL,1,1,1,
2026-09-27 21:09:54,brain,4505000,30.42,76.44,1005.62,31.59,69.25,1005.36,1,0,MANUAL,1,1,1,
2026-09-27 21:09:55,brain,4506000,30.42,76.35,1005.61,31.58,69.17,1005.30,1,0,MANUAL,1,1,1,
2026-09-27 21:09:56,brain,4507000,30.42,76.38,1005.59,31.58,69.24,1005.38,1,0,MANUAL,1,1,1,
2026-09-27 21:09:57,brain,4508000,30.42,76.73,1005.61,31.59,69.16,1005.37,1,0,MANUAL,1,1,1,
2026-09-27 21:09:58,brain,4509000,30.42,78.54,1005.59,31.58,69.25,1005.32,1,0,MANUAL,1,1,1,
2026-09-27 21:09:59,brain,4510000,30.40,79.07,1005.56,31.59,69.16,1005.31,1,0,MANUAL,1,1,1,
2026-09-27 21:10:00,brain,4511000,30.40,77.71,1005.58,31.59,69.24,1005.28,1,0,MANUAL,1,1,1,
2026-09-27 21:10:01,brain,4512000,30.39,77.24,1005.60,31.59,69.18,1005.36,1,0,MANUAL,1,1,1,
2026-09-27 21:10:02,brain,4513000,30.39,76.94,1005.52,31.59,69.15,1005.39,1,0,MANUAL,1,1,1,
2026-09-27 21:10:03,brain,4514000,30.40,76.55,1005.56,31.60,69.19,1005.35,1,0,MANUAL,1,1,1,
2026-09-27 21:10:04,brain,4515000,30.40,77.04,1005.59,31.58,69.26,1005.32,1,0,MANUAL,1,1,1,
2026-09-27 21:10:05,brain,4516000,30.42,78.39,1005.59,31.58,69.29,1005.35,1,0,MANUAL,1,1,1,
2026-09-27 21:10:06,brain,4517000,30.42,79.82,1005.56,31.59,69.24,1005.40,1,0,MANUAL,1,1,1,
2026-09-27 21:10:07,brain,4518000,30.40,78.11,1005.59,31.58,69.23,1005.35,1,0,MANUAL,1,1,1,
2026-09-27 21:10:08,brain,4519000,30.41,77.47,1005.60,31.58,69.21,1005.38,1,0,MANUAL,1,1,1,
2026-09-27 21:10:09,brain,4520000,30.41,77.87,1005.63,31.59,69.25,1005.33,1,0,MANUAL,1,1,1,
2026-09-27 21:10:10,brain,4521000,30.40,77.84,1005.62,31.59,69.12,1005.37,1,0,MANUAL,1,1,1,
2026-09-27 21:10:11,brain,4522000,30.40,76.90,1005.56,31.58,69.23,1005.32,1,0,MANUAL,1,1,1,
2026-09-27 21:10:12,brain,4523000,30.40,76.55,1005.59,31.58,69.09,1005.35,1,0,MANUAL,1,1,1,
2026-09-27 21:10:13,brain,4524000,30.40,76.19,1005.56,31.58,69.23,1005.30,1,0,MANUAL,1,1,1,
2026-09-27 21:10:14,brain,4525000,30.41,76.37,1005.58,31.59,69.26,1005.30,1,0,MANUAL,1,1,1,
2026-09-27 21:10:15,brain,4526000,30.40,76.12,1005.64,31.59,69.33,1005.37,1,0,MANUAL,1,1,1,
2026-09-27 21:10:16,brain,4527000,30.40,75.97,1005.67,31.58,69.24,1005.35,1,0,MANUAL,1,1,1,
2026-09-27 21:10:17,brain,4528000,30.41,75.99,1005.58,31.58,69.09,1005.35,1,0,MANUAL,1,1,1,
2026-09-27 21:10:18,brain,4529000,30.41,76.95,1005.60,31.58,69.13,1005.32,1,0,MANUAL,1,1,1,
2026-09-27 21:10:19,brain,4530000,30.40,76.60,1005.62,31.58,69.26,1005.32,1,0,MANUAL,1,1,1,
2026-09-27 21:10:20,brain,4531000,30.40,76.08,1005.62,31.59,69.22,1005.36,1,0,MANUAL,1,1,1,
2026-09-27 21:10:21,brain,4532000,30.40,76.51,1005.62,31.57,69.47,1005.33,1,0,MANUAL,1,1,1,
2026-09-27 21:10:22,brain,4533000,30.40,78.30,1005.62,31.58,69.64,1005.30,1,0,MANUAL,1,1,1,
2026-09-27 21:10:23,brain,4534000,30.39,77.44,1005.60,31.57,69.35,1005.31,1,0,MANUAL,1,1,1,
2026-09-27 21:10:24,brain,4535000,30.40,77.01,1005.55,31.57,69.22,1005.28,1,0,MANUAL,1,1,1,
2026-09-27 21:10:25,brain,4536000,30.40,77.00,1005.56,31.57,69.41,1005.36,1,0,MANUAL,1,1,1,
2026-09-27 21:10:26,brain,4537000,30.40,77.10,1005.61,31.58,69.58,1005.35,1,0,MANUAL,1,1,1,
2026-09-27 21:10:27,brain,4538000,30.40,77.36,1005.58,31.58,69.40,1005.34,1,0,MANUAL,1,1,1,
2026-09-27 21:10:28,brain,4539000,30.39,76.83,1005.54,31.57,69.30,1005.34,1,0,MANUAL,1,1,1,
2026-09-27 21:10:29,brain,4540000,30.40,76.90,1005.58,31.57,69.25,1005.34,1,0,MANUAL,1,1,1,
2026-09-27 21:10:30,brain,4541000,30.39,76.22,1005.57,31.58,69.20,1005.30,1,0,MANUAL,1,1,1,
2026-09-27 21:10:31,brain,4542000,30.39,76.53,1005.63,31.57,69.34,1005.31,1,0,MANUAL,1,1,1,
2026-09-27 21:10:32,brain,4543000,30.38,76.57,1005.59,31.58,69.19,1005.32,1,0,MANUAL,1,1,1,
2026-09-27 21:10:33,brain,4544000,30.40,76.63,1005.55,31.57,69.11,1005.31,1,0,MANUAL,1,1,1,
2026-09-27 21:10:34,brain,4545000,30.40,76.77,1005.67,31.58,69.28,1005.34,1,0,MANUAL,1,1,1,
2026-09-27 21:10:35,brain,4546000,30.40,75.92,1005.64,31.58,69.42,1005.29,1,0,MANUAL,1,1,1,
2026-09-27 21:10:36,brain,4547000,30.40,76.88,1005.56,31.58,69.16,1005.35,1,0,MANUAL,1,1,1,
2026-09-27 21:10:37,brain,4548000,30.40,77.00,1005.62,31.58,69.22,1005.41,1,0,MANUAL,1,1,1,
2026-09-27 21:10:38,brain,4549000,30.40,76.79,1005.59,31.59,69.42,1005.36,1,0,MANUAL,1,1,1,
2026-09-27 21:10:39,brain,4550000,30.40,76.32,1005.56,31.58,69.23,1005.29,1,0,MANUAL,1,1,1,
2026-09-27 21:10:40,brain,4551000,30.41,76.04,1005.58,31.58,69.27,1005.34,1,0,MANUAL,1,1,1,
2026-09-27 21:10:41,brain,4552000,30.41,75.92,1005.57,31.58,69.15,1005.35,1,0,MANUAL,1,1,1,
2026-09-27 21:10:42,brain,4553000,30.41,75.82,1005.58,31.58,69.27,1005.35,1,0,MANUAL,1,1,1,
2026-09-27 21:10:43,brain,4554000,30.42,76.02,1005.59,31.58,69.44,1005.41,1,0,MANUAL,1,1,1,
2026-09-27 21:10:44,brain,4555000,30.40,76.30,1005.53,31.58,69.26,1005.37,1,0,MANUAL,1,1,1,
2026-09-27 21:10:45,brain,4556000,30.41,77.27,1005.61,31.57,69.34,1005.39,1,0,MANUAL,1,1,1,
2026-09-27 21:10:46,brain,4557000,30.41,76.87,1005.58,31.58,69.17,1005.30,1,0,MANUAL,1,1,1,
2026-09-27 21:10:47,brain,4558000,30.40,76.82,1005.56,31.57,69.22,1005.28,1,0,MANUAL,1,1,1,
2026-09-27 21:10:48,brain,4559000,30.41,76.27,1005.54,31.58,69.30,1005.30,1,0,MANUAL,1,1,1,
2026-09-27 21:10:49,brain,4560000,30.39,76.23,1005.55,31.57,69.23,1005.31,1,0,MANUAL,1,1,1,
2026-09-27 21:10:50,brain,4561000,30.40,75.97,1005.59,31.58,69.23,1005.32,1,0,MANUAL,1,1,1,
2026-09-27 21:10:51,brain,4562000,30.40,76.30,1005.56,31.58,69.23,1005.34,1,0,MANUAL,1,1,1,
2026-09-27 21:10:52,brain,4563000,30.41,76.33,1005.61,31.57,69.18,1005.30,1,0,MANUAL,1,1,1,
2026-09-27 21:10:53,brain,4564000,30.40,76.90,1005.59,31.57,69.34,1005.34,1,0,MANUAL,1,1,1,
2026-09-27 21:10:54,brain,4565000,30.40,77.54,1005.56,31.58,69.24,1005.43,1,0,MANUAL,1,1,1,
2026-09-27 21:10:55,brain,4566000,30.41,77.58,1005.63,31.57,69.30,1005.36,1,0,MANUAL,1,1,1,
2026-09-27 21:10:56,brain,4567000,30.41,76.88,1005.61,31.58,69.14,1005.34,1,0,MANUAL,1,1,1,
2026-09-27 21:10:57,brain,4568000,30.41,76.34,1005.52,31.58,69.16,1005.29,1,0,MANUAL,1,1,1,
2026-09-27 21:10:58,brain,4569000,30.41,75.94,1005.61,31.58,69.25,1005.34,1,0,MANUAL,1,1,1,
2026-09-27 21:10:59,brain,4570000,30.42,75.92,1005.64,31.58,69.29,1005.35,1,0,MANUAL,1,1,1,
2026-09-27 21:10:59,brain,,,,,,,,,,,,,,mist A=0 B=0 (manual)
2026-09-27 21:11:00,brain,4571000,30.43,76.81,1005.57,31.58,69.25,1005.32,0,0,MANUAL,1,1,1,
2026-09-27 21:11:01,brain,4572000,30.42,77.76,1005.59,31.57,69.31,1005.34,0,0,MANUAL,1,1,1,
2026-09-27 21:11:02,brain,4573000,30.42,78.87,1005.59,31.58,69.15,1005.29,0,0,MANUAL,1,1,1,
2026-09-27 21:11:03,brain,4574000,30.41,78.82,1005.54,31.58,69.25,1005.32,0,0,MANUAL,1,1,1,
2026-09-27 21:11:04,brain,4575000,30.39,77.48,1005.60,31.58,69.18,1005.29,0,0,MANUAL,1,1,1,
2026-09-27 21:11:05,brain,4576000,30.40,76.88,1005.56,31.57,69.17,1005.31,0,0,MANUAL,1,1,1,
2026-09-27 21:11:06,brain,4577000,30.41,78.08,1005.57,31.58,69.30,1005.32,0,0,MANUAL,1,1,1,
2026-09-27 21:11:07,brain,4578000,30.42,79.10,1005.61,31.56,69.29,1005.32,0,0,MANUAL,1,1,1,
2026-09-27 21:11:08,brain,4579000,30.41,77.87,1005.57,31.56,69.19,1005.38,0,0,MANUAL,1,1,1,
2026-09-27 21:11:09,brain,4580000,30.40,76.98,1005.51,31.57,69.46,1005.39,0,0,MANUAL,1,1,1,
2026-09-27 21:11:10,brain,4581000,30.42,78.53,1005.57,31.57,69.21,1005.28,0,0,MANUAL,1,1,1,
2026-09-27 21:11:11,brain,4582000,30.41,78.18,1005.58,31.58,69.34,1005.34,0,0,MANUAL,1,1,1,
2026-09-27 21:11:12,brain,4583000,30.42,77.10,1005.59,31.58,69.23,1005.40,0,0,MANUAL,1,1,1,
2026-09-27 21:11:13,brain,4584000,30.43,77.48,1005.52,31.57,69.33,1005.34,0,0,MANUAL,1,1,1,
2026-09-27 21:11:14,brain,4585000,30.43,78.06,1005.58,31.57,69.18,1005.34,0,0,MANUAL,1,1,1,
2026-09-27 21:11:15,brain,4586000,30.45,78.55,1005.58,31.58,69.22,1005.34,0,0,MANUAL,1,1,1,
2026-09-27 21:11:16,brain,4587000,30.44,77.44,1005.56,31.57,69.37,1005.33,0,0,MANUAL,1,1,1,
2026-09-27 21:11:17,brain,4588000,30.45,77.77,1005.59,31.57,69.40,1005.34,0,0,MANUAL,1,1,1,
2026-09-27 21:11:18,brain,4589000,30.44,77.14,1005.51,31.57,69.28,1005.31,0,0,MANUAL,1,1,1,
2026-09-27 21:11:19,brain,4590000,30.45,77.31,1005.61,31.57,69.42,1005.39,0,0,MANUAL,1,1,1,
2026-09-27 21:11:20,brain,4591000,30.45,76.66,1005.56,31.57,69.25,1005.28,0,0,MANUAL,1,1,1,
2026-09-27 21:11:21,brain,4592000,30.45,76.01,1005.55,31.57,69.30,1005.31,0,0,MANUAL,1,1,1,
2026-09-27 21:11:22,brain,4593000,30.46,76.33,1005.57,31.57,69.23,1005.28,0,0,MANUAL,1,1,1,
2026-09-27 21:11:23,brain,4594000,30.48,77.46,1005.60,31.57,69.31,1005.36,0,0,MANUAL,1,1,1,
2026-09-27 21:11:24,brain,4595000,30.48,78.17,1005.61,31.57,69.23,1005.31,0,0,MANUAL,1,1,1,
2026-09-27 21:11:25,brain,4596000,30.47,77.03,1005.56,31.57,69.31,1005.36,0,0,MANUAL,1,1,1,
2026-09-27 21:11:26,brain,4597000,30.48,76.81,1005.60,31.58,69.42,1005.32,0,0,MANUAL,1,1,1,
2026-09-27 21:11:27,brain,4598000,30.50,78.30,1005.60,31.57,69.46,1005.36,0,0,MANUAL,1,1,1,
2026-09-27 21:11:28,brain,4599000,30.49,78.38,1005.59,31.57,69.30,1005.36,0,0,MANUAL,1,1,1,
2026-09-27 21:11:29,brain,4600000,30.49,76.93,1005.59,31.57,69.29,1005.36,0,0,MANUAL,1,1,1,
2026-09-27 21:11:30,brain,4601000,30.49,76.53,1005.54,31.57,69.29,1005.33,0,0,MANUAL,1,1,1,
2026-09-27 21:11:31,brain,4602000,30.49,76.18,1005.54,31.57,69.31,1005.34,0,0,MANUAL,1,1,1,
2026-09-27 21:11:32,brain,4603000,30.50,76.68,1005.61,31.57,69.28,1005.36,0,0,MANUAL,1,1,1,
2026-09-27 21:11:33,brain,4604000,30.51,76.89,1005.62,31.57,69.28,1005.30,0,0,MANUAL,1,1,1,
2026-09-27 21:11:34,brain,4605000,30.51,77.93,1005.57,31.57,69.49,1005.31,0,0,MANUAL,1,1,1,
2026-09-27 21:11:35,brain,4606000,30.50,77.22,1005.55,31.57,69.69,1005.39,0,0,MANUAL,1,1,1,
2026-09-27 21:11:36,brain,4607000,30.51,76.53,1005.57,31.57,69.31,1005.34,0,0,MANUAL,1,1,1,
2026-09-27 21:11:37,brain,4608000,30.52,76.35,1005.70,31.57,69.57,1005.36,0,0,MANUAL,1,1,1,
2026-09-27 21:11:38,brain,4609000,30.52,76.51,1005.62,31.57,69.66,1005.34,0,0,MANUAL,1,1,1,
2026-09-27 21:11:39,brain,4610000,30.52,76.52,1005.62,31.57,69.23,1005.28,0,0,MANUAL,1,1,1,
2026-09-27 21:11:40,brain,4611000,30.53,76.67,1005.60,31.57,69.33,1005.30,0,0,MANUAL,1,1,1,
2026-09-27 21:11:41,brain,4612000,30.54,77.47,1005.56,31.57,69.59,1005.33,0,0,MANUAL,1,1,1,
2026-09-27 21:11:42,brain,4613000,30.55,77.82,1005.61,31.57,69.56,1005.36,0,0,MANUAL,1,1,1,
2026-09-27 21:11:43,brain,4614000,30.55,77.52,1005.57,31.56,69.63,1005.32,0,0,MANUAL,1,1,1,
2026-09-27 21:11:44,brain,4615000,30.55,77.09,1005.61,31.57,69.66,1005.34,0,0,MANUAL,1,1,1,
2026-09-27 21:11:45,brain,4616000,30.56,76.70,1005.59,31.57,69.51,1005.34,0,0,MANUAL,1,1,1,
2026-09-27 21:11:46,brain,4617000,30.55,75.79,1005.64,31.56,69.38,1005.29,0,0,MANUAL,1,1,1,
2026-09-27 21:11:47,brain,4618000,30.56,75.44,1005.59,31.56,69.28,1005.32,0,0,MANUAL,1,1,1,
2026-09-27 21:11:48,brain,4619000,30.56,75.00,1005.62,31.57,69.25,1005.38,0,0,MANUAL,1,1,1,
2026-09-27 21:11:49,brain,4620000,30.56,76.25,1005.57,31.56,69.29,1005.29,0,0,MANUAL,1,1,1,
2026-09-27 21:11:50,brain,4621000,30.57,77.53,1005.56,31.56,69.36,1005.35,0,0,MANUAL,1,1,1,
2026-09-27 21:11:51,brain,4622000,30.57,77.09,1005.58,31.57,69.46,1005.30,0,0,MANUAL,1,1,1,
2026-09-27 21:11:52,brain,4623000,30.58,77.33,1005.56,31.57,69.38,1005.36,0,0,MANUAL,1,1,1,
2026-09-27 21:11:53,brain,4624000,30.58,76.21,1005.62,31.57,69.23,1005.28,0,0,MANUAL,1,1,1,
2026-09-27 21:11:54,brain,4625000,30.57,75.65,1005.56,31.57,69.17,1005.28,0,0,MANUAL,1,1,1,
2026-09-27 21:11:55,brain,4626000,30.58,75.10,1005.52,31.56,69.33,1005.32,0,0,MANUAL,1,1,1,
2026-09-27 21:11:56,brain,4627000,30.58,75.19,1005.60,31.58,69.67,1005.29,0,0,MANUAL,1,1,1,
2026-09-27 21:11:57,brain,4628000,30.60,75.62,1005.56,31.57,69.33,1005.36,0,0,MANUAL,1,1,1,
2026-09-27 21:11:58,brain,4629000,30.60,75.63,1005.53,31.57,69.57,1005.36,0,0,MANUAL,1,1,1,
2026-09-27 21:11:59,brain,4630000,30.60,77.01,1005.57,31.57,69.63,1005.28,0,0,MANUAL,1,1,1,
2026-09-27 21:12:00,brain,4631000,30.62,77.51,1005.62,31.57,69.43,1005.33,0,0,MANUAL,1,1,1,
2026-09-27 21:12:01,brain,4632000,30.62,76.56,1005.54,31.58,69.34,1005.29,0,0,MANUAL,1,1,1,
2026-09-27 21:12:02,brain,4633000,30.63,77.07,1005.64,31.57,69.18,1005.33,0,0,MANUAL,1,1,1,
2026-09-27 21:12:03,brain,4634000,30.62,76.92,1005.57,31.57,69.61,1005.33,0,0,MANUAL,1,1,1,
2026-09-27 21:12:04,brain,4635000,30.63,76.05,1005.50,31.57,69.24,1005.33,0,0,MANUAL,1,1,1,
2026-09-27 21:12:05,brain,4636000,30.64,76.04,1005.66,31.56,69.47,1005.32,0,0,MANUAL,1,1,1,
2026-09-27 21:12:06,brain,4637000,30.63,74.98,1005.62,31.57,69.17,1005.31,0,0,MANUAL,1,1,1,
2026-09-27 21:12:07,brain,4638000,30.65,74.80,1005.56,31.57,69.52,1005.34,0,0,MANUAL,1,1,1,
2026-09-27 21:12:08,brain,4639000,30.65,75.12,1005.64,31.56,69.36,1005.32,0,0,MANUAL,1,1,1,
2026-09-27 21:12:09,brain,4640000,30.65,75.41,1005.58,31.56,69.33,1005.35,0,0,MANUAL,1,1,1,
2026-09-27 21:12:09,brain,,,,,,,,,,,,,,mist A=1 B=0 (manual)
2026-09-27 21:12:10,brain,4641000,30.65,75.19,1005.62,31.57,69.26,1005.27,1,0,MANUAL,1,1,1,
2026-09-27 21:12:11,brain,4642000,30.66,76.09,1005.57,31.57,69.35,1005.39,1,0,MANUAL,1,1,1,
2026-09-27 21:12:12,brain,4643000,30.65,75.28,1005.62,31.57,69.13,1005.39,1,0,MANUAL,1,1,1,
2026-09-27 21:12:13,brain,4644000,30.66,75.21,1005.63,31.56,69.28,1005.38,1,0,MANUAL,1,1,1,
2026-09-27 21:12:14,brain,4645000,30.65,74.69,1005.59,31.58,69.43,1005.34,1,0,MANUAL,1,1,1,
2026-09-27 21:12:15,brain,4646000,30.66,74.24,1005.58,31.56,69.26,1005.32,1,0,MANUAL,1,1,1,
2026-09-27 21:12:16,brain,4647000,30.66,74.88,1005.55,31.57,69.27,1005.33,1,0,MANUAL,1,1,1,
2026-09-27 21:12:17,brain,4648000,30.67,75.25,1005.59,31.57,69.29,1005.38,1,0,MANUAL,1,1,1,
2026-09-27 21:12:18,brain,4649000,30.66,75.47,1005.58,31.57,69.25,1005.39,1,0,MANUAL,1,1,1,
2026-09-27 21:12:19,brain,4650000,30.66,75.18,1005.57,31.57,69.14,1005.36,1,0,MANUAL,1,1,1,
2026-09-27 21:12:20,brain,4651000,30.65,74.73,1005.56,31.56,69.26,1005.35,1,0,MANUAL,1,1,1,
2026-09-27 21:12:21,brain,4652000,30.66,76.08,1005.60,31.57,69.19,1005.34,1,0,MANUAL,1,1,1,
2026-09-27 21:12:22,brain,4653000,30.65,76.55,1005.61,31.56,69.21,1005.32,1,0,MANUAL,1,1,1,
2026-09-27 21:12:23,brain,4654000,30.64,76.78,1005.54,31.57,69.15,1005.34,1,0,MANUAL,1,1,1,
2026-09-27 21:12:24,brain,4655000,30.64,76.45,1005.57,31.56,69.58,1005.35,1,0,MANUAL,1,1,1,
2026-09-27 21:12:25,brain,4656000,30.63,76.68,1005.64,31.56,69.37,1005.32,1,0,MANUAL,1,1,1,
2026-09-27 21:12:26,brain,4657000,30.63,76.05,1005.61,31.55,69.17,1005.31,1,0,MANUAL,1,1,1,
2026-09-27 21:12:27,brain,4658000,30.63,75.39,1005.61,31.57,69.25,1005.41,1,0,MANUAL,1,1,1,
2026-09-27 21:12:28,brain,4659000,30.64,75.54,1005.60,31.56,69.13,1005.29,1,0,MANUAL,1,1,1,
2026-09-27 21:12:29,brain,4660000,30.62,75.35,1005.57,31.57,69.20,1005.33,1,0,MANUAL,1,1,1,
2026-09-27 21:12:30,brain,4661000,30.63,75.53,1005.58,31.57,69.14,1005.33,1,0,MANUAL,1,1,1,
2026-09-27 21:12:31,brain,4662000,30.64,76.10,1005.60,31.57,69.27,1005.31,1,0,MANUAL,1,1,1,
2026-09-27 21:12:32,brain,4663000,30.62,75.91,1005.59,31.56,69.24,1005.29,1,0,MANUAL,1,1,1,
2026-09-27 21:12:33,brain,4664000,30.63,75.58,1005.61,31.57,69.26,1005.39,1,0,MANUAL,1,1,1,
2026-09-27 21:12:34,brain,4665000,30.63,75.51,1005.58,31.57,69.46,1005.36,1,0,MANUAL,1,1,1,
2026-09-27 21:12:35,brain,4666000,30.63,75.23,1005.58,31.57,69.42,1005.33,1,0,MANUAL,1,1,1,
2026-09-27 21:12:36,brain,4667000,30.62,76.49,1005.57,31.56,69.17,1005.29,1,0,MANUAL,1,1,1,
2026-09-27 21:12:37,brain,4668000,30.62,75.95,1005.60,31.57,69.28,1005.30,1,0,MANUAL,1,1,1,
2026-09-27 21:12:38,brain,4669000,30.62,75.26,1005.63,31.57,69.24,1005.34,1,0,MANUAL,1,1,1,
2026-09-27 21:12:39,brain,4670000,30.62,75.23,1005.60,31.57,69.25,1005.30,1,0,MANUAL,1,1,1,
2026-09-27 21:12:40,brain,4671000,30.62,75.84,1005.56,31.57,69.40,1005.39,1,0,MANUAL,1,1,1,
2026-09-27 21:12:41,brain,4672000,30.62,75.56,1005.62,31.57,69.20,1005.30,1,0,MANUAL,1,1,1,
2026-09-27 21:12:42,brain,4673000,30.61,75.74,1005.61,31.57,69.24,1005.33,1,0,MANUAL,1,1,1,
2026-09-27 21:12:43,brain,4674000,30.62,75.14,1005.59,31.57,69.41,1005.33,1,0,MANUAL,1,1,1,
2026-09-27 21:12:44,brain,4675000,30.62,75.24,1005.57,31.56,69.28,1005.38,1,0,MANUAL,1,1,1,
2026-09-27 21:12:45,brain,4676000,30.62,75.22,1005.63,31.55,69.38,1005.34,1,0,MANUAL,1,1,1,
2026-09-27 21:12:46,brain,4677000,30.62,75.43,1005.60,31.55,69.41,1005.40,1,0,MANUAL,1,1,1,
2026-09-27 21:12:47,brain,4678000,30.62,75.90,1005.60,31.56,69.34,1005.38,1,0,MANUAL,1,1,1,
2026-09-27 21:12:48,brain,4679000,30.61,75.61,1005.56,31.57,69.19,1005.39,1,0,MANUAL,1,1,1,
2026-09-27 21:12:49,brain,4680000,30.64,76.60,1005.60,31.55,69.22,1005.36,1,0,MANUAL,1,1,1,
2026-09-27 21:12:50,brain,4681000,30.64,78.03,1005.60,31.57,69.26,1005.38,1,0,MANUAL,1,1,1,
2026-09-27 21:12:51,brain,4682000,30.63,76.49,1005.64,31.56,69.19,1005.40,1,0,MANUAL,1,1,1,
2026-09-27 21:12:52,brain,4683000,30.63,75.69,1005.64,31.55,69.42,1005.33,1,0,MANUAL,1,1,1,
2026-09-27 21:12:53,brain,4684000,30.63,76.55,1005.55,31.56,69.32,1005.32,1,0,MANUAL,1,1,1,
2026-09-27 21:12:54,brain,4685000,30.62,76.16,1005.60,31.56,69.26,1005.38,1,0,MANUAL,1,1,1,
2026-09-27 21:12:55,brain,4686000,30.62,76.16,1005.60,31.55,69.29,1005.28,1,0,MANUAL,1,1,1,
2026-09-27 21:12:56,brain,4687000,30.62,75.99,1005.62,31.55,69.59,1005.31,1,0,MANUAL,1,1,1,
2026-09-27 21:12:57,brain,4688000,30.63,75.76,1005.58,31.56,69.16,1005.35,1,0,MANUAL,1,1,1,
2026-09-27 21:12:58,brain,4689000,30.63,75.44,1005.61,31.56,69.54,1005.32,1,0,MANUAL,1,1,1,
2026-09-27 21:12:59,brain,4690000,30.62,77.88,1005.62,31.55,69.48,1005.33,1,0,MANUAL,1,1,1,
2026-09-27 21:13:00,brain,4691000,30.60,77.09,1005.59,31.55,69.28,1005.37,1,0,MANUAL,1,1,1,
2026-09-27 21:13:01,brain,4692000,30.60,76.60,1005.57,31.56,69.26,1005.32,1,0,MANUAL,1,1,1,
2026-09-27 21:13:02,brain,4693000,30.60,76.63,1005.60,31.55,69.26,1005.31,1,0,MANUAL,1,1,1,
2026-09-27 21:13:03,brain,4694000,30.60,76.15,1005.59,31.57,69.43,1005.38,1,0,MANUAL,1,1,1,
2026-09-27 21:13:04,brain,4695000,30.61,76.41,1005.58,31.55,69.52,1005.34,1,0,MANUAL,1,1,1,
2026-09-27 21:13:05,brain,4696000,30.62,77.26,1005.62,31.56,69.54,1005.43,1,0,MANUAL,1,1,1,
2026-09-27 21:13:06,brain,4697000,30.60,77.46,1005.60,31.56,69.42,1005.38,1,0,MANUAL,1,1,1,
2026-09-27 21:13:07,brain,4698000,30.62,77.44,1005.62,31.57,69.59,1005.30,1,0,MANUAL,1,1,1,
2026-09-27 21:13:08,brain,4699000,30.60,77.44,1005.60,31.57,69.26,1005.34,1,0,MANUAL,1,1,1,
2026-09-27 21:13:09,brain,4700000,30.60,76.90,1005.65,31.57,69.16,1005.30,1,0,MANUAL,1,1,1,
2026-09-27 21:13:10,brain,4701000,30.60,77.05,1005.60,31.57,69.18,1005.33,1,0,MANUAL,1,1,1,
2026-09-27 21:13:11,brain,4702000,30.59,76.57,1005.58,31.57,69.14,1005.42,1,0,MANUAL,1,1,1,
2026-09-27 21:13:12,brain,4703000,30.60,76.84,1005.62,31.57,69.04,1005.36,1,0,MANUAL,1,1,1,
2026-09-27 21:13:13,brain,4704000,30.60,76.63,1005.62,31.56,69.09,1005.26,1,0,MANUAL,1,1,1,
2026-09-27 21:13:14,brain,4705000,30.60,76.97,1005.62,31.57,69.19,1005.36,1,0,MANUAL,1,1,1,
2026-09-27 21:13:15,brain,4706000,30.60,76.62,1005.62,31.58,69.19,1005.34,1,0,MANUAL,1,1,1,
2026-09-27 21:13:16,brain,4707000,30.58,76.27,1005.57,31.58,69.17,1005.40,1,0,MANUAL,1,1,1,
2026-09-27 21:13:17,brain,4708000,30.58,75.75,1005.63,31.58,69.33,1005.34,1,0,MANUAL,1,1,1,
2026-09-27 21:13:18,brain,4709000,30.57,75.96,1005.63,31.57,69.23,1005.34,1,0,MANUAL,1,1,1,
2026-09-27 21:13:19,brain,4710000,30.58,75.32,1005.62,31.57,69.23,1005.34,1,0,MANUAL,1,1,1,
2026-09-27 21:13:20,brain,4711000,30.57,75.69,1005.61,31.57,69.41,1005.31,1,0,MANUAL,1,1,1,
2026-09-27 21:13:21,brain,4712000,30.56,75.27,1005.64,31.57,69.25,1005.38,1,0,MANUAL,1,1,1,
2026-09-27 21:13:22,brain,4713000,30.56,74.91,1005.70,31.57,69.40,1005.34,1,0,MANUAL,1,1,1,
2026-09-27 21:13:23,brain,4714000,30.56,75.10,1005.62,31.57,69.21,1005.36,1,0,MANUAL,1,1,1,
2026-09-27 21:13:24,brain,4715000,30.56,75.61,1005.62,31.57,69.13,1005.34,1,0,MANUAL,1,1,1,
2026-09-27 21:13:25,brain,4716000,30.55,75.22,1005.64,31.57,69.10,1005.34,1,0,MANUAL,1,1,1,
2026-09-27 21:13:26,brain,4717000,30.56,74.97,1005.57,31.57,69.07,1005.34,1,0,MANUAL,1,1,1,
2026-09-27 21:13:27,brain,4718000,30.57,75.88,1005.66,31.58,69.10,1005.40,1,0,MANUAL,1,1,1,
2026-09-27 21:13:28,brain,4719000,30.55,75.28,1005.58,31.58,69.15,1005.37,1,0,MANUAL,1,1,1,
2026-09-27 21:13:29,brain,4720000,30.56,75.84,1005.59,31.57,69.08,1005.36,1,0,MANUAL,1,1,1,
2026-09-27 21:13:30,brain,4721000,30.57,76.98,1005.66,31.57,69.11,1005.34,1,0,MANUAL,1,1,1,
2026-09-27 21:13:31,brain,4722000,30.56,77.08,1005.64,31.56,69.03,1005.35,1,0,MANUAL,1,1,1,
2026-09-27 21:13:32,brain,4723000,30.55,75.89,1005.58,31.57,69.15,1005.33,1,0,MANUAL,1,1,1,
2026-09-27 21:13:33,brain,4724000,30.56,75.48,1005.59,31.57,69.25,1005.33,1,0,MANUAL,1,1,1,
2026-09-27 21:13:34,brain,4725000,30.56,77.79,1005.70,31.57,69.18,1005.39,1,0,MANUAL,1,1,1,
2026-09-27 21:13:35,brain,4726000,30.54,78.44,1005.62,31.57,69.15,1005.34,1,0,MANUAL,1,1,1,
2026-09-27 21:13:36,brain,4727000,30.53,77.33,1005.60,31.58,69.17,1005.32,1,0,MANUAL,1,1,1,
2026-09-27 21:13:37,brain,4728000,30.53,77.21,1005.60,31.58,69.15,1005.40,1,0,MANUAL,1,1,1,
2026-09-27 21:13:38,brain,4729000,30.53,76.40,1005.60,31.57,69.17,1005.36,1,0,MANUAL,1,1,1,
2026-09-27 21:13:39,brain,4730000,30.53,76.28,1005.54,31.57,69.17,1005.33,1,0,MANUAL,1,1,1,
2026-09-27 21:13:40,brain,4731000,30.54,76.92,1005.59,31.57,69.25,1005.31,1,0,MANUAL,1,1,1,
2026-09-27 21:13:41,brain,4732000,30.52,76.30,1005.59,31.57,69.44,1005.38,1,0,MANUAL,1,1,1,
2026-09-27 21:13:42,brain,4733000,30.52,76.67,1005.59,31.57,69.23,1005.33,1,0,MANUAL,1,1,1,
2026-09-27 21:13:43,brain,4734000,30.54,76.11,1005.55,31.57,69.19,1005.34,1,0,MANUAL,1,1,1,
2026-09-27 21:13:44,brain,4735000,30.53,76.07,1005.60,31.57,69.28,1005.36,1,0,MANUAL,1,1,1,
2026-09-27 21:13:45,brain,4736000,30.53,76.46,1005.60,31.57,68.99,1005.31,1,0,MANUAL,1,1,1,
2026-09-27 21:13:46,brain,4737000,30.52,76.34,1005.56,31.57,69.16,1005.34,1,0,MANUAL,1,1,1,
2026-09-27 21:13:47,brain,4738000,30.53,77.01,1005.62,31.57,69.16,1005.34,1,0,MANUAL,1,1,1,
2026-09-27 21:13:48,brain,4739000,30.51,77.11,1005.60,31.57,69.22,1005.39,1,0,MANUAL,1,1,1,
2026-09-27 21:13:49,brain,4740000,30.51,78.70,1005.59,31.56,69.16,1005.29,1,0,MANUAL,1,1,1,
2026-09-27 21:13:50,brain,4741000,30.51,80.36,1005.53,31.57,69.16,1005.36,1,0,MANUAL,1,1,1,
2026-09-27 21:13:51,brain,4742000,30.48,78.91,1005.64,31.56,69.20,1005.38,1,0,MANUAL,1,1,1,
2026-09-27 21:13:52,brain,4743000,30.49,78.56,1005.59,31.57,69.16,1005.36,1,0,MANUAL,1,1,1,
2026-09-27 21:13:53,brain,4744000,30.48,77.81,1005.64,31.57,69.19,1005.38,1,0,MANUAL,1,1,1,
2026-09-27 21:13:54,brain,4745000,30.49,79.65,1005.61,31.56,69.22,1005.35,1,0,MANUAL,1,1,1,
2026-09-27 21:13:55,brain,4746000,30.47,78.87,1005.68,31.57,69.18,1005.34,1,0,MANUAL,1,1,1,
2026-09-27 21:13:56,brain,4747000,30.47,77.62,1005.61,31.57,69.24,1005.36,1,0,MANUAL,1,1,1,
2026-09-27 21:13:57,brain,4748000,30.46,77.10,1005.59,31.57,69.20,1005.33,1,0,MANUAL,1,1,1,
2026-09-27 21:13:58,brain,4749000,30.45,77.23,1005.61,31.56,69.22,1005.38,1,0,MANUAL,1,1,1,
2026-09-27 21:13:59,brain,4750000,30.46,76.90,1005.65,31.58,69.09,1005.29,1,0,MANUAL,1,1,1,
2026-09-27 21:14:00,brain,4751000,30.45,76.96,1005.59,31.56,69.12,1005.32,1,0,MANUAL,1,1,1,
2026-09-27 21:14:01,brain,4752000,30.45,76.60,1005.63,31.57,69.79,1005.34,1,0,MANUAL,1,1,1,
2026-09-27 21:14:02,brain,4753000,30.46,76.65,1005.60,31.58,69.19,1005.37,1,0,MANUAL,1,1,1,
2026-09-27 21:14:03,brain,4754000,30.46,76.73,1005.60,31.58,69.15,1005.37,1,0,MANUAL,1,1,1,
2026-09-27 21:14:04,brain,4755000,30.46,76.68,1005.60,31.57,69.21,1005.38,1,0,MANUAL,1,1,1,
2026-09-27 21:14:05,brain,4756000,30.47,76.73,1005.64,31.57,69.57,1005.36,1,0,MANUAL,1,1,1,
2026-09-27 21:14:06,brain,4757000,30.47,76.92,1005.64,31.57,69.34,1005.33,1,0,MANUAL,1,1,1,
2026-09-27 21:14:07,brain,4758000,30.47,77.04,1005.55,31.57,69.31,1005.31,1,0,MANUAL,1,1,1,
2026-09-27 21:14:08,brain,4759000,30.46,77.94,1005.63,31.58,69.42,1005.35,1,0,MANUAL,1,1,1,
2026-09-27 21:14:09,brain,4760000,30.46,78.87,1005.63,31.57,69.14,1005.31,1,0,MANUAL,1,1,1,
2026-09-27 21:14:10,brain,4761000,30.47,78.88,1005.59,31.57,69.24,1005.39,1,0,MANUAL,1,1,1,
2026-09-27 21:14:11,brain,4762000,30.46,78.20,1005.62,31.57,69.46,1005.36,1,0,MANUAL,1,1,1,
2026-09-27 21:14:12,brain,4763000,30.45,77.35,1005.61,31.58,69.17,1005.35,1,0,MANUAL,1,1,1,
2026-09-27 21:14:13,brain,4764000,30.45,76.78,1005.61,31.58,69.31,1005.40,1,0,MANUAL,1,1,1,
2026-09-27 21:14:14,brain,4765000,30.44,76.50,1005.62,31.57,69.19,1005.39,1,0,MANUAL,1,1,1,
2026-09-27 21:14:15,brain,4766000,30.45,76.22,1005.61,31.57,69.18,1005.39,1,0,MANUAL,1,1,1,
2026-09-27 21:14:16,brain,4767000,30.45,76.20,1005.64,31.58,69.11,1005.37,1,0,MANUAL,1,1,1,
2026-09-27 21:14:17,brain,4768000,30.46,76.11,1005.65,31.58,69.19,1005.34,1,0,MANUAL,1,1,1,
2026-09-27 21:14:18,brain,4769000,30.45,76.00,1005.61,31.58,69.08,1005.41,1,0,MANUAL,1,1,1,
2026-09-27 21:14:19,brain,4770000,30.46,76.02,1005.59,31.58,69.25,1005.41,1,0,MANUAL,1,1,1,
2026-09-27 21:14:20,brain,4771000,30.45,76.19,1005.61,31.58,69.21,1005.38,1,0,MANUAL,1,1,1,
2026-09-27 21:14:21,brain,4772000,30.46,76.30,1005.63,31.57,69.22,1005.36,1,0,MANUAL,1,1,1,
2026-09-27 21:14:22,brain,4773000,30.46,76.66,1005.68,31.59,69.12,1005.30,1,0,MANUAL,1,1,1,
2026-09-27 21:14:23,brain,4774000,30.47,78.07,1005.65,31.59,69.20,1005.33,1,0,MANUAL,1,1,1,
2026-09-27 21:14:24,brain,4775000,30.45,77.35,1005.64,31.58,69.15,1005.35,1,0,MANUAL,1,1,1,
2026-09-27 21:14:25,brain,4776000,30.45,76.55,1005.64,31.58,69.26,1005.32,1,0,MANUAL,1,1,1,
2026-09-27 21:14:26,brain,4777000,30.46,76.16,1005.69,31.58,69.20,1005.35,1,0,MANUAL,1,1,1,
2026-09-27 21:14:27,brain,4778000,30.45,76.05,1005.59,31.58,69.52,1005.41,1,0,MANUAL,1,1,1,
2026-09-27 21:14:28,brain,4779000,30.47,76.22,1005.67,31.58,69.24,1005.35,1,0,MANUAL,1,1,1,
2026-09-27 21:14:29,brain,4780000,30.46,76.26,1005.69,31.58,69.23,1005.37,1,0,MANUAL,1,1,1,
2026-09-27 21:14:30,brain,4781000,30.46,75.94,1005.57,31.58,69.16,1005.34,1,0,MANUAL,1,1,1,
2026-09-27 21:14:31,brain,4782000,30.47,76.25,1005.64,31.58,69.25,1005.35,1,0,MANUAL,1,1,1,
2026-09-27 21:14:32,brain,4783000,30.46,76.26,1005.60,31.58,69.19,1005.29,1,0,MANUAL,1,1,1,
2026-09-27 21:14:33,brain,4784000,30.47,75.31,1005.58,31.59,69.36,1005.36,1,0,MANUAL,1,1,1,
2026-09-27 21:14:34,brain,4785000,30.47,75.19,1005.61,31.59,69.24,1005.42,1,0,MANUAL,1,1,1,
2026-09-27 21:14:35,brain,4786000,30.47,75.69,1005.62,31.59,69.45,1005.34,1,0,MANUAL,1,1,1,
2026-09-27 21:14:36,brain,4787000,30.46,76.19,1005.57,31.58,69.25,1005.38,1,0,MANUAL,1,1,1,
2026-09-27 21:14:37,brain,4788000,30.47,75.63,1005.64,31.58,69.27,1005.38,1,0,MANUAL,1,1,1,
2026-09-27 21:14:38,brain,4789000,30.47,77.22,1005.62,31.58,69.31,1005.40,1,0,MANUAL,1,1,1,
2026-09-27 21:14:39,brain,4790000,30.47,77.05,1005.62,31.59,69.38,1005.37,1,0,MANUAL,1,1,1,
2026-09-27 21:14:40,brain,4791000,30.47,76.55,1005.67,31.59,69.33,1005.42,1,0,MANUAL,1,1,1,
2026-09-27 21:14:41,brain,4792000,30.47,77.08,1005.67,31.59,69.30,1005.42,1,0,MANUAL,1,1,1,
2026-09-27 21:14:42,brain,4793000,30.46,75.89,1005.68,31.59,69.30,1005.39,1,0,MANUAL,1,1,1,
2026-09-27 21:14:43,brain,4794000,30.48,76.61,1005.63,31.59,69.21,1005.36,1,0,MANUAL,1,1,1,
2026-09-27 21:14:44,brain,4795000,30.47,76.74,1005.62,31.59,69.18,1005.36,1,0,MANUAL,1,1,1,
2026-09-27 21:14:45,brain,4796000,30.46,76.00,1005.62,31.59,69.25,1005.42,1,0,MANUAL,1,1,1,
2026-09-27 21:14:46,brain,4797000,30.47,76.03,1005.67,31.59,69.04,1005.42,1,0,MANUAL,1,1,1,
2026-09-27 21:14:47,brain,4798000,30.47,77.40,1005.59,31.58,69.10,1005.38,1,0,MANUAL,1,1,1,
2026-09-27 21:14:48,brain,4799000,30.46,77.64,1005.62,31.58,69.29,1005.38,1,0,MANUAL,1,1,1,
2026-09-27 21:14:49,brain,4800000,30.45,77.53,1005.59,31.58,69.22,1005.41,1,0,MANUAL,1,1,1,
2026-09-27 21:14:50,brain,4801000,30.46,78.78,1005.68,31.58,69.20,1005.38,1,0,MANUAL,1,1,1,
2026-09-27 21:14:51,brain,4802000,30.45,78.56,1005.63,31.59,69.14,1005.37,1,0,MANUAL,1,1,1,
2026-09-27 21:14:52,brain,4803000,30.45,78.41,1005.61,31.59,69.20,1005.37,1,0,MANUAL,1,1,1,
2026-09-27 21:14:53,brain,4804000,30.46,76.66,1005.68,31.59,69.25,1005.36,1,0,MANUAL,1,1,1,
2026-09-27 21:14:54,brain,4805000,30.45,76.57,1005.64,31.58,69.33,1005.38,1,0,MANUAL,1,1,1,
2026-09-27 21:14:55,brain,4806000,30.45,76.10,1005.61,31.59,69.30,1005.36,1,0,MANUAL,1,1,1,
2026-09-27 21:14:56,brain,4807000,30.45,76.38,1005.70,31.59,69.30,1005.42,1,0,MANUAL,1,1,1,
2026-09-27 21:14:57,brain,4808000,30.46,76.30,1005.60,31.59,69.27,1005.44,1,0,MANUAL,1,1,1,
2026-09-27 21:14:58,brain,4809000,30.46,76.45,1005.59,31.58,69.46,1005.37,1,0,MANUAL,1,1,1,
2026-09-27 21:14:59,brain,4810000,30.46,76.29,1005.60,31.59,69.24,1005.39,1,0,MANUAL,1,1,1,
2026-09-27 21:15:00,brain,4811000,30.46,76.41,1005.62,31.58,69.30,1005.41,1,0,MANUAL,1,1,1,
2026-09-27 21:15:01,brain,4812000,30.46,76.58,1005.65,31.59,69.14,1005.39,1,0,MANUAL,1,1,1,
2026-09-27 21:15:02,brain,4813000,30.47,76.52,1005.64,31.59,69.24,1005.36,1,0,MANUAL,1,1,1,
2026-09-27 21:15:03,brain,4814000,30.46,76.39,1005.60,31.58,69.34,1005.32,1,0,MANUAL,1,1,1,
2026-09-27 21:15:04,brain,4815000,30.47,76.82,1005.68,31.59,69.29,1005.42,1,0,MANUAL,1,1,1,
2026-09-27 21:15:05,brain,4816000,30.48,76.37,1005.63,31.58,69.40,1005.34,1,0,MANUAL,1,1,1,
2026-09-27 21:15:06,brain,4817000,30.48,76.40,1005.66,31.59,69.19,1005.40,1,0,MANUAL,1,1,1,
2026-09-27 21:15:07,brain,4818000,30.48,76.40,1005.63,31.58,69.33,1005.38,1,0,MANUAL,1,1,1,
2026-09-27 21:15:08,brain,4819000,30.47,77.67,1005.65,31.59,69.21,1005.36,1,0,MANUAL,1,1,1,
2026-09-27 21:15:09,brain,4820000,30.47,77.00,1005.68,31.59,69.24,1005.36,1,0,MANUAL,1,1,1,
2026-09-27 21:15:10,brain,4821000,30.46,76.45,1005.66,31.59,69.50,1005.40,1,0,MANUAL,1,1,1,
2026-09-27 21:15:11,brain,4822000,30.48,75.88,1005.68,31.58,69.36,1005.35,1,0,MANUAL,1,1,1,
2026-09-27 21:15:12,brain,4823000,30.47,76.03,1005.67,31.59,69.56,1005.37,1,0,MANUAL,1,1,1,
2026-09-27 21:15:13,brain,4824000,30.47,75.67,1005.61,31.59,69.16,1005.42,1,0,MANUAL,1,1,1,
2026-09-27 21:15:14,brain,4825000,30.48,76.10,1005.63,31.59,69.37,1005.37,1,0,MANUAL,1,1,1,
2026-09-27 21:15:15,brain,4826000,30.45,75.45,1005.64,31.59,69.31,1005.34,1,0,MANUAL,1,1,1,
2026-09-27 21:15:16,brain,4827000,30.46,75.36,1005.66,31.59,69.47,1005.39,1,0,MANUAL,1,1,1,
2026-09-27 21:15:17,brain,4828000,30.48,76.00,1005.66,31.60,69.18,1005.38,1,0,MANUAL,1,1,1,
2026-09-27 21:15:18,brain,4829000,30.47,76.02,1005.68,31.59,69.34,1005.42,1,0,MANUAL,1,1,1,
2026-09-27 21:15:19,brain,4830000,30.47,76.72,1005.65,31.59,69.46,1005.33,1,0,MANUAL,1,1,1,
2026-09-27 21:15:20,brain,4831000,30.47,76.31,1005.62,31.59,69.49,1005.33,1,0,MANUAL,1,1,1,
2026-09-27 21:15:21,brain,4832000,30.47,75.47,1005.62,31.58,69.23,1005.35,1,0,MANUAL,1,1,1,
2026-09-27 21:15:22,brain,4833000,30.47,75.68,1005.62,31.59,69.43,1005.37,1,0,MANUAL,1,1,1,
2026-09-27 21:15:23,brain,4834000,30.47,75.34,1005.68,31.59,69.24,1005.42,1,0,MANUAL,1,1,1,
2026-09-27 21:15:24,brain,4835000,30.48,75.50,1005.69,31.59,69.28,1005.37,1,0,MANUAL,1,1,1,
2026-09-27 21:15:25,brain,4836000,30.47,75.34,1005.61,31.59,69.35,1005.39,1,0,MANUAL,1,1,1,
2026-09-27 21:15:26,brain,4837000,30.48,75.62,1005.63,31.59,69.24,1005.37,1,0,MANUAL,1,1,1,
2026-09-27 21:15:27,brain,4838000,30.47,76.16,1005.67,31.60,69.28,1005.40,1,0,MANUAL,1,1,1,
2026-09-27 21:15:28,brain,4839000,30.46,77.09,1005.60,31.59,69.23,1005.34,1,0,MANUAL,1,1,1,
2026-09-27 21:15:29,brain,4840000,30.47,77.29,1005.62,31.59,69.30,1005.36,1,0,MANUAL,1,1,1,
2026-09-27 21:15:30,brain,4841000,30.46,77.60,1005.69,31.60,69.28,1005.43,1,0,MANUAL,1,1,1,
2026-09-27 21:15:31,brain,4842000,30.47,77.50,1005.65,31.60,69.20,1005.38,1,0,MANUAL,1,1,1,
2026-09-27 21:15:32,brain,4843000,30.47,78.10,1005.62,31.59,69.32,1005.34,1,0,MANUAL,1,1,1,
2026-09-27 21:15:33,brain,4844000,30.47,77.50,1005.67,31.59,69.17,1005.37,1,0,MANUAL,1,1,1,
2026-09-27 21:15:34,brain,4845000,30.47,76.74,1005.64,31.60,69.32,1005.49,1,0,MANUAL,1,1,1,
2026-09-27 21:15:35,brain,4846000,30.47,76.34,1005.62,31.59,69.63,1005.37,1,0,MANUAL,1,1,1,
2026-09-27 21:15:36,brain,4847000,30.47,75.94,1005.64,31.60,69.66,1005.38,1,0,MANUAL,1,1,1,
2026-09-27 21:15:37,brain,4848000,30.46,76.31,1005.72,31.60,69.56,1005.38,1,0,MANUAL,1,1,1,
2026-09-27 21:15:38,brain,4849000,30.46,76.11,1005.60,31.60,69.54,1005.38,1,0,MANUAL,1,1,1,
2026-09-27 21:15:39,brain,4850000,30.47,76.30,1005.68,31.60,69.14,1005.38,1,0,MANUAL,1,1,1,
2026-09-27 21:15:40,brain,4851000,30.46,76.18,1005.65,31.60,69.27,1005.41,1,0,MANUAL,1,1,1,
2026-09-27 21:15:41,brain,4852000,30.46,76.17,1005.69,31.61,69.55,1005.39,1,0,MANUAL,1,1,1,
2026-09-27 21:15:42,brain,4853000,30.46,76.04,1005.72,31.60,69.18,1005.38,1,0,MANUAL,1,1,1,
2026-09-27 21:15:43,brain,4854000,30.46,75.96,1005.66,31.60,69.42,1005.43,1,0,MANUAL,1,1,1,
2026-09-27 21:15:44,brain,4855000,30.47,76.19,1005.68,31.60,69.27,1005.44,1,0,MANUAL,1,1,1,
2026-09-27 21:15:45,brain,4856000,30.48,76.38,1005.66,31.60,69.58,1005.38,1,0,MANUAL,1,1,1,
2026-09-27 21:15:46,brain,4857000,30.48,75.95,1005.64,31.60,69.24,1005.38,1,0,MANUAL,1,1,1,
2026-09-27 21:15:47,brain,4858000,30.47,75.28,1005.68,31.59,69.17,1005.40,1,0,MANUAL,1,1,1,
2026-09-27 21:15:48,brain,4859000,30.46,75.49,1005.62,31.60,69.30,1005.36,1,0,MANUAL,1,1,1,
2026-09-27 21:15:49,brain,4860000,30.46,76.16,1005.60,31.59,69.41,1005.37,1,0,MANUAL,1,1,1,
2026-09-27 21:15:50,brain,4861000,30.47,76.56,1005.70,31.59,69.54,1005.45,1,0,MANUAL,1,1,1,
2026-09-27 21:15:51,brain,4862000,30.46,76.08,1005.69,31.59,69.58,1005.42,1,0,MANUAL,1,1,1,
2026-09-27 21:15:52,brain,4863000,30.47,75.67,1005.67,31.60,69.21,1005.38,1,0,MANUAL,1,1,1,
2026-09-27 21:15:53,brain,4864000,30.46,76.89,1005.59,31.59,69.21,1005.37,1,0,MANUAL,1,1,1,
2026-09-27 21:15:54,brain,4865000,30.45,77.25,1005.69,31.60,69.20,1005.38,1,0,MANUAL,1,1,1,
2026-09-27 21:15:55,brain,4866000,30.46,78.67,1005.68,31.59,69.35,1005.40,1,0,MANUAL,1,1,1,
2026-09-27 21:15:56,brain,4867000,30.41,77.87,1005.63,31.59,69.22,1005.39,1,0,MANUAL,1,1,1,
2026-09-27 21:15:57,brain,4868000,30.41,77.15,1005.63,31.59,69.26,1005.37,1,0,MANUAL,1,1,1,
2026-09-27 21:15:58,brain,4869000,30.42,78.39,1005.64,31.60,69.41,1005.38,1,0,MANUAL,1,1,1,
2026-09-27 21:15:59,brain,4870000,30.39,78.86,1005.66,31.59,69.22,1005.40,1,0,MANUAL,1,1,1,
2026-09-27 21:16:00,brain,4871000,30.39,80.16,1005.65,31.59,69.59,1005.37,1,0,MANUAL,1,1,1,
2026-09-27 21:16:01,brain,4872000,30.36,79.50,1005.61,31.59,69.81,1005.40,1,0,MANUAL,1,1,1,
2026-09-27 21:16:02,brain,4873000,30.37,79.28,1005.67,31.59,69.71,1005.42,1,0,MANUAL,1,1,1,
2026-09-27 21:16:03,brain,4874000,30.36,78.09,1005.67,31.60,69.55,1005.38,1,0,MANUAL,1,1,1,
2026-09-27 21:16:04,brain,4875000,30.35,77.44,1005.62,31.59,69.72,1005.42,1,0,MANUAL,1,1,1,
2026-09-27 21:16:05,brain,4876000,30.37,76.70,1005.65,31.60,69.60,1005.43,1,0,MANUAL,1,1,1,
2026-09-27 21:16:06,brain,4877000,30.37,76.50,1005.67,31.60,69.44,1005.38,1,0,MANUAL,1,1,1,
2026-09-27 21:16:07,brain,4878000,30.37,76.34,1005.73,31.59,69.52,1005.37,1,0,MANUAL,1,1,1,
2026-09-27 21:16:08,brain,4879000,30.37,75.95,1005.67,31.58,69.54,1005.38,1,0,MANUAL,1,1,1,
2026-09-27 21:16:09,brain,4880000,30.39,76.54,1005.68,31.59,69.58,1005.37,1,0,MANUAL,1,1,1,
2026-09-27 21:16:10,brain,4881000,30.39,76.88,1005.71,31.59,69.64,1005.42,1,0,MANUAL,1,1,1,
2026-09-27 21:16:11,brain,4882000,30.37,76.47,1005.68,31.59,69.46,1005.42,1,0,MANUAL,1,1,1,
2026-09-27 21:16:12,brain,4883000,30.38,76.10,1005.61,31.59,69.56,1005.45,1,0,MANUAL,1,1,1,
2026-09-27 21:16:13,brain,4884000,30.39,75.55,1005.71,31.59,69.51,1005.42,1,0,MANUAL,1,1,1,
2026-09-27 21:16:14,brain,4885000,30.39,75.45,1005.66,31.60,69.51,1005.46,1,0,MANUAL,1,1,1,
2026-09-27 21:16:15,brain,4886000,30.40,75.37,1005.67,31.59,69.41,1005.42,1,0,MANUAL,1,1,1,
2026-09-27 21:16:16,brain,4887000,30.41,76.20,1005.68,31.60,69.50,1005.43,1,0,MANUAL,1,1,1,
2026-09-27 21:16:17,brain,4888000,30.40,76.10,1005.67,31.59,69.58,1005.40,1,0,MANUAL,1,1,1,
2026-09-27 21:16:18,brain,4889000,30.41,75.65,1005.68,31.58,69.44,1005.38,1,0,MANUAL,1,1,1,
2026-09-27 21:16:19,brain,4890000,30.41,76.38,1005.69,31.59,69.61,1005.45,1,0,MANUAL,1,1,1,
2026-09-27 21:16:20,brain,4891000,30.41,76.86,1005.66,31.59,69.59,1005.37,1,0,MANUAL,1,1,1,
2026-09-27 21:16:21,brain,4892000,30.43,78.54,1005.72,31.59,69.51,1005.40,1,0,MANUAL,1,1,1,
2026-09-27 21:16:22,brain,4893000,30.44,79.43,1005.73,31.60,69.68,1005.40,1,0,MANUAL,1,1,1,
2026-09-27 21:16:23,brain,4894000,30.42,78.58,1005.62,31.60,69.72,1005.38,1,0,MANUAL,1,1,1,
2026-09-27 21:16:24,brain,4895000,30.42,77.25,1005.68,31.59,69.29,1005.37,1,0,MANUAL,1,1,1,
2026-09-27 21:16:25,brain,4896000,30.41,76.44,1005.69,31.60,69.44,1005.43,1,0,MANUAL,1,1,1,
2026-09-27 21:16:26,brain,4897000,30.41,76.52,1005.69,31.59,69.68,1005.40,1,0,MANUAL,1,1,1,
2026-09-27 21:16:27,brain,4898000,30.42,77.72,1005.71,31.60,69.34,1005.40,1,0,MANUAL,1,1,1,
2026-09-27 21:16:28,brain,4899000,30.41,78.20,1005.63,31.60,69.58,1005.38,1,0,MANUAL,1,1,1,
2026-09-27 21:16:29,brain,4900000,30.42,77.61,1005.67,31.60,69.67,1005.40,1,0,MANUAL,1,1,1,
2026-09-27 21:16:30,brain,4901000,30.43,78.65,1005.72,31.59,69.35,1005.42,1,0,MANUAL,1,1,1,
2026-09-27 21:16:31,brain,4902000,30.41,77.43,1005.63,31.59,69.57,1005.40,1,0,MANUAL,1,1,1,
2026-09-27 21:16:32,brain,4903000,30.41,76.90,1005.69,31.60,69.57,1005.43,1,0,MANUAL,1,1,1,
2026-09-27 21:16:33,brain,4904000,30.42,76.42,1005.70,31.60,69.25,1005.40,1,0,MANUAL,1,1,1,
2026-09-27 21:16:34,brain,4905000,30.42,76.96,1005.71,31.60,69.30,1005.46,1,0,MANUAL,1,1,1,
2026-09-27 21:16:35,brain,4906000,30.42,77.30,1005.68,31.59,69.19,1005.42,1,0,MANUAL,1,1,1,
2026-09-27 21:16:36,brain,4907000,30.43,77.04,1005.67,31.59,69.65,1005.48,1,0,MANUAL,1,1,1,
2026-09-27 21:16:37,brain,4908000,30.43,76.14,1005.63,31.60,69.72,1005.40,1,0,MANUAL,1,1,1,
2026-09-27 21:16:38,brain,4909000,30.43,76.87,1005.64,31.60,69.67,1005.41,1,0,MANUAL,1,1,1,
2026-09-27 21:16:39,brain,4910000,30.43,76.52,1005.66,31.60,69.68,1005.43,1,0,MANUAL,1,1,1,
2026-09-27 21:16:40,brain,4911000,30.43,76.56,1005.72,31.59,69.61,1005.42,1,0,MANUAL,1,1,1,
2026-09-27 21:16:41,brain,4912000,30.43,76.61,1005.66,31.59,69.46,1005.37,1,0,MANUAL,1,1,1,
2026-09-27 21:16:42,brain,4913000,30.43,76.80,1005.67,31.59,69.61,1005.42,1,0,MANUAL,1,1,1,
2026-09-27 21:16:43,brain,4914000,30.43,76.56,1005.72,31.60,69.65,1005.40,1,0,MANUAL,1,1,1,
2026-09-27 21:16:44,brain,4915000,30.42,75.97,1005.65,31.60,69.68,1005.38,1,0,MANUAL,1,1,1,
2026-09-27 21:16:45,brain,4916000,30.44,76.50,1005.73,31.60,69.73,1005.33,1,0,MANUAL,1,1,1,
2026-09-27 21:16:46,brain,4917000,30.43,76.56,1005.72,31.60,69.55,1005.36,1,0,MANUAL,1,1,1,
2026-09-27 21:16:47,brain,4918000,30.43,77.36,1005.66,31.60,69.27,1005.44,1,0,MANUAL,1,1,1,
2026-09-27 21:16:48,brain,4919000,30.43,76.16,1005.77,31.59,69.24,1005.36,1,0,MANUAL,1,1,1,
2026-09-27 21:16:49,brain,4920000,30.43,76.02,1005.67,31.59,69.42,1005.42,1,0,MANUAL,1,1,1,
2026-09-27 21:16:50,brain,4921000,30.44,75.88,1005.68,31.60,69.67,1005.47,1,0,MANUAL,1,1,1,
2026-09-27 21:16:51,brain,4922000,30.44,76.11,1005.67,31.60,69.24,1005.43,1,0,MANUAL,1,1,1,
2026-09-27 21:16:52,brain,4923000,30.44,77.10,1005.67,31.60,69.56,1005.38,1,0,MANUAL,1,1,1,
2026-09-27 21:16:53,brain,4924000,30.41,77.27,1005.68,31.59,69.55,1005.45,1,0,MANUAL,1,1,1,
2026-09-27 21:16:54,brain,4925000,30.43,77.04,1005.66,31.60,69.39,1005.35,1,0,MANUAL,1,1,1,
2026-09-27 21:16:55,brain,4926000,30.44,76.67,1005.74,31.60,69.38,1005.43,1,0,MANUAL,1,1,1,
2026-09-27 21:16:56,brain,4927000,30.44,76.13,1005.70,31.59,69.75,1005.40,1,0,MANUAL,1,1,1,
2026-09-27 21:16:57,brain,4928000,30.44,76.12,1005.70,31.59,69.31,1005.40,1,0,MANUAL,1,1,1,
2026-09-27 21:16:58,brain,4929000,30.45,76.24,1005.67,31.59,69.31,1005.40,1,0,MANUAL,1,1,1,
2026-09-27 21:16:59,brain,4930000,30.44,76.21,1005.63,31.60,69.30,1005.40,1,0,MANUAL,1,1,1,
2026-09-27 21:17:00,brain,4931000,30.44,76.09,1005.70,31.60,69.55,1005.43,1,0,MANUAL,1,1,1,
2026-09-27 21:17:01,brain,4932000,30.45,76.50,1005.67,31.59,69.64,1005.37,1,0,MANUAL,1,1,1,
2026-09-27 21:17:02,brain,4933000,30.44,76.92,1005.65,31.59,69.69,1005.39,1,0,MANUAL,1,1,1,
2026-09-27 21:17:03,brain,4934000,30.44,76.75,1005.67,31.60,69.29,1005.46,1,0,MANUAL,1,1,1,
2026-09-27 21:17:04,brain,4935000,30.45,76.53,1005.69,31.59,69.31,1005.47,1,0,MANUAL,1,1,1,
2026-09-27 21:17:05,brain,4936000,30.44,77.01,1005.65,31.60,69.29,1005.46,1,0,MANUAL,1,1,1,
2026-09-27 21:17:06,brain,4937000,30.44,76.87,1005.70,31.58,69.40,1005.41,1,0,MANUAL,1,1,1,
2026-09-27 21:17:07,brain,4938000,30.45,76.58,1005.72,31.60,69.27,1005.40,1,0,MANUAL,1,1,1,
2026-09-27 21:17:08,brain,4939000,30.45,76.41,1005.67,31.60,69.41,1005.43,1,0,MANUAL,1,1,1,
2026-09-27 21:17:09,brain,4940000,30.45,76.21,1005.63,31.60,69.31,1005.38,1,0,MANUAL,1,1,1,
2026-09-27 21:17:10,brain,4941000,30.44,76.18,1005.68,31.59,69.42,1005.42,1,0,MANUAL,1,1,1,
2026-09-27 21:17:11,brain,4942000,30.45,76.32,1005.76,31.59,69.43,1005.40,1,0,MANUAL,1,1,1,
2026-09-27 21:17:12,brain,4943000,30.46,76.52,1005.69,31.60,69.28,1005.40,1,0,MANUAL,1,1,1,
2026-09-27 21:17:13,brain,4944000,30.46,76.54,1005.62,31.59,69.33,1005.42,1,0,MANUAL,1,1,1,
2026-09-27 21:17:14,brain,4945000,30.47,76.76,1005.67,31.61,69.36,1005.45,1,0,MANUAL,1,1,1,
2026-09-27 21:17:14,brain,,,,,,,,,,,,,,mist A=0 B=0 (manual)
2026-09-27 21:17:15,brain,4946000,30.46,76.68,1005.71,31.60,69.53,1005.43,0,0,MANUAL,1,1,1,
2026-09-27 21:17:16,brain,4947000,30.46,76.64,1005.68,31.60,69.36,1005.44,0,0,MANUAL,1,1,1,
2026-09-27 21:17:17,brain,4948000,30.47,76.93,1005.68,31.61,69.39,1005.45,0,0,MANUAL,1,1,1,
2026-09-27 21:17:18,brain,4949000,30.46,76.49,1005.69,31.61,69.34,1005.39,0,0,MANUAL,1,1,1,
2026-09-27 21:17:19,brain,4950000,30.47,75.90,1005.65,31.61,69.35,1005.43,0,0,MANUAL,1,1,1,
2026-09-27 21:17:20,brain,4951000,30.47,75.86,1005.68,31.60,69.34,1005.47,0,0,MANUAL,1,1,1,
2026-09-27 21:17:21,brain,4952000,30.47,76.16,1005.65,31.60,69.28,1005.38,0,0,MANUAL,1,1,1,
2026-09-27 21:17:22,brain,4953000,30.48,76.78,1005.71,31.60,69.47,1005.44,0,0,MANUAL,1,1,1,
2026-09-27 21:17:23,brain,4954000,30.47,76.55,1005.70,31.60,69.39,1005.44,0,0,MANUAL,1,1,1,
2026-09-27 21:17:24,brain,4955000,30.47,76.58,1005.68,31.60,69.66,1005.40,0,0,MANUAL,1,1,1,
2026-09-27 21:17:25,brain,4956000,30.47,76.72,1005.70,31.59,69.29,1005.40,0,0,MANUAL,1,1,1,
2026-09-27 21:17:26,brain,4957000,30.48,76.24,1005.72,31.61,69.21,1005.46,0,0,MANUAL,1,1,1,
2026-09-27 21:17:27,brain,4958000,30.47,76.03,1005.70,31.61,69.38,1005.45,0,0,MANUAL,1,1,1,
2026-09-27 21:17:28,brain,4959000,30.48,76.68,1005.66,31.60,69.32,1005.43,0,0,MANUAL,1,1,1,
2026-09-27 21:17:29,brain,4960000,30.48,77.03,1005.66,31.60,69.42,1005.44,0,0,MANUAL,1,1,1,
2026-09-27 21:17:30,brain,4961000,30.50,76.69,1005.63,31.60,69.33,1005.40,0,0,MANUAL,1,1,1,
2026-09-27 21:17:31,brain,4962000,30.50,76.27,1005.66,31.60,69.70,1005.44,0,0,MANUAL,1,1,1,
2026-09-27 21:17:32,brain,4963000,30.51,76.54,1005.73,31.60,69.62,1005.43,0,0,MANUAL,1,1,1,
2026-09-27 21:17:33,brain,4964000,30.50,76.24,1005.66,31.60,69.79,1005.49,0,0,MANUAL,1,1,1,
2026-09-27 21:17:34,brain,4965000,30.51,76.43,1005.68,31.59,69.62,1005.42,0,0,MANUAL,1,1,1,
2026-09-27 21:17:35,brain,4966000,30.51,76.18,1005.70,31.60,69.71,1005.47,0,0,MANUAL,1,1,1,
2026-09-27 21:17:36,brain,4967000,30.50,76.47,1005.64,31.60,69.24,1005.43,0,0,MANUAL,1,1,1,
2026-09-27 21:17:37,brain,4968000,30.51,76.41,1005.71,31.60,69.48,1005.46,0,0,MANUAL,1,1,1,
2026-09-27 21:17:38,brain,4969000,30.51,76.12,1005.74,31.61,69.88,1005.45,0,0,MANUAL,1,1,1,
2026-09-27 21:17:39,brain,4970000,30.52,76.29,1005.66,31.60,69.36,1005.44,0,0,MANUAL,1,1,1,
2026-09-27 21:17:40,brain,4971000,30.52,76.11,1005.64,31.61,69.66,1005.40,0,0,MANUAL,1,1,1,
2026-09-27 21:17:41,brain,4972000,30.54,77.18,1005.70,31.61,69.64,1005.45,0,0,MANUAL,1,1,1,
2026-09-27 21:17:42,brain,4973000,30.55,78.14,1005.72,31.60,69.30,1005.41,0,0,MANUAL,1,1,1,
2026-09-27 21:17:43,brain,4974000,30.54,77.52,1005.72,31.60,69.64,1005.49,0,0,MANUAL,1,1,1,
2026-09-27 21:17:44,brain,4975000,30.55,76.30,1005.71,31.60,69.55,1005.49,0,0,MANUAL,1,1,1,
2026-09-27 21:17:45,brain,4976000,30.54,75.96,1005.70,31.60,69.55,1005.41,0,0,MANUAL,1,1,1,
2026-09-27 21:17:46,brain,4977000,30.54,77.13,1005.65,31.60,69.75,1005.38,0,0,MANUAL,1,1,1,
2026-09-27 21:17:47,brain,4978000,30.55,78.46,1005.68,31.60,69.65,1005.38,0,0,MANUAL,1,1,1,
2026-09-27 21:17:48,brain,4979000,30.55,78.71,1005.71,31.61,69.31,1005.45,0,0,MANUAL,1,1,1,
2026-09-27 21:17:49,brain,4980000,30.55,78.07,1005.69,31.60,69.33,1005.44,0,0,MANUAL,1,1,1,
2026-09-27 21:17:50,brain,4981000,30.54,76.90,1005.70,31.61,69.47,1005.40,0,0,MANUAL,1,1,1,
2026-09-27 21:17:51,brain,4982000,30.55,76.23,1005.71,31.60,69.36,1005.47,0,0,MANUAL,1,1,1,
2026-09-27 21:17:52,brain,4983000,30.54,76.43,1005.68,31.61,69.39,1005.45,0,0,MANUAL,1,1,1,
2026-09-27 21:17:53,brain,4984000,30.56,76.71,1005.71,31.60,69.40,1005.44,0,0,MANUAL,1,1,1,
2026-09-27 21:17:54,brain,4985000,30.56,77.69,1005.65,31.60,69.30,1005.44,0,0,MANUAL,1,1,1,
2026-09-27 21:17:55,brain,4986000,30.57,77.17,1005.72,31.60,69.63,1005.44,0,0,MANUAL,1,1,1,
2026-09-27 21:17:56,brain,4987000,30.58,77.13,1005.70,31.59,69.38,1005.42,0,0,MANUAL,1,1,1,
2026-09-27 21:17:57,brain,4988000,30.58,76.30,1005.73,31.60,69.66,1005.44,0,0,MANUAL,1,1,1,
2026-09-27 21:17:58,brain,4989000,30.58,75.98,1005.74,31.60,69.31,1005.47,0,0,MANUAL,1,1,1,
2026-09-27 21:17:59,brain,4990000,30.58,76.31,1005.74,31.61,69.34,1005.45,0,0,MANUAL,1,1,1,
2026-09-27 21:18:00,brain,4991000,30.60,77.00,1005.76,31.61,69.45,1005.45,0,0,MANUAL,1,1,1,
2026-09-27 21:18:01,brain,4992000,30.60,77.12,1005.74,31.61,69.41,1005.42,0,0,MANUAL,1,1,1,
2026-09-27 21:18:02,brain,4993000,30.60,77.69,1005.74,31.61,69.45,1005.45,0,0,MANUAL,1,1,1,
2026-09-27 21:18:03,brain,4994000,30.60,77.64,1005.74,31.60,69.77,1005.44,0,0,MANUAL,1,1,1,
2026-09-27 21:18:04,brain,4995000,30.60,76.64,1005.77,31.61,69.45,1005.42,0,0,MANUAL,1,1,1,
2026-09-27 21:18:05,brain,4996000,30.61,76.18,1005.69,31.60,69.27,1005.44,0,0,MANUAL,1,1,1,
2026-09-27 21:18:06,brain,4997000,30.62,76.67,1005.76,31.60,69.33,1005.41,0,0,MANUAL,1,1,1,
2026-09-27 21:18:07,brain,4998000,30.62,76.75,1005.70,31.60,69.30,1005.36,0,0,MANUAL,1,1,1,
2026-09-27 21:18:08,brain,4999000,30.63,76.36,1005.81,31.61,69.40,1005.40,0,0,MANUAL,1,1,1,
2026-09-27 21:18:09,brain,5000000,30.62,76.68,1005.68,31.60,69.32,1005.44,0,0,MANUAL,1,1,1,
2026-09-27 21:18:10,brain,5001000,30.63,76.84,1005.76,31.60,69.80,1005.44,0,0,MANUAL,1,1,1,
2026-09-27 21:18:11,brain,5002000,30.64,76.54,1005.77,31.61,69.43,1005.40,0,0,MANUAL,1,1,1,
2026-09-27 21:18:12,brain,5003000,30.64,76.42,1005.71,31.60,69.44,1005.44,0,0,MANUAL,1,1,1,
2026-09-27 21:18:13,brain,5004000,30.64,76.92,1005.72,31.60,69.33,1005.41,0,0,MANUAL,1,1,1,
2026-09-27 21:18:14,brain,5005000,30.65,77.24,1005.78,31.61,69.46,1005.47,0,0,MANUAL,1,1,1,
2026-09-27 21:18:15,brain,5006000,30.65,76.65,1005.67,31.60,69.41,1005.41,0,0,MANUAL,1,1,1,
2026-09-27 21:18:16,brain,5007000,30.65,76.30,1005.70,31.61,69.33,1005.48,0,0,MANUAL,1,1,1,
2026-09-27 21:18:17,brain,5008000,30.67,77.58,1005.76,31.62,69.44,1005.46,0,0,MANUAL,1,1,1,
2026-09-27 21:18:18,brain,5009000,30.66,76.51,1005.68,31.62,69.42,1005.44,0,0,MANUAL,1,1,1,
2026-09-27 21:18:19,brain,5010000,30.66,75.83,1005.72,31.61,69.57,1005.40,0,0,MANUAL,1,1,1,
2026-09-27 21:18:20,brain,5011000,30.67,75.67,1005.67,31.61,69.83,1005.43,0,0,MANUAL,1,1,1,
2026-09-27 21:18:21,brain,5012000,30.67,75.59,1005.71,31.61,69.69,1005.43,0,0,MANUAL,1,1,1,
2026-09-27 21:18:22,brain,5013000,30.67,75.71,1005.71,31.61,69.48,1005.45,0,0,MANUAL,1,1,1,
2026-09-27 21:18:23,brain,5014000,30.67,75.71,1005.76,31.62,69.52,1005.41,0,0,MANUAL,1,1,1,
2026-09-27 21:18:24,brain,5015000,30.66,75.38,1005.72,31.62,69.36,1005.47,0,0,MANUAL,1,1,1,
2026-09-27 21:18:24,brain,,,,,,,,,,,,,,mist A=1 B=0 (manual)
2026-09-27 21:18:25,brain,5016000,30.67,75.38,1005.68,31.62,69.57,1005.52,1,0,MANUAL,1,1,1,
2026-09-27 21:18:26,brain,5017000,30.68,76.31,1005.73,31.62,69.79,1005.42,1,0,MANUAL,1,1,1,
2026-09-27 21:18:27,brain,5018000,30.69,76.22,1005.79,31.62,69.48,1005.44,1,0,MANUAL,1,1,1,
2026-09-27 21:18:28,brain,5019000,30.69,75.67,1005.74,31.61,69.58,1005.40,1,0,MANUAL,1,1,1,
2026-09-27 21:18:29,brain,5020000,30.69,75.48,1005.76,31.62,69.52,1005.44,1,0,MANUAL,1,1,1,
2026-09-27 21:18:30,brain,5021000,30.69,75.33,1005.74,31.62,69.56,1005.42,1,0,MANUAL,1,1,1,
2026-09-27 21:18:31,brain,5022000,30.69,75.38,1005.68,31.62,69.39,1005.41,1,0,MANUAL,1,1,1,
2026-09-27 21:18:32,brain,5023000,30.69,75.64,1005.71,31.62,69.58,1005.49,1,0,MANUAL,1,1,1,
2026-09-27 21:18:33,brain,5024000,30.68,75.21,1005.73,31.62,69.84,1005.42,1,0,MANUAL,1,1,1,
2026-09-27 21:18:34,brain,5025000,30.69,75.67,1005.74,31.62,69.45,1005.42,1,0,MANUAL,1,1,1,
2026-09-27 21:18:35,brain,5026000,30.68,76.93,1005.73,31.62,69.51,1005.44,1,0,MANUAL,1,1,1,
2026-09-27 21:18:36,brain,5027000,30.67,76.17,1005.70,31.61,69.66,1005.46,1,0,MANUAL,1,1,1,
2026-09-27 21:18:37,brain,5028000,30.68,76.01,1005.66,31.62,69.51,1005.42,1,0,MANUAL,1,1,1,
2026-09-27 21:18:38,brain,5029000,30.68,76.01,1005.66,31.62,69.57,1005.46,1,0,MANUAL,1,1,1,
2026-09-27 21:18:39,brain,5030000,30.67,75.37,1005.71,31.62,69.82,1005.35,1,0,MANUAL,1,1,1,
2026-09-27 21:18:40,brain,5031000,30.67,76.73,1005.68,31.61,69.43,1005.40,1,0,MANUAL,1,1,1,
2026-09-27 21:18:41,brain,5032000,30.67,78.11,1005.70,31.62,69.39,1005.41,1,0,MANUAL,1,1,1,
2026-09-27 21:18:42,brain,5033000,30.66,78.37,1005.74,31.61,69.39,1005.46,1,0,MANUAL,1,1,1,
2026-09-27 21:18:43,brain,5034000,30.65,76.86,1005.79,31.61,69.40,1005.40,1,0,MANUAL,1,1,1,
2026-09-27 21:18:44,brain,5035000,30.65,76.89,1005.79,31.62,69.43,1005.49,1,0,MANUAL,1,1,1,
2026-09-27 21:18:45,brain,5036000,30.65,76.31,1005.73,31.61,69.45,1005.46,1,0,MANUAL,1,1,1,
2026-09-27 21:18:46,brain,5037000,30.66,76.65,1005.69,31.62,69.40,1005.41,1,0,MANUAL,1,1,1,
2026-09-27 21:18:47,brain,5038000,30.65,76.49,1005.67,31.62,69.35,1005.46,1,0,MANUAL,1,1,1,
2026-09-27 21:18:48,brain,5039000,30.65,78.21,1005.72,31.61,69.41,1005.46,1,0,MANUAL,1,1,1,
2026-09-27 21:18:49,brain,5040000,30.63,78.79,1005.76,31.62,69.46,1005.47,1,0,MANUAL,1,1,1,
2026-09-27 21:18:50,brain,5041000,30.63,77.48,1005.76,31.62,69.75,1005.52,1,0,MANUAL,1,1,1,
2026-09-27 21:18:51,brain,5042000,30.63,77.33,1005.75,31.61,69.70,1005.51,1,0,MANUAL,1,1,1,
2026-09-27 21:18:52,brain,5043000,30.62,77.54,1005.71,31.61,69.38,1005.43,1,0,MANUAL,1,1,1,
2026-09-27 21:18:53,brain,5044000,30.64,77.51,1005.77,31.62,69.42,1005.44,1,0,MANUAL,1,1,1,
2026-09-27 21:18:54,brain,5045000,30.63,77.57,1005.70,31.61,69.57,1005.43,1,0,MANUAL,1,1,1,
2026-09-27 21:18:55,brain,5046000,30.62,77.78,1005.68,31.61,69.58,1005.46,1,0,MANUAL,1,1,1,
2026-09-27 21:18:56,brain,5047000,30.63,76.47,1005.66,31.62,69.44,1005.44,1,0,MANUAL,1,1,1,
2026-09-27 21:18:57,brain,5048000,30.62,75.98,1005.71,31.61,69.53,1005.43,1,0,MANUAL,1,1,1,
2026-09-27 21:18:58,brain,5049000,30.63,76.79,1005.75,31.62,69.42,1005.46,1,0,MANUAL,1,1,1,
2026-09-27 21:18:59,brain,5050000,30.62,76.38,1005.60,31.61,69.50,1005.46,1,0,MANUAL,1,1,1,
2026-09-27 21:19:00,brain,5051000,30.63,76.24,1005.69,31.61,69.38,1005.47,1,0,MANUAL,1,1,1,
2026-09-27 21:19:01,brain,5052000,30.63,77.36,1005.78,31.60,69.58,1005.38,1,0,MANUAL,1,1,1,
2026-09-27 21:19:02,brain,5053000,30.63,78.58,1005.69,31.61,69.47,1005.40,1,0,MANUAL,1,1,1,
2026-09-27 21:19:03,brain,5054000,30.62,77.15,1005.68,31.61,69.65,1005.45,1,0,MANUAL,1,1,1,
2026-09-27 21:19:04,brain,5055000,30.63,77.42,1005.72,31.61,69.39,1005.46,1,0,MANUAL,1,1,1,
2026-09-27 21:19:05,brain,5056000,30.61,77.88,1005.74,31.61,69.41,1005.43,1,0,MANUAL,1,1,1,
2026-09-27 21:19:06,brain,5057000,30.60,76.15,1005.71,31.61,69.38,1005.42,1,0,MANUAL,1,1,1,
2026-09-27 21:19:07,brain,5058000,30.60,76.06,1005.70,31.61,69.40,1005.46,1,0,MANUAL,1,1,1,
2026-09-27 21:19:08,brain,5059000,30.59,76.40,1005.75,31.61,69.46,1005.42,1,0,MANUAL,1,1,1,
2026-09-27 21:19:09,brain,5060000,30.60,76.52,1005.73,31.61,69.43,1005.46,1,0,MANUAL,1,1,1,
2026-09-27 21:19:10,brain,5061000,30.60,76.78,1005.73,31.61,69.47,1005.45,1,0,MANUAL,1,1,1,
2026-09-27 21:19:11,brain,5062000,30.60,76.86,1005.76,31.61,69.48,1005.48,1,0,MANUAL,1,1,1,
2026-09-27 21:19:12,brain,5063000,30.60,77.30,1005.70,31.61,69.46,1005.46,1,0,MANUAL,1,1,1,
2026-09-27 21:19:13,brain,5064000,30.60,76.67,1005.68,31.61,69.36,1005.46,1,0,MANUAL,1,1,1,
2026-09-27 21:19:14,brain,5065000,30.61,76.71,1005.69,31.60,69.86,1005.44,1,0,MANUAL,1,1,1,
2026-09-27 21:19:15,brain,5066000,30.60,75.92,1005.74,31.61,69.86,1005.47,1,0,MANUAL,1,1,1,
2026-09-27 21:19:16,brain,5067000,30.60,75.79,1005.71,31.60,69.39,1005.41,1,0,MANUAL,1,1,1,
2026-09-27 21:19:17,brain,5068000,30.60,76.74,1005.77,31.61,69.66,1005.51,1,0,MANUAL,1,1,1,
2026-09-27 21:19:18,brain,5069000,30.60,76.82,1005.73,31.60,69.77,1005.44,1,0,MANUAL,1,1,1,
2026-09-27 21:19:19,brain,5070000,30.60,78.21,1005.71,31.61,69.59,1005.47,1,0,MANUAL,1,1,1,
2026-09-27 21:19:20,brain,5071000,30.59,78.85,1005.75,31.61,69.53,1005.48,1,0,MANUAL,1,1,1,
2026-09-27 21:19:21,brain,5072000,30.58,78.67,1005.77,31.61,69.72,1005.51,1,0,MANUAL,1,1,1,
2026-09-27 21:19:22,brain,5073000,30.57,77.99,1005.78,31.61,69.58,1005.46,1,0,MANUAL,1,1,1,
2026-09-27 21:19:23,brain,5074000,30.57,77.77,1005.72,31.61,69.59,1005.48,1,0,MANUAL,1,1,1,
2026-09-27 21:19:24,brain,5075000,30.57,76.27,1005.72,31.60,69.72,1005.41,1,0,MANUAL,1,1,1,
2026-09-27 21:19:25,brain,5076000,30.57,76.22,1005.72,31.61,69.54,1005.47,1,0,MANUAL,1,1,1,
2026-09-27 21:19:26,brain,5077000,30.56,76.00,1005.71,31.61,69.86,1005.45,1,0,MANUAL,1,1,1,
2026-09-27 21:19:27,brain,5078000,30.55,76.08,1005.66,31.61,69.67,1005.43,1,0,MANUAL,1,1,1,
2026-09-27 21:19:28,brain,5079000,30.56,76.05,1005.71,31.62,69.72,1005.52,1,0,MANUAL,1,1,1,
2026-09-27 21:19:29,brain,5080000,30.57,75.98,1005.70,31.60,69.77,1005.44,1,0,MANUAL,1,1,1,
2026-09-27 21:19:30,brain,5081000,30.57,76.01,1005.72,31.62,69.47,1005.52,1,0,MANUAL,1,1,1,
2026-09-27 21:19:31,brain,5082000,30.56,76.30,1005.71,31.61,69.87,1005.51,1,0,MANUAL,1,1,1,
2026-09-27 21:19:32,brain,5083000,30.57,76.81,1005.69,31.61,69.81,1005.46,1,0,MANUAL,1,1,1,
2026-09-27 21:19:33,brain,5084000,30.57,77.31,1005.72,31.60,69.49,1005.49,1,0,MANUAL,1,1,1,
2026-09-27 21:19:34,brain,5085000,30.57,77.65,1005.70,31.61,69.41,1005.40,1,0,MANUAL,1,1,1,
2026-09-27 21:19:35,brain,5086000,30.56,77.27,1005.70,31.62,69.47,1005.47,1,0,MANUAL,1,1,1,
2026-09-27 21:19:36,brain,5087000,30.57,77.08,1005.74,31.62,69.52,1005.41,1,0,MANUAL,1,1,1,
2026-09-27 21:19:37,brain,5088000,30.58,77.29,1005.74,31.61,69.49,1005.46,1,0,MANUAL,1,1,1,
2026-09-27 21:19:38,brain,5089000,30.58,77.24,1005.73,31.61,69.56,1005.46,1,0,MANUAL,1,1,1,
2026-09-27 21:19:39,brain,5090000,30.57,76.55,1005.72,31.61,69.34,1005.50,1,0,MANUAL,1,1,1,
2026-09-27 21:19:40,brain,5091000,30.58,77.84,1005.73,31.61,69.46,1005.46,1,0,MANUAL,1,1,1,
2026-09-27 21:19:41,brain,5092000,30.57,77.78,1005.72,31.61,69.71,1005.46,1,0,MANUAL,1,1,1,
2026-09-27 21:19:42,brain,5093000,30.57,76.65,1005.72,31.61,69.47,1005.46,1,0,MANUAL,1,1,1,
2026-09-27 21:19:43,brain,5094000,30.57,76.12,1005.72,31.61,69.40,1005.48,1,0,MANUAL,1,1,1,
2026-09-27 21:19:44,brain,5095000,30.57,76.02,1005.70,31.61,69.55,1005.46,1,0,MANUAL,1,1,1,
2026-09-27 21:19:45,brain,5096000,30.56,75.88,1005.74,31.61,69.54,1005.42,1,0,MANUAL,1,1,1,
2026-09-27 21:19:46,brain,5097000,30.56,75.79,1005.68,31.61,69.55,1005.45,1,0,MANUAL,1,1,1,
2026-09-27 21:19:47,brain,5098000,30.56,76.01,1005.76,31.61,69.85,1005.45,1,0,MANUAL,1,1,1,
2026-09-27 21:19:48,brain,5099000,30.56,76.49,1005.68,31.62,69.82,1005.41,1,0,MANUAL,1,1,1,
2026-09-27 21:19:49,brain,5100000,30.56,76.40,1005.76,31.61,69.81,1005.46,1,0,MANUAL,1,1,1,
2026-09-27 21:19:50,brain,5101000,30.56,76.24,1005.76,31.60,69.84,1005.44,1,0,MANUAL,1,1,1,
2026-09-27 21:19:51,brain,5102000,30.57,76.66,1005.72,31.62,69.92,1005.44,1,0,MANUAL,1,1,1,
2026-09-27 21:19:52,brain,5103000,30.57,75.90,1005.74,31.62,69.70,1005.44,1,0,MANUAL,1,1,1,
2026-09-27 21:19:53,brain,5104000,30.57,76.01,1005.78,31.61,69.70,1005.46,1,0,MANUAL,1,1,1,
2026-09-27 21:19:54,brain,5105000,30.56,75.78,1005.71,31.61,69.67,1005.46,1,0,MANUAL,1,1,1,
2026-09-27 21:19:55,brain,5106000,30.57,76.01,1005.72,31.61,69.80,1005.46,1,0,MANUAL,1,1,1,
2026-09-27 21:19:56,brain,5107000,30.57,75.92,1005.75,31.62,69.73,1005.46,1,0,MANUAL,1,1,1,
2026-09-27 21:19:57,brain,5108000,30.57,75.47,1005.75,31.62,69.48,1005.49,1,0,MANUAL,1,1,1,
2026-09-27 21:19:58,brain,5109000,30.56,77.12,1005.71,31.61,69.41,1005.40,1,0,MANUAL,1,1,1,
2026-09-27 21:19:59,brain,5110000,30.54,76.69,1005.73,31.62,69.52,1005.46,1,0,MANUAL,1,1,1,
2026-09-27 21:20:00,brain,5111000,30.54,77.66,1005.73,31.62,69.45,1005.46,1,0,MANUAL,1,1,1,
2026-09-27 21:20:01,brain,5112000,30.53,76.83,1005.71,31.62,69.38,1005.41,1,0,MANUAL,1,1,1,
2026-09-27 21:20:02,brain,5113000,30.54,76.09,1005.72,31.61,69.39,1005.48,1,0,MANUAL,1,1,1,
2026-09-27 21:20:03,brain,5114000,30.54,75.85,1005.72,31.61,69.46,1005.40,1,0,MANUAL,1,1,1,
2026-09-27 21:20:04,brain,5115000,30.54,76.03,1005.68,31.61,69.41,1005.46,1,0,MANUAL,1,1,1,
2026-09-27 21:20:05,brain,5116000,30.53,75.82,1005.72,31.61,69.49,1005.43,1,0,MANUAL,1,1,1,
2026-09-27 21:20:06,brain,5117000,30.53,75.93,1005.72,31.62,69.45,1005.49,1,0,MANUAL,1,1,1,
2026-09-27 21:20:07,brain,5118000,30.54,76.09,1005.73,31.62,69.54,1005.41,1,0,MANUAL,1,1,1,
2026-09-27 21:20:08,brain,5119000,30.54,76.75,1005.72,31.61,69.43,1005.51,1,0,MANUAL,1,1,1,
2026-09-27 21:20:09,brain,5120000,30.55,76.96,1005.71,31.62,69.43,1005.46,1,0,MANUAL,1,1,1,
2026-09-27 21:20:10,brain,5121000,30.53,77.20,1005.69,31.61,69.55,1005.37,1,0,MANUAL,1,1,1,
2026-09-27 21:20:11,brain,5122000,30.53,76.84,1005.66,31.62,69.60,1005.41,1,0,MANUAL,1,1,1,
2026-09-27 21:20:12,brain,5123000,30.55,76.52,1005.74,31.62,69.47,1005.42,1,0,MANUAL,1,1,1,
2026-09-27 21:20:13,brain,5124000,30.55,75.72,1005.68,31.62,69.40,1005.42,1,0,MANUAL,1,1,1,
2026-09-27 21:20:14,brain,5125000,30.54,75.34,1005.68,31.62,69.69,1005.44,1,0,MANUAL,1,1,1,
2026-09-27 21:20:15,brain,5126000,30.55,75.81,1005.66,31.61,69.69,1005.46,1,0,MANUAL,1,1,1,
2026-09-27 21:20:16,brain,5127000,30.54,76.54,1005.76,31.61,69.47,1005.46,1,0,MANUAL,1,1,1,
2026-09-27 21:20:17,brain,5128000,30.53,76.32,1005.72,31.61,69.73,1005.43,1,0,MANUAL,1,1,1,
2026-09-27 21:20:18,brain,5129000,30.54,76.26,1005.76,31.61,69.91,1005.43,1,0,MANUAL,1,1,1,
2026-09-27 21:20:19,brain,5130000,30.54,76.90,1005.76,31.61,69.75,1005.46,1,0,MANUAL,1,1,1,
2026-09-27 21:20:20,brain,5131000,30.54,77.09,1005.75,31.61,69.53,1005.45,1,0,MANUAL,1,1,1,
2026-09-27 21:20:21,brain,5132000,30.53,77.35,1005.66,31.61,69.49,1005.39,1,0,MANUAL,1,1,1,
2026-09-27 21:20:22,brain,5133000,30.53,76.29,1005.74,31.62,69.69,1005.44,1,0,MANUAL,1,1,1,
2026-09-27 21:20:23,brain,5134000,30.53,75.92,1005.74,31.61,69.85,1005.43,1,0,MANUAL,1,1,1,
2026-09-27 21:20:24,brain,5135000,30.54,75.50,1005.75,31.61,69.41,1005.46,1,0,MANUAL,1,1,1,
2026-09-27 21:20:25,brain,5136000,30.54,75.35,1005.73,31.61,69.44,1005.47,1,0,MANUAL,1,1,1,
2026-09-27 21:20:26,brain,5137000,30.53,75.25,1005.60,31.61,69.44,1005.43,1,0,MANUAL,1,1,1,
2026-09-27 21:20:27,brain,5138000,30.55,75.48,1005.71,31.61,69.54,1005.45,1,0,MANUAL,1,1,1,
2026-09-27 21:20:28,brain,5139000,30.54,75.54,1005.73,31.61,69.41,1005.43,1,0,MANUAL,1,1,1,
2026-09-27 21:20:29,brain,5140000,30.54,75.59,1005.72,31.60,69.55,1005.44,1,0,MANUAL,1,1,1,
2026-09-27 21:20:30,brain,5141000,30.55,75.12,1005.78,31.61,69.55,1005.50,1,0,MANUAL,1,1,1,
2026-09-27 21:20:31,brain,5142000,30.55,75.47,1005.71,31.61,69.50,1005.43,1,0,MANUAL,1,1,1,
2026-09-27 21:20:32,brain,5143000,30.55,75.61,1005.68,31.62,69.72,1005.46,1,0,MANUAL,1,1,1,
2026-09-27 21:20:33,brain,5144000,30.55,76.27,1005.68,31.61,69.49,1005.46,1,0,MANUAL,1,1,1,
2026-09-27 21:20:34,brain,5145000,30.56,76.57,1005.73,31.62,69.46,1005.49,1,0,MANUAL,1,1,1,
2026-09-27 21:20:35,brain,5146000,30.55,76.14,1005.72,31.62,69.40,1005.46,1,0,MANUAL,1,1,1,
2026-09-27 21:20:36,brain,5147000,30.55,75.77,1005.72,31.62,69.66,1005.46,1,0,MANUAL,1,1,1,
2026-09-27 21:20:37,brain,5148000,30.55,76.20,1005.68,31.62,69.34,1005.46,1,0,MANUAL,1,1,1,
2026-09-27 21:20:38,brain,5149000,30.55,76.12,1005.69,31.61,69.41,1005.39,1,0,MANUAL,1,1,1,
2026-09-27 21:20:39,brain,5150000,30.55,76.17,1005.74,31.61,69.72,1005.40,1,0,MANUAL,1,1,1,
2026-09-27 21:20:40,brain,5151000,30.54,76.97,1005.70,31.61,69.43,1005.46,1,0,MANUAL,1,1,1,
2026-09-27 21:20:41,brain,5152000,30.54,77.46,1005.72,31.61,69.43,1005.43,1,0,MANUAL,1,1,1,
2026-09-27 21:20:42,brain,5153000,30.53,76.46,1005.72,31.61,69.44,1005.40,1,0,MANUAL,1,1,1,
2026-09-27 21:20:43,brain,5154000,30.54,76.37,1005.68,31.61,69.70,1005.48,1,0,MANUAL,1,1,1,
2026-09-27 21:20:44,brain,5155000,30.54,76.60,1005.70,31.62,69.45,1005.47,1,0,MANUAL,1,1,1,
2026-09-27 21:20:45,brain,5156000,30.54,76.07,1005.72,31.61,69.76,1005.46,1,0,MANUAL,1,1,1,
2026-09-27 21:20:46,brain,5157000,30.54,76.38,1005.72,31.61,69.50,1005.46,1,0,MANUAL,1,1,1,
2026-09-27 21:20:47,brain,5158000,30.54,77.46,1005.70,31.61,69.53,1005.42,1,0,MANUAL,1,1,1,
2026-09-27 21:20:48,brain,5159000,30.54,76.50,1005.70,31.61,69.45,1005.51,1,0,MANUAL,1,1,1,
2026-09-27 21:20:49,brain,5160000,30.53,75.73,1005.66,31.61,69.48,1005.46,1,0,MANUAL,1,1,1,
2026-09-27 21:20:50,brain,5161000,30.55,75.80,1005.71,31.61,69.41,1005.46,1,0,MANUAL,1,1,1,
2026-09-27 21:20:51,brain,5162000,30.55,76.33,1005.71,31.60,69.44,1005.41,1,0,MANUAL,1,1,1,
2026-09-27 21:20:52,brain,5163000,30.56,77.70,1005.73,31.61,69.63,1005.43,1,0,MANUAL,1,1,1,
2026-09-27 21:20:53,brain,5164000,30.55,78.00,1005.71,31.61,69.54,1005.42,1,0,MANUAL,1,1,1,
2026-09-27 21:20:54,brain,5165000,30.54,76.67,1005.70,31.61,69.48,1005.37,1,0,MANUAL,1,1,1,
2026-09-27 21:20:55,brain,5166000,30.55,75.95,1005.68,31.60,69.62,1005.41,1,0,MANUAL,1,1,1,
2026-09-27 21:20:56,brain,5167000,30.55,76.47,1005.69,31.61,69.41,1005.47,1,0,MANUAL,1,1,1,
2026-09-27 21:20:57,brain,5168000,30.55,76.19,1005.72,31.60,69.53,1005.41,1,0,MANUAL,1,1,1,
2026-09-27 21:20:58,brain,5169000,30.55,75.83,1005.69,31.60,69.42,1005.44,1,0,MANUAL,1,1,1,
2026-09-27 21:20:59,brain,5170000,30.56,75.66,1005.73,31.60,69.54,1005.44,1,0,MANUAL,1,1,1,
2026-09-27 21:21:00,brain,5171000,30.56,76.95,1005.76,31.61,69.54,1005.45,1,0,MANUAL,1,1,1,
2026-09-27 21:21:01,brain,5172000,30.55,76.58,1005.72,31.61,69.44,1005.45,1,0,MANUAL,1,1,1,
2026-09-27 21:21:02,brain,5173000,30.55,75.41,1005.68,31.61,69.40,1005.46,1,0,MANUAL,1,1,1,
2026-09-27 21:21:03,brain,5174000,30.56,75.46,1005.70,31.61,69.54,1005.43,1,0,MANUAL,1,1,1,
2026-09-27 21:21:04,brain,5175000,30.56,76.58,1005.68,31.61,69.54,1005.40,1,0,MANUAL,1,1,1,
2026-09-27 21:21:05,brain,5176000,30.56,76.61,1005.70,31.61,69.53,1005.46,1,0,MANUAL,1,1,1,
2026-09-27 21:21:06,brain,5177000,30.57,76.31,1005.74,31.61,69.43,1005.43,1,0,MANUAL,1,1,1,
2026-09-27 21:21:07,brain,5178000,30.56,76.26,1005.74,31.60,69.44,1005.41,1,0,MANUAL,1,1,1,
2026-09-27 21:21:08,brain,5179000,30.55,76.67,1005.72,31.61,69.41,1005.43,1,0,MANUAL,1,1,1,
2026-09-27 21:21:09,brain,5180000,30.55,77.24,1005.68,31.61,69.48,1005.45,1,0,MANUAL,1,1,1,
2026-09-27 21:21:10,brain,5181000,30.55,78.09,1005.66,31.61,69.46,1005.45,1,0,MANUAL,1,1,1,
2026-09-27 21:21:11,brain,5182000,30.54,79.35,1005.73,31.61,69.47,1005.46,1,0,MANUAL,1,1,1,
2026-09-27 21:21:12,brain,5183000,30.53,79.04,1005.68,31.61,69.63,1005.43,1,0,MANUAL,1,1,1,
2026-09-27 21:21:13,brain,5184000,30.53,77.46,1005.76,31.61,69.53,1005.46,1,0,MANUAL,1,1,1,
2026-09-27 21:21:14,brain,5185000,30.53,77.30,1005.62,31.60,69.40,1005.41,1,0,MANUAL,1,1,1,
2026-09-27 21:21:15,brain,5186000,30.53,77.99,1005.69,31.62,69.47,1005.44,1,0,MANUAL,1,1,1,
2026-09-27 21:21:16,brain,5187000,30.52,77.14,1005.69,31.60,69.44,1005.47,1,0,MANUAL,1,1,1,
2026-09-27 21:21:17,brain,5188000,30.53,78.25,1005.69,31.61,69.63,1005.45,1,0,MANUAL,1,1,1,
2026-09-27 21:21:18,brain,5189000,30.52,77.60,1005.67,31.60,69.44,1005.41,1,0,MANUAL,1,1,1,
2026-09-27 21:21:19,brain,5190000,30.52,76.97,1005.67,31.61,69.52,1005.40,1,0,MANUAL,1,1,1,
2026-09-27 21:21:20,brain,5191000,30.54,76.86,1005.75,31.61,69.48,1005.43,1,0,MANUAL,1,1,1,
2026-09-27 21:21:21,brain,5192000,30.54,76.63,1005.72,31.61,69.48,1005.47,1,0,MANUAL,1,1,1,
2026-09-27 21:21:22,brain,5193000,30.54,77.19,1005.70,31.61,69.56,1005.39,1,0,MANUAL,1,1,1,
2026-09-27 21:21:23,brain,5194000,30.53,76.93,1005.77,31.60,69.49,1005.41,1,0,MANUAL,1,1,1,
2026-09-27 21:21:24,brain,5195000,30.54,76.65,1005.73,31.60,69.47,1005.46,1,0,MANUAL,1,1,1,
2026-09-27 21:21:25,brain,5196000,30.54,76.59,1005.68,31.60,69.88,1005.38,1,0,MANUAL,1,1,1,
2026-09-27 21:21:26,brain,5197000,30.54,76.00,1005.73,31.61,69.57,1005.39,1,0,MANUAL,1,1,1,
2026-09-27 21:21:27,brain,5198000,30.54,76.22,1005.67,31.60,69.56,1005.40,1,0,MANUAL,1,1,1,
2026-09-27 21:21:28,brain,5199000,30.55,76.14,1005.71,31.60,69.41,1005.47,1,0,MANUAL,1,1,1,
2026-09-27 21:21:29,brain,5200000,30.53,75.76,1005.69,31.60,69.47,1005.41,1,0,MANUAL,1,1,1,
2026-09-27 21:21:30,brain,5201000,30.54,76.05,1005.73,31.60,69.45,1005.40,1,0,MANUAL,1,1,1,
2026-09-27 21:21:31,brain,5202000,30.53,75.53,1005.69,31.59,69.58,1005.42,1,0,MANUAL,1,1,1,
2026-09-27 21:21:32,brain,5203000,30.53,75.22,1005.71,31.60,69.49,1005.44,1,0,MANUAL,1,1,1,
2026-09-27 21:21:33,brain,5204000,30.55,75.77,1005.68,31.60,69.57,1005.43,1,0,MANUAL,1,1,1,
2026-09-27 21:21:34,brain,5205000,30.54,75.98,1005.68,31.60,69.54,1005.46,1,0,MANUAL,1,1,1,
2026-09-27 21:21:35,brain,5206000,30.54,76.18,1005.70,31.60,69.56,1005.46,1,0,MANUAL,1,1,1,
2026-09-27 21:21:36,brain,5207000,30.54,76.00,1005.70,31.60,69.49,1005.43,1,0,MANUAL,1,1,1,
2026-09-27 21:21:37,brain,5208000,30.55,76.18,1005.66,31.61,69.74,1005.42,1,0,MANUAL,1,1,1,
2026-09-27 21:21:38,brain,5209000,30.54,76.10,1005.65,31.60,69.48,1005.44,1,0,MANUAL,1,1,1,
2026-09-27 21:21:39,brain,5210000,30.54,76.15,1005.67,31.60,69.45,1005.41,1,0,MANUAL,1,1,1,
2026-09-27 21:21:40,brain,5211000,30.55,75.83,1005.68,31.60,69.77,1005.46,1,0,MANUAL,1,1,1,
2026-09-27 21:21:41,brain,5212000,30.56,76.24,1005.70,31.60,69.77,1005.38,1,0,MANUAL,1,1,1,
2026-09-27 21:21:42,brain,5213000,30.55,75.72,1005.75,31.61,69.56,1005.45,1,0,MANUAL,1,1,1,
2026-09-27 21:21:43,brain,5214000,30.55,76.06,1005.66,31.59,69.48,1005.42,1,0,MANUAL,1,1,1,
2026-09-27 21:21:44,brain,5215000,30.54,75.43,1005.70,31.61,69.91,1005.47,1,0,MANUAL,1,1,1,
2026-09-27 21:21:45,brain,5216000,30.54,75.67,1005.70,31.61,69.71,1005.45,1,0,MANUAL,1,1,1,
2026-09-27 21:21:46,brain,5217000,30.55,75.40,1005.64,31.60,69.60,1005.49,1,0,MANUAL,1,1,1,
2026-09-27 21:21:47,brain,5218000,30.54,76.82,1005.65,31.60,69.56,1005.44,1,0,MANUAL,1,1,1,
2026-09-27 21:21:48,brain,5219000,30.53,78.36,1005.74,31.61,69.62,1005.40,1,0,MANUAL,1,1,1,
2026-09-27 21:21:49,brain,5220000,30.51,78.68,1005.74,31.61,69.48,1005.39,1,0,MANUAL,1,1,1,
2026-09-27 21:21:50,brain,5221000,30.51,79.63,1005.71,31.60,69.64,1005.49,1,0,MANUAL,1,1,1,
2026-09-27 21:21:51,brain,5222000,30.52,79.08,1005.70,31.61,69.52,1005.43,1,0,MANUAL,1,1,1,
2026-09-27 21:21:52,brain,5223000,30.52,77.38,1005.72,31.60,69.49,1005.41,1,0,MANUAL,1,1,1,
2026-09-27 21:21:53,brain,5224000,30.52,77.05,1005.73,31.61,69.42,1005.45,1,0,MANUAL,1,1,1,
2026-09-27 21:21:54,brain,5225000,30.53,77.09,1005.71,31.61,69.54,1005.43,1,0,MANUAL,1,1,1,
2026-09-27 21:21:55,brain,5226000,30.53,77.74,1005.69,31.61,69.56,1005.46,1,0,MANUAL,1,1,1,
2026-09-27 21:21:56,brain,5227000,30.53,76.55,1005.72,31.61,69.54,1005.45,1,0,MANUAL,1,1,1,
2026-09-27 21:21:57,brain,5228000,30.53,75.90,1005.66,31.60,69.49,1005.41,1,0,MANUAL,1,1,1,
2026-09-27 21:21:58,brain,5229000,30.54,77.67,1005.68,31.61,69.48,1005.45,1,0,MANUAL,1,1,1,
2026-09-27 21:21:59,brain,5230000,30.55,79.91,1005.71,31.60,69.47,1005.44,1,0,MANUAL,1,1,1,
2026-09-27 21:22:00,brain,5231000,30.54,80.07,1005.72,31.60,69.57,1005.44,1,0,MANUAL,1,1,1,
2026-09-27 21:22:01,brain,5232000,30.52,78.89,1005.73,31.60,69.67,1005.49,1,0,MANUAL,1,1,1,
2026-09-27 21:22:02,brain,5233000,30.54,78.42,1005.72,31.61,69.54,1005.42,1,0,MANUAL,1,1,1,
2026-09-27 21:22:03,brain,5234000,30.53,77.79,1005.69,31.60,69.46,1005.46,1,0,MANUAL,1,1,1,
2026-09-27 21:22:04,brain,5235000,30.54,77.56,1005.68,31.60,69.49,1005.44,1,0,MANUAL,1,1,1,
2026-09-27 21:22:05,brain,5236000,30.52,77.05,1005.67,31.61,69.49,1005.46,1,0,MANUAL,1,1,1,
2026-09-27 21:22:06,brain,5237000,30.51,76.21,1005.66,31.61,69.49,1005.39,1,0,MANUAL,1,1,1,
2026-09-27 21:22:07,brain,5238000,30.52,76.80,1005.67,31.60,69.49,1005.41,1,0,MANUAL,1,1,1,
2026-09-27 21:22:08,brain,5239000,30.52,76.09,1005.69,31.60,69.54,1005.47,1,0,MANUAL,1,1,1,
2026-09-27 21:22:09,brain,5240000,30.53,78.05,1005.68,31.61,69.47,1005.45,1,0,MANUAL,1,1,1,
2026-09-27 21:22:10,brain,5241000,30.54,80.25,1005.70,31.60,69.56,1005.38,1,0,MANUAL,1,1,1,
2026-09-27 21:22:11,brain,5242000,30.54,81.26,1005.68,31.61,69.47,1005.42,1,0,MANUAL,1,1,1,
2026-09-27 21:22:12,brain,5243000,30.50,79.17,1005.63,31.60,69.48,1005.43,1,0,MANUAL,1,1,1,
2026-09-27 21:22:13,brain,5244000,30.52,79.27,1005.76,31.60,69.51,1005.41,1,0,MANUAL,1,1,1,
2026-09-27 21:22:14,brain,5245000,30.51,78.65,1005.66,31.60,69.53,1005.44,1,0,MANUAL,1,1,1,
2026-09-27 21:22:15,brain,5246000,30.52,78.93,1005.64,31.60,69.50,1005.40,1,0,MANUAL,1,1,1,
2026-09-27 21:22:16,brain,5247000,30.51,78.19,1005.68,31.60,69.53,1005.41,1,0,MANUAL,1,1,1,
2026-09-27 21:22:17,brain,5248000,30.51,78.69,1005.71,31.60,69.49,1005.40,1,0,MANUAL,1,1,1,
2026-09-27 21:22:18,brain,5249000,30.50,79.14,1005.66,31.59,69.80,1005.40,1,0,MANUAL,1,1,1,
2026-09-27 21:22:19,brain,5250000,30.49,79.30,1005.67,31.60,69.62,1005.41,1,0,MANUAL,1,1,1,
2026-09-27 21:22:20,brain,5251000,30.48,78.62,1005.72,31.60,69.54,1005.46,1,0,MANUAL,1,1,1,
2026-09-27 21:22:21,brain,5252000,30.49,79.11,1005.74,31.60,69.56,1005.44,1,0,MANUAL,1,1,1,
2026-09-27 21:22:22,brain,5253000,30.49,78.11,1005.74,31.60,69.49,1005.41,1,0,MANUAL,1,1,1,
2026-09-27 21:22:23,brain,5254000,30.48,77.52,1005.72,31.59,69.89,1005.42,1,0,MANUAL,1,1,1,
2026-09-27 21:22:24,brain,5255000,30.49,78.00,1005.67,31.60,69.47,1005.46,1,0,MANUAL,1,1,1,
2026-09-27 21:22:25,brain,5256000,30.48,76.95,1005.64,31.60,69.65,1005.41,1,0,MANUAL,1,1,1,
2026-09-27 21:22:26,brain,5257000,30.49,77.49,1005.68,31.60,69.82,1005.36,1,0,MANUAL,1,1,1,
2026-09-27 21:22:27,brain,5258000,30.48,78.80,1005.66,31.61,69.72,1005.39,1,0,MANUAL,1,1,1,
2026-09-27 21:22:28,brain,5259000,30.48,78.58,1005.68,31.60,69.55,1005.44,1,0,MANUAL,1,1,1,
2026-09-27 21:22:29,brain,5260000,30.49,78.48,1005.70,31.60,69.70,1005.41,1,0,MANUAL,1,1,1,
2026-09-27 21:22:30,brain,5261000,30.48,77.16,1005.63,31.61,69.49,1005.42,1,0,MANUAL,1,1,1,
2026-09-27 21:22:31,brain,5262000,30.48,77.08,1005.64,31.61,69.50,1005.39,1,0,MANUAL,1,1,1,
2026-09-27 21:22:32,brain,5263000,30.48,76.61,1005.66,31.60,69.46,1005.41,1,0,MANUAL,1,1,1,
2026-09-27 21:22:33,brain,5264000,30.48,76.96,1005.69,31.61,69.57,1005.47,1,0,MANUAL,1,1,1,
2026-09-27 21:22:34,brain,5265000,30.48,76.09,1005.66,31.60,69.47,1005.41,1,0,MANUAL,1,1,1,
2026-09-27 21:22:35,brain,5266000,30.48,76.17,1005.66,31.60,69.50,1005.44,1,0,MANUAL,1,1,1,
2026-09-27 21:22:36,brain,5267000,30.48,77.03,1005.64,31.60,69.50,1005.38,1,0,MANUAL,1,1,1,
2026-09-27 21:22:37,brain,5268000,30.48,77.27,1005.68,31.59,69.47,1005.37,1,0,MANUAL,1,1,1,
2026-09-27 21:22:38,brain,5269000,30.49,76.90,1005.65,31.60,69.47,1005.40,1,0,MANUAL,1,1,1,
2026-09-27 21:22:39,brain,5270000,30.49,77.41,1005.71,31.60,69.54,1005.36,1,0,MANUAL,1,1,1,
2026-09-27 21:22:40,brain,5271000,30.49,77.29,1005.70,31.59,69.67,1005.45,1,0,MANUAL,1,1,1,
2026-09-27 21:22:41,brain,5272000,30.49,77.03,1005.71,31.60,69.48,1005.41,1,0,MANUAL,1,1,1,
2026-09-27 21:22:42,brain,5273000,30.49,76.61,1005.68,31.59,69.50,1005.42,1,0,MANUAL,1,1,1,
2026-09-27 21:22:43,brain,5274000,30.49,76.83,1005.64,31.59,69.49,1005.33,1,0,MANUAL,1,1,1,
2026-09-27 21:22:44,brain,5275000,30.48,78.13,1005.69,31.59,69.49,1005.42,1,0,MANUAL,1,1,1,
2026-09-27 21:22:45,brain,5276000,30.49,79.66,1005.67,31.59,69.42,1005.42,1,0,MANUAL,1,1,1,
2026-09-27 21:22:46,brain,5277000,30.46,78.69,1005.65,31.58,69.41,1005.40,1,0,MANUAL,1,1,1,
2026-09-27 21:22:47,brain,5278000,30.47,79.27,1005.65,31.59,69.57,1005.47,1,0,MANUAL,1,1,1,
2026-09-27 21:22:48,brain,5279000,30.49,80.96,1005.73,31.59,69.51,1005.39,1,0,MANUAL,1,1,1,
2026-09-27 21:22:49,brain,5280000,30.50,82.16,1005.69,31.59,69.50,1005.42,1,0,MANUAL,1,1,1,
2026-09-27 21:22:50,brain,5281000,30.47,80.97,1005.73,31.59,69.65,1005.39,1,0,MANUAL,1,1,1,
2026-09-27 21:22:51,brain,5282000,30.47,79.92,1005.73,31.59,69.37,1005.37,1,0,MANUAL,1,1,1,
2026-09-27 21:22:52,brain,5283000,30.47,78.89,1005.65,31.59,69.65,1005.42,1,0,MANUAL,1,1,1,
2026-09-27 21:22:53,brain,5284000,30.48,79.18,1005.69,31.59,69.47,1005.40,1,0,MANUAL,1,1,1,
2026-09-27 21:22:54,brain,5285000,30.47,78.62,1005.68,31.59,69.81,1005.37,1,0,MANUAL,1,1,1,
2026-09-27 21:22:55,brain,5286000,30.48,78.21,1005.66,31.60,69.42,1005.40,1,0,MANUAL,1,1,1,
2026-09-27 21:22:56,brain,5287000,30.48,78.80,1005.66,31.59,69.43,1005.39,1,0,MANUAL,1,1,1,
2026-09-27 21:22:57,brain,5288000,30.48,79.23,1005.68,31.59,69.38,1005.40,1,0,MANUAL,1,1,1,
2026-09-27 21:22:58,brain,5289000,30.48,79.19,1005.66,31.59,69.48,1005.31,1,0,MANUAL,1,1,1,
2026-09-27 21:22:59,brain,5290000,30.46,79.83,1005.63,31.59,69.38,1005.48,1,0,MANUAL,1,1,1,
2026-09-27 21:23:00,brain,5291000,30.47,80.13,1005.62,31.58,69.31,1005.35,1,0,MANUAL,1,1,1,
2026-09-27 21:23:01,brain,5292000,30.45,79.62,1005.63,31.59,69.42,1005.34,1,0,MANUAL,1,1,1,
2026-09-27 21:23:02,brain,5293000,30.45,78.57,1005.70,31.58,69.46,1005.41,1,0,MANUAL,1,1,1,
2026-09-27 21:23:03,brain,5294000,30.46,78.16,1005.71,31.59,69.51,1005.45,1,0,MANUAL,1,1,1,
2026-09-27 21:23:04,brain,5295000,30.45,78.46,1005.67,31.60,69.48,1005.43,1,0,MANUAL,1,1,1,
2026-09-27 21:23:05,brain,5296000,30.45,77.79,1005.64,31.60,69.47,1005.40,1,0,MANUAL,1,1,1,
2026-09-27 21:23:06,brain,5297000,30.45,77.01,1005.70,31.60,69.47,1005.40,1,0,MANUAL,1,1,1,
2026-09-27 21:23:07,brain,5298000,30.46,77.65,1005.71,31.59,69.60,1005.36,1,0,MANUAL,1,1,1,
2026-09-27 21:23:08,brain,5299000,30.44,78.61,1005.65,31.58,69.53,1005.41,1,0,MANUAL,1,1,1,
2026-09-27 21:23:09,brain,5300000,30.44,77.68,1005.65,31.60,69.50,1005.38,1,0,MANUAL,1,1,1,
2026-09-27 21:23:10,brain,5301000,30.44,77.68,1005.65,31.58,69.56,1005.43,1,0,MANUAL,1,1,1,
2026-09-27 21:23:11,brain,5302000,30.44,79.13,1005.65,31.60,69.56,1005.43,1,0,MANUAL,1,1,1,
2026-09-27 21:23:12,brain,5303000,30.43,79.17,1005.77,31.59,69.45,1005.40,1,0,MANUAL,1,1,1,
2026-09-27 21:23:13,brain,5304000,30.42,78.40,1005.68,31.60,69.42,1005.43,1,0,MANUAL,1,1,1,
2026-09-27 21:23:14,brain,5305000,30.42,77.85,1005.71,31.59,69.48,1005.34,1,0,MANUAL,1,1,1,
2026-09-27 21:23:15,brain,5306000,30.42,78.33,1005.68,31.60,69.45,1005.40,1,0,MANUAL,1,1,1,
2026-09-27 21:23:16,brain,5307000,30.42,78.44,1005.71,31.59,69.40,1005.42,1,0,MANUAL,1,1,1,
2026-09-27 21:23:17,brain,5308000,30.42,77.30,1005.68,31.60,69.40,1005.33,1,0,MANUAL,1,1,1,
2026-09-27 21:23:18,brain,5309000,30.42,77.52,1005.68,31.59,69.50,1005.37,1,0,MANUAL,1,1,1,
2026-09-27 21:23:19,brain,5310000,30.42,77.87,1005.65,31.60,69.44,1005.44,1,0,MANUAL,1,1,1,
2026-09-27 21:23:20,brain,5311000,30.43,79.11,1005.64,31.58,69.43,1005.41,1,0,MANUAL,1,1,1,
2026-09-27 21:23:21,brain,5312000,30.42,78.37,1005.68,31.59,69.35,1005.34,1,0,MANUAL,1,1,1,
2026-09-27 21:23:22,brain,5313000,30.43,77.95,1005.64,31.59,69.39,1005.42,1,0,MANUAL,1,1,1,
2026-09-27 21:23:23,brain,5314000,30.43,77.52,1005.61,31.59,69.57,1005.42,1,0,MANUAL,1,1,1,
2026-09-27 21:23:24,brain,5315000,30.43,77.32,1005.64,31.58,69.43,1005.35,1,0,MANUAL,1,1,1,
2026-09-27 21:23:25,brain,5316000,30.43,77.84,1005.64,31.59,69.47,1005.42,1,0,MANUAL,1,1,1,
2026-09-27 21:23:26,brain,5317000,30.43,77.85,1005.67,31.60,69.33,1005.43,1,0,MANUAL,1,1,1,
2026-09-27 21:23:27,brain,5318000,30.44,77.61,1005.68,31.59,69.46,1005.36,1,0,MANUAL,1,1,1,
2026-09-27 21:23:28,brain,5319000,30.44,77.43,1005.68,31.59,69.43,1005.42,1,0,MANUAL,1,1,1,
2026-09-27 21:23:29,brain,5320000,30.44,77.00,1005.68,31.59,69.61,1005.39,1,0,MANUAL,1,1,1,
2026-09-27 21:23:29,brain,,,,,,,,,,,,,,mist A=0 B=0 (manual)
2026-09-27 21:23:30,brain,5321000,30.43,77.10,1005.64,31.59,69.81,1005.36,0,0,MANUAL,1,1,1,
2026-09-27 21:23:31,brain,5322000,30.45,76.44,1005.61,31.59,69.52,1005.40,0,0,MANUAL,1,1,1,
2026-09-27 21:23:32,brain,5323000,30.44,76.20,1005.65,31.59,69.84,1005.44,0,0,MANUAL,1,1,1,
2026-09-27 21:23:33,brain,5324000,30.46,76.33,1005.62,31.59,69.62,1005.36,0,0,MANUAL,1,1,1,
2026-09-27 21:23:34,brain,5325000,30.45,76.56,1005.67,31.59,69.76,1005.42,0,0,MANUAL,1,1,1,
2026-09-27 21:23:35,brain,5326000,30.45,77.29,1005.64,31.60,69.56,1005.38,0,0,MANUAL,1,1,1,
2026-09-27 21:23:36,brain,5327000,30.44,77.00,1005.62,31.60,69.70,1005.41,0,0,MANUAL,1,1,1,
2026-09-27 21:23:37,brain,5328000,30.44,76.60,1005.65,31.59,69.71,1005.42,0,0,MANUAL,1,1,1,
2026-09-27 21:23:38,brain,5329000,30.45,76.39,1005.61,31.60,69.75,1005.40,0,0,MANUAL,1,1,1,
2026-09-27 21:23:39,brain,5330000,30.46,76.79,1005.62,31.60,69.88,1005.32,0,0,MANUAL,1,1,1,
2026-09-27 21:23:40,brain,5331000,30.45,76.28,1005.67,31.60,69.59,1005.38,0,0,MANUAL,1,1,1,
2026-09-27 21:23:41,brain,5332000,30.46,76.91,1005.66,31.59,69.73,1005.42,0,0,MANUAL,1,1,1,
2026-09-27 21:23:42,brain,5333000,30.47,77.64,1005.68,31.59,69.83,1005.42,0,0,MANUAL,1,1,1,
2026-09-27 21:23:43,brain,5334000,30.47,77.31,1005.61,31.60,69.75,1005.43,0,0,MANUAL,1,1,1,
2026-09-27 21:23:44,brain,5335000,30.46,77.25,1005.66,31.60,69.77,1005.38,0,0,MANUAL,1,1,1,
2026-09-27 21:23:45,brain,5336000,30.46,77.10,1005.65,31.60,69.46,1005.43,0,0,MANUAL,1,1,1,
2026-09-27 21:23:46,brain,5337000,30.46,76.49,1005.66,31.59,69.82,1005.42,0,0,MANUAL,1,1,1,
2026-09-27 21:23:47,brain,5338000,30.47,76.02,1005.67,31.60,69.38,1005.38,0,0,MANUAL,1,1,1,
2026-09-27 21:23:48,brain,5339000,30.47,76.70,1005.65,31.61,69.27,1005.39,0,0,MANUAL,1,1,1,
2026-09-27 21:23:49,brain,5340000,30.47,76.98,1005.62,31.61,69.30,1005.45,0,0,MANUAL,1,1,1,
2026-09-27 21:23:50,brain,5341000,30.48,77.00,1005.61,31.60,69.57,1005.38,0,0,MANUAL,1,1,1,
2026-09-27 21:23:51,brain,5342000,30.49,76.81,1005.64,31.61,69.62,1005.39,0,0,MANUAL,1,1,1,
2026-09-27 21:23:52,brain,5343000,30.50,77.03,1005.69,31.60,69.30,1005.44,0,0,MANUAL,1,1,1,
2026-09-27 21:23:53,brain,5344000,30.50,76.37,1005.66,31.60,69.65,1005.38,0,0,MANUAL,1,1,1,
2026-09-27 21:23:54,brain,5345000,30.49,76.93,1005.62,31.61,69.44,1005.45,0,0,MANUAL,1,1,1,
2026-09-27 21:23:55,brain,5346000,30.50,76.98,1005.60,31.61,69.31,1005.39,0,0,MANUAL,1,1,1,
2026-09-27 21:23:56,brain,5347000,30.52,78.12,1005.61,31.61,69.38,1005.39,0,0,MANUAL,1,1,1,
2026-09-27 21:23:57,brain,5348000,30.52,78.37,1005.67,31.60,69.59,1005.41,0,0,MANUAL,1,1,1,
2026-09-27 21:23:58,brain,5349000,30.52,77.16,1005.72,31.60,69.65,1005.38,0,0,MANUAL,1,1,1,
2026-09-27 21:23:59,brain,5350000,30.53,77.09,1005.66,31.60,69.33,1005.38,0,0,MANUAL,1,1,1,
2026-09-27 21:24:00,brain,5351000,30.52,78.14,1005.62,31.61,69.75,1005.42,0,0,MANUAL,1,1,1,
2026-09-27 21:24:01,brain,5352000,30.54,78.71,1005.61,31.60,69.60,1005.43,0,0,MANUAL,1,1,1,
2026-09-27 21:24:02,brain,5353000,30.54,78.70,1005.72,31.60,69.45,1005.38,0,0,MANUAL,1,1,1,
2026-09-27 21:24:03,brain,5354000,30.54,78.55,1005.59,31.59,69.33,1005.40,0,0,MANUAL,1,1,1,
2026-09-27 21:24:04,brain,5355000,30.54,78.54,1005.68,31.59,69.51,1005.40,0,0,MANUAL,1,1,1,
2026-09-27 21:24:05,brain,5356000,30.55,77.72,1005.68,31.60,69.41,1005.38,0,0,MANUAL,1,1,1,
2026-09-27 21:24:06,brain,5357000,30.56,77.94,1005.67,31.60,69.65,1005.40,0,0,MANUAL,1,1,1,
2026-09-27 21:24:07,brain,5358000,30.56,78.59,1005.65,31.60,69.44,1005.38,0,0,MANUAL,1,1,1,
2026-09-27 21:24:08,brain,5359000,30.56,78.39,1005.65,31.61,69.39,1005.40,0,0,MANUAL,1,1,1,
2026-09-27 21:24:09,brain,5360000,30.56,77.79,1005.65,31.60,69.44,1005.38,0,0,MANUAL,1,1,1,
2026-09-27 21:24:10,brain,5361000,30.57,77.24,1005.58,31.60,69.39,1005.35,0,0,MANUAL,1,1,1,
2026-09-27 21:24:11,brain,5362000,30.57,76.67,1005.70,31.60,69.30,1005.40,0,0,MANUAL,1,1,1,
2026-09-27 21:24:12,brain,5363000,30.58,76.15,1005.65,31.60,69.34,1005.40,0,0,MANUAL,1,1,1,
2026-09-27 21:24:13,brain,5364000,30.59,76.27,1005.61,31.59,69.39,1005.31,0,0,MANUAL,1,1,1,
2026-09-27 21:24:14,brain,5365000,30.60,76.61,1005.67,31.59,69.38,1005.45,0,0,MANUAL,1,1,1,
2026-09-27 21:24:15,brain,5366000,30.60,78.00,1005.62,31.60,69.42,1005.35,0,0,MANUAL,1,1,1,
2026-09-27 21:24:16,brain,5367000,30.62,78.93,1005.63,31.60,69.30,1005.40,0,0,MANUAL,1,1,1,
2026-09-27 21:24:17,brain,5368000,30.61,77.82,1005.70,31.59,69.41,1005.34,0,0,MANUAL,1,1,1,
2026-09-27 21:24:18,brain,5369000,30.62,78.82,1005.66,31.59,69.38,1005.40,0,0,MANUAL,1,1,1,
2026-09-27 21:24:19,brain,5370000,30.61,78.17,1005.61,31.59,69.40,1005.39,0,0,MANUAL,1,1,1,
2026-09-27 21:24:20,brain,5371000,30.64,78.77,1005.65,31.60,69.40,1005.41,0,0,MANUAL,1,1,1,
2026-09-27 21:24:21,brain,5372000,30.63,77.97,1005.61,31.59,69.50,1005.40,0,0,MANUAL,1,1,1,
2026-09-27 21:24:22,brain,5373000,30.62,76.97,1005.65,31.59,69.34,1005.39,0,0,MANUAL,1,1,1,
2026-09-27 21:24:23,brain,5374000,30.62,77.48,1005.66,31.59,69.24,1005.37,0,0,MANUAL,1,1,1,
2026-09-27 21:24:24,brain,5375000,30.64,78.16,1005.60,31.60,69.39,1005.41,0,0,MANUAL,1,1,1,
2026-09-27 21:24:25,brain,5376000,30.65,78.68,1005.61,31.59,69.48,1005.42,0,0,MANUAL,1,1,1,
2026-09-27 21:24:26,brain,5377000,30.65,78.50,1005.61,31.59,69.31,1005.42,0,0,MANUAL,1,1,1,
2026-09-27 21:24:27,brain,5378000,30.65,77.16,1005.70,31.59,69.24,1005.42,0,0,MANUAL,1,1,1,
2026-09-27 21:24:28,brain,5379000,30.64,76.57,1005.69,31.59,69.58,1005.34,0,0,MANUAL,1,1,1,
2026-09-27 21:24:29,brain,5380000,30.65,76.63,1005.62,31.59,69.43,1005.37,0,0,MANUAL,1,1,1,
2026-09-27 21:24:30,brain,5381000,30.65,76.40,1005.67,31.59,69.40,1005.42,0,0,MANUAL,1,1,1,
2026-09-27 21:24:31,brain,5382000,30.65,76.02,1005.64,31.59,69.33,1005.36,0,0,MANUAL,1,1,1,
2026-09-27 21:24:32,brain,5383000,30.65,75.74,1005.68,31.59,69.77,1005.42,0,0,MANUAL,1,1,1,
2026-09-27 21:24:33,brain,5384000,30.65,75.81,1005.61,31.59,69.59,1005.33,0,0,MANUAL,1,1,1,
2026-09-27 21:24:34,brain,5385000,30.66,75.55,1005.63,31.59,69.41,1005.34,0,0,MANUAL,1,1,1,
2026-09-27 21:24:35,brain,5386000,30.65,75.21,1005.70,31.59,69.33,1005.37,0,0,MANUAL,1,1,1,
2026-09-27 21:24:36,brain,5387000,30.66,74.92,1005.64,31.58,69.51,1005.41,0,0,MANUAL,1,1,1,
2026-09-27 21:24:37,brain,5388000,30.67,75.66,1005.64,31.58,69.32,1005.38,0,0,MANUAL,1,1,1,
2026-09-27 21:24:38,brain,5389000,30.67,75.91,1005.64,31.59,69.40,1005.40,0,0,MANUAL,1,1,1,
2026-09-27 21:24:39,brain,5390000,30.68,77.50,1005.72,31.59,69.29,1005.34,0,0,MANUAL,1,1,1,
2026-09-27 21:24:40,brain,5391000,30.69,78.21,1005.68,31.59,69.59,1005.42,0,0,MANUAL,1,1,1,
2026-09-27 21:24:41,brain,5392000,30.68,77.25,1005.61,31.59,69.43,1005.36,0,0,MANUAL,1,1,1,
2026-09-27 21:24:42,brain,5393000,30.69,76.76,1005.65,31.59,69.30,1005.37,0,0,MANUAL,1,1,1,
2026-09-27 21:24:43,brain,5394000,30.69,77.17,1005.62,31.59,69.34,1005.40,0,0,MANUAL,1,1,1,
2026-09-27 21:24:44,brain,5395000,30.69,76.11,1005.63,31.59,69.42,1005.42,0,0,MANUAL,1,1,1,
2026-09-27 21:24:45,brain,5396000,30.71,76.82,1005.68,31.58,69.82,1005.35,0,0,MANUAL,1,1,1,
2026-09-27 21:24:46,brain,5397000,30.69,75.82,1005.63,31.59,69.54,1005.42,0,0,MANUAL,1,1,1,
2026-09-27 21:24:46,brain,,,,,,,,,,,,,,mist A=1 B=0 (manual)
2026-09-27 21:24:47,brain,5398000,30.70,75.79,1005.62,31.59,69.81,1005.42,1,0,MANUAL,1,1,1,
2026-09-27 21:24:48,brain,5399000,30.70,75.67,1005.64,31.59,69.38,1005.37,1,0,MANUAL,1,1,1,
2026-09-27 21:24:49,brain,5400000,30.71,75.99,1005.65,31.58,69.48,1005.32,1,0,MANUAL,1,1,1,
2026-09-27 21:24:50,brain,5401000,30.70,75.57,1005.66,31.58,69.34,1005.38,1,0,MANUAL,1,1,1,
2026-09-27 21:24:51,brain,5402000,30.71,76.09,1005.60,31.58,69.41,1005.35,1,0,MANUAL,1,1,1,
2026-09-27 21:24:52,brain,5403000,30.71,75.57,1005.65,31.58,69.40,1005.38,1,0,MANUAL,1,1,1,
2026-09-27 21:24:53,brain,5404000,30.71,75.68,1005.65,31.59,69.42,1005.34,1,0,MANUAL,1,1,1,
2026-09-27 21:24:54,brain,5405000,30.71,75.51,1005.66,31.60,69.34,1005.41,1,0,MANUAL,1,1,1,
2026-09-27 21:24:55,brain,5406000,30.71,75.53,1005.62,31.59,69.81,1005.37,1,0,MANUAL,1,1,1,
2026-09-27 21:24:56,brain,5407000,30.71,75.81,1005.65,31.59,69.35,1005.40,1,0,MANUAL,1,1,1,
2026-09-27 21:24:57,brain,5408000,30.72,76.42,1005.68,31.60,69.40,1005.38,1,0,MANUAL,1,1,1,
2026-09-27 21:24:58,brain,5409000,30.71,77.03,1005.60,31.61,69.37,1005.39,1,0,MANUAL,1,1,1,
2026-09-27 21:24:59,brain,5410000,30.73,77.60,1005.58,31.59,69.50,1005.42,1,0,MANUAL,1,1,1,
2026-09-27 21:25:00,brain,5411000,30.72,77.18,1005.71,31.60,69.39,1005.43,1,0,MANUAL,1,1,1,
2026-09-27 21:25:01,brain,5412000,30.73,76.59,1005.69,31.60,69.59,1005.40,1,0,MANUAL,1,1,1,
2026-09-27 21:25:02,brain,5413000,30.73,76.23,1005.66,31.60,69.66,1005.43,1,0,MANUAL,1,1,1,
2026-09-27 21:25:03,brain,5414000,30.74,76.30,1005.64,31.60,69.34,1005.43,1,0,MANUAL,1,1,1,
2026-09-27 21:25:04,brain,5415000,30.73,75.41,1005.66,31.59,69.61,1005.40,1,0,MANUAL,1,1,1,
2026-09-27 21:25:05,brain,5416000,30.74,76.52,1005.64,31.58,69.60,1005.41,1,0,MANUAL,1,1,1,
2026-09-27 21:25:06,brain,5417000,30.71,77.39,1005.60,31.59,69.33,1005.40,1,0,MANUAL,1,1,1,
2026-09-27 21:25:07,brain,5418000,30.72,76.44,1005.64,31.60,69.62,1005.35,1,0,MANUAL,1,1,1,
2026-09-27 21:25:08,brain,5419000,30.72,76.03,1005.64,31.60,69.36,1005.40,1,0,MANUAL,1,1,1,
2026-09-27 21:25:09,brain,5420000,30.73,75.80,1005.68,31.59,69.34,1005.44,1,0,MANUAL,1,1,1,
2026-09-27 21:25:10,brain,5421000,30.72,75.78,1005.64,31.60,69.34,1005.40,1,0,MANUAL,1,1,1,
2026-09-27 21:25:11,brain,5422000,30.71,75.24,1005.60,31.59,69.45,1005.40,1,0,MANUAL,1,1,1,
2026-09-27 21:25:12,brain,5423000,30.71,75.23,1005.62,31.58,69.36,1005.41,1,0,MANUAL,1,1,1,
2026-09-27 21:25:13,brain,5424000,30.72,75.80,1005.65,31.59,69.40,1005.44,1,0,MANUAL,1,1,1,
2026-09-27 21:25:14,brain,5425000,30.71,75.51,1005.60,31.59,69.47,1005.36,1,0,MANUAL,1,1,1,
2026-09-27 21:25:15,brain,5426000,30.71,75.96,1005.65,31.59,69.41,1005.42,1,0,MANUAL,1,1,1,
2026-09-27 21:25:16,brain,5427000,30.70,76.01,1005.61,31.59,69.46,1005.36,1,0,MANUAL,1,1,1,
2026-09-27 21:25:17,brain,5428000,30.69,75.29,1005.63,31.59,69.43,1005.42,1,0,MANUAL,1,1,1,
2026-09-27 21:25:18,brain,5429000,30.70,75.91,1005.66,31.59,69.65,1005.37,1,0,MANUAL,1,1,1,
2026-09-27 21:25:19,brain,5430000,30.69,76.27,1005.63,31.59,69.34,1005.42,1,0,MANUAL,1,1,1,
2026-09-27 21:25:20,brain,5431000,30.69,76.25,1005.59,31.59,69.81,1005.42,1,0,MANUAL,1,1,1,
2026-09-27 21:25:21,brain,5432000,30.69,76.41,1005.59,31.60,69.36,1005.43,1,0,MANUAL,1,1,1,
2026-09-27 21:25:22,brain,5433000,30.69,77.41,1005.62,31.59,69.45,1005.40,1,0,MANUAL,1,1,1,
2026-09-27 21:25:23,brain,5434000,30.69,77.55,1005.71,31.58,69.36,1005.38,1,0,MANUAL,1,1,1,
2026-09-27 21:25:24,brain,5435000,30.69,78.09,1005.68,31.59,69.31,1005.42,1,0,MANUAL,1,1,1,
2026-09-27 21:25:25,brain,5436000,30.68,76.98,1005.67,31.58,69.38,1005.41,1,0,MANUAL,1,1,1,
2026-09-27 21:25:26,brain,5437000,30.67,76.18,1005.62,31.59,69.42,1005.39,1,0,MANUAL,1,1,1,
2026-09-27 21:25:27,brain,5438000,30.67,76.99,1005.67,31.58,69.65,1005.38,1,0,MANUAL,1,1,1,
2026-09-27 21:25:28,brain,5439000,30.66,76.29,1005.69,31.58,69.35,1005.40,1,0,MANUAL,1,1,1,
2026-09-27 21:25:29,brain,5440000,30.65,75.59,1005.68,31.57,69.31,1005.39,1,0,MANUAL,1,1,1,
2026-09-27 21:25:30,brain,5441000,30.66,75.58,1005.66,31.59,69.30,1005.37,1,0,MANUAL,1,1,1,
2026-09-27 21:25:31,brain,5442000,30.66,75.53,1005.66,31.58,69.32,1005.35,1,0,MANUAL,1,1,1,
2026-09-27 21:25:32,brain,5443000,30.64,75.05,1005.63,31.58,69.30,1005.41,1,0,MANUAL,1,1,1,
2026-09-27 21:25:33,brain,5444000,30.66,76.28,1005.63,31.59,69.30,1005.33,1,0,MANUAL,1,1,1,
2026-09-27 21:25:34,brain,5445000,30.64,76.28,1005.68,31.58,69.66,1005.43,1,0,MANUAL,1,1,1,
2026-09-27 21:25:35,brain,5446000,30.64,76.19,1005.66,31.58,69.44,1005.38,1,0,MANUAL,1,1,1,
2026-09-27 21:25:36,brain,5447000,30.63,76.12,1005.64,31.59,69.33,1005.42,1,0,MANUAL,1,1,1,
2026-09-27 21:25:37,brain,5448000,30.63,76.25,1005.66,31.58,69.42,1005.43,1,0,MANUAL,1,1,1,
2026-09-27 21:25:38,brain,5449000,30.63,75.98,1005.66,31.58,69.71,1005.43,1,0,MANUAL,1,1,1,
2026-09-27 21:25:39,brain,5450000,30.62,76.57,1005.60,31.58,69.63,1005.40,1,0,MANUAL,1,1,1,
2026-09-27 21:25:40,brain,5451000,30.62,76.12,1005.62,31.58,69.31,1005.32,1,0,MANUAL,1,1,1,
2026-09-27 21:25:41,brain,5452000,30.62,76.06,1005.63,31.58,69.57,1005.40,1,0,MANUAL,1,1,1,
2026-09-27 21:25:42,brain,5453000,30.63,76.64,1005.66,31.58,69.49,1005.34,1,0,MANUAL,1,1,1,
2026-09-27 21:25:43,brain,5454000,30.61,75.86,1005.64,31.58,69.49,1005.41,1,0,MANUAL,1,1,1,
2026-09-27 21:25:44,brain,5455000,30.62,75.56,1005.60,31.57,69.45,1005.34,1,0,MANUAL,1,1,1,
2026-09-27 21:25:45,brain,5456000,30.61,75.59,1005.64,31.57,69.43,1005.39,1,0,MANUAL,1,1,1,
2026-09-27 21:25:46,brain,5457000,30.63,76.47,1005.64,31.59,69.59,1005.44,1,0,MANUAL,1,1,1,
2026-09-27 21:25:47,brain,5458000,30.61,75.98,1005.67,31.58,69.66,1005.46,1,0,MANUAL,1,1,1,
2026-09-27 21:25:48,brain,5459000,30.61,76.00,1005.66,31.58,69.33,1005.35,1,0,MANUAL,1,1,1,
2026-09-27 21:25:49,brain,5460000,30.61,75.28,1005.64,31.58,69.42,1005.38,1,0,MANUAL,1,1,1,
2026-09-27 21:25:50,brain,5461000,30.60,75.03,1005.62,31.57,69.46,1005.34,1,0,MANUAL,1,1,1,
2026-09-27 21:25:51,brain,5462000,30.61,75.51,1005.67,31.58,69.43,1005.40,1,0,MANUAL,1,1,1,
2026-09-27 21:25:52,brain,5463000,30.61,75.59,1005.60,31.58,69.43,1005.35,1,0,MANUAL,1,1,1,
2026-09-27 21:25:53,brain,5464000,30.61,75.74,1005.67,31.59,69.50,1005.42,1,0,MANUAL,1,1,1,
2026-09-27 21:25:54,brain,5465000,30.61,75.96,1005.64,31.58,69.75,1005.46,1,0,MANUAL,1,1,1,
2026-09-27 21:25:55,brain,5466000,30.62,76.37,1005.62,31.57,69.46,1005.39,1,0,MANUAL,1,1,1,
2026-09-27 21:25:56,brain,5467000,30.62,76.28,1005.66,31.58,69.30,1005.41,1,0,MANUAL,1,1,1,
2026-09-27 21:25:57,brain,5468000,30.62,76.47,1005.68,31.58,69.36,1005.40,1,0,MANUAL,1,1,1,
2026-09-27 21:25:58,brain,5469000,30.62,76.62,1005.70,31.58,69.69,1005.43,1,0,MANUAL,1,1,1,
2026-09-27 21:25:59,brain,5470000,30.62,76.80,1005.68,31.58,69.45,1005.40,1,0,MANUAL,1,1,1,
2026-09-27 21:26:00,brain,5471000,30.63,76.06,1005.66,31.58,69.82,1005.34,1,0,MANUAL,1,1,1,
2026-09-27 21:26:01,brain,5472000,30.63,75.27,1005.64,31.58,69.79,1005.37,1,0,MANUAL,1,1,1,
2026-09-27 21:26:02,brain,5473000,30.62,75.96,1005.68,31.58,69.65,1005.38,1,0,MANUAL,1,1,1,
2026-09-27 21:26:03,brain,5474000,30.63,76.18,1005.58,31.57,69.63,1005.39,1,0,MANUAL,1,1,1,
2026-09-27 21:26:04,brain,5475000,30.61,75.53,1005.60,31.57,69.68,1005.36,1,0,MANUAL,1,1,1,
2026-09-27 21:26:05,brain,5476000,30.62,75.60,1005.65,31.57,69.35,1005.41,1,0,MANUAL,1,1,1,
2026-09-27 21:26:06,brain,5477000,30.62,75.75,1005.65,31.57,69.44,1005.36,1,0,MANUAL,1,1,1,
2026-09-27 21:26:07,brain,5478000,30.61,77.22,1005.64,31.57,69.77,1005.39,1,0,MANUAL,1,1,1,
2026-09-27 21:26:08,brain,5479000,30.60,77.99,1005.62,31.58,69.43,1005.40,1,0,MANUAL,1,1,1,
2026-09-27 21:26:09,brain,5480000,30.59,77.15,1005.58,31.58,69.43,1005.41,1,0,MANUAL,1,1,1,
2026-09-27 21:26:10,brain,5481000,30.60,76.80,1005.60,31.57,69.66,1005.39,1,0,MANUAL,1,1,1,
2026-09-27 21:26:11,brain,5482000,30.60,76.65,1005.65,31.57,69.46,1005.39,1,0,MANUAL,1,1,1,
2026-09-27 21:26:12,brain,5483000,30.61,77.41,1005.67,31.58,69.44,1005.37,1,0,MANUAL,1,1,1,
2026-09-27 21:26:13,brain,5484000,30.61,79.08,1005.69,31.58,69.39,1005.41,1,0,MANUAL,1,1,1,
2026-09-27 21:26:14,brain,5485000,30.60,79.31,1005.64,31.57,69.60,1005.36,1,0,MANUAL,1,1,1,
2026-09-27 21:26:15,brain,5486000,30.58,77.39,1005.68,31.58,69.44,1005.41,1,0,MANUAL,1,1,1,
2026-09-27 21:26:16,brain,5487000,30.58,76.52,1005.68,31.59,69.47,1005.47,1,0,MANUAL,1,1,1,
2026-09-27 21:26:17,brain,5488000,30.59,76.52,1005.64,31.57,69.56,1005.36,1,0,MANUAL,1,1,1,
2026-09-27 21:26:18,brain,5489000,30.59,76.84,1005.61,31.59,69.38,1005.42,1,0,MANUAL,1,1,1,
2026-09-27 21:26:19,brain,5490000,30.60,76.89,1005.71,31.58,69.44,1005.35,1,0,MANUAL,1,1,1,
2026-09-27 21:26:20,brain,5491000,30.60,76.93,1005.62,31.58,69.46,1005.38,1,0,MANUAL,1,1,1,
2026-09-27 21:26:21,brain,5492000,30.58,77.42,1005.66,31.57,69.73,1005.38,1,0,MANUAL,1,1,1,
2026-09-27 21:26:22,brain,5493000,30.60,77.56,1005.64,31.58,69.48,1005.41,1,0,MANUAL,1,1,1,
2026-09-27 21:26:23,brain,5494000,30.60,77.09,1005.67,31.58,69.52,1005.41,1,0,MANUAL,1,1,1,
2026-09-27 21:26:24,brain,5495000,30.60,77.58,1005.62,31.58,69.42,1005.41,1,0,MANUAL,1,1,1,
2026-09-27 21:26:25,brain,5496000,30.59,76.35,1005.66,31.57,69.35,1005.36,1,0,MANUAL,1,1,1,
2026-09-27 21:26:26,brain,5497000,30.59,75.97,1005.66,31.58,69.35,1005.40,1,0,MANUAL,1,1,1,
2026-09-27 21:26:27,brain,5498000,30.59,75.82,1005.64,31.58,69.40,1005.40,1,0,MANUAL,1,1,1,
2026-09-27 21:26:28,brain,5499000,30.58,75.86,1005.63,31.58,69.40,1005.40,1,0,MANUAL,1,1,1,
2026-09-27 21:26:29,brain,5500000,30.58,75.05,1005.63,31.57,69.34,1005.36,1,0,MANUAL,1,1,1,
2026-09-27 21:26:30,brain,5501000,30.57,75.51,1005.67,31.57,69.43,1005.39,1,0,MANUAL,1,1,1,
2026-09-27 21:26:31,brain,5502000,30.58,75.24,1005.68,31.58,69.36,1005.37,1,0,MANUAL,1,1,1,
2026-09-27 21:26:32,brain,5503000,30.57,75.09,1005.67,31.57,69.46,1005.42,1,0,MANUAL,1,1,1,
2026-09-27 21:26:33,brain,5504000,30.58,75.09,1005.71,31.58,69.68,1005.43,1,0,MANUAL,1,1,1,
2026-09-27 21:26:34,brain,5505000,30.58,75.64,1005.63,31.57,69.35,1005.45,1,0,MANUAL,1,1,1,
2026-09-27 21:26:35,brain,5506000,30.58,75.63,1005.66,31.58,69.42,1005.40,1,0,MANUAL,1,1,1,
2026-09-27 21:26:36,brain,5507000,30.59,76.04,1005.69,31.58,69.42,1005.41,1,0,MANUAL,1,1,1,
2026-09-27 21:26:37,brain,5508000,30.58,76.31,1005.68,31.58,69.76,1005.41,1,0,MANUAL,1,1,1,
2026-09-27 21:26:38,brain,5509000,30.59,76.53,1005.69,31.58,69.48,1005.43,1,0,MANUAL,1,1,1,
2026-09-27 21:26:39,brain,5510000,30.59,77.00,1005.72,31.58,69.65,1005.37,1,0,MANUAL,1,1,1,
2026-09-27 21:26:40,brain,5511000,30.59,77.32,1005.69,31.57,69.31,1005.39,1,0,MANUAL,1,1,1,
2026-09-27 21:26:41,brain,5512000,30.57,76.94,1005.61,31.58,69.68,1005.43,1,0,MANUAL,1,1,1,
2026-09-27 21:26:42,brain,5513000,30.56,76.49,1005.65,31.57,69.46,1005.36,1,0,MANUAL,1,1,1,
2026-09-27 21:26:43,brain,5514000,30.56,77.08,1005.67,31.57,69.36,1005.45,1,0,MANUAL,1,1,1,
2026-09-27 21:26:44,brain,5515000,30.55,77.88,1005.60,31.58,69.49,1005.43,1,0,MANUAL,1,1,1,
2026-09-27 21:26:45,brain,5516000,30.56,79.43,1005.71,31.57,69.35,1005.39,1,0,MANUAL,1,1,1,
2026-09-27 21:26:46,brain,5517000,30.56,80.08,1005.68,31.57,69.32,1005.38,1,0,MANUAL,1,1,1,
2026-09-27 21:26:47,brain,5518000,30.55,79.55,1005.66,31.58,69.44,1005.41,1,0,MANUAL,1,1,1,
2026-09-27 21:26:48,brain,5519000,30.54,77.78,1005.65,31.59,69.47,1005.39,1,0,MANUAL,1,1,1,
2026-09-27 21:26:49,brain,5520000,30.55,78.18,1005.66,31.58,69.33,1005.41,1,0,MANUAL,1,1,1,
2026-09-27 21:26:50,brain,5521000,30.54,77.72,1005.62,31.59,69.30,1005.42,1,0,MANUAL,1,1,1,
2026-09-27 21:26:51,brain,5522000,30.55,77.13,1005.72,31.58,69.35,1005.40,1,0,MANUAL,1,1,1,
2026-09-27 21:26:52,brain,5523000,30.55,77.25,1005.66,31.59,69.49,1005.34,1,0,MANUAL,1,1,1,
2026-09-27 21:26:53,brain,5524000,30.54,76.70,1005.67,31.58,69.57,1005.41,1,0,MANUAL,1,1,1,
2026-09-27 21:26:54,brain,5525000,30.54,76.44,1005.61,31.58,69.44,1005.41,1,0,MANUAL,1,1,1,
2026-09-27 21:26:55,brain,5526000,30.56,76.95,1005.76,31.57,69.60,1005.39,1,0,MANUAL,1,1,1,
2026-09-27 21:26:56,brain,5527000,30.55,77.82,1005.66,31.57,69.66,1005.39,1,0,MANUAL,1,1,1,
2026-09-27 21:26:57,brain,5528000,30.54,77.16,1005.70,31.57,69.61,1005.42,1,0,MANUAL,1,1,1,
2026-09-27 21:26:58,brain,5529000,30.53,76.32,1005.63,31.57,69.50,1005.39,1,0,MANUAL,1,1,1,
2026-09-27 21:26:59,brain,5530000,30.53,76.36,1005.69,31.58,69.39,1005.40,1,0,MANUAL,1,1,1,
2026-09-27 21:27:00,brain,5531000,30.54,76.55,1005.70,31.58,69.79,1005.46,1,0,MANUAL,1,1,1,
2026-09-27 21:27:01,brain,5532000,30.54,76.78,1005.64,31.58,69.49,1005.37,1,0,MANUAL,1,1,1,
2026-09-27 21:27:02,brain,5533000,30.54,77.13,1005.68,31.57,69.42,1005.45,1,0,MANUAL,1,1,1,
2026-09-27 21:27:03,brain,5534000,30.54,77.04,1005.67,31.58,69.51,1005.43,1,0,MANUAL,1,1,1,
2026-09-27 21:27:04,brain,5535000,30.54,76.36,1005.61,31.57,69.41,1005.45,1,0,MANUAL,1,1,1,
2026-09-27 21:27:05,brain,5536000,30.54,76.13,1005.73,31.58,69.52,1005.43,1,0,MANUAL,1,1,1,
2026-09-27 21:27:06,brain,5537000,30.55,76.28,1005.71,31.57,69.48,1005.45,1,0,MANUAL,1,1,1,
2026-09-27 21:27:07,brain,5538000,30.54,75.79,1005.70,31.58,69.41,1005.43,1,0,MANUAL,1,1,1,
2026-09-27 21:27:08,brain,5539000,30.54,76.10,1005.70,31.58,69.57,1005.45,1,0,MANUAL,1,1,1,
2026-09-27 21:27:09,brain,5540000,30.53,76.41,1005.72,31.58,69.45,1005.43,1,0,MANUAL,1,1,1,
2026-09-27 21:27:10,brain,5541000,30.53,75.92,1005.69,31.57,69.44,1005.39,1,0,MANUAL,1,1,1,
2026-09-27 21:27:11,brain,5542000,30.53,75.60,1005.69,31.58,69.66,1005.37,1,0,MANUAL,1,1,1,
2026-09-27 21:27:12,brain,5543000,30.52,75.51,1005.70,31.58,69.47,1005.41,1,0,MANUAL,1,1,1,
2026-09-27 21:27:13,brain,5544000,30.52,76.28,1005.64,31.58,69.40,1005.45,1,0,MANUAL,1,1,1,
2026-09-27 21:27:14,brain,5545000,30.51,76.43,1005.70,31.58,69.41,1005.35,1,0,MANUAL,1,1,1,
2026-09-27 21:27:15,brain,5546000,30.51,76.58,1005.62,31.58,69.47,1005.43,1,0,MANUAL,1,1,1,
2026-09-27 21:27:16,brain,5547000,30.52,76.19,1005.66,31.57,69.39,1005.39,1,0,MANUAL,1,1,1,
2026-09-27 21:27:17,brain,5548000,30.51,75.91,1005.71,31.58,69.40,1005.43,1,0,MANUAL,1,1,1,
2026-09-27 21:27:18,brain,5549000,30.52,76.40,1005.69,31.58,69.48,1005.41,1,0,MANUAL,1,1,1,
2026-09-27 21:27:19,brain,5550000,30.52,76.97,1005.66,31.57,69.65,1005.34,1,0,MANUAL,1,1,1,
2026-09-27 21:27:20,brain,5551000,30.52,77.86,1005.73,31.58,69.45,1005.43,1,0,MANUAL,1,1,1,
2026-09-27 21:27:21,brain,5552000,30.51,78.85,1005.70,31.59,69.48,1005.47,1,0,MANUAL,1,1,1,
2026-09-27 21:27:22,brain,5553000,30.50,77.10,1005.70,31.58,69.41,1005.43,1,0,MANUAL,1,1,1,
2026-09-27 21:27:23,brain,5554000,30.49,76.56,1005.65,31.58,69.41,1005.41,1,0,MANUAL,1,1,1,
2026-09-27 21:27:24,brain,5555000,30.50,76.46,1005.64,31.58,69.69,1005.40,1,0,MANUAL,1,1,1,
2026-09-27 21:27:25,brain,5556000,30.49,76.34,1005.62,31.58,69.74,1005.41,1,0,MANUAL,1,1,1,
2026-09-27 21:27:26,brain,5557000,30.50,77.04,1005.67,31.58,69.40,1005.41,1,0,MANUAL,1,1,1,
2026-09-27 21:27:27,brain,5558000,30.50,77.21,1005.67,31.59,69.43,1005.42,1,0,MANUAL,1,1,1,
2026-09-27 21:27:28,brain,5559000,30.52,78.33,1005.66,31.58,69.62,1005.38,1,0,MANUAL,1,1,1,
2026-09-27 21:27:29,brain,5560000,30.50,77.91,1005.67,31.58,69.38,1005.46,1,0,MANUAL,1,1,1,
2026-09-27 21:27:30,brain,5561000,30.50,76.61,1005.67,31.58,69.40,1005.41,1,0,MANUAL,1,1,1,
2026-09-27 21:27:31,brain,5562000,30.51,76.36,1005.65,31.58,69.38,1005.38,1,0,MANUAL,1,1,1,
2026-09-27 21:27:32,brain,5563000,30.50,76.27,1005.67,31.58,69.46,1005.43,1,0,MANUAL,1,1,1,
2026-09-27 21:27:33,brain,5564000,30.51,76.00,1005.68,31.59,69.67,1005.33,1,0,MANUAL,1,1,1,
2026-09-27 21:27:34,brain,5565000,30.51,76.25,1005.68,31.58,69.46,1005.37,1,0,MANUAL,1,1,1,
2026-09-27 21:27:35,brain,5566000,30.51,76.44,1005.68,31.58,69.65,1005.38,1,0,MANUAL,1,1,1,
2026-09-27 21:27:36,brain,5567000,30.51,78.01,1005.65,31.58,69.68,1005.37,1,0,MANUAL,1,1,1,
2026-09-27 21:27:37,brain,5568000,30.50,78.80,1005.72,31.58,69.85,1005.46,1,0,MANUAL,1,1,1,
2026-09-27 21:27:38,brain,5569000,30.49,79.77,1005.71,31.58,69.68,1005.43,1,0,MANUAL,1,1,1,
2026-09-27 21:27:39,brain,5570000,30.50,80.40,1005.67,31.59,69.49,1005.42,1,0,MANUAL,1,1,1,
2026-09-27 21:27:40,brain,5571000,30.48,80.05,1005.72,31.58,69.67,1005.43,1,0,MANUAL,1,1,1,
2026-09-27 21:27:41,brain,5572000,30.47,78.50,1005.67,31.59,69.64,1005.42,1,0,MANUAL,1,1,1,
2026-09-27 21:27:42,brain,5573000,30.48,78.03,1005.71,31.59,69.35,1005.47,1,0,MANUAL,1,1,1,
2026-09-27 21:27:43,brain,5574000,30.47,76.98,1005.72,31.59,69.61,1005.42,1,0,MANUAL,1,1,1,
2026-09-27 21:27:44,brain,5575000,30.47,76.87,1005.65,31.58,69.41,1005.43,1,0,MANUAL,1,1,1,
2026-09-27 21:27:45,brain,5576000,30.47,77.19,1005.68,31.58,69.46,1005.41,1,0,MANUAL,1,1,1,
2026-09-27 21:27:46,brain,5577000,30.47,76.95,1005.68,31.58,69.68,1005.46,1,0,MANUAL,1,1,1,
2026-09-27 21:27:47,brain,5578000,30.47,76.08,1005.68,31.59,69.38,1005.42,1,0,MANUAL,1,1,1,
2026-09-27 21:27:48,brain,5579000,30.47,76.89,1005.70,31.58,69.31,1005.41,1,0,MANUAL,1,1,1,
2026-09-27 21:27:49,brain,5580000,30.47,76.18,1005.64,31.58,69.42,1005.43,1,0,MANUAL,1,1,1,
2026-09-27 21:27:50,brain,5581000,30.47,76.71,1005.70,31.59,69.40,1005.36,1,0,MANUAL,1,1,1,
2026-09-27 21:27:51,brain,5582000,30.45,76.66,1005.64,31.60,69.41,1005.46,1,0,MANUAL,1,1,1,
2026-09-27 21:27:52,brain,5583000,30.45,76.12,1005.67,31.59,69.39,1005.40,1,0,MANUAL,1,1,1,
2026-09-27 21:27:53,brain,5584000,30.45,76.16,1005.67,31.60,69.53,1005.49,1,0,MANUAL,1,1,1,
2026-09-27 21:27:54,brain,5585000,30.47,77.59,1005.65,31.59,69.47,1005.45,1,0,MANUAL,1,1,1,
2026-09-27 21:27:55,brain,5586000,30.47,76.66,1005.70,31.59,69.39,1005.42,1,0,MANUAL,1,1,1,
2026-09-27 21:27:56,brain,5587000,30.47,76.84,1005.68,31.59,69.69,1005.42,1,0,MANUAL,1,1,1,
2026-09-27 21:27:57,brain,5588000,30.47,77.42,1005.73,31.60,69.39,1005.43,1,0,MANUAL,1,1,1,
2026-09-27 21:27:58,brain,5589000,30.47,77.58,1005.67,31.61,69.34,1005.42,1,0,MANUAL,1,1,1,
2026-09-27 21:27:59,brain,5590000,30.47,77.49,1005.68,31.60,69.66,1005.44,1,0,MANUAL,1,1,1,
2026-09-27 21:28:00,brain,5591000,30.47,77.00,1005.70,31.61,69.35,1005.43,1,0,MANUAL,1,1,1,
2026-09-27 21:28:01,brain,5592000,30.47,76.58,1005.72,31.60,69.25,1005.43,1,0,MANUAL,1,1,1,
2026-09-27 21:28:02,brain,5593000,30.47,76.72,1005.73,31.60,69.50,1005.47,1,0,MANUAL,1,1,1,
2026-09-27 21:28:03,brain,5594000,30.47,76.67,1005.68,31.60,69.29,1005.44,1,0,MANUAL,1,1,1,
2026-09-27 21:28:04,brain,5595000,30.48,77.39,1005.75,31.60,69.41,1005.47,1,0,MANUAL,1,1,1,
2026-09-27 21:28:05,brain,5596000,30.47,76.24,1005.70,31.60,69.40,1005.38,1,0,MANUAL,1,1,1,
2026-09-27 21:28:06,brain,5597000,30.48,76.40,1005.68,31.60,69.37,1005.38,1,0,MANUAL,1,1,1,
2026-09-27 21:28:07,brain,5598000,30.47,78.07,1005.70,31.60,69.44,1005.44,1,0,MANUAL,1,1,1,
2026-09-27 21:28:08,brain,5599000,30.47,78.30,1005.76,31.60,69.57,1005.41,1,0,MANUAL,1,1,1,
2026-09-27 21:28:09,brain,5600000,30.47,78.60,1005.67,31.60,69.79,1005.47,1,0,MANUAL,1,1,1,
2026-09-27 21:28:10,brain,5601000,30.47,77.04,1005.67,31.60,69.44,1005.40,1,0,MANUAL,1,1,1,
2026-09-27 21:28:11,brain,5602000,30.47,77.00,1005.70,31.59,69.76,1005.40,1,0,MANUAL,1,1,1,
2026-09-27 21:28:12,brain,5603000,30.46,77.56,1005.66,31.60,69.75,1005.38,1,0,MANUAL,1,1,1,
2026-09-27 21:28:13,brain,5604000,30.46,76.67,1005.69,31.59,69.32,1005.40,1,0,MANUAL,1,1,1,
2026-09-27 21:28:14,brain,5605000,30.46,76.51,1005.69,31.60,69.40,1005.43,1,0,MANUAL,1,1,1,
2026-09-27 21:28:15,brain,5606000,30.45,76.19,1005.70,31.60,69.31,1005.43,1,0,MANUAL,1,1,1,
2026-09-27 21:28:16,brain,5607000,30.45,75.80,1005.64,31.59,69.33,1005.45,1,0,MANUAL,1,1,1,
2026-09-27 21:28:17,brain,5608000,30.46,75.73,1005.66,31.60,69.33,1005.44,1,0,MANUAL,1,1,1,
2026-09-27 21:28:18,brain,5609000,30.46,76.05,1005.68,31.59,69.30,1005.42,1,0,MANUAL,1,1,1,
2026-09-27 21:28:19,brain,5610000,30.46,75.58,1005.72,31.59,69.37,1005.42,1,0,MANUAL,1,1,1,
2026-09-27 21:28:20,brain,5611000,30.46,75.44,1005.74,31.59,69.40,1005.40,1,0,MANUAL,1,1,1,
2026-09-27 21:28:21,brain,5612000,30.47,75.77,1005.72,31.60,69.42,1005.44,1,0,MANUAL,1,1,1,
2026-09-27 21:28:22,brain,5613000,30.47,76.98,1005.61,31.60,69.28,1005.41,1,0,MANUAL,1,1,1,
2026-09-27 21:28:23,brain,5614000,30.47,76.64,1005.67,31.60,69.60,1005.43,1,0,MANUAL,1,1,1,
2026-09-27 21:28:24,brain,5615000,30.47,77.47,1005.68,31.59,69.45,1005.42,1,0,MANUAL,1,1,1,
2026-09-27 21:28:25,brain,5616000,30.48,76.85,1005.66,31.59,69.41,1005.42,1,0,MANUAL,1,1,1,
2026-09-27 21:28:26,brain,5617000,30.47,76.50,1005.70,31.60,69.46,1005.44,1,0,MANUAL,1,1,1,
2026-09-27 21:28:27,brain,5618000,30.48,76.19,1005.69,31.59,69.41,1005.40,1,0,MANUAL,1,1,1,
2026-09-27 21:28:28,brain,5619000,30.48,76.52,1005.71,31.59,69.45,1005.48,1,0,MANUAL,1,1,1,
2026-09-27 21:28:29,brain,5620000,30.48,75.86,1005.72,31.60,69.39,1005.43,1,0,MANUAL,1,1,1,
2026-09-27 21:28:30,brain,5621000,30.49,76.02,1005.70,31.60,69.41,1005.43,1,0,MANUAL,1,1,1,
2026-09-27 21:28:31,brain,5622000,30.48,77.84,1005.74,31.59,69.75,1005.42,1,0,MANUAL,1,1,1,
2026-09-27 21:28:32,brain,5623000,30.47,77.64,1005.73,31.59,69.42,1005.44,1,0,MANUAL,1,1,1,
2026-09-27 21:28:33,brain,5624000,30.47,77.59,1005.70,31.59,69.42,1005.42,1,0,MANUAL,1,1,1,
2026-09-27 21:28:34,brain,5625000,30.47,76.92,1005.70,31.59,69.47,1005.42,1,0,MANUAL,1,1,1,
2026-09-27 21:28:35,brain,5626000,30.49,78.03,1005.64,31.59,69.66,1005.42,1,0,MANUAL,1,1,1,
2026-09-27 21:28:36,brain,5627000,30.47,79.26,1005.73,31.59,69.47,1005.45,1,0,MANUAL,1,1,1,
2026-09-27 21:28:37,brain,5628000,30.47,79.68,1005.70,31.59,69.32,1005.42,1,0,MANUAL,1,1,1,
2026-09-27 21:28:38,brain,5629000,30.45,78.80,1005.76,31.59,69.65,1005.37,1,0,MANUAL,1,1,1,
2026-09-27 21:28:39,brain,5630000,30.45,79.16,1005.67,31.59,69.48,1005.48,1,0,MANUAL,1,1,1,
2026-09-27 21:28:40,brain,5631000,30.47,80.51,1005.67,31.59,69.48,1005.45,1,0,MANUAL,1,1,1,
2026-09-27 21:28:41,brain,5632000,30.44,79.50,1005.70,31.58,69.49,1005.43,1,0,MANUAL,1,1,1,
2026-09-27 21:28:42,brain,5633000,30.43,78.61,1005.64,31.60,69.63,1005.43,1,0,MANUAL,1,1,1,
2026-09-27 21:28:43,brain,5634000,30.45,77.86,1005.72,31.59,69.56,1005.42,1,0,MANUAL,1,1,1,
2026-09-27 21:28:44,brain,5635000,30.44,77.33,1005.68,31.59,69.54,1005.45,1,0,MANUAL,1,1,1,
2026-09-27 21:28:45,brain,5636000,30.46,77.30,1005.71,31.59,69.43,1005.42,1,0,MANUAL,1,1,1,
2026-09-27 21:28:46,brain,5637000,30.45,77.35,1005.70,31.60,69.49,1005.43,1,0,MANUAL,1,1,1,
2026-09-27 21:28:47,brain,5638000,30.46,78.06,1005.65,31.59,69.45,1005.45,1,0,MANUAL,1,1,1,
2026-09-27 21:28:48,brain,5639000,30.47,78.35,1005.78,31.60,69.48,1005.49,1,0,MANUAL,1,1,1,
2026-09-27 21:28:49,brain,5640000,30.46,78.95,1005.71,31.60,69.51,1005.43,1,0,MANUAL,1,1,1,
2026-09-27 21:28:50,brain,5641000,30.45,77.91,1005.70,31.59,69.43,1005.42,1,0,MANUAL,1,1,1,
2026-09-27 21:28:51,brain,5642000,30.46,77.60,1005.74,31.59,69.43,1005.42,1,0,MANUAL,1,1,1,
2026-09-27 21:28:52,brain,5643000,30.46,78.39,1005.71,31.59,69.51,1005.40,1,0,MANUAL,1,1,1,
2026-09-27 21:28:53,brain,5644000,30.44,78.06,1005.68,31.60,69.39,1005.43,1,0,MANUAL,1,1,1,
2026-09-27 21:28:54,brain,5645000,30.44,78.17,1005.67,31.59,69.51,1005.45,1,0,MANUAL,1,1,1,
2026-09-27 21:28:55,brain,5646000,30.44,78.86,1005.68,31.60,69.82,1005.43,1,0,MANUAL,1,1,1,
2026-09-27 21:28:56,brain,5647000,30.42,77.72,1005.65,31.59,69.41,1005.42,1,0,MANUAL,1,1,1,
2026-09-27 21:28:57,brain,5648000,30.44,77.26,1005.71,31.59,69.59,1005.42,1,0,MANUAL,1,1,1,
2026-09-27 21:28:58,brain,5649000,30.43,77.35,1005.67,31.59,69.49,1005.42,1,0,MANUAL,1,1,1,
2026-09-27 21:28:59,brain,5650000,30.44,78.07,1005.65,31.59,69.44,1005.39,1,0,MANUAL,1,1,1,
2026-09-27 21:29:00,brain,5651000,30.45,77.65,1005.70,31.60,69.41,1005.40,1,0,MANUAL,1,1,1,
2026-09-27 21:29:01,brain,5652000,30.44,77.20,1005.65,31.59,69.43,1005.42,1,0,MANUAL,1,1,1,
2026-09-27 21:29:02,brain,5653000,30.45,77.64,1005.70,31.60,69.44,1005.46,1,0,MANUAL,1,1,1,
2026-09-27 21:29:03,brain,5654000,30.45,77.25,1005.67,31.59,69.42,1005.42,1,0,MANUAL,1,1,1,
2026-09-27 21:29:04,brain,5655000,30.45,78.06,1005.73,31.59,69.44,1005.42,1,0,MANUAL,1,1,1,
2026-09-27 21:29:05,brain,5656000,30.45,78.25,1005.70,31.59,69.52,1005.39,1,0,MANUAL,1,1,1,
2026-09-27 21:29:06,brain,5657000,30.45,80.05,1005.70,31.59,69.56,1005.42,1,0,MANUAL,1,1,1,
2026-09-27 21:29:07,brain,5658000,30.44,79.59,1005.73,31.59,69.58,1005.42,1,0,MANUAL,1,1,1,
2026-09-27 21:29:08,brain,5659000,30.44,78.87,1005.71,31.60,69.54,1005.43,1,0,MANUAL,1,1,1,
2026-09-27 21:29:09,brain,5660000,30.45,78.52,1005.76,31.59,69.54,1005.39,1,0,MANUAL,1,1,1,
2026-09-27 21:29:10,brain,5661000,30.46,78.61,1005.74,31.58,69.54,1005.35,1,0,MANUAL,1,1,1,
2026-09-27 21:29:11,brain,5662000,30.46,78.07,1005.74,31.59,69.46,1005.42,1,0,MANUAL,1,1,1,
2026-09-27 21:29:12,brain,5663000,30.46,77.93,1005.69,31.59,69.43,1005.39,1,0,MANUAL,1,1,1,
2026-09-27 21:29:13,brain,5664000,30.46,78.40,1005.74,31.60,69.53,1005.43,1,0,MANUAL,1,1,1,
2026-09-27 21:29:14,brain,5665000,30.45,78.64,1005.66,31.59,69.70,1005.42,1,0,MANUAL,1,1,1,
2026-09-27 21:29:15,brain,5666000,30.45,78.23,1005.70,31.59,69.56,1005.42,1,0,MANUAL,1,1,1,
2026-09-27 21:29:16,brain,5667000,30.46,78.10,1005.71,31.59,69.47,1005.53,1,0,MANUAL,1,1,1,
2026-09-27 21:29:17,brain,5668000,30.46,78.36,1005.74,31.59,69.53,1005.42,1,0,MANUAL,1,1,1,
2026-09-27 21:29:18,brain,5669000,30.46,78.14,1005.74,31.59,69.83,1005.42,1,0,MANUAL,1,1,1,
2026-09-27 21:29:19,brain,5670000,30.45,77.39,1005.70,31.59,69.57,1005.45,1,0,MANUAL,1,1,1,
2026-09-27 21:29:20,brain,5671000,30.46,77.19,1005.74,31.59,69.57,1005.45,1,0,MANUAL,1,1,1,
2026-09-27 21:29:21,brain,5672000,30.46,76.59,1005.68,31.60,69.53,1005.46,1,0,MANUAL,1,1,1,
2026-09-27 21:29:22,brain,5673000,30.46,77.72,1005.65,31.59,69.51,1005.40,1,0,MANUAL,1,1,1,
2026-09-27 21:29:23,brain,5674000,30.46,79.11,1005.69,31.60,69.48,1005.41,1,0,MANUAL,1,1,1,
2026-09-27 21:29:24,brain,5675000,30.45,79.53,1005.78,31.59,69.43,1005.42,1,0,MANUAL,1,1,1,
2026-09-27 21:29:25,brain,5676000,30.45,79.27,1005.78,31.59,69.55,1005.48,1,0,MANUAL,1,1,1,
2026-09-27 21:29:26,brain,5677000,30.44,78.87,1005.68,31.59,69.57,1005.45,1,0,MANUAL,1,1,1,
2026-09-27 21:29:27,brain,5678000,30.45,78.10,1005.72,31.59,69.58,1005.45,1,0,MANUAL,1,1,1,
2026-09-27 21:29:28,brain,5679000,30.44,78.13,1005.71,31.60,69.48,1005.44,1,0,MANUAL,1,1,1,
2026-09-27 21:29:29,brain,5680000,30.44,78.91,1005.68,31.59,69.50,1005.42,1,0,MANUAL,1,1,1,
2026-09-27 21:29:30,brain,5681000,30.44,78.71,1005.73,31.60,69.55,1005.43,1,0,MANUAL,1,1,1,
2026-09-27 21:29:31,brain,5682000,30.43,79.08,1005.77,31.60,69.50,1005.49,1,0,MANUAL,1,1,1,
2026-09-27 21:29:32,brain,5683000,30.42,78.36,1005.64,31.59,69.51,1005.45,1,0,MANUAL,1,1,1,
2026-09-27 21:29:33,brain,5684000,30.42,77.07,1005.73,31.59,69.61,1005.48,1,0,MANUAL,1,1,1,
2026-09-27 21:29:34,brain,5685000,30.41,77.17,1005.69,31.59,69.45,1005.45,1,0,MANUAL,1,1,1,
2026-09-27 21:29:35,brain,5686000,30.43,76.75,1005.72,31.59,69.60,1005.42,1,0,MANUAL,1,1,1,
2026-09-27 21:29:36,brain,5687000,30.41,77.24,1005.69,31.59,69.58,1005.42,1,0,MANUAL,1,1,1,
2026-09-27 21:29:37,brain,5688000,30.42,78.34,1005.73,31.59,69.71,1005.53,1,0,MANUAL,1,1,1,
2026-09-27 21:29:38,brain,5689000,30.42,79.15,1005.70,31.59,69.46,1005.47,1,0,MANUAL,1,1,1,
2026-09-27 21:29:39,brain,5690000,30.40,78.77,1005.70,31.59,69.55,1005.42,1,0,MANUAL,1,1,1,
2026-09-27 21:29:40,brain,5691000,30.40,79.97,1005.70,31.59,69.50,1005.42,1,0,MANUAL,1,1,1,
2026-09-27 21:29:41,brain,5692000,30.40,80.48,1005.70,31.59,69.51,1005.45,1,0,MANUAL,1,1,1,
2026-09-27 21:29:42,brain,5693000,30.38,79.82,1005.73,31.59,69.57,1005.48,1,0,MANUAL,1,1,1,
2026-09-27 21:29:43,brain,5694000,30.39,78.66,1005.65,31.59,69.48,1005.42,1,0,MANUAL,1,1,1,
2026-09-27 21:29:44,brain,5695000,30.38,78.29,1005.76,31.59,69.54,1005.42,1,0,MANUAL,1,1,1,
2026-09-27 21:29:45,brain,5696000,30.38,77.87,1005.73,31.58,69.43,1005.43,1,0,MANUAL,1,1,1,
2026-09-27 21:29:46,brain,5697000,30.38,77.91,1005.73,31.59,69.63,1005.42,1,0,MANUAL,1,1,1,
2026-09-27 21:29:47,brain,5698000,30.39,78.10,1005.74,31.59,69.54,1005.47,1,0,MANUAL,1,1,1,
2026-09-27 21:29:48,brain,5699000,30.40,78.65,1005.72,31.59,69.85,1005.44,1,0,MANUAL,1,1,1,
2026-09-27 21:29:49,brain,5700000,30.40,79.30,1005.67,31.59,69.60,1005.44,1,0,MANUAL,1,1,1,
2026-09-27 21:29:50,brain,5701000,30.40,80.44,1005.73,31.58,69.74,1005.49,1,0,MANUAL,1,1,1,
2026-09-27 21:29:50,brain,,,,,,,,,,,,,,mist A=0 B=0 (manual)
2026-09-27 21:29:51,brain,5702000,30.38,80.60,1005.75,31.59,69.59,1005.47,0,0,MANUAL,1,1,1,
2026-09-27 21:29:52,brain,5703000,30.37,81.38,1005.74,31.59,69.52,1005.51,0,0,MANUAL,1,1,1,
2026-09-27 21:29:53,brain,5704000,30.35,80.75,1005.68,31.58,69.49,1005.41,0,0,MANUAL,1,1,1,
2026-09-27 21:29:54,brain,5705000,30.35,79.58,1005.73,31.59,69.51,1005.48,0,0,MANUAL,1,1,1,
2026-09-27 21:29:55,brain,5706000,30.36,79.55,1005.69,31.58,69.53,1005.46,0,0,MANUAL,1,1,1,
2026-09-27 21:29:56,brain,5707000,30.36,79.25,1005.74,31.58,69.57,1005.49,0,0,MANUAL,1,1,1,
2026-09-27 21:29:57,brain,5708000,30.35,79.36,1005.70,31.58,69.52,1005.43,0,0,MANUAL,1,1,1,
2026-09-27 21:29:58,brain,5709000,30.34,79.99,1005.66,31.58,69.54,1005.46,0,0,MANUAL,1,1,1,
2026-09-27 21:29:59,brain,5710000,30.33,79.12,1005.65,31.57,69.72,1005.45,0,0,MANUAL,1,1,1,
2026-09-27 21:30:00,brain,5711000,30.35,79.50,1005.70,31.57,69.62,1005.42,0,0,MANUAL,1,1,1,
2026-09-27 21:30:01,brain,5712000,30.34,79.62,1005.79,31.58,69.57,1005.43,0,0,MANUAL,1,1,1,
2026-09-27 21:30:02,brain,5713000,30.32,78.44,1005.71,31.57,69.59,1005.45,0,0,MANUAL,1,1,1,
2026-09-27 21:30:03,brain,5714000,30.33,77.74,1005.72,31.58,69.57,1005.43,0,0,MANUAL,1,1,1,
2026-09-27 21:30:04,brain,5715000,30.33,77.89,1005.73,31.58,69.53,1005.52,0,0,MANUAL,1,1,1,
2026-09-27 21:30:05,brain,5716000,30.34,78.62,1005.71,31.58,69.45,1005.48,0,0,MANUAL,1,1,1,
2026-09-27 21:30:06,brain,5717000,30.34,78.45,1005.68,31.58,69.54,1005.45,0,0,MANUAL,1,1,1,
2026-09-27 21:30:07,brain,5718000,30.34,78.23,1005.69,31.59,69.59,1005.47,0,0,MANUAL,1,1,1,
2026-09-27 21:30:08,brain,5719000,30.35,78.38,1005.71,31.58,69.61,1005.45,0,0,MANUAL,1,1,1,
2026-09-27 21:30:09,brain,5720000,30.37,79.20,1005.67,31.58,69.68,1005.43,0,0,MANUAL,1,1,1,
2026-09-27 21:30:10,brain,5721000,30.37,78.94,1005.67,31.59,69.61,1005.42,0,0,MANUAL,1,1,1,
2026-09-27 21:30:11,brain,5722000,30.36,77.77,1005.72,31.58,69.93,1005.43,0,0,MANUAL,1,1,1,
2026-09-27 21:30:12,brain,5723000,30.37,78.07,1005.74,31.58,69.70,1005.43,0,0,MANUAL,1,1,1,
2026-09-27 21:30:13,brain,5724000,30.38,77.39,1005.75,31.58,69.49,1005.43,0,0,MANUAL,1,1,1,
2026-09-27 21:30:14,brain,5725000,30.38,77.09,1005.69,31.58,69.61,1005.40,0,0,MANUAL,1,1,1,
2026-09-27 21:30:15,brain,5726000,30.39,77.57,1005.66,31.58,69.59,1005.46,0,0,MANUAL,1,1,1,
2026-09-27 21:30:16,brain,5727000,30.40,78.57,1005.72,31.58,69.51,1005.40,0,0,MANUAL,1,1,1,
2026-09-27 21:30:17,brain,5728000,30.40,77.81,1005.70,31.58,69.56,1005.38,0,0,MANUAL,1,1,1,
2026-09-27 21:30:18,brain,5729000,30.42,77.14,1005.71,31.58,69.68,1005.43,0,0,MANUAL,1,1,1,
2026-09-27 21:30:19,brain,5730000,30.41,76.88,1005.72,31.58,69.52,1005.52,0,0,MANUAL,1,1,1,
2026-09-27 21:30:20,brain,5731000,30.42,77.18,1005.71,31.59,69.63,1005.48,0,0,MANUAL,1,1,1,
2026-09-27 21:30:21,brain,5732000,30.44,77.69,1005.73,31.58,69.50,1005.46,0,0,MANUAL,1,1,1,
2026-09-27 21:30:22,brain,5733000,30.43,77.66,1005.69,31.59,69.56,1005.44,0,0,MANUAL,1,1,1,
2026-09-27 21:30:23,brain,5734000,30.43,77.27,1005.69,31.58,69.83,1005.46,0,0,MANUAL,1,1,1,
2026-09-27 21:30:24,brain,5735000,30.44,76.95,1005.68,31.58,69.64,1005.43,0,0,MANUAL,1,1,1,
2026-09-27 21:30:25,brain,5736000,30.45,76.69,1005.69,31.58,69.48,1005.49,0,0,MANUAL,1,1,1,
2026-09-27 21:30:26,brain,5737000,30.46,76.45,1005.71,31.58,69.54,1005.43,0,0,MANUAL,1,1,1,
2026-09-27 21:30:27,brain,5738000,30.47,77.05,1005.70,31.58,69.73,1005.43,0,0,MANUAL,1,1,1,
2026-09-27 21:30:28,brain,5739000,30.47,77.01,1005.72,31.58,69.58,1005.41,0,0,MANUAL,1,1,1,
2026-09-27 21:30:29,brain,5740000,30.48,77.96,1005.75,31.58,69.52,1005.43,0,0,MANUAL,1,1,1,
2026-09-27 21:30:30,brain,5741000,30.48,78.35,1005.72,31.59,69.66,1005.48,0,0,MANUAL,1,1,1,
2026-09-27 21:30:31,brain,5742000,30.50,79.19,1005.72,31.59,69.56,1005.47,0,0,MANUAL,1,1,1,
2026-09-27 21:30:32,brain,5743000,30.51,79.49,1005.76,31.59,69.51,1005.42,0,0,MANUAL,1,1,1,
2026-09-27 21:30:33,brain,5744000,30.50,79.39,1005.75,31.58,69.68,1005.40,0,0,MANUAL,1,1,1,
2026-09-27 21:30:34,brain,5745000,30.51,78.86,1005.68,31.58,69.60,1005.43,0,0,MANUAL,1,1,1,
2026-09-27 21:30:35,brain,5746000,30.51,78.46,1005.71,31.58,69.62,1005.49,0,0,MANUAL,1,1,1,
2026-09-27 21:30:36,brain,5747000,30.51,77.94,1005.74,31.58,69.49,1005.48,0,0,MANUAL,1,1,1,
2026-09-27 21:30:37,brain,5748000,30.52,78.45,1005.76,31.57,69.66,1005.45,0,0,MANUAL,1,1,1,
2026-09-27 21:30:38,brain,5749000,30.52,78.49,1005.66,31.58,69.53,1005.45,0,0,MANUAL,1,1,1,
2026-09-27 21:30:39,brain,5750000,30.55,78.55,1005.68,31.58,69.50,1005.49,0,0,MANUAL,1,1,1,
2026-09-27 21:30:40,brain,5751000,30.53,77.42,1005.76,31.59,69.57,1005.44,0,0,MANUAL,1,1,1,
2026-09-27 21:30:41,brain,5752000,30.54,77.06,1005.70,31.58,69.56,1005.40,0,0,MANUAL,1,1,1,
2026-09-27 21:30:42,brain,5753000,30.54,77.35,1005.68,31.58,69.61,1005.49,0,0,MANUAL,1,1,1,
2026-09-27 21:30:43,brain,5754000,30.54,78.18,1005.73,31.59,69.60,1005.45,0,0,MANUAL,1,1,1,
2026-09-27 21:30:44,brain,5755000,30.56,78.63,1005.67,31.58,69.50,1005.41,0,0,MANUAL,1,1,1,
2026-09-27 21:30:45,brain,5756000,30.56,78.65,1005.70,31.57,69.60,1005.45,0,0,MANUAL,1,1,1,
2026-09-27 21:30:46,brain,5757000,30.57,78.49,1005.72,31.58,69.56,1005.43,0,0,MANUAL,1,1,1,
2026-09-27 21:30:47,brain,5758000,30.57,77.57,1005.72,31.57,69.58,1005.47,0,0,MANUAL,1,1,1,
2026-09-27 21:30:48,brain,5759000,30.57,76.94,1005.69,31.57,69.78,1005.45,0,0,MANUAL,1,1,1,
2026-09-27 21:30:49,brain,5760000,30.58,76.96,1005.73,31.58,69.59,1005.48,0,0,MANUAL,1,1,1,
2026-09-27 21:30:50,brain,5761000,30.59,77.35,1005.69,31.58,69.60,1005.49,0,0,MANUAL,1,1,1,
2026-09-27 21:30:51,brain,5762000,30.61,78.40,1005.69,31.58,69.50,1005.43,0,0,MANUAL,1,1,1,
2026-09-27 21:30:52,brain,5763000,30.60,77.62,1005.70,31.58,69.88,1005.46,0,0,MANUAL,1,1,1,
2026-09-27 21:30:53,brain,5764000,30.60,76.89,1005.67,31.58,69.58,1005.49,0,0,MANUAL,1,1,1,
2026-09-27 21:30:54,brain,5765000,30.61,77.18,1005.77,31.59,69.58,1005.44,0,0,MANUAL,1,1,1,
2026-09-27 21:30:55,brain,5766000,30.61,77.93,1005.69,31.58,69.58,1005.46,0,0,MANUAL,1,1,1,
2026-09-27 21:30:56,brain,5767000,30.62,78.63,1005.74,31.59,69.49,1005.42,0,0,MANUAL,1,1,1,
2026-09-27 21:30:57,brain,5768000,30.62,78.00,1005.73,31.58,69.74,1005.46,0,0,MANUAL,1,1,1,
2026-09-27 21:30:58,brain,5769000,30.63,78.54,1005.75,31.57,69.54,1005.39,0,0,MANUAL,1,1,1,
2026-09-27 21:30:59,brain,5770000,30.62,76.89,1005.71,31.59,69.64,1005.47,0,0,MANUAL,1,1,1,
2026-09-27 21:31:00,brain,5771000,30.63,76.50,1005.72,31.57,69.52,1005.45,0,0,MANUAL,1,1,1,
2026-09-27 21:31:01,brain,5772000,30.63,76.12,1005.73,31.57,69.59,1005.45,0,0,MANUAL,1,1,1,
2026-09-27 21:31:01,brain,,,,,,,,,,,,,,mist A=1 B=0 (manual)
2026-09-27 21:31:02,brain,5773000,30.63,76.03,1005.75,31.57,69.53,1005.42,1,0,MANUAL,1,1,1,
2026-09-27 21:31:03,brain,5774000,30.63,75.62,1005.70,31.58,69.62,1005.52,1,0,MANUAL,1,1,1,
2026-09-27 21:31:04,brain,5775000,30.63,75.64,1005.70,31.57,69.69,1005.42,1,0,MANUAL,1,1,1,
2026-09-27 21:31:05,brain,5776000,30.64,75.70,1005.71,31.58,69.59,1005.41,1,0,MANUAL,1,1,1,
2026-09-27 21:31:06,brain,5777000,30.64,75.93,1005.71,31.58,69.61,1005.46,1,0,MANUAL,1,1,1,
2026-09-27 21:31:07,brain,5778000,30.65,76.70,1005.72,31.58,69.58,1005.37,1,0,MANUAL,1,1,1,
2026-09-27 21:31:08,brain,5779000,30.65,77.75,1005.73,31.57,69.80,1005.44,1,0,MANUAL,1,1,1,
2026-09-27 21:31:09,brain,5780000,30.65,77.01,1005.72,31.57,69.63,1005.39,1,0,MANUAL,1,1,1,
2026-09-27 21:31:10,brain,5781000,30.65,76.52,1005.75,31.58,69.69,1005.40,1,0,MANUAL,1,1,1,
2026-09-27 21:31:11,brain,5782000,30.65,76.88,1005.75,31.58,69.56,1005.48,1,0,MANUAL,1,1,1,
2026-09-27 21:31:12,brain,5783000,30.64,76.35,1005.72,31.59,69.66,1005.53,1,0,MANUAL,1,1,1,
2026-09-27 21:31:13,brain,5784000,30.65,76.02,1005.73,31.59,69.71,1005.44,1,0,MANUAL,1,1,1,
2026-09-27 21:31:14,brain,5785000,30.65,76.36,1005.68,31.58,69.65,1005.45,1,0,MANUAL,1,1,1,
2026-09-27 21:31:15,brain,5786000,30.65,76.46,1005.68,31.58,69.95,1005.45,1,0,MANUAL,1,1,1,
2026-09-27 21:31:16,brain,5787000,30.65,76.99,1005.70,31.57,69.53,1005.42,1,0,MANUAL,1,1,1,
2026-09-27 21:31:17,brain,5788000,30.67,77.47,1005.67,31.57,69.76,1005.45,1,0,MANUAL,1,1,1,
2026-09-27 21:31:18,brain,5789000,30.66,76.74,1005.71,31.57,69.83,1005.45,1,0,MANUAL,1,1,1,
2026-09-27 21:31:19,brain,5790000,30.66,76.22,1005.68,31.57,69.78,1005.42,1,0,MANUAL,1,1,1,
2026-09-27 21:31:20,brain,5791000,30.66,75.71,1005.72,31.58,69.68,1005.48,1,0,MANUAL,1,1,1,
2026-09-27 21:31:21,brain,5792000,30.66,76.39,1005.75,31.58,69.61,1005.43,1,0,MANUAL,1,1,1,
2026-09-27 21:31:22,brain,5793000,30.66,76.56,1005.68,31.57,69.79,1005.42,1,0,MANUAL,1,1,1,
2026-09-27 21:31:23,brain,5794000,30.66,76.79,1005.68,31.58,69.63,1005.45,1,0,MANUAL,1,1,1,
2026-09-27 21:31:24,brain,5795000,30.66,76.91,1005.68,31.58,69.91,1005.43,1,0,MANUAL,1,1,1,
2026-09-27 21:31:25,brain,5796000,30.64,76.50,1005.68,31.59,69.67,1005.44,1,0,MANUAL,1,1,1,
2026-09-27 21:31:26,brain,5797000,30.65,76.75,1005.73,31.60,69.84,1005.46,1,0,MANUAL,1,1,1,
2026-09-27 21:31:27,brain,5798000,30.65,76.29,1005.72,31.59,69.75,1005.45,1,0,MANUAL,1,1,1,
2026-09-27 21:31:28,brain,5799000,30.65,76.85,1005.72,31.59,69.56,1005.42,1,0,MANUAL,1,1,1,
2026-09-27 21:31:29,brain,5800000,30.64,77.35,1005.74,31.59,69.85,1005.42,1,0,MANUAL,1,1,1,
2026-09-27 21:31:30,brain,5801000,30.64,77.35,1005.71,31.59,69.64,1005.36,1,0,MANUAL,1,1,1,
2026-09-27 21:31:31,brain,5802000,30.65,77.44,1005.72,31.58,69.58,1005.43,1,0,MANUAL,1,1,1,
2026-09-27 21:31:32,brain,5803000,30.64,77.69,1005.72,31.58,69.83,1005.41,1,0,MANUAL,1,1,1,
2026-09-27 21:31:33,brain,5804000,30.63,77.26,1005.73,31.59,69.61,1005.47,1,0,MANUAL,1,1,1,
2026-09-27 21:31:34,brain,5805000,30.63,76.81,1005.67,31.59,69.62,1005.42,1,0,MANUAL,1,1,1,
2026-09-27 21:31:35,brain,5806000,30.63,77.05,1005.76,31.58,69.84,1005.40,1,0,MANUAL,1,1,1,
2026-09-27 21:31:36,brain,5807000,30.62,77.06,1005.68,31.58,69.81,1005.46,1,0,MANUAL,1,1,1,
2026-09-27 21:31:37,brain,5808000,30.63,76.56,1005.72,31.59,69.68,1005.44,1,0,MANUAL,1,1,1,
2026-09-27 21:31:38,brain,5809000,30.62,76.62,1005.65,31.59,69.60,1005.42,1,0,MANUAL,1,1,1,
2026-09-27 21:31:39,brain,5810000,30.62,77.16,1005.66,31.59,69.57,1005.42,1,0,MANUAL,1,1,1,
2026-09-27 21:31:40,brain,5811000,30.62,76.22,1005.73,31.58,69.88,1005.40,1,0,MANUAL,1,1,1,
2026-09-27 21:31:41,brain,5812000,30.62,75.90,1005.70,31.58,69.61,1005.40,1,0,MANUAL,1,1,1,
2026-09-27 21:31:42,brain,5813000,30.61,75.88,1005.72,31.58,69.60,1005.41,1,0,MANUAL,1,1,1,
2026-09-27 21:31:43,brain,5814000,30.62,76.23,1005.73,31.58,69.62,1005.45,1,0,MANUAL,1,1,1,
2026-09-27 21:31:44,brain,5815000,30.61,76.25,1005.67,31.58,69.65,1005.45,1,0,MANUAL,1,1,1,
2026-09-27 21:31:45,brain,5816000,30.61,75.85,1005.63,31.59,69.68,1005.44,1,0,MANUAL,1,1,1,
2026-09-27 21:31:46,brain,5817000,30.61,75.98,1005.67,31.58,69.61,1005.46,1,0,MANUAL,1,1,1,
2026-09-27 21:31:47,brain,5818000,30.60,75.92,1005.64,31.58,69.67,1005.41,1,0,MANUAL,1,1,1,
2026-09-27 21:31:48,brain,5819000,30.60,76.61,1005.70,31.56,69.95,1005.38,1,0,MANUAL,1,1,1,
2026-09-27 21:31:49,brain,5820000,30.60,76.30,1005.73,31.58,69.85,1005.38,1,0,MANUAL,1,1,1,
2026-09-27 21:31:50,brain,5821000,30.58,75.95,1005.68,31.58,69.61,1005.49,1,0,MANUAL,1,1,1,
2026-09-27 21:31:51,brain,5822000,30.58,75.92,1005.68,31.58,69.64,1005.41,1,0,MANUAL,1,1,1,
2026-09-27 21:31:52,brain,5823000,30.58,76.01,1005.71,31.58,69.60,1005.37,1,0,MANUAL,1,1,1,
2026-09-27 21:31:53,brain,5824000,30.58,75.98,1005.68,31.58,69.69,1005.41,1,0,MANUAL,1,1,1,
2026-09-27 21:31:54,brain,5825000,30.57,76.14,1005.70,31.58,69.68,1005.41,1,0,MANUAL,1,1,1,
2026-09-27 21:31:55,brain,5826000,30.57,76.48,1005.67,31.57,70.04,1005.45,1,0,MANUAL,1,1,1,
2026-09-27 21:31:56,brain,5827000,30.56,76.60,1005.60,31.58,70.05,1005.43,1,0,MANUAL,1,1,1,
2026-09-27 21:31:57,brain,5828000,30.56,76.46,1005.71,31.58,69.75,1005.45,1,0,MANUAL,1,1,1,
2026-09-27 21:31:58,brain,5829000,30.57,76.69,1005.70,31.58,69.82,1005.48,1,0,MANUAL,1,1,1,
2026-09-27 21:31:59,brain,5830000,30.57,77.57,1005.64,31.58,69.66,1005.46,1,0,MANUAL,1,1,1,
2026-09-27 21:32:00,brain,5831000,30.58,77.59,1005.74,31.57,69.70,1005.41,1,0,MANUAL,1,1,1,
2026-09-27 21:32:01,brain,5832000,30.58,78.38,1005.68,31.57,69.61,1005.45,1,0,MANUAL,1,1,1,
2026-09-27 21:32:02,brain,5833000,30.56,76.97,1005.74,31.57,69.77,1005.41,1,0,MANUAL,1,1,1,
2026-09-27 21:32:03,brain,5834000,30.57,76.69,1005.70,31.57,69.72,1005.39,1,0,MANUAL,1,1,1,
2026-09-27 21:32:04,brain,5835000,30.57,76.70,1005.66,31.56,69.77,1005.40,1,0,MANUAL,1,1,1,
2026-09-27 21:32:05,brain,5836000,30.56,76.96,1005.71,31.58,69.59,1005.45,1,0,MANUAL,1,1,1,
2026-09-27 21:32:06,brain,5837000,30.56,76.50,1005.62,31.57,69.75,1005.39,1,0,MANUAL,1,1,1,
2026-09-27 21:32:07,brain,5838000,30.57,76.46,1005.75,31.57,69.66,1005.41,1,0,MANUAL,1,1,1,
2026-09-27 21:32:08,brain,5839000,30.56,76.86,1005.73,31.57,69.62,1005.45,1,0,MANUAL,1,1,1,
2026-09-27 21:32:09,brain,5840000,30.55,76.66,1005.64,31.57,69.61,1005.39,1,0,MANUAL,1,1,1,
2026-09-27 21:32:10,brain,5841000,30.56,77.23,1005.70,31.57,69.59,1005.33,1,0,MANUAL,1,1,1,
2026-09-27 21:32:11,brain,5842000,30.55,76.82,1005.72,31.57,69.59,1005.42,1,0,MANUAL,1,1,1,
2026-09-27 21:32:12,brain,5843000,30.55,76.48,1005.69,31.58,69.63,1005.43,1,0,MANUAL,1,1,1,
2026-09-27 21:32:13,brain,5844000,30.56,76.58,1005.70,31.58,69.66,1005.41,1,0,MANUAL,1,1,1,
2026-09-27 21:32:14,brain,5845000,30.55,76.55,1005.66,31.58,69.51,1005.38,1,0,MANUAL,1,1,1,
2026-09-27 21:32:15,brain,5846000,30.56,76.59,1005.64,31.58,69.60,1005.40,1,0,MANUAL,1,1,1,
2026-09-27 21:32:16,brain,5847000,30.56,76.58,1005.73,31.57,69.58,1005.39,1,0,MANUAL,1,1,1,
2026-09-27 21:32:17,brain,5848000,30.55,75.80,1005.75,31.57,69.57,1005.42,1,0,MANUAL,1,1,1,
2026-09-27 21:32:18,brain,5849000,30.55,76.74,1005.68,31.57,69.89,1005.42,1,0,MANUAL,1,1,1,
2026-09-27 21:32:19,brain,5850000,30.56,77.20,1005.67,31.57,69.59,1005.47,1,0,MANUAL,1,1,1,
2026-09-27 21:32:20,brain,5851000,30.55,76.37,1005.69,31.58,69.95,1005.40,1,0,MANUAL,1,1,1,
2026-09-27 21:32:21,brain,5852000,30.56,76.15,1005.68,31.57,69.57,1005.42,1,0,MANUAL,1,1,1,
2026-09-27 21:32:22,brain,5853000,30.55,76.15,1005.66,31.57,69.88,1005.39,1,0,MANUAL,1,1,1,
2026-09-27 21:32:23,brain,5854000,30.56,75.87,1005.70,31.57,69.83,1005.39,1,0,MANUAL,1,1,1,
2026-09-27 21:32:24,brain,5855000,30.55,76.60,1005.69,31.57,69.89,1005.34,1,0,MANUAL,1,1,1,
2026-09-27 21:32:25,brain,5856000,30.55,76.24,1005.69,31.57,69.71,1005.39,1,0,MANUAL,1,1,1,
2026-09-27 21:32:26,brain,5857000,30.55,76.58,1005.66,31.57,69.52,1005.39,1,0,MANUAL,1,1,1,
2026-09-27 21:32:27,brain,5858000,30.55,76.46,1005.66,31.57,69.63,1005.42,1,0,MANUAL,1,1,1,
2026-09-27 21:32:28,brain,5859000,30.55,76.39,1005.64,31.58,69.72,1005.40,1,0,MANUAL,1,1,1,
2026-09-27 21:32:29,brain,5860000,30.55,76.35,1005.66,31.58,69.66,1005.43,1,0,MANUAL,1,1,1,
2026-09-27 21:32:30,brain,5861000,30.56,76.66,1005.67,31.57,69.55,1005.38,1,0,MANUAL,1,1,1,
2026-09-27 21:32:31,brain,5862000,30.55,76.40,1005.69,31.57,69.60,1005.45,1,0,MANUAL,1,1,1,
2026-09-27 21:32:32,brain,5863000,30.55,76.27,1005.66,31.58,69.58,1005.45,1,0,MANUAL,1,1,1,
2026-09-27 21:32:33,brain,5864000,30.56,76.66,1005.70,31.58,69.54,1005.38,1,0,MANUAL,1,1,1,
2026-09-27 21:32:34,brain,5865000,30.55,76.91,1005.69,31.57,69.70,1005.39,1,0,MANUAL,1,1,1,
2026-09-27 21:32:35,brain,5866000,30.54,75.71,1005.64,31.57,69.93,1005.41,1,0,MANUAL,1,1,1,
2026-09-27 21:32:36,brain,5867000,30.55,75.67,1005.75,31.57,69.72,1005.39,1,0,MANUAL,1,1,1,
2026-09-27 21:32:37,brain,5868000,30.54,75.60,1005.70,31.57,69.58,1005.45,1,0,MANUAL,1,1,1,
2026-09-27 21:32:38,brain,5869000,30.53,75.86,1005.69,31.57,69.92,1005.50,1,0,MANUAL,1,1,1,
2026-09-27 21:32:39,brain,5870000,30.54,75.69,1005.67,31.56,69.55,1005.35,1,0,MANUAL,1,1,1,
2026-09-27 21:32:40,brain,5871000,30.54,76.28,1005.70,31.56,69.58,1005.40,1,0,MANUAL,1,1,1,
2026-09-27 21:32:41,brain,5872000,30.54,76.61,1005.72,31.57,69.66,1005.45,1,0,MANUAL,1,1,1,
2026-09-27 21:32:42,brain,5873000,30.54,76.94,1005.68,31.57,69.62,1005.39,1,0,MANUAL,1,1,1,
2026-09-27 21:32:43,brain,5874000,30.54,77.06,1005.68,31.57,69.71,1005.42,1,0,MANUAL,1,1,1,
2026-09-27 21:32:44,brain,5875000,30.54,76.86,1005.70,31.58,69.63,1005.45,1,0,MANUAL,1,1,1,
2026-09-27 21:32:45,brain,5876000,30.55,77.99,1005.68,31.56,69.58,1005.38,1,0,MANUAL,1,1,1,
2026-09-27 21:32:46,brain,5877000,30.54,78.55,1005.68,31.55,69.71,1005.42,1,0,MANUAL,1,1,1,
2026-09-27 21:32:47,brain,5878000,30.53,77.29,1005.69,31.56,69.61,1005.32,1,0,MANUAL,1,1,1,
2026-09-27 21:32:48,brain,5879000,30.53,76.30,1005.66,31.57,69.61,1005.45,1,0,MANUAL,1,1,1,
2026-09-27 21:32:49,brain,5880000,30.54,76.42,1005.73,31.56,69.59,1005.43,1,0,MANUAL,1,1,1,
2026-09-27 21:32:50,brain,5881000,30.53,76.72,1005.65,31.56,69.72,1005.43,1,0,MANUAL,1,1,1,
2026-09-27 21:32:51,brain,5882000,30.53,76.08,1005.66,31.57,69.59,1005.33,1,0,MANUAL,1,1,1,
2026-09-27 21:32:52,brain,5883000,30.53,76.05,1005.72,31.56,69.58,1005.43,1,0,MANUAL,1,1,1,
2026-09-27 21:32:53,brain,5884000,30.53,76.11,1005.66,31.56,69.81,1005.38,1,0,MANUAL,1,1,1,
2026-09-27 21:32:54,brain,5885000,30.54,76.62,1005.68,31.56,69.81,1005.38,1,0,MANUAL,1,1,1,
2026-09-27 21:32:55,brain,5886000,30.53,76.87,1005.66,31.57,69.63,1005.38,1,0,MANUAL,1,1,1,
2026-09-27 21:32:56,brain,5887000,30.53,76.58,1005.62,31.57,69.66,1005.39,1,0,MANUAL,1,1,1,
2026-09-27 21:32:57,brain,5888000,30.52,76.58,1005.67,31.57,69.68,1005.39,1,0,MANUAL,1,1,1,
2026-09-27 21:32:58,brain,5889000,30.53,76.96,1005.66,31.57,69.61,1005.41,1,0,MANUAL,1,1,1,
2026-09-27 21:32:59,brain,5890000,30.54,76.85,1005.67,31.57,69.54,1005.39,1,0,MANUAL,1,1,1,
2026-09-27 21:33:00,brain,5891000,30.53,77.34,1005.72,31.57,69.59,1005.44,1,0,MANUAL,1,1,1,
2026-09-27 21:33:01,brain,5892000,30.53,77.38,1005.66,31.57,69.51,1005.41,1,0,MANUAL,1,1,1,
2026-09-27 21:33:02,brain,5893000,30.52,77.29,1005.67,31.56,69.50,1005.35,1,0,MANUAL,1,1,1,
2026-09-27 21:33:03,brain,5894000,30.53,77.37,1005.66,31.57,69.84,1005.45,1,0,MANUAL,1,1,1,
2026-09-27 21:33:04,brain,5895000,30.53,76.88,1005.72,31.57,69.71,1005.38,1,0,MANUAL,1,1,1,
2026-09-27 21:33:05,brain,5896000,30.52,76.72,1005.66,31.57,69.60,1005.45,1,0,MANUAL,1,1,1,
2026-09-27 21:33:06,brain,5897000,30.51,76.69,1005.60,31.58,69.95,1005.37,1,0,MANUAL,1,1,1,
2026-09-27 21:33:07,brain,5898000,30.51,76.81,1005.63,31.58,69.96,1005.45,1,0,MANUAL,1,1,1,
2026-09-27 21:33:08,brain,5899000,30.53,77.24,1005.71,31.58,69.72,1005.43,1,0,MANUAL,1,1,1,
2026-09-27 21:33:09,brain,5900000,30.52,76.98,1005.70,31.57,69.82,1005.45,1,0,MANUAL,1,1,1,
2026-09-27 21:33:10,brain,5901000,30.52,76.43,1005.62,31.56,69.60,1005.32,1,0,MANUAL,1,1,1,
2026-09-27 21:33:11,brain,5902000,30.52,76.71,1005.64,31.58,69.49,1005.45,1,0,MANUAL,1,1,1,
2026-09-27 21:33:12,brain,5903000,30.52,77.22,1005.66,31.57,69.79,1005.39,1,0,MANUAL,1,1,1,
2026-09-27 21:33:13,brain,5904000,30.50,76.56,1005.70,31.57,69.56,1005.36,1,0,MANUAL,1,1,1,
2026-09-27 21:33:14,brain,5905000,30.52,76.55,1005.64,31.58,69.77,1005.34,1,0,MANUAL,1,1,1,
2026-09-27 21:33:15,brain,5906000,30.51,76.31,1005.68,31.57,69.58,1005.39,1,0,MANUAL,1,1,1,
2026-09-27 21:33:16,brain,5907000,30.50,76.46,1005.61,31.57,69.48,1005.36,1,0,MANUAL,1,1,1,
2026-09-27 21:33:17,brain,5908000,30.51,76.64,1005.68,31.58,69.46,1005.41,1,0,MANUAL,1,1,1,
2026-09-27 21:33:18,brain,5909000,30.51,76.46,1005.68,31.58,69.45,1005.43,1,0,MANUAL,1,1,1,
2026-09-27 21:33:19,brain,5910000,30.51,76.40,1005.68,31.57,69.49,1005.39,1,0,MANUAL,1,1,1,
2026-09-27 21:33:20,brain,5911000,30.50,77.79,1005.64,31.57,69.50,1005.38,1,0,MANUAL,1,1,1,
2026-09-27 21:33:21,brain,5912000,30.50,77.92,1005.72,31.57,69.56,1005.36,1,0,MANUAL,1,1,1,
2026-09-27 21:33:22,brain,5913000,30.51,77.89,1005.68,31.58,69.60,1005.43,1,0,MANUAL,1,1,1,
2026-09-27 21:33:23,brain,5914000,30.50,77.46,1005.67,31.59,69.56,1005.42,1,0,MANUAL,1,1,1,
2026-09-27 21:33:24,brain,5915000,30.50,77.65,1005.66,31.58,69.50,1005.40,1,0,MANUAL,1,1,1,
2026-09-27 21:33:25,brain,5916000,30.51,78.19,1005.68,31.58,69.44,1005.38,1,0,MANUAL,1,1,1,
2026-09-27 21:33:26,end,,,,,,,,,,,,,,mist A=0 B=0 (manual)
2026-09-27 21:33:26,end,,,,,,,,,,,,,,mode OFF
2026-09-27 21:33:26,end,,,,,,,,,,,,,,"S,mode=OFF,lo=75.0,hi=90.0,max=300,cool=180,man=400,use=A,period=1,in=ok,out=ok,tank=ok,mistA=0,mistB=0"
2026-09-27 21:33:26,end,5917000,30.51,77.50,1005.65,31.57,69.83,1005.39,0,0,OFF,1,1,1,
2026-09-27 21:33:27,end,5918000,30.51,78.07,1005.68,31.57,69.50,1005.38,0,0,OFF,1,1,1,
2026-09-27 21:33:28,end,5919000,30.51,77.55,1005.62,31.57,69.42,1005.42,0,0,OFF,1,1,1,
