pc_time,phase,ms,t_in,rh_in,p_in,t_out,rh_out,p_out,mistA,mistB,mode,in_ok,out_ok,tank_ok,event
2026-09-27 21:33:32,idle,,,,,,,,,,,,,,"S,mode=OFF,lo=75.0,hi=90.0,max=300,cool=180,man=400,use=A,period=1,in=ok,out=ok,tank=ok,mistA=0,mistB=0"
2026-09-27 21:33:32,idle,5923000,30.50,76.24,1005.63,31.57,69.35,1005.36,0,0,OFF,1,1,1,
2026-09-27 21:33:33,idle,5924000,30.50,75.87,1005.66,31.57,69.85,1005.34,0,0,OFF,1,1,1,
2026-09-27 21:33:34,idle,5925000,30.51,76.53,1005.62,31.58,69.67,1005.37,0,0,OFF,1,1,1,
2026-09-27 21:33:35,baseline-rules,,,,,,,,,,,,,,"S,mode=OFF,lo=75.0,hi=90.0,max=300,cool=180,man=400,use=A,period=1,in=ok,out=ok,tank=ok,mistA=0,mistB=0"
2026-09-27 21:33:35,baseline-rules,,,,,,,,,,,,,,mode RULES
2026-09-27 21:33:35,baseline-rules,5926000,30.51,77.89,1005.68,31.58,69.78,1005.43,0,0,RULES,1,1,1,
2026-09-27 21:33:36,baseline-rules,5927000,30.51,77.94,1005.68,31.57,69.60,1005.36,0,0,RULES,1,1,1,
2026-09-27 21:33:37,baseline-rules,5928000,30.51,77.67,1005.68,31.58,69.84,1005.40,0,0,RULES,1,1,1,
2026-09-27 21:33:38,baseline-rules,5929000,30.53,77.86,1005.71,31.57,69.59,1005.36,0,0,RULES,1,1,1,
2026-09-27 21:33:39,baseline-rules,5930000,30.53,77.75,1005.68,31.57,69.49,1005.38,0,0,RULES,1,1,1,
2026-09-27 21:33:40,baseline-rules,5931000,30.54,77.80,1005.58,31.58,69.77,1005.32,0,0,RULES,1,1,1,
2026-09-27 21:33:41,baseline-rules,5932000,30.52,77.23,1005.76,31.58,69.46,1005.43,0,0,RULES,1,1,1,
2026-09-27 21:33:42,baseline-rules,5933000,30.53,76.48,1005.66,31.57,69.31,1005.42,0,0,RULES,1,1,1,
2026-09-27 21:33:43,baseline-rules,5934000,30.54,76.72,1005.73,31.58,69.38,1005.40,0,0,RULES,1,1,1,
2026-09-27 21:33:44,baseline-rules,5935000,30.54,77.23,1005.68,31.57,69.39,1005.39,0,0,RULES,1,1,1,
2026-09-27 21:33:45,baseline-rules,5936000,30.54,77.41,1005.68,31.58,69.60,1005.38,0,0,RULES,1,1,1,
2026-09-27 21:33:46,baseline-rules,5937000,30.54,76.79,1005.68,31.58,69.39,1005.43,0,0,RULES,1,1,1,
2026-09-27 21:33:47,baseline-rules,5938000,30.55,76.82,1005.63,31.57,69.57,1005.39,0,0,RULES,1,1,1,
2026-09-27 21:33:48,baseline-rules,5939000,30.55,77.47,1005.66,31.58,69.42,1005.40,0,0,RULES,1,1,1,
2026-09-27 21:33:49,baseline-rules,5940000,30.57,78.43,1005.69,31.57,69.51,1005.34,0,0,RULES,1,1,1,
2026-09-27 21:33:50,baseline-rules,5941000,30.55,78.26,1005.69,31.57,69.52,1005.45,0,0,RULES,1,1,1,
2026-09-27 21:33:51,baseline-rules,5942000,30.56,77.36,1005.73,31.57,69.61,1005.39,0,0,RULES,1,1,1,
2026-09-27 21:33:52,baseline-rules,5943000,30.57,77.79,1005.67,31.58,69.32,1005.45,0,0,RULES,1,1,1,
2026-09-27 21:33:53,baseline-rules,5944000,30.57,77.80,1005.69,31.58,69.26,1005.40,0,0,RULES,1,1,1,
2026-09-27 21:33:54,baseline-rules,5945000,30.57,76.82,1005.66,31.58,69.30,1005.41,0,0,RULES,1,1,1,
2026-09-27 21:33:55,baseline-rules,5946000,30.57,77.86,1005.66,31.55,69.39,1005.34,0,0,RULES,1,1,1,
2026-09-27 21:33:56,baseline-rules,5947000,30.58,78.96,1005.68,31.57,69.33,1005.39,0,0,RULES,1,1,1,
2026-09-27 21:33:57,baseline-rules,5948000,30.58,78.27,1005.70,31.57,69.34,1005.39,0,0,RULES,1,1,1,
2026-09-27 21:33:58,baseline-rules,5949000,30.57,78.29,1005.67,31.57,69.43,1005.39,0,0,RULES,1,1,1,
2026-09-27 21:33:59,baseline-rules,5950000,30.60,79.14,1005.70,31.56,69.50,1005.46,0,0,RULES,1,1,1,
2026-09-27 21:34:00,baseline-rules,5951000,30.59,78.85,1005.64,31.57,69.77,1005.45,0,0,RULES,1,1,1,
2026-09-27 21:34:01,baseline-rules,5952000,30.61,79.21,1005.67,31.57,69.82,1005.42,0,0,RULES,1,1,1,
2026-09-27 21:34:02,baseline-rules,5953000,30.60,78.02,1005.70,31.57,69.57,1005.39,0,0,RULES,1,1,1,
2026-09-27 21:34:03,baseline-rules,5954000,30.60,77.34,1005.67,31.56,69.47,1005.38,0,0,RULES,1,1,1,
2026-09-27 21:34:04,baseline-rules,5955000,30.60,76.98,1005.70,31.57,69.81,1005.36,0,0,RULES,1,1,1,
2026-09-27 21:34:05,baseline-rules,5956000,30.60,77.23,1005.60,31.57,69.63,1005.38,0,0,RULES,1,1,1,
2026-09-27 21:34:06,baseline-rules,5957000,30.61,76.52,1005.77,31.56,69.63,1005.38,0,0,RULES,1,1,1,
2026-09-27 21:34:07,baseline-rules,5958000,30.62,76.30,1005.62,31.57,69.79,1005.36,0,0,RULES,1,1,1,
2026-09-27 21:34:08,baseline-rules,5959000,30.63,76.99,1005.64,31.57,69.54,1005.36,0,0,RULES,1,1,1,
2026-09-27 21:34:09,baseline-rules,5960000,30.63,76.38,1005.66,31.56,69.79,1005.35,0,0,RULES,1,1,1,
2026-09-27 21:34:10,baseline-rules,5961000,30.63,76.46,1005.64,31.57,69.86,1005.38,0,0,RULES,1,1,1,
2026-09-27 21:34:11,baseline-rules,5962000,30.63,77.14,1005.67,31.57,69.51,1005.36,0,0,RULES,1,1,1,
2026-09-27 21:34:12,baseline-rules,5963000,30.64,78.05,1005.62,31.57,69.52,1005.36,0,0,RULES,1,1,1,
2026-09-27 21:34:13,baseline-rules,5964000,30.63,77.86,1005.64,31.57,69.64,1005.41,0,0,RULES,1,1,1,
2026-09-27 21:34:14,baseline-rules,5965000,30.63,76.69,1005.69,31.57,69.57,1005.47,0,0,RULES,1,1,1,
2026-09-27 21:34:15,baseline-rules,5966000,30.64,76.11,1005.65,31.56,69.56,1005.32,0,0,RULES,1,1,1,
2026-09-27 21:34:16,baseline-rules,5967000,30.64,75.81,1005.65,31.57,69.79,1005.38,0,0,RULES,1,1,1,
2026-09-27 21:34:17,baseline-rules,5968000,30.65,75.85,1005.70,31.58,69.81,1005.46,0,0,RULES,1,1,1,
2026-09-27 21:34:18,baseline-rules,5969000,30.64,75.47,1005.71,31.56,69.32,1005.38,0,0,RULES,1,1,1,
2026-09-27 21:34:19,baseline-rules,5970000,30.66,75.71,1005.66,31.56,69.56,1005.35,0,0,RULES,1,1,1,
2026-09-27 21:34:20,baseline-rules,5971000,30.65,75.69,1005.65,31.57,69.37,1005.38,0,0,RULES,1,1,1,
2026-09-27 21:34:21,baseline-rules,5972000,30.66,75.75,1005.63,31.57,69.40,1005.36,0,0,RULES,1,1,1,
2026-09-27 21:34:22,baseline-rules,5973000,30.66,76.36,1005.66,31.57,69.57,1005.36,0,0,RULES,1,1,1,
2026-09-27 21:34:23,baseline-rules,5974000,30.66,76.49,1005.64,31.57,69.31,1005.38,0,0,RULES,1,1,1,
2026-09-27 21:34:24,baseline-rules,5975000,30.67,75.70,1005.73,31.57,69.43,1005.36,0,0,RULES,1,1,1,
2026-09-27 21:34:25,baseline-rules,5976000,30.67,75.26,1005.67,31.58,69.61,1005.40,0,0,RULES,1,1,1,
2026-09-27 21:34:26,baseline-rules,5977000,30.67,75.29,1005.68,31.56,69.37,1005.32,0,0,RULES,1,1,1,
2026-09-27 21:34:27,baseline-rules,5978000,30.68,75.39,1005.67,31.57,69.46,1005.36,0,0,RULES,1,1,1,
2026-09-27 21:34:28,baseline-rules,5979000,30.68,76.00,1005.58,31.57,69.75,1005.34,0,0,RULES,1,1,1,
2026-09-27 21:34:29,baseline-rules,5980000,30.68,75.24,1005.60,31.57,69.22,1005.39,0,0,RULES,1,1,1,
2026-09-27 21:34:30,baseline-rules,5981000,30.69,75.26,1005.66,31.58,69.34,1005.45,0,0,RULES,1,1,1,
2026-09-27 21:34:31,baseline-rules,5982000,30.70,75.71,1005.69,31.57,69.40,1005.38,0,0,RULES,1,1,1,
2026-09-27 21:34:32,baseline-rules,5983000,30.70,75.98,1005.67,31.57,69.32,1005.39,0,0,RULES,1,1,1,
2026-09-27 21:34:33,baseline-rules,5984000,30.70,76.14,1005.67,31.57,69.38,1005.38,0,0,RULES,1,1,1,
2026-09-27 21:34:34,baseline-rules,5985000,30.72,76.08,1005.70,31.57,69.44,1005.45,0,0,RULES,1,1,1,
2026-09-27 21:34:35,baseline-rules,5986000,30.71,76.28,1005.65,31.56,69.32,1005.35,0,0,RULES,1,1,1,
2026-09-27 21:34:36,baseline-rules,5987000,30.72,76.30,1005.65,31.57,69.45,1005.39,0,0,RULES,1,1,1,
2026-09-27 21:34:37,baseline-rules,5988000,30.72,76.39,1005.73,31.56,69.33,1005.43,0,0,RULES,1,1,1,
2026-09-27 21:34:38,baseline-rules,5989000,30.73,77.16,1005.64,31.57,69.32,1005.36,0,0,RULES,1,1,1,
2026-09-27 21:34:39,baseline-rules,5990000,30.73,77.39,1005.71,31.57,69.37,1005.33,0,0,RULES,1,1,1,
2026-09-27 21:34:40,baseline-rules,5991000,30.72,76.96,1005.62,31.57,69.35,1005.36,0,0,RULES,1,1,1,
2026-09-27 21:34:41,baseline-rules,5992000,30.74,77.09,1005.68,31.57,69.52,1005.38,0,0,RULES,1,1,1,
2026-09-27 21:34:42,baseline-rules,5993000,30.74,77.40,1005.67,31.57,69.33,1005.34,0,0,RULES,1,1,1,
2026-09-27 21:34:43,baseline-rules,5994000,30.73,76.56,1005.60,31.57,69.34,1005.44,0,0,RULES,1,1,1,
2026-09-27 21:34:44,baseline-rules,5995000,30.74,76.54,1005.64,31.57,69.44,1005.36,0,0,RULES,1,1,1,
2026-09-27 21:34:45,baseline-rules,5996000,30.75,77.24,1005.58,31.58,69.34,1005.40,0,0,RULES,1,1,1,
2026-09-27 21:34:46,baseline-rules,5997000,30.74,76.53,1005.64,31.57,69.52,1005.36,0,0,RULES,1,1,1,
2026-09-27 21:34:47,baseline-rules,5998000,30.75,76.39,1005.61,31.57,69.50,1005.42,0,0,RULES,1,1,1,
2026-09-27 21:34:48,baseline-rules,5999000,30.75,76.30,1005.67,31.57,69.28,1005.42,0,0,RULES,1,1,1,
2026-09-27 21:34:49,baseline-rules,6000000,30.75,75.52,1005.60,31.57,69.37,1005.44,0,0,RULES,1,1,1,
2026-09-27 21:34:50,baseline-rules,6001000,30.76,75.47,1005.66,31.58,69.40,1005.37,0,0,RULES,1,1,1,
2026-09-27 21:34:51,baseline-rules,6002000,30.75,75.23,1005.56,31.58,69.52,1005.34,0,0,RULES,1,1,1,
2026-09-27 21:34:52,baseline-rules,6003000,30.77,76.74,1005.69,31.58,69.44,1005.40,0,0,RULES,1,1,1,
2026-09-27 21:34:53,baseline-rules,6004000,30.76,75.94,1005.69,31.57,69.76,1005.36,0,0,RULES,1,1,1,
2026-09-27 21:34:54,baseline-rules,6005000,30.78,75.92,1005.68,31.57,69.48,1005.34,0,0,RULES,1,1,1,
2026-09-27 21:34:55,baseline-rules,6006000,30.78,76.66,1005.62,31.57,69.34,1005.41,0,0,RULES,1,1,1,
2026-09-27 21:34:56,baseline-rules,6007000,30.78,77.33,1005.65,31.57,69.38,1005.39,0,0,RULES,1,1,1,
2026-09-27 21:34:57,baseline-rules,6008000,30.78,77.14,1005.63,31.57,69.41,1005.42,0,0,RULES,1,1,1,
2026-09-27 21:34:58,baseline-rules,6009000,30.78,77.41,1005.66,31.57,69.50,1005.38,0,0,RULES,1,1,1,
2026-09-27 21:34:59,baseline-rules,6010000,30.78,76.77,1005.69,31.56,69.29,1005.35,0,0,RULES,1,1,1,
2026-09-27 21:35:00,baseline-rules,6011000,30.78,75.76,1005.63,31.57,69.39,1005.42,0,0,RULES,1,1,1,
2026-09-27 21:35:01,baseline-rules,6012000,30.79,75.29,1005.67,31.58,69.41,1005.40,0,0,RULES,1,1,1,
2026-09-27 21:35:02,baseline-rules,6013000,30.78,75.00,1005.71,31.57,69.78,1005.38,0,0,RULES,1,1,1,
2026-09-27 21:35:03,baseline-rules,6014000,30.80,75.40,1005.71,31.57,69.46,1005.39,0,0,RULES,1,1,1,
2026-09-27 21:35:04,baseline-rules,6015000,30.79,75.52,1005.64,31.56,69.41,1005.38,0,0,RULES,1,1,1,
2026-09-27 21:35:05,baseline-rules,6016000,30.79,75.68,1005.65,31.56,69.44,1005.38,0,0,RULES,1,1,1,
2026-09-27 21:35:06,baseline-rules,6017000,30.79,75.70,1005.67,31.57,69.48,1005.45,0,0,RULES,1,1,1,
2026-09-27 21:35:07,baseline-rules,6018000,30.80,76.89,1005.64,31.57,69.43,1005.38,0,0,RULES,1,1,1,
2026-09-27 21:35:08,baseline-rules,6019000,30.80,77.57,1005.64,31.57,69.35,1005.47,0,0,RULES,1,1,1,
2026-09-27 21:35:09,baseline-rules,6020000,30.80,77.26,1005.63,31.55,69.36,1005.37,0,0,RULES,1,1,1,
2026-09-27 21:35:10,baseline-rules,6021000,30.78,76.01,1005.60,31.55,69.43,1005.37,0,0,RULES,1,1,1,
2026-09-27 21:35:11,baseline-rules,6022000,30.80,75.82,1005.67,31.55,69.67,1005.42,0,0,RULES,1,1,1,
2026-09-27 21:35:12,baseline-rules,6023000,30.79,75.62,1005.65,31.56,69.42,1005.35,0,0,RULES,1,1,1,
2026-09-27 21:35:13,baseline-rules,6024000,30.80,75.15,1005.66,31.55,69.32,1005.42,0,0,RULES,1,1,1,
2026-09-27 21:35:14,baseline-rules,6025000,30.79,74.92,1005.62,31.55,69.45,1005.42,0,0,RULES,1,1,1,
2026-09-27 21:35:15,baseline-rules,6026000,30.81,76.37,1005.67,31.55,69.45,1005.33,0,0,RULES,1,1,1,
2026-09-27 21:35:16,baseline-rules,6027000,30.80,75.00,1005.63,31.55,69.67,1005.33,0,0,RULES,1,1,1,
2026-09-27 21:35:17,baseline-rules,6028000,30.80,74.97,1005.63,31.55,69.51,1005.28,0,0,RULES,1,1,1,
2026-09-27 21:35:18,baseline-rules,6029000,30.81,75.54,1005.65,31.55,69.41,1005.36,0,0,RULES,1,1,1,
2026-09-27 21:35:19,baseline-rules,6030000,30.81,76.19,1005.62,31.56,69.43,1005.38,0,0,RULES,1,1,1,
2026-09-27 21:35:20,baseline-rules,6031000,30.81,75.20,1005.62,31.55,69.32,1005.44,0,0,RULES,1,1,1,
2026-09-27 21:35:21,baseline-rules,6032000,30.82,75.18,1005.60,31.55,69.44,1005.33,0,0,RULES,1,1,1,
2026-09-27 21:35:22,baseline-rules,6033000,30.82,76.29,1005.73,31.55,69.53,1005.33,0,0,RULES,1,1,1,
2026-09-27 21:35:23,baseline-rules,6034000,30.84,77.25,1005.65,31.56,69.44,1005.38,0,0,RULES,1,1,1,
2026-09-27 21:35:24,baseline-rules,6035000,30.83,76.46,1005.62,31.55,69.38,1005.37,0,0,RULES,1,1,1,
2026-09-27 21:35:25,baseline-rules,6036000,30.84,76.01,1005.61,31.57,69.71,1005.41,0,0,RULES,1,1,1,
2026-09-27 21:35:26,baseline-rules,6037000,30.83,75.15,1005.65,31.56,69.43,1005.40,0,0,RULES,1,1,1,
2026-09-27 21:35:27,baseline-rules,6038000,30.85,76.34,1005.63,31.55,69.35,1005.44,0,0,RULES,1,1,1,
2026-09-27 21:35:28,baseline-rules,6039000,30.84,75.75,1005.64,31.55,69.29,1005.37,0,0,RULES,1,1,1,
2026-09-27 21:35:29,baseline-rules,6040000,30.85,76.26,1005.68,31.55,69.43,1005.42,0,0,RULES,1,1,1,
2026-09-27 21:35:30,baseline-rules,6041000,30.84,74.98,1005.65,31.57,69.40,1005.36,0,0,RULES,1,1,1,
2026-09-27 21:35:31,baseline-rules,6042000,30.86,75.26,1005.70,31.57,69.40,1005.38,0,0,RULES,1,1,1,
2026-09-27 21:35:32,baseline-rules,6043000,30.85,74.98,1005.71,31.56,69.36,1005.38,0,0,RULES,1,1,1,
2026-09-27 21:35:33,baseline-rules,6044000,30.85,75.45,1005.63,31.56,69.42,1005.38,0,0,RULES,1,1,1,
2026-09-27 21:35:34,baseline-rules,6045000,30.85,75.35,1005.68,31.55,69.56,1005.37,0,0,RULES,1,1,1,
2026-09-27 21:35:35,baseline-rules,6046000,30.86,76.69,1005.65,31.55,69.43,1005.42,0,0,RULES,1,1,1,
2026-09-27 21:35:36,baseline-rules,6047000,30.86,76.77,1005.64,31.55,69.38,1005.36,0,0,RULES,1,1,1,
2026-09-27 21:35:37,baseline-rules,6048000,30.86,75.35,1005.71,31.55,69.51,1005.33,0,0,RULES,1,1,1,
2026-09-27 21:35:38,baseline-rules,6049000,30.85,75.08,1005.66,31.55,69.28,1005.37,0,0,RULES,1,1,1,
2026-09-27 21:35:39,baseline-rules,6050000,30.87,74.99,1005.69,31.56,69.74,1005.38,0,0,RULES,1,1,1,
2026-09-27 21:35:40,baseline-rules,6051000,30.87,75.57,1005.66,31.55,69.59,1005.34,0,0,RULES,1,1,1,
2026-09-27 21:35:41,baseline-rules,6052000,30.85,74.84,1005.63,31.55,69.45,1005.30,0,0,RULES,1,1,1,
2026-09-27 21:35:42,baseline-rules,6053000,30.86,74.85,1005.65,31.56,69.46,1005.43,0,0,RULES,1,1,1,
2026-09-27 21:35:43,baseline-rules,6054000,30.86,74.54,1005.64,31.56,69.34,1005.40,0,0,RULES,1,1,1,
2026-09-27 21:35:44,baseline-rules,6055000,30.86,74.80,1005.59,31.55,69.76,1005.36,0,0,RULES,1,1,1,
2026-09-27 21:35:45,baseline-rules,6056000,30.87,74.80,1005.63,31.54,69.47,1005.43,0,0,RULES,1,1,1,
2026-09-27 21:35:46,baseline-rules,6057000,30.87,74.44,1005.67,31.55,69.71,1005.40,0,0,RULES,1,1,1,
2026-09-27 21:35:47,baseline-rules,6058000,30.87,74.70,1005.64,31.54,69.34,1005.38,0,0,RULES,1,1,1,
2026-09-27 21:35:48,baseline-rules,6059000,30.88,76.30,1005.65,31.55,69.30,1005.37,0,0,RULES,1,1,1,
2026-09-27 21:35:49,baseline-rules,6060000,30.90,76.77,1005.68,31.54,69.29,1005.38,0,0,RULES,1,1,1,
2026-09-27 21:35:50,baseline-rules,6061000,30.90,77.59,1005.62,31.54,69.46,1005.35,0,0,RULES,1,1,1,
2026-09-27 21:35:51,baseline-rules,6062000,30.90,78.57,1005.68,31.56,69.25,1005.43,0,0,RULES,1,1,1,
2026-09-27 21:35:52,baseline-rules,6063000,30.90,78.37,1005.63,31.57,69.41,1005.36,0,0,RULES,1,1,1,
2026-09-27 21:35:53,baseline-rules,6064000,30.89,77.58,1005.64,31.55,69.29,1005.42,0,0,RULES,1,1,1,
2026-09-27 21:35:54,baseline-rules,6065000,30.90,76.68,1005.63,31.56,69.38,1005.40,0,0,RULES,1,1,1,
2026-09-27 21:35:55,baseline-rules,6066000,30.90,75.91,1005.68,31.56,69.21,1005.43,0,0,RULES,1,1,1,
2026-09-27 21:35:56,baseline-rules,6067000,30.90,75.93,1005.66,31.55,69.78,1005.42,0,0,RULES,1,1,1,
2026-09-27 21:35:57,baseline-rules,6068000,30.91,76.46,1005.67,31.55,69.44,1005.40,0,0,RULES,1,1,1,
2026-09-27 21:35:58,baseline-rules,6069000,30.91,75.45,1005.69,31.55,69.16,1005.44,0,0,RULES,1,1,1,
2026-09-27 21:35:59,baseline-rules,6070000,30.90,75.03,1005.60,31.56,69.42,1005.35,0,0,RULES,1,1,1,
2026-09-27 21:36:00,baseline-rules,6071000,30.91,75.81,1005.70,31.55,69.43,1005.40,0,0,RULES,1,1,1,
2026-09-27 21:36:01,baseline-rules,6072000,30.92,76.92,1005.68,31.56,69.47,1005.38,0,0,RULES,1,1,1,
2026-09-27 21:36:02,baseline-rules,6073000,30.92,77.10,1005.65,31.55,69.61,1005.37,0,0,RULES,1,1,1,
2026-09-27 21:36:03,baseline-rules,6074000,30.90,75.67,1005.63,31.55,69.41,1005.36,0,0,RULES,1,1,1,
2026-09-27 21:36:04,baseline-rules,6075000,30.90,74.99,1005.66,31.54,69.45,1005.40,0,0,RULES,1,1,1,
2026-09-27 21:36:05,baseline-rules,6076000,30.91,74.90,1005.62,31.55,69.38,1005.40,0,0,RULES,1,1,1,
2026-09-27 21:36:06,baseline-rules,6077000,30.91,74.97,1005.64,31.54,69.58,1005.41,0,0,RULES,1,1,1,
2026-09-27 21:36:07,baseline-rules,6078000,30.91,75.14,1005.67,31.55,69.35,1005.42,0,0,RULES,1,1,1,
2026-09-27 21:36:08,baseline-rules,6079000,30.90,74.77,1005.66,31.54,69.27,1005.34,0,0,RULES,1,1,1,
2026-09-27 21:36:09,baseline-rules,6080000,30.90,74.76,1005.66,31.55,69.50,1005.42,0,0,RULES,1,1,1,
2026-09-27 21:36:10,baseline-rules,6081000,30.91,75.92,1005.65,31.56,69.41,1005.43,0,0,RULES,1,1,1,
2026-09-27 21:36:11,baseline-rules,6082000,30.92,76.84,1005.66,31.55,69.18,1005.37,0,0,RULES,1,1,1,
2026-09-27 21:36:12,baseline-rules,6083000,30.91,76.20,1005.65,31.55,69.30,1005.36,0,0,RULES,1,1,1,
2026-09-27 21:36:13,baseline-rules,6084000,30.92,75.28,1005.68,31.55,69.36,1005.36,0,0,RULES,1,1,1,
2026-09-27 21:36:14,baseline-rules,6085000,30.91,75.24,1005.64,31.55,69.25,1005.41,0,0,RULES,1,1,1,
2026-09-27 21:36:15,baseline-rules,6086000,30.92,74.76,1005.63,31.55,69.76,1005.41,0,0,RULES,1,1,1,
2026-09-27 21:36:16,baseline-rules,6087000,30.93,76.03,1005.73,31.54,69.67,1005.40,0,0,RULES,1,1,1,
2026-09-27 21:36:17,baseline-rules,6088000,30.92,75.17,1005.72,31.55,69.74,1005.41,0,0,RULES,1,1,1,
2026-09-27 21:36:18,baseline-rules,6089000,30.93,75.97,1005.64,31.54,69.46,1005.38,0,0,RULES,1,1,1,
2026-09-27 21:36:19,baseline-rules,6090000,30.92,75.03,1005.61,31.54,69.18,1005.35,0,0,RULES,1,1,1,
2026-09-27 21:36:20,baseline-rules,6091000,30.92,74.51,1005.66,31.55,69.27,1005.36,0,0,RULES,1,1,1,
2026-09-27 21:36:21,baseline-rules,6092000,30.94,74.74,1005.66,31.55,69.27,1005.45,0,0,RULES,1,1,1,
2026-09-27 21:36:22,baseline-rules,6093000,30.93,74.54,1005.67,31.55,69.26,1005.40,0,0,RULES,1,1,1,
2026-09-27 21:36:23,baseline-rules,6094000,30.93,75.23,1005.67,31.55,69.38,1005.40,0,0,RULES,1,1,1,
2026-09-27 21:36:24,baseline-rules,6095000,30.92,74.54,1005.63,31.55,69.44,1005.36,0,0,RULES,1,1,1,
2026-09-27 21:36:25,baseline-rules,6096000,30.93,75.27,1005.68,31.55,69.36,1005.36,0,0,RULES,1,1,1,
2026-09-27 21:36:26,baseline-rules,6097000,30.93,75.21,1005.70,31.55,69.25,1005.44,0,0,RULES,1,1,1,
2026-09-27 21:36:27,baseline-rules,,,,,,,,,,,,,,mist A=1 B=0 (below lo)
2026-09-27 21:36:27,baseline-rules,6098000,30.93,74.38,1005.67,31.55,69.53,1005.44,1,0,RULES,1,1,1,
2026-09-27 21:36:28,baseline-rules,6099000,30.93,74.18,1005.59,31.54,69.45,1005.43,1,0,RULES,1,1,1,
2026-09-27 21:36:29,baseline-rules,6100000,30.94,75.30,1005.63,31.54,69.39,1005.35,1,0,RULES,1,1,1,
2026-09-27 21:36:30,baseline-rules,6101000,30.93,75.02,1005.65,31.55,69.27,1005.41,1,0,RULES,1,1,1,
2026-09-27 21:36:31,baseline-rules,6102000,30.94,74.96,1005.66,31.55,69.33,1005.36,1,0,RULES,1,1,1,
2026-09-27 21:36:32,baseline-rules,6103000,30.94,74.71,1005.69,31.55,69.27,1005.42,1,0,RULES,1,1,1,
2026-09-27 21:36:33,baseline-rules,6104000,30.95,74.90,1005.67,31.54,69.19,1005.41,1,0,RULES,1,1,1,
2026-09-27 21:36:34,baseline-rules,6105000,30.93,74.46,1005.68,31.55,69.37,1005.45,1,0,RULES,1,1,1,
2026-09-27 21:36:35,baseline-rules,6106000,30.94,73.88,1005.66,31.55,69.45,1005.39,1,0,RULES,1,1,1,
2026-09-27 21:36:36,baseline-rules,6107000,30.94,73.78,1005.69,31.55,69.61,1005.44,1,0,RULES,1,1,1,
2026-09-27 21:36:37,baseline-rules,6108000,30.94,75.08,1005.66,31.54,69.31,1005.41,1,0,RULES,1,1,1,
2026-09-27 21:36:38,baseline-rules,6109000,30.93,74.95,1005.73,31.55,69.24,1005.47,1,0,RULES,1,1,1,
2026-09-27 21:36:39,baseline-rules,6110000,30.92,75.20,1005.58,31.55,69.30,1005.41,1,0,RULES,1,1,1,
2026-09-27 21:36:40,baseline-rules,6111000,30.92,74.56,1005.65,31.55,69.48,1005.39,1,0,RULES,1,1,1,
2026-09-27 21:36:41,baseline-rules,6112000,30.92,74.41,1005.65,31.54,69.35,1005.38,1,0,RULES,1,1,1,
2026-09-27 21:36:42,baseline-rules,6113000,30.91,74.19,1005.67,31.55,69.32,1005.36,1,0,RULES,1,1,1,
2026-09-27 21:36:43,baseline-rules,6114000,30.92,73.99,1005.65,31.55,69.33,1005.34,1,0,RULES,1,1,1,
2026-09-27 21:36:44,baseline-rules,6115000,30.91,74.21,1005.67,31.54,69.37,1005.41,1,0,RULES,1,1,1,
2026-09-27 21:36:45,baseline-rules,6116000,30.92,74.30,1005.65,31.55,69.26,1005.42,1,0,RULES,1,1,1,
2026-09-27 21:36:46,baseline-rules,6117000,30.91,74.58,1005.64,31.55,69.25,1005.45,1,0,RULES,1,1,1,
2026-09-27 21:36:47,baseline-rules,6118000,30.91,74.20,1005.64,31.55,69.43,1005.39,1,0,RULES,1,1,1,
2026-09-27 21:36:48,baseline-rules,6119000,30.91,74.34,1005.67,31.55,69.22,1005.37,1,0,RULES,1,1,1,
2026-09-27 21:36:49,baseline-rules,6120000,30.91,74.49,1005.65,31.55,69.36,1005.47,1,0,RULES,1,1,1,
2026-09-27 21:36:50,baseline-rules,6121000,30.90,74.44,1005.63,31.55,69.36,1005.41,1,0,RULES,1,1,1,
2026-09-27 21:36:51,baseline-rules,6122000,30.91,74.67,1005.69,31.55,69.25,1005.37,1,0,RULES,1,1,1,
2026-09-27 21:36:52,baseline-rules,6123000,30.90,74.37,1005.60,31.56,69.26,1005.43,1,0,RULES,1,1,1,
2026-09-27 21:36:53,baseline-rules,6124000,30.91,74.65,1005.65,31.56,69.20,1005.43,1,0,RULES,1,1,1,
2026-09-27 21:36:54,baseline-rules,6125000,30.91,74.32,1005.65,31.55,69.33,1005.37,1,0,RULES,1,1,1,
2026-09-27 21:36:55,baseline-rules,6126000,30.91,73.91,1005.67,31.56,69.18,1005.43,1,0,RULES,1,1,1,
2026-09-27 21:36:56,baseline-rules,6127000,30.92,74.10,1005.68,31.55,69.35,1005.40,1,0,RULES,1,1,1,
2026-09-27 21:36:57,baseline-rules,6128000,30.91,74.35,1005.72,31.57,69.34,1005.49,1,0,RULES,1,1,1,
2026-09-27 21:36:58,baseline-rules,6129000,30.90,74.77,1005.62,31.56,69.34,1005.43,1,0,RULES,1,1,1,
2026-09-27 21:36:59,baseline-rules,6130000,30.90,74.71,1005.62,31.56,69.27,1005.43,1,0,RULES,1,1,1,
2026-09-27 21:37:00,baseline-rules,6131000,30.90,74.67,1005.66,31.57,69.24,1005.41,1,0,RULES,1,1,1,
2026-09-27 21:37:01,baseline-rules,6132000,30.90,75.00,1005.71,31.56,69.27,1005.38,1,0,RULES,1,1,1,
2026-09-27 21:37:02,baseline-rules,6133000,30.90,75.28,1005.69,31.55,69.64,1005.36,1,0,RULES,1,1,1,
2026-09-27 21:37:03,baseline-rules,6134000,30.89,74.94,1005.67,31.55,69.22,1005.40,1,0,RULES,1,1,1,
2026-09-27 21:37:04,baseline-rules,6135000,30.90,75.21,1005.65,31.55,69.46,1005.44,1,0,RULES,1,1,1,
2026-09-27 21:37:05,baseline-rules,6136000,30.90,76.88,1005.68,31.55,69.26,1005.45,1,0,RULES,1,1,1,
2026-09-27 21:37:06,baseline-rules,6137000,30.88,75.56,1005.63,31.55,69.17,1005.41,1,0,RULES,1,1,1,
2026-09-27 21:37:07,baseline-rules,6138000,30.89,75.39,1005.67,31.55,69.32,1005.33,1,0,RULES,1,1,1,
2026-09-27 21:37:08,baseline-rules,6139000,30.88,75.58,1005.67,31.55,69.35,1005.36,1,0,RULES,1,1,1,
2026-09-27 21:37:09,baseline-rules,6140000,30.88,75.07,1005.68,31.55,69.46,1005.41,1,0,RULES,1,1,1,
2026-09-27 21:37:10,baseline-rules,6141000,30.88,74.91,1005.63,31.55,69.51,1005.44,1,0,RULES,1,1,1,
2026-09-27 21:37:11,baseline-rules,6142000,30.86,74.47,1005.62,31.54,69.38,1005.41,1,0,RULES,1,1,1,
2026-09-27 21:37:12,baseline-rules,6143000,30.86,75.17,1005.70,31.55,69.28,1005.37,1,0,RULES,1,1,1,
2026-09-27 21:37:13,baseline-rules,6144000,30.85,75.27,1005.72,31.55,69.43,1005.41,1,0,RULES,1,1,1,
2026-09-27 21:37:14,baseline-rules,6145000,30.85,75.40,1005.69,31.56,69.29,1005.40,1,0,RULES,1,1,1,
2026-09-27 21:37:15,baseline-rules,6146000,30.84,75.38,1005.69,31.55,69.30,1005.40,1,0,RULES,1,1,1,
2026-09-27 21:37:16,baseline-rules,6147000,30.84,75.38,1005.70,31.55,69.25,1005.40,1,0,RULES,1,1,1,
2026-09-27 21:37:17,baseline-rules,6148000,30.85,75.31,1005.68,31.55,69.28,1005.37,1,0,RULES,1,1,1,
2026-09-27 21:37:18,baseline-rules,6149000,30.84,75.24,1005.69,31.56,69.18,1005.43,1,0,RULES,1,1,1,
2026-09-27 21:37:19,baseline-rules,6150000,30.84,75.01,1005.69,31.55,69.34,1005.41,1,0,RULES,1,1,1,
2026-09-27 21:37:20,baseline-rules,6151000,30.84,75.66,1005.62,31.55,69.30,1005.44,1,0,RULES,1,1,1,
2026-09-27 21:37:21,baseline-rules,6152000,30.84,76.29,1005.72,31.54,69.23,1005.46,1,0,RULES,1,1,1,
2026-09-27 21:37:22,baseline-rules,6153000,30.81,75.16,1005.67,31.55,69.32,1005.47,1,0,RULES,1,1,1,
2026-09-27 21:37:23,baseline-rules,6154000,30.80,75.54,1005.63,31.55,69.36,1005.47,1,0,RULES,1,1,1,
2026-09-27 21:37:24,baseline-rules,6155000,30.80,74.98,1005.66,31.55,69.24,1005.41,1,0,RULES,1,1,1,
2026-09-27 21:37:25,baseline-rules,6156000,30.79,76.07,1005.73,31.54,69.23,1005.41,1,0,RULES,1,1,1,
2026-09-27 21:37:26,baseline-rules,6157000,30.79,75.72,1005.70,31.54,69.46,1005.43,1,0,RULES,1,1,1,
2026-09-27 21:37:27,baseline-rules,6158000,30.78,76.81,1005.77,31.55,69.61,1005.45,1,0,RULES,1,1,1,
2026-09-27 21:37:28,baseline-rules,6159000,30.78,78.08,1005.62,31.55,69.54,1005.41,1,0,RULES,1,1,1,
2026-09-27 21:37:29,baseline-rules,6160000,30.76,77.26,1005.71,31.56,69.28,1005.40,1,0,RULES,1,1,1,
2026-09-27 21:37:30,baseline-rules,6161000,30.77,77.24,1005.72,31.55,69.30,1005.42,1,0,RULES,1,1,1,
2026-09-27 21:37:31,baseline-rules,6162000,30.76,77.86,1005.74,31.55,69.27,1005.45,1,0,RULES,1,1,1,
2026-09-27 21:37:32,baseline-rules,6163000,30.75,76.04,1005.66,31.54,69.64,1005.43,1,0,RULES,1,1,1,
2026-09-27 21:37:33,baseline-rules,6164000,30.74,75.78,1005.67,31.55,69.22,1005.41,1,0,RULES,1,1,1,
2026-09-27 21:37:34,baseline-rules,6165000,30.75,77.13,1005.72,31.54,69.25,1005.35,1,0,RULES,1,1,1,
2026-09-27 21:37:35,baseline-rules,6166000,30.73,77.74,1005.68,31.55,69.44,1005.36,1,0,RULES,1,1,1,
2026-09-27 21:37:36,baseline-rules,6167000,30.73,78.65,1005.69,31.55,69.36,1005.42,1,0,RULES,1,1,1,
2026-09-27 21:37:37,baseline-rules,6168000,30.71,78.18,1005.74,31.54,69.43,1005.43,1,0,RULES,1,1,1,
2026-09-27 21:37:38,baseline-rules,6169000,30.71,76.78,1005.71,31.54,69.48,1005.41,1,0,RULES,1,1,1,
2026-09-27 21:37:39,baseline-rules,6170000,30.70,76.19,1005.73,31.55,69.26,1005.41,1,0,RULES,1,1,1,
2026-09-27 21:37:40,baseline-rules,6171000,30.70,77.11,1005.69,31.55,69.33,1005.41,1,0,RULES,1,1,1,
2026-09-27 21:37:41,baseline-rules,6172000,30.68,76.30,1005.67,31.54,69.52,1005.49,1,0,RULES,1,1,1,
2026-09-27 21:37:42,baseline-rules,6173000,30.70,76.54,1005.66,31.55,69.35,1005.47,1,0,RULES,1,1,1,
2026-09-27 21:37:43,baseline-rules,6174000,30.70,76.29,1005.69,31.55,69.50,1005.44,1,0,RULES,1,1,1,
2026-09-27 21:37:44,baseline-rules,6175000,30.71,76.30,1005.74,31.54,69.52,1005.46,1,0,RULES,1,1,1,
2026-09-27 21:37:45,baseline-rules,6176000,30.71,76.03,1005.71,31.54,69.43,1005.43,1,0,RULES,1,1,1,
2026-09-27 21:37:46,baseline-rules,6177000,30.70,76.21,1005.70,31.55,69.54,1005.44,1,0,RULES,1,1,1,
2026-09-27 21:37:47,baseline-rules,6178000,30.71,76.10,1005.71,31.55,69.44,1005.41,1,0,RULES,1,1,1,
2026-09-27 21:37:48,baseline-rules,6179000,30.71,76.79,1005.69,31.55,69.43,1005.41,1,0,RULES,1,1,1,
2026-09-27 21:37:49,baseline-rules,6180000,30.73,77.22,1005.75,31.54,69.43,1005.38,1,0,RULES,1,1,1,
2026-09-27 21:37:50,baseline-rules,6181000,30.70,76.26,1005.70,31.54,69.31,1005.43,1,0,RULES,1,1,1,
2026-09-27 21:37:51,baseline-rules,6182000,30.70,75.33,1005.70,31.54,69.18,1005.46,1,0,RULES,1,1,1,
2026-09-27 21:37:52,baseline-rules,6183000,30.71,75.34,1005.74,31.55,69.28,1005.50,1,0,RULES,1,1,1,
2026-09-27 21:37:53,baseline-rules,6184000,30.70,75.43,1005.67,31.54,69.48,1005.46,1,0,RULES,1,1,1,
2026-09-27 21:37:54,baseline-rules,6185000,30.69,74.92,1005.74,31.55,69.28,1005.47,1,0,RULES,1,1,1,
2026-09-27 21:37:55,baseline-rules,6186000,30.69,75.30,1005.65,31.55,69.32,1005.41,1,0,RULES,1,1,1,
2026-09-27 21:37:56,baseline-rules,6187000,30.70,75.96,1005.66,31.54,69.45,1005.49,1,0,RULES,1,1,1,
2026-09-27 21:37:57,baseline-rules,6188000,30.69,76.87,1005.68,31.55,69.30,1005.41,1,0,RULES,1,1,1,
2026-09-27 21:37:58,baseline-rules,6189000,30.69,77.61,1005.66,31.55,69.33,1005.44,1,0,RULES,1,1,1,
2026-09-27 21:37:59,baseline-rules,6190000,30.69,77.19,1005.71,31.54,69.52,1005.41,1,0,RULES,1,1,1,
2026-09-27 21:38:00,baseline-rules,6191000,30.67,76.29,1005.77,31.55,69.39,1005.44,1,0,RULES,1,1,1,
2026-09-27 21:38:01,baseline-rules,6192000,30.68,76.06,1005.63,31.55,69.50,1005.41,1,0,RULES,1,1,1,
2026-09-27 21:38:02,baseline-rules,6193000,30.68,77.11,1005.72,31.54,69.51,1005.46,1,0,RULES,1,1,1,
2026-09-27 21:38:03,baseline-rules,6194000,30.67,76.68,1005.67,31.54,69.22,1005.41,1,0,RULES,1,1,1,
2026-09-27 21:38:04,baseline-rules,6195000,30.66,75.52,1005.68,31.55,69.17,1005.41,1,0,RULES,1,1,1,
2026-09-27 21:38:05,baseline-rules,6196000,30.66,76.28,1005.69,31.54,69.23,1005.43,1,0,RULES,1,1,1,
2026-09-27 21:38:06,baseline-rules,6197000,30.66,76.10,1005.77,31.55,69.15,1005.44,1,0,RULES,1,1,1,
2026-09-27 21:38:07,baseline-rules,6198000,30.66,75.84,1005.71,31.55,69.28,1005.47,1,0,RULES,1,1,1,
2026-09-27 21:38:08,baseline-rules,6199000,30.66,75.56,1005.74,31.54,69.39,1005.43,1,0,RULES,1,1,1,
2026-09-27 21:38:09,baseline-rules,6200000,30.65,76.35,1005.72,31.55,69.50,1005.45,1,0,RULES,1,1,1,
2026-09-27 21:38:10,baseline-rules,6201000,30.65,75.81,1005.70,31.54,69.28,1005.45,1,0,RULES,1,1,1,
2026-09-27 21:38:11,baseline-rules,6202000,30.65,75.53,1005.72,31.55,69.24,1005.47,1,0,RULES,1,1,1,
2026-09-27 21:38:12,baseline-rules,6203000,30.65,75.52,1005.72,31.54,69.26,1005.46,1,0,RULES,1,1,1,
2026-09-27 21:38:13,baseline-rules,6204000,30.65,75.11,1005.72,31.55,69.34,1005.50,1,0,RULES,1,1,1,
2026-09-27 21:38:14,baseline-rules,6205000,30.65,75.29,1005.70,31.55,69.28,1005.47,1,0,RULES,1,1,1,
2026-09-27 21:38:15,baseline-rules,6206000,30.64,75.65,1005.66,31.55,69.41,1005.44,1,0,RULES,1,1,1,
2026-09-27 21:38:16,baseline-rules,6207000,30.64,75.56,1005.65,31.54,69.24,1005.40,1,0,RULES,1,1,1,
2026-09-27 21:38:17,baseline-rules,6208000,30.65,75.93,1005.68,31.54,69.23,1005.46,1,0,RULES,1,1,1,
2026-09-27 21:38:18,baseline-rules,6209000,30.65,75.91,1005.67,31.54,69.23,1005.49,1,0,RULES,1,1,1,
2026-09-27 21:38:19,baseline-rules,6210000,30.64,75.93,1005.74,31.53,69.13,1005.47,1,0,RULES,1,1,1,
2026-09-27 21:38:20,baseline-rules,6211000,30.65,75.61,1005.70,31.55,69.19,1005.47,1,0,RULES,1,1,1,
2026-09-27 21:38:21,baseline-rules,6212000,30.65,76.20,1005.67,31.53,69.24,1005.44,1,0,RULES,1,1,1,
2026-09-27 21:38:22,baseline-rules,6213000,30.65,75.54,1005.70,31.54,69.17,1005.43,1,0,RULES,1,1,1,
2026-09-27 21:38:23,baseline-rules,6214000,30.64,75.31,1005.66,31.54,69.23,1005.46,1,0,RULES,1,1,1,
2026-09-27 21:38:24,baseline-rules,6215000,30.65,75.44,1005.75,31.54,69.61,1005.48,1,0,RULES,1,1,1,
2026-09-27 21:38:25,baseline-rules,6216000,30.64,75.76,1005.72,31.54,69.21,1005.45,1,0,RULES,1,1,1,
2026-09-27 21:38:26,baseline-rules,6217000,30.65,75.88,1005.72,31.54,69.28,1005.43,1,0,RULES,1,1,1,
2026-09-27 21:38:27,baseline-rules,6218000,30.64,75.93,1005.69,31.55,69.19,1005.44,1,0,RULES,1,1,1,
2026-09-27 21:38:28,baseline-rules,6219000,30.65,75.85,1005.70,31.55,69.25,1005.47,1,0,RULES,1,1,1,
2026-09-27 21:38:29,baseline-rules,6220000,30.64,77.75,1005.77,31.55,69.35,1005.47,1,0,RULES,1,1,1,
2026-09-27 21:38:30,baseline-rules,6221000,30.63,76.37,1005.69,31.55,69.24,1005.44,1,0,RULES,1,1,1,
2026-09-27 21:38:31,baseline-rules,6222000,30.63,75.59,1005.69,31.54,69.19,1005.41,1,0,RULES,1,1,1,
2026-09-27 21:38:32,baseline-rules,6223000,30.63,75.14,1005.76,31.55,69.38,1005.47,1,0,RULES,1,1,1,
2026-09-27 21:38:33,baseline-rules,6224000,30.62,75.20,1005.71,31.55,69.19,1005.53,1,0,RULES,1,1,1,
2026-09-27 21:38:34,baseline-rules,6225000,30.63,75.70,1005.72,31.54,69.28,1005.43,1,0,RULES,1,1,1,
2026-09-27 21:38:35,baseline-rules,6226000,30.63,75.80,1005.75,31.54,69.38,1005.40,1,0,RULES,1,1,1,
2026-09-27 21:38:36,baseline-rules,6227000,30.62,75.57,1005.68,31.55,69.53,1005.48,1,0,RULES,1,1,1,
2026-09-27 21:38:37,baseline-rules,6228000,30.62,74.74,1005.66,31.55,69.59,1005.44,1,0,RULES,1,1,1,
2026-09-27 21:38:38,baseline-rules,6229000,30.62,74.80,1005.68,31.55,69.39,1005.44,1,0,RULES,1,1,1,
2026-09-27 21:38:39,baseline-rules,6230000,30.62,74.64,1005.74,31.55,69.72,1005.47,1,0,RULES,1,1,1,
2026-09-27 21:38:40,baseline-rules,6231000,30.63,75.00,1005.69,31.54,69.49,1005.38,1,0,RULES,1,1,1,
2026-09-27 21:38:41,baseline-rules,6232000,30.62,75.73,1005.68,31.54,69.62,1005.43,1,0,RULES,1,1,1,
2026-09-27 21:38:42,baseline-rules,6233000,30.62,75.56,1005.73,31.55,69.24,1005.47,1,0,RULES,1,1,1,
2026-09-27 21:38:43,baseline-rules,6234000,30.62,75.30,1005.70,31.55,69.20,1005.42,1,0,RULES,1,1,1,
2026-09-27 21:38:44,baseline-rules,6235000,30.61,75.08,1005.72,31.55,69.26,1005.45,1,0,RULES,1,1,1,
2026-09-27 21:38:45,baseline-rules,6236000,30.61,75.25,1005.67,31.55,69.34,1005.45,1,0,RULES,1,1,1,
2026-09-27 21:38:46,baseline-rules,6237000,30.61,74.72,1005.70,31.55,69.30,1005.41,1,0,RULES,1,1,1,
2026-09-27 21:38:47,baseline-rules,6238000,30.62,75.10,1005.68,31.55,69.25,1005.42,1,0,RULES,1,1,1,
2026-09-27 21:38:48,baseline-rules,6239000,30.62,76.16,1005.70,31.55,69.24,1005.44,1,0,RULES,1,1,1,
2026-09-27 21:38:49,baseline-rules,6240000,30.61,76.26,1005.66,31.55,69.25,1005.42,1,0,RULES,1,1,1,
2026-09-27 21:38:50,baseline-rules,6241000,30.61,75.77,1005.70,31.55,69.28,1005.42,1,0,RULES,1,1,1,
2026-09-27 21:38:51,baseline-rules,6242000,30.62,76.51,1005.71,31.56,69.28,1005.46,1,0,RULES,1,1,1,
2026-09-27 21:38:52,baseline-rules,6243000,30.61,76.53,1005.78,31.55,69.51,1005.40,1,0,RULES,1,1,1,
2026-09-27 21:38:53,baseline-rules,6244000,30.63,77.45,1005.72,31.55,69.24,1005.42,1,0,RULES,1,1,1,
2026-09-27 21:38:54,baseline-rules,6245000,30.62,78.83,1005.65,31.55,69.26,1005.44,1,0,RULES,1,1,1,
2026-09-27 21:38:55,baseline-rules,6246000,30.61,79.39,1005.75,31.55,69.25,1005.45,1,0,RULES,1,1,1,
2026-09-27 21:38:56,baseline-rules,6247000,30.60,79.27,1005.71,31.55,69.34,1005.45,1,0,RULES,1,1,1,
2026-09-27 21:38:57,baseline-rules,6248000,30.58,77.71,1005.74,31.56,69.24,1005.51,1,0,RULES,1,1,1,
2026-09-27 21:38:58,baseline-rules,6249000,30.58,77.04,1005.68,31.55,69.36,1005.39,1,0,RULES,1,1,1,
2026-09-27 21:38:59,baseline-rules,6250000,30.59,78.42,1005.75,31.55,69.19,1005.41,1,0,RULES,1,1,1,
2026-09-27 21:39:00,baseline-rules,6251000,30.57,77.49,1005.77,31.55,69.25,1005.51,1,0,RULES,1,1,1,
2026-09-27 21:39:01,baseline-rules,6252000,30.56,76.96,1005.70,31.54,69.63,1005.38,1,0,RULES,1,1,1,
2026-09-27 21:39:02,baseline-rules,6253000,30.57,76.50,1005.75,31.55,69.30,1005.44,1,0,RULES,1,1,1,
2026-09-27 21:39:03,baseline-rules,6254000,30.57,75.94,1005.66,31.55,69.29,1005.42,1,0,RULES,1,1,1,
2026-09-27 21:39:04,baseline-rules,6255000,30.56,76.33,1005.71,31.54,69.21,1005.43,1,0,RULES,1,1,1,
2026-09-27 21:39:05,baseline-rules,6256000,30.57,76.65,1005.69,31.56,69.30,1005.49,1,0,RULES,1,1,1,
2026-09-27 21:39:06,baseline-rules,6257000,30.56,77.30,1005.71,31.55,69.24,1005.44,1,0,RULES,1,1,1,
2026-09-27 21:39:07,baseline-rules,6258000,30.56,77.40,1005.73,31.55,69.28,1005.50,1,0,RULES,1,1,1,
2026-09-27 21:39:08,baseline-rules,6259000,30.57,79.08,1005.75,31.54,69.52,1005.46,1,0,RULES,1,1,1,
2026-09-27 21:39:09,baseline-rules,6260000,30.55,77.46,1005.71,31.55,69.25,1005.42,1,0,RULES,1,1,1,
2026-09-27 21:39:10,baseline-rules,6261000,30.55,77.58,1005.75,31.54,69.19,1005.43,1,0,RULES,1,1,1,
2026-09-27 21:39:11,baseline-rules,6262000,30.55,77.10,1005.74,31.55,69.35,1005.47,1,0,RULES,1,1,1,
2026-09-27 21:39:12,baseline-rules,6263000,30.55,77.60,1005.72,31.55,69.26,1005.44,1,0,RULES,1,1,1,
2026-09-27 21:39:13,baseline-rules,6264000,30.55,77.72,1005.72,31.55,69.33,1005.44,1,0,RULES,1,1,1,
2026-09-27 21:39:14,baseline-rules,6265000,30.54,76.59,1005.68,31.54,69.35,1005.37,1,0,RULES,1,1,1,
2026-09-27 21:39:15,baseline-rules,6266000,30.54,76.54,1005.73,31.56,69.28,1005.43,1,0,RULES,1,1,1,
2026-09-27 21:39:16,baseline-rules,6267000,30.53,77.47,1005.69,31.55,69.28,1005.50,1,0,RULES,1,1,1,
2026-09-27 21:39:17,baseline-rules,6268000,30.54,76.64,1005.70,31.55,69.27,1005.47,1,0,RULES,1,1,1,
2026-09-27 21:39:18,baseline-rules,6269000,30.54,76.81,1005.72,31.55,69.27,1005.53,1,0,RULES,1,1,1,
2026-09-27 21:39:19,baseline-rules,6270000,30.53,76.08,1005.72,31.55,69.27,1005.39,1,0,RULES,1,1,1,
2026-09-27 21:39:20,baseline-rules,6271000,30.54,76.61,1005.68,31.55,69.28,1005.47,1,0,RULES,1,1,1,
2026-09-27 21:39:21,baseline-rules,6272000,30.55,77.50,1005.74,31.55,69.34,1005.50,1,0,RULES,1,1,1,
2026-09-27 21:39:22,baseline-rules,6273000,30.53,76.08,1005.72,31.54,69.29,1005.46,1,0,RULES,1,1,1,
2026-09-27 21:39:23,baseline-rules,6274000,30.53,75.73,1005.71,31.55,69.52,1005.44,1,0,RULES,1,1,1,
2026-09-27 21:39:24,baseline-rules,6275000,30.53,76.78,1005.72,31.55,69.32,1005.44,1,0,RULES,1,1,1,
2026-09-27 21:39:25,baseline-rules,6276000,30.53,76.16,1005.71,31.55,69.15,1005.48,1,0,RULES,1,1,1,
2026-09-27 21:39:26,baseline-rules,6277000,30.53,77.11,1005.69,31.55,69.30,1005.48,1,0,RULES,1,1,1,
2026-09-27 21:39:27,baseline-rules,6278000,30.51,77.23,1005.68,31.55,69.25,1005.47,1,0,RULES,1,1,1,
2026-09-27 21:39:28,baseline-rules,6279000,30.51,78.13,1005.68,31.56,69.24,1005.49,1,0,RULES,1,1,1,
2026-09-27 21:39:29,baseline-rules,6280000,30.50,77.41,1005.72,31.56,69.32,1005.46,1,0,RULES,1,1,1,
2026-09-27 21:39:30,baseline-rules,6281000,30.50,77.61,1005.67,31.55,69.26,1005.42,1,0,RULES,1,1,1,
2026-09-27 21:39:31,baseline-rules,6282000,30.51,79.11,1005.68,31.56,69.48,1005.43,1,0,RULES,1,1,1,
2026-09-27 21:39:32,baseline-rules,6283000,30.50,78.05,1005.64,31.55,69.42,1005.47,1,0,RULES,1,1,1,
2026-09-27 21:39:33,baseline-rules,6284000,30.48,77.11,1005.69,31.55,69.15,1005.44,1,0,RULES,1,1,1,
2026-09-27 21:39:34,baseline-rules,6285000,30.50,76.14,1005.69,31.55,69.50,1005.47,1,0,RULES,1,1,1,
2026-09-27 21:39:35,baseline-rules,6286000,30.50,77.04,1005.69,31.55,69.42,1005.42,1,0,RULES,1,1,1,
2026-09-27 21:39:36,baseline-rules,6287000,30.50,77.53,1005.74,31.56,69.25,1005.49,1,0,RULES,1,1,1,
2026-09-27 21:39:37,baseline-rules,6288000,30.49,77.09,1005.74,31.54,69.25,1005.43,1,0,RULES,1,1,1,
2026-09-27 21:39:38,baseline-rules,6289000,30.49,77.43,1005.71,31.56,69.43,1005.49,1,0,RULES,1,1,1,
2026-09-27 21:39:39,baseline-rules,6290000,30.50,77.38,1005.66,31.55,69.73,1005.44,1,0,RULES,1,1,1,
2026-09-27 21:39:40,baseline-rules,6291000,30.49,76.52,1005.71,31.55,69.39,1005.41,1,0,RULES,1,1,1,
2026-09-27 21:39:41,baseline-rules,6292000,30.49,75.83,1005.71,31.56,69.72,1005.51,1,0,RULES,1,1,1,
2026-09-27 21:39:42,baseline-rules,6293000,30.49,76.06,1005.76,31.56,69.42,1005.43,1,0,RULES,1,1,1,
2026-09-27 21:39:43,baseline-rules,6294000,30.49,75.94,1005.71,31.56,69.30,1005.46,1,0,RULES,1,1,1,
2026-09-27 21:39:44,baseline-rules,6295000,30.48,76.60,1005.72,31.54,69.30,1005.43,1,0,RULES,1,1,1,
2026-09-27 21:39:45,baseline-rules,6296000,30.49,76.70,1005.71,31.55,69.38,1005.44,1,0,RULES,1,1,1,
2026-09-27 21:39:46,baseline-rules,6297000,30.49,77.63,1005.67,31.55,69.33,1005.47,1,0,RULES,1,1,1,
2026-09-27 21:39:47,baseline-rules,6298000,30.48,78.31,1005.74,31.55,69.29,1005.45,1,0,RULES,1,1,1,
2026-09-27 21:39:48,baseline-rules,6299000,30.48,79.65,1005.72,31.55,69.25,1005.45,1,0,RULES,1,1,1,
2026-09-27 21:39:49,baseline-rules,6300000,30.48,78.89,1005.72,31.55,69.38,1005.50,1,0,RULES,1,1,1,
2026-09-27 21:39:50,baseline-rules,6301000,30.45,77.48,1005.70,31.56,69.25,1005.46,1,0,RULES,1,1,1,
2026-09-27 21:39:51,baseline-rules,6302000,30.46,76.71,1005.63,31.56,69.22,1005.43,1,0,RULES,1,1,1,
2026-09-27 21:39:52,baseline-rules,6303000,30.47,76.34,1005.72,31.56,69.33,1005.51,1,0,RULES,1,1,1,
2026-09-27 21:39:53,baseline-rules,6304000,30.45,77.29,1005.69,31.55,69.27,1005.42,1,0,RULES,1,1,1,
2026-09-27 21:39:54,baseline-rules,6305000,30.45,76.92,1005.70,31.55,69.58,1005.47,1,0,RULES,1,1,1,
2026-09-27 21:39:55,baseline-rules,6306000,30.46,77.19,1005.74,31.57,69.73,1005.44,1,0,RULES,1,1,1,
2026-09-27 21:39:56,baseline-rules,6307000,30.47,77.25,1005.72,31.56,69.30,1005.49,1,0,RULES,1,1,1,
2026-09-27 21:39:57,baseline-rules,6308000,30.46,77.31,1005.66,31.56,69.36,1005.51,1,0,RULES,1,1,1,
2026-09-27 21:39:58,baseline-rules,6309000,30.46,77.13,1005.74,31.56,69.33,1005.49,1,0,RULES,1,1,1,
2026-09-27 21:39:59,baseline-rules,6310000,30.47,78.77,1005.73,31.56,69.29,1005.43,1,0,RULES,1,1,1,
2026-09-27 21:40:00,baseline-rules,6311000,30.47,79.03,1005.72,31.56,69.43,1005.46,1,0,RULES,1,1,1,
2026-09-27 21:40:01,baseline-rules,6312000,30.46,80.43,1005.72,31.57,69.39,1005.47,1,0,RULES,1,1,1,
2026-09-27 21:40:02,baseline-rules,6313000,30.45,79.79,1005.72,31.57,69.27,1005.47,1,0,RULES,1,1,1,
2026-09-27 21:40:03,baseline-rules,6314000,30.44,78.58,1005.67,31.55,69.36,1005.41,1,0,RULES,1,1,1,
2026-09-27 21:40:04,baseline-rules,6315000,30.45,79.39,1005.70,31.56,69.30,1005.49,1,0,RULES,1,1,1,
2026-09-27 21:40:05,baseline-rules,6316000,30.46,80.15,1005.72,31.56,69.51,1005.43,1,0,RULES,1,1,1,
2026-09-27 21:40:06,baseline-rules,6317000,30.44,78.53,1005.74,31.56,69.39,1005.49,1,0,RULES,1,1,1,
2026-09-27 21:40:07,baseline-rules,6318000,30.44,78.76,1005.67,31.56,69.36,1005.43,1,0,RULES,1,1,1,
2026-09-27 21:40:08,baseline-rules,6319000,30.42,78.07,1005.70,31.56,69.32,1005.46,1,0,RULES,1,1,1,
2026-09-27 21:40:09,baseline-rules,6320000,30.42,77.78,1005.67,31.55,69.29,1005.45,1,0,RULES,1,1,1,
2026-09-27 21:40:10,baseline-rules,6321000,30.43,76.73,1005.72,31.56,69.39,1005.38,1,0,RULES,1,1,1,
2026-09-27 21:40:11,baseline-rules,6322000,30.42,76.88,1005.73,31.56,69.55,1005.43,1,0,RULES,1,1,1,
2026-09-27 21:40:12,baseline-rules,6323000,30.42,77.08,1005.73,31.57,69.36,1005.49,1,0,RULES,1,1,1,
2026-09-27 21:40:13,baseline-rules,6324000,30.43,77.23,1005.77,31.56,69.56,1005.43,1,0,RULES,1,1,1,
2026-09-27 21:40:14,baseline-rules,6325000,30.42,76.71,1005.71,31.58,69.30,1005.48,1,0,RULES,1,1,1,
2026-09-27 21:40:15,baseline-rules,6326000,30.43,77.30,1005.72,31.57,69.34,1005.45,1,0,RULES,1,1,1,
2026-09-27 21:40:16,baseline-rules,6327000,30.43,77.97,1005.74,31.57,69.24,1005.50,1,0,RULES,1,1,1,
2026-09-27 21:40:17,baseline-rules,6328000,30.44,77.63,1005.68,31.57,69.41,1005.47,1,0,RULES,1,1,1,
2026-09-27 21:40:18,baseline-rules,6329000,30.45,78.06,1005.72,31.57,69.45,1005.45,1,0,RULES,1,1,1,
2026-09-27 21:40:19,baseline-rules,6330000,30.43,77.32,1005.69,31.58,69.57,1005.48,1,0,RULES,1,1,1,
2026-09-27 21:40:20,baseline-rules,6331000,30.44,76.34,1005.74,31.57,69.35,1005.45,1,0,RULES,1,1,1,
2026-09-27 21:40:21,baseline-rules,6332000,30.45,77.73,1005.69,31.57,69.39,1005.45,1,0,RULES,1,1,1,
2026-09-27 21:40:22,baseline-rules,6333000,30.44,79.00,1005.62,31.57,69.39,1005.45,1,0,RULES,1,1,1,
2026-09-27 21:40:23,baseline-rules,6334000,30.43,78.38,1005.67,31.58,69.30,1005.40,1,0,RULES,1,1,1,
2026-09-27 21:40:24,baseline-rules,6335000,30.43,78.25,1005.69,31.57,69.33,1005.42,1,0,RULES,1,1,1,
2026-09-27 21:40:25,baseline-rules,6336000,30.43,77.48,1005.72,31.57,69.28,1005.47,1,0,RULES,1,1,1,
2026-09-27 21:40:26,baseline-rules,6337000,30.43,76.39,1005.72,31.57,69.28,1005.44,1,0,RULES,1,1,1,
2026-09-27 21:40:27,baseline-rules,6338000,30.43,76.48,1005.67,31.57,69.33,1005.44,1,0,RULES,1,1,1,
2026-09-27 21:40:28,baseline-rules,6339000,30.44,76.68,1005.67,31.58,69.32,1005.45,1,0,RULES,1,1,1,
2026-09-27 21:40:29,baseline-rules,6340000,30.43,76.57,1005.66,31.58,69.39,1005.45,1,0,RULES,1,1,1,
2026-09-27 21:40:30,baseline-rules,6341000,30.44,76.54,1005.67,31.58,69.38,1005.46,1,0,RULES,1,1,1,
2026-09-27 21:40:31,baseline-rules,6342000,30.43,76.19,1005.69,31.57,69.30,1005.45,1,0,RULES,1,1,1,
2026-09-27 21:40:32,baseline-rules,6343000,30.44,76.23,1005.73,31.57,69.34,1005.47,1,0,RULES,1,1,1,
2026-09-27 21:40:33,baseline-rules,6344000,30.44,75.74,1005.71,31.57,69.32,1005.45,1,0,RULES,1,1,1,
2026-09-27 21:40:34,baseline-rules,6345000,30.43,76.48,1005.67,31.57,69.40,1005.47,1,0,RULES,1,1,1,
2026-09-27 21:40:35,baseline-rules,6346000,30.43,76.49,1005.72,31.57,69.27,1005.45,1,0,RULES,1,1,1,
2026-09-27 21:40:36,baseline-rules,6347000,30.43,76.32,1005.69,31.57,69.44,1005.45,1,0,RULES,1,1,1,
2026-09-27 21:40:37,baseline-rules,6348000,30.44,76.39,1005.67,31.58,69.31,1005.46,1,0,RULES,1,1,1,
2026-09-27 21:40:38,baseline-rules,6349000,30.43,75.94,1005.69,31.58,69.26,1005.49,1,0,RULES,1,1,1,
2026-09-27 21:40:39,baseline-rules,6350000,30.44,75.65,1005.73,31.57,69.32,1005.47,1,0,RULES,1,1,1,
2026-09-27 21:40:40,baseline-rules,6351000,30.43,75.49,1005.69,31.57,69.41,1005.45,1,0,RULES,1,1,1,
2026-09-27 21:40:41,baseline-rules,6352000,30.43,75.36,1005.75,31.58,69.34,1005.45,1,0,RULES,1,1,1,
2026-09-27 21:40:42,baseline-rules,6353000,30.45,75.72,1005.69,31.58,69.30,1005.43,1,0,RULES,1,1,1,
2026-09-27 21:40:43,baseline-rules,6354000,30.45,76.64,1005.70,31.59,69.33,1005.51,1,0,RULES,1,1,1,
2026-09-27 21:40:44,baseline-rules,6355000,30.45,75.77,1005.73,31.58,69.36,1005.43,1,0,RULES,1,1,1,
2026-09-27 21:40:45,baseline-rules,6356000,30.45,77.00,1005.70,31.60,69.30,1005.49,1,0,RULES,1,1,1,
2026-09-27 21:40:46,baseline-rules,6357000,30.45,78.26,1005.78,31.60,69.29,1005.46,1,0,RULES,1,1,1,
2026-09-27 21:40:47,baseline-rules,6358000,30.45,78.46,1005.73,31.59,69.30,1005.42,1,0,RULES,1,1,1,
2026-09-27 21:40:48,baseline-rules,6359000,30.45,78.44,1005.73,31.59,69.30,1005.48,1,0,RULES,1,1,1,
2026-09-27 21:40:49,baseline-rules,6360000,30.45,78.42,1005.76,31.59,69.33,1005.45,1,0,RULES,1,1,1,
2026-09-27 21:40:50,baseline-rules,6361000,30.45,77.35,1005.73,31.60,69.29,1005.46,1,0,RULES,1,1,1,
2026-09-27 21:40:51,baseline-rules,6362000,30.45,77.21,1005.70,31.58,69.27,1005.38,1,0,RULES,1,1,1,
2026-09-27 21:40:52,baseline-rules,6363000,30.46,76.78,1005.71,31.59,69.28,1005.48,1,0,RULES,1,1,1,
2026-09-27 21:40:53,baseline-rules,6364000,30.45,76.30,1005.73,31.60,69.29,1005.43,1,0,RULES,1,1,1,
2026-09-27 21:40:54,baseline-rules,6365000,30.46,76.08,1005.71,31.59,69.20,1005.51,1,0,RULES,1,1,1,
2026-09-27 21:40:55,baseline-rules,6366000,30.44,76.21,1005.71,31.59,69.34,1005.42,1,0,RULES,1,1,1,
2026-09-27 21:40:56,baseline-rules,6367000,30.44,76.20,1005.65,31.58,69.33,1005.41,1,0,RULES,1,1,1,
2026-09-27 21:40:57,baseline-rules,6368000,30.46,77.21,1005.76,31.58,69.35,1005.41,1,0,RULES,1,1,1,
2026-09-27 21:40:58,baseline-rules,6369000,30.45,77.50,1005.72,31.58,69.40,1005.41,1,0,RULES,1,1,1,
2026-09-27 21:40:59,baseline-rules,6370000,30.45,78.11,1005.72,31.59,69.60,1005.45,1,0,RULES,1,1,1,
2026-09-27 21:41:00,baseline-rules,6371000,30.44,77.15,1005.70,31.58,69.53,1005.46,1,0,RULES,1,1,1,
2026-09-27 21:41:01,baseline-rules,6372000,30.45,77.19,1005.72,31.59,69.36,1005.50,1,0,RULES,1,1,1,
2026-09-27 21:41:02,baseline-rules,6373000,30.44,77.33,1005.73,31.59,69.25,1005.51,1,0,RULES,1,1,1,
2026-09-27 21:41:03,baseline-rules,6374000,30.44,76.48,1005.71,31.58,69.31,1005.49,1,0,RULES,1,1,1,
2026-09-27 21:41:04,baseline-rules,6375000,30.43,76.97,1005.63,31.58,69.27,1005.49,1,0,RULES,1,1,1,
2026-09-27 21:41:05,baseline-rules,6376000,30.43,76.91,1005.72,31.58,69.41,1005.46,1,0,RULES,1,1,1,
2026-09-27 21:41:06,baseline-rules,6377000,30.43,78.35,1005.72,31.58,69.65,1005.43,1,0,RULES,1,1,1,
2026-09-27 21:41:07,baseline-rules,6378000,30.41,77.11,1005.68,31.59,69.39,1005.45,1,0,RULES,1,1,1,
2026-09-27 21:41:08,baseline-rules,6379000,30.42,78.19,1005.76,31.58,69.35,1005.49,1,0,RULES,1,1,1,
2026-09-27 21:41:09,baseline-rules,6380000,30.42,78.47,1005.70,31.58,69.41,1005.49,1,0,RULES,1,1,1,
2026-09-27 21:41:10,baseline-rules,6381000,30.41,78.30,1005.72,31.59,69.65,1005.48,1,0,RULES,1,1,1,
2026-09-27 21:41:11,baseline-rules,6382000,30.42,78.30,1005.67,31.58,69.45,1005.51,1,0,RULES,1,1,1,
2026-09-27 21:41:12,baseline-rules,6383000,30.43,79.42,1005.72,31.59,69.40,1005.45,1,0,RULES,1,1,1,
2026-09-27 21:41:13,baseline-rules,6384000,30.42,79.62,1005.71,31.59,69.34,1005.47,1,0,RULES,1,1,1,
2026-09-27 21:41:14,baseline-rules,6385000,30.41,78.15,1005.75,31.58,69.46,1005.52,1,0,RULES,1,1,1,
2026-09-27 21:41:15,baseline-rules,6386000,30.43,78.09,1005.77,31.59,69.34,1005.44,1,0,RULES,1,1,1,
2026-09-27 21:41:16,baseline-rules,6387000,30.42,77.62,1005.68,31.59,69.30,1005.47,1,0,RULES,1,1,1,
2026-09-27 21:41:17,baseline-rules,6388000,30.43,77.24,1005.75,31.59,69.32,1005.42,1,0,RULES,1,1,1,
2026-09-27 21:41:18,baseline-rules,6389000,30.44,77.15,1005.70,31.58,69.41,1005.41,1,0,RULES,1,1,1,
2026-09-27 21:41:19,baseline-rules,6390000,30.43,79.98,1005.77,31.59,69.30,1005.45,1,0,RULES,1,1,1,
2026-09-27 21:41:20,baseline-rules,6391000,30.42,79.70,1005.78,31.58,69.38,1005.46,1,0,RULES,1,1,1,
2026-09-27 21:41:21,baseline-rules,6392000,30.42,79.87,1005.76,31.59,69.30,1005.48,1,0,RULES,1,1,1,
2026-09-27 21:41:22,baseline-rules,6393000,30.43,80.61,1005.72,31.59,69.43,1005.45,1,0,RULES,1,1,1,
2026-09-27 21:41:23,baseline-rules,6394000,30.42,80.34,1005.68,31.59,69.38,1005.48,1,0,RULES,1,1,1,
2026-09-27 21:41:24,baseline-rules,6395000,30.42,80.46,1005.62,31.59,69.30,1005.44,1,0,RULES,1,1,1,
2026-09-27 21:41:25,baseline-rules,6396000,30.42,80.55,1005.65,31.59,69.42,1005.45,1,0,RULES,1,1,1,
2026-09-27 21:41:26,baseline-rules,6397000,30.42,79.75,1005.76,31.59,69.35,1005.45,1,0,RULES,1,1,1,
2026-09-27 21:41:27,baseline-rules,6398000,30.43,79.18,1005.75,31.59,69.39,1005.42,1,0,RULES,1,1,1,
2026-09-27 21:41:27,baseline-rules,,,,,,,,,,,,,,mist A=0 B=0 (burst cap)
2026-09-27 21:41:28,baseline-rules,6399000,30.44,78.99,1005.70,31.59,69.74,1005.44,0,0,RULES,1,1,1,
2026-09-27 21:41:29,baseline-rules,6400000,30.43,78.63,1005.74,31.59,69.38,1005.53,0,0,RULES,1,1,1,
2026-09-27 21:41:30,baseline-rules,6401000,30.44,78.84,1005.67,31.59,69.42,1005.44,0,0,RULES,1,1,1,
2026-09-27 21:41:31,baseline-rules,6402000,30.42,77.61,1005.73,31.59,69.49,1005.47,0,0,RULES,1,1,1,
2026-09-27 21:41:32,baseline-rules,6403000,30.44,77.15,1005.70,31.59,69.58,1005.45,0,0,RULES,1,1,1,
2026-09-27 21:41:33,baseline-rules,6404000,30.44,78.20,1005.71,31.58,69.35,1005.43,0,0,RULES,1,1,1,
2026-09-27 21:41:34,baseline-rules,6405000,30.44,78.36,1005.71,31.59,69.33,1005.47,0,0,RULES,1,1,1,
2026-09-27 21:41:35,baseline-rules,6406000,30.45,78.83,1005.73,31.59,69.39,1005.42,0,0,RULES,1,1,1,
2026-09-27 21:41:36,baseline-rules,6407000,30.44,77.40,1005.74,31.58,69.53,1005.40,0,0,RULES,1,1,1,
2026-09-27 21:41:37,baseline-rules,6408000,30.45,78.12,1005.76,31.58,69.33,1005.48,0,0,RULES,1,1,1,
2026-09-27 21:41:38,baseline-rules,6409000,30.45,78.28,1005.73,31.59,69.47,1005.48,0,0,RULES,1,1,1,
2026-09-27 21:41:39,baseline-rules,6410000,30.45,77.44,1005.67,31.59,69.41,1005.42,0,0,RULES,1,1,1,
2026-09-27 21:41:40,baseline-rules,6411000,30.44,76.90,1005.74,31.59,69.40,1005.47,0,0,RULES,1,1,1,
2026-09-27 21:41:41,baseline-rules,6412000,30.46,76.83,1005.68,31.58,69.39,1005.46,0,0,RULES,1,1,1,
2026-09-27 21:41:42,baseline-rules,6413000,30.47,77.59,1005.70,31.59,69.64,1005.40,0,0,RULES,1,1,1,
2026-09-27 21:41:43,baseline-rules,6414000,30.46,77.00,1005.68,31.58,69.54,1005.43,0,0,RULES,1,1,1,
2026-09-27 21:41:44,baseline-rules,6415000,30.46,76.21,1005.72,31.59,69.76,1005.42,0,0,RULES,1,1,1,
2026-09-27 21:41:45,baseline-rules,6416000,30.47,76.52,1005.76,31.59,69.52,1005.45,0,0,RULES,1,1,1,
2026-09-27 21:41:46,baseline-rules,6417000,30.48,77.05,1005.71,31.59,69.58,1005.42,0,0,RULES,1,1,1,
2026-09-27 21:41:47,baseline-rules,6418000,30.48,77.61,1005.68,31.59,69.71,1005.42,0,0,RULES,1,1,1,
2026-09-27 21:41:48,baseline-rules,6419000,30.48,78.14,1005.66,31.59,69.73,1005.47,0,0,RULES,1,1,1,
2026-09-27 21:41:49,baseline-rules,6420000,30.49,77.84,1005.67,31.59,69.38,1005.45,0,0,RULES,1,1,1,
2026-09-27 21:41:50,baseline-rules,6421000,30.50,78.02,1005.72,31.59,69.41,1005.37,0,0,RULES,1,1,1,
2026-09-27 21:41:51,baseline-rules,6422000,30.50,77.18,1005.72,31.59,69.40,1005.47,0,0,RULES,1,1,1,
2026-09-27 21:41:52,baseline-rules,6423000,30.49,76.67,1005.76,31.59,69.50,1005.39,0,0,RULES,1,1,1,
2026-09-27 21:41:53,baseline-rules,6424000,30.50,76.74,1005.72,31.59,69.58,1005.42,0,0,RULES,1,1,1,
2026-09-27 21:41:54,baseline-rules,6425000,30.51,76.77,1005.68,31.59,69.35,1005.47,0,0,RULES,1,1,1,
2026-09-27 21:41:55,baseline-rules,6426000,30.52,77.92,1005.75,31.59,69.68,1005.51,0,0,RULES,1,1,1,
2026-09-27 21:41:56,baseline-rules,6427000,30.51,76.66,1005.68,31.59,69.84,1005.51,0,0,RULES,1,1,1,
2026-09-27 21:41:57,baseline-rules,6428000,30.52,76.20,1005.67,31.59,69.83,1005.45,0,0,RULES,1,1,1,
2026-09-27 21:41:58,baseline-rules,6429000,30.52,76.28,1005.67,31.59,69.77,1005.45,0,0,RULES,1,1,1,
2026-09-27 21:41:59,baseline-rules,6430000,30.53,76.28,1005.66,31.60,69.42,1005.43,0,0,RULES,1,1,1,
2026-09-27 21:42:00,baseline-rules,6431000,30.53,75.91,1005.66,31.60,69.58,1005.43,0,0,RULES,1,1,1,
2026-09-27 21:42:01,baseline-rules,6432000,30.54,76.28,1005.70,31.59,69.27,1005.42,0,0,RULES,1,1,1,
2026-09-27 21:42:02,baseline-rules,6433000,30.55,76.06,1005.69,31.58,69.41,1005.41,0,0,RULES,1,1,1,
2026-09-27 21:42:03,baseline-rules,6434000,30.55,77.15,1005.69,31.58,69.75,1005.43,0,0,RULES,1,1,1,
2026-09-27 21:42:04,baseline-rules,6435000,30.57,78.48,1005.72,31.59,69.73,1005.37,0,0,RULES,1,1,1,
2026-09-27 21:42:05,baseline-rules,6436000,30.58,79.08,1005.68,31.59,69.46,1005.47,0,0,RULES,1,1,1,
2026-09-27 21:42:06,baseline-rules,6437000,30.57,78.22,1005.70,31.60,69.62,1005.40,0,0,RULES,1,1,1,
2026-09-27 21:42:07,baseline-rules,6438000,30.57,76.88,1005.70,31.59,69.60,1005.47,0,0,RULES,1,1,1,
2026-09-27 21:42:08,baseline-rules,6439000,30.58,76.48,1005.68,31.59,69.61,1005.42,0,0,RULES,1,1,1,
2026-09-27 21:42:09,baseline-rules,6440000,30.58,76.64,1005.77,31.59,69.58,1005.42,0,0,RULES,1,1,1,
2026-09-27 21:42:10,baseline-rules,6441000,30.60,76.89,1005.68,31.59,69.75,1005.42,0,0,RULES,1,1,1,
2026-09-27 21:42:11,baseline-rules,6442000,30.60,76.82,1005.64,31.60,69.40,1005.51,0,0,RULES,1,1,1,
2026-09-27 21:42:12,baseline-rules,6443000,30.61,76.62,1005.74,31.59,69.39,1005.42,0,0,RULES,1,1,1,
2026-09-27 21:42:13,baseline-rules,6444000,30.61,76.48,1005.66,31.59,69.43,1005.44,0,0,RULES,1,1,1,
2026-09-27 21:42:14,baseline-rules,6445000,30.61,75.92,1005.63,31.59,69.46,1005.48,0,0,RULES,1,1,1,
2026-09-27 21:42:15,baseline-rules,6446000,30.61,75.56,1005.72,31.59,69.40,1005.42,0,0,RULES,1,1,1,
2026-09-27 21:42:16,baseline-rules,6447000,30.62,75.85,1005.65,31.58,69.46,1005.43,0,0,RULES,1,1,1,
2026-09-27 21:42:17,baseline-rules,6448000,30.62,76.59,1005.62,31.59,69.49,1005.51,0,0,RULES,1,1,1,
2026-09-27 21:42:18,baseline-rules,6449000,30.62,76.70,1005.65,31.58,69.48,1005.41,0,0,RULES,1,1,1,
2026-09-27 21:42:19,baseline-rules,6450000,30.64,77.80,1005.62,31.59,69.40,1005.47,0,0,RULES,1,1,1,
2026-09-27 21:42:20,baseline-rules,6451000,30.65,79.18,1005.68,31.59,69.52,1005.44,0,0,RULES,1,1,1,
2026-09-27 21:42:21,baseline-rules,6452000,30.64,79.07,1005.72,31.58,69.60,1005.46,0,0,RULES,1,1,1,
2026-09-27 21:42:22,baseline-rules,6453000,30.64,77.36,1005.71,31.59,69.76,1005.45,0,0,RULES,1,1,1,
2026-09-27 21:42:23,baseline-rules,6454000,30.66,77.66,1005.69,31.58,69.50,1005.41,0,0,RULES,1,1,1,
2026-09-27 21:42:24,baseline-rules,6455000,30.65,77.03,1005.70,31.58,69.50,1005.46,0,0,RULES,1,1,1,
2026-09-27 21:42:25,baseline-rules,6456000,30.66,77.71,1005.68,31.58,69.81,1005.46,0,0,RULES,1,1,1,
2026-09-27 21:42:26,baseline-rules,6457000,30.67,78.44,1005.76,31.58,69.51,1005.52,0,0,RULES,1,1,1,
2026-09-27 21:42:27,baseline-rules,6458000,30.68,78.86,1005.75,31.58,69.75,1005.46,0,0,RULES,1,1,1,
2026-09-27 21:42:28,baseline-rules,6459000,30.65,77.04,1005.73,31.58,69.88,1005.41,0,0,RULES,1,1,1,
2026-09-27 21:42:29,baseline-rules,6460000,30.67,76.77,1005.73,31.58,69.79,1005.43,0,0,RULES,1,1,1,
2026-09-27 21:42:30,baseline-rules,6461000,30.67,77.07,1005.67,31.57,69.52,1005.45,0,0,RULES,1,1,1,
2026-09-27 21:42:31,baseline-rules,6462000,30.67,76.12,1005.67,31.58,69.64,1005.41,0,0,RULES,1,1,1,
2026-09-27 21:42:32,baseline-rules,6463000,30.66,75.66,1005.66,31.57,69.57,1005.45,0,0,RULES,1,1,1,
2026-09-27 21:42:33,baseline-rules,6464000,30.68,75.57,1005.75,31.58,69.39,1005.49,0,0,RULES,1,1,1,
2026-09-27 21:42:34,baseline-rules,6465000,30.67,75.52,1005.65,31.57,69.56,1005.45,0,0,RULES,1,1,1,
2026-09-27 21:42:35,baseline-rules,6466000,30.69,75.44,1005.73,31.57,69.51,1005.45,0,0,RULES,1,1,1,
2026-09-27 21:42:36,baseline-rules,6467000,30.68,75.50,1005.70,31.58,69.85,1005.45,0,0,RULES,1,1,1,
2026-09-27 21:42:37,baseline-rules,6468000,30.69,75.44,1005.68,31.58,69.89,1005.40,0,0,RULES,1,1,1,
2026-09-27 21:42:38,baseline-rules,6469000,30.69,75.43,1005.66,31.59,69.88,1005.44,0,0,RULES,1,1,1,
2026-09-27 21:42:39,baseline-rules,6470000,30.70,75.56,1005.72,31.58,69.52,1005.40,0,0,RULES,1,1,1,
2026-09-27 21:42:40,baseline-rules,6471000,30.69,75.24,1005.71,31.58,69.53,1005.43,0,0,RULES,1,1,1,
2026-09-27 21:42:41,baseline-rules,6472000,30.71,76.33,1005.71,31.58,69.68,1005.40,0,0,RULES,1,1,1,
2026-09-27 21:42:42,baseline-rules,6473000,30.70,77.14,1005.76,31.57,69.67,1005.39,0,0,RULES,1,1,1,
2026-09-27 21:42:43,baseline-rules,6474000,30.71,77.05,1005.71,31.58,69.76,1005.43,0,0,RULES,1,1,1,
2026-09-27 21:42:44,baseline-rules,6475000,30.71,76.37,1005.68,31.58,69.71,1005.45,0,0,RULES,1,1,1,
2026-09-27 21:42:45,baseline-rules,6476000,30.71,76.28,1005.69,31.58,69.92,1005.46,0,0,RULES,1,1,1,
2026-09-27 21:42:46,baseline-rules,6477000,30.72,76.02,1005.70,31.58,69.83,1005.48,0,0,RULES,1,1,1,
2026-09-27 21:42:47,baseline-rules,6478000,30.73,77.12,1005.66,31.58,69.80,1005.45,0,0,RULES,1,1,1,
2026-09-27 21:42:48,baseline-rules,6479000,30.73,76.42,1005.72,31.57,69.44,1005.44,0,0,RULES,1,1,1,
2026-09-27 21:42:49,baseline-rules,6480000,30.72,75.71,1005.68,31.58,69.50,1005.49,0,0,RULES,1,1,1,
2026-09-27 21:42:50,baseline-rules,6481000,30.73,75.59,1005.71,31.58,69.41,1005.43,0,0,RULES,1,1,1,
2026-09-27 21:42:51,baseline-rules,6482000,30.74,76.39,1005.67,31.57,69.41,1005.45,0,0,RULES,1,1,1,
2026-09-27 21:42:52,baseline-rules,6483000,30.74,76.96,1005.76,31.58,69.59,1005.45,0,0,RULES,1,1,1,
2026-09-27 21:42:53,baseline-rules,6484000,30.74,77.17,1005.71,31.57,69.40,1005.41,0,0,RULES,1,1,1,
2026-09-27 21:42:54,baseline-rules,6485000,30.75,77.15,1005.66,31.57,69.49,1005.41,0,0,RULES,1,1,1,
2026-09-27 21:42:55,baseline-rules,6486000,30.76,78.23,1005.69,31.57,69.43,1005.34,0,0,RULES,1,1,1,
2026-09-27 21:42:56,baseline-rules,6487000,30.75,77.60,1005.72,31.57,69.63,1005.44,0,0,RULES,1,1,1,
2026-09-27 21:42:57,baseline-rules,6488000,30.75,76.70,1005.67,31.57,69.52,1005.45,0,0,RULES,1,1,1,
2026-09-27 21:42:58,baseline-rules,6489000,30.76,76.67,1005.71,31.56,69.64,1005.35,0,0,RULES,1,1,1,
2026-09-27 21:42:59,baseline-rules,6490000,30.77,76.17,1005.69,31.58,69.68,1005.43,0,0,RULES,1,1,1,
2026-09-27 21:43:00,baseline-rules,6491000,30.77,76.49,1005.64,31.58,69.50,1005.41,0,0,RULES,1,1,1,
2026-09-27 21:43:01,baseline-rules,6492000,30.77,77.25,1005.73,31.57,69.74,1005.39,0,0,RULES,1,1,1,
2026-09-27 21:43:02,baseline-rules,6493000,30.78,76.64,1005.71,31.57,69.79,1005.39,0,0,RULES,1,1,1,
2026-09-27 21:43:03,baseline-rules,6494000,30.77,75.78,1005.76,31.58,69.84,1005.43,0,0,RULES,1,1,1,
2026-09-27 21:43:04,baseline-rules,6495000,30.79,75.59,1005.64,31.58,69.70,1005.40,0,0,RULES,1,1,1,
2026-09-27 21:43:05,baseline-rules,6496000,30.78,75.55,1005.65,31.58,69.52,1005.41,0,0,RULES,1,1,1,
2026-09-27 21:43:06,baseline-rules,6497000,30.78,75.18,1005.69,31.57,69.69,1005.39,0,0,RULES,1,1,1,
2026-09-27 21:43:07,baseline-rules,6498000,30.79,74.88,1005.73,31.58,69.63,1005.40,0,0,RULES,1,1,1,
2026-09-27 21:43:08,baseline-rules,6499000,30.79,75.17,1005.75,31.59,69.92,1005.39,0,0,RULES,1,1,1,
2026-09-27 21:43:09,baseline-rules,6500000,30.79,75.11,1005.78,31.58,69.71,1005.46,0,0,RULES,1,1,1,
2026-09-27 21:43:10,baseline-rules,6501000,30.80,75.78,1005.75,31.58,69.67,1005.41,0,0,RULES,1,1,1,
2026-09-27 21:43:11,baseline-rules,6502000,30.79,76.21,1005.67,31.57,69.65,1005.42,0,0,RULES,1,1,1,
2026-09-27 21:43:12,baseline-rules,6503000,30.78,75.30,1005.72,31.57,69.49,1005.39,0,0,RULES,1,1,1,
2026-09-27 21:43:13,baseline-rules,6504000,30.79,75.18,1005.73,31.58,69.67,1005.41,0,0,RULES,1,1,1,
2026-09-27 21:43:14,baseline-rules,6505000,30.80,74.82,1005.69,31.59,69.83,1005.42,0,0,RULES,1,1,1,
2026-09-27 21:43:15,baseline-rules,6506000,30.80,74.65,1005.63,31.59,69.48,1005.47,0,0,RULES,1,1,1,
2026-09-27 21:43:16,baseline-rules,6507000,30.80,74.72,1005.71,31.59,69.46,1005.39,0,0,RULES,1,1,1,
2026-09-27 21:43:17,baseline-rules,6508000,30.80,75.12,1005.77,31.59,69.42,1005.48,0,0,RULES,1,1,1,
2026-09-27 21:43:18,baseline-rules,6509000,30.81,75.63,1005.67,31.58,69.54,1005.43,0,0,RULES,1,1,1,
2026-09-27 21:43:19,baseline-rules,6510000,30.81,75.64,1005.65,31.58,69.65,1005.41,0,0,RULES,1,1,1,
2026-09-27 21:43:20,baseline-rules,6511000,30.81,74.84,1005.67,31.58,69.40,1005.40,0,0,RULES,1,1,1,
2026-09-27 21:43:21,baseline-rules,6512000,30.80,75.07,1005.66,31.58,69.50,1005.37,0,0,RULES,1,1,1,
2026-09-27 21:43:22,baseline-rules,6513000,30.81,74.71,1005.65,31.57,69.42,1005.50,0,0,RULES,1,1,1,
2026-09-27 21:43:23,baseline-rules,6514000,30.82,74.73,1005.70,31.59,69.44,1005.44,0,0,RULES,1,1,1,
2026-09-27 21:43:24,baseline-rules,6515000,30.82,75.16,1005.70,31.58,69.57,1005.49,0,0,RULES,1,1,1,
2026-09-27 21:43:25,baseline-rules,6516000,30.82,75.66,1005.67,31.58,69.56,1005.40,0,0,RULES,1,1,1,
2026-09-27 21:43:26,baseline-rules,6517000,30.83,75.93,1005.68,31.58,69.36,1005.40,0,0,RULES,1,1,1,
2026-09-27 21:43:27,baseline-rules,6518000,30.84,76.21,1005.69,31.59,69.71,1005.42,0,0,RULES,1,1,1,
2026-09-27 21:43:28,baseline-rules,6519000,30.84,76.96,1005.67,31.58,69.42,1005.43,0,0,RULES,1,1,1,
2026-09-27 21:43:29,baseline-rules,6520000,30.83,77.25,1005.66,31.59,69.44,1005.44,0,0,RULES,1,1,1,
2026-09-27 21:43:30,baseline-rules,6521000,30.85,77.70,1005.72,31.58,69.61,1005.40,0,0,RULES,1,1,1,
2026-09-27 21:43:31,baseline-rules,6522000,30.84,77.32,1005.70,31.57,69.48,1005.45,0,0,RULES,1,1,1,
2026-09-27 21:43:32,baseline-rules,6523000,30.85,76.76,1005.75,31.57,69.57,1005.39,0,0,RULES,1,1,1,
2026-09-27 21:43:33,baseline-rules,6524000,30.84,75.82,1005.73,31.58,69.65,1005.45,0,0,RULES,1,1,1,
2026-09-27 21:43:34,baseline-rules,6525000,30.85,75.13,1005.74,31.57,69.45,1005.34,0,0,RULES,1,1,1,
2026-09-27 21:43:35,baseline-rules,6526000,30.85,75.33,1005.68,31.59,69.53,1005.44,0,0,RULES,1,1,1,
2026-09-27 21:43:36,baseline-rules,6527000,30.85,75.67,1005.68,31.58,69.69,1005.46,0,0,RULES,1,1,1,
2026-09-27 21:43:37,baseline-rules,6528000,30.85,75.42,1005.63,31.58,69.42,1005.46,0,0,RULES,1,1,1,
2026-09-27 21:43:38,baseline-rules,6529000,30.86,75.22,1005.84,31.58,69.47,1005.46,0,0,RULES,1,1,1,
2026-09-27 21:43:39,baseline-rules,6530000,30.86,74.96,1005.70,31.59,69.46,1005.45,0,0,RULES,1,1,1,
2026-09-27 21:43:40,baseline-rules,6531000,30.87,76.24,1005.69,31.58,69.48,1005.43,0,0,RULES,1,1,1,
2026-09-27 21:43:41,baseline-rules,6532000,30.87,76.31,1005.69,31.59,69.50,1005.42,0,0,RULES,1,1,1,
2026-09-27 21:43:42,baseline-rules,6533000,30.89,77.52,1005.66,31.59,69.47,1005.44,0,0,RULES,1,1,1,
2026-09-27 21:43:43,baseline-rules,6534000,30.89,77.80,1005.69,31.58,69.51,1005.41,0,0,RULES,1,1,1,
2026-09-27 21:43:44,baseline-rules,6535000,30.89,77.29,1005.66,31.59,69.52,1005.39,0,0,RULES,1,1,1,
2026-09-27 21:43:45,baseline-rules,6536000,30.89,77.16,1005.67,31.58,69.65,1005.40,0,0,RULES,1,1,1,
2026-09-27 21:43:46,baseline-rules,6537000,30.90,77.51,1005.62,31.57,69.63,1005.34,0,0,RULES,1,1,1,
2026-09-27 21:43:47,baseline-rules,6538000,30.90,77.69,1005.71,31.58,69.66,1005.43,0,0,RULES,1,1,1,
2026-09-27 21:43:48,baseline-rules,6539000,30.91,77.73,1005.69,31.58,69.56,1005.46,0,0,RULES,1,1,1,
2026-09-27 21:43:49,baseline-rules,6540000,30.90,77.65,1005.66,31.58,69.60,1005.46,0,0,RULES,1,1,1,
2026-09-27 21:43:50,baseline-rules,6541000,30.90,77.38,1005.69,31.58,69.49,1005.46,0,0,RULES,1,1,1,
2026-09-27 21:43:51,baseline-rules,6542000,30.90,76.71,1005.68,31.58,69.49,1005.49,0,0,RULES,1,1,1,
2026-09-27 21:43:52,baseline-rules,6543000,30.92,76.90,1005.77,31.57,69.48,1005.45,0,0,RULES,1,1,1,
2026-09-27 21:43:53,baseline-rules,6544000,30.91,77.54,1005.70,31.58,69.51,1005.43,0,0,RULES,1,1,1,
2026-09-27 21:43:54,baseline-rules,6545000,30.92,78.76,1005.72,31.58,69.69,1005.46,0,0,RULES,1,1,1,
2026-09-27 21:43:55,baseline-rules,6546000,30.93,79.42,1005.68,31.58,69.61,1005.41,0,0,RULES,1,1,1,
2026-09-27 21:43:56,baseline-rules,6547000,30.93,79.59,1005.67,31.58,69.82,1005.41,0,0,RULES,1,1,1,
2026-09-27 21:43:57,baseline-rules,6548000,30.93,79.13,1005.71,31.58,69.54,1005.43,0,0,RULES,1,1,1,
2026-09-27 21:43:58,baseline-rules,6549000,30.94,79.43,1005.69,31.59,69.65,1005.44,0,0,RULES,1,1,1,
2026-09-27 21:43:59,baseline-rules,6550000,30.93,77.71,1005.68,31.59,69.49,1005.45,0,0,RULES,1,1,1,
2026-09-27 21:44:00,baseline-rules,6551000,30.93,76.62,1005.71,31.59,69.55,1005.45,0,0,RULES,1,1,1,
2026-09-27 21:44:01,baseline-rules,6552000,30.94,76.40,1005.71,31.58,69.45,1005.43,0,0,RULES,1,1,1,
2026-09-27 21:44:02,baseline-rules,6553000,30.93,75.97,1005.68,31.58,69.56,1005.43,0,0,RULES,1,1,1,
2026-09-27 21:44:03,baseline-rules,6554000,30.94,75.83,1005.64,31.59,69.54,1005.44,0,0,RULES,1,1,1,
2026-09-27 21:44:04,baseline-rules,6555000,30.94,76.38,1005.69,31.58,69.48,1005.43,0,0,RULES,1,1,1,
2026-09-27 21:44:05,baseline-rules,6556000,30.93,75.72,1005.68,31.59,69.49,1005.44,0,0,RULES,1,1,1,
2026-09-27 21:44:06,baseline-rules,6557000,30.94,75.84,1005.72,31.59,69.85,1005.44,0,0,RULES,1,1,1,
2026-09-27 21:44:07,baseline-rules,6558000,30.95,77.00,1005.67,31.59,69.56,1005.42,0,0,RULES,1,1,1,
2026-09-27 21:44:08,baseline-rules,6559000,30.94,76.70,1005.69,31.59,69.60,1005.42,0,0,RULES,1,1,1,
2026-09-27 21:44:09,baseline-rules,6560000,30.94,76.25,1005.71,31.59,69.45,1005.42,0,0,RULES,1,1,1,
2026-09-27 21:44:10,baseline-rules,6561000,30.95,76.64,1005.67,31.59,69.48,1005.47,0,0,RULES,1,1,1,
2026-09-27 21:44:11,baseline-rules,6562000,30.95,76.11,1005.70,31.58,69.61,1005.40,0,0,RULES,1,1,1,
2026-09-27 21:44:12,baseline-rules,6563000,30.94,76.09,1005.64,31.58,69.58,1005.49,0,0,RULES,1,1,1,
2026-09-27 21:44:13,baseline-rules,6564000,30.94,75.31,1005.69,31.59,69.66,1005.42,0,0,RULES,1,1,1,
2026-09-27 21:44:14,baseline-rules,6565000,30.95,75.42,1005.65,31.58,69.79,1005.43,0,0,RULES,1,1,1,
2026-09-27 21:44:15,baseline-rules,6566000,30.95,75.08,1005.67,31.59,69.69,1005.44,0,0,RULES,1,1,1,
2026-09-27 21:44:16,baseline-rules,6567000,30.94,74.67,1005.69,31.58,69.56,1005.43,0,0,RULES,1,1,1,
2026-09-27 21:44:17,baseline-rules,6568000,30.95,74.88,1005.71,31.58,69.51,1005.41,0,0,RULES,1,1,1,
2026-09-27 21:44:18,baseline-rules,6569000,30.95,74.54,1005.67,31.58,69.57,1005.41,0,0,RULES,1,1,1,
2026-09-27 21:44:19,baseline-rules,6570000,30.95,74.84,1005.67,31.59,69.65,1005.40,0,0,RULES,1,1,1,
2026-09-27 21:44:20,baseline-rules,6571000,30.95,75.44,1005.70,31.59,69.54,1005.40,0,0,RULES,1,1,1,
2026-09-27 21:44:21,baseline-rules,6572000,30.95,75.44,1005.73,31.59,69.46,1005.42,0,0,RULES,1,1,1,
2026-09-27 21:44:22,baseline-rules,6573000,30.94,75.25,1005.67,31.58,69.65,1005.35,0,0,RULES,1,1,1,
2026-09-27 21:44:23,baseline-rules,6574000,30.94,75.93,1005.72,31.58,69.73,1005.38,0,0,RULES,1,1,1,
2026-09-27 21:44:24,baseline-rules,6575000,30.95,76.66,1005.71,31.59,69.75,1005.39,0,0,RULES,1,1,1,
2026-09-27 21:44:25,baseline-rules,6576000,30.95,76.70,1005.68,31.58,69.56,1005.38,0,0,RULES,1,1,1,
2026-09-27 21:44:26,baseline-rules,6577000,30.96,76.60,1005.63,31.59,69.88,1005.42,0,0,RULES,1,1,1,
2026-09-27 21:44:27,baseline-rules,6578000,30.96,76.49,1005.72,31.58,69.76,1005.35,0,0,RULES,1,1,1,
2026-09-27 21:44:28,baseline-rules,6579000,30.96,76.37,1005.70,31.59,69.64,1005.42,0,0,RULES,1,1,1,
2026-09-27 21:44:29,baseline-rules,6580000,30.96,75.85,1005.72,31.59,69.51,1005.42,0,0,RULES,1,1,1,
2026-09-27 21:44:30,baseline-rules,6581000,30.96,76.15,1005.72,31.58,69.65,1005.46,0,0,RULES,1,1,1,
2026-09-27 21:44:31,baseline-rules,6582000,30.96,76.01,1005.67,31.58,69.77,1005.35,0,0,RULES,1,1,1,
2026-09-27 21:44:32,baseline-rules,6583000,30.95,75.32,1005.65,31.57,69.65,1005.39,0,0,RULES,1,1,1,
2026-09-27 21:44:33,baseline-rules,6584000,30.96,75.36,1005.66,31.58,69.66,1005.48,0,0,RULES,1,1,1,
2026-09-27 21:44:34,baseline-rules,6585000,30.95,75.63,1005.70,31.58,69.78,1005.43,0,0,RULES,1,1,1,
2026-09-27 21:44:35,baseline-rules,6586000,30.95,76.21,1005.68,31.58,69.74,1005.40,0,0,RULES,1,1,1,
2026-09-27 21:44:36,baseline-rules,6587000,30.96,76.06,1005.69,31.58,69.59,1005.43,0,0,RULES,1,1,1,
2026-09-27 21:44:37,baseline-rules,,,,,,,,,,,,,,mist A=1 B=0 (below lo)
2026-09-27 21:44:37,baseline-rules,6588000,30.95,74.98,1005.70,31.59,69.60,1005.39,1,0,RULES,1,1,1,
2026-09-27 21:44:38,baseline-rules,6589000,30.96,75.94,1005.67,31.58,69.92,1005.43,1,0,RULES,1,1,1,
2026-09-27 21:44:39,baseline-rules,6590000,30.96,75.59,1005.72,31.58,69.50,1005.46,1,0,RULES,1,1,1,
2026-09-27 21:44:40,baseline-rules,6591000,30.95,75.07,1005.70,31.57,69.70,1005.47,1,0,RULES,1,1,1,
2026-09-27 21:44:41,baseline-rules,6592000,30.94,74.45,1005.67,31.59,69.61,1005.42,1,0,RULES,1,1,1,
2026-09-27 21:44:42,baseline-rules,6593000,30.95,74.43,1005.65,31.59,69.50,1005.42,1,0,RULES,1,1,1,
2026-09-27 21:44:43,baseline-rules,6594000,30.95,74.42,1005.62,31.58,69.74,1005.41,1,0,RULES,1,1,1,
2026-09-27 21:44:44,baseline-rules,6595000,30.95,74.52,1005.73,31.58,69.68,1005.41,1,0,RULES,1,1,1,
2026-09-27 21:44:45,baseline-rules,6596000,30.94,74.26,1005.66,31.58,69.74,1005.35,1,0,RULES,1,1,1,
2026-09-27 21:44:46,baseline-rules,6597000,30.94,74.93,1005.69,31.58,69.58,1005.38,1,0,RULES,1,1,1,
2026-09-27 21:44:47,baseline-rules,6598000,30.95,77.35,1005.74,31.58,69.53,1005.35,1,0,RULES,1,1,1,
2026-09-27 21:44:48,baseline-rules,6599000,30.93,77.20,1005.73,31.57,69.58,1005.45,1,0,RULES,1,1,1,
2026-09-27 21:44:49,baseline-rules,6600000,30.92,75.52,1005.69,31.58,69.64,1005.41,1,0,RULES,1,1,1,
2026-09-27 21:44:50,baseline-rules,6601000,30.92,75.82,1005.69,31.57,69.54,1005.44,1,0,RULES,1,1,1,
2026-09-27 21:44:51,baseline-rules,6602000,30.91,75.60,1005.69,31.57,70.04,1005.45,1,0,RULES,1,1,1,
2026-09-27 21:44:52,baseline-rules,6603000,30.90,75.62,1005.62,31.58,69.53,1005.43,1,0,RULES,1,1,1,
2026-09-27 21:44:53,baseline-rules,6604000,30.90,75.72,1005.71,31.58,69.56,1005.41,1,0,RULES,1,1,1,
2026-09-27 21:44:54,baseline-rules,6605000,30.89,75.56,1005.67,31.58,69.54,1005.45,1,0,RULES,1,1,1,
2026-09-27 21:44:55,baseline-rules,6606000,30.88,75.38,1005.65,31.58,69.58,1005.43,1,0,RULES,1,1,1,
2026-09-27 21:44:56,baseline-rules,6607000,30.89,75.69,1005.69,31.57,69.72,1005.39,1,0,RULES,1,1,1,
2026-09-27 21:44:57,baseline-rules,6608000,30.88,75.93,1005.65,31.57,69.60,1005.45,1,0,RULES,1,1,1,
2026-09-27 21:44:58,baseline-rules,6609000,30.88,75.56,1005.71,31.57,69.59,1005.41,1,0,RULES,1,1,1,
2026-09-27 21:44:59,baseline-rules,6610000,30.86,76.60,1005.71,31.58,69.58,1005.46,1,0,RULES,1,1,1,
2026-09-27 21:45:00,baseline-rules,6611000,30.87,77.79,1005.63,31.58,69.75,1005.37,1,0,RULES,1,1,1,
2026-09-27 21:45:01,baseline-rules,6612000,30.85,76.95,1005.66,31.57,69.67,1005.33,1,0,RULES,1,1,1,
2026-09-27 21:45:02,baseline-rules,6613000,30.85,76.63,1005.75,31.57,69.52,1005.42,1,0,RULES,1,1,1,
2026-09-27 21:45:03,baseline-rules,6614000,30.84,76.42,1005.65,31.57,69.51,1005.44,1,0,RULES,1,1,1,
2026-09-27 21:45:04,baseline-rules,6615000,30.84,76.22,1005.70,31.57,69.51,1005.47,1,0,RULES,1,1,1,
2026-09-27 21:45:05,baseline-rules,6616000,30.84,76.37,1005.69,31.57,69.61,1005.36,1,0,RULES,1,1,1,
2026-09-27 21:45:06,baseline-rules,6617000,30.84,75.99,1005.69,31.57,69.54,1005.44,1,0,RULES,1,1,1,
2026-09-27 21:45:07,baseline-rules,6618000,30.84,75.69,1005.70,31.57,69.47,1005.41,1,0,RULES,1,1,1,
2026-09-27 21:45:08,baseline-rules,6619000,30.84,76.14,1005.70,31.57,69.91,1005.42,1,0,RULES,1,1,1,
2026-09-27 21:45:09,baseline-rules,6620000,30.83,76.81,1005.69,31.56,69.74,1005.38,1,0,RULES,1,1,1,
2026-09-27 21:45:10,baseline-rules,6621000,30.82,75.68,1005.69,31.56,69.67,1005.40,1,0,RULES,1,1,1,
2026-09-27 21:45:11,baseline-rules,6622000,30.82,75.96,1005.70,31.57,69.70,1005.44,1,0,RULES,1,1,1,
2026-09-27 21:45:12,baseline-rules,6623000,30.81,75.36,1005.67,31.57,69.67,1005.42,1,0,RULES,1,1,1,
2026-09-27 21:45:13,baseline-rules,6624000,30.81,75.45,1005.68,31.57,69.64,1005.44,1,0,RULES,1,1,1,
2026-09-27 21:45:14,baseline-rules,6625000,30.81,75.20,1005.73,31.56,69.67,1005.38,1,0,RULES,1,1,1,
2026-09-27 21:45:15,baseline-rules,6626000,30.81,75.38,1005.67,31.57,69.71,1005.41,1,0,RULES,1,1,1,
2026-09-27 21:45:16,baseline-rules,6627000,30.80,75.22,1005.75,31.56,69.63,1005.43,1,0,RULES,1,1,1,
2026-09-27 21:45:17,baseline-rules,6628000,30.81,76.36,1005.65,31.57,69.67,1005.47,1,0,RULES,1,1,1,
2026-09-27 21:45:18,baseline-rules,6629000,30.80,76.04,1005.69,31.57,70.03,1005.36,1,0,RULES,1,1,1,
2026-09-27 21:45:19,baseline-rules,6630000,30.80,75.91,1005.64,31.57,69.66,1005.41,1,0,RULES,1,1,1,
2026-09-27 21:45:20,baseline-rules,6631000,30.80,75.61,1005.74,31.56,69.63,1005.43,1,0,RULES,1,1,1,
2026-09-27 21:45:21,baseline-rules,6632000,30.81,75.31,1005.65,31.57,69.89,1005.36,1,0,RULES,1,1,1,
2026-09-27 21:45:22,baseline-rules,6633000,30.81,75.64,1005.70,31.58,69.60,1005.40,1,0,RULES,1,1,1,
2026-09-27 21:45:23,baseline-rules,6634000,30.80,75.95,1005.63,31.57,69.51,1005.42,1,0,RULES,1,1,1,
2026-09-27 21:45:24,baseline-rules,6635000,30.80,75.63,1005.78,31.56,69.52,1005.38,1,0,RULES,1,1,1,
2026-09-27 21:45:25,baseline-rules,6636000,30.80,75.24,1005.69,31.58,69.62,1005.38,1,0,RULES,1,1,1,
2026-09-27 21:45:26,baseline-rules,6637000,30.80,74.97,1005.74,31.57,69.57,1005.39,1,0,RULES,1,1,1,
2026-09-27 21:45:27,baseline-rules,6638000,30.81,74.75,1005.70,31.55,69.53,1005.31,1,0,RULES,1,1,1,
2026-09-27 21:45:28,baseline-rules,6639000,30.79,74.83,1005.64,31.57,69.52,1005.38,1,0,RULES,1,1,1,
2026-09-27 21:45:29,baseline-rules,6640000,30.79,75.16,1005.64,31.57,69.80,1005.41,1,0,RULES,1,1,1,
2026-09-27 21:45:30,baseline-rules,6641000,30.78,74.75,1005.72,31.57,69.59,1005.36,1,0,RULES,1,1,1,
2026-09-27 21:45:31,baseline-rules,6642000,30.79,75.49,1005.64,31.57,69.60,1005.39,1,0,RULES,1,1,1,
2026-09-27 21:45:32,baseline-rules,6643000,30.78,75.52,1005.62,31.57,69.57,1005.39,1,0,RULES,1,1,1,
2026-09-27 21:45:33,baseline-rules,6644000,30.79,76.90,1005.64,31.57,69.67,1005.42,1,0,RULES,1,1,1,
2026-09-27 21:45:34,baseline-rules,6645000,30.79,78.23,1005.78,31.57,69.63,1005.38,1,0,RULES,1,1,1,
2026-09-27 21:45:35,baseline-rules,6646000,30.77,77.13,1005.75,31.57,69.99,1005.36,1,0,RULES,1,1,1,
2026-09-27 21:45:36,baseline-rules,6647000,30.77,75.89,1005.73,31.58,69.63,1005.40,1,0,RULES,1,1,1,
2026-09-27 21:45:37,baseline-rules,6648000,30.78,76.03,1005.75,31.57,69.50,1005.42,1,0,RULES,1,1,1,
2026-09-27 21:45:38,baseline-rules,6649000,30.77,75.67,1005.62,31.58,69.58,1005.43,1,0,RULES,1,1,1,
2026-09-27 21:45:39,baseline-rules,6650000,30.77,75.32,1005.69,31.57,69.53,1005.39,1,0,RULES,1,1,1,
2026-09-27 21:45:40,baseline-rules,6651000,30.77,75.37,1005.69,31.57,69.69,1005.38,1,0,RULES,1,1,1,
2026-09-27 21:45:41,baseline-rules,6652000,30.77,75.47,1005.69,31.57,69.52,1005.39,1,0,RULES,1,1,1,
2026-09-27 21:45:42,baseline-rules,6653000,30.76,75.57,1005.71,31.58,69.56,1005.43,1,0,RULES,1,1,1,
2026-09-27 21:45:43,baseline-rules,6654000,30.75,76.90,1005.66,31.58,69.57,1005.41,1,0,RULES,1,1,1,
2026-09-27 21:45:44,baseline-rules,6655000,30.74,78.23,1005.70,31.57,69.45,1005.45,1,0,RULES,1,1,1,
2026-09-27 21:45:45,baseline-rules,6656000,30.73,77.16,1005.68,31.57,69.58,1005.39,1,0,RULES,1,1,1,
2026-09-27 21:45:46,baseline-rules,6657000,30.73,78.48,1005.69,31.57,69.58,1005.42,1,0,RULES,1,1,1,
2026-09-27 21:45:47,baseline-rules,6658000,30.71,77.96,1005.68,31.57,69.67,1005.41,1,0,RULES,1,1,1,
2026-09-27 21:45:48,baseline-rules,6659000,30.71,77.42,1005.68,31.57,69.52,1005.42,1,0,RULES,1,1,1,
2026-09-27 21:45:49,baseline-rules,6660000,30.69,76.51,1005.71,31.58,69.58,1005.43,1,0,RULES,1,1,1,
2026-09-27 21:45:50,baseline-rules,6661000,30.70,75.93,1005.72,31.57,69.79,1005.45,1,0,RULES,1,1,1,
2026-09-27 21:45:51,baseline-rules,6662000,30.70,76.52,1005.69,31.57,69.65,1005.39,1,0,RULES,1,1,1,
2026-09-27 21:45:52,baseline-rules,6663000,30.69,77.72,1005.68,31.57,69.53,1005.45,1,0,RULES,1,1,1,
2026-09-27 21:45:53,baseline-rules,6664000,30.71,78.73,1005.71,31.57,69.54,1005.42,1,0,RULES,1,1,1,
2026-09-27 21:45:54,baseline-rules,6665000,30.69,78.17,1005.71,31.57,69.50,1005.38,1,0,RULES,1,1,1,
2026-09-27 21:45:55,baseline-rules,6666000,30.70,78.42,1005.69,31.57,69.52,1005.39,1,0,RULES,1,1,1,
2026-09-27 21:45:56,baseline-rules,6667000,30.70,78.02,1005.66,31.57,69.95,1005.42,1,0,RULES,1,1,1,
2026-09-27 21:45:57,baseline-rules,6668000,30.70,76.69,1005.69,31.56,69.60,1005.32,1,0,RULES,1,1,1,
2026-09-27 21:45:58,baseline-rules,6669000,30.69,76.03,1005.68,31.56,69.62,1005.32,1,0,RULES,1,1,1,
2026-09-27 21:45:59,baseline-rules,6670000,30.69,76.26,1005.68,31.56,69.78,1005.38,1,0,RULES,1,1,1,
2026-09-27 21:46:00,baseline-rules,6671000,30.68,75.87,1005.69,31.58,69.70,1005.48,1,0,RULES,1,1,1,
2026-09-27 21:46:01,baseline-rules,6672000,30.68,76.03,1005.67,31.57,69.61,1005.39,1,0,RULES,1,1,1,
2026-09-27 21:46:02,baseline-rules,6673000,30.70,76.13,1005.75,31.57,69.66,1005.39,1,0,RULES,1,1,1,
2026-09-27 21:46:03,baseline-rules,6674000,30.68,75.70,1005.70,31.57,69.94,1005.42,1,0,RULES,1,1,1,
2026-09-27 21:46:04,baseline-rules,6675000,30.68,76.17,1005.67,31.57,69.64,1005.41,1,0,RULES,1,1,1,
2026-09-27 21:46:05,baseline-rules,6676000,30.67,76.01,1005.64,31.56,69.70,1005.40,1,0,RULES,1,1,1,
2026-09-27 21:46:06,baseline-rules,6677000,30.67,76.52,1005.67,31.56,69.68,1005.40,1,0,RULES,1,1,1,
2026-09-27 21:46:07,baseline-rules,6678000,30.66,77.04,1005.66,31.57,69.81,1005.38,1,0,RULES,1,1,1,
2026-09-27 21:46:08,baseline-rules,6679000,30.65,76.96,1005.67,31.57,69.70,1005.47,1,0,RULES,1,1,1,
2026-09-27 21:46:09,baseline-rules,6680000,30.65,79.21,1005.65,31.57,69.62,1005.42,1,0,RULES,1,1,1,
2026-09-27 21:46:10,baseline-rules,6681000,30.64,78.12,1005.68,31.57,69.62,1005.39,1,0,RULES,1,1,1,
2026-09-27 21:46:11,baseline-rules,6682000,30.64,79.24,1005.71,31.57,69.61,1005.36,1,0,RULES,1,1,1,
2026-09-27 21:46:12,baseline-rules,6683000,30.62,78.58,1005.68,31.58,69.62,1005.41,1,0,RULES,1,1,1,
2026-09-27 21:46:13,baseline-rules,6684000,30.62,77.07,1005.68,31.57,69.67,1005.38,1,0,RULES,1,1,1,
2026-09-27 21:46:14,baseline-rules,6685000,30.62,77.25,1005.68,31.57,69.76,1005.39,1,0,RULES,1,1,1,
2026-09-27 21:46:15,baseline-rules,6686000,30.62,76.50,1005.62,31.57,69.70,1005.36,1,0,RULES,1,1,1,
2026-09-27 21:46:16,baseline-rules,6687000,30.62,76.26,1005.65,31.58,69.82,1005.37,1,0,RULES,1,1,1,
2026-09-27 21:46:17,baseline-rules,6688000,30.62,76.24,1005.70,31.57,69.84,1005.36,1,0,RULES,1,1,1,
2026-09-27 21:46:18,baseline-rules,6689000,30.62,76.17,1005.63,31.57,69.78,1005.36,1,0,RULES,1,1,1,
2026-09-27 21:46:19,baseline-rules,6690000,30.62,76.48,1005.63,31.58,69.57,1005.40,1,0,RULES,1,1,1,
2026-09-27 21:46:20,baseline-rules,6691000,30.62,76.92,1005.68,31.58,69.54,1005.40,1,0,RULES,1,1,1,
2026-09-27 21:46:21,baseline-rules,6692000,30.62,76.63,1005.62,31.58,69.54,1005.40,1,0,RULES,1,1,1,
2026-09-27 21:46:22,baseline-rules,6693000,30.62,75.79,1005.68,31.58,69.51,1005.35,1,0,RULES,1,1,1,
2026-09-27 21:46:23,baseline-rules,6694000,30.62,76.14,1005.68,31.60,69.60,1005.49,1,0,RULES,1,1,1,
2026-09-27 21:46:24,baseline-rules,6695000,30.61,75.95,1005.64,31.58,69.59,1005.41,1,0,RULES,1,1,1,
2026-09-27 21:46:25,baseline-rules,6696000,30.62,75.85,1005.70,31.59,69.51,1005.39,1,0,RULES,1,1,1,
2026-09-27 21:46:26,baseline-rules,6697000,30.61,75.81,1005.67,31.58,69.62,1005.46,1,0,RULES,1,1,1,
2026-09-27 21:46:27,baseline-rules,6698000,30.60,76.04,1005.65,31.58,69.66,1005.35,1,0,RULES,1,1,1,
2026-09-27 21:46:28,baseline-rules,6699000,30.61,76.34,1005.69,31.59,69.78,1005.47,1,0,RULES,1,1,1,
2026-09-27 21:46:29,baseline-rules,6700000,30.61,77.69,1005.72,31.58,69.53,1005.43,1,0,RULES,1,1,1,
2026-09-27 21:46:30,baseline-rules,6701000,30.60,78.58,1005.67,31.58,69.54,1005.43,1,0,RULES,1,1,1,
2026-09-27 21:46:31,baseline-rules,6702000,30.57,78.62,1005.63,31.57,69.66,1005.42,1,0,RULES,1,1,1,
2026-09-27 21:46:32,baseline-rules,6703000,30.56,77.57,1005.67,31.59,69.56,1005.44,1,0,RULES,1,1,1,
2026-09-27 21:46:33,baseline-rules,6704000,30.55,76.89,1005.66,31.59,69.53,1005.42,1,0,RULES,1,1,1,
2026-09-27 21:46:34,baseline-rules,6705000,30.56,76.42,1005.71,31.59,69.64,1005.37,1,0,RULES,1,1,1,
2026-09-27 21:46:35,baseline-rules,6706000,30.56,76.92,1005.68,31.58,69.70,1005.46,1,0,RULES,1,1,1,
2026-09-27 21:46:36,baseline-rules,6707000,30.56,77.73,1005.64,31.58,69.57,1005.46,1,0,RULES,1,1,1,
2026-09-27 21:46:37,baseline-rules,6708000,30.56,78.16,1005.65,31.59,69.70,1005.42,1,0,RULES,1,1,1,
2026-09-27 21:46:38,baseline-rules,6709000,30.56,78.19,1005.64,31.59,69.61,1005.44,1,0,RULES,1,1,1,
2026-09-27 21:46:39,baseline-rules,6710000,30.56,77.73,1005.64,31.58,69.62,1005.43,1,0,RULES,1,1,1,
2026-09-27 21:46:40,baseline-rules,6711000,30.56,78.25,1005.71,31.58,69.64,1005.41,1,0,RULES,1,1,1,
2026-09-27 21:46:41,baseline-rules,6712000,30.57,79.63,1005.72,31.59,69.65,1005.47,1,0,RULES,1,1,1,
2026-09-27 21:46:42,baseline-rules,6713000,30.54,78.44,1005.70,31.58,69.62,1005.45,1,0,RULES,1,1,1,
2026-09-27 21:46:43,baseline-rules,6714000,30.53,77.56,1005.65,31.58,69.69,1005.41,1,0,RULES,1,1,1,
2026-09-27 21:46:44,baseline-rules,6715000,30.53,76.87,1005.66,31.58,69.66,1005.35,1,0,RULES,1,1,1,
2026-09-27 21:46:45,baseline-rules,6716000,30.53,76.48,1005.66,31.58,69.61,1005.46,1,0,RULES,1,1,1,
2026-09-27 21:46:46,baseline-rules,6717000,30.53,76.82,1005.65,31.58,69.79,1005.37,1,0,RULES,1,1,1,
2026-09-27 21:46:47,baseline-rules,6718000,30.52,77.37,1005.66,31.57,69.57,1005.42,1,0,RULES,1,1,1,
2026-09-27 21:46:48,baseline-rules,6719000,30.53,77.77,1005.68,31.58,69.65,1005.37,1,0,RULES,1,1,1,
2026-09-27 21:46:49,baseline-rules,6720000,30.54,77.65,1005.61,31.57,69.57,1005.45,1,0,RULES,1,1,1,
2026-09-27 21:46:50,baseline-rules,6721000,30.53,77.18,1005.60,31.57,69.69,1005.42,1,0,RULES,1,1,1,
2026-09-27 21:46:51,baseline-rules,6722000,30.54,76.76,1005.70,31.57,69.52,1005.34,1,0,RULES,1,1,1,
2026-09-27 21:46:52,baseline-rules,6723000,30.53,77.08,1005.69,31.58,69.58,1005.37,1,0,RULES,1,1,1,
2026-09-27 21:46:53,baseline-rules,6724000,30.53,77.11,1005.65,31.58,69.57,1005.45,1,0,RULES,1,1,1,
2026-09-27 21:46:54,baseline-rules,6725000,30.53,76.88,1005.66,31.57,69.63,1005.38,1,0,RULES,1,1,1,
2026-09-27 21:46:55,baseline-rules,6726000,30.54,77.31,1005.61,31.58,69.53,1005.41,1,0,RULES,1,1,1,
2026-09-27 21:46:56,baseline-rules,6727000,30.53,77.13,1005.66,31.57,69.61,1005.42,1,0,RULES,1,1,1,
2026-09-27 21:46:57,baseline-rules,6728000,30.53,77.07,1005.60,31.57,69.52,1005.45,1,0,RULES,1,1,1,
2026-09-27 21:46:58,baseline-rules,6729000,30.53,77.38,1005.66,31.58,69.54,1005.41,1,0,RULES,1,1,1,
2026-09-27 21:46:59,baseline-rules,6730000,30.53,76.98,1005.65,31.58,69.69,1005.35,1,0,RULES,1,1,1,
2026-09-27 21:47:00,baseline-rules,6731000,30.53,76.64,1005.62,31.59,69.61,1005.39,1,0,RULES,1,1,1,
2026-09-27 21:47:01,baseline-rules,6732000,30.52,76.75,1005.67,31.58,69.51,1005.41,1,0,RULES,1,1,1,
2026-09-27 21:47:02,baseline-rules,6733000,30.53,76.76,1005.71,31.58,69.61,1005.40,1,0,RULES,1,1,1,
2026-09-27 21:47:03,baseline-rules,6734000,30.53,76.56,1005.63,31.59,69.66,1005.40,1,0,RULES,1,1,1,
2026-09-27 21:47:04,baseline-rules,6735000,30.52,76.62,1005.73,31.58,69.56,1005.43,1,0,RULES,1,1,1,
2026-09-27 21:47:05,baseline-rules,6736000,30.52,76.36,1005.67,31.58,69.51,1005.41,1,0,RULES,1,1,1,
2026-09-27 21:47:06,baseline-rules,6737000,30.52,77.41,1005.64,31.58,69.70,1005.41,1,0,RULES,1,1,1,
2026-09-27 21:47:07,baseline-rules,6738000,30.52,78.54,1005.69,31.57,69.56,1005.36,1,0,RULES,1,1,1,
2026-09-27 21:47:08,baseline-rules,6739000,30.49,77.93,1005.62,31.58,69.71,1005.43,1,0,RULES,1,1,1,
2026-09-27 21:47:09,baseline-rules,6740000,30.52,77.71,1005.72,31.59,69.50,1005.48,1,0,RULES,1,1,1,
2026-09-27 21:47:10,baseline-rules,6741000,30.52,76.89,1005.72,31.59,69.58,1005.39,1,0,RULES,1,1,1,
2026-09-27 21:47:11,baseline-rules,6742000,30.51,76.89,1005.62,31.58,69.67,1005.40,1,0,RULES,1,1,1,
2026-09-27 21:47:12,baseline-rules,6743000,30.51,76.55,1005.71,31.58,69.64,1005.35,1,0,RULES,1,1,1,
2026-09-27 21:47:13,baseline-rules,6744000,30.51,76.54,1005.70,31.58,69.63,1005.43,1,0,RULES,1,1,1,
2026-09-27 21:47:14,baseline-rules,6745000,30.51,77.00,1005.68,31.58,69.69,1005.37,1,0,RULES,1,1,1,
2026-09-27 21:47:15,baseline-rules,6746000,30.51,77.24,1005.73,31.58,69.65,1005.40,1,0,RULES,1,1,1,
2026-09-27 21:47:16,baseline-rules,6747000,30.50,76.51,1005.67,31.57,69.67,1005.36,1,0,RULES,1,1,1,
2026-09-27 21:47:17,baseline-rules,6748000,30.50,76.49,1005.64,31.58,69.65,1005.41,1,0,RULES,1,1,1,
2026-09-27 21:47:18,baseline-rules,6749000,30.50,76.51,1005.72,31.58,69.81,1005.35,1,0,RULES,1,1,1,
2026-09-27 21:47:19,baseline-rules,6750000,30.51,76.38,1005.73,31.58,69.58,1005.41,1,0,RULES,1,1,1,
2026-09-27 21:47:20,baseline-rules,6751000,30.50,76.38,1005.70,31.58,69.49,1005.41,1,0,RULES,1,1,1,
2026-09-27 21:47:21,baseline-rules,6752000,30.50,77.02,1005.67,31.58,69.70,1005.38,1,0,RULES,1,1,1,
2026-09-27 21:47:22,baseline-rules,6753000,30.50,78.83,1005.70,31.58,69.59,1005.37,1,0,RULES,1,1,1,
2026-09-27 21:47:23,baseline-rules,6754000,30.49,79.60,1005.67,31.58,69.82,1005.40,1,0,RULES,1,1,1,
2026-09-27 21:47:24,baseline-rules,6755000,30.48,79.56,1005.64,31.58,69.58,1005.40,1,0,RULES,1,1,1,
2026-09-27 21:47:25,baseline-rules,6756000,30.49,77.98,1005.64,31.59,69.64,1005.39,1,0,RULES,1,1,1,
2026-09-27 21:47:26,baseline-rules,6757000,30.49,77.83,1005.62,31.58,69.56,1005.41,1,0,RULES,1,1,1,
2026-09-27 21:47:27,baseline-rules,6758000,30.49,77.40,1005.68,31.58,69.52,1005.37,1,0,RULES,1,1,1,
2026-09-27 21:47:28,baseline-rules,6759000,30.50,77.24,1005.69,31.58,69.60,1005.45,1,0,RULES,1,1,1,
2026-09-27 21:47:29,baseline-rules,6760000,30.51,77.37,1005.68,31.58,69.51,1005.41,1,0,RULES,1,1,1,
2026-09-27 21:47:30,baseline-rules,6761000,30.50,77.64,1005.64,31.57,69.58,1005.39,1,0,RULES,1,1,1,
2026-09-27 21:47:31,baseline-rules,6762000,30.51,77.49,1005.68,31.58,69.56,1005.41,1,0,RULES,1,1,1,
2026-09-27 21:47:32,baseline-rules,6763000,30.50,76.91,1005.69,31.58,69.54,1005.43,1,0,RULES,1,1,1,
2026-09-27 21:47:33,baseline-rules,6764000,30.49,76.57,1005.68,31.58,69.54,1005.43,1,0,RULES,1,1,1,
2026-09-27 21:47:34,baseline-rules,6765000,30.51,77.12,1005.68,31.59,69.60,1005.39,1,0,RULES,1,1,1,
2026-09-27 21:47:35,baseline-rules,6766000,30.50,76.39,1005.69,31.58,69.66,1005.43,1,0,RULES,1,1,1,
2026-09-27 21:47:36,baseline-rules,6767000,30.50,75.83,1005.70,31.58,69.58,1005.43,1,0,RULES,1,1,1,
2026-09-27 21:47:37,baseline-rules,6768000,30.51,76.37,1005.68,31.58,69.54,1005.43,1,0,RULES,1,1,1,
2026-09-27 21:47:38,baseline-rules,6769000,30.49,76.05,1005.68,31.58,69.46,1005.40,1,0,RULES,1,1,1,
2026-09-27 21:47:39,baseline-rules,6770000,30.50,76.01,1005.67,31.58,69.49,1005.41,1,0,RULES,1,1,1,
2026-09-27 21:47:40,baseline-rules,6771000,30.51,76.18,1005.68,31.58,69.51,1005.43,1,0,RULES,1,1,1,
2026-09-27 21:47:41,baseline-rules,6772000,30.50,76.23,1005.69,31.58,69.73,1005.41,1,0,RULES,1,1,1,
2026-09-27 21:47:42,baseline-rules,6773000,30.51,75.98,1005.66,31.58,69.69,1005.43,1,0,RULES,1,1,1,
2026-09-27 21:47:43,baseline-rules,6774000,30.51,76.92,1005.65,31.58,69.58,1005.34,1,0,RULES,1,1,1,
2026-09-27 21:47:44,baseline-rules,6775000,30.51,77.03,1005.68,31.58,69.51,1005.40,1,0,RULES,1,1,1,
2026-09-27 21:47:45,baseline-rules,6776000,30.51,76.99,1005.65,31.58,69.50,1005.40,1,0,RULES,1,1,1,
2026-09-27 21:47:46,baseline-rules,6777000,30.50,76.84,1005.66,31.58,69.44,1005.38,1,0,RULES,1,1,1,
2026-09-27 21:47:47,baseline-rules,6778000,30.50,76.66,1005.60,31.58,69.51,1005.38,1,0,RULES,1,1,1,
2026-09-27 21:47:48,baseline-rules,6779000,30.50,76.60,1005.67,31.58,69.49,1005.43,1,0,RULES,1,1,1,
2026-09-27 21:47:49,baseline-rules,6780000,30.50,76.60,1005.64,31.58,69.47,1005.41,1,0,RULES,1,1,1,
2026-09-27 21:47:50,baseline-rules,6781000,30.49,77.84,1005.64,31.59,69.46,1005.37,1,0,RULES,1,1,1,
2026-09-27 21:47:51,baseline-rules,6782000,30.48,78.11,1005.69,31.59,69.43,1005.42,1,0,RULES,1,1,1,
2026-09-27 21:47:52,baseline-rules,6783000,30.48,77.42,1005.68,31.59,69.47,1005.37,1,0,RULES,1,1,1,
2026-09-27 21:47:53,baseline-rules,6784000,30.48,77.28,1005.66,31.60,69.41,1005.38,1,0,RULES,1,1,1,
2026-09-27 21:47:54,baseline-rules,6785000,30.48,77.72,1005.69,31.59,69.66,1005.39,1,0,RULES,1,1,1,
2026-09-27 21:47:55,baseline-rules,6786000,30.48,77.06,1005.68,31.59,69.52,1005.40,1,0,RULES,1,1,1,
2026-09-27 21:47:56,baseline-rules,6787000,30.48,76.84,1005.68,31.59,69.35,1005.37,1,0,RULES,1,1,1,
2026-09-27 21:47:57,baseline-rules,6788000,30.49,77.46,1005.67,31.59,69.46,1005.39,1,0,RULES,1,1,1,
2026-09-27 21:47:58,baseline-rules,6789000,30.48,76.95,1005.72,31.59,69.47,1005.42,1,0,RULES,1,1,1,
2026-09-27 21:47:59,baseline-rules,6790000,30.49,77.71,1005.68,31.58,69.53,1005.35,1,0,RULES,1,1,1,
2026-09-27 21:48:00,baseline-rules,6791000,30.47,76.83,1005.70,31.59,69.38,1005.37,1,0,RULES,1,1,1,
2026-09-27 21:48:01,baseline-rules,6792000,30.49,76.84,1005.70,31.59,69.85,1005.37,1,0,RULES,1,1,1,
2026-09-27 21:48:02,baseline-rules,6793000,30.48,76.92,1005.61,31.58,69.47,1005.43,1,0,RULES,1,1,1,
2026-09-27 21:48:03,baseline-rules,6794000,30.48,76.90,1005.68,31.60,69.34,1005.38,1,0,RULES,1,1,1,
2026-09-27 21:48:04,baseline-rules,6795000,30.48,77.24,1005.66,31.58,69.33,1005.35,1,0,RULES,1,1,1,
2026-09-27 21:48:05,baseline-rules,6796000,30.48,77.41,1005.68,31.58,69.32,1005.40,1,0,RULES,1,1,1,
2026-09-27 21:48:06,baseline-rules,6797000,30.47,77.28,1005.70,31.59,69.39,1005.37,1,0,RULES,1,1,1,
2026-09-27 21:48:07,baseline-rules,6798000,30.46,77.68,1005.62,31.59,69.39,1005.42,1,0,RULES,1,1,1,
2026-09-27 21:48:08,baseline-rules,6799000,30.45,76.19,1005.66,31.58,69.47,1005.41,1,0,RULES,1,1,1,
2026-09-27 21:48:09,baseline-rules,6800000,30.45,76.93,1005.64,31.58,69.48,1005.40,1,0,RULES,1,1,1,
2026-09-27 21:48:10,baseline-rules,6801000,30.44,77.84,1005.71,31.58,69.39,1005.41,1,0,RULES,1,1,1,
2026-09-27 21:48:11,baseline-rules,6802000,30.44,78.87,1005.68,31.57,69.41,1005.39,1,0,RULES,1,1,1,
2026-09-27 21:48:12,baseline-rules,6803000,30.43,79.88,1005.67,31.58,69.49,1005.34,1,0,RULES,1,1,1,
2026-09-27 21:48:13,baseline-rules,6804000,30.43,80.10,1005.69,31.58,69.42,1005.43,1,0,RULES,1,1,1,
2026-09-27 21:48:14,baseline-rules,6805000,30.42,78.98,1005.76,31.58,69.32,1005.41,1,0,RULES,1,1,1,
2026-09-27 21:48:15,baseline-rules,6806000,30.42,78.03,1005.73,31.58,69.35,1005.41,1,0,RULES,1,1,1,
2026-09-27 21:48:16,baseline-rules,6807000,30.41,77.98,1005.69,31.58,69.40,1005.40,1,0,RULES,1,1,1,
2026-09-27 21:48:17,baseline-rules,6808000,30.41,79.09,1005.63,31.58,69.43,1005.34,1,0,RULES,1,1,1,
2026-09-27 21:48:18,baseline-rules,6809000,30.40,77.78,1005.67,31.57,69.48,1005.36,1,0,RULES,1,1,1,
2026-09-27 21:48:19,baseline-rules,6810000,30.40,77.75,1005.67,31.58,69.43,1005.45,1,0,RULES,1,1,1,
2026-09-27 21:48:20,baseline-rules,6811000,30.41,78.58,1005.69,31.58,69.41,1005.41,1,0,RULES,1,1,1,
2026-09-27 21:48:21,baseline-rules,6812000,30.41,78.67,1005.65,31.57,69.53,1005.47,1,0,RULES,1,1,1,
2026-09-27 21:48:22,baseline-rules,6813000,30.41,78.88,1005.66,31.57,69.44,1005.42,1,0,RULES,1,1,1,
2026-09-27 21:48:23,baseline-rules,6814000,30.40,77.96,1005.62,31.57,69.42,1005.39,1,0,RULES,1,1,1,
2026-09-27 21:48:24,baseline-rules,6815000,30.42,77.90,1005.67,31.57,69.31,1005.45,1,0,RULES,1,1,1,
2026-09-27 21:48:25,baseline-rules,6816000,30.42,77.21,1005.67,31.58,69.42,1005.41,1,0,RULES,1,1,1,
2026-09-27 21:48:26,baseline-rules,6817000,30.42,77.32,1005.64,31.58,69.49,1005.40,1,0,RULES,1,1,1,
2026-09-27 21:48:27,baseline-rules,6818000,30.41,76.66,1005.65,31.57,69.46,1005.47,1,0,RULES,1,1,1,
2026-09-27 21:48:28,baseline-rules,6819000,30.41,76.17,1005.66,31.58,69.53,1005.40,1,0,RULES,1,1,1,
2026-09-27 21:48:29,baseline-rules,6820000,30.42,76.11,1005.71,31.58,69.40,1005.37,1,0,RULES,1,1,1,
2026-09-27 21:48:30,baseline-rules,6821000,30.42,76.97,1005.68,31.58,69.64,1005.41,1,0,RULES,1,1,1,
2026-09-27 21:48:31,baseline-rules,6822000,30.41,76.10,1005.65,31.58,69.63,1005.40,1,0,RULES,1,1,1,
2026-09-27 21:48:32,baseline-rules,6823000,30.42,75.91,1005.71,31.57,69.67,1005.39,1,0,RULES,1,1,1,
2026-09-27 21:48:33,baseline-rules,6824000,30.42,76.93,1005.70,31.58,69.62,1005.40,1,0,RULES,1,1,1,
2026-09-27 21:48:34,baseline-rules,6825000,30.43,77.16,1005.72,31.58,69.47,1005.41,1,0,RULES,1,1,1,
2026-09-27 21:48:35,baseline-rules,6826000,30.43,78.10,1005.67,31.58,69.48,1005.40,1,0,RULES,1,1,1,
2026-09-27 21:48:36,baseline-rules,6827000,30.44,79.31,1005.74,31.58,69.42,1005.41,1,0,RULES,1,1,1,
2026-09-27 21:48:37,baseline-rules,6828000,30.45,79.83,1005.66,31.58,69.41,1005.43,1,0,RULES,1,1,1,
2026-09-27 21:48:38,baseline-rules,6829000,30.44,78.87,1005.68,31.58,69.42,1005.43,1,0,RULES,1,1,1,
2026-09-27 21:48:39,baseline-rules,6830000,30.44,78.05,1005.74,31.58,69.35,1005.38,1,0,RULES,1,1,1,
2026-09-27 21:48:40,baseline-rules,6831000,30.43,76.73,1005.72,31.59,69.47,1005.42,1,0,RULES,1,1,1,
2026-09-27 21:48:41,baseline-rules,6832000,30.44,77.30,1005.62,31.58,69.48,1005.34,1,0,RULES,1,1,1,
2026-09-27 21:48:42,baseline-rules,6833000,30.44,78.06,1005.68,31.58,69.59,1005.35,1,0,RULES,1,1,1,
2026-09-27 21:48:43,baseline-rules,6834000,30.44,77.96,1005.74,31.57,69.75,1005.39,1,0,RULES,1,1,1,
2026-09-27 21:48:44,baseline-rules,6835000,30.44,77.04,1005.70,31.58,69.54,1005.35,1,0,RULES,1,1,1,
2026-09-27 21:48:45,baseline-rules,6836000,30.44,77.47,1005.71,31.58,69.48,1005.40,1,0,RULES,1,1,1,
2026-09-27 21:48:46,baseline-rules,6837000,30.43,77.51,1005.66,31.59,69.46,1005.42,1,0,RULES,1,1,1,
2026-09-27 21:48:47,baseline-rules,6838000,30.43,77.03,1005.69,31.59,69.36,1005.39,1,0,RULES,1,1,1,
2026-09-27 21:48:48,baseline-rules,6839000,30.43,76.28,1005.69,31.58,69.41,1005.41,1,0,RULES,1,1,1,
2026-09-27 21:48:49,baseline-rules,6840000,30.44,77.20,1005.68,31.59,69.45,1005.42,1,0,RULES,1,1,1,
2026-09-27 21:48:50,baseline-rules,6841000,30.44,77.65,1005.71,31.59,69.43,1005.42,1,0,RULES,1,1,1,
2026-09-27 21:48:51,baseline-rules,6842000,30.45,78.11,1005.70,31.59,69.55,1005.34,1,0,RULES,1,1,1,
2026-09-27 21:48:52,baseline-rules,6843000,30.45,78.34,1005.67,31.59,69.81,1005.37,1,0,RULES,1,1,1,
2026-09-27 21:48:53,baseline-rules,6844000,30.45,78.42,1005.66,31.59,69.36,1005.36,1,0,RULES,1,1,1,
2026-09-27 21:48:54,baseline-rules,6845000,30.43,77.44,1005.64,31.59,69.70,1005.42,1,0,RULES,1,1,1,
2026-09-27 21:48:55,baseline-rules,6846000,30.43,76.83,1005.67,31.59,69.41,1005.37,1,0,RULES,1,1,1,
2026-09-27 21:48:56,baseline-rules,6847000,30.45,77.00,1005.66,31.60,69.27,1005.43,1,0,RULES,1,1,1,
2026-09-27 21:48:57,baseline-rules,6848000,30.43,76.49,1005.67,31.59,69.32,1005.42,1,0,RULES,1,1,1,
2026-09-27 21:48:58,baseline-rules,6849000,30.44,76.07,1005.71,31.60,69.39,1005.43,1,0,RULES,1,1,1,
2026-09-27 21:48:59,baseline-rules,6850000,30.44,75.83,1005.73,31.60,69.38,1005.38,1,0,RULES,1,1,1,
2026-09-27 21:49:00,baseline-rules,6851000,30.45,75.72,1005.67,31.60,69.39,1005.41,1,0,RULES,1,1,1,
2026-09-27 21:49:01,baseline-rules,6852000,30.44,76.14,1005.68,31.60,69.40,1005.43,1,0,RULES,1,1,1,
2026-09-27 21:49:02,baseline-rules,6853000,30.44,76.74,1005.65,31.60,69.37,1005.43,1,0,RULES,1,1,1,
2026-09-27 21:49:03,baseline-rules,6854000,30.45,77.13,1005.63,31.60,69.45,1005.44,1,0,RULES,1,1,1,
2026-09-27 21:49:04,baseline-rules,6855000,30.44,75.78,1005.65,31.60,69.57,1005.44,1,0,RULES,1,1,1,
2026-09-27 21:49:05,baseline-rules,6856000,30.44,75.97,1005.68,31.60,69.49,1005.44,1,0,RULES,1,1,1,
2026-09-27 21:49:06,baseline-rules,6857000,30.44,76.61,1005.68,31.59,69.32,1005.40,1,0,RULES,1,1,1,
2026-09-27 21:49:07,baseline-rules,6858000,30.43,76.56,1005.69,31.59,69.50,1005.37,1,0,RULES,1,1,1,
2026-09-27 21:49:08,baseline-rules,6859000,30.43,76.35,1005.66,31.60,69.33,1005.43,1,0,RULES,1,1,1,
2026-09-27 21:49:09,baseline-rules,6860000,30.44,76.91,1005.65,31.60,69.27,1005.38,1,0,RULES,1,1,1,
2026-09-27 21:49:10,baseline-rules,6861000,30.44,76.74,1005.68,31.60,69.38,1005.38,1,0,RULES,1,1,1,
2026-09-27 21:49:11,baseline-rules,6862000,30.44,77.77,1005.65,31.61,69.24,1005.39,1,0,RULES,1,1,1,
2026-09-27 21:49:12,baseline-rules,6863000,30.44,77.25,1005.71,31.60,69.42,1005.41,1,0,RULES,1,1,1,
2026-09-27 21:49:13,baseline-rules,6864000,30.43,76.11,1005.63,31.61,69.41,1005.43,1,0,RULES,1,1,1,
2026-09-27 21:49:14,baseline-rules,6865000,30.44,76.03,1005.70,31.60,69.53,1005.44,1,0,RULES,1,1,1,
2026-09-27 21:49:15,baseline-rules,6866000,30.44,76.66,1005.65,31.61,69.32,1005.45,1,0,RULES,1,1,1,
2026-09-27 21:49:16,baseline-rules,6867000,30.43,76.63,1005.72,31.60,69.40,1005.38,1,0,RULES,1,1,1,
2026-09-27 21:49:17,baseline-rules,6868000,30.43,77.39,1005.67,31.60,69.36,1005.41,1,0,RULES,1,1,1,
2026-09-27 21:49:18,baseline-rules,6869000,30.42,76.60,1005.68,31.60,69.42,1005.38,1,0,RULES,1,1,1,
2026-09-27 21:49:19,baseline-rules,6870000,30.43,77.31,1005.66,31.60,69.64,1005.38,1,0,RULES,1,1,1,
2026-09-27 21:49:20,baseline-rules,6871000,30.42,77.28,1005.64,31.59,69.45,1005.45,1,0,RULES,1,1,1,
2026-09-27 21:49:21,baseline-rules,6872000,30.42,77.29,1005.68,31.60,69.38,1005.41,1,0,RULES,1,1,1,
2026-09-27 21:49:22,baseline-rules,6873000,30.42,76.13,1005.64,31.60,69.36,1005.38,1,0,RULES,1,1,1,
2026-09-27 21:49:23,baseline-rules,6874000,30.43,76.92,1005.69,31.61,69.49,1005.42,1,0,RULES,1,1,1,
2026-09-27 21:49:24,baseline-rules,6875000,30.42,76.29,1005.68,31.60,69.41,1005.38,1,0,RULES,1,1,1,
2026-09-27 21:49:25,baseline-rules,6876000,30.43,77.09,1005.64,31.61,69.41,1005.46,1,0,RULES,1,1,1,
2026-09-27 21:49:26,baseline-rules,6877000,30.43,77.21,1005.67,31.61,69.64,1005.45,1,0,RULES,1,1,1,
2026-09-27 21:49:27,baseline-rules,6878000,30.44,76.69,1005.67,31.60,69.44,1005.46,1,0,RULES,1,1,1,
2026-09-27 21:49:28,baseline-rules,6879000,30.45,76.60,1005.72,31.60,69.31,1005.41,1,0,RULES,1,1,1,
2026-09-27 21:49:29,baseline-rules,6880000,30.44,75.70,1005.65,31.61,69.30,1005.42,1,0,RULES,1,1,1,
2026-09-27 21:49:30,baseline-rules,6881000,30.44,76.11,1005.63,31.60,69.53,1005.44,1,0,RULES,1,1,1,
2026-09-27 21:49:31,baseline-rules,6882000,30.45,76.11,1005.61,31.61,69.33,1005.45,1,0,RULES,1,1,1,
2026-09-27 21:49:32,baseline-rules,6883000,30.43,76.91,1005.61,31.60,69.48,1005.38,1,0,RULES,1,1,1,
2026-09-27 21:49:33,baseline-rules,6884000,30.44,77.86,1005.70,31.60,69.34,1005.41,1,0,RULES,1,1,1,
2026-09-27 21:49:34,baseline-rules,6885000,30.44,77.05,1005.68,31.61,69.31,1005.42,1,0,RULES,1,1,1,
2026-09-27 21:49:35,baseline-rules,6886000,30.45,77.38,1005.70,31.60,69.34,1005.41,1,0,RULES,1,1,1,
2026-09-27 21:49:36,baseline-rules,6887000,30.44,77.08,1005.63,31.60,69.41,1005.44,1,0,RULES,1,1,1,
2026-09-27 21:49:37,baseline-rules,6888000,30.45,76.60,1005.67,31.60,69.30,1005.49,1,0,RULES,1,1,1,
2026-09-27 21:49:37,baseline-rules,,,,,,,,,,,,,,mist A=0 B=0 (burst cap)
2026-09-27 21:49:38,baseline-rules,6889000,30.45,76.48,1005.72,31.60,69.53,1005.47,0,0,RULES,1,1,1,
2026-09-27 21:49:39,baseline-rules,6890000,30.45,76.71,1005.70,31.60,69.49,1005.33,0,0,RULES,1,1,1,
2026-09-27 21:49:40,baseline-rules,6891000,30.45,77.53,1005.72,31.60,69.42,1005.33,0,0,RULES,1,1,1,
2026-09-27 21:49:41,baseline-rules,6892000,30.46,77.69,1005.62,31.60,69.31,1005.43,0,0,RULES,1,1,1,
2026-09-27 21:49:42,baseline-rules,6893000,30.44,77.18,1005.68,31.60,69.58,1005.40,0,0,RULES,1,1,1,
2026-09-27 21:49:43,baseline-rules,6894000,30.44,77.04,1005.65,31.60,69.70,1005.38,0,0,RULES,1,1,1,
2026-09-27 21:49:44,baseline-rules,6895000,30.45,78.28,1005.69,31.59,69.69,1005.40,0,0,RULES,1,1,1,
2026-09-27 21:49:45,baseline-rules,6896000,30.46,79.50,1005.68,31.60,69.48,1005.43,0,0,RULES,1,1,1,
2026-09-27 21:49:46,baseline-rules,6897000,30.45,79.19,1005.67,31.60,69.63,1005.43,0,0,RULES,1,1,1,
2026-09-27 21:49:47,baseline-rules,6898000,30.45,77.71,1005.69,31.59,69.45,1005.42,0,0,RULES,1,1,1,
2026-09-27 21:49:48,baseline-rules,6899000,30.45,77.13,1005.64,31.60,69.42,1005.43,0,0,RULES,1,1,1,
2026-09-27 21:49:49,baseline-rules,6900000,30.46,77.52,1005.72,31.58,69.33,1005.41,0,0,RULES,1,1,1,
2026-09-27 21:49:50,baseline-rules,6901000,30.47,78.14,1005.68,31.60,69.84,1005.40,0,0,RULES,1,1,1,
2026-09-27 21:49:51,baseline-rules,6902000,30.47,77.98,1005.70,31.59,69.46,1005.39,0,0,RULES,1,1,1,
2026-09-27 21:49:52,baseline-rules,6903000,30.47,77.54,1005.73,31.60,69.81,1005.40,0,0,RULES,1,1,1,
2026-09-27 21:49:53,baseline-rules,6904000,30.48,77.13,1005.66,31.60,69.30,1005.46,0,0,RULES,1,1,1,
2026-09-27 21:49:54,baseline-rules,6905000,30.49,76.73,1005.70,31.59,69.37,1005.42,0,0,RULES,1,1,1,
2026-09-27 21:49:55,baseline-rules,6906000,30.49,76.63,1005.64,31.59,69.38,1005.51,0,0,RULES,1,1,1,
2026-09-27 21:49:56,baseline-rules,6907000,30.49,76.57,1005.68,31.59,69.65,1005.42,0,0,RULES,1,1,1,
2026-09-27 21:49:57,baseline-rules,6908000,30.51,77.70,1005.68,31.60,69.48,1005.43,0,0,RULES,1,1,1,
2026-09-27 21:49:58,baseline-rules,6909000,30.52,77.97,1005.72,31.60,69.54,1005.38,0,0,RULES,1,1,1,
2026-09-27 21:49:59,baseline-rules,6910000,30.53,78.62,1005.71,31.60,69.33,1005.46,0,0,RULES,1,1,1,
2026-09-27 21:50:00,baseline-rules,6911000,30.54,79.77,1005.70,31.60,69.45,1005.43,0,0,RULES,1,1,1,
2026-09-27 21:50:01,baseline-rules,6912000,30.54,80.15,1005.75,31.59,69.54,1005.42,0,0,RULES,1,1,1,
2026-09-27 21:50:02,baseline-rules,6913000,30.54,79.31,1005.70,31.60,69.41,1005.38,0,0,RULES,1,1,1,
2026-09-27 21:50:03,baseline-rules,6914000,30.55,79.37,1005.66,31.60,69.40,1005.40,0,0,RULES,1,1,1,
2026-09-27 21:50:04,baseline-rules,6915000,30.55,78.95,1005.66,31.59,69.37,1005.45,0,0,RULES,1,1,1,
2026-09-27 21:50:05,baseline-rules,6916000,30.55,79.03,1005.63,31.60,69.57,1005.51,0,0,RULES,1,1,1,
2026-09-27 21:50:06,baseline-rules,6917000,30.56,77.71,1005.68,31.59,69.51,1005.40,0,0,RULES,1,1,1,
2026-09-27 21:50:07,baseline-rules,6918000,30.56,77.77,1005.68,31.59,69.73,1005.37,0,0,RULES,1,1,1,
2026-09-27 21:50:08,baseline-rules,6919000,30.57,77.61,1005.69,31.60,69.77,1005.46,0,0,RULES,1,1,1,
2026-09-27 21:50:09,baseline-rules,6920000,30.58,77.39,1005.70,31.59,69.53,1005.44,0,0,RULES,1,1,1,
2026-09-27 21:50:10,baseline-rules,6921000,30.58,77.57,1005.70,31.58,69.38,1005.41,0,0,RULES,1,1,1,
2026-09-27 21:50:11,baseline-rules,6922000,30.57,77.05,1005.75,31.60,69.31,1005.47,0,0,RULES,1,1,1,
2026-09-27 21:50:12,baseline-rules,6923000,30.58,77.32,1005.66,31.59,69.52,1005.44,0,0,RULES,1,1,1,
2026-09-27 21:50:13,baseline-rules,6924000,30.60,77.92,1005.76,31.59,69.61,1005.45,0,0,RULES,1,1,1,
2026-09-27 21:50:14,baseline-rules,6925000,30.60,78.53,1005.70,31.59,69.39,1005.44,0,0,RULES,1,1,1,
2026-09-27 21:50:15,baseline-rules,6926000,30.61,79.10,1005.69,31.59,69.52,1005.42,0,0,RULES,1,1,1,
2026-09-27 21:50:16,baseline-rules,6927000,30.59,78.23,1005.64,31.58,69.61,1005.43,0,0,RULES,1,1,1,
2026-09-27 21:50:17,baseline-rules,6928000,30.60,77.10,1005.73,31.58,69.48,1005.43,0,0,RULES,1,1,1,
2026-09-27 21:50:18,baseline-rules,6929000,30.59,76.45,1005.72,31.58,69.38,1005.38,0,0,RULES,1,1,1,
2026-09-27 21:50:19,baseline-rules,6930000,30.60,76.39,1005.68,31.58,69.31,1005.38,0,0,RULES,1,1,1,
2026-09-27 21:50:20,baseline-rules,6931000,30.61,76.32,1005.67,31.59,69.40,1005.36,0,0,RULES,1,1,1,
2026-09-27 21:50:21,baseline-rules,6932000,30.61,76.44,1005.67,31.59,69.38,1005.44,0,0,RULES,1,1,1,
2026-09-27 21:50:22,baseline-rules,6933000,30.61,76.79,1005.67,31.58,69.83,1005.38,0,0,RULES,1,1,1,
2026-09-27 21:50:23,baseline-rules,6934000,30.61,76.06,1005.61,31.59,69.48,1005.42,0,0,RULES,1,1,1,
2026-09-27 21:50:24,baseline-rules,6935000,30.63,76.44,1005.69,31.58,69.36,1005.41,0,0,RULES,1,1,1,
2026-09-27 21:50:25,baseline-rules,6936000,30.64,77.26,1005.69,31.58,69.47,1005.43,0,0,RULES,1,1,1,
2026-09-27 21:50:26,baseline-rules,6937000,30.63,76.74,1005.73,31.57,69.35,1005.39,0,0,RULES,1,1,1,
2026-09-27 21:50:27,baseline-rules,6938000,30.63,76.21,1005.64,31.58,69.41,1005.41,0,0,RULES,1,1,1,
2026-09-27 21:50:28,baseline-rules,6939000,30.64,75.88,1005.62,31.58,69.45,1005.40,0,0,RULES,1,1,1,
2026-09-27 21:50:29,baseline-rules,6940000,30.64,75.27,1005.72,31.58,69.77,1005.41,0,0,RULES,1,1,1,
2026-09-27 21:50:30,baseline-rules,6941000,30.65,76.09,1005.67,31.58,69.35,1005.37,0,0,RULES,1,1,1,
2026-09-27 21:50:31,baseline-rules,6942000,30.66,76.43,1005.66,31.57,69.71,1005.38,0,0,RULES,1,1,1,
2026-09-27 21:50:32,baseline-rules,6943000,30.67,77.07,1005.70,31.57,69.48,1005.39,0,0,RULES,1,1,1,
2026-09-27 21:50:33,baseline-rules,6944000,30.67,77.05,1005.71,31.58,69.51,1005.41,0,0,RULES,1,1,1,
2026-09-27 21:50:34,baseline-rules,6945000,30.67,76.19,1005.62,31.59,69.43,1005.45,0,0,RULES,1,1,1,
2026-09-27 21:50:35,baseline-rules,6946000,30.68,76.89,1005.66,31.59,69.48,1005.42,0,0,RULES,1,1,1,
2026-09-27 21:50:36,baseline-rules,6947000,30.68,76.29,1005.69,31.59,69.76,1005.47,0,0,RULES,1,1,1,
2026-09-27 21:50:37,baseline-rules,6948000,30.68,75.75,1005.70,31.58,69.38,1005.46,0,0,RULES,1,1,1,
2026-09-27 21:50:38,baseline-rules,6949000,30.68,75.71,1005.70,31.59,69.49,1005.40,0,0,RULES,1,1,1,
2026-09-27 21:50:39,baseline-rules,6950000,30.68,75.55,1005.75,31.59,69.54,1005.42,0,0,RULES,1,1,1,
2026-09-27 21:50:40,baseline-rules,6951000,30.68,75.69,1005.60,31.59,69.86,1005.47,0,0,RULES,1,1,1,
2026-09-27 21:50:41,baseline-rules,6952000,30.68,75.82,1005.67,31.59,69.52,1005.45,0,0,RULES,1,1,1,
2026-09-27 21:50:42,baseline-rules,6953000,30.69,76.26,1005.68,31.59,69.47,1005.42,0,0,RULES,1,1,1,
2026-09-27 21:50:43,baseline-rules,6954000,30.69,76.19,1005.68,31.60,69.45,1005.40,0,0,RULES,1,1,1,
2026-09-27 21:50:44,baseline-rules,6955000,30.70,75.95,1005.66,31.60,69.66,1005.43,0,0,RULES,1,1,1,
2026-09-27 21:50:45,baseline-rules,6956000,30.70,75.60,1005.73,31.59,69.38,1005.45,0,0,RULES,1,1,1,
2026-09-27 21:50:46,baseline-rules,6957000,30.71,75.31,1005.68,31.60,69.63,1005.38,0,0,RULES,1,1,1,
2026-09-27 21:50:47,baseline-rules,6958000,30.71,75.19,1005.71,31.59,69.30,1005.42,0,0,RULES,1,1,1,
2026-09-27 21:50:48,baseline-rules,6959000,30.70,74.86,1005.67,31.59,69.47,1005.47,0,0,RULES,1,1,1,
2026-09-27 21:50:49,baseline-rules,6960000,30.71,75.49,1005.68,31.59,69.38,1005.42,0,0,RULES,1,1,1,
2026-09-27 21:50:50,baseline-rules,6961000,30.71,75.77,1005.72,31.59,69.42,1005.39,0,0,RULES,1,1,1,
2026-09-27 21:50:51,baseline-rules,6962000,30.72,76.09,1005.68,31.58,69.35,1005.46,0,0,RULES,1,1,1,
2026-09-27 21:50:52,baseline-rules,6963000,30.70,75.57,1005.73,31.59,69.41,1005.40,0,0,RULES,1,1,1,
2026-09-27 21:50:53,baseline-rules,6964000,30.72,76.52,1005.68,31.59,69.26,1005.48,0,0,RULES,1,1,1,
2026-09-27 21:50:54,baseline-rules,6965000,30.73,76.23,1005.77,31.58,69.46,1005.35,0,0,RULES,1,1,1,
2026-09-27 21:50:55,baseline-rules,6966000,30.73,76.36,1005.72,31.58,69.40,1005.38,0,0,RULES,1,1,1,
2026-09-27 21:50:56,baseline-rules,6967000,30.73,76.84,1005.69,31.60,69.72,1005.43,0,0,RULES,1,1,1,
2026-09-27 21:50:57,baseline-rules,6968000,30.74,77.42,1005.71,31.59,69.49,1005.42,0,0,RULES,1,1,1,
2026-09-27 21:50:58,baseline-rules,6969000,30.76,77.96,1005.68,31.59,69.32,1005.45,0,0,RULES,1,1,1,
2026-09-27 21:50:59,baseline-rules,6970000,30.75,77.26,1005.69,31.60,69.29,1005.43,0,0,RULES,1,1,1,
2026-09-27 21:51:00,baseline-rules,6971000,30.76,76.34,1005.73,31.59,69.33,1005.45,0,0,RULES,1,1,1,
2026-09-27 21:51:01,baseline-rules,6972000,30.76,75.83,1005.66,31.59,69.47,1005.40,0,0,RULES,1,1,1,
2026-09-27 21:51:02,baseline-rules,6973000,30.76,76.03,1005.69,31.59,69.58,1005.44,0,0,RULES,1,1,1,
2026-09-27 21:51:03,baseline-rules,6974000,30.77,75.65,1005.73,31.59,69.44,1005.42,0,0,RULES,1,1,1,
2026-09-27 21:51:04,baseline-rules,6975000,30.77,75.26,1005.78,31.59,69.41,1005.42,0,0,RULES,1,1,1,
2026-09-27 21:51:05,baseline-rules,6976000,30.78,75.43,1005.65,31.58,69.48,1005.38,0,0,RULES,1,1,1,
2026-09-27 21:51:06,baseline-rules,6977000,30.78,75.75,1005.65,31.59,69.58,1005.42,0,0,RULES,1,1,1,
2026-09-27 21:51:07,baseline-rules,6978000,30.77,75.26,1005.76,31.59,69.43,1005.42,0,0,RULES,1,1,1,
2026-09-27 21:51:08,baseline-rules,6979000,30.77,74.84,1005.72,31.58,69.66,1005.41,0,0,RULES,1,1,1,
2026-09-27 21:51:09,baseline-rules,6980000,30.78,75.30,1005.71,31.59,69.33,1005.48,0,0,RULES,1,1,1,
2026-09-27 21:51:10,baseline-rules,6981000,30.78,74.97,1005.72,31.58,69.46,1005.46,0,0,RULES,1,1,1,
2026-09-27 21:51:11,baseline-rules,6982000,30.78,74.82,1005.77,31.58,69.46,1005.46,0,0,RULES,1,1,1,
2026-09-27 21:51:12,baseline-rules,6983000,30.79,74.86,1005.79,31.58,69.35,1005.46,0,0,RULES,1,1,1,
2026-09-27 21:51:13,baseline-rules,6984000,30.79,74.81,1005.73,31.59,69.58,1005.42,0,0,RULES,1,1,1,
2026-09-27 21:51:14,baseline-rules,6985000,30.79,74.85,1005.70,31.58,69.58,1005.46,0,0,RULES,1,1,1,
2026-09-27 21:51:15,baseline-rules,6986000,30.80,74.69,1005.74,31.59,69.67,1005.40,0,0,RULES,1,1,1,
2026-09-27 21:51:16,baseline-rules,6987000,30.80,74.99,1005.72,31.59,69.40,1005.42,0,0,RULES,1,1,1,
2026-09-27 21:51:17,baseline-rules,6988000,30.80,75.46,1005.71,31.59,69.30,1005.44,0,0,RULES,1,1,1,
2026-09-27 21:51:18,baseline-rules,6989000,30.80,75.07,1005.63,31.60,69.36,1005.40,0,0,RULES,1,1,1,
2026-09-27 21:51:19,baseline-rules,6990000,30.81,75.60,1005.70,31.60,69.34,1005.46,0,0,RULES,1,1,1,
2026-09-27 21:51:20,baseline-rules,6991000,30.81,75.26,1005.79,31.59,69.31,1005.45,0,0,RULES,1,1,1,
2026-09-27 21:51:21,baseline-rules,6992000,30.81,76.26,1005.67,31.59,69.38,1005.40,0,0,RULES,1,1,1,
2026-09-27 21:51:22,baseline-rules,6993000,30.80,75.62,1005.67,31.59,69.30,1005.48,0,0,RULES,1,1,1,
2026-09-27 21:51:23,baseline-rules,6994000,30.81,75.82,1005.68,31.59,69.32,1005.42,0,0,RULES,1,1,1,
2026-09-27 21:51:24,baseline-rules,6995000,30.82,75.90,1005.60,31.60,69.50,1005.40,0,0,RULES,1,1,1,
2026-09-27 21:51:25,baseline-rules,6996000,30.83,75.72,1005.73,31.59,69.50,1005.48,0,0,RULES,1,1,1,
2026-09-27 21:51:26,baseline-rules,6997000,30.83,75.60,1005.68,31.59,69.82,1005.44,0,0,RULES,1,1,1,
2026-09-27 21:51:27,baseline-rules,6998000,30.84,75.53,1005.70,31.60,69.71,1005.43,0,0,RULES,1,1,1,
2026-09-27 21:51:28,baseline-rules,6999000,30.84,76.36,1005.69,31.59,69.86,1005.42,0,0,RULES,1,1,1,
2026-09-27 21:51:29,baseline-rules,7000000,30.85,77.20,1005.68,31.59,69.50,1005.36,0,0,RULES,1,1,1,
2026-09-27 21:51:30,baseline-rules,7001000,30.86,77.36,1005.70,31.59,69.70,1005.42,0,0,RULES,1,1,1,
2026-09-27 21:51:31,baseline-rules,7002000,30.84,76.23,1005.67,31.59,69.75,1005.42,0,0,RULES,1,1,1,
2026-09-27 21:51:32,baseline-rules,7003000,30.85,75.67,1005.69,31.59,69.83,1005.42,0,0,RULES,1,1,1,
2026-09-27 21:51:33,baseline-rules,7004000,30.86,75.62,1005.73,31.58,69.51,1005.41,0,0,RULES,1,1,1,
2026-09-27 21:51:34,baseline-rules,7005000,30.87,75.46,1005.77,31.59,69.41,1005.40,0,0,RULES,1,1,1,
2026-09-27 21:51:35,baseline-rules,7006000,30.86,75.51,1005.73,31.59,69.43,1005.48,0,0,RULES,1,1,1,
2026-09-27 21:51:36,baseline-rules,7007000,30.85,75.22,1005.66,31.58,69.33,1005.43,0,0,RULES,1,1,1,
2026-09-27 21:51:37,baseline-rules,7008000,30.86,74.77,1005.67,31.59,69.43,1005.40,0,0,RULES,1,1,1,
2026-09-27 21:51:38,baseline-rules,7009000,30.87,75.03,1005.74,31.59,69.49,1005.48,0,0,RULES,1,1,1,
2026-09-27 21:51:39,baseline-rules,7010000,30.86,74.83,1005.64,31.58,69.43,1005.38,0,0,RULES,1,1,1,
2026-09-27 21:51:40,baseline-rules,7011000,30.87,75.33,1005.69,31.59,69.73,1005.42,0,0,RULES,1,1,1,
2026-09-27 21:51:41,baseline-rules,7012000,30.87,75.05,1005.72,31.60,69.41,1005.44,0,0,RULES,1,1,1,
2026-09-27 21:51:42,baseline-rules,7013000,30.86,74.49,1005.76,31.60,69.42,1005.44,0,0,RULES,1,1,1,
2026-09-27 21:51:43,baseline-rules,7014000,30.88,74.58,1005.65,31.59,69.67,1005.42,0,0,RULES,1,1,1,
2026-09-27 21:51:44,baseline-rules,7015000,30.88,75.73,1005.74,31.59,69.42,1005.45,0,0,RULES,1,1,1,
2026-09-27 21:51:45,baseline-rules,7016000,30.88,76.40,1005.70,31.59,69.39,1005.48,0,0,RULES,1,1,1,
2026-09-27 21:51:46,baseline-rules,7017000,30.87,75.38,1005.69,31.60,69.47,1005.43,0,0,RULES,1,1,1,
2026-09-27 21:51:47,baseline-rules,7018000,30.87,75.18,1005.67,31.59,69.37,1005.45,0,0,RULES,1,1,1,
2026-09-27 21:51:48,baseline-rules,7019000,30.88,75.73,1005.71,31.60,69.64,1005.38,0,0,RULES,1,1,1,
2026-09-27 21:51:49,baseline-rules,7020000,30.88,75.82,1005.74,31.60,69.42,1005.49,0,0,RULES,1,1,1,
2026-09-27 21:51:50,baseline-rules,7021000,30.89,75.72,1005.69,31.60,69.47,1005.49,0,0,RULES,1,1,1,
2026-09-27 21:51:51,baseline-rules,7022000,30.89,75.27,1005.72,31.59,69.31,1005.42,0,0,RULES,1,1,1,
2026-09-27 21:51:52,baseline-rules,7023000,30.89,75.15,1005.75,31.60,69.76,1005.43,0,0,RULES,1,1,1,
2026-09-27 21:51:53,baseline-rules,7024000,30.89,75.73,1005.67,31.60,69.47,1005.54,0,0,RULES,1,1,1,
2026-09-27 21:51:54,baseline-rules,7025000,30.90,76.29,1005.71,31.59,69.42,1005.42,0,0,RULES,1,1,1,
2026-09-27 21:51:55,baseline-rules,7026000,30.90,76.05,1005.71,31.60,69.40,1005.43,0,0,RULES,1,1,1,
2026-09-27 21:51:56,baseline-rules,7027000,30.91,76.31,1005.69,31.60,69.48,1005.49,0,0,RULES,1,1,1,
2026-09-27 21:51:57,baseline-rules,7028000,30.91,75.69,1005.75,31.59,69.51,1005.42,0,0,RULES,1,1,1,
2026-09-27 21:51:58,baseline-rules,7029000,30.90,75.19,1005.68,31.59,69.68,1005.42,0,0,RULES,1,1,1,
2026-09-27 21:51:59,baseline-rules,7030000,30.90,75.28,1005.71,31.59,69.60,1005.50,0,0,RULES,1,1,1,
2026-09-27 21:52:00,baseline-rules,7031000,30.91,75.44,1005.64,31.59,69.48,1005.42,0,0,RULES,1,1,1,
2026-09-27 21:52:01,baseline-rules,7032000,30.90,75.45,1005.74,31.59,69.49,1005.44,0,0,RULES,1,1,1,
2026-09-27 21:52:02,baseline-rules,7033000,30.90,74.69,1005.69,31.59,69.51,1005.53,0,0,RULES,1,1,1,
2026-09-27 21:52:03,baseline-rules,7034000,30.90,74.51,1005.71,31.59,69.48,1005.47,0,0,RULES,1,1,1,
2026-09-27 21:52:04,baseline-rules,7035000,30.91,74.52,1005.69,31.58,69.39,1005.46,0,0,RULES,1,1,1,
2026-09-27 21:52:05,baseline-rules,7036000,30.91,74.30,1005.69,31.59,69.42,1005.48,0,0,RULES,1,1,1,
2026-09-27 21:52:06,baseline-rules,7037000,30.90,74.51,1005.66,31.59,69.39,1005.51,0,0,RULES,1,1,1,
2026-09-27 21:52:07,baseline-rules,7038000,30.91,74.65,1005.67,31.59,69.39,1005.47,0,0,RULES,1,1,1,
2026-09-27 21:52:08,baseline-rules,7039000,30.91,74.80,1005.70,31.59,69.62,1005.50,0,0,RULES,1,1,1,
2026-09-27 21:52:09,baseline-rules,7040000,30.91,75.08,1005.69,31.59,69.38,1005.42,0,0,RULES,1,1,1,
2026-09-27 21:52:10,baseline-rules,7041000,30.91,75.02,1005.69,31.57,69.42,1005.39,0,0,RULES,1,1,1,
2026-09-27 21:52:11,baseline-rules,7042000,30.92,75.57,1005.68,31.59,69.44,1005.44,0,0,RULES,1,1,1,
2026-09-27 21:52:12,baseline-rules,7043000,30.93,76.72,1005.78,31.58,69.51,1005.43,0,0,RULES,1,1,1,
2026-09-27 21:52:13,baseline-rules,7044000,30.92,77.05,1005.72,31.59,69.50,1005.47,0,0,RULES,1,1,1,
2026-09-27 21:52:14,baseline-rules,7045000,30.92,77.44,1005.71,31.57,69.53,1005.45,0,0,RULES,1,1,1,
2026-09-27 21:52:15,baseline-rules,7046000,30.92,76.34,1005.72,31.58,69.52,1005.48,0,0,RULES,1,1,1,
2026-09-27 21:52:16,baseline-rules,7047000,30.92,75.83,1005.74,31.58,69.48,1005.43,0,0,RULES,1,1,1,
2026-09-27 21:52:17,baseline-rules,7048000,30.92,74.97,1005.71,31.58,69.59,1005.43,0,0,RULES,1,1,1,
2026-09-27 21:52:18,baseline-rules,7049000,30.93,75.18,1005.70,31.57,69.42,1005.50,0,0,RULES,1,1,1,
2026-09-27 21:52:19,baseline-rules,7050000,30.94,75.58,1005.69,31.58,69.58,1005.46,0,0,RULES,1,1,1,
2026-09-27 21:52:20,baseline-rules,7051000,30.93,75.22,1005.73,31.57,69.51,1005.53,0,0,RULES,1,1,1,
2026-09-27 21:52:21,baseline-rules,7052000,30.93,74.93,1005.73,31.57,69.62,1005.42,0,0,RULES,1,1,1,
2026-09-27 21:52:22,baseline-rules,7053000,30.93,74.82,1005.76,31.58,69.40,1005.46,0,0,RULES,1,1,1,
2026-09-27 21:52:23,baseline-rules,7054000,30.94,74.50,1005.71,31.57,69.48,1005.45,0,0,RULES,1,1,1,
2026-09-27 21:52:24,baseline-rules,7055000,30.95,74.51,1005.73,31.57,69.51,1005.47,0,0,RULES,1,1,1,
2026-09-27 21:52:25,baseline-rules,7056000,30.95,75.45,1005.73,31.59,69.59,1005.47,0,0,RULES,1,1,1,
2026-09-27 21:52:26,baseline-rules,7057000,30.95,75.12,1005.65,31.57,69.46,1005.45,0,0,RULES,1,1,1,
2026-09-27 21:52:27,baseline-rules,7058000,30.94,74.77,1005.74,31.58,69.68,1005.51,0,0,RULES,1,1,1,
2026-09-27 21:52:28,baseline-rules,7059000,30.93,74.30,1005.73,31.57,69.51,1005.45,0,0,RULES,1,1,1,
2026-09-27 21:52:29,baseline-rules,7060000,30.94,74.37,1005.72,31.57,69.36,1005.45,0,0,RULES,1,1,1,
2026-09-27 21:52:30,baseline-rules,7061000,30.94,74.51,1005.69,31.58,69.88,1005.45,0,0,RULES,1,1,1,
2026-09-27 21:52:31,baseline-rules,7062000,30.94,74.47,1005.67,31.58,69.52,1005.45,0,0,RULES,1,1,1,
2026-09-27 21:52:32,baseline-rules,7063000,30.94,75.34,1005.69,31.58,69.44,1005.45,0,0,RULES,1,1,1,
2026-09-27 21:52:33,baseline-rules,7064000,30.95,75.83,1005.77,31.57,69.45,1005.50,0,0,RULES,1,1,1,
2026-09-27 21:52:34,baseline-rules,7065000,30.94,74.76,1005.69,31.58,69.53,1005.48,0,0,RULES,1,1,1,
2026-09-27 21:52:35,baseline-rules,7066000,30.95,74.93,1005.73,31.57,69.46,1005.50,0,0,RULES,1,1,1,
2026-09-27 21:52:36,baseline-rules,7067000,30.94,74.58,1005.69,31.58,69.57,1005.46,0,0,RULES,1,1,1,
2026-09-27 21:52:37,baseline-rules,7068000,30.94,74.21,1005.69,31.57,69.77,1005.38,0,0,RULES,1,1,1,
2026-09-27 21:52:37,baseline-rules,,,,,,,,,,,,,,mist A=1 B=0 (below lo)
2026-09-27 21:52:38,baseline-rules,7069000,30.95,74.20,1005.74,31.57,69.85,1005.42,1,0,RULES,1,1,1,
2026-09-27 21:52:39,baseline-rules,7070000,30.94,74.19,1005.74,31.57,69.39,1005.45,1,0,RULES,1,1,1,
2026-09-27 21:52:40,baseline-rules,7071000,30.95,74.29,1005.71,31.57,69.48,1005.47,1,0,RULES,1,1,1,
2026-09-27 21:52:41,baseline-rules,7072000,30.96,74.37,1005.75,31.58,69.50,1005.46,1,0,RULES,1,1,1,
2026-09-27 21:52:42,baseline-rules,7073000,30.96,74.51,1005.66,31.58,69.51,1005.45,1,0,RULES,1,1,1,
2026-09-27 21:52:43,baseline-rules,7074000,30.96,75.06,1005.73,31.57,69.63,1005.45,1,0,RULES,1,1,1,
2026-09-27 21:52:44,baseline-rules,7075000,30.96,75.13,1005.75,31.57,69.53,1005.44,1,0,RULES,1,1,1,
2026-09-27 21:52:45,baseline-rules,7076000,30.96,74.56,1005.75,31.57,69.62,1005.47,1,0,RULES,1,1,1,
2026-09-27 21:52:46,baseline-rules,7077000,30.96,74.33,1005.69,31.57,69.83,1005.47,1,0,RULES,1,1,1,
2026-09-27 21:52:47,baseline-rules,7078000,30.96,74.42,1005.77,31.57,69.46,1005.45,1,0,RULES,1,1,1,
2026-09-27 21:52:48,baseline-rules,7079000,30.95,74.01,1005.73,31.57,69.44,1005.50,1,0,RULES,1,1,1,
2026-09-27 21:52:49,baseline-rules,7080000,30.95,74.40,1005.70,31.58,69.46,1005.48,1,0,RULES,1,1,1,
2026-09-27 21:52:50,baseline-rules,7081000,30.95,75.50,1005.71,31.58,69.75,1005.51,1,0,RULES,1,1,1,
2026-09-27 21:52:51,baseline-rules,7082000,30.94,74.92,1005.71,31.57,69.42,1005.47,1,0,RULES,1,1,1,
2026-09-27 21:52:52,baseline-rules,7083000,30.94,74.41,1005.78,31.58,69.46,1005.45,1,0,RULES,1,1,1,
2026-09-27 21:52:53,baseline-rules,7084000,30.94,75.13,1005.74,31.58,69.45,1005.45,1,0,RULES,1,1,1,
2026-09-27 21:52:54,baseline-rules,7085000,30.94,74.81,1005.72,31.59,69.48,1005.47,1,0,RULES,1,1,1,
2026-09-27 21:52:55,baseline-rules,7086000,30.93,74.96,1005.71,31.59,69.65,1005.44,1,0,RULES,1,1,1,
2026-09-27 21:52:56,baseline-rules,7087000,30.93,74.17,1005.67,31.57,69.69,1005.44,1,0,RULES,1,1,1,
2026-09-27 21:52:57,baseline-rules,7088000,30.93,74.19,1005.70,31.57,69.54,1005.44,1,0,RULES,1,1,1,
2026-09-27 21:52:58,baseline-rules,7089000,30.93,74.05,1005.68,31.58,69.40,1005.40,1,0,RULES,1,1,1,
2026-09-27 21:52:59,baseline-rules,7090000,30.93,74.33,1005.73,31.58,69.49,1005.46,1,0,RULES,1,1,1,
2026-09-27 21:53:00,baseline-rules,7091000,30.93,74.87,1005.73,31.58,69.56,1005.45,1,0,RULES,1,1,1,
2026-09-27 21:53:01,baseline-rules,7092000,30.93,74.81,1005.73,31.58,69.56,1005.46,1,0,RULES,1,1,1,
2026-09-27 21:53:02,baseline-rules,7093000,30.93,74.79,1005.68,31.58,69.43,1005.46,1,0,RULES,1,1,1,
2026-09-27 21:53:03,baseline-rules,7094000,30.92,74.70,1005.72,31.57,69.62,1005.49,1,0,RULES,1,1,1,
2026-09-27 21:53:04,baseline-rules,7095000,30.93,75.32,1005.67,31.58,69.46,1005.51,1,0,RULES,1,1,1,
2026-09-27 21:53:05,baseline-rules,7096000,30.93,75.23,1005.73,31.58,69.39,1005.43,1,0,RULES,1,1,1,
2026-09-27 21:53:06,baseline-rules,7097000,30.93,74.92,1005.73,31.58,69.62,1005.45,1,0,RULES,1,1,1,
2026-09-27 21:53:07,baseline-rules,7098000,30.93,75.39,1005.73,31.58,69.41,1005.49,1,0,RULES,1,1,1,
2026-09-27 21:53:08,baseline-rules,7099000,30.94,76.22,1005.77,31.58,69.51,1005.46,1,0,RULES,1,1,1,
2026-09-27 21:53:09,baseline-rules,7100000,30.93,75.12,1005.70,31.58,69.54,1005.48,1,0,RULES,1,1,1,
2026-09-27 21:53:10,baseline-rules,7101000,30.92,75.26,1005.75,31.58,69.39,1005.45,1,0,RULES,1,1,1,
2026-09-27 21:53:11,baseline-rules,7102000,30.92,74.38,1005.74,31.58,69.50,1005.48,1,0,RULES,1,1,1,
2026-09-27 21:53:12,baseline-rules,7103000,30.92,74.33,1005.74,31.57,69.61,1005.45,1,0,RULES,1,1,1,
2026-09-27 21:53:13,baseline-rules,7104000,30.91,74.02,1005.72,31.56,69.52,1005.40,1,0,RULES,1,1,1,
2026-09-27 21:53:14,baseline-rules,7105000,30.91,74.02,1005.72,31.58,69.73,1005.46,1,0,RULES,1,1,1,
2026-09-27 21:53:15,baseline-rules,7106000,30.90,74.46,1005.74,31.57,69.45,1005.45,1,0,RULES,1,1,1,
2026-09-27 21:53:16,baseline-rules,7107000,30.89,74.55,1005.70,31.57,69.51,1005.44,1,0,RULES,1,1,1,
2026-09-27 21:53:17,baseline-rules,7108000,30.89,74.98,1005.75,31.57,69.57,1005.53,1,0,RULES,1,1,1,
2026-09-27 21:53:18,baseline-rules,7109000,30.89,76.47,1005.75,31.57,69.57,1005.45,1,0,RULES,1,1,1,
2026-09-27 21:53:19,baseline-rules,7110000,30.88,77.02,1005.68,31.57,69.76,1005.45,1,0,RULES,1,1,1,
2026-09-27 21:53:20,baseline-rules,7111000,30.88,76.86,1005.73,31.57,69.78,1005.47,1,0,RULES,1,1,1,
2026-09-27 21:53:21,baseline-rules,7112000,30.87,75.53,1005.74,31.57,69.54,1005.47,1,0,RULES,1,1,1,
2026-09-27 21:53:22,baseline-rules,7113000,30.86,75.32,1005.67,31.57,69.42,1005.47,1,0,RULES,1,1,1,
2026-09-27 21:53:23,baseline-rules,7114000,30.87,75.63,1005.77,31.57,69.70,1005.50,1,0,RULES,1,1,1,
2026-09-27 21:53:24,baseline-rules,7115000,30.85,75.86,1005.75,31.56,69.43,1005.51,1,0,RULES,1,1,1,
2026-09-27 21:53:25,baseline-rules,7116000,30.85,76.05,1005.75,31.57,69.52,1005.47,1,0,RULES,1,1,1,
2026-09-27 21:53:26,baseline-rules,7117000,30.86,76.63,1005.81,31.57,69.36,1005.47,1,0,RULES,1,1,1,
2026-09-27 21:53:27,baseline-rules,7118000,30.85,75.53,1005.71,31.57,69.45,1005.47,1,0,RULES,1,1,1,
2026-09-27 21:53:28,baseline-rules,7119000,30.85,74.97,1005.75,31.57,69.50,1005.50,1,0,RULES,1,1,1,
2026-09-27 21:53:29,baseline-rules,7120000,30.85,74.67,1005.71,31.57,69.60,1005.44,1,0,RULES,1,1,1,
2026-09-27 21:53:30,baseline-rules,7121000,30.83,75.11,1005.71,31.58,69.71,1005.45,1,0,RULES,1,1,1,
2026-09-27 21:53:31,baseline-rules,7122000,30.82,75.01,1005.77,31.57,69.79,1005.49,1,0,RULES,1,1,1,
2026-09-27 21:53:32,baseline-rules,7123000,30.82,75.89,1005.81,31.57,69.91,1005.45,1,0,RULES,1,1,1,
2026-09-27 21:53:33,baseline-rules,7124000,30.82,76.73,1005.69,31.56,69.56,1005.51,1,0,RULES,1,1,1,
2026-09-27 21:53:34,baseline-rules,7125000,30.81,76.08,1005.70,31.57,69.57,1005.49,1,0,RULES,1,1,1,
2026-09-27 21:53:35,baseline-rules,7126000,30.81,76.03,1005.70,31.55,69.43,1005.42,1,0,RULES,1,1,1,
2026-09-27 21:53:36,baseline-rules,7127000,30.81,76.24,1005.70,31.57,69.54,1005.47,1,0,RULES,1,1,1,
2026-09-27 21:53:37,baseline-rules,7128000,30.81,75.69,1005.73,31.57,69.68,1005.47,1,0,RULES,1,1,1,
2026-09-27 21:53:38,baseline-rules,7129000,30.80,75.30,1005.74,31.56,69.68,1005.46,1,0,RULES,1,1,1,
2026-09-27 21:53:39,baseline-rules,7130000,30.81,74.79,1005.67,31.57,69.55,1005.49,1,0,RULES,1,1,1,
2026-09-27 21:53:40,baseline-rules,7131000,30.81,76.06,1005.76,31.57,69.52,1005.52,1,0,RULES,1,1,1,
2026-09-27 21:53:41,baseline-rules,7132000,30.79,74.94,1005.79,31.57,69.41,1005.49,1,0,RULES,1,1,1,
2026-09-27 21:53:42,baseline-rules,7133000,30.79,74.39,1005.76,31.57,69.43,1005.52,1,0,RULES,1,1,1,
2026-09-27 21:53:43,baseline-rules,7134000,30.79,74.23,1005.73,31.58,69.51,1005.48,1,0,RULES,1,1,1,
2026-09-27 21:53:44,baseline-rules,7135000,30.78,74.56,1005.77,31.56,69.42,1005.49,1,0,RULES,1,1,1,
2026-09-27 21:53:45,baseline-rules,7136000,30.80,74.67,1005.69,31.56,69.45,1005.49,1,0,RULES,1,1,1,
2026-09-27 21:53:46,baseline-rules,7137000,30.79,74.70,1005.73,31.57,69.44,1005.47,1,0,RULES,1,1,1,
2026-09-27 21:53:47,baseline-rules,7138000,30.78,75.11,1005.77,31.58,69.52,1005.45,1,0,RULES,1,1,1,
2026-09-27 21:53:48,baseline-rules,7139000,30.79,75.43,1005.78,31.57,69.41,1005.47,1,0,RULES,1,1,1,
2026-09-27 21:53:49,baseline-rules,7140000,30.79,75.54,1005.78,31.58,69.44,1005.46,1,0,RULES,1,1,1,
2026-09-27 21:53:50,baseline-rules,7141000,30.78,76.19,1005.71,31.57,69.46,1005.45,1,0,RULES,1,1,1,
2026-09-27 21:53:51,baseline-rules,7142000,30.76,76.31,1005.71,31.57,69.51,1005.45,1,0,RULES,1,1,1,
2026-09-27 21:53:52,baseline-rules,7143000,30.77,77.85,1005.73,31.56,69.47,1005.43,1,0,RULES,1,1,1,
2026-09-27 21:53:53,baseline-rules,7144000,30.74,77.17,1005.74,31.57,69.52,1005.49,1,0,RULES,1,1,1,
2026-09-27 21:53:54,baseline-rules,7145000,30.74,75.69,1005.70,31.57,69.40,1005.45,1,0,RULES,1,1,1,
2026-09-27 21:53:55,baseline-rules,7146000,30.74,76.60,1005.74,31.57,69.47,1005.49,1,0,RULES,1,1,1,
2026-09-27 21:53:56,baseline-rules,7147000,30.73,76.16,1005.72,31.55,69.51,1005.45,1,0,RULES,1,1,1,
2026-09-27 21:53:57,baseline-rules,7148000,30.73,75.97,1005.75,31.56,69.58,1005.49,1,0,RULES,1,1,1,
2026-09-27 21:53:58,baseline-rules,7149000,30.73,76.76,1005.69,31.57,69.54,1005.47,1,0,RULES,1,1,1,
2026-09-27 21:53:59,baseline-rules,7150000,30.73,76.66,1005.71,31.57,69.38,1005.50,1,0,RULES,1,1,1,
2026-09-27 21:54:00,baseline-rules,7151000,30.73,77.28,1005.74,31.57,69.60,1005.47,1,0,RULES,1,1,1,
2026-09-27 21:54:01,baseline-rules,7152000,30.73,77.58,1005.71,31.57,69.44,1005.47,1,0,RULES,1,1,1,
2026-09-27 21:54:02,baseline-rules,7153000,30.72,76.88,1005.73,31.57,69.44,1005.47,1,0,RULES,1,1,1,
2026-09-27 21:54:03,baseline-rules,7154000,30.72,76.55,1005.79,31.57,69.46,1005.50,1,0,RULES,1,1,1,
2026-09-27 21:54:04,baseline-rules,7155000,30.72,77.45,1005.76,31.56,69.42,1005.46,1,0,RULES,1,1,1,
2026-09-27 21:54:05,baseline-rules,7156000,30.72,77.74,1005.76,31.57,69.92,1005.47,1,0,RULES,1,1,1,
2026-09-27 21:54:06,baseline-rules,7157000,30.71,77.71,1005.69,31.57,69.42,1005.45,1,0,RULES,1,1,1,
2026-09-27 21:54:07,baseline-rules,7158000,30.70,76.68,1005.73,31.56,69.45,1005.43,1,0,RULES,1,1,1,
2026-09-27 21:54:08,baseline-rules,7159000,30.70,76.13,1005.79,31.57,69.68,1005.50,1,0,RULES,1,1,1,
2026-09-27 21:54:09,baseline-rules,7160000,30.70,76.27,1005.70,31.57,69.51,1005.50,1,0,RULES,1,1,1,
2026-09-27 21:54:10,baseline-rules,7161000,30.70,75.77,1005.70,31.58,69.57,1005.45,1,0,RULES,1,1,1,
2026-09-27 21:54:11,baseline-rules,7162000,30.71,77.02,1005.74,31.57,69.35,1005.53,1,0,RULES,1,1,1,
2026-09-27 21:54:12,baseline-rules,7163000,30.70,76.56,1005.78,31.58,69.72,1005.51,1,0,RULES,1,1,1,
2026-09-27 21:54:13,baseline-rules,7164000,30.70,76.40,1005.78,31.57,69.42,1005.47,1,0,RULES,1,1,1,
2026-09-27 21:54:14,baseline-rules,7165000,30.69,76.90,1005.68,31.57,69.42,1005.47,1,0,RULES,1,1,1,
2026-09-27 21:54:15,baseline-rules,7166000,30.69,77.19,1005.80,31.57,69.35,1005.52,1,0,RULES,1,1,1,
2026-09-27 21:54:16,baseline-rules,7167000,30.68,76.20,1005.72,31.56,69.48,1005.49,1,0,RULES,1,1,1,
2026-09-27 21:54:17,baseline-rules,7168000,30.66,76.39,1005.69,31.56,69.53,1005.49,1,0,RULES,1,1,1,
2026-09-27 21:54:18,baseline-rules,7169000,30.67,76.18,1005.68,31.56,69.50,1005.46,1,0,RULES,1,1,1,
2026-09-27 21:54:19,baseline-rules,7170000,30.68,77.21,1005.75,31.57,69.72,1005.50,1,0,RULES,1,1,1,
2026-09-27 21:54:20,baseline-rules,7171000,30.68,77.05,1005.72,31.56,69.39,1005.46,1,0,RULES,1,1,1,
2026-09-27 21:54:21,baseline-rules,7172000,30.66,76.90,1005.75,31.57,69.46,1005.47,1,0,RULES,1,1,1,
2026-09-27 21:54:22,baseline-rules,7173000,30.67,76.16,1005.77,31.56,69.63,1005.51,1,0,RULES,1,1,1,
2026-09-27 21:54:23,baseline-rules,7174000,30.67,75.92,1005.73,31.57,69.58,1005.47,1,0,RULES,1,1,1,
2026-09-27 21:54:24,baseline-rules,7175000,30.67,75.97,1005.71,31.57,69.41,1005.42,1,0,RULES,1,1,1,
2026-09-27 21:54:25,baseline-rules,7176000,30.68,76.08,1005.80,31.57,69.47,1005.47,1,0,RULES,1,1,1,
2026-09-27 21:54:26,baseline-rules,7177000,30.67,75.29,1005.70,31.57,69.68,1005.47,1,0,RULES,1,1,1,
2026-09-27 21:54:27,baseline-rules,7178000,30.66,75.51,1005.69,31.56,69.46,1005.43,1,0,RULES,1,1,1,
2026-09-27 21:54:28,baseline-rules,7179000,30.67,75.69,1005.76,31.57,69.54,1005.47,1,0,RULES,1,1,1,
2026-09-27 21:54:29,baseline-rules,7180000,30.67,76.08,1005.68,31.57,69.51,1005.47,1,0,RULES,1,1,1,
2026-09-27 21:54:30,baseline-rules,7181000,30.67,76.39,1005.68,31.57,69.52,1005.47,1,0,RULES,1,1,1,
2026-09-27 21:54:31,baseline-rules,7182000,30.67,76.34,1005.70,31.57,69.44,1005.47,1,0,RULES,1,1,1,
2026-09-27 21:54:32,baseline-rules,7183000,30.67,76.29,1005.71,31.56,69.52,1005.51,1,0,RULES,1,1,1,
2026-09-27 21:54:33,baseline-rules,7184000,30.67,77.01,1005.73,31.57,69.53,1005.52,1,0,RULES,1,1,1,
2026-09-27 21:54:34,baseline-rules,7185000,30.65,76.51,1005.76,31.57,69.68,1005.47,1,0,RULES,1,1,1,
2026-09-27 21:54:35,baseline-rules,7186000,30.64,77.18,1005.71,31.57,69.53,1005.50,1,0,RULES,1,1,1,
2026-09-27 21:54:36,baseline-rules,7187000,30.64,78.65,1005.71,31.57,69.44,1005.44,1,0,RULES,1,1,1,
2026-09-27 21:54:37,baseline-rules,7188000,30.65,79.19,1005.78,31.57,69.36,1005.50,1,0,RULES,1,1,1,
2026-09-27 21:54:38,baseline-rules,7189000,30.63,78.07,1005.73,31.57,69.51,1005.50,1,0,RULES,1,1,1,
2026-09-27 21:54:39,baseline-rules,7190000,30.63,77.15,1005.75,31.57,69.54,1005.45,1,0,RULES,1,1,1,
2026-09-27 21:54:40,baseline-rules,7191000,30.63,76.41,1005.78,31.58,69.60,1005.51,1,0,RULES,1,1,1,
2026-09-27 21:54:41,baseline-rules,7192000,30.63,77.40,1005.76,31.57,69.44,1005.44,1,0,RULES,1,1,1,
2026-09-27 21:54:42,baseline-rules,7193000,30.63,76.73,1005.75,31.57,69.40,1005.50,1,0,RULES,1,1,1,
2026-09-27 21:54:43,baseline-rules,7194000,30.63,76.97,1005.75,31.57,69.43,1005.50,1,0,RULES,1,1,1,
2026-09-27 21:54:44,baseline-rules,7195000,30.62,77.06,1005.80,31.57,69.56,1005.45,1,0,RULES,1,1,1,
2026-09-27 21:54:45,baseline-rules,7196000,30.63,78.26,1005.69,31.57,69.34,1005.42,1,0,RULES,1,1,1,
2026-09-27 21:54:46,baseline-rules,7197000,30.61,77.85,1005.80,31.58,69.85,1005.49,1,0,RULES,1,1,1,
2026-09-27 21:54:47,baseline-rules,7198000,30.62,77.85,1005.73,31.57,69.35,1005.45,1,0,RULES,1,1,1,
2026-09-27 21:54:48,baseline-rules,7199000,30.60,76.48,1005.74,31.58,69.51,1005.43,1,0,RULES,1,1,1,
2026-09-27 21:54:49,baseline-rules,7200000,30.61,76.21,1005.72,31.58,69.35,1005.43,1,0,RULES,1,1,1,
2026-09-27 21:54:50,baseline-rules,7201000,30.61,75.79,1005.72,31.58,69.52,1005.55,1,0,RULES,1,1,1,
2026-09-27 21:54:51,baseline-rules,7202000,30.61,75.91,1005.72,31.59,69.49,1005.50,1,0,RULES,1,1,1,
2026-09-27 21:54:52,baseline-rules,7203000,30.61,75.81,1005.80,31.58,69.49,1005.46,1,0,RULES,1,1,1,
2026-09-27 21:54:53,baseline-rules,7204000,30.60,76.56,1005.77,31.58,69.52,1005.52,1,0,RULES,1,1,1,
2026-09-27 21:54:54,baseline-rules,7205000,30.61,75.59,1005.77,31.59,69.47,1005.47,1,0,RULES,1,1,1,
2026-09-27 21:54:55,baseline-rules,7206000,30.60,75.71,1005.77,31.59,69.34,1005.50,1,0,RULES,1,1,1,
2026-09-27 21:54:56,baseline-rules,7207000,30.60,77.22,1005.74,31.59,69.35,1005.47,1,0,RULES,1,1,1,
2026-09-27 21:54:57,baseline-rules,7208000,30.60,76.91,1005.76,31.59,69.33,1005.48,1,0,RULES,1,1,1,
2026-09-27 21:54:58,baseline-rules,7209000,30.60,77.19,1005.71,31.59,69.43,1005.50,1,0,RULES,1,1,1,
2026-09-27 21:54:59,baseline-rules,7210000,30.60,76.55,1005.70,31.59,69.44,1005.53,1,0,RULES,1,1,1,
2026-09-27 21:55:00,baseline-rules,7211000,30.61,77.21,1005.74,31.59,69.37,1005.53,1,0,RULES,1,1,1,
2026-09-27 21:55:01,baseline-rules,7212000,30.60,76.56,1005.73,31.58,69.53,1005.43,1,0,RULES,1,1,1,
2026-09-27 21:55:02,baseline-rules,7213000,30.60,76.45,1005.76,31.58,69.73,1005.41,1,0,RULES,1,1,1,
2026-09-27 21:55:03,baseline-rules,7214000,30.58,76.77,1005.77,31.58,69.53,1005.49,1,0,RULES,1,1,1,
2026-09-27 21:55:04,baseline-rules,7215000,30.58,77.03,1005.68,31.59,69.62,1005.44,1,0,RULES,1,1,1,
2026-09-27 21:55:05,baseline-rules,7216000,30.58,77.15,1005.76,31.59,69.41,1005.42,1,0,RULES,1,1,1,
2026-09-27 21:55:06,baseline-rules,7217000,30.57,75.70,1005.77,31.58,69.47,1005.46,1,0,RULES,1,1,1,
2026-09-27 21:55:07,baseline-rules,7218000,30.57,75.81,1005.75,31.59,69.28,1005.51,1,0,RULES,1,1,1,
2026-09-27 21:55:08,baseline-rules,7219000,30.57,76.20,1005.77,31.59,69.35,1005.47,1,0,RULES,1,1,1,
2026-09-27 21:55:09,baseline-rules,7220000,30.57,77.69,1005.77,31.59,69.38,1005.51,1,0,RULES,1,1,1,
2026-09-27 21:55:10,baseline-rules,7221000,30.57,77.27,1005.72,31.59,69.33,1005.48,1,0,RULES,1,1,1,
2026-09-27 21:55:11,baseline-rules,7222000,30.57,77.21,1005.75,31.60,69.37,1005.55,1,0,RULES,1,1,1,
2026-09-27 21:55:12,baseline-rules,7223000,30.57,77.43,1005.78,31.59,69.26,1005.48,1,0,RULES,1,1,1,
2026-09-27 21:55:13,baseline-rules,7224000,30.58,77.27,1005.74,31.60,69.36,1005.49,1,0,RULES,1,1,1,
2026-09-27 21:55:14,baseline-rules,7225000,30.58,77.60,1005.70,31.59,69.30,1005.45,1,0,RULES,1,1,1,
2026-09-27 21:55:15,baseline-rules,7226000,30.58,77.63,1005.74,31.59,69.41,1005.45,1,0,RULES,1,1,1,
2026-09-27 21:55:16,baseline-rules,7227000,30.58,77.68,1005.68,31.59,69.26,1005.42,1,0,RULES,1,1,1,
2026-09-27 21:55:17,baseline-rules,7228000,30.58,76.93,1005.68,31.59,69.32,1005.45,1,0,RULES,1,1,1,
2026-09-27 21:55:18,baseline-rules,7229000,30.58,76.83,1005.74,31.60,69.27,1005.49,1,0,RULES,1,1,1,
2026-09-27 21:55:19,baseline-rules,7230000,30.58,76.36,1005.80,31.60,69.27,1005.43,1,0,RULES,1,1,1,
2026-09-27 21:55:20,baseline-rules,7231000,30.58,75.93,1005.70,31.60,69.28,1005.46,1,0,RULES,1,1,1,
2026-09-27 21:55:21,baseline-rules,7232000,30.59,76.02,1005.81,31.58,69.34,1005.46,1,0,RULES,1,1,1,
2026-09-27 21:55:22,baseline-rules,7233000,30.58,76.25,1005.79,31.60,69.33,1005.46,1,0,RULES,1,1,1,
2026-09-27 21:55:23,baseline-rules,7234000,30.58,76.11,1005.79,31.60,69.28,1005.49,1,0,RULES,1,1,1,
2026-09-27 21:55:24,baseline-rules,7235000,30.58,75.81,1005.74,31.60,69.36,1005.49,1,0,RULES,1,1,1,
2026-09-27 21:55:25,baseline-rules,7236000,30.58,75.91,1005.73,31.59,69.26,1005.50,1,0,RULES,1,1,1,
2026-09-27 21:55:26,baseline-rules,7237000,30.58,76.12,1005.76,31.60,69.32,1005.54,1,0,RULES,1,1,1,
2026-09-27 21:55:27,baseline-rules,7238000,30.58,75.80,1005.73,31.59,69.44,1005.44,1,0,RULES,1,1,1,
2026-09-27 21:55:28,baseline-rules,7239000,30.59,77.74,1005.75,31.58,69.35,1005.46,1,0,RULES,1,1,1,
2026-09-27 21:55:29,baseline-rules,7240000,30.58,78.33,1005.73,31.58,69.39,1005.52,1,0,RULES,1,1,1,
2026-09-27 21:55:30,baseline-rules,7241000,30.57,79.04,1005.72,31.58,69.54,1005.46,1,0,RULES,1,1,1,
2026-09-27 21:55:31,baseline-rules,7242000,30.56,78.70,1005.74,31.58,69.38,1005.52,1,0,RULES,1,1,1,
2026-09-27 21:55:32,baseline-rules,7243000,30.55,79.56,1005.78,31.58,69.30,1005.45,1,0,RULES,1,1,1,
2026-09-27 21:55:33,baseline-rules,7244000,30.54,78.68,1005.72,31.58,69.43,1005.49,1,0,RULES,1,1,1,
2026-09-27 21:55:34,baseline-rules,7245000,30.53,77.64,1005.77,31.59,69.46,1005.53,1,0,RULES,1,1,1,
2026-09-27 21:55:35,baseline-rules,7246000,30.53,77.15,1005.80,31.58,69.50,1005.43,1,0,RULES,1,1,1,
2026-09-27 21:55:36,baseline-rules,7247000,30.54,77.18,1005.72,31.59,69.27,1005.47,1,0,RULES,1,1,1,
2026-09-27 21:55:37,baseline-rules,7248000,30.53,77.02,1005.71,31.58,69.27,1005.52,1,0,RULES,1,1,1,
2026-09-27 21:55:38,baseline-rules,7249000,30.53,76.47,1005.74,31.59,69.29,1005.53,1,0,RULES,1,1,1,
2026-09-27 21:55:39,baseline-rules,7250000,30.53,76.06,1005.74,31.59,69.23,1005.50,1,0,RULES,1,1,1,
2026-09-27 21:55:40,baseline-rules,7251000,30.53,76.72,1005.72,31.58,69.26,1005.46,1,0,RULES,1,1,1,
2026-09-27 21:55:41,baseline-rules,7252000,30.54,77.46,1005.72,31.58,69.34,1005.46,1,0,RULES,1,1,1,
2026-09-27 21:55:42,baseline-rules,7253000,30.54,77.80,1005.78,31.58,69.46,1005.43,1,0,RULES,1,1,1,
2026-09-27 21:55:43,baseline-rules,7254000,30.54,77.82,1005.75,31.58,69.25,1005.46,1,0,RULES,1,1,1,
2026-09-27 21:55:44,baseline-rules,7255000,30.53,77.08,1005.74,31.58,69.40,1005.49,1,0,RULES,1,1,1,
2026-09-27 21:55:45,baseline-rules,7256000,30.53,75.98,1005.69,31.58,69.35,1005.52,1,0,RULES,1,1,1,
2026-09-27 21:55:46,baseline-rules,7257000,30.54,76.13,1005.73,31.59,69.32,1005.50,1,0,RULES,1,1,1,
2026-09-27 21:55:47,baseline-rules,7258000,30.55,76.92,1005.80,31.58,69.77,1005.45,1,0,RULES,1,1,1,
2026-09-27 21:55:48,baseline-rules,7259000,30.55,77.61,1005.75,31.59,69.36,1005.47,1,0,RULES,1,1,1,
2026-09-27 21:55:49,baseline-rules,7260000,30.55,77.39,1005.77,31.58,69.51,1005.54,1,0,RULES,1,1,1,
2026-09-27 21:55:50,baseline-rules,7261000,30.54,76.58,1005.73,31.59,69.35,1005.47,1,0,RULES,1,1,1,
2026-09-27 21:55:51,baseline-rules,7262000,30.55,76.83,1005.82,31.58,69.25,1005.45,1,0,RULES,1,1,1,
2026-09-27 21:55:52,baseline-rules,7263000,30.54,76.73,1005.76,31.58,69.34,1005.49,1,0,RULES,1,1,1,
2026-09-27 21:55:53,baseline-rules,7264000,30.55,77.02,1005.78,31.58,69.57,1005.48,1,0,RULES,1,1,1,
2026-09-27 21:55:54,baseline-rules,7265000,30.54,76.99,1005.73,31.58,69.64,1005.46,1,0,RULES,1,1,1,
2026-09-27 21:55:55,baseline-rules,7266000,30.55,76.20,1005.71,31.58,69.34,1005.41,1,0,RULES,1,1,1,
2026-09-27 21:55:56,baseline-rules,7267000,30.55,75.93,1005.74,31.58,69.31,1005.49,1,0,RULES,1,1,1,
2026-09-27 21:55:57,baseline-rules,7268000,30.55,76.54,1005.77,31.58,69.28,1005.51,1,0,RULES,1,1,1,
2026-09-27 21:55:58,baseline-rules,7269000,30.53,76.43,1005.72,31.58,69.41,1005.52,1,0,RULES,1,1,1,
2026-09-27 21:55:59,baseline-rules,7270000,30.53,76.10,1005.66,31.58,69.38,1005.49,1,0,RULES,1,1,1,
2026-09-27 21:56:00,baseline-rules,7271000,30.55,76.45,1005.72,31.59,69.29,1005.53,1,0,RULES,1,1,1,
2026-09-27 21:56:01,baseline-rules,7272000,30.55,76.51,1005.80,31.58,69.73,1005.49,1,0,RULES,1,1,1,
2026-09-27 21:56:02,baseline-rules,7273000,30.54,76.16,1005.72,31.58,69.52,1005.52,1,0,RULES,1,1,1,
2026-09-27 21:56:03,baseline-rules,7274000,30.54,75.91,1005.70,31.59,69.27,1005.44,1,0,RULES,1,1,1,
2026-09-27 21:56:04,baseline-rules,7275000,30.53,77.31,1005.74,31.58,69.27,1005.49,1,0,RULES,1,1,1,
2026-09-27 21:56:05,baseline-rules,7276000,30.53,78.80,1005.83,31.58,69.53,1005.43,1,0,RULES,1,1,1,
2026-09-27 21:56:06,baseline-rules,7277000,30.50,78.43,1005.72,31.58,69.25,1005.46,1,0,RULES,1,1,1,
2026-09-27 21:56:07,baseline-rules,7278000,30.51,76.55,1005.73,31.58,69.38,1005.49,1,0,RULES,1,1,1,
2026-09-27 21:56:08,baseline-rules,7279000,30.51,76.29,1005.74,31.58,69.36,1005.45,1,0,RULES,1,1,1,
2026-09-27 21:56:09,baseline-rules,7280000,30.52,77.46,1005.75,31.58,69.21,1005.46,1,0,RULES,1,1,1,
2026-09-27 21:56:10,baseline-rules,7281000,30.50,78.41,1005.84,31.58,69.32,1005.52,1,0,RULES,1,1,1,
2026-09-27 21:56:11,baseline-rules,7282000,30.50,77.91,1005.69,31.58,69.33,1005.49,1,0,RULES,1,1,1,
2026-09-27 21:56:12,baseline-rules,7283000,30.51,78.07,1005.77,31.58,69.26,1005.57,1,0,RULES,1,1,1,
2026-09-27 21:56:13,baseline-rules,7284000,30.53,78.76,1005.76,31.58,69.27,1005.46,1,0,RULES,1,1,1,
2026-09-27 21:56:14,baseline-rules,7285000,30.53,78.83,1005.76,31.57,69.34,1005.42,1,0,RULES,1,1,1,
2026-09-27 21:56:15,baseline-rules,7286000,30.52,78.36,1005.78,31.58,69.28,1005.54,1,0,RULES,1,1,1,
2026-09-27 21:56:16,baseline-rules,7287000,30.51,77.39,1005.70,31.57,69.19,1005.50,1,0,RULES,1,1,1,
2026-09-27 21:56:17,baseline-rules,7288000,30.50,77.39,1005.72,31.57,69.28,1005.50,1,0,RULES,1,1,1,
2026-09-27 21:56:18,baseline-rules,7289000,30.51,76.56,1005.76,31.57,69.40,1005.44,1,0,RULES,1,1,1,
2026-09-27 21:56:19,baseline-rules,7290000,30.50,76.58,1005.75,31.58,69.46,1005.51,1,0,RULES,1,1,1,
2026-09-27 21:56:20,baseline-rules,7291000,30.51,76.67,1005.77,31.58,69.27,1005.51,1,0,RULES,1,1,1,
2026-09-27 21:56:21,baseline-rules,7292000,30.50,76.46,1005.74,31.58,69.30,1005.51,1,0,RULES,1,1,1,
2026-09-27 21:56:22,baseline-rules,7293000,30.50,77.05,1005.75,31.58,69.22,1005.45,1,0,RULES,1,1,1,
2026-09-27 21:56:23,baseline-rules,7294000,30.50,77.67,1005.70,31.57,69.28,1005.49,1,0,RULES,1,1,1,
2026-09-27 21:56:24,baseline-rules,7295000,30.50,76.97,1005.74,31.57,69.35,1005.42,1,0,RULES,1,1,1,
2026-09-27 21:56:25,baseline-rules,7296000,30.51,75.95,1005.70,31.57,69.35,1005.50,1,0,RULES,1,1,1,
2026-09-27 21:56:26,baseline-rules,7297000,30.50,76.36,1005.72,31.58,69.21,1005.51,1,0,RULES,1,1,1,
2026-09-27 21:56:27,baseline-rules,7298000,30.51,76.08,1005.76,31.58,69.27,1005.51,1,0,RULES,1,1,1,
2026-09-27 21:56:28,baseline-rules,7299000,30.50,76.91,1005.75,31.57,69.46,1005.47,1,0,RULES,1,1,1,
2026-09-27 21:56:29,baseline-rules,7300000,30.49,76.33,1005.74,31.56,69.38,1005.46,1,0,RULES,1,1,1,
2026-09-27 21:56:30,baseline-rules,7301000,30.50,76.82,1005.74,31.57,69.69,1005.44,1,0,RULES,1,1,1,
2026-09-27 21:56:31,baseline-rules,7302000,30.49,76.78,1005.76,31.56,69.63,1005.46,1,0,RULES,1,1,1,
2026-09-27 21:56:32,baseline-rules,7303000,30.48,75.97,1005.78,31.57,69.41,1005.47,1,0,RULES,1,1,1,
2026-09-27 21:56:33,baseline-rules,7304000,30.48,76.12,1005.72,31.57,69.49,1005.47,1,0,RULES,1,1,1,
2026-09-27 21:56:34,baseline-rules,7305000,30.49,76.93,1005.76,31.58,69.46,1005.51,1,0,RULES,1,1,1,
2026-09-27 21:56:35,baseline-rules,7306000,30.48,78.25,1005.75,31.57,69.77,1005.49,1,0,RULES,1,1,1,
2026-09-27 21:56:36,baseline-rules,7307000,30.48,79.32,1005.78,31.57,69.42,1005.45,1,0,RULES,1,1,1,
2026-09-27 21:56:37,baseline-rules,7308000,30.48,79.13,1005.80,31.57,69.33,1005.50,1,0,RULES,1,1,1,
2026-09-27 21:56:38,baseline-rules,7309000,30.49,78.37,1005.73,31.58,69.33,1005.48,1,0,RULES,1,1,1,
2026-09-27 21:56:39,baseline-rules,7310000,30.48,77.83,1005.80,31.57,69.24,1005.47,1,0,RULES,1,1,1,
2026-09-27 21:56:40,baseline-rules,7311000,30.48,77.18,1005.75,31.57,69.35,1005.47,1,0,RULES,1,1,1,
2026-09-27 21:56:41,baseline-rules,7312000,30.50,76.86,1005.83,31.57,69.61,1005.45,1,0,RULES,1,1,1,
2026-09-27 21:56:42,baseline-rules,7313000,30.49,77.04,1005.71,31.57,69.27,1005.44,1,0,RULES,1,1,1,
2026-09-27 21:56:43,baseline-rules,7314000,30.49,76.37,1005.79,31.57,69.20,1005.49,1,0,RULES,1,1,1,
2026-09-27 21:56:44,baseline-rules,7315000,30.49,76.66,1005.82,31.58,69.25,1005.55,1,0,RULES,1,1,1,
2026-09-27 21:56:45,baseline-rules,7316000,30.50,75.80,1005.75,31.58,69.33,1005.48,1,0,RULES,1,1,1,
2026-09-27 21:56:46,baseline-rules,7317000,30.50,76.41,1005.72,31.56,69.33,1005.51,1,0,RULES,1,1,1,
2026-09-27 21:56:47,baseline-rules,7318000,30.49,76.11,1005.79,31.57,69.13,1005.45,1,0,RULES,1,1,1,
2026-09-27 21:56:48,baseline-rules,7319000,30.50,76.12,1005.72,31.57,69.19,1005.47,1,0,RULES,1,1,1,
2026-09-27 21:56:49,baseline-rules,7320000,30.50,76.24,1005.72,31.57,69.33,1005.45,1,0,RULES,1,1,1,
2026-09-27 21:56:50,baseline-rules,7321000,30.50,76.93,1005.78,31.57,69.41,1005.50,1,0,RULES,1,1,1,
2026-09-27 21:56:51,baseline-rules,7322000,30.51,77.24,1005.74,31.58,69.27,1005.43,1,0,RULES,1,1,1,
2026-09-27 21:56:52,baseline-rules,7323000,30.51,76.76,1005.76,31.58,69.53,1005.49,1,0,RULES,1,1,1,
2026-09-27 21:56:53,baseline-rules,7324000,30.51,76.44,1005.76,31.58,69.31,1005.52,1,0,RULES,1,1,1,
2026-09-27 21:56:54,baseline-rules,7325000,30.51,76.67,1005.68,31.58,69.21,1005.40,1,0,RULES,1,1,1,
2026-09-27 21:56:55,baseline-rules,7326000,30.51,75.74,1005.73,31.58,69.51,1005.49,1,0,RULES,1,1,1,
2026-09-27 21:56:56,baseline-rules,7327000,30.51,75.74,1005.71,31.59,69.48,1005.47,1,0,RULES,1,1,1,
2026-09-27 21:56:57,baseline-rules,7328000,30.53,75.97,1005.76,31.58,69.22,1005.48,1,0,RULES,1,1,1,
2026-09-27 21:56:58,baseline-rules,7329000,30.52,75.53,1005.75,31.58,69.31,1005.46,1,0,RULES,1,1,1,
2026-09-27 21:56:59,baseline-rules,7330000,30.51,75.69,1005.74,31.58,69.38,1005.46,1,0,RULES,1,1,1,
2026-09-27 21:57:00,baseline-rules,7331000,30.52,75.92,1005.73,31.58,69.24,1005.49,1,0,RULES,1,1,1,
2026-09-27 21:57:01,baseline-rules,7332000,30.52,76.47,1005.66,31.58,69.30,1005.43,1,0,RULES,1,1,1,
2026-09-27 21:57:02,baseline-rules,7333000,30.53,76.88,1005.77,31.58,69.26,1005.51,1,0,RULES,1,1,1,
2026-09-27 21:57:03,baseline-rules,7334000,30.51,76.90,1005.68,31.58,69.34,1005.49,1,0,RULES,1,1,1,
2026-09-27 21:57:04,baseline-rules,7335000,30.52,76.27,1005.69,31.58,69.35,1005.48,1,0,RULES,1,1,1,
2026-09-27 21:57:05,baseline-rules,7336000,30.52,76.41,1005.81,31.58,69.32,1005.46,1,0,RULES,1,1,1,
2026-09-27 21:57:06,baseline-rules,7337000,30.53,76.37,1005.74,31.57,69.39,1005.47,1,0,RULES,1,1,1,
2026-09-27 21:57:07,baseline-rules,7338000,30.52,75.77,1005.69,31.59,69.22,1005.53,1,0,RULES,1,1,1,
2026-09-27 21:57:08,baseline-rules,7339000,30.53,76.20,1005.72,31.57,69.16,1005.50,1,0,RULES,1,1,1,
2026-09-27 21:57:09,baseline-rules,7340000,30.54,77.89,1005.68,31.58,69.19,1005.43,1,0,RULES,1,1,1,
2026-09-27 21:57:10,baseline-rules,7341000,30.53,77.03,1005.74,31.57,69.37,1005.49,1,0,RULES,1,1,1,
2026-09-27 21:57:11,baseline-rules,7342000,30.54,77.63,1005.67,31.58,69.39,1005.51,1,0,RULES,1,1,1,
2026-09-27 21:57:12,baseline-rules,7343000,30.54,76.72,1005.78,31.57,69.19,1005.53,1,0,RULES,1,1,1,
2026-09-27 21:57:13,baseline-rules,7344000,30.53,76.22,1005.76,31.57,69.16,1005.50,1,0,RULES,1,1,1,
2026-09-27 21:57:14,baseline-rules,7345000,30.53,76.08,1005.74,31.57,69.63,1005.49,1,0,RULES,1,1,1,
2026-09-27 21:57:15,baseline-rules,7346000,30.53,76.32,1005.74,31.57,69.59,1005.50,1,0,RULES,1,1,1,
2026-09-27 21:57:16,baseline-rules,7347000,30.52,76.48,1005.70,31.57,69.34,1005.45,1,0,RULES,1,1,1,
2026-09-27 21:57:17,baseline-rules,7348000,30.53,77.18,1005.74,31.57,69.30,1005.45,1,0,RULES,1,1,1,
2026-09-27 21:57:18,baseline-rules,7349000,30.52,76.87,1005.76,31.57,69.14,1005.45,1,0,RULES,1,1,1,
2026-09-27 21:57:19,baseline-rules,7350000,30.52,76.39,1005.76,31.57,69.45,1005.45,1,0,RULES,1,1,1,
2026-09-27 21:57:20,baseline-rules,7351000,30.52,76.05,1005.75,31.57,69.23,1005.47,1,0,RULES,1,1,1,
2026-09-27 21:57:21,baseline-rules,7352000,30.51,75.88,1005.74,31.56,69.30,1005.49,1,0,RULES,1,1,1,
2026-09-27 21:57:22,baseline-rules,7353000,30.52,75.46,1005.73,31.57,69.25,1005.45,1,0,RULES,1,1,1,
2026-09-27 21:57:23,baseline-rules,7354000,30.53,75.99,1005.80,31.57,69.33,1005.47,1,0,RULES,1,1,1,
2026-09-27 21:57:24,baseline-rules,7355000,30.52,76.25,1005.72,31.57,69.40,1005.50,1,0,RULES,1,1,1,
2026-09-27 21:57:25,baseline-rules,7356000,30.51,76.15,1005.80,31.55,69.27,1005.45,1,0,RULES,1,1,1,
2026-09-27 21:57:26,baseline-rules,7357000,30.51,75.99,1005.74,31.57,69.25,1005.47,1,0,RULES,1,1,1,
2026-09-27 21:57:27,baseline-rules,7358000,30.52,76.39,1005.73,31.56,69.13,1005.40,1,0,RULES,1,1,1,
2026-09-27 21:57:28,baseline-rules,7359000,30.51,76.13,1005.74,31.57,69.11,1005.45,1,0,RULES,1,1,1,
2026-09-27 21:57:29,baseline-rules,7360000,30.50,76.06,1005.72,31.57,69.26,1005.47,1,0,RULES,1,1,1,
2026-09-27 21:57:30,baseline-rules,7361000,30.51,76.24,1005.74,31.56,69.34,1005.49,1,0,RULES,1,1,1,
2026-09-27 21:57:31,baseline-rules,7362000,30.52,76.89,1005.76,31.57,69.19,1005.47,1,0,RULES,1,1,1,
2026-09-27 21:57:32,baseline-rules,7363000,30.52,76.36,1005.78,31.57,69.28,1005.47,1,0,RULES,1,1,1,
2026-09-27 21:57:33,baseline-rules,7364000,30.53,76.28,1005.74,31.56,69.38,1005.43,1,0,RULES,1,1,1,
2026-09-27 21:57:34,baseline-rules,7365000,30.52,76.08,1005.66,31.57,69.26,1005.47,1,0,RULES,1,1,1,
2026-09-27 21:57:35,baseline-rules,7366000,30.53,76.42,1005.79,31.58,69.33,1005.45,1,0,RULES,1,1,1,
2026-09-27 21:57:36,baseline-rules,7367000,30.53,76.35,1005.74,31.55,69.30,1005.51,1,0,RULES,1,1,1,
2026-09-27 21:57:37,baseline-rules,7368000,30.52,76.30,1005.70,31.57,69.17,1005.49,1,0,RULES,1,1,1,
2026-09-27 21:57:37,baseline-rules,,,,,,,,,,,,,,mist A=0 B=0 (burst cap)
2026-09-27 21:57:38,baseline-rules,7369000,30.53,76.35,1005.76,31.57,69.53,1005.50,0,0,RULES,1,1,1,
2026-09-27 21:57:39,baseline-rules,7370000,30.54,76.27,1005.70,31.57,69.26,1005.49,0,0,RULES,1,1,1,
2026-09-27 21:57:40,baseline-rules,7371000,30.53,76.09,1005.74,31.57,69.21,1005.50,0,0,RULES,1,1,1,
2026-09-27 21:57:41,baseline-rules,7372000,30.53,75.70,1005.77,31.57,69.25,1005.50,0,0,RULES,1,1,1,
2026-09-27 21:57:42,baseline-rules,7373000,30.53,75.76,1005.71,31.57,69.24,1005.44,0,0,RULES,1,1,1,
2026-09-27 21:57:43,baseline-rules,7374000,30.54,76.04,1005.72,31.56,69.24,1005.46,0,0,RULES,1,1,1,
2026-09-27 21:57:44,baseline-rules,7375000,30.54,76.39,1005.76,31.57,69.21,1005.47,0,0,RULES,1,1,1,
2026-09-27 21:57:45,baseline-rules,7376000,30.55,77.02,1005.78,31.57,69.21,1005.44,0,0,RULES,1,1,1,
2026-09-27 21:57:46,baseline-rules,7377000,30.55,76.43,1005.74,31.56,69.20,1005.46,0,0,RULES,1,1,1,
2026-09-27 21:57:47,baseline-rules,7378000,30.54,76.21,1005.73,31.56,69.30,1005.49,0,0,RULES,1,1,1,
2026-09-27 21:57:48,baseline-rules,7379000,30.54,76.72,1005.70,31.56,69.16,1005.43,0,0,RULES,1,1,1,
2026-09-27 21:57:49,baseline-rules,7380000,30.54,75.93,1005.70,31.56,69.39,1005.43,0,0,RULES,1,1,1,
2026-09-27 21:57:50,baseline-rules,7381000,30.54,76.50,1005.70,31.56,69.15,1005.51,0,0,RULES,1,1,1,
2026-09-27 21:57:51,baseline-rules,7382000,30.54,77.43,1005.79,31.57,69.30,1005.47,0,0,RULES,1,1,1,
2026-09-27 21:57:52,baseline-rules,7383000,30.54,77.49,1005.73,31.56,69.28,1005.49,0,0,RULES,1,1,1,
2026-09-27 21:57:53,baseline-rules,7384000,30.54,77.28,1005.72,31.55,69.24,1005.44,0,0,RULES,1,1,1,
2026-09-27 21:57:54,baseline-rules,7385000,30.53,76.64,1005.77,31.56,69.30,1005.49,0,0,RULES,1,1,1,
2026-09-27 21:57:55,baseline-rules,7386000,30.55,75.94,1005.71,31.57,69.23,1005.44,0,0,RULES,1,1,1,
2026-09-27 21:57:56,baseline-rules,7387000,30.55,77.73,1005.72,31.56,69.20,1005.49,0,0,RULES,1,1,1,
2026-09-27 21:57:57,baseline-rules,7388000,30.55,78.82,1005.69,31.57,69.32,1005.45,0,0,RULES,1,1,1,
2026-09-27 21:57:58,baseline-rules,7389000,30.57,78.67,1005.72,31.57,69.22,1005.42,0,0,RULES,1,1,1,
2026-09-27 21:57:59,baseline-rules,7390000,30.55,77.85,1005.75,31.57,69.21,1005.50,0,0,RULES,1,1,1,
2026-09-27 21:58:00,baseline-rules,7391000,30.57,77.45,1005.69,31.57,69.15,1005.42,0,0,RULES,1,1,1,
2026-09-27 21:58:01,baseline-rules,7392000,30.58,77.17,1005.76,31.58,69.27,1005.51,0,0,RULES,1,1,1,
2026-09-27 21:58:02,baseline-rules,7393000,30.59,78.00,1005.72,31.57,69.17,1005.42,0,0,RULES,1,1,1,
2026-09-27 21:58:03,baseline-rules,7394000,30.58,77.49,1005.68,31.58,69.33,1005.48,0,0,RULES,1,1,1,
2026-09-27 21:58:04,baseline-rules,7395000,30.58,76.87,1005.70,31.58,69.22,1005.43,0,0,RULES,1,1,1,
2026-09-27 21:58:06,baseline-rules,7397000,30.61,77.56,1005.74,31.58,69.26,1005.41,0,0,RULES,1,1,1,
2026-09-27 21:58:07,baseline-rules,7398000,30.60,77.02,1005.74,31.57,69.16,1005.47,0,0,RULES,1,1,1,
2026-09-27 21:58:08,baseline-rules,7399000,30.62,76.99,1005.79,31.59,69.29,1005.50,0,0,RULES,1,1,1,
2026-09-27 21:58:09,baseline-rules,7400000,30.61,75.86,1005.72,31.58,69.17,1005.40,0,0,RULES,1,1,1,
2026-09-27 21:58:10,baseline-rules,7401000,30.62,76.53,1005.70,31.57,69.44,1005.45,0,0,RULES,1,1,1,
2026-09-27 21:58:11,baseline-rules,7402000,30.62,77.58,1005.68,31.57,69.24,1005.50,0,0,RULES,1,1,1,
2026-09-27 21:58:12,baseline-rules,7403000,30.63,78.42,1005.70,31.57,69.27,1005.42,0,0,RULES,1,1,1,
2026-09-27 21:58:13,baseline-rules,7404000,30.63,77.71,1005.75,31.58,69.27,1005.49,0,0,RULES,1,1,1,
2026-09-27 21:58:14,baseline-rules,7405000,30.63,77.04,1005.69,31.57,69.23,1005.42,0,0,RULES,1,1,1,
2026-09-27 21:58:15,baseline-rules,7406000,30.64,76.85,1005.74,31.58,69.41,1005.46,0,0,RULES,1,1,1,
2026-09-27 21:58:16,baseline-rules,7407000,30.63,76.48,1005.70,31.57,69.60,1005.45,0,0,RULES,1,1,1,
2026-09-27 21:58:17,baseline-rules,7408000,30.63,76.18,1005.70,31.57,69.06,1005.39,0,0,RULES,1,1,1,
2026-09-27 21:58:18,baseline-rules,7409000,30.64,76.66,1005.77,31.58,69.31,1005.52,0,0,RULES,1,1,1,
2026-09-27 21:58:19,baseline-rules,7410000,30.65,76.52,1005.73,31.58,69.17,1005.46,0,0,RULES,1,1,1,
2026-09-27 21:58:20,baseline-rules,7411000,30.66,77.76,1005.69,31.57,69.26,1005.50,0,0,RULES,1,1,1,
2026-09-27 21:58:21,baseline-rules,7412000,30.67,78.18,1005.67,31.57,69.23,1005.45,0,0,RULES,1,1,1,
2026-09-27 21:58:22,baseline-rules,7413000,30.67,78.17,1005.74,31.59,69.16,1005.47,0,0,RULES,1,1,1,
2026-09-27 21:58:23,baseline-rules,7414000,30.67,77.23,1005.76,31.57,69.24,1005.50,0,0,RULES,1,1,1,
2026-09-27 21:58:24,baseline-rules,7415000,30.68,76.59,1005.78,31.57,69.37,1005.47,0,0,RULES,1,1,1,
2026-09-27 21:58:25,baseline-rules,7416000,30.68,76.93,1005.75,31.58,69.25,1005.45,0,0,RULES,1,1,1,
2026-09-27 21:58:26,baseline-rules,7417000,30.68,77.14,1005.72,31.58,69.26,1005.45,0,0,RULES,1,1,1,
2026-09-27 21:58:27,baseline-rules,7418000,30.68,77.01,1005.75,31.58,69.25,1005.41,0,0,RULES,1,1,1,
2026-09-27 21:58:28,baseline-rules,7419000,30.68,76.15,1005.73,31.57,69.36,1005.47,0,0,RULES,1,1,1,
2026-09-27 21:58:29,baseline-rules,7420000,30.69,75.66,1005.73,31.57,69.24,1005.47,0,0,RULES,1,1,1,
2026-09-27 21:58:30,baseline-rules,7421000,30.69,76.02,1005.74,31.57,69.28,1005.49,0,0,RULES,1,1,1,
2026-09-27 21:58:31,baseline-rules,7422000,30.70,76.68,1005.75,31.57,69.21,1005.50,0,0,RULES,1,1,1,
2026-09-27 21:58:32,baseline-rules,7423000,30.70,76.69,1005.69,31.56,69.21,1005.40,0,0,RULES,1,1,1,
2026-09-27 21:58:33,baseline-rules,7424000,30.71,76.65,1005.77,31.57,69.19,1005.47,0,0,RULES,1,1,1,
2026-09-27 21:58:34,baseline-rules,7425000,30.70,76.34,1005.72,31.56,69.16,1005.43,0,0,RULES,1,1,1,
2026-09-27 21:58:35,baseline-rules,7426000,30.70,75.75,1005.75,31.56,69.17,1005.46,0,0,RULES,1,1,1,
2026-09-27 21:58:36,baseline-rules,7427000,30.72,75.53,1005.73,31.56,69.10,1005.51,0,0,RULES,1,1,1,
2026-09-27 21:58:37,baseline-rules,7428000,30.72,75.51,1005.73,31.56,69.17,1005.46,0,0,RULES,1,1,1,
2026-09-27 21:58:38,baseline-rules,7429000,30.71,74.93,1005.68,31.56,69.11,1005.49,0,0,RULES,1,1,1,
2026-09-27 21:58:39,baseline-rules,7430000,30.73,75.36,1005.71,31.55,69.15,1005.48,0,0,RULES,1,1,1,
2026-09-27 21:58:40,baseline-rules,7431000,30.73,76.87,1005.75,31.56,69.22,1005.43,0,0,RULES,1,1,1,
2026-09-27 21:58:41,baseline-rules,7432000,30.74,77.36,1005.77,31.57,69.27,1005.44,0,0,RULES,1,1,1,
2026-09-27 21:58:42,baseline-rules,7433000,30.74,77.93,1005.74,31.55,69.28,1005.42,0,0,RULES,1,1,1,
2026-09-27 21:58:43,baseline-rules,7434000,30.75,77.63,1005.69,31.56,69.65,1005.51,0,0,RULES,1,1,1,
2026-09-27 21:58:44,baseline-rules,7435000,30.74,76.85,1005.74,31.55,69.22,1005.39,0,0,RULES,1,1,1,
2026-09-27 21:58:45,baseline-rules,7436000,30.74,76.83,1005.68,31.55,69.42,1005.42,0,0,RULES,1,1,1,
2026-09-27 21:58:46,baseline-rules,7437000,30.77,78.11,1005.75,31.56,69.35,1005.49,0,0,RULES,1,1,1,
2026-09-27 21:58:47,baseline-rules,7438000,30.77,78.51,1005.72,31.57,69.62,1005.44,0,0,RULES,1,1,1,
2026-09-27 21:58:48,baseline-rules,7439000,30.76,77.03,1005.82,31.56,69.56,1005.43,0,0,RULES,1,1,1,
2026-09-27 21:58:49,baseline-rules,7440000,30.77,76.26,1005.81,31.56,69.27,1005.43,0,0,RULES,1,1,1,
2026-09-27 21:58:50,baseline-rules,7441000,30.76,75.40,1005.76,31.57,69.46,1005.49,0,0,RULES,1,1,1,
2026-09-27 21:58:51,baseline-rules,7442000,30.76,75.81,1005.71,31.56,69.21,1005.43,0,0,RULES,1,1,1,
2026-09-27 21:58:52,baseline-rules,7443000,30.79,77.40,1005.75,31.57,69.41,1005.44,0,0,RULES,1,1,1,
2026-09-27 21:58:53,baseline-rules,7444000,30.78,78.06,1005.77,31.55,69.32,1005.45,0,0,RULES,1,1,1,
2026-09-27 21:58:54,baseline-rules,7445000,30.78,78.84,1005.69,31.55,69.25,1005.45,0,0,RULES,1,1,1,
2026-09-27 21:58:55,baseline-rules,7446000,30.81,79.56,1005.65,31.56,69.33,1005.46,0,0,RULES,1,1,1,
2026-09-27 21:58:56,baseline-rules,7447000,30.81,80.29,1005.74,31.55,69.36,1005.47,0,0,RULES,1,1,1,
2026-09-27 21:58:57,baseline-rules,7448000,30.80,79.81,1005.72,31.56,69.26,1005.46,0,0,RULES,1,1,1,
2026-09-27 21:58:58,baseline-rules,7449000,30.80,79.31,1005.75,31.55,69.26,1005.45,0,0,RULES,1,1,1,
2026-09-27 21:58:59,baseline-rules,7450000,30.80,78.80,1005.72,31.56,69.17,1005.46,0,0,RULES,1,1,1,
2026-09-27 21:59:00,baseline-rules,7451000,30.82,78.59,1005.69,31.55,69.27,1005.45,0,0,RULES,1,1,1,
2026-09-27 21:59:01,baseline-rules,7452000,30.82,78.83,1005.77,31.55,69.30,1005.44,0,0,RULES,1,1,1,
2026-09-27 21:59:02,baseline-rules,7453000,30.80,77.22,1005.78,31.57,69.17,1005.47,0,0,RULES,1,1,1,
2026-09-27 21:59:03,baseline-rules,7454000,30.81,76.85,1005.67,31.55,69.44,1005.42,0,0,RULES,1,1,1,
2026-09-27 21:59:04,baseline-rules,7455000,30.81,76.98,1005.76,31.56,69.47,1005.46,0,0,RULES,1,1,1,
2026-09-27 21:59:05,baseline-rules,7456000,30.82,77.08,1005.70,31.56,69.28,1005.43,0,0,RULES,1,1,1,
2026-09-27 21:59:06,baseline-rules,7457000,30.82,77.85,1005.69,31.56,69.37,1005.43,0,0,RULES,1,1,1,
2026-09-27 21:59:07,baseline-rules,7458000,30.83,78.85,1005.71,31.56,69.52,1005.46,0,0,RULES,1,1,1,
2026-09-27 21:59:08,baseline-rules,7459000,30.83,78.81,1005.71,31.55,69.54,1005.42,0,0,RULES,1,1,1,
2026-09-27 21:59:09,baseline-rules,7460000,30.83,78.65,1005.69,31.56,69.39,1005.43,0,0,RULES,1,1,1,
2026-09-27 21:59:10,baseline-rules,7461000,30.83,77.07,1005.71,31.55,69.55,1005.47,0,0,RULES,1,1,1,
2026-09-27 21:59:11,baseline-rules,7462000,30.84,76.07,1005.69,31.55,69.67,1005.44,0,0,RULES,1,1,1,
2026-09-27 21:59:12,baseline-rules,7463000,30.83,75.94,1005.71,31.57,69.59,1005.44,0,0,RULES,1,1,1,
2026-09-27 21:59:13,baseline-rules,7464000,30.85,77.47,1005.68,31.57,69.27,1005.38,0,0,RULES,1,1,1,
2026-09-27 21:59:14,baseline-rules,7465000,30.86,78.98,1005.67,31.56,69.32,1005.43,0,0,RULES,1,1,1,
2026-09-27 21:59:15,baseline-rules,7466000,30.85,79.41,1005.66,31.56,69.63,1005.49,0,0,RULES,1,1,1,
2026-09-27 21:59:16,baseline-rules,7467000,30.85,78.49,1005.63,31.57,69.72,1005.44,0,0,RULES,1,1,1,
2026-09-27 21:59:17,baseline-rules,7468000,30.86,78.67,1005.70,31.55,69.64,1005.42,0,0,RULES,1,1,1,
2026-09-27 21:59:18,baseline-rules,7469000,30.87,78.79,1005.69,31.55,69.42,1005.42,0,0,RULES,1,1,1,
2026-09-27 21:59:19,baseline-rules,7470000,30.87,79.06,1005.71,31.57,69.34,1005.49,0,0,RULES,1,1,1,
2026-09-27 21:59:20,baseline-rules,7471000,30.88,79.08,1005.70,31.55,69.34,1005.48,0,0,RULES,1,1,1,
2026-09-27 21:59:21,baseline-rules,7472000,30.88,79.28,1005.70,31.57,69.53,1005.47,0,0,RULES,1,1,1,
2026-09-27 21:59:22,baseline-rules,7473000,30.88,79.64,1005.68,31.57,69.59,1005.47,0,0,RULES,1,1,1,
2026-09-27 21:59:23,baseline-rules,7474000,30.90,80.53,1005.71,31.55,69.38,1005.44,0,0,RULES,1,1,1,
2026-09-27 21:59:24,baseline-rules,7475000,30.91,81.01,1005.75,31.56,69.19,1005.40,0,0,RULES,1,1,1,
2026-09-27 21:59:25,baseline-rules,7476000,30.91,80.89,1005.72,31.56,69.56,1005.49,0,0,RULES,1,1,1,
2026-09-27 21:59:26,baseline-rules,7477000,30.90,80.37,1005.71,31.57,69.62,1005.47,0,0,RULES,1,1,1,
2026-09-27 21:59:27,baseline-rules,7478000,30.91,80.14,1005.67,31.57,69.59,1005.45,0,0,RULES,1,1,1,
2026-09-27 21:59:28,baseline-rules,7479000,30.90,79.85,1005.74,31.57,69.24,1005.39,0,0,RULES,1,1,1,
2026-09-27 21:59:29,baseline-rules,7480000,30.92,80.29,1005.66,31.57,69.28,1005.45,0,0,RULES,1,1,1,
2026-09-27 21:59:30,baseline-rules,7481000,30.93,80.77,1005.78,31.57,69.42,1005.39,0,0,RULES,1,1,1,
2026-09-27 21:59:31,baseline-rules,7482000,30.93,80.83,1005.73,31.57,69.21,1005.41,0,0,RULES,1,1,1,
2026-09-27 21:59:32,baseline-rules,7483000,30.94,80.91,1005.74,31.57,69.21,1005.44,0,0,RULES,1,1,1,
2026-09-27 21:59:33,baseline-rules,7484000,30.93,80.56,1005.67,31.57,69.42,1005.45,0,0,RULES,1,1,1,
2026-09-27 21:59:34,baseline-rules,7485000,30.94,81.12,1005.81,31.56,69.24,1005.51,0,0,RULES,1,1,1,
2026-09-27 21:59:35,baseline-rules,7486000,30.96,81.69,1005.72,31.56,69.30,1005.43,0,0,RULES,1,1,1,
2026-09-27 21:59:36,baseline-rules,7487000,30.95,81.70,1005.71,31.57,69.44,1005.44,0,0,RULES,1,1,1,
2026-09-27 21:59:37,baseline-rules,7488000,30.95,81.33,1005.67,31.57,69.37,1005.47,0,0,RULES,1,1,1,
2026-09-27 21:59:38,baseline-rules,7489000,30.95,81.23,1005.73,31.57,69.27,1005.44,0,0,RULES,1,1,1,
2026-09-27 21:59:39,baseline-rules,7490000,30.96,81.62,1005.72,31.56,69.22,1005.43,0,0,RULES,1,1,1,
2026-09-27 21:59:40,baseline-rules,7491000,30.96,81.49,1005.75,31.56,69.26,1005.46,0,0,RULES,1,1,1,
2026-09-27 21:59:41,baseline-rules,7492000,30.96,81.55,1005.72,31.56,69.16,1005.43,0,0,RULES,1,1,1,
2026-09-27 21:59:42,baseline-rules,7493000,30.95,81.44,1005.68,31.57,69.18,1005.47,0,0,RULES,1,1,1,
2026-09-27 21:59:43,baseline-rules,7494000,30.97,81.87,1005.73,31.56,69.39,1005.46,0,0,RULES,1,1,1,
2026-09-27 21:59:44,baseline-rules,7495000,30.98,82.02,1005.74,31.57,69.28,1005.44,0,0,RULES,1,1,1,
2026-09-27 21:59:45,baseline-rules,7496000,30.97,81.94,1005.73,31.56,69.28,1005.43,0,0,RULES,1,1,1,
2026-09-27 21:59:46,baseline-rules,7497000,30.97,81.87,1005.76,31.58,69.27,1005.45,0,0,RULES,1,1,1,
2026-09-27 21:59:47,baseline-rules,7498000,30.98,81.80,1005.69,31.57,69.27,1005.49,0,0,RULES,1,1,1,
2026-09-27 21:59:48,baseline-rules,7499000,30.97,81.42,1005.65,31.57,69.19,1005.42,0,0,RULES,1,1,1,
2026-09-27 21:59:49,baseline-rules,7500000,30.97,80.74,1005.68,31.57,69.15,1005.47,0,0,RULES,1,1,1,
2026-09-27 21:59:50,baseline-rules,7501000,30.97,80.53,1005.65,31.56,69.20,1005.43,0,0,RULES,1,1,1,
2026-09-27 21:59:51,baseline-rules,7502000,30.98,80.47,1005.69,31.57,69.24,1005.47,0,0,RULES,1,1,1,
2026-09-27 21:59:52,baseline-rules,7503000,30.97,81.02,1005.62,31.57,69.26,1005.44,0,0,RULES,1,1,1,
2026-09-27 21:59:53,baseline-rules,7504000,30.99,81.30,1005.65,31.56,69.30,1005.38,0,0,RULES,1,1,1,
2026-09-27 21:59:54,baseline-rules,7505000,30.99,81.46,1005.71,31.56,69.19,1005.40,0,0,RULES,1,1,1,
2026-09-27 21:59:55,baseline-rules,7506000,30.99,81.30,1005.71,31.57,69.28,1005.39,0,0,RULES,1,1,1,
2026-09-27 21:59:56,baseline-rules,7507000,30.99,81.04,1005.74,31.57,69.18,1005.41,0,0,RULES,1,1,1,
2026-09-27 21:59:57,baseline-rules,7508000,30.98,80.37,1005.69,31.57,69.32,1005.39,0,0,RULES,1,1,1,
2026-09-27 21:59:58,baseline-rules,7509000,30.97,79.33,1005.65,31.55,69.20,1005.40,0,0,RULES,1,1,1,
2026-09-27 21:59:59,baseline-rules,7510000,30.97,78.27,1005.71,31.57,69.44,1005.47,0,0,RULES,1,1,1,
2026-09-27 22:00:00,baseline-rules,7511000,30.96,77.79,1005.72,31.57,69.24,1005.42,0,0,RULES,1,1,1,
2026-09-27 22:00:01,baseline-rules,7512000,30.96,77.90,1005.70,31.57,69.28,1005.45,0,0,RULES,1,1,1,
2026-09-27 22:00:02,baseline-rules,7513000,30.97,78.66,1005.65,31.56,69.20,1005.40,0,0,RULES,1,1,1,
2026-09-27 22:00:03,baseline-rules,7514000,30.96,78.49,1005.72,31.57,69.31,1005.47,0,0,RULES,1,1,1,
2026-09-27 22:00:04,baseline-rules,7515000,30.96,77.76,1005.69,31.57,69.33,1005.41,0,0,RULES,1,1,1,
2026-09-27 22:00:05,baseline-rules,7516000,30.96,77.93,1005.70,31.57,69.17,1005.41,0,0,RULES,1,1,1,
2026-09-27 22:00:06,baseline-rules,7517000,30.96,78.28,1005.61,31.57,69.23,1005.41,0,0,RULES,1,1,1,
2026-09-27 22:00:07,baseline-rules,7518000,30.98,78.51,1005.71,31.56,69.25,1005.40,0,0,RULES,1,1,1,
2026-09-27 22:00:08,baseline-rules,7519000,30.96,78.76,1005.69,31.57,69.16,1005.42,0,0,RULES,1,1,1,
2026-09-27 22:00:09,baseline-rules,7520000,30.97,79.03,1005.71,31.57,69.29,1005.38,0,0,RULES,1,1,1,
2026-09-27 22:00:10,baseline-rules,7521000,30.98,79.66,1005.72,31.57,69.21,1005.45,0,0,RULES,1,1,1,
2026-09-27 22:00:11,baseline-rules,7522000,30.98,79.39,1005.69,31.57,69.17,1005.49,0,0,RULES,1,1,1,
2026-09-27 22:00:12,baseline-rules,7523000,30.98,79.44,1005.66,31.55,69.32,1005.37,0,0,RULES,1,1,1,
2026-09-27 22:00:13,baseline-rules,7524000,30.99,80.21,1005.62,31.56,69.22,1005.40,0,0,RULES,1,1,1,
2026-09-27 22:00:14,baseline-rules,7525000,31.00,80.77,1005.67,31.56,69.63,1005.46,0,0,RULES,1,1,1,
2026-09-27 22:00:15,baseline-rules,7526000,30.99,80.06,1005.70,31.56,69.68,1005.43,0,0,RULES,1,1,1,
2026-09-27 22:00:16,baseline-rules,7527000,30.98,80.19,1005.64,31.57,69.58,1005.38,0,0,RULES,1,1,1,
2026-09-27 22:00:17,baseline-rules,7528000,30.98,79.61,1005.69,31.57,69.29,1005.44,0,0,RULES,1,1,1,
2026-09-27 22:00:18,baseline-rules,7529000,30.98,78.56,1005.69,31.57,69.28,1005.41,0,0,RULES,1,1,1,
2026-09-27 22:00:19,baseline-rules,7530000,30.98,77.92,1005.75,31.56,69.39,1005.40,0,0,RULES,1,1,1,
2026-09-27 22:00:20,baseline-rules,7531000,30.97,76.83,1005.68,31.56,69.26,1005.46,0,0,RULES,1,1,1,
2026-09-27 22:00:21,baseline-rules,7532000,30.96,76.44,1005.67,31.56,69.22,1005.43,0,0,RULES,1,1,1,
2026-09-27 22:00:22,baseline-rules,7533000,30.97,76.40,1005.71,31.56,69.32,1005.46,0,0,RULES,1,1,1,
2026-09-27 22:00:23,baseline-rules,7534000,30.97,76.88,1005.65,31.57,69.43,1005.41,0,0,RULES,1,1,1,
2026-09-27 22:00:24,baseline-rules,7535000,30.96,77.12,1005.64,31.56,69.21,1005.40,0,0,RULES,1,1,1,
2026-09-27 22:00:25,baseline-rules,7536000,30.97,77.09,1005.62,31.57,69.19,1005.42,0,0,RULES,1,1,1,
2026-09-27 22:00:26,baseline-rules,7537000,30.96,77.11,1005.63,31.57,69.23,1005.44,0,0,RULES,1,1,1,
2026-09-27 22:00:27,baseline-rules,7538000,30.96,77.18,1005.67,31.55,69.25,1005.42,0,0,RULES,1,1,1,
2026-09-27 22:00:28,baseline-rules,7539000,30.98,78.11,1005.69,31.56,69.46,1005.46,0,0,RULES,1,1,1,
2026-09-27 22:00:29,baseline-rules,7540000,30.98,78.81,1005.63,31.57,69.30,1005.45,0,0,RULES,1,1,1,
2026-09-27 22:00:30,baseline-rules,7541000,30.99,79.95,1005.65,31.57,69.32,1005.41,0,0,RULES,1,1,1,
2026-09-27 22:00:31,baseline-rules,7542000,30.99,79.98,1005.63,31.56,69.45,1005.43,0,0,RULES,1,1,1,
2026-09-27 22:00:32,baseline-rules,7543000,30.98,79.84,1005.69,31.56,69.27,1005.43,0,0,RULES,1,1,1,
2026-09-27 22:00:33,baseline-rules,7544000,30.99,80.24,1005.67,31.56,69.30,1005.32,0,0,RULES,1,1,1,
2026-09-27 22:00:34,baseline-rules,7545000,31.00,80.76,1005.69,31.56,69.21,1005.46,0,0,RULES,1,1,1,
2026-09-27 22:00:35,baseline-rules,7546000,31.02,81.36,1005.67,31.55,69.30,1005.36,0,0,RULES,1,1,1,
2026-09-27 22:00:36,baseline-rules,7547000,31.01,81.12,1005.71,31.55,69.17,1005.45,0,0,RULES,1,1,1,
2026-09-27 22:00:37,baseline-rules,7548000,31.02,81.27,1005.67,31.57,69.50,1005.36,0,0,RULES,1,1,1,
2026-09-27 22:00:38,baseline-rules,7549000,31.00,79.91,1005.73,31.56,69.44,1005.35,0,0,RULES,1,1,1,
2026-09-27 22:00:39,baseline-rules,7550000,31.00,78.47,1005.69,31.56,69.20,1005.35,0,0,RULES,1,1,1,
2026-09-27 22:00:40,baseline-rules,7551000,30.99,78.33,1005.63,31.57,69.23,1005.39,0,0,RULES,1,1,1,
2026-09-27 22:00:41,baseline-rules,7552000,31.00,78.88,1005.70,31.56,69.24,1005.38,0,0,RULES,1,1,1,
2026-09-27 22:00:42,baseline-rules,7553000,31.02,79.82,1005.69,31.57,69.16,1005.42,0,0,RULES,1,1,1,
2026-09-27 22:00:43,baseline-rules,7554000,31.01,80.22,1005.66,31.57,69.19,1005.44,0,0,RULES,1,1,1,
2026-09-27 22:00:44,baseline-rules,7555000,31.00,79.24,1005.67,31.57,69.23,1005.42,0,0,RULES,1,1,1,
2026-09-27 22:00:45,baseline-rules,7556000,30.99,78.70,1005.63,31.57,69.26,1005.41,0,0,RULES,1,1,1,
2026-09-27 22:00:46,baseline-rules,7557000,31.00,78.69,1005.67,31.57,69.29,1005.38,0,0,RULES,1,1,1,
2026-09-27 22:00:47,baseline-rules,7558000,31.00,78.94,1005.67,31.56,69.35,1005.43,0,0,RULES,1,1,1,
2026-09-27 22:00:48,baseline-rules,7559000,31.01,79.06,1005.62,31.56,69.25,1005.38,0,0,RULES,1,1,1,
2026-09-27 22:00:49,baseline-rules,7560000,31.01,79.08,1005.68,31.57,69.18,1005.44,0,0,RULES,1,1,1,
2026-09-27 22:00:50,baseline-rules,7561000,31.01,79.87,1005.66,31.57,69.52,1005.45,0,0,RULES,1,1,1,
2026-09-27 22:00:51,baseline-rules,7562000,31.01,79.94,1005.69,31.58,69.32,1005.43,0,0,RULES,1,1,1,
2026-09-27 22:00:52,baseline-rules,7563000,31.01,79.62,1005.69,31.58,69.72,1005.45,0,0,RULES,1,1,1,
2026-09-27 22:00:53,baseline-rules,7564000,31.02,79.78,1005.64,31.58,69.41,1005.37,0,0,RULES,1,1,1,
2026-09-27 22:00:54,baseline-rules,7565000,31.01,79.86,1005.66,31.58,69.32,1005.38,0,0,RULES,1,1,1,
2026-09-27 22:00:55,baseline-rules,7566000,31.01,79.58,1005.69,31.57,69.34,1005.41,0,0,RULES,1,1,1,
2026-09-27 22:00:56,baseline-rules,7567000,31.01,78.68,1005.68,31.57,69.31,1005.42,0,0,RULES,1,1,1,
2026-09-27 22:00:57,baseline-rules,7568000,31.00,78.76,1005.61,31.58,69.16,1005.40,0,0,RULES,1,1,1,
2026-09-27 22:00:58,baseline-rules,7569000,31.02,78.70,1005.67,31.58,69.33,1005.40,0,0,RULES,1,1,1,
2026-09-27 22:00:59,baseline-rules,7570000,31.01,77.97,1005.68,31.57,69.31,1005.39,0,0,RULES,1,1,1,
2026-09-27 22:01:00,baseline-rules,7571000,31.00,77.54,1005.64,31.58,69.27,1005.38,0,0,RULES,1,1,1,
2026-09-27 22:01:01,baseline-rules,7572000,31.01,77.46,1005.62,31.57,69.30,1005.39,0,0,RULES,1,1,1,
2026-09-27 22:01:02,baseline-rules,7573000,31.00,77.12,1005.67,31.57,69.14,1005.42,0,0,RULES,1,1,1,
2026-09-27 22:01:03,baseline-rules,7574000,31.00,77.22,1005.69,31.58,69.19,1005.37,0,0,RULES,1,1,1,
2026-09-27 22:01:04,baseline-rules,7575000,31.00,77.29,1005.66,31.58,69.49,1005.48,0,0,RULES,1,1,1,
2026-09-27 22:01:05,baseline-rules,7576000,31.00,77.07,1005.66,31.58,69.43,1005.45,0,0,RULES,1,1,1,
2026-09-27 22:01:06,baseline-rules,7577000,31.01,77.82,1005.66,31.57,69.23,1005.39,0,0,RULES,1,1,1,
2026-09-27 22:01:07,baseline-rules,7578000,31.01,78.58,1005.68,31.58,69.24,1005.45,0,0,RULES,1,1,1,
2026-09-27 22:01:08,baseline-rules,7579000,31.00,78.60,1005.67,31.58,69.25,1005.40,0,0,RULES,1,1,1,
2026-09-27 22:01:09,baseline-rules,7580000,31.00,78.24,1005.63,31.58,69.10,1005.38,0,0,RULES,1,1,1,
2026-09-27 22:01:10,baseline-rules,7581000,31.01,78.37,1005.62,31.58,69.24,1005.43,0,0,RULES,1,1,1,
2026-09-27 22:01:11,baseline-rules,7582000,31.01,78.75,1005.66,31.57,69.20,1005.33,0,0,RULES,1,1,1,
2026-09-27 22:01:12,baseline-rules,7583000,31.01,79.42,1005.63,31.57,69.18,1005.42,0,0,RULES,1,1,1,
2026-09-27 22:01:13,baseline-rules,7584000,31.03,80.08,1005.66,31.58,69.21,1005.45,0,0,RULES,1,1,1,
2026-09-27 22:01:14,baseline-rules,7585000,31.04,80.49,1005.67,31.57,69.36,1005.47,0,0,RULES,1,1,1,
2026-09-27 22:01:15,baseline-rules,7586000,31.03,80.43,1005.72,31.57,69.52,1005.45,0,0,RULES,1,1,1,
2026-09-27 22:01:16,baseline-rules,7587000,31.02,80.60,1005.62,31.57,69.57,1005.41,0,0,RULES,1,1,1,
2026-09-27 22:01:17,baseline-rules,7588000,31.04,80.57,1005.67,31.58,69.30,1005.45,0,0,RULES,1,1,1,
2026-09-27 22:01:18,baseline-rules,7589000,31.03,80.67,1005.66,31.58,69.25,1005.40,0,0,RULES,1,1,1,
2026-09-27 22:01:19,baseline-rules,7590000,31.03,80.31,1005.69,31.57,69.23,1005.34,0,0,RULES,1,1,1,
2026-09-27 22:01:20,baseline-rules,7591000,31.05,80.38,1005.74,31.58,69.27,1005.41,0,0,RULES,1,1,1,
2026-09-27 22:01:21,baseline-rules,7592000,31.05,80.41,1005.74,31.58,69.31,1005.51,0,0,RULES,1,1,1,
2026-09-27 22:01:22,baseline-rules,7593000,31.04,79.97,1005.71,31.57,69.30,1005.45,0,0,RULES,1,1,1,
2026-09-27 22:01:23,baseline-rules,7594000,31.04,80.35,1005.65,31.58,69.27,1005.37,0,0,RULES,1,1,1,
2026-09-27 22:01:24,baseline-rules,7595000,31.05,80.50,1005.66,31.58,69.39,1005.43,0,0,RULES,1,1,1,
2026-09-27 22:01:25,baseline-rules,7596000,31.03,78.82,1005.65,31.58,69.33,1005.35,0,0,RULES,1,1,1,
2026-09-27 22:01:26,baseline-rules,7597000,31.03,78.96,1005.66,31.58,69.41,1005.43,0,0,RULES,1,1,1,
2026-09-27 22:01:27,baseline-rules,7598000,31.02,78.72,1005.64,31.57,69.30,1005.42,0,0,RULES,1,1,1,
2026-09-27 22:01:28,baseline-rules,7599000,31.02,78.77,1005.69,31.58,69.08,1005.38,0,0,RULES,1,1,1,
2026-09-27 22:01:29,baseline-rules,7600000,31.02,78.06,1005.64,31.58,69.33,1005.38,0,0,RULES,1,1,1,
2026-09-27 22:01:30,baseline-rules,7601000,31.01,77.14,1005.59,31.58,69.16,1005.43,0,0,RULES,1,1,1,
2026-09-27 22:01:31,baseline-rules,7602000,31.01,77.29,1005.68,31.58,69.58,1005.43,0,0,RULES,1,1,1,
2026-09-27 22:01:32,baseline-rules,7603000,31.00,76.56,1005.64,31.58,69.38,1005.45,0,0,RULES,1,1,1,
2026-09-27 22:01:33,baseline-rules,7604000,31.00,76.08,1005.64,31.57,69.35,1005.39,0,0,RULES,1,1,1,
2026-09-27 22:01:34,baseline-rules,7605000,31.00,75.31,1005.66,31.57,69.21,1005.39,0,0,RULES,1,1,1,
2026-09-27 22:01:35,baseline-rules,7606000,31.00,75.30,1005.64,31.57,69.16,1005.36,0,0,RULES,1,1,1,
2026-09-27 22:01:36,baseline-rules,7607000,30.99,75.11,1005.71,31.57,69.19,1005.38,0,0,RULES,1,1,1,
2026-09-27 22:01:37,baseline-rules,7608000,30.99,75.54,1005.71,31.57,69.25,1005.39,0,0,RULES,1,1,1,
2026-09-27 22:01:38,baseline-rules,7609000,31.00,75.62,1005.66,31.57,69.70,1005.38,0,0,RULES,1,1,1,
2026-09-27 22:01:39,baseline-rules,7610000,30.98,75.11,1005.64,31.56,69.19,1005.43,0,0,RULES,1,1,1,
2026-09-27 22:01:40,baseline-rules,7611000,30.98,75.49,1005.67,31.56,69.28,1005.35,0,0,RULES,1,1,1,
2026-09-27 22:01:41,baseline-rules,7612000,30.99,75.89,1005.68,31.57,69.25,1005.42,0,0,RULES,1,1,1,
2026-09-27 22:01:42,baseline-rules,7613000,31.00,77.46,1005.72,31.57,69.23,1005.44,0,0,RULES,1,1,1,
2026-09-27 22:01:43,baseline-rules,7614000,30.99,77.51,1005.71,31.57,69.27,1005.38,0,0,RULES,1,1,1,
2026-09-27 22:01:44,baseline-rules,7615000,31.00,77.89,1005.56,31.57,69.53,1005.31,0,0,RULES,1,1,1,
2026-09-27 22:01:45,baseline-rules,7616000,30.99,77.14,1005.67,31.56,69.28,1005.40,0,0,RULES,1,1,1,
2026-09-27 22:01:46,baseline-rules,7617000,30.99,77.36,1005.65,31.55,69.38,1005.36,0,0,RULES,1,1,1,
2026-09-27 22:01:47,baseline-rules,7618000,30.98,77.29,1005.69,31.57,69.26,1005.44,0,0,RULES,1,1,1,
2026-09-27 22:01:48,baseline-rules,7619000,30.99,76.82,1005.63,31.57,69.32,1005.36,0,0,RULES,1,1,1,
2026-09-27 22:01:49,baseline-rules,7620000,30.99,76.39,1005.67,31.56,69.19,1005.35,0,0,RULES,1,1,1,
2026-09-27 22:01:50,baseline-rules,7621000,31.00,77.27,1005.72,31.57,69.32,1005.44,0,0,RULES,1,1,1,
2026-09-27 22:01:51,baseline-rules,7622000,31.01,78.03,1005.62,31.57,69.21,1005.47,0,0,RULES,1,1,1,
2026-09-27 22:01:52,baseline-rules,7623000,31.01,78.60,1005.63,31.55,69.16,1005.34,0,0,RULES,1,1,1,
2026-09-27 22:01:53,baseline-rules,7624000,31.01,78.76,1005.68,31.57,69.73,1005.44,0,0,RULES,1,1,1,
2026-09-27 22:01:54,baseline-rules,7625000,31.02,79.08,1005.64,31.56,69.30,1005.40,0,0,RULES,1,1,1,
2026-09-27 22:01:55,baseline-rules,7626000,31.01,79.43,1005.63,31.56,69.18,1005.38,0,0,RULES,1,1,1,
2026-09-27 22:01:56,baseline-rules,7627000,31.01,79.45,1005.63,31.56,69.26,1005.38,0,0,RULES,1,1,1,
2026-09-27 22:01:57,baseline-rules,7628000,31.02,78.97,1005.64,31.57,69.23,1005.44,0,0,RULES,1,1,1,
2026-09-27 22:01:58,baseline-rules,7629000,31.01,78.19,1005.66,31.56,69.30,1005.38,0,0,RULES,1,1,1,
2026-09-27 22:01:59,baseline-rules,7630000,31.03,78.71,1005.63,31.57,69.26,1005.38,0,0,RULES,1,1,1,
2026-09-27 22:02:00,baseline-rules,7631000,31.04,79.63,1005.71,31.56,69.29,1005.38,0,0,RULES,1,1,1,
2026-09-27 22:02:01,baseline-rules,7632000,31.05,80.40,1005.69,31.56,69.25,1005.43,0,0,RULES,1,1,1,
2026-09-27 22:02:02,baseline-rules,7633000,31.04,80.50,1005.59,31.56,69.38,1005.40,0,0,RULES,1,1,1,
2026-09-27 22:02:03,baseline-rules,7634000,31.05,80.72,1005.69,31.57,69.22,1005.39,0,0,RULES,1,1,1,
2026-09-27 22:02:04,baseline-rules,7635000,31.05,80.88,1005.67,31.57,69.37,1005.38,0,0,RULES,1,1,1,
2026-09-27 22:02:05,baseline-rules,7636000,31.05,79.78,1005.63,31.57,69.24,1005.41,0,0,RULES,1,1,1,
2026-09-27 22:02:06,baseline-rules,7637000,31.04,79.60,1005.67,31.57,69.19,1005.38,0,0,RULES,1,1,1,
2026-09-27 22:02:07,baseline-rules,7638000,31.05,79.70,1005.67,31.56,69.46,1005.38,0,0,RULES,1,1,1,
2026-09-27 22:02:08,baseline-rules,7639000,31.06,80.44,1005.71,31.57,69.26,1005.39,0,0,RULES,1,1,1,
2026-09-27 22:02:09,baseline-rules,7640000,31.06,80.90,1005.62,31.57,69.27,1005.38,0,0,RULES,1,1,1,
2026-09-27 22:02:10,baseline-rules,7641000,31.05,80.44,1005.61,31.57,69.24,1005.44,0,0,RULES,1,1,1,
2026-09-27 22:02:11,baseline-rules,7642000,31.05,80.44,1005.61,31.57,69.60,1005.45,0,0,RULES,1,1,1,
2026-09-27 22:02:12,baseline-rules,7643000,31.07,80.79,1005.66,31.57,69.26,1005.38,0,0,RULES,1,1,1,
2026-09-27 22:02:13,baseline-rules,7644000,31.05,80.72,1005.64,31.57,69.44,1005.38,0,0,RULES,1,1,1,
2026-09-27 22:02:14,baseline-rules,7645000,31.05,79.07,1005.69,31.57,69.34,1005.45,0,0,RULES,1,1,1,
2026-09-27 22:02:15,baseline-rules,7646000,31.04,78.42,1005.68,31.56,69.22,1005.40,0,0,RULES,1,1,1,
2026-09-27 22:02:16,baseline-rules,7647000,31.04,77.48,1005.62,31.57,69.41,1005.45,0,0,RULES,1,1,1,
2026-09-27 22:02:17,baseline-rules,7648000,31.04,76.46,1005.61,31.57,69.23,1005.36,0,0,RULES,1,1,1,
2026-09-27 22:02:18,baseline-rules,7649000,31.03,76.08,1005.66,31.56,69.43,1005.38,0,0,RULES,1,1,1,
2026-09-27 22:02:19,baseline-rules,7650000,31.02,75.62,1005.64,31.56,69.25,1005.35,0,0,RULES,1,1,1,
2026-09-27 22:02:20,baseline-rules,7651000,31.03,76.05,1005.65,31.57,69.29,1005.36,0,0,RULES,1,1,1,
2026-09-27 22:02:21,baseline-rules,7652000,31.01,76.06,1005.69,31.57,69.52,1005.38,0,0,RULES,1,1,1,
2026-09-27 22:02:22,baseline-rules,7653000,31.01,75.50,1005.60,31.56,69.70,1005.38,0,0,RULES,1,1,1,
2026-09-27 22:02:23,baseline-rules,7654000,31.01,75.73,1005.60,31.56,69.34,1005.43,0,0,RULES,1,1,1,
2026-09-27 22:02:24,baseline-rules,,,,,,,,,,,,,,mist A=1 B=0 (below lo)
2026-09-27 22:02:24,baseline-rules,7655000,31.01,74.94,1005.59,31.56,69.27,1005.38,1,0,RULES,1,1,1,
2026-09-27 22:02:25,baseline-rules,7656000,31.01,75.98,1005.63,31.55,69.70,1005.37,1,0,RULES,1,1,1,
2026-09-27 22:02:26,baseline-rules,7657000,31.00,75.78,1005.63,31.56,69.43,1005.35,1,0,RULES,1,1,1,
2026-09-27 22:02:27,baseline-rules,7658000,31.01,76.16,1005.63,31.56,69.30,1005.40,1,0,RULES,1,1,1,
2026-09-27 22:02:28,baseline-rules,7659000,31.00,75.99,1005.64,31.55,69.25,1005.37,1,0,RULES,1,1,1,
2026-09-27 22:02:29,baseline-rules,7660000,31.01,75.91,1005.65,31.56,69.29,1005.40,1,0,RULES,1,1,1,
2026-09-27 22:02:30,baseline-rules,7661000,31.00,75.76,1005.61,31.56,69.27,1005.38,1,0,RULES,1,1,1,
2026-09-27 22:02:31,baseline-rules,7662000,31.00,74.87,1005.66,31.55,69.39,1005.37,1,0,RULES,1,1,1,
2026-09-27 22:02:32,baseline-rules,7663000,30.99,75.28,1005.63,31.56,69.37,1005.40,1,0,RULES,1,1,1,
2026-09-27 22:02:33,baseline-rules,7664000,30.99,76.79,1005.63,31.56,69.37,1005.35,1,0,RULES,1,1,1,
2026-09-27 22:02:34,baseline-rules,7665000,30.99,77.35,1005.65,31.55,69.45,1005.36,1,0,RULES,1,1,1,
2026-09-27 22:02:35,baseline-rules,7666000,30.96,77.29,1005.63,31.55,69.35,1005.42,1,0,RULES,1,1,1,
2026-09-27 22:02:36,baseline-rules,7667000,30.95,77.73,1005.65,31.56,69.26,1005.40,1,0,RULES,1,1,1,
2026-09-27 22:02:37,baseline-rules,7668000,30.94,77.95,1005.69,31.55,69.32,1005.36,1,0,RULES,1,1,1,
2026-09-27 22:02:38,baseline-rules,7669000,30.92,77.83,1005.63,31.55,69.36,1005.34,1,0,RULES,1,1,1,
2026-09-27 22:02:39,baseline-rules,7670000,30.90,76.22,1005.66,31.55,69.33,1005.41,1,0,RULES,1,1,1,
2026-09-27 22:02:40,baseline-rules,7671000,30.91,76.34,1005.64,31.56,69.30,1005.38,1,0,RULES,1,1,1,
2026-09-27 22:02:41,baseline-rules,7672000,30.90,75.69,1005.66,31.56,69.28,1005.43,1,0,RULES,1,1,1,
2026-09-27 22:02:42,baseline-rules,7673000,30.91,76.75,1005.64,31.55,69.42,1005.37,1,0,RULES,1,1,1,
2026-09-27 22:02:43,baseline-rules,7674000,30.90,76.38,1005.60,31.55,69.41,1005.39,1,0,RULES,1,1,1,
2026-09-27 22:02:44,baseline-rules,7675000,30.89,75.67,1005.61,31.56,69.37,1005.38,1,0,RULES,1,1,1,
2026-09-27 22:02:45,baseline-rules,7676000,30.89,75.19,1005.61,31.56,69.37,1005.40,1,0,RULES,1,1,1,
2026-09-27 22:02:46,baseline-rules,7677000,30.89,74.70,1005.58,31.55,69.29,1005.39,1,0,RULES,1,1,1,
2026-09-27 22:02:47,baseline-rules,7678000,30.90,75.03,1005.62,31.55,69.35,1005.31,1,0,RULES,1,1,1,
2026-09-27 22:02:48,baseline-rules,7679000,30.90,75.38,1005.60,31.55,69.54,1005.40,1,0,RULES,1,1,1,
2026-09-27 22:02:49,baseline-rules,7680000,30.89,75.62,1005.61,31.56,69.25,1005.35,1,0,RULES,1,1,1,
2026-09-27 22:02:50,baseline-rules,7681000,30.89,74.98,1005.61,31.56,69.44,1005.38,1,0,RULES,1,1,1,
2026-09-27 22:02:51,baseline-rules,7682000,30.89,75.13,1005.67,31.56,69.28,1005.38,1,0,RULES,1,1,1,
2026-09-27 22:02:52,baseline-rules,7683000,30.89,74.81,1005.61,31.56,69.38,1005.38,1,0,RULES,1,1,1,
2026-09-27 22:02:53,baseline-rules,7684000,30.89,75.10,1005.67,31.55,69.30,1005.37,1,0,RULES,1,1,1,
2026-09-27 22:02:54,baseline-rules,7685000,30.90,75.44,1005.62,31.56,69.25,1005.40,1,0,RULES,1,1,1,
2026-09-27 22:02:55,baseline-rules,7686000,30.89,75.49,1005.66,31.57,69.35,1005.38,1,0,RULES,1,1,1,
2026-09-27 22:02:56,baseline-rules,7687000,30.89,75.65,1005.59,31.56,69.36,1005.38,1,0,RULES,1,1,1,
2026-09-27 22:02:57,baseline-rules,7688000,30.89,76.18,1005.64,31.57,69.25,1005.39,1,0,RULES,1,1,1,
2026-09-27 22:02:58,baseline-rules,7689000,30.89,75.92,1005.70,31.57,69.26,1005.41,1,0,RULES,1,1,1,
2026-09-27 22:02:59,baseline-rules,7690000,30.89,76.33,1005.66,31.57,69.35,1005.38,1,0,RULES,1,1,1,
2026-09-27 22:03:00,baseline-rules,7691000,30.89,75.54,1005.66,31.57,69.24,1005.33,1,0,RULES,1,1,1,
2026-09-27 22:03:01,baseline-rules,7692000,30.89,74.73,1005.58,31.56,69.37,1005.40,1,0,RULES,1,1,1,
2026-09-27 22:03:02,baseline-rules,7693000,30.89,76.55,1005.63,31.56,69.70,1005.38,1,0,RULES,1,1,1,
2026-09-27 22:03:03,baseline-rules,7694000,30.88,76.91,1005.63,31.57,69.30,1005.36,1,0,RULES,1,1,1,
2026-09-27 22:03:04,baseline-rules,7695000,30.89,76.47,1005.63,31.57,69.28,1005.41,1,0,RULES,1,1,1,
2026-09-27 22:03:05,baseline-rules,7696000,30.88,75.80,1005.65,31.57,69.25,1005.41,1,0,RULES,1,1,1,
2026-09-27 22:03:06,baseline-rules,7697000,30.87,75.39,1005.64,31.56,69.42,1005.35,1,0,RULES,1,1,1,
2026-09-27 22:03:07,baseline-rules,7698000,30.87,75.13,1005.69,31.57,69.52,1005.39,1,0,RULES,1,1,1,
2026-09-27 22:03:08,baseline-rules,7699000,30.86,76.51,1005.62,31.56,69.44,1005.35,1,0,RULES,1,1,1,
2026-09-27 22:03:09,baseline-rules,7700000,30.85,79.08,1005.68,31.57,69.35,1005.39,1,0,RULES,1,1,1,
2026-09-27 22:03:10,baseline-rules,7701000,30.82,78.42,1005.61,31.56,69.30,1005.40,1,0,RULES,1,1,1,
2026-09-27 22:03:11,baseline-rules,7702000,30.83,79.29,1005.68,31.56,69.36,1005.40,1,0,RULES,1,1,1,
2026-09-27 22:03:12,baseline-rules,7703000,30.80,79.80,1005.60,31.55,69.43,1005.39,1,0,RULES,1,1,1,
2026-09-27 22:03:13,baseline-rules,7704000,30.79,80.76,1005.68,31.56,69.44,1005.43,1,0,RULES,1,1,1,
2026-09-27 22:03:14,baseline-rules,7705000,30.76,80.21,1005.60,31.56,69.45,1005.38,1,0,RULES,1,1,1,
2026-09-27 22:03:15,baseline-rules,7706000,30.74,79.06,1005.68,31.57,69.44,1005.39,1,0,RULES,1,1,1,
2026-09-27 22:03:16,baseline-rules,7707000,30.75,77.86,1005.66,31.57,69.31,1005.33,1,0,RULES,1,1,1,
2026-09-27 22:03:17,baseline-rules,7708000,30.74,77.22,1005.64,31.57,69.33,1005.39,1,0,RULES,1,1,1,
2026-09-27 22:03:18,baseline-rules,7709000,30.73,77.04,1005.58,31.57,69.36,1005.41,1,0,RULES,1,1,1,
2026-09-27 22:03:19,baseline-rules,7710000,30.74,76.87,1005.64,31.56,69.27,1005.38,1,0,RULES,1,1,1,
2026-09-27 22:03:20,baseline-rules,7711000,30.70,77.49,1005.62,31.56,69.43,1005.32,1,0,RULES,1,1,1,
2026-09-27 22:03:21,baseline-rules,7712000,30.69,76.69,1005.63,31.57,69.42,1005.36,1,0,RULES,1,1,1,
2026-09-27 22:03:22,baseline-rules,7713000,30.69,77.75,1005.60,31.56,69.43,1005.40,1,0,RULES,1,1,1,
2026-09-27 22:03:23,baseline-rules,7714000,30.69,77.64,1005.63,31.57,69.40,1005.39,1,0,RULES,1,1,1,
2026-09-27 22:03:24,baseline-rules,7715000,30.68,76.52,1005.61,31.56,69.52,1005.38,1,0,RULES,1,1,1,
2026-09-27 22:03:25,baseline-rules,7716000,30.69,76.67,1005.59,31.56,69.32,1005.40,1,0,RULES,1,1,1,
2026-09-27 22:03:26,baseline-rules,7717000,30.68,77.38,1005.58,31.55,69.41,1005.36,1,0,RULES,1,1,1,
2026-09-27 22:03:27,baseline-rules,7718000,30.68,78.69,1005.63,31.56,69.36,1005.35,1,0,RULES,1,1,1,
2026-09-27 22:03:28,baseline-rules,7719000,30.65,77.91,1005.62,31.57,69.38,1005.36,1,0,RULES,1,1,1,
2026-09-27 22:03:29,baseline-rules,7720000,30.66,78.58,1005.58,31.56,69.35,1005.32,1,0,RULES,1,1,1,
2026-09-27 22:03:30,baseline-rules,7721000,30.65,77.62,1005.62,31.55,69.44,1005.30,1,0,RULES,1,1,1,
2026-09-27 22:03:31,baseline-rules,7722000,30.66,77.35,1005.68,31.56,69.37,1005.38,1,0,RULES,1,1,1,
2026-09-27 22:03:32,baseline-rules,7723000,30.65,76.47,1005.56,31.56,69.37,1005.38,1,0,RULES,1,1,1,
2026-09-27 22:03:33,baseline-rules,7724000,30.65,76.37,1005.58,31.56,69.48,1005.40,1,0,RULES,1,1,1,
2026-09-27 22:03:34,baseline-rules,7725000,30.65,76.32,1005.64,31.57,69.60,1005.38,1,0,RULES,1,1,1,
2026-09-27 22:03:35,baseline-rules,7726000,30.65,75.95,1005.64,31.57,69.35,1005.36,1,0,RULES,1,1,1,
2026-09-27 22:03:36,baseline-rules,7727000,30.64,76.34,1005.63,31.56,69.62,1005.38,1,0,RULES,1,1,1,
2026-09-27 22:03:37,baseline-rules,7728000,30.64,76.72,1005.60,31.57,69.36,1005.38,1,0,RULES,1,1,1,
2026-09-27 22:03:37,end,,,,,,,,,,,,,,mist A=0 B=0 (manual)
2026-09-27 22:03:37,end,,,,,,,,,,,,,,mode OFF
2026-09-27 22:03:37,end,,,,,,,,,,,,,,"S,mode=OFF,lo=75.0,hi=90.0,max=300,cool=180,man=400,use=A,period=1,in=ok,out=ok,tank=ok,mistA=0,mistB=0"
2026-09-27 22:03:38,end,7729000,30.65,78.27,1005.65,31.57,69.61,1005.30,0,0,OFF,1,1,1,
2026-09-27 22:03:39,end,7730000,30.65,78.40,1005.56,31.56,69.32,1005.40,0,0,OFF,1,1,1,
