pc_time,phase,ms,t_in,rh_in,p_in,t_out,rh_out,p_out,mistA,mistB,mode,in_ok,out_ok,tank_ok,event
2026-09-28 17:33:23,idle,,,,,,,,,,,,,,"S,mode=OFF,lo=75.0,hi=90.0,max=300,cool=180,man=60,use=A,period=1,in=ok,out=ok,tank=ok,mistA=0,mistB=0"
2026-09-28 17:33:23,idle,838000,31.25,70.97,1005.30,32.43,90.64,1058.96,0,0,OFF,1,1,1,
2026-09-28 17:33:24,idle,839000,31.26,71.13,1005.24,32.43,90.75,1058.96,0,0,OFF,1,1,1,
2026-09-28 17:33:25,idle,840000,31.26,71.12,1005.33,32.42,91.57,1058.94,0,0,OFF,1,1,1,
2026-09-28 17:33:26,idle,841000,31.26,70.93,1005.26,32.41,91.77,1058.95,0,0,OFF,1,1,1,
2026-09-28 17:33:27,waiting-for-operator,842000,31.27,72.05,1005.32,32.41,91.75,1059.03,0,0,OFF,1,1,1,
2026-09-28 17:33:28,waiting-for-operator,843000,31.27,71.67,1005.29,32.41,92.13,1059.06,0,0,OFF,1,1,1,
2026-09-28 17:33:29,waiting-for-operator,844000,31.27,71.19,1005.26,32.42,91.22,1059.08,0,0,OFF,1,1,1,
2026-09-28 17:33:30,waiting-for-operator,845000,31.28,70.89,1005.33,32.41,91.62,1058.98,0,0,OFF,1,1,1,
2026-09-28 17:33:31,waiting-for-operator,846000,31.28,70.26,1005.21,32.41,92.26,1059.00,0,0,OFF,1,1,1,
2026-09-28 17:33:32,waiting-for-operator,847000,31.29,70.85,1005.29,32.42,91.49,1059.02,0,0,OFF,1,1,1,
2026-09-28 17:33:33,waiting-for-operator,848000,31.31,72.57,1005.29,32.42,91.76,1058.97,0,0,OFF,1,1,1,
2026-09-28 17:33:34,waiting-for-operator,849000,31.29,71.81,1005.24,32.41,91.62,1058.98,0,0,OFF,1,1,1,
2026-09-28 17:33:35,waiting-for-operator,850000,31.31,72.84,1005.26,32.42,91.61,1059.08,0,0,OFF,1,1,1,
2026-09-28 17:33:36,waiting-for-operator,851000,31.31,72.37,1005.27,32.40,92.54,1059.07,0,0,OFF,1,1,1,
2026-09-28 17:33:37,waiting-for-operator,852000,31.31,71.41,1005.27,32.41,91.60,1059.03,0,0,OFF,1,1,1,
2026-09-28 17:33:38,waiting-for-operator,853000,31.31,71.45,1005.30,32.42,91.74,1058.94,0,0,OFF,1,1,1,
2026-09-28 17:33:39,waiting-for-operator,854000,31.33,70.82,1005.29,32.40,92.29,1059.01,0,0,OFF,1,1,1,
2026-09-28 17:33:40,waiting-for-operator,855000,31.33,70.98,1005.24,32.40,92.46,1059.01,0,0,OFF,1,1,1,
2026-09-28 17:33:41,waiting-for-operator,856000,31.33,71.13,1005.24,32.42,92.08,1059.00,0,0,OFF,1,1,1,
2026-09-28 17:33:42,waiting-for-operator,857000,31.35,70.76,1005.26,32.41,92.22,1059.09,0,0,OFF,1,1,1,
2026-09-28 17:33:43,waiting-for-operator,858000,31.34,70.79,1005.31,32.42,91.74,1059.08,0,0,OFF,1,1,1,
2026-09-28 17:33:44,waiting-for-operator,859000,31.34,69.92,1005.25,32.40,92.57,1059.09,0,0,OFF,1,1,1,
2026-09-28 17:33:45,waiting-for-operator,860000,31.36,70.09,1005.25,32.42,92.29,1059.08,0,0,OFF,1,1,1,
2026-09-28 17:33:46,waiting-for-operator,861000,31.36,70.06,1005.22,32.40,92.61,1059.01,0,0,OFF,1,1,1,
2026-09-28 17:33:47,waiting-for-operator,862000,31.36,70.96,1005.26,32.40,92.42,1059.01,0,0,OFF,1,1,1,
2026-09-28 17:33:48,waiting-for-operator,863000,31.36,70.93,1005.31,32.40,92.63,1059.07,0,0,OFF,1,1,1,
2026-09-28 17:33:49,waiting-for-operator,864000,31.37,70.79,1005.27,32.40,92.16,1059.01,0,0,OFF,1,1,1,
2026-09-28 17:33:50,waiting-for-operator,865000,31.38,70.29,1005.26,32.40,93.01,1058.99,0,0,OFF,1,1,1,
2026-09-28 17:33:51,waiting-for-operator,866000,31.39,70.36,1005.33,32.40,92.57,1059.01,0,0,OFF,1,1,1,
2026-09-28 17:33:52,waiting-for-operator,867000,31.39,70.46,1005.30,32.40,92.88,1059.01,0,0,OFF,1,1,1,
2026-09-28 17:33:53,waiting-for-operator,868000,31.40,70.68,1005.29,32.40,93.22,1059.04,0,0,OFF,1,1,1,
2026-09-28 17:33:54,waiting-for-operator,869000,31.40,71.14,1005.29,32.40,92.71,1059.12,0,0,OFF,1,1,1,
2026-09-28 17:33:55,waiting-for-operator,870000,31.39,70.73,1005.19,32.40,91.89,1059.12,0,0,OFF,1,1,1,
2026-09-28 17:33:56,waiting-for-operator,871000,31.41,70.64,1005.28,32.40,92.67,1059.04,0,0,OFF,1,1,1,
2026-09-28 17:33:57,waiting-for-operator,872000,31.41,71.71,1005.25,32.39,93.00,1059.13,0,0,OFF,1,1,1,
2026-09-28 17:33:58,water-check,,,,,,,,,,,,,,"MARK  operator present, test starting"
2026-09-28 17:33:58,water-check,,,,,,,,,,,,,,"S,mode=OFF,lo=75.0,hi=90.0,max=300,cool=180,man=60,use=A,period=1,in=ok,out=ok,tank=ok,mistA=0,mistB=0"
2026-09-28 17:33:58,water-check,,,,,,,,,,,,,,mode MANUAL
2026-09-28 17:33:58,water-check,873000,31.40,70.74,1005.27,32.40,92.97,1059.13,0,0,MANUAL,1,1,1,
2026-09-28 17:33:59,water-check,874000,31.43,72.45,1005.28,32.39,92.83,1059.02,0,0,MANUAL,1,1,1,
2026-09-28 17:34:00,water-check,875000,31.40,70.79,1005.29,32.41,91.82,1059.09,0,0,MANUAL,1,1,1,
2026-09-28 17:34:01,water-check,876000,31.42,70.93,1005.27,32.40,92.42,1059.07,0,0,MANUAL,1,1,1,
2026-09-28 17:34:02,water-check,877000,31.42,70.83,1005.26,32.40,92.63,1059.01,0,0,MANUAL,1,1,1,
2026-09-28 17:34:03,water-check,878000,31.42,70.57,1005.30,32.40,92.61,1059.01,0,0,MANUAL,1,1,1,
2026-09-28 17:34:04,water-check,,,,,,,,,,,,,,mist A=1 B=0 (manual)
2026-09-28 17:34:04,water-check,879000,31.42,70.38,1005.26,32.40,92.84,1059.04,1,0,MANUAL,1,1,1,
2026-09-28 17:34:05,water-check,880000,31.42,70.40,1005.35,32.40,92.01,1059.04,1,0,MANUAL,1,1,1,
2026-09-28 17:34:06,water-check,881000,31.42,70.54,1005.27,32.40,92.95,1059.10,1,0,MANUAL,1,1,1,
2026-09-28 17:34:07,water-check,882000,31.42,70.26,1005.29,32.40,92.52,1059.07,1,0,MANUAL,1,1,1,
2026-09-28 17:34:08,water-check,883000,31.42,70.58,1005.29,32.39,92.88,1059.10,1,0,MANUAL,1,1,1,
2026-09-28 17:34:09,water-check,884000,31.42,71.04,1005.32,32.39,92.43,1059.13,1,0,MANUAL,1,1,1,
2026-09-28 17:34:10,water-check,885000,31.42,70.34,1005.27,32.39,92.64,1059.10,1,0,MANUAL,1,1,1,
2026-09-28 17:34:11,water-check,886000,31.42,70.29,1005.18,32.40,92.42,1059.10,1,0,MANUAL,1,1,1,
2026-09-28 17:34:12,water-check,887000,31.42,71.31,1005.26,32.39,92.54,1059.13,1,0,MANUAL,1,1,1,
2026-09-28 17:34:13,water-check,888000,31.42,71.58,1005.27,32.39,92.43,1059.13,1,0,MANUAL,1,1,1,
2026-09-28 17:34:14,water-check,889000,31.43,72.36,1005.31,32.39,92.83,1059.02,1,0,MANUAL,1,1,1,
2026-09-28 17:34:15,water-check,890000,31.43,72.20,1005.39,32.39,93.04,1059.05,1,0,MANUAL,1,1,1,
2026-09-28 17:34:16,water-check,891000,31.44,73.40,1005.29,32.39,92.35,1059.05,1,0,MANUAL,1,1,1,
2026-09-28 17:34:17,water-check,892000,31.43,73.33,1005.33,32.40,91.93,1059.09,1,0,MANUAL,1,1,1,
2026-09-28 17:34:18,water-check,893000,31.44,73.59,1005.35,32.40,92.08,1059.01,1,0,MANUAL,1,1,1,
2026-09-28 17:34:19,water-check,894000,31.44,73.24,1005.32,32.40,92.31,1059.12,1,0,MANUAL,1,1,1,
2026-09-28 17:34:20,water-check,895000,31.44,72.89,1005.32,32.40,92.06,1059.04,1,0,MANUAL,1,1,1,
2026-09-28 17:34:21,water-check,896000,31.43,72.81,1005.33,32.41,91.88,1059.09,1,0,MANUAL,1,1,1,
2026-09-28 17:34:22,water-check,897000,31.43,73.11,1005.31,32.40,92.80,1058.99,1,0,MANUAL,1,1,1,
2026-09-28 17:34:23,water-check,898000,31.43,72.84,1005.31,32.40,92.38,1059.04,1,0,MANUAL,1,1,1,
2026-09-28 17:34:24,water-check,899000,31.44,72.99,1005.26,32.40,92.33,1059.07,1,0,MANUAL,1,1,1,
2026-09-28 17:34:25,water-check,900000,31.43,73.62,1005.28,32.41,91.92,1059.12,1,0,MANUAL,1,1,1,
2026-09-28 17:34:26,water-check,901000,31.43,72.71,1005.28,32.39,92.85,1059.10,1,0,MANUAL,1,1,1,
2026-09-28 17:34:27,water-check,902000,31.44,73.94,1005.29,32.40,92.54,1059.09,1,0,MANUAL,1,1,1,
2026-09-28 17:34:28,water-check,903000,31.43,75.72,1005.31,32.39,92.69,1059.16,1,0,MANUAL,1,1,1,
2026-09-28 17:34:29,water-check,904000,31.41,76.20,1005.31,32.40,92.12,1059.12,1,0,MANUAL,1,1,1,
2026-09-28 17:34:30,water-check,905000,31.40,74.52,1005.29,32.40,92.25,1059.12,1,0,MANUAL,1,1,1,
2026-09-28 17:34:31,water-check,906000,31.40,73.84,1005.32,32.39,92.30,1059.13,1,0,MANUAL,1,1,1,
2026-09-28 17:34:32,water-check,907000,31.41,73.82,1005.33,32.40,92.38,1059.10,1,0,MANUAL,1,1,1,
2026-09-28 17:34:33,water-check,908000,31.41,73.84,1005.33,32.40,92.82,1059.10,1,0,MANUAL,1,1,1,
2026-09-28 17:34:34,water-check,909000,31.39,73.70,1005.33,32.40,92.86,1059.01,1,0,MANUAL,1,1,1,
2026-09-28 17:34:35,water-check,910000,31.39,75.15,1005.33,32.39,92.83,1059.05,1,0,MANUAL,1,1,1,
2026-09-28 17:34:36,water-check,911000,31.38,74.50,1005.35,32.39,92.83,1059.07,1,0,MANUAL,1,1,1,
2026-09-28 17:34:37,water-check,912000,31.36,75.96,1005.33,32.39,92.83,1059.02,1,0,MANUAL,1,1,1,
2026-09-28 17:34:38,water-check,913000,31.35,76.35,1005.30,32.39,92.90,1059.02,1,0,MANUAL,1,1,1,
2026-09-28 17:34:39,water-check,914000,31.36,78.79,1005.30,32.40,92.33,1059.16,1,0,MANUAL,1,1,1,
2026-09-28 17:34:40,water-check,915000,31.35,78.39,1005.32,32.39,92.98,1059.07,1,0,MANUAL,1,1,1,
2026-09-28 17:34:41,water-check,916000,31.31,76.70,1005.32,32.39,92.49,1059.02,1,0,MANUAL,1,1,1,
2026-09-28 17:34:42,water-check,917000,31.32,76.85,1005.33,32.38,93.59,1059.14,1,0,MANUAL,1,1,1,
2026-09-28 17:34:43,water-check,918000,31.32,75.82,1005.37,32.38,92.93,1059.14,1,0,MANUAL,1,1,1,
2026-09-28 17:34:44,water-check,919000,31.32,75.68,1005.30,32.39,93.04,1058.99,1,0,MANUAL,1,1,1,
2026-09-28 17:34:45,water-check,920000,31.31,76.53,1005.30,32.38,93.04,1059.14,1,0,MANUAL,1,1,1,
2026-09-28 17:34:46,water-check,921000,31.31,77.07,1005.35,32.39,93.17,1059.14,1,0,MANUAL,1,1,1,
2026-09-28 17:34:47,water-check,922000,31.31,76.51,1005.35,32.39,92.52,1059.02,1,0,MANUAL,1,1,1,
2026-09-28 17:34:48,water-check,923000,31.29,75.08,1005.32,32.38,93.06,1059.14,1,0,MANUAL,1,1,1,
2026-09-28 17:34:49,water-check,924000,31.28,75.54,1005.35,32.39,92.52,1059.19,1,0,MANUAL,1,1,1,
2026-09-28 17:34:50,water-check,925000,31.27,75.41,1005.34,32.38,93.16,1059.14,1,0,MANUAL,1,1,1,
2026-09-28 17:34:51,water-check,926000,31.27,75.86,1005.35,32.39,93.04,1059.11,1,0,MANUAL,1,1,1,
2026-09-28 17:34:52,water-check,,,,,,,,,,,,,,mist A=0 B=0 (manual)
2026-09-28 17:34:52,water-check,927000,31.26,77.33,1005.36,32.39,93.45,1059.14,0,0,MANUAL,1,1,1,
2026-09-28 17:34:53,water-check,928000,31.24,77.67,1005.32,32.38,93.19,1059.14,0,0,MANUAL,1,1,1,
2026-09-28 17:34:54,water-check,929000,31.23,78.77,1005.34,32.39,92.54,1059.16,0,0,MANUAL,1,1,1,
2026-09-28 17:34:55,water-check,930000,31.22,79.27,1005.26,32.40,92.65,1059.13,0,0,MANUAL,1,1,1,
2026-09-28 17:34:56,water-check,931000,31.21,76.66,1005.32,32.39,92.83,1059.14,0,0,MANUAL,1,1,1,
2026-09-28 17:34:57,water-check,932000,31.21,75.40,1005.30,32.39,92.45,1059.07,0,0,MANUAL,1,1,1,
2026-09-28 17:34:58,water-check,933000,31.20,76.06,1005.26,32.39,92.73,1059.13,0,0,MANUAL,1,1,1,
2026-09-28 17:34:59,water-check,934000,31.21,77.14,1005.35,32.38,92.87,1059.17,0,0,MANUAL,1,1,1,
2026-09-28 17:35:00,water-check,935000,31.18,77.74,1005.34,32.38,93.29,1059.20,0,0,MANUAL,1,1,1,
2026-09-28 17:35:01,water-check,936000,31.18,77.68,1005.28,32.38,92.93,1059.06,0,0,MANUAL,1,1,1,
2026-09-28 17:35:02,water-check,937000,31.17,77.59,1005.32,32.38,93.48,1059.14,0,0,MANUAL,1,1,1,
2026-09-28 17:35:03,water-check,938000,31.18,77.38,1005.36,32.39,92.94,1059.11,0,0,MANUAL,1,1,1,
2026-09-28 17:35:04,water-check,939000,31.17,77.71,1005.32,32.39,93.09,1059.05,0,0,MANUAL,1,1,1,
2026-09-28 17:35:05,water-check,940000,31.16,77.22,1005.34,32.39,92.35,1059.05,0,0,MANUAL,1,1,1,
2026-09-28 17:35:06,water-check,941000,31.16,77.96,1005.39,32.39,92.71,1059.16,0,0,MANUAL,1,1,1,
2026-09-28 17:35:07,water-check,942000,31.14,77.49,1005.33,32.38,92.91,1059.14,0,0,MANUAL,1,1,1,
2026-09-28 17:35:08,water-check,943000,31.13,77.22,1005.34,32.38,93.04,1059.06,0,0,MANUAL,1,1,1,
2026-09-28 17:35:09,water-check,944000,31.12,76.43,1005.35,32.39,93.21,1059.02,0,0,MANUAL,1,1,1,
2026-09-28 17:35:10,water-check,945000,31.12,75.81,1005.33,32.39,92.45,1059.13,0,0,MANUAL,1,1,1,
2026-09-28 17:35:11,water-check,946000,31.13,76.30,1005.31,32.38,93.40,1059.14,0,0,MANUAL,1,1,1,
2026-09-28 17:35:12,water-check,947000,31.13,75.99,1005.37,32.39,93.38,1059.05,0,0,MANUAL,1,1,1,
2026-09-28 17:35:13,water-check,948000,31.12,75.62,1005.36,32.38,93.00,1059.17,0,0,MANUAL,1,1,1,
2026-09-28 17:35:14,water-check,949000,31.13,75.27,1005.34,32.39,92.37,1059.10,0,0,MANUAL,1,1,1,
2026-09-28 17:35:15,water-check,950000,31.13,75.49,1005.32,32.38,93.33,1059.14,0,0,MANUAL,1,1,1,
2026-09-28 17:35:16,c1-dry,,,,,,,,,,,,,,mode OFF
2026-09-28 17:35:16,c1-dry,,,,,,,,,,,,,,mode OFF
2026-09-28 17:35:16,c1-dry,,,,,,,,,,,,,,MARK  cycle 1 dry-down: lid off until inside <= 76.0 %
2026-09-28 17:35:16,c1-dry,951000,31.13,76.15,1005.34,32.39,93.11,1059.19,0,0,OFF,1,1,1,
2026-09-28 17:35:17,c1-dry,952000,31.13,74.94,1005.37,32.38,93.42,1059.17,0,0,OFF,1,1,1,
2026-09-28 17:35:18,c1-dry,953000,31.14,74.72,1005.38,32.38,93.27,1059.14,0,0,OFF,1,1,1,
2026-09-28 17:35:19,c1-dry,954000,31.13,73.84,1005.32,32.39,92.49,1059.13,0,0,OFF,1,1,1,
2026-09-28 17:35:20,c1-dry,955000,31.13,73.73,1005.32,32.39,93.32,1059.14,0,0,OFF,1,1,1,
2026-09-28 17:35:21,c1-dry,956000,31.15,74.50,1005.34,32.38,93.38,1059.14,0,0,OFF,1,1,1,
2026-09-28 17:35:22,c1-dry,957000,31.14,73.86,1005.33,32.38,92.91,1059.17,0,0,OFF,1,1,1,
2026-09-28 17:35:23,c1-dry,958000,31.15,73.51,1005.37,32.38,93.19,1059.14,0,0,OFF,1,1,1,
2026-09-28 17:35:24,c1-dry,959000,31.15,73.86,1005.35,32.38,93.06,1059.14,0,0,OFF,1,1,1,
2026-09-28 17:35:25,c1-dry,960000,31.15,73.72,1005.34,32.38,93.12,1059.03,0,0,OFF,1,1,1,
2026-09-28 17:35:26,c1-dry,961000,31.15,73.90,1005.32,32.38,93.29,1059.12,0,0,OFF,1,1,1,
2026-09-28 17:35:27,c1-dry,962000,31.16,73.90,1005.31,32.38,92.53,1059.14,0,0,OFF,1,1,1,
2026-09-28 17:35:28,c1-dry,963000,31.16,73.27,1005.36,32.38,93.10,1059.17,0,0,OFF,1,1,1,
2026-09-28 17:35:29,c1-dry,964000,31.17,73.59,1005.37,32.38,93.33,1059.15,0,0,OFF,1,1,1,
2026-09-28 17:35:30,c1-dry,965000,31.16,73.56,1005.31,32.39,92.96,1059.14,0,0,OFF,1,1,1,
2026-09-28 17:35:31,c1-dry,966000,31.17,73.92,1005.34,32.37,94.12,1059.23,0,0,OFF,1,1,1,
2026-09-28 17:35:32,c1-dry,967000,31.17,72.99,1005.32,32.38,93.46,1059.11,0,0,OFF,1,1,1,
2026-09-28 17:35:33,c1-close,968000,31.18,73.31,1005.36,32.39,92.77,1059.16,0,0,OFF,1,1,1,
2026-09-28 17:35:34,c1-close,969000,31.18,72.96,1005.36,32.38,92.83,1059.17,0,0,OFF,1,1,1,
2026-09-28 17:35:35,c1-close,970000,31.18,73.51,1005.39,32.38,92.70,1059.17,0,0,OFF,1,1,1,
2026-09-28 17:35:36,c1-close,971000,31.20,74.05,1005.39,32.38,93.67,1059.12,0,0,OFF,1,1,1,
2026-09-28 17:35:37,c1-close,972000,31.19,73.71,1005.36,32.38,93.12,1059.14,0,0,OFF,1,1,1,
2026-09-28 17:35:38,c1-close,973000,31.20,73.00,1005.26,32.38,93.35,1059.17,0,0,OFF,1,1,1,
2026-09-28 17:35:39,c1-close,974000,31.20,72.98,1005.34,32.39,93.21,1059.16,0,0,OFF,1,1,1,
2026-09-28 17:35:40,c1-close,975000,31.21,73.36,1005.25,32.38,93.17,1059.06,0,0,OFF,1,1,1,
2026-09-28 17:35:41,c1-close,976000,31.22,73.96,1005.37,32.39,93.00,1059.16,0,0,OFF,1,1,1,
2026-09-28 17:35:42,c1-close,977000,31.22,73.99,1005.32,32.38,92.89,1059.20,0,0,OFF,1,1,1,
2026-09-28 17:35:43,c1-close,978000,31.23,75.10,1005.36,32.38,93.00,1059.14,0,0,OFF,1,1,1,
2026-09-28 17:35:44,c1-close,979000,31.24,75.99,1005.34,32.38,93.14,1059.17,0,0,OFF,1,1,1,
2026-09-28 17:35:45,c1-close,980000,31.24,75.19,1005.32,32.38,92.85,1059.14,0,0,OFF,1,1,1,
2026-09-28 17:35:46,c1-close,981000,31.24,74.16,1005.37,32.38,93.04,1059.11,0,0,OFF,1,1,1,
2026-09-28 17:35:47,c1-close,982000,31.24,73.77,1005.32,32.39,92.98,1059.14,0,0,OFF,1,1,1,
2026-09-28 17:35:48,c1-close,983000,31.25,74.27,1005.37,32.39,92.79,1059.14,0,0,OFF,1,1,1,
2026-09-28 17:35:49,c1-close,984000,31.26,74.92,1005.35,32.39,93.09,1059.16,0,0,OFF,1,1,1,
2026-09-28 17:35:50,c1-close,985000,31.25,74.34,1005.34,32.40,92.18,1059.13,0,0,OFF,1,1,1,
2026-09-28 17:35:51,c1-close,986000,31.26,74.31,1005.35,32.39,92.81,1059.11,0,0,OFF,1,1,1,
2026-09-28 17:35:52,c1-close,987000,31.26,73.70,1005.30,32.39,93.60,1059.08,0,0,OFF,1,1,1,
2026-09-28 17:35:53,c1-close,988000,31.26,72.99,1005.36,32.39,92.77,1059.19,0,0,OFF,1,1,1,
2026-09-28 17:35:54,c1-close,989000,31.27,73.63,1005.37,32.39,92.35,1059.10,0,0,OFF,1,1,1,
2026-09-28 17:35:55,c1-close,990000,31.28,74.12,1005.30,32.39,92.66,1059.16,0,0,OFF,1,1,1,
2026-09-28 17:35:56,c1-close,991000,31.28,73.34,1005.28,32.39,93.24,1059.14,0,0,OFF,1,1,1,
2026-09-28 17:35:57,c1-close,992000,31.29,74.15,1005.34,32.40,92.59,1059.13,0,0,OFF,1,1,1,
2026-09-28 17:35:58,c1-close,993000,31.29,73.94,1005.35,32.39,92.64,1059.07,0,0,OFF,1,1,1,
2026-09-28 17:35:59,c1-close,994000,31.29,74.37,1005.35,32.39,92.39,1059.07,0,0,OFF,1,1,1,
2026-09-28 17:36:00,c1-close,995000,31.29,73.71,1005.34,32.39,92.45,1059.13,0,0,OFF,1,1,1,
2026-09-28 17:36:01,c1-close,996000,31.29,73.95,1005.38,32.39,92.77,1059.14,0,0,OFF,1,1,1,
2026-09-28 17:36:02,c1-close,997000,31.31,73.86,1005.32,32.39,92.85,1059.05,0,0,OFF,1,1,1,
2026-09-28 17:36:03,c1-close,998000,31.30,74.00,1005.34,32.38,93.29,1059.14,0,0,OFF,1,1,1,
2026-09-28 17:36:04,c1-close,999000,31.31,74.11,1005.38,32.38,93.31,1059.17,0,0,OFF,1,1,1,
2026-09-28 17:36:05,c1-close,1000000,31.30,73.62,1005.34,32.39,93.47,1059.14,0,0,OFF,1,1,1,
2026-09-28 17:36:06,c1-close,1001000,31.31,73.26,1005.30,32.39,92.71,1059.14,0,0,OFF,1,1,1,
2026-09-28 17:36:07,c1-close,1002000,31.31,72.67,1005.35,32.38,92.89,1059.14,0,0,OFF,1,1,1,
2026-09-28 17:36:08,c1-close,1003000,31.32,73.12,1005.34,32.38,93.06,1059.11,0,0,OFF,1,1,1,
2026-09-28 17:36:09,c1-close,1004000,31.32,72.84,1005.30,32.39,92.64,1059.19,0,0,OFF,1,1,1,
2026-09-28 17:36:10,c1-close,1005000,31.33,72.46,1005.35,32.39,92.88,1059.14,0,0,OFF,1,1,1,
2026-09-28 17:36:11,c1-close,1006000,31.34,72.68,1005.39,32.38,92.70,1059.11,0,0,OFF,1,1,1,
2026-09-28 17:36:12,c1-close,1007000,31.32,72.03,1005.33,32.38,93.04,1059.14,0,0,OFF,1,1,1,
2026-09-28 17:36:13,c1-close,1008000,31.33,72.95,1005.39,32.38,93.21,1059.20,0,0,OFF,1,1,1,
2026-09-28 17:36:14,c1-close,1009000,31.35,73.19,1005.35,32.39,92.52,1059.16,0,0,OFF,1,1,1,
2026-09-28 17:36:15,c1-close,1010000,31.35,72.92,1005.35,32.39,92.45,1059.19,0,0,OFF,1,1,1,
2026-09-28 17:36:16,c1-close,1011000,31.35,73.20,1005.35,32.38,93.38,1059.14,0,0,OFF,1,1,1,
2026-09-28 17:36:17,c1-close,1012000,31.36,74.17,1005.30,32.38,93.31,1059.17,0,0,OFF,1,1,1,
2026-09-28 17:36:18,c1-close,1013000,31.36,73.90,1005.36,32.39,93.30,1059.19,0,0,OFF,1,1,1,
2026-09-28 17:36:19,c1-close,1014000,31.36,73.28,1005.34,32.39,92.83,1059.19,0,0,OFF,1,1,1,
2026-09-28 17:36:20,c1-close,1015000,31.37,72.89,1005.36,32.39,92.83,1059.16,0,0,OFF,1,1,1,
2026-09-28 17:36:21,c1-close,1016000,31.38,72.60,1005.40,32.39,92.60,1059.19,0,0,OFF,1,1,1,
2026-09-28 17:36:22,c1-close,1017000,31.38,72.39,1005.31,32.39,93.30,1059.19,0,0,OFF,1,1,1,
2026-09-28 17:36:23,c1-close,1018000,31.39,73.14,1005.30,32.40,92.54,1059.18,0,0,OFF,1,1,1,
2026-09-28 17:36:24,c1-close,1019000,31.40,73.88,1005.43,32.39,92.35,1059.10,0,0,OFF,1,1,1,
2026-09-28 17:36:25,c1-close,1020000,31.39,73.31,1005.33,32.39,92.73,1059.10,0,0,OFF,1,1,1,
2026-09-28 17:36:26,c1-close,1021000,31.39,71.72,1005.41,32.40,92.29,1059.12,0,0,OFF,1,1,1,
2026-09-28 17:36:27,c1-close,1022000,31.39,72.13,1005.39,32.39,92.52,1059.16,0,0,OFF,1,1,1,
2026-09-28 17:36:28,c1-close,1023000,31.40,72.67,1005.32,32.39,92.54,1059.13,0,0,OFF,1,1,1,
2026-09-28 17:36:29,c1-close,,,,,,,,,,,,,,sensor IN humidity not measured (raw -1)
2026-09-28 17:36:29,c1-close,1024000,31.40,72.67,1005.32,32.39,92.54,1059.13,0,0,OFF,1,1,1,
2026-09-28 17:36:30,c1-close,1025000,31.40,72.67,1005.32,32.43,89.28,1058.99,0,0,OFF,1,1,1,
2026-09-28 17:36:31,c1-close,,,,,,,,,,,,,,sensor IN rejected reading: forced=1 t=179.40 rh=60.79 p=720.68
2026-09-28 17:36:31,c1-close,,,,,,,,,,,,,,sensor IN LOST (bad readings)
2026-09-28 17:36:31,c1-close,1026000,nan,nan,nan,32.43,89.50,1059.04,0,0,OFF,0,1,1,
2026-09-28 17:36:32,c1-close,1027000,nan,nan,nan,32.45,89.33,1059.00,0,0,OFF,0,1,1,
2026-09-28 17:36:33,c1-close,,,,,,,,,,,,,,sensor OUT humidity not measured (raw -1)
2026-09-28 17:36:33,c1-close,1028000,nan,nan,nan,32.45,89.33,1059.00,0,0,OFF,0,1,1,
2026-09-28 17:36:34,c1-close,1029000,nan,nan,nan,32.45,89.33,1059.00,0,0,OFF,0,1,1,
2026-09-28 17:36:35,c1-close,,,,,,,,,,,,,,sensor OUT rejected reading: forced=1 t=32.50 rh=85.74 p=-2198.50
2026-09-28 17:36:35,c1-close,,,,,,,,,,,,,,sensor OUT LOST (bad readings)
2026-09-28 17:36:35,c1-close,1030000,nan,nan,nan,nan,nan,nan,0,0,OFF,0,0,1,
2026-09-28 17:36:36,c1-close,,,,,,,,,,,,,,sensor OUT reading OK
2026-09-28 17:36:36,c1-close,1031000,nan,nan,nan,32.54,64.21,1004.91,0,0,OFF,0,1,1,
2026-09-28 17:36:37,c1-close,1032000,nan,nan,nan,32.50,64.25,1004.88,0,0,OFF,0,1,1,
2026-09-28 17:36:38,c1-close,,,,,,,,,,,,,,sensor IN rejected reading: forced=1 t=31.43 rh=100.00 p=1119.88
2026-09-28 17:36:38,c1-close,1033000,nan,nan,nan,32.50,64.25,1004.88,0,0,OFF,0,1,1,
2026-09-28 17:36:39,c1-close,1034000,nan,nan,nan,32.51,64.53,1004.87,0,0,OFF,0,1,1,
2026-09-28 17:36:40,c1-close,1035000,nan,nan,nan,32.53,65.46,1004.84,0,0,OFF,0,1,1,
2026-09-28 17:36:40,c1-close,,,,,,,,,,,,,,"sensor 0x76 init: ctrl_hum not applied (read -1), will retry"
2026-09-28 17:36:41,c1-close,1036000,nan,nan,nan,32.53,65.46,1004.89,0,0,OFF,0,1,1,
2026-09-28 17:36:42,c1-close,1037000,nan,nan,nan,32.61,67.11,1004.85,0,0,OFF,0,1,1,
2026-09-28 17:36:43,c1-close,1038000,nan,nan,nan,32.61,67.11,1004.85,0,0,OFF,0,1,1,
2026-09-28 17:36:44,c1-close,1039000,nan,nan,nan,32.77,67.89,1004.83,0,0,OFF,0,1,1,
2026-09-28 17:36:45,c1-close,1040000,nan,nan,nan,32.87,67.85,1004.95,0,0,OFF,0,1,1,
2026-09-28 17:36:46,c1-close,,,,,,,,,,,,,,sensor IN reading OK
2026-09-28 17:36:46,c1-close,1041000,31.47,71.75,1005.40,32.92,66.67,1004.85,0,0,OFF,1,1,1,
2026-09-28 17:36:47,c1-close,1042000,31.45,71.92,1005.35,32.98,66.63,1004.88,0,0,OFF,1,1,1,
2026-09-28 17:36:48,c1-close,1043000,31.46,72.74,1005.30,33.03,66.28,1004.90,0,0,OFF,1,1,1,
2026-09-28 17:36:49,c1-close,1044000,31.46,72.90,1005.35,33.04,65.00,1004.89,0,0,OFF,1,1,1,
2026-09-28 17:36:50,c1-close,1045000,31.46,72.55,1005.35,33.05,64.46,1004.94,0,0,OFF,1,1,1,
2026-09-28 17:36:51,c1-close,1046000,31.47,73.67,1005.35,33.05,64.04,1004.93,0,0,OFF,1,1,1,
2026-09-28 17:36:52,c1-close,1047000,31.46,73.12,1005.33,33.03,64.00,1004.90,0,0,OFF,1,1,1,
2026-09-28 17:36:53,c1-close,1048000,31.47,73.49,1005.38,33.02,63.51,1004.91,0,0,OFF,1,1,1,
2026-09-28 17:36:54,c1-close,1049000,31.48,74.34,1005.37,33.01,63.56,1004.92,0,0,OFF,1,1,1,
2026-09-28 17:36:55,c1-close,1050000,31.48,73.79,1005.30,33.00,63.49,1004.86,0,0,OFF,1,1,1,
2026-09-28 17:36:56,c1-close,1051000,31.48,73.45,1005.37,32.99,63.54,1004.89,0,0,OFF,1,1,1,
2026-09-28 17:36:57,c1-close,1052000,31.48,72.62,1005.34,32.96,63.47,1004.88,0,0,OFF,1,1,1,
2026-09-28 17:36:58,c1-close,1053000,31.49,73.12,1005.37,32.94,63.47,1004.88,0,0,OFF,1,1,1,
2026-09-28 17:36:59,c1-close,1054000,31.48,72.32,1005.37,32.93,63.16,1004.84,0,0,OFF,1,1,1,
2026-09-28 17:37:00,c1-close,1055000,31.49,72.61,1005.32,32.93,63.44,1004.86,0,0,OFF,1,1,1,
2026-09-28 17:37:01,c1-close,1056000,31.49,73.29,1005.41,32.90,63.33,1004.87,0,0,OFF,1,1,1,
2026-09-28 17:37:02,c1-close,1057000,31.50,73.04,1005.36,32.89,63.42,1004.86,0,0,OFF,1,1,1,
2026-09-28 17:37:03,c1-close,1058000,31.48,71.90,1005.37,32.89,63.30,1004.91,0,0,OFF,1,1,1,
2026-09-28 17:37:04,c1-close,1059000,31.50,73.28,1005.33,32.87,63.22,1004.90,0,0,OFF,1,1,1,
2026-09-28 17:37:05,c1-close,1060000,31.50,74.47,1005.31,32.86,63.21,1004.89,0,0,OFF,1,1,1,
2026-09-28 17:37:06,c1-close,1061000,31.49,72.90,1005.27,32.85,63.23,1004.84,0,0,OFF,1,1,1,
2026-09-28 17:37:07,c1-close,1062000,31.51,73.61,1005.32,32.83,63.45,1004.90,0,0,OFF,1,1,1,
2026-09-28 17:37:08,c1-close,1063000,31.51,73.56,1005.35,32.83,63.45,1004.93,0,0,OFF,1,1,1,
2026-09-28 17:37:09,c1-close,1064000,31.52,74.19,1005.39,32.81,63.42,1004.83,0,0,OFF,1,1,1,
2026-09-28 17:37:10,c1-close,1065000,31.51,73.41,1005.29,32.80,63.38,1004.88,0,0,OFF,1,1,1,
2026-09-28 17:37:11,c1-close,1066000,31.52,72.92,1005.34,32.79,63.52,1004.88,0,0,OFF,1,1,1,
2026-09-28 17:37:12,c1-close,1067000,31.51,72.63,1005.35,32.77,63.50,1004.89,0,0,OFF,1,1,1,
2026-09-28 17:37:13,c1-close,1068000,31.52,73.11,1005.34,32.77,63.54,1004.86,0,0,OFF,1,1,1,
2026-09-28 17:37:14,c1-close,1069000,31.53,73.50,1005.35,32.75,63.59,1004.91,0,0,OFF,1,1,1,
2026-09-28 17:37:15,c1-close,1070000,31.53,74.21,1005.33,32.75,63.67,1004.85,0,0,OFF,1,1,1,
2026-09-28 17:37:16,c1-close,1071000,31.51,72.91,1005.36,32.74,63.60,1004.89,0,0,OFF,1,1,1,
2026-09-28 17:37:17,c1-close,1072000,31.53,73.24,1005.38,32.74,63.69,1004.89,0,0,OFF,1,1,1,
2026-09-28 17:37:18,c1-close,1073000,31.52,72.64,1005.35,32.73,63.21,1004.84,0,0,OFF,1,1,1,
2026-09-28 17:37:19,c1-close,1074000,31.52,72.69,1005.35,32.72,63.58,1004.83,0,0,OFF,1,1,1,
2026-09-28 17:37:20,c1-close,1075000,31.53,73.87,1005.35,32.72,63.70,1004.91,0,0,OFF,1,1,1,
2026-09-28 17:37:21,c1-close,1076000,31.53,72.94,1005.33,32.70,63.59,1004.85,0,0,OFF,1,1,1,
2026-09-28 17:37:22,c1-close,1077000,31.53,72.74,1005.38,32.70,63.71,1004.91,0,0,OFF,1,1,1,
2026-09-28 17:37:23,c1-close,1078000,31.53,72.87,1005.33,32.68,63.58,1004.92,0,0,OFF,1,1,1,
2026-09-28 17:37:24,c1-close,1079000,31.52,73.01,1005.32,32.68,63.65,1004.92,0,0,OFF,1,1,1,
2026-09-28 17:37:25,c1-close,1080000,31.54,73.16,1005.37,32.66,63.82,1004.91,0,0,OFF,1,1,1,
2026-09-28 17:37:26,c1-close,1081000,31.55,72.96,1005.33,32.67,63.49,1004.85,0,0,OFF,1,1,1,
2026-09-28 17:37:27,c1-close,1082000,31.54,73.02,1005.38,32.66,63.80,1004.93,0,0,OFF,1,1,1,
2026-09-28 17:37:28,c1-close,1083000,31.54,73.28,1005.35,32.65,63.79,1004.89,0,0,OFF,1,1,1,
2026-09-28 17:37:29,c1-close,1084000,31.55,73.24,1005.36,32.65,63.89,1004.97,0,0,OFF,1,1,1,
2026-09-28 17:37:30,c1-close,1085000,31.55,74.24,1005.39,32.63,63.95,1004.87,0,0,OFF,1,1,1,
2026-09-28 17:37:31,c1-close,1086000,31.54,73.51,1005.32,32.63,63.88,1004.91,0,0,OFF,1,1,1,
2026-09-28 17:37:32,c1-close,1087000,31.55,73.38,1005.37,32.62,63.97,1004.92,0,0,OFF,1,1,1,
2026-09-28 17:37:33,c1-close,1088000,31.55,73.12,1005.36,32.60,63.92,1004.90,0,0,OFF,1,1,1,
2026-09-28 17:37:34,c1-close,1089000,31.54,71.97,1005.34,32.61,63.54,1004.91,0,0,OFF,1,1,1,
2026-09-28 17:37:35,c1-close,1090000,31.55,72.02,1005.42,32.61,63.96,1004.88,0,0,OFF,1,1,1,
2026-09-28 17:37:36,c1-close,1091000,31.55,71.95,1005.33,32.60,63.90,1004.93,0,0,OFF,1,1,1,
2026-09-28 17:37:37,c1-close,1092000,31.56,72.61,1005.35,32.59,63.87,1004.91,0,0,OFF,1,1,1,
2026-09-28 17:37:38,c1-close,1093000,31.55,73.24,1005.34,32.59,64.08,1004.90,0,0,OFF,1,1,1,
2026-09-28 17:37:39,c1-close,1094000,31.56,72.93,1005.32,32.58,63.76,1004.92,0,0,OFF,1,1,1,
2026-09-28 17:37:40,c1-close,1095000,31.55,72.56,1005.34,32.58,63.67,1004.94,0,0,OFF,1,1,1,
2026-09-28 17:37:41,c1-close,1096000,31.57,72.62,1005.42,32.59,64.04,1004.90,0,0,OFF,1,1,1,
2026-09-28 17:37:42,c1-close,1097000,31.56,72.62,1005.32,32.57,64.05,1004.91,0,0,OFF,1,1,1,
2026-09-28 17:37:43,c1-close,1098000,31.57,73.44,1005.33,32.59,64.03,1004.88,0,0,OFF,1,1,1,
2026-09-28 17:37:44,c1-close,1099000,31.56,73.58,1005.35,32.58,64.11,1004.83,0,0,OFF,1,1,1,
2026-09-28 17:37:45,c1-close,1100000,31.57,72.54,1005.39,32.57,64.07,1004.90,0,0,OFF,1,1,1,
2026-09-28 17:37:46,c1-close,1101000,31.58,72.61,1005.41,32.57,64.15,1004.90,0,0,OFF,1,1,1,
2026-09-28 17:37:47,c1-close,1102000,31.57,73.23,1005.40,32.57,63.86,1004.87,0,0,OFF,1,1,1,
2026-09-28 17:37:48,c1-close,1103000,31.57,72.58,1005.34,32.57,63.79,1004.90,0,0,OFF,1,1,1,
2026-09-28 17:37:49,c1-close,1104000,31.57,72.04,1005.31,32.55,63.80,1004.88,0,0,OFF,1,1,1,
2026-09-28 17:37:50,c1-close,1105000,31.58,71.76,1005.35,32.55,63.75,1004.87,0,0,OFF,1,1,1,
2026-09-28 17:37:51,c1-close,1106000,31.58,71.82,1005.32,32.55,63.86,1004.87,0,0,OFF,1,1,1,
2026-09-28 17:37:52,c1-close,1107000,31.58,72.24,1005.39,32.54,63.85,1004.83,0,0,OFF,1,1,1,
2026-09-28 17:37:53,c1-close,1108000,31.59,72.31,1005.37,32.54,63.97,1004.94,0,0,OFF,1,1,1,
2026-09-28 17:37:54,c1-close,1109000,31.58,72.32,1005.36,32.54,63.85,1004.91,0,0,OFF,1,1,1,
2026-09-28 17:37:55,c1-close,1110000,31.58,72.28,1005.39,32.54,63.83,1004.91,0,0,OFF,1,1,1,
2026-09-28 17:37:56,c1-close,1111000,31.58,72.85,1005.36,32.53,63.96,1004.89,0,0,OFF,1,1,1,
2026-09-28 17:37:57,c1-close,1112000,31.59,73.31,1005.35,32.53,63.92,1004.87,0,0,OFF,1,1,1,
2026-09-28 17:37:58,c1-close,1113000,31.59,73.60,1005.34,32.53,64.10,1004.92,0,0,OFF,1,1,1,
2026-09-28 17:37:59,c1-close,1114000,31.60,74.72,1005.33,32.53,64.23,1004.90,0,0,OFF,1,1,1,
2026-09-28 17:38:00,c1-close,1115000,31.60,74.10,1005.36,32.53,64.08,1004.95,0,0,OFF,1,1,1,
2026-09-28 17:38:01,c1-close,1116000,31.61,73.84,1005.31,32.53,63.99,1004.89,0,0,OFF,1,1,1,
2026-09-28 17:38:02,c1-close,1117000,31.59,72.54,1005.37,32.53,63.85,1004.89,0,0,OFF,1,1,1,
2026-09-28 17:38:03,c1-close,1118000,31.60,72.10,1005.30,32.52,64.10,1004.88,0,0,OFF,1,1,1,
2026-09-28 17:38:04,c1-close,1119000,31.61,70.17,1005.31,32.52,63.95,1004.88,0,0,OFF,1,1,1,
2026-09-28 17:38:05,c1-close,1120000,31.61,69.35,1005.37,32.52,64.07,1004.88,0,0,OFF,1,1,1,
2026-09-28 17:38:06,c1-close,1121000,31.61,69.11,1005.31,32.51,64.27,1004.92,0,0,OFF,1,1,1,
2026-09-28 17:38:07,c1-close,1122000,31.60,68.67,1005.33,32.51,63.99,1004.92,0,0,OFF,1,1,1,
2026-09-28 17:38:08,c1-close,1123000,31.61,68.97,1005.29,32.51,64.09,1004.90,0,0,OFF,1,1,1,
2026-09-28 17:38:09,c1-close,1124000,31.62,68.20,1005.33,32.51,64.02,1004.86,0,0,OFF,1,1,1,
2026-09-28 17:38:10,c1-close,1125000,31.62,68.97,1005.37,32.50,64.28,1004.90,0,0,OFF,1,1,1,
2026-09-28 17:38:11,c1-close,1126000,31.62,69.25,1005.30,32.50,64.09,1004.85,0,0,OFF,1,1,1,
2026-09-28 17:38:12,c1-close,1127000,31.61,69.15,1005.40,32.50,64.03,1004.96,0,0,OFF,1,1,1,
2026-09-28 17:38:13,c1-close,1128000,31.62,69.11,1005.31,32.50,64.14,1004.85,0,0,OFF,1,1,1,
2026-09-28 17:38:14,c1-close,1129000,31.63,69.59,1005.43,32.50,63.97,1005.02,0,0,OFF,1,1,1,
2026-09-28 17:38:15,c1-close,1130000,31.63,70.60,1005.40,32.49,64.01,1004.91,0,0,OFF,1,1,1,
2026-09-28 17:38:16,c1-close,1131000,31.62,70.07,1005.36,32.49,63.98,1004.88,0,0,OFF,1,1,1,
2026-09-28 17:38:17,c1-rule,,,,,,,,,,,,,,MARK  cycle 1 lid set to 1 cm (confirmed)
2026-09-28 17:38:17,c1-rule,,,,,,,,,,,,,,"S,mode=OFF,lo=77.0,hi=88.0,max=300,cool=60,man=60,use=A,period=1,in=ok,out=ok,tank=ok,mistA=0,mistB=0"
2026-09-28 17:38:17,c1-rule,,,,,,,,,,,,,,mode RULES
2026-09-28 17:38:17,c1-rule,,,,,,,,,,,,,,"MARK  cycle 1 matched rule start (below 77 %, stop at 88 % or 300 s, rest 60 s)"
2026-09-28 17:38:17,c1-rule,,,,,,,,,,,,,,mist A=1 B=0 (below lo)
2026-09-28 17:38:17,c1-rule,1132000,31.62,70.38,1005.36,32.48,63.92,1004.90,1,0,RULES,1,1,1,
2026-09-28 17:38:18,c1-rule,1133000,31.62,70.50,1005.42,32.49,64.12,1004.88,1,0,RULES,1,1,1,
2026-09-28 17:38:19,c1-rule,1134000,31.62,70.60,1005.33,32.48,64.04,1004.92,1,0,RULES,1,1,1,
2026-09-28 17:38:20,c1-rule,1135000,31.63,70.59,1005.37,32.48,64.16,1004.87,1,0,RULES,1,1,1,
2026-09-28 17:38:21,c1-rule,1136000,31.62,69.93,1005.39,32.48,63.97,1004.93,1,0,RULES,1,1,1,
2026-09-28 17:38:22,c1-rule,1137000,31.63,70.27,1005.37,32.47,63.99,1004.97,1,0,RULES,1,1,1,
2026-09-28 17:38:23,c1-rule,1138000,31.63,70.67,1005.33,32.48,63.97,1004.92,1,0,RULES,1,1,1,
2026-09-28 17:38:24,c1-rule,1139000,31.63,71.05,1005.35,32.48,64.12,1004.90,1,0,RULES,1,1,1,
2026-09-28 17:38:25,c1-rule,1140000,31.63,71.30,1005.32,32.47,64.16,1004.89,1,0,RULES,1,1,1,
2026-09-28 17:38:26,c1-rule,1141000,31.64,71.70,1005.37,32.47,64.03,1004.91,1,0,RULES,1,1,1,
2026-09-28 17:38:27,c1-rule,1142000,31.64,72.07,1005.36,32.46,63.92,1004.84,1,0,RULES,1,1,1,
2026-09-28 17:38:28,c1-rule,1143000,31.64,72.14,1005.39,32.47,64.08,1004.91,1,0,RULES,1,1,1,
2026-09-28 17:38:29,c1-rule,1144000,31.65,72.17,1005.29,32.47,63.97,1004.85,1,0,RULES,1,1,1,
2026-09-28 17:38:30,c1-rule,1145000,31.64,72.21,1005.34,32.45,64.05,1004.88,1,0,RULES,1,1,1,
2026-09-28 17:38:31,c1-rule,1146000,31.65,72.58,1005.27,32.45,64.07,1004.96,1,0,RULES,1,1,1,
2026-09-28 17:38:32,c1-rule,1147000,31.65,72.85,1005.32,32.46,64.11,1004.93,1,0,RULES,1,1,1,
2026-09-28 17:38:33,c1-rule,1148000,31.66,73.37,1005.37,32.45,64.41,1004.88,1,0,RULES,1,1,1,
2026-09-28 17:38:34,c1-rule,1149000,31.66,73.77,1005.37,32.45,64.27,1004.88,1,0,RULES,1,1,1,
2026-09-28 17:38:35,c1-rule,1150000,31.66,73.43,1005.39,32.46,64.30,1004.86,1,0,RULES,1,1,1,
2026-09-28 17:38:36,c1-rule,1151000,31.66,73.00,1005.42,32.45,64.21,1004.91,1,0,RULES,1,1,1,
2026-09-28 17:38:37,c1-rule,1152000,31.66,73.47,1005.37,32.46,64.38,1004.92,1,0,RULES,1,1,1,
2026-09-28 17:38:38,c1-rule,1153000,31.66,72.68,1005.37,32.46,64.36,1004.89,1,0,RULES,1,1,1,
2026-09-28 17:38:39,c1-rule,1154000,31.66,71.90,1005.34,32.46,64.26,1004.89,1,0,RULES,1,1,1,
2026-09-28 17:38:40,c1-rule,1155000,31.65,71.64,1005.36,32.46,64.17,1004.89,1,0,RULES,1,1,1,
2026-09-28 17:38:41,c1-rule,1156000,31.65,72.21,1005.32,32.46,64.22,1004.86,1,0,RULES,1,1,1,
2026-09-28 17:38:42,c1-rule,1157000,31.66,73.16,1005.37,32.45,64.14,1004.94,1,0,RULES,1,1,1,
2026-09-28 17:38:43,c1-rule,1158000,31.66,73.58,1005.37,32.45,64.34,1004.82,1,0,RULES,1,1,1,
2026-09-28 17:38:44,c1-rule,1159000,31.66,73.86,1005.34,32.44,64.38,1004.92,1,0,RULES,1,1,1,
2026-09-28 17:38:45,c1-rule,1160000,31.66,73.17,1005.32,32.45,64.22,1004.91,1,0,RULES,1,1,1,
2026-09-28 17:38:46,c1-rule,1161000,31.66,73.83,1005.34,32.45,64.29,1004.88,1,0,RULES,1,1,1,
2026-09-28 17:38:47,c1-rule,1162000,31.65,74.72,1005.33,32.45,64.24,1004.88,1,0,RULES,1,1,1,
2026-09-28 17:38:48,c1-rule,1163000,31.66,75.10,1005.35,32.45,64.39,1004.97,1,0,RULES,1,1,1,
2026-09-28 17:38:49,c1-rule,1164000,31.66,74.68,1005.42,32.46,64.24,1004.89,1,0,RULES,1,1,1,
2026-09-28 17:38:50,c1-rule,1165000,31.66,75.27,1005.35,32.45,64.06,1004.99,1,0,RULES,1,1,1,
2026-09-28 17:38:51,c1-rule,1166000,31.67,75.65,1005.39,32.45,64.08,1004.88,1,0,RULES,1,1,1,
2026-09-28 17:38:52,c1-rule,1167000,31.66,76.25,1005.32,32.45,64.32,1004.90,1,0,RULES,1,1,1,
2026-09-28 17:38:53,c1-rule,1168000,31.64,73.78,1005.36,32.45,64.22,1004.96,1,0,RULES,1,1,1,
2026-09-28 17:38:54,c1-rule,1169000,31.63,73.75,1005.35,32.45,64.18,1004.96,1,0,RULES,1,1,1,
2026-09-28 17:38:55,c1-rule,1170000,31.63,76.04,1005.37,32.45,64.25,1004.91,1,0,RULES,1,1,1,
2026-09-28 17:38:56,c1-rule,1171000,31.59,74.25,1005.40,32.45,64.32,1004.88,1,0,RULES,1,1,1,
2026-09-28 17:38:57,c1-rule,1172000,31.59,75.39,1005.37,32.44,64.43,1004.95,1,0,RULES,1,1,1,
2026-09-28 17:38:58,c1-rule,1173000,31.56,75.55,1005.32,32.44,64.33,1004.87,1,0,RULES,1,1,1,
2026-09-28 17:38:59,c1-rule,1174000,31.56,74.02,1005.43,32.43,64.35,1004.96,1,0,RULES,1,1,1,
2026-09-28 17:39:00,c1-rule,1175000,31.54,74.53,1005.38,32.43,64.19,1004.84,1,0,RULES,1,1,1,
2026-09-28 17:39:01,c1-rule,1176000,31.53,72.42,1005.39,32.43,64.17,1004.94,1,0,RULES,1,1,1,
2026-09-28 17:39:02,c1-rule,1177000,31.53,71.91,1005.36,32.43,64.07,1004.93,1,0,RULES,1,1,1,
2026-09-28 17:39:03,c1-rule,1178000,31.52,71.59,1005.35,32.43,64.13,1004.93,1,0,RULES,1,1,1,
2026-09-28 17:39:04,c1-rule,1179000,31.52,71.77,1005.29,32.43,64.09,1004.84,1,0,RULES,1,1,1,
2026-09-28 17:39:05,c1-rule,1180000,31.51,71.56,1005.38,32.42,64.18,1004.95,1,0,RULES,1,1,1,
2026-09-28 17:39:06,c1-rule,1181000,31.52,72.91,1005.42,32.42,64.15,1004.92,1,0,RULES,1,1,1,
2026-09-28 17:39:07,c1-rule,1182000,31.49,71.93,1005.35,32.42,64.22,1004.92,1,0,RULES,1,1,1,
2026-09-28 17:39:08,c1-rule,1183000,31.50,72.96,1005.40,32.42,64.10,1004.97,1,0,RULES,1,1,1,
2026-09-28 17:39:09,c1-rule,1184000,31.49,71.84,1005.38,32.42,64.13,1004.94,1,0,RULES,1,1,1,
2026-09-28 17:39:10,c1-rule,1185000,31.49,73.62,1005.38,32.42,64.14,1004.91,1,0,RULES,1,1,1,
2026-09-28 17:39:11,c1-rule,1186000,31.48,74.92,1005.41,32.42,64.20,1004.94,1,0,RULES,1,1,1,
2026-09-28 17:39:12,c1-rule,1187000,31.46,72.99,1005.36,32.42,64.25,1004.94,1,0,RULES,1,1,1,
2026-09-28 17:39:13,c1-rule,1188000,31.46,71.93,1005.35,32.43,64.19,1004.96,1,0,RULES,1,1,1,
2026-09-28 17:39:14,c1-rule,1189000,31.44,75.02,1005.38,32.42,64.12,1004.94,1,0,RULES,1,1,1,
2026-09-28 17:39:15,c1-rule,1190000,31.44,75.22,1005.43,32.42,64.16,1004.88,1,0,RULES,1,1,1,
2026-09-28 17:39:16,c1-rule,1191000,31.41,73.66,1005.37,32.41,64.23,1004.93,1,0,RULES,1,1,1,
2026-09-28 17:39:17,c1-rule,1192000,31.41,73.25,1005.41,32.42,64.25,1004.89,1,0,RULES,1,1,1,
2026-09-28 17:39:18,c1-rule,1193000,31.39,73.37,1005.41,32.42,64.25,1004.91,1,0,RULES,1,1,1,
2026-09-28 17:39:19,c1-rule,1194000,31.39,71.80,1005.38,32.42,64.28,1004.94,1,0,RULES,1,1,1,
2026-09-28 17:39:20,c1-rule,1195000,31.37,72.95,1005.30,32.42,64.18,1004.91,1,0,RULES,1,1,1,
2026-09-28 17:39:21,c1-rule,1196000,31.37,75.02,1005.39,32.40,64.53,1004.92,1,0,RULES,1,1,1,
2026-09-28 17:39:22,c1-rule,1197000,31.36,74.73,1005.30,32.42,64.16,1004.91,1,0,RULES,1,1,1,
2026-09-28 17:39:23,c1-rule,1198000,31.36,73.26,1005.39,32.42,64.22,1004.83,1,0,RULES,1,1,1,
2026-09-28 17:39:24,c1-rule,1199000,31.33,73.72,1005.39,32.42,64.44,1004.97,1,0,RULES,1,1,1,
2026-09-28 17:39:25,c1-rule,1200000,31.33,72.87,1005.36,32.42,64.26,1004.94,1,0,RULES,1,1,1,
2026-09-28 17:39:26,c1-rule,1201000,31.31,71.96,1005.38,32.40,64.18,1004.92,1,0,RULES,1,1,1,
2026-09-28 17:39:27,c1-rule,1202000,31.30,71.90,1005.31,32.40,64.68,1004.92,1,0,RULES,1,1,1,
2026-09-28 17:39:28,c1-rule,1203000,31.29,72.71,1005.38,32.40,64.48,1004.90,1,0,RULES,1,1,1,
2026-09-28 17:39:29,c1-rule,1204000,31.27,72.84,1005.37,32.41,64.29,1004.93,1,0,RULES,1,1,1,
2026-09-28 17:39:30,c1-rule,1205000,31.28,72.88,1005.33,32.40,64.28,1004.92,1,0,RULES,1,1,1,
2026-09-28 17:39:31,c1-rule,1206000,31.28,72.65,1005.39,32.41,64.23,1004.93,1,0,RULES,1,1,1,
2026-09-28 17:39:32,c1-rule,1207000,31.28,72.43,1005.33,32.41,64.38,1004.99,1,0,RULES,1,1,1,
2026-09-28 17:39:33,c1-rule,1208000,31.29,72.24,1005.40,32.40,64.29,1004.90,1,0,RULES,1,1,1,
2026-09-28 17:39:34,c1-rule,1209000,31.28,73.73,1005.33,32.40,64.23,1004.89,1,0,RULES,1,1,1,
2026-09-28 17:39:35,c1-rule,1210000,31.26,74.72,1005.33,32.41,64.29,1004.93,1,0,RULES,1,1,1,
2026-09-28 17:39:36,c1-rule,1211000,31.26,73.00,1005.38,32.40,64.27,1004.90,1,0,RULES,1,1,1,
2026-09-28 17:39:37,c1-rule,1212000,31.25,72.18,1005.34,32.41,64.14,1004.93,1,0,RULES,1,1,1,
2026-09-28 17:39:38,c1-rule,1213000,31.25,72.50,1005.36,32.40,64.22,1004.89,1,0,RULES,1,1,1,
2026-09-28 17:39:39,c1-rule,1214000,31.24,73.19,1005.35,32.40,64.43,1004.92,1,0,RULES,1,1,1,
2026-09-28 17:39:40,c1-rule,1215000,31.23,75.15,1005.39,32.41,64.58,1004.93,1,0,RULES,1,1,1,
2026-09-28 17:39:41,c1-rule,1216000,31.21,74.36,1005.36,32.41,64.49,1004.93,1,0,RULES,1,1,1,
2026-09-28 17:39:42,c1-rule,1217000,31.21,73.78,1005.38,32.40,64.54,1004.92,1,0,RULES,1,1,1,
2026-09-28 17:39:43,c1-rule,1218000,31.20,73.25,1005.37,32.39,64.41,1004.94,1,0,RULES,1,1,1,
2026-09-28 17:39:44,c1-rule,1219000,31.18,72.55,1005.37,32.40,64.55,1004.92,1,0,RULES,1,1,1,
2026-09-28 17:39:45,c1-rule,1220000,31.17,72.58,1005.38,32.40,64.56,1004.92,1,0,RULES,1,1,1,
2026-09-28 17:39:46,c1-rule,1221000,31.16,72.93,1005.28,32.40,64.48,1004.92,1,0,RULES,1,1,1,
2026-09-28 17:39:47,c1-rule,1222000,31.17,73.45,1005.30,32.39,64.64,1004.88,1,0,RULES,1,1,1,
2026-09-28 17:39:48,c1-rule,1223000,31.16,75.55,1005.33,32.39,64.62,1004.91,1,0,RULES,1,1,1,
2026-09-28 17:39:49,c1-rule,1224000,31.14,75.36,1005.36,32.39,64.64,1004.98,1,0,RULES,1,1,1,
2026-09-28 17:39:50,c1-rule,1225000,31.14,74.57,1005.36,32.39,64.63,1004.96,1,0,RULES,1,1,1,
2026-09-28 17:39:51,c1-rule,1226000,31.14,74.48,1005.39,32.39,64.70,1004.96,1,0,RULES,1,1,1,
2026-09-28 17:39:52,c1-rule,1227000,31.12,75.86,1005.33,32.39,64.68,1004.87,1,0,RULES,1,1,1,
2026-09-28 17:39:53,c1-rule,1228000,31.13,77.00,1005.37,32.39,64.58,1004.94,1,0,RULES,1,1,1,
2026-09-28 17:39:54,c1-rule,1229000,31.10,75.56,1005.40,32.38,64.69,1004.92,1,0,RULES,1,1,1,
2026-09-28 17:39:55,c1-rule,1230000,31.09,74.29,1005.33,32.39,64.47,1004.96,1,0,RULES,1,1,1,
2026-09-28 17:39:56,c1-rule,1231000,31.08,73.61,1005.32,32.38,64.60,1005.00,1,0,RULES,1,1,1,
2026-09-28 17:39:57,c1-rule,1232000,31.09,73.38,1005.36,32.39,64.65,1004.93,1,0,RULES,1,1,1,
2026-09-28 17:39:58,c1-rule,1233000,31.07,74.32,1005.36,32.39,64.46,1004.96,1,0,RULES,1,1,1,
2026-09-28 17:39:59,c1-rule,1234000,31.08,73.50,1005.38,32.38,64.54,1004.89,1,0,RULES,1,1,1,
2026-09-28 17:40:00,c1-rule,1235000,31.06,75.08,1005.29,32.39,64.45,1004.96,1,0,RULES,1,1,1,
2026-09-28 17:40:01,c1-rule,1236000,31.05,76.40,1005.33,32.39,64.37,1004.94,1,0,RULES,1,1,1,
2026-09-28 17:40:02,c1-rule,1237000,31.04,75.50,1005.30,32.38,64.29,1004.92,1,0,RULES,1,1,1,
2026-09-28 17:40:03,c1-rule,1238000,31.03,75.22,1005.30,32.38,64.35,1004.95,1,0,RULES,1,1,1,
2026-09-28 17:40:04,c1-rule,1239000,31.03,77.49,1005.35,32.40,64.43,1004.98,1,0,RULES,1,1,1,
2026-09-28 17:40:05,c1-rule,1240000,30.97,76.81,1005.34,32.39,64.50,1004.91,1,0,RULES,1,1,1,
2026-09-28 17:40:06,c1-rule,1241000,30.98,75.28,1005.35,32.39,64.52,1004.99,1,0,RULES,1,1,1,
2026-09-28 17:40:07,c1-rule,1242000,30.97,74.35,1005.34,32.39,64.64,1004.95,1,0,RULES,1,1,1,
2026-09-28 17:40:08,c1-rule,1243000,30.97,74.87,1005.37,32.39,64.82,1004.91,1,0,RULES,1,1,1,
2026-09-28 17:40:09,c1-rule,1244000,30.95,74.65,1005.40,32.39,64.65,1004.95,1,0,RULES,1,1,1,
2026-09-28 17:40:10,c1-rule,1245000,30.95,73.79,1005.34,32.39,64.69,1004.91,1,0,RULES,1,1,1,
2026-09-28 17:40:11,c1-rule,1246000,30.95,73.36,1005.34,32.38,64.67,1004.95,1,0,RULES,1,1,1,
2026-09-28 17:40:12,c1-rule,1247000,30.95,74.57,1005.37,32.39,64.62,1004.95,1,0,RULES,1,1,1,
2026-09-28 17:40:13,c1-rule,1248000,30.93,73.94,1005.31,32.38,64.65,1004.91,1,0,RULES,1,1,1,
2026-09-28 17:40:14,c1-rule,1249000,30.93,73.54,1005.39,32.39,64.37,1004.95,1,0,RULES,1,1,1,
2026-09-28 17:40:15,c1-rule,1250000,30.93,72.85,1005.37,32.38,64.45,1004.95,1,0,RULES,1,1,1,
2026-09-28 17:40:16,c1-rule,1251000,30.93,72.82,1005.37,32.38,64.54,1004.91,1,0,RULES,1,1,1,
2026-09-28 17:40:17,c1-rule,1252000,30.94,73.49,1005.35,32.39,64.75,1004.90,1,0,RULES,1,1,1,
2026-09-28 17:40:18,c1-rule,1253000,30.92,74.26,1005.30,32.39,64.40,1005.01,1,0,RULES,1,1,1,
2026-09-28 17:40:19,c1-rule,1254000,30.91,73.84,1005.34,32.38,64.29,1004.89,1,0,RULES,1,1,1,
2026-09-28 17:40:20,c1-rule,1255000,30.92,73.27,1005.34,32.39,64.31,1004.96,1,0,RULES,1,1,1,
2026-09-28 17:40:21,c1-rule,1256000,30.92,75.56,1005.32,32.38,64.51,1005.00,1,0,RULES,1,1,1,
2026-09-28 17:40:22,c1-rule,1257000,30.91,74.73,1005.33,32.38,64.29,1004.89,1,0,RULES,1,1,1,
2026-09-28 17:40:23,c1-rule,1258000,30.90,74.17,1005.35,32.38,64.37,1004.91,1,0,RULES,1,1,1,
2026-09-28 17:40:24,c1-rule,1259000,30.90,74.75,1005.35,32.38,64.52,1004.97,1,0,RULES,1,1,1,
2026-09-28 17:40:25,c1-rule,1260000,30.90,73.49,1005.37,32.38,64.43,1004.89,1,0,RULES,1,1,1,
2026-09-28 17:40:26,c1-rule,1261000,30.91,73.77,1005.38,32.37,64.40,1004.90,1,0,RULES,1,1,1,
2026-09-28 17:40:27,c1-rule,1262000,30.91,74.07,1005.36,32.38,64.40,1004.91,1,0,RULES,1,1,1,
2026-09-28 17:40:28,c1-rule,1263000,30.89,76.43,1005.36,32.39,64.71,1004.95,1,0,RULES,1,1,1,
2026-09-28 17:40:29,c1-rule,1264000,30.88,77.51,1005.32,32.38,64.51,1004.97,1,0,RULES,1,1,1,
2026-09-28 17:40:30,c1-rule,1265000,30.88,78.66,1005.34,32.38,64.73,1004.89,1,0,RULES,1,1,1,
2026-09-28 17:40:31,c1-rule,1266000,30.86,76.89,1005.40,32.39,64.42,1004.91,1,0,RULES,1,1,1,
2026-09-28 17:40:32,c1-rule,1267000,30.86,75.96,1005.34,32.38,64.45,1004.92,1,0,RULES,1,1,1,
2026-09-28 17:40:33,c1-rule,1268000,30.86,77.21,1005.37,32.39,64.47,1004.90,1,0,RULES,1,1,1,
2026-09-28 17:40:34,c1-rule,1269000,30.82,76.44,1005.30,32.39,64.31,1004.96,1,0,RULES,1,1,1,
2026-09-28 17:40:35,c1-rule,1270000,30.83,77.00,1005.34,32.38,64.39,1004.89,1,0,RULES,1,1,1,
2026-09-28 17:40:36,c1-rule,1271000,30.83,78.75,1005.37,32.38,64.40,1004.92,1,0,RULES,1,1,1,
2026-09-28 17:40:37,c1-rule,1272000,30.81,80.10,1005.36,32.38,64.41,1004.92,1,0,RULES,1,1,1,
2026-09-28 17:40:38,c1-rule,1273000,30.76,77.70,1005.40,32.38,64.40,1004.92,1,0,RULES,1,1,1,
2026-09-28 17:40:39,c1-rule,1274000,30.77,76.89,1005.41,32.38,64.48,1004.97,1,0,RULES,1,1,1,
2026-09-28 17:40:40,c1-rule,1275000,30.77,78.04,1005.38,32.38,64.42,1004.94,1,0,RULES,1,1,1,
2026-09-28 17:40:41,c1-rule,1276000,30.75,76.86,1005.32,32.38,64.38,1004.91,1,0,RULES,1,1,1,
2026-09-28 17:40:42,c1-rule,1277000,30.74,75.86,1005.34,32.38,64.39,1004.89,1,0,RULES,1,1,1,
2026-09-28 17:40:43,c1-rule,1278000,30.75,75.25,1005.30,32.38,64.68,1004.95,1,0,RULES,1,1,1,
2026-09-28 17:40:44,c1-rule,1279000,30.73,76.63,1005.32,32.38,64.48,1004.97,1,0,RULES,1,1,1,
2026-09-28 17:40:45,c1-rule,1280000,30.72,75.78,1005.34,32.38,64.62,1004.91,1,0,RULES,1,1,1,
2026-09-28 17:40:46,c1-rule,1281000,30.73,74.54,1005.35,32.38,64.51,1004.88,1,0,RULES,1,1,1,
2026-09-28 17:40:47,c1-rule,1282000,30.74,74.64,1005.31,32.38,64.56,1004.89,1,0,RULES,1,1,1,
2026-09-28 17:40:48,c1-rule,1283000,30.73,75.07,1005.33,32.38,64.64,1004.97,1,0,RULES,1,1,1,
2026-09-28 17:40:49,c1-rule,1284000,30.74,75.43,1005.33,32.37,64.73,1004.93,1,0,RULES,1,1,1,
2026-09-28 17:40:50,c1-rule,1285000,30.73,75.03,1005.35,32.37,64.64,1004.88,1,0,RULES,1,1,1,
2026-09-28 17:40:51,c1-rule,1286000,30.73,74.65,1005.38,32.38,64.64,1004.92,1,0,RULES,1,1,1,
2026-09-28 17:40:52,c1-rule,1287000,30.73,74.40,1005.35,32.37,64.63,1004.96,1,0,RULES,1,1,1,
2026-09-28 17:40:53,c1-rule,1288000,30.72,74.63,1005.33,32.37,64.58,1004.96,1,0,RULES,1,1,1,
2026-09-28 17:40:54,c1-rule,1289000,30.73,74.15,1005.37,32.38,64.65,1004.99,1,0,RULES,1,1,1,
2026-09-28 17:40:55,c1-rule,1290000,30.74,74.68,1005.31,32.37,64.50,1004.90,1,0,RULES,1,1,1,
2026-09-28 17:40:56,c1-rule,1291000,30.71,74.52,1005.26,32.37,64.42,1004.95,1,0,RULES,1,1,1,
2026-09-28 17:40:57,c1-rule,1292000,30.73,74.25,1005.29,32.37,64.60,1004.92,1,0,RULES,1,1,1,
2026-09-28 17:40:58,c1-rule,1293000,30.73,75.17,1005.35,32.37,64.74,1004.93,1,0,RULES,1,1,1,
2026-09-28 17:40:59,c1-rule,1294000,30.73,75.15,1005.33,32.37,64.73,1004.90,1,0,RULES,1,1,1,
2026-09-28 17:41:00,c1-rule,1295000,30.73,76.32,1005.32,32.38,64.83,1004.97,1,0,RULES,1,1,1,
2026-09-28 17:41:01,c1-rule,1296000,30.71,76.79,1005.35,32.37,64.70,1004.98,1,0,RULES,1,1,1,
2026-09-28 17:41:02,c1-rule,1297000,30.70,74.99,1005.31,32.37,64.74,1004.92,1,0,RULES,1,1,1,
2026-09-28 17:41:03,c1-rule,1298000,30.70,76.03,1005.28,32.37,64.79,1004.93,1,0,RULES,1,1,1,
2026-09-28 17:41:04,c1-rule,1299000,30.68,74.48,1005.29,32.38,64.68,1004.97,1,0,RULES,1,1,1,
2026-09-28 17:41:05,c1-rule,1300000,30.69,74.29,1005.37,32.36,64.44,1004.97,1,0,RULES,1,1,1,
2026-09-28 17:41:06,c1-rule,1301000,30.70,75.58,1005.24,32.37,64.66,1005.01,1,0,RULES,1,1,1,
2026-09-28 17:41:07,c1-rule,1302000,30.68,75.12,1005.30,32.37,64.35,1004.93,1,0,RULES,1,1,1,
2026-09-28 17:41:08,c1-rule,1303000,30.69,74.55,1005.29,32.37,64.49,1004.93,1,0,RULES,1,1,1,
2026-09-28 17:41:09,c1-rule,1304000,30.68,74.53,1005.30,32.37,64.71,1004.93,1,0,RULES,1,1,1,
2026-09-28 17:41:10,c1-rule,1305000,30.68,74.98,1005.29,32.37,64.47,1004.93,1,0,RULES,1,1,1,
2026-09-28 17:41:11,c1-rule,1306000,30.68,74.50,1005.27,32.38,64.62,1004.97,1,0,RULES,1,1,1,
2026-09-28 17:41:12,c1-rule,1307000,30.69,73.79,1005.29,32.38,64.83,1004.94,1,0,RULES,1,1,1,
2026-09-28 17:41:13,c1-rule,1308000,30.70,73.20,1005.31,32.38,64.76,1004.91,1,0,RULES,1,1,1,
2026-09-28 17:41:14,c1-rule,1309000,30.70,73.90,1005.30,32.38,64.79,1004.99,1,0,RULES,1,1,1,
2026-09-28 17:41:15,c1-rule,1310000,30.70,74.41,1005.35,32.38,64.69,1004.94,1,0,RULES,1,1,1,
2026-09-28 17:41:16,c1-rule,1311000,30.69,74.76,1005.26,32.38,64.62,1004.94,1,0,RULES,1,1,1,
2026-09-28 17:41:17,c1-rule,1312000,30.70,75.42,1005.36,32.38,64.65,1004.97,1,0,RULES,1,1,1,
2026-09-28 17:41:18,c1-rule,1313000,30.70,77.88,1005.35,32.38,64.69,1004.95,1,0,RULES,1,1,1,
2026-09-28 17:41:19,c1-rule,1314000,30.69,79.36,1005.31,32.37,64.55,1004.96,1,0,RULES,1,1,1,
2026-09-28 17:41:20,c1-rule,1315000,30.69,80.45,1005.34,32.38,64.48,1004.97,1,0,RULES,1,1,1,
2026-09-28 17:41:21,c1-rule,1316000,30.66,80.94,1005.32,32.38,64.51,1004.97,1,0,RULES,1,1,1,
2026-09-28 17:41:22,c1-rule,1317000,30.62,79.13,1005.35,32.37,64.38,1004.88,1,0,RULES,1,1,1,
2026-09-28 17:41:23,c1-rule,1318000,30.64,79.34,1005.31,32.37,64.46,1004.92,1,0,RULES,1,1,1,
2026-09-28 17:41:24,c1-rule,1319000,30.61,76.84,1005.33,32.37,64.72,1004.93,1,0,RULES,1,1,1,
2026-09-28 17:41:25,c1-rule,1320000,30.61,77.63,1005.38,32.37,64.62,1004.96,1,0,RULES,1,1,1,
2026-09-28 17:41:26,c1-rule,1321000,30.61,76.67,1005.32,32.38,64.73,1004.91,1,0,RULES,1,1,1,
2026-09-28 17:41:27,c1-rule,1322000,30.61,75.37,1005.27,32.37,64.74,1004.93,1,0,RULES,1,1,1,
2026-09-28 17:41:28,c1-rule,1323000,30.61,76.26,1005.32,32.37,64.75,1004.88,1,0,RULES,1,1,1,
2026-09-28 17:41:29,c1-rule,1324000,30.58,76.23,1005.32,32.38,64.58,1004.99,1,0,RULES,1,1,1,
2026-09-28 17:41:30,c1-rule,1325000,30.58,76.24,1005.32,32.37,64.68,1004.93,1,0,RULES,1,1,1,
2026-09-28 17:41:31,c1-rule,1326000,30.58,75.63,1005.31,32.37,64.76,1004.93,1,0,RULES,1,1,1,
2026-09-28 17:41:32,c1-rule,1327000,30.58,75.50,1005.23,32.37,64.81,1004.87,1,0,RULES,1,1,1,
2026-09-28 17:41:33,c1-rule,1328000,30.58,75.11,1005.40,32.36,64.59,1004.91,1,0,RULES,1,1,1,
2026-09-28 17:41:34,c1-rule,1329000,30.59,75.07,1005.35,32.37,64.67,1004.88,1,0,RULES,1,1,1,
2026-09-28 17:41:35,c1-rule,1330000,30.59,76.46,1005.35,32.36,64.79,1004.86,1,0,RULES,1,1,1,
2026-09-28 17:41:36,c1-rule,1331000,30.56,77.91,1005.37,32.37,64.73,1004.96,1,0,RULES,1,1,1,
2026-09-28 17:41:37,c1-rule,1332000,30.57,78.68,1005.36,32.37,64.48,1004.95,1,0,RULES,1,1,1,
2026-09-28 17:41:38,c1-rule,1333000,30.55,78.41,1005.35,32.38,64.47,1004.94,1,0,RULES,1,1,1,
2026-09-28 17:41:39,c1-rule,1334000,30.55,78.54,1005.27,32.37,64.73,1004.90,1,0,RULES,1,1,1,
2026-09-28 17:41:40,c1-rule,1335000,30.54,75.94,1005.33,32.37,64.78,1004.95,1,0,RULES,1,1,1,
2026-09-28 17:41:41,c1-rule,1336000,30.56,74.55,1005.36,32.37,64.57,1004.92,1,0,RULES,1,1,1,
2026-09-28 17:41:42,c1-rule,1337000,30.54,75.17,1005.31,32.37,64.57,1004.98,1,0,RULES,1,1,1,
2026-09-28 17:41:43,c1-rule,1338000,30.54,74.64,1005.39,32.36,64.43,1004.94,1,0,RULES,1,1,1,
2026-09-28 17:41:44,c1-rule,1339000,30.53,74.75,1005.32,32.37,64.42,1004.95,1,0,RULES,1,1,1,
2026-09-28 17:41:45,c1-rule,1340000,30.53,78.16,1005.31,32.37,64.68,1004.98,1,0,RULES,1,1,1,
2026-09-28 17:41:46,c1-rule,1341000,30.52,78.72,1005.33,32.36,64.43,1004.92,1,0,RULES,1,1,1,
2026-09-28 17:41:47,c1-rule,1342000,30.52,79.09,1005.30,32.37,64.56,1004.99,1,0,RULES,1,1,1,
2026-09-28 17:41:48,c1-rule,1343000,30.50,76.15,1005.32,32.38,64.73,1004.94,1,0,RULES,1,1,1,
2026-09-28 17:41:49,c1-rule,1344000,30.50,76.00,1005.33,32.37,64.69,1004.96,1,0,RULES,1,1,1,
2026-09-28 17:41:50,c1-rule,1345000,30.51,76.31,1005.32,32.36,64.39,1004.91,1,0,RULES,1,1,1,
2026-09-28 17:41:51,c1-rule,1346000,30.50,76.10,1005.35,32.36,64.59,1004.94,1,0,RULES,1,1,1,
2026-09-28 17:41:52,c1-rule,1347000,30.51,77.63,1005.28,32.36,64.50,1004.96,1,0,RULES,1,1,1,
2026-09-28 17:41:53,c1-rule,1348000,30.50,79.62,1005.30,32.37,64.47,1004.95,1,0,RULES,1,1,1,
2026-09-28 17:41:54,c1-rule,1349000,30.48,79.85,1005.35,32.36,64.50,1004.97,1,0,RULES,1,1,1,
2026-09-28 17:41:55,c1-rule,1350000,30.47,78.25,1005.34,32.36,64.42,1004.92,1,0,RULES,1,1,1,
2026-09-28 17:41:56,c1-rule,1351000,30.47,78.47,1005.33,32.37,64.64,1004.95,1,0,RULES,1,1,1,
2026-09-28 17:41:57,c1-rule,1352000,30.47,79.03,1005.33,32.36,64.48,1004.93,1,0,RULES,1,1,1,
2026-09-28 17:41:58,c1-rule,1353000,30.45,77.79,1005.35,32.36,64.39,1004.92,1,0,RULES,1,1,1,
2026-09-28 17:41:59,c1-rule,1354000,30.43,77.85,1005.29,32.37,64.45,1004.93,1,0,RULES,1,1,1,
2026-09-28 17:42:00,c1-rule,1355000,30.43,77.00,1005.32,32.37,64.53,1004.95,1,0,RULES,1,1,1,
2026-09-28 17:42:01,c1-rule,1356000,30.44,76.66,1005.34,32.37,64.51,1004.90,1,0,RULES,1,1,1,
2026-09-28 17:42:02,c1-rule,1357000,30.43,76.33,1005.36,32.37,64.51,1004.95,1,0,RULES,1,1,1,
2026-09-28 17:42:03,c1-rule,1358000,30.43,76.24,1005.33,32.37,64.51,1004.92,1,0,RULES,1,1,1,
2026-09-28 17:42:04,c1-rule,1359000,30.43,75.35,1005.27,32.37,64.44,1004.98,1,0,RULES,1,1,1,
2026-09-28 17:42:05,c1-rule,1360000,30.42,78.53,1005.28,32.37,64.42,1004.92,1,0,RULES,1,1,1,
2026-09-28 17:42:06,c1-rule,1361000,30.41,79.42,1005.32,32.36,64.52,1004.94,1,0,RULES,1,1,1,
2026-09-28 17:42:07,c1-rule,1362000,30.42,80.14,1005.33,32.36,64.45,1004.92,1,0,RULES,1,1,1,
2026-09-28 17:42:08,c1-rule,1363000,30.39,78.42,1005.32,32.36,64.56,1004.91,1,0,RULES,1,1,1,
2026-09-28 17:42:09,c1-rule,1364000,30.40,78.17,1005.31,32.36,64.52,1004.93,1,0,RULES,1,1,1,
2026-09-28 17:42:10,c1-rule,1365000,30.40,77.07,1005.34,32.36,64.51,1004.92,1,0,RULES,1,1,1,
2026-09-28 17:42:11,c1-rule,1366000,30.40,76.30,1005.34,32.37,64.51,1004.92,1,0,RULES,1,1,1,
2026-09-28 17:42:12,c1-rule,1367000,30.40,75.61,1005.28,32.37,64.53,1004.92,1,0,RULES,1,1,1,
2026-09-28 17:42:13,c1-rule,1368000,30.42,76.05,1005.36,32.37,64.52,1004.90,1,0,RULES,1,1,1,
2026-09-28 17:42:14,c1-rule,1369000,30.41,78.43,1005.32,32.36,64.45,1004.89,1,0,RULES,1,1,1,
2026-09-28 17:42:15,c1-rule,1370000,30.41,80.00,1005.32,32.37,64.40,1004.98,1,0,RULES,1,1,1,
2026-09-28 17:42:16,c1-rule,1371000,30.40,80.78,1005.30,32.37,64.53,1004.92,1,0,RULES,1,1,1,
2026-09-28 17:42:17,c1-rule,1372000,30.40,81.64,1005.33,32.37,64.44,1004.95,1,0,RULES,1,1,1,
2026-09-28 17:42:18,c1-rule,1373000,30.36,80.94,1005.36,32.36,64.44,1004.97,1,0,RULES,1,1,1,
2026-09-28 17:42:19,c1-rule,1374000,30.38,81.15,1005.35,32.37,64.48,1004.90,1,0,RULES,1,1,1,
2026-09-28 17:42:20,c1-rule,1375000,30.34,79.70,1005.38,32.36,64.54,1004.91,1,0,RULES,1,1,1,
2026-09-28 17:42:21,c1-rule,1376000,30.35,77.88,1005.36,32.36,64.46,1004.92,1,0,RULES,1,1,1,
2026-09-28 17:42:22,c1-rule,1377000,30.36,78.77,1005.35,32.36,64.60,1004.89,1,0,RULES,1,1,1,
2026-09-28 17:42:23,c1-rule,1378000,30.35,77.72,1005.37,32.37,64.58,1004.98,1,0,RULES,1,1,1,
2026-09-28 17:42:24,c1-rule,1379000,30.35,77.95,1005.33,32.36,64.51,1004.94,1,0,RULES,1,1,1,
2026-09-28 17:42:25,c1-rule,1380000,30.33,78.25,1005.34,32.36,64.69,1004.94,1,0,RULES,1,1,1,
2026-09-28 17:42:26,c1-rule,1381000,30.33,79.74,1005.31,32.37,64.48,1004.92,1,0,RULES,1,1,1,
2026-09-28 17:42:27,c1-rule,1382000,30.31,78.01,1005.36,32.37,64.67,1004.96,1,0,RULES,1,1,1,
2026-09-28 17:42:28,c1-rule,1383000,30.31,77.35,1005.38,32.36,64.46,1004.89,1,0,RULES,1,1,1,
2026-09-28 17:42:29,c1-rule,1384000,30.32,77.53,1005.31,32.37,64.53,1004.95,1,0,RULES,1,1,1,
2026-09-28 17:42:30,c1-rule,1385000,30.31,77.78,1005.33,32.37,64.52,1004.99,1,0,RULES,1,1,1,
2026-09-28 17:42:31,c1-rule,1386000,30.32,76.34,1005.26,32.36,64.46,1004.94,1,0,RULES,1,1,1,
2026-09-28 17:42:32,c1-rule,1387000,30.32,77.02,1005.31,32.36,64.49,1004.94,1,0,RULES,1,1,1,
2026-09-28 17:42:33,c1-rule,1388000,30.32,78.24,1005.31,32.35,64.53,1004.90,1,0,RULES,1,1,1,
2026-09-28 17:42:34,c1-rule,1389000,30.30,78.04,1005.31,32.37,64.57,1004.95,1,0,RULES,1,1,1,
2026-09-28 17:42:35,c1-rule,1390000,30.31,77.51,1005.35,32.36,64.62,1004.89,1,0,RULES,1,1,1,
2026-09-28 17:42:36,c1-rule,1391000,30.31,77.40,1005.30,32.35,64.45,1004.90,1,0,RULES,1,1,1,
2026-09-28 17:42:37,c1-rule,1392000,30.32,77.11,1005.32,32.36,64.49,1004.92,1,0,RULES,1,1,1,
2026-09-28 17:42:38,c1-rule,1393000,30.32,76.03,1005.32,32.37,64.74,1004.90,1,0,RULES,1,1,1,
2026-09-28 17:42:39,c1-rule,1394000,30.33,76.41,1005.36,32.37,64.93,1004.92,1,0,RULES,1,1,1,
2026-09-28 17:42:40,c1-rule,1395000,30.34,76.33,1005.34,32.36,64.45,1004.92,1,0,RULES,1,1,1,
2026-09-28 17:42:41,c1-rule,1396000,30.34,75.66,1005.32,32.37,64.50,1004.92,1,0,RULES,1,1,1,
2026-09-28 17:42:42,c1-rule,1397000,30.34,77.54,1005.30,32.36,64.49,1004.92,1,0,RULES,1,1,1,
2026-09-28 17:42:43,c1-rule,1398000,30.36,78.28,1005.33,32.36,64.52,1004.92,1,0,RULES,1,1,1,
2026-09-28 17:42:44,c1-rule,1399000,30.34,77.23,1005.23,32.37,64.72,1004.93,1,0,RULES,1,1,1,
2026-09-28 17:42:45,c1-rule,1400000,30.33,77.24,1005.31,32.36,64.57,1004.86,1,0,RULES,1,1,1,
2026-09-28 17:42:46,c1-rule,1401000,30.35,77.86,1005.30,32.37,64.57,1004.90,1,0,RULES,1,1,1,
2026-09-28 17:42:47,c1-rule,1402000,30.34,77.44,1005.30,32.36,64.58,1004.91,1,0,RULES,1,1,1,
2026-09-28 17:42:48,c1-rule,1403000,30.35,77.64,1005.33,32.36,64.54,1004.89,1,0,RULES,1,1,1,
2026-09-28 17:42:49,c1-rule,1404000,30.35,76.49,1005.26,32.37,64.57,1004.92,1,0,RULES,1,1,1,
2026-09-28 17:42:50,c1-rule,1405000,30.35,76.86,1005.28,32.37,64.50,1004.92,1,0,RULES,1,1,1,
2026-09-28 17:42:51,c1-rule,1406000,30.35,76.51,1005.28,32.37,64.53,1004.92,1,0,RULES,1,1,1,
2026-09-28 17:42:52,c1-rule,1407000,30.34,77.54,1005.32,32.37,64.66,1004.95,1,0,RULES,1,1,1,
2026-09-28 17:42:53,c1-rule,1408000,30.33,76.36,1005.33,32.37,64.70,1004.90,1,0,RULES,1,1,1,
2026-09-28 17:42:54,c1-rule,1409000,30.36,79.03,1005.32,32.36,64.60,1004.86,1,0,RULES,1,1,1,
2026-09-28 17:42:55,c1-rule,1410000,30.36,80.29,1005.35,32.37,64.65,1004.92,1,0,RULES,1,1,1,
2026-09-28 17:42:56,c1-rule,1411000,30.33,78.08,1005.31,32.36,64.79,1004.88,1,0,RULES,1,1,1,
2026-09-28 17:42:57,c1-rule,1412000,30.34,77.78,1005.29,32.36,64.62,1004.91,1,0,RULES,1,1,1,
2026-09-28 17:42:58,c1-rule,1413000,30.34,76.82,1005.34,32.36,64.58,1004.92,1,0,RULES,1,1,1,
2026-09-28 17:42:59,c1-rule,1414000,30.34,76.20,1005.29,32.35,64.59,1004.93,1,0,RULES,1,1,1,
2026-09-28 17:43:00,c1-rule,1415000,30.33,77.37,1005.36,32.36,64.58,1004.93,1,0,RULES,1,1,1,
2026-09-28 17:43:01,c1-rule,1416000,30.33,76.43,1005.30,32.36,64.59,1004.86,1,0,RULES,1,1,1,
2026-09-28 17:43:02,c1-rule,1417000,30.32,75.89,1005.35,32.36,64.50,1004.93,1,0,RULES,1,1,1,
2026-09-28 17:43:03,c1-rule,1418000,30.32,76.34,1005.35,32.36,64.77,1004.92,1,0,RULES,1,1,1,
2026-09-28 17:43:04,c1-rule,1419000,30.32,77.77,1005.35,32.35,64.59,1004.84,1,0,RULES,1,1,1,
2026-09-28 17:43:05,c1-rule,1420000,30.32,78.41,1005.29,32.36,64.61,1004.91,1,0,RULES,1,1,1,
2026-09-28 17:43:06,c1-rule,1421000,30.32,77.26,1005.31,32.36,64.63,1004.91,1,0,RULES,1,1,1,
2026-09-28 17:43:07,c1-rule,1422000,30.31,77.76,1005.25,32.36,64.49,1004.86,1,0,RULES,1,1,1,
2026-09-28 17:43:08,c1-rule,1423000,30.32,77.78,1005.32,32.36,64.59,1004.92,1,0,RULES,1,1,1,
2026-09-28 17:43:09,c1-rule,1424000,30.33,76.38,1005.30,32.36,64.79,1004.97,1,0,RULES,1,1,1,
2026-09-28 17:43:10,c1-rule,1425000,30.32,76.00,1005.29,32.36,64.61,1004.89,1,0,RULES,1,1,1,
2026-09-28 17:43:11,c1-rule,1426000,30.33,75.08,1005.27,32.36,64.57,1004.96,1,0,RULES,1,1,1,
2026-09-28 17:43:12,c1-rule,1427000,30.35,74.73,1005.28,32.36,64.53,1004.94,1,0,RULES,1,1,1,
2026-09-28 17:43:13,c1-rule,1428000,30.35,76.67,1005.36,32.36,64.63,1004.97,1,0,RULES,1,1,1,
2026-09-28 17:43:14,c1-rule,1429000,30.35,77.53,1005.37,32.35,64.91,1004.93,1,0,RULES,1,1,1,
2026-09-28 17:43:15,c1-rule,1430000,30.34,78.36,1005.30,32.35,64.54,1004.90,1,0,RULES,1,1,1,
2026-09-28 17:43:16,c1-rule,1431000,30.34,78.05,1005.30,32.36,64.53,1004.92,1,0,RULES,1,1,1,
2026-09-28 17:43:17,c1-rule,,,,,,,,,,,,,,mist A=0 B=0 (burst cap)
2026-09-28 17:43:17,c1-rule,1432000,30.35,76.89,1005.25,32.36,64.90,1004.94,0,0,RULES,1,1,1,
2026-09-28 17:43:18,c1-rule,1433000,30.35,77.45,1005.28,32.37,64.64,1004.90,0,0,RULES,1,1,1,
2026-09-28 17:43:19,c1-rule,1434000,30.35,77.40,1005.36,32.36,64.74,1004.91,0,0,RULES,1,1,1,
2026-09-28 17:43:20,c1-rule,1435000,30.35,77.06,1005.31,32.37,64.77,1004.87,0,0,RULES,1,1,1,
2026-09-28 17:43:21,c1-rule,1436000,30.36,76.34,1005.38,32.36,64.57,1004.94,0,0,RULES,1,1,1,
2026-09-28 17:43:22,c1-rule,1437000,30.36,76.25,1005.32,32.37,64.60,1004.95,0,0,RULES,1,1,1,
2026-09-28 17:43:23,c1-rule,1438000,30.37,75.97,1005.28,32.36,64.53,1004.91,0,0,RULES,1,1,1,
2026-09-28 17:43:24,c1-rule,1439000,30.36,75.91,1005.30,32.37,64.51,1004.90,0,0,RULES,1,1,1,
2026-09-28 17:43:25,c1-rule,1440000,30.38,75.47,1005.42,32.37,64.53,1004.92,0,0,RULES,1,1,1,
2026-09-28 17:43:26,c1-rule,1441000,30.39,75.51,1005.28,32.38,64.82,1004.91,0,0,RULES,1,1,1,
2026-09-28 17:43:27,c1-rule,1442000,30.39,75.30,1005.29,32.37,64.65,1004.92,0,0,RULES,1,1,1,
2026-09-28 17:43:28,c1-rule,1443000,30.40,75.73,1005.34,32.37,64.90,1004.90,0,0,RULES,1,1,1,
2026-09-28 17:43:29,c1-rule,1444000,30.39,76.59,1005.32,32.36,64.85,1004.89,0,0,RULES,1,1,1,
2026-09-28 17:43:30,c1-rule,1445000,30.40,75.92,1005.34,32.37,64.81,1004.95,0,0,RULES,1,1,1,
2026-09-28 17:43:31,c1-rule,1446000,30.41,75.23,1005.29,32.37,64.74,1004.87,0,0,RULES,1,1,1,
2026-09-28 17:43:32,c1-rule,1447000,30.41,75.09,1005.38,32.37,64.85,1004.87,0,0,RULES,1,1,1,
2026-09-28 17:43:33,c1-rule,1448000,30.42,75.23,1005.28,32.37,64.57,1004.90,0,0,RULES,1,1,1,
2026-09-28 17:43:34,c1-rule,1449000,30.44,74.44,1005.32,32.36,64.75,1004.85,0,0,RULES,1,1,1,
2026-09-28 17:43:35,c1-rule,1450000,30.45,74.21,1005.36,32.37,64.73,1004.93,0,0,RULES,1,1,1,
2026-09-28 17:43:36,c1-rule,1451000,30.45,75.66,1005.30,32.37,64.65,1004.95,0,0,RULES,1,1,1,
2026-09-28 17:43:37,c1-rule,1452000,30.46,75.68,1005.37,32.37,64.68,1004.92,0,0,RULES,1,1,1,
2026-09-28 17:43:38,c1-rule,1453000,30.47,75.61,1005.31,32.36,64.88,1004.83,0,0,RULES,1,1,1,
2026-09-28 17:43:39,c1-rule,1454000,30.48,75.02,1005.35,32.36,64.79,1004.89,0,0,RULES,1,1,1,
2026-09-28 17:43:40,c1-rule,1455000,30.49,75.20,1005.28,32.37,64.82,1004.92,0,0,RULES,1,1,1,
2026-09-28 17:43:41,c1-rule,1456000,30.49,76.71,1005.33,32.37,64.69,1004.90,0,0,RULES,1,1,1,
2026-09-28 17:43:42,c1-rule,1457000,30.49,77.27,1005.26,32.37,64.54,1004.93,0,0,RULES,1,1,1,
2026-09-28 17:43:43,c1-rule,1458000,30.49,76.94,1005.28,32.37,64.64,1004.92,0,0,RULES,1,1,1,
2026-09-28 17:43:44,c1-rule,1459000,30.50,76.50,1005.27,32.37,64.58,1004.93,0,0,RULES,1,1,1,
2026-09-28 17:43:45,c1-rule,1460000,30.51,75.65,1005.28,32.37,64.56,1004.90,0,0,RULES,1,1,1,
2026-09-28 17:43:46,c1-rule,1461000,30.52,75.61,1005.31,32.37,64.62,1004.90,0,0,RULES,1,1,1,
2026-09-28 17:43:47,c1-rule,1462000,30.53,75.37,1005.31,32.37,64.59,1004.95,0,0,RULES,1,1,1,
2026-09-28 17:43:48,c1-rule,1463000,30.54,76.02,1005.31,32.37,64.60,1004.92,0,0,RULES,1,1,1,
2026-09-28 17:43:49,c1-rule,1464000,30.54,75.36,1005.30,32.37,64.93,1004.90,0,0,RULES,1,1,1,
2026-09-28 17:43:50,c1-rule,1465000,30.54,75.16,1005.28,32.37,64.56,1004.93,0,0,RULES,1,1,1,
2026-09-28 17:43:51,c1-rule,1466000,30.55,74.60,1005.26,32.37,64.62,1004.90,0,0,RULES,1,1,1,
2026-09-28 17:43:52,c1-rule,1467000,30.57,73.98,1005.22,32.37,64.62,1004.90,0,0,RULES,1,1,1,
2026-09-28 17:43:53,c1-rule,1468000,30.58,74.33,1005.26,32.37,64.65,1004.88,0,0,RULES,1,1,1,
2026-09-28 17:43:54,c1-rule,1469000,30.58,74.35,1005.28,32.37,64.79,1004.90,0,0,RULES,1,1,1,
2026-09-28 17:43:55,c1-rule,1470000,30.58,74.72,1005.26,32.37,64.88,1004.85,0,0,RULES,1,1,1,
2026-09-28 17:43:56,c1-rule,1471000,30.60,75.21,1005.31,32.37,64.75,1004.95,0,0,RULES,1,1,1,
2026-09-28 17:43:57,c1-rule,1472000,30.61,75.16,1005.32,32.37,64.93,1004.90,0,0,RULES,1,1,1,
2026-09-28 17:43:58,c1-rule,1473000,30.61,73.96,1005.22,32.36,64.99,1004.94,0,0,RULES,1,1,1,
2026-09-28 17:43:59,c1-rule,1474000,30.62,73.21,1005.23,32.37,64.89,1004.87,0,0,RULES,1,1,1,
2026-09-28 17:44:00,c1-rule,1475000,30.64,73.11,1005.29,32.37,64.86,1004.92,0,0,RULES,1,1,1,
2026-09-28 17:44:01,c1-rule,1476000,30.65,73.31,1005.25,32.37,64.67,1004.93,0,0,RULES,1,1,1,
2026-09-28 17:44:02,c1-rule,1477000,30.65,73.31,1005.28,32.37,64.85,1004.87,0,0,RULES,1,1,1,
2026-09-28 17:44:03,c1-rule,1478000,30.67,74.87,1005.31,32.37,64.66,1004.90,0,0,RULES,1,1,1,
2026-09-28 17:44:04,c1-rule,1479000,30.68,75.99,1005.27,32.36,64.74,1004.86,0,0,RULES,1,1,1,
2026-09-28 17:44:05,c1-rule,1480000,30.68,75.05,1005.27,32.36,64.84,1004.86,0,0,RULES,1,1,1,
2026-09-28 17:44:06,c1-rule,1481000,30.69,74.53,1005.32,32.36,64.86,1004.92,0,0,RULES,1,1,1,
2026-09-28 17:44:07,c1-rule,1482000,30.71,75.00,1005.29,32.36,64.86,1004.86,0,0,RULES,1,1,1,
2026-09-28 17:44:08,c1-rule,1483000,30.72,75.52,1005.31,32.36,65.13,1004.89,0,0,RULES,1,1,1,
2026-09-28 17:44:09,c1-rule,1484000,30.72,75.04,1005.28,32.37,64.95,1004.87,0,0,RULES,1,1,1,
2026-09-28 17:44:10,c1-rule,1485000,30.74,73.98,1005.28,32.38,64.80,1004.94,0,0,RULES,1,1,1,
2026-09-28 17:44:11,c1-rule,1486000,30.75,75.00,1005.29,32.37,64.90,1004.90,0,0,RULES,1,1,1,
2026-09-28 17:44:12,c1-rule,1487000,30.76,76.09,1005.29,32.38,64.85,1004.81,0,0,RULES,1,1,1,
2026-09-28 17:44:13,c1-rule,1488000,30.75,74.29,1005.25,32.37,64.61,1004.87,0,0,RULES,1,1,1,
2026-09-28 17:44:14,c1-rule,1489000,30.77,74.39,1005.34,32.37,64.60,1004.96,0,0,RULES,1,1,1,
2026-09-28 17:44:15,c1-rule,1490000,30.78,73.63,1005.29,32.37,64.61,1004.92,0,0,RULES,1,1,1,
2026-09-28 17:44:16,c1-rule,1491000,30.79,73.33,1005.33,32.37,64.55,1004.88,0,0,RULES,1,1,1,
2026-09-28 17:44:17,c1-rule,,,,,,,,,,,,,,mist A=1 B=0 (below lo)
2026-09-28 17:44:17,c1-rule,1492000,30.80,73.68,1005.29,32.38,64.80,1004.89,1,0,RULES,1,1,1,
2026-09-28 17:44:18,c1-rule,1493000,30.80,73.43,1005.35,32.37,64.66,1004.85,1,0,RULES,1,1,1,
2026-09-28 17:44:19,c1-rule,1494000,30.80,74.04,1005.26,32.37,64.86,1004.87,1,0,RULES,1,1,1,
2026-09-28 17:44:20,c1-rule,1495000,30.82,73.93,1005.32,32.36,64.75,1004.86,1,0,RULES,1,1,1,
2026-09-28 17:44:21,c1-rule,1496000,30.81,73.03,1005.29,32.37,64.94,1004.93,1,0,RULES,1,1,1,
2026-09-28 17:44:22,c1-rule,1497000,30.82,72.80,1005.27,32.37,64.64,1004.76,1,0,RULES,1,1,1,
2026-09-28 17:44:23,c1-rule,1498000,30.83,72.81,1005.34,32.36,64.67,1004.86,1,0,RULES,1,1,1,
2026-09-28 17:44:24,c1-rule,1499000,30.85,72.74,1005.32,32.36,64.66,1004.83,1,0,RULES,1,1,1,
2026-09-28 17:44:25,c1-rule,1500000,30.84,73.13,1005.28,32.37,64.60,1004.90,1,0,RULES,1,1,1,
2026-09-28 17:44:26,c1-rule,1501000,30.86,73.43,1005.28,32.36,64.61,1004.86,1,0,RULES,1,1,1,
2026-09-28 17:44:27,c1-rule,1502000,30.87,72.72,1005.32,32.37,64.77,1004.90,1,0,RULES,1,1,1,
2026-09-28 17:44:28,c1-rule,1503000,30.87,72.48,1005.29,32.38,64.76,1004.95,1,0,RULES,1,1,1,
2026-09-28 17:44:29,c1-rule,1504000,30.88,72.16,1005.25,32.36,64.88,1004.89,1,0,RULES,1,1,1,
2026-09-28 17:44:30,c1-rule,1505000,30.89,72.48,1005.29,32.37,64.93,1004.95,1,0,RULES,1,1,1,
2026-09-28 17:44:31,c1-rule,1506000,30.89,73.26,1005.29,32.37,64.93,1004.90,1,0,RULES,1,1,1,
2026-09-28 17:44:32,c1-rule,1507000,30.89,72.92,1005.29,32.36,64.88,1004.86,1,0,RULES,1,1,1,
2026-09-28 17:44:33,c1-rule,1508000,30.88,73.15,1005.23,32.37,64.85,1004.92,1,0,RULES,1,1,1,
2026-09-28 17:44:34,c1-rule,1509000,30.89,73.23,1005.27,32.37,64.89,1004.93,1,0,RULES,1,1,1,
2026-09-28 17:44:35,c1-rule,1510000,30.87,74.32,1005.26,32.36,64.91,1004.92,1,0,RULES,1,1,1,
2026-09-28 17:44:36,c1-rule,1511000,30.87,74.75,1005.29,32.37,64.92,1004.87,1,0,RULES,1,1,1,
2026-09-28 17:44:37,c1-rule,1512000,30.89,74.69,1005.32,32.36,64.76,1004.92,1,0,RULES,1,1,1,
2026-09-28 17:44:38,c1-rule,1513000,30.88,73.68,1005.32,32.36,64.65,1004.94,1,0,RULES,1,1,1,
2026-09-28 17:44:39,c1-rule,1514000,30.89,73.05,1005.27,32.35,64.83,1004.87,1,0,RULES,1,1,1,
2026-09-28 17:44:40,c1-rule,1515000,30.89,73.58,1005.27,32.36,64.91,1004.88,1,0,RULES,1,1,1,
2026-09-28 17:44:41,c1-rule,1516000,30.89,73.47,1005.27,32.36,64.70,1004.92,1,0,RULES,1,1,1,
2026-09-28 17:44:42,c1-rule,1517000,30.89,74.20,1005.29,32.36,64.83,1004.93,1,0,RULES,1,1,1,
2026-09-28 17:44:43,c1-rule,1518000,30.88,73.85,1005.28,32.35,64.77,1004.90,1,0,RULES,1,1,1,
2026-09-28 17:44:44,c1-rule,1519000,30.88,74.33,1005.29,32.35,64.74,1004.93,1,0,RULES,1,1,1,
2026-09-28 17:44:45,c1-rule,1520000,30.87,74.53,1005.29,32.35,65.03,1004.95,1,0,RULES,1,1,1,
2026-09-28 17:44:46,c1-rule,1521000,30.87,74.41,1005.30,32.35,65.07,1004.90,1,0,RULES,1,1,1,
2026-09-28 17:44:47,c1-rule,1522000,30.87,73.85,1005.30,32.35,64.93,1004.82,1,0,RULES,1,1,1,
2026-09-28 17:44:48,c1-rule,1523000,30.88,73.88,1005.32,32.36,65.00,1004.92,1,0,RULES,1,1,1,
2026-09-28 17:44:49,c1-rule,1524000,30.86,75.03,1005.28,32.35,64.69,1004.93,1,0,RULES,1,1,1,
2026-09-28 17:44:50,c1-rule,1525000,30.87,74.49,1005.24,32.35,64.83,1004.84,1,0,RULES,1,1,1,
2026-09-28 17:44:51,c1-rule,1526000,30.88,73.53,1005.22,32.35,64.93,1004.84,1,0,RULES,1,1,1,
2026-09-28 17:44:52,c1-rule,1527000,30.87,76.76,1005.30,32.36,64.99,1004.91,1,0,RULES,1,1,1,
2026-09-28 17:44:53,c1-rule,1528000,30.87,77.40,1005.29,32.35,64.90,1004.90,1,0,RULES,1,1,1,
2026-09-28 17:44:54,c1-rule,1529000,30.85,78.44,1005.30,32.35,65.03,1004.92,1,0,RULES,1,1,1,
2026-09-28 17:44:55,c1-rule,1530000,30.85,78.59,1005.34,32.35,65.08,1004.87,1,0,RULES,1,1,1,
2026-09-28 17:44:56,c1-rule,1531000,30.83,77.44,1005.28,32.36,64.86,1004.91,1,0,RULES,1,1,1,
2026-09-28 17:44:57,c1-rule,1532000,30.81,77.82,1005.28,32.36,64.90,1004.88,1,0,RULES,1,1,1,
2026-09-28 17:44:58,c1-rule,1533000,30.80,76.64,1005.26,32.35,64.88,1004.89,1,0,RULES,1,1,1,
2026-09-28 17:44:59,c1-rule,1534000,30.77,75.53,1005.24,32.36,64.91,1004.91,1,0,RULES,1,1,1,
2026-09-28 17:45:00,c1-rule,1535000,30.77,77.54,1005.30,32.36,64.97,1004.96,1,0,RULES,1,1,1,
2026-09-28 17:45:01,c1-rule,1536000,30.74,78.40,1005.31,32.35,64.97,1004.92,1,0,RULES,1,1,1,
2026-09-28 17:45:02,c1-rule,1537000,30.72,76.66,1005.28,32.35,65.08,1004.90,1,0,RULES,1,1,1,
2026-09-28 17:45:03,c1-rule,1538000,30.73,75.33,1005.32,32.34,64.92,1004.86,1,0,RULES,1,1,1,
2026-09-28 17:45:04,c1-rule,1539000,30.73,76.03,1005.29,32.35,65.03,1004.95,1,0,RULES,1,1,1,
2026-09-28 17:45:05,c1-rule,1540000,30.74,75.85,1005.31,32.35,64.99,1004.95,1,0,RULES,1,1,1,
2026-09-28 17:45:06,c1-rule,1541000,30.72,75.26,1005.34,32.35,64.67,1004.90,1,0,RULES,1,1,1,
2026-09-28 17:45:07,c1-rule,1542000,30.72,75.62,1005.22,32.36,64.97,1004.88,1,0,RULES,1,1,1,
2026-09-28 17:45:08,c1-rule,1543000,30.70,75.98,1005.31,32.35,64.88,1004.87,1,0,RULES,1,1,1,
2026-09-28 17:45:09,c1-rule,1544000,30.70,75.13,1005.24,32.36,64.84,1004.88,1,0,RULES,1,1,1,
2026-09-28 17:45:10,c1-rule,1545000,30.71,77.94,1005.29,32.35,64.77,1004.89,1,0,RULES,1,1,1,
2026-09-28 17:45:11,c1-rule,1546000,30.70,75.55,1005.30,32.35,64.68,1004.87,1,0,RULES,1,1,1,
2026-09-28 17:45:12,c1-rule,1547000,30.71,75.27,1005.26,32.34,64.73,1004.88,1,0,RULES,1,1,1,
2026-09-28 17:45:13,c1-rule,1548000,30.70,75.71,1005.31,32.34,64.60,1004.88,1,0,RULES,1,1,1,
2026-09-28 17:45:14,c1-rule,1549000,30.71,75.46,1005.31,32.35,64.63,1004.89,1,0,RULES,1,1,1,
2026-09-28 17:45:15,c1-rule,1550000,30.70,77.36,1005.27,32.35,64.78,1004.93,1,0,RULES,1,1,1,
2026-09-28 17:45:16,c1-rule,1551000,30.70,78.72,1005.28,32.35,64.69,1004.87,1,0,RULES,1,1,1,
2026-09-28 17:45:17,c1-rule,1552000,30.68,77.43,1005.24,32.35,64.70,1004.89,1,0,RULES,1,1,1,
2026-09-28 17:45:18,c1-rule,1553000,30.66,76.40,1005.27,32.35,64.67,1004.84,1,0,RULES,1,1,1,
2026-09-28 17:45:19,c1-rule,1554000,30.66,76.14,1005.23,32.34,64.85,1004.88,1,0,RULES,1,1,1,
2026-09-28 17:45:20,c1-rule,1555000,30.67,76.40,1005.33,32.35,64.71,1004.93,1,0,RULES,1,1,1,
2026-09-28 17:45:21,c1-rule,1556000,30.65,75.64,1005.25,32.34,64.72,1004.91,1,0,RULES,1,1,1,
2026-09-28 17:45:22,c1-rule,1557000,30.66,76.66,1005.21,32.34,64.66,1004.91,1,0,RULES,1,1,1,
2026-09-28 17:45:23,c1-rule,1558000,30.65,78.51,1005.30,32.35,64.57,1004.84,1,0,RULES,1,1,1,
2026-09-28 17:45:24,c1-rule,1559000,30.61,78.68,1005.30,32.36,64.74,1004.88,1,0,RULES,1,1,1,
2026-09-28 17:45:25,c1-rule,1560000,30.62,77.98,1005.28,32.36,64.80,1004.92,1,0,RULES,1,1,1,
2026-09-28 17:45:26,c1-rule,1561000,30.61,76.97,1005.22,32.36,64.68,1004.91,1,0,RULES,1,1,1,
2026-09-28 17:45:27,c1-rule,1562000,30.61,76.14,1005.32,32.36,64.90,1004.88,1,0,RULES,1,1,1,
2026-09-28 17:45:28,c1-rule,1563000,30.62,75.88,1005.28,32.36,64.82,1004.88,1,0,RULES,1,1,1,
2026-09-28 17:45:29,c1-rule,1564000,30.61,75.82,1005.27,32.36,64.91,1004.91,1,0,RULES,1,1,1,
2026-09-28 17:45:30,c1-rule,1565000,30.61,77.59,1005.29,32.36,64.84,1004.85,1,0,RULES,1,1,1,
2026-09-28 17:45:31,c1-rule,1566000,30.60,76.57,1005.25,32.36,64.88,1004.85,1,0,RULES,1,1,1,
2026-09-28 17:45:32,c1-rule,1567000,30.58,77.48,1005.23,32.36,64.66,1004.91,1,0,RULES,1,1,1,
2026-09-28 17:45:33,c1-rule,1568000,30.58,78.58,1005.25,32.36,64.65,1004.85,1,0,RULES,1,1,1,
2026-09-28 17:45:34,c1-rule,1569000,30.56,76.88,1005.26,32.36,64.77,1004.91,1,0,RULES,1,1,1,
2026-09-28 17:45:35,c1-rule,1570000,30.58,78.22,1005.23,32.36,64.96,1004.86,1,0,RULES,1,1,1,
2026-09-28 17:45:36,c1-rule,1571000,30.55,76.68,1005.24,32.36,64.86,1004.94,1,0,RULES,1,1,1,
2026-09-28 17:45:37,c1-rule,1572000,30.56,75.72,1005.26,32.36,64.96,1004.85,1,0,RULES,1,1,1,
2026-09-28 17:45:38,c1-rule,1573000,30.57,77.05,1005.21,32.36,64.77,1004.92,1,0,RULES,1,1,1,
2026-09-28 17:45:39,c1-rule,1574000,30.56,78.50,1005.37,32.36,64.96,1004.86,1,0,RULES,1,1,1,
2026-09-28 17:45:40,c1-rule,1575000,30.54,76.46,1005.33,32.37,65.02,1004.92,1,0,RULES,1,1,1,
2026-09-28 17:45:41,c1-rule,1576000,30.54,75.81,1005.22,32.36,64.92,1004.88,1,0,RULES,1,1,1,
2026-09-28 17:45:42,c1-rule,1577000,30.54,77.26,1005.37,32.36,64.90,1004.82,1,0,RULES,1,1,1,
2026-09-28 17:45:43,c1-rule,1578000,30.53,76.72,1005.24,32.37,64.84,1004.87,1,0,RULES,1,1,1,
2026-09-28 17:45:44,c1-rule,1579000,30.53,76.30,1005.35,32.36,64.97,1004.86,1,0,RULES,1,1,1,
2026-09-28 17:45:45,c1-rule,1580000,30.54,77.31,1005.34,32.36,64.91,1004.88,1,0,RULES,1,1,1,
2026-09-28 17:45:46,c1-rule,1581000,30.54,77.99,1005.30,32.36,64.79,1004.92,1,0,RULES,1,1,1,
2026-09-28 17:45:47,c1-rule,1582000,30.52,79.30,1005.31,32.36,64.87,1004.83,1,0,RULES,1,1,1,
2026-09-28 17:45:48,c1-rule,1583000,30.51,77.87,1005.22,32.35,65.04,1004.87,1,0,RULES,1,1,1,
2026-09-28 17:45:49,c1-rule,1584000,30.51,77.77,1005.37,32.36,64.69,1004.85,1,0,RULES,1,1,1,
2026-09-28 17:45:50,c1-rule,1585000,30.51,78.15,1005.32,32.36,64.71,1004.89,1,0,RULES,1,1,1,
2026-09-28 17:45:51,c1-rule,1586000,30.50,77.87,1005.24,32.37,64.95,1004.87,1,0,RULES,1,1,1,
2026-09-28 17:45:52,c1-rule,1587000,30.50,76.47,1005.35,32.36,64.63,1004.91,1,0,RULES,1,1,1,
2026-09-28 17:45:53,c1-rule,1588000,30.50,75.90,1005.19,32.36,64.65,1004.92,1,0,RULES,1,1,1,
2026-09-28 17:45:54,c1-rule,1589000,30.51,74.99,1005.25,32.36,64.92,1004.89,1,0,RULES,1,1,1,
2026-09-28 17:45:55,c1-rule,1590000,30.52,76.92,1005.24,32.37,64.78,1004.92,1,0,RULES,1,1,1,
2026-09-28 17:45:56,c1-rule,1591000,30.51,76.47,1005.28,32.36,64.87,1004.91,1,0,RULES,1,1,1,
2026-09-28 17:45:57,c1-rule,1592000,30.50,76.89,1005.27,32.36,64.67,1004.89,1,0,RULES,1,1,1,
2026-09-28 17:45:58,c1-rule,1593000,30.51,77.46,1005.26,32.36,64.92,1004.92,1,0,RULES,1,1,1,
2026-09-28 17:45:59,c1-rule,1594000,30.52,78.38,1005.28,32.36,64.62,1004.80,1,0,RULES,1,1,1,
2026-09-28 17:46:00,c1-rule,1595000,30.51,77.38,1005.31,32.36,64.56,1004.89,1,0,RULES,1,1,1,
2026-09-28 17:46:01,c1-rule,1596000,30.51,76.99,1005.29,32.36,65.03,1004.92,1,0,RULES,1,1,1,
2026-09-28 17:46:02,c1-rule,1597000,30.50,77.54,1005.24,32.37,64.72,1004.96,1,0,RULES,1,1,1,
2026-09-28 17:46:03,c1-rule,1598000,30.49,76.97,1005.23,32.36,64.77,1004.86,1,0,RULES,1,1,1,
2026-09-28 17:46:04,c1-rule,1599000,30.50,77.75,1005.33,32.37,64.69,1004.92,1,0,RULES,1,1,1,
2026-09-28 17:46:05,c1-rule,1600000,30.52,78.46,1005.30,32.37,64.57,1004.88,1,0,RULES,1,1,1,
2026-09-28 17:46:06,c1-rule,1601000,30.51,77.89,1005.23,32.37,64.74,1004.93,1,0,RULES,1,1,1,
2026-09-28 17:46:07,c1-rule,1602000,30.52,76.81,1005.35,32.37,65.02,1004.88,1,0,RULES,1,1,1,
2026-09-28 17:46:08,c1-rule,1603000,30.53,77.21,1005.29,32.37,64.79,1004.90,1,0,RULES,1,1,1,
2026-09-28 17:46:09,c1-rule,1604000,30.52,76.78,1005.31,32.37,64.97,1004.93,1,0,RULES,1,1,1,
2026-09-28 17:46:10,c1-rule,1605000,30.52,76.29,1005.30,32.37,64.93,1004.84,1,0,RULES,1,1,1,
2026-09-28 17:46:11,c1-rule,1606000,30.51,77.47,1005.31,32.37,65.06,1004.88,1,0,RULES,1,1,1,
2026-09-28 17:46:12,c1-rule,1607000,30.51,77.91,1005.31,32.37,64.91,1004.96,1,0,RULES,1,1,1,
2026-09-28 17:46:13,c1-rule,1608000,30.52,79.09,1005.30,32.38,64.74,1004.88,1,0,RULES,1,1,1,
2026-09-28 17:46:14,c1-rule,1609000,30.52,79.96,1005.33,32.37,65.02,1004.84,1,0,RULES,1,1,1,
2026-09-28 17:46:15,c1-rule,1610000,30.52,80.05,1005.31,32.37,64.67,1004.93,1,0,RULES,1,1,1,
2026-09-28 17:46:16,c1-rule,1611000,30.50,78.38,1005.33,32.37,64.86,1004.88,1,0,RULES,1,1,1,
2026-09-28 17:46:17,c1-rule,1612000,30.50,77.94,1005.33,32.38,64.65,1004.91,1,0,RULES,1,1,1,
2026-09-28 17:46:18,c1-rule,1613000,30.50,77.52,1005.32,32.37,64.64,1004.88,1,0,RULES,1,1,1,
2026-09-28 17:46:19,c1-rule,1614000,30.49,78.14,1005.31,32.38,64.77,1004.89,1,0,RULES,1,1,1,
2026-09-28 17:46:20,c1-rule,1615000,30.49,79.69,1005.31,32.37,64.75,1004.85,1,0,RULES,1,1,1,
2026-09-28 17:46:21,c1-rule,1616000,30.47,77.24,1005.31,32.37,64.90,1004.88,1,0,RULES,1,1,1,
2026-09-28 17:46:22,c1-rule,1617000,30.48,76.98,1005.29,32.37,64.98,1004.84,1,0,RULES,1,1,1,
2026-09-28 17:46:23,c1-rule,1618000,30.46,77.22,1005.31,32.38,64.89,1004.88,1,0,RULES,1,1,1,
2026-09-28 17:46:24,c1-rule,1619000,30.46,76.86,1005.32,32.38,64.91,1004.94,1,0,RULES,1,1,1,
2026-09-28 17:46:25,c1-rule,1620000,30.47,78.11,1005.37,32.38,65.05,1004.88,1,0,RULES,1,1,1,
2026-09-28 17:46:26,c1-rule,1621000,30.47,79.34,1005.27,32.37,65.02,1004.88,1,0,RULES,1,1,1,
2026-09-28 17:46:27,c1-rule,1622000,30.45,80.19,1005.36,32.36,64.75,1004.86,1,0,RULES,1,1,1,
2026-09-28 17:46:28,c1-rule,1623000,30.45,80.69,1005.28,32.38,64.80,1004.88,1,0,RULES,1,1,1,
2026-09-28 17:46:29,c1-rule,1624000,30.42,79.13,1005.25,32.37,64.89,1004.90,1,0,RULES,1,1,1,
2026-09-28 17:46:30,c1-rule,1625000,30.42,78.49,1005.34,32.37,64.67,1004.90,1,0,RULES,1,1,1,
2026-09-28 17:46:31,c1-rule,1626000,30.42,79.30,1005.30,32.37,64.75,1004.87,1,0,RULES,1,1,1,
2026-09-28 17:46:32,c1-rule,1627000,30.41,78.10,1005.29,32.37,64.91,1004.88,1,0,RULES,1,1,1,
2026-09-28 17:46:33,c1-rule,1628000,30.41,78.07,1005.29,32.37,64.90,1004.90,1,0,RULES,1,1,1,
2026-09-28 17:46:34,c1-rule,1629000,30.41,77.59,1005.30,32.38,64.74,1004.88,1,0,RULES,1,1,1,
2026-09-28 17:46:35,c1-rule,1630000,30.43,78.85,1005.26,32.37,65.00,1004.84,1,0,RULES,1,1,1,
2026-09-28 17:46:36,c1-rule,1631000,30.42,78.64,1005.31,32.38,64.94,1004.88,1,0,RULES,1,1,1,
2026-09-28 17:46:37,c1-rule,1632000,30.44,79.30,1005.32,32.37,65.02,1004.87,1,0,RULES,1,1,1,
2026-09-28 17:46:38,c1-rule,1633000,30.44,79.40,1005.32,32.37,64.97,1004.88,1,0,RULES,1,1,1,
2026-09-28 17:46:39,c1-rule,1634000,30.43,77.89,1005.30,32.37,64.96,1004.87,1,0,RULES,1,1,1,
2026-09-28 17:46:40,c1-rule,1635000,30.43,77.17,1005.30,32.37,64.97,1004.93,1,0,RULES,1,1,1,
2026-09-28 17:46:41,c1-rule,1636000,30.43,77.25,1005.33,32.37,64.66,1004.88,1,0,RULES,1,1,1,
2026-09-28 17:46:42,c1-rule,1637000,30.43,77.09,1005.29,32.38,64.71,1004.91,1,0,RULES,1,1,1,
2026-09-28 17:46:43,c1-rule,1638000,30.43,76.24,1005.27,32.38,64.74,1004.88,1,0,RULES,1,1,1,
2026-09-28 17:46:44,c1-rule,1639000,30.42,76.42,1005.28,32.38,64.74,1004.91,1,0,RULES,1,1,1,
2026-09-28 17:46:45,c1-rule,1640000,30.43,76.29,1005.38,32.37,64.89,1004.82,1,0,RULES,1,1,1,
2026-09-28 17:46:46,c1-rule,1641000,30.44,75.45,1005.25,32.38,64.56,1004.95,1,0,RULES,1,1,1,
2026-09-28 17:46:47,c1-rule,1642000,30.43,75.59,1005.27,32.38,64.58,1004.89,1,0,RULES,1,1,1,
2026-09-28 17:46:48,c1-rule,1643000,30.44,75.71,1005.31,32.37,64.99,1004.90,1,0,RULES,1,1,1,
2026-09-28 17:46:49,c1-rule,1644000,30.43,76.11,1005.27,32.38,64.55,1004.89,1,0,RULES,1,1,1,
2026-09-28 17:46:50,c1-rule,1645000,30.43,76.16,1005.32,32.38,64.71,1004.89,1,0,RULES,1,1,1,
2026-09-28 17:46:51,c1-rule,1646000,30.44,76.97,1005.31,32.37,64.64,1004.92,1,0,RULES,1,1,1,
2026-09-28 17:46:52,c1-rule,1647000,30.44,77.88,1005.34,32.37,64.81,1004.85,1,0,RULES,1,1,1,
2026-09-28 17:46:53,c1-rule,1648000,30.43,79.28,1005.29,32.37,64.67,1004.87,1,0,RULES,1,1,1,
2026-09-28 17:46:54,c1-rule,1649000,30.43,80.77,1005.30,32.37,64.59,1004.93,1,0,RULES,1,1,1,
2026-09-28 17:46:55,c1-rule,1650000,30.39,79.88,1005.35,32.37,64.69,1004.90,1,0,RULES,1,1,1,
2026-09-28 17:46:56,c1-rule,1651000,30.39,79.04,1005.32,32.37,64.91,1004.88,1,0,RULES,1,1,1,
2026-09-28 17:46:57,c1-rule,1652000,30.40,77.86,1005.36,32.37,64.86,1004.90,1,0,RULES,1,1,1,
2026-09-28 17:46:58,c1-rule,1653000,30.39,77.42,1005.29,32.37,64.73,1004.90,1,0,RULES,1,1,1,
2026-09-28 17:46:59,c1-rule,1654000,30.40,76.69,1005.33,32.37,64.80,1004.90,1,0,RULES,1,1,1,
2026-09-28 17:47:00,c1-rule,1655000,30.41,77.11,1005.32,32.37,64.68,1004.90,1,0,RULES,1,1,1,
2026-09-28 17:47:01,c1-rule,1656000,30.40,76.85,1005.34,32.36,64.85,1004.89,1,0,RULES,1,1,1,
2026-09-28 17:47:02,c1-rule,1657000,30.40,75.99,1005.27,32.36,64.62,1004.92,1,0,RULES,1,1,1,
2026-09-28 17:47:03,c1-rule,1658000,30.40,75.60,1005.28,32.37,64.65,1004.90,1,0,RULES,1,1,1,
2026-09-28 17:47:04,c1-rule,1659000,30.40,76.16,1005.34,32.36,64.75,1004.89,1,0,RULES,1,1,1,
2026-09-28 17:47:05,c1-rule,1660000,30.41,75.97,1005.32,32.36,64.85,1004.86,1,0,RULES,1,1,1,
2026-09-28 17:47:06,c1-rule,1661000,30.41,76.81,1005.32,32.37,64.98,1004.90,1,0,RULES,1,1,1,
2026-09-28 17:47:07,c1-rule,1662000,30.40,76.26,1005.36,32.37,64.77,1004.88,1,0,RULES,1,1,1,
2026-09-28 17:47:08,c1-rule,1663000,30.41,75.60,1005.32,32.37,64.72,1004.92,1,0,RULES,1,1,1,
2026-09-28 17:47:09,c1-rule,1664000,30.40,76.08,1005.31,32.36,64.78,1004.91,1,0,RULES,1,1,1,
2026-09-28 17:47:10,c1-rule,1665000,30.39,76.51,1005.26,32.37,64.94,1004.93,1,0,RULES,1,1,1,
2026-09-28 17:47:11,c1-rule,1666000,30.39,76.06,1005.38,32.36,64.92,1004.92,1,0,RULES,1,1,1,
2026-09-28 17:47:12,c1-rule,1667000,30.40,76.56,1005.34,32.36,64.69,1004.92,1,0,RULES,1,1,1,
2026-09-28 17:47:13,c1-rule,1668000,30.41,77.25,1005.35,32.37,64.75,1004.90,1,0,RULES,1,1,1,
2026-09-28 17:47:14,c1-rule,1669000,30.40,75.88,1005.34,32.36,65.05,1004.91,1,0,RULES,1,1,1,
2026-09-28 17:47:15,c1-rule,1670000,30.41,76.25,1005.32,32.37,64.83,1004.90,1,0,RULES,1,1,1,
2026-09-28 17:47:16,c1-rule,1671000,30.42,78.01,1005.33,32.37,64.77,1004.92,1,0,RULES,1,1,1,
2026-09-28 17:47:17,c1-rule,1672000,30.41,76.88,1005.34,32.37,64.98,1004.95,1,0,RULES,1,1,1,
2026-09-28 17:47:18,c1-rule,1673000,30.42,77.67,1005.33,32.37,64.92,1004.95,1,0,RULES,1,1,1,
2026-09-28 17:47:19,c1-rule,1674000,30.41,78.14,1005.29,32.36,65.00,1004.86,1,0,RULES,1,1,1,
2026-09-28 17:47:20,c1-rule,1675000,30.41,77.38,1005.35,32.37,65.15,1004.98,1,0,RULES,1,1,1,
2026-09-28 17:47:21,c1-rule,1676000,30.43,78.06,1005.35,32.38,64.72,1004.88,1,0,RULES,1,1,1,
2026-09-28 17:47:22,c1-rule,1677000,30.40,77.77,1005.39,32.37,65.03,1004.96,1,0,RULES,1,1,1,
2026-09-28 17:47:23,c1-rule,1678000,30.40,80.07,1005.34,32.38,65.02,1005.00,1,0,RULES,1,1,1,
2026-09-28 17:47:24,c1-rule,1679000,30.38,80.54,1005.27,32.37,65.03,1004.93,1,0,RULES,1,1,1,
2026-09-28 17:47:25,c1-rule,1680000,30.35,79.38,1005.30,32.37,64.94,1004.96,1,0,RULES,1,1,1,
2026-09-28 17:47:26,c1-rule,1681000,30.37,79.52,1005.28,32.36,64.96,1004.92,1,0,RULES,1,1,1,
2026-09-28 17:47:27,c1-rule,1682000,30.35,80.49,1005.31,32.37,64.96,1004.92,1,0,RULES,1,1,1,
2026-09-28 17:47:28,c1-rule,1683000,30.35,80.79,1005.30,32.36,64.79,1004.94,1,0,RULES,1,1,1,
2026-09-28 17:47:29,c1-rule,1684000,30.33,78.69,1005.33,32.36,64.90,1004.94,1,0,RULES,1,1,1,
2026-09-28 17:47:30,c1-rule,1685000,30.34,79.42,1005.34,32.37,64.60,1004.90,1,0,RULES,1,1,1,
2026-09-28 17:47:31,c1-rule,1686000,30.33,79.54,1005.36,32.36,64.78,1004.89,1,0,RULES,1,1,1,
2026-09-28 17:47:32,c1-rule,1687000,30.31,78.57,1005.36,32.35,64.77,1004.90,1,0,RULES,1,1,1,
2026-09-28 17:47:33,c1-rule,1688000,30.31,79.05,1005.35,32.37,64.79,1004.95,1,0,RULES,1,1,1,
2026-09-28 17:47:34,c1-rule,1689000,30.28,79.37,1005.31,32.36,64.94,1004.91,1,0,RULES,1,1,1,
2026-09-28 17:47:35,c1-rule,1690000,30.29,80.48,1005.29,32.36,64.77,1004.86,1,0,RULES,1,1,1,
2026-09-28 17:47:36,c1-rule,1691000,30.29,80.34,1005.33,32.36,64.84,1004.96,1,0,RULES,1,1,1,
2026-09-28 17:47:37,c1-rule,1692000,30.28,79.68,1005.30,32.35,64.80,1004.93,1,0,RULES,1,1,1,
2026-09-28 17:47:38,c1-rule,1693000,30.26,79.03,1005.34,32.35,64.75,1004.84,1,0,RULES,1,1,1,
2026-09-28 17:47:39,c1-rule,1694000,30.28,79.89,1005.30,32.35,64.63,1004.92,1,0,RULES,1,1,1,
2026-09-28 17:47:40,c1-rule,1695000,30.26,79.69,1005.34,32.35,64.85,1004.90,1,0,RULES,1,1,1,
2026-09-28 17:47:41,c1-rule,1696000,30.24,79.39,1005.30,32.36,65.01,1004.85,1,0,RULES,1,1,1,
2026-09-28 17:47:42,c1-rule,1697000,30.25,78.89,1005.29,32.34,64.76,1004.91,1,0,RULES,1,1,1,
2026-09-28 17:47:43,c1-rule,1698000,30.23,79.71,1005.34,32.35,64.77,1004.89,1,0,RULES,1,1,1,
2026-09-28 17:47:44,c1-rule,1699000,30.24,80.03,1005.35,32.36,64.70,1004.93,1,0,RULES,1,1,1,
2026-09-28 17:47:45,c1-rule,1700000,30.23,80.71,1005.34,32.35,64.75,1004.95,1,0,RULES,1,1,1,
2026-09-28 17:47:46,c1-rule,1701000,30.21,80.52,1005.32,32.35,64.70,1004.89,1,0,RULES,1,1,1,
2026-09-28 17:47:47,c1-rule,1702000,30.22,80.92,1005.38,32.34,64.84,1004.97,1,0,RULES,1,1,1,
2026-09-28 17:47:48,c1-rule,1703000,30.20,80.16,1005.30,32.34,64.76,1004.93,1,0,RULES,1,1,1,
2026-09-28 17:47:49,c1-rule,1704000,30.20,80.39,1005.30,32.34,64.72,1004.94,1,0,RULES,1,1,1,
2026-09-28 17:47:50,c1-rule,1705000,30.18,81.40,1005.38,32.34,64.80,1004.91,1,0,RULES,1,1,1,
2026-09-28 17:47:51,c1-rule,1706000,30.20,82.31,1005.35,32.34,65.02,1004.90,1,0,RULES,1,1,1,
2026-09-28 17:47:52,c1-rule,1707000,30.19,82.56,1005.37,32.34,64.73,1004.94,1,0,RULES,1,1,1,
2026-09-28 17:47:53,c1-rule,1708000,30.17,82.64,1005.40,32.33,64.82,1004.87,1,0,RULES,1,1,1,
2026-09-28 17:47:54,c1-rule,1709000,30.15,81.15,1005.33,32.34,64.80,1004.88,1,0,RULES,1,1,1,
2026-09-28 17:47:55,c1-rule,1710000,30.15,81.74,1005.31,32.33,64.87,1004.92,1,0,RULES,1,1,1,
2026-09-28 17:47:56,c1-rule,1711000,30.14,82.06,1005.38,32.34,64.74,1004.93,1,0,RULES,1,1,1,
2026-09-28 17:47:57,c1-rule,1712000,30.15,82.66,1005.38,32.33,65.06,1004.90,1,0,RULES,1,1,1,
2026-09-28 17:47:58,c1-rule,1713000,30.15,82.87,1005.35,32.34,64.92,1004.94,1,0,RULES,1,1,1,
2026-09-28 17:47:59,c1-rule,1714000,30.12,81.61,1005.37,32.33,64.79,1004.98,1,0,RULES,1,1,1,
2026-09-28 17:48:00,c1-rule,1715000,30.13,81.16,1005.29,32.33,64.79,1004.91,1,0,RULES,1,1,1,
2026-09-28 17:48:01,c1-rule,1716000,30.14,81.92,1005.31,32.33,64.80,1004.97,1,0,RULES,1,1,1,
2026-09-28 17:48:02,c1-rule,1717000,30.12,81.53,1005.33,32.32,64.90,1004.96,1,0,RULES,1,1,1,
2026-09-28 17:48:03,c1-rule,1718000,30.11,79.71,1005.33,32.33,64.78,1004.92,1,0,RULES,1,1,1,
2026-09-28 17:48:04,c1-rule,1719000,30.12,78.82,1005.31,32.33,64.83,1004.86,1,0,RULES,1,1,1,
2026-09-28 17:48:05,c1-rule,1720000,30.13,77.93,1005.32,32.33,64.86,1004.91,1,0,RULES,1,1,1,
2026-09-28 17:48:06,c1-rule,1721000,30.13,78.10,1005.41,32.33,64.82,1004.95,1,0,RULES,1,1,1,
2026-09-28 17:48:07,c1-rule,1722000,30.12,77.60,1005.36,32.33,64.89,1004.95,1,0,RULES,1,1,1,
2026-09-28 17:48:08,c1-rule,1723000,30.12,79.17,1005.37,32.32,65.18,1004.91,1,0,RULES,1,1,1,
2026-09-28 17:48:09,c1-rule,1724000,30.09,79.34,1005.40,32.34,64.88,1004.93,1,0,RULES,1,1,1,
2026-09-28 17:48:10,c1-rule,1725000,30.09,80.02,1005.35,32.33,65.02,1004.94,1,0,RULES,1,1,1,
2026-09-28 17:48:11,c1-rule,1726000,30.09,79.79,1005.35,32.34,65.11,1004.99,1,0,RULES,1,1,1,
2026-09-28 17:48:12,c1-rule,1727000,30.09,78.64,1005.37,32.32,65.06,1004.96,1,0,RULES,1,1,1,
2026-09-28 17:48:13,c1-rule,1728000,30.09,77.85,1005.29,32.33,64.99,1004.98,1,0,RULES,1,1,1,
2026-09-28 17:48:14,c1-rule,1729000,30.10,77.26,1005.41,32.33,64.91,1004.97,1,0,RULES,1,1,1,
2026-09-28 17:48:15,c1-rule,1730000,30.10,77.20,1005.31,32.33,65.02,1004.95,1,0,RULES,1,1,1,
2026-09-28 17:48:16,c1-rule,1731000,30.11,77.45,1005.37,32.32,65.03,1005.02,1,0,RULES,1,1,1,
2026-09-28 17:48:17,c1-rule,1732000,30.12,77.35,1005.36,32.33,65.00,1004.98,1,0,RULES,1,1,1,
2026-09-28 17:48:18,c1-rule,1733000,30.12,77.71,1005.39,32.33,65.17,1004.94,1,0,RULES,1,1,1,
2026-09-28 17:48:19,c1-rule,1734000,30.11,77.03,1005.29,32.33,65.03,1004.95,1,0,RULES,1,1,1,
2026-09-28 17:48:20,c1-rule,1735000,30.11,77.38,1005.35,32.33,65.03,1004.90,1,0,RULES,1,1,1,
2026-09-28 17:48:21,c1-rule,1736000,30.13,77.21,1005.38,32.33,65.07,1004.98,1,0,RULES,1,1,1,
2026-09-28 17:48:22,c1-rule,1737000,30.12,77.67,1005.29,32.34,64.90,1004.90,1,0,RULES,1,1,1,
2026-09-28 17:48:23,c1-rule,1738000,30.10,77.94,1005.34,32.32,65.13,1004.93,1,0,RULES,1,1,1,
2026-09-28 17:48:24,c1-rule,1739000,30.08,78.44,1005.33,32.33,64.88,1004.94,1,0,RULES,1,1,1,
2026-09-28 17:48:25,c1-rule,1740000,30.08,78.78,1005.39,32.33,64.85,1004.92,1,0,RULES,1,1,1,
2026-09-28 17:48:26,c1-rule,1741000,30.09,78.00,1005.37,32.33,64.89,1004.94,1,0,RULES,1,1,1,
2026-09-28 17:48:27,c1-rule,1742000,30.09,77.43,1005.34,32.34,65.08,1004.96,1,0,RULES,1,1,1,
2026-09-28 17:48:28,c1-rule,1743000,30.10,77.35,1005.37,32.34,64.80,1004.88,1,0,RULES,1,1,1,
2026-09-28 17:48:29,c1-rule,1744000,30.10,77.42,1005.33,32.35,64.89,1004.97,1,0,RULES,1,1,1,
2026-09-28 17:48:30,c1-rule,1745000,30.11,78.62,1005.35,32.33,64.90,1004.97,1,0,RULES,1,1,1,
2026-09-28 17:48:31,c1-rule,1746000,30.11,78.62,1005.37,32.34,65.16,1004.93,1,0,RULES,1,1,1,
2026-09-28 17:48:32,c1-rule,1747000,30.12,78.15,1005.34,32.34,65.17,1004.94,1,0,RULES,1,1,1,
2026-09-28 17:48:33,c1-rule,1748000,30.12,78.23,1005.40,32.34,65.03,1004.91,1,0,RULES,1,1,1,
2026-09-28 17:48:34,c1-rule,1749000,30.10,77.51,1005.37,32.33,64.86,1004.92,1,0,RULES,1,1,1,
2026-09-28 17:48:35,c1-rule,1750000,30.12,77.54,1005.31,32.34,64.98,1004.91,1,0,RULES,1,1,1,
2026-09-28 17:48:36,c1-rule,1751000,30.11,77.32,1005.38,32.33,64.85,1004.92,1,0,RULES,1,1,1,
2026-09-28 17:48:37,c1-rule,1752000,30.13,77.59,1005.30,32.35,64.88,1004.95,1,0,RULES,1,1,1,
2026-09-28 17:48:38,c1-rule,1753000,30.13,77.78,1005.29,32.34,64.86,1004.94,1,0,RULES,1,1,1,
2026-09-28 17:48:39,c1-rule,1754000,30.14,77.89,1005.38,32.35,64.90,1004.98,1,0,RULES,1,1,1,
2026-09-28 17:48:40,c1-rule,1755000,30.15,77.19,1005.33,32.35,64.84,1004.95,1,0,RULES,1,1,1,
2026-09-28 17:48:41,c1-rule,1756000,30.15,77.44,1005.33,32.34,65.05,1004.94,1,0,RULES,1,1,1,
2026-09-28 17:48:42,c1-rule,1757000,30.16,77.11,1005.29,32.35,65.03,1004.95,1,0,RULES,1,1,1,
2026-09-28 17:48:43,c1-rule,1758000,30.17,76.52,1005.39,32.36,64.78,1004.93,1,0,RULES,1,1,1,
2026-09-28 17:48:44,c1-rule,1759000,30.16,77.31,1005.35,32.35,65.07,1004.95,1,0,RULES,1,1,1,
2026-09-28 17:48:45,c1-rule,1760000,30.17,76.84,1005.36,32.35,65.03,1004.95,1,0,RULES,1,1,1,
2026-09-28 17:48:46,c1-rule,1761000,30.17,76.66,1005.37,32.35,64.92,1005.01,1,0,RULES,1,1,1,
2026-09-28 17:48:47,c1-rule,1762000,30.17,78.24,1005.31,32.36,64.94,1004.96,1,0,RULES,1,1,1,
2026-09-28 17:48:48,c1-rule,1763000,30.17,77.51,1005.37,32.35,65.09,1004.95,1,0,RULES,1,1,1,
2026-09-28 17:48:49,c1-rule,1764000,30.19,77.33,1005.32,32.36,64.80,1004.91,1,0,RULES,1,1,1,
2026-09-28 17:48:50,c1-rule,1765000,30.20,79.97,1005.33,32.35,65.04,1004.95,1,0,RULES,1,1,1,
2026-09-28 17:48:51,c1-rule,1766000,30.18,78.40,1005.35,32.36,64.99,1004.96,1,0,RULES,1,1,1,
2026-09-28 17:48:52,c1-rule,1767000,30.19,76.64,1005.34,32.36,65.12,1004.99,1,0,RULES,1,1,1,
2026-09-28 17:48:53,c1-rule,1768000,30.21,79.33,1005.32,32.34,64.96,1004.88,1,0,RULES,1,1,1,
2026-09-28 17:48:54,c1-rule,1769000,30.21,80.83,1005.34,32.36,65.01,1005.02,1,0,RULES,1,1,1,
2026-09-28 17:48:55,c1-rule,1770000,30.20,80.64,1005.39,32.36,65.01,1004.94,1,0,RULES,1,1,1,
2026-09-28 17:48:56,c1-rule,1771000,30.18,79.72,1005.32,32.36,65.01,1004.93,1,0,RULES,1,1,1,
2026-09-28 17:48:57,c1-rule,1772000,30.18,80.72,1005.36,32.36,65.11,1004.91,1,0,RULES,1,1,1,
2026-09-28 17:48:58,c1-rule,1773000,30.16,79.69,1005.40,32.36,65.04,1004.91,1,0,RULES,1,1,1,
2026-09-28 17:48:59,c1-rule,1774000,30.17,79.22,1005.33,32.36,64.82,1004.99,1,0,RULES,1,1,1,
2026-09-28 17:49:00,c1-rule,1775000,30.17,78.33,1005.34,32.36,64.80,1004.99,1,0,RULES,1,1,1,
2026-09-28 17:49:01,c1-rule,1776000,30.17,77.94,1005.30,32.36,64.78,1005.03,1,0,RULES,1,1,1,
2026-09-28 17:49:02,c1-rule,1777000,30.18,76.51,1005.43,32.35,64.79,1004.98,1,0,RULES,1,1,1,
2026-09-28 17:49:03,c1-rule,1778000,30.18,76.87,1005.38,32.36,64.94,1004.99,1,0,RULES,1,1,1,
2026-09-28 17:49:04,c1-rule,1779000,30.18,77.10,1005.38,32.35,64.80,1004.93,1,0,RULES,1,1,1,
2026-09-28 17:49:05,c1-rule,1780000,30.19,76.46,1005.32,32.35,64.96,1004.95,1,0,RULES,1,1,1,
2026-09-28 17:49:06,c1-rule,1781000,30.19,76.71,1005.29,32.36,64.94,1004.96,1,0,RULES,1,1,1,
2026-09-28 17:49:07,c1-rule,1782000,30.19,76.63,1005.29,32.36,64.82,1004.96,1,0,RULES,1,1,1,
2026-09-28 17:49:08,c1-rule,1783000,30.20,76.21,1005.33,32.35,64.90,1004.93,1,0,RULES,1,1,1,
2026-09-28 17:49:09,c1-rule,1784000,30.21,76.85,1005.32,32.35,64.73,1004.93,1,0,RULES,1,1,1,
2026-09-28 17:49:10,c1-rule,1785000,30.23,76.97,1005.39,32.36,64.84,1004.97,1,0,RULES,1,1,1,
2026-09-28 17:49:11,c1-rule,1786000,30.21,79.17,1005.37,32.35,64.77,1004.95,1,0,RULES,1,1,1,
2026-09-28 17:49:12,c1-rule,1787000,30.21,78.66,1005.37,32.35,64.80,1004.93,1,0,RULES,1,1,1,
2026-09-28 17:49:13,c1-rule,1788000,30.20,77.04,1005.44,32.35,64.74,1004.95,1,0,RULES,1,1,1,
2026-09-28 17:49:14,c1-rule,1789000,30.21,78.33,1005.40,32.36,64.71,1005.00,1,0,RULES,1,1,1,
2026-09-28 17:49:15,c1-rule,1790000,30.21,78.55,1005.38,32.36,64.90,1004.97,1,0,RULES,1,1,1,
2026-09-28 17:49:16,c1-rule,1791000,30.21,77.12,1005.42,32.36,64.76,1004.96,1,0,RULES,1,1,1,
2026-09-28 17:49:17,c1-rule,,,,,,,,,,,,,,mist A=0 B=0 (burst cap)
2026-09-28 17:49:17,c1-rule,1792000,30.22,76.66,1005.38,32.36,65.05,1005.00,0,0,RULES,1,1,1,
2026-09-28 17:49:18,c1-rule,1793000,30.24,77.32,1005.38,32.36,64.92,1005.03,0,0,RULES,1,1,1,
2026-09-28 17:49:19,c1-rule,1794000,30.22,77.41,1005.36,32.36,64.65,1005.00,0,0,RULES,1,1,1,
2026-09-28 17:49:20,c1-rule,1795000,30.22,77.20,1005.41,32.36,65.12,1004.96,0,0,RULES,1,1,1,
2026-09-28 17:49:21,c1-rule,1796000,30.24,76.66,1005.35,32.36,65.07,1004.97,0,0,RULES,1,1,1,
2026-09-28 17:49:22,c1-rule,1797000,30.24,76.88,1005.36,32.36,64.80,1004.97,0,0,RULES,1,1,1,
2026-09-28 17:49:23,c1-rule,1798000,30.25,76.78,1005.37,32.36,64.78,1005.00,0,0,RULES,1,1,1,
2026-09-28 17:49:24,c1-rule,1799000,30.25,76.00,1005.38,32.36,64.73,1005.00,0,0,RULES,1,1,1,
2026-09-28 17:49:25,c1-rule,1800000,30.26,76.78,1005.33,32.37,64.74,1004.98,0,0,RULES,1,1,1,
2026-09-28 17:49:26,c1-rule,1801000,30.26,76.03,1005.33,32.37,64.68,1004.93,0,0,RULES,1,1,1,
2026-09-28 17:49:27,c1-rule,1802000,30.27,76.85,1005.32,32.36,64.65,1004.94,0,0,RULES,1,1,1,
2026-09-28 17:49:28,c1-rule,1803000,30.27,77.50,1005.34,32.36,64.70,1004.93,0,0,RULES,1,1,1,
2026-09-28 17:49:29,c1-rule,1804000,30.25,77.21,1005.38,32.36,65.00,1004.97,0,0,RULES,1,1,1,
2026-09-28 17:49:30,c1-rule,1805000,30.26,78.03,1005.31,32.36,64.78,1004.99,0,0,RULES,1,1,1,
2026-09-28 17:49:31,c1-rule,1806000,30.26,78.73,1005.42,32.36,64.63,1004.91,0,0,RULES,1,1,1,
2026-09-28 17:49:32,c1-rule,1807000,30.24,78.09,1005.38,32.36,64.77,1004.99,0,0,RULES,1,1,1,
2026-09-28 17:49:33,c1-rule,1808000,30.24,78.81,1005.36,32.37,64.69,1004.98,0,0,RULES,1,1,1,
2026-09-28 17:49:34,c1-rule,1809000,30.23,79.04,1005.34,32.36,64.77,1004.97,0,0,RULES,1,1,1,
2026-09-28 17:49:35,c1-rule,1810000,30.23,77.58,1005.40,32.37,64.67,1004.92,0,0,RULES,1,1,1,
2026-09-28 17:49:36,c1-rule,1811000,30.24,76.62,1005.46,32.37,64.76,1005.04,0,0,RULES,1,1,1,
2026-09-28 17:49:37,c1-rule,1812000,30.25,76.46,1005.40,32.37,64.91,1004.98,0,0,RULES,1,1,1,
2026-09-28 17:49:38,c1-rule,1813000,30.26,77.55,1005.39,32.36,64.67,1004.97,0,0,RULES,1,1,1,
2026-09-28 17:49:39,c1-rule,1814000,30.25,77.78,1005.37,32.36,64.92,1004.99,0,0,RULES,1,1,1,
2026-09-28 17:49:40,c1-rule,1815000,30.27,77.62,1005.41,32.37,64.69,1004.98,0,0,RULES,1,1,1,
2026-09-28 17:49:41,c1-rule,1816000,30.27,76.83,1005.37,32.36,64.73,1005.02,0,0,RULES,1,1,1,
2026-09-28 17:49:42,c1-rule,1817000,30.28,76.54,1005.34,32.37,64.73,1004.93,0,0,RULES,1,1,1,
2026-09-28 17:49:43,c1-rule,1818000,30.29,77.47,1005.38,32.36,64.76,1004.97,0,0,RULES,1,1,1,
2026-09-28 17:49:44,c1-rule,1819000,30.30,76.15,1005.42,32.37,64.64,1004.98,0,0,RULES,1,1,1,
2026-09-28 17:49:45,c1-rule,1820000,30.30,75.30,1005.34,32.37,64.62,1004.98,0,0,RULES,1,1,1,
2026-09-28 17:49:46,c1-rule,1821000,30.32,75.05,1005.40,32.37,64.90,1005.03,0,0,RULES,1,1,1,
2026-09-28 17:49:47,c1-rule,1822000,30.32,75.27,1005.38,32.37,64.84,1004.95,0,0,RULES,1,1,1,
2026-09-28 17:49:48,c1-rule,1823000,30.34,74.44,1005.35,32.36,64.82,1004.97,0,0,RULES,1,1,1,
2026-09-28 17:49:49,c1-rule,1824000,30.36,75.90,1005.33,32.37,64.96,1004.98,0,0,RULES,1,1,1,
2026-09-28 17:49:50,c1-rule,1825000,30.35,75.52,1005.39,32.37,64.96,1004.95,0,0,RULES,1,1,1,
2026-09-28 17:49:51,c1-rule,1826000,30.36,74.93,1005.41,32.36,65.03,1004.97,0,0,RULES,1,1,1,
2026-09-28 17:49:52,c1-rule,1827000,30.38,74.50,1005.32,32.37,64.64,1005.01,0,0,RULES,1,1,1,
2026-09-28 17:49:53,c1-rule,1828000,30.39,74.95,1005.35,32.37,65.01,1004.95,0,0,RULES,1,1,1,
2026-09-28 17:49:54,c1-rule,1829000,30.40,75.32,1005.41,32.37,64.91,1004.96,0,0,RULES,1,1,1,
2026-09-28 17:49:55,c1-rule,1830000,30.41,75.58,1005.32,32.37,64.73,1004.95,0,0,RULES,1,1,1,
2026-09-28 17:49:56,c1-rule,1831000,30.42,75.55,1005.37,32.36,64.90,1004.97,0,0,RULES,1,1,1,
2026-09-28 17:49:57,c1-rule,1832000,30.42,74.84,1005.31,32.37,64.59,1004.98,0,0,RULES,1,1,1,
2026-09-28 17:49:58,c1-rule,1833000,30.44,74.76,1005.37,32.37,64.82,1004.98,0,0,RULES,1,1,1,
2026-09-28 17:49:59,c1-rule,1834000,30.45,75.60,1005.45,32.37,64.66,1004.98,0,0,RULES,1,1,1,
2026-09-28 17:50:00,c1-rule,1835000,30.46,75.79,1005.41,32.37,64.84,1004.93,0,0,RULES,1,1,1,
2026-09-28 17:50:01,c1-rule,1836000,30.46,75.46,1005.31,32.37,64.73,1004.99,0,0,RULES,1,1,1,
2026-09-28 17:50:02,c1-rule,1837000,30.48,75.50,1005.40,32.37,64.99,1005.03,0,0,RULES,1,1,1,
2026-09-28 17:50:03,c1-rule,1838000,30.48,75.56,1005.41,32.36,64.93,1005.00,0,0,RULES,1,1,1,
2026-09-28 17:50:04,c1-rule,1839000,30.50,76.05,1005.38,32.36,64.94,1004.97,0,0,RULES,1,1,1,
2026-09-28 17:50:05,c1-rule,1840000,30.50,75.08,1005.36,32.37,64.78,1004.98,0,0,RULES,1,1,1,
2026-09-28 17:50:06,c1-rule,1841000,30.52,75.69,1005.39,32.36,64.92,1004.94,0,0,RULES,1,1,1,
2026-09-28 17:50:07,c1-rule,1842000,30.52,75.64,1005.36,32.37,64.99,1004.98,0,0,RULES,1,1,1,
2026-09-28 17:50:08,c1-rule,1843000,30.53,76.22,1005.35,32.37,64.99,1004.96,0,0,RULES,1,1,1,
2026-09-28 17:50:09,c1-rule,1844000,30.54,75.79,1005.36,32.37,64.83,1004.98,0,0,RULES,1,1,1,
2026-09-28 17:50:10,c1-rule,1845000,30.56,76.29,1005.36,32.36,64.73,1004.94,0,0,RULES,1,1,1,
2026-09-28 17:50:11,c1-rule,1846000,30.56,76.10,1005.37,32.37,64.95,1005.01,0,0,RULES,1,1,1,
2026-09-28 17:50:12,c1-rule,1847000,30.57,76.79,1005.41,32.36,64.70,1005.00,0,0,RULES,1,1,1,
2026-09-28 17:50:13,c1-rule,1848000,30.58,76.63,1005.40,32.37,64.77,1004.96,0,0,RULES,1,1,1,
2026-09-28 17:50:14,c1-rule,1849000,30.60,77.23,1005.45,32.37,64.93,1004.93,0,0,RULES,1,1,1,
2026-09-28 17:50:15,c1-rule,1850000,30.61,76.67,1005.35,32.37,64.83,1004.92,0,0,RULES,1,1,1,
2026-09-28 17:50:16,c1-rule,1851000,30.62,76.36,1005.37,32.37,65.02,1004.95,0,0,RULES,1,1,1,
2026-09-28 17:50:17,c1-rule,,,,,,,,,,,,,,mist A=1 B=0 (below lo)
2026-09-28 17:50:17,c1-rule,1852000,30.63,75.57,1005.39,32.36,64.79,1004.96,1,0,RULES,1,1,1,
2026-09-28 17:50:18,c1-rule,1853000,30.64,75.41,1005.29,32.37,64.78,1004.95,1,0,RULES,1,1,1,
2026-09-28 17:50:19,c1-rule,1854000,30.65,76.26,1005.31,32.37,64.68,1004.98,1,0,RULES,1,1,1,
2026-09-28 17:50:20,c1-rule,1855000,30.69,77.48,1005.34,32.37,64.88,1005.01,1,0,RULES,1,1,1,
2026-09-28 17:50:21,c1-rule,1856000,30.68,78.08,1005.36,32.38,64.89,1005.05,1,0,RULES,1,1,1,
2026-09-28 17:50:22,c1-rule,1857000,30.69,75.84,1005.32,32.37,65.03,1004.98,1,0,RULES,1,1,1,
2026-09-28 17:50:23,c1-rule,1858000,30.70,76.37,1005.33,32.37,64.85,1005.01,1,0,RULES,1,1,1,
2026-09-28 17:50:24,c1-rule,1859000,30.72,76.41,1005.33,32.37,64.96,1004.98,1,0,RULES,1,1,1,
2026-09-28 17:50:25,c1-rule,1860000,30.72,76.78,1005.39,32.37,64.76,1004.92,1,0,RULES,1,1,1,
2026-09-28 17:50:26,c1-rule,1861000,30.73,77.25,1005.37,32.37,64.73,1004.98,1,0,RULES,1,1,1,
2026-09-28 17:50:27,c1-rule,1862000,30.72,77.55,1005.39,32.37,64.74,1004.95,1,0,RULES,1,1,1,
2026-09-28 17:50:28,c1-rule,1863000,30.71,75.54,1005.38,32.37,64.65,1004.98,1,0,RULES,1,1,1,
2026-09-28 17:50:29,c1-rule,1864000,30.72,75.18,1005.34,32.37,64.62,1004.99,1,0,RULES,1,1,1,
2026-09-28 17:50:30,c1-rule,1865000,30.72,75.19,1005.33,32.38,64.74,1005.03,1,0,RULES,1,1,1,
2026-09-28 17:50:31,c1-rule,1866000,30.72,74.61,1005.34,32.38,64.62,1004.95,1,0,RULES,1,1,1,
2026-09-28 17:50:32,c1-rule,1867000,30.74,75.13,1005.42,32.37,64.67,1004.96,1,0,RULES,1,1,1,
2026-09-28 17:50:33,c1-rule,1868000,30.74,75.07,1005.39,32.38,64.65,1004.95,1,0,RULES,1,1,1,
2026-09-28 17:50:34,c1-rule,1869000,30.73,75.32,1005.38,32.37,64.69,1004.90,1,0,RULES,1,1,1,
2026-09-28 17:50:35,c1-rule,1870000,30.74,75.39,1005.36,32.37,64.79,1004.93,1,0,RULES,1,1,1,
2026-09-28 17:50:36,c1-rule,1871000,30.74,75.46,1005.42,32.37,64.79,1004.95,1,0,RULES,1,1,1,
2026-09-28 17:50:37,c1-rule,1872000,30.73,75.30,1005.35,32.38,64.65,1004.97,1,0,RULES,1,1,1,
2026-09-28 17:50:38,c1-rule,1873000,30.73,74.72,1005.41,32.37,64.67,1004.99,1,0,RULES,1,1,1,
2026-09-28 17:50:39,c1-rule,1874000,30.73,74.64,1005.35,32.37,64.97,1005.01,1,0,RULES,1,1,1,
2026-09-28 17:50:40,c1-rule,1875000,30.73,74.80,1005.35,32.37,64.92,1005.01,1,0,RULES,1,1,1,
2026-09-28 17:50:41,c1-rule,1876000,30.73,74.17,1005.41,32.37,64.77,1004.99,1,0,RULES,1,1,1,
2026-09-28 17:50:42,c1-rule,1877000,30.73,74.29,1005.35,32.37,65.00,1004.96,1,0,RULES,1,1,1,
2026-09-28 17:50:43,c1-rule,1878000,30.73,75.69,1005.41,32.37,64.83,1004.95,1,0,RULES,1,1,1,
2026-09-28 17:50:44,c1-rule,1879000,30.73,75.18,1005.32,32.38,64.86,1004.94,1,0,RULES,1,1,1,
2026-09-28 17:50:45,c1-rule,1880000,30.74,75.26,1005.42,32.36,64.67,1005.00,1,0,RULES,1,1,1,
2026-09-28 17:50:46,c1-rule,1881000,30.72,76.57,1005.37,32.37,64.75,1004.92,1,0,RULES,1,1,1,
2026-09-28 17:50:47,c1-rule,1882000,30.70,76.27,1005.36,32.36,64.87,1005.03,1,0,RULES,1,1,1,
2026-09-28 17:50:48,c1-rule,1883000,30.70,78.42,1005.39,32.37,64.86,1005.01,1,0,RULES,1,1,1,
2026-09-28 17:50:49,c1-rule,1884000,30.68,78.01,1005.41,32.37,64.67,1005.01,1,0,RULES,1,1,1,
2026-09-28 17:50:50,c1-rule,1885000,30.68,76.98,1005.32,32.37,64.74,1005.01,1,0,RULES,1,1,1,
2026-09-28 17:50:51,c1-rule,1886000,30.67,76.70,1005.37,32.36,64.70,1004.97,1,0,RULES,1,1,1,
2026-09-28 17:50:52,c1-rule,1887000,30.67,75.74,1005.37,32.36,64.66,1004.97,1,0,RULES,1,1,1,
2026-09-28 17:50:53,c1-rule,1888000,30.68,76.36,1005.38,32.35,64.76,1005.01,1,0,RULES,1,1,1,
2026-09-28 17:50:54,c1-rule,1889000,30.68,75.97,1005.35,32.36,64.96,1004.96,1,0,RULES,1,1,1,
2026-09-28 17:50:55,c1-rule,1890000,30.68,77.85,1005.41,32.36,64.76,1004.92,1,0,RULES,1,1,1,
2026-09-28 17:50:56,c1-rule,1891000,30.67,77.92,1005.36,32.35,64.75,1004.98,1,0,RULES,1,1,1,
2026-09-28 17:50:57,c1-rule,1892000,30.68,78.81,1005.32,32.36,64.67,1004.93,1,0,RULES,1,1,1,
2026-09-28 17:50:58,c1-rule,1893000,30.67,79.39,1005.37,32.36,64.66,1004.97,1,0,RULES,1,1,1,
2026-09-28 17:50:59,c1-rule,1894000,30.67,78.02,1005.39,32.36,64.73,1004.99,1,0,RULES,1,1,1,
2026-09-28 17:51:00,c1-rule,1895000,30.65,78.80,1005.39,32.36,64.82,1004.97,1,0,RULES,1,1,1,
2026-09-28 17:51:01,c1-rule,1896000,30.62,78.27,1005.34,32.35,64.77,1005.01,1,0,RULES,1,1,1,
2026-09-28 17:51:02,c1-rule,1897000,30.63,78.17,1005.39,32.36,64.75,1005.02,1,0,RULES,1,1,1,
2026-09-28 17:51:03,c1-rule,1898000,30.65,79.30,1005.36,32.36,64.83,1004.94,1,0,RULES,1,1,1,
2026-09-28 17:51:04,c1-rule,1899000,30.64,79.50,1005.37,32.36,65.11,1005.00,1,0,RULES,1,1,1,
2026-09-28 17:51:05,c1-rule,1900000,30.65,80.19,1005.33,32.36,65.01,1004.96,1,0,RULES,1,1,1,
2026-09-28 17:51:06,c1-rule,1901000,30.66,81.09,1005.40,32.36,64.92,1004.96,1,0,RULES,1,1,1,
2026-09-28 17:51:07,c1-rule,1902000,30.65,81.68,1005.36,32.36,65.03,1004.96,1,0,RULES,1,1,1,
2026-09-28 17:51:08,c1-rule,1903000,30.63,79.97,1005.38,32.35,65.00,1005.01,1,0,RULES,1,1,1,
2026-09-28 17:51:09,c1-rule,1904000,30.63,79.29,1005.36,32.35,65.04,1004.95,1,0,RULES,1,1,1,
2026-09-28 17:51:10,c1-rule,1905000,30.63,78.96,1005.35,32.36,65.04,1005.00,1,0,RULES,1,1,1,
2026-09-28 17:51:11,c1-rule,1906000,30.63,78.04,1005.38,32.35,64.87,1005.01,1,0,RULES,1,1,1,
2026-09-28 17:51:12,c1-rule,1907000,30.63,77.95,1005.38,32.35,64.82,1004.93,1,0,RULES,1,1,1,
2026-09-28 17:51:13,c1-rule,1908000,30.65,78.21,1005.44,32.36,64.74,1005.03,1,0,RULES,1,1,1,
2026-09-28 17:51:14,c1-rule,1909000,30.66,79.54,1005.40,32.36,64.83,1004.99,1,0,RULES,1,1,1,
2026-09-28 17:51:15,c1-rule,1910000,30.66,80.62,1005.41,32.37,64.89,1004.99,1,0,RULES,1,1,1,
2026-09-28 17:51:16,c1-rule,1911000,30.65,80.54,1005.39,32.36,64.66,1004.97,1,0,RULES,1,1,1,
2026-09-28 17:51:17,c1-rule,1912000,30.65,79.86,1005.42,32.36,64.70,1005.02,1,0,RULES,1,1,1,
2026-09-28 17:51:18,c1-rule,1913000,30.65,79.14,1005.47,32.36,64.82,1005.03,1,0,RULES,1,1,1,
2026-09-28 17:51:19,c1-rule,1914000,30.65,78.18,1005.39,32.36,64.62,1004.97,1,0,RULES,1,1,1,
2026-09-28 17:51:20,c1-rule,1915000,30.62,77.98,1005.37,32.37,64.72,1005.01,1,0,RULES,1,1,1,
2026-09-28 17:51:21,c1-rule,1916000,30.60,79.01,1005.39,32.38,64.59,1004.95,1,0,RULES,1,1,1,
2026-09-28 17:51:22,c1-rule,1917000,30.63,79.54,1005.44,32.37,64.68,1004.90,1,0,RULES,1,1,1,
2026-09-28 17:51:23,c1-rule,1918000,30.63,79.40,1005.44,32.37,64.67,1004.99,1,0,RULES,1,1,1,
2026-09-28 17:51:24,c1-rule,1919000,30.61,78.32,1005.36,32.37,64.79,1004.93,1,0,RULES,1,1,1,
2026-09-28 17:51:25,c1-rule,1920000,30.62,79.07,1005.46,32.38,65.09,1004.95,1,0,RULES,1,1,1,
2026-09-28 17:51:26,c1-rule,1921000,30.62,80.42,1005.34,32.38,64.89,1005.00,1,0,RULES,1,1,1,
2026-09-28 17:51:27,c1-rule,1922000,30.59,80.52,1005.38,32.38,64.86,1004.99,1,0,RULES,1,1,1,
2026-09-28 17:51:28,c1-rule,1923000,30.57,79.28,1005.47,32.38,65.02,1005.00,1,0,RULES,1,1,1,
2026-09-28 17:51:29,c1-rule,1924000,30.58,80.92,1005.43,32.38,64.82,1004.99,1,0,RULES,1,1,1,
2026-09-28 17:51:30,c1-rule,1925000,30.57,81.23,1005.39,32.38,64.69,1004.97,1,0,RULES,1,1,1,
2026-09-28 17:51:31,c1-rule,1926000,30.57,79.81,1005.44,32.37,64.79,1004.93,1,0,RULES,1,1,1,
2026-09-28 17:51:32,c1-rule,1927000,30.57,78.15,1005.39,32.37,64.77,1005.01,1,0,RULES,1,1,1,
2026-09-28 17:51:33,c1-rule,1928000,30.56,79.24,1005.43,32.37,64.91,1004.98,1,0,RULES,1,1,1,
2026-09-28 17:51:34,c1-rule,1929000,30.55,79.96,1005.41,32.37,64.81,1004.96,1,0,RULES,1,1,1,
2026-09-28 17:51:35,c1-rule,1930000,30.57,80.76,1005.43,32.37,64.75,1004.99,1,0,RULES,1,1,1,
2026-09-28 17:51:36,c1-rule,1931000,30.54,79.26,1005.41,32.37,64.99,1004.98,1,0,RULES,1,1,1,
2026-09-28 17:51:37,c1-rule,1932000,30.55,78.38,1005.35,32.36,64.88,1005.08,1,0,RULES,1,1,1,
2026-09-28 17:51:38,c1-rule,1933000,30.53,77.90,1005.38,32.37,64.92,1004.98,1,0,RULES,1,1,1,
2026-09-28 17:51:39,c1-rule,1934000,30.55,78.51,1005.43,32.37,64.72,1004.99,1,0,RULES,1,1,1,
2026-09-28 17:51:40,c1-rule,1935000,30.54,77.38,1005.45,32.36,64.90,1004.97,1,0,RULES,1,1,1,
2026-09-28 17:51:41,c1-rule,1936000,30.53,76.59,1005.38,32.37,64.64,1005.07,1,0,RULES,1,1,1,
2026-09-28 17:51:42,c1-rule,1937000,30.54,75.79,1005.39,32.37,64.62,1004.99,1,0,RULES,1,1,1,
2026-09-28 17:51:43,c1-rule,1938000,30.55,76.24,1005.40,32.37,65.08,1004.99,1,0,RULES,1,1,1,
2026-09-28 17:51:44,c1-rule,1939000,30.54,75.70,1005.39,32.37,64.62,1004.99,1,0,RULES,1,1,1,
2026-09-28 17:51:45,c1-rule,1940000,30.54,75.53,1005.39,32.37,64.74,1005.01,1,0,RULES,1,1,1,
2026-09-28 17:51:46,c1-rule,1941000,30.53,75.69,1005.37,32.38,64.64,1005.00,1,0,RULES,1,1,1,
2026-09-28 17:51:47,c1-rule,1942000,30.53,75.33,1005.38,32.37,64.85,1005.01,1,0,RULES,1,1,1,
2026-09-28 17:51:48,c1-rule,1943000,30.54,76.15,1005.45,32.37,64.73,1005.07,1,0,RULES,1,1,1,
2026-09-28 17:51:49,c1-rule,1944000,30.53,76.78,1005.43,32.37,64.90,1005.04,1,0,RULES,1,1,1,
2026-09-28 17:51:50,c1-rule,1945000,30.52,76.30,1005.36,32.37,64.68,1004.98,1,0,RULES,1,1,1,
2026-09-28 17:51:51,c1-rule,1946000,30.54,77.38,1005.44,32.37,64.66,1005.01,1,0,RULES,1,1,1,
2026-09-28 17:51:52,c1-rule,1947000,30.53,76.92,1005.38,32.37,64.85,1005.04,1,0,RULES,1,1,1,
2026-09-28 17:51:53,c1-rule,1948000,30.54,76.11,1005.39,32.37,64.99,1004.98,1,0,RULES,1,1,1,
2026-09-28 17:51:54,c1-rule,1949000,30.54,76.44,1005.39,32.37,64.94,1004.92,1,0,RULES,1,1,1,
2026-09-28 17:51:55,c1-rule,1950000,30.54,76.44,1005.45,32.37,64.69,1004.95,1,0,RULES,1,1,1,
2026-09-28 17:51:56,c1-rule,1951000,30.53,77.45,1005.38,32.37,64.65,1004.98,1,0,RULES,1,1,1,
2026-09-28 17:51:57,c1-rule,1952000,30.53,75.51,1005.41,32.37,64.77,1004.99,1,0,RULES,1,1,1,
2026-09-28 17:51:58,c1-rule,1953000,30.54,75.42,1005.44,32.36,64.85,1004.99,1,0,RULES,1,1,1,
2026-09-28 17:51:59,c1-rule,1954000,30.53,75.52,1005.43,32.36,64.97,1005.02,1,0,RULES,1,1,1,
2026-09-28 17:52:00,c1-rule,1955000,30.53,75.40,1005.37,32.37,64.88,1005.04,1,0,RULES,1,1,1,
2026-09-28 17:52:01,c1-rule,1956000,30.53,76.50,1005.41,32.37,64.92,1005.03,1,0,RULES,1,1,1,
2026-09-28 17:52:02,c1-rule,1957000,30.54,75.92,1005.50,32.37,64.61,1004.98,1,0,RULES,1,1,1,
2026-09-28 17:52:03,c1-rule,1958000,30.54,76.49,1005.47,32.37,64.92,1005.01,1,0,RULES,1,1,1,
2026-09-28 17:52:04,c1-rule,1959000,30.55,76.43,1005.40,32.37,64.74,1004.95,1,0,RULES,1,1,1,
2026-09-28 17:52:05,c1-rule,1960000,30.55,76.20,1005.40,32.36,64.84,1005.03,1,0,RULES,1,1,1,
2026-09-28 17:52:06,c1-rule,1961000,30.53,75.93,1005.43,32.37,64.76,1004.98,1,0,RULES,1,1,1,
2026-09-28 17:52:07,c1-rule,1962000,30.54,75.90,1005.34,32.37,64.92,1005.04,1,0,RULES,1,1,1,
2026-09-28 17:52:08,c1-rule,1963000,30.55,75.69,1005.43,32.36,64.80,1004.97,1,0,RULES,1,1,1,
2026-09-28 17:52:09,c1-rule,1964000,30.53,75.21,1005.38,32.37,64.87,1004.98,1,0,RULES,1,1,1,
2026-09-28 17:52:10,c1-rule,1965000,30.54,75.34,1005.39,32.36,64.83,1004.97,1,0,RULES,1,1,1,
2026-09-28 17:52:11,c1-rule,1966000,30.54,75.12,1005.45,32.37,64.93,1005.06,1,0,RULES,1,1,1,
2026-09-28 17:52:12,c1-rule,1967000,30.55,75.40,1005.40,32.36,64.82,1004.99,1,0,RULES,1,1,1,
2026-09-28 17:52:13,c1-rule,1968000,30.53,76.18,1005.46,32.38,64.94,1005.05,1,0,RULES,1,1,1,
2026-09-28 17:52:14,c1-rule,1969000,30.54,76.37,1005.44,32.37,64.90,1005.03,1,0,RULES,1,1,1,
2026-09-28 17:52:15,c1-rule,1970000,30.54,76.41,1005.42,32.37,64.52,1004.96,1,0,RULES,1,1,1,
2026-09-28 17:52:16,c1-rule,1971000,30.55,76.96,1005.32,32.37,64.86,1004.96,1,0,RULES,1,1,1,
2026-09-28 17:52:17,c1-rule,1972000,30.55,76.63,1005.40,32.37,64.68,1005.04,1,0,RULES,1,1,1,
2026-09-28 17:52:18,c1-rule,1973000,30.55,76.11,1005.37,32.37,64.71,1004.99,1,0,RULES,1,1,1,
2026-09-28 17:52:19,c1-rule,1974000,30.55,76.47,1005.38,32.37,64.63,1004.99,1,0,RULES,1,1,1,
2026-09-28 17:52:20,c1-rule,1975000,30.56,75.70,1005.39,32.38,64.68,1005.08,1,0,RULES,1,1,1,
2026-09-28 17:52:21,c1-rule,1976000,30.55,76.47,1005.40,32.37,64.57,1005.01,1,0,RULES,1,1,1,
2026-09-28 17:52:22,c1-rule,1977000,30.56,76.84,1005.42,32.37,64.76,1005.01,1,0,RULES,1,1,1,
2026-09-28 17:52:23,c1-rule,1978000,30.57,78.40,1005.41,32.38,64.55,1005.05,1,0,RULES,1,1,1,
2026-09-28 17:52:24,c1-rule,1979000,30.55,76.51,1005.43,32.38,64.81,1005.03,1,0,RULES,1,1,1,
2026-09-28 17:52:25,c1-rule,1980000,30.56,76.16,1005.40,32.38,64.64,1005.05,1,0,RULES,1,1,1,
2026-09-28 17:52:26,c1-rule,1981000,30.55,76.51,1005.38,32.38,64.69,1005.00,1,0,RULES,1,1,1,
2026-09-28 17:52:27,c1-rule,1982000,30.54,76.26,1005.39,32.37,64.66,1004.96,1,0,RULES,1,1,1,
2026-09-28 17:52:28,c1-rule,1983000,30.55,75.83,1005.47,32.38,64.71,1005.06,1,0,RULES,1,1,1,
2026-09-28 17:52:29,c1-rule,1984000,30.55,74.84,1005.44,32.38,64.69,1005.03,1,0,RULES,1,1,1,
2026-09-28 17:52:30,c1-rule,1985000,30.55,74.95,1005.46,32.38,64.60,1005.06,1,0,RULES,1,1,1,
2026-09-28 17:52:31,c1-rule,1986000,30.55,75.04,1005.43,32.37,64.93,1004.92,1,0,RULES,1,1,1,
2026-09-28 17:52:32,c1-rule,1987000,30.54,76.70,1005.39,32.37,64.65,1004.99,1,0,RULES,1,1,1,
2026-09-28 17:52:33,c1-rule,1988000,30.54,76.75,1005.44,32.38,64.64,1005.05,1,0,RULES,1,1,1,
2026-09-28 17:52:34,c1-rule,1989000,30.53,75.65,1005.35,32.37,64.63,1005.01,1,0,RULES,1,1,1,
2026-09-28 17:52:35,c1-rule,1990000,30.54,75.74,1005.47,32.39,64.63,1004.98,1,0,RULES,1,1,1,
2026-09-28 17:52:36,c1-rule,1991000,30.53,75.61,1005.43,32.37,64.74,1005.01,1,0,RULES,1,1,1,
2026-09-28 17:52:37,c1-rule,1992000,30.54,74.76,1005.44,32.38,64.69,1005.03,1,0,RULES,1,1,1,
2026-09-28 17:52:38,c1-rule,1993000,30.54,75.31,1005.45,32.37,64.96,1005.07,1,0,RULES,1,1,1,
2026-09-28 17:52:39,c1-rule,1994000,30.54,75.18,1005.41,32.38,64.62,1004.99,1,0,RULES,1,1,1,
2026-09-28 17:52:40,c1-rule,1995000,30.54,74.56,1005.39,32.38,64.65,1005.00,1,0,RULES,1,1,1,
2026-09-28 17:52:41,c1-rule,1996000,30.54,75.23,1005.33,32.38,64.71,1005.00,1,0,RULES,1,1,1,
2026-09-28 17:52:42,c1-rule,1997000,30.55,74.62,1005.37,32.38,64.62,1005.00,1,0,RULES,1,1,1,
2026-09-28 17:52:43,c1-rule,1998000,30.55,74.37,1005.40,32.38,64.62,1005.00,1,0,RULES,1,1,1,
2026-09-28 17:52:44,c1-rule,1999000,30.55,74.65,1005.35,32.38,64.64,1005.09,1,0,RULES,1,1,1,
2026-09-28 17:52:45,c1-rule,2000000,30.55,74.27,1005.41,32.38,64.65,1005.03,1,0,RULES,1,1,1,
2026-09-28 17:52:46,c1-rule,2001000,30.56,74.36,1005.40,32.38,64.66,1004.99,1,0,RULES,1,1,1,
2026-09-28 17:52:47,c1-rule,2002000,30.56,73.99,1005.45,32.37,64.69,1005.01,1,0,RULES,1,1,1,
2026-09-28 17:52:48,c1-rule,2003000,30.56,74.58,1005.43,32.38,64.68,1005.05,1,0,RULES,1,1,1,
2026-09-28 17:52:49,c1-rule,2004000,30.57,75.87,1005.29,32.38,64.65,1005.05,1,0,RULES,1,1,1,
2026-09-28 17:52:50,c1-rule,2005000,30.55,74.54,1005.40,32.38,64.65,1005.02,1,0,RULES,1,1,1,
2026-09-28 17:52:51,c1-rule,2006000,30.57,74.16,1005.39,32.38,64.67,1005.06,1,0,RULES,1,1,1,
2026-09-28 17:52:52,c1-rule,2007000,30.56,74.42,1005.37,32.38,64.73,1005.03,1,0,RULES,1,1,1,
2026-09-28 17:52:53,c1-rule,2008000,30.57,76.05,1005.43,32.38,64.66,1005.03,1,0,RULES,1,1,1,
2026-09-28 17:52:54,c1-rule,2009000,30.57,78.44,1005.47,32.39,64.96,1004.98,1,0,RULES,1,1,1,
2026-09-28 17:52:55,c1-rule,2010000,30.58,79.38,1005.42,32.39,64.80,1005.07,1,0,RULES,1,1,1,
2026-09-28 17:52:56,c1-rule,2011000,30.58,80.49,1005.51,32.38,64.96,1005.00,1,0,RULES,1,1,1,
2026-09-28 17:52:57,c1-rule,2012000,30.58,80.96,1005.43,32.39,64.78,1005.01,1,0,RULES,1,1,1,
2026-09-28 17:52:58,c1-rule,2013000,30.60,81.49,1005.45,32.39,64.96,1005.01,1,0,RULES,1,1,1,
2026-09-28 17:52:59,c1-rule,2014000,30.61,81.96,1005.43,32.38,64.98,1005.00,1,0,RULES,1,1,1,
2026-09-28 17:53:00,c1-rule,2015000,30.60,81.26,1005.48,32.39,64.89,1005.01,1,0,RULES,1,1,1,
2026-09-28 17:53:01,c1-rule,2016000,30.59,79.39,1005.44,32.39,64.98,1005.02,1,0,RULES,1,1,1,
2026-09-28 17:53:02,c1-rule,2017000,30.59,77.38,1005.44,32.39,64.85,1005.04,1,0,RULES,1,1,1,
2026-09-28 17:53:03,c1-rule,2018000,30.58,78.26,1005.40,32.39,64.86,1005.05,1,0,RULES,1,1,1,
2026-09-28 17:53:04,c1-rule,2019000,30.58,79.79,1005.39,32.39,64.58,1005.01,1,0,RULES,1,1,1,
2026-09-28 17:53:05,c1-rule,2020000,30.56,79.43,1005.45,32.38,64.67,1004.95,1,0,RULES,1,1,1,
2026-09-28 17:53:06,c1-rule,2021000,30.57,78.37,1005.44,32.39,64.69,1005.05,1,0,RULES,1,1,1,
2026-09-28 17:53:07,c1-rule,2022000,30.57,78.92,1005.44,32.39,64.61,1005.05,1,0,RULES,1,1,1,
2026-09-28 17:53:08,c1-rule,2023000,30.58,80.64,1005.39,32.40,64.70,1005.03,1,0,RULES,1,1,1,
2026-09-28 17:53:09,c1-rule,2024000,30.61,81.23,1005.43,32.39,64.66,1004.99,1,0,RULES,1,1,1,
2026-09-28 17:53:10,c1-rule,2025000,30.57,79.33,1005.44,32.39,64.59,1005.02,1,0,RULES,1,1,1,
2026-09-28 17:53:11,c1-rule,2026000,30.57,77.73,1005.39,32.39,64.63,1005.01,1,0,RULES,1,1,1,
2026-09-28 17:53:12,c1-rule,2027000,30.58,78.01,1005.40,32.40,64.62,1005.03,1,0,RULES,1,1,1,
2026-09-28 17:53:13,c1-rule,2028000,30.59,78.26,1005.44,32.39,64.68,1004.95,1,0,RULES,1,1,1,
2026-09-28 17:53:14,c1-rule,2029000,30.58,77.19,1005.46,32.39,64.74,1005.01,1,0,RULES,1,1,1,
2026-09-28 17:53:15,c1-rule,2030000,30.57,75.95,1005.41,32.39,64.76,1005.07,1,0,RULES,1,1,1,
2026-09-28 17:53:16,c1-rule,2031000,30.57,76.09,1005.44,32.40,64.87,1005.03,1,0,RULES,1,1,1,
2026-09-28 17:53:17,c1-rule,2032000,30.57,76.39,1005.43,32.40,64.63,1005.05,1,0,RULES,1,1,1,
2026-09-28 17:53:18,c1-rule,2033000,30.58,77.78,1005.42,32.40,64.69,1005.03,1,0,RULES,1,1,1,
2026-09-28 17:53:19,c1-rule,2034000,30.58,78.71,1005.40,32.40,64.77,1005.03,1,0,RULES,1,1,1,
2026-09-28 17:53:20,c1-rule,2035000,30.57,76.36,1005.44,32.39,64.73,1004.99,1,0,RULES,1,1,1,
2026-09-28 17:53:21,c1-rule,2036000,30.57,75.30,1005.41,32.39,64.67,1005.05,1,0,RULES,1,1,1,
2026-09-28 17:53:22,c1-rule,2037000,30.57,76.68,1005.44,32.39,64.74,1005.07,1,0,RULES,1,1,1,
2026-09-28 17:53:23,c1-rule,2038000,30.58,76.52,1005.39,32.39,64.76,1005.01,1,0,RULES,1,1,1,
2026-09-28 17:53:24,c1-rule,2039000,30.58,76.77,1005.39,32.39,65.00,1005.02,1,0,RULES,1,1,1,
2026-09-28 17:53:25,c1-rule,2040000,30.58,77.26,1005.39,32.39,64.74,1005.07,1,0,RULES,1,1,1,
2026-09-28 17:53:26,c1-rule,2041000,30.60,78.46,1005.45,32.40,64.63,1005.03,1,0,RULES,1,1,1,
2026-09-28 17:53:27,c1-rule,2042000,30.59,79.88,1005.41,32.40,64.64,1005.03,1,0,RULES,1,1,1,
2026-09-28 17:53:28,c1-rule,2043000,30.60,80.21,1005.42,32.40,64.70,1004.98,1,0,RULES,1,1,1,
2026-09-28 17:53:29,c1-rule,2044000,30.60,80.45,1005.48,32.39,64.64,1005.12,1,0,RULES,1,1,1,
2026-09-28 17:53:30,c1-rule,2045000,30.60,79.55,1005.45,32.39,64.63,1005.04,1,0,RULES,1,1,1,
2026-09-28 17:53:31,c1-rule,2046000,30.61,79.68,1005.41,32.39,64.71,1005.05,1,0,RULES,1,1,1,
2026-09-28 17:53:32,c1-rule,2047000,30.61,79.80,1005.46,32.39,64.66,1004.98,1,0,RULES,1,1,1,
2026-09-28 17:53:33,c1-rule,2048000,30.61,80.30,1005.33,32.38,64.71,1005.00,1,0,RULES,1,1,1,
2026-09-28 17:53:34,c1-rule,2049000,30.61,80.32,1005.41,32.39,64.72,1005.05,1,0,RULES,1,1,1,
2026-09-28 17:53:35,c1-rule,2050000,30.61,80.33,1005.36,32.39,64.74,1005.05,1,0,RULES,1,1,1,
2026-09-28 17:53:36,c1-rule,2051000,30.62,79.96,1005.45,32.39,64.62,1005.02,1,0,RULES,1,1,1,
2026-09-28 17:53:37,c1-rule,2052000,30.61,79.37,1005.44,32.39,64.95,1005.01,1,0,RULES,1,1,1,
2026-09-28 17:53:38,c1-rule,2053000,30.60,78.40,1005.42,32.39,64.80,1005.07,1,0,RULES,1,1,1,
2026-09-28 17:53:39,c1-rule,2054000,30.60,77.67,1005.39,32.39,64.87,1004.99,1,0,RULES,1,1,1,
2026-09-28 17:53:40,c1-rule,2055000,30.61,76.96,1005.35,32.39,64.98,1005.01,1,0,RULES,1,1,1,
2026-09-28 17:53:41,c1-rule,2056000,30.60,77.75,1005.47,32.39,64.96,1005.01,1,0,RULES,1,1,1,
2026-09-28 17:53:42,c1-rule,2057000,30.59,77.99,1005.41,32.39,64.96,1005.02,1,0,RULES,1,1,1,
2026-09-28 17:53:43,c1-rule,2058000,30.60,78.01,1005.45,32.39,64.75,1004.99,1,0,RULES,1,1,1,
2026-09-28 17:53:44,c1-rule,2059000,30.58,77.13,1005.40,32.39,64.74,1005.01,1,0,RULES,1,1,1,
2026-09-28 17:53:45,c1-rule,2060000,30.58,76.21,1005.35,32.38,64.73,1005.09,1,0,RULES,1,1,1,
2026-09-28 17:53:46,c1-rule,2061000,30.58,75.89,1005.37,32.38,64.94,1005.00,1,0,RULES,1,1,1,
2026-09-28 17:53:47,c1-rule,2062000,30.59,75.62,1005.35,32.39,65.00,1005.09,1,0,RULES,1,1,1,
2026-09-28 17:53:48,c1-rule,2063000,30.59,76.53,1005.50,32.38,65.00,1004.99,1,0,RULES,1,1,1,
2026-09-28 17:53:49,c1-rule,2064000,30.58,76.90,1005.37,32.38,64.98,1005.00,1,0,RULES,1,1,1,
2026-09-28 17:53:50,c1-rule,2065000,30.60,76.62,1005.47,32.38,64.74,1005.06,1,0,RULES,1,1,1,
2026-09-28 17:53:51,c1-rule,2066000,30.59,77.43,1005.41,32.38,64.73,1005.00,1,0,RULES,1,1,1,
2026-09-28 17:53:52,c1-rule,2067000,30.58,75.90,1005.51,32.37,64.89,1005.04,1,0,RULES,1,1,1,
2026-09-28 17:53:53,c1-rule,2068000,30.58,75.59,1005.39,32.37,64.85,1005.01,1,0,RULES,1,1,1,
2026-09-28 17:53:54,c1-rule,2069000,30.57,75.80,1005.41,32.38,65.03,1005.03,1,0,RULES,1,1,1,
2026-09-28 17:53:55,c1-rule,2070000,30.58,76.19,1005.43,32.38,65.07,1005.00,1,0,RULES,1,1,1,
2026-09-28 17:53:56,c1-rule,2071000,30.58,78.07,1005.45,32.39,65.09,1005.04,1,0,RULES,1,1,1,
2026-09-28 17:53:57,c1-rule,2072000,30.58,79.49,1005.40,32.38,65.14,1005.03,1,0,RULES,1,1,1,
2026-09-28 17:53:58,c1-rule,2073000,30.57,79.74,1005.44,32.38,64.92,1004.95,1,0,RULES,1,1,1,
2026-09-28 17:53:59,c1-rule,2074000,30.57,79.48,1005.44,32.38,64.88,1005.00,1,0,RULES,1,1,1,
2026-09-28 17:54:00,c1-rule,2075000,30.57,78.98,1005.41,32.39,64.71,1005.05,1,0,RULES,1,1,1,
2026-09-28 17:54:01,c1-rule,2076000,30.56,78.39,1005.48,32.39,64.84,1005.05,1,0,RULES,1,1,1,
2026-09-28 17:54:02,c1-rule,2077000,30.56,78.72,1005.42,32.39,64.95,1005.07,1,0,RULES,1,1,1,
2026-09-28 17:54:03,c1-rule,2078000,30.56,78.10,1005.42,32.38,64.97,1005.00,1,0,RULES,1,1,1,
2026-09-28 17:54:04,c1-rule,2079000,30.55,78.19,1005.43,32.39,65.08,1005.07,1,0,RULES,1,1,1,
2026-09-28 17:54:05,c1-rule,2080000,30.55,78.62,1005.44,32.38,64.83,1005.06,1,0,RULES,1,1,1,
2026-09-28 17:54:06,c1-rule,2081000,30.55,77.43,1005.37,32.39,64.78,1005.01,1,0,RULES,1,1,1,
2026-09-28 17:54:07,c1-rule,2082000,30.55,78.50,1005.41,32.38,64.85,1005.00,1,0,RULES,1,1,1,
2026-09-28 17:54:08,c1-rule,2083000,30.56,78.95,1005.42,32.38,64.77,1004.99,1,0,RULES,1,1,1,
2026-09-28 17:54:09,c1-rule,2084000,30.55,78.11,1005.46,32.39,64.66,1005.02,1,0,RULES,1,1,1,
2026-09-28 17:54:10,c1-rule,2085000,30.56,78.30,1005.43,32.39,64.68,1005.01,1,0,RULES,1,1,1,
2026-09-28 17:54:11,c1-rule,2086000,30.56,78.17,1005.42,32.38,64.74,1004.97,1,0,RULES,1,1,1,
2026-09-28 17:54:12,c1-rule,2087000,30.54,76.77,1005.39,32.38,64.75,1005.02,1,0,RULES,1,1,1,
2026-09-28 17:54:13,c1-rule,2088000,30.55,77.39,1005.41,32.39,65.09,1004.99,1,0,RULES,1,1,1,
2026-09-28 17:54:14,c1-rule,2089000,30.54,76.24,1005.51,32.39,64.90,1005.07,1,0,RULES,1,1,1,
2026-09-28 17:54:15,c1-rule,2090000,30.55,75.82,1005.43,32.38,64.93,1005.02,1,0,RULES,1,1,1,
2026-09-28 17:54:16,c1-rule,2091000,30.54,75.30,1005.45,32.38,64.83,1004.99,1,0,RULES,1,1,1,
2026-09-28 17:54:17,c1-rule,2092000,30.54,75.84,1005.45,32.38,64.85,1005.00,1,0,RULES,1,1,1,
2026-09-28 17:54:18,c1-rule,2093000,30.55,75.17,1005.46,32.37,65.02,1004.96,1,0,RULES,1,1,1,
2026-09-28 17:54:19,c1-rule,2094000,30.53,74.76,1005.43,32.38,64.73,1004.99,1,0,RULES,1,1,1,
2026-09-28 17:54:20,c1-rule,2095000,30.55,75.26,1005.40,32.38,64.93,1005.05,1,0,RULES,1,1,1,
2026-09-28 17:54:21,c1-rule,2096000,30.54,75.27,1005.42,32.37,64.81,1005.01,1,0,RULES,1,1,1,
2026-09-28 17:54:22,c1-rule,2097000,30.54,74.91,1005.42,32.38,64.80,1004.99,1,0,RULES,1,1,1,
2026-09-28 17:54:23,c1-rule,2098000,30.55,74.90,1005.41,32.37,64.74,1005.04,1,0,RULES,1,1,1,
2026-09-28 17:54:24,c1-rule,2099000,30.54,74.80,1005.39,32.38,64.71,1005.06,1,0,RULES,1,1,1,
2026-09-28 17:54:25,c1-rule,2100000,30.54,76.07,1005.39,32.38,64.84,1005.02,1,0,RULES,1,1,1,
2026-09-28 17:54:26,c1-rule,2101000,30.56,77.94,1005.47,32.37,64.85,1004.98,1,0,RULES,1,1,1,
2026-09-28 17:54:27,c1-rule,2102000,30.55,78.25,1005.43,32.37,65.11,1005.01,1,0,RULES,1,1,1,
2026-09-28 17:54:28,c1-rule,2103000,30.54,76.51,1005.39,32.37,64.84,1005.04,1,0,RULES,1,1,1,
2026-09-28 17:54:29,c1-rule,2104000,30.55,78.12,1005.37,32.37,64.85,1005.01,1,0,RULES,1,1,1,
2026-09-28 17:54:30,c1-rule,2105000,30.53,78.22,1005.43,32.37,64.76,1005.04,1,0,RULES,1,1,1,
2026-09-28 17:54:31,c1-rule,2106000,30.54,77.32,1005.44,32.37,64.84,1005.04,1,0,RULES,1,1,1,
2026-09-28 17:54:32,c1-rule,2107000,30.53,75.84,1005.41,32.37,64.84,1005.03,1,0,RULES,1,1,1,
2026-09-28 17:54:33,c1-rule,2108000,30.53,75.91,1005.43,32.37,65.09,1005.04,1,0,RULES,1,1,1,
2026-09-28 17:54:34,c1-rule,2109000,30.54,75.70,1005.42,32.37,64.90,1005.04,1,0,RULES,1,1,1,
2026-09-28 17:54:35,c1-rule,2110000,30.54,75.96,1005.42,32.37,64.89,1005.01,1,0,RULES,1,1,1,
2026-09-28 17:54:36,c1-rule,2111000,30.54,75.25,1005.45,32.36,64.83,1004.97,1,0,RULES,1,1,1,
2026-09-28 17:54:37,c1-rule,2112000,30.54,75.16,1005.42,32.37,64.98,1005.03,1,0,RULES,1,1,1,
2026-09-28 17:54:38,c1-rule,2113000,30.54,74.88,1005.45,32.36,64.85,1005.00,1,0,RULES,1,1,1,
2026-09-28 17:54:39,c1-rule,2114000,30.54,74.34,1005.39,32.37,64.89,1004.99,1,0,RULES,1,1,1,
2026-09-28 17:54:40,c1-rule,2115000,30.56,73.86,1005.36,32.37,65.00,1005.01,1,0,RULES,1,1,1,
2026-09-28 17:54:41,c1-rule,2116000,30.57,75.57,1005.39,32.37,65.01,1005.01,1,0,RULES,1,1,1,
2026-09-28 17:54:42,c1-rule,2117000,30.57,75.99,1005.41,32.37,64.99,1005.03,1,0,RULES,1,1,1,
2026-09-28 17:54:43,c1-rule,2118000,30.57,75.12,1005.41,32.37,64.77,1005.01,1,0,RULES,1,1,1,
2026-09-28 17:54:44,c1-rule,2119000,30.58,75.50,1005.42,32.37,64.85,1004.96,1,0,RULES,1,1,1,
2026-09-28 17:54:45,c1-rule,2120000,30.58,75.54,1005.46,32.37,65.06,1005.01,1,0,RULES,1,1,1,
2026-09-28 17:54:46,c1-rule,2121000,30.59,76.06,1005.41,32.37,65.09,1004.98,1,0,RULES,1,1,1,
2026-09-28 17:54:47,c1-rule,2122000,30.58,74.97,1005.40,32.37,64.81,1005.04,1,0,RULES,1,1,1,
2026-09-28 17:54:48,c1-rule,2123000,30.61,75.64,1005.43,32.37,64.81,1004.98,1,0,RULES,1,1,1,
2026-09-28 17:54:49,c1-rule,2124000,30.61,76.74,1005.43,32.37,64.82,1005.01,1,0,RULES,1,1,1,
2026-09-28 17:54:50,c1-rule,2125000,30.60,75.78,1005.43,32.37,64.77,1005.03,1,0,RULES,1,1,1,
2026-09-28 17:54:51,c1-rule,2126000,30.60,75.89,1005.36,32.37,64.92,1005.03,1,0,RULES,1,1,1,
2026-09-28 17:54:52,c1-rule,2127000,30.60,77.63,1005.42,32.36,64.75,1004.94,1,0,RULES,1,1,1,
2026-09-28 17:54:53,c1-rule,2128000,30.60,77.56,1005.42,32.36,64.82,1005.05,1,0,RULES,1,1,1,
2026-09-28 17:54:54,c1-rule,2129000,30.57,76.49,1005.44,32.36,64.84,1004.97,1,0,RULES,1,1,1,
2026-09-28 17:54:55,c1-rule,2130000,30.58,76.21,1005.39,32.36,64.92,1005.05,1,0,RULES,1,1,1,
2026-09-28 17:54:56,c1-rule,2131000,30.60,76.26,1005.42,32.36,64.82,1004.99,1,0,RULES,1,1,1,
2026-09-28 17:54:57,c1-rule,2132000,30.60,77.47,1005.42,32.35,64.91,1005.04,1,0,RULES,1,1,1,
2026-09-28 17:54:58,c1-rule,2133000,30.60,76.95,1005.40,32.36,64.84,1005.03,1,0,RULES,1,1,1,
2026-09-28 17:54:59,c1-rule,2134000,30.60,75.26,1005.42,32.35,65.14,1005.07,1,0,RULES,1,1,1,
2026-09-28 17:55:00,c1-rule,2135000,30.60,75.81,1005.39,32.36,65.13,1004.97,1,0,RULES,1,1,1,
2026-09-28 17:55:01,c1-rule,2136000,30.59,75.88,1005.41,32.36,65.07,1004.96,1,0,RULES,1,1,1,
2026-09-28 17:55:02,c1-rule,2137000,30.59,75.32,1005.44,32.35,64.83,1004.95,1,0,RULES,1,1,1,
2026-09-28 17:55:03,c1-rule,2138000,30.60,76.27,1005.45,32.36,64.83,1005.05,1,0,RULES,1,1,1,
2026-09-28 17:55:04,c1-rule,2139000,30.60,76.40,1005.48,32.35,64.85,1005.01,1,0,RULES,1,1,1,
2026-09-28 17:55:05,c1-rule,2140000,30.59,76.74,1005.38,32.36,64.87,1004.96,1,0,RULES,1,1,1,
2026-09-28 17:55:06,c1-rule,2141000,30.57,76.17,1005.41,32.36,64.91,1004.97,1,0,RULES,1,1,1,
2026-09-28 17:55:07,c1-rule,2142000,30.57,75.69,1005.43,32.36,64.96,1005.02,1,0,RULES,1,1,1,
2026-09-28 17:55:08,c1-rule,2143000,30.55,76.98,1005.41,32.36,65.03,1005.03,1,0,RULES,1,1,1,
2026-09-28 17:55:09,c1-rule,2144000,30.57,77.67,1005.43,32.35,64.85,1004.95,1,0,RULES,1,1,1,
2026-09-28 17:55:10,c1-rule,2145000,30.56,77.84,1005.43,32.36,64.92,1005.02,1,0,RULES,1,1,1,
2026-09-28 17:55:11,c1-rule,2146000,30.57,77.51,1005.38,32.37,65.23,1005.01,1,0,RULES,1,1,1,
2026-09-28 17:55:12,c1-rule,2147000,30.56,77.17,1005.31,32.37,65.10,1005.04,1,0,RULES,1,1,1,
2026-09-28 17:55:13,c1-rule,2148000,30.58,76.55,1005.46,32.36,64.90,1004.97,1,0,RULES,1,1,1,
2026-09-28 17:55:14,c1-rule,2149000,30.57,76.41,1005.38,32.36,65.00,1005.05,1,0,RULES,1,1,1,
2026-09-28 17:55:15,c1-rule,2150000,30.58,76.72,1005.45,32.36,64.80,1005.00,1,0,RULES,1,1,1,
2026-09-28 17:55:16,c1-rule,2151000,30.58,76.92,1005.43,32.36,64.88,1004.97,1,0,RULES,1,1,1,
2026-09-28 17:55:17,c1-rule,,,,,,,,,,,,,,mist A=0 B=0 (burst cap)
2026-09-28 17:55:17,c1-rule,2152000,30.60,78.96,1005.34,32.37,64.93,1005.03,0,0,RULES,1,1,1,
2026-09-28 17:55:18,c1-rule,2153000,30.58,77.69,1005.40,32.36,65.17,1005.03,0,0,RULES,1,1,1,
2026-09-28 17:55:19,c1-rule,2154000,30.58,77.33,1005.39,32.36,65.04,1005.00,0,0,RULES,1,1,1,
2026-09-28 17:55:20,c1-rule,2155000,30.58,76.25,1005.39,32.36,64.78,1005.03,0,0,RULES,1,1,1,
2026-09-28 17:55:21,c1-rule,2156000,30.57,76.36,1005.41,32.36,64.87,1005.05,0,0,RULES,1,1,1,
2026-09-28 17:55:22,c1-rule,2157000,30.58,77.34,1005.29,32.36,64.91,1005.00,0,0,RULES,1,1,1,
2026-09-28 17:55:23,c1-rule,2158000,30.60,77.04,1005.39,32.36,65.12,1005.03,0,0,RULES,1,1,1,
2026-09-28 17:55:24,c1-rule,2159000,30.58,77.19,1005.43,32.35,65.19,1005.01,0,0,RULES,1,1,1,
2026-09-28 17:55:25,c1-rule,2160000,30.60,76.82,1005.42,32.36,65.12,1005.03,0,0,RULES,1,1,1,
2026-09-28 17:55:26,c1-rule,2161000,30.60,75.81,1005.33,32.37,65.21,1005.03,0,0,RULES,1,1,1,
2026-09-28 17:55:27,c1-rule,2162000,30.60,74.95,1005.43,32.36,64.92,1005.03,0,0,RULES,1,1,1,
2026-09-28 17:55:28,c1-rule,2163000,30.62,74.72,1005.37,32.36,65.11,1005.02,0,0,RULES,1,1,1,
2026-09-28 17:55:29,c1-rule,2164000,30.61,74.21,1005.32,32.36,64.83,1005.02,0,0,RULES,1,1,1,
2026-09-28 17:55:30,c1-rule,2165000,30.62,74.65,1005.46,32.36,64.74,1004.93,0,0,RULES,1,1,1,
2026-09-28 17:55:31,c1-rule,2166000,30.62,75.09,1005.35,32.36,64.94,1005.03,0,0,RULES,1,1,1,
2026-09-28 17:55:32,c1-rule,2167000,30.63,75.16,1005.44,32.36,65.04,1005.03,0,0,RULES,1,1,1,
2026-09-28 17:55:33,c1-rule,2168000,30.64,74.84,1005.46,32.36,65.13,1005.05,0,0,RULES,1,1,1,
2026-09-28 17:55:34,c1-rule,2169000,30.64,74.50,1005.37,32.37,65.15,1005.01,0,0,RULES,1,1,1,
2026-09-28 17:55:35,c1-rule,2170000,30.65,73.86,1005.41,32.36,64.91,1004.99,0,0,RULES,1,1,1,
2026-09-28 17:55:36,c1-rule,2171000,30.66,73.86,1005.40,32.36,64.86,1005.02,0,0,RULES,1,1,1,
2026-09-28 17:55:37,c1-rule,2172000,30.66,73.80,1005.43,32.37,65.08,1005.01,0,0,RULES,1,1,1,
2026-09-28 17:55:38,c1-rule,2173000,30.67,73.60,1005.37,32.37,65.07,1005.03,0,0,RULES,1,1,1,
2026-09-28 17:55:39,c1-rule,2174000,30.68,73.68,1005.38,32.37,65.17,1005.01,0,0,RULES,1,1,1,
2026-09-28 17:55:40,c1-rule,2175000,30.68,74.70,1005.44,32.36,64.88,1005.00,0,0,RULES,1,1,1,
2026-09-28 17:55:41,c1-rule,2176000,30.70,75.00,1005.35,32.35,64.88,1004.98,0,0,RULES,1,1,1,
2026-09-28 17:55:42,c1-rule,2177000,30.71,74.77,1005.34,32.37,65.13,1005.03,0,0,RULES,1,1,1,
2026-09-28 17:55:43,c1-rule,2178000,30.70,74.66,1005.42,32.36,65.12,1005.05,0,0,RULES,1,1,1,
2026-09-28 17:55:44,c1-rule,2179000,30.72,74.21,1005.37,32.36,64.88,1005.08,0,0,RULES,1,1,1,
2026-09-28 17:55:45,c1-rule,2180000,30.74,74.64,1005.36,32.36,65.10,1005.05,0,0,RULES,1,1,1,
2026-09-28 17:55:46,c1-rule,2181000,30.74,74.76,1005.42,32.36,64.90,1005.02,0,0,RULES,1,1,1,
2026-09-28 17:55:47,c1-rule,2182000,30.74,74.64,1005.43,32.37,64.93,1005.03,0,0,RULES,1,1,1,
2026-09-28 17:55:48,c1-rule,2183000,30.75,75.40,1005.42,32.36,64.94,1005.08,0,0,RULES,1,1,1,
2026-09-28 17:55:49,c1-rule,2184000,30.76,75.10,1005.46,32.37,64.92,1004.98,0,0,RULES,1,1,1,
2026-09-28 17:55:50,c1-rule,2185000,30.77,75.15,1005.42,32.37,64.85,1005.03,0,0,RULES,1,1,1,
2026-09-28 17:55:51,c1-rule,2186000,30.78,75.67,1005.44,32.37,64.80,1005.04,0,0,RULES,1,1,1,
2026-09-28 17:55:52,c1-rule,2187000,30.78,75.38,1005.34,32.36,64.93,1005.03,0,0,RULES,1,1,1,
2026-09-28 17:55:53,c1-rule,2188000,30.80,75.72,1005.46,32.37,65.16,1005.01,0,0,RULES,1,1,1,
2026-09-28 17:55:54,c1-rule,2189000,30.81,76.06,1005.48,32.37,64.90,1005.04,0,0,RULES,1,1,1,
2026-09-28 17:55:55,c1-rule,2190000,30.81,75.25,1005.36,32.38,64.86,1005.03,0,0,RULES,1,1,1,
2026-09-28 17:55:56,c1-rule,2191000,30.82,74.84,1005.41,32.37,64.81,1005.04,0,0,RULES,1,1,1,
2026-09-28 17:55:57,c1-rule,2192000,30.82,74.71,1005.42,32.37,64.94,1004.98,0,0,RULES,1,1,1,
2026-09-28 17:55:58,c1-rule,2193000,30.83,75.26,1005.37,32.38,64.90,1005.05,0,0,RULES,1,1,1,
2026-09-28 17:55:59,c1-rule,2194000,30.84,74.07,1005.38,32.38,65.14,1005.05,0,0,RULES,1,1,1,
2026-09-28 17:56:00,c1-rule,2195000,30.85,73.99,1005.34,32.37,65.17,1005.04,0,0,RULES,1,1,1,
2026-09-28 17:56:01,c1-rule,2196000,30.87,75.15,1005.46,32.37,65.19,1005.01,0,0,RULES,1,1,1,
2026-09-28 17:56:02,c1-rule,2197000,30.87,75.49,1005.38,32.38,65.22,1005.00,0,0,RULES,1,1,1,
2026-09-28 17:56:03,c1-rule,2198000,30.89,75.35,1005.38,32.37,65.16,1005.07,0,0,RULES,1,1,1,
2026-09-28 17:56:04,c1-rule,2199000,30.89,75.55,1005.38,32.37,65.15,1005.04,0,0,RULES,1,1,1,
2026-09-28 17:56:05,c1-rule,2200000,30.91,75.41,1005.41,32.38,65.01,1004.99,0,0,RULES,1,1,1,
2026-09-28 17:56:06,c1-rule,2201000,30.91,74.76,1005.44,32.37,65.04,1005.03,0,0,RULES,1,1,1,
2026-09-28 17:56:07,c1-rule,2202000,30.92,73.99,1005.44,32.38,65.24,1005.03,0,0,RULES,1,1,1,
2026-09-28 17:56:08,c1-rule,2203000,30.93,74.53,1005.42,32.38,65.10,1005.09,0,0,RULES,1,1,1,
2026-09-28 17:56:09,c1-rule,2204000,30.94,75.22,1005.43,32.38,65.11,1004.99,0,0,RULES,1,1,1,
2026-09-28 17:56:10,c1-rule,2205000,30.94,75.98,1005.40,32.38,65.06,1005.03,0,0,RULES,1,1,1,
2026-09-28 17:56:11,c1-rule,2206000,30.95,75.68,1005.46,32.38,65.24,1005.03,0,0,RULES,1,1,1,
2026-09-28 17:56:12,c1-rule,2207000,30.95,75.46,1005.46,32.38,65.14,1004.97,0,0,RULES,1,1,1,
2026-09-28 17:56:13,c1-rule,2208000,30.96,75.11,1005.41,32.38,65.05,1005.06,0,0,RULES,1,1,1,
2026-09-28 17:56:14,c1-rule,2209000,30.97,75.02,1005.40,32.38,65.15,1005.03,0,0,RULES,1,1,1,
2026-09-28 17:56:15,c1-rule,2210000,30.98,75.66,1005.44,32.38,65.08,1004.99,0,0,RULES,1,1,1,
2026-09-28 17:56:16,c1-rule,2211000,30.99,75.71,1005.36,32.37,65.16,1005.01,0,0,RULES,1,1,1,
2026-09-28 17:56:17,c1-rule,,,,,,,,,,,,,,mist A=1 B=0 (below lo)
2026-09-28 17:56:17,c1-rule,2212000,31.00,75.14,1005.41,32.38,64.82,1005.02,1,0,RULES,1,1,1,
2026-09-28 17:56:18,c1-rule,2213000,31.00,75.57,1005.39,32.37,65.03,1004.99,1,0,RULES,1,1,1,
2026-09-28 17:56:19,c1-rule,2214000,31.02,76.02,1005.44,32.38,65.17,1004.99,1,0,RULES,1,1,1,
2026-09-28 17:56:20,c1-rule,2215000,31.03,75.44,1005.43,32.37,64.89,1004.93,1,0,RULES,1,1,1,
2026-09-28 17:56:21,c1-rule,2216000,31.02,75.04,1005.39,32.38,65.06,1005.02,1,0,RULES,1,1,1,
2026-09-28 17:56:22,c1-rule,2217000,31.04,75.08,1005.40,32.38,65.19,1005.06,1,0,RULES,1,1,1,
2026-09-28 17:56:23,c1-rule,2218000,31.04,74.66,1005.44,32.38,65.20,1005.02,1,0,RULES,1,1,1,
2026-09-28 17:56:24,c1-rule,2219000,31.03,74.83,1005.44,32.38,64.99,1005.03,1,0,RULES,1,1,1,
2026-09-28 17:56:25,c1-rule,2220000,31.05,74.79,1005.41,32.38,65.20,1004.99,1,0,RULES,1,1,1,
2026-09-28 17:56:26,c1-rule,2221000,31.06,74.99,1005.43,32.38,65.20,1004.97,1,0,RULES,1,1,1,
2026-09-28 17:56:27,c1-rule,2222000,31.06,75.29,1005.42,32.37,65.09,1005.01,1,0,RULES,1,1,1,
2026-09-28 17:56:28,c1-rule,2223000,31.05,74.50,1005.38,32.38,65.29,1005.00,1,0,RULES,1,1,1,
2026-09-28 17:56:29,c1-rule,2224000,31.06,74.09,1005.42,32.39,65.17,1005.05,1,0,RULES,1,1,1,
2026-09-28 17:56:30,c1-rule,2225000,31.04,73.86,1005.34,32.38,64.86,1004.97,1,0,RULES,1,1,1,
2026-09-28 17:56:31,c1-rule,2226000,31.07,74.31,1005.44,32.39,64.93,1005.01,1,0,RULES,1,1,1,
2026-09-28 17:56:32,c1-rule,2227000,31.06,73.49,1005.49,32.38,65.06,1005.03,1,0,RULES,1,1,1,
2026-09-28 17:56:33,c1-rule,2228000,31.07,73.87,1005.41,32.39,64.88,1005.04,1,0,RULES,1,1,1,
2026-09-28 17:56:34,c1-rule,2229000,31.06,75.46,1005.46,32.39,65.18,1005.01,1,0,RULES,1,1,1,
2026-09-28 17:56:35,c1-rule,2230000,31.07,75.45,1005.44,32.40,65.06,1004.97,1,0,RULES,1,1,1,
2026-09-28 17:56:36,c1-rule,2231000,31.06,75.05,1005.49,32.39,64.88,1005.07,1,0,RULES,1,1,1,
2026-09-28 17:56:37,c1-rule,2232000,31.08,76.39,1005.49,32.39,64.83,1004.98,1,0,RULES,1,1,1,
2026-09-28 17:56:38,c1-rule,2233000,31.08,77.40,1005.40,32.39,64.79,1005.02,1,0,RULES,1,1,1,
2026-09-28 17:56:39,c1-rule,2234000,31.07,75.50,1005.47,32.39,64.92,1005.02,1,0,RULES,1,1,1,
2026-09-28 17:56:40,c1-rule,2235000,31.07,75.64,1005.45,32.39,64.86,1005.02,1,0,RULES,1,1,1,
2026-09-28 17:56:41,c1-rule,2236000,31.07,76.55,1005.45,32.39,65.00,1005.02,1,0,RULES,1,1,1,
2026-09-28 17:56:42,c1-rule,2237000,31.08,77.34,1005.46,32.39,64.91,1005.01,1,0,RULES,1,1,1,
2026-09-28 17:56:43,c1-rule,2238000,31.08,78.22,1005.40,32.39,64.90,1005.04,1,0,RULES,1,1,1,
2026-09-28 17:56:44,c1-rule,2239000,31.08,78.37,1005.46,32.39,65.24,1005.01,1,0,RULES,1,1,1,
2026-09-28 17:56:45,c1-rule,2240000,31.08,78.66,1005.46,32.39,65.21,1005.04,1,0,RULES,1,1,1,
2026-09-28 17:56:46,c1-rule,2241000,31.07,77.15,1005.42,32.40,65.06,1005.01,1,0,RULES,1,1,1,
2026-09-28 17:56:47,c1-rule,2242000,31.07,75.27,1005.47,32.39,65.13,1005.02,1,0,RULES,1,1,1,
2026-09-28 17:56:48,c1-rule,2243000,31.08,76.12,1005.51,32.39,65.18,1005.02,1,0,RULES,1,1,1,
2026-09-28 17:56:49,c1-rule,2244000,31.06,75.51,1005.43,32.40,65.16,1005.05,1,0,RULES,1,1,1,
2026-09-28 17:56:50,c1-rule,2245000,31.05,75.33,1005.36,32.40,65.14,1005.03,1,0,RULES,1,1,1,
2026-09-28 17:56:51,c1-rule,2246000,31.05,75.99,1005.44,32.39,64.90,1004.99,1,0,RULES,1,1,1,
2026-09-28 17:56:52,c1-rule,2247000,31.04,76.44,1005.44,32.40,65.12,1005.03,1,0,RULES,1,1,1,
2026-09-28 17:56:53,c1-rule,2248000,31.04,76.74,1005.37,32.40,65.13,1005.05,1,0,RULES,1,1,1,
2026-09-28 17:56:54,c1-rule,2249000,31.02,76.07,1005.41,32.40,64.99,1005.03,1,0,RULES,1,1,1,
2026-09-28 17:56:55,c1-rule,2250000,31.03,75.15,1005.43,32.40,65.09,1004.97,1,0,RULES,1,1,1,
2026-09-28 17:56:56,c1-rule,2251000,31.02,75.02,1005.47,32.40,65.17,1005.01,1,0,RULES,1,1,1,
2026-09-28 17:56:57,c1-rule,2252000,31.03,75.37,1005.44,32.40,65.00,1005.06,1,0,RULES,1,1,1,
2026-09-28 17:56:58,c1-rule,2253000,31.02,76.11,1005.39,32.40,64.95,1005.01,1,0,RULES,1,1,1,
2026-09-28 17:56:59,c1-rule,2254000,31.03,77.03,1005.41,32.40,64.89,1005.03,1,0,RULES,1,1,1,
2026-09-28 17:57:00,c1-rule,2255000,31.01,76.48,1005.37,32.40,64.97,1005.05,1,0,RULES,1,1,1,
2026-09-28 17:57:01,c1-rule,2256000,31.02,75.98,1005.41,32.39,65.06,1005.05,1,0,RULES,1,1,1,
2026-09-28 17:57:02,c1-rule,2257000,31.01,77.70,1005.43,32.40,64.86,1005.08,1,0,RULES,1,1,1,
2026-09-28 17:57:03,c1-rule,2258000,30.99,75.92,1005.43,32.40,64.87,1004.97,1,0,RULES,1,1,1,
2026-09-28 17:57:04,c1-rule,2259000,31.00,75.99,1005.39,32.40,64.86,1005.03,1,0,RULES,1,1,1,
2026-09-28 17:57:05,c1-rule,2260000,31.00,76.28,1005.46,32.40,64.88,1005.00,1,0,RULES,1,1,1,
2026-09-28 17:57:06,c1-rule,2261000,30.99,76.44,1005.37,32.40,65.15,1004.97,1,0,RULES,1,1,1,
2026-09-28 17:57:07,c1-rule,2262000,30.99,78.25,1005.37,32.40,65.02,1005.03,1,0,RULES,1,1,1,
2026-09-28 17:57:08,c1-rule,2263000,30.97,76.55,1005.40,32.39,65.26,1005.05,1,0,RULES,1,1,1,
2026-09-28 17:57:09,c1-rule,2264000,30.98,77.02,1005.38,32.40,65.12,1005.03,1,0,RULES,1,1,1,
2026-09-28 17:57:10,c1-rule,2265000,30.99,79.11,1005.39,32.40,65.22,1005.01,1,0,RULES,1,1,1,
2026-09-28 17:57:11,c1-rule,2266000,30.98,79.45,1005.41,32.40,65.15,1004.97,1,0,RULES,1,1,1,
2026-09-28 17:57:12,c1-rule,2267000,30.97,77.89,1005.45,32.39,65.09,1005.02,1,0,RULES,1,1,1,
2026-09-28 17:57:13,c1-rule,2268000,30.99,77.96,1005.45,32.40,65.17,1005.03,1,0,RULES,1,1,1,
2026-09-28 17:57:14,c1-rule,2269000,30.99,79.56,1005.43,32.40,65.12,1005.06,1,0,RULES,1,1,1,
2026-09-28 17:57:15,c1-rule,2270000,30.96,79.28,1005.44,32.40,65.11,1005.03,1,0,RULES,1,1,1,
2026-09-28 17:57:16,c1-rule,2271000,30.97,80.41,1005.45,32.41,64.94,1004.99,1,0,RULES,1,1,1,
2026-09-28 17:57:17,c1-rule,2272000,30.96,79.84,1005.42,32.40,64.91,1005.01,1,0,RULES,1,1,1,
2026-09-28 17:57:18,c1-rule,2273000,30.97,80.59,1005.45,32.41,64.88,1004.99,1,0,RULES,1,1,1,
2026-09-28 17:57:19,c1-rule,2274000,30.96,79.28,1005.41,32.42,64.93,1005.02,1,0,RULES,1,1,1,
2026-09-28 17:57:20,c1-rule,2275000,30.95,77.56,1005.43,32.40,64.98,1005.03,1,0,RULES,1,1,1,
2026-09-28 17:57:21,c1-rule,2276000,30.96,78.26,1005.44,32.41,64.90,1005.07,1,0,RULES,1,1,1,
2026-09-28 17:57:22,c1-rule,2277000,30.96,79.55,1005.47,32.42,65.02,1004.99,1,0,RULES,1,1,1,
2026-09-28 17:57:23,c1-rule,2278000,30.97,80.45,1005.40,32.40,64.92,1005.06,1,0,RULES,1,1,1,
2026-09-28 17:57:24,c1-rule,2279000,30.97,80.96,1005.42,32.42,64.89,1004.97,1,0,RULES,1,1,1,
2026-09-28 17:57:25,c1-rule,2280000,30.94,78.78,1005.41,32.42,65.10,1005.05,1,0,RULES,1,1,1,
2026-09-28 17:57:26,c1-rule,2281000,30.95,78.02,1005.36,32.40,64.79,1004.98,1,0,RULES,1,1,1,
2026-09-28 17:57:27,c1-rule,2282000,30.94,77.71,1005.38,32.42,64.89,1004.99,1,0,RULES,1,1,1,
2026-09-28 17:57:28,c1-rule,2283000,30.94,77.95,1005.41,32.41,64.85,1005.10,1,0,RULES,1,1,1,
2026-09-28 17:57:29,c1-rule,2284000,30.94,77.65,1005.46,32.41,64.85,1004.99,1,0,RULES,1,1,1,
2026-09-28 17:57:30,c1-rule,2285000,30.93,77.25,1005.42,32.42,65.08,1005.02,1,0,RULES,1,1,1,
2026-09-28 17:57:31,c1-rule,2286000,30.95,79.22,1005.45,32.42,65.05,1005.05,1,0,RULES,1,1,1,
2026-09-28 17:57:32,c1-rule,2287000,30.94,80.38,1005.43,32.42,64.95,1005.05,1,0,RULES,1,1,1,
2026-09-28 17:57:33,c1-rule,2288000,30.92,79.09,1005.46,32.42,64.92,1004.98,1,0,RULES,1,1,1,
2026-09-28 17:57:34,c1-rule,2289000,30.92,78.54,1005.46,32.41,64.91,1005.01,1,0,RULES,1,1,1,
2026-09-28 17:57:35,c1-rule,2290000,30.94,79.88,1005.46,32.42,64.88,1005.03,1,0,RULES,1,1,1,
2026-09-28 17:57:36,c1-rule,2291000,30.94,81.34,1005.46,32.42,65.13,1005.02,1,0,RULES,1,1,1,
2026-09-28 17:57:37,c1-rule,2292000,30.95,82.34,1005.42,32.42,64.93,1005.06,1,0,RULES,1,1,1,
2026-09-28 17:57:38,c1-rule,2293000,30.96,82.91,1005.46,32.42,64.81,1005.06,1,0,RULES,1,1,1,
2026-09-28 17:57:39,c1-rule,2294000,30.96,83.22,1005.44,32.43,64.86,1005.09,1,0,RULES,1,1,1,
2026-09-28 17:57:40,c1-rule,2295000,30.92,81.02,1005.40,32.42,64.86,1005.09,1,0,RULES,1,1,1,
2026-09-28 17:57:41,c1-rule,2296000,30.90,79.27,1005.46,32.44,65.05,1005.03,1,0,RULES,1,1,1,
2026-09-28 17:57:42,c1-rule,2297000,30.91,78.03,1005.47,32.44,64.88,1005.03,1,0,RULES,1,1,1,
2026-09-28 17:57:43,c1-rule,2298000,30.90,78.36,1005.48,32.43,64.87,1004.99,1,0,RULES,1,1,1,
2026-09-28 17:57:44,c1-rule,2299000,30.89,79.65,1005.46,32.43,64.83,1005.01,1,0,RULES,1,1,1,
2026-09-28 17:57:45,c1-rule,2300000,30.88,80.59,1005.40,32.43,64.87,1005.02,1,0,RULES,1,1,1,
2026-09-28 17:57:46,c1-rule,2301000,30.90,81.69,1005.51,32.43,64.91,1005.02,1,0,RULES,1,1,1,
2026-09-28 17:57:47,c1-rule,2302000,30.91,82.60,1005.47,32.43,64.89,1005.05,1,0,RULES,1,1,1,
2026-09-28 17:57:48,c1-rule,2303000,30.87,81.76,1005.46,32.43,64.98,1004.98,1,0,RULES,1,1,1,
2026-09-28 17:57:49,c1-rule,2304000,30.86,81.10,1005.45,32.42,65.21,1005.03,1,0,RULES,1,1,1,
2026-09-28 17:57:50,c1-rule,2305000,30.85,79.54,1005.48,32.42,65.15,1005.00,1,0,RULES,1,1,1,
2026-09-28 17:57:51,c1-rule,2306000,30.84,78.86,1005.47,32.42,64.95,1005.05,1,0,RULES,1,1,1,
2026-09-28 17:57:52,c1-rule,2307000,30.82,77.68,1005.42,32.41,64.95,1005.04,1,0,RULES,1,1,1,
2026-09-28 17:57:53,c1-rule,2308000,30.83,77.16,1005.45,32.41,64.82,1005.04,1,0,RULES,1,1,1,
2026-09-28 17:57:54,c1-rule,2309000,30.81,77.38,1005.46,32.40,64.91,1005.01,1,0,RULES,1,1,1,
2026-09-28 17:57:55,c1-rule,2310000,30.80,78.44,1005.46,32.42,64.95,1005.03,1,0,RULES,1,1,1,
2026-09-28 17:57:56,c1-rule,2311000,30.78,76.87,1005.46,32.40,64.99,1005.03,1,0,RULES,1,1,1,
2026-09-28 17:57:57,c1-rule,2312000,30.77,76.55,1005.48,32.40,64.97,1005.03,1,0,RULES,1,1,1,
2026-09-28 17:57:58,c1-rule,2313000,30.77,77.24,1005.36,32.41,65.11,1005.04,1,0,RULES,1,1,1,
2026-09-28 17:57:59,c1-rule,2314000,30.76,77.62,1005.46,32.40,65.14,1004.98,1,0,RULES,1,1,1,
2026-09-28 17:58:00,c1-rule,2315000,30.77,76.89,1005.39,32.40,65.12,1005.09,1,0,RULES,1,1,1,
2026-09-28 17:58:01,c1-rule,2316000,30.77,78.67,1005.47,32.40,64.92,1005.03,1,0,RULES,1,1,1,
2026-09-28 17:58:02,c1-rule,2317000,30.76,80.42,1005.42,32.40,64.88,1005.03,1,0,RULES,1,1,1,
2026-09-28 17:58:03,c1-rule,2318000,30.72,78.48,1005.45,32.40,65.03,1005.03,1,0,RULES,1,1,1,
2026-09-28 17:58:04,c1-rule,2319000,30.73,78.28,1005.43,32.40,64.94,1005.01,1,0,RULES,1,1,1,
2026-09-28 17:58:05,c1-rule,2320000,30.73,76.92,1005.43,32.39,64.92,1005.02,1,0,RULES,1,1,1,
2026-09-28 17:58:06,c1-rule,2321000,30.72,75.98,1005.40,32.39,64.98,1005.02,1,0,RULES,1,1,1,
2026-09-28 17:58:07,c1-rule,2322000,30.72,76.29,1005.44,32.39,64.99,1005.02,1,0,RULES,1,1,1,
2026-09-28 17:58:08,c1-rule,2323000,30.72,76.78,1005.45,32.39,64.93,1005.02,1,0,RULES,1,1,1,
2026-09-28 17:58:09,c1-rule,2324000,30.73,78.85,1005.43,32.40,64.95,1005.03,1,0,RULES,1,1,1,
2026-09-28 17:58:10,c1-rule,2325000,30.73,79.53,1005.38,32.40,64.91,1005.03,1,0,RULES,1,1,1,
2026-09-28 17:58:11,c1-rule,2326000,30.73,80.08,1005.46,32.39,64.93,1005.02,1,0,RULES,1,1,1,
2026-09-28 17:58:12,c1-rule,2327000,30.71,80.42,1005.49,32.40,64.95,1005.03,1,0,RULES,1,1,1,
2026-09-28 17:58:13,c1-rule,2328000,30.70,79.88,1005.45,32.40,65.00,1005.00,1,0,RULES,1,1,1,
2026-09-28 17:58:14,c1-rule,2329000,30.70,79.18,1005.47,32.40,64.98,1005.03,1,0,RULES,1,1,1,
2026-09-28 17:58:15,c1-rule,2330000,30.70,78.81,1005.39,32.39,65.05,1005.05,1,0,RULES,1,1,1,
2026-09-28 17:58:16,c1-rule,2331000,30.69,77.66,1005.40,32.41,65.25,1005.07,1,0,RULES,1,1,1,
2026-09-28 17:58:17,c1-rule,2332000,30.70,77.09,1005.41,32.41,64.96,1005.10,1,0,RULES,1,1,1,
2026-09-28 17:58:18,c1-rule,,,,,,,,,,,,,,mist A=0 B=0 (mode change)
2026-09-28 17:58:18,c1-rule,,,,,,,,,,,,,,mode OFF
2026-09-28 17:58:18,c1-rule,2333000,30.70,76.22,1005.45,32.39,65.28,1004.96,0,0,OFF,1,1,1,
2026-09-28 17:58:19,c1-rule,2334000,30.70,77.30,1005.44,32.40,65.05,1005.05,0,0,OFF,1,1,1,
2026-09-28 17:58:19,c2-dry,,,,,,,,,,,,,,mode OFF
2026-09-28 17:58:19,c2-dry,,,,,,,,,,,,,,MARK  cycle 2 dry-down: lid off until inside <= 73.0 %
2026-09-28 17:58:20,c2-dry,2335000,30.70,78.27,1005.45,32.40,65.18,1005.03,0,0,OFF,1,1,1,
2026-09-28 17:58:21,c2-dry,2336000,30.72,79.25,1005.44,32.40,65.32,1005.03,0,0,OFF,1,1,1,
2026-09-28 17:58:22,c2-dry,2337000,30.71,80.03,1005.31,32.39,65.26,1005.02,0,0,OFF,1,1,1,
2026-09-28 17:58:23,c2-dry,2338000,30.73,80.59,1005.40,32.40,65.08,1005.05,0,0,OFF,1,1,1,
2026-09-28 17:58:24,c2-dry,2339000,30.72,80.63,1005.45,32.39,65.25,1005.02,0,0,OFF,1,1,1,
2026-09-28 17:58:25,c2-dry,2340000,30.73,81.12,1005.46,32.40,65.26,1005.06,0,0,OFF,1,1,1,
2026-09-28 17:58:26,c2-dry,2341000,30.74,81.47,1005.45,32.40,65.37,1005.01,0,0,OFF,1,1,1,
2026-09-28 17:58:27,c2-dry,2342000,30.75,81.68,1005.41,32.40,65.24,1005.00,0,0,OFF,1,1,1,
2026-09-28 17:58:28,c2-dry,2343000,30.75,81.88,1005.44,32.40,65.25,1005.03,0,0,OFF,1,1,1,
2026-09-28 17:58:29,c2-dry,2344000,30.76,82.21,1005.42,32.40,65.32,1005.03,0,0,OFF,1,1,1,
2026-09-28 17:58:30,c2-dry,2345000,30.78,82.45,1005.40,32.40,65.05,1005.03,0,0,OFF,1,1,1,
2026-09-28 17:58:31,c2-dry,2346000,30.78,82.72,1005.49,32.40,65.48,1005.03,0,0,OFF,1,1,1,
2026-09-28 17:58:32,c2-dry,2347000,30.79,82.85,1005.44,32.40,65.05,1005.01,0,0,OFF,1,1,1,
2026-09-28 17:58:33,c2-dry,2348000,30.80,82.91,1005.47,32.40,65.41,1005.03,0,0,OFF,1,1,1,
2026-09-28 17:58:34,c2-dry,2349000,30.81,82.86,1005.48,32.40,65.34,1005.06,0,0,OFF,1,1,1,
2026-09-28 17:58:35,c2-dry,2350000,30.82,82.73,1005.47,32.41,65.40,1005.04,0,0,OFF,1,1,1,
2026-09-28 17:58:36,c2-dry,2351000,30.82,82.54,1005.39,32.40,65.42,1005.03,0,0,OFF,1,1,1,
2026-09-28 17:58:37,c2-dry,2352000,30.83,82.62,1005.43,32.41,65.37,1005.04,0,0,OFF,1,1,1,
2026-09-28 17:58:38,c2-dry,2353000,30.85,82.65,1005.43,32.40,65.28,1005.03,0,0,OFF,1,1,1,
2026-09-28 17:58:39,c2-dry,2354000,30.86,82.61,1005.44,32.41,65.28,1005.07,0,0,OFF,1,1,1,
2026-09-28 17:58:40,c2-dry,2355000,30.87,82.64,1005.49,32.40,65.37,1004.92,0,0,OFF,1,1,1,
2026-09-28 17:58:41,c2-dry,2356000,30.87,82.73,1005.47,32.40,65.32,1004.98,0,0,OFF,1,1,1,
2026-09-28 17:58:42,c2-dry,2357000,30.88,82.75,1005.48,32.42,65.41,1005.05,0,0,OFF,1,1,1,
2026-09-28 17:58:43,c2-dry,2358000,30.89,82.94,1005.46,32.42,65.41,1005.05,0,0,OFF,1,1,1,
2026-09-28 17:58:44,c2-dry,2359000,30.90,82.95,1005.48,32.41,65.41,1005.04,0,0,OFF,1,1,1,
2026-09-28 17:58:45,c2-dry,2360000,30.92,83.20,1005.46,32.41,65.36,1005.01,0,0,OFF,1,1,1,
2026-09-28 17:58:46,c2-dry,2361000,30.92,83.38,1005.44,32.42,65.24,1005.05,0,0,OFF,1,1,1,
2026-09-28 17:58:47,c2-dry,2362000,30.93,83.20,1005.47,32.42,65.09,1005.06,0,0,OFF,1,1,1,
2026-09-28 17:58:48,c2-dry,2363000,30.93,83.42,1005.42,32.41,65.23,1005.04,0,0,OFF,1,1,1,
2026-09-28 17:58:49,c2-dry,2364000,30.95,83.53,1005.46,32.41,65.30,1005.04,0,0,OFF,1,1,1,
2026-09-28 17:58:50,c2-dry,2365000,30.97,83.56,1005.48,32.43,65.34,1005.07,0,0,OFF,1,1,1,
2026-09-28 17:58:51,c2-dry,2366000,30.97,83.56,1005.48,32.43,65.25,1005.07,0,0,OFF,1,1,1,
2026-09-28 17:58:52,c2-dry,2367000,30.98,83.58,1005.49,32.43,65.30,1005.04,0,0,OFF,1,1,1,
2026-09-28 17:58:53,c2-dry,2368000,30.99,83.64,1005.39,32.43,65.30,1005.07,0,0,OFF,1,1,1,
2026-09-28 17:58:54,c2-dry,2369000,30.99,83.78,1005.48,32.42,65.28,1005.06,0,0,OFF,1,1,1,
2026-09-28 17:58:55,c2-dry,2370000,31.01,83.74,1005.52,32.42,65.14,1005.06,0,0,OFF,1,1,1,
2026-09-28 17:58:56,c2-dry,2371000,31.01,83.75,1005.45,32.43,65.34,1005.01,0,0,OFF,1,1,1,
2026-09-28 17:58:57,c2-dry,2372000,31.01,83.88,1005.38,32.42,65.37,1005.00,0,0,OFF,1,1,1,
2026-09-28 17:58:58,c2-dry,2373000,31.04,83.77,1005.44,32.43,65.36,1005.02,0,0,OFF,1,1,1,
2026-09-28 17:58:59,c2-dry,2374000,31.05,83.79,1005.43,32.43,65.45,1005.04,0,0,OFF,1,1,1,
2026-09-28 17:59:00,c2-dry,2375000,31.04,83.82,1005.45,32.43,65.22,1004.98,0,0,OFF,1,1,1,
2026-09-28 17:59:01,c2-dry,2376000,31.05,83.68,1005.47,32.43,65.31,1005.07,0,0,OFF,1,1,1,
2026-09-28 17:59:02,c2-dry,2377000,31.07,83.79,1005.49,32.43,65.32,1005.05,0,0,OFF,1,1,1,
2026-09-28 17:59:03,c2-dry,2378000,31.06,83.77,1005.46,32.43,65.35,1005.07,0,0,OFF,1,1,1,
2026-09-28 17:59:04,c2-dry,2379000,31.08,83.76,1005.45,32.44,65.21,1005.06,0,0,OFF,1,1,1,
2026-09-28 17:59:05,c2-dry,2380000,31.08,83.92,1005.43,32.44,65.01,1005.03,0,0,OFF,1,1,1,
2026-09-28 17:59:06,c2-dry,2381000,31.10,83.91,1005.49,32.45,65.35,1005.04,0,0,OFF,1,1,1,
2026-09-28 17:59:07,c2-dry,2382000,31.10,83.84,1005.46,32.44,65.21,1005.09,0,0,OFF,1,1,1,
2026-09-28 17:59:08,c2-dry,2383000,31.10,83.96,1005.47,32.45,65.02,1005.04,0,0,OFF,1,1,1,
2026-09-28 17:59:09,c2-dry,2384000,31.12,84.08,1005.49,32.44,65.19,1005.03,0,0,OFF,1,1,1,
2026-09-28 17:59:10,c2-dry,2385000,31.12,84.00,1005.46,32.44,65.24,1005.03,0,0,OFF,1,1,1,
2026-09-28 17:59:11,c2-dry,2386000,31.12,84.04,1005.50,32.45,65.33,1005.04,0,0,OFF,1,1,1,
2026-09-28 17:59:12,c2-dry,2387000,31.13,84.16,1005.49,32.45,65.11,1005.02,0,0,OFF,1,1,1,
2026-09-28 17:59:13,c2-dry,2388000,31.15,84.02,1005.48,32.45,64.99,1005.07,0,0,OFF,1,1,1,
2026-09-28 17:59:14,c2-dry,2389000,31.15,83.96,1005.45,32.45,65.26,1005.04,0,0,OFF,1,1,1,
2026-09-28 17:59:15,c2-dry,2390000,31.15,84.02,1005.46,32.45,65.28,1005.11,0,0,OFF,1,1,1,
2026-09-28 17:59:16,c2-dry,2391000,31.16,84.15,1005.41,32.45,65.13,1005.04,0,0,OFF,1,1,1,
2026-09-28 17:59:17,c2-dry,2392000,31.17,84.05,1005.43,32.46,65.33,1005.06,0,0,OFF,1,1,1,
2026-09-28 17:59:18,c2-dry,2393000,31.18,84.00,1005.47,32.45,65.29,1005.02,0,0,OFF,1,1,1,
2026-09-28 17:59:19,c2-dry,2394000,31.18,84.12,1005.47,32.45,65.12,1005.05,0,0,OFF,1,1,1,
2026-09-28 17:59:20,c2-dry,2395000,31.19,84.05,1005.53,32.45,65.18,1005.00,0,0,OFF,1,1,1,
2026-09-28 17:59:21,c2-dry,2396000,31.20,84.10,1005.45,32.45,65.05,1005.07,0,0,OFF,1,1,1,
2026-09-28 17:59:22,c2-dry,2397000,31.19,84.08,1005.46,32.45,64.99,1005.02,0,0,OFF,1,1,1,
2026-09-28 17:59:23,c2-dry,2398000,31.20,84.10,1005.40,32.45,65.19,1005.05,0,0,OFF,1,1,1,
2026-09-28 17:59:24,c2-dry,2399000,31.21,84.10,1005.45,32.46,65.11,1005.06,0,0,OFF,1,1,1,
2026-09-28 17:59:25,c2-dry,2400000,31.22,84.17,1005.52,32.46,65.37,1005.06,0,0,OFF,1,1,1,
2026-09-28 17:59:26,c2-dry,2401000,31.22,84.13,1005.46,32.45,65.33,1005.04,0,0,OFF,1,1,1,
2026-09-28 17:59:27,c2-dry,2402000,31.22,84.18,1005.45,32.45,65.23,1005.02,0,0,OFF,1,1,1,
2026-09-28 17:59:28,c2-dry,2403000,31.24,84.29,1005.47,32.46,65.15,1005.09,0,0,OFF,1,1,1,
2026-09-28 17:59:29,c2-dry,2404000,31.24,84.32,1005.44,32.46,65.40,1005.06,0,0,OFF,1,1,1,
2026-09-28 17:59:30,c2-dry,2405000,31.25,84.38,1005.45,32.46,65.26,1005.09,0,0,OFF,1,1,1,
2026-09-28 17:59:31,c2-dry,2406000,31.25,84.38,1005.45,32.46,65.27,1005.04,0,0,OFF,1,1,1,
2026-09-28 17:59:32,c2-dry,2407000,31.27,84.46,1005.48,32.45,65.10,1005.02,0,0,OFF,1,1,1,
2026-09-28 17:59:33,c2-dry,2408000,31.27,84.34,1005.46,32.46,65.00,1005.00,0,0,OFF,1,1,1,
2026-09-28 17:59:34,c2-dry,2409000,31.28,84.47,1005.47,32.46,65.27,1005.03,0,0,OFF,1,1,1,
2026-09-28 17:59:35,c2-dry,2410000,31.28,84.54,1005.47,32.46,65.29,1005.03,0,0,OFF,1,1,1,
2026-09-28 17:59:36,c2-dry,2411000,31.29,84.44,1005.45,32.46,65.23,1005.07,0,0,OFF,1,1,1,
2026-09-28 17:59:37,c2-dry,2412000,31.30,84.61,1005.50,32.46,65.06,1005.01,0,0,OFF,1,1,1,
2026-09-28 17:59:38,c2-dry,2413000,31.30,84.64,1005.51,32.46,65.36,1005.01,0,0,OFF,1,1,1,
2026-09-28 17:59:39,c2-dry,2414000,31.30,84.56,1005.48,32.46,65.06,1005.03,0,0,OFF,1,1,1,
2026-09-28 17:59:40,c2-dry,2415000,31.30,84.67,1005.48,32.46,65.28,1005.04,0,0,OFF,1,1,1,
2026-09-28 17:59:41,c2-dry,2416000,31.31,84.58,1005.49,32.47,64.91,1005.05,0,0,OFF,1,1,1,
2026-09-28 17:59:42,c2-dry,2417000,31.31,84.67,1005.44,32.47,65.05,1005.02,0,0,OFF,1,1,1,
2026-09-28 17:59:43,c2-dry,2418000,31.33,84.67,1005.47,32.46,65.27,1005.04,0,0,OFF,1,1,1,
2026-09-28 17:59:44,c2-dry,2419000,31.33,84.62,1005.50,32.46,64.92,1005.00,0,0,OFF,1,1,1,
2026-09-28 17:59:45,c2-dry,2420000,31.33,84.64,1005.39,32.47,64.98,1005.07,0,0,OFF,1,1,1,
2026-09-28 17:59:46,c2-dry,2421000,31.34,84.64,1005.48,32.47,65.00,1005.03,0,0,OFF,1,1,1,
2026-09-28 17:59:47,c2-dry,2422000,31.35,84.64,1005.43,32.47,65.18,1005.05,0,0,OFF,1,1,1,
2026-09-28 17:59:48,c2-dry,2423000,31.35,84.49,1005.49,32.47,65.05,1005.00,0,0,OFF,1,1,1,
2026-09-28 17:59:49,c2-dry,2424000,31.36,84.57,1005.50,32.47,65.14,1005.03,0,0,OFF,1,1,1,
2026-09-28 17:59:50,c2-dry,2425000,31.38,84.70,1005.51,32.47,65.15,1005.08,0,0,OFF,1,1,1,
2026-09-28 17:59:51,c2-dry,2426000,31.37,84.52,1005.47,32.47,65.14,1005.05,0,0,OFF,1,1,1,
2026-09-28 17:59:52,c2-dry,2427000,31.38,84.56,1005.48,32.48,65.16,1005.06,0,0,OFF,1,1,1,
2026-09-28 17:59:53,c2-dry,2428000,31.38,84.64,1005.59,32.47,65.00,1005.08,0,0,OFF,1,1,1,
2026-09-28 17:59:54,c2-dry,2429000,31.39,84.65,1005.47,32.47,64.89,1005.05,0,0,OFF,1,1,1,
2026-09-28 17:59:55,c2-dry,2430000,31.39,84.60,1005.49,32.47,65.15,1005.08,0,0,OFF,1,1,1,
2026-09-28 17:59:56,c2-dry,2431000,31.40,84.55,1005.46,32.48,64.93,1005.01,0,0,OFF,1,1,1,
2026-09-28 17:59:57,c2-dry,2432000,31.40,84.62,1005.52,32.48,64.88,1005.03,0,0,OFF,1,1,1,
2026-09-28 17:59:58,c2-dry,2433000,31.40,84.61,1005.45,32.47,65.14,1004.97,0,0,OFF,1,1,1,
2026-09-28 17:59:59,c2-dry,2434000,31.41,84.46,1005.44,32.48,64.89,1005.03,0,0,OFF,1,1,1,
2026-09-28 18:00:00,c2-dry,2435000,31.41,84.49,1005.47,32.47,65.04,1005.03,0,0,OFF,1,1,1,
2026-09-28 18:00:01,c2-dry,2436000,31.41,84.47,1005.48,32.49,64.82,1005.02,0,0,OFF,1,1,1,
2026-09-28 18:00:02,c2-dry,2437000,31.43,84.51,1005.47,32.48,65.09,1005.03,0,0,OFF,1,1,1,
2026-09-28 18:00:03,c2-dry,2438000,31.42,84.49,1005.49,32.48,64.88,1005.03,0,0,OFF,1,1,1,
2026-09-28 18:00:04,c2-dry,2439000,31.43,84.39,1005.51,32.48,65.20,1005.03,0,0,OFF,1,1,1,
2026-09-28 18:00:05,c2-dry,2440000,31.43,84.50,1005.51,32.48,64.78,1005.02,0,0,OFF,1,1,1,
2026-09-28 18:00:06,c2-dry,2441000,31.44,84.38,1005.50,32.47,64.84,1005.03,0,0,OFF,1,1,1,
2026-09-28 18:00:07,c2-dry,2442000,31.44,84.49,1005.56,32.49,64.97,1005.02,0,0,OFF,1,1,1,
2026-09-28 18:00:08,c2-dry,2443000,31.45,84.41,1005.48,32.49,64.90,1005.09,0,0,OFF,1,1,1,
2026-09-28 18:00:09,c2-dry,2444000,31.45,84.35,1005.49,32.48,65.05,1005.03,0,0,OFF,1,1,1,
2026-09-28 18:00:10,c2-dry,2445000,31.45,84.49,1005.51,32.48,65.16,1005.02,0,0,OFF,1,1,1,
2026-09-28 18:00:11,c2-dry,2446000,31.45,84.55,1005.43,32.49,64.85,1005.00,0,0,OFF,1,1,1,
2026-09-28 18:00:12,c2-dry,2447000,31.46,84.52,1005.52,32.48,64.81,1005.01,0,0,OFF,1,1,1,
2026-09-28 18:00:13,c2-dry,2448000,31.46,84.47,1005.50,32.49,65.00,1005.05,0,0,OFF,1,1,1,
2026-09-28 18:00:14,c2-dry,2449000,31.47,84.51,1005.49,32.49,64.83,1005.00,0,0,OFF,1,1,1,
2026-09-28 18:00:15,c2-dry,2450000,31.47,84.47,1005.43,32.49,64.78,1005.05,0,0,OFF,1,1,1,
2026-09-28 18:00:16,c2-dry,2451000,31.46,84.50,1005.45,32.49,65.05,1005.06,0,0,OFF,1,1,1,
2026-09-28 18:00:17,c2-dry,2452000,31.47,84.36,1005.43,32.49,65.10,1005.06,0,0,OFF,1,1,1,
2026-09-28 18:00:18,c2-dry,2453000,31.48,84.53,1005.44,32.48,64.78,1005.01,0,0,OFF,1,1,1,
2026-09-28 18:00:19,c2-dry,2454000,31.48,84.46,1005.56,32.49,64.95,1005.06,0,0,OFF,1,1,1,
2026-09-28 18:00:20,c2-dry,2455000,31.45,82.90,1005.43,32.49,65.03,1005.03,0,0,OFF,1,1,1,
2026-09-28 18:00:21,c2-dry,2456000,31.43,80.12,1005.47,32.50,65.03,1005.04,0,0,OFF,1,1,1,
2026-09-28 18:00:22,c2-dry,2457000,31.42,77.12,1005.49,32.48,64.97,1004.99,0,0,OFF,1,1,1,
2026-09-28 18:00:23,c2-dry,2458000,31.42,79.01,1005.44,32.50,65.03,1005.05,0,0,OFF,1,1,1,
2026-09-28 18:00:24,c2-dry,2459000,31.42,80.82,1005.47,32.50,65.01,1005.01,0,0,OFF,1,1,1,
2026-09-28 18:00:25,c2-dry,2460000,31.42,81.79,1005.51,32.50,64.81,1005.07,0,0,OFF,1,1,1,
2026-09-28 18:00:26,c2-dry,2461000,31.41,81.64,1005.47,32.50,65.10,1005.07,0,0,OFF,1,1,1,
2026-09-28 18:00:27,c2-dry,2462000,31.38,79.98,1005.42,32.51,65.05,1005.03,0,0,OFF,1,1,1,
2026-09-28 18:00:28,c2-dry,2463000,31.33,76.08,1005.53,32.49,65.00,1004.95,0,0,OFF,1,1,1,
2026-09-28 18:00:29,c2-dry,2464000,31.33,74.18,1005.49,32.49,65.11,1005.02,0,0,OFF,1,1,1,
2026-09-28 18:00:30,c2-dry,2465000,31.32,73.69,1005.45,32.49,65.14,1004.95,0,0,OFF,1,1,1,
2026-09-28 18:00:31,c2-dry,2466000,31.32,74.29,1005.47,32.49,65.33,1005.05,0,0,OFF,1,1,1,
2026-09-28 18:00:32,c2-dry,2467000,31.31,74.14,1005.49,32.48,65.42,1005.02,0,0,OFF,1,1,1,
2026-09-28 18:00:33,c2-dry,2468000,31.30,74.00,1005.42,32.49,65.35,1005.05,0,0,OFF,1,1,1,
2026-09-28 18:00:34,c2-dry,2469000,31.30,73.29,1005.39,32.49,65.46,1005.02,0,0,OFF,1,1,1,
2026-09-28 18:00:35,c2-dry,2470000,31.27,72.51,1005.49,32.49,65.09,1005.05,0,0,OFF,1,1,1,
2026-09-28 18:00:36,c2-dry,2471000,31.28,71.78,1005.45,32.49,65.32,1005.05,0,0,OFF,1,1,1,
2026-09-28 18:00:37,c2-dry,2472000,31.28,71.04,1005.45,32.48,65.30,1004.99,0,0,OFF,1,1,1,
2026-09-28 18:00:38,c2-dry,2473000,31.31,70.73,1005.37,32.48,65.33,1005.01,0,0,OFF,1,1,1,
2026-09-28 18:00:39,c2-dry,2474000,31.33,70.32,1005.41,32.47,65.18,1004.96,0,0,OFF,1,1,1,
2026-09-28 18:00:40,c2-dry,2475000,31.36,70.27,1005.30,32.47,65.14,1005.03,0,0,OFF,1,1,1,
2026-09-28 18:00:41,c2-dry,2476000,31.39,70.17,1005.42,32.46,65.11,1005.00,0,0,OFF,1,1,1,
2026-09-28 18:00:42,c2-dry,2477000,31.41,69.89,1005.39,32.47,65.18,1005.05,0,0,OFF,1,1,1,
2026-09-28 18:00:43,c2-dry,2478000,31.43,69.67,1005.42,32.45,65.13,1005.02,0,0,OFF,1,1,1,
2026-09-28 18:00:44,c2-dry,2479000,31.47,69.70,1005.40,32.45,65.19,1005.05,0,0,OFF,1,1,1,
2026-09-28 18:00:45,c2-dry,2480000,31.48,69.59,1005.36,32.44,65.41,1005.01,0,0,OFF,1,1,1,
2026-09-28 18:00:46,c2-dry,2481000,31.49,70.01,1005.41,32.45,65.35,1005.05,0,0,OFF,1,1,1,
2026-09-28 18:00:47,c2-dry,2482000,31.50,69.97,1005.45,32.45,65.26,1005.02,0,0,OFF,1,1,1,
2026-09-28 18:00:48,c2-dry,2483000,31.50,69.85,1005.45,32.45,65.36,1005.02,0,0,OFF,1,1,1,
2026-09-28 18:00:49,c2-dry,2484000,31.50,69.70,1005.37,32.44,65.38,1005.03,0,0,OFF,1,1,1,
2026-09-28 18:00:50,c2-dry,2485000,31.49,69.55,1005.43,32.45,65.34,1004.99,0,0,OFF,1,1,1,
2026-09-28 18:00:51,c2-close,2486000,31.50,69.40,1005.40,32.44,65.37,1005.03,0,0,OFF,1,1,1,
2026-09-28 18:00:52,c2-close,2487000,31.50,69.56,1005.45,32.43,65.35,1004.99,0,0,OFF,1,1,1,
2026-09-28 18:00:53,c2-close,2488000,31.51,70.81,1005.46,32.45,65.40,1005.05,0,0,OFF,1,1,1,
2026-09-28 18:00:54,c2-close,2489000,31.52,71.35,1005.42,32.45,65.33,1005.10,0,0,OFF,1,1,1,
2026-09-28 18:00:55,c2-close,2490000,31.52,71.90,1005.39,32.44,65.32,1005.09,0,0,OFF,1,1,1,
2026-09-28 18:00:56,c2-close,2491000,31.52,72.43,1005.46,32.45,65.41,1005.07,0,0,OFF,1,1,1,
2026-09-28 18:00:57,c2-close,2492000,31.53,72.68,1005.49,32.46,65.47,1005.07,0,0,OFF,1,1,1,
2026-09-28 18:00:58,c2-close,2493000,31.52,72.59,1005.37,32.45,65.48,1005.00,0,0,OFF,1,1,1,
2026-09-28 18:00:59,c2-close,2494000,31.52,72.61,1005.40,32.45,65.49,1005.05,0,0,OFF,1,1,1,
2026-09-28 18:01:00,c2-close,2495000,31.52,72.08,1005.49,32.45,65.32,1004.99,0,0,OFF,1,1,1,
2026-09-28 18:01:01,c2-close,2496000,31.53,71.58,1005.44,32.46,65.45,1005.03,0,0,OFF,1,1,1,
2026-09-28 18:01:02,c2-close,2497000,31.52,71.51,1005.39,32.45,65.43,1005.02,0,0,OFF,1,1,1,
2026-09-28 18:01:03,c2-close,2498000,31.52,70.63,1005.40,32.46,65.21,1004.98,0,0,OFF,1,1,1,
2026-09-28 18:01:04,c2-close,2499000,31.52,70.30,1005.49,32.46,65.49,1005.06,0,0,OFF,1,1,1,
2026-09-28 18:01:05,c2-close,2500000,31.52,70.22,1005.37,32.46,65.34,1005.07,0,0,OFF,1,1,1,
2026-09-28 18:01:06,c2-close,2501000,31.52,70.31,1005.40,32.47,65.40,1005.02,0,0,OFF,1,1,1,
2026-09-28 18:01:07,c2-close,2502000,31.53,70.98,1005.44,32.47,65.26,1005.02,0,0,OFF,1,1,1,
2026-09-28 18:01:08,c2-close,2503000,31.53,72.04,1005.42,32.47,65.34,1005.02,0,0,OFF,1,1,1,
2026-09-28 18:01:09,c2-close,2504000,31.54,72.74,1005.43,32.47,65.48,1005.00,0,0,OFF,1,1,1,
2026-09-28 18:01:10,c2-close,2505000,31.54,73.08,1005.41,32.47,65.24,1005.03,0,0,OFF,1,1,1,
2026-09-28 18:01:11,c2-close,2506000,31.54,73.25,1005.43,32.47,65.32,1005.02,0,0,OFF,1,1,1,
2026-09-28 18:01:12,c2-close,2507000,31.55,73.57,1005.41,32.47,65.43,1005.02,0,0,OFF,1,1,1,
2026-09-28 18:01:13,c2-close,2508000,31.54,73.83,1005.43,32.47,65.36,1005.05,0,0,OFF,1,1,1,
2026-09-28 18:01:14,c2-close,2509000,31.55,73.83,1005.44,32.48,65.38,1005.02,0,0,OFF,1,1,1,
2026-09-28 18:01:15,c2-close,2510000,31.55,73.63,1005.36,32.48,65.51,1005.01,0,0,OFF,1,1,1,
2026-09-28 18:01:16,c2-close,2511000,31.55,73.60,1005.44,32.48,65.34,1005.03,0,0,OFF,1,1,1,
2026-09-28 18:01:17,c2-close,2512000,31.55,73.79,1005.39,32.48,65.34,1005.03,0,0,OFF,1,1,1,
2026-09-28 18:01:18,c2-close,2513000,31.55,73.69,1005.48,32.47,65.06,1005.00,0,0,OFF,1,1,1,
2026-09-28 18:01:19,c2-close,2514000,31.56,73.78,1005.43,32.48,65.41,1005.02,0,0,OFF,1,1,1,
2026-09-28 18:01:20,c2-close,2515000,31.56,73.93,1005.40,32.48,65.10,1005.03,0,0,OFF,1,1,1,
2026-09-28 18:01:21,c2-close,2516000,31.56,74.22,1005.44,32.49,65.08,1005.05,0,0,OFF,1,1,1,
2026-09-28 18:01:21,c2-learning,,,,,,,,,,,,,,MARK  cycle 2 lid set to 1 cm (confirmed)
2026-09-28 18:01:21,c2-learning,,,,,,,,,,,,,,"S,mode=OFF,lo=77.0,hi=88.0,max=300,cool=60,man=400,use=A,period=1,in=ok,out=ok,tank=ok,mistA=0,mistB=0"
2026-09-28 18:01:21,c2-learning,,,,,,,,,,,,,,mode MANUAL
2026-09-28 18:01:21,c2-learning,,,,,,,,,,,,,,MARK  cycle 2 learning controller start (seeded from the step test)
2026-09-28 18:01:22,c2-learning,2517000,31.55,74.38,1005.42,32.48,65.08,1005.03,0,0,MANUAL,1,1,1,
2026-09-28 18:01:23,c2-learning,,,,,,,,,,,,,,mist A=1 B=0 (manual)
2026-09-28 18:01:23,c2-learning,2518000,31.56,74.23,1005.44,32.48,65.26,1004.93,1,0,MANUAL,1,1,1,
2026-09-28 18:01:24,c2-learning,2519000,31.57,74.23,1005.45,32.48,64.96,1005.03,1,0,MANUAL,1,1,1,
2026-09-28 18:01:25,c2-learning,2520000,31.56,73.91,1005.43,32.48,64.95,1005.04,1,0,MANUAL,1,1,1,
2026-09-28 18:01:26,c2-learning,2521000,31.57,73.58,1005.45,32.49,64.98,1005.00,1,0,MANUAL,1,1,1,
2026-09-28 18:01:27,c2-learning,2522000,31.57,73.42,1005.39,32.48,64.88,1004.93,1,0,MANUAL,1,1,1,
2026-09-28 18:01:28,c2-learning,2523000,31.56,73.17,1005.41,32.47,64.99,1005.03,1,0,MANUAL,1,1,1,
2026-09-28 18:01:29,c2-learning,2524000,31.56,73.07,1005.38,32.48,64.94,1005.02,1,0,MANUAL,1,1,1,
2026-09-28 18:01:30,c2-learning,2525000,31.56,73.10,1005.33,32.49,65.11,1005.05,1,0,MANUAL,1,1,1,
2026-09-28 18:01:31,c2-learning,2526000,31.57,72.97,1005.42,32.48,64.91,1004.98,1,0,MANUAL,1,1,1,
2026-09-28 18:01:32,c2-learning,2527000,31.56,73.20,1005.37,32.48,64.84,1005.04,1,0,MANUAL,1,1,1,
2026-09-28 18:01:33,c2-learning,2528000,31.58,72.92,1005.41,32.49,64.94,1005.03,1,0,MANUAL,1,1,1,
2026-09-28 18:01:34,c2-learning,2529000,31.57,72.89,1005.33,32.49,65.12,1005.05,1,0,MANUAL,1,1,1,
2026-09-28 18:01:35,c2-learning,2530000,31.57,73.06,1005.42,32.48,64.87,1004.95,1,0,MANUAL,1,1,1,
2026-09-28 18:01:36,c2-learning,2531000,31.58,73.17,1005.43,32.49,64.94,1005.00,1,0,MANUAL,1,1,1,
2026-09-28 18:01:37,c2-learning,2532000,31.57,73.28,1005.48,32.50,64.95,1005.04,1,0,MANUAL,1,1,1,
2026-09-28 18:01:38,c2-learning,2533000,31.57,73.37,1005.42,32.49,64.91,1005.02,1,0,MANUAL,1,1,1,
2026-09-28 18:01:39,c2-learning,2534000,31.58,73.54,1005.41,32.50,65.13,1005.07,1,0,MANUAL,1,1,1,
2026-09-28 18:01:40,c2-learning,2535000,31.57,73.85,1005.40,32.49,64.97,1005.00,1,0,MANUAL,1,1,1,
2026-09-28 18:01:41,c2-learning,2536000,31.57,73.76,1005.36,32.49,65.19,1005.06,1,0,MANUAL,1,1,1,
2026-09-28 18:01:42,c2-learning,2537000,31.57,74.42,1005.39,32.49,64.95,1005.02,1,0,MANUAL,1,1,1,
2026-09-28 18:01:43,c2-learning,2538000,31.58,75.11,1005.41,32.49,64.86,1005.03,1,0,MANUAL,1,1,1,
2026-09-28 18:01:44,c2-learning,2539000,31.59,75.85,1005.39,32.50,64.90,1004.96,1,0,MANUAL,1,1,1,
2026-09-28 18:01:45,c2-learning,2540000,31.58,76.54,1005.41,32.49,64.98,1004.98,1,0,MANUAL,1,1,1,
2026-09-28 18:01:46,c2-learning,2541000,31.59,76.79,1005.48,32.50,64.96,1005.04,1,0,MANUAL,1,1,1,
2026-09-28 18:01:47,c2-learning,2542000,31.59,77.66,1005.42,32.49,64.93,1004.98,1,0,MANUAL,1,1,1,
2026-09-28 18:01:48,c2-learning,2543000,31.59,78.23,1005.49,32.50,64.85,1004.96,1,0,MANUAL,1,1,1,
2026-09-28 18:01:49,c2-learning,2544000,31.59,78.21,1005.39,32.50,65.03,1005.04,1,0,MANUAL,1,1,1,
2026-09-28 18:01:50,c2-learning,2545000,31.59,78.04,1005.42,32.49,64.97,1005.03,1,0,MANUAL,1,1,1,
2026-09-28 18:01:51,c2-learning,2546000,31.58,78.02,1005.43,32.49,65.20,1005.03,1,0,MANUAL,1,1,1,
2026-09-28 18:01:52,c2-learning,2547000,31.58,78.12,1005.38,32.50,65.03,1005.04,1,0,MANUAL,1,1,1,
2026-09-28 18:01:53,c2-learning,2548000,31.59,78.44,1005.42,32.50,64.98,1005.05,1,0,MANUAL,1,1,1,
2026-09-28 18:01:54,c2-learning,2549000,31.59,78.73,1005.42,32.50,65.13,1005.04,1,0,MANUAL,1,1,1,
2026-09-28 18:01:55,c2-learning,2550000,31.58,78.98,1005.46,32.49,65.11,1005.00,1,0,MANUAL,1,1,1,
2026-09-28 18:01:56,c2-learning,2551000,31.59,79.22,1005.42,32.50,65.13,1005.07,1,0,MANUAL,1,1,1,
2026-09-28 18:01:57,c2-learning,2552000,31.58,79.04,1005.38,32.49,64.95,1005.03,1,0,MANUAL,1,1,1,
2026-09-28 18:01:58,c2-learning,2553000,31.59,79.41,1005.40,32.50,65.11,1004.98,1,0,MANUAL,1,1,1,
2026-09-28 18:01:59,c2-learning,2554000,31.59,79.75,1005.49,32.49,65.05,1004.95,1,0,MANUAL,1,1,1,
2026-09-28 18:02:00,c2-learning,2555000,31.58,79.99,1005.47,32.50,64.96,1005.04,1,0,MANUAL,1,1,1,
2026-09-28 18:02:01,c2-learning,2556000,31.58,80.02,1005.38,32.50,65.01,1005.07,1,0,MANUAL,1,1,1,
2026-09-28 18:02:02,c2-learning,2557000,31.58,79.90,1005.46,32.50,65.03,1004.96,1,0,MANUAL,1,1,1,
2026-09-28 18:02:03,c2-learning,2558000,31.59,79.77,1005.39,32.50,65.06,1004.98,1,0,MANUAL,1,1,1,
2026-09-28 18:02:04,c2-learning,2559000,31.58,79.95,1005.41,32.50,65.39,1005.02,1,0,MANUAL,1,1,1,
2026-09-28 18:02:05,c2-learning,2560000,31.58,79.87,1005.41,32.50,64.94,1004.96,1,0,MANUAL,1,1,1,
2026-09-28 18:02:06,c2-learning,2561000,31.58,79.95,1005.41,32.50,65.29,1005.01,1,0,MANUAL,1,1,1,
2026-09-28 18:02:07,c2-learning,2562000,31.57,80.12,1005.40,32.52,65.11,1005.07,1,0,MANUAL,1,1,1,
2026-09-28 18:02:08,c2-learning,2563000,31.58,80.05,1005.46,32.51,65.01,1004.97,1,0,MANUAL,1,1,1,
2026-09-28 18:02:09,c2-learning,2564000,31.58,80.19,1005.49,32.51,65.01,1004.94,1,0,MANUAL,1,1,1,
2026-09-28 18:02:10,c2-learning,2565000,31.58,80.55,1005.38,32.51,65.00,1004.97,1,0,MANUAL,1,1,1,
2026-09-28 18:02:11,c2-learning,2566000,31.56,80.55,1005.35,32.51,64.97,1004.94,1,0,MANUAL,1,1,1,
2026-09-28 18:02:12,c2-learning,2567000,31.57,80.38,1005.45,32.50,64.87,1004.96,1,0,MANUAL,1,1,1,
2026-09-28 18:02:13,c2-learning,2568000,31.58,80.07,1005.46,32.50,64.79,1004.99,1,0,MANUAL,1,1,1,
2026-09-28 18:02:14,c2-learning,2569000,31.56,80.20,1005.44,32.51,64.96,1004.98,1,0,MANUAL,1,1,1,
2026-09-28 18:02:15,c2-learning,2570000,31.56,80.22,1005.41,32.50,64.98,1005.05,1,0,MANUAL,1,1,1,
2026-09-28 18:02:16,c2-learning,2571000,31.57,80.45,1005.42,32.51,64.89,1005.03,1,0,MANUAL,1,1,1,
2026-09-28 18:02:17,c2-learning,2572000,31.57,80.63,1005.47,32.50,64.88,1004.96,1,0,MANUAL,1,1,1,
2026-09-28 18:02:18,c2-learning,2573000,31.57,80.78,1005.47,32.51,64.93,1004.97,1,0,MANUAL,1,1,1,
2026-09-28 18:02:19,c2-learning,2574000,31.57,81.25,1005.39,32.51,64.99,1004.94,1,0,MANUAL,1,1,1,
2026-09-28 18:02:20,c2-learning,2575000,31.57,81.57,1005.45,32.51,64.93,1005.01,1,0,MANUAL,1,1,1,
2026-09-28 18:02:21,c2-learning,2576000,31.57,81.77,1005.39,32.51,64.87,1004.97,1,0,MANUAL,1,1,1,
2026-09-28 18:02:22,c2-learning,2577000,31.57,82.03,1005.45,32.51,64.88,1004.92,1,0,MANUAL,1,1,1,
2026-09-28 18:02:23,c2-learning,2578000,31.57,82.14,1005.42,32.50,65.11,1004.96,1,0,MANUAL,1,1,1,
2026-09-28 18:02:24,c2-learning,2579000,31.56,82.25,1005.43,32.50,64.96,1004.96,1,0,MANUAL,1,1,1,
2026-09-28 18:02:25,c2-learning,2580000,31.57,82.37,1005.45,32.51,65.01,1005.01,1,0,MANUAL,1,1,1,
2026-09-28 18:02:26,c2-learning,2581000,31.57,82.49,1005.45,32.52,64.92,1005.07,1,0,MANUAL,1,1,1,
2026-09-28 18:02:27,c2-learning,2582000,31.56,82.52,1005.44,32.51,64.86,1004.97,1,0,MANUAL,1,1,1,
2026-09-28 18:02:28,c2-learning,2583000,31.55,81.49,1005.41,32.52,64.95,1005.10,1,0,MANUAL,1,1,1,
2026-09-28 18:02:29,c2-learning,2584000,31.55,81.23,1005.41,32.52,64.77,1005.10,1,0,MANUAL,1,1,1,
2026-09-28 18:02:30,c2-learning,2585000,31.55,80.93,1005.50,32.51,64.77,1004.89,1,0,MANUAL,1,1,1,
2026-09-28 18:02:31,c2-learning,2586000,31.55,81.29,1005.41,32.52,65.00,1004.99,1,0,MANUAL,1,1,1,
2026-09-28 18:02:32,c2-learning,2587000,31.55,81.57,1005.42,32.52,64.86,1004.96,1,0,MANUAL,1,1,1,
2026-09-28 18:02:33,c2-learning,2588000,31.55,81.82,1005.39,32.51,64.81,1004.98,1,0,MANUAL,1,1,1,
2026-09-28 18:02:34,c2-learning,2589000,31.55,82.33,1005.41,32.51,65.08,1005.04,1,0,MANUAL,1,1,1,
2026-09-28 18:02:35,c2-learning,2590000,31.56,82.65,1005.43,32.52,64.85,1004.99,1,0,MANUAL,1,1,1,
2026-09-28 18:02:36,c2-learning,2591000,31.55,82.76,1005.36,32.51,64.92,1005.06,1,0,MANUAL,1,1,1,
2026-09-28 18:02:37,c2-learning,2592000,31.54,82.81,1005.34,32.51,64.94,1004.98,1,0,MANUAL,1,1,1,
2026-09-28 18:02:38,c2-learning,2593000,31.53,82.58,1005.39,32.52,64.91,1004.97,1,0,MANUAL,1,1,1,
2026-09-28 18:02:39,c2-learning,2594000,31.53,82.58,1005.45,32.52,64.99,1004.96,1,0,MANUAL,1,1,1,
2026-09-28 18:02:40,c2-learning,2595000,31.54,82.40,1005.45,32.52,64.91,1005.07,1,0,MANUAL,1,1,1,
2026-09-28 18:02:41,c2-learning,2596000,31.54,82.72,1005.45,32.52,64.88,1004.99,1,0,MANUAL,1,1,1,
2026-09-28 18:02:42,c2-learning,2597000,31.54,82.75,1005.37,32.52,64.96,1004.96,1,0,MANUAL,1,1,1,
2026-09-28 18:02:43,c2-learning,2598000,31.54,83.27,1005.43,32.52,64.95,1004.96,1,0,MANUAL,1,1,1,
2026-09-28 18:02:44,c2-learning,2599000,31.54,83.37,1005.48,32.52,64.87,1004.99,1,0,MANUAL,1,1,1,
2026-09-28 18:02:45,c2-learning,2600000,31.54,83.71,1005.45,32.53,64.98,1004.98,1,0,MANUAL,1,1,1,
2026-09-28 18:02:46,c2-learning,2601000,31.54,84.01,1005.37,32.53,64.84,1004.96,1,0,MANUAL,1,1,1,
2026-09-28 18:02:47,c2-learning,2602000,31.54,83.97,1005.46,32.52,64.88,1005.00,1,0,MANUAL,1,1,1,
2026-09-28 18:02:48,c2-learning,2603000,31.54,84.32,1005.45,32.52,64.86,1004.97,1,0,MANUAL,1,1,1,
2026-09-28 18:02:49,c2-learning,2604000,31.54,84.63,1005.46,32.53,64.89,1004.98,1,0,MANUAL,1,1,1,
2026-09-28 18:02:50,c2-learning,2605000,31.55,85.01,1005.44,32.53,64.77,1004.98,1,0,MANUAL,1,1,1,
2026-09-28 18:02:51,c2-learning,2606000,31.54,85.01,1005.45,32.52,64.83,1005.00,1,0,MANUAL,1,1,1,
2026-09-28 18:02:52,c2-learning,2607000,31.55,85.16,1005.50,32.52,64.85,1004.99,1,0,MANUAL,1,1,1,
2026-09-28 18:02:53,c2-learning,2608000,31.54,85.15,1005.45,32.53,64.89,1005.06,1,0,MANUAL,1,1,1,
2026-09-28 18:02:54,c2-learning,2609000,31.54,85.19,1005.46,32.52,64.85,1005.00,1,0,MANUAL,1,1,1,
2026-09-28 18:02:55,c2-learning,2610000,31.55,85.23,1005.44,32.53,64.86,1004.95,1,0,MANUAL,1,1,1,
2026-09-28 18:02:56,c2-learning,2611000,31.54,85.42,1005.41,32.53,64.85,1005.01,1,0,MANUAL,1,1,1,
2026-09-28 18:02:57,c2-learning,2612000,31.55,85.27,1005.39,32.53,65.00,1004.98,1,0,MANUAL,1,1,1,
2026-09-28 18:02:58,c2-learning,2613000,31.54,85.44,1005.41,32.53,64.91,1004.96,1,0,MANUAL,1,1,1,
2026-09-28 18:02:59,c2-learning,2614000,31.55,85.35,1005.51,32.53,64.90,1004.92,1,0,MANUAL,1,1,1,
2026-09-28 18:03:00,c2-learning,2615000,31.55,85.47,1005.53,32.53,64.85,1005.00,1,0,MANUAL,1,1,1,
2026-09-28 18:03:01,c2-learning,2616000,31.54,85.32,1005.46,32.53,64.91,1004.95,1,0,MANUAL,1,1,1,
2026-09-28 18:03:02,c2-learning,2617000,31.54,85.57,1005.49,32.53,64.78,1005.01,1,0,MANUAL,1,1,1,
2026-09-28 18:03:03,c2-learning,2618000,31.54,85.46,1005.48,32.53,64.94,1004.95,1,0,MANUAL,1,1,1,
2026-09-28 18:03:04,c2-learning,2619000,31.52,84.80,1005.48,32.53,64.79,1004.92,1,0,MANUAL,1,1,1,
2026-09-28 18:03:05,c2-learning,2620000,31.50,84.45,1005.45,32.54,64.93,1004.99,1,0,MANUAL,1,1,1,
2026-09-28 18:03:06,c2-learning,2621000,31.52,84.54,1005.46,32.54,65.03,1004.99,1,0,MANUAL,1,1,1,
2026-09-28 18:03:07,c2-learning,2622000,31.47,82.51,1005.46,32.53,65.15,1004.96,1,0,MANUAL,1,1,1,
2026-09-28 18:03:08,c2-learning,2623000,31.47,82.18,1005.46,32.53,64.98,1004.98,1,0,MANUAL,1,1,1,
2026-09-28 18:03:09,c2-learning,2624000,31.48,82.44,1005.41,32.53,65.06,1004.95,1,0,MANUAL,1,1,1,
2026-09-28 18:03:10,c2-learning,2625000,31.44,79.10,1005.41,32.53,65.03,1004.96,1,0,MANUAL,1,1,1,
2026-09-28 18:03:11,c2-learning,2626000,31.41,77.13,1005.45,32.54,64.98,1004.94,1,0,MANUAL,1,1,1,
2026-09-28 18:03:12,c2-learning,2627000,31.40,76.14,1005.48,32.54,65.03,1005.02,1,0,MANUAL,1,1,1,
2026-09-28 18:03:13,c2-learning,2628000,31.39,77.11,1005.41,32.53,65.10,1004.95,1,0,MANUAL,1,1,1,
2026-09-28 18:03:14,c2-learning,2629000,31.38,77.64,1005.45,32.53,64.94,1005.01,1,0,MANUAL,1,1,1,
2026-09-28 18:03:15,c2-learning,2630000,31.36,78.51,1005.39,32.53,64.98,1004.98,1,0,MANUAL,1,1,1,
2026-09-28 18:03:16,c2-learning,2631000,31.33,80.28,1005.44,32.52,64.95,1005.00,1,0,MANUAL,1,1,1,
2026-09-28 18:03:17,c2-learning,2632000,31.28,79.46,1005.44,32.52,65.05,1004.96,1,0,MANUAL,1,1,1,
2026-09-28 18:03:18,c2-learning,2633000,31.25,78.05,1005.34,32.52,65.30,1004.96,1,0,MANUAL,1,1,1,
2026-09-28 18:03:18,c2-learning,,,,,,,,,,,,,,mist A=0 B=0 (manual)
2026-09-28 18:03:19,c2-learning,2634000,31.23,79.57,1005.45,32.52,64.97,1005.00,0,0,MANUAL,1,1,1,
2026-09-28 18:03:20,c2-learning,2635000,31.20,76.92,1005.49,32.52,65.00,1004.99,0,0,MANUAL,1,1,1,
2026-09-28 18:03:21,c2-learning,2636000,31.19,76.77,1005.41,32.52,64.97,1004.93,0,0,MANUAL,1,1,1,
2026-09-28 18:03:22,c2-learning,2637000,31.18,76.61,1005.43,32.52,65.35,1004.97,0,0,MANUAL,1,1,1,
2026-09-28 18:03:23,c2-learning,2638000,31.18,76.71,1005.39,32.51,64.97,1004.98,0,0,MANUAL,1,1,1,
2026-09-28 18:03:24,c2-learning,2639000,31.16,74.58,1005.42,32.52,65.00,1005.04,0,0,MANUAL,1,1,1,
2026-09-28 18:03:25,c2-learning,2640000,31.16,75.27,1005.41,32.51,64.99,1004.95,0,0,MANUAL,1,1,1,
2026-09-28 18:03:26,c2-learning,2641000,31.16,77.22,1005.41,32.52,65.25,1004.90,0,0,MANUAL,1,1,1,
2026-09-28 18:03:27,c2-learning,2642000,31.17,78.69,1005.38,32.52,65.13,1005.04,0,0,MANUAL,1,1,1,
2026-09-28 18:03:28,c2-learning,2643000,31.14,78.30,1005.32,32.51,65.09,1004.97,0,0,MANUAL,1,1,1,
2026-09-28 18:03:29,c2-learning,2644000,31.12,78.11,1005.33,32.51,65.03,1004.98,0,0,MANUAL,1,1,1,
2026-09-28 18:03:30,c2-learning,2645000,31.13,77.03,1005.36,32.51,65.02,1004.98,0,0,MANUAL,1,1,1,
2026-09-28 18:03:31,c2-learning,2646000,31.12,76.66,1005.41,32.51,65.03,1004.98,0,0,MANUAL,1,1,1,
2026-09-28 18:03:32,c2-learning,2647000,31.13,76.70,1005.36,32.51,64.99,1004.97,0,0,MANUAL,1,1,1,
2026-09-28 18:03:33,c2-learning,2648000,31.12,77.08,1005.41,32.51,65.05,1004.97,0,0,MANUAL,1,1,1,
2026-09-28 18:03:34,c2-learning,2649000,31.12,76.94,1005.39,32.51,65.06,1004.94,0,0,MANUAL,1,1,1,
2026-09-28 18:03:35,c2-learning,2650000,31.12,76.01,1005.38,32.51,65.14,1005.00,0,0,MANUAL,1,1,1,
2026-09-28 18:03:36,c2-learning,2651000,31.12,76.23,1005.41,32.51,65.04,1004.98,0,0,MANUAL,1,1,1,
2026-09-28 18:03:37,c2-learning,2652000,31.12,76.36,1005.36,32.50,65.13,1004.96,0,0,MANUAL,1,1,1,
2026-09-28 18:03:38,c2-learning,2653000,31.13,75.96,1005.42,32.50,65.21,1004.90,0,0,MANUAL,1,1,1,
2026-09-28 18:03:39,c2-learning,2654000,31.13,75.65,1005.36,32.50,65.09,1004.98,0,0,MANUAL,1,1,1,
2026-09-28 18:03:40,c2-learning,2655000,31.12,75.03,1005.41,32.50,65.23,1004.96,0,0,MANUAL,1,1,1,
2026-09-28 18:03:41,c2-learning,2656000,31.12,74.76,1005.36,32.49,65.23,1005.00,0,0,MANUAL,1,1,1,
2026-09-28 18:03:42,c2-learning,2657000,31.12,75.20,1005.36,32.50,65.02,1004.96,0,0,MANUAL,1,1,1,
2026-09-28 18:03:43,c2-learning,2658000,31.12,75.15,1005.41,32.50,65.21,1004.94,0,0,MANUAL,1,1,1,
2026-09-28 18:03:44,c2-learning,2659000,31.13,75.25,1005.36,32.49,65.14,1004.98,0,0,MANUAL,1,1,1,
2026-09-28 18:03:45,c2-learning,2660000,31.13,75.62,1005.36,32.50,65.27,1005.04,0,0,MANUAL,1,1,1,
2026-09-28 18:03:46,c2-learning,2661000,31.14,76.28,1005.33,32.49,65.05,1004.95,0,0,MANUAL,1,1,1,
2026-09-28 18:03:47,c2-learning,2662000,31.15,76.73,1005.41,32.48,65.34,1004.90,0,0,MANUAL,1,1,1,
2026-09-28 18:03:48,c2-learning,2663000,31.15,77.56,1005.43,32.50,65.14,1004.98,0,0,MANUAL,1,1,1,
2026-09-28 18:03:49,c2-learning,2664000,31.17,77.84,1005.43,32.49,65.07,1005.02,0,0,MANUAL,1,1,1,
2026-09-28 18:03:50,c2-learning,2665000,31.17,78.28,1005.46,32.48,65.14,1004.93,0,0,MANUAL,1,1,1,
2026-09-28 18:03:51,c2-learning,2666000,31.17,77.66,1005.38,32.48,65.01,1004.90,0,0,MANUAL,1,1,1,
2026-09-28 18:03:52,c2-learning,2667000,31.18,77.63,1005.36,32.48,65.30,1004.92,0,0,MANUAL,1,1,1,
2026-09-28 18:03:53,c2-learning,2668000,31.19,78.70,1005.41,32.47,65.16,1005.03,0,0,MANUAL,1,1,1,
2026-09-28 18:03:54,c2-learning,2669000,31.21,79.51,1005.35,32.49,65.33,1004.94,0,0,MANUAL,1,1,1,
2026-09-28 18:03:55,c2-learning,2670000,31.21,80.33,1005.42,32.47,65.50,1004.94,0,0,MANUAL,1,1,1,
2026-09-28 18:03:56,c2-learning,2671000,31.21,80.34,1005.39,32.47,65.09,1004.94,0,0,MANUAL,1,1,1,
2026-09-28 18:03:57,c2-learning,2672000,31.22,79.55,1005.40,32.48,65.17,1004.95,0,0,MANUAL,1,1,1,
2026-09-28 18:03:58,c2-learning,2673000,31.22,79.09,1005.43,32.47,65.17,1004.94,0,0,MANUAL,1,1,1,
2026-09-28 18:03:59,c2-learning,2674000,31.21,78.81,1005.39,32.48,65.14,1004.98,0,0,MANUAL,1,1,1,
2026-09-28 18:04:00,c2-learning,2675000,31.22,77.68,1005.41,32.46,65.40,1005.00,0,0,MANUAL,1,1,1,
2026-09-28 18:04:01,c2-learning,2676000,31.25,78.96,1005.39,32.47,65.25,1004.88,0,0,MANUAL,1,1,1,
2026-09-28 18:04:02,c2-learning,2677000,31.23,78.06,1005.36,32.47,65.13,1004.91,0,0,MANUAL,1,1,1,
2026-09-28 18:04:03,c2-learning,2678000,31.23,76.34,1005.39,32.47,65.10,1004.96,0,0,MANUAL,1,1,1,
2026-09-28 18:04:04,c2-learning,2679000,31.24,76.44,1005.38,32.47,65.14,1004.88,0,0,MANUAL,1,1,1,
2026-09-28 18:04:05,c2-learning,2680000,31.25,76.83,1005.39,32.47,65.16,1005.00,0,0,MANUAL,1,1,1,
2026-09-28 18:04:06,c2-learning,2681000,31.25,77.21,1005.40,32.46,65.29,1005.00,0,0,MANUAL,1,1,1,
2026-09-28 18:04:07,c2-learning,2682000,31.26,77.74,1005.36,32.47,65.14,1005.02,0,0,MANUAL,1,1,1,
2026-09-28 18:04:08,c2-learning,2683000,31.28,78.09,1005.36,32.47,65.22,1005.02,0,0,MANUAL,1,1,1,
2026-09-28 18:04:09,c2-learning,2684000,31.29,78.82,1005.43,32.47,65.27,1004.91,0,0,MANUAL,1,1,1,
2026-09-28 18:04:10,c2-learning,2685000,31.27,78.50,1005.39,32.46,65.34,1005.01,0,0,MANUAL,1,1,1,
2026-09-28 18:04:11,c2-learning,2686000,31.28,77.79,1005.45,32.46,65.45,1005.06,0,0,MANUAL,1,1,1,
2026-09-28 18:04:12,c2-learning,2687000,31.28,77.89,1005.39,32.45,65.36,1004.97,0,0,MANUAL,1,1,1,
2026-09-28 18:04:13,c2-learning,2688000,31.30,78.22,1005.30,32.46,65.08,1005.00,0,0,MANUAL,1,1,1,
2026-09-28 18:04:14,c2-learning,2689000,31.30,78.35,1005.45,32.45,65.34,1005.00,0,0,MANUAL,1,1,1,
2026-09-28 18:04:15,c2-learning,2690000,31.30,77.26,1005.34,32.45,65.21,1004.97,0,0,MANUAL,1,1,1,
2026-09-28 18:04:16,c2-learning,2691000,31.30,77.71,1005.39,32.46,65.16,1004.98,0,0,MANUAL,1,1,1,
2026-09-28 18:04:17,c2-learning,2692000,31.30,77.69,1005.39,32.45,65.12,1004.99,0,0,MANUAL,1,1,1,
2026-09-28 18:04:18,c2-learning,2693000,31.30,77.12,1005.39,32.46,65.26,1005.01,0,0,MANUAL,1,1,1,
2026-09-28 18:04:19,c2-learning,2694000,31.31,77.86,1005.44,32.46,65.59,1004.89,0,0,MANUAL,1,1,1,
2026-09-28 18:04:20,c2-learning,2695000,31.32,78.23,1005.43,32.46,65.42,1005.00,0,0,MANUAL,1,1,1,
2026-09-28 18:04:21,c2-learning,2696000,31.34,79.40,1005.42,32.45,65.24,1004.88,0,0,MANUAL,1,1,1,
2026-09-28 18:04:22,c2-learning,2697000,31.33,79.56,1005.38,32.46,65.57,1005.03,0,0,MANUAL,1,1,1,
2026-09-28 18:04:23,c2-learning,2698000,31.33,78.88,1005.44,32.45,65.37,1004.99,0,0,MANUAL,1,1,1,
2026-09-28 18:04:24,c2-learning,2699000,31.35,79.25,1005.40,32.45,65.33,1005.04,0,0,MANUAL,1,1,1,
2026-09-28 18:04:25,c2-learning,2700000,31.35,78.84,1005.38,32.44,65.41,1004.95,0,0,MANUAL,1,1,1,
2026-09-28 18:04:26,c2-learning,2701000,31.37,79.47,1005.43,32.46,65.23,1005.03,0,0,MANUAL,1,1,1,
2026-09-28 18:04:27,c2-learning,2702000,31.37,79.76,1005.47,32.45,65.19,1005.02,0,0,MANUAL,1,1,1,
2026-09-28 18:04:28,c2-learning,2703000,31.39,80.43,1005.38,32.45,65.26,1005.02,0,0,MANUAL,1,1,1,
2026-09-28 18:04:29,c2-learning,2704000,31.37,79.72,1005.46,32.44,65.34,1004.98,0,0,MANUAL,1,1,1,
2026-09-28 18:04:30,c2-learning,2705000,31.35,78.12,1005.37,32.44,65.25,1005.01,0,0,MANUAL,1,1,1,
2026-09-28 18:04:31,c2-learning,2706000,31.38,78.63,1005.42,32.45,65.24,1005.04,0,0,MANUAL,1,1,1,
2026-09-28 18:04:32,c2-learning,2707000,31.38,78.18,1005.46,32.45,65.30,1005.04,0,0,MANUAL,1,1,1,
2026-09-28 18:04:33,c2-learning,2708000,31.40,79.21,1005.43,32.43,65.42,1004.99,0,0,MANUAL,1,1,1,
2026-09-28 18:04:34,c2-learning,2709000,31.41,80.10,1005.39,32.43,65.44,1004.94,0,0,MANUAL,1,1,1,
2026-09-28 18:04:35,c2-learning,2710000,31.41,80.85,1005.41,32.44,65.29,1004.98,0,0,MANUAL,1,1,1,
2026-09-28 18:04:36,c2-learning,2711000,31.43,81.44,1005.45,32.44,65.38,1005.01,0,0,MANUAL,1,1,1,
2026-09-28 18:04:37,c2-learning,2712000,31.44,81.83,1005.46,32.43,65.28,1004.96,0,0,MANUAL,1,1,1,
2026-09-28 18:04:38,c2-learning,2713000,31.43,81.41,1005.48,32.42,65.29,1004.92,0,0,MANUAL,1,1,1,
2026-09-28 18:04:39,c2-learning,2714000,31.41,80.20,1005.37,32.45,65.50,1005.02,0,0,MANUAL,1,1,1,
2026-09-28 18:04:40,c2-learning,2715000,31.43,78.72,1005.42,32.43,65.31,1004.96,0,0,MANUAL,1,1,1,
2026-09-28 18:04:41,c2-learning,2716000,31.42,79.19,1005.40,32.43,65.51,1004.96,0,0,MANUAL,1,1,1,
2026-09-28 18:04:42,c2-learning,2717000,31.43,80.06,1005.40,32.43,65.36,1004.98,0,0,MANUAL,1,1,1,
2026-09-28 18:04:43,c2-learning,2718000,31.45,80.68,1005.45,32.42,65.62,1004.95,0,0,MANUAL,1,1,1,
2026-09-28 18:04:44,c2-learning,2719000,31.42,80.17,1005.44,32.42,65.27,1004.97,0,0,MANUAL,1,1,1,
2026-09-28 18:04:45,c2-learning,2720000,31.42,79.27,1005.44,32.43,65.46,1005.02,0,0,MANUAL,1,1,1,
2026-09-28 18:04:46,c2-learning,2721000,31.43,78.95,1005.45,32.43,65.45,1004.98,0,0,MANUAL,1,1,1,
2026-09-28 18:04:47,c2-learning,2722000,31.44,79.08,1005.49,32.42,65.49,1004.98,0,0,MANUAL,1,1,1,
2026-09-28 18:04:48,c2-learning,2723000,31.44,78.92,1005.41,32.43,65.60,1004.96,0,0,MANUAL,1,1,1,
2026-09-28 18:04:49,c2-learning,2724000,31.44,78.79,1005.43,32.43,65.49,1004.96,0,0,MANUAL,1,1,1,
2026-09-28 18:04:50,c2-learning,2725000,31.44,79.31,1005.39,32.43,65.26,1004.96,0,0,MANUAL,1,1,1,
2026-09-28 18:04:51,c2-learning,2726000,31.43,77.97,1005.45,32.43,65.39,1004.93,0,0,MANUAL,1,1,1,
2026-09-28 18:04:52,c2-learning,2727000,31.44,78.32,1005.41,32.43,65.38,1004.98,0,0,MANUAL,1,1,1,
2026-09-28 18:04:53,c2-learning,2728000,31.44,77.91,1005.41,32.43,65.36,1004.99,0,0,MANUAL,1,1,1,
2026-09-28 18:04:54,c2-learning,2729000,31.44,78.09,1005.39,32.43,65.51,1004.99,0,0,MANUAL,1,1,1,
2026-09-28 18:04:55,c2-learning,2730000,31.45,79.13,1005.45,32.43,65.35,1004.96,0,0,MANUAL,1,1,1,
2026-09-28 18:04:56,c2-learning,2731000,31.47,80.15,1005.40,32.43,65.35,1004.96,0,0,MANUAL,1,1,1,
2026-09-28 18:04:57,c2-learning,2732000,31.47,80.29,1005.40,32.43,65.49,1004.96,0,0,MANUAL,1,1,1,
2026-09-28 18:04:58,c2-learning,2733000,31.45,79.53,1005.42,32.43,65.42,1005.02,0,0,MANUAL,1,1,1,
2026-09-28 18:04:59,c2-learning,2734000,31.45,77.27,1005.40,32.43,65.36,1004.99,0,0,MANUAL,1,1,1,
2026-09-28 18:05:00,c2-learning,2735000,31.46,77.88,1005.35,32.44,65.28,1005.00,0,0,MANUAL,1,1,1,
2026-09-28 18:05:01,c2-learning,2736000,31.48,79.31,1005.41,32.44,65.18,1005.03,0,0,MANUAL,1,1,1,
2026-09-28 18:05:02,c2-learning,2737000,31.49,79.84,1005.43,32.43,65.53,1004.94,0,0,MANUAL,1,1,1,
2026-09-28 18:05:03,c2-learning,2738000,31.49,80.65,1005.43,32.45,65.39,1005.02,0,0,MANUAL,1,1,1,
2026-09-28 18:05:04,c2-learning,2739000,31.46,79.21,1005.39,32.44,65.38,1004.98,0,0,MANUAL,1,1,1,
2026-09-28 18:05:05,c2-learning,2740000,31.47,78.90,1005.43,32.45,65.25,1005.04,0,0,MANUAL,1,1,1,
2026-09-28 18:05:06,c2-learning,2741000,31.48,79.68,1005.44,32.44,65.27,1004.98,0,0,MANUAL,1,1,1,
2026-09-28 18:05:07,c2-learning,2742000,31.48,79.20,1005.44,32.45,65.26,1005.02,0,0,MANUAL,1,1,1,
2026-09-28 18:05:08,c2-learning,2743000,31.48,78.20,1005.44,32.44,65.35,1004.98,0,0,MANUAL,1,1,1,
2026-09-28 18:05:09,c2-learning,2744000,31.48,78.30,1005.39,32.43,65.32,1004.94,0,0,MANUAL,1,1,1,
2026-09-28 18:05:10,c2-learning,2745000,31.49,79.31,1005.47,32.45,65.27,1004.96,0,0,MANUAL,1,1,1,
2026-09-28 18:05:11,c2-learning,2746000,31.50,79.79,1005.42,32.45,65.24,1005.02,0,0,MANUAL,1,1,1,
2026-09-28 18:05:12,c2-learning,2747000,31.49,79.42,1005.47,32.44,65.25,1004.98,0,0,MANUAL,1,1,1,
2026-09-28 18:05:13,c2-learning,2748000,31.49,78.78,1005.43,32.45,65.57,1004.99,0,0,MANUAL,1,1,1,
2026-09-28 18:05:14,c2-learning,2749000,31.49,77.54,1005.37,32.45,65.33,1004.99,0,0,MANUAL,1,1,1,
2026-09-28 18:05:15,c2-learning,2750000,31.48,77.38,1005.44,32.44,65.39,1004.95,0,0,MANUAL,1,1,1,
2026-09-28 18:05:16,c2-learning,2751000,31.50,78.64,1005.47,32.45,65.44,1005.00,0,0,MANUAL,1,1,1,
2026-09-28 18:05:17,c2-learning,2752000,31.50,79.25,1005.43,32.45,65.30,1004.93,0,0,MANUAL,1,1,1,
2026-09-28 18:05:18,c2-learning,2753000,31.50,79.21,1005.42,32.45,65.33,1004.96,0,0,MANUAL,1,1,1,
2026-09-28 18:05:19,c2-learning,2754000,31.50,78.67,1005.43,32.45,65.58,1004.91,0,0,MANUAL,1,1,1,
2026-09-28 18:05:20,c2-learning,2755000,31.51,78.79,1005.43,32.45,65.28,1005.04,0,0,MANUAL,1,1,1,
2026-09-28 18:05:21,c2-learning,2756000,31.50,78.81,1005.40,32.45,65.37,1005.00,0,0,MANUAL,1,1,1,
2026-09-28 18:05:22,c2-learning,2757000,31.50,77.99,1005.43,32.45,65.50,1005.00,0,0,MANUAL,1,1,1,
2026-09-28 18:05:23,c2-learning,2758000,31.50,77.15,1005.39,32.45,65.53,1004.93,0,0,MANUAL,1,1,1,
2026-09-28 18:05:24,c2-learning,2759000,31.50,77.33,1005.39,32.45,65.46,1004.99,0,0,MANUAL,1,1,1,
2026-09-28 18:05:25,c2-learning,2760000,31.50,77.09,1005.42,32.43,65.31,1005.02,0,0,MANUAL,1,1,1,
2026-09-28 18:05:26,c2-learning,2761000,31.51,77.67,1005.43,32.45,65.29,1005.05,0,0,MANUAL,1,1,1,
2026-09-28 18:05:27,c2-learning,2762000,31.50,77.38,1005.36,32.44,65.51,1005.06,0,0,MANUAL,1,1,1,
2026-09-28 18:05:28,c2-learning,2763000,31.49,76.76,1005.35,32.44,65.47,1005.01,0,0,MANUAL,1,1,1,
2026-09-28 18:05:29,c2-learning,2764000,31.50,76.53,1005.39,32.44,65.21,1004.98,0,0,MANUAL,1,1,1,
2026-09-28 18:05:30,c2-learning,2765000,31.50,77.45,1005.43,32.44,65.19,1004.98,0,0,MANUAL,1,1,1,
2026-09-28 18:05:31,c2-learning,2766000,31.50,77.81,1005.42,32.43,65.20,1005.07,0,0,MANUAL,1,1,1,
2026-09-28 18:05:32,c2-learning,2767000,31.51,77.68,1005.43,32.44,65.27,1005.03,0,0,MANUAL,1,1,1,
2026-09-28 18:05:33,c2-learning,2768000,31.51,77.75,1005.41,32.43,65.43,1004.99,0,0,MANUAL,1,1,1,
2026-09-28 18:05:34,c2-learning,2769000,31.51,77.20,1005.41,32.43,65.23,1005.01,0,0,MANUAL,1,1,1,
2026-09-28 18:05:35,c2-learning,2770000,31.51,77.35,1005.38,32.42,65.27,1004.92,0,0,MANUAL,1,1,1,
2026-09-28 18:05:36,c2-learning,2771000,31.53,78.53,1005.36,32.43,65.32,1005.01,0,0,MANUAL,1,1,1,
2026-09-28 18:05:37,c2-learning,2772000,31.54,79.33,1005.40,32.43,65.54,1004.96,0,0,MANUAL,1,1,1,
2026-09-28 18:05:38,c2-learning,2773000,31.52,77.92,1005.39,32.43,65.22,1004.98,0,0,MANUAL,1,1,1,
2026-09-28 18:05:39,c2-learning,2774000,31.52,77.14,1005.37,32.43,65.61,1004.96,0,0,MANUAL,1,1,1,
2026-09-28 18:05:40,c2-learning,2775000,31.52,77.93,1005.40,32.43,65.25,1004.96,0,0,MANUAL,1,1,1,
2026-09-28 18:05:41,c2-learning,2776000,31.52,77.74,1005.35,32.43,65.30,1005.01,0,0,MANUAL,1,1,1,
2026-09-28 18:05:42,c2-learning,2777000,31.53,77.79,1005.39,32.43,65.25,1004.98,0,0,MANUAL,1,1,1,
2026-09-28 18:05:43,c2-learning,2778000,31.52,77.19,1005.39,32.42,65.37,1004.95,0,0,MANUAL,1,1,1,
2026-09-28 18:05:44,c2-learning,2779000,31.52,76.33,1005.43,32.42,65.28,1004.94,0,0,MANUAL,1,1,1,
2026-09-28 18:05:44,c2-learning,,,,,,,,,,,,,,mist A=1 B=0 (manual)
2026-09-28 18:05:45,c2-learning,2780000,31.53,77.50,1005.33,32.43,65.63,1004.98,1,0,MANUAL,1,1,1,
2026-09-28 18:05:46,c2-learning,2781000,31.55,78.47,1005.36,32.43,65.32,1004.98,1,0,MANUAL,1,1,1,
2026-09-28 18:05:47,c2-learning,2782000,31.55,78.39,1005.39,32.42,65.33,1004.91,1,0,MANUAL,1,1,1,
2026-09-28 18:05:48,c2-learning,2783000,31.55,77.85,1005.41,32.42,65.34,1004.92,1,0,MANUAL,1,1,1,
2026-09-28 18:05:49,c2-learning,2784000,31.53,76.36,1005.38,32.42,65.37,1004.94,1,0,MANUAL,1,1,1,
2026-09-28 18:05:50,c2-learning,2785000,31.53,75.81,1005.42,32.43,65.64,1004.93,1,0,MANUAL,1,1,1,
2026-09-28 18:05:51,c2-learning,2786000,31.53,76.15,1005.39,32.42,65.48,1005.00,1,0,MANUAL,1,1,1,
2026-09-28 18:05:52,c2-learning,2787000,31.54,76.35,1005.45,32.42,65.50,1004.99,1,0,MANUAL,1,1,1,
2026-09-28 18:05:53,c2-learning,2788000,31.53,75.36,1005.42,32.42,65.37,1004.91,1,0,MANUAL,1,1,1,
2026-09-28 18:05:54,c2-learning,2789000,31.54,75.96,1005.41,32.42,65.45,1004.97,1,0,MANUAL,1,1,1,
2026-09-28 18:05:55,c2-learning,2790000,31.54,76.61,1005.32,32.43,65.26,1004.96,1,0,MANUAL,1,1,1,
2026-09-28 18:05:56,c2-learning,2791000,31.54,76.57,1005.37,32.42,65.35,1004.95,1,0,MANUAL,1,1,1,
2026-09-28 18:05:57,c2-learning,2792000,31.54,76.15,1005.38,32.42,65.30,1005.00,1,0,MANUAL,1,1,1,
2026-09-28 18:05:58,c2-learning,2793000,31.54,76.02,1005.38,32.42,65.23,1004.89,1,0,MANUAL,1,1,1,
2026-09-28 18:05:59,c2-learning,2794000,31.53,75.56,1005.42,32.42,65.27,1004.95,1,0,MANUAL,1,1,1,
2026-09-28 18:06:00,c2-learning,2795000,31.54,76.11,1005.38,32.43,65.37,1004.93,1,0,MANUAL,1,1,1,
2026-09-28 18:06:01,c2-learning,2796000,31.53,76.36,1005.33,32.42,65.37,1004.94,1,0,MANUAL,1,1,1,
2026-09-28 18:06:02,c2-learning,2797000,31.55,77.01,1005.36,32.43,65.37,1004.98,1,0,MANUAL,1,1,1,
2026-09-28 18:06:03,c2-learning,2798000,31.54,75.71,1005.37,32.42,65.20,1004.95,1,0,MANUAL,1,1,1,
2026-09-28 18:06:04,c2-learning,2799000,31.54,74.73,1005.41,32.43,65.36,1004.98,1,0,MANUAL,1,1,1,
2026-09-28 18:06:05,c2-learning,2800000,31.56,75.66,1005.43,32.42,65.37,1004.95,1,0,MANUAL,1,1,1,
2026-09-28 18:06:06,c2-learning,2801000,31.55,76.46,1005.39,32.42,65.57,1004.98,1,0,MANUAL,1,1,1,
2026-09-28 18:06:07,c2-learning,2802000,31.55,75.61,1005.39,32.42,65.38,1004.92,1,0,MANUAL,1,1,1,
2026-09-28 18:06:08,c2-learning,2803000,31.55,74.72,1005.41,32.43,65.26,1004.98,1,0,MANUAL,1,1,1,
2026-09-28 18:06:09,c2-learning,2804000,31.54,75.27,1005.43,32.42,65.36,1004.99,1,0,MANUAL,1,1,1,
2026-09-28 18:06:10,c2-learning,2805000,31.56,75.50,1005.37,32.41,65.53,1004.93,1,0,MANUAL,1,1,1,
2026-09-28 18:06:11,c2-learning,2806000,31.56,76.33,1005.38,32.41,65.55,1004.99,1,0,MANUAL,1,1,1,
2026-09-28 18:06:12,c2-learning,2807000,31.56,78.03,1005.35,32.40,65.57,1004.98,1,0,MANUAL,1,1,1,
2026-09-28 18:06:13,c2-learning,2808000,31.56,77.86,1005.40,32.43,65.66,1004.93,1,0,MANUAL,1,1,1,
2026-09-28 18:06:14,c2-learning,2809000,31.56,78.37,1005.37,32.42,65.40,1004.95,1,0,MANUAL,1,1,1,
2026-09-28 18:06:15,c2-learning,2810000,31.55,76.77,1005.33,32.43,65.27,1004.96,1,0,MANUAL,1,1,1,
2026-09-28 18:06:16,c2-learning,2811000,31.56,76.10,1005.35,32.42,65.30,1004.99,1,0,MANUAL,1,1,1,
2026-09-28 18:06:17,c2-learning,2812000,31.55,75.48,1005.39,32.42,65.26,1004.95,1,0,MANUAL,1,1,1,
2026-09-28 18:06:18,c2-learning,2813000,31.56,77.09,1005.43,32.42,65.31,1004.97,1,0,MANUAL,1,1,1,
2026-09-28 18:06:19,c2-learning,2814000,31.56,78.26,1005.35,32.42,65.31,1004.94,1,0,MANUAL,1,1,1,
2026-09-28 18:06:20,c2-learning,2815000,31.56,78.56,1005.38,32.42,65.34,1004.95,1,0,MANUAL,1,1,1,
2026-09-28 18:06:21,c2-learning,2816000,31.57,78.95,1005.36,32.42,65.33,1004.99,1,0,MANUAL,1,1,1,
2026-09-28 18:06:22,c2-learning,2817000,31.57,78.32,1005.33,32.43,65.34,1005.05,1,0,MANUAL,1,1,1,
2026-09-28 18:06:23,c2-learning,2818000,31.57,77.75,1005.39,32.42,65.41,1004.94,1,0,MANUAL,1,1,1,
2026-09-28 18:06:24,c2-learning,2819000,31.55,76.45,1005.34,32.42,65.58,1004.98,1,0,MANUAL,1,1,1,
2026-09-28 18:06:25,c2-learning,2820000,31.56,76.29,1005.41,32.42,65.64,1004.88,1,0,MANUAL,1,1,1,
2026-09-28 18:06:26,c2-learning,2821000,31.56,76.24,1005.38,32.42,65.49,1004.98,1,0,MANUAL,1,1,1,
2026-09-28 18:06:27,c2-learning,2822000,31.56,75.89,1005.37,32.43,65.36,1004.98,1,0,MANUAL,1,1,1,
2026-09-28 18:06:28,c2-learning,2823000,31.56,76.43,1005.41,32.42,65.47,1004.97,1,0,MANUAL,1,1,1,
2026-09-28 18:06:29,c2-learning,2824000,31.58,77.75,1005.35,32.42,65.40,1004.97,1,0,MANUAL,1,1,1,
2026-09-28 18:06:30,c2-learning,2825000,31.58,78.22,1005.38,32.43,65.28,1004.93,1,0,MANUAL,1,1,1,
2026-09-28 18:06:31,c2-learning,2826000,31.57,76.99,1005.33,32.43,65.28,1004.96,1,0,MANUAL,1,1,1,
2026-09-28 18:06:32,c2-learning,2827000,31.58,77.43,1005.38,32.43,65.31,1004.96,1,0,MANUAL,1,1,1,
2026-09-28 18:06:33,c2-learning,2828000,31.56,75.86,1005.41,32.43,65.34,1005.02,1,0,MANUAL,1,1,1,
2026-09-28 18:06:34,c2-learning,2829000,31.55,75.01,1005.42,32.43,65.30,1004.91,1,0,MANUAL,1,1,1,
2026-09-28 18:06:35,c2-learning,2830000,31.56,75.22,1005.35,32.43,65.51,1004.99,1,0,MANUAL,1,1,1,
2026-09-28 18:06:36,c2-learning,2831000,31.56,75.55,1005.35,32.43,65.31,1004.93,1,0,MANUAL,1,1,1,
2026-09-28 18:06:37,c2-learning,2832000,31.57,76.58,1005.33,32.43,65.26,1004.96,1,0,MANUAL,1,1,1,
2026-09-28 18:06:38,c2-learning,2833000,31.58,77.72,1005.35,32.43,65.39,1004.96,1,0,MANUAL,1,1,1,
2026-09-28 18:06:39,c2-learning,2834000,31.56,76.36,1005.41,32.43,65.55,1005.02,1,0,MANUAL,1,1,1,
2026-09-28 18:06:40,c2-learning,2835000,31.58,77.79,1005.44,32.43,65.37,1004.94,1,0,MANUAL,1,1,1,
2026-09-28 18:06:41,c2-learning,2836000,31.59,78.33,1005.42,32.42,65.70,1004.95,1,0,MANUAL,1,1,1,
2026-09-28 18:06:42,c2-learning,2837000,31.59,78.78,1005.37,32.43,65.49,1004.93,1,0,MANUAL,1,1,1,
2026-09-28 18:06:43,c2-learning,2838000,31.58,78.20,1005.41,32.43,65.29,1004.96,1,0,MANUAL,1,1,1,
2026-09-28 18:06:44,c2-learning,2839000,31.59,78.54,1005.39,32.42,65.26,1004.92,1,0,MANUAL,1,1,1,
2026-09-28 18:06:45,c2-learning,2840000,31.58,77.22,1005.41,32.43,65.34,1004.93,1,0,MANUAL,1,1,1,
2026-09-28 18:06:46,c2-learning,2841000,31.57,76.48,1005.37,32.43,65.53,1004.96,1,0,MANUAL,1,1,1,
2026-09-28 18:06:47,c2-learning,2842000,31.57,76.03,1005.31,32.43,65.28,1004.96,1,0,MANUAL,1,1,1,
2026-09-28 18:06:48,c2-learning,2843000,31.58,76.96,1005.35,32.42,65.38,1004.95,1,0,MANUAL,1,1,1,
2026-09-28 18:06:49,c2-learning,2844000,31.58,76.41,1005.43,32.42,65.36,1004.97,1,0,MANUAL,1,1,1,
2026-09-28 18:06:50,c2-learning,2845000,31.57,77.18,1005.37,32.43,65.38,1004.93,1,0,MANUAL,1,1,1,
2026-09-28 18:06:51,c2-learning,2846000,31.57,77.08,1005.39,32.43,65.40,1004.93,1,0,MANUAL,1,1,1,
2026-09-28 18:06:52,c2-learning,2847000,31.57,77.58,1005.39,32.43,65.35,1004.96,1,0,MANUAL,1,1,1,
2026-09-28 18:06:53,c2-learning,2848000,31.56,76.27,1005.30,32.43,65.25,1004.99,1,0,MANUAL,1,1,1,
2026-09-28 18:06:54,c2-learning,2849000,31.56,75.21,1005.43,32.43,65.39,1004.93,1,0,MANUAL,1,1,1,
2026-09-28 18:06:55,c2-learning,2850000,31.57,76.08,1005.42,32.43,65.37,1004.96,1,0,MANUAL,1,1,1,
2026-09-28 18:06:56,c2-learning,2851000,31.55,75.50,1005.39,32.43,65.29,1004.93,1,0,MANUAL,1,1,1,
2026-09-28 18:06:57,c2-learning,2852000,31.55,76.23,1005.42,32.43,65.32,1004.90,1,0,MANUAL,1,1,1,
2026-09-28 18:06:58,c2-learning,2853000,31.56,76.57,1005.40,32.43,65.31,1004.98,1,0,MANUAL,1,1,1,
2026-09-28 18:06:59,c2-learning,2854000,31.55,77.12,1005.44,32.43,65.38,1004.96,1,0,MANUAL,1,1,1,
2026-09-28 18:07:00,c2-learning,2855000,31.52,76.47,1005.37,32.43,65.37,1004.98,1,0,MANUAL,1,1,1,
2026-09-28 18:07:01,c2-learning,2856000,31.53,77.69,1005.41,32.42,65.28,1004.94,1,0,MANUAL,1,1,1,
2026-09-28 18:07:02,c2-learning,2857000,31.54,78.86,1005.34,32.42,65.27,1004.99,1,0,MANUAL,1,1,1,
2026-09-28 18:07:03,c2-learning,2858000,31.54,79.27,1005.40,32.42,65.51,1004.95,1,0,MANUAL,1,1,1,
2026-09-28 18:07:04,c2-learning,2859000,31.54,79.48,1005.45,32.43,65.37,1004.96,1,0,MANUAL,1,1,1,
2026-09-28 18:07:05,c2-learning,2860000,31.54,79.56,1005.40,32.42,65.29,1004.94,1,0,MANUAL,1,1,1,
2026-09-28 18:07:06,c2-learning,2861000,31.53,78.39,1005.38,32.42,65.27,1004.92,1,0,MANUAL,1,1,1,
2026-09-28 18:07:07,c2-learning,2862000,31.53,78.49,1005.42,32.42,65.33,1004.97,1,0,MANUAL,1,1,1,
2026-09-28 18:07:08,c2-learning,2863000,31.54,78.96,1005.37,32.43,65.29,1005.04,1,0,MANUAL,1,1,1,
2026-09-28 18:07:09,c2-learning,2864000,31.53,78.05,1005.38,32.43,65.42,1005.01,1,0,MANUAL,1,1,1,
2026-09-28 18:07:10,c2-learning,2865000,31.53,78.70,1005.36,32.42,65.29,1005.00,1,0,MANUAL,1,1,1,
2026-09-28 18:07:11,c2-learning,2866000,31.54,79.40,1005.34,32.42,65.25,1004.94,1,0,MANUAL,1,1,1,
2026-09-28 18:07:12,c2-learning,2867000,31.55,80.46,1005.42,32.42,65.39,1004.97,1,0,MANUAL,1,1,1,
2026-09-28 18:07:13,c2-learning,2868000,31.53,79.60,1005.42,32.42,65.39,1004.94,1,0,MANUAL,1,1,1,
2026-09-28 18:07:14,c2-learning,2869000,31.55,80.24,1005.39,32.42,65.33,1004.97,1,0,MANUAL,1,1,1,
2026-09-28 18:07:15,c2-learning,2870000,31.54,79.11,1005.43,32.43,65.28,1004.96,1,0,MANUAL,1,1,1,
2026-09-28 18:07:16,c2-learning,2871000,31.53,77.28,1005.33,32.43,65.27,1004.96,1,0,MANUAL,1,1,1,
2026-09-28 18:07:17,c2-learning,2872000,31.53,78.37,1005.36,32.42,65.38,1004.98,1,0,MANUAL,1,1,1,
2026-09-28 18:07:18,c2-learning,2873000,31.52,78.26,1005.37,32.43,65.32,1004.96,1,0,MANUAL,1,1,1,
2026-09-28 18:07:19,c2-learning,2874000,31.53,77.47,1005.44,32.43,65.27,1004.88,1,0,MANUAL,1,1,1,
2026-09-28 18:07:20,c2-learning,2875000,31.53,77.42,1005.33,32.43,65.31,1004.87,1,0,MANUAL,1,1,1,
2026-09-28 18:07:21,c2-learning,2876000,31.52,77.61,1005.37,32.43,65.53,1004.96,1,0,MANUAL,1,1,1,
2026-09-28 18:07:22,c2-learning,2877000,31.51,76.21,1005.39,32.43,65.51,1004.99,1,0,MANUAL,1,1,1,
2026-09-28 18:07:23,c2-learning,2878000,31.52,76.68,1005.37,32.43,65.27,1004.87,1,0,MANUAL,1,1,1,
2026-09-28 18:07:24,c2-learning,2879000,31.54,78.62,1005.37,32.43,65.26,1004.96,1,0,MANUAL,1,1,1,
2026-09-28 18:07:25,c2-learning,2880000,31.53,79.32,1005.35,32.42,65.34,1004.86,1,0,MANUAL,1,1,1,
2026-09-28 18:07:26,c2-learning,2881000,31.51,77.77,1005.41,32.43,65.43,1004.96,1,0,MANUAL,1,1,1,
2026-09-28 18:07:27,c2-learning,2882000,31.50,76.55,1005.36,32.43,65.32,1004.99,1,0,MANUAL,1,1,1,
2026-09-28 18:07:28,c2-learning,2883000,31.51,77.75,1005.39,32.42,65.35,1004.92,1,0,MANUAL,1,1,1,
2026-09-28 18:07:29,c2-learning,2884000,31.49,75.94,1005.41,32.43,65.36,1004.96,1,0,MANUAL,1,1,1,
2026-09-28 18:07:30,c2-learning,2885000,31.49,76.06,1005.38,32.43,65.32,1004.96,1,0,MANUAL,1,1,1,
2026-09-28 18:07:31,c2-learning,2886000,31.50,76.64,1005.39,32.43,65.46,1004.96,1,0,MANUAL,1,1,1,
2026-09-28 18:07:32,c2-learning,2887000,31.50,77.74,1005.37,32.43,65.36,1004.96,1,0,MANUAL,1,1,1,
2026-09-28 18:07:33,c2-learning,2888000,31.51,77.98,1005.41,32.42,65.28,1004.95,1,0,MANUAL,1,1,1,
2026-09-28 18:07:34,c2-learning,2889000,31.51,79.55,1005.36,32.44,65.41,1004.94,1,0,MANUAL,1,1,1,
2026-09-28 18:07:35,c2-learning,2890000,31.49,79.04,1005.44,32.43,65.45,1004.98,1,0,MANUAL,1,1,1,
2026-09-28 18:07:36,c2-learning,2891000,31.48,78.66,1005.37,32.43,65.38,1004.93,1,0,MANUAL,1,1,1,
2026-09-28 18:07:37,c2-learning,2892000,31.49,79.82,1005.37,32.43,65.37,1004.85,1,0,MANUAL,1,1,1,
2026-09-28 18:07:38,c2-learning,2893000,31.47,78.24,1005.37,32.43,65.27,1004.96,1,0,MANUAL,1,1,1,
2026-09-28 18:07:39,c2-learning,2894000,31.46,76.93,1005.39,32.43,65.28,1004.96,1,0,MANUAL,1,1,1,
2026-09-28 18:07:40,c2-learning,2895000,31.46,76.34,1005.44,32.43,65.47,1005.02,1,0,MANUAL,1,1,1,
2026-09-28 18:07:41,c2-learning,2896000,31.47,77.86,1005.38,32.42,65.37,1004.89,1,0,MANUAL,1,1,1,
2026-09-28 18:07:42,c2-learning,2897000,31.46,79.63,1005.38,32.43,65.32,1004.96,1,0,MANUAL,1,1,1,
2026-09-28 18:07:43,c2-learning,2898000,31.46,79.15,1005.39,32.43,65.37,1004.98,1,0,MANUAL,1,1,1,
2026-09-28 18:07:44,c2-learning,2899000,31.44,77.75,1005.36,32.45,65.22,1004.96,1,0,MANUAL,1,1,1,
2026-09-28 18:07:45,c2-learning,2900000,31.45,78.17,1005.39,32.44,65.33,1004.95,1,0,MANUAL,1,1,1,
2026-09-28 18:07:46,c2-learning,2901000,31.45,78.97,1005.43,32.44,65.28,1004.95,1,0,MANUAL,1,1,1,
2026-09-28 18:07:47,c2-learning,2902000,31.45,79.60,1005.43,32.43,65.31,1004.85,1,0,MANUAL,1,1,1,
2026-09-28 18:07:48,c2-learning,2903000,31.47,81.26,1005.43,32.43,65.36,1004.88,1,0,MANUAL,1,1,1,
2026-09-28 18:07:49,c2-learning,2904000,31.47,81.67,1005.41,32.44,65.37,1005.01,1,0,MANUAL,1,1,1,
2026-09-28 18:07:50,c2-learning,2905000,31.45,81.53,1005.39,32.43,65.37,1004.90,1,0,MANUAL,1,1,1,
2026-09-28 18:07:51,c2-learning,2906000,31.46,81.36,1005.47,32.43,65.63,1004.98,1,0,MANUAL,1,1,1,
2026-09-28 18:07:52,c2-learning,2907000,31.48,82.33,1005.47,32.44,65.31,1004.97,1,0,MANUAL,1,1,1,
2026-09-28 18:07:53,c2-learning,2908000,31.44,81.34,1005.39,32.45,65.49,1004.90,1,0,MANUAL,1,1,1,
2026-09-28 18:07:54,c2-learning,2909000,31.43,79.57,1005.39,32.43,65.25,1004.93,1,0,MANUAL,1,1,1,
2026-09-28 18:07:55,c2-learning,2910000,31.45,81.02,1005.40,32.44,65.25,1004.98,1,0,MANUAL,1,1,1,
2026-09-28 18:07:56,c2-learning,2911000,31.44,81.68,1005.38,32.44,65.35,1004.98,1,0,MANUAL,1,1,1,
2026-09-28 18:07:57,c2-learning,2912000,31.45,82.49,1005.42,32.43,65.44,1004.98,1,0,MANUAL,1,1,1,
2026-09-28 18:07:58,c2-learning,2913000,31.43,81.70,1005.42,32.43,65.32,1004.93,1,0,MANUAL,1,1,1,
2026-09-28 18:07:59,c2-learning,2914000,31.43,81.38,1005.45,32.44,65.33,1005.03,1,0,MANUAL,1,1,1,
2026-09-28 18:08:00,c2-learning,2915000,31.43,81.36,1005.40,32.43,65.36,1004.93,1,0,MANUAL,1,1,1,
2026-09-28 18:08:01,c2-learning,2916000,31.46,82.42,1005.41,32.43,65.15,1004.91,1,0,MANUAL,1,1,1,
2026-09-28 18:08:02,c2-learning,2917000,31.46,83.53,1005.38,32.42,65.31,1004.95,1,0,MANUAL,1,1,1,
2026-09-28 18:08:03,c2-learning,2918000,31.47,83.99,1005.43,32.42,65.45,1004.97,1,0,MANUAL,1,1,1,
2026-09-28 18:08:04,c2-learning,2919000,31.40,82.51,1005.40,32.42,65.44,1004.92,1,0,MANUAL,1,1,1,
2026-09-28 18:08:05,c2-learning,2920000,31.42,82.07,1005.47,32.42,65.20,1004.98,1,0,MANUAL,1,1,1,
2026-09-28 18:08:06,c2-learning,2921000,31.40,82.02,1005.43,32.42,65.35,1004.92,1,0,MANUAL,1,1,1,
2026-09-28 18:08:07,c2-learning,2922000,31.36,81.37,1005.39,32.43,65.26,1004.96,1,0,MANUAL,1,1,1,
2026-09-28 18:08:08,c2-learning,2923000,31.36,81.07,1005.39,32.43,65.31,1004.93,1,0,MANUAL,1,1,1,
2026-09-28 18:08:09,c2-learning,2924000,31.35,80.61,1005.37,32.43,65.29,1004.98,1,0,MANUAL,1,1,1,
2026-09-28 18:08:10,c2-learning,2925000,31.36,81.54,1005.37,32.43,65.28,1005.07,1,0,MANUAL,1,1,1,
2026-09-28 18:08:11,c2-learning,2926000,31.39,82.58,1005.47,32.43,65.34,1004.98,1,0,MANUAL,1,1,1,
2026-09-28 18:08:12,c2-learning,2927000,31.40,83.46,1005.43,32.43,65.38,1004.96,1,0,MANUAL,1,1,1,
2026-09-28 18:08:13,c2-learning,2928000,31.39,83.36,1005.41,32.42,65.31,1004.95,1,0,MANUAL,1,1,1,
2026-09-28 18:08:14,c2-learning,2929000,31.33,82.02,1005.39,32.43,65.35,1004.93,1,0,MANUAL,1,1,1,
2026-09-28 18:08:15,c2-learning,2930000,31.35,81.82,1005.37,32.43,65.31,1004.98,1,0,MANUAL,1,1,1,
2026-09-28 18:08:16,c2-learning,2931000,31.38,82.46,1005.45,32.43,65.23,1004.96,1,0,MANUAL,1,1,1,
2026-09-28 18:08:17,c2-learning,2932000,31.40,83.27,1005.43,32.43,65.27,1004.98,1,0,MANUAL,1,1,1,
2026-09-28 18:08:18,c2-learning,2933000,31.40,83.82,1005.40,32.42,65.53,1004.94,1,0,MANUAL,1,1,1,
2026-09-28 18:08:19,c2-learning,2934000,31.41,84.50,1005.39,32.42,65.36,1004.95,1,0,MANUAL,1,1,1,
2026-09-28 18:08:20,c2-learning,2935000,31.41,84.67,1005.39,32.43,65.35,1004.98,1,0,MANUAL,1,1,1,
2026-09-28 18:08:21,c2-learning,2936000,31.38,84.06,1005.48,32.42,65.41,1004.94,1,0,MANUAL,1,1,1,
2026-09-28 18:08:22,c2-learning,2937000,31.39,84.26,1005.41,32.42,65.34,1004.95,1,0,MANUAL,1,1,1,
2026-09-28 18:08:23,c2-learning,2938000,31.37,83.22,1005.41,32.42,65.31,1004.86,1,0,MANUAL,1,1,1,
2026-09-28 18:08:24,c2-learning,2939000,31.37,82.37,1005.44,32.41,65.39,1004.96,1,0,MANUAL,1,1,1,
2026-09-28 18:08:25,c2-learning,2940000,31.36,81.96,1005.43,32.42,65.30,1004.97,1,0,MANUAL,1,1,1,
2026-09-28 18:08:26,c2-learning,2941000,31.36,81.75,1005.40,32.43,65.47,1004.87,1,0,MANUAL,1,1,1,
2026-09-28 18:08:27,c2-learning,2942000,31.38,83.01,1005.37,32.42,65.43,1005.00,1,0,MANUAL,1,1,1,
2026-09-28 18:08:28,c2-learning,2943000,31.39,83.83,1005.44,32.42,65.75,1004.99,1,0,MANUAL,1,1,1,
2026-09-28 18:08:29,c2-learning,2944000,31.39,84.04,1005.45,32.42,65.71,1005.02,1,0,MANUAL,1,1,1,
2026-09-28 18:08:30,c2-learning,2945000,31.39,84.42,1005.45,32.41,65.48,1004.96,1,0,MANUAL,1,1,1,
2026-09-28 18:08:31,c2-learning,2946000,31.40,84.64,1005.45,32.43,65.37,1005.01,1,0,MANUAL,1,1,1,
2026-09-28 18:08:32,c2-learning,2947000,31.33,82.33,1005.36,32.43,65.40,1004.98,1,0,MANUAL,1,1,1,
2026-09-28 18:08:33,c2-learning,2948000,31.32,80.50,1005.43,32.43,65.40,1004.93,1,0,MANUAL,1,1,1,
2026-09-28 18:08:34,c2-learning,2949000,31.34,80.41,1005.42,32.42,65.40,1005.05,1,0,MANUAL,1,1,1,
2026-09-28 18:08:35,c2-learning,2950000,31.32,80.17,1005.33,32.42,65.41,1004.99,1,0,MANUAL,1,1,1,
2026-09-28 18:08:36,c2-learning,2951000,31.34,81.80,1005.45,32.42,65.49,1004.97,1,0,MANUAL,1,1,1,
2026-09-28 18:08:37,c2-learning,2952000,31.33,82.21,1005.43,32.42,65.45,1005.00,1,0,MANUAL,1,1,1,
2026-09-28 18:08:38,c2-learning,2953000,31.30,81.13,1005.37,32.43,65.40,1004.98,1,0,MANUAL,1,1,1,
2026-09-28 18:08:39,c2-learning,2954000,31.29,79.77,1005.35,32.42,65.42,1004.99,1,0,MANUAL,1,1,1,
2026-09-28 18:08:40,c2-learning,2955000,31.30,80.33,1005.41,32.42,65.28,1004.95,1,0,MANUAL,1,1,1,
2026-09-28 18:08:41,c2-learning,2956000,31.28,79.36,1005.39,32.43,65.53,1004.96,1,0,MANUAL,1,1,1,
2026-09-28 18:08:42,c2-learning,2957000,31.28,79.64,1005.39,32.42,65.34,1004.98,1,0,MANUAL,1,1,1,
2026-09-28 18:08:43,c2-learning,2958000,31.29,80.27,1005.41,32.43,65.34,1004.98,1,0,MANUAL,1,1,1,
2026-09-28 18:08:44,c2-learning,2959000,31.30,80.89,1005.44,32.41,65.28,1004.96,1,0,MANUAL,1,1,1,
2026-09-28 18:08:45,c2-learning,2960000,31.27,81.14,1005.43,32.42,65.40,1004.94,1,0,MANUAL,1,1,1,
2026-09-28 18:08:46,c2-learning,2961000,31.26,80.42,1005.35,32.42,65.32,1004.95,1,0,MANUAL,1,1,1,
2026-09-28 18:08:47,c2-learning,2962000,31.27,81.33,1005.45,32.41,65.37,1004.96,1,0,MANUAL,1,1,1,
2026-09-28 18:08:48,c2-learning,2963000,31.27,82.15,1005.40,32.42,65.30,1004.98,1,0,MANUAL,1,1,1,
2026-09-28 18:08:49,c2-learning,2964000,31.27,82.21,1005.37,32.42,65.45,1004.99,1,0,MANUAL,1,1,1,
2026-09-28 18:08:50,c2-learning,2965000,31.28,82.62,1005.36,32.41,65.34,1004.93,1,0,MANUAL,1,1,1,
2026-09-28 18:08:51,c2-learning,2966000,31.29,83.16,1005.45,32.41,65.31,1004.93,1,0,MANUAL,1,1,1,
2026-09-28 18:08:52,c2-learning,2967000,31.27,82.32,1005.43,32.42,65.46,1004.99,1,0,MANUAL,1,1,1,
2026-09-28 18:08:53,c2-learning,2968000,31.25,79.57,1005.45,32.42,65.47,1004.91,1,0,MANUAL,1,1,1,
2026-09-28 18:08:54,c2-learning,2969000,31.26,79.63,1005.41,32.41,65.39,1004.90,1,0,MANUAL,1,1,1,
2026-09-28 18:08:55,c2-learning,2970000,31.26,80.03,1005.38,32.41,65.48,1004.99,1,0,MANUAL,1,1,1,
2026-09-28 18:08:56,c2-learning,2971000,31.26,80.68,1005.41,32.40,65.54,1004.98,1,0,MANUAL,1,1,1,
2026-09-28 18:08:57,c2-learning,2972000,31.25,80.80,1005.37,32.41,65.39,1004.99,1,0,MANUAL,1,1,1,
2026-09-28 18:08:58,c2-learning,2973000,31.26,80.07,1005.43,32.40,65.37,1004.95,1,0,MANUAL,1,1,1,
2026-09-28 18:08:59,c2-learning,2974000,31.26,80.98,1005.41,32.42,65.32,1004.99,1,0,MANUAL,1,1,1,
2026-09-28 18:09:00,c2-learning,2975000,31.27,82.22,1005.39,32.42,65.50,1004.99,1,0,MANUAL,1,1,1,
2026-09-28 18:09:01,c2-learning,2976000,31.24,81.08,1005.38,32.41,65.33,1004.99,1,0,MANUAL,1,1,1,
2026-09-28 18:09:02,c2-learning,2977000,31.24,81.35,1005.35,32.41,65.41,1004.99,1,0,MANUAL,1,1,1,
2026-09-28 18:09:03,c2-learning,2978000,31.25,81.35,1005.43,32.41,65.37,1004.93,1,0,MANUAL,1,1,1,
2026-09-28 18:09:04,c2-learning,2979000,31.24,79.83,1005.35,32.42,65.41,1004.97,1,0,MANUAL,1,1,1,
2026-09-28 18:09:05,c2-learning,2980000,31.23,78.17,1005.39,32.43,65.52,1004.96,1,0,MANUAL,1,1,1,
2026-09-28 18:09:06,c2-learning,2981000,31.23,77.64,1005.39,32.42,65.35,1004.95,1,0,MANUAL,1,1,1,
2026-09-28 18:09:07,c2-learning,2982000,31.22,78.44,1005.38,32.42,65.37,1004.94,1,0,MANUAL,1,1,1,
2026-09-28 18:09:08,c2-learning,2983000,31.21,77.73,1005.35,32.43,65.39,1005.01,1,0,MANUAL,1,1,1,
2026-09-28 18:09:09,c2-learning,2984000,31.23,79.92,1005.42,32.43,65.27,1005.01,1,0,MANUAL,1,1,1,
2026-09-28 18:09:10,c2-learning,2985000,31.24,81.05,1005.47,32.42,65.32,1004.94,1,0,MANUAL,1,1,1,
2026-09-28 18:09:11,c2-learning,2986000,31.24,81.95,1005.40,32.43,65.43,1004.98,1,0,MANUAL,1,1,1,
2026-09-28 18:09:12,c2-learning,2987000,31.21,80.54,1005.36,32.43,65.45,1004.96,1,0,MANUAL,1,1,1,
2026-09-28 18:09:13,c2-learning,2988000,31.20,79.46,1005.40,32.42,65.32,1004.95,1,0,MANUAL,1,1,1,
2026-09-28 18:09:14,c2-learning,2989000,31.20,79.11,1005.43,32.42,65.42,1005.00,1,0,MANUAL,1,1,1,
2026-09-28 18:09:15,c2-learning,2990000,31.20,79.72,1005.37,32.42,65.29,1004.95,1,0,MANUAL,1,1,1,
2026-09-28 18:09:16,c2-learning,2991000,31.20,78.93,1005.39,32.43,65.35,1004.96,1,0,MANUAL,1,1,1,
2026-09-28 18:09:17,c2-learning,2992000,31.18,78.22,1005.37,32.43,65.32,1005.01,1,0,MANUAL,1,1,1,
2026-09-28 18:09:18,c2-learning,2993000,31.19,78.71,1005.39,32.42,65.48,1005.00,1,0,MANUAL,1,1,1,
2026-09-28 18:09:19,c2-learning,2994000,31.19,79.22,1005.32,32.43,65.35,1004.98,1,0,MANUAL,1,1,1,
2026-09-28 18:09:20,c2-learning,2995000,31.19,79.23,1005.44,32.42,65.55,1004.98,1,0,MANUAL,1,1,1,
2026-09-28 18:09:21,c2-learning,2996000,31.20,79.14,1005.40,32.43,65.36,1004.98,1,0,MANUAL,1,1,1,
2026-09-28 18:09:22,c2-learning,2997000,31.19,78.71,1005.38,32.42,65.28,1004.95,1,0,MANUAL,1,1,1,
2026-09-28 18:09:23,c2-learning,2998000,31.19,78.48,1005.38,32.42,65.29,1004.98,1,0,MANUAL,1,1,1,
2026-09-28 18:09:24,c2-learning,2999000,31.20,79.24,1005.42,32.42,65.42,1004.95,1,0,MANUAL,1,1,1,
2026-09-28 18:09:25,c2-learning,3000000,31.20,79.71,1005.42,32.42,65.33,1004.99,1,0,MANUAL,1,1,1,
2026-09-28 18:09:26,c2-learning,3001000,31.21,80.43,1005.36,32.42,65.58,1004.99,1,0,MANUAL,1,1,1,
2026-09-28 18:09:27,c2-learning,3002000,31.21,81.19,1005.38,32.42,65.25,1004.94,1,0,MANUAL,1,1,1,
2026-09-28 18:09:28,c2-learning,3003000,31.22,81.99,1005.38,32.41,65.30,1004.99,1,0,MANUAL,1,1,1,
2026-09-28 18:09:29,c2-learning,3004000,31.24,82.40,1005.44,32.42,65.47,1004.94,1,0,MANUAL,1,1,1,
2026-09-28 18:09:30,c2-learning,3005000,31.25,83.04,1005.45,32.41,65.38,1004.99,1,0,MANUAL,1,1,1,
2026-09-28 18:09:31,c2-learning,3006000,31.24,82.96,1005.41,32.42,65.45,1004.98,1,0,MANUAL,1,1,1,
2026-09-28 18:09:32,c2-learning,3007000,31.27,83.42,1005.45,32.41,65.41,1004.96,1,0,MANUAL,1,1,1,
2026-09-28 18:09:33,c2-learning,3008000,31.28,83.92,1005.47,32.42,65.44,1004.97,1,0,MANUAL,1,1,1,
2026-09-28 18:09:34,c2-learning,3009000,31.28,84.00,1005.41,32.41,65.60,1004.96,1,0,MANUAL,1,1,1,
2026-09-28 18:09:35,c2-learning,3010000,31.24,82.87,1005.44,32.40,65.32,1004.95,1,0,MANUAL,1,1,1,
2026-09-28 18:09:36,c2-learning,3011000,31.25,82.12,1005.45,32.41,65.46,1004.93,1,0,MANUAL,1,1,1,
2026-09-28 18:09:37,c2-learning,3012000,31.24,81.54,1005.43,32.42,65.52,1004.97,1,0,MANUAL,1,1,1,
2026-09-28 18:09:38,c2-learning,3013000,31.25,81.05,1005.47,32.41,65.49,1004.93,1,0,MANUAL,1,1,1,
2026-09-28 18:09:39,c2-learning,3014000,31.26,81.07,1005.41,32.40,65.49,1004.98,1,0,MANUAL,1,1,1,
2026-09-28 18:09:40,c2-learning,3015000,31.23,79.31,1005.39,32.41,65.47,1004.99,1,0,MANUAL,1,1,1,
2026-09-28 18:09:41,c2-learning,3016000,31.23,78.24,1005.41,32.42,65.54,1005.02,1,0,MANUAL,1,1,1,
2026-09-28 18:09:42,c2-learning,3017000,31.24,79.49,1005.47,32.41,65.47,1004.96,1,0,MANUAL,1,1,1,
2026-09-28 18:09:43,c2-learning,3018000,31.26,81.10,1005.43,32.40,65.49,1005.03,1,0,MANUAL,1,1,1,
2026-09-28 18:09:44,c2-learning,3019000,31.26,81.74,1005.39,32.41,65.43,1004.93,1,0,MANUAL,1,1,1,
2026-09-28 18:09:45,c2-learning,3020000,31.24,80.78,1005.43,32.42,65.37,1004.97,1,0,MANUAL,1,1,1,
2026-09-28 18:09:46,c2-learning,3021000,31.26,81.39,1005.43,32.42,65.36,1004.94,1,0,MANUAL,1,1,1,
2026-09-28 18:09:47,c2-learning,3022000,31.27,82.15,1005.42,32.42,65.47,1004.95,1,0,MANUAL,1,1,1,
2026-09-28 18:09:48,c2-learning,3023000,31.28,82.85,1005.45,32.42,65.35,1005.03,1,0,MANUAL,1,1,1,
2026-09-28 18:09:49,c2-learning,3024000,31.29,83.39,1005.43,32.42,65.43,1005.00,1,0,MANUAL,1,1,1,
2026-09-28 18:09:50,c2-learning,3025000,31.30,83.72,1005.41,32.43,65.38,1005.07,1,0,MANUAL,1,1,1,
2026-09-28 18:09:51,c2-learning,3026000,31.27,83.26,1005.40,32.43,65.56,1004.98,1,0,MANUAL,1,1,1,
2026-09-28 18:09:52,c2-learning,3027000,31.30,83.77,1005.39,32.42,65.50,1004.97,1,0,MANUAL,1,1,1,
2026-09-28 18:09:53,c2-learning,3028000,31.31,83.94,1005.43,32.42,65.67,1004.97,1,0,MANUAL,1,1,1,
2026-09-28 18:09:54,c2-learning,3029000,31.29,83.61,1005.45,32.42,65.33,1005.02,1,0,MANUAL,1,1,1,
2026-09-28 18:09:55,c2-learning,3030000,31.27,82.20,1005.45,32.42,65.55,1005.06,1,0,MANUAL,1,1,1,
2026-09-28 18:09:56,c2-learning,3031000,31.26,80.83,1005.43,32.43,65.37,1005.01,1,0,MANUAL,1,1,1,
2026-09-28 18:09:57,c2-learning,3032000,31.25,79.79,1005.43,32.42,65.40,1005.03,1,0,MANUAL,1,1,1,
2026-09-28 18:09:58,c2-learning,3033000,31.25,79.96,1005.43,32.42,65.33,1005.05,1,0,MANUAL,1,1,1,
2026-09-28 18:09:59,c2-learning,3034000,31.24,78.82,1005.46,32.41,65.36,1004.99,1,0,MANUAL,1,1,1,
2026-09-28 18:10:00,c2-learning,3035000,31.24,78.00,1005.49,32.42,65.48,1004.97,1,0,MANUAL,1,1,1,
2026-09-28 18:10:01,c2-learning,3036000,31.23,77.82,1005.41,32.42,65.48,1004.99,1,0,MANUAL,1,1,1,
2026-09-28 18:10:02,c2-learning,3037000,31.24,79.21,1005.37,32.42,65.42,1004.98,1,0,MANUAL,1,1,1,
2026-09-28 18:10:03,c2-learning,3038000,31.24,79.79,1005.46,32.42,65.46,1005.06,1,0,MANUAL,1,1,1,
2026-09-28 18:10:04,c2-learning,3039000,31.23,79.52,1005.42,32.43,65.49,1005.04,1,0,MANUAL,1,1,1,
2026-09-28 18:10:05,c2-learning,3040000,31.22,78.45,1005.40,32.42,65.48,1004.98,1,0,MANUAL,1,1,1,
2026-09-28 18:10:06,c2-learning,3041000,31.22,78.25,1005.43,32.43,65.51,1004.96,1,0,MANUAL,1,1,1,
2026-09-28 18:10:07,c2-learning,3042000,31.21,77.29,1005.47,32.43,65.48,1005.01,1,0,MANUAL,1,1,1,
2026-09-28 18:10:08,c2-learning,3043000,31.22,78.41,1005.41,32.45,65.53,1004.90,1,0,MANUAL,1,1,1,
2026-09-28 18:10:09,c2-learning,3044000,31.23,79.42,1005.36,32.45,65.43,1005.04,1,0,MANUAL,1,1,1,
2026-09-28 18:10:10,c2-learning,3045000,31.24,80.79,1005.35,32.43,65.42,1004.98,1,0,MANUAL,1,1,1,
2026-09-28 18:10:11,c2-learning,3046000,31.26,81.73,1005.41,32.44,65.49,1005.01,1,0,MANUAL,1,1,1,
2026-09-28 18:10:12,c2-learning,3047000,31.27,82.74,1005.42,32.45,65.50,1005.02,1,0,MANUAL,1,1,1,
2026-09-28 18:10:13,c2-learning,3048000,31.24,81.74,1005.43,32.45,65.41,1004.96,1,0,MANUAL,1,1,1,
2026-09-28 18:10:14,c2-learning,3049000,31.25,82.26,1005.34,32.44,65.36,1004.90,1,0,MANUAL,1,1,1,
2026-09-28 18:10:15,c2-learning,3050000,31.26,81.91,1005.41,32.45,65.33,1005.02,1,0,MANUAL,1,1,1,
2026-09-28 18:10:16,c2-learning,3051000,31.23,79.69,1005.47,32.45,65.61,1004.93,1,0,MANUAL,1,1,1,
2026-09-28 18:10:17,c2-learning,3052000,31.24,80.29,1005.43,32.45,65.59,1004.90,1,0,MANUAL,1,1,1,
2026-09-28 18:10:18,c2-learning,3053000,31.26,81.54,1005.41,32.45,65.51,1004.94,1,0,MANUAL,1,1,1,
2026-09-28 18:10:19,c2-learning,3054000,31.23,79.71,1005.42,32.45,65.68,1005.02,1,0,MANUAL,1,1,1,
2026-09-28 18:10:20,c2-learning,3055000,31.22,78.05,1005.45,32.46,65.58,1004.89,1,0,MANUAL,1,1,1,
2026-09-28 18:10:21,c2-learning,3056000,31.22,79.04,1005.38,32.46,65.59,1005.00,1,0,MANUAL,1,1,1,
2026-09-28 18:10:22,c2-learning,3057000,31.21,77.42,1005.38,32.45,65.35,1005.05,1,0,MANUAL,1,1,1,
2026-09-28 18:10:23,c2-learning,3058000,31.22,77.95,1005.41,32.45,65.45,1005.02,1,0,MANUAL,1,1,1,
2026-09-28 18:10:24,c2-learning,3059000,31.22,77.34,1005.38,32.45,65.42,1005.02,1,0,MANUAL,1,1,1,
2026-09-28 18:10:25,c2-learning,3060000,31.22,77.91,1005.37,32.46,65.43,1005.04,1,0,MANUAL,1,1,1,
2026-09-28 18:10:26,c2-learning,3061000,31.21,77.15,1005.41,32.46,65.41,1005.00,1,0,MANUAL,1,1,1,
2026-09-28 18:10:27,c2-learning,3062000,31.22,78.52,1005.45,32.46,65.42,1005.00,1,0,MANUAL,1,1,1,
2026-09-28 18:10:28,c2-learning,3063000,31.20,77.54,1005.46,32.46,65.29,1005.06,1,0,MANUAL,1,1,1,
2026-09-28 18:10:29,c2-learning,3064000,31.21,77.67,1005.44,32.45,65.31,1004.97,1,0,MANUAL,1,1,1,
2026-09-28 18:10:30,c2-learning,3065000,31.20,78.52,1005.39,32.46,65.41,1005.03,1,0,MANUAL,1,1,1,
2026-09-28 18:10:31,c2-learning,3066000,31.20,79.98,1005.45,32.46,65.42,1004.98,1,0,MANUAL,1,1,1,
2026-09-28 18:10:32,c2-learning,3067000,31.20,81.08,1005.43,32.46,65.32,1005.06,1,0,MANUAL,1,1,1,
2026-09-28 18:10:33,c2-learning,3068000,31.21,81.38,1005.39,32.45,65.34,1005.05,1,0,MANUAL,1,1,1,
2026-09-28 18:10:34,c2-learning,3069000,31.21,80.30,1005.47,32.45,65.30,1004.99,1,0,MANUAL,1,1,1,
2026-09-28 18:10:35,c2-learning,3070000,31.22,81.00,1005.32,32.45,65.37,1005.04,1,0,MANUAL,1,1,1,
2026-09-28 18:10:36,c2-learning,3071000,31.22,79.93,1005.41,32.45,65.45,1005.02,1,0,MANUAL,1,1,1,
2026-09-28 18:10:37,c2-learning,3072000,31.21,78.46,1005.38,32.45,65.37,1005.00,1,0,MANUAL,1,1,1,
2026-09-28 18:10:38,c2-learning,3073000,31.21,80.06,1005.41,32.45,65.34,1005.02,1,0,MANUAL,1,1,1,
2026-09-28 18:10:39,c2-learning,3074000,31.22,80.34,1005.41,32.45,65.44,1004.99,1,0,MANUAL,1,1,1,
2026-09-28 18:10:40,c2-learning,3075000,31.20,79.03,1005.40,32.45,65.47,1005.02,1,0,MANUAL,1,1,1,
2026-09-28 18:10:41,c2-learning,3076000,31.22,80.31,1005.45,32.44,65.51,1005.01,1,0,MANUAL,1,1,1,
2026-09-28 18:10:42,c2-learning,3077000,31.24,81.72,1005.46,32.45,65.35,1005.02,1,0,MANUAL,1,1,1,
2026-09-28 18:10:43,c2-learning,3078000,31.21,79.81,1005.44,32.45,65.42,1005.02,1,0,MANUAL,1,1,1,
2026-09-28 18:10:44,c2-learning,3079000,31.22,79.89,1005.40,32.45,65.50,1004.99,1,0,MANUAL,1,1,1,
2026-09-28 18:10:45,c2-learning,3080000,31.22,80.96,1005.46,32.45,65.51,1005.05,1,0,MANUAL,1,1,1,
2026-09-28 18:10:46,c2-learning,3081000,31.23,81.39,1005.44,32.46,65.61,1005.00,1,0,MANUAL,1,1,1,
2026-09-28 18:10:47,c2-learning,3082000,31.22,79.94,1005.40,32.45,65.44,1005.04,1,0,MANUAL,1,1,1,
2026-09-28 18:10:48,c2-learning,3083000,31.21,79.36,1005.39,32.46,65.41,1005.03,1,0,MANUAL,1,1,1,
2026-09-28 18:10:49,c2-learning,3084000,31.21,78.36,1005.38,32.45,65.46,1004.99,1,0,MANUAL,1,1,1,
2026-09-28 18:10:49,c2-learning,,,,,,,,,,,,,,mist A=0 B=0 (manual)
2026-09-28 18:10:50,c2-learning,3085000,31.21,78.72,1005.38,32.46,65.66,1005.00,0,0,MANUAL,1,1,1,
2026-09-28 18:10:51,c2-learning,3086000,31.21,78.50,1005.35,32.46,65.38,1005.00,0,0,MANUAL,1,1,1,
2026-09-28 18:10:52,c2-learning,3087000,31.19,78.78,1005.41,32.46,65.45,1005.00,0,0,MANUAL,1,1,1,
2026-09-28 18:10:53,c2-learning,3088000,31.19,79.10,1005.41,32.46,65.42,1005.00,0,0,MANUAL,1,1,1,
2026-09-28 18:10:54,c2-learning,3089000,31.19,78.95,1005.38,32.46,65.35,1005.07,0,0,MANUAL,1,1,1,
2026-09-28 18:10:55,c2-learning,3090000,31.20,80.06,1005.37,32.46,65.54,1005.04,0,0,MANUAL,1,1,1,
2026-09-28 18:10:56,c2-learning,3091000,31.22,80.86,1005.43,32.47,65.54,1005.03,0,0,MANUAL,1,1,1,
2026-09-28 18:10:57,c2-learning,3092000,31.21,80.73,1005.44,32.47,65.68,1005.00,0,0,MANUAL,1,1,1,
2026-09-28 18:10:58,c2-learning,3093000,31.21,80.52,1005.41,32.47,65.56,1005.00,0,0,MANUAL,1,1,1,
2026-09-28 18:10:59,c2-learning,3094000,31.22,81.37,1005.45,32.46,65.52,1005.00,0,0,MANUAL,1,1,1,
2026-09-28 18:11:00,c2-learning,3095000,31.23,81.68,1005.44,32.46,65.32,1004.98,0,0,MANUAL,1,1,1,
2026-09-28 18:11:01,c2-learning,3096000,31.24,82.16,1005.43,32.46,65.36,1005.00,0,0,MANUAL,1,1,1,
2026-09-28 18:11:02,c2-learning,3097000,31.23,81.15,1005.45,32.47,65.52,1004.94,0,0,MANUAL,1,1,1,
2026-09-28 18:11:03,c2-learning,3098000,31.24,81.70,1005.38,32.47,65.45,1004.99,0,0,MANUAL,1,1,1,
2026-09-28 18:11:04,c2-learning,3099000,31.26,82.52,1005.38,32.47,65.33,1005.02,0,0,MANUAL,1,1,1,
2026-09-28 18:11:05,c2-learning,3100000,31.26,82.95,1005.43,32.47,65.40,1005.03,0,0,MANUAL,1,1,1,
2026-09-28 18:11:06,c2-learning,3101000,31.24,81.67,1005.40,32.47,65.41,1004.99,0,0,MANUAL,1,1,1,
2026-09-28 18:11:07,c2-learning,3102000,31.23,80.53,1005.45,32.46,65.38,1005.01,0,0,MANUAL,1,1,1,
2026-09-28 18:11:08,c2-learning,3103000,31.24,81.01,1005.41,32.46,65.68,1005.01,0,0,MANUAL,1,1,1,
2026-09-28 18:11:09,c2-learning,3104000,31.26,81.42,1005.43,32.47,65.46,1005.03,0,0,MANUAL,1,1,1,
2026-09-28 18:11:10,c2-learning,3105000,31.22,79.33,1005.40,32.47,65.39,1005.02,0,0,MANUAL,1,1,1,
2026-09-28 18:11:11,c2-learning,3106000,31.23,79.48,1005.39,32.47,65.60,1004.99,0,0,MANUAL,1,1,1,
2026-09-28 18:11:12,c2-learning,3107000,31.23,79.48,1005.36,32.46,65.38,1005.00,0,0,MANUAL,1,1,1,
2026-09-28 18:11:13,c2-learning,3108000,31.25,80.23,1005.45,32.47,65.28,1005.02,0,0,MANUAL,1,1,1,
2026-09-28 18:11:14,c2-learning,3109000,31.24,79.74,1005.43,32.47,65.65,1004.99,0,0,MANUAL,1,1,1,
2026-09-28 18:11:15,c2-learning,3110000,31.23,78.46,1005.42,32.46,65.58,1005.01,0,0,MANUAL,1,1,1,
2026-09-28 18:11:16,c2-learning,3111000,31.23,77.96,1005.42,32.46,65.58,1005.03,0,0,MANUAL,1,1,1,
2026-09-28 18:11:17,c2-learning,3112000,31.23,78.71,1005.39,32.45,65.54,1005.00,0,0,MANUAL,1,1,1,
2026-09-28 18:11:18,c2-learning,3113000,31.24,79.03,1005.44,32.45,65.38,1004.91,0,0,MANUAL,1,1,1,
2026-09-28 18:11:19,c2-learning,3114000,31.25,80.07,1005.45,32.46,65.59,1005.00,0,0,MANUAL,1,1,1,
2026-09-28 18:11:20,c2-learning,3115000,31.26,80.22,1005.43,32.46,65.36,1005.00,0,0,MANUAL,1,1,1,
2026-09-28 18:11:21,c2-learning,3116000,31.24,78.19,1005.40,32.46,65.37,1004.98,0,0,MANUAL,1,1,1,
2026-09-28 18:11:22,c2-learning,3117000,31.24,77.15,1005.41,32.46,65.41,1004.98,0,0,MANUAL,1,1,1,
2026-09-28 18:11:23,c2-learning,3118000,31.26,77.94,1005.43,32.47,65.31,1004.96,0,0,MANUAL,1,1,1,
2026-09-28 18:11:24,c2-learning,3119000,31.25,78.28,1005.37,32.47,65.31,1005.05,0,0,MANUAL,1,1,1,
2026-09-28 18:11:25,c2-learning,3120000,31.25,78.24,1005.45,32.47,65.40,1005.08,0,0,MANUAL,1,1,1,
2026-09-28 18:11:26,c2-learning,3121000,31.26,78.07,1005.41,32.47,65.31,1005.02,0,0,MANUAL,1,1,1,
2026-09-28 18:11:27,c2-learning,3122000,31.26,77.00,1005.47,32.46,65.33,1005.01,0,0,MANUAL,1,1,1,
2026-09-28 18:11:28,c2-learning,3123000,31.26,76.96,1005.47,32.46,65.33,1004.89,0,0,MANUAL,1,1,1,
2026-09-28 18:11:29,c2-learning,3124000,31.27,77.02,1005.42,32.46,65.49,1005.01,0,0,MANUAL,1,1,1,
2026-09-28 18:11:30,c2-learning,3125000,31.28,78.59,1005.44,32.46,65.68,1004.98,0,0,MANUAL,1,1,1,
2026-09-28 18:11:31,c2-learning,3126000,31.29,80.04,1005.40,32.47,65.37,1005.05,0,0,MANUAL,1,1,1,
2026-09-28 18:11:32,c2-learning,3127000,31.31,81.00,1005.46,32.47,65.54,1005.02,0,0,MANUAL,1,1,1,
2026-09-28 18:11:33,c2-learning,3128000,31.29,80.22,1005.43,32.46,65.54,1005.01,0,0,MANUAL,1,1,1,
2026-09-28 18:11:34,c2-learning,3129000,31.30,79.78,1005.42,32.47,65.74,1004.99,0,0,MANUAL,1,1,1,
2026-09-28 18:11:35,c2-learning,3130000,31.30,80.03,1005.48,32.47,65.58,1005.02,0,0,MANUAL,1,1,1,
2026-09-28 18:11:36,c2-learning,3131000,31.30,78.52,1005.44,32.46,65.60,1005.01,0,0,MANUAL,1,1,1,
2026-09-28 18:11:37,c2-learning,3132000,31.30,78.56,1005.47,32.46,65.69,1005.04,0,0,MANUAL,1,1,1,
2026-09-28 18:11:38,c2-learning,3133000,31.30,78.32,1005.42,32.47,65.67,1005.05,0,0,MANUAL,1,1,1,
2026-09-28 18:11:39,c2-learning,3134000,31.31,79.14,1005.47,32.47,65.72,1005.05,0,0,MANUAL,1,1,1,
2026-09-28 18:11:40,c2-learning,3135000,31.30,78.45,1005.47,32.47,65.45,1005.02,0,0,MANUAL,1,1,1,
2026-09-28 18:11:41,c2-learning,3136000,31.30,77.98,1005.39,32.47,65.43,1005.03,0,0,MANUAL,1,1,1,
2026-09-28 18:11:42,c2-learning,3137000,31.31,78.12,1005.44,32.47,65.43,1005.02,0,0,MANUAL,1,1,1,
2026-09-28 18:11:43,c2-learning,3138000,31.32,77.90,1005.47,32.47,65.35,1005.07,0,0,MANUAL,1,1,1,
2026-09-28 18:11:44,c2-learning,3139000,31.33,78.42,1005.49,32.48,65.24,1005.06,0,0,MANUAL,1,1,1,
2026-09-28 18:11:45,c2-learning,3140000,31.32,77.64,1005.48,32.48,65.32,1005.01,0,0,MANUAL,1,1,1,
2026-09-28 18:11:46,c2-learning,3141000,31.32,77.10,1005.34,32.47,65.35,1005.00,0,0,MANUAL,1,1,1,
2026-09-28 18:11:47,c2-learning,3142000,31.33,78.39,1005.44,32.47,65.43,1005.00,0,0,MANUAL,1,1,1,
2026-09-28 18:11:48,c2-learning,3143000,31.35,79.40,1005.47,32.48,65.41,1004.98,0,0,MANUAL,1,1,1,
2026-09-28 18:11:49,c2-learning,3144000,31.33,78.61,1005.47,32.48,65.33,1005.03,0,0,MANUAL,1,1,1,
2026-09-28 18:11:50,c2-learning,3145000,31.34,78.99,1005.45,32.47,65.31,1004.97,0,0,MANUAL,1,1,1,
2026-09-28 18:11:51,c2-learning,3146000,31.37,80.02,1005.41,32.47,65.42,1005.05,0,0,MANUAL,1,1,1,
2026-09-28 18:11:52,c2-learning,3147000,31.39,80.84,1005.49,32.47,65.34,1004.99,0,0,MANUAL,1,1,1,
2026-09-28 18:11:53,c2-learning,3148000,31.37,80.61,1005.43,32.46,65.38,1005.01,0,0,MANUAL,1,1,1,
2026-09-28 18:11:54,c2-learning,3149000,31.35,79.05,1005.44,32.47,65.54,1005.08,0,0,MANUAL,1,1,1,
2026-09-28 18:11:55,c2-learning,3150000,31.37,78.29,1005.50,32.47,65.42,1004.99,0,0,MANUAL,1,1,1,
2026-09-28 18:11:56,c2-learning,3151000,31.36,77.69,1005.42,32.46,65.39,1005.07,0,0,MANUAL,1,1,1,
2026-09-28 18:11:57,c2-learning,3152000,31.36,77.46,1005.48,32.47,65.41,1005.02,0,0,MANUAL,1,1,1,
2026-09-28 18:11:58,c2-learning,3153000,31.36,76.82,1005.45,32.46,65.32,1005.01,0,0,MANUAL,1,1,1,
2026-09-28 18:11:59,c2-learning,3154000,31.35,76.51,1005.49,32.47,65.33,1004.99,0,0,MANUAL,1,1,1,
2026-09-28 18:11:59,c2-learning,,,,,,,,,,,,,,mist A=1 B=0 (manual)
2026-09-28 18:12:00,c2-learning,3155000,31.37,77.60,1005.44,32.46,65.43,1004.98,1,0,MANUAL,1,1,1,
2026-09-28 18:12:01,c2-learning,3156000,31.36,76.24,1005.39,32.47,65.49,1005.02,1,0,MANUAL,1,1,1,
2026-09-28 18:12:02,c2-learning,3157000,31.37,75.58,1005.47,32.47,65.38,1005.02,1,0,MANUAL,1,1,1,
2026-09-28 18:12:03,c2-learning,3158000,31.38,75.54,1005.48,32.47,65.60,1005.02,1,0,MANUAL,1,1,1,
2026-09-28 18:12:04,c2-learning,3159000,31.37,75.87,1005.47,32.47,65.27,1005.02,1,0,MANUAL,1,1,1,
2026-09-28 18:12:05,c2-learning,3160000,31.38,76.50,1005.48,32.47,65.42,1005.07,1,0,MANUAL,1,1,1,
2026-09-28 18:12:06,c2-learning,3161000,31.38,76.89,1005.51,32.48,65.43,1005.01,1,0,MANUAL,1,1,1,
2026-09-28 18:12:07,c2-learning,3162000,31.38,76.64,1005.51,32.47,65.28,1005.02,1,0,MANUAL,1,1,1,
2026-09-28 18:12:08,c2-learning,3163000,31.38,76.26,1005.45,32.46,65.31,1005.01,1,0,MANUAL,1,1,1,
2026-09-28 18:12:09,c2-learning,3164000,31.38,76.42,1005.40,32.47,65.40,1005.05,1,0,MANUAL,1,1,1,
2026-09-28 18:12:10,c2-learning,3165000,31.38,76.74,1005.46,32.48,65.37,1005.09,1,0,MANUAL,1,1,1,
2026-09-28 18:12:11,c2-learning,3166000,31.39,77.99,1005.47,32.47,65.38,1004.94,1,0,MANUAL,1,1,1,
2026-09-28 18:12:12,c2-learning,3167000,31.39,77.52,1005.44,32.47,65.59,1005.02,1,0,MANUAL,1,1,1,
2026-09-28 18:12:13,c2-learning,3168000,31.39,76.66,1005.41,32.47,65.38,1005.02,1,0,MANUAL,1,1,1,
2026-09-28 18:12:14,c2-learning,3169000,31.38,75.89,1005.48,32.47,65.41,1005.03,1,0,MANUAL,1,1,1,
2026-09-28 18:12:15,c2-learning,3170000,31.38,76.11,1005.43,32.47,65.28,1005.05,1,0,MANUAL,1,1,1,
2026-09-28 18:12:16,c2-learning,3171000,31.39,77.06,1005.44,32.47,65.38,1005.07,1,0,MANUAL,1,1,1,
2026-09-28 18:12:17,c2-learning,3172000,31.38,75.61,1005.43,32.47,65.61,1005.05,1,0,MANUAL,1,1,1,
2026-09-28 18:12:18,c2-learning,3173000,31.38,75.20,1005.43,32.48,65.30,1005.09,1,0,MANUAL,1,1,1,
2026-09-28 18:12:19,c2-learning,3174000,31.38,75.64,1005.42,32.48,65.33,1005.03,1,0,MANUAL,1,1,1,
2026-09-28 18:12:20,c2-learning,3175000,31.39,77.57,1005.45,32.47,65.32,1004.99,1,0,MANUAL,1,1,1,
2026-09-28 18:12:21,c2-learning,3176000,31.40,79.45,1005.46,32.47,65.31,1005.05,1,0,MANUAL,1,1,1,
2026-09-28 18:12:22,c2-learning,3177000,31.39,79.01,1005.49,32.47,65.37,1005.08,1,0,MANUAL,1,1,1,
2026-09-28 18:12:23,c2-learning,3178000,31.39,78.53,1005.44,32.47,65.50,1005.08,1,0,MANUAL,1,1,1,
2026-09-28 18:12:24,c2-learning,3179000,31.40,79.10,1005.51,32.47,65.38,1005.07,1,0,MANUAL,1,1,1,
2026-09-28 18:12:25,c2-learning,3180000,31.41,79.59,1005.44,32.47,65.60,1004.99,1,0,MANUAL,1,1,1,
2026-09-28 18:12:26,c2-learning,3181000,31.40,79.04,1005.52,32.47,65.38,1005.03,1,0,MANUAL,1,1,1,
2026-09-28 18:12:27,c2-learning,3182000,31.40,78.97,1005.43,32.47,65.25,1005.05,1,0,MANUAL,1,1,1,
2026-09-28 18:12:28,c2-learning,3183000,31.41,79.62,1005.48,32.47,65.63,1005.03,1,0,MANUAL,1,1,1,
2026-09-28 18:12:29,c2-learning,3184000,31.40,77.93,1005.46,32.49,65.33,1005.08,1,0,MANUAL,1,1,1,
2026-09-28 18:12:30,c2-learning,3185000,31.40,78.52,1005.45,32.48,65.24,1005.06,1,0,MANUAL,1,1,1,
2026-09-28 18:12:31,c2-learning,3186000,31.42,79.05,1005.46,32.48,65.26,1005.03,1,0,MANUAL,1,1,1,
2026-09-28 18:12:32,c2-learning,3187000,31.41,78.51,1005.47,32.47,65.29,1005.05,1,0,MANUAL,1,1,1,
2026-09-28 18:12:33,c2-learning,3188000,31.40,77.48,1005.41,32.47,65.33,1005.03,1,0,MANUAL,1,1,1,
2026-09-28 18:12:34,c2-learning,3189000,31.42,78.03,1005.46,32.47,65.35,1004.97,1,0,MANUAL,1,1,1,
2026-09-28 18:12:35,c2-learning,3190000,31.41,77.69,1005.47,32.47,65.32,1005.03,1,0,MANUAL,1,1,1,
2026-09-28 18:12:36,c2-learning,3191000,31.42,78.56,1005.51,32.46,65.28,1005.04,1,0,MANUAL,1,1,1,
2026-09-28 18:12:37,c2-learning,3192000,31.43,79.80,1005.50,32.47,65.34,1005.03,1,0,MANUAL,1,1,1,
2026-09-28 18:12:38,c2-learning,3193000,31.42,79.41,1005.49,32.47,65.68,1005.05,1,0,MANUAL,1,1,1,
2026-09-28 18:12:39,c2-learning,3194000,31.42,78.43,1005.49,32.46,65.56,1005.01,1,0,MANUAL,1,1,1,
2026-09-28 18:12:40,c2-learning,3195000,31.42,78.79,1005.49,32.46,65.64,1005.01,1,0,MANUAL,1,1,1,
2026-09-28 18:12:41,c2-learning,3196000,31.41,76.52,1005.47,32.47,65.67,1005.02,1,0,MANUAL,1,1,1,
2026-09-28 18:12:42,c2-learning,3197000,31.40,77.28,1005.46,32.47,65.36,1005.10,1,0,MANUAL,1,1,1,
2026-09-28 18:12:43,c2-learning,3198000,31.42,79.04,1005.49,32.47,65.42,1004.94,1,0,MANUAL,1,1,1,
2026-09-28 18:12:44,c2-learning,3199000,31.43,79.88,1005.54,32.48,65.30,1005.06,1,0,MANUAL,1,1,1,
2026-09-28 18:12:45,c2-learning,3200000,31.43,80.18,1005.47,32.47,65.39,1005.07,1,0,MANUAL,1,1,1,
2026-09-28 18:12:46,c2-learning,3201000,31.44,80.99,1005.52,32.47,65.43,1005.07,1,0,MANUAL,1,1,1,
2026-09-28 18:12:47,c2-learning,3202000,31.43,80.96,1005.50,32.47,65.40,1005.08,1,0,MANUAL,1,1,1,
2026-09-28 18:12:48,c2-learning,3203000,31.43,81.12,1005.50,32.47,65.25,1005.02,1,0,MANUAL,1,1,1,
2026-09-28 18:12:49,c2-learning,3204000,31.42,81.25,1005.49,32.46,65.42,1005.03,1,0,MANUAL,1,1,1,
2026-09-28 18:12:50,c2-learning,3205000,31.41,79.73,1005.47,32.47,65.35,1005.02,1,0,MANUAL,1,1,1,
2026-09-28 18:12:51,c2-learning,3206000,31.40,80.05,1005.57,32.46,65.38,1005.07,1,0,MANUAL,1,1,1,
2026-09-28 18:12:52,c2-learning,3207000,31.41,79.93,1005.50,32.46,65.38,1005.01,1,0,MANUAL,1,1,1,
2026-09-28 18:12:53,c2-learning,3208000,31.41,80.98,1005.50,32.46,65.30,1005.09,1,0,MANUAL,1,1,1,
2026-09-28 18:12:54,c2-learning,3209000,31.43,81.83,1005.53,32.46,65.62,1005.04,1,0,MANUAL,1,1,1,
2026-09-28 18:12:55,c2-learning,3210000,31.43,81.56,1005.47,32.47,65.41,1005.05,1,0,MANUAL,1,1,1,
2026-09-28 18:12:56,c2-learning,3211000,31.41,80.98,1005.48,32.47,65.31,1005.05,1,0,MANUAL,1,1,1,
2026-09-28 18:12:57,c2-learning,3212000,31.42,80.86,1005.51,32.48,65.42,1005.03,1,0,MANUAL,1,1,1,
2026-09-28 18:12:58,c2-learning,3213000,31.45,82.04,1005.45,32.48,65.43,1005.13,1,0,MANUAL,1,1,1,
2026-09-28 18:12:59,c2-learning,3214000,31.44,82.96,1005.50,32.47,65.44,1005.00,1,0,MANUAL,1,1,1,
2026-09-28 18:13:00,c2-learning,3215000,31.43,82.72,1005.53,32.48,65.63,1005.09,1,0,MANUAL,1,1,1,
2026-09-28 18:13:01,c2-learning,3216000,31.41,81.62,1005.51,32.48,65.43,1005.03,1,0,MANUAL,1,1,1,
2026-09-28 18:13:02,c2-learning,3217000,31.42,81.71,1005.49,32.48,65.30,1004.95,1,0,MANUAL,1,1,1,
2026-09-28 18:13:03,c2-learning,3218000,31.43,82.37,1005.50,32.48,65.41,1005.01,1,0,MANUAL,1,1,1,
2026-09-28 18:13:04,c2-learning,3219000,31.42,82.84,1005.49,32.49,65.49,1005.05,1,0,MANUAL,1,1,1,
2026-09-28 18:13:05,c2-learning,3220000,31.40,81.19,1005.51,32.48,65.41,1005.02,1,0,MANUAL,1,1,1,
2026-09-28 18:13:06,c2-learning,3221000,31.39,81.28,1005.52,32.49,65.26,1005.11,1,0,MANUAL,1,1,1,
2026-09-28 18:13:07,c2-learning,3222000,31.39,82.16,1005.49,32.49,65.31,1005.08,1,0,MANUAL,1,1,1,
2026-09-28 18:13:08,c2-learning,3223000,31.40,82.63,1005.58,32.49,65.28,1005.13,1,0,MANUAL,1,1,1,
2026-09-28 18:13:09,c2-learning,3224000,31.40,82.78,1005.48,32.49,65.33,1005.11,1,0,MANUAL,1,1,1,
2026-09-28 18:13:10,c2-learning,3225000,31.39,83.01,1005.49,32.49,65.38,1005.05,1,0,MANUAL,1,1,1,
2026-09-28 18:13:11,c2-learning,3226000,31.38,83.08,1005.53,32.48,65.26,1005.04,1,0,MANUAL,1,1,1,
2026-09-28 18:13:12,c2-learning,3227000,31.37,82.64,1005.47,32.49,65.35,1005.11,1,0,MANUAL,1,1,1,
2026-09-28 18:13:13,c2-learning,3228000,31.36,82.14,1005.50,32.48,65.35,1005.04,1,0,MANUAL,1,1,1,
2026-09-28 18:13:14,c2-learning,3229000,31.35,81.60,1005.44,32.48,65.32,1005.07,1,0,MANUAL,1,1,1,
2026-09-28 18:13:15,c2-learning,3230000,31.35,81.37,1005.49,32.48,65.39,1005.03,1,0,MANUAL,1,1,1,
2026-09-28 18:13:16,c2-learning,3231000,31.35,81.30,1005.51,32.49,65.30,1005.09,1,0,MANUAL,1,1,1,
2026-09-28 18:13:17,c2-learning,3232000,31.34,81.19,1005.51,32.49,65.23,1005.05,1,0,MANUAL,1,1,1,
2026-09-28 18:13:18,c2-learning,3233000,31.33,81.79,1005.53,32.49,65.37,1005.11,1,0,MANUAL,1,1,1,
2026-09-28 18:13:19,c2-learning,3234000,31.31,80.77,1005.49,32.49,65.31,1005.05,1,0,MANUAL,1,1,1,
2026-09-28 18:13:20,c2-learning,3235000,31.31,79.74,1005.49,32.49,65.42,1005.02,1,0,MANUAL,1,1,1,
2026-09-28 18:13:21,c2-learning,3236000,31.33,80.67,1005.43,32.49,65.25,1005.11,1,0,MANUAL,1,1,1,
2026-09-28 18:13:22,c2-learning,3237000,31.30,80.63,1005.53,32.48,65.71,1005.04,1,0,MANUAL,1,1,1,
2026-09-28 18:13:23,c2-learning,3238000,31.29,79.10,1005.48,32.48,65.41,1005.07,1,0,MANUAL,1,1,1,
2026-09-28 18:13:24,c2-learning,3239000,31.30,80.23,1005.47,32.48,65.29,1005.15,1,0,MANUAL,1,1,1,
2026-09-28 18:13:25,c2-learning,3240000,31.28,79.28,1005.53,32.49,65.38,1005.08,1,0,MANUAL,1,1,1,
2026-09-28 18:13:26,c2-learning,3241000,31.28,79.06,1005.53,32.48,65.31,1005.07,1,0,MANUAL,1,1,1,
2026-09-28 18:13:27,c2-learning,3242000,31.28,79.02,1005.50,32.48,65.30,1005.10,1,0,MANUAL,1,1,1,
2026-09-28 18:13:28,c2-learning,3243000,31.28,78.80,1005.53,32.48,65.25,1005.07,1,0,MANUAL,1,1,1,
2026-09-28 18:13:29,c2-learning,3244000,31.27,77.59,1005.49,32.48,65.34,1005.03,1,0,MANUAL,1,1,1,
2026-09-28 18:13:30,c2-learning,3245000,31.27,77.83,1005.51,32.47,65.40,1005.10,1,0,MANUAL,1,1,1,
2026-09-28 18:13:31,c2-learning,3246000,31.27,77.67,1005.48,32.48,65.52,1005.06,1,0,MANUAL,1,1,1,
2026-09-28 18:13:32,c2-learning,3247000,31.26,77.75,1005.46,32.48,65.43,1005.09,1,0,MANUAL,1,1,1,
2026-09-28 18:13:33,c2-learning,3248000,31.25,76.78,1005.45,32.48,65.26,1005.03,1,0,MANUAL,1,1,1,
2026-09-28 18:13:34,c2-learning,3249000,31.26,78.25,1005.50,32.48,65.24,1005.15,1,0,MANUAL,1,1,1,
2026-09-28 18:13:35,c2-learning,3250000,31.27,79.63,1005.49,32.47,65.31,1005.07,1,0,MANUAL,1,1,1,
2026-09-28 18:13:36,c2-learning,3251000,31.28,80.73,1005.45,32.47,65.30,1005.05,1,0,MANUAL,1,1,1,
2026-09-28 18:13:37,c2-learning,3252000,31.29,81.97,1005.51,32.48,65.49,1005.09,1,0,MANUAL,1,1,1,
2026-09-28 18:13:38,c2-learning,3253000,31.27,81.55,1005.49,32.47,65.51,1005.07,1,0,MANUAL,1,1,1,
2026-09-28 18:13:39,c2-learning,3254000,31.24,79.54,1005.44,32.47,65.29,1005.11,1,0,MANUAL,1,1,1,
2026-09-28 18:13:40,c2-learning,3255000,31.26,79.24,1005.55,32.48,65.35,1005.03,1,0,MANUAL,1,1,1,
2026-09-28 18:13:41,c2-learning,3256000,31.25,77.71,1005.48,32.48,65.37,1005.09,1,0,MANUAL,1,1,1,
2026-09-28 18:13:42,c2-learning,3257000,31.26,77.86,1005.49,32.47,65.26,1005.07,1,0,MANUAL,1,1,1,
2026-09-28 18:13:43,c2-learning,3258000,31.24,77.14,1005.52,32.47,65.64,1005.10,1,0,MANUAL,1,1,1,
2026-09-28 18:13:44,c2-learning,3259000,31.26,78.78,1005.46,32.47,65.30,1005.07,1,0,MANUAL,1,1,1,
2026-09-28 18:13:45,c2-learning,3260000,31.24,78.68,1005.46,32.47,65.35,1005.11,1,0,MANUAL,1,1,1,
2026-09-28 18:13:46,c2-learning,3261000,31.24,77.60,1005.51,32.47,65.44,1005.02,1,0,MANUAL,1,1,1,
2026-09-28 18:13:47,c2-learning,3262000,31.23,77.30,1005.53,32.47,65.42,1005.02,1,0,MANUAL,1,1,1,
2026-09-28 18:13:48,c2-learning,3263000,31.24,77.77,1005.49,32.48,65.29,1005.03,1,0,MANUAL,1,1,1,
2026-09-28 18:13:49,c2-learning,3264000,31.24,77.92,1005.49,32.48,65.35,1005.09,1,0,MANUAL,1,1,1,
2026-09-28 18:13:50,c2-learning,3265000,31.23,76.38,1005.53,32.48,65.33,1005.09,1,0,MANUAL,1,1,1,
2026-09-28 18:13:51,c2-learning,3266000,31.23,76.41,1005.47,32.48,65.33,1005.03,1,0,MANUAL,1,1,1,
2026-09-28 18:13:52,c2-learning,3267000,31.24,78.82,1005.55,32.47,65.34,1005.03,1,0,MANUAL,1,1,1,
2026-09-28 18:13:53,c2-learning,3268000,31.25,80.58,1005.51,32.47,65.47,1005.07,1,0,MANUAL,1,1,1,
2026-09-28 18:13:54,c2-learning,3269000,31.22,78.78,1005.51,32.47,65.44,1005.05,1,0,MANUAL,1,1,1,
2026-09-28 18:13:55,c2-learning,3270000,31.23,78.12,1005.47,32.47,65.40,1005.02,1,0,MANUAL,1,1,1,
2026-09-28 18:13:56,c2-learning,3271000,31.22,77.59,1005.46,32.47,65.42,1005.07,1,0,MANUAL,1,1,1,
2026-09-28 18:13:57,c2-learning,3272000,31.24,78.27,1005.49,32.47,65.40,1005.07,1,0,MANUAL,1,1,1,
2026-09-28 18:13:58,c2-learning,3273000,31.22,78.26,1005.46,32.47,65.32,1005.07,1,0,MANUAL,1,1,1,
2026-09-28 18:13:59,c2-learning,3274000,31.22,77.80,1005.46,32.47,65.43,1005.16,1,0,MANUAL,1,1,1,
2026-09-28 18:14:00,c2-learning,3275000,31.24,79.46,1005.46,32.47,65.33,1005.11,1,0,MANUAL,1,1,1,
2026-09-28 18:14:01,c2-learning,3276000,31.24,79.63,1005.46,32.47,65.54,1005.05,1,0,MANUAL,1,1,1,
2026-09-28 18:14:02,c2-learning,3277000,31.22,77.71,1005.43,32.47,65.32,1005.05,1,0,MANUAL,1,1,1,
2026-09-28 18:14:03,c2-learning,3278000,31.21,78.61,1005.53,32.47,65.34,1005.05,1,0,MANUAL,1,1,1,
2026-09-28 18:14:04,c2-learning,3279000,31.23,79.92,1005.53,32.47,65.38,1005.07,1,0,MANUAL,1,1,1,
2026-09-28 18:14:05,c2-learning,3280000,31.23,81.32,1005.44,32.48,65.46,1005.07,1,0,MANUAL,1,1,1,
2026-09-28 18:14:06,c2-learning,3281000,31.22,81.54,1005.45,32.48,65.47,1005.09,1,0,MANUAL,1,1,1,
2026-09-28 18:14:07,c2-learning,3282000,31.23,81.86,1005.48,32.48,65.49,1005.03,1,0,MANUAL,1,1,1,
2026-09-28 18:14:08,c2-learning,3283000,31.20,80.51,1005.49,32.48,65.35,1005.09,1,0,MANUAL,1,1,1,
2026-09-28 18:14:09,c2-learning,3284000,31.20,80.57,1005.49,32.48,65.40,1005.03,1,0,MANUAL,1,1,1,
2026-09-28 18:14:10,c2-learning,3285000,31.19,79.86,1005.44,32.47,65.50,1005.05,1,0,MANUAL,1,1,1,
2026-09-28 18:14:11,c2-learning,3286000,31.20,78.50,1005.53,32.47,65.41,1005.07,1,0,MANUAL,1,1,1,
2026-09-28 18:14:12,c2-learning,3287000,31.19,77.94,1005.47,32.47,65.73,1005.11,1,0,MANUAL,1,1,1,
2026-09-28 18:14:13,c2-learning,3288000,31.21,80.19,1005.49,32.47,65.41,1005.10,1,0,MANUAL,1,1,1,
2026-09-28 18:14:14,c2-learning,3289000,31.20,81.04,1005.48,32.47,65.31,1005.07,1,0,MANUAL,1,1,1,
2026-09-28 18:14:15,c2-learning,3290000,31.20,81.44,1005.49,32.47,65.36,1005.10,1,0,MANUAL,1,1,1,
2026-09-28 18:14:16,c2-learning,3291000,31.21,82.08,1005.47,32.47,65.43,1005.05,1,0,MANUAL,1,1,1,
2026-09-28 18:14:17,c2-learning,3292000,31.23,83.02,1005.50,32.47,65.36,1005.07,1,0,MANUAL,1,1,1,
2026-09-28 18:14:18,c2-learning,3293000,31.22,83.69,1005.45,32.46,65.43,1005.07,1,0,MANUAL,1,1,1,
2026-09-28 18:14:19,c2-learning,3294000,31.21,83.58,1005.50,32.47,65.49,1005.07,1,0,MANUAL,1,1,1,
2026-09-28 18:14:20,c2-learning,3295000,31.22,83.75,1005.46,32.47,65.43,1005.10,1,0,MANUAL,1,1,1,
2026-09-28 18:14:21,c2-learning,3296000,31.24,84.08,1005.51,32.47,65.58,1005.07,1,0,MANUAL,1,1,1,
2026-09-28 18:14:22,c2-learning,3297000,31.24,84.58,1005.49,32.46,65.50,1005.01,1,0,MANUAL,1,1,1,
2026-09-28 18:14:23,c2-learning,3298000,31.20,83.14,1005.54,32.47,65.33,1005.07,1,0,MANUAL,1,1,1,
2026-09-28 18:14:24,c2-learning,3299000,31.22,82.96,1005.48,32.47,65.50,1005.10,1,0,MANUAL,1,1,1,
2026-09-28 18:14:25,c2-learning,3300000,31.19,81.16,1005.46,32.47,65.38,1005.05,1,0,MANUAL,1,1,1,
2026-09-28 18:14:26,c2-learning,3301000,31.18,80.33,1005.45,32.47,65.42,1005.10,1,0,MANUAL,1,1,1,
2026-09-28 18:14:27,c2-learning,3302000,31.17,79.05,1005.52,32.48,65.57,1005.12,1,0,MANUAL,1,1,1,
2026-09-28 18:14:28,c2-learning,3303000,31.19,79.94,1005.55,32.47,65.47,1005.07,1,0,MANUAL,1,1,1,
2026-09-28 18:14:29,c2-learning,3304000,31.17,79.68,1005.49,32.47,65.37,1005.03,1,0,MANUAL,1,1,1,
2026-09-28 18:14:30,c2-learning,3305000,31.19,81.74,1005.49,32.47,65.47,1005.05,1,0,MANUAL,1,1,1,
2026-09-28 18:14:31,c2-learning,3306000,31.19,83.08,1005.52,32.47,65.54,1005.03,1,0,MANUAL,1,1,1,
2026-09-28 18:14:32,c2-learning,3307000,31.19,83.44,1005.46,32.47,65.59,1005.02,1,0,MANUAL,1,1,1,
2026-09-28 18:14:33,c2-learning,3308000,31.17,82.66,1005.55,32.47,65.50,1005.13,1,0,MANUAL,1,1,1,
2026-09-28 18:14:34,c2-learning,3309000,31.16,81.84,1005.51,32.47,65.33,1005.10,1,0,MANUAL,1,1,1,
2026-09-28 18:14:35,c2-learning,3310000,31.17,81.75,1005.49,32.46,65.51,1005.09,1,0,MANUAL,1,1,1,
2026-09-28 18:14:36,c2-learning,3311000,31.16,80.53,1005.51,32.47,65.47,1004.99,1,0,MANUAL,1,1,1,
2026-09-28 18:14:37,c2-learning,3312000,31.17,81.27,1005.54,32.46,65.54,1005.07,1,0,MANUAL,1,1,1,
2026-09-28 18:14:38,c2-learning,3313000,31.18,82.13,1005.47,32.46,65.43,1005.09,1,0,MANUAL,1,1,1,
2026-09-28 18:14:39,c2-learning,3314000,31.18,82.57,1005.51,32.46,65.71,1005.07,1,0,MANUAL,1,1,1,
2026-09-28 18:14:40,c2-learning,3315000,31.18,83.38,1005.51,32.47,65.48,1005.05,1,0,MANUAL,1,1,1,
2026-09-28 18:14:41,c2-learning,3316000,31.19,83.95,1005.52,32.47,65.40,1005.13,1,0,MANUAL,1,1,1,
2026-09-28 18:14:42,c2-learning,3317000,31.16,83.51,1005.48,32.46,65.60,1005.03,1,0,MANUAL,1,1,1,
2026-09-28 18:14:43,c2-learning,3318000,31.19,83.75,1005.50,32.45,65.52,1005.11,1,0,MANUAL,1,1,1,
2026-09-28 18:14:44,c2-learning,3319000,31.20,84.01,1005.49,32.47,65.47,1005.07,1,0,MANUAL,1,1,1,
2026-09-28 18:14:45,c2-learning,3320000,31.20,84.30,1005.51,32.47,65.42,1005.08,1,0,MANUAL,1,1,1,
2026-09-28 18:14:46,c2-learning,3321000,31.19,84.06,1005.47,32.46,65.79,1005.09,1,0,MANUAL,1,1,1,
2026-09-28 18:14:47,c2-learning,3322000,31.18,83.33,1005.50,32.47,65.48,1005.10,1,0,MANUAL,1,1,1,
2026-09-28 18:14:48,c2-learning,3323000,31.19,83.38,1005.47,32.47,65.52,1005.11,1,0,MANUAL,1,1,1,
2026-09-28 18:14:49,c2-learning,3324000,31.18,82.53,1005.47,32.47,65.40,1005.08,1,0,MANUAL,1,1,1,
2026-09-28 18:14:50,c2-learning,3325000,31.19,83.24,1005.50,32.47,65.41,1005.07,1,0,MANUAL,1,1,1,
2026-09-28 18:14:51,c2-learning,3326000,31.18,83.60,1005.45,32.47,65.48,1005.07,1,0,MANUAL,1,1,1,
2026-09-28 18:14:52,c2-learning,3327000,31.20,84.14,1005.51,32.47,65.61,1005.07,1,0,MANUAL,1,1,1,
2026-09-28 18:14:53,c2-learning,3328000,31.19,83.77,1005.58,32.47,65.47,1005.07,1,0,MANUAL,1,1,1,
2026-09-28 18:14:54,c2-learning,3329000,31.17,82.88,1005.52,32.47,65.59,1005.10,1,0,MANUAL,1,1,1,
2026-09-28 18:14:55,c2-learning,3330000,31.19,83.16,1005.55,32.46,65.56,1005.07,1,0,MANUAL,1,1,1,
2026-09-28 18:14:56,c2-learning,3331000,31.19,83.39,1005.50,32.47,65.53,1005.07,1,0,MANUAL,1,1,1,
2026-09-28 18:14:57,c2-learning,3332000,31.16,81.58,1005.47,32.46,65.59,1005.12,1,0,MANUAL,1,1,1,
2026-09-28 18:14:58,c2-learning,3333000,31.16,81.37,1005.48,32.46,65.45,1005.06,1,0,MANUAL,1,1,1,
2026-09-28 18:14:59,c2-learning,3334000,31.16,81.89,1005.48,32.46,65.41,1005.12,1,0,MANUAL,1,1,1,
2026-09-28 18:15:00,c2-learning,3335000,31.14,81.11,1005.49,32.47,65.43,1005.07,1,0,MANUAL,1,1,1,
2026-09-28 18:15:01,c2-learning,3336000,31.14,79.64,1005.52,32.48,65.49,1005.10,1,0,MANUAL,1,1,1,
2026-09-28 18:15:02,c2-learning,3337000,31.13,78.10,1005.56,32.47,65.77,1005.13,1,0,MANUAL,1,1,1,
2026-09-28 18:15:03,c2-learning,3338000,31.11,77.53,1005.53,32.46,65.44,1005.07,1,0,MANUAL,1,1,1,
2026-09-28 18:15:04,c2-learning,3339000,31.10,77.17,1005.49,32.47,65.65,1005.07,1,0,MANUAL,1,1,1,
2026-09-28 18:15:05,c2-learning,3340000,31.10,76.23,1005.49,32.46,65.65,1005.04,1,0,MANUAL,1,1,1,
2026-09-28 18:15:06,c2-learning,3341000,31.09,77.24,1005.48,32.47,65.49,1005.14,1,0,MANUAL,1,1,1,
2026-09-28 18:15:07,c2-learning,3342000,31.09,78.56,1005.53,32.47,65.59,1005.13,1,0,MANUAL,1,1,1,
2026-09-28 18:15:08,c2-learning,3343000,31.07,78.53,1005.47,32.47,65.43,1005.08,1,0,MANUAL,1,1,1,
2026-09-28 18:15:09,c2-learning,3344000,31.07,77.82,1005.45,32.47,65.45,1005.07,1,0,MANUAL,1,1,1,
2026-09-28 18:15:10,c2-learning,3345000,31.08,79.75,1005.45,32.46,65.50,1005.14,1,0,MANUAL,1,1,1,
2026-09-28 18:15:11,c2-learning,3346000,31.08,79.65,1005.48,32.46,65.56,1005.07,1,0,MANUAL,1,1,1,
2026-09-28 18:15:12,c2-learning,3347000,31.07,80.12,1005.53,32.47,65.42,1005.10,1,0,MANUAL,1,1,1,
2026-09-28 18:15:13,c2-learning,3348000,31.09,81.29,1005.47,32.46,65.54,1005.07,1,0,MANUAL,1,1,1,
2026-09-28 18:15:14,c2-learning,3349000,31.06,81.14,1005.51,32.47,65.50,1005.08,1,0,MANUAL,1,1,1,
2026-09-28 18:15:15,c2-learning,3350000,31.07,82.34,1005.47,32.47,65.35,1005.11,1,0,MANUAL,1,1,1,
2026-09-28 18:15:16,c2-learning,3351000,31.07,82.23,1005.49,32.47,65.33,1005.05,1,0,MANUAL,1,1,1,
2026-09-28 18:15:17,c2-learning,3352000,31.05,80.85,1005.53,32.46,65.57,1005.12,1,0,MANUAL,1,1,1,
2026-09-28 18:15:18,c2-learning,3353000,31.06,81.10,1005.46,32.47,65.40,1005.05,1,0,MANUAL,1,1,1,
2026-09-28 18:15:19,c2-learning,3354000,31.08,82.09,1005.45,32.47,65.41,1005.07,1,0,MANUAL,1,1,1,
2026-09-28 18:15:20,c2-learning,3355000,31.09,82.74,1005.53,32.48,65.27,1005.09,1,0,MANUAL,1,1,1,
2026-09-28 18:15:21,c2-learning,3356000,31.09,83.50,1005.47,32.48,65.48,1005.09,1,0,MANUAL,1,1,1,
2026-09-28 18:15:22,c2-learning,3357000,31.10,84.06,1005.51,32.48,65.48,1005.09,1,0,MANUAL,1,1,1,
2026-09-28 18:15:23,c2-learning,3358000,31.08,84.16,1005.52,32.48,65.46,1005.15,1,0,MANUAL,1,1,1,
2026-09-28 18:15:24,c2-learning,3359000,31.11,84.58,1005.53,32.48,65.42,1005.06,1,0,MANUAL,1,1,1,
2026-09-28 18:15:25,c2-learning,3360000,31.12,84.85,1005.58,32.48,65.43,1005.06,1,0,MANUAL,1,1,1,
2026-09-28 18:15:26,c2-learning,3361000,31.14,85.24,1005.49,32.47,65.53,1005.07,1,0,MANUAL,1,1,1,
2026-09-28 18:15:27,c2-learning,3362000,31.12,85.00,1005.50,32.47,65.55,1005.14,1,0,MANUAL,1,1,1,
2026-09-28 18:15:28,c2-learning,3363000,31.11,84.47,1005.48,32.47,65.41,1005.02,1,0,MANUAL,1,1,1,
2026-09-28 18:15:29,c2-learning,3364000,31.14,84.94,1005.50,32.48,65.59,1005.15,1,0,MANUAL,1,1,1,
2026-09-28 18:15:30,c2-learning,3365000,31.16,85.55,1005.50,32.48,65.35,1005.06,1,0,MANUAL,1,1,1,
2026-09-28 18:15:31,c2-learning,3366000,31.17,85.46,1005.51,32.48,65.43,1005.15,1,0,MANUAL,1,1,1,
2026-09-28 18:15:32,c2-learning,3367000,31.16,85.38,1005.53,32.47,65.49,1005.10,1,0,MANUAL,1,1,1,
2026-09-28 18:15:33,c2-learning,3368000,31.18,85.60,1005.56,32.47,65.47,1005.11,1,0,MANUAL,1,1,1,
2026-09-28 18:15:34,c2-learning,3369000,31.17,85.57,1005.55,32.48,65.57,1005.09,1,0,MANUAL,1,1,1,
2026-09-28 18:15:35,c2-learning,3370000,31.18,85.49,1005.50,32.47,65.61,1005.08,1,0,MANUAL,1,1,1,
2026-09-28 18:15:36,c2-learning,3371000,31.14,85.03,1005.50,32.48,65.72,1005.12,1,0,MANUAL,1,1,1,
2026-09-28 18:15:37,c2-learning,3372000,31.17,85.38,1005.52,32.48,65.41,1005.13,1,0,MANUAL,1,1,1,
2026-09-28 18:15:38,c2-learning,3373000,31.18,85.54,1005.54,32.48,65.45,1005.10,1,0,MANUAL,1,1,1,
2026-09-28 18:15:39,c2-learning,3374000,31.19,85.79,1005.47,32.48,65.48,1005.12,1,0,MANUAL,1,1,1,
2026-09-28 18:15:40,c2-learning,3375000,31.18,85.36,1005.57,32.48,65.37,1005.07,1,0,MANUAL,1,1,1,
2026-09-28 18:15:41,c2-learning,3376000,31.19,85.45,1005.53,32.48,65.37,1005.10,1,0,MANUAL,1,1,1,
2026-09-28 18:15:42,c2-learning,3377000,31.20,85.67,1005.53,32.48,65.43,1005.09,1,0,MANUAL,1,1,1,
2026-09-28 18:15:43,c2-learning,3378000,31.17,84.96,1005.58,32.49,65.47,1005.11,1,0,MANUAL,1,1,1,
2026-09-28 18:15:44,c2-learning,3379000,31.16,83.89,1005.50,32.49,65.58,1005.11,1,0,MANUAL,1,1,1,
2026-09-28 18:15:45,c2-learning,3380000,31.19,84.78,1005.50,32.49,65.39,1005.11,1,0,MANUAL,1,1,1,
2026-09-28 18:15:46,c2-learning,3381000,31.19,85.03,1005.55,32.50,65.63,1005.07,1,0,MANUAL,1,1,1,
2026-09-28 18:15:47,c2-learning,3382000,31.15,84.48,1005.52,32.50,65.36,1005.12,1,0,MANUAL,1,1,1,
2026-09-28 18:15:48,c2-learning,3383000,31.16,84.16,1005.53,32.49,65.38,1005.06,1,0,MANUAL,1,1,1,
2026-09-28 18:15:49,c2-learning,3384000,31.18,84.57,1005.47,32.50,65.56,1005.12,1,0,MANUAL,1,1,1,
2026-09-28 18:15:50,c2-learning,3385000,31.18,85.29,1005.54,32.50,65.47,1005.10,1,0,MANUAL,1,1,1,
2026-09-28 18:15:51,c2-learning,3386000,31.20,85.55,1005.54,32.50,65.40,1005.07,1,0,MANUAL,1,1,1,
2026-09-28 18:15:52,c2-learning,3387000,31.18,85.66,1005.48,32.50,65.70,1005.13,1,0,MANUAL,1,1,1,
2026-09-28 18:15:53,c2-learning,3388000,31.19,85.54,1005.50,32.51,65.40,1005.08,1,0,MANUAL,1,1,1,
2026-09-28 18:15:54,c2-learning,3389000,31.20,85.72,1005.51,32.50,65.35,1005.07,1,0,MANUAL,1,1,1,
2026-09-28 18:15:55,c2-learning,3390000,31.21,86.08,1005.55,32.50,65.32,1005.09,1,0,MANUAL,1,1,1,
2026-09-28 18:15:56,c2-learning,3391000,31.22,86.26,1005.57,32.51,65.36,1005.14,1,0,MANUAL,1,1,1,
2026-09-28 18:15:57,c2-learning,3392000,31.23,86.63,1005.53,32.51,65.38,1005.14,1,0,MANUAL,1,1,1,
2026-09-28 18:15:58,c2-learning,3393000,31.24,86.81,1005.55,32.50,65.49,1005.07,1,0,MANUAL,1,1,1,
2026-09-28 18:15:59,c2-learning,3394000,31.23,86.65,1005.53,32.50,65.40,1005.09,1,0,MANUAL,1,1,1,
2026-09-28 18:16:00,c2-learning,3395000,31.24,86.74,1005.49,32.51,65.57,1005.08,1,0,MANUAL,1,1,1,
2026-09-28 18:16:01,c2-learning,3396000,31.25,86.77,1005.51,32.50,65.30,1004.99,1,0,MANUAL,1,1,1,
2026-09-28 18:16:02,c2-learning,3397000,31.27,86.75,1005.51,32.51,65.47,1005.08,1,0,MANUAL,1,1,1,
2026-09-28 18:16:03,c2-learning,3398000,31.27,86.94,1005.56,32.51,65.31,1005.12,1,0,MANUAL,1,1,1,
2026-09-28 18:16:04,c2-learning,3399000,31.28,87.19,1005.50,32.51,65.27,1005.14,1,0,MANUAL,1,1,1,
2026-09-28 18:16:05,c2-learning,3400000,31.28,87.12,1005.49,32.50,65.37,1005.13,1,0,MANUAL,1,1,1,
2026-09-28 18:16:06,c2-learning,3401000,31.29,87.05,1005.58,32.51,65.47,1005.14,1,0,MANUAL,1,1,1,
2026-09-28 18:16:07,c2-learning,3402000,31.29,86.76,1005.57,32.50,65.35,1005.04,1,0,MANUAL,1,1,1,
2026-09-28 18:16:08,c2-learning,3403000,31.29,86.94,1005.55,32.50,65.37,1005.09,1,0,MANUAL,1,1,1,
2026-09-28 18:16:09,c2-learning,3404000,31.30,87.15,1005.53,32.51,65.35,1005.14,1,0,MANUAL,1,1,1,
2026-09-28 18:16:10,c2-learning,3405000,31.31,87.29,1005.52,32.50,65.38,1005.09,1,0,MANUAL,1,1,1,
2026-09-28 18:16:11,c2-learning,3406000,31.31,87.27,1005.52,32.50,65.55,1005.04,1,0,MANUAL,1,1,1,
2026-09-28 18:16:12,c2-learning,3407000,31.31,87.20,1005.54,32.51,65.29,1005.11,1,0,MANUAL,1,1,1,
2026-09-28 18:16:13,c2-learning,3408000,31.32,87.33,1005.54,32.51,65.40,1005.17,1,0,MANUAL,1,1,1,
2026-09-28 18:16:14,c2-learning,3409000,31.32,87.27,1005.50,32.50,65.41,1005.07,1,0,MANUAL,1,1,1,
2026-09-28 18:16:15,c2-learning,3410000,31.30,86.93,1005.58,32.50,65.37,1005.09,1,0,MANUAL,1,1,1,
2026-09-28 18:16:16,c2-learning,3411000,31.33,86.98,1005.58,32.49,65.31,1005.11,1,0,MANUAL,1,1,1,
2026-09-28 18:16:17,c2-learning,3412000,31.34,86.95,1005.59,32.50,65.37,1005.13,1,0,MANUAL,1,1,1,
2026-09-28 18:16:18,c2-learning,3413000,31.35,87.22,1005.55,32.50,65.41,1005.04,1,0,MANUAL,1,1,1,
2026-09-28 18:16:19,c2-learning,3414000,31.35,87.21,1005.55,32.50,65.55,1005.10,1,0,MANUAL,1,1,1,
2026-09-28 18:16:20,c2-learning,3415000,31.36,87.27,1005.54,32.50,65.78,1005.15,1,0,MANUAL,1,1,1,
2026-09-28 18:16:21,c2-learning,3416000,31.37,87.26,1005.53,32.50,65.33,1005.16,1,0,MANUAL,1,1,1,
2026-09-28 18:16:22,c2-learning,3417000,31.38,87.50,1005.59,32.50,65.30,1005.12,1,0,MANUAL,1,1,1,
2026-09-28 18:16:23,c2-learning,3418000,31.33,87.13,1005.53,32.50,65.30,1005.12,1,0,MANUAL,1,1,1,
2026-09-28 18:16:24,c2-learning,3419000,31.35,87.48,1005.54,32.50,65.40,1005.09,1,0,MANUAL,1,1,1,
2026-09-28 18:16:25,c2-learning,3420000,31.38,87.35,1005.53,32.49,65.67,1005.13,1,0,MANUAL,1,1,1,
2026-09-28 18:16:26,c2-learning,3421000,31.37,87.33,1005.53,32.48,65.49,1005.09,1,0,MANUAL,1,1,1,
2026-09-28 18:16:27,c2-learning,3422000,31.33,87.13,1005.55,32.49,65.40,1005.11,1,0,MANUAL,1,1,1,
2026-09-28 18:16:28,c2-learning,3423000,31.35,87.24,1005.51,32.49,65.42,1005.11,1,0,MANUAL,1,1,1,
2026-09-28 18:16:29,c2-learning,3424000,31.36,87.30,1005.57,32.49,65.45,1005.14,1,0,MANUAL,1,1,1,
2026-09-28 18:16:30,c2-learning,3425000,31.35,87.47,1005.55,32.49,65.42,1005.08,1,0,MANUAL,1,1,1,
2026-09-28 18:16:31,c2-learning,3426000,31.35,87.19,1005.54,32.49,65.70,1005.13,1,0,MANUAL,1,1,1,
2026-09-28 18:16:32,c2-learning,3427000,31.35,87.03,1005.49,32.49,65.47,1005.09,1,0,MANUAL,1,1,1,
2026-09-28 18:16:33,c2-learning,3428000,31.36,87.24,1005.56,32.48,65.43,1005.12,1,0,MANUAL,1,1,1,
2026-09-28 18:16:34,c2-learning,3429000,31.38,87.44,1005.53,32.49,65.47,1005.09,1,0,MANUAL,1,1,1,
2026-09-28 18:16:35,c2-learning,3430000,31.36,87.25,1005.57,32.48,65.41,1005.15,1,0,MANUAL,1,1,1,
2026-09-28 18:16:36,c2-learning,3431000,31.36,87.25,1005.56,32.49,65.40,1005.08,1,0,MANUAL,1,1,1,
2026-09-28 18:16:37,c2-learning,3432000,31.37,87.29,1005.53,32.48,65.47,1005.13,1,0,MANUAL,1,1,1,
2026-09-28 18:16:38,c2-learning,3433000,31.37,87.39,1005.47,32.49,65.38,1005.14,1,0,MANUAL,1,1,1,
2026-09-28 18:16:39,c2-learning,3434000,31.35,86.94,1005.52,32.49,65.38,1005.08,1,0,MANUAL,1,1,1,
2026-09-28 18:16:40,c2-learning,3435000,31.32,86.84,1005.62,32.48,65.30,1005.07,1,0,MANUAL,1,1,1,
2026-09-28 18:16:41,c2-learning,3436000,31.35,86.95,1005.57,32.50,65.32,1005.09,1,0,MANUAL,1,1,1,
2026-09-28 18:16:42,c2-learning,3437000,31.31,86.87,1005.52,32.50,65.37,1005.10,1,0,MANUAL,1,1,1,
2026-09-28 18:16:43,c2-learning,3438000,31.33,86.90,1005.58,32.50,65.35,1005.09,1,0,MANUAL,1,1,1,
2026-09-28 18:16:44,c2-learning,3439000,31.35,87.09,1005.64,32.50,65.35,1005.07,1,0,MANUAL,1,1,1,
2026-09-28 18:16:45,c2-learning,3440000,31.36,87.26,1005.60,32.50,65.43,1005.07,1,0,MANUAL,1,1,1,
2026-09-28 18:16:46,c2-learning,3441000,31.36,87.17,1005.53,32.51,65.39,1005.11,1,0,MANUAL,1,1,1,
2026-09-28 18:16:47,c2-learning,3442000,31.35,87.38,1005.58,32.50,65.36,1005.07,1,0,MANUAL,1,1,1,
2026-09-28 18:16:48,c2-learning,3443000,31.37,87.40,1005.58,32.50,65.31,1005.05,1,0,MANUAL,1,1,1,
2026-09-28 18:16:49,c2-learning,3444000,31.38,87.44,1005.51,32.51,65.34,1005.06,1,0,MANUAL,1,1,1,
2026-09-28 18:16:50,c2-learning,3445000,31.38,87.41,1005.53,32.52,65.37,1005.02,1,0,MANUAL,1,1,1,
2026-09-28 18:16:51,c2-learning,3446000,31.39,87.42,1005.55,32.51,65.43,1005.06,1,0,MANUAL,1,1,1,
2026-09-28 18:16:52,c2-learning,3447000,31.40,87.67,1005.60,32.51,65.76,1005.06,1,0,MANUAL,1,1,1,
2026-09-28 18:16:53,c2-learning,3448000,31.37,87.37,1005.49,32.52,65.43,1005.15,1,0,MANUAL,1,1,1,
2026-09-28 18:16:54,c2-learning,3449000,31.37,87.52,1005.52,32.52,65.58,1005.13,1,0,MANUAL,1,1,1,
2026-09-28 18:16:55,c2-learning,3450000,31.38,87.48,1005.56,32.51,65.60,1005.01,1,0,MANUAL,1,1,1,
2026-09-28 18:16:56,c2-learning,3451000,31.38,87.60,1005.53,32.51,65.53,1005.12,1,0,MANUAL,1,1,1,
2026-09-28 18:16:57,c2-learning,3452000,31.38,87.58,1005.54,32.52,65.64,1005.16,1,0,MANUAL,1,1,1,
2026-09-28 18:16:58,c2-learning,3453000,31.38,87.61,1005.54,32.52,65.36,1005.10,1,0,MANUAL,1,1,1,
2026-09-28 18:16:59,c2-learning,3454000,31.39,87.73,1005.58,32.52,65.39,1005.10,1,0,MANUAL,1,1,1,
2026-09-28 18:17:00,c2-learning,3455000,31.40,87.60,1005.57,32.52,65.47,1005.13,1,0,MANUAL,1,1,1,
2026-09-28 18:17:01,c2-learning,3456000,31.35,87.43,1005.57,32.51,65.31,1005.09,1,0,MANUAL,1,1,1,
2026-09-28 18:17:02,c2-learning,3457000,31.33,87.04,1005.52,32.53,65.55,1005.09,1,0,MANUAL,1,1,1,
2026-09-28 18:17:03,c2-learning,3458000,31.35,87.13,1005.49,32.52,65.50,1005.10,1,0,MANUAL,1,1,1,
2026-09-28 18:17:04,c2-learning,3459000,31.37,87.35,1005.58,32.52,65.25,1005.15,1,0,MANUAL,1,1,1,
2026-09-28 18:17:04,c2-learning,,,,,,,,,,,,,,mist A=0 B=0 (manual)
2026-09-28 18:17:05,c2-learning,3460000,31.37,87.70,1005.58,32.51,65.62,1005.09,0,0,MANUAL,1,1,1,
2026-09-28 18:17:06,c2-learning,3461000,31.39,87.51,1005.52,32.51,65.43,1005.15,0,0,MANUAL,1,1,1,
2026-09-28 18:17:07,c2-learning,3462000,31.37,87.65,1005.58,32.51,65.52,1005.08,0,0,MANUAL,1,1,1,
2026-09-28 18:17:08,c2-learning,3463000,31.36,87.82,1005.62,32.51,65.51,1005.15,0,0,MANUAL,1,1,1,
2026-09-28 18:17:09,c2-learning,3464000,31.38,87.43,1005.54,32.51,65.48,1005.09,0,0,MANUAL,1,1,1,
2026-09-28 18:17:10,c2-learning,3465000,31.34,87.38,1005.56,32.52,65.36,1005.10,0,0,MANUAL,1,1,1,
2026-09-28 18:17:11,c2-learning,3466000,31.33,87.49,1005.53,32.52,65.24,1005.10,0,0,MANUAL,1,1,1,
2026-09-28 18:17:12,c2-learning,3467000,31.30,87.10,1005.55,32.51,65.34,1005.03,0,0,MANUAL,1,1,1,
2026-09-28 18:17:13,c2-learning,3468000,31.31,87.13,1005.52,32.51,65.37,1005.09,0,0,MANUAL,1,1,1,
2026-09-28 18:17:14,c2-learning,3469000,31.30,86.81,1005.58,32.52,65.27,1005.10,0,0,MANUAL,1,1,1,
2026-09-28 18:17:15,c2-learning,3470000,31.28,86.69,1005.56,32.51,65.34,1005.06,0,0,MANUAL,1,1,1,
2026-09-28 18:17:16,c2-learning,3471000,31.30,86.92,1005.53,32.52,65.24,1004.99,0,0,MANUAL,1,1,1,
2026-09-28 18:17:17,c2-learning,3472000,31.30,86.76,1005.53,32.52,65.27,1005.07,0,0,MANUAL,1,1,1,
2026-09-28 18:17:18,c2-learning,3473000,31.31,86.71,1005.57,32.52,65.29,1005.10,0,0,MANUAL,1,1,1,
2026-09-28 18:17:19,c2-learning,3474000,31.31,86.87,1005.52,32.51,65.35,1005.15,0,0,MANUAL,1,1,1,
2026-09-28 18:17:20,c2-learning,3475000,31.33,86.79,1005.55,32.51,65.18,1005.09,0,0,MANUAL,1,1,1,
2026-09-28 18:17:21,c2-learning,3476000,31.29,86.79,1005.52,32.51,65.22,1005.14,0,0,MANUAL,1,1,1,
2026-09-28 18:17:22,c2-learning,3477000,31.30,86.34,1005.48,32.52,65.36,1005.13,0,0,MANUAL,1,1,1,
2026-09-28 18:17:23,c2-learning,3478000,31.30,86.70,1005.53,32.51,65.28,1005.06,0,0,MANUAL,1,1,1,
2026-09-28 18:17:24,c2-learning,3479000,31.32,86.58,1005.56,32.51,65.34,1005.08,0,0,MANUAL,1,1,1,
2026-09-28 18:17:25,c2-learning,3480000,31.32,86.99,1005.53,32.51,65.30,1005.06,0,0,MANUAL,1,1,1,
2026-09-28 18:17:26,c2-learning,3481000,31.31,86.97,1005.54,32.52,65.30,1005.07,0,0,MANUAL,1,1,1,
2026-09-28 18:17:27,c2-learning,3482000,31.32,86.71,1005.50,32.52,65.22,1005.07,0,0,MANUAL,1,1,1,
2026-09-28 18:17:28,c2-learning,3483000,31.31,86.59,1005.58,32.51,65.33,1005.08,0,0,MANUAL,1,1,1,
2026-09-28 18:17:29,c2-learning,3484000,31.30,86.51,1005.53,32.51,65.48,1005.01,0,0,MANUAL,1,1,1,
2026-09-28 18:17:30,c2-learning,3485000,31.33,86.97,1005.58,32.52,65.30,1005.10,0,0,MANUAL,1,1,1,
2026-09-28 18:17:31,c2-learning,3486000,31.33,86.87,1005.55,32.53,65.24,1005.06,0,0,MANUAL,1,1,1,
2026-09-28 18:17:32,c2-learning,3487000,31.34,86.87,1005.56,32.53,65.33,1005.11,0,0,MANUAL,1,1,1,
2026-09-28 18:17:33,c2-learning,3488000,31.33,87.07,1005.55,32.52,65.29,1005.08,0,0,MANUAL,1,1,1,
2026-09-28 18:17:34,c2-learning,3489000,31.35,87.10,1005.58,32.52,65.32,1005.11,0,0,MANUAL,1,1,1,
2026-09-28 18:17:35,c2-learning,3490000,31.37,86.95,1005.55,32.52,65.33,1005.10,0,0,MANUAL,1,1,1,
2026-09-28 18:17:36,c2-learning,3491000,31.38,87.27,1005.59,32.52,65.61,1005.04,0,0,MANUAL,1,1,1,
2026-09-28 18:17:37,c2-learning,3492000,31.38,87.31,1005.60,32.52,65.30,1005.08,0,0,MANUAL,1,1,1,
2026-09-28 18:17:38,c2-learning,3493000,31.36,87.07,1005.53,32.53,65.51,1005.11,0,0,MANUAL,1,1,1,
2026-09-28 18:17:39,c2-learning,3494000,31.35,86.81,1005.58,32.53,65.46,1005.11,0,0,MANUAL,1,1,1,
2026-09-28 18:17:40,c2-learning,3495000,31.36,86.97,1005.62,32.53,65.29,1005.11,0,0,MANUAL,1,1,1,
2026-09-28 18:17:41,c2-learning,3496000,31.38,86.88,1005.59,32.52,65.28,1005.13,0,0,MANUAL,1,1,1,
2026-09-28 18:17:42,c2-learning,3497000,31.38,86.83,1005.59,32.53,65.30,1005.14,0,0,MANUAL,1,1,1,
2026-09-28 18:17:43,c2-learning,3498000,31.38,87.03,1005.53,32.52,65.43,1005.10,0,0,MANUAL,1,1,1,
2026-09-28 18:17:44,c2-learning,3499000,31.38,86.90,1005.51,32.52,65.20,1005.08,0,0,MANUAL,1,1,1,
2026-09-28 18:17:45,c2-learning,3500000,31.37,86.93,1005.58,32.53,65.38,1005.11,0,0,MANUAL,1,1,1,
2026-09-28 18:17:46,c2-learning,3501000,31.38,86.76,1005.57,32.52,65.35,1005.13,0,0,MANUAL,1,1,1,
2026-09-28 18:17:47,c2-learning,3502000,31.39,87.14,1005.56,32.52,65.26,1005.11,0,0,MANUAL,1,1,1,
2026-09-28 18:17:48,c2-learning,3503000,31.40,86.88,1005.55,32.52,65.30,1005.10,0,0,MANUAL,1,1,1,
2026-09-28 18:17:49,c2-learning,3504000,31.40,86.84,1005.60,32.53,65.29,1005.18,0,0,MANUAL,1,1,1,
2026-09-28 18:17:50,c2-learning,3505000,31.41,87.07,1005.58,32.52,65.22,1005.15,0,0,MANUAL,1,1,1,
2026-09-28 18:17:51,c2-learning,3506000,31.42,86.99,1005.54,32.53,65.27,1005.17,0,0,MANUAL,1,1,1,
2026-09-28 18:17:52,c2-learning,3507000,31.42,87.32,1005.54,32.53,65.32,1005.14,0,0,MANUAL,1,1,1,
2026-09-28 18:17:53,c2-learning,3508000,31.44,87.28,1005.58,32.52,65.32,1005.13,0,0,MANUAL,1,1,1,
2026-09-28 18:17:54,c2-learning,3509000,31.44,87.19,1005.53,32.52,65.33,1005.11,0,0,MANUAL,1,1,1,
2026-09-28 18:17:55,c2-learning,3510000,31.44,87.15,1005.55,32.52,65.25,1005.15,0,0,MANUAL,1,1,1,
2026-09-28 18:17:56,c2-learning,3511000,31.42,87.17,1005.51,32.51,65.33,1005.09,0,0,MANUAL,1,1,1,
2026-09-28 18:17:57,c2-learning,3512000,31.43,87.19,1005.56,32.51,65.51,1005.09,0,0,MANUAL,1,1,1,
2026-09-28 18:17:58,c2-learning,3513000,31.44,87.20,1005.58,32.51,65.27,1005.08,0,0,MANUAL,1,1,1,
2026-09-28 18:17:59,c2-learning,3514000,31.46,87.21,1005.55,32.52,65.21,1005.11,0,0,MANUAL,1,1,1,
2026-09-28 18:18:00,c2-learning,3515000,31.45,87.15,1005.59,32.52,65.25,1005.13,0,0,MANUAL,1,1,1,
2026-09-28 18:18:01,c2-learning,3516000,31.45,87.24,1005.54,32.51,65.27,1005.11,0,0,MANUAL,1,1,1,
2026-09-28 18:18:02,c2-learning,3517000,31.45,87.32,1005.59,32.51,65.26,1005.09,0,0,MANUAL,1,1,1,
2026-09-28 18:18:03,c2-learning,3518000,31.44,86.99,1005.55,32.52,65.22,1005.13,0,0,MANUAL,1,1,1,
2026-09-28 18:18:04,c2-learning,3519000,31.45,86.99,1005.56,32.52,65.33,1005.04,0,0,MANUAL,1,1,1,
2026-09-28 18:18:05,c2-learning,3520000,31.46,87.00,1005.55,32.52,65.28,1005.13,0,0,MANUAL,1,1,1,
2026-09-28 18:18:06,c2-learning,3521000,31.47,87.06,1005.62,32.53,65.28,1005.11,0,0,MANUAL,1,1,1,
2026-09-28 18:18:07,c2-learning,3522000,31.46,87.10,1005.53,32.51,65.47,1005.12,0,0,MANUAL,1,1,1,
2026-09-28 18:18:08,c2-learning,3523000,31.47,87.16,1005.63,32.51,65.31,1005.12,0,0,MANUAL,1,1,1,
2026-09-28 18:18:09,c2-learning,3524000,31.47,87.25,1005.57,32.51,65.40,1005.14,0,0,MANUAL,1,1,1,
2026-09-28 18:18:10,c2-learning,3525000,31.46,86.91,1005.55,32.51,65.46,1005.12,0,0,MANUAL,1,1,1,
2026-09-28 18:18:11,c2-learning,3526000,31.47,86.99,1005.62,32.52,65.17,1005.15,0,0,MANUAL,1,1,1,
2026-09-28 18:18:12,c2-learning,3527000,31.48,87.04,1005.54,32.51,65.27,1005.11,0,0,MANUAL,1,1,1,
2026-09-28 18:18:13,c2-learning,3528000,31.47,87.12,1005.51,32.52,65.52,1005.13,0,0,MANUAL,1,1,1,
2026-09-28 18:18:14,c2-learning,3529000,31.48,87.31,1005.58,32.52,65.51,1005.10,0,0,MANUAL,1,1,1,
2026-09-28 18:18:15,c2-learning,3530000,31.48,87.17,1005.51,32.51,65.26,1005.08,0,0,MANUAL,1,1,1,
2026-09-28 18:18:16,c2-learning,3531000,31.48,87.32,1005.59,32.52,65.25,1005.15,0,0,MANUAL,1,1,1,
2026-09-28 18:18:17,c2-learning,3532000,31.45,86.98,1005.60,32.52,65.32,1005.13,0,0,MANUAL,1,1,1,
2026-09-28 18:18:18,c2-learning,3533000,31.46,86.81,1005.56,32.52,65.34,1005.13,0,0,MANUAL,1,1,1,
2026-09-28 18:18:19,c2-learning,3534000,31.47,86.65,1005.58,32.51,65.48,1005.00,0,0,MANUAL,1,1,1,
2026-09-28 18:18:20,c2-learning,3535000,31.46,86.82,1005.49,32.52,65.28,1005.10,0,0,MANUAL,1,1,1,
2026-09-28 18:18:21,c2-learning,3536000,31.47,86.58,1005.63,32.51,65.28,1005.15,0,0,MANUAL,1,1,1,
2026-09-28 18:18:22,c2-learning,3537000,31.47,86.77,1005.60,32.51,65.40,1005.09,0,0,MANUAL,1,1,1,
2026-09-28 18:18:23,c2-learning,3538000,31.46,86.53,1005.49,32.51,65.44,1005.12,0,0,MANUAL,1,1,1,
2026-09-28 18:18:24,c2-learning,3539000,31.48,86.56,1005.56,32.52,65.33,1005.10,0,0,MANUAL,1,1,1,
2026-09-28 18:18:25,c2-learning,3540000,31.48,86.54,1005.56,32.51,65.29,1005.08,0,0,MANUAL,1,1,1,
2026-09-28 18:18:26,c2-learning,3541000,31.47,86.63,1005.63,32.52,65.27,1005.08,0,0,MANUAL,1,1,1,
2026-09-28 18:18:27,c2-learning,3542000,31.48,86.81,1005.59,32.51,65.29,1005.17,0,0,MANUAL,1,1,1,
2026-09-28 18:18:28,c2-learning,3543000,31.48,86.63,1005.53,32.51,65.44,1005.06,0,0,MANUAL,1,1,1,
2026-09-28 18:18:29,c2-learning,3544000,31.47,86.59,1005.57,32.52,65.38,1005.11,0,0,MANUAL,1,1,1,
2026-09-28 18:18:30,c2-learning,3545000,31.48,86.59,1005.61,32.52,65.18,1005.11,0,0,MANUAL,1,1,1,
2026-09-28 18:18:31,c2-learning,3546000,31.47,86.49,1005.58,32.52,65.21,1005.13,0,0,MANUAL,1,1,1,
2026-09-28 18:18:32,c2-learning,3547000,31.48,86.51,1005.53,32.51,65.20,1005.15,0,0,MANUAL,1,1,1,
2026-09-28 18:18:33,c2-learning,3548000,31.49,86.64,1005.55,32.51,65.34,1005.08,0,0,MANUAL,1,1,1,
2026-09-28 18:18:34,c2-learning,3549000,31.48,86.52,1005.59,32.51,65.38,1005.11,0,0,MANUAL,1,1,1,
2026-09-28 18:18:35,c2-learning,3550000,31.49,86.47,1005.57,32.50,65.28,1005.07,0,0,MANUAL,1,1,1,
2026-09-28 18:18:36,c2-learning,3551000,31.48,86.44,1005.59,32.52,65.19,1005.15,0,0,MANUAL,1,1,1,
2026-09-28 18:18:37,c2-learning,3552000,31.48,86.45,1005.56,32.50,65.29,1005.10,0,0,MANUAL,1,1,1,
2026-09-28 18:18:38,c2-learning,3553000,31.47,86.42,1005.57,32.50,65.29,1005.19,0,0,MANUAL,1,1,1,
2026-09-28 18:18:39,c2-learning,3554000,31.48,86.31,1005.50,32.51,65.30,1005.14,0,0,MANUAL,1,1,1,
2026-09-28 18:18:40,c2-learning,3555000,31.48,86.40,1005.59,32.51,65.21,1005.08,0,0,MANUAL,1,1,1,
2026-09-28 18:18:41,c2-learning,3556000,31.49,86.49,1005.55,32.50,65.22,1005.13,0,0,MANUAL,1,1,1,
2026-09-28 18:18:42,c2-learning,3557000,31.48,86.30,1005.64,32.52,65.24,1005.13,0,0,MANUAL,1,1,1,
2026-09-28 18:18:43,c2-learning,3558000,31.47,86.22,1005.55,32.51,65.21,1005.14,0,0,MANUAL,1,1,1,
2026-09-28 18:18:44,c2-learning,3559000,31.48,86.38,1005.59,32.52,65.22,1005.15,0,0,MANUAL,1,1,1,
2026-09-28 18:18:45,c2-learning,3560000,31.49,86.44,1005.52,32.52,65.32,1005.15,0,0,MANUAL,1,1,1,
2026-09-28 18:18:46,c2-learning,3561000,31.50,86.45,1005.60,32.52,65.44,1005.10,0,0,MANUAL,1,1,1,
2026-09-28 18:18:47,c2-learning,3562000,31.49,86.47,1005.60,32.52,65.46,1005.10,0,0,MANUAL,1,1,1,
2026-09-28 18:18:48,c2-learning,3563000,31.49,86.29,1005.60,32.52,65.41,1005.08,0,0,MANUAL,1,1,1,
2026-09-28 18:18:49,c2-learning,3564000,31.49,86.31,1005.60,32.52,65.32,1005.15,0,0,MANUAL,1,1,1,
2026-09-28 18:18:50,c2-learning,3565000,31.50,86.30,1005.53,32.53,65.41,1005.11,0,0,MANUAL,1,1,1,
2026-09-28 18:18:51,c2-learning,3566000,31.52,86.40,1005.56,32.52,65.25,1005.10,0,0,MANUAL,1,1,1,
2026-09-28 18:18:52,c2-learning,3567000,31.49,86.22,1005.58,32.53,65.15,1005.17,0,0,MANUAL,1,1,1,
2026-09-28 18:18:53,c2-learning,3568000,31.50,86.15,1005.53,32.52,65.43,1005.13,0,0,MANUAL,1,1,1,
2026-09-28 18:18:54,c2-learning,3569000,31.50,86.07,1005.62,32.53,65.36,1005.11,0,0,MANUAL,1,1,1,
2026-09-28 18:18:55,c2-learning,3570000,31.50,86.24,1005.60,32.52,65.22,1005.16,0,0,MANUAL,1,1,1,
2026-09-28 18:18:56,c2-learning,3571000,31.52,86.35,1005.56,32.52,65.30,1005.16,0,0,MANUAL,1,1,1,
2026-09-28 18:18:57,c2-learning,3572000,31.52,86.48,1005.57,32.52,65.47,1005.18,0,0,MANUAL,1,1,1,
2026-09-28 18:18:58,c2-learning,3573000,31.51,86.07,1005.58,32.52,65.28,1005.10,0,0,MANUAL,1,1,1,
2026-09-28 18:18:59,c2-learning,3574000,31.50,86.27,1005.53,32.52,65.26,1005.15,0,0,MANUAL,1,1,1,
2026-09-28 18:19:00,c2-learning,3575000,31.51,86.19,1005.58,32.52,65.10,1005.10,0,0,MANUAL,1,1,1,
2026-09-28 18:19:01,c2-learning,3576000,31.52,86.44,1005.60,32.52,65.25,1005.16,0,0,MANUAL,1,1,1,
2026-09-28 18:19:02,c2-learning,3577000,31.53,86.67,1005.55,32.52,65.18,1004.99,0,0,MANUAL,1,1,1,
2026-09-28 18:19:03,c2-learning,3578000,31.51,86.40,1005.58,32.52,65.35,1005.13,0,0,MANUAL,1,1,1,
2026-09-28 18:19:04,c2-learning,3579000,31.51,86.01,1005.55,32.52,65.30,1005.15,0,0,MANUAL,1,1,1,
2026-09-28 18:19:05,c2-learning,3580000,31.52,86.15,1005.56,32.52,65.16,1005.13,0,0,MANUAL,1,1,1,
2026-09-28 18:19:06,c2-learning,3581000,31.53,86.16,1005.52,32.53,65.17,1005.15,0,0,MANUAL,1,1,1,
2026-09-28 18:19:07,c2-learning,3582000,31.53,86.39,1005.52,32.53,65.26,1005.17,0,0,MANUAL,1,1,1,
2026-09-28 18:19:08,c2-learning,3583000,31.53,86.45,1005.62,32.53,65.23,1005.17,0,0,MANUAL,1,1,1,
2026-09-28 18:19:09,c2-learning,3584000,31.54,86.57,1005.55,32.52,65.09,1005.11,0,0,MANUAL,1,1,1,
2026-09-28 18:19:10,c2-learning,3585000,31.54,86.70,1005.55,32.52,65.18,1005.15,0,0,MANUAL,1,1,1,
2026-09-28 18:19:11,c2-learning,3586000,31.56,86.54,1005.54,32.52,65.17,1005.18,0,0,MANUAL,1,1,1,
2026-09-28 18:19:12,c2-learning,3587000,31.56,86.70,1005.57,32.52,65.18,1005.16,0,0,MANUAL,1,1,1,
2026-09-28 18:19:13,c2-learning,3588000,31.56,86.70,1005.52,32.52,65.26,1005.11,0,0,MANUAL,1,1,1,
2026-09-28 18:19:14,c2-learning,3589000,31.56,86.70,1005.60,32.52,65.49,1005.10,0,0,MANUAL,1,1,1,
2026-09-28 18:19:15,c2-learning,3590000,31.54,86.47,1005.55,32.51,65.14,1005.08,0,0,MANUAL,1,1,1,
2026-09-28 18:19:16,c2-learning,3591000,31.56,86.76,1005.57,32.52,65.20,1005.15,0,0,MANUAL,1,1,1,
2026-09-28 18:19:17,c2-learning,3592000,31.56,86.50,1005.54,32.52,65.24,1005.11,0,0,MANUAL,1,1,1,
2026-09-28 18:19:18,c2-learning,3593000,31.54,86.59,1005.55,32.51,65.14,1005.17,0,0,MANUAL,1,1,1,
2026-09-28 18:19:19,c2-learning,3594000,31.56,86.53,1005.57,32.51,65.20,1005.14,0,0,MANUAL,1,1,1,
2026-09-28 18:19:20,c2-learning,3595000,31.56,86.55,1005.55,32.52,65.14,1005.15,0,0,MANUAL,1,1,1,
2026-09-28 18:19:21,c2-learning,3596000,31.57,86.69,1005.54,32.52,65.19,1005.13,0,0,MANUAL,1,1,1,
2026-09-28 18:19:22,c2-learning,3597000,31.56,86.57,1005.55,32.52,65.21,1005.10,0,0,MANUAL,1,1,1,
2026-09-28 18:19:23,c2-learning,3598000,31.58,86.55,1005.63,32.50,65.26,1005.10,0,0,MANUAL,1,1,1,
2026-09-28 18:19:24,c2-learning,3599000,31.58,86.50,1005.55,32.51,65.28,1005.11,0,0,MANUAL,1,1,1,
2026-09-28 18:19:25,c2-learning,3600000,31.57,86.49,1005.62,32.51,65.23,1005.06,0,0,MANUAL,1,1,1,
2026-09-28 18:19:26,c2-learning,3601000,31.57,86.53,1005.56,32.51,65.30,1005.08,0,0,MANUAL,1,1,1,
2026-09-28 18:19:27,c2-learning,3602000,31.59,86.61,1005.56,32.52,65.25,1005.15,0,0,MANUAL,1,1,1,
2026-09-28 18:19:28,c2-learning,3603000,31.59,86.81,1005.57,32.51,65.16,1005.15,0,0,MANUAL,1,1,1,
2026-09-28 18:19:29,c2-learning,3604000,31.57,86.32,1005.60,32.51,65.34,1005.11,0,0,MANUAL,1,1,1,
2026-09-28 18:19:30,c2-learning,3605000,31.58,86.56,1005.58,32.52,65.17,1005.07,0,0,MANUAL,1,1,1,
2026-09-28 18:19:31,c2-learning,3606000,31.58,86.69,1005.58,32.52,65.45,1005.10,0,0,MANUAL,1,1,1,
2026-09-28 18:19:32,c2-learning,3607000,31.59,86.46,1005.59,32.52,65.27,1005.13,0,0,MANUAL,1,1,1,
2026-09-28 18:19:33,c2-learning,3608000,31.58,86.53,1005.58,32.52,65.37,1005.13,0,0,MANUAL,1,1,1,
2026-09-28 18:19:34,c2-learning,3609000,31.57,86.40,1005.57,32.51,65.42,1005.08,0,0,MANUAL,1,1,1,
2026-09-28 18:19:35,c2-learning,3610000,31.59,86.36,1005.54,32.52,65.28,1005.10,0,0,MANUAL,1,1,1,
2026-09-28 18:19:36,c2-learning,3611000,31.59,86.48,1005.54,32.51,65.19,1005.12,0,0,MANUAL,1,1,1,
2026-09-28 18:19:37,c2-learning,3612000,31.60,86.62,1005.58,32.52,65.53,1005.13,0,0,MANUAL,1,1,1,
2026-09-28 18:19:38,c2-learning,3613000,31.60,86.75,1005.52,32.52,65.16,1005.15,0,0,MANUAL,1,1,1,
2026-09-28 18:19:39,c2-learning,3614000,31.61,86.64,1005.51,32.52,65.19,1005.19,0,0,MANUAL,1,1,1,
2026-09-28 18:19:40,c2-learning,3615000,31.61,86.91,1005.57,32.51,65.21,1005.08,0,0,MANUAL,1,1,1,
2026-09-28 18:19:41,c2-learning,3616000,31.62,86.98,1005.58,32.51,65.29,1005.11,0,0,MANUAL,1,1,1,
2026-09-28 18:19:42,c2-learning,3617000,31.61,86.71,1005.52,32.51,65.20,1005.09,0,0,MANUAL,1,1,1,
2026-09-28 18:19:43,c2-learning,3618000,31.60,86.60,1005.56,32.51,65.22,1005.11,0,0,MANUAL,1,1,1,
2026-09-28 18:19:44,c2-learning,3619000,31.60,86.45,1005.62,32.51,65.25,1005.11,0,0,MANUAL,1,1,1,
2026-09-28 18:19:45,c2-learning,3620000,31.61,86.46,1005.62,32.51,65.21,1005.08,0,0,MANUAL,1,1,1,
2026-09-28 18:19:46,c2-learning,3621000,31.61,86.63,1005.63,32.52,65.41,1005.13,0,0,MANUAL,1,1,1,
2026-09-28 18:19:47,c2-learning,3622000,31.60,86.40,1005.53,32.51,65.26,1005.15,0,0,MANUAL,1,1,1,
2026-09-28 18:19:48,c2-learning,3623000,31.61,86.47,1005.60,32.51,65.36,1005.08,0,0,MANUAL,1,1,1,
2026-09-28 18:19:49,c2-learning,3624000,31.61,86.44,1005.52,32.52,65.25,1005.10,0,0,MANUAL,1,1,1,
2026-09-28 18:19:50,c2-learning,3625000,31.59,86.37,1005.54,32.51,65.33,1005.14,0,0,MANUAL,1,1,1,
2026-09-28 18:19:51,c2-learning,3626000,31.60,86.38,1005.56,32.52,65.16,1005.10,0,0,MANUAL,1,1,1,
2026-09-28 18:19:52,c2-learning,3627000,31.61,86.54,1005.57,32.51,65.25,1005.08,0,0,MANUAL,1,1,1,
2026-09-28 18:19:53,c2-learning,3628000,31.62,86.42,1005.59,32.50,65.24,1005.13,0,0,MANUAL,1,1,1,
2026-09-28 18:19:54,c2-learning,3629000,31.61,86.46,1005.58,32.51,65.18,1005.17,0,0,MANUAL,1,1,1,
2026-09-28 18:19:55,c2-learning,3630000,31.61,86.43,1005.63,32.50,65.17,1005.16,0,0,MANUAL,1,1,1,
2026-09-28 18:19:56,c2-learning,3631000,31.62,86.51,1005.65,32.51,65.29,1005.14,0,0,MANUAL,1,1,1,
2026-09-28 18:19:57,c2-learning,3632000,31.63,86.62,1005.64,32.50,65.27,1005.12,0,0,MANUAL,1,1,1,
2026-09-28 18:19:58,c2-learning,3633000,31.63,86.66,1005.60,32.50,65.37,1005.05,0,0,MANUAL,1,1,1,
2026-09-28 18:19:59,c2-learning,3634000,31.63,86.69,1005.55,32.51,65.34,1005.14,0,0,MANUAL,1,1,1,
2026-09-28 18:20:00,c2-learning,3635000,31.64,86.66,1005.53,32.49,65.25,1005.17,0,0,MANUAL,1,1,1,
2026-09-28 18:20:01,c2-learning,3636000,31.62,86.75,1005.58,32.50,65.29,1005.15,0,0,MANUAL,1,1,1,
2026-09-28 18:20:02,c2-learning,3637000,31.62,86.51,1005.59,32.50,65.27,1005.12,0,0,MANUAL,1,1,1,
2026-09-28 18:20:03,c2-learning,3638000,31.63,86.73,1005.60,32.49,65.29,1005.11,0,0,MANUAL,1,1,1,
2026-09-28 18:20:04,c2-learning,3639000,31.63,86.60,1005.58,32.49,65.30,1005.11,0,0,MANUAL,1,1,1,
2026-09-28 18:20:05,c2-learning,3640000,31.63,86.70,1005.61,32.48,65.20,1005.10,0,0,MANUAL,1,1,1,
2026-09-28 18:20:06,c2-learning,3641000,31.63,86.56,1005.52,32.49,65.29,1005.13,0,0,MANUAL,1,1,1,
2026-09-28 18:20:07,c2-learning,3642000,31.63,86.73,1005.52,32.49,65.31,1005.13,0,0,MANUAL,1,1,1,
2026-09-28 18:20:08,c2-learning,3643000,31.64,86.51,1005.53,32.49,65.32,1005.06,0,0,MANUAL,1,1,1,
2026-09-28 18:20:09,c2-learning,3644000,31.64,86.60,1005.53,32.49,65.39,1005.11,0,0,MANUAL,1,1,1,
2026-09-28 18:20:10,c2-learning,3645000,31.64,86.70,1005.60,32.49,65.25,1005.11,0,0,MANUAL,1,1,1,
2026-09-28 18:20:11,c2-learning,3646000,31.64,86.60,1005.56,32.49,65.43,1005.11,0,0,MANUAL,1,1,1,
2026-09-28 18:20:12,c2-learning,3647000,31.64,86.73,1005.62,32.49,65.41,1005.11,0,0,MANUAL,1,1,1,
2026-09-28 18:20:13,c2-learning,3648000,31.64,86.73,1005.56,32.49,65.25,1005.11,0,0,MANUAL,1,1,1,
2026-09-28 18:20:14,c2-learning,3649000,31.63,86.65,1005.60,32.49,65.28,1005.11,0,0,MANUAL,1,1,1,
2026-09-28 18:20:15,c2-learning,3650000,31.62,86.35,1005.56,32.49,65.24,1005.17,0,0,MANUAL,1,1,1,
2026-09-28 18:20:16,c2-learning,3651000,31.62,86.30,1005.53,32.48,65.31,1005.10,0,0,MANUAL,1,1,1,
2026-09-28 18:20:17,c2-learning,3652000,31.63,86.60,1005.54,32.48,65.43,1005.10,0,0,MANUAL,1,1,1,
2026-09-28 18:20:18,c2-learning,3653000,31.63,86.44,1005.57,32.49,65.21,1005.11,0,0,MANUAL,1,1,1,
2026-09-28 18:20:19,c2-learning,3654000,31.64,86.52,1005.56,32.49,65.28,1005.17,0,0,MANUAL,1,1,1,
2026-09-28 18:20:20,c2-learning,3655000,31.62,86.35,1005.53,32.49,65.30,1005.14,0,0,MANUAL,1,1,1,
2026-09-28 18:20:21,c2-learning,3656000,31.62,86.30,1005.58,32.49,65.30,1005.08,0,0,MANUAL,1,1,1,
2026-09-28 18:20:22,c2-learning,3657000,31.61,85.89,1005.62,32.48,65.60,1005.17,0,0,MANUAL,1,1,1,
2026-09-28 18:20:23,c2-learning,3658000,31.60,85.58,1005.56,32.49,65.26,1005.11,0,0,MANUAL,1,1,1,
2026-09-28 18:20:24,c2-learning,3659000,31.61,85.93,1005.57,32.48,65.35,1005.10,0,0,MANUAL,1,1,1,
2026-09-28 18:20:25,c2-learning,3660000,31.63,85.83,1005.52,32.49,65.54,1005.19,0,0,MANUAL,1,1,1,
2026-09-28 18:20:26,c2-learning,3661000,31.63,85.66,1005.63,32.48,65.28,1005.13,0,0,MANUAL,1,1,1,
2026-09-28 18:20:27,c2-learning,3662000,31.62,85.66,1005.64,32.48,65.34,1005.15,0,0,MANUAL,1,1,1,
2026-09-28 18:20:28,c2-learning,3663000,31.62,85.92,1005.56,32.48,65.18,1005.12,0,0,MANUAL,1,1,1,
2026-09-28 18:20:29,c2-learning,3664000,31.62,85.74,1005.56,32.48,65.34,1005.12,0,0,MANUAL,1,1,1,
2026-09-28 18:20:30,c2-learning,3665000,31.62,85.83,1005.50,32.49,65.24,1005.16,0,0,MANUAL,1,1,1,
2026-09-28 18:20:31,c2-learning,3666000,31.62,85.83,1005.53,32.49,65.37,1005.19,0,0,MANUAL,1,1,1,
2026-09-28 18:20:32,c2-learning,3667000,31.61,85.74,1005.58,32.48,65.24,1005.10,0,0,MANUAL,1,1,1,
2026-09-28 18:20:33,c2-learning,3668000,31.62,85.72,1005.56,32.49,65.13,1005.08,0,0,MANUAL,1,1,1,
2026-09-28 18:20:34,c2-learning,3669000,31.63,85.86,1005.54,32.49,65.26,1005.11,0,0,MANUAL,1,1,1,
2026-09-28 18:20:35,c2-learning,3670000,31.61,85.62,1005.54,32.49,65.24,1005.13,0,0,MANUAL,1,1,1,
2026-09-28 18:20:36,c2-learning,3671000,31.63,85.49,1005.63,32.49,65.17,1005.11,0,0,MANUAL,1,1,1,
2026-09-28 18:20:37,c2-learning,3672000,31.63,85.69,1005.57,32.50,65.15,1005.09,0,0,MANUAL,1,1,1,
2026-09-28 18:20:38,c2-learning,3673000,31.63,85.97,1005.63,32.50,65.33,1005.09,0,0,MANUAL,1,1,1,
2026-09-28 18:20:39,c2-learning,3674000,31.63,85.84,1005.54,32.49,65.22,1005.11,0,0,MANUAL,1,1,1,
2026-09-28 18:20:40,c2-learning,3675000,31.64,86.16,1005.59,32.50,65.21,1005.15,0,0,MANUAL,1,1,1,
2026-09-28 18:20:41,c2-learning,3676000,31.64,86.10,1005.56,32.49,65.25,1005.11,0,0,MANUAL,1,1,1,
2026-09-28 18:20:42,c2-learning,3677000,31.62,85.90,1005.56,32.49,65.32,1005.03,0,0,MANUAL,1,1,1,
2026-09-28 18:20:43,c2-learning,3678000,31.63,85.88,1005.52,32.49,65.26,1005.11,0,0,MANUAL,1,1,1,
2026-09-28 18:20:44,c2-learning,3679000,31.64,86.23,1005.60,32.49,65.30,1005.17,0,0,MANUAL,1,1,1,
2026-09-28 18:20:45,c2-learning,3680000,31.65,86.01,1005.58,32.49,65.50,1005.09,0,0,MANUAL,1,1,1,
2026-09-28 18:20:46,c2-learning,3681000,31.64,86.28,1005.57,32.50,65.24,1005.15,0,0,MANUAL,1,1,1,
2026-09-28 18:20:47,c2-learning,3682000,31.65,86.20,1005.56,32.49,65.35,1005.16,0,0,MANUAL,1,1,1,
2026-09-28 18:20:48,c2-learning,3683000,31.65,86.23,1005.58,32.48,65.44,1005.20,0,0,MANUAL,1,1,1,
2026-09-28 18:20:49,c2-learning,3684000,31.65,86.18,1005.63,32.49,65.42,1005.11,0,0,MANUAL,1,1,1,
2026-09-28 18:20:50,c2-learning,3685000,31.65,86.11,1005.58,32.49,65.41,1005.20,0,0,MANUAL,1,1,1,
2026-09-28 18:20:51,c2-learning,3686000,31.65,86.22,1005.61,32.49,65.65,1005.14,0,0,MANUAL,1,1,1,
2026-09-28 18:20:52,c2-learning,3687000,31.66,86.26,1005.65,32.47,65.33,1005.08,0,0,MANUAL,1,1,1,
2026-09-28 18:20:53,c2-learning,3688000,31.66,86.30,1005.60,32.48,65.31,1005.15,0,0,MANUAL,1,1,1,
2026-09-28 18:20:54,c2-learning,3689000,31.66,86.42,1005.60,32.49,65.21,1005.13,0,0,MANUAL,1,1,1,
2026-09-28 18:20:55,c2-learning,3690000,31.66,86.45,1005.59,32.48,65.35,1005.09,0,0,MANUAL,1,1,1,
2026-09-28 18:20:56,c2-learning,3691000,31.67,86.35,1005.62,32.49,65.29,1005.13,0,0,MANUAL,1,1,1,
2026-09-28 18:20:57,c2-learning,3692000,31.66,86.37,1005.60,32.49,65.23,1005.16,0,0,MANUAL,1,1,1,
2026-09-28 18:20:58,c2-learning,3693000,31.66,86.36,1005.59,32.49,65.48,1005.13,0,0,MANUAL,1,1,1,
2026-09-28 18:20:59,c2-learning,3694000,31.67,86.24,1005.61,32.49,65.21,1005.11,0,0,MANUAL,1,1,1,
2026-09-28 18:21:00,c2-learning,3695000,31.66,86.54,1005.54,32.49,65.21,1005.19,0,0,MANUAL,1,1,1,
2026-09-28 18:21:01,c2-learning,3696000,31.66,86.26,1005.60,32.49,65.33,1005.11,0,0,MANUAL,1,1,1,
2026-09-28 18:21:02,c2-learning,3697000,31.65,85.86,1005.61,32.49,65.32,1005.16,0,0,MANUAL,1,1,1,
2026-09-28 18:21:03,c2-learning,3698000,31.63,85.76,1005.61,32.49,65.63,1005.08,0,0,MANUAL,1,1,1,
2026-09-28 18:21:04,c2-learning,3699000,31.64,85.52,1005.59,32.49,65.51,1005.20,0,0,MANUAL,1,1,1,
2026-09-28 18:21:05,c2-learning,3700000,31.63,85.40,1005.60,32.49,65.24,1005.20,0,0,MANUAL,1,1,1,
2026-09-28 18:21:06,c2-learning,3701000,31.64,85.16,1005.56,32.48,65.31,1005.13,0,0,MANUAL,1,1,1,
2026-09-28 18:21:07,c2-learning,3702000,31.63,85.04,1005.60,32.49,65.25,1005.08,0,0,MANUAL,1,1,1,
2026-09-28 18:21:08,c2-learning,3703000,31.63,85.13,1005.64,32.49,65.24,1005.09,0,0,MANUAL,1,1,1,
2026-09-28 18:21:09,c2-learning,3704000,31.64,85.09,1005.62,32.49,65.42,1005.05,0,0,MANUAL,1,1,1,
2026-09-28 18:21:10,c2-learning,3705000,31.64,84.99,1005.62,32.50,65.32,1005.13,0,0,MANUAL,1,1,1,
2026-09-28 18:21:11,c2-learning,3706000,31.63,85.08,1005.58,32.50,65.30,1005.15,0,0,MANUAL,1,1,1,
2026-09-28 18:21:12,c2-learning,3707000,31.64,85.18,1005.56,32.50,65.31,1005.18,0,0,MANUAL,1,1,1,
2026-09-28 18:21:13,c2-learning,3708000,31.65,85.30,1005.60,32.50,65.30,1005.18,0,0,MANUAL,1,1,1,
2026-09-28 18:21:14,c2-learning,3709000,31.64,85.37,1005.57,32.49,65.22,1005.17,0,0,MANUAL,1,1,1,
2026-09-28 18:21:15,c2-learning,3710000,31.64,85.51,1005.60,32.50,65.22,1005.16,0,0,MANUAL,1,1,1,
2026-09-28 18:21:16,c2-learning,3711000,31.64,85.77,1005.60,32.50,65.22,1005.12,0,0,MANUAL,1,1,1,
2026-09-28 18:21:17,c2-learning,3712000,31.65,85.77,1005.58,32.50,65.13,1005.13,0,0,MANUAL,1,1,1,
2026-09-28 18:21:18,c2-learning,3713000,31.65,85.59,1005.63,32.50,65.23,1005.21,0,0,MANUAL,1,1,1,
2026-09-28 18:21:19,c2-learning,3714000,31.65,85.90,1005.55,32.49,65.20,1005.11,0,0,MANUAL,1,1,1,
2026-09-28 18:21:20,c2-learning,3715000,31.66,85.62,1005.59,32.49,65.28,1005.14,0,0,MANUAL,1,1,1,
2026-09-28 18:21:21,c2-learning,3716000,31.64,85.54,1005.62,32.50,65.49,1005.12,0,0,MANUAL,1,1,1,
2026-09-28 18:21:22,c2-learning,3717000,31.65,85.73,1005.61,32.51,65.28,1005.14,0,0,MANUAL,1,1,1,
2026-09-28 18:21:22,c2-learning,,,,,,,,,,,,,,mode OFF
2026-09-28 18:21:23,c2-learning,3718000,31.65,85.87,1005.58,32.51,65.47,1005.19,0,0,OFF,1,1,1,
2026-09-28 18:21:23,end,,,,,,,,,,,,,,mode OFF
2026-09-28 18:21:23,end,,,,,,,,,,,,,,"S,mode=OFF,lo=75.0,hi=90.0,max=300,cool=180,man=600,use=A,period=1,in=ok,out=ok,tank=ok,mistA=0,mistB=0"
2026-09-28 18:21:23,end,,,,,,,,,,,,,,"S,mode=OFF,lo=75.0,hi=90.0,max=300,cool=180,man=600,use=A,period=1,in=ok,out=ok,tank=ok,mistA=0,mistB=0"
2026-09-28 18:21:24,end,3719000,31.65,85.24,1005.60,32.50,65.49,1005.09,0,0,OFF,1,1,1,
2026-09-28 18:21:25,end,3720000,31.66,85.13,1005.59,32.49,65.47,1005.17,0,0,OFF,1,1,1,
2026-09-28 18:21:26,end,3721000,31.65,85.25,1005.55,32.50,65.22,1005.26,0,0,OFF,1,1,1,
