pc_time,phase,ms,t_in,rh_in,p_in,t_out,rh_out,p_out,mistA,mistB,mode,in_ok,out_ok,tank_ok,event
2026-09-27 00:55:20,idle,,,,,,,,,,,,,,"S,mode=OFF,lo=75.0,hi=90.0,max=300,cool=180,man=400,use=A,period=1,in=ok,out=ok,tank=ok,mistA=0,mistB=0"
2026-09-27 00:55:20,idle,,,,,,,,,,,,,,"MARK  session 2 start 00:3x: lid gap 4 cm, wiring redone, both sensors 100 percent"
2026-09-27 00:55:20,idle,1675000,30.47,72.60,1007.79,30.82,72.58,1007.67,0,0,OFF,1,1,1,
2026-09-27 00:55:21,idle,1676000,30.48,72.72,1007.74,30.81,72.72,1007.64,0,0,OFF,1,1,1,
2026-09-27 00:55:22,idle,1677000,30.48,72.59,1007.75,30.82,72.62,1007.67,0,0,OFF,1,1,1,
2026-09-27 00:55:23,baseline-rules,,,,,,,,,,,,,,"S,mode=OFF,lo=75.0,hi=90.0,max=300,cool=180,man=400,use=A,period=1,in=ok,out=ok,tank=ok,mistA=0,mistB=0"
2026-09-27 00:55:23,baseline-rules,,,,,,,,,,,,,,mode RULES
2026-09-27 00:55:23,baseline-rules,,,,,,,,,,,,,,mist A=1 B=0 (below lo)
2026-09-27 00:55:23,baseline-rules,1678000,30.48,72.43,1007.74,30.82,72.97,1007.65,1,0,RULES,1,1,1,
2026-09-27 00:55:24,baseline-rules,1679000,30.48,72.40,1007.78,30.82,72.70,1007.70,1,0,RULES,1,1,1,
2026-09-27 00:55:25,baseline-rules,1680000,30.47,72.75,1007.75,30.81,72.77,1007.72,1,0,RULES,1,1,1,
2026-09-27 00:55:26,baseline-rules,1681000,30.45,73.06,1007.72,30.81,72.77,1007.69,1,0,RULES,1,1,1,
2026-09-27 00:55:27,baseline-rules,1682000,30.43,73.23,1007.78,30.83,72.92,1007.69,1,0,RULES,1,1,1,
2026-09-27 00:55:28,baseline-rules,1683000,30.43,73.64,1007.74,30.82,72.74,1007.67,1,0,RULES,1,1,1,
2026-09-27 00:55:29,baseline-rules,1684000,30.42,73.65,1007.70,30.82,72.80,1007.65,1,0,RULES,1,1,1,
2026-09-27 00:55:30,baseline-rules,1685000,30.41,73.61,1007.75,30.82,72.77,1007.70,1,0,RULES,1,1,1,
2026-09-27 00:55:31,baseline-rules,1686000,30.41,74.36,1007.74,30.83,72.66,1007.70,1,0,RULES,1,1,1,
2026-09-27 00:55:32,baseline-rules,1687000,30.39,75.18,1007.68,30.81,72.66,1007.68,1,0,RULES,1,1,1,
2026-09-27 00:55:33,baseline-rules,1688000,30.37,74.93,1007.68,30.82,72.64,1007.65,1,0,RULES,1,1,1,
2026-09-27 00:55:34,baseline-rules,1689000,30.34,76.39,1007.71,30.82,72.82,1007.65,1,0,RULES,1,1,1,
2026-09-27 00:55:35,baseline-rules,1690000,30.31,75.29,1007.73,30.82,72.71,1007.67,1,0,RULES,1,1,1,
2026-09-27 00:55:36,baseline-rules,1691000,30.29,74.57,1007.71,30.83,72.71,1007.69,1,0,RULES,1,1,1,
2026-09-27 00:55:37,baseline-rules,1692000,30.26,75.37,1007.70,30.83,72.85,1007.66,1,0,RULES,1,1,1,
2026-09-27 00:55:38,baseline-rules,1693000,30.26,75.32,1007.75,30.82,72.84,1007.65,1,0,RULES,1,1,1,
2026-09-27 00:55:39,baseline-rules,1694000,30.23,75.07,1007.82,30.82,72.70,1007.67,1,0,RULES,1,1,1,
2026-09-27 00:55:40,baseline-rules,1695000,30.21,75.49,1007.77,30.83,72.81,1007.70,1,0,RULES,1,1,1,
2026-09-27 00:55:41,baseline-rules,1696000,30.20,75.25,1007.69,30.82,73.00,1007.59,1,0,RULES,1,1,1,
2026-09-27 00:55:42,baseline-rules,1697000,30.19,75.47,1007.76,30.81,73.04,1007.64,1,0,RULES,1,1,1,
2026-09-27 00:55:43,baseline-rules,1698000,30.17,76.99,1007.68,30.82,72.97,1007.70,1,0,RULES,1,1,1,
2026-09-27 00:55:44,baseline-rules,1699000,30.15,75.43,1007.70,30.81,73.04,1007.58,1,0,RULES,1,1,1,
2026-09-27 00:55:45,baseline-rules,1700000,30.14,75.39,1007.74,30.81,72.98,1007.67,1,0,RULES,1,1,1,
2026-09-27 00:55:46,baseline-rules,1701000,30.11,74.95,1007.78,30.81,72.85,1007.60,1,0,RULES,1,1,1,
2026-09-27 00:55:47,baseline-rules,1702000,30.09,75.14,1007.77,30.82,72.98,1007.73,1,0,RULES,1,1,1,
2026-09-27 00:55:48,baseline-rules,1703000,30.08,74.92,1007.72,30.82,72.96,1007.63,1,0,RULES,1,1,1,
2026-09-27 00:55:49,baseline-rules,1704000,30.07,74.61,1007.74,30.81,72.96,1007.67,1,0,RULES,1,1,1,
2026-09-27 00:55:50,baseline-rules,1705000,30.06,74.20,1007.77,30.80,72.70,1007.65,1,0,RULES,1,1,1,
2026-09-27 00:55:51,baseline-rules,1706000,30.05,74.46,1007.76,30.81,73.03,1007.66,1,0,RULES,1,1,1,
2026-09-27 00:55:52,baseline-rules,1707000,30.03,75.39,1007.73,30.81,73.01,1007.69,1,0,RULES,1,1,1,
2026-09-27 00:55:53,baseline-rules,1708000,30.02,75.50,1007.71,30.80,73.02,1007.72,1,0,RULES,1,1,1,
2026-09-27 00:55:54,baseline-rules,1709000,30.00,75.52,1007.79,30.81,73.11,1007.68,1,0,RULES,1,1,1,
2026-09-27 00:55:55,baseline-rules,1710000,29.98,76.68,1007.74,30.81,72.98,1007.64,1,0,RULES,1,1,1,
2026-09-27 00:55:56,baseline-rules,1711000,29.97,76.33,1007.75,30.81,72.93,1007.68,1,0,RULES,1,1,1,
2026-09-27 00:55:57,baseline-rules,1712000,29.96,76.60,1007.73,30.81,73.00,1007.69,1,0,RULES,1,1,1,
2026-09-27 00:55:58,baseline-rules,1713000,29.96,77.98,1007.73,30.80,72.82,1007.68,1,0,RULES,1,1,1,
2026-09-27 00:55:59,baseline-rules,1714000,29.93,78.09,1007.74,30.81,72.83,1007.71,1,0,RULES,1,1,1,
2026-09-27 00:56:00,baseline-rules,1715000,29.90,78.12,1007.77,30.81,73.05,1007.66,1,0,RULES,1,1,1,
2026-09-27 00:56:01,baseline-rules,1716000,29.89,77.21,1007.78,30.80,72.93,1007.61,1,0,RULES,1,1,1,
2026-09-27 00:56:02,baseline-rules,1717000,29.87,77.13,1007.73,30.80,72.85,1007.65,1,0,RULES,1,1,1,
2026-09-27 00:56:03,baseline-rules,1718000,29.85,76.70,1007.76,30.79,72.95,1007.69,1,0,RULES,1,1,1,
2026-09-27 00:56:04,baseline-rules,1719000,29.85,77.44,1007.73,30.81,73.01,1007.63,1,0,RULES,1,1,1,
2026-09-27 00:56:05,baseline-rules,1720000,29.85,77.30,1007.73,30.80,72.81,1007.64,1,0,RULES,1,1,1,
2026-09-27 00:56:06,baseline-rules,1721000,29.83,76.62,1007.73,30.80,73.17,1007.62,1,0,RULES,1,1,1,
2026-09-27 00:56:07,baseline-rules,1722000,29.81,77.38,1007.74,30.81,73.14,1007.68,1,0,RULES,1,1,1,
2026-09-27 00:56:08,baseline-rules,1723000,29.79,76.55,1007.80,30.80,73.01,1007.65,1,0,RULES,1,1,1,
2026-09-27 00:56:09,baseline-rules,1724000,29.79,76.12,1007.72,30.80,72.89,1007.67,1,0,RULES,1,1,1,
2026-09-27 00:56:10,baseline-rules,1725000,29.78,75.69,1007.66,30.80,73.03,1007.61,1,0,RULES,1,1,1,
2026-09-27 00:56:11,baseline-rules,1726000,29.77,75.86,1007.70,30.80,72.98,1007.61,1,0,RULES,1,1,1,
2026-09-27 00:56:12,baseline-rules,1727000,29.75,77.67,1007.82,30.79,72.86,1007.65,1,0,RULES,1,1,1,
2026-09-27 00:56:13,baseline-rules,1728000,29.70,77.39,1007.74,30.80,73.00,1007.72,1,0,RULES,1,1,1,
2026-09-27 00:56:14,baseline-rules,1729000,29.71,76.20,1007.81,30.80,72.99,1007.61,1,0,RULES,1,1,1,
2026-09-27 00:56:15,baseline-rules,1730000,29.70,76.58,1007.71,30.79,72.70,1007.63,1,0,RULES,1,1,1,
2026-09-27 00:56:16,baseline-rules,1731000,29.69,77.11,1007.75,30.80,73.01,1007.65,1,0,RULES,1,1,1,
2026-09-27 00:56:17,baseline-rules,1732000,29.70,76.58,1007.82,30.80,72.82,1007.67,1,0,RULES,1,1,1,
2026-09-27 00:56:18,baseline-rules,1733000,29.68,76.78,1007.76,30.79,72.65,1007.69,1,0,RULES,1,1,1,
2026-09-27 00:56:19,baseline-rules,1734000,29.68,77.64,1007.79,30.80,72.91,1007.67,1,0,RULES,1,1,1,
2026-09-27 00:56:20,baseline-rules,1735000,29.66,77.95,1007.76,30.80,72.92,1007.70,1,0,RULES,1,1,1,
2026-09-27 00:56:21,baseline-rules,1736000,29.65,76.95,1007.71,30.81,73.05,1007.68,1,0,RULES,1,1,1,
2026-09-27 00:56:22,baseline-rules,1737000,29.65,78.11,1007.77,30.79,72.85,1007.66,1,0,RULES,1,1,1,
2026-09-27 00:56:23,baseline-rules,1738000,29.63,77.52,1007.79,30.79,72.69,1007.68,1,0,RULES,1,1,1,
2026-09-27 00:56:24,baseline-rules,1739000,29.62,78.37,1007.75,30.80,73.08,1007.67,1,0,RULES,1,1,1,
2026-09-27 00:56:25,baseline-rules,1740000,29.62,79.62,1007.81,30.79,73.01,1007.69,1,0,RULES,1,1,1,
2026-09-27 00:56:26,baseline-rules,1741000,29.61,78.22,1007.73,30.80,73.06,1007.61,1,0,RULES,1,1,1,
2026-09-27 00:56:27,baseline-rules,1742000,29.62,77.96,1007.77,30.80,73.09,1007.68,1,0,RULES,1,1,1,
2026-09-27 00:56:28,baseline-rules,1743000,29.60,77.96,1007.77,30.80,73.08,1007.68,1,0,RULES,1,1,1,
2026-09-27 00:56:29,baseline-rules,1744000,29.60,78.98,1007.82,30.80,73.01,1007.67,1,0,RULES,1,1,1,
2026-09-27 00:56:30,baseline-rules,1745000,29.58,79.89,1007.85,30.80,73.01,1007.73,1,0,RULES,1,1,1,
2026-09-27 00:56:31,baseline-rules,1746000,29.57,78.41,1007.81,30.80,73.06,1007.65,1,0,RULES,1,1,1,
2026-09-27 00:56:32,baseline-rules,1747000,29.55,78.25,1007.85,30.79,72.90,1007.66,1,0,RULES,1,1,1,
2026-09-27 00:56:33,baseline-rules,1748000,29.54,78.43,1007.78,30.79,73.05,1007.65,1,0,RULES,1,1,1,
2026-09-27 00:56:34,baseline-rules,1749000,29.54,78.97,1007.79,30.80,73.11,1007.67,1,0,RULES,1,1,1,
2026-09-27 00:56:35,baseline-rules,1750000,29.53,79.36,1007.82,30.80,73.09,1007.64,1,0,RULES,1,1,1,
2026-09-27 00:56:36,baseline-rules,1751000,29.52,78.13,1007.76,30.80,72.79,1007.61,1,0,RULES,1,1,1,
2026-09-27 00:56:37,baseline-rules,1752000,29.51,78.21,1007.77,30.79,73.08,1007.66,1,0,RULES,1,1,1,
2026-09-27 00:56:38,baseline-rules,1753000,29.51,78.23,1007.83,30.79,73.00,1007.63,1,0,RULES,1,1,1,
2026-09-27 00:56:39,baseline-rules,1754000,29.50,78.14,1007.78,30.79,73.07,1007.66,1,0,RULES,1,1,1,
2026-09-27 00:56:40,baseline-rules,1755000,29.50,78.69,1007.80,30.80,73.08,1007.61,1,0,RULES,1,1,1,
2026-09-27 00:56:41,baseline-rules,1756000,29.49,78.13,1007.76,30.79,73.24,1007.63,1,0,RULES,1,1,1,
2026-09-27 00:56:42,baseline-rules,1757000,29.47,77.81,1007.76,30.80,72.99,1007.59,1,0,RULES,1,1,1,
2026-09-27 00:56:43,baseline-rules,1758000,29.47,77.74,1007.76,30.79,73.11,1007.61,1,0,RULES,1,1,1,
2026-09-27 00:56:44,baseline-rules,1759000,29.47,77.16,1007.71,30.79,72.85,1007.65,1,0,RULES,1,1,1,
2026-09-27 00:56:45,baseline-rules,1760000,29.45,77.70,1007.78,30.80,72.86,1007.61,1,0,RULES,1,1,1,
2026-09-27 00:56:46,baseline-rules,1761000,29.43,77.16,1007.82,30.79,73.12,1007.62,1,0,RULES,1,1,1,
2026-09-27 00:56:47,baseline-rules,1762000,29.44,77.15,1007.74,30.81,72.83,1007.63,1,0,RULES,1,1,1,
2026-09-27 00:56:48,baseline-rules,1763000,29.44,76.85,1007.77,30.80,73.12,1007.67,1,0,RULES,1,1,1,
2026-09-27 00:56:49,baseline-rules,1764000,29.43,76.84,1007.75,30.79,73.03,1007.62,1,0,RULES,1,1,1,
2026-09-27 00:56:50,baseline-rules,1765000,29.42,76.85,1007.74,30.79,73.07,1007.63,1,0,RULES,1,1,1,
2026-09-27 00:56:51,baseline-rules,1766000,29.40,77.47,1007.77,30.80,73.10,1007.64,1,0,RULES,1,1,1,
2026-09-27 00:56:52,baseline-rules,1767000,29.42,77.23,1007.77,30.80,73.08,1007.64,1,0,RULES,1,1,1,
2026-09-27 00:56:53,baseline-rules,1768000,29.39,77.53,1007.75,30.79,72.91,1007.55,1,0,RULES,1,1,1,
2026-09-27 00:56:54,baseline-rules,1769000,29.39,78.53,1007.77,30.80,72.91,1007.67,1,0,RULES,1,1,1,
2026-09-27 00:56:55,baseline-rules,1770000,29.37,77.67,1007.78,30.80,73.02,1007.67,1,0,RULES,1,1,1,
2026-09-27 00:56:56,baseline-rules,1771000,29.37,77.39,1007.75,30.80,73.08,1007.67,1,0,RULES,1,1,1,
2026-09-27 00:56:57,baseline-rules,1772000,29.35,78.38,1007.74,30.80,72.73,1007.67,1,0,RULES,1,1,1,
2026-09-27 00:56:58,baseline-rules,1773000,29.35,77.97,1007.79,30.80,73.00,1007.76,1,0,RULES,1,1,1,
2026-09-27 00:56:59,baseline-rules,1774000,29.35,77.67,1007.80,30.80,72.77,1007.67,1,0,RULES,1,1,1,
2026-09-27 00:57:00,baseline-rules,1775000,29.35,77.26,1007.82,30.80,73.09,1007.67,1,0,RULES,1,1,1,
2026-09-27 00:57:01,baseline-rules,1776000,29.35,77.37,1007.76,30.79,72.73,1007.65,1,0,RULES,1,1,1,
2026-09-27 00:57:02,baseline-rules,1777000,29.35,77.35,1007.76,30.79,72.92,1007.65,1,0,RULES,1,1,1,
2026-09-27 00:57:03,baseline-rules,1778000,29.33,77.85,1007.71,30.79,73.15,1007.72,1,0,RULES,1,1,1,
2026-09-27 00:57:04,baseline-rules,1779000,29.32,77.63,1007.78,30.80,73.10,1007.67,1,0,RULES,1,1,1,
2026-09-27 00:57:05,baseline-rules,1780000,29.32,77.80,1007.71,30.80,73.02,1007.64,1,0,RULES,1,1,1,
2026-09-27 00:57:06,baseline-rules,1781000,29.32,77.09,1007.71,30.79,73.03,1007.66,1,0,RULES,1,1,1,
2026-09-27 00:57:07,baseline-rules,1782000,29.31,77.81,1007.73,30.80,73.06,1007.70,1,0,RULES,1,1,1,
2026-09-27 00:57:08,baseline-rules,1783000,29.30,78.10,1007.77,30.80,72.98,1007.67,1,0,RULES,1,1,1,
2026-09-27 00:57:09,baseline-rules,1784000,29.28,78.06,1007.77,30.80,72.71,1007.61,1,0,RULES,1,1,1,
2026-09-27 00:57:10,baseline-rules,1785000,29.29,78.05,1007.78,30.79,72.89,1007.63,1,0,RULES,1,1,1,
2026-09-27 00:57:11,baseline-rules,1786000,29.28,77.34,1007.76,30.79,73.08,1007.69,1,0,RULES,1,1,1,
2026-09-27 00:57:12,baseline-rules,1787000,29.27,78.06,1007.70,30.78,73.00,1007.67,1,0,RULES,1,1,1,
2026-09-27 00:57:13,baseline-rules,1788000,29.26,77.96,1007.76,30.78,73.03,1007.67,1,0,RULES,1,1,1,
2026-09-27 00:57:14,baseline-rules,1789000,29.25,78.14,1007.72,30.79,72.84,1007.68,1,0,RULES,1,1,1,
2026-09-27 00:57:15,baseline-rules,1790000,29.25,77.86,1007.80,30.79,72.88,1007.63,1,0,RULES,1,1,1,
2026-09-27 00:57:16,baseline-rules,1791000,29.25,77.58,1007.77,30.80,72.55,1007.67,1,0,RULES,1,1,1,
2026-09-27 00:57:17,baseline-rules,1792000,29.24,78.51,1007.78,30.80,73.07,1007.59,1,0,RULES,1,1,1,
2026-09-27 00:57:18,baseline-rules,1793000,29.24,77.94,1007.76,30.80,72.94,1007.67,1,0,RULES,1,1,1,
2026-09-27 00:57:19,baseline-rules,1794000,29.22,78.93,1007.78,30.80,72.88,1007.61,1,0,RULES,1,1,1,
2026-09-27 00:57:20,baseline-rules,1795000,29.20,79.34,1007.81,30.80,73.00,1007.65,1,0,RULES,1,1,1,
2026-09-27 00:57:21,baseline-rules,1796000,29.20,79.37,1007.74,30.79,73.07,1007.62,1,0,RULES,1,1,1,
2026-09-27 00:57:22,baseline-rules,1797000,29.19,79.04,1007.82,30.79,72.76,1007.63,1,0,RULES,1,1,1,
2026-09-27 00:57:23,baseline-rules,1798000,29.18,78.72,1007.71,30.80,73.04,1007.64,1,0,RULES,1,1,1,
2026-09-27 00:57:24,baseline-rules,1799000,29.17,79.81,1007.81,30.80,73.03,1007.64,1,0,RULES,1,1,1,
2026-09-27 00:57:25,baseline-rules,1800000,29.16,79.42,1007.79,30.79,72.74,1007.68,1,0,RULES,1,1,1,
2026-09-27 00:57:26,baseline-rules,1801000,29.14,79.95,1007.74,30.79,72.92,1007.66,1,0,RULES,1,1,1,
2026-09-27 00:57:27,baseline-rules,1802000,29.14,80.19,1007.77,30.79,72.98,1007.60,1,0,RULES,1,1,1,
2026-09-27 00:57:28,baseline-rules,1803000,29.13,80.41,1007.80,30.78,72.82,1007.64,1,0,RULES,1,1,1,
2026-09-27 00:57:29,baseline-rules,1804000,29.11,80.09,1007.73,30.79,72.83,1007.65,1,0,RULES,1,1,1,
2026-09-27 00:57:30,baseline-rules,1805000,29.13,80.78,1007.77,30.78,73.05,1007.64,1,0,RULES,1,1,1,
2026-09-27 00:57:31,baseline-rules,1806000,29.10,80.31,1007.71,30.78,73.09,1007.64,1,0,RULES,1,1,1,
2026-09-27 00:57:32,baseline-rules,1807000,29.10,80.44,1007.77,30.78,73.03,1007.69,1,0,RULES,1,1,1,
2026-09-27 00:57:33,baseline-rules,1808000,29.09,80.14,1007.74,30.78,72.65,1007.64,1,0,RULES,1,1,1,
2026-09-27 00:57:34,baseline-rules,1809000,29.09,80.18,1007.78,30.78,73.11,1007.67,1,0,RULES,1,1,1,
2026-09-27 00:57:35,baseline-rules,1810000,29.08,80.05,1007.84,30.78,73.09,1007.58,1,0,RULES,1,1,1,
2026-09-27 00:57:36,baseline-rules,1811000,29.08,79.33,1007.76,30.78,73.05,1007.66,1,0,RULES,1,1,1,
2026-09-27 00:57:37,baseline-rules,1812000,29.07,79.77,1007.72,30.78,72.96,1007.69,1,0,RULES,1,1,1,
2026-09-27 00:57:38,baseline-rules,1813000,29.06,80.22,1007.76,30.78,73.03,1007.62,1,0,RULES,1,1,1,
2026-09-27 00:57:39,baseline-rules,1814000,29.06,80.47,1007.69,30.78,73.01,1007.64,1,0,RULES,1,1,1,
2026-09-27 00:57:40,baseline-rules,1815000,29.05,80.59,1007.80,30.77,73.07,1007.68,1,0,RULES,1,1,1,
2026-09-27 00:57:41,baseline-rules,1816000,29.04,81.39,1007.72,30.78,73.02,1007.69,1,0,RULES,1,1,1,
2026-09-27 00:57:42,baseline-rules,1817000,29.05,81.89,1007.82,30.78,73.16,1007.64,1,0,RULES,1,1,1,
2026-09-27 00:57:43,baseline-rules,1818000,29.03,82.07,1007.85,30.78,72.76,1007.61,1,0,RULES,1,1,1,
2026-09-27 00:57:44,baseline-rules,1819000,29.02,82.19,1007.69,30.78,72.92,1007.64,1,0,RULES,1,1,1,
2026-09-27 00:57:45,baseline-rules,1820000,29.04,83.04,1007.81,30.78,73.13,1007.64,1,0,RULES,1,1,1,
2026-09-27 00:57:46,baseline-rules,1821000,29.06,83.64,1007.73,30.78,73.28,1007.59,1,0,RULES,1,1,1,
2026-09-27 00:57:47,baseline-rules,1822000,29.07,83.56,1007.68,30.78,72.86,1007.64,1,0,RULES,1,1,1,
2026-09-27 00:57:48,baseline-rules,1823000,29.04,82.46,1007.67,30.79,73.14,1007.60,1,0,RULES,1,1,1,
2026-09-27 00:57:49,baseline-rules,1824000,29.03,82.28,1007.82,30.78,73.13,1007.67,1,0,RULES,1,1,1,
2026-09-27 00:57:50,baseline-rules,1825000,29.02,81.59,1007.81,30.79,73.04,1007.62,1,0,RULES,1,1,1,
2026-09-27 00:57:51,baseline-rules,1826000,29.01,81.92,1007.76,30.79,72.90,1007.71,1,0,RULES,1,1,1,
2026-09-27 00:57:52,baseline-rules,1827000,29.00,81.57,1007.76,30.79,72.98,1007.71,1,0,RULES,1,1,1,
2026-09-27 00:57:53,baseline-rules,1828000,29.00,81.34,1007.74,30.79,73.08,1007.68,1,0,RULES,1,1,1,
2026-09-27 00:57:54,baseline-rules,1829000,29.00,80.99,1007.79,30.79,72.94,1007.62,1,0,RULES,1,1,1,
2026-09-27 00:57:55,baseline-rules,1830000,29.00,81.50,1007.74,30.79,72.89,1007.66,1,0,RULES,1,1,1,
2026-09-27 00:57:56,baseline-rules,1831000,28.98,80.45,1007.77,30.79,72.78,1007.60,1,0,RULES,1,1,1,
2026-09-27 00:57:57,baseline-rules,1832000,28.98,80.75,1007.74,30.79,73.11,1007.65,1,0,RULES,1,1,1,
2026-09-27 00:57:58,baseline-rules,1833000,28.98,80.95,1007.79,30.79,72.89,1007.66,1,0,RULES,1,1,1,
2026-09-27 00:57:59,baseline-rules,1834000,28.97,81.12,1007.78,30.80,73.06,1007.64,1,0,RULES,1,1,1,
2026-09-27 00:58:00,baseline-rules,1835000,28.96,80.61,1007.76,30.79,72.87,1007.65,1,0,RULES,1,1,1,
2026-09-27 00:58:01,baseline-rules,1836000,28.96,80.94,1007.78,30.79,72.77,1007.66,1,0,RULES,1,1,1,
2026-09-27 00:58:02,baseline-rules,1837000,28.95,82.00,1007.80,30.79,73.16,1007.68,1,0,RULES,1,1,1,
2026-09-27 00:58:03,baseline-rules,1838000,28.93,82.06,1007.83,30.79,73.10,1007.66,1,0,RULES,1,1,1,
2026-09-27 00:58:04,baseline-rules,1839000,28.94,81.28,1007.78,30.79,73.11,1007.66,1,0,RULES,1,1,1,
2026-09-27 00:58:05,baseline-rules,1840000,28.95,82.54,1007.78,30.79,72.75,1007.66,1,0,RULES,1,1,1,
2026-09-27 00:58:06,baseline-rules,1841000,28.95,83.08,1007.80,30.80,73.04,1007.61,1,0,RULES,1,1,1,
2026-09-27 00:58:07,baseline-rules,1842000,28.97,83.78,1007.75,30.80,72.96,1007.62,1,0,RULES,1,1,1,
2026-09-27 00:58:08,baseline-rules,1843000,28.96,83.80,1007.84,30.80,72.99,1007.70,1,0,RULES,1,1,1,
2026-09-27 00:58:09,baseline-rules,1844000,28.95,83.65,1007.80,30.80,73.15,1007.64,1,0,RULES,1,1,1,
2026-09-27 00:58:10,baseline-rules,1845000,28.95,83.73,1007.80,30.81,73.08,1007.60,1,0,RULES,1,1,1,
2026-09-27 00:58:11,baseline-rules,1846000,28.95,83.55,1007.77,30.80,73.06,1007.59,1,0,RULES,1,1,1,
2026-09-27 00:58:12,baseline-rules,1847000,28.94,83.39,1007.81,30.82,73.10,1007.67,1,0,RULES,1,1,1,
2026-09-27 00:58:13,baseline-rules,1848000,28.94,82.79,1007.76,30.80,73.15,1007.67,1,0,RULES,1,1,1,
2026-09-27 00:58:14,baseline-rules,1849000,28.94,82.95,1007.78,30.80,73.10,1007.59,1,0,RULES,1,1,1,
2026-09-27 00:58:15,baseline-rules,1850000,28.95,83.31,1007.77,30.80,73.11,1007.67,1,0,RULES,1,1,1,
2026-09-27 00:58:16,baseline-rules,1851000,28.94,83.81,1007.72,30.81,73.11,1007.68,1,0,RULES,1,1,1,
2026-09-27 00:58:17,baseline-rules,1852000,28.95,84.19,1007.74,30.80,73.19,1007.62,1,0,RULES,1,1,1,
2026-09-27 00:58:18,baseline-rules,1853000,28.94,83.99,1007.78,30.81,73.13,1007.69,1,0,RULES,1,1,1,
2026-09-27 00:58:19,baseline-rules,1854000,28.93,83.02,1007.77,30.81,73.14,1007.64,1,0,RULES,1,1,1,
2026-09-27 00:58:20,baseline-rules,1855000,28.93,83.77,1007.82,30.80,73.17,1007.65,1,0,RULES,1,1,1,
2026-09-27 00:58:21,baseline-rules,1856000,28.92,83.59,1007.76,30.81,72.98,1007.66,1,0,RULES,1,1,1,
2026-09-27 00:58:22,baseline-rules,1857000,28.95,83.84,1007.82,30.81,72.75,1007.66,1,0,RULES,1,1,1,
2026-09-27 00:58:23,baseline-rules,1858000,28.94,84.25,1007.82,30.81,73.15,1007.63,1,0,RULES,1,1,1,
2026-09-27 00:58:24,baseline-rules,1859000,28.93,83.93,1007.74,30.81,73.14,1007.68,1,0,RULES,1,1,1,
2026-09-27 00:58:25,baseline-rules,1860000,28.93,83.50,1007.74,30.80,72.77,1007.61,1,0,RULES,1,1,1,
2026-09-27 00:58:26,baseline-rules,1861000,28.92,82.88,1007.83,30.80,72.89,1007.59,1,0,RULES,1,1,1,
2026-09-27 00:58:27,baseline-rules,1862000,28.90,82.41,1007.77,30.81,72.71,1007.69,1,0,RULES,1,1,1,
2026-09-27 00:58:28,baseline-rules,1863000,28.89,82.73,1007.79,30.82,72.88,1007.67,1,0,RULES,1,1,1,
2026-09-27 00:58:29,baseline-rules,1864000,28.90,83.17,1007.78,30.82,72.86,1007.67,1,0,RULES,1,1,1,
2026-09-27 00:58:30,baseline-rules,1865000,28.89,83.43,1007.76,30.81,72.74,1007.67,1,0,RULES,1,1,1,
2026-09-27 00:58:31,baseline-rules,1866000,28.89,83.97,1007.74,30.82,73.05,1007.62,1,0,RULES,1,1,1,
2026-09-27 00:58:32,baseline-rules,1867000,28.90,84.16,1007.80,30.82,72.75,1007.62,1,0,RULES,1,1,1,
2026-09-27 00:58:33,baseline-rules,1868000,28.89,84.00,1007.82,30.83,72.72,1007.66,1,0,RULES,1,1,1,
2026-09-27 00:58:34,baseline-rules,1869000,28.90,83.57,1007.74,30.82,72.87,1007.70,1,0,RULES,1,1,1,
2026-09-27 00:58:35,baseline-rules,1870000,28.90,84.14,1007.77,30.82,73.07,1007.65,1,0,RULES,1,1,1,
2026-09-27 00:58:36,baseline-rules,1871000,28.90,83.67,1007.83,30.82,72.68,1007.70,1,0,RULES,1,1,1,
2026-09-27 00:58:37,baseline-rules,1872000,28.89,83.58,1007.79,30.81,72.88,1007.69,1,0,RULES,1,1,1,
2026-09-27 00:58:38,baseline-rules,1873000,28.89,83.15,1007.78,30.82,73.07,1007.65,1,0,RULES,1,1,1,
2026-09-27 00:58:39,baseline-rules,1874000,28.89,83.53,1007.81,30.82,73.06,1007.67,1,0,RULES,1,1,1,
2026-09-27 00:58:40,baseline-rules,1875000,28.89,83.54,1007.76,30.82,72.92,1007.67,1,0,RULES,1,1,1,
2026-09-27 00:58:41,baseline-rules,1876000,28.89,83.73,1007.76,30.81,72.87,1007.63,1,0,RULES,1,1,1,
2026-09-27 00:58:42,baseline-rules,1877000,28.88,83.68,1007.75,30.81,72.69,1007.64,1,0,RULES,1,1,1,
2026-09-27 00:58:43,baseline-rules,1878000,28.88,84.15,1007.78,30.82,73.03,1007.67,1,0,RULES,1,1,1,
2026-09-27 00:58:44,baseline-rules,1879000,28.87,84.14,1007.75,30.83,73.03,1007.63,1,0,RULES,1,1,1,
2026-09-27 00:58:45,baseline-rules,1880000,28.86,83.75,1007.76,30.82,72.80,1007.65,1,0,RULES,1,1,1,
2026-09-27 00:58:46,baseline-rules,1881000,28.86,83.83,1007.76,30.81,72.80,1007.67,1,0,RULES,1,1,1,
2026-09-27 00:58:47,baseline-rules,1882000,28.84,83.83,1007.74,30.81,72.75,1007.67,1,0,RULES,1,1,1,
2026-09-27 00:58:48,baseline-rules,1883000,28.84,83.78,1007.77,30.82,72.87,1007.62,1,0,RULES,1,1,1,
2026-09-27 00:58:49,baseline-rules,1884000,28.84,84.08,1007.77,30.82,72.92,1007.65,1,0,RULES,1,1,1,
2026-09-27 00:58:50,baseline-rules,1885000,28.86,84.50,1007.76,30.81,72.91,1007.64,1,0,RULES,1,1,1,
2026-09-27 00:58:51,baseline-rules,1886000,28.86,84.86,1007.71,30.82,72.80,1007.68,1,0,RULES,1,1,1,
2026-09-27 00:58:52,baseline-rules,1887000,28.88,84.83,1007.78,30.81,72.70,1007.67,1,0,RULES,1,1,1,
2026-09-27 00:58:53,baseline-rules,1888000,28.86,84.81,1007.80,30.82,72.89,1007.73,1,0,RULES,1,1,1,
2026-09-27 00:58:54,baseline-rules,1889000,28.84,83.96,1007.79,30.82,72.63,1007.67,1,0,RULES,1,1,1,
2026-09-27 00:58:55,baseline-rules,1890000,28.85,84.42,1007.81,30.81,73.04,1007.61,1,0,RULES,1,1,1,
2026-09-27 00:58:56,baseline-rules,1891000,28.85,84.69,1007.75,30.83,73.06,1007.69,1,0,RULES,1,1,1,
2026-09-27 00:58:57,baseline-rules,1892000,28.85,84.98,1007.78,30.83,72.73,1007.66,1,0,RULES,1,1,1,
2026-09-27 00:58:58,baseline-rules,1893000,28.85,84.72,1007.77,30.82,73.03,1007.65,1,0,RULES,1,1,1,
2026-09-27 00:58:59,baseline-rules,1894000,28.84,84.61,1007.79,30.83,72.68,1007.66,1,0,RULES,1,1,1,
2026-09-27 00:59:00,baseline-rules,1895000,28.83,84.25,1007.77,30.83,73.11,1007.66,1,0,RULES,1,1,1,
2026-09-27 00:59:01,baseline-rules,1896000,28.82,83.58,1007.81,30.82,72.80,1007.62,1,0,RULES,1,1,1,
2026-09-27 00:59:02,baseline-rules,1897000,28.82,83.45,1007.81,30.82,72.73,1007.67,1,0,RULES,1,1,1,
2026-09-27 00:59:03,baseline-rules,1898000,28.81,83.27,1007.75,30.82,73.15,1007.59,1,0,RULES,1,1,1,
2026-09-27 00:59:04,baseline-rules,1899000,28.81,84.17,1007.75,30.81,72.63,1007.67,1,0,RULES,1,1,1,
2026-09-27 00:59:05,baseline-rules,1900000,28.80,83.87,1007.75,30.82,73.04,1007.70,1,0,RULES,1,1,1,
2026-09-27 00:59:06,baseline-rules,1901000,28.79,84.04,1007.76,30.81,72.81,1007.60,1,0,RULES,1,1,1,
2026-09-27 00:59:07,baseline-rules,1902000,28.80,83.93,1007.72,30.81,72.83,1007.58,1,0,RULES,1,1,1,
2026-09-27 00:59:08,baseline-rules,1903000,28.79,83.79,1007.76,30.81,73.04,1007.69,1,0,RULES,1,1,1,
2026-09-27 00:59:09,baseline-rules,1904000,28.78,83.40,1007.78,30.81,73.02,1007.63,1,0,RULES,1,1,1,
2026-09-27 00:59:10,baseline-rules,1905000,28.78,83.16,1007.75,30.81,73.06,1007.66,1,0,RULES,1,1,1,
2026-09-27 00:59:11,baseline-rules,1906000,28.78,84.05,1007.75,30.81,73.06,1007.68,1,0,RULES,1,1,1,
2026-09-27 00:59:12,baseline-rules,1907000,28.78,83.80,1007.80,30.81,73.06,1007.64,1,0,RULES,1,1,1,
2026-09-27 00:59:13,baseline-rules,1908000,28.79,83.97,1007.73,30.81,72.81,1007.63,1,0,RULES,1,1,1,
2026-09-27 00:59:14,baseline-rules,1909000,28.79,83.77,1007.76,30.81,72.70,1007.67,1,0,RULES,1,1,1,
2026-09-27 00:59:15,baseline-rules,1910000,28.79,84.34,1007.74,30.82,73.07,1007.62,1,0,RULES,1,1,1,
2026-09-27 00:59:16,baseline-rules,1911000,28.80,84.21,1007.75,30.81,73.02,1007.63,1,0,RULES,1,1,1,
2026-09-27 00:59:17,baseline-rules,1912000,28.80,84.46,1007.73,30.80,72.80,1007.64,1,0,RULES,1,1,1,
2026-09-27 00:59:18,baseline-rules,1913000,28.80,84.44,1007.73,30.80,72.88,1007.68,1,0,RULES,1,1,1,
2026-09-27 00:59:19,baseline-rules,1914000,28.81,84.57,1007.77,30.80,73.01,1007.65,1,0,RULES,1,1,1,
2026-09-27 00:59:20,baseline-rules,1915000,28.82,84.61,1007.73,30.80,72.73,1007.57,1,0,RULES,1,1,1,
2026-09-27 00:59:21,baseline-rules,1916000,28.81,84.57,1007.77,30.81,72.64,1007.63,1,0,RULES,1,1,1,
2026-09-27 00:59:22,baseline-rules,1917000,28.82,85.05,1007.75,30.81,72.58,1007.66,1,0,RULES,1,1,1,
2026-09-27 00:59:23,baseline-rules,1918000,28.81,84.28,1007.77,30.81,72.70,1007.58,1,0,RULES,1,1,1,
2026-09-27 00:59:24,baseline-rules,1919000,28.82,84.04,1007.78,30.81,72.78,1007.63,1,0,RULES,1,1,1,
2026-09-27 00:59:25,baseline-rules,1920000,28.81,84.22,1007.79,30.80,72.60,1007.62,1,0,RULES,1,1,1,
2026-09-27 00:59:26,baseline-rules,1921000,28.79,84.62,1007.77,30.80,72.67,1007.62,1,0,RULES,1,1,1,
2026-09-27 00:59:27,baseline-rules,1922000,28.78,84.32,1007.80,30.81,72.73,1007.63,1,0,RULES,1,1,1,
2026-09-27 00:59:28,baseline-rules,1923000,28.77,84.32,1007.74,30.81,72.78,1007.58,1,0,RULES,1,1,1,
2026-09-27 00:59:29,baseline-rules,1924000,28.77,84.25,1007.85,30.81,72.73,1007.63,1,0,RULES,1,1,1,
2026-09-27 00:59:30,baseline-rules,1925000,28.75,84.38,1007.71,30.80,73.10,1007.67,1,0,RULES,1,1,1,
2026-09-27 00:59:31,baseline-rules,1926000,28.75,84.55,1007.74,30.81,72.66,1007.63,1,0,RULES,1,1,1,
2026-09-27 00:59:32,baseline-rules,1927000,28.74,84.40,1007.70,30.81,72.88,1007.63,1,0,RULES,1,1,1,
2026-09-27 00:59:33,baseline-rules,1928000,28.73,83.78,1007.71,30.81,72.88,1007.63,1,0,RULES,1,1,1,
2026-09-27 00:59:34,baseline-rules,1929000,28.74,83.99,1007.75,30.81,72.80,1007.60,1,0,RULES,1,1,1,
2026-09-27 00:59:35,baseline-rules,1930000,28.73,83.98,1007.76,30.80,72.58,1007.64,1,0,RULES,1,1,1,
2026-09-27 00:59:36,baseline-rules,1931000,28.73,84.02,1007.76,30.81,72.81,1007.63,1,0,RULES,1,1,1,
2026-09-27 00:59:37,baseline-rules,1932000,28.73,84.75,1007.73,30.80,73.07,1007.68,1,0,RULES,1,1,1,
2026-09-27 00:59:38,baseline-rules,1933000,28.71,84.10,1007.73,30.80,72.89,1007.61,1,0,RULES,1,1,1,
2026-09-27 00:59:39,baseline-rules,1934000,28.71,83.77,1007.75,30.80,72.90,1007.61,1,0,RULES,1,1,1,
2026-09-27 00:59:40,baseline-rules,1935000,28.70,84.02,1007.71,30.80,72.90,1007.64,1,0,RULES,1,1,1,
2026-09-27 00:59:41,baseline-rules,1936000,28.68,83.72,1007.77,30.80,73.02,1007.67,1,0,RULES,1,1,1,
2026-09-27 00:59:42,baseline-rules,1937000,28.67,83.34,1007.75,30.80,72.98,1007.59,1,0,RULES,1,1,1,
2026-09-27 00:59:43,baseline-rules,1938000,28.67,83.41,1007.72,30.80,72.91,1007.61,1,0,RULES,1,1,1,
2026-09-27 00:59:44,baseline-rules,1939000,28.67,83.89,1007.69,30.79,72.98,1007.61,1,0,RULES,1,1,1,
2026-09-27 00:59:45,baseline-rules,1940000,28.67,84.10,1007.72,30.80,73.10,1007.62,1,0,RULES,1,1,1,
2026-09-27 00:59:46,baseline-rules,1941000,28.68,84.77,1007.68,30.80,73.07,1007.68,1,0,RULES,1,1,1,
2026-09-27 00:59:47,baseline-rules,1942000,28.70,84.97,1007.71,30.80,73.06,1007.65,1,0,RULES,1,1,1,
2026-09-27 00:59:48,baseline-rules,1943000,28.68,84.20,1007.80,30.81,73.12,1007.63,1,0,RULES,1,1,1,
2026-09-27 00:59:49,baseline-rules,1944000,28.72,84.62,1007.77,30.81,73.09,1007.63,1,0,RULES,1,1,1,
2026-09-27 00:59:50,baseline-rules,1945000,28.72,85.43,1007.78,30.80,72.85,1007.70,1,0,RULES,1,1,1,
2026-09-27 00:59:51,baseline-rules,1946000,28.73,85.38,1007.71,30.81,72.94,1007.63,1,0,RULES,1,1,1,
2026-09-27 00:59:52,baseline-rules,1947000,28.74,85.19,1007.78,30.80,73.14,1007.57,1,0,RULES,1,1,1,
2026-09-27 00:59:53,baseline-rules,1948000,28.75,85.11,1007.70,30.80,73.01,1007.59,1,0,RULES,1,1,1,
2026-09-27 00:59:54,baseline-rules,1949000,28.76,85.39,1007.75,30.81,73.06,1007.61,1,0,RULES,1,1,1,
2026-09-27 00:59:55,baseline-rules,1950000,28.81,85.56,1007.75,30.80,73.08,1007.61,1,0,RULES,1,1,1,
2026-09-27 00:59:56,baseline-rules,1951000,28.82,85.87,1007.78,30.81,73.07,1007.60,1,0,RULES,1,1,1,
2026-09-27 00:59:57,baseline-rules,1952000,28.81,85.28,1007.74,30.80,73.06,1007.61,1,0,RULES,1,1,1,
2026-09-27 00:59:58,baseline-rules,1953000,28.83,85.74,1007.78,30.81,73.07,1007.63,1,0,RULES,1,1,1,
2026-09-27 00:59:59,baseline-rules,1954000,28.84,85.91,1007.79,30.80,73.09,1007.70,1,0,RULES,1,1,1,
2026-09-27 01:00:00,baseline-rules,1955000,28.82,85.54,1007.78,30.81,72.99,1007.60,1,0,RULES,1,1,1,
2026-09-27 01:00:01,baseline-rules,1956000,28.83,85.22,1007.83,30.79,72.89,1007.61,1,0,RULES,1,1,1,
2026-09-27 01:00:02,baseline-rules,1957000,28.82,85.17,1007.75,30.81,72.85,1007.57,1,0,RULES,1,1,1,
2026-09-27 01:00:03,baseline-rules,1958000,28.80,85.40,1007.84,30.81,72.81,1007.57,1,0,RULES,1,1,1,
2026-09-27 01:00:04,baseline-rules,1959000,28.79,85.27,1007.77,30.80,73.00,1007.61,1,0,RULES,1,1,1,
2026-09-27 01:00:05,baseline-rules,1960000,28.78,84.83,1007.77,30.81,72.55,1007.63,1,0,RULES,1,1,1,
2026-09-27 01:00:06,baseline-rules,1961000,28.77,84.32,1007.71,30.81,72.83,1007.66,1,0,RULES,1,1,1,
2026-09-27 01:00:07,baseline-rules,1962000,28.74,84.16,1007.70,30.80,72.69,1007.68,1,0,RULES,1,1,1,
2026-09-27 01:00:08,baseline-rules,1963000,28.73,84.29,1007.71,30.80,72.69,1007.62,1,0,RULES,1,1,1,
2026-09-27 01:00:09,baseline-rules,1964000,28.72,84.22,1007.75,30.81,72.72,1007.66,1,0,RULES,1,1,1,
2026-09-27 01:00:10,baseline-rules,1965000,28.71,83.59,1007.70,30.80,72.96,1007.62,1,0,RULES,1,1,1,
2026-09-27 01:00:11,baseline-rules,1966000,28.70,83.85,1007.65,30.82,73.03,1007.65,1,0,RULES,1,1,1,
2026-09-27 01:00:12,baseline-rules,1967000,28.67,83.14,1007.72,30.81,72.65,1007.60,1,0,RULES,1,1,1,
2026-09-27 01:00:13,baseline-rules,1968000,28.66,83.35,1007.73,30.81,72.62,1007.63,1,0,RULES,1,1,1,
2026-09-27 01:00:14,baseline-rules,1969000,28.65,82.97,1007.74,30.80,72.81,1007.57,1,0,RULES,1,1,1,
2026-09-27 01:00:15,baseline-rules,1970000,28.65,83.60,1007.77,30.80,73.03,1007.61,1,0,RULES,1,1,1,
2026-09-27 01:00:16,baseline-rules,1971000,28.65,83.65,1007.74,30.81,72.97,1007.63,1,0,RULES,1,1,1,
2026-09-27 01:00:17,baseline-rules,1972000,28.64,83.78,1007.75,30.80,72.97,1007.59,1,0,RULES,1,1,1,
2026-09-27 01:00:18,baseline-rules,1973000,28.62,83.53,1007.80,30.80,72.57,1007.65,1,0,RULES,1,1,1,
2026-09-27 01:00:19,baseline-rules,1974000,28.62,83.46,1007.77,30.80,72.96,1007.59,1,0,RULES,1,1,1,
2026-09-27 01:00:20,baseline-rules,1975000,28.62,82.79,1007.67,30.80,72.63,1007.59,1,0,RULES,1,1,1,
2026-09-27 01:00:21,baseline-rules,1976000,28.61,83.08,1007.73,30.79,73.03,1007.62,1,0,RULES,1,1,1,
2026-09-27 01:00:22,baseline-rules,1977000,28.60,83.51,1007.75,30.80,72.85,1007.59,1,0,RULES,1,1,1,
2026-09-27 01:00:23,baseline-rules,,,,,,,,,,,,,,mist A=0 B=0 (burst cap)
2026-09-27 01:00:23,baseline-rules,1978000,28.61,83.89,1007.81,30.81,72.64,1007.63,0,0,RULES,1,1,1,
2026-09-27 01:00:24,baseline-rules,1979000,28.60,84.11,1007.69,30.81,73.00,1007.63,0,0,RULES,1,1,1,
2026-09-27 01:00:25,baseline-rules,1980000,28.60,84.03,1007.77,30.80,72.91,1007.64,0,0,RULES,1,1,1,
2026-09-27 01:00:26,baseline-rules,1981000,28.60,83.71,1007.81,30.81,72.89,1007.57,0,0,RULES,1,1,1,
2026-09-27 01:00:27,baseline-rules,1982000,28.60,83.35,1007.72,30.80,72.67,1007.62,0,0,RULES,1,1,1,
2026-09-27 01:00:28,baseline-rules,1983000,28.61,83.39,1007.77,30.79,72.67,1007.61,0,0,RULES,1,1,1,
2026-09-27 01:00:29,baseline-rules,1984000,28.62,83.77,1007.75,30.81,72.63,1007.63,0,0,RULES,1,1,1,
2026-09-27 01:00:30,baseline-rules,1985000,28.62,84.13,1007.78,30.80,73.03,1007.62,0,0,RULES,1,1,1,
2026-09-27 01:00:31,baseline-rules,1986000,28.62,83.76,1007.73,30.80,73.00,1007.59,0,0,RULES,1,1,1,
2026-09-27 01:00:32,baseline-rules,1987000,28.64,82.98,1007.81,30.81,72.71,1007.68,0,0,RULES,1,1,1,
2026-09-27 01:00:33,baseline-rules,1988000,28.64,83.69,1007.70,30.80,72.82,1007.62,0,0,RULES,1,1,1,
2026-09-27 01:00:34,baseline-rules,1989000,28.63,83.22,1007.71,30.81,73.02,1007.60,0,0,RULES,1,1,1,
2026-09-27 01:00:35,baseline-rules,1990000,28.62,83.08,1007.78,30.81,72.75,1007.63,0,0,RULES,1,1,1,
2026-09-27 01:00:36,baseline-rules,1991000,28.62,82.36,1007.72,30.79,72.70,1007.61,0,0,RULES,1,1,1,
2026-09-27 01:00:37,baseline-rules,1992000,28.62,82.48,1007.73,30.80,72.76,1007.65,0,0,RULES,1,1,1,
2026-09-27 01:00:38,baseline-rules,1993000,28.61,83.24,1007.76,30.80,72.87,1007.62,0,0,RULES,1,1,1,
2026-09-27 01:00:39,baseline-rules,1994000,28.61,82.68,1007.70,30.81,73.08,1007.57,0,0,RULES,1,1,1,
2026-09-27 01:00:40,baseline-rules,1995000,28.63,82.17,1007.76,30.80,72.80,1007.61,0,0,RULES,1,1,1,
2026-09-27 01:00:41,baseline-rules,1996000,28.63,81.74,1007.71,30.80,72.68,1007.61,0,0,RULES,1,1,1,
2026-09-27 01:00:42,baseline-rules,1997000,28.65,81.99,1007.77,30.80,72.59,1007.59,0,0,RULES,1,1,1,
2026-09-27 01:00:43,baseline-rules,1998000,28.64,81.90,1007.76,30.79,72.96,1007.65,0,0,RULES,1,1,1,
2026-09-27 01:00:44,baseline-rules,1999000,28.66,81.40,1007.76,30.80,72.81,1007.56,0,0,RULES,1,1,1,
2026-09-27 01:00:45,baseline-rules,2000000,28.67,81.05,1007.75,30.79,72.69,1007.57,0,0,RULES,1,1,1,
2026-09-27 01:00:46,baseline-rules,2001000,28.67,81.45,1007.66,30.79,73.00,1007.60,0,0,RULES,1,1,1,
2026-09-27 01:00:47,baseline-rules,2002000,28.67,82.00,1007.72,30.80,72.70,1007.59,0,0,RULES,1,1,1,
2026-09-27 01:00:48,baseline-rules,2003000,28.65,81.71,1007.72,30.79,73.22,1007.62,0,0,RULES,1,1,1,
2026-09-27 01:00:49,baseline-rules,2004000,28.66,81.10,1007.70,30.79,72.81,1007.61,0,0,RULES,1,1,1,
2026-09-27 01:00:50,baseline-rules,2005000,28.67,80.73,1007.78,30.79,72.82,1007.65,0,0,RULES,1,1,1,
2026-09-27 01:00:51,baseline-rules,2006000,28.67,80.77,1007.69,30.79,73.10,1007.63,0,0,RULES,1,1,1,
2026-09-27 01:00:52,baseline-rules,2007000,28.65,80.76,1007.69,30.79,73.18,1007.62,0,0,RULES,1,1,1,
2026-09-27 01:00:53,baseline-rules,2008000,28.65,81.43,1007.75,30.80,72.65,1007.56,0,0,RULES,1,1,1,
2026-09-27 01:00:54,baseline-rules,2009000,28.66,80.96,1007.65,30.79,72.97,1007.61,0,0,RULES,1,1,1,
2026-09-27 01:00:55,baseline-rules,2010000,28.66,81.36,1007.68,30.80,72.91,1007.67,0,0,RULES,1,1,1,
2026-09-27 01:00:56,baseline-rules,2011000,28.66,81.33,1007.70,30.80,73.15,1007.62,0,0,RULES,1,1,1,
2026-09-27 01:00:57,baseline-rules,2012000,28.67,81.28,1007.72,30.80,73.17,1007.62,0,0,RULES,1,1,1,
2026-09-27 01:00:58,baseline-rules,2013000,28.68,81.46,1007.71,30.80,73.13,1007.64,0,0,RULES,1,1,1,
2026-09-27 01:00:59,baseline-rules,2014000,28.67,80.93,1007.70,30.80,73.07,1007.59,0,0,RULES,1,1,1,
2026-09-27 01:01:00,baseline-rules,2015000,28.68,80.95,1007.68,30.80,73.09,1007.67,0,0,RULES,1,1,1,
2026-09-27 01:01:01,baseline-rules,2016000,28.69,80.58,1007.72,30.80,73.08,1007.61,0,0,RULES,1,1,1,
2026-09-27 01:01:02,baseline-rules,2017000,28.70,81.04,1007.72,30.80,73.11,1007.67,0,0,RULES,1,1,1,
2026-09-27 01:01:03,baseline-rules,2018000,28.70,80.88,1007.66,30.80,73.01,1007.62,0,0,RULES,1,1,1,
2026-09-27 01:01:04,baseline-rules,2019000,28.71,80.59,1007.70,30.80,73.17,1007.67,0,0,RULES,1,1,1,
2026-09-27 01:01:05,baseline-rules,2020000,28.72,81.16,1007.74,30.80,73.11,1007.61,0,0,RULES,1,1,1,
2026-09-27 01:01:06,baseline-rules,2021000,28.72,81.41,1007.69,30.80,72.62,1007.61,0,0,RULES,1,1,1,
2026-09-27 01:01:07,baseline-rules,2022000,28.72,81.27,1007.71,30.80,72.99,1007.67,0,0,RULES,1,1,1,
2026-09-27 01:01:08,baseline-rules,2023000,28.74,80.51,1007.72,30.80,73.11,1007.61,0,0,RULES,1,1,1,
2026-09-27 01:01:09,baseline-rules,2024000,28.75,80.31,1007.70,30.80,73.03,1007.62,0,0,RULES,1,1,1,
2026-09-27 01:01:10,baseline-rules,2025000,28.76,80.11,1007.75,30.79,72.88,1007.65,0,0,RULES,1,1,1,
2026-09-27 01:01:11,baseline-rules,2026000,28.78,79.98,1007.69,30.79,72.84,1007.60,0,0,RULES,1,1,1,
2026-09-27 01:01:12,baseline-rules,2027000,28.79,80.21,1007.74,30.78,72.82,1007.64,0,0,RULES,1,1,1,
2026-09-27 01:01:13,baseline-rules,2028000,28.79,80.66,1007.73,30.79,72.81,1007.65,0,0,RULES,1,1,1,
2026-09-27 01:01:14,baseline-rules,2029000,28.78,80.37,1007.75,30.78,72.90,1007.53,0,0,RULES,1,1,1,
2026-09-27 01:01:15,baseline-rules,2030000,28.78,80.62,1007.70,30.79,73.10,1007.60,0,0,RULES,1,1,1,
2026-09-27 01:01:16,baseline-rules,2031000,28.80,79.67,1007.73,30.78,72.95,1007.61,0,0,RULES,1,1,1,
2026-09-27 01:01:17,baseline-rules,2032000,28.80,80.07,1007.70,30.78,73.08,1007.59,0,0,RULES,1,1,1,
2026-09-27 01:01:18,baseline-rules,2033000,28.82,80.10,1007.70,30.78,73.12,1007.59,0,0,RULES,1,1,1,
2026-09-27 01:01:19,baseline-rules,2034000,28.82,80.51,1007.73,30.79,73.17,1007.62,0,0,RULES,1,1,1,
2026-09-27 01:01:20,baseline-rules,2035000,28.83,79.99,1007.69,30.78,72.86,1007.51,0,0,RULES,1,1,1,
2026-09-27 01:01:21,baseline-rules,2036000,28.82,79.46,1007.70,30.78,72.81,1007.62,0,0,RULES,1,1,1,
2026-09-27 01:01:22,baseline-rules,2037000,28.83,80.01,1007.78,30.79,73.03,1007.63,0,0,RULES,1,1,1,
2026-09-27 01:01:23,baseline-rules,2038000,28.84,80.00,1007.76,30.80,73.24,1007.61,0,0,RULES,1,1,1,
2026-09-27 01:01:24,baseline-rules,2039000,28.84,79.91,1007.71,30.80,72.88,1007.67,0,0,RULES,1,1,1,
2026-09-27 01:01:25,baseline-rules,2040000,28.85,80.16,1007.72,30.79,72.91,1007.62,0,0,RULES,1,1,1,
2026-09-27 01:01:26,baseline-rules,2041000,28.86,80.24,1007.71,30.79,73.01,1007.66,0,0,RULES,1,1,1,
2026-09-27 01:01:27,baseline-rules,2042000,28.85,81.17,1007.73,30.79,72.81,1007.61,0,0,RULES,1,1,1,
2026-09-27 01:01:28,baseline-rules,2043000,28.85,81.00,1007.75,30.80,72.97,1007.62,0,0,RULES,1,1,1,
2026-09-27 01:01:29,baseline-rules,2044000,28.85,80.91,1007.73,30.80,73.15,1007.59,0,0,RULES,1,1,1,
2026-09-27 01:01:30,baseline-rules,2045000,28.86,80.28,1007.71,30.79,73.15,1007.61,0,0,RULES,1,1,1,
2026-09-27 01:01:31,baseline-rules,2046000,28.86,80.71,1007.74,30.79,73.17,1007.55,0,0,RULES,1,1,1,
2026-09-27 01:01:32,baseline-rules,2047000,28.87,80.76,1007.73,30.81,73.21,1007.63,0,0,RULES,1,1,1,
2026-09-27 01:01:33,baseline-rules,2048000,28.88,81.23,1007.72,30.80,73.20,1007.62,0,0,RULES,1,1,1,
2026-09-27 01:01:34,baseline-rules,2049000,28.88,80.52,1007.66,30.80,73.19,1007.61,0,0,RULES,1,1,1,
2026-09-27 01:01:35,baseline-rules,2050000,28.89,80.61,1007.71,30.80,73.18,1007.61,0,0,RULES,1,1,1,
2026-09-27 01:01:36,baseline-rules,2051000,28.90,81.14,1007.75,30.81,72.73,1007.63,0,0,RULES,1,1,1,
2026-09-27 01:01:37,baseline-rules,2052000,28.90,80.84,1007.74,30.80,73.16,1007.62,0,0,RULES,1,1,1,
2026-09-27 01:01:38,baseline-rules,2053000,28.90,80.57,1007.72,30.80,73.03,1007.59,0,0,RULES,1,1,1,
2026-09-27 01:01:39,baseline-rules,2054000,28.90,80.34,1007.72,30.80,73.21,1007.61,0,0,RULES,1,1,1,
2026-09-27 01:01:40,baseline-rules,2055000,28.91,79.96,1007.68,30.81,72.93,1007.63,0,0,RULES,1,1,1,
2026-09-27 01:01:41,baseline-rules,2056000,28.92,79.78,1007.78,30.80,72.82,1007.61,0,0,RULES,1,1,1,
2026-09-27 01:01:42,baseline-rules,2057000,28.92,79.74,1007.64,30.81,72.90,1007.63,0,0,RULES,1,1,1,
2026-09-27 01:01:43,baseline-rules,2058000,28.93,79.67,1007.72,30.80,73.20,1007.62,0,0,RULES,1,1,1,
2026-09-27 01:01:44,baseline-rules,2059000,28.94,80.10,1007.72,30.80,73.18,1007.57,0,0,RULES,1,1,1,
2026-09-27 01:01:45,baseline-rules,2060000,28.93,80.56,1007.69,30.80,73.16,1007.57,0,0,RULES,1,1,1,
2026-09-27 01:01:46,baseline-rules,2061000,28.94,80.08,1007.70,30.81,73.18,1007.63,0,0,RULES,1,1,1,
2026-09-27 01:01:47,baseline-rules,2062000,28.95,80.17,1007.71,30.80,73.20,1007.59,0,0,RULES,1,1,1,
2026-09-27 01:01:48,baseline-rules,2063000,28.97,79.83,1007.77,30.81,73.15,1007.68,0,0,RULES,1,1,1,
2026-09-27 01:01:49,baseline-rules,2064000,28.96,80.53,1007.71,30.81,72.93,1007.58,0,0,RULES,1,1,1,
2026-09-27 01:01:50,baseline-rules,2065000,28.96,79.96,1007.74,30.80,73.11,1007.59,0,0,RULES,1,1,1,
2026-09-27 01:01:51,baseline-rules,2066000,28.96,79.99,1007.74,30.81,73.16,1007.57,0,0,RULES,1,1,1,
2026-09-27 01:01:52,baseline-rules,2067000,28.98,80.41,1007.70,30.80,72.98,1007.59,0,0,RULES,1,1,1,
2026-09-27 01:01:53,baseline-rules,2068000,28.97,80.61,1007.78,30.80,73.06,1007.65,0,0,RULES,1,1,1,
2026-09-27 01:01:54,baseline-rules,2069000,28.98,80.40,1007.76,30.81,72.93,1007.61,0,0,RULES,1,1,1,
2026-09-27 01:01:55,baseline-rules,2070000,28.98,80.08,1007.73,30.81,72.98,1007.57,0,0,RULES,1,1,1,
2026-09-27 01:01:56,baseline-rules,2071000,28.98,80.06,1007.71,30.80,73.03,1007.57,0,0,RULES,1,1,1,
2026-09-27 01:01:57,baseline-rules,2072000,28.98,80.62,1007.68,30.81,72.87,1007.63,0,0,RULES,1,1,1,
2026-09-27 01:01:58,baseline-rules,2073000,29.00,79.85,1007.71,30.81,73.09,1007.63,0,0,RULES,1,1,1,
2026-09-27 01:01:59,baseline-rules,2074000,29.01,79.93,1007.73,30.81,72.80,1007.68,0,0,RULES,1,1,1,
2026-09-27 01:02:00,baseline-rules,2075000,29.01,80.09,1007.68,30.81,72.72,1007.60,0,0,RULES,1,1,1,
2026-09-27 01:02:01,baseline-rules,2076000,29.01,80.57,1007.59,30.80,72.65,1007.59,0,0,RULES,1,1,1,
2026-09-27 01:02:02,baseline-rules,2077000,29.02,80.27,1007.64,30.80,73.08,1007.59,0,0,RULES,1,1,1,
2026-09-27 01:02:03,baseline-rules,2078000,29.03,80.63,1007.71,30.81,72.89,1007.60,0,0,RULES,1,1,1,
2026-09-27 01:02:04,baseline-rules,2079000,29.04,79.85,1007.66,30.81,73.10,1007.63,0,0,RULES,1,1,1,
2026-09-27 01:02:05,baseline-rules,2080000,29.06,79.83,1007.70,30.81,72.79,1007.63,0,0,RULES,1,1,1,
2026-09-27 01:02:06,baseline-rules,2081000,29.05,80.28,1007.66,30.80,73.07,1007.70,0,0,RULES,1,1,1,
2026-09-27 01:02:07,baseline-rules,2082000,29.06,80.29,1007.69,30.81,73.01,1007.57,0,0,RULES,1,1,1,
2026-09-27 01:02:08,baseline-rules,2083000,29.06,79.87,1007.67,30.80,73.15,1007.61,0,0,RULES,1,1,1,
2026-09-27 01:02:09,baseline-rules,2084000,29.08,80.11,1007.70,30.79,72.79,1007.63,0,0,RULES,1,1,1,
2026-09-27 01:02:10,baseline-rules,2085000,29.08,79.42,1007.68,30.80,73.01,1007.59,0,0,RULES,1,1,1,
2026-09-27 01:02:11,baseline-rules,2086000,29.08,79.20,1007.65,30.80,72.90,1007.62,0,0,RULES,1,1,1,
2026-09-27 01:02:12,baseline-rules,2087000,29.09,79.43,1007.69,30.80,73.05,1007.59,0,0,RULES,1,1,1,
2026-09-27 01:02:13,baseline-rules,2088000,29.09,79.85,1007.69,30.80,73.00,1007.59,0,0,RULES,1,1,1,
2026-09-27 01:02:14,baseline-rules,2089000,29.09,79.84,1007.69,30.80,73.04,1007.61,0,0,RULES,1,1,1,
2026-09-27 01:02:15,baseline-rules,2090000,29.09,79.70,1007.69,30.80,73.19,1007.61,0,0,RULES,1,1,1,
2026-09-27 01:02:16,baseline-rules,2091000,29.13,80.20,1007.71,30.80,72.92,1007.59,0,0,RULES,1,1,1,
2026-09-27 01:02:17,baseline-rules,2092000,29.12,80.18,1007.68,30.80,73.04,1007.61,0,0,RULES,1,1,1,
2026-09-27 01:02:18,baseline-rules,2093000,29.13,80.42,1007.63,30.80,73.11,1007.57,0,0,RULES,1,1,1,
2026-09-27 01:02:19,baseline-rules,2094000,29.12,79.71,1007.65,30.80,73.08,1007.68,0,0,RULES,1,1,1,
2026-09-27 01:02:20,baseline-rules,2095000,29.13,79.15,1007.72,30.80,73.19,1007.62,0,0,RULES,1,1,1,
2026-09-27 01:02:21,baseline-rules,2096000,29.14,79.94,1007.70,30.81,72.92,1007.66,0,0,RULES,1,1,1,
2026-09-27 01:02:22,baseline-rules,2097000,29.15,79.54,1007.63,30.80,72.85,1007.56,0,0,RULES,1,1,1,
2026-09-27 01:02:23,baseline-rules,2098000,29.15,79.01,1007.67,30.79,72.97,1007.61,0,0,RULES,1,1,1,
2026-09-27 01:02:24,baseline-rules,2099000,29.15,79.09,1007.70,30.80,72.82,1007.61,0,0,RULES,1,1,1,
2026-09-27 01:02:25,baseline-rules,2100000,29.16,79.37,1007.66,30.80,72.80,1007.57,0,0,RULES,1,1,1,
2026-09-27 01:02:26,baseline-rules,2101000,29.17,79.50,1007.67,30.80,72.89,1007.62,0,0,RULES,1,1,1,
2026-09-27 01:02:27,baseline-rules,2102000,29.16,79.36,1007.60,30.80,73.07,1007.64,0,0,RULES,1,1,1,
2026-09-27 01:02:28,baseline-rules,2103000,29.18,79.55,1007.69,30.79,73.21,1007.61,0,0,RULES,1,1,1,
2026-09-27 01:02:29,baseline-rules,2104000,29.18,79.34,1007.69,30.80,73.06,1007.57,0,0,RULES,1,1,1,
2026-09-27 01:02:30,baseline-rules,2105000,29.19,79.31,1007.67,30.80,73.08,1007.61,0,0,RULES,1,1,1,
2026-09-27 01:02:31,baseline-rules,2106000,29.19,79.91,1007.70,30.80,72.79,1007.65,0,0,RULES,1,1,1,
2026-09-27 01:02:32,baseline-rules,2107000,29.20,79.03,1007.69,30.81,73.05,1007.57,0,0,RULES,1,1,1,
2026-09-27 01:02:33,baseline-rules,2108000,29.21,79.26,1007.70,30.81,73.03,1007.57,0,0,RULES,1,1,1,
2026-09-27 01:02:34,baseline-rules,2109000,29.21,79.22,1007.73,30.80,72.90,1007.57,0,0,RULES,1,1,1,
2026-09-27 01:02:35,baseline-rules,2110000,29.22,78.95,1007.69,30.80,73.05,1007.59,0,0,RULES,1,1,1,
2026-09-27 01:02:36,baseline-rules,2111000,29.23,78.78,1007.74,30.80,72.99,1007.56,0,0,RULES,1,1,1,
2026-09-27 01:02:37,baseline-rules,2112000,29.23,78.90,1007.74,30.80,73.05,1007.62,0,0,RULES,1,1,1,
2026-09-27 01:02:38,baseline-rules,2113000,29.23,78.96,1007.69,30.80,72.98,1007.56,0,0,RULES,1,1,1,
2026-09-27 01:02:39,baseline-rules,2114000,29.24,78.96,1007.68,30.81,72.82,1007.57,0,0,RULES,1,1,1,
2026-09-27 01:02:40,baseline-rules,2115000,29.24,79.02,1007.70,30.80,73.12,1007.67,0,0,RULES,1,1,1,
2026-09-27 01:02:41,baseline-rules,2116000,29.25,78.58,1007.74,30.80,72.98,1007.62,0,0,RULES,1,1,1,
2026-09-27 01:02:42,baseline-rules,2117000,29.26,78.52,1007.68,30.80,73.12,1007.61,0,0,RULES,1,1,1,
2026-09-27 01:02:43,baseline-rules,2118000,29.26,78.35,1007.73,30.80,73.18,1007.65,0,0,RULES,1,1,1,
2026-09-27 01:02:44,baseline-rules,2119000,29.27,78.69,1007.74,30.79,73.10,1007.55,0,0,RULES,1,1,1,
2026-09-27 01:02:45,baseline-rules,2120000,29.27,78.85,1007.75,30.81,73.24,1007.68,0,0,RULES,1,1,1,
2026-09-27 01:02:46,baseline-rules,2121000,29.28,78.56,1007.65,30.81,73.23,1007.61,0,0,RULES,1,1,1,
2026-09-27 01:02:47,baseline-rules,2122000,29.27,78.43,1007.72,30.81,73.16,1007.60,0,0,RULES,1,1,1,
2026-09-27 01:02:48,baseline-rules,2123000,29.29,78.37,1007.69,30.81,73.12,1007.60,0,0,RULES,1,1,1,
2026-09-27 01:02:49,baseline-rules,2124000,29.28,78.75,1007.68,30.81,73.02,1007.57,0,0,RULES,1,1,1,
2026-09-27 01:02:50,baseline-rules,2125000,29.28,78.96,1007.68,30.81,73.00,1007.71,0,0,RULES,1,1,1,
2026-09-27 01:02:51,baseline-rules,2126000,29.30,79.23,1007.65,30.81,72.98,1007.63,0,0,RULES,1,1,1,
2026-09-27 01:02:52,baseline-rules,2127000,29.30,78.87,1007.66,30.81,72.71,1007.57,0,0,RULES,1,1,1,
2026-09-27 01:02:53,baseline-rules,2128000,29.31,78.63,1007.67,30.81,72.73,1007.57,0,0,RULES,1,1,1,
2026-09-27 01:02:54,baseline-rules,2129000,29.32,78.62,1007.60,30.82,72.98,1007.65,0,0,RULES,1,1,1,
2026-09-27 01:02:55,baseline-rules,2130000,29.33,78.21,1007.70,30.81,73.14,1007.60,0,0,RULES,1,1,1,
2026-09-27 01:02:56,baseline-rules,2131000,29.32,78.80,1007.64,30.80,73.15,1007.56,0,0,RULES,1,1,1,
2026-09-27 01:02:57,baseline-rules,2132000,29.33,78.66,1007.67,30.82,72.88,1007.62,0,0,RULES,1,1,1,
2026-09-27 01:02:58,baseline-rules,2133000,29.34,78.28,1007.72,30.81,73.06,1007.60,0,0,RULES,1,1,1,
2026-09-27 01:02:59,baseline-rules,2134000,29.35,78.79,1007.71,30.81,73.05,1007.60,0,0,RULES,1,1,1,
2026-09-27 01:03:00,baseline-rules,2135000,29.36,79.39,1007.69,30.81,73.02,1007.63,0,0,RULES,1,1,1,
2026-09-27 01:03:01,baseline-rules,2136000,29.36,78.50,1007.64,30.80,72.97,1007.65,0,0,RULES,1,1,1,
2026-09-27 01:03:02,baseline-rules,2137000,29.37,78.72,1007.68,30.80,73.01,1007.62,0,0,RULES,1,1,1,
2026-09-27 01:03:03,baseline-rules,2138000,29.38,78.94,1007.70,30.81,72.90,1007.55,0,0,RULES,1,1,1,
2026-09-27 01:03:04,baseline-rules,2139000,29.38,78.97,1007.65,30.80,72.92,1007.57,0,0,RULES,1,1,1,
2026-09-27 01:03:05,baseline-rules,2140000,29.39,79.18,1007.74,30.80,72.90,1007.59,0,0,RULES,1,1,1,
2026-09-27 01:03:06,baseline-rules,2141000,29.38,79.07,1007.71,30.80,72.99,1007.62,0,0,RULES,1,1,1,
2026-09-27 01:03:07,baseline-rules,2142000,29.39,78.15,1007.69,30.80,72.83,1007.57,0,0,RULES,1,1,1,
2026-09-27 01:03:08,baseline-rules,2143000,29.40,78.69,1007.68,30.80,72.90,1007.61,0,0,RULES,1,1,1,
2026-09-27 01:03:09,baseline-rules,2144000,29.41,78.77,1007.69,30.80,72.85,1007.57,0,0,RULES,1,1,1,
2026-09-27 01:03:10,baseline-rules,2145000,29.40,78.71,1007.66,30.80,72.95,1007.59,0,0,RULES,1,1,1,
2026-09-27 01:03:11,baseline-rules,2146000,29.42,78.83,1007.63,30.80,72.65,1007.61,0,0,RULES,1,1,1,
2026-09-27 01:03:12,baseline-rules,2147000,29.42,78.18,1007.69,30.79,73.04,1007.61,0,0,RULES,1,1,1,
2026-09-27 01:03:13,baseline-rules,2148000,29.44,78.65,1007.78,30.80,72.94,1007.59,0,0,RULES,1,1,1,
2026-09-27 01:03:14,baseline-rules,2149000,29.44,78.80,1007.68,30.80,73.00,1007.59,0,0,RULES,1,1,1,
2026-09-27 01:03:15,baseline-rules,2150000,29.45,78.66,1007.70,30.80,72.92,1007.53,0,0,RULES,1,1,1,
2026-09-27 01:03:16,baseline-rules,2151000,29.46,78.65,1007.72,30.80,72.75,1007.64,0,0,RULES,1,1,1,
2026-09-27 01:03:17,baseline-rules,2152000,29.46,79.06,1007.72,30.80,73.06,1007.61,0,0,RULES,1,1,1,
2026-09-27 01:03:18,baseline-rules,2153000,29.46,78.34,1007.67,30.80,73.09,1007.59,0,0,RULES,1,1,1,
2026-09-27 01:03:19,baseline-rules,2154000,29.48,78.07,1007.69,30.80,73.00,1007.59,0,0,RULES,1,1,1,
2026-09-27 01:03:20,baseline-rules,2155000,29.48,78.19,1007.70,30.79,72.93,1007.58,0,0,RULES,1,1,1,
2026-09-27 01:03:21,baseline-rules,2156000,29.48,78.28,1007.69,30.79,72.82,1007.62,0,0,RULES,1,1,1,
2026-09-27 01:03:22,baseline-rules,2157000,29.48,78.76,1007.64,30.80,72.80,1007.62,0,0,RULES,1,1,1,
2026-09-27 01:03:23,baseline-rules,2158000,29.50,78.81,1007.67,30.80,72.98,1007.61,0,0,RULES,1,1,1,
2026-09-27 01:03:24,baseline-rules,2159000,29.50,78.83,1007.67,30.80,73.01,1007.62,0,0,RULES,1,1,1,
2026-09-27 01:03:25,baseline-rules,2160000,29.51,79.12,1007.73,30.80,72.84,1007.57,0,0,RULES,1,1,1,
2026-09-27 01:03:26,baseline-rules,2161000,29.51,78.86,1007.76,30.80,72.98,1007.56,0,0,RULES,1,1,1,
2026-09-27 01:03:27,baseline-rules,2162000,29.51,79.11,1007.68,30.80,72.98,1007.62,0,0,RULES,1,1,1,
2026-09-27 01:03:28,baseline-rules,2163000,29.52,78.62,1007.72,30.80,72.81,1007.68,0,0,RULES,1,1,1,
2026-09-27 01:03:29,baseline-rules,2164000,29.53,78.79,1007.65,30.79,72.95,1007.55,0,0,RULES,1,1,1,
2026-09-27 01:03:30,baseline-rules,2165000,29.54,78.31,1007.68,30.80,72.94,1007.61,0,0,RULES,1,1,1,
2026-09-27 01:03:31,baseline-rules,2166000,29.55,77.78,1007.71,30.80,72.95,1007.59,0,0,RULES,1,1,1,
2026-09-27 01:03:32,baseline-rules,2167000,29.55,78.24,1007.71,30.81,72.63,1007.57,0,0,RULES,1,1,1,
2026-09-27 01:03:33,baseline-rules,2168000,29.55,78.29,1007.66,30.81,72.66,1007.63,0,0,RULES,1,1,1,
2026-09-27 01:03:34,baseline-rules,2169000,29.55,77.83,1007.69,30.80,72.76,1007.56,0,0,RULES,1,1,1,
2026-09-27 01:03:35,baseline-rules,2170000,29.56,78.64,1007.71,30.81,72.80,1007.63,0,0,RULES,1,1,1,
2026-09-27 01:03:36,baseline-rules,2171000,29.56,79.07,1007.68,30.81,73.00,1007.63,0,0,RULES,1,1,1,
2026-09-27 01:03:37,baseline-rules,2172000,29.57,78.22,1007.61,30.81,72.98,1007.63,0,0,RULES,1,1,1,
2026-09-27 01:03:38,baseline-rules,2173000,29.58,77.51,1007.68,30.80,72.87,1007.57,0,0,RULES,1,1,1,
2026-09-27 01:03:39,baseline-rules,2174000,29.59,77.32,1007.67,30.81,72.67,1007.57,0,0,RULES,1,1,1,
2026-09-27 01:03:40,baseline-rules,2175000,29.59,77.83,1007.76,30.81,72.93,1007.58,0,0,RULES,1,1,1,
2026-09-27 01:03:41,baseline-rules,2176000,29.60,77.69,1007.69,30.80,72.88,1007.62,0,0,RULES,1,1,1,
2026-09-27 01:03:42,baseline-rules,2177000,29.60,77.57,1007.72,30.80,72.83,1007.54,0,0,RULES,1,1,1,
2026-09-27 01:03:43,baseline-rules,2178000,29.62,77.66,1007.64,30.81,73.00,1007.63,0,0,RULES,1,1,1,
2026-09-27 01:03:44,baseline-rules,2179000,29.62,77.57,1007.67,30.81,72.99,1007.64,0,0,RULES,1,1,1,
2026-09-27 01:03:45,baseline-rules,2180000,29.63,77.87,1007.71,30.81,72.69,1007.52,0,0,RULES,1,1,1,
2026-09-27 01:03:46,baseline-rules,2181000,29.63,77.11,1007.71,30.81,73.02,1007.55,0,0,RULES,1,1,1,
2026-09-27 01:03:47,baseline-rules,2182000,29.64,77.82,1007.70,30.80,73.00,1007.61,0,0,RULES,1,1,1,
2026-09-27 01:03:48,baseline-rules,2183000,29.64,77.32,1007.66,30.81,72.62,1007.64,0,0,RULES,1,1,1,
2026-09-27 01:03:49,baseline-rules,2184000,29.65,77.68,1007.69,30.80,73.01,1007.56,0,0,RULES,1,1,1,
2026-09-27 01:03:50,baseline-rules,2185000,29.66,78.33,1007.72,30.80,72.80,1007.59,0,0,RULES,1,1,1,
2026-09-27 01:03:51,baseline-rules,2186000,29.65,78.69,1007.69,30.81,72.99,1007.58,0,0,RULES,1,1,1,
2026-09-27 01:03:52,baseline-rules,2187000,29.66,78.26,1007.67,30.81,72.71,1007.61,0,0,RULES,1,1,1,
2026-09-27 01:03:53,baseline-rules,2188000,29.66,77.46,1007.73,30.81,72.70,1007.60,0,0,RULES,1,1,1,
2026-09-27 01:03:54,baseline-rules,2189000,29.67,77.63,1007.65,30.81,72.99,1007.57,0,0,RULES,1,1,1,
2026-09-27 01:03:55,baseline-rules,2190000,29.67,77.71,1007.66,30.81,72.76,1007.60,0,0,RULES,1,1,1,
2026-09-27 01:03:56,baseline-rules,2191000,29.68,77.20,1007.59,30.81,72.73,1007.55,0,0,RULES,1,1,1,
2026-09-27 01:03:57,baseline-rules,2192000,29.68,77.02,1007.62,30.80,72.56,1007.59,0,0,RULES,1,1,1,
2026-09-27 01:03:58,baseline-rules,2193000,29.69,77.34,1007.67,30.81,72.67,1007.63,0,0,RULES,1,1,1,
2026-09-27 01:03:59,baseline-rules,2194000,29.69,77.16,1007.67,30.81,72.64,1007.60,0,0,RULES,1,1,1,
2026-09-27 01:04:00,baseline-rules,2195000,29.70,77.00,1007.65,30.80,72.72,1007.57,0,0,RULES,1,1,1,
2026-09-27 01:04:01,baseline-rules,2196000,29.71,76.91,1007.67,30.81,72.53,1007.66,0,0,RULES,1,1,1,
2026-09-27 01:04:02,baseline-rules,2197000,29.71,76.91,1007.67,30.81,72.83,1007.63,0,0,RULES,1,1,1,
2026-09-27 01:04:03,baseline-rules,2198000,29.73,77.16,1007.70,30.81,72.93,1007.57,0,0,RULES,1,1,1,
2026-09-27 01:04:04,baseline-rules,2199000,29.73,76.69,1007.70,30.80,72.92,1007.56,0,0,RULES,1,1,1,
2026-09-27 01:04:05,baseline-rules,2200000,29.73,77.52,1007.59,30.80,72.93,1007.56,0,0,RULES,1,1,1,
2026-09-27 01:04:06,baseline-rules,2201000,29.73,77.04,1007.53,30.80,72.90,1007.61,0,0,RULES,1,1,1,
2026-09-27 01:04:07,baseline-rules,2202000,29.74,76.64,1007.66,30.81,72.90,1007.63,0,0,RULES,1,1,1,
2026-09-27 01:04:08,baseline-rules,2203000,29.75,77.45,1007.67,30.81,72.89,1007.57,0,0,RULES,1,1,1,
2026-09-27 01:04:09,baseline-rules,2204000,29.76,76.94,1007.55,30.81,72.91,1007.63,0,0,RULES,1,1,1,
2026-09-27 01:04:10,baseline-rules,2205000,29.76,76.59,1007.72,30.81,72.92,1007.60,0,0,RULES,1,1,1,
2026-09-27 01:04:11,baseline-rules,2206000,29.77,77.15,1007.66,30.80,72.85,1007.59,0,0,RULES,1,1,1,
2026-09-27 01:04:12,baseline-rules,2207000,29.77,77.07,1007.60,30.80,72.62,1007.62,0,0,RULES,1,1,1,
2026-09-27 01:04:13,baseline-rules,2208000,29.77,76.91,1007.70,30.80,72.76,1007.59,0,0,RULES,1,1,1,
2026-09-27 01:04:14,baseline-rules,2209000,29.77,77.85,1007.57,30.81,72.67,1007.63,0,0,RULES,1,1,1,
2026-09-27 01:04:15,baseline-rules,2210000,29.77,77.18,1007.63,30.81,72.74,1007.57,0,0,RULES,1,1,1,
2026-09-27 01:04:16,baseline-rules,2211000,29.79,77.33,1007.66,30.80,72.73,1007.57,0,0,RULES,1,1,1,
2026-09-27 01:04:17,baseline-rules,2212000,29.79,76.98,1007.60,30.81,72.83,1007.57,0,0,RULES,1,1,1,
2026-09-27 01:04:18,baseline-rules,2213000,29.79,76.89,1007.66,30.80,72.73,1007.59,0,0,RULES,1,1,1,
2026-09-27 01:04:19,baseline-rules,2214000,29.79,76.81,1007.66,30.80,72.93,1007.62,0,0,RULES,1,1,1,
2026-09-27 01:04:20,baseline-rules,2215000,29.80,76.91,1007.58,30.81,72.94,1007.63,0,0,RULES,1,1,1,
2026-09-27 01:04:21,baseline-rules,2216000,29.81,76.61,1007.63,30.81,73.03,1007.61,0,0,RULES,1,1,1,
2026-09-27 01:04:22,baseline-rules,2217000,29.81,77.41,1007.64,30.80,72.65,1007.57,0,0,RULES,1,1,1,
2026-09-27 01:04:23,baseline-rules,2218000,29.81,77.23,1007.64,30.82,72.91,1007.62,0,0,RULES,1,1,1,
2026-09-27 01:04:24,baseline-rules,2219000,29.82,77.27,1007.62,30.81,72.97,1007.64,0,0,RULES,1,1,1,
2026-09-27 01:04:25,baseline-rules,2220000,29.83,76.64,1007.64,30.81,72.97,1007.55,0,0,RULES,1,1,1,
2026-09-27 01:04:26,baseline-rules,2221000,29.83,77.07,1007.58,30.81,72.86,1007.61,0,0,RULES,1,1,1,
2026-09-27 01:04:27,baseline-rules,2222000,29.83,77.30,1007.58,30.82,72.97,1007.59,0,0,RULES,1,1,1,
2026-09-27 01:04:28,baseline-rules,2223000,29.84,77.10,1007.63,30.82,72.68,1007.59,0,0,RULES,1,1,1,
2026-09-27 01:04:29,baseline-rules,2224000,29.85,76.80,1007.66,30.81,72.91,1007.57,0,0,RULES,1,1,1,
2026-09-27 01:04:30,baseline-rules,2225000,29.86,76.81,1007.68,30.81,72.91,1007.60,0,0,RULES,1,1,1,
2026-09-27 01:04:31,baseline-rules,2226000,29.86,77.32,1007.65,30.82,72.47,1007.59,0,0,RULES,1,1,1,
2026-09-27 01:04:32,baseline-rules,2227000,29.87,78.43,1007.63,30.81,72.55,1007.58,0,0,RULES,1,1,1,
2026-09-27 01:04:33,baseline-rules,2228000,29.86,77.99,1007.62,30.82,72.52,1007.65,0,0,RULES,1,1,1,
2026-09-27 01:04:34,baseline-rules,2229000,29.87,77.31,1007.56,30.83,72.51,1007.61,0,0,RULES,1,1,1,
2026-09-27 01:04:35,baseline-rules,2230000,29.87,77.17,1007.61,30.83,72.68,1007.58,0,0,RULES,1,1,1,
2026-09-27 01:04:36,baseline-rules,2231000,29.88,76.88,1007.71,30.82,72.55,1007.56,0,0,RULES,1,1,1,
2026-09-27 01:04:37,baseline-rules,2232000,29.88,76.84,1007.62,30.82,72.98,1007.56,0,0,RULES,1,1,1,
2026-09-27 01:04:38,baseline-rules,2233000,29.88,77.34,1007.66,30.81,72.71,1007.61,0,0,RULES,1,1,1,
2026-09-27 01:04:39,baseline-rules,2234000,29.90,77.76,1007.66,30.82,72.90,1007.51,0,0,RULES,1,1,1,
2026-09-27 01:04:40,baseline-rules,2235000,29.89,77.29,1007.65,30.83,72.67,1007.58,0,0,RULES,1,1,1,
2026-09-27 01:04:41,baseline-rules,2236000,29.90,77.28,1007.63,30.83,72.97,1007.61,0,0,RULES,1,1,1,
2026-09-27 01:04:42,baseline-rules,2237000,29.90,77.36,1007.63,30.83,72.86,1007.61,0,0,RULES,1,1,1,
2026-09-27 01:04:43,baseline-rules,2238000,29.90,77.38,1007.68,30.82,72.98,1007.67,0,0,RULES,1,1,1,
2026-09-27 01:04:44,baseline-rules,2239000,29.91,78.01,1007.65,30.83,72.93,1007.58,0,0,RULES,1,1,1,
2026-09-27 01:04:45,baseline-rules,2240000,29.91,77.84,1007.65,30.83,72.95,1007.58,0,0,RULES,1,1,1,
2026-09-27 01:04:46,baseline-rules,2241000,29.91,76.89,1007.64,30.83,72.90,1007.61,0,0,RULES,1,1,1,
2026-09-27 01:04:47,baseline-rules,2242000,29.92,77.17,1007.69,30.82,72.62,1007.53,0,0,RULES,1,1,1,
2026-09-27 01:04:48,baseline-rules,2243000,29.92,76.91,1007.64,30.83,72.92,1007.58,0,0,RULES,1,1,1,
2026-09-27 01:04:49,baseline-rules,2244000,29.92,76.45,1007.67,30.82,72.92,1007.59,0,0,RULES,1,1,1,
2026-09-27 01:04:50,baseline-rules,2245000,29.92,76.43,1007.69,30.82,72.79,1007.53,0,0,RULES,1,1,1,
2026-09-27 01:04:51,baseline-rules,2246000,29.93,76.59,1007.62,30.83,72.92,1007.59,0,0,RULES,1,1,1,
2026-09-27 01:04:52,baseline-rules,2247000,29.93,76.34,1007.65,30.81,72.96,1007.58,0,0,RULES,1,1,1,
2026-09-27 01:04:53,baseline-rules,2248000,29.93,76.76,1007.63,30.82,73.03,1007.59,0,0,RULES,1,1,1,
2026-09-27 01:04:54,baseline-rules,2249000,29.94,76.85,1007.63,30.84,72.92,1007.62,0,0,RULES,1,1,1,
2026-09-27 01:04:55,baseline-rules,2250000,29.94,77.17,1007.66,30.83,72.58,1007.61,0,0,RULES,1,1,1,
2026-09-27 01:04:56,baseline-rules,2251000,29.94,77.57,1007.63,30.83,72.54,1007.56,0,0,RULES,1,1,1,
2026-09-27 01:04:57,baseline-rules,2252000,29.94,77.87,1007.61,30.83,72.92,1007.61,0,0,RULES,1,1,1,
2026-09-27 01:04:58,baseline-rules,2253000,29.96,78.14,1007.64,30.83,72.80,1007.58,0,0,RULES,1,1,1,
2026-09-27 01:04:59,baseline-rules,2254000,29.95,76.63,1007.60,30.82,72.92,1007.59,0,0,RULES,1,1,1,
2026-09-27 01:05:00,baseline-rules,2255000,29.95,76.88,1007.60,30.82,72.73,1007.56,0,0,RULES,1,1,1,
2026-09-27 01:05:01,baseline-rules,2256000,29.97,76.67,1007.68,30.83,72.71,1007.61,0,0,RULES,1,1,1,
2026-09-27 01:05:02,baseline-rules,2257000,29.96,77.02,1007.62,30.83,72.94,1007.58,0,0,RULES,1,1,1,
2026-09-27 01:05:03,baseline-rules,2258000,29.95,76.93,1007.60,30.81,72.92,1007.61,0,0,RULES,1,1,1,
2026-09-27 01:05:04,baseline-rules,2259000,29.97,77.08,1007.68,30.82,72.70,1007.59,0,0,RULES,1,1,1,
2026-09-27 01:05:05,baseline-rules,2260000,29.97,77.03,1007.60,30.81,72.50,1007.53,0,0,RULES,1,1,1,
2026-09-27 01:05:06,baseline-rules,2261000,29.97,77.26,1007.65,30.82,72.47,1007.62,0,0,RULES,1,1,1,
2026-09-27 01:05:07,baseline-rules,2262000,29.97,77.20,1007.58,30.82,72.50,1007.53,0,0,RULES,1,1,1,
2026-09-27 01:05:08,baseline-rules,2263000,29.97,76.92,1007.65,30.82,72.45,1007.59,0,0,RULES,1,1,1,
2026-09-27 01:05:09,baseline-rules,2264000,29.98,76.94,1007.65,30.81,72.68,1007.61,0,0,RULES,1,1,1,
2026-09-27 01:05:10,baseline-rules,2265000,29.97,76.22,1007.58,30.81,72.66,1007.60,0,0,RULES,1,1,1,
2026-09-27 01:05:11,baseline-rules,2266000,29.97,76.79,1007.61,30.82,72.36,1007.56,0,0,RULES,1,1,1,
2026-09-27 01:05:12,baseline-rules,2267000,29.98,76.87,1007.62,30.81,72.52,1007.57,0,0,RULES,1,1,1,
2026-09-27 01:05:13,baseline-rules,2268000,29.98,76.59,1007.64,30.81,72.51,1007.58,0,0,RULES,1,1,1,
2026-09-27 01:05:14,baseline-rules,2269000,29.99,76.76,1007.60,30.81,72.60,1007.55,0,0,RULES,1,1,1,
2026-09-27 01:05:15,baseline-rules,2270000,29.99,76.80,1007.66,30.80,72.72,1007.57,0,0,RULES,1,1,1,
2026-09-27 01:05:16,baseline-rules,2271000,29.99,76.48,1007.63,30.82,72.62,1007.59,0,0,RULES,1,1,1,
2026-09-27 01:05:17,baseline-rules,2272000,29.99,76.06,1007.63,30.81,72.81,1007.63,0,0,RULES,1,1,1,
2026-09-27 01:05:18,baseline-rules,2273000,29.99,76.26,1007.57,30.81,72.48,1007.61,0,0,RULES,1,1,1,
2026-09-27 01:05:19,baseline-rules,2274000,30.00,76.78,1007.68,30.80,72.78,1007.59,0,0,RULES,1,1,1,
2026-09-27 01:05:20,baseline-rules,2275000,30.01,76.97,1007.69,30.81,72.71,1007.58,0,0,RULES,1,1,1,
2026-09-27 01:05:21,baseline-rules,2276000,30.01,76.98,1007.63,30.81,72.91,1007.55,0,0,RULES,1,1,1,
2026-09-27 01:05:22,baseline-rules,2277000,30.00,76.71,1007.62,30.81,72.86,1007.53,0,0,RULES,1,1,1,
2026-09-27 01:05:23,baseline-rules,2278000,30.01,76.51,1007.63,30.81,72.53,1007.63,0,0,RULES,1,1,1,
2026-09-27 01:05:24,baseline-rules,2279000,30.01,77.30,1007.67,30.80,72.92,1007.48,0,0,RULES,1,1,1,
2026-09-27 01:05:25,baseline-rules,2280000,30.01,77.08,1007.67,30.83,73.05,1007.63,0,0,RULES,1,1,1,
2026-09-27 01:05:26,baseline-rules,2281000,30.01,76.76,1007.64,30.82,72.97,1007.56,0,0,RULES,1,1,1,
2026-09-27 01:05:27,baseline-rules,2282000,30.02,76.74,1007.57,30.81,72.97,1007.55,0,0,RULES,1,1,1,
2026-09-27 01:05:28,baseline-rules,2283000,30.01,76.86,1007.64,30.82,72.97,1007.56,0,0,RULES,1,1,1,
2026-09-27 01:05:29,baseline-rules,2284000,30.01,76.65,1007.61,30.82,72.97,1007.59,0,0,RULES,1,1,1,
2026-09-27 01:05:30,baseline-rules,2285000,30.02,76.70,1007.63,30.82,72.91,1007.65,0,0,RULES,1,1,1,
2026-09-27 01:05:31,baseline-rules,2286000,30.03,76.71,1007.64,30.81,73.07,1007.53,0,0,RULES,1,1,1,
2026-09-27 01:05:32,baseline-rules,2287000,30.02,76.88,1007.62,30.82,73.00,1007.59,0,0,RULES,1,1,1,
2026-09-27 01:05:33,baseline-rules,2288000,30.03,76.44,1007.55,30.82,72.79,1007.62,0,0,RULES,1,1,1,
2026-09-27 01:05:34,baseline-rules,2289000,30.03,75.95,1007.64,30.81,72.96,1007.61,0,0,RULES,1,1,1,
2026-09-27 01:05:35,baseline-rules,2290000,30.04,76.40,1007.68,30.83,72.95,1007.58,0,0,RULES,1,1,1,
2026-09-27 01:05:36,baseline-rules,2291000,30.04,76.35,1007.66,30.82,73.00,1007.53,0,0,RULES,1,1,1,
2026-09-27 01:05:37,baseline-rules,2292000,30.04,76.06,1007.60,30.81,72.98,1007.58,0,0,RULES,1,1,1,
2026-09-27 01:05:38,baseline-rules,2293000,30.04,75.89,1007.61,30.82,72.89,1007.51,0,0,RULES,1,1,1,
2026-09-27 01:05:39,baseline-rules,2294000,30.05,76.35,1007.62,30.82,72.96,1007.59,0,0,RULES,1,1,1,
2026-09-27 01:05:40,baseline-rules,2295000,30.03,76.47,1007.62,30.82,72.98,1007.56,0,0,RULES,1,1,1,
2026-09-27 01:05:41,baseline-rules,2296000,30.05,76.66,1007.62,30.82,73.03,1007.59,0,0,RULES,1,1,1,
2026-09-27 01:05:42,baseline-rules,2297000,30.05,76.96,1007.60,30.83,73.07,1007.55,0,0,RULES,1,1,1,
2026-09-27 01:05:43,baseline-rules,2298000,30.05,76.23,1007.65,30.83,73.00,1007.56,0,0,RULES,1,1,1,
2026-09-27 01:05:44,baseline-rules,2299000,30.05,76.81,1007.62,30.84,73.04,1007.62,0,0,RULES,1,1,1,
2026-09-27 01:05:45,baseline-rules,2300000,30.05,76.96,1007.62,30.82,73.08,1007.54,0,0,RULES,1,1,1,
2026-09-27 01:05:46,baseline-rules,2301000,30.06,77.49,1007.60,30.84,72.97,1007.59,0,0,RULES,1,1,1,
2026-09-27 01:05:47,baseline-rules,2302000,30.06,77.17,1007.66,30.83,73.02,1007.64,0,0,RULES,1,1,1,
2026-09-27 01:05:48,baseline-rules,2303000,30.07,76.51,1007.60,30.82,72.87,1007.59,0,0,RULES,1,1,1,
2026-09-27 01:05:49,baseline-rules,2304000,30.07,76.15,1007.68,30.83,72.99,1007.58,0,0,RULES,1,1,1,
2026-09-27 01:05:50,baseline-rules,2305000,30.08,76.04,1007.69,30.83,72.99,1007.58,0,0,RULES,1,1,1,
2026-09-27 01:05:51,baseline-rules,2306000,30.07,75.82,1007.63,30.83,72.95,1007.58,0,0,RULES,1,1,1,
2026-09-27 01:05:52,baseline-rules,2307000,30.08,75.72,1007.64,30.81,72.60,1007.55,0,0,RULES,1,1,1,
2026-09-27 01:05:53,baseline-rules,2308000,30.09,75.75,1007.65,30.83,72.79,1007.53,0,0,RULES,1,1,1,
2026-09-27 01:05:54,baseline-rules,2309000,30.09,75.63,1007.68,30.82,72.70,1007.53,0,0,RULES,1,1,1,
2026-09-27 01:05:55,baseline-rules,2310000,30.09,75.98,1007.65,30.83,72.98,1007.61,0,0,RULES,1,1,1,
2026-09-27 01:05:56,baseline-rules,2311000,30.08,76.54,1007.62,30.83,72.60,1007.58,0,0,RULES,1,1,1,
2026-09-27 01:05:57,baseline-rules,2312000,30.09,76.96,1007.60,30.83,72.80,1007.55,0,0,RULES,1,1,1,
2026-09-27 01:05:58,baseline-rules,2313000,30.09,77.28,1007.66,30.84,72.52,1007.62,0,0,RULES,1,1,1,
2026-09-27 01:05:59,baseline-rules,2314000,30.09,76.74,1007.62,30.83,72.96,1007.56,0,0,RULES,1,1,1,
2026-09-27 01:06:00,baseline-rules,2315000,30.09,76.34,1007.62,30.82,72.70,1007.59,0,0,RULES,1,1,1,
2026-09-27 01:06:01,baseline-rules,2316000,30.09,76.55,1007.60,30.82,72.89,1007.56,0,0,RULES,1,1,1,
2026-09-27 01:06:02,baseline-rules,2317000,30.11,77.02,1007.63,30.82,72.90,1007.59,0,0,RULES,1,1,1,
2026-09-27 01:06:03,baseline-rules,2318000,30.10,76.50,1007.67,30.82,72.93,1007.53,0,0,RULES,1,1,1,
2026-09-27 01:06:04,baseline-rules,2319000,30.10,76.13,1007.61,30.81,72.72,1007.63,0,0,RULES,1,1,1,
2026-09-27 01:06:05,baseline-rules,2320000,30.09,76.12,1007.60,30.82,72.90,1007.59,0,0,RULES,1,1,1,
2026-09-27 01:06:06,baseline-rules,2321000,30.11,76.14,1007.68,30.81,72.95,1007.58,0,0,RULES,1,1,1,
2026-09-27 01:06:07,baseline-rules,2322000,30.11,76.59,1007.63,30.81,72.81,1007.57,0,0,RULES,1,1,1,
2026-09-27 01:06:08,baseline-rules,2323000,30.09,75.85,1007.63,30.80,72.56,1007.57,0,0,RULES,1,1,1,
2026-09-27 01:06:09,baseline-rules,2324000,30.11,76.26,1007.61,30.81,72.64,1007.58,0,0,RULES,1,1,1,
2026-09-27 01:06:10,baseline-rules,2325000,30.10,75.67,1007.62,30.80,72.70,1007.59,0,0,RULES,1,1,1,
2026-09-27 01:06:11,baseline-rules,2326000,30.12,75.52,1007.64,30.80,72.62,1007.62,0,0,RULES,1,1,1,
2026-09-27 01:06:12,baseline-rules,2327000,30.10,76.08,1007.67,30.81,72.52,1007.60,0,0,RULES,1,1,1,
2026-09-27 01:06:13,baseline-rules,2328000,30.11,76.23,1007.63,30.81,72.65,1007.55,0,0,RULES,1,1,1,
2026-09-27 01:06:14,baseline-rules,2329000,30.11,75.91,1007.63,30.81,72.66,1007.60,0,0,RULES,1,1,1,
2026-09-27 01:06:15,baseline-rules,2330000,30.11,75.85,1007.64,30.80,72.84,1007.48,0,0,RULES,1,1,1,
2026-09-27 01:06:16,baseline-rules,2331000,30.11,76.12,1007.66,30.79,72.89,1007.58,0,0,RULES,1,1,1,
2026-09-27 01:06:17,baseline-rules,2332000,30.12,76.18,1007.67,30.79,72.70,1007.61,0,0,RULES,1,1,1,
2026-09-27 01:06:18,baseline-rules,2333000,30.12,75.44,1007.65,30.80,72.65,1007.56,0,0,RULES,1,1,1,
2026-09-27 01:06:19,baseline-rules,2334000,30.12,75.27,1007.67,30.79,72.81,1007.54,0,0,RULES,1,1,1,
2026-09-27 01:06:20,baseline-rules,2335000,30.13,75.85,1007.66,30.80,72.75,1007.59,0,0,RULES,1,1,1,
2026-09-27 01:06:21,baseline-rules,2336000,30.13,75.43,1007.63,30.79,73.00,1007.66,0,0,RULES,1,1,1,
2026-09-27 01:06:22,baseline-rules,2337000,30.13,75.66,1007.66,30.80,73.03,1007.53,0,0,RULES,1,1,1,
2026-09-27 01:06:23,baseline-rules,2338000,30.13,75.51,1007.70,30.80,73.00,1007.61,0,0,RULES,1,1,1,
2026-09-27 01:06:24,baseline-rules,2339000,30.13,75.43,1007.72,30.80,72.57,1007.61,0,0,RULES,1,1,1,
2026-09-27 01:06:25,baseline-rules,2340000,30.13,75.27,1007.67,30.81,72.96,1007.60,0,0,RULES,1,1,1,
2026-09-27 01:06:26,baseline-rules,2341000,30.13,75.71,1007.66,30.80,72.89,1007.56,0,0,RULES,1,1,1,
2026-09-27 01:06:27,baseline-rules,2342000,30.13,76.56,1007.64,30.80,72.80,1007.56,0,0,RULES,1,1,1,
2026-09-27 01:06:28,baseline-rules,2343000,30.13,76.61,1007.66,30.81,73.01,1007.57,0,0,RULES,1,1,1,
2026-09-27 01:06:29,baseline-rules,2344000,30.13,76.71,1007.64,30.81,73.07,1007.63,0,0,RULES,1,1,1,
2026-09-27 01:06:30,baseline-rules,2345000,30.13,76.25,1007.67,30.80,72.94,1007.57,0,0,RULES,1,1,1,
2026-09-27 01:06:31,baseline-rules,2346000,30.14,75.99,1007.71,30.81,73.01,1007.57,0,0,RULES,1,1,1,
2026-09-27 01:06:32,baseline-rules,2347000,30.15,76.36,1007.66,30.81,72.94,1007.57,0,0,RULES,1,1,1,
2026-09-27 01:06:33,baseline-rules,2348000,30.15,76.43,1007.66,30.81,73.03,1007.61,0,0,RULES,1,1,1,
2026-09-27 01:06:34,baseline-rules,2349000,30.15,76.60,1007.64,30.81,72.88,1007.57,0,0,RULES,1,1,1,
2026-09-27 01:06:35,baseline-rules,2350000,30.15,76.01,1007.64,30.81,73.06,1007.53,0,0,RULES,1,1,1,
2026-09-27 01:06:36,baseline-rules,2351000,30.15,76.85,1007.61,30.81,73.08,1007.57,0,0,RULES,1,1,1,
2026-09-27 01:06:37,baseline-rules,2352000,30.15,76.50,1007.67,30.82,73.07,1007.56,0,0,RULES,1,1,1,
2026-09-27 01:06:38,baseline-rules,2353000,30.15,76.13,1007.69,30.81,72.97,1007.55,0,0,RULES,1,1,1,
2026-09-27 01:06:39,baseline-rules,2354000,30.16,76.20,1007.66,30.82,73.01,1007.53,0,0,RULES,1,1,1,
2026-09-27 01:06:40,baseline-rules,2355000,30.15,76.05,1007.70,30.81,73.00,1007.52,0,0,RULES,1,1,1,
2026-09-27 01:06:41,baseline-rules,2356000,30.15,76.61,1007.67,30.81,73.04,1007.55,0,0,RULES,1,1,1,
2026-09-27 01:06:42,baseline-rules,2357000,30.15,75.94,1007.67,30.81,72.98,1007.53,0,0,RULES,1,1,1,
2026-09-27 01:06:43,baseline-rules,2358000,30.16,76.26,1007.71,30.83,72.99,1007.58,0,0,RULES,1,1,1,
2026-09-27 01:06:44,baseline-rules,2359000,30.16,76.50,1007.60,30.81,72.97,1007.63,0,0,RULES,1,1,1,
2026-09-27 01:06:45,baseline-rules,2360000,30.15,76.26,1007.64,30.82,72.97,1007.54,0,0,RULES,1,1,1,
2026-09-27 01:06:46,baseline-rules,2361000,30.16,75.98,1007.63,30.82,72.98,1007.65,0,0,RULES,1,1,1,
2026-09-27 01:06:47,baseline-rules,2362000,30.18,76.84,1007.66,30.82,73.03,1007.53,0,0,RULES,1,1,1,
2026-09-27 01:06:48,baseline-rules,2363000,30.16,76.63,1007.63,30.83,73.02,1007.59,0,0,RULES,1,1,1,
2026-09-27 01:06:49,baseline-rules,2364000,30.17,77.28,1007.65,30.82,72.70,1007.59,0,0,RULES,1,1,1,
2026-09-27 01:06:50,baseline-rules,2365000,30.18,77.15,1007.63,30.82,72.98,1007.59,0,0,RULES,1,1,1,
2026-09-27 01:06:51,baseline-rules,2366000,30.18,76.93,1007.66,30.83,73.10,1007.56,0,0,RULES,1,1,1,
2026-09-27 01:06:52,baseline-rules,2367000,30.18,77.02,1007.69,30.83,73.03,1007.59,0,0,RULES,1,1,1,
2026-09-27 01:06:53,baseline-rules,2368000,30.18,76.88,1007.66,30.83,73.03,1007.50,0,0,RULES,1,1,1,
2026-09-27 01:06:54,baseline-rules,2369000,30.18,76.21,1007.63,30.83,72.93,1007.56,0,0,RULES,1,1,1,
2026-09-27 01:06:55,baseline-rules,2370000,30.17,76.13,1007.62,30.83,72.96,1007.63,0,0,RULES,1,1,1,
2026-09-27 01:06:56,baseline-rules,2371000,30.18,75.92,1007.66,30.83,73.02,1007.55,0,0,RULES,1,1,1,
2026-09-27 01:06:57,baseline-rules,2372000,30.18,75.91,1007.63,30.83,73.10,1007.61,0,0,RULES,1,1,1,
2026-09-27 01:06:58,baseline-rules,2373000,30.18,76.01,1007.57,30.83,72.98,1007.55,0,0,RULES,1,1,1,
2026-09-27 01:06:59,baseline-rules,2374000,30.17,75.69,1007.62,30.83,72.95,1007.59,0,0,RULES,1,1,1,
2026-09-27 01:07:00,baseline-rules,2375000,30.19,75.63,1007.62,30.83,72.99,1007.55,0,0,RULES,1,1,1,
2026-09-27 01:07:01,baseline-rules,2376000,30.17,75.75,1007.62,30.84,72.89,1007.62,0,0,RULES,1,1,1,
2026-09-27 01:07:02,baseline-rules,2377000,30.18,75.89,1007.66,30.82,72.92,1007.53,0,0,RULES,1,1,1,
2026-09-27 01:07:03,baseline-rules,2378000,30.18,76.34,1007.64,30.83,72.93,1007.59,0,0,RULES,1,1,1,
2026-09-27 01:07:04,baseline-rules,2379000,30.18,75.94,1007.63,30.83,72.93,1007.59,0,0,RULES,1,1,1,
2026-09-27 01:07:05,baseline-rules,2380000,30.18,76.57,1007.67,30.82,72.77,1007.59,0,0,RULES,1,1,1,
2026-09-27 01:07:06,baseline-rules,2381000,30.18,76.42,1007.63,30.83,72.48,1007.61,0,0,RULES,1,1,1,
2026-09-27 01:07:07,baseline-rules,2382000,30.18,76.40,1007.67,30.83,72.98,1007.58,0,0,RULES,1,1,1,
2026-09-27 01:07:08,baseline-rules,2383000,30.18,76.43,1007.64,30.82,72.79,1007.59,0,0,RULES,1,1,1,
2026-09-27 01:07:09,baseline-rules,2384000,30.19,76.59,1007.59,30.83,72.89,1007.63,0,0,RULES,1,1,1,
2026-09-27 01:07:10,baseline-rules,2385000,30.18,76.81,1007.61,30.82,72.99,1007.65,0,0,RULES,1,1,1,
2026-09-27 01:07:11,baseline-rules,2386000,30.19,76.90,1007.68,30.83,72.88,1007.55,0,0,RULES,1,1,1,
2026-09-27 01:07:12,baseline-rules,2387000,30.19,76.66,1007.59,30.83,72.81,1007.55,0,0,RULES,1,1,1,
2026-09-27 01:07:13,baseline-rules,2388000,30.19,76.04,1007.59,30.82,72.92,1007.56,0,0,RULES,1,1,1,
2026-09-27 01:07:14,baseline-rules,2389000,30.19,76.12,1007.65,30.83,72.67,1007.61,0,0,RULES,1,1,1,
2026-09-27 01:07:15,baseline-rules,2390000,30.20,76.30,1007.66,30.83,72.54,1007.61,0,0,RULES,1,1,1,
2026-09-27 01:07:16,baseline-rules,2391000,30.20,77.01,1007.60,30.82,72.95,1007.59,0,0,RULES,1,1,1,
2026-09-27 01:07:17,baseline-rules,2392000,30.19,76.34,1007.60,30.83,72.79,1007.55,0,0,RULES,1,1,1,
2026-09-27 01:07:18,baseline-rules,2393000,30.20,76.59,1007.63,30.83,72.81,1007.61,0,0,RULES,1,1,1,
2026-09-27 01:07:19,baseline-rules,2394000,30.19,75.49,1007.62,30.83,72.53,1007.55,0,0,RULES,1,1,1,
2026-09-27 01:07:20,baseline-rules,2395000,30.20,75.43,1007.60,30.83,72.59,1007.50,0,0,RULES,1,1,1,
2026-09-27 01:07:21,baseline-rules,2396000,30.20,75.19,1007.63,30.82,72.62,1007.59,0,0,RULES,1,1,1,
2026-09-27 01:07:22,baseline-rules,2397000,30.20,75.78,1007.60,30.82,72.69,1007.53,0,0,RULES,1,1,1,
2026-09-27 01:07:23,baseline-rules,2398000,30.20,75.78,1007.58,30.82,72.58,1007.56,0,0,RULES,1,1,1,
2026-09-27 01:07:24,baseline-rules,2399000,30.19,75.32,1007.65,30.81,72.93,1007.57,0,0,RULES,1,1,1,
2026-09-27 01:07:25,baseline-rules,2400000,30.20,75.30,1007.61,30.81,72.85,1007.55,0,0,RULES,1,1,1,
2026-09-27 01:07:26,baseline-rules,2401000,30.20,75.84,1007.63,30.81,72.67,1007.57,0,0,RULES,1,1,1,
2026-09-27 01:07:27,baseline-rules,2402000,30.20,75.62,1007.63,30.81,72.90,1007.52,0,0,RULES,1,1,1,
2026-09-27 01:07:28,baseline-rules,2403000,30.19,75.23,1007.67,30.81,72.91,1007.58,0,0,RULES,1,1,1,
2026-09-27 01:07:29,baseline-rules,,,,,,,,,,,,,,mist A=1 B=0 (below lo)
2026-09-27 01:07:29,baseline-rules,2404000,30.18,74.93,1007.64,30.80,72.84,1007.59,1,0,RULES,1,1,1,
2026-09-27 01:07:30,baseline-rules,2405000,30.20,74.96,1007.66,30.80,72.84,1007.51,1,0,RULES,1,1,1,
2026-09-27 01:07:31,baseline-rules,2406000,30.21,75.13,1007.65,30.80,72.62,1007.57,1,0,RULES,1,1,1,
2026-09-27 01:07:32,baseline-rules,2407000,30.20,76.27,1007.63,30.80,72.84,1007.54,1,0,RULES,1,1,1,
2026-09-27 01:07:33,baseline-rules,2408000,30.18,78.01,1007.64,30.81,72.69,1007.57,1,0,RULES,1,1,1,
2026-09-27 01:07:34,baseline-rules,2409000,30.17,79.40,1007.68,30.81,72.76,1007.60,1,0,RULES,1,1,1,
2026-09-27 01:07:35,baseline-rules,2410000,30.16,80.14,1007.65,30.83,72.79,1007.61,1,0,RULES,1,1,1,
2026-09-27 01:07:36,baseline-rules,2411000,30.13,80.50,1007.63,30.82,73.06,1007.62,1,0,RULES,1,1,1,
2026-09-27 01:07:37,baseline-rules,2412000,30.13,81.14,1007.67,30.81,72.96,1007.53,1,0,RULES,1,1,1,
2026-09-27 01:07:38,baseline-rules,2413000,30.10,80.81,1007.70,30.81,72.61,1007.57,1,0,RULES,1,1,1,
2026-09-27 01:07:39,baseline-rules,2414000,30.08,81.38,1007.64,30.82,72.89,1007.62,1,0,RULES,1,1,1,
2026-09-27 01:07:40,baseline-rules,2415000,30.08,81.77,1007.64,30.82,72.84,1007.53,1,0,RULES,1,1,1,
2026-09-27 01:07:41,baseline-rules,2416000,30.04,81.46,1007.63,30.81,72.90,1007.60,1,0,RULES,1,1,1,
2026-09-27 01:07:42,baseline-rules,2417000,30.05,82.17,1007.70,30.81,72.87,1007.57,1,0,RULES,1,1,1,
2026-09-27 01:07:43,baseline-rules,2418000,30.02,82.06,1007.60,30.81,72.92,1007.55,1,0,RULES,1,1,1,
2026-09-27 01:07:44,baseline-rules,2419000,29.99,81.27,1007.67,30.80,72.58,1007.57,1,0,RULES,1,1,1,
2026-09-27 01:07:45,baseline-rules,2420000,29.98,81.64,1007.61,30.81,72.69,1007.55,1,0,RULES,1,1,1,
2026-09-27 01:07:46,baseline-rules,2421000,29.98,82.45,1007.61,30.81,72.88,1007.55,1,0,RULES,1,1,1,
2026-09-27 01:07:47,baseline-rules,2422000,29.97,82.80,1007.63,30.83,72.64,1007.61,1,0,RULES,1,1,1,
2026-09-27 01:07:48,baseline-rules,2423000,29.96,83.10,1007.75,30.81,72.71,1007.55,1,0,RULES,1,1,1,
2026-09-27 01:07:49,baseline-rules,2424000,29.95,83.04,1007.71,30.82,72.95,1007.53,1,0,RULES,1,1,1,
2026-09-27 01:07:50,baseline-rules,2425000,29.94,83.81,1007.64,30.81,72.92,1007.58,1,0,RULES,1,1,1,
2026-09-27 01:07:51,baseline-rules,2426000,29.94,83.86,1007.70,30.81,72.86,1007.55,1,0,RULES,1,1,1,
2026-09-27 01:07:52,baseline-rules,2427000,29.93,84.16,1007.65,30.82,72.86,1007.59,1,0,RULES,1,1,1,
2026-09-27 01:07:53,baseline-rules,2428000,29.92,84.10,1007.63,30.82,72.84,1007.53,1,0,RULES,1,1,1,
2026-09-27 01:07:54,baseline-rules,2429000,29.92,84.14,1007.66,30.81,72.81,1007.55,1,0,RULES,1,1,1,
2026-09-27 01:07:55,baseline-rules,2430000,29.91,84.67,1007.68,30.81,72.91,1007.55,1,0,RULES,1,1,1,
2026-09-27 01:07:56,baseline-rules,2431000,29.91,84.85,1007.71,30.82,72.95,1007.56,1,0,RULES,1,1,1,
2026-09-27 01:07:57,baseline-rules,2432000,29.90,84.86,1007.58,30.81,72.70,1007.53,1,0,RULES,1,1,1,
2026-09-27 01:07:58,baseline-rules,2433000,29.91,85.22,1007.62,30.81,72.91,1007.58,1,0,RULES,1,1,1,
2026-09-27 01:07:59,baseline-rules,2434000,29.89,85.14,1007.65,30.82,72.95,1007.59,1,0,RULES,1,1,1,
2026-09-27 01:08:00,baseline-rules,2435000,29.87,84.99,1007.70,30.80,72.89,1007.51,1,0,RULES,1,1,1,
2026-09-27 01:08:01,baseline-rules,2436000,29.88,85.41,1007.68,30.80,72.75,1007.51,1,0,RULES,1,1,1,
2026-09-27 01:08:02,baseline-rules,2437000,29.86,85.14,1007.62,30.81,72.90,1007.52,1,0,RULES,1,1,1,
2026-09-27 01:08:03,baseline-rules,2438000,29.82,85.18,1007.67,30.79,72.55,1007.55,1,0,RULES,1,1,1,
2026-09-27 01:08:04,baseline-rules,2439000,29.80,84.92,1007.72,30.80,72.64,1007.56,1,0,RULES,1,1,1,
2026-09-27 01:08:05,baseline-rules,2440000,29.80,84.84,1007.65,30.79,72.68,1007.55,1,0,RULES,1,1,1,
2026-09-27 01:08:06,baseline-rules,2441000,29.80,85.41,1007.68,30.80,72.95,1007.50,1,0,RULES,1,1,1,
2026-09-27 01:08:07,baseline-rules,2442000,29.76,85.15,1007.70,30.80,72.93,1007.59,1,0,RULES,1,1,1,
2026-09-27 01:08:08,baseline-rules,2443000,29.72,84.65,1007.63,30.79,72.97,1007.58,1,0,RULES,1,1,1,
2026-09-27 01:08:09,baseline-rules,2444000,29.70,84.81,1007.74,30.79,72.83,1007.61,1,0,RULES,1,1,1,
2026-09-27 01:08:10,baseline-rules,2445000,29.71,85.15,1007.66,30.79,72.89,1007.55,1,0,RULES,1,1,1,
2026-09-27 01:08:11,baseline-rules,2446000,29.68,84.68,1007.61,30.79,72.88,1007.61,1,0,RULES,1,1,1,
2026-09-27 01:08:12,baseline-rules,2447000,29.69,85.15,1007.74,30.80,72.68,1007.56,1,0,RULES,1,1,1,
2026-09-27 01:08:13,baseline-rules,2448000,29.69,84.97,1007.72,30.79,72.74,1007.51,1,0,RULES,1,1,1,
2026-09-27 01:08:14,baseline-rules,2449000,29.66,84.98,1007.73,30.79,72.69,1007.57,1,0,RULES,1,1,1,
2026-09-27 01:08:15,baseline-rules,2450000,29.67,85.01,1007.66,30.79,72.90,1007.54,1,0,RULES,1,1,1,
2026-09-27 01:08:16,baseline-rules,2451000,29.66,84.83,1007.67,30.79,72.56,1007.57,1,0,RULES,1,1,1,
2026-09-27 01:08:17,baseline-rules,2452000,29.64,85.22,1007.72,30.79,72.85,1007.57,1,0,RULES,1,1,1,
2026-09-27 01:08:18,baseline-rules,2453000,29.64,85.15,1007.66,30.79,72.81,1007.54,1,0,RULES,1,1,1,
2026-09-27 01:08:19,baseline-rules,2454000,29.65,85.64,1007.73,30.79,72.86,1007.54,1,0,RULES,1,1,1,
2026-09-27 01:08:20,baseline-rules,2455000,29.63,85.78,1007.76,30.79,72.66,1007.54,1,0,RULES,1,1,1,
2026-09-27 01:08:21,baseline-rules,2456000,29.65,85.96,1007.73,30.78,72.50,1007.56,1,0,RULES,1,1,1,
2026-09-27 01:08:22,baseline-rules,2457000,29.65,86.15,1007.74,30.79,72.98,1007.57,1,0,RULES,1,1,1,
2026-09-27 01:08:23,baseline-rules,2458000,29.64,85.83,1007.69,30.79,72.91,1007.54,1,0,RULES,1,1,1,
2026-09-27 01:08:24,baseline-rules,2459000,29.64,86.10,1007.75,30.78,72.71,1007.53,1,0,RULES,1,1,1,
2026-09-27 01:08:25,baseline-rules,2460000,29.63,86.09,1007.71,30.78,72.88,1007.53,1,0,RULES,1,1,1,
2026-09-27 01:08:26,baseline-rules,2461000,29.66,86.35,1007.69,30.79,72.90,1007.57,1,0,RULES,1,1,1,
2026-09-27 01:08:27,baseline-rules,2462000,29.63,86.07,1007.74,30.79,72.96,1007.57,1,0,RULES,1,1,1,
2026-09-27 01:08:28,baseline-rules,2463000,29.63,86.04,1007.73,30.78,72.83,1007.59,1,0,RULES,1,1,1,
2026-09-27 01:08:29,baseline-rules,2464000,29.60,85.93,1007.72,30.79,72.95,1007.55,1,0,RULES,1,1,1,
2026-09-27 01:08:30,baseline-rules,2465000,29.61,85.85,1007.73,30.78,72.91,1007.45,1,0,RULES,1,1,1,
2026-09-27 01:08:31,baseline-rules,2466000,29.61,85.74,1007.70,30.79,72.43,1007.54,1,0,RULES,1,1,1,
2026-09-27 01:08:32,baseline-rules,2467000,29.58,85.85,1007.74,30.79,72.57,1007.55,1,0,RULES,1,1,1,
2026-09-27 01:08:33,baseline-rules,2468000,29.56,85.61,1007.74,30.79,72.58,1007.63,1,0,RULES,1,1,1,
2026-09-27 01:08:34,baseline-rules,2469000,29.56,85.28,1007.65,30.78,72.56,1007.53,1,0,RULES,1,1,1,
2026-09-27 01:08:35,baseline-rules,2470000,29.52,85.37,1007.64,30.78,72.75,1007.53,1,0,RULES,1,1,1,
2026-09-27 01:08:36,baseline-rules,2471000,29.53,85.17,1007.69,30.78,72.59,1007.55,1,0,RULES,1,1,1,
2026-09-27 01:08:37,baseline-rules,2472000,29.51,85.04,1007.73,30.78,72.65,1007.53,1,0,RULES,1,1,1,
2026-09-27 01:08:38,baseline-rules,2473000,29.47,84.99,1007.70,30.77,72.61,1007.54,1,0,RULES,1,1,1,
2026-09-27 01:08:39,baseline-rules,2474000,29.50,84.91,1007.67,30.78,72.90,1007.55,1,0,RULES,1,1,1,
2026-09-27 01:08:40,baseline-rules,2475000,29.50,84.99,1007.69,30.77,72.74,1007.51,1,0,RULES,1,1,1,
2026-09-27 01:08:41,baseline-rules,2476000,29.48,85.09,1007.73,30.78,72.62,1007.55,1,0,RULES,1,1,1,
2026-09-27 01:08:42,baseline-rules,2477000,29.47,85.32,1007.68,30.78,72.52,1007.50,1,0,RULES,1,1,1,
2026-09-27 01:08:43,baseline-rules,2478000,29.47,85.45,1007.65,30.77,72.89,1007.48,1,0,RULES,1,1,1,
2026-09-27 01:08:44,baseline-rules,2479000,29.45,85.35,1007.70,30.77,72.56,1007.57,1,0,RULES,1,1,1,
2026-09-27 01:08:45,baseline-rules,2480000,29.43,84.86,1007.65,30.77,72.98,1007.57,1,0,RULES,1,1,1,
2026-09-27 01:08:46,baseline-rules,2481000,29.43,84.96,1007.68,30.77,72.95,1007.59,1,0,RULES,1,1,1,
2026-09-27 01:08:47,baseline-rules,2482000,29.40,85.10,1007.63,30.76,72.81,1007.59,1,0,RULES,1,1,1,
2026-09-27 01:08:48,baseline-rules,2483000,29.39,84.74,1007.66,30.77,72.94,1007.57,1,0,RULES,1,1,1,
2026-09-27 01:08:49,baseline-rules,2484000,29.38,84.86,1007.64,30.77,73.01,1007.57,1,0,RULES,1,1,1,
2026-09-27 01:08:50,baseline-rules,2485000,29.35,84.73,1007.66,30.76,72.54,1007.53,1,0,RULES,1,1,1,
2026-09-27 01:08:51,baseline-rules,2486000,29.35,84.43,1007.62,30.77,72.97,1007.57,1,0,RULES,1,1,1,
2026-09-27 01:08:52,baseline-rules,2487000,29.34,84.62,1007.64,30.76,72.72,1007.56,1,0,RULES,1,1,1,
2026-09-27 01:08:53,baseline-rules,2488000,29.34,85.12,1007.63,30.77,72.74,1007.51,1,0,RULES,1,1,1,
2026-09-27 01:08:54,baseline-rules,2489000,29.31,84.60,1007.67,30.77,72.83,1007.55,1,0,RULES,1,1,1,
2026-09-27 01:08:55,baseline-rules,2490000,29.29,85.06,1007.62,30.77,72.58,1007.54,1,0,RULES,1,1,1,
2026-09-27 01:08:56,baseline-rules,2491000,29.28,84.83,1007.65,30.77,72.93,1007.48,1,0,RULES,1,1,1,
2026-09-27 01:08:57,baseline-rules,2492000,29.28,85.03,1007.65,30.78,72.55,1007.58,1,0,RULES,1,1,1,
2026-09-27 01:08:58,baseline-rules,2493000,29.25,85.01,1007.68,30.77,72.51,1007.54,1,0,RULES,1,1,1,
2026-09-27 01:08:59,baseline-rules,2494000,29.25,84.63,1007.63,30.77,72.62,1007.52,1,0,RULES,1,1,1,
2026-09-27 01:09:00,baseline-rules,2495000,29.26,85.28,1007.60,30.78,72.62,1007.53,1,0,RULES,1,1,1,
2026-09-27 01:09:01,baseline-rules,2496000,29.28,85.24,1007.59,30.76,72.58,1007.59,1,0,RULES,1,1,1,
2026-09-27 01:09:02,baseline-rules,2497000,29.28,85.78,1007.71,30.77,73.01,1007.52,1,0,RULES,1,1,1,
2026-09-27 01:09:03,baseline-rules,2498000,29.29,85.53,1007.64,30.78,72.85,1007.53,1,0,RULES,1,1,1,
2026-09-27 01:09:04,baseline-rules,2499000,29.30,85.67,1007.63,30.78,72.87,1007.55,1,0,RULES,1,1,1,
2026-09-27 01:09:05,baseline-rules,2500000,29.30,86.13,1007.68,30.78,72.99,1007.50,1,0,RULES,1,1,1,
2026-09-27 01:09:06,baseline-rules,2501000,29.28,85.94,1007.68,30.77,72.98,1007.52,1,0,RULES,1,1,1,
2026-09-27 01:09:07,baseline-rules,2502000,29.27,85.76,1007.64,30.78,72.82,1007.53,1,0,RULES,1,1,1,
2026-09-27 01:09:08,baseline-rules,2503000,29.28,85.59,1007.63,30.78,72.90,1007.53,1,0,RULES,1,1,1,
2026-09-27 01:09:09,baseline-rules,2504000,29.28,85.51,1007.68,30.78,72.64,1007.55,1,0,RULES,1,1,1,
2026-09-27 01:09:10,baseline-rules,2505000,29.28,86.11,1007.65,30.77,72.62,1007.52,1,0,RULES,1,1,1,
2026-09-27 01:09:11,baseline-rules,2506000,29.29,86.14,1007.66,30.79,72.73,1007.57,1,0,RULES,1,1,1,
2026-09-27 01:09:12,baseline-rules,2507000,29.29,85.97,1007.64,30.77,72.65,1007.49,1,0,RULES,1,1,1,
2026-09-27 01:09:13,baseline-rules,2508000,29.26,85.83,1007.71,30.78,72.92,1007.53,1,0,RULES,1,1,1,
2026-09-27 01:09:14,baseline-rules,2509000,29.27,85.89,1007.61,30.78,72.62,1007.50,1,0,RULES,1,1,1,
2026-09-27 01:09:15,baseline-rules,2510000,29.26,85.47,1007.65,30.78,72.55,1007.53,1,0,RULES,1,1,1,
2026-09-27 01:09:16,baseline-rules,2511000,29.28,86.08,1007.65,30.78,72.74,1007.53,1,0,RULES,1,1,1,
2026-09-27 01:09:17,baseline-rules,2512000,29.30,85.97,1007.66,30.78,72.83,1007.47,1,0,RULES,1,1,1,
2026-09-27 01:09:18,baseline-rules,2513000,29.27,85.87,1007.63,30.77,72.76,1007.55,1,0,RULES,1,1,1,
2026-09-27 01:09:19,baseline-rules,2514000,29.26,85.68,1007.62,30.78,72.57,1007.47,1,0,RULES,1,1,1,
2026-09-27 01:09:20,baseline-rules,2515000,29.24,85.43,1007.65,30.78,72.93,1007.55,1,0,RULES,1,1,1,
2026-09-27 01:09:21,baseline-rules,2516000,29.25,85.46,1007.66,30.77,73.04,1007.51,1,0,RULES,1,1,1,
2026-09-27 01:09:22,baseline-rules,2517000,29.25,85.78,1007.66,30.78,72.83,1007.53,1,0,RULES,1,1,1,
2026-09-27 01:09:23,baseline-rules,2518000,29.29,86.13,1007.66,30.78,72.75,1007.51,1,0,RULES,1,1,1,
2026-09-27 01:09:24,baseline-rules,2519000,29.26,85.70,1007.64,30.78,72.73,1007.58,1,0,RULES,1,1,1,
2026-09-27 01:09:25,baseline-rules,2520000,29.24,85.75,1007.67,30.78,72.86,1007.47,1,0,RULES,1,1,1,
2026-09-27 01:09:26,baseline-rules,2521000,29.25,85.82,1007.64,30.78,72.95,1007.53,1,0,RULES,1,1,1,
2026-09-27 01:09:27,baseline-rules,2522000,29.28,86.20,1007.68,30.77,72.54,1007.55,1,0,RULES,1,1,1,
2026-09-27 01:09:28,baseline-rules,2523000,29.29,86.46,1007.65,30.78,72.69,1007.44,1,0,RULES,1,1,1,
2026-09-27 01:09:29,baseline-rules,2524000,29.28,86.33,1007.71,30.79,72.58,1007.54,1,0,RULES,1,1,1,
2026-09-27 01:09:30,baseline-rules,2525000,29.31,86.22,1007.67,30.78,72.59,1007.55,1,0,RULES,1,1,1,
2026-09-27 01:09:31,baseline-rules,2526000,29.32,86.54,1007.67,30.78,72.60,1007.53,1,0,RULES,1,1,1,
2026-09-27 01:09:32,baseline-rules,2527000,29.29,86.36,1007.67,30.78,72.48,1007.51,1,0,RULES,1,1,1,
2026-09-27 01:09:33,baseline-rules,2528000,29.29,86.36,1007.65,30.78,72.88,1007.48,1,0,RULES,1,1,1,
2026-09-27 01:09:34,baseline-rules,2529000,29.28,86.15,1007.68,30.78,72.75,1007.50,1,0,RULES,1,1,1,
2026-09-27 01:09:35,baseline-rules,2530000,29.29,86.45,1007.65,30.78,72.60,1007.48,1,0,RULES,1,1,1,
2026-09-27 01:09:36,baseline-rules,2531000,29.33,86.75,1007.73,30.79,72.99,1007.54,1,0,RULES,1,1,1,
2026-09-27 01:09:37,baseline-rules,2532000,29.33,86.60,1007.65,30.79,72.95,1007.55,1,0,RULES,1,1,1,
2026-09-27 01:09:38,baseline-rules,2533000,29.34,86.69,1007.72,30.79,72.98,1007.51,1,0,RULES,1,1,1,
2026-09-27 01:09:39,baseline-rules,2534000,29.33,86.93,1007.63,30.79,72.92,1007.49,1,0,RULES,1,1,1,
2026-09-27 01:09:40,baseline-rules,2535000,29.35,86.94,1007.66,30.80,72.60,1007.54,1,0,RULES,1,1,1,
2026-09-27 01:09:41,baseline-rules,2536000,29.34,86.68,1007.70,30.80,72.51,1007.53,1,0,RULES,1,1,1,
2026-09-27 01:09:42,baseline-rules,2537000,29.36,87.04,1007.65,30.79,72.62,1007.49,1,0,RULES,1,1,1,
2026-09-27 01:09:43,baseline-rules,2538000,29.37,86.62,1007.71,30.79,72.72,1007.49,1,0,RULES,1,1,1,
2026-09-27 01:09:44,baseline-rules,2539000,29.36,86.43,1007.67,30.80,72.54,1007.50,1,0,RULES,1,1,1,
2026-09-27 01:09:45,baseline-rules,2540000,29.35,86.55,1007.66,30.80,72.70,1007.56,1,0,RULES,1,1,1,
2026-09-27 01:09:46,baseline-rules,2541000,29.36,86.47,1007.65,30.79,72.60,1007.52,1,0,RULES,1,1,1,
2026-09-27 01:09:47,baseline-rules,2542000,29.40,86.44,1007.65,30.80,72.91,1007.51,1,0,RULES,1,1,1,
2026-09-27 01:09:48,baseline-rules,2543000,29.42,86.96,1007.66,30.79,72.90,1007.54,1,0,RULES,1,1,1,
2026-09-27 01:09:49,baseline-rules,2544000,29.40,86.96,1007.65,30.79,72.82,1007.47,1,0,RULES,1,1,1,
2026-09-27 01:09:50,baseline-rules,2545000,29.40,86.83,1007.68,30.80,72.65,1007.50,1,0,RULES,1,1,1,
2026-09-27 01:09:51,baseline-rules,2546000,29.42,86.88,1007.72,30.80,72.86,1007.56,1,0,RULES,1,1,1,
2026-09-27 01:09:52,baseline-rules,2547000,29.44,86.73,1007.69,30.80,72.89,1007.51,1,0,RULES,1,1,1,
2026-09-27 01:09:53,baseline-rules,2548000,29.45,86.81,1007.62,30.80,72.70,1007.50,1,0,RULES,1,1,1,
2026-09-27 01:09:54,baseline-rules,2549000,29.44,87.11,1007.68,30.80,72.59,1007.50,1,0,RULES,1,1,1,
2026-09-27 01:09:55,baseline-rules,2550000,29.42,86.89,1007.71,30.79,72.74,1007.49,1,0,RULES,1,1,1,
2026-09-27 01:09:56,baseline-rules,2551000,29.45,86.95,1007.65,30.80,72.67,1007.50,1,0,RULES,1,1,1,
2026-09-27 01:09:57,baseline-rules,2552000,29.45,86.93,1007.67,30.80,72.62,1007.51,1,0,RULES,1,1,1,
2026-09-27 01:09:58,baseline-rules,2553000,29.45,86.93,1007.65,30.80,72.71,1007.53,1,0,RULES,1,1,1,
2026-09-27 01:09:59,baseline-rules,2554000,29.48,86.78,1007.66,30.80,72.63,1007.50,1,0,RULES,1,1,1,
2026-09-27 01:10:00,baseline-rules,2555000,29.48,86.75,1007.66,30.81,72.66,1007.55,1,0,RULES,1,1,1,
2026-09-27 01:10:01,baseline-rules,2556000,29.42,86.62,1007.68,30.80,72.54,1007.57,1,0,RULES,1,1,1,
2026-09-27 01:10:02,baseline-rules,2557000,29.41,86.42,1007.66,30.80,72.58,1007.46,1,0,RULES,1,1,1,
2026-09-27 01:10:03,baseline-rules,2558000,29.40,86.66,1007.62,30.80,72.55,1007.50,1,0,RULES,1,1,1,
2026-09-27 01:10:04,baseline-rules,2559000,29.39,86.05,1007.63,30.81,72.65,1007.53,1,0,RULES,1,1,1,
2026-09-27 01:10:05,baseline-rules,2560000,29.40,86.55,1007.70,30.80,72.75,1007.54,1,0,RULES,1,1,1,
2026-09-27 01:10:06,baseline-rules,2561000,29.42,86.83,1007.63,30.81,72.73,1007.55,1,0,RULES,1,1,1,
2026-09-27 01:10:07,baseline-rules,2562000,29.40,86.58,1007.66,30.81,72.65,1007.57,1,0,RULES,1,1,1,
2026-09-27 01:10:08,baseline-rules,2563000,29.39,86.50,1007.69,30.81,72.92,1007.55,1,0,RULES,1,1,1,
2026-09-27 01:10:09,baseline-rules,2564000,29.37,85.90,1007.65,30.81,72.92,1007.57,1,0,RULES,1,1,1,
2026-09-27 01:10:10,baseline-rules,2565000,29.37,86.44,1007.65,30.80,72.49,1007.53,1,0,RULES,1,1,1,
2026-09-27 01:10:11,baseline-rules,2566000,29.35,85.84,1007.59,30.80,72.66,1007.57,1,0,RULES,1,1,1,
2026-09-27 01:10:12,baseline-rules,2567000,29.32,85.56,1007.61,30.81,72.52,1007.49,1,0,RULES,1,1,1,
2026-09-27 01:10:13,baseline-rules,2568000,29.30,85.44,1007.65,30.80,72.82,1007.54,1,0,RULES,1,1,1,
2026-09-27 01:10:14,baseline-rules,2569000,29.28,85.08,1007.65,30.81,72.82,1007.52,1,0,RULES,1,1,1,
2026-09-27 01:10:15,baseline-rules,2570000,29.26,84.81,1007.74,30.80,72.50,1007.59,1,0,RULES,1,1,1,
2026-09-27 01:10:16,baseline-rules,2571000,29.25,84.61,1007.64,30.80,72.50,1007.48,1,0,RULES,1,1,1,
2026-09-27 01:10:17,baseline-rules,2572000,29.25,84.87,1007.66,30.80,72.53,1007.50,1,0,RULES,1,1,1,
2026-09-27 01:10:18,baseline-rules,2573000,29.26,85.66,1007.62,30.81,72.53,1007.52,1,0,RULES,1,1,1,
2026-09-27 01:10:19,baseline-rules,2574000,29.24,85.79,1007.70,30.81,72.54,1007.55,1,0,RULES,1,1,1,
2026-09-27 01:10:20,baseline-rules,2575000,29.23,85.47,1007.63,30.81,72.48,1007.53,1,0,RULES,1,1,1,
2026-09-27 01:10:21,baseline-rules,2576000,29.21,85.63,1007.63,30.80,72.49,1007.51,1,0,RULES,1,1,1,
2026-09-27 01:10:22,baseline-rules,2577000,29.24,85.37,1007.64,30.80,72.72,1007.51,1,0,RULES,1,1,1,
2026-09-27 01:10:23,baseline-rules,2578000,29.22,86.04,1007.67,30.80,72.81,1007.48,1,0,RULES,1,1,1,
2026-09-27 01:10:24,baseline-rules,2579000,29.22,85.66,1007.64,30.81,72.84,1007.49,1,0,RULES,1,1,1,
2026-09-27 01:10:25,baseline-rules,2580000,29.21,85.59,1007.60,30.81,72.92,1007.47,1,0,RULES,1,1,1,
2026-09-27 01:10:26,baseline-rules,2581000,29.22,86.06,1007.69,30.81,72.78,1007.53,1,0,RULES,1,1,1,
2026-09-27 01:10:27,baseline-rules,2582000,29.23,86.26,1007.62,30.81,72.82,1007.50,1,0,RULES,1,1,1,
2026-09-27 01:10:28,baseline-rules,2583000,29.22,85.89,1007.67,30.80,72.89,1007.51,1,0,RULES,1,1,1,
2026-09-27 01:10:29,baseline-rules,2584000,29.21,86.21,1007.68,30.81,72.90,1007.55,1,0,RULES,1,1,1,
2026-09-27 01:10:30,baseline-rules,2585000,29.20,85.74,1007.56,30.81,72.93,1007.52,1,0,RULES,1,1,1,
2026-09-27 01:10:31,baseline-rules,2586000,29.20,86.21,1007.64,30.81,72.70,1007.50,1,0,RULES,1,1,1,
2026-09-27 01:10:32,baseline-rules,2587000,29.18,86.01,1007.63,30.82,72.92,1007.51,1,0,RULES,1,1,1,
2026-09-27 01:10:33,baseline-rules,2588000,29.16,85.73,1007.63,30.81,72.98,1007.50,1,0,RULES,1,1,1,
2026-09-27 01:10:34,baseline-rules,2589000,29.15,85.45,1007.61,30.81,72.92,1007.55,1,0,RULES,1,1,1,
2026-09-27 01:10:35,baseline-rules,2590000,29.16,85.50,1007.65,30.81,72.75,1007.50,1,0,RULES,1,1,1,
2026-09-27 01:10:36,baseline-rules,2591000,29.15,86.04,1007.61,30.81,72.66,1007.50,1,0,RULES,1,1,1,
2026-09-27 01:10:37,baseline-rules,2592000,29.15,85.48,1007.63,30.82,72.60,1007.53,1,0,RULES,1,1,1,
2026-09-27 01:10:38,baseline-rules,2593000,29.16,86.11,1007.65,30.81,72.54,1007.53,1,0,RULES,1,1,1,
2026-09-27 01:10:39,baseline-rules,2594000,29.17,85.77,1007.67,30.81,72.44,1007.53,1,0,RULES,1,1,1,
2026-09-27 01:10:40,baseline-rules,2595000,29.15,85.54,1007.64,30.81,72.48,1007.57,1,0,RULES,1,1,1,
2026-09-27 01:10:41,baseline-rules,2596000,29.15,85.96,1007.58,30.81,72.47,1007.57,1,0,RULES,1,1,1,
2026-09-27 01:10:42,baseline-rules,2597000,29.17,86.07,1007.61,30.80,72.60,1007.46,1,0,RULES,1,1,1,
2026-09-27 01:10:43,baseline-rules,2598000,29.18,85.87,1007.64,30.80,72.42,1007.51,1,0,RULES,1,1,1,
2026-09-27 01:10:44,baseline-rules,2599000,29.20,86.41,1007.61,30.82,72.37,1007.51,1,0,RULES,1,1,1,
2026-09-27 01:10:45,baseline-rules,2600000,29.21,86.07,1007.65,30.81,72.46,1007.49,1,0,RULES,1,1,1,
2026-09-27 01:10:46,baseline-rules,2601000,29.19,86.34,1007.62,30.81,72.46,1007.49,1,0,RULES,1,1,1,
2026-09-27 01:10:47,baseline-rules,2602000,29.20,86.01,1007.60,30.81,72.58,1007.47,1,0,RULES,1,1,1,
2026-09-27 01:10:48,baseline-rules,2603000,29.18,85.88,1007.60,30.81,72.53,1007.49,1,0,RULES,1,1,1,
2026-09-27 01:10:49,baseline-rules,2604000,29.20,86.25,1007.63,30.81,72.52,1007.52,1,0,RULES,1,1,1,
2026-09-27 01:10:50,baseline-rules,2605000,29.22,85.99,1007.62,30.81,72.42,1007.52,1,0,RULES,1,1,1,
2026-09-27 01:10:51,baseline-rules,2606000,29.19,85.54,1007.56,30.80,72.44,1007.50,1,0,RULES,1,1,1,
2026-09-27 01:10:52,baseline-rules,2607000,29.21,85.29,1007.68,30.81,72.69,1007.52,1,0,RULES,1,1,1,
2026-09-27 01:10:53,baseline-rules,2608000,29.19,85.43,1007.62,30.80,72.69,1007.51,1,0,RULES,1,1,1,
2026-09-27 01:10:54,baseline-rules,2609000,29.19,85.28,1007.67,30.80,72.74,1007.50,1,0,RULES,1,1,1,
2026-09-27 01:10:55,baseline-rules,2610000,29.17,84.88,1007.58,30.80,72.62,1007.54,1,0,RULES,1,1,1,
2026-09-27 01:10:56,baseline-rules,2611000,29.16,85.21,1007.59,30.80,72.74,1007.57,1,0,RULES,1,1,1,
2026-09-27 01:10:57,baseline-rules,2612000,29.15,84.52,1007.59,30.80,72.76,1007.48,1,0,RULES,1,1,1,
2026-09-27 01:10:58,baseline-rules,2613000,29.15,84.79,1007.64,30.81,72.67,1007.52,1,0,RULES,1,1,1,
2026-09-27 01:10:59,baseline-rules,2614000,29.15,84.91,1007.64,30.81,72.69,1007.49,1,0,RULES,1,1,1,
2026-09-27 01:11:00,baseline-rules,2615000,29.15,84.83,1007.61,30.80,72.97,1007.54,1,0,RULES,1,1,1,
2026-09-27 01:11:01,baseline-rules,2616000,29.14,85.09,1007.62,30.81,72.76,1007.52,1,0,RULES,1,1,1,
2026-09-27 01:11:02,baseline-rules,2617000,29.16,85.12,1007.68,30.81,72.42,1007.52,1,0,RULES,1,1,1,
2026-09-27 01:11:03,baseline-rules,2618000,29.15,85.21,1007.63,30.80,72.63,1007.53,1,0,RULES,1,1,1,
2026-09-27 01:11:04,baseline-rules,2619000,29.14,84.78,1007.57,30.80,72.48,1007.50,1,0,RULES,1,1,1,
2026-09-27 01:11:05,baseline-rules,2620000,29.15,84.88,1007.58,30.81,72.56,1007.60,1,0,RULES,1,1,1,
2026-09-27 01:11:06,baseline-rules,2621000,29.13,85.07,1007.61,30.81,72.52,1007.52,1,0,RULES,1,1,1,
2026-09-27 01:11:07,baseline-rules,2622000,29.15,84.99,1007.58,30.81,72.75,1007.52,1,0,RULES,1,1,1,
2026-09-27 01:11:08,baseline-rules,2623000,29.13,84.24,1007.64,30.81,72.75,1007.55,1,0,RULES,1,1,1,
2026-09-27 01:11:09,baseline-rules,2624000,29.13,84.82,1007.64,30.81,72.45,1007.55,1,0,RULES,1,1,1,
2026-09-27 01:11:10,baseline-rules,2625000,29.15,85.33,1007.63,30.81,72.63,1007.50,1,0,RULES,1,1,1,
2026-09-27 01:11:11,baseline-rules,2626000,29.15,84.97,1007.61,30.82,72.47,1007.53,1,0,RULES,1,1,1,
2026-09-27 01:11:12,baseline-rules,2627000,29.16,85.63,1007.63,30.81,72.51,1007.58,1,0,RULES,1,1,1,
2026-09-27 01:11:13,baseline-rules,2628000,29.17,85.79,1007.64,30.81,72.48,1007.44,1,0,RULES,1,1,1,
2026-09-27 01:11:14,baseline-rules,2629000,29.19,85.97,1007.67,30.81,72.48,1007.52,1,0,RULES,1,1,1,
2026-09-27 01:11:15,baseline-rules,2630000,29.19,85.61,1007.62,30.82,72.54,1007.56,1,0,RULES,1,1,1,
2026-09-27 01:11:16,baseline-rules,2631000,29.15,85.18,1007.61,30.81,72.78,1007.53,1,0,RULES,1,1,1,
2026-09-27 01:11:17,baseline-rules,2632000,29.14,85.23,1007.65,30.81,72.44,1007.52,1,0,RULES,1,1,1,
2026-09-27 01:11:18,baseline-rules,2633000,29.14,84.75,1007.53,30.81,72.67,1007.55,1,0,RULES,1,1,1,
2026-09-27 01:11:19,baseline-rules,2634000,29.13,85.15,1007.58,30.81,72.53,1007.57,1,0,RULES,1,1,1,
2026-09-27 01:11:20,baseline-rules,2635000,29.11,85.37,1007.61,30.81,72.66,1007.50,1,0,RULES,1,1,1,
2026-09-27 01:11:21,baseline-rules,2636000,29.10,85.31,1007.68,30.81,72.56,1007.52,1,0,RULES,1,1,1,
2026-09-27 01:11:22,baseline-rules,2637000,29.11,84.91,1007.59,30.82,72.42,1007.51,1,0,RULES,1,1,1,
2026-09-27 01:11:23,baseline-rules,2638000,29.08,84.77,1007.59,30.81,72.46,1007.46,1,0,RULES,1,1,1,
2026-09-27 01:11:24,baseline-rules,2639000,29.10,84.47,1007.68,30.81,72.53,1007.47,1,0,RULES,1,1,1,
2026-09-27 01:11:25,baseline-rules,2640000,29.10,84.64,1007.65,30.82,72.53,1007.51,1,0,RULES,1,1,1,
2026-09-27 01:11:26,baseline-rules,2641000,29.09,84.63,1007.63,30.82,72.44,1007.53,1,0,RULES,1,1,1,
2026-09-27 01:11:27,baseline-rules,2642000,29.10,85.07,1007.60,30.82,72.61,1007.56,1,0,RULES,1,1,1,
2026-09-27 01:11:28,baseline-rules,2643000,29.11,85.59,1007.61,30.82,72.39,1007.53,1,0,RULES,1,1,1,
2026-09-27 01:11:29,baseline-rules,2644000,29.13,85.46,1007.58,30.81,72.42,1007.52,1,0,RULES,1,1,1,
2026-09-27 01:11:30,baseline-rules,2645000,29.15,85.99,1007.64,30.82,72.60,1007.56,1,0,RULES,1,1,1,
2026-09-27 01:11:31,baseline-rules,2646000,29.14,85.67,1007.62,30.81,72.89,1007.49,1,0,RULES,1,1,1,
2026-09-27 01:11:32,baseline-rules,2647000,29.15,85.86,1007.61,30.81,72.83,1007.52,1,0,RULES,1,1,1,
2026-09-27 01:11:33,baseline-rules,2648000,29.17,85.89,1007.61,30.81,72.61,1007.47,1,0,RULES,1,1,1,
2026-09-27 01:11:34,baseline-rules,2649000,29.12,85.53,1007.62,30.81,72.64,1007.47,1,0,RULES,1,1,1,
2026-09-27 01:11:35,baseline-rules,2650000,29.14,85.56,1007.63,30.81,72.91,1007.44,1,0,RULES,1,1,1,
2026-09-27 01:11:36,baseline-rules,2651000,29.16,86.21,1007.63,30.81,72.48,1007.49,1,0,RULES,1,1,1,
2026-09-27 01:11:37,baseline-rules,2652000,29.18,86.09,1007.61,30.83,72.79,1007.52,1,0,RULES,1,1,1,
2026-09-27 01:11:38,baseline-rules,2653000,29.20,86.32,1007.61,30.81,72.78,1007.55,1,0,RULES,1,1,1,
2026-09-27 01:11:39,baseline-rules,2654000,29.15,86.07,1007.63,30.81,72.88,1007.53,1,0,RULES,1,1,1,
2026-09-27 01:11:40,baseline-rules,2655000,29.14,85.43,1007.59,30.81,72.68,1007.53,1,0,RULES,1,1,1,
2026-09-27 01:11:41,baseline-rules,2656000,29.14,85.46,1007.68,30.81,72.80,1007.58,1,0,RULES,1,1,1,
2026-09-27 01:11:42,baseline-rules,2657000,29.13,85.46,1007.57,30.81,72.55,1007.49,1,0,RULES,1,1,1,
2026-09-27 01:11:43,baseline-rules,2658000,29.11,85.47,1007.64,30.82,72.51,1007.48,1,0,RULES,1,1,1,
2026-09-27 01:11:44,baseline-rules,2659000,29.11,85.41,1007.61,30.81,72.52,1007.46,1,0,RULES,1,1,1,
2026-09-27 01:11:45,baseline-rules,2660000,29.06,85.01,1007.59,30.82,72.71,1007.48,1,0,RULES,1,1,1,
2026-09-27 01:11:46,baseline-rules,2661000,29.05,84.56,1007.59,30.81,72.46,1007.46,1,0,RULES,1,1,1,
2026-09-27 01:11:47,baseline-rules,2662000,29.06,85.29,1007.61,30.81,72.46,1007.55,1,0,RULES,1,1,1,
2026-09-27 01:11:48,baseline-rules,2663000,29.08,85.47,1007.64,30.81,72.49,1007.49,1,0,RULES,1,1,1,
2026-09-27 01:11:49,baseline-rules,2664000,29.05,85.44,1007.63,30.82,72.56,1007.48,1,0,RULES,1,1,1,
2026-09-27 01:11:50,baseline-rules,2665000,29.05,85.77,1007.63,30.81,72.46,1007.52,1,0,RULES,1,1,1,
2026-09-27 01:11:51,baseline-rules,2666000,29.04,85.75,1007.58,30.81,72.46,1007.52,1,0,RULES,1,1,1,
2026-09-27 01:11:52,baseline-rules,2667000,29.05,85.83,1007.57,30.81,72.34,1007.46,1,0,RULES,1,1,1,
2026-09-27 01:11:53,baseline-rules,2668000,29.07,85.96,1007.54,30.81,72.39,1007.47,1,0,RULES,1,1,1,
2026-09-27 01:11:54,baseline-rules,2669000,29.09,85.83,1007.64,30.80,72.42,1007.48,1,0,RULES,1,1,1,
2026-09-27 01:11:55,baseline-rules,2670000,29.09,86.29,1007.63,30.81,72.43,1007.44,1,0,RULES,1,1,1,
2026-09-27 01:11:56,baseline-rules,2671000,29.07,85.89,1007.63,30.82,72.41,1007.48,1,0,RULES,1,1,1,
2026-09-27 01:11:57,baseline-rules,2672000,29.08,86.12,1007.61,30.81,72.43,1007.47,1,0,RULES,1,1,1,
2026-09-27 01:11:58,baseline-rules,2673000,29.10,85.90,1007.56,30.83,72.43,1007.50,1,0,RULES,1,1,1,
2026-09-27 01:11:59,baseline-rules,2674000,29.13,86.22,1007.60,30.82,72.45,1007.45,1,0,RULES,1,1,1,
2026-09-27 01:12:00,baseline-rules,2675000,29.14,86.31,1007.59,30.82,72.43,1007.48,1,0,RULES,1,1,1,
2026-09-27 01:12:01,baseline-rules,2676000,29.18,86.77,1007.64,30.83,72.41,1007.52,1,0,RULES,1,1,1,
2026-09-27 01:12:02,baseline-rules,2677000,29.20,86.46,1007.60,30.83,72.49,1007.55,1,0,RULES,1,1,1,
2026-09-27 01:12:03,baseline-rules,2678000,29.23,86.52,1007.65,30.83,72.53,1007.52,1,0,RULES,1,1,1,
2026-09-27 01:12:04,baseline-rules,2679000,29.23,86.54,1007.63,30.83,72.37,1007.45,1,0,RULES,1,1,1,
2026-09-27 01:12:05,baseline-rules,2680000,29.23,86.91,1007.63,30.84,72.45,1007.57,1,0,RULES,1,1,1,
2026-09-27 01:12:06,baseline-rules,2681000,29.24,86.89,1007.64,30.83,72.45,1007.47,1,0,RULES,1,1,1,
2026-09-27 01:12:07,baseline-rules,2682000,29.24,86.93,1007.61,30.84,72.61,1007.54,1,0,RULES,1,1,1,
2026-09-27 01:12:08,baseline-rules,2683000,29.26,86.59,1007.60,30.83,72.81,1007.52,1,0,RULES,1,1,1,
2026-09-27 01:12:09,baseline-rules,2684000,29.25,86.74,1007.63,30.83,72.45,1007.47,1,0,RULES,1,1,1,
2026-09-27 01:12:10,baseline-rules,2685000,29.27,86.50,1007.64,30.83,72.34,1007.48,1,0,RULES,1,1,1,
2026-09-27 01:12:11,baseline-rules,2686000,29.25,86.54,1007.66,30.84,72.62,1007.57,1,0,RULES,1,1,1,
2026-09-27 01:12:12,baseline-rules,2687000,29.21,86.00,1007.63,30.83,72.45,1007.50,1,0,RULES,1,1,1,
2026-09-27 01:12:13,baseline-rules,2688000,29.21,86.07,1007.59,30.83,72.41,1007.50,1,0,RULES,1,1,1,
2026-09-27 01:12:14,baseline-rules,2689000,29.21,85.54,1007.66,30.83,72.28,1007.50,1,0,RULES,1,1,1,
2026-09-27 01:12:15,baseline-rules,2690000,29.20,85.51,1007.61,30.83,72.22,1007.50,1,0,RULES,1,1,1,
2026-09-27 01:12:16,baseline-rules,2691000,29.23,85.86,1007.62,30.84,72.43,1007.51,1,0,RULES,1,1,1,
2026-09-27 01:12:17,baseline-rules,2692000,29.21,85.87,1007.66,30.84,72.37,1007.57,1,0,RULES,1,1,1,
2026-09-27 01:12:18,baseline-rules,2693000,29.21,85.77,1007.56,30.84,72.41,1007.51,1,0,RULES,1,1,1,
2026-09-27 01:12:19,baseline-rules,2694000,29.24,86.33,1007.62,30.83,72.25,1007.53,1,0,RULES,1,1,1,
2026-09-27 01:12:20,baseline-rules,2695000,29.26,86.40,1007.62,30.84,72.32,1007.57,1,0,RULES,1,1,1,
2026-09-27 01:12:21,baseline-rules,2696000,29.25,86.52,1007.66,30.83,72.42,1007.50,1,0,RULES,1,1,1,
2026-09-27 01:12:22,baseline-rules,2697000,29.26,86.58,1007.65,30.83,72.33,1007.52,1,0,RULES,1,1,1,
2026-09-27 01:12:23,baseline-rules,2698000,29.24,85.94,1007.68,30.83,72.27,1007.50,1,0,RULES,1,1,1,
2026-09-27 01:12:24,baseline-rules,2699000,29.21,85.67,1007.68,30.84,72.40,1007.55,1,0,RULES,1,1,1,
2026-09-27 01:12:25,baseline-rules,2700000,29.20,85.74,1007.61,30.84,72.36,1007.54,1,0,RULES,1,1,1,
2026-09-27 01:12:26,baseline-rules,2701000,29.23,85.85,1007.57,30.82,72.39,1007.51,1,0,RULES,1,1,1,
2026-09-27 01:12:27,baseline-rules,2702000,29.24,86.16,1007.64,30.83,72.32,1007.59,1,0,RULES,1,1,1,
2026-09-27 01:12:28,baseline-rules,2703000,29.22,85.99,1007.59,30.84,72.40,1007.52,1,0,RULES,1,1,1,
2026-09-27 01:12:29,baseline-rules,2704000,29.23,86.16,1007.62,30.83,72.55,1007.50,1,0,RULES,1,1,1,
2026-09-27 01:12:29,baseline-rules,,,,,,,,,,,,,,mist A=0 B=0 (burst cap)
2026-09-27 01:12:30,baseline-rules,2705000,29.22,85.87,1007.69,30.83,72.57,1007.52,0,0,RULES,1,1,1,
2026-09-27 01:12:31,baseline-rules,2706000,29.20,85.18,1007.63,30.83,72.33,1007.50,0,0,RULES,1,1,1,
2026-09-27 01:12:32,baseline-rules,2707000,29.18,84.47,1007.61,30.83,72.77,1007.50,0,0,RULES,1,1,1,
2026-09-27 01:12:33,baseline-rules,2708000,29.15,84.74,1007.66,30.83,72.61,1007.55,0,0,RULES,1,1,1,
2026-09-27 01:12:34,baseline-rules,2709000,29.15,85.17,1007.63,30.83,72.71,1007.55,0,0,RULES,1,1,1,
2026-09-27 01:12:35,baseline-rules,2710000,29.14,85.05,1007.60,30.83,72.73,1007.53,0,0,RULES,1,1,1,
2026-09-27 01:12:36,baseline-rules,2711000,29.12,85.02,1007.68,30.82,72.71,1007.53,0,0,RULES,1,1,1,
2026-09-27 01:12:37,baseline-rules,2712000,29.08,84.80,1007.62,30.82,72.55,1007.48,0,0,RULES,1,1,1,
2026-09-27 01:12:38,baseline-rules,2713000,29.07,84.47,1007.63,30.82,72.43,1007.48,0,0,RULES,1,1,1,
2026-09-27 01:12:39,baseline-rules,2714000,29.05,84.18,1007.66,30.82,72.20,1007.53,0,0,RULES,1,1,1,
2026-09-27 01:12:40,baseline-rules,2715000,29.03,83.61,1007.62,30.82,72.55,1007.53,0,0,RULES,1,1,1,
2026-09-27 01:12:41,baseline-rules,2716000,29.02,83.50,1007.58,30.82,72.65,1007.51,0,0,RULES,1,1,1,
2026-09-27 01:12:42,baseline-rules,2717000,29.02,83.79,1007.64,30.82,72.80,1007.51,0,0,RULES,1,1,1,
2026-09-27 01:12:43,baseline-rules,2718000,29.01,83.84,1007.62,30.82,72.52,1007.45,0,0,RULES,1,1,1,
2026-09-27 01:12:44,baseline-rules,2719000,29.00,83.82,1007.66,30.82,72.72,1007.51,0,0,RULES,1,1,1,
2026-09-27 01:12:45,baseline-rules,2720000,29.00,83.87,1007.60,30.81,72.81,1007.49,0,0,RULES,1,1,1,
2026-09-27 01:12:46,baseline-rules,2721000,28.99,83.13,1007.62,30.81,72.58,1007.47,0,0,RULES,1,1,1,
2026-09-27 01:12:47,baseline-rules,2722000,29.01,84.14,1007.58,30.82,72.44,1007.53,0,0,RULES,1,1,1,
2026-09-27 01:12:48,baseline-rules,2723000,28.98,83.96,1007.62,30.81,72.44,1007.50,0,0,RULES,1,1,1,
2026-09-27 01:12:49,baseline-rules,2724000,28.97,83.63,1007.56,30.82,72.86,1007.56,0,0,RULES,1,1,1,
2026-09-27 01:12:50,baseline-rules,2725000,28.97,83.38,1007.66,30.81,72.38,1007.47,0,0,RULES,1,1,1,
2026-09-27 01:12:51,baseline-rules,2726000,28.96,83.58,1007.67,30.82,72.72,1007.53,0,0,RULES,1,1,1,
2026-09-27 01:12:52,baseline-rules,2727000,28.96,83.41,1007.60,30.81,72.58,1007.44,0,0,RULES,1,1,1,
2026-09-27 01:12:53,baseline-rules,2728000,28.95,83.49,1007.58,30.82,72.68,1007.51,0,0,RULES,1,1,1,
2026-09-27 01:12:54,baseline-rules,2729000,28.96,83.59,1007.70,30.83,72.54,1007.50,0,0,RULES,1,1,1,
2026-09-27 01:12:55,baseline-rules,2730000,28.96,83.40,1007.56,30.84,72.68,1007.51,0,0,RULES,1,1,1,
2026-09-27 01:12:56,baseline-rules,2731000,28.95,82.83,1007.55,30.83,72.53,1007.56,0,0,RULES,1,1,1,
2026-09-27 01:12:57,baseline-rules,2732000,28.96,83.34,1007.59,30.83,72.61,1007.50,0,0,RULES,1,1,1,
2026-09-27 01:12:58,baseline-rules,2733000,28.95,83.61,1007.58,30.83,72.69,1007.58,0,0,RULES,1,1,1,
2026-09-27 01:12:59,baseline-rules,2734000,28.95,83.91,1007.64,30.83,72.62,1007.50,0,0,RULES,1,1,1,
2026-09-27 01:13:00,baseline-rules,2735000,28.95,83.29,1007.58,30.84,72.51,1007.57,0,0,RULES,1,1,1,
2026-09-27 01:13:01,baseline-rules,2736000,28.96,83.05,1007.76,30.82,72.71,1007.48,0,0,RULES,1,1,1,
2026-09-27 01:13:02,baseline-rules,2737000,28.97,83.77,1007.60,30.83,72.67,1007.55,0,0,RULES,1,1,1,
2026-09-27 01:13:03,baseline-rules,2738000,28.97,83.72,1007.55,30.83,72.43,1007.50,0,0,RULES,1,1,1,
2026-09-27 01:13:04,baseline-rules,2739000,28.96,83.23,1007.60,30.83,72.48,1007.50,0,0,RULES,1,1,1,
2026-09-27 01:13:05,baseline-rules,2740000,28.97,82.92,1007.58,30.83,72.39,1007.52,0,0,RULES,1,1,1,
2026-09-27 01:13:06,baseline-rules,2741000,28.97,83.06,1007.61,30.84,72.45,1007.54,0,0,RULES,1,1,1,
2026-09-27 01:13:07,baseline-rules,2742000,28.97,82.84,1007.60,30.83,72.45,1007.50,0,0,RULES,1,1,1,
2026-09-27 01:13:08,baseline-rules,2743000,28.95,82.61,1007.66,30.84,72.48,1007.54,0,0,RULES,1,1,1,
2026-09-27 01:13:09,baseline-rules,2744000,28.94,82.29,1007.67,30.84,72.70,1007.52,0,0,RULES,1,1,1,
2026-09-27 01:13:10,baseline-rules,2745000,28.93,82.14,1007.65,30.84,72.48,1007.48,0,0,RULES,1,1,1,
2026-09-27 01:13:11,baseline-rules,2746000,28.93,82.99,1007.66,30.83,72.41,1007.59,0,0,RULES,1,1,1,
2026-09-27 01:13:12,baseline-rules,2747000,28.91,82.16,1007.57,30.83,72.60,1007.48,0,0,RULES,1,1,1,
2026-09-27 01:13:13,baseline-rules,2748000,28.93,82.42,1007.63,30.84,72.37,1007.51,0,0,RULES,1,1,1,
2026-09-27 01:13:14,baseline-rules,2749000,28.93,82.01,1007.65,30.83,72.48,1007.56,0,0,RULES,1,1,1,
2026-09-27 01:13:15,baseline-rules,2750000,28.92,82.69,1007.64,30.83,72.43,1007.48,0,0,RULES,1,1,1,
2026-09-27 01:13:16,baseline-rules,2751000,28.92,82.30,1007.62,30.84,72.49,1007.46,0,0,RULES,1,1,1,
2026-09-27 01:13:17,baseline-rules,2752000,28.93,82.29,1007.62,30.82,72.51,1007.40,0,0,RULES,1,1,1,
2026-09-27 01:13:18,baseline-rules,2753000,28.92,83.32,1007.53,30.83,72.52,1007.42,0,0,RULES,1,1,1,
2026-09-27 01:13:19,baseline-rules,2754000,28.92,83.09,1007.62,30.84,72.55,1007.51,0,0,RULES,1,1,1,
2026-09-27 01:13:20,baseline-rules,2755000,28.94,83.47,1007.70,30.83,72.52,1007.50,0,0,RULES,1,1,1,
2026-09-27 01:13:21,baseline-rules,2756000,28.93,83.34,1007.63,30.83,72.48,1007.50,0,0,RULES,1,1,1,
2026-09-27 01:13:22,baseline-rules,2757000,28.93,83.33,1007.68,30.84,72.69,1007.48,0,0,RULES,1,1,1,
2026-09-27 01:13:23,baseline-rules,2758000,28.94,83.18,1007.56,30.84,72.51,1007.51,0,0,RULES,1,1,1,
2026-09-27 01:13:24,baseline-rules,2759000,28.94,82.63,1007.56,30.84,72.70,1007.51,0,0,RULES,1,1,1,
2026-09-27 01:13:25,baseline-rules,2760000,28.95,82.37,1007.55,30.84,72.47,1007.63,0,0,RULES,1,1,1,
2026-09-27 01:13:26,baseline-rules,2761000,28.95,82.35,1007.66,30.84,72.41,1007.54,0,0,RULES,1,1,1,
2026-09-27 01:13:27,baseline-rules,2762000,28.94,81.95,1007.62,30.84,72.51,1007.48,0,0,RULES,1,1,1,
2026-09-27 01:13:28,baseline-rules,2763000,28.94,81.71,1007.65,30.84,72.59,1007.57,0,0,RULES,1,1,1,
2026-09-27 01:13:29,baseline-rules,2764000,28.93,81.34,1007.62,30.84,72.40,1007.51,0,0,RULES,1,1,1,
2026-09-27 01:13:30,baseline-rules,2765000,28.93,81.75,1007.72,30.83,72.34,1007.48,0,0,RULES,1,1,1,
2026-09-27 01:13:31,baseline-rules,2766000,28.92,81.77,1007.64,30.84,72.41,1007.52,0,0,RULES,1,1,1,
2026-09-27 01:13:32,baseline-rules,2767000,28.92,81.70,1007.58,30.84,72.33,1007.46,0,0,RULES,1,1,1,
2026-09-27 01:13:33,baseline-rules,2768000,28.92,81.17,1007.64,30.84,72.35,1007.48,0,0,RULES,1,1,1,
2026-09-27 01:13:34,baseline-rules,2769000,28.92,81.71,1007.69,30.84,72.46,1007.51,0,0,RULES,1,1,1,
2026-09-27 01:13:35,baseline-rules,2770000,28.90,81.44,1007.64,30.83,72.42,1007.53,0,0,RULES,1,1,1,
2026-09-27 01:13:36,baseline-rules,2771000,28.91,81.18,1007.62,30.84,72.36,1007.51,0,0,RULES,1,1,1,
2026-09-27 01:13:37,baseline-rules,2772000,28.91,81.20,1007.66,30.83,72.44,1007.56,0,0,RULES,1,1,1,
2026-09-27 01:13:38,baseline-rules,2773000,28.92,81.35,1007.67,30.84,72.54,1007.46,0,0,RULES,1,1,1,
2026-09-27 01:13:39,baseline-rules,2774000,28.90,82.10,1007.67,30.84,72.66,1007.51,0,0,RULES,1,1,1,
2026-09-27 01:13:40,baseline-rules,2775000,28.91,82.07,1007.63,30.84,72.73,1007.57,0,0,RULES,1,1,1,
2026-09-27 01:13:41,baseline-rules,2776000,28.92,81.44,1007.67,30.83,72.52,1007.50,0,0,RULES,1,1,1,
2026-09-27 01:13:42,baseline-rules,2777000,28.92,81.94,1007.64,30.83,72.42,1007.53,0,0,RULES,1,1,1,
2026-09-27 01:13:43,baseline-rules,2778000,28.93,82.16,1007.71,30.83,72.49,1007.44,0,0,RULES,1,1,1,
2026-09-27 01:13:44,baseline-rules,2779000,28.92,82.42,1007.67,30.83,72.81,1007.50,0,0,RULES,1,1,1,
2026-09-27 01:13:45,baseline-rules,2780000,28.91,81.38,1007.60,30.84,72.43,1007.54,0,0,RULES,1,1,1,
2026-09-27 01:13:46,baseline-rules,2781000,28.93,81.89,1007.60,30.83,72.75,1007.55,0,0,RULES,1,1,1,
2026-09-27 01:13:47,baseline-rules,2782000,28.93,81.71,1007.68,30.83,72.39,1007.50,0,0,RULES,1,1,1,
2026-09-27 01:13:48,baseline-rules,2783000,28.93,82.41,1007.66,30.83,72.32,1007.50,0,0,RULES,1,1,1,
2026-09-27 01:13:49,baseline-rules,2784000,28.92,82.79,1007.62,30.82,72.37,1007.54,0,0,RULES,1,1,1,
2026-09-27 01:13:50,baseline-rules,2785000,28.93,83.46,1007.63,30.83,72.35,1007.50,0,0,RULES,1,1,1,
2026-09-27 01:13:51,baseline-rules,2786000,28.92,82.66,1007.70,30.83,72.41,1007.52,0,0,RULES,1,1,1,
2026-09-27 01:13:52,baseline-rules,2787000,28.93,82.33,1007.63,30.83,72.49,1007.59,0,0,RULES,1,1,1,
2026-09-27 01:13:53,baseline-rules,2788000,28.92,82.50,1007.56,30.83,72.50,1007.50,0,0,RULES,1,1,1,
2026-09-27 01:13:54,baseline-rules,2789000,28.93,82.92,1007.66,30.84,72.50,1007.51,0,0,RULES,1,1,1,
2026-09-27 01:13:55,baseline-rules,2790000,28.92,82.39,1007.67,30.84,72.39,1007.52,0,0,RULES,1,1,1,
2026-09-27 01:13:56,baseline-rules,2791000,28.92,82.81,1007.53,30.84,72.32,1007.51,0,0,RULES,1,1,1,
2026-09-27 01:13:57,baseline-rules,2792000,28.91,83.30,1007.62,30.84,72.33,1007.51,0,0,RULES,1,1,1,
2026-09-27 01:13:58,baseline-rules,2793000,28.90,82.20,1007.63,30.84,72.37,1007.51,0,0,RULES,1,1,1,
2026-09-27 01:13:59,baseline-rules,2794000,28.91,82.18,1007.68,30.83,72.55,1007.56,0,0,RULES,1,1,1,
2026-09-27 01:14:00,baseline-rules,2795000,28.89,82.11,1007.65,30.84,72.50,1007.51,0,0,RULES,1,1,1,
2026-09-27 01:14:01,baseline-rules,2796000,28.88,81.66,1007.66,30.83,72.44,1007.59,0,0,RULES,1,1,1,
2026-09-27 01:14:02,baseline-rules,2797000,28.90,82.26,1007.57,30.83,72.32,1007.50,0,0,RULES,1,1,1,
2026-09-27 01:14:03,baseline-rules,2798000,28.90,82.55,1007.60,30.83,72.50,1007.50,0,0,RULES,1,1,1,
2026-09-27 01:14:04,baseline-rules,2799000,28.90,82.61,1007.63,30.81,72.42,1007.47,0,0,RULES,1,1,1,
2026-09-27 01:14:05,baseline-rules,2800000,28.90,82.46,1007.64,30.82,72.43,1007.51,0,0,RULES,1,1,1,
2026-09-27 01:14:06,baseline-rules,2801000,28.90,81.78,1007.63,30.82,72.46,1007.45,0,0,RULES,1,1,1,
2026-09-27 01:14:07,baseline-rules,2802000,28.90,81.53,1007.67,30.83,72.34,1007.47,0,0,RULES,1,1,1,
2026-09-27 01:14:08,baseline-rules,2803000,28.91,81.39,1007.66,30.81,72.29,1007.50,0,0,RULES,1,1,1,
2026-09-27 01:14:09,baseline-rules,2804000,28.90,82.54,1007.67,30.81,72.55,1007.50,0,0,RULES,1,1,1,
2026-09-27 01:14:10,baseline-rules,2805000,28.89,82.14,1007.68,30.81,72.43,1007.53,0,0,RULES,1,1,1,
2026-09-27 01:14:11,baseline-rules,2806000,28.90,82.33,1007.69,30.81,72.57,1007.49,0,0,RULES,1,1,1,
2026-09-27 01:14:12,baseline-rules,2807000,28.90,81.95,1007.61,30.81,72.49,1007.52,0,0,RULES,1,1,1,
2026-09-27 01:14:13,baseline-rules,2808000,28.90,82.15,1007.61,30.81,72.33,1007.50,0,0,RULES,1,1,1,
2026-09-27 01:14:14,baseline-rules,2809000,28.90,81.95,1007.64,30.80,72.42,1007.54,0,0,RULES,1,1,1,
2026-09-27 01:14:15,baseline-rules,2810000,28.91,81.47,1007.63,30.81,72.57,1007.52,0,0,RULES,1,1,1,
2026-09-27 01:14:16,baseline-rules,2811000,28.90,81.91,1007.64,30.81,72.80,1007.52,0,0,RULES,1,1,1,
2026-09-27 01:14:17,baseline-rules,2812000,28.90,82.03,1007.61,30.81,72.48,1007.49,0,0,RULES,1,1,1,
2026-09-27 01:14:18,baseline-rules,2813000,28.91,81.56,1007.68,30.81,72.49,1007.52,0,0,RULES,1,1,1,
2026-09-27 01:14:19,baseline-rules,2814000,28.91,81.56,1007.63,30.80,72.59,1007.50,0,0,RULES,1,1,1,
2026-09-27 01:14:20,baseline-rules,2815000,28.91,81.64,1007.68,30.81,72.47,1007.55,0,0,RULES,1,1,1,
2026-09-27 01:14:21,baseline-rules,2816000,28.91,81.20,1007.68,30.81,72.48,1007.53,0,0,RULES,1,1,1,
2026-09-27 01:14:22,baseline-rules,2817000,28.92,81.61,1007.66,30.81,72.52,1007.52,0,0,RULES,1,1,1,
2026-09-27 01:14:23,baseline-rules,2818000,28.91,81.72,1007.62,30.81,72.42,1007.50,0,0,RULES,1,1,1,
2026-09-27 01:14:24,baseline-rules,2819000,28.90,81.67,1007.63,30.81,72.63,1007.46,0,0,RULES,1,1,1,
2026-09-27 01:14:25,baseline-rules,2820000,28.89,80.90,1007.62,30.80,72.40,1007.48,0,0,RULES,1,1,1,
2026-09-27 01:14:26,baseline-rules,2821000,28.90,81.33,1007.64,30.80,72.70,1007.48,0,0,RULES,1,1,1,
2026-09-27 01:14:27,baseline-rules,2822000,28.89,81.20,1007.62,30.80,72.33,1007.48,0,0,RULES,1,1,1,
2026-09-27 01:14:28,baseline-rules,2823000,28.90,81.28,1007.64,30.80,72.42,1007.51,0,0,RULES,1,1,1,
2026-09-27 01:14:29,baseline-rules,2824000,28.89,81.25,1007.65,30.79,72.39,1007.49,0,0,RULES,1,1,1,
2026-09-27 01:14:30,baseline-rules,2825000,28.90,81.70,1007.66,30.80,72.47,1007.54,0,0,RULES,1,1,1,
2026-09-27 01:14:31,baseline-rules,2826000,28.89,81.66,1007.62,30.80,72.53,1007.56,0,0,RULES,1,1,1,
2026-09-27 01:14:32,baseline-rules,2827000,28.89,81.93,1007.64,30.80,72.49,1007.48,0,0,RULES,1,1,1,
2026-09-27 01:14:33,baseline-rules,2828000,28.89,81.89,1007.65,30.80,72.45,1007.57,0,0,RULES,1,1,1,
2026-09-27 01:14:34,baseline-rules,2829000,28.89,81.54,1007.62,30.80,72.44,1007.56,0,0,RULES,1,1,1,
2026-09-27 01:14:35,baseline-rules,2830000,28.90,81.95,1007.60,30.81,72.42,1007.52,0,0,RULES,1,1,1,
2026-09-27 01:14:36,baseline-rules,2831000,28.90,82.24,1007.70,30.80,72.28,1007.45,0,0,RULES,1,1,1,
2026-09-27 01:14:37,baseline-rules,2832000,28.90,81.85,1007.67,30.80,72.37,1007.53,0,0,RULES,1,1,1,
2026-09-27 01:14:38,baseline-rules,2833000,28.89,81.91,1007.59,30.80,72.36,1007.51,0,0,RULES,1,1,1,
2026-09-27 01:14:39,baseline-rules,2834000,28.91,81.74,1007.68,30.80,72.45,1007.51,0,0,RULES,1,1,1,
2026-09-27 01:14:40,baseline-rules,2835000,28.92,81.61,1007.66,30.80,72.37,1007.50,0,0,RULES,1,1,1,
2026-09-27 01:14:41,baseline-rules,2836000,28.91,81.18,1007.63,30.80,72.67,1007.51,0,0,RULES,1,1,1,
2026-09-27 01:14:42,baseline-rules,2837000,28.91,81.29,1007.66,30.80,72.48,1007.50,0,0,RULES,1,1,1,
2026-09-27 01:14:43,baseline-rules,2838000,28.92,81.62,1007.64,30.80,72.45,1007.50,0,0,RULES,1,1,1,
2026-09-27 01:14:44,baseline-rules,2839000,28.92,82.16,1007.64,30.80,72.41,1007.50,0,0,RULES,1,1,1,
2026-09-27 01:14:45,baseline-rules,2840000,28.92,81.91,1007.72,30.79,72.50,1007.46,0,0,RULES,1,1,1,
2026-09-27 01:14:46,baseline-rules,2841000,28.92,81.28,1007.64,30.79,72.49,1007.51,0,0,RULES,1,1,1,
2026-09-27 01:14:47,baseline-rules,2842000,28.93,81.93,1007.60,30.79,72.62,1007.46,0,0,RULES,1,1,1,
2026-09-27 01:14:48,baseline-rules,2843000,28.93,82.41,1007.62,30.80,72.63,1007.45,0,0,RULES,1,1,1,
2026-09-27 01:14:49,baseline-rules,2844000,28.93,82.53,1007.69,30.80,72.55,1007.56,0,0,RULES,1,1,1,
2026-09-27 01:14:50,baseline-rules,2845000,28.93,82.87,1007.63,30.80,72.63,1007.51,0,0,RULES,1,1,1,
2026-09-27 01:14:51,baseline-rules,2846000,28.93,82.15,1007.62,30.80,72.36,1007.39,0,0,RULES,1,1,1,
2026-09-27 01:14:52,baseline-rules,2847000,28.94,82.07,1007.70,30.80,72.48,1007.50,0,0,RULES,1,1,1,
2026-09-27 01:14:53,baseline-rules,2848000,28.95,82.63,1007.68,30.80,72.92,1007.48,0,0,RULES,1,1,1,
2026-09-27 01:14:54,baseline-rules,2849000,28.94,82.54,1007.70,30.80,72.82,1007.48,0,0,RULES,1,1,1,
2026-09-27 01:14:55,baseline-rules,2850000,28.94,82.23,1007.68,30.80,72.53,1007.53,0,0,RULES,1,1,1,
2026-09-27 01:14:56,baseline-rules,2851000,28.94,82.51,1007.56,30.80,72.84,1007.51,0,0,RULES,1,1,1,
2026-09-27 01:14:57,baseline-rules,2852000,28.94,82.44,1007.70,30.81,72.60,1007.52,0,0,RULES,1,1,1,
2026-09-27 01:14:58,baseline-rules,2853000,28.95,81.89,1007.64,30.80,72.40,1007.53,0,0,RULES,1,1,1,
2026-09-27 01:14:59,baseline-rules,2854000,28.96,81.86,1007.70,30.81,72.83,1007.46,0,0,RULES,1,1,1,
2026-09-27 01:15:00,baseline-rules,2855000,28.96,82.28,1007.68,30.81,72.56,1007.52,0,0,RULES,1,1,1,
2026-09-27 01:15:01,baseline-rules,2856000,28.96,81.77,1007.60,30.80,72.52,1007.51,0,0,RULES,1,1,1,
2026-09-27 01:15:02,baseline-rules,2857000,28.97,81.88,1007.60,30.80,72.75,1007.56,0,0,RULES,1,1,1,
2026-09-27 01:15:03,baseline-rules,2858000,28.97,81.92,1007.66,30.81,72.96,1007.44,0,0,RULES,1,1,1,
2026-09-27 01:15:04,baseline-rules,2859000,28.96,81.38,1007.65,30.81,72.61,1007.57,0,0,RULES,1,1,1,
2026-09-27 01:15:05,baseline-rules,2860000,28.97,81.01,1007.67,30.80,72.50,1007.54,0,0,RULES,1,1,1,
2026-09-27 01:15:06,baseline-rules,2861000,28.98,81.27,1007.62,30.81,72.89,1007.57,0,0,RULES,1,1,1,
2026-09-27 01:15:07,baseline-rules,2862000,28.98,81.12,1007.62,30.81,72.56,1007.55,0,0,RULES,1,1,1,
2026-09-27 01:15:08,baseline-rules,2863000,28.98,81.15,1007.65,30.80,72.90,1007.51,0,0,RULES,1,1,1,
2026-09-27 01:15:09,baseline-rules,2864000,28.99,81.66,1007.64,30.81,72.66,1007.52,0,0,RULES,1,1,1,
2026-09-27 01:15:10,baseline-rules,2865000,28.98,81.13,1007.68,30.80,72.79,1007.48,0,0,RULES,1,1,1,
2026-09-27 01:15:11,baseline-rules,2866000,28.99,80.94,1007.62,30.79,72.76,1007.49,0,0,RULES,1,1,1,
2026-09-27 01:15:12,baseline-rules,2867000,29.00,81.33,1007.60,30.80,72.61,1007.54,0,0,RULES,1,1,1,
2026-09-27 01:15:13,baseline-rules,2868000,29.00,81.15,1007.63,30.80,72.60,1007.48,0,0,RULES,1,1,1,
2026-09-27 01:15:14,baseline-rules,2869000,29.00,80.66,1007.60,30.80,72.60,1007.54,0,0,RULES,1,1,1,
2026-09-27 01:15:15,baseline-rules,2870000,29.00,80.62,1007.60,30.80,72.93,1007.53,0,0,RULES,1,1,1,
2026-09-27 01:15:16,baseline-rules,2871000,29.01,81.21,1007.64,30.80,72.57,1007.53,0,0,RULES,1,1,1,
2026-09-27 01:15:17,baseline-rules,2872000,29.00,81.40,1007.66,30.81,72.66,1007.52,0,0,RULES,1,1,1,
2026-09-27 01:15:18,baseline-rules,2873000,28.99,80.94,1007.62,30.80,72.70,1007.50,0,0,RULES,1,1,1,
2026-09-27 01:15:19,baseline-rules,2874000,29.00,80.72,1007.60,30.80,72.84,1007.48,0,0,RULES,1,1,1,
2026-09-27 01:15:20,baseline-rules,2875000,29.00,80.61,1007.60,30.80,72.80,1007.56,0,0,RULES,1,1,1,
2026-09-27 01:15:21,baseline-rules,2876000,29.01,81.14,1007.65,30.80,72.90,1007.54,0,0,RULES,1,1,1,
2026-09-27 01:15:22,baseline-rules,2877000,29.00,81.20,1007.63,30.81,72.81,1007.55,0,0,RULES,1,1,1,
2026-09-27 01:15:23,baseline-rules,2878000,29.01,81.25,1007.61,30.80,72.83,1007.56,0,0,RULES,1,1,1,
2026-09-27 01:15:24,baseline-rules,2879000,29.02,80.85,1007.60,30.81,72.65,1007.52,0,0,RULES,1,1,1,
2026-09-27 01:15:25,baseline-rules,2880000,29.02,80.72,1007.57,30.80,72.65,1007.53,0,0,RULES,1,1,1,
2026-09-27 01:15:26,baseline-rules,2881000,29.02,80.48,1007.66,30.80,72.66,1007.48,0,0,RULES,1,1,1,
2026-09-27 01:15:27,baseline-rules,2882000,29.02,80.71,1007.66,30.81,72.47,1007.55,0,0,RULES,1,1,1,
2026-09-27 01:15:28,baseline-rules,2883000,29.02,80.41,1007.57,30.79,72.62,1007.47,0,0,RULES,1,1,1,
2026-09-27 01:15:29,baseline-rules,2884000,29.02,80.23,1007.63,30.80,72.58,1007.57,0,0,RULES,1,1,1,
2026-09-27 01:15:30,baseline-rules,2885000,29.01,80.72,1007.65,30.80,72.42,1007.50,0,0,RULES,1,1,1,
2026-09-27 01:15:31,baseline-rules,2886000,29.01,80.94,1007.62,30.80,72.35,1007.54,0,0,RULES,1,1,1,
2026-09-27 01:15:32,baseline-rules,2887000,29.02,80.95,1007.58,30.80,72.49,1007.48,0,0,RULES,1,1,1,
2026-09-27 01:15:33,baseline-rules,2888000,29.03,81.39,1007.60,30.80,72.47,1007.50,0,0,RULES,1,1,1,
2026-09-27 01:15:34,baseline-rules,2889000,29.02,81.52,1007.64,30.80,72.45,1007.51,0,0,RULES,1,1,1,
2026-09-27 01:15:35,baseline-rules,2890000,29.02,81.54,1007.64,30.80,72.56,1007.53,0,0,RULES,1,1,1,
2026-09-27 01:15:36,baseline-rules,2891000,29.01,80.96,1007.68,30.80,72.48,1007.50,0,0,RULES,1,1,1,
2026-09-27 01:15:37,baseline-rules,2892000,29.02,81.14,1007.68,30.80,72.40,1007.56,0,0,RULES,1,1,1,
2026-09-27 01:15:38,baseline-rules,2893000,29.01,80.92,1007.59,30.80,72.40,1007.56,0,0,RULES,1,1,1,
2026-09-27 01:15:39,baseline-rules,2894000,29.01,81.04,1007.65,30.80,72.44,1007.56,0,0,RULES,1,1,1,
2026-09-27 01:15:40,baseline-rules,2895000,29.01,80.67,1007.64,30.80,72.65,1007.51,0,0,RULES,1,1,1,
2026-09-27 01:15:41,baseline-rules,2896000,29.01,80.64,1007.68,30.79,72.44,1007.55,0,0,RULES,1,1,1,
2026-09-27 01:15:42,baseline-rules,2897000,29.01,80.71,1007.56,30.80,72.45,1007.54,0,0,RULES,1,1,1,
2026-09-27 01:15:43,baseline-rules,2898000,29.02,80.45,1007.54,30.80,72.39,1007.56,0,0,RULES,1,1,1,
2026-09-27 01:15:44,baseline-rules,2899000,29.02,80.66,1007.61,30.80,72.44,1007.57,0,0,RULES,1,1,1,
2026-09-27 01:15:45,baseline-rules,2900000,29.03,80.39,1007.62,30.80,72.45,1007.53,0,0,RULES,1,1,1,
2026-09-27 01:15:46,baseline-rules,2901000,29.04,80.46,1007.67,30.80,72.45,1007.61,0,0,RULES,1,1,1,
2026-09-27 01:15:47,baseline-rules,2902000,29.03,80.65,1007.59,30.80,72.46,1007.50,0,0,RULES,1,1,1,
2026-09-27 01:15:48,baseline-rules,2903000,29.03,80.94,1007.60,30.80,72.76,1007.53,0,0,RULES,1,1,1,
2026-09-27 01:15:49,baseline-rules,2904000,29.04,80.83,1007.60,30.79,72.86,1007.54,0,0,RULES,1,1,1,
2026-09-27 01:15:50,baseline-rules,2905000,29.03,80.31,1007.62,30.79,72.63,1007.51,0,0,RULES,1,1,1,
2026-09-27 01:15:51,baseline-rules,2906000,29.05,80.86,1007.63,30.81,72.43,1007.55,0,0,RULES,1,1,1,
2026-09-27 01:15:52,baseline-rules,2907000,29.05,80.69,1007.68,30.80,72.49,1007.56,0,0,RULES,1,1,1,
2026-09-27 01:15:53,baseline-rules,2908000,29.06,80.69,1007.61,30.79,72.68,1007.49,0,0,RULES,1,1,1,
2026-09-27 01:15:54,baseline-rules,2909000,29.06,80.94,1007.59,30.79,72.82,1007.54,0,0,RULES,1,1,1,
2026-09-27 01:15:55,baseline-rules,2910000,29.07,80.76,1007.65,30.80,72.49,1007.53,0,0,RULES,1,1,1,
2026-09-27 01:15:56,baseline-rules,2911000,29.06,80.58,1007.61,30.79,72.46,1007.51,0,0,RULES,1,1,1,
2026-09-27 01:15:57,baseline-rules,2912000,29.07,81.02,1007.61,30.80,72.46,1007.53,0,0,RULES,1,1,1,
2026-09-27 01:15:58,baseline-rules,2913000,29.08,81.00,1007.59,30.79,72.36,1007.55,0,0,RULES,1,1,1,
2026-09-27 01:15:59,baseline-rules,2914000,29.09,81.34,1007.69,30.80,72.46,1007.54,0,0,RULES,1,1,1,
2026-09-27 01:16:00,baseline-rules,2915000,29.09,81.17,1007.63,30.80,72.45,1007.53,0,0,RULES,1,1,1,
2026-09-27 01:16:01,baseline-rules,2916000,29.08,80.89,1007.59,30.80,72.45,1007.53,0,0,RULES,1,1,1,
2026-09-27 01:16:02,baseline-rules,2917000,29.09,81.07,1007.61,30.80,72.49,1007.53,0,0,RULES,1,1,1,
2026-09-27 01:16:03,baseline-rules,2918000,29.10,81.21,1007.62,30.80,72.45,1007.56,0,0,RULES,1,1,1,
2026-09-27 01:16:04,baseline-rules,2919000,29.09,81.13,1007.64,30.79,72.45,1007.54,0,0,RULES,1,1,1,
2026-09-27 01:16:05,baseline-rules,2920000,29.10,80.73,1007.76,30.80,72.47,1007.59,0,0,RULES,1,1,1,
2026-09-27 01:16:06,baseline-rules,2921000,29.10,80.60,1007.68,30.80,72.74,1007.57,0,0,RULES,1,1,1,
2026-09-27 01:16:07,baseline-rules,2922000,29.10,80.87,1007.60,30.80,72.60,1007.51,0,0,RULES,1,1,1,
2026-09-27 01:16:08,baseline-rules,2923000,29.11,81.01,1007.63,30.81,72.64,1007.52,0,0,RULES,1,1,1,
2026-09-27 01:16:09,baseline-rules,2924000,29.10,81.06,1007.59,30.81,72.55,1007.55,0,0,RULES,1,1,1,
2026-09-27 01:16:10,baseline-rules,2925000,29.11,81.43,1007.66,30.81,72.61,1007.52,0,0,RULES,1,1,1,
2026-09-27 01:16:11,baseline-rules,2926000,29.12,80.83,1007.59,30.81,72.73,1007.55,0,0,RULES,1,1,1,
2026-09-27 01:16:12,baseline-rules,2927000,29.13,80.91,1007.66,30.80,72.53,1007.57,0,0,RULES,1,1,1,
2026-09-27 01:16:13,baseline-rules,2928000,29.14,80.46,1007.62,30.80,72.55,1007.59,0,0,RULES,1,1,1,
2026-09-27 01:16:14,baseline-rules,2929000,29.14,80.37,1007.67,30.80,72.81,1007.53,0,0,RULES,1,1,1,
2026-09-27 01:16:15,baseline-rules,2930000,29.14,80.26,1007.67,30.81,72.64,1007.57,0,0,RULES,1,1,1,
2026-09-27 01:16:16,baseline-rules,2931000,29.14,80.13,1007.67,30.80,72.58,1007.50,0,0,RULES,1,1,1,
2026-09-27 01:16:17,baseline-rules,2932000,29.15,80.58,1007.61,30.81,72.45,1007.57,0,0,RULES,1,1,1,
2026-09-27 01:16:18,baseline-rules,2933000,29.14,80.32,1007.62,30.80,72.55,1007.57,0,0,RULES,1,1,1,
2026-09-27 01:16:19,baseline-rules,2934000,29.14,80.20,1007.62,30.80,72.45,1007.50,0,0,RULES,1,1,1,
2026-09-27 01:16:20,baseline-rules,2935000,29.15,80.74,1007.63,30.81,72.40,1007.57,0,0,RULES,1,1,1,
2026-09-27 01:16:21,baseline-rules,2936000,29.14,81.27,1007.63,30.80,72.46,1007.51,0,0,RULES,1,1,1,
2026-09-27 01:16:22,baseline-rules,2937000,29.15,81.10,1007.61,30.80,72.48,1007.51,0,0,RULES,1,1,1,
2026-09-27 01:16:23,baseline-rules,2938000,29.14,80.61,1007.65,30.80,72.42,1007.59,0,0,RULES,1,1,1,
2026-09-27 01:16:24,baseline-rules,2939000,29.15,80.34,1007.66,30.80,72.39,1007.51,0,0,RULES,1,1,1,
2026-09-27 01:16:25,baseline-rules,2940000,29.15,80.44,1007.64,30.79,72.39,1007.55,0,0,RULES,1,1,1,
2026-09-27 01:16:26,baseline-rules,2941000,29.15,80.51,1007.61,30.80,72.40,1007.56,0,0,RULES,1,1,1,
2026-09-27 01:16:27,baseline-rules,2942000,29.14,80.33,1007.68,30.80,72.38,1007.50,0,0,RULES,1,1,1,
2026-09-27 01:16:28,baseline-rules,2943000,29.14,79.94,1007.57,30.80,72.31,1007.56,0,0,RULES,1,1,1,
2026-09-27 01:16:29,baseline-rules,2944000,29.15,80.57,1007.61,30.80,72.27,1007.56,0,0,RULES,1,1,1,
2026-09-27 01:16:30,baseline-rules,2945000,29.15,81.33,1007.59,30.80,72.70,1007.53,0,0,RULES,1,1,1,
2026-09-27 01:16:31,baseline-rules,2946000,29.16,80.65,1007.62,30.79,72.43,1007.49,0,0,RULES,1,1,1,
2026-09-27 01:16:32,baseline-rules,2947000,29.16,80.13,1007.66,30.79,72.45,1007.49,0,0,RULES,1,1,1,
2026-09-27 01:16:33,baseline-rules,2948000,29.17,80.17,1007.64,30.78,72.32,1007.48,0,0,RULES,1,1,1,
2026-09-27 01:16:34,baseline-rules,2949000,29.16,79.92,1007.66,30.80,72.35,1007.51,0,0,RULES,1,1,1,
2026-09-27 01:16:35,baseline-rules,2950000,29.18,79.81,1007.57,30.80,72.50,1007.56,0,0,RULES,1,1,1,
2026-09-27 01:16:36,baseline-rules,2951000,29.17,80.17,1007.67,30.79,72.46,1007.55,0,0,RULES,1,1,1,
2026-09-27 01:16:37,baseline-rules,2952000,29.17,80.09,1007.64,30.80,72.54,1007.53,0,0,RULES,1,1,1,
2026-09-27 01:16:38,baseline-rules,2953000,29.17,80.42,1007.65,30.80,72.36,1007.56,0,0,RULES,1,1,1,
2026-09-27 01:16:39,baseline-rules,2954000,29.17,79.64,1007.64,30.80,72.50,1007.59,0,0,RULES,1,1,1,
2026-09-27 01:16:40,baseline-rules,2955000,29.18,79.99,1007.63,30.79,72.67,1007.58,0,0,RULES,1,1,1,
2026-09-27 01:16:41,baseline-rules,2956000,29.18,80.49,1007.66,30.80,72.55,1007.53,0,0,RULES,1,1,1,
2026-09-27 01:16:42,baseline-rules,2957000,29.17,79.92,1007.59,30.79,72.37,1007.52,0,0,RULES,1,1,1,
2026-09-27 01:16:43,baseline-rules,2958000,29.17,80.77,1007.56,30.79,72.40,1007.57,0,0,RULES,1,1,1,
2026-09-27 01:16:44,baseline-rules,2959000,29.18,80.21,1007.68,30.79,72.79,1007.55,0,0,RULES,1,1,1,
2026-09-27 01:16:45,baseline-rules,2960000,29.18,80.05,1007.64,30.78,72.85,1007.56,0,0,RULES,1,1,1,
2026-09-27 01:16:46,baseline-rules,2961000,29.19,80.27,1007.68,30.79,72.71,1007.54,0,0,RULES,1,1,1,
2026-09-27 01:16:47,baseline-rules,2962000,29.19,80.29,1007.62,30.78,72.40,1007.56,0,0,RULES,1,1,1,
2026-09-27 01:16:48,baseline-rules,2963000,29.18,80.38,1007.61,30.79,72.74,1007.54,0,0,RULES,1,1,1,
2026-09-27 01:16:49,baseline-rules,2964000,29.19,80.60,1007.68,30.79,72.42,1007.58,0,0,RULES,1,1,1,
2026-09-27 01:16:50,baseline-rules,2965000,29.19,80.45,1007.67,30.79,72.82,1007.57,0,0,RULES,1,1,1,
2026-09-27 01:16:51,baseline-rules,2966000,29.18,79.88,1007.61,30.79,72.52,1007.60,0,0,RULES,1,1,1,
2026-09-27 01:16:52,baseline-rules,2967000,29.19,79.96,1007.68,30.78,72.78,1007.55,0,0,RULES,1,1,1,
2026-09-27 01:16:53,baseline-rules,2968000,29.19,79.87,1007.64,30.78,72.59,1007.51,0,0,RULES,1,1,1,
2026-09-27 01:16:54,baseline-rules,2969000,29.19,79.85,1007.57,30.78,72.43,1007.59,0,0,RULES,1,1,1,
2026-09-27 01:16:55,baseline-rules,2970000,29.19,80.32,1007.70,30.79,72.57,1007.51,0,0,RULES,1,1,1,
2026-09-27 01:16:56,baseline-rules,2971000,29.19,80.75,1007.68,30.78,72.48,1007.56,0,0,RULES,1,1,1,
2026-09-27 01:16:57,baseline-rules,2972000,29.20,80.94,1007.61,30.79,72.49,1007.51,0,0,RULES,1,1,1,
2026-09-27 01:16:58,baseline-rules,2973000,29.19,80.79,1007.60,30.79,72.34,1007.57,0,0,RULES,1,1,1,
2026-09-27 01:16:59,baseline-rules,2974000,29.21,80.30,1007.68,30.79,72.47,1007.54,0,0,RULES,1,1,1,
2026-09-27 01:17:00,baseline-rules,2975000,29.23,80.09,1007.62,30.79,72.41,1007.54,0,0,RULES,1,1,1,
2026-09-27 01:17:01,baseline-rules,2976000,29.23,79.95,1007.68,30.79,72.41,1007.60,0,0,RULES,1,1,1,
2026-09-27 01:17:02,baseline-rules,2977000,29.23,79.81,1007.66,30.80,72.35,1007.56,0,0,RULES,1,1,1,
2026-09-27 01:17:03,baseline-rules,2978000,29.22,80.05,1007.66,30.79,72.62,1007.60,0,0,RULES,1,1,1,
2026-09-27 01:17:04,baseline-rules,2979000,29.23,79.72,1007.68,30.79,72.36,1007.55,0,0,RULES,1,1,1,
2026-09-27 01:17:05,baseline-rules,2980000,29.24,79.32,1007.64,30.79,72.50,1007.49,0,0,RULES,1,1,1,
2026-09-27 01:17:06,baseline-rules,2981000,29.25,79.66,1007.69,30.79,72.37,1007.55,0,0,RULES,1,1,1,
2026-09-27 01:17:07,baseline-rules,2982000,29.25,79.85,1007.63,30.78,72.38,1007.56,0,0,RULES,1,1,1,
2026-09-27 01:17:08,baseline-rules,2983000,29.25,79.66,1007.66,30.78,72.37,1007.62,0,0,RULES,1,1,1,
2026-09-27 01:17:09,baseline-rules,2984000,29.26,80.44,1007.64,30.79,72.45,1007.57,0,0,RULES,1,1,1,
2026-09-27 01:17:10,baseline-rules,2985000,29.25,79.85,1007.64,30.79,72.41,1007.60,0,0,RULES,1,1,1,
2026-09-27 01:17:11,baseline-rules,2986000,29.26,79.94,1007.73,30.78,72.40,1007.59,0,0,RULES,1,1,1,
2026-09-27 01:17:12,baseline-rules,2987000,29.26,79.52,1007.64,30.79,72.60,1007.61,0,0,RULES,1,1,1,
2026-09-27 01:17:13,baseline-rules,2988000,29.25,79.15,1007.58,30.78,72.37,1007.50,0,0,RULES,1,1,1,
2026-09-27 01:17:14,baseline-rules,2989000,29.26,79.18,1007.64,30.78,72.42,1007.53,0,0,RULES,1,1,1,
2026-09-27 01:17:15,baseline-rules,2990000,29.25,79.07,1007.69,30.78,72.48,1007.51,0,0,RULES,1,1,1,
2026-09-27 01:17:16,baseline-rules,2991000,29.26,78.99,1007.60,30.78,72.47,1007.53,0,0,RULES,1,1,1,
2026-09-27 01:17:17,baseline-rules,2992000,29.26,79.58,1007.65,30.77,72.40,1007.63,0,0,RULES,1,1,1,
2026-09-27 01:17:18,baseline-rules,2993000,29.28,80.38,1007.62,30.79,72.56,1007.54,0,0,RULES,1,1,1,
2026-09-27 01:17:19,baseline-rules,2994000,29.27,80.23,1007.66,30.77,72.72,1007.57,0,0,RULES,1,1,1,
2026-09-27 01:17:20,baseline-rules,2995000,29.27,80.16,1007.64,30.78,72.53,1007.50,0,0,RULES,1,1,1,
2026-09-27 01:17:21,baseline-rules,2996000,29.27,80.07,1007.61,30.78,72.56,1007.53,0,0,RULES,1,1,1,
2026-09-27 01:17:22,baseline-rules,2997000,29.28,79.88,1007.59,30.78,72.58,1007.58,0,0,RULES,1,1,1,
2026-09-27 01:17:23,baseline-rules,2998000,29.29,79.72,1007.67,30.78,72.61,1007.53,0,0,RULES,1,1,1,
2026-09-27 01:17:24,baseline-rules,2999000,29.28,79.88,1007.62,30.79,72.55,1007.57,0,0,RULES,1,1,1,
2026-09-27 01:17:25,baseline-rules,3000000,29.28,79.63,1007.71,30.78,72.46,1007.56,0,0,RULES,1,1,1,
2026-09-27 01:17:26,baseline-rules,3001000,29.28,79.56,1007.62,30.78,72.46,1007.53,0,0,RULES,1,1,1,
2026-09-27 01:17:27,baseline-rules,3002000,29.28,79.25,1007.63,30.79,72.43,1007.57,0,0,RULES,1,1,1,
2026-09-27 01:17:28,baseline-rules,3003000,29.28,78.91,1007.66,30.78,72.37,1007.53,0,0,RULES,1,1,1,
2026-09-27 01:17:29,baseline-rules,3004000,29.28,78.90,1007.68,30.79,72.39,1007.57,0,0,RULES,1,1,1,
2026-09-27 01:17:30,baseline-rules,3005000,29.29,79.38,1007.65,30.79,72.43,1007.51,0,0,RULES,1,1,1,
2026-09-27 01:17:31,baseline-rules,3006000,29.29,79.29,1007.66,30.80,72.53,1007.56,0,0,RULES,1,1,1,
2026-09-27 01:17:32,baseline-rules,3007000,29.29,79.29,1007.62,30.79,72.52,1007.57,0,0,RULES,1,1,1,
2026-09-27 01:17:33,baseline-rules,3008000,29.31,79.38,1007.67,30.78,72.50,1007.51,0,0,RULES,1,1,1,
2026-09-27 01:17:34,baseline-rules,3009000,29.30,79.29,1007.63,30.78,72.46,1007.58,0,0,RULES,1,1,1,
2026-09-27 01:17:35,baseline-rules,3010000,29.30,78.98,1007.62,30.78,72.48,1007.56,0,0,RULES,1,1,1,
2026-09-27 01:17:36,baseline-rules,3011000,29.31,79.57,1007.61,30.79,72.34,1007.57,0,0,RULES,1,1,1,
2026-09-27 01:17:37,baseline-rules,3012000,29.32,80.09,1007.66,30.78,72.48,1007.53,0,0,RULES,1,1,1,
2026-09-27 01:17:38,baseline-rules,3013000,29.30,79.36,1007.60,30.79,72.79,1007.57,0,0,RULES,1,1,1,
2026-09-27 01:17:39,baseline-rules,3014000,29.31,79.16,1007.62,30.78,72.49,1007.56,0,0,RULES,1,1,1,
2026-09-27 01:17:40,baseline-rules,3015000,29.31,79.15,1007.64,30.79,72.54,1007.54,0,0,RULES,1,1,1,
2026-09-27 01:17:41,baseline-rules,3016000,29.31,78.93,1007.65,30.78,72.36,1007.53,0,0,RULES,1,1,1,
2026-09-27 01:17:42,baseline-rules,3017000,29.32,78.91,1007.60,30.80,72.40,1007.56,0,0,RULES,1,1,1,
2026-09-27 01:17:43,baseline-rules,3018000,29.31,78.93,1007.64,30.78,72.62,1007.59,0,0,RULES,1,1,1,
2026-09-27 01:17:44,baseline-rules,3019000,29.32,78.94,1007.66,30.79,72.74,1007.49,0,0,RULES,1,1,1,
2026-09-27 01:17:45,baseline-rules,3020000,29.32,79.65,1007.66,30.80,72.82,1007.53,0,0,RULES,1,1,1,
2026-09-27 01:17:46,baseline-rules,3021000,29.33,79.33,1007.65,30.80,72.82,1007.50,0,0,RULES,1,1,1,
2026-09-27 01:17:47,baseline-rules,3022000,29.34,79.33,1007.63,30.79,72.97,1007.58,0,0,RULES,1,1,1,
2026-09-27 01:17:48,baseline-rules,3023000,29.33,79.15,1007.62,30.80,72.74,1007.51,0,0,RULES,1,1,1,
2026-09-27 01:17:49,baseline-rules,3024000,29.34,79.24,1007.63,30.80,72.49,1007.50,0,0,RULES,1,1,1,
2026-09-27 01:17:50,baseline-rules,3025000,29.34,79.48,1007.63,30.79,72.59,1007.51,0,0,RULES,1,1,1,
2026-09-27 01:17:51,baseline-rules,3026000,29.34,79.28,1007.59,30.79,72.82,1007.54,0,0,RULES,1,1,1,
2026-09-27 01:17:52,baseline-rules,3027000,29.34,79.36,1007.59,30.80,72.46,1007.54,0,0,RULES,1,1,1,
2026-09-27 01:17:53,baseline-rules,3028000,29.35,79.71,1007.65,30.80,72.40,1007.54,0,0,RULES,1,1,1,
2026-09-27 01:17:54,baseline-rules,3029000,29.36,79.07,1007.65,30.80,72.59,1007.53,0,0,RULES,1,1,1,
2026-09-27 01:17:55,baseline-rules,3030000,29.36,79.11,1007.69,30.80,72.44,1007.50,0,0,RULES,1,1,1,
2026-09-27 01:17:56,baseline-rules,3031000,29.36,80.03,1007.67,30.80,72.40,1007.54,0,0,RULES,1,1,1,
2026-09-27 01:17:57,baseline-rules,3032000,29.36,79.18,1007.65,30.81,72.38,1007.60,0,0,RULES,1,1,1,
2026-09-27 01:17:58,baseline-rules,3033000,29.37,78.88,1007.63,30.80,72.45,1007.54,0,0,RULES,1,1,1,
2026-09-27 01:17:59,baseline-rules,3034000,29.37,79.21,1007.60,30.81,72.37,1007.57,0,0,RULES,1,1,1,
2026-09-27 01:18:00,baseline-rules,3035000,29.36,79.24,1007.62,30.80,72.40,1007.50,0,0,RULES,1,1,1,
2026-09-27 01:18:01,baseline-rules,3036000,29.38,78.93,1007.67,30.80,72.44,1007.57,0,0,RULES,1,1,1,
2026-09-27 01:18:02,baseline-rules,3037000,29.38,78.74,1007.70,30.80,72.45,1007.53,0,0,RULES,1,1,1,
2026-09-27 01:18:03,baseline-rules,3038000,29.38,79.22,1007.59,30.80,72.46,1007.59,0,0,RULES,1,1,1,
2026-09-27 01:18:04,baseline-rules,3039000,29.39,79.25,1007.60,30.80,72.41,1007.56,0,0,RULES,1,1,1,
2026-09-27 01:18:05,baseline-rules,3040000,29.38,79.39,1007.65,30.80,72.32,1007.50,0,0,RULES,1,1,1,
2026-09-27 01:18:06,baseline-rules,3041000,29.39,79.79,1007.69,30.80,72.33,1007.57,0,0,RULES,1,1,1,
2026-09-27 01:18:07,baseline-rules,3042000,29.39,79.49,1007.57,30.80,72.42,1007.53,0,0,RULES,1,1,1,
2026-09-27 01:18:08,baseline-rules,3043000,29.39,78.88,1007.70,30.79,72.41,1007.55,0,0,RULES,1,1,1,
2026-09-27 01:18:09,baseline-rules,3044000,29.40,78.93,1007.62,30.80,72.46,1007.56,0,0,RULES,1,1,1,
2026-09-27 01:18:10,baseline-rules,3045000,29.40,78.91,1007.62,30.79,72.37,1007.54,0,0,RULES,1,1,1,
2026-09-27 01:18:11,baseline-rules,3046000,29.40,79.11,1007.62,30.80,72.49,1007.56,0,0,RULES,1,1,1,
2026-09-27 01:18:12,baseline-rules,3047000,29.40,79.27,1007.65,30.80,72.51,1007.53,0,0,RULES,1,1,1,
2026-09-27 01:18:13,baseline-rules,3048000,29.41,79.26,1007.66,30.80,72.65,1007.48,0,0,RULES,1,1,1,
2026-09-27 01:18:14,baseline-rules,3049000,29.41,79.53,1007.61,30.80,72.71,1007.51,0,0,RULES,1,1,1,
2026-09-27 01:18:15,baseline-rules,3050000,29.40,80.00,1007.68,30.80,72.52,1007.51,0,0,RULES,1,1,1,
2026-09-27 01:18:16,baseline-rules,3051000,29.42,80.04,1007.65,30.80,72.45,1007.50,0,0,RULES,1,1,1,
2026-09-27 01:18:17,baseline-rules,3052000,29.42,80.53,1007.63,30.81,72.58,1007.60,0,0,RULES,1,1,1,
2026-09-27 01:18:18,baseline-rules,3053000,29.43,80.86,1007.68,30.80,72.78,1007.54,0,0,RULES,1,1,1,
2026-09-27 01:18:19,baseline-rules,3054000,29.42,80.88,1007.68,30.80,72.48,1007.51,0,0,RULES,1,1,1,
2026-09-27 01:18:20,baseline-rules,3055000,29.42,80.48,1007.66,30.81,72.64,1007.55,0,0,RULES,1,1,1,
2026-09-27 01:18:21,baseline-rules,3056000,29.43,80.93,1007.65,30.81,72.72,1007.53,0,0,RULES,1,1,1,
2026-09-27 01:18:22,baseline-rules,3057000,29.44,80.85,1007.71,30.82,72.65,1007.53,0,0,RULES,1,1,1,
2026-09-27 01:18:23,baseline-rules,3058000,29.43,79.80,1007.68,30.81,72.82,1007.52,0,0,RULES,1,1,1,
2026-09-27 01:18:24,baseline-rules,3059000,29.44,79.66,1007.60,30.83,72.77,1007.55,0,0,RULES,1,1,1,
2026-09-27 01:18:25,baseline-rules,3060000,29.45,79.87,1007.64,30.81,72.51,1007.53,0,0,RULES,1,1,1,
2026-09-27 01:18:26,baseline-rules,3061000,29.45,80.11,1007.64,30.81,72.63,1007.47,0,0,RULES,1,1,1,
2026-09-27 01:18:27,baseline-rules,3062000,29.45,79.76,1007.71,30.82,72.75,1007.53,0,0,RULES,1,1,1,
2026-09-27 01:18:28,baseline-rules,3063000,29.45,79.30,1007.65,30.82,72.37,1007.53,0,0,RULES,1,1,1,
2026-09-27 01:18:29,baseline-rules,3064000,29.45,79.76,1007.67,30.81,72.43,1007.55,0,0,RULES,1,1,1,
2026-09-27 01:18:30,baseline-rules,3065000,29.45,79.14,1007.64,30.82,72.62,1007.56,0,0,RULES,1,1,1,
2026-09-27 01:18:31,baseline-rules,3066000,29.45,79.56,1007.65,30.81,72.71,1007.47,0,0,RULES,1,1,1,
2026-09-27 01:18:32,baseline-rules,3067000,29.45,79.38,1007.65,30.81,72.43,1007.55,0,0,RULES,1,1,1,
2026-09-27 01:18:33,baseline-rules,3068000,29.46,79.81,1007.60,30.81,72.42,1007.55,0,0,RULES,1,1,1,
2026-09-27 01:18:34,baseline-rules,3069000,29.46,80.19,1007.60,30.80,72.40,1007.54,0,0,RULES,1,1,1,
2026-09-27 01:18:35,baseline-rules,3070000,29.46,80.05,1007.67,30.82,72.65,1007.48,0,0,RULES,1,1,1,
2026-09-27 01:18:36,baseline-rules,3071000,29.47,79.93,1007.66,30.81,72.78,1007.55,0,0,RULES,1,1,1,
2026-09-27 01:18:37,baseline-rules,3072000,29.46,79.23,1007.70,30.82,72.81,1007.51,0,0,RULES,1,1,1,
2026-09-27 01:18:38,baseline-rules,3073000,29.47,79.21,1007.62,30.80,72.61,1007.51,0,0,RULES,1,1,1,
2026-09-27 01:18:39,baseline-rules,3074000,29.48,79.24,1007.70,30.81,72.67,1007.55,0,0,RULES,1,1,1,
2026-09-27 01:18:40,baseline-rules,3075000,29.50,78.69,1007.69,30.81,72.67,1007.55,0,0,RULES,1,1,1,
2026-09-27 01:18:41,baseline-rules,3076000,29.48,78.50,1007.64,30.80,72.36,1007.54,0,0,RULES,1,1,1,
2026-09-27 01:18:42,baseline-rules,3077000,29.48,78.55,1007.67,30.80,72.81,1007.59,0,0,RULES,1,1,1,
2026-09-27 01:18:43,baseline-rules,3078000,29.50,78.40,1007.69,30.81,72.61,1007.58,0,0,RULES,1,1,1,
2026-09-27 01:18:44,baseline-rules,3079000,29.49,78.51,1007.65,30.81,72.36,1007.55,0,0,RULES,1,1,1,
2026-09-27 01:18:45,baseline-rules,3080000,29.49,78.39,1007.71,30.80,72.42,1007.53,0,0,RULES,1,1,1,
2026-09-27 01:18:46,baseline-rules,3081000,29.49,78.14,1007.65,30.80,72.45,1007.54,0,0,RULES,1,1,1,
2026-09-27 01:18:47,baseline-rules,3082000,29.51,78.47,1007.65,30.80,72.36,1007.62,0,0,RULES,1,1,1,
2026-09-27 01:18:48,baseline-rules,3083000,29.51,78.24,1007.68,30.80,72.46,1007.53,0,0,RULES,1,1,1,
2026-09-27 01:18:49,baseline-rules,3084000,29.51,78.44,1007.73,30.80,72.72,1007.57,0,0,RULES,1,1,1,
2026-09-27 01:18:50,baseline-rules,3085000,29.51,77.77,1007.65,30.80,72.55,1007.56,0,0,RULES,1,1,1,
2026-09-27 01:18:51,baseline-rules,3086000,29.50,77.91,1007.64,30.80,72.49,1007.50,0,0,RULES,1,1,1,
2026-09-27 01:18:52,baseline-rules,3087000,29.52,77.79,1007.66,30.80,72.37,1007.54,0,0,RULES,1,1,1,
2026-09-27 01:18:53,baseline-rules,3088000,29.52,77.94,1007.69,30.80,72.43,1007.54,0,0,RULES,1,1,1,
2026-09-27 01:18:54,baseline-rules,3089000,29.52,77.88,1007.67,30.80,72.38,1007.53,0,0,RULES,1,1,1,
2026-09-27 01:18:55,baseline-rules,3090000,29.53,78.32,1007.65,30.79,72.63,1007.54,0,0,RULES,1,1,1,
2026-09-27 01:18:56,baseline-rules,3091000,29.52,78.39,1007.73,30.79,72.51,1007.58,0,0,RULES,1,1,1,
2026-09-27 01:18:57,baseline-rules,3092000,29.52,78.75,1007.64,30.80,72.42,1007.56,0,0,RULES,1,1,1,
2026-09-27 01:18:58,baseline-rules,3093000,29.54,79.17,1007.73,30.81,72.53,1007.52,0,0,RULES,1,1,1,
2026-09-27 01:18:59,baseline-rules,3094000,29.53,78.53,1007.62,30.80,72.67,1007.56,0,0,RULES,1,1,1,
2026-09-27 01:19:00,baseline-rules,3095000,29.54,78.88,1007.67,30.80,72.46,1007.50,0,0,RULES,1,1,1,
2026-09-27 01:19:01,baseline-rules,3096000,29.54,78.72,1007.65,30.80,72.66,1007.56,0,0,RULES,1,1,1,
2026-09-27 01:19:02,baseline-rules,3097000,29.53,78.44,1007.66,30.80,72.84,1007.50,0,0,RULES,1,1,1,
2026-09-27 01:19:03,baseline-rules,3098000,29.54,78.34,1007.67,30.80,72.84,1007.59,0,0,RULES,1,1,1,
2026-09-27 01:19:04,baseline-rules,3099000,29.55,78.48,1007.69,30.80,72.85,1007.59,0,0,RULES,1,1,1,
2026-09-27 01:19:05,baseline-rules,3100000,29.55,78.40,1007.68,30.80,72.72,1007.50,0,0,RULES,1,1,1,
2026-09-27 01:19:06,baseline-rules,3101000,29.56,78.30,1007.73,30.80,72.79,1007.57,0,0,RULES,1,1,1,
2026-09-27 01:19:07,baseline-rules,3102000,29.56,78.34,1007.70,30.79,72.68,1007.52,0,0,RULES,1,1,1,
2026-09-27 01:19:08,baseline-rules,3103000,29.55,78.22,1007.66,30.80,72.81,1007.59,0,0,RULES,1,1,1,
2026-09-27 01:19:09,baseline-rules,3104000,29.55,78.07,1007.64,30.80,72.60,1007.53,0,0,RULES,1,1,1,
2026-09-27 01:19:10,baseline-rules,3105000,29.55,78.11,1007.66,30.80,72.63,1007.56,0,0,RULES,1,1,1,
2026-09-27 01:19:11,baseline-rules,3106000,29.56,78.47,1007.68,30.79,72.85,1007.58,0,0,RULES,1,1,1,
2026-09-27 01:19:12,baseline-rules,3107000,29.57,77.57,1007.63,30.79,72.65,1007.55,0,0,RULES,1,1,1,
2026-09-27 01:19:13,baseline-rules,3108000,29.58,78.12,1007.65,30.79,72.82,1007.51,0,0,RULES,1,1,1,
2026-09-27 01:19:14,baseline-rules,3109000,29.58,78.02,1007.66,30.79,72.77,1007.49,0,0,RULES,1,1,1,
2026-09-27 01:19:15,baseline-rules,3110000,29.59,77.98,1007.69,30.79,72.65,1007.54,0,0,RULES,1,1,1,
2026-09-27 01:19:16,baseline-rules,3111000,29.59,77.71,1007.64,30.79,72.84,1007.54,0,0,RULES,1,1,1,
2026-09-27 01:19:17,baseline-rules,3112000,29.59,77.85,1007.73,30.79,72.76,1007.54,0,0,RULES,1,1,1,
2026-09-27 01:19:18,baseline-rules,3113000,29.59,78.10,1007.64,30.79,72.87,1007.62,0,0,RULES,1,1,1,
2026-09-27 01:19:19,baseline-rules,3114000,29.60,78.73,1007.66,30.78,72.69,1007.56,0,0,RULES,1,1,1,
2026-09-27 01:19:20,baseline-rules,3115000,29.60,78.04,1007.66,30.79,72.85,1007.51,0,0,RULES,1,1,1,
2026-09-27 01:19:21,baseline-rules,3116000,29.60,78.31,1007.68,30.79,72.51,1007.54,0,0,RULES,1,1,1,
2026-09-27 01:19:22,baseline-rules,3117000,29.61,78.61,1007.67,30.78,72.50,1007.53,0,0,RULES,1,1,1,
2026-09-27 01:19:23,baseline-rules,3118000,29.60,79.04,1007.69,30.78,72.66,1007.59,0,0,RULES,1,1,1,
2026-09-27 01:19:24,baseline-rules,3119000,29.60,78.75,1007.65,30.78,72.69,1007.53,0,0,RULES,1,1,1,
2026-09-27 01:19:25,baseline-rules,3120000,29.60,78.79,1007.63,30.79,72.62,1007.57,0,0,RULES,1,1,1,
2026-09-27 01:19:26,baseline-rules,3121000,29.60,79.48,1007.69,30.79,72.88,1007.57,0,0,RULES,1,1,1,
2026-09-27 01:19:27,baseline-rules,3122000,29.61,79.35,1007.70,30.78,72.88,1007.53,0,0,RULES,1,1,1,
2026-09-27 01:19:28,baseline-rules,3123000,29.62,78.42,1007.69,30.80,72.93,1007.61,0,0,RULES,1,1,1,
2026-09-27 01:19:29,baseline-rules,3124000,29.62,78.63,1007.74,30.79,72.92,1007.54,0,0,RULES,1,1,1,
2026-09-27 01:19:30,baseline-rules,3125000,29.62,78.94,1007.61,30.79,72.94,1007.55,0,0,RULES,1,1,1,
2026-09-27 01:19:31,baseline-rules,3126000,29.63,78.76,1007.70,30.80,73.00,1007.57,0,0,RULES,1,1,1,
2026-09-27 01:19:32,baseline-rules,3127000,29.62,78.60,1007.69,30.80,72.89,1007.56,0,0,RULES,1,1,1,
2026-09-27 01:19:33,baseline-rules,3128000,29.62,78.38,1007.61,30.80,72.90,1007.62,0,0,RULES,1,1,1,
2026-09-27 01:19:34,baseline-rules,3129000,29.63,78.12,1007.67,30.79,72.84,1007.52,0,0,RULES,1,1,1,
2026-09-27 01:19:35,baseline-rules,3130000,29.64,78.09,1007.56,30.80,72.41,1007.56,0,0,RULES,1,1,1,
2026-09-27 01:19:36,baseline-rules,3131000,29.65,78.59,1007.65,30.80,72.48,1007.59,0,0,RULES,1,1,1,
2026-09-27 01:19:37,baseline-rules,3132000,29.64,78.00,1007.61,30.79,72.42,1007.58,0,0,RULES,1,1,1,
2026-09-27 01:19:38,baseline-rules,3133000,29.64,78.01,1007.69,30.80,72.42,1007.59,0,0,RULES,1,1,1,
2026-09-27 01:19:39,baseline-rules,3134000,29.65,77.63,1007.73,30.81,72.53,1007.57,0,0,RULES,1,1,1,
2026-09-27 01:19:40,baseline-rules,3135000,29.67,78.07,1007.68,30.80,72.68,1007.56,0,0,RULES,1,1,1,
2026-09-27 01:19:41,baseline-rules,3136000,29.65,77.88,1007.63,30.80,72.51,1007.59,0,0,RULES,1,1,1,
2026-09-27 01:19:42,baseline-rules,3137000,29.66,77.87,1007.69,30.79,72.38,1007.55,0,0,RULES,1,1,1,
2026-09-27 01:19:43,baseline-rules,3138000,29.66,77.37,1007.61,30.81,72.48,1007.60,0,0,RULES,1,1,1,
2026-09-27 01:19:44,baseline-rules,3139000,29.66,77.57,1007.75,30.80,72.51,1007.53,0,0,RULES,1,1,1,
2026-09-27 01:19:45,baseline-rules,3140000,29.66,77.50,1007.64,30.80,72.40,1007.57,0,0,RULES,1,1,1,
2026-09-27 01:19:46,baseline-rules,3141000,29.67,78.77,1007.63,30.80,72.38,1007.62,0,0,RULES,1,1,1,
2026-09-27 01:19:47,baseline-rules,3142000,29.67,78.70,1007.69,30.80,72.54,1007.57,0,0,RULES,1,1,1,
2026-09-27 01:19:48,baseline-rules,3143000,29.67,78.39,1007.66,30.81,72.63,1007.55,0,0,RULES,1,1,1,
2026-09-27 01:19:49,baseline-rules,3144000,29.67,77.83,1007.66,30.81,72.55,1007.61,0,0,RULES,1,1,1,
2026-09-27 01:19:50,baseline-rules,3145000,29.68,78.11,1007.64,30.81,72.98,1007.60,0,0,RULES,1,1,1,
2026-09-27 01:19:51,baseline-rules,3146000,29.68,78.04,1007.64,30.81,72.88,1007.52,0,0,RULES,1,1,1,
2026-09-27 01:19:52,baseline-rules,3147000,29.68,78.01,1007.61,30.82,72.75,1007.59,0,0,RULES,1,1,1,
2026-09-27 01:19:53,baseline-rules,3148000,29.69,78.00,1007.70,30.80,72.53,1007.51,0,0,RULES,1,1,1,
2026-09-27 01:19:54,baseline-rules,3149000,29.69,79.07,1007.63,30.81,72.83,1007.49,0,0,RULES,1,1,1,
2026-09-27 01:19:55,baseline-rules,3150000,29.70,79.26,1007.65,30.82,72.64,1007.53,0,0,RULES,1,1,1,
2026-09-27 01:19:56,baseline-rules,3151000,29.70,78.65,1007.62,30.81,72.45,1007.57,0,0,RULES,1,1,1,
2026-09-27 01:19:57,baseline-rules,3152000,29.70,78.57,1007.65,30.82,72.58,1007.59,0,0,RULES,1,1,1,
2026-09-27 01:19:58,baseline-rules,3153000,29.70,78.25,1007.63,30.81,72.64,1007.53,0,0,RULES,1,1,1,
2026-09-27 01:19:59,baseline-rules,3154000,29.70,78.42,1007.66,30.82,72.51,1007.59,0,0,RULES,1,1,1,
2026-09-27 01:20:00,baseline-rules,3155000,29.72,77.97,1007.62,30.83,72.52,1007.61,0,0,RULES,1,1,1,
2026-09-27 01:20:01,baseline-rules,3156000,29.71,78.05,1007.58,30.82,72.41,1007.59,0,0,RULES,1,1,1,
2026-09-27 01:20:02,baseline-rules,3157000,29.71,77.82,1007.69,30.81,72.46,1007.55,0,0,RULES,1,1,1,
2026-09-27 01:20:03,baseline-rules,3158000,29.71,77.44,1007.56,30.82,72.47,1007.56,0,0,RULES,1,1,1,
2026-09-27 01:20:04,baseline-rules,3159000,29.71,77.47,1007.56,30.81,72.37,1007.53,0,0,RULES,1,1,1,
2026-09-27 01:20:05,baseline-rules,3160000,29.72,77.52,1007.68,30.82,72.62,1007.56,0,0,RULES,1,1,1,
2026-09-27 01:20:06,baseline-rules,3161000,29.72,78.07,1007.69,30.81,72.78,1007.52,0,0,RULES,1,1,1,
2026-09-27 01:20:07,baseline-rules,3162000,29.72,78.65,1007.68,30.82,72.63,1007.57,0,0,RULES,1,1,1,
2026-09-27 01:20:08,baseline-rules,3163000,29.73,78.18,1007.67,30.83,72.60,1007.66,0,0,RULES,1,1,1,
2026-09-27 01:20:09,baseline-rules,3164000,29.73,78.51,1007.68,30.82,72.83,1007.57,0,0,RULES,1,1,1,
2026-09-27 01:20:10,baseline-rules,3165000,29.73,78.70,1007.64,30.81,72.70,1007.60,0,0,RULES,1,1,1,
2026-09-27 01:20:11,baseline-rules,3166000,29.74,78.10,1007.57,30.81,72.76,1007.57,0,0,RULES,1,1,1,
2026-09-27 01:20:12,baseline-rules,3167000,29.74,78.61,1007.58,30.82,72.77,1007.62,0,0,RULES,1,1,1,
2026-09-27 01:20:13,baseline-rules,3168000,29.74,78.06,1007.57,30.81,72.72,1007.57,0,0,RULES,1,1,1,
2026-09-27 01:20:14,baseline-rules,3169000,29.74,77.61,1007.63,30.81,72.74,1007.55,0,0,RULES,1,1,1,
2026-09-27 01:20:15,baseline-rules,3170000,29.75,77.93,1007.59,30.81,72.58,1007.63,0,0,RULES,1,1,1,
2026-09-27 01:20:16,baseline-rules,3171000,29.74,77.61,1007.66,30.81,72.80,1007.55,0,0,RULES,1,1,1,
2026-09-27 01:20:17,baseline-rules,3172000,29.74,77.54,1007.66,30.81,72.75,1007.55,0,0,RULES,1,1,1,
2026-09-27 01:20:18,baseline-rules,3173000,29.74,77.38,1007.57,30.81,72.75,1007.61,0,0,RULES,1,1,1,
2026-09-27 01:20:19,baseline-rules,3174000,29.76,77.59,1007.60,30.81,72.78,1007.53,0,0,RULES,1,1,1,
2026-09-27 01:20:20,baseline-rules,3175000,29.75,77.81,1007.57,30.81,72.62,1007.52,0,0,RULES,1,1,1,
2026-09-27 01:20:21,baseline-rules,3176000,29.75,77.52,1007.60,30.81,72.76,1007.57,0,0,RULES,1,1,1,
2026-09-27 01:20:22,baseline-rules,3177000,29.76,77.38,1007.64,30.81,72.78,1007.55,0,0,RULES,1,1,1,
2026-09-27 01:20:23,baseline-rules,3178000,29.75,77.98,1007.60,30.80,72.70,1007.51,0,0,RULES,1,1,1,
2026-09-27 01:20:24,baseline-rules,3179000,29.76,77.39,1007.58,30.81,72.42,1007.52,0,0,RULES,1,1,1,
2026-09-27 01:20:25,baseline-rules,3180000,29.77,78.12,1007.60,30.80,72.71,1007.54,0,0,RULES,1,1,1,
2026-09-27 01:20:26,baseline-rules,3181000,29.77,78.25,1007.62,30.81,72.75,1007.58,0,0,RULES,1,1,1,
2026-09-27 01:20:27,baseline-rules,3182000,29.77,77.96,1007.57,30.81,72.75,1007.49,0,0,RULES,1,1,1,
2026-09-27 01:20:28,baseline-rules,3183000,29.77,78.30,1007.66,30.81,72.73,1007.57,0,0,RULES,1,1,1,
2026-09-27 01:20:29,baseline-rules,3184000,29.77,78.43,1007.60,30.81,72.78,1007.55,0,0,RULES,1,1,1,
2026-09-27 01:20:30,baseline-rules,3185000,29.77,78.12,1007.60,30.81,72.75,1007.52,0,0,RULES,1,1,1,
2026-09-27 01:20:31,baseline-rules,3186000,29.78,78.19,1007.58,30.80,72.80,1007.53,0,0,RULES,1,1,1,
2026-09-27 01:20:32,baseline-rules,3187000,29.79,78.12,1007.65,30.81,72.57,1007.55,0,0,RULES,1,1,1,
2026-09-27 01:20:33,baseline-rules,3188000,29.78,77.94,1007.62,30.81,72.83,1007.55,0,0,RULES,1,1,1,
2026-09-27 01:20:34,baseline-rules,3189000,29.78,78.36,1007.64,30.81,72.81,1007.57,0,0,RULES,1,1,1,
2026-09-27 01:20:35,baseline-rules,3190000,29.79,78.14,1007.60,30.80,72.79,1007.50,0,0,RULES,1,1,1,
2026-09-27 01:20:36,baseline-rules,3191000,29.79,78.07,1007.63,30.80,72.80,1007.51,0,0,RULES,1,1,1,
2026-09-27 01:20:37,baseline-rules,3192000,29.79,77.28,1007.63,30.80,72.74,1007.51,0,0,RULES,1,1,1,
2026-09-27 01:20:38,baseline-rules,3193000,29.80,77.73,1007.56,30.80,72.64,1007.54,0,0,RULES,1,1,1,
2026-09-27 01:20:39,baseline-rules,3194000,29.80,77.43,1007.58,30.81,72.43,1007.49,0,0,RULES,1,1,1,
2026-09-27 01:20:40,baseline-rules,3195000,29.80,77.47,1007.62,30.80,72.79,1007.51,0,0,RULES,1,1,1,
2026-09-27 01:20:41,baseline-rules,3196000,29.79,77.23,1007.58,30.80,72.63,1007.53,0,0,RULES,1,1,1,
2026-09-27 01:20:42,baseline-rules,3197000,29.81,77.41,1007.61,30.81,72.61,1007.55,0,0,RULES,1,1,1,
2026-09-27 01:20:43,baseline-rules,3198000,29.81,77.65,1007.60,30.80,72.48,1007.53,0,0,RULES,1,1,1,
2026-09-27 01:20:44,baseline-rules,3199000,29.81,77.13,1007.60,30.81,72.63,1007.57,0,0,RULES,1,1,1,
2026-09-27 01:20:45,baseline-rules,3200000,29.82,77.74,1007.60,30.81,72.47,1007.57,0,0,RULES,1,1,1,
2026-09-27 01:20:46,baseline-rules,3201000,29.82,78.39,1007.56,30.80,72.64,1007.48,0,0,RULES,1,1,1,
2026-09-27 01:20:47,baseline-rules,3202000,29.81,78.54,1007.58,30.80,72.48,1007.51,0,0,RULES,1,1,1,
2026-09-27 01:20:48,baseline-rules,3203000,29.82,78.60,1007.62,30.81,72.73,1007.52,0,0,RULES,1,1,1,
2026-09-27 01:20:49,baseline-rules,3204000,29.83,78.76,1007.58,30.81,72.65,1007.52,0,0,RULES,1,1,1,
2026-09-27 01:20:50,baseline-rules,3205000,29.83,79.15,1007.64,30.81,72.74,1007.55,0,0,RULES,1,1,1,
2026-09-27 01:20:51,baseline-rules,3206000,29.83,79.03,1007.55,30.80,72.89,1007.54,0,0,RULES,1,1,1,
2026-09-27 01:20:52,baseline-rules,3207000,29.84,78.41,1007.62,30.81,72.53,1007.55,0,0,RULES,1,1,1,
2026-09-27 01:20:53,baseline-rules,3208000,29.84,78.67,1007.62,30.81,72.72,1007.55,0,0,RULES,1,1,1,
2026-09-27 01:20:54,baseline-rules,3209000,29.83,78.01,1007.58,30.81,72.58,1007.52,0,0,RULES,1,1,1,
2026-09-27 01:20:55,baseline-rules,3210000,29.84,78.42,1007.66,30.81,72.79,1007.55,0,0,RULES,1,1,1,
2026-09-27 01:20:56,baseline-rules,3211000,29.83,77.82,1007.56,30.81,72.80,1007.49,0,0,RULES,1,1,1,
2026-09-27 01:20:57,baseline-rules,3212000,29.85,77.69,1007.59,30.81,72.65,1007.52,0,0,RULES,1,1,1,
2026-09-27 01:20:58,baseline-rules,3213000,29.85,77.64,1007.58,30.81,72.71,1007.52,0,0,RULES,1,1,1,
2026-09-27 01:20:59,baseline-rules,3214000,29.85,77.33,1007.62,30.81,72.45,1007.55,0,0,RULES,1,1,1,
2026-09-27 01:21:00,baseline-rules,3215000,29.84,77.66,1007.57,30.81,72.68,1007.53,0,0,RULES,1,1,1,
2026-09-27 01:21:01,baseline-rules,3216000,29.86,78.08,1007.62,30.81,72.42,1007.53,0,0,RULES,1,1,1,
2026-09-27 01:21:02,baseline-rules,3217000,29.85,78.22,1007.56,30.80,72.61,1007.51,0,0,RULES,1,1,1,
2026-09-27 01:21:03,baseline-rules,3218000,29.86,77.74,1007.62,30.81,72.54,1007.50,0,0,RULES,1,1,1,
2026-09-27 01:21:04,baseline-rules,3219000,29.86,77.55,1007.60,30.80,72.39,1007.51,0,0,RULES,1,1,1,
2026-09-27 01:21:05,baseline-rules,3220000,29.87,77.64,1007.58,30.80,72.35,1007.46,0,0,RULES,1,1,1,
2026-09-27 01:21:06,baseline-rules,3221000,29.87,77.69,1007.61,30.81,72.36,1007.52,0,0,RULES,1,1,1,
2026-09-27 01:21:07,baseline-rules,3222000,29.86,77.39,1007.65,30.81,72.37,1007.52,0,0,RULES,1,1,1,
2026-09-27 01:21:08,baseline-rules,3223000,29.87,77.46,1007.52,30.81,72.37,1007.55,0,0,RULES,1,1,1,
2026-09-27 01:21:09,baseline-rules,3224000,29.87,77.49,1007.60,30.81,72.78,1007.46,0,0,RULES,1,1,1,
2026-09-27 01:21:10,baseline-rules,3225000,29.87,77.92,1007.55,30.81,72.57,1007.52,0,0,RULES,1,1,1,
2026-09-27 01:21:11,baseline-rules,3226000,29.88,77.45,1007.62,30.81,72.45,1007.55,0,0,RULES,1,1,1,
2026-09-27 01:21:12,baseline-rules,3227000,29.88,77.18,1007.59,30.80,72.54,1007.54,0,0,RULES,1,1,1,
2026-09-27 01:21:13,baseline-rules,3228000,29.88,77.19,1007.57,30.80,72.46,1007.56,0,0,RULES,1,1,1,
2026-09-27 01:21:14,baseline-rules,3229000,29.88,77.21,1007.62,30.80,72.42,1007.50,0,0,RULES,1,1,1,
2026-09-27 01:21:15,baseline-rules,3230000,29.88,77.47,1007.54,30.80,72.56,1007.51,0,0,RULES,1,1,1,
2026-09-27 01:21:16,baseline-rules,3231000,29.89,77.24,1007.62,30.81,72.54,1007.50,0,0,RULES,1,1,1,
2026-09-27 01:21:17,baseline-rules,3232000,29.90,77.52,1007.69,30.80,72.62,1007.54,0,0,RULES,1,1,1,
2026-09-27 01:21:18,baseline-rules,3233000,29.89,77.04,1007.62,30.80,72.56,1007.56,0,0,RULES,1,1,1,
2026-09-27 01:21:19,baseline-rules,3234000,29.89,76.56,1007.61,30.80,72.56,1007.50,0,0,RULES,1,1,1,
2026-09-27 01:21:20,baseline-rules,3235000,29.89,76.52,1007.62,30.80,72.36,1007.50,0,0,RULES,1,1,1,
2026-09-27 01:21:21,baseline-rules,3236000,29.90,77.10,1007.60,30.80,72.46,1007.53,0,0,RULES,1,1,1,
2026-09-27 01:21:22,baseline-rules,3237000,29.90,77.15,1007.58,30.81,72.90,1007.55,0,0,RULES,1,1,1,
2026-09-27 01:21:23,baseline-rules,3238000,29.91,77.25,1007.59,30.81,72.50,1007.52,0,0,RULES,1,1,1,
2026-09-27 01:21:24,baseline-rules,3239000,29.91,78.15,1007.57,30.80,72.42,1007.51,0,0,RULES,1,1,1,
2026-09-27 01:21:25,baseline-rules,3240000,29.92,78.60,1007.66,30.79,72.75,1007.49,0,0,RULES,1,1,1,
2026-09-27 01:21:26,baseline-rules,3241000,29.92,78.58,1007.57,30.80,72.80,1007.50,0,0,RULES,1,1,1,
2026-09-27 01:21:27,baseline-rules,3242000,29.91,78.22,1007.62,30.80,72.75,1007.45,0,0,RULES,1,1,1,
2026-09-27 01:21:28,baseline-rules,3243000,29.92,78.60,1007.55,30.80,72.82,1007.48,0,0,RULES,1,1,1,
2026-09-27 01:21:29,baseline-rules,3244000,29.92,79.12,1007.58,30.80,72.82,1007.54,0,0,RULES,1,1,1,
2026-09-27 01:21:30,baseline-rules,3245000,29.92,79.17,1007.60,30.81,72.50,1007.46,0,0,RULES,1,1,1,
2026-09-27 01:21:31,baseline-rules,3246000,29.93,78.99,1007.60,30.80,72.82,1007.54,0,0,RULES,1,1,1,
2026-09-27 01:21:32,baseline-rules,3247000,29.92,77.83,1007.61,30.81,72.61,1007.55,0,0,RULES,1,1,1,
2026-09-27 01:21:33,baseline-rules,3248000,29.92,77.67,1007.61,30.81,72.54,1007.52,0,0,RULES,1,1,1,
2026-09-27 01:21:34,baseline-rules,3249000,29.93,77.26,1007.59,30.81,72.60,1007.57,0,0,RULES,1,1,1,
2026-09-27 01:21:35,baseline-rules,3250000,29.94,77.69,1007.58,30.81,72.49,1007.49,0,0,RULES,1,1,1,
2026-09-27 01:21:36,baseline-rules,3251000,29.93,77.14,1007.57,30.80,72.79,1007.50,0,0,RULES,1,1,1,
2026-09-27 01:21:37,baseline-rules,3252000,29.93,77.72,1007.57,30.81,72.82,1007.52,0,0,RULES,1,1,1,
2026-09-27 01:21:38,baseline-rules,3253000,29.94,78.08,1007.63,30.81,72.68,1007.53,0,0,RULES,1,1,1,
2026-09-27 01:21:39,baseline-rules,3254000,29.94,77.80,1007.58,30.81,72.43,1007.44,0,0,RULES,1,1,1,
2026-09-27 01:21:40,baseline-rules,3255000,29.94,77.35,1007.59,30.81,72.60,1007.55,0,0,RULES,1,1,1,
2026-09-27 01:21:41,baseline-rules,3256000,29.94,77.16,1007.61,30.81,72.39,1007.55,0,0,RULES,1,1,1,
2026-09-27 01:21:42,baseline-rules,3257000,29.94,77.33,1007.59,30.81,72.81,1007.52,0,0,RULES,1,1,1,
2026-09-27 01:21:43,baseline-rules,3258000,29.95,76.90,1007.54,30.82,72.60,1007.53,0,0,RULES,1,1,1,
2026-09-27 01:21:44,baseline-rules,3259000,29.95,76.68,1007.57,30.81,72.75,1007.52,0,0,RULES,1,1,1,
2026-09-27 01:21:45,baseline-rules,3260000,29.95,76.83,1007.59,30.81,72.42,1007.53,0,0,RULES,1,1,1,
2026-09-27 01:21:46,baseline-rules,3261000,29.97,76.87,1007.57,30.80,72.76,1007.56,0,0,RULES,1,1,1,
2026-09-27 01:21:47,baseline-rules,3262000,29.96,76.61,1007.61,30.81,72.79,1007.52,0,0,RULES,1,1,1,
2026-09-27 01:21:48,baseline-rules,3263000,29.96,76.90,1007.56,30.81,72.75,1007.53,0,0,RULES,1,1,1,
2026-09-27 01:21:49,baseline-rules,3264000,29.96,76.92,1007.56,30.81,72.75,1007.52,0,0,RULES,1,1,1,
2026-09-27 01:21:50,baseline-rules,3265000,29.97,77.24,1007.57,30.81,72.80,1007.49,0,0,RULES,1,1,1,
2026-09-27 01:21:51,baseline-rules,3266000,29.98,77.06,1007.61,30.81,72.69,1007.52,0,0,RULES,1,1,1,
2026-09-27 01:21:52,baseline-rules,3267000,29.98,76.90,1007.56,30.80,72.79,1007.48,0,0,RULES,1,1,1,
2026-09-27 01:21:53,baseline-rules,3268000,29.98,76.84,1007.59,30.80,72.68,1007.50,0,0,RULES,1,1,1,
2026-09-27 01:21:54,baseline-rules,3269000,29.98,76.63,1007.61,30.80,72.60,1007.57,0,0,RULES,1,1,1,
2026-09-27 01:21:55,baseline-rules,3270000,29.98,76.61,1007.62,30.80,72.70,1007.54,0,0,RULES,1,1,1,
2026-09-27 01:21:56,baseline-rules,3271000,29.99,76.79,1007.63,30.80,72.84,1007.57,0,0,RULES,1,1,1,
2026-09-27 01:21:57,baseline-rules,3272000,29.99,76.54,1007.58,30.81,72.61,1007.57,0,0,RULES,1,1,1,
2026-09-27 01:21:58,baseline-rules,3273000,29.99,76.56,1007.66,30.80,72.73,1007.53,0,0,RULES,1,1,1,
2026-09-27 01:21:59,baseline-rules,3274000,29.99,76.55,1007.61,30.80,72.79,1007.51,0,0,RULES,1,1,1,
2026-09-27 01:22:00,baseline-rules,3275000,29.99,76.48,1007.55,30.80,72.80,1007.54,0,0,RULES,1,1,1,
2026-09-27 01:22:01,baseline-rules,3276000,30.00,76.62,1007.59,30.80,72.74,1007.50,0,0,RULES,1,1,1,
2026-09-27 01:22:02,baseline-rules,3277000,30.01,76.25,1007.58,30.80,72.55,1007.57,0,0,RULES,1,1,1,
2026-09-27 01:22:03,baseline-rules,3278000,30.00,76.41,1007.49,30.80,72.62,1007.56,0,0,RULES,1,1,1,
2026-09-27 01:22:04,baseline-rules,3279000,30.00,76.27,1007.57,30.80,72.57,1007.53,0,0,RULES,1,1,1,
2026-09-27 01:22:05,baseline-rules,3280000,30.01,76.65,1007.55,30.80,72.58,1007.48,0,0,RULES,1,1,1,
2026-09-27 01:22:06,baseline-rules,3281000,30.01,76.48,1007.55,30.80,72.40,1007.53,0,0,RULES,1,1,1,
2026-09-27 01:22:07,baseline-rules,3282000,30.01,76.42,1007.58,30.79,72.58,1007.52,0,0,RULES,1,1,1,
2026-09-27 01:22:08,baseline-rules,3283000,30.02,76.48,1007.62,30.81,72.78,1007.55,0,0,RULES,1,1,1,
2026-09-27 01:22:09,baseline-rules,3284000,30.02,76.36,1007.59,30.81,72.64,1007.52,0,0,RULES,1,1,1,
2026-09-27 01:22:10,baseline-rules,3285000,30.02,76.52,1007.66,30.81,72.62,1007.55,0,0,RULES,1,1,1,
2026-09-27 01:22:11,baseline-rules,3286000,30.03,77.10,1007.64,30.81,72.55,1007.49,0,0,RULES,1,1,1,
2026-09-27 01:22:12,baseline-rules,3287000,30.01,76.63,1007.56,30.82,72.50,1007.53,0,0,RULES,1,1,1,
2026-09-27 01:22:13,baseline-rules,3288000,30.02,77.00,1007.60,30.81,72.50,1007.52,0,0,RULES,1,1,1,
2026-09-27 01:22:14,baseline-rules,3289000,30.02,77.21,1007.60,30.81,72.38,1007.52,0,0,RULES,1,1,1,
2026-09-27 01:22:15,baseline-rules,3290000,30.02,76.60,1007.52,30.81,72.39,1007.50,0,0,RULES,1,1,1,
2026-09-27 01:22:16,baseline-rules,3291000,30.03,76.21,1007.55,30.81,72.64,1007.50,0,0,RULES,1,1,1,
2026-09-27 01:22:17,baseline-rules,3292000,30.03,76.68,1007.53,30.81,72.35,1007.57,0,0,RULES,1,1,1,
2026-09-27 01:22:18,baseline-rules,3293000,30.03,76.63,1007.62,30.80,72.42,1007.50,0,0,RULES,1,1,1,
2026-09-27 01:22:19,baseline-rules,3294000,30.03,76.18,1007.55,30.81,72.36,1007.55,0,0,RULES,1,1,1,
2026-09-27 01:22:20,baseline-rules,3295000,30.03,76.67,1007.56,30.81,72.34,1007.49,0,0,RULES,1,1,1,
2026-09-27 01:22:21,baseline-rules,3296000,30.03,76.42,1007.56,30.81,72.37,1007.46,0,0,RULES,1,1,1,
2026-09-27 01:22:22,baseline-rules,3297000,30.04,76.66,1007.57,30.81,72.36,1007.52,0,0,RULES,1,1,1,
2026-09-27 01:22:23,baseline-rules,3298000,30.04,76.67,1007.54,30.80,72.42,1007.51,0,0,RULES,1,1,1,
2026-09-27 01:22:24,baseline-rules,3299000,30.04,76.43,1007.61,30.81,72.42,1007.57,0,0,RULES,1,1,1,
2026-09-27 01:22:25,baseline-rules,3300000,30.04,76.17,1007.54,30.80,72.57,1007.51,0,0,RULES,1,1,1,
2026-09-27 01:22:26,baseline-rules,3301000,30.04,76.18,1007.58,30.81,72.71,1007.52,0,0,RULES,1,1,1,
2026-09-27 01:22:27,baseline-rules,3302000,30.04,76.06,1007.61,30.80,72.36,1007.51,0,0,RULES,1,1,1,
2026-09-27 01:22:28,baseline-rules,3303000,30.05,76.13,1007.59,30.81,72.73,1007.55,0,0,RULES,1,1,1,
2026-09-27 01:22:29,baseline-rules,3304000,30.05,75.97,1007.59,30.80,72.55,1007.50,0,0,RULES,1,1,1,
2026-09-27 01:22:30,baseline-rules,3305000,30.04,76.14,1007.61,30.80,72.45,1007.51,0,0,RULES,1,1,1,
2026-09-27 01:22:31,baseline-rules,3306000,30.05,76.45,1007.57,30.81,72.48,1007.55,0,0,RULES,1,1,1,
2026-09-27 01:22:32,baseline-rules,3307000,30.05,76.55,1007.56,30.80,72.42,1007.48,0,0,RULES,1,1,1,
2026-09-27 01:22:33,baseline-rules,3308000,30.06,77.21,1007.55,30.80,72.31,1007.51,0,0,RULES,1,1,1,
2026-09-27 01:22:34,baseline-rules,3309000,30.07,77.30,1007.62,30.80,72.62,1007.51,0,0,RULES,1,1,1,
2026-09-27 01:22:35,baseline-rules,3310000,30.07,77.68,1007.57,30.80,72.30,1007.50,0,0,RULES,1,1,1,
2026-09-27 01:22:36,baseline-rules,3311000,30.06,77.57,1007.58,30.80,72.29,1007.57,0,0,RULES,1,1,1,
2026-09-27 01:22:37,baseline-rules,3312000,30.06,76.91,1007.58,30.79,72.56,1007.47,0,0,RULES,1,1,1,
2026-09-27 01:22:38,baseline-rules,3313000,30.06,76.51,1007.61,30.80,72.43,1007.48,0,0,RULES,1,1,1,
2026-09-27 01:22:39,baseline-rules,3314000,30.07,76.57,1007.54,30.80,72.44,1007.50,0,0,RULES,1,1,1,
2026-09-27 01:22:40,baseline-rules,3315000,30.08,77.08,1007.61,30.79,72.48,1007.52,0,0,RULES,1,1,1,
2026-09-27 01:22:41,baseline-rules,3316000,30.08,76.89,1007.61,30.80,72.61,1007.57,0,0,RULES,1,1,1,
2026-09-27 01:22:42,baseline-rules,3317000,30.08,77.71,1007.58,30.80,72.61,1007.51,0,0,RULES,1,1,1,
2026-09-27 01:22:43,baseline-rules,3318000,30.08,77.75,1007.55,30.81,72.82,1007.55,0,0,RULES,1,1,1,
2026-09-27 01:22:44,baseline-rules,3319000,30.08,76.99,1007.58,30.81,72.63,1007.52,0,0,RULES,1,1,1,
2026-09-27 01:22:45,baseline-rules,3320000,30.08,76.94,1007.55,30.81,72.61,1007.52,0,0,RULES,1,1,1,
2026-09-27 01:22:46,baseline-rules,3321000,30.08,76.74,1007.53,30.81,72.48,1007.52,0,0,RULES,1,1,1,
2026-09-27 01:22:47,baseline-rules,3322000,30.08,76.36,1007.47,30.80,72.37,1007.48,0,0,RULES,1,1,1,
2026-09-27 01:22:48,baseline-rules,3323000,30.08,76.65,1007.55,30.80,72.56,1007.53,0,0,RULES,1,1,1,
2026-09-27 01:22:49,baseline-rules,3324000,30.09,77.39,1007.65,30.80,72.42,1007.50,0,0,RULES,1,1,1,
2026-09-27 01:22:50,baseline-rules,3325000,30.09,76.99,1007.60,30.81,72.65,1007.52,0,0,RULES,1,1,1,
2026-09-27 01:22:51,baseline-rules,3326000,30.08,77.11,1007.59,30.81,72.54,1007.49,0,0,RULES,1,1,1,
2026-09-27 01:22:52,baseline-rules,3327000,30.09,76.36,1007.60,30.80,72.51,1007.50,0,0,RULES,1,1,1,
2026-09-27 01:22:53,baseline-rules,3328000,30.09,76.35,1007.54,30.81,72.56,1007.52,0,0,RULES,1,1,1,
2026-09-27 01:22:54,baseline-rules,3329000,30.09,76.29,1007.58,30.80,72.39,1007.45,0,0,RULES,1,1,1,
2026-09-27 01:22:55,baseline-rules,3330000,30.09,76.29,1007.55,30.81,72.48,1007.55,0,0,RULES,1,1,1,
2026-09-27 01:22:56,baseline-rules,3331000,30.09,76.41,1007.55,30.80,72.40,1007.51,0,0,RULES,1,1,1,
2026-09-27 01:22:57,baseline-rules,3332000,30.09,76.57,1007.60,30.80,72.51,1007.50,0,0,RULES,1,1,1,
2026-09-27 01:22:58,baseline-rules,3333000,30.10,76.91,1007.58,30.80,72.36,1007.57,0,0,RULES,1,1,1,
2026-09-27 01:22:59,baseline-rules,3334000,30.10,76.58,1007.58,30.79,72.43,1007.49,0,0,RULES,1,1,1,
2026-09-27 01:23:00,baseline-rules,3335000,30.10,76.67,1007.61,30.80,72.45,1007.53,0,0,RULES,1,1,1,
2026-09-27 01:23:01,baseline-rules,3336000,30.10,77.05,1007.56,30.80,72.36,1007.56,0,0,RULES,1,1,1,
2026-09-27 01:23:02,baseline-rules,3337000,30.10,77.59,1007.65,30.80,72.31,1007.53,0,0,RULES,1,1,1,
2026-09-27 01:23:03,baseline-rules,3338000,30.10,77.37,1007.59,30.80,72.39,1007.48,0,0,RULES,1,1,1,
2026-09-27 01:23:04,baseline-rules,3339000,30.11,76.99,1007.58,30.80,72.66,1007.48,0,0,RULES,1,1,1,
2026-09-27 01:23:05,baseline-rules,3340000,30.11,77.45,1007.54,30.80,72.45,1007.50,0,0,RULES,1,1,1,
2026-09-27 01:23:06,baseline-rules,3341000,30.11,77.72,1007.55,30.81,72.58,1007.52,0,0,RULES,1,1,1,
2026-09-27 01:23:07,baseline-rules,3342000,30.11,76.88,1007.57,30.80,72.38,1007.53,0,0,RULES,1,1,1,
2026-09-27 01:23:08,baseline-rules,3343000,30.11,76.44,1007.57,30.81,72.56,1007.55,0,0,RULES,1,1,1,
2026-09-27 01:23:09,baseline-rules,3344000,30.11,76.47,1007.58,30.81,72.47,1007.49,0,0,RULES,1,1,1,
2026-09-27 01:23:10,baseline-rules,3345000,30.12,76.25,1007.59,30.81,72.46,1007.55,0,0,RULES,1,1,1,
2026-09-27 01:23:11,baseline-rules,3346000,30.12,75.82,1007.57,30.80,72.65,1007.57,0,0,RULES,1,1,1,
2026-09-27 01:23:12,baseline-rules,3347000,30.11,75.97,1007.54,30.80,72.53,1007.54,0,0,RULES,1,1,1,
2026-09-27 01:23:13,baseline-rules,3348000,30.12,76.35,1007.60,30.80,72.30,1007.51,0,0,RULES,1,1,1,
2026-09-27 01:23:14,baseline-rules,3349000,30.12,76.48,1007.56,30.79,72.77,1007.49,0,0,RULES,1,1,1,
2026-09-27 01:23:15,baseline-rules,3350000,30.12,76.71,1007.60,30.80,72.44,1007.48,0,0,RULES,1,1,1,
2026-09-27 01:23:16,baseline-rules,3351000,30.13,76.28,1007.55,30.79,72.29,1007.54,0,0,RULES,1,1,1,
2026-09-27 01:23:17,baseline-rules,3352000,30.12,75.93,1007.62,30.80,72.58,1007.48,0,0,RULES,1,1,1,
2026-09-27 01:23:18,baseline-rules,3353000,30.13,75.93,1007.58,30.79,72.47,1007.55,0,0,RULES,1,1,1,
2026-09-27 01:23:19,baseline-rules,3354000,30.13,75.85,1007.58,30.80,72.46,1007.53,0,0,RULES,1,1,1,
2026-09-27 01:23:20,baseline-rules,3355000,30.13,76.17,1007.55,30.80,72.33,1007.54,0,0,RULES,1,1,1,
2026-09-27 01:23:21,baseline-rules,3356000,30.14,76.30,1007.56,30.81,72.57,1007.55,0,0,RULES,1,1,1,
2026-09-27 01:23:22,baseline-rules,3357000,30.13,76.16,1007.61,30.80,72.28,1007.53,0,0,RULES,1,1,1,
2026-09-27 01:23:23,baseline-rules,3358000,30.14,76.17,1007.57,30.81,72.31,1007.52,0,0,RULES,1,1,1,
2026-09-27 01:23:24,baseline-rules,3359000,30.13,76.12,1007.49,30.80,72.49,1007.50,0,0,RULES,1,1,1,
2026-09-27 01:23:25,baseline-rules,3360000,30.14,76.79,1007.57,30.79,72.46,1007.55,0,0,RULES,1,1,1,
2026-09-27 01:23:26,baseline-rules,3361000,30.14,76.75,1007.54,30.80,72.45,1007.43,0,0,RULES,1,1,1,
2026-09-27 01:23:27,baseline-rules,3362000,30.14,76.64,1007.57,30.80,72.42,1007.50,0,0,RULES,1,1,1,
2026-09-27 01:23:28,baseline-rules,3363000,30.14,76.12,1007.48,30.81,72.66,1007.52,0,0,RULES,1,1,1,
2026-09-27 01:23:29,baseline-rules,3364000,30.15,76.58,1007.56,30.81,72.62,1007.52,0,0,RULES,1,1,1,
2026-09-27 01:23:30,baseline-rules,3365000,30.15,76.20,1007.64,30.80,72.76,1007.46,0,0,RULES,1,1,1,
2026-09-27 01:23:31,baseline-rules,3366000,30.15,76.25,1007.55,30.80,72.82,1007.54,0,0,RULES,1,1,1,
2026-09-27 01:23:32,baseline-rules,3367000,30.14,75.72,1007.57,30.81,72.66,1007.44,0,0,RULES,1,1,1,
2026-09-27 01:23:33,baseline-rules,3368000,30.15,76.79,1007.55,30.81,72.53,1007.50,0,0,RULES,1,1,1,
2026-09-27 01:23:34,baseline-rules,3369000,30.15,76.34,1007.55,30.80,72.74,1007.51,0,0,RULES,1,1,1,
2026-09-27 01:23:35,baseline-rules,3370000,30.15,76.54,1007.55,30.80,72.77,1007.50,0,0,RULES,1,1,1,
2026-09-27 01:23:36,baseline-rules,3371000,30.16,76.51,1007.57,30.80,72.49,1007.53,0,0,RULES,1,1,1,
2026-09-27 01:23:37,baseline-rules,3372000,30.16,76.31,1007.48,30.79,72.54,1007.51,0,0,RULES,1,1,1,
2026-09-27 01:23:38,baseline-rules,3373000,30.15,76.01,1007.58,30.79,72.72,1007.49,0,0,RULES,1,1,1,
2026-09-27 01:23:39,baseline-rules,3374000,30.16,76.71,1007.62,30.80,72.38,1007.48,0,0,RULES,1,1,1,
2026-09-27 01:23:40,baseline-rules,3375000,30.16,76.24,1007.57,30.80,72.42,1007.48,0,0,RULES,1,1,1,
2026-09-27 01:23:41,baseline-rules,3376000,30.16,76.01,1007.54,30.80,72.40,1007.45,0,0,RULES,1,1,1,
2026-09-27 01:23:42,baseline-rules,3377000,30.15,75.84,1007.53,30.79,72.50,1007.49,0,0,RULES,1,1,1,
2026-09-27 01:23:43,baseline-rules,3378000,30.16,76.64,1007.57,30.80,72.69,1007.48,0,0,RULES,1,1,1,
2026-09-27 01:23:44,baseline-rules,3379000,30.17,77.10,1007.56,30.80,72.45,1007.50,0,0,RULES,1,1,1,
2026-09-27 01:23:45,baseline-rules,3380000,30.16,76.29,1007.60,30.80,72.68,1007.50,0,0,RULES,1,1,1,
2026-09-27 01:23:46,baseline-rules,3381000,30.17,76.59,1007.58,30.79,72.60,1007.44,0,0,RULES,1,1,1,
2026-09-27 01:23:47,baseline-rules,3382000,30.17,76.62,1007.56,30.80,72.42,1007.50,0,0,RULES,1,1,1,
2026-09-27 01:23:48,baseline-rules,3383000,30.16,76.00,1007.55,30.79,72.70,1007.49,0,0,RULES,1,1,1,
2026-09-27 01:23:49,baseline-rules,3384000,30.18,76.44,1007.60,30.79,72.63,1007.49,0,0,RULES,1,1,1,
2026-09-27 01:23:50,baseline-rules,3385000,30.17,76.57,1007.51,30.80,72.58,1007.45,0,0,RULES,1,1,1,
2026-09-27 01:23:51,baseline-rules,3386000,30.18,76.36,1007.60,30.80,72.64,1007.53,0,0,RULES,1,1,1,
2026-09-27 01:23:52,baseline-rules,3387000,30.18,75.92,1007.60,30.79,72.31,1007.47,0,0,RULES,1,1,1,
2026-09-27 01:23:53,baseline-rules,3388000,30.17,75.86,1007.56,30.79,72.50,1007.46,0,0,RULES,1,1,1,
2026-09-27 01:23:54,baseline-rules,3389000,30.17,75.78,1007.51,30.80,72.41,1007.48,0,0,RULES,1,1,1,
2026-09-27 01:23:55,baseline-rules,3390000,30.18,76.36,1007.57,30.79,72.77,1007.52,0,0,RULES,1,1,1,
2026-09-27 01:23:56,baseline-rules,3391000,30.18,75.96,1007.58,30.80,72.77,1007.53,0,0,RULES,1,1,1,
2026-09-27 01:23:57,baseline-rules,3392000,30.18,76.29,1007.60,30.81,72.36,1007.52,0,0,RULES,1,1,1,
2026-09-27 01:23:58,baseline-rules,3393000,30.17,76.25,1007.59,30.80,72.44,1007.53,0,0,RULES,1,1,1,
2026-09-27 01:23:59,baseline-rules,3394000,30.18,77.10,1007.58,30.79,72.53,1007.44,0,0,RULES,1,1,1,
2026-09-27 01:24:00,baseline-rules,3395000,30.18,76.98,1007.61,30.80,72.48,1007.53,0,0,RULES,1,1,1,
2026-09-27 01:24:01,baseline-rules,3396000,30.18,76.05,1007.54,30.79,72.46,1007.43,0,0,RULES,1,1,1,
2026-09-27 01:24:02,baseline-rules,3397000,30.19,75.77,1007.56,30.79,72.50,1007.49,0,0,RULES,1,1,1,
2026-09-27 01:24:03,baseline-rules,3398000,30.19,75.80,1007.56,30.79,72.83,1007.49,0,0,RULES,1,1,1,
2026-09-27 01:24:04,baseline-rules,3399000,30.19,76.61,1007.62,30.79,72.45,1007.49,0,0,RULES,1,1,1,
2026-09-27 01:24:05,baseline-rules,3400000,30.19,76.40,1007.56,30.79,72.31,1007.49,0,0,RULES,1,1,1,
2026-09-27 01:24:06,baseline-rules,3401000,30.20,76.19,1007.58,30.78,72.58,1007.48,0,0,RULES,1,1,1,
2026-09-27 01:24:07,baseline-rules,3402000,30.20,76.20,1007.60,30.79,72.33,1007.49,0,0,RULES,1,1,1,
2026-09-27 01:24:08,baseline-rules,3403000,30.19,77.23,1007.57,30.79,72.46,1007.49,0,0,RULES,1,1,1,
2026-09-27 01:24:09,baseline-rules,3404000,30.20,77.45,1007.52,30.79,72.42,1007.55,0,0,RULES,1,1,1,
2026-09-27 01:24:10,baseline-rules,3405000,30.20,77.84,1007.58,30.80,72.47,1007.45,0,0,RULES,1,1,1,
2026-09-27 01:24:11,baseline-rules,3406000,30.20,77.20,1007.60,30.79,72.43,1007.43,0,0,RULES,1,1,1,
2026-09-27 01:24:12,baseline-rules,3407000,30.19,76.73,1007.51,30.79,72.47,1007.49,0,0,RULES,1,1,1,
2026-09-27 01:24:13,baseline-rules,3408000,30.19,76.64,1007.57,30.79,72.62,1007.40,0,0,RULES,1,1,1,
2026-09-27 01:24:14,baseline-rules,3409000,30.20,76.73,1007.58,30.79,72.50,1007.46,0,0,RULES,1,1,1,
2026-09-27 01:24:15,baseline-rules,3410000,30.21,76.75,1007.56,30.79,72.38,1007.51,0,0,RULES,1,1,1,
2026-09-27 01:24:16,baseline-rules,3411000,30.20,76.90,1007.58,30.79,72.45,1007.52,0,0,RULES,1,1,1,
2026-09-27 01:24:17,baseline-rules,3412000,30.20,76.14,1007.55,30.80,72.50,1007.48,0,0,RULES,1,1,1,
2026-09-27 01:24:18,baseline-rules,3413000,30.21,76.56,1007.59,30.79,72.45,1007.46,0,0,RULES,1,1,1,
2026-09-27 01:24:19,baseline-rules,3414000,30.21,76.98,1007.56,30.80,72.45,1007.45,0,0,RULES,1,1,1,
2026-09-27 01:24:20,baseline-rules,3415000,30.20,76.71,1007.61,30.79,72.62,1007.55,0,0,RULES,1,1,1,
2026-09-27 01:24:21,baseline-rules,3416000,30.21,76.38,1007.56,30.79,72.35,1007.47,0,0,RULES,1,1,1,
2026-09-27 01:24:22,baseline-rules,3417000,30.21,76.21,1007.54,30.80,72.44,1007.50,0,0,RULES,1,1,1,
2026-09-27 01:24:23,baseline-rules,3418000,30.21,76.47,1007.56,30.79,72.37,1007.44,0,0,RULES,1,1,1,
2026-09-27 01:24:24,baseline-rules,3419000,30.20,76.15,1007.58,30.78,72.37,1007.45,0,0,RULES,1,1,1,
2026-09-27 01:24:25,baseline-rules,3420000,30.21,76.18,1007.51,30.78,72.34,1007.45,0,0,RULES,1,1,1,
2026-09-27 01:24:26,baseline-rules,3421000,30.21,76.50,1007.54,30.79,72.36,1007.43,0,0,RULES,1,1,1,
2026-09-27 01:24:27,baseline-rules,3422000,30.22,76.92,1007.61,30.80,72.36,1007.48,0,0,RULES,1,1,1,
2026-09-27 01:24:28,baseline-rules,3423000,30.21,76.36,1007.56,30.79,72.33,1007.57,0,0,RULES,1,1,1,
2026-09-27 01:24:29,baseline-rules,3424000,30.20,76.50,1007.56,30.79,72.63,1007.46,0,0,RULES,1,1,1,
2026-09-27 01:24:30,baseline-rules,3425000,30.22,76.87,1007.61,30.79,72.38,1007.51,0,0,RULES,1,1,1,
2026-09-27 01:24:31,baseline-rules,3426000,30.22,76.42,1007.52,30.80,72.37,1007.50,0,0,RULES,1,1,1,
2026-09-27 01:24:32,baseline-rules,3427000,30.21,76.40,1007.52,30.79,72.46,1007.51,0,0,RULES,1,1,1,
2026-09-27 01:24:33,baseline-rules,3428000,30.21,76.13,1007.56,30.80,72.45,1007.50,0,0,RULES,1,1,1,
2026-09-27 01:24:34,baseline-rules,3429000,30.22,76.08,1007.55,30.79,72.34,1007.49,0,0,RULES,1,1,1,
2026-09-27 01:24:35,baseline-rules,3430000,30.23,76.94,1007.48,30.79,72.32,1007.47,0,0,RULES,1,1,1,
2026-09-27 01:24:36,baseline-rules,3431000,30.21,76.26,1007.56,30.80,72.41,1007.50,0,0,RULES,1,1,1,
2026-09-27 01:24:37,baseline-rules,3432000,30.22,75.99,1007.58,30.79,72.63,1007.49,0,0,RULES,1,1,1,
2026-09-27 01:24:38,baseline-rules,3433000,30.22,75.80,1007.58,30.79,72.38,1007.49,0,0,RULES,1,1,1,
2026-09-27 01:24:39,baseline-rules,3434000,30.23,76.37,1007.59,30.79,72.41,1007.55,0,0,RULES,1,1,1,
2026-09-27 01:24:40,baseline-rules,3435000,30.22,75.83,1007.55,30.79,72.32,1007.54,0,0,RULES,1,1,1,
2026-09-27 01:24:41,baseline-rules,3436000,30.23,75.70,1007.65,30.79,72.48,1007.49,0,0,RULES,1,1,1,
2026-09-27 01:24:42,baseline-rules,3437000,30.21,75.74,1007.63,30.79,72.47,1007.49,0,0,RULES,1,1,1,
2026-09-27 01:24:43,baseline-rules,3438000,30.22,75.59,1007.61,30.79,72.49,1007.54,0,0,RULES,1,1,1,
2026-09-27 01:24:44,baseline-rules,3439000,30.22,75.91,1007.61,30.78,72.55,1007.47,0,0,RULES,1,1,1,
2026-09-27 01:24:45,baseline-rules,3440000,30.22,75.69,1007.50,30.79,72.33,1007.49,0,0,RULES,1,1,1,
2026-09-27 01:24:46,baseline-rules,3441000,30.21,75.44,1007.57,30.79,72.35,1007.52,0,0,RULES,1,1,1,
2026-09-27 01:24:47,baseline-rules,3442000,30.23,76.20,1007.60,30.80,72.38,1007.48,0,0,RULES,1,1,1,
2026-09-27 01:24:48,baseline-rules,3443000,30.23,75.42,1007.54,30.79,72.39,1007.43,0,0,RULES,1,1,1,
2026-09-27 01:24:49,baseline-rules,3444000,30.23,75.56,1007.59,30.79,72.36,1007.47,0,0,RULES,1,1,1,
2026-09-27 01:24:50,baseline-rules,3445000,30.23,75.43,1007.60,30.80,72.32,1007.50,0,0,RULES,1,1,1,
2026-09-27 01:24:51,baseline-rules,3446000,30.23,75.83,1007.56,30.80,72.31,1007.51,0,0,RULES,1,1,1,
2026-09-27 01:24:52,baseline-rules,3447000,30.22,75.70,1007.61,30.79,72.37,1007.49,0,0,RULES,1,1,1,
2026-09-27 01:24:53,baseline-rules,3448000,30.23,76.16,1007.53,30.80,72.35,1007.53,0,0,RULES,1,1,1,
2026-09-27 01:24:54,baseline-rules,3449000,30.23,75.91,1007.56,30.79,72.48,1007.47,0,0,RULES,1,1,1,
2026-09-27 01:24:55,baseline-rules,3450000,30.24,75.86,1007.61,30.79,72.37,1007.49,0,0,RULES,1,1,1,
2026-09-27 01:24:56,baseline-rules,3451000,30.24,76.24,1007.61,30.79,72.40,1007.43,0,0,RULES,1,1,1,
2026-09-27 01:24:57,baseline-rules,3452000,30.24,76.24,1007.61,30.79,72.23,1007.49,0,0,RULES,1,1,1,
2026-09-27 01:24:58,baseline-rules,3453000,30.24,75.76,1007.58,30.80,72.48,1007.54,0,0,RULES,1,1,1,
2026-09-27 01:24:59,baseline-rules,3454000,30.24,75.98,1007.53,30.80,72.42,1007.57,0,0,RULES,1,1,1,
2026-09-27 01:25:00,baseline-rules,3455000,30.24,75.77,1007.56,30.79,72.48,1007.49,0,0,RULES,1,1,1,
2026-09-27 01:25:01,baseline-rules,3456000,30.24,75.63,1007.59,30.80,72.62,1007.45,0,0,RULES,1,1,1,
2026-09-27 01:25:02,baseline-rules,3457000,30.23,75.29,1007.54,30.79,72.46,1007.49,0,0,RULES,1,1,1,
2026-09-27 01:25:03,baseline-rules,3458000,30.24,75.52,1007.61,30.79,72.47,1007.47,0,0,RULES,1,1,1,
2026-09-27 01:25:04,baseline-rules,3459000,30.25,75.56,1007.57,30.79,72.45,1007.47,0,0,RULES,1,1,1,
2026-09-27 01:25:05,baseline-rules,3460000,30.24,75.78,1007.53,30.81,72.63,1007.49,0,0,RULES,1,1,1,
2026-09-27 01:25:06,baseline-rules,3461000,30.25,76.21,1007.63,30.79,72.33,1007.52,0,0,RULES,1,1,1,
2026-09-27 01:25:07,baseline-rules,3462000,30.25,75.84,1007.63,30.80,72.45,1007.48,0,0,RULES,1,1,1,
2026-09-27 01:25:08,baseline-rules,3463000,30.25,75.24,1007.57,30.80,72.76,1007.51,0,0,RULES,1,1,1,
2026-09-27 01:25:09,baseline-rules,3464000,30.26,75.34,1007.61,30.80,72.53,1007.50,0,0,RULES,1,1,1,
2026-09-27 01:25:10,baseline-rules,3465000,30.25,75.40,1007.54,30.80,72.39,1007.48,0,0,RULES,1,1,1,
2026-09-27 01:25:11,baseline-rules,,,,,,,,,,,,,,mist A=1 B=0 (below lo)
2026-09-27 01:25:11,baseline-rules,3466000,30.26,74.98,1007.55,30.81,72.35,1007.46,1,0,RULES,1,1,1,
2026-09-27 01:25:12,baseline-rules,3467000,30.26,75.26,1007.59,30.81,72.83,1007.52,1,0,RULES,1,1,1,
2026-09-27 01:25:13,baseline-rules,3468000,30.25,75.56,1007.57,30.80,72.35,1007.48,1,0,RULES,1,1,1,
2026-09-27 01:25:14,baseline-rules,3469000,30.25,75.92,1007.62,30.80,72.46,1007.45,1,0,RULES,1,1,1,
2026-09-27 01:25:15,baseline-rules,3470000,30.24,75.76,1007.55,30.81,72.43,1007.44,1,0,RULES,1,1,1,
2026-09-27 01:25:16,baseline-rules,3471000,30.23,76.75,1007.63,30.80,72.48,1007.48,1,0,RULES,1,1,1,
2026-09-27 01:25:17,baseline-rules,3472000,30.20,78.15,1007.55,30.80,72.45,1007.48,1,0,RULES,1,1,1,
2026-09-27 01:25:18,baseline-rules,3473000,30.20,79.77,1007.58,30.80,72.46,1007.50,1,0,RULES,1,1,1,
2026-09-27 01:25:19,baseline-rules,3474000,30.18,80.68,1007.57,30.80,72.42,1007.48,1,0,RULES,1,1,1,
2026-09-27 01:25:20,baseline-rules,3475000,30.16,81.15,1007.55,30.79,72.32,1007.49,1,0,RULES,1,1,1,
2026-09-27 01:25:21,baseline-rules,3476000,30.12,80.75,1007.54,30.79,72.31,1007.47,1,0,RULES,1,1,1,
2026-09-27 01:25:22,baseline-rules,3477000,30.11,80.20,1007.55,30.78,72.73,1007.48,1,0,RULES,1,1,1,
2026-09-27 01:25:23,baseline-rules,3478000,30.10,80.96,1007.58,30.78,72.43,1007.48,1,0,RULES,1,1,1,
2026-09-27 01:25:24,end,,,,,,,,,,,,,,mist A=0 B=0 (manual)
2026-09-27 01:25:24,end,,,,,,,,,,,,,,mode OFF
2026-09-27 01:25:24,end,,,,,,,,,,,,,,"S,mode=OFF,lo=75.0,hi=90.0,max=300,cool=180,man=400,use=A,period=1,in=ok,out=ok,tank=ok,mistA=0,mistB=0"
2026-09-27 01:25:24,end,3479000,30.06,80.78,1007.58,30.79,72.68,1007.47,0,0,OFF,1,1,1,
2026-09-27 01:25:25,end,3480000,30.07,81.20,1007.56,30.79,72.59,1007.49,0,0,OFF,1,1,1,
2026-09-27 01:25:26,end,3481000,30.04,81.26,1007.51,30.80,72.83,1007.48,0,0,OFF,1,1,1,
