pc_time,phase,ms,t_in,rh_in,p_in,t_out,rh_out,p_out,mistA,mistB,mode,in_ok,out_ok,tank_ok,event
2026-09-27 02:25:47,idle,,,,,,,,,,,,,,"S,mode=OFF,lo=75.0,hi=90.0,max=300,cool=180,man=400,use=A,period=1,in=ok,out=ok,tank=ok,mistA=0,mistB=0"
2026-09-27 02:25:47,idle,,,,,,,,,,,,,,mode MANUAL
2026-09-27 02:25:48,idle,7103000,30.50,87.61,1007.38,31.16,71.26,1007.33,0,0,MANUAL,1,1,1,
2026-09-27 02:25:49,idle,7104000,30.49,87.52,1007.45,31.15,71.22,1007.37,0,0,MANUAL,1,1,1,
2026-09-27 02:25:50,brain,,,,,,,,,,,,,,MARK  brain block start
2026-09-27 02:25:50,brain,7105000,30.48,87.90,1007.44,31.16,70.88,1007.41,0,0,MANUAL,1,1,1,
2026-09-27 02:25:51,brain,7106000,30.49,87.50,1007.45,31.16,71.09,1007.36,0,0,MANUAL,1,1,1,
2026-09-27 02:25:52,brain,7107000,30.49,87.55,1007.48,31.16,70.66,1007.35,0,0,MANUAL,1,1,1,
2026-09-27 02:25:53,brain,7108000,30.48,87.48,1007.47,31.16,71.05,1007.35,0,0,MANUAL,1,1,1,
2026-09-27 02:25:54,brain,7109000,30.48,87.62,1007.50,31.15,70.79,1007.34,0,0,MANUAL,1,1,1,
2026-09-27 02:25:55,brain,7110000,30.48,87.59,1007.43,31.16,71.16,1007.33,0,0,MANUAL,1,1,1,
2026-09-27 02:25:56,brain,7111000,30.45,87.42,1007.42,31.15,70.75,1007.34,0,0,MANUAL,1,1,1,
2026-09-27 02:25:57,brain,7112000,30.44,87.43,1007.43,31.16,70.71,1007.33,0,0,MANUAL,1,1,1,
2026-09-27 02:25:58,brain,7113000,30.45,87.56,1007.47,31.17,70.81,1007.37,0,0,MANUAL,1,1,1,
2026-09-27 02:25:59,brain,7114000,30.45,87.30,1007.41,31.16,70.73,1007.36,0,0,MANUAL,1,1,1,
2026-09-27 02:26:00,brain,7115000,30.44,87.42,1007.40,31.16,71.14,1007.32,0,0,MANUAL,1,1,1,
2026-09-27 02:26:01,brain,7116000,30.44,87.26,1007.45,31.17,70.78,1007.32,0,0,MANUAL,1,1,1,
2026-09-27 02:26:02,brain,7117000,30.43,87.18,1007.46,31.17,70.75,1007.37,0,0,MANUAL,1,1,1,
2026-09-27 02:26:03,brain,7118000,30.42,87.36,1007.43,31.17,70.77,1007.34,0,0,MANUAL,1,1,1,
2026-09-27 02:26:04,brain,7119000,30.42,87.24,1007.45,31.16,70.95,1007.41,0,0,MANUAL,1,1,1,
2026-09-27 02:26:05,brain,7120000,30.41,87.15,1007.44,31.17,70.84,1007.37,0,0,MANUAL,1,1,1,
2026-09-27 02:26:06,brain,7121000,30.42,87.43,1007.42,31.16,70.75,1007.39,0,0,MANUAL,1,1,1,
2026-09-27 02:26:07,brain,7122000,30.40,87.31,1007.42,31.17,71.01,1007.37,0,0,MANUAL,1,1,1,
2026-09-27 02:26:08,brain,7123000,30.41,87.10,1007.49,31.16,70.76,1007.32,0,0,MANUAL,1,1,1,
2026-09-27 02:26:09,brain,7124000,30.40,87.04,1007.48,31.15,70.78,1007.40,0,0,MANUAL,1,1,1,
2026-09-27 02:26:10,brain,7125000,30.40,87.27,1007.47,31.16,70.73,1007.33,0,0,MANUAL,1,1,1,
2026-09-27 02:26:11,brain,7126000,30.39,87.21,1007.37,31.16,70.75,1007.39,0,0,MANUAL,1,1,1,
2026-09-27 02:26:12,brain,7127000,30.39,86.97,1007.48,31.16,70.82,1007.36,0,0,MANUAL,1,1,1,
2026-09-27 02:26:13,brain,7128000,30.37,87.04,1007.37,31.16,71.16,1007.35,0,0,MANUAL,1,1,1,
2026-09-27 02:26:14,brain,7129000,30.38,87.14,1007.47,31.16,70.87,1007.32,0,0,MANUAL,1,1,1,
2026-09-27 02:26:15,brain,7130000,30.36,86.96,1007.41,31.16,71.21,1007.30,0,0,MANUAL,1,1,1,
2026-09-27 02:26:16,brain,7131000,30.35,86.98,1007.39,31.15,70.90,1007.37,0,0,MANUAL,1,1,1,
2026-09-27 02:26:17,brain,7132000,30.35,86.89,1007.43,31.16,70.86,1007.38,0,0,MANUAL,1,1,1,
2026-09-27 02:26:18,brain,7133000,30.35,86.87,1007.42,31.17,70.80,1007.37,0,0,MANUAL,1,1,1,
2026-09-27 02:26:19,brain,7134000,30.34,87.07,1007.38,31.15,70.88,1007.31,0,0,MANUAL,1,1,1,
2026-09-27 02:26:20,brain,7135000,30.35,86.88,1007.42,31.16,71.22,1007.29,0,0,MANUAL,1,1,1,
2026-09-27 02:26:21,brain,7136000,30.33,86.86,1007.42,31.16,70.98,1007.30,0,0,MANUAL,1,1,1,
2026-09-27 02:26:22,brain,7137000,30.34,87.01,1007.46,31.16,70.88,1007.30,0,0,MANUAL,1,1,1,
2026-09-27 02:26:23,brain,7138000,30.33,86.88,1007.42,31.16,71.05,1007.32,0,0,MANUAL,1,1,1,
2026-09-27 02:26:24,brain,7139000,30.33,86.93,1007.45,31.16,71.14,1007.33,0,0,MANUAL,1,1,1,
2026-09-27 02:26:25,brain,7140000,30.33,86.74,1007.41,31.15,70.70,1007.37,0,0,MANUAL,1,1,1,
2026-09-27 02:26:26,brain,7141000,30.32,86.80,1007.45,31.16,70.73,1007.39,0,0,MANUAL,1,1,1,
2026-09-27 02:26:27,brain,7142000,30.32,86.81,1007.43,31.16,70.68,1007.30,0,0,MANUAL,1,1,1,
2026-09-27 02:26:28,brain,7143000,30.32,86.98,1007.43,31.15,70.71,1007.37,0,0,MANUAL,1,1,1,
2026-09-27 02:26:29,brain,7144000,30.32,86.96,1007.40,31.16,70.76,1007.35,0,0,MANUAL,1,1,1,
2026-09-27 02:26:30,brain,7145000,30.31,86.64,1007.41,31.15,70.80,1007.33,0,0,MANUAL,1,1,1,
2026-09-27 02:26:31,brain,7146000,30.30,86.62,1007.43,31.16,70.73,1007.38,0,0,MANUAL,1,1,1,
2026-09-27 02:26:32,brain,7147000,30.31,86.58,1007.47,31.16,70.81,1007.29,0,0,MANUAL,1,1,1,
2026-09-27 02:26:33,brain,7148000,30.31,86.86,1007.45,31.16,70.72,1007.36,0,0,MANUAL,1,1,1,
2026-09-27 02:26:34,brain,7149000,30.31,86.74,1007.47,31.15,70.72,1007.31,0,0,MANUAL,1,1,1,
2026-09-27 02:26:35,brain,7150000,30.30,86.59,1007.40,31.15,70.72,1007.29,0,0,MANUAL,1,1,1,
2026-09-27 02:26:36,brain,7151000,30.30,86.83,1007.39,31.16,70.80,1007.38,0,0,MANUAL,1,1,1,
2026-09-27 02:26:37,brain,7152000,30.29,86.45,1007.47,31.16,70.81,1007.41,0,0,MANUAL,1,1,1,
2026-09-27 02:26:38,brain,7153000,30.28,86.29,1007.45,31.16,71.12,1007.36,0,0,MANUAL,1,1,1,
2026-09-27 02:26:39,brain,7154000,30.29,86.43,1007.46,31.15,70.73,1007.29,0,0,MANUAL,1,1,1,
2026-09-27 02:26:40,brain,7155000,30.28,86.26,1007.39,31.15,70.71,1007.31,0,0,MANUAL,1,1,1,
2026-09-27 02:26:41,brain,7156000,30.28,86.42,1007.40,31.15,70.83,1007.40,0,0,MANUAL,1,1,1,
2026-09-27 02:26:42,brain,7157000,30.27,85.92,1007.44,31.16,70.76,1007.33,0,0,MANUAL,1,1,1,
2026-09-27 02:26:43,brain,7158000,30.27,85.81,1007.40,31.15,70.94,1007.34,0,0,MANUAL,1,1,1,
2026-09-27 02:26:44,brain,7159000,30.26,85.81,1007.48,31.17,70.74,1007.37,0,0,MANUAL,1,1,1,
2026-09-27 02:26:45,brain,7160000,30.27,85.99,1007.44,31.16,70.75,1007.36,0,0,MANUAL,1,1,1,
2026-09-27 02:26:46,brain,7161000,30.27,85.93,1007.40,31.15,70.68,1007.37,0,0,MANUAL,1,1,1,
2026-09-27 02:26:47,brain,7162000,30.27,85.81,1007.40,31.16,70.72,1007.38,0,0,MANUAL,1,1,1,
2026-09-27 02:26:48,brain,7163000,30.26,86.06,1007.45,31.15,70.70,1007.40,0,0,MANUAL,1,1,1,
2026-09-27 02:26:49,brain,7164000,30.27,85.85,1007.46,31.15,70.64,1007.34,0,0,MANUAL,1,1,1,
2026-09-27 02:26:50,brain,7165000,30.26,85.96,1007.42,31.17,70.67,1007.42,0,0,MANUAL,1,1,1,
2026-09-27 02:26:51,brain,7166000,30.25,85.67,1007.40,31.15,70.67,1007.40,0,0,MANUAL,1,1,1,
2026-09-27 02:26:52,brain,7167000,30.27,86.12,1007.48,31.15,70.77,1007.31,0,0,MANUAL,1,1,1,
2026-09-27 02:26:53,brain,7168000,30.27,85.97,1007.46,31.14,70.81,1007.38,0,0,MANUAL,1,1,1,
2026-09-27 02:26:54,brain,7169000,30.26,85.76,1007.45,31.15,70.69,1007.37,0,0,MANUAL,1,1,1,
2026-09-27 02:26:55,brain,7170000,30.26,85.91,1007.42,31.15,71.03,1007.34,0,0,MANUAL,1,1,1,
2026-09-27 02:26:56,brain,7171000,30.26,85.71,1007.42,31.15,70.73,1007.36,0,0,MANUAL,1,1,1,
2026-09-27 02:26:57,brain,7172000,30.25,85.53,1007.43,31.15,70.68,1007.39,0,0,MANUAL,1,1,1,
2026-09-27 02:26:58,brain,7173000,30.25,85.81,1007.43,31.16,70.68,1007.38,0,0,MANUAL,1,1,1,
2026-09-27 02:26:59,brain,7174000,30.25,85.71,1007.46,31.15,70.73,1007.37,0,0,MANUAL,1,1,1,
2026-09-27 02:27:00,brain,7175000,30.26,85.51,1007.50,31.14,70.79,1007.33,0,0,MANUAL,1,1,1,
2026-09-27 02:27:01,brain,7176000,30.26,85.69,1007.38,31.16,70.90,1007.38,0,0,MANUAL,1,1,1,
2026-09-27 02:27:02,brain,7177000,30.26,85.51,1007.44,31.14,70.86,1007.38,0,0,MANUAL,1,1,1,
2026-09-27 02:27:03,brain,7178000,30.24,85.35,1007.39,31.14,70.78,1007.30,0,0,MANUAL,1,1,1,
2026-09-27 02:27:04,brain,7179000,30.25,85.28,1007.46,31.15,70.68,1007.33,0,0,MANUAL,1,1,1,
2026-09-27 02:27:05,brain,7180000,30.23,84.64,1007.43,31.14,70.76,1007.35,0,0,MANUAL,1,1,1,
2026-09-27 02:27:06,brain,7181000,30.24,84.46,1007.44,31.14,70.76,1007.35,0,0,MANUAL,1,1,1,
2026-09-27 02:27:07,brain,7182000,30.24,84.63,1007.46,31.15,70.80,1007.39,0,0,MANUAL,1,1,1,
2026-09-27 02:27:08,brain,7183000,30.23,84.47,1007.43,31.14,70.81,1007.29,0,0,MANUAL,1,1,1,
2026-09-27 02:27:09,brain,7184000,30.24,84.70,1007.44,31.14,70.74,1007.32,0,0,MANUAL,1,1,1,
2026-09-27 02:27:10,brain,7185000,30.24,84.98,1007.38,31.14,70.99,1007.38,0,0,MANUAL,1,1,1,
2026-09-27 02:27:11,brain,7186000,30.24,85.01,1007.36,31.14,70.74,1007.32,0,0,MANUAL,1,1,1,
2026-09-27 02:27:12,brain,7187000,30.23,84.89,1007.40,31.14,70.76,1007.27,0,0,MANUAL,1,1,1,
2026-09-27 02:27:13,brain,7188000,30.24,85.11,1007.44,31.14,71.14,1007.35,0,0,MANUAL,1,1,1,
2026-09-27 02:27:14,brain,7189000,30.24,84.99,1007.42,31.14,70.76,1007.27,0,0,MANUAL,1,1,1,
2026-09-27 02:27:15,brain,7190000,30.23,85.01,1007.34,31.14,70.80,1007.35,0,0,MANUAL,1,1,1,
2026-09-27 02:27:16,brain,7191000,30.23,84.84,1007.42,31.14,70.82,1007.32,0,0,MANUAL,1,1,1,
2026-09-27 02:27:17,brain,7192000,30.24,84.69,1007.44,31.14,70.72,1007.33,0,0,MANUAL,1,1,1,
2026-09-27 02:27:18,brain,7193000,30.23,84.90,1007.40,31.14,70.71,1007.33,0,0,MANUAL,1,1,1,
2026-09-27 02:27:19,brain,7194000,30.24,84.68,1007.41,31.14,70.88,1007.33,0,0,MANUAL,1,1,1,
2026-09-27 02:27:20,brain,7195000,30.24,84.65,1007.41,31.13,70.89,1007.27,0,0,MANUAL,1,1,1,
2026-09-27 02:27:21,brain,7196000,30.23,84.52,1007.39,31.14,70.76,1007.37,0,0,MANUAL,1,1,1,
2026-09-27 02:27:22,brain,7197000,30.23,84.59,1007.40,31.15,70.71,1007.33,0,0,MANUAL,1,1,1,
2026-09-27 02:27:23,brain,7198000,30.23,84.55,1007.40,31.14,70.72,1007.35,0,0,MANUAL,1,1,1,
2026-09-27 02:27:24,brain,7199000,30.23,84.47,1007.43,31.14,70.84,1007.32,0,0,MANUAL,1,1,1,
2026-09-27 02:27:25,brain,7200000,30.24,84.51,1007.39,31.14,70.73,1007.35,0,0,MANUAL,1,1,1,
2026-09-27 02:27:26,brain,7201000,30.23,84.61,1007.34,31.15,70.81,1007.33,0,0,MANUAL,1,1,1,
2026-09-27 02:27:27,brain,7202000,30.24,84.86,1007.41,31.14,70.68,1007.35,0,0,MANUAL,1,1,1,
2026-09-27 02:27:28,brain,7203000,30.24,84.84,1007.42,31.13,70.91,1007.30,0,0,MANUAL,1,1,1,
2026-09-27 02:27:29,brain,7204000,30.25,84.63,1007.40,31.12,70.80,1007.32,0,0,MANUAL,1,1,1,
2026-09-27 02:27:30,brain,7205000,30.24,84.83,1007.36,31.13,70.87,1007.33,0,0,MANUAL,1,1,1,
2026-09-27 02:27:31,brain,7206000,30.25,84.99,1007.40,31.12,70.81,1007.31,0,0,MANUAL,1,1,1,
2026-09-27 02:27:32,brain,7207000,30.25,84.67,1007.38,31.14,70.84,1007.32,0,0,MANUAL,1,1,1,
2026-09-27 02:27:33,brain,7208000,30.25,84.88,1007.40,31.13,70.88,1007.36,0,0,MANUAL,1,1,1,
2026-09-27 02:27:34,brain,7209000,30.25,84.79,1007.35,31.12,70.96,1007.35,0,0,MANUAL,1,1,1,
2026-09-27 02:27:35,brain,7210000,30.24,84.33,1007.32,31.13,71.17,1007.33,0,0,MANUAL,1,1,1,
2026-09-27 02:27:36,brain,7211000,30.25,84.28,1007.32,31.12,71.02,1007.29,0,0,MANUAL,1,1,1,
2026-09-27 02:27:37,brain,7212000,30.25,84.34,1007.45,31.14,70.88,1007.32,0,0,MANUAL,1,1,1,
2026-09-27 02:27:38,brain,7213000,30.25,84.60,1007.40,31.12,70.78,1007.27,0,0,MANUAL,1,1,1,
2026-09-27 02:27:39,brain,7214000,30.24,84.18,1007.39,31.12,70.84,1007.35,0,0,MANUAL,1,1,1,
2026-09-27 02:27:40,brain,7215000,30.25,84.34,1007.37,31.13,70.83,1007.30,0,0,MANUAL,1,1,1,
2026-09-27 02:27:41,brain,7216000,30.25,84.32,1007.38,31.12,70.97,1007.34,0,0,MANUAL,1,1,1,
2026-09-27 02:27:42,brain,7217000,30.25,84.44,1007.38,31.13,70.81,1007.30,0,0,MANUAL,1,1,1,
2026-09-27 02:27:43,brain,7218000,30.25,84.04,1007.37,31.12,70.74,1007.32,0,0,MANUAL,1,1,1,
2026-09-27 02:27:44,brain,7219000,30.25,84.03,1007.40,31.12,70.91,1007.31,0,0,MANUAL,1,1,1,
2026-09-27 02:27:45,brain,7220000,30.25,84.24,1007.40,31.12,70.86,1007.29,0,0,MANUAL,1,1,1,
2026-09-27 02:27:46,brain,7221000,30.25,84.00,1007.46,31.12,70.76,1007.35,0,0,MANUAL,1,1,1,
2026-09-27 02:27:47,brain,7222000,30.26,84.39,1007.41,31.12,70.81,1007.34,0,0,MANUAL,1,1,1,
2026-09-27 02:27:48,brain,7223000,30.26,84.32,1007.39,31.13,70.89,1007.30,0,0,MANUAL,1,1,1,
2026-09-27 02:27:49,brain,7224000,30.26,84.54,1007.42,31.12,70.99,1007.32,0,0,MANUAL,1,1,1,
2026-09-27 02:27:50,brain,7225000,30.27,84.36,1007.40,31.12,70.88,1007.35,0,0,MANUAL,1,1,1,
2026-09-27 02:27:51,brain,7226000,30.27,84.47,1007.38,31.12,70.81,1007.35,0,0,MANUAL,1,1,1,
2026-09-27 02:27:52,brain,7227000,30.27,84.33,1007.38,31.13,70.84,1007.33,0,0,MANUAL,1,1,1,
2026-09-27 02:27:53,brain,7228000,30.27,84.51,1007.43,31.12,70.99,1007.29,0,0,MANUAL,1,1,1,
2026-09-27 02:27:54,brain,7229000,30.27,84.58,1007.38,31.12,71.02,1007.29,0,0,MANUAL,1,1,1,
2026-09-27 02:27:55,brain,7230000,30.28,84.45,1007.42,31.13,70.92,1007.33,0,0,MANUAL,1,1,1,
2026-09-27 02:27:56,brain,7231000,30.28,84.47,1007.44,31.12,70.95,1007.35,0,0,MANUAL,1,1,1,
2026-09-27 02:27:57,brain,7232000,30.29,84.53,1007.38,31.12,70.78,1007.35,0,0,MANUAL,1,1,1,
2026-09-27 02:27:58,brain,7233000,30.28,84.31,1007.42,31.12,71.15,1007.35,0,0,MANUAL,1,1,1,
2026-09-27 02:27:59,brain,7234000,30.29,84.37,1007.40,31.12,70.97,1007.37,0,0,MANUAL,1,1,1,
2026-09-27 02:28:00,brain,7235000,30.28,84.38,1007.34,31.12,70.84,1007.29,0,0,MANUAL,1,1,1,
2026-09-27 02:28:01,brain,7236000,30.30,84.45,1007.39,31.11,70.83,1007.33,0,0,MANUAL,1,1,1,
2026-09-27 02:28:02,brain,7237000,30.29,84.35,1007.44,31.12,70.96,1007.34,0,0,MANUAL,1,1,1,
2026-09-27 02:28:03,brain,7238000,30.29,84.33,1007.44,31.11,71.04,1007.28,0,0,MANUAL,1,1,1,
2026-09-27 02:28:04,brain,7239000,30.30,84.35,1007.39,31.12,70.79,1007.31,0,0,MANUAL,1,1,1,
2026-09-27 02:28:05,brain,7240000,30.30,84.69,1007.40,31.11,70.87,1007.28,0,0,MANUAL,1,1,1,
2026-09-27 02:28:06,brain,7241000,30.30,84.57,1007.40,31.12,70.78,1007.34,0,0,MANUAL,1,1,1,
2026-09-27 02:28:07,brain,7242000,30.31,84.60,1007.39,31.12,70.82,1007.34,0,0,MANUAL,1,1,1,
2026-09-27 02:28:08,brain,7243000,30.30,84.63,1007.40,31.12,71.00,1007.29,0,0,MANUAL,1,1,1,
2026-09-27 02:28:09,brain,7244000,30.32,84.72,1007.34,31.12,70.83,1007.32,0,0,MANUAL,1,1,1,
2026-09-27 02:28:10,brain,7245000,30.32,84.94,1007.43,31.11,70.87,1007.28,0,0,MANUAL,1,1,1,
2026-09-27 02:28:11,brain,7246000,30.32,84.59,1007.41,31.12,70.99,1007.41,0,0,MANUAL,1,1,1,
2026-09-27 02:28:12,brain,7247000,30.31,84.49,1007.39,31.11,71.33,1007.33,0,0,MANUAL,1,1,1,
2026-09-27 02:28:13,brain,7248000,30.33,84.86,1007.41,31.11,70.84,1007.27,0,0,MANUAL,1,1,1,
2026-09-27 02:28:14,brain,7249000,30.32,84.59,1007.41,31.12,70.93,1007.34,0,0,MANUAL,1,1,1,
2026-09-27 02:28:15,brain,7250000,30.34,84.93,1007.43,31.11,71.00,1007.33,0,0,MANUAL,1,1,1,
2026-09-27 02:28:16,brain,7251000,30.33,84.92,1007.42,31.10,70.71,1007.32,0,0,MANUAL,1,1,1,
2026-09-27 02:28:17,brain,7252000,30.34,84.52,1007.37,31.10,71.14,1007.29,0,0,MANUAL,1,1,1,
2026-09-27 02:28:18,brain,7253000,30.33,84.69,1007.39,31.11,70.95,1007.33,0,0,MANUAL,1,1,1,
2026-09-27 02:28:19,brain,7254000,30.35,84.83,1007.40,31.11,70.85,1007.33,0,0,MANUAL,1,1,1,
2026-09-27 02:28:20,brain,7255000,30.35,84.86,1007.43,31.11,70.86,1007.31,0,0,MANUAL,1,1,1,
2026-09-27 02:28:21,brain,7256000,30.35,85.23,1007.40,31.12,70.81,1007.29,0,0,MANUAL,1,1,1,
2026-09-27 02:28:22,brain,7257000,30.35,84.94,1007.43,31.12,71.09,1007.31,0,0,MANUAL,1,1,1,
2026-09-27 02:28:23,brain,7258000,30.36,85.30,1007.41,31.11,70.85,1007.33,0,0,MANUAL,1,1,1,
2026-09-27 02:28:24,brain,7259000,30.37,85.30,1007.42,31.12,70.91,1007.37,0,0,MANUAL,1,1,1,
2026-09-27 02:28:25,brain,7260000,30.36,85.00,1007.35,31.11,70.82,1007.33,0,0,MANUAL,1,1,1,
2026-09-27 02:28:26,brain,7261000,30.37,84.98,1007.37,31.11,70.77,1007.33,0,0,MANUAL,1,1,1,
2026-09-27 02:28:27,brain,7262000,30.37,84.98,1007.45,31.11,70.90,1007.27,0,0,MANUAL,1,1,1,
2026-09-27 02:28:28,brain,7263000,30.37,85.05,1007.37,31.12,70.83,1007.35,0,0,MANUAL,1,1,1,
2026-09-27 02:28:29,brain,7264000,30.38,85.13,1007.42,31.12,70.82,1007.32,0,0,MANUAL,1,1,1,
2026-09-27 02:28:30,brain,7265000,30.38,85.14,1007.39,31.11,70.74,1007.33,0,0,MANUAL,1,1,1,
2026-09-27 02:28:31,brain,7266000,30.39,84.98,1007.49,31.12,70.92,1007.31,0,0,MANUAL,1,1,1,
2026-09-27 02:28:32,brain,7267000,30.39,85.05,1007.41,31.11,70.79,1007.31,0,0,MANUAL,1,1,1,
2026-09-27 02:28:33,brain,7268000,30.39,85.13,1007.43,31.12,70.75,1007.26,0,0,MANUAL,1,1,1,
2026-09-27 02:28:34,brain,7269000,30.39,85.13,1007.43,31.11,70.90,1007.33,0,0,MANUAL,1,1,1,
2026-09-27 02:28:35,brain,7270000,30.40,85.11,1007.44,31.12,70.81,1007.32,0,0,MANUAL,1,1,1,
2026-09-27 02:28:36,brain,7271000,30.40,85.02,1007.42,31.12,71.03,1007.34,0,0,MANUAL,1,1,1,
2026-09-27 02:28:37,brain,7272000,30.40,85.10,1007.42,31.11,70.90,1007.27,0,0,MANUAL,1,1,1,
2026-09-27 02:28:38,brain,7273000,30.40,85.35,1007.39,31.12,70.80,1007.35,0,0,MANUAL,1,1,1,
2026-09-27 02:28:39,brain,7274000,30.41,85.45,1007.40,31.11,71.03,1007.33,0,0,MANUAL,1,1,1,
2026-09-27 02:28:40,brain,7275000,30.42,85.40,1007.36,31.12,70.95,1007.29,0,0,MANUAL,1,1,1,
2026-09-27 02:28:41,brain,7276000,30.41,85.46,1007.40,31.12,71.08,1007.34,0,0,MANUAL,1,1,1,
2026-09-27 02:28:42,brain,7277000,30.42,85.25,1007.42,31.11,71.35,1007.33,0,0,MANUAL,1,1,1,
2026-09-27 02:28:43,brain,7278000,30.42,85.65,1007.43,31.11,71.21,1007.30,0,0,MANUAL,1,1,1,
2026-09-27 02:28:44,brain,7279000,30.42,85.32,1007.34,31.11,71.30,1007.33,0,0,MANUAL,1,1,1,
2026-09-27 02:28:45,brain,7280000,30.41,85.40,1007.41,31.11,71.14,1007.27,0,0,MANUAL,1,1,1,
2026-09-27 02:28:46,brain,7281000,30.43,85.28,1007.43,31.10,71.23,1007.29,0,0,MANUAL,1,1,1,
2026-09-27 02:28:47,brain,7282000,30.42,85.00,1007.40,31.11,71.29,1007.33,0,0,MANUAL,1,1,1,
2026-09-27 02:28:48,brain,7283000,30.43,85.19,1007.41,31.11,71.28,1007.38,0,0,MANUAL,1,1,1,
2026-09-27 02:28:49,brain,7284000,30.43,85.31,1007.35,31.10,70.87,1007.35,0,0,MANUAL,1,1,1,
2026-09-27 02:28:50,brain,7285000,30.43,85.26,1007.33,31.10,71.00,1007.32,0,0,MANUAL,1,1,1,
2026-09-27 02:28:51,brain,7286000,30.43,85.17,1007.41,31.11,70.85,1007.38,0,0,MANUAL,1,1,1,
2026-09-27 02:28:52,brain,7287000,30.43,85.20,1007.41,31.10,70.84,1007.32,0,0,MANUAL,1,1,1,
2026-09-27 02:28:53,brain,7288000,30.44,85.36,1007.42,31.11,70.97,1007.35,0,0,MANUAL,1,1,1,
2026-09-27 02:28:54,brain,7289000,30.44,85.25,1007.40,31.10,70.96,1007.32,0,0,MANUAL,1,1,1,
2026-09-27 02:28:55,brain,7290000,30.43,85.22,1007.41,31.11,70.92,1007.33,0,0,MANUAL,1,1,1,
2026-09-27 02:28:56,brain,7291000,30.44,85.22,1007.45,31.10,70.94,1007.37,0,0,MANUAL,1,1,1,
2026-09-27 02:28:57,brain,7292000,30.45,85.16,1007.44,31.10,70.96,1007.37,0,0,MANUAL,1,1,1,
2026-09-27 02:28:58,brain,7293000,30.45,85.30,1007.44,31.10,71.00,1007.35,0,0,MANUAL,1,1,1,
2026-09-27 02:28:59,brain,7294000,30.45,85.21,1007.42,31.10,70.92,1007.37,0,0,MANUAL,1,1,1,
2026-09-27 02:29:00,brain,7295000,30.45,85.15,1007.45,31.10,70.95,1007.32,0,0,MANUAL,1,1,1,
2026-09-27 02:29:01,brain,7296000,30.45,85.33,1007.36,31.09,70.89,1007.30,0,0,MANUAL,1,1,1,
2026-09-27 02:29:02,brain,7297000,30.45,85.04,1007.39,31.09,70.80,1007.27,0,0,MANUAL,1,1,1,
2026-09-27 02:29:03,brain,7298000,30.45,85.26,1007.39,31.10,70.91,1007.37,0,0,MANUAL,1,1,1,
2026-09-27 02:29:04,brain,7299000,30.45,85.29,1007.45,31.09,71.38,1007.25,0,0,MANUAL,1,1,1,
2026-09-27 02:29:05,brain,7300000,30.46,85.37,1007.48,31.09,71.14,1007.30,0,0,MANUAL,1,1,1,
2026-09-27 02:29:06,brain,7301000,30.46,85.35,1007.43,31.09,71.22,1007.36,0,0,MANUAL,1,1,1,
2026-09-27 02:29:07,brain,7302000,30.46,85.12,1007.43,31.10,71.32,1007.37,0,0,MANUAL,1,1,1,
2026-09-27 02:29:08,brain,7303000,30.47,85.47,1007.41,31.09,71.08,1007.25,0,0,MANUAL,1,1,1,
2026-09-27 02:29:09,brain,7304000,30.46,85.24,1007.43,31.10,71.29,1007.34,0,0,MANUAL,1,1,1,
2026-09-27 02:29:10,brain,7305000,30.46,85.42,1007.43,31.10,71.01,1007.31,0,0,MANUAL,1,1,1,
2026-09-27 02:29:11,brain,7306000,30.46,85.15,1007.41,31.10,71.35,1007.37,0,0,MANUAL,1,1,1,
2026-09-27 02:29:12,brain,7307000,30.47,85.12,1007.42,31.10,70.84,1007.28,0,0,MANUAL,1,1,1,
2026-09-27 02:29:13,brain,7308000,30.48,85.07,1007.41,31.11,71.08,1007.33,0,0,MANUAL,1,1,1,
2026-09-27 02:29:14,brain,7309000,30.48,85.23,1007.40,31.10,70.85,1007.32,0,0,MANUAL,1,1,1,
2026-09-27 02:29:15,brain,7310000,30.47,85.13,1007.44,31.09,70.88,1007.33,0,0,MANUAL,1,1,1,
2026-09-27 02:29:16,brain,7311000,30.48,85.46,1007.37,31.10,71.06,1007.32,0,0,MANUAL,1,1,1,
2026-09-27 02:29:17,brain,7312000,30.48,85.41,1007.44,31.11,70.94,1007.33,0,0,MANUAL,1,1,1,
2026-09-27 02:29:18,brain,7313000,30.47,85.26,1007.37,31.10,70.83,1007.35,0,0,MANUAL,1,1,1,
2026-09-27 02:29:19,brain,7314000,30.48,85.30,1007.47,31.11,71.33,1007.35,0,0,MANUAL,1,1,1,
2026-09-27 02:29:20,brain,7315000,30.49,85.54,1007.46,31.10,71.12,1007.26,0,0,MANUAL,1,1,1,
2026-09-27 02:29:21,brain,7316000,30.49,85.55,1007.43,31.10,71.08,1007.35,0,0,MANUAL,1,1,1,
2026-09-27 02:29:22,brain,7317000,30.49,85.34,1007.48,31.10,70.96,1007.32,0,0,MANUAL,1,1,1,
2026-09-27 02:29:23,brain,7318000,30.49,85.45,1007.39,31.11,70.70,1007.30,0,0,MANUAL,1,1,1,
2026-09-27 02:29:24,brain,7319000,30.49,85.55,1007.40,31.11,70.87,1007.35,0,0,MANUAL,1,1,1,
2026-09-27 02:29:25,brain,7320000,30.50,85.51,1007.41,31.11,70.85,1007.33,0,0,MANUAL,1,1,1,
2026-09-27 02:29:26,brain,7321000,30.48,85.04,1007.47,31.10,70.89,1007.32,0,0,MANUAL,1,1,1,
2026-09-27 02:29:27,brain,7322000,30.49,85.11,1007.36,31.10,70.95,1007.34,0,0,MANUAL,1,1,1,
2026-09-27 02:29:28,brain,7323000,30.48,84.95,1007.46,31.10,70.89,1007.35,0,0,MANUAL,1,1,1,
2026-09-27 02:29:29,brain,7324000,30.48,84.56,1007.47,31.11,70.92,1007.36,0,0,MANUAL,1,1,1,
2026-09-27 02:29:30,brain,7325000,30.48,84.62,1007.43,31.10,70.84,1007.32,0,0,MANUAL,1,1,1,
2026-09-27 02:29:31,brain,7326000,30.47,84.88,1007.37,31.11,70.94,1007.30,0,0,MANUAL,1,1,1,
2026-09-27 02:29:32,brain,7327000,30.48,84.92,1007.43,31.10,71.23,1007.32,0,0,MANUAL,1,1,1,
2026-09-27 02:29:33,brain,7328000,30.48,84.85,1007.43,31.10,71.21,1007.35,0,0,MANUAL,1,1,1,
2026-09-27 02:29:34,brain,7329000,30.49,85.19,1007.45,31.10,71.00,1007.32,0,0,MANUAL,1,1,1,
2026-09-27 02:29:35,brain,7330000,30.49,84.98,1007.39,31.10,70.98,1007.29,0,0,MANUAL,1,1,1,
2026-09-27 02:29:36,brain,7331000,30.50,85.30,1007.38,31.10,71.32,1007.29,0,0,MANUAL,1,1,1,
2026-09-27 02:29:37,brain,7332000,30.50,85.38,1007.35,31.10,70.89,1007.35,0,0,MANUAL,1,1,1,
2026-09-27 02:29:38,brain,7333000,30.50,85.01,1007.43,31.11,70.85,1007.27,0,0,MANUAL,1,1,1,
2026-09-27 02:29:39,brain,7334000,30.49,85.05,1007.40,31.11,71.01,1007.28,0,0,MANUAL,1,1,1,
2026-09-27 02:29:40,brain,7335000,30.49,85.19,1007.34,31.12,70.91,1007.34,0,0,MANUAL,1,1,1,
2026-09-27 02:29:41,brain,7336000,30.51,85.18,1007.42,31.12,71.04,1007.41,0,0,MANUAL,1,1,1,
2026-09-27 02:29:42,brain,7337000,30.51,85.53,1007.42,31.11,70.90,1007.30,0,0,MANUAL,1,1,1,
2026-09-27 02:29:43,brain,7338000,30.51,85.53,1007.42,31.11,70.77,1007.36,0,0,MANUAL,1,1,1,
2026-09-27 02:29:44,brain,7339000,30.51,85.30,1007.46,31.11,71.22,1007.27,0,0,MANUAL,1,1,1,
2026-09-27 02:29:45,brain,7340000,30.51,85.27,1007.37,31.11,71.05,1007.33,0,0,MANUAL,1,1,1,
2026-09-27 02:29:46,brain,7341000,30.51,85.30,1007.40,31.11,71.10,1007.31,0,0,MANUAL,1,1,1,
2026-09-27 02:29:47,brain,7342000,30.51,85.63,1007.43,31.11,71.08,1007.33,0,0,MANUAL,1,1,1,
2026-09-27 02:29:48,brain,7343000,30.50,85.29,1007.43,31.11,70.97,1007.30,0,0,MANUAL,1,1,1,
2026-09-27 02:29:49,brain,7344000,30.50,85.25,1007.41,31.10,70.91,1007.32,0,0,MANUAL,1,1,1,
2026-09-27 02:29:50,brain,7345000,30.50,84.76,1007.41,31.11,70.93,1007.33,0,0,MANUAL,1,1,1,
2026-09-27 02:29:51,brain,7346000,30.50,84.79,1007.39,31.11,71.02,1007.31,0,0,MANUAL,1,1,1,
2026-09-27 02:29:52,brain,7347000,30.50,84.84,1007.41,31.11,71.08,1007.33,0,0,MANUAL,1,1,1,
2026-09-27 02:29:53,brain,7348000,30.50,85.18,1007.33,31.11,70.81,1007.27,0,0,MANUAL,1,1,1,
2026-09-27 02:29:54,brain,7349000,30.51,85.09,1007.37,31.11,71.03,1007.36,0,0,MANUAL,1,1,1,
2026-09-27 02:29:55,brain,7350000,30.51,85.08,1007.39,31.11,70.77,1007.39,0,0,MANUAL,1,1,1,
2026-09-27 02:29:56,brain,7351000,30.51,85.23,1007.35,31.10,70.87,1007.32,0,0,MANUAL,1,1,1,
2026-09-27 02:29:57,brain,7352000,30.51,85.12,1007.43,31.11,70.88,1007.33,0,0,MANUAL,1,1,1,
2026-09-27 02:29:58,brain,7353000,30.50,84.72,1007.41,31.10,70.84,1007.26,0,0,MANUAL,1,1,1,
2026-09-27 02:29:59,brain,7354000,30.50,84.69,1007.33,31.11,70.96,1007.31,0,0,MANUAL,1,1,1,
2026-09-27 02:30:00,brain,7355000,30.51,84.67,1007.43,31.10,70.85,1007.29,0,0,MANUAL,1,1,1,
2026-09-27 02:30:01,brain,7356000,30.50,84.96,1007.39,31.11,70.90,1007.27,0,0,MANUAL,1,1,1,
2026-09-27 02:30:02,brain,7357000,30.50,84.40,1007.43,31.11,70.94,1007.31,0,0,MANUAL,1,1,1,
2026-09-27 02:30:03,brain,7358000,30.49,84.52,1007.40,31.11,70.87,1007.35,0,0,MANUAL,1,1,1,
2026-09-27 02:30:04,brain,7359000,30.49,84.48,1007.43,31.12,70.82,1007.34,0,0,MANUAL,1,1,1,
2026-09-27 02:30:05,brain,7360000,30.50,84.20,1007.41,31.11,70.91,1007.33,0,0,MANUAL,1,1,1,
2026-09-27 02:30:06,brain,7361000,30.50,84.33,1007.41,31.11,70.88,1007.27,0,0,MANUAL,1,1,1,
2026-09-27 02:30:07,brain,7362000,30.50,84.33,1007.43,31.11,71.18,1007.27,0,0,MANUAL,1,1,1,
2026-09-27 02:30:08,brain,7363000,30.49,84.27,1007.46,31.10,70.79,1007.32,0,0,MANUAL,1,1,1,
2026-09-27 02:30:09,brain,7364000,30.50,84.08,1007.43,31.11,70.82,1007.28,0,0,MANUAL,1,1,1,
2026-09-27 02:30:10,brain,7365000,30.49,84.37,1007.39,31.11,70.84,1007.33,0,0,MANUAL,1,1,1,
2026-09-27 02:30:11,brain,7366000,30.50,84.35,1007.41,31.11,70.94,1007.31,0,0,MANUAL,1,1,1,
2026-09-27 02:30:12,brain,7367000,30.48,83.89,1007.40,31.11,70.84,1007.33,0,0,MANUAL,1,1,1,
2026-09-27 02:30:13,brain,7368000,30.48,84.12,1007.35,31.11,70.91,1007.31,0,0,MANUAL,1,1,1,
2026-09-27 02:30:14,brain,7369000,30.48,83.50,1007.41,31.12,70.92,1007.34,0,0,MANUAL,1,1,1,
2026-09-27 02:30:15,brain,7370000,30.48,83.55,1007.44,31.10,70.97,1007.26,0,0,MANUAL,1,1,1,
2026-09-27 02:30:16,brain,7371000,30.48,83.58,1007.40,31.11,70.90,1007.33,0,0,MANUAL,1,1,1,
2026-09-27 02:30:17,brain,7372000,30.47,83.50,1007.45,31.10,70.82,1007.29,0,0,MANUAL,1,1,1,
2026-09-27 02:30:18,brain,7373000,30.48,83.64,1007.38,31.11,70.91,1007.33,0,0,MANUAL,1,1,1,
2026-09-27 02:30:19,brain,7374000,30.48,83.41,1007.43,31.11,70.77,1007.31,0,0,MANUAL,1,1,1,
2026-09-27 02:30:20,brain,7375000,30.48,83.60,1007.37,31.12,70.82,1007.32,0,0,MANUAL,1,1,1,
2026-09-27 02:30:21,brain,7376000,30.47,83.61,1007.37,31.11,70.79,1007.33,0,0,MANUAL,1,1,1,
2026-09-27 02:30:22,brain,7377000,30.48,83.98,1007.40,31.11,70.83,1007.28,0,0,MANUAL,1,1,1,
2026-09-27 02:30:23,brain,7378000,30.48,83.95,1007.41,31.10,70.88,1007.32,0,0,MANUAL,1,1,1,
2026-09-27 02:30:24,brain,7379000,30.49,84.15,1007.46,31.11,70.83,1007.33,0,0,MANUAL,1,1,1,
2026-09-27 02:30:25,brain,7380000,30.49,84.30,1007.43,31.10,70.86,1007.26,0,0,MANUAL,1,1,1,
2026-09-27 02:30:26,brain,7381000,30.49,84.20,1007.43,31.11,70.92,1007.33,0,0,MANUAL,1,1,1,
2026-09-27 02:30:27,brain,7382000,30.49,84.22,1007.39,31.11,70.91,1007.28,0,0,MANUAL,1,1,1,
2026-09-27 02:30:28,brain,7383000,30.49,84.46,1007.40,31.10,70.77,1007.29,0,0,MANUAL,1,1,1,
2026-09-27 02:30:29,brain,7384000,30.50,84.43,1007.46,31.10,71.02,1007.31,0,0,MANUAL,1,1,1,
2026-09-27 02:30:30,brain,7385000,30.49,84.29,1007.42,31.11,70.94,1007.35,0,0,MANUAL,1,1,1,
2026-09-27 02:30:31,brain,7386000,30.50,84.28,1007.46,31.11,71.22,1007.31,0,0,MANUAL,1,1,1,
2026-09-27 02:30:32,brain,7387000,30.49,84.18,1007.43,31.11,71.23,1007.33,0,0,MANUAL,1,1,1,
2026-09-27 02:30:33,brain,7388000,30.49,84.07,1007.40,31.10,71.30,1007.26,0,0,MANUAL,1,1,1,
2026-09-27 02:30:34,brain,7389000,30.49,84.23,1007.39,31.10,71.33,1007.29,0,0,MANUAL,1,1,1,
2026-09-27 02:30:35,brain,7390000,30.49,84.30,1007.40,31.10,71.32,1007.34,0,0,MANUAL,1,1,1,
2026-09-27 02:30:36,brain,7391000,30.50,84.41,1007.46,31.11,70.99,1007.35,0,0,MANUAL,1,1,1,
2026-09-27 02:30:37,brain,7392000,30.50,84.37,1007.41,31.11,71.30,1007.30,0,0,MANUAL,1,1,1,
2026-09-27 02:30:38,brain,7393000,30.51,84.55,1007.43,31.10,71.13,1007.25,0,0,MANUAL,1,1,1,
2026-09-27 02:30:39,brain,7394000,30.51,84.34,1007.42,31.10,71.21,1007.26,0,0,MANUAL,1,1,1,
2026-09-27 02:30:40,brain,7395000,30.50,84.04,1007.41,31.10,71.09,1007.32,0,0,MANUAL,1,1,1,
2026-09-27 02:30:41,brain,7396000,30.50,84.38,1007.41,31.10,71.13,1007.31,0,0,MANUAL,1,1,1,
2026-09-27 02:30:42,brain,7397000,30.51,84.45,1007.51,31.10,71.30,1007.32,0,0,MANUAL,1,1,1,
2026-09-27 02:30:43,brain,7398000,30.51,84.27,1007.45,31.11,71.19,1007.31,0,0,MANUAL,1,1,1,
2026-09-27 02:30:44,brain,7399000,30.51,84.39,1007.48,31.11,71.13,1007.33,0,0,MANUAL,1,1,1,
2026-09-27 02:30:45,brain,7400000,30.50,84.22,1007.41,31.11,71.19,1007.36,0,0,MANUAL,1,1,1,
2026-09-27 02:30:46,brain,7401000,30.51,84.39,1007.37,31.10,71.08,1007.32,0,0,MANUAL,1,1,1,
2026-09-27 02:30:47,brain,7402000,30.51,84.32,1007.48,31.11,71.13,1007.31,0,0,MANUAL,1,1,1,
2026-09-27 02:30:48,brain,7403000,30.50,84.05,1007.41,31.12,70.87,1007.26,0,0,MANUAL,1,1,1,
2026-09-27 02:30:49,brain,7404000,30.51,84.11,1007.35,31.11,71.02,1007.36,0,0,MANUAL,1,1,1,
2026-09-27 02:30:50,brain,7405000,30.50,84.30,1007.39,31.11,70.96,1007.30,0,0,MANUAL,1,1,1,
2026-09-27 02:30:51,brain,7406000,30.49,84.05,1007.40,31.11,70.85,1007.33,0,0,MANUAL,1,1,1,
2026-09-27 02:30:52,brain,7407000,30.50,84.15,1007.41,31.12,70.93,1007.37,0,0,MANUAL,1,1,1,
2026-09-27 02:30:53,brain,7408000,30.51,84.27,1007.39,31.12,71.26,1007.29,0,0,MANUAL,1,1,1,
2026-09-27 02:30:54,brain,7409000,30.51,84.01,1007.39,31.12,71.30,1007.32,0,0,MANUAL,1,1,1,
2026-09-27 02:30:55,brain,7410000,30.50,84.17,1007.39,31.11,71.09,1007.28,0,0,MANUAL,1,1,1,
2026-09-27 02:30:56,brain,7411000,30.51,84.37,1007.40,31.12,71.22,1007.32,0,0,MANUAL,1,1,1,
2026-09-27 02:30:57,brain,7412000,30.51,84.39,1007.40,31.12,71.31,1007.31,0,0,MANUAL,1,1,1,
2026-09-27 02:30:58,brain,7413000,30.51,84.20,1007.43,31.11,71.02,1007.25,0,0,MANUAL,1,1,1,
2026-09-27 02:30:59,brain,7414000,30.50,84.37,1007.39,31.12,71.07,1007.29,0,0,MANUAL,1,1,1,
2026-09-27 02:31:00,brain,7415000,30.51,84.55,1007.42,31.12,71.12,1007.29,0,0,MANUAL,1,1,1,
2026-09-27 02:31:01,brain,7416000,30.51,84.36,1007.42,31.11,70.99,1007.33,0,0,MANUAL,1,1,1,
2026-09-27 02:31:02,brain,7417000,30.51,84.32,1007.42,31.12,71.35,1007.32,0,0,MANUAL,1,1,1,
2026-09-27 02:31:03,brain,7418000,30.50,84.17,1007.32,31.11,71.30,1007.33,0,0,MANUAL,1,1,1,
2026-09-27 02:31:04,brain,7419000,30.51,84.11,1007.43,31.12,71.34,1007.38,0,0,MANUAL,1,1,1,
2026-09-27 02:31:05,brain,7420000,30.50,83.78,1007.38,31.11,71.12,1007.33,0,0,MANUAL,1,1,1,
2026-09-27 02:31:06,brain,7421000,30.50,83.67,1007.41,31.11,71.18,1007.22,0,0,MANUAL,1,1,1,
2026-09-27 02:31:07,brain,7422000,30.51,83.83,1007.45,31.12,71.00,1007.35,0,0,MANUAL,1,1,1,
2026-09-27 02:31:08,brain,7423000,30.50,83.97,1007.44,31.11,71.21,1007.30,0,0,MANUAL,1,1,1,
2026-09-27 02:31:09,brain,7424000,30.50,84.13,1007.39,31.10,70.87,1007.29,0,0,MANUAL,1,1,1,
2026-09-27 02:31:10,brain,7425000,30.51,84.07,1007.42,31.11,71.01,1007.30,0,0,MANUAL,1,1,1,
2026-09-27 02:31:11,brain,7426000,30.51,83.97,1007.43,31.10,71.31,1007.32,0,0,MANUAL,1,1,1,
2026-09-27 02:31:12,brain,7427000,30.50,83.89,1007.47,31.10,70.97,1007.26,0,0,MANUAL,1,1,1,
2026-09-27 02:31:13,brain,7428000,30.50,84.10,1007.41,31.11,70.99,1007.27,0,0,MANUAL,1,1,1,
2026-09-27 02:31:14,brain,7429000,30.50,83.99,1007.41,31.11,71.13,1007.28,0,0,MANUAL,1,1,1,
2026-09-27 02:31:15,brain,7430000,30.51,83.89,1007.46,31.11,71.25,1007.30,0,0,MANUAL,1,1,1,
2026-09-27 02:31:16,brain,7431000,30.51,83.93,1007.43,31.11,70.99,1007.36,0,0,MANUAL,1,1,1,
2026-09-27 02:31:17,brain,7432000,30.49,83.61,1007.37,31.11,71.30,1007.33,0,0,MANUAL,1,1,1,
2026-09-27 02:31:18,brain,7433000,30.50,83.44,1007.41,31.10,70.91,1007.32,0,0,MANUAL,1,1,1,
2026-09-27 02:31:19,brain,7434000,30.50,83.56,1007.41,31.11,70.93,1007.25,0,0,MANUAL,1,1,1,
2026-09-27 02:31:20,brain,7435000,30.49,83.60,1007.37,31.10,70.86,1007.29,0,0,MANUAL,1,1,1,
2026-09-27 02:31:21,brain,7436000,30.51,83.61,1007.42,31.10,70.96,1007.29,0,0,MANUAL,1,1,1,
2026-09-27 02:31:22,brain,7437000,30.50,83.64,1007.41,31.11,70.92,1007.28,0,0,MANUAL,1,1,1,
2026-09-27 02:31:23,brain,7438000,30.50,83.84,1007.39,31.11,70.83,1007.30,0,0,MANUAL,1,1,1,
2026-09-27 02:31:24,brain,7439000,30.50,83.69,1007.35,31.11,70.90,1007.33,0,0,MANUAL,1,1,1,
2026-09-27 02:31:25,brain,7440000,30.51,83.68,1007.43,31.10,70.87,1007.31,0,0,MANUAL,1,1,1,
2026-09-27 02:31:26,brain,7441000,30.51,83.80,1007.40,31.11,70.90,1007.31,0,0,MANUAL,1,1,1,
2026-09-27 02:31:27,brain,7442000,30.50,84.01,1007.36,31.10,70.77,1007.32,0,0,MANUAL,1,1,1,
2026-09-27 02:31:28,brain,7443000,30.51,83.87,1007.45,31.10,71.14,1007.29,0,0,MANUAL,1,1,1,
2026-09-27 02:31:29,brain,7444000,30.51,83.88,1007.42,31.10,70.86,1007.26,0,0,MANUAL,1,1,1,
2026-09-27 02:31:30,brain,7445000,30.51,83.85,1007.43,31.10,70.91,1007.29,0,0,MANUAL,1,1,1,
2026-09-27 02:31:31,brain,7446000,30.50,83.98,1007.39,31.10,70.95,1007.32,0,0,MANUAL,1,1,1,
2026-09-27 02:31:32,brain,7447000,30.49,83.34,1007.40,31.11,70.88,1007.27,0,0,MANUAL,1,1,1,
2026-09-27 02:31:33,brain,7448000,30.49,83.50,1007.37,31.11,70.88,1007.35,0,0,MANUAL,1,1,1,
2026-09-27 02:31:34,brain,7449000,30.50,83.46,1007.41,31.10,71.13,1007.29,0,0,MANUAL,1,1,1,
2026-09-27 02:31:35,brain,7450000,30.50,83.35,1007.41,31.09,71.23,1007.30,0,0,MANUAL,1,1,1,
2026-09-27 02:31:36,brain,7451000,30.50,83.68,1007.36,31.11,71.26,1007.25,0,0,MANUAL,1,1,1,
2026-09-27 02:31:37,brain,7452000,30.50,83.70,1007.41,31.11,71.26,1007.28,0,0,MANUAL,1,1,1,
2026-09-27 02:31:38,brain,7453000,30.50,83.57,1007.36,31.11,71.34,1007.36,0,0,MANUAL,1,1,1,
2026-09-27 02:31:39,brain,7454000,30.50,83.70,1007.39,31.11,71.34,1007.33,0,0,MANUAL,1,1,1,
2026-09-27 02:31:40,brain,7455000,30.51,83.78,1007.37,31.11,70.99,1007.33,0,0,MANUAL,1,1,1,
2026-09-27 02:31:41,brain,7456000,30.52,83.91,1007.50,31.11,70.87,1007.28,0,0,MANUAL,1,1,1,
2026-09-27 02:31:42,brain,7457000,30.51,83.66,1007.46,31.11,71.00,1007.30,0,0,MANUAL,1,1,1,
2026-09-27 02:31:43,brain,7458000,30.51,83.72,1007.37,31.11,70.99,1007.28,0,0,MANUAL,1,1,1,
2026-09-27 02:31:44,brain,7459000,30.51,83.38,1007.40,31.12,70.97,1007.29,0,0,MANUAL,1,1,1,
2026-09-27 02:31:45,brain,7460000,30.51,83.44,1007.42,31.11,71.10,1007.28,0,0,MANUAL,1,1,1,
2026-09-27 02:31:46,brain,7461000,30.52,83.50,1007.41,31.11,70.94,1007.33,0,0,MANUAL,1,1,1,
2026-09-27 02:31:47,brain,7462000,30.51,83.41,1007.43,31.12,71.14,1007.31,0,0,MANUAL,1,1,1,
2026-09-27 02:31:48,brain,7463000,30.52,83.75,1007.44,31.11,71.30,1007.33,0,0,MANUAL,1,1,1,
2026-09-27 02:31:49,brain,7464000,30.50,83.70,1007.36,31.10,71.15,1007.26,0,0,MANUAL,1,1,1,
2026-09-27 02:31:50,brain,7465000,30.52,83.85,1007.44,31.11,70.90,1007.28,0,0,MANUAL,1,1,1,
2026-09-27 02:31:51,brain,7466000,30.52,83.64,1007.42,31.10,70.85,1007.32,0,0,MANUAL,1,1,1,
2026-09-27 02:31:52,brain,7467000,30.51,83.68,1007.35,31.11,71.03,1007.33,0,0,MANUAL,1,1,1,
2026-09-27 02:31:53,brain,7468000,30.52,83.84,1007.41,31.10,70.95,1007.35,0,0,MANUAL,1,1,1,
2026-09-27 02:31:54,brain,7469000,30.52,83.75,1007.45,31.10,70.89,1007.32,0,0,MANUAL,1,1,1,
2026-09-27 02:31:55,brain,7470000,30.52,83.97,1007.33,31.09,70.91,1007.30,0,0,MANUAL,1,1,1,
2026-09-27 02:31:56,brain,7471000,30.53,83.81,1007.37,31.10,71.16,1007.31,0,0,MANUAL,1,1,1,
2026-09-27 02:31:57,brain,7472000,30.52,83.55,1007.39,31.09,71.04,1007.27,0,0,MANUAL,1,1,1,
2026-09-27 02:31:58,brain,7473000,30.50,83.08,1007.39,31.09,70.93,1007.30,0,0,MANUAL,1,1,1,
2026-09-27 02:31:59,brain,7474000,30.51,82.76,1007.43,31.08,71.05,1007.31,0,0,MANUAL,1,1,1,
2026-09-27 02:32:00,brain,7475000,30.50,82.52,1007.41,31.09,71.14,1007.32,0,0,MANUAL,1,1,1,
2026-09-27 02:32:01,brain,7476000,30.50,82.09,1007.39,31.08,71.05,1007.31,0,0,MANUAL,1,1,1,
2026-09-27 02:32:02,brain,7477000,30.50,82.05,1007.38,31.08,71.03,1007.34,0,0,MANUAL,1,1,1,
2026-09-27 02:32:03,brain,7478000,30.50,81.84,1007.41,31.08,71.13,1007.29,0,0,MANUAL,1,1,1,
2026-09-27 02:32:04,brain,7479000,30.50,81.79,1007.41,31.07,70.97,1007.27,0,0,MANUAL,1,1,1,
2026-09-27 02:32:05,brain,7480000,30.50,82.00,1007.35,31.07,71.09,1007.23,0,0,MANUAL,1,1,1,
2026-09-27 02:32:06,brain,7481000,30.50,82.00,1007.41,31.08,70.96,1007.28,0,0,MANUAL,1,1,1,
2026-09-27 02:32:07,brain,7482000,30.49,81.77,1007.43,31.08,70.97,1007.31,0,0,MANUAL,1,1,1,
2026-09-27 02:32:08,brain,7483000,30.49,81.81,1007.40,31.06,70.90,1007.31,0,0,MANUAL,1,1,1,
2026-09-27 02:32:09,brain,7484000,30.50,82.21,1007.41,31.07,70.97,1007.29,0,0,MANUAL,1,1,1,
2026-09-27 02:32:10,brain,7485000,30.51,82.16,1007.49,31.06,71.13,1007.31,0,0,MANUAL,1,1,1,
2026-09-27 02:32:11,brain,7486000,30.50,82.22,1007.39,31.07,71.06,1007.32,0,0,MANUAL,1,1,1,
2026-09-27 02:32:12,brain,7487000,30.49,82.33,1007.40,31.06,71.01,1007.28,0,0,MANUAL,1,1,1,
2026-09-27 02:32:13,brain,7488000,30.50,81.96,1007.44,31.06,71.06,1007.20,0,0,MANUAL,1,1,1,
2026-09-27 02:32:14,brain,7489000,30.50,82.03,1007.38,31.06,70.96,1007.36,0,0,MANUAL,1,1,1,
2026-09-27 02:32:15,brain,7490000,30.50,82.33,1007.41,31.06,70.99,1007.28,0,0,MANUAL,1,1,1,
2026-09-27 02:32:16,brain,7491000,30.51,82.22,1007.37,31.06,71.11,1007.34,0,0,MANUAL,1,1,1,
2026-09-27 02:32:17,brain,7492000,30.50,82.08,1007.41,31.06,71.07,1007.25,0,0,MANUAL,1,1,1,
2026-09-27 02:32:18,brain,7493000,30.51,82.20,1007.37,31.06,71.09,1007.27,0,0,MANUAL,1,1,1,
2026-09-27 02:32:19,brain,7494000,30.51,82.27,1007.43,31.06,71.17,1007.31,0,0,MANUAL,1,1,1,
2026-09-27 02:32:20,brain,7495000,30.50,82.30,1007.41,31.06,71.10,1007.31,0,0,MANUAL,1,1,1,
2026-09-27 02:32:21,brain,7496000,30.51,82.46,1007.40,31.06,71.09,1007.25,0,0,MANUAL,1,1,1,
2026-09-27 02:32:22,brain,7497000,30.51,82.50,1007.39,31.06,71.05,1007.31,0,0,MANUAL,1,1,1,
2026-09-27 02:32:23,brain,7498000,30.51,82.39,1007.43,31.07,71.07,1007.29,0,0,MANUAL,1,1,1,
2026-09-27 02:32:24,brain,7499000,30.51,82.30,1007.40,31.07,71.31,1007.32,0,0,MANUAL,1,1,1,
2026-09-27 02:32:25,brain,7500000,30.51,82.51,1007.46,31.07,71.20,1007.32,0,0,MANUAL,1,1,1,
2026-09-27 02:32:26,brain,7501000,30.51,82.88,1007.34,31.07,71.13,1007.26,0,0,MANUAL,1,1,1,
2026-09-27 02:32:27,brain,7502000,30.51,82.82,1007.42,31.07,71.01,1007.29,0,0,MANUAL,1,1,1,
2026-09-27 02:32:28,brain,7503000,30.51,83.11,1007.35,31.07,71.13,1007.24,0,0,MANUAL,1,1,1,
2026-09-27 02:32:29,brain,7504000,30.51,82.89,1007.40,31.07,71.07,1007.33,0,0,MANUAL,1,1,1,
2026-09-27 02:32:30,brain,7505000,30.51,82.65,1007.43,31.06,71.17,1007.23,0,0,MANUAL,1,1,1,
2026-09-27 02:32:31,brain,7506000,30.52,83.03,1007.38,31.08,71.18,1007.33,0,0,MANUAL,1,1,1,
2026-09-27 02:32:32,brain,7507000,30.52,83.17,1007.42,31.07,71.05,1007.30,0,0,MANUAL,1,1,1,
2026-09-27 02:32:33,brain,7508000,30.52,82.88,1007.41,31.08,71.02,1007.26,0,0,MANUAL,1,1,1,
2026-09-27 02:32:34,brain,7509000,30.52,82.89,1007.44,31.09,71.25,1007.29,0,0,MANUAL,1,1,1,
2026-09-27 02:32:35,brain,7510000,30.52,83.17,1007.39,31.09,71.13,1007.24,0,0,MANUAL,1,1,1,
2026-09-27 02:32:36,brain,7511000,30.53,83.20,1007.43,31.08,70.98,1007.29,0,0,MANUAL,1,1,1,
2026-09-27 02:32:37,brain,7512000,30.53,83.34,1007.41,31.08,70.94,1007.31,0,0,MANUAL,1,1,1,
2026-09-27 02:32:38,brain,7513000,30.53,83.37,1007.40,31.09,71.07,1007.29,0,0,MANUAL,1,1,1,
2026-09-27 02:32:39,brain,7514000,30.53,83.33,1007.40,31.09,71.11,1007.30,0,0,MANUAL,1,1,1,
2026-09-27 02:32:40,brain,7515000,30.53,83.58,1007.37,31.08,70.99,1007.29,0,0,MANUAL,1,1,1,
2026-09-27 02:32:41,brain,7516000,30.53,83.62,1007.38,31.09,70.95,1007.27,0,0,MANUAL,1,1,1,
2026-09-27 02:32:42,brain,7517000,30.53,83.64,1007.46,31.09,71.00,1007.30,0,0,MANUAL,1,1,1,
2026-09-27 02:32:43,brain,7518000,30.54,83.72,1007.39,31.09,71.02,1007.30,0,0,MANUAL,1,1,1,
2026-09-27 02:32:44,brain,7519000,30.53,83.58,1007.35,31.09,71.29,1007.27,0,0,MANUAL,1,1,1,
2026-09-27 02:32:45,brain,7520000,30.54,83.53,1007.39,31.10,70.98,1007.32,0,0,MANUAL,1,1,1,
2026-09-27 02:32:46,brain,7521000,30.53,83.70,1007.43,31.10,71.22,1007.37,0,0,MANUAL,1,1,1,
2026-09-27 02:32:47,brain,7522000,30.54,83.55,1007.40,31.10,71.27,1007.28,0,0,MANUAL,1,1,1,
2026-09-27 02:32:48,brain,7523000,30.55,83.69,1007.38,31.10,71.08,1007.23,0,0,MANUAL,1,1,1,
2026-09-27 02:32:49,brain,7524000,30.53,83.55,1007.32,31.10,70.87,1007.25,0,0,MANUAL,1,1,1,
2026-09-27 02:32:50,brain,7525000,30.54,83.21,1007.42,31.10,70.94,1007.21,0,0,MANUAL,1,1,1,
2026-09-27 02:32:51,brain,7526000,30.54,83.26,1007.45,31.10,70.88,1007.26,0,0,MANUAL,1,1,1,
2026-09-27 02:32:52,brain,7527000,30.53,83.41,1007.35,31.10,70.93,1007.29,0,0,MANUAL,1,1,1,
2026-09-27 02:32:53,brain,7528000,30.54,83.44,1007.42,31.10,70.95,1007.35,0,0,MANUAL,1,1,1,
2026-09-27 02:32:54,brain,7529000,30.54,83.50,1007.47,31.10,71.03,1007.35,0,0,MANUAL,1,1,1,
2026-09-27 02:32:55,brain,7530000,30.54,83.64,1007.42,31.10,71.33,1007.31,0,0,MANUAL,1,1,1,
2026-09-27 02:32:56,brain,7531000,30.54,83.55,1007.40,31.10,71.01,1007.31,0,0,MANUAL,1,1,1,
2026-09-27 02:32:57,brain,7532000,30.54,83.68,1007.42,31.10,71.23,1007.29,0,0,MANUAL,1,1,1,
2026-09-27 02:32:58,brain,7533000,30.55,83.69,1007.41,31.10,71.38,1007.32,0,0,MANUAL,1,1,1,
2026-09-27 02:32:59,brain,7534000,30.54,83.72,1007.42,31.11,71.13,1007.33,0,0,MANUAL,1,1,1,
2026-09-27 02:33:00,brain,7535000,30.55,83.94,1007.43,31.10,70.90,1007.28,0,0,MANUAL,1,1,1,
2026-09-27 02:33:01,brain,7536000,30.55,83.97,1007.35,31.10,71.05,1007.29,0,0,MANUAL,1,1,1,
2026-09-27 02:33:02,brain,7537000,30.55,83.93,1007.44,31.10,71.00,1007.35,0,0,MANUAL,1,1,1,
2026-09-27 02:33:03,brain,7538000,30.55,83.94,1007.35,31.10,71.05,1007.34,0,0,MANUAL,1,1,1,
2026-09-27 02:33:04,brain,7539000,30.55,84.00,1007.44,31.11,71.29,1007.33,0,0,MANUAL,1,1,1,
2026-09-27 02:33:05,brain,7540000,30.55,83.78,1007.38,31.10,71.04,1007.29,0,0,MANUAL,1,1,1,
2026-09-27 02:33:06,brain,7541000,30.56,83.93,1007.40,31.09,71.05,1007.25,0,0,MANUAL,1,1,1,
2026-09-27 02:33:07,brain,7542000,30.56,84.04,1007.42,31.09,71.26,1007.29,0,0,MANUAL,1,1,1,
2026-09-27 02:33:08,brain,7543000,30.55,83.95,1007.38,31.10,70.88,1007.26,0,0,MANUAL,1,1,1,
2026-09-27 02:33:09,brain,7544000,30.55,83.60,1007.44,31.10,70.86,1007.32,0,0,MANUAL,1,1,1,
2026-09-27 02:33:10,brain,7545000,30.55,83.43,1007.36,31.10,70.92,1007.23,0,0,MANUAL,1,1,1,
2026-09-27 02:33:11,brain,7546000,30.55,83.33,1007.41,31.10,71.08,1007.29,0,0,MANUAL,1,1,1,
2026-09-27 02:33:12,brain,7547000,30.55,83.39,1007.35,31.11,71.09,1007.27,0,0,MANUAL,1,1,1,
2026-09-27 02:33:13,brain,7548000,30.56,83.77,1007.36,31.10,71.04,1007.28,0,0,MANUAL,1,1,1,
2026-09-27 02:33:14,brain,7549000,30.55,83.60,1007.38,31.10,71.20,1007.31,0,0,MANUAL,1,1,1,
2026-09-27 02:33:15,brain,7550000,30.56,83.75,1007.45,31.09,71.24,1007.33,0,0,MANUAL,1,1,1,
2026-09-27 02:33:16,brain,7551000,30.56,83.76,1007.45,31.10,71.07,1007.34,0,0,MANUAL,1,1,1,
2026-09-27 02:33:17,brain,7552000,30.56,83.78,1007.45,31.09,70.89,1007.30,0,0,MANUAL,1,1,1,
2026-09-27 02:33:18,brain,7553000,30.56,83.88,1007.39,31.09,70.90,1007.29,0,0,MANUAL,1,1,1,
2026-09-27 02:33:19,brain,7554000,30.56,83.68,1007.42,31.09,71.07,1007.30,0,0,MANUAL,1,1,1,
2026-09-27 02:33:20,brain,7555000,30.56,83.68,1007.39,31.09,70.94,1007.30,0,0,MANUAL,1,1,1,
2026-09-27 02:33:21,brain,7556000,30.56,83.66,1007.45,31.09,70.88,1007.32,0,0,MANUAL,1,1,1,
2026-09-27 02:33:22,brain,7557000,30.56,84.02,1007.34,31.09,71.14,1007.29,0,0,MANUAL,1,1,1,
2026-09-27 02:33:23,brain,7558000,30.57,84.00,1007.46,31.09,70.94,1007.27,0,0,MANUAL,1,1,1,
2026-09-27 02:33:24,brain,7559000,30.56,84.10,1007.39,31.08,70.95,1007.28,0,0,MANUAL,1,1,1,
2026-09-27 02:33:25,brain,7560000,30.55,83.86,1007.41,31.09,71.02,1007.25,0,0,MANUAL,1,1,1,
2026-09-27 02:33:26,brain,7561000,30.56,83.57,1007.40,31.09,71.05,1007.33,0,0,MANUAL,1,1,1,
2026-09-27 02:33:27,brain,7562000,30.56,83.48,1007.43,31.09,71.03,1007.29,0,0,MANUAL,1,1,1,
2026-09-27 02:33:28,brain,7563000,30.57,83.53,1007.41,31.09,71.24,1007.27,0,0,MANUAL,1,1,1,
2026-09-27 02:33:29,brain,7564000,30.57,83.61,1007.46,31.09,70.99,1007.33,0,0,MANUAL,1,1,1,
2026-09-27 02:33:30,brain,7565000,30.55,83.06,1007.38,31.09,70.91,1007.30,0,0,MANUAL,1,1,1,
2026-09-27 02:33:31,brain,7566000,30.56,82.91,1007.40,31.10,70.88,1007.29,0,0,MANUAL,1,1,1,
2026-09-27 02:33:32,brain,7567000,30.57,83.29,1007.46,31.09,70.98,1007.27,0,0,MANUAL,1,1,1,
2026-09-27 02:33:33,brain,7568000,30.56,83.36,1007.46,31.09,70.85,1007.27,0,0,MANUAL,1,1,1,
2026-09-27 02:33:34,brain,7569000,30.56,83.45,1007.46,31.10,70.98,1007.34,0,0,MANUAL,1,1,1,
2026-09-27 02:33:35,brain,7570000,30.56,83.64,1007.40,31.09,70.95,1007.27,0,0,MANUAL,1,1,1,
2026-09-27 02:33:36,brain,7571000,30.56,83.46,1007.45,31.11,71.04,1007.27,0,0,MANUAL,1,1,1,
2026-09-27 02:33:37,brain,7572000,30.57,83.55,1007.44,31.10,70.95,1007.32,0,0,MANUAL,1,1,1,
2026-09-27 02:33:38,brain,7573000,30.56,83.64,1007.40,31.11,71.00,1007.27,0,0,MANUAL,1,1,1,
2026-09-27 02:33:39,brain,7574000,30.56,83.87,1007.43,31.11,70.88,1007.30,0,0,MANUAL,1,1,1,
2026-09-27 02:33:40,brain,7575000,30.57,83.85,1007.42,31.11,70.91,1007.33,0,0,MANUAL,1,1,1,
2026-09-27 02:33:41,brain,7576000,30.56,83.69,1007.43,31.11,71.05,1007.30,0,0,MANUAL,1,1,1,
2026-09-27 02:33:42,brain,7577000,30.56,83.80,1007.37,31.11,71.04,1007.33,0,0,MANUAL,1,1,1,
2026-09-27 02:33:43,brain,7578000,30.57,83.97,1007.44,31.10,70.88,1007.29,0,0,MANUAL,1,1,1,
2026-09-27 02:33:44,brain,7579000,30.57,84.06,1007.47,31.11,71.00,1007.31,0,0,MANUAL,1,1,1,
2026-09-27 02:33:45,brain,7580000,30.57,83.78,1007.47,31.11,70.96,1007.24,0,0,MANUAL,1,1,1,
2026-09-27 02:33:46,brain,7581000,30.57,84.09,1007.42,31.12,70.84,1007.29,0,0,MANUAL,1,1,1,
2026-09-27 02:33:47,brain,7582000,30.57,83.91,1007.42,31.11,70.91,1007.33,0,0,MANUAL,1,1,1,
2026-09-27 02:33:48,brain,7583000,30.58,84.11,1007.42,31.12,70.92,1007.31,0,0,MANUAL,1,1,1,
2026-09-27 02:33:49,brain,7584000,30.58,83.86,1007.40,31.12,70.98,1007.29,0,0,MANUAL,1,1,1,
2026-09-27 02:33:50,brain,7585000,30.57,83.88,1007.44,31.11,70.87,1007.31,0,0,MANUAL,1,1,1,
2026-09-27 02:33:51,brain,7586000,30.57,83.92,1007.39,31.12,70.96,1007.31,0,0,MANUAL,1,1,1,
2026-09-27 02:33:52,brain,7587000,30.58,84.02,1007.43,31.12,71.00,1007.32,0,0,MANUAL,1,1,1,
2026-09-27 02:33:53,brain,7588000,30.58,84.19,1007.49,31.12,70.91,1007.29,0,0,MANUAL,1,1,1,
2026-09-27 02:33:54,brain,7589000,30.58,84.25,1007.40,31.12,70.94,1007.24,0,0,MANUAL,1,1,1,
2026-09-27 02:33:55,brain,7590000,30.58,84.24,1007.40,31.13,71.17,1007.30,0,0,MANUAL,1,1,1,
2026-09-27 02:33:56,brain,7591000,30.58,84.30,1007.40,31.12,71.35,1007.29,0,0,MANUAL,1,1,1,
2026-09-27 02:33:57,brain,7592000,30.59,84.05,1007.33,31.12,71.25,1007.29,0,0,MANUAL,1,1,1,
2026-09-27 02:33:58,brain,7593000,30.60,84.12,1007.36,31.14,70.94,1007.32,0,0,MANUAL,1,1,1,
2026-09-27 02:33:59,brain,7594000,30.58,84.10,1007.43,31.14,71.02,1007.33,0,0,MANUAL,1,1,1,
2026-09-27 02:34:00,brain,7595000,30.60,84.14,1007.43,31.14,71.23,1007.29,0,0,MANUAL,1,1,1,
2026-09-27 02:34:01,brain,7596000,30.60,84.09,1007.42,31.14,70.91,1007.33,0,0,MANUAL,1,1,1,
2026-09-27 02:34:02,brain,7597000,30.60,84.43,1007.40,31.15,70.80,1007.33,0,0,MANUAL,1,1,1,
2026-09-27 02:34:03,brain,7598000,30.60,84.07,1007.45,31.14,70.94,1007.32,0,0,MANUAL,1,1,1,
2026-09-27 02:34:04,brain,7599000,30.60,84.20,1007.42,31.14,70.96,1007.32,0,0,MANUAL,1,1,1,
2026-09-27 02:34:05,brain,7600000,30.59,84.40,1007.41,31.13,71.20,1007.28,0,0,MANUAL,1,1,1,
2026-09-27 02:34:06,brain,7601000,30.59,84.42,1007.38,31.15,70.87,1007.28,0,0,MANUAL,1,1,1,
2026-09-27 02:34:07,brain,7602000,30.58,84.11,1007.38,31.14,70.98,1007.33,0,0,MANUAL,1,1,1,
2026-09-27 02:34:08,brain,7603000,30.60,84.37,1007.34,31.14,70.83,1007.26,0,0,MANUAL,1,1,1,
2026-09-27 02:34:09,brain,7604000,30.60,84.29,1007.39,31.14,70.78,1007.35,0,0,MANUAL,1,1,1,
2026-09-27 02:34:10,brain,7605000,30.59,84.24,1007.41,31.14,71.32,1007.33,0,0,MANUAL,1,1,1,
2026-09-27 02:34:11,brain,7606000,30.60,84.07,1007.48,31.14,70.92,1007.29,0,0,MANUAL,1,1,1,
2026-09-27 02:34:12,brain,7607000,30.60,84.03,1007.48,31.13,70.79,1007.30,0,0,MANUAL,1,1,1,
2026-09-27 02:34:13,brain,7608000,30.59,83.88,1007.38,31.14,70.71,1007.35,0,0,MANUAL,1,1,1,
2026-09-27 02:34:14,brain,7609000,30.60,83.71,1007.40,31.12,70.85,1007.29,0,0,MANUAL,1,1,1,
2026-09-27 02:34:15,brain,7610000,30.59,83.73,1007.38,31.13,71.12,1007.36,0,0,MANUAL,1,1,1,
2026-09-27 02:34:16,brain,7611000,30.59,83.52,1007.47,31.14,70.99,1007.32,0,0,MANUAL,1,1,1,
2026-09-27 02:34:17,brain,7612000,30.58,83.53,1007.42,31.13,70.75,1007.25,0,0,MANUAL,1,1,1,
2026-09-27 02:34:18,brain,7613000,30.59,83.19,1007.47,31.13,70.81,1007.30,0,0,MANUAL,1,1,1,
2026-09-27 02:34:19,brain,7614000,30.58,83.25,1007.38,31.14,70.96,1007.32,0,0,MANUAL,1,1,1,
2026-09-27 02:34:20,brain,7615000,30.59,83.37,1007.44,31.14,70.93,1007.29,0,0,MANUAL,1,1,1,
2026-09-27 02:34:21,brain,7616000,30.58,83.54,1007.46,31.14,70.74,1007.27,0,0,MANUAL,1,1,1,
2026-09-27 02:34:22,brain,7617000,30.60,83.57,1007.45,31.14,70.84,1007.38,0,0,MANUAL,1,1,1,
2026-09-27 02:34:23,brain,7618000,30.60,83.79,1007.45,31.14,70.78,1007.32,0,0,MANUAL,1,1,1,
2026-09-27 02:34:24,brain,7619000,30.58,83.56,1007.43,31.13,70.83,1007.31,0,0,MANUAL,1,1,1,
2026-09-27 02:34:25,brain,7620000,30.58,83.44,1007.40,31.14,70.83,1007.35,0,0,MANUAL,1,1,1,
2026-09-27 02:34:26,brain,7621000,30.58,83.68,1007.43,31.15,70.99,1007.28,0,0,MANUAL,1,1,1,
2026-09-27 02:34:27,brain,7622000,30.58,83.61,1007.45,31.15,71.20,1007.26,0,0,MANUAL,1,1,1,
2026-09-27 02:34:28,brain,7623000,30.57,83.21,1007.41,31.14,70.86,1007.33,0,0,MANUAL,1,1,1,
2026-09-27 02:34:29,brain,7624000,30.58,82.96,1007.40,31.15,70.91,1007.33,0,0,MANUAL,1,1,1,
2026-09-27 02:34:30,brain,7625000,30.58,82.95,1007.35,31.14,70.83,1007.27,0,0,MANUAL,1,1,1,
2026-09-27 02:34:31,brain,7626000,30.57,82.64,1007.42,31.14,70.88,1007.32,0,0,MANUAL,1,1,1,
2026-09-27 02:34:32,brain,7627000,30.58,82.54,1007.45,31.14,70.83,1007.32,0,0,MANUAL,1,1,1,
2026-09-27 02:34:33,brain,7628000,30.57,82.88,1007.41,31.14,70.81,1007.33,0,0,MANUAL,1,1,1,
2026-09-27 02:34:34,brain,7629000,30.58,82.78,1007.40,31.13,70.85,1007.28,0,0,MANUAL,1,1,1,
2026-09-27 02:34:35,brain,7630000,30.57,83.20,1007.39,31.14,70.88,1007.27,0,0,MANUAL,1,1,1,
2026-09-27 02:34:36,brain,7631000,30.57,83.17,1007.35,31.15,70.83,1007.33,0,0,MANUAL,1,1,1,
2026-09-27 02:34:37,brain,7632000,30.57,83.24,1007.39,31.15,70.74,1007.36,0,0,MANUAL,1,1,1,
2026-09-27 02:34:38,brain,7633000,30.57,83.43,1007.38,31.14,70.81,1007.33,0,0,MANUAL,1,1,1,
2026-09-27 02:34:39,brain,7634000,30.58,83.43,1007.40,31.15,70.77,1007.36,0,0,MANUAL,1,1,1,
2026-09-27 02:34:40,brain,7635000,30.57,83.46,1007.35,31.15,70.83,1007.36,0,0,MANUAL,1,1,1,
2026-09-27 02:34:41,brain,7636000,30.58,83.20,1007.42,31.15,71.23,1007.33,0,0,MANUAL,1,1,1,
2026-09-27 02:34:42,brain,7637000,30.58,83.29,1007.37,31.14,70.70,1007.30,0,0,MANUAL,1,1,1,
2026-09-27 02:34:43,brain,7638000,30.57,83.17,1007.41,31.14,70.76,1007.27,0,0,MANUAL,1,1,1,
2026-09-27 02:34:44,brain,7639000,30.57,83.19,1007.39,31.14,70.80,1007.30,0,0,MANUAL,1,1,1,
2026-09-27 02:34:45,brain,7640000,30.58,83.07,1007.42,31.15,70.65,1007.40,0,0,MANUAL,1,1,1,
2026-09-27 02:34:46,brain,7641000,30.57,83.09,1007.42,31.14,70.92,1007.30,0,0,MANUAL,1,1,1,
2026-09-27 02:34:47,brain,7642000,30.58,83.34,1007.40,31.14,71.02,1007.35,0,0,MANUAL,1,1,1,
2026-09-27 02:34:48,brain,7643000,30.57,83.08,1007.36,31.14,71.25,1007.29,0,0,MANUAL,1,1,1,
2026-09-27 02:34:49,brain,7644000,30.57,83.30,1007.44,31.14,71.18,1007.27,0,0,MANUAL,1,1,1,
2026-09-27 02:34:50,brain,7645000,30.56,83.31,1007.34,31.14,70.84,1007.32,0,0,MANUAL,1,1,1,
2026-09-27 02:34:51,brain,7646000,30.58,83.26,1007.42,31.14,71.20,1007.32,0,0,MANUAL,1,1,1,
2026-09-27 02:34:52,brain,7647000,30.56,83.23,1007.37,31.15,71.16,1007.33,0,0,MANUAL,1,1,1,
2026-09-27 02:34:53,brain,7648000,30.56,83.06,1007.37,31.14,70.78,1007.33,0,0,MANUAL,1,1,1,
2026-09-27 02:34:54,brain,7649000,30.57,83.00,1007.41,31.14,70.67,1007.33,0,0,MANUAL,1,1,1,
2026-09-27 02:34:55,brain,7650000,30.57,82.96,1007.47,31.14,70.72,1007.29,0,0,MANUAL,1,1,1,
2026-09-27 02:34:56,brain,7651000,30.57,83.08,1007.39,31.14,70.75,1007.33,0,0,MANUAL,1,1,1,
2026-09-27 02:34:57,brain,7652000,30.57,83.08,1007.42,31.14,70.92,1007.26,0,0,MANUAL,1,1,1,
2026-09-27 02:34:58,brain,7653000,30.57,83.42,1007.42,31.14,71.06,1007.21,0,0,MANUAL,1,1,1,
2026-09-27 02:34:59,brain,7654000,30.57,83.07,1007.35,31.14,70.80,1007.32,0,0,MANUAL,1,1,1,
2026-09-27 02:35:00,brain,7655000,30.57,82.93,1007.30,31.14,70.90,1007.33,0,0,MANUAL,1,1,1,
2026-09-27 02:35:01,brain,7656000,30.56,82.96,1007.43,31.15,70.83,1007.33,0,0,MANUAL,1,1,1,
2026-09-27 02:35:02,brain,7657000,30.56,82.61,1007.40,31.14,71.08,1007.26,0,0,MANUAL,1,1,1,
2026-09-27 02:35:03,brain,7658000,30.56,82.66,1007.37,31.14,70.66,1007.30,0,0,MANUAL,1,1,1,
2026-09-27 02:35:04,brain,7659000,30.55,82.31,1007.38,31.14,70.66,1007.30,0,0,MANUAL,1,1,1,
2026-09-27 02:35:05,brain,7660000,30.56,82.44,1007.42,31.14,70.82,1007.35,0,0,MANUAL,1,1,1,
2026-09-27 02:35:06,brain,7661000,30.56,82.25,1007.40,31.15,70.87,1007.37,0,0,MANUAL,1,1,1,
2026-09-27 02:35:07,brain,7662000,30.56,82.60,1007.39,31.14,70.69,1007.33,0,0,MANUAL,1,1,1,
2026-09-27 02:35:08,brain,7663000,30.56,82.40,1007.39,31.15,70.75,1007.33,0,0,MANUAL,1,1,1,
2026-09-27 02:35:09,brain,7664000,30.56,82.26,1007.45,31.14,70.83,1007.33,0,0,MANUAL,1,1,1,
2026-09-27 02:35:10,brain,7665000,30.55,81.96,1007.38,31.13,70.81,1007.22,0,0,MANUAL,1,1,1,
2026-09-27 02:35:11,brain,7666000,30.55,82.02,1007.38,31.13,70.94,1007.25,0,0,MANUAL,1,1,1,
2026-09-27 02:35:12,brain,7667000,30.56,82.10,1007.39,31.12,70.96,1007.29,0,0,MANUAL,1,1,1,
2026-09-27 02:35:13,brain,7668000,30.56,82.14,1007.36,31.14,71.00,1007.29,0,0,MANUAL,1,1,1,
2026-09-27 02:35:14,brain,7669000,30.56,82.27,1007.42,31.12,70.84,1007.29,0,0,MANUAL,1,1,1,
2026-09-27 02:35:15,brain,7670000,30.56,82.28,1007.43,31.13,70.70,1007.30,0,0,MANUAL,1,1,1,
2026-09-27 02:35:16,brain,7671000,30.56,82.30,1007.37,31.13,70.90,1007.27,0,0,MANUAL,1,1,1,
2026-09-27 02:35:17,brain,7672000,30.56,82.20,1007.39,31.12,70.90,1007.24,0,0,MANUAL,1,1,1,
2026-09-27 02:35:18,brain,7673000,30.56,82.41,1007.40,31.13,71.06,1007.30,0,0,MANUAL,1,1,1,
2026-09-27 02:35:19,brain,7674000,30.56,82.34,1007.34,31.12,70.87,1007.23,0,0,MANUAL,1,1,1,
2026-09-27 02:35:20,brain,7675000,30.56,82.37,1007.36,31.13,70.80,1007.30,0,0,MANUAL,1,1,1,
2026-09-27 02:35:21,brain,7676000,30.57,82.79,1007.41,31.12,70.85,1007.35,0,0,MANUAL,1,1,1,
2026-09-27 02:35:22,brain,7677000,30.57,82.62,1007.41,31.12,70.75,1007.27,0,0,MANUAL,1,1,1,
2026-09-27 02:35:23,brain,7678000,30.57,82.65,1007.39,31.12,70.91,1007.29,0,0,MANUAL,1,1,1,
2026-09-27 02:35:24,brain,7679000,30.57,82.86,1007.47,31.14,70.84,1007.35,0,0,MANUAL,1,1,1,
2026-09-27 02:35:25,brain,7680000,30.57,82.82,1007.39,31.13,70.71,1007.30,0,0,MANUAL,1,1,1,
2026-09-27 02:35:26,brain,7681000,30.58,83.13,1007.42,31.12,70.77,1007.27,0,0,MANUAL,1,1,1,
2026-09-27 02:35:27,brain,7682000,30.57,82.85,1007.41,31.13,70.62,1007.37,0,0,MANUAL,1,1,1,
2026-09-27 02:35:28,brain,7683000,30.57,83.19,1007.35,31.14,70.85,1007.29,0,0,MANUAL,1,1,1,
2026-09-27 02:35:29,brain,7684000,30.57,82.94,1007.39,31.12,70.76,1007.29,0,0,MANUAL,1,1,1,
2026-09-27 02:35:30,brain,7685000,30.57,83.25,1007.38,31.14,70.76,1007.30,0,0,MANUAL,1,1,1,
2026-09-27 02:35:31,brain,7686000,30.57,82.98,1007.41,31.14,70.91,1007.30,0,0,MANUAL,1,1,1,
2026-09-27 02:35:32,brain,7687000,30.57,83.18,1007.42,31.14,70.82,1007.32,0,0,MANUAL,1,1,1,
2026-09-27 02:35:33,brain,7688000,30.58,83.24,1007.43,31.13,70.87,1007.30,0,0,MANUAL,1,1,1,
2026-09-27 02:35:34,brain,7689000,30.57,83.21,1007.42,31.14,70.78,1007.35,0,0,MANUAL,1,1,1,
2026-09-27 02:35:35,brain,7690000,30.57,82.84,1007.42,31.14,70.73,1007.32,0,0,MANUAL,1,1,1,
2026-09-27 02:35:36,brain,7691000,30.57,82.83,1007.44,31.13,70.85,1007.27,0,0,MANUAL,1,1,1,
2026-09-27 02:35:37,brain,7692000,30.57,82.86,1007.39,31.12,70.84,1007.35,0,0,MANUAL,1,1,1,
2026-09-27 02:35:38,brain,7693000,30.56,82.48,1007.40,31.12,70.82,1007.32,0,0,MANUAL,1,1,1,
2026-09-27 02:35:39,brain,7694000,30.57,82.49,1007.42,31.12,70.74,1007.27,0,0,MANUAL,1,1,1,
2026-09-27 02:35:40,brain,7695000,30.57,82.40,1007.42,31.12,70.85,1007.29,0,0,MANUAL,1,1,1,
2026-09-27 02:35:41,brain,7696000,30.58,82.76,1007.46,31.13,71.07,1007.27,0,0,MANUAL,1,1,1,
2026-09-27 02:35:42,brain,7697000,30.58,82.65,1007.37,31.14,71.08,1007.35,0,0,MANUAL,1,1,1,
2026-09-27 02:35:43,brain,7698000,30.58,83.02,1007.38,31.13,70.74,1007.30,0,0,MANUAL,1,1,1,
2026-09-27 02:35:44,brain,7699000,30.58,82.76,1007.37,31.13,70.76,1007.30,0,0,MANUAL,1,1,1,
2026-09-27 02:35:45,brain,7700000,30.58,82.86,1007.43,31.13,70.75,1007.34,0,0,MANUAL,1,1,1,
2026-09-27 02:35:46,brain,7701000,30.57,82.79,1007.39,31.14,70.82,1007.29,0,0,MANUAL,1,1,1,
2026-09-27 02:35:47,brain,7702000,30.58,83.02,1007.43,31.14,70.90,1007.33,0,0,MANUAL,1,1,1,
2026-09-27 02:35:48,brain,7703000,30.58,83.16,1007.37,31.13,70.83,1007.30,0,0,MANUAL,1,1,1,
2026-09-27 02:35:49,brain,7704000,30.57,83.07,1007.36,31.14,70.75,1007.33,0,0,MANUAL,1,1,1,
2026-09-27 02:35:50,brain,7705000,30.57,82.86,1007.39,31.14,71.07,1007.33,0,0,MANUAL,1,1,1,
2026-09-27 02:35:51,brain,7706000,30.58,82.85,1007.40,31.15,70.73,1007.42,0,0,MANUAL,1,1,1,
2026-09-27 02:35:52,brain,7707000,30.58,82.61,1007.40,31.15,70.68,1007.34,0,0,MANUAL,1,1,1,
2026-09-27 02:35:53,brain,7708000,30.58,82.58,1007.37,31.14,70.67,1007.27,0,0,MANUAL,1,1,1,
2026-09-27 02:35:54,brain,7709000,30.57,82.89,1007.41,31.14,70.88,1007.35,0,0,MANUAL,1,1,1,
2026-09-27 02:35:55,brain,7710000,30.58,82.74,1007.42,31.14,70.78,1007.32,0,0,MANUAL,1,1,1,
2026-09-27 02:35:56,brain,7711000,30.58,82.84,1007.43,31.14,71.08,1007.32,0,0,MANUAL,1,1,1,
2026-09-27 02:35:57,brain,7712000,30.58,82.98,1007.43,31.14,70.74,1007.35,0,0,MANUAL,1,1,1,
2026-09-27 02:35:58,brain,7713000,30.58,82.54,1007.37,31.14,71.04,1007.27,0,0,MANUAL,1,1,1,
2026-09-27 02:35:59,brain,7714000,30.56,82.51,1007.37,31.13,70.93,1007.30,0,0,MANUAL,1,1,1,
2026-09-27 02:36:00,brain,7715000,30.58,82.39,1007.40,31.13,70.72,1007.30,0,0,MANUAL,1,1,1,
2026-09-27 02:36:01,brain,7716000,30.57,82.47,1007.42,31.12,70.75,1007.26,0,0,MANUAL,1,1,1,
2026-09-27 02:36:02,brain,7717000,30.58,82.28,1007.42,31.12,70.81,1007.35,0,0,MANUAL,1,1,1,
2026-09-27 02:36:03,brain,7718000,30.57,82.02,1007.41,31.12,70.76,1007.35,0,0,MANUAL,1,1,1,
2026-09-27 02:36:04,brain,7719000,30.57,82.06,1007.42,31.12,71.02,1007.27,0,0,MANUAL,1,1,1,
2026-09-27 02:36:05,brain,7720000,30.59,82.43,1007.44,31.14,70.98,1007.32,0,0,MANUAL,1,1,1,
2026-09-27 02:36:06,brain,7721000,30.57,82.14,1007.39,31.13,70.75,1007.27,0,0,MANUAL,1,1,1,
2026-09-27 02:36:07,brain,7722000,30.58,82.26,1007.42,31.12,70.80,1007.29,0,0,MANUAL,1,1,1,
2026-09-27 02:36:08,brain,7723000,30.58,82.53,1007.40,31.13,70.82,1007.31,0,0,MANUAL,1,1,1,
2026-09-27 02:36:09,brain,7724000,30.58,82.69,1007.43,31.13,71.18,1007.30,0,0,MANUAL,1,1,1,
2026-09-27 02:36:10,brain,7725000,30.58,82.50,1007.37,31.14,70.90,1007.32,0,0,MANUAL,1,1,1,
2026-09-27 02:36:11,brain,7726000,30.57,82.84,1007.42,31.13,70.75,1007.31,0,0,MANUAL,1,1,1,
2026-09-27 02:36:12,brain,7727000,30.58,82.63,1007.40,31.12,70.95,1007.24,0,0,MANUAL,1,1,1,
2026-09-27 02:36:13,brain,7728000,30.58,82.85,1007.37,31.14,71.18,1007.32,0,0,MANUAL,1,1,1,
2026-09-27 02:36:14,brain,7729000,30.58,82.96,1007.34,31.12,71.06,1007.29,0,0,MANUAL,1,1,1,
2026-09-27 02:36:15,brain,7730000,30.58,82.63,1007.37,31.14,70.91,1007.32,0,0,MANUAL,1,1,1,
2026-09-27 02:36:16,brain,7731000,30.58,82.40,1007.40,31.12,70.85,1007.26,0,0,MANUAL,1,1,1,
2026-09-27 02:36:17,brain,7732000,30.57,82.29,1007.39,31.12,71.18,1007.29,0,0,MANUAL,1,1,1,
2026-09-27 02:36:18,brain,7733000,30.58,82.27,1007.42,31.13,71.03,1007.30,0,0,MANUAL,1,1,1,
2026-09-27 02:36:19,brain,7734000,30.58,81.82,1007.42,31.12,70.99,1007.35,0,0,MANUAL,1,1,1,
2026-09-27 02:36:20,brain,7735000,30.58,82.23,1007.40,31.14,71.05,1007.29,0,0,MANUAL,1,1,1,
2026-09-27 02:36:21,brain,7736000,30.57,82.22,1007.42,31.12,70.89,1007.29,0,0,MANUAL,1,1,1,
2026-09-27 02:36:22,brain,7737000,30.57,82.04,1007.44,31.13,70.78,1007.25,0,0,MANUAL,1,1,1,
2026-09-27 02:36:23,brain,7738000,30.57,81.86,1007.42,31.12,70.72,1007.29,0,0,MANUAL,1,1,1,
2026-09-27 02:36:24,brain,7739000,30.58,82.00,1007.45,31.12,71.10,1007.26,0,0,MANUAL,1,1,1,
2026-09-27 02:36:25,brain,7740000,30.57,82.08,1007.49,31.12,71.02,1007.29,0,0,MANUAL,1,1,1,
2026-09-27 02:36:26,brain,7741000,30.58,82.51,1007.42,31.12,70.97,1007.29,0,0,MANUAL,1,1,1,
2026-09-27 02:36:27,brain,7742000,30.58,82.33,1007.38,31.11,70.90,1007.28,0,0,MANUAL,1,1,1,
2026-09-27 02:36:28,brain,7743000,30.59,82.61,1007.38,31.12,70.99,1007.29,0,0,MANUAL,1,1,1,
2026-09-27 02:36:29,brain,7744000,30.59,82.66,1007.41,31.12,70.75,1007.29,0,0,MANUAL,1,1,1,
2026-09-27 02:36:30,brain,7745000,30.58,82.85,1007.32,31.11,70.88,1007.28,0,0,MANUAL,1,1,1,
2026-09-27 02:36:31,brain,7746000,30.60,82.89,1007.42,31.12,70.86,1007.32,0,0,MANUAL,1,1,1,
2026-09-27 02:36:32,brain,7747000,30.59,82.91,1007.41,31.11,71.04,1007.25,0,0,MANUAL,1,1,1,
2026-09-27 02:36:33,brain,7748000,30.59,83.02,1007.41,31.12,70.87,1007.23,0,0,MANUAL,1,1,1,
2026-09-27 02:36:34,brain,7749000,30.58,82.96,1007.38,31.11,70.95,1007.28,0,0,MANUAL,1,1,1,
2026-09-27 02:36:35,brain,7750000,30.60,83.04,1007.36,31.12,70.92,1007.29,0,0,MANUAL,1,1,1,
2026-09-27 02:36:36,brain,7751000,30.59,83.17,1007.41,31.11,70.77,1007.31,0,0,MANUAL,1,1,1,
2026-09-27 02:36:37,brain,7752000,30.60,82.93,1007.39,31.12,71.04,1007.34,0,0,MANUAL,1,1,1,
2026-09-27 02:36:38,brain,7753000,30.60,83.25,1007.45,31.12,71.08,1007.34,0,0,MANUAL,1,1,1,
2026-09-27 02:36:39,brain,7754000,30.60,83.17,1007.45,31.12,70.99,1007.32,0,0,MANUAL,1,1,1,
2026-09-27 02:36:40,brain,7755000,30.60,82.94,1007.42,31.12,70.94,1007.32,0,0,MANUAL,1,1,1,
2026-09-27 02:36:41,brain,7756000,30.60,82.96,1007.42,31.12,71.20,1007.35,0,0,MANUAL,1,1,1,
2026-09-27 02:36:42,brain,7757000,30.61,83.18,1007.35,31.11,70.90,1007.28,0,0,MANUAL,1,1,1,
2026-09-27 02:36:43,brain,7758000,30.61,83.04,1007.41,31.12,71.03,1007.34,0,0,MANUAL,1,1,1,
2026-09-27 02:36:44,brain,7759000,30.61,83.21,1007.35,31.12,70.86,1007.29,0,0,MANUAL,1,1,1,
2026-09-27 02:36:45,brain,7760000,30.61,83.45,1007.46,31.12,70.94,1007.26,0,0,MANUAL,1,1,1,
2026-09-27 02:36:46,brain,7761000,30.60,83.22,1007.39,31.12,70.84,1007.23,0,0,MANUAL,1,1,1,
2026-09-27 02:36:47,brain,7762000,30.60,83.22,1007.43,31.11,70.78,1007.21,0,0,MANUAL,1,1,1,
2026-09-27 02:36:48,brain,7763000,30.60,82.96,1007.40,31.12,70.75,1007.24,0,0,MANUAL,1,1,1,
2026-09-27 02:36:49,brain,7764000,30.61,82.98,1007.41,31.12,70.80,1007.29,0,0,MANUAL,1,1,1,
2026-09-27 02:36:50,brain,7765000,30.61,82.77,1007.44,31.12,70.73,1007.27,0,0,MANUAL,1,1,1,
2026-09-27 02:36:51,brain,7766000,30.60,82.78,1007.43,31.12,70.88,1007.29,0,0,MANUAL,1,1,1,
2026-09-27 02:36:52,brain,7767000,30.60,82.80,1007.43,31.13,70.94,1007.25,0,0,MANUAL,1,1,1,
2026-09-27 02:36:53,brain,7768000,30.61,83.12,1007.41,31.12,70.99,1007.29,0,0,MANUAL,1,1,1,
2026-09-27 02:36:54,brain,7769000,30.60,83.19,1007.39,31.12,70.84,1007.24,0,0,MANUAL,1,1,1,
2026-09-27 02:36:55,brain,7770000,30.61,83.05,1007.41,31.13,71.06,1007.27,0,0,MANUAL,1,1,1,
2026-09-27 02:36:56,brain,7771000,30.61,83.00,1007.38,31.14,70.83,1007.37,0,0,MANUAL,1,1,1,
2026-09-27 02:36:57,brain,7772000,30.61,83.01,1007.42,31.13,71.05,1007.34,0,0,MANUAL,1,1,1,
2026-09-27 02:36:58,brain,7773000,30.61,83.03,1007.41,31.13,71.19,1007.23,0,0,MANUAL,1,1,1,
2026-09-27 02:36:59,brain,7774000,30.61,83.32,1007.41,31.13,70.90,1007.30,0,0,MANUAL,1,1,1,
2026-09-27 02:37:00,brain,7775000,30.61,83.03,1007.42,31.15,71.05,1007.31,0,0,MANUAL,1,1,1,
2026-09-27 02:37:01,brain,7776000,30.61,83.14,1007.41,31.13,71.19,1007.30,0,0,MANUAL,1,1,1,
2026-09-27 02:37:02,brain,7777000,30.61,83.38,1007.38,31.13,71.20,1007.31,0,0,MANUAL,1,1,1,
2026-09-27 02:37:03,brain,7778000,30.61,83.04,1007.42,31.14,70.74,1007.29,0,0,MANUAL,1,1,1,
2026-09-27 02:37:04,brain,7779000,30.61,83.31,1007.42,31.14,71.17,1007.35,0,0,MANUAL,1,1,1,
2026-09-27 02:37:05,brain,7780000,30.61,83.15,1007.42,31.14,71.11,1007.35,0,0,MANUAL,1,1,1,
2026-09-27 02:37:06,brain,7781000,30.61,83.13,1007.41,31.14,70.82,1007.27,0,0,MANUAL,1,1,1,
2026-09-27 02:37:07,brain,7782000,30.61,83.11,1007.38,31.12,70.76,1007.29,0,0,MANUAL,1,1,1,
2026-09-27 02:37:08,brain,7783000,30.61,83.15,1007.38,31.14,70.76,1007.27,0,0,MANUAL,1,1,1,
2026-09-27 02:37:09,brain,7784000,30.62,83.10,1007.42,31.14,70.89,1007.33,0,0,MANUAL,1,1,1,
2026-09-27 02:37:10,brain,7785000,30.61,83.37,1007.41,31.14,71.06,1007.33,0,0,MANUAL,1,1,1,
2026-09-27 02:37:11,brain,7786000,30.61,83.36,1007.41,31.13,71.07,1007.28,0,0,MANUAL,1,1,1,
2026-09-27 02:37:12,brain,7787000,30.61,82.97,1007.42,31.14,71.19,1007.26,0,0,MANUAL,1,1,1,
2026-09-27 02:37:13,brain,7788000,30.60,82.59,1007.39,31.13,70.80,1007.34,0,0,MANUAL,1,1,1,
2026-09-27 02:37:14,brain,7789000,30.61,82.52,1007.42,31.12,70.80,1007.32,0,0,MANUAL,1,1,1,
2026-09-27 02:37:15,brain,7790000,30.61,82.45,1007.38,31.14,70.79,1007.29,0,0,MANUAL,1,1,1,
2026-09-27 02:37:16,brain,7791000,30.61,82.64,1007.46,31.12,70.95,1007.29,0,0,MANUAL,1,1,1,
2026-09-27 02:37:17,brain,7792000,30.61,82.71,1007.41,31.12,71.00,1007.24,0,0,MANUAL,1,1,1,
2026-09-27 02:37:18,brain,7793000,30.61,82.76,1007.41,31.12,70.74,1007.29,0,0,MANUAL,1,1,1,
2026-09-27 02:37:19,brain,7794000,30.61,82.60,1007.38,31.12,70.69,1007.29,0,0,MANUAL,1,1,1,
2026-09-27 02:37:20,brain,7795000,30.60,82.89,1007.37,31.12,70.84,1007.34,0,0,MANUAL,1,1,1,
2026-09-27 02:37:21,brain,7796000,30.60,82.56,1007.34,31.13,71.02,1007.30,0,0,MANUAL,1,1,1,
2026-09-27 02:37:22,brain,7797000,30.61,82.53,1007.44,31.12,71.00,1007.38,0,0,MANUAL,1,1,1,
2026-09-27 02:37:23,brain,7798000,30.61,82.67,1007.44,31.12,70.80,1007.29,0,0,MANUAL,1,1,1,
2026-09-27 02:37:24,brain,7799000,30.61,82.42,1007.35,31.12,70.90,1007.24,0,0,MANUAL,1,1,1,
2026-09-27 02:37:25,brain,7800000,30.61,82.61,1007.47,31.13,70.67,1007.27,0,0,MANUAL,1,1,1,
2026-09-27 02:37:26,brain,7801000,30.61,82.78,1007.41,31.12,70.77,1007.27,0,0,MANUAL,1,1,1,
2026-09-27 02:37:27,brain,7802000,30.61,82.61,1007.41,31.12,70.91,1007.35,0,0,MANUAL,1,1,1,
2026-09-27 02:37:28,brain,7803000,30.60,82.59,1007.37,31.12,71.19,1007.34,0,0,MANUAL,1,1,1,
2026-09-27 02:37:29,brain,7804000,30.61,82.91,1007.41,31.12,70.92,1007.23,0,0,MANUAL,1,1,1,
2026-09-27 02:37:30,brain,7805000,30.61,82.44,1007.44,31.12,70.74,1007.29,0,0,MANUAL,1,1,1,
2026-09-27 02:37:31,brain,7806000,30.60,82.67,1007.40,31.11,70.82,1007.25,0,0,MANUAL,1,1,1,
2026-09-27 02:37:32,brain,7807000,30.60,82.55,1007.34,31.11,70.78,1007.28,0,0,MANUAL,1,1,1,
2026-09-27 02:37:33,brain,7808000,30.60,82.58,1007.43,31.12,70.83,1007.29,0,0,MANUAL,1,1,1,
2026-09-27 02:37:34,brain,7809000,30.60,82.57,1007.39,31.11,70.93,1007.28,0,0,MANUAL,1,1,1,
2026-09-27 02:37:35,brain,7810000,30.60,82.58,1007.37,31.12,70.73,1007.29,0,0,MANUAL,1,1,1,
2026-09-27 02:37:36,brain,7811000,30.61,82.58,1007.41,31.11,70.79,1007.27,0,0,MANUAL,1,1,1,
2026-09-27 02:37:37,brain,7812000,30.61,82.52,1007.41,31.11,70.86,1007.36,0,0,MANUAL,1,1,1,
2026-09-27 02:37:38,brain,7813000,30.61,82.58,1007.35,31.11,71.11,1007.25,0,0,MANUAL,1,1,1,
2026-09-27 02:37:39,brain,7814000,30.60,82.36,1007.40,31.09,70.75,1007.27,0,0,MANUAL,1,1,1,
2026-09-27 02:37:40,brain,7815000,30.60,82.37,1007.34,31.10,70.79,1007.26,0,0,MANUAL,1,1,1,
2026-09-27 02:37:41,brain,7816000,30.61,82.77,1007.41,31.10,70.83,1007.28,0,0,MANUAL,1,1,1,
2026-09-27 02:37:42,brain,7817000,30.61,82.71,1007.35,31.10,70.77,1007.28,0,0,MANUAL,1,1,1,
2026-09-27 02:37:43,brain,7818000,30.61,82.56,1007.36,31.09,70.90,1007.30,0,0,MANUAL,1,1,1,
2026-09-27 02:37:44,brain,7819000,30.60,82.84,1007.40,31.10,71.19,1007.31,0,0,MANUAL,1,1,1,
2026-09-27 02:37:45,brain,7820000,30.61,82.82,1007.35,31.10,70.92,1007.28,0,0,MANUAL,1,1,1,
2026-09-27 02:37:46,brain,7821000,30.61,82.48,1007.35,31.09,70.82,1007.27,0,0,MANUAL,1,1,1,
2026-09-27 02:37:47,brain,7822000,30.60,82.17,1007.46,31.10,71.12,1007.23,0,0,MANUAL,1,1,1,
2026-09-27 02:37:48,brain,7823000,30.60,82.31,1007.43,31.09,70.97,1007.30,0,0,MANUAL,1,1,1,
2026-09-27 02:37:49,brain,7824000,30.58,81.95,1007.38,31.10,70.93,1007.25,0,0,MANUAL,1,1,1,
2026-09-27 02:37:50,brain,7825000,30.60,81.79,1007.37,31.10,71.05,1007.26,0,0,MANUAL,1,1,1,
2026-09-27 02:37:51,brain,7826000,30.60,81.79,1007.39,31.10,70.87,1007.32,0,0,MANUAL,1,1,1,
2026-09-27 02:37:52,brain,7827000,30.61,81.98,1007.47,31.09,70.97,1007.30,0,0,MANUAL,1,1,1,
2026-09-27 02:37:53,brain,7828000,30.61,82.17,1007.41,31.09,70.89,1007.33,0,0,MANUAL,1,1,1,
2026-09-27 02:37:54,brain,7829000,30.61,82.32,1007.38,31.09,71.16,1007.30,0,0,MANUAL,1,1,1,
2026-09-27 02:37:55,brain,7830000,30.60,82.04,1007.37,31.09,70.87,1007.24,0,0,MANUAL,1,1,1,
2026-09-27 02:37:56,brain,7831000,30.59,81.96,1007.30,31.09,70.93,1007.27,0,0,MANUAL,1,1,1,
2026-09-27 02:37:57,brain,7832000,30.60,81.60,1007.39,31.09,70.75,1007.33,0,0,MANUAL,1,1,1,
2026-09-27 02:37:58,brain,7833000,30.60,81.80,1007.43,31.08,70.85,1007.29,0,0,MANUAL,1,1,1,
2026-09-27 02:37:59,brain,7834000,30.60,82.07,1007.37,31.08,70.91,1007.26,0,0,MANUAL,1,1,1,
2026-09-27 02:38:00,brain,7835000,30.60,81.98,1007.37,31.08,70.80,1007.29,0,0,MANUAL,1,1,1,
2026-09-27 02:38:01,brain,7836000,30.60,82.17,1007.39,31.09,70.97,1007.38,0,0,MANUAL,1,1,1,
2026-09-27 02:38:02,brain,7837000,30.61,82.24,1007.41,31.08,70.88,1007.26,0,0,MANUAL,1,1,1,
2026-09-27 02:38:03,brain,7838000,30.60,82.50,1007.39,31.09,71.16,1007.27,0,0,MANUAL,1,1,1,
2026-09-27 02:38:04,brain,7839000,30.60,82.53,1007.40,31.09,70.81,1007.30,0,0,MANUAL,1,1,1,
2026-09-27 02:38:05,brain,7840000,30.60,82.35,1007.34,31.09,71.08,1007.27,0,0,MANUAL,1,1,1,
2026-09-27 02:38:06,brain,7841000,30.61,82.61,1007.35,31.09,70.83,1007.33,0,0,MANUAL,1,1,1,
2026-09-27 02:38:07,brain,7842000,30.62,82.79,1007.40,31.09,70.90,1007.27,0,0,MANUAL,1,1,1,
2026-09-27 02:38:08,brain,7843000,30.61,82.54,1007.41,31.09,70.90,1007.27,0,0,MANUAL,1,1,1,
2026-09-27 02:38:09,brain,7844000,30.60,82.59,1007.40,31.09,70.94,1007.27,0,0,MANUAL,1,1,1,
2026-09-27 02:38:10,brain,7845000,30.61,82.38,1007.42,31.09,70.82,1007.27,0,0,MANUAL,1,1,1,
2026-09-27 02:38:11,brain,7846000,30.61,82.36,1007.38,31.10,70.85,1007.23,0,0,MANUAL,1,1,1,
2026-09-27 02:38:12,brain,7847000,30.61,82.79,1007.35,31.10,70.83,1007.23,0,0,MANUAL,1,1,1,
2026-09-27 02:38:13,brain,7848000,30.61,82.90,1007.33,31.10,70.83,1007.32,0,0,MANUAL,1,1,1,
2026-09-27 02:38:14,brain,7849000,30.62,83.02,1007.40,31.10,70.83,1007.28,0,0,MANUAL,1,1,1,
2026-09-27 02:38:15,brain,7850000,30.61,82.72,1007.35,31.10,70.78,1007.29,0,0,MANUAL,1,1,1,
2026-09-27 02:38:16,brain,7851000,30.62,82.92,1007.34,31.10,70.76,1007.25,0,0,MANUAL,1,1,1,
2026-09-27 02:38:17,brain,7852000,30.62,82.94,1007.45,31.10,70.86,1007.31,0,0,MANUAL,1,1,1,
2026-09-27 02:38:18,brain,7853000,30.61,83.26,1007.33,31.10,70.81,1007.34,0,0,MANUAL,1,1,1,
2026-09-27 02:38:19,brain,7854000,30.62,82.96,1007.37,31.09,70.98,1007.27,0,0,MANUAL,1,1,1,
2026-09-27 02:38:20,brain,7855000,30.62,82.81,1007.43,31.10,70.85,1007.25,0,0,MANUAL,1,1,1,
2026-09-27 02:38:21,brain,7856000,30.61,83.06,1007.41,31.10,70.91,1007.26,0,0,MANUAL,1,1,1,
2026-09-27 02:38:22,brain,7857000,30.61,82.99,1007.39,31.11,70.86,1007.30,0,0,MANUAL,1,1,1,
2026-09-27 02:38:23,brain,7858000,30.62,82.80,1007.34,31.11,70.77,1007.24,0,0,MANUAL,1,1,1,
2026-09-27 02:38:24,brain,7859000,30.62,83.04,1007.37,31.10,70.83,1007.26,0,0,MANUAL,1,1,1,
2026-09-27 02:38:25,brain,7860000,30.62,83.12,1007.37,31.11,70.93,1007.33,0,0,MANUAL,1,1,1,
2026-09-27 02:38:26,brain,7861000,30.62,82.99,1007.42,31.10,71.20,1007.26,0,0,MANUAL,1,1,1,
2026-09-27 02:38:27,brain,7862000,30.62,83.17,1007.43,31.10,71.05,1007.26,0,0,MANUAL,1,1,1,
2026-09-27 02:38:28,brain,7863000,30.62,82.98,1007.46,31.11,71.05,1007.36,0,0,MANUAL,1,1,1,
2026-09-27 02:38:29,brain,7864000,30.62,83.00,1007.40,31.11,70.99,1007.25,0,0,MANUAL,1,1,1,
2026-09-27 02:38:30,brain,7865000,30.62,83.21,1007.38,31.11,70.87,1007.33,0,0,MANUAL,1,1,1,
2026-09-27 02:38:31,brain,7866000,30.63,83.31,1007.34,31.12,70.87,1007.26,0,0,MANUAL,1,1,1,
2026-09-27 02:38:32,brain,7867000,30.63,83.29,1007.36,31.11,70.99,1007.22,0,0,MANUAL,1,1,1,
2026-09-27 02:38:33,brain,7868000,30.62,83.10,1007.35,31.11,70.90,1007.22,0,0,MANUAL,1,1,1,
2026-09-27 02:38:34,brain,7869000,30.62,83.01,1007.42,31.12,70.88,1007.23,0,0,MANUAL,1,1,1,
2026-09-27 02:38:35,brain,7870000,30.61,83.29,1007.33,31.11,70.82,1007.28,0,0,MANUAL,1,1,1,
2026-09-27 02:38:36,brain,7871000,30.62,83.22,1007.38,31.11,70.76,1007.31,0,0,MANUAL,1,1,1,
2026-09-27 02:38:37,brain,7872000,30.62,83.04,1007.31,31.12,71.02,1007.29,0,0,MANUAL,1,1,1,
2026-09-27 02:38:38,brain,7873000,30.62,82.94,1007.38,31.12,70.87,1007.23,0,0,MANUAL,1,1,1,
2026-09-27 02:38:39,brain,7874000,30.62,82.99,1007.40,31.11,70.85,1007.24,0,0,MANUAL,1,1,1,
2026-09-27 02:38:40,brain,7875000,30.62,83.11,1007.38,31.11,70.96,1007.25,0,0,MANUAL,1,1,1,
2026-09-27 02:38:41,brain,7876000,30.62,82.77,1007.38,31.11,70.72,1007.25,0,0,MANUAL,1,1,1,
2026-09-27 02:38:42,brain,7877000,30.62,82.50,1007.45,31.11,70.90,1007.30,0,0,MANUAL,1,1,1,
2026-09-27 02:38:43,brain,7878000,30.61,82.31,1007.32,31.10,70.73,1007.23,0,0,MANUAL,1,1,1,
2026-09-27 02:38:44,brain,7879000,30.62,82.22,1007.40,31.10,70.78,1007.26,0,0,MANUAL,1,1,1,
2026-09-27 02:38:45,brain,7880000,30.62,82.58,1007.37,31.11,70.81,1007.27,0,0,MANUAL,1,1,1,
2026-09-27 02:38:46,brain,7881000,30.62,82.69,1007.34,31.10,70.79,1007.26,0,0,MANUAL,1,1,1,
2026-09-27 02:38:47,brain,7882000,30.62,82.46,1007.40,31.10,70.75,1007.21,0,0,MANUAL,1,1,1,
2026-09-27 02:38:48,brain,7883000,30.62,82.80,1007.34,31.11,70.92,1007.30,0,0,MANUAL,1,1,1,
2026-09-27 02:38:49,brain,7884000,30.62,82.76,1007.37,31.11,70.76,1007.27,0,0,MANUAL,1,1,1,
2026-09-27 02:38:50,brain,7885000,30.62,82.55,1007.43,31.11,71.22,1007.24,0,0,MANUAL,1,1,1,
2026-09-27 02:38:51,brain,7886000,30.63,82.60,1007.38,31.11,70.87,1007.31,0,0,MANUAL,1,1,1,
2026-09-27 02:38:52,brain,7887000,30.62,83.00,1007.38,31.11,70.94,1007.22,0,0,MANUAL,1,1,1,
2026-09-27 02:38:53,brain,7888000,30.62,82.88,1007.38,31.10,70.83,1007.29,0,0,MANUAL,1,1,1,
2026-09-27 02:38:54,brain,7889000,30.64,83.04,1007.40,31.11,70.79,1007.30,0,0,MANUAL,1,1,1,
2026-09-27 02:38:55,brain,7890000,30.63,82.79,1007.38,31.11,70.92,1007.28,0,0,MANUAL,1,1,1,
2026-09-27 02:38:56,brain,7891000,30.63,82.90,1007.33,31.11,71.07,1007.28,0,0,MANUAL,1,1,1,
2026-09-27 02:38:57,brain,7892000,30.64,83.08,1007.40,31.11,70.82,1007.22,0,0,MANUAL,1,1,1,
2026-09-27 02:38:58,brain,7893000,30.63,83.07,1007.45,31.11,70.92,1007.33,0,0,MANUAL,1,1,1,
2026-09-27 02:38:59,brain,7894000,30.63,83.17,1007.38,31.11,71.00,1007.28,0,0,MANUAL,1,1,1,
2026-09-27 02:39:00,brain,7895000,30.62,82.94,1007.29,31.10,70.89,1007.23,0,0,MANUAL,1,1,1,
2026-09-27 02:39:01,brain,7896000,30.63,82.73,1007.39,31.10,70.97,1007.26,0,0,MANUAL,1,1,1,
2026-09-27 02:39:02,brain,7897000,30.62,82.67,1007.31,31.10,70.79,1007.25,0,0,MANUAL,1,1,1,
2026-09-27 02:39:03,brain,7898000,30.62,82.76,1007.37,31.09,70.94,1007.25,0,0,MANUAL,1,1,1,
2026-09-27 02:39:04,brain,7899000,30.63,82.50,1007.44,31.10,70.86,1007.26,0,0,MANUAL,1,1,1,
2026-09-27 02:39:05,brain,7900000,30.63,82.59,1007.39,31.10,70.80,1007.28,0,0,MANUAL,1,1,1,
2026-09-27 02:39:06,brain,7901000,30.62,82.85,1007.38,31.11,70.87,1007.22,0,0,MANUAL,1,1,1,
2026-09-27 02:39:07,brain,7902000,30.62,82.61,1007.40,31.10,70.96,1007.29,0,0,MANUAL,1,1,1,
2026-09-27 02:39:08,brain,7903000,30.63,82.97,1007.36,31.10,71.08,1007.25,0,0,MANUAL,1,1,1,
2026-09-27 02:39:09,brain,7904000,30.62,82.64,1007.34,31.10,71.04,1007.28,0,0,MANUAL,1,1,1,
2026-09-27 02:39:10,brain,7905000,30.62,81.98,1007.38,31.10,70.97,1007.25,0,0,MANUAL,1,1,1,
2026-09-27 02:39:11,brain,7906000,30.62,82.03,1007.40,31.10,70.79,1007.29,0,0,MANUAL,1,1,1,
2026-09-27 02:39:12,brain,7907000,30.61,82.33,1007.35,31.09,71.18,1007.30,0,0,MANUAL,1,1,1,
2026-09-27 02:39:13,brain,7908000,30.61,82.32,1007.32,31.10,71.01,1007.23,0,0,MANUAL,1,1,1,
2026-09-27 02:39:14,brain,7909000,30.61,82.21,1007.38,31.10,70.84,1007.26,0,0,MANUAL,1,1,1,
2026-09-27 02:39:15,brain,7910000,30.61,82.34,1007.36,31.10,70.83,1007.31,0,0,MANUAL,1,1,1,
2026-09-27 02:39:16,brain,7911000,30.61,82.42,1007.42,31.10,70.85,1007.25,0,0,MANUAL,1,1,1,
2026-09-27 02:39:17,brain,7912000,30.62,82.52,1007.34,31.10,70.77,1007.25,0,0,MANUAL,1,1,1,
2026-09-27 02:39:18,brain,7913000,30.61,82.76,1007.36,31.10,70.88,1007.25,0,0,MANUAL,1,1,1,
2026-09-27 02:39:19,brain,7914000,30.62,82.64,1007.40,31.09,70.90,1007.22,0,0,MANUAL,1,1,1,
2026-09-27 02:39:20,brain,7915000,30.63,82.88,1007.38,31.09,70.80,1007.25,0,0,MANUAL,1,1,1,
2026-09-27 02:39:21,brain,7916000,30.62,82.63,1007.37,31.09,70.88,1007.25,0,0,MANUAL,1,1,1,
2026-09-27 02:39:22,brain,7917000,30.62,82.53,1007.37,31.10,70.90,1007.25,0,0,MANUAL,1,1,1,
2026-09-27 02:39:23,brain,7918000,30.63,82.75,1007.38,31.09,70.93,1007.27,0,0,MANUAL,1,1,1,
2026-09-27 02:39:24,brain,7919000,30.62,82.94,1007.35,31.09,70.94,1007.24,0,0,MANUAL,1,1,1,
2026-09-27 02:39:25,brain,7920000,30.62,82.65,1007.31,31.09,70.96,1007.19,0,0,MANUAL,1,1,1,
2026-09-27 02:39:26,brain,7921000,30.62,82.76,1007.40,31.10,70.80,1007.31,0,0,MANUAL,1,1,1,
2026-09-27 02:39:27,brain,7922000,30.63,82.73,1007.33,31.09,70.81,1007.30,0,0,MANUAL,1,1,1,
2026-09-27 02:39:28,brain,7923000,30.62,82.57,1007.40,31.09,70.78,1007.27,0,0,MANUAL,1,1,1,
2026-09-27 02:39:29,brain,7924000,30.63,82.60,1007.41,31.09,70.86,1007.25,0,0,MANUAL,1,1,1,
2026-09-27 02:39:30,brain,7925000,30.62,82.64,1007.31,31.09,70.83,1007.24,0,0,MANUAL,1,1,1,
2026-09-27 02:39:31,brain,7926000,30.63,82.82,1007.41,31.09,70.96,1007.27,0,0,MANUAL,1,1,1,
2026-09-27 02:39:32,brain,7927000,30.62,82.93,1007.38,31.09,70.77,1007.27,0,0,MANUAL,1,1,1,
2026-09-27 02:39:33,brain,7928000,30.63,82.78,1007.38,31.08,70.89,1007.23,0,0,MANUAL,1,1,1,
2026-09-27 02:39:34,brain,7929000,30.62,82.75,1007.38,31.09,71.14,1007.27,0,0,MANUAL,1,1,1,
2026-09-27 02:39:35,brain,7930000,30.62,82.72,1007.35,31.09,70.97,1007.27,0,0,MANUAL,1,1,1,
2026-09-27 02:39:36,brain,7931000,30.63,83.11,1007.34,31.08,70.98,1007.23,0,0,MANUAL,1,1,1,
2026-09-27 02:39:37,brain,7932000,30.62,82.85,1007.37,31.08,71.38,1007.26,0,0,MANUAL,1,1,1,
2026-09-27 02:39:38,brain,7933000,30.63,83.02,1007.33,31.09,71.06,1007.25,0,0,MANUAL,1,1,1,
2026-09-27 02:39:39,brain,7934000,30.63,83.13,1007.44,31.09,71.00,1007.19,0,0,MANUAL,1,1,1,
2026-09-27 02:39:40,brain,7935000,30.63,83.04,1007.36,31.09,70.86,1007.30,0,0,MANUAL,1,1,1,
2026-09-27 02:39:41,brain,7936000,30.63,82.78,1007.38,31.10,70.97,1007.28,0,0,MANUAL,1,1,1,
2026-09-27 02:39:42,brain,7937000,30.63,83.12,1007.36,31.09,70.98,1007.27,0,0,MANUAL,1,1,1,
2026-09-27 02:39:43,brain,7938000,30.63,83.09,1007.33,31.10,70.90,1007.25,0,0,MANUAL,1,1,1,
2026-09-27 02:39:44,brain,7939000,30.63,83.19,1007.39,31.09,70.98,1007.30,0,0,MANUAL,1,1,1,
2026-09-27 02:39:45,brain,7940000,30.63,83.29,1007.36,31.09,71.06,1007.30,0,0,MANUAL,1,1,1,
2026-09-27 02:39:46,brain,7941000,30.63,83.11,1007.34,31.09,71.03,1007.27,0,0,MANUAL,1,1,1,
2026-09-27 02:39:47,brain,7942000,30.63,82.90,1007.33,31.09,70.93,1007.27,0,0,MANUAL,1,1,1,
2026-09-27 02:39:48,brain,7943000,30.62,82.48,1007.31,31.09,71.02,1007.25,0,0,MANUAL,1,1,1,
2026-09-27 02:39:49,brain,7944000,30.62,81.97,1007.37,31.08,70.90,1007.34,0,0,MANUAL,1,1,1,
2026-09-27 02:39:50,brain,7945000,30.62,82.07,1007.40,31.08,70.94,1007.20,0,0,MANUAL,1,1,1,
2026-09-27 02:39:51,brain,7946000,30.62,81.69,1007.37,31.07,70.89,1007.27,0,0,MANUAL,1,1,1,
2026-09-27 02:39:52,brain,7947000,30.61,81.65,1007.35,31.07,70.90,1007.30,0,0,MANUAL,1,1,1,
2026-09-27 02:39:53,brain,7948000,30.63,82.01,1007.38,31.07,70.91,1007.19,0,0,MANUAL,1,1,1,
2026-09-27 02:39:54,brain,7949000,30.62,81.95,1007.40,31.08,70.99,1007.22,0,0,MANUAL,1,1,1,
2026-09-27 02:39:55,brain,7950000,30.61,81.99,1007.39,31.08,70.86,1007.25,0,0,MANUAL,1,1,1,
2026-09-27 02:39:56,brain,7951000,30.62,82.26,1007.35,31.07,70.98,1007.21,0,0,MANUAL,1,1,1,
2026-09-27 02:39:57,brain,7952000,30.62,82.40,1007.38,31.08,70.96,1007.25,0,0,MANUAL,1,1,1,
2026-09-27 02:39:58,brain,7953000,30.62,82.44,1007.34,31.07,70.67,1007.27,0,0,MANUAL,1,1,1,
2026-09-27 02:39:59,brain,7954000,30.62,82.49,1007.37,31.07,70.98,1007.30,0,0,MANUAL,1,1,1,
2026-09-27 02:40:00,brain,7955000,30.62,82.23,1007.40,31.06,71.11,1007.25,0,0,MANUAL,1,1,1,
2026-09-27 02:40:01,brain,7956000,30.62,82.07,1007.42,31.06,70.96,1007.25,0,0,MANUAL,1,1,1,
2026-09-27 02:40:02,brain,7957000,30.62,81.80,1007.42,31.07,71.24,1007.23,0,0,MANUAL,1,1,1,
2026-09-27 02:40:03,brain,7958000,30.62,81.95,1007.37,31.07,70.93,1007.35,0,0,MANUAL,1,1,1,
2026-09-27 02:40:04,brain,7959000,30.61,82.09,1007.33,31.07,70.93,1007.26,0,0,MANUAL,1,1,1,
2026-09-27 02:40:05,brain,7960000,30.62,82.19,1007.40,31.07,71.01,1007.24,0,0,MANUAL,1,1,1,
2026-09-27 02:40:06,brain,7961000,30.62,82.46,1007.42,31.07,71.16,1007.24,0,0,MANUAL,1,1,1,
2026-09-27 02:40:07,brain,7962000,30.62,82.61,1007.37,31.08,71.06,1007.28,0,0,MANUAL,1,1,1,
2026-09-27 02:40:08,brain,7963000,30.61,82.42,1007.30,31.08,70.90,1007.28,0,0,MANUAL,1,1,1,
2026-09-27 02:40:09,brain,7964000,30.62,82.43,1007.37,31.07,71.31,1007.21,0,0,MANUAL,1,1,1,
2026-09-27 02:40:10,brain,7965000,30.62,82.50,1007.34,31.08,71.12,1007.22,0,0,MANUAL,1,1,1,
2026-09-27 02:40:11,brain,7966000,30.62,82.60,1007.40,31.08,70.92,1007.22,0,0,MANUAL,1,1,1,
2026-09-27 02:40:12,brain,7967000,30.62,82.84,1007.32,31.09,70.95,1007.24,0,0,MANUAL,1,1,1,
2026-09-27 02:40:13,brain,7968000,30.62,82.89,1007.32,31.08,70.99,1007.22,0,0,MANUAL,1,1,1,
2026-09-27 02:40:14,brain,7969000,30.62,82.69,1007.40,31.08,71.05,1007.23,0,0,MANUAL,1,1,1,
2026-09-27 02:40:15,brain,7970000,30.62,82.66,1007.38,31.08,70.88,1007.22,0,0,MANUAL,1,1,1,
2026-09-27 02:40:16,brain,7971000,30.62,82.81,1007.40,31.08,71.05,1007.25,0,0,MANUAL,1,1,1,
2026-09-27 02:40:17,brain,7972000,30.62,82.88,1007.34,31.07,70.96,1007.24,0,0,MANUAL,1,1,1,
2026-09-27 02:40:18,brain,7973000,30.62,82.96,1007.42,31.09,70.98,1007.27,0,0,MANUAL,1,1,1,
2026-09-27 02:40:19,brain,7974000,30.62,83.04,1007.34,31.09,70.96,1007.27,0,0,MANUAL,1,1,1,
2026-09-27 02:40:20,brain,7975000,30.62,83.09,1007.37,31.08,70.75,1007.22,0,0,MANUAL,1,1,1,
2026-09-27 02:40:21,brain,7976000,30.62,82.94,1007.38,31.08,70.95,1007.25,0,0,MANUAL,1,1,1,
2026-09-27 02:40:22,brain,7977000,30.62,82.67,1007.35,31.08,70.87,1007.26,0,0,MANUAL,1,1,1,
2026-09-27 02:40:23,brain,7978000,30.62,82.65,1007.38,31.09,70.95,1007.27,0,0,MANUAL,1,1,1,
2026-09-27 02:40:24,brain,7979000,30.62,82.67,1007.38,31.08,70.86,1007.23,0,0,MANUAL,1,1,1,
2026-09-27 02:40:25,brain,7980000,30.62,82.72,1007.34,31.08,70.90,1007.23,0,0,MANUAL,1,1,1,
2026-09-27 02:40:26,brain,7981000,30.62,82.71,1007.40,31.08,70.96,1007.23,0,0,MANUAL,1,1,1,
2026-09-27 02:40:27,brain,7982000,30.62,82.77,1007.32,31.09,70.79,1007.29,0,0,MANUAL,1,1,1,
2026-09-27 02:40:28,brain,7983000,30.62,82.82,1007.32,31.09,70.81,1007.27,0,0,MANUAL,1,1,1,
2026-09-27 02:40:29,brain,7984000,30.62,82.84,1007.38,31.09,70.97,1007.21,0,0,MANUAL,1,1,1,
2026-09-27 02:40:30,brain,7985000,30.62,82.81,1007.38,31.09,70.87,1007.24,0,0,MANUAL,1,1,1,
2026-09-27 02:40:31,brain,7986000,30.61,82.68,1007.28,31.09,70.83,1007.30,0,0,MANUAL,1,1,1,
2026-09-27 02:40:32,brain,7987000,30.62,82.71,1007.35,31.09,71.04,1007.25,0,0,MANUAL,1,1,1,
2026-09-27 02:40:33,brain,7988000,30.62,82.95,1007.38,31.09,70.78,1007.24,0,0,MANUAL,1,1,1,
2026-09-27 02:40:34,brain,7989000,30.62,82.86,1007.40,31.09,70.83,1007.25,0,0,MANUAL,1,1,1,
2026-09-27 02:40:35,brain,7990000,30.63,83.01,1007.36,31.09,70.65,1007.27,0,0,MANUAL,1,1,1,
2026-09-27 02:40:36,brain,7991000,30.62,82.72,1007.38,31.10,70.80,1007.29,0,0,MANUAL,1,1,1,
2026-09-27 02:40:37,brain,7992000,30.63,83.07,1007.36,31.09,70.94,1007.21,0,0,MANUAL,1,1,1,
2026-09-27 02:40:38,brain,7993000,30.62,82.85,1007.32,31.08,70.90,1007.26,0,0,MANUAL,1,1,1,
2026-09-27 02:40:39,brain,7994000,30.61,82.61,1007.33,31.10,71.31,1007.17,0,0,MANUAL,1,1,1,
2026-09-27 02:40:40,brain,7995000,30.62,82.71,1007.40,31.09,70.79,1007.25,0,0,MANUAL,1,1,1,
2026-09-27 02:40:41,brain,7996000,30.62,82.70,1007.40,31.09,70.88,1007.25,0,0,MANUAL,1,1,1,
2026-09-27 02:40:42,brain,7997000,30.61,82.41,1007.33,31.09,70.89,1007.25,0,0,MANUAL,1,1,1,
2026-09-27 02:40:43,brain,7998000,30.62,82.25,1007.40,31.10,70.85,1007.23,0,0,MANUAL,1,1,1,
2026-09-27 02:40:44,brain,7999000,30.62,82.58,1007.40,31.09,70.98,1007.19,0,0,MANUAL,1,1,1,
2026-09-27 02:40:45,brain,8000000,30.63,82.61,1007.33,31.10,70.80,1007.31,0,0,MANUAL,1,1,1,
2026-09-27 02:40:46,brain,8001000,30.62,82.68,1007.28,31.09,70.89,1007.30,0,0,MANUAL,1,1,1,
2026-09-27 02:40:47,brain,8002000,30.62,82.62,1007.37,31.10,70.86,1007.25,0,0,MANUAL,1,1,1,
2026-09-27 02:40:48,brain,8003000,30.62,82.56,1007.37,31.10,70.92,1007.29,0,0,MANUAL,1,1,1,
2026-09-27 02:40:49,brain,8004000,30.62,82.31,1007.37,31.09,70.78,1007.25,0,0,MANUAL,1,1,1,
2026-09-27 02:40:50,brain,8005000,30.62,82.61,1007.40,31.09,70.94,1007.25,0,0,MANUAL,1,1,1,
2026-09-27 02:40:51,brain,8006000,30.63,82.61,1007.38,31.10,70.90,1007.25,0,0,MANUAL,1,1,1,
2026-09-27 02:40:52,brain,8007000,30.62,82.78,1007.37,31.10,70.92,1007.23,0,0,MANUAL,1,1,1,
2026-09-27 02:40:53,brain,8008000,30.62,82.53,1007.38,31.10,70.72,1007.23,0,0,MANUAL,1,1,1,
2026-09-27 02:40:54,brain,8009000,30.61,82.71,1007.32,31.10,70.78,1007.26,0,0,MANUAL,1,1,1,
2026-09-27 02:40:55,brain,8010000,30.62,82.28,1007.31,31.10,70.93,1007.26,0,0,MANUAL,1,1,1,
2026-09-27 02:40:56,brain,8011000,30.62,82.49,1007.29,31.10,70.75,1007.18,0,0,MANUAL,1,1,1,
2026-09-27 02:40:57,brain,8012000,30.62,82.29,1007.40,31.09,70.97,1007.25,0,0,MANUAL,1,1,1,
2026-09-27 02:40:58,brain,8013000,30.62,81.91,1007.40,31.10,70.78,1007.25,0,0,MANUAL,1,1,1,
2026-09-27 02:40:59,brain,8014000,30.61,81.87,1007.30,31.11,70.75,1007.27,0,0,MANUAL,1,1,1,
2026-09-27 02:41:00,brain,8015000,30.60,82.04,1007.34,31.10,70.85,1007.21,0,0,MANUAL,1,1,1,
2026-09-27 02:41:01,brain,8016000,30.62,82.25,1007.35,31.10,70.85,1007.26,0,0,MANUAL,1,1,1,
2026-09-27 02:41:02,brain,8017000,30.61,82.31,1007.33,31.10,70.85,1007.23,0,0,MANUAL,1,1,1,
2026-09-27 02:41:03,brain,8018000,30.62,82.54,1007.35,31.11,70.82,1007.30,0,0,MANUAL,1,1,1,
2026-09-27 02:41:04,brain,8019000,30.62,82.31,1007.34,31.10,70.78,1007.20,0,0,MANUAL,1,1,1,
2026-09-27 02:41:05,brain,8020000,30.61,82.08,1007.38,31.11,70.81,1007.25,0,0,MANUAL,1,1,1,
2026-09-27 02:41:06,brain,8021000,30.61,81.93,1007.42,31.11,70.87,1007.27,0,0,MANUAL,1,1,1,
2026-09-27 02:41:07,brain,8022000,30.60,82.02,1007.34,31.11,70.81,1007.31,0,0,MANUAL,1,1,1,
2026-09-27 02:41:08,brain,8023000,30.62,82.00,1007.34,31.09,70.71,1007.27,0,0,MANUAL,1,1,1,
2026-09-27 02:41:09,brain,8024000,30.61,82.08,1007.42,31.11,71.04,1007.27,0,0,MANUAL,1,1,1,
2026-09-27 02:41:10,brain,8025000,30.61,81.91,1007.32,31.10,70.76,1007.21,0,0,MANUAL,1,1,1,
2026-09-27 02:41:11,brain,8026000,30.63,82.24,1007.38,31.10,70.80,1007.23,0,0,MANUAL,1,1,1,
2026-09-27 02:41:12,brain,8027000,30.62,82.26,1007.31,31.10,71.14,1007.23,0,0,MANUAL,1,1,1,
2026-09-27 02:41:13,brain,8028000,30.62,82.12,1007.37,31.11,70.94,1007.21,0,0,MANUAL,1,1,1,
2026-09-27 02:41:14,brain,8029000,30.62,82.15,1007.37,31.10,70.82,1007.26,0,0,MANUAL,1,1,1,
2026-09-27 02:41:15,brain,8030000,30.61,82.23,1007.39,31.10,70.70,1007.29,0,0,MANUAL,1,1,1,
2026-09-27 02:41:16,brain,8031000,30.62,82.32,1007.34,31.11,70.75,1007.31,0,0,MANUAL,1,1,1,
2026-09-27 02:41:17,brain,8032000,30.62,82.49,1007.37,31.12,70.94,1007.23,0,0,MANUAL,1,1,1,
2026-09-27 02:41:18,brain,8033000,30.62,82.54,1007.31,31.11,70.97,1007.28,0,0,MANUAL,1,1,1,
2026-09-27 02:41:19,brain,8034000,30.62,82.40,1007.37,31.10,70.86,1007.29,0,0,MANUAL,1,1,1,
2026-09-27 02:41:20,brain,8035000,30.63,82.54,1007.36,31.10,70.84,1007.21,0,0,MANUAL,1,1,1,
2026-09-27 02:41:21,brain,8036000,30.63,82.48,1007.33,31.11,70.90,1007.17,0,0,MANUAL,1,1,1,
2026-09-27 02:41:22,brain,8037000,30.62,82.48,1007.38,31.11,70.94,1007.25,0,0,MANUAL,1,1,1,
2026-09-27 02:41:23,brain,8038000,30.62,82.58,1007.38,31.11,70.76,1007.28,0,0,MANUAL,1,1,1,
2026-09-27 02:41:24,brain,8039000,30.62,82.71,1007.34,31.11,70.81,1007.25,0,0,MANUAL,1,1,1,
2026-09-27 02:41:25,brain,8040000,30.62,82.52,1007.35,31.12,70.83,1007.23,0,0,MANUAL,1,1,1,
2026-09-27 02:41:26,brain,8041000,30.62,82.61,1007.23,31.12,70.90,1007.29,0,0,MANUAL,1,1,1,
2026-09-27 02:41:27,brain,8042000,30.63,82.55,1007.27,31.11,70.85,1007.20,0,0,MANUAL,1,1,1,
2026-09-27 02:41:28,brain,8043000,30.62,82.75,1007.31,31.11,70.91,1007.27,0,0,MANUAL,1,1,1,
2026-09-27 02:41:29,brain,8044000,30.62,82.82,1007.35,31.11,70.92,1007.28,0,0,MANUAL,1,1,1,
2026-09-27 02:41:30,brain,8045000,30.63,82.69,1007.36,31.12,70.77,1007.21,0,0,MANUAL,1,1,1,
2026-09-27 02:41:31,brain,8046000,30.63,82.92,1007.36,31.12,70.78,1007.23,0,0,MANUAL,1,1,1,
2026-09-27 02:41:32,brain,8047000,30.62,82.83,1007.29,31.12,70.77,1007.31,0,0,MANUAL,1,1,1,
2026-09-27 02:41:33,brain,8048000,30.63,82.69,1007.33,31.12,70.77,1007.27,0,0,MANUAL,1,1,1,
2026-09-27 02:41:34,brain,8049000,30.62,82.63,1007.31,31.11,70.75,1007.22,0,0,MANUAL,1,1,1,
2026-09-27 02:41:35,brain,8050000,30.62,82.87,1007.35,31.11,70.74,1007.25,0,0,MANUAL,1,1,1,
2026-09-27 02:41:36,brain,8051000,30.63,82.75,1007.27,31.11,70.61,1007.28,0,0,MANUAL,1,1,1,
2026-09-27 02:41:37,brain,8052000,30.63,82.87,1007.31,31.12,70.83,1007.23,0,0,MANUAL,1,1,1,
2026-09-27 02:41:38,brain,8053000,30.62,82.76,1007.29,31.12,70.76,1007.23,0,0,MANUAL,1,1,1,
2026-09-27 02:41:39,brain,8054000,30.63,82.76,1007.34,31.12,70.75,1007.23,0,0,MANUAL,1,1,1,
2026-09-27 02:41:40,brain,8055000,30.63,82.89,1007.36,31.13,70.94,1007.25,0,0,MANUAL,1,1,1,
2026-09-27 02:41:41,brain,8056000,30.62,82.89,1007.29,31.12,70.76,1007.27,0,0,MANUAL,1,1,1,
2026-09-27 02:41:42,brain,8057000,30.63,82.85,1007.33,31.12,70.70,1007.23,0,0,MANUAL,1,1,1,
2026-09-27 02:41:43,brain,8058000,30.63,82.72,1007.34,31.13,71.11,1007.22,0,0,MANUAL,1,1,1,
2026-09-27 02:41:44,brain,8059000,30.63,82.94,1007.39,31.12,70.91,1007.18,0,0,MANUAL,1,1,1,
2026-09-27 02:41:45,brain,8060000,30.63,83.02,1007.33,31.12,70.77,1007.26,0,0,MANUAL,1,1,1,
2026-09-27 02:41:46,brain,8061000,30.63,82.86,1007.34,31.12,70.77,1007.27,0,0,MANUAL,1,1,1,
2026-09-27 02:41:47,brain,8062000,30.63,82.70,1007.41,31.11,70.86,1007.25,0,0,MANUAL,1,1,1,
2026-09-27 02:41:48,brain,8063000,30.63,82.83,1007.31,31.12,70.75,1007.21,0,0,MANUAL,1,1,1,
2026-09-27 02:41:49,brain,8064000,30.63,83.00,1007.33,31.11,70.83,1007.22,0,0,MANUAL,1,1,1,
2026-09-27 02:41:50,brain,8065000,30.63,82.81,1007.38,31.12,70.83,1007.23,0,0,MANUAL,1,1,1,
2026-09-27 02:41:51,brain,8066000,30.63,82.52,1007.36,31.11,70.87,1007.25,0,0,MANUAL,1,1,1,
2026-09-27 02:41:52,brain,8067000,30.63,82.48,1007.36,31.12,70.69,1007.26,0,0,MANUAL,1,1,1,
2026-09-27 02:41:53,brain,8068000,30.62,82.52,1007.35,31.12,70.85,1007.27,0,0,MANUAL,1,1,1,
2026-09-27 02:41:54,brain,8069000,30.62,82.60,1007.29,31.12,70.77,1007.24,0,0,MANUAL,1,1,1,
2026-09-27 02:41:55,brain,8070000,30.63,82.24,1007.38,31.11,71.28,1007.33,0,0,MANUAL,1,1,1,
2026-09-27 02:41:56,brain,8071000,30.63,81.85,1007.27,31.12,70.69,1007.29,0,0,MANUAL,1,1,1,
2026-09-27 02:41:57,brain,8072000,30.62,81.74,1007.31,31.11,70.72,1007.25,0,0,MANUAL,1,1,1,
2026-09-27 02:41:58,brain,8073000,30.61,81.62,1007.33,31.12,70.69,1007.23,0,0,MANUAL,1,1,1,
2026-09-27 02:41:59,brain,8074000,30.62,81.64,1007.37,31.11,70.75,1007.20,0,0,MANUAL,1,1,1,
2026-09-27 02:42:00,brain,8075000,30.61,81.44,1007.36,31.11,71.11,1007.22,0,0,MANUAL,1,1,1,
2026-09-27 02:42:01,brain,8076000,30.61,81.49,1007.33,31.11,70.73,1007.22,0,0,MANUAL,1,1,1,
2026-09-27 02:42:02,brain,8077000,30.61,81.92,1007.32,31.11,70.76,1007.21,0,0,MANUAL,1,1,1,
2026-09-27 02:42:03,brain,8078000,30.62,81.86,1007.28,31.11,70.83,1007.27,0,0,MANUAL,1,1,1,
2026-09-27 02:42:04,brain,8079000,30.61,81.96,1007.30,31.12,70.74,1007.20,0,0,MANUAL,1,1,1,
2026-09-27 02:42:05,brain,8080000,30.61,81.86,1007.24,31.12,70.74,1007.24,0,0,MANUAL,1,1,1,
2026-09-27 02:42:06,brain,8081000,30.62,82.19,1007.37,31.11,70.82,1007.25,0,0,MANUAL,1,1,1,
2026-09-27 02:42:07,brain,8082000,30.61,82.38,1007.30,31.11,70.76,1007.22,0,0,MANUAL,1,1,1,
2026-09-27 02:42:08,brain,8083000,30.62,82.16,1007.37,31.11,70.74,1007.20,0,0,MANUAL,1,1,1,
2026-09-27 02:42:09,brain,8084000,30.62,82.24,1007.35,31.11,70.72,1007.25,0,0,MANUAL,1,1,1,
2026-09-27 02:42:10,brain,8085000,30.60,82.09,1007.29,31.12,70.81,1007.18,0,0,MANUAL,1,1,1,
2026-09-27 02:42:11,brain,8086000,30.61,81.67,1007.36,31.11,70.64,1007.22,0,0,MANUAL,1,1,1,
2026-09-27 02:42:12,brain,8087000,30.61,81.87,1007.35,31.11,70.85,1007.16,0,0,MANUAL,1,1,1,
2026-09-27 02:42:13,brain,8088000,30.61,81.80,1007.38,31.12,70.75,1007.23,0,0,MANUAL,1,1,1,
2026-09-27 02:42:14,brain,8089000,30.62,82.19,1007.31,31.11,70.65,1007.28,0,0,MANUAL,1,1,1,
2026-09-27 02:42:15,brain,8090000,30.61,82.14,1007.33,31.12,70.75,1007.20,0,0,MANUAL,1,1,1,
2026-09-27 02:42:16,brain,8091000,30.62,82.20,1007.31,31.13,70.76,1007.25,0,0,MANUAL,1,1,1,
2026-09-27 02:42:17,brain,8092000,30.62,82.43,1007.31,31.12,70.78,1007.21,0,0,MANUAL,1,1,1,
2026-09-27 02:42:18,brain,8093000,30.61,82.29,1007.39,31.11,71.00,1007.25,0,0,MANUAL,1,1,1,
2026-09-27 02:42:19,brain,8094000,30.61,81.65,1007.30,31.12,70.66,1007.24,0,0,MANUAL,1,1,1,
2026-09-27 02:42:20,brain,8095000,30.62,81.65,1007.37,31.12,70.98,1007.21,0,0,MANUAL,1,1,1,
2026-09-27 02:42:21,brain,8096000,30.61,81.68,1007.35,31.12,71.00,1007.18,0,0,MANUAL,1,1,1,
2026-09-27 02:42:22,brain,8097000,30.62,81.76,1007.40,31.12,70.69,1007.24,0,0,MANUAL,1,1,1,
2026-09-27 02:42:23,brain,8098000,30.61,82.01,1007.41,31.12,70.60,1007.26,0,0,MANUAL,1,1,1,
2026-09-27 02:42:24,brain,8099000,30.60,81.85,1007.34,31.12,70.72,1007.26,0,0,MANUAL,1,1,1,
2026-09-27 02:42:25,brain,8100000,30.60,81.54,1007.36,31.13,70.80,1007.22,0,0,MANUAL,1,1,1,
2026-09-27 02:42:26,brain,8101000,30.60,81.06,1007.34,31.11,70.76,1007.28,0,0,MANUAL,1,1,1,
2026-09-27 02:42:27,brain,8102000,30.60,80.95,1007.31,31.11,70.76,1007.22,0,0,MANUAL,1,1,1,
2026-09-27 02:42:28,brain,8103000,30.60,80.96,1007.34,31.11,70.72,1007.21,0,0,MANUAL,1,1,1,
2026-09-27 02:42:29,brain,8104000,30.60,80.89,1007.34,31.11,70.69,1007.24,0,0,MANUAL,1,1,1,
2026-09-27 02:42:30,brain,8105000,30.60,80.73,1007.39,31.10,70.71,1007.21,0,0,MANUAL,1,1,1,
2026-09-27 02:42:31,brain,8106000,30.60,80.99,1007.31,31.11,70.75,1007.21,0,0,MANUAL,1,1,1,
2026-09-27 02:42:32,brain,8107000,30.60,80.97,1007.31,31.10,70.75,1007.23,0,0,MANUAL,1,1,1,
2026-09-27 02:42:33,brain,8108000,30.60,81.11,1007.20,31.10,70.80,1007.23,0,0,MANUAL,1,1,1,
2026-09-27 02:42:34,brain,8109000,30.60,81.40,1007.32,31.10,70.84,1007.31,0,0,MANUAL,1,1,1,
2026-09-27 02:42:35,brain,8110000,30.60,81.44,1007.39,31.10,70.95,1007.18,0,0,MANUAL,1,1,1,
2026-09-27 02:42:36,brain,8111000,30.61,81.47,1007.32,31.10,70.85,1007.32,0,0,MANUAL,1,1,1,
2026-09-27 02:42:37,brain,8112000,30.61,81.80,1007.32,31.10,70.73,1007.23,0,0,MANUAL,1,1,1,
2026-09-27 02:42:38,brain,8113000,30.60,81.92,1007.29,31.10,70.83,1007.20,0,0,MANUAL,1,1,1,
2026-09-27 02:42:39,brain,8114000,30.62,81.99,1007.34,31.09,70.82,1007.27,0,0,MANUAL,1,1,1,
2026-09-27 02:42:40,brain,8115000,30.61,81.90,1007.35,31.10,70.75,1007.26,0,0,MANUAL,1,1,1,
2026-09-27 02:42:41,brain,8116000,30.61,82.28,1007.36,31.09,70.76,1007.19,0,0,MANUAL,1,1,1,
2026-09-27 02:42:42,brain,8117000,30.62,82.12,1007.37,31.10,70.76,1007.25,0,0,MANUAL,1,1,1,
2026-09-27 02:42:43,brain,8118000,30.61,82.17,1007.24,31.09,71.00,1007.22,0,0,MANUAL,1,1,1,
2026-09-27 02:42:44,brain,8119000,30.61,82.14,1007.36,31.09,70.77,1007.27,0,0,MANUAL,1,1,1,
2026-09-27 02:42:45,brain,8120000,30.61,82.32,1007.27,31.09,70.85,1007.19,0,0,MANUAL,1,1,1,
2026-09-27 02:42:46,brain,8121000,30.61,82.32,1007.30,31.10,70.87,1007.23,0,0,MANUAL,1,1,1,
2026-09-27 02:42:47,brain,8122000,30.60,81.65,1007.32,31.10,70.89,1007.26,0,0,MANUAL,1,1,1,
2026-09-27 02:42:48,brain,8123000,30.62,81.98,1007.31,31.09,70.60,1007.27,0,0,MANUAL,1,1,1,
2026-09-27 02:42:49,brain,8124000,30.62,81.92,1007.37,31.10,70.87,1007.23,0,0,MANUAL,1,1,1,
2026-09-27 02:42:50,brain,8125000,30.61,82.16,1007.25,31.10,70.83,1007.21,0,0,MANUAL,1,1,1,
2026-09-27 02:42:51,brain,8126000,30.60,82.19,1007.32,31.09,70.88,1007.22,0,0,MANUAL,1,1,1,
2026-09-27 02:42:52,brain,8127000,30.61,82.18,1007.33,31.09,70.78,1007.25,0,0,MANUAL,1,1,1,
2026-09-27 02:42:53,brain,8128000,30.61,81.66,1007.33,31.09,70.86,1007.27,0,0,MANUAL,1,1,1,
2026-09-27 02:42:54,brain,8129000,30.62,81.63,1007.34,31.08,70.88,1007.23,0,0,MANUAL,1,1,1,
2026-09-27 02:42:55,brain,8130000,30.62,81.76,1007.31,31.08,70.96,1007.23,0,0,MANUAL,1,1,1,
2026-09-27 02:42:56,brain,8131000,30.62,81.67,1007.34,31.08,70.77,1007.15,0,0,MANUAL,1,1,1,
2026-09-27 02:42:57,brain,8132000,30.61,82.08,1007.33,31.08,70.85,1007.26,0,0,MANUAL,1,1,1,
2026-09-27 02:42:58,brain,8133000,30.62,82.11,1007.28,31.08,71.28,1007.23,0,0,MANUAL,1,1,1,
2026-09-27 02:42:59,brain,8134000,30.61,81.87,1007.35,31.08,70.85,1007.26,0,0,MANUAL,1,1,1,
2026-09-27 02:43:00,brain,8135000,30.61,82.21,1007.29,31.08,70.80,1007.23,0,0,MANUAL,1,1,1,
2026-09-27 02:43:01,brain,8136000,30.62,82.18,1007.31,31.08,71.24,1007.19,0,0,MANUAL,1,1,1,
2026-09-27 02:43:02,brain,8137000,30.62,82.03,1007.37,31.08,71.30,1007.17,0,0,MANUAL,1,1,1,
2026-09-27 02:43:03,brain,8138000,30.62,82.20,1007.31,31.08,71.08,1007.19,0,0,MANUAL,1,1,1,
2026-09-27 02:43:04,brain,8139000,30.61,82.33,1007.28,31.08,70.89,1007.17,0,0,MANUAL,1,1,1,
2026-09-27 02:43:05,brain,8140000,30.62,82.36,1007.32,31.08,70.85,1007.23,0,0,MANUAL,1,1,1,
2026-09-27 02:43:06,brain,8141000,30.63,82.62,1007.36,31.07,70.82,1007.21,0,0,MANUAL,1,1,1,
2026-09-27 02:43:07,brain,8142000,30.62,82.49,1007.31,31.08,71.06,1007.17,0,0,MANUAL,1,1,1,
2026-09-27 02:43:08,brain,8143000,30.62,82.58,1007.37,31.09,70.80,1007.21,0,0,MANUAL,1,1,1,
2026-09-27 02:43:09,brain,8144000,30.62,82.55,1007.37,31.08,70.98,1007.23,0,0,MANUAL,1,1,1,
2026-09-27 02:43:10,brain,8145000,30.62,82.53,1007.26,31.09,71.05,1007.21,0,0,MANUAL,1,1,1,
2026-09-27 02:43:11,brain,8146000,30.62,82.58,1007.32,31.09,70.96,1007.19,0,0,MANUAL,1,1,1,
2026-09-27 02:43:12,brain,8147000,30.63,82.44,1007.30,31.08,70.88,1007.23,0,0,MANUAL,1,1,1,
2026-09-27 02:43:13,brain,8148000,30.63,82.69,1007.33,31.09,70.76,1007.19,0,0,MANUAL,1,1,1,
2026-09-27 02:43:14,brain,8149000,30.62,82.51,1007.35,31.09,70.81,1007.21,0,0,MANUAL,1,1,1,
2026-09-27 02:43:15,brain,8150000,30.63,82.30,1007.33,31.09,70.88,1007.25,0,0,MANUAL,1,1,1,
2026-09-27 02:43:16,brain,8151000,30.63,82.61,1007.39,31.09,70.81,1007.22,0,0,MANUAL,1,1,1,
2026-09-27 02:43:17,brain,8152000,30.63,82.47,1007.34,31.09,70.90,1007.25,0,0,MANUAL,1,1,1,
2026-09-27 02:43:18,brain,8153000,30.63,82.55,1007.30,31.09,70.93,1007.25,0,0,MANUAL,1,1,1,
2026-09-27 02:43:19,brain,8154000,30.63,82.30,1007.33,31.09,70.89,1007.16,0,0,MANUAL,1,1,1,
2026-09-27 02:43:20,brain,8155000,30.63,82.66,1007.36,31.10,70.90,1007.17,0,0,MANUAL,1,1,1,
2026-09-27 02:43:21,brain,8156000,30.63,82.59,1007.38,31.09,70.77,1007.22,0,0,MANUAL,1,1,1,
2026-09-27 02:43:22,brain,8157000,30.62,82.33,1007.31,31.10,70.81,1007.20,0,0,MANUAL,1,1,1,
2026-09-27 02:43:23,brain,8158000,30.62,82.22,1007.28,31.10,70.77,1007.20,0,0,MANUAL,1,1,1,
2026-09-27 02:43:24,brain,8159000,30.62,81.88,1007.37,31.10,70.84,1007.23,0,0,MANUAL,1,1,1,
2026-09-27 02:43:25,brain,8160000,30.63,81.98,1007.33,31.09,70.91,1007.19,0,0,MANUAL,1,1,1,
2026-09-27 02:43:26,brain,8161000,30.63,82.10,1007.34,31.10,70.98,1007.14,0,0,MANUAL,1,1,1,
2026-09-27 02:43:27,brain,8162000,30.62,82.03,1007.32,31.10,70.89,1007.26,0,0,MANUAL,1,1,1,
2026-09-27 02:43:28,brain,8163000,30.62,81.45,1007.34,31.10,70.86,1007.20,0,0,MANUAL,1,1,1,
2026-09-27 02:43:29,brain,8164000,30.62,81.37,1007.28,31.10,70.97,1007.25,0,0,MANUAL,1,1,1,
2026-09-27 02:43:30,brain,8165000,30.62,81.56,1007.35,31.09,71.05,1007.19,0,0,MANUAL,1,1,1,
2026-09-27 02:43:31,brain,8166000,30.61,81.43,1007.33,31.09,70.87,1007.21,0,0,MANUAL,1,1,1,
2026-09-27 02:43:32,brain,8167000,30.62,81.84,1007.35,31.09,70.90,1007.25,0,0,MANUAL,1,1,1,
2026-09-27 02:43:33,brain,8168000,30.62,81.68,1007.34,31.09,70.85,1007.19,0,0,MANUAL,1,1,1,
2026-09-27 02:43:34,brain,8169000,30.62,81.63,1007.34,31.09,70.82,1007.24,0,0,MANUAL,1,1,1,
2026-09-27 02:43:35,brain,8170000,30.62,81.72,1007.31,31.09,70.95,1007.24,0,0,MANUAL,1,1,1,
2026-09-27 02:43:36,brain,8171000,30.63,81.59,1007.36,31.08,70.90,1007.23,0,0,MANUAL,1,1,1,
2026-09-27 02:43:37,brain,8172000,30.62,81.69,1007.34,31.09,70.72,1007.25,0,0,MANUAL,1,1,1,
2026-09-27 02:43:38,brain,8173000,30.62,81.37,1007.37,31.09,70.95,1007.19,0,0,MANUAL,1,1,1,
2026-09-27 02:43:39,brain,8174000,30.61,81.44,1007.25,31.09,70.72,1007.25,0,0,MANUAL,1,1,1,
2026-09-27 02:43:40,brain,8175000,30.62,81.31,1007.28,31.09,70.89,1007.21,0,0,MANUAL,1,1,1,
2026-09-27 02:43:41,brain,8176000,30.62,81.50,1007.34,31.08,71.24,1007.19,0,0,MANUAL,1,1,1,
2026-09-27 02:43:42,brain,8177000,30.62,81.48,1007.37,31.07,71.02,1007.21,0,0,MANUAL,1,1,1,
2026-09-27 02:43:43,brain,8178000,30.61,80.94,1007.29,31.08,71.04,1007.22,0,0,MANUAL,1,1,1,
2026-09-27 02:43:44,brain,8179000,30.61,80.57,1007.30,31.07,70.98,1007.21,0,0,MANUAL,1,1,1,
2026-09-27 02:43:45,brain,8180000,30.61,80.95,1007.29,31.08,70.98,1007.22,0,0,MANUAL,1,1,1,
2026-09-27 02:43:46,brain,8181000,30.61,81.27,1007.33,31.07,71.00,1007.21,0,0,MANUAL,1,1,1,
2026-09-27 02:43:47,brain,8182000,30.61,81.30,1007.41,31.07,70.71,1007.23,0,0,MANUAL,1,1,1,
2026-09-27 02:43:48,brain,8183000,30.61,81.53,1007.28,31.07,70.85,1007.18,0,0,MANUAL,1,1,1,
2026-09-27 02:43:49,brain,8184000,30.61,81.46,1007.36,31.07,70.92,1007.21,0,0,MANUAL,1,1,1,
2026-09-27 02:43:50,brain,8185000,30.60,81.35,1007.20,31.07,71.00,1007.21,0,0,MANUAL,1,1,1,
2026-09-27 02:43:51,brain,8186000,30.61,81.08,1007.33,31.07,71.04,1007.24,0,0,MANUAL,1,1,1,
2026-09-27 02:43:52,brain,8187000,30.60,80.88,1007.34,31.07,71.00,1007.27,0,0,MANUAL,1,1,1,
2026-09-27 02:43:53,brain,8188000,30.61,80.52,1007.29,31.07,70.66,1007.23,0,0,MANUAL,1,1,1,
2026-09-27 02:43:54,brain,8189000,30.60,80.77,1007.32,31.06,70.89,1007.23,0,0,MANUAL,1,1,1,
2026-09-27 02:43:55,brain,8190000,30.60,80.54,1007.32,31.06,70.91,1007.23,0,0,MANUAL,1,1,1,
2026-09-27 02:43:56,brain,8191000,30.61,80.48,1007.35,31.06,71.06,1007.22,0,0,MANUAL,1,1,1,
2026-09-27 02:43:57,brain,8192000,30.61,80.77,1007.29,31.06,71.06,1007.19,0,0,MANUAL,1,1,1,
2026-09-27 02:43:58,brain,8193000,30.61,80.69,1007.30,31.05,71.13,1007.21,0,0,MANUAL,1,1,1,
2026-09-27 02:43:59,brain,8194000,30.60,80.49,1007.36,31.06,70.96,1007.25,0,0,MANUAL,1,1,1,
2026-09-27 02:44:00,brain,8195000,30.61,80.59,1007.29,31.06,70.93,1007.16,0,0,MANUAL,1,1,1,
2026-09-27 02:44:01,brain,8196000,30.61,80.81,1007.27,31.05,70.93,1007.18,0,0,MANUAL,1,1,1,
2026-09-27 02:44:02,brain,8197000,30.60,80.53,1007.28,31.05,70.85,1007.21,0,0,MANUAL,1,1,1,
2026-09-27 02:44:03,brain,8198000,30.60,80.60,1007.36,31.05,70.91,1007.15,0,0,MANUAL,1,1,1,
2026-09-27 02:44:04,brain,8199000,30.61,80.54,1007.32,31.06,71.10,1007.22,0,0,MANUAL,1,1,1,
2026-09-27 02:44:05,brain,8200000,30.61,80.79,1007.29,31.05,71.04,1007.23,0,0,MANUAL,1,1,1,
2026-09-27 02:44:06,brain,8201000,30.61,80.86,1007.29,31.05,71.00,1007.21,0,0,MANUAL,1,1,1,
2026-09-27 02:44:07,brain,8202000,30.60,80.59,1007.25,31.05,71.09,1007.20,0,0,MANUAL,1,1,1,
2026-09-27 02:44:08,brain,8203000,30.61,80.72,1007.38,31.05,70.83,1007.18,0,0,MANUAL,1,1,1,
2026-09-27 02:44:09,brain,8204000,30.61,80.92,1007.29,31.05,71.12,1007.17,0,0,MANUAL,1,1,1,
2026-09-27 02:44:10,brain,8205000,30.61,80.93,1007.32,31.06,71.30,1007.19,0,0,MANUAL,1,1,1,
2026-09-27 02:44:11,brain,8206000,30.61,81.22,1007.35,31.05,71.39,1007.23,0,0,MANUAL,1,1,1,
2026-09-27 02:44:12,brain,8207000,30.60,81.16,1007.32,31.05,71.28,1007.20,0,0,MANUAL,1,1,1,
2026-09-27 02:44:13,brain,8208000,30.60,81.30,1007.23,31.05,70.86,1007.21,0,0,MANUAL,1,1,1,
2026-09-27 02:44:14,brain,8209000,30.61,80.87,1007.29,31.05,71.03,1007.29,0,0,MANUAL,1,1,1,
2026-09-27 02:44:15,brain,8210000,30.61,80.84,1007.29,31.04,71.27,1007.25,0,0,MANUAL,1,1,1,
2026-09-27 02:44:16,brain,8211000,30.61,80.92,1007.30,31.04,71.00,1007.22,0,0,MANUAL,1,1,1,
2026-09-27 02:44:17,brain,8212000,30.61,81.11,1007.32,31.04,70.92,1007.22,0,0,MANUAL,1,1,1,
2026-09-27 02:44:18,brain,8213000,30.61,81.22,1007.36,31.05,70.98,1007.17,0,0,MANUAL,1,1,1,
2026-09-27 02:44:19,brain,8214000,30.62,81.42,1007.31,31.05,70.89,1007.23,0,0,MANUAL,1,1,1,
2026-09-27 02:44:20,brain,8215000,30.61,81.16,1007.29,31.04,70.88,1007.24,0,0,MANUAL,1,1,1,
2026-09-27 02:44:21,brain,8216000,30.60,80.93,1007.29,31.04,70.85,1007.19,0,0,MANUAL,1,1,1,
2026-09-27 02:44:22,brain,8217000,30.61,81.12,1007.32,31.04,71.00,1007.22,0,0,MANUAL,1,1,1,
2026-09-27 02:44:23,brain,8218000,30.62,81.21,1007.31,31.04,70.97,1007.21,0,0,MANUAL,1,1,1,
2026-09-27 02:44:24,brain,8219000,30.62,81.29,1007.38,31.05,70.91,1007.26,0,0,MANUAL,1,1,1,
2026-09-27 02:44:25,brain,8220000,30.61,81.40,1007.30,31.05,70.89,1007.20,0,0,MANUAL,1,1,1,
2026-09-27 02:44:26,brain,8221000,30.61,81.75,1007.36,31.05,71.05,1007.24,0,0,MANUAL,1,1,1,
2026-09-27 02:44:27,brain,8222000,30.62,81.70,1007.26,31.05,70.84,1007.18,0,0,MANUAL,1,1,1,
2026-09-27 02:44:28,brain,8223000,30.61,82.00,1007.29,31.05,71.00,1007.17,0,0,MANUAL,1,1,1,
2026-09-27 02:44:29,brain,8224000,30.63,82.12,1007.33,31.05,71.30,1007.23,0,0,MANUAL,1,1,1,
2026-09-27 02:44:30,brain,8225000,30.61,81.84,1007.33,31.05,70.94,1007.17,0,0,MANUAL,1,1,1,
2026-09-27 02:44:31,brain,8226000,30.62,82.05,1007.32,31.05,71.07,1007.24,0,0,MANUAL,1,1,1,
2026-09-27 02:44:32,brain,8227000,30.61,81.91,1007.29,31.04,70.98,1007.25,0,0,MANUAL,1,1,1,
2026-09-27 02:44:33,brain,8228000,30.61,81.35,1007.29,31.05,70.85,1007.21,0,0,MANUAL,1,1,1,
2026-09-27 02:44:34,brain,8229000,30.61,81.20,1007.30,31.06,70.88,1007.22,0,0,MANUAL,1,1,1,
2026-09-27 02:44:35,brain,8230000,30.62,81.30,1007.37,31.05,71.16,1007.23,0,0,MANUAL,1,1,1,
2026-09-27 02:44:36,brain,8231000,30.62,81.30,1007.25,31.04,70.90,1007.22,0,0,MANUAL,1,1,1,
2026-09-27 02:44:37,brain,8232000,30.61,81.26,1007.30,31.04,70.94,1007.17,0,0,MANUAL,1,1,1,
2026-09-27 02:44:38,brain,8233000,30.61,80.89,1007.27,31.05,70.86,1007.13,0,0,MANUAL,1,1,1,
2026-09-27 02:44:39,brain,8234000,30.61,81.07,1007.36,31.04,70.98,1007.22,0,0,MANUAL,1,1,1,
2026-09-27 02:44:40,brain,8235000,30.62,81.18,1007.28,31.06,70.82,1007.22,0,0,MANUAL,1,1,1,
2026-09-27 02:44:41,brain,8236000,30.62,81.36,1007.20,31.04,70.90,1007.16,0,0,MANUAL,1,1,1,
2026-09-27 02:44:42,brain,8237000,30.62,81.70,1007.28,31.04,70.94,1007.22,0,0,MANUAL,1,1,1,
2026-09-27 02:44:43,brain,8238000,30.62,81.70,1007.32,31.04,71.00,1007.19,0,0,MANUAL,1,1,1,
2026-09-27 02:44:44,brain,8239000,30.61,81.76,1007.29,31.05,70.93,1007.18,0,0,MANUAL,1,1,1,
2026-09-27 02:44:45,brain,8240000,30.62,81.61,1007.34,31.05,70.92,1007.20,0,0,MANUAL,1,1,1,
2026-09-27 02:44:46,brain,8241000,30.63,81.58,1007.30,31.05,70.82,1007.24,0,0,MANUAL,1,1,1,
2026-09-27 02:44:47,brain,8242000,30.62,81.45,1007.31,31.05,71.33,1007.23,0,0,MANUAL,1,1,1,
2026-09-27 02:44:48,brain,8243000,30.60,80.73,1007.34,31.06,70.94,1007.25,0,0,MANUAL,1,1,1,
2026-09-27 02:44:49,brain,8244000,30.61,80.75,1007.30,31.04,70.94,1007.16,0,0,MANUAL,1,1,1,
2026-09-27 02:44:50,brain,8245000,30.62,80.81,1007.28,31.04,70.93,1007.22,0,0,MANUAL,1,1,1,
2026-09-27 02:44:51,brain,8246000,30.61,81.10,1007.25,31.05,70.96,1007.21,0,0,MANUAL,1,1,1,
2026-09-27 02:44:52,brain,8247000,30.61,81.15,1007.30,31.04,70.95,1007.22,0,0,MANUAL,1,1,1,
2026-09-27 02:44:53,brain,8248000,30.62,81.19,1007.37,31.05,71.15,1007.26,0,0,MANUAL,1,1,1,
2026-09-27 02:44:54,brain,8249000,30.61,81.15,1007.33,31.05,70.93,1007.24,0,0,MANUAL,1,1,1,
2026-09-27 02:44:55,brain,8250000,30.61,81.10,1007.29,31.04,70.95,1007.19,0,0,MANUAL,1,1,1,
2026-09-27 02:44:56,brain,8251000,30.61,81.32,1007.38,31.05,70.91,1007.21,0,0,MANUAL,1,1,1,
2026-09-27 02:44:57,brain,8252000,30.62,81.66,1007.29,31.05,70.96,1007.21,0,0,MANUAL,1,1,1,
2026-09-27 02:44:58,brain,8253000,30.61,81.49,1007.33,31.05,70.92,1007.17,0,0,MANUAL,1,1,1,
2026-09-27 02:44:59,brain,8254000,30.62,81.73,1007.32,31.05,70.88,1007.21,0,0,MANUAL,1,1,1,
2026-09-27 02:45:00,brain,8255000,30.62,81.49,1007.25,31.05,70.84,1007.17,0,0,MANUAL,1,1,1,
2026-09-27 02:45:01,brain,8256000,30.62,81.17,1007.31,31.04,70.83,1007.17,0,0,MANUAL,1,1,1,
2026-09-27 02:45:02,brain,8257000,30.62,81.23,1007.31,31.05,70.96,1007.18,0,0,MANUAL,1,1,1,
2026-09-27 02:45:03,brain,8258000,30.62,81.62,1007.28,31.04,70.92,1007.17,0,0,MANUAL,1,1,1,
2026-09-27 02:45:04,brain,8259000,30.62,81.46,1007.34,31.05,70.73,1007.20,0,0,MANUAL,1,1,1,
2026-09-27 02:45:05,brain,8260000,30.62,81.29,1007.29,31.05,70.96,1007.17,0,0,MANUAL,1,1,1,
2026-09-27 02:45:06,brain,8261000,30.62,81.60,1007.32,31.04,70.99,1007.22,0,0,MANUAL,1,1,1,
2026-09-27 02:45:07,brain,8262000,30.62,81.85,1007.28,31.04,70.88,1007.19,0,0,MANUAL,1,1,1,
2026-09-27 02:45:08,brain,8263000,30.62,81.85,1007.26,31.04,70.95,1007.24,0,0,MANUAL,1,1,1,
2026-09-27 02:45:09,brain,8264000,30.63,82.04,1007.33,31.04,70.92,1007.19,0,0,MANUAL,1,1,1,
2026-09-27 02:45:10,brain,8265000,30.62,81.94,1007.32,31.04,71.08,1007.17,0,0,MANUAL,1,1,1,
2026-09-27 02:45:11,brain,8266000,30.63,82.13,1007.24,31.04,70.93,1007.19,0,0,MANUAL,1,1,1,
2026-09-27 02:45:12,brain,8267000,30.63,82.40,1007.27,31.05,71.04,1007.18,0,0,MANUAL,1,1,1,
2026-09-27 02:45:13,brain,8268000,30.62,82.31,1007.25,31.04,70.95,1007.17,0,0,MANUAL,1,1,1,
2026-09-27 02:45:14,brain,8269000,30.63,82.26,1007.36,31.05,71.02,1007.18,0,0,MANUAL,1,1,1,
2026-09-27 02:45:15,brain,8270000,30.62,81.94,1007.23,31.05,70.94,1007.24,0,0,MANUAL,1,1,1,
2026-09-27 02:45:16,brain,8271000,30.62,81.63,1007.32,31.05,70.88,1007.23,0,0,MANUAL,1,1,1,
2026-09-27 02:45:17,brain,8272000,30.61,82.04,1007.30,31.04,70.96,1007.17,0,0,MANUAL,1,1,1,
2026-09-27 02:45:18,brain,8273000,30.62,81.77,1007.25,31.05,71.05,1007.20,0,0,MANUAL,1,1,1,
2026-09-27 02:45:19,brain,8274000,30.62,81.48,1007.31,31.04,70.95,1007.19,0,0,MANUAL,1,1,1,
2026-09-27 02:45:20,brain,8275000,30.62,81.62,1007.32,31.04,70.90,1007.19,0,0,MANUAL,1,1,1,
2026-09-27 02:45:21,brain,8276000,30.62,81.63,1007.29,31.03,70.94,1007.15,0,0,MANUAL,1,1,1,
2026-09-27 02:45:22,brain,8277000,30.63,81.88,1007.33,31.04,70.92,1007.17,0,0,MANUAL,1,1,1,
2026-09-27 02:45:23,brain,8278000,30.62,82.02,1007.26,31.04,70.92,1007.17,0,0,MANUAL,1,1,1,
2026-09-27 02:45:24,brain,8279000,30.63,81.81,1007.34,31.05,70.98,1007.12,0,0,MANUAL,1,1,1,
2026-09-27 02:45:25,brain,8280000,30.62,81.98,1007.32,31.05,70.90,1007.18,0,0,MANUAL,1,1,1,
2026-09-27 02:45:26,brain,8281000,30.62,82.28,1007.25,31.05,70.96,1007.20,0,0,MANUAL,1,1,1,
2026-09-27 02:45:27,brain,8282000,30.63,82.28,1007.34,31.05,71.10,1007.20,0,0,MANUAL,1,1,1,
2026-09-27 02:45:28,brain,8283000,30.63,82.36,1007.27,31.05,71.05,1007.18,0,0,MANUAL,1,1,1,
2026-09-27 02:45:29,brain,8284000,30.63,82.41,1007.30,31.05,70.89,1007.24,0,0,MANUAL,1,1,1,
2026-09-27 02:45:30,brain,8285000,30.64,82.16,1007.34,31.04,70.90,1007.17,0,0,MANUAL,1,1,1,
2026-09-27 02:45:31,brain,8286000,30.63,82.24,1007.27,31.05,71.27,1007.24,0,0,MANUAL,1,1,1,
2026-09-27 02:45:32,brain,8287000,30.62,82.29,1007.34,31.06,70.83,1007.19,0,0,MANUAL,1,1,1,
2026-09-27 02:45:33,brain,8288000,30.62,82.41,1007.34,31.04,70.88,1007.17,0,0,MANUAL,1,1,1,
2026-09-27 02:45:34,brain,8289000,30.62,82.37,1007.29,31.05,70.90,1007.21,0,0,MANUAL,1,1,1,
2026-09-27 02:45:35,brain,8290000,30.62,82.17,1007.32,31.05,71.04,1007.15,0,0,MANUAL,1,1,1,
2026-09-27 02:45:36,brain,8291000,30.62,82.29,1007.34,31.05,70.89,1007.15,0,0,MANUAL,1,1,1,
2026-09-27 02:45:37,brain,8292000,30.63,81.98,1007.30,31.05,70.98,1007.18,0,0,MANUAL,1,1,1,
2026-09-27 02:45:38,brain,8293000,30.62,82.04,1007.32,31.05,70.94,1007.23,0,0,MANUAL,1,1,1,
2026-09-27 02:45:39,brain,8294000,30.62,82.04,1007.23,31.05,70.86,1007.18,0,0,MANUAL,1,1,1,
2026-09-27 02:45:40,brain,8295000,30.63,82.27,1007.27,31.05,71.09,1007.17,0,0,MANUAL,1,1,1,
2026-09-27 02:45:41,brain,8296000,30.62,81.98,1007.29,31.06,70.92,1007.19,0,0,MANUAL,1,1,1,
2026-09-27 02:45:42,brain,8297000,30.63,82.14,1007.38,31.05,71.17,1007.21,0,0,MANUAL,1,1,1,
2026-09-27 02:45:43,brain,8298000,30.62,82.02,1007.25,31.06,70.90,1007.19,0,0,MANUAL,1,1,1,
2026-09-27 02:45:44,brain,8299000,30.62,82.13,1007.32,31.06,71.27,1007.16,0,0,MANUAL,1,1,1,
2026-09-27 02:45:45,brain,8300000,30.62,82.24,1007.29,31.05,70.90,1007.24,0,0,MANUAL,1,1,1,
2026-09-27 02:45:46,brain,8301000,30.63,82.15,1007.30,31.06,70.87,1007.19,0,0,MANUAL,1,1,1,
2026-09-27 02:45:47,brain,8302000,30.63,82.31,1007.28,31.06,70.90,1007.22,0,0,MANUAL,1,1,1,
2026-09-27 02:45:48,brain,8303000,30.62,82.25,1007.31,31.05,70.81,1007.15,0,0,MANUAL,1,1,1,
2026-09-27 02:45:49,brain,8304000,30.62,82.30,1007.23,31.07,70.98,1007.26,0,0,MANUAL,1,1,1,
2026-09-27 02:45:50,brain,8305000,30.62,82.33,1007.23,31.05,71.13,1007.21,0,0,MANUAL,1,1,1,
2026-09-27 02:45:51,brain,8306000,30.62,82.31,1007.26,31.05,70.99,1007.18,0,0,MANUAL,1,1,1,
2026-09-27 02:45:52,brain,8307000,30.63,82.41,1007.24,31.06,70.99,1007.19,0,0,MANUAL,1,1,1,
2026-09-27 02:45:53,brain,8308000,30.63,82.50,1007.27,31.06,70.93,1007.17,0,0,MANUAL,1,1,1,
2026-09-27 02:45:54,brain,8309000,30.62,82.54,1007.32,31.07,71.02,1007.21,0,0,MANUAL,1,1,1,
2026-09-27 02:45:55,brain,8310000,30.63,82.47,1007.33,31.07,70.93,1007.21,0,0,MANUAL,1,1,1,
2026-09-27 02:45:56,brain,8311000,30.62,81.89,1007.25,31.05,70.90,1007.18,0,0,MANUAL,1,1,1,
2026-09-27 02:45:57,brain,8312000,30.63,81.56,1007.30,31.06,71.12,1007.16,0,0,MANUAL,1,1,1,
2026-09-27 02:45:58,brain,8313000,30.62,81.68,1007.29,31.06,71.14,1007.23,0,0,MANUAL,1,1,1,
2026-09-27 02:45:59,brain,8314000,30.62,81.96,1007.26,31.05,71.35,1007.24,0,0,MANUAL,1,1,1,
2026-09-27 02:46:00,brain,8315000,30.62,82.12,1007.26,31.05,71.00,1007.18,0,0,MANUAL,1,1,1,
2026-09-27 02:46:01,brain,8316000,30.63,81.96,1007.33,31.05,71.01,1007.18,0,0,MANUAL,1,1,1,
2026-09-27 02:46:02,brain,8317000,30.62,82.12,1007.25,31.05,71.09,1007.24,0,0,MANUAL,1,1,1,
2026-09-27 02:46:03,brain,8318000,30.62,82.24,1007.26,31.05,70.96,1007.27,0,0,MANUAL,1,1,1,
2026-09-27 02:46:04,brain,8319000,30.62,82.23,1007.31,31.05,71.07,1007.24,0,0,MANUAL,1,1,1,
2026-09-27 02:46:05,brain,8320000,30.62,82.22,1007.28,31.06,70.96,1007.25,0,0,MANUAL,1,1,1,
2026-09-27 02:46:06,brain,8321000,30.62,82.31,1007.25,31.06,71.04,1007.19,0,0,MANUAL,1,1,1,
2026-09-27 02:46:07,brain,8322000,30.63,82.27,1007.30,31.07,71.01,1007.18,0,0,MANUAL,1,1,1,
2026-09-27 02:46:08,brain,8323000,30.62,82.16,1007.23,31.07,70.84,1007.26,0,0,MANUAL,1,1,1,
2026-09-27 02:46:09,brain,8324000,30.62,82.37,1007.26,31.05,71.04,1007.24,0,0,MANUAL,1,1,1,
2026-09-27 02:46:10,brain,8325000,30.63,82.46,1007.27,31.06,70.91,1007.20,0,0,MANUAL,1,1,1,
2026-09-27 02:46:11,brain,8326000,30.62,82.43,1007.23,31.06,71.12,1007.19,0,0,MANUAL,1,1,1,
2026-09-27 02:46:12,brain,8327000,30.63,82.38,1007.27,31.06,71.22,1007.17,0,0,MANUAL,1,1,1,
2026-09-27 02:46:13,brain,8328000,30.62,82.46,1007.26,31.05,71.10,1007.24,0,0,MANUAL,1,1,1,
2026-09-27 02:46:14,brain,8329000,30.63,82.19,1007.33,31.07,71.09,1007.26,0,0,MANUAL,1,1,1,
2026-09-27 02:46:15,brain,8330000,30.63,82.26,1007.24,31.05,70.89,1007.17,0,0,MANUAL,1,1,1,
2026-09-27 02:46:16,brain,8331000,30.63,82.05,1007.27,31.05,71.11,1007.21,0,0,MANUAL,1,1,1,
2026-09-27 02:46:17,brain,8332000,30.62,81.61,1007.31,31.05,70.94,1007.24,0,0,MANUAL,1,1,1,
2026-09-27 02:46:18,brain,8333000,30.62,81.45,1007.28,31.04,70.90,1007.22,0,0,MANUAL,1,1,1,
2026-09-27 02:46:19,brain,8334000,30.61,80.99,1007.27,31.05,71.10,1007.15,0,0,MANUAL,1,1,1,
2026-09-27 02:46:20,brain,8335000,30.61,80.64,1007.27,31.05,70.95,1007.15,0,0,MANUAL,1,1,1,
2026-09-27 02:46:21,brain,8336000,30.61,80.73,1007.27,31.05,70.84,1007.20,0,0,MANUAL,1,1,1,
2026-09-27 02:46:22,brain,8337000,30.61,80.63,1007.29,31.05,71.07,1007.29,0,0,MANUAL,1,1,1,
2026-09-27 02:46:23,brain,8338000,30.61,80.49,1007.27,31.04,70.86,1007.19,0,0,MANUAL,1,1,1,
2026-09-27 02:46:24,brain,8339000,30.61,80.46,1007.39,31.03,71.01,1007.23,0,0,MANUAL,1,1,1,
2026-09-27 02:46:25,brain,8340000,30.60,80.58,1007.34,31.04,70.87,1007.19,0,0,MANUAL,1,1,1,
2026-09-27 02:46:26,brain,8341000,30.61,80.71,1007.27,31.03,71.04,1007.21,0,0,MANUAL,1,1,1,
2026-09-27 02:46:27,brain,8342000,30.60,80.29,1007.34,31.03,70.86,1007.17,0,0,MANUAL,1,1,1,
2026-09-27 02:46:28,brain,8343000,30.60,80.58,1007.34,31.03,70.90,1007.23,0,0,MANUAL,1,1,1,
2026-09-27 02:46:29,brain,8344000,30.60,80.34,1007.28,31.03,71.02,1007.20,0,0,MANUAL,1,1,1,
2026-09-27 02:46:30,brain,8345000,30.60,80.38,1007.28,31.02,71.08,1007.22,0,0,MANUAL,1,1,1,
2026-09-27 02:46:31,brain,8346000,30.60,80.86,1007.29,31.01,70.90,1007.20,0,0,MANUAL,1,1,1,
2026-09-27 02:46:32,brain,8347000,30.60,80.94,1007.25,31.02,71.01,1007.19,0,0,MANUAL,1,1,1,
2026-09-27 02:46:33,brain,8348000,30.60,81.19,1007.26,31.01,71.11,1007.17,0,0,MANUAL,1,1,1,
2026-09-27 02:46:34,brain,8349000,30.60,81.35,1007.34,31.01,71.03,1007.23,0,0,MANUAL,1,1,1,
2026-09-27 02:46:35,brain,8350000,30.61,81.40,1007.24,31.02,71.03,1007.25,0,0,MANUAL,1,1,1,
2026-09-27 02:46:36,brain,8351000,30.60,81.31,1007.22,31.01,71.04,1007.20,0,0,MANUAL,1,1,1,
2026-09-27 02:46:37,brain,8352000,30.61,81.54,1007.24,31.02,71.11,1007.22,0,0,MANUAL,1,1,1,
2026-09-27 02:46:38,brain,8353000,30.59,80.79,1007.27,31.02,71.01,1007.22,0,0,MANUAL,1,1,1,
2026-09-27 02:46:39,brain,8354000,30.60,80.76,1007.28,31.02,70.94,1007.24,0,0,MANUAL,1,1,1,
2026-09-27 02:46:40,brain,8355000,30.60,81.20,1007.22,31.01,70.98,1007.17,0,0,MANUAL,1,1,1,
2026-09-27 02:46:41,brain,8356000,30.60,81.10,1007.32,31.03,71.02,1007.21,0,0,MANUAL,1,1,1,
2026-09-27 02:46:42,brain,8357000,30.60,81.21,1007.19,31.03,70.97,1007.20,0,0,MANUAL,1,1,1,
2026-09-27 02:46:43,brain,8358000,30.61,81.55,1007.27,31.02,71.07,1007.19,0,0,MANUAL,1,1,1,
2026-09-27 02:46:44,brain,8359000,30.60,81.64,1007.20,31.03,71.07,1007.21,0,0,MANUAL,1,1,1,
2026-09-27 02:46:45,brain,8360000,30.61,81.41,1007.35,31.03,70.92,1007.14,0,0,MANUAL,1,1,1,
2026-09-27 02:46:46,brain,8361000,30.61,81.87,1007.30,31.03,71.01,1007.23,0,0,MANUAL,1,1,1,
2026-09-27 02:46:47,brain,8362000,30.61,81.98,1007.29,31.03,71.06,1007.18,0,0,MANUAL,1,1,1,
2026-09-27 02:46:48,brain,8363000,30.61,81.88,1007.25,31.03,70.93,1007.23,0,0,MANUAL,1,1,1,
2026-09-27 02:46:49,brain,8364000,30.61,81.89,1007.24,31.03,70.86,1007.21,0,0,MANUAL,1,1,1,
2026-09-27 02:46:50,brain,8365000,30.61,82.16,1007.28,31.04,71.34,1007.21,0,0,MANUAL,1,1,1,
2026-09-27 02:46:51,brain,8366000,30.62,81.85,1007.31,31.04,71.05,1007.19,0,0,MANUAL,1,1,1,
2026-09-27 02:46:52,brain,8367000,30.61,82.07,1007.21,31.04,71.12,1007.25,0,0,MANUAL,1,1,1,
2026-09-27 02:46:53,brain,8368000,30.62,82.19,1007.28,31.03,71.00,1007.21,0,0,MANUAL,1,1,1,
2026-09-27 02:46:54,brain,8369000,30.61,82.08,1007.25,31.03,70.98,1007.21,0,0,MANUAL,1,1,1,
2026-09-27 02:46:55,brain,8370000,30.62,82.00,1007.34,31.04,71.18,1007.21,0,0,MANUAL,1,1,1,
2026-09-27 02:46:56,brain,8371000,30.62,81.98,1007.28,31.03,71.15,1007.15,0,0,MANUAL,1,1,1,
2026-09-27 02:46:57,brain,8372000,30.62,81.75,1007.31,31.03,71.17,1007.15,0,0,MANUAL,1,1,1,
2026-09-27 02:46:58,brain,8373000,30.61,82.08,1007.22,31.04,70.99,1007.16,0,0,MANUAL,1,1,1,
2026-09-27 02:46:59,brain,8374000,30.63,82.20,1007.33,31.04,71.08,1007.21,0,0,MANUAL,1,1,1,
2026-09-27 02:47:00,brain,8375000,30.61,82.25,1007.27,31.04,71.16,1007.19,0,0,MANUAL,1,1,1,
2026-09-27 02:47:01,brain,8376000,30.61,81.65,1007.32,31.04,70.98,1007.19,0,0,MANUAL,1,1,1,
2026-09-27 02:47:02,brain,8377000,30.61,81.80,1007.27,31.04,71.04,1007.17,0,0,MANUAL,1,1,1,
2026-09-27 02:47:03,brain,8378000,30.60,81.40,1007.29,31.04,70.86,1007.17,0,0,MANUAL,1,1,1,
2026-09-27 02:47:04,brain,8379000,30.60,81.07,1007.26,31.03,71.11,1007.15,0,0,MANUAL,1,1,1,
2026-09-27 02:47:05,brain,8380000,30.60,81.29,1007.31,31.03,70.98,1007.17,0,0,MANUAL,1,1,1,
2026-09-27 02:47:06,brain,8381000,30.60,81.22,1007.28,31.03,70.85,1007.17,0,0,MANUAL,1,1,1,
2026-09-27 02:47:07,brain,8382000,30.60,81.21,1007.26,31.03,71.10,1007.21,0,0,MANUAL,1,1,1,
2026-09-27 02:47:08,brain,8383000,30.60,81.57,1007.29,31.03,70.98,1007.21,0,0,MANUAL,1,1,1,
2026-09-27 02:47:09,brain,8384000,30.60,81.18,1007.28,31.03,70.94,1007.21,0,0,MANUAL,1,1,1,
2026-09-27 02:47:10,brain,8385000,30.60,80.95,1007.28,31.03,71.12,1007.20,0,0,MANUAL,1,1,1,
2026-09-27 02:47:11,brain,8386000,30.58,80.74,1007.35,31.03,70.93,1007.21,0,0,MANUAL,1,1,1,
2026-09-27 02:47:12,brain,8387000,30.60,80.41,1007.32,31.04,70.90,1007.19,0,0,MANUAL,1,1,1,
2026-09-27 02:47:13,brain,8388000,30.58,80.10,1007.35,31.04,71.00,1007.16,0,0,MANUAL,1,1,1,
2026-09-27 02:47:14,brain,8389000,30.58,80.21,1007.29,31.03,70.92,1007.21,0,0,MANUAL,1,1,1,
2026-09-27 02:47:15,brain,8390000,30.59,79.96,1007.27,31.02,70.95,1007.13,0,0,MANUAL,1,1,1,
2026-09-27 02:47:16,brain,8391000,30.57,79.87,1007.30,31.03,71.04,1007.17,0,0,MANUAL,1,1,1,
2026-09-27 02:47:17,brain,8392000,30.58,79.76,1007.23,31.02,70.90,1007.13,0,0,MANUAL,1,1,1,
2026-09-27 02:47:18,brain,8393000,30.58,79.86,1007.29,31.02,70.84,1007.19,0,0,MANUAL,1,1,1,
2026-09-27 02:47:19,brain,8394000,30.58,80.15,1007.29,31.03,70.90,1007.17,0,0,MANUAL,1,1,1,
2026-09-27 02:47:20,brain,8395000,30.59,80.25,1007.33,31.04,70.83,1007.27,0,0,MANUAL,1,1,1,
2026-09-27 02:47:21,brain,8396000,30.59,80.13,1007.30,31.03,71.29,1007.21,0,0,MANUAL,1,1,1,
2026-09-27 02:47:22,brain,8397000,30.58,80.30,1007.28,31.03,70.90,1007.17,0,0,MANUAL,1,1,1,
2026-09-27 02:47:23,brain,8398000,30.58,80.00,1007.37,31.02,70.89,1007.19,0,0,MANUAL,1,1,1,
2026-09-27 02:47:24,brain,8399000,30.58,79.90,1007.29,31.02,71.06,1007.15,0,0,MANUAL,1,1,1,
2026-09-27 02:47:25,brain,8400000,30.57,79.53,1007.29,31.02,71.07,1007.25,0,0,MANUAL,1,1,1,
2026-09-27 02:47:26,brain,8401000,30.57,79.70,1007.30,31.02,70.92,1007.19,0,0,MANUAL,1,1,1,
2026-09-27 02:47:27,brain,8402000,30.57,79.70,1007.27,31.02,70.97,1007.16,0,0,MANUAL,1,1,1,
2026-09-27 02:47:28,brain,8403000,30.57,79.70,1007.36,31.01,71.08,1007.20,0,0,MANUAL,1,1,1,
2026-09-27 02:47:29,brain,8404000,30.57,79.44,1007.27,31.01,70.90,1007.15,0,0,MANUAL,1,1,1,
2026-09-27 02:47:30,brain,8405000,30.57,79.37,1007.24,31.01,71.08,1007.20,0,0,MANUAL,1,1,1,
2026-09-27 02:47:31,brain,8406000,30.57,79.18,1007.35,31.00,71.07,1007.19,0,0,MANUAL,1,1,1,
2026-09-27 02:47:32,brain,8407000,30.57,79.44,1007.27,31.01,71.16,1007.19,0,0,MANUAL,1,1,1,
2026-09-27 02:47:33,brain,8408000,30.57,79.48,1007.29,30.98,70.93,1007.18,0,0,MANUAL,1,1,1,
2026-09-27 02:47:34,brain,8409000,30.57,79.57,1007.24,30.99,71.38,1007.21,0,0,MANUAL,1,1,1,
2026-09-27 02:47:35,brain,8410000,30.56,79.78,1007.29,31.00,71.22,1007.21,0,0,MANUAL,1,1,1,
2026-09-27 02:47:36,brain,8411000,30.57,79.45,1007.24,30.99,71.04,1007.17,0,0,MANUAL,1,1,1,
2026-09-27 02:47:37,brain,8412000,30.57,79.64,1007.30,30.99,71.16,1007.18,0,0,MANUAL,1,1,1,
2026-09-27 02:47:38,brain,8413000,30.58,79.89,1007.28,31.00,71.08,1007.19,0,0,MANUAL,1,1,1,
2026-09-27 02:47:39,brain,8414000,30.58,80.28,1007.26,31.00,71.42,1007.19,0,0,MANUAL,1,1,1,
2026-09-27 02:47:40,brain,8415000,30.58,80.52,1007.29,30.99,71.08,1007.21,0,0,MANUAL,1,1,1,
2026-09-27 02:47:41,brain,8416000,30.58,80.53,1007.25,31.01,70.97,1007.17,0,0,MANUAL,1,1,1,
2026-09-27 02:47:42,brain,8417000,30.58,80.76,1007.35,31.00,71.03,1007.21,0,0,MANUAL,1,1,1,
2026-09-27 02:47:43,brain,8418000,30.58,80.53,1007.28,31.01,70.96,1007.19,0,0,MANUAL,1,1,1,
2026-09-27 02:47:44,brain,8419000,30.59,80.66,1007.27,31.00,71.13,1007.19,0,0,MANUAL,1,1,1,
2026-09-27 02:47:45,brain,8420000,30.58,80.86,1007.29,31.01,71.03,1007.19,0,0,MANUAL,1,1,1,
2026-09-27 02:47:46,brain,8421000,30.60,81.04,1007.28,31.01,71.11,1007.23,0,0,MANUAL,1,1,1,
2026-09-27 02:47:47,brain,8422000,30.59,81.18,1007.24,31.02,71.06,1007.24,0,0,MANUAL,1,1,1,
2026-09-27 02:47:48,brain,8423000,30.58,81.32,1007.29,31.01,70.96,1007.23,0,0,MANUAL,1,1,1,
2026-09-27 02:47:49,brain,8424000,30.60,81.23,1007.34,31.02,71.10,1007.21,0,0,MANUAL,1,1,1,
2026-09-27 02:47:50,brain,8425000,30.60,81.10,1007.25,31.01,71.25,1007.17,0,0,MANUAL,1,1,1,
2026-09-27 02:47:51,brain,8426000,30.59,81.07,1007.27,31.01,71.09,1007.17,0,0,MANUAL,1,1,1,
2026-09-27 02:47:52,brain,8427000,30.61,81.18,1007.33,31.02,71.05,1007.16,0,0,MANUAL,1,1,1,
2026-09-27 02:47:53,brain,8428000,30.60,81.54,1007.28,31.02,70.97,1007.22,0,0,MANUAL,1,1,1,
2026-09-27 02:47:54,brain,8429000,30.60,81.61,1007.34,31.03,70.96,1007.20,0,0,MANUAL,1,1,1,
2026-09-27 02:47:55,brain,8430000,30.60,81.57,1007.26,31.03,70.95,1007.17,0,0,MANUAL,1,1,1,
2026-09-27 02:47:56,brain,8431000,30.59,81.30,1007.27,31.02,70.96,1007.13,0,0,MANUAL,1,1,1,
2026-09-27 02:47:57,brain,8432000,30.61,81.35,1007.32,31.03,71.04,1007.25,0,0,MANUAL,1,1,1,
2026-09-27 02:47:58,brain,8433000,30.61,81.65,1007.35,31.02,71.22,1007.19,0,0,MANUAL,1,1,1,
2026-09-27 02:47:59,brain,8434000,30.61,81.75,1007.35,31.03,71.03,1007.14,0,0,MANUAL,1,1,1,
2026-09-27 02:48:00,brain,8435000,30.61,81.65,1007.28,31.03,70.90,1007.14,0,0,MANUAL,1,1,1,
2026-09-27 02:48:01,brain,8436000,30.60,81.69,1007.26,31.04,70.98,1007.19,0,0,MANUAL,1,1,1,
2026-09-27 02:48:02,brain,8437000,30.60,82.04,1007.29,31.04,71.01,1007.17,0,0,MANUAL,1,1,1,
2026-09-27 02:48:03,brain,8438000,30.60,81.89,1007.29,31.04,70.98,1007.19,0,0,MANUAL,1,1,1,
2026-09-27 02:48:04,brain,8439000,30.61,81.77,1007.27,31.03,70.93,1007.21,0,0,MANUAL,1,1,1,
2026-09-27 02:48:05,brain,8440000,30.61,81.94,1007.32,31.04,71.01,1007.19,0,0,MANUAL,1,1,1,
2026-09-27 02:48:06,brain,8441000,30.61,82.14,1007.30,31.03,70.98,1007.15,0,0,MANUAL,1,1,1,
2026-09-27 02:48:07,brain,8442000,30.61,81.84,1007.32,31.04,71.03,1007.19,0,0,MANUAL,1,1,1,
2026-09-27 02:48:08,brain,8443000,30.62,82.23,1007.34,31.04,70.81,1007.17,0,0,MANUAL,1,1,1,
2026-09-27 02:48:09,brain,8444000,30.61,81.89,1007.32,31.05,70.95,1007.23,0,0,MANUAL,1,1,1,
2026-09-27 02:48:10,brain,8445000,30.61,81.86,1007.33,31.04,70.98,1007.22,0,0,MANUAL,1,1,1,
2026-09-27 02:48:11,brain,8446000,30.61,81.99,1007.28,31.04,70.96,1007.13,0,0,MANUAL,1,1,1,
2026-09-27 02:48:12,brain,8447000,30.60,81.99,1007.23,31.05,71.05,1007.17,0,0,MANUAL,1,1,1,
2026-09-27 02:48:13,brain,8448000,30.60,81.71,1007.32,31.05,70.94,1007.18,0,0,MANUAL,1,1,1,
2026-09-27 02:48:14,brain,8449000,30.60,81.72,1007.32,31.05,70.89,1007.20,0,0,MANUAL,1,1,1,
2026-09-27 02:48:15,brain,8450000,30.61,81.75,1007.29,31.05,70.99,1007.23,0,0,MANUAL,1,1,1,
2026-09-27 02:48:16,brain,8451000,30.60,81.95,1007.29,31.05,70.95,1007.17,0,0,MANUAL,1,1,1,
2026-09-27 02:48:17,brain,8452000,30.61,81.87,1007.33,31.05,70.89,1007.23,0,0,MANUAL,1,1,1,
2026-09-27 02:48:18,brain,8453000,30.61,82.02,1007.29,31.04,70.88,1007.19,0,0,MANUAL,1,1,1,
2026-09-27 02:48:19,brain,8454000,30.61,81.83,1007.29,31.05,70.91,1007.21,0,0,MANUAL,1,1,1,
2026-09-27 02:48:20,brain,8455000,30.61,81.69,1007.32,31.04,70.86,1007.19,0,0,MANUAL,1,1,1,
2026-09-27 02:48:21,brain,8456000,30.61,81.25,1007.29,31.04,70.95,1007.19,0,0,MANUAL,1,1,1,
2026-09-27 02:48:22,brain,8457000,30.60,80.73,1007.31,31.04,70.98,1007.19,0,0,MANUAL,1,1,1,
2026-09-27 02:48:23,brain,8458000,30.59,80.71,1007.30,31.04,70.88,1007.27,0,0,MANUAL,1,1,1,
2026-09-27 02:48:24,brain,8459000,30.60,80.59,1007.28,31.05,71.03,1007.23,0,0,MANUAL,1,1,1,
2026-09-27 02:48:25,brain,8460000,30.59,80.39,1007.33,31.04,70.88,1007.19,0,0,MANUAL,1,1,1,
2026-09-27 02:48:26,brain,8461000,30.60,80.21,1007.29,31.04,70.98,1007.17,0,0,MANUAL,1,1,1,
2026-09-27 02:48:27,brain,8462000,30.58,80.21,1007.26,31.04,70.99,1007.21,0,0,MANUAL,1,1,1,
2026-09-27 02:48:28,brain,8463000,30.58,80.10,1007.29,31.04,70.85,1007.21,0,0,MANUAL,1,1,1,
2026-09-27 02:48:29,brain,8464000,30.59,80.62,1007.38,31.03,71.22,1007.21,0,0,MANUAL,1,1,1,
2026-09-27 02:48:30,brain,8465000,30.58,80.67,1007.26,31.02,71.04,1007.13,0,0,MANUAL,1,1,1,
2026-09-27 02:48:31,brain,8466000,30.59,80.88,1007.33,31.02,71.01,1007.25,0,0,MANUAL,1,1,1,
2026-09-27 02:48:32,brain,8467000,30.58,80.88,1007.26,31.02,70.94,1007.19,0,0,MANUAL,1,1,1,
2026-09-27 02:48:33,brain,8468000,30.59,80.85,1007.30,31.03,70.99,1007.14,0,0,MANUAL,1,1,1,
2026-09-27 02:48:34,brain,8469000,30.60,80.97,1007.36,31.03,71.16,1007.20,0,0,MANUAL,1,1,1,
2026-09-27 02:48:35,brain,8470000,30.60,81.10,1007.25,31.02,70.95,1007.22,0,0,MANUAL,1,1,1,
2026-09-27 02:48:36,brain,8471000,30.60,81.53,1007.28,31.03,71.13,1007.23,0,0,MANUAL,1,1,1,
2026-09-27 02:48:37,brain,8472000,30.59,81.52,1007.27,31.03,70.96,1007.21,0,0,MANUAL,1,1,1,
2026-09-27 02:48:38,brain,8473000,30.60,81.60,1007.29,31.03,71.01,1007.17,0,0,MANUAL,1,1,1,
2026-09-27 02:48:39,brain,8474000,30.60,81.45,1007.31,31.02,71.01,1007.25,0,0,MANUAL,1,1,1,
2026-09-27 02:48:40,brain,8475000,30.60,81.76,1007.31,31.04,70.94,1007.19,0,0,MANUAL,1,1,1,
2026-09-27 02:48:41,brain,8476000,30.59,81.34,1007.27,31.03,70.89,1007.21,0,0,MANUAL,1,1,1,
2026-09-27 02:48:42,brain,8477000,30.60,81.01,1007.28,31.03,71.14,1007.20,0,0,MANUAL,1,1,1,
2026-09-27 02:48:43,brain,8478000,30.59,81.23,1007.33,31.03,71.32,1007.23,0,0,MANUAL,1,1,1,
2026-09-27 02:48:44,brain,8479000,30.60,81.03,1007.25,31.03,71.27,1007.15,0,0,MANUAL,1,1,1,
2026-09-27 02:48:45,brain,8480000,30.60,80.98,1007.31,31.03,71.36,1007.15,0,0,MANUAL,1,1,1,
2026-09-27 02:48:46,brain,8481000,30.61,81.42,1007.27,31.04,71.13,1007.16,0,0,MANUAL,1,1,1,
2026-09-27 02:48:47,brain,8482000,30.61,81.17,1007.29,31.05,71.01,1007.26,0,0,MANUAL,1,1,1,
2026-09-27 02:48:48,brain,8483000,30.58,81.03,1007.26,31.04,70.91,1007.11,0,0,MANUAL,1,1,1,
2026-09-27 02:48:49,brain,8484000,30.60,80.98,1007.28,31.03,70.83,1007.18,0,0,MANUAL,1,1,1,
2026-09-27 02:48:50,brain,8485000,30.60,81.19,1007.34,31.03,70.94,1007.18,0,0,MANUAL,1,1,1,
2026-09-27 02:48:51,brain,8486000,30.60,81.22,1007.29,31.03,70.99,1007.17,0,0,MANUAL,1,1,1,
2026-09-27 02:48:52,brain,8487000,30.60,81.60,1007.31,31.04,70.95,1007.16,0,0,MANUAL,1,1,1,
2026-09-27 02:48:53,brain,8488000,30.60,81.38,1007.32,31.04,70.84,1007.16,0,0,MANUAL,1,1,1,
2026-09-27 02:48:54,brain,8489000,30.61,81.23,1007.35,31.03,70.90,1007.17,0,0,MANUAL,1,1,1,
2026-09-27 02:48:55,brain,8490000,30.61,81.27,1007.29,31.03,70.84,1007.26,0,0,MANUAL,1,1,1,
2026-09-27 02:48:56,brain,8491000,30.60,81.04,1007.31,31.03,70.84,1007.21,0,0,MANUAL,1,1,1,
2026-09-27 02:48:57,brain,8492000,30.60,80.75,1007.28,31.04,70.94,1007.19,0,0,MANUAL,1,1,1,
2026-09-27 02:48:58,brain,8493000,30.60,80.79,1007.36,31.04,70.98,1007.17,0,0,MANUAL,1,1,1,
2026-09-27 02:48:59,brain,8494000,30.60,80.85,1007.28,31.04,70.90,1007.22,0,0,MANUAL,1,1,1,
2026-09-27 02:49:00,brain,8495000,30.60,80.88,1007.32,31.03,70.87,1007.23,0,0,MANUAL,1,1,1,
2026-09-27 02:49:01,brain,8496000,30.59,80.90,1007.30,31.03,71.01,1007.21,0,0,MANUAL,1,1,1,
2026-09-27 02:49:02,brain,8497000,30.60,80.94,1007.23,31.04,71.12,1007.19,0,0,MANUAL,1,1,1,
2026-09-27 02:49:03,brain,8498000,30.60,80.94,1007.22,31.03,70.87,1007.23,0,0,MANUAL,1,1,1,
2026-09-27 02:49:04,brain,8499000,30.60,81.19,1007.34,31.03,71.02,1007.23,0,0,MANUAL,1,1,1,
2026-09-27 02:49:05,brain,8500000,30.60,81.25,1007.28,31.03,70.92,1007.21,0,0,MANUAL,1,1,1,
2026-09-27 02:49:06,brain,8501000,30.60,81.11,1007.34,31.03,71.00,1007.18,0,0,MANUAL,1,1,1,
2026-09-27 02:49:07,brain,8502000,30.60,81.29,1007.29,31.03,70.89,1007.23,0,0,MANUAL,1,1,1,
2026-09-27 02:49:08,brain,8503000,30.59,81.17,1007.30,31.03,70.97,1007.21,0,0,MANUAL,1,1,1,
2026-09-27 02:49:09,brain,8504000,30.60,81.46,1007.25,31.04,71.20,1007.16,0,0,MANUAL,1,1,1,
2026-09-27 02:49:10,brain,8505000,30.60,81.51,1007.34,31.03,70.98,1007.21,0,0,MANUAL,1,1,1,
2026-09-27 02:49:11,brain,8506000,30.60,81.19,1007.31,31.04,70.92,1007.22,0,0,MANUAL,1,1,1,
2026-09-27 02:49:12,brain,8507000,30.60,81.43,1007.32,31.03,71.00,1007.23,0,0,MANUAL,1,1,1,
2026-09-27 02:49:13,brain,8508000,30.60,81.21,1007.29,31.03,70.85,1007.18,0,0,MANUAL,1,1,1,
2026-09-27 02:49:14,brain,8509000,30.59,81.21,1007.27,31.03,70.92,1007.21,0,0,MANUAL,1,1,1,
2026-09-27 02:49:15,brain,8510000,30.60,80.96,1007.28,31.03,71.01,1007.18,0,0,MANUAL,1,1,1,
2026-09-27 02:49:16,brain,8511000,30.60,80.96,1007.28,31.03,71.27,1007.18,0,0,MANUAL,1,1,1,
2026-09-27 02:49:17,brain,8512000,30.60,80.97,1007.32,31.03,70.88,1007.14,0,0,MANUAL,1,1,1,
2026-09-27 02:49:18,brain,8513000,30.60,80.98,1007.25,31.03,70.89,1007.18,0,0,MANUAL,1,1,1,
2026-09-27 02:49:19,brain,8514000,30.60,81.09,1007.25,31.04,71.40,1007.16,0,0,MANUAL,1,1,1,
2026-09-27 02:49:20,brain,8515000,30.60,81.43,1007.28,31.03,70.94,1007.21,0,0,MANUAL,1,1,1,
2026-09-27 02:49:21,brain,8516000,30.59,80.73,1007.33,31.04,71.07,1007.13,0,0,MANUAL,1,1,1,
2026-09-27 02:49:22,brain,8517000,30.58,80.62,1007.26,31.04,70.88,1007.21,0,0,MANUAL,1,1,1,
2026-09-27 02:49:23,brain,8518000,30.60,80.97,1007.34,31.03,71.05,1007.18,0,0,MANUAL,1,1,1,
2026-09-27 02:49:24,brain,8519000,30.60,80.74,1007.32,31.03,70.96,1007.11,0,0,MANUAL,1,1,1,
2026-09-27 02:49:25,brain,8520000,30.60,80.82,1007.34,31.02,70.93,1007.13,0,0,MANUAL,1,1,1,
2026-09-27 02:49:26,brain,8521000,30.61,80.79,1007.27,31.03,71.04,1007.20,0,0,MANUAL,1,1,1,
2026-09-27 02:49:27,brain,8522000,30.60,80.86,1007.28,31.03,70.83,1007.18,0,0,MANUAL,1,1,1,
2026-09-27 02:49:28,brain,8523000,30.60,81.07,1007.29,31.03,70.87,1007.15,0,0,MANUAL,1,1,1,
2026-09-27 02:49:29,brain,8524000,30.61,81.39,1007.29,31.04,70.90,1007.19,0,0,MANUAL,1,1,1,
2026-09-27 02:49:30,brain,8525000,30.61,81.20,1007.24,31.04,71.00,1007.21,0,0,MANUAL,1,1,1,
2026-09-27 02:49:31,brain,8526000,30.58,80.76,1007.32,31.04,70.96,1007.19,0,0,MANUAL,1,1,1,
2026-09-27 02:49:32,brain,8527000,30.60,80.60,1007.29,31.03,70.93,1007.15,0,0,MANUAL,1,1,1,
2026-09-27 02:49:33,brain,8528000,30.60,80.95,1007.25,31.04,71.04,1007.19,0,0,MANUAL,1,1,1,
2026-09-27 02:49:34,brain,8529000,30.60,80.99,1007.28,31.03,70.98,1007.21,0,0,MANUAL,1,1,1,
2026-09-27 02:49:35,brain,8530000,30.58,80.74,1007.29,31.03,70.95,1007.18,0,0,MANUAL,1,1,1,
2026-09-27 02:49:36,brain,8531000,30.60,80.85,1007.28,31.04,71.02,1007.17,0,0,MANUAL,1,1,1,
2026-09-27 02:49:37,brain,8532000,30.60,81.05,1007.28,31.03,71.01,1007.18,0,0,MANUAL,1,1,1,
2026-09-27 02:49:38,brain,8533000,30.61,81.10,1007.35,31.03,70.89,1007.23,0,0,MANUAL,1,1,1,
2026-09-27 02:49:39,brain,8534000,30.61,81.54,1007.32,31.03,70.72,1007.23,0,0,MANUAL,1,1,1,
2026-09-27 02:49:40,brain,8535000,30.60,81.54,1007.34,31.02,70.86,1007.13,0,0,MANUAL,1,1,1,
2026-09-27 02:49:41,brain,8536000,30.60,81.77,1007.29,31.04,70.90,1007.21,0,0,MANUAL,1,1,1,
2026-09-27 02:49:42,brain,8537000,30.59,81.38,1007.33,31.03,70.96,1007.20,0,0,MANUAL,1,1,1,
2026-09-27 02:49:43,brain,8538000,30.61,81.30,1007.32,31.03,71.20,1007.15,0,0,MANUAL,1,1,1,
2026-09-27 02:49:44,brain,8539000,30.60,81.42,1007.34,31.03,70.94,1007.18,0,0,MANUAL,1,1,1,
2026-09-27 02:49:45,brain,8540000,30.60,81.19,1007.31,31.04,71.03,1007.16,0,0,MANUAL,1,1,1,
2026-09-27 02:49:46,brain,8541000,30.60,81.25,1007.31,31.04,70.84,1007.16,0,0,MANUAL,1,1,1,
2026-09-27 02:49:47,brain,8542000,30.60,81.57,1007.26,31.04,71.02,1007.16,0,0,MANUAL,1,1,1,
2026-09-27 02:49:48,brain,8543000,30.60,81.58,1007.31,31.04,70.89,1007.17,0,0,MANUAL,1,1,1,
2026-09-27 02:49:49,brain,8544000,30.60,81.68,1007.26,31.04,70.82,1007.17,0,0,MANUAL,1,1,1,
2026-09-27 02:49:50,brain,8545000,30.60,81.84,1007.34,31.04,70.85,1007.17,0,0,MANUAL,1,1,1,
2026-09-27 02:49:51,brain,8546000,30.60,81.81,1007.29,31.04,70.84,1007.13,0,0,MANUAL,1,1,1,
2026-09-27 02:49:52,brain,8547000,30.61,81.98,1007.32,31.05,70.84,1007.20,0,0,MANUAL,1,1,1,
2026-09-27 02:49:53,brain,8548000,30.60,81.39,1007.26,31.04,70.85,1007.16,0,0,MANUAL,1,1,1,
2026-09-27 02:49:54,brain,8549000,30.61,81.53,1007.27,31.05,70.93,1007.20,0,0,MANUAL,1,1,1,
2026-09-27 02:49:55,brain,8550000,30.60,81.27,1007.34,31.04,70.94,1007.22,0,0,MANUAL,1,1,1,
2026-09-27 02:49:56,brain,8551000,30.59,80.84,1007.27,31.05,70.91,1007.17,0,0,MANUAL,1,1,1,
2026-09-27 02:49:57,brain,8552000,30.60,80.89,1007.31,31.04,70.83,1007.16,0,0,MANUAL,1,1,1,
2026-09-27 02:49:58,brain,8553000,30.59,80.72,1007.27,31.04,71.09,1007.19,0,0,MANUAL,1,1,1,
2026-09-27 02:49:59,brain,8554000,30.60,80.77,1007.22,31.05,71.00,1007.15,0,0,MANUAL,1,1,1,
2026-09-27 02:50:00,brain,8555000,30.59,81.00,1007.33,31.04,71.09,1007.17,0,0,MANUAL,1,1,1,
2026-09-27 02:50:01,brain,8556000,30.59,80.85,1007.30,31.05,70.81,1007.17,0,0,MANUAL,1,1,1,
2026-09-27 02:50:02,brain,8557000,30.60,81.25,1007.32,31.04,71.29,1007.16,0,0,MANUAL,1,1,1,
2026-09-27 02:50:03,brain,8558000,30.60,81.43,1007.26,31.04,70.83,1007.14,0,0,MANUAL,1,1,1,
2026-09-27 02:50:04,brain,8559000,30.60,81.27,1007.32,31.04,70.93,1007.19,0,0,MANUAL,1,1,1,
2026-09-27 02:50:05,brain,8560000,30.60,81.64,1007.26,31.04,71.15,1007.19,0,0,MANUAL,1,1,1,
2026-09-27 02:50:06,brain,8561000,30.60,81.47,1007.26,31.04,70.82,1007.19,0,0,MANUAL,1,1,1,
2026-09-27 02:50:07,brain,8562000,30.60,81.74,1007.32,31.05,70.82,1007.20,0,0,MANUAL,1,1,1,
2026-09-27 02:50:08,brain,8563000,30.60,81.51,1007.34,31.04,71.05,1007.25,0,0,MANUAL,1,1,1,
2026-09-27 02:50:09,brain,8564000,30.60,81.87,1007.23,31.05,70.91,1007.20,0,0,MANUAL,1,1,1,
2026-09-27 02:50:10,brain,8565000,30.61,81.83,1007.27,31.03,70.80,1007.18,0,0,MANUAL,1,1,1,
2026-09-27 02:50:27,brain,,,,,,,,,,,,,,sensor IN found at 0x76
2026-09-27 02:50:27,brain,,,,,,,,,,,,,,sensor OUT found at 0x77
2026-09-27 02:50:27,brain,,,,,,,,,,,,,,"S,mode=OFF,lo=75.0,hi=90.0,max=300,cool=180,man=400,use=A,period=1,in=bad,out=bad,tank=ok,mistA=0,mistB=0"
2026-09-27 02:50:28,brain,,,,,,,,,,,,,,sensor IN reading OK
2026-09-27 02:50:28,brain,,,,,,,,,,,,,,sensor OUT reading OK
2026-09-27 02:50:28,brain,1000,30.64,81.28,1007.32,31.08,71.20,1007.17,0,0,OFF,1,1,1,
2026-09-27 02:50:28,brain,,,,,,,,,,,,,,"S,mode=OFF,lo=75.0,hi=90.0,max=300,cool=180,man=400,use=A,period=1,in=ok,out=ok,tank=ok,mistA=0,mistB=0"
2026-09-27 02:50:28,brain,,,,,,,,,,,,,,mode MANUAL
2026-09-27 02:50:29,brain,2000,30.60,81.55,1007.26,31.04,70.81,1007.19,0,0,MANUAL,1,1,1,
2026-09-27 02:50:30,brain,3000,30.60,81.58,1007.29,31.03,70.77,1007.18,0,0,MANUAL,1,1,1,
2026-09-27 02:50:31,brain,4000,30.60,81.55,1007.32,31.03,70.95,1007.18,0,0,MANUAL,1,1,1,
2026-09-27 02:50:32,brain,5000,30.60,81.43,1007.29,31.03,70.91,1007.18,0,0,MANUAL,1,1,1,
2026-09-27 02:50:33,brain,6000,30.60,81.85,1007.32,31.04,71.27,1007.17,0,0,MANUAL,1,1,1,
2026-09-27 02:50:34,brain,7000,30.61,81.97,1007.25,31.04,70.87,1007.19,0,0,MANUAL,1,1,1,
2026-09-27 02:50:35,brain,8000,30.61,82.01,1007.28,31.04,70.83,1007.16,0,0,MANUAL,1,1,1,
2026-09-27 02:50:36,brain,9000,30.61,81.81,1007.24,31.04,70.85,1007.19,0,0,MANUAL,1,1,1,
2026-09-27 02:50:37,brain,10000,30.60,81.84,1007.29,31.05,70.85,1007.20,0,0,MANUAL,1,1,1,
2026-09-27 02:50:38,brain,11000,30.60,81.94,1007.29,31.04,70.85,1007.22,0,0,MANUAL,1,1,1,
2026-09-27 02:50:39,brain,12000,30.61,81.96,1007.29,31.05,70.89,1007.20,0,0,MANUAL,1,1,1,
2026-09-27 02:50:40,brain,13000,30.61,82.01,1007.27,31.04,70.86,1007.16,0,0,MANUAL,1,1,1,
2026-09-27 02:50:41,brain,14000,30.59,81.53,1007.24,31.04,70.77,1007.19,0,0,MANUAL,1,1,1,
2026-09-27 02:50:42,brain,15000,30.59,81.22,1007.27,31.04,71.19,1007.16,0,0,MANUAL,1,1,1,
2026-09-27 02:50:43,brain,16000,30.59,80.94,1007.27,31.03,70.97,1007.21,0,0,MANUAL,1,1,1,
2026-09-27 02:50:44,brain,17000,30.60,80.95,1007.31,31.03,70.96,1007.21,0,0,MANUAL,1,1,1,
2026-09-27 02:50:45,brain,18000,30.59,81.12,1007.30,31.03,71.17,1007.20,0,0,MANUAL,1,1,1,
2026-09-27 02:50:46,brain,19000,30.60,81.05,1007.34,31.03,70.83,1007.17,0,0,MANUAL,1,1,1,
2026-09-27 02:50:47,brain,20000,30.60,81.14,1007.25,31.03,70.79,1007.18,0,0,MANUAL,1,1,1,
2026-09-27 02:50:48,brain,21000,30.60,81.03,1007.34,31.03,70.92,1007.20,0,0,MANUAL,1,1,1,
2026-09-27 02:50:49,brain,22000,30.60,81.14,1007.28,31.03,70.97,1007.14,0,0,MANUAL,1,1,1,
2026-09-27 02:50:50,brain,23000,30.60,81.12,1007.31,31.02,70.84,1007.15,0,0,MANUAL,1,1,1,
2026-09-27 02:50:51,brain,24000,30.60,81.55,1007.25,31.02,70.85,1007.13,0,0,MANUAL,1,1,1,
2026-09-27 02:50:52,brain,25000,30.60,81.42,1007.31,31.02,70.89,1007.18,0,0,MANUAL,1,1,1,
2026-09-27 02:50:53,brain,26000,30.60,81.66,1007.25,31.01,70.86,1007.12,0,0,MANUAL,1,1,1,
2026-09-27 02:50:54,brain,27000,30.60,81.46,1007.28,31.02,70.94,1007.18,0,0,MANUAL,1,1,1,
2026-09-27 02:50:55,brain,28000,30.60,81.44,1007.22,31.01,70.87,1007.17,0,0,MANUAL,1,1,1,
2026-09-27 02:50:56,brain,29000,30.60,81.03,1007.28,31.02,71.21,1007.18,0,0,MANUAL,1,1,1,
2026-09-27 02:50:57,brain,30000,30.60,81.29,1007.28,31.02,70.87,1007.21,0,0,MANUAL,1,1,1,
2026-09-27 02:50:58,brain,31000,30.59,81.28,1007.27,31.02,70.80,1007.18,0,0,MANUAL,1,1,1,
2026-09-27 02:50:59,brain,32000,30.60,81.20,1007.23,31.02,70.88,1007.24,0,0,MANUAL,1,1,1,
2026-09-27 02:51:00,brain,33000,30.61,81.38,1007.29,31.02,70.94,1007.19,0,0,MANUAL,1,1,1,
2026-09-27 02:51:01,brain,34000,30.59,81.50,1007.33,31.02,71.11,1007.18,0,0,MANUAL,1,1,1,
2026-09-27 02:51:02,brain,35000,30.60,81.79,1007.31,31.01,71.06,1007.20,0,0,MANUAL,1,1,1,
2026-09-27 02:51:03,brain,36000,30.60,81.81,1007.28,31.02,71.23,1007.24,0,0,MANUAL,1,1,1,
2026-09-27 02:51:04,brain,37000,30.60,81.49,1007.31,31.02,70.95,1007.22,0,0,MANUAL,1,1,1,
2026-09-27 02:51:05,brain,38000,30.60,81.65,1007.28,31.02,71.02,1007.25,0,0,MANUAL,1,1,1,
2026-09-27 02:51:06,brain,39000,30.60,81.50,1007.29,31.03,70.80,1007.21,0,0,MANUAL,1,1,1,
2026-09-27 02:51:07,brain,40000,30.60,81.10,1007.28,31.03,71.30,1007.20,0,0,MANUAL,1,1,1,
2026-09-27 02:51:08,brain,41000,30.60,81.16,1007.31,31.02,70.96,1007.25,0,0,MANUAL,1,1,1,
2026-09-27 02:51:09,brain,42000,30.59,81.24,1007.30,31.03,71.38,1007.15,0,0,MANUAL,1,1,1,
2026-09-27 02:51:10,brain,43000,30.60,81.14,1007.34,31.02,70.85,1007.11,0,0,MANUAL,1,1,1,
2026-09-27 02:51:11,brain,44000,30.60,81.60,1007.28,31.02,70.96,1007.16,0,0,MANUAL,1,1,1,
2026-09-27 02:51:12,brain,45000,30.61,81.64,1007.32,31.02,71.13,1007.16,0,0,MANUAL,1,1,1,
2026-09-27 02:51:13,brain,46000,30.60,81.76,1007.29,31.03,70.85,1007.20,0,0,MANUAL,1,1,1,
2026-09-27 02:51:14,brain,47000,30.60,81.74,1007.32,31.03,70.90,1007.20,0,0,MANUAL,1,1,1,
2026-09-27 02:51:15,brain,48000,30.60,81.94,1007.26,31.02,70.94,1007.15,0,0,MANUAL,1,1,1,
2026-09-27 02:51:16,brain,49000,30.60,81.94,1007.28,31.02,70.94,1007.16,0,0,MANUAL,1,1,1,
2026-09-27 02:51:17,brain,50000,30.60,81.84,1007.26,31.04,70.82,1007.16,0,0,MANUAL,1,1,1,
2026-09-27 02:51:18,brain,51000,30.61,82.01,1007.24,31.03,71.15,1007.15,0,0,MANUAL,1,1,1,
2026-09-27 02:51:19,brain,52000,30.62,82.03,1007.28,31.03,70.92,1007.18,0,0,MANUAL,1,1,1,
2026-09-27 02:51:20,brain,53000,30.61,82.31,1007.35,31.04,70.83,1007.19,0,0,MANUAL,1,1,1,
2026-09-27 02:51:21,brain,54000,30.61,82.23,1007.29,31.03,71.06,1007.12,0,0,MANUAL,1,1,1,
2026-09-27 02:51:22,brain,55000,30.61,82.12,1007.33,31.03,70.96,1007.21,0,0,MANUAL,1,1,1,
2026-09-27 02:51:23,brain,56000,30.61,82.40,1007.30,31.04,70.82,1007.19,0,0,MANUAL,1,1,1,
2026-09-27 02:51:24,brain,57000,30.61,82.32,1007.33,31.04,70.85,1007.25,0,0,MANUAL,1,1,1,
2026-09-27 02:51:25,brain,58000,30.61,82.44,1007.29,31.04,71.33,1007.19,0,0,MANUAL,1,1,1,
2026-09-27 02:51:26,brain,59000,30.60,82.52,1007.29,31.04,70.88,1007.17,0,0,MANUAL,1,1,1,
2026-09-27 02:51:27,brain,60000,30.60,82.26,1007.26,31.04,71.31,1007.10,0,0,MANUAL,1,1,1,
2026-09-27 02:51:28,brain,61000,30.61,82.36,1007.29,31.05,71.00,1007.17,0,0,MANUAL,1,1,1,
2026-09-27 02:51:29,brain,62000,30.61,82.43,1007.33,31.05,70.95,1007.24,0,0,MANUAL,1,1,1,
2026-09-27 02:51:30,brain,63000,30.61,82.44,1007.32,31.05,70.83,1007.21,0,0,MANUAL,1,1,1,
2026-09-27 02:51:31,brain,64000,30.61,82.17,1007.29,31.05,70.91,1007.21,0,0,MANUAL,1,1,1,
2026-09-27 02:51:32,brain,65000,30.62,82.27,1007.31,31.05,70.93,1007.15,0,0,MANUAL,1,1,1,
2026-09-27 02:51:33,brain,66000,30.61,82.40,1007.35,31.05,70.96,1007.15,0,0,MANUAL,1,1,1,
2026-09-27 02:51:34,brain,67000,30.61,82.55,1007.25,31.05,70.90,1007.21,0,0,MANUAL,1,1,1,
2026-09-27 02:51:35,brain,68000,30.62,82.39,1007.28,31.06,70.93,1007.19,0,0,MANUAL,1,1,1,
2026-09-27 02:51:36,brain,69000,30.61,82.25,1007.30,31.05,70.86,1007.18,0,0,MANUAL,1,1,1,
2026-09-27 02:51:37,brain,70000,30.61,82.29,1007.33,31.06,70.81,1007.19,0,0,MANUAL,1,1,1,
2026-09-27 02:51:38,brain,71000,30.61,82.37,1007.29,31.06,71.01,1007.16,0,0,MANUAL,1,1,1,
2026-09-27 02:51:39,brain,72000,30.61,82.29,1007.30,31.05,70.92,1007.18,0,0,MANUAL,1,1,1,
2026-09-27 02:51:40,brain,73000,30.60,82.47,1007.32,31.06,70.81,1007.17,0,0,MANUAL,1,1,1,
2026-09-27 02:51:41,brain,74000,30.62,82.20,1007.31,31.05,70.83,1007.18,0,0,MANUAL,1,1,1,
2026-09-27 02:51:42,brain,75000,30.61,82.56,1007.28,31.06,71.08,1007.19,0,0,MANUAL,1,1,1,
2026-09-27 02:51:43,brain,76000,30.61,82.21,1007.30,31.06,70.90,1007.13,0,0,MANUAL,1,1,1,
2026-09-27 02:51:44,brain,77000,30.61,82.49,1007.29,31.06,70.82,1007.20,0,0,MANUAL,1,1,1,
2026-09-27 02:51:45,brain,78000,30.62,82.25,1007.28,31.06,70.91,1007.17,0,0,MANUAL,1,1,1,
2026-09-27 02:51:46,brain,79000,30.61,82.22,1007.30,31.06,70.83,1007.17,0,0,MANUAL,1,1,1,
2026-09-27 02:51:47,brain,80000,30.61,82.23,1007.29,31.06,70.92,1007.13,0,0,MANUAL,1,1,1,
2026-09-27 02:51:48,brain,81000,30.61,82.34,1007.29,31.06,70.75,1007.23,0,0,MANUAL,1,1,1,
2026-09-27 02:51:49,brain,82000,30.62,82.30,1007.28,31.07,70.81,1007.16,0,0,MANUAL,1,1,1,
2026-09-27 02:51:50,brain,83000,30.62,82.39,1007.31,31.07,70.84,1007.18,0,0,MANUAL,1,1,1,
2026-09-27 02:51:51,brain,84000,30.61,82.33,1007.24,31.07,70.85,1007.15,0,0,MANUAL,1,1,1,
2026-09-27 02:51:52,brain,85000,30.61,82.59,1007.32,31.07,70.82,1007.15,0,0,MANUAL,1,1,1,
2026-09-27 02:51:53,brain,86000,30.61,82.56,1007.33,31.07,70.81,1007.13,0,0,MANUAL,1,1,1,
2026-09-27 02:51:54,brain,87000,30.61,82.40,1007.24,31.07,70.76,1007.16,0,0,MANUAL,1,1,1,
2026-09-27 02:51:55,brain,88000,30.61,82.19,1007.30,31.07,70.99,1007.16,0,0,MANUAL,1,1,1,
2026-09-27 02:51:56,brain,89000,30.61,82.45,1007.30,31.08,70.82,1007.12,0,0,MANUAL,1,1,1,
2026-09-27 02:51:57,brain,90000,30.61,82.25,1007.28,31.09,70.77,1007.18,0,0,MANUAL,1,1,1,
2026-09-27 02:51:58,brain,91000,30.61,82.63,1007.33,31.09,70.91,1007.21,0,0,MANUAL,1,1,1,
2026-09-27 02:51:59,brain,92000,30.62,82.31,1007.25,31.09,70.86,1007.21,0,0,MANUAL,1,1,1,
2026-09-27 02:52:00,brain,93000,30.61,82.33,1007.28,31.09,70.77,1007.14,0,0,MANUAL,1,1,1,
2026-09-27 02:52:01,brain,94000,30.61,82.64,1007.28,31.09,70.85,1007.13,0,0,MANUAL,1,1,1,
2026-09-27 02:52:02,brain,95000,30.61,82.65,1007.39,31.09,70.80,1007.25,0,0,MANUAL,1,1,1,
2026-09-27 02:52:03,brain,96000,30.61,82.39,1007.33,31.08,70.76,1007.12,0,0,MANUAL,1,1,1,
2026-09-27 02:52:04,brain,97000,30.61,82.39,1007.28,31.09,70.80,1007.19,0,0,MANUAL,1,1,1,
2026-09-27 02:52:05,brain,98000,30.61,82.43,1007.30,31.09,70.83,1007.22,0,0,MANUAL,1,1,1,
2026-09-27 02:52:06,brain,99000,30.61,82.39,1007.22,31.10,70.84,1007.15,0,0,MANUAL,1,1,1,
2026-09-27 02:52:07,brain,100000,30.61,82.36,1007.27,31.09,70.65,1007.16,0,0,MANUAL,1,1,1,
2026-09-27 02:52:08,brain,101000,30.62,82.70,1007.32,31.09,70.93,1007.19,0,0,MANUAL,1,1,1,
2026-09-27 02:52:09,brain,102000,30.61,82.41,1007.29,31.10,70.75,1007.17,0,0,MANUAL,1,1,1,
2026-09-27 02:52:10,brain,103000,30.61,82.66,1007.32,31.08,70.71,1007.12,0,0,MANUAL,1,1,1,
2026-09-27 02:52:11,brain,104000,30.61,82.55,1007.32,31.10,70.84,1007.21,0,0,MANUAL,1,1,1,
2026-09-27 02:52:12,brain,105000,30.62,82.41,1007.37,31.10,71.01,1007.14,0,0,MANUAL,1,1,1,
2026-09-27 02:52:13,brain,106000,30.62,82.79,1007.31,31.10,70.69,1007.17,0,0,MANUAL,1,1,1,
2026-09-27 02:52:14,brain,107000,30.61,82.42,1007.35,31.10,70.74,1007.18,0,0,MANUAL,1,1,1,
2026-09-27 02:52:15,brain,108000,30.62,82.43,1007.34,31.10,71.15,1007.20,0,0,MANUAL,1,1,1,
2026-09-27 02:52:16,brain,109000,30.61,81.97,1007.22,31.10,70.93,1007.18,0,0,MANUAL,1,1,1,
2026-09-27 02:52:17,brain,110000,30.61,82.12,1007.30,31.09,70.85,1007.19,0,0,MANUAL,1,1,1,
2026-09-27 02:52:18,brain,111000,30.61,82.14,1007.28,31.10,70.88,1007.20,0,0,MANUAL,1,1,1,
2026-09-27 02:52:19,brain,112000,30.61,81.86,1007.32,31.10,70.76,1007.20,0,0,MANUAL,1,1,1,
2026-09-27 02:52:20,brain,113000,30.61,81.88,1007.29,31.10,70.76,1007.15,0,0,MANUAL,1,1,1,
2026-09-27 02:52:21,brain,114000,30.61,82.05,1007.28,31.10,70.77,1007.14,0,0,MANUAL,1,1,1,
2026-09-27 02:52:22,brain,115000,30.61,81.86,1007.33,31.10,70.85,1007.15,0,0,MANUAL,1,1,1,
2026-09-27 02:52:23,brain,116000,30.61,81.96,1007.28,31.09,70.67,1007.16,0,0,MANUAL,1,1,1,
2026-09-27 02:52:24,brain,117000,30.61,82.00,1007.27,31.11,70.77,1007.16,0,0,MANUAL,1,1,1,
2026-09-27 02:52:25,brain,118000,30.61,82.10,1007.27,31.11,70.94,1007.20,0,0,MANUAL,1,1,1,
2026-09-27 02:52:26,brain,119000,30.61,82.38,1007.27,31.10,70.74,1007.18,0,0,MANUAL,1,1,1,
2026-09-27 02:52:27,brain,120000,30.60,82.09,1007.23,31.11,70.60,1007.27,0,0,MANUAL,1,1,1,
2026-09-27 02:52:28,brain,121000,30.61,82.12,1007.35,31.10,70.68,1007.15,0,0,MANUAL,1,1,1,
2026-09-27 02:52:29,brain,122000,30.62,82.19,1007.34,31.10,70.65,1007.18,0,0,MANUAL,1,1,1,
2026-09-27 02:52:30,brain,123000,30.61,82.29,1007.32,31.11,70.75,1007.19,0,0,MANUAL,1,1,1,
2026-09-27 02:52:31,brain,124000,30.61,82.57,1007.24,31.11,70.69,1007.16,0,0,MANUAL,1,1,1,
2026-09-27 02:52:32,brain,125000,30.61,82.27,1007.28,31.11,70.72,1007.20,0,0,MANUAL,1,1,1,
2026-09-27 02:52:33,brain,126000,30.60,81.81,1007.28,31.11,70.73,1007.16,0,0,MANUAL,1,1,1,
2026-09-27 02:52:34,brain,127000,30.60,81.43,1007.28,31.10,71.06,1007.12,0,0,MANUAL,1,1,1,
2026-09-27 02:52:35,brain,128000,30.61,81.79,1007.29,31.11,70.66,1007.20,0,0,MANUAL,1,1,1,
2026-09-27 02:52:36,brain,129000,30.60,81.60,1007.37,31.11,70.66,1007.20,0,0,MANUAL,1,1,1,
2026-09-27 02:52:37,brain,130000,30.60,81.64,1007.29,31.10,70.75,1007.21,0,0,MANUAL,1,1,1,
2026-09-27 02:52:38,brain,131000,30.60,81.66,1007.28,31.10,70.69,1007.18,0,0,MANUAL,1,1,1,
2026-09-27 02:52:39,brain,132000,30.60,81.27,1007.28,31.10,70.60,1007.21,0,0,MANUAL,1,1,1,
2026-09-27 02:52:40,brain,133000,30.58,81.07,1007.26,31.09,70.97,1007.14,0,0,MANUAL,1,1,1,
2026-09-27 02:52:41,brain,134000,30.59,81.39,1007.36,31.10,70.75,1007.20,0,0,MANUAL,1,1,1,
2026-09-27 02:52:42,brain,135000,30.60,81.29,1007.31,31.10,70.60,1007.14,0,0,MANUAL,1,1,1,
2026-09-27 02:52:43,brain,136000,30.60,81.42,1007.32,31.09,70.90,1007.14,0,0,MANUAL,1,1,1,
2026-09-27 02:52:44,brain,137000,30.60,81.43,1007.26,31.10,70.77,1007.20,0,0,MANUAL,1,1,1,
2026-09-27 02:52:45,brain,138000,30.60,81.60,1007.28,31.10,70.76,1007.21,0,0,MANUAL,1,1,1,
2026-09-27 02:52:46,brain,139000,30.60,81.66,1007.34,31.10,70.65,1007.18,0,0,MANUAL,1,1,1,
2026-09-27 02:52:47,brain,140000,30.60,81.73,1007.25,31.10,70.73,1007.21,0,0,MANUAL,1,1,1,
2026-09-27 02:52:48,brain,141000,30.59,81.92,1007.27,31.10,70.82,1007.21,0,0,MANUAL,1,1,1,
2026-09-27 02:52:49,brain,142000,30.59,81.82,1007.33,31.10,70.65,1007.12,0,0,MANUAL,1,1,1,
2026-09-27 02:52:50,brain,143000,30.60,81.68,1007.31,31.11,70.67,1007.17,0,0,MANUAL,1,1,1,
2026-09-27 02:52:51,brain,144000,30.60,81.76,1007.32,31.10,70.67,1007.14,0,0,MANUAL,1,1,1,
2026-09-27 02:52:52,brain,145000,30.60,81.86,1007.34,31.11,70.68,1007.20,0,0,MANUAL,1,1,1,
2026-09-27 02:52:53,brain,146000,30.60,82.17,1007.29,31.11,70.68,1007.10,0,0,MANUAL,1,1,1,
2026-09-27 02:52:54,brain,147000,30.60,81.94,1007.25,31.11,70.84,1007.20,0,0,MANUAL,1,1,1,
2026-09-27 02:52:55,brain,148000,30.60,81.86,1007.26,31.12,70.88,1007.18,0,0,MANUAL,1,1,1,
2026-09-27 02:52:56,brain,149000,30.60,81.81,1007.34,31.12,70.91,1007.15,0,0,MANUAL,1,1,1,
2026-09-27 02:52:57,brain,150000,30.60,81.91,1007.29,31.12,70.75,1007.18,0,0,MANUAL,1,1,1,
2026-09-27 02:52:58,brain,151000,30.60,82.06,1007.34,31.12,70.68,1007.16,0,0,MANUAL,1,1,1,
2026-09-27 02:52:59,brain,152000,30.60,82.25,1007.26,31.11,70.61,1007.22,0,0,MANUAL,1,1,1,
2026-09-27 02:53:00,brain,153000,30.61,81.99,1007.33,31.12,70.66,1007.20,0,0,MANUAL,1,1,1,
2026-09-27 02:53:01,brain,154000,30.60,82.22,1007.28,31.12,70.60,1007.18,0,0,MANUAL,1,1,1,
2026-09-27 02:53:02,brain,155000,30.61,82.04,1007.30,31.12,71.11,1007.16,0,0,MANUAL,1,1,1,
2026-09-27 02:53:03,brain,156000,30.60,82.30,1007.29,31.11,70.73,1007.22,0,0,MANUAL,1,1,1,
2026-09-27 02:53:04,brain,157000,30.60,82.13,1007.32,31.12,70.68,1007.18,0,0,MANUAL,1,1,1,
2026-09-27 02:53:05,brain,158000,30.61,82.18,1007.32,31.12,70.82,1007.18,0,0,MANUAL,1,1,1,
2026-09-27 02:53:06,brain,159000,30.60,81.65,1007.25,31.12,70.86,1007.16,0,0,MANUAL,1,1,1,
2026-09-27 02:53:07,brain,160000,30.59,81.85,1007.27,31.12,70.66,1007.23,0,0,MANUAL,1,1,1,
2026-09-27 02:53:08,brain,161000,30.60,81.67,1007.32,31.11,70.76,1007.17,0,0,MANUAL,1,1,1,
2026-09-27 02:53:09,brain,162000,30.59,81.55,1007.33,31.12,70.64,1007.16,0,0,MANUAL,1,1,1,
2026-09-27 02:53:10,brain,163000,30.59,81.68,1007.27,31.12,70.64,1007.12,0,0,MANUAL,1,1,1,
2026-09-27 02:53:11,brain,164000,30.60,81.63,1007.25,31.11,70.61,1007.17,0,0,MANUAL,1,1,1,
2026-09-27 02:53:12,brain,165000,30.60,81.80,1007.28,31.11,70.61,1007.17,0,0,MANUAL,1,1,1,
2026-09-27 02:53:13,brain,166000,30.60,81.81,1007.34,31.12,70.65,1007.18,0,0,MANUAL,1,1,1,
2026-09-27 02:53:14,brain,167000,30.59,81.78,1007.30,31.12,70.69,1007.15,0,0,MANUAL,1,1,1,
2026-09-27 02:53:15,brain,168000,30.60,81.78,1007.28,31.12,70.95,1007.18,0,0,MANUAL,1,1,1,
2026-09-27 02:53:16,brain,169000,30.61,81.79,1007.24,31.12,70.68,1007.23,0,0,MANUAL,1,1,1,
2026-09-27 02:53:17,brain,170000,30.60,82.06,1007.34,31.14,70.55,1007.29,0,0,MANUAL,1,1,1,
2026-09-27 02:53:18,brain,171000,30.60,81.85,1007.25,31.13,70.58,1007.19,0,0,MANUAL,1,1,1,
2026-09-27 02:53:19,brain,172000,30.61,82.15,1007.32,31.14,70.53,1007.21,0,0,MANUAL,1,1,1,
2026-09-27 02:53:20,brain,173000,30.60,82.04,1007.29,31.13,70.74,1007.20,0,0,MANUAL,1,1,1,
2026-09-27 02:53:21,brain,174000,30.60,82.07,1007.26,31.12,70.68,1007.24,0,0,MANUAL,1,1,1,
2026-09-27 02:53:22,brain,175000,30.61,82.22,1007.29,31.13,70.82,1007.19,0,0,MANUAL,1,1,1,
2026-09-27 02:53:23,brain,176000,30.60,82.01,1007.34,31.12,70.56,1007.21,0,0,MANUAL,1,1,1,
2026-09-27 02:53:24,brain,177000,30.60,81.65,1007.36,31.13,70.63,1007.20,0,0,MANUAL,1,1,1,
2026-09-27 02:53:25,brain,178000,30.60,81.87,1007.34,31.12,70.59,1007.13,0,0,MANUAL,1,1,1,
2026-09-27 02:53:26,brain,179000,30.60,81.90,1007.31,31.12,70.64,1007.20,0,0,MANUAL,1,1,1,
2026-09-27 02:53:27,brain,180000,30.61,81.73,1007.29,31.12,70.62,1007.18,0,0,MANUAL,1,1,1,
2026-09-27 02:53:28,brain,181000,30.60,81.77,1007.31,31.12,70.69,1007.24,0,0,MANUAL,1,1,1,
2026-09-27 02:53:29,brain,182000,30.60,81.97,1007.26,31.12,70.73,1007.24,0,0,MANUAL,1,1,1,
2026-09-27 02:53:30,brain,183000,30.60,81.99,1007.20,31.14,70.78,1007.26,0,0,MANUAL,1,1,1,
2026-09-27 02:53:31,brain,184000,30.60,82.18,1007.29,31.12,70.64,1007.24,0,0,MANUAL,1,1,1,
2026-09-27 02:53:32,brain,185000,30.61,82.04,1007.29,31.14,70.59,1007.24,0,0,MANUAL,1,1,1,
2026-09-27 02:53:33,brain,186000,30.60,82.30,1007.29,31.14,70.66,1007.21,0,0,MANUAL,1,1,1,
2026-09-27 02:53:34,brain,187000,30.61,82.09,1007.27,31.14,70.65,1007.21,0,0,MANUAL,1,1,1,
2026-09-27 02:53:35,brain,188000,30.61,82.08,1007.29,31.13,70.66,1007.22,0,0,MANUAL,1,1,1,
2026-09-27 02:53:36,brain,189000,30.60,82.12,1007.28,31.14,70.63,1007.19,0,0,MANUAL,1,1,1,
2026-09-27 02:53:37,brain,190000,30.61,82.53,1007.29,31.14,70.70,1007.16,0,0,MANUAL,1,1,1,
2026-09-27 02:53:38,brain,191000,30.61,82.41,1007.24,31.14,70.63,1007.33,0,0,MANUAL,1,1,1,
2026-09-27 02:53:39,brain,192000,30.61,82.20,1007.27,31.14,70.80,1007.22,0,0,MANUAL,1,1,1,
2026-09-27 02:53:40,brain,193000,30.61,82.22,1007.29,31.13,70.61,1007.22,0,0,MANUAL,1,1,1,
2026-09-27 02:53:41,brain,194000,30.61,82.55,1007.30,31.14,70.57,1007.16,0,0,MANUAL,1,1,1,
2026-09-27 02:53:42,brain,195000,30.61,82.50,1007.27,31.15,70.56,1007.20,0,0,MANUAL,1,1,1,
2026-09-27 02:53:43,brain,196000,30.61,82.58,1007.33,31.15,70.53,1007.23,0,0,MANUAL,1,1,1,
2026-09-27 02:53:44,brain,197000,30.61,82.47,1007.29,31.14,70.52,1007.22,0,0,MANUAL,1,1,1,
2026-09-27 02:53:45,brain,198000,30.61,82.36,1007.32,31.14,70.57,1007.16,0,0,MANUAL,1,1,1,
2026-09-27 02:53:46,brain,199000,30.61,82.61,1007.32,31.15,70.53,1007.25,0,0,MANUAL,1,1,1,
2026-09-27 02:53:47,brain,200000,30.61,82.46,1007.27,31.14,70.51,1007.22,0,0,MANUAL,1,1,1,
2026-09-27 02:53:48,brain,201000,30.61,82.55,1007.27,31.14,70.45,1007.16,0,0,MANUAL,1,1,1,
2026-09-27 02:53:49,brain,202000,30.61,82.44,1007.30,31.14,70.76,1007.18,0,0,MANUAL,1,1,1,
2026-09-27 02:53:50,brain,203000,30.61,82.61,1007.32,31.15,70.64,1007.20,0,0,MANUAL,1,1,1,
2026-09-27 02:53:51,brain,204000,30.61,82.48,1007.30,31.15,70.69,1007.23,0,0,MANUAL,1,1,1,
2026-09-27 02:53:52,brain,205000,30.61,82.33,1007.25,31.14,70.61,1007.13,0,0,MANUAL,1,1,1,
2026-09-27 02:53:53,brain,206000,30.60,82.58,1007.32,31.14,70.50,1007.21,0,0,MANUAL,1,1,1,
2026-09-27 02:53:54,brain,207000,30.62,82.40,1007.32,31.14,70.58,1007.16,0,0,MANUAL,1,1,1,
2026-09-27 02:53:55,brain,208000,30.61,82.53,1007.29,31.15,70.61,1007.26,0,0,MANUAL,1,1,1,
2026-09-27 02:53:56,brain,209000,30.62,82.32,1007.34,31.14,70.57,1007.19,0,0,MANUAL,1,1,1,
2026-09-27 02:53:57,brain,210000,30.61,82.29,1007.30,31.14,70.55,1007.22,0,0,MANUAL,1,1,1,
2026-09-27 02:53:58,brain,211000,30.61,82.66,1007.25,31.13,70.47,1007.14,0,0,MANUAL,1,1,1,
2026-09-27 02:53:59,brain,212000,30.62,82.37,1007.31,31.12,70.48,1007.18,0,0,MANUAL,1,1,1,
2026-09-27 02:54:00,brain,213000,30.62,82.62,1007.31,31.13,70.54,1007.19,0,0,MANUAL,1,1,1,
2026-09-27 02:54:01,brain,214000,30.62,82.37,1007.31,31.13,70.57,1007.22,0,0,MANUAL,1,1,1,
2026-09-27 02:54:02,brain,215000,30.61,82.36,1007.28,31.13,70.53,1007.22,0,0,MANUAL,1,1,1,
2026-09-27 02:54:03,brain,216000,30.61,82.65,1007.32,31.14,70.50,1007.21,0,0,MANUAL,1,1,1,
2026-09-27 02:54:04,brain,217000,30.61,82.46,1007.32,31.14,70.56,1007.22,0,0,MANUAL,1,1,1,
2026-09-27 02:54:05,brain,218000,30.61,82.62,1007.28,31.14,70.70,1007.21,0,0,MANUAL,1,1,1,
2026-09-27 02:54:06,brain,219000,30.61,82.43,1007.28,31.14,70.67,1007.24,0,0,MANUAL,1,1,1,
2026-09-27 02:54:07,brain,220000,30.62,82.70,1007.26,31.14,70.58,1007.24,0,0,MANUAL,1,1,1,
2026-09-27 02:54:08,brain,221000,30.61,82.36,1007.24,31.14,70.72,1007.22,0,0,MANUAL,1,1,1,
2026-09-27 02:54:09,brain,222000,30.60,82.14,1007.28,31.13,70.96,1007.14,0,0,MANUAL,1,1,1,
2026-09-27 02:54:10,brain,223000,30.62,81.71,1007.31,31.13,70.73,1007.20,0,0,MANUAL,1,1,1,
2026-09-27 02:54:11,brain,224000,30.61,81.97,1007.25,31.12,70.56,1007.24,0,0,MANUAL,1,1,1,
2026-09-27 02:54:12,brain,225000,30.61,81.77,1007.29,31.13,70.68,1007.25,0,0,MANUAL,1,1,1,
2026-09-27 02:54:13,brain,226000,30.61,81.41,1007.29,31.12,70.61,1007.20,0,0,MANUAL,1,1,1,
2026-09-27 02:54:14,brain,227000,30.60,81.37,1007.32,31.11,70.62,1007.17,0,0,MANUAL,1,1,1,
2026-09-27 02:54:15,brain,228000,30.59,80.92,1007.27,31.12,70.57,1007.23,0,0,MANUAL,1,1,1,
2026-09-27 02:54:16,brain,229000,30.60,81.08,1007.29,31.10,70.67,1007.23,0,0,MANUAL,1,1,1,
2026-09-27 02:54:17,brain,230000,30.60,81.22,1007.29,31.10,70.53,1007.20,0,0,MANUAL,1,1,1,
2026-09-27 02:54:18,brain,231000,30.60,81.14,1007.32,31.10,70.62,1007.21,0,0,MANUAL,1,1,1,
2026-09-27 02:54:19,brain,232000,30.58,81.07,1007.26,31.10,70.64,1007.17,0,0,MANUAL,1,1,1,
2026-09-27 02:54:20,brain,233000,30.61,81.15,1007.29,31.10,70.86,1007.21,0,0,MANUAL,1,1,1,
2026-09-27 02:54:21,brain,234000,30.60,81.09,1007.34,31.10,70.58,1007.20,0,0,MANUAL,1,1,1,
2026-09-27 02:54:22,brain,235000,30.59,80.98,1007.33,31.09,70.64,1007.19,0,0,MANUAL,1,1,1,
2026-09-27 02:54:23,brain,236000,30.59,80.99,1007.30,31.10,70.66,1007.17,0,0,MANUAL,1,1,1,
2026-09-27 02:54:24,brain,237000,30.58,80.49,1007.35,31.09,70.64,1007.10,0,0,MANUAL,1,1,1,
2026-09-27 02:54:25,brain,238000,30.59,80.09,1007.30,31.08,71.00,1007.20,0,0,MANUAL,1,1,1,
2026-09-27 02:54:26,brain,239000,30.58,80.22,1007.32,31.09,70.96,1007.22,0,0,MANUAL,1,1,1,
2026-09-27 02:54:27,brain,240000,30.60,80.54,1007.25,31.09,70.68,1007.19,0,0,MANUAL,1,1,1,
2026-09-27 02:54:28,brain,241000,30.59,80.56,1007.27,31.09,70.60,1007.24,0,0,MANUAL,1,1,1,
2026-09-27 02:54:29,brain,242000,30.60,80.64,1007.25,31.08,70.62,1007.11,0,0,MANUAL,1,1,1,
2026-09-27 02:54:30,brain,243000,30.60,80.55,1007.28,31.10,70.74,1007.23,0,0,MANUAL,1,1,1,
2026-09-27 02:54:31,brain,244000,30.59,80.31,1007.30,31.08,71.14,1007.15,0,0,MANUAL,1,1,1,
2026-09-27 02:54:32,brain,245000,30.57,79.97,1007.33,31.07,70.71,1007.16,0,0,MANUAL,1,1,1,
2026-09-27 02:54:33,brain,246000,30.57,79.99,1007.22,31.07,70.89,1007.19,0,0,MANUAL,1,1,1,
2026-09-27 02:54:34,brain,247000,30.58,79.79,1007.28,31.07,70.69,1007.18,0,0,MANUAL,1,1,1,
2026-09-27 02:54:35,brain,248000,30.58,79.67,1007.32,31.07,70.89,1007.16,0,0,MANUAL,1,1,1,
2026-09-27 02:54:36,brain,249000,30.57,79.54,1007.30,31.07,70.82,1007.21,0,0,MANUAL,1,1,1,
2026-09-27 02:54:37,brain,250000,30.58,79.74,1007.32,31.07,70.69,1007.18,0,0,MANUAL,1,1,1,
2026-09-27 02:54:38,brain,251000,30.58,79.82,1007.31,31.06,70.73,1007.20,0,0,MANUAL,1,1,1,
2026-09-27 02:54:39,brain,252000,30.58,80.12,1007.26,31.06,70.70,1007.20,0,0,MANUAL,1,1,1,
2026-09-27 02:54:40,brain,253000,30.58,80.33,1007.26,31.07,70.66,1007.23,0,0,MANUAL,1,1,1,
2026-09-27 02:54:41,brain,254000,30.57,80.83,1007.36,31.06,70.73,1007.20,0,0,MANUAL,1,1,1,
2026-09-27 02:54:42,brain,255000,30.58,80.88,1007.29,31.05,70.52,1007.18,0,0,MANUAL,1,1,1,
2026-09-27 02:54:43,brain,256000,30.59,80.95,1007.27,31.06,70.71,1007.16,0,0,MANUAL,1,1,1,
2026-09-27 02:54:44,brain,257000,30.58,80.89,1007.29,31.06,70.82,1007.22,0,0,MANUAL,1,1,1,
2026-09-27 02:54:45,brain,258000,30.60,81.10,1007.34,31.06,70.82,1007.20,0,0,MANUAL,1,1,1,
2026-09-27 02:54:46,brain,259000,30.60,81.15,1007.31,31.07,70.85,1007.18,0,0,MANUAL,1,1,1,
2026-09-27 02:54:47,brain,260000,30.59,81.18,1007.24,31.06,70.69,1007.23,0,0,MANUAL,1,1,1,
2026-09-27 02:54:48,brain,261000,30.59,81.10,1007.33,31.07,70.87,1007.21,0,0,MANUAL,1,1,1,
2026-09-27 02:54:49,brain,262000,30.58,81.13,1007.26,31.06,70.82,1007.14,0,0,MANUAL,1,1,1,
2026-09-27 02:54:50,brain,263000,30.60,81.28,1007.34,31.06,70.67,1007.23,0,0,MANUAL,1,1,1,
2026-09-27 02:54:51,brain,264000,30.60,81.27,1007.28,31.06,70.80,1007.19,0,0,MANUAL,1,1,1,
2026-09-27 02:54:52,brain,265000,30.59,81.43,1007.30,31.06,70.66,1007.25,0,0,MANUAL,1,1,1,
2026-09-27 02:54:53,brain,266000,30.60,81.47,1007.28,31.06,71.06,1007.20,0,0,MANUAL,1,1,1,
2026-09-27 02:54:54,brain,267000,30.61,81.42,1007.29,31.06,70.75,1007.14,0,0,MANUAL,1,1,1,
2026-09-27 02:54:55,brain,268000,30.60,81.45,1007.34,31.06,70.76,1007.17,0,0,MANUAL,1,1,1,
2026-09-27 02:54:56,brain,269000,30.61,81.64,1007.29,31.06,71.04,1007.23,0,0,MANUAL,1,1,1,
2026-09-27 02:54:57,brain,270000,30.60,81.96,1007.32,31.06,70.89,1007.17,0,0,MANUAL,1,1,1,
2026-09-27 02:54:58,brain,271000,30.61,82.08,1007.32,31.07,70.71,1007.13,0,0,MANUAL,1,1,1,
2026-09-27 02:54:59,brain,272000,30.60,82.08,1007.29,31.07,70.73,1007.19,0,0,MANUAL,1,1,1,
2026-09-27 02:55:00,brain,273000,30.61,81.96,1007.29,31.08,70.75,1007.17,0,0,MANUAL,1,1,1,
2026-09-27 02:55:01,brain,274000,30.60,82.15,1007.26,31.08,70.92,1007.19,0,0,MANUAL,1,1,1,
2026-09-27 02:55:02,brain,275000,30.61,82.26,1007.32,31.06,70.76,1007.14,0,0,MANUAL,1,1,1,
2026-09-27 02:55:03,brain,276000,30.62,82.27,1007.28,31.08,70.81,1007.20,0,0,MANUAL,1,1,1,
2026-09-27 02:55:04,brain,277000,30.62,82.13,1007.26,31.08,70.80,1007.22,0,0,MANUAL,1,1,1,
2026-09-27 02:55:05,brain,278000,30.62,82.40,1007.31,31.07,70.78,1007.21,0,0,MANUAL,1,1,1,
2026-09-27 02:55:06,brain,279000,30.61,82.40,1007.28,31.08,70.99,1007.17,0,0,MANUAL,1,1,1,
2026-09-27 02:55:07,brain,280000,30.61,82.06,1007.30,31.08,70.75,1007.22,0,0,MANUAL,1,1,1,
2026-09-27 02:55:08,brain,281000,30.60,81.94,1007.26,31.07,70.80,1007.15,0,0,MANUAL,1,1,1,
2026-09-27 02:55:09,brain,282000,30.61,81.71,1007.30,31.08,70.70,1007.17,0,0,MANUAL,1,1,1,
2026-09-27 02:55:10,brain,283000,30.61,81.71,1007.27,31.07,70.75,1007.21,0,0,MANUAL,1,1,1,
2026-09-27 02:55:11,brain,284000,30.60,81.83,1007.22,31.08,70.65,1007.19,0,0,MANUAL,1,1,1,
2026-09-27 02:55:12,brain,285000,30.61,81.84,1007.33,31.07,70.75,1007.21,0,0,MANUAL,1,1,1,
2026-09-27 02:55:13,brain,286000,30.60,81.44,1007.28,31.07,70.82,1007.19,0,0,MANUAL,1,1,1,
2026-09-27 02:55:14,brain,287000,30.61,81.52,1007.29,31.07,70.79,1007.18,0,0,MANUAL,1,1,1,
2026-09-27 02:55:15,brain,288000,30.59,81.35,1007.27,31.06,70.89,1007.23,0,0,MANUAL,1,1,1,
2026-09-27 02:55:16,brain,289000,30.61,81.60,1007.27,31.07,71.16,1007.15,0,0,MANUAL,1,1,1,
2026-09-27 02:55:17,brain,290000,30.61,81.78,1007.29,31.06,70.71,1007.17,0,0,MANUAL,1,1,1,
2026-09-27 02:55:18,brain,291000,30.60,81.78,1007.29,31.07,70.74,1007.15,0,0,MANUAL,1,1,1,
2026-09-27 02:55:19,brain,292000,30.60,81.16,1007.34,31.07,70.83,1007.21,0,0,MANUAL,1,1,1,
2026-09-27 02:55:20,brain,293000,30.60,80.83,1007.28,31.06,71.00,1007.20,0,0,MANUAL,1,1,1,
2026-09-27 02:55:21,brain,294000,30.61,81.14,1007.29,31.07,70.76,1007.21,0,0,MANUAL,1,1,1,
2026-09-27 02:55:22,brain,295000,30.60,80.99,1007.29,31.06,70.75,1007.20,0,0,MANUAL,1,1,1,
2026-09-27 02:55:23,brain,296000,30.60,81.31,1007.28,31.06,71.22,1007.23,0,0,MANUAL,1,1,1,
2026-09-27 02:55:24,brain,297000,30.60,81.32,1007.34,31.06,70.84,1007.20,0,0,MANUAL,1,1,1,
2026-09-27 02:55:25,brain,298000,30.60,81.38,1007.26,31.06,70.89,1007.14,0,0,MANUAL,1,1,1,
2026-09-27 02:55:26,brain,299000,30.60,81.09,1007.28,31.06,71.24,1007.22,0,0,MANUAL,1,1,1,
2026-09-27 02:55:27,brain,300000,30.57,80.55,1007.25,31.06,70.85,1007.16,0,0,MANUAL,1,1,1,
2026-09-27 02:55:28,brain,301000,30.60,80.30,1007.31,31.05,70.90,1007.18,0,0,MANUAL,1,1,1,
2026-09-27 02:55:29,brain,302000,30.59,80.53,1007.30,31.06,70.81,1007.17,0,0,MANUAL,1,1,1,
2026-09-27 02:55:30,brain,303000,30.60,80.69,1007.25,31.06,70.81,1007.20,0,0,MANUAL,1,1,1,
2026-09-27 02:55:31,brain,304000,30.59,80.97,1007.27,31.06,71.14,1007.14,0,0,MANUAL,1,1,1,
2026-09-27 02:55:32,brain,305000,30.60,81.11,1007.25,31.06,71.09,1007.19,0,0,MANUAL,1,1,1,
2026-09-27 02:55:33,brain,306000,30.59,81.23,1007.27,31.05,70.96,1007.10,0,0,MANUAL,1,1,1,
2026-09-27 02:55:34,brain,307000,30.60,80.84,1007.28,31.05,70.85,1007.18,0,0,MANUAL,1,1,1,
2026-09-27 02:55:35,brain,308000,30.58,81.12,1007.26,31.06,70.83,1007.13,0,0,MANUAL,1,1,1,
2026-09-27 02:55:36,brain,309000,30.60,81.06,1007.31,31.05,70.91,1007.21,0,0,MANUAL,1,1,1,
2026-09-27 02:55:37,brain,310000,30.60,81.09,1007.31,31.06,70.79,1007.20,0,0,MANUAL,1,1,1,
2026-09-27 02:55:38,brain,311000,30.60,81.49,1007.31,31.05,70.82,1007.15,0,0,MANUAL,1,1,1,
2026-09-27 02:55:39,brain,312000,30.60,81.54,1007.31,31.06,70.96,1007.13,0,0,MANUAL,1,1,1,
2026-09-27 02:55:40,brain,313000,30.60,81.74,1007.26,31.06,70.85,1007.17,0,0,MANUAL,1,1,1,
2026-09-27 02:55:41,brain,314000,30.60,81.61,1007.28,31.07,70.83,1007.16,0,0,MANUAL,1,1,1,
2026-09-27 02:55:42,brain,315000,30.60,81.67,1007.28,31.06,70.88,1007.14,0,0,MANUAL,1,1,1,
2026-09-27 02:55:43,brain,316000,30.60,81.74,1007.22,31.07,70.98,1007.15,0,0,MANUAL,1,1,1,
2026-09-27 02:55:44,brain,317000,30.61,81.63,1007.24,31.07,70.81,1007.24,0,0,MANUAL,1,1,1,
2026-09-27 02:55:45,brain,318000,30.61,81.60,1007.29,31.07,70.67,1007.21,0,0,MANUAL,1,1,1,
2026-09-27 02:55:46,brain,319000,30.60,81.54,1007.29,31.07,70.87,1007.21,0,0,MANUAL,1,1,1,
2026-09-27 02:55:47,brain,320000,30.60,81.68,1007.28,31.07,70.95,1007.18,0,0,MANUAL,1,1,1,
2026-09-27 02:55:48,brain,321000,30.60,81.67,1007.28,31.06,70.81,1007.11,0,0,MANUAL,1,1,1,
2026-09-27 02:55:49,brain,322000,30.60,81.88,1007.23,31.07,70.95,1007.19,0,0,MANUAL,1,1,1,
2026-09-27 02:55:50,brain,323000,30.61,81.89,1007.27,31.06,71.06,1007.23,0,0,MANUAL,1,1,1,
2026-09-27 02:55:50,end,,,,,,,,,,,,,,mode OFF
2026-09-27 02:55:50,end,,,,,,,,,,,,,,"S,mode=OFF,lo=75.0,hi=90.0,max=300,cool=180,man=400,use=A,period=1,in=ok,out=ok,tank=ok,mistA=0,mistB=0"
2026-09-27 02:55:51,end,324000,30.60,81.74,1007.26,31.07,70.88,1007.21,0,0,OFF,1,1,1,
2026-09-27 02:55:52,end,325000,30.60,81.73,1007.31,31.07,70.89,1007.16,0,0,OFF,1,1,1,
