pc_time,phase,ms,t_in,rh_in,p_in,t_out,rh_out,p_out,mistA,mistB,mode,in_ok,out_ok,tank_ok,event
2026-09-27 00:27:39,idle,,,,,,,,,,,,,,"S,mode=OFF,lo=75.0,hi=90.0,max=300,cool=180,man=400,use=A,period=1,in=ok,out=ok,tank=ok,mistA=0,mistB=0"
2026-09-27 00:27:39,idle,14000,30.47,72.71,1008.03,30.88,73.36,1008.05,0,0,OFF,1,1,1,
2026-09-27 00:27:40,idle,15000,30.46,72.92,1008.02,30.87,73.30,1007.97,0,0,OFF,1,1,1,
2026-09-27 00:27:41,idle,16000,30.46,72.85,1008.07,30.88,73.14,1008.03,0,0,OFF,1,1,1,
2026-09-27 00:27:42,log,17000,30.46,72.75,1008.08,30.87,73.39,1008.07,0,0,OFF,1,1,1,
2026-09-27 00:27:43,log,18000,30.47,73.06,1008.06,30.88,73.42,1007.99,0,0,OFF,1,1,1,
2026-09-27 00:27:44,log,19000,30.46,72.80,1008.02,30.87,73.12,1008.00,0,0,OFF,1,1,1,
2026-09-27 00:27:45,log,20000,30.46,72.84,1008.05,30.88,73.29,1008.02,0,0,OFF,1,1,1,
2026-09-27 00:27:46,log,21000,30.46,73.13,1008.07,30.89,73.40,1008.03,0,0,OFF,1,1,1,
2026-09-27 00:27:47,log,22000,30.46,73.08,1008.00,30.88,73.17,1007.99,0,0,OFF,1,1,1,
2026-09-27 00:27:48,log,23000,30.47,72.81,1008.06,30.88,73.24,1007.99,0,0,OFF,1,1,1,
2026-09-27 00:27:49,log,24000,30.46,72.74,1008.03,30.87,73.35,1007.98,0,0,OFF,1,1,1,
2026-09-27 00:27:50,log,25000,30.46,72.95,1008.05,30.88,73.22,1007.94,0,0,OFF,1,1,1,
2026-09-27 00:27:51,log,26000,30.46,72.80,1008.05,30.87,73.32,1008.03,0,0,OFF,1,1,1,
2026-09-27 00:27:52,log,27000,30.46,73.04,1008.02,30.87,73.33,1007.93,0,0,OFF,1,1,1,
2026-09-27 00:27:53,log,28000,30.46,73.14,1008.10,30.89,73.33,1007.98,0,0,OFF,1,1,1,
2026-09-27 00:27:54,log,29000,30.46,72.81,1008.02,30.86,73.31,1008.02,0,0,OFF,1,1,1,
2026-09-27 00:27:55,log,30000,30.45,72.87,1007.98,30.88,73.32,1008.02,0,0,OFF,1,1,1,
2026-09-27 00:27:56,log,31000,30.45,72.95,1008.01,30.88,72.88,1007.96,0,0,OFF,1,1,1,
2026-09-27 00:27:57,log,32000,30.46,72.82,1008.05,30.87,73.09,1007.98,0,0,OFF,1,1,1,
2026-09-27 00:27:58,log,33000,30.45,72.95,1008.01,30.87,73.01,1007.96,0,0,OFF,1,1,1,
2026-09-27 00:27:59,log,34000,30.45,72.81,1008.09,30.88,73.15,1007.91,0,0,OFF,1,1,1,
2026-09-27 00:28:00,log,35000,30.45,72.86,1008.03,30.87,73.12,1008.01,0,0,OFF,1,1,1,
2026-09-27 00:28:01,log,36000,30.45,72.69,1008.04,30.87,73.08,1007.98,0,0,OFF,1,1,1,
2026-09-27 00:28:02,log,37000,30.45,73.03,1008.04,30.88,73.20,1007.99,0,0,OFF,1,1,1,
2026-09-27 00:28:03,log,38000,30.46,72.83,1008.10,30.86,73.36,1008.02,0,0,OFF,1,1,1,
2026-09-27 00:28:04,log,39000,30.45,73.05,1008.04,30.87,73.38,1008.01,0,0,OFF,1,1,1,
2026-09-27 00:28:05,log,40000,30.45,73.10,1008.03,30.87,73.10,1008.06,0,0,OFF,1,1,1,
2026-09-27 00:28:06,log,41000,30.46,72.89,1008.08,30.87,73.25,1008.03,0,0,OFF,1,1,1,
2026-09-27 00:28:07,log,42000,30.45,72.92,1008.03,30.86,73.53,1007.97,0,0,OFF,1,1,1,
2026-09-27 00:28:08,log,43000,30.45,72.81,1008.07,30.87,73.08,1007.97,0,0,OFF,1,1,1,
2026-09-27 00:28:09,log,44000,30.45,72.87,1008.03,30.87,73.24,1008.03,0,0,OFF,1,1,1,
2026-09-27 00:28:10,log,45000,30.45,73.18,1008.04,30.87,73.28,1007.95,0,0,OFF,1,1,1,
2026-09-27 00:28:11,log,46000,30.46,72.85,1008.03,30.87,73.42,1008.01,0,0,OFF,1,1,1,
2026-09-27 00:28:12,log,47000,30.45,72.95,1008.17,30.87,73.47,1008.04,0,0,OFF,1,1,1,
2026-09-27 00:28:13,log,48000,30.45,73.10,1008.03,30.86,73.25,1008.04,0,0,OFF,1,1,1,
2026-09-27 00:28:14,log,49000,30.44,73.12,1008.05,30.86,73.29,1007.96,0,0,OFF,1,1,1,
2026-09-27 00:28:15,log,50000,30.44,73.19,1008.02,30.87,72.91,1008.00,0,0,OFF,1,1,1,
2026-09-27 00:28:16,log,51000,30.45,73.05,1008.01,30.86,73.26,1008.02,0,0,OFF,1,1,1,
2026-09-27 00:28:17,log,52000,30.45,72.80,1008.01,30.86,73.45,1007.99,0,0,OFF,1,1,1,
2026-09-27 00:28:18,log,53000,30.45,72.84,1008.01,30.86,73.48,1007.99,0,0,OFF,1,1,1,
2026-09-27 00:28:19,log,54000,30.45,73.07,1008.06,30.85,73.20,1007.98,0,0,OFF,1,1,1,
2026-09-27 00:28:20,log,55000,30.44,72.92,1008.05,30.87,73.42,1008.00,0,0,OFF,1,1,1,
2026-09-27 00:28:21,log,56000,30.45,72.85,1008.03,30.86,73.28,1007.96,0,0,OFF,1,1,1,
2026-09-27 00:28:22,log,57000,30.45,73.15,1008.12,30.86,73.35,1007.96,0,0,OFF,1,1,1,
2026-09-27 00:28:23,log,58000,30.45,72.86,1008.03,30.86,73.44,1007.99,0,0,OFF,1,1,1,
2026-09-27 00:28:24,log,59000,30.45,73.15,1008.04,30.86,73.42,1007.96,0,0,OFF,1,1,1,
2026-09-27 00:28:25,log,60000,30.45,72.90,1008.06,30.86,73.39,1007.96,0,0,OFF,1,1,1,
2026-09-27 00:28:26,log,61000,30.45,72.79,1008.04,30.86,73.31,1007.94,0,0,OFF,1,1,1,
2026-09-27 00:28:27,log,62000,30.45,72.80,1008.09,30.86,73.34,1007.99,0,0,OFF,1,1,1,
2026-09-27 00:28:28,log,63000,30.44,72.79,1008.08,30.85,73.21,1007.98,0,0,OFF,1,1,1,
2026-09-27 00:28:29,log,64000,30.45,72.83,1008.04,30.86,73.40,1007.96,0,0,OFF,1,1,1,
2026-09-27 00:28:30,log,65000,30.45,72.96,1008.09,30.85,73.39,1007.95,0,0,OFF,1,1,1,
2026-09-27 00:28:31,log,66000,30.45,73.25,1008.07,30.86,73.29,1008.04,0,0,OFF,1,1,1,
2026-09-27 00:28:32,log,67000,30.45,72.86,1008.06,30.86,73.46,1007.97,0,0,OFF,1,1,1,
2026-09-27 00:28:33,log,68000,30.46,73.10,1008.10,30.86,73.40,1007.99,0,0,OFF,1,1,1,
2026-09-27 00:28:34,log,69000,30.46,73.09,1008.02,30.86,73.39,1007.91,0,0,OFF,1,1,1,
2026-09-27 00:28:35,log,70000,30.45,72.87,1008.06,30.87,73.37,1007.97,0,0,OFF,1,1,1,
2026-09-27 00:28:36,log,71000,30.46,73.04,1008.05,30.86,73.33,1007.97,0,0,OFF,1,1,1,
2026-09-27 00:28:37,log,72000,30.44,72.77,1008.05,30.87,72.97,1008.06,0,0,OFF,1,1,1,
2026-09-27 00:28:38,log,73000,30.45,72.80,1008.04,30.86,73.28,1007.99,0,0,OFF,1,1,1,
2026-09-27 00:28:39,log,74000,30.46,72.91,1008.07,30.85,73.14,1007.97,0,0,OFF,1,1,1,
2026-09-27 00:28:40,log,75000,30.44,72.81,1008.02,30.85,73.18,1008.01,0,0,OFF,1,1,1,
2026-09-27 00:28:41,log,76000,30.45,72.67,1008.06,30.85,73.28,1007.95,0,0,OFF,1,1,1,
2026-09-27 00:28:42,log,77000,30.44,73.00,1007.99,30.85,73.25,1007.98,0,0,OFF,1,1,1,
2026-09-27 00:28:43,log,78000,30.45,72.81,1008.09,30.86,73.26,1008.01,0,0,OFF,1,1,1,
2026-09-27 00:28:44,log,79000,30.44,72.78,1008.02,30.85,73.13,1007.95,0,0,OFF,1,1,1,
2026-09-27 00:28:45,log,80000,30.45,72.83,1008.03,30.86,73.38,1008.04,0,0,OFF,1,1,1,
2026-09-27 00:28:46,log,81000,30.44,73.08,1008.04,30.85,73.25,1008.00,0,0,OFF,1,1,1,
2026-09-27 00:28:47,log,82000,30.45,73.02,1008.06,30.85,73.32,1007.92,0,0,OFF,1,1,1,
2026-09-27 00:28:48,log,83000,30.45,73.07,1008.11,30.86,73.37,1007.93,0,0,OFF,1,1,1,
2026-09-27 00:28:49,log,84000,30.44,73.20,1008.02,30.85,73.36,1008.01,0,0,OFF,1,1,1,
2026-09-27 00:28:50,log,85000,30.44,73.14,1008.05,30.86,73.34,1007.99,0,0,OFF,1,1,1,
2026-09-27 00:28:51,log,86000,30.45,72.85,1008.04,30.86,73.44,1008.01,0,0,OFF,1,1,1,
2026-09-27 00:28:52,log,87000,30.45,72.97,1008.00,30.86,73.24,1008.01,0,0,OFF,1,1,1,
2026-09-27 00:28:53,log,88000,30.45,72.88,1008.06,30.85,73.42,1007.98,0,0,OFF,1,1,1,
2026-09-27 00:28:54,log,89000,30.44,73.00,1008.08,30.85,73.45,1007.98,0,0,OFF,1,1,1,
2026-09-27 00:28:55,log,90000,30.45,73.02,1008.06,30.85,73.35,1008.01,0,0,OFF,1,1,1,
2026-09-27 00:28:56,log,91000,30.44,73.11,1007.99,30.86,73.33,1007.93,0,0,OFF,1,1,1,
2026-09-27 00:28:57,log,92000,30.45,73.04,1007.97,30.85,73.35,1007.97,0,0,OFF,1,1,1,
2026-09-27 00:28:58,log,93000,30.45,73.06,1008.03,30.86,73.36,1007.93,0,0,OFF,1,1,1,
2026-09-27 00:28:59,log,94000,30.45,73.04,1008.07,30.86,73.36,1007.97,0,0,OFF,1,1,1,
2026-09-27 00:29:00,log,95000,30.44,73.16,1008.05,30.86,73.40,1007.99,0,0,OFF,1,1,1,
2026-09-27 00:29:01,log,96000,30.44,73.26,1008.05,30.86,73.37,1007.94,0,0,OFF,1,1,1,
2026-09-27 00:29:02,log,97000,30.46,73.09,1008.05,30.86,73.34,1007.99,0,0,OFF,1,1,1,
2026-09-27 00:29:03,log,98000,30.44,72.78,1008.05,30.86,73.31,1008.04,0,0,OFF,1,1,1,
2026-09-27 00:29:04,log,99000,30.45,72.94,1008.03,30.86,73.15,1008.01,0,0,OFF,1,1,1,
2026-09-27 00:29:05,log,100000,30.44,73.00,1008.02,30.85,73.19,1007.94,0,0,OFF,1,1,1,
2026-09-27 00:29:06,log,101000,30.44,73.08,1008.04,30.85,72.88,1007.92,0,0,OFF,1,1,1,
2026-09-27 00:29:07,log,102000,30.45,73.16,1008.00,30.85,73.19,1008.03,0,0,OFF,1,1,1,
2026-09-27 00:29:08,log,103000,30.44,73.04,1008.05,30.85,73.06,1008.03,0,0,OFF,1,1,1,
2026-09-27 00:29:09,log,104000,30.45,73.08,1008.03,30.85,73.36,1007.97,0,0,OFF,1,1,1,
2026-09-27 00:29:10,log,105000,30.45,73.12,1008.06,30.85,73.04,1007.97,0,0,OFF,1,1,1,
2026-09-27 00:29:11,log,106000,30.44,73.11,1007.97,30.85,73.53,1008.03,0,0,OFF,1,1,1,
2026-09-27 00:29:12,log,107000,30.44,72.74,1008.05,30.84,73.01,1007.96,0,0,OFF,1,1,1,
2026-09-27 00:29:13,log,108000,30.44,73.02,1008.01,30.85,73.01,1007.97,0,0,OFF,1,1,1,
2026-09-27 00:29:14,log,109000,30.44,73.18,1008.04,30.85,73.19,1007.97,0,0,OFF,1,1,1,
2026-09-27 00:29:15,log,110000,30.45,72.76,1008.03,30.84,73.15,1007.96,0,0,OFF,1,1,1,
2026-09-27 00:29:16,log,111000,30.44,73.06,1008.02,30.84,73.10,1008.01,0,0,OFF,1,1,1,
2026-09-27 00:29:17,log,112000,30.44,72.74,1008.02,30.84,73.12,1008.04,0,0,OFF,1,1,1,
2026-09-27 00:29:18,log,113000,30.44,73.03,1007.99,30.84,73.23,1008.02,0,0,OFF,1,1,1,
2026-09-27 00:29:19,log,114000,30.43,72.79,1008.03,30.84,73.38,1007.95,0,0,OFF,1,1,1,
2026-09-27 00:29:20,log,115000,30.44,73.08,1008.04,30.84,73.42,1007.95,0,0,OFF,1,1,1,
2026-09-27 00:29:21,log,116000,30.44,72.80,1007.99,30.83,73.31,1007.95,0,0,OFF,1,1,1,
2026-09-27 00:29:22,log,117000,30.44,72.73,1008.08,30.83,72.97,1007.94,0,0,OFF,1,1,1,
2026-09-27 00:29:23,log,118000,30.44,72.76,1008.04,30.84,73.45,1008.01,0,0,OFF,1,1,1,
2026-09-27 00:29:24,log,119000,30.43,72.88,1008.00,30.82,73.35,1007.98,0,0,OFF,1,1,1,
2026-09-27 00:29:25,log,120000,30.43,72.80,1008.01,30.83,73.35,1007.95,0,0,OFF,1,1,1,
2026-09-27 00:29:26,log,121000,30.43,72.76,1008.05,30.84,73.29,1008.01,0,0,OFF,1,1,1,
2026-09-27 00:29:27,log,122000,30.44,72.95,1008.04,30.84,73.24,1007.93,0,0,OFF,1,1,1,
2026-09-27 00:29:28,log,123000,30.42,72.78,1008.05,30.84,73.12,1008.01,0,0,OFF,1,1,1,
2026-09-27 00:29:29,log,124000,30.44,73.13,1008.04,30.83,73.05,1007.99,0,0,OFF,1,1,1,
2026-09-27 00:29:30,log,125000,30.43,72.81,1008.05,30.83,73.13,1007.97,0,0,OFF,1,1,1,
2026-09-27 00:29:31,log,126000,30.43,73.06,1008.00,30.84,73.43,1007.95,0,0,OFF,1,1,1,
2026-09-27 00:29:32,log,127000,30.43,73.09,1008.03,30.83,73.11,1007.99,0,0,OFF,1,1,1,
2026-09-27 00:29:33,log,128000,30.44,72.99,1008.04,30.83,73.20,1008.00,0,0,OFF,1,1,1,
2026-09-27 00:29:34,log,129000,30.43,73.17,1008.00,30.83,72.99,1007.97,0,0,OFF,1,1,1,
2026-09-27 00:29:35,log,130000,30.42,73.04,1008.02,30.83,73.15,1007.92,0,0,OFF,1,1,1,
2026-09-27 00:29:36,log,131000,30.43,73.07,1008.00,30.83,73.31,1007.97,0,0,OFF,1,1,1,
2026-09-27 00:29:37,log,132000,30.43,72.86,1008.03,30.83,72.93,1008.00,0,0,OFF,1,1,1,
2026-09-27 00:29:38,log,133000,30.43,72.87,1008.00,30.83,73.40,1007.97,0,0,OFF,1,1,1,
2026-09-27 00:29:39,log,134000,30.42,73.19,1008.05,30.83,73.45,1007.97,0,0,OFF,1,1,1,
2026-09-27 00:29:40,log,135000,30.43,72.80,1008.06,30.84,73.37,1007.95,0,0,OFF,1,1,1,
2026-09-27 00:29:41,log,136000,30.44,73.00,1008.02,30.84,73.43,1007.95,0,0,OFF,1,1,1,
2026-09-27 00:29:42,log,137000,30.45,72.99,1008.07,30.84,73.12,1007.99,0,0,OFF,1,1,1,
2026-09-27 00:29:43,log,138000,30.44,73.21,1008.02,30.83,73.23,1007.95,0,0,OFF,1,1,1,
2026-09-27 00:29:44,log,139000,30.44,73.15,1008.05,30.85,73.33,1008.00,0,0,OFF,1,1,1,
2026-09-27 00:29:45,log,140000,30.45,73.16,1008.07,30.85,73.14,1007.94,0,0,OFF,1,1,1,
2026-09-27 00:29:46,log,141000,30.45,73.07,1008.03,30.84,73.16,1007.99,0,0,OFF,1,1,1,
2026-09-27 00:29:47,log,142000,30.45,73.03,1008.01,30.85,73.40,1008.01,0,0,OFF,1,1,1,
2026-09-27 00:29:48,log,143000,30.45,73.14,1007.97,30.85,73.37,1007.98,0,0,OFF,1,1,1,
2026-09-27 00:29:49,log,144000,30.46,73.27,1008.05,30.85,73.46,1007.98,0,0,OFF,1,1,1,
2026-09-27 00:29:50,log,145000,30.45,72.95,1007.97,30.86,73.35,1007.96,0,0,OFF,1,1,1,
2026-09-27 00:29:51,log,146000,30.45,73.13,1008.07,30.85,73.45,1008.05,0,0,OFF,1,1,1,
2026-09-27 00:29:52,log,147000,30.45,73.09,1008.04,30.84,73.33,1007.95,0,0,OFF,1,1,1,
2026-09-27 00:29:53,log,148000,30.46,72.98,1008.02,30.85,73.45,1007.98,0,0,OFF,1,1,1,
2026-09-27 00:29:54,log,149000,30.46,73.22,1008.03,30.85,73.22,1007.97,0,0,OFF,1,1,1,
2026-09-27 00:29:55,log,150000,30.46,73.15,1008.02,30.84,73.30,1007.96,0,0,OFF,1,1,1,
2026-09-27 00:29:56,log,151000,30.45,72.88,1008.01,30.85,73.56,1008.01,0,0,OFF,1,1,1,
2026-09-27 00:29:57,log,152000,30.45,73.15,1008.07,30.85,73.47,1007.92,0,0,OFF,1,1,1,
2026-09-27 00:29:58,log,153000,30.46,72.89,1008.00,30.85,73.27,1007.95,0,0,OFF,1,1,1,
2026-09-27 00:29:59,log,154000,30.47,73.18,1008.03,30.86,73.55,1007.96,0,0,OFF,1,1,1,
2026-09-27 00:30:00,log,155000,30.46,73.20,1007.99,30.86,73.58,1007.96,0,0,OFF,1,1,1,
2026-09-27 00:30:01,log,156000,30.46,72.96,1008.03,30.86,73.04,1007.93,0,0,OFF,1,1,1,
2026-09-27 00:30:02,log,157000,30.46,72.80,1008.08,30.86,73.45,1007.93,0,0,OFF,1,1,1,
2026-09-27 00:30:03,log,158000,30.46,72.78,1008.00,30.84,73.20,1007.96,0,0,OFF,1,1,1,
2026-09-27 00:30:04,log,159000,30.45,73.04,1008.01,30.86,73.39,1007.96,0,0,OFF,1,1,1,
2026-09-27 00:30:05,log,160000,30.46,72.88,1008.03,30.86,73.45,1007.99,0,0,OFF,1,1,1,
2026-09-27 00:30:06,log,161000,30.45,72.92,1008.04,30.86,73.03,1008.04,0,0,OFF,1,1,1,
2026-09-27 00:30:07,log,162000,30.45,72.77,1008.04,30.86,73.24,1008.04,0,0,OFF,1,1,1,
2026-09-27 00:30:08,log,163000,30.45,73.06,1008.01,30.85,73.38,1007.98,0,0,OFF,1,1,1,
2026-09-27 00:30:09,log,164000,30.45,73.01,1008.04,30.85,73.00,1008.00,0,0,OFF,1,1,1,
2026-09-27 00:30:10,log,165000,30.46,72.83,1008.02,30.85,73.41,1007.95,0,0,OFF,1,1,1,
2026-09-27 00:30:11,log,166000,30.44,72.92,1007.99,30.85,73.12,1008.01,0,0,OFF,1,1,1,
2026-09-27 00:30:12,log,167000,30.45,73.15,1008.01,30.86,73.05,1007.99,0,0,OFF,1,1,1,
2026-09-27 00:30:13,log,168000,30.46,72.80,1008.10,30.86,73.34,1007.99,0,0,OFF,1,1,1,
2026-09-27 00:30:14,log,169000,30.45,72.96,1007.98,30.86,73.42,1007.99,0,0,OFF,1,1,1,
2026-09-27 00:30:15,log,170000,30.46,73.13,1008.03,30.86,73.11,1007.96,0,0,OFF,1,1,1,
2026-09-27 00:30:16,log,171000,30.46,73.10,1007.99,30.86,73.00,1007.90,0,0,OFF,1,1,1,
2026-09-27 00:30:17,log,172000,30.46,73.08,1008.02,30.86,72.99,1007.99,0,0,OFF,1,1,1,
2026-09-27 00:30:18,log,173000,30.46,72.90,1008.02,30.85,73.41,1007.98,0,0,OFF,1,1,1,
2026-09-27 00:30:19,log,174000,30.45,72.82,1007.95,30.85,72.97,1007.98,0,0,OFF,1,1,1,
2026-09-27 00:30:20,log,175000,30.47,72.81,1007.98,30.85,73.26,1007.92,0,0,OFF,1,1,1,
2026-09-27 00:30:21,log,176000,30.45,73.09,1008.04,30.86,73.09,1007.99,0,0,OFF,1,1,1,
2026-09-27 00:30:22,log,177000,30.47,73.08,1008.03,30.86,73.09,1007.99,0,0,OFF,1,1,1,
2026-09-27 00:30:23,log,178000,30.47,72.71,1007.98,30.86,73.39,1007.96,0,0,OFF,1,1,1,
2026-09-27 00:30:24,log,179000,30.46,72.77,1008.00,30.85,73.46,1007.92,0,0,OFF,1,1,1,
2026-09-27 00:30:25,log,180000,30.46,72.77,1008.03,30.86,73.33,1007.91,0,0,OFF,1,1,1,
2026-09-27 00:30:26,log,181000,30.46,72.93,1007.96,30.86,73.01,1007.93,0,0,OFF,1,1,1,
2026-09-27 00:30:27,log,182000,30.46,72.82,1008.03,30.86,73.31,1007.93,0,0,OFF,1,1,1,
2026-09-27 00:30:28,log,183000,30.46,72.81,1008.03,30.86,73.26,1007.97,0,0,OFF,1,1,1,
2026-09-27 00:30:29,log,184000,30.47,72.81,1008.06,30.86,73.22,1007.90,0,0,OFF,1,1,1,
2026-09-27 00:30:30,log,185000,30.47,73.10,1008.03,30.87,73.12,1007.92,0,0,OFF,1,1,1,
2026-09-27 00:30:31,log,186000,30.47,72.90,1007.98,30.87,73.23,1007.96,0,0,OFF,1,1,1,
2026-09-27 00:30:32,log,187000,30.47,73.04,1007.95,30.86,73.38,1007.91,0,0,OFF,1,1,1,
2026-09-27 00:30:33,log,188000,30.47,73.01,1007.95,30.87,73.48,1008.00,0,0,OFF,1,1,1,
2026-09-27 00:30:34,log,189000,30.47,72.73,1007.93,30.87,73.35,1007.96,0,0,OFF,1,1,1,
2026-09-27 00:30:35,log,190000,30.47,73.01,1008.04,30.87,73.16,1007.89,0,0,OFF,1,1,1,
2026-09-27 00:30:36,log,191000,30.46,72.93,1007.97,30.87,73.25,1007.97,0,0,OFF,1,1,1,
2026-09-27 00:30:37,log,192000,30.47,72.78,1007.99,30.87,73.21,1007.92,0,0,OFF,1,1,1,
2026-09-27 00:30:38,log,193000,30.47,72.89,1007.95,30.87,73.37,1008.00,0,0,OFF,1,1,1,
2026-09-27 00:30:39,log,194000,30.47,73.05,1007.99,30.87,73.37,1007.93,0,0,OFF,1,1,1,
2026-09-27 00:30:40,log,195000,30.48,73.16,1007.99,30.88,73.12,1007.91,0,0,OFF,1,1,1,
2026-09-27 00:30:41,log,196000,30.47,72.82,1007.95,30.88,73.26,1007.91,0,0,OFF,1,1,1,
2026-09-27 00:30:42,log,197000,30.47,72.70,1008.04,30.87,73.33,1007.96,0,0,OFF,1,1,1,
2026-09-27 00:30:43,log,198000,30.47,73.04,1007.98,30.88,73.33,1007.96,0,0,OFF,1,1,1,
2026-09-27 00:30:44,log,199000,30.48,72.84,1008.02,30.88,73.10,1007.96,0,0,OFF,1,1,1,
2026-09-27 00:30:45,log,200000,30.48,73.15,1008.00,30.88,73.02,1007.96,0,0,OFF,1,1,1,
2026-09-27 00:30:46,log,201000,30.48,73.17,1008.05,30.88,73.12,1007.94,0,0,OFF,1,1,1,
2026-09-27 00:30:47,log,202000,30.47,73.06,1007.99,30.89,73.10,1007.95,0,0,OFF,1,1,1,
2026-09-27 00:30:48,log,203000,30.48,73.11,1007.99,30.88,73.26,1007.96,0,0,OFF,1,1,1,
2026-09-27 00:30:49,log,204000,30.48,73.06,1008.02,30.88,73.05,1007.91,0,0,OFF,1,1,1,
2026-09-27 00:30:50,log,205000,30.48,73.01,1008.00,30.89,73.49,1007.90,0,0,OFF,1,1,1,
2026-09-27 00:30:51,log,206000,30.48,72.93,1007.97,30.89,73.35,1007.95,0,0,OFF,1,1,1,
2026-09-27 00:30:52,log,207000,30.48,73.10,1007.97,30.89,73.38,1007.90,0,0,OFF,1,1,1,
2026-09-27 00:30:53,log,208000,30.48,72.92,1007.97,30.89,73.34,1007.98,0,0,OFF,1,1,1,
2026-09-27 00:30:54,log,209000,30.50,72.81,1008.03,30.89,73.40,1007.92,0,0,OFF,1,1,1,
2026-09-27 00:30:55,log,210000,30.48,73.02,1007.99,30.89,73.15,1007.98,0,0,OFF,1,1,1,
2026-09-27 00:30:56,log,211000,30.49,73.07,1008.02,30.89,73.29,1007.93,0,0,OFF,1,1,1,
2026-09-27 00:30:57,log,212000,30.49,73.00,1007.98,30.89,73.42,1007.98,0,0,OFF,1,1,1,
2026-09-27 00:30:58,log,213000,30.48,73.01,1007.95,30.89,73.23,1007.93,0,0,OFF,1,1,1,
2026-09-27 00:30:59,log,214000,30.49,73.00,1008.04,30.90,73.25,1007.94,0,0,OFF,1,1,1,
2026-09-27 00:31:00,log,215000,30.49,73.01,1007.98,30.89,73.23,1007.93,0,0,OFF,1,1,1,
2026-09-27 00:31:01,log,216000,30.49,72.92,1008.01,30.90,73.27,1007.92,0,0,OFF,1,1,1,
2026-09-27 00:31:02,log,217000,30.50,72.83,1007.97,30.89,73.29,1007.90,0,0,OFF,1,1,1,
2026-09-27 00:31:03,log,218000,30.48,73.01,1008.00,30.90,73.25,1007.97,0,0,OFF,1,1,1,
2026-09-27 00:31:04,log,219000,30.50,72.69,1008.03,30.90,73.17,1007.97,0,0,OFF,1,1,1,
2026-09-27 00:31:05,log,220000,30.50,72.68,1007.97,30.89,73.32,1008.01,0,0,OFF,1,1,1,
2026-09-27 00:31:06,log,221000,30.49,73.01,1008.01,30.90,73.28,1007.94,0,0,OFF,1,1,1,
2026-09-27 00:31:07,log,222000,30.48,72.98,1008.00,30.89,73.27,1007.93,0,0,OFF,1,1,1,
2026-09-27 00:31:08,log,223000,30.48,72.86,1007.95,30.90,73.37,1007.94,0,0,OFF,1,1,1,
2026-09-27 00:31:09,log,224000,30.49,72.69,1008.02,30.90,73.27,1008.00,0,0,OFF,1,1,1,
2026-09-27 00:31:10,log,225000,30.49,72.99,1007.99,30.89,73.23,1007.99,0,0,OFF,1,1,1,
2026-09-27 00:31:11,log,226000,30.48,72.77,1008.00,30.89,73.26,1007.93,0,0,OFF,1,1,1,
2026-09-27 00:31:12,log,227000,30.48,72.66,1008.03,30.89,73.19,1007.96,0,0,OFF,1,1,1,
2026-09-27 00:31:13,log,228000,30.48,72.64,1008.03,30.89,73.24,1007.92,0,0,OFF,1,1,1,
2026-09-27 00:31:14,log,229000,30.47,72.94,1007.99,30.88,73.32,1007.94,0,0,OFF,1,1,1,
2026-09-27 00:31:15,log,230000,30.48,72.71,1007.99,30.89,73.22,1007.98,0,0,OFF,1,1,1,
2026-09-27 00:31:16,log,231000,30.47,72.96,1007.99,30.89,73.26,1007.95,0,0,OFF,1,1,1,
2026-09-27 00:31:17,log,232000,30.47,73.12,1008.03,30.88,73.29,1007.94,0,0,OFF,1,1,1,
2026-09-27 00:31:18,log,233000,30.47,72.75,1008.01,30.89,73.36,1007.95,0,0,OFF,1,1,1,
2026-09-27 00:31:19,log,234000,30.48,72.97,1008.00,30.89,73.13,1007.99,0,0,OFF,1,1,1,
2026-09-27 00:31:20,log,235000,30.47,73.07,1007.96,30.90,73.28,1007.94,0,0,OFF,1,1,1,
2026-09-27 00:31:21,log,236000,30.48,73.08,1007.99,30.88,73.36,1007.97,0,0,OFF,1,1,1,
2026-09-27 00:31:22,log,237000,30.47,73.05,1008.01,30.90,73.26,1007.97,0,0,OFF,1,1,1,
2026-09-27 00:31:23,log,238000,30.48,72.81,1007.99,30.89,73.23,1007.87,0,0,OFF,1,1,1,
2026-09-27 00:31:24,log,239000,30.48,73.01,1007.99,30.90,73.35,1007.94,0,0,OFF,1,1,1,
2026-09-27 00:31:25,log,240000,30.48,72.95,1008.02,30.89,73.09,1007.90,0,0,OFF,1,1,1,
2026-09-27 00:31:26,log,241000,30.48,72.99,1008.00,30.89,73.34,1007.93,0,0,OFF,1,1,1,
2026-09-27 00:31:27,log,242000,30.47,72.75,1007.99,30.90,73.32,1008.00,0,0,OFF,1,1,1,
2026-09-27 00:31:28,log,243000,30.48,72.80,1008.02,30.89,73.34,1007.93,0,0,OFF,1,1,1,
2026-09-27 00:31:29,log,244000,30.48,72.88,1007.99,30.90,73.39,1007.88,0,0,OFF,1,1,1,
2026-09-27 00:31:30,log,245000,30.48,73.07,1007.97,30.90,73.31,1007.95,0,0,OFF,1,1,1,
2026-09-27 00:31:31,log,246000,30.48,73.04,1008.00,30.90,73.30,1007.92,0,0,OFF,1,1,1,
2026-09-27 00:31:32,log,247000,30.48,73.06,1008.00,30.90,73.34,1007.89,0,0,OFF,1,1,1,
2026-09-27 00:31:33,log,248000,30.48,72.83,1007.97,30.90,73.42,1007.98,0,0,OFF,1,1,1,
2026-09-27 00:31:34,log,249000,30.48,73.00,1008.00,30.91,73.36,1007.93,0,0,OFF,1,1,1,
2026-09-27 00:31:35,log,250000,30.49,72.78,1007.95,30.90,73.42,1007.92,0,0,OFF,1,1,1,
2026-09-27 00:31:36,log,251000,30.50,73.04,1008.03,30.90,73.37,1007.89,0,0,OFF,1,1,1,
2026-09-27 00:31:37,log,252000,30.49,72.96,1007.99,30.91,72.98,1007.93,0,0,OFF,1,1,1,
2026-09-27 00:31:38,log,253000,30.49,73.10,1008.01,30.90,73.41,1007.95,0,0,OFF,1,1,1,
2026-09-27 00:31:39,log,254000,30.49,72.99,1007.98,30.90,73.41,1007.94,0,0,OFF,1,1,1,
2026-09-27 00:31:40,log,255000,30.49,73.04,1007.96,30.90,73.38,1007.98,0,0,OFF,1,1,1,
2026-09-27 00:31:41,log,256000,30.50,73.08,1008.00,30.91,73.30,1007.96,0,0,OFF,1,1,1,
2026-09-27 00:31:42,log,257000,30.50,73.03,1008.00,30.90,73.27,1007.92,0,0,OFF,1,1,1,
2026-09-27 00:31:43,log,258000,30.49,73.09,1008.02,30.90,73.23,1007.86,0,0,OFF,1,1,1,
2026-09-27 00:31:44,log,259000,30.49,72.83,1007.96,30.89,73.34,1008.02,0,0,OFF,1,1,1,
2026-09-27 00:31:45,log,260000,30.50,72.76,1008.03,30.90,73.21,1007.88,0,0,OFF,1,1,1,
2026-09-27 00:31:46,log,261000,30.49,72.86,1007.93,30.90,73.15,1007.88,0,0,OFF,1,1,1,
2026-09-27 00:31:47,log,262000,30.50,72.75,1007.97,30.90,73.34,1007.91,0,0,OFF,1,1,1,
2026-09-27 00:31:48,log,263000,30.50,72.71,1008.00,30.90,72.94,1007.97,0,0,OFF,1,1,1,
2026-09-27 00:31:49,log,264000,30.50,73.06,1008.06,30.91,73.30,1007.93,0,0,OFF,1,1,1,
2026-09-27 00:31:50,log,265000,30.49,73.02,1007.96,30.90,73.04,1007.94,0,0,OFF,1,1,1,
2026-09-27 00:31:51,log,266000,30.49,72.84,1008.01,30.89,73.03,1007.93,0,0,OFF,1,1,1,
2026-09-27 00:31:52,log,267000,30.50,73.01,1007.97,30.90,73.20,1007.88,0,0,OFF,1,1,1,
2026-09-27 00:31:53,log,268000,30.50,72.86,1007.97,30.90,72.85,1007.95,0,0,OFF,1,1,1,
2026-09-27 00:31:54,log,269000,30.49,72.91,1007.99,30.89,73.38,1007.88,0,0,OFF,1,1,1,
2026-09-27 00:31:55,log,270000,30.50,72.83,1007.98,30.89,73.26,1007.99,0,0,OFF,1,1,1,
2026-09-27 00:31:56,log,271000,30.50,72.86,1008.03,30.89,73.41,1007.93,0,0,OFF,1,1,1,
2026-09-27 00:31:57,log,272000,30.49,73.13,1007.93,30.90,73.38,1007.89,0,0,OFF,1,1,1,
2026-09-27 00:31:58,log,273000,30.50,73.12,1008.00,30.90,73.32,1008.00,0,0,OFF,1,1,1,
2026-09-27 00:31:59,log,274000,30.50,72.73,1007.95,30.89,73.25,1007.93,0,0,OFF,1,1,1,
2026-09-27 00:32:00,log,275000,30.50,72.74,1007.97,30.90,73.35,1007.94,0,0,OFF,1,1,1,
2026-09-27 00:32:01,log,276000,30.50,72.76,1008.01,30.90,73.33,1007.89,0,0,OFF,1,1,1,
2026-09-27 00:32:02,log,277000,30.50,72.71,1008.03,30.90,73.39,1008.00,0,0,OFF,1,1,1,
2026-09-27 00:32:03,log,278000,30.49,73.09,1007.96,30.90,73.47,1007.91,0,0,OFF,1,1,1,
2026-09-27 00:32:04,log,279000,30.50,72.90,1008.03,30.90,73.32,1007.97,0,0,OFF,1,1,1,
2026-09-27 00:32:05,log,280000,30.51,72.81,1008.01,30.89,73.43,1007.93,0,0,OFF,1,1,1,
2026-09-27 00:32:06,log,281000,30.50,73.02,1008.03,30.89,73.35,1007.95,0,0,OFF,1,1,1,
2026-09-27 00:32:07,log,282000,30.50,72.87,1007.97,30.89,73.29,1007.93,0,0,OFF,1,1,1,
2026-09-27 00:32:08,log,283000,30.50,73.10,1007.95,30.89,73.29,1007.92,0,0,OFF,1,1,1,
2026-09-27 00:32:09,log,284000,30.50,73.02,1008.00,30.89,73.31,1008.02,0,0,OFF,1,1,1,
2026-09-27 00:32:10,log,285000,30.50,73.06,1008.03,30.89,73.35,1007.96,0,0,OFF,1,1,1,
2026-09-27 00:32:11,log,286000,30.50,72.97,1008.03,30.89,73.32,1007.90,0,0,OFF,1,1,1,
2026-09-27 00:32:12,log,287000,30.49,72.99,1007.99,30.89,73.33,1007.92,0,0,OFF,1,1,1,
2026-09-27 00:32:13,log,288000,30.49,73.01,1008.02,30.90,73.05,1007.94,0,0,OFF,1,1,1,
2026-09-27 00:32:14,log,289000,30.49,72.77,1008.02,30.89,73.34,1007.93,0,0,OFF,1,1,1,
2026-09-27 00:32:15,log,290000,30.49,73.01,1007.98,30.89,73.34,1007.98,0,0,OFF,1,1,1,
2026-09-27 00:32:16,log,291000,30.50,73.11,1008.03,30.90,73.26,1008.00,0,0,OFF,1,1,1,
2026-09-27 00:32:17,log,292000,30.49,72.75,1007.95,30.89,73.24,1007.92,0,0,OFF,1,1,1,
2026-09-27 00:32:18,log,293000,30.48,72.68,1008.03,30.89,73.23,1007.93,0,0,OFF,1,1,1,
2026-09-27 00:32:19,log,294000,30.48,73.05,1008.03,30.88,73.26,1007.91,0,0,OFF,1,1,1,
2026-09-27 00:32:20,log,295000,30.49,72.75,1007.98,30.89,73.18,1007.92,0,0,OFF,1,1,1,
2026-09-27 00:32:21,log,296000,30.48,73.04,1008.00,30.89,73.40,1007.93,0,0,OFF,1,1,1,
2026-09-27 00:32:22,log,297000,30.49,72.80,1008.01,30.89,73.36,1007.90,0,0,OFF,1,1,1,
2026-09-27 00:32:23,log,298000,30.49,72.95,1007.95,30.89,73.30,1007.96,0,0,OFF,1,1,1,
2026-09-27 00:32:24,log,299000,30.48,72.69,1007.94,30.88,73.24,1007.92,0,0,OFF,1,1,1,
2026-09-27 00:32:25,log,300000,30.49,73.01,1008.01,30.90,73.40,1007.97,0,0,OFF,1,1,1,
2026-09-27 00:32:26,log,301000,30.48,73.08,1007.95,30.89,73.29,1007.99,0,0,OFF,1,1,1,
2026-09-27 00:32:27,log,302000,30.49,72.74,1007.95,30.89,73.13,1007.92,0,0,OFF,1,1,1,
2026-09-27 00:32:28,log,303000,30.49,72.93,1007.95,30.90,73.09,1007.94,0,0,OFF,1,1,1,
2026-09-27 00:32:29,log,304000,30.48,73.09,1008.00,30.89,73.34,1007.98,0,0,OFF,1,1,1,
2026-09-27 00:32:30,log,305000,30.49,72.98,1007.96,30.88,73.05,1007.88,0,0,OFF,1,1,1,
2026-09-27 00:32:31,log,306000,30.49,72.83,1007.99,30.89,72.97,1007.92,0,0,OFF,1,1,1,
2026-09-27 00:32:32,log,307000,30.48,72.98,1007.95,30.89,73.26,1007.98,0,0,OFF,1,1,1,
2026-09-27 00:32:33,log,308000,30.48,73.04,1007.89,30.89,73.18,1007.92,0,0,OFF,1,1,1,
2026-09-27 00:32:34,log,309000,30.49,72.79,1007.98,30.88,73.17,1007.97,0,0,OFF,1,1,1,
2026-09-27 00:32:35,log,310000,30.48,73.00,1007.97,30.89,73.27,1007.92,0,0,OFF,1,1,1,
2026-09-27 00:32:36,log,311000,30.48,72.65,1007.99,30.89,73.32,1007.95,0,0,OFF,1,1,1,
2026-09-27 00:32:37,log,312000,30.49,72.69,1007.99,30.89,73.27,1007.90,0,0,OFF,1,1,1,
2026-09-27 00:32:38,log,313000,30.48,72.98,1007.95,30.88,73.28,1007.94,0,0,OFF,1,1,1,
2026-09-27 00:32:39,log,314000,30.48,73.06,1008.00,30.89,73.26,1007.92,0,0,OFF,1,1,1,
2026-09-27 00:32:40,log,315000,30.49,72.99,1008.04,30.88,73.23,1007.91,0,0,OFF,1,1,1,
2026-09-27 00:32:41,log,316000,30.49,72.73,1008.04,30.89,73.32,1007.93,0,0,OFF,1,1,1,
2026-09-27 00:32:42,log,317000,30.49,72.89,1007.95,30.88,73.37,1007.91,0,0,OFF,1,1,1,
2026-09-27 00:32:43,log,318000,30.49,73.03,1008.04,30.88,73.25,1007.94,0,0,OFF,1,1,1,
2026-09-27 00:32:44,log,319000,30.49,72.90,1007.98,30.89,73.31,1007.92,0,0,OFF,1,1,1,
2026-09-27 00:32:45,log,320000,30.49,73.04,1008.02,30.89,73.25,1007.93,0,0,OFF,1,1,1,
2026-09-27 00:32:46,log,321000,30.49,73.02,1007.96,30.89,73.32,1007.96,0,0,OFF,1,1,1,
2026-09-27 00:32:47,log,322000,30.49,72.86,1007.96,30.89,73.23,1007.93,0,0,OFF,1,1,1,
2026-09-27 00:32:48,log,323000,30.49,73.17,1007.95,30.89,73.30,1007.95,0,0,OFF,1,1,1,
2026-09-27 00:32:49,log,324000,30.50,72.85,1007.94,30.89,73.18,1007.99,0,0,OFF,1,1,1,
2026-09-27 00:32:50,log,325000,30.49,72.98,1007.96,30.89,73.32,1007.93,0,0,OFF,1,1,1,
2026-09-27 00:32:51,log,326000,30.48,72.64,1008.00,30.89,73.30,1007.92,0,0,OFF,1,1,1,
2026-09-27 00:32:52,log,327000,30.49,73.00,1008.01,30.89,73.26,1007.88,0,0,OFF,1,1,1,
2026-09-27 00:32:53,log,328000,30.49,72.75,1007.96,30.89,73.23,1007.95,0,0,OFF,1,1,1,
2026-09-27 00:32:54,log,329000,30.48,73.05,1007.97,30.90,73.37,1007.97,0,0,OFF,1,1,1,
2026-09-27 00:32:55,log,330000,30.49,72.97,1008.04,30.90,73.11,1007.91,0,0,OFF,1,1,1,
2026-09-27 00:32:56,log,331000,30.49,73.03,1007.99,30.90,73.31,1007.94,0,0,OFF,1,1,1,
2026-09-27 00:32:57,log,332000,30.49,72.67,1008.02,30.89,73.33,1007.90,0,0,OFF,1,1,1,
2026-09-27 00:32:58,log,333000,30.49,72.95,1008.04,30.90,73.05,1007.88,0,0,OFF,1,1,1,
2026-09-27 00:32:59,log,334000,30.50,72.97,1007.97,30.89,73.29,1007.88,0,0,OFF,1,1,1,
2026-09-27 00:33:00,log,335000,30.48,72.77,1007.92,30.89,73.27,1007.87,0,0,OFF,1,1,1,
2026-09-27 00:33:01,log,336000,30.49,72.86,1008.02,30.89,73.23,1007.90,0,0,OFF,1,1,1,
2026-09-27 00:33:02,log,337000,30.49,72.95,1008.02,30.89,73.31,1007.93,0,0,OFF,1,1,1,
2026-09-27 00:33:03,log,338000,30.49,72.88,1007.96,30.89,73.10,1007.88,0,0,OFF,1,1,1,
2026-09-27 00:33:04,log,339000,30.48,72.71,1008.00,30.89,73.04,1007.92,0,0,OFF,1,1,1,
2026-09-27 00:33:05,log,340000,30.49,72.95,1007.99,30.89,73.10,1007.92,0,0,OFF,1,1,1,
2026-09-27 00:33:06,log,341000,30.49,72.69,1007.98,30.89,73.22,1007.90,0,0,OFF,1,1,1,
2026-09-27 00:33:07,log,342000,30.49,73.02,1007.98,30.89,73.23,1007.87,0,0,OFF,1,1,1,
2026-09-27 00:33:08,log,343000,30.48,72.92,1008.00,30.90,73.26,1007.94,0,0,OFF,1,1,1,
2026-09-27 00:33:09,log,344000,30.50,72.71,1007.94,30.90,73.23,1007.94,0,0,OFF,1,1,1,
2026-09-27 00:33:10,log,345000,30.49,72.71,1007.96,30.88,73.19,1007.92,0,0,OFF,1,1,1,
2026-09-27 00:33:11,log,346000,30.49,72.96,1007.99,30.89,73.27,1007.90,0,0,OFF,1,1,1,
2026-09-27 00:33:12,log,347000,30.49,72.66,1008.01,30.89,73.19,1007.95,0,0,OFF,1,1,1,
2026-09-27 00:33:13,log,348000,30.48,72.94,1007.97,30.88,73.01,1007.94,0,0,OFF,1,1,1,
2026-09-27 00:33:14,log,349000,30.48,72.70,1008.02,30.89,72.96,1007.95,0,0,OFF,1,1,1,
2026-09-27 00:33:15,log,350000,30.47,72.73,1007.99,30.89,72.90,1007.92,0,0,OFF,1,1,1,
2026-09-27 00:33:16,log,351000,30.47,72.91,1008.03,30.88,72.99,1007.89,0,0,OFF,1,1,1,
2026-09-27 00:33:17,log,352000,30.47,72.72,1007.96,30.89,72.89,1007.90,0,0,OFF,1,1,1,
2026-09-27 00:33:18,log,353000,30.48,72.62,1007.99,30.88,73.14,1007.91,0,0,OFF,1,1,1,
2026-09-27 00:33:19,log,354000,30.47,73.02,1007.99,30.89,73.19,1007.98,0,0,OFF,1,1,1,
2026-09-27 00:33:20,log,355000,30.48,72.75,1007.97,30.88,73.19,1007.94,0,0,OFF,1,1,1,
2026-09-27 00:33:21,log,356000,30.48,72.98,1007.99,30.88,73.18,1007.89,0,0,OFF,1,1,1,
2026-09-27 00:33:22,log,357000,30.47,73.04,1008.01,30.89,73.26,1007.90,0,0,OFF,1,1,1,
2026-09-27 00:33:23,log,358000,30.48,73.00,1008.00,30.89,73.21,1007.95,0,0,OFF,1,1,1,
2026-09-27 00:33:24,log,359000,30.48,72.97,1008.00,30.88,73.08,1007.96,0,0,OFF,1,1,1,
2026-09-27 00:33:25,log,360000,30.47,72.78,1007.99,30.89,73.33,1007.96,0,0,OFF,1,1,1,
2026-09-27 00:33:26,log,361000,30.48,72.93,1007.97,30.88,73.12,1007.89,0,0,OFF,1,1,1,
2026-09-27 00:33:27,log,362000,30.48,73.01,1007.97,30.89,73.26,1007.95,0,0,OFF,1,1,1,
2026-09-27 00:33:28,log,363000,30.48,72.99,1007.99,30.88,73.15,1007.88,0,0,OFF,1,1,1,
2026-09-27 00:33:29,log,364000,30.47,72.98,1008.01,30.88,73.05,1007.91,0,0,OFF,1,1,1,
2026-09-27 00:33:30,log,365000,30.48,72.77,1007.99,30.88,72.96,1007.96,0,0,OFF,1,1,1,
2026-09-27 00:33:31,log,366000,30.48,72.98,1007.95,30.88,73.19,1007.91,0,0,OFF,1,1,1,
2026-09-27 00:33:32,log,367000,30.48,72.73,1007.97,30.88,73.07,1007.96,0,0,OFF,1,1,1,
2026-09-27 00:33:33,log,368000,30.48,72.96,1007.89,30.88,73.01,1007.94,0,0,OFF,1,1,1,
2026-09-27 00:33:34,log,369000,30.47,72.69,1007.93,30.87,72.83,1007.90,0,0,OFF,1,1,1,
2026-09-27 00:33:35,log,370000,30.47,72.93,1007.99,30.87,72.90,1007.89,0,0,OFF,1,1,1,
2026-09-27 00:33:36,log,371000,30.48,72.93,1007.99,30.88,73.24,1007.92,0,0,OFF,1,1,1,
2026-09-27 00:33:37,log,372000,30.48,72.81,1008.00,30.87,72.99,1007.93,0,0,OFF,1,1,1,
2026-09-27 00:33:38,log,373000,30.47,72.89,1007.96,30.88,73.26,1007.88,0,0,OFF,1,1,1,
2026-09-27 00:33:39,log,374000,30.47,72.93,1007.95,30.87,73.14,1007.96,0,0,OFF,1,1,1,
2026-09-27 00:33:40,log,375000,30.47,72.98,1007.98,30.87,72.83,1007.95,0,0,OFF,1,1,1,
2026-09-27 00:33:41,log,376000,30.47,72.65,1007.98,30.87,72.77,1007.89,0,0,OFF,1,1,1,
2026-09-27 00:33:42,log,377000,30.47,73.01,1007.95,30.87,73.17,1007.92,0,0,OFF,1,1,1,
2026-09-27 00:33:43,log,378000,30.47,72.98,1008.01,30.87,73.21,1007.92,0,0,OFF,1,1,1,
2026-09-27 00:33:44,log,379000,30.47,73.04,1008.01,30.87,73.23,1007.93,0,0,OFF,1,1,1,
2026-09-27 00:33:45,log,380000,30.47,72.82,1008.03,30.87,73.24,1007.93,0,0,OFF,1,1,1,
2026-09-27 00:33:46,log,381000,30.46,72.84,1007.94,30.87,73.15,1007.92,0,0,OFF,1,1,1,
2026-09-27 00:33:47,log,382000,30.47,72.87,1008.01,30.86,73.00,1007.96,0,0,OFF,1,1,1,
2026-09-27 00:33:48,log,383000,30.47,72.99,1007.98,30.86,72.85,1007.91,0,0,OFF,1,1,1,
2026-09-27 00:33:49,log,384000,30.47,72.84,1007.98,30.87,73.26,1007.95,0,0,OFF,1,1,1,
2026-09-27 00:33:50,log,385000,30.46,72.86,1007.93,30.86,73.05,1007.88,0,0,OFF,1,1,1,
2026-09-27 00:33:51,log,386000,30.46,72.61,1007.93,30.85,72.92,1007.95,0,0,OFF,1,1,1,
2026-09-27 00:33:52,log,387000,30.46,72.87,1007.99,30.87,72.99,1007.92,0,0,OFF,1,1,1,
2026-09-27 00:33:53,log,388000,30.46,72.95,1008.00,30.87,73.25,1007.92,0,0,OFF,1,1,1,
2026-09-27 00:33:54,log,389000,30.46,72.94,1007.97,30.86,73.20,1007.91,0,0,OFF,1,1,1,
2026-09-27 00:33:55,log,390000,30.47,72.71,1007.98,30.87,73.26,1007.92,0,0,OFF,1,1,1,
2026-09-27 00:33:56,log,391000,30.46,72.91,1007.93,30.86,72.98,1007.88,0,0,OFF,1,1,1,
2026-09-27 00:33:57,log,392000,30.45,72.76,1007.95,30.86,72.99,1007.85,0,0,OFF,1,1,1,
2026-09-27 00:33:58,log,393000,30.45,72.68,1007.93,30.86,73.25,1007.91,0,0,OFF,1,1,1,
2026-09-27 00:33:59,log,394000,30.45,72.99,1007.98,30.86,73.03,1007.93,0,0,OFF,1,1,1,
2026-09-27 00:34:00,log,395000,30.45,72.76,1007.95,30.86,73.13,1007.93,0,0,OFF,1,1,1,
2026-09-27 00:34:01,log,396000,30.46,72.61,1007.96,30.85,72.93,1007.92,0,0,OFF,1,1,1,
2026-09-27 00:34:02,log,397000,30.45,72.96,1007.97,30.85,73.01,1007.89,0,0,OFF,1,1,1,
2026-09-27 00:34:03,log,398000,30.45,72.96,1008.00,30.86,72.96,1007.85,0,0,OFF,1,1,1,
2026-09-27 00:34:04,log,399000,30.45,72.91,1007.97,30.85,73.21,1007.92,0,0,OFF,1,1,1,
2026-09-27 00:34:05,log,400000,30.45,72.76,1007.95,30.85,73.20,1007.92,0,0,OFF,1,1,1,
2026-09-27 00:34:06,log,401000,30.44,72.84,1007.94,30.86,73.37,1007.99,0,0,OFF,1,1,1,
2026-09-27 00:34:07,log,402000,30.44,73.00,1008.02,30.84,73.25,1007.88,0,0,OFF,1,1,1,
2026-09-27 00:34:08,log,403000,30.45,72.83,1007.93,30.84,73.33,1007.91,0,0,OFF,1,1,1,
2026-09-27 00:34:09,log,404000,30.45,72.94,1007.95,30.85,72.82,1007.94,0,0,OFF,1,1,1,
2026-09-27 00:34:10,log,405000,30.44,72.93,1007.99,30.85,72.84,1007.94,0,0,OFF,1,1,1,
2026-09-27 00:34:11,log,406000,30.44,72.85,1007.96,30.86,73.25,1007.99,0,0,OFF,1,1,1,
2026-09-27 00:34:12,log,407000,30.45,72.94,1007.97,30.84,73.23,1007.87,0,0,OFF,1,1,1,
2026-09-27 00:34:13,log,408000,30.45,72.88,1008.03,30.85,73.19,1008.03,0,0,OFF,1,1,1,
2026-09-27 00:34:14,log,409000,30.44,72.73,1007.99,30.85,73.25,1007.89,0,0,OFF,1,1,1,
2026-09-27 00:34:15,log,410000,30.44,73.01,1007.99,30.84,73.21,1007.93,0,0,OFF,1,1,1,
2026-09-27 00:34:16,log,411000,30.44,72.94,1008.01,30.85,73.23,1007.92,0,0,OFF,1,1,1,
2026-09-27 00:34:17,log,412000,30.44,72.84,1007.99,30.84,73.24,1007.87,0,0,OFF,1,1,1,
2026-09-27 00:34:18,log,413000,30.43,72.93,1007.95,30.84,73.28,1007.95,0,0,OFF,1,1,1,
2026-09-27 00:34:19,log,414000,30.43,72.97,1007.98,30.84,73.22,1007.90,0,0,OFF,1,1,1,
2026-09-27 00:34:20,log,415000,30.44,72.82,1007.99,30.84,73.23,1007.90,0,0,OFF,1,1,1,
2026-09-27 00:34:21,log,416000,30.43,73.00,1007.92,30.84,73.30,1007.87,0,0,OFF,1,1,1,
2026-09-27 00:34:22,log,417000,30.43,72.99,1007.95,30.84,73.16,1007.91,0,0,OFF,1,1,1,
2026-09-27 00:34:23,log,418000,30.43,72.97,1007.94,30.84,73.16,1007.95,0,0,OFF,1,1,1,
2026-09-27 00:34:24,log,419000,30.43,72.76,1007.92,30.83,73.26,1007.86,0,0,OFF,1,1,1,
2026-09-27 00:34:25,log,420000,30.43,72.75,1008.03,30.84,73.27,1007.91,0,0,OFF,1,1,1,
2026-09-27 00:34:26,log,421000,30.42,72.66,1007.99,30.83,73.24,1007.97,0,0,OFF,1,1,1,
2026-09-27 00:34:27,log,422000,30.42,72.78,1008.02,30.83,73.05,1007.89,0,0,OFF,1,1,1,
2026-09-27 00:34:28,log,423000,30.43,73.07,1007.91,30.82,73.05,1007.84,0,0,OFF,1,1,1,
2026-09-27 00:34:29,log,424000,30.42,72.73,1007.91,30.84,72.96,1007.90,0,0,OFF,1,1,1,
2026-09-27 00:34:30,log,425000,30.42,73.01,1007.96,30.83,73.25,1007.89,0,0,OFF,1,1,1,
2026-09-27 00:34:31,log,426000,30.43,73.04,1008.00,30.84,73.04,1007.95,0,0,OFF,1,1,1,
2026-09-27 00:34:32,log,427000,30.43,72.70,1007.97,30.83,73.04,1007.94,0,0,OFF,1,1,1,
2026-09-27 00:34:33,log,428000,30.42,72.88,1007.99,30.83,73.12,1007.94,0,0,OFF,1,1,1,
2026-09-27 00:34:34,log,429000,30.43,73.00,1008.00,30.83,72.96,1007.94,0,0,OFF,1,1,1,
2026-09-27 00:34:35,log,430000,30.42,73.02,1007.91,30.85,73.13,1007.94,0,0,OFF,1,1,1,
2026-09-27 00:34:36,log,431000,30.42,73.08,1007.93,30.84,73.13,1007.91,0,0,OFF,1,1,1,
2026-09-27 00:34:37,log,432000,30.43,72.97,1007.94,30.83,72.89,1007.91,0,0,OFF,1,1,1,
2026-09-27 00:34:38,log,433000,30.42,72.85,1007.95,30.83,73.29,1007.94,0,0,OFF,1,1,1,
2026-09-27 00:34:39,log,434000,30.42,72.86,1007.99,30.82,73.24,1007.87,0,0,OFF,1,1,1,
2026-09-27 00:34:40,log,435000,30.42,72.68,1007.98,30.83,73.11,1007.89,0,0,OFF,1,1,1,
2026-09-27 00:34:41,log,436000,30.41,72.93,1007.95,30.81,73.21,1007.83,0,0,OFF,1,1,1,
2026-09-27 00:34:42,log,437000,30.41,72.86,1007.91,30.83,73.07,1007.88,0,0,OFF,1,1,1,
2026-09-27 00:34:43,log,438000,30.41,72.89,1007.97,30.81,72.79,1007.91,0,0,OFF,1,1,1,
2026-09-27 00:34:44,log,439000,30.41,72.70,1007.92,30.81,73.27,1007.88,0,0,OFF,1,1,1,
2026-09-27 00:34:45,log,440000,30.40,72.98,1007.93,30.81,73.00,1007.80,0,0,OFF,1,1,1,
2026-09-27 00:34:46,log,441000,30.40,72.91,1007.92,30.81,73.21,1007.91,0,0,OFF,1,1,1,
2026-09-27 00:34:47,log,442000,30.41,72.81,1007.95,30.80,73.17,1007.84,0,0,OFF,1,1,1,
2026-09-27 00:34:48,log,443000,30.41,72.64,1008.02,30.80,72.87,1007.87,0,0,OFF,1,1,1,
2026-09-27 00:34:49,log,444000,30.40,72.68,1007.96,30.81,73.26,1007.85,0,0,OFF,1,1,1,
2026-09-27 00:34:50,log,445000,30.40,72.90,1007.99,30.81,73.27,1007.88,0,0,OFF,1,1,1,
2026-09-27 00:34:51,log,446000,30.41,72.78,1007.95,30.81,73.17,1007.86,0,0,OFF,1,1,1,
2026-09-27 00:34:52,log,447000,30.41,72.95,1007.94,30.81,73.32,1007.85,0,0,OFF,1,1,1,
2026-09-27 00:34:53,log,448000,30.41,73.05,1007.95,30.82,73.18,1007.90,0,0,OFF,1,1,1,
2026-09-27 00:34:54,log,449000,30.41,73.02,1007.97,30.81,73.18,1007.86,0,0,OFF,1,1,1,
2026-09-27 00:34:55,log,450000,30.40,73.03,1007.93,30.82,73.05,1007.90,0,0,OFF,1,1,1,
2026-09-27 00:34:56,log,451000,30.41,72.69,1007.94,30.81,73.00,1007.86,0,0,OFF,1,1,1,
2026-09-27 00:34:57,log,452000,30.41,72.91,1007.97,30.81,73.26,1007.85,0,0,OFF,1,1,1,
2026-09-27 00:34:58,log,453000,30.40,73.02,1007.96,30.81,73.32,1007.83,0,0,OFF,1,1,1,
2026-09-27 00:34:59,log,454000,30.41,72.98,1007.94,30.81,73.27,1007.89,0,0,OFF,1,1,1,
2026-09-27 00:35:00,log,455000,30.41,72.76,1007.94,30.82,73.22,1007.81,0,0,OFF,1,1,1,
2026-09-27 00:35:01,log,456000,30.41,72.72,1008.02,30.82,73.34,1007.87,0,0,OFF,1,1,1,
2026-09-27 00:35:02,log,457000,30.40,72.73,1008.01,30.81,73.23,1007.88,0,0,OFF,1,1,1,
2026-09-27 00:35:03,log,458000,30.40,72.92,1007.93,30.82,73.16,1007.84,0,0,OFF,1,1,1,
2026-09-27 00:35:04,log,459000,30.40,73.09,1007.93,30.81,73.30,1007.85,0,0,OFF,1,1,1,
2026-09-27 00:35:05,log,460000,30.41,72.80,1007.95,30.81,73.01,1007.88,0,0,OFF,1,1,1,
2026-09-27 00:35:06,log,461000,30.40,73.02,1007.92,30.80,72.90,1007.84,0,0,OFF,1,1,1,
2026-09-27 00:35:07,log,462000,30.40,73.09,1007.98,30.82,73.23,1007.92,0,0,OFF,1,1,1,
2026-09-27 00:35:08,log,463000,30.40,72.70,1007.96,30.80,73.27,1007.84,0,0,OFF,1,1,1,
2026-09-27 00:35:09,log,464000,30.40,73.06,1007.99,30.81,73.36,1007.91,0,0,OFF,1,1,1,
2026-09-27 00:35:10,log,465000,30.40,72.88,1007.93,30.81,73.25,1007.89,0,0,OFF,1,1,1,
2026-09-27 00:35:11,log,466000,30.41,72.96,1007.97,30.81,73.26,1007.88,0,0,OFF,1,1,1,
2026-09-27 00:35:12,log,467000,30.40,73.05,1007.99,30.81,73.18,1007.83,0,0,OFF,1,1,1,
2026-09-27 00:35:13,log,468000,30.40,72.78,1007.93,30.81,72.88,1007.85,0,0,OFF,1,1,1,
2026-09-27 00:35:14,log,469000,30.40,72.99,1007.99,30.80,73.28,1007.87,0,0,OFF,1,1,1,
2026-09-27 00:35:15,log,470000,30.40,73.02,1007.93,30.80,73.25,1007.84,0,0,OFF,1,1,1,
2026-09-27 00:35:16,log,471000,30.40,72.98,1007.96,30.82,73.33,1007.84,0,0,OFF,1,1,1,
2026-09-27 00:35:17,log,472000,30.41,73.07,1007.94,30.81,72.93,1007.88,0,0,OFF,1,1,1,
2026-09-27 00:35:18,log,473000,30.41,73.03,1007.97,30.81,73.00,1007.85,0,0,OFF,1,1,1,
2026-09-27 00:35:19,log,474000,30.40,73.00,1007.98,30.81,72.93,1007.91,0,0,OFF,1,1,1,
2026-09-27 00:35:20,log,475000,30.40,73.03,1007.99,30.80,73.26,1007.84,0,0,OFF,1,1,1,
2026-09-27 00:35:21,log,476000,30.40,72.91,1007.89,30.80,73.28,1007.84,0,0,OFF,1,1,1,
2026-09-27 00:35:22,log,477000,30.40,72.88,1007.96,30.81,73.25,1007.88,0,0,OFF,1,1,1,
2026-09-27 00:35:23,log,478000,30.41,72.93,1007.97,30.81,73.25,1007.86,0,0,OFF,1,1,1,
2026-09-27 00:35:24,log,479000,30.41,72.93,1007.97,30.81,73.28,1007.91,0,0,OFF,1,1,1,
2026-09-27 00:35:25,log,480000,30.41,72.92,1007.95,30.81,73.03,1007.82,0,0,OFF,1,1,1,
2026-09-27 00:35:26,log,481000,30.40,73.29,1007.93,30.81,73.09,1007.89,0,0,OFF,1,1,1,
2026-09-27 00:35:27,log,482000,30.42,73.05,1007.95,30.81,73.24,1007.85,0,0,OFF,1,1,1,
2026-09-27 00:35:28,log,483000,30.43,73.24,1007.92,30.81,73.06,1007.86,0,0,OFF,1,1,1,
2026-09-27 00:35:29,log,484000,30.43,72.88,1007.92,30.81,73.25,1007.80,0,0,OFF,1,1,1,
2026-09-27 00:35:30,log,485000,30.45,73.04,1007.95,30.82,73.37,1007.87,0,0,OFF,1,1,1,
2026-09-27 00:35:31,log,486000,30.47,73.12,1007.89,30.82,73.34,1007.90,0,0,OFF,1,1,1,
2026-09-27 00:35:32,log,487000,30.48,72.99,1007.88,30.81,73.39,1007.86,0,0,OFF,1,1,1,
2026-09-27 00:35:33,log,488000,30.49,72.91,1007.95,30.82,73.14,1007.81,0,0,OFF,1,1,1,
2026-09-27 00:35:34,log,489000,30.50,73.14,1007.86,30.83,73.37,1007.84,0,0,OFF,1,1,1,
2026-09-27 00:35:35,log,490000,30.51,73.06,1007.90,30.83,73.46,1007.92,0,0,OFF,1,1,1,
2026-09-27 00:35:36,log,491000,30.50,72.77,1007.95,30.83,73.34,1007.86,0,0,OFF,1,1,1,
2026-09-27 00:35:37,log,492000,30.52,72.61,1007.90,30.82,73.08,1007.84,0,0,OFF,1,1,1,
2026-09-27 00:35:38,log,493000,30.54,72.62,1007.95,30.83,73.24,1007.86,0,0,OFF,1,1,1,
2026-09-27 00:35:39,log,494000,30.55,72.80,1007.88,30.83,73.06,1007.86,0,0,OFF,1,1,1,
2026-09-27 00:35:40,log,495000,30.56,72.80,1007.94,30.83,73.37,1007.84,0,0,OFF,1,1,1,
2026-09-27 00:35:41,log,496000,30.56,72.41,1007.93,30.83,73.28,1007.88,0,0,OFF,1,1,1,
2026-09-27 00:35:42,log,497000,30.57,72.76,1007.95,30.82,73.28,1007.81,0,0,OFF,1,1,1,
2026-09-27 00:35:43,log,498000,30.58,72.52,1007.94,30.83,73.12,1007.83,0,0,OFF,1,1,1,
2026-09-27 00:35:44,log,499000,30.58,72.73,1007.94,30.82,73.15,1007.87,0,0,OFF,1,1,1,
2026-09-27 00:35:45,log,500000,30.58,72.53,1007.94,30.82,73.13,1007.81,0,0,OFF,1,1,1,
2026-09-27 00:35:46,log,501000,30.59,72.55,1007.92,30.82,73.21,1007.92,0,0,OFF,1,1,1,
2026-09-27 00:35:47,log,502000,30.61,72.62,1007.92,30.83,73.25,1007.92,0,0,OFF,1,1,1,
2026-09-27 00:35:48,log,503000,30.62,72.61,1007.93,30.82,73.25,1007.87,0,0,OFF,1,1,1,
2026-09-27 00:35:49,log,504000,30.61,72.94,1007.92,30.82,73.31,1007.92,0,0,OFF,1,1,1,
2026-09-27 00:35:50,log,505000,30.61,72.63,1007.87,30.83,73.17,1007.88,0,0,OFF,1,1,1,
2026-09-27 00:35:51,log,506000,30.63,72.59,1007.92,30.82,73.21,1007.90,0,0,OFF,1,1,1,
2026-09-27 00:35:52,log,507000,30.63,72.57,1007.95,30.81,73.15,1007.85,0,0,OFF,1,1,1,
2026-09-27 00:35:53,log,508000,30.64,72.46,1007.96,30.81,73.24,1007.89,0,0,OFF,1,1,1,
2026-09-27 00:35:54,log,509000,30.64,72.42,1007.94,30.80,73.11,1007.82,0,0,OFF,1,1,1,
2026-09-27 00:35:55,log,510000,30.65,72.63,1007.95,30.80,72.99,1007.84,0,0,OFF,1,1,1,
2026-09-27 00:35:56,log,511000,30.65,72.77,1007.93,30.82,73.23,1007.92,0,0,OFF,1,1,1,
2026-09-27 00:35:57,log,512000,30.64,72.33,1007.94,30.81,73.30,1007.88,0,0,OFF,1,1,1,
2026-09-27 00:35:58,log,513000,30.66,72.26,1007.88,30.81,73.10,1007.80,0,0,OFF,1,1,1,
2026-09-27 00:35:59,log,514000,30.66,72.58,1007.88,30.81,73.34,1007.89,0,0,OFF,1,1,1,
2026-09-27 00:36:00,log,515000,30.68,72.49,1007.97,30.81,73.09,1007.88,0,0,OFF,1,1,1,
2026-09-27 00:36:01,log,516000,30.67,72.53,1007.96,30.82,72.86,1007.87,0,0,OFF,1,1,1,
2026-09-27 00:36:02,log,517000,30.68,72.23,1007.89,30.81,73.09,1007.91,0,0,OFF,1,1,1,
2026-09-27 00:36:03,log,518000,30.68,72.37,1007.90,30.83,73.29,1007.91,0,0,OFF,1,1,1,
2026-09-27 00:36:04,log,519000,30.68,72.47,1007.92,30.81,73.29,1007.88,0,0,OFF,1,1,1,
2026-09-27 00:36:05,log,520000,30.68,72.54,1007.95,30.81,73.14,1007.91,0,0,OFF,1,1,1,
2026-09-27 00:36:06,log,521000,30.69,72.45,1007.93,30.81,73.21,1007.86,0,0,OFF,1,1,1,
2026-09-27 00:36:07,log,522000,30.70,72.51,1007.98,30.81,73.08,1007.89,0,0,OFF,1,1,1,
2026-09-27 00:36:08,log,523000,30.70,72.20,1007.90,30.81,72.91,1007.85,0,0,OFF,1,1,1,
2026-09-27 00:36:09,log,524000,30.70,72.31,1007.89,30.83,73.07,1007.91,0,0,OFF,1,1,1,
2026-09-27 00:36:10,log,525000,30.71,72.42,1007.91,30.81,73.18,1007.86,0,0,OFF,1,1,1,
2026-09-27 00:36:11,log,526000,30.71,72.78,1007.96,30.82,73.09,1007.90,0,0,OFF,1,1,1,
2026-09-27 00:36:12,log,527000,30.70,72.77,1007.96,30.83,73.04,1007.89,0,0,OFF,1,1,1,
2026-09-27 00:36:13,log,528000,30.71,72.63,1007.88,30.82,72.91,1007.90,0,0,OFF,1,1,1,
2026-09-27 00:36:14,log,529000,30.71,72.61,1007.94,30.82,72.88,1007.85,0,0,OFF,1,1,1,
2026-09-27 00:36:15,log,530000,30.71,72.46,1007.92,30.82,72.90,1007.92,0,0,OFF,1,1,1,
2026-09-27 00:36:16,log,531000,30.72,72.11,1007.92,30.81,72.83,1007.83,0,0,OFF,1,1,1,
2026-09-27 00:36:17,log,532000,30.73,72.07,1007.94,30.82,72.87,1007.92,0,0,OFF,1,1,1,
2026-09-27 00:36:18,log,533000,30.73,72.13,1007.95,30.82,73.25,1007.81,0,0,OFF,1,1,1,
2026-09-27 00:36:19,log,534000,30.73,72.35,1007.94,30.83,73.23,1007.83,0,0,OFF,1,1,1,
2026-09-27 00:36:20,log,535000,30.73,72.04,1007.97,30.81,73.19,1007.83,0,0,OFF,1,1,1,
2026-09-27 00:36:21,log,536000,30.73,72.06,1008.01,30.82,73.21,1007.84,0,0,OFF,1,1,1,
2026-09-27 00:36:22,log,537000,30.73,72.24,1007.95,30.81,73.12,1007.82,0,0,OFF,1,1,1,
2026-09-27 00:36:23,log,538000,30.74,72.07,1007.93,30.82,73.15,1007.87,0,0,OFF,1,1,1,
2026-09-27 00:36:24,log,539000,30.74,72.04,1007.93,30.82,73.23,1007.87,0,0,OFF,1,1,1,
2026-09-27 00:36:25,log,540000,30.72,72.33,1007.92,30.81,73.28,1007.85,0,0,OFF,1,1,1,
2026-09-27 00:36:26,log,541000,30.73,72.05,1007.92,30.79,73.18,1007.83,0,0,OFF,1,1,1,
2026-09-27 00:36:27,log,542000,30.74,72.35,1007.97,30.81,73.05,1007.80,0,0,OFF,1,1,1,
2026-09-27 00:36:28,log,543000,30.73,72.39,1007.95,30.80,73.19,1007.90,0,0,OFF,1,1,1,
2026-09-27 00:36:29,log,544000,30.73,72.12,1007.95,30.81,73.16,1007.85,0,0,OFF,1,1,1,
2026-09-27 00:36:30,log,545000,30.74,71.96,1007.96,30.80,73.11,1007.84,0,0,OFF,1,1,1,
2026-09-27 00:36:31,log,546000,30.74,71.98,1007.96,30.81,72.94,1007.85,0,0,OFF,1,1,1,
2026-09-27 00:36:32,log,547000,30.74,71.89,1007.94,30.80,73.15,1007.89,0,0,OFF,1,1,1,
2026-09-27 00:36:33,log,548000,30.73,71.85,1007.92,30.80,73.20,1007.81,0,0,OFF,1,1,1,
2026-09-27 00:36:34,log,549000,30.74,71.79,1007.91,30.80,73.15,1007.86,0,0,OFF,1,1,1,
2026-09-27 00:36:35,log,550000,30.74,72.16,1007.90,30.80,73.26,1007.84,0,0,OFF,1,1,1,
2026-09-27 00:36:36,log,551000,30.75,72.09,1007.97,30.80,73.27,1007.86,0,0,OFF,1,1,1,
2026-09-27 00:36:37,log,552000,30.75,72.04,1007.95,30.80,73.31,1007.92,0,0,OFF,1,1,1,
2026-09-27 00:36:38,log,553000,30.74,71.86,1007.87,30.80,73.10,1007.86,0,0,OFF,1,1,1,
2026-09-27 00:36:39,log,554000,30.74,72.03,1007.87,30.80,73.20,1007.86,0,0,OFF,1,1,1,
2026-09-27 00:36:40,log,555000,30.74,72.16,1007.91,30.80,73.09,1007.84,0,0,OFF,1,1,1,
2026-09-27 00:36:41,log,556000,30.75,72.01,1007.98,30.80,73.29,1007.86,0,0,OFF,1,1,1,
2026-09-27 00:36:42,log,557000,30.75,71.92,1007.92,30.80,73.26,1007.89,0,0,OFF,1,1,1,
2026-09-27 00:36:43,log,558000,30.75,71.98,1007.86,30.80,73.30,1007.84,0,0,OFF,1,1,1,
2026-09-27 00:36:44,log,559000,30.75,72.04,1007.94,30.79,73.00,1007.88,0,0,OFF,1,1,1,
2026-09-27 00:36:45,log,560000,30.75,71.93,1007.92,30.79,73.36,1007.83,0,0,OFF,1,1,1,
2026-09-27 00:36:46,log,561000,30.75,72.06,1007.97,30.79,73.29,1007.77,0,0,OFF,1,1,1,
2026-09-27 00:36:47,log,562000,30.75,72.12,1007.92,30.80,73.24,1007.86,0,0,OFF,1,1,1,
2026-09-27 00:36:48,log,563000,30.75,72.20,1007.94,30.80,73.17,1007.86,0,0,OFF,1,1,1,
2026-09-27 00:36:49,log,564000,30.75,71.92,1007.92,30.81,73.32,1007.85,0,0,OFF,1,1,1,
2026-09-27 00:36:50,log,565000,30.74,71.96,1007.91,30.81,73.25,1007.85,0,0,OFF,1,1,1,
2026-09-27 00:36:51,log,566000,30.75,72.25,1007.89,30.80,73.30,1007.90,0,0,OFF,1,1,1,
2026-09-27 00:36:52,log,567000,30.76,71.92,1007.93,30.80,73.09,1007.84,0,0,OFF,1,1,1,
2026-09-27 00:36:53,log,568000,30.75,71.94,1007.92,30.79,73.34,1007.88,0,0,OFF,1,1,1,
2026-09-27 00:36:54,log,569000,30.75,72.14,1008.01,30.80,73.31,1007.84,0,0,OFF,1,1,1,
2026-09-27 00:36:55,log,570000,30.75,72.17,1007.95,30.80,73.34,1007.86,0,0,OFF,1,1,1,
2026-09-27 00:36:56,log,571000,30.75,72.18,1007.94,30.81,73.26,1007.89,0,0,OFF,1,1,1,
2026-09-27 00:36:57,log,572000,30.76,72.24,1007.96,30.81,73.30,1007.91,0,0,OFF,1,1,1,
2026-09-27 00:36:58,log,573000,30.76,71.94,1007.90,30.80,73.01,1007.82,0,0,OFF,1,1,1,
2026-09-27 00:36:59,log,574000,30.76,71.83,1007.93,30.80,73.10,1007.87,0,0,OFF,1,1,1,
2026-09-27 00:37:00,log,575000,30.75,72.06,1007.92,30.80,73.25,1007.81,0,0,OFF,1,1,1,
2026-09-27 00:37:01,log,576000,30.76,72.08,1007.90,30.80,73.33,1007.86,0,0,OFF,1,1,1,
2026-09-27 00:37:02,log,577000,30.74,71.90,1007.88,30.81,73.28,1007.85,0,0,OFF,1,1,1,
2026-09-27 00:37:03,log,578000,30.75,71.95,1007.94,30.80,73.19,1007.84,0,0,OFF,1,1,1,
2026-09-27 00:37:04,log,579000,30.75,71.96,1007.98,30.80,73.18,1007.84,0,0,OFF,1,1,1,
2026-09-27 00:37:05,log,580000,30.75,72.11,1007.94,30.81,73.19,1007.91,0,0,OFF,1,1,1,
2026-09-27 00:37:06,log,581000,30.74,71.85,1007.91,30.80,73.22,1007.81,0,0,OFF,1,1,1,
2026-09-27 00:37:07,log,582000,30.74,72.12,1007.88,30.80,73.24,1007.87,0,0,OFF,1,1,1,
2026-09-27 00:37:08,log,583000,30.74,71.92,1007.96,30.80,73.17,1007.87,0,0,OFF,1,1,1,
2026-09-27 00:37:09,log,584000,30.74,71.96,1007.94,30.80,73.27,1007.84,0,0,OFF,1,1,1,
2026-09-27 00:37:10,log,585000,30.75,71.81,1007.95,30.80,72.98,1007.89,0,0,OFF,1,1,1,
2026-09-27 00:37:11,log,586000,30.74,71.88,1007.93,30.80,73.06,1007.81,0,0,OFF,1,1,1,
2026-09-27 00:37:12,log,587000,30.75,71.92,1007.97,30.80,73.03,1007.87,0,0,OFF,1,1,1,
2026-09-27 00:37:13,log,588000,30.74,72.13,1007.96,30.79,72.95,1007.80,0,0,OFF,1,1,1,
2026-09-27 00:37:14,log,589000,30.74,71.92,1007.85,30.80,73.37,1007.84,0,0,OFF,1,1,1,
2026-09-27 00:37:15,log,590000,30.74,72.21,1007.94,30.81,73.23,1007.88,0,0,OFF,1,1,1,
2026-09-27 00:37:16,log,591000,30.75,71.98,1007.92,30.80,73.31,1007.89,0,0,OFF,1,1,1,
2026-09-27 00:37:17,log,592000,30.74,72.24,1007.90,30.79,73.25,1007.88,0,0,OFF,1,1,1,
2026-09-27 00:37:18,log,593000,30.74,72.12,1007.93,30.79,73.03,1007.82,0,0,OFF,1,1,1,
2026-09-27 00:37:19,log,594000,30.74,72.20,1007.90,30.80,73.31,1007.78,0,0,OFF,1,1,1,
2026-09-27 00:37:20,log,595000,30.75,72.28,1007.92,30.80,73.11,1007.86,0,0,OFF,1,1,1,
2026-09-27 00:37:21,log,596000,30.74,72.35,1007.97,30.80,73.34,1007.81,0,0,OFF,1,1,1,
2026-09-27 00:37:22,log,597000,30.74,72.35,1007.93,30.80,73.21,1007.86,0,0,OFF,1,1,1,
2026-09-27 00:37:23,log,598000,30.75,72.39,1007.94,30.80,73.35,1007.81,0,0,OFF,1,1,1,
2026-09-27 00:37:24,log,599000,30.75,72.12,1007.89,30.80,73.42,1007.78,0,0,OFF,1,1,1,
2026-09-27 00:37:25,log,600000,30.74,72.12,1007.93,30.81,73.36,1007.85,0,0,OFF,1,1,1,
2026-09-27 00:37:26,log,601000,30.74,72.19,1007.93,30.80,72.93,1007.86,0,0,OFF,1,1,1,
2026-09-27 00:37:27,log,602000,30.73,71.95,1007.95,30.80,73.00,1007.81,0,0,OFF,1,1,1,
2026-09-27 00:37:28,log,603000,30.74,72.01,1007.90,30.79,73.35,1007.79,0,0,OFF,1,1,1,
2026-09-27 00:37:29,log,604000,30.74,72.41,1007.91,30.80,73.18,1007.81,0,0,OFF,1,1,1,
2026-09-27 00:37:30,log,605000,30.74,72.03,1007.93,30.80,73.26,1007.81,0,0,OFF,1,1,1,
2026-09-27 00:37:31,log,606000,30.74,72.27,1007.93,30.80,73.29,1007.84,0,0,OFF,1,1,1,
2026-09-27 00:37:32,log,607000,30.73,72.11,1007.98,30.80,73.10,1007.86,0,0,OFF,1,1,1,
2026-09-27 00:37:33,log,608000,30.73,72.08,1007.91,30.79,73.19,1007.80,0,0,OFF,1,1,1,
2026-09-27 00:37:34,log,609000,30.73,72.01,1007.95,30.79,73.18,1007.82,0,0,OFF,1,1,1,
2026-09-27 00:37:35,log,610000,30.74,72.04,1007.96,30.79,73.16,1007.83,0,0,OFF,1,1,1,
2026-09-27 00:37:36,log,611000,30.73,72.14,1007.94,30.79,73.22,1007.83,0,0,OFF,1,1,1,
2026-09-27 00:37:37,log,612000,30.74,71.90,1007.96,30.79,73.28,1007.79,0,0,OFF,1,1,1,
2026-09-27 00:37:38,log,613000,30.73,72.12,1007.91,30.80,73.12,1007.84,0,0,OFF,1,1,1,
2026-09-27 00:37:39,log,614000,30.73,72.04,1007.89,30.79,73.08,1007.79,0,0,OFF,1,1,1,
2026-09-27 00:37:40,log,615000,30.72,71.84,1007.90,30.80,73.02,1007.84,0,0,OFF,1,1,1,
2026-09-27 00:37:41,log,616000,30.73,71.93,1007.95,30.80,73.07,1007.86,0,0,OFF,1,1,1,
2026-09-27 00:37:42,log,617000,30.72,72.02,1007.88,30.80,73.36,1007.78,0,0,OFF,1,1,1,
2026-09-27 00:37:43,log,618000,30.73,71.93,1007.88,30.79,72.95,1007.83,0,0,OFF,1,1,1,
2026-09-27 00:37:44,log,619000,30.73,72.20,1007.95,30.80,73.02,1007.84,0,0,OFF,1,1,1,
2026-09-27 00:37:45,log,620000,30.72,72.29,1007.90,30.80,73.15,1007.90,0,0,OFF,1,1,1,
2026-09-27 00:37:46,log,621000,30.71,72.12,1007.92,30.81,73.15,1007.82,0,0,OFF,1,1,1,
2026-09-27 00:37:47,log,622000,30.73,72.01,1007.95,30.80,73.15,1007.76,0,0,OFF,1,1,1,
2026-09-27 00:37:48,log,623000,30.73,71.95,1007.91,30.80,72.99,1007.84,0,0,OFF,1,1,1,
2026-09-27 00:37:49,log,624000,30.71,72.19,1007.88,30.80,72.99,1007.86,0,0,OFF,1,1,1,
2026-09-27 00:37:50,log,625000,30.71,71.99,1007.86,30.80,73.06,1007.84,0,0,OFF,1,1,1,
2026-09-27 00:37:51,log,626000,30.71,71.94,1007.86,30.80,72.93,1007.84,0,0,OFF,1,1,1,
2026-09-27 00:37:52,log,627000,30.71,72.21,1007.88,30.80,72.92,1007.82,0,0,OFF,1,1,1,
2026-09-27 00:37:53,log,628000,30.72,71.95,1007.82,30.80,73.10,1007.82,0,0,OFF,1,1,1,
2026-09-27 00:37:54,log,629000,30.72,72.19,1007.96,30.81,73.24,1007.82,0,0,OFF,1,1,1,
2026-09-27 00:37:55,log,630000,30.71,72.27,1007.88,30.81,73.30,1007.82,0,0,OFF,1,1,1,
2026-09-27 00:37:56,log,631000,30.72,72.25,1007.92,30.80,73.30,1007.81,0,0,OFF,1,1,1,
2026-09-27 00:37:57,log,632000,30.71,72.08,1007.97,30.80,73.28,1007.82,0,0,OFF,1,1,1,
2026-09-27 00:37:58,log,633000,30.71,71.94,1007.88,30.80,73.29,1007.82,0,0,OFF,1,1,1,
2026-09-27 00:37:59,log,634000,30.72,72.11,1007.90,30.81,73.26,1007.75,0,0,OFF,1,1,1,
2026-09-27 00:38:00,log,635000,30.70,72.09,1007.90,30.81,73.33,1007.82,0,0,OFF,1,1,1,
2026-09-27 00:38:01,log,636000,30.71,71.91,1007.88,30.81,73.30,1007.88,0,0,OFF,1,1,1,
2026-09-27 00:38:02,log,637000,30.71,72.03,1007.86,30.80,73.33,1007.87,0,0,OFF,1,1,1,
2026-09-27 00:38:03,log,638000,30.70,72.02,1007.87,30.80,73.32,1007.76,0,0,OFF,1,1,1,
2026-09-27 00:38:04,log,639000,30.70,71.97,1007.89,30.80,73.34,1007.78,0,0,OFF,1,1,1,
2026-09-27 00:38:05,log,640000,30.71,72.18,1007.96,30.81,72.99,1007.80,0,0,OFF,1,1,1,
2026-09-27 00:38:06,log,641000,30.71,72.20,1007.96,30.80,73.00,1007.84,0,0,OFF,1,1,1,
2026-09-27 00:38:07,log,642000,30.70,72.14,1007.87,30.81,73.32,1007.80,0,0,OFF,1,1,1,
2026-09-27 00:38:08,log,643000,30.70,71.88,1007.96,30.81,73.03,1007.85,0,0,OFF,1,1,1,
2026-09-27 00:38:09,log,644000,30.70,71.85,1007.92,30.79,73.21,1007.85,0,0,OFF,1,1,1,
2026-09-27 00:38:10,log,645000,30.70,71.86,1007.89,30.81,73.10,1007.88,0,0,OFF,1,1,1,
2026-09-27 00:38:11,log,646000,30.71,71.97,1007.94,30.80,73.28,1007.84,0,0,OFF,1,1,1,
2026-09-27 00:38:12,log,647000,30.69,71.88,1007.88,30.79,73.09,1007.88,0,0,OFF,1,1,1,
2026-09-27 00:38:13,log,648000,30.70,72.23,1007.89,30.80,73.28,1007.84,0,0,OFF,1,1,1,
2026-09-27 00:38:14,log,649000,30.69,71.91,1007.93,30.79,73.22,1007.85,0,0,OFF,1,1,1,
2026-09-27 00:38:15,log,650000,30.68,71.90,1007.92,30.79,73.13,1007.85,0,0,OFF,1,1,1,
2026-09-27 00:38:16,log,651000,30.69,71.71,1007.97,30.80,73.15,1007.92,0,0,OFF,1,1,1,
2026-09-27 00:38:17,log,652000,30.69,72.16,1007.93,30.80,72.82,1007.82,0,0,OFF,1,1,1,
2026-09-27 00:38:18,log,653000,30.69,72.22,1007.91,30.80,73.19,1007.86,0,0,OFF,1,1,1,
2026-09-27 00:38:19,log,654000,30.69,71.89,1007.96,30.80,72.97,1007.89,0,0,OFF,1,1,1,
2026-09-27 00:38:20,log,655000,30.69,72.00,1007.93,30.79,73.01,1007.83,0,0,OFF,1,1,1,
2026-09-27 00:38:21,log,656000,30.68,71.97,1007.89,30.80,73.17,1007.81,0,0,OFF,1,1,1,
2026-09-27 00:38:22,log,657000,30.68,72.19,1007.92,30.79,73.29,1007.87,0,0,OFF,1,1,1,
2026-09-27 00:38:23,log,658000,30.69,72.35,1007.99,30.80,73.21,1007.82,0,0,OFF,1,1,1,
2026-09-27 00:38:24,log,659000,30.68,72.28,1007.95,30.80,73.35,1007.86,0,0,OFF,1,1,1,
2026-09-27 00:38:25,log,660000,30.68,72.17,1007.92,30.81,73.12,1007.85,0,0,OFF,1,1,1,
2026-09-27 00:38:26,log,661000,30.68,72.29,1007.89,30.80,73.29,1007.86,0,0,OFF,1,1,1,
2026-09-27 00:38:27,log,662000,30.68,72.17,1007.87,30.81,73.28,1007.85,0,0,OFF,1,1,1,
2026-09-27 00:38:28,log,663000,30.69,72.28,1007.93,30.81,73.28,1007.80,0,0,OFF,1,1,1,
2026-09-27 00:38:29,log,664000,30.68,72.40,1007.86,30.80,73.30,1007.84,0,0,OFF,1,1,1,
2026-09-27 00:38:30,log,665000,30.68,72.19,1007.89,30.80,73.35,1007.78,0,0,OFF,1,1,1,
2026-09-27 00:38:31,log,666000,30.68,72.30,1007.97,30.80,73.20,1007.81,0,0,OFF,1,1,1,
2026-09-27 00:38:32,log,667000,30.69,72.15,1007.90,30.79,73.30,1007.83,0,0,OFF,1,1,1,
2026-09-27 00:38:33,log,668000,30.67,72.09,1007.94,30.80,73.23,1007.82,0,0,OFF,1,1,1,
2026-09-27 00:38:34,log,669000,30.67,72.34,1007.90,30.80,73.17,1007.84,0,0,OFF,1,1,1,
2026-09-27 00:38:35,log,670000,30.68,72.03,1007.94,30.79,73.21,1007.85,0,0,OFF,1,1,1,
2026-09-27 00:38:36,log,671000,30.68,72.32,1007.92,30.79,73.23,1007.82,0,0,OFF,1,1,1,
2026-09-27 00:38:37,log,672000,30.67,71.97,1007.96,30.79,73.20,1007.83,0,0,OFF,1,1,1,
2026-09-27 00:38:38,log,673000,30.67,72.23,1007.90,30.79,73.28,1007.77,0,0,OFF,1,1,1,
2026-09-27 00:38:39,log,674000,30.67,72.26,1007.93,30.79,73.09,1007.82,0,0,OFF,1,1,1,
2026-09-27 00:38:40,log,675000,30.67,72.24,1007.90,30.79,73.17,1007.83,0,0,OFF,1,1,1,
2026-09-27 00:38:41,log,676000,30.66,72.28,1007.89,30.80,73.28,1007.84,0,0,OFF,1,1,1,
2026-09-27 00:38:42,log,677000,30.66,72.31,1007.88,30.79,73.11,1007.83,0,0,OFF,1,1,1,
2026-09-27 00:38:43,log,678000,30.66,72.09,1007.94,30.80,73.26,1007.86,0,0,OFF,1,1,1,
2026-09-27 00:38:44,log,679000,30.66,72.25,1007.92,30.79,73.04,1007.83,0,0,OFF,1,1,1,
2026-09-27 00:38:45,log,680000,30.66,72.27,1007.95,30.79,73.24,1007.88,0,0,OFF,1,1,1,
2026-09-27 00:38:46,log,681000,30.65,72.01,1007.93,30.79,73.20,1007.82,0,0,OFF,1,1,1,
2026-09-27 00:38:47,log,682000,30.65,72.37,1007.88,30.79,73.31,1007.85,0,0,OFF,1,1,1,
2026-09-27 00:38:48,log,683000,30.66,72.44,1007.94,30.79,73.36,1007.83,0,0,OFF,1,1,1,
2026-09-27 00:38:49,log,684000,30.66,72.22,1007.88,30.79,73.39,1007.82,0,0,OFF,1,1,1,
2026-09-27 00:38:50,log,685000,30.66,72.29,1007.88,30.79,73.36,1007.85,0,0,OFF,1,1,1,
2026-09-27 00:38:51,log,686000,30.65,72.36,1007.88,30.79,73.30,1007.85,0,0,OFF,1,1,1,
2026-09-27 00:38:52,log,687000,30.65,72.11,1007.90,30.79,73.25,1007.82,0,0,OFF,1,1,1,
2026-09-27 00:38:53,log,688000,30.65,71.96,1007.98,30.80,73.21,1007.84,0,0,OFF,1,1,1,
2026-09-27 00:38:54,log,689000,30.66,72.08,1007.94,30.80,73.31,1007.84,0,0,OFF,1,1,1,
2026-09-27 00:38:55,log,690000,30.65,72.32,1007.90,30.81,73.26,1007.85,0,0,OFF,1,1,1,
2026-09-27 00:38:56,log,691000,30.65,72.05,1007.88,30.80,73.33,1007.86,0,0,OFF,1,1,1,
2026-09-27 00:38:57,log,692000,30.64,72.09,1007.91,30.80,73.07,1007.87,0,0,OFF,1,1,1,
2026-09-27 00:38:58,log,693000,30.65,71.98,1007.92,30.81,73.30,1007.82,0,0,OFF,1,1,1,
2026-09-27 00:38:59,log,694000,30.65,72.06,1007.95,30.79,73.36,1007.88,0,0,OFF,1,1,1,
2026-09-27 00:39:00,log,695000,30.64,71.99,1007.91,30.79,73.24,1007.88,0,0,OFF,1,1,1,
2026-09-27 00:39:01,log,696000,30.63,72.00,1007.90,30.79,73.20,1007.80,0,0,OFF,1,1,1,
2026-09-27 00:39:02,log,697000,30.64,72.25,1007.85,30.81,73.17,1007.82,0,0,OFF,1,1,1,
2026-09-27 00:39:03,log,698000,30.63,72.00,1007.89,30.80,73.21,1007.89,0,0,OFF,1,1,1,
2026-09-27 00:39:04,log,699000,30.64,72.29,1007.96,30.80,73.21,1007.87,0,0,OFF,1,1,1,
2026-09-27 00:39:05,log,700000,30.64,72.32,1007.88,30.80,73.05,1007.84,0,0,OFF,1,1,1,
2026-09-27 00:39:06,log,701000,30.63,72.10,1007.93,30.80,73.17,1007.84,0,0,OFF,1,1,1,
2026-09-27 00:39:07,log,702000,30.63,72.32,1007.89,30.80,73.33,1007.84,0,0,OFF,1,1,1,
2026-09-27 00:39:08,log,703000,30.62,72.43,1007.88,30.80,73.20,1007.78,0,0,OFF,1,1,1,
2026-09-27 00:39:09,log,704000,30.63,72.28,1007.96,30.79,73.00,1007.83,0,0,OFF,1,1,1,
2026-09-27 00:39:10,log,705000,30.63,71.95,1007.87,30.80,73.24,1007.84,0,0,OFF,1,1,1,
2026-09-27 00:39:11,log,706000,30.63,72.09,1007.86,30.79,73.13,1007.83,0,0,OFF,1,1,1,
2026-09-27 00:39:12,log,707000,30.64,72.19,1007.88,30.80,73.11,1007.78,0,0,OFF,1,1,1,
2026-09-27 00:39:13,log,708000,30.62,72.33,1007.91,30.80,73.11,1007.84,0,0,OFF,1,1,1,
2026-09-27 00:39:14,log,709000,30.63,72.51,1007.89,30.79,73.01,1007.82,0,0,OFF,1,1,1,
2026-09-27 00:39:15,log,710000,30.63,72.25,1007.92,30.79,73.36,1007.85,0,0,OFF,1,1,1,
2026-09-27 00:39:16,log,711000,30.63,72.19,1007.90,30.78,73.28,1007.78,0,0,OFF,1,1,1,
2026-09-27 00:39:17,log,712000,30.63,72.28,1007.92,30.78,73.18,1007.87,0,0,OFF,1,1,1,
2026-09-27 00:39:18,log,713000,30.62,72.15,1007.93,30.79,73.31,1007.83,0,0,OFF,1,1,1,
2026-09-27 00:39:19,log,714000,30.63,72.38,1007.92,30.79,73.31,1007.85,0,0,OFF,1,1,1,
2026-09-27 00:39:20,log,715000,30.62,72.35,1007.94,30.79,72.91,1007.82,0,0,OFF,1,1,1,
2026-09-27 00:39:21,log,716000,30.62,72.44,1007.97,30.79,73.08,1007.85,0,0,OFF,1,1,1,
2026-09-27 00:39:22,log,717000,30.62,72.19,1007.88,30.79,73.17,1007.83,0,0,OFF,1,1,1,
2026-09-27 00:39:23,log,718000,30.62,72.28,1007.93,30.79,72.86,1007.85,0,0,OFF,1,1,1,
2026-09-27 00:39:24,log,719000,30.62,72.36,1007.93,30.79,72.92,1007.82,0,0,OFF,1,1,1,
2026-09-27 00:39:25,log,720000,30.62,72.14,1007.85,30.79,72.91,1007.82,0,0,OFF,1,1,1,
2026-09-27 00:39:26,log,721000,30.63,72.31,1007.98,30.78,72.98,1007.78,0,0,OFF,1,1,1,
2026-09-27 00:39:27,log,722000,30.62,72.26,1007.88,30.79,73.09,1007.85,0,0,OFF,1,1,1,
2026-09-27 00:39:28,log,723000,30.62,72.33,1007.88,30.80,72.95,1007.84,0,0,OFF,1,1,1,
2026-09-27 00:39:29,log,724000,30.62,72.41,1007.96,30.80,73.50,1007.81,0,0,OFF,1,1,1,
2026-09-27 00:39:30,log,725000,30.62,72.28,1007.90,30.79,73.08,1007.82,0,0,OFF,1,1,1,
2026-09-27 00:39:31,log,726000,30.62,72.15,1007.96,30.78,73.01,1007.81,0,0,OFF,1,1,1,
2026-09-27 00:39:32,log,727000,30.61,72.20,1007.95,30.79,72.91,1007.82,0,0,OFF,1,1,1,
2026-09-27 00:39:33,log,728000,30.61,72.41,1007.92,30.78,73.00,1007.81,0,0,OFF,1,1,1,
2026-09-27 00:39:34,log,729000,30.60,72.46,1007.96,30.79,72.82,1007.88,0,0,OFF,1,1,1,
2026-09-27 00:39:35,log,730000,30.61,72.14,1007.92,30.79,73.36,1007.83,0,0,OFF,1,1,1,
2026-09-27 00:39:36,log,731000,30.61,72.22,1007.95,30.78,73.05,1007.78,0,0,OFF,1,1,1,
2026-09-27 00:39:37,log,732000,30.61,72.32,1007.92,30.80,73.09,1007.84,0,0,OFF,1,1,1,
2026-09-27 00:39:38,log,733000,30.61,72.47,1007.92,30.79,73.28,1007.85,0,0,OFF,1,1,1,
2026-09-27 00:39:39,log,734000,30.61,72.26,1007.92,30.78,73.09,1007.84,0,0,OFF,1,1,1,
2026-09-27 00:39:40,log,735000,30.60,72.14,1007.91,30.79,73.37,1007.85,0,0,OFF,1,1,1,
2026-09-27 00:39:41,log,736000,30.60,72.26,1007.88,30.79,73.13,1007.87,0,0,OFF,1,1,1,
2026-09-27 00:39:42,log,737000,30.61,72.42,1007.86,30.79,73.37,1007.83,0,0,OFF,1,1,1,
2026-09-27 00:39:43,log,738000,30.61,72.22,1007.95,30.79,73.02,1007.87,0,0,OFF,1,1,1,
2026-09-27 00:39:44,log,739000,30.61,72.24,1007.92,30.79,73.16,1007.82,0,0,OFF,1,1,1,
2026-09-27 00:39:45,log,740000,30.61,72.48,1007.89,30.79,73.21,1007.85,0,0,OFF,1,1,1,
2026-09-27 00:39:46,log,741000,30.60,72.14,1007.93,30.79,73.00,1007.83,0,0,OFF,1,1,1,
2026-09-27 00:39:47,log,742000,30.60,72.46,1007.91,30.79,73.08,1007.93,0,0,OFF,1,1,1,
2026-09-27 00:39:48,log,743000,30.60,72.53,1007.93,30.80,73.06,1007.84,0,0,OFF,1,1,1,
2026-09-27 00:39:49,log,744000,30.60,72.56,1007.90,30.78,73.22,1007.76,0,0,OFF,1,1,1,
2026-09-27 00:39:50,log,745000,30.60,72.46,1007.87,30.78,73.25,1007.78,0,0,OFF,1,1,1,
2026-09-27 00:39:51,log,746000,30.60,72.27,1007.96,30.79,73.18,1007.82,0,0,OFF,1,1,1,
2026-09-27 00:39:52,log,747000,30.60,72.29,1007.87,30.78,72.93,1007.78,0,0,OFF,1,1,1,
2026-09-27 00:39:53,log,748000,30.60,72.54,1007.84,30.79,73.03,1007.87,0,0,OFF,1,1,1,
2026-09-27 00:39:54,log,749000,30.59,72.43,1007.83,30.80,73.30,1007.86,0,0,OFF,1,1,1,
2026-09-27 00:39:55,log,750000,30.60,72.38,1007.84,30.78,72.85,1007.84,0,0,OFF,1,1,1,
2026-09-27 00:39:56,log,751000,30.59,72.50,1007.92,30.79,72.93,1007.87,0,0,OFF,1,1,1,
2026-09-27 00:39:57,log,752000,30.60,72.23,1007.84,30.78,73.30,1007.84,0,0,OFF,1,1,1,
2026-09-27 00:39:58,log,753000,30.60,72.44,1007.87,30.78,73.13,1007.78,0,0,OFF,1,1,1,
2026-09-27 00:39:59,log,754000,30.59,72.28,1007.86,30.78,73.34,1007.87,0,0,OFF,1,1,1,
2026-09-27 00:40:00,log,755000,30.58,72.46,1007.88,30.79,73.38,1007.82,0,0,OFF,1,1,1,
2026-09-27 00:40:01,log,756000,30.58,72.27,1007.90,30.79,73.23,1007.87,0,0,OFF,1,1,1,
2026-09-27 00:40:02,log,757000,30.57,72.25,1007.92,30.78,73.30,1007.80,0,0,OFF,1,1,1,
2026-09-27 00:40:03,log,758000,30.57,72.33,1007.81,30.79,73.34,1007.85,0,0,OFF,1,1,1,
2026-09-27 00:40:04,log,759000,30.57,72.52,1007.87,30.78,73.17,1007.84,0,0,OFF,1,1,1,
2026-09-27 00:40:05,log,760000,30.58,72.52,1007.93,30.78,73.38,1007.81,0,0,OFF,1,1,1,
2026-09-27 00:40:06,log,761000,30.58,72.19,1007.91,30.79,73.26,1007.83,0,0,OFF,1,1,1,
2026-09-27 00:40:07,log,762000,30.57,72.17,1007.92,30.78,73.00,1007.81,0,0,OFF,1,1,1,
2026-09-27 00:40:08,log,763000,30.58,72.25,1007.91,30.78,73.35,1007.81,0,0,OFF,1,1,1,
2026-09-27 00:40:09,log,764000,30.57,72.29,1007.90,30.77,73.33,1007.85,0,0,OFF,1,1,1,
2026-09-27 00:40:10,log,765000,30.57,72.35,1008.00,30.77,72.86,1007.88,0,0,OFF,1,1,1,
2026-09-27 00:40:11,log,766000,30.57,72.53,1007.86,30.78,73.28,1007.83,0,0,OFF,1,1,1,
2026-09-27 00:40:12,log,767000,30.57,72.60,1007.90,30.78,72.95,1007.83,0,0,OFF,1,1,1,
2026-09-27 00:40:13,log,768000,30.56,72.58,1007.88,30.78,73.18,1007.78,0,0,OFF,1,1,1,
2026-09-27 00:40:14,log,769000,30.56,72.59,1007.85,30.78,72.99,1007.75,0,0,OFF,1,1,1,
2026-09-27 00:40:15,log,770000,30.57,72.64,1007.87,30.78,73.38,1007.80,0,0,OFF,1,1,1,
2026-09-27 00:40:16,log,771000,30.56,72.24,1007.91,30.77,73.27,1007.79,0,0,OFF,1,1,1,
2026-09-27 00:40:17,log,772000,30.56,72.51,1007.85,30.78,73.17,1007.86,0,0,OFF,1,1,1,
2026-09-27 00:40:18,log,773000,30.56,72.34,1007.84,30.77,73.36,1007.81,0,0,OFF,1,1,1,
2026-09-27 00:40:19,log,774000,30.56,72.58,1007.90,30.77,72.95,1007.84,0,0,OFF,1,1,1,
2026-09-27 00:40:20,log,775000,30.56,72.54,1007.91,30.77,73.23,1007.81,0,0,OFF,1,1,1,
2026-09-27 00:40:21,log,776000,30.56,72.47,1007.91,30.78,72.93,1007.83,0,0,OFF,1,1,1,
2026-09-27 00:40:22,log,777000,30.56,72.71,1007.87,30.78,72.94,1007.86,0,0,OFF,1,1,1,
2026-09-27 00:40:23,log,778000,30.56,72.53,1007.96,30.78,72.86,1007.83,0,0,OFF,1,1,1,
2026-09-27 00:40:24,log,779000,30.55,72.60,1007.89,30.78,73.33,1007.86,0,0,OFF,1,1,1,
2026-09-27 00:40:25,log,780000,30.56,72.62,1007.96,30.78,73.33,1007.80,0,0,OFF,1,1,1,
2026-09-27 00:40:26,log,781000,30.56,72.54,1007.96,30.77,73.27,1007.85,0,0,OFF,1,1,1,
2026-09-27 00:40:27,log,782000,30.56,72.58,1007.87,30.78,73.28,1007.83,0,0,OFF,1,1,1,
2026-09-27 00:40:28,log,783000,30.56,72.38,1007.90,30.78,73.39,1007.83,0,0,OFF,1,1,1,
2026-09-27 00:40:29,log,784000,30.56,72.55,1007.91,30.78,73.30,1007.86,0,0,OFF,1,1,1,
2026-09-27 00:40:30,log,785000,30.55,72.29,1007.91,30.77,73.30,1007.88,0,0,OFF,1,1,1,
2026-09-27 00:40:31,log,786000,30.56,72.40,1007.94,30.78,73.11,1007.86,0,0,OFF,1,1,1,
2026-09-27 00:40:32,log,787000,30.55,72.46,1007.86,30.77,73.25,1007.81,0,0,OFF,1,1,1,
2026-09-27 00:40:33,log,788000,30.55,72.70,1007.94,30.78,73.43,1007.84,0,0,OFF,1,1,1,
2026-09-27 00:40:34,log,789000,30.54,72.34,1007.82,30.79,73.31,1007.79,0,0,OFF,1,1,1,
2026-09-27 00:40:35,log,790000,30.55,72.53,1007.92,30.78,73.11,1007.86,0,0,OFF,1,1,1,
2026-09-27 00:40:36,log,791000,30.55,72.50,1007.88,30.77,73.22,1007.85,0,0,OFF,1,1,1,
2026-09-27 00:40:37,log,792000,30.55,72.59,1007.88,30.78,73.32,1007.83,0,0,OFF,1,1,1,
2026-09-27 00:40:38,log,793000,30.55,72.30,1007.88,30.78,73.43,1007.81,0,0,OFF,1,1,1,
2026-09-27 00:40:39,log,794000,30.54,72.58,1007.87,30.78,73.39,1007.80,0,0,OFF,1,1,1,
2026-09-27 00:40:40,log,795000,30.54,72.69,1007.87,30.79,73.28,1007.87,0,0,OFF,1,1,1,
2026-09-27 00:40:41,log,796000,30.54,72.44,1007.93,30.78,73.22,1007.84,0,0,OFF,1,1,1,
2026-09-27 00:40:42,log,797000,30.55,72.62,1007.92,30.79,73.35,1007.87,0,0,OFF,1,1,1,
2026-09-27 00:40:43,log,798000,30.55,72.66,1007.91,30.78,73.36,1007.84,0,0,OFF,1,1,1,
2026-09-27 00:40:44,log,799000,30.55,72.70,1007.92,30.78,73.35,1007.83,0,0,OFF,1,1,1,
2026-09-27 00:40:45,log,800000,30.54,72.49,1007.89,30.78,73.24,1007.86,0,0,OFF,1,1,1,
2026-09-27 00:40:46,log,801000,30.54,72.61,1007.81,30.77,73.22,1007.85,0,0,OFF,1,1,1,
2026-09-27 00:40:47,log,802000,30.54,72.28,1007.81,30.76,73.06,1007.83,0,0,OFF,1,1,1,
2026-09-27 00:40:48,log,803000,30.54,72.43,1007.92,30.76,73.06,1007.80,0,0,OFF,1,1,1,
2026-09-27 00:40:49,log,804000,30.53,72.49,1007.91,30.76,73.06,1007.83,0,0,OFF,1,1,1,
2026-09-27 00:40:50,log,805000,30.53,72.26,1007.83,30.76,73.15,1007.78,0,0,OFF,1,1,1,
2026-09-27 00:40:51,log,806000,30.53,72.53,1007.94,30.77,73.28,1007.84,0,0,OFF,1,1,1,
2026-09-27 00:40:52,log,807000,30.53,72.42,1007.91,30.76,73.12,1007.83,0,0,OFF,1,1,1,
2026-09-27 00:40:53,log,808000,30.51,72.33,1007.91,30.75,73.25,1007.79,0,0,OFF,1,1,1,
2026-09-27 00:40:54,log,809000,30.52,72.37,1007.93,30.75,73.21,1007.87,0,0,OFF,1,1,1,
2026-09-27 00:40:55,log,810000,30.53,72.55,1007.93,30.77,73.23,1007.81,0,0,OFF,1,1,1,
2026-09-27 00:40:56,log,811000,30.52,72.43,1007.87,30.76,73.28,1007.83,0,0,OFF,1,1,1,
2026-09-27 00:40:57,log,812000,30.51,72.60,1007.94,30.77,73.31,1007.79,0,0,OFF,1,1,1,
2026-09-27 00:40:58,log,813000,30.52,72.64,1007.89,30.75,73.31,1007.85,0,0,OFF,1,1,1,
2026-09-27 00:40:59,log,814000,30.52,72.65,1007.90,30.75,73.21,1007.84,0,0,OFF,1,1,1,
2026-09-27 00:41:00,log,815000,30.52,72.52,1007.87,30.75,73.22,1007.82,0,0,OFF,1,1,1,
2026-09-27 00:41:01,log,816000,30.51,72.51,1007.88,30.74,73.29,1007.77,0,0,OFF,1,1,1,
2026-09-27 00:41:02,log,817000,30.51,72.56,1007.87,30.74,73.07,1007.82,0,0,OFF,1,1,1,
2026-09-27 00:41:03,log,818000,30.50,72.49,1007.87,30.74,73.20,1007.79,0,0,OFF,1,1,1,
2026-09-27 00:41:04,log,819000,30.51,72.52,1007.88,30.74,73.23,1007.79,0,0,OFF,1,1,1,
2026-09-27 00:41:05,log,820000,30.50,72.59,1007.91,30.73,73.15,1007.79,0,0,OFF,1,1,1,
2026-09-27 00:41:06,log,821000,30.50,72.43,1007.92,30.74,72.97,1007.79,0,0,OFF,1,1,1,
2026-09-27 00:41:07,log,822000,30.51,72.58,1007.94,30.73,73.14,1007.87,0,0,OFF,1,1,1,
2026-09-27 00:41:08,log,823000,30.51,72.48,1007.91,30.73,73.14,1007.84,0,0,OFF,1,1,1,
2026-09-27 00:41:09,log,824000,30.51,72.41,1007.93,30.74,72.98,1007.82,0,0,OFF,1,1,1,
2026-09-27 00:41:10,log,825000,30.49,72.39,1007.85,30.73,73.24,1007.81,0,0,OFF,1,1,1,
2026-09-27 00:41:11,log,826000,30.50,72.20,1007.89,30.74,72.86,1007.83,0,0,OFF,1,1,1,
2026-09-27 00:41:12,log,827000,30.50,72.51,1007.89,30.73,73.16,1007.86,0,0,OFF,1,1,1,
2026-09-27 00:41:13,log,828000,30.50,72.45,1007.95,30.73,72.90,1007.78,0,0,OFF,1,1,1,
2026-09-27 00:41:14,log,829000,30.50,72.46,1007.97,30.72,72.95,1007.80,0,0,OFF,1,1,1,
2026-09-27 00:41:15,log,830000,30.49,72.61,1007.96,30.72,73.16,1007.85,0,0,OFF,1,1,1,
2026-09-27 00:41:16,log,831000,30.49,72.46,1007.90,30.72,73.20,1007.88,0,0,OFF,1,1,1,
2026-09-27 00:41:17,log,832000,30.49,72.41,1007.93,30.73,73.17,1007.86,0,0,OFF,1,1,1,
2026-09-27 00:41:18,log,833000,30.49,72.28,1007.91,30.73,73.23,1007.79,0,0,OFF,1,1,1,
2026-09-27 00:41:19,log,834000,30.49,72.51,1007.93,30.73,73.02,1007.78,0,0,OFF,1,1,1,
2026-09-27 00:41:20,log,835000,30.50,72.48,1007.89,30.74,73.16,1007.82,0,0,OFF,1,1,1,
2026-09-27 00:41:21,log,836000,30.49,72.46,1007.85,30.74,73.35,1007.82,0,0,OFF,1,1,1,
2026-09-27 00:41:22,log,837000,30.49,72.52,1007.88,30.73,73.34,1007.84,0,0,OFF,1,1,1,
2026-09-27 00:41:23,log,838000,30.49,72.65,1007.85,30.73,73.30,1007.84,0,0,OFF,1,1,1,
2026-09-27 00:41:24,log,839000,30.49,72.57,1007.91,30.74,73.27,1007.85,0,0,OFF,1,1,1,
2026-09-27 00:41:25,log,840000,30.50,72.30,1007.89,30.74,73.19,1007.85,0,0,OFF,1,1,1,
2026-09-27 00:41:26,log,841000,30.49,72.30,1007.85,30.74,73.41,1007.80,0,0,OFF,1,1,1,
2026-09-27 00:41:27,log,842000,30.50,72.63,1007.86,30.73,73.25,1007.84,0,0,OFF,1,1,1,
2026-09-27 00:41:28,log,843000,30.49,72.40,1007.91,30.73,73.24,1007.79,0,0,OFF,1,1,1,
2026-09-27 00:41:29,log,844000,30.49,72.58,1007.88,30.74,73.26,1007.79,0,0,OFF,1,1,1,
2026-09-27 00:41:30,log,845000,30.49,72.42,1007.85,30.74,73.37,1007.85,0,0,OFF,1,1,1,
2026-09-27 00:41:31,log,846000,30.49,72.40,1007.85,30.74,73.31,1007.79,0,0,OFF,1,1,1,
2026-09-27 00:41:32,log,847000,30.49,72.35,1007.84,30.73,73.24,1007.83,0,0,OFF,1,1,1,
2026-09-27 00:41:33,log,848000,30.48,72.66,1007.92,30.73,73.38,1007.79,0,0,OFF,1,1,1,
2026-09-27 00:41:34,log,849000,30.49,72.38,1007.91,30.74,73.41,1007.86,0,0,OFF,1,1,1,
2026-09-27 00:41:35,log,850000,30.49,72.38,1007.90,30.74,73.34,1007.86,0,0,OFF,1,1,1,
2026-09-27 00:41:36,log,851000,30.49,72.39,1007.87,30.75,73.13,1007.78,0,0,OFF,1,1,1,
2026-09-27 00:41:37,log,852000,30.49,72.81,1007.82,30.75,73.16,1007.84,0,0,OFF,1,1,1,
2026-09-27 00:41:38,log,853000,30.48,72.65,1007.89,30.74,73.44,1007.85,0,0,OFF,1,1,1,
2026-09-27 00:41:39,log,854000,30.49,72.67,1007.93,30.74,73.34,1007.79,0,0,OFF,1,1,1,
2026-09-27 00:41:40,log,855000,30.48,72.57,1007.92,30.75,73.33,1007.84,0,0,OFF,1,1,1,
2026-09-27 00:41:41,log,856000,30.49,72.48,1007.88,30.73,73.29,1007.84,0,0,OFF,1,1,1,
2026-09-27 00:41:42,log,857000,30.49,72.45,1007.93,30.74,73.40,1007.86,0,0,OFF,1,1,1,
2026-09-27 00:41:43,log,858000,30.49,72.53,1007.90,30.74,73.36,1007.82,0,0,OFF,1,1,1,
2026-09-27 00:41:44,log,859000,30.48,72.66,1007.86,30.74,73.29,1007.86,0,0,OFF,1,1,1,
2026-09-27 00:41:45,log,860000,30.48,72.49,1007.89,30.74,73.19,1007.79,0,0,OFF,1,1,1,
2026-09-27 00:41:46,log,861000,30.48,72.53,1007.95,30.74,73.44,1007.85,0,0,OFF,1,1,1,
2026-09-27 00:41:47,log,862000,30.49,72.46,1007.84,30.74,73.25,1007.88,0,0,OFF,1,1,1,
2026-09-27 00:41:48,log,863000,30.48,72.77,1007.89,30.74,73.46,1007.86,0,0,OFF,1,1,1,
2026-09-27 00:41:49,log,864000,30.49,72.77,1007.90,30.74,73.01,1007.86,0,0,OFF,1,1,1,
2026-09-27 00:41:50,log,865000,30.48,72.66,1007.97,30.74,73.29,1007.82,0,0,OFF,1,1,1,
2026-09-27 00:41:51,log,866000,30.49,72.48,1007.90,30.73,73.44,1007.81,0,0,OFF,1,1,1,
2026-09-27 00:41:52,log,867000,30.48,72.85,1007.95,30.74,73.46,1007.83,0,0,OFF,1,1,1,
2026-09-27 00:41:53,log,868000,30.49,72.67,1007.91,30.75,73.45,1007.87,0,0,OFF,1,1,1,
2026-09-27 00:41:54,log,869000,30.49,72.58,1007.90,30.75,73.38,1007.87,0,0,OFF,1,1,1,
2026-09-27 00:41:55,log,870000,30.49,72.77,1007.90,30.75,73.29,1007.81,0,0,OFF,1,1,1,
2026-09-27 00:41:56,log,871000,30.48,72.67,1007.89,30.74,73.38,1007.86,0,0,OFF,1,1,1,
2026-09-27 00:41:57,log,872000,30.48,72.76,1007.89,30.74,73.38,1007.80,0,0,OFF,1,1,1,
2026-09-27 00:41:58,log,873000,30.48,72.39,1007.88,30.75,73.27,1007.87,0,0,OFF,1,1,1,
2026-09-27 00:41:59,log,874000,30.49,72.43,1007.90,30.75,73.34,1007.81,0,0,OFF,1,1,1,
2026-09-27 00:42:00,log,875000,30.48,72.46,1007.94,30.74,73.23,1007.80,0,0,OFF,1,1,1,
2026-09-27 00:42:01,log,876000,30.48,72.56,1007.94,30.75,73.18,1007.87,0,0,OFF,1,1,1,
2026-09-27 00:42:02,log,877000,30.47,72.70,1007.87,30.74,73.22,1007.86,0,0,OFF,1,1,1,
2026-09-27 00:42:03,log,878000,30.48,72.72,1007.83,30.75,73.07,1007.92,0,0,OFF,1,1,1,
2026-09-27 00:42:04,log,879000,30.48,72.53,1007.88,30.75,73.14,1007.87,0,0,OFF,1,1,1,
2026-09-27 00:42:05,log,880000,30.49,72.63,1007.95,30.75,73.25,1007.85,0,0,OFF,1,1,1,
2026-09-27 00:42:06,log,881000,30.48,72.62,1007.88,30.75,73.27,1007.82,0,0,OFF,1,1,1,
2026-09-27 00:42:07,log,882000,30.49,72.39,1007.90,30.75,73.33,1007.87,0,0,OFF,1,1,1,
2026-09-27 00:42:08,log,883000,30.48,72.55,1007.94,30.74,73.10,1007.86,0,0,OFF,1,1,1,
2026-09-27 00:42:09,log,884000,30.48,72.68,1007.95,30.75,73.04,1007.78,0,0,OFF,1,1,1,
2026-09-27 00:42:10,log,885000,30.48,72.90,1007.94,30.76,73.24,1007.91,0,0,OFF,1,1,1,
2026-09-27 00:42:11,log,886000,30.49,72.85,1007.90,30.76,73.23,1007.88,0,0,OFF,1,1,1,
2026-09-27 00:42:12,log,887000,30.48,72.80,1007.95,30.74,73.39,1007.83,0,0,OFF,1,1,1,
2026-09-27 00:42:13,log,888000,30.48,72.73,1007.83,30.75,73.27,1007.84,0,0,OFF,1,1,1,
2026-09-27 00:42:14,log,889000,30.49,72.53,1007.84,30.75,73.25,1007.84,0,0,OFF,1,1,1,
2026-09-27 00:42:15,log,890000,30.47,72.58,1007.85,30.75,73.32,1007.87,0,0,OFF,1,1,1,
2026-09-27 00:42:16,log,891000,30.48,72.71,1007.88,30.76,73.08,1007.88,0,0,OFF,1,1,1,
2026-09-27 00:42:17,log,892000,30.48,72.54,1007.91,30.75,73.07,1007.82,0,0,OFF,1,1,1,
2026-09-27 00:42:18,log,893000,30.47,72.60,1007.90,30.75,73.22,1007.87,0,0,OFF,1,1,1,
2026-09-27 00:42:19,log,894000,30.48,72.60,1007.88,30.74,73.19,1007.80,0,0,OFF,1,1,1,
2026-09-27 00:42:20,log,895000,30.47,72.76,1007.87,30.75,73.24,1007.81,0,0,OFF,1,1,1,
2026-09-27 00:42:21,log,896000,30.48,72.83,1007.95,30.74,73.03,1007.83,0,0,OFF,1,1,1,
2026-09-27 00:42:22,log,897000,30.48,72.56,1007.83,30.75,73.21,1007.87,0,0,OFF,1,1,1,
2026-09-27 00:42:23,log,898000,30.48,72.54,1007.88,30.75,73.30,1007.87,0,0,OFF,1,1,1,
2026-09-27 00:42:24,log,899000,30.48,72.59,1007.92,30.75,73.25,1007.82,0,0,OFF,1,1,1,
2026-09-27 00:42:25,log,900000,30.48,72.50,1007.94,30.75,73.31,1007.84,0,0,OFF,1,1,1,
2026-09-27 00:42:26,log,901000,30.47,72.76,1007.85,30.76,73.31,1007.85,0,0,OFF,1,1,1,
2026-09-27 00:42:27,log,902000,30.48,72.46,1007.86,30.75,72.92,1007.82,0,0,OFF,1,1,1,
2026-09-27 00:42:28,log,903000,30.48,72.45,1007.85,30.75,73.10,1007.81,0,0,OFF,1,1,1,
2026-09-27 00:42:29,log,904000,30.47,72.45,1007.81,30.75,73.35,1007.85,0,0,OFF,1,1,1,
2026-09-27 00:42:30,log,905000,30.47,72.72,1007.90,30.75,73.29,1007.84,0,0,OFF,1,1,1,
2026-09-27 00:42:31,log,906000,30.48,72.47,1007.94,30.76,73.31,1007.85,0,0,OFF,1,1,1,
2026-09-27 00:42:32,log,907000,30.48,72.55,1007.94,30.75,73.27,1007.79,0,0,OFF,1,1,1,
2026-09-27 00:42:33,log,908000,30.47,72.40,1007.93,30.76,73.24,1007.85,0,0,OFF,1,1,1,
2026-09-27 00:42:34,log,909000,30.46,72.46,1007.89,30.75,73.27,1007.82,0,0,OFF,1,1,1,
2026-09-27 00:42:35,log,910000,30.47,72.51,1007.93,30.75,73.25,1007.76,0,0,OFF,1,1,1,
2026-09-27 00:42:36,log,911000,30.46,72.57,1007.86,30.76,73.31,1007.83,0,0,OFF,1,1,1,
2026-09-27 00:42:37,log,912000,30.47,72.53,1007.93,30.76,73.35,1007.80,0,0,OFF,1,1,1,
2026-09-27 00:42:38,log,913000,30.47,72.78,1007.84,30.76,73.15,1007.80,0,0,OFF,1,1,1,
2026-09-27 00:42:39,log,914000,30.47,72.43,1007.90,30.76,73.20,1007.86,0,0,OFF,1,1,1,
2026-09-27 00:42:40,log,915000,30.47,72.76,1007.92,30.76,73.16,1007.80,0,0,OFF,1,1,1,
2026-09-27 00:42:41,log,916000,30.48,72.43,1007.95,30.76,73.20,1007.81,0,0,OFF,1,1,1,
2026-09-27 00:42:42,log,917000,30.47,72.68,1007.87,30.76,73.12,1007.81,0,0,OFF,1,1,1,
2026-09-27 00:42:43,log,918000,30.46,72.47,1007.91,30.76,73.22,1007.81,0,0,OFF,1,1,1,
2026-09-27 00:42:44,log,919000,30.47,72.76,1007.92,30.76,73.23,1007.83,0,0,OFF,1,1,1,
2026-09-27 00:42:45,log,920000,30.47,72.67,1007.87,30.75,73.14,1007.82,0,0,OFF,1,1,1,
2026-09-27 00:42:46,log,921000,30.47,72.63,1007.96,30.76,73.20,1007.89,0,0,OFF,1,1,1,
2026-09-27 00:42:47,log,922000,30.46,72.49,1007.89,30.76,73.24,1007.80,0,0,OFF,1,1,1,
2026-09-27 00:42:48,log,923000,30.46,72.73,1007.91,30.76,73.25,1007.85,0,0,OFF,1,1,1,
2026-09-27 00:42:49,log,924000,30.47,72.45,1007.96,30.75,73.22,1007.81,0,0,OFF,1,1,1,
2026-09-27 00:42:50,log,925000,30.47,72.73,1007.84,30.75,73.19,1007.81,0,0,OFF,1,1,1,
2026-09-27 00:42:51,log,926000,30.47,72.55,1007.93,30.76,73.24,1007.85,0,0,OFF,1,1,1,
2026-09-27 00:42:52,log,927000,30.47,72.65,1007.92,30.75,73.33,1007.81,0,0,OFF,1,1,1,
2026-09-27 00:42:53,log,928000,30.47,72.60,1007.93,30.75,73.26,1007.82,0,0,OFF,1,1,1,
2026-09-27 00:42:54,log,929000,30.47,72.46,1007.92,30.75,73.25,1007.82,0,0,OFF,1,1,1,
2026-09-27 00:42:55,log,930000,30.46,72.44,1007.91,30.75,73.12,1007.89,0,0,OFF,1,1,1,
2026-09-27 00:42:56,log,931000,30.47,72.71,1007.92,30.75,73.03,1007.82,0,0,OFF,1,1,1,
2026-09-27 00:42:57,log,932000,30.47,72.67,1007.89,30.75,73.17,1007.82,0,0,OFF,1,1,1,
2026-09-27 00:42:58,log,933000,30.47,72.62,1007.89,30.75,73.29,1007.87,0,0,OFF,1,1,1,
2026-09-27 00:42:59,log,934000,30.47,72.48,1007.95,30.74,73.16,1007.80,0,0,OFF,1,1,1,
2026-09-27 00:43:00,log,935000,30.47,72.69,1007.98,30.75,72.83,1007.78,0,0,OFF,1,1,1,
2026-09-27 00:43:01,log,936000,30.48,72.71,1007.95,30.75,73.15,1007.79,0,0,OFF,1,1,1,
2026-09-27 00:43:02,log,937000,30.47,72.65,1007.87,30.75,73.21,1007.85,0,0,OFF,1,1,1,
2026-09-27 00:43:03,log,938000,30.47,72.88,1007.87,30.75,73.23,1007.78,0,0,OFF,1,1,1,
2026-09-27 00:43:04,log,939000,30.47,72.96,1007.89,30.75,73.17,1007.76,0,0,OFF,1,1,1,
2026-09-27 00:43:05,log,940000,30.47,73.10,1007.92,30.76,73.20,1007.83,0,0,OFF,1,1,1,
2026-09-27 00:43:06,log,941000,30.47,72.77,1007.87,30.76,73.27,1007.81,0,0,OFF,1,1,1,
2026-09-27 00:43:07,log,942000,30.47,72.87,1007.93,30.75,73.26,1007.78,0,0,OFF,1,1,1,
2026-09-27 00:43:08,log,943000,30.47,72.51,1007.87,30.75,73.17,1007.78,0,0,OFF,1,1,1,
2026-09-27 00:43:09,log,944000,30.47,72.69,1007.84,30.76,73.31,1007.83,0,0,OFF,1,1,1,
2026-09-27 00:43:10,log,945000,30.48,72.77,1007.83,30.76,73.14,1007.88,0,0,OFF,1,1,1,
2026-09-27 00:43:11,log,946000,30.47,72.67,1007.87,30.76,73.16,1007.83,0,0,OFF,1,1,1,
2026-09-27 00:43:12,log,947000,30.48,72.57,1007.88,30.76,73.14,1007.83,0,0,OFF,1,1,1,
2026-09-27 00:43:13,log,948000,30.47,72.75,1007.93,30.77,73.05,1007.84,0,0,OFF,1,1,1,
2026-09-27 00:43:14,log,949000,30.48,72.87,1007.83,30.76,73.13,1007.83,0,0,OFF,1,1,1,
2026-09-27 00:43:15,log,950000,30.47,72.63,1007.85,30.76,73.21,1007.85,0,0,OFF,1,1,1,
2026-09-27 00:43:16,log,951000,30.47,72.72,1007.84,30.76,73.05,1007.83,0,0,OFF,1,1,1,
2026-09-27 00:43:17,log,952000,30.46,72.78,1007.86,30.76,72.77,1007.86,0,0,OFF,1,1,1,
2026-09-27 00:43:18,log,953000,30.47,72.65,1007.87,30.76,72.82,1007.85,0,0,OFF,1,1,1,
2026-09-27 00:43:19,log,954000,30.46,72.71,1007.86,30.76,73.22,1007.85,0,0,OFF,1,1,1,
2026-09-27 00:43:20,log,955000,30.48,72.68,1007.83,30.75,73.06,1007.87,0,0,OFF,1,1,1,
2026-09-27 00:43:21,log,956000,30.48,72.50,1007.94,30.75,73.17,1007.76,0,0,OFF,1,1,1,
2026-09-27 00:43:22,log,957000,30.47,72.45,1007.93,30.76,73.08,1007.91,0,0,OFF,1,1,1,
2026-09-27 00:43:23,log,958000,30.46,72.54,1007.91,30.75,73.17,1007.78,0,0,OFF,1,1,1,
2026-09-27 00:43:24,log,959000,30.46,72.42,1007.86,30.75,73.18,1007.82,0,0,OFF,1,1,1,
2026-09-27 00:43:25,log,960000,30.47,72.39,1007.95,30.76,73.19,1007.86,0,0,OFF,1,1,1,
2026-09-27 00:43:26,log,961000,30.46,72.38,1007.91,30.75,73.29,1007.79,0,0,OFF,1,1,1,
2026-09-27 00:43:27,log,962000,30.47,72.60,1007.90,30.75,72.98,1007.84,0,0,OFF,1,1,1,
2026-09-27 00:43:28,log,963000,30.47,72.51,1007.92,30.74,72.68,1007.77,0,0,OFF,1,1,1,
2026-09-27 00:43:29,log,964000,30.47,72.36,1007.84,30.75,72.79,1007.81,0,0,OFF,1,1,1,
2026-09-27 00:43:30,log,965000,30.46,72.50,1007.91,30.74,72.81,1007.86,0,0,OFF,1,1,1,
2026-09-27 00:43:31,log,966000,30.47,72.36,1007.87,30.75,72.95,1007.87,0,0,OFF,1,1,1,
2026-09-27 00:43:32,log,967000,30.46,72.29,1007.97,30.75,73.12,1007.87,0,0,OFF,1,1,1,
2026-09-27 00:43:33,log,968000,30.46,72.38,1007.86,30.74,73.19,1007.79,0,0,OFF,1,1,1,
2026-09-27 00:43:34,log,969000,30.46,72.32,1007.85,30.74,72.75,1007.91,0,0,OFF,1,1,1,
2026-09-27 00:43:35,log,970000,30.46,72.48,1007.85,30.73,72.76,1007.84,0,0,OFF,1,1,1,
2026-09-27 00:43:36,log,971000,30.46,72.38,1007.85,30.74,72.97,1007.82,0,0,OFF,1,1,1,
2026-09-27 00:43:37,log,972000,30.46,72.50,1007.86,30.74,72.98,1007.85,0,0,OFF,1,1,1,
2026-09-27 00:43:38,log,973000,30.45,72.61,1007.90,30.74,73.01,1007.80,0,0,OFF,1,1,1,
2026-09-27 00:43:39,log,974000,30.46,72.33,1007.86,30.74,72.97,1007.85,0,0,OFF,1,1,1,
2026-09-27 00:43:40,log,975000,30.46,72.64,1007.91,30.73,72.71,1007.87,0,0,OFF,1,1,1,
2026-09-27 00:43:41,log,976000,30.45,72.54,1007.84,30.74,73.19,1007.85,0,0,OFF,1,1,1,
2026-09-27 00:43:42,log,977000,30.45,72.64,1007.90,30.74,73.00,1007.79,0,0,OFF,1,1,1,
2026-09-27 00:43:43,log,978000,30.45,72.41,1007.86,30.74,73.22,1007.83,0,0,OFF,1,1,1,
2026-09-27 00:43:44,log,979000,30.45,72.54,1007.84,30.73,73.15,1007.84,0,0,OFF,1,1,1,
2026-09-27 00:43:45,log,980000,30.45,72.61,1007.90,30.74,73.23,1007.91,0,0,OFF,1,1,1,
2026-09-27 00:43:46,log,981000,30.45,72.32,1007.86,30.74,73.13,1007.85,0,0,OFF,1,1,1,
2026-09-27 00:43:47,log,982000,30.45,72.71,1007.84,30.73,73.17,1007.79,0,0,OFF,1,1,1,
2026-09-27 00:43:48,log,983000,30.45,72.35,1007.90,30.74,73.26,1007.85,0,0,OFF,1,1,1,
2026-09-27 00:43:49,log,984000,30.46,72.64,1007.96,30.74,73.25,1007.79,0,0,OFF,1,1,1,
2026-09-27 00:43:50,log,985000,30.45,72.63,1007.89,30.73,73.30,1007.83,0,0,OFF,1,1,1,
2026-09-27 00:43:51,log,986000,30.45,72.65,1007.83,30.74,73.27,1007.86,0,0,OFF,1,1,1,
2026-09-27 00:43:52,log,987000,30.45,72.45,1007.87,30.74,73.00,1007.82,0,0,OFF,1,1,1,
2026-09-27 00:43:53,log,988000,30.45,72.36,1007.95,30.73,73.23,1007.79,0,0,OFF,1,1,1,
2026-09-27 00:43:54,log,989000,30.45,72.58,1007.89,30.74,73.05,1007.86,0,0,OFF,1,1,1,
2026-09-27 00:43:55,log,990000,30.46,72.61,1007.88,30.73,73.36,1007.81,0,0,OFF,1,1,1,
2026-09-27 00:43:56,log,991000,30.45,72.68,1007.90,30.73,73.19,1007.79,0,0,OFF,1,1,1,
2026-09-27 00:43:57,log,992000,30.45,72.43,1007.78,30.74,73.19,1007.88,0,0,OFF,1,1,1,
2026-09-27 00:43:58,log,993000,30.45,72.59,1007.95,30.74,73.15,1007.86,0,0,OFF,1,1,1,
2026-09-27 00:43:59,log,994000,30.45,72.56,1007.90,30.74,73.22,1007.86,0,0,OFF,1,1,1,
2026-09-27 00:44:00,log,995000,30.44,72.53,1007.88,30.74,73.05,1007.75,0,0,OFF,1,1,1,
2026-09-27 00:44:01,log,996000,30.45,72.39,1007.84,30.74,73.30,1007.86,0,0,OFF,1,1,1,
2026-09-27 00:44:02,log,997000,30.45,72.38,1007.84,30.73,73.16,1007.83,0,0,OFF,1,1,1,
2026-09-27 00:44:03,log,998000,30.45,72.62,1007.93,30.74,73.24,1007.82,0,0,OFF,1,1,1,
2026-09-27 00:44:04,log,999000,30.46,72.50,1007.93,30.74,73.10,1007.79,0,0,OFF,1,1,1,
2026-09-27 00:44:05,log,1000000,30.46,72.52,1007.85,30.74,73.24,1007.86,0,0,OFF,1,1,1,
2026-09-27 00:44:06,log,1001000,30.45,72.43,1007.90,30.74,73.27,1007.83,0,0,OFF,1,1,1,
2026-09-27 00:44:07,log,1002000,30.45,72.46,1007.92,30.73,73.25,1007.84,0,0,OFF,1,1,1,
2026-09-27 00:44:08,log,1003000,30.44,72.64,1007.91,30.74,73.17,1007.82,0,0,OFF,1,1,1,
2026-09-27 00:44:09,log,1004000,30.44,72.61,1007.91,30.73,72.89,1007.84,0,0,OFF,1,1,1,
2026-09-27 00:44:10,log,1005000,30.45,72.53,1007.89,30.74,72.91,1007.79,0,0,OFF,1,1,1,
2026-09-27 00:44:11,log,1006000,30.45,72.61,1007.90,30.74,72.80,1007.77,0,0,OFF,1,1,1,
2026-09-27 00:44:12,log,1007000,30.46,72.46,1007.91,30.74,72.98,1007.77,0,0,OFF,1,1,1,
2026-09-27 00:44:13,log,1008000,30.45,72.62,1007.89,30.74,73.00,1007.79,0,0,OFF,1,1,1,
2026-09-27 00:44:14,log,1009000,30.45,72.32,1007.89,30.75,73.22,1007.76,0,0,OFF,1,1,1,
2026-09-27 00:44:15,log,1010000,30.45,72.70,1007.89,30.75,73.24,1007.81,0,0,OFF,1,1,1,
2026-09-27 00:44:16,log,1011000,30.45,72.45,1007.84,30.74,73.15,1007.83,0,0,OFF,1,1,1,
2026-09-27 00:44:17,log,1012000,30.44,72.34,1007.82,30.75,73.25,1007.74,0,0,OFF,1,1,1,
2026-09-27 00:44:18,log,1013000,30.44,72.61,1007.88,30.75,73.16,1007.78,0,0,OFF,1,1,1,
2026-09-27 00:44:19,log,1014000,30.45,72.65,1007.90,30.75,73.01,1007.76,0,0,OFF,1,1,1,
2026-09-27 00:44:20,log,1015000,30.45,72.42,1007.95,30.75,73.15,1007.87,0,0,OFF,1,1,1,
2026-09-27 00:44:21,log,1016000,30.45,72.62,1007.92,30.75,73.10,1007.81,0,0,OFF,1,1,1,
2026-09-27 00:44:22,log,1017000,30.45,72.69,1007.90,30.76,73.21,1007.85,0,0,OFF,1,1,1,
2026-09-27 00:44:23,log,1018000,30.44,72.61,1007.88,30.76,73.12,1007.77,0,0,OFF,1,1,1,
2026-09-27 00:44:24,log,1019000,30.44,72.37,1007.88,30.76,73.11,1007.83,0,0,OFF,1,1,1,
2026-09-27 00:44:25,log,1020000,30.44,72.53,1007.91,30.77,73.10,1007.84,0,0,OFF,1,1,1,
2026-09-27 00:44:26,log,1021000,30.45,72.56,1007.86,30.76,73.04,1007.83,0,0,OFF,1,1,1,
2026-09-27 00:44:27,log,1022000,30.45,72.59,1007.93,30.76,72.90,1007.83,0,0,OFF,1,1,1,
2026-09-27 00:44:28,log,1023000,30.44,72.64,1007.88,30.76,73.14,1007.85,0,0,OFF,1,1,1,
2026-09-27 00:44:29,log,1024000,30.45,72.37,1007.93,30.76,73.18,1007.85,0,0,OFF,1,1,1,
2026-09-27 00:44:30,log,1025000,30.45,72.59,1007.89,30.76,73.14,1007.83,0,0,OFF,1,1,1,
2026-09-27 00:44:31,log,1026000,30.45,72.39,1007.90,30.76,73.07,1007.81,0,0,OFF,1,1,1,
2026-09-27 00:44:32,log,1027000,30.45,72.51,1007.84,30.76,73.03,1007.81,0,0,OFF,1,1,1,
2026-09-27 00:44:33,log,1028000,30.45,72.83,1007.93,30.77,73.12,1007.84,0,0,OFF,1,1,1,
2026-09-27 00:44:34,log,1029000,30.45,72.71,1007.87,30.76,73.00,1007.83,0,0,OFF,1,1,1,
2026-09-27 00:44:35,log,1030000,30.45,72.39,1007.87,30.75,73.17,1007.79,0,0,OFF,1,1,1,
2026-09-27 00:44:36,log,1031000,30.45,72.70,1007.83,30.76,73.10,1007.78,0,0,OFF,1,1,1,
2026-09-27 00:44:37,log,1032000,30.45,72.31,1007.93,30.76,73.10,1007.83,0,0,OFF,1,1,1,
2026-09-27 00:44:38,log,1033000,30.44,72.56,1007.88,30.77,73.04,1007.85,0,0,OFF,1,1,1,
2026-09-27 00:44:39,log,1034000,30.44,72.42,1007.85,30.77,72.98,1007.81,0,0,OFF,1,1,1,
2026-09-27 00:44:40,log,1035000,30.45,72.65,1007.84,30.78,73.01,1007.89,0,0,OFF,1,1,1,
2026-09-27 00:44:41,log,1036000,30.44,72.40,1007.82,30.77,73.12,1007.76,0,0,OFF,1,1,1,
2026-09-27 00:44:42,log,1037000,30.44,72.32,1007.82,30.77,73.04,1007.84,0,0,OFF,1,1,1,
2026-09-27 00:44:43,log,1038000,30.44,72.62,1007.88,30.76,73.08,1007.83,0,0,OFF,1,1,1,
2026-09-27 00:44:44,log,1039000,30.45,72.58,1007.89,30.76,73.06,1007.78,0,0,OFF,1,1,1,
2026-09-27 00:44:45,log,1040000,30.45,72.53,1007.86,30.75,73.09,1007.82,0,0,OFF,1,1,1,
2026-09-27 00:44:46,log,1041000,30.45,72.71,1007.89,30.77,73.10,1007.84,0,0,OFF,1,1,1,
2026-09-27 00:44:47,log,1042000,30.45,72.45,1007.86,30.76,73.15,1007.83,0,0,OFF,1,1,1,
2026-09-27 00:44:48,log,1043000,30.44,72.60,1007.94,30.76,73.12,1007.80,0,0,OFF,1,1,1,
2026-09-27 00:44:49,log,1044000,30.43,72.47,1007.81,30.75,73.01,1007.74,0,0,OFF,1,1,1,
2026-09-27 00:44:50,log,1045000,30.44,72.70,1007.82,30.76,73.17,1007.80,0,0,OFF,1,1,1,
2026-09-27 00:44:51,log,1046000,30.44,72.67,1007.82,30.75,73.17,1007.82,0,0,OFF,1,1,1,
2026-09-27 00:44:52,log,1047000,30.44,72.43,1007.84,30.76,73.17,1007.83,0,0,OFF,1,1,1,
2026-09-27 00:44:53,log,1048000,30.45,72.62,1007.90,30.76,73.14,1007.78,0,0,OFF,1,1,1,
2026-09-27 00:44:54,log,1049000,30.45,72.32,1007.89,30.77,73.27,1007.84,0,0,OFF,1,1,1,
2026-09-27 00:44:55,log,1050000,30.44,72.64,1007.94,30.77,73.12,1007.84,0,0,OFF,1,1,1,
2026-09-27 00:44:56,log,1051000,30.45,72.73,1007.95,30.77,72.98,1007.79,0,0,OFF,1,1,1,
2026-09-27 00:44:57,log,1052000,30.45,72.46,1007.83,30.76,73.14,1007.83,0,0,OFF,1,1,1,
2026-09-27 00:44:58,log,1053000,30.44,72.44,1007.85,30.77,73.10,1007.88,0,0,OFF,1,1,1,
2026-09-27 00:44:59,log,1054000,30.44,72.73,1007.88,30.76,73.15,1007.89,0,0,OFF,1,1,1,
2026-09-27 00:45:00,log,1055000,30.44,72.71,1007.91,30.77,73.15,1007.85,0,0,OFF,1,1,1,
2026-09-27 00:45:01,log,1056000,30.46,72.65,1007.93,30.78,72.85,1007.83,0,0,OFF,1,1,1,
2026-09-27 00:45:02,log,1057000,30.44,72.76,1007.87,30.77,73.20,1007.85,0,0,OFF,1,1,1,
2026-09-27 00:45:03,log,1058000,30.44,72.56,1007.82,30.77,72.96,1007.84,0,0,OFF,1,1,1,
2026-09-27 00:45:04,log,1059000,30.45,72.77,1007.89,30.77,73.16,1007.79,0,0,OFF,1,1,1,
2026-09-27 00:45:05,log,1060000,30.44,72.70,1007.88,30.79,73.25,1007.87,0,0,OFF,1,1,1,
2026-09-27 00:45:06,log,1061000,30.44,72.55,1007.88,30.78,73.10,1007.84,0,0,OFF,1,1,1,
2026-09-27 00:45:07,log,1062000,30.45,72.72,1007.89,30.77,73.27,1007.85,0,0,OFF,1,1,1,
2026-09-27 00:45:08,log,1063000,30.44,72.43,1007.88,30.78,73.21,1007.83,0,0,OFF,1,1,1,
2026-09-27 00:45:09,log,1064000,30.45,72.62,1007.89,30.78,73.20,1007.75,0,0,OFF,1,1,1,
2026-09-27 00:45:10,log,1065000,30.44,72.60,1007.88,30.77,73.14,1007.82,0,0,OFF,1,1,1,
2026-09-27 00:45:11,log,1066000,30.44,72.45,1007.90,30.78,73.18,1007.83,0,0,OFF,1,1,1,
2026-09-27 00:45:12,log,1067000,30.44,72.50,1007.91,30.78,73.21,1007.78,0,0,OFF,1,1,1,
2026-09-27 00:45:13,log,1068000,30.45,72.63,1007.89,30.79,73.18,1007.85,0,0,OFF,1,1,1,
2026-09-27 00:45:14,log,1069000,30.44,72.59,1007.88,30.78,73.03,1007.83,0,0,OFF,1,1,1,
2026-09-27 00:45:15,log,1070000,30.45,72.53,1007.83,30.78,73.18,1007.80,0,0,OFF,1,1,1,
2026-09-27 00:45:16,log,1071000,30.45,72.47,1007.95,30.77,73.07,1007.81,0,0,OFF,1,1,1,
2026-09-27 00:45:17,log,1072000,30.45,72.70,1007.95,30.77,73.11,1007.85,0,0,OFF,1,1,1,
2026-09-27 00:45:18,log,1073000,30.45,72.35,1007.90,30.77,73.02,1007.79,0,0,OFF,1,1,1,
2026-09-27 00:45:19,log,1074000,30.45,72.65,1007.90,30.77,73.22,1007.79,0,0,OFF,1,1,1,
2026-09-27 00:45:20,log,1075000,30.44,72.67,1007.88,30.78,73.18,1007.86,0,0,OFF,1,1,1,
2026-09-27 00:45:21,log,1076000,30.45,72.76,1007.92,30.77,73.14,1007.79,0,0,OFF,1,1,1,
2026-09-27 00:45:22,log,1077000,30.45,72.45,1007.83,30.77,73.14,1007.90,0,0,OFF,1,1,1,
2026-09-27 00:45:23,log,1078000,30.44,72.58,1007.88,30.78,73.12,1007.89,0,0,OFF,1,1,1,
2026-09-27 00:45:24,log,1079000,30.45,72.73,1007.95,30.77,73.20,1007.90,0,0,OFF,1,1,1,
2026-09-27 00:45:25,log,1080000,30.45,72.59,1007.92,30.78,73.15,1007.83,0,0,OFF,1,1,1,
2026-09-27 00:45:26,log,1081000,30.45,72.54,1007.84,30.77,73.10,1007.90,0,0,OFF,1,1,1,
2026-09-27 00:45:27,log,1082000,30.44,72.41,1007.82,30.77,73.14,1007.74,0,0,OFF,1,1,1,
2026-09-27 00:45:28,log,1083000,30.45,72.59,1007.90,30.78,73.15,1007.78,0,0,OFF,1,1,1,
2026-09-27 00:45:29,log,1084000,30.45,72.48,1007.93,30.77,73.16,1007.82,0,0,OFF,1,1,1,
2026-09-27 00:45:30,log,1085000,30.45,72.49,1007.95,30.77,73.21,1007.79,0,0,OFF,1,1,1,
2026-09-27 00:45:31,log,1086000,30.45,72.81,1007.90,30.77,73.12,1007.81,0,0,OFF,1,1,1,
2026-09-27 00:45:32,log,1087000,30.45,72.62,1007.89,30.78,73.12,1007.86,0,0,OFF,1,1,1,
2026-09-27 00:45:33,log,1088000,30.45,72.46,1007.95,30.78,73.21,1007.83,0,0,OFF,1,1,1,
2026-09-27 00:45:34,log,1089000,30.45,72.71,1007.89,30.77,73.11,1007.85,0,0,OFF,1,1,1,
2026-09-27 00:45:35,log,1090000,30.45,72.35,1007.86,30.77,73.21,1007.82,0,0,OFF,1,1,1,
2026-09-27 00:45:36,log,1091000,30.45,72.65,1007.95,30.78,73.10,1007.81,0,0,OFF,1,1,1,
2026-09-27 00:45:37,log,1092000,30.45,72.48,1007.89,30.77,73.20,1007.82,0,0,OFF,1,1,1,
2026-09-27 00:45:38,log,1093000,30.45,72.45,1007.90,30.78,73.23,1007.83,0,0,OFF,1,1,1,
2026-09-27 00:45:39,log,1094000,30.46,72.63,1007.96,30.76,73.08,1007.83,0,0,OFF,1,1,1,
2026-09-27 00:45:40,log,1095000,30.45,72.42,1007.89,30.78,73.01,1007.86,0,0,OFF,1,1,1,
2026-09-27 00:45:41,log,1096000,30.44,72.38,1007.82,30.76,73.19,1007.83,0,0,OFF,1,1,1,
2026-09-27 00:45:42,log,1097000,30.45,72.32,1007.90,30.76,73.12,1007.85,0,0,OFF,1,1,1,
2026-09-27 00:45:43,log,1098000,30.45,72.50,1007.92,30.76,72.76,1007.78,0,0,OFF,1,1,1,
2026-09-27 00:45:44,log,1099000,30.45,72.58,1007.92,30.77,73.13,1007.81,0,0,OFF,1,1,1,
2026-09-27 00:45:45,log,1100000,30.45,72.47,1007.90,30.76,73.14,1007.83,0,0,OFF,1,1,1,
2026-09-27 00:45:46,log,1101000,30.45,72.48,1007.87,30.77,73.22,1007.81,0,0,OFF,1,1,1,
2026-09-27 00:45:47,log,1102000,30.45,72.46,1007.93,30.77,72.79,1007.85,0,0,OFF,1,1,1,
2026-09-27 00:45:48,log,1103000,30.45,72.41,1007.89,30.77,73.19,1007.79,0,0,OFF,1,1,1,
2026-09-27 00:45:49,log,1104000,30.45,72.59,1007.84,30.76,73.10,1007.83,0,0,OFF,1,1,1,
2026-09-27 00:45:50,log,1105000,30.45,72.31,1007.83,30.76,73.16,1007.81,0,0,OFF,1,1,1,
2026-09-27 00:45:51,log,1106000,30.44,72.38,1007.87,30.77,73.01,1007.81,0,0,OFF,1,1,1,
2026-09-27 00:45:52,log,1107000,30.45,72.46,1007.86,30.77,73.16,1007.81,0,0,OFF,1,1,1,
2026-09-27 00:45:53,log,1108000,30.45,72.45,1007.95,30.76,73.17,1007.83,0,0,OFF,1,1,1,
2026-09-27 00:45:54,log,1109000,30.45,72.43,1007.87,30.76,73.16,1007.83,0,0,OFF,1,1,1,
2026-09-27 00:45:55,log,1110000,30.45,72.74,1007.90,30.76,73.04,1007.86,0,0,OFF,1,1,1,
2026-09-27 00:45:56,log,1111000,30.45,72.48,1007.90,30.77,73.20,1007.84,0,0,OFF,1,1,1,
2026-09-27 00:45:57,log,1112000,30.45,72.64,1007.90,30.76,73.15,1007.78,0,0,OFF,1,1,1,
2026-09-27 00:45:58,log,1113000,30.45,72.51,1007.90,30.76,72.78,1007.78,0,0,OFF,1,1,1,
2026-09-27 00:45:59,log,1114000,30.45,72.63,1007.83,30.76,72.86,1007.72,0,0,OFF,1,1,1,
2026-09-27 00:46:00,log,1115000,30.45,72.48,1007.89,30.77,73.22,1007.79,0,0,OFF,1,1,1,
2026-09-27 00:46:01,log,1116000,30.44,72.49,1007.85,30.77,73.01,1007.85,0,0,OFF,1,1,1,
2026-09-27 00:46:02,log,1117000,30.45,72.46,1007.83,30.76,72.90,1007.83,0,0,OFF,1,1,1,
2026-09-27 00:46:03,log,1118000,30.45,72.48,1007.83,30.76,72.85,1007.83,0,0,OFF,1,1,1,
2026-09-27 00:46:04,log,1119000,30.44,72.55,1007.88,30.76,73.14,1007.83,0,0,OFF,1,1,1,
2026-09-27 00:46:05,log,1120000,30.45,72.41,1007.83,30.76,72.94,1007.78,0,0,OFF,1,1,1,
2026-09-27 00:46:06,log,1121000,30.44,72.48,1007.85,30.77,73.15,1007.76,0,0,OFF,1,1,1,
2026-09-27 00:46:07,log,1122000,30.45,72.48,1007.89,30.77,73.08,1007.81,0,0,OFF,1,1,1,
2026-09-27 00:46:08,log,1123000,30.45,72.69,1007.90,30.77,73.14,1007.81,0,0,OFF,1,1,1,
2026-09-27 00:46:09,log,1124000,30.44,72.58,1007.88,30.76,73.06,1007.83,0,0,OFF,1,1,1,
2026-09-27 00:46:10,log,1125000,30.44,72.64,1007.99,30.76,73.20,1007.86,0,0,OFF,1,1,1,
2026-09-27 00:46:11,log,1126000,30.44,72.55,1007.94,30.77,73.03,1007.87,0,0,OFF,1,1,1,
2026-09-27 00:46:12,log,1127000,30.44,72.40,1007.87,30.77,73.12,1007.81,0,0,OFF,1,1,1,
2026-09-27 00:46:13,log,1128000,30.45,72.56,1007.89,30.77,73.06,1007.79,0,0,OFF,1,1,1,
2026-09-27 00:46:14,log,1129000,30.44,72.57,1007.90,30.77,73.11,1007.88,0,0,OFF,1,1,1,
2026-09-27 00:46:15,log,1130000,30.45,72.65,1007.93,30.76,73.13,1007.78,0,0,OFF,1,1,1,
2026-09-27 00:46:16,log,1131000,30.43,72.66,1007.81,30.76,72.95,1007.77,0,0,OFF,1,1,1,
2026-09-27 00:46:17,log,1132000,30.44,72.38,1007.84,30.76,72.86,1007.78,0,0,OFF,1,1,1,
2026-09-27 00:46:18,log,1133000,30.44,72.61,1007.90,30.75,73.05,1007.85,0,0,OFF,1,1,1,
2026-09-27 00:46:19,log,1134000,30.43,72.61,1007.84,30.75,73.07,1007.79,0,0,OFF,1,1,1,
2026-09-27 00:46:20,log,1135000,30.44,72.59,1007.91,30.77,73.07,1007.81,0,0,OFF,1,1,1,
2026-09-27 00:46:21,log,1136000,30.44,72.54,1007.82,30.77,73.05,1007.81,0,0,OFF,1,1,1,
2026-09-27 00:46:22,log,1137000,30.45,72.42,1007.89,30.76,73.21,1007.80,0,0,OFF,1,1,1,
2026-09-27 00:46:23,log,1138000,30.44,72.64,1007.85,30.76,73.05,1007.83,0,0,OFF,1,1,1,
2026-09-27 00:46:24,log,1139000,30.44,72.61,1007.91,30.75,73.15,1007.76,0,0,OFF,1,1,1,
2026-09-27 00:46:25,log,1140000,30.44,72.34,1007.91,30.76,73.03,1007.77,0,0,OFF,1,1,1,
2026-09-27 00:46:26,log,1141000,30.44,72.63,1007.91,30.75,73.05,1007.85,0,0,OFF,1,1,1,
2026-09-27 00:46:27,log,1142000,30.44,72.48,1007.90,30.75,73.12,1007.81,0,0,OFF,1,1,1,
2026-09-27 00:46:28,log,1143000,30.44,72.43,1007.82,30.75,73.08,1007.84,0,0,OFF,1,1,1,
2026-09-27 00:46:29,log,1144000,30.44,72.34,1007.87,30.75,73.10,1007.82,0,0,OFF,1,1,1,
2026-09-27 00:46:30,log,1145000,30.44,72.67,1007.87,30.75,73.13,1007.78,0,0,OFF,1,1,1,
2026-09-27 00:46:31,log,1146000,30.44,72.80,1007.90,30.75,73.05,1007.87,0,0,OFF,1,1,1,
2026-09-27 00:46:32,log,1147000,30.43,72.45,1007.89,30.76,72.94,1007.85,0,0,OFF,1,1,1,
2026-09-27 00:46:33,log,1148000,30.44,72.66,1007.88,30.75,73.13,1007.81,0,0,OFF,1,1,1,
2026-09-27 00:46:34,log,1149000,30.44,72.51,1007.88,30.76,73.08,1007.85,0,0,OFF,1,1,1,
2026-09-27 00:46:35,log,1150000,30.44,72.52,1007.82,30.76,73.14,1007.83,0,0,OFF,1,1,1,
2026-09-27 00:46:36,log,1151000,30.44,72.50,1007.88,30.76,73.21,1007.77,0,0,OFF,1,1,1,
2026-09-27 00:46:37,log,1152000,30.44,72.46,1007.91,30.76,73.12,1007.83,0,0,OFF,1,1,1,
2026-09-27 00:46:38,log,1153000,30.43,72.46,1007.86,30.76,73.06,1007.83,0,0,OFF,1,1,1,
2026-09-27 00:46:39,log,1154000,30.44,72.65,1007.87,30.76,73.02,1007.85,0,0,OFF,1,1,1,
2026-09-27 00:46:40,log,1155000,30.43,72.40,1007.86,30.76,73.11,1007.83,0,0,OFF,1,1,1,
2026-09-27 00:46:41,log,1156000,30.44,72.65,1007.90,30.75,72.87,1007.76,0,0,OFF,1,1,1,
2026-09-27 00:46:42,log,1157000,30.44,72.71,1007.90,30.75,73.10,1007.81,0,0,OFF,1,1,1,
2026-09-27 00:46:43,log,1158000,30.43,72.63,1007.92,30.75,72.95,1007.78,0,0,OFF,1,1,1,
2026-09-27 00:46:44,log,1159000,30.42,72.73,1007.88,30.76,73.02,1007.83,0,0,OFF,1,1,1,
2026-09-27 00:46:45,log,1160000,30.43,72.72,1007.92,30.75,72.81,1007.82,0,0,OFF,1,1,1,
2026-09-27 00:46:46,log,1161000,30.43,72.67,1007.91,30.75,73.13,1007.84,0,0,OFF,1,1,1,
2026-09-27 00:46:47,log,1162000,30.43,72.44,1007.92,30.76,73.06,1007.80,0,0,OFF,1,1,1,
2026-09-27 00:46:48,log,1163000,30.43,72.70,1007.92,30.75,73.21,1007.82,0,0,OFF,1,1,1,
2026-09-27 00:46:49,log,1164000,30.44,72.41,1007.93,30.76,73.26,1007.85,0,0,OFF,1,1,1,
2026-09-27 00:46:50,log,1165000,30.43,72.56,1007.89,30.75,73.42,1007.76,0,0,OFF,1,1,1,
2026-09-27 00:46:51,log,1166000,30.44,72.73,1007.90,30.76,73.33,1007.83,0,0,OFF,1,1,1,
2026-09-27 00:46:52,log,1167000,30.43,72.80,1007.89,30.76,73.02,1007.80,0,0,OFF,1,1,1,
2026-09-27 00:46:53,log,1168000,30.43,72.83,1007.89,30.75,72.98,1007.81,0,0,OFF,1,1,1,
2026-09-27 00:46:54,log,1169000,30.44,72.96,1007.93,30.76,73.04,1007.78,0,0,OFF,1,1,1,
2026-09-27 00:46:55,log,1170000,30.44,72.62,1007.90,30.76,73.21,1007.80,0,0,OFF,1,1,1,
2026-09-27 00:46:56,log,1171000,30.44,72.75,1007.94,30.77,73.24,1007.84,0,0,OFF,1,1,1,
2026-09-27 00:46:57,log,1172000,30.44,72.72,1007.93,30.77,73.24,1007.79,0,0,OFF,1,1,1,
2026-09-27 00:46:58,log,1173000,30.43,72.88,1007.89,30.75,73.25,1007.79,0,0,OFF,1,1,1,
2026-09-27 00:46:59,log,1174000,30.44,72.82,1007.90,30.76,73.19,1007.81,0,0,OFF,1,1,1,
2026-09-27 00:47:00,log,1175000,30.43,72.78,1007.89,30.76,73.21,1007.77,0,0,OFF,1,1,1,
2026-09-27 00:47:01,log,1176000,30.44,72.74,1007.87,30.76,73.13,1007.78,0,0,OFF,1,1,1,
2026-09-27 00:47:02,log,1177000,30.44,72.81,1007.91,30.77,72.98,1007.84,0,0,OFF,1,1,1,
2026-09-27 00:47:03,log,1178000,30.44,72.91,1007.90,30.77,73.08,1007.79,0,0,OFF,1,1,1,
2026-09-27 00:47:04,log,1179000,30.44,72.64,1007.87,30.76,73.11,1007.81,0,0,OFF,1,1,1,
2026-09-27 00:47:05,log,1180000,30.43,72.63,1007.89,30.77,73.21,1007.84,0,0,OFF,1,1,1,
2026-09-27 00:47:06,log,1181000,30.44,72.56,1007.91,30.77,73.20,1007.85,0,0,OFF,1,1,1,
2026-09-27 00:47:07,log,1182000,30.44,72.60,1007.87,30.77,73.04,1007.81,0,0,OFF,1,1,1,
2026-09-27 00:47:08,log,1183000,30.44,72.84,1007.91,30.77,72.93,1007.82,0,0,OFF,1,1,1,
2026-09-27 00:47:09,log,1184000,30.44,72.52,1007.85,30.78,73.18,1007.86,0,0,OFF,1,1,1,
2026-09-27 00:47:10,log,1185000,30.44,72.74,1007.84,30.77,73.23,1007.79,0,0,OFF,1,1,1,
2026-09-27 00:47:11,log,1186000,30.44,72.84,1007.85,30.77,73.19,1007.84,0,0,OFF,1,1,1,
2026-09-27 00:47:12,log,1187000,30.44,72.78,1007.82,30.77,73.23,1007.84,0,0,OFF,1,1,1,
2026-09-27 00:47:13,log,1188000,30.44,72.59,1007.91,30.77,73.06,1007.82,0,0,OFF,1,1,1,
2026-09-27 00:47:14,log,1189000,30.44,72.84,1007.91,30.77,73.14,1007.84,0,0,OFF,1,1,1,
2026-09-27 00:47:15,log,1190000,30.44,72.82,1007.82,30.78,73.24,1007.86,0,0,OFF,1,1,1,
2026-09-27 00:47:16,log,1191000,30.43,72.43,1007.86,30.77,73.15,1007.79,0,0,OFF,1,1,1,
2026-09-27 00:47:17,log,1192000,30.45,72.88,1007.89,30.78,73.10,1007.83,0,0,OFF,1,1,1,
2026-09-27 00:47:18,log,1193000,30.43,72.88,1007.86,30.78,72.84,1007.83,0,0,OFF,1,1,1,
2026-09-27 00:47:19,log,1194000,30.44,72.77,1007.87,30.78,72.78,1007.84,0,0,OFF,1,1,1,
2026-09-27 00:47:20,log,1195000,30.44,72.92,1007.88,30.78,73.08,1007.80,0,0,OFF,1,1,1,
2026-09-27 00:47:21,log,1196000,30.44,72.86,1007.88,30.78,73.08,1007.81,0,0,OFF,1,1,1,
2026-09-27 00:47:22,log,1197000,30.43,73.00,1007.89,30.79,73.07,1007.76,0,0,OFF,1,1,1,
2026-09-27 00:47:23,log,1198000,30.44,72.70,1007.94,30.78,72.88,1007.78,0,0,OFF,1,1,1,
2026-09-27 00:47:24,log,1199000,30.45,72.88,1007.86,30.78,73.13,1007.84,0,0,OFF,1,1,1,
2026-09-27 00:47:25,log,1200000,30.44,72.52,1007.84,30.77,72.95,1007.79,0,0,OFF,1,1,1,
2026-09-27 00:47:26,log,1201000,30.44,72.63,1007.88,30.78,73.21,1007.87,0,0,OFF,1,1,1,
2026-09-27 00:47:27,log,1202000,30.44,72.73,1007.91,30.78,73.11,1007.80,0,0,OFF,1,1,1,
2026-09-27 00:47:28,log,1203000,30.44,72.77,1007.87,30.77,73.11,1007.76,0,0,OFF,1,1,1,
2026-09-27 00:47:29,log,1204000,30.44,72.50,1007.90,30.78,73.06,1007.83,0,0,OFF,1,1,1,
2026-09-27 00:47:30,log,1205000,30.44,72.51,1007.91,30.77,73.14,1007.82,0,0,OFF,1,1,1,
2026-09-27 00:47:31,log,1206000,30.44,72.55,1007.96,30.78,73.14,1007.78,0,0,OFF,1,1,1,
2026-09-27 00:47:32,log,1207000,30.44,72.75,1007.84,30.78,73.07,1007.89,0,0,OFF,1,1,1,
2026-09-27 00:47:33,log,1208000,30.44,72.77,1007.90,30.77,72.88,1007.79,0,0,OFF,1,1,1,
2026-09-27 00:47:34,log,1209000,30.43,72.35,1007.86,30.78,73.10,1007.80,0,0,OFF,1,1,1,
2026-09-27 00:47:35,log,1210000,30.44,72.44,1007.87,30.78,73.03,1007.78,0,0,OFF,1,1,1,
2026-09-27 00:47:36,log,1211000,30.45,72.40,1007.92,30.78,72.99,1007.80,0,0,OFF,1,1,1,
2026-09-27 00:47:37,log,1212000,30.44,72.57,1007.93,30.77,72.95,1007.76,0,0,OFF,1,1,1,
2026-09-27 00:47:38,log,1213000,30.45,72.74,1007.89,30.78,72.74,1007.80,0,0,OFF,1,1,1,
2026-09-27 00:47:39,log,1214000,30.44,72.76,1007.91,30.78,72.94,1007.80,0,0,OFF,1,1,1,
2026-09-27 00:47:40,log,1215000,30.44,72.46,1007.82,30.77,73.20,1007.77,0,0,OFF,1,1,1,
2026-09-27 00:47:41,log,1216000,30.43,72.50,1007.86,30.78,72.93,1007.78,0,0,OFF,1,1,1,
2026-09-27 00:47:42,log,1217000,30.44,72.58,1007.88,30.79,73.11,1007.87,0,0,OFF,1,1,1,
2026-09-27 00:47:43,log,1218000,30.44,72.79,1007.85,30.79,73.01,1007.87,0,0,OFF,1,1,1,
2026-09-27 00:47:44,log,1219000,30.44,72.73,1007.87,30.78,72.76,1007.78,0,0,OFF,1,1,1,
2026-09-27 00:47:45,log,1220000,30.45,72.52,1007.87,30.78,73.16,1007.81,0,0,OFF,1,1,1,
2026-09-27 00:47:46,log,1221000,30.44,72.52,1007.91,30.78,73.09,1007.78,0,0,OFF,1,1,1,
2026-09-27 00:47:47,log,1222000,30.44,72.65,1007.82,30.78,73.17,1007.81,0,0,OFF,1,1,1,
2026-09-27 00:47:48,log,1223000,30.44,72.86,1007.91,30.78,73.19,1007.81,0,0,OFF,1,1,1,
2026-09-27 00:47:49,log,1224000,30.44,72.87,1007.88,30.79,73.16,1007.82,0,0,OFF,1,1,1,
2026-09-27 00:47:50,log,1225000,30.44,72.69,1007.97,30.79,72.95,1007.88,0,0,OFF,1,1,1,
2026-09-27 00:47:51,log,1226000,30.45,72.84,1007.83,30.80,72.84,1007.81,0,0,OFF,1,1,1,
2026-09-27 00:47:52,log,1227000,30.45,72.77,1007.86,30.79,73.11,1007.82,0,0,OFF,1,1,1,
2026-09-27 00:47:53,log,1228000,30.44,72.73,1007.91,30.79,73.15,1007.83,0,0,OFF,1,1,1,
2026-09-27 00:47:54,log,1229000,30.44,72.93,1007.84,30.80,73.10,1007.86,0,0,OFF,1,1,1,
2026-09-27 00:47:55,log,1230000,30.44,72.67,1007.88,30.79,73.19,1007.80,0,0,OFF,1,1,1,
2026-09-27 00:47:56,log,1231000,30.45,72.99,1007.83,30.80,72.75,1007.89,0,0,OFF,1,1,1,
2026-09-27 00:47:57,log,1232000,30.44,72.78,1007.82,30.80,73.09,1007.78,0,0,OFF,1,1,1,
2026-09-27 00:47:58,log,1233000,30.45,72.53,1007.83,30.79,73.15,1007.77,0,0,OFF,1,1,1,
2026-09-27 00:47:59,log,1234000,30.44,72.84,1007.88,30.80,73.18,1007.78,0,0,OFF,1,1,1,
2026-09-27 00:48:00,log,1235000,30.45,72.83,1007.89,30.80,73.04,1007.81,0,0,OFF,1,1,1,
2026-09-27 00:48:01,log,1236000,30.45,72.76,1007.90,30.80,73.11,1007.81,0,0,OFF,1,1,1,
2026-09-27 00:48:02,log,1237000,30.44,72.88,1007.90,30.79,73.17,1007.79,0,0,OFF,1,1,1,
2026-09-27 00:48:03,log,1238000,30.44,72.82,1007.85,30.80,73.10,1007.78,0,0,OFF,1,1,1,
2026-09-27 00:48:04,log,1239000,30.44,72.60,1007.84,30.81,73.00,1007.80,0,0,OFF,1,1,1,
2026-09-27 00:48:05,log,1240000,30.44,72.91,1007.88,30.79,73.17,1007.80,0,0,OFF,1,1,1,
2026-09-27 00:48:06,log,1241000,30.45,72.63,1007.86,30.80,73.06,1007.84,0,0,OFF,1,1,1,
2026-09-27 00:48:07,log,1242000,30.44,72.71,1007.82,30.80,73.12,1007.82,0,0,OFF,1,1,1,
2026-09-27 00:48:08,log,1243000,30.45,72.75,1007.83,30.80,73.15,1007.84,0,0,OFF,1,1,1,
2026-09-27 00:48:09,log,1244000,30.44,72.85,1007.82,30.80,73.09,1007.79,0,0,OFF,1,1,1,
2026-09-27 00:48:10,log,1245000,30.44,72.67,1007.85,30.81,73.09,1007.82,0,0,OFF,1,1,1,
2026-09-27 00:48:11,log,1246000,30.44,72.79,1007.82,30.81,73.01,1007.82,0,0,OFF,1,1,1,
2026-09-27 00:48:12,log,1247000,30.44,72.55,1007.82,30.80,72.89,1007.81,0,0,OFF,1,1,1,
2026-09-27 00:48:13,log,1248000,30.44,72.63,1007.87,30.80,73.16,1007.79,0,0,OFF,1,1,1,
2026-09-27 00:48:14,log,1249000,30.44,72.80,1007.84,30.80,72.98,1007.73,0,0,OFF,1,1,1,
2026-09-27 00:48:15,log,1250000,30.45,72.49,1007.86,30.81,73.09,1007.80,0,0,OFF,1,1,1,
2026-09-27 00:48:16,log,1251000,30.45,72.79,1007.93,30.80,73.09,1007.84,0,0,OFF,1,1,1,
2026-09-27 00:48:17,log,1252000,30.44,72.71,1007.80,30.81,73.16,1007.80,0,0,OFF,1,1,1,
2026-09-27 00:48:18,log,1253000,30.44,72.55,1007.82,30.80,73.10,1007.73,0,0,OFF,1,1,1,
2026-09-27 00:48:19,log,1254000,30.45,72.70,1007.89,30.80,73.04,1007.78,0,0,OFF,1,1,1,
2026-09-27 00:48:20,log,1255000,30.45,72.54,1007.89,30.80,72.81,1007.81,0,0,OFF,1,1,1,
2026-09-27 00:48:21,log,1256000,30.44,72.46,1007.91,30.80,72.94,1007.79,0,0,OFF,1,1,1,
2026-09-27 00:48:22,log,1257000,30.44,72.54,1007.85,30.80,73.15,1007.76,0,0,OFF,1,1,1,
2026-09-27 00:48:23,log,1258000,30.44,72.78,1007.82,30.80,73.09,1007.82,0,0,OFF,1,1,1,
2026-09-27 00:48:24,log,1259000,30.45,72.85,1007.89,30.80,73.07,1007.84,0,0,OFF,1,1,1,
2026-09-27 00:48:25,log,1260000,30.45,72.95,1007.89,30.80,72.94,1007.79,0,0,OFF,1,1,1,
2026-09-27 00:48:26,log,1261000,30.45,72.87,1007.84,30.80,73.06,1007.78,0,0,OFF,1,1,1,
2026-09-27 00:48:27,log,1262000,30.44,73.03,1007.82,30.80,72.88,1007.76,0,0,OFF,1,1,1,
2026-09-27 00:48:28,log,1263000,30.45,72.96,1007.87,30.81,73.14,1007.74,0,0,OFF,1,1,1,
2026-09-27 00:48:29,log,1264000,30.45,72.94,1007.83,30.81,73.00,1007.77,0,0,OFF,1,1,1,
2026-09-27 00:48:30,log,1265000,30.44,72.88,1007.82,30.80,73.06,1007.78,0,0,OFF,1,1,1,
2026-09-27 00:48:31,log,1266000,30.45,72.59,1007.87,30.80,73.08,1007.84,0,0,OFF,1,1,1,
2026-09-27 00:48:32,log,1267000,30.45,72.43,1007.87,30.81,72.96,1007.80,0,0,OFF,1,1,1,
2026-09-27 00:48:33,log,1268000,30.44,72.72,1007.88,30.80,73.02,1007.79,0,0,OFF,1,1,1,
2026-09-27 00:48:34,log,1269000,30.44,72.59,1007.85,30.80,72.82,1007.82,0,0,OFF,1,1,1,
2026-09-27 00:48:35,log,1270000,30.45,72.70,1007.89,30.79,73.10,1007.77,0,0,OFF,1,1,1,
2026-09-27 00:48:36,log,1271000,30.44,72.96,1007.88,30.81,72.87,1007.80,0,0,OFF,1,1,1,
2026-09-27 00:48:37,log,1272000,30.44,72.83,1007.82,30.81,73.10,1007.80,0,0,OFF,1,1,1,
2026-09-27 00:48:38,log,1273000,30.44,72.98,1007.82,30.80,73.12,1007.79,0,0,OFF,1,1,1,
2026-09-27 00:48:39,log,1274000,30.44,72.81,1007.80,30.81,72.92,1007.82,0,0,OFF,1,1,1,
2026-09-27 00:48:40,log,1275000,30.45,72.50,1007.84,30.81,72.86,1007.86,0,0,OFF,1,1,1,
2026-09-27 00:48:41,log,1276000,30.45,72.87,1007.83,30.81,73.15,1007.80,0,0,OFF,1,1,1,
2026-09-27 00:48:42,log,1277000,30.44,72.85,1007.88,30.81,73.08,1007.74,0,0,OFF,1,1,1,
2026-09-27 00:48:43,log,1278000,30.45,72.86,1007.84,30.81,73.07,1007.86,0,0,OFF,1,1,1,
2026-09-27 00:48:44,log,1279000,30.44,72.71,1007.87,30.81,72.99,1007.78,0,0,OFF,1,1,1,
2026-09-27 00:48:45,log,1280000,30.45,72.96,1007.81,30.81,73.00,1007.74,0,0,OFF,1,1,1,
2026-09-27 00:48:46,log,1281000,30.45,72.98,1007.87,30.81,73.07,1007.80,0,0,OFF,1,1,1,
2026-09-27 00:48:47,log,1282000,30.45,72.61,1007.84,30.80,73.05,1007.79,0,0,OFF,1,1,1,
2026-09-27 00:48:48,log,1283000,30.45,73.07,1007.84,30.82,73.06,1007.84,0,0,OFF,1,1,1,
2026-09-27 00:48:49,log,1284000,30.45,73.07,1007.87,30.81,73.05,1007.78,0,0,OFF,1,1,1,
2026-09-27 00:48:50,log,1285000,30.45,72.92,1007.90,30.81,73.13,1007.78,0,0,OFF,1,1,1,
2026-09-27 00:48:51,log,1286000,30.44,72.84,1007.74,30.82,73.13,1007.81,0,0,OFF,1,1,1,
2026-09-27 00:48:52,log,1287000,30.45,72.79,1007.84,30.82,73.01,1007.78,0,0,OFF,1,1,1,
2026-09-27 00:48:53,log,1288000,30.45,72.94,1007.89,30.83,73.07,1007.80,0,0,OFF,1,1,1,
2026-09-27 00:48:54,log,1289000,30.45,72.73,1007.84,30.83,73.02,1007.83,0,0,OFF,1,1,1,
2026-09-27 00:48:55,log,1290000,30.45,72.85,1007.83,30.82,73.15,1007.78,0,0,OFF,1,1,1,
2026-09-27 00:48:56,log,1291000,30.45,72.86,1007.84,30.83,73.05,1007.81,0,0,OFF,1,1,1,
2026-09-27 00:48:57,log,1292000,30.45,72.68,1007.80,30.81,73.02,1007.80,0,0,OFF,1,1,1,
2026-09-27 00:48:58,log,1293000,30.45,72.71,1007.84,30.82,73.09,1007.81,0,0,OFF,1,1,1,
2026-09-27 00:48:59,log,1294000,30.45,72.86,1007.87,30.83,73.11,1007.86,0,0,OFF,1,1,1,
2026-09-27 00:49:00,log,1295000,30.45,72.83,1007.90,30.81,73.24,1007.74,0,0,OFF,1,1,1,
2026-09-27 00:49:01,log,1296000,30.45,72.74,1007.81,30.81,73.08,1007.72,0,0,OFF,1,1,1,
2026-09-27 00:49:02,log,1297000,30.46,72.83,1007.85,30.81,73.12,1007.80,0,0,OFF,1,1,1,
2026-09-27 00:49:03,log,1298000,30.45,72.81,1007.90,30.81,72.80,1007.77,0,0,OFF,1,1,1,
2026-09-27 00:49:04,log,1299000,30.45,72.56,1007.89,30.81,73.00,1007.80,0,0,OFF,1,1,1,
2026-09-27 00:49:05,log,1300000,30.45,72.58,1007.84,30.81,73.13,1007.80,0,0,OFF,1,1,1,
2026-09-27 00:49:06,log,1301000,30.45,72.72,1007.84,30.81,73.00,1007.83,0,0,OFF,1,1,1,
2026-09-27 00:49:07,log,1302000,30.45,72.70,1007.78,30.81,73.08,1007.85,0,0,OFF,1,1,1,
2026-09-27 00:49:08,log,1303000,30.46,72.79,1007.79,30.82,72.96,1007.76,0,0,OFF,1,1,1,
2026-09-27 00:49:09,log,1304000,30.45,72.80,1007.84,30.82,73.01,1007.73,0,0,OFF,1,1,1,
2026-09-27 00:49:10,log,1305000,30.45,72.81,1007.87,30.81,73.15,1007.83,0,0,OFF,1,1,1,
2026-09-27 00:49:11,log,1306000,30.45,72.83,1007.78,30.81,73.07,1007.75,0,0,OFF,1,1,1,
2026-09-27 00:49:12,log,1307000,30.46,72.82,1007.89,30.82,73.10,1007.78,0,0,OFF,1,1,1,
2026-09-27 00:49:13,log,1308000,30.46,72.61,1007.82,30.81,73.23,1007.77,0,0,OFF,1,1,1,
2026-09-27 00:49:14,log,1309000,30.45,72.50,1007.87,30.81,73.24,1007.83,0,0,OFF,1,1,1,
2026-09-27 00:49:15,log,1310000,30.45,72.61,1007.84,30.81,72.91,1007.72,0,0,OFF,1,1,1,
2026-09-27 00:49:16,log,1311000,30.46,72.76,1007.82,30.81,73.16,1007.80,0,0,OFF,1,1,1,
2026-09-27 00:49:17,log,1312000,30.45,72.77,1007.84,30.82,72.99,1007.81,0,0,OFF,1,1,1,
2026-09-27 00:49:18,log,1313000,30.46,72.57,1007.79,30.81,73.07,1007.74,0,0,OFF,1,1,1,
2026-09-27 00:49:19,log,1314000,30.46,72.72,1007.86,30.82,73.00,1007.76,0,0,OFF,1,1,1,
2026-09-27 00:49:20,log,1315000,30.46,72.41,1007.86,30.80,72.88,1007.79,0,0,OFF,1,1,1,
2026-09-27 00:49:21,log,1316000,30.45,72.54,1007.78,30.81,72.88,1007.75,0,0,OFF,1,1,1,
2026-09-27 00:49:22,log,1317000,30.45,72.83,1007.76,30.81,72.97,1007.74,0,0,OFF,1,1,1,
2026-09-27 00:49:23,log,1318000,30.46,72.76,1007.79,30.81,73.16,1007.80,0,0,OFF,1,1,1,
2026-09-27 00:49:24,log,1319000,30.45,72.74,1007.84,30.82,73.13,1007.78,0,0,OFF,1,1,1,
2026-09-27 00:49:25,log,1320000,30.45,72.83,1007.84,30.82,72.89,1007.76,0,0,OFF,1,1,1,
2026-09-27 00:49:26,log,1321000,30.46,72.80,1007.83,30.82,72.93,1007.76,0,0,OFF,1,1,1,
2026-09-27 00:49:27,log,1322000,30.45,72.51,1007.78,30.81,73.04,1007.83,0,0,OFF,1,1,1,
2026-09-27 00:49:28,log,1323000,30.45,72.51,1007.80,30.81,73.07,1007.83,0,0,OFF,1,1,1,
2026-09-27 00:49:29,log,1324000,30.45,72.48,1007.84,30.80,73.05,1007.73,0,0,OFF,1,1,1,
2026-09-27 00:49:30,log,1325000,30.45,72.40,1007.78,30.81,73.02,1007.82,0,0,OFF,1,1,1,
2026-09-27 00:49:31,log,1326000,30.44,72.48,1007.77,30.81,73.02,1007.77,0,0,OFF,1,1,1,
2026-09-27 00:49:32,log,1327000,30.46,72.61,1007.83,30.80,72.82,1007.73,0,0,OFF,1,1,1,
2026-09-27 00:49:33,log,1328000,30.45,72.46,1007.78,30.80,73.08,1007.82,0,0,OFF,1,1,1,
2026-09-27 00:49:34,log,1329000,30.45,72.72,1007.89,30.81,73.12,1007.80,0,0,OFF,1,1,1,
2026-09-27 00:49:35,log,1330000,30.45,72.63,1007.80,30.80,73.10,1007.78,0,0,OFF,1,1,1,
2026-09-27 00:49:36,log,1331000,30.45,72.94,1007.84,30.81,72.88,1007.85,0,0,OFF,1,1,1,
2026-09-27 00:49:37,log,1332000,30.45,72.56,1007.90,30.81,73.06,1007.82,0,0,OFF,1,1,1,
2026-09-27 00:49:38,log,1333000,30.45,72.60,1007.80,30.81,72.76,1007.80,0,0,OFF,1,1,1,
2026-09-27 00:49:39,log,1334000,30.45,72.56,1007.84,30.81,72.81,1007.77,0,0,OFF,1,1,1,
2026-09-27 00:49:40,log,1335000,30.46,72.79,1007.79,30.81,73.14,1007.80,0,0,OFF,1,1,1,
2026-09-27 00:49:41,log,1336000,30.46,72.79,1007.85,30.81,72.93,1007.80,0,0,OFF,1,1,1,
2026-09-27 00:49:42,log,1337000,30.45,72.69,1007.86,30.81,73.08,1007.80,0,0,OFF,1,1,1,
2026-09-27 00:49:43,log,1338000,30.45,72.85,1007.81,30.80,73.00,1007.73,0,0,OFF,1,1,1,
2026-09-27 00:49:44,log,1339000,30.46,72.77,1007.80,30.81,73.03,1007.78,0,0,OFF,1,1,1,
2026-09-27 00:49:45,log,1340000,30.45,72.75,1007.81,30.81,72.98,1007.80,0,0,OFF,1,1,1,
2026-09-27 00:49:46,log,1341000,30.45,72.39,1007.76,30.80,73.00,1007.79,0,0,OFF,1,1,1,
2026-09-27 00:49:47,log,1342000,30.45,72.48,1007.78,30.80,73.03,1007.76,0,0,OFF,1,1,1,
2026-09-27 00:49:48,log,1343000,30.45,72.73,1007.87,30.81,73.05,1007.80,0,0,OFF,1,1,1,
2026-09-27 00:49:49,log,1344000,30.45,72.72,1007.87,30.81,72.84,1007.75,0,0,OFF,1,1,1,
2026-09-27 00:49:50,log,1345000,30.45,72.49,1007.81,30.80,73.13,1007.78,0,0,OFF,1,1,1,
2026-09-27 00:49:51,log,1346000,30.45,72.68,1007.86,30.80,73.08,1007.76,0,0,OFF,1,1,1,
2026-09-27 00:49:52,log,1347000,30.46,72.41,1007.83,30.80,73.01,1007.72,0,0,OFF,1,1,1,
2026-09-27 00:49:53,log,1348000,30.46,72.77,1007.88,30.80,73.14,1007.79,0,0,OFF,1,1,1,
2026-09-27 00:49:54,log,1349000,30.45,72.59,1007.87,30.80,73.02,1007.82,0,0,OFF,1,1,1,
2026-09-27 00:49:55,log,1350000,30.45,72.64,1007.84,30.81,73.05,1007.82,0,0,OFF,1,1,1,
2026-09-27 00:49:56,log,1351000,30.44,72.75,1007.80,30.80,73.01,1007.84,0,0,OFF,1,1,1,
2026-09-27 00:49:57,log,1352000,30.45,72.80,1007.78,30.80,72.98,1007.72,0,0,OFF,1,1,1,
2026-09-27 00:49:58,log,1353000,30.46,72.72,1007.85,30.81,73.01,1007.78,0,0,OFF,1,1,1,
2026-09-27 00:49:59,log,1354000,30.45,72.69,1007.76,30.81,73.03,1007.80,0,0,OFF,1,1,1,
2026-09-27 00:50:00,log,1355000,30.44,72.71,1007.80,30.81,73.06,1007.82,0,0,OFF,1,1,1,
2026-09-27 00:50:01,log,1356000,30.46,72.45,1007.82,30.81,72.98,1007.74,0,0,OFF,1,1,1,
2026-09-27 00:50:02,log,1357000,30.45,72.47,1007.81,30.81,73.07,1007.78,0,0,OFF,1,1,1,
2026-09-27 00:50:03,log,1358000,30.45,72.45,1007.81,30.80,73.12,1007.76,0,0,OFF,1,1,1,
2026-09-27 00:50:04,log,1359000,30.46,72.78,1007.80,30.81,73.02,1007.74,0,0,OFF,1,1,1,
2026-09-27 00:50:05,log,1360000,30.46,72.86,1007.82,30.81,73.04,1007.83,0,0,OFF,1,1,1,
2026-09-27 00:50:06,log,1361000,30.45,72.68,1007.84,30.81,73.03,1007.74,0,0,OFF,1,1,1,
2026-09-27 00:50:07,log,1362000,30.45,72.60,1007.80,30.81,72.94,1007.80,0,0,OFF,1,1,1,
2026-09-27 00:50:08,log,1363000,30.45,72.49,1007.90,30.81,73.02,1007.80,0,0,OFF,1,1,1,
2026-09-27 00:50:09,log,1364000,30.46,72.55,1007.91,30.81,73.02,1007.82,0,0,OFF,1,1,1,
2026-09-27 00:50:10,log,1365000,30.45,72.50,1007.80,30.80,72.94,1007.76,0,0,OFF,1,1,1,
2026-09-27 00:50:11,log,1366000,30.45,72.47,1007.84,30.81,73.15,1007.80,0,0,OFF,1,1,1,
2026-09-27 00:50:12,log,1367000,30.46,72.80,1007.85,30.81,73.00,1007.74,0,0,OFF,1,1,1,
2026-09-27 00:50:13,log,1368000,30.45,72.76,1007.81,30.80,73.00,1007.79,0,0,OFF,1,1,1,
2026-09-27 00:50:14,log,1369000,30.45,72.77,1007.78,30.81,73.07,1007.74,0,0,OFF,1,1,1,
2026-09-27 00:50:15,log,1370000,30.45,72.43,1007.81,30.80,72.93,1007.72,0,0,OFF,1,1,1,
2026-09-27 00:50:16,log,1371000,30.45,72.48,1007.78,30.80,73.09,1007.75,0,0,OFF,1,1,1,
2026-09-27 00:50:17,log,1372000,30.45,72.74,1007.78,30.80,73.04,1007.78,0,0,OFF,1,1,1,
2026-09-27 00:50:18,log,1373000,30.44,72.39,1007.82,30.80,72.97,1007.76,0,0,OFF,1,1,1,
2026-09-27 00:50:19,log,1374000,30.45,72.49,1007.80,30.80,72.97,1007.78,0,0,OFF,1,1,1,
2026-09-27 00:50:20,log,1375000,30.44,72.62,1007.77,30.80,73.03,1007.79,0,0,OFF,1,1,1,
2026-09-27 00:50:21,log,1376000,30.45,72.63,1007.81,30.80,72.98,1007.75,0,0,OFF,1,1,1,
2026-09-27 00:50:22,log,1377000,30.46,72.69,1007.79,30.80,72.87,1007.76,0,0,OFF,1,1,1,
2026-09-27 00:50:23,log,1378000,30.45,72.86,1007.81,30.80,73.08,1007.75,0,0,OFF,1,1,1,
2026-09-27 00:50:24,log,1379000,30.45,72.62,1007.81,30.80,73.07,1007.79,0,0,OFF,1,1,1,
2026-09-27 00:50:25,log,1380000,30.45,72.54,1007.83,30.80,72.79,1007.79,0,0,OFF,1,1,1,
2026-09-27 00:50:26,log,1381000,30.46,72.65,1007.79,30.81,72.91,1007.80,0,0,OFF,1,1,1,
2026-09-27 00:50:27,log,1382000,30.46,72.99,1007.80,30.81,73.11,1007.77,0,0,OFF,1,1,1,
2026-09-27 00:50:28,log,1383000,30.45,72.76,1007.78,30.81,73.09,1007.80,0,0,OFF,1,1,1,
2026-09-27 00:50:29,log,1384000,30.46,72.92,1007.83,30.80,73.18,1007.70,0,0,OFF,1,1,1,
2026-09-27 00:50:30,log,1385000,30.46,72.85,1007.82,30.80,73.10,1007.72,0,0,OFF,1,1,1,
2026-09-27 00:50:31,log,1386000,30.45,72.59,1007.76,30.81,73.01,1007.74,0,0,OFF,1,1,1,
2026-09-27 00:50:32,log,1387000,30.45,72.83,1007.78,30.80,73.18,1007.78,0,0,OFF,1,1,1,
2026-09-27 00:50:33,log,1388000,30.45,72.77,1007.84,30.81,73.11,1007.74,0,0,OFF,1,1,1,
2026-09-27 00:50:34,log,1389000,30.46,72.74,1007.86,30.80,73.08,1007.79,0,0,OFF,1,1,1,
2026-09-27 00:50:35,log,1390000,30.46,72.89,1007.86,30.80,73.07,1007.72,0,0,OFF,1,1,1,
2026-09-27 00:50:36,log,1391000,30.45,72.70,1007.80,30.81,73.14,1007.74,0,0,OFF,1,1,1,
2026-09-27 00:50:37,log,1392000,30.45,72.79,1007.81,30.80,72.57,1007.72,0,0,OFF,1,1,1,
2026-09-27 00:50:38,log,1393000,30.45,72.42,1007.80,30.81,73.06,1007.74,0,0,OFF,1,1,1,
2026-09-27 00:50:39,log,1394000,30.46,72.75,1007.85,30.80,72.65,1007.68,0,0,OFF,1,1,1,
2026-09-27 00:50:40,log,1395000,30.46,72.80,1007.76,30.80,73.20,1007.76,0,0,OFF,1,1,1,
2026-09-27 00:50:41,log,1396000,30.45,72.73,1007.84,30.80,72.88,1007.79,0,0,OFF,1,1,1,
2026-09-27 00:50:42,log,1397000,30.46,72.74,1007.79,30.80,73.10,1007.70,0,0,OFF,1,1,1,
2026-09-27 00:50:43,log,1398000,30.46,72.74,1007.83,30.80,73.06,1007.81,0,0,OFF,1,1,1,
2026-09-27 00:50:44,log,1399000,30.45,72.41,1007.80,30.81,73.06,1007.80,0,0,OFF,1,1,1,
2026-09-27 00:50:45,log,1400000,30.45,72.40,1007.73,30.80,73.13,1007.72,0,0,OFF,1,1,1,
2026-09-27 00:50:46,log,1401000,30.45,72.64,1007.78,30.80,72.63,1007.73,0,0,OFF,1,1,1,
2026-09-27 00:50:47,log,1402000,30.45,72.42,1007.81,30.80,72.77,1007.70,0,0,OFF,1,1,1,
2026-09-27 00:50:48,log,1403000,30.45,72.63,1007.81,30.80,73.00,1007.78,0,0,OFF,1,1,1,
2026-09-27 00:50:49,log,1404000,30.45,72.35,1007.87,30.80,72.98,1007.78,0,0,OFF,1,1,1,
2026-09-27 00:50:50,log,1405000,30.45,72.46,1007.80,30.79,72.95,1007.71,0,0,OFF,1,1,1,
2026-09-27 00:50:51,log,1406000,30.46,72.28,1007.85,30.80,72.97,1007.72,0,0,OFF,1,1,1,
2026-09-27 00:50:52,log,1407000,30.46,72.65,1007.82,30.80,72.90,1007.81,0,0,OFF,1,1,1,
2026-09-27 00:50:53,log,1408000,30.46,72.40,1007.86,30.79,72.82,1007.71,0,0,OFF,1,1,1,
2026-09-27 00:50:54,log,1409000,30.46,72.73,1007.79,30.79,73.11,1007.68,0,0,OFF,1,1,1,
2026-09-27 00:50:55,log,1410000,30.46,72.74,1007.79,30.79,73.11,1007.76,0,0,OFF,1,1,1,
2026-09-27 00:50:56,log,1411000,30.46,72.79,1007.79,30.80,72.91,1007.75,0,0,OFF,1,1,1,
2026-09-27 00:50:57,log,1412000,30.46,72.70,1007.83,30.79,72.92,1007.76,0,0,OFF,1,1,1,
2026-09-27 00:50:58,log,1413000,30.46,72.38,1007.82,30.79,73.11,1007.72,0,0,OFF,1,1,1,
2026-09-27 00:50:59,log,1414000,30.45,72.72,1007.84,30.79,72.83,1007.72,0,0,OFF,1,1,1,
2026-09-27 00:51:00,log,1415000,30.46,72.36,1007.82,30.78,72.82,1007.81,0,0,OFF,1,1,1,
2026-09-27 00:51:01,log,1416000,30.47,72.34,1007.81,30.79,72.85,1007.74,0,0,OFF,1,1,1,
2026-09-27 00:51:02,log,1417000,30.45,72.67,1007.78,30.78,72.66,1007.76,0,0,OFF,1,1,1,
2026-09-27 00:51:03,log,1418000,30.44,72.48,1007.71,30.78,72.96,1007.73,0,0,OFF,1,1,1,
2026-09-27 00:51:04,log,1419000,30.46,72.77,1007.82,30.79,73.00,1007.74,0,0,OFF,1,1,1,
2026-09-27 00:51:05,log,1420000,30.45,72.81,1007.73,30.79,72.74,1007.66,0,0,OFF,1,1,1,
2026-09-27 00:51:06,log,1421000,30.46,72.43,1007.85,30.79,72.93,1007.79,0,0,OFF,1,1,1,
2026-09-27 00:51:07,log,1422000,30.46,72.53,1007.82,30.80,72.80,1007.72,0,0,OFF,1,1,1,
2026-09-27 00:51:08,log,1423000,30.46,72.56,1007.85,30.80,73.11,1007.75,0,0,OFF,1,1,1,
2026-09-27 00:51:09,log,1424000,30.45,72.84,1007.84,30.80,73.10,1007.70,0,0,OFF,1,1,1,
2026-09-27 00:51:10,log,1425000,30.46,72.67,1007.74,30.80,73.11,1007.72,0,0,OFF,1,1,1,
2026-09-27 00:51:11,log,1426000,30.45,72.91,1007.81,30.80,73.02,1007.81,0,0,OFF,1,1,1,
2026-09-27 00:51:12,log,1427000,30.46,72.52,1007.80,30.81,73.07,1007.80,0,0,OFF,1,1,1,
2026-09-27 00:51:13,log,1428000,30.46,72.77,1007.79,30.80,73.10,1007.73,0,0,OFF,1,1,1,
2026-09-27 00:51:14,log,1429000,30.46,72.80,1007.85,30.79,72.92,1007.74,0,0,OFF,1,1,1,
2026-09-27 00:51:15,log,1430000,30.46,72.81,1007.77,30.80,73.07,1007.76,0,0,OFF,1,1,1,
2026-09-27 00:51:16,log,1431000,30.46,72.74,1007.82,30.80,73.23,1007.73,0,0,OFF,1,1,1,
2026-09-27 00:51:17,log,1432000,30.46,72.73,1007.88,30.80,73.10,1007.76,0,0,OFF,1,1,1,
2026-09-27 00:51:18,log,1433000,30.46,72.85,1007.79,30.80,73.15,1007.67,0,0,OFF,1,1,1,
2026-09-27 00:51:19,log,1434000,30.46,72.81,1007.80,30.81,73.02,1007.74,0,0,OFF,1,1,1,
2026-09-27 00:51:20,log,1435000,30.46,72.67,1007.80,30.81,72.82,1007.77,0,0,OFF,1,1,1,
2026-09-27 00:51:21,log,1436000,30.47,72.79,1007.78,30.81,73.14,1007.68,0,0,OFF,1,1,1,
2026-09-27 00:51:22,log,1437000,30.46,72.84,1007.79,30.80,72.92,1007.79,0,0,OFF,1,1,1,
2026-09-27 00:51:23,log,1438000,30.46,72.64,1007.76,30.81,72.97,1007.74,0,0,OFF,1,1,1,
2026-09-27 00:51:24,log,1439000,30.46,72.58,1007.82,30.81,73.23,1007.74,0,0,OFF,1,1,1,
2026-09-27 00:51:25,log,1440000,30.45,72.87,1007.78,30.80,73.12,1007.76,0,0,OFF,1,1,1,
2026-09-27 00:51:26,log,1441000,30.46,72.82,1007.76,30.81,72.89,1007.78,0,0,OFF,1,1,1,
2026-09-27 00:51:27,log,1442000,30.46,72.66,1007.80,30.81,73.08,1007.75,0,0,OFF,1,1,1,
2026-09-27 00:51:28,log,1443000,30.46,72.82,1007.83,30.82,73.10,1007.81,0,0,OFF,1,1,1,
2026-09-27 00:51:29,log,1444000,30.46,72.73,1007.79,30.81,73.10,1007.77,0,0,OFF,1,1,1,
2026-09-27 00:51:30,log,1445000,30.47,72.71,1007.81,30.81,72.90,1007.69,0,0,OFF,1,1,1,
2026-09-27 00:51:31,log,1446000,30.46,72.51,1007.80,30.82,72.98,1007.78,0,0,OFF,1,1,1,
2026-09-27 00:51:32,log,1447000,30.46,72.46,1007.80,30.81,72.82,1007.75,0,0,OFF,1,1,1,
2026-09-27 00:51:33,log,1448000,30.46,72.61,1007.79,30.82,72.84,1007.76,0,0,OFF,1,1,1,
2026-09-27 00:51:34,log,1449000,30.47,72.48,1007.84,30.81,73.05,1007.74,0,0,OFF,1,1,1,
2026-09-27 00:51:35,log,1450000,30.46,72.45,1007.76,30.81,72.81,1007.71,0,0,OFF,1,1,1,
2026-09-27 00:51:36,log,1451000,30.45,72.41,1007.78,30.80,72.88,1007.70,0,0,OFF,1,1,1,
2026-09-27 00:51:37,log,1452000,30.45,72.54,1007.84,30.81,73.16,1007.75,0,0,OFF,1,1,1,
2026-09-27 00:51:38,log,1453000,30.46,72.74,1007.79,30.80,73.17,1007.70,0,0,OFF,1,1,1,
2026-09-27 00:51:39,log,1454000,30.46,72.42,1007.76,30.81,73.07,1007.75,0,0,OFF,1,1,1,
2026-09-27 00:51:40,log,1455000,30.45,72.64,1007.78,30.81,73.02,1007.74,0,0,OFF,1,1,1,
2026-09-27 00:51:41,log,1456000,30.45,72.68,1007.81,30.80,73.08,1007.75,0,0,OFF,1,1,1,
2026-09-27 00:51:42,log,1457000,30.45,72.59,1007.78,30.81,72.99,1007.68,0,0,OFF,1,1,1,
2026-09-27 00:51:43,log,1458000,30.46,72.57,1007.77,30.81,72.99,1007.75,0,0,OFF,1,1,1,
2026-09-27 00:51:44,log,1459000,30.46,72.74,1007.82,30.80,73.03,1007.73,0,0,OFF,1,1,1,
2026-09-27 00:51:45,log,1460000,30.45,72.51,1007.84,30.80,73.00,1007.72,0,0,OFF,1,1,1,
2026-09-27 00:51:46,log,1461000,30.46,72.54,1007.80,30.80,73.09,1007.70,0,0,OFF,1,1,1,
2026-09-27 00:51:47,log,1462000,30.46,72.39,1007.86,30.81,73.08,1007.74,0,0,OFF,1,1,1,
2026-09-27 00:51:48,log,1463000,30.46,72.50,1007.76,30.80,73.09,1007.76,0,0,OFF,1,1,1,
2026-09-27 00:51:49,log,1464000,30.45,72.51,1007.81,30.81,73.05,1007.74,0,0,OFF,1,1,1,
2026-09-27 00:51:50,log,1465000,30.45,72.80,1007.78,30.80,73.11,1007.72,0,0,OFF,1,1,1,
2026-09-27 00:51:51,log,1466000,30.46,72.58,1007.80,30.79,73.09,1007.72,0,0,OFF,1,1,1,
2026-09-27 00:51:52,log,1467000,30.46,72.74,1007.77,30.80,73.12,1007.73,0,0,OFF,1,1,1,
2026-09-27 00:51:53,log,1468000,30.45,72.72,1007.73,30.81,72.85,1007.68,0,0,OFF,1,1,1,
2026-09-27 00:51:54,log,1469000,30.46,72.81,1007.76,30.80,73.06,1007.76,0,0,OFF,1,1,1,
2026-09-27 00:51:55,log,1470000,30.46,72.56,1007.79,30.81,73.19,1007.68,0,0,OFF,1,1,1,
2026-09-27 00:51:56,log,1471000,30.46,72.78,1007.86,30.80,73.10,1007.67,0,0,OFF,1,1,1,
2026-09-27 00:51:57,log,1472000,30.46,72.67,1007.76,30.80,72.92,1007.72,0,0,OFF,1,1,1,
2026-09-27 00:51:58,log,1473000,30.45,72.56,1007.81,30.81,72.96,1007.68,0,0,OFF,1,1,1,
2026-09-27 00:51:59,log,1474000,30.45,72.74,1007.76,30.80,73.06,1007.73,0,0,OFF,1,1,1,
2026-09-27 00:52:00,log,1475000,30.46,72.83,1007.74,30.81,73.08,1007.77,0,0,OFF,1,1,1,
2026-09-27 00:52:01,log,1476000,30.46,72.68,1007.80,30.81,73.07,1007.77,0,0,OFF,1,1,1,
2026-09-27 00:52:02,log,1477000,30.46,72.77,1007.79,30.81,73.09,1007.71,0,0,OFF,1,1,1,
2026-09-27 00:52:03,log,1478000,30.47,72.84,1007.87,30.80,73.11,1007.73,0,0,OFF,1,1,1,
2026-09-27 00:52:04,log,1479000,30.46,72.48,1007.76,30.81,73.12,1007.74,0,0,OFF,1,1,1,
2026-09-27 00:52:05,log,1480000,30.46,72.82,1007.80,30.80,72.92,1007.65,0,0,OFF,1,1,1,
2026-09-27 00:52:06,log,1481000,30.45,72.67,1007.78,30.81,73.19,1007.71,0,0,OFF,1,1,1,
2026-09-27 00:52:07,log,1482000,30.45,72.71,1007.78,30.81,73.07,1007.68,0,0,OFF,1,1,1,
2026-09-27 00:52:08,log,1483000,30.45,72.43,1007.73,30.80,73.00,1007.73,0,0,OFF,1,1,1,
2026-09-27 00:52:09,log,1484000,30.46,72.48,1007.80,30.81,73.14,1007.69,0,0,OFF,1,1,1,
2026-09-27 00:52:10,log,1485000,30.45,72.87,1007.78,30.80,72.90,1007.72,0,0,OFF,1,1,1,
2026-09-27 00:52:11,log,1486000,30.47,72.75,1007.81,30.81,73.03,1007.68,0,0,OFF,1,1,1,
2026-09-27 00:52:12,log,1487000,30.46,72.86,1007.80,30.81,73.04,1007.72,0,0,OFF,1,1,1,
2026-09-27 00:52:13,log,1488000,30.46,72.70,1007.80,30.80,72.94,1007.73,0,0,OFF,1,1,1,
2026-09-27 00:52:14,log,1489000,30.45,72.95,1007.78,30.81,73.05,1007.74,0,0,OFF,1,1,1,
2026-09-27 00:52:15,log,1490000,30.46,72.84,1007.82,30.82,73.08,1007.76,0,0,OFF,1,1,1,
2026-09-27 00:52:16,log,1491000,30.46,72.62,1007.79,30.80,73.10,1007.70,0,0,OFF,1,1,1,
2026-09-27 00:52:17,log,1492000,30.46,72.74,1007.76,30.81,73.05,1007.68,0,0,OFF,1,1,1,
2026-09-27 00:52:18,log,1493000,30.46,72.50,1007.82,30.81,73.07,1007.74,0,0,OFF,1,1,1,
2026-09-27 00:52:19,log,1494000,30.47,72.48,1007.75,30.81,73.02,1007.82,0,0,OFF,1,1,1,
2026-09-27 00:52:20,log,1495000,30.46,72.56,1007.77,30.81,73.11,1007.74,0,0,OFF,1,1,1,
2026-09-27 00:52:21,log,1496000,30.47,72.55,1007.78,30.81,73.21,1007.72,0,0,OFF,1,1,1,
2026-09-27 00:52:22,log,1497000,30.46,72.74,1007.80,30.81,73.05,1007.71,0,0,OFF,1,1,1,
2026-09-27 00:52:23,log,1498000,30.44,72.70,1007.77,30.81,72.88,1007.69,0,0,OFF,1,1,1,
2026-09-27 00:52:24,log,1499000,30.46,72.77,1007.79,30.81,72.90,1007.74,0,0,OFF,1,1,1,
2026-09-27 00:52:25,log,1500000,30.46,72.79,1007.83,30.81,73.12,1007.72,0,0,OFF,1,1,1,
2026-09-27 00:52:26,log,1501000,30.46,72.75,1007.80,30.80,72.85,1007.73,0,0,OFF,1,1,1,
2026-09-27 00:52:27,log,1502000,30.46,72.81,1007.83,30.81,73.14,1007.68,0,0,OFF,1,1,1,
2026-09-27 00:52:28,log,1503000,30.46,72.82,1007.77,30.82,73.16,1007.73,0,0,OFF,1,1,1,
2026-09-27 00:52:29,log,1504000,30.46,72.73,1007.80,30.82,73.09,1007.73,0,0,OFF,1,1,1,
2026-09-27 00:52:30,log,1505000,30.46,72.71,1007.80,30.82,73.05,1007.70,0,0,OFF,1,1,1,
2026-09-27 00:52:31,log,1506000,30.46,72.69,1007.79,30.82,72.86,1007.73,0,0,OFF,1,1,1,
2026-09-27 00:52:32,log,1507000,30.46,72.70,1007.80,30.82,72.99,1007.73,0,0,OFF,1,1,1,
2026-09-27 00:52:33,log,1508000,30.47,72.57,1007.81,30.83,73.07,1007.74,0,0,OFF,1,1,1,
2026-09-27 00:52:34,log,1509000,30.45,72.73,1007.78,30.83,73.14,1007.72,0,0,OFF,1,1,1,
2026-09-27 00:52:35,log,1510000,30.46,72.45,1007.76,30.83,73.11,1007.72,0,0,OFF,1,1,1,
2026-09-27 00:52:36,log,1511000,30.46,72.74,1007.79,30.82,73.04,1007.76,0,0,OFF,1,1,1,
2026-09-27 00:52:37,log,1512000,30.46,72.72,1007.83,30.82,72.68,1007.65,0,0,OFF,1,1,1,
2026-09-27 00:52:38,log,1513000,30.46,72.60,1007.79,30.83,72.72,1007.72,0,0,OFF,1,1,1,
2026-09-27 00:52:39,log,1514000,30.45,72.47,1007.78,30.82,72.97,1007.73,0,0,OFF,1,1,1,
2026-09-27 00:52:40,log,1515000,30.46,72.36,1007.80,30.82,72.93,1007.70,0,0,OFF,1,1,1,
2026-09-27 00:52:41,log,1516000,30.46,72.80,1007.79,30.82,72.99,1007.70,0,0,OFF,1,1,1,
2026-09-27 00:52:42,log,1517000,30.46,72.58,1007.74,30.81,73.03,1007.72,0,0,OFF,1,1,1,
2026-09-27 00:52:43,log,1518000,30.47,72.69,1007.81,30.83,73.05,1007.72,0,0,OFF,1,1,1,
2026-09-27 00:52:44,log,1519000,30.45,72.75,1007.78,30.81,72.91,1007.69,0,0,OFF,1,1,1,
2026-09-27 00:52:45,log,1520000,30.46,72.75,1007.74,30.80,72.66,1007.70,0,0,OFF,1,1,1,
2026-09-27 00:52:46,log,1521000,30.46,72.45,1007.83,30.81,73.00,1007.72,0,0,OFF,1,1,1,
2026-09-27 00:52:47,log,1522000,30.46,72.58,1007.83,30.81,72.76,1007.68,0,0,OFF,1,1,1,
2026-09-27 00:52:48,log,1523000,30.46,72.70,1007.71,30.81,72.81,1007.77,0,0,OFF,1,1,1,
2026-09-27 00:52:49,log,1524000,30.47,72.77,1007.75,30.81,72.64,1007.74,0,0,OFF,1,1,1,
2026-09-27 00:52:50,log,1525000,30.46,72.75,1007.76,30.81,72.98,1007.71,0,0,OFF,1,1,1,
2026-09-27 00:52:51,log,1526000,30.46,72.58,1007.72,30.81,72.78,1007.69,0,0,OFF,1,1,1,
2026-09-27 00:52:52,log,1527000,30.46,72.53,1007.76,30.81,73.05,1007.74,0,0,OFF,1,1,1,
2026-09-27 00:52:53,log,1528000,30.47,72.82,1007.79,30.83,72.79,1007.77,0,0,OFF,1,1,1,
2026-09-27 00:52:54,log,1529000,30.47,72.54,1007.79,30.82,73.07,1007.73,0,0,OFF,1,1,1,
2026-09-27 00:52:55,log,1530000,30.46,72.48,1007.74,30.82,72.88,1007.70,0,0,OFF,1,1,1,
2026-09-27 00:52:56,log,1531000,30.46,72.77,1007.80,30.83,73.15,1007.63,0,0,OFF,1,1,1,
2026-09-27 00:52:57,log,1532000,30.46,72.74,1007.80,30.83,72.94,1007.72,0,0,OFF,1,1,1,
2026-09-27 00:52:58,log,1533000,30.46,72.64,1007.74,30.83,72.87,1007.66,0,0,OFF,1,1,1,
2026-09-27 00:52:59,log,1534000,30.46,72.79,1007.77,30.82,73.08,1007.67,0,0,OFF,1,1,1,
2026-09-27 00:53:00,log,1535000,30.47,72.47,1007.75,30.84,72.89,1007.71,0,0,OFF,1,1,1,
2026-09-27 00:53:01,log,1536000,30.46,72.74,1007.72,30.82,72.83,1007.70,0,0,OFF,1,1,1,
2026-09-27 00:53:02,log,1537000,30.46,72.79,1007.72,30.83,73.08,1007.75,0,0,OFF,1,1,1,
2026-09-27 00:53:03,log,1538000,30.46,72.55,1007.80,30.83,73.10,1007.72,0,0,OFF,1,1,1,
2026-09-27 00:53:04,log,1539000,30.46,72.66,1007.74,30.83,73.11,1007.69,0,0,OFF,1,1,1,
2026-09-27 00:53:05,log,1540000,30.46,72.68,1007.77,30.83,73.02,1007.66,0,0,OFF,1,1,1,
2026-09-27 00:53:06,log,1541000,30.47,72.75,1007.79,30.85,73.06,1007.72,0,0,OFF,1,1,1,
2026-09-27 00:53:07,log,1542000,30.47,72.51,1007.75,30.84,73.07,1007.68,0,0,OFF,1,1,1,
2026-09-27 00:53:08,log,1543000,30.46,72.67,1007.74,30.83,73.07,1007.69,0,0,OFF,1,1,1,
2026-09-27 00:53:09,log,1544000,30.47,72.66,1007.75,30.83,73.05,1007.70,0,0,OFF,1,1,1,
2026-09-27 00:53:10,log,1545000,30.47,72.46,1007.70,30.84,73.08,1007.71,0,0,OFF,1,1,1,
2026-09-27 00:53:11,log,1546000,30.46,72.49,1007.65,30.82,72.92,1007.70,0,0,OFF,1,1,1,
2026-09-27 00:53:12,log,1547000,30.47,72.68,1007.75,30.84,73.12,1007.76,0,0,OFF,1,1,1,
2026-09-27 00:53:13,log,1548000,30.46,72.76,1007.79,30.83,73.05,1007.80,0,0,OFF,1,1,1,
2026-09-27 00:53:14,log,1549000,30.47,72.85,1007.76,30.83,72.98,1007.70,0,0,OFF,1,1,1,
2026-09-27 00:53:15,log,1550000,30.47,72.69,1007.76,30.84,72.81,1007.71,0,0,OFF,1,1,1,
2026-09-27 00:53:16,log,1551000,30.46,72.77,1007.74,30.83,73.03,1007.66,0,0,OFF,1,1,1,
2026-09-27 00:53:17,log,1552000,30.47,72.54,1007.75,30.83,72.95,1007.72,0,0,OFF,1,1,1,
2026-09-27 00:53:18,log,1553000,30.46,72.48,1007.77,30.83,72.84,1007.67,0,0,OFF,1,1,1,
2026-09-27 00:53:19,log,1554000,30.47,72.71,1007.78,30.83,72.95,1007.67,0,0,OFF,1,1,1,
2026-09-27 00:53:20,log,1555000,30.46,72.82,1007.74,30.83,73.03,1007.72,0,0,OFF,1,1,1,
2026-09-27 00:53:21,log,1556000,30.46,72.56,1007.77,30.83,72.95,1007.75,0,0,OFF,1,1,1,
2026-09-27 00:53:22,log,1557000,30.46,72.84,1007.80,30.83,73.04,1007.72,0,0,OFF,1,1,1,
2026-09-27 00:53:23,log,1558000,30.46,72.41,1007.80,30.84,72.99,1007.68,0,0,OFF,1,1,1,
2026-09-27 00:53:24,log,1559000,30.47,72.54,1007.73,30.83,72.98,1007.69,0,0,OFF,1,1,1,
2026-09-27 00:53:25,log,1560000,30.47,72.55,1007.76,30.84,73.11,1007.77,0,0,OFF,1,1,1,
2026-09-27 00:53:26,log,1561000,30.48,72.60,1007.77,30.84,73.08,1007.73,0,0,OFF,1,1,1,
2026-09-27 00:53:27,log,1562000,30.46,72.81,1007.72,30.84,73.12,1007.74,0,0,OFF,1,1,1,
2026-09-27 00:53:28,log,1563000,30.48,72.50,1007.71,30.84,73.09,1007.71,0,0,OFF,1,1,1,
2026-09-27 00:53:29,log,1564000,30.47,72.45,1007.73,30.83,72.99,1007.75,0,0,OFF,1,1,1,
2026-09-27 00:53:30,log,1565000,30.46,72.60,1007.77,30.85,72.86,1007.69,0,0,OFF,1,1,1,
2026-09-27 00:53:31,log,1566000,30.47,72.68,1007.73,30.84,73.12,1007.68,0,0,OFF,1,1,1,
2026-09-27 00:53:32,log,1567000,30.47,72.85,1007.78,30.84,72.86,1007.71,0,0,OFF,1,1,1,
2026-09-27 00:53:33,log,1568000,30.47,72.84,1007.75,30.85,72.95,1007.69,0,0,OFF,1,1,1,
2026-09-27 00:53:34,log,1569000,30.47,72.62,1007.76,30.85,73.06,1007.67,0,0,OFF,1,1,1,
2026-09-27 00:53:35,log,1570000,30.47,72.56,1007.76,30.85,72.84,1007.78,0,0,OFF,1,1,1,
2026-09-27 00:53:36,log,1571000,30.47,72.75,1007.75,30.85,72.69,1007.70,0,0,OFF,1,1,1,
2026-09-27 00:53:37,log,1572000,30.47,72.50,1007.75,30.85,72.85,1007.75,0,0,OFF,1,1,1,
2026-09-27 00:53:38,log,1573000,30.47,72.75,1007.79,30.85,72.97,1007.67,0,0,OFF,1,1,1,
2026-09-27 00:53:39,log,1574000,30.47,72.50,1007.82,30.84,72.67,1007.74,0,0,OFF,1,1,1,
2026-09-27 00:53:40,log,1575000,30.47,72.72,1007.75,30.86,73.02,1007.71,0,0,OFF,1,1,1,
2026-09-27 00:53:41,log,1576000,30.47,72.78,1007.75,30.86,72.89,1007.76,0,0,OFF,1,1,1,
2026-09-27 00:53:42,log,1577000,30.48,72.73,1007.74,30.85,72.95,1007.73,0,0,OFF,1,1,1,
2026-09-27 00:53:43,log,1578000,30.47,72.65,1007.78,30.85,73.01,1007.69,0,0,OFF,1,1,1,
2026-09-27 00:53:44,log,1579000,30.48,72.48,1007.66,30.85,72.99,1007.67,0,0,OFF,1,1,1,
2026-09-27 00:53:45,log,1580000,30.47,72.53,1007.76,30.85,72.99,1007.75,0,0,OFF,1,1,1,
2026-09-27 00:53:46,log,1581000,30.47,72.73,1007.76,30.84,72.96,1007.71,0,0,OFF,1,1,1,
2026-09-27 00:53:47,log,1582000,30.47,72.53,1007.76,30.85,72.90,1007.75,0,0,OFF,1,1,1,
2026-09-27 00:53:48,log,1583000,30.47,72.69,1007.75,30.85,73.00,1007.75,0,0,OFF,1,1,1,
2026-09-27 00:53:49,log,1584000,30.47,72.71,1007.75,30.85,72.96,1007.72,0,0,OFF,1,1,1,
2026-09-27 00:53:50,log,1585000,30.46,72.38,1007.69,30.85,73.01,1007.73,0,0,OFF,1,1,1,
2026-09-27 00:53:51,log,1586000,30.47,72.53,1007.79,30.84,72.82,1007.74,0,0,OFF,1,1,1,
2026-09-27 00:53:52,log,1587000,30.47,72.75,1007.76,30.85,72.94,1007.75,0,0,OFF,1,1,1,
2026-09-27 00:53:53,log,1588000,30.48,72.46,1007.74,30.85,72.95,1007.78,0,0,OFF,1,1,1,
2026-09-27 00:53:54,log,1589000,30.48,72.75,1007.77,30.86,72.96,1007.74,0,0,OFF,1,1,1,
2026-09-27 00:53:55,log,1590000,30.47,72.44,1007.78,30.86,72.95,1007.71,0,0,OFF,1,1,1,
2026-09-27 00:53:56,log,1591000,30.47,72.37,1007.76,30.85,72.79,1007.72,0,0,OFF,1,1,1,
2026-09-27 00:53:57,log,1592000,30.47,72.43,1007.75,30.85,72.87,1007.76,0,0,OFF,1,1,1,
2026-09-27 00:53:58,log,1593000,30.46,72.62,1007.80,30.85,72.86,1007.76,0,0,OFF,1,1,1,
2026-09-27 00:53:59,log,1594000,30.48,72.55,1007.75,30.85,73.00,1007.76,0,0,OFF,1,1,1,
2026-09-27 00:54:00,log,1595000,30.47,72.81,1007.84,30.85,72.91,1007.69,0,0,OFF,1,1,1,
2026-09-27 00:54:01,log,1596000,30.47,72.67,1007.76,30.85,72.99,1007.70,0,0,OFF,1,1,1,
2026-09-27 00:54:02,log,1597000,30.47,72.73,1007.73,30.85,72.88,1007.69,0,0,OFF,1,1,1,
2026-09-27 00:54:03,log,1598000,30.48,72.76,1007.77,30.86,72.98,1007.68,0,0,OFF,1,1,1,
2026-09-27 00:54:04,log,1599000,30.47,72.77,1007.72,30.85,72.96,1007.73,0,0,OFF,1,1,1,
2026-09-27 00:54:05,log,1600000,30.47,72.68,1007.73,30.85,72.91,1007.67,0,0,OFF,1,1,1,
2026-09-27 00:54:06,log,1601000,30.48,72.71,1007.80,30.84,72.87,1007.73,0,0,OFF,1,1,1,
2026-09-27 00:54:07,log,1602000,30.47,72.67,1007.78,30.83,72.93,1007.61,0,0,OFF,1,1,1,
2026-09-27 00:54:08,log,1603000,30.48,72.65,1007.77,30.84,72.99,1007.68,0,0,OFF,1,1,1,
2026-09-27 00:54:09,log,1604000,30.48,72.76,1007.77,30.84,72.68,1007.76,0,0,OFF,1,1,1,
2026-09-27 00:54:10,log,1605000,30.48,72.47,1007.71,30.84,72.99,1007.73,0,0,OFF,1,1,1,
2026-09-27 00:54:11,log,1606000,30.48,72.80,1007.75,30.83,72.99,1007.70,0,0,OFF,1,1,1,
2026-09-27 00:54:12,log,1607000,30.48,72.83,1007.72,30.84,73.02,1007.77,0,0,OFF,1,1,1,
2026-09-27 00:54:13,log,1608000,30.47,72.51,1007.79,30.84,73.00,1007.73,0,0,OFF,1,1,1,
2026-09-27 00:54:14,log,1609000,30.47,72.48,1007.70,30.84,72.70,1007.77,0,0,OFF,1,1,1,
2026-09-27 00:54:15,log,1610000,30.48,72.80,1007.78,30.83,72.98,1007.69,0,0,OFF,1,1,1,
2026-09-27 00:54:16,log,1611000,30.47,72.72,1007.72,30.84,72.89,1007.71,0,0,OFF,1,1,1,
2026-09-27 00:54:17,log,1612000,30.47,72.61,1007.76,30.84,72.96,1007.73,0,0,OFF,1,1,1,
2026-09-27 00:54:18,log,1613000,30.47,72.56,1007.78,30.84,72.74,1007.69,0,0,OFF,1,1,1,
2026-09-27 00:54:19,log,1614000,30.47,72.72,1007.72,30.83,72.95,1007.67,0,0,OFF,1,1,1,
2026-09-27 00:54:20,log,1615000,30.47,72.70,1007.76,30.84,73.02,1007.71,0,0,OFF,1,1,1,
2026-09-27 00:54:21,log,1616000,30.48,72.76,1007.83,30.84,72.92,1007.71,0,0,OFF,1,1,1,
2026-09-27 00:54:22,log,1617000,30.47,72.81,1007.76,30.84,72.93,1007.66,0,0,OFF,1,1,1,
2026-09-27 00:54:23,log,1618000,30.48,72.63,1007.77,30.84,73.08,1007.73,0,0,OFF,1,1,1,
2026-09-27 00:54:24,log,1619000,30.47,72.49,1007.76,30.85,72.75,1007.69,0,0,OFF,1,1,1,
2026-09-27 00:54:25,log,1620000,30.47,72.46,1007.72,30.84,72.68,1007.73,0,0,OFF,1,1,1,
2026-09-27 00:54:26,log,1621000,30.48,72.75,1007.78,30.84,72.69,1007.71,0,0,OFF,1,1,1,
2026-09-27 00:54:27,log,1622000,30.47,72.62,1007.75,30.85,72.95,1007.69,0,0,OFF,1,1,1,
2026-09-27 00:54:28,log,1623000,30.47,72.49,1007.72,30.84,72.88,1007.71,0,0,OFF,1,1,1,
2026-09-27 00:54:29,log,1624000,30.48,72.55,1007.75,30.84,73.00,1007.77,0,0,OFF,1,1,1,
2026-09-27 00:54:30,log,1625000,30.47,72.54,1007.75,30.85,72.58,1007.75,0,0,OFF,1,1,1,
2026-09-27 00:54:31,log,1626000,30.47,72.72,1007.75,30.84,72.93,1007.71,0,0,OFF,1,1,1,
2026-09-27 00:54:32,log,1627000,30.47,72.49,1007.68,30.84,72.99,1007.68,0,0,OFF,1,1,1,
2026-09-27 00:54:33,log,1628000,30.47,72.43,1007.76,30.83,72.96,1007.66,0,0,OFF,1,1,1,
2026-09-27 00:54:34,log,1629000,30.47,72.70,1007.73,30.85,73.06,1007.67,0,0,OFF,1,1,1,
2026-09-27 00:54:35,log,1630000,30.47,72.60,1007.76,30.84,73.03,1007.73,0,0,OFF,1,1,1,
2026-09-27 00:54:36,log,1631000,30.47,72.65,1007.72,30.84,73.03,1007.71,0,0,OFF,1,1,1,
2026-09-27 00:54:37,log,1632000,30.48,72.69,1007.77,30.83,72.94,1007.70,0,0,OFF,1,1,1,
2026-09-27 00:54:38,log,1633000,30.48,72.44,1007.77,30.84,72.88,1007.65,0,0,OFF,1,1,1,
2026-09-27 00:54:39,log,1634000,30.48,72.81,1007.74,30.84,72.89,1007.71,0,0,OFF,1,1,1,
2026-09-27 00:54:40,log,1635000,30.47,72.48,1007.73,30.83,72.96,1007.66,0,0,OFF,1,1,1,
2026-09-27 00:54:41,log,1636000,30.47,72.48,1007.76,30.84,72.95,1007.71,0,0,OFF,1,1,1,
2026-09-27 00:54:42,log,1637000,30.48,72.79,1007.72,30.84,73.04,1007.71,0,0,OFF,1,1,1,
2026-09-27 00:54:43,log,1638000,30.48,72.78,1007.71,30.84,72.75,1007.73,0,0,OFF,1,1,1,
2026-09-27 00:54:44,log,1639000,30.49,72.68,1007.79,30.85,73.03,1007.75,0,0,OFF,1,1,1,
2026-09-27 00:54:45,log,1640000,30.48,72.54,1007.78,30.84,72.96,1007.71,0,0,OFF,1,1,1,
2026-09-27 00:54:46,log,1641000,30.48,72.77,1007.78,30.84,72.98,1007.71,0,0,OFF,1,1,1,
2026-09-27 00:54:47,log,1642000,30.47,72.72,1007.73,30.84,72.98,1007.71,0,0,OFF,1,1,1,
2026-09-27 00:54:48,log,1643000,30.48,72.74,1007.75,30.84,73.04,1007.65,0,0,OFF,1,1,1,
2026-09-27 00:54:49,log,1644000,30.48,72.45,1007.75,30.84,73.06,1007.69,0,0,OFF,1,1,1,
2026-09-27 00:54:50,log,1645000,30.49,72.75,1007.76,30.84,73.04,1007.73,0,0,OFF,1,1,1,
2026-09-27 00:54:51,log,1646000,30.47,72.58,1007.79,30.84,73.02,1007.71,0,0,OFF,1,1,1,
2026-09-27 00:54:52,log,1647000,30.47,72.73,1007.82,30.84,72.98,1007.65,0,0,OFF,1,1,1,
2026-09-27 00:54:53,log,1648000,30.47,72.75,1007.82,30.84,73.09,1007.71,0,0,OFF,1,1,1,
2026-09-27 00:54:54,log,1649000,30.47,72.45,1007.79,30.84,73.04,1007.69,0,0,OFF,1,1,1,
2026-09-27 00:54:55,log,1650000,30.48,72.79,1007.81,30.84,73.05,1007.69,0,0,OFF,1,1,1,
2026-09-27 00:54:56,log,1651000,30.48,72.53,1007.77,30.84,73.04,1007.66,0,0,OFF,1,1,1,
2026-09-27 00:54:57,log,1652000,30.48,72.77,1007.78,30.84,72.99,1007.65,0,0,OFF,1,1,1,
2026-09-27 00:54:58,log,1653000,30.48,72.42,1007.74,30.84,72.88,1007.68,0,0,OFF,1,1,1,
2026-09-27 00:54:59,log,1654000,30.48,72.66,1007.78,30.84,72.98,1007.74,0,0,OFF,1,1,1,
2026-09-27 00:55:00,log,1655000,30.47,72.67,1007.70,30.84,72.80,1007.68,0,0,OFF,1,1,1,
2026-09-27 00:55:01,log,1656000,30.47,72.53,1007.79,30.83,72.84,1007.72,0,0,OFF,1,1,1,
2026-09-27 00:55:02,log,1657000,30.48,72.76,1007.75,30.83,72.97,1007.70,0,0,OFF,1,1,1,
2026-09-27 00:55:03,log,1658000,30.48,72.73,1007.77,30.84,72.77,1007.77,0,0,OFF,1,1,1,
2026-09-27 00:55:04,log,1659000,30.48,72.66,1007.77,30.84,72.92,1007.68,0,0,OFF,1,1,1,
2026-09-27 00:55:05,log,1660000,30.48,72.35,1007.74,30.83,72.93,1007.72,0,0,OFF,1,1,1,
2026-09-27 00:55:06,log,1661000,30.48,72.41,1007.75,30.83,72.77,1007.69,0,0,OFF,1,1,1,
2026-09-27 00:55:07,end,,,,,,,,,,,,,,"S,mode=OFF,lo=75.0,hi=90.0,max=300,cool=180,man=400,use=A,period=1,in=ok,out=ok,tank=ok,mistA=0,mistB=0"
2026-09-27 00:55:07,end,1662000,30.48,72.54,1007.77,30.84,72.98,1007.71,0,0,OFF,1,1,1,
2026-09-27 00:55:08,end,1663000,30.47,72.55,1007.73,30.84,72.92,1007.73,0,0,OFF,1,1,1,
