pc_time,phase,ms,t_in,rh_in,p_in,t_out,rh_out,p_out,mistA,mistB,mode,in_ok,out_ok,tank_ok,event
2026-09-28 15:26:42,idle,,,,,,,,,,,,,,"S,mode=OFF,lo=75.0,hi=90.0,max=300,cool=180,man=600,use=A,period=1,in=ok,out=ok,tank=ok,mistA=0,mistB=0"
2026-09-28 15:26:43,idle,2787000,32.08,84.06,1004.14,32.45,64.36,1003.77,0,0,OFF,1,1,1,
2026-09-28 15:26:43,idle,2788000,32.09,84.14,1004.24,32.47,63.98,1003.80,0,0,OFF,1,1,1,
2026-09-28 15:26:44,idle,2789000,32.08,84.30,1004.16,32.46,64.02,1003.89,0,0,OFF,1,1,1,
2026-09-28 15:26:45,waiting-for-operator,2790000,32.08,84.31,1004.28,32.47,63.94,1003.88,0,0,OFF,1,1,1,
2026-09-28 15:26:46,waiting-for-operator,2791000,32.08,84.38,1004.23,32.47,64.11,1003.80,0,0,OFF,1,1,1,
2026-09-28 15:26:47,waiting-for-operator,2792000,32.08,84.34,1004.16,32.47,64.12,1003.80,0,0,OFF,1,1,1,
2026-09-28 15:26:48,waiting-for-operator,2793000,32.08,84.19,1004.14,32.47,64.31,1003.80,0,0,OFF,1,1,1,
2026-09-28 15:26:49,waiting-for-operator,2794000,32.08,84.09,1004.22,32.47,63.91,1003.80,0,0,OFF,1,1,1,
2026-09-28 15:26:50,waiting-for-operator,2795000,32.08,83.85,1004.19,32.46,64.20,1003.79,0,0,OFF,1,1,1,
2026-09-28 15:26:52,waiting-for-operator,2796000,32.07,84.07,1004.21,32.47,64.14,1003.80,0,0,OFF,1,1,1,
2026-09-28 15:26:52,waiting-for-operator,2797000,32.08,84.06,1004.22,32.47,64.18,1003.80,0,0,OFF,1,1,1,
2026-09-28 15:26:53,waiting-for-operator,2798000,32.08,84.11,1004.23,32.47,64.14,1003.82,0,0,OFF,1,1,1,
2026-09-28 15:26:54,waiting-for-operator,2799000,32.08,84.02,1004.23,32.47,64.11,1003.78,0,0,OFF,1,1,1,
2026-09-28 15:26:55,waiting-for-operator,2800000,32.08,84.24,1004.14,32.47,64.03,1003.80,0,0,OFF,1,1,1,
2026-09-28 15:26:56,waiting-for-operator,2801000,32.08,84.22,1004.19,32.47,64.09,1003.80,0,0,OFF,1,1,1,
2026-09-28 15:26:57,waiting-for-operator,2802000,32.08,83.86,1004.22,32.46,64.08,1003.76,0,0,OFF,1,1,1,
2026-09-28 15:26:58,waiting-for-operator,2803000,32.07,84.07,1004.18,32.46,64.08,1003.84,0,0,OFF,1,1,1,
2026-09-28 15:26:59,waiting-for-operator,2804000,32.08,84.11,1004.16,32.47,64.11,1003.82,0,0,OFF,1,1,1,
2026-09-28 15:27:00,waiting-for-operator,2805000,32.08,84.08,1004.20,32.45,64.12,1003.75,0,0,OFF,1,1,1,
2026-09-28 15:27:01,waiting-for-operator,2806000,32.08,83.86,1004.23,32.47,64.17,1003.82,0,0,OFF,1,1,1,
2026-09-28 15:27:02,waiting-for-operator,2807000,32.08,83.95,1004.22,32.45,64.02,1003.86,0,0,OFF,1,1,1,
2026-09-28 15:27:03,waiting-for-operator,2808000,32.08,83.88,1004.25,32.46,64.01,1003.78,0,0,OFF,1,1,1,
2026-09-28 15:27:05,waiting-for-operator,2809000,32.08,84.01,1004.25,32.45,64.38,1003.77,0,0,OFF,1,1,1,
2026-09-28 15:27:05,waiting-for-operator,2810000,32.08,83.88,1004.16,32.46,64.07,1003.78,0,0,OFF,1,1,1,
2026-09-28 15:27:06,waiting-for-operator,2811000,32.09,83.99,1004.18,32.45,64.31,1003.77,0,0,OFF,1,1,1,
2026-09-28 15:27:07,waiting-for-operator,2812000,32.09,84.00,1004.10,32.46,64.06,1003.73,0,0,OFF,1,1,1,
2026-09-28 15:27:08,waiting-for-operator,2813000,32.08,83.99,1004.22,32.45,64.21,1003.75,0,0,OFF,1,1,1,
2026-09-28 15:27:09,waiting-for-operator,2814000,32.08,84.01,1004.19,32.45,64.46,1003.83,0,0,OFF,1,1,1,
2026-09-28 15:27:10,waiting-for-operator,2815000,32.07,83.79,1004.21,32.45,64.21,1003.77,0,0,OFF,1,1,1,
2026-09-28 15:27:11,waiting-for-operator,2816000,32.08,83.92,1004.19,32.45,64.38,1003.77,0,0,OFF,1,1,1,
2026-09-28 15:27:12,waiting-for-operator,2817000,32.09,84.16,1004.18,32.44,64.39,1003.76,0,0,OFF,1,1,1,
2026-09-28 15:27:13,waiting-for-operator,2818000,32.08,84.13,1004.22,32.45,64.57,1003.77,0,0,OFF,1,1,1,
2026-09-28 15:27:14,waiting-for-operator,2819000,32.08,84.20,1004.23,32.45,64.31,1003.77,0,0,OFF,1,1,1,
2026-09-28 15:27:15,waiting-for-operator,2820000,32.08,84.33,1004.17,32.45,64.06,1003.74,0,0,OFF,1,1,1,
2026-09-28 15:27:16,waiting-for-operator,2821000,32.08,84.25,1004.20,32.44,64.01,1003.76,0,0,OFF,1,1,1,
2026-09-28 15:27:17,waiting-for-operator,2822000,32.09,84.22,1004.10,32.44,64.51,1003.81,0,0,OFF,1,1,1,
2026-09-28 15:27:18,waiting-for-operator,2823000,32.08,84.25,1004.17,32.44,64.14,1003.73,0,0,OFF,1,1,1,
2026-09-28 15:27:19,waiting-for-operator,2824000,32.09,84.33,1004.24,32.44,64.06,1003.81,0,0,OFF,1,1,1,
2026-09-28 15:27:20,waiting-for-operator,2825000,32.08,84.27,1004.20,32.45,64.09,1003.77,0,0,OFF,1,1,1,
2026-09-28 15:27:21,waiting-for-operator,2826000,32.08,84.25,1004.22,32.45,64.02,1003.77,0,0,OFF,1,1,1,
2026-09-28 15:27:22,waiting-for-operator,2827000,32.08,84.24,1004.20,32.44,64.38,1003.81,0,0,OFF,1,1,1,
2026-09-28 15:27:23,waiting-for-operator,2828000,32.08,84.16,1004.23,32.45,64.12,1003.83,0,0,OFF,1,1,1,
2026-09-28 15:27:24,waiting-for-operator,2829000,32.08,83.92,1004.16,32.45,64.15,1003.77,0,0,OFF,1,1,1,
2026-09-28 15:27:26,waiting-for-operator,2830000,32.08,84.09,1004.28,32.44,64.48,1003.81,0,0,OFF,1,1,1,
2026-09-28 15:27:26,waiting-for-operator,2831000,32.08,84.02,1004.25,32.45,64.12,1003.79,0,0,OFF,1,1,1,
2026-09-28 15:27:27,waiting-for-operator,2832000,32.07,84.05,1004.27,32.43,64.04,1003.82,0,0,OFF,1,1,1,
2026-09-28 15:27:28,waiting-for-operator,2833000,32.08,84.08,1004.23,32.45,64.36,1003.79,0,0,OFF,1,1,1,
2026-09-28 15:27:29,waiting-for-operator,2834000,32.08,84.21,1004.14,32.43,64.55,1003.77,0,0,OFF,1,1,1,
2026-09-28 15:27:30,waiting-for-operator,2835000,32.08,84.06,1004.20,32.43,64.46,1003.79,0,0,OFF,1,1,1,
2026-09-28 15:27:31,waiting-for-operator,2836000,32.07,83.98,1004.30,32.44,64.54,1003.81,0,0,OFF,1,1,1,
2026-09-28 15:27:32,waiting-for-operator,2837000,32.08,84.05,1004.22,32.43,64.52,1003.79,0,0,OFF,1,1,1,
2026-09-28 15:27:33,waiting-for-operator,2838000,32.08,84.07,1004.20,32.42,64.53,1003.81,0,0,OFF,1,1,1,
2026-09-28 15:27:34,waiting-for-operator,2839000,32.08,84.06,1004.22,32.43,64.33,1003.79,0,0,OFF,1,1,1,
2026-09-28 15:27:35,waiting-for-operator,2840000,32.08,84.00,1004.22,32.42,64.14,1003.77,0,0,OFF,1,1,1,
2026-09-28 15:27:36,waiting-for-operator,2841000,32.09,84.13,1004.18,32.43,64.27,1003.80,0,0,OFF,1,1,1,
2026-09-28 15:27:37,waiting-for-operator,2842000,32.08,84.24,1004.23,32.43,64.08,1003.73,0,0,OFF,1,1,1,
2026-09-28 15:27:39,waiting-for-operator,2843000,32.08,84.22,1004.23,32.42,64.25,1003.78,0,0,OFF,1,1,1,
2026-09-28 15:27:39,waiting-for-operator,2844000,32.08,84.01,1004.25,32.42,64.38,1003.74,0,0,OFF,1,1,1,
2026-09-28 15:27:40,waiting-for-operator,2845000,32.08,84.02,1004.23,32.43,64.55,1003.71,0,0,OFF,1,1,1,
2026-09-28 15:27:41,waiting-for-operator,2846000,32.07,84.00,1004.18,32.41,64.25,1003.79,0,0,OFF,1,1,1,
2026-09-28 15:27:42,waiting-for-operator,2847000,32.07,83.97,1004.18,32.42,64.28,1003.74,0,0,OFF,1,1,1,
2026-09-28 15:27:43,waiting-for-operator,2848000,32.08,83.92,1004.25,32.42,64.20,1003.74,0,0,OFF,1,1,1,
2026-09-28 15:27:44,waiting-for-operator,2849000,32.08,83.96,1004.22,32.40,64.29,1003.78,0,0,OFF,1,1,1,
2026-09-28 15:27:46,waiting-for-operator,2850000,32.08,83.95,1004.28,32.41,64.25,1003.82,0,0,OFF,1,1,1,
2026-09-28 15:27:46,waiting-for-operator,2851000,32.08,83.89,1004.22,32.41,64.14,1003.76,0,0,OFF,1,1,1,
2026-09-28 15:27:47,waiting-for-operator,2852000,32.08,83.92,1004.16,32.41,64.28,1003.82,0,0,OFF,1,1,1,
2026-09-28 15:27:48,waiting-for-operator,2853000,32.07,84.02,1004.16,32.40,64.14,1003.75,0,0,OFF,1,1,1,
2026-09-28 15:27:49,waiting-for-operator,2854000,32.08,83.92,1004.22,32.39,64.25,1003.74,0,0,OFF,1,1,1,
2026-09-28 15:27:50,waiting-for-operator,2855000,32.09,84.13,1004.24,32.40,64.18,1003.76,0,0,OFF,1,1,1,
2026-09-28 15:27:51,waiting-for-operator,2856000,32.07,83.97,1004.21,32.40,64.22,1003.75,0,0,OFF,1,1,1,
2026-09-28 15:27:52,waiting-for-operator,2857000,32.08,83.87,1004.30,32.39,64.19,1003.85,0,0,OFF,1,1,1,
2026-09-28 15:27:53,waiting-for-operator,2858000,32.08,83.89,1004.22,32.41,64.64,1003.82,0,0,OFF,1,1,1,
2026-09-28 15:27:54,waiting-for-operator,2859000,32.06,83.71,1004.23,32.40,64.25,1003.80,0,0,OFF,1,1,1,
2026-09-28 15:27:55,waiting-for-operator,2860000,32.08,83.89,1004.23,32.39,64.28,1003.80,0,0,OFF,1,1,1,
2026-09-28 15:27:56,waiting-for-operator,2861000,32.08,83.84,1004.28,32.40,64.23,1003.75,0,0,OFF,1,1,1,
2026-09-28 15:27:57,waiting-for-operator,2862000,32.08,83.87,1004.22,32.40,64.16,1003.80,0,0,OFF,1,1,1,
2026-09-28 15:27:58,waiting-for-operator,2863000,32.07,83.89,1004.27,32.39,64.19,1003.80,0,0,OFF,1,1,1,
2026-09-28 15:28:00,waiting-for-operator,2864000,32.07,83.81,1004.18,32.39,64.25,1003.73,0,0,OFF,1,1,1,
2026-09-28 15:28:00,waiting-for-operator,2865000,32.07,83.85,1004.21,32.39,64.56,1003.84,0,0,OFF,1,1,1,
2026-09-28 15:28:01,waiting-for-operator,2866000,32.09,84.06,1004.24,32.38,64.24,1003.81,0,0,OFF,1,1,1,
2026-09-28 15:28:02,waiting-for-operator,2867000,32.08,83.98,1004.22,32.38,64.18,1003.78,0,0,OFF,1,1,1,
2026-09-28 15:28:03,waiting-for-operator,2868000,32.09,84.07,1004.35,32.39,64.29,1003.79,0,0,OFF,1,1,1,
2026-09-28 15:28:04,waiting-for-operator,2869000,32.09,84.04,1004.21,32.38,64.52,1003.75,0,0,OFF,1,1,1,
2026-09-28 15:28:05,waiting-for-operator,2870000,32.09,84.01,1004.18,32.39,64.66,1003.74,0,0,OFF,1,1,1,
2026-09-28 15:28:06,waiting-for-operator,2871000,32.08,83.90,1004.19,32.39,64.58,1003.82,0,0,OFF,1,1,1,
2026-09-28 15:28:07,waiting-for-operator,2872000,32.08,84.06,1004.16,32.38,64.60,1003.77,0,0,OFF,1,1,1,
2026-09-28 15:28:08,waiting-for-operator,2873000,32.07,84.03,1004.16,32.38,64.65,1003.78,0,0,OFF,1,1,1,
2026-09-28 15:28:09,waiting-for-operator,2874000,32.08,83.83,1004.22,32.38,64.68,1003.80,0,0,OFF,1,1,1,
2026-09-28 15:28:10,waiting-for-operator,2875000,32.09,83.87,1004.24,32.37,64.46,1003.79,0,0,OFF,1,1,1,
2026-09-28 15:28:11,waiting-for-operator,2876000,32.08,84.19,1004.19,32.38,64.59,1003.72,0,0,OFF,1,1,1,
2026-09-28 15:28:13,waiting-for-operator,2877000,32.08,84.08,1004.23,32.38,64.58,1003.83,0,0,OFF,1,1,1,
2026-09-28 15:28:13,waiting-for-operator,2878000,32.07,84.10,1004.16,32.38,64.64,1003.78,0,0,OFF,1,1,1,
2026-09-28 15:28:14,waiting-for-operator,2879000,32.07,84.10,1004.21,32.38,64.66,1003.86,0,0,OFF,1,1,1,
2026-09-28 15:28:15,waiting-for-operator,2880000,32.08,84.08,1004.22,32.38,64.57,1003.78,0,0,OFF,1,1,1,
2026-09-28 15:28:16,waiting-for-operator,2881000,32.08,84.00,1004.16,32.38,64.67,1003.77,0,0,OFF,1,1,1,
2026-09-28 15:28:17,waiting-for-operator,2882000,32.08,84.07,1004.25,32.38,64.51,1003.77,0,0,OFF,1,1,1,
2026-09-28 15:28:18,waiting-for-operator,2883000,32.07,83.96,1004.21,32.38,64.68,1003.81,0,0,OFF,1,1,1,
2026-09-28 15:28:20,waiting-for-operator,2884000,32.08,83.78,1004.30,32.38,64.56,1003.78,0,0,OFF,1,1,1,
2026-09-28 15:28:20,waiting-for-operator,2885000,32.06,84.08,1004.23,32.38,64.69,1003.80,0,0,OFF,1,1,1,
2026-09-28 15:28:21,waiting-for-operator,2886000,32.07,83.98,1004.18,32.38,64.48,1003.83,0,0,OFF,1,1,1,
2026-09-28 15:28:22,waiting-for-operator,2887000,32.07,83.99,1004.30,32.38,64.26,1003.83,0,0,OFF,1,1,1,
2026-09-28 15:28:23,waiting-for-operator,2888000,32.08,84.00,1004.22,32.37,64.48,1003.74,0,0,OFF,1,1,1,
2026-09-28 15:28:24,waiting-for-operator,2889000,32.06,84.02,1004.20,32.37,64.55,1003.82,0,0,OFF,1,1,1,
2026-09-28 15:28:25,waiting-for-operator,2890000,32.08,83.82,1004.23,32.38,64.62,1003.77,0,0,OFF,1,1,1,
2026-09-28 15:28:26,waiting-for-operator,2891000,32.08,83.78,1004.22,32.38,64.56,1003.77,0,0,OFF,1,1,1,
2026-09-28 15:28:27,waiting-for-operator,2892000,32.08,84.06,1004.26,32.38,64.29,1003.78,0,0,OFF,1,1,1,
2026-09-28 15:28:28,waiting-for-operator,2893000,32.07,84.05,1004.18,32.38,64.67,1003.77,0,0,OFF,1,1,1,
2026-09-28 15:28:29,waiting-for-operator,2894000,32.08,84.02,1004.22,32.37,64.60,1003.79,0,0,OFF,1,1,1,
2026-09-28 15:28:30,waiting-for-operator,2895000,32.07,84.04,1004.27,32.37,64.65,1003.76,0,0,OFF,1,1,1,
2026-09-28 15:28:31,waiting-for-operator,2896000,32.08,83.88,1004.16,32.37,64.31,1003.82,0,0,OFF,1,1,1,
2026-09-28 15:28:32,waiting-for-operator,2897000,32.07,83.65,1004.21,32.37,64.49,1003.70,0,0,OFF,1,1,1,
2026-09-28 15:28:33,waiting-for-operator,2898000,32.07,83.93,1004.21,32.37,64.54,1003.71,0,0,OFF,1,1,1,
2026-09-28 15:28:35,waiting-for-operator,2899000,32.07,83.93,1004.21,32.38,64.65,1003.81,0,0,OFF,1,1,1,
2026-09-28 15:28:35,waiting-for-operator,2900000,32.07,83.95,1004.30,32.38,64.56,1003.77,0,0,OFF,1,1,1,
2026-09-28 15:28:36,waiting-for-operator,2901000,32.06,83.97,1004.15,32.36,64.68,1003.78,0,0,OFF,1,1,1,
2026-09-28 15:28:37,waiting-for-operator,2902000,32.07,83.83,1004.21,32.37,64.66,1003.82,0,0,OFF,1,1,1,
2026-09-28 15:28:38,waiting-for-operator,2903000,32.06,83.72,1004.26,32.38,64.66,1003.78,0,0,OFF,1,1,1,
2026-09-28 15:28:39,waiting-for-operator,2904000,32.08,84.10,1004.22,32.38,64.54,1003.77,0,0,OFF,1,1,1,
2026-09-28 15:28:40,waiting-for-operator,2905000,32.08,84.09,1004.26,32.39,64.64,1003.84,0,0,OFF,1,1,1,
2026-09-28 15:28:41,waiting-for-operator,2906000,32.07,84.11,1004.24,32.37,64.34,1003.76,0,0,OFF,1,1,1,
2026-09-28 15:28:42,waiting-for-operator,2907000,32.07,84.02,1004.21,32.37,64.52,1003.67,0,0,OFF,1,1,1,
2026-09-28 15:28:43,waiting-for-operator,2908000,32.06,83.97,1004.18,32.38,64.58,1003.78,0,0,OFF,1,1,1,
2026-09-28 15:28:44,waiting-for-operator,2909000,32.06,83.77,1004.20,32.38,64.50,1003.80,0,0,OFF,1,1,1,
2026-09-28 15:28:45,waiting-for-operator,2910000,32.06,83.97,1004.25,32.38,64.49,1003.74,0,0,OFF,1,1,1,
2026-09-28 15:28:46,waiting-for-operator,2911000,32.06,83.76,1004.26,32.37,64.49,1003.71,0,0,OFF,1,1,1,
2026-09-28 15:28:48,waiting-for-operator,2912000,32.06,83.86,1004.20,32.38,64.49,1003.74,0,0,OFF,1,1,1,
2026-09-28 15:28:48,waiting-for-operator,2913000,32.08,83.99,1004.22,32.37,64.50,1003.74,0,0,OFF,1,1,1,
2026-09-28 15:28:49,waiting-for-operator,2914000,32.06,83.82,1004.20,32.38,64.14,1003.72,0,0,OFF,1,1,1,
2026-09-28 15:28:50,waiting-for-operator,2915000,32.07,83.92,1004.21,32.38,64.58,1003.77,0,0,OFF,1,1,1,
2026-09-28 15:28:51,waiting-for-operator,2916000,32.08,84.00,1004.19,32.38,64.57,1003.77,0,0,OFF,1,1,1,
2026-09-28 15:28:52,waiting-for-operator,2917000,32.07,83.91,1004.21,32.38,64.34,1003.78,0,0,OFF,1,1,1,
2026-09-28 15:28:53,waiting-for-operator,2918000,32.06,83.81,1004.15,32.39,64.49,1003.76,0,0,OFF,1,1,1,
2026-09-28 15:28:55,waiting-for-operator,2919000,32.08,83.96,1004.22,32.38,64.43,1003.74,0,0,OFF,1,1,1,
2026-09-28 15:28:55,waiting-for-operator,2920000,32.07,83.96,1004.27,32.39,64.37,1003.79,0,0,OFF,1,1,1,
2026-09-28 15:28:56,waiting-for-operator,2921000,32.08,84.01,1004.19,32.39,64.21,1003.74,0,0,OFF,1,1,1,
2026-09-28 15:28:57,waiting-for-operator,2922000,32.07,83.89,1004.21,32.38,64.43,1003.78,0,0,OFF,1,1,1,
2026-09-28 15:28:58,waiting-for-operator,2923000,32.06,83.99,1004.15,32.39,64.22,1003.71,0,0,OFF,1,1,1,
2026-09-28 15:28:59,waiting-for-operator,2924000,32.06,83.84,1004.20,32.40,64.46,1003.80,0,0,OFF,1,1,1,
2026-09-28 15:29:00,waiting-for-operator,2925000,32.08,84.07,1004.22,32.38,64.12,1003.75,0,0,OFF,1,1,1,
2026-09-28 15:29:02,waiting-for-operator,2926000,32.06,83.98,1004.20,32.39,64.25,1003.84,0,0,OFF,1,1,1,
2026-09-28 15:29:02,waiting-for-operator,2927000,32.06,83.92,1004.18,32.39,64.13,1003.79,0,0,OFF,1,1,1,
2026-09-28 15:29:03,waiting-for-operator,2928000,32.07,84.05,1004.18,32.38,64.55,1003.81,0,0,OFF,1,1,1,
2026-09-28 15:29:04,waiting-for-operator,2929000,32.07,84.07,1004.27,32.38,64.46,1003.75,0,0,OFF,1,1,1,
2026-09-28 15:29:05,waiting-for-operator,2930000,32.06,84.09,1004.18,32.39,64.41,1003.90,0,0,OFF,1,1,1,
2026-09-28 15:29:06,waiting-for-operator,2931000,32.06,84.06,1004.18,32.39,64.28,1003.77,0,0,OFF,1,1,1,
2026-09-28 15:29:07,waiting-for-operator,2932000,32.06,83.86,1004.25,32.39,64.52,1003.80,0,0,OFF,1,1,1,
2026-09-28 15:29:08,waiting-for-operator,2933000,32.06,83.87,1004.20,32.39,64.13,1003.82,0,0,OFF,1,1,1,
2026-09-28 15:29:09,waiting-for-operator,2934000,32.06,84.06,1004.17,32.39,64.28,1003.80,0,0,OFF,1,1,1,
2026-09-28 15:29:10,waiting-for-operator,2935000,32.08,83.87,1004.30,32.38,64.08,1003.78,0,0,OFF,1,1,1,
2026-09-28 15:29:11,waiting-for-operator,2936000,32.07,83.93,1004.21,32.38,64.43,1003.75,0,0,OFF,1,1,1,
2026-09-28 15:29:12,waiting-for-operator,2937000,32.06,83.91,1004.14,32.39,64.00,1003.79,0,0,OFF,1,1,1,
2026-09-28 15:29:13,waiting-for-operator,2938000,32.06,84.11,1004.20,32.39,64.15,1003.73,0,0,OFF,1,1,1,
2026-09-28 15:29:14,waiting-for-operator,2939000,32.08,84.20,1004.19,32.39,64.19,1003.80,0,0,OFF,1,1,1,
2026-09-28 15:29:15,waiting-for-operator,2940000,32.06,84.08,1004.18,32.39,64.47,1003.74,0,0,OFF,1,1,1,
2026-09-28 15:29:16,waiting-for-operator,2941000,32.06,83.95,1004.18,32.39,64.17,1003.76,0,0,OFF,1,1,1,
2026-09-28 15:29:17,waiting-for-operator,2942000,32.06,84.19,1004.23,32.40,64.04,1003.78,0,0,OFF,1,1,1,
2026-09-28 15:29:18,waiting-for-operator,2943000,32.06,84.13,1004.20,32.39,64.11,1003.77,0,0,OFF,1,1,1,
2026-09-28 15:29:19,waiting-for-operator,2944000,32.06,84.09,1004.18,32.40,64.03,1003.75,0,0,OFF,1,1,1,
2026-09-28 15:29:20,waiting-for-operator,2945000,32.08,84.02,1004.16,32.40,64.18,1003.78,0,0,OFF,1,1,1,
2026-09-28 15:29:21,waiting-for-operator,2946000,32.06,84.11,1004.26,32.41,64.49,1003.82,0,0,OFF,1,1,1,
2026-09-28 15:29:23,waiting-for-operator,2947000,32.06,84.10,1004.23,32.40,64.09,1003.78,0,0,OFF,1,1,1,
2026-09-28 15:29:23,waiting-for-operator,2948000,32.08,83.97,1004.19,32.40,64.04,1003.81,0,0,OFF,1,1,1,
2026-09-28 15:29:24,waiting-for-operator,2949000,32.07,84.11,1004.21,32.40,64.06,1003.83,0,0,OFF,1,1,1,
2026-09-28 15:29:25,waiting-for-operator,2950000,32.08,83.95,1004.22,32.39,64.20,1003.77,0,0,OFF,1,1,1,
2026-09-28 15:29:26,waiting-for-operator,2951000,32.07,84.11,1004.21,32.40,64.05,1003.80,0,0,OFF,1,1,1,
2026-09-28 15:29:27,waiting-for-operator,2952000,32.07,83.97,1004.21,32.40,64.18,1003.78,0,0,OFF,1,1,1,
2026-09-28 15:29:28,waiting-for-operator,2953000,32.06,83.99,1004.32,32.40,64.48,1003.83,0,0,OFF,1,1,1,
2026-09-28 15:29:29,waiting-for-operator,2954000,32.06,84.05,1004.18,32.40,64.09,1003.76,0,0,OFF,1,1,1,
2026-09-28 15:29:30,waiting-for-operator,2955000,32.06,84.16,1004.20,32.40,64.32,1003.81,0,0,OFF,1,1,1,
2026-09-28 15:29:31,waiting-for-operator,2956000,32.06,84.24,1004.20,32.40,63.92,1003.81,0,0,OFF,1,1,1,
2026-09-28 15:29:32,waiting-for-operator,2957000,32.07,84.21,1004.21,32.41,64.37,1003.79,0,0,OFF,1,1,1,
2026-09-28 15:29:33,waiting-for-operator,2958000,32.07,84.00,1004.21,32.41,64.01,1003.85,0,0,OFF,1,1,1,
2026-09-28 15:29:34,waiting-for-operator,2959000,32.08,83.99,1004.22,32.42,64.50,1003.86,0,0,OFF,1,1,1,
2026-09-28 15:29:36,waiting-for-operator,2960000,32.06,84.06,1004.20,32.41,64.26,1003.79,0,0,OFF,1,1,1,
2026-09-28 15:29:36,waiting-for-operator,2961000,32.06,84.00,1004.26,32.42,64.04,1003.83,0,0,OFF,1,1,1,
2026-09-28 15:29:37,waiting-for-operator,2962000,32.07,84.05,1004.21,32.42,64.19,1003.77,0,0,OFF,1,1,1,
2026-09-28 15:29:38,waiting-for-operator,2963000,32.07,84.20,1004.21,32.42,64.00,1003.83,0,0,OFF,1,1,1,
2026-09-28 15:29:39,waiting-for-operator,2964000,32.06,84.00,1004.23,32.42,64.45,1003.77,0,0,OFF,1,1,1,
2026-09-28 15:29:40,waiting-for-operator,2965000,32.08,84.06,1004.25,32.42,64.36,1003.78,0,0,OFF,1,1,1,
2026-09-28 15:29:41,waiting-for-operator,2966000,32.06,84.15,1004.25,32.41,64.37,1003.76,0,0,OFF,1,1,1,
2026-09-28 15:29:42,waiting-for-operator,2967000,32.06,83.97,1004.29,32.41,64.39,1003.88,0,0,OFF,1,1,1,
2026-09-28 15:29:43,waiting-for-operator,2968000,32.06,84.19,1004.31,32.40,64.09,1003.81,0,0,OFF,1,1,1,
2026-09-28 15:29:44,waiting-for-operator,2969000,32.06,83.88,1004.25,32.40,64.35,1003.81,0,0,OFF,1,1,1,
2026-09-28 15:29:45,waiting-for-operator,2970000,32.05,83.84,1004.19,32.42,64.27,1003.74,0,0,OFF,1,1,1,
2026-09-28 15:29:46,waiting-for-operator,2971000,32.06,83.82,1004.28,32.40,64.38,1003.78,0,0,OFF,1,1,1,
2026-09-28 15:29:47,waiting-for-operator,2972000,32.05,84.03,1004.19,32.40,64.47,1003.75,0,0,OFF,1,1,1,
2026-09-28 15:29:48,waiting-for-operator,2973000,32.06,83.88,1004.22,32.40,64.07,1003.80,0,0,OFF,1,1,1,
2026-09-28 15:29:49,waiting-for-operator,2974000,32.05,83.84,1004.19,32.40,63.93,1003.78,0,0,OFF,1,1,1,
2026-09-28 15:29:50,waiting-for-operator,2975000,32.06,83.84,1004.11,32.39,64.30,1003.82,0,0,OFF,1,1,1,
2026-09-28 15:29:51,waiting-for-operator,2976000,32.05,83.84,1004.24,32.39,64.05,1003.80,0,0,OFF,1,1,1,
2026-09-28 15:29:52,waiting-for-operator,2977000,32.06,84.04,1004.32,32.39,64.20,1003.82,0,0,OFF,1,1,1,
2026-09-28 15:29:53,waiting-for-operator,2978000,32.06,84.13,1004.20,32.40,63.93,1003.83,0,0,OFF,1,1,1,
2026-09-28 15:29:54,waiting-for-operator,2979000,32.05,84.13,1004.27,32.40,64.01,1003.80,0,0,OFF,1,1,1,
2026-09-28 15:29:55,waiting-for-operator,2980000,32.06,83.89,1004.25,32.39,64.16,1003.77,0,0,OFF,1,1,1,
2026-09-28 15:29:57,waiting-for-operator,2981000,32.06,84.10,1004.23,32.39,63.97,1003.77,0,0,OFF,1,1,1,
2026-09-28 15:29:57,waiting-for-operator,2982000,32.06,84.13,1004.20,32.39,63.88,1003.74,0,0,OFF,1,1,1,
2026-09-28 15:29:58,waiting-for-operator,2983000,32.06,84.10,1004.14,32.39,63.92,1003.80,0,0,OFF,1,1,1,
2026-09-28 15:29:59,waiting-for-operator,2984000,32.06,84.11,1004.20,32.39,63.81,1003.85,0,0,OFF,1,1,1,
2026-09-28 15:30:00,waiting-for-operator,2985000,32.05,84.09,1004.19,32.40,63.95,1003.75,0,0,OFF,1,1,1,
2026-09-28 15:30:01,waiting-for-operator,2986000,32.06,84.19,1004.22,32.39,63.90,1003.74,0,0,OFF,1,1,1,
2026-09-28 15:30:02,waiting-for-operator,2987000,32.06,84.02,1004.15,32.39,63.97,1003.77,0,0,OFF,1,1,1,
2026-09-28 15:30:03,waiting-for-operator,2988000,32.06,84.25,1004.23,32.39,64.31,1003.74,0,0,OFF,1,1,1,
2026-09-28 15:30:04,waiting-for-operator,2989000,32.05,84.16,1004.13,32.39,64.20,1003.77,0,0,OFF,1,1,1,
2026-09-28 15:30:05,waiting-for-operator,2990000,32.05,84.10,1004.22,32.40,64.32,1003.80,0,0,OFF,1,1,1,
2026-09-28 15:30:06,waiting-for-operator,2991000,32.05,83.94,1004.22,32.40,64.19,1003.76,0,0,OFF,1,1,1,
2026-09-28 15:30:07,waiting-for-operator,2992000,32.07,83.98,1004.27,32.40,64.20,1003.76,0,0,OFF,1,1,1,
2026-09-28 15:30:08,waiting-for-operator,2993000,32.05,83.94,1004.24,32.40,64.37,1003.80,0,0,OFF,1,1,1,
2026-09-28 15:30:10,waiting-for-operator,2994000,32.06,84.11,1004.20,32.39,64.23,1003.84,0,0,OFF,1,1,1,
2026-09-28 15:30:10,waiting-for-operator,2995000,32.06,84.13,1004.26,32.39,64.22,1003.82,0,0,OFF,1,1,1,
2026-09-28 15:30:11,waiting-for-operator,2996000,32.05,84.05,1004.24,32.40,64.28,1003.80,0,0,OFF,1,1,1,
2026-09-28 15:30:12,waiting-for-operator,2997000,32.06,84.02,1004.25,32.40,64.22,1003.78,0,0,OFF,1,1,1,
2026-09-28 15:30:13,waiting-for-operator,2998000,32.05,83.90,1004.24,32.40,63.93,1003.75,0,0,OFF,1,1,1,
2026-09-28 15:30:14,waiting-for-operator,2999000,32.06,83.87,1004.25,32.40,64.34,1003.76,0,0,OFF,1,1,1,
2026-09-28 15:30:15,waiting-for-operator,3000000,32.06,83.91,1004.20,32.39,64.15,1003.80,0,0,OFF,1,1,1,
2026-09-28 15:30:17,waiting-for-operator,3001000,32.06,83.94,1004.22,32.39,63.92,1003.80,0,0,OFF,1,1,1,
2026-09-28 15:30:17,waiting-for-operator,3002000,32.05,83.97,1004.21,32.39,63.92,1003.76,0,0,OFF,1,1,1,
2026-09-28 15:30:18,waiting-for-operator,3003000,32.05,83.86,1004.19,32.39,63.97,1003.82,0,0,OFF,1,1,1,
2026-09-28 15:30:19,waiting-for-operator,3004000,32.05,84.02,1004.19,32.39,64.03,1003.80,0,0,OFF,1,1,1,
2026-09-28 15:30:20,waiting-for-operator,3005000,32.06,83.94,1004.20,32.39,64.25,1003.77,0,0,OFF,1,1,1,
2026-09-28 15:30:21,waiting-for-operator,3006000,32.05,84.04,1004.24,32.39,64.21,1003.85,0,0,OFF,1,1,1,
2026-09-28 15:30:22,waiting-for-operator,3007000,32.06,83.80,1004.14,32.39,63.98,1003.80,0,0,OFF,1,1,1,
2026-09-28 15:30:24,waiting-for-operator,3008000,32.06,83.99,1004.26,32.39,63.80,1003.80,0,0,OFF,1,1,1,
2026-09-28 15:30:24,waiting-for-operator,3009000,32.05,84.02,1004.13,32.39,63.85,1003.80,0,0,OFF,1,1,1,
2026-09-28 15:30:25,waiting-for-operator,3010000,32.06,84.09,1004.26,32.39,63.93,1003.80,0,0,OFF,1,1,1,
2026-09-28 15:30:26,waiting-for-operator,3011000,32.05,84.05,1004.24,32.40,63.95,1003.76,0,0,OFF,1,1,1,
2026-09-28 15:30:27,waiting-for-operator,3012000,32.06,84.16,1004.29,32.39,64.08,1003.85,0,0,OFF,1,1,1,
2026-09-28 15:30:28,waiting-for-operator,3013000,32.06,84.11,1004.20,32.40,63.86,1003.80,0,0,OFF,1,1,1,
2026-09-28 15:30:29,waiting-for-operator,3014000,32.05,83.88,1004.24,32.39,63.78,1003.79,0,0,OFF,1,1,1,
2026-09-28 15:30:30,waiting-for-operator,3015000,32.05,83.99,1004.18,32.39,64.12,1003.80,0,0,OFF,1,1,1,
2026-09-28 15:30:31,waiting-for-operator,3016000,32.05,84.19,1004.22,32.40,63.80,1003.78,0,0,OFF,1,1,1,
2026-09-28 15:30:32,waiting-for-operator,3017000,32.06,84.10,1004.22,32.39,64.28,1003.77,0,0,OFF,1,1,1,
2026-09-28 15:30:33,waiting-for-operator,3018000,32.05,84.04,1004.24,32.39,64.11,1003.80,0,0,OFF,1,1,1,
2026-09-28 15:30:34,waiting-for-operator,3019000,32.06,83.88,1004.22,32.38,64.10,1003.84,0,0,OFF,1,1,1,
2026-09-28 15:30:35,waiting-for-operator,3020000,32.05,83.89,1004.24,32.38,64.14,1003.77,0,0,OFF,1,1,1,
2026-09-28 15:30:36,waiting-for-operator,3021000,32.06,83.94,1004.29,32.38,64.30,1003.78,0,0,OFF,1,1,1,
2026-09-28 15:30:38,waiting-for-operator,3022000,32.05,84.04,1004.22,32.38,64.21,1003.81,0,0,OFF,1,1,1,
2026-09-28 15:30:38,waiting-for-operator,3023000,32.05,83.97,1004.24,32.38,64.08,1003.81,0,0,OFF,1,1,1,
2026-09-28 15:30:39,waiting-for-operator,3024000,32.05,84.04,1004.19,32.38,63.91,1003.72,0,0,OFF,1,1,1,
2026-09-28 15:30:40,waiting-for-operator,3025000,32.05,84.06,1004.19,32.38,63.83,1003.80,0,0,OFF,1,1,1,
2026-09-28 15:30:41,waiting-for-operator,3026000,32.05,83.78,1004.15,32.37,63.84,1003.76,0,0,OFF,1,1,1,
2026-09-28 15:30:42,waiting-for-operator,3027000,32.06,84.04,1004.25,32.37,63.78,1003.85,0,0,OFF,1,1,1,
2026-09-28 15:30:43,waiting-for-operator,3028000,32.06,84.06,1004.26,32.38,64.03,1003.77,0,0,OFF,1,1,1,
2026-09-28 15:30:45,waiting-for-operator,3029000,32.06,83.95,1004.22,32.38,63.81,1003.78,0,0,OFF,1,1,1,
2026-09-28 15:30:45,waiting-for-operator,3030000,32.06,84.13,1004.23,32.37,63.79,1003.79,0,0,OFF,1,1,1,
2026-09-28 15:30:46,waiting-for-operator,3031000,32.06,84.12,1004.26,32.37,63.81,1003.74,0,0,OFF,1,1,1,
2026-09-28 15:30:47,waiting-for-operator,3032000,32.05,84.11,1004.22,32.37,63.91,1003.81,0,0,OFF,1,1,1,
2026-09-28 15:30:48,waiting-for-operator,3033000,32.05,84.01,1004.19,32.38,63.98,1003.81,0,0,OFF,1,1,1,
2026-09-28 15:30:49,waiting-for-operator,3034000,32.05,84.00,1004.24,32.38,63.82,1003.86,0,0,OFF,1,1,1,
2026-09-28 15:30:50,waiting-for-operator,3035000,32.05,84.17,1004.24,32.38,63.75,1003.78,0,0,OFF,1,1,1,
2026-09-28 15:30:52,waiting-for-operator,3036000,32.06,84.39,1004.29,32.37,63.77,1003.78,0,0,OFF,1,1,1,
2026-09-28 15:30:52,waiting-for-operator,3037000,32.06,84.15,1004.25,32.38,63.84,1003.84,0,0,OFF,1,1,1,
2026-09-28 15:30:53,waiting-for-operator,3038000,32.06,84.00,1004.26,32.38,64.04,1003.83,0,0,OFF,1,1,1,
2026-09-28 15:30:54,waiting-for-operator,3039000,32.06,84.21,1004.25,32.38,63.83,1003.81,0,0,OFF,1,1,1,
2026-09-28 15:30:55,waiting-for-operator,3040000,32.05,84.02,1004.24,32.37,63.92,1003.82,0,0,OFF,1,1,1,
2026-09-28 15:30:56,waiting-for-operator,3041000,32.06,84.22,1004.22,32.38,63.81,1003.83,0,0,OFF,1,1,1,
2026-09-28 15:30:58,waiting-for-operator,3042000,32.06,84.27,1004.28,32.38,64.27,1003.78,0,0,OFF,1,1,1,
2026-09-28 15:30:58,waiting-for-operator,3043000,32.06,84.29,1004.23,32.37,64.00,1003.85,0,0,OFF,1,1,1,
2026-09-28 15:30:59,waiting-for-operator,3044000,32.05,84.11,1004.19,32.38,63.86,1003.78,0,0,OFF,1,1,1,
2026-09-28 15:31:00,waiting-for-operator,3045000,32.05,84.15,1004.36,32.38,64.23,1003.78,0,0,OFF,1,1,1,
2026-09-28 15:31:01,waiting-for-operator,3046000,32.06,84.23,1004.28,32.39,63.85,1003.79,0,0,OFF,1,1,1,
2026-09-28 15:31:02,waiting-for-operator,3047000,32.06,83.95,1004.22,32.38,63.89,1003.86,0,0,OFF,1,1,1,
2026-09-28 15:31:03,waiting-for-operator,3048000,32.06,84.10,1004.20,32.38,64.04,1003.78,0,0,OFF,1,1,1,
2026-09-28 15:31:05,waiting-for-operator,3049000,32.05,84.13,1004.22,32.38,63.91,1003.78,0,0,OFF,1,1,1,
2026-09-28 15:31:05,waiting-for-operator,3050000,32.05,83.95,1004.33,32.38,63.88,1003.75,0,0,OFF,1,1,1,
2026-09-28 15:31:06,waiting-for-operator,3051000,32.05,84.12,1004.30,32.38,63.78,1003.86,0,0,OFF,1,1,1,
2026-09-28 15:31:07,waiting-for-operator,3052000,32.05,84.03,1004.27,32.38,63.70,1003.78,0,0,OFF,1,1,1,
2026-09-28 15:31:08,waiting-for-operator,3053000,32.06,84.10,1004.25,32.38,63.93,1003.78,0,0,OFF,1,1,1,
2026-09-28 15:31:09,waiting-for-operator,3054000,32.05,83.99,1004.32,32.38,64.20,1003.84,0,0,OFF,1,1,1,
2026-09-28 15:31:10,waiting-for-operator,3055000,32.05,84.03,1004.27,32.38,64.24,1003.80,0,0,OFF,1,1,1,
2026-09-28 15:31:11,waiting-for-operator,3056000,32.05,84.17,1004.27,32.39,63.81,1003.84,0,0,OFF,1,1,1,
2026-09-28 15:31:12,waiting-for-operator,3057000,32.06,84.04,1004.28,32.39,63.94,1003.82,0,0,OFF,1,1,1,
2026-09-28 15:31:13,waiting-for-operator,3058000,32.06,84.24,1004.31,32.38,63.82,1003.81,0,0,OFF,1,1,1,
2026-09-28 15:31:14,waiting-for-operator,3059000,32.06,84.19,1004.25,32.39,64.02,1003.84,0,0,OFF,1,1,1,
2026-09-28 15:31:15,waiting-for-operator,3060000,32.06,84.34,1004.37,32.38,63.90,1003.86,0,0,OFF,1,1,1,
2026-09-28 15:31:16,waiting-for-operator,3061000,32.06,84.34,1004.26,32.38,63.97,1003.81,0,0,OFF,1,1,1,
2026-09-28 15:31:17,waiting-for-operator,3062000,32.06,84.17,1004.25,32.38,64.08,1003.86,0,0,OFF,1,1,1,
2026-09-28 15:31:19,waiting-for-operator,3063000,32.05,84.29,1004.27,32.39,63.99,1003.84,0,0,OFF,1,1,1,
2026-09-28 15:31:19,waiting-for-operator,3064000,32.06,84.25,1004.34,32.39,63.82,1003.84,0,0,OFF,1,1,1,
2026-09-28 15:31:20,waiting-for-operator,3065000,32.05,84.27,1004.33,32.39,63.83,1003.84,0,0,OFF,1,1,1,
2026-09-28 15:31:21,waiting-for-operator,3066000,32.06,84.38,1004.34,32.38,63.95,1003.78,0,0,OFF,1,1,1,
2026-09-28 15:31:22,waiting-for-operator,3067000,32.05,84.36,1004.22,32.40,64.19,1003.78,0,0,OFF,1,1,1,
2026-09-28 15:31:23,waiting-for-operator,3068000,32.06,84.44,1004.20,32.39,63.85,1003.91,0,0,OFF,1,1,1,
2026-09-28 15:31:24,waiting-for-operator,3069000,32.06,84.50,1004.31,32.39,64.19,1003.88,0,0,OFF,1,1,1,
2026-09-28 15:31:25,waiting-for-operator,3070000,32.05,84.39,1004.27,32.38,63.79,1003.78,0,0,OFF,1,1,1,
2026-09-28 15:31:26,waiting-for-operator,3071000,32.07,84.34,1004.24,32.39,64.06,1003.80,0,0,OFF,1,1,1,
2026-09-28 15:31:27,waiting-for-operator,3072000,32.05,84.46,1004.27,32.40,64.12,1003.78,0,0,OFF,1,1,1,
2026-09-28 15:31:28,waiting-for-operator,3073000,32.06,84.46,1004.32,32.40,63.98,1003.92,0,0,OFF,1,1,1,
2026-09-28 15:31:29,waiting-for-operator,3074000,32.04,84.25,1004.28,32.39,63.96,1003.82,0,0,OFF,1,1,1,
2026-09-28 15:31:30,waiting-for-operator,3075000,32.05,84.12,1004.19,32.39,63.71,1003.80,0,0,OFF,1,1,1,
2026-09-28 15:31:31,waiting-for-operator,3076000,32.05,84.19,1004.27,32.40,63.74,1003.86,0,0,OFF,1,1,1,
2026-09-28 15:31:32,waiting-for-operator,3077000,32.05,84.16,1004.26,32.39,64.03,1003.80,0,0,OFF,1,1,1,
2026-09-28 15:31:33,waiting-for-operator,3078000,32.05,84.24,1004.21,32.40,63.73,1003.86,0,0,OFF,1,1,1,
2026-09-28 15:31:34,waiting-for-operator,3079000,32.05,84.15,1004.27,32.39,63.63,1003.82,0,0,OFF,1,1,1,
2026-09-28 15:31:35,waiting-for-operator,3080000,32.05,84.27,1004.30,32.40,63.59,1003.80,0,0,OFF,1,1,1,
2026-09-28 15:31:36,waiting-for-operator,3081000,32.05,84.24,1004.30,32.39,63.60,1003.80,0,0,OFF,1,1,1,
2026-09-28 15:31:37,waiting-for-operator,3082000,32.05,84.37,1004.30,32.41,64.13,1003.79,0,0,OFF,1,1,1,
2026-09-28 15:31:39,waiting-for-operator,3083000,32.06,84.27,1004.28,32.40,63.81,1003.83,0,0,OFF,1,1,1,
2026-09-28 15:31:39,waiting-for-operator,3084000,32.05,84.26,1004.30,32.40,63.71,1003.81,0,0,OFF,1,1,1,
2026-09-28 15:31:40,waiting-for-operator,3085000,32.06,84.27,1004.28,32.40,63.73,1003.81,0,0,OFF,1,1,1,
2026-09-28 15:31:41,waiting-for-operator,3086000,32.06,84.19,1004.25,32.40,63.72,1003.83,0,0,OFF,1,1,1,
2026-09-28 15:31:42,waiting-for-operator,3087000,32.06,84.26,1004.31,32.40,63.71,1003.80,0,0,OFF,1,1,1,
2026-09-28 15:31:43,waiting-for-operator,3088000,32.04,84.30,1004.31,32.39,63.95,1003.80,0,0,OFF,1,1,1,
2026-09-28 15:31:44,waiting-for-operator,3089000,32.05,84.26,1004.29,32.40,63.76,1003.80,0,0,OFF,1,1,1,
2026-09-28 15:31:45,waiting-for-operator,3090000,32.06,84.27,1004.34,32.40,64.15,1003.87,0,0,OFF,1,1,1,
2026-09-28 15:31:46,waiting-for-operator,3091000,32.06,84.26,1004.32,32.40,63.96,1003.80,0,0,OFF,1,1,1,
2026-09-28 15:31:47,waiting-for-operator,3092000,32.05,84.25,1004.24,32.42,63.79,1003.88,0,0,OFF,1,1,1,
2026-09-28 15:31:48,waiting-for-operator,3093000,32.05,84.33,1004.24,32.41,64.04,1003.88,0,0,OFF,1,1,1,
2026-09-28 15:31:49,waiting-for-operator,3094000,32.05,84.23,1004.27,32.41,64.09,1003.85,0,0,OFF,1,1,1,
2026-09-28 15:31:50,waiting-for-operator,3095000,32.05,84.26,1004.29,32.40,63.85,1003.83,0,0,OFF,1,1,1,
2026-09-28 15:31:52,waiting-for-operator,3096000,32.05,84.15,1004.35,32.40,64.05,1003.81,0,0,OFF,1,1,1,
2026-09-28 15:31:52,waiting-for-operator,3097000,32.05,84.18,1004.32,32.40,64.04,1003.75,0,0,OFF,1,1,1,
2026-09-28 15:31:53,waiting-for-operator,3098000,32.05,84.14,1004.30,32.40,63.80,1003.87,0,0,OFF,1,1,1,
2026-09-28 15:31:54,waiting-for-operator,3099000,32.04,83.87,1004.28,32.40,64.12,1003.90,0,0,OFF,1,1,1,
2026-09-28 15:31:55,waiting-for-operator,3100000,32.05,84.17,1004.26,32.40,63.60,1003.78,0,0,OFF,1,1,1,
2026-09-28 15:31:56,waiting-for-operator,3101000,32.05,84.19,1004.32,32.40,63.92,1003.78,0,0,OFF,1,1,1,
2026-09-28 15:31:57,waiting-for-operator,3102000,32.05,84.19,1004.33,32.40,63.95,1003.87,0,0,OFF,1,1,1,
2026-09-28 15:31:58,waiting-for-operator,3103000,32.06,84.14,1004.28,32.40,64.06,1003.80,0,0,OFF,1,1,1,
2026-09-28 15:32:00,waiting-for-operator,3104000,32.05,84.28,1004.33,32.41,63.93,1003.88,0,0,OFF,1,1,1,
2026-09-28 15:32:00,waiting-for-operator,3105000,32.06,84.21,1004.29,32.40,63.97,1003.89,0,0,OFF,1,1,1,
2026-09-28 15:32:01,waiting-for-operator,3106000,32.06,84.10,1004.31,32.40,63.85,1003.90,0,0,OFF,1,1,1,
2026-09-28 15:32:02,waiting-for-operator,3107000,32.05,84.32,1004.26,32.40,64.04,1003.84,0,0,OFF,1,1,1,
2026-09-28 15:32:03,waiting-for-operator,3108000,32.05,84.23,1004.27,32.40,63.67,1003.84,0,0,OFF,1,1,1,
2026-09-28 15:32:04,waiting-for-operator,3109000,32.06,84.22,1004.25,32.41,63.83,1003.88,0,0,OFF,1,1,1,
2026-09-28 15:32:06,waiting-for-operator,3110000,32.05,84.39,1004.33,32.40,63.67,1003.78,0,0,OFF,1,1,1,
2026-09-28 15:32:06,waiting-for-operator,3111000,32.06,84.25,1004.32,32.40,63.89,1003.78,0,0,OFF,1,1,1,
2026-09-28 15:32:07,waiting-for-operator,3112000,32.05,84.33,1004.30,32.40,63.98,1003.80,0,0,OFF,1,1,1,
2026-09-28 15:32:08,waiting-for-operator,3113000,32.06,84.40,1004.28,32.42,64.11,1003.83,0,0,OFF,1,1,1,
2026-09-28 15:32:09,waiting-for-operator,3114000,32.05,84.23,1004.27,32.40,64.08,1003.81,0,0,OFF,1,1,1,
2026-09-28 15:32:10,waiting-for-operator,3115000,32.05,84.44,1004.32,32.42,63.86,1003.91,0,0,OFF,1,1,1,
2026-09-28 15:32:11,waiting-for-operator,3116000,32.05,84.40,1004.27,32.40,63.81,1003.78,0,0,OFF,1,1,1,
2026-09-28 15:32:13,waiting-for-operator,3117000,32.05,84.29,1004.27,32.40,63.66,1003.78,0,0,OFF,1,1,1,
2026-09-28 15:32:13,waiting-for-operator,3118000,32.05,84.44,1004.27,32.40,63.66,1003.87,0,0,OFF,1,1,1,
2026-09-28 15:32:14,waiting-for-operator,3119000,32.04,84.30,1004.31,32.40,63.56,1003.84,0,0,OFF,1,1,1,
2026-09-28 15:32:15,waiting-for-operator,3120000,32.05,84.54,1004.24,32.40,63.96,1003.80,0,0,OFF,1,1,1,
2026-09-28 15:32:16,waiting-for-operator,3121000,32.06,84.26,1004.29,32.40,63.71,1003.80,0,0,OFF,1,1,1,
2026-09-28 15:32:17,waiting-for-operator,3122000,32.06,84.44,1004.28,32.40,63.65,1003.80,0,0,OFF,1,1,1,
2026-09-28 15:32:18,waiting-for-operator,3123000,32.05,84.36,1004.24,32.40,63.56,1003.84,0,0,OFF,1,1,1,
2026-09-28 15:32:19,waiting-for-operator,3124000,32.05,84.42,1004.24,32.40,63.61,1003.81,0,0,OFF,1,1,1,
2026-09-28 15:32:20,waiting-for-operator,3125000,32.05,84.33,1004.30,32.39,63.74,1003.85,0,0,OFF,1,1,1,
2026-09-28 15:32:21,waiting-for-operator,3126000,32.06,84.37,1004.29,32.40,63.80,1003.84,0,0,OFF,1,1,1,
2026-09-28 15:32:22,waiting-for-operator,3127000,32.05,84.22,1004.26,32.40,63.92,1003.89,0,0,OFF,1,1,1,
2026-09-28 15:32:23,waiting-for-operator,3128000,32.05,84.38,1004.30,32.40,63.95,1003.90,0,0,OFF,1,1,1,
2026-09-28 15:32:24,waiting-for-operator,3129000,32.06,84.42,1004.34,32.40,63.95,1003.83,0,0,OFF,1,1,1,
2026-09-28 15:32:26,waiting-for-operator,3130000,32.05,84.25,1004.33,32.40,63.76,1003.83,0,0,OFF,1,1,1,
2026-09-28 15:32:26,waiting-for-operator,3131000,32.05,84.42,1004.24,32.40,63.83,1003.87,0,0,OFF,1,1,1,
2026-09-28 15:32:27,waiting-for-operator,3132000,32.05,84.27,1004.32,32.40,64.02,1003.84,0,0,OFF,1,1,1,
2026-09-28 15:32:28,waiting-for-operator,3133000,32.05,84.44,1004.33,32.40,64.02,1003.84,0,0,OFF,1,1,1,
2026-09-28 15:32:29,waiting-for-operator,3134000,32.05,84.26,1004.29,32.40,63.60,1003.80,0,0,OFF,1,1,1,
2026-09-28 15:32:30,waiting-for-operator,3135000,32.05,84.22,1004.24,32.40,63.96,1003.94,0,0,OFF,1,1,1,
2026-09-28 15:32:31,waiting-for-operator,3136000,32.05,84.16,1004.29,32.40,63.93,1003.86,0,0,OFF,1,1,1,
2026-09-28 15:32:33,waiting-for-operator,3137000,32.05,84.37,1004.24,32.40,64.13,1003.80,0,0,OFF,1,1,1,
2026-09-28 15:32:33,waiting-for-operator,3138000,32.05,84.32,1004.24,32.39,64.06,1003.82,0,0,OFF,1,1,1,
2026-09-28 15:32:34,waiting-for-operator,3139000,32.05,84.34,1004.24,32.40,64.07,1003.83,0,0,OFF,1,1,1,
2026-09-28 15:32:35,waiting-for-operator,3140000,32.05,84.29,1004.30,32.41,63.78,1003.88,0,0,OFF,1,1,1,
2026-09-28 15:32:36,waiting-for-operator,3141000,32.06,84.38,1004.32,32.40,64.14,1003.92,0,0,OFF,1,1,1,
2026-09-28 15:32:37,waiting-for-operator,3142000,32.05,84.36,1004.30,32.39,64.15,1003.88,0,0,OFF,1,1,1,
2026-09-28 15:32:38,waiting-for-operator,3143000,32.05,84.29,1004.27,32.40,64.01,1003.87,0,0,OFF,1,1,1,
2026-09-28 15:32:39,waiting-for-operator,3144000,32.04,84.45,1004.33,32.39,64.15,1003.85,0,0,OFF,1,1,1,
2026-09-28 15:32:40,waiting-for-operator,3145000,32.05,84.33,1004.24,32.39,63.71,1003.85,0,0,OFF,1,1,1,
2026-09-28 15:32:41,waiting-for-operator,3146000,32.05,84.21,1004.32,32.40,63.94,1003.90,0,0,OFF,1,1,1,
2026-09-28 15:32:42,waiting-for-operator,3147000,32.05,84.35,1004.24,32.39,64.14,1003.85,0,0,OFF,1,1,1,
2026-09-28 15:32:43,waiting-for-operator,3148000,32.06,84.42,1004.31,32.40,63.96,1003.87,0,0,OFF,1,1,1,
2026-09-28 15:32:44,waiting-for-operator,3149000,32.07,84.47,1004.30,32.40,64.18,1003.83,0,0,OFF,1,1,1,
2026-09-28 15:32:45,waiting-for-operator,3150000,32.06,84.42,1004.28,32.39,63.96,1003.87,0,0,OFF,1,1,1,
2026-09-28 15:32:47,waiting-for-operator,3151000,32.05,84.39,1004.27,32.39,63.89,1003.79,0,0,OFF,1,1,1,
2026-09-28 15:32:47,waiting-for-operator,3152000,32.05,84.37,1004.30,32.40,63.87,1003.86,0,0,OFF,1,1,1,
2026-09-28 15:32:48,waiting-for-operator,3153000,32.04,84.27,1004.28,32.39,63.92,1003.85,0,0,OFF,1,1,1,
2026-09-28 15:32:49,waiting-for-operator,3154000,32.04,84.32,1004.26,32.40,63.88,1003.86,0,0,OFF,1,1,1,
2026-09-28 15:32:50,waiting-for-operator,3155000,32.04,84.47,1004.28,32.40,64.04,1003.80,0,0,OFF,1,1,1,
2026-09-28 15:32:51,waiting-for-operator,3156000,32.05,84.35,1004.24,32.40,63.59,1003.80,0,0,OFF,1,1,1,
2026-09-28 15:32:52,waiting-for-operator,3157000,32.06,84.46,1004.37,32.40,64.02,1003.83,0,0,OFF,1,1,1,
2026-09-28 15:32:54,waiting-for-operator,3158000,32.05,84.44,1004.33,32.40,63.67,1003.92,0,0,OFF,1,1,1,
2026-09-28 15:32:54,waiting-for-operator,3159000,32.05,84.55,1004.22,32.40,63.85,1003.80,0,0,OFF,1,1,1,
2026-09-28 15:32:55,waiting-for-operator,3160000,32.05,84.38,1004.29,32.40,63.72,1003.83,0,0,OFF,1,1,1,
2026-09-28 15:32:56,waiting-for-operator,3161000,32.05,84.38,1004.33,32.39,63.93,1003.85,0,0,OFF,1,1,1,
2026-09-28 15:32:57,waiting-for-operator,3162000,32.05,84.53,1004.27,32.39,63.70,1003.80,0,0,OFF,1,1,1,
2026-09-28 15:32:58,waiting-for-operator,3163000,32.05,84.45,1004.24,32.39,63.70,1003.85,0,0,OFF,1,1,1,
2026-09-28 15:32:59,waiting-for-operator,3164000,32.05,84.44,1004.24,32.39,63.75,1003.87,0,0,OFF,1,1,1,
2026-09-28 15:33:00,waiting-for-operator,3165000,32.05,84.37,1004.27,32.39,63.64,1003.80,0,0,OFF,1,1,1,
2026-09-28 15:33:01,waiting-for-operator,3166000,32.04,84.50,1004.28,32.39,63.71,1003.82,0,0,OFF,1,1,1,
2026-09-28 15:33:02,waiting-for-operator,3167000,32.05,84.58,1004.30,32.39,63.77,1003.80,0,0,OFF,1,1,1,
2026-09-28 15:33:03,waiting-for-operator,3168000,32.06,84.39,1004.25,32.39,63.72,1003.85,0,0,OFF,1,1,1,
2026-09-28 15:33:04,waiting-for-operator,3169000,32.05,84.36,1004.27,32.39,63.76,1003.85,0,0,OFF,1,1,1,
2026-09-28 15:33:05,waiting-for-operator,3170000,32.04,84.42,1004.31,32.38,63.64,1003.81,0,0,OFF,1,1,1,
2026-09-28 15:33:06,waiting-for-operator,3171000,32.06,84.51,1004.25,32.40,63.71,1003.86,0,0,OFF,1,1,1,
2026-09-28 15:33:07,waiting-for-operator,3172000,32.05,84.34,1004.19,32.40,63.71,1003.92,0,0,OFF,1,1,1,
2026-09-28 15:33:08,waiting-for-operator,3173000,32.05,84.37,1004.24,32.40,63.83,1003.86,0,0,OFF,1,1,1,
2026-09-28 15:33:09,waiting-for-operator,3174000,32.05,84.53,1004.24,32.39,63.78,1003.85,0,0,OFF,1,1,1,
2026-09-28 15:33:10,waiting-for-operator,3175000,32.06,84.44,1004.31,32.40,63.71,1003.80,0,0,OFF,1,1,1,
2026-09-28 15:33:11,waiting-for-operator,3176000,32.05,84.58,1004.27,32.40,63.90,1003.89,0,0,OFF,1,1,1,
2026-09-28 15:33:12,waiting-for-operator,3177000,32.06,84.35,1004.31,32.38,63.90,1003.78,0,0,OFF,1,1,1,
2026-09-28 15:33:14,waiting-for-operator,3178000,32.05,84.45,1004.36,32.38,63.84,1003.78,0,0,OFF,1,1,1,
2026-09-28 15:33:14,waiting-for-operator,3179000,32.05,84.28,1004.30,32.38,63.70,1003.89,0,0,OFF,1,1,1,
2026-09-28 15:33:15,waiting-for-operator,3180000,32.04,84.30,1004.26,32.39,64.06,1003.84,0,0,OFF,1,1,1,
2026-09-28 15:33:16,waiting-for-operator,3181000,32.05,84.40,1004.24,32.38,63.91,1003.84,0,0,OFF,1,1,1,
2026-09-28 15:33:17,waiting-for-operator,3182000,32.05,84.37,1004.36,32.39,63.73,1003.84,0,0,OFF,1,1,1,
2026-09-28 15:33:18,waiting-for-operator,3183000,32.05,84.29,1004.39,32.38,64.05,1003.83,0,0,OFF,1,1,1,
2026-09-28 15:33:19,waiting-for-operator,3184000,32.05,84.39,1004.29,32.39,63.67,1003.84,0,0,OFF,1,1,1,
2026-09-28 15:33:20,waiting-for-operator,3185000,32.05,84.29,1004.30,32.38,64.07,1003.84,0,0,OFF,1,1,1,
2026-09-28 15:33:21,waiting-for-operator,3186000,32.04,84.37,1004.28,32.39,63.87,1003.85,0,0,OFF,1,1,1,
2026-09-28 15:33:22,waiting-for-operator,3187000,32.04,84.39,1004.31,32.39,63.80,1003.85,0,0,OFF,1,1,1,
2026-09-28 15:33:23,waiting-for-operator,3188000,32.04,84.24,1004.34,32.39,63.95,1003.82,0,0,OFF,1,1,1,
2026-09-28 15:33:24,waiting-for-operator,3189000,32.05,84.25,1004.30,32.38,63.98,1003.92,0,0,OFF,1,1,1,
2026-09-28 15:33:25,waiting-for-operator,3190000,32.05,84.33,1004.27,32.39,63.77,1003.90,0,0,OFF,1,1,1,
2026-09-28 15:33:26,waiting-for-operator,3191000,32.05,84.30,1004.24,32.38,63.88,1003.84,0,0,OFF,1,1,1,
2026-09-28 15:33:28,waiting-for-operator,3192000,32.05,84.39,1004.26,32.39,63.68,1003.85,0,0,OFF,1,1,1,
2026-09-28 15:33:28,waiting-for-operator,3193000,32.05,84.38,1004.29,32.39,63.66,1003.84,0,0,OFF,1,1,1,
2026-09-28 15:33:29,waiting-for-operator,3194000,32.05,84.34,1004.24,32.39,63.82,1003.90,0,0,OFF,1,1,1,
2026-09-28 15:33:30,waiting-for-operator,3195000,32.04,84.23,1004.28,32.38,63.78,1003.84,0,0,OFF,1,1,1,
2026-09-28 15:33:31,waiting-for-operator,3196000,32.04,84.39,1004.34,32.38,63.70,1003.78,0,0,OFF,1,1,1,
2026-09-28 15:33:32,waiting-for-operator,3197000,32.05,84.31,1004.33,32.39,63.97,1003.84,0,0,OFF,1,1,1,
2026-09-28 15:33:33,waiting-for-operator,3198000,32.05,84.44,1004.30,32.39,63.70,1003.82,0,0,OFF,1,1,1,
2026-09-28 15:33:35,waiting-for-operator,3199000,32.05,84.61,1004.26,32.39,63.95,1003.84,0,0,OFF,1,1,1,
2026-09-28 15:33:35,waiting-for-operator,3200000,32.05,84.64,1004.27,32.39,63.76,1003.77,0,0,OFF,1,1,1,
2026-09-28 15:33:36,waiting-for-operator,3201000,32.06,84.55,1004.28,32.39,63.77,1003.90,0,0,OFF,1,1,1,
2026-09-28 15:33:37,waiting-for-operator,3202000,32.05,84.69,1004.30,32.38,64.09,1003.81,0,0,OFF,1,1,1,
2026-09-28 15:33:38,waiting-for-operator,3203000,32.05,84.75,1004.29,32.40,63.68,1003.86,0,0,OFF,1,1,1,
2026-09-28 15:33:39,waiting-for-operator,3204000,32.05,84.57,1004.36,32.39,63.81,1003.85,0,0,OFF,1,1,1,
2026-09-28 15:33:40,waiting-for-operator,3205000,32.04,84.41,1004.31,32.39,64.04,1003.88,0,0,OFF,1,1,1,
2026-09-28 15:33:41,waiting-for-operator,3206000,32.04,84.48,1004.31,32.38,63.97,1003.89,0,0,OFF,1,1,1,
2026-09-28 15:33:42,waiting-for-operator,3207000,32.04,84.50,1004.28,32.38,63.84,1003.84,0,0,OFF,1,1,1,
2026-09-28 15:33:43,waiting-for-operator,3208000,32.05,84.35,1004.30,32.38,64.13,1003.84,0,0,OFF,1,1,1,
2026-09-28 15:33:44,waiting-for-operator,3209000,32.04,84.53,1004.28,32.38,63.81,1003.84,0,0,OFF,1,1,1,
2026-09-28 15:33:45,waiting-for-operator,3210000,32.05,84.47,1004.30,32.38,63.66,1003.78,0,0,OFF,1,1,1,
2026-09-28 15:33:46,waiting-for-operator,3211000,32.05,84.39,1004.29,32.39,64.24,1003.82,0,0,OFF,1,1,1,
2026-09-28 15:33:47,waiting-for-operator,3212000,32.04,84.20,1004.28,32.38,63.75,1003.88,0,0,OFF,1,1,1,
2026-09-28 15:33:48,waiting-for-operator,3213000,32.04,84.25,1004.26,32.38,63.98,1003.84,0,0,OFF,1,1,1,
2026-09-28 15:33:49,waiting-for-operator,3214000,32.05,84.27,1004.29,32.38,63.99,1003.84,0,0,OFF,1,1,1,
2026-09-28 15:33:50,waiting-for-operator,3215000,32.04,84.29,1004.28,32.38,63.82,1003.89,0,0,OFF,1,1,1,
2026-09-28 15:33:51,waiting-for-operator,3216000,32.04,84.43,1004.40,32.38,63.95,1003.89,0,0,OFF,1,1,1,
2026-09-28 15:33:52,waiting-for-operator,3217000,32.05,84.40,1004.29,32.38,63.79,1003.86,0,0,OFF,1,1,1,
2026-09-28 15:33:53,waiting-for-operator,3218000,32.05,84.32,1004.30,32.38,63.81,1003.88,0,0,OFF,1,1,1,
2026-09-28 15:33:55,waiting-for-operator,3219000,32.05,84.47,1004.26,32.38,63.80,1003.78,0,0,OFF,1,1,1,
2026-09-28 15:33:55,waiting-for-operator,3220000,32.05,84.38,1004.29,32.38,63.96,1003.86,0,0,OFF,1,1,1,
2026-09-28 15:33:56,waiting-for-operator,3221000,32.05,84.31,1004.30,32.38,63.78,1003.81,0,0,OFF,1,1,1,
2026-09-28 15:33:57,waiting-for-operator,3222000,32.04,84.49,1004.26,32.38,63.79,1003.84,0,0,OFF,1,1,1,
2026-09-28 15:33:58,waiting-for-operator,3223000,32.05,84.36,1004.32,32.38,63.74,1003.81,0,0,OFF,1,1,1,
2026-09-28 15:33:59,waiting-for-operator,3224000,32.05,84.46,1004.29,32.38,63.93,1003.84,0,0,OFF,1,1,1,
2026-09-28 15:34:00,waiting-for-operator,3225000,32.05,84.22,1004.29,32.38,63.75,1003.88,0,0,OFF,1,1,1,
2026-09-28 15:34:01,waiting-for-operator,3226000,32.04,84.39,1004.34,32.38,63.72,1003.84,0,0,OFF,1,1,1,
2026-09-28 15:34:03,waiting-for-operator,3227000,32.05,84.22,1004.32,32.38,63.72,1003.83,0,0,OFF,1,1,1,
2026-09-28 15:34:03,waiting-for-operator,3228000,32.04,84.23,1004.31,32.38,63.81,1003.84,0,0,OFF,1,1,1,
2026-09-28 15:34:04,waiting-for-operator,3229000,32.04,84.26,1004.34,32.38,64.13,1003.86,0,0,OFF,1,1,1,
2026-09-28 15:34:05,waiting-for-operator,3230000,32.05,84.23,1004.35,32.37,63.73,1003.82,0,0,OFF,1,1,1,
2026-09-28 15:34:06,waiting-for-operator,3231000,32.05,84.12,1004.29,32.38,63.79,1003.83,0,0,OFF,1,1,1,
2026-09-28 15:34:07,waiting-for-operator,3232000,32.04,84.27,1004.31,32.37,64.03,1003.85,0,0,OFF,1,1,1,
2026-09-28 15:34:08,waiting-for-operator,3233000,32.05,84.14,1004.32,32.37,63.59,1003.79,0,0,OFF,1,1,1,
2026-09-28 15:34:09,waiting-for-operator,3234000,32.05,84.06,1004.30,32.37,64.17,1003.88,0,0,OFF,1,1,1,
2026-09-28 15:34:10,waiting-for-operator,3235000,32.04,84.19,1004.28,32.37,64.10,1003.84,0,0,OFF,1,1,1,
2026-09-28 15:34:11,waiting-for-operator,3236000,32.04,84.36,1004.26,32.37,64.16,1003.85,0,0,OFF,1,1,1,
2026-09-28 15:34:12,waiting-for-operator,3237000,32.05,84.42,1004.30,32.37,64.03,1003.82,0,0,OFF,1,1,1,
2026-09-28 15:34:13,waiting-for-operator,3238000,32.05,84.40,1004.29,32.37,63.80,1003.81,0,0,OFF,1,1,1,
2026-09-28 15:34:14,waiting-for-operator,3239000,32.04,84.48,1004.28,32.37,63.79,1003.85,0,0,OFF,1,1,1,
2026-09-28 15:34:16,waiting-for-operator,3240000,32.05,84.39,1004.35,32.36,63.92,1003.89,0,0,OFF,1,1,1,
2026-09-28 15:34:16,waiting-for-operator,3241000,32.04,84.35,1004.23,32.36,63.80,1003.83,0,0,OFF,1,1,1,
2026-09-28 15:34:17,waiting-for-operator,3242000,32.04,84.06,1004.30,32.36,63.86,1003.86,0,0,OFF,1,1,1,
2026-09-28 15:34:18,waiting-for-operator,3243000,32.04,84.30,1004.14,32.37,64.22,1003.87,0,0,OFF,1,1,1,
2026-09-28 15:34:19,waiting-for-operator,3244000,32.04,84.39,1004.28,32.36,64.14,1003.83,0,0,OFF,1,1,1,
2026-09-28 15:34:20,waiting-for-operator,3245000,32.04,84.28,1004.31,32.37,63.72,1003.84,0,0,OFF,1,1,1,
2026-09-28 15:34:21,waiting-for-operator,3246000,32.04,84.30,1004.28,32.36,63.85,1003.86,0,0,OFF,1,1,1,
2026-09-28 15:34:23,waiting-for-operator,3247000,32.05,84.30,1004.29,32.36,63.73,1003.92,0,0,OFF,1,1,1,
2026-09-28 15:34:23,waiting-for-operator,3248000,32.05,84.23,1004.29,32.37,63.70,1003.92,0,0,OFF,1,1,1,
2026-09-28 15:34:24,waiting-for-operator,3249000,32.04,84.29,1004.28,32.37,64.01,1003.87,0,0,OFF,1,1,1,
2026-09-28 15:34:25,waiting-for-operator,3250000,32.04,84.26,1004.30,32.36,63.84,1003.86,0,0,OFF,1,1,1,
2026-09-28 15:34:26,waiting-for-operator,3251000,32.04,84.31,1004.31,32.36,64.23,1003.80,0,0,OFF,1,1,1,
2026-09-28 15:34:27,waiting-for-operator,3252000,32.05,84.34,1004.36,32.36,63.84,1003.83,0,0,OFF,1,1,1,
2026-09-28 15:34:28,waiting-for-operator,3253000,32.04,84.46,1004.28,32.36,64.00,1003.85,0,0,OFF,1,1,1,
2026-09-28 15:34:29,waiting-for-operator,3254000,32.00,82.81,1004.30,32.36,63.84,1003.83,0,0,OFF,1,1,1,
2026-09-28 15:34:30,waiting-for-operator,3255000,31.99,82.13,1004.26,32.37,63.98,1003.85,0,0,OFF,1,1,1,
2026-09-28 15:34:31,waiting-for-operator,3256000,31.95,77.60,1004.24,32.37,63.76,1003.85,0,0,OFF,1,1,1,
2026-09-28 15:34:32,waiting-for-operator,3257000,31.92,75.35,1004.26,32.37,63.59,1003.87,0,0,OFF,1,1,1,
2026-09-28 15:34:33,waiting-for-operator,3258000,31.91,73.69,1004.33,32.37,63.90,1003.85,0,0,OFF,1,1,1,
2026-09-28 15:34:34,waiting-for-operator,3259000,31.90,73.58,1004.28,32.37,63.74,1003.82,0,0,OFF,1,1,1,
2026-09-28 15:34:35,waiting-for-operator,3260000,31.86,72.76,1004.31,32.36,63.82,1003.83,0,0,OFF,1,1,1,
2026-09-28 15:34:36,waiting-for-operator,3261000,31.85,72.00,1004.26,32.36,64.18,1003.86,0,0,OFF,1,1,1,
2026-09-28 15:34:37,waiting-for-operator,3262000,31.83,72.49,1004.25,32.36,63.76,1003.83,0,0,OFF,1,1,1,
2026-09-28 15:34:38,waiting-for-operator,3263000,31.81,71.47,1004.31,32.37,63.95,1003.93,0,0,OFF,1,1,1,
2026-09-28 15:34:39,waiting-for-operator,3264000,31.80,70.67,1004.29,32.36,63.92,1003.89,0,0,OFF,1,1,1,
2026-09-28 15:34:40,water-check,,,,,,,,,,,,,,"MARK  operator present, test starting"
2026-09-28 15:34:40,water-check,,,,,,,,,,,,,,"S,mode=OFF,lo=75.0,hi=90.0,max=300,cool=180,man=60,use=A,period=1,in=ok,out=ok,tank=ok,mistA=0,mistB=0"
2026-09-28 15:34:40,water-check,,,,,,,,,,,,,,mode MANUAL
2026-09-28 15:34:40,water-check,3265000,31.78,70.18,1004.23,32.36,63.71,1003.86,0,0,MANUAL,1,1,1,
2026-09-28 15:34:41,water-check,3266000,31.78,69.55,1004.25,32.37,64.22,1003.84,0,0,MANUAL,1,1,1,
2026-09-28 15:34:42,water-check,3267000,31.77,69.15,1004.27,32.36,64.09,1003.89,0,0,MANUAL,1,1,1,
2026-09-28 15:34:44,water-check,3268000,31.76,69.54,1004.25,32.36,64.15,1003.89,0,0,MANUAL,1,1,1,
2026-09-28 15:34:44,water-check,3269000,31.74,69.45,1004.25,32.37,63.87,1003.88,0,0,MANUAL,1,1,1,
2026-09-28 15:34:45,water-check,3270000,31.75,71.22,1004.23,32.37,64.01,1003.87,0,0,MANUAL,1,1,1,
2026-09-28 15:34:46,water-check,,,,,,,,,,,,,,mist A=1 B=0 (manual)
2026-09-28 15:34:46,water-check,3271000,31.74,70.34,1004.22,32.37,64.13,1003.85,1,0,MANUAL,1,1,1,
2026-09-28 15:34:47,water-check,3272000,31.73,69.56,1004.31,32.37,64.22,1003.85,1,0,MANUAL,1,1,1,
2026-09-28 15:34:48,water-check,3273000,31.73,69.82,1004.21,32.36,63.89,1003.83,1,0,MANUAL,1,1,1,
2026-09-28 15:34:49,water-check,3274000,31.72,68.83,1004.28,32.37,64.02,1003.87,1,0,MANUAL,1,1,1,
2026-09-28 15:34:50,water-check,3275000,31.72,68.36,1004.28,32.37,63.81,1003.90,1,0,MANUAL,1,1,1,
2026-09-28 15:34:51,water-check,3276000,31.71,68.36,1004.23,32.37,64.10,1003.90,1,0,MANUAL,1,1,1,
2026-09-28 15:34:52,water-check,3277000,31.72,68.55,1004.24,32.38,64.00,1003.83,1,0,MANUAL,1,1,1,
2026-09-28 15:34:53,water-check,3278000,31.72,68.38,1004.28,32.38,64.12,1003.89,1,0,MANUAL,1,1,1,
2026-09-28 15:34:54,water-check,3279000,31.73,68.07,1004.26,32.37,63.84,1003.90,1,0,MANUAL,1,1,1,
2026-09-28 15:34:55,water-check,3280000,31.73,67.61,1004.23,32.38,63.87,1003.83,1,0,MANUAL,1,1,1,
2026-09-28 15:34:57,water-check,3281000,31.72,68.08,1004.24,32.38,63.79,1003.89,1,0,MANUAL,1,1,1,
2026-09-28 15:34:57,water-check,3282000,31.72,67.85,1004.27,32.38,63.82,1003.88,1,0,MANUAL,1,1,1,
2026-09-28 15:34:58,water-check,3283000,31.72,67.80,1004.27,32.38,63.96,1003.88,1,0,MANUAL,1,1,1,
2026-09-28 15:34:59,water-check,3284000,31.72,67.40,1004.24,32.37,63.75,1003.88,1,0,MANUAL,1,1,1,
2026-09-28 15:35:00,water-check,3285000,31.71,67.47,1004.20,32.38,63.69,1003.89,1,0,MANUAL,1,1,1,
2026-09-28 15:35:01,water-check,3286000,31.72,67.51,1004.24,32.38,63.65,1003.83,1,0,MANUAL,1,1,1,
2026-09-28 15:35:02,water-check,3287000,31.72,67.59,1004.19,32.37,63.62,1003.82,1,0,MANUAL,1,1,1,
2026-09-28 15:35:04,water-check,3288000,31.72,67.55,1004.28,32.37,64.13,1003.82,1,0,MANUAL,1,1,1,
2026-09-28 15:35:04,water-check,3289000,31.73,68.68,1004.27,32.38,63.66,1003.88,1,0,MANUAL,1,1,1,
2026-09-28 15:35:05,water-check,3290000,31.72,68.51,1004.25,32.37,63.81,1003.90,1,0,MANUAL,1,1,1,
2026-09-28 15:35:06,water-check,3291000,31.72,68.12,1004.27,32.37,63.64,1003.84,1,0,MANUAL,1,1,1,
2026-09-28 15:35:07,water-check,3292000,31.72,68.44,1004.18,32.37,63.65,1003.82,1,0,MANUAL,1,1,1,
2026-09-28 15:35:08,water-check,3293000,31.72,68.34,1004.19,32.37,63.74,1003.87,1,0,MANUAL,1,1,1,
2026-09-28 15:35:09,water-check,3294000,31.72,69.01,1004.31,32.37,63.66,1003.76,1,0,MANUAL,1,1,1,
2026-09-28 15:35:10,water-check,3295000,31.73,68.46,1004.26,32.38,63.74,1003.89,1,0,MANUAL,1,1,1,
2026-09-28 15:35:11,water-check,3296000,31.73,67.80,1004.27,32.37,63.70,1003.82,1,0,MANUAL,1,1,1,
2026-09-28 15:35:12,water-check,3297000,31.73,67.70,1004.27,32.38,63.59,1003.84,1,0,MANUAL,1,1,1,
2026-09-28 15:35:13,water-check,3298000,31.72,67.33,1004.24,32.38,63.74,1003.89,1,0,MANUAL,1,1,1,
2026-09-28 15:35:14,water-check,3299000,31.73,67.46,1004.26,32.38,63.79,1003.80,1,0,MANUAL,1,1,1,
2026-09-28 15:35:15,water-check,3300000,31.73,67.87,1004.24,32.38,64.16,1003.94,1,0,MANUAL,1,1,1,
2026-09-28 15:35:17,water-check,3301000,31.73,68.36,1004.23,32.38,63.76,1003.86,1,0,MANUAL,1,1,1,
2026-09-28 15:35:17,water-check,3302000,31.73,68.06,1004.24,32.38,63.66,1003.88,1,0,MANUAL,1,1,1,
2026-09-28 15:35:18,water-check,3303000,31.73,68.01,1004.29,32.38,63.65,1003.84,1,0,MANUAL,1,1,1,
2026-09-28 15:35:19,water-check,3304000,31.73,68.94,1004.23,32.38,63.72,1003.86,1,0,MANUAL,1,1,1,
2026-09-28 15:35:20,water-check,3305000,31.73,67.64,1004.26,32.38,63.83,1003.86,1,0,MANUAL,1,1,1,
2026-09-28 15:35:21,water-check,3306000,31.73,68.47,1004.24,32.38,64.08,1003.86,1,0,MANUAL,1,1,1,
2026-09-28 15:35:22,water-check,3307000,31.73,68.45,1004.24,32.38,63.97,1003.92,1,0,MANUAL,1,1,1,
2026-09-28 15:35:23,water-check,3308000,31.74,67.75,1004.31,32.38,63.97,1003.89,1,0,MANUAL,1,1,1,
2026-09-28 15:35:24,water-check,3309000,31.74,67.78,1004.27,32.38,63.97,1003.86,1,0,MANUAL,1,1,1,
2026-09-28 15:35:25,water-check,3310000,31.74,68.12,1004.24,32.38,64.03,1003.91,1,0,MANUAL,1,1,1,
2026-09-28 15:35:26,water-check,3311000,31.74,67.62,1004.24,32.39,63.97,1003.91,1,0,MANUAL,1,1,1,
2026-09-28 15:35:27,water-check,3312000,31.74,67.81,1004.20,32.39,63.51,1003.91,1,0,MANUAL,1,1,1,
2026-09-28 15:35:28,water-check,3313000,31.74,67.92,1004.19,32.39,63.61,1003.94,1,0,MANUAL,1,1,1,
2026-09-28 15:35:29,water-check,3314000,31.73,67.29,1004.23,32.38,64.06,1003.89,1,0,MANUAL,1,1,1,
2026-09-28 15:35:30,water-check,3315000,31.73,67.10,1004.27,32.37,63.86,1003.88,1,0,MANUAL,1,1,1,
2026-09-28 15:35:31,water-check,3316000,31.74,67.03,1004.22,32.38,63.69,1003.88,1,0,MANUAL,1,1,1,
2026-09-28 15:35:32,water-check,3317000,31.74,67.15,1004.24,32.37,63.79,1003.88,1,0,MANUAL,1,1,1,
2026-09-28 15:35:33,water-check,3318000,31.73,67.52,1004.27,32.38,64.01,1003.92,1,0,MANUAL,1,1,1,
2026-09-28 15:35:34,water-check,,,,,,,,,,,,,,mist A=0 B=0 (manual)
2026-09-28 15:35:34,water-check,3319000,31.74,67.77,1004.27,32.38,63.74,1003.86,0,0,MANUAL,1,1,1,
2026-09-28 15:35:35,water-check,3320000,31.74,68.04,1004.19,32.38,64.05,1003.88,0,0,MANUAL,1,1,1,
2026-09-28 15:35:36,water-check,3321000,31.73,67.37,1004.27,32.38,63.81,1003.97,0,0,MANUAL,1,1,1,
2026-09-28 15:35:38,water-check,3322000,31.74,67.56,1004.24,32.38,63.92,1003.86,0,0,MANUAL,1,1,1,
2026-09-28 15:35:38,water-check,3323000,31.74,66.96,1004.20,32.38,63.56,1003.83,0,0,MANUAL,1,1,1,
2026-09-28 15:35:39,water-check,3324000,31.74,67.02,1004.25,32.38,63.47,1003.89,0,0,MANUAL,1,1,1,
2026-09-28 15:35:40,water-check,3325000,31.74,66.76,1004.25,32.38,63.52,1003.86,0,0,MANUAL,1,1,1,
2026-09-28 15:35:41,water-check,3326000,31.75,67.14,1004.30,32.38,63.52,1003.89,0,0,MANUAL,1,1,1,
2026-09-28 15:35:42,water-check,3327000,31.74,67.19,1004.24,32.39,63.63,1003.87,0,0,MANUAL,1,1,1,
2026-09-28 15:35:43,water-check,3328000,31.74,67.77,1004.25,32.39,63.65,1003.90,0,0,MANUAL,1,1,1,
2026-09-28 15:35:45,water-check,3329000,31.74,66.85,1004.28,32.39,63.56,1003.82,0,0,MANUAL,1,1,1,
2026-09-28 15:35:45,water-check,3330000,31.75,66.81,1004.30,32.38,63.57,1003.84,0,0,MANUAL,1,1,1,
2026-09-28 15:35:46,water-check,3331000,31.75,66.84,1004.18,32.38,63.65,1003.89,0,0,MANUAL,1,1,1,
2026-09-28 15:35:47,water-check,3332000,31.76,67.38,1004.26,32.37,63.63,1003.88,0,0,MANUAL,1,1,1,
2026-09-28 15:35:48,water-check,3333000,31.75,67.00,1004.27,32.38,63.59,1003.89,0,0,MANUAL,1,1,1,
2026-09-28 15:35:49,water-check,3334000,31.75,66.60,1004.21,32.38,63.79,1003.86,0,0,MANUAL,1,1,1,
2026-09-28 15:35:50,water-check,3335000,31.75,66.73,1004.26,32.38,63.75,1003.86,0,0,MANUAL,1,1,1,
2026-09-28 15:35:51,water-check,3336000,31.75,66.84,1004.24,32.38,63.90,1003.84,0,0,MANUAL,1,1,1,
2026-09-28 15:35:52,water-check,3337000,31.75,66.77,1004.26,32.38,63.96,1003.84,0,0,MANUAL,1,1,1,
2026-09-28 15:35:53,water-check,3338000,31.77,66.68,1004.27,32.38,63.62,1003.95,0,0,MANUAL,1,1,1,
2026-09-28 15:35:54,water-check,3339000,31.76,67.34,1004.31,32.37,63.48,1003.90,0,0,MANUAL,1,1,1,
2026-09-28 15:35:55,water-check,3340000,31.76,66.78,1004.28,32.37,63.73,1003.85,0,0,MANUAL,1,1,1,
2026-09-28 15:35:56,water-check,3341000,31.76,67.15,1004.25,32.38,63.55,1003.88,0,0,MANUAL,1,1,1,
2026-09-28 15:35:58,water-check,3342000,31.75,66.94,1004.24,32.37,63.96,1003.87,0,0,MANUAL,1,1,1,
2026-09-28 15:35:58,water-check,3343000,31.76,67.70,1004.28,32.37,63.88,1003.90,0,0,MANUAL,1,1,1,
2026-09-28 15:35:58,water-check,,,,,,,,,,,,,,mode OFF
2026-09-28 15:35:58,water-check,,,,,,,,,,,,,,MARK  water check failed: no fog
2026-09-28 15:35:59,water-check,3344000,31.77,67.09,1004.29,32.38,63.83,1003.89,0,0,OFF,1,1,1,
2026-09-28 15:36:00,water-check,3345000,31.77,66.86,1004.30,32.38,63.78,1003.92,0,0,OFF,1,1,1,
2026-09-28 15:36:01,water-check,3346000,31.76,66.61,1004.28,32.38,63.56,1003.86,0,0,OFF,1,1,1,
2026-09-28 15:36:02,water-check,3347000,31.77,66.89,1004.24,32.38,63.83,1003.86,0,0,OFF,1,1,1,
2026-09-28 15:36:03,water-check,3348000,31.77,66.65,1004.27,32.38,63.41,1003.88,0,0,OFF,1,1,1,
2026-09-28 15:36:04,water-check,3349000,31.77,66.39,1004.29,32.38,63.49,1003.89,0,0,OFF,1,1,1,
2026-09-28 15:36:05,water-check,3350000,31.77,66.19,1004.29,32.38,63.50,1003.86,0,0,OFF,1,1,1,
2026-09-28 15:36:06,water-check,3351000,31.77,66.17,1004.24,32.37,63.57,1003.84,0,0,OFF,1,1,1,
2026-09-28 15:36:07,water-check,3352000,31.77,66.21,1004.27,32.38,63.41,1003.94,0,0,OFF,1,1,1,
2026-09-28 15:36:08,water-check,3353000,31.77,67.00,1004.27,32.38,63.86,1003.88,0,0,OFF,1,1,1,
2026-09-28 15:36:09,water-check,3354000,31.77,66.91,1004.30,32.38,63.45,1003.94,0,0,OFF,1,1,1,
2026-09-28 15:36:10,water-check,3355000,31.78,67.25,1004.31,32.38,63.50,1003.88,0,0,OFF,1,1,1,
2026-09-28 15:36:11,water-check,3356000,31.77,68.61,1004.22,32.38,63.52,1003.89,0,0,OFF,1,1,1,
2026-09-28 15:36:13,water-check,3357000,31.78,68.04,1004.31,32.39,63.44,1003.87,0,0,OFF,1,1,1,
2026-09-28 15:36:13,water-check,3358000,31.77,66.90,1004.24,32.38,63.48,1003.95,0,0,OFF,1,1,1,
2026-09-28 15:36:14,water-check,3359000,31.78,67.14,1004.31,32.39,63.48,1003.90,0,0,OFF,1,1,1,
2026-09-28 15:36:15,water-check,3360000,31.77,66.44,1004.30,32.39,63.41,1003.87,0,0,OFF,1,1,1,
2026-09-28 15:36:16,water-check,3361000,31.78,66.58,1004.26,32.37,63.41,1003.87,0,0,OFF,1,1,1,
2026-09-28 15:36:17,water-check,3362000,31.78,66.26,1004.31,32.37,63.41,1003.90,0,0,OFF,1,1,1,
2026-09-28 15:36:18,water-check,3363000,31.78,66.16,1004.32,32.38,63.46,1003.94,0,0,OFF,1,1,1,
2026-09-28 15:36:20,water-check,3364000,31.78,66.18,1004.22,32.38,63.41,1003.86,0,0,OFF,1,1,1,
2026-09-28 15:36:20,water-check,3365000,31.78,66.43,1004.29,32.39,63.37,1003.87,0,0,OFF,1,1,1,
2026-09-28 15:36:21,water-check,3366000,31.78,66.37,1004.29,32.38,63.65,1003.95,0,0,OFF,1,1,1,
2026-09-28 15:36:22,water-check,3367000,31.79,68.03,1004.27,32.38,63.41,1003.88,0,0,OFF,1,1,1,
2026-09-28 15:36:23,water-check,3368000,31.78,66.96,1004.26,32.38,63.40,1003.92,0,0,OFF,1,1,1,
2026-09-28 15:36:24,water-check,3369000,31.79,67.60,1004.30,32.38,63.38,1003.92,0,0,OFF,1,1,1,
2026-09-28 15:36:26,water-check,3370000,31.78,66.61,1004.25,32.38,63.52,1003.84,0,0,OFF,1,1,1,
2026-09-28 15:36:26,water-check,3371000,31.79,66.31,1004.30,32.39,63.61,1003.94,0,0,OFF,1,1,1,
2026-09-28 15:36:27,water-check,3372000,31.78,66.66,1004.26,32.38,63.39,1003.84,0,0,OFF,1,1,1,
2026-09-28 15:36:28,water-check,3373000,31.78,66.34,1004.26,32.38,63.45,1003.89,0,0,OFF,1,1,1,
2026-09-28 15:36:29,water-check,3374000,31.78,66.81,1004.29,32.38,63.39,1003.92,0,0,OFF,1,1,1,
2026-09-28 15:36:30,water-check,3375000,31.78,66.37,1004.23,32.38,63.52,1003.89,0,0,OFF,1,1,1,
2026-09-28 15:36:31,water-check,3376000,31.79,66.07,1004.27,32.40,63.42,1003.92,0,0,OFF,1,1,1,
2026-09-28 15:36:32,water-check,3377000,31.79,66.79,1004.31,32.39,63.39,1003.82,0,0,OFF,1,1,1,
2026-09-28 15:36:33,water-check,3378000,31.79,66.31,1004.25,32.39,63.37,1003.90,0,0,OFF,1,1,1,
2026-09-28 15:36:34,water-check,3379000,31.79,66.25,1004.31,32.39,63.58,1003.93,0,0,OFF,1,1,1,
2026-09-28 15:36:36,water-check,3380000,31.80,66.24,1004.29,32.39,63.68,1003.94,0,0,OFF,1,1,1,
2026-09-28 15:36:36,water-check,3381000,31.79,66.40,1004.28,32.38,63.79,1003.89,0,0,OFF,1,1,1,
2026-09-28 15:36:37,water-check,3382000,31.79,66.68,1004.31,32.39,63.48,1003.87,0,0,OFF,1,1,1,
2026-09-28 15:36:38,water-check,3383000,31.79,66.37,1004.21,32.38,63.39,1003.92,0,0,OFF,1,1,1,
2026-09-28 15:36:39,water-check,3384000,31.79,65.89,1004.33,32.39,63.46,1003.87,0,0,OFF,1,1,1,
2026-09-28 15:36:40,water-check,3385000,31.80,66.43,1004.34,32.39,63.72,1003.85,0,0,OFF,1,1,1,
2026-09-28 15:36:41,water-check,3386000,31.80,67.35,1004.29,32.39,63.50,1003.90,0,0,OFF,1,1,1,
2026-09-28 15:36:42,water-check,3387000,31.80,67.83,1004.29,32.39,63.68,1003.88,0,0,OFF,1,1,1,
2026-09-28 15:36:43,water-check,3388000,31.79,66.90,1004.22,32.38,63.66,1003.83,0,0,OFF,1,1,1,
2026-09-28 15:36:44,water-check,3389000,31.80,66.50,1004.29,32.39,63.88,1003.93,0,0,OFF,1,1,1,
2026-09-28 15:36:45,water-check,3390000,31.79,66.17,1004.31,32.39,63.62,1003.84,0,0,OFF,1,1,1,
2026-09-28 15:36:46,water-check,3391000,31.80,66.03,1004.27,32.40,63.72,1003.86,0,0,OFF,1,1,1,
2026-09-28 15:36:47,water-check,3392000,31.79,66.08,1004.25,32.40,63.35,1003.92,0,0,OFF,1,1,1,
2026-09-28 15:36:49,water-check,3393000,31.80,66.20,1004.29,32.39,63.37,1003.87,0,0,OFF,1,1,1,
2026-09-28 15:36:49,water-check,3394000,31.80,66.22,1004.27,32.39,63.48,1003.87,0,0,OFF,1,1,1,
2026-09-28 15:36:50,water-check,3395000,31.80,66.39,1004.23,32.39,63.55,1003.82,0,0,OFF,1,1,1,
2026-09-28 15:36:51,water-check,3396000,31.79,66.04,1004.33,32.39,63.82,1003.88,0,0,OFF,1,1,1,
2026-09-28 15:36:52,water-check,3397000,31.80,66.03,1004.27,32.40,63.76,1003.92,0,0,OFF,1,1,1,
2026-09-28 15:36:53,water-check,3398000,31.80,65.79,1004.32,32.38,63.55,1003.86,0,0,OFF,1,1,1,
2026-09-28 15:36:54,water-check,3399000,31.80,65.83,1004.29,32.39,63.50,1003.87,0,0,OFF,1,1,1,
2026-09-28 15:36:56,water-check,3400000,31.79,65.87,1004.33,32.38,63.73,1003.89,0,0,OFF,1,1,1,
2026-09-28 15:36:56,water-check,3401000,31.80,66.72,1004.23,32.39,63.75,1003.87,0,0,OFF,1,1,1,
2026-09-28 15:36:57,water-check,3402000,31.80,65.99,1004.26,32.38,63.53,1003.84,0,0,OFF,1,1,1,
2026-09-28 15:36:58,water-check,3403000,31.79,66.89,1004.25,32.38,63.76,1003.89,0,0,OFF,1,1,1,
2026-09-28 15:36:59,water-check,3404000,31.80,66.31,1004.23,32.38,63.67,1003.97,0,0,OFF,1,1,1,
2026-09-28 15:37:00,water-check,3405000,31.80,66.60,1004.29,32.38,63.95,1003.89,0,0,OFF,1,1,1,
2026-09-28 15:37:01,water-check,3406000,31.80,67.54,1004.27,32.39,63.47,1003.90,0,0,OFF,1,1,1,
2026-09-28 15:37:02,water-check,3407000,31.80,66.47,1004.27,32.40,63.54,1003.86,0,0,OFF,1,1,1,
2026-09-28 15:37:03,water-check,3408000,31.80,66.31,1004.31,32.38,63.78,1003.89,0,0,OFF,1,1,1,
2026-09-28 15:37:04,water-check,3409000,31.82,66.11,1004.32,32.39,63.73,1003.88,0,0,OFF,1,1,1,
2026-09-28 15:37:05,water-check,3410000,31.80,66.01,1004.27,32.40,63.41,1003.81,0,0,OFF,1,1,1,
2026-09-28 15:37:06,water-check,3411000,31.81,65.91,1004.24,32.39,63.63,1003.91,0,0,OFF,1,1,1,
2026-09-28 15:37:07,water-check,3412000,31.81,65.98,1004.30,32.39,63.93,1003.88,0,0,OFF,1,1,1,
2026-09-28 15:37:08,water-check,3413000,31.81,65.99,1004.28,32.39,63.89,1003.87,0,0,OFF,1,1,1,
2026-09-28 15:37:10,water-check,3414000,31.82,66.53,1004.26,32.39,63.69,1003.91,0,0,OFF,1,1,1,
2026-09-28 15:37:10,water-check,3415000,31.81,67.02,1004.31,32.39,63.40,1003.88,0,0,OFF,1,1,1,
2026-09-28 15:37:11,water-check,3416000,31.81,66.45,1004.30,32.39,63.39,1003.91,0,0,OFF,1,1,1,
2026-09-28 15:37:12,water-check,3417000,31.82,66.01,1004.30,32.39,63.62,1003.88,0,0,OFF,1,1,1,
2026-09-28 15:37:13,water-check,3418000,31.81,66.00,1004.34,32.40,63.65,1003.86,0,0,OFF,1,1,1,
2026-09-28 15:37:14,water-check,3419000,31.81,66.44,1004.31,32.40,63.92,1003.92,0,0,OFF,1,1,1,
2026-09-28 15:37:15,water-check,3420000,31.81,67.15,1004.33,32.40,63.51,1003.94,0,0,OFF,1,1,1,
2026-09-28 15:37:17,water-check,3421000,31.81,66.55,1004.24,32.39,63.54,1003.87,0,0,OFF,1,1,1,
2026-09-28 15:37:17,water-check,3422000,31.81,67.03,1004.27,32.39,63.89,1003.88,0,0,OFF,1,1,1,
2026-09-28 15:37:18,water-check,3423000,31.80,66.72,1004.24,32.39,63.93,1003.91,0,0,OFF,1,1,1,
2026-09-28 15:37:19,water-check,3424000,31.80,66.02,1004.29,32.39,63.60,1003.84,0,0,OFF,1,1,1,
2026-09-28 15:37:20,water-check,3425000,31.81,66.19,1004.31,32.39,63.80,1003.87,0,0,OFF,1,1,1,
2026-09-28 15:37:21,water-check,3426000,31.80,66.43,1004.24,32.38,63.87,1003.89,0,0,OFF,1,1,1,
2026-09-28 15:37:22,water-check,3427000,31.81,67.03,1004.28,32.38,63.91,1003.86,0,0,OFF,1,1,1,
2026-09-28 15:37:23,water-check,3428000,31.80,66.58,1004.27,32.39,63.67,1003.88,0,0,OFF,1,1,1,
2026-09-28 15:37:24,water-check,3429000,31.81,66.05,1004.30,32.39,63.48,1003.90,0,0,OFF,1,1,1,
2026-09-28 15:37:25,water-check,3430000,31.81,65.98,1004.27,32.38,63.52,1003.89,0,0,OFF,1,1,1,
2026-09-28 15:37:26,water-check,3431000,31.81,66.12,1004.27,32.38,63.70,1003.84,0,0,OFF,1,1,1,
2026-09-28 15:37:27,water-check,3432000,31.80,66.15,1004.27,32.39,63.67,1003.90,0,0,OFF,1,1,1,
2026-09-28 15:37:28,water-check,3433000,31.80,66.01,1004.27,32.40,63.72,1003.86,0,0,OFF,1,1,1,
2026-09-28 15:37:30,water-check,3434000,31.81,65.69,1004.27,32.38,63.64,1003.95,0,0,OFF,1,1,1,
2026-09-28 15:37:30,water-check,3435000,31.80,66.20,1004.21,32.38,63.67,1003.89,0,0,OFF,1,1,1,
2026-09-28 15:37:31,water-check,3436000,31.81,66.73,1004.31,32.39,63.80,1003.90,0,0,OFF,1,1,1,
2026-09-28 15:37:32,water-check,3437000,31.81,66.66,1004.24,32.39,63.80,1003.93,0,0,OFF,1,1,1,
2026-09-28 15:37:33,water-check,3438000,31.81,66.36,1004.30,32.39,63.34,1003.94,0,0,OFF,1,1,1,
2026-09-28 15:37:34,water-check,3439000,31.81,66.34,1004.30,32.39,63.38,1003.91,0,0,OFF,1,1,1,
2026-09-28 15:37:35,water-check,3440000,31.82,67.08,1004.27,32.38,63.73,1003.89,0,0,OFF,1,1,1,
2026-09-28 15:37:37,water-check,3441000,31.81,66.78,1004.27,32.39,63.61,1003.91,0,0,OFF,1,1,1,
2026-09-28 15:37:37,water-check,3442000,31.81,66.71,1004.24,32.39,63.48,1003.88,0,0,OFF,1,1,1,
2026-09-28 15:37:38,water-check,3443000,31.81,66.18,1004.31,32.38,63.42,1003.89,0,0,OFF,1,1,1,
2026-09-28 15:37:39,water-check,3444000,31.81,65.91,1004.31,32.38,63.49,1003.89,0,0,OFF,1,1,1,
2026-09-28 15:37:40,water-check,3445000,31.81,66.01,1004.31,32.39,63.73,1003.85,0,0,OFF,1,1,1,
2026-09-28 15:37:41,water-check,3446000,31.80,66.26,1004.29,32.39,63.81,1003.90,0,0,OFF,1,1,1,
2026-09-28 15:37:42,water-check,3447000,31.81,66.40,1004.28,32.39,63.60,1003.87,0,0,OFF,1,1,1,
2026-09-28 15:37:43,water-check,3448000,31.80,66.07,1004.29,32.39,63.82,1003.94,0,0,OFF,1,1,1,
2026-09-28 15:37:45,water-check,3449000,31.81,65.77,1004.31,32.39,63.64,1003.90,0,0,OFF,1,1,1,
2026-09-28 15:37:45,water-check,3450000,31.81,66.18,1004.28,32.38,63.76,1003.86,0,0,OFF,1,1,1,
2026-09-28 15:37:46,water-check,3451000,31.80,65.89,1004.29,32.38,63.39,1003.92,0,0,OFF,1,1,1,
2026-09-28 15:37:47,water-check,3452000,31.81,65.80,1004.27,32.38,63.53,1003.89,0,0,OFF,1,1,1,
2026-09-28 15:37:48,water-check,3453000,31.82,66.07,1004.32,32.38,63.40,1003.84,0,0,OFF,1,1,1,
2026-09-28 15:37:49,water-check,3454000,31.82,65.87,1004.32,32.39,63.33,1003.91,0,0,OFF,1,1,1,
2026-09-28 15:37:50,water-check,3455000,31.80,65.86,1004.27,32.39,63.52,1003.85,0,0,OFF,1,1,1,
2026-09-28 15:37:51,water-check,3456000,31.80,66.10,1004.27,32.39,63.28,1003.88,0,0,OFF,1,1,1,
2026-09-28 15:37:52,water-check,3457000,31.81,66.10,1004.30,32.39,63.29,1003.90,0,0,OFF,1,1,1,
2026-09-28 15:37:53,water-check,3458000,31.81,66.63,1004.31,32.38,63.49,1003.89,0,0,OFF,1,1,1,
2026-09-28 15:37:54,water-check,3459000,31.81,67.69,1004.31,32.38,63.33,1003.95,0,0,OFF,1,1,1,
2026-09-28 15:37:55,water-check,3460000,31.81,67.28,1004.24,32.37,63.41,1003.85,0,0,OFF,1,1,1,
2026-09-28 15:37:56,water-check,3461000,31.81,66.97,1004.31,32.38,63.49,1003.89,0,0,OFF,1,1,1,
2026-09-28 15:37:57,water-check,3462000,31.81,66.43,1004.34,32.39,63.31,1003.91,0,0,OFF,1,1,1,
2026-09-28 15:37:58,water-check,3463000,31.81,66.16,1004.28,32.38,63.44,1003.89,0,0,OFF,1,1,1,
2026-09-28 15:37:59,water-check,3464000,31.81,66.34,1004.34,32.38,63.45,1003.88,0,0,OFF,1,1,1,
2026-09-28 15:38:00,water-check,3465000,31.81,66.20,1004.27,32.38,63.81,1003.95,0,0,OFF,1,1,1,
2026-09-28 15:38:01,water-check,3466000,31.80,66.35,1004.35,32.38,63.48,1003.89,0,0,OFF,1,1,1,
2026-09-28 15:38:02,water-check,3467000,31.81,66.39,1004.34,32.37,63.44,1003.90,0,0,OFF,1,1,1,
2026-09-28 15:38:03,water-check,3468000,31.80,66.67,1004.24,32.39,63.50,1003.93,0,0,OFF,1,1,1,
2026-09-28 15:38:05,water-check,3469000,31.81,66.23,1004.33,32.38,63.47,1003.86,0,0,OFF,1,1,1,
2026-09-28 15:38:05,water-check,3470000,31.81,66.31,1004.30,32.38,63.52,1003.89,0,0,OFF,1,1,1,
2026-09-28 15:38:06,water-check,3471000,31.81,66.50,1004.30,32.38,63.52,1003.89,0,0,OFF,1,1,1,
2026-09-28 15:38:07,water-check,3472000,31.81,66.78,1004.37,32.38,63.38,1003.92,0,0,OFF,1,1,1,
2026-09-28 15:38:08,water-check,3473000,31.80,66.51,1004.32,32.38,63.65,1003.89,0,0,OFF,1,1,1,
2026-09-28 15:38:09,water-check,3474000,31.81,66.92,1004.24,32.38,63.36,1003.97,0,0,OFF,1,1,1,
2026-09-28 15:38:10,water-check,3475000,31.80,66.90,1004.32,32.38,63.42,1003.88,0,0,OFF,1,1,1,
2026-09-28 15:38:11,water-check,3476000,31.81,67.12,1004.31,32.38,63.45,1003.86,0,0,OFF,1,1,1,
2026-09-28 15:38:12,water-check,3477000,31.81,67.67,1004.28,32.37,63.47,1003.90,0,0,OFF,1,1,1,
2026-09-28 15:38:13,water-check,3478000,31.81,67.68,1004.30,32.38,63.74,1003.89,0,0,OFF,1,1,1,
2026-09-28 15:38:14,water-check,3479000,31.81,67.94,1004.34,32.38,63.58,1003.88,0,0,OFF,1,1,1,
2026-09-28 15:38:15,water-check,3480000,31.81,68.02,1004.31,32.38,63.63,1003.94,0,0,OFF,1,1,1,
2026-09-28 15:38:16,water-check,3481000,31.80,67.97,1004.29,32.37,63.81,1003.93,0,0,OFF,1,1,1,
2026-09-28 15:38:17,water-check,3482000,31.81,67.91,1004.31,32.37,64.03,1003.90,0,0,OFF,1,1,1,
2026-09-28 15:38:18,water-check,3483000,31.81,68.18,1004.27,32.37,63.50,1003.87,0,0,OFF,1,1,1,
2026-09-28 15:38:19,water-check,3484000,31.81,68.36,1004.30,32.37,63.40,1003.90,0,0,OFF,1,1,1,
2026-09-28 15:38:20,water-check,3485000,31.81,69.10,1004.31,32.38,63.49,1003.91,0,0,OFF,1,1,1,
2026-09-28 15:38:21,water-check,3486000,31.81,68.91,1004.31,32.38,63.49,1003.86,0,0,OFF,1,1,1,
2026-09-28 15:38:22,water-check,3487000,31.82,69.41,1004.35,32.37,63.55,1003.90,0,0,OFF,1,1,1,
2026-09-28 15:38:23,water-check,3488000,31.81,68.92,1004.27,32.36,63.54,1003.89,0,0,OFF,1,1,1,
2026-09-28 15:38:24,water-check,3489000,31.81,69.05,1004.31,32.37,63.68,1003.87,0,0,OFF,1,1,1,
2026-09-28 15:38:26,water-check,3490000,31.81,68.89,1004.31,32.36,63.54,1003.86,0,0,OFF,1,1,1,
2026-09-28 15:38:26,water-check,3491000,31.81,69.32,1004.34,32.37,63.90,1003.93,0,0,OFF,1,1,1,
2026-09-28 15:38:27,water-check,3492000,31.81,69.01,1004.31,32.37,63.79,1003.90,0,0,OFF,1,1,1,
2026-09-28 15:38:28,water-check,3493000,31.81,69.41,1004.28,32.37,63.97,1003.96,0,0,OFF,1,1,1,
2026-09-28 15:38:29,water-check,3494000,31.82,69.44,1004.32,32.38,63.80,1003.92,0,0,OFF,1,1,1,
2026-09-28 15:38:30,water-check,3495000,31.83,69.52,1004.31,32.38,63.53,1003.89,0,0,OFF,1,1,1,
2026-09-28 15:38:31,water-check,3496000,31.82,69.60,1004.30,32.37,63.57,1003.93,0,0,OFF,1,1,1,
2026-09-28 15:38:33,water-check,3497000,31.84,70.01,1004.41,32.39,63.89,1003.91,0,0,OFF,1,1,1,
2026-09-28 15:38:33,water-check,3498000,31.83,70.45,1004.31,32.38,63.87,1003.92,0,0,OFF,1,1,1,
2026-09-28 15:38:34,water-check,3499000,31.83,70.61,1004.36,32.38,63.72,1003.89,0,0,OFF,1,1,1,
2026-09-28 15:38:35,water-check,3500000,31.82,70.30,1004.27,32.38,63.54,1003.89,0,0,OFF,1,1,1,
2026-09-28 15:38:36,water-check,3501000,31.82,70.50,1004.27,32.39,63.52,1003.91,0,0,OFF,1,1,1,
2026-09-28 15:38:37,water-check,3502000,31.83,70.74,1004.34,32.40,63.42,1003.86,0,0,OFF,1,1,1,
2026-09-28 15:38:38,water-check,3503000,31.83,71.07,1004.33,32.40,63.64,1003.87,0,0,OFF,1,1,1,
2026-09-28 15:38:39,water-check,3504000,31.83,70.71,1004.33,32.40,63.46,1003.86,0,0,OFF,1,1,1,
2026-09-28 15:38:40,water-check,3505000,31.84,71.32,1004.36,32.40,63.55,1003.95,0,0,OFF,1,1,1,
2026-09-28 15:38:41,water-check,3506000,31.83,71.19,1004.31,32.40,63.44,1003.87,0,0,OFF,1,1,1,
2026-09-28 15:38:42,water-check,3507000,31.84,70.17,1004.35,32.42,63.57,1003.97,0,0,OFF,1,1,1,
2026-09-28 15:38:43,water-check,3508000,31.83,69.74,1004.34,32.42,63.66,1003.91,0,0,OFF,1,1,1,
2026-09-28 15:38:44,water-check,3509000,31.83,69.58,1004.34,32.42,63.36,1003.95,0,0,OFF,1,1,1,
2026-09-28 15:38:46,water-check,3510000,31.83,68.99,1004.34,32.42,63.42,1003.91,0,0,OFF,1,1,1,
2026-09-28 15:38:46,water-check,3511000,31.83,68.36,1004.29,32.42,63.36,1003.88,0,0,OFF,1,1,1,
2026-09-28 15:38:47,water-check,3512000,31.84,68.74,1004.33,32.42,63.69,1003.88,0,0,OFF,1,1,1,
2026-09-28 15:38:48,water-check,3513000,31.84,69.85,1004.29,32.42,63.82,1003.92,0,0,OFF,1,1,1,
2026-09-28 15:38:49,water-check,3514000,31.84,70.63,1004.30,32.42,63.45,1003.95,0,0,OFF,1,1,1,
2026-09-28 15:38:50,water-check,3515000,31.84,71.04,1004.35,32.43,63.66,1003.93,0,0,OFF,1,1,1,
2026-09-28 15:38:51,water-check,3516000,31.84,70.15,1004.41,32.43,63.43,1003.84,0,0,OFF,1,1,1,
2026-09-28 15:38:52,water-check,3517000,31.84,70.59,1004.35,32.42,63.67,1003.86,0,0,OFF,1,1,1,
2026-09-28 15:38:53,water-check,3518000,31.84,70.68,1004.36,32.43,63.75,1003.90,0,0,OFF,1,1,1,
2026-09-28 15:38:54,water-check,3519000,31.85,71.19,1004.37,32.43,63.71,1003.90,0,0,OFF,1,1,1,
2026-09-28 15:38:55,water-check,3520000,31.85,71.11,1004.37,32.43,63.67,1003.90,0,0,OFF,1,1,1,
2026-09-28 15:38:56,water-check,3521000,31.85,71.10,1004.34,32.42,63.86,1003.94,0,0,OFF,1,1,1,
2026-09-28 15:38:57,water-check,3522000,31.86,71.29,1004.44,32.43,63.50,1003.90,0,0,OFF,1,1,1,
2026-09-28 15:38:58,water-check,3523000,31.86,71.73,1004.35,32.43,63.74,1003.90,0,0,OFF,1,1,1,
2026-09-28 15:38:59,water-check,3524000,31.85,71.75,1004.29,32.43,63.42,1003.96,0,0,OFF,1,1,1,
2026-09-28 15:39:00,water-check,3525000,31.85,71.75,1004.22,32.43,63.43,1003.87,0,0,OFF,1,1,1,
2026-09-28 15:39:01,water-check,3526000,31.86,71.65,1004.33,32.43,63.39,1003.96,0,0,OFF,1,1,1,
2026-09-28 15:39:02,water-check,3527000,31.87,72.04,1004.34,32.43,63.51,1003.94,0,0,OFF,1,1,1,
2026-09-28 15:39:03,water-check,3528000,31.86,72.39,1004.33,32.44,63.51,1003.90,0,0,OFF,1,1,1,
2026-09-28 15:39:04,water-check,3529000,31.86,72.70,1004.31,32.43,63.36,1003.90,0,0,OFF,1,1,1,
2026-09-28 15:39:05,water-check,3530000,31.86,72.70,1004.33,32.44,63.50,1003.89,0,0,OFF,1,1,1,
2026-09-28 15:39:06,water-check,3531000,31.87,72.60,1004.31,32.43,63.52,1003.91,0,0,OFF,1,1,1,
2026-09-28 15:39:07,water-check,3532000,31.87,72.78,1004.37,32.43,63.41,1003.90,0,0,OFF,1,1,1,
2026-09-28 15:39:08,water-check,3533000,31.87,73.01,1004.28,32.43,63.71,1003.90,0,0,OFF,1,1,1,
2026-09-28 15:39:09,water-check,3534000,31.86,73.23,1004.36,32.42,63.49,1003.86,0,0,OFF,1,1,1,
2026-09-28 15:39:10,water-check,3535000,31.87,73.32,1004.29,32.42,63.44,1003.89,0,0,OFF,1,1,1,
2026-09-28 15:39:11,water-check,3536000,31.87,72.92,1004.34,32.43,63.36,1003.96,0,0,OFF,1,1,1,
2026-09-28 15:39:12,water-check,3537000,31.87,73.03,1004.29,32.43,63.46,1003.90,0,0,OFF,1,1,1,
2026-09-28 15:39:14,water-check,3538000,31.88,73.54,1004.36,32.42,63.43,1003.92,0,0,OFF,1,1,1,
2026-09-28 15:39:14,water-check,3539000,31.88,73.61,1004.30,32.43,63.50,1003.96,0,0,OFF,1,1,1,
2026-09-28 15:39:15,water-check,3540000,31.87,73.54,1004.35,32.43,63.57,1003.90,0,0,OFF,1,1,1,
2026-09-28 15:39:16,water-check,3541000,31.87,73.35,1004.34,32.43,63.54,1003.88,0,0,OFF,1,1,1,
2026-09-28 15:39:17,water-check,3542000,31.87,73.57,1004.32,32.42,63.51,1003.89,0,0,OFF,1,1,1,
2026-09-28 15:39:18,water-check,3543000,31.89,73.69,1004.26,32.42,63.56,1003.95,0,0,OFF,1,1,1,
2026-09-28 15:39:19,water-check,3544000,31.87,73.68,1004.26,32.44,63.50,1003.92,0,0,OFF,1,1,1,
2026-09-28 15:39:20,water-check,3545000,31.88,73.80,1004.37,32.43,63.53,1003.90,0,0,OFF,1,1,1,
2026-09-28 15:39:21,water-check,3546000,31.89,73.71,1004.33,32.43,63.58,1003.99,0,0,OFF,1,1,1,
2026-09-28 15:39:22,water-check,3547000,31.89,73.93,1004.37,32.43,63.57,1003.96,0,0,OFF,1,1,1,
2026-09-28 15:39:23,water-check,3548000,31.88,73.79,1004.34,32.43,63.48,1003.96,0,0,OFF,1,1,1,
2026-09-28 15:39:24,water-check,3549000,31.90,73.91,1004.36,32.43,63.52,1003.93,0,0,OFF,1,1,1,
2026-09-28 15:39:25,water-check,3550000,31.88,73.85,1004.31,32.42,63.61,1003.86,0,0,OFF,1,1,1,
2026-09-28 15:39:26,water-check,3551000,31.89,73.29,1004.35,32.42,63.58,1003.94,0,0,OFF,1,1,1,
2026-09-28 15:39:27,water-check,3552000,31.89,73.69,1004.35,32.42,63.46,1003.97,0,0,OFF,1,1,1,
2026-09-28 15:39:28,water-check,3553000,31.89,73.81,1004.35,32.42,63.47,1003.86,0,0,OFF,1,1,1,
2026-09-28 15:39:29,water-check,3554000,31.89,73.83,1004.35,32.41,63.52,1003.90,0,0,OFF,1,1,1,
2026-09-28 15:39:30,water-check,3555000,31.89,73.89,1004.27,32.42,63.59,1003.88,0,0,OFF,1,1,1,
2026-09-28 15:39:31,water-check,3556000,31.89,73.58,1004.35,32.41,63.53,1003.90,0,0,OFF,1,1,1,
2026-09-28 15:39:32,water-check,3557000,31.89,73.86,1004.33,32.40,63.53,1003.95,0,0,OFF,1,1,1,
2026-09-28 15:39:34,water-check,3558000,31.89,73.41,1004.38,32.40,63.84,1003.84,0,0,OFF,1,1,1,
2026-09-28 15:39:34,water-check,3559000,31.89,73.82,1004.33,32.41,63.95,1003.93,0,0,OFF,1,1,1,
2026-09-28 15:39:35,water-check,3560000,31.89,74.04,1004.35,32.40,63.47,1003.87,0,0,OFF,1,1,1,
2026-09-28 15:39:36,water-check,3561000,31.90,74.44,1004.34,32.41,63.46,1003.93,0,0,OFF,1,1,1,
2026-09-28 15:39:37,water-check,3562000,31.90,74.55,1004.40,32.42,63.53,1003.97,0,0,OFF,1,1,1,
2026-09-28 15:39:38,water-check,3563000,31.89,74.56,1004.41,32.40,63.49,1003.90,0,0,OFF,1,1,1,
2026-09-28 15:39:39,water-check,3564000,31.89,74.72,1004.30,32.40,63.64,1003.92,0,0,OFF,1,1,1,
2026-09-28 15:39:40,water-check,3565000,31.90,74.65,1004.37,32.40,63.51,1003.95,0,0,OFF,1,1,1,
2026-09-28 15:39:42,water-check,3566000,31.90,74.54,1004.31,32.39,63.52,1003.91,0,0,OFF,1,1,1,
2026-09-28 15:39:42,water-check,3567000,31.90,74.84,1004.34,32.42,63.49,1003.94,0,0,OFF,1,1,1,
2026-09-28 15:39:43,water-check,3568000,31.91,75.04,1004.35,32.39,63.55,1003.91,0,0,OFF,1,1,1,
2026-09-28 15:39:44,water-check,3569000,31.91,74.96,1004.35,32.40,63.75,1003.90,0,0,OFF,1,1,1,
2026-09-28 15:39:45,water-check,3570000,31.90,74.91,1004.37,32.40,63.53,1003.92,0,0,OFF,1,1,1,
2026-09-28 15:39:46,water-check,3571000,31.91,74.79,1004.38,32.39,63.88,1003.91,0,0,OFF,1,1,1,
2026-09-28 15:39:47,water-check,3572000,31.90,74.75,1004.37,32.40,63.55,1003.95,0,0,OFF,1,1,1,
2026-09-28 15:39:48,water-check,3573000,31.90,74.77,1004.34,32.40,63.55,1003.92,0,0,OFF,1,1,1,
2026-09-28 15:39:49,water-check,3574000,31.90,74.50,1004.43,32.39,63.55,1003.93,0,0,OFF,1,1,1,
2026-09-28 15:39:50,water-check,3575000,31.90,73.82,1004.37,32.40,63.69,1003.92,0,0,OFF,1,1,1,
2026-09-28 15:39:51,water-check,3576000,31.91,74.03,1004.38,32.40,63.51,1003.92,0,0,OFF,1,1,1,
2026-09-28 15:39:52,water-check,3577000,31.91,74.49,1004.36,32.39,63.53,1003.85,0,0,OFF,1,1,1,
2026-09-28 15:39:53,water-check,3578000,31.91,74.74,1004.33,32.39,63.81,1003.93,0,0,OFF,1,1,1,
2026-09-28 15:39:55,water-check,3579000,31.90,73.45,1004.34,32.39,63.54,1003.91,0,0,OFF,1,1,1,
2026-09-28 15:39:55,water-check,3580000,31.90,73.71,1004.31,32.39,63.62,1003.87,0,0,OFF,1,1,1,
2026-09-28 15:39:56,water-check,3581000,31.92,74.22,1004.42,32.39,63.65,1003.96,0,0,OFF,1,1,1,
2026-09-28 15:39:57,water-check,3582000,31.91,74.51,1004.36,32.39,63.64,1003.96,0,0,OFF,1,1,1,
2026-09-28 15:39:58,water-check,3583000,31.91,74.48,1004.38,32.39,63.52,1003.91,0,0,OFF,1,1,1,
2026-09-28 15:39:59,water-check,3584000,31.91,74.57,1004.47,32.38,63.70,1003.86,0,0,OFF,1,1,1,
2026-09-28 15:40:00,water-check,3585000,31.91,74.59,1004.39,32.38,63.58,1003.95,0,0,OFF,1,1,1,
2026-09-28 15:40:02,water-check,3586000,31.91,74.38,1004.36,32.39,63.55,1003.90,0,0,OFF,1,1,1,
2026-09-28 15:40:02,water-check,3587000,31.91,74.57,1004.41,32.38,63.81,1003.94,0,0,OFF,1,1,1,
2026-09-28 15:40:03,water-check,3588000,31.91,74.94,1004.36,32.38,63.65,1003.95,0,0,OFF,1,1,1,
2026-09-28 15:40:04,water-check,3589000,31.91,75.23,1004.36,32.38,63.57,1003.97,0,0,OFF,1,1,1,
2026-09-28 15:40:05,water-check,3590000,31.92,75.13,1004.39,32.38,64.05,1003.95,0,0,OFF,1,1,1,
2026-09-28 15:40:06,water-check,3591000,31.92,74.99,1004.39,32.38,63.61,1003.95,0,0,OFF,1,1,1,
2026-09-28 15:40:07,water-check,3592000,31.91,75.02,1004.36,32.38,63.76,1003.94,0,0,OFF,1,1,1,
2026-09-28 15:40:08,water-check,3593000,31.90,75.24,1004.34,32.38,63.72,1003.94,0,0,OFF,1,1,1,
2026-09-28 15:40:09,water-check,3594000,31.92,75.31,1004.39,32.38,63.67,1003.84,0,0,OFF,1,1,1,
2026-09-28 15:40:10,water-check,3595000,31.91,75.03,1004.36,32.38,63.66,1003.89,0,0,OFF,1,1,1,
2026-09-28 15:40:11,water-check,3596000,31.91,75.08,1004.35,32.38,63.58,1003.95,0,0,OFF,1,1,1,
2026-09-28 15:40:12,water-check,3597000,31.92,74.99,1004.40,32.38,63.66,1003.91,0,0,OFF,1,1,1,
2026-09-28 15:40:13,water-check,3598000,31.91,74.76,1004.36,32.38,63.56,1003.89,0,0,OFF,1,1,1,
2026-09-28 15:40:15,water-check,3599000,31.91,74.53,1004.38,32.38,63.58,1003.88,0,0,OFF,1,1,1,
2026-09-28 15:40:15,water-check,3600000,31.92,74.76,1004.37,32.37,63.62,1003.92,0,0,OFF,1,1,1,
2026-09-28 15:40:16,water-check,3601000,31.91,74.93,1004.41,32.38,63.52,1003.97,0,0,OFF,1,1,1,
2026-09-28 15:40:17,water-check,3602000,31.92,75.16,1004.31,32.38,63.66,1003.94,0,0,OFF,1,1,1,
2026-09-28 15:40:18,water-check,3603000,31.92,75.20,1004.39,32.37,63.56,1003.99,0,0,OFF,1,1,1,
2026-09-28 15:40:19,water-check,3604000,31.91,75.31,1004.39,32.38,63.82,1003.95,0,0,OFF,1,1,1,
2026-09-28 15:40:20,water-check,3605000,31.91,75.37,1004.35,32.38,63.93,1003.97,0,0,OFF,1,1,1,
2026-09-28 15:40:21,water-check,3606000,31.92,74.50,1004.45,32.38,64.03,1003.92,0,0,OFF,1,1,1,
2026-09-28 15:40:23,water-check,3607000,31.92,74.45,1004.45,32.38,63.54,1003.95,0,0,OFF,1,1,1,
2026-09-28 15:40:23,water-check,3608000,31.92,74.70,1004.37,32.38,63.67,1003.94,0,0,OFF,1,1,1,
2026-09-28 15:40:24,water-check,3609000,31.91,74.42,1004.39,32.37,63.47,1003.93,0,0,OFF,1,1,1,
2026-09-28 15:40:25,water-check,3610000,31.91,74.66,1004.39,32.37,63.48,1003.96,0,0,OFF,1,1,1,
2026-09-28 15:40:26,water-check,3611000,31.91,74.34,1004.36,32.37,63.49,1003.93,0,0,OFF,1,1,1,
2026-09-28 15:40:27,water-check,3612000,31.91,74.53,1004.38,32.38,63.63,1003.94,0,0,OFF,1,1,1,
2026-09-28 15:40:28,water-check,3613000,31.91,74.48,1004.41,32.37,63.65,1003.96,0,0,OFF,1,1,1,
2026-09-28 15:40:29,water-check,3614000,31.91,74.06,1004.41,32.37,63.43,1003.98,0,0,OFF,1,1,1,
2026-09-28 15:40:30,water-check,3615000,31.92,74.74,1004.37,32.38,63.58,1003.97,0,0,OFF,1,1,1,
2026-09-28 15:40:31,water-check,3616000,31.92,74.82,1004.37,32.37,63.59,1003.96,0,0,OFF,1,1,1,
2026-09-28 15:40:32,water-check,3617000,31.91,74.59,1004.39,32.37,63.51,1003.95,0,0,OFF,1,1,1,
2026-09-28 15:40:33,water-check,3618000,31.91,75.22,1004.36,32.37,63.63,1003.99,0,0,OFF,1,1,1,
2026-09-28 15:40:34,water-check,3619000,31.92,75.54,1004.39,32.37,63.56,1003.99,0,0,OFF,1,1,1,
2026-09-28 15:40:36,water-check,3620000,31.91,75.27,1004.38,32.36,63.54,1003.94,0,0,OFF,1,1,1,
2026-09-28 15:40:36,water-check,3621000,31.91,75.58,1004.36,32.37,63.46,1003.98,0,0,OFF,1,1,1,
2026-09-28 15:40:37,water-check,3622000,31.91,75.78,1004.39,32.37,63.56,1004.01,0,0,OFF,1,1,1,
2026-09-28 15:40:38,water-check,3623000,31.91,75.68,1004.36,32.36,63.51,1003.94,0,0,OFF,1,1,1,
2026-09-28 15:40:39,water-check,3624000,31.91,75.07,1004.39,32.36,63.57,1003.92,0,0,OFF,1,1,1,
2026-09-28 15:40:40,water-check,3625000,31.91,74.47,1004.47,32.36,63.57,1003.92,0,0,OFF,1,1,1,
2026-09-28 15:40:41,water-check,3626000,31.91,74.05,1004.35,32.36,63.58,1003.94,0,0,OFF,1,1,1,
2026-09-28 15:40:43,water-check,3627000,31.91,73.81,1004.43,32.36,63.61,1003.96,0,0,OFF,1,1,1,
2026-09-28 15:40:43,water-check,3628000,31.90,73.81,1004.33,32.35,63.72,1004.01,0,0,OFF,1,1,1,
2026-09-28 15:40:44,water-check,3629000,31.91,74.37,1004.35,32.36,63.52,1003.92,0,0,OFF,1,1,1,
2026-09-28 15:40:45,water-check,3630000,31.91,74.21,1004.41,32.35,63.54,1003.93,0,0,OFF,1,1,1,
2026-09-28 15:40:46,water-check,3631000,31.90,74.25,1004.40,32.36,63.43,1003.91,0,0,OFF,1,1,1,
2026-09-28 15:40:47,water-check,3632000,31.91,74.57,1004.36,32.35,63.60,1003.95,0,0,OFF,1,1,1,
2026-09-28 15:40:48,water-check,3633000,31.91,74.68,1004.36,32.34,63.52,1003.91,0,0,OFF,1,1,1,
2026-09-28 15:40:49,water-check,3634000,31.91,74.24,1004.38,32.35,63.57,1003.95,0,0,OFF,1,1,1,
2026-09-28 15:40:50,water-check,3635000,31.91,74.58,1004.41,32.35,63.55,1004.01,0,0,OFF,1,1,1,
2026-09-28 15:40:51,water-check,3636000,31.91,74.65,1004.38,32.35,63.61,1003.95,0,0,OFF,1,1,1,
2026-09-28 15:40:52,water-check,3637000,31.90,74.57,1004.31,32.35,63.68,1003.89,0,0,OFF,1,1,1,
2026-09-28 15:40:53,water-check,3638000,31.91,75.07,1004.38,32.35,63.58,1003.98,0,0,OFF,1,1,1,
2026-09-28 15:40:54,water-check,3639000,31.91,75.31,1004.41,32.35,63.91,1003.95,0,0,OFF,1,1,1,
2026-09-28 15:40:56,water-check,3640000,31.90,75.44,1004.36,32.35,63.56,1003.84,0,0,OFF,1,1,1,
2026-09-28 15:40:56,water-check,3641000,31.91,75.51,1004.38,32.35,63.52,1003.90,0,0,OFF,1,1,1,
2026-09-28 15:40:57,water-check,3642000,31.91,75.35,1004.36,32.34,63.79,1003.91,0,0,OFF,1,1,1,
2026-09-28 15:40:58,water-check,3643000,31.91,74.79,1004.41,32.35,63.58,1003.97,0,0,OFF,1,1,1,
2026-09-28 15:40:59,water-check,3644000,31.91,75.31,1004.38,32.34,63.76,1003.88,0,0,OFF,1,1,1,
2026-09-28 15:41:00,water-check,3645000,31.92,75.42,1004.39,32.35,63.75,1003.92,0,0,OFF,1,1,1,
2026-09-28 15:41:01,water-check,3646000,31.91,75.79,1004.33,32.35,63.89,1003.95,0,0,OFF,1,1,1,
2026-09-28 15:41:02,water-check,3647000,31.91,75.76,1004.36,32.34,63.75,1003.91,0,0,OFF,1,1,1,
2026-09-28 15:41:03,water-check,,,,,,,,,,,,,,"S,mode=OFF,lo=75.0,hi=90.0,max=300,cool=180,man=60,use=A,period=1,in=ok,out=ok,tank=ok,mistA=0,mistB=0"
2026-09-28 15:41:03,water-check,,,,,,,,,,,,,,mode MANUAL
2026-09-28 15:41:04,water-check,3648000,31.91,75.82,1004.41,32.35,63.93,1003.90,0,0,MANUAL,1,1,1,
2026-09-28 15:41:04,water-check,3649000,31.91,75.76,1004.41,32.35,63.61,1003.98,0,0,MANUAL,1,1,1,
2026-09-28 15:41:05,water-check,3650000,31.91,75.79,1004.43,32.35,63.76,1003.95,0,0,MANUAL,1,1,1,
2026-09-28 15:41:06,water-check,3651000,31.90,75.64,1004.40,32.35,63.90,1003.89,0,0,MANUAL,1,1,1,
2026-09-28 15:41:07,water-check,3652000,31.91,75.86,1004.41,32.35,64.07,1003.98,0,0,MANUAL,1,1,1,
2026-09-28 15:41:08,water-check,3653000,31.91,75.69,1004.35,32.33,63.75,1003.92,0,0,MANUAL,1,1,1,
2026-09-28 15:41:09,water-check,,,,,,,,,,,,,,mist A=1 B=0 (manual)
2026-09-28 15:41:09,water-check,3654000,31.91,75.67,1004.38,32.35,64.08,1003.93,1,0,MANUAL,1,1,1,
2026-09-28 15:41:11,water-check,3655000,31.91,75.89,1004.36,32.36,64.11,1003.94,1,0,MANUAL,1,1,1,
2026-09-28 15:41:11,water-check,3656000,31.91,75.80,1004.33,32.35,63.64,1003.93,1,0,MANUAL,1,1,1,
2026-09-28 15:41:12,water-check,3657000,31.91,75.85,1004.38,32.35,63.52,1003.97,1,0,MANUAL,1,1,1,
2026-09-28 15:41:13,water-check,3658000,31.90,75.97,1004.36,32.36,63.52,1003.92,1,0,MANUAL,1,1,1,
2026-09-28 15:41:14,water-check,3659000,31.91,76.08,1004.38,32.36,63.68,1003.94,1,0,MANUAL,1,1,1,
2026-09-28 15:41:15,water-check,3660000,31.92,76.07,1004.42,32.35,63.63,1003.95,1,0,MANUAL,1,1,1,
2026-09-28 15:41:16,water-check,3661000,31.91,76.13,1004.35,32.36,63.85,1003.96,1,0,MANUAL,1,1,1,
2026-09-28 15:41:17,water-check,3662000,31.91,76.26,1004.41,32.35,63.57,1003.93,1,0,MANUAL,1,1,1,
2026-09-28 15:41:18,water-check,3663000,31.90,76.62,1004.37,32.36,63.63,1003.92,1,0,MANUAL,1,1,1,
2026-09-28 15:41:19,water-check,3664000,31.90,76.09,1004.45,32.35,63.59,1003.89,1,0,MANUAL,1,1,1,
2026-09-28 15:41:20,water-check,3665000,31.89,75.80,1004.35,32.36,63.59,1003.96,1,0,MANUAL,1,1,1,
2026-09-28 15:41:21,water-check,3666000,31.89,74.97,1004.41,32.35,63.60,1003.95,1,0,MANUAL,1,1,1,
2026-09-28 15:41:22,water-check,3667000,31.88,74.49,1004.41,32.36,63.66,1003.97,1,0,MANUAL,1,1,1,
2026-09-28 15:41:24,water-check,3668000,31.88,74.78,1004.34,32.36,63.68,1003.94,1,0,MANUAL,1,1,1,
2026-09-28 15:41:24,water-check,3669000,31.88,75.12,1004.39,32.35,63.59,1003.95,1,0,MANUAL,1,1,1,
2026-09-28 15:41:25,water-check,3670000,31.88,75.70,1004.45,32.35,63.67,1003.89,1,0,MANUAL,1,1,1,
2026-09-28 15:41:26,water-check,3671000,31.87,75.44,1004.43,32.35,63.58,1003.95,1,0,MANUAL,1,1,1,
2026-09-28 15:41:27,water-check,3672000,31.86,74.69,1004.33,32.36,63.59,1003.92,1,0,MANUAL,1,1,1,
2026-09-28 15:41:28,water-check,3673000,31.86,75.55,1004.35,32.36,63.65,1004.02,1,0,MANUAL,1,1,1,
2026-09-28 15:41:29,water-check,3674000,31.86,76.40,1004.38,32.36,63.65,1003.94,1,0,MANUAL,1,1,1,
2026-09-28 15:41:30,water-check,3675000,31.84,75.73,1004.39,32.36,63.63,1003.94,1,0,MANUAL,1,1,1,
2026-09-28 15:41:31,water-check,3676000,31.84,76.30,1004.41,32.35,63.53,1003.95,1,0,MANUAL,1,1,1,
2026-09-28 15:41:32,water-check,3677000,31.85,77.29,1004.37,32.36,63.64,1003.96,1,0,MANUAL,1,1,1,
2026-09-28 15:41:33,water-check,3678000,31.84,78.12,1004.35,32.35,63.52,1003.92,1,0,MANUAL,1,1,1,
2026-09-28 15:41:34,water-check,3679000,31.83,78.47,1004.37,32.35,63.49,1003.93,1,0,MANUAL,1,1,1,
2026-09-28 15:41:35,water-check,3680000,31.82,77.92,1004.35,32.35,63.74,1003.95,1,0,MANUAL,1,1,1,
2026-09-28 15:41:36,water-check,3681000,31.81,76.61,1004.41,32.36,63.65,1003.91,1,0,MANUAL,1,1,1,
2026-09-28 15:41:37,water-check,3682000,31.81,76.61,1004.39,32.35,63.57,1003.95,1,0,MANUAL,1,1,1,
2026-09-28 15:41:38,water-check,3683000,31.79,76.72,1004.39,32.35,63.51,1003.95,1,0,MANUAL,1,1,1,
2026-09-28 15:41:39,water-check,3684000,31.78,75.47,1004.35,32.36,63.46,1003.94,1,0,MANUAL,1,1,1,
2026-09-28 15:41:40,water-check,3685000,31.78,74.97,1004.42,32.35,63.49,1003.95,1,0,MANUAL,1,1,1,
2026-09-28 15:41:41,water-check,3686000,31.78,75.16,1004.37,32.36,63.65,1003.99,1,0,MANUAL,1,1,1,
2026-09-28 15:41:42,water-check,3687000,31.75,75.06,1004.35,32.36,63.49,1003.94,1,0,MANUAL,1,1,1,
2026-09-28 15:41:43,water-check,3688000,31.75,77.37,1004.35,32.35,63.49,1003.89,1,0,MANUAL,1,1,1,
2026-09-28 15:41:45,water-check,3689000,31.75,78.68,1004.44,32.36,63.74,1003.92,1,0,MANUAL,1,1,1,
2026-09-28 15:41:45,water-check,3690000,31.74,78.28,1004.42,32.35,63.64,1003.90,1,0,MANUAL,1,1,1,
2026-09-28 15:41:46,water-check,3691000,31.73,78.19,1004.38,32.36,63.59,1003.97,1,0,MANUAL,1,1,1,
2026-09-28 15:41:47,water-check,3692000,31.73,78.01,1004.32,32.36,63.47,1003.94,1,0,MANUAL,1,1,1,
2026-09-28 15:41:48,water-check,3693000,31.71,78.33,1004.35,32.36,63.90,1003.99,1,0,MANUAL,1,1,1,
2026-09-28 15:41:49,water-check,3694000,31.71,78.82,1004.40,32.36,63.49,1003.96,1,0,MANUAL,1,1,1,
2026-09-28 15:41:50,water-check,3695000,31.71,79.52,1004.37,32.36,63.43,1003.94,1,0,MANUAL,1,1,1,
2026-09-28 15:41:52,water-check,3696000,31.68,77.70,1004.38,32.35,63.60,1003.90,1,0,MANUAL,1,1,1,
2026-09-28 15:41:52,water-check,3697000,31.68,77.54,1004.45,32.36,63.74,1004.03,1,0,MANUAL,1,1,1,
2026-09-28 15:41:53,water-check,3698000,31.65,75.22,1004.43,32.35,63.54,1003.95,1,0,MANUAL,1,1,1,
2026-09-28 15:41:54,water-check,3699000,31.64,75.56,1004.44,32.34,63.51,1003.91,1,0,MANUAL,1,1,1,
2026-09-28 15:41:55,water-check,3700000,31.63,77.39,1004.39,32.35,63.94,1003.95,1,0,MANUAL,1,1,1,
2026-09-28 15:41:56,water-check,3701000,31.63,78.47,1004.39,32.35,63.60,1003.89,1,0,MANUAL,1,1,1,
2026-09-28 15:41:57,water-check,,,,,,,,,,,,,,mist A=0 B=0 (manual)
2026-09-28 15:41:57,water-check,3702000,31.62,79.39,1004.40,32.35,63.66,1003.98,0,0,MANUAL,1,1,1,
2026-09-28 15:41:58,water-check,3703000,31.60,78.88,1004.39,32.35,63.79,1003.95,0,0,MANUAL,1,1,1,
2026-09-28 15:41:59,water-check,3704000,31.59,79.39,1004.44,32.36,63.73,1004.02,0,0,MANUAL,1,1,1,
2026-09-28 15:42:00,water-check,3705000,31.58,77.71,1004.47,32.35,63.89,1003.95,0,0,MANUAL,1,1,1,
2026-09-28 15:42:01,water-check,3706000,31.57,77.42,1004.35,32.35,63.60,1003.95,0,0,MANUAL,1,1,1,
2026-09-28 15:42:02,water-check,3707000,31.56,77.92,1004.39,32.35,63.49,1003.95,0,0,MANUAL,1,1,1,
2026-09-28 15:42:03,water-check,3708000,31.56,78.34,1004.42,32.35,63.51,1003.86,0,0,MANUAL,1,1,1,
2026-09-28 15:42:05,water-check,3709000,31.53,78.05,1004.35,32.35,63.61,1003.98,0,0,MANUAL,1,1,1,
2026-09-28 15:42:05,water-check,3710000,31.53,77.41,1004.34,32.35,63.58,1003.95,0,0,MANUAL,1,1,1,
2026-09-28 15:42:06,water-check,3711000,31.53,77.91,1004.34,32.35,63.50,1003.95,0,0,MANUAL,1,1,1,
2026-09-28 15:42:07,water-check,3712000,31.51,78.27,1004.34,32.35,63.55,1004.01,0,0,MANUAL,1,1,1,
2026-09-28 15:42:08,water-check,3713000,31.51,76.62,1004.45,32.35,63.59,1003.93,0,0,MANUAL,1,1,1,
2026-09-28 15:42:09,water-check,3714000,31.49,75.24,1004.39,32.36,63.49,1004.02,0,0,MANUAL,1,1,1,
2026-09-28 15:42:10,water-check,3715000,31.49,75.72,1004.37,32.36,63.49,1003.96,0,0,MANUAL,1,1,1,
2026-09-28 15:42:11,water-check,3716000,31.49,76.96,1004.39,32.35,63.79,1003.97,0,0,MANUAL,1,1,1,
2026-09-28 15:42:12,water-check,3717000,31.48,77.53,1004.34,32.35,63.54,1003.93,0,0,MANUAL,1,1,1,
2026-09-28 15:42:13,water-check,3718000,31.48,78.21,1004.43,32.35,63.50,1003.93,0,0,MANUAL,1,1,1,
2026-09-28 15:42:14,water-check,3719000,31.49,78.67,1004.36,32.35,63.36,1003.97,0,0,MANUAL,1,1,1,
2026-09-28 15:42:15,water-check,3720000,31.48,77.66,1004.34,32.35,63.47,1003.90,0,0,MANUAL,1,1,1,
2026-09-28 15:42:16,water-check,3721000,31.48,77.81,1004.41,32.35,63.50,1003.87,0,0,MANUAL,1,1,1,
2026-09-28 15:42:17,water-check,3722000,31.48,78.77,1004.41,32.35,63.38,1003.92,0,0,MANUAL,1,1,1,
2026-09-28 15:42:18,water-check,3723000,31.48,79.16,1004.35,32.35,63.83,1003.95,0,0,MANUAL,1,1,1,
2026-09-28 15:42:19,water-check,3724000,31.49,79.11,1004.37,32.35,63.61,1003.89,0,0,MANUAL,1,1,1,
2026-09-28 15:42:20,water-check,3725000,31.49,79.39,1004.37,32.35,63.55,1003.95,0,0,MANUAL,1,1,1,
2026-09-28 15:42:21,c1-dry,,,,,,,,,,,,,,mode OFF
2026-09-28 15:42:21,c1-dry,,,,,,,,,,,,,,mode OFF
2026-09-28 15:42:21,c1-dry,,,,,,,,,,,,,,MARK  cycle 1 dry-down: lid off until inside <= 73.0 %
2026-09-28 15:42:21,c1-dry,3726000,31.50,78.91,1004.37,32.35,63.69,1003.95,0,0,OFF,1,1,1,
2026-09-28 15:42:22,c1-dry,3727000,31.49,78.78,1004.42,32.35,63.75,1003.90,0,0,OFF,1,1,1,
2026-09-28 15:42:23,c1-dry,3728000,31.50,78.65,1004.37,32.35,63.41,1003.98,0,0,OFF,1,1,1,
2026-09-28 15:42:24,c1-dry,3729000,31.49,78.43,1004.39,32.35,63.52,1003.95,0,0,OFF,1,1,1,
2026-09-28 15:42:26,c1-dry,3730000,31.50,78.68,1004.35,32.35,63.68,1003.95,0,0,OFF,1,1,1,
2026-09-28 15:42:26,c1-dry,3731000,31.50,79.09,1004.35,32.35,63.90,1003.95,0,0,OFF,1,1,1,
2026-09-28 15:42:27,c1-dry,3732000,31.50,78.87,1004.38,32.36,63.49,1003.99,0,0,OFF,1,1,1,
2026-09-28 15:42:28,c1-dry,3733000,31.50,78.63,1004.44,32.36,63.38,1003.94,0,0,OFF,1,1,1,
2026-09-28 15:42:29,c1-dry,3734000,31.51,78.82,1004.42,32.36,63.47,1003.97,0,0,OFF,1,1,1,
2026-09-28 15:42:30,c1-dry,3735000,31.51,79.40,1004.37,32.36,63.34,1003.99,0,0,OFF,1,1,1,
2026-09-28 15:42:31,c1-dry,3736000,31.52,79.33,1004.41,32.36,63.77,1003.94,0,0,OFF,1,1,1,
2026-09-28 15:42:33,c1-dry,3737000,31.51,79.36,1004.43,32.36,63.77,1003.97,0,0,OFF,1,1,1,
2026-09-28 15:42:33,c1-dry,3738000,31.52,79.51,1004.38,32.36,63.35,1003.96,0,0,OFF,1,1,1,
2026-09-28 15:42:34,c1-dry,3739000,31.52,79.74,1004.36,32.36,63.89,1003.94,0,0,OFF,1,1,1,
2026-09-28 15:42:35,c1-dry,3740000,31.53,80.13,1004.40,32.36,63.49,1003.92,0,0,OFF,1,1,1,
2026-09-28 15:42:36,c1-dry,3741000,31.53,79.69,1004.37,32.36,63.72,1003.94,0,0,OFF,1,1,1,
2026-09-28 15:42:37,c1-dry,3742000,31.53,79.20,1004.39,32.36,63.46,1003.91,0,0,OFF,1,1,1,
2026-09-28 15:42:38,c1-dry,3743000,31.53,79.64,1004.35,32.36,63.81,1003.94,0,0,OFF,1,1,1,
2026-09-28 15:42:40,c1-dry,3744000,31.54,80.04,1004.33,32.36,63.50,1003.94,0,0,OFF,1,1,1,
2026-09-28 15:42:40,c1-dry,3745000,31.55,80.42,1004.40,32.35,63.51,1003.87,0,0,OFF,1,1,1,
2026-09-28 15:42:41,c1-dry,3746000,31.56,80.79,1004.41,32.36,63.54,1003.97,0,0,OFF,1,1,1,
2026-09-28 15:42:42,c1-dry,3747000,31.55,80.52,1004.43,32.36,63.80,1003.94,0,0,OFF,1,1,1,
2026-09-28 15:42:43,c1-dry,3748000,31.56,80.55,1004.36,32.36,63.67,1004.00,0,0,OFF,1,1,1,
2026-09-28 15:42:44,c1-dry,3749000,31.56,80.61,1004.37,32.37,63.63,1003.95,0,0,OFF,1,1,1,
2026-09-28 15:42:45,c1-dry,3750000,31.57,80.68,1004.38,32.36,63.48,1003.96,0,0,OFF,1,1,1,
2026-09-28 15:42:46,c1-dry,3751000,31.58,81.14,1004.39,32.36,63.38,1003.97,0,0,OFF,1,1,1,
2026-09-28 15:42:47,c1-dry,3752000,31.58,81.10,1004.40,32.36,63.38,1003.97,0,0,OFF,1,1,1,
2026-09-28 15:42:48,c1-dry,3753000,31.59,81.23,1004.41,32.37,63.46,1003.98,0,0,OFF,1,1,1,
2026-09-28 15:42:49,c1-dry,3754000,31.58,80.73,1004.40,32.37,63.31,1003.98,0,0,OFF,1,1,1,
2026-09-28 15:42:50,c1-dry,3755000,31.58,80.73,1004.37,32.36,63.27,1003.94,0,0,OFF,1,1,1,
2026-09-28 15:42:51,c1-dry,3756000,31.60,81.15,1004.40,32.37,63.33,1003.93,0,0,OFF,1,1,1,
2026-09-28 15:42:52,c1-dry,3757000,31.60,80.91,1004.43,32.37,63.40,1003.98,0,0,OFF,1,1,1,
2026-09-28 15:42:53,c1-dry,3758000,31.60,80.50,1004.45,32.36,63.37,1003.92,0,0,OFF,1,1,1,
2026-09-28 15:42:54,c1-dry,3759000,31.61,80.99,1004.33,32.36,63.41,1003.97,0,0,OFF,1,1,1,
2026-09-28 15:42:55,c1-dry,3760000,31.61,81.44,1004.39,32.37,63.42,1003.92,0,0,OFF,1,1,1,
2026-09-28 15:42:56,c1-dry,3761000,31.61,80.98,1004.41,32.37,63.31,1003.98,0,0,OFF,1,1,1,
2026-09-28 15:42:57,c1-dry,3762000,31.62,81.01,1004.45,32.37,63.41,1003.99,0,0,OFF,1,1,1,
2026-09-28 15:42:58,c1-dry,3763000,31.62,80.99,1004.45,32.37,63.39,1003.92,0,0,OFF,1,1,1,
2026-09-28 15:42:59,c1-dry,3764000,31.62,81.22,1004.40,32.36,63.43,1003.97,0,0,OFF,1,1,1,
2026-09-28 15:43:01,c1-dry,3765000,31.62,80.99,1004.43,32.36,63.31,1003.97,0,0,OFF,1,1,1,
2026-09-28 15:43:01,c1-dry,3766000,31.63,80.96,1004.44,32.36,63.39,1003.94,0,0,OFF,1,1,1,
2026-09-28 15:43:02,c1-dry,3767000,31.63,81.13,1004.44,32.37,63.32,1003.98,0,0,OFF,1,1,1,
2026-09-28 15:43:03,c1-dry,3768000,31.64,81.30,1004.40,32.37,63.38,1003.93,0,0,OFF,1,1,1,
2026-09-28 15:43:04,c1-dry,3769000,31.63,81.31,1004.42,32.36,63.32,1003.91,0,0,OFF,1,1,1,
2026-09-28 15:43:05,c1-dry,3770000,31.63,80.83,1004.47,32.36,63.71,1003.97,0,0,OFF,1,1,1,
2026-09-28 15:43:06,c1-dry,3771000,31.63,80.91,1004.42,32.37,63.33,1004.01,0,0,OFF,1,1,1,
2026-09-28 15:43:07,c1-dry,3772000,31.65,81.19,1004.53,32.36,63.31,1003.97,0,0,OFF,1,1,1,
2026-09-28 15:43:08,c1-dry,3773000,31.65,81.40,1004.45,32.36,63.47,1004.00,0,0,OFF,1,1,1,
2026-09-28 15:43:09,c1-dry,3774000,31.65,81.42,1004.40,32.36,63.50,1003.94,0,0,OFF,1,1,1,
2026-09-28 15:43:10,c1-dry,3775000,31.65,81.58,1004.42,32.35,63.34,1003.98,0,0,OFF,1,1,1,
2026-09-28 15:43:11,c1-dry,3776000,31.66,81.58,1004.41,32.35,63.56,1003.97,0,0,OFF,1,1,1,
2026-09-28 15:43:12,c1-dry,3777000,31.65,81.60,1004.39,32.36,63.41,1003.96,0,0,OFF,1,1,1,
2026-09-28 15:43:14,c1-dry,3778000,31.66,81.38,1004.43,32.35,63.40,1004.01,0,0,OFF,1,1,1,
2026-09-28 15:43:14,c1-dry,3779000,31.66,81.53,1004.41,32.35,63.42,1003.95,0,0,OFF,1,1,1,
2026-09-28 15:43:15,c1-dry,3780000,31.66,81.47,1004.41,32.35,63.38,1003.93,0,0,OFF,1,1,1,
2026-09-28 15:43:16,c1-dry,3781000,31.68,81.38,1004.49,32.36,63.42,1004.02,0,0,OFF,1,1,1,
2026-09-28 15:43:17,c1-dry,3782000,31.67,81.32,1004.37,32.35,63.47,1003.95,0,0,OFF,1,1,1,
2026-09-28 15:43:18,c1-dry,3783000,31.66,81.08,1004.44,32.35,63.49,1003.97,0,0,OFF,1,1,1,
2026-09-28 15:43:19,c1-dry,3784000,31.68,81.45,1004.41,32.35,63.32,1003.95,0,0,OFF,1,1,1,
2026-09-28 15:43:20,c1-dry,3785000,31.67,81.68,1004.43,32.35,63.69,1003.92,0,0,OFF,1,1,1,
2026-09-28 15:43:21,c1-dry,3786000,31.67,81.39,1004.37,32.35,63.68,1003.95,0,0,OFF,1,1,1,
2026-09-28 15:43:22,c1-dry,3787000,31.68,81.48,1004.41,32.36,63.92,1003.97,0,0,OFF,1,1,1,
2026-09-28 15:43:23,c1-dry,3788000,31.68,81.31,1004.39,32.35,63.46,1004.01,0,0,OFF,1,1,1,
2026-09-28 15:43:24,c1-dry,3789000,31.67,81.29,1004.37,32.34,63.73,1003.91,0,0,OFF,1,1,1,
2026-09-28 15:43:25,c1-dry,3790000,31.68,81.40,1004.35,32.35,63.43,1003.97,0,0,OFF,1,1,1,
2026-09-28 15:43:26,c1-dry,3791000,31.68,81.13,1004.45,32.35,63.27,1003.93,0,0,OFF,1,1,1,
2026-09-28 15:43:27,c1-dry,3792000,31.68,81.39,1004.39,32.35,63.44,1003.93,0,0,OFF,1,1,1,
2026-09-28 15:43:28,c1-dry,3793000,31.68,81.08,1004.38,32.36,63.51,1003.94,0,0,OFF,1,1,1,
2026-09-28 15:43:29,c1-dry,3794000,31.69,81.21,1004.40,32.34,63.28,1003.94,0,0,OFF,1,1,1,
2026-09-28 15:43:30,c1-dry,3795000,31.67,81.06,1004.43,32.36,63.38,1003.96,0,0,OFF,1,1,1,
2026-09-28 15:43:31,c1-dry,3796000,31.69,80.83,1004.40,32.35,63.37,1003.93,0,0,OFF,1,1,1,
2026-09-28 15:43:32,c1-dry,3797000,31.69,81.05,1004.43,32.34,63.40,1003.97,0,0,OFF,1,1,1,
2026-09-28 15:43:34,c1-dry,3798000,31.68,81.02,1004.38,32.35,63.22,1003.95,0,0,OFF,1,1,1,
2026-09-28 15:43:34,c1-dry,3799000,31.69,81.09,1004.40,32.36,63.27,1003.96,0,0,OFF,1,1,1,
2026-09-28 15:43:35,c1-dry,3800000,31.69,81.07,1004.35,32.36,63.38,1004.02,0,0,OFF,1,1,1,
2026-09-28 15:43:36,c1-dry,3801000,31.69,81.12,1004.40,32.35,63.38,1003.93,0,0,OFF,1,1,1,
2026-09-28 15:43:37,c1-dry,3802000,31.70,81.44,1004.36,32.36,63.44,1004.03,0,0,OFF,1,1,1,
2026-09-28 15:43:38,c1-dry,3803000,31.69,80.12,1004.40,32.37,63.46,1004.04,0,0,OFF,1,1,1,
2026-09-28 15:43:39,c1-dry,3804000,31.69,79.35,1004.41,32.36,63.47,1003.97,0,0,OFF,1,1,1,
2026-09-28 15:43:40,c1-dry,3805000,31.71,80.15,1004.42,32.36,63.37,1003.94,0,0,OFF,1,1,1,
2026-09-28 15:43:41,c1-dry,3806000,31.70,80.72,1004.41,32.36,63.26,1003.97,0,0,OFF,1,1,1,
2026-09-28 15:43:42,c1-dry,3807000,31.70,80.80,1004.36,32.36,63.30,1003.92,0,0,OFF,1,1,1,
2026-09-28 15:43:43,c1-dry,3808000,31.70,80.63,1004.41,32.36,63.35,1003.92,0,0,OFF,1,1,1,
2026-09-28 15:43:44,c1-dry,3809000,31.69,79.46,1004.41,32.36,63.25,1003.91,0,0,OFF,1,1,1,
2026-09-28 15:43:45,c1-dry,3810000,31.68,78.24,1004.42,32.37,63.37,1003.96,0,0,OFF,1,1,1,
2026-09-28 15:43:46,c1-dry,3811000,31.67,75.59,1004.37,32.36,63.21,1003.92,0,0,OFF,1,1,1,
2026-09-28 15:43:47,c1-dry,3812000,31.65,73.73,1004.43,32.36,63.37,1003.94,0,0,OFF,1,1,1,
2026-09-28 15:43:48,c1-dry,3813000,31.65,74.23,1004.47,32.36,63.32,1003.94,0,0,OFF,1,1,1,
2026-09-28 15:43:49,c1-dry,3814000,31.65,75.15,1004.42,32.37,63.29,1003.93,0,0,OFF,1,1,1,
2026-09-28 15:43:50,c1-dry,3815000,31.62,73.10,1004.46,32.36,63.31,1003.91,0,0,OFF,1,1,1,
2026-09-28 15:43:51,c1-dry,3816000,31.62,73.01,1004.35,32.37,63.34,1003.99,0,0,OFF,1,1,1,
2026-09-28 15:43:52,c1-dry,3817000,31.61,71.74,1004.33,32.37,63.29,1003.99,0,0,OFF,1,1,1,
2026-09-28 15:43:53,c1-dry,3818000,31.60,70.81,1004.40,32.37,63.29,1003.90,0,0,OFF,1,1,1,
2026-09-28 15:43:55,c1-dry,3819000,31.60,70.82,1004.37,32.38,63.29,1003.94,0,0,OFF,1,1,1,
2026-09-28 15:43:55,c1-dry,3820000,31.59,70.05,1004.41,32.37,63.27,1003.99,0,0,OFF,1,1,1,
2026-09-28 15:43:56,c1-dry,3821000,31.59,69.98,1004.41,32.38,63.27,1003.88,0,0,OFF,1,1,1,
2026-09-28 15:43:57,c1-dry,3822000,31.58,69.52,1004.34,32.38,63.19,1003.95,0,0,OFF,1,1,1,
2026-09-28 15:43:58,c1-dry,3823000,31.58,69.80,1004.34,32.38,63.15,1003.97,0,0,OFF,1,1,1,
2026-09-28 15:43:59,c1-dry,3824000,31.58,70.02,1004.39,32.37,63.19,1003.95,0,0,OFF,1,1,1,
2026-09-28 15:44:00,c1-dry,3825000,31.57,69.47,1004.38,32.38,63.12,1003.94,0,0,OFF,1,1,1,
2026-09-28 15:44:01,c1-dry,3826000,31.58,69.01,1004.36,32.38,63.11,1003.95,0,0,OFF,1,1,1,
2026-09-28 15:44:02,c1-dry,3827000,31.57,69.88,1004.35,32.37,63.11,1003.96,0,0,OFF,1,1,1,
2026-09-28 15:44:03,c1-dry,3828000,31.57,68.73,1004.35,32.38,63.11,1003.95,0,0,OFF,1,1,1,
2026-09-28 15:44:04,c1-dry,3829000,31.57,68.67,1004.37,32.38,63.13,1003.94,0,0,OFF,1,1,1,
2026-09-28 15:44:05,c1-dry,3830000,31.57,68.78,1004.40,32.39,63.02,1003.96,0,0,OFF,1,1,1,
2026-09-28 15:44:06,c1-dry,3831000,31.58,68.44,1004.33,32.39,63.13,1003.96,0,0,OFF,1,1,1,
2026-09-28 15:44:08,c1-dry,3832000,31.57,68.38,1004.35,32.38,63.04,1003.88,0,0,OFF,1,1,1,
2026-09-28 15:44:08,c1-close,3833000,31.57,68.13,1004.40,32.38,63.22,1003.97,0,0,OFF,1,1,1,
2026-09-28 15:44:09,c1-close,3834000,31.58,68.50,1004.36,32.38,63.14,1003.97,0,0,OFF,1,1,1,
2026-09-28 15:44:10,c1-close,3835000,31.58,68.80,1004.31,32.39,63.19,1003.96,0,0,OFF,1,1,1,
2026-09-28 15:44:11,c1-close,3836000,31.56,68.97,1004.37,32.38,63.04,1004.00,0,0,OFF,1,1,1,
2026-09-28 15:44:12,c1-close,3837000,31.56,68.66,1004.34,32.38,63.08,1003.94,0,0,OFF,1,1,1,
2026-09-28 15:44:13,c1-close,3838000,31.58,68.50,1004.33,32.38,63.04,1003.94,0,0,OFF,1,1,1,
2026-09-28 15:44:15,c1-close,3839000,31.58,68.28,1004.39,32.38,63.00,1003.95,0,0,OFF,1,1,1,
2026-09-28 15:44:15,c1-close,3840000,31.57,68.28,1004.35,32.37,63.37,1003.98,0,0,OFF,1,1,1,
2026-09-28 15:44:16,c1-close,3841000,31.58,67.99,1004.36,32.38,63.11,1003.91,0,0,OFF,1,1,1,
2026-09-28 15:44:17,c1-close,3842000,31.58,67.74,1004.36,32.38,63.24,1003.97,0,0,OFF,1,1,1,
2026-09-28 15:44:18,c1-close,3843000,31.59,68.05,1004.38,32.38,63.16,1003.94,0,0,OFF,1,1,1,
2026-09-28 15:44:19,c1-close,3844000,31.58,67.86,1004.33,32.38,63.49,1004.02,0,0,OFF,1,1,1,
2026-09-28 15:44:20,c1-close,3845000,31.58,67.68,1004.37,32.38,63.14,1003.97,0,0,OFF,1,1,1,
2026-09-28 15:44:21,c1-close,3846000,31.59,67.96,1004.29,32.37,63.25,1003.99,0,0,OFF,1,1,1,
2026-09-28 15:44:23,c1-close,3847000,31.59,68.36,1004.35,32.38,63.12,1003.97,0,0,OFF,1,1,1,
2026-09-28 15:44:23,c1-close,3848000,31.58,68.14,1004.29,32.37,63.31,1004.01,0,0,OFF,1,1,1,
2026-09-28 15:44:24,c1-close,3849000,31.59,68.23,1004.35,32.37,63.19,1003.93,0,0,OFF,1,1,1,
2026-09-28 15:44:25,c1-close,3850000,31.59,68.83,1004.38,32.37,63.10,1003.93,0,0,OFF,1,1,1,
2026-09-28 15:44:26,c1-close,3851000,31.59,68.37,1004.33,32.38,63.07,1003.91,0,0,OFF,1,1,1,
2026-09-28 15:44:27,c1-close,3852000,31.59,68.29,1004.30,32.38,63.20,1003.97,0,0,OFF,1,1,1,
2026-09-28 15:44:28,c1-close,3853000,31.60,68.95,1004.37,32.37,63.57,1003.93,0,0,OFF,1,1,1,
2026-09-28 15:44:29,c1-close,3854000,31.60,69.36,1004.37,32.38,63.56,1003.94,0,0,OFF,1,1,1,
2026-09-28 15:44:30,c1-close,3855000,31.59,69.13,1004.41,32.36,63.17,1003.94,0,0,OFF,1,1,1,
2026-09-28 15:44:31,c1-close,3856000,31.60,69.16,1004.37,32.37,63.54,1003.93,0,0,OFF,1,1,1,
2026-09-28 15:44:32,c1-close,3857000,31.60,68.83,1004.42,32.38,63.28,1003.97,0,0,OFF,1,1,1,
2026-09-28 15:44:33,c1-close,3858000,31.61,69.28,1004.35,32.37,63.48,1003.96,0,0,OFF,1,1,1,
2026-09-28 15:44:34,c1-close,3859000,31.60,69.29,1004.37,32.38,63.64,1003.97,0,0,OFF,1,1,1,
2026-09-28 15:44:36,c1-close,3860000,31.60,69.49,1004.37,32.37,63.30,1003.95,0,0,OFF,1,1,1,
2026-09-28 15:44:36,c1-close,3861000,31.60,69.18,1004.37,32.37,63.46,1003.98,0,0,OFF,1,1,1,
2026-09-28 15:44:37,c1-close,3862000,31.60,69.56,1004.34,32.37,63.23,1003.95,0,0,OFF,1,1,1,
2026-09-28 15:44:38,c1-close,3863000,31.59,69.07,1004.29,32.38,63.42,1004.05,0,0,OFF,1,1,1,
2026-09-28 15:44:39,c1-close,3864000,31.59,68.91,1004.38,32.36,63.23,1004.03,0,0,OFF,1,1,1,
2026-09-28 15:44:40,c1-close,3865000,31.60,68.76,1004.48,32.37,63.41,1003.93,0,0,OFF,1,1,1,
2026-09-28 15:44:41,c1-close,3866000,31.59,68.73,1004.36,32.36,63.37,1003.94,0,0,OFF,1,1,1,
2026-09-28 15:44:42,c1-close,3867000,31.58,68.71,1004.34,32.36,63.06,1004.03,0,0,OFF,1,1,1,
2026-09-28 15:44:43,c1-close,3868000,31.59,68.16,1004.35,32.37,63.16,1004.01,0,0,OFF,1,1,1,
2026-09-28 15:44:44,c1-close,3869000,31.59,67.76,1004.39,32.36,63.10,1004.00,0,0,OFF,1,1,1,
2026-09-28 15:44:45,c1-close,3870000,31.58,67.78,1004.31,32.35,63.15,1003.90,0,0,OFF,1,1,1,
2026-09-28 15:44:46,c1-close,3871000,31.59,67.74,1004.35,32.36,63.26,1003.97,0,0,OFF,1,1,1,
2026-09-28 15:44:47,c1-close,3872000,31.59,67.85,1004.35,32.36,63.06,1003.97,0,0,OFF,1,1,1,
2026-09-28 15:44:48,c1-close,3873000,31.59,67.55,1004.41,32.36,63.18,1003.97,0,0,OFF,1,1,1,
2026-09-28 15:44:49,c1-close,3874000,31.60,67.29,1004.31,32.35,63.08,1003.87,0,0,OFF,1,1,1,
2026-09-28 15:44:50,c1-close,3875000,31.60,67.77,1004.40,32.36,63.17,1003.96,0,0,OFF,1,1,1,
2026-09-28 15:44:51,c1-close,3876000,31.60,68.05,1004.31,32.35,63.06,1003.93,0,0,OFF,1,1,1,
2026-09-28 15:44:52,c1-close,3877000,31.59,68.17,1004.33,32.35,62.97,1003.98,0,0,OFF,1,1,1,
2026-09-28 15:44:53,c1-close,3878000,31.60,68.30,1004.34,32.36,63.03,1003.94,0,0,OFF,1,1,1,
2026-09-28 15:44:54,c1-close,3879000,31.59,68.19,1004.36,32.37,63.05,1003.98,0,0,OFF,1,1,1,
2026-09-28 15:44:55,c1-close,3880000,31.60,68.69,1004.37,32.35,63.34,1003.93,0,0,OFF,1,1,1,
2026-09-28 15:44:56,c1-close,3881000,31.60,68.96,1004.37,32.35,63.13,1003.95,0,0,OFF,1,1,1,
2026-09-28 15:44:57,c1-close,3882000,31.61,69.53,1004.35,32.35,63.17,1004.01,0,0,OFF,1,1,1,
2026-09-28 15:44:58,c1-close,3883000,31.61,69.78,1004.35,32.35,63.00,1003.95,0,0,OFF,1,1,1,
2026-09-28 15:44:59,c1-close,3884000,31.60,70.33,1004.35,32.36,63.03,1003.97,0,0,OFF,1,1,1,
2026-09-28 15:45:00,c1-close,3885000,31.60,70.85,1004.32,32.36,63.12,1003.97,0,0,OFF,1,1,1,
2026-09-28 15:45:01,c1-close,3886000,31.61,71.26,1004.36,32.36,63.18,1003.96,0,0,OFF,1,1,1,
2026-09-28 15:45:02,c1-close,3887000,31.62,71.52,1004.40,32.35,63.59,1003.98,0,0,OFF,1,1,1,
2026-09-28 15:45:03,c1-close,3888000,31.60,71.84,1004.32,32.36,63.29,1004.03,0,0,OFF,1,1,1,
2026-09-28 15:45:04,c1-close,3889000,31.61,71.73,1004.39,32.35,63.17,1003.95,0,0,OFF,1,1,1,
2026-09-28 15:45:05,c1-close,3890000,31.62,71.87,1004.40,32.35,63.21,1003.95,0,0,OFF,1,1,1,
2026-09-28 15:45:06,c1-close,3891000,31.61,71.78,1004.36,32.35,63.07,1003.95,0,0,OFF,1,1,1,
2026-09-28 15:45:07,c1-close,3892000,31.61,71.72,1004.42,32.35,63.05,1003.95,0,0,OFF,1,1,1,
2026-09-28 15:45:08,c1-close,3893000,31.62,71.86,1004.40,32.37,63.16,1003.99,0,0,OFF,1,1,1,
2026-09-28 15:45:09,c1-close,3894000,31.62,71.95,1004.37,32.34,63.15,1003.97,0,0,OFF,1,1,1,
2026-09-28 15:45:11,c1-close,3895000,31.62,72.26,1004.35,32.36,63.08,1003.96,0,0,OFF,1,1,1,
2026-09-28 15:45:11,c1-close,3896000,31.62,72.24,1004.40,32.35,63.14,1004.01,0,0,OFF,1,1,1,
2026-09-28 15:45:12,c1-close,3897000,31.62,72.48,1004.38,32.35,63.13,1003.95,0,0,OFF,1,1,1,
2026-09-28 15:45:13,c1-close,3898000,31.62,72.37,1004.29,32.36,63.42,1003.97,0,0,OFF,1,1,1,
2026-09-28 15:45:14,c1-close,3899000,31.63,72.39,1004.39,32.37,63.13,1004.01,0,0,OFF,1,1,1,
2026-09-28 15:45:15,c1-rule,,,,,,,,,,,,,,MARK  cycle 1 lid set to 1 cm (confirmed)
2026-09-28 15:45:15,c1-rule,,,,,,,,,,,,,,"S,mode=OFF,lo=77.0,hi=88.0,max=300,cool=60,man=60,use=A,period=1,in=ok,out=ok,tank=ok,mistA=0,mistB=0"
2026-09-28 15:45:15,c1-rule,,,,,,,,,,,,,,mode RULES
2026-09-28 15:45:15,c1-rule,,,,,,,,,,,,,,"MARK  cycle 1 matched rule start (below 77 %, stop at 88 % or 300 s, rest 60 s)"
2026-09-28 15:45:15,c1-rule,,,,,,,,,,,,,,mist A=1 B=0 (below lo)
2026-09-28 15:45:15,c1-rule,3900000,31.63,72.44,1004.36,32.37,63.25,1003.98,1,0,RULES,1,1,1,
2026-09-28 15:45:16,c1-rule,3901000,31.63,72.41,1004.48,32.37,63.29,1003.92,1,0,RULES,1,1,1,
2026-09-28 15:45:18,c1-rule,3902000,31.62,72.60,1004.41,32.37,63.07,1004.01,1,0,RULES,1,1,1,
2026-09-28 15:45:18,c1-rule,3903000,31.64,72.51,1004.43,32.37,63.08,1003.98,1,0,RULES,1,1,1,
2026-09-28 15:45:19,c1-rule,3904000,31.63,72.72,1004.37,32.37,63.03,1003.95,1,0,RULES,1,1,1,
2026-09-28 15:45:20,c1-rule,3905000,31.64,72.66,1004.40,32.37,62.98,1003.95,1,0,RULES,1,1,1,
2026-09-28 15:45:21,c1-rule,3906000,31.63,73.14,1004.41,32.36,62.83,1004.02,1,0,RULES,1,1,1,
2026-09-28 15:45:22,c1-rule,3907000,31.65,72.87,1004.42,32.37,63.34,1003.98,1,0,RULES,1,1,1,
2026-09-28 15:45:23,c1-rule,3908000,31.64,73.59,1004.35,32.37,63.09,1003.98,1,0,RULES,1,1,1,
2026-09-28 15:45:24,c1-rule,3909000,31.64,73.96,1004.37,32.37,63.02,1003.99,1,0,RULES,1,1,1,
2026-09-28 15:45:25,c1-rule,3910000,31.65,74.31,1004.42,32.36,63.04,1003.94,1,0,RULES,1,1,1,
2026-09-28 15:45:26,c1-rule,3911000,31.64,74.11,1004.43,32.37,63.08,1003.92,1,0,RULES,1,1,1,
2026-09-28 15:45:27,c1-rule,3912000,31.63,73.73,1004.37,32.37,62.98,1003.98,1,0,RULES,1,1,1,
2026-09-28 15:45:28,c1-rule,3913000,31.63,73.26,1004.37,32.36,63.22,1004.00,1,0,RULES,1,1,1,
2026-09-28 15:45:29,c1-rule,3914000,31.63,72.54,1004.45,32.36,63.21,1003.94,1,0,RULES,1,1,1,
2026-09-28 15:45:30,c1-rule,3915000,31.63,72.96,1004.27,32.36,63.33,1003.96,1,0,RULES,1,1,1,
2026-09-28 15:45:31,c1-rule,3916000,31.63,74.24,1004.42,32.36,63.51,1003.97,1,0,RULES,1,1,1,
2026-09-28 15:45:32,c1-rule,3917000,31.63,74.69,1004.41,32.36,63.06,1003.92,1,0,RULES,1,1,1,
2026-09-28 15:45:33,c1-rule,3918000,31.63,75.28,1004.39,32.36,63.05,1003.99,1,0,RULES,1,1,1,
2026-09-28 15:45:34,c1-rule,3919000,31.62,75.37,1004.41,32.37,63.06,1003.98,1,0,RULES,1,1,1,
2026-09-28 15:45:35,c1-rule,3920000,31.62,74.84,1004.43,32.36,63.14,1003.97,1,0,RULES,1,1,1,
2026-09-28 15:45:36,c1-rule,3921000,31.60,74.96,1004.37,32.36,63.22,1004.00,1,0,RULES,1,1,1,
2026-09-28 15:45:37,c1-rule,3922000,31.61,75.12,1004.38,32.36,63.16,1003.94,1,0,RULES,1,1,1,
2026-09-28 15:45:39,c1-rule,3923000,31.60,75.46,1004.37,32.37,63.21,1003.96,1,0,RULES,1,1,1,
2026-09-28 15:45:39,c1-rule,3924000,31.59,76.14,1004.39,32.37,63.42,1003.99,1,0,RULES,1,1,1,
2026-09-28 15:45:40,c1-rule,3925000,31.59,74.47,1004.43,32.36,63.16,1003.92,1,0,RULES,1,1,1,
2026-09-28 15:45:41,c1-rule,3926000,31.59,74.45,1004.43,32.36,63.29,1004.03,1,0,RULES,1,1,1,
2026-09-28 15:45:42,c1-rule,3927000,31.58,75.59,1004.42,32.36,63.10,1003.97,1,0,RULES,1,1,1,
2026-09-28 15:45:43,c1-rule,3928000,31.56,75.69,1004.39,32.36,63.01,1003.97,1,0,RULES,1,1,1,
2026-09-28 15:45:44,c1-rule,3929000,31.56,75.79,1004.42,32.36,63.04,1003.94,1,0,RULES,1,1,1,
2026-09-28 15:45:45,c1-rule,3930000,31.56,74.65,1004.36,32.36,63.12,1004.00,1,0,RULES,1,1,1,
2026-09-28 15:45:46,c1-rule,3931000,31.55,76.63,1004.45,32.36,63.23,1004.00,1,0,RULES,1,1,1,
2026-09-28 15:45:47,c1-rule,3932000,31.54,77.31,1004.39,32.37,63.09,1003.95,1,0,RULES,1,1,1,
2026-09-28 15:45:48,c1-rule,3933000,31.54,78.04,1004.50,32.35,62.95,1003.95,1,0,RULES,1,1,1,
2026-09-28 15:45:49,c1-rule,3934000,31.52,77.22,1004.38,32.36,63.15,1003.97,1,0,RULES,1,1,1,
2026-09-28 15:45:50,c1-rule,3935000,31.52,77.09,1004.44,32.37,63.50,1003.96,1,0,RULES,1,1,1,
2026-09-28 15:45:51,c1-rule,3936000,31.51,76.52,1004.37,32.36,63.06,1004.03,1,0,RULES,1,1,1,
2026-09-28 15:45:52,c1-rule,3937000,31.51,75.73,1004.42,32.36,63.29,1003.96,1,0,RULES,1,1,1,
2026-09-28 15:45:53,c1-rule,3938000,31.50,76.01,1004.49,32.36,63.27,1003.97,1,0,RULES,1,1,1,
2026-09-28 15:45:54,c1-rule,3939000,31.49,77.08,1004.41,32.37,63.13,1004.01,1,0,RULES,1,1,1,
2026-09-28 15:45:55,c1-rule,3940000,31.47,77.14,1004.47,32.36,63.12,1003.97,1,0,RULES,1,1,1,
2026-09-28 15:45:56,c1-rule,3941000,31.48,78.86,1004.40,32.36,62.99,1004.02,1,0,RULES,1,1,1,
2026-09-28 15:45:57,c1-rule,3942000,31.46,79.69,1004.43,32.37,63.08,1003.99,1,0,RULES,1,1,1,
2026-09-28 15:45:58,c1-rule,3943000,31.47,80.35,1004.41,32.36,63.01,1003.94,1,0,RULES,1,1,1,
2026-09-28 15:45:59,c1-rule,3944000,31.45,80.42,1004.49,32.37,63.03,1003.98,1,0,RULES,1,1,1,
2026-09-28 15:46:00,c1-rule,3945000,31.45,80.16,1004.44,32.36,63.09,1003.94,1,0,RULES,1,1,1,
2026-09-28 15:46:01,c1-rule,3946000,31.44,81.03,1004.34,32.36,63.04,1003.94,1,0,RULES,1,1,1,
2026-09-28 15:46:02,c1-rule,3947000,31.42,81.24,1004.50,32.37,62.94,1004.01,1,0,RULES,1,1,1,
2026-09-28 15:46:03,c1-rule,3948000,31.41,81.03,1004.45,32.36,63.00,1003.97,1,0,RULES,1,1,1,
2026-09-28 15:46:04,c1-rule,3949000,31.39,80.04,1004.46,32.36,62.89,1003.94,1,0,RULES,1,1,1,
2026-09-28 15:46:06,c1-rule,3950000,31.39,80.10,1004.51,32.37,62.97,1003.96,1,0,RULES,1,1,1,
2026-09-28 15:46:06,c1-rule,3951000,31.36,80.90,1004.44,32.38,62.90,1003.97,1,0,RULES,1,1,1,
2026-09-28 15:46:07,c1-rule,3952000,31.35,81.39,1004.45,32.37,62.98,1003.98,1,0,RULES,1,1,1,
2026-09-28 15:46:08,c1-rule,3953000,31.35,81.82,1004.39,32.36,63.10,1004.00,1,0,RULES,1,1,1,
2026-09-28 15:46:09,c1-rule,3954000,31.33,81.51,1004.40,32.37,62.97,1003.99,1,0,RULES,1,1,1,
2026-09-28 15:46:10,c1-rule,3955000,31.34,82.39,1004.43,32.37,63.05,1003.99,1,0,RULES,1,1,1,
2026-09-28 15:46:11,c1-rule,3956000,31.33,82.84,1004.48,32.37,63.42,1004.03,1,0,RULES,1,1,1,
2026-09-28 15:46:12,c1-rule,3957000,31.32,82.54,1004.44,32.37,63.13,1004.04,1,0,RULES,1,1,1,
2026-09-28 15:46:13,c1-rule,3958000,31.32,83.21,1004.47,32.36,63.08,1003.92,1,0,RULES,1,1,1,
2026-09-28 15:46:14,c1-rule,3959000,31.32,83.44,1004.47,32.37,63.13,1003.98,1,0,RULES,1,1,1,
2026-09-28 15:46:15,c1-rule,3960000,31.32,83.70,1004.54,32.36,63.14,1003.94,1,0,RULES,1,1,1,
2026-09-28 15:46:16,c1-rule,3961000,31.29,83.33,1004.52,32.36,62.92,1004.02,1,0,RULES,1,1,1,
2026-09-28 15:46:17,c1-rule,3962000,31.27,83.04,1004.43,32.36,63.42,1003.96,1,0,RULES,1,1,1,
2026-09-28 15:46:18,c1-rule,3963000,31.23,80.86,1004.41,32.37,63.21,1003.98,1,0,RULES,1,1,1,
2026-09-28 15:46:19,c1-rule,3964000,31.26,81.88,1004.45,32.36,63.23,1003.97,1,0,RULES,1,1,1,
2026-09-28 15:46:20,c1-rule,3965000,31.24,82.07,1004.47,32.36,63.06,1004.05,1,0,RULES,1,1,1,
2026-09-28 15:46:21,c1-rule,3966000,31.22,82.63,1004.45,32.36,63.54,1003.94,1,0,RULES,1,1,1,
2026-09-28 15:46:22,c1-rule,3967000,31.22,82.81,1004.42,32.37,63.14,1003.92,1,0,RULES,1,1,1,
2026-09-28 15:46:23,c1-rule,3968000,31.20,82.83,1004.41,32.36,63.07,1004.00,1,0,RULES,1,1,1,
2026-09-28 15:46:24,c1-rule,3969000,31.21,82.67,1004.39,32.35,63.41,1004.01,1,0,RULES,1,1,1,
2026-09-28 15:46:25,c1-rule,3970000,31.19,82.93,1004.40,32.36,62.91,1004.05,1,0,RULES,1,1,1,
2026-09-28 15:46:27,c1-rule,3971000,31.20,83.42,1004.39,32.37,63.26,1003.98,1,0,RULES,1,1,1,
2026-09-28 15:46:27,c1-rule,3972000,31.16,83.40,1004.46,32.37,63.17,1003.98,1,0,RULES,1,1,1,
2026-09-28 15:46:28,c1-rule,3973000,31.16,83.40,1004.41,32.36,63.05,1003.97,1,0,RULES,1,1,1,
2026-09-28 15:46:29,c1-rule,3974000,31.13,82.95,1004.44,32.37,62.92,1004.01,1,0,RULES,1,1,1,
2026-09-28 15:46:30,c1-rule,3975000,31.11,82.30,1004.46,32.37,62.95,1004.01,1,0,RULES,1,1,1,
2026-09-28 15:46:31,c1-rule,3976000,31.12,82.54,1004.45,32.36,62.96,1004.00,1,0,RULES,1,1,1,
2026-09-28 15:46:32,c1-rule,3977000,31.12,83.14,1004.43,32.36,63.05,1004.03,1,0,RULES,1,1,1,
2026-09-28 15:46:33,c1-rule,3978000,31.07,81.75,1004.42,32.36,63.04,1003.97,1,0,RULES,1,1,1,
2026-09-28 15:46:34,c1-rule,3979000,31.07,82.40,1004.43,32.37,63.03,1003.98,1,0,RULES,1,1,1,
2026-09-28 15:46:35,c1-rule,3980000,31.08,83.06,1004.45,32.36,63.00,1003.97,1,0,RULES,1,1,1,
2026-09-28 15:46:36,c1-rule,3981000,31.09,83.82,1004.43,32.36,63.03,1004.00,1,0,RULES,1,1,1,
2026-09-28 15:46:37,c1-rule,3982000,31.05,83.90,1004.50,32.36,63.08,1003.94,1,0,RULES,1,1,1,
2026-09-28 15:46:38,c1-rule,3983000,31.05,84.13,1004.43,32.36,62.98,1003.97,1,0,RULES,1,1,1,
2026-09-28 15:46:39,c1-rule,3984000,31.06,84.50,1004.44,32.36,63.03,1003.92,1,0,RULES,1,1,1,
2026-09-28 15:46:40,c1-rule,3985000,31.07,84.79,1004.43,32.37,63.08,1003.98,1,0,RULES,1,1,1,
2026-09-28 15:46:41,c1-rule,3986000,31.07,85.17,1004.49,32.36,62.96,1004.00,1,0,RULES,1,1,1,
2026-09-28 15:46:42,c1-rule,3987000,31.05,84.92,1004.42,32.37,63.15,1003.98,1,0,RULES,1,1,1,
2026-09-28 15:46:43,c1-rule,3988000,31.00,83.74,1004.48,32.37,63.29,1003.99,1,0,RULES,1,1,1,
2026-09-28 15:46:44,c1-rule,3989000,31.01,83.93,1004.42,32.37,63.30,1003.98,1,0,RULES,1,1,1,
2026-09-28 15:46:45,c1-rule,3990000,31.00,84.20,1004.48,32.36,63.01,1003.97,1,0,RULES,1,1,1,
2026-09-28 15:46:47,c1-rule,3991000,31.01,84.09,1004.42,32.35,63.08,1003.93,1,0,RULES,1,1,1,
2026-09-28 15:46:47,c1-rule,3992000,31.00,84.41,1004.48,32.37,63.03,1003.98,1,0,RULES,1,1,1,
2026-09-28 15:46:48,c1-rule,3993000,30.97,84.28,1004.47,32.36,63.05,1004.00,1,0,RULES,1,1,1,
2026-09-28 15:46:49,c1-rule,3994000,30.98,84.16,1004.47,32.36,63.22,1003.99,1,0,RULES,1,1,1,
2026-09-28 15:46:50,c1-rule,3995000,30.96,84.19,1004.45,32.36,63.00,1003.94,1,0,RULES,1,1,1,
2026-09-28 15:46:51,c1-rule,3996000,30.98,84.48,1004.45,32.36,62.97,1003.97,1,0,RULES,1,1,1,
2026-09-28 15:46:52,c1-rule,3997000,30.95,84.68,1004.46,32.37,63.25,1003.98,1,0,RULES,1,1,1,
2026-09-28 15:46:53,c1-rule,3998000,30.93,83.97,1004.43,32.36,63.12,1004.03,1,0,RULES,1,1,1,
2026-09-28 15:46:54,c1-rule,3999000,30.92,83.45,1004.47,32.36,63.21,1004.00,1,0,RULES,1,1,1,
2026-09-28 15:46:55,c1-rule,4000000,30.91,82.64,1004.45,32.37,63.07,1004.01,1,0,RULES,1,1,1,
2026-09-28 15:46:56,c1-rule,4001000,30.89,81.32,1004.42,32.37,63.29,1003.98,1,0,RULES,1,1,1,
2026-09-28 15:46:57,c1-rule,4002000,30.89,81.91,1004.46,32.37,63.53,1003.98,1,0,RULES,1,1,1,
2026-09-28 15:46:58,c1-rule,4003000,30.87,81.73,1004.45,32.37,63.45,1003.96,1,0,RULES,1,1,1,
2026-09-28 15:46:59,c1-rule,4004000,30.84,80.40,1004.45,32.37,63.42,1004.01,1,0,RULES,1,1,1,
2026-09-28 15:47:01,c1-rule,4005000,30.83,79.72,1004.41,32.36,63.13,1004.00,1,0,RULES,1,1,1,
2026-09-28 15:47:01,c1-rule,4006000,30.83,79.38,1004.38,32.37,63.12,1003.95,1,0,RULES,1,1,1,
2026-09-28 15:47:02,c1-rule,4007000,30.82,80.21,1004.40,32.37,63.09,1003.95,1,0,RULES,1,1,1,
2026-09-28 15:47:03,c1-rule,4008000,30.85,82.18,1004.50,32.36,63.46,1003.92,1,0,RULES,1,1,1,
2026-09-28 15:47:04,c1-rule,4009000,30.84,82.93,1004.46,32.37,63.08,1003.98,1,0,RULES,1,1,1,
2026-09-28 15:47:05,c1-rule,4010000,30.82,82.70,1004.48,32.37,63.04,1003.99,1,0,RULES,1,1,1,
2026-09-28 15:47:06,c1-rule,4011000,30.80,81.86,1004.45,32.37,63.13,1003.99,1,0,RULES,1,1,1,
2026-09-28 15:47:07,c1-rule,4012000,30.81,82.97,1004.38,32.37,63.12,1003.93,1,0,RULES,1,1,1,
2026-09-28 15:47:08,c1-rule,4013000,30.81,83.75,1004.41,32.37,63.39,1003.98,1,0,RULES,1,1,1,
2026-09-28 15:47:09,c1-rule,4014000,30.80,84.00,1004.47,32.38,62.96,1003.99,1,0,RULES,1,1,1,
2026-09-28 15:47:10,c1-rule,4015000,30.80,84.50,1004.47,32.37,63.28,1003.96,1,0,RULES,1,1,1,
2026-09-28 15:47:11,c1-rule,4016000,30.76,83.22,1004.50,32.38,63.14,1003.91,1,0,RULES,1,1,1,
2026-09-28 15:47:12,c1-rule,4017000,30.73,81.67,1004.42,32.37,63.12,1004.01,1,0,RULES,1,1,1,
2026-09-28 15:47:13,c1-rule,4018000,30.73,81.48,1004.47,32.37,63.02,1003.88,1,0,RULES,1,1,1,
2026-09-28 15:47:14,c1-rule,4019000,30.72,80.49,1004.43,32.38,63.05,1003.95,1,0,RULES,1,1,1,
2026-09-28 15:47:15,c1-rule,4020000,30.71,82.04,1004.44,32.38,63.34,1004.00,1,0,RULES,1,1,1,
2026-09-28 15:47:16,c1-rule,4021000,30.70,82.70,1004.40,32.37,62.93,1003.96,1,0,RULES,1,1,1,
2026-09-28 15:47:17,c1-rule,4022000,30.66,82.02,1004.45,32.38,63.16,1003.97,1,0,RULES,1,1,1,
2026-09-28 15:47:18,c1-rule,4023000,30.68,82.80,1004.45,32.39,62.89,1003.99,1,0,RULES,1,1,1,
2026-09-28 15:47:19,c1-rule,4024000,30.63,81.43,1004.46,32.39,62.84,1003.96,1,0,RULES,1,1,1,
2026-09-28 15:47:21,c1-rule,4025000,30.65,82.47,1004.40,32.39,62.96,1004.01,1,0,RULES,1,1,1,
2026-09-28 15:47:21,c1-rule,4026000,30.65,83.15,1004.44,32.38,62.96,1003.95,1,0,RULES,1,1,1,
2026-09-28 15:47:22,c1-rule,4027000,30.65,83.71,1004.44,32.39,62.84,1004.01,1,0,RULES,1,1,1,
2026-09-28 15:47:23,c1-rule,4028000,30.66,84.22,1004.44,32.39,63.12,1003.98,1,0,RULES,1,1,1,
2026-09-28 15:47:24,c1-rule,4029000,30.67,84.50,1004.36,32.39,62.94,1003.96,1,0,RULES,1,1,1,
2026-09-28 15:47:25,c1-rule,4030000,30.68,84.91,1004.48,32.39,62.76,1003.98,1,0,RULES,1,1,1,
2026-09-28 15:47:26,c1-rule,4031000,30.70,85.43,1004.42,32.39,62.95,1004.02,1,0,RULES,1,1,1,
2026-09-28 15:47:28,c1-rule,4032000,30.70,85.36,1004.40,32.40,62.81,1004.03,1,0,RULES,1,1,1,
2026-09-28 15:47:28,c1-rule,4033000,30.72,85.87,1004.43,32.38,62.91,1003.97,1,0,RULES,1,1,1,
2026-09-28 15:47:29,c1-rule,4034000,30.71,85.81,1004.50,32.39,62.85,1004.02,1,0,RULES,1,1,1,
2026-09-28 15:47:30,c1-rule,4035000,30.69,85.59,1004.41,32.39,62.80,1003.96,1,0,RULES,1,1,1,
2026-09-28 15:47:31,c1-rule,4036000,30.66,83.76,1004.44,32.39,62.91,1003.99,1,0,RULES,1,1,1,
2026-09-28 15:47:32,c1-rule,4037000,30.63,81.76,1004.45,32.40,62.81,1004.00,1,0,RULES,1,1,1,
2026-09-28 15:47:33,c1-rule,4038000,30.64,82.64,1004.41,32.39,63.06,1003.96,1,0,RULES,1,1,1,
2026-09-28 15:47:34,c1-rule,4039000,30.60,81.25,1004.44,32.40,63.01,1004.01,1,0,RULES,1,1,1,
2026-09-28 15:47:36,c1-rule,4040000,30.61,81.63,1004.42,32.39,62.90,1003.98,1,0,RULES,1,1,1,
2026-09-28 15:47:36,c1-rule,4041000,30.57,80.98,1004.40,32.39,63.02,1003.94,1,0,RULES,1,1,1,
2026-09-28 15:47:37,c1-rule,4042000,30.58,81.61,1004.42,32.39,63.12,1003.94,1,0,RULES,1,1,1,
2026-09-28 15:47:38,c1-rule,4043000,30.61,83.10,1004.42,32.39,63.26,1003.99,1,0,RULES,1,1,1,
2026-09-28 15:47:39,c1-rule,4044000,30.57,83.83,1004.37,32.39,63.13,1003.96,1,0,RULES,1,1,1,
2026-09-28 15:47:40,c1-rule,4045000,30.53,82.30,1004.38,32.40,62.92,1003.98,1,0,RULES,1,1,1,
2026-09-28 15:47:41,c1-rule,4046000,30.54,82.71,1004.40,32.40,62.94,1003.97,1,0,RULES,1,1,1,
2026-09-28 15:47:42,c1-rule,4047000,30.52,82.37,1004.42,32.40,63.00,1003.97,1,0,RULES,1,1,1,
2026-09-28 15:47:43,c1-rule,4048000,30.53,83.14,1004.30,32.40,62.83,1004.01,1,0,RULES,1,1,1,
2026-09-28 15:47:44,c1-rule,4049000,30.51,82.89,1004.38,32.40,62.95,1003.95,1,0,RULES,1,1,1,
2026-09-28 15:47:45,c1-rule,4050000,30.51,83.28,1004.38,32.39,62.91,1003.96,1,0,RULES,1,1,1,
2026-09-28 15:47:46,c1-rule,4051000,30.50,82.85,1004.42,32.40,62.87,1003.98,1,0,RULES,1,1,1,
2026-09-28 15:47:47,c1-rule,4052000,30.52,83.26,1004.45,32.39,62.76,1003.94,1,0,RULES,1,1,1,
2026-09-28 15:47:49,c1-rule,4053000,30.53,84.16,1004.44,32.39,62.83,1003.99,1,0,RULES,1,1,1,
2026-09-28 15:47:49,c1-rule,4054000,30.50,83.99,1004.46,32.40,62.83,1004.01,1,0,RULES,1,1,1,
2026-09-28 15:47:50,c1-rule,4055000,30.52,84.08,1004.46,32.40,62.88,1003.98,1,0,RULES,1,1,1,
2026-09-28 15:47:51,c1-rule,4056000,30.54,84.34,1004.46,32.40,62.91,1003.98,1,0,RULES,1,1,1,
2026-09-28 15:47:52,c1-rule,4057000,30.54,84.94,1004.44,32.40,62.91,1003.94,1,0,RULES,1,1,1,
2026-09-28 15:47:53,c1-rule,4058000,30.56,85.34,1004.43,32.40,62.91,1004.03,1,0,RULES,1,1,1,
2026-09-28 15:47:54,c1-rule,4059000,30.55,85.41,1004.40,32.40,62.78,1003.98,1,0,RULES,1,1,1,
2026-09-28 15:47:55,c1-rule,4060000,30.54,84.75,1004.37,32.40,62.79,1003.98,1,0,RULES,1,1,1,
2026-09-28 15:47:56,c1-rule,4061000,30.51,82.83,1004.44,32.40,62.93,1004.03,1,0,RULES,1,1,1,
2026-09-28 15:47:57,c1-rule,4062000,30.52,83.47,1004.40,32.40,62.85,1003.92,1,0,RULES,1,1,1,
2026-09-28 15:47:58,c1-rule,4063000,30.53,84.29,1004.36,32.41,62.86,1003.99,1,0,RULES,1,1,1,
2026-09-28 15:47:59,c1-rule,4064000,30.54,84.41,1004.43,32.41,62.87,1003.96,1,0,RULES,1,1,1,
2026-09-28 15:48:00,c1-rule,4065000,30.54,84.99,1004.44,32.41,62.86,1003.96,1,0,RULES,1,1,1,
2026-09-28 15:48:02,c1-rule,4066000,30.55,85.59,1004.42,32.42,62.78,1003.94,1,0,RULES,1,1,1,
2026-09-28 15:48:02,c1-rule,4067000,30.56,85.51,1004.46,32.42,62.77,1003.97,1,0,RULES,1,1,1,
2026-09-28 15:48:03,c1-rule,4068000,30.57,86.04,1004.45,32.42,63.00,1004.03,1,0,RULES,1,1,1,
2026-09-28 15:48:04,c1-rule,4069000,30.59,86.06,1004.40,32.42,62.77,1003.94,1,0,RULES,1,1,1,
2026-09-28 15:48:05,c1-rule,4070000,30.60,86.54,1004.41,32.42,62.91,1003.97,1,0,RULES,1,1,1,
2026-09-28 15:48:06,c1-rule,4071000,30.56,86.21,1004.38,32.42,62.76,1003.91,1,0,RULES,1,1,1,
2026-09-28 15:48:07,c1-rule,4072000,30.59,86.38,1004.45,32.43,62.84,1004.01,1,0,RULES,1,1,1,
2026-09-28 15:48:09,c1-rule,4073000,30.60,86.17,1004.38,32.43,62.84,1003.96,1,0,RULES,1,1,1,
2026-09-28 15:48:09,c1-rule,4074000,30.62,86.56,1004.35,32.42,62.81,1003.98,1,0,RULES,1,1,1,
2026-09-28 15:48:10,c1-rule,4075000,30.63,86.46,1004.38,32.42,62.80,1003.98,1,0,RULES,1,1,1,
2026-09-28 15:48:11,c1-rule,4076000,30.65,86.85,1004.35,32.42,62.90,1003.97,1,0,RULES,1,1,1,
2026-09-28 15:48:12,c1-rule,4077000,30.66,86.98,1004.42,32.43,62.81,1004.04,1,0,RULES,1,1,1,
2026-09-28 15:48:13,c1-rule,4078000,30.67,86.85,1004.41,32.42,62.85,1003.95,1,0,RULES,1,1,1,
2026-09-28 15:48:14,c1-rule,4079000,30.68,87.09,1004.42,32.42,62.85,1003.97,1,0,RULES,1,1,1,
2026-09-28 15:48:15,c1-rule,4080000,30.68,86.89,1004.45,32.42,62.83,1003.94,1,0,RULES,1,1,1,
2026-09-28 15:48:16,c1-rule,4081000,30.63,86.23,1004.46,32.42,62.82,1003.94,1,0,RULES,1,1,1,
2026-09-28 15:48:17,c1-rule,4082000,30.62,86.16,1004.36,32.43,62.90,1003.96,1,0,RULES,1,1,1,
2026-09-28 15:48:18,c1-rule,4083000,30.63,86.17,1004.40,32.43,62.88,1003.96,1,0,RULES,1,1,1,
2026-09-28 15:48:19,c1-rule,4084000,30.64,86.37,1004.41,32.43,62.77,1003.96,1,0,RULES,1,1,1,
2026-09-28 15:48:20,c1-rule,4085000,30.61,86.71,1004.43,32.43,62.74,1003.93,1,0,RULES,1,1,1,
2026-09-28 15:48:21,c1-rule,4086000,30.63,86.48,1004.46,32.43,62.69,1003.93,1,0,RULES,1,1,1,
2026-09-28 15:48:23,c1-rule,4087000,30.63,86.74,1004.40,32.43,62.81,1003.98,1,0,RULES,1,1,1,
2026-09-28 15:48:23,c1-rule,4088000,30.64,86.93,1004.41,32.42,62.75,1003.95,1,0,RULES,1,1,1,
2026-09-28 15:48:24,c1-rule,4089000,30.65,86.98,1004.38,32.43,63.28,1004.02,1,0,RULES,1,1,1,
2026-09-28 15:48:25,c1-rule,4090000,30.65,86.97,1004.38,32.43,62.89,1003.94,1,0,RULES,1,1,1,
2026-09-28 15:48:26,c1-rule,4091000,30.63,86.47,1004.40,32.43,62.85,1004.01,1,0,RULES,1,1,1,
2026-09-28 15:48:27,c1-rule,4092000,30.66,86.73,1004.40,32.44,62.72,1004.01,1,0,RULES,1,1,1,
2026-09-28 15:48:28,c1-rule,4093000,30.62,85.87,1004.39,32.43,62.91,1003.96,1,0,RULES,1,1,1,
2026-09-28 15:48:29,c1-rule,4094000,30.64,86.10,1004.41,32.43,62.86,1003.98,1,0,RULES,1,1,1,
2026-09-28 15:48:30,c1-rule,4095000,30.65,86.36,1004.43,32.43,62.86,1003.96,1,0,RULES,1,1,1,
2026-09-28 15:48:31,c1-rule,4096000,30.65,86.54,1004.51,32.43,62.73,1003.96,1,0,RULES,1,1,1,
2026-09-28 15:48:32,c1-rule,4097000,30.64,86.55,1004.42,32.43,62.73,1003.99,1,0,RULES,1,1,1,
2026-09-28 15:48:33,c1-rule,4098000,30.60,86.01,1004.38,32.43,62.88,1004.04,1,0,RULES,1,1,1,
2026-09-28 15:48:34,c1-rule,4099000,30.56,84.54,1004.38,32.43,62.89,1003.91,1,0,RULES,1,1,1,
2026-09-28 15:48:35,c1-rule,4100000,30.53,83.60,1004.42,32.44,62.76,1003.97,1,0,RULES,1,1,1,
2026-09-28 15:48:36,c1-rule,4101000,30.55,84.16,1004.42,32.43,62.84,1003.93,1,0,RULES,1,1,1,
2026-09-28 15:48:37,c1-rule,4102000,30.52,85.01,1004.35,32.43,62.82,1003.96,1,0,RULES,1,1,1,
2026-09-28 15:48:38,c1-rule,4103000,30.51,85.12,1004.38,32.44,62.80,1004.03,1,0,RULES,1,1,1,
2026-09-28 15:48:39,c1-rule,4104000,30.51,85.25,1004.41,32.45,62.74,1003.99,1,0,RULES,1,1,1,
2026-09-28 15:48:40,c1-rule,4105000,30.48,85.26,1004.40,32.43,62.80,1004.02,1,0,RULES,1,1,1,
2026-09-28 15:48:41,c1-rule,4106000,30.50,85.74,1004.42,32.45,62.81,1004.02,1,0,RULES,1,1,1,
2026-09-28 15:48:43,c1-rule,4107000,30.45,84.15,1004.45,32.45,62.93,1003.99,1,0,RULES,1,1,1,
2026-09-28 15:48:43,c1-rule,4108000,30.44,83.32,1004.41,32.43,62.91,1004.01,1,0,RULES,1,1,1,
2026-09-28 15:48:44,c1-rule,4109000,30.41,80.77,1004.36,32.44,62.85,1003.94,1,0,RULES,1,1,1,
2026-09-28 15:48:45,c1-rule,4110000,30.41,80.22,1004.45,32.43,62.82,1003.99,1,0,RULES,1,1,1,
2026-09-28 15:48:46,c1-rule,4111000,30.38,81.08,1004.37,32.44,62.84,1004.03,1,0,RULES,1,1,1,
2026-09-28 15:48:47,c1-rule,4112000,30.40,83.19,1004.43,32.43,62.79,1003.96,1,0,RULES,1,1,1,
2026-09-28 15:48:48,c1-rule,4113000,30.39,84.20,1004.38,32.43,62.79,1003.91,1,0,RULES,1,1,1,
2026-09-28 15:48:49,c1-rule,4114000,30.35,83.99,1004.38,32.43,62.68,1003.96,1,0,RULES,1,1,1,
2026-09-28 15:48:50,c1-rule,4115000,30.35,84.06,1004.47,32.43,62.86,1004.02,1,0,RULES,1,1,1,
2026-09-28 15:48:51,c1-rule,4116000,30.37,84.65,1004.38,32.44,62.88,1003.98,1,0,RULES,1,1,1,
2026-09-28 15:48:52,c1-rule,4117000,30.37,85.00,1004.38,32.44,62.74,1004.03,1,0,RULES,1,1,1,
2026-09-28 15:48:53,c1-rule,4118000,30.36,85.09,1004.40,32.44,62.78,1003.98,1,0,RULES,1,1,1,
2026-09-28 15:48:54,c1-rule,4119000,30.33,84.96,1004.43,32.44,62.84,1004.01,1,0,RULES,1,1,1,
2026-09-28 15:48:55,c1-rule,4120000,30.38,85.34,1004.40,32.44,63.08,1004.01,1,0,RULES,1,1,1,
2026-09-28 15:48:56,c1-rule,4121000,30.38,85.79,1004.45,32.45,62.76,1004.02,1,0,RULES,1,1,1,
2026-09-28 15:48:57,c1-rule,4122000,30.40,86.05,1004.41,32.44,62.88,1004.03,1,0,RULES,1,1,1,
2026-09-28 15:48:58,c1-rule,4123000,30.43,86.28,1004.39,32.44,62.80,1003.98,1,0,RULES,1,1,1,
2026-09-28 15:48:59,c1-rule,4124000,30.45,86.66,1004.42,32.45,63.15,1003.99,1,0,RULES,1,1,1,
2026-09-28 15:49:00,c1-rule,4125000,30.47,86.91,1004.35,32.43,63.11,1003.94,1,0,RULES,1,1,1,
2026-09-28 15:49:01,c1-rule,4126000,30.44,86.20,1004.43,32.45,63.16,1004.02,1,0,RULES,1,1,1,
2026-09-28 15:49:02,c1-rule,4127000,30.45,86.16,1004.39,32.45,63.38,1003.99,1,0,RULES,1,1,1,
2026-09-28 15:49:04,c1-rule,4128000,30.40,85.23,1004.41,32.43,63.34,1004.02,1,0,RULES,1,1,1,
2026-09-28 15:49:04,c1-rule,4129000,30.43,85.23,1004.39,32.43,63.03,1003.98,1,0,RULES,1,1,1,
2026-09-28 15:49:05,c1-rule,4130000,30.45,85.74,1004.46,32.44,62.89,1003.94,1,0,RULES,1,1,1,
2026-09-28 15:49:06,c1-rule,4131000,30.44,86.04,1004.36,32.44,63.34,1003.95,1,0,RULES,1,1,1,
2026-09-28 15:49:07,c1-rule,4132000,30.41,85.35,1004.42,32.43,63.32,1003.96,1,0,RULES,1,1,1,
2026-09-28 15:49:08,c1-rule,4133000,30.39,84.73,1004.36,32.45,63.41,1003.93,1,0,RULES,1,1,1,
2026-09-28 15:49:09,c1-rule,4134000,30.40,84.87,1004.37,32.44,63.35,1004.01,1,0,RULES,1,1,1,
2026-09-28 15:49:10,c1-rule,4135000,30.42,85.56,1004.37,32.44,63.32,1003.98,1,0,RULES,1,1,1,
2026-09-28 15:49:11,c1-rule,4136000,30.43,85.88,1004.42,32.43,62.92,1003.99,1,0,RULES,1,1,1,
2026-09-28 15:49:12,c1-rule,4137000,30.45,85.84,1004.43,32.44,63.16,1004.03,1,0,RULES,1,1,1,
2026-09-28 15:49:13,c1-rule,4138000,30.45,86.35,1004.32,32.45,63.20,1004.02,1,0,RULES,1,1,1,
2026-09-28 15:49:14,c1-rule,4139000,30.46,86.28,1004.39,32.44,63.05,1003.98,1,0,RULES,1,1,1,
2026-09-28 15:49:15,c1-rule,4140000,30.48,86.54,1004.37,32.43,63.06,1003.96,1,0,RULES,1,1,1,
2026-09-28 15:49:17,c1-rule,4141000,30.50,86.91,1004.37,32.43,63.16,1003.98,1,0,RULES,1,1,1,
2026-09-28 15:49:17,c1-rule,4142000,30.50,86.76,1004.42,32.44,63.07,1004.01,1,0,RULES,1,1,1,
2026-09-28 15:49:18,c1-rule,4143000,30.51,86.79,1004.38,32.43,62.99,1003.93,1,0,RULES,1,1,1,
2026-09-28 15:49:19,c1-rule,4144000,30.49,86.79,1004.35,32.43,62.99,1003.96,1,0,RULES,1,1,1,
2026-09-28 15:49:20,c1-rule,4145000,30.50,86.88,1004.42,32.43,63.07,1003.94,1,0,RULES,1,1,1,
2026-09-28 15:49:21,c1-rule,4146000,30.53,86.77,1004.36,32.43,63.28,1004.02,1,0,RULES,1,1,1,
2026-09-28 15:49:22,c1-rule,4147000,30.53,86.96,1004.38,32.45,63.10,1004.04,1,0,RULES,1,1,1,
2026-09-28 15:49:23,c1-rule,4148000,30.53,87.05,1004.36,32.43,62.94,1003.94,1,0,RULES,1,1,1,
2026-09-28 15:49:24,c1-rule,4149000,30.56,87.06,1004.43,32.43,63.01,1003.96,1,0,RULES,1,1,1,
2026-09-28 15:49:25,c1-rule,4150000,30.56,86.89,1004.43,32.44,63.10,1003.98,1,0,RULES,1,1,1,
2026-09-28 15:49:26,c1-rule,4151000,30.54,87.13,1004.35,32.43,63.06,1003.99,1,0,RULES,1,1,1,
2026-09-28 15:49:27,c1-rule,4152000,30.52,86.68,1004.40,32.45,63.31,1003.99,1,0,RULES,1,1,1,
2026-09-28 15:49:28,c1-rule,4153000,30.49,86.00,1004.41,32.45,62.98,1003.96,1,0,RULES,1,1,1,
2026-09-28 15:49:30,c1-rule,4154000,30.51,86.01,1004.38,32.44,63.03,1003.98,1,0,RULES,1,1,1,
2026-09-28 15:49:30,c1-rule,4155000,30.51,86.38,1004.33,32.45,63.14,1003.99,1,0,RULES,1,1,1,
2026-09-28 15:49:31,c1-rule,4156000,30.47,85.82,1004.41,32.45,63.45,1003.90,1,0,RULES,1,1,1,
2026-09-28 15:49:32,c1-rule,4157000,30.49,86.36,1004.38,32.43,63.09,1003.96,1,0,RULES,1,1,1,
2026-09-28 15:49:33,c1-rule,4158000,30.50,86.38,1004.39,32.44,63.13,1003.98,1,0,RULES,1,1,1,
2026-09-28 15:49:34,c1-rule,4159000,30.49,86.75,1004.41,32.45,63.09,1004.02,1,0,RULES,1,1,1,
2026-09-28 15:49:35,c1-rule,4160000,30.47,86.37,1004.34,32.44,62.95,1003.98,1,0,RULES,1,1,1,
2026-09-28 15:49:36,c1-rule,4161000,30.44,85.53,1004.33,32.44,63.08,1003.94,1,0,RULES,1,1,1,
2026-09-28 15:49:37,c1-rule,4162000,30.46,85.95,1004.36,32.44,63.10,1004.01,1,0,RULES,1,1,1,
2026-09-28 15:49:38,c1-rule,4163000,30.50,86.27,1004.39,32.45,63.14,1003.99,1,0,RULES,1,1,1,
2026-09-28 15:49:39,c1-rule,4164000,30.44,84.85,1004.41,32.45,63.40,1003.99,1,0,RULES,1,1,1,
2026-09-28 15:49:40,c1-rule,4165000,30.41,83.40,1004.28,32.44,63.12,1003.94,1,0,RULES,1,1,1,
2026-09-28 15:49:41,c1-rule,4166000,30.43,84.38,1004.36,32.45,63.03,1003.94,1,0,RULES,1,1,1,
2026-09-28 15:49:42,c1-rule,4167000,30.42,85.05,1004.35,32.45,63.64,1004.02,1,0,RULES,1,1,1,
2026-09-28 15:49:43,c1-rule,4168000,30.38,84.14,1004.35,32.44,63.64,1003.95,1,0,RULES,1,1,1,
2026-09-28 15:49:44,c1-rule,4169000,30.38,84.17,1004.40,32.44,63.34,1003.98,1,0,RULES,1,1,1,
2026-09-28 15:49:45,c1-rule,4170000,30.40,84.74,1004.32,32.44,63.35,1003.97,1,0,RULES,1,1,1,
2026-09-28 15:49:46,c1-rule,4171000,30.41,85.50,1004.41,32.45,63.35,1003.99,1,0,RULES,1,1,1,
2026-09-28 15:49:47,c1-rule,4172000,30.40,85.47,1004.34,32.45,62.92,1003.93,1,0,RULES,1,1,1,
2026-09-28 15:49:48,c1-rule,4173000,30.41,85.77,1004.37,32.45,62.96,1003.96,1,0,RULES,1,1,1,
2026-09-28 15:49:49,c1-rule,4174000,30.38,85.61,1004.34,32.45,63.05,1003.94,1,0,RULES,1,1,1,
2026-09-28 15:49:51,c1-rule,4175000,30.40,85.69,1004.38,32.45,63.05,1003.99,1,0,RULES,1,1,1,
2026-09-28 15:49:51,c1-rule,4176000,30.41,85.80,1004.34,32.45,63.04,1004.00,1,0,RULES,1,1,1,
2026-09-28 15:49:52,c1-rule,4177000,30.41,86.18,1004.41,32.45,62.90,1004.00,1,0,RULES,1,1,1,
2026-09-28 15:49:53,c1-rule,4178000,30.43,86.39,1004.42,32.45,62.79,1004.00,1,0,RULES,1,1,1,
2026-09-28 15:49:54,c1-rule,4179000,30.44,86.45,1004.41,32.45,63.12,1004.00,1,0,RULES,1,1,1,
2026-09-28 15:49:55,c1-rule,4180000,30.44,86.61,1004.33,32.45,62.82,1004.02,1,0,RULES,1,1,1,
2026-09-28 15:49:56,c1-rule,4181000,30.46,86.90,1004.39,32.46,62.91,1003.95,1,0,RULES,1,1,1,
2026-09-28 15:49:58,c1-rule,4182000,30.47,87.11,1004.40,32.46,62.99,1003.98,1,0,RULES,1,1,1,
2026-09-28 15:49:58,c1-rule,4183000,30.49,87.09,1004.38,32.45,62.98,1003.97,1,0,RULES,1,1,1,
2026-09-28 15:49:59,c1-rule,4184000,30.50,87.03,1004.36,32.46,62.81,1003.92,1,0,RULES,1,1,1,
2026-09-28 15:50:00,c1-rule,4185000,30.50,87.23,1004.40,32.46,62.81,1004.01,1,0,RULES,1,1,1,
2026-09-28 15:50:01,c1-rule,4186000,30.52,87.52,1004.40,32.46,62.86,1004.01,1,0,RULES,1,1,1,
2026-09-28 15:50:02,c1-rule,4187000,30.53,87.54,1004.31,32.46,62.86,1004.00,1,0,RULES,1,1,1,
2026-09-28 15:50:03,c1-rule,4188000,30.55,87.67,1004.39,32.46,62.90,1003.89,1,0,RULES,1,1,1,
2026-09-28 15:50:05,c1-rule,4189000,30.56,87.73,1004.38,32.46,62.80,1003.98,1,0,RULES,1,1,1,
2026-09-28 15:50:05,c1-rule,4190000,30.59,87.68,1004.42,32.46,62.99,1003.92,1,0,RULES,1,1,1,
2026-09-28 15:50:06,c1-rule,4191000,30.55,87.43,1004.40,32.47,62.79,1004.02,1,0,RULES,1,1,1,
2026-09-28 15:50:07,c1-rule,4192000,30.57,87.69,1004.39,32.47,62.94,1004.05,1,0,RULES,1,1,1,
2026-09-28 15:50:08,c1-rule,4193000,30.58,87.73,1004.41,32.46,62.96,1003.96,1,0,RULES,1,1,1,
2026-09-28 15:50:09,c1-rule,4194000,30.58,87.57,1004.39,32.46,62.94,1003.96,1,0,RULES,1,1,1,
2026-09-28 15:50:10,c1-rule,4195000,30.57,87.50,1004.43,32.46,62.87,1003.98,1,0,RULES,1,1,1,
2026-09-28 15:50:11,c1-rule,4196000,30.52,87.04,1004.38,32.48,63.03,1004.01,1,0,RULES,1,1,1,
2026-09-28 15:50:12,c1-rule,4197000,30.51,86.80,1004.36,32.46,62.88,1003.96,1,0,RULES,1,1,1,
2026-09-28 15:50:13,c1-rule,4198000,30.54,87.01,1004.35,32.47,62.93,1003.96,1,0,RULES,1,1,1,
2026-09-28 15:50:14,c1-rule,4199000,30.57,87.34,1004.40,32.46,62.93,1003.96,1,0,RULES,1,1,1,
2026-09-28 15:50:15,c1-rule,,,,,,,,,,,,,,mist A=0 B=0 (burst cap)
2026-09-28 15:50:15,c1-rule,4200000,30.58,87.08,1004.44,32.47,62.90,1003.99,0,0,RULES,1,1,1,
2026-09-28 15:50:16,c1-rule,4201000,30.57,86.98,1004.39,32.47,62.92,1003.96,0,0,RULES,1,1,1,
2026-09-28 15:50:18,c1-rule,4202000,30.57,86.53,1004.37,32.47,62.96,1004.00,0,0,RULES,1,1,1,
2026-09-28 15:50:18,c1-rule,4203000,30.58,86.57,1004.35,32.47,63.07,1004.03,0,0,RULES,1,1,1,
2026-09-28 15:50:19,c1-rule,4204000,30.58,86.82,1004.38,32.46,62.94,1003.98,0,0,RULES,1,1,1,
2026-09-28 15:50:20,c1-rule,4205000,30.58,86.51,1004.39,32.47,62.85,1003.91,0,0,RULES,1,1,1,
2026-09-28 15:50:21,c1-rule,4206000,30.56,86.66,1004.36,32.47,62.78,1003.94,0,0,RULES,1,1,1,
2026-09-28 15:50:22,c1-rule,4207000,30.58,86.73,1004.36,32.48,62.73,1003.95,0,0,RULES,1,1,1,
2026-09-28 15:50:23,c1-rule,4208000,30.59,86.65,1004.37,32.48,62.71,1003.98,0,0,RULES,1,1,1,
2026-09-28 15:50:24,c1-rule,4209000,30.58,86.84,1004.33,32.48,63.00,1003.98,0,0,RULES,1,1,1,
2026-09-28 15:50:25,c1-rule,4210000,30.55,86.53,1004.37,32.47,62.79,1003.97,0,0,RULES,1,1,1,
2026-09-28 15:50:26,c1-rule,4211000,30.51,85.72,1004.36,32.47,62.71,1003.94,0,0,RULES,1,1,1,
2026-09-28 15:50:27,c1-rule,4212000,30.50,84.96,1004.39,32.47,62.80,1003.94,0,0,RULES,1,1,1,
2026-09-28 15:50:28,c1-rule,4213000,30.49,84.95,1004.30,32.47,62.72,1003.99,0,0,RULES,1,1,1,
2026-09-28 15:50:29,c1-rule,4214000,30.50,85.07,1004.45,32.49,62.67,1003.97,0,0,RULES,1,1,1,
2026-09-28 15:50:30,c1-rule,4215000,30.47,84.86,1004.35,32.48,62.69,1003.95,0,0,RULES,1,1,1,
2026-09-28 15:50:31,c1-rule,4216000,30.46,84.79,1004.31,32.48,62.63,1003.96,0,0,RULES,1,1,1,
2026-09-28 15:50:32,c1-rule,4217000,30.45,84.01,1004.32,32.49,62.75,1003.94,0,0,RULES,1,1,1,
2026-09-28 15:50:33,c1-rule,4218000,30.44,83.69,1004.41,32.48,62.59,1003.96,0,0,RULES,1,1,1,
2026-09-28 15:50:34,c1-rule,4219000,30.43,83.50,1004.33,32.49,62.63,1003.94,0,0,RULES,1,1,1,
2026-09-28 15:50:35,c1-rule,4220000,30.42,83.30,1004.35,32.49,62.68,1004.00,0,0,RULES,1,1,1,
2026-09-28 15:50:36,c1-rule,4221000,30.40,83.25,1004.35,32.49,62.55,1004.00,0,0,RULES,1,1,1,
2026-09-28 15:50:37,c1-rule,4222000,30.41,83.38,1004.39,32.49,62.59,1003.94,0,0,RULES,1,1,1,
2026-09-28 15:50:38,c1-rule,4223000,30.39,82.61,1004.35,32.48,62.89,1003.90,0,0,RULES,1,1,1,
2026-09-28 15:50:39,c1-rule,4224000,30.39,82.87,1004.36,32.48,62.47,1003.93,0,0,RULES,1,1,1,
2026-09-28 15:50:40,c1-rule,4225000,30.39,83.13,1004.41,32.49,62.77,1004.00,0,0,RULES,1,1,1,
2026-09-28 15:50:41,c1-rule,4226000,30.39,83.51,1004.41,32.49,62.62,1003.95,0,0,RULES,1,1,1,
2026-09-28 15:50:42,c1-rule,4227000,30.38,83.33,1004.35,32.48,62.66,1004.04,0,0,RULES,1,1,1,
2026-09-28 15:50:43,c1-rule,4228000,30.37,83.35,1004.29,32.49,62.77,1003.94,0,0,RULES,1,1,1,
2026-09-28 15:50:44,c1-rule,4229000,30.38,83.88,1004.37,32.49,62.66,1004.03,0,0,RULES,1,1,1,
2026-09-28 15:50:46,c1-rule,4230000,30.37,83.52,1004.33,32.48,62.70,1003.95,0,0,RULES,1,1,1,
2026-09-28 15:50:46,c1-rule,4231000,30.38,83.15,1004.40,32.48,62.68,1003.92,0,0,RULES,1,1,1,
2026-09-28 15:50:47,c1-rule,4232000,30.38,83.29,1004.40,32.48,62.67,1003.98,0,0,RULES,1,1,1,
2026-09-28 15:50:48,c1-rule,4233000,30.37,83.31,1004.35,32.48,62.55,1003.98,0,0,RULES,1,1,1,
2026-09-28 15:50:49,c1-rule,4234000,30.36,83.25,1004.31,32.48,62.62,1003.92,0,0,RULES,1,1,1,
2026-09-28 15:50:50,c1-rule,4235000,30.36,83.22,1004.37,32.48,62.62,1003.90,0,0,RULES,1,1,1,
2026-09-28 15:50:51,c1-rule,4236000,30.35,83.37,1004.33,32.48,62.76,1003.99,0,0,RULES,1,1,1,
2026-09-28 15:50:52,c1-rule,4237000,30.35,83.20,1004.33,32.48,62.47,1003.99,0,0,RULES,1,1,1,
2026-09-28 15:50:53,c1-rule,4238000,30.35,83.73,1004.35,32.49,62.46,1003.94,0,0,RULES,1,1,1,
2026-09-28 15:50:54,c1-rule,4239000,30.35,83.37,1004.32,32.49,62.45,1003.97,0,0,RULES,1,1,1,
2026-09-28 15:50:55,c1-rule,4240000,30.35,83.71,1004.35,32.48,62.45,1003.90,0,0,RULES,1,1,1,
2026-09-28 15:50:56,c1-rule,4241000,30.36,83.87,1004.33,32.49,62.51,1003.94,0,0,RULES,1,1,1,
2026-09-28 15:50:57,c1-rule,4242000,30.36,84.01,1004.40,32.49,62.49,1003.94,0,0,RULES,1,1,1,
2026-09-28 15:50:59,c1-rule,4243000,30.37,84.04,1004.35,32.49,62.51,1003.97,0,0,RULES,1,1,1,
2026-09-28 15:50:59,c1-rule,4244000,30.38,84.40,1004.37,32.48,62.61,1003.96,0,0,RULES,1,1,1,
2026-09-28 15:51:00,c1-rule,4245000,30.38,84.26,1004.34,32.49,62.54,1003.91,0,0,RULES,1,1,1,
2026-09-28 15:51:01,c1-rule,4246000,30.38,84.34,1004.32,32.49,62.52,1003.97,0,0,RULES,1,1,1,
2026-09-28 15:51:02,c1-rule,4247000,30.39,83.79,1004.33,32.49,62.53,1003.98,0,0,RULES,1,1,1,
2026-09-28 15:51:03,c1-rule,4248000,30.39,83.52,1004.36,32.48,62.49,1003.93,0,0,RULES,1,1,1,
2026-09-28 15:51:04,c1-rule,4249000,30.40,84.14,1004.26,32.49,62.58,1003.97,0,0,RULES,1,1,1,
2026-09-28 15:51:05,c1-rule,4250000,30.40,84.14,1004.37,32.48,62.53,1003.92,0,0,RULES,1,1,1,
2026-09-28 15:51:07,c1-rule,4251000,30.41,84.02,1004.39,32.49,62.59,1003.91,0,0,RULES,1,1,1,
2026-09-28 15:51:07,c1-rule,4252000,30.40,83.99,1004.35,32.48,62.54,1003.96,0,0,RULES,1,1,1,
2026-09-28 15:51:08,c1-rule,4253000,30.41,83.93,1004.33,32.48,62.42,1003.85,0,0,RULES,1,1,1,
2026-09-28 15:51:09,c1-rule,4254000,30.41,83.67,1004.34,32.49,62.30,1003.94,0,0,RULES,1,1,1,
2026-09-28 15:51:10,c1-rule,4255000,30.42,84.04,1004.33,32.50,62.46,1003.90,0,0,RULES,1,1,1,
2026-09-28 15:51:11,c1-rule,4256000,30.43,83.91,1004.37,32.49,62.36,1004.00,0,0,RULES,1,1,1,
2026-09-28 15:51:12,c1-rule,4257000,30.43,83.72,1004.31,32.49,62.79,1003.94,0,0,RULES,1,1,1,
2026-09-28 15:51:13,c1-rule,4258000,30.44,83.71,1004.27,32.50,62.41,1003.96,0,0,RULES,1,1,1,
2026-09-28 15:51:14,c1-rule,4259000,30.45,83.99,1004.32,32.49,62.44,1003.95,0,0,RULES,1,1,1,
2026-09-28 15:51:15,c1-rule,4260000,30.47,84.06,1004.31,32.49,62.33,1003.92,0,0,RULES,1,1,1,
2026-09-28 15:51:16,c1-rule,4261000,30.48,84.32,1004.33,32.48,62.26,1003.90,0,0,RULES,1,1,1,
2026-09-28 15:51:17,c1-rule,4262000,30.48,84.65,1004.34,32.49,62.15,1003.94,0,0,RULES,1,1,1,
2026-09-28 15:51:18,c1-rule,4263000,30.50,84.58,1004.39,32.49,62.31,1004.00,0,0,RULES,1,1,1,
2026-09-28 15:51:20,c1-rule,4264000,30.51,84.57,1004.32,32.49,62.11,1003.97,0,0,RULES,1,1,1,
2026-09-28 15:51:20,c1-rule,4265000,30.52,84.72,1004.31,32.49,62.21,1003.97,0,0,RULES,1,1,1,
2026-09-28 15:51:21,c1-rule,4266000,30.51,84.35,1004.39,32.49,62.34,1003.94,0,0,RULES,1,1,1,
2026-09-28 15:51:22,c1-rule,4267000,30.54,84.49,1004.34,32.49,62.27,1003.94,0,0,RULES,1,1,1,
2026-09-28 15:51:23,c1-rule,4268000,30.55,84.78,1004.40,32.48,62.40,1003.93,0,0,RULES,1,1,1,
2026-09-28 15:51:24,c1-rule,4269000,30.56,84.92,1004.35,32.48,62.39,1003.87,0,0,RULES,1,1,1,
2026-09-28 15:51:25,c1-rule,4270000,30.57,84.92,1004.32,32.49,62.53,1003.97,0,0,RULES,1,1,1,
2026-09-28 15:51:26,c1-rule,4271000,30.57,84.38,1004.37,32.49,62.41,1004.00,0,0,RULES,1,1,1,
2026-09-28 15:51:27,c1-rule,4272000,30.58,84.65,1004.30,32.48,62.27,1003.92,0,0,RULES,1,1,1,
2026-09-28 15:51:28,c1-rule,4273000,30.60,84.68,1004.32,32.49,62.37,1003.95,0,0,RULES,1,1,1,
2026-09-28 15:51:29,c1-rule,4274000,30.61,84.51,1004.31,32.49,62.33,1003.97,0,0,RULES,1,1,1,
2026-09-28 15:51:30,c1-rule,4275000,30.62,84.74,1004.35,32.49,62.23,1003.95,0,0,RULES,1,1,1,
2026-09-28 15:51:31,c1-rule,4276000,30.63,84.59,1004.40,32.48,62.21,1003.93,0,0,RULES,1,1,1,
2026-09-28 15:51:32,c1-rule,4277000,30.64,84.58,1004.36,32.49,62.39,1003.98,0,0,RULES,1,1,1,
2026-09-28 15:51:33,c1-rule,4278000,30.65,84.62,1004.37,32.48,62.22,1003.93,0,0,RULES,1,1,1,
2026-09-28 15:51:34,c1-rule,4279000,30.66,84.86,1004.39,32.49,62.24,1003.95,0,0,RULES,1,1,1,
2026-09-28 15:51:35,c1-rule,4280000,30.67,84.81,1004.35,32.49,62.24,1004.00,0,0,RULES,1,1,1,
2026-09-28 15:51:36,c1-rule,4281000,30.68,84.73,1004.34,32.49,62.33,1003.97,0,0,RULES,1,1,1,
2026-09-28 15:51:37,c1-rule,4282000,30.69,84.73,1004.38,32.49,62.27,1003.94,0,0,RULES,1,1,1,
2026-09-28 15:51:38,c1-rule,4283000,30.70,84.83,1004.34,32.49,62.26,1003.95,0,0,RULES,1,1,1,
2026-09-28 15:51:40,c1-rule,4284000,30.70,84.66,1004.37,32.49,62.34,1003.86,0,0,RULES,1,1,1,
2026-09-28 15:51:40,c1-rule,4285000,30.70,84.85,1004.40,32.49,62.40,1003.94,0,0,RULES,1,1,1,
2026-09-28 15:51:41,c1-rule,4286000,30.73,84.71,1004.39,32.48,62.33,1003.96,0,0,RULES,1,1,1,
2026-09-28 15:51:42,c1-rule,4287000,30.73,84.89,1004.39,32.49,62.27,1003.97,0,0,RULES,1,1,1,
2026-09-28 15:51:43,c1-rule,4288000,30.73,84.23,1004.37,32.49,62.64,1004.00,0,0,RULES,1,1,1,
2026-09-28 15:51:44,c1-rule,4289000,30.75,84.71,1004.37,32.49,62.22,1003.86,0,0,RULES,1,1,1,
2026-09-28 15:51:45,c1-rule,4290000,30.77,85.00,1004.37,32.49,62.22,1003.97,0,0,RULES,1,1,1,
2026-09-28 15:51:46,c1-rule,4291000,30.78,84.84,1004.38,32.48,62.22,1004.02,0,0,RULES,1,1,1,
2026-09-28 15:51:48,c1-rule,4292000,30.78,85.11,1004.36,32.49,62.26,1004.00,0,0,RULES,1,1,1,
2026-09-28 15:51:48,c1-rule,4293000,30.79,84.94,1004.37,32.48,62.41,1003.93,0,0,RULES,1,1,1,
2026-09-28 15:51:49,c1-rule,4294000,30.80,85.30,1004.33,32.48,62.43,1003.93,0,0,RULES,1,1,1,
2026-09-28 15:51:50,c1-rule,4295000,30.80,85.39,1004.28,32.49,62.38,1004.00,0,0,RULES,1,1,1,
2026-09-28 15:51:51,c1-rule,4296000,30.81,85.12,1004.38,32.49,62.42,1004.00,0,0,RULES,1,1,1,
2026-09-28 15:51:52,c1-rule,4297000,30.82,84.93,1004.37,32.48,62.27,1003.95,0,0,RULES,1,1,1,
2026-09-28 15:51:53,c1-rule,4298000,30.83,85.15,1004.38,32.49,62.37,1003.94,0,0,RULES,1,1,1,
2026-09-28 15:51:55,c1-rule,4299000,30.84,85.08,1004.40,32.50,62.59,1003.96,0,0,RULES,1,1,1,
2026-09-28 15:51:55,c1-rule,4300000,30.86,85.32,1004.41,32.49,62.58,1003.91,0,0,RULES,1,1,1,
2026-09-28 15:51:56,c1-rule,4301000,30.87,85.17,1004.45,32.49,62.27,1003.95,0,0,RULES,1,1,1,
2026-09-28 15:51:57,c1-rule,4302000,30.87,85.01,1004.30,32.49,62.33,1004.00,0,0,RULES,1,1,1,
2026-09-28 15:51:58,c1-rule,4303000,30.89,85.33,1004.48,32.49,62.31,1003.92,0,0,RULES,1,1,1,
2026-09-28 15:51:59,c1-rule,4304000,30.89,85.09,1004.32,32.49,62.07,1004.00,0,0,RULES,1,1,1,
2026-09-28 15:52:00,c1-rule,4305000,30.89,85.35,1004.37,32.48,62.20,1003.95,0,0,RULES,1,1,1,
2026-09-28 15:52:01,c1-rule,4306000,30.90,85.02,1004.38,32.49,62.10,1003.88,0,0,RULES,1,1,1,
2026-09-28 15:52:02,c1-rule,4307000,30.91,85.44,1004.38,32.50,62.06,1003.96,0,0,RULES,1,1,1,
2026-09-28 15:52:03,c1-rule,4308000,30.92,85.34,1004.36,32.49,62.02,1003.94,0,0,RULES,1,1,1,
2026-09-28 15:52:04,c1-rule,4309000,30.93,85.37,1004.38,32.49,61.93,1003.97,0,0,RULES,1,1,1,
2026-09-28 15:52:05,c1-rule,4310000,30.93,85.30,1004.34,32.49,61.92,1003.94,0,0,RULES,1,1,1,
2026-09-28 15:52:06,c1-rule,4311000,30.92,85.16,1004.34,32.50,61.97,1003.87,0,0,RULES,1,1,1,
2026-09-28 15:52:08,c1-rule,4312000,30.93,85.34,1004.32,32.51,62.10,1003.94,0,0,RULES,1,1,1,
2026-09-28 15:52:08,c1-rule,4313000,30.95,85.09,1004.35,32.49,62.01,1003.91,0,0,RULES,1,1,1,
2026-09-28 15:52:09,c1-rule,4314000,30.96,85.19,1004.36,32.49,62.04,1003.89,0,0,RULES,1,1,1,
2026-09-28 15:52:10,c1-rule,4315000,30.97,85.15,1004.35,32.49,62.08,1003.91,0,0,RULES,1,1,1,
2026-09-28 15:52:11,c1-rule,4316000,30.98,85.10,1004.42,32.49,62.12,1003.92,0,0,RULES,1,1,1,
2026-09-28 15:52:12,c1-rule,4317000,30.98,84.81,1004.36,32.49,62.26,1003.94,0,0,RULES,1,1,1,
2026-09-28 15:52:13,c1-rule,4318000,30.98,85.11,1004.33,32.49,62.29,1003.92,0,0,RULES,1,1,1,
2026-09-28 15:52:14,c1-rule,4319000,30.99,84.82,1004.38,32.49,62.15,1003.94,0,0,RULES,1,1,1,
2026-09-28 15:52:15,c1-rule,4320000,31.00,85.04,1004.40,32.50,62.28,1003.90,0,0,RULES,1,1,1,
2026-09-28 15:52:16,c1-rule,4321000,31.00,85.12,1004.40,32.50,62.17,1003.93,0,0,RULES,1,1,1,
2026-09-28 15:52:17,c1-rule,4322000,31.01,85.11,1004.38,32.50,62.38,1003.93,0,0,RULES,1,1,1,
2026-09-28 15:52:18,c1-rule,4323000,31.02,85.25,1004.41,32.50,62.26,1003.96,0,0,RULES,1,1,1,
2026-09-28 15:52:19,c1-rule,4324000,31.03,85.30,1004.36,32.49,62.35,1003.94,0,0,RULES,1,1,1,
2026-09-28 15:52:20,c1-rule,4325000,31.04,85.32,1004.32,32.49,62.28,1003.94,0,0,RULES,1,1,1,
2026-09-28 15:52:21,c1-rule,4326000,31.03,85.11,1004.33,32.49,62.29,1003.88,0,0,RULES,1,1,1,
2026-09-28 15:52:22,c1-rule,4327000,31.05,84.95,1004.36,32.49,62.28,1003.92,0,0,RULES,1,1,1,
2026-09-28 15:52:23,c1-rule,4328000,31.05,85.04,1004.39,32.48,62.26,1003.87,0,0,RULES,1,1,1,
2026-09-28 15:52:24,c1-rule,4329000,31.05,85.09,1004.36,32.49,62.37,1003.94,0,0,RULES,1,1,1,
2026-09-28 15:52:25,c1-rule,4330000,31.07,85.12,1004.37,32.49,62.15,1003.92,0,0,RULES,1,1,1,
2026-09-28 15:52:26,c1-rule,4331000,31.07,85.01,1004.34,32.49,62.03,1003.95,0,0,RULES,1,1,1,
2026-09-28 15:52:27,c1-rule,4332000,31.07,85.23,1004.37,32.49,62.37,1003.92,0,0,RULES,1,1,1,
2026-09-28 15:52:29,c1-rule,4333000,31.08,85.33,1004.39,32.49,62.55,1003.88,0,0,RULES,1,1,1,
2026-09-28 15:52:29,c1-rule,4334000,31.10,85.40,1004.39,32.50,62.11,1003.90,0,0,RULES,1,1,1,
2026-09-28 15:52:30,c1-rule,4335000,31.09,85.31,1004.35,32.50,62.32,1003.96,0,0,RULES,1,1,1,
2026-09-28 15:52:31,c1-rule,4336000,31.09,85.11,1004.41,32.49,62.28,1003.86,0,0,RULES,1,1,1,
2026-09-28 15:52:32,c1-rule,4337000,31.10,85.27,1004.37,32.49,62.57,1003.89,0,0,RULES,1,1,1,
2026-09-28 15:52:33,c1-rule,4338000,31.11,85.26,1004.35,32.49,62.32,1003.95,0,0,RULES,1,1,1,
2026-09-28 15:52:34,c1-rule,4339000,31.11,85.19,1004.35,32.49,62.45,1003.88,0,0,RULES,1,1,1,
2026-09-28 15:52:35,c1-rule,4340000,31.12,85.10,1004.39,32.50,62.43,1003.96,0,0,RULES,1,1,1,
2026-09-28 15:52:36,c1-rule,4341000,31.12,85.08,1004.40,32.50,62.53,1003.90,0,0,RULES,1,1,1,
2026-09-28 15:52:37,c1-rule,4342000,31.12,84.88,1004.37,32.49,62.33,1003.97,0,0,RULES,1,1,1,
2026-09-28 15:52:38,c1-rule,4343000,31.13,85.08,1004.35,32.49,62.57,1003.92,0,0,RULES,1,1,1,
2026-09-28 15:52:39,c1-rule,4344000,31.15,85.19,1004.38,32.49,62.68,1003.98,0,0,RULES,1,1,1,
2026-09-28 15:52:40,c1-rule,4345000,31.15,85.01,1004.39,32.49,62.61,1003.86,0,0,RULES,1,1,1,
2026-09-28 15:52:41,c1-rule,4346000,31.16,85.30,1004.31,32.49,62.41,1003.98,0,0,RULES,1,1,1,
2026-09-28 15:52:42,c1-rule,4347000,31.16,85.30,1004.37,32.49,62.12,1003.94,0,0,RULES,1,1,1,
2026-09-28 15:52:43,c1-rule,4348000,31.17,85.19,1004.36,32.49,62.16,1003.86,0,0,RULES,1,1,1,
2026-09-28 15:52:44,c1-rule,4349000,31.17,85.39,1004.34,32.49,62.00,1003.92,0,0,RULES,1,1,1,
2026-09-28 15:52:45,c1-rule,4350000,31.18,85.32,1004.29,32.50,62.11,1003.90,0,0,RULES,1,1,1,
2026-09-28 15:52:46,c1-rule,4351000,31.19,85.45,1004.36,32.50,62.04,1003.93,0,0,RULES,1,1,1,
2026-09-28 15:52:47,c1-rule,4352000,31.19,85.27,1004.37,32.50,62.01,1003.91,0,0,RULES,1,1,1,
2026-09-28 15:52:49,c1-rule,4353000,31.19,85.25,1004.34,32.50,61.99,1003.98,0,0,RULES,1,1,1,
2026-09-28 15:52:49,c1-rule,4354000,31.19,85.50,1004.34,32.49,62.06,1003.89,0,0,RULES,1,1,1,
2026-09-28 15:52:50,c1-rule,4355000,31.21,85.43,1004.37,32.49,62.02,1003.89,0,0,RULES,1,1,1,
2026-09-28 15:52:51,c1-rule,4356000,31.20,85.45,1004.33,32.49,62.07,1003.84,0,0,RULES,1,1,1,
2026-09-28 15:52:52,c1-rule,4357000,31.22,85.42,1004.30,32.50,62.01,1003.96,0,0,RULES,1,1,1,
2026-09-28 15:52:53,c1-rule,4358000,31.21,85.25,1004.35,32.50,62.30,1003.90,0,0,RULES,1,1,1,
2026-09-28 15:52:54,c1-rule,4359000,31.22,85.26,1004.33,32.49,62.01,1003.94,0,0,RULES,1,1,1,
2026-09-28 15:52:55,c1-rule,4360000,31.24,85.41,1004.39,32.49,62.16,1003.89,0,0,RULES,1,1,1,
2026-09-28 15:52:56,c1-rule,4361000,31.22,85.09,1004.33,32.50,62.11,1003.96,0,0,RULES,1,1,1,
2026-09-28 15:52:57,c1-rule,4362000,31.23,85.29,1004.35,32.49,61.93,1003.91,0,0,RULES,1,1,1,
2026-09-28 15:52:58,c1-rule,4363000,31.24,85.46,1004.36,32.49,62.17,1003.92,0,0,RULES,1,1,1,
2026-09-28 15:52:59,c1-rule,4364000,31.25,85.21,1004.41,32.49,62.20,1003.91,0,0,RULES,1,1,1,
2026-09-28 15:53:00,c1-rule,4365000,31.26,85.34,1004.36,32.49,62.04,1003.89,0,0,RULES,1,1,1,
2026-09-28 15:53:02,c1-rule,4366000,31.26,85.37,1004.34,32.48,62.30,1003.88,0,0,RULES,1,1,1,
2026-09-28 15:53:02,c1-rule,4367000,31.26,85.37,1004.34,32.49,62.34,1003.88,0,0,RULES,1,1,1,
2026-09-28 15:53:03,c1-rule,4368000,31.26,85.23,1004.31,32.49,62.45,1003.91,0,0,RULES,1,1,1,
2026-09-28 15:53:04,c1-rule,4369000,31.27,85.50,1004.35,32.48,62.28,1003.90,0,0,RULES,1,1,1,
2026-09-28 15:53:05,c1-rule,4370000,31.27,85.36,1004.36,32.49,62.29,1003.92,0,0,RULES,1,1,1,
2026-09-28 15:53:06,c1-rule,4371000,31.27,85.30,1004.32,32.48,62.18,1003.88,0,0,RULES,1,1,1,
2026-09-28 15:53:07,c1-rule,4372000,31.28,85.38,1004.37,32.48,62.19,1003.88,0,0,RULES,1,1,1,
2026-09-28 15:53:08,c1-rule,4373000,31.28,85.42,1004.34,32.49,62.42,1003.86,0,0,RULES,1,1,1,
2026-09-28 15:53:10,c1-rule,4374000,31.29,85.39,1004.35,32.49,62.21,1003.92,0,0,RULES,1,1,1,
2026-09-28 15:53:10,c1-rule,4375000,31.29,85.13,1004.38,32.49,62.24,1003.88,0,0,RULES,1,1,1,
2026-09-28 15:53:11,c1-rule,4376000,31.29,85.38,1004.33,32.48,62.12,1003.81,0,0,RULES,1,1,1,
2026-09-28 15:53:12,c1-rule,4377000,31.30,85.26,1004.35,32.49,62.28,1003.91,0,0,RULES,1,1,1,
2026-09-28 15:53:13,c1-rule,4378000,31.30,85.31,1004.41,32.49,62.28,1003.97,0,0,RULES,1,1,1,
2026-09-28 15:53:14,c1-rule,4379000,31.30,85.22,1004.34,32.49,62.29,1003.92,0,0,RULES,1,1,1,
2026-09-28 15:53:15,c1-rule,4380000,31.31,85.19,1004.30,32.49,62.29,1003.89,0,0,RULES,1,1,1,
2026-09-28 15:53:16,c1-rule,4381000,31.32,85.29,1004.37,32.49,62.18,1003.92,0,0,RULES,1,1,1,
2026-09-28 15:53:17,c1-rule,4382000,31.31,85.28,1004.34,32.49,62.24,1003.92,0,0,RULES,1,1,1,
2026-09-28 15:53:18,c1-rule,4383000,31.32,85.38,1004.33,32.49,62.36,1003.91,0,0,RULES,1,1,1,
2026-09-28 15:53:19,c1-rule,4384000,31.33,85.28,1004.37,32.48,62.27,1003.92,0,0,RULES,1,1,1,
2026-09-28 15:53:20,c1-rule,4385000,31.32,85.21,1004.33,32.49,62.28,1003.88,0,0,RULES,1,1,1,
2026-09-28 15:53:21,c1-rule,4386000,31.33,85.19,1004.40,32.49,62.21,1003.88,0,0,RULES,1,1,1,
2026-09-28 15:53:23,c1-rule,4387000,31.33,84.99,1004.34,32.49,62.31,1003.89,0,0,RULES,1,1,1,
2026-09-28 15:53:23,c1-rule,4388000,31.34,85.06,1004.38,32.49,62.43,1003.88,0,0,RULES,1,1,1,
2026-09-28 15:53:24,c1-rule,4389000,31.36,85.21,1004.35,32.48,62.32,1003.93,0,0,RULES,1,1,1,
2026-09-28 15:53:25,c1-rule,4390000,31.35,85.24,1004.33,32.48,62.32,1003.90,0,0,RULES,1,1,1,
2026-09-28 15:53:26,c1-rule,4391000,31.35,85.14,1004.33,32.48,62.25,1003.90,0,0,RULES,1,1,1,
2026-09-28 15:53:27,c1-rule,4392000,31.36,85.13,1004.43,32.48,62.41,1003.90,0,0,RULES,1,1,1,
2026-09-28 15:53:28,c1-rule,4393000,31.36,85.19,1004.32,32.49,62.56,1003.84,0,0,RULES,1,1,1,
2026-09-28 15:53:29,c1-rule,4394000,31.38,85.23,1004.32,32.48,62.37,1003.93,0,0,RULES,1,1,1,
2026-09-28 15:53:30,c1-rule,4395000,31.38,85.13,1004.38,32.48,62.45,1003.88,0,0,RULES,1,1,1,
2026-09-28 15:53:31,c1-rule,4396000,31.38,85.25,1004.35,32.49,62.33,1003.91,0,0,RULES,1,1,1,
2026-09-28 15:53:32,c1-rule,4397000,31.37,85.34,1004.29,32.49,62.34,1003.94,0,0,RULES,1,1,1,
2026-09-28 15:53:33,c1-rule,4398000,31.40,85.16,1004.38,32.48,62.28,1003.88,0,0,RULES,1,1,1,
2026-09-28 15:53:34,c1-rule,4399000,31.40,85.33,1004.35,32.48,62.38,1003.90,0,0,RULES,1,1,1,
2026-09-28 15:53:36,c1-rule,4400000,31.39,85.31,1004.39,32.48,62.36,1003.87,0,0,RULES,1,1,1,
2026-09-28 15:53:36,c1-rule,4401000,31.39,85.12,1004.37,32.49,62.40,1003.88,0,0,RULES,1,1,1,
2026-09-28 15:53:37,c1-rule,4402000,31.39,85.37,1004.35,32.50,62.30,1003.96,0,0,RULES,1,1,1,
2026-09-28 15:53:38,c1-rule,4403000,31.39,85.20,1004.35,32.48,62.45,1003.85,0,0,RULES,1,1,1,
2026-09-28 15:53:39,c1-rule,4404000,31.41,85.32,1004.37,32.49,62.58,1003.94,0,0,RULES,1,1,1,
2026-09-28 15:53:40,c1-rule,4405000,31.41,85.21,1004.31,32.48,62.43,1003.92,0,0,RULES,1,1,1,
2026-09-28 15:53:41,c1-rule,4406000,31.40,85.19,1004.36,32.48,62.37,1003.90,0,0,RULES,1,1,1,
2026-09-28 15:53:42,c1-rule,4407000,31.40,85.17,1004.33,32.48,62.41,1003.84,0,0,RULES,1,1,1,
2026-09-28 15:53:43,c1-rule,4408000,31.41,85.08,1004.34,32.48,62.50,1003.93,0,0,RULES,1,1,1,
2026-09-28 15:53:44,c1-rule,4409000,31.41,85.04,1004.37,32.48,62.38,1003.92,0,0,RULES,1,1,1,
2026-09-28 15:53:45,c1-rule,4410000,31.42,85.05,1004.36,32.48,62.45,1003.92,0,0,RULES,1,1,1,
2026-09-28 15:53:46,c1-rule,4411000,31.41,85.15,1004.32,32.47,62.52,1003.92,0,0,RULES,1,1,1,
2026-09-28 15:53:47,c1-rule,4412000,31.42,85.08,1004.37,32.48,62.58,1003.84,0,0,RULES,1,1,1,
2026-09-28 15:53:48,c1-rule,4413000,31.43,85.03,1004.32,32.47,62.45,1003.85,0,0,RULES,1,1,1,
2026-09-28 15:53:49,c1-rule,4414000,31.43,85.22,1004.32,32.48,62.60,1003.92,0,0,RULES,1,1,1,
2026-09-28 15:53:50,c1-rule,4415000,31.43,84.93,1004.41,32.47,62.69,1003.85,0,0,RULES,1,1,1,
2026-09-28 15:53:51,c1-rule,4416000,31.44,85.05,1004.33,32.48,62.73,1003.90,0,0,RULES,1,1,1,
2026-09-28 15:53:52,c1-rule,4417000,31.44,85.30,1004.25,32.47,62.64,1003.91,0,0,RULES,1,1,1,
2026-09-28 15:53:53,c1-rule,4418000,31.44,85.26,1004.31,32.47,62.56,1003.96,0,0,RULES,1,1,1,
2026-09-28 15:53:54,c1-rule,4419000,31.44,85.16,1004.39,32.46,62.62,1003.90,0,0,RULES,1,1,1,
2026-09-28 15:53:55,c1-rule,4420000,31.45,85.15,1004.35,32.47,62.64,1003.89,0,0,RULES,1,1,1,
2026-09-28 15:53:57,c1-rule,4421000,31.44,85.32,1004.34,32.47,62.60,1003.92,0,0,RULES,1,1,1,
2026-09-28 15:53:57,c1-rule,4422000,31.44,85.17,1004.31,32.47,62.69,1003.86,0,0,RULES,1,1,1,
2026-09-28 15:53:58,c1-rule,4423000,31.44,84.86,1004.34,32.47,62.76,1003.92,0,0,RULES,1,1,1,
2026-09-28 15:53:59,c1-rule,4424000,31.45,84.85,1004.36,32.47,62.71,1003.91,0,0,RULES,1,1,1,
2026-09-28 15:54:00,c1-rule,4425000,31.45,84.94,1004.29,32.46,62.56,1003.93,0,0,RULES,1,1,1,
2026-09-28 15:54:01,c1-rule,4426000,31.46,85.06,1004.37,32.47,62.69,1003.88,0,0,RULES,1,1,1,
2026-09-28 15:54:02,c1-rule,4427000,31.45,84.98,1004.30,32.46,62.92,1003.84,0,0,RULES,1,1,1,
2026-09-28 15:54:04,c1-rule,4428000,31.46,84.81,1004.34,32.46,62.65,1003.93,0,0,RULES,1,1,1,
2026-09-28 15:54:04,c1-rule,4429000,31.46,84.71,1004.31,32.46,62.64,1003.86,0,0,RULES,1,1,1,
2026-09-28 15:54:05,c1-rule,4430000,31.45,84.76,1004.36,32.46,62.83,1003.90,0,0,RULES,1,1,1,
2026-09-28 15:54:06,c1-rule,4431000,31.47,84.85,1004.35,32.46,62.74,1003.87,0,0,RULES,1,1,1,
2026-09-28 15:54:07,c1-rule,4432000,31.47,84.98,1004.35,32.46,63.13,1003.93,0,0,RULES,1,1,1,
2026-09-28 15:54:08,c1-rule,4433000,31.46,84.88,1004.32,32.46,62.79,1003.92,0,0,RULES,1,1,1,
2026-09-28 15:54:09,c1-rule,4434000,31.47,84.86,1004.39,32.46,62.80,1003.92,0,0,RULES,1,1,1,
2026-09-28 15:54:10,c1-rule,4435000,31.47,84.88,1004.33,32.46,63.09,1003.89,0,0,RULES,1,1,1,
2026-09-28 15:54:11,c1-rule,4436000,31.45,84.36,1004.36,32.46,63.04,1003.90,0,0,RULES,1,1,1,
2026-09-28 15:54:12,c1-rule,4437000,31.46,84.54,1004.32,32.46,62.90,1003.96,0,0,RULES,1,1,1,
2026-09-28 15:54:13,c1-rule,4438000,31.46,84.53,1004.29,32.45,62.67,1003.91,0,0,RULES,1,1,1,
2026-09-28 15:54:14,c1-rule,4439000,31.47,84.67,1004.35,32.45,62.86,1003.88,0,0,RULES,1,1,1,
2026-09-28 15:54:15,c1-rule,4440000,31.47,84.64,1004.30,32.45,62.82,1003.88,0,0,RULES,1,1,1,
2026-09-28 15:54:17,c1-rule,4441000,31.47,84.71,1004.33,32.45,62.89,1003.90,0,0,RULES,1,1,1,
2026-09-28 15:54:17,c1-rule,4442000,31.47,84.66,1004.33,32.46,62.97,1003.92,0,0,RULES,1,1,1,
2026-09-28 15:54:18,c1-rule,4443000,31.48,84.44,1004.29,32.45,62.87,1003.93,0,0,RULES,1,1,1,
2026-09-28 15:54:19,c1-rule,4444000,31.47,84.08,1004.38,32.44,62.92,1003.90,0,0,RULES,1,1,1,
2026-09-28 15:54:20,c1-rule,4445000,31.47,84.07,1004.33,32.45,62.86,1003.83,0,0,RULES,1,1,1,
2026-09-28 15:54:21,c1-rule,4446000,31.47,84.13,1004.31,32.45,62.93,1003.88,0,0,RULES,1,1,1,
2026-09-28 15:54:22,c1-rule,4447000,31.48,84.18,1004.32,32.45,63.00,1003.86,0,0,RULES,1,1,1,
2026-09-28 15:54:23,c1-rule,4448000,31.48,84.36,1004.37,32.45,62.87,1003.82,0,0,RULES,1,1,1,
2026-09-28 15:54:24,c1-rule,4449000,31.47,84.24,1004.36,32.45,62.91,1003.90,0,0,RULES,1,1,1,
2026-09-28 15:54:25,c1-rule,4450000,31.47,84.13,1004.35,32.45,62.94,1003.88,0,0,RULES,1,1,1,
2026-09-28 15:54:26,c1-rule,4451000,31.48,83.78,1004.37,32.45,62.92,1003.88,0,0,RULES,1,1,1,
2026-09-28 15:54:27,c1-rule,4452000,31.48,83.83,1004.34,32.46,62.98,1003.92,0,0,RULES,1,1,1,
2026-09-28 15:54:28,c1-rule,4453000,31.48,83.82,1004.29,32.45,63.07,1003.85,0,0,RULES,1,1,1,
2026-09-28 15:54:30,c1-rule,4454000,31.47,83.83,1004.36,32.46,63.16,1003.92,0,0,RULES,1,1,1,
2026-09-28 15:54:30,c1-rule,4455000,31.48,83.68,1004.29,32.45,62.96,1003.88,0,0,RULES,1,1,1,
2026-09-28 15:54:31,c1-rule,4456000,31.47,83.71,1004.33,32.45,62.96,1003.82,0,0,RULES,1,1,1,
2026-09-28 15:54:32,c1-rule,4457000,31.47,84.00,1004.36,32.45,63.20,1003.88,0,0,RULES,1,1,1,
2026-09-28 15:54:33,c1-rule,4458000,31.48,83.46,1004.31,32.45,63.20,1003.91,0,0,RULES,1,1,1,
2026-09-28 15:54:34,c1-rule,4459000,31.47,83.58,1004.28,32.45,63.34,1003.93,0,0,RULES,1,1,1,
2026-09-28 15:54:35,c1-rule,4460000,31.47,83.71,1004.31,32.46,63.20,1003.89,0,0,RULES,1,1,1,
2026-09-28 15:54:36,c1-rule,4461000,31.48,83.70,1004.35,32.46,63.19,1003.95,0,0,RULES,1,1,1,
2026-09-28 15:54:37,c1-rule,4462000,31.49,83.85,1004.39,32.45,63.24,1003.88,0,0,RULES,1,1,1,
2026-09-28 15:54:38,c1-rule,4463000,31.48,83.76,1004.34,32.45,63.24,1003.90,0,0,RULES,1,1,1,
2026-09-28 15:54:39,c1-rule,4464000,31.48,83.74,1004.29,32.45,63.59,1003.90,0,0,RULES,1,1,1,
2026-09-28 15:54:40,c1-rule,4465000,31.48,83.81,1004.27,32.45,63.24,1003.94,0,0,RULES,1,1,1,
2026-09-28 15:54:41,c1-rule,4466000,31.50,83.85,1004.32,32.44,63.10,1003.92,0,0,RULES,1,1,1,
2026-09-28 15:54:42,c1-rule,4467000,31.48,83.71,1004.29,32.45,63.22,1003.93,0,0,RULES,1,1,1,
2026-09-28 15:54:43,c1-rule,4468000,31.48,83.71,1004.38,32.45,63.37,1003.91,0,0,RULES,1,1,1,
2026-09-28 15:54:45,c1-rule,4469000,31.50,83.50,1004.35,32.44,63.69,1003.87,0,0,RULES,1,1,1,
2026-09-28 15:54:45,c1-rule,4470000,31.50,83.75,1004.29,32.45,63.32,1003.91,0,0,RULES,1,1,1,
2026-09-28 15:54:46,c1-rule,4471000,31.50,83.44,1004.33,32.46,63.51,1003.89,0,0,RULES,1,1,1,
2026-09-28 15:54:47,c1-rule,4472000,31.50,83.59,1004.35,32.45,63.31,1003.88,0,0,RULES,1,1,1,
2026-09-28 15:54:48,c1-rule,4473000,31.50,83.60,1004.26,32.45,63.35,1003.85,0,0,RULES,1,1,1,
2026-09-28 15:54:49,c1-rule,4474000,31.50,83.68,1004.26,32.46,63.71,1003.89,0,0,RULES,1,1,1,
2026-09-28 15:54:50,c1-rule,4475000,31.50,83.55,1004.32,32.46,63.31,1003.86,0,0,RULES,1,1,1,
2026-09-28 15:54:51,c1-rule,4476000,31.51,83.70,1004.34,32.44,63.24,1003.84,0,0,RULES,1,1,1,
2026-09-28 15:54:52,c1-rule,4477000,31.50,83.70,1004.32,32.46,63.12,1003.98,0,0,RULES,1,1,1,
2026-09-28 15:54:53,c1-rule,4478000,31.51,83.47,1004.36,32.45,63.17,1003.88,0,0,RULES,1,1,1,
2026-09-28 15:54:54,c1-rule,4479000,31.51,83.50,1004.28,32.45,63.21,1003.90,0,0,RULES,1,1,1,
2026-09-28 15:54:55,c1-rule,4480000,31.51,83.70,1004.28,32.46,63.32,1003.89,0,0,RULES,1,1,1,
2026-09-28 15:54:56,c1-rule,4481000,31.51,83.70,1004.34,32.46,63.36,1003.95,0,0,RULES,1,1,1,
2026-09-28 15:54:58,c1-rule,4482000,31.51,83.72,1004.34,32.45,63.53,1003.94,0,0,RULES,1,1,1,
2026-09-28 15:54:58,c1-rule,4483000,31.51,83.72,1004.39,32.46,63.49,1003.89,0,0,RULES,1,1,1,
2026-09-28 15:54:59,c1-rule,4484000,31.52,83.65,1004.26,32.45,63.29,1003.94,0,0,RULES,1,1,1,
2026-09-28 15:55:00,c1-rule,4485000,31.52,83.63,1004.41,32.45,63.43,1003.94,0,0,RULES,1,1,1,
2026-09-28 15:55:01,c1-rule,4486000,31.52,83.74,1004.30,32.45,63.34,1003.93,0,0,RULES,1,1,1,
2026-09-28 15:55:02,c1-rule,4487000,31.51,83.39,1004.26,32.46,63.41,1003.87,0,0,RULES,1,1,1,
2026-09-28 15:55:03,c1-rule,4488000,31.52,83.46,1004.30,32.45,63.38,1003.91,0,0,RULES,1,1,1,
2026-09-28 15:55:04,c1-rule,4489000,31.53,83.59,1004.34,32.45,63.38,1003.85,0,0,RULES,1,1,1,
2026-09-28 15:55:05,c1-rule,4490000,31.53,83.66,1004.31,32.45,63.86,1003.90,0,0,RULES,1,1,1,
2026-09-28 15:55:06,c1-rule,4491000,31.53,83.78,1004.25,32.46,63.47,1003.95,0,0,RULES,1,1,1,
2026-09-28 15:55:07,c1-rule,4492000,31.53,83.80,1004.32,32.45,63.72,1003.88,0,0,RULES,1,1,1,
2026-09-28 15:55:08,c1-rule,4493000,31.52,83.53,1004.36,32.45,63.55,1003.88,0,0,RULES,1,1,1,
2026-09-28 15:55:09,c1-rule,4494000,31.53,83.54,1004.37,32.45,63.80,1003.90,0,0,RULES,1,1,1,
2026-09-28 15:55:10,c1-rule,4495000,31.53,83.47,1004.35,32.45,63.90,1003.88,0,0,RULES,1,1,1,
2026-09-28 15:55:11,c1-rule,4496000,31.54,83.62,1004.33,32.45,63.50,1003.88,0,0,RULES,1,1,1,
2026-09-28 15:55:12,c1-rule,4497000,31.55,83.74,1004.23,32.46,63.40,1003.89,0,0,RULES,1,1,1,
2026-09-28 15:55:13,c1-rule,4498000,31.55,83.75,1004.31,32.46,63.55,1003.92,0,0,RULES,1,1,1,
2026-09-28 15:55:14,c1-rule,4499000,31.54,83.94,1004.33,32.45,63.42,1003.83,0,0,RULES,1,1,1,
2026-09-28 15:55:15,c1-rule,4500000,31.55,84.03,1004.35,32.45,63.49,1003.88,0,0,RULES,1,1,1,
2026-09-28 15:55:16,c1-rule,4501000,31.55,83.86,1004.26,32.45,63.43,1003.90,0,0,RULES,1,1,1,
2026-09-28 15:55:17,c1-rule,4502000,31.55,83.84,1004.34,32.45,63.48,1003.96,0,0,RULES,1,1,1,
2026-09-28 15:55:19,c1-rule,4503000,31.55,83.93,1004.29,32.46,63.57,1003.89,0,0,RULES,1,1,1,
2026-09-28 15:55:19,c1-rule,4504000,31.55,83.73,1004.32,32.45,63.55,1003.88,0,0,RULES,1,1,1,
2026-09-28 15:55:20,c1-rule,4505000,31.55,83.64,1004.29,32.45,63.49,1003.88,0,0,RULES,1,1,1,
2026-09-28 15:55:21,c1-rule,4506000,31.56,83.68,1004.31,32.45,63.57,1003.85,0,0,RULES,1,1,1,
2026-09-28 15:55:22,c1-rule,4507000,31.56,83.51,1004.33,32.45,63.47,1003.94,0,0,RULES,1,1,1,
2026-09-28 15:55:23,c1-rule,4508000,31.55,83.57,1004.31,32.45,63.67,1003.90,0,0,RULES,1,1,1,
2026-09-28 15:55:24,c1-rule,4509000,31.56,83.60,1004.36,32.45,63.45,1003.85,0,0,RULES,1,1,1,
2026-09-28 15:55:25,c1-rule,4510000,31.55,83.40,1004.32,32.45,63.56,1003.99,0,0,RULES,1,1,1,
2026-09-28 15:55:26,c1-rule,4511000,31.55,82.91,1004.26,32.46,63.65,1003.89,0,0,RULES,1,1,1,
2026-09-28 15:55:27,c1-rule,4512000,31.55,83.06,1004.29,32.45,63.43,1003.86,0,0,RULES,1,1,1,
2026-09-28 15:55:28,c1-rule,4513000,31.56,83.16,1004.36,32.45,63.59,1003.83,0,0,RULES,1,1,1,
2026-09-28 15:55:29,c1-rule,4514000,31.56,83.06,1004.25,32.45,63.58,1003.90,0,0,RULES,1,1,1,
2026-09-28 15:55:30,c1-rule,4515000,31.56,83.05,1004.33,32.45,63.60,1003.88,0,0,RULES,1,1,1,
2026-09-28 15:55:32,c1-rule,4516000,31.56,83.26,1004.36,32.45,63.55,1003.93,0,0,RULES,1,1,1,
2026-09-28 15:55:32,c1-rule,4517000,31.57,83.35,1004.32,32.45,63.59,1003.88,0,0,RULES,1,1,1,
2026-09-28 15:55:33,c1-rule,4518000,31.56,83.27,1004.28,32.45,63.59,1003.91,0,0,RULES,1,1,1,
2026-09-28 15:55:34,c1-rule,4519000,31.57,83.21,1004.35,32.44,63.51,1003.81,0,0,RULES,1,1,1,
2026-09-28 15:55:35,c1-rule,4520000,31.57,83.11,1004.32,32.45,63.71,1003.88,0,0,RULES,1,1,1,
2026-09-28 15:55:36,c1-rule,4521000,31.57,83.24,1004.35,32.45,63.64,1003.91,0,0,RULES,1,1,1,
2026-09-28 15:55:37,c1-rule,4522000,31.57,83.12,1004.32,32.45,63.69,1003.88,0,0,RULES,1,1,1,
2026-09-28 15:55:39,c1-rule,4523000,31.58,83.16,1004.33,32.45,63.72,1003.90,0,0,RULES,1,1,1,
2026-09-28 15:55:39,c1-rule,4524000,31.57,83.03,1004.30,32.44,63.66,1003.90,0,0,RULES,1,1,1,
2026-09-28 15:55:40,c1-rule,4525000,31.56,83.04,1004.31,32.43,63.77,1003.80,0,0,RULES,1,1,1,
2026-09-28 15:55:41,c1-rule,4526000,31.58,83.08,1004.39,32.44,63.71,1003.87,0,0,RULES,1,1,1,
2026-09-28 15:55:42,c1-rule,4527000,31.57,83.13,1004.37,32.44,63.68,1003.92,0,0,RULES,1,1,1,
2026-09-28 15:55:43,c1-rule,4528000,31.57,83.12,1004.37,32.45,63.65,1003.97,0,0,RULES,1,1,1,
2026-09-28 15:55:44,c1-rule,4529000,31.57,82.99,1004.33,32.44,63.64,1003.90,0,0,RULES,1,1,1,
2026-09-28 15:55:46,c1-rule,4530000,31.57,82.79,1004.30,32.44,63.68,1003.92,0,0,RULES,1,1,1,
2026-09-28 15:55:46,c1-rule,4531000,31.57,82.61,1004.33,32.44,63.91,1003.87,0,0,RULES,1,1,1,
2026-09-28 15:55:47,c1-rule,4532000,31.57,82.58,1004.35,32.44,63.68,1003.92,0,0,RULES,1,1,1,
2026-09-28 15:55:48,c1-rule,4533000,31.57,82.49,1004.26,32.45,63.84,1003.90,0,0,RULES,1,1,1,
2026-09-28 15:55:49,c1-rule,4534000,31.57,82.66,1004.26,32.45,63.73,1003.90,0,0,RULES,1,1,1,
2026-09-28 15:55:50,c1-rule,4535000,31.57,82.78,1004.30,32.44,63.74,1003.90,0,0,RULES,1,1,1,
2026-09-28 15:55:51,c1-rule,4536000,31.58,82.76,1004.31,32.44,63.77,1003.87,0,0,RULES,1,1,1,
2026-09-28 15:55:52,c1-rule,4537000,31.58,82.67,1004.28,32.44,64.18,1003.92,0,0,RULES,1,1,1,
2026-09-28 15:55:53,c1-rule,4538000,31.58,82.74,1004.28,32.43,63.71,1003.91,0,0,RULES,1,1,1,
2026-09-28 15:55:54,c1-rule,4539000,31.58,82.54,1004.31,32.45,63.71,1003.82,0,0,RULES,1,1,1,
2026-09-28 15:55:55,c1-rule,4540000,31.58,82.42,1004.28,32.45,63.68,1003.90,0,0,RULES,1,1,1,
2026-09-28 15:55:56,c1-rule,4541000,31.58,82.37,1004.29,32.45,63.97,1003.93,0,0,RULES,1,1,1,
2026-09-28 15:55:57,c1-rule,4542000,31.58,82.32,1004.31,32.45,63.93,1003.88,0,0,RULES,1,1,1,
2026-09-28 15:55:58,c1-rule,4543000,31.57,82.50,1004.33,32.44,63.73,1003.90,0,0,RULES,1,1,1,
2026-09-28 15:55:59,c1-rule,4544000,31.58,82.40,1004.31,32.46,64.16,1003.86,0,0,RULES,1,1,1,
2026-09-28 15:56:00,c1-rule,4545000,31.58,82.23,1004.31,32.45,64.13,1003.88,0,0,RULES,1,1,1,
2026-09-28 15:56:01,c1-rule,4546000,31.58,82.30,1004.34,32.45,63.65,1003.94,0,0,RULES,1,1,1,
2026-09-28 15:56:02,c1-rule,4547000,31.58,82.31,1004.31,32.45,63.63,1003.93,0,0,RULES,1,1,1,
2026-09-28 15:56:03,c1-rule,4548000,31.58,82.01,1004.34,32.45,63.67,1003.91,0,0,RULES,1,1,1,
2026-09-28 15:56:04,c1-rule,4549000,31.57,82.35,1004.27,32.44,63.76,1003.86,0,0,RULES,1,1,1,
2026-09-28 15:56:05,c1-rule,4550000,31.58,82.38,1004.29,32.45,63.72,1003.91,0,0,RULES,1,1,1,
2026-09-28 15:56:07,c1-rule,4551000,31.59,82.31,1004.35,32.44,63.82,1003.84,0,0,RULES,1,1,1,
2026-09-28 15:56:07,c1-rule,4552000,31.59,82.44,1004.36,32.45,63.83,1003.90,0,0,RULES,1,1,1,
2026-09-28 15:56:08,c1-rule,4553000,31.59,82.47,1004.32,32.45,63.79,1003.88,0,0,RULES,1,1,1,
2026-09-28 15:56:09,c1-rule,4554000,31.59,82.05,1004.26,32.45,63.80,1003.86,0,0,RULES,1,1,1,
2026-09-28 15:56:10,c1-rule,4555000,31.59,82.28,1004.33,32.45,64.14,1003.82,0,0,RULES,1,1,1,
2026-09-28 15:56:11,c1-rule,4556000,31.59,82.26,1004.36,32.45,63.67,1003.86,0,0,RULES,1,1,1,
2026-09-28 15:56:12,c1-rule,4557000,31.59,82.08,1004.36,32.46,63.87,1003.92,0,0,RULES,1,1,1,
2026-09-28 15:56:13,c1-rule,4558000,31.59,82.08,1004.32,32.45,63.89,1003.88,0,0,RULES,1,1,1,
2026-09-28 15:56:14,c1-rule,4559000,31.59,82.16,1004.27,32.45,63.65,1003.88,0,0,RULES,1,1,1,
2026-09-28 15:56:15,c1-rule,4560000,31.60,82.25,1004.34,32.46,64.14,1003.90,0,0,RULES,1,1,1,
2026-09-28 15:56:16,c1-rule,4561000,31.60,82.02,1004.31,32.45,64.00,1003.94,0,0,RULES,1,1,1,
2026-09-28 15:56:17,c1-rule,4562000,31.59,82.14,1004.33,32.45,64.02,1003.90,0,0,RULES,1,1,1,
2026-09-28 15:56:18,c1-rule,4563000,31.60,81.91,1004.32,32.45,63.85,1003.86,0,0,RULES,1,1,1,
2026-09-28 15:56:20,c1-rule,4564000,31.60,81.94,1004.32,32.46,63.75,1003.95,0,0,RULES,1,1,1,
2026-09-28 15:56:20,c1-rule,4565000,31.60,81.97,1004.29,32.46,63.78,1003.84,0,0,RULES,1,1,1,
2026-09-28 15:56:21,c1-rule,4566000,31.59,81.81,1004.27,32.47,63.98,1003.91,0,0,RULES,1,1,1,
2026-09-28 15:56:22,c1-rule,4567000,31.61,82.14,1004.33,32.45,64.19,1003.83,0,0,RULES,1,1,1,
2026-09-28 15:56:23,c1-rule,4568000,31.61,81.97,1004.33,32.46,63.87,1003.87,0,0,RULES,1,1,1,
2026-09-28 15:56:24,c1-rule,4569000,31.61,82.15,1004.31,32.46,63.82,1003.89,0,0,RULES,1,1,1,
2026-09-28 15:56:25,c1-rule,4570000,31.61,82.04,1004.30,32.46,63.80,1003.89,0,0,RULES,1,1,1,
2026-09-28 15:56:27,c1-rule,4571000,31.61,82.21,1004.33,32.46,63.79,1003.89,0,0,RULES,1,1,1,
2026-09-28 15:56:27,c1-rule,4572000,31.61,81.96,1004.33,32.46,63.63,1003.89,0,0,RULES,1,1,1,
2026-09-28 15:56:28,c1-rule,4573000,31.61,81.78,1004.30,32.45,63.80,1003.88,0,0,RULES,1,1,1,
2026-09-28 15:56:29,c1-rule,4574000,31.61,81.97,1004.30,32.46,63.82,1003.89,0,0,RULES,1,1,1,
2026-09-28 15:56:30,c1-rule,4575000,31.62,81.91,1004.34,32.46,63.71,1003.84,0,0,RULES,1,1,1,
2026-09-28 15:56:31,c1-rule,4576000,31.62,82.20,1004.32,32.46,63.90,1003.90,0,0,RULES,1,1,1,
2026-09-28 15:56:32,c1-rule,4577000,31.62,82.25,1004.34,32.46,64.18,1003.90,0,0,RULES,1,1,1,
2026-09-28 15:56:33,c1-rule,4578000,31.62,82.17,1004.29,32.46,64.23,1003.90,0,0,RULES,1,1,1,
2026-09-28 15:56:35,c1-rule,4579000,31.62,82.32,1004.27,32.46,64.05,1003.93,0,0,RULES,1,1,1,
2026-09-28 15:56:35,c1-rule,4580000,31.62,82.23,1004.32,32.47,64.06,1003.94,0,0,RULES,1,1,1,
2026-09-28 15:56:36,c1-rule,4581000,31.63,82.15,1004.30,32.46,63.90,1003.89,0,0,RULES,1,1,1,
2026-09-28 15:56:37,c1-rule,4582000,31.63,81.98,1004.30,32.47,63.79,1003.82,0,0,RULES,1,1,1,
2026-09-28 15:56:38,c1-rule,4583000,31.63,82.16,1004.33,32.46,63.84,1003.90,0,0,RULES,1,1,1,
2026-09-28 15:56:39,c1-rule,4584000,31.63,82.25,1004.30,32.47,63.83,1003.88,0,0,RULES,1,1,1,
2026-09-28 15:56:40,c1-rule,4585000,31.63,82.35,1004.31,32.46,63.86,1003.90,0,0,RULES,1,1,1,
2026-09-28 15:56:41,c1-rule,4586000,31.63,82.46,1004.33,32.46,63.88,1003.84,0,0,RULES,1,1,1,
2026-09-28 15:56:42,c1-rule,4587000,31.64,82.47,1004.29,32.46,63.76,1003.84,0,0,RULES,1,1,1,
2026-09-28 15:56:43,c1-rule,4588000,31.64,82.36,1004.33,32.46,63.79,1003.90,0,0,RULES,1,1,1,
2026-09-28 15:56:44,c1-rule,4589000,31.64,82.42,1004.35,32.46,63.86,1003.87,0,0,RULES,1,1,1,
2026-09-28 15:56:45,c1-rule,4590000,31.64,82.59,1004.26,32.46,63.80,1003.84,0,0,RULES,1,1,1,
2026-09-28 15:56:46,c1-rule,4591000,31.64,82.27,1004.32,32.46,63.92,1003.86,0,0,RULES,1,1,1,
2026-09-28 15:56:48,c1-rule,4592000,31.64,81.99,1004.32,32.46,63.88,1003.86,0,0,RULES,1,1,1,
2026-09-28 15:56:48,c1-rule,4593000,31.64,82.07,1004.35,32.46,63.89,1003.95,0,0,RULES,1,1,1,
2026-09-28 15:56:49,c1-rule,4594000,31.65,82.06,1004.33,32.47,63.97,1003.85,0,0,RULES,1,1,1,
2026-09-28 15:56:50,c1-rule,4595000,31.65,82.27,1004.31,32.46,63.82,1003.84,0,0,RULES,1,1,1,
2026-09-28 15:56:51,c1-rule,4596000,31.65,82.23,1004.33,32.46,63.87,1003.96,0,0,RULES,1,1,1,
2026-09-28 15:56:52,c1-rule,4597000,31.65,82.31,1004.39,32.47,63.94,1003.86,0,0,RULES,1,1,1,
2026-09-28 15:56:53,c1-rule,4598000,31.66,82.41,1004.30,32.46,63.79,1003.90,0,0,RULES,1,1,1,
2026-09-28 15:56:54,c1-rule,4599000,31.66,82.38,1004.24,32.46,63.79,1003.84,0,0,RULES,1,1,1,
2026-09-28 15:56:55,c1-rule,4600000,31.66,82.30,1004.29,32.46,63.80,1003.89,0,0,RULES,1,1,1,
2026-09-28 15:56:56,c1-rule,4601000,31.66,82.19,1004.27,32.45,63.82,1003.88,0,0,RULES,1,1,1,
2026-09-28 15:56:57,c1-rule,4602000,31.66,82.39,1004.33,32.47,63.80,1003.91,0,0,RULES,1,1,1,
2026-09-28 15:56:58,c1-rule,4603000,31.66,82.39,1004.36,32.46,63.87,1003.95,0,0,RULES,1,1,1,
2026-09-28 15:56:59,c1-rule,4604000,31.66,82.17,1004.29,32.46,63.90,1003.84,0,0,RULES,1,1,1,
2026-09-28 15:57:00,c1-rule,4605000,31.66,82.26,1004.32,32.45,63.82,1003.83,0,0,RULES,1,1,1,
2026-09-28 15:57:01,c1-rule,4606000,31.66,82.34,1004.27,32.46,63.91,1003.84,0,0,RULES,1,1,1,
2026-09-28 15:57:02,c1-rule,4607000,31.66,82.06,1004.36,32.46,63.81,1003.89,0,0,RULES,1,1,1,
2026-09-28 15:57:03,c1-rule,4608000,31.65,81.98,1004.33,32.46,63.85,1003.84,0,0,RULES,1,1,1,
2026-09-28 15:57:04,c1-rule,4609000,31.66,81.81,1004.24,32.46,63.86,1003.84,0,0,RULES,1,1,1,
2026-09-28 15:57:05,c1-rule,4610000,31.66,81.85,1004.36,32.47,63.82,1003.88,0,0,RULES,1,1,1,
2026-09-28 15:57:06,c1-rule,4611000,31.67,81.92,1004.29,32.46,63.85,1003.84,0,0,RULES,1,1,1,
2026-09-28 15:57:07,c1-rule,4612000,31.66,81.99,1004.30,32.45,63.92,1003.83,0,0,RULES,1,1,1,
2026-09-28 15:57:08,c1-rule,4613000,31.67,82.18,1004.35,32.47,63.91,1003.91,0,0,RULES,1,1,1,
2026-09-28 15:57:09,c1-rule,4614000,31.68,82.06,1004.33,32.46,63.96,1003.89,0,0,RULES,1,1,1,
2026-09-28 15:57:10,c1-rule,4615000,31.67,82.09,1004.35,32.46,63.81,1003.93,0,0,RULES,1,1,1,
2026-09-28 15:57:11,c1-rule,4616000,31.67,82.06,1004.28,32.47,63.83,1003.91,0,0,RULES,1,1,1,
2026-09-28 15:57:12,c1-rule,4617000,31.68,81.97,1004.33,32.47,63.80,1003.85,0,0,RULES,1,1,1,
2026-09-28 15:57:13,c1-rule,4618000,31.67,81.93,1004.31,32.46,63.83,1003.90,0,0,RULES,1,1,1,
2026-09-28 15:57:14,c1-rule,4619000,31.68,82.06,1004.33,32.46,63.95,1003.87,0,0,RULES,1,1,1,
2026-09-28 15:57:16,c1-rule,4620000,31.68,82.08,1004.31,32.47,64.17,1003.91,0,0,RULES,1,1,1,
2026-09-28 15:57:16,c1-rule,4621000,31.67,82.06,1004.28,32.46,64.12,1003.82,0,0,RULES,1,1,1,
2026-09-28 15:57:17,c1-rule,4622000,31.66,81.87,1004.27,32.46,63.91,1003.87,0,0,RULES,1,1,1,
2026-09-28 15:57:18,c1-rule,4623000,31.68,82.22,1004.28,32.46,63.80,1003.84,0,0,RULES,1,1,1,
2026-09-28 15:57:19,c1-rule,4624000,31.69,82.15,1004.37,32.47,64.07,1003.85,0,0,RULES,1,1,1,
2026-09-28 15:57:20,c1-rule,4625000,31.68,82.18,1004.33,32.46,64.06,1003.84,0,0,RULES,1,1,1,
2026-09-28 15:57:21,c1-rule,4626000,31.68,81.99,1004.28,32.46,63.95,1003.84,0,0,RULES,1,1,1,
2026-09-28 15:57:22,c1-rule,4627000,31.68,81.89,1004.27,32.47,63.95,1003.86,0,0,RULES,1,1,1,
2026-09-28 15:57:23,c1-rule,4628000,31.68,81.96,1004.30,32.47,63.86,1003.92,0,0,RULES,1,1,1,
2026-09-28 15:57:24,c1-rule,4629000,31.68,81.88,1004.31,32.47,63.83,1003.86,0,0,RULES,1,1,1,
2026-09-28 15:57:25,c1-rule,4630000,31.69,81.69,1004.31,32.48,63.94,1003.87,0,0,RULES,1,1,1,
2026-09-28 15:57:26,c1-rule,4631000,31.69,81.71,1004.29,32.47,64.07,1003.94,0,0,RULES,1,1,1,
2026-09-28 15:57:27,c1-rule,4632000,31.69,81.94,1004.29,32.47,63.83,1003.92,0,0,RULES,1,1,1,
2026-09-28 15:57:29,c1-rule,4633000,31.69,81.94,1004.32,32.47,63.91,1003.88,0,0,RULES,1,1,1,
2026-09-28 15:57:29,c1-rule,4634000,31.69,82.09,1004.32,32.47,63.87,1003.91,0,0,RULES,1,1,1,
2026-09-28 15:57:30,c1-rule,4635000,31.68,81.87,1004.28,32.47,63.98,1003.96,0,0,RULES,1,1,1,
2026-09-28 15:57:31,c1-rule,4636000,31.70,81.98,1004.36,32.46,63.87,1003.87,0,0,RULES,1,1,1,
2026-09-28 15:57:32,c1-rule,4637000,31.70,81.98,1004.30,32.47,63.98,1003.92,0,0,RULES,1,1,1,
2026-09-28 15:57:33,c1-rule,4638000,31.71,81.99,1004.29,32.47,63.91,1003.85,0,0,RULES,1,1,1,
2026-09-28 15:57:34,c1-rule,4639000,31.70,82.01,1004.30,32.46,63.86,1003.84,0,0,RULES,1,1,1,
2026-09-28 15:57:36,c1-rule,4640000,31.69,82.14,1004.32,32.47,63.95,1003.92,0,0,RULES,1,1,1,
2026-09-28 15:57:36,c1-rule,4641000,31.70,82.09,1004.33,32.46,63.92,1003.93,0,0,RULES,1,1,1,
2026-09-28 15:57:37,c1-rule,4642000,31.71,82.19,1004.37,32.47,63.90,1003.94,0,0,RULES,1,1,1,
2026-09-28 15:57:38,c1-rule,4643000,31.71,82.18,1004.31,32.47,64.00,1003.91,0,0,RULES,1,1,1,
2026-09-28 15:57:39,c1-rule,4644000,31.72,82.18,1004.27,32.47,63.88,1003.92,0,0,RULES,1,1,1,
2026-09-28 15:57:40,c1-rule,4645000,31.71,82.23,1004.31,32.48,63.87,1003.87,0,0,RULES,1,1,1,
2026-09-28 15:57:41,c1-rule,4646000,31.71,82.29,1004.32,32.47,64.15,1003.92,0,0,RULES,1,1,1,
2026-09-28 15:57:42,c1-rule,4647000,31.70,82.14,1004.33,32.47,63.99,1003.94,0,0,RULES,1,1,1,
2026-09-28 15:57:43,c1-rule,4648000,31.70,81.87,1004.33,32.46,63.90,1003.87,0,0,RULES,1,1,1,
2026-09-28 15:57:44,c1-rule,4649000,31.72,81.98,1004.33,32.47,64.04,1003.85,0,0,RULES,1,1,1,
2026-09-28 15:57:45,c1-rule,4650000,31.71,82.23,1004.29,32.46,63.98,1003.90,0,0,RULES,1,1,1,
2026-09-28 15:57:46,c1-rule,4651000,31.70,81.77,1004.30,32.47,64.28,1003.91,0,0,RULES,1,1,1,
2026-09-28 15:57:47,c1-rule,4652000,31.71,81.73,1004.35,32.47,63.95,1003.91,0,0,RULES,1,1,1,
2026-09-28 15:57:49,c1-rule,4653000,31.71,81.77,1004.35,32.47,63.95,1003.92,0,0,RULES,1,1,1,
2026-09-28 15:57:49,c1-rule,4654000,31.72,81.99,1004.33,32.46,63.94,1003.84,0,0,RULES,1,1,1,
2026-09-28 15:57:50,c1-rule,4655000,31.72,82.08,1004.35,32.46,64.04,1003.87,0,0,RULES,1,1,1,
2026-09-28 15:57:51,c1-rule,4656000,31.72,82.16,1004.28,32.47,64.00,1003.91,0,0,RULES,1,1,1,
2026-09-28 15:57:52,c1-rule,4657000,31.72,82.16,1004.27,32.47,64.01,1003.88,0,0,RULES,1,1,1,
2026-09-28 15:57:53,c1-rule,4658000,31.72,82.22,1004.31,32.47,63.92,1003.86,0,0,RULES,1,1,1,
2026-09-28 15:57:54,c1-rule,4659000,31.72,82.16,1004.31,32.47,64.06,1003.86,0,0,RULES,1,1,1,
2026-09-28 15:57:55,c1-rule,4660000,31.72,82.07,1004.31,32.47,63.84,1003.82,0,0,RULES,1,1,1,
2026-09-28 15:57:56,c1-rule,4661000,31.71,82.11,1004.32,32.47,64.26,1003.85,0,0,RULES,1,1,1,
2026-09-28 15:57:57,c1-rule,4662000,31.73,82.11,1004.32,32.48,63.94,1003.88,0,0,RULES,1,1,1,
2026-09-28 15:57:58,c1-rule,4663000,31.72,81.95,1004.33,32.47,63.88,1003.92,0,0,RULES,1,1,1,
2026-09-28 15:57:59,c1-rule,4664000,31.71,81.40,1004.35,32.48,64.10,1003.93,0,0,RULES,1,1,1,
2026-09-28 15:58:00,c1-rule,4665000,31.72,81.74,1004.31,32.48,64.19,1003.92,0,0,RULES,1,1,1,
2026-09-28 15:58:01,c1-rule,4666000,31.72,81.60,1004.28,32.47,63.90,1003.86,0,0,RULES,1,1,1,
2026-09-28 15:58:02,c1-rule,4667000,31.72,81.92,1004.36,32.48,63.80,1003.92,0,0,RULES,1,1,1,
2026-09-28 15:58:03,c1-rule,4668000,31.72,81.76,1004.36,32.47,63.82,1003.88,0,0,RULES,1,1,1,
2026-09-28 15:58:04,c1-rule,4669000,31.72,81.76,1004.33,32.46,63.91,1003.90,0,0,RULES,1,1,1,
2026-09-28 15:58:05,c1-rule,4670000,31.72,81.69,1004.33,32.48,63.82,1003.92,0,0,RULES,1,1,1,
2026-09-28 15:58:06,c1-rule,4671000,31.72,82.06,1004.27,32.47,63.86,1003.85,0,0,RULES,1,1,1,
2026-09-28 15:58:07,c1-rule,4672000,31.74,82.04,1004.33,32.47,64.06,1003.89,0,0,RULES,1,1,1,
2026-09-28 15:58:08,c1-rule,4673000,31.73,82.02,1004.34,32.47,64.00,1003.88,0,0,RULES,1,1,1,
2026-09-28 15:58:10,c1-rule,4674000,31.74,81.86,1004.33,32.47,63.91,1003.91,0,0,RULES,1,1,1,
2026-09-28 15:58:10,c1-rule,4675000,31.73,82.07,1004.29,32.46,63.94,1003.96,0,0,RULES,1,1,1,
2026-09-28 15:58:11,c1-rule,4676000,31.73,82.04,1004.35,32.47,64.04,1003.88,0,0,RULES,1,1,1,
2026-09-28 15:58:12,c1-rule,4677000,31.74,82.21,1004.28,32.47,63.96,1003.83,0,0,RULES,1,1,1,
2026-09-28 15:58:13,c1-rule,4678000,31.74,82.29,1004.34,32.46,63.98,1003.90,0,0,RULES,1,1,1,
2026-09-28 15:58:14,c1-rule,4679000,31.74,82.33,1004.33,32.47,64.05,1003.88,0,0,RULES,1,1,1,
2026-09-28 15:58:15,c1-rule,4680000,31.74,82.29,1004.34,32.47,63.98,1003.88,0,0,RULES,1,1,1,
2026-09-28 15:58:16,c1-rule,4681000,31.74,82.04,1004.30,32.46,64.04,1003.89,0,0,RULES,1,1,1,
2026-09-28 15:58:17,c1-rule,4682000,31.74,81.72,1004.30,32.46,64.05,1003.86,0,0,RULES,1,1,1,
2026-09-28 15:58:18,c1-rule,4683000,31.73,81.74,1004.35,32.47,64.06,1003.85,0,0,RULES,1,1,1,
2026-09-28 15:58:19,c1-rule,4684000,31.74,81.72,1004.34,32.47,64.03,1003.86,0,0,RULES,1,1,1,
2026-09-28 15:58:20,c1-rule,4685000,31.74,81.99,1004.31,32.47,64.05,1003.91,0,0,RULES,1,1,1,
2026-09-28 15:58:21,c1-rule,4686000,31.74,82.01,1004.31,32.47,63.97,1003.91,0,0,RULES,1,1,1,
2026-09-28 15:58:22,c1-rule,4687000,31.74,82.12,1004.28,32.47,64.08,1003.85,0,0,RULES,1,1,1,
2026-09-28 15:58:23,c1-rule,4688000,31.74,82.40,1004.25,32.46,64.06,1003.87,0,0,RULES,1,1,1,
2026-09-28 15:58:24,c1-rule,4689000,31.75,82.22,1004.32,32.46,63.99,1003.87,0,0,RULES,1,1,1,
2026-09-28 15:58:25,c1-rule,4690000,31.75,82.27,1004.38,32.47,63.99,1003.91,0,0,RULES,1,1,1,
2026-09-28 15:58:26,c1-rule,4691000,31.75,82.06,1004.32,32.48,64.34,1003.95,0,0,RULES,1,1,1,
2026-09-28 15:58:27,c1-rule,4692000,31.74,82.01,1004.30,32.46,63.97,1003.90,0,0,RULES,1,1,1,
2026-09-28 15:58:28,c1-rule,4693000,31.75,81.99,1004.26,32.47,63.97,1003.88,0,0,RULES,1,1,1,
2026-09-28 15:58:30,c1-rule,4694000,31.75,81.81,1004.35,32.47,63.96,1003.91,0,0,RULES,1,1,1,
2026-09-28 15:58:30,c1-rule,4695000,31.74,81.73,1004.31,32.48,63.95,1003.95,0,0,RULES,1,1,1,
2026-09-28 15:58:31,c1-rule,4696000,31.74,81.92,1004.25,32.47,64.16,1003.85,0,0,RULES,1,1,1,
2026-09-28 15:58:32,c1-rule,4697000,31.74,81.83,1004.31,32.47,63.97,1003.88,0,0,RULES,1,1,1,
2026-09-28 15:58:33,c1-rule,4698000,31.75,81.95,1004.35,32.47,63.92,1003.88,0,0,RULES,1,1,1,
2026-09-28 15:58:34,c1-rule,4699000,31.75,81.92,1004.35,32.47,64.04,1003.88,0,0,RULES,1,1,1,
2026-09-28 15:58:35,c1-rule,4700000,31.76,81.97,1004.34,32.47,63.99,1003.85,0,0,RULES,1,1,1,
2026-09-28 15:58:36,c1-rule,4701000,31.76,82.05,1004.31,32.47,63.97,1003.96,0,0,RULES,1,1,1,
2026-09-28 15:58:37,c1-rule,4702000,31.76,81.60,1004.33,32.46,64.35,1003.90,0,0,RULES,1,1,1,
2026-09-28 15:58:38,c1-rule,4703000,31.75,81.65,1004.37,32.47,64.04,1003.85,0,0,RULES,1,1,1,
2026-09-28 15:58:39,c1-rule,4704000,31.74,81.73,1004.34,32.47,64.06,1003.94,0,0,RULES,1,1,1,
2026-09-28 15:58:40,c1-rule,4705000,31.75,81.83,1004.29,32.46,64.16,1003.90,0,0,RULES,1,1,1,
2026-09-28 15:58:41,c1-rule,4706000,31.75,81.84,1004.33,32.47,64.03,1003.96,0,0,RULES,1,1,1,
2026-09-28 15:58:42,c1-rule,4707000,31.75,81.96,1004.37,32.47,64.02,1003.89,0,0,RULES,1,1,1,
2026-09-28 15:58:43,c1-rule,4708000,31.75,81.98,1004.35,32.47,63.82,1003.88,0,0,RULES,1,1,1,
2026-09-28 15:58:44,c1-rule,4709000,31.76,81.85,1004.31,32.47,63.96,1003.91,0,0,RULES,1,1,1,
2026-09-28 15:58:45,c1-rule,4710000,31.76,82.09,1004.34,32.47,64.05,1003.91,0,0,RULES,1,1,1,
2026-09-28 15:58:46,c1-rule,4711000,31.75,82.10,1004.38,32.46,64.10,1003.86,0,0,RULES,1,1,1,
2026-09-28 15:58:47,c1-rule,4712000,31.75,81.79,1004.32,32.47,64.05,1003.94,0,0,RULES,1,1,1,
2026-09-28 15:58:48,c1-rule,4713000,31.76,81.64,1004.29,32.47,64.02,1003.89,0,0,RULES,1,1,1,
2026-09-28 15:58:49,c1-rule,4714000,31.75,81.74,1004.35,32.47,64.04,1003.89,0,0,RULES,1,1,1,
2026-09-28 15:58:51,c1-rule,4715000,31.75,81.76,1004.32,32.47,64.14,1003.97,0,0,RULES,1,1,1,
2026-09-28 15:58:51,c1-rule,4716000,31.77,81.79,1004.32,32.48,64.13,1003.96,0,0,RULES,1,1,1,
2026-09-28 15:58:52,c1-rule,4717000,31.77,81.91,1004.35,32.48,64.19,1003.95,0,0,RULES,1,1,1,
2026-09-28 15:58:53,c1-rule,4718000,31.76,81.89,1004.37,32.47,64.32,1003.92,0,0,RULES,1,1,1,
2026-09-28 15:58:54,c1-rule,4719000,31.76,81.97,1004.34,32.48,64.02,1003.92,0,0,RULES,1,1,1,
2026-09-28 15:58:55,c1-rule,4720000,31.76,82.02,1004.33,32.48,64.13,1003.93,0,0,RULES,1,1,1,
2026-09-28 15:58:56,c1-rule,4721000,31.77,82.02,1004.29,32.48,64.13,1003.95,0,0,RULES,1,1,1,
2026-09-28 15:58:57,c1-rule,4722000,31.76,82.06,1004.31,32.47,64.13,1003.86,0,0,RULES,1,1,1,
2026-09-28 15:58:58,c1-rule,4723000,31.76,81.82,1004.36,32.47,64.41,1003.94,0,0,RULES,1,1,1,
2026-09-28 15:58:59,c1-rule,4724000,31.76,81.79,1004.31,32.48,64.00,1003.90,0,0,RULES,1,1,1,
2026-09-28 15:59:00,c1-rule,4725000,31.77,81.80,1004.35,32.47,64.11,1003.92,0,0,RULES,1,1,1,
2026-09-28 15:59:01,c1-rule,4726000,31.75,81.80,1004.38,32.48,63.97,1003.92,0,0,RULES,1,1,1,
2026-09-28 15:59:02,c1-rule,4727000,31.76,81.87,1004.34,32.47,64.03,1003.91,0,0,RULES,1,1,1,
2026-09-28 15:59:04,c1-rule,4728000,31.77,81.84,1004.33,32.48,64.30,1003.95,0,0,RULES,1,1,1,
2026-09-28 15:59:04,c1-rule,4729000,31.78,81.93,1004.34,32.47,63.97,1003.94,0,0,RULES,1,1,1,
2026-09-28 15:59:05,c1-rule,4730000,31.77,82.00,1004.32,32.47,63.85,1003.89,0,0,RULES,1,1,1,
2026-09-28 15:59:06,c1-rule,4731000,31.77,81.99,1004.36,32.48,64.37,1003.90,0,0,RULES,1,1,1,
2026-09-28 15:59:07,c1-rule,4732000,31.77,82.10,1004.35,32.48,63.92,1003.95,0,0,RULES,1,1,1,
2026-09-28 15:59:08,c1-rule,4733000,31.77,82.13,1004.33,32.48,64.19,1003.90,0,0,RULES,1,1,1,
2026-09-28 15:59:09,c1-rule,4734000,31.77,82.17,1004.30,32.47,64.20,1003.92,0,0,RULES,1,1,1,
2026-09-28 15:59:10,c1-rule,4735000,31.77,81.98,1004.36,32.48,64.37,1003.90,0,0,RULES,1,1,1,
2026-09-28 15:59:11,c1-rule,4736000,31.77,81.86,1004.33,32.48,64.12,1003.92,0,0,RULES,1,1,1,
2026-09-28 15:59:12,c1-rule,4737000,31.78,81.78,1004.25,32.47,64.46,1003.91,0,0,RULES,1,1,1,
2026-09-28 15:59:13,c1-rule,4738000,31.78,81.88,1004.32,32.47,64.40,1003.96,0,0,RULES,1,1,1,
2026-09-28 15:59:14,c1-rule,4739000,31.78,81.93,1004.39,32.47,63.92,1003.92,0,0,RULES,1,1,1,
2026-09-28 15:59:15,c1-rule,4740000,31.77,81.57,1004.36,32.47,64.04,1003.92,0,0,RULES,1,1,1,
2026-09-28 15:59:17,c1-rule,4741000,31.78,82.01,1004.39,32.47,64.03,1003.91,0,0,RULES,1,1,1,
2026-09-28 15:59:17,c1-rule,4742000,31.78,82.12,1004.34,32.47,63.95,1003.94,0,0,RULES,1,1,1,
2026-09-28 15:59:18,c1-rule,4743000,31.78,82.16,1004.35,32.47,64.01,1003.88,0,0,RULES,1,1,1,
2026-09-28 15:59:19,c1-rule,4744000,31.79,82.29,1004.39,32.47,64.25,1003.89,0,0,RULES,1,1,1,
2026-09-28 15:59:20,c1-rule,4745000,31.78,81.78,1004.34,32.46,64.04,1003.86,0,0,RULES,1,1,1,
2026-09-28 15:59:21,c1-rule,4746000,31.78,82.12,1004.35,32.46,64.04,1003.87,0,0,RULES,1,1,1,
2026-09-28 15:59:22,c1-rule,4747000,31.78,81.86,1004.32,32.48,63.95,1003.92,0,0,RULES,1,1,1,
2026-09-28 15:59:23,c1-rule,4748000,31.79,82.01,1004.33,32.47,64.08,1003.94,0,0,RULES,1,1,1,
2026-09-28 15:59:24,c1-rule,4749000,31.79,81.82,1004.30,32.46,64.06,1003.84,0,0,RULES,1,1,1,
2026-09-28 15:59:25,c1-rule,4750000,31.79,82.04,1004.33,32.48,64.29,1003.95,0,0,RULES,1,1,1,
2026-09-28 15:59:26,c1-rule,4751000,31.78,82.04,1004.32,32.47,64.00,1003.96,0,0,RULES,1,1,1,
2026-09-28 15:59:27,c1-rule,4752000,31.79,82.19,1004.39,32.46,64.11,1003.87,0,0,RULES,1,1,1,
2026-09-28 15:59:28,c1-rule,4753000,31.79,81.96,1004.36,32.46,64.13,1003.87,0,0,RULES,1,1,1,
2026-09-28 15:59:29,c1-rule,4754000,31.78,81.93,1004.35,32.46,64.08,1003.90,0,0,RULES,1,1,1,
2026-09-28 15:59:30,c1-rule,4755000,31.79,81.85,1004.35,32.47,64.08,1003.91,0,0,RULES,1,1,1,
2026-09-28 15:59:31,c1-rule,4756000,31.79,81.96,1004.36,32.47,64.14,1003.92,0,0,RULES,1,1,1,
2026-09-28 15:59:32,c1-rule,4757000,31.80,81.90,1004.37,32.47,64.06,1003.91,0,0,RULES,1,1,1,
2026-09-28 15:59:33,c1-rule,4758000,31.78,81.77,1004.37,32.46,64.01,1003.90,0,0,RULES,1,1,1,
2026-09-28 15:59:34,c1-rule,4759000,31.79,81.64,1004.33,32.48,64.05,1003.87,0,0,RULES,1,1,1,
2026-09-28 15:59:35,c1-rule,4760000,31.79,82.01,1004.33,32.48,64.07,1003.95,0,0,RULES,1,1,1,
2026-09-28 15:59:36,c1-rule,4761000,31.79,81.81,1004.31,32.47,64.06,1003.92,0,0,RULES,1,1,1,
2026-09-28 15:59:38,c1-rule,4762000,31.79,81.65,1004.33,32.47,64.04,1003.91,0,0,RULES,1,1,1,
2026-09-28 15:59:38,c1-rule,4763000,31.78,81.67,1004.40,32.47,63.98,1003.91,0,0,RULES,1,1,1,
2026-09-28 15:59:39,c1-rule,4764000,31.79,81.68,1004.39,32.48,64.14,1003.90,0,0,RULES,1,1,1,
2026-09-28 15:59:40,c1-rule,4765000,31.78,81.67,1004.32,32.48,64.06,1003.98,0,0,RULES,1,1,1,
2026-09-28 15:59:41,c1-rule,4766000,31.79,81.62,1004.31,32.47,64.11,1003.91,0,0,RULES,1,1,1,
2026-09-28 15:59:42,c1-rule,4767000,31.78,81.36,1004.40,32.46,64.03,1003.90,0,0,RULES,1,1,1,
2026-09-28 15:59:43,c1-rule,4768000,31.79,81.56,1004.39,32.46,64.08,1003.90,0,0,RULES,1,1,1,
2026-09-28 15:59:44,c1-rule,4769000,31.78,81.74,1004.34,32.46,64.28,1003.90,0,0,RULES,1,1,1,
2026-09-28 15:59:45,c1-rule,4770000,31.79,81.71,1004.36,32.46,64.21,1004.01,0,0,RULES,1,1,1,
2026-09-28 15:59:46,c1-rule,4771000,31.79,81.55,1004.35,32.46,64.08,1003.89,0,0,RULES,1,1,1,
2026-09-28 15:59:47,c1-rule,4772000,31.78,81.23,1004.34,32.47,64.36,1003.92,0,0,RULES,1,1,1,
2026-09-28 15:59:48,c1-rule,4773000,31.79,81.24,1004.33,32.47,64.38,1003.89,0,0,RULES,1,1,1,
2026-09-28 15:59:49,c1-rule,4774000,31.79,81.11,1004.35,32.46,64.24,1003.89,0,0,RULES,1,1,1,
2026-09-28 15:59:51,c1-rule,4775000,31.79,81.36,1004.33,32.47,64.56,1003.96,0,0,RULES,1,1,1,
2026-09-28 15:59:51,c1-rule,4776000,31.78,81.52,1004.37,32.47,64.24,1003.94,0,0,RULES,1,1,1,
2026-09-28 15:59:52,c1-rule,4777000,31.78,81.31,1004.37,32.47,64.38,1003.97,0,0,RULES,1,1,1,
2026-09-28 15:59:53,c1-rule,4778000,31.79,81.39,1004.35,32.47,64.47,1003.91,0,0,RULES,1,1,1,
2026-09-28 15:59:54,c1-rule,4779000,31.79,81.37,1004.30,32.47,64.44,1003.92,0,0,RULES,1,1,1,
2026-09-28 15:59:55,c1-rule,4780000,31.79,81.09,1004.36,32.47,64.45,1003.94,0,0,RULES,1,1,1,
2026-09-28 15:59:56,c1-rule,4781000,31.79,81.26,1004.31,32.47,64.40,1003.96,0,0,RULES,1,1,1,
2026-09-28 15:59:57,c1-rule,4782000,31.79,81.31,1004.36,32.46,64.66,1003.90,0,0,RULES,1,1,1,
2026-09-28 15:59:58,c1-rule,4783000,31.79,81.38,1004.30,32.47,64.33,1003.91,0,0,RULES,1,1,1,
2026-09-28 15:59:59,c1-rule,4784000,31.80,81.38,1004.37,32.47,64.07,1003.92,0,0,RULES,1,1,1,
2026-09-28 16:00:00,c1-rule,4785000,31.79,81.43,1004.42,32.46,64.48,1003.90,0,0,RULES,1,1,1,
2026-09-28 16:00:01,c1-rule,4786000,31.80,81.49,1004.35,32.47,64.15,1003.91,0,0,RULES,1,1,1,
2026-09-28 16:00:02,c1-rule,4787000,31.79,81.53,1004.39,32.48,64.08,1003.92,0,0,RULES,1,1,1,
2026-09-28 16:00:04,c1-rule,4788000,31.80,81.73,1004.40,32.48,64.28,1003.92,0,0,RULES,1,1,1,
2026-09-28 16:00:04,c1-rule,4789000,31.79,81.79,1004.33,32.47,64.40,1003.94,0,0,RULES,1,1,1,
2026-09-28 16:00:05,c1-rule,4790000,31.81,81.97,1004.36,32.47,64.29,1003.92,0,0,RULES,1,1,1,
2026-09-28 16:00:06,c1-rule,4791000,31.80,81.97,1004.38,32.47,64.17,1003.92,0,0,RULES,1,1,1,
2026-09-28 16:00:07,c1-rule,4792000,31.81,81.75,1004.33,32.48,64.29,1003.90,0,0,RULES,1,1,1,
2026-09-28 16:00:08,c1-rule,4793000,31.80,81.86,1004.37,32.47,64.67,1003.91,0,0,RULES,1,1,1,
2026-09-28 16:00:09,c1-rule,4794000,31.81,81.79,1004.36,32.47,64.27,1003.83,0,0,RULES,1,1,1,
2026-09-28 16:00:10,c1-rule,4795000,31.80,81.38,1004.38,32.47,64.21,1003.89,0,0,RULES,1,1,1,
2026-09-28 16:00:11,c1-rule,4796000,31.81,81.53,1004.42,32.47,64.58,1003.85,0,0,RULES,1,1,1,
2026-09-28 16:00:12,c1-rule,4797000,31.80,81.41,1004.34,32.47,64.38,1003.91,0,0,RULES,1,1,1,
2026-09-28 16:00:13,c1-rule,4798000,31.80,81.49,1004.37,32.47,64.47,1003.94,0,0,RULES,1,1,1,
2026-09-28 16:00:14,c1-rule,4799000,31.80,81.63,1004.32,32.47,64.45,1004.00,0,0,RULES,1,1,1,
2026-09-28 16:00:15,c1-rule,4800000,31.80,81.67,1004.41,32.47,64.59,1003.91,0,0,RULES,1,1,1,
2026-09-28 16:00:16,c1-rule,4801000,31.81,81.81,1004.41,32.47,64.26,1003.94,0,0,RULES,1,1,1,
2026-09-28 16:00:17,c1-rule,4802000,31.80,81.95,1004.35,32.48,64.21,1003.95,0,0,RULES,1,1,1,
2026-09-28 16:00:18,c1-rule,4803000,31.80,81.92,1004.35,32.47,64.27,1003.92,0,0,RULES,1,1,1,
2026-09-28 16:00:19,c1-rule,4804000,31.80,81.95,1004.38,32.48,64.15,1003.98,0,0,RULES,1,1,1,
2026-09-28 16:00:20,c1-rule,4805000,31.80,81.71,1004.41,32.48,64.30,1003.92,0,0,RULES,1,1,1,
2026-09-28 16:00:21,c1-rule,4806000,31.81,81.76,1004.34,32.48,64.28,1003.93,0,0,RULES,1,1,1,
2026-09-28 16:00:22,c1-rule,4807000,31.80,81.73,1004.35,32.47,64.61,1003.92,0,0,RULES,1,1,1,
2026-09-28 16:00:23,c1-rule,4808000,31.81,81.55,1004.33,32.48,64.61,1003.98,0,0,RULES,1,1,1,
2026-09-28 16:00:24,c1-rule,4809000,31.80,81.54,1004.35,32.47,64.61,1003.89,0,0,RULES,1,1,1,
2026-09-28 16:00:25,c1-rule,4810000,31.80,81.60,1004.41,32.47,64.70,1003.94,0,0,RULES,1,1,1,
2026-09-28 16:00:26,c1-rule,4811000,31.81,81.64,1004.41,32.48,64.42,1003.90,0,0,RULES,1,1,1,
2026-09-28 16:00:27,c1-rule,4812000,31.81,81.43,1004.36,32.48,64.58,1003.93,0,0,RULES,1,1,1,
2026-09-28 16:00:28,c1-rule,4813000,31.80,81.26,1004.38,32.47,64.47,1003.91,0,0,RULES,1,1,1,
2026-09-28 16:00:29,c1-rule,4814000,31.79,81.00,1004.36,32.48,64.69,1003.93,0,0,RULES,1,1,1,
2026-09-28 16:00:30,c1-rule,4815000,31.80,81.19,1004.35,32.47,64.81,1003.96,0,0,RULES,1,1,1,
2026-09-28 16:00:32,c1-rule,4816000,31.80,81.34,1004.35,32.48,64.80,1003.92,0,0,RULES,1,1,1,
2026-09-28 16:00:32,c1-rule,4817000,31.80,81.24,1004.35,32.48,64.37,1003.92,0,0,RULES,1,1,1,
2026-09-28 16:00:33,c1-rule,4818000,31.81,81.29,1004.41,32.47,64.60,1003.85,0,0,RULES,1,1,1,
2026-09-28 16:00:34,c1-rule,4819000,31.81,81.46,1004.37,32.48,64.58,1003.93,0,0,RULES,1,1,1,
2026-09-28 16:00:35,c1-rule,4820000,31.82,81.66,1004.43,32.47,64.68,1003.89,0,0,RULES,1,1,1,
2026-09-28 16:00:36,c1-rule,4821000,31.82,81.92,1004.33,32.48,64.54,1003.98,0,0,RULES,1,1,1,
2026-09-28 16:00:37,c1-rule,4822000,31.82,81.65,1004.35,32.48,64.61,1003.95,0,0,RULES,1,1,1,
2026-09-28 16:00:39,c1-rule,4823000,31.81,81.68,1004.37,32.48,64.24,1003.95,0,0,RULES,1,1,1,
2026-09-28 16:00:39,c1-rule,4824000,31.82,81.95,1004.35,32.48,64.31,1003.99,0,0,RULES,1,1,1,
2026-09-28 16:00:40,c1-rule,4825000,31.83,81.80,1004.33,32.47,64.45,1003.94,0,0,RULES,1,1,1,
2026-09-28 16:00:41,c1-rule,4826000,31.81,81.94,1004.42,32.47,64.32,1003.94,0,0,RULES,1,1,1,
2026-09-28 16:00:42,c1-rule,4827000,31.82,81.73,1004.35,32.47,64.21,1003.97,0,0,RULES,1,1,1,
2026-09-28 16:00:43,c1-rule,4828000,31.81,81.82,1004.34,32.47,64.28,1003.96,0,0,RULES,1,1,1,
2026-09-28 16:00:44,c1-rule,4829000,31.81,81.79,1004.37,32.47,64.38,1003.97,0,0,RULES,1,1,1,
2026-09-28 16:00:45,c1-rule,4830000,31.81,81.67,1004.42,32.48,64.27,1003.92,0,0,RULES,1,1,1,
2026-09-28 16:00:47,c1-rule,4831000,31.81,81.64,1004.39,32.48,64.16,1003.98,0,0,RULES,1,1,1,
2026-09-28 16:00:47,c1-rule,4832000,31.82,81.70,1004.35,32.48,64.30,1003.90,0,0,RULES,1,1,1,
2026-09-28 16:00:48,c1-rule,4833000,31.81,81.73,1004.31,32.47,64.23,1003.92,0,0,RULES,1,1,1,
2026-09-28 16:00:49,c1-rule,4834000,31.82,81.47,1004.35,32.47,64.32,1003.85,0,0,RULES,1,1,1,
2026-09-28 16:00:50,c1-rule,4835000,31.81,81.78,1004.28,32.48,64.54,1003.92,0,0,RULES,1,1,1,
2026-09-28 16:00:51,c1-rule,4836000,31.82,81.66,1004.37,32.47,64.79,1003.91,0,0,RULES,1,1,1,
2026-09-28 16:00:52,c1-rule,4837000,31.81,81.77,1004.37,32.47,64.49,1003.94,0,0,RULES,1,1,1,
2026-09-28 16:00:54,c1-rule,4838000,31.82,81.77,1004.32,32.46,64.41,1003.93,0,0,RULES,1,1,1,
2026-09-28 16:00:54,c1-rule,4839000,31.81,81.77,1004.37,32.48,64.29,1003.92,0,0,RULES,1,1,1,
2026-09-28 16:00:55,c1-rule,4840000,31.81,81.75,1004.25,32.46,64.46,1003.95,0,0,RULES,1,1,1,
2026-09-28 16:00:56,c1-rule,4841000,31.83,82.00,1004.31,32.48,64.58,1003.98,0,0,RULES,1,1,1,
2026-09-28 16:00:57,c1-rule,4842000,31.82,82.01,1004.35,32.46,64.33,1003.96,0,0,RULES,1,1,1,
2026-09-28 16:00:58,c1-rule,4843000,31.82,81.89,1004.44,32.47,64.46,1003.97,0,0,RULES,1,1,1,
2026-09-28 16:00:59,c1-rule,4844000,31.82,82.03,1004.44,32.47,64.33,1003.94,0,0,RULES,1,1,1,
2026-09-28 16:01:00,c1-rule,4845000,31.83,82.09,1004.31,32.47,64.37,1003.91,0,0,RULES,1,1,1,
2026-09-28 16:01:01,c1-rule,4846000,31.82,82.01,1004.38,32.47,64.47,1003.94,0,0,RULES,1,1,1,
2026-09-28 16:01:02,c1-rule,4847000,31.83,82.19,1004.39,32.47,64.45,1003.88,0,0,RULES,1,1,1,
2026-09-28 16:01:03,c1-rule,4848000,31.82,82.18,1004.37,32.46,64.38,1003.93,0,0,RULES,1,1,1,
2026-09-28 16:01:04,c1-rule,4849000,31.83,82.14,1004.33,32.46,64.69,1003.96,0,0,RULES,1,1,1,
2026-09-28 16:01:05,c1-rule,4850000,31.84,82.23,1004.38,32.47,64.64,1003.94,0,0,RULES,1,1,1,
2026-09-28 16:01:06,c1-rule,4851000,31.83,82.45,1004.37,32.46,64.38,1003.96,0,0,RULES,1,1,1,
2026-09-28 16:01:07,c1-rule,4852000,31.84,82.22,1004.46,32.47,64.88,1003.97,0,0,RULES,1,1,1,
2026-09-28 16:01:08,c1-rule,4853000,31.84,82.19,1004.41,32.47,64.64,1003.91,0,0,RULES,1,1,1,
2026-09-28 16:01:09,c1-rule,4854000,31.82,82.01,1004.41,32.47,64.31,1003.91,0,0,RULES,1,1,1,
2026-09-28 16:01:10,c1-rule,4855000,31.82,81.95,1004.41,32.47,64.47,1003.94,0,0,RULES,1,1,1,
2026-09-28 16:01:11,c1-rule,4856000,31.82,81.89,1004.35,32.46,64.52,1003.93,0,0,RULES,1,1,1,
2026-09-28 16:01:12,c1-rule,4857000,31.83,81.97,1004.42,32.47,64.64,1003.85,0,0,RULES,1,1,1,
2026-09-28 16:01:14,c1-rule,4858000,31.82,81.79,1004.44,32.46,64.48,1003.95,0,0,RULES,1,1,1,
2026-09-28 16:01:14,c1-rule,4859000,31.83,81.96,1004.33,32.45,64.41,1003.94,0,0,RULES,1,1,1,
2026-09-28 16:01:15,c1-rule,4860000,31.83,81.90,1004.36,32.46,64.50,1003.96,0,0,RULES,1,1,1,
2026-09-28 16:01:16,c1-rule,4861000,31.82,82.11,1004.33,32.47,64.33,1003.99,0,0,RULES,1,1,1,
2026-09-28 16:01:17,c1-rule,4862000,31.82,81.97,1004.35,32.47,64.42,1003.94,0,0,RULES,1,1,1,
2026-09-28 16:01:18,c1-rule,4863000,31.83,81.84,1004.43,32.46,64.81,1003.98,0,0,RULES,1,1,1,
2026-09-28 16:01:19,c1-rule,4864000,31.82,81.87,1004.38,32.46,64.59,1003.96,0,0,RULES,1,1,1,
2026-09-28 16:01:20,c1-rule,4865000,31.83,82.07,1004.39,32.46,64.54,1003.90,0,0,RULES,1,1,1,
2026-09-28 16:01:22,c1-rule,4866000,31.83,81.92,1004.36,32.47,64.76,1003.94,0,0,RULES,1,1,1,
2026-09-28 16:01:22,c1-rule,4867000,31.82,82.00,1004.41,32.47,64.91,1003.91,0,0,RULES,1,1,1,
2026-09-28 16:01:23,c1-rule,4868000,31.82,81.71,1004.41,32.47,64.56,1003.96,0,0,RULES,1,1,1,
2026-09-28 16:01:24,c1-rule,4869000,31.82,81.55,1004.37,32.47,64.81,1003.96,0,0,RULES,1,1,1,
2026-09-28 16:01:25,c1-rule,4870000,31.82,81.63,1004.33,32.46,64.57,1003.95,0,0,RULES,1,1,1,
2026-09-28 16:01:26,c1-rule,4871000,31.82,81.55,1004.33,32.46,64.48,1003.93,0,0,RULES,1,1,1,
2026-09-28 16:01:27,c1-rule,4872000,31.82,81.54,1004.38,32.46,64.58,1003.93,0,0,RULES,1,1,1,
2026-09-28 16:01:28,c1-rule,4873000,31.82,81.51,1004.47,32.46,64.45,1003.93,0,0,RULES,1,1,1,
2026-09-28 16:01:29,c1-rule,4874000,31.82,81.60,1004.41,32.47,64.56,1003.96,0,0,RULES,1,1,1,
2026-09-28 16:01:30,c1-rule,4875000,31.83,81.74,1004.42,32.47,64.62,1003.96,0,0,RULES,1,1,1,
2026-09-28 16:01:31,c1-rule,4876000,31.82,81.74,1004.35,32.46,64.64,1003.96,0,0,RULES,1,1,1,
2026-09-28 16:01:32,c1-rule,4877000,31.83,81.84,1004.33,32.47,64.68,1003.97,0,0,RULES,1,1,1,
2026-09-28 16:01:33,c1-rule,4878000,31.82,82.02,1004.41,32.46,64.40,1004.00,0,0,RULES,1,1,1,
2026-09-28 16:01:35,c1-rule,4879000,31.82,82.00,1004.35,32.46,64.81,1003.98,0,0,RULES,1,1,1,
2026-09-28 16:01:35,c1-rule,4880000,31.82,81.95,1004.35,32.46,64.63,1003.90,0,0,RULES,1,1,1,
2026-09-28 16:01:36,c1-rule,4881000,31.82,81.80,1004.38,32.47,64.57,1003.99,0,0,RULES,1,1,1,
2026-09-28 16:01:37,c1-rule,4882000,31.82,82.09,1004.33,32.47,64.49,1003.99,0,0,RULES,1,1,1,
2026-09-28 16:01:38,c1-rule,4883000,31.82,81.97,1004.38,32.47,64.83,1003.94,0,0,RULES,1,1,1,
2026-09-28 16:01:39,c1-rule,4884000,31.83,82.05,1004.40,32.47,64.96,1003.94,0,0,RULES,1,1,1,
2026-09-28 16:01:40,c1-rule,4885000,31.82,81.98,1004.35,32.47,64.75,1003.92,0,0,RULES,1,1,1,
2026-09-28 16:01:41,c1-rule,4886000,31.83,82.07,1004.37,32.47,64.46,1004.00,0,0,RULES,1,1,1,
2026-09-28 16:01:42,c1-rule,4887000,31.82,81.92,1004.38,32.48,64.60,1003.88,0,0,RULES,1,1,1,
2026-09-28 16:01:43,c1-rule,4888000,31.82,81.65,1004.35,32.48,64.53,1003.98,0,0,RULES,1,1,1,
2026-09-28 16:01:44,c1-rule,4889000,31.82,81.41,1004.40,32.48,64.63,1003.93,0,0,RULES,1,1,1,
2026-09-28 16:01:45,c1-rule,4890000,31.83,81.19,1004.33,32.48,64.56,1003.93,0,0,RULES,1,1,1,
2026-09-28 16:01:46,c1-rule,4891000,31.83,81.62,1004.36,32.48,64.71,1003.93,0,0,RULES,1,1,1,
2026-09-28 16:01:47,c1-rule,4892000,31.83,81.54,1004.42,32.49,64.53,1003.91,0,0,RULES,1,1,1,
2026-09-28 16:01:48,c1-rule,4893000,31.83,81.49,1004.39,32.49,64.84,1003.91,0,0,RULES,1,1,1,
2026-09-28 16:01:49,c1-rule,4894000,31.83,81.53,1004.40,32.48,64.65,1003.93,0,0,RULES,1,1,1,
2026-09-28 16:01:50,c1-rule,4895000,31.83,81.59,1004.33,32.48,64.54,1003.99,0,0,RULES,1,1,1,
2026-09-28 16:01:51,c1-rule,4896000,31.82,81.65,1004.38,32.49,64.48,1004.03,0,0,RULES,1,1,1,
2026-09-28 16:01:52,c1-rule,4897000,31.82,81.53,1004.37,32.49,64.53,1003.91,0,0,RULES,1,1,1,
2026-09-28 16:01:53,c1-rule,4898000,31.82,81.10,1004.35,32.48,64.94,1003.96,0,0,RULES,1,1,1,
2026-09-28 16:01:55,c1-rule,4899000,31.83,81.25,1004.33,32.49,64.82,1003.97,0,0,RULES,1,1,1,
2026-09-28 16:01:55,c1-rule,4900000,31.82,81.41,1004.41,32.48,64.53,1003.96,0,0,RULES,1,1,1,
2026-09-28 16:01:56,c1-rule,4901000,31.82,81.25,1004.38,32.49,64.61,1003.94,0,0,RULES,1,1,1,
2026-09-28 16:01:57,c1-rule,4902000,31.82,80.79,1004.37,32.49,64.47,1003.88,0,0,RULES,1,1,1,
2026-09-28 16:01:58,c1-rule,4903000,31.82,81.11,1004.33,32.48,64.75,1003.96,0,0,RULES,1,1,1,
2026-09-28 16:01:59,c1-rule,4904000,31.82,80.99,1004.40,32.48,64.55,1003.92,0,0,RULES,1,1,1,
2026-09-28 16:02:00,c1-rule,4905000,31.82,81.17,1004.27,32.48,64.61,1003.92,0,0,RULES,1,1,1,
2026-09-28 16:02:01,c1-rule,4906000,31.82,81.02,1004.38,32.48,64.49,1003.95,0,0,RULES,1,1,1,
2026-09-28 16:02:02,c1-rule,4907000,31.82,80.81,1004.32,32.48,64.77,1003.93,0,0,RULES,1,1,1,
2026-09-28 16:02:03,c1-rule,4908000,31.82,81.10,1004.35,32.49,64.64,1003.97,0,0,RULES,1,1,1,
2026-09-28 16:02:04,c1-rule,4909000,31.82,81.20,1004.37,32.49,64.62,1003.95,0,0,RULES,1,1,1,
2026-09-28 16:02:05,c1-rule,4910000,31.82,81.21,1004.35,32.49,64.98,1003.98,0,0,RULES,1,1,1,
2026-09-28 16:02:06,c1-rule,4911000,31.83,81.10,1004.33,32.48,64.91,1003.96,0,0,RULES,1,1,1,
2026-09-28 16:02:07,c1-rule,4912000,31.83,81.12,1004.36,32.48,64.90,1003.96,0,0,RULES,1,1,1,
2026-09-28 16:02:09,c1-rule,4913000,31.82,81.37,1004.38,32.49,64.49,1003.94,0,0,RULES,1,1,1,
2026-09-28 16:02:09,c1-rule,4914000,31.82,81.23,1004.35,32.49,64.69,1003.91,0,0,RULES,1,1,1,
2026-09-28 16:02:10,c1-rule,4915000,31.82,80.60,1004.40,32.48,64.62,1003.93,0,0,RULES,1,1,1,
2026-09-28 16:02:11,c1-rule,4916000,31.81,80.46,1004.37,32.49,64.83,1003.97,0,0,RULES,1,1,1,
2026-09-28 16:02:12,c1-rule,4917000,31.81,80.39,1004.42,32.49,64.61,1003.94,0,0,RULES,1,1,1,
2026-09-28 16:02:13,c1-rule,4918000,31.81,80.67,1004.37,32.49,64.64,1003.94,0,0,RULES,1,1,1,
2026-09-28 16:02:14,c1-rule,4919000,31.81,80.83,1004.39,32.49,64.81,1003.89,0,0,RULES,1,1,1,
2026-09-28 16:02:16,c1-rule,4920000,31.82,80.97,1004.35,32.48,64.45,1003.93,0,0,RULES,1,1,1,
2026-09-28 16:02:16,c1-rule,4921000,31.82,81.05,1004.37,32.49,64.81,1003.94,0,0,RULES,1,1,1,
2026-09-28 16:02:17,c1-rule,4922000,31.82,81.09,1004.37,32.50,64.64,1003.93,0,0,RULES,1,1,1,
2026-09-28 16:02:18,c1-rule,4923000,31.82,80.80,1004.38,32.49,65.00,1003.95,0,0,RULES,1,1,1,
2026-09-28 16:02:19,c1-rule,4924000,31.83,80.98,1004.36,32.49,64.98,1003.95,0,0,RULES,1,1,1,
2026-09-28 16:02:20,c1-rule,4925000,31.82,81.35,1004.38,32.50,64.62,1003.90,0,0,RULES,1,1,1,
2026-09-28 16:02:21,c1-rule,4926000,31.83,81.16,1004.33,32.49,64.89,1003.94,0,0,RULES,1,1,1,
2026-09-28 16:02:22,c1-rule,4927000,31.83,81.11,1004.40,32.49,64.62,1003.95,0,0,RULES,1,1,1,
2026-09-28 16:02:23,c1-rule,4928000,31.82,80.96,1004.46,32.49,64.47,1003.95,0,0,RULES,1,1,1,
2026-09-28 16:02:24,c1-rule,4929000,31.82,80.75,1004.38,32.49,64.49,1003.94,0,0,RULES,1,1,1,
2026-09-28 16:02:25,c1-rule,4930000,31.81,80.75,1004.42,32.49,64.78,1003.95,0,0,RULES,1,1,1,
2026-09-28 16:02:26,c1-rule,4931000,31.83,80.78,1004.39,32.50,64.62,1003.87,0,0,RULES,1,1,1,
2026-09-28 16:02:27,c1-rule,4932000,31.82,80.67,1004.38,32.49,64.64,1003.95,0,0,RULES,1,1,1,
2026-09-28 16:02:28,c1-rule,4933000,31.81,80.68,1004.37,32.50,64.63,1003.90,0,0,RULES,1,1,1,
2026-09-28 16:02:29,c1-rule,4934000,31.82,80.45,1004.32,32.49,64.93,1003.89,0,0,RULES,1,1,1,
2026-09-28 16:02:30,c1-rule,4935000,31.82,80.50,1004.35,32.50,64.44,1003.93,0,0,RULES,1,1,1,
2026-09-28 16:02:31,c1-rule,4936000,31.82,80.60,1004.33,32.49,64.96,1003.98,0,0,RULES,1,1,1,
2026-09-28 16:02:32,c1-rule,4937000,31.82,80.83,1004.37,32.49,64.87,1003.92,0,0,RULES,1,1,1,
2026-09-28 16:02:33,c1-rule,4938000,31.83,80.98,1004.34,32.49,64.97,1003.91,0,0,RULES,1,1,1,
2026-09-28 16:02:34,c1-rule,4939000,31.83,81.19,1004.39,32.49,64.56,1003.86,0,0,RULES,1,1,1,
2026-09-28 16:02:36,c1-rule,4940000,31.83,80.77,1004.39,32.49,64.92,1003.97,0,0,RULES,1,1,1,
2026-09-28 16:02:36,c1-rule,4941000,31.83,80.88,1004.37,32.50,64.54,1003.90,0,0,RULES,1,1,1,
2026-09-28 16:02:37,c1-rule,4942000,31.82,80.86,1004.33,32.49,64.64,1003.95,0,0,RULES,1,1,1,
2026-09-28 16:02:38,c1-rule,4943000,31.83,81.05,1004.39,32.49,64.65,1003.95,0,0,RULES,1,1,1,
2026-09-28 16:02:39,c1-rule,4944000,31.82,80.96,1004.33,32.49,64.63,1003.88,0,0,RULES,1,1,1,
2026-09-28 16:02:40,c1-rule,4945000,31.83,81.08,1004.39,32.49,64.77,1003.95,0,0,RULES,1,1,1,
2026-09-28 16:02:41,c1-rule,4946000,31.83,80.94,1004.37,32.50,64.54,1003.93,0,0,RULES,1,1,1,
2026-09-28 16:02:42,c1-rule,4947000,31.82,80.71,1004.35,32.49,64.71,1003.89,0,0,RULES,1,1,1,
2026-09-28 16:02:43,c1-rule,4948000,31.83,80.62,1004.33,32.50,65.00,1003.93,0,0,RULES,1,1,1,
2026-09-28 16:02:44,c1-rule,4949000,31.83,80.76,1004.36,32.50,64.62,1003.93,0,0,RULES,1,1,1,
2026-09-28 16:02:45,c1-rule,4950000,31.83,80.82,1004.39,32.49,64.89,1003.92,0,0,RULES,1,1,1,
2026-09-28 16:02:46,c1-rule,4951000,31.83,81.00,1004.34,32.50,64.61,1003.90,0,0,RULES,1,1,1,
2026-09-28 16:02:47,c1-rule,4952000,31.83,80.88,1004.39,32.50,64.71,1003.94,0,0,RULES,1,1,1,
2026-09-28 16:02:48,c1-rule,4953000,31.82,80.78,1004.33,32.50,64.64,1003.90,0,0,RULES,1,1,1,
2026-09-28 16:02:50,c1-rule,4954000,31.83,80.95,1004.39,32.51,64.47,1003.89,0,0,RULES,1,1,1,
2026-09-28 16:02:50,c1-rule,4955000,31.83,80.90,1004.40,32.49,64.74,1003.95,0,0,RULES,1,1,1,
2026-09-28 16:02:51,c1-rule,4956000,31.84,80.83,1004.38,32.50,64.48,1003.98,0,0,RULES,1,1,1,
2026-09-28 16:02:52,c1-rule,4957000,31.83,80.90,1004.37,32.50,64.62,1003.98,0,0,RULES,1,1,1,
2026-09-28 16:02:53,c1-rule,4958000,31.83,81.12,1004.45,32.51,64.51,1003.94,0,0,RULES,1,1,1,
2026-09-28 16:02:54,c1-rule,4959000,31.83,81.19,1004.37,32.50,64.59,1003.96,0,0,RULES,1,1,1,
2026-09-28 16:02:55,c1-rule,4960000,31.83,81.34,1004.37,32.49,64.48,1003.89,0,0,RULES,1,1,1,
2026-09-28 16:02:57,c1-rule,4961000,31.84,81.32,1004.35,32.50,64.60,1003.90,0,0,RULES,1,1,1,
2026-09-28 16:02:57,c1-rule,4962000,31.83,81.27,1004.40,32.50,64.58,1003.96,0,0,RULES,1,1,1,
2026-09-28 16:02:58,c1-rule,4963000,31.84,81.26,1004.35,32.51,64.64,1003.97,0,0,RULES,1,1,1,
2026-09-28 16:02:59,c1-rule,4964000,31.84,81.04,1004.35,32.50,64.51,1003.94,0,0,RULES,1,1,1,
2026-09-28 16:03:00,c1-rule,4965000,31.83,81.04,1004.37,32.51,64.75,1003.94,0,0,RULES,1,1,1,
2026-09-28 16:03:01,c1-rule,4966000,31.83,81.17,1004.37,32.51,64.55,1003.95,0,0,RULES,1,1,1,
2026-09-28 16:03:02,c1-rule,4967000,31.83,81.05,1004.37,32.51,64.57,1003.86,0,0,RULES,1,1,1,
2026-09-28 16:03:03,c1-rule,4968000,31.84,80.90,1004.32,32.50,64.62,1003.88,0,0,RULES,1,1,1,
2026-09-28 16:03:04,c1-rule,4969000,31.83,81.02,1004.34,32.51,64.62,1003.92,0,0,RULES,1,1,1,
2026-09-28 16:03:05,c1-rule,4970000,31.84,80.88,1004.41,32.51,64.76,1003.97,0,0,RULES,1,1,1,
2026-09-28 16:03:06,c1-rule,4971000,31.84,80.82,1004.33,32.51,64.58,1003.98,0,0,RULES,1,1,1,
2026-09-28 16:03:07,c1-rule,4972000,31.84,80.83,1004.36,32.51,64.77,1004.04,0,0,RULES,1,1,1,
2026-09-28 16:03:08,c1-rule,4973000,31.84,81.03,1004.35,32.50,64.95,1003.91,0,0,RULES,1,1,1,
2026-09-28 16:03:10,c1-rule,4974000,31.83,80.79,1004.31,32.52,64.74,1003.96,0,0,RULES,1,1,1,
2026-09-28 16:03:10,c1-rule,4975000,31.83,80.62,1004.34,32.52,64.61,1003.96,0,0,RULES,1,1,1,
2026-09-28 16:03:11,c1-rule,4976000,31.84,80.92,1004.38,32.51,64.99,1003.95,0,0,RULES,1,1,1,
2026-09-28 16:03:12,c1-rule,4977000,31.84,80.71,1004.32,32.52,64.88,1003.94,0,0,RULES,1,1,1,
2026-09-28 16:03:13,c1-rule,4978000,31.84,80.74,1004.35,32.52,64.79,1003.91,0,0,RULES,1,1,1,
2026-09-28 16:03:14,c1-rule,4979000,31.84,80.89,1004.35,32.53,64.77,1003.92,0,0,RULES,1,1,1,
2026-09-28 16:03:15,c1-rule,4980000,31.83,81.14,1004.40,32.53,64.52,1003.95,0,0,RULES,1,1,1,
2026-09-28 16:03:17,c1-rule,4981000,31.84,80.92,1004.38,32.53,64.57,1003.95,0,0,RULES,1,1,1,
2026-09-28 16:03:17,c1-rule,4982000,31.84,80.63,1004.38,32.54,64.43,1003.91,0,0,RULES,1,1,1,
2026-09-28 16:03:18,c1-rule,4983000,31.84,80.75,1004.38,32.54,64.65,1003.96,0,0,RULES,1,1,1,
2026-09-28 16:03:19,c1-rule,4984000,31.85,80.86,1004.31,32.53,64.57,1003.98,0,0,RULES,1,1,1,
2026-09-28 16:03:20,c1-rule,4985000,31.84,80.84,1004.35,32.53,64.47,1003.96,0,0,RULES,1,1,1,
2026-09-28 16:03:21,c1-rule,4986000,31.84,81.00,1004.36,32.53,64.66,1003.96,0,0,RULES,1,1,1,
2026-09-28 16:03:22,c1-rule,4987000,31.84,80.86,1004.41,32.53,64.28,1003.93,0,0,RULES,1,1,1,
2026-09-28 16:03:23,c1-rule,4988000,31.83,80.79,1004.29,32.53,64.61,1003.96,0,0,RULES,1,1,1,
2026-09-28 16:03:24,c1-rule,4989000,31.84,80.26,1004.41,32.54,64.61,1003.96,0,0,RULES,1,1,1,
2026-09-28 16:03:25,c1-rule,4990000,31.84,80.46,1004.35,32.53,64.28,1003.89,0,0,RULES,1,1,1,
2026-09-28 16:03:26,c1-rule,4991000,31.84,80.65,1004.39,32.54,64.31,1003.94,0,0,RULES,1,1,1,
2026-09-28 16:03:27,c1-rule,4992000,31.85,80.75,1004.39,32.53,64.46,1003.98,0,0,RULES,1,1,1,
2026-09-28 16:03:28,c1-rule,4993000,31.84,80.83,1004.35,32.54,64.30,1003.99,0,0,RULES,1,1,1,
2026-09-28 16:03:29,c1-rule,4994000,31.84,81.12,1004.33,32.53,64.42,1003.93,0,0,RULES,1,1,1,
2026-09-28 16:03:30,c1-rule,4995000,31.84,81.16,1004.36,32.53,64.39,1004.01,0,0,RULES,1,1,1,
2026-09-28 16:03:31,c1-rule,4996000,31.85,81.05,1004.37,32.54,64.47,1003.99,0,0,RULES,1,1,1,
2026-09-28 16:03:32,c1-rule,4997000,31.85,81.06,1004.34,32.54,64.38,1003.96,0,0,RULES,1,1,1,
2026-09-28 16:03:33,c1-rule,4998000,31.85,81.21,1004.34,32.54,64.26,1003.91,0,0,RULES,1,1,1,
2026-09-28 16:03:34,c1-rule,4999000,31.85,81.16,1004.37,32.54,64.39,1003.96,0,0,RULES,1,1,1,
2026-09-28 16:03:35,c1-rule,5000000,31.85,81.12,1004.37,32.54,64.66,1003.96,0,0,RULES,1,1,1,
2026-09-28 16:03:36,c1-rule,5001000,31.85,80.95,1004.37,32.54,64.57,1003.96,0,0,RULES,1,1,1,
2026-09-28 16:03:37,c1-rule,5002000,31.85,80.69,1004.37,32.54,64.79,1003.94,0,0,RULES,1,1,1,
2026-09-28 16:03:38,c1-rule,5003000,31.86,80.77,1004.35,32.53,64.41,1003.98,0,0,RULES,1,1,1,
2026-09-28 16:03:39,c1-rule,5004000,31.84,80.79,1004.33,32.53,64.57,1003.96,0,0,RULES,1,1,1,
2026-09-28 16:03:40,c1-rule,5005000,31.85,80.93,1004.37,32.54,64.38,1003.94,0,0,RULES,1,1,1,
2026-09-28 16:03:41,c1-rule,5006000,31.85,81.17,1004.39,32.54,64.42,1004.03,0,0,RULES,1,1,1,
2026-09-28 16:03:42,c1-rule,5007000,31.84,81.03,1004.33,32.54,64.80,1003.94,0,0,RULES,1,1,1,
2026-09-28 16:03:43,c1-rule,5008000,31.85,80.95,1004.42,32.53,64.62,1004.01,0,0,RULES,1,1,1,
2026-09-28 16:03:45,c1-rule,5009000,31.84,80.94,1004.36,32.53,64.44,1003.98,0,0,RULES,1,1,1,
2026-09-28 16:03:45,c1-rule,5010000,31.84,81.03,1004.39,32.53,64.35,1003.93,0,0,RULES,1,1,1,
2026-09-28 16:03:46,c1-rule,5011000,31.85,80.96,1004.35,32.53,64.33,1003.87,0,0,RULES,1,1,1,
2026-09-28 16:03:47,c1-rule,5012000,31.85,81.16,1004.39,32.53,64.42,1003.96,0,0,RULES,1,1,1,
2026-09-28 16:03:48,c1-rule,5013000,31.85,80.92,1004.37,32.53,64.41,1003.96,0,0,RULES,1,1,1,
2026-09-28 16:03:49,c1-rule,5014000,31.85,80.49,1004.35,32.53,64.42,1003.95,0,0,RULES,1,1,1,
2026-09-28 16:03:50,c1-rule,5015000,31.85,80.43,1004.37,32.53,64.27,1003.87,0,0,RULES,1,1,1,
2026-09-28 16:03:52,c1-rule,5016000,31.85,80.48,1004.39,32.54,64.37,1003.96,0,0,RULES,1,1,1,
2026-09-28 16:03:52,c1-rule,5017000,31.85,80.42,1004.32,32.54,64.31,1004.02,0,0,RULES,1,1,1,
2026-09-28 16:03:53,c1-rule,5018000,31.85,80.79,1004.39,32.54,64.47,1003.94,0,0,RULES,1,1,1,
2026-09-28 16:03:54,c1-rule,5019000,31.85,80.73,1004.45,32.52,64.36,1003.91,0,0,RULES,1,1,1,
2026-09-28 16:03:55,c1-rule,5020000,31.85,80.52,1004.39,32.53,64.46,1003.96,0,0,RULES,1,1,1,
2026-09-28 16:03:56,c1-rule,5021000,31.85,80.42,1004.32,32.54,64.83,1003.94,0,0,RULES,1,1,1,
2026-09-28 16:03:57,c1-rule,5022000,31.85,80.55,1004.35,32.53,64.78,1003.95,0,0,RULES,1,1,1,
2026-09-28 16:03:58,c1-rule,5023000,31.84,80.50,1004.38,32.53,64.53,1003.92,0,0,RULES,1,1,1,
2026-09-28 16:03:59,c1-rule,5024000,31.84,80.39,1004.36,32.53,64.72,1003.96,0,0,RULES,1,1,1,
2026-09-28 16:04:00,c1-rule,5025000,31.85,80.62,1004.40,32.54,64.61,1003.94,0,0,RULES,1,1,1,
2026-09-28 16:04:01,c1-rule,5026000,31.85,80.87,1004.35,32.54,64.76,1003.94,0,0,RULES,1,1,1,
2026-09-28 16:04:02,c1-rule,5027000,31.85,80.79,1004.34,32.54,64.55,1003.96,0,0,RULES,1,1,1,
2026-09-28 16:04:03,c1-rule,5028000,31.85,80.54,1004.37,32.54,64.73,1003.96,0,0,RULES,1,1,1,
2026-09-28 16:04:04,c1-rule,5029000,31.85,80.80,1004.37,32.55,64.55,1003.92,0,0,RULES,1,1,1,
2026-09-28 16:04:05,c1-rule,5030000,31.86,81.12,1004.44,32.55,64.76,1003.92,0,0,RULES,1,1,1,
2026-09-28 16:04:06,c1-rule,5031000,31.85,80.81,1004.39,32.54,64.32,1003.88,0,0,RULES,1,1,1,
2026-09-28 16:04:07,c1-rule,5032000,31.85,80.83,1004.35,32.53,64.52,1003.96,0,0,RULES,1,1,1,
2026-09-28 16:04:08,c1-rule,5033000,31.85,80.65,1004.35,32.55,64.37,1003.92,0,0,RULES,1,1,1,
2026-09-28 16:04:09,c1-rule,5034000,31.85,80.73,1004.32,32.55,64.65,1003.90,0,0,RULES,1,1,1,
2026-09-28 16:04:10,c1-rule,5035000,31.85,80.77,1004.32,32.54,64.34,1003.92,0,0,RULES,1,1,1,
2026-09-28 16:04:11,c1-rule,5036000,31.86,80.82,1004.38,32.54,64.32,1003.94,0,0,RULES,1,1,1,
2026-09-28 16:04:12,c1-rule,5037000,31.85,80.91,1004.37,32.55,64.42,1003.90,0,0,RULES,1,1,1,
2026-09-28 16:04:13,c1-rule,5038000,31.85,81.10,1004.37,32.55,64.57,1003.99,0,0,RULES,1,1,1,
2026-09-28 16:04:14,c1-rule,5039000,31.86,80.99,1004.36,32.55,64.40,1003.95,0,0,RULES,1,1,1,
2026-09-28 16:04:15,c1-rule,5040000,31.86,80.47,1004.41,32.55,64.31,1003.90,0,0,RULES,1,1,1,
2026-09-28 16:04:16,c1-rule,5041000,31.86,80.66,1004.36,32.55,64.26,1003.96,0,0,RULES,1,1,1,
2026-09-28 16:04:17,c1-rule,5042000,31.86,80.91,1004.36,32.56,64.22,1003.92,0,0,RULES,1,1,1,
2026-09-28 16:04:18,c1-rule,5043000,31.86,80.44,1004.41,32.56,64.24,1003.92,0,0,RULES,1,1,1,
2026-09-28 16:04:20,c1-rule,5044000,31.86,80.61,1004.33,32.57,64.31,1004.01,0,0,RULES,1,1,1,
2026-09-28 16:04:20,c1-rule,5045000,31.86,80.80,1004.33,32.56,64.29,1003.88,0,0,RULES,1,1,1,
2026-09-28 16:04:21,c1-rule,5046000,31.86,80.64,1004.38,32.56,64.62,1004.00,0,0,RULES,1,1,1,
2026-09-28 16:04:22,c1-rule,5047000,31.85,80.35,1004.40,32.56,64.56,1003.97,0,0,RULES,1,1,1,
2026-09-28 16:04:23,c1-rule,5048000,31.85,80.62,1004.32,32.57,64.63,1003.98,0,0,RULES,1,1,1,
2026-09-28 16:04:24,c1-rule,5049000,31.85,80.67,1004.35,32.56,64.47,1003.89,0,0,RULES,1,1,1,
2026-09-28 16:04:25,c1-rule,5050000,31.85,80.48,1004.37,32.57,64.38,1003.93,0,0,RULES,1,1,1,
2026-09-28 16:04:26,c1-rule,5051000,31.85,80.19,1004.32,32.58,64.32,1003.95,0,0,RULES,1,1,1,
2026-09-28 16:04:27,c1-rule,5052000,31.85,80.24,1004.34,32.58,64.11,1003.98,0,0,RULES,1,1,1,
2026-09-28 16:04:28,c1-rule,5053000,31.86,80.60,1004.33,32.57,64.15,1003.91,0,0,RULES,1,1,1,
2026-09-28 16:04:29,c1-rule,5054000,31.86,80.52,1004.35,32.58,64.27,1003.92,0,0,RULES,1,1,1,
2026-09-28 16:04:30,c1-rule,5055000,31.86,80.83,1004.39,32.59,64.19,1003.88,0,0,RULES,1,1,1,
2026-09-28 16:04:31,c1-rule,5056000,31.86,80.84,1004.39,32.60,64.26,1004.00,0,0,RULES,1,1,1,
2026-09-28 16:04:33,c1-rule,5057000,31.86,80.93,1004.38,32.59,64.22,1003.94,0,0,RULES,1,1,1,
2026-09-28 16:04:33,c1-rule,5058000,31.86,80.91,1004.35,32.60,64.16,1003.92,0,0,RULES,1,1,1,
2026-09-28 16:04:34,c1-rule,5059000,31.86,81.03,1004.36,32.60,64.12,1004.00,0,0,RULES,1,1,1,
2026-09-28 16:04:35,c1-rule,5060000,31.87,81.02,1004.40,32.60,64.25,1003.89,0,0,RULES,1,1,1,
2026-09-28 16:04:36,c1-rule,5061000,31.87,80.82,1004.34,32.60,64.16,1003.96,0,0,RULES,1,1,1,
2026-09-28 16:04:37,c1-rule,5062000,31.87,80.82,1004.34,32.59,64.53,1003.88,0,0,RULES,1,1,1,
2026-09-28 16:04:38,c1-rule,5063000,31.86,80.65,1004.33,32.60,64.21,1003.89,0,0,RULES,1,1,1,
2026-09-28 16:04:39,c1-rule,5064000,31.86,80.51,1004.42,32.60,64.07,1003.87,0,0,RULES,1,1,1,
2026-09-28 16:04:41,c1-rule,5065000,31.86,80.33,1004.33,32.60,64.23,1003.90,0,0,RULES,1,1,1,
2026-09-28 16:04:41,c1-rule,5066000,31.86,80.35,1004.33,32.61,64.46,1003.91,0,0,RULES,1,1,1,
2026-09-28 16:04:42,c1-rule,5067000,31.87,80.35,1004.41,32.60,64.40,1004.01,0,0,RULES,1,1,1,
2026-09-28 16:04:43,c1-rule,5068000,31.86,80.67,1004.33,32.61,64.35,1003.94,0,0,RULES,1,1,1,
2026-09-28 16:04:44,c1-rule,5069000,31.86,80.76,1004.36,32.60,64.37,1003.89,0,0,RULES,1,1,1,
2026-09-28 16:04:45,c1-rule,5070000,31.86,80.82,1004.38,32.60,64.52,1003.92,0,0,RULES,1,1,1,
2026-09-28 16:04:46,c1-rule,5071000,31.86,80.66,1004.39,32.60,64.53,1003.95,0,0,RULES,1,1,1,
2026-09-28 16:04:47,c1-rule,5072000,31.87,80.60,1004.37,32.60,64.12,1003.92,0,0,RULES,1,1,1,
2026-09-28 16:04:48,c1-rule,5073000,31.86,80.71,1004.31,32.60,64.52,1003.89,0,0,RULES,1,1,1,
2026-09-28 16:04:49,c1-rule,5074000,31.86,80.51,1004.35,32.61,64.58,1003.92,0,0,RULES,1,1,1,
2026-09-28 16:04:50,c1-rule,5075000,31.86,80.39,1004.36,32.60,64.52,1003.98,0,0,RULES,1,1,1,
2026-09-28 16:04:51,c1-rule,5076000,31.86,80.49,1004.36,32.61,64.40,1003.91,0,0,RULES,1,1,1,
2026-09-28 16:04:52,c1-rule,5077000,31.86,80.36,1004.35,32.60,64.50,1003.87,0,0,RULES,1,1,1,
2026-09-28 16:04:54,c1-rule,5078000,31.85,80.12,1004.37,32.60,64.12,1003.95,0,0,RULES,1,1,1,
2026-09-28 16:04:54,c1-rule,5079000,31.86,80.12,1004.35,32.61,64.26,1003.88,0,0,RULES,1,1,1,
2026-09-28 16:04:55,c1-rule,5080000,31.86,80.14,1004.35,32.61,64.09,1003.91,0,0,RULES,1,1,1,
2026-09-28 16:04:56,c1-rule,5081000,31.87,80.16,1004.37,32.60,64.34,1003.93,0,0,RULES,1,1,1,
2026-09-28 16:04:57,c1-rule,5082000,31.86,80.36,1004.36,32.61,64.29,1003.89,0,0,RULES,1,1,1,
2026-09-28 16:04:58,c1-rule,5083000,31.86,80.71,1004.33,32.60,64.42,1003.89,0,0,RULES,1,1,1,
2026-09-28 16:04:59,c1-rule,5084000,31.85,80.00,1004.35,32.61,64.33,1003.91,0,0,RULES,1,1,1,
2026-09-28 16:05:01,c1-rule,5085000,31.86,80.33,1004.33,32.61,64.21,1003.94,0,0,RULES,1,1,1,
2026-09-28 16:05:01,c1-rule,5086000,31.85,80.32,1004.32,32.61,64.39,1003.91,0,0,RULES,1,1,1,
2026-09-28 16:05:02,c1-rule,5087000,31.86,80.27,1004.33,32.61,64.17,1003.96,0,0,RULES,1,1,1,
2026-09-28 16:05:03,c1-rule,5088000,31.86,80.12,1004.33,32.61,64.25,1003.97,0,0,RULES,1,1,1,
2026-09-28 16:05:04,c1-rule,5089000,31.86,79.63,1004.39,32.62,64.22,1003.90,0,0,RULES,1,1,1,
2026-09-28 16:05:05,c1-rule,5090000,31.87,80.15,1004.37,32.61,64.52,1003.91,0,0,RULES,1,1,1,
2026-09-28 16:05:06,c1-rule,5091000,31.86,80.02,1004.39,32.61,64.27,1003.83,0,0,RULES,1,1,1,
2026-09-28 16:05:07,c1-rule,5092000,31.86,80.09,1004.39,32.62,64.53,1003.92,0,0,RULES,1,1,1,
2026-09-28 16:05:08,c1-rule,5093000,31.86,80.11,1004.33,32.61,64.35,1003.83,0,0,RULES,1,1,1,
2026-09-28 16:05:09,c1-rule,5094000,31.86,79.95,1004.35,32.61,64.41,1003.91,0,0,RULES,1,1,1,
2026-09-28 16:05:10,c1-rule,5095000,31.86,80.21,1004.39,32.61,64.68,1003.92,0,0,RULES,1,1,1,
2026-09-28 16:05:11,c1-rule,5096000,31.87,80.36,1004.34,32.61,64.43,1003.83,0,0,RULES,1,1,1,
2026-09-28 16:05:12,c1-rule,5097000,31.86,80.53,1004.33,32.62,64.21,1003.90,0,0,RULES,1,1,1,
2026-09-28 16:05:13,c1-rule,5098000,31.86,80.47,1004.31,32.62,64.14,1003.90,0,0,RULES,1,1,1,
2026-09-28 16:05:14,c1-rule,5099000,31.87,80.20,1004.28,32.62,64.35,1003.92,0,0,RULES,1,1,1,
2026-09-28 16:05:15,c1-rule,5100000,31.87,79.89,1004.34,32.62,64.55,1003.90,0,0,RULES,1,1,1,
2026-09-28 16:05:16,c1-rule,,,,,,,,,,,,,,mode OFF
2026-09-28 16:05:16,c1-rule,5101000,31.86,80.15,1004.28,32.61,64.40,1003.94,0,0,OFF,1,1,1,
2026-09-28 16:05:17,c2-dry,,,,,,,,,,,,,,mode OFF
2026-09-28 16:05:17,c2-dry,,,,,,,,,,,,,,MARK  cycle 2 dry-down: lid off until inside <= 73.0 %
2026-09-28 16:05:17,c2-dry,5102000,31.86,80.22,1004.33,32.62,64.39,1003.93,0,0,OFF,1,1,1,
2026-09-28 16:05:18,c2-dry,5103000,31.86,80.17,1004.31,32.61,64.46,1003.88,0,0,OFF,1,1,1,
2026-09-28 16:05:19,c2-dry,5104000,31.87,80.17,1004.34,32.63,64.42,1003.94,0,0,OFF,1,1,1,
2026-09-28 16:05:20,c2-dry,5105000,31.87,80.36,1004.37,32.62,64.02,1003.95,0,0,OFF,1,1,1,
2026-09-28 16:05:22,c2-dry,5106000,31.87,80.35,1004.34,32.62,64.12,1003.90,0,0,OFF,1,1,1,
2026-09-28 16:05:22,c2-dry,5107000,31.87,80.24,1004.32,32.62,64.21,1003.98,0,0,OFF,1,1,1,
2026-09-28 16:05:23,c2-dry,5108000,31.86,80.18,1004.31,32.61,64.13,1003.97,0,0,OFF,1,1,1,
2026-09-28 16:05:24,c2-dry,5109000,31.86,80.13,1004.39,32.62,64.42,1003.90,0,0,OFF,1,1,1,
2026-09-28 16:05:25,c2-dry,5110000,31.86,80.24,1004.39,32.62,64.13,1003.87,0,0,OFF,1,1,1,
2026-09-28 16:05:26,c2-dry,5111000,31.86,80.18,1004.33,32.62,64.12,1003.95,0,0,OFF,1,1,1,
2026-09-28 16:05:27,c2-dry,5112000,31.86,80.59,1004.39,32.61,64.12,1003.94,0,0,OFF,1,1,1,
2026-09-28 16:05:29,c2-dry,5113000,31.87,80.48,1004.40,32.61,63.98,1003.92,0,0,OFF,1,1,1,
2026-09-28 16:05:29,c2-dry,5114000,31.87,80.65,1004.35,32.62,64.10,1003.95,0,0,OFF,1,1,1,
2026-09-28 16:05:30,c2-dry,5115000,31.87,80.80,1004.38,32.61,64.10,1003.92,0,0,OFF,1,1,1,
2026-09-28 16:05:31,c2-dry,5116000,31.88,80.81,1004.36,32.62,64.00,1003.92,0,0,OFF,1,1,1,
2026-09-28 16:05:32,c2-dry,5117000,31.87,80.56,1004.38,32.62,64.07,1003.90,0,0,OFF,1,1,1,
2026-09-28 16:05:33,c2-dry,5118000,31.88,80.27,1004.36,32.62,63.99,1003.92,0,0,OFF,1,1,1,
2026-09-28 16:05:34,c2-dry,5119000,31.87,80.53,1004.32,32.61,63.92,1003.94,0,0,OFF,1,1,1,
2026-09-28 16:05:35,c2-dry,5120000,31.87,80.53,1004.35,32.61,63.99,1003.97,0,0,OFF,1,1,1,
2026-09-28 16:05:36,c2-dry,5121000,31.87,80.51,1004.34,32.62,64.09,1003.93,0,0,OFF,1,1,1,
2026-09-28 16:05:37,c2-dry,5122000,31.88,80.40,1004.33,32.62,64.00,1003.99,0,0,OFF,1,1,1,
2026-09-28 16:05:38,c2-dry,5123000,31.87,80.40,1004.41,32.62,63.98,1003.93,0,0,OFF,1,1,1,
2026-09-28 16:05:39,c2-dry,5124000,31.88,80.31,1004.39,32.62,63.89,1003.95,0,0,OFF,1,1,1,
2026-09-28 16:05:40,c2-dry,5125000,31.87,80.51,1004.35,32.62,64.29,1003.92,0,0,OFF,1,1,1,
2026-09-28 16:05:42,c2-dry,5126000,31.87,80.76,1004.38,32.63,64.29,1003.94,0,0,OFF,1,1,1,
2026-09-28 16:05:42,c2-dry,5127000,31.87,80.84,1004.38,32.62,64.03,1003.90,0,0,OFF,1,1,1,
2026-09-28 16:05:43,c2-dry,5128000,31.88,80.62,1004.41,32.62,64.00,1003.92,0,0,OFF,1,1,1,
2026-09-28 16:05:44,c2-dry,5129000,31.88,80.57,1004.36,32.62,64.04,1003.96,0,0,OFF,1,1,1,
2026-09-28 16:05:45,c2-dry,5130000,31.87,80.36,1004.29,32.62,64.20,1003.90,0,0,OFF,1,1,1,
2026-09-28 16:05:46,c2-dry,5131000,31.88,80.26,1004.37,32.63,64.38,1003.94,0,0,OFF,1,1,1,
2026-09-28 16:05:47,c2-dry,5132000,31.88,80.58,1004.37,32.62,64.01,1003.92,0,0,OFF,1,1,1,
2026-09-28 16:05:48,c2-dry,5133000,31.88,80.79,1004.36,32.63,64.09,1003.86,0,0,OFF,1,1,1,
2026-09-28 16:05:49,c2-dry,5134000,31.89,80.74,1004.38,32.62,64.06,1003.98,0,0,OFF,1,1,1,
2026-09-28 16:05:50,c2-dry,5135000,31.89,80.83,1004.33,32.62,63.97,1003.90,0,0,OFF,1,1,1,
2026-09-28 16:05:51,c2-dry,5136000,31.89,80.79,1004.40,32.61,63.90,1003.92,0,0,OFF,1,1,1,
2026-09-28 16:05:52,c2-dry,5137000,31.89,80.78,1004.40,32.62,63.95,1004.02,0,0,OFF,1,1,1,
2026-09-28 16:05:53,c2-dry,5138000,31.88,80.97,1004.34,32.62,64.19,1003.92,0,0,OFF,1,1,1,
2026-09-28 16:05:54,c2-dry,5139000,31.88,80.62,1004.37,32.62,63.94,1003.92,0,0,OFF,1,1,1,
2026-09-28 16:05:55,c2-dry,5140000,31.88,80.50,1004.37,32.63,63.98,1003.94,0,0,OFF,1,1,1,
2026-09-28 16:05:56,c2-dry,5141000,31.89,80.34,1004.40,32.63,63.98,1003.94,0,0,OFF,1,1,1,
2026-09-28 16:06:14,c2-dry,,,,,,,,,,,,,,sensor IN found at 0x76
2026-09-28 16:06:14,c2-dry,,,,,,,,,,,,,,sensor OUT found at 0x77
2026-09-28 16:06:14,c2-dry,,,,,,,,,,,,,,"S,mode=OFF,lo=77.0,hi=88.0,max=300,cool=60,man=60,use=A,period=1,in=bad,out=bad,tank=ok,mistA=0,mistB=0"
2026-09-28 16:06:14,c2-dry,,,,,,,,,,,,,,sensor IN reading OK
2026-09-28 16:06:14,c2-dry,,,,,,,,,,,,,,sensor OUT reading OK
2026-09-28 16:06:14,c2-dry,1000,31.92,80.68,1004.40,32.67,63.90,1003.98,0,0,OFF,1,1,1,
2026-09-28 16:06:15,c2-dry,2000,31.88,80.80,1004.34,32.64,64.08,1003.96,0,0,OFF,1,1,1,
2026-09-28 16:06:16,c2-dry,3000,31.89,80.81,1004.38,32.63,64.00,1003.95,0,0,OFF,1,1,1,
2026-09-28 16:06:17,c2-dry,4000,31.89,80.83,1004.38,32.63,63.98,1003.94,0,0,OFF,1,1,1,
2026-09-28 16:06:18,c2-dry,5000,31.89,80.55,1004.37,32.62,64.20,1003.85,0,0,OFF,1,1,1,
2026-09-28 16:06:19,c2-dry,6000,31.88,80.57,1004.34,32.63,63.82,1003.94,0,0,OFF,1,1,1,
2026-09-28 16:06:20,c2-dry,7000,31.89,80.51,1004.41,32.63,63.82,1003.94,0,0,OFF,1,1,1,
2026-09-28 16:06:21,c2-dry,8000,31.89,80.31,1004.35,32.62,63.95,1003.93,0,0,OFF,1,1,1,
2026-09-28 16:06:22,c2-dry,9000,31.89,80.45,1004.46,32.62,63.96,1003.90,0,0,OFF,1,1,1,
2026-09-28 16:06:23,c2-dry,10000,31.88,80.17,1004.42,32.63,64.23,1003.94,0,0,OFF,1,1,1,
2026-09-28 16:06:24,c2-dry,11000,31.90,80.20,1004.45,32.63,64.02,1003.91,0,0,OFF,1,1,1,
2026-09-28 16:06:25,c2-dry,12000,31.88,80.21,1004.37,32.62,63.97,1003.88,0,0,OFF,1,1,1,
2026-09-28 16:06:26,c2-dry,13000,31.88,80.25,1004.34,32.63,63.97,1003.95,0,0,OFF,1,1,1,
2026-09-28 16:06:27,c2-dry,14000,31.89,80.52,1004.37,32.63,63.89,1003.94,0,0,OFF,1,1,1,
2026-09-28 16:06:28,c2-dry,15000,31.88,80.54,1004.34,32.63,63.99,1003.95,0,0,OFF,1,1,1,
2026-09-28 16:06:29,c2-dry,16000,31.89,80.47,1004.33,32.62,63.90,1003.99,0,0,OFF,1,1,1,
2026-09-28 16:06:30,c2-dry,17000,31.89,80.51,1004.37,32.63,63.91,1003.94,0,0,OFF,1,1,1,
2026-09-28 16:06:31,c2-dry,18000,31.89,80.48,1004.41,32.63,63.94,1003.95,0,0,OFF,1,1,1,
2026-09-28 16:06:32,c2-dry,19000,31.89,80.29,1004.37,32.63,63.97,1003.94,0,0,OFF,1,1,1,
2026-09-28 16:06:33,c2-dry,20000,31.88,80.30,1004.34,32.63,64.23,1003.91,0,0,OFF,1,1,1,
2026-09-28 16:06:34,c2-dry,21000,31.89,80.25,1004.37,32.62,64.08,1003.93,0,0,OFF,1,1,1,
2026-09-28 16:06:35,c2-dry,22000,31.89,80.36,1004.35,32.63,64.02,1003.94,0,0,OFF,1,1,1,
2026-09-28 16:06:36,c2-dry,23000,31.88,80.17,1004.31,32.63,63.97,1003.97,0,0,OFF,1,1,1,
2026-09-28 16:06:37,c2-dry,24000,31.88,80.32,1004.31,32.63,64.09,1003.94,0,0,OFF,1,1,1,
2026-09-28 16:06:38,c2-dry,25000,31.89,80.53,1004.38,32.62,64.01,1003.92,0,0,OFF,1,1,1,
2026-09-28 16:06:39,c2-dry,26000,31.89,80.62,1004.35,32.61,64.32,1003.89,0,0,OFF,1,1,1,
2026-09-28 16:06:40,c2-dry,27000,31.90,80.57,1004.39,32.62,63.83,1003.90,0,0,OFF,1,1,1,
2026-09-28 16:06:41,c2-dry,28000,31.89,80.63,1004.37,32.62,63.99,1003.90,0,0,OFF,1,1,1,
2026-09-28 16:06:42,c2-dry,29000,31.89,80.65,1004.38,32.61,64.13,1003.92,0,0,OFF,1,1,1,
2026-09-28 16:06:43,c2-dry,30000,31.90,80.52,1004.33,32.63,63.87,1003.91,0,0,OFF,1,1,1,
2026-09-28 16:06:44,c2-dry,31000,31.89,80.51,1004.35,32.61,63.87,1003.89,0,0,OFF,1,1,1,
2026-09-28 16:06:45,c2-dry,32000,31.89,80.43,1004.41,32.61,63.98,1003.94,0,0,OFF,1,1,1,
2026-09-28 16:06:46,c2-dry,33000,31.90,80.23,1004.45,32.63,64.17,1003.83,0,0,OFF,1,1,1,
2026-09-28 16:06:47,c2-dry,34000,31.89,80.36,1004.33,32.62,63.96,1003.90,0,0,OFF,1,1,1,
2026-09-28 16:06:48,c2-dry,35000,31.89,80.29,1004.41,32.62,63.91,1003.92,0,0,OFF,1,1,1,
2026-09-28 16:06:49,c2-dry,36000,31.89,80.32,1004.33,32.62,63.96,1003.90,0,0,OFF,1,1,1,
2026-09-28 16:06:50,c2-dry,37000,31.89,80.28,1004.35,32.62,63.89,1003.92,0,0,OFF,1,1,1,
2026-09-28 16:06:51,c2-dry,38000,31.90,80.38,1004.43,32.62,63.98,1003.85,0,0,OFF,1,1,1,
2026-09-28 16:06:52,c2-dry,39000,31.89,80.31,1004.38,32.61,64.12,1003.96,0,0,OFF,1,1,1,
2026-09-28 16:06:53,c2-dry,40000,31.90,80.15,1004.39,32.62,63.98,1003.90,0,0,OFF,1,1,1,
2026-09-28 16:06:54,c2-dry,41000,31.89,80.34,1004.35,32.61,64.26,1003.92,0,0,OFF,1,1,1,
2026-09-28 16:06:55,c2-dry,42000,31.89,80.54,1004.33,32.62,64.06,1003.84,0,0,OFF,1,1,1,
2026-09-28 16:06:56,c2-dry,43000,31.90,80.53,1004.25,32.61,63.92,1003.94,0,0,OFF,1,1,1,
2026-09-28 16:06:57,c2-dry,44000,31.90,80.62,1004.33,32.61,64.30,1003.85,0,0,OFF,1,1,1,
2026-09-28 16:06:58,c2-dry,45000,31.90,80.70,1004.33,32.62,63.96,1003.92,0,0,OFF,1,1,1,
2026-09-28 16:06:59,c2-dry,46000,31.89,80.88,1004.30,32.62,63.88,1003.90,0,0,OFF,1,1,1,
2026-09-28 16:07:00,c2-dry,47000,31.90,80.93,1004.31,32.62,63.90,1003.93,0,0,OFF,1,1,1,
2026-09-28 16:07:01,c2-dry,48000,31.90,80.68,1004.39,32.63,63.91,1003.88,0,0,OFF,1,1,1,
2026-09-28 16:07:02,c2-dry,49000,31.90,80.77,1004.45,32.61,63.88,1003.92,0,0,OFF,1,1,1,
2026-09-28 16:07:03,c2-dry,50000,31.90,80.58,1004.37,32.62,63.82,1003.92,0,0,OFF,1,1,1,
2026-09-28 16:07:04,c2-dry,51000,31.90,80.53,1004.39,32.61,63.81,1003.92,0,0,OFF,1,1,1,
2026-09-28 16:07:05,c2-dry,52000,31.90,80.66,1004.43,32.61,63.92,1003.96,0,0,OFF,1,1,1,
2026-09-28 16:07:06,c2-dry,53000,31.91,80.88,1004.39,32.61,63.99,1003.92,0,0,OFF,1,1,1,
2026-09-28 16:07:07,c2-dry,54000,31.91,80.97,1004.44,32.61,63.94,1003.92,0,0,OFF,1,1,1,
2026-09-28 16:07:08,c2-dry,55000,31.91,80.89,1004.39,32.61,64.02,1003.96,0,0,OFF,1,1,1,
2026-09-28 16:07:09,c2-dry,56000,31.90,80.89,1004.37,32.60,64.17,1003.90,0,0,OFF,1,1,1,
2026-09-28 16:07:10,c2-dry,57000,31.91,81.11,1004.41,32.61,63.94,1003.91,0,0,OFF,1,1,1,
2026-09-28 16:07:11,c2-dry,58000,31.91,81.25,1004.35,32.60,63.87,1003.95,0,0,OFF,1,1,1,
2026-09-28 16:07:12,c2-dry,59000,31.90,81.08,1004.40,32.61,63.89,1003.85,0,0,OFF,1,1,1,
2026-09-28 16:07:13,c2-dry,60000,31.92,81.00,1004.39,32.60,63.90,1003.89,0,0,OFF,1,1,1,
2026-09-28 16:07:14,c2-dry,61000,31.91,81.19,1004.39,32.60,63.94,1003.98,0,0,OFF,1,1,1,
2026-09-28 16:07:15,c2-dry,62000,31.91,81.03,1004.35,32.60,64.01,1003.90,0,0,OFF,1,1,1,
2026-09-28 16:07:16,c2-dry,63000,31.91,80.97,1004.39,32.60,63.99,1003.89,0,0,OFF,1,1,1,
2026-09-28 16:07:17,c2-dry,64000,31.91,80.87,1004.38,32.60,64.23,1003.92,0,0,OFF,1,1,1,
2026-09-28 16:07:18,c2-dry,65000,31.91,80.75,1004.41,32.60,63.91,1003.92,0,0,OFF,1,1,1,
2026-09-28 16:07:19,c2-dry,66000,31.91,80.86,1004.41,32.61,64.04,1003.91,0,0,OFF,1,1,1,
2026-09-28 16:07:20,c2-dry,67000,31.91,80.73,1004.38,32.59,63.95,1003.93,0,0,OFF,1,1,1,
2026-09-28 16:07:21,c2-dry,68000,31.91,80.64,1004.32,32.60,64.07,1003.95,0,0,OFF,1,1,1,
2026-09-28 16:07:22,c2-dry,69000,31.90,80.66,1004.40,32.59,64.05,1003.91,0,0,OFF,1,1,1,
2026-09-28 16:07:23,c2-dry,70000,31.91,80.81,1004.36,32.60,64.02,1003.95,0,0,OFF,1,1,1,
2026-09-28 16:07:24,c2-dry,71000,31.91,80.62,1004.30,32.60,63.99,1003.89,0,0,OFF,1,1,1,
2026-09-28 16:07:25,c2-dry,72000,31.91,80.64,1004.30,32.60,63.94,1003.98,0,0,OFF,1,1,1,
2026-09-28 16:07:26,c2-dry,73000,31.91,80.84,1004.36,32.60,64.10,1003.90,0,0,OFF,1,1,1,
2026-09-28 16:07:27,c2-dry,74000,31.91,81.00,1004.30,32.59,63.97,1003.88,0,0,OFF,1,1,1,
2026-09-28 16:07:28,c2-dry,75000,31.91,80.96,1004.27,32.60,64.03,1003.89,0,0,OFF,1,1,1,
2026-09-28 16:07:29,c2-dry,76000,31.91,81.07,1004.41,32.60,64.11,1003.95,0,0,OFF,1,1,1,
2026-09-28 16:07:30,c2-dry,77000,31.91,80.97,1004.36,32.60,64.00,1003.93,0,0,OFF,1,1,1,
2026-09-28 16:07:31,c2-dry,78000,31.91,80.73,1004.35,32.59,64.37,1003.96,0,0,OFF,1,1,1,
2026-09-28 16:07:32,c2-dry,79000,31.91,80.72,1004.32,32.60,64.07,1003.92,0,0,OFF,1,1,1,
2026-09-28 16:07:33,c2-dry,80000,31.92,80.88,1004.43,32.59,64.10,1003.94,0,0,OFF,1,1,1,
2026-09-28 16:07:34,c2-dry,81000,31.92,80.92,1004.35,32.59,63.99,1003.91,0,0,OFF,1,1,1,
2026-09-28 16:07:35,c2-dry,82000,31.92,81.02,1004.34,32.59,63.88,1003.90,0,0,OFF,1,1,1,
2026-09-28 16:07:36,c2-dry,83000,31.91,80.98,1004.35,32.59,63.92,1003.93,0,0,OFF,1,1,1,
2026-09-28 16:07:37,c2-dry,84000,31.91,81.30,1004.38,32.59,64.04,1003.94,0,0,OFF,1,1,1,
2026-09-28 16:07:38,c2-dry,85000,31.91,81.16,1004.47,32.58,63.99,1003.94,0,0,OFF,1,1,1,
2026-09-28 16:07:39,c2-dry,86000,31.92,80.88,1004.34,32.59,64.11,1003.93,0,0,OFF,1,1,1,
2026-09-28 16:07:40,c2-dry,87000,31.91,80.77,1004.39,32.59,63.95,1003.93,0,0,OFF,1,1,1,
2026-09-28 16:07:41,c2-dry,88000,31.91,80.69,1004.39,32.58,63.99,1003.95,0,0,OFF,1,1,1,
2026-09-28 16:07:42,c2-dry,89000,31.92,80.58,1004.39,32.59,64.05,1003.85,0,0,OFF,1,1,1,
2026-09-28 16:07:43,c2-dry,90000,31.92,80.66,1004.35,32.58,64.28,1003.92,0,0,OFF,1,1,1,
2026-09-28 16:07:44,c2-dry,91000,31.92,80.81,1004.37,32.58,63.94,1003.95,0,0,OFF,1,1,1,
2026-09-28 16:07:45,c2-dry,92000,31.92,80.90,1004.37,32.58,63.97,1003.83,0,0,OFF,1,1,1,
2026-09-28 16:07:46,c2-dry,93000,31.91,80.79,1004.33,32.58,63.94,1003.92,0,0,OFF,1,1,1,
2026-09-28 16:07:47,c2-dry,94000,31.92,80.91,1004.32,32.58,64.02,1003.95,0,0,OFF,1,1,1,
2026-09-28 16:07:48,c2-dry,95000,31.91,80.88,1004.33,32.58,64.11,1003.92,0,0,OFF,1,1,1,
2026-09-28 16:07:49,c2-dry,96000,31.92,80.84,1004.37,32.57,64.12,1003.88,0,0,OFF,1,1,1,
2026-09-28 16:07:50,c2-dry,97000,31.92,80.73,1004.34,32.57,63.95,1003.91,0,0,OFF,1,1,1,
2026-09-28 16:07:51,c2-dry,98000,31.92,80.62,1004.37,32.58,63.92,1003.92,0,0,OFF,1,1,1,
2026-09-28 16:07:52,c2-dry,99000,31.91,80.85,1004.33,32.58,64.13,1003.94,0,0,OFF,1,1,1,
2026-09-28 16:07:53,c2-dry,100000,31.92,80.79,1004.37,32.58,64.08,1003.92,0,0,OFF,1,1,1,
2026-09-28 16:07:54,c2-dry,101000,31.92,80.90,1004.35,32.57,63.98,1003.98,0,0,OFF,1,1,1,
2026-09-28 16:07:55,c2-dry,102000,31.92,80.81,1004.32,32.57,64.11,1003.91,0,0,OFF,1,1,1,
2026-09-28 16:07:56,c2-dry,103000,31.91,80.72,1004.39,32.57,64.19,1003.96,0,0,OFF,1,1,1,
2026-09-28 16:07:57,c2-dry,104000,31.91,80.62,1004.33,32.57,64.06,1003.96,0,0,OFF,1,1,1,
2026-09-28 16:07:58,c2-dry,105000,31.92,80.64,1004.37,32.56,64.18,1003.95,0,0,OFF,1,1,1,
2026-09-28 16:07:59,c2-dry,106000,31.92,80.92,1004.37,32.57,64.07,1003.93,0,0,OFF,1,1,1,
2026-09-28 16:08:00,c2-dry,107000,31.92,80.91,1004.40,32.57,64.20,1003.96,0,0,OFF,1,1,1,
2026-09-28 16:08:01,c2-dry,108000,31.92,81.01,1004.37,32.56,64.15,1003.86,0,0,OFF,1,1,1,
2026-09-28 16:08:02,c2-dry,109000,31.93,81.07,1004.38,32.57,64.01,1003.93,0,0,OFF,1,1,1,
2026-09-28 16:08:03,c2-dry,110000,31.92,80.91,1004.40,32.56,64.19,1003.91,0,0,OFF,1,1,1,
2026-09-28 16:08:04,c2-dry,111000,31.94,81.09,1004.37,32.57,64.26,1003.96,0,0,OFF,1,1,1,
2026-09-28 16:08:05,c2-dry,112000,31.93,81.14,1004.38,32.56,64.06,1004.00,0,0,OFF,1,1,1,
2026-09-28 16:08:06,c2-dry,113000,31.93,81.12,1004.41,32.57,64.37,1003.96,0,0,OFF,1,1,1,
2026-09-28 16:08:07,c2-dry,114000,31.92,81.07,1004.37,32.56,64.02,1003.92,0,0,OFF,1,1,1,
2026-09-28 16:08:08,c2-dry,115000,31.92,81.19,1004.35,32.56,64.05,1003.89,0,0,OFF,1,1,1,
2026-09-28 16:08:09,c2-dry,116000,31.92,81.17,1004.37,32.56,64.07,1003.88,0,0,OFF,1,1,1,
2026-09-28 16:08:10,c2-dry,117000,31.93,81.06,1004.27,32.55,64.22,1003.93,0,0,OFF,1,1,1,
2026-09-28 16:08:11,c2-dry,118000,31.93,81.19,1004.36,32.56,64.02,1003.94,0,0,OFF,1,1,1,
2026-09-28 16:08:12,c2-dry,119000,31.93,81.21,1004.42,32.57,64.02,1003.87,0,0,OFF,1,1,1,
2026-09-28 16:08:13,c2-dry,120000,31.92,81.08,1004.37,32.56,63.99,1003.86,0,0,OFF,1,1,1,
2026-09-28 16:08:14,c2-dry,121000,31.92,81.03,1004.35,32.56,63.98,1003.94,0,0,OFF,1,1,1,
2026-09-28 16:08:15,c2-dry,122000,31.92,81.18,1004.35,32.56,64.04,1003.91,0,0,OFF,1,1,1,
2026-09-28 16:08:16,c2-dry,123000,31.92,81.27,1004.37,32.56,64.02,1003.88,0,0,OFF,1,1,1,
2026-09-28 16:08:17,c2-dry,124000,31.92,81.04,1004.32,32.55,63.97,1003.90,0,0,OFF,1,1,1,
2026-09-28 16:08:18,c2-dry,125000,31.93,81.23,1004.38,32.56,63.94,1003.98,0,0,OFF,1,1,1,
2026-09-28 16:08:19,c2-dry,126000,31.93,81.24,1004.39,32.56,64.06,1003.88,0,0,OFF,1,1,1,
2026-09-28 16:08:20,c2-dry,127000,31.93,80.94,1004.41,32.55,64.04,1003.88,0,0,OFF,1,1,1,
2026-09-28 16:08:21,c2-dry,128000,31.92,80.38,1004.37,32.56,64.27,1003.88,0,0,OFF,1,1,1,
2026-09-28 16:08:22,c2-dry,129000,31.93,80.74,1004.33,32.56,64.23,1003.95,0,0,OFF,1,1,1,
2026-09-28 16:08:23,c2-dry,130000,31.93,81.15,1004.39,32.56,64.12,1003.91,0,0,OFF,1,1,1,
2026-09-28 16:08:24,c2-dry,131000,31.93,81.07,1004.35,32.55,64.47,1003.93,0,0,OFF,1,1,1,
2026-09-28 16:08:25,c2-dry,132000,31.93,81.02,1004.39,32.56,64.19,1003.89,0,0,OFF,1,1,1,
2026-09-28 16:08:26,c2-dry,133000,31.92,81.06,1004.35,32.56,64.31,1003.92,0,0,OFF,1,1,1,
2026-09-28 16:08:27,c2-dry,134000,31.93,81.04,1004.36,32.56,64.11,1003.94,0,0,OFF,1,1,1,
2026-09-28 16:08:28,c2-dry,135000,31.93,81.28,1004.35,32.56,64.08,1003.88,0,0,OFF,1,1,1,
2026-09-28 16:08:29,c2-dry,136000,31.93,81.18,1004.38,32.56,64.05,1003.91,0,0,OFF,1,1,1,
2026-09-28 16:08:30,c2-dry,137000,31.93,80.97,1004.35,32.56,63.97,1003.91,0,0,OFF,1,1,1,
2026-09-28 16:08:31,c2-dry,138000,31.93,80.99,1004.35,32.56,64.02,1003.94,0,0,OFF,1,1,1,
2026-09-28 16:08:32,c2-dry,139000,31.92,80.80,1004.37,32.56,64.20,1003.91,0,0,OFF,1,1,1,
2026-09-28 16:08:33,c2-dry,140000,31.93,80.89,1004.36,32.57,64.21,1003.90,0,0,OFF,1,1,1,
2026-09-28 16:08:34,c2-dry,141000,31.93,81.04,1004.38,32.56,64.19,1003.91,0,0,OFF,1,1,1,
2026-09-28 16:08:35,c2-dry,142000,31.93,81.03,1004.41,32.56,64.03,1003.91,0,0,OFF,1,1,1,
2026-09-28 16:08:36,c2-dry,143000,31.93,80.88,1004.36,32.55,63.89,1003.93,0,0,OFF,1,1,1,
2026-09-28 16:08:37,c2-dry,144000,31.92,81.00,1004.35,32.56,64.05,1003.91,0,0,OFF,1,1,1,
2026-09-28 16:08:38,c2-dry,145000,31.93,81.05,1004.39,32.56,64.22,1003.98,0,0,OFF,1,1,1,
2026-09-28 16:08:39,c2-dry,146000,31.93,81.11,1004.35,32.56,64.30,1003.97,0,0,OFF,1,1,1,
2026-09-28 16:08:40,c2-dry,147000,31.93,81.04,1004.36,32.56,64.15,1003.95,0,0,OFF,1,1,1,
2026-09-28 16:08:41,c2-dry,148000,31.93,80.93,1004.35,32.56,64.07,1003.97,0,0,OFF,1,1,1,
2026-09-28 16:08:42,c2-dry,149000,31.93,80.67,1004.35,32.56,64.13,1003.94,0,0,OFF,1,1,1,
2026-09-28 16:08:43,c2-dry,150000,31.92,80.79,1004.37,32.56,64.08,1003.94,0,0,OFF,1,1,1,
2026-09-28 16:08:44,c2-dry,151000,31.93,80.79,1004.42,32.55,64.17,1003.88,0,0,OFF,1,1,1,
2026-09-28 16:08:45,c2-dry,152000,31.92,80.93,1004.35,32.55,64.06,1003.85,0,0,OFF,1,1,1,
2026-09-28 16:08:46,c2-dry,153000,31.93,81.12,1004.41,32.55,64.15,1003.93,0,0,OFF,1,1,1,
2026-09-28 16:08:47,c2-dry,154000,31.94,81.16,1004.40,32.55,64.30,1003.96,0,0,OFF,1,1,1,
2026-09-28 16:08:48,c2-dry,155000,31.93,81.22,1004.41,32.55,64.16,1003.92,0,0,OFF,1,1,1,
2026-09-28 16:08:49,c2-dry,156000,31.93,81.13,1004.33,32.56,64.21,1003.91,0,0,OFF,1,1,1,
2026-09-28 16:08:50,c2-dry,157000,31.93,81.08,1004.36,32.56,64.50,1003.97,0,0,OFF,1,1,1,
2026-09-28 16:08:51,c2-dry,158000,31.93,81.05,1004.42,32.56,64.25,1003.91,0,0,OFF,1,1,1,
2026-09-28 16:08:52,c2-dry,159000,31.95,80.97,1004.47,32.56,64.15,1003.89,0,0,OFF,1,1,1,
2026-09-28 16:08:53,c2-dry,160000,31.93,80.93,1004.33,32.55,64.19,1003.93,0,0,OFF,1,1,1,
2026-09-28 16:08:54,c2-dry,161000,31.93,81.08,1004.33,32.55,64.15,1003.95,0,0,OFF,1,1,1,
2026-09-28 16:08:55,c2-dry,162000,31.93,81.27,1004.39,32.56,64.10,1003.97,0,0,OFF,1,1,1,
2026-09-28 16:08:56,c2-dry,163000,31.94,81.23,1004.43,32.55,64.05,1003.93,0,0,OFF,1,1,1,
2026-09-28 16:08:57,c2-dry,164000,31.94,81.15,1004.41,32.55,64.20,1003.96,0,0,OFF,1,1,1,
2026-09-28 16:08:58,c2-dry,165000,31.94,81.11,1004.41,32.56,64.12,1003.94,0,0,OFF,1,1,1,
2026-09-28 16:08:59,c2-dry,166000,31.93,81.01,1004.35,32.56,64.22,1003.91,0,0,OFF,1,1,1,
2026-09-28 16:09:00,c2-dry,167000,31.93,81.18,1004.39,32.55,64.04,1003.93,0,0,OFF,1,1,1,
2026-09-28 16:09:01,c2-dry,168000,31.94,81.22,1004.35,32.55,64.23,1003.92,0,0,OFF,1,1,1,
2026-09-28 16:09:02,c2-dry,169000,31.93,81.02,1004.36,32.55,64.17,1003.92,0,0,OFF,1,1,1,
2026-09-28 16:09:03,c2-dry,170000,31.94,81.22,1004.40,32.55,64.13,1003.92,0,0,OFF,1,1,1,
2026-09-28 16:09:04,c2-dry,171000,31.94,81.26,1004.35,32.55,64.08,1003.96,0,0,OFF,1,1,1,
2026-09-28 16:09:05,c2-dry,172000,31.93,81.24,1004.36,32.55,64.19,1003.90,0,0,OFF,1,1,1,
2026-09-28 16:09:06,c2-dry,173000,31.94,80.99,1004.40,32.54,64.13,1003.89,0,0,OFF,1,1,1,
2026-09-28 16:09:07,c2-dry,174000,31.94,81.10,1004.31,32.55,64.11,1003.92,0,0,OFF,1,1,1,
2026-09-28 16:09:08,c2-dry,175000,31.93,81.12,1004.39,32.54,64.18,1003.94,0,0,OFF,1,1,1,
2026-09-28 16:09:09,c2-dry,176000,31.93,80.92,1004.39,32.54,64.16,1003.92,0,0,OFF,1,1,1,
2026-09-28 16:09:10,c2-dry,177000,31.92,80.88,1004.37,32.54,64.29,1003.94,0,0,OFF,1,1,1,
2026-09-28 16:09:11,c2-dry,178000,31.93,80.55,1004.38,32.55,64.08,1003.95,0,0,OFF,1,1,1,
2026-09-28 16:09:12,c2-dry,179000,31.92,80.36,1004.37,32.54,64.22,1003.92,0,0,OFF,1,1,1,
2026-09-28 16:09:13,c2-dry,180000,31.93,80.40,1004.39,32.54,64.10,1003.92,0,0,OFF,1,1,1,
2026-09-28 16:09:14,c2-dry,181000,31.93,80.05,1004.33,32.55,64.15,1003.92,0,0,OFF,1,1,1,
2026-09-28 16:09:15,c2-dry,182000,31.93,80.58,1004.39,32.54,64.30,1003.92,0,0,OFF,1,1,1,
2026-09-28 16:09:16,c2-dry,183000,31.93,80.93,1004.36,32.55,64.22,1003.90,0,0,OFF,1,1,1,
2026-09-28 16:09:17,c2-dry,184000,31.94,80.95,1004.41,32.55,64.30,1003.92,0,0,OFF,1,1,1,
2026-09-28 16:09:18,c2-dry,185000,31.93,80.88,1004.39,32.54,64.13,1003.92,0,0,OFF,1,1,1,
2026-09-28 16:09:19,c2-dry,186000,31.93,81.01,1004.39,32.55,64.15,1003.95,0,0,OFF,1,1,1,
2026-09-28 16:09:20,c2-dry,187000,31.94,81.09,1004.34,32.54,64.20,1003.91,0,0,OFF,1,1,1,
2026-09-28 16:09:21,c2-dry,188000,31.94,80.97,1004.41,32.54,64.46,1003.99,0,0,OFF,1,1,1,
2026-09-28 16:09:22,c2-dry,189000,31.93,81.06,1004.39,32.54,64.23,1003.92,0,0,OFF,1,1,1,
2026-09-28 16:09:23,c2-dry,190000,31.93,81.08,1004.39,32.54,64.37,1003.88,0,0,OFF,1,1,1,
2026-09-28 16:09:24,c2-dry,191000,31.93,80.92,1004.36,32.54,64.20,1003.94,0,0,OFF,1,1,1,
2026-09-28 16:09:25,c2-dry,192000,31.93,80.74,1004.33,32.55,64.16,1003.90,0,0,OFF,1,1,1,
2026-09-28 16:09:26,c2-dry,193000,31.93,80.69,1004.33,32.54,64.38,1003.94,0,0,OFF,1,1,1,
2026-09-28 16:09:27,c2-dry,194000,31.93,80.78,1004.41,32.54,64.32,1003.94,0,0,OFF,1,1,1,
2026-09-28 16:09:28,c2-dry,195000,31.93,80.75,1004.36,32.53,64.26,1003.84,0,0,OFF,1,1,1,
2026-09-28 16:09:29,c2-dry,196000,31.92,80.48,1004.35,32.54,64.52,1003.96,0,0,OFF,1,1,1,
2026-09-28 16:09:30,c2-dry,197000,31.92,80.48,1004.35,32.53,64.26,1003.93,0,0,OFF,1,1,1,
2026-09-28 16:09:31,c2-dry,198000,31.92,80.82,1004.34,32.53,64.40,1003.90,0,0,OFF,1,1,1,
2026-09-28 16:09:32,c2-dry,199000,31.93,80.74,1004.35,32.53,64.39,1003.93,0,0,OFF,1,1,1,
2026-09-28 16:09:33,c2-dry,200000,31.93,80.78,1004.38,32.53,64.40,1003.96,0,0,OFF,1,1,1,
2026-09-28 16:09:34,c2-dry,201000,31.92,81.06,1004.37,32.53,64.34,1003.95,0,0,OFF,1,1,1,
2026-09-28 16:09:35,c2-dry,202000,31.92,80.83,1004.37,32.53,64.42,1003.90,0,0,OFF,1,1,1,
2026-09-28 16:09:36,c2-dry,203000,31.92,80.80,1004.35,32.53,64.47,1003.93,0,0,OFF,1,1,1,
2026-09-28 16:09:37,c2-dry,204000,31.92,80.94,1004.43,32.53,64.28,1003.95,0,0,OFF,1,1,1,
2026-09-28 16:09:38,c2-dry,205000,31.93,80.89,1004.38,32.54,64.52,1003.91,0,0,OFF,1,1,1,
2026-09-28 16:09:39,c2-dry,206000,31.92,80.89,1004.35,32.54,64.39,1003.96,0,0,OFF,1,1,1,
2026-09-28 16:09:40,c2-dry,207000,31.93,80.78,1004.36,32.54,64.56,1003.94,0,0,OFF,1,1,1,
2026-09-28 16:09:41,c2-dry,208000,31.92,80.92,1004.37,32.53,64.41,1003.92,0,0,OFF,1,1,1,
2026-09-28 16:09:42,c2-dry,209000,31.93,81.08,1004.36,32.53,64.43,1004.00,0,0,OFF,1,1,1,
2026-09-28 16:09:43,c2-dry,210000,31.92,80.89,1004.37,32.53,64.66,1003.92,0,0,OFF,1,1,1,
2026-09-28 16:09:44,c2-dry,211000,31.93,81.05,1004.39,32.53,64.61,1003.95,0,0,OFF,1,1,1,
2026-09-28 16:09:45,c2-dry,212000,31.92,81.04,1004.32,32.54,64.24,1003.96,0,0,OFF,1,1,1,
2026-09-28 16:09:46,c2-dry,213000,31.92,81.14,1004.40,32.53,64.28,1003.92,0,0,OFF,1,1,1,
2026-09-28 16:09:47,c2-dry,214000,31.92,80.83,1004.37,32.54,64.44,1004.02,0,0,OFF,1,1,1,
2026-09-28 16:09:48,c2-dry,215000,31.93,80.67,1004.38,32.53,64.25,1003.93,0,0,OFF,1,1,1,
2026-09-28 16:09:49,c2-dry,216000,31.92,80.91,1004.32,32.53,64.23,1003.93,0,0,OFF,1,1,1,
2026-09-28 16:09:50,c2-dry,217000,31.94,81.10,1004.43,32.53,64.30,1003.90,0,0,OFF,1,1,1,
2026-09-28 16:09:51,c2-dry,218000,31.91,81.18,1004.33,32.53,64.25,1003.96,0,0,OFF,1,1,1,
2026-09-28 16:09:52,c2-dry,219000,31.93,81.05,1004.35,32.53,64.21,1003.93,0,0,OFF,1,1,1,
2026-09-28 16:09:53,c2-dry,220000,31.93,81.21,1004.31,32.53,64.26,1003.93,0,0,OFF,1,1,1,
2026-09-28 16:09:54,c2-dry,221000,31.93,81.04,1004.33,32.54,64.17,1003.91,0,0,OFF,1,1,1,
2026-09-28 16:09:55,c2-dry,222000,31.93,81.04,1004.36,32.53,64.58,1003.89,0,0,OFF,1,1,1,
2026-09-28 16:09:56,c2-dry,223000,31.93,80.99,1004.39,32.53,64.40,1003.93,0,0,OFF,1,1,1,
2026-09-28 16:09:57,c2-dry,224000,31.93,80.82,1004.35,32.54,64.31,1003.96,0,0,OFF,1,1,1,
2026-09-28 16:09:58,c2-dry,225000,31.93,81.01,1004.35,32.53,64.38,1003.96,0,0,OFF,1,1,1,
2026-09-28 16:09:59,c2-dry,226000,31.93,81.00,1004.36,32.54,64.61,1003.94,0,0,OFF,1,1,1,
2026-09-28 16:10:00,c2-dry,227000,31.93,80.85,1004.36,32.53,64.28,1003.93,0,0,OFF,1,1,1,
2026-09-28 16:10:01,c2-dry,228000,31.92,81.03,1004.32,32.53,64.41,1003.90,0,0,OFF,1,1,1,
2026-09-28 16:10:02,c2-dry,229000,31.93,81.13,1004.35,32.53,64.48,1003.96,0,0,OFF,1,1,1,
2026-09-28 16:10:03,c2-dry,230000,31.93,81.25,1004.35,32.54,64.42,1003.96,0,0,OFF,1,1,1,
2026-09-28 16:10:04,c2-dry,231000,31.93,81.37,1004.45,32.53,64.30,1003.92,0,0,OFF,1,1,1,
2026-09-28 16:10:05,c2-dry,232000,31.93,81.18,1004.35,32.53,64.47,1003.98,0,0,OFF,1,1,1,
2026-09-28 16:10:06,c2-dry,233000,31.92,81.18,1004.32,32.53,64.38,1003.89,0,0,OFF,1,1,1,
2026-09-28 16:10:07,c2-dry,234000,31.93,81.30,1004.36,32.53,64.31,1003.96,0,0,OFF,1,1,1,
2026-09-28 16:10:08,c2-dry,235000,31.93,81.29,1004.33,32.54,64.38,1003.91,0,0,OFF,1,1,1,
2026-09-28 16:10:09,c2-dry,236000,31.93,81.18,1004.39,32.53,64.41,1003.89,0,0,OFF,1,1,1,
2026-09-28 16:10:10,c2-dry,237000,31.93,81.21,1004.39,32.54,64.33,1003.91,0,0,OFF,1,1,1,
2026-09-28 16:10:11,c2-dry,238000,31.93,80.91,1004.36,32.53,64.46,1003.92,0,0,OFF,1,1,1,
2026-09-28 16:10:12,c2-dry,239000,31.93,81.04,1004.31,32.52,64.36,1003.88,0,0,OFF,1,1,1,
2026-09-28 16:10:13,c2-dry,240000,31.93,80.99,1004.39,32.53,64.34,1004.00,0,0,OFF,1,1,1,
2026-09-28 16:10:14,c2-dry,241000,31.92,80.79,1004.40,32.53,64.46,1003.93,0,0,OFF,1,1,1,
2026-09-28 16:10:15,c2-dry,242000,31.93,80.69,1004.41,32.53,64.54,1003.96,0,0,OFF,1,1,1,
2026-09-28 16:10:16,c2-dry,243000,31.93,81.03,1004.45,32.53,64.46,1003.95,0,0,OFF,1,1,1,
2026-09-28 16:10:17,c2-dry,244000,31.92,81.02,1004.43,32.53,64.67,1003.95,0,0,OFF,1,1,1,
2026-09-28 16:10:18,c2-dry,245000,31.93,80.84,1004.39,32.53,64.65,1003.95,0,0,OFF,1,1,1,
2026-09-28 16:10:19,c2-dry,246000,31.93,81.17,1004.35,32.53,64.53,1003.93,0,0,OFF,1,1,1,
2026-09-28 16:10:20,c2-dry,247000,31.93,81.24,1004.41,32.53,64.46,1003.98,0,0,OFF,1,1,1,
2026-09-28 16:10:21,c2-dry,248000,31.94,81.34,1004.40,32.53,64.36,1003.98,0,0,OFF,1,1,1,
2026-09-28 16:10:22,c2-dry,249000,31.93,81.27,1004.38,32.53,64.65,1003.90,0,0,OFF,1,1,1,
2026-09-28 16:10:23,c2-dry,250000,31.93,81.16,1004.42,32.54,64.39,1003.96,0,0,OFF,1,1,1,
2026-09-28 16:10:24,c2-dry,251000,31.93,80.94,1004.35,32.53,64.51,1003.90,0,0,OFF,1,1,1,
2026-09-28 16:10:25,c2-dry,252000,31.93,81.00,1004.35,32.53,64.36,1003.92,0,0,OFF,1,1,1,
2026-09-28 16:10:26,c2-dry,253000,31.93,80.89,1004.38,32.53,64.72,1003.95,0,0,OFF,1,1,1,
2026-09-28 16:10:27,c2-dry,254000,31.93,80.95,1004.36,32.54,64.41,1003.94,0,0,OFF,1,1,1,
2026-09-28 16:10:28,c2-dry,255000,31.93,80.91,1004.39,32.53,64.48,1003.90,0,0,OFF,1,1,1,
2026-09-28 16:10:29,c2-dry,256000,31.93,80.95,1004.35,32.54,64.58,1003.96,0,0,OFF,1,1,1,
2026-09-28 16:10:30,c2-dry,257000,31.93,80.94,1004.33,32.53,64.41,1003.92,0,0,OFF,1,1,1,
2026-09-28 16:10:31,c2-dry,258000,31.93,80.79,1004.41,32.54,64.38,1003.91,0,0,OFF,1,1,1,
2026-09-28 16:10:32,c2-dry,259000,31.92,80.91,1004.40,32.53,64.38,1003.95,0,0,OFF,1,1,1,
2026-09-28 16:10:33,c2-dry,260000,31.92,80.89,1004.35,32.53,64.42,1003.95,0,0,OFF,1,1,1,
2026-09-28 16:10:34,c2-dry,261000,31.92,80.89,1004.37,32.53,64.61,1003.89,0,0,OFF,1,1,1,
2026-09-28 16:10:35,c2-dry,262000,31.92,80.89,1004.37,32.54,64.59,1003.88,0,0,OFF,1,1,1,
2026-09-28 16:10:36,c2-dry,263000,31.92,80.92,1004.40,32.53,64.39,1003.92,0,0,OFF,1,1,1,
2026-09-28 16:10:37,c2-dry,264000,31.92,80.92,1004.40,32.54,64.67,1003.91,0,0,OFF,1,1,1,
2026-09-28 16:10:38,c2-dry,265000,31.93,81.01,1004.38,32.54,64.44,1003.94,0,0,OFF,1,1,1,
2026-09-28 16:10:39,c2-dry,266000,31.93,81.17,1004.38,32.54,64.73,1003.92,0,0,OFF,1,1,1,
2026-09-28 16:10:40,c2-dry,267000,31.93,81.10,1004.36,32.53,64.35,1003.93,0,0,OFF,1,1,1,
2026-09-28 16:10:41,c2-dry,268000,31.93,81.18,1004.35,32.54,64.37,1003.94,0,0,OFF,1,1,1,
2026-09-28 16:10:42,c2-dry,269000,31.93,81.12,1004.41,32.54,64.49,1003.94,0,0,OFF,1,1,1,
2026-09-28 16:10:43,c2-dry,270000,31.93,81.12,1004.38,32.54,64.31,1003.94,0,0,OFF,1,1,1,
2026-09-28 16:10:44,c2-dry,271000,31.93,81.18,1004.36,32.54,64.38,1003.92,0,0,OFF,1,1,1,
2026-09-28 16:10:45,c2-dry,272000,31.94,81.35,1004.43,32.55,64.48,1003.92,0,0,OFF,1,1,1,
2026-09-28 16:10:46,c2-dry,273000,31.92,81.30,1004.35,32.54,64.35,1003.86,0,0,OFF,1,1,1,
2026-09-28 16:10:47,c2-dry,274000,31.94,81.37,1004.37,32.54,64.39,1003.89,0,0,OFF,1,1,1,
2026-09-28 16:10:48,c2-dry,275000,31.93,81.35,1004.35,32.54,64.46,1003.96,0,0,OFF,1,1,1,
2026-09-28 16:10:49,c2-dry,276000,31.93,81.16,1004.33,32.54,64.35,1003.92,0,0,OFF,1,1,1,
2026-09-28 16:10:50,c2-dry,277000,31.93,81.15,1004.35,32.55,64.45,1003.92,0,0,OFF,1,1,1,
2026-09-28 16:10:51,c2-dry,278000,31.93,80.97,1004.33,32.54,64.47,1003.97,0,0,OFF,1,1,1,
2026-09-28 16:10:52,c2-dry,279000,31.93,81.19,1004.36,32.55,64.34,1003.92,0,0,OFF,1,1,1,
2026-09-28 16:10:53,c2-dry,280000,31.93,81.12,1004.35,32.55,64.49,1003.92,0,0,OFF,1,1,1,
2026-09-28 16:10:54,c2-dry,281000,31.93,80.93,1004.42,32.55,64.29,1003.95,0,0,OFF,1,1,1,
2026-09-28 16:10:55,c2-dry,282000,31.94,81.24,1004.37,32.55,64.25,1003.90,0,0,OFF,1,1,1,
2026-09-28 16:10:56,c2-dry,283000,31.93,81.36,1004.42,32.55,64.32,1003.87,0,0,OFF,1,1,1,
2026-09-28 16:10:57,c2-dry,284000,31.93,81.03,1004.36,32.55,64.32,1003.92,0,0,OFF,1,1,1,
2026-09-28 16:10:58,c2-dry,285000,31.93,81.28,1004.36,32.54,64.40,1003.86,0,0,OFF,1,1,1,
2026-09-28 16:10:59,c2-dry,286000,31.93,81.28,1004.36,32.55,64.19,1003.92,0,0,OFF,1,1,1,
2026-09-28 16:11:00,c2-dry,287000,31.93,81.27,1004.42,32.55,64.43,1003.93,0,0,OFF,1,1,1,
2026-09-28 16:11:01,c2-dry,288000,31.92,81.37,1004.35,32.55,64.49,1003.92,0,0,OFF,1,1,1,
2026-09-28 16:11:02,c2-dry,289000,31.93,81.34,1004.31,32.55,64.36,1003.92,0,0,OFF,1,1,1,
2026-09-28 16:11:03,c2-dry,290000,31.92,81.23,1004.40,32.54,64.46,1003.94,0,0,OFF,1,1,1,
2026-09-28 16:11:04,c2-dry,291000,31.93,81.10,1004.39,32.54,64.48,1003.97,0,0,OFF,1,1,1,
2026-09-28 16:11:05,c2-dry,292000,31.93,81.33,1004.33,32.54,64.24,1003.97,0,0,OFF,1,1,1,
2026-09-28 16:11:06,c2-dry,293000,31.94,81.41,1004.37,32.55,64.33,1003.99,0,0,OFF,1,1,1,
2026-09-28 16:11:07,c2-dry,294000,31.93,81.38,1004.39,32.55,64.31,1003.95,0,0,OFF,1,1,1,
2026-09-28 16:11:08,c2-dry,295000,31.93,81.51,1004.36,32.54,64.41,1003.94,0,0,OFF,1,1,1,
2026-09-28 16:11:09,c2-dry,296000,31.93,81.41,1004.38,32.55,64.51,1003.92,0,0,OFF,1,1,1,
2026-09-28 16:11:10,c2-dry,297000,31.93,81.16,1004.36,32.55,64.28,1003.93,0,0,OFF,1,1,1,
2026-09-28 16:11:11,c2-dry,298000,31.93,81.32,1004.33,32.55,64.43,1003.92,0,0,OFF,1,1,1,
2026-09-28 16:11:12,c2-dry,299000,31.94,81.18,1004.38,32.55,64.75,1003.95,0,0,OFF,1,1,1,
2026-09-28 16:11:13,c2-dry,300000,31.93,81.24,1004.35,32.54,64.31,1003.92,0,0,OFF,1,1,1,
2026-09-28 16:11:14,c2-dry,301000,31.94,81.37,1004.37,32.55,64.38,1003.95,0,0,OFF,1,1,1,
2026-09-28 16:11:15,c2-dry,302000,31.94,81.28,1004.31,32.54,64.38,1003.94,0,0,OFF,1,1,1,
2026-09-28 16:11:16,c2-dry,303000,31.93,81.13,1004.30,32.55,64.66,1003.95,0,0,OFF,1,1,1,
2026-09-28 16:11:17,c2-dry,304000,31.94,81.31,1004.38,32.55,64.33,1003.99,0,0,OFF,1,1,1,
2026-09-28 16:11:18,c2-dry,305000,31.94,81.33,1004.34,32.55,64.74,1003.95,0,0,OFF,1,1,1,
2026-09-28 16:11:19,c2-dry,306000,31.93,81.11,1004.36,32.55,64.20,1003.95,0,0,OFF,1,1,1,
2026-09-28 16:11:20,c2-dry,307000,31.93,80.96,1004.38,32.54,64.68,1003.89,0,0,OFF,1,1,1,
2026-09-28 16:11:21,c2-dry,308000,31.93,81.06,1004.42,32.55,64.64,1003.90,0,0,OFF,1,1,1,
2026-09-28 16:11:22,c2-dry,309000,31.94,81.00,1004.31,32.55,64.26,1003.93,0,0,OFF,1,1,1,
2026-09-28 16:11:23,c2-dry,310000,31.94,80.94,1004.45,32.54,64.71,1003.94,0,0,OFF,1,1,1,
2026-09-28 16:11:24,c2-dry,311000,31.93,81.02,1004.42,32.55,64.32,1003.92,0,0,OFF,1,1,1,
2026-09-28 16:11:25,c2-dry,312000,31.94,81.04,1004.34,32.54,64.52,1003.94,0,0,OFF,1,1,1,
2026-09-28 16:11:26,c2-dry,313000,31.93,81.18,1004.39,32.55,64.51,1003.98,0,0,OFF,1,1,1,
2026-09-28 16:11:27,c2-dry,314000,31.93,81.32,1004.36,32.54,64.34,1003.99,0,0,OFF,1,1,1,
2026-09-28 16:11:28,c2-dry,315000,31.94,81.50,1004.37,32.54,64.31,1003.94,0,0,OFF,1,1,1,
2026-09-28 16:11:29,c2-dry,316000,31.94,81.64,1004.40,32.54,64.39,1003.91,0,0,OFF,1,1,1,
2026-09-28 16:11:30,c2-dry,317000,31.94,81.58,1004.40,32.54,64.21,1003.96,0,0,OFF,1,1,1,
2026-09-28 16:11:31,c2-dry,318000,31.94,81.57,1004.40,32.53,64.25,1003.98,0,0,OFF,1,1,1,
2026-09-28 16:11:32,c2-dry,319000,31.93,81.36,1004.35,32.54,64.35,1003.91,0,0,OFF,1,1,1,
2026-09-28 16:11:33,c2-dry,320000,31.94,81.48,1004.38,32.54,64.31,1003.94,0,0,OFF,1,1,1,
2026-09-28 16:11:34,c2-dry,321000,31.93,81.40,1004.39,32.54,64.35,1003.91,0,0,OFF,1,1,1,
2026-09-28 16:11:35,c2-dry,322000,31.94,81.48,1004.43,32.54,64.30,1003.91,0,0,OFF,1,1,1,
2026-09-28 16:11:36,c2-dry,323000,31.93,81.39,1004.36,32.53,64.43,1003.93,0,0,OFF,1,1,1,
2026-09-28 16:11:37,c2-dry,324000,31.95,81.45,1004.39,32.54,64.35,1003.96,0,0,OFF,1,1,1,
2026-09-28 16:11:38,c2-dry,325000,31.94,81.58,1004.41,32.54,64.39,1003.96,0,0,OFF,1,1,1,
2026-09-28 16:11:39,c2-dry,326000,31.94,81.53,1004.35,32.53,64.46,1003.96,0,0,OFF,1,1,1,
2026-09-28 16:11:40,c2-dry,327000,31.95,81.56,1004.41,32.54,64.32,1003.99,0,0,OFF,1,1,1,
2026-09-28 16:11:41,c2-dry,328000,31.94,81.48,1004.38,32.54,64.25,1003.89,0,0,OFF,1,1,1,
2026-09-28 16:11:42,c2-dry,329000,31.94,81.40,1004.35,32.54,64.67,1003.94,0,0,OFF,1,1,1,
2026-09-28 16:11:43,c2-dry,330000,31.94,81.36,1004.34,32.54,64.40,1003.96,0,0,OFF,1,1,1,
2026-09-28 16:11:44,c2-dry,331000,31.94,81.58,1004.35,32.54,64.47,1003.94,0,0,OFF,1,1,1,
2026-09-28 16:11:45,c2-dry,332000,31.94,81.54,1004.41,32.54,64.60,1003.94,0,0,OFF,1,1,1,
2026-09-28 16:11:46,c2-dry,333000,31.95,81.54,1004.36,32.53,64.26,1003.87,0,0,OFF,1,1,1,
2026-09-28 16:11:47,c2-dry,334000,31.94,81.54,1004.43,32.54,64.14,1003.96,0,0,OFF,1,1,1,
2026-09-28 16:11:48,c2-dry,335000,31.95,81.73,1004.39,32.54,64.20,1003.96,0,0,OFF,1,1,1,
2026-09-28 16:11:49,c2-dry,336000,31.95,81.68,1004.44,32.54,64.42,1003.96,0,0,OFF,1,1,1,
2026-09-28 16:11:50,c2-dry,337000,31.95,81.82,1004.39,32.53,64.28,1003.96,0,0,OFF,1,1,1,
2026-09-28 16:11:51,c2-dry,338000,31.94,82.02,1004.41,32.53,64.30,1003.93,0,0,OFF,1,1,1,
2026-09-28 16:11:52,c2-dry,339000,31.94,82.03,1004.46,32.54,64.24,1003.96,0,0,OFF,1,1,1,
2026-09-28 16:11:53,c2-dry,340000,31.94,81.73,1004.34,32.53,64.32,1003.96,0,0,OFF,1,1,1,
2026-09-28 16:11:54,c2-dry,341000,31.96,81.98,1004.43,32.53,64.27,1003.95,0,0,OFF,1,1,1,
2026-09-28 16:11:55,c2-dry,342000,31.94,82.08,1004.41,32.54,64.32,1003.96,0,0,OFF,1,1,1,
2026-09-28 16:11:56,c2-dry,343000,31.95,82.06,1004.37,32.53,64.40,1003.89,0,0,OFF,1,1,1,
2026-09-28 16:11:57,c2-dry,344000,31.96,82.09,1004.44,32.53,64.39,1003.95,0,0,OFF,1,1,1,
2026-09-28 16:11:58,c2-dry,345000,31.95,81.82,1004.41,32.53,64.48,1003.96,0,0,OFF,1,1,1,
2026-09-28 16:11:59,c2-dry,346000,31.96,81.89,1004.46,32.53,64.41,1003.95,0,0,OFF,1,1,1,
2026-09-28 16:12:00,c2-dry,347000,31.95,81.80,1004.41,32.53,64.67,1003.89,0,0,OFF,1,1,1,
2026-09-28 16:12:01,c2-dry,348000,31.95,81.83,1004.37,32.53,64.53,1003.96,0,0,OFF,1,1,1,
2026-09-28 16:12:02,c2-dry,349000,31.94,81.64,1004.38,32.53,64.42,1003.95,0,0,OFF,1,1,1,
2026-09-28 16:12:03,c2-dry,350000,31.95,81.76,1004.36,32.53,64.53,1003.96,0,0,OFF,1,1,1,
2026-09-28 16:12:04,c2-dry,351000,31.95,81.75,1004.39,32.53,64.44,1004.01,0,0,OFF,1,1,1,
2026-09-28 16:12:05,c2-dry,352000,31.95,81.68,1004.36,32.53,64.64,1003.98,0,0,OFF,1,1,1,
2026-09-28 16:12:06,c2-dry,353000,31.95,81.63,1004.39,32.54,64.41,1003.96,0,0,OFF,1,1,1,
2026-09-28 16:12:07,c2-dry,354000,31.94,81.62,1004.40,32.53,64.39,1003.95,0,0,OFF,1,1,1,
2026-09-28 16:12:08,c2-dry,355000,31.96,81.57,1004.40,32.53,64.38,1003.96,0,0,OFF,1,1,1,
2026-09-28 16:12:09,c2-dry,356000,31.94,81.64,1004.41,32.53,64.36,1003.89,0,0,OFF,1,1,1,
2026-09-28 16:12:10,c2-dry,357000,31.93,81.54,1004.39,32.53,64.36,1003.92,0,0,OFF,1,1,1,
2026-09-28 16:12:11,c2-dry,358000,31.94,81.38,1004.40,32.53,64.32,1003.96,0,0,OFF,1,1,1,
2026-09-28 16:12:12,c2-dry,359000,31.93,81.36,1004.33,32.53,64.40,1003.95,0,0,OFF,1,1,1,
2026-09-28 16:12:13,c2-dry,360000,31.93,81.39,1004.39,32.53,64.43,1003.95,0,0,OFF,1,1,1,
2026-09-28 16:12:14,c2-dry,361000,31.94,81.62,1004.37,32.53,64.89,1003.92,0,0,OFF,1,1,1,
2026-09-28 16:12:15,c2-dry,362000,31.95,81.57,1004.44,32.53,64.73,1003.95,0,0,OFF,1,1,1,
2026-09-28 16:12:16,c2-dry,363000,31.94,81.54,1004.40,32.53,64.81,1003.92,0,0,OFF,1,1,1,
2026-09-28 16:12:17,c2-dry,364000,31.94,81.70,1004.41,32.53,64.48,1003.98,0,0,OFF,1,1,1,
2026-09-28 16:12:18,c2-dry,365000,31.94,81.58,1004.38,32.53,64.61,1003.98,0,0,OFF,1,1,1,
2026-09-28 16:12:19,c2-dry,366000,31.93,81.48,1004.42,32.53,64.52,1003.95,0,0,OFF,1,1,1,
2026-09-28 16:12:20,c2-dry,367000,31.94,81.58,1004.41,32.52,64.39,1003.94,0,0,OFF,1,1,1,
2026-09-28 16:12:21,c2-dry,368000,31.93,81.54,1004.36,32.53,64.49,1003.87,0,0,OFF,1,1,1,
2026-09-28 16:12:22,c2-dry,369000,31.94,81.53,1004.35,32.53,64.47,1003.89,0,0,OFF,1,1,1,
2026-09-28 16:12:23,c2-dry,370000,31.93,81.12,1004.31,32.53,64.47,1003.95,0,0,OFF,1,1,1,
2026-09-28 16:12:24,c2-dry,371000,31.93,80.87,1004.33,32.54,64.43,1003.96,0,0,OFF,1,1,1,
2026-09-28 16:12:25,c2-dry,372000,31.93,81.06,1004.33,32.53,64.83,1003.95,0,0,OFF,1,1,1,
2026-09-28 16:12:26,c2-dry,373000,31.93,81.08,1004.39,32.53,64.69,1003.92,0,0,OFF,1,1,1,
2026-09-28 16:12:27,c2-dry,374000,31.93,81.28,1004.38,32.54,64.44,1003.88,0,0,OFF,1,1,1,
2026-09-28 16:12:28,c2-dry,375000,31.93,81.34,1004.39,32.54,64.49,1003.94,0,0,OFF,1,1,1,
2026-09-28 16:12:29,c2-dry,376000,31.94,81.51,1004.34,32.53,64.52,1003.96,0,0,OFF,1,1,1,
2026-09-28 16:12:30,c2-dry,377000,31.94,81.54,1004.41,32.53,64.43,1003.95,0,0,OFF,1,1,1,
2026-09-28 16:12:31,c2-dry,378000,31.93,81.52,1004.39,32.54,64.46,1003.94,0,0,OFF,1,1,1,
2026-09-28 16:12:32,c2-dry,379000,31.94,81.43,1004.37,32.54,64.54,1003.91,0,0,OFF,1,1,1,
2026-09-28 16:12:33,c2-dry,380000,31.93,81.50,1004.39,32.53,64.50,1003.95,0,0,OFF,1,1,1,
2026-09-28 16:12:34,c2-dry,381000,31.94,81.49,1004.40,32.53,64.79,1003.92,0,0,OFF,1,1,1,
2026-09-28 16:12:35,c2-dry,382000,31.93,81.27,1004.30,32.54,64.46,1003.96,0,0,OFF,1,1,1,
2026-09-28 16:12:36,c2-dry,383000,31.93,81.01,1004.31,32.53,64.52,1003.96,0,0,OFF,1,1,1,
2026-09-28 16:12:37,c2-dry,384000,31.93,81.00,1004.38,32.52,64.43,1003.94,0,0,OFF,1,1,1,
2026-09-28 16:12:38,c2-dry,385000,31.92,80.77,1004.40,32.53,64.48,1003.98,0,0,OFF,1,1,1,
2026-09-28 16:12:39,c2-dry,386000,31.92,80.57,1004.35,32.53,64.39,1003.92,0,0,OFF,1,1,1,
2026-09-28 16:12:40,c2-dry,387000,31.92,80.25,1004.35,32.54,64.58,1003.99,0,0,OFF,1,1,1,
2026-09-28 16:12:41,c2-dry,388000,31.93,80.60,1004.35,32.53,64.50,1003.90,0,0,OFF,1,1,1,
2026-09-28 16:12:42,c2-dry,389000,31.93,80.84,1004.39,32.52,64.39,1003.94,0,0,OFF,1,1,1,
2026-09-28 16:12:43,c2-dry,390000,31.93,80.83,1004.38,32.53,64.53,1003.92,0,0,OFF,1,1,1,
2026-09-28 16:12:44,c2-dry,391000,31.92,81.01,1004.37,32.54,64.38,1003.94,0,0,OFF,1,1,1,
2026-09-28 16:12:45,c2-dry,392000,31.92,80.95,1004.32,32.53,64.48,1003.90,0,0,OFF,1,1,1,
2026-09-28 16:12:46,c2-dry,393000,31.92,81.23,1004.43,32.54,64.43,1003.91,0,0,OFF,1,1,1,
2026-09-28 16:12:47,c2-dry,394000,31.93,81.26,1004.36,32.54,64.44,1003.91,0,0,OFF,1,1,1,
2026-09-28 16:12:48,c2-dry,395000,31.93,81.30,1004.39,32.54,64.56,1003.96,0,0,OFF,1,1,1,
2026-09-28 16:12:49,c2-dry,396000,31.92,81.50,1004.35,32.54,64.44,1003.92,0,0,OFF,1,1,1,
2026-09-28 16:12:50,c2-dry,397000,31.92,81.16,1004.35,32.53,64.52,1003.90,0,0,OFF,1,1,1,
2026-09-28 16:12:51,c2-dry,398000,31.92,81.44,1004.37,32.53,64.47,1003.98,0,0,OFF,1,1,1,
2026-09-28 16:12:52,c2-dry,399000,31.92,81.19,1004.37,32.54,64.54,1003.94,0,0,OFF,1,1,1,
2026-09-28 16:12:53,c2-dry,400000,31.92,80.88,1004.40,32.54,64.75,1003.94,0,0,OFF,1,1,1,
2026-09-28 16:12:54,c2-dry,401000,31.92,80.82,1004.37,32.53,64.57,1003.89,0,0,OFF,1,1,1,
2026-09-28 16:12:55,c2-dry,402000,31.92,80.79,1004.40,32.54,64.75,1003.96,0,0,OFF,1,1,1,
2026-09-28 16:12:56,c2-dry,403000,31.92,80.88,1004.37,32.54,64.60,1003.91,0,0,OFF,1,1,1,
2026-09-28 16:12:57,c2-dry,404000,31.93,80.99,1004.31,32.53,64.83,1003.93,0,0,OFF,1,1,1,
2026-09-28 16:12:58,c2-dry,405000,31.92,80.68,1004.35,32.53,64.65,1003.90,0,0,OFF,1,1,1,
2026-09-28 16:12:59,c2-dry,406000,31.92,80.84,1004.37,32.54,64.52,1003.94,0,0,OFF,1,1,1,
2026-09-28 16:13:00,c2-dry,407000,31.92,80.65,1004.31,32.54,64.60,1003.92,0,0,OFF,1,1,1,
2026-09-28 16:13:01,c2-dry,408000,31.92,80.82,1004.37,32.53,64.95,1003.95,0,0,OFF,1,1,1,
2026-09-28 16:13:02,c2-dry,409000,31.92,80.66,1004.32,32.54,64.76,1003.97,0,0,OFF,1,1,1,
2026-09-28 16:13:03,c2-dry,410000,31.92,80.59,1004.39,32.54,64.48,1003.88,0,0,OFF,1,1,1,
2026-09-28 16:13:04,c2-dry,411000,31.93,80.71,1004.38,32.54,64.49,1003.97,0,0,OFF,1,1,1,
2026-09-28 16:13:05,c2-dry,412000,31.92,80.69,1004.43,32.54,64.48,1003.94,0,0,OFF,1,1,1,
2026-09-28 16:13:06,c2-dry,413000,31.92,80.60,1004.37,32.54,64.54,1003.97,0,0,OFF,1,1,1,
2026-09-28 16:13:07,c2-dry,414000,31.92,80.88,1004.35,32.55,64.82,1003.95,0,0,OFF,1,1,1,
2026-09-28 16:13:08,c2-dry,415000,31.92,80.97,1004.37,32.54,64.69,1003.85,0,0,OFF,1,1,1,
2026-09-28 16:13:09,c2-dry,416000,31.92,80.84,1004.37,32.55,64.54,1003.92,0,0,OFF,1,1,1,
2026-09-28 16:13:10,c2-dry,417000,31.92,80.97,1004.37,32.54,64.54,1003.96,0,0,OFF,1,1,1,
2026-09-28 16:13:11,c2-dry,418000,31.92,80.99,1004.35,32.54,64.51,1003.96,0,0,OFF,1,1,1,
2026-09-28 16:13:12,c2-dry,419000,31.93,81.14,1004.42,32.54,64.60,1003.97,0,0,OFF,1,1,1,
2026-09-28 16:13:13,c2-dry,420000,31.92,81.04,1004.37,32.54,64.55,1003.86,0,0,OFF,1,1,1,
2026-09-28 16:13:14,c2-dry,421000,31.93,80.96,1004.41,32.54,64.72,1003.89,0,0,OFF,1,1,1,
2026-09-28 16:13:15,c2-dry,422000,31.93,80.88,1004.44,32.53,64.92,1003.90,0,0,OFF,1,1,1,
2026-09-28 16:13:16,c2-dry,423000,31.92,80.89,1004.40,32.55,64.56,1003.92,0,0,OFF,1,1,1,
2026-09-28 16:13:17,c2-dry,424000,31.93,80.80,1004.35,32.55,64.49,1003.95,0,0,OFF,1,1,1,
2026-09-28 16:13:18,c2-dry,425000,31.92,80.50,1004.32,32.54,64.96,1003.92,0,0,OFF,1,1,1,
2026-09-28 16:13:19,c2-dry,426000,31.93,80.68,1004.33,32.54,64.57,1003.94,0,0,OFF,1,1,1,
2026-09-28 16:13:20,c2-dry,427000,31.92,80.70,1004.35,32.54,64.51,1003.92,0,0,OFF,1,1,1,
2026-09-28 16:13:21,c2-dry,428000,31.93,80.83,1004.38,32.55,64.40,1003.95,0,0,OFF,1,1,1,
2026-09-28 16:13:22,c2-dry,429000,31.92,80.81,1004.37,32.54,64.59,1003.92,0,0,OFF,1,1,1,
2026-09-28 16:13:23,c2-dry,430000,31.92,80.87,1004.39,32.54,64.50,1003.94,0,0,OFF,1,1,1,
2026-09-28 16:13:24,c2-dry,431000,31.92,80.79,1004.40,32.55,64.49,1003.95,0,0,OFF,1,1,1,
2026-09-28 16:13:25,c2-dry,432000,31.92,80.82,1004.32,32.54,64.52,1003.91,0,0,OFF,1,1,1,
2026-09-28 16:13:26,c2-dry,433000,31.93,80.70,1004.33,32.55,64.49,1003.92,0,0,OFF,1,1,1,
2026-09-28 16:13:27,c2-dry,434000,31.92,81.04,1004.37,32.55,64.77,1003.95,0,0,OFF,1,1,1,
2026-09-28 16:13:28,c2-dry,435000,31.93,81.22,1004.33,32.54,64.64,1003.91,0,0,OFF,1,1,1,
2026-09-28 16:13:29,c2-dry,436000,31.92,80.99,1004.37,32.54,64.66,1003.96,0,0,OFF,1,1,1,
2026-09-28 16:13:30,c2-dry,437000,31.93,81.03,1004.47,32.55,64.74,1003.90,0,0,OFF,1,1,1,
2026-09-28 16:13:31,c2-dry,438000,31.93,81.17,1004.36,32.54,64.51,1003.94,0,0,OFF,1,1,1,
2026-09-28 16:13:32,c2-dry,439000,31.93,81.13,1004.42,32.54,64.66,1003.92,0,0,OFF,1,1,1,
2026-09-28 16:13:33,c2-dry,440000,31.93,81.05,1004.35,32.55,64.46,1003.95,0,0,OFF,1,1,1,
2026-09-28 16:13:34,c2-dry,441000,31.93,80.92,1004.38,32.55,64.75,1003.92,0,0,OFF,1,1,1,
2026-09-28 16:13:35,c2-dry,442000,31.92,80.80,1004.37,32.54,64.59,1003.92,0,0,OFF,1,1,1,
2026-09-28 16:13:36,c2-dry,443000,31.92,80.84,1004.35,32.55,64.46,1003.95,0,0,OFF,1,1,1,
2026-09-28 16:13:37,c2-dry,444000,31.93,80.88,1004.38,32.54,64.48,1003.86,0,0,OFF,1,1,1,
2026-09-28 16:13:38,c2-dry,445000,31.93,80.85,1004.35,32.55,64.57,1003.92,0,0,OFF,1,1,1,
2026-09-28 16:13:39,c2-dry,446000,31.93,80.77,1004.44,32.55,64.73,1003.98,0,0,OFF,1,1,1,
2026-09-28 16:13:40,c2-dry,447000,31.92,80.53,1004.37,32.54,64.50,1003.94,0,0,OFF,1,1,1,
2026-09-28 16:13:41,c2-dry,448000,31.92,80.75,1004.37,32.54,64.54,1003.92,0,0,OFF,1,1,1,
2026-09-28 16:13:42,c2-dry,449000,31.93,80.92,1004.41,32.54,64.47,1003.89,0,0,OFF,1,1,1,
2026-09-28 16:13:43,c2-dry,450000,31.93,80.95,1004.33,32.55,64.56,1003.92,0,0,OFF,1,1,1,
2026-09-28 16:13:44,c2-dry,451000,31.93,81.05,1004.35,32.54,64.60,1003.92,0,0,OFF,1,1,1,
2026-09-28 16:13:45,c2-dry,452000,31.93,80.90,1004.38,32.54,64.58,1003.88,0,0,OFF,1,1,1,
2026-09-28 16:13:46,c2-dry,453000,31.92,81.02,1004.40,32.54,64.55,1003.86,0,0,OFF,1,1,1,
2026-09-28 16:13:47,c2-dry,454000,31.93,81.12,1004.38,32.55,64.59,1003.90,0,0,OFF,1,1,1,
2026-09-28 16:13:48,c2-dry,455000,31.92,81.00,1004.32,32.54,64.47,1003.94,0,0,OFF,1,1,1,
2026-09-28 16:13:49,c2-dry,456000,31.92,80.83,1004.32,32.54,64.89,1003.91,0,0,OFF,1,1,1,
2026-09-28 16:13:50,c2-dry,457000,31.93,80.91,1004.33,32.54,64.58,1003.96,0,0,OFF,1,1,1,
2026-09-28 16:13:51,c2-dry,458000,31.94,81.17,1004.37,32.54,64.64,1003.86,0,0,OFF,1,1,1,
2026-09-28 16:13:52,c2-dry,459000,31.92,81.08,1004.35,32.54,64.59,1003.91,0,0,OFF,1,1,1,
2026-09-28 16:13:53,c2-dry,460000,31.92,80.99,1004.40,32.54,64.67,1003.94,0,0,OFF,1,1,1,
2026-09-28 16:13:54,c2-dry,461000,31.93,81.18,1004.33,32.54,64.55,1003.85,0,0,OFF,1,1,1,
2026-09-28 16:13:55,c2-dry,462000,31.93,81.32,1004.39,32.54,64.84,1003.91,0,0,OFF,1,1,1,
2026-09-28 16:13:56,c2-dry,463000,31.93,81.25,1004.30,32.54,64.59,1003.96,0,0,OFF,1,1,1,
2026-09-28 16:13:57,c2-dry,464000,31.93,81.34,1004.36,32.54,64.64,1003.91,0,0,OFF,1,1,1,
2026-09-28 16:13:58,c2-dry,465000,31.93,81.19,1004.38,32.54,64.65,1003.96,0,0,OFF,1,1,1,
2026-09-28 16:13:59,c2-dry,466000,31.93,81.35,1004.33,32.54,64.58,1003.91,0,0,OFF,1,1,1,
2026-09-28 16:14:00,c2-dry,467000,31.93,81.40,1004.33,32.54,64.49,1003.89,0,0,OFF,1,1,1,
2026-09-28 16:14:01,c2-dry,468000,31.92,81.23,1004.35,32.54,64.79,1003.91,0,0,OFF,1,1,1,
2026-09-28 16:14:02,c2-dry,469000,31.93,81.10,1004.38,32.54,64.91,1003.92,0,0,OFF,1,1,1,
2026-09-28 16:14:03,c2-dry,470000,31.92,81.04,1004.37,32.53,64.51,1003.87,0,0,OFF,1,1,1,
2026-09-28 16:14:04,c2-dry,471000,31.93,81.05,1004.30,32.54,64.59,1003.92,0,0,OFF,1,1,1,
2026-09-28 16:14:05,c2-dry,472000,31.92,80.89,1004.37,32.54,64.55,1003.96,0,0,OFF,1,1,1,
2026-09-28 16:14:06,c2-dry,473000,31.93,81.05,1004.33,32.54,64.54,1003.94,0,0,OFF,1,1,1,
2026-09-28 16:14:07,c2-dry,474000,31.93,81.02,1004.35,32.55,64.50,1003.92,0,0,OFF,1,1,1,
2026-09-28 16:14:08,c2-dry,475000,31.93,81.06,1004.33,32.54,64.61,1003.85,0,0,OFF,1,1,1,
2026-09-28 16:14:09,c2-dry,476000,31.93,81.19,1004.31,32.55,64.58,1003.92,0,0,OFF,1,1,1,
2026-09-28 16:14:10,c2-dry,477000,31.92,81.07,1004.35,32.54,64.49,1003.92,0,0,OFF,1,1,1,
2026-09-28 16:14:11,c2-dry,478000,31.92,81.25,1004.37,32.54,64.61,1003.85,0,0,OFF,1,1,1,
2026-09-28 16:14:12,c2-dry,479000,31.93,81.14,1004.39,32.54,64.58,1003.91,0,0,OFF,1,1,1,
2026-09-28 16:14:13,c2-dry,480000,31.93,80.95,1004.42,32.55,64.51,1003.87,0,0,OFF,1,1,1,
2026-09-28 16:14:14,c2-dry,481000,31.93,80.97,1004.33,32.54,64.52,1003.91,0,0,OFF,1,1,1,
2026-09-28 16:14:15,c2-dry,482000,31.92,81.16,1004.32,32.54,64.50,1003.88,0,0,OFF,1,1,1,
2026-09-28 16:14:16,c2-dry,483000,31.92,80.51,1004.32,32.54,64.61,1003.91,0,0,OFF,1,1,1,
2026-09-28 16:14:17,c2-dry,484000,31.93,80.45,1004.33,32.54,64.48,1003.86,0,0,OFF,1,1,1,
2026-09-28 16:14:18,c2-dry,485000,31.93,80.74,1004.36,32.54,64.64,1003.91,0,0,OFF,1,1,1,
2026-09-28 16:14:19,c2-dry,486000,31.92,80.93,1004.35,32.54,64.47,1003.91,0,0,OFF,1,1,1,
2026-09-28 16:14:20,c2-dry,487000,31.92,80.88,1004.35,32.55,64.54,1003.92,0,0,OFF,1,1,1,
2026-09-28 16:14:21,c2-dry,488000,31.94,81.08,1004.31,32.55,64.64,1003.95,0,0,OFF,1,1,1,
2026-09-28 16:14:22,c2-dry,489000,31.93,81.21,1004.31,32.54,64.60,1003.91,0,0,OFF,1,1,1,
2026-09-28 16:14:23,c2-dry,490000,31.93,81.16,1004.36,32.54,64.55,1003.86,0,0,OFF,1,1,1,
2026-09-28 16:14:24,c2-dry,491000,31.94,81.38,1004.34,32.54,64.81,1003.92,0,0,OFF,1,1,1,
2026-09-28 16:14:25,c2-dry,492000,31.92,81.23,1004.32,32.54,64.54,1003.92,0,0,OFF,1,1,1,
2026-09-28 16:14:26,c2-dry,493000,31.94,81.20,1004.34,32.55,64.43,1003.90,0,0,OFF,1,1,1,
2026-09-28 16:14:27,c2-dry,494000,31.93,81.18,1004.35,32.54,64.68,1003.86,0,0,OFF,1,1,1,
2026-09-28 16:14:28,c2-dry,495000,31.94,81.15,1004.37,32.54,64.58,1003.94,0,0,OFF,1,1,1,
2026-09-28 16:14:29,c2-dry,496000,31.93,81.22,1004.33,32.54,64.42,1003.92,0,0,OFF,1,1,1,
2026-09-28 16:14:30,c2-dry,497000,31.94,81.16,1004.45,32.54,64.64,1003.91,0,0,OFF,1,1,1,
2026-09-28 16:14:31,c2-dry,498000,31.94,81.20,1004.37,32.55,64.53,1003.95,0,0,OFF,1,1,1,
2026-09-28 16:14:32,c2-dry,499000,31.93,81.21,1004.38,32.54,64.46,1003.86,0,0,OFF,1,1,1,
2026-09-28 16:14:33,c2-dry,500000,31.93,81.00,1004.35,32.54,64.44,1003.91,0,0,OFF,1,1,1,
2026-09-28 16:14:34,c2-dry,501000,31.92,80.89,1004.32,32.54,64.40,1003.94,0,0,OFF,1,1,1,
2026-09-28 16:14:35,c2-dry,502000,31.92,80.72,1004.32,32.54,64.47,1003.94,0,0,OFF,1,1,1,
2026-09-28 16:14:36,c2-dry,503000,31.92,80.69,1004.35,32.54,64.55,1003.92,0,0,OFF,1,1,1,
2026-09-28 16:14:37,c2-dry,504000,31.92,80.64,1004.34,32.54,64.47,1003.86,0,0,OFF,1,1,1,
2026-09-28 16:14:38,c2-dry,505000,31.93,80.85,1004.38,32.54,64.40,1003.88,0,0,OFF,1,1,1,
2026-09-28 16:14:39,c2-dry,506000,31.92,80.90,1004.31,32.54,64.49,1003.92,0,0,OFF,1,1,1,
2026-09-28 16:14:40,c2-dry,507000,31.92,80.92,1004.32,32.54,64.58,1003.91,0,0,OFF,1,1,1,
2026-09-28 16:14:41,c2-dry,508000,31.93,80.82,1004.42,32.54,64.51,1003.86,0,0,OFF,1,1,1,
2026-09-28 16:14:42,c2-dry,509000,31.94,80.97,1004.32,32.54,64.49,1003.89,0,0,OFF,1,1,1,
2026-09-28 16:14:43,c2-dry,510000,31.92,81.16,1004.26,32.54,64.51,1003.86,0,0,OFF,1,1,1,
2026-09-28 16:14:44,c2-dry,511000,31.93,81.13,1004.33,32.53,64.58,1003.90,0,0,OFF,1,1,1,
2026-09-28 16:14:45,c2-dry,512000,31.93,81.12,1004.36,32.54,64.60,1003.94,0,0,OFF,1,1,1,
2026-09-28 16:14:46,c2-dry,513000,31.93,81.03,1004.33,32.53,64.74,1003.84,0,0,OFF,1,1,1,
2026-09-28 16:14:47,c2-dry,514000,31.92,80.88,1004.35,32.54,64.51,1003.85,0,0,OFF,1,1,1,
2026-09-28 16:14:48,c2-dry,515000,31.93,81.01,1004.33,32.54,64.40,1003.91,0,0,OFF,1,1,1,
2026-09-28 16:14:49,c2-dry,516000,31.92,80.97,1004.35,32.54,64.52,1003.94,0,0,OFF,1,1,1,
2026-09-28 16:14:50,c2-dry,517000,31.91,80.84,1004.30,32.54,64.37,1003.86,0,0,OFF,1,1,1,
2026-09-28 16:14:51,c2-dry,518000,31.92,80.42,1004.37,32.54,64.52,1003.92,0,0,OFF,1,1,1,
2026-09-28 16:14:52,c2-dry,519000,31.92,80.35,1004.35,32.54,64.65,1003.89,0,0,OFF,1,1,1,
2026-09-28 16:14:53,c2-dry,520000,31.92,80.28,1004.37,32.55,64.50,1003.87,0,0,OFF,1,1,1,
2026-09-28 16:14:54,c2-dry,521000,31.92,80.64,1004.39,32.55,64.38,1003.90,0,0,OFF,1,1,1,
2026-09-28 16:14:55,c2-dry,522000,31.91,80.56,1004.33,32.54,64.54,1003.92,0,0,OFF,1,1,1,
2026-09-28 16:14:56,c2-dry,523000,31.91,80.49,1004.33,32.55,64.90,1003.92,0,0,OFF,1,1,1,
2026-09-28 16:14:57,c2-dry,524000,31.93,80.59,1004.38,32.54,64.68,1003.88,0,0,OFF,1,1,1,
2026-09-28 16:14:58,c2-dry,525000,31.92,80.74,1004.37,32.54,64.48,1003.92,0,0,OFF,1,1,1,
2026-09-28 16:14:59,c2-dry,526000,31.93,80.73,1004.38,32.54,64.90,1003.92,0,0,OFF,1,1,1,
2026-09-28 16:15:00,c2-dry,527000,31.92,80.66,1004.37,32.55,64.45,1003.92,0,0,OFF,1,1,1,
2026-09-28 16:15:01,c2-dry,528000,31.93,80.67,1004.35,32.53,64.86,1003.82,0,0,OFF,1,1,1,
2026-09-28 16:15:02,c2-dry,529000,31.91,80.66,1004.27,32.53,64.58,1003.87,0,0,OFF,1,1,1,
2026-09-28 16:15:03,c2-dry,530000,31.92,81.00,1004.32,32.54,64.61,1003.96,0,0,OFF,1,1,1,
2026-09-28 16:15:04,c2-dry,531000,31.92,81.07,1004.37,32.53,64.57,1003.87,0,0,OFF,1,1,1,
2026-09-28 16:15:05,c2-dry,532000,31.92,81.12,1004.29,32.53,64.68,1003.90,0,0,OFF,1,1,1,
2026-09-28 16:15:06,c2-dry,533000,31.93,81.25,1004.31,32.54,64.55,1003.88,0,0,OFF,1,1,1,
2026-09-28 16:15:07,c2-dry,534000,31.93,81.32,1004.38,32.53,64.46,1003.90,0,0,OFF,1,1,1,
2026-09-28 16:15:08,c2-dry,535000,31.93,81.25,1004.27,32.54,64.56,1003.91,0,0,OFF,1,1,1,
2026-09-28 16:15:09,c2-dry,536000,31.93,81.25,1004.33,32.54,64.42,1003.92,0,0,OFF,1,1,1,
2026-09-28 16:15:10,c2-dry,537000,31.93,81.26,1004.33,32.53,64.48,1003.84,0,0,OFF,1,1,1,
2026-09-28 16:15:11,c2-dry,538000,31.92,81.10,1004.29,32.54,64.40,1003.88,0,0,OFF,1,1,1,
2026-09-28 16:15:12,c2-dry,539000,31.92,80.97,1004.32,32.54,64.32,1003.91,0,0,OFF,1,1,1,
2026-09-28 16:15:13,c2-dry,540000,31.91,79.85,1004.27,32.54,64.49,1003.88,0,0,OFF,1,1,1,
2026-09-28 16:15:14,c2-dry,541000,31.92,79.68,1004.34,32.53,64.53,1003.87,0,0,OFF,1,1,1,
2026-09-28 16:15:15,c2-dry,542000,31.92,79.98,1004.31,32.53,64.41,1003.90,0,0,OFF,1,1,1,
2026-09-28 16:15:16,c2-dry,543000,31.92,80.34,1004.32,32.53,64.58,1003.90,0,0,OFF,1,1,1,
2026-09-28 16:15:17,c2-dry,544000,31.92,80.23,1004.37,32.53,64.62,1003.93,0,0,OFF,1,1,1,
2026-09-28 16:15:18,c2-dry,545000,31.92,80.35,1004.37,32.54,64.65,1003.94,0,0,OFF,1,1,1,
2026-09-28 16:15:19,c2-dry,546000,31.93,80.51,1004.33,32.55,64.58,1003.98,0,0,OFF,1,1,1,
2026-09-28 16:15:20,c2-dry,547000,31.92,80.60,1004.37,32.55,64.42,1003.92,0,0,OFF,1,1,1,
2026-09-28 16:15:21,c2-dry,548000,31.92,80.66,1004.32,32.54,64.41,1003.94,0,0,OFF,1,1,1,
2026-09-28 16:15:22,c2-dry,549000,31.91,80.58,1004.30,32.55,64.62,1003.87,0,0,OFF,1,1,1,
2026-09-28 16:15:23,c2-dry,550000,31.92,80.52,1004.37,32.54,64.52,1003.88,0,0,OFF,1,1,1,
2026-09-28 16:15:24,c2-dry,551000,31.92,80.66,1004.32,32.54,64.35,1003.89,0,0,OFF,1,1,1,
2026-09-28 16:15:25,c2-dry,552000,31.92,80.51,1004.35,32.54,64.43,1003.92,0,0,OFF,1,1,1,
2026-09-28 16:15:26,c2-dry,553000,31.92,80.43,1004.37,32.54,64.48,1003.85,0,0,OFF,1,1,1,
2026-09-28 16:15:27,c2-dry,554000,31.92,80.50,1004.32,32.54,64.39,1003.92,0,0,OFF,1,1,1,
2026-09-28 16:15:28,c2-dry,555000,31.91,80.54,1004.30,32.54,64.66,1003.89,0,0,OFF,1,1,1,
2026-09-28 16:15:29,c2-dry,556000,31.92,80.41,1004.35,32.54,64.27,1003.91,0,0,OFF,1,1,1,
2026-09-28 16:15:30,c2-dry,557000,31.92,80.51,1004.34,32.54,64.48,1003.92,0,0,OFF,1,1,1,
2026-09-28 16:15:31,c2-dry,558000,31.92,80.53,1004.31,32.54,64.33,1003.86,0,0,OFF,1,1,1,
2026-09-28 16:15:32,c2-dry,559000,31.92,80.49,1004.34,32.54,64.32,1003.83,0,0,OFF,1,1,1,
2026-09-28 16:15:33,c2-dry,560000,31.92,80.35,1004.39,32.54,64.48,1003.77,0,0,OFF,1,1,1,
2026-09-28 16:15:34,c2-dry,561000,31.92,80.38,1004.32,32.55,64.47,1003.81,0,0,OFF,1,1,1,
2026-09-28 16:15:35,c2-dry,562000,31.92,80.31,1004.31,32.54,64.37,1003.86,0,0,OFF,1,1,1,
2026-09-28 16:15:36,c2-dry,563000,31.92,80.49,1004.29,32.54,64.42,1003.85,0,0,OFF,1,1,1,
2026-09-28 16:15:37,c2-dry,564000,31.92,80.64,1004.28,32.54,64.39,1003.85,0,0,OFF,1,1,1,
2026-09-28 16:15:38,c2-dry,565000,31.92,80.84,1004.35,32.54,64.54,1003.89,0,0,OFF,1,1,1,
2026-09-28 16:15:39,c2-dry,566000,31.93,81.04,1004.35,32.55,64.33,1003.90,0,0,OFF,1,1,1,
2026-09-28 16:15:40,c2-dry,567000,31.92,80.87,1004.32,32.54,64.49,1003.86,0,0,OFF,1,1,1,
2026-09-28 16:15:41,c2-dry,568000,31.92,80.79,1004.26,32.55,64.48,1003.92,0,0,OFF,1,1,1,
2026-09-28 16:15:42,c2-dry,569000,31.93,80.77,1004.30,32.54,64.55,1003.89,0,0,OFF,1,1,1,
2026-09-28 16:15:43,c2-dry,570000,31.92,80.85,1004.35,32.53,64.40,1003.90,0,0,OFF,1,1,1,
2026-09-28 16:15:44,c2-dry,571000,31.93,80.88,1004.30,32.54,64.46,1003.92,0,0,OFF,1,1,1,
2026-09-28 16:15:45,c2-dry,572000,31.92,80.83,1004.32,32.54,64.63,1003.91,0,0,OFF,1,1,1,
2026-09-28 16:15:46,c2-dry,573000,31.93,80.96,1004.38,32.53,64.42,1003.95,0,0,OFF,1,1,1,
2026-09-28 16:15:47,c2-dry,574000,31.92,80.82,1004.37,32.54,64.42,1003.94,0,0,OFF,1,1,1,
2026-09-28 16:15:48,c2-dry,575000,31.92,80.84,1004.35,32.54,64.46,1003.94,0,0,OFF,1,1,1,
2026-09-28 16:15:49,c2-dry,576000,31.92,80.68,1004.35,32.54,64.60,1003.91,0,0,OFF,1,1,1,
2026-09-28 16:15:50,c2-dry,577000,31.93,81.06,1004.33,32.53,64.46,1003.84,0,0,OFF,1,1,1,
2026-09-28 16:15:51,c2-dry,578000,31.93,80.94,1004.30,32.53,64.36,1003.89,0,0,OFF,1,1,1,
2026-09-28 16:15:52,c2-dry,579000,31.92,80.58,1004.29,32.53,64.42,1003.89,0,0,OFF,1,1,1,
2026-09-28 16:15:53,c2-dry,580000,31.92,80.40,1004.34,32.53,64.40,1003.89,0,0,OFF,1,1,1,
2026-09-28 16:15:54,c2-dry,581000,31.92,80.38,1004.40,32.53,64.62,1003.87,0,0,OFF,1,1,1,
2026-09-28 16:15:55,c2-dry,582000,31.91,80.52,1004.33,32.53,64.44,1003.90,0,0,OFF,1,1,1,
2026-09-28 16:15:56,c2-dry,583000,31.91,80.24,1004.30,32.53,64.50,1003.92,0,0,OFF,1,1,1,
2026-09-28 16:15:57,c2-dry,584000,31.92,80.43,1004.31,32.53,64.52,1003.93,0,0,OFF,1,1,1,
2026-09-28 16:15:58,c2-dry,585000,31.91,80.28,1004.30,32.53,64.33,1003.92,0,0,OFF,1,1,1,
2026-09-28 16:15:59,c2-dry,586000,31.91,80.14,1004.36,32.53,64.31,1003.93,0,0,OFF,1,1,1,
2026-09-28 16:16:00,c2-dry,587000,31.92,79.94,1004.34,32.53,64.32,1003.86,0,0,OFF,1,1,1,
2026-09-28 16:16:01,c2-dry,588000,31.91,80.17,1004.30,32.54,64.42,1003.91,0,0,OFF,1,1,1,
2026-09-28 16:16:02,c2-dry,589000,31.91,80.06,1004.30,32.53,64.39,1003.93,0,0,OFF,1,1,1,
2026-09-28 16:16:03,c2-dry,590000,31.91,80.22,1004.30,32.54,64.44,1003.88,0,0,OFF,1,1,1,
2026-09-28 16:16:04,c2-dry,591000,31.92,80.13,1004.31,32.54,64.47,1003.91,0,0,OFF,1,1,1,
2026-09-28 16:16:05,c2-dry,592000,31.91,79.97,1004.33,32.53,64.33,1003.89,0,0,OFF,1,1,1,
2026-09-28 16:16:06,c2-dry,593000,31.91,79.53,1004.32,32.53,64.23,1003.86,0,0,OFF,1,1,1,
2026-09-28 16:16:07,c2-dry,594000,31.91,79.74,1004.36,32.53,64.36,1003.93,0,0,OFF,1,1,1,
2026-09-28 16:16:08,c2-dry,595000,31.91,80.00,1004.30,32.53,64.27,1003.90,0,0,OFF,1,1,1,
2026-09-28 16:16:09,c2-dry,596000,31.91,79.80,1004.24,32.53,64.48,1003.90,0,0,OFF,1,1,1,
2026-09-28 16:16:10,c2-dry,597000,31.91,80.16,1004.29,32.54,64.38,1003.94,0,0,OFF,1,1,1,
2026-09-28 16:16:11,c2-dry,598000,31.91,80.07,1004.30,32.54,64.54,1003.91,0,0,OFF,1,1,1,
2026-09-28 16:16:12,c2-dry,599000,31.91,80.41,1004.30,32.53,64.60,1003.87,0,0,OFF,1,1,1,
2026-09-28 16:16:13,c2-dry,600000,31.91,79.97,1004.33,32.53,64.39,1003.86,0,0,OFF,1,1,1,
2026-09-28 16:16:14,c2-dry,601000,31.91,80.10,1004.29,32.53,64.42,1003.95,0,0,OFF,1,1,1,
2026-09-28 16:16:15,c2-dry,602000,31.91,80.21,1004.32,32.54,64.35,1003.88,0,0,OFF,1,1,1,
2026-09-28 16:16:16,c2-dry,603000,31.92,80.03,1004.34,32.53,64.47,1003.87,0,0,OFF,1,1,1,
2026-09-28 16:16:17,c2-dry,604000,31.93,80.32,1004.33,32.53,64.42,1003.89,0,0,OFF,1,1,1,
2026-09-28 16:16:18,c2-dry,605000,31.91,80.12,1004.36,32.53,64.39,1003.84,0,0,OFF,1,1,1,
2026-09-28 16:16:19,c2-dry,606000,31.91,80.10,1004.30,32.53,64.32,1003.84,0,0,OFF,1,1,1,
2026-09-28 16:16:20,c2-dry,607000,31.91,80.24,1004.27,32.52,64.35,1003.86,0,0,OFF,1,1,1,
2026-09-28 16:16:21,c2-dry,608000,31.92,80.36,1004.32,32.53,64.54,1003.90,0,0,OFF,1,1,1,
2026-09-28 16:16:22,c2-dry,609000,31.92,80.25,1004.26,32.53,64.28,1003.89,0,0,OFF,1,1,1,
2026-09-28 16:16:23,c2-dry,610000,31.93,80.51,1004.36,32.52,64.33,1003.88,0,0,OFF,1,1,1,
2026-09-28 16:16:24,c2-dry,611000,31.92,80.59,1004.29,32.52,64.28,1003.80,0,0,OFF,1,1,1,
2026-09-28 16:16:25,c2-dry,612000,31.92,80.70,1004.29,32.52,64.52,1003.80,0,0,OFF,1,1,1,
2026-09-28 16:16:26,c2-dry,613000,31.92,80.58,1004.37,32.53,64.31,1003.90,0,0,OFF,1,1,1,
2026-09-28 16:16:27,c2-dry,614000,31.92,80.61,1004.28,32.52,64.61,1003.85,0,0,OFF,1,1,1,
2026-09-28 16:16:28,c2-dry,615000,31.92,80.49,1004.34,32.52,64.34,1003.88,0,0,OFF,1,1,1,
2026-09-28 16:16:29,c2-dry,616000,31.92,80.55,1004.32,32.53,64.22,1003.89,0,0,OFF,1,1,1,
2026-09-28 16:16:30,c2-dry,617000,31.92,80.49,1004.32,32.52,64.29,1003.88,0,0,OFF,1,1,1,
2026-09-28 16:16:31,c2-dry,618000,31.92,80.37,1004.34,32.52,64.50,1003.85,0,0,OFF,1,1,1,
2026-09-28 16:16:32,c2-dry,619000,31.92,80.51,1004.29,32.52,64.26,1003.90,0,0,OFF,1,1,1,
2026-09-28 16:16:33,c2-dry,620000,31.92,80.68,1004.29,32.51,64.23,1003.84,0,0,OFF,1,1,1,
2026-09-28 16:16:34,c2-dry,621000,31.92,80.63,1004.26,32.52,64.36,1003.88,0,0,OFF,1,1,1,
2026-09-28 16:16:35,c2-dry,622000,31.92,80.47,1004.31,32.52,64.34,1003.93,0,0,OFF,1,1,1,
2026-09-28 16:16:36,c2-dry,623000,31.92,80.67,1004.32,32.51,64.37,1003.84,0,0,OFF,1,1,1,
2026-09-28 16:16:37,c2-dry,624000,31.92,80.35,1004.28,32.51,64.23,1003.81,0,0,OFF,1,1,1,
2026-09-28 16:16:38,c2-dry,625000,31.92,80.36,1004.32,32.53,64.32,1003.86,0,0,OFF,1,1,1,
2026-09-28 16:16:39,c2-dry,626000,31.92,80.48,1004.29,32.53,64.22,1003.89,0,0,OFF,1,1,1,
2026-09-28 16:16:40,c2-dry,627000,31.92,80.38,1004.28,32.52,64.37,1003.85,0,0,OFF,1,1,1,
2026-09-28 16:16:41,c2-dry,628000,31.93,80.37,1004.30,32.51,64.36,1003.83,0,0,OFF,1,1,1,
2026-09-28 16:16:42,c2-dry,629000,31.92,80.39,1004.31,32.51,64.28,1003.87,0,0,OFF,1,1,1,
2026-09-28 16:16:43,c2-dry,630000,31.92,80.33,1004.28,32.51,64.29,1003.87,0,0,OFF,1,1,1,
2026-09-28 16:16:44,c2-dry,631000,31.92,80.30,1004.25,32.51,64.25,1003.83,0,0,OFF,1,1,1,
2026-09-28 16:16:45,c2-dry,632000,31.91,80.17,1004.24,32.52,64.27,1003.85,0,0,OFF,1,1,1,
2026-09-28 16:16:46,c2-dry,633000,31.92,79.91,1004.31,32.51,64.11,1003.86,0,0,OFF,1,1,1,
2026-09-28 16:16:47,c2-dry,634000,31.92,80.00,1004.32,32.51,64.24,1003.84,0,0,OFF,1,1,1,
2026-09-28 16:16:48,c2-dry,635000,31.92,79.85,1004.32,32.52,64.29,1003.90,0,0,OFF,1,1,1,
2026-09-28 16:16:49,c2-dry,636000,31.92,79.92,1004.34,32.52,64.36,1003.94,0,0,OFF,1,1,1,
2026-09-28 16:16:50,c2-dry,637000,31.92,80.03,1004.26,32.51,64.29,1003.90,0,0,OFF,1,1,1,
2026-09-28 16:16:51,c2-dry,638000,31.90,80.10,1004.26,32.51,64.24,1003.86,0,0,OFF,1,1,1,
2026-09-28 16:16:52,c2-dry,639000,31.91,79.87,1004.24,32.51,64.29,1003.89,0,0,OFF,1,1,1,
2026-09-28 16:16:53,c2-dry,640000,31.91,79.88,1004.30,32.50,64.17,1003.88,0,0,OFF,1,1,1,
2026-09-28 16:16:54,c2-dry,641000,31.91,79.76,1004.33,32.51,64.20,1003.86,0,0,OFF,1,1,1,
2026-09-28 16:16:55,c2-dry,642000,31.91,79.98,1004.30,32.51,64.30,1003.94,0,0,OFF,1,1,1,
2026-09-28 16:16:56,c2-dry,643000,31.91,80.18,1004.27,32.51,64.38,1003.89,0,0,OFF,1,1,1,
2026-09-28 16:16:57,c2-dry,644000,31.92,80.33,1004.31,32.51,64.24,1003.86,0,0,OFF,1,1,1,
2026-09-28 16:16:58,c2-dry,645000,31.92,80.23,1004.25,32.51,64.33,1003.90,0,0,OFF,1,1,1,
2026-09-28 16:16:59,c2-dry,646000,31.92,80.15,1004.31,32.51,64.42,1003.81,0,0,OFF,1,1,1,
2026-09-28 16:17:00,c2-dry,647000,31.92,80.19,1004.31,32.50,64.16,1003.88,0,0,OFF,1,1,1,
2026-09-28 16:17:01,c2-dry,648000,31.92,80.26,1004.31,32.51,64.20,1003.87,0,0,OFF,1,1,1,
2026-09-28 16:17:02,c2-dry,649000,31.92,80.22,1004.26,32.51,64.33,1003.89,0,0,OFF,1,1,1,
2026-09-28 16:17:03,c2-dry,650000,31.92,80.13,1004.29,32.51,64.24,1003.86,0,0,OFF,1,1,1,
2026-09-28 16:17:04,c2-dry,651000,31.92,80.11,1004.31,32.51,64.15,1003.92,0,0,OFF,1,1,1,
2026-09-28 16:17:05,c2-dry,652000,31.92,80.07,1004.31,32.51,64.21,1003.86,0,0,OFF,1,1,1,
2026-09-28 16:17:06,c2-dry,653000,31.92,80.15,1004.37,32.51,64.15,1003.89,0,0,OFF,1,1,1,
2026-09-28 16:17:07,c2-dry,654000,31.92,80.03,1004.34,32.50,64.18,1003.82,0,0,OFF,1,1,1,
2026-09-28 16:17:08,c2-dry,655000,31.92,80.14,1004.31,32.51,64.26,1003.92,0,0,OFF,1,1,1,
2026-09-28 16:17:09,c2-dry,656000,31.92,80.23,1004.34,32.51,64.19,1003.87,0,0,OFF,1,1,1,
2026-09-28 16:17:10,c2-dry,657000,31.91,80.19,1004.32,32.51,64.30,1003.90,0,0,OFF,1,1,1,
2026-09-28 16:17:11,c2-dry,658000,31.93,80.25,1004.33,32.52,64.61,1003.85,0,0,OFF,1,1,1,
2026-09-28 16:17:12,c2-dry,659000,31.92,80.29,1004.25,32.51,64.26,1003.86,0,0,OFF,1,1,1,
2026-09-28 16:17:13,c2-dry,660000,31.92,80.39,1004.32,32.51,64.15,1003.86,0,0,OFF,1,1,1,
2026-09-28 16:17:14,c2-dry,661000,31.92,80.15,1004.29,32.51,64.19,1003.90,0,0,OFF,1,1,1,
2026-09-28 16:17:15,c2-dry,662000,31.91,80.26,1004.33,32.52,64.20,1003.88,0,0,OFF,1,1,1,
2026-09-28 16:17:16,c2-dry,663000,31.92,80.50,1004.34,32.51,64.25,1003.90,0,0,OFF,1,1,1,
2026-09-28 16:17:17,c2-dry,664000,31.92,80.65,1004.29,32.51,64.24,1003.86,0,0,OFF,1,1,1,
2026-09-28 16:17:18,c2-dry,665000,31.91,80.47,1004.27,32.50,64.58,1003.84,0,0,OFF,1,1,1,
2026-09-28 16:17:19,c2-dry,666000,31.92,80.45,1004.28,32.50,64.29,1003.94,0,0,OFF,1,1,1,
2026-09-28 16:17:20,c2-dry,667000,31.91,80.48,1004.29,32.51,64.19,1003.86,0,0,OFF,1,1,1,
2026-09-28 16:17:21,c2-dry,668000,31.92,80.43,1004.34,32.51,64.05,1003.86,0,0,OFF,1,1,1,
2026-09-28 16:17:22,c2-dry,669000,31.92,80.56,1004.32,32.51,64.29,1003.86,0,0,OFF,1,1,1,
2026-09-28 16:17:23,c2-dry,670000,31.92,80.62,1004.25,32.51,64.19,1003.86,0,0,OFF,1,1,1,
2026-09-28 16:17:24,c2-dry,671000,31.92,80.59,1004.26,32.51,64.21,1003.92,0,0,OFF,1,1,1,
2026-09-28 16:17:25,c2-dry,672000,31.92,80.69,1004.32,32.51,64.24,1003.86,0,0,OFF,1,1,1,
2026-09-28 16:17:26,c2-dry,673000,31.93,80.66,1004.38,32.50,64.10,1003.85,0,0,OFF,1,1,1,
2026-09-28 16:17:27,c2-dry,674000,31.91,80.59,1004.30,32.51,64.09,1003.86,0,0,OFF,1,1,1,
2026-09-28 16:17:28,c2-dry,675000,31.92,80.39,1004.32,32.50,64.09,1003.82,0,0,OFF,1,1,1,
2026-09-28 16:17:29,c2-dry,676000,31.92,80.41,1004.29,32.50,64.08,1003.84,0,0,OFF,1,1,1,
2026-09-28 16:17:30,c2-dry,677000,31.92,80.36,1004.34,32.51,64.19,1003.90,0,0,OFF,1,1,1,
2026-09-28 16:17:31,c2-dry,678000,31.92,80.29,1004.34,32.51,64.15,1003.89,0,0,OFF,1,1,1,
2026-09-28 16:17:32,c2-dry,679000,31.91,80.09,1004.33,32.50,64.10,1003.80,0,0,OFF,1,1,1,
2026-09-28 16:17:33,c2-dry,680000,31.91,79.98,1004.27,32.51,64.02,1003.89,0,0,OFF,1,1,1,
2026-09-28 16:17:34,c2-dry,681000,31.92,79.98,1004.28,32.52,64.04,1003.82,0,0,OFF,1,1,1,
2026-09-28 16:17:35,c2-dry,682000,31.92,79.74,1004.34,32.52,64.17,1003.85,0,0,OFF,1,1,1,
2026-09-28 16:17:36,c2-dry,683000,31.91,79.96,1004.29,32.51,64.13,1003.84,0,0,OFF,1,1,1,
2026-09-28 16:17:37,c2-dry,684000,31.92,79.90,1004.37,32.51,64.28,1003.86,0,0,OFF,1,1,1,
2026-09-28 16:17:38,c2-dry,685000,31.92,79.82,1004.34,32.51,64.08,1003.83,0,0,OFF,1,1,1,
2026-09-28 16:17:39,c2-dry,686000,31.92,79.75,1004.28,32.51,64.28,1003.87,0,0,OFF,1,1,1,
2026-09-28 16:17:40,c2-dry,687000,31.92,79.85,1004.31,32.51,64.53,1003.86,0,0,OFF,1,1,1,
2026-09-28 16:17:41,c2-dry,688000,31.90,79.73,1004.26,32.52,64.11,1003.85,0,0,OFF,1,1,1,
2026-09-28 16:17:42,c2-dry,689000,31.92,79.92,1004.34,32.52,64.04,1003.88,0,0,OFF,1,1,1,
2026-09-28 16:17:43,c2-dry,690000,31.92,79.96,1004.25,32.52,64.18,1003.88,0,0,OFF,1,1,1,
2026-09-28 16:17:44,c2-dry,691000,31.92,80.07,1004.31,32.51,64.23,1003.95,0,0,OFF,1,1,1,
2026-09-28 16:17:45,c2-dry,692000,31.92,80.19,1004.37,32.52,64.31,1003.88,0,0,OFF,1,1,1,
2026-09-28 16:17:46,c2-dry,693000,31.92,80.26,1004.32,32.53,64.18,1003.92,0,0,OFF,1,1,1,
2026-09-28 16:17:47,c2-dry,694000,31.91,80.00,1004.30,32.52,64.44,1003.88,0,0,OFF,1,1,1,
2026-09-28 16:17:48,c2-dry,695000,31.92,80.12,1004.31,32.53,64.31,1003.87,0,0,OFF,1,1,1,
2026-09-28 16:17:49,c2-dry,696000,31.91,80.38,1004.30,32.53,64.16,1003.84,0,0,OFF,1,1,1,
2026-09-28 16:17:50,c2-dry,697000,31.92,80.34,1004.34,32.52,64.08,1003.88,0,0,OFF,1,1,1,
2026-09-28 16:17:51,c2-dry,698000,31.92,80.22,1004.40,32.52,64.15,1003.91,0,0,OFF,1,1,1,
2026-09-28 16:17:52,c2-dry,699000,31.92,80.14,1004.35,32.52,64.12,1003.88,0,0,OFF,1,1,1,
2026-09-28 16:17:53,c2-dry,700000,31.93,80.37,1004.33,32.52,64.10,1003.91,0,0,OFF,1,1,1,
2026-09-28 16:17:54,c2-dry,701000,31.92,80.56,1004.31,32.52,64.15,1003.88,0,0,OFF,1,1,1,
2026-09-28 16:17:55,c2-dry,702000,31.92,80.46,1004.31,32.53,63.97,1003.95,0,0,OFF,1,1,1,
2026-09-28 16:17:56,c2-dry,703000,31.92,80.66,1004.32,32.52,64.15,1003.88,0,0,OFF,1,1,1,
2026-09-28 16:17:57,c2-dry,704000,31.92,80.46,1004.35,32.51,64.08,1003.80,0,0,OFF,1,1,1,
2026-09-28 16:17:58,c2-dry,705000,31.92,80.51,1004.31,32.52,64.37,1003.90,0,0,OFF,1,1,1,
2026-09-28 16:17:59,c2-dry,706000,31.92,80.47,1004.29,32.52,63.98,1003.88,0,0,OFF,1,1,1,
2026-09-28 16:18:00,c2-dry,707000,31.91,80.31,1004.30,32.52,64.15,1003.88,0,0,OFF,1,1,1,
2026-09-28 16:18:01,c2-dry,708000,31.92,80.23,1004.29,32.52,64.20,1003.88,0,0,OFF,1,1,1,
2026-09-28 16:18:02,c2-dry,709000,31.92,80.07,1004.31,32.52,64.10,1003.88,0,0,OFF,1,1,1,
2026-09-28 16:18:03,c2-dry,710000,31.93,80.24,1004.30,32.52,64.08,1003.93,0,0,OFF,1,1,1,
2026-09-28 16:18:04,c2-dry,711000,31.92,80.22,1004.37,32.51,64.11,1003.87,0,0,OFF,1,1,1,
2026-09-28 16:18:05,c2-dry,712000,31.92,79.84,1004.35,32.52,64.08,1003.93,0,0,OFF,1,1,1,
2026-09-28 16:18:06,c2-dry,713000,31.92,79.81,1004.31,32.51,64.16,1003.84,0,0,OFF,1,1,1,
2026-09-28 16:18:07,c2-dry,714000,31.92,80.03,1004.32,32.52,64.25,1003.90,0,0,OFF,1,1,1,
2026-09-28 16:18:08,c2-dry,715000,31.92,80.18,1004.31,32.52,63.98,1003.83,0,0,OFF,1,1,1,
2026-09-28 16:18:09,c2-dry,716000,31.92,80.26,1004.29,32.53,63.99,1003.92,0,0,OFF,1,1,1,
2026-09-28 16:18:10,c2-dry,717000,31.92,80.30,1004.32,32.52,64.31,1003.88,0,0,OFF,1,1,1,
2026-09-28 16:18:11,c2-dry,718000,31.92,79.86,1004.31,32.53,64.16,1003.89,0,0,OFF,1,1,1,
2026-09-28 16:18:12,c2-dry,719000,31.92,80.21,1004.34,32.51,64.15,1003.90,0,0,OFF,1,1,1,
2026-09-28 16:18:13,c2-dry,720000,31.93,80.28,1004.36,32.53,64.16,1003.89,0,0,OFF,1,1,1,
2026-09-28 16:18:14,c2-dry,721000,31.92,80.31,1004.28,32.52,64.11,1003.88,0,0,OFF,1,1,1,
2026-09-28 16:18:15,c2-dry,722000,31.92,80.12,1004.32,32.52,63.93,1003.82,0,0,OFF,1,1,1,
2026-09-28 16:18:16,c2-dry,723000,31.92,80.25,1004.25,32.51,64.00,1003.81,0,0,OFF,1,1,1,
2026-09-28 16:18:17,c2-dry,724000,31.92,80.19,1004.31,32.53,64.05,1003.86,0,0,OFF,1,1,1,
2026-09-28 16:18:18,c2-dry,725000,31.92,80.22,1004.32,32.52,63.98,1003.88,0,0,OFF,1,1,1,
2026-09-28 16:18:19,c2-dry,726000,31.92,79.90,1004.34,32.52,64.08,1003.86,0,0,OFF,1,1,1,
2026-09-28 16:18:20,c2-dry,727000,31.92,79.99,1004.32,32.53,64.06,1003.84,0,0,OFF,1,1,1,
2026-09-28 16:18:21,c2-dry,728000,31.92,80.13,1004.32,32.53,64.02,1003.81,0,0,OFF,1,1,1,
2026-09-28 16:18:22,c2-dry,729000,31.92,80.18,1004.32,32.52,63.95,1003.79,0,0,OFF,1,1,1,
2026-09-28 16:18:23,c2-dry,730000,31.91,79.91,1004.30,32.53,63.91,1003.84,0,0,OFF,1,1,1,
2026-09-28 16:18:24,c2-dry,731000,31.92,79.72,1004.31,32.52,63.95,1003.88,0,0,OFF,1,1,1,
2026-09-28 16:18:25,c2-dry,732000,31.92,79.70,1004.32,32.54,64.06,1003.85,0,0,OFF,1,1,1,
2026-09-28 16:18:26,c2-dry,733000,31.92,79.92,1004.32,32.53,64.01,1003.84,0,0,OFF,1,1,1,
2026-09-28 16:18:27,c2-dry,734000,31.92,80.03,1004.29,32.53,63.92,1003.86,0,0,OFF,1,1,1,
2026-09-28 16:18:28,c2-dry,735000,31.92,80.16,1004.32,32.53,63.90,1003.92,0,0,OFF,1,1,1,
2026-09-28 16:18:29,c2-dry,736000,31.93,80.24,1004.28,32.53,63.92,1003.84,0,0,OFF,1,1,1,
2026-09-28 16:18:30,c2-dry,737000,31.92,80.27,1004.32,32.53,64.00,1003.92,0,0,OFF,1,1,1,
2026-09-28 16:18:31,c2-dry,738000,31.92,80.37,1004.34,32.52,64.10,1003.86,0,0,OFF,1,1,1,
2026-09-28 16:18:32,c2-dry,739000,31.92,80.52,1004.35,32.52,63.92,1003.91,0,0,OFF,1,1,1,
2026-09-28 16:18:33,c2-dry,740000,31.93,80.47,1004.28,32.53,64.31,1003.90,0,0,OFF,1,1,1,
2026-09-28 16:18:34,c2-dry,741000,31.93,80.52,1004.33,32.53,64.17,1003.95,0,0,OFF,1,1,1,
2026-09-28 16:18:35,c2-dry,742000,31.93,80.41,1004.30,32.53,63.93,1003.89,0,0,OFF,1,1,1,
2026-09-28 16:18:36,c2-dry,743000,31.93,80.02,1004.30,32.52,64.24,1003.88,0,0,OFF,1,1,1,
2026-09-28 16:18:37,c2-dry,744000,31.92,79.81,1004.34,32.52,63.99,1003.88,0,0,OFF,1,1,1,
2026-09-28 16:18:38,c2-dry,745000,31.93,80.08,1004.36,32.53,64.06,1003.89,0,0,OFF,1,1,1,
2026-09-28 16:18:39,c2-dry,746000,31.92,80.25,1004.29,32.52,64.17,1003.88,0,0,OFF,1,1,1,
2026-09-28 16:18:40,c2-dry,747000,31.93,80.55,1004.31,32.52,63.97,1003.85,0,0,OFF,1,1,1,
2026-09-28 16:18:41,c2-dry,748000,31.93,80.63,1004.33,32.52,63.92,1003.88,0,0,OFF,1,1,1,
2026-09-28 16:18:42,c2-dry,749000,31.93,80.41,1004.36,32.53,64.02,1003.86,0,0,OFF,1,1,1,
2026-09-28 16:18:43,c2-dry,750000,31.94,80.17,1004.34,32.52,63.86,1003.86,0,0,OFF,1,1,1,
2026-09-28 16:18:44,c2-dry,751000,31.92,80.07,1004.32,32.52,63.92,1003.88,0,0,OFF,1,1,1,
2026-09-28 16:18:45,c2-dry,752000,31.94,80.12,1004.34,32.53,63.99,1003.86,0,0,OFF,1,1,1,
2026-09-28 16:18:46,c2-dry,753000,31.93,80.07,1004.35,32.52,63.94,1003.83,0,0,OFF,1,1,1,
2026-09-28 16:18:47,c2-dry,754000,31.93,80.24,1004.33,32.52,64.04,1003.83,0,0,OFF,1,1,1,
2026-09-28 16:18:48,c2-dry,755000,31.93,80.36,1004.30,32.52,64.09,1003.86,0,0,OFF,1,1,1,
2026-09-28 16:18:49,c2-dry,756000,31.93,80.26,1004.27,32.51,64.01,1003.87,0,0,OFF,1,1,1,
2026-09-28 16:18:50,c2-dry,757000,31.93,80.32,1004.33,32.51,63.95,1003.84,0,0,OFF,1,1,1,
2026-09-28 16:18:51,c2-dry,758000,31.93,80.32,1004.27,32.51,63.93,1003.83,0,0,OFF,1,1,1,
2026-09-28 16:18:52,c2-dry,759000,31.93,80.41,1004.33,32.51,64.18,1003.90,0,0,OFF,1,1,1,
2026-09-28 16:18:53,c2-dry,760000,31.93,80.35,1004.33,32.52,64.04,1003.85,0,0,OFF,1,1,1,
2026-09-28 16:18:54,c2-dry,761000,31.93,80.01,1004.33,32.52,64.01,1003.93,0,0,OFF,1,1,1,
2026-09-28 16:18:55,c2-dry,762000,31.94,80.19,1004.37,32.52,64.18,1003.93,0,0,OFF,1,1,1,
2026-09-28 16:18:56,c2-dry,763000,31.93,80.38,1004.30,32.51,64.01,1003.89,0,0,OFF,1,1,1,
2026-09-28 16:18:57,c2-dry,764000,31.93,80.47,1004.39,32.51,63.98,1003.86,0,0,OFF,1,1,1,
2026-09-28 16:18:58,c2-dry,765000,31.93,80.27,1004.36,32.51,64.09,1003.92,0,0,OFF,1,1,1,
2026-09-28 16:18:59,c2-dry,766000,31.93,80.08,1004.33,32.51,63.92,1003.86,0,0,OFF,1,1,1,
2026-09-28 16:19:00,c2-dry,767000,31.92,79.99,1004.29,32.52,63.95,1003.88,0,0,OFF,1,1,1,
2026-09-28 16:19:01,c2-dry,768000,31.93,80.28,1004.30,32.52,63.97,1003.88,0,0,OFF,1,1,1,
2026-09-28 16:19:02,c2-dry,769000,31.93,80.33,1004.33,32.51,63.98,1003.92,0,0,OFF,1,1,1,
2026-09-28 16:19:03,c2-dry,770000,31.93,80.30,1004.33,32.50,63.88,1003.88,0,0,OFF,1,1,1,
2026-09-28 16:19:04,c2-dry,771000,31.92,80.28,1004.26,32.50,63.94,1003.85,0,0,OFF,1,1,1,
2026-09-28 16:19:05,c2-dry,772000,31.92,80.19,1004.37,32.51,63.95,1003.90,0,0,OFF,1,1,1,
2026-09-28 16:19:06,c2-dry,773000,31.93,80.34,1004.33,32.51,64.01,1003.86,0,0,OFF,1,1,1,
2026-09-28 16:19:07,c2-dry,774000,31.93,80.11,1004.31,32.50,64.04,1003.85,0,0,OFF,1,1,1,
2026-09-28 16:19:08,c2-dry,775000,31.92,79.85,1004.32,32.50,63.99,1003.91,0,0,OFF,1,1,1,
2026-09-28 16:19:09,c2-dry,776000,31.93,80.05,1004.33,32.51,64.04,1003.92,0,0,OFF,1,1,1,
2026-09-28 16:19:10,c2-dry,777000,31.92,80.12,1004.32,32.50,63.96,1003.91,0,0,OFF,1,1,1,
2026-09-28 16:19:11,c2-dry,778000,31.92,80.04,1004.32,32.50,63.94,1003.90,0,0,OFF,1,1,1,
2026-09-28 16:19:12,c2-dry,779000,31.92,80.03,1004.32,32.51,64.03,1003.92,0,0,OFF,1,1,1,
2026-09-28 16:19:13,c2-dry,780000,31.91,77.78,1004.29,32.50,64.12,1003.84,0,0,OFF,1,1,1,
2026-09-28 16:19:14,c2-dry,781000,31.87,73.20,1004.32,32.50,63.94,1003.91,0,0,OFF,1,1,1,
2026-09-28 16:19:15,c2-dry,782000,31.87,71.67,1004.32,32.50,64.05,1003.90,0,0,OFF,1,1,1,
2026-09-28 16:19:16,c2-dry,783000,31.87,72.23,1004.38,32.50,64.20,1003.91,0,0,OFF,1,1,1,
2026-09-28 16:19:17,c2-dry,784000,31.86,72.76,1004.33,32.50,64.01,1003.84,0,0,OFF,1,1,1,
2026-09-28 16:19:18,c2-dry,785000,31.86,71.95,1004.27,32.50,63.96,1003.88,0,0,OFF,1,1,1,
2026-09-28 16:19:19,c2-dry,786000,31.85,71.11,1004.31,32.50,63.96,1003.85,0,0,OFF,1,1,1,
2026-09-28 16:19:20,c2-dry,787000,31.83,71.17,1004.31,32.50,63.96,1003.87,0,0,OFF,1,1,1,
2026-09-28 16:19:21,c2-dry,788000,31.83,70.10,1004.31,32.50,64.02,1003.87,0,0,OFF,1,1,1,
2026-09-28 16:19:22,c2-dry,789000,31.83,69.32,1004.31,32.50,63.94,1003.85,0,0,OFF,1,1,1,
2026-09-28 16:19:23,c2-dry,790000,31.82,69.26,1004.29,32.50,63.99,1003.87,0,0,OFF,1,1,1,
2026-09-28 16:19:24,c2-dry,791000,31.82,69.59,1004.27,32.49,63.98,1003.84,0,0,OFF,1,1,1,
2026-09-28 16:19:25,c2-dry,792000,31.81,69.85,1004.31,32.50,64.43,1003.90,0,0,OFF,1,1,1,
2026-09-28 16:19:26,c2-dry,793000,31.82,69.38,1004.29,32.50,64.04,1003.87,0,0,OFF,1,1,1,
2026-09-28 16:19:27,c2-dry,794000,31.81,69.96,1004.25,32.50,63.99,1003.88,0,0,OFF,1,1,1,
2026-09-28 16:19:28,c2-dry,795000,31.80,69.76,1004.24,32.50,64.04,1003.84,0,0,OFF,1,1,1,
2026-09-28 16:19:29,c2-dry,796000,31.81,69.44,1004.33,32.50,63.90,1003.91,0,0,OFF,1,1,1,
2026-09-28 16:19:30,c2-dry,797000,31.81,68.70,1004.24,32.50,63.88,1003.93,0,0,OFF,1,1,1,
2026-09-28 16:19:31,c2-dry,798000,31.80,69.32,1004.29,32.50,64.07,1003.90,0,0,OFF,1,1,1,
2026-09-28 16:19:32,c2-close,799000,31.81,68.62,1004.28,32.51,63.92,1003.89,0,0,OFF,1,1,1,
2026-09-28 16:19:33,c2-close,800000,31.81,69.38,1004.28,32.51,63.87,1003.92,0,0,OFF,1,1,1,
2026-09-28 16:19:34,c2-close,801000,31.81,69.17,1004.37,32.51,64.29,1003.89,0,0,OFF,1,1,1,
2026-09-28 16:19:35,c2-close,802000,31.81,68.98,1004.28,32.50,64.16,1003.85,0,0,OFF,1,1,1,
2026-09-28 16:19:36,c2-close,803000,31.81,68.78,1004.30,32.51,63.99,1003.89,0,0,OFF,1,1,1,
2026-09-28 16:19:37,c2-close,804000,31.81,68.17,1004.25,32.50,64.20,1003.85,0,0,OFF,1,1,1,
2026-09-28 16:19:38,c2-close,805000,31.82,67.98,1004.26,32.51,63.98,1003.89,0,0,OFF,1,1,1,
2026-09-28 16:19:39,c2-close,806000,31.81,67.84,1004.30,32.51,63.95,1003.92,0,0,OFF,1,1,1,
2026-09-28 16:19:40,c2-close,807000,31.81,67.83,1004.28,32.51,63.99,1003.94,0,0,OFF,1,1,1,
2026-09-28 16:19:41,c2-close,808000,31.82,67.81,1004.29,32.50,63.92,1003.87,0,0,OFF,1,1,1,
2026-09-28 16:19:42,c2-close,809000,31.81,68.33,1004.28,32.50,64.04,1003.87,0,0,OFF,1,1,1,
2026-09-28 16:19:43,c2-close,810000,31.82,69.19,1004.27,32.51,64.03,1003.89,0,0,OFF,1,1,1,
2026-09-28 16:19:44,c2-close,811000,31.82,68.95,1004.29,32.51,64.11,1003.94,0,0,OFF,1,1,1,
2026-09-28 16:19:45,c2-close,812000,31.83,67.91,1004.28,32.50,63.93,1003.88,0,0,OFF,1,1,1,
2026-09-28 16:19:46,c2-close,813000,31.82,67.68,1004.27,32.50,63.83,1003.88,0,0,OFF,1,1,1,
2026-09-28 16:19:47,c2-close,814000,31.83,67.66,1004.28,32.50,63.87,1003.94,0,0,OFF,1,1,1,
2026-09-28 16:19:48,c2-close,815000,31.83,67.65,1004.28,32.50,63.93,1003.82,0,0,OFF,1,1,1,
2026-09-28 16:19:49,c2-close,816000,31.83,67.57,1004.28,32.50,63.96,1003.90,0,0,OFF,1,1,1,
2026-09-28 16:19:50,c2-close,817000,31.83,67.50,1004.29,32.51,63.90,1003.83,0,0,OFF,1,1,1,
2026-09-28 16:19:51,c2-close,818000,31.83,68.29,1004.23,32.50,64.02,1003.91,0,0,OFF,1,1,1,
2026-09-28 16:19:52,c2-close,819000,31.84,67.83,1004.30,32.51,64.17,1003.86,0,0,OFF,1,1,1,
2026-09-28 16:19:53,c2-close,820000,31.83,67.69,1004.29,32.51,63.94,1003.86,0,0,OFF,1,1,1,
2026-09-28 16:19:54,c2-close,821000,31.84,67.70,1004.21,32.51,63.95,1003.92,0,0,OFF,1,1,1,
2026-09-28 16:19:55,c2-close,822000,31.84,67.67,1004.27,32.51,64.07,1003.83,0,0,OFF,1,1,1,
2026-09-28 16:19:56,c2-close,823000,31.84,68.08,1004.30,32.51,63.83,1003.86,0,0,OFF,1,1,1,
2026-09-28 16:19:57,c2-close,824000,31.85,68.83,1004.28,32.51,63.94,1003.92,0,0,OFF,1,1,1,
2026-09-28 16:19:58,c2-close,825000,31.85,69.00,1004.25,32.51,64.01,1003.94,0,0,OFF,1,1,1,
2026-09-28 16:19:59,c2-close,826000,31.84,67.95,1004.27,32.51,63.95,1003.84,0,0,OFF,1,1,1,
2026-09-28 16:20:00,c2-close,827000,31.85,68.12,1004.25,32.51,63.99,1003.92,0,0,OFF,1,1,1,
2026-09-28 16:20:01,c2-close,828000,31.85,67.72,1004.29,32.53,63.84,1003.92,0,0,OFF,1,1,1,
2026-09-28 16:20:02,c2-close,829000,31.86,67.92,1004.31,32.51,63.93,1003.86,0,0,OFF,1,1,1,
2026-09-28 16:20:03,c2-close,830000,31.85,68.82,1004.26,32.51,63.85,1003.86,0,0,OFF,1,1,1,
2026-09-28 16:20:04,c2-close,831000,31.86,68.03,1004.27,32.51,63.91,1003.86,0,0,OFF,1,1,1,
2026-09-28 16:20:05,c2-close,832000,31.86,68.04,1004.28,32.52,63.97,1003.93,0,0,OFF,1,1,1,
2026-09-28 16:20:06,c2-close,833000,31.86,67.90,1004.33,32.52,63.94,1003.93,0,0,OFF,1,1,1,
2026-09-28 16:20:07,c2-close,834000,31.86,67.56,1004.33,32.51,63.79,1003.90,0,0,OFF,1,1,1,
2026-09-28 16:20:08,c2-close,835000,31.86,67.55,1004.25,32.51,63.86,1003.87,0,0,OFF,1,1,1,
2026-09-28 16:20:09,c2-close,836000,31.87,67.40,1004.28,32.51,64.01,1003.92,0,0,OFF,1,1,1,
2026-09-28 16:20:10,c2-close,837000,31.85,67.81,1004.32,32.52,63.99,1003.90,0,0,OFF,1,1,1,
2026-09-28 16:20:11,c2-close,838000,31.87,67.52,1004.28,32.51,63.90,1003.92,0,0,OFF,1,1,1,
2026-09-28 16:20:12,c2-close,839000,31.87,67.62,1004.23,32.51,63.83,1003.92,0,0,OFF,1,1,1,
2026-09-28 16:20:13,c2-close,840000,31.87,67.08,1004.32,32.52,63.90,1003.88,0,0,OFF,1,1,1,
2026-09-28 16:20:14,c2-close,841000,31.88,67.18,1004.27,32.51,64.10,1003.90,0,0,OFF,1,1,1,
2026-09-28 16:20:15,c2-close,842000,31.88,67.06,1004.27,32.52,63.94,1003.93,0,0,OFF,1,1,1,
2026-09-28 16:20:16,c2-close,843000,31.88,66.95,1004.27,32.52,63.89,1003.94,0,0,OFF,1,1,1,
2026-09-28 16:20:17,c2-close,844000,31.87,67.07,1004.29,32.51,64.24,1003.84,0,0,OFF,1,1,1,
2026-09-28 16:20:18,c2-close,845000,31.89,67.31,1004.26,32.52,63.89,1003.88,0,0,OFF,1,1,1,
2026-09-28 16:20:19,c2-close,846000,31.88,68.15,1004.27,32.52,64.19,1003.93,0,0,OFF,1,1,1,
2026-09-28 16:20:20,c2-close,847000,31.88,67.92,1004.31,32.52,63.88,1003.90,0,0,OFF,1,1,1,
2026-09-28 16:20:21,c2-close,848000,31.88,67.82,1004.31,32.51,63.91,1003.92,0,0,OFF,1,1,1,
2026-09-28 16:20:22,c2-close,849000,31.88,67.39,1004.27,32.51,63.79,1003.95,0,0,OFF,1,1,1,
2026-09-28 16:20:23,c2-close,850000,31.89,66.96,1004.29,32.51,63.84,1003.92,0,0,OFF,1,1,1,
2026-09-28 16:20:24,c2-close,851000,31.88,68.17,1004.31,32.51,63.84,1003.86,0,0,OFF,1,1,1,
2026-09-28 16:20:25,c2-close,852000,31.88,67.45,1004.34,32.52,63.92,1003.88,0,0,OFF,1,1,1,
2026-09-28 16:20:26,c2-close,853000,31.90,67.46,1004.28,32.52,63.92,1003.93,0,0,OFF,1,1,1,
2026-09-28 16:20:27,c2-close,854000,31.90,67.22,1004.31,32.53,63.89,1004.00,0,0,OFF,1,1,1,
2026-09-28 16:20:28,c2-close,855000,31.89,67.38,1004.29,32.52,63.88,1003.90,0,0,OFF,1,1,1,
2026-09-28 16:20:29,c2-close,856000,31.89,67.38,1004.30,32.52,63.94,1003.90,0,0,OFF,1,1,1,
2026-09-28 16:20:30,c2-close,857000,31.89,67.40,1004.27,32.51,63.88,1003.86,0,0,OFF,1,1,1,
2026-09-28 16:20:31,c2-close,858000,31.89,67.08,1004.26,32.51,63.78,1003.89,0,0,OFF,1,1,1,
2026-09-28 16:20:32,c2-close,859000,31.89,67.52,1004.35,32.52,63.81,1003.90,0,0,OFF,1,1,1,
2026-09-28 16:20:33,c2-close,860000,31.89,67.40,1004.29,32.52,63.86,1003.93,0,0,OFF,1,1,1,
2026-09-28 16:20:34,c2-close,861000,31.90,67.18,1004.29,32.52,63.72,1004.00,0,0,OFF,1,1,1,
2026-09-28 16:20:35,c2-close,862000,31.90,67.28,1004.29,32.52,63.85,1003.93,0,0,OFF,1,1,1,
2026-09-28 16:20:36,c2-close,863000,31.90,67.48,1004.33,32.51,63.77,1003.92,0,0,OFF,1,1,1,
2026-09-28 16:20:37,c2-close,864000,31.90,67.64,1004.25,32.51,63.82,1003.92,0,0,OFF,1,1,1,
2026-09-28 16:20:38,c2-close,865000,31.90,67.99,1004.31,32.52,63.93,1003.93,0,0,OFF,1,1,1,
2026-09-28 16:20:39,c2-close,866000,31.89,67.17,1004.27,32.51,63.83,1003.92,0,0,OFF,1,1,1,
2026-09-28 16:20:40,c2-close,867000,31.90,67.29,1004.29,32.52,63.88,1003.96,0,0,OFF,1,1,1,
2026-09-28 16:20:41,c2-close,868000,31.90,66.72,1004.34,32.51,63.88,1003.90,0,0,OFF,1,1,1,
2026-09-28 16:20:42,c2-close,869000,31.91,66.66,1004.30,32.52,63.93,1003.88,0,0,OFF,1,1,1,
2026-09-28 16:20:43,c2-close,870000,31.91,66.59,1004.27,32.51,63.91,1003.89,0,0,OFF,1,1,1,
2026-09-28 16:20:44,c2-close,871000,31.91,66.62,1004.29,32.52,63.75,1003.88,0,0,OFF,1,1,1,
2026-09-28 16:20:45,c2-close,872000,31.92,66.82,1004.28,32.52,63.81,1003.93,0,0,OFF,1,1,1,
2026-09-28 16:20:46,c2-close,873000,31.92,66.48,1004.22,32.52,63.81,1003.96,0,0,OFF,1,1,1,
2026-09-28 16:20:47,c2-close,874000,31.92,66.70,1004.31,32.52,63.74,1003.90,0,0,OFF,1,1,1,
2026-09-28 16:20:48,c2-close,875000,31.93,66.56,1004.28,32.51,63.79,1003.90,0,0,OFF,1,1,1,
2026-09-28 16:20:49,c2-close,876000,31.93,66.42,1004.30,32.52,63.82,1003.90,0,0,OFF,1,1,1,
2026-09-28 16:20:50,c2-close,877000,31.93,66.44,1004.27,32.53,63.85,1004.00,0,0,OFF,1,1,1,
2026-09-28 16:20:51,c2-close,878000,31.92,66.51,1004.29,32.52,63.83,1003.91,0,0,OFF,1,1,1,
2026-09-28 16:20:52,c2-close,879000,31.93,66.55,1004.30,32.52,63.63,1003.88,0,0,OFF,1,1,1,
2026-09-28 16:20:53,c2-close,880000,31.94,66.62,1004.34,32.52,64.06,1003.94,0,0,OFF,1,1,1,
2026-09-28 16:20:54,c2-close,881000,31.93,66.28,1004.33,32.51,63.92,1003.92,0,0,OFF,1,1,1,
2026-09-28 16:20:55,c2-close,882000,31.94,66.10,1004.29,32.51,63.74,1003.92,0,0,OFF,1,1,1,
2026-09-28 16:20:56,c2-close,883000,31.94,66.23,1004.26,32.51,63.79,1003.92,0,0,OFF,1,1,1,
2026-09-28 16:20:57,c2-close,884000,31.94,66.34,1004.29,32.52,63.74,1003.90,0,0,OFF,1,1,1,
2026-09-28 16:20:58,c2-close,885000,31.94,66.66,1004.31,32.52,63.73,1003.88,0,0,OFF,1,1,1,
2026-09-28 16:20:59,c2-close,886000,31.94,66.32,1004.29,32.52,63.86,1003.97,0,0,OFF,1,1,1,
2026-09-28 16:21:00,c2-close,887000,31.93,66.26,1004.28,32.52,63.81,1003.88,0,0,OFF,1,1,1,
2026-09-28 16:21:01,c2-close,888000,31.94,66.72,1004.35,32.52,63.72,1003.99,0,0,OFF,1,1,1,
2026-09-28 16:21:02,c2-close,889000,31.94,66.63,1004.34,32.51,63.75,1003.86,0,0,OFF,1,1,1,
2026-09-28 16:21:03,c2-close,890000,31.94,67.06,1004.29,32.51,63.86,1003.92,0,0,OFF,1,1,1,
2026-09-28 16:21:04,c2-close,891000,31.94,67.10,1004.26,32.52,63.77,1003.88,0,0,OFF,1,1,1,
2026-09-28 16:21:05,c2-close,892000,31.94,66.89,1004.29,32.51,63.76,1003.98,0,0,OFF,1,1,1,
2026-09-28 16:21:06,c2-close,893000,31.94,66.48,1004.31,32.52,64.03,1003.90,0,0,OFF,1,1,1,
2026-09-28 16:21:07,c2-close,894000,31.94,66.35,1004.26,32.52,63.77,1003.93,0,0,OFF,1,1,1,
2026-09-28 16:21:08,c2-close,895000,31.94,67.08,1004.31,32.51,64.11,1003.90,0,0,OFF,1,1,1,
2026-09-28 16:21:09,c2-close,896000,31.93,67.18,1004.28,32.51,63.98,1003.92,0,0,OFF,1,1,1,
2026-09-28 16:21:10,c2-close,897000,31.94,66.52,1004.40,32.51,64.23,1003.92,0,0,OFF,1,1,1,
2026-09-28 16:21:11,c2-close,898000,31.94,66.96,1004.31,32.52,64.12,1003.90,0,0,OFF,1,1,1,
2026-09-28 16:21:12,c2-close,899000,31.94,66.80,1004.31,32.51,64.02,1003.94,0,0,OFF,1,1,1,
2026-09-28 16:21:13,c2-close,900000,31.94,66.53,1004.31,32.51,63.73,1003.94,0,0,OFF,1,1,1,
2026-09-28 16:21:14,c2-close,901000,31.93,66.35,1004.31,32.51,63.76,1003.83,0,0,OFF,1,1,1,
2026-09-28 16:21:15,c2-close,902000,31.94,66.44,1004.29,32.51,63.79,1003.90,0,0,OFF,1,1,1,
2026-09-28 16:21:16,c2-close,903000,31.94,66.74,1004.26,32.51,64.17,1003.92,0,0,OFF,1,1,1,
2026-09-28 16:21:17,c2-close,904000,31.93,67.41,1004.27,32.51,64.27,1003.86,0,0,OFF,1,1,1,
2026-09-28 16:21:18,c2-close,905000,31.93,66.83,1004.28,32.51,63.83,1003.98,0,0,OFF,1,1,1,
2026-09-28 16:21:19,c2-close,906000,31.92,66.35,1004.26,32.51,63.86,1003.90,0,0,OFF,1,1,1,
2026-09-28 16:21:20,c2-close,907000,31.92,66.58,1004.26,32.51,63.82,1003.89,0,0,OFF,1,1,1,
2026-09-28 16:21:21,c2-close,908000,31.93,66.42,1004.28,32.50,63.88,1004.02,0,0,OFF,1,1,1,
2026-09-28 16:21:22,c2-close,909000,31.92,66.44,1004.29,32.51,63.79,1003.98,0,0,OFF,1,1,1,
2026-09-28 16:21:23,c2-close,910000,31.93,66.33,1004.33,32.51,63.92,1003.97,0,0,OFF,1,1,1,
2026-09-28 16:21:24,c2-close,911000,31.93,66.39,1004.33,32.51,63.91,1003.92,0,0,OFF,1,1,1,
2026-09-28 16:21:25,c2-close,912000,31.93,66.44,1004.30,32.50,63.85,1003.85,0,0,OFF,1,1,1,
2026-09-28 16:21:26,c2-close,913000,31.93,66.48,1004.31,32.52,63.86,1003.96,0,0,OFF,1,1,1,
2026-09-28 16:21:27,c2-close,914000,31.94,66.32,1004.40,32.50,63.86,1003.91,0,0,OFF,1,1,1,
2026-09-28 16:21:28,c2-close,915000,31.94,66.52,1004.29,32.51,64.11,1003.92,0,0,OFF,1,1,1,
2026-09-28 16:21:29,c2-close,916000,31.92,66.42,1004.26,32.50,63.84,1003.88,0,0,OFF,1,1,1,
2026-09-28 16:21:30,c2-close,917000,31.93,66.90,1004.33,32.50,63.86,1003.96,0,0,OFF,1,1,1,
2026-09-28 16:21:31,c2-close,918000,31.93,66.51,1004.28,32.50,63.86,1003.90,0,0,OFF,1,1,1,
2026-09-28 16:21:32,c2-close,919000,31.93,66.39,1004.27,32.51,63.84,1003.94,0,0,OFF,1,1,1,
2026-09-28 16:21:33,c2-close,920000,31.93,66.54,1004.28,32.51,63.93,1003.97,0,0,OFF,1,1,1,
2026-09-28 16:21:34,c2-close,921000,31.93,66.18,1004.28,32.50,63.84,1003.88,0,0,OFF,1,1,1,
2026-09-28 16:21:35,c2-close,922000,31.94,66.53,1004.31,32.51,63.82,1003.94,0,0,OFF,1,1,1,
2026-09-28 16:21:36,c2-close,923000,31.92,66.99,1004.29,32.50,63.99,1003.91,0,0,OFF,1,1,1,
2026-09-28 16:21:37,c2-close,924000,31.94,66.45,1004.26,32.50,63.87,1003.91,0,0,OFF,1,1,1,
2026-09-28 16:21:38,c2-close,925000,31.93,66.76,1004.30,32.51,64.26,1003.86,0,0,OFF,1,1,1,
2026-09-28 16:21:39,c2-close,926000,31.92,66.71,1004.32,32.51,63.90,1003.92,0,0,OFF,1,1,1,
2026-09-28 16:21:40,c2-close,927000,31.93,66.53,1004.33,32.50,63.96,1003.91,0,0,OFF,1,1,1,
2026-09-28 16:21:41,c2-close,928000,31.92,66.29,1004.32,32.50,63.92,1003.88,0,0,OFF,1,1,1,
2026-09-28 16:21:42,c2-close,929000,31.92,66.35,1004.29,32.51,63.87,1003.98,0,0,OFF,1,1,1,
2026-09-28 16:21:43,c2-close,930000,31.92,66.26,1004.35,32.50,63.93,1003.93,0,0,OFF,1,1,1,
2026-09-28 16:21:44,c2-close,931000,31.93,66.35,1004.33,32.51,63.85,1003.94,0,0,OFF,1,1,1,
2026-09-28 16:21:45,c2-close,932000,31.93,66.37,1004.33,32.50,63.92,1003.91,0,0,OFF,1,1,1,
2026-09-28 16:21:46,c2-close,933000,31.93,66.07,1004.27,32.49,63.96,1003.89,0,0,OFF,1,1,1,
2026-09-28 16:21:47,c2-close,934000,31.93,66.13,1004.27,32.50,63.82,1003.91,0,0,OFF,1,1,1,
2026-09-28 16:21:48,c2-close,935000,31.94,66.24,1004.34,32.50,63.92,1003.96,0,0,OFF,1,1,1,
2026-09-28 16:21:49,c2-close,936000,31.94,66.56,1004.38,32.49,64.09,1003.89,0,0,OFF,1,1,1,
2026-09-28 16:21:50,c2-close,937000,31.93,66.35,1004.33,32.50,63.91,1003.93,0,0,OFF,1,1,1,
2026-09-28 16:21:51,c2-close,938000,31.93,66.18,1004.30,32.49,63.93,1003.89,0,0,OFF,1,1,1,
2026-09-28 16:21:52,c2-close,939000,31.94,66.01,1004.35,32.49,63.91,1003.95,0,0,OFF,1,1,1,
2026-09-28 16:21:53,c2-close,940000,31.94,66.15,1004.35,32.49,63.90,1004.00,0,0,OFF,1,1,1,
2026-09-28 16:21:54,c2-close,941000,31.93,66.12,1004.33,32.48,63.96,1003.88,0,0,OFF,1,1,1,
2026-09-28 16:21:55,c2-close,942000,31.94,66.03,1004.23,32.48,64.17,1003.96,0,0,OFF,1,1,1,
2026-09-28 16:21:56,c2-close,943000,31.94,65.98,1004.32,32.49,63.82,1004.00,0,0,OFF,1,1,1,
2026-09-28 16:21:57,c2-close,944000,31.95,66.00,1004.30,32.48,63.99,1003.93,0,0,OFF,1,1,1,
2026-09-28 16:21:58,c2-close,945000,31.94,66.14,1004.32,32.49,63.95,1003.97,0,0,OFF,1,1,1,
2026-09-28 16:21:59,c2-close,946000,31.94,66.21,1004.31,32.49,63.98,1003.97,0,0,OFF,1,1,1,
2026-09-28 16:22:00,c2-close,947000,31.95,66.22,1004.33,32.48,64.14,1003.87,0,0,OFF,1,1,1,
2026-09-28 16:22:01,c2-close,948000,31.93,66.18,1004.30,32.48,63.86,1003.96,0,0,OFF,1,1,1,
2026-09-28 16:22:02,c2-close,949000,31.94,66.48,1004.31,32.49,64.17,1003.91,0,0,OFF,1,1,1,
2026-09-28 16:22:03,c2-close,950000,31.94,66.25,1004.40,32.48,64.12,1003.92,0,0,OFF,1,1,1,
2026-09-28 16:22:04,c2-close,951000,31.93,66.01,1004.36,32.48,64.06,1003.93,0,0,OFF,1,1,1,
2026-09-28 16:22:05,c2-close,952000,31.94,66.05,1004.29,32.48,63.88,1003.90,0,0,OFF,1,1,1,
2026-09-28 16:22:06,c2-close,953000,31.94,66.45,1004.34,32.48,64.29,1003.98,0,0,OFF,1,1,1,
2026-09-28 16:22:07,c2-close,954000,31.94,66.48,1004.38,32.48,64.31,1003.98,0,0,OFF,1,1,1,
2026-09-28 16:22:08,c2-close,955000,31.93,66.69,1004.33,32.49,64.22,1003.91,0,0,OFF,1,1,1,
2026-09-28 16:22:09,c2-close,956000,31.93,66.72,1004.28,32.48,64.22,1003.90,0,0,OFF,1,1,1,
2026-09-28 16:22:10,c2-close,957000,31.93,66.60,1004.33,32.48,64.06,1003.90,0,0,OFF,1,1,1,
2026-09-28 16:22:11,c2-close,958000,31.93,66.35,1004.33,32.47,64.06,1003.86,0,0,OFF,1,1,1,
2026-09-28 16:22:12,c2-close,959000,31.92,66.28,1004.32,32.48,63.98,1003.95,0,0,OFF,1,1,1,
2026-09-28 16:22:13,c2-close,960000,31.93,66.19,1004.33,32.48,64.08,1003.90,0,0,OFF,1,1,1,
2026-09-28 16:22:14,c2-close,961000,31.93,66.34,1004.31,32.48,63.87,1003.87,0,0,OFF,1,1,1,
2026-09-28 16:22:15,c2-close,962000,31.93,66.62,1004.31,32.47,64.09,1003.96,0,0,OFF,1,1,1,
2026-09-28 16:22:16,c2-close,963000,31.93,66.64,1004.31,32.48,64.23,1003.92,0,0,OFF,1,1,1,
2026-09-28 16:22:17,c2-close,964000,31.93,66.32,1004.30,32.47,63.95,1003.92,0,0,OFF,1,1,1,
2026-09-28 16:22:18,c2-close,965000,31.93,66.82,1004.36,32.48,64.10,1003.90,0,0,OFF,1,1,1,
2026-09-28 16:22:19,c2-close,966000,31.92,66.72,1004.26,32.47,64.03,1003.94,0,0,OFF,1,1,1,
2026-09-28 16:22:20,c2-close,967000,31.93,66.89,1004.33,32.47,64.04,1003.91,0,0,OFF,1,1,1,
2026-09-28 16:22:21,c2-close,968000,31.92,66.77,1004.37,32.48,64.11,1003.98,0,0,OFF,1,1,1,
2026-09-28 16:22:22,c2-close,969000,31.92,66.56,1004.37,32.48,63.97,1003.92,0,0,OFF,1,1,1,
2026-09-28 16:22:23,c2-close,970000,31.92,66.34,1004.29,32.48,64.06,1003.98,0,0,OFF,1,1,1,
2026-09-28 16:22:24,c2-close,971000,31.92,66.27,1004.32,32.47,63.95,1003.91,0,0,OFF,1,1,1,
2026-09-28 16:22:25,c2-close,972000,31.92,66.46,1004.34,32.47,64.00,1003.91,0,0,OFF,1,1,1,
2026-09-28 16:22:26,c2-close,973000,31.92,66.26,1004.32,32.48,64.08,1003.92,0,0,OFF,1,1,1,
2026-09-28 16:22:27,c2-close,974000,31.92,66.39,1004.37,32.48,64.14,1003.92,0,0,OFF,1,1,1,
2026-09-28 16:22:28,c2-close,975000,31.93,66.32,1004.31,32.47,64.04,1003.92,0,0,OFF,1,1,1,
2026-09-28 16:22:29,c2-close,976000,31.93,67.89,1004.30,32.47,63.98,1003.89,0,0,OFF,1,1,1,
2026-09-28 16:22:30,c2-close,977000,31.92,67.43,1004.28,32.48,63.94,1003.87,0,0,OFF,1,1,1,
2026-09-28 16:22:31,c2-close,978000,31.91,66.92,1004.30,32.48,63.95,1003.95,0,0,OFF,1,1,1,
2026-09-28 16:22:32,c2-close,979000,31.92,66.48,1004.37,32.48,64.03,1003.92,0,0,OFF,1,1,1,
2026-09-28 16:22:33,c2-close,980000,31.93,66.45,1004.27,32.47,64.29,1003.91,0,0,OFF,1,1,1,
2026-09-28 16:22:34,c2-close,981000,31.93,66.34,1004.33,32.48,64.00,1003.95,0,0,OFF,1,1,1,
2026-09-28 16:22:35,c2-close,982000,31.93,66.77,1004.35,32.47,64.46,1003.94,0,0,OFF,1,1,1,
2026-09-28 16:22:36,c2-close,983000,31.92,66.45,1004.39,32.48,64.14,1003.98,0,0,OFF,1,1,1,
2026-09-28 16:22:37,c2-close,984000,31.92,67.08,1004.29,32.47,64.29,1003.94,0,0,OFF,1,1,1,
2026-09-28 16:22:38,c2-close,985000,31.91,66.96,1004.30,32.47,64.12,1003.94,0,0,OFF,1,1,1,
2026-09-28 16:22:39,c2-close,986000,31.92,66.56,1004.26,32.47,64.28,1003.94,0,0,OFF,1,1,1,
2026-09-28 16:22:40,c2-close,987000,31.92,66.56,1004.29,32.47,64.39,1004.00,0,0,OFF,1,1,1,
2026-09-28 16:22:41,c2-close,988000,31.92,66.19,1004.32,32.47,64.10,1003.94,0,0,OFF,1,1,1,
2026-09-28 16:22:42,c2-close,989000,31.92,67.10,1004.35,32.48,64.11,1003.92,0,0,OFF,1,1,1,
2026-09-28 16:22:43,c2-close,990000,31.92,66.88,1004.35,32.48,64.12,1003.92,0,0,OFF,1,1,1,
2026-09-28 16:22:44,c2-close,991000,31.93,66.85,1004.41,32.48,64.25,1003.92,0,0,OFF,1,1,1,
2026-09-28 16:22:45,c2-close,992000,31.93,66.70,1004.30,32.48,64.02,1003.93,0,0,OFF,1,1,1,
2026-09-28 16:22:46,c2-close,993000,31.92,66.43,1004.32,32.48,64.00,1003.95,0,0,OFF,1,1,1,
2026-09-28 16:22:47,c2-close,994000,31.92,66.75,1004.32,32.47,64.22,1003.97,0,0,OFF,1,1,1,
2026-09-28 16:22:48,c2-close,995000,31.91,66.61,1004.36,32.47,64.00,1003.94,0,0,OFF,1,1,1,
2026-09-28 16:22:49,c2-close,996000,31.92,66.41,1004.34,32.47,63.98,1004.00,0,0,OFF,1,1,1,
2026-09-28 16:22:50,c2-close,997000,31.92,66.12,1004.32,32.47,63.98,1003.94,0,0,OFF,1,1,1,
2026-09-28 16:22:51,c2-close,998000,31.93,66.43,1004.33,32.47,63.99,1003.94,0,0,OFF,1,1,1,
2026-09-28 16:22:52,c2-close,999000,31.92,66.13,1004.29,32.48,63.95,1003.90,0,0,OFF,1,1,1,
2026-09-28 16:22:53,c2-close,1000000,31.93,65.93,1004.33,32.49,64.11,1003.94,0,0,OFF,1,1,1,
2026-09-28 16:22:54,c2-close,1001000,31.93,66.46,1004.24,32.49,64.28,1003.88,0,0,OFF,1,1,1,
2026-09-28 16:22:55,c2-close,1002000,31.92,66.12,1004.37,32.48,63.99,1003.93,0,0,OFF,1,1,1,
2026-09-28 16:22:56,c2-close,1003000,31.92,66.12,1004.31,32.48,63.98,1003.92,0,0,OFF,1,1,1,
2026-09-28 16:22:57,c2-close,1004000,31.92,66.07,1004.32,32.48,63.96,1003.90,0,0,OFF,1,1,1,
2026-09-28 16:22:58,c2-close,1005000,31.93,66.13,1004.33,32.48,63.96,1003.95,0,0,OFF,1,1,1,
2026-09-28 16:22:59,c2-close,1006000,31.93,66.25,1004.35,32.47,64.15,1003.92,0,0,OFF,1,1,1,
2026-09-28 16:23:00,c2-close,1007000,31.93,66.05,1004.35,32.48,63.98,1003.96,0,0,OFF,1,1,1,
2026-09-28 16:23:01,c2-close,1008000,31.93,66.22,1004.33,32.49,64.01,1003.94,0,0,OFF,1,1,1,
2026-09-28 16:23:02,c2-close,1009000,31.92,66.27,1004.32,32.48,64.03,1003.93,0,0,OFF,1,1,1,
2026-09-28 16:23:03,c2-close,1010000,31.92,65.93,1004.35,32.48,64.03,1003.95,0,0,OFF,1,1,1,
2026-09-28 16:23:04,c2-close,1011000,31.93,66.18,1004.38,32.47,64.10,1003.92,0,0,OFF,1,1,1,
2026-09-28 16:23:05,c2-close,1012000,31.92,66.06,1004.31,32.49,64.30,1004.00,0,0,OFF,1,1,1,
2026-09-28 16:23:06,c2-close,1013000,31.93,65.91,1004.33,32.48,64.05,1003.92,0,0,OFF,1,1,1,
2026-09-28 16:23:07,c2-close,1014000,31.93,66.08,1004.33,32.48,64.13,1003.92,0,0,OFF,1,1,1,
2026-09-28 16:23:08,c2-close,1015000,31.92,66.04,1004.37,32.49,64.17,1003.95,0,0,OFF,1,1,1,
2026-09-28 16:23:09,c2-close,1016000,31.92,66.47,1004.37,32.49,64.06,1004.00,0,0,OFF,1,1,1,
2026-09-28 16:23:10,c2-close,1017000,31.91,66.74,1004.36,32.48,63.98,1003.95,0,0,OFF,1,1,1,
2026-09-28 16:23:11,c2-close,1018000,31.92,66.53,1004.37,32.48,64.17,1003.98,0,0,OFF,1,1,1,
2026-09-28 16:23:12,c2-close,1019000,31.92,66.54,1004.37,32.48,64.15,1003.92,0,0,OFF,1,1,1,
2026-09-28 16:23:13,c2-close,1020000,31.93,66.24,1004.30,32.47,64.07,1003.92,0,0,OFF,1,1,1,
2026-09-28 16:23:14,c2-close,1021000,31.92,66.00,1004.34,32.47,64.13,1003.92,0,0,OFF,1,1,1,
2026-09-28 16:23:15,c2-close,1022000,31.92,66.09,1004.37,32.48,64.10,1003.95,0,0,OFF,1,1,1,
2026-09-28 16:23:16,c2-close,1023000,31.92,66.39,1004.35,32.46,64.06,1003.93,0,0,OFF,1,1,1,
2026-09-28 16:23:17,c2-close,1024000,31.92,66.07,1004.35,32.47,64.16,1003.96,0,0,OFF,1,1,1,
2026-09-28 16:23:18,c2-close,1025000,31.93,66.06,1004.30,32.47,64.06,1003.94,0,0,OFF,1,1,1,
2026-09-28 16:23:19,c2-close,1026000,31.92,66.23,1004.35,32.47,64.09,1003.88,0,0,OFF,1,1,1,
2026-09-28 16:23:20,c2-close,1027000,31.92,65.99,1004.31,32.47,64.08,1003.94,0,0,OFF,1,1,1,
2026-09-28 16:23:21,c2-close,1028000,31.92,65.88,1004.32,32.47,64.04,1003.96,0,0,OFF,1,1,1,
2026-09-28 16:23:22,c2-close,1029000,31.92,65.95,1004.37,32.47,64.00,1003.94,0,0,OFF,1,1,1,
2026-09-28 16:23:23,c2-close,1030000,31.92,65.95,1004.37,32.46,64.07,1003.93,0,0,OFF,1,1,1,
2026-09-28 16:23:24,c2-close,1031000,31.92,66.00,1004.32,32.46,64.17,1003.95,0,0,OFF,1,1,1,
2026-09-28 16:23:25,c2-close,1032000,31.92,66.23,1004.35,32.47,64.00,1003.96,0,0,OFF,1,1,1,
2026-09-28 16:23:26,c2-close,1033000,31.92,66.01,1004.35,32.47,64.06,1003.94,0,0,OFF,1,1,1,
2026-09-28 16:23:27,c2-close,1034000,31.92,66.03,1004.37,32.48,64.00,1003.92,0,0,OFF,1,1,1,
2026-09-28 16:23:28,c2-close,1035000,31.92,66.04,1004.35,32.47,64.03,1003.94,0,0,OFF,1,1,1,
2026-09-28 16:23:29,c2-close,1036000,31.93,65.87,1004.35,32.47,63.97,1003.97,0,0,OFF,1,1,1,
2026-09-28 16:23:30,c2-close,1037000,31.93,65.90,1004.33,32.47,64.10,1003.92,0,0,OFF,1,1,1,
2026-09-28 16:23:31,c2-close,1038000,31.93,66.01,1004.35,32.47,64.05,1003.94,0,0,OFF,1,1,1,
2026-09-28 16:23:32,c2-close,1039000,31.93,65.97,1004.36,32.47,64.07,1003.96,0,0,OFF,1,1,1,
2026-09-28 16:23:33,c2-close,1040000,31.93,66.00,1004.42,32.47,64.09,1003.99,0,0,OFF,1,1,1,
2026-09-28 16:23:34,c2-close,1041000,31.93,65.87,1004.33,32.46,64.13,1003.95,0,0,OFF,1,1,1,
2026-09-28 16:23:35,c2-close,1042000,31.93,66.03,1004.33,32.47,64.10,1003.97,0,0,OFF,1,1,1,
2026-09-28 16:23:36,c2-close,1043000,31.93,65.97,1004.38,32.46,64.05,1003.92,0,0,OFF,1,1,1,
2026-09-28 16:23:37,c2-close,1044000,31.94,65.96,1004.37,32.46,64.18,1003.93,0,0,OFF,1,1,1,
2026-09-28 16:23:38,c2-close,1045000,31.91,66.60,1004.30,32.46,64.15,1003.98,0,0,OFF,1,1,1,
2026-09-28 16:23:39,c2-close,1046000,31.92,66.47,1004.35,32.47,64.16,1003.94,0,0,OFF,1,1,1,
2026-09-28 16:23:40,c2-close,1047000,31.92,66.38,1004.37,32.47,63.92,1003.99,0,0,OFF,1,1,1,
2026-09-28 16:23:41,c2-close,1048000,31.92,66.27,1004.37,32.47,64.01,1003.96,0,0,OFF,1,1,1,
2026-09-28 16:23:42,c2-close,1049000,31.93,66.79,1004.39,32.47,64.05,1003.97,0,0,OFF,1,1,1,
2026-09-28 16:23:43,c2-close,1050000,31.93,66.58,1004.38,32.47,64.15,1003.94,0,0,OFF,1,1,1,
2026-09-28 16:23:44,c2-close,1051000,31.93,66.16,1004.39,32.47,64.31,1003.94,0,0,OFF,1,1,1,
2026-09-28 16:23:45,c2-close,1052000,31.95,66.17,1004.44,32.48,64.05,1003.95,0,0,OFF,1,1,1,
2026-09-28 16:23:46,c2-close,1053000,31.94,66.13,1004.37,32.48,64.13,1003.96,0,0,OFF,1,1,1,
2026-09-28 16:23:47,c2-close,1054000,31.93,66.43,1004.36,32.47,63.97,1003.94,0,0,OFF,1,1,1,
2026-09-28 16:23:48,c2-close,1055000,31.94,66.83,1004.40,32.47,63.95,1003.94,0,0,OFF,1,1,1,
2026-09-28 16:23:49,c2-close,1056000,31.93,66.22,1004.42,32.48,64.22,1003.95,0,0,OFF,1,1,1,
2026-09-28 16:23:50,c2-close,1057000,31.94,66.13,1004.32,32.48,64.08,1003.96,0,0,OFF,1,1,1,
2026-09-28 16:23:51,c2-close,1058000,31.94,66.11,1004.37,32.48,63.97,1003.98,0,0,OFF,1,1,1,
2026-09-28 16:23:52,c2-close,1059000,31.93,66.11,1004.36,32.48,63.91,1003.92,0,0,OFF,1,1,1,
2026-09-28 16:23:53,c2-close,1060000,31.94,65.96,1004.41,32.48,63.89,1004.01,0,0,OFF,1,1,1,
2026-09-28 16:23:54,c2-close,1061000,31.94,65.86,1004.37,32.48,63.92,1003.98,0,0,OFF,1,1,1,
2026-09-28 16:23:55,c2-close,1062000,31.93,66.13,1004.33,32.48,64.11,1003.92,0,0,OFF,1,1,1,
2026-09-28 16:23:56,c2-close,1063000,31.93,66.06,1004.31,32.48,63.96,1003.95,0,0,OFF,1,1,1,
2026-09-28 16:23:57,c2-close,1064000,31.93,65.86,1004.39,32.47,64.38,1003.96,0,0,OFF,1,1,1,
2026-09-28 16:23:58,c2-close,1065000,31.94,65.85,1004.31,32.48,63.97,1003.99,0,0,OFF,1,1,1,
2026-09-28 16:23:59,c2-close,1066000,31.93,66.13,1004.36,32.47,63.95,1003.92,0,0,OFF,1,1,1,
2026-09-28 16:24:00,c2-close,1067000,31.92,66.35,1004.35,32.47,63.95,1003.92,0,0,OFF,1,1,1,
2026-09-28 16:24:01,c2-close,1068000,31.93,66.22,1004.38,32.48,64.00,1003.92,0,0,OFF,1,1,1,
2026-09-28 16:24:02,c2-close,1069000,31.92,65.93,1004.40,32.47,64.00,1003.97,0,0,OFF,1,1,1,
2026-09-28 16:24:03,c2-close,1070000,31.92,65.93,1004.37,32.47,64.13,1003.94,0,0,OFF,1,1,1,
2026-09-28 16:24:04,c2-close,1071000,31.93,66.00,1004.39,32.47,63.98,1003.94,0,0,OFF,1,1,1,
2026-09-28 16:24:05,c2-close,1072000,31.93,65.96,1004.35,32.48,63.95,1003.98,0,0,OFF,1,1,1,
2026-09-28 16:24:06,c2-close,1073000,31.93,66.15,1004.33,32.48,64.00,1003.92,0,0,OFF,1,1,1,
2026-09-28 16:24:07,c2-close,1074000,31.93,66.18,1004.39,32.48,64.13,1003.92,0,0,OFF,1,1,1,
2026-09-28 16:24:08,c2-close,1075000,31.92,65.83,1004.37,32.47,64.10,1003.94,0,0,OFF,1,1,1,
2026-09-28 16:24:09,c2-close,1076000,31.92,66.27,1004.35,32.48,63.87,1003.92,0,0,OFF,1,1,1,
2026-09-28 16:24:10,c2-close,1077000,31.92,65.96,1004.37,32.47,64.00,1003.97,0,0,OFF,1,1,1,
2026-09-28 16:24:11,c2-close,1078000,31.92,66.22,1004.32,32.47,64.12,1003.94,0,0,OFF,1,1,1,
2026-09-28 16:24:12,c2-close,1079000,31.91,66.43,1004.36,32.46,63.96,1003.93,0,0,OFF,1,1,1,
2026-09-28 16:24:13,c2-close,1080000,31.92,66.87,1004.40,32.48,64.00,1003.92,0,0,OFF,1,1,1,
2026-09-28 16:24:14,c2-close,1081000,31.92,66.78,1004.42,32.48,64.21,1003.98,0,0,OFF,1,1,1,
2026-09-28 16:24:15,c2-close,1082000,31.92,66.47,1004.39,32.47,64.02,1003.97,0,0,OFF,1,1,1,
2026-09-28 16:24:16,c2-close,1083000,31.92,66.70,1004.37,32.47,64.20,1003.91,0,0,OFF,1,1,1,
2026-09-28 16:24:17,c2-close,1084000,31.91,66.29,1004.39,32.48,64.06,1003.98,0,0,OFF,1,1,1,
2026-09-28 16:24:18,c2-close,1085000,31.91,66.18,1004.36,32.47,64.08,1003.96,0,0,OFF,1,1,1,
2026-09-28 16:24:19,c2-close,1086000,31.91,66.10,1004.41,32.47,63.95,1003.97,0,0,OFF,1,1,1,
2026-09-28 16:24:20,c2-close,1087000,31.92,65.92,1004.42,32.47,63.95,1003.91,0,0,OFF,1,1,1,
2026-09-28 16:24:21,c2-close,1088000,31.91,65.85,1004.39,32.47,63.97,1003.94,0,0,OFF,1,1,1,
2026-09-28 16:24:22,c2-close,1089000,31.91,65.92,1004.36,32.47,64.15,1003.94,0,0,OFF,1,1,1,
2026-09-28 16:24:23,c2-close,1090000,31.91,65.99,1004.33,32.47,64.13,1003.97,0,0,OFF,1,1,1,
2026-09-28 16:24:24,c2-close,1091000,31.92,66.09,1004.37,32.46,64.17,1003.93,0,0,OFF,1,1,1,
2026-09-28 16:24:25,c2-close,1092000,31.92,66.03,1004.37,32.47,64.31,1003.97,0,0,OFF,1,1,1,
2026-09-28 16:24:26,c2-close,1093000,31.93,65.93,1004.41,32.47,64.11,1003.94,0,0,OFF,1,1,1,
2026-09-28 16:24:27,c2-close,1094000,31.92,66.02,1004.37,32.47,64.32,1003.96,0,0,OFF,1,1,1,
2026-09-28 16:24:28,c2-close,1095000,31.93,65.73,1004.33,32.47,64.13,1003.94,0,0,OFF,1,1,1,
2026-09-28 16:24:29,c2-close,1096000,31.92,65.88,1004.32,32.47,64.31,1003.91,0,0,OFF,1,1,1,
2026-09-28 16:24:30,c2-close,1097000,31.92,65.72,1004.35,32.47,63.94,1003.89,0,0,OFF,1,1,1,
2026-09-28 16:24:31,c2-close,1098000,31.93,65.71,1004.33,32.47,64.01,1003.96,0,0,OFF,1,1,1,
2026-09-28 16:24:32,c2-close,1099000,31.93,66.45,1004.38,32.48,63.96,1003.93,0,0,OFF,1,1,1,
2026-09-28 16:24:33,c2-close,1100000,31.93,65.94,1004.39,32.48,64.03,1003.92,0,0,OFF,1,1,1,
2026-09-28 16:24:34,c2-close,1101000,31.93,65.85,1004.35,32.48,64.15,1003.92,0,0,OFF,1,1,1,
2026-09-28 16:24:35,c2-close,1102000,31.93,65.68,1004.33,32.47,64.05,1003.86,0,0,OFF,1,1,1,
2026-09-28 16:24:36,c2-close,1103000,31.93,65.88,1004.33,32.48,63.97,1003.95,0,0,OFF,1,1,1,
2026-09-28 16:24:37,c2-close,1104000,31.93,66.01,1004.39,32.47,63.94,1003.96,0,0,OFF,1,1,1,
2026-09-28 16:24:38,c2-close,1105000,31.93,66.09,1004.38,32.47,64.08,1003.94,0,0,OFF,1,1,1,
2026-09-28 16:24:39,c2-close,1106000,31.93,66.06,1004.42,32.47,63.91,1003.94,0,0,OFF,1,1,1,
2026-09-28 16:24:40,c2-close,1107000,31.93,65.87,1004.35,32.49,63.92,1003.94,0,0,OFF,1,1,1,
2026-09-28 16:24:41,c2-close,1108000,31.92,65.99,1004.37,32.47,63.94,1003.94,0,0,OFF,1,1,1,
2026-09-28 16:24:42,c2-close,1109000,31.93,65.75,1004.33,32.47,63.92,1003.97,0,0,OFF,1,1,1,
2026-09-28 16:24:43,c2-close,1110000,31.93,66.12,1004.39,32.48,64.00,1003.92,0,0,OFF,1,1,1,
2026-09-28 16:24:44,c2-close,1111000,31.92,66.69,1004.34,32.47,63.88,1003.96,0,0,OFF,1,1,1,
2026-09-28 16:24:45,c2-close,1112000,31.92,66.19,1004.43,32.47,63.86,1003.96,0,0,OFF,1,1,1,
2026-09-28 16:24:46,c2-close,1113000,31.93,65.98,1004.38,32.47,64.16,1003.92,0,0,OFF,1,1,1,
2026-09-28 16:24:47,c2-close,1114000,31.92,66.07,1004.37,32.47,64.03,1003.92,0,0,OFF,1,1,1,
2026-09-28 16:24:48,c2-close,1115000,31.93,65.92,1004.38,32.46,64.16,1003.90,0,0,OFF,1,1,1,
2026-09-28 16:24:49,c2-close,1116000,31.92,66.15,1004.37,32.48,64.07,1003.90,0,0,OFF,1,1,1,
2026-09-28 16:24:50,c2-close,1117000,31.92,66.09,1004.35,32.47,64.05,1004.03,0,0,OFF,1,1,1,
2026-09-28 16:24:51,c2-close,1118000,31.92,66.04,1004.35,32.47,63.95,1003.97,0,0,OFF,1,1,1,
2026-09-28 16:24:52,c2-close,1119000,31.93,65.94,1004.41,32.47,63.85,1003.97,0,0,OFF,1,1,1,
2026-09-28 16:24:53,c2-close,1120000,31.93,65.93,1004.38,32.47,63.87,1004.03,0,0,OFF,1,1,1,
2026-09-28 16:24:54,c2-close,1121000,31.92,65.69,1004.37,32.47,63.72,1003.99,0,0,OFF,1,1,1,
2026-09-28 16:24:55,c2-close,1122000,31.92,65.87,1004.43,32.47,63.81,1003.96,0,0,OFF,1,1,1,
2026-09-28 16:24:56,c2-close,1123000,31.92,66.15,1004.37,32.47,64.00,1004.00,0,0,OFF,1,1,1,
2026-09-28 16:24:57,c2-close,1124000,31.91,65.79,1004.41,32.46,64.06,1003.96,0,0,OFF,1,1,1,
2026-09-28 16:24:58,c2-close,1125000,31.91,66.10,1004.36,32.46,63.82,1003.98,0,0,OFF,1,1,1,
2026-09-28 16:24:59,c2-close,1126000,31.92,66.03,1004.42,32.47,63.91,1003.96,0,0,OFF,1,1,1,
2026-09-28 16:25:00,c2-close,1127000,31.92,65.91,1004.31,32.47,63.86,1003.96,0,0,OFF,1,1,1,
2026-09-28 16:25:01,c2-close,1128000,31.92,65.69,1004.35,32.46,63.98,1004.01,0,0,OFF,1,1,1,
2026-09-28 16:25:02,c2-close,1129000,31.91,66.11,1004.33,32.46,63.88,1004.01,0,0,OFF,1,1,1,
2026-09-28 16:25:03,c2-close,1130000,31.92,65.88,1004.37,32.46,64.14,1003.98,0,0,OFF,1,1,1,
2026-09-28 16:25:04,c2-close,1131000,31.91,65.84,1004.36,32.47,63.94,1004.00,0,0,OFF,1,1,1,
2026-09-28 16:25:05,c2-close,1132000,31.92,65.74,1004.39,32.47,63.79,1003.99,0,0,OFF,1,1,1,
2026-09-28 16:25:06,c2-close,1133000,31.92,65.70,1004.39,32.46,63.88,1003.96,0,0,OFF,1,1,1,
2026-09-28 16:25:07,c2-close,1134000,31.92,65.71,1004.32,32.47,63.96,1003.94,0,0,OFF,1,1,1,
2026-09-28 16:25:08,c2-close,1135000,31.93,65.71,1004.33,32.47,63.91,1003.94,0,0,OFF,1,1,1,
2026-09-28 16:25:09,c2-close,1136000,31.93,65.64,1004.35,32.47,63.96,1003.99,0,0,OFF,1,1,1,
2026-09-28 16:25:10,c2-close,1137000,31.93,65.85,1004.36,32.47,63.95,1003.94,0,0,OFF,1,1,1,
2026-09-28 16:25:11,c2-close,1138000,31.92,66.60,1004.37,32.46,63.89,1003.96,0,0,OFF,1,1,1,
2026-09-28 16:25:12,c2-close,1139000,31.92,66.55,1004.31,32.47,63.81,1004.05,0,0,OFF,1,1,1,
2026-09-28 16:25:13,c2-close,1140000,31.92,66.17,1004.37,32.47,63.87,1003.94,0,0,OFF,1,1,1,
2026-09-28 16:25:14,c2-close,1141000,31.92,65.94,1004.34,32.47,63.87,1004.05,0,0,OFF,1,1,1,
2026-09-28 16:25:15,c2-close,1142000,31.92,65.73,1004.37,32.47,63.96,1003.99,0,0,OFF,1,1,1,
2026-09-28 16:25:16,c2-close,1143000,31.92,66.35,1004.37,32.47,63.80,1004.02,0,0,OFF,1,1,1,
2026-09-28 16:25:17,c2-close,1144000,31.92,65.93,1004.39,32.46,63.84,1003.87,0,0,OFF,1,1,1,
2026-09-28 16:25:18,c2-close,1145000,31.92,65.86,1004.37,32.46,63.88,1004.01,0,0,OFF,1,1,1,
2026-09-28 16:25:19,c2-close,1146000,31.92,65.74,1004.37,32.46,63.92,1003.98,0,0,OFF,1,1,1,
2026-09-28 16:25:20,c2-close,1147000,31.92,66.07,1004.37,32.46,63.90,1003.96,0,0,OFF,1,1,1,
2026-09-28 16:25:21,c2-close,1148000,31.91,65.85,1004.36,32.46,63.92,1003.96,0,0,OFF,1,1,1,
2026-09-28 16:25:22,c2-close,1149000,31.91,65.93,1004.41,32.46,64.06,1003.96,0,0,OFF,1,1,1,
2026-09-28 16:25:23,c2-close,1150000,31.92,65.73,1004.42,32.46,63.86,1003.96,0,0,OFF,1,1,1,
2026-09-28 16:25:24,c2-close,1151000,31.92,65.88,1004.43,32.46,63.79,1003.98,0,0,OFF,1,1,1,
2026-09-28 16:25:25,c2-close,1152000,31.92,65.74,1004.39,32.46,63.91,1003.95,0,0,OFF,1,1,1,
2026-09-28 16:25:26,c2-close,1153000,31.91,65.96,1004.36,32.46,63.80,1003.95,0,0,OFF,1,1,1,
2026-09-28 16:25:27,c2-close,1154000,31.92,65.71,1004.40,32.47,63.75,1003.99,0,0,OFF,1,1,1,
2026-09-28 16:25:28,c2-close,1155000,31.92,65.94,1004.37,32.47,63.85,1004.00,0,0,OFF,1,1,1,
2026-09-28 16:25:29,c2-close,1156000,31.92,65.65,1004.42,32.47,63.88,1003.99,0,0,OFF,1,1,1,
2026-09-28 16:25:30,c2-close,1157000,31.91,66.08,1004.30,32.46,63.88,1004.01,0,0,OFF,1,1,1,
2026-09-28 16:25:31,c2-close,1158000,31.92,65.74,1004.37,32.46,63.99,1003.96,0,0,OFF,1,1,1,
2026-09-28 16:25:32,c2-close,1159000,31.92,66.25,1004.37,32.47,63.83,1004.02,0,0,OFF,1,1,1,
2026-09-28 16:25:33,c2-close,1160000,31.92,66.51,1004.39,32.47,64.36,1004.00,0,0,OFF,1,1,1,
2026-09-28 16:25:34,c2-close,1161000,31.92,66.02,1004.37,32.47,63.88,1003.96,0,0,OFF,1,1,1,
2026-09-28 16:25:35,c2-close,1162000,31.92,65.81,1004.40,32.48,63.86,1004.03,0,0,OFF,1,1,1,
2026-09-28 16:25:36,c2-close,1163000,31.92,65.69,1004.35,32.47,63.83,1004.02,0,0,OFF,1,1,1,
2026-09-28 16:25:37,c2-close,1164000,31.93,65.69,1004.33,32.47,63.79,1003.88,0,0,OFF,1,1,1,
2026-09-28 16:25:38,c2-close,1165000,31.92,66.43,1004.35,32.47,63.78,1003.99,0,0,OFF,1,1,1,
2026-09-28 16:25:39,c2-close,1166000,31.93,66.12,1004.41,32.47,63.82,1003.96,0,0,OFF,1,1,1,
2026-09-28 16:25:40,c2-close,1167000,31.92,65.92,1004.37,32.47,63.85,1003.97,0,0,OFF,1,1,1,
2026-09-28 16:25:41,c2-close,1168000,31.93,66.09,1004.38,32.47,63.96,1004.00,0,0,OFF,1,1,1,
2026-09-28 16:25:42,c2-close,1169000,31.92,65.80,1004.37,32.47,63.97,1003.94,0,0,OFF,1,1,1,
2026-09-28 16:25:43,c2-close,1170000,31.92,65.68,1004.37,32.48,63.81,1003.98,0,0,OFF,1,1,1,
2026-09-28 16:25:44,c2-close,1171000,31.92,65.65,1004.42,32.48,63.72,1003.93,0,0,OFF,1,1,1,
2026-09-28 16:25:45,c2-close,1172000,31.92,65.52,1004.39,32.48,63.90,1003.92,0,0,OFF,1,1,1,
2026-09-28 16:25:46,c2-close,1173000,31.92,65.75,1004.35,32.48,63.73,1003.96,0,0,OFF,1,1,1,
2026-09-28 16:25:47,c2-close,1174000,31.93,65.61,1004.41,32.48,63.94,1003.92,0,0,OFF,1,1,1,
2026-09-28 16:25:48,c2-close,1175000,31.93,65.55,1004.30,32.47,63.82,1003.97,0,0,OFF,1,1,1,
2026-09-28 16:25:49,c2-close,1176000,31.93,65.79,1004.38,32.48,63.96,1003.92,0,0,OFF,1,1,1,
2026-09-28 16:25:50,c2-close,1177000,31.92,65.65,1004.40,32.47,63.85,1003.92,0,0,OFF,1,1,1,
2026-09-28 16:25:51,c2-close,1178000,31.93,65.81,1004.39,32.48,63.85,1003.98,0,0,OFF,1,1,1,
2026-09-28 16:25:52,c2-close,1179000,31.92,65.57,1004.37,32.48,63.89,1004.01,0,0,OFF,1,1,1,
2026-09-28 16:25:53,c2-close,1180000,31.93,65.90,1004.35,32.49,63.80,1003.97,0,0,OFF,1,1,1,
2026-09-28 16:25:54,c2-close,1181000,31.93,65.81,1004.36,32.47,63.81,1003.97,0,0,OFF,1,1,1,
2026-09-28 16:25:55,c2-close,1182000,31.94,65.52,1004.40,32.48,63.91,1003.95,0,0,OFF,1,1,1,
2026-09-28 16:25:56,c2-close,1183000,31.93,66.14,1004.36,32.48,64.05,1003.98,0,0,OFF,1,1,1,
2026-09-28 16:25:57,c2-close,1184000,31.93,66.05,1004.39,32.48,63.84,1003.99,0,0,OFF,1,1,1,
2026-09-28 16:25:58,c2-close,1185000,31.93,65.81,1004.39,32.47,63.85,1003.97,0,0,OFF,1,1,1,
2026-09-28 16:25:59,c2-close,1186000,31.92,65.71,1004.31,32.48,63.90,1003.95,0,0,OFF,1,1,1,
2026-09-28 16:26:00,c2-close,1187000,31.93,65.64,1004.42,32.49,63.88,1004.00,0,0,OFF,1,1,1,
2026-09-28 16:26:01,c2-close,1188000,31.93,65.63,1004.35,32.48,63.81,1003.95,0,0,OFF,1,1,1,
2026-09-28 16:26:02,c2-close,1189000,31.93,65.75,1004.35,32.48,63.87,1004.01,0,0,OFF,1,1,1,
2026-09-28 16:26:03,c2-close,1190000,31.93,65.61,1004.33,32.47,64.03,1003.96,0,0,OFF,1,1,1,
2026-09-28 16:26:04,c2-close,1191000,31.93,65.91,1004.36,32.47,63.80,1003.96,0,0,OFF,1,1,1,
2026-09-28 16:26:05,c2-close,1192000,31.93,65.90,1004.41,32.47,63.90,1003.92,0,0,OFF,1,1,1,
2026-09-28 16:26:06,c2-close,1193000,31.93,65.68,1004.39,32.47,63.94,1003.96,0,0,OFF,1,1,1,
2026-09-28 16:26:07,c2-close,1194000,31.93,66.02,1004.38,32.47,63.85,1003.97,0,0,OFF,1,1,1,
2026-09-28 16:26:08,c2-close,1195000,31.92,65.84,1004.40,32.47,63.79,1003.96,0,0,OFF,1,1,1,
2026-09-28 16:26:09,c2-close,1196000,31.94,65.82,1004.37,32.47,63.81,1003.96,0,0,OFF,1,1,1,
2026-09-28 16:26:10,c2-close,1197000,31.92,66.13,1004.37,32.46,63.87,1003.93,0,0,OFF,1,1,1,
2026-09-28 16:26:11,c2-close,1198000,31.93,65.69,1004.42,32.47,63.91,1004.02,0,0,OFF,1,1,1,
2026-09-28 16:26:12,c2-close,1199000,31.92,65.76,1004.40,32.47,63.95,1003.94,0,0,OFF,1,1,1,
2026-09-28 16:26:13,c2-close,1200000,31.93,65.63,1004.44,32.47,63.98,1003.97,0,0,OFF,1,1,1,
2026-09-28 16:26:14,c2-close,1201000,31.92,65.68,1004.37,32.47,63.94,1003.94,0,0,OFF,1,1,1,
2026-09-28 16:26:15,c2-close,1202000,31.92,66.20,1004.42,32.46,64.28,1003.93,0,0,OFF,1,1,1,
2026-09-28 16:26:16,c2-close,1203000,31.92,65.88,1004.37,32.47,63.98,1003.94,0,0,OFF,1,1,1,
2026-09-28 16:26:17,c2-close,1204000,31.92,66.19,1004.40,32.46,63.95,1003.98,0,0,OFF,1,1,1,
2026-09-28 16:26:18,c2-close,1205000,31.92,65.72,1004.40,32.46,63.96,1003.98,0,0,OFF,1,1,1,
2026-09-28 16:26:19,c2-close,1206000,31.92,65.75,1004.34,32.47,63.79,1003.96,0,0,OFF,1,1,1,
2026-09-28 16:26:20,c2-close,1207000,31.92,65.63,1004.26,32.47,63.90,1003.94,0,0,OFF,1,1,1,
2026-09-28 16:26:21,c2-close,1208000,31.92,65.49,1004.37,32.46,63.88,1003.93,0,0,OFF,1,1,1,
2026-09-28 16:26:22,c2-close,1209000,31.92,65.65,1004.34,32.47,63.89,1003.94,0,0,OFF,1,1,1,
2026-09-28 16:26:23,c2-close,1210000,31.93,65.65,1004.35,32.47,63.98,1004.00,0,0,OFF,1,1,1,
2026-09-28 16:26:24,c2-close,1211000,31.93,66.27,1004.38,32.47,63.97,1004.02,0,0,OFF,1,1,1,
2026-09-28 16:26:25,c2-close,1212000,31.92,65.98,1004.40,32.45,63.99,1003.94,0,0,OFF,1,1,1,
2026-09-28 16:26:26,c2-close,1213000,31.92,66.04,1004.35,32.47,63.90,1004.02,0,0,OFF,1,1,1,
2026-09-28 16:26:27,c2-close,1214000,31.92,65.80,1004.40,32.47,63.97,1003.94,0,0,OFF,1,1,1,
2026-09-28 16:26:28,c2-close,1215000,31.92,65.67,1004.39,32.47,63.78,1004.00,0,0,OFF,1,1,1,
2026-09-28 16:26:29,c2-close,1216000,31.92,65.80,1004.37,32.46,64.22,1003.98,0,0,OFF,1,1,1,
2026-09-28 16:26:30,c2-close,1217000,31.92,65.96,1004.37,32.47,63.87,1003.94,0,0,OFF,1,1,1,
2026-09-28 16:26:31,c2-close,1218000,31.93,65.74,1004.39,32.46,63.90,1003.96,0,0,OFF,1,1,1,
2026-09-28 16:26:32,c2-close,1219000,31.92,66.03,1004.40,32.47,63.92,1003.91,0,0,OFF,1,1,1,
2026-09-28 16:26:33,c2-close,1220000,31.93,65.96,1004.44,32.47,64.08,1003.96,0,0,OFF,1,1,1,
2026-09-28 16:26:34,c2-close,1221000,31.93,65.68,1004.39,32.47,63.84,1003.96,0,0,OFF,1,1,1,
2026-09-28 16:26:35,c2-close,1222000,31.93,65.76,1004.36,32.47,64.11,1003.96,0,0,OFF,1,1,1,
2026-09-28 16:26:36,c2-close,1223000,31.92,65.77,1004.37,32.47,63.94,1003.96,0,0,OFF,1,1,1,
2026-09-28 16:26:37,c2-close,1224000,31.92,65.68,1004.37,32.47,63.83,1003.96,0,0,OFF,1,1,1,
2026-09-28 16:26:38,c2-close,1225000,31.92,65.55,1004.37,32.47,63.92,1003.96,0,0,OFF,1,1,1,
2026-09-28 16:26:39,c2-close,1226000,31.92,65.67,1004.37,32.46,63.91,1004.00,0,0,OFF,1,1,1,
2026-09-28 16:26:40,c2-close,1227000,31.93,65.64,1004.41,32.46,63.72,1003.95,0,0,OFF,1,1,1,
2026-09-28 16:26:41,c2-close,1228000,31.94,65.72,1004.38,32.47,63.89,1003.96,0,0,OFF,1,1,1,
2026-09-28 16:26:42,c2-close,1229000,31.93,65.87,1004.41,32.45,63.83,1003.97,0,0,OFF,1,1,1,
2026-09-28 16:26:43,c2-close,1230000,31.93,65.62,1004.36,32.46,63.93,1004.00,0,0,OFF,1,1,1,
2026-09-28 16:26:44,c2-close,1231000,31.93,65.92,1004.45,32.46,63.76,1003.95,0,0,OFF,1,1,1,
2026-09-28 16:26:45,c2-close,1232000,31.92,65.55,1004.32,32.46,63.87,1003.98,0,0,OFF,1,1,1,
2026-09-28 16:26:46,c2-close,1233000,31.93,65.58,1004.42,32.46,64.23,1004.01,0,0,OFF,1,1,1,
2026-09-28 16:26:47,c2-close,1234000,31.93,65.96,1004.41,32.47,63.77,1003.96,0,0,OFF,1,1,1,
2026-09-28 16:26:48,c2-close,1235000,31.92,65.66,1004.37,32.46,64.11,1003.96,0,0,OFF,1,1,1,
2026-09-28 16:26:49,c2-close,1236000,31.93,65.64,1004.44,32.47,63.78,1003.99,0,0,OFF,1,1,1,
2026-09-28 16:26:50,c2-close,1237000,31.93,65.60,1004.45,32.47,63.91,1003.99,0,0,OFF,1,1,1,
2026-09-28 16:26:51,c2-close,1238000,31.93,65.43,1004.36,32.45,63.85,1003.94,0,0,OFF,1,1,1,
2026-09-28 16:26:52,c2-close,1239000,31.93,65.54,1004.35,32.47,63.95,1003.99,0,0,OFF,1,1,1,
2026-09-28 16:26:53,c2-close,1240000,31.93,65.66,1004.33,32.47,63.92,1003.99,0,0,OFF,1,1,1,
2026-09-28 16:26:54,c2-close,1241000,31.93,65.58,1004.35,32.46,63.82,1003.96,0,0,OFF,1,1,1,
2026-09-28 16:26:55,c2-close,1242000,31.93,65.72,1004.36,32.46,63.81,1003.98,0,0,OFF,1,1,1,
2026-09-28 16:26:56,c2-close,1243000,31.93,65.58,1004.35,32.46,64.27,1003.95,0,0,OFF,1,1,1,
2026-09-28 16:26:57,c2-close,1244000,31.92,65.86,1004.32,32.47,63.81,1004.02,0,0,OFF,1,1,1,
2026-09-28 16:26:58,c2-close,1245000,31.93,65.86,1004.33,32.45,63.92,1003.97,0,0,OFF,1,1,1,
2026-09-28 16:26:59,c2-close,1246000,31.93,66.12,1004.38,32.46,63.79,1004.00,0,0,OFF,1,1,1,
2026-09-28 16:27:00,c2-close,1247000,31.92,66.02,1004.40,32.46,63.85,1003.95,0,0,OFF,1,1,1,
2026-09-28 16:27:01,c2-close,1248000,31.92,65.93,1004.37,32.47,63.91,1003.96,0,0,OFF,1,1,1,
2026-09-28 16:27:02,c2-close,1249000,31.92,65.91,1004.37,32.47,63.75,1003.99,0,0,OFF,1,1,1,
2026-09-28 16:27:03,c2-close,1250000,31.92,65.92,1004.40,32.46,63.71,1004.00,0,0,OFF,1,1,1,
2026-09-28 16:27:04,c2-close,1251000,31.93,65.75,1004.35,32.47,63.72,1003.96,0,0,OFF,1,1,1,
2026-09-28 16:27:05,c2-close,1252000,31.92,65.51,1004.37,32.47,63.94,1003.94,0,0,OFF,1,1,1,
2026-09-28 16:27:06,c2-close,1253000,31.93,65.46,1004.38,32.47,63.74,1003.92,0,0,OFF,1,1,1,
2026-09-28 16:27:07,c2-close,1254000,31.92,65.68,1004.37,32.47,63.69,1004.05,0,0,OFF,1,1,1,
2026-09-28 16:27:08,c2-close,1255000,31.92,65.69,1004.34,32.47,63.89,1003.94,0,0,OFF,1,1,1,
2026-09-28 16:27:09,c2-close,1256000,31.92,65.33,1004.49,32.46,63.88,1004.01,0,0,OFF,1,1,1,
2026-09-28 16:27:10,c2-close,1257000,31.93,65.57,1004.33,32.47,63.78,1003.94,0,0,OFF,1,1,1,
2026-09-28 16:27:11,c2-close,1258000,31.92,65.69,1004.31,32.46,63.91,1003.95,0,0,OFF,1,1,1,
2026-09-28 16:27:12,c2-close,1259000,31.92,65.48,1004.37,32.46,63.80,1003.90,0,0,OFF,1,1,1,
2026-09-28 16:27:13,c2-close,1260000,31.93,65.36,1004.33,32.46,64.18,1003.98,0,0,OFF,1,1,1,
2026-09-28 16:27:14,c2-close,1261000,31.92,65.41,1004.40,32.47,63.72,1003.96,0,0,OFF,1,1,1,
2026-09-28 16:27:15,c2-close,1262000,31.93,65.75,1004.39,32.47,63.91,1003.94,0,0,OFF,1,1,1,
2026-09-28 16:27:16,c2-close,1263000,31.92,65.63,1004.35,32.47,63.82,1003.99,0,0,OFF,1,1,1,
2026-09-28 16:27:17,c2-close,1264000,31.93,65.84,1004.38,32.48,63.94,1004.01,0,0,OFF,1,1,1,
2026-09-28 16:27:18,c2-close,1265000,31.92,65.85,1004.35,32.46,63.90,1003.90,0,0,OFF,1,1,1,
2026-09-28 16:27:19,c2-close,1266000,31.92,65.58,1004.32,32.47,64.05,1003.94,0,0,OFF,1,1,1,
2026-09-28 16:27:20,c2-close,1267000,31.93,65.49,1004.36,32.47,63.81,1003.96,0,0,OFF,1,1,1,
2026-09-28 16:27:21,c2-close,1268000,31.93,65.37,1004.36,32.47,64.15,1003.96,0,0,OFF,1,1,1,
2026-09-28 16:27:22,c2-close,1269000,31.92,65.47,1004.35,32.46,63.76,1003.92,0,0,OFF,1,1,1,
2026-09-28 16:27:23,c2-close,1270000,31.93,65.40,1004.39,32.48,63.72,1004.01,0,0,OFF,1,1,1,
2026-09-28 16:27:24,c2-close,1271000,31.93,65.48,1004.41,32.47,63.80,1003.94,0,0,OFF,1,1,1,
2026-09-28 16:27:25,c2-close,1272000,31.93,66.00,1004.36,32.48,63.86,1003.98,0,0,OFF,1,1,1,
2026-09-28 16:27:26,c2-close,1273000,31.93,65.96,1004.41,32.47,63.87,1003.96,0,0,OFF,1,1,1,
2026-09-28 16:27:27,c2-close,1274000,31.92,65.73,1004.37,32.47,63.86,1003.96,0,0,OFF,1,1,1,
2026-09-28 16:27:28,c2-close,1275000,31.92,65.50,1004.35,32.47,63.91,1003.96,0,0,OFF,1,1,1,
2026-09-28 16:27:29,c2-close,1276000,31.94,65.67,1004.37,32.47,63.90,1003.96,0,0,OFF,1,1,1,
2026-09-28 16:27:30,c2-close,1277000,31.93,65.50,1004.39,32.47,64.13,1004.02,0,0,OFF,1,1,1,
2026-09-28 16:27:31,c2-close,1278000,31.93,65.44,1004.33,32.47,63.74,1003.96,0,0,OFF,1,1,1,
2026-09-28 16:27:32,c2-close,1279000,31.93,65.77,1004.45,32.47,63.84,1003.96,0,0,OFF,1,1,1,
2026-09-28 16:27:33,c2-close,1280000,31.93,65.63,1004.33,32.47,63.72,1003.91,0,0,OFF,1,1,1,
2026-09-28 16:27:34,c2-close,1281000,31.93,65.48,1004.33,32.47,63.69,1003.94,0,0,OFF,1,1,1,
2026-09-28 16:27:35,c2-close,1282000,31.93,65.70,1004.38,32.47,63.71,1003.97,0,0,OFF,1,1,1,
2026-09-28 16:27:36,c2-close,1283000,31.92,65.71,1004.37,32.47,63.82,1003.96,0,0,OFF,1,1,1,
2026-09-28 16:27:37,c2-close,1284000,31.93,65.81,1004.39,32.46,63.95,1003.95,0,0,OFF,1,1,1,
2026-09-28 16:27:38,c2-close,1285000,31.93,65.39,1004.33,32.47,63.75,1003.91,0,0,OFF,1,1,1,
2026-09-28 16:27:39,c2-close,1286000,31.93,65.62,1004.39,32.47,64.15,1003.96,0,0,OFF,1,1,1,
2026-09-28 16:27:40,c2-close,1287000,31.93,65.77,1004.45,32.47,63.89,1004.00,0,0,OFF,1,1,1,
2026-09-28 16:27:41,c2-close,1288000,31.92,65.38,1004.32,32.48,63.72,1003.92,0,0,OFF,1,1,1,
2026-09-28 16:27:42,c2-close,1289000,31.93,65.85,1004.39,32.47,63.87,1003.97,0,0,OFF,1,1,1,
2026-09-28 16:27:43,c2-close,1290000,31.94,65.44,1004.35,32.47,63.64,1003.96,0,0,OFF,1,1,1,
2026-09-28 16:27:44,c2-close,1291000,31.93,65.50,1004.33,32.47,63.81,1003.97,0,0,OFF,1,1,1,
2026-09-28 16:27:45,c2-close,1292000,31.93,65.52,1004.33,32.48,63.81,1004.01,0,0,OFF,1,1,1,
2026-09-28 16:27:46,c2-close,1293000,31.94,65.65,1004.38,32.48,63.78,1004.03,0,0,OFF,1,1,1,
2026-09-28 16:27:47,c2-close,1294000,31.94,65.46,1004.37,32.46,63.82,1003.96,0,0,OFF,1,1,1,
2026-09-28 16:27:48,c2-close,1295000,31.92,65.76,1004.37,32.47,63.80,1003.96,0,0,OFF,1,1,1,
2026-09-28 16:27:49,c2-close,1296000,31.93,65.69,1004.36,32.47,63.82,1003.92,0,0,OFF,1,1,1,
2026-09-28 16:27:50,c2-close,1297000,31.93,65.47,1004.39,32.47,63.70,1003.97,0,0,OFF,1,1,1,
2026-09-28 16:27:51,c2-close,1298000,31.93,65.93,1004.30,32.48,63.69,1003.98,0,0,OFF,1,1,1,
2026-09-28 16:27:52,c2-close,1299000,31.94,65.54,1004.40,32.48,63.87,1003.95,0,0,OFF,1,1,1,
2026-09-28 16:27:53,c2-close,1300000,31.93,65.64,1004.38,32.48,63.71,1004.01,0,0,OFF,1,1,1,
2026-09-28 16:27:54,c2-close,1301000,31.93,65.74,1004.36,32.47,63.75,1003.94,0,0,OFF,1,1,1,
2026-09-28 16:27:55,c2-close,1302000,31.93,65.70,1004.36,32.48,64.08,1003.99,0,0,OFF,1,1,1,
2026-09-28 16:27:56,c2-close,1303000,31.93,65.65,1004.39,32.48,64.02,1003.98,0,0,OFF,1,1,1,
2026-09-28 16:27:57,c2-close,1304000,31.94,65.59,1004.41,32.48,63.90,1003.98,0,0,OFF,1,1,1,
2026-09-28 16:27:58,c2-close,1305000,31.94,65.51,1004.38,32.47,63.87,1004.03,0,0,OFF,1,1,1,
2026-09-28 16:27:59,c2-close,1306000,31.93,65.54,1004.42,32.47,63.77,1003.88,0,0,OFF,1,1,1,
2026-09-28 16:28:00,c2-close,1307000,31.94,65.39,1004.38,32.47,63.73,1003.94,0,0,OFF,1,1,1,
2026-09-28 16:28:01,c2-close,1308000,31.93,65.63,1004.33,32.47,63.78,1003.92,0,0,OFF,1,1,1,
2026-09-28 16:28:02,c2-close,1309000,31.94,65.86,1004.37,32.48,63.74,1003.98,0,0,OFF,1,1,1,
2026-09-28 16:28:03,c2-close,1310000,31.93,65.62,1004.35,32.48,63.72,1003.95,0,0,OFF,1,1,1,
2026-09-28 16:28:04,c2-close,1311000,31.94,65.50,1004.37,32.47,64.21,1003.94,0,0,OFF,1,1,1,
2026-09-28 16:28:05,c2-close,1312000,31.94,65.65,1004.41,32.48,63.67,1004.02,0,0,OFF,1,1,1,
2026-09-28 16:28:06,c2-close,1313000,31.93,65.44,1004.33,32.47,63.69,1003.94,0,0,OFF,1,1,1,
2026-09-28 16:28:07,c2-close,1314000,31.93,65.94,1004.39,32.47,63.82,1004.00,0,0,OFF,1,1,1,
2026-09-28 16:28:08,c2-close,1315000,31.93,66.00,1004.38,32.47,63.73,1003.94,0,0,OFF,1,1,1,
2026-09-28 16:28:09,c2-close,1316000,31.93,66.07,1004.33,32.47,63.77,1004.00,0,0,OFF,1,1,1,
2026-09-28 16:28:10,c2-close,1317000,31.94,65.74,1004.41,32.47,63.68,1003.94,0,0,OFF,1,1,1,
2026-09-28 16:28:11,c2-close,1318000,31.93,65.95,1004.36,32.48,63.69,1003.98,0,0,OFF,1,1,1,
2026-09-28 16:28:12,c2-close,1319000,31.93,65.97,1004.38,32.47,63.87,1004.03,0,0,OFF,1,1,1,
2026-09-28 16:28:13,c2-close,1320000,31.92,66.02,1004.35,32.48,63.80,1004.03,0,0,OFF,1,1,1,
2026-09-28 16:28:14,c2-close,1321000,31.93,65.66,1004.35,32.47,63.73,1003.97,0,0,OFF,1,1,1,
2026-09-28 16:28:15,c2-close,1322000,31.93,65.74,1004.35,32.48,63.80,1003.96,0,0,OFF,1,1,1,
2026-09-28 16:28:16,c2-close,1323000,31.92,65.76,1004.40,32.48,63.87,1003.92,0,0,OFF,1,1,1,
2026-09-28 16:28:17,c2-close,1324000,31.93,65.55,1004.42,32.47,63.79,1004.03,0,0,OFF,1,1,1,
2026-09-28 16:28:18,c2-close,1325000,31.92,65.57,1004.32,32.47,63.73,1003.94,0,0,OFF,1,1,1,
2026-09-28 16:28:19,c2-close,1326000,31.92,65.53,1004.32,32.47,63.78,1003.94,0,0,OFF,1,1,1,
2026-09-28 16:28:20,c2-close,1327000,31.93,65.61,1004.39,32.47,63.83,1003.94,0,0,OFF,1,1,1,
2026-09-28 16:28:21,c2-close,1328000,31.93,65.90,1004.39,32.47,63.85,1003.97,0,0,OFF,1,1,1,
2026-09-28 16:28:22,c2-close,1329000,31.93,65.98,1004.35,32.48,64.22,1004.01,0,0,OFF,1,1,1,
2026-09-28 16:28:23,c2-close,1330000,31.92,66.13,1004.32,32.48,63.87,1004.06,0,0,OFF,1,1,1,
2026-09-28 16:28:24,c2-close,1331000,31.93,65.55,1004.35,32.46,63.86,1003.96,0,0,OFF,1,1,1,
2026-09-28 16:28:25,c2-close,1332000,31.92,65.60,1004.31,32.48,64.05,1003.95,0,0,OFF,1,1,1,
2026-09-28 16:28:26,c2-close,1333000,31.92,66.09,1004.37,32.49,63.89,1004.02,0,0,OFF,1,1,1,
2026-09-28 16:28:27,c2-close,1334000,31.92,66.09,1004.40,32.47,63.94,1004.00,0,0,OFF,1,1,1,
2026-09-28 16:28:28,c2-close,1335000,31.93,66.19,1004.42,32.47,63.89,1003.94,0,0,OFF,1,1,1,
2026-09-28 16:28:29,c2-close,1336000,31.92,65.87,1004.37,32.47,63.84,1004.02,0,0,OFF,1,1,1,
2026-09-28 16:28:30,c2-close,1337000,31.93,66.00,1004.38,32.47,63.94,1003.97,0,0,OFF,1,1,1,
2026-09-28 16:28:31,c2-close,1338000,31.93,65.58,1004.38,32.48,63.84,1003.99,0,0,OFF,1,1,1,
2026-09-28 16:28:32,c2-close,1339000,31.92,65.66,1004.35,32.47,63.84,1003.94,0,0,OFF,1,1,1,
2026-09-28 16:28:33,c2-close,1340000,31.93,65.82,1004.39,32.48,63.79,1003.98,0,0,OFF,1,1,1,
2026-09-28 16:28:34,c2-close,1341000,31.92,65.54,1004.35,32.46,63.80,1003.96,0,0,OFF,1,1,1,
2026-09-28 16:28:35,c2-close,1342000,31.92,65.49,1004.35,32.48,63.78,1004.01,0,0,OFF,1,1,1,
2026-09-28 16:28:36,c2-close,1343000,31.93,65.47,1004.41,32.46,63.92,1003.93,0,0,OFF,1,1,1,
2026-09-28 16:28:37,c2-close,1344000,31.92,65.75,1004.37,32.46,63.82,1003.93,0,0,OFF,1,1,1,
2026-09-28 16:28:38,c2-close,1345000,31.92,65.76,1004.32,32.47,63.81,1003.97,0,0,OFF,1,1,1,
2026-09-28 16:28:39,c2-close,1346000,31.93,65.62,1004.30,32.47,63.88,1003.99,0,0,OFF,1,1,1,
2026-09-28 16:28:40,c2-close,1347000,31.93,65.52,1004.38,32.45,63.81,1003.97,0,0,OFF,1,1,1,
2026-09-28 16:28:41,c2-close,1348000,31.92,65.70,1004.37,32.47,63.90,1003.96,0,0,OFF,1,1,1,
2026-09-28 16:28:42,c2-close,1349000,31.92,65.66,1004.31,32.46,64.27,1003.95,0,0,OFF,1,1,1,
2026-09-28 16:28:43,c2-close,1350000,31.93,65.57,1004.35,32.47,63.87,1003.91,0,0,OFF,1,1,1,
2026-09-28 16:28:44,c2-close,1351000,31.92,65.94,1004.34,32.46,63.91,1004.00,0,0,OFF,1,1,1,
2026-09-28 16:28:45,c2-close,1352000,31.92,65.68,1004.37,32.47,63.73,1003.94,0,0,OFF,1,1,1,
2026-09-28 16:28:46,c2-close,1353000,31.93,65.85,1004.36,32.46,63.83,1003.89,0,0,OFF,1,1,1,
2026-09-28 16:28:47,c2-close,1354000,31.92,65.55,1004.37,32.46,63.89,1003.90,0,0,OFF,1,1,1,
2026-09-28 16:28:48,c2-close,1355000,31.93,65.44,1004.38,32.46,63.87,1003.98,0,0,OFF,1,1,1,
2026-09-28 16:28:49,c2-close,1356000,31.92,65.53,1004.37,32.45,63.88,1003.91,0,0,OFF,1,1,1,
2026-09-28 16:28:50,c2-close,1357000,31.92,65.61,1004.37,32.47,64.03,1003.96,0,0,OFF,1,1,1,
2026-09-28 16:28:51,c2-close,1358000,31.92,65.60,1004.29,32.46,63.88,1003.95,0,0,OFF,1,1,1,
2026-09-28 16:28:52,c2-close,1359000,31.93,66.18,1004.38,32.47,63.83,1003.91,0,0,OFF,1,1,1,
2026-09-28 16:28:53,c2-close,1360000,31.92,66.35,1004.34,32.46,63.92,1003.98,0,0,OFF,1,1,1,
2026-09-28 16:28:54,c2-close,1361000,31.91,66.69,1004.36,32.46,63.87,1003.92,0,0,OFF,1,1,1,
2026-09-28 16:28:55,c2-close,1362000,31.92,66.90,1004.37,32.45,63.83,1004.00,0,0,OFF,1,1,1,
2026-09-28 16:28:56,c2-close,1363000,31.92,67.01,1004.35,32.46,63.89,1003.98,0,0,OFF,1,1,1,
2026-09-28 16:28:57,c2-close,1364000,31.91,67.28,1004.39,32.47,63.87,1004.02,0,0,OFF,1,1,1,
2026-09-28 16:28:58,c2-close,1365000,31.91,67.18,1004.36,32.47,63.97,1003.99,0,0,OFF,1,1,1,
2026-09-28 16:28:59,c2-close,1366000,31.91,67.20,1004.41,32.47,64.06,1004.02,0,0,OFF,1,1,1,
2026-09-28 16:29:00,c2-close,1367000,31.91,67.33,1004.32,32.47,63.94,1004.00,0,0,OFF,1,1,1,
2026-09-28 16:29:01,c2-close,1368000,31.91,67.46,1004.41,32.47,63.88,1003.92,0,0,OFF,1,1,1,
2026-09-28 16:29:02,c2-close,1369000,31.90,67.58,1004.33,32.48,63.85,1003.99,0,0,OFF,1,1,1,
2026-09-28 16:29:03,c2-close,1370000,31.90,67.79,1004.40,32.48,63.95,1003.92,0,0,OFF,1,1,1,
2026-09-28 16:29:04,c2-close,1371000,31.91,67.67,1004.41,32.47,63.88,1003.96,0,0,OFF,1,1,1,
2026-09-28 16:29:05,c2-close,1372000,31.90,67.91,1004.31,32.48,64.19,1003.99,0,0,OFF,1,1,1,
2026-09-28 16:29:06,c2-close,1373000,31.90,67.78,1004.37,32.47,63.82,1004.03,0,0,OFF,1,1,1,
2026-09-28 16:29:07,c2-close,1374000,31.91,67.80,1004.41,32.47,63.82,1004.03,0,0,OFF,1,1,1,
2026-09-28 16:29:08,c2-close,1375000,31.90,67.96,1004.34,32.48,63.97,1004.01,0,0,OFF,1,1,1,
2026-09-28 16:29:09,c2-close,1376000,31.91,68.32,1004.46,32.47,64.23,1004.03,0,0,OFF,1,1,1,
2026-09-28 16:29:10,c2-close,1377000,31.90,68.87,1004.37,32.48,64.08,1003.95,0,0,OFF,1,1,1,
2026-09-28 16:29:11,c2-close,1378000,31.89,69.02,1004.41,32.47,63.85,1003.92,0,0,OFF,1,1,1,
2026-09-28 16:29:12,c2-close,1379000,31.90,69.19,1004.34,32.47,64.15,1003.94,0,0,OFF,1,1,1,
2026-09-28 16:29:13,c2-close,1380000,31.90,69.25,1004.34,32.48,63.86,1004.01,0,0,OFF,1,1,1,
2026-09-28 16:29:14,c2-close,1381000,31.90,69.18,1004.43,32.47,63.80,1003.94,0,0,OFF,1,1,1,
2026-09-28 16:29:15,c2-close,1382000,31.90,69.40,1004.37,32.47,63.86,1003.91,0,0,OFF,1,1,1,
2026-09-28 16:29:16,c2-close,1383000,31.91,69.61,1004.35,32.48,64.12,1003.92,0,0,OFF,1,1,1,
2026-09-28 16:29:17,c2-close,1384000,31.91,69.74,1004.44,32.47,64.11,1003.91,0,0,OFF,1,1,1,
2026-09-28 16:29:18,c2-close,1385000,31.91,70.03,1004.39,32.48,63.97,1004.02,0,0,OFF,1,1,1,
2026-09-28 16:29:19,c2-close,1386000,31.90,69.90,1004.39,32.48,63.97,1003.95,0,0,OFF,1,1,1,
2026-09-28 16:29:20,c2-close,1387000,31.91,69.83,1004.41,32.47,63.88,1003.94,0,0,OFF,1,1,1,
2026-09-28 16:29:21,c2-close,1388000,31.90,69.88,1004.40,32.47,64.07,1003.97,0,0,OFF,1,1,1,
2026-09-28 16:29:22,c2-close,1389000,31.91,69.83,1004.36,32.48,63.95,1003.98,0,0,OFF,1,1,1,
2026-09-28 16:29:23,c2-close,1390000,31.90,70.07,1004.39,32.47,63.87,1004.00,0,0,OFF,1,1,1,
2026-09-28 16:29:24,c2-close,1391000,31.91,69.99,1004.39,32.47,63.74,1003.96,0,0,OFF,1,1,1,
2026-09-28 16:29:25,c2-close,1392000,31.90,69.96,1004.40,32.47,64.11,1003.96,0,0,OFF,1,1,1,
2026-09-28 16:29:26,c2-close,1393000,31.91,70.23,1004.35,32.47,64.15,1003.94,0,0,OFF,1,1,1,
2026-09-28 16:29:27,c2-close,1394000,31.91,70.29,1004.43,32.47,63.79,1004.02,0,0,OFF,1,1,1,
2026-09-28 16:29:28,c2-learning,,,,,,,,,,,,,,MARK  cycle 2 lid set to 1 cm (confirmed)
2026-09-28 16:29:28,c2-learning,,,,,,,,,,,,,,"S,mode=OFF,lo=77.0,hi=88.0,max=300,cool=60,man=400,use=A,period=1,in=ok,out=ok,tank=ok,mistA=0,mistB=0"
2026-09-28 16:29:28,c2-learning,,,,,,,,,,,,,,mode MANUAL
2026-09-28 16:29:28,c2-learning,,,,,,,,,,,,,,MARK  cycle 2 learning controller start (seeded from the step test)
2026-09-28 16:29:28,c2-learning,1395000,31.91,70.58,1004.39,32.47,63.87,1003.92,0,0,MANUAL,1,1,1,
2026-09-28 16:29:29,c2-learning,,,,,,,,,,,,,,mist A=1 B=0 (manual)
2026-09-28 16:29:29,c2-learning,1396000,31.90,70.74,1004.34,32.47,63.92,1003.96,1,0,MANUAL,1,1,1,
2026-09-28 16:29:30,c2-learning,1397000,31.90,70.46,1004.43,32.47,63.88,1003.97,1,0,MANUAL,1,1,1,
2026-09-28 16:29:31,c2-learning,1398000,31.90,70.24,1004.39,32.48,63.88,1004.03,1,0,MANUAL,1,1,1,
2026-09-28 16:29:32,c2-learning,1399000,31.91,70.34,1004.41,32.47,63.78,1003.96,1,0,MANUAL,1,1,1,
2026-09-28 16:29:33,c2-learning,1400000,31.91,70.50,1004.41,32.48,64.02,1003.92,1,0,MANUAL,1,1,1,
2026-09-28 16:29:34,c2-learning,1401000,31.90,70.36,1004.33,32.47,64.11,1004.00,1,0,MANUAL,1,1,1,
2026-09-28 16:29:35,c2-learning,1402000,31.90,70.41,1004.43,32.48,64.21,1003.98,1,0,MANUAL,1,1,1,
2026-09-28 16:29:36,c2-learning,1403000,31.90,70.39,1004.39,32.48,63.95,1003.99,1,0,MANUAL,1,1,1,
2026-09-28 16:29:37,c2-learning,1404000,31.90,70.89,1004.37,32.47,63.88,1003.94,1,0,MANUAL,1,1,1,
2026-09-28 16:29:38,c2-learning,1405000,31.90,70.94,1004.39,32.48,64.06,1004.03,1,0,MANUAL,1,1,1,
2026-09-28 16:29:39,c2-learning,1406000,31.90,70.92,1004.42,32.47,64.31,1003.94,1,0,MANUAL,1,1,1,
2026-09-28 16:29:40,c2-learning,1407000,31.90,71.19,1004.39,32.47,63.77,1003.94,1,0,MANUAL,1,1,1,
2026-09-28 16:29:41,c2-learning,1408000,31.90,71.13,1004.39,32.47,64.28,1003.96,1,0,MANUAL,1,1,1,
2026-09-28 16:29:42,c2-learning,1409000,31.90,71.16,1004.45,32.47,64.29,1004.00,1,0,MANUAL,1,1,1,
2026-09-28 16:29:43,c2-learning,1410000,31.90,71.18,1004.33,32.48,64.21,1004.03,1,0,MANUAL,1,1,1,
2026-09-28 16:29:44,c2-learning,1411000,31.89,71.00,1004.41,32.48,64.06,1003.98,1,0,MANUAL,1,1,1,
2026-09-28 16:29:45,c2-learning,1412000,31.89,71.26,1004.38,32.48,63.88,1003.96,1,0,MANUAL,1,1,1,
2026-09-28 16:29:46,c2-learning,1413000,31.89,71.46,1004.47,32.47,64.24,1003.94,1,0,MANUAL,1,1,1,
2026-09-28 16:29:47,c2-learning,1414000,31.89,71.61,1004.41,32.48,64.11,1003.98,1,0,MANUAL,1,1,1,
2026-09-28 16:29:48,c2-learning,1415000,31.89,71.88,1004.32,32.47,64.14,1004.00,1,0,MANUAL,1,1,1,
2026-09-28 16:29:49,c2-learning,1416000,31.90,72.02,1004.39,32.48,64.11,1003.92,1,0,MANUAL,1,1,1,
2026-09-28 16:29:50,c2-learning,1417000,31.89,71.91,1004.33,32.48,63.94,1003.98,1,0,MANUAL,1,1,1,
2026-09-28 16:29:51,c2-learning,1418000,31.88,71.96,1004.37,32.48,63.84,1004.07,1,0,MANUAL,1,1,1,
2026-09-28 16:29:52,c2-learning,1419000,31.89,71.69,1004.43,32.47,64.15,1003.94,1,0,MANUAL,1,1,1,
2026-09-28 16:29:53,c2-learning,1420000,31.89,71.71,1004.41,32.48,64.05,1003.98,1,0,MANUAL,1,1,1,
2026-09-28 16:29:54,c2-learning,1421000,31.88,71.96,1004.37,32.47,64.08,1003.94,1,0,MANUAL,1,1,1,
2026-09-28 16:29:55,c2-learning,1422000,31.89,72.50,1004.37,32.47,64.20,1003.96,1,0,MANUAL,1,1,1,
2026-09-28 16:29:56,c2-learning,1423000,31.89,72.22,1004.43,32.47,64.11,1003.96,1,0,MANUAL,1,1,1,
2026-09-28 16:29:57,c2-learning,1424000,31.88,72.33,1004.39,32.47,64.04,1004.03,1,0,MANUAL,1,1,1,
2026-09-28 16:29:58,c2-learning,1425000,31.89,72.51,1004.44,32.47,63.92,1003.91,1,0,MANUAL,1,1,1,
2026-09-28 16:29:59,c2-learning,1426000,31.89,72.21,1004.43,32.47,63.89,1004.02,1,0,MANUAL,1,1,1,
2026-09-28 16:30:00,c2-learning,1427000,31.88,72.19,1004.37,32.47,63.90,1003.94,1,0,MANUAL,1,1,1,
2026-09-28 16:30:01,c2-learning,1428000,31.89,72.60,1004.37,32.48,63.90,1003.99,1,0,MANUAL,1,1,1,
2026-09-28 16:30:02,c2-learning,1429000,31.88,73.34,1004.37,32.47,63.79,1003.96,1,0,MANUAL,1,1,1,
2026-09-28 16:30:03,c2-learning,1430000,31.89,73.04,1004.40,32.47,63.79,1003.97,1,0,MANUAL,1,1,1,
2026-09-28 16:30:04,c2-learning,1431000,31.89,73.11,1004.40,32.47,63.70,1003.99,1,0,MANUAL,1,1,1,
2026-09-28 16:30:05,c2-learning,1432000,31.89,73.53,1004.40,32.47,63.92,1003.96,1,0,MANUAL,1,1,1,
2026-09-28 16:30:06,c2-learning,1433000,31.89,73.53,1004.35,32.46,63.91,1003.93,1,0,MANUAL,1,1,1,
2026-09-28 16:30:07,c2-learning,1434000,31.89,73.55,1004.35,32.47,64.17,1003.99,1,0,MANUAL,1,1,1,
2026-09-28 16:30:08,c2-learning,1435000,31.89,73.89,1004.37,32.46,64.04,1004.01,1,0,MANUAL,1,1,1,
2026-09-28 16:30:09,c2-learning,1436000,31.88,74.18,1004.37,32.46,63.84,1003.95,1,0,MANUAL,1,1,1,
2026-09-28 16:30:10,c2-learning,1437000,31.89,74.56,1004.35,32.47,63.86,1003.99,1,0,MANUAL,1,1,1,
2026-09-28 16:30:11,c2-learning,1438000,31.88,74.28,1004.36,32.47,64.07,1003.94,1,0,MANUAL,1,1,1,
2026-09-28 16:30:12,c2-learning,1439000,31.88,74.16,1004.45,32.47,64.19,1003.94,1,0,MANUAL,1,1,1,
2026-09-28 16:30:13,c2-learning,1440000,31.89,74.70,1004.47,32.46,63.92,1003.98,1,0,MANUAL,1,1,1,
2026-09-28 16:30:14,c2-learning,1441000,31.89,74.39,1004.40,32.46,64.17,1003.98,1,0,MANUAL,1,1,1,
2026-09-28 16:30:15,c2-learning,1442000,31.88,74.12,1004.42,32.47,64.25,1003.94,1,0,MANUAL,1,1,1,
2026-09-28 16:30:16,c2-learning,1443000,31.88,74.09,1004.36,32.47,64.24,1004.00,1,0,MANUAL,1,1,1,
2026-09-28 16:30:17,c2-learning,1444000,31.88,74.23,1004.41,32.47,64.15,1003.94,1,0,MANUAL,1,1,1,
2026-09-28 16:30:18,c2-learning,1445000,31.89,74.13,1004.40,32.47,64.04,1003.91,1,0,MANUAL,1,1,1,
2026-09-28 16:30:19,c2-learning,1446000,31.87,74.17,1004.43,32.47,63.86,1004.02,1,0,MANUAL,1,1,1,
2026-09-28 16:30:20,c2-learning,1447000,31.88,74.05,1004.39,32.46,64.04,1003.95,1,0,MANUAL,1,1,1,
2026-09-28 16:30:21,c2-learning,1448000,31.87,73.83,1004.43,32.47,64.11,1003.97,1,0,MANUAL,1,1,1,
2026-09-28 16:30:22,c2-learning,1449000,31.87,74.06,1004.41,32.47,64.14,1003.97,1,0,MANUAL,1,1,1,
2026-09-28 16:30:23,c2-learning,1450000,31.86,74.32,1004.39,32.47,63.90,1003.97,1,0,MANUAL,1,1,1,
2026-09-28 16:30:24,c2-learning,1451000,31.87,74.51,1004.40,32.47,64.17,1004.00,1,0,MANUAL,1,1,1,
2026-09-28 16:30:25,c2-learning,1452000,31.87,74.91,1004.40,32.48,64.05,1003.93,1,0,MANUAL,1,1,1,
2026-09-28 16:30:26,c2-learning,1453000,31.86,75.30,1004.38,32.49,64.02,1003.97,1,0,MANUAL,1,1,1,
2026-09-28 16:30:27,c2-learning,1454000,31.86,75.65,1004.33,32.48,64.12,1003.96,1,0,MANUAL,1,1,1,
2026-09-28 16:30:28,c2-learning,1455000,31.86,75.57,1004.39,32.48,63.80,1003.98,1,0,MANUAL,1,1,1,
2026-09-28 16:30:29,c2-learning,1456000,31.85,75.51,1004.37,32.48,63.71,1003.98,1,0,MANUAL,1,1,1,
2026-09-28 16:30:30,c2-learning,1457000,31.86,75.34,1004.44,32.48,63.92,1003.96,1,0,MANUAL,1,1,1,
2026-09-28 16:30:31,c2-learning,1458000,31.86,75.28,1004.41,32.48,63.78,1004.01,1,0,MANUAL,1,1,1,
2026-09-28 16:30:32,c2-learning,1459000,31.85,75.47,1004.40,32.48,63.87,1003.93,1,0,MANUAL,1,1,1,
2026-09-28 16:30:33,c2-learning,1460000,31.84,74.83,1004.38,32.48,63.84,1003.93,1,0,MANUAL,1,1,1,
2026-09-28 16:30:34,c2-learning,1461000,31.84,74.72,1004.38,32.48,63.86,1003.95,1,0,MANUAL,1,1,1,
2026-09-28 16:30:35,c2-learning,1462000,31.84,75.69,1004.44,32.48,63.85,1003.92,1,0,MANUAL,1,1,1,
2026-09-28 16:30:36,c2-learning,1463000,31.83,75.76,1004.36,32.47,63.92,1004.03,1,0,MANUAL,1,1,1,
2026-09-28 16:30:37,c2-learning,1464000,31.82,75.38,1004.40,32.48,63.78,1003.95,1,0,MANUAL,1,1,1,
2026-09-28 16:30:38,c2-learning,1465000,31.80,74.56,1004.41,32.47,63.86,1003.97,1,0,MANUAL,1,1,1,
2026-09-28 16:30:39,c2-learning,1466000,31.81,73.74,1004.39,32.48,63.99,1003.92,1,0,MANUAL,1,1,1,
2026-09-28 16:30:40,c2-learning,1467000,31.79,73.89,1004.42,32.48,63.85,1003.98,1,0,MANUAL,1,1,1,
2026-09-28 16:30:41,c2-learning,1468000,31.79,74.98,1004.39,32.47,64.14,1003.97,1,0,MANUAL,1,1,1,
2026-09-28 16:30:42,c2-learning,1469000,31.80,75.99,1004.41,32.47,63.96,1003.92,1,0,MANUAL,1,1,1,
2026-09-28 16:30:43,c2-learning,1470000,31.79,77.43,1004.39,32.48,63.86,1003.98,1,0,MANUAL,1,1,1,
2026-09-28 16:30:44,c2-learning,1471000,31.77,77.49,1004.41,32.48,63.78,1003.92,1,0,MANUAL,1,1,1,
2026-09-28 16:30:45,c2-learning,1472000,31.77,78.13,1004.41,32.47,63.86,1004.03,1,0,MANUAL,1,1,1,
2026-09-28 16:30:46,c2-learning,1473000,31.75,77.89,1004.41,32.47,63.72,1003.94,1,0,MANUAL,1,1,1,
2026-09-28 16:30:47,c2-learning,1474000,31.75,77.12,1004.44,32.47,64.17,1003.97,1,0,MANUAL,1,1,1,
2026-09-28 16:30:48,c2-learning,1475000,31.74,77.06,1004.39,32.47,64.08,1003.97,1,0,MANUAL,1,1,1,
2026-09-28 16:30:49,c2-learning,1476000,31.74,77.91,1004.37,32.48,64.00,1003.98,1,0,MANUAL,1,1,1,
2026-09-28 16:30:50,c2-learning,1477000,31.74,78.21,1004.41,32.47,64.04,1003.92,1,0,MANUAL,1,1,1,
2026-09-28 16:30:51,c2-learning,1478000,31.73,78.51,1004.41,32.48,64.19,1003.95,1,0,MANUAL,1,1,1,
2026-09-28 16:30:52,c2-learning,1479000,31.72,78.14,1004.44,32.47,64.07,1003.89,1,0,MANUAL,1,1,1,
2026-09-28 16:30:53,c2-learning,1480000,31.71,77.05,1004.37,32.47,64.06,1003.91,1,0,MANUAL,1,1,1,
2026-09-28 16:30:54,c2-learning,1481000,31.70,76.08,1004.41,32.48,63.92,1003.90,1,0,MANUAL,1,1,1,
2026-09-28 16:30:55,c2-learning,1482000,31.69,75.63,1004.37,32.47,64.14,1003.97,1,0,MANUAL,1,1,1,
2026-09-28 16:30:56,c2-learning,1483000,31.67,75.72,1004.35,32.46,63.77,1003.90,1,0,MANUAL,1,1,1,
2026-09-28 16:30:57,c2-learning,1484000,31.66,74.64,1004.35,32.47,64.08,1003.97,1,0,MANUAL,1,1,1,
2026-09-28 16:30:58,c2-learning,1485000,31.65,74.64,1004.39,32.47,64.24,1003.97,1,0,MANUAL,1,1,1,
2026-09-28 16:30:59,c2-learning,1486000,31.65,75.40,1004.33,32.47,63.67,1003.99,1,0,MANUAL,1,1,1,
2026-09-28 16:31:00,c2-learning,1487000,31.64,76.15,1004.40,32.47,64.06,1004.02,1,0,MANUAL,1,1,1,
2026-09-28 16:31:01,c2-learning,1488000,31.63,76.86,1004.41,32.47,63.78,1003.96,1,0,MANUAL,1,1,1,
2026-09-28 16:31:02,c2-learning,1489000,31.62,76.93,1004.43,32.46,63.70,1003.96,1,0,MANUAL,1,1,1,
2026-09-28 16:31:03,c2-learning,1490000,31.63,77.68,1004.41,32.46,63.94,1003.98,1,0,MANUAL,1,1,1,
2026-09-28 16:31:04,c2-learning,1491000,31.62,78.70,1004.34,32.47,64.18,1003.96,1,0,MANUAL,1,1,1,
2026-09-28 16:31:05,c2-learning,1492000,31.60,78.34,1004.39,32.47,64.15,1003.96,1,0,MANUAL,1,1,1,
2026-09-28 16:31:06,c2-learning,1493000,31.60,79.23,1004.37,32.46,64.20,1003.98,1,0,MANUAL,1,1,1,
2026-09-28 16:31:07,c2-learning,1494000,31.60,79.83,1004.39,32.47,64.00,1003.99,1,0,MANUAL,1,1,1,
2026-09-28 16:31:08,c2-learning,1495000,31.59,79.76,1004.41,32.46,63.88,1003.98,1,0,MANUAL,1,1,1,
2026-09-28 16:31:09,c2-learning,1496000,31.59,80.23,1004.46,32.46,64.14,1003.96,1,0,MANUAL,1,1,1,
2026-09-28 16:31:10,c2-learning,1497000,31.59,80.99,1004.41,32.46,64.15,1003.90,1,0,MANUAL,1,1,1,
2026-09-28 16:31:11,c2-learning,1498000,31.55,79.82,1004.38,32.46,63.87,1003.98,1,0,MANUAL,1,1,1,
2026-09-28 16:31:12,c2-learning,1499000,31.55,79.04,1004.43,32.47,63.77,1003.99,1,0,MANUAL,1,1,1,
2026-09-28 16:31:13,c2-learning,1500000,31.55,79.78,1004.43,32.47,63.86,1003.94,1,0,MANUAL,1,1,1,
2026-09-28 16:31:14,c2-learning,1501000,31.55,80.66,1004.34,32.46,63.89,1003.87,1,0,MANUAL,1,1,1,
2026-09-28 16:31:15,c2-learning,1502000,31.54,81.19,1004.39,32.46,63.90,1003.92,1,0,MANUAL,1,1,1,
2026-09-28 16:31:16,c2-learning,1503000,31.54,81.48,1004.38,32.45,63.87,1003.94,1,0,MANUAL,1,1,1,
2026-09-28 16:31:17,c2-learning,1504000,31.53,81.37,1004.45,32.46,64.08,1003.92,1,0,MANUAL,1,1,1,
2026-09-28 16:31:18,c2-learning,1505000,31.54,81.67,1004.47,32.46,63.75,1003.93,1,0,MANUAL,1,1,1,
2026-09-28 16:31:19,c2-learning,1506000,31.53,81.94,1004.43,32.45,63.73,1004.00,1,0,MANUAL,1,1,1,
2026-09-28 16:31:20,c2-learning,1507000,31.53,82.20,1004.42,32.46,63.77,1003.98,1,0,MANUAL,1,1,1,
2026-09-28 16:31:21,c2-learning,1508000,31.54,82.36,1004.44,32.45,64.15,1004.00,1,0,MANUAL,1,1,1,
2026-09-28 16:31:22,c2-learning,1509000,31.52,82.32,1004.41,32.45,63.82,1004.05,1,0,MANUAL,1,1,1,
2026-09-28 16:31:23,c2-learning,1510000,31.50,81.26,1004.43,32.45,63.84,1003.97,1,0,MANUAL,1,1,1,
2026-09-28 16:31:24,c2-learning,1511000,31.50,80.37,1004.49,32.46,63.91,1003.98,1,0,MANUAL,1,1,1,
2026-09-28 16:31:25,c2-learning,1512000,31.50,80.55,1004.47,32.45,64.08,1003.94,1,0,MANUAL,1,1,1,
2026-09-28 16:31:26,c2-learning,1513000,31.50,80.66,1004.47,32.45,63.90,1003.96,1,0,MANUAL,1,1,1,
2026-09-28 16:31:27,c2-learning,1514000,31.47,80.26,1004.39,32.45,63.83,1003.96,1,0,MANUAL,1,1,1,
2026-09-28 16:31:28,c2-learning,1515000,31.47,80.31,1004.41,32.45,63.92,1004.00,1,0,MANUAL,1,1,1,
2026-09-28 16:31:29,c2-learning,1516000,31.47,81.04,1004.45,32.46,63.93,1003.95,1,0,MANUAL,1,1,1,
2026-09-28 16:31:30,c2-learning,1517000,31.46,81.73,1004.46,32.45,63.88,1004.05,1,0,MANUAL,1,1,1,
2026-09-28 16:31:31,c2-learning,1518000,31.46,81.44,1004.37,32.45,64.23,1003.94,1,0,MANUAL,1,1,1,
2026-09-28 16:31:32,c2-learning,1519000,31.45,80.58,1004.44,32.46,64.30,1004.03,1,0,MANUAL,1,1,1,
2026-09-28 16:31:33,c2-learning,1520000,31.43,80.03,1004.47,32.46,64.26,1004.00,1,0,MANUAL,1,1,1,
2026-09-28 16:31:34,c2-learning,1521000,31.42,78.63,1004.44,32.46,64.13,1003.92,1,0,MANUAL,1,1,1,
2026-09-28 16:31:35,c2-learning,1522000,31.41,78.40,1004.46,32.46,63.80,1003.95,1,0,MANUAL,1,1,1,
2026-09-28 16:31:36,c2-learning,1523000,31.42,78.79,1004.45,32.46,63.83,1003.92,1,0,MANUAL,1,1,1,
2026-09-28 16:31:37,c2-learning,1524000,31.41,79.72,1004.49,32.46,64.12,1004.00,1,0,MANUAL,1,1,1,
2026-09-28 16:31:38,c2-learning,1525000,31.40,80.23,1004.47,32.46,64.09,1003.98,1,0,MANUAL,1,1,1,
2026-09-28 16:31:39,c2-learning,1526000,31.40,80.52,1004.44,32.46,63.80,1003.95,1,0,MANUAL,1,1,1,
2026-09-28 16:31:40,c2-learning,1527000,31.39,80.13,1004.48,32.46,63.82,1003.95,1,0,MANUAL,1,1,1,
2026-09-28 16:31:41,c2-learning,1528000,31.37,79.69,1004.47,32.46,63.76,1003.95,1,0,MANUAL,1,1,1,
2026-09-28 16:31:42,c2-learning,1529000,31.37,80.28,1004.51,32.47,63.78,1003.96,1,0,MANUAL,1,1,1,
2026-09-28 16:31:43,c2-learning,1530000,31.35,79.96,1004.42,32.46,63.75,1003.98,1,0,MANUAL,1,1,1,
2026-09-28 16:31:44,c2-learning,1531000,31.35,79.26,1004.41,32.47,63.92,1003.94,1,0,MANUAL,1,1,1,
2026-09-28 16:31:45,c2-learning,1532000,31.35,79.77,1004.41,32.46,64.17,1003.95,1,0,MANUAL,1,1,1,
2026-09-28 16:31:46,c2-learning,1533000,31.33,79.93,1004.42,32.46,63.92,1004.01,1,0,MANUAL,1,1,1,
2026-09-28 16:31:47,c2-learning,1534000,31.32,79.18,1004.46,32.46,64.01,1003.95,1,0,MANUAL,1,1,1,
2026-09-28 16:31:48,c2-learning,1535000,31.32,78.12,1004.52,32.46,63.86,1003.98,1,0,MANUAL,1,1,1,
2026-09-28 16:31:49,c2-learning,1536000,31.31,79.44,1004.48,32.47,63.90,1004.02,1,0,MANUAL,1,1,1,
2026-09-28 16:31:50,c2-learning,1537000,31.30,80.82,1004.49,32.46,63.81,1004.01,1,0,MANUAL,1,1,1,
2026-09-28 16:31:51,c2-learning,1538000,31.30,81.47,1004.43,32.46,63.91,1003.92,1,0,MANUAL,1,1,1,
2026-09-28 16:31:52,c2-learning,1539000,31.28,80.66,1004.46,32.46,63.98,1004.00,1,0,MANUAL,1,1,1,
2026-09-28 16:31:53,c2-learning,1540000,31.28,80.92,1004.45,32.47,63.82,1003.99,1,0,MANUAL,1,1,1,
2026-09-28 16:31:54,c2-learning,1541000,31.26,81.23,1004.39,32.46,63.92,1003.98,1,0,MANUAL,1,1,1,
2026-09-28 16:31:55,c2-learning,1542000,31.27,81.45,1004.46,32.46,63.91,1003.96,1,0,MANUAL,1,1,1,
2026-09-28 16:31:56,c2-learning,1543000,31.27,81.41,1004.44,32.46,63.83,1004.01,1,0,MANUAL,1,1,1,
2026-09-28 16:31:57,c2-learning,1544000,31.26,80.52,1004.45,32.46,63.78,1003.95,1,0,MANUAL,1,1,1,
2026-09-28 16:31:58,c2-learning,1545000,31.26,80.32,1004.40,32.46,64.08,1004.00,1,0,MANUAL,1,1,1,
2026-09-28 16:31:59,c2-learning,1546000,31.25,80.09,1004.38,32.46,64.14,1003.95,1,0,MANUAL,1,1,1,
2026-09-28 16:32:00,c2-learning,1547000,31.24,79.95,1004.48,32.46,64.22,1003.96,1,0,MANUAL,1,1,1,
2026-09-28 16:32:01,c2-learning,1548000,31.24,79.36,1004.44,32.46,63.99,1003.98,1,0,MANUAL,1,1,1,
2026-09-28 16:32:02,c2-learning,1549000,31.23,79.25,1004.45,32.45,63.93,1003.96,1,0,MANUAL,1,1,1,
2026-09-28 16:32:03,c2-learning,1550000,31.21,77.85,1004.46,32.45,63.85,1003.97,1,0,MANUAL,1,1,1,
2026-09-28 16:32:03,c2-learning,,,,,,,,,,,,,,mist A=0 B=0 (manual)
2026-09-28 16:32:04,c2-learning,1551000,31.21,77.23,1004.42,32.46,63.91,1003.95,0,0,MANUAL,1,1,1,
2026-09-28 16:32:05,c2-learning,1552000,31.20,77.32,1004.44,32.45,63.96,1004.00,0,0,MANUAL,1,1,1,
2026-09-28 16:32:06,c2-learning,1553000,31.20,77.41,1004.43,32.46,63.83,1003.98,0,0,MANUAL,1,1,1,
2026-09-28 16:32:07,c2-learning,1554000,31.19,77.57,1004.45,32.46,63.98,1003.98,0,0,MANUAL,1,1,1,
2026-09-28 16:32:08,c2-learning,1555000,31.17,76.89,1004.45,32.46,63.95,1003.98,0,0,MANUAL,1,1,1,
2026-09-28 16:32:09,c2-learning,1556000,31.17,78.21,1004.47,32.45,64.02,1003.97,0,0,MANUAL,1,1,1,
2026-09-28 16:32:10,c2-learning,1557000,31.15,77.42,1004.42,32.45,63.97,1003.97,0,0,MANUAL,1,1,1,
2026-09-28 16:32:11,c2-learning,1558000,31.16,77.11,1004.45,32.45,64.21,1004.04,0,0,MANUAL,1,1,1,
2026-09-28 16:32:12,c2-learning,1559000,31.15,77.83,1004.38,32.46,63.91,1004.01,0,0,MANUAL,1,1,1,
2026-09-28 16:32:13,c2-learning,1560000,31.15,77.88,1004.44,32.46,64.01,1003.95,0,0,MANUAL,1,1,1,
2026-09-28 16:32:14,c2-learning,1561000,31.14,77.51,1004.40,32.45,64.30,1003.97,0,0,MANUAL,1,1,1,
2026-09-28 16:32:15,c2-learning,1562000,31.14,77.73,1004.43,32.45,63.88,1003.99,0,0,MANUAL,1,1,1,
2026-09-28 16:32:16,c2-learning,1563000,31.14,77.92,1004.37,32.46,64.15,1003.98,0,0,MANUAL,1,1,1,
2026-09-28 16:32:17,c2-learning,1564000,31.14,77.40,1004.45,32.46,64.26,1003.95,0,0,MANUAL,1,1,1,
2026-09-28 16:32:18,c2-learning,1565000,31.14,76.95,1004.43,32.46,64.16,1003.95,0,0,MANUAL,1,1,1,
2026-09-28 16:32:19,c2-learning,1566000,31.14,76.91,1004.46,32.45,63.89,1003.94,0,0,MANUAL,1,1,1,
2026-09-28 16:32:20,c2-learning,1567000,31.14,76.82,1004.45,32.46,64.39,1003.98,0,0,MANUAL,1,1,1,
2026-09-28 16:32:21,c2-learning,1568000,31.15,77.11,1004.38,32.45,64.21,1003.97,0,0,MANUAL,1,1,1,
2026-09-28 16:32:22,c2-learning,1569000,31.15,77.52,1004.41,32.45,64.19,1004.00,0,0,MANUAL,1,1,1,
2026-09-28 16:32:23,c2-learning,1570000,31.15,77.38,1004.41,32.45,63.98,1003.99,0,0,MANUAL,1,1,1,
2026-09-28 16:32:24,c2-learning,1571000,31.15,77.38,1004.42,32.45,63.84,1003.96,0,0,MANUAL,1,1,1,
2026-09-28 16:32:25,c2-learning,1572000,31.16,77.86,1004.40,32.45,64.10,1003.94,0,0,MANUAL,1,1,1,
2026-09-28 16:32:26,c2-learning,1573000,31.16,78.05,1004.43,32.45,64.01,1004.02,0,0,MANUAL,1,1,1,
2026-09-28 16:32:27,c2-learning,1574000,31.16,78.05,1004.43,32.45,63.94,1003.96,0,0,MANUAL,1,1,1,
2026-09-28 16:32:28,c2-learning,1575000,31.17,78.43,1004.39,32.45,63.90,1003.94,0,0,MANUAL,1,1,1,
2026-09-28 16:32:29,c2-learning,1576000,31.18,78.60,1004.40,32.45,64.01,1003.97,0,0,MANUAL,1,1,1,
2026-09-28 16:32:30,c2-learning,1577000,31.18,78.48,1004.44,32.45,63.84,1004.02,0,0,MANUAL,1,1,1,
2026-09-28 16:32:31,c2-learning,1578000,31.18,78.78,1004.49,32.46,63.92,1003.98,0,0,MANUAL,1,1,1,
2026-09-28 16:32:32,c2-learning,1579000,31.19,78.96,1004.51,32.45,63.86,1004.02,0,0,MANUAL,1,1,1,
2026-09-28 16:32:33,c2-learning,1580000,31.20,78.90,1004.38,32.46,63.97,1004.00,0,0,MANUAL,1,1,1,
2026-09-28 16:32:34,c2-learning,1581000,31.19,78.67,1004.42,32.46,64.00,1004.01,0,0,MANUAL,1,1,1,
2026-09-28 16:32:35,c2-learning,1582000,31.21,78.72,1004.45,32.46,63.89,1004.00,0,0,MANUAL,1,1,1,
2026-09-28 16:32:36,c2-learning,1583000,31.20,78.62,1004.41,32.46,64.18,1003.95,0,0,MANUAL,1,1,1,
2026-09-28 16:32:37,c2-learning,1584000,31.21,78.93,1004.43,32.45,63.96,1004.00,0,0,MANUAL,1,1,1,
2026-09-28 16:32:38,c2-learning,1585000,31.22,78.91,1004.45,32.46,64.18,1004.00,0,0,MANUAL,1,1,1,
2026-09-28 16:32:39,c2-learning,1586000,31.23,78.96,1004.45,32.46,64.30,1004.00,0,0,MANUAL,1,1,1,
2026-09-28 16:32:40,c2-learning,1587000,31.23,79.00,1004.43,32.45,64.31,1004.00,0,0,MANUAL,1,1,1,
2026-09-28 16:32:41,c2-learning,1588000,31.23,79.03,1004.41,32.45,64.40,1004.00,0,0,MANUAL,1,1,1,
2026-09-28 16:32:42,c2-learning,1589000,31.24,79.46,1004.44,32.46,63.87,1003.95,0,0,MANUAL,1,1,1,
2026-09-28 16:32:43,c2-learning,1590000,31.25,79.55,1004.44,32.45,63.83,1004.00,0,0,MANUAL,1,1,1,
2026-09-28 16:32:44,c2-learning,1591000,31.26,79.56,1004.42,32.46,63.92,1004.00,0,0,MANUAL,1,1,1,
2026-09-28 16:32:45,c2-learning,1592000,31.26,79.78,1004.43,32.45,64.04,1003.93,0,0,MANUAL,1,1,1,
2026-09-28 16:32:46,c2-learning,1593000,31.27,79.74,1004.43,32.45,64.17,1004.02,0,0,MANUAL,1,1,1,
2026-09-28 16:32:47,c2-learning,1594000,31.27,79.94,1004.41,32.46,63.95,1003.95,0,0,MANUAL,1,1,1,
2026-09-28 16:32:48,c2-learning,1595000,31.28,79.97,1004.45,32.46,63.85,1003.95,0,0,MANUAL,1,1,1,
2026-09-28 16:32:49,c2-learning,1596000,31.27,79.61,1004.36,32.46,63.95,1004.00,0,0,MANUAL,1,1,1,
2026-09-28 16:32:50,c2-learning,1597000,31.28,79.30,1004.43,32.46,64.22,1003.98,0,0,MANUAL,1,1,1,
2026-09-28 16:32:51,c2-learning,1598000,31.29,79.40,1004.39,32.46,64.32,1004.00,0,0,MANUAL,1,1,1,
2026-09-28 16:32:52,c2-learning,1599000,31.29,79.46,1004.44,32.45,64.30,1004.05,0,0,MANUAL,1,1,1,
2026-09-28 16:32:53,c2-learning,1600000,31.29,79.75,1004.42,32.45,64.15,1003.97,0,0,MANUAL,1,1,1,
2026-09-28 16:32:54,c2-learning,1601000,31.30,79.75,1004.43,32.46,64.10,1003.95,0,0,MANUAL,1,1,1,
2026-09-28 16:32:55,c2-learning,1602000,31.30,79.99,1004.43,32.45,64.30,1004.05,0,0,MANUAL,1,1,1,
2026-09-28 16:32:56,c2-learning,1603000,31.32,80.24,1004.40,32.46,64.18,1004.00,0,0,MANUAL,1,1,1,
2026-09-28 16:32:57,c2-learning,1604000,31.33,80.40,1004.39,32.46,64.27,1003.98,0,0,MANUAL,1,1,1,
2026-09-28 16:32:58,c2-learning,1605000,31.33,80.34,1004.48,32.45,64.26,1004.05,0,0,MANUAL,1,1,1,
2026-09-28 16:32:59,c2-learning,1606000,31.32,80.26,1004.47,32.45,63.88,1004.00,0,0,MANUAL,1,1,1,
2026-09-28 16:33:00,c2-learning,1607000,31.33,80.24,1004.47,32.44,63.99,1004.03,0,0,MANUAL,1,1,1,
2026-09-28 16:33:01,c2-learning,1608000,31.35,80.27,1004.41,32.45,64.12,1004.00,0,0,MANUAL,1,1,1,
2026-09-28 16:33:02,c2-learning,1609000,31.35,80.35,1004.45,32.45,64.23,1004.04,0,0,MANUAL,1,1,1,
2026-09-28 16:33:03,c2-learning,1610000,31.36,80.26,1004.43,32.45,64.27,1004.02,0,0,MANUAL,1,1,1,
2026-09-28 16:33:04,c2-learning,1611000,31.36,80.38,1004.43,32.45,64.19,1004.00,0,0,MANUAL,1,1,1,
2026-09-28 16:33:05,c2-learning,1612000,31.36,80.34,1004.40,32.45,64.43,1004.00,0,0,MANUAL,1,1,1,
2026-09-28 16:33:06,c2-learning,1613000,31.36,80.33,1004.43,32.45,64.39,1004.02,0,0,MANUAL,1,1,1,
2026-09-28 16:33:07,c2-learning,1614000,31.38,80.55,1004.43,32.45,64.42,1003.99,0,0,MANUAL,1,1,1,
2026-09-28 16:33:08,c2-learning,1615000,31.38,80.22,1004.41,32.46,64.01,1004.00,0,0,MANUAL,1,1,1,
2026-09-28 16:33:09,c2-learning,1616000,31.39,80.44,1004.51,32.46,64.01,1004.03,0,0,MANUAL,1,1,1,
2026-09-28 16:33:10,c2-learning,1617000,31.39,80.63,1004.48,32.46,63.93,1003.98,0,0,MANUAL,1,1,1,
2026-09-28 16:33:11,c2-learning,1618000,31.39,81.03,1004.37,32.46,64.22,1004.00,0,0,MANUAL,1,1,1,
2026-09-28 16:33:12,c2-learning,1619000,31.41,81.28,1004.43,32.46,64.09,1004.00,0,0,MANUAL,1,1,1,
2026-09-28 16:33:13,c2-learning,1620000,31.41,81.46,1004.45,32.45,63.76,1003.97,0,0,MANUAL,1,1,1,
2026-09-28 16:33:14,c2-learning,1621000,31.42,81.24,1004.47,32.46,63.97,1004.00,0,0,MANUAL,1,1,1,
2026-09-28 16:33:15,c2-learning,1622000,31.41,81.25,1004.43,32.45,63.90,1003.99,0,0,MANUAL,1,1,1,
2026-09-28 16:33:16,c2-learning,1623000,31.42,81.11,1004.48,32.45,64.00,1003.99,0,0,MANUAL,1,1,1,
2026-09-28 16:33:17,c2-learning,1624000,31.42,80.54,1004.48,32.45,63.88,1004.02,0,0,MANUAL,1,1,1,
2026-09-28 16:33:18,c2-learning,1625000,31.43,80.59,1004.46,32.44,63.90,1003.98,0,0,MANUAL,1,1,1,
2026-09-28 16:33:19,c2-learning,1626000,31.44,81.02,1004.47,32.44,63.86,1004.01,0,0,MANUAL,1,1,1,
2026-09-28 16:33:20,c2-learning,1627000,31.44,81.16,1004.47,32.43,64.00,1003.99,0,0,MANUAL,1,1,1,
2026-09-28 16:33:21,c2-learning,1628000,31.44,81.01,1004.45,32.43,63.98,1003.96,0,0,MANUAL,1,1,1,
2026-09-28 16:33:22,c2-learning,1629000,31.44,81.25,1004.45,32.44,63.90,1003.97,0,0,MANUAL,1,1,1,
2026-09-28 16:33:23,c2-learning,1630000,31.45,81.52,1004.41,32.43,64.37,1004.02,0,0,MANUAL,1,1,1,
2026-09-28 16:33:24,c2-learning,1631000,31.46,81.66,1004.45,32.45,63.91,1004.02,0,0,MANUAL,1,1,1,
2026-09-28 16:33:25,c2-learning,1632000,31.46,81.57,1004.48,32.43,63.90,1003.99,0,0,MANUAL,1,1,1,
2026-09-28 16:33:26,c2-learning,1633000,31.45,81.19,1004.46,32.43,64.44,1004.07,0,0,MANUAL,1,1,1,
2026-09-28 16:33:27,c2-learning,1634000,31.45,81.19,1004.44,32.44,64.31,1003.98,0,0,MANUAL,1,1,1,
2026-09-28 16:33:28,c2-learning,1635000,31.46,81.33,1004.46,32.45,64.00,1004.04,0,0,MANUAL,1,1,1,
2026-09-28 16:33:29,c2-learning,1636000,31.46,81.46,1004.46,32.43,64.02,1003.91,0,0,MANUAL,1,1,1,
2026-09-28 16:33:30,c2-learning,1637000,31.47,81.50,1004.47,32.43,63.88,1003.99,0,0,MANUAL,1,1,1,
2026-09-28 16:33:31,c2-learning,1638000,31.47,81.15,1004.49,32.45,63.88,1003.99,0,0,MANUAL,1,1,1,
2026-09-28 16:33:32,c2-learning,1639000,31.47,81.15,1004.50,32.44,64.15,1003.97,0,0,MANUAL,1,1,1,
2026-09-28 16:33:33,c2-learning,1640000,31.47,81.37,1004.45,32.45,63.92,1004.02,0,0,MANUAL,1,1,1,
2026-09-28 16:33:34,c2-learning,1641000,31.48,81.32,1004.34,32.43,63.91,1004.05,0,0,MANUAL,1,1,1,
2026-09-28 16:33:35,c2-learning,1642000,31.47,81.19,1004.44,32.44,63.97,1004.03,0,0,MANUAL,1,1,1,
2026-09-28 16:33:36,c2-learning,1643000,31.48,81.30,1004.40,32.45,63.84,1004.02,0,0,MANUAL,1,1,1,
2026-09-28 16:33:37,c2-learning,1644000,31.48,81.29,1004.48,32.44,63.94,1004.01,0,0,MANUAL,1,1,1,
2026-09-28 16:33:38,c2-learning,1645000,31.49,81.32,1004.36,32.43,64.05,1003.96,0,0,MANUAL,1,1,1,
2026-09-28 16:33:39,c2-learning,1646000,31.49,81.33,1004.44,32.43,63.92,1003.96,0,0,MANUAL,1,1,1,
2026-09-28 16:33:40,c2-learning,1647000,31.49,81.30,1004.39,32.44,64.31,1003.98,0,0,MANUAL,1,1,1,
2026-09-28 16:33:41,c2-learning,1648000,31.50,81.18,1004.37,32.43,64.37,1003.98,0,0,MANUAL,1,1,1,
2026-09-28 16:33:42,c2-learning,1649000,31.50,81.06,1004.40,32.43,64.27,1003.96,0,0,MANUAL,1,1,1,
2026-09-28 16:33:43,c2-learning,1650000,31.50,81.20,1004.46,32.43,64.30,1003.96,0,0,MANUAL,1,1,1,
2026-09-28 16:33:44,c2-learning,1651000,31.50,81.36,1004.55,32.43,64.33,1003.99,0,0,MANUAL,1,1,1,
2026-09-28 16:33:45,c2-learning,1652000,31.50,81.58,1004.41,32.43,64.37,1004.02,0,0,MANUAL,1,1,1,
2026-09-28 16:33:46,c2-learning,1653000,31.51,81.58,1004.39,32.44,64.16,1004.09,0,0,MANUAL,1,1,1,
2026-09-28 16:33:47,c2-learning,1654000,31.51,81.63,1004.39,32.44,64.05,1004.01,0,0,MANUAL,1,1,1,
2026-09-28 16:33:48,c2-learning,1655000,31.51,81.29,1004.42,32.43,64.08,1003.90,0,0,MANUAL,1,1,1,
2026-09-28 16:33:49,c2-learning,1656000,31.51,81.24,1004.45,32.45,64.01,1003.99,0,0,MANUAL,1,1,1,
2026-09-28 16:33:50,c2-learning,1657000,31.51,81.36,1004.43,32.43,64.26,1003.98,0,0,MANUAL,1,1,1,
2026-09-28 16:33:51,c2-learning,1658000,31.52,81.52,1004.41,32.42,63.93,1004.03,0,0,MANUAL,1,1,1,
2026-09-28 16:33:52,c2-learning,1659000,31.52,81.39,1004.39,32.44,64.05,1003.98,0,0,MANUAL,1,1,1,
2026-09-28 16:33:53,c2-learning,1660000,31.51,81.37,1004.40,32.43,64.41,1004.01,0,0,MANUAL,1,1,1,
2026-09-28 16:33:54,c2-learning,1661000,31.52,81.46,1004.39,32.43,64.33,1003.98,0,0,MANUAL,1,1,1,
2026-09-28 16:33:55,c2-learning,1662000,31.52,81.42,1004.41,32.44,64.28,1004.03,0,0,MANUAL,1,1,1,
2026-09-28 16:33:56,c2-learning,1663000,31.52,81.55,1004.41,32.43,63.95,1003.98,0,0,MANUAL,1,1,1,
2026-09-28 16:33:57,c2-learning,1664000,31.52,81.25,1004.44,32.43,63.95,1004.02,0,0,MANUAL,1,1,1,
2026-09-28 16:33:58,c2-learning,1665000,31.52,81.27,1004.44,32.44,64.41,1004.01,0,0,MANUAL,1,1,1,
2026-09-28 16:33:59,c2-learning,1666000,31.53,81.26,1004.45,32.44,64.33,1003.98,0,0,MANUAL,1,1,1,
2026-09-28 16:34:00,c2-learning,1667000,31.53,81.09,1004.42,32.43,64.42,1004.01,0,0,MANUAL,1,1,1,
2026-09-28 16:34:01,c2-learning,1668000,31.54,81.05,1004.38,32.43,64.27,1003.99,0,0,MANUAL,1,1,1,
2026-09-28 16:34:02,c2-learning,1669000,31.53,81.27,1004.45,32.43,64.51,1004.01,0,0,MANUAL,1,1,1,
2026-09-28 16:34:03,c2-learning,1670000,31.54,81.48,1004.38,32.43,64.16,1003.99,0,0,MANUAL,1,1,1,
2026-09-28 16:34:04,c2-learning,1671000,31.54,81.39,1004.47,32.45,64.39,1004.02,0,0,MANUAL,1,1,1,
2026-09-28 16:34:05,c2-learning,1672000,31.53,81.03,1004.42,32.44,64.39,1004.03,0,0,MANUAL,1,1,1,
2026-09-28 16:34:06,c2-learning,1673000,31.54,81.07,1004.45,32.42,64.44,1004.00,0,0,MANUAL,1,1,1,
2026-09-28 16:34:07,c2-learning,1674000,31.54,81.20,1004.39,32.44,64.11,1004.01,0,0,MANUAL,1,1,1,
2026-09-28 16:34:08,c2-learning,1675000,31.55,81.33,1004.45,32.42,64.11,1003.95,0,0,MANUAL,1,1,1,
2026-09-28 16:34:09,c2-learning,1676000,31.55,81.19,1004.45,32.43,64.34,1004.01,0,0,MANUAL,1,1,1,
2026-09-28 16:34:10,c2-learning,1677000,31.55,81.34,1004.48,32.43,64.38,1004.05,0,0,MANUAL,1,1,1,
2026-09-28 16:34:11,c2-learning,1678000,31.55,81.22,1004.43,32.43,64.10,1003.99,0,0,MANUAL,1,1,1,
2026-09-28 16:34:12,c2-learning,1679000,31.55,81.10,1004.46,32.43,64.36,1003.99,0,0,MANUAL,1,1,1,
2026-09-28 16:34:13,c2-learning,1680000,31.55,81.11,1004.43,32.43,64.36,1003.96,0,0,MANUAL,1,1,1,
2026-09-28 16:34:14,c2-learning,1681000,31.55,81.22,1004.37,32.44,64.27,1004.03,0,0,MANUAL,1,1,1,
2026-09-28 16:34:15,c2-learning,1682000,31.56,81.17,1004.44,32.43,64.45,1004.07,0,0,MANUAL,1,1,1,
2026-09-28 16:34:16,c2-learning,1683000,31.55,81.07,1004.41,32.43,64.11,1003.99,0,0,MANUAL,1,1,1,
2026-09-28 16:34:17,c2-learning,1684000,31.55,80.93,1004.41,32.43,64.46,1003.90,0,0,MANUAL,1,1,1,
2026-09-28 16:34:18,c2-learning,1685000,31.55,80.90,1004.41,32.43,64.46,1003.96,0,0,MANUAL,1,1,1,
2026-09-28 16:34:19,c2-learning,1686000,31.56,80.95,1004.41,32.43,64.41,1004.01,0,0,MANUAL,1,1,1,
2026-09-28 16:34:20,c2-learning,1687000,31.56,80.79,1004.41,32.43,64.11,1003.96,0,0,MANUAL,1,1,1,
2026-09-28 16:34:21,c2-learning,1688000,31.56,80.97,1004.47,32.43,64.12,1004.02,0,0,MANUAL,1,1,1,
2026-09-28 16:34:22,c2-learning,1689000,31.56,81.10,1004.39,32.43,64.05,1003.96,0,0,MANUAL,1,1,1,
2026-09-28 16:34:23,c2-learning,1690000,31.55,81.02,1004.38,32.43,64.19,1004.05,0,0,MANUAL,1,1,1,
2026-09-28 16:34:24,c2-learning,1691000,31.56,81.20,1004.41,32.43,64.50,1004.04,0,0,MANUAL,1,1,1,
2026-09-28 16:34:25,c2-learning,1692000,31.57,81.19,1004.43,32.43,64.39,1003.98,0,0,MANUAL,1,1,1,
2026-09-28 16:34:26,c2-learning,1693000,31.57,81.47,1004.46,32.42,64.08,1003.98,0,0,MANUAL,1,1,1,
2026-09-28 16:34:27,c2-learning,1694000,31.57,81.48,1004.46,32.44,64.38,1003.97,0,0,MANUAL,1,1,1,
2026-09-28 16:34:28,c2-learning,1695000,31.57,81.40,1004.43,32.43,64.38,1003.96,0,0,MANUAL,1,1,1,
2026-09-28 16:34:29,c2-learning,1696000,31.57,80.99,1004.40,32.42,64.24,1003.98,0,0,MANUAL,1,1,1,
2026-09-28 16:34:30,c2-learning,1697000,31.57,80.86,1004.49,32.43,64.38,1003.99,0,0,MANUAL,1,1,1,
2026-09-28 16:34:31,c2-learning,1698000,31.57,80.98,1004.40,32.43,64.16,1004.04,0,0,MANUAL,1,1,1,
2026-09-28 16:34:32,c2-learning,1699000,31.58,81.06,1004.45,32.43,64.04,1004.04,0,0,MANUAL,1,1,1,
2026-09-28 16:34:33,c2-learning,1700000,31.57,80.97,1004.46,32.43,64.28,1004.01,0,0,MANUAL,1,1,1,
2026-09-28 16:34:34,c2-learning,1701000,31.58,80.99,1004.50,32.43,64.10,1004.01,0,0,MANUAL,1,1,1,
2026-09-28 16:34:35,c2-learning,1702000,31.57,81.14,1004.41,32.42,64.07,1004.03,0,0,MANUAL,1,1,1,
2026-09-28 16:34:36,c2-learning,1703000,31.57,81.09,1004.38,32.43,64.38,1003.93,0,0,MANUAL,1,1,1,
2026-09-28 16:34:37,c2-learning,1704000,31.57,81.09,1004.43,32.42,64.42,1004.06,0,0,MANUAL,1,1,1,
2026-09-28 16:34:38,c2-learning,1705000,31.58,81.14,1004.42,32.43,64.56,1004.01,0,0,MANUAL,1,1,1,
2026-09-28 16:34:39,c2-learning,1706000,31.59,81.19,1004.43,32.42,64.39,1003.91,0,0,MANUAL,1,1,1,
2026-09-28 16:34:40,c2-learning,1707000,31.59,81.06,1004.49,32.43,64.36,1004.04,0,0,MANUAL,1,1,1,
2026-09-28 16:34:41,c2-learning,1708000,31.58,81.05,1004.45,32.42,64.18,1004.05,0,0,MANUAL,1,1,1,
2026-09-28 16:34:42,c2-learning,1709000,31.58,80.94,1004.45,32.42,64.35,1004.00,0,0,MANUAL,1,1,1,
2026-09-28 16:34:43,c2-learning,1710000,31.58,81.04,1004.40,32.42,64.32,1004.00,0,0,MANUAL,1,1,1,
2026-09-28 16:34:44,c2-learning,1711000,31.58,80.89,1004.42,32.42,64.28,1003.99,0,0,MANUAL,1,1,1,
2026-09-28 16:34:45,c2-learning,1712000,31.58,80.60,1004.45,32.41,64.15,1004.07,0,0,MANUAL,1,1,1,
2026-09-28 16:34:46,c2-learning,1713000,31.58,80.33,1004.53,32.42,64.18,1003.99,0,0,MANUAL,1,1,1,
2026-09-28 16:34:47,c2-learning,1714000,31.56,80.34,1004.34,32.42,64.09,1003.99,0,0,MANUAL,1,1,1,
2026-09-28 16:34:48,c2-learning,1715000,31.58,80.37,1004.43,32.42,64.17,1004.00,0,0,MANUAL,1,1,1,
2026-09-28 16:34:49,c2-learning,1716000,31.58,80.40,1004.39,32.42,64.19,1003.99,0,0,MANUAL,1,1,1,
2026-09-28 16:34:50,c2-learning,1717000,31.58,80.38,1004.42,32.42,64.47,1004.05,0,0,MANUAL,1,1,1,
2026-09-28 16:34:51,c2-learning,1718000,31.58,80.61,1004.48,32.42,64.21,1003.99,0,0,MANUAL,1,1,1,
2026-09-28 16:34:52,c2-learning,1719000,31.58,80.55,1004.42,32.43,64.04,1004.01,0,0,MANUAL,1,1,1,
2026-09-28 16:34:53,c2-learning,1720000,31.59,80.63,1004.41,32.42,64.33,1004.00,0,0,MANUAL,1,1,1,
2026-09-28 16:34:54,c2-learning,1721000,31.58,80.45,1004.39,32.42,64.48,1004.05,0,0,MANUAL,1,1,1,
2026-09-28 16:34:55,c2-learning,1722000,31.59,80.54,1004.46,32.42,64.45,1004.05,0,0,MANUAL,1,1,1,
2026-09-28 16:34:56,c2-learning,1723000,31.58,80.29,1004.39,32.42,64.21,1003.97,0,0,MANUAL,1,1,1,
2026-09-28 16:34:57,c2-learning,1724000,31.59,80.30,1004.41,32.42,64.46,1003.94,0,0,MANUAL,1,1,1,
2026-09-28 16:34:58,c2-learning,1725000,31.59,80.36,1004.41,32.42,64.21,1003.99,0,0,MANUAL,1,1,1,
2026-09-28 16:34:59,c2-learning,1726000,31.58,79.83,1004.39,32.42,64.16,1003.99,0,0,MANUAL,1,1,1,
2026-09-28 16:35:00,c2-learning,1727000,31.58,79.89,1004.43,32.42,64.30,1004.02,0,0,MANUAL,1,1,1,
2026-09-28 16:35:01,c2-learning,1728000,31.59,80.01,1004.41,32.42,64.04,1003.97,0,0,MANUAL,1,1,1,
2026-09-28 16:35:02,c2-learning,1729000,31.59,80.21,1004.43,32.42,64.06,1004.05,0,0,MANUAL,1,1,1,
2026-09-28 16:35:03,c2-learning,1730000,31.59,80.49,1004.41,32.41,64.18,1003.96,0,0,MANUAL,1,1,1,
2026-09-28 16:35:04,c2-learning,1731000,31.60,80.47,1004.45,32.42,64.30,1003.98,0,0,MANUAL,1,1,1,
2026-09-28 16:35:05,c2-learning,1732000,31.59,80.34,1004.41,32.41,64.56,1004.01,0,0,MANUAL,1,1,1,
2026-09-28 16:35:06,c2-learning,1733000,31.59,80.37,1004.41,32.42,64.14,1003.99,0,0,MANUAL,1,1,1,
2026-09-28 16:35:07,c2-learning,1734000,31.60,80.49,1004.37,32.40,64.45,1003.92,0,0,MANUAL,1,1,1,
2026-09-28 16:35:08,c2-learning,1735000,31.59,80.63,1004.39,32.41,64.09,1003.99,0,0,MANUAL,1,1,1,
2026-09-28 16:35:09,c2-learning,1736000,31.60,80.40,1004.42,32.42,64.05,1003.97,0,0,MANUAL,1,1,1,
2026-09-28 16:35:10,c2-learning,1737000,31.60,80.37,1004.42,32.41,64.04,1003.99,0,0,MANUAL,1,1,1,
2026-09-28 16:35:11,c2-learning,1738000,31.60,80.47,1004.42,32.42,64.13,1003.99,0,0,MANUAL,1,1,1,
2026-09-28 16:35:12,c2-learning,1739000,31.61,80.66,1004.44,32.42,64.14,1004.05,0,0,MANUAL,1,1,1,
2026-09-28 16:35:13,c2-learning,1740000,31.59,80.53,1004.47,32.40,64.47,1003.92,0,0,MANUAL,1,1,1,
2026-09-28 16:35:14,c2-learning,1741000,31.60,80.45,1004.49,32.42,64.35,1003.95,0,0,MANUAL,1,1,1,
2026-09-28 16:35:15,c2-learning,1742000,31.60,80.29,1004.45,32.42,64.43,1003.99,0,0,MANUAL,1,1,1,
2026-09-28 16:35:16,c2-learning,1743000,31.61,80.27,1004.44,32.42,64.53,1003.99,0,0,MANUAL,1,1,1,
2026-09-28 16:35:17,c2-learning,1744000,31.60,80.47,1004.43,32.42,64.18,1004.00,0,0,MANUAL,1,1,1,
2026-09-28 16:35:18,c2-learning,1745000,31.61,80.57,1004.47,32.42,64.08,1003.97,0,0,MANUAL,1,1,1,
2026-09-28 16:35:19,c2-learning,1746000,31.61,80.68,1004.44,32.42,64.09,1003.99,0,0,MANUAL,1,1,1,
2026-09-28 16:35:20,c2-learning,1747000,31.61,80.73,1004.44,32.42,64.12,1003.99,0,0,MANUAL,1,1,1,
2026-09-28 16:35:21,c2-learning,1748000,31.60,80.55,1004.45,32.42,64.17,1004.00,0,0,MANUAL,1,1,1,
2026-09-28 16:35:22,c2-learning,1749000,31.60,80.65,1004.46,32.42,64.30,1003.99,0,0,MANUAL,1,1,1,
2026-09-28 16:35:23,c2-learning,1750000,31.61,80.79,1004.44,32.42,64.45,1003.98,0,0,MANUAL,1,1,1,
2026-09-28 16:35:24,c2-learning,1751000,31.62,80.59,1004.45,32.42,64.43,1003.97,0,0,MANUAL,1,1,1,
2026-09-28 16:35:25,c2-learning,1752000,31.61,80.61,1004.39,32.43,64.41,1003.98,0,0,MANUAL,1,1,1,
2026-09-28 16:35:26,c2-learning,1753000,31.60,80.61,1004.43,32.42,64.56,1003.99,0,0,MANUAL,1,1,1,
2026-09-28 16:35:27,c2-learning,1754000,31.60,80.33,1004.39,32.42,64.30,1003.98,0,0,MANUAL,1,1,1,
2026-09-28 16:35:28,c2-learning,1755000,31.61,80.16,1004.45,32.41,64.49,1004.01,0,0,MANUAL,1,1,1,
2026-09-28 16:35:29,c2-learning,1756000,31.61,80.35,1004.42,32.42,64.03,1004.03,0,0,MANUAL,1,1,1,
2026-09-28 16:35:30,c2-learning,1757000,31.61,80.45,1004.39,32.43,64.21,1004.02,0,0,MANUAL,1,1,1,
2026-09-28 16:35:31,c2-learning,1758000,31.61,80.26,1004.42,32.42,64.52,1004.00,0,0,MANUAL,1,1,1,
2026-09-28 16:35:32,c2-learning,1759000,31.62,80.38,1004.43,32.42,64.19,1004.00,0,0,MANUAL,1,1,1,
2026-09-28 16:35:33,c2-learning,1760000,31.61,80.38,1004.44,32.43,64.36,1003.96,0,0,MANUAL,1,1,1,
2026-09-28 16:35:34,c2-learning,1761000,31.61,80.37,1004.41,32.43,64.45,1004.01,0,0,MANUAL,1,1,1,
2026-09-28 16:35:35,c2-learning,1762000,31.61,80.18,1004.49,32.43,64.37,1003.96,0,0,MANUAL,1,1,1,
2026-09-28 16:35:36,c2-learning,1763000,31.61,80.26,1004.42,32.43,64.62,1003.99,0,0,MANUAL,1,1,1,
2026-09-28 16:35:37,c2-learning,1764000,31.61,80.23,1004.35,32.42,64.11,1004.02,0,0,MANUAL,1,1,1,
2026-09-28 16:35:38,c2-learning,1765000,31.62,80.26,1004.40,32.42,64.07,1003.95,0,0,MANUAL,1,1,1,
2026-09-28 16:35:39,c2-learning,1766000,31.62,80.20,1004.45,32.43,64.45,1004.02,0,0,MANUAL,1,1,1,
2026-09-28 16:35:40,c2-learning,1767000,31.62,80.31,1004.41,32.43,64.28,1004.01,0,0,MANUAL,1,1,1,
2026-09-28 16:35:41,c2-learning,1768000,31.62,80.41,1004.43,32.42,64.46,1003.98,0,0,MANUAL,1,1,1,
2026-09-28 16:35:42,c2-learning,1769000,31.62,80.20,1004.41,32.43,64.11,1003.96,0,0,MANUAL,1,1,1,
2026-09-28 16:35:43,c2-learning,1770000,31.62,80.29,1004.43,32.43,64.54,1004.01,0,0,MANUAL,1,1,1,
2026-09-28 16:35:44,c2-learning,1771000,31.62,80.23,1004.41,32.43,64.35,1004.02,0,0,MANUAL,1,1,1,
2026-09-28 16:35:45,c2-learning,1772000,31.62,80.26,1004.46,32.44,64.48,1003.95,0,0,MANUAL,1,1,1,
2026-09-28 16:35:46,c2-learning,1773000,31.62,80.13,1004.43,32.43,64.15,1004.02,0,0,MANUAL,1,1,1,
2026-09-28 16:35:47,c2-learning,1774000,31.63,80.26,1004.36,32.43,64.13,1004.01,0,0,MANUAL,1,1,1,
2026-09-28 16:35:48,c2-learning,1775000,31.63,80.35,1004.39,32.43,64.10,1004.01,0,0,MANUAL,1,1,1,
2026-09-28 16:35:49,c2-learning,1776000,31.63,80.32,1004.47,32.43,64.44,1004.01,0,0,MANUAL,1,1,1,
2026-09-28 16:35:50,c2-learning,1777000,31.63,80.27,1004.41,32.43,64.45,1003.98,0,0,MANUAL,1,1,1,
2026-09-28 16:35:51,c2-learning,1778000,31.62,80.33,1004.43,32.42,64.46,1004.00,0,0,MANUAL,1,1,1,
2026-09-28 16:35:52,c2-learning,1779000,31.63,80.32,1004.42,32.44,64.42,1004.03,0,0,MANUAL,1,1,1,
2026-09-28 16:35:53,c2-learning,1780000,31.63,80.42,1004.48,32.44,64.37,1003.97,0,0,MANUAL,1,1,1,
2026-09-28 16:35:54,c2-learning,1781000,31.62,80.21,1004.38,32.44,64.43,1003.98,0,0,MANUAL,1,1,1,
2026-09-28 16:35:55,c2-learning,1782000,31.63,80.11,1004.47,32.43,64.55,1004.04,0,0,MANUAL,1,1,1,
2026-09-28 16:35:56,c2-learning,1783000,31.63,80.28,1004.37,32.43,64.52,1003.98,0,0,MANUAL,1,1,1,
2026-09-28 16:35:57,c2-learning,1784000,31.62,80.10,1004.43,32.42,64.46,1004.00,0,0,MANUAL,1,1,1,
2026-09-28 16:35:58,c2-learning,1785000,31.64,80.03,1004.46,32.43,64.47,1003.90,0,0,MANUAL,1,1,1,
2026-09-28 16:35:59,c2-learning,1786000,31.64,80.16,1004.38,32.43,64.32,1003.98,0,0,MANUAL,1,1,1,
2026-09-28 16:36:00,c2-learning,1787000,31.64,80.36,1004.35,32.43,64.62,1003.99,0,0,MANUAL,1,1,1,
2026-09-28 16:36:01,c2-learning,1788000,31.63,80.37,1004.36,32.44,64.61,1004.01,0,0,MANUAL,1,1,1,
2026-09-28 16:36:02,c2-learning,1789000,31.63,80.35,1004.42,32.43,64.46,1003.96,0,0,MANUAL,1,1,1,
2026-09-28 16:36:03,c2-learning,1790000,31.64,80.25,1004.44,32.42,64.37,1003.95,0,0,MANUAL,1,1,1,
2026-09-28 16:36:04,c2-learning,1791000,31.64,80.22,1004.40,32.43,64.51,1003.99,0,0,MANUAL,1,1,1,
2026-09-28 16:36:05,c2-learning,1792000,31.64,80.11,1004.50,32.43,64.50,1004.01,0,0,MANUAL,1,1,1,
2026-09-28 16:36:06,c2-learning,1793000,31.64,80.16,1004.43,32.43,64.22,1003.98,0,0,MANUAL,1,1,1,
2026-09-28 16:36:07,c2-learning,1794000,31.64,80.12,1004.46,32.43,64.37,1003.99,0,0,MANUAL,1,1,1,
2026-09-28 16:36:08,c2-learning,1795000,31.64,79.79,1004.40,32.43,64.35,1004.01,0,0,MANUAL,1,1,1,
2026-09-28 16:36:09,c2-learning,1796000,31.63,79.78,1004.41,32.43,64.43,1003.96,0,0,MANUAL,1,1,1,
2026-09-28 16:36:10,c2-learning,1797000,31.63,79.46,1004.37,32.43,64.21,1003.96,0,0,MANUAL,1,1,1,
2026-09-28 16:36:11,c2-learning,1798000,31.64,79.57,1004.52,32.43,64.53,1003.96,0,0,MANUAL,1,1,1,
2026-09-28 16:36:12,c2-learning,1799000,31.64,79.66,1004.40,32.43,64.18,1004.01,0,0,MANUAL,1,1,1,
2026-09-28 16:36:13,c2-learning,1800000,31.64,79.70,1004.47,32.43,64.22,1004.01,0,0,MANUAL,1,1,1,
2026-09-28 16:36:14,c2-learning,1801000,31.64,79.92,1004.49,32.44,64.21,1004.01,0,0,MANUAL,1,1,1,
2026-09-28 16:36:15,c2-learning,1802000,31.64,79.91,1004.40,32.44,64.15,1004.00,0,0,MANUAL,1,1,1,
2026-09-28 16:36:16,c2-learning,1803000,31.64,80.00,1004.44,32.44,64.10,1004.01,0,0,MANUAL,1,1,1,
2026-09-28 16:36:17,c2-learning,1804000,31.64,79.99,1004.46,32.43,64.17,1003.96,0,0,MANUAL,1,1,1,
2026-09-28 16:36:18,c2-learning,1805000,31.64,79.90,1004.43,32.44,64.26,1004.01,0,0,MANUAL,1,1,1,
2026-09-28 16:36:19,c2-learning,1806000,31.64,79.96,1004.41,32.42,64.05,1003.95,0,0,MANUAL,1,1,1,
2026-09-28 16:36:20,c2-learning,1807000,31.65,79.83,1004.45,32.43,64.20,1003.96,0,0,MANUAL,1,1,1,
2026-09-28 16:36:21,c2-learning,1808000,31.64,79.82,1004.44,32.42,64.29,1004.00,0,0,MANUAL,1,1,1,
2026-09-28 16:36:22,c2-learning,1809000,31.65,79.73,1004.42,32.43,64.15,1004.01,0,0,MANUAL,1,1,1,
2026-09-28 16:36:23,c2-learning,1810000,31.65,79.81,1004.40,32.43,64.16,1003.96,0,0,MANUAL,1,1,1,
2026-09-28 16:36:24,c2-learning,1811000,31.65,79.84,1004.47,32.43,64.38,1003.98,0,0,MANUAL,1,1,1,
2026-09-28 16:36:25,c2-learning,1812000,31.64,79.64,1004.40,32.43,64.18,1003.98,0,0,MANUAL,1,1,1,
2026-09-28 16:36:26,c2-learning,1813000,31.65,79.52,1004.50,32.42,64.25,1004.00,0,0,MANUAL,1,1,1,
2026-09-28 16:36:27,c2-learning,1814000,31.64,79.48,1004.47,32.42,64.12,1003.94,0,0,MANUAL,1,1,1,
2026-09-28 16:36:28,c2-learning,1815000,31.65,79.59,1004.45,32.42,64.53,1003.98,0,0,MANUAL,1,1,1,
2026-09-28 16:36:29,c2-learning,1816000,31.65,79.60,1004.39,32.42,64.43,1003.98,0,0,MANUAL,1,1,1,
2026-09-28 16:36:30,c2-learning,1817000,31.65,79.74,1004.47,32.43,64.34,1004.04,0,0,MANUAL,1,1,1,
2026-09-28 16:36:31,c2-learning,1818000,31.65,79.59,1004.43,32.42,64.50,1004.03,0,0,MANUAL,1,1,1,
2026-09-28 16:36:32,c2-learning,1819000,31.65,79.85,1004.40,32.43,64.58,1004.07,0,0,MANUAL,1,1,1,
2026-09-28 16:36:33,c2-learning,1820000,31.64,79.95,1004.38,32.42,64.43,1004.00,0,0,MANUAL,1,1,1,
2026-09-28 16:36:34,c2-learning,1821000,31.66,79.92,1004.44,32.43,64.63,1003.99,0,0,MANUAL,1,1,1,
2026-09-28 16:36:35,c2-learning,1822000,31.66,79.56,1004.44,32.43,64.22,1003.96,0,0,MANUAL,1,1,1,
2026-09-28 16:36:36,c2-learning,1823000,31.65,79.62,1004.40,32.43,64.46,1004.05,0,0,MANUAL,1,1,1,
2026-09-28 16:36:37,c2-learning,1824000,31.66,79.64,1004.41,32.42,64.59,1004.00,0,0,MANUAL,1,1,1,
2026-09-28 16:36:38,c2-learning,1825000,31.66,79.57,1004.41,32.42,64.66,1003.98,0,0,MANUAL,1,1,1,
2026-09-28 16:36:39,c2-learning,1826000,31.65,79.59,1004.43,32.42,64.58,1003.98,0,0,MANUAL,1,1,1,
2026-09-28 16:36:40,c2-learning,1827000,31.65,79.61,1004.42,32.42,64.45,1004.02,0,0,MANUAL,1,1,1,
2026-09-28 16:36:41,c2-learning,1828000,31.65,79.47,1004.43,32.43,64.12,1003.98,0,0,MANUAL,1,1,1,
2026-09-28 16:36:42,c2-learning,1829000,31.66,79.65,1004.49,32.43,64.37,1004.01,0,0,MANUAL,1,1,1,
2026-09-28 16:36:43,c2-learning,1830000,31.67,79.77,1004.46,32.43,64.49,1003.98,0,0,MANUAL,1,1,1,
2026-09-28 16:36:44,c2-learning,1831000,31.66,79.66,1004.46,32.43,64.49,1004.04,0,0,MANUAL,1,1,1,
2026-09-28 16:36:45,c2-learning,1832000,31.66,79.65,1004.41,32.43,64.69,1003.99,0,0,MANUAL,1,1,1,
2026-09-28 16:36:46,c2-learning,1833000,31.66,79.47,1004.41,32.43,64.33,1004.01,0,0,MANUAL,1,1,1,
2026-09-28 16:36:47,c2-learning,1834000,31.66,79.48,1004.41,32.43,64.60,1004.02,0,0,MANUAL,1,1,1,
2026-09-28 16:36:48,c2-learning,1835000,31.66,79.52,1004.43,32.42,64.63,1004.03,0,0,MANUAL,1,1,1,
2026-09-28 16:36:49,c2-learning,1836000,31.66,79.65,1004.43,32.42,64.43,1003.95,0,0,MANUAL,1,1,1,
2026-09-28 16:36:50,c2-learning,1837000,31.66,79.75,1004.43,32.43,64.60,1003.98,0,0,MANUAL,1,1,1,
2026-09-28 16:36:51,c2-learning,1838000,31.67,79.57,1004.43,32.44,64.56,1004.03,0,0,MANUAL,1,1,1,
2026-09-28 16:36:52,c2-learning,1839000,31.66,79.37,1004.49,32.43,64.55,1004.04,0,0,MANUAL,1,1,1,
2026-09-28 16:36:53,c2-learning,1840000,31.66,79.22,1004.38,32.43,64.50,1004.01,0,0,MANUAL,1,1,1,
2026-09-28 16:36:54,c2-learning,1841000,31.65,79.39,1004.42,32.42,64.62,1004.00,0,0,MANUAL,1,1,1,
2026-09-28 16:36:55,c2-learning,1842000,31.67,79.28,1004.45,32.42,64.60,1004.00,0,0,MANUAL,1,1,1,
2026-09-28 16:36:56,c2-learning,1843000,31.66,79.30,1004.38,32.43,64.60,1003.96,0,0,MANUAL,1,1,1,
2026-09-28 16:36:57,c2-learning,1844000,31.67,79.43,1004.46,32.43,64.45,1003.96,0,0,MANUAL,1,1,1,
2026-09-28 16:36:58,c2-learning,1845000,31.67,79.45,1004.43,32.43,64.45,1003.99,0,0,MANUAL,1,1,1,
2026-09-28 16:36:59,c2-learning,1846000,31.66,79.41,1004.39,32.43,64.27,1003.98,0,0,MANUAL,1,1,1,
2026-09-28 16:37:00,c2-learning,1847000,31.66,79.57,1004.46,32.44,64.11,1004.03,0,0,MANUAL,1,1,1,
2026-09-28 16:37:01,c2-learning,1848000,31.66,79.51,1004.41,32.43,64.45,1003.98,0,0,MANUAL,1,1,1,
2026-09-28 16:37:02,c2-learning,1849000,31.66,79.19,1004.43,32.43,64.52,1004.01,0,0,MANUAL,1,1,1,
2026-09-28 16:37:03,c2-learning,1850000,31.66,79.51,1004.41,32.43,64.12,1004.01,0,0,MANUAL,1,1,1,
2026-09-28 16:37:04,c2-learning,1851000,31.68,79.51,1004.44,32.43,64.39,1003.93,0,0,MANUAL,1,1,1,
2026-09-28 16:37:05,c2-learning,1852000,31.66,79.39,1004.44,32.44,64.33,1004.06,0,0,MANUAL,1,1,1,
2026-09-28 16:37:06,c2-learning,1853000,31.66,79.26,1004.43,32.44,64.21,1004.09,0,0,MANUAL,1,1,1,
2026-09-28 16:37:07,c2-learning,1854000,31.67,79.46,1004.43,32.42,64.30,1004.00,0,0,MANUAL,1,1,1,
2026-09-28 16:37:08,c2-learning,1855000,31.66,79.43,1004.38,32.43,64.22,1003.98,0,0,MANUAL,1,1,1,
2026-09-28 16:37:09,c2-learning,1856000,31.67,79.23,1004.42,32.43,64.36,1004.05,0,0,MANUAL,1,1,1,
2026-09-28 16:37:10,c2-learning,1857000,31.66,78.97,1004.49,32.43,64.50,1003.99,0,0,MANUAL,1,1,1,
2026-09-28 16:37:11,c2-learning,1858000,31.67,79.19,1004.48,32.43,64.61,1004.01,0,0,MANUAL,1,1,1,
2026-09-28 16:37:12,c2-learning,1859000,31.66,79.23,1004.47,32.44,64.58,1004.03,0,0,MANUAL,1,1,1,
2026-09-28 16:37:13,c2-learning,1860000,31.68,79.21,1004.47,32.43,64.42,1004.01,0,0,MANUAL,1,1,1,
2026-09-28 16:37:14,c2-learning,1861000,31.66,79.20,1004.44,32.43,64.24,1004.01,0,0,MANUAL,1,1,1,
2026-09-28 16:37:15,c2-learning,1862000,31.66,79.25,1004.41,32.43,64.29,1004.01,0,0,MANUAL,1,1,1,
2026-09-28 16:37:16,c2-learning,1863000,31.66,79.28,1004.47,32.42,64.29,1004.03,0,0,MANUAL,1,1,1,
2026-09-28 16:37:17,c2-learning,1864000,31.66,79.30,1004.50,32.43,64.47,1003.98,0,0,MANUAL,1,1,1,
2026-09-28 16:37:18,c2-learning,1865000,31.66,79.06,1004.41,32.43,64.51,1003.96,0,0,MANUAL,1,1,1,
2026-09-28 16:37:19,c2-learning,1866000,31.67,79.16,1004.46,32.43,64.53,1004.01,0,0,MANUAL,1,1,1,
2026-09-28 16:37:20,c2-learning,1867000,31.68,79.22,1004.41,32.44,64.47,1004.01,0,0,MANUAL,1,1,1,
2026-09-28 16:37:21,c2-learning,1868000,31.68,79.43,1004.38,32.43,64.18,1004.02,0,0,MANUAL,1,1,1,
2026-09-28 16:37:22,c2-learning,1869000,31.67,79.16,1004.42,32.43,64.50,1004.01,0,0,MANUAL,1,1,1,
2026-09-28 16:37:23,c2-learning,1870000,31.67,79.34,1004.46,32.43,64.12,1004.01,0,0,MANUAL,1,1,1,
2026-09-28 16:37:24,c2-learning,1871000,31.67,79.22,1004.43,32.44,64.16,1004.01,0,0,MANUAL,1,1,1,
2026-09-28 16:37:25,c2-learning,1872000,31.67,79.28,1004.49,32.44,64.08,1004.09,0,0,MANUAL,1,1,1,
2026-09-28 16:37:26,c2-learning,1873000,31.68,79.30,1004.44,32.44,64.40,1004.03,0,0,MANUAL,1,1,1,
2026-09-28 16:37:27,c2-learning,1874000,31.67,79.35,1004.49,32.44,64.15,1003.98,0,0,MANUAL,1,1,1,
2026-09-28 16:37:28,c2-learning,1875000,31.68,79.30,1004.49,32.43,64.11,1004.07,0,0,MANUAL,1,1,1,
2026-09-28 16:37:29,c2-learning,1876000,31.68,79.34,1004.44,32.45,64.26,1004.10,0,0,MANUAL,1,1,1,
2026-09-28 16:37:30,c2-learning,1877000,31.68,79.35,1004.47,32.44,64.51,1003.98,0,0,MANUAL,1,1,1,
2026-09-28 16:37:31,c2-learning,1878000,31.68,79.16,1004.41,32.44,64.49,1004.01,0,0,MANUAL,1,1,1,
2026-09-28 16:37:32,c2-learning,1879000,31.68,79.14,1004.44,32.44,64.63,1004.00,0,0,MANUAL,1,1,1,
2026-09-28 16:37:33,c2-learning,1880000,31.68,79.05,1004.47,32.45,64.52,1004.04,0,0,MANUAL,1,1,1,
2026-09-28 16:37:34,c2-learning,1881000,31.67,79.05,1004.46,32.45,64.48,1004.04,0,0,MANUAL,1,1,1,
2026-09-28 16:37:35,c2-learning,1882000,31.68,79.27,1004.47,32.45,64.57,1004.00,0,0,MANUAL,1,1,1,
2026-09-28 16:37:36,c2-learning,1883000,31.68,79.47,1004.45,32.43,64.62,1004.02,0,0,MANUAL,1,1,1,
2026-09-28 16:37:37,c2-learning,1884000,31.69,79.47,1004.45,32.45,64.66,1004.00,0,0,MANUAL,1,1,1,
2026-09-28 16:37:38,c2-learning,1885000,31.69,79.47,1004.43,32.45,64.54,1004.05,0,0,MANUAL,1,1,1,
2026-09-28 16:37:39,c2-learning,1886000,31.69,79.58,1004.48,32.45,64.24,1004.04,0,0,MANUAL,1,1,1,
2026-09-28 16:37:40,c2-learning,1887000,31.69,79.32,1004.48,32.45,64.31,1004.02,0,0,MANUAL,1,1,1,
2026-09-28 16:37:41,c2-learning,1888000,31.69,79.21,1004.45,32.45,64.44,1004.02,0,0,MANUAL,1,1,1,
2026-09-28 16:37:42,c2-learning,1889000,31.68,79.25,1004.42,32.43,64.46,1004.02,0,0,MANUAL,1,1,1,
2026-09-28 16:37:43,c2-learning,1890000,31.69,79.32,1004.41,32.46,64.39,1004.00,0,0,MANUAL,1,1,1,
2026-09-28 16:37:44,c2-learning,1891000,31.71,79.49,1004.48,32.45,64.18,1004.02,0,0,MANUAL,1,1,1,
2026-09-28 16:37:45,c2-learning,1892000,31.69,79.44,1004.46,32.45,64.59,1004.02,0,0,MANUAL,1,1,1,
2026-09-28 16:37:46,c2-learning,1893000,31.69,79.24,1004.43,32.45,64.41,1004.04,0,0,MANUAL,1,1,1,
2026-09-28 16:37:47,c2-learning,1894000,31.69,79.30,1004.45,32.45,64.60,1004.02,0,0,MANUAL,1,1,1,
2026-09-28 16:37:48,c2-learning,1895000,31.69,79.30,1004.41,32.46,64.31,1003.98,0,0,MANUAL,1,1,1,
2026-09-28 16:37:49,c2-learning,1896000,31.71,79.58,1004.48,32.45,64.59,1004.02,0,0,MANUAL,1,1,1,
2026-09-28 16:37:50,c2-learning,1897000,31.71,79.67,1004.42,32.46,64.32,1004.00,0,0,MANUAL,1,1,1,
2026-09-28 16:37:51,c2-learning,1898000,31.71,79.68,1004.45,32.46,64.42,1004.09,0,0,MANUAL,1,1,1,
2026-09-28 16:37:52,c2-learning,1899000,31.69,79.56,1004.43,32.46,64.66,1004.06,0,0,MANUAL,1,1,1,
2026-09-28 16:37:53,c2-learning,1900000,31.70,79.65,1004.44,32.46,64.64,1004.03,0,0,MANUAL,1,1,1,
2026-09-28 16:37:54,c2-learning,1901000,31.69,79.54,1004.40,32.46,64.51,1004.00,0,0,MANUAL,1,1,1,
2026-09-28 16:37:55,c2-learning,1902000,31.71,79.40,1004.42,32.46,64.60,1004.07,0,0,MANUAL,1,1,1,
2026-09-28 16:37:56,c2-learning,1903000,31.70,79.39,1004.41,32.46,64.52,1004.00,0,0,MANUAL,1,1,1,
2026-09-28 16:37:57,c2-learning,1904000,31.70,79.37,1004.44,32.45,64.40,1004.00,0,0,MANUAL,1,1,1,
2026-09-28 16:37:58,c2-learning,1905000,31.71,79.42,1004.42,32.46,64.62,1004.06,0,0,MANUAL,1,1,1,
2026-09-28 16:37:59,c2-learning,1906000,31.70,79.60,1004.47,32.45,64.39,1003.96,0,0,MANUAL,1,1,1,
2026-09-28 16:38:00,c2-learning,1907000,31.71,79.61,1004.43,32.46,64.50,1003.98,0,0,MANUAL,1,1,1,
2026-09-28 16:38:01,c2-learning,1908000,31.70,79.45,1004.47,32.45,64.41,1004.00,0,0,MANUAL,1,1,1,
2026-09-28 16:38:02,c2-learning,1909000,31.70,79.46,1004.47,32.46,64.36,1004.00,0,0,MANUAL,1,1,1,
2026-09-28 16:38:03,c2-learning,1910000,31.70,79.24,1004.44,32.45,64.51,1004.05,0,0,MANUAL,1,1,1,
2026-09-28 16:38:04,c2-learning,1911000,31.70,79.29,1004.41,32.45,64.56,1004.05,0,0,MANUAL,1,1,1,
2026-09-28 16:38:05,c2-learning,1912000,31.70,79.31,1004.47,32.47,64.49,1004.05,0,0,MANUAL,1,1,1,
2026-09-28 16:38:06,c2-learning,1913000,31.70,79.33,1004.47,32.46,64.56,1004.03,0,0,MANUAL,1,1,1,
2026-09-28 16:38:07,c2-learning,1914000,31.71,79.23,1004.42,32.45,64.48,1004.00,0,0,MANUAL,1,1,1,
2026-09-28 16:38:08,c2-learning,1915000,31.71,79.35,1004.39,32.45,64.44,1004.00,0,0,MANUAL,1,1,1,
2026-09-28 16:38:09,c2-learning,1916000,31.71,79.28,1004.42,32.47,64.54,1003.96,0,0,MANUAL,1,1,1,
2026-09-28 16:38:10,c2-learning,1917000,31.71,79.50,1004.49,32.46,64.26,1004.03,0,0,MANUAL,1,1,1,
2026-09-28 16:38:11,c2-learning,1918000,31.71,79.52,1004.46,32.46,64.56,1004.04,0,0,MANUAL,1,1,1,
2026-09-28 16:38:12,c2-learning,1919000,31.71,79.61,1004.40,32.46,64.59,1004.00,0,0,MANUAL,1,1,1,
2026-09-28 16:38:13,c2-learning,1920000,31.71,79.91,1004.40,32.46,64.35,1004.06,0,0,MANUAL,1,1,1,
2026-09-28 16:38:14,c2-learning,1921000,31.71,79.79,1004.42,32.46,64.29,1004.00,0,0,MANUAL,1,1,1,
2026-09-28 16:38:15,c2-learning,1922000,31.71,79.73,1004.40,32.46,64.18,1004.00,0,0,MANUAL,1,1,1,
2026-09-28 16:38:16,c2-learning,1923000,31.71,79.76,1004.37,32.46,64.26,1004.06,0,0,MANUAL,1,1,1,
2026-09-28 16:38:17,c2-learning,1924000,31.71,80.00,1004.46,32.46,64.14,1004.00,0,0,MANUAL,1,1,1,
2026-09-28 16:38:18,c2-learning,1925000,31.72,79.91,1004.44,32.45,64.58,1004.00,0,0,MANUAL,1,1,1,
2026-09-28 16:38:19,c2-learning,1926000,31.71,79.48,1004.43,32.46,64.60,1003.98,0,0,MANUAL,1,1,1,
2026-09-28 16:38:20,c2-learning,1927000,31.71,79.51,1004.43,32.46,64.62,1004.06,0,0,MANUAL,1,1,1,
2026-09-28 16:38:21,c2-learning,1928000,31.72,79.50,1004.38,32.46,64.55,1004.01,0,0,MANUAL,1,1,1,
2026-09-28 16:38:22,c2-learning,1929000,31.72,79.31,1004.44,32.46,64.40,1004.00,0,0,MANUAL,1,1,1,
2026-09-28 16:38:23,c2-learning,1930000,31.72,79.38,1004.38,32.46,64.52,1004.06,0,0,MANUAL,1,1,1,
2026-09-28 16:38:24,c2-learning,1931000,31.73,79.45,1004.40,32.45,64.16,1004.05,0,0,MANUAL,1,1,1,
2026-09-28 16:38:25,c2-learning,1932000,31.72,79.76,1004.50,32.45,64.64,1004.00,0,0,MANUAL,1,1,1,
2026-09-28 16:38:26,c2-learning,1933000,31.73,79.79,1004.43,32.45,64.57,1003.93,0,0,MANUAL,1,1,1,
2026-09-28 16:38:27,c2-learning,1934000,31.73,79.63,1004.48,32.46,64.54,1004.06,0,0,MANUAL,1,1,1,
2026-09-28 16:38:28,c2-learning,1935000,31.72,79.85,1004.39,32.46,64.61,1004.09,0,0,MANUAL,1,1,1,
2026-09-28 16:38:29,c2-learning,1936000,31.72,80.05,1004.41,32.45,64.52,1004.05,0,0,MANUAL,1,1,1,
2026-09-28 16:38:30,c2-learning,1937000,31.72,80.26,1004.42,32.46,64.40,1004.00,0,0,MANUAL,1,1,1,
2026-09-28 16:38:31,c2-learning,1938000,31.73,80.22,1004.41,32.45,64.29,1004.02,0,0,MANUAL,1,1,1,
2026-09-28 16:38:32,c2-learning,1939000,31.73,79.79,1004.46,32.46,64.42,1003.98,0,0,MANUAL,1,1,1,
2026-09-28 16:38:33,c2-learning,1940000,31.73,79.79,1004.46,32.45,64.42,1004.05,0,0,MANUAL,1,1,1,
2026-09-28 16:38:34,c2-learning,1941000,31.72,79.70,1004.42,32.44,64.47,1003.98,0,0,MANUAL,1,1,1,
2026-09-28 16:38:35,c2-learning,1942000,31.73,79.97,1004.48,32.44,64.40,1004.03,0,0,MANUAL,1,1,1,
2026-09-28 16:38:36,c2-learning,1943000,31.74,80.00,1004.41,32.46,64.47,1004.00,0,0,MANUAL,1,1,1,
2026-09-28 16:38:37,c2-learning,1944000,31.73,79.94,1004.43,32.45,64.51,1003.99,0,0,MANUAL,1,1,1,
2026-09-28 16:38:38,c2-learning,1945000,31.74,80.01,1004.47,32.45,64.40,1004.02,0,0,MANUAL,1,1,1,
2026-09-28 16:38:39,c2-learning,1946000,31.74,79.95,1004.42,32.45,64.14,1003.99,0,0,MANUAL,1,1,1,
2026-09-28 16:38:40,c2-learning,1947000,31.73,79.97,1004.45,32.45,64.44,1004.07,0,0,MANUAL,1,1,1,
2026-09-28 16:38:41,c2-learning,1948000,31.73,80.01,1004.41,32.45,64.02,1003.99,0,0,MANUAL,1,1,1,
2026-09-28 16:38:42,c2-learning,1949000,31.74,80.00,1004.47,32.45,64.30,1003.99,0,0,MANUAL,1,1,1,
2026-09-28 16:38:43,c2-learning,1950000,31.74,79.88,1004.45,32.45,64.14,1004.04,0,0,MANUAL,1,1,1,
2026-09-28 16:38:44,c2-learning,1951000,31.74,79.85,1004.50,32.44,64.49,1004.06,0,0,MANUAL,1,1,1,
2026-09-28 16:38:45,c2-learning,1952000,31.73,79.69,1004.43,32.44,64.53,1004.06,0,0,MANUAL,1,1,1,
2026-09-28 16:38:46,c2-learning,1953000,31.73,79.71,1004.43,32.44,64.56,1004.06,0,0,MANUAL,1,1,1,
2026-09-28 16:38:47,c2-learning,1954000,31.74,79.67,1004.44,32.43,64.61,1003.98,0,0,MANUAL,1,1,1,
2026-09-28 16:38:48,c2-learning,1955000,31.74,79.77,1004.44,32.43,64.61,1004.01,0,0,MANUAL,1,1,1,
2026-09-28 16:38:49,c2-learning,1956000,31.74,79.68,1004.42,32.43,64.58,1004.04,0,0,MANUAL,1,1,1,
2026-09-28 16:38:50,c2-learning,1957000,31.74,79.71,1004.41,32.44,64.44,1004.03,0,0,MANUAL,1,1,1,
2026-09-28 16:38:51,c2-learning,1958000,31.74,79.46,1004.41,32.43,64.41,1004.01,0,0,MANUAL,1,1,1,
2026-09-28 16:38:52,c2-learning,1959000,31.74,79.27,1004.48,32.43,64.59,1004.02,0,0,MANUAL,1,1,1,
2026-09-28 16:38:53,c2-learning,1960000,31.74,79.38,1004.47,32.43,64.38,1004.07,0,0,MANUAL,1,1,1,
2026-09-28 16:38:54,c2-learning,1961000,31.75,79.57,1004.46,32.43,64.56,1003.96,0,0,MANUAL,1,1,1,
2026-09-28 16:38:55,c2-learning,1962000,31.74,79.67,1004.45,32.43,64.52,1004.02,0,0,MANUAL,1,1,1,
2026-09-28 16:38:56,c2-learning,1963000,31.74,79.64,1004.44,32.43,64.41,1004.02,0,0,MANUAL,1,1,1,
2026-09-28 16:38:57,c2-learning,1964000,31.73,79.72,1004.41,32.44,64.53,1004.01,0,0,MANUAL,1,1,1,
2026-09-28 16:38:58,c2-learning,1965000,31.74,80.00,1004.45,32.43,64.61,1003.98,0,0,MANUAL,1,1,1,
2026-09-28 16:38:59,c2-learning,1966000,31.73,79.69,1004.46,32.45,64.60,1004.10,0,0,MANUAL,1,1,1,
2026-09-28 16:39:00,c2-learning,1967000,31.73,79.51,1004.48,32.44,64.56,1004.09,0,0,MANUAL,1,1,1,
2026-09-28 16:39:01,c2-learning,1968000,31.74,79.64,1004.39,32.45,64.60,1004.04,0,0,MANUAL,1,1,1,
2026-09-28 16:39:02,c2-learning,1969000,31.74,79.60,1004.41,32.45,64.62,1004.05,0,0,MANUAL,1,1,1,
2026-09-28 16:39:03,c2-learning,1970000,31.74,79.39,1004.42,32.44,64.63,1004.03,0,0,MANUAL,1,1,1,
2026-09-28 16:39:04,c2-learning,1971000,31.74,79.54,1004.48,32.44,64.38,1004.03,0,0,MANUAL,1,1,1,
2026-09-28 16:39:05,c2-learning,1972000,31.75,79.57,1004.47,32.44,64.64,1004.03,0,0,MANUAL,1,1,1,
2026-09-28 16:39:06,c2-learning,1973000,31.74,79.68,1004.48,32.44,64.62,1004.01,0,0,MANUAL,1,1,1,
2026-09-28 16:39:07,c2-learning,1974000,31.74,79.70,1004.45,32.45,64.51,1004.02,0,0,MANUAL,1,1,1,
2026-09-28 16:39:08,c2-learning,1975000,31.74,79.68,1004.42,32.45,64.58,1004.02,0,0,MANUAL,1,1,1,
2026-09-28 16:39:09,c2-learning,1976000,31.74,79.79,1004.37,32.44,64.61,1004.05,0,0,MANUAL,1,1,1,
2026-09-28 16:39:10,c2-learning,1977000,31.75,79.56,1004.43,32.45,64.28,1004.02,0,0,MANUAL,1,1,1,
2026-09-28 16:39:11,c2-learning,1978000,31.75,79.42,1004.46,32.43,64.62,1003.91,0,0,MANUAL,1,1,1,
2026-09-28 16:39:12,c2-learning,1979000,31.76,79.65,1004.45,32.43,64.55,1004.02,0,0,MANUAL,1,1,1,
2026-09-28 16:39:13,c2-learning,1980000,31.74,79.69,1004.45,32.43,64.56,1003.96,0,0,MANUAL,1,1,1,
2026-09-28 16:39:14,c2-learning,1981000,31.75,79.57,1004.44,32.43,64.62,1004.01,0,0,MANUAL,1,1,1,
2026-09-28 16:39:15,c2-learning,1982000,31.75,79.36,1004.41,32.45,64.67,1004.04,0,0,MANUAL,1,1,1,
2026-09-28 16:39:16,c2-learning,1983000,31.75,79.35,1004.40,32.44,64.54,1004.01,0,0,MANUAL,1,1,1,
2026-09-28 16:39:17,c2-learning,1984000,31.75,79.53,1004.52,32.44,64.62,1004.03,0,0,MANUAL,1,1,1,
2026-09-28 16:39:18,c2-learning,1985000,31.75,79.76,1004.43,32.43,64.54,1003.96,0,0,MANUAL,1,1,1,
2026-09-28 16:39:19,c2-learning,1986000,31.75,79.58,1004.41,32.43,64.70,1004.01,0,0,MANUAL,1,1,1,
2026-09-28 16:39:20,c2-learning,1987000,31.75,79.90,1004.47,32.44,64.51,1003.98,0,0,MANUAL,1,1,1,
2026-09-28 16:39:21,c2-learning,1988000,31.75,79.71,1004.40,32.43,64.51,1004.02,0,0,MANUAL,1,1,1,
2026-09-28 16:39:22,c2-learning,1989000,31.74,79.70,1004.42,32.43,64.56,1003.96,0,0,MANUAL,1,1,1,
2026-09-28 16:39:23,c2-learning,1990000,31.75,79.72,1004.46,32.43,64.43,1003.96,0,0,MANUAL,1,1,1,
2026-09-28 16:39:24,c2-learning,1991000,31.74,79.87,1004.42,32.43,64.56,1004.01,0,0,MANUAL,1,1,1,
2026-09-28 16:39:25,c2-learning,1992000,31.74,79.79,1004.42,32.43,64.56,1003.98,0,0,MANUAL,1,1,1,
2026-09-28 16:39:26,c2-learning,1993000,31.74,79.70,1004.42,32.44,64.58,1004.03,0,0,MANUAL,1,1,1,
2026-09-28 16:39:27,c2-learning,1994000,31.75,79.56,1004.47,32.43,64.70,1003.96,0,0,MANUAL,1,1,1,
2026-09-28 16:39:28,c2-learning,1995000,31.75,79.56,1004.49,32.42,64.58,1004.09,0,0,MANUAL,1,1,1,
2026-09-28 16:39:29,c2-learning,1996000,31.75,79.77,1004.43,32.44,64.23,1004.00,0,0,MANUAL,1,1,1,
2026-09-28 16:39:30,c2-learning,1997000,31.74,79.38,1004.37,32.43,64.21,1004.01,0,0,MANUAL,1,1,1,
2026-09-28 16:39:31,c2-learning,1998000,31.73,79.22,1004.46,32.43,64.27,1004.01,0,0,MANUAL,1,1,1,
2026-09-28 16:39:32,c2-learning,1999000,31.74,79.31,1004.45,32.42,64.41,1004.00,0,0,MANUAL,1,1,1,
2026-09-28 16:39:33,c2-learning,2000000,31.74,79.24,1004.42,32.41,64.28,1003.99,0,0,MANUAL,1,1,1,
2026-09-28 16:39:34,c2-learning,2001000,31.74,79.40,1004.45,32.42,64.22,1004.00,0,0,MANUAL,1,1,1,
2026-09-28 16:39:35,c2-learning,2002000,31.75,79.64,1004.50,32.42,64.13,1003.99,0,0,MANUAL,1,1,1,
2026-09-28 16:39:36,c2-learning,2003000,31.74,79.51,1004.42,32.42,64.52,1003.97,0,0,MANUAL,1,1,1,
2026-09-28 16:39:37,c2-learning,2004000,31.74,79.70,1004.39,32.40,64.27,1004.01,0,0,MANUAL,1,1,1,
2026-09-28 16:39:38,c2-learning,2005000,31.75,79.77,1004.50,32.42,64.28,1004.06,0,0,MANUAL,1,1,1,
2026-09-28 16:39:39,c2-learning,2006000,31.76,80.08,1004.50,32.42,64.26,1003.97,0,0,MANUAL,1,1,1,
2026-09-28 16:39:40,c2-learning,2007000,31.76,80.09,1004.50,32.42,64.47,1003.94,0,0,MANUAL,1,1,1,
2026-09-28 16:39:41,c2-learning,2008000,31.75,79.71,1004.49,32.41,64.38,1003.96,0,0,MANUAL,1,1,1,
2026-09-28 16:39:42,c2-learning,2009000,31.75,79.81,1004.44,32.41,64.25,1003.93,0,0,MANUAL,1,1,1,
2026-09-28 16:39:43,c2-learning,2010000,31.75,79.64,1004.50,32.41,64.42,1003.96,0,0,MANUAL,1,1,1,
2026-09-28 16:39:44,c2-learning,2011000,31.75,79.88,1004.43,32.42,64.41,1003.97,0,0,MANUAL,1,1,1,
2026-09-28 16:39:45,c2-learning,2012000,31.75,79.85,1004.50,32.42,64.11,1004.00,0,0,MANUAL,1,1,1,
2026-09-28 16:39:46,c2-learning,2013000,31.75,79.96,1004.41,32.40,64.63,1003.98,0,0,MANUAL,1,1,1,
2026-09-28 16:39:47,c2-learning,2014000,31.75,80.20,1004.44,32.41,64.38,1003.96,0,0,MANUAL,1,1,1,
2026-09-28 16:39:48,c2-learning,2015000,31.75,80.15,1004.44,32.41,64.29,1003.99,0,0,MANUAL,1,1,1,
2026-09-28 16:39:49,c2-learning,2016000,31.76,80.32,1004.42,32.40,64.55,1003.98,0,0,MANUAL,1,1,1,
2026-09-28 16:39:50,c2-learning,2017000,31.76,80.40,1004.45,32.40,64.62,1004.03,0,0,MANUAL,1,1,1,
2026-09-28 16:39:51,c2-learning,2018000,31.76,80.53,1004.43,32.42,64.50,1004.02,0,0,MANUAL,1,1,1,
2026-09-28 16:39:52,c2-learning,2019000,31.76,80.44,1004.45,32.40,64.42,1004.01,0,0,MANUAL,1,1,1,
2026-09-28 16:39:53,c2-learning,2020000,31.77,80.34,1004.43,32.41,64.36,1003.96,0,0,MANUAL,1,1,1,
2026-09-28 16:39:54,c2-learning,2021000,31.76,80.21,1004.39,32.42,64.56,1004.08,0,0,MANUAL,1,1,1,
2026-09-28 16:39:55,c2-learning,2022000,31.76,80.07,1004.39,32.42,64.47,1003.99,0,0,MANUAL,1,1,1,
2026-09-28 16:39:56,c2-learning,2023000,31.75,80.02,1004.38,32.40,64.08,1004.03,0,0,MANUAL,1,1,1,
2026-09-28 16:39:57,c2-learning,2024000,31.76,79.86,1004.45,32.40,64.51,1004.03,0,0,MANUAL,1,1,1,
2026-09-28 16:39:58,c2-learning,2025000,31.75,79.83,1004.41,32.40,64.29,1003.98,0,0,MANUAL,1,1,1,
2026-09-28 16:39:59,c2-learning,2026000,31.75,79.86,1004.44,32.40,64.35,1004.00,0,0,MANUAL,1,1,1,
2026-09-28 16:40:00,c2-learning,2027000,31.75,79.70,1004.44,32.41,64.49,1003.96,0,0,MANUAL,1,1,1,
2026-09-28 16:40:01,c2-learning,2028000,31.75,79.78,1004.50,32.42,64.51,1003.99,0,0,MANUAL,1,1,1,
2026-09-28 16:40:02,c2-learning,2029000,31.76,79.80,1004.45,32.39,64.22,1003.96,0,0,MANUAL,1,1,1,
2026-09-28 16:40:03,c2-learning,2030000,31.76,79.85,1004.40,32.40,64.18,1004.03,0,0,MANUAL,1,1,1,
2026-09-28 16:40:04,c2-learning,2031000,31.76,79.89,1004.45,32.41,64.11,1004.01,0,0,MANUAL,1,1,1,
2026-09-28 16:40:05,c2-learning,2032000,31.76,79.94,1004.45,32.40,64.19,1004.06,0,0,MANUAL,1,1,1,
2026-09-28 16:40:06,c2-learning,2033000,31.76,79.68,1004.43,32.40,64.53,1004.03,0,0,MANUAL,1,1,1,
2026-09-28 16:40:07,c2-learning,2034000,31.76,79.68,1004.45,32.41,64.26,1004.01,0,0,MANUAL,1,1,1,
2026-09-28 16:40:08,c2-learning,2035000,31.75,79.43,1004.47,32.40,64.38,1004.01,0,0,MANUAL,1,1,1,
2026-09-28 16:40:09,c2-learning,2036000,31.77,79.64,1004.47,32.39,64.66,1004.02,0,0,MANUAL,1,1,1,
2026-09-28 16:40:10,c2-learning,2037000,31.77,80.03,1004.38,32.41,64.63,1004.01,0,0,MANUAL,1,1,1,
2026-09-28 16:40:11,c2-learning,2038000,31.76,80.02,1004.45,32.40,64.44,1003.97,0,0,MANUAL,1,1,1,
2026-09-28 16:40:12,c2-learning,2039000,31.77,79.92,1004.46,32.39,64.50,1004.02,0,0,MANUAL,1,1,1,
2026-09-28 16:40:13,c2-learning,2040000,31.76,79.96,1004.45,32.40,64.26,1004.01,0,0,MANUAL,1,1,1,
2026-09-28 16:40:14,c2-learning,2041000,31.76,79.90,1004.40,32.39,64.34,1003.96,0,0,MANUAL,1,1,1,
2026-09-28 16:40:15,c2-learning,2042000,31.76,79.58,1004.37,32.39,64.65,1003.98,0,0,MANUAL,1,1,1,
2026-09-28 16:40:16,c2-learning,2043000,31.76,79.74,1004.43,32.38,64.71,1004.00,0,0,MANUAL,1,1,1,
2026-09-28 16:40:17,c2-learning,2044000,31.76,79.80,1004.43,32.40,64.63,1004.05,0,0,MANUAL,1,1,1,
2026-09-28 16:40:18,c2-learning,2045000,31.76,79.59,1004.51,32.39,64.70,1003.99,0,0,MANUAL,1,1,1,
2026-09-28 16:40:19,c2-learning,2046000,31.76,79.55,1004.45,32.39,64.51,1004.01,0,0,MANUAL,1,1,1,
2026-09-28 16:40:20,c2-learning,2047000,31.77,79.74,1004.49,32.39,64.52,1003.99,0,0,MANUAL,1,1,1,
2026-09-28 16:40:21,c2-learning,2048000,31.76,79.92,1004.43,32.39,64.55,1004.01,0,0,MANUAL,1,1,1,
2026-09-28 16:40:22,c2-learning,2049000,31.77,79.86,1004.49,32.39,64.53,1003.99,0,0,MANUAL,1,1,1,
2026-09-28 16:40:23,c2-learning,2050000,31.76,79.79,1004.45,32.39,64.50,1004.02,0,0,MANUAL,1,1,1,
2026-09-28 16:40:24,c2-learning,2051000,31.76,79.68,1004.45,32.39,64.28,1004.05,0,0,MANUAL,1,1,1,
2026-09-28 16:40:25,c2-learning,2052000,31.77,79.65,1004.44,32.39,64.31,1004.01,0,0,MANUAL,1,1,1,
2026-09-28 16:40:26,c2-learning,2053000,31.76,79.40,1004.45,32.38,64.26,1003.97,0,0,MANUAL,1,1,1,
2026-09-28 16:40:27,c2-learning,2054000,31.76,79.75,1004.45,32.39,64.26,1004.01,0,0,MANUAL,1,1,1,
2026-09-28 16:40:28,c2-learning,2055000,31.76,80.10,1004.40,32.39,64.20,1004.02,0,0,MANUAL,1,1,1,
2026-09-28 16:40:29,c2-learning,2056000,31.76,80.06,1004.43,32.39,64.32,1004.07,0,0,MANUAL,1,1,1,
2026-09-28 16:40:30,c2-learning,2057000,31.76,79.98,1004.43,32.38,64.41,1004.06,0,0,MANUAL,1,1,1,
2026-09-28 16:40:31,c2-learning,2058000,31.77,79.87,1004.46,32.38,64.56,1004.00,0,0,MANUAL,1,1,1,
2026-09-28 16:40:32,c2-learning,2059000,31.76,79.75,1004.48,32.38,64.32,1004.06,0,0,MANUAL,1,1,1,
2026-09-28 16:40:33,c2-learning,2060000,31.77,79.39,1004.46,32.38,64.47,1003.97,0,0,MANUAL,1,1,1,
2026-09-28 16:40:34,c2-learning,2061000,31.76,79.10,1004.48,32.38,64.56,1004.06,0,0,MANUAL,1,1,1,
2026-09-28 16:40:35,c2-learning,2062000,31.77,79.31,1004.41,32.37,64.33,1004.10,0,0,MANUAL,1,1,1,
2026-09-28 16:40:36,c2-learning,2063000,31.76,79.43,1004.45,32.37,64.53,1003.95,0,0,MANUAL,1,1,1,
2026-09-28 16:40:37,c2-learning,2064000,31.76,79.42,1004.48,32.37,64.25,1004.01,0,0,MANUAL,1,1,1,
2026-09-28 16:40:38,c2-learning,2065000,31.77,79.55,1004.41,32.38,64.35,1004.03,0,0,MANUAL,1,1,1,
2026-09-28 16:40:39,c2-learning,2066000,31.76,79.65,1004.45,32.37,64.32,1003.99,0,0,MANUAL,1,1,1,
2026-09-28 16:40:40,c2-learning,2067000,31.77,79.48,1004.43,32.37,64.31,1003.99,0,0,MANUAL,1,1,1,
2026-09-28 16:40:41,c2-learning,2068000,31.76,79.66,1004.43,32.38,64.52,1004.02,0,0,MANUAL,1,1,1,
2026-09-28 16:40:42,c2-learning,2069000,31.76,79.41,1004.40,32.37,64.32,1003.99,0,0,MANUAL,1,1,1,
2026-09-28 16:40:43,c2-learning,2070000,31.76,79.48,1004.43,32.37,64.16,1004.03,0,0,MANUAL,1,1,1,
2026-09-28 16:40:44,c2-learning,2071000,31.76,79.47,1004.45,32.37,64.59,1004.03,0,0,MANUAL,1,1,1,
2026-09-28 16:40:45,c2-learning,2072000,31.77,79.52,1004.47,32.36,64.66,1004.03,0,0,MANUAL,1,1,1,
2026-09-28 16:40:46,c2-learning,2073000,31.76,79.48,1004.45,32.37,64.46,1003.96,0,0,MANUAL,1,1,1,
2026-09-28 16:40:47,c2-learning,2074000,31.77,79.34,1004.41,32.36,64.67,1004.03,0,0,MANUAL,1,1,1,
2026-09-28 16:40:48,c2-learning,2075000,31.76,79.20,1004.37,32.37,64.56,1003.99,0,0,MANUAL,1,1,1,
2026-09-28 16:40:49,c2-learning,2076000,31.76,79.35,1004.42,32.37,64.59,1003.98,0,0,MANUAL,1,1,1,
2026-09-28 16:40:50,c2-learning,2077000,31.77,79.51,1004.43,32.37,64.68,1004.01,0,0,MANUAL,1,1,1,
2026-09-28 16:40:51,c2-learning,2078000,31.76,79.57,1004.45,32.38,64.25,1004.02,0,0,MANUAL,1,1,1,
2026-09-28 16:40:52,c2-learning,2079000,31.76,79.53,1004.42,32.37,64.32,1004.01,0,0,MANUAL,1,1,1,
2026-09-28 16:40:53,c2-learning,2080000,31.76,79.29,1004.47,32.37,64.24,1004.04,0,0,MANUAL,1,1,1,
2026-09-28 16:40:54,c2-learning,2081000,31.76,79.40,1004.39,32.37,64.29,1004.01,0,0,MANUAL,1,1,1,
2026-09-28 16:40:55,c2-learning,2082000,31.76,79.41,1004.45,32.38,64.63,1003.99,0,0,MANUAL,1,1,1,
2026-09-28 16:40:56,c2-learning,2083000,31.76,79.38,1004.45,32.38,64.51,1004.06,0,0,MANUAL,1,1,1,
2026-09-28 16:40:57,c2-learning,2084000,31.76,79.42,1004.48,32.38,64.23,1004.06,0,0,MANUAL,1,1,1,
2026-09-28 16:40:58,c2-learning,2085000,31.76,79.56,1004.43,32.38,64.31,1003.99,0,0,MANUAL,1,1,1,
2026-09-28 16:40:59,c2-learning,2086000,31.77,79.50,1004.52,32.38,64.27,1004.08,0,0,MANUAL,1,1,1,
2026-09-28 16:41:00,c2-learning,2087000,31.76,79.45,1004.43,32.38,64.41,1004.00,0,0,MANUAL,1,1,1,
2026-09-28 16:41:01,c2-learning,2088000,31.76,79.42,1004.42,32.38,64.23,1003.94,0,0,MANUAL,1,1,1,
2026-09-28 16:41:02,c2-learning,2089000,31.76,79.47,1004.43,32.38,64.25,1003.99,0,0,MANUAL,1,1,1,
2026-09-28 16:41:03,c2-learning,2090000,31.77,79.34,1004.38,32.38,64.55,1003.99,0,0,MANUAL,1,1,1,
2026-09-28 16:41:04,c2-learning,2091000,31.76,79.31,1004.42,32.38,64.22,1004.00,0,0,MANUAL,1,1,1,
2026-09-28 16:41:05,c2-learning,2092000,31.76,79.43,1004.47,32.38,64.47,1004.00,0,0,MANUAL,1,1,1,
2026-09-28 16:41:06,c2-learning,2093000,31.76,79.51,1004.40,32.39,64.25,1004.01,0,0,MANUAL,1,1,1,
2026-09-28 16:41:07,c2-learning,2094000,31.76,79.49,1004.45,32.38,64.23,1004.06,0,0,MANUAL,1,1,1,
2026-09-28 16:41:08,c2-learning,2095000,31.76,79.39,1004.48,32.38,64.29,1003.97,0,0,MANUAL,1,1,1,
2026-09-28 16:41:09,c2-learning,2096000,31.76,79.37,1004.47,32.38,64.31,1003.94,0,0,MANUAL,1,1,1,
2026-09-28 16:41:10,c2-learning,2097000,31.76,79.66,1004.43,32.38,64.23,1004.06,0,0,MANUAL,1,1,1,
2026-09-28 16:41:11,c2-learning,2098000,31.76,79.56,1004.42,32.39,64.26,1004.04,0,0,MANUAL,1,1,1,
2026-09-28 16:41:12,c2-learning,2099000,31.75,79.65,1004.44,32.38,64.14,1004.06,0,0,MANUAL,1,1,1,
2026-09-28 16:41:13,c2-learning,2100000,31.76,79.67,1004.43,32.39,64.21,1004.02,0,0,MANUAL,1,1,1,
2026-09-28 16:41:14,c2-learning,2101000,31.77,79.64,1004.55,32.38,64.45,1004.06,0,0,MANUAL,1,1,1,
2026-09-28 16:41:15,c2-learning,2102000,31.77,79.62,1004.46,32.38,64.27,1004.05,0,0,MANUAL,1,1,1,
2026-09-28 16:41:16,c2-learning,2103000,31.76,79.65,1004.45,32.37,64.34,1003.99,0,0,MANUAL,1,1,1,
2026-09-28 16:41:17,c2-learning,2104000,31.77,79.60,1004.50,32.38,64.22,1004.03,0,0,MANUAL,1,1,1,
2026-09-28 16:41:18,c2-learning,2105000,31.76,79.59,1004.51,32.38,64.22,1003.99,0,0,MANUAL,1,1,1,
2026-09-28 16:41:19,c2-learning,2106000,31.77,79.54,1004.44,32.37,64.30,1004.04,0,0,MANUAL,1,1,1,
2026-09-28 16:41:20,c2-learning,2107000,31.76,79.36,1004.45,32.38,64.23,1003.97,0,0,MANUAL,1,1,1,
2026-09-28 16:41:21,c2-learning,2108000,31.76,79.69,1004.40,32.38,64.27,1004.00,0,0,MANUAL,1,1,1,
2026-09-28 16:41:22,c2-learning,2109000,31.76,79.84,1004.45,32.38,64.40,1004.00,0,0,MANUAL,1,1,1,
2026-09-28 16:41:23,c2-learning,2110000,31.76,79.88,1004.43,32.37,64.30,1003.98,0,0,MANUAL,1,1,1,
2026-09-28 16:41:24,c2-learning,2111000,31.77,79.77,1004.49,32.38,64.33,1004.02,0,0,MANUAL,1,1,1,
2026-09-28 16:41:25,c2-learning,2112000,31.76,79.66,1004.47,32.38,64.31,1004.05,0,0,MANUAL,1,1,1,
2026-09-28 16:41:26,c2-learning,2113000,31.77,79.58,1004.46,32.38,64.50,1004.05,0,0,MANUAL,1,1,1,
2026-09-28 16:41:27,c2-learning,2114000,31.76,79.43,1004.42,32.37,64.35,1003.99,0,0,MANUAL,1,1,1,
2026-09-28 16:41:28,c2-learning,2115000,31.77,79.58,1004.53,32.37,64.31,1004.07,0,0,MANUAL,1,1,1,
2026-09-28 16:41:29,c2-learning,2116000,31.76,79.44,1004.45,32.37,64.30,1004.04,0,0,MANUAL,1,1,1,
2026-09-28 16:41:30,c2-learning,2117000,31.76,79.59,1004.40,32.37,64.31,1004.06,0,0,MANUAL,1,1,1,
2026-09-28 16:41:31,c2-learning,2118000,31.77,79.65,1004.52,32.37,64.32,1003.98,0,0,MANUAL,1,1,1,
2026-09-28 16:41:32,c2-learning,2119000,31.77,79.69,1004.46,32.38,64.32,1004.05,0,0,MANUAL,1,1,1,
2026-09-28 16:41:33,c2-learning,2120000,31.76,79.64,1004.45,32.38,64.29,1003.99,0,0,MANUAL,1,1,1,
2026-09-28 16:41:34,c2-learning,2121000,31.77,79.67,1004.46,32.37,64.24,1004.04,0,0,MANUAL,1,1,1,
2026-09-28 16:41:35,c2-learning,2122000,31.76,79.50,1004.45,32.38,64.42,1004.03,0,0,MANUAL,1,1,1,
2026-09-28 16:41:36,c2-learning,2123000,31.76,79.46,1004.45,32.38,64.59,1004.02,0,0,MANUAL,1,1,1,
2026-09-28 16:41:37,c2-learning,2124000,31.77,79.48,1004.44,32.38,64.68,1004.03,0,0,MANUAL,1,1,1,
2026-09-28 16:41:38,c2-learning,2125000,31.77,79.56,1004.50,32.38,64.30,1004.02,0,0,MANUAL,1,1,1,
2026-09-28 16:41:39,c2-learning,2126000,31.77,79.52,1004.43,32.38,64.50,1004.03,0,0,MANUAL,1,1,1,
2026-09-28 16:41:40,c2-learning,2127000,31.77,79.45,1004.39,32.39,64.70,1004.01,0,0,MANUAL,1,1,1,
2026-09-28 16:41:41,c2-learning,2128000,31.76,79.43,1004.51,32.38,64.75,1004.00,0,0,MANUAL,1,1,1,
2026-09-28 16:41:42,c2-learning,2129000,31.77,79.58,1004.47,32.38,64.80,1003.99,0,0,MANUAL,1,1,1,
2026-09-28 16:41:43,c2-learning,2130000,31.76,79.51,1004.43,32.39,64.65,1004.01,0,0,MANUAL,1,1,1,
2026-09-28 16:41:44,c2-learning,2131000,31.77,79.57,1004.50,32.38,64.64,1004.02,0,0,MANUAL,1,1,1,
2026-09-28 16:41:45,c2-learning,2132000,31.77,79.62,1004.49,32.38,64.63,1004.03,0,0,MANUAL,1,1,1,
2026-09-28 16:41:46,c2-learning,2133000,31.76,79.55,1004.45,32.38,64.48,1004.06,0,0,MANUAL,1,1,1,
2026-09-28 16:41:47,c2-learning,2134000,31.76,79.53,1004.51,32.39,64.82,1004.01,0,0,MANUAL,1,1,1,
2026-09-28 16:41:48,c2-learning,2135000,31.76,79.63,1004.39,32.38,64.57,1003.97,0,0,MANUAL,1,1,1,
2026-09-28 16:41:49,c2-learning,2136000,31.76,79.47,1004.48,32.38,64.52,1004.05,0,0,MANUAL,1,1,1,
2026-09-28 16:41:50,c2-learning,2137000,31.77,79.62,1004.46,32.38,64.27,1004.06,0,0,MANUAL,1,1,1,
2026-09-28 16:41:51,c2-learning,2138000,31.77,79.58,1004.43,32.38,64.58,1004.03,0,0,MANUAL,1,1,1,
2026-09-28 16:41:52,c2-learning,2139000,31.76,79.64,1004.48,32.38,64.51,1004.03,0,0,MANUAL,1,1,1,
2026-09-28 16:41:53,c2-learning,2140000,31.77,79.47,1004.41,32.38,64.76,1004.05,0,0,MANUAL,1,1,1,
2026-09-28 16:41:54,c2-learning,2141000,31.77,79.41,1004.46,32.38,64.62,1004.03,0,0,MANUAL,1,1,1,
2026-09-28 16:41:55,c2-learning,2142000,31.77,79.50,1004.43,32.39,64.71,1004.04,0,0,MANUAL,1,1,1,
2026-09-28 16:41:56,c2-learning,2143000,31.77,79.61,1004.41,32.38,64.65,1004.00,0,0,MANUAL,1,1,1,
2026-09-28 16:41:57,c2-learning,2144000,31.78,79.58,1004.48,32.38,64.74,1004.06,0,0,MANUAL,1,1,1,
2026-09-28 16:41:58,c2-learning,2145000,31.77,79.61,1004.50,32.39,64.30,1004.01,0,0,MANUAL,1,1,1,
2026-09-28 16:41:59,c2-learning,2146000,31.76,79.52,1004.48,32.38,64.66,1004.08,0,0,MANUAL,1,1,1,
2026-09-28 16:42:00,c2-learning,2147000,31.78,79.40,1004.51,32.37,64.38,1004.04,0,0,MANUAL,1,1,1,
2026-09-28 16:42:01,c2-learning,2148000,31.78,79.38,1004.48,32.38,64.57,1004.03,0,0,MANUAL,1,1,1,
2026-09-28 16:42:02,c2-learning,2149000,31.77,79.32,1004.46,32.37,64.59,1004.04,0,0,MANUAL,1,1,1,
2026-09-28 16:42:03,c2-learning,2150000,31.77,79.57,1004.41,32.37,64.68,1004.07,0,0,MANUAL,1,1,1,
2026-09-28 16:42:04,c2-learning,2151000,31.78,79.83,1004.51,32.38,64.24,1004.05,0,0,MANUAL,1,1,1,
2026-09-28 16:42:05,c2-learning,2152000,31.77,79.73,1004.49,32.38,64.38,1004.05,0,0,MANUAL,1,1,1,
2026-09-28 16:42:06,c2-learning,2153000,31.76,79.34,1004.51,32.37,64.27,1003.98,0,0,MANUAL,1,1,1,
2026-09-28 16:42:07,c2-learning,2154000,31.77,79.37,1004.50,32.37,64.37,1004.10,0,0,MANUAL,1,1,1,
2026-09-28 16:42:08,c2-learning,2155000,31.77,79.46,1004.50,32.38,64.77,1004.08,0,0,MANUAL,1,1,1,
2026-09-28 16:42:09,c2-learning,2156000,31.77,79.32,1004.53,32.38,64.60,1004.05,0,0,MANUAL,1,1,1,
2026-09-28 16:42:10,c2-learning,2157000,31.77,79.43,1004.46,32.37,64.69,1004.06,0,0,MANUAL,1,1,1,
2026-09-28 16:42:11,c2-learning,2158000,31.77,79.43,1004.50,32.37,64.51,1004.04,0,0,MANUAL,1,1,1,
2026-09-28 16:42:12,c2-learning,2159000,31.77,79.20,1004.43,32.37,64.76,1004.03,0,0,MANUAL,1,1,1,
2026-09-28 16:42:13,c2-learning,2160000,31.77,79.01,1004.47,32.37,64.67,1004.07,0,0,MANUAL,1,1,1,
2026-09-28 16:42:14,c2-learning,2161000,31.77,79.10,1004.46,32.37,64.56,1003.95,0,0,MANUAL,1,1,1,
2026-09-28 16:42:15,c2-learning,2162000,31.78,79.48,1004.48,32.37,64.32,1004.07,0,0,MANUAL,1,1,1,
2026-09-28 16:42:16,c2-learning,2163000,31.77,79.37,1004.53,32.37,64.51,1004.13,0,0,MANUAL,1,1,1,
2026-09-28 16:42:17,c2-learning,2164000,31.77,79.40,1004.46,32.37,64.24,1004.03,0,0,MANUAL,1,1,1,
2026-09-28 16:42:18,c2-learning,2165000,31.77,79.45,1004.41,32.38,64.65,1004.06,0,0,MANUAL,1,1,1,
2026-09-28 16:42:19,c2-learning,2166000,31.76,78.87,1004.43,32.38,64.62,1004.02,0,0,MANUAL,1,1,1,
2026-09-28 16:42:20,c2-learning,2167000,31.77,78.95,1004.49,32.36,64.27,1004.03,0,0,MANUAL,1,1,1,
2026-09-28 16:42:21,c2-learning,2168000,31.77,79.11,1004.50,32.36,64.37,1004.00,0,0,MANUAL,1,1,1,
2026-09-28 16:42:22,c2-learning,2169000,31.77,79.23,1004.41,32.37,64.72,1004.09,0,0,MANUAL,1,1,1,
2026-09-28 16:42:23,c2-learning,2170000,31.77,79.36,1004.49,32.37,64.30,1004.04,0,0,MANUAL,1,1,1,
2026-09-28 16:42:24,c2-learning,2171000,31.77,79.24,1004.47,32.36,64.54,1004.03,0,0,MANUAL,1,1,1,
2026-09-28 16:42:25,c2-learning,2172000,31.77,79.41,1004.43,32.37,64.48,1004.01,0,0,MANUAL,1,1,1,
2026-09-28 16:42:26,c2-learning,2173000,31.77,79.49,1004.41,32.37,64.38,1003.99,0,0,MANUAL,1,1,1,
2026-09-28 16:42:27,c2-learning,2174000,31.76,79.58,1004.43,32.38,64.66,1003.99,0,0,MANUAL,1,1,1,
2026-09-28 16:42:28,c2-learning,2175000,31.77,79.42,1004.46,32.37,64.60,1004.04,0,0,MANUAL,1,1,1,
2026-09-28 16:42:29,c2-learning,2176000,31.77,79.20,1004.47,32.37,64.30,1004.01,0,0,MANUAL,1,1,1,
2026-09-28 16:42:30,c2-learning,2177000,31.76,79.26,1004.51,32.37,64.32,1004.03,0,0,MANUAL,1,1,1,
2026-09-28 16:42:31,c2-learning,2178000,31.77,79.36,1004.46,32.37,64.36,1004.01,0,0,MANUAL,1,1,1,
2026-09-28 16:42:32,c2-learning,2179000,31.77,79.32,1004.46,32.38,64.38,1004.05,0,0,MANUAL,1,1,1,
2026-09-28 16:42:33,c2-learning,2180000,31.76,79.40,1004.45,32.37,64.24,1004.06,0,0,MANUAL,1,1,1,
2026-09-28 16:42:34,c2-learning,2181000,31.77,79.31,1004.53,32.38,64.37,1004.06,0,0,MANUAL,1,1,1,
2026-09-28 16:42:35,c2-learning,2182000,31.77,78.92,1004.46,32.37,64.27,1004.10,0,0,MANUAL,1,1,1,
2026-09-28 16:42:36,c2-learning,2183000,31.77,79.08,1004.49,32.37,64.58,1004.07,0,0,MANUAL,1,1,1,
2026-09-28 16:42:37,c2-learning,2184000,31.77,79.08,1004.50,32.37,64.47,1004.07,0,0,MANUAL,1,1,1,
2026-09-28 16:42:38,c2-learning,2185000,31.77,79.27,1004.41,32.38,64.32,1004.03,0,0,MANUAL,1,1,1,
2026-09-28 16:42:39,c2-learning,2186000,31.76,79.20,1004.43,32.37,64.35,1004.07,0,0,MANUAL,1,1,1,
2026-09-28 16:42:40,c2-learning,2187000,31.76,79.38,1004.48,32.37,64.25,1004.07,0,0,MANUAL,1,1,1,
2026-09-28 16:42:41,c2-learning,2188000,31.77,79.18,1004.47,32.39,64.66,1004.04,0,0,MANUAL,1,1,1,
2026-09-28 16:42:42,c2-learning,2189000,31.76,79.21,1004.51,32.38,64.52,1003.99,0,0,MANUAL,1,1,1,
2026-09-28 16:42:43,c2-learning,2190000,31.76,79.40,1004.45,32.37,64.57,1004.04,0,0,MANUAL,1,1,1,
2026-09-28 16:42:44,c2-learning,2191000,31.77,79.44,1004.49,32.37,64.68,1004.07,0,0,MANUAL,1,1,1,
2026-09-28 16:42:45,c2-learning,2192000,31.77,79.61,1004.50,32.38,64.69,1004.05,0,0,MANUAL,1,1,1,
2026-09-28 16:42:46,c2-learning,2193000,31.78,79.60,1004.48,32.37,64.76,1004.01,0,0,MANUAL,1,1,1,
2026-09-28 16:42:47,c2-learning,2194000,31.76,79.40,1004.54,32.37,64.83,1004.01,0,0,MANUAL,1,1,1,
2026-09-28 16:42:48,c2-learning,2195000,31.77,79.24,1004.47,32.37,64.75,1004.07,0,0,MANUAL,1,1,1,
2026-09-28 16:42:49,c2-learning,2196000,31.77,79.34,1004.44,32.37,64.51,1004.04,0,0,MANUAL,1,1,1,
2026-09-28 16:42:50,c2-learning,2197000,31.77,79.23,1004.50,32.37,64.74,1004.04,0,0,MANUAL,1,1,1,
2026-09-28 16:42:51,c2-learning,2198000,31.76,79.22,1004.47,32.37,64.55,1004.01,0,0,MANUAL,1,1,1,
2026-09-28 16:42:52,c2-learning,2199000,31.76,79.39,1004.45,32.37,64.40,1004.01,0,0,MANUAL,1,1,1,
2026-09-28 16:42:53,c2-learning,2200000,31.76,79.22,1004.48,32.38,64.33,1004.06,0,0,MANUAL,1,1,1,
2026-09-28 16:42:54,c2-learning,2201000,31.77,79.42,1004.47,32.37,64.34,1004.04,0,0,MANUAL,1,1,1,
2026-09-28 16:42:55,c2-learning,2202000,31.78,79.59,1004.52,32.37,64.47,1004.01,0,0,MANUAL,1,1,1,
2026-09-28 16:42:56,c2-learning,2203000,31.77,79.78,1004.47,32.37,64.37,1004.04,0,0,MANUAL,1,1,1,
2026-09-28 16:42:57,c2-learning,2204000,31.77,79.82,1004.47,32.38,64.55,1004.05,0,0,MANUAL,1,1,1,
2026-09-28 16:42:58,c2-learning,2205000,31.78,79.96,1004.51,32.38,64.47,1004.06,0,0,MANUAL,1,1,1,
2026-09-28 16:42:59,c2-learning,2206000,31.77,80.04,1004.47,32.38,64.62,1004.09,0,0,MANUAL,1,1,1,
2026-09-28 16:43:00,c2-learning,2207000,31.78,79.93,1004.46,32.39,64.29,1004.04,0,0,MANUAL,1,1,1,
2026-09-28 16:43:01,c2-learning,2208000,31.77,79.86,1004.53,32.39,64.46,1004.07,0,0,MANUAL,1,1,1,
2026-09-28 16:43:02,c2-learning,2209000,31.78,79.90,1004.48,32.39,64.27,1004.07,0,0,MANUAL,1,1,1,
2026-09-28 16:43:03,c2-learning,2210000,31.78,79.85,1004.51,32.39,64.16,1004.05,0,0,MANUAL,1,1,1,
2026-09-28 16:43:04,c2-learning,2211000,31.77,79.84,1004.49,32.39,64.29,1004.04,0,0,MANUAL,1,1,1,
2026-09-28 16:43:05,c2-learning,2212000,31.78,79.72,1004.51,32.38,64.33,1004.00,0,0,MANUAL,1,1,1,
2026-09-28 16:43:06,c2-learning,2213000,31.78,79.74,1004.52,32.38,64.23,1004.03,0,0,MANUAL,1,1,1,
2026-09-28 16:43:07,c2-learning,2214000,31.77,79.76,1004.47,32.39,64.27,1004.07,0,0,MANUAL,1,1,1,
2026-09-28 16:43:08,c2-learning,2215000,31.77,79.70,1004.53,32.40,64.40,1004.03,0,0,MANUAL,1,1,1,
2026-09-28 16:43:09,c2-learning,2216000,31.78,79.60,1004.48,32.40,64.23,1004.03,0,0,MANUAL,1,1,1,
2026-09-28 16:43:10,c2-learning,2217000,31.78,79.59,1004.54,32.40,64.31,1004.03,0,0,MANUAL,1,1,1,
2026-09-28 16:43:11,c2-learning,2218000,31.78,79.53,1004.51,32.40,64.28,1004.03,0,0,MANUAL,1,1,1,
2026-09-28 16:43:12,c2-learning,2219000,31.78,79.68,1004.48,32.40,64.24,1004.05,0,0,MANUAL,1,1,1,
2026-09-28 16:43:13,c2-learning,2220000,31.76,79.41,1004.51,32.40,64.28,1004.03,0,0,MANUAL,1,1,1,
2026-09-28 16:43:14,c2-learning,2221000,31.78,79.56,1004.54,32.40,64.25,1004.03,0,0,MANUAL,1,1,1,
2026-09-28 16:43:15,c2-learning,2222000,31.78,79.44,1004.51,32.40,64.31,1004.09,0,0,MANUAL,1,1,1,
2026-09-28 16:43:16,c2-learning,2223000,31.77,79.26,1004.44,32.39,64.27,1003.99,0,0,MANUAL,1,1,1,
2026-09-28 16:43:17,c2-learning,2224000,31.78,79.27,1004.52,32.40,64.24,1004.08,0,0,MANUAL,1,1,1,
2026-09-28 16:43:18,c2-learning,2225000,31.78,79.27,1004.49,32.39,64.29,1004.04,0,0,MANUAL,1,1,1,
2026-09-28 16:43:19,c2-learning,2226000,31.78,79.26,1004.48,32.40,64.29,1004.03,0,0,MANUAL,1,1,1,
2026-09-28 16:43:20,c2-learning,2227000,31.77,79.19,1004.53,32.40,64.15,1004.09,0,0,MANUAL,1,1,1,
2026-09-28 16:43:21,c2-learning,2228000,31.78,79.28,1004.54,32.39,64.37,1004.04,0,0,MANUAL,1,1,1,
2026-09-28 16:43:22,c2-learning,2229000,31.78,79.45,1004.56,32.40,64.30,1004.05,0,0,MANUAL,1,1,1,
2026-09-28 16:43:23,c2-learning,2230000,31.78,79.47,1004.57,32.40,64.26,1004.03,0,0,MANUAL,1,1,1,
2026-09-28 16:43:24,c2-learning,2231000,31.79,79.38,1004.58,32.40,64.49,1004.11,0,0,MANUAL,1,1,1,
2026-09-28 16:43:25,c2-learning,2232000,31.78,79.37,1004.48,32.39,64.54,1004.05,0,0,MANUAL,1,1,1,
2026-09-28 16:43:26,c2-learning,2233000,31.78,79.52,1004.54,32.40,64.24,1004.03,0,0,MANUAL,1,1,1,
2026-09-28 16:43:27,c2-learning,2234000,31.78,79.46,1004.49,32.39,64.30,1004.05,0,0,MANUAL,1,1,1,
2026-09-28 16:43:28,c2-learning,2235000,31.78,79.33,1004.52,32.40,64.32,1004.09,0,0,MANUAL,1,1,1,
2026-09-28 16:43:29,c2-learning,2236000,31.78,79.44,1004.51,32.39,64.23,1003.99,0,0,MANUAL,1,1,1,
2026-09-28 16:43:30,c2-learning,2237000,31.78,79.35,1004.51,32.40,64.33,1004.05,0,0,MANUAL,1,1,1,
2026-09-28 16:43:31,c2-learning,2238000,31.78,79.26,1004.49,32.40,64.28,1004.00,0,0,MANUAL,1,1,1,
2026-09-28 16:43:32,c2-learning,2239000,31.78,79.21,1004.49,32.40,64.25,1004.03,0,0,MANUAL,1,1,1,
2026-09-28 16:43:33,c2-learning,2240000,31.78,79.37,1004.51,32.40,64.20,1004.00,0,0,MANUAL,1,1,1,
2026-09-28 16:43:34,c2-learning,2241000,31.77,79.27,1004.56,32.40,64.21,1004.08,0,0,MANUAL,1,1,1,
2026-09-28 16:43:35,c2-learning,2242000,31.78,79.29,1004.54,32.40,64.63,1004.09,0,0,MANUAL,1,1,1,
2026-09-28 16:43:36,c2-learning,2243000,31.78,79.46,1004.45,32.39,64.19,1004.05,0,0,MANUAL,1,1,1,
2026-09-28 16:43:37,c2-learning,2244000,31.78,79.19,1004.51,32.40,64.21,1004.06,0,0,MANUAL,1,1,1,
2026-09-28 16:43:38,c2-learning,2245000,31.77,79.15,1004.50,32.41,64.17,1004.01,0,0,MANUAL,1,1,1,
2026-09-28 16:43:39,c2-learning,2246000,31.79,79.30,1004.47,32.42,64.41,1004.05,0,0,MANUAL,1,1,1,
2026-09-28 16:43:40,c2-learning,2247000,31.77,79.23,1004.53,32.40,64.34,1004.06,0,0,MANUAL,1,1,1,
2026-09-28 16:43:41,c2-learning,2248000,31.78,79.48,1004.48,32.41,64.19,1004.01,0,0,MANUAL,1,1,1,
2026-09-28 16:43:42,c2-learning,2249000,31.79,79.40,1004.49,32.40,64.19,1004.05,0,0,MANUAL,1,1,1,
2026-09-28 16:43:43,c2-learning,2250000,31.78,79.49,1004.52,32.40,64.27,1004.06,0,0,MANUAL,1,1,1,
2026-09-28 16:43:44,c2-learning,2251000,31.79,79.42,1004.55,32.40,64.31,1004.08,0,0,MANUAL,1,1,1,
2026-09-28 16:43:45,c2-learning,2252000,31.79,79.39,1004.59,32.40,64.27,1004.08,0,0,MANUAL,1,1,1,
2026-09-28 16:43:46,c2-learning,2253000,31.78,79.27,1004.54,32.41,64.22,1004.10,0,0,MANUAL,1,1,1,
2026-09-28 16:43:47,c2-learning,2254000,31.78,79.44,1004.49,32.40,64.38,1004.06,0,0,MANUAL,1,1,1,
2026-09-28 16:43:48,c2-learning,2255000,31.78,79.40,1004.54,32.40,64.47,1004.06,0,0,MANUAL,1,1,1,
2026-09-28 16:43:49,c2-learning,2256000,31.79,79.37,1004.49,32.40,64.48,1004.06,0,0,MANUAL,1,1,1,
2026-09-28 16:43:50,c2-learning,2257000,31.78,79.42,1004.54,32.40,64.22,1004.05,0,0,MANUAL,1,1,1,
2026-09-28 16:43:51,c2-learning,2258000,31.78,79.52,1004.52,32.41,64.26,1004.07,0,0,MANUAL,1,1,1,
2026-09-28 16:43:52,c2-learning,2259000,31.78,79.54,1004.52,32.42,64.63,1004.05,0,0,MANUAL,1,1,1,
2026-09-28 16:43:53,c2-learning,2260000,31.78,79.56,1004.51,32.42,64.29,1004.05,0,0,MANUAL,1,1,1,
2026-09-28 16:43:54,c2-learning,2261000,31.78,79.41,1004.45,32.42,64.59,1004.02,0,0,MANUAL,1,1,1,
2026-09-28 16:43:55,c2-learning,2262000,31.78,79.24,1004.48,32.42,64.41,1004.11,0,0,MANUAL,1,1,1,
2026-09-28 16:43:56,c2-learning,2263000,31.78,79.16,1004.54,32.41,64.17,1004.07,0,0,MANUAL,1,1,1,
2026-09-28 16:43:57,c2-learning,2264000,31.78,79.24,1004.49,32.41,64.34,1004.04,0,0,MANUAL,1,1,1,
2026-09-28 16:43:58,c2-learning,2265000,31.79,79.18,1004.49,32.42,64.60,1004.06,0,0,MANUAL,1,1,1,
2026-09-28 16:43:59,c2-learning,2266000,31.77,79.23,1004.53,32.42,64.68,1004.11,0,0,MANUAL,1,1,1,
2026-09-28 16:44:00,c2-learning,2267000,31.78,79.41,1004.49,32.42,64.63,1004.06,0,0,MANUAL,1,1,1,
2026-09-28 16:44:01,c2-learning,2268000,31.78,79.49,1004.54,32.42,64.69,1004.08,0,0,MANUAL,1,1,1,
2026-09-28 16:44:02,c2-learning,2269000,31.79,79.48,1004.49,32.42,64.67,1004.05,0,0,MANUAL,1,1,1,
2026-09-28 16:44:03,c2-learning,2270000,31.78,79.04,1004.51,32.42,64.68,1004.05,0,0,MANUAL,1,1,1,
2026-09-28 16:44:04,c2-learning,2271000,31.78,79.14,1004.52,32.41,64.58,1004.10,0,0,MANUAL,1,1,1,
2026-09-28 16:44:05,c2-learning,2272000,31.78,79.17,1004.46,32.42,64.66,1004.09,0,0,MANUAL,1,1,1,
2026-09-28 16:44:06,c2-learning,2273000,31.78,79.16,1004.46,32.42,64.59,1004.02,0,0,MANUAL,1,1,1,
2026-09-28 16:44:07,c2-learning,2274000,31.78,79.11,1004.52,32.42,64.72,1004.05,0,0,MANUAL,1,1,1,
2026-09-28 16:44:08,c2-learning,2275000,31.79,79.27,1004.50,32.42,64.73,1003.99,0,0,MANUAL,1,1,1,
2026-09-28 16:44:09,c2-learning,2276000,31.79,79.33,1004.55,32.42,64.63,1004.11,0,0,MANUAL,1,1,1,
2026-09-28 16:44:10,c2-learning,2277000,31.78,79.62,1004.46,32.42,64.68,1004.13,0,0,MANUAL,1,1,1,
2026-09-28 16:44:11,c2-learning,2278000,31.79,79.65,1004.52,32.41,64.57,1004.07,0,0,MANUAL,1,1,1,
2026-09-28 16:44:12,c2-learning,2279000,31.78,79.22,1004.49,32.42,64.61,1004.09,0,0,MANUAL,1,1,1,
2026-09-28 16:44:13,c2-learning,2280000,31.78,79.36,1004.43,32.42,64.68,1004.02,0,0,MANUAL,1,1,1,
2026-09-28 16:44:14,c2-learning,2281000,31.79,79.52,1004.50,32.42,64.51,1004.08,0,0,MANUAL,1,1,1,
2026-09-28 16:44:15,c2-learning,2282000,31.79,79.51,1004.55,32.41,64.66,1004.07,0,0,MANUAL,1,1,1,
2026-09-28 16:44:16,c2-learning,2283000,31.78,79.63,1004.43,32.42,64.47,1004.11,0,0,MANUAL,1,1,1,
2026-09-28 16:44:17,c2-learning,2284000,31.80,79.54,1004.51,32.40,64.47,1004.06,0,0,MANUAL,1,1,1,
2026-09-28 16:44:18,c2-learning,2285000,31.78,79.43,1004.52,32.42,64.18,1004.08,0,0,MANUAL,1,1,1,
2026-09-28 16:44:19,c2-learning,2286000,31.79,79.47,1004.47,32.42,64.26,1004.02,0,0,MANUAL,1,1,1,
2026-09-28 16:44:20,c2-learning,2287000,31.78,79.40,1004.57,32.42,64.50,1004.11,0,0,MANUAL,1,1,1,
2026-09-28 16:44:21,c2-learning,2288000,31.79,79.47,1004.50,32.42,64.62,1004.11,0,0,MANUAL,1,1,1,
2026-09-28 16:44:22,c2-learning,2289000,31.79,79.02,1004.59,32.42,64.60,1004.11,0,0,MANUAL,1,1,1,
2026-09-28 16:44:23,c2-learning,2290000,31.78,79.11,1004.49,32.41,64.70,1004.04,0,0,MANUAL,1,1,1,
2026-09-28 16:44:24,c2-learning,2291000,31.79,79.03,1004.52,32.40,64.46,1004.12,0,0,MANUAL,1,1,1,
2026-09-28 16:44:25,c2-learning,2292000,31.78,79.05,1004.52,32.41,64.73,1003.99,0,0,MANUAL,1,1,1,
2026-09-28 16:44:26,c2-learning,2293000,31.79,79.15,1004.52,32.42,64.47,1004.11,0,0,MANUAL,1,1,1,
2026-09-28 16:44:27,c2-learning,2294000,31.79,79.43,1004.53,32.40,64.66,1004.01,0,0,MANUAL,1,1,1,
2026-09-28 16:44:28,c2-learning,2295000,31.78,79.27,1004.48,32.42,64.69,1004.08,0,0,MANUAL,1,1,1,
2026-09-28 16:44:29,c2-learning,2296000,31.79,79.12,1004.55,32.41,64.64,1004.04,0,0,MANUAL,1,1,1,
2026-09-28 16:44:30,c2-learning,2297000,31.78,79.37,1004.46,32.42,64.59,1003.99,0,0,MANUAL,1,1,1,
2026-09-28 16:44:31,c2-learning,2298000,31.79,79.36,1004.53,32.41,64.62,1004.10,0,0,MANUAL,1,1,1,
2026-09-28 16:44:32,c2-learning,2299000,31.78,79.42,1004.51,32.40,64.68,1004.06,0,0,MANUAL,1,1,1,
2026-09-28 16:44:33,c2-learning,2300000,31.79,79.61,1004.45,32.42,64.60,1004.02,0,0,MANUAL,1,1,1,
2026-09-28 16:44:34,c2-learning,2301000,31.79,79.77,1004.52,32.42,64.63,1004.05,0,0,MANUAL,1,1,1,
2026-09-28 16:44:35,c2-learning,2302000,31.79,79.76,1004.50,32.42,64.60,1004.08,0,0,MANUAL,1,1,1,
2026-09-28 16:44:36,c2-learning,2303000,31.80,79.66,1004.51,32.43,64.44,1004.04,0,0,MANUAL,1,1,1,
2026-09-28 16:44:37,c2-learning,2304000,31.78,79.52,1004.54,32.42,64.67,1004.06,0,0,MANUAL,1,1,1,
2026-09-28 16:44:38,c2-learning,2305000,31.80,79.47,1004.54,32.42,64.51,1004.08,0,0,MANUAL,1,1,1,
2026-09-28 16:44:39,c2-learning,2306000,31.79,79.43,1004.55,32.42,64.31,1004.05,0,0,MANUAL,1,1,1,
2026-09-28 16:44:40,c2-learning,2307000,31.79,79.53,1004.56,32.42,64.58,1004.08,0,0,MANUAL,1,1,1,
2026-09-28 16:44:41,c2-learning,2308000,31.80,79.56,1004.54,32.43,64.71,1004.04,0,0,MANUAL,1,1,1,
2026-09-28 16:44:42,c2-learning,2309000,31.79,79.61,1004.50,32.43,64.43,1004.07,0,0,MANUAL,1,1,1,
2026-09-28 16:44:43,c2-learning,2310000,31.80,79.61,1004.60,32.43,64.15,1004.07,0,0,MANUAL,1,1,1,
2026-09-28 16:44:44,c2-learning,2311000,31.80,79.70,1004.54,32.43,64.50,1004.04,0,0,MANUAL,1,1,1,
2026-09-28 16:44:45,c2-learning,2312000,31.79,79.69,1004.50,32.43,64.54,1004.12,0,0,MANUAL,1,1,1,
2026-09-28 16:44:46,c2-learning,2313000,31.79,79.53,1004.56,32.43,64.22,1004.12,0,0,MANUAL,1,1,1,
2026-09-28 16:44:47,c2-learning,2314000,31.80,79.52,1004.54,32.42,64.69,1004.09,0,0,MANUAL,1,1,1,
2026-09-28 16:44:48,c2-learning,2315000,31.79,79.43,1004.53,32.42,64.60,1004.02,0,0,MANUAL,1,1,1,
2026-09-28 16:44:49,c2-learning,2316000,31.80,79.59,1004.58,32.42,64.28,1004.11,0,0,MANUAL,1,1,1,
2026-09-28 16:44:50,c2-learning,2317000,31.79,79.50,1004.50,32.43,64.30,1004.04,0,0,MANUAL,1,1,1,
2026-09-28 16:44:51,c2-learning,2318000,31.80,79.43,1004.51,32.43,64.30,1004.07,0,0,MANUAL,1,1,1,
2026-09-28 16:44:52,c2-learning,2319000,31.79,79.26,1004.56,32.43,64.42,1004.09,0,0,MANUAL,1,1,1,
2026-09-28 16:44:53,c2-learning,2320000,31.79,79.14,1004.53,32.42,64.30,1004.11,0,0,MANUAL,1,1,1,
2026-09-28 16:44:54,c2-learning,2321000,31.79,78.98,1004.56,32.42,64.27,1004.06,0,0,MANUAL,1,1,1,
2026-09-28 16:44:55,c2-learning,2322000,31.80,79.04,1004.51,32.42,64.17,1004.06,0,0,MANUAL,1,1,1,
2026-09-28 16:44:56,c2-learning,2323000,31.79,79.07,1004.58,32.42,64.24,1004.09,0,0,MANUAL,1,1,1,
2026-09-28 16:44:57,c2-learning,2324000,31.78,79.07,1004.52,32.43,64.26,1004.09,0,0,MANUAL,1,1,1,
2026-09-28 16:44:58,c2-learning,2325000,31.80,78.77,1004.54,32.42,64.53,1004.06,0,0,MANUAL,1,1,1,
2026-09-28 16:44:59,c2-learning,2326000,31.79,78.85,1004.56,32.43,64.63,1004.09,0,0,MANUAL,1,1,1,
2026-09-28 16:45:00,c2-learning,2327000,31.80,79.24,1004.51,32.43,64.52,1004.07,0,0,MANUAL,1,1,1,
2026-09-28 16:45:01,c2-learning,2328000,31.80,79.22,1004.48,32.43,64.67,1004.12,0,0,MANUAL,1,1,1,
2026-09-28 16:45:02,c2-learning,2329000,31.79,79.42,1004.53,32.42,64.55,1004.06,0,0,MANUAL,1,1,1,
2026-09-28 16:45:03,c2-learning,2330000,31.79,79.29,1004.52,32.42,64.34,1004.08,0,0,MANUAL,1,1,1,
2026-09-28 16:45:04,c2-learning,2331000,31.80,79.65,1004.57,32.43,64.47,1004.12,0,0,MANUAL,1,1,1,
2026-09-28 16:45:05,c2-learning,2332000,31.80,79.55,1004.52,32.43,64.39,1004.07,0,0,MANUAL,1,1,1,
2026-09-28 16:45:06,c2-learning,2333000,31.80,79.51,1004.51,32.43,64.20,1004.04,0,0,MANUAL,1,1,1,
2026-09-28 16:45:07,c2-learning,2334000,31.80,79.72,1004.52,32.43,64.28,1004.05,0,0,MANUAL,1,1,1,
2026-09-28 16:45:08,c2-learning,2335000,31.80,79.70,1004.57,32.43,64.25,1004.07,0,0,MANUAL,1,1,1,
2026-09-28 16:45:09,c2-learning,2336000,31.80,79.66,1004.43,32.42,64.28,1004.03,0,0,MANUAL,1,1,1,
2026-09-28 16:45:10,c2-learning,2337000,31.79,79.52,1004.50,32.43,64.25,1004.05,0,0,MANUAL,1,1,1,
2026-09-28 16:45:11,c2-learning,2338000,31.79,79.37,1004.55,32.43,64.56,1004.05,0,0,MANUAL,1,1,1,
2026-09-28 16:45:12,c2-learning,2339000,31.79,79.39,1004.56,32.43,64.17,1004.13,0,0,MANUAL,1,1,1,
2026-09-28 16:45:13,c2-learning,2340000,31.80,79.38,1004.51,32.43,64.49,1004.05,0,0,MANUAL,1,1,1,
2026-09-28 16:45:14,c2-learning,2341000,31.79,79.43,1004.53,32.44,64.18,1004.06,0,0,MANUAL,1,1,1,
2026-09-28 16:45:15,c2-learning,2342000,31.80,79.27,1004.52,32.43,64.28,1004.13,0,0,MANUAL,1,1,1,
2026-09-28 16:45:16,c2-learning,2343000,31.80,79.21,1004.57,32.42,64.30,1004.09,0,0,MANUAL,1,1,1,
2026-09-28 16:45:17,c2-learning,2344000,31.81,79.12,1004.58,32.43,64.52,1004.10,0,0,MANUAL,1,1,1,
2026-09-28 16:45:18,c2-learning,2345000,31.80,79.41,1004.52,32.43,64.26,1004.04,0,0,MANUAL,1,1,1,
2026-09-28 16:45:19,c2-learning,2346000,31.80,79.41,1004.51,32.43,64.21,1004.12,0,0,MANUAL,1,1,1,
2026-09-28 16:45:20,c2-learning,2347000,31.80,79.49,1004.55,32.43,64.22,1004.09,0,0,MANUAL,1,1,1,
2026-09-28 16:45:21,c2-learning,2348000,31.80,79.56,1004.52,32.43,64.19,1004.07,0,0,MANUAL,1,1,1,
2026-09-28 16:45:22,c2-learning,2349000,31.80,79.29,1004.51,32.43,64.20,1004.07,0,0,MANUAL,1,1,1,
2026-09-28 16:45:23,c2-learning,2350000,31.80,79.23,1004.57,32.43,64.17,1004.07,0,0,MANUAL,1,1,1,
2026-09-28 16:45:24,c2-learning,2351000,31.79,79.12,1004.49,32.43,64.28,1004.07,0,0,MANUAL,1,1,1,
2026-09-28 16:45:25,c2-learning,2352000,31.79,79.07,1004.50,32.43,64.64,1004.13,0,0,MANUAL,1,1,1,
2026-09-28 16:45:26,c2-learning,2353000,31.79,79.05,1004.47,32.43,64.28,1004.16,0,0,MANUAL,1,1,1,
2026-09-28 16:45:27,c2-learning,2354000,31.79,78.84,1004.50,32.43,64.47,1004.07,0,0,MANUAL,1,1,1,
2026-09-28 16:45:28,c2-learning,2355000,31.80,79.03,1004.51,32.42,64.18,1004.08,0,0,MANUAL,1,1,1,
2026-09-28 16:45:29,c2-learning,2356000,31.80,79.11,1004.52,32.44,64.40,1004.11,0,0,MANUAL,1,1,1,
2026-09-28 16:45:30,c2-learning,2357000,31.80,79.18,1004.52,32.43,64.25,1004.01,0,0,MANUAL,1,1,1,
2026-09-28 16:45:31,c2-learning,2358000,31.79,79.35,1004.56,32.42,64.19,1004.06,0,0,MANUAL,1,1,1,
2026-09-28 16:45:32,c2-learning,2359000,31.80,79.50,1004.52,32.43,64.22,1004.13,0,0,MANUAL,1,1,1,
2026-09-28 16:45:33,c2-learning,2360000,31.80,79.66,1004.49,32.43,64.21,1004.12,0,0,MANUAL,1,1,1,
2026-09-28 16:45:34,c2-learning,2361000,31.80,79.63,1004.55,32.43,64.18,1004.12,0,0,MANUAL,1,1,1,
2026-09-28 16:45:35,c2-learning,2362000,31.81,79.45,1004.47,32.43,64.16,1004.07,0,0,MANUAL,1,1,1,
2026-09-28 16:45:36,c2-learning,2363000,31.80,79.39,1004.49,32.45,64.39,1004.04,0,0,MANUAL,1,1,1,
2026-09-28 16:45:37,c2-learning,2364000,31.80,79.40,1004.51,32.43,64.36,1004.01,0,0,MANUAL,1,1,1,
2026-09-28 16:45:38,c2-learning,2365000,31.80,79.24,1004.52,32.44,64.23,1004.09,0,0,MANUAL,1,1,1,
2026-09-28 16:45:39,c2-learning,2366000,31.79,79.05,1004.50,32.43,64.34,1004.05,0,0,MANUAL,1,1,1,
2026-09-28 16:45:40,c2-learning,2367000,31.80,78.85,1004.51,32.44,64.48,1004.09,0,0,MANUAL,1,1,1,
2026-09-28 16:45:41,c2-learning,2368000,31.80,78.85,1004.54,32.44,64.18,1004.08,0,0,MANUAL,1,1,1,
2026-09-28 16:45:42,c2-learning,2369000,31.80,79.05,1004.51,32.44,64.16,1004.12,0,0,MANUAL,1,1,1,
2026-09-28 16:45:43,c2-learning,2370000,31.80,78.86,1004.58,32.45,64.18,1004.07,0,0,MANUAL,1,1,1,
2026-09-28 16:45:44,c2-learning,2371000,31.80,79.28,1004.49,32.44,64.24,1004.09,0,0,MANUAL,1,1,1,
2026-09-28 16:45:45,c2-learning,2372000,31.80,79.21,1004.52,32.43,64.26,1004.10,0,0,MANUAL,1,1,1,
2026-09-28 16:45:46,c2-learning,2373000,31.80,79.26,1004.49,32.45,64.78,1004.15,0,0,MANUAL,1,1,1,
2026-09-28 16:45:47,c2-learning,2374000,31.80,79.35,1004.49,32.44,64.57,1004.15,0,0,MANUAL,1,1,1,
2026-09-28 16:45:48,c2-learning,2375000,31.81,79.28,1004.58,32.43,64.15,1004.07,0,0,MANUAL,1,1,1,
2026-09-28 16:45:49,c2-learning,2376000,31.80,79.32,1004.52,32.43,64.34,1004.01,0,0,MANUAL,1,1,1,
2026-09-28 16:45:50,c2-learning,2377000,31.80,79.23,1004.48,32.43,64.35,1004.01,0,0,MANUAL,1,1,1,
2026-09-28 16:45:51,c2-learning,2378000,31.81,79.15,1004.53,32.44,64.57,1004.08,0,0,MANUAL,1,1,1,
2026-09-28 16:45:52,c2-learning,2379000,31.81,79.28,1004.56,32.43,64.56,1004.07,0,0,MANUAL,1,1,1,
2026-09-28 16:45:53,c2-learning,2380000,31.80,79.12,1004.51,32.44,64.23,1004.12,0,0,MANUAL,1,1,1,
2026-09-28 16:45:54,c2-learning,2381000,31.81,79.10,1004.54,32.45,64.26,1004.10,0,0,MANUAL,1,1,1,
2026-09-28 16:45:55,c2-learning,2382000,31.80,79.13,1004.48,32.44,64.24,1004.09,0,0,MANUAL,1,1,1,
2026-09-28 16:45:56,c2-learning,2383000,31.80,79.19,1004.55,32.45,64.47,1004.13,0,0,MANUAL,1,1,1,
2026-09-28 16:45:57,c2-learning,2384000,31.81,79.13,1004.56,32.45,64.61,1004.13,0,0,MANUAL,1,1,1,
2026-09-28 16:45:58,c2-learning,2385000,31.80,79.24,1004.52,32.43,64.68,1004.12,0,0,MANUAL,1,1,1,
2026-09-28 16:45:59,c2-learning,2386000,31.80,78.95,1004.43,32.45,64.60,1004.07,0,0,MANUAL,1,1,1,
2026-09-28 16:46:00,c2-learning,2387000,31.80,79.00,1004.48,32.44,64.45,1004.12,0,0,MANUAL,1,1,1,
2026-09-28 16:46:01,c2-learning,2388000,31.80,78.90,1004.58,32.44,64.14,1004.09,0,0,MANUAL,1,1,1,
2026-09-28 16:46:02,c2-learning,2389000,31.80,79.14,1004.55,32.44,64.42,1004.11,0,0,MANUAL,1,1,1,
2026-09-28 16:46:03,c2-learning,2390000,31.81,79.30,1004.53,32.44,64.27,1004.15,0,0,MANUAL,1,1,1,
2026-09-28 16:46:04,c2-learning,2391000,31.81,79.12,1004.56,32.45,64.14,1004.10,0,0,MANUAL,1,1,1,
2026-09-28 16:46:05,c2-learning,2392000,31.81,79.10,1004.54,32.44,64.23,1004.09,0,0,MANUAL,1,1,1,
2026-09-28 16:46:06,c2-learning,2393000,31.80,79.21,1004.55,32.45,64.30,1004.13,0,0,MANUAL,1,1,1,
2026-09-28 16:46:07,c2-learning,2394000,31.81,79.21,1004.54,32.45,64.17,1004.10,0,0,MANUAL,1,1,1,
2026-09-28 16:46:08,c2-learning,2395000,31.80,79.35,1004.43,32.44,64.21,1004.15,0,0,MANUAL,1,1,1,
2026-09-28 16:46:09,c2-learning,2396000,31.80,79.57,1004.43,32.44,64.12,1004.09,0,0,MANUAL,1,1,1,
2026-09-28 16:46:10,c2-learning,2397000,31.81,79.62,1004.53,32.45,64.47,1004.11,0,0,MANUAL,1,1,1,
2026-09-28 16:46:11,c2-learning,2398000,31.82,79.50,1004.54,32.45,64.38,1004.10,0,0,MANUAL,1,1,1,
2026-09-28 16:46:12,c2-learning,2399000,31.80,79.15,1004.52,32.46,64.57,1004.14,0,0,MANUAL,1,1,1,
2026-09-28 16:46:13,c2-learning,2400000,31.81,79.32,1004.59,32.45,64.17,1004.04,0,0,MANUAL,1,1,1,
2026-09-28 16:46:14,c2-learning,2401000,31.81,79.16,1004.59,32.45,64.21,1004.08,0,0,MANUAL,1,1,1,
2026-09-28 16:46:15,c2-learning,2402000,31.82,79.26,1004.55,32.44,64.17,1004.09,0,0,MANUAL,1,1,1,
2026-09-28 16:46:16,c2-learning,2403000,31.82,79.46,1004.57,32.45,64.26,1004.07,0,0,MANUAL,1,1,1,
2026-09-28 16:46:17,c2-learning,2404000,31.81,79.37,1004.56,32.45,64.34,1004.15,0,0,MANUAL,1,1,1,
2026-09-28 16:46:18,c2-learning,2405000,31.81,79.46,1004.53,32.45,64.45,1004.10,0,0,MANUAL,1,1,1,
2026-09-28 16:46:19,c2-learning,2406000,31.81,79.39,1004.54,32.46,64.30,1004.14,0,0,MANUAL,1,1,1,
2026-09-28 16:46:20,c2-learning,2407000,31.81,79.19,1004.59,32.45,64.26,1004.13,0,0,MANUAL,1,1,1,
2026-09-28 16:46:21,c2-learning,2408000,31.82,79.25,1004.54,32.45,64.43,1004.10,0,0,MANUAL,1,1,1,
2026-09-28 16:46:22,c2-learning,2409000,31.81,79.39,1004.56,32.45,64.21,1004.13,0,0,MANUAL,1,1,1,
2026-09-28 16:46:23,c2-learning,2410000,31.82,79.48,1004.54,32.45,64.08,1004.16,0,0,MANUAL,1,1,1,
2026-09-28 16:46:24,c2-learning,2411000,31.81,79.24,1004.53,32.45,64.26,1004.10,0,0,MANUAL,1,1,1,
2026-09-28 16:46:25,c2-learning,2412000,31.81,79.41,1004.59,32.45,64.58,1004.15,0,0,MANUAL,1,1,1,
2026-09-28 16:46:26,c2-learning,2413000,31.80,79.35,1004.58,32.45,64.23,1004.15,0,0,MANUAL,1,1,1,
2026-09-28 16:46:27,c2-learning,2414000,31.81,79.45,1004.59,32.45,64.61,1004.13,0,0,MANUAL,1,1,1,
2026-09-28 16:46:28,c2-learning,2415000,31.81,79.36,1004.51,32.45,64.59,1004.13,0,0,MANUAL,1,1,1,
2026-09-28 16:46:29,c2-learning,2416000,31.81,79.18,1004.56,32.45,64.48,1004.16,0,0,MANUAL,1,1,1,
2026-09-28 16:46:30,c2-learning,2417000,31.82,79.37,1004.54,32.45,64.45,1004.13,0,0,MANUAL,1,1,1,
2026-09-28 16:46:31,c2-learning,2418000,31.82,79.44,1004.52,32.44,64.15,1004.09,0,0,MANUAL,1,1,1,
2026-09-28 16:46:32,c2-learning,2419000,31.81,79.46,1004.56,32.45,64.11,1004.07,0,0,MANUAL,1,1,1,
2026-09-28 16:46:33,c2-learning,2420000,31.82,79.32,1004.54,32.45,64.35,1004.13,0,0,MANUAL,1,1,1,
2026-09-28 16:46:34,c2-learning,2421000,31.81,79.27,1004.59,32.46,64.22,1004.17,0,0,MANUAL,1,1,1,
2026-09-28 16:46:35,c2-learning,2422000,31.81,79.03,1004.56,32.45,64.17,1004.13,0,0,MANUAL,1,1,1,
2026-09-28 16:46:36,c2-learning,2423000,31.81,78.94,1004.59,32.46,64.15,1004.14,0,0,MANUAL,1,1,1,
2026-09-28 16:46:37,c2-learning,2424000,31.81,78.78,1004.62,32.45,64.16,1004.10,0,0,MANUAL,1,1,1,
2026-09-28 16:46:38,c2-learning,2425000,31.82,78.78,1004.60,32.45,64.10,1004.10,0,0,MANUAL,1,1,1,
2026-09-28 16:46:39,c2-learning,2426000,31.81,78.93,1004.54,32.46,64.24,1004.14,0,0,MANUAL,1,1,1,
2026-09-28 16:46:40,c2-learning,2427000,31.82,79.31,1004.54,32.44,64.23,1004.11,0,0,MANUAL,1,1,1,
2026-09-28 16:46:41,c2-learning,2428000,31.82,79.53,1004.57,32.44,64.14,1004.14,0,0,MANUAL,1,1,1,
2026-09-28 16:46:42,c2-learning,2429000,31.81,79.38,1004.51,32.44,64.16,1004.12,0,0,MANUAL,1,1,1,
2026-09-28 16:46:43,c2-learning,2430000,31.82,79.41,1004.55,32.44,64.22,1004.12,0,0,MANUAL,1,1,1,
2026-09-28 16:46:44,c2-learning,2431000,31.82,79.51,1004.54,32.45,64.28,1004.13,0,0,MANUAL,1,1,1,
2026-09-28 16:46:45,c2-learning,2432000,31.82,79.56,1004.54,32.44,64.23,1004.12,0,0,MANUAL,1,1,1,
2026-09-28 16:46:46,c2-learning,2433000,31.82,79.44,1004.52,32.44,64.17,1004.12,0,0,MANUAL,1,1,1,
2026-09-28 16:46:47,c2-learning,2434000,31.82,79.33,1004.54,32.44,64.16,1004.12,0,0,MANUAL,1,1,1,
2026-09-28 16:46:48,c2-learning,2435000,31.82,79.17,1004.58,32.43,64.26,1004.09,0,0,MANUAL,1,1,1,
2026-09-28 16:46:49,c2-learning,2436000,31.81,79.14,1004.56,32.45,64.18,1004.21,0,0,MANUAL,1,1,1,
2026-09-28 16:46:50,c2-learning,2437000,31.81,79.13,1004.51,32.44,64.15,1004.12,0,0,MANUAL,1,1,1,
2026-09-28 16:46:51,c2-learning,2438000,31.81,79.13,1004.56,32.42,64.44,1004.11,0,0,MANUAL,1,1,1,
2026-09-28 16:46:52,c2-learning,2439000,31.80,79.21,1004.52,32.43,64.56,1004.13,0,0,MANUAL,1,1,1,
2026-09-28 16:46:53,c2-learning,2440000,31.82,79.36,1004.58,32.44,64.14,1004.15,0,0,MANUAL,1,1,1,
2026-09-28 16:46:54,c2-learning,2441000,31.83,79.28,1004.56,32.45,64.17,1004.13,0,0,MANUAL,1,1,1,
2026-09-28 16:46:55,c2-learning,2442000,31.83,79.35,1004.59,32.45,64.16,1004.15,0,0,MANUAL,1,1,1,
2026-09-28 16:46:56,c2-learning,2443000,31.82,79.17,1004.57,32.45,64.17,1004.13,0,0,MANUAL,1,1,1,
2026-09-28 16:46:57,c2-learning,2444000,31.81,79.03,1004.59,32.45,64.16,1004.10,0,0,MANUAL,1,1,1,
2026-09-28 16:46:58,c2-learning,2445000,31.82,78.83,1004.60,32.45,64.14,1004.10,0,0,MANUAL,1,1,1,
2026-09-28 16:46:59,c2-learning,2446000,31.82,79.04,1004.61,32.44,64.17,1004.15,0,0,MANUAL,1,1,1,
2026-09-28 16:47:00,c2-learning,2447000,31.81,79.16,1004.54,32.43,64.17,1004.10,0,0,MANUAL,1,1,1,
2026-09-28 16:47:01,c2-learning,2448000,31.82,79.29,1004.55,32.44,64.17,1004.19,0,0,MANUAL,1,1,1,
2026-09-28 16:47:02,c2-learning,2449000,31.82,79.37,1004.52,32.43,64.39,1004.10,0,0,MANUAL,1,1,1,
2026-09-28 16:47:03,c2-learning,2450000,31.81,79.51,1004.54,32.43,64.54,1004.07,0,0,MANUAL,1,1,1,
2026-09-28 16:47:04,c2-learning,2451000,31.82,79.41,1004.52,32.42,64.55,1004.09,0,0,MANUAL,1,1,1,
2026-09-28 16:47:05,c2-learning,2452000,31.82,79.57,1004.55,32.44,64.45,1004.12,0,0,MANUAL,1,1,1,
2026-09-28 16:47:06,c2-learning,2453000,31.83,79.66,1004.56,32.44,64.31,1004.08,0,0,MANUAL,1,1,1,
2026-09-28 16:47:07,c2-learning,2454000,31.82,79.37,1004.58,32.44,64.45,1004.05,0,0,MANUAL,1,1,1,
2026-09-28 16:47:08,c2-learning,2455000,31.82,79.53,1004.58,32.43,64.07,1004.13,0,0,MANUAL,1,1,1,
2026-09-28 16:47:09,c2-learning,2456000,31.83,79.62,1004.59,32.44,64.16,1004.09,0,0,MANUAL,1,1,1,
2026-09-28 16:47:10,c2-learning,2457000,31.82,79.42,1004.57,32.43,64.19,1004.12,0,0,MANUAL,1,1,1,
2026-09-28 16:47:11,c2-learning,2458000,31.83,79.58,1004.56,32.43,64.18,1004.13,0,0,MANUAL,1,1,1,
2026-09-28 16:47:12,c2-learning,2459000,31.82,79.53,1004.64,32.42,64.11,1004.06,0,0,MANUAL,1,1,1,
2026-09-28 16:47:13,c2-learning,2460000,31.83,79.51,1004.56,32.43,64.24,1004.12,0,0,MANUAL,1,1,1,
2026-09-28 16:47:14,c2-learning,2461000,31.82,79.43,1004.55,32.43,64.09,1004.07,0,0,MANUAL,1,1,1,
2026-09-28 16:47:15,c2-learning,2462000,31.82,79.29,1004.54,32.43,64.24,1004.07,0,0,MANUAL,1,1,1,
2026-09-28 16:47:16,c2-learning,2463000,31.82,79.26,1004.54,32.43,64.17,1004.12,0,0,MANUAL,1,1,1,
2026-09-28 16:47:17,c2-learning,2464000,31.82,79.26,1004.58,32.43,64.21,1004.13,0,0,MANUAL,1,1,1,
2026-09-28 16:47:18,c2-learning,2465000,31.82,79.45,1004.61,32.43,64.46,1004.13,0,0,MANUAL,1,1,1,
2026-09-28 16:47:19,c2-learning,2466000,31.82,79.44,1004.55,32.43,64.25,1004.07,0,0,MANUAL,1,1,1,
2026-09-28 16:47:20,c2-learning,2467000,31.83,79.64,1004.56,32.43,64.25,1004.12,0,0,MANUAL,1,1,1,
2026-09-28 16:47:21,c2-learning,2468000,31.83,79.67,1004.60,32.43,64.21,1004.18,0,0,MANUAL,1,1,1,
2026-09-28 16:47:22,c2-learning,2469000,31.82,79.73,1004.55,32.43,64.15,1004.10,0,0,MANUAL,1,1,1,
2026-09-28 16:47:23,c2-learning,2470000,31.82,79.64,1004.61,32.42,64.43,1004.06,0,0,MANUAL,1,1,1,
2026-09-28 16:47:24,c2-learning,2471000,31.82,79.33,1004.58,32.43,64.19,1004.09,0,0,MANUAL,1,1,1,
2026-09-28 16:47:25,c2-learning,2472000,31.83,79.35,1004.56,32.43,64.51,1004.09,0,0,MANUAL,1,1,1,
2026-09-28 16:47:26,c2-learning,2473000,31.83,79.44,1004.50,32.42,64.36,1004.09,0,0,MANUAL,1,1,1,
2026-09-28 16:47:27,c2-learning,2474000,31.82,79.47,1004.58,32.42,64.21,1004.09,0,0,MANUAL,1,1,1,
2026-09-28 16:47:28,c2-learning,2475000,31.83,79.30,1004.56,32.42,64.16,1004.17,0,0,MANUAL,1,1,1,
2026-09-28 16:47:29,c2-learning,2476000,31.83,79.32,1004.57,32.42,64.19,1004.09,0,0,MANUAL,1,1,1,
2026-09-28 16:47:30,c2-learning,2477000,31.82,79.68,1004.55,32.41,64.14,1004.10,0,0,MANUAL,1,1,1,
2026-09-28 16:47:31,c2-learning,2478000,31.82,79.68,1004.55,32.42,64.21,1004.11,0,0,MANUAL,1,1,1,
2026-09-28 16:47:32,c2-learning,2479000,31.82,79.66,1004.61,32.42,64.18,1004.13,0,0,MANUAL,1,1,1,
2026-09-28 16:47:33,c2-learning,2480000,31.84,79.70,1004.58,32.42,64.17,1004.13,0,0,MANUAL,1,1,1,
2026-09-28 16:47:34,c2-learning,2481000,31.82,79.59,1004.55,32.42,64.47,1004.13,0,0,MANUAL,1,1,1,
2026-09-28 16:47:35,c2-learning,2482000,31.83,79.82,1004.50,32.42,64.19,1004.11,0,0,MANUAL,1,1,1,
2026-09-28 16:47:36,c2-learning,2483000,31.83,79.77,1004.56,32.40,64.30,1004.12,0,0,MANUAL,1,1,1,
2026-09-28 16:47:37,c2-learning,2484000,31.82,79.29,1004.54,32.42,64.28,1004.13,0,0,MANUAL,1,1,1,
2026-09-28 16:47:38,c2-learning,2485000,31.82,79.11,1004.61,32.42,64.28,1004.13,0,0,MANUAL,1,1,1,
2026-09-28 16:47:39,c2-learning,2486000,31.82,79.25,1004.52,32.40,64.18,1004.15,0,0,MANUAL,1,1,1,
2026-09-28 16:47:40,c2-learning,2487000,31.83,79.62,1004.56,32.42,64.16,1004.11,0,0,MANUAL,1,1,1,
2026-09-28 16:47:41,c2-learning,2488000,31.83,79.74,1004.53,32.41,64.20,1004.15,0,0,MANUAL,1,1,1,
2026-09-28 16:47:42,c2-learning,2489000,31.82,79.32,1004.55,32.42,64.25,1004.11,0,0,MANUAL,1,1,1,
2026-09-28 16:47:43,c2-learning,2490000,31.83,79.31,1004.53,32.41,64.20,1004.15,0,0,MANUAL,1,1,1,
2026-09-28 16:47:44,c2-learning,2491000,31.82,79.15,1004.58,32.40,64.14,1004.09,0,0,MANUAL,1,1,1,
2026-09-28 16:47:45,c2-learning,2492000,31.82,79.15,1004.57,32.41,64.52,1004.07,0,0,MANUAL,1,1,1,
2026-09-28 16:47:46,c2-learning,2493000,31.82,79.21,1004.55,32.40,64.15,1004.12,0,0,MANUAL,1,1,1,
2026-09-28 16:47:47,c2-learning,2494000,31.82,79.14,1004.58,32.40,64.18,1004.09,0,0,MANUAL,1,1,1,
2026-09-28 16:47:48,c2-learning,2495000,31.82,79.28,1004.49,32.41,64.26,1004.15,0,0,MANUAL,1,1,1,
2026-09-28 16:47:49,c2-learning,2496000,31.82,79.29,1004.50,32.40,64.14,1004.17,0,0,MANUAL,1,1,1,
2026-09-28 16:47:50,c2-learning,2497000,31.83,79.34,1004.53,32.40,64.27,1004.12,0,0,MANUAL,1,1,1,
2026-09-28 16:47:51,c2-learning,2498000,31.82,79.62,1004.55,32.40,64.29,1004.15,0,0,MANUAL,1,1,1,
2026-09-28 16:47:52,c2-learning,2499000,31.82,79.52,1004.52,32.40,64.47,1004.12,0,0,MANUAL,1,1,1,
2026-09-28 16:47:53,c2-learning,2500000,31.83,79.33,1004.60,32.42,64.54,1004.16,0,0,MANUAL,1,1,1,
2026-09-28 16:47:54,c2-learning,2501000,31.82,79.11,1004.52,32.42,64.18,1004.11,0,0,MANUAL,1,1,1,
2026-09-28 16:47:55,c2-learning,2502000,31.82,79.35,1004.55,32.40,64.16,1004.11,0,0,MANUAL,1,1,1,
2026-09-28 16:47:56,c2-learning,2503000,31.82,79.50,1004.55,32.40,64.14,1004.11,0,0,MANUAL,1,1,1,
2026-09-28 16:47:57,c2-learning,2504000,31.84,79.43,1004.55,32.40,64.22,1004.12,0,0,MANUAL,1,1,1,
2026-09-28 16:47:58,c2-learning,2505000,31.83,79.35,1004.57,32.40,64.22,1004.09,0,0,MANUAL,1,1,1,
2026-09-28 16:47:59,c2-learning,2506000,31.82,79.33,1004.52,32.40,64.19,1004.12,0,0,MANUAL,1,1,1,
2026-09-28 16:48:00,c2-learning,2507000,31.82,79.14,1004.57,32.40,64.25,1004.17,0,0,MANUAL,1,1,1,
2026-09-28 16:48:01,c2-learning,2508000,31.83,79.38,1004.56,32.40,64.21,1004.09,0,0,MANUAL,1,1,1,
2026-09-28 16:48:02,c2-learning,2509000,31.83,79.42,1004.57,32.40,64.30,1004.03,0,0,MANUAL,1,1,1,
2026-09-28 16:48:03,c2-learning,2510000,31.83,79.62,1004.51,32.40,64.25,1004.08,0,0,MANUAL,1,1,1,
2026-09-28 16:48:04,c2-learning,2511000,31.83,79.64,1004.53,32.39,64.56,1004.10,0,0,MANUAL,1,1,1,
2026-09-28 16:48:05,c2-learning,2512000,31.83,79.50,1004.59,32.39,64.29,1004.19,0,0,MANUAL,1,1,1,
2026-09-28 16:48:06,c2-learning,2513000,31.83,79.56,1004.54,32.40,64.23,1004.14,0,0,MANUAL,1,1,1,
2026-09-28 16:48:07,c2-learning,2514000,31.82,79.54,1004.50,32.39,64.28,1004.12,0,0,MANUAL,1,1,1,
2026-09-28 16:48:08,c2-learning,2515000,31.83,79.57,1004.54,32.39,64.25,1004.16,0,0,MANUAL,1,1,1,
2026-09-28 16:48:09,c2-learning,2516000,31.83,79.50,1004.50,32.39,64.47,1004.12,0,0,MANUAL,1,1,1,
2026-09-28 16:48:10,c2-learning,2517000,31.83,79.39,1004.56,32.39,64.43,1004.15,0,0,MANUAL,1,1,1,
2026-09-28 16:48:11,c2-learning,2518000,31.83,79.60,1004.62,32.38,64.47,1004.09,0,0,MANUAL,1,1,1,
2026-09-28 16:48:12,c2-learning,2519000,31.84,79.78,1004.60,32.39,64.23,1004.13,0,0,MANUAL,1,1,1,
2026-09-28 16:48:13,c2-learning,2520000,31.84,79.83,1004.52,32.39,64.51,1004.12,0,0,MANUAL,1,1,1,
2026-09-28 16:48:14,c2-learning,2521000,31.83,79.77,1004.56,32.39,64.41,1004.12,0,0,MANUAL,1,1,1,
2026-09-28 16:48:15,c2-learning,2522000,31.83,79.76,1004.54,32.39,64.29,1004.12,0,0,MANUAL,1,1,1,
2026-09-28 16:48:16,c2-learning,2523000,31.83,79.60,1004.57,32.38,64.64,1004.11,0,0,MANUAL,1,1,1,
2026-09-28 16:48:17,c2-learning,2524000,31.83,79.52,1004.57,32.38,64.66,1004.14,0,0,MANUAL,1,1,1,
2026-09-28 16:48:18,c2-learning,2525000,31.83,79.72,1004.54,32.38,64.60,1004.14,0,0,MANUAL,1,1,1,
2026-09-28 16:48:19,c2-learning,2526000,31.83,79.74,1004.60,32.38,64.63,1004.11,0,0,MANUAL,1,1,1,
2026-09-28 16:48:20,c2-learning,2527000,31.83,79.65,1004.57,32.38,64.50,1004.05,0,0,MANUAL,1,1,1,
2026-09-28 16:48:21,c2-learning,2528000,31.84,79.84,1004.58,32.38,64.15,1004.13,0,0,MANUAL,1,1,1,
2026-09-28 16:48:22,c2-learning,2529000,31.83,79.82,1004.56,32.39,64.30,1004.18,0,0,MANUAL,1,1,1,
2026-09-28 16:48:23,c2-learning,2530000,31.83,79.47,1004.56,32.38,64.24,1004.13,0,0,MANUAL,1,1,1,
2026-09-28 16:48:24,c2-learning,2531000,31.82,79.56,1004.61,32.37,64.31,1004.10,0,0,MANUAL,1,1,1,
2026-09-28 16:48:25,c2-learning,2532000,31.83,79.61,1004.53,32.38,64.47,1004.14,0,0,MANUAL,1,1,1,
2026-09-28 16:48:26,c2-learning,2533000,31.82,79.40,1004.58,32.37,64.74,1004.13,0,0,MANUAL,1,1,1,
2026-09-28 16:48:27,c2-learning,2534000,31.82,79.32,1004.52,32.37,64.52,1004.10,0,0,MANUAL,1,1,1,
2026-09-28 16:48:28,c2-learning,2535000,31.83,79.49,1004.57,32.37,64.52,1004.10,0,0,MANUAL,1,1,1,
2026-09-28 16:48:29,c2-learning,2536000,31.83,79.60,1004.60,32.37,64.48,1004.15,0,0,MANUAL,1,1,1,
2026-09-28 16:48:30,c2-learning,2537000,31.83,79.31,1004.62,32.37,64.37,1004.15,0,0,MANUAL,1,1,1,
2026-09-28 16:48:31,c2-learning,2538000,31.83,79.41,1004.53,32.38,64.30,1004.19,0,0,MANUAL,1,1,1,
2026-09-28 16:48:32,c2-learning,2539000,31.83,79.31,1004.57,32.38,64.55,1004.11,0,0,MANUAL,1,1,1,
2026-09-28 16:48:33,c2-learning,2540000,31.83,79.23,1004.59,32.38,64.72,1004.16,0,0,MANUAL,1,1,1,
2026-09-28 16:48:34,c2-learning,2541000,31.83,79.42,1004.56,32.38,64.26,1004.13,0,0,MANUAL,1,1,1,
2026-09-28 16:48:35,c2-learning,2542000,31.83,79.43,1004.59,32.38,64.25,1004.16,0,0,MANUAL,1,1,1,
2026-09-28 16:48:36,c2-learning,2543000,31.84,79.45,1004.63,32.37,64.20,1004.13,0,0,MANUAL,1,1,1,
2026-09-28 16:48:37,c2-learning,2544000,31.83,79.43,1004.54,32.38,64.34,1004.14,0,0,MANUAL,1,1,1,
2026-09-28 16:48:38,c2-learning,2545000,31.83,79.43,1004.56,32.38,64.31,1004.11,0,0,MANUAL,1,1,1,
2026-09-28 16:48:39,c2-learning,2546000,31.82,79.51,1004.52,32.38,64.27,1004.20,0,0,MANUAL,1,1,1,
2026-09-28 16:48:40,c2-learning,2547000,31.82,79.53,1004.52,32.39,64.30,1004.15,0,0,MANUAL,1,1,1,
2026-09-28 16:48:41,c2-learning,2548000,31.82,79.36,1004.58,32.37,64.22,1004.13,0,0,MANUAL,1,1,1,
2026-09-28 16:48:42,c2-learning,2549000,31.84,79.59,1004.60,32.38,64.29,1004.17,0,0,MANUAL,1,1,1,
2026-09-28 16:48:43,c2-learning,2550000,31.83,79.53,1004.45,32.39,64.22,1004.16,0,0,MANUAL,1,1,1,
2026-09-28 16:48:44,c2-learning,2551000,31.82,79.57,1004.55,32.39,64.21,1004.15,0,0,MANUAL,1,1,1,
2026-09-28 16:48:45,c2-learning,2552000,31.83,79.33,1004.60,32.38,64.27,1004.11,0,0,MANUAL,1,1,1,
2026-09-28 16:48:46,c2-learning,2553000,31.83,79.25,1004.62,32.38,64.27,1004.17,0,0,MANUAL,1,1,1,
2026-09-28 16:48:47,c2-learning,2554000,31.82,79.46,1004.58,32.38,64.32,1004.11,0,0,MANUAL,1,1,1,
2026-09-28 16:48:48,c2-learning,2555000,31.83,79.35,1004.54,32.39,64.52,1004.13,0,0,MANUAL,1,1,1,
2026-09-28 16:48:49,c2-learning,2556000,31.83,79.28,1004.53,32.38,64.24,1004.17,0,0,MANUAL,1,1,1,
2026-09-28 16:48:50,c2-learning,2557000,31.82,79.28,1004.58,32.38,64.30,1004.14,0,0,MANUAL,1,1,1,
2026-09-28 16:48:51,c2-learning,2558000,31.82,79.26,1004.61,32.39,64.29,1004.18,0,0,MANUAL,1,1,1,
2026-09-28 16:48:52,c2-learning,2559000,31.82,79.50,1004.58,32.39,64.29,1004.12,0,0,MANUAL,1,1,1,
2026-09-28 16:48:53,c2-learning,2560000,31.83,79.47,1004.54,32.38,64.25,1004.11,0,0,MANUAL,1,1,1,
2026-09-28 16:48:54,c2-learning,2561000,31.83,79.51,1004.56,32.38,64.52,1004.11,0,0,MANUAL,1,1,1,
2026-09-28 16:48:55,c2-learning,2562000,31.83,79.53,1004.57,32.39,64.15,1004.15,0,0,MANUAL,1,1,1,
2026-09-28 16:48:56,c2-learning,2563000,31.83,79.49,1004.59,32.39,64.47,1004.18,0,0,MANUAL,1,1,1,
2026-09-28 16:48:57,c2-learning,2564000,31.82,79.40,1004.55,32.38,64.31,1004.16,0,0,MANUAL,1,1,1,
2026-09-28 16:48:58,c2-learning,2565000,31.84,79.54,1004.58,32.38,64.58,1004.17,0,0,MANUAL,1,1,1,
2026-09-28 16:48:59,c2-learning,2566000,31.82,79.75,1004.55,32.40,64.66,1004.17,0,0,MANUAL,1,1,1,
2026-09-28 16:49:00,c2-learning,2567000,31.82,79.54,1004.55,32.39,64.30,1004.16,0,0,MANUAL,1,1,1,
2026-09-28 16:49:01,c2-learning,2568000,31.82,79.36,1004.50,32.39,64.48,1004.12,0,0,MANUAL,1,1,1,
2026-09-28 16:49:02,c2-learning,2569000,31.83,79.46,1004.54,32.38,64.38,1004.11,0,0,MANUAL,1,1,1,
2026-09-28 16:49:03,c2-learning,2570000,31.83,79.55,1004.60,32.39,64.48,1004.12,0,0,MANUAL,1,1,1,
2026-09-28 16:49:04,c2-learning,2571000,31.83,79.50,1004.57,32.38,64.62,1004.14,0,0,MANUAL,1,1,1,
2026-09-28 16:49:05,c2-learning,2572000,31.83,79.44,1004.62,32.38,64.52,1004.11,0,0,MANUAL,1,1,1,
2026-09-28 16:49:06,c2-learning,2573000,31.83,79.53,1004.51,32.38,64.60,1004.14,0,0,MANUAL,1,1,1,
2026-09-28 16:49:07,c2-learning,2574000,31.83,79.62,1004.54,32.38,64.35,1004.11,0,0,MANUAL,1,1,1,
2026-09-28 16:49:08,c2-learning,2575000,31.84,79.63,1004.56,32.38,64.22,1004.14,0,0,MANUAL,1,1,1,
2026-09-28 16:49:09,c2-learning,2576000,31.83,79.45,1004.54,32.39,64.64,1004.12,0,0,MANUAL,1,1,1,
2026-09-28 16:49:10,c2-learning,2577000,31.84,79.49,1004.58,32.38,64.15,1004.11,0,0,MANUAL,1,1,1,
2026-09-28 16:49:11,c2-learning,2578000,31.82,79.42,1004.61,32.38,64.50,1004.20,0,0,MANUAL,1,1,1,
2026-09-28 16:49:12,c2-learning,2579000,31.83,79.63,1004.51,32.38,64.74,1004.14,0,0,MANUAL,1,1,1,
2026-09-28 16:49:13,c2-learning,2580000,31.83,79.63,1004.56,32.39,64.66,1004.09,0,0,MANUAL,1,1,1,
2026-09-28 16:49:14,c2-learning,2581000,31.82,79.56,1004.50,32.38,64.52,1004.14,0,0,MANUAL,1,1,1,
2026-09-28 16:49:15,c2-learning,2582000,31.83,79.71,1004.57,32.39,64.63,1004.16,0,0,MANUAL,1,1,1,
2026-09-28 16:49:16,c2-learning,2583000,31.83,79.43,1004.57,32.38,64.26,1004.20,0,0,MANUAL,1,1,1,
2026-09-28 16:49:17,c2-learning,2584000,31.83,79.46,1004.54,32.38,64.63,1004.13,0,0,MANUAL,1,1,1,
2026-09-28 16:49:18,c2-learning,2585000,31.82,79.59,1004.55,32.38,64.37,1004.14,0,0,MANUAL,1,1,1,
2026-09-28 16:49:19,c2-learning,2586000,31.83,79.76,1004.50,32.38,64.22,1004.11,0,0,MANUAL,1,1,1,
2026-09-28 16:49:20,c2-learning,2587000,31.83,79.49,1004.59,32.38,64.32,1004.17,0,0,MANUAL,1,1,1,
2026-09-28 16:49:21,c2-learning,2588000,31.83,79.32,1004.53,32.38,64.22,1004.16,0,0,MANUAL,1,1,1,
2026-09-28 16:49:22,c2-learning,2589000,31.83,79.23,1004.56,32.38,64.26,1004.08,0,0,MANUAL,1,1,1,
2026-09-28 16:49:23,c2-learning,2590000,31.83,79.27,1004.57,32.38,64.51,1004.09,0,0,MANUAL,1,1,1,
2026-09-28 16:49:24,c2-learning,2591000,31.83,79.55,1004.57,32.37,64.76,1004.10,0,0,MANUAL,1,1,1,
2026-09-28 16:49:25,c2-learning,2592000,31.83,79.42,1004.59,32.37,64.56,1004.15,0,0,MANUAL,1,1,1,
2026-09-28 16:49:26,c2-learning,2593000,31.83,79.39,1004.60,32.38,64.59,1004.13,0,0,MANUAL,1,1,1,
2026-09-28 16:49:27,c2-learning,2594000,31.84,79.32,1004.58,32.37,64.51,1004.13,0,0,MANUAL,1,1,1,
2026-09-28 16:49:28,c2-learning,2595000,31.83,79.54,1004.60,32.37,64.42,1004.13,0,0,MANUAL,1,1,1,
2026-09-28 16:49:29,c2-learning,,,,,,,,,,,,,,mode OFF
2026-09-28 16:49:29,c2-learning,2596000,31.84,79.70,1004.58,32.38,64.38,1004.19,0,0,OFF,1,1,1,
2026-09-28 16:49:30,c3-dry,,,,,,,,,,,,,,mode OFF
2026-09-28 16:49:30,c3-dry,,,,,,,,,,,,,,MARK  cycle 3 dry-down: lid off until inside <= 73.0 %
2026-09-28 16:49:30,c3-dry,2597000,31.83,79.32,1004.56,32.37,64.23,1004.10,0,0,OFF,1,1,1,
2026-09-28 16:49:31,c3-dry,2598000,31.83,79.42,1004.62,32.38,64.30,1004.09,0,0,OFF,1,1,1,
2026-09-28 16:49:32,c3-dry,2599000,31.82,79.69,1004.55,32.38,64.23,1004.14,0,0,OFF,1,1,1,
2026-09-28 16:49:33,c3-dry,2600000,31.84,79.61,1004.58,32.38,64.16,1004.06,0,0,OFF,1,1,1,
2026-09-28 16:49:34,c3-dry,2601000,31.83,79.28,1004.59,32.38,64.18,1004.14,0,0,OFF,1,1,1,
2026-09-28 16:49:35,c3-dry,2602000,31.82,79.44,1004.58,32.38,64.31,1004.14,0,0,OFF,1,1,1,
2026-09-28 16:49:36,c3-dry,2603000,31.83,79.53,1004.60,32.38,64.40,1004.09,0,0,OFF,1,1,1,
2026-09-28 16:49:37,c3-dry,2604000,31.83,79.56,1004.56,32.38,64.62,1004.11,0,0,OFF,1,1,1,
2026-09-28 16:49:38,c3-dry,2605000,31.83,79.84,1004.50,32.39,64.42,1004.13,0,0,OFF,1,1,1,
2026-09-28 16:49:39,c3-dry,2606000,31.83,79.71,1004.50,32.38,64.58,1004.11,0,0,OFF,1,1,1,
2026-09-28 16:49:40,c3-dry,2607000,31.83,79.46,1004.62,32.39,64.38,1004.13,0,0,OFF,1,1,1,
2026-09-28 16:49:41,c3-dry,2608000,31.84,79.48,1004.60,32.39,64.40,1004.09,0,0,OFF,1,1,1,
2026-09-28 16:49:42,c3-dry,2609000,31.83,79.29,1004.60,32.38,64.71,1004.09,0,0,OFF,1,1,1,
2026-09-28 16:49:43,c3-dry,2610000,31.83,79.32,1004.60,32.39,64.63,1004.12,0,0,OFF,1,1,1,
2026-09-28 16:49:44,c3-dry,2611000,31.82,79.44,1004.61,32.39,64.55,1004.15,0,0,OFF,1,1,1,
2026-09-28 16:49:45,c3-dry,2612000,31.83,79.47,1004.59,32.38,64.55,1004.11,0,0,OFF,1,1,1,
2026-09-28 16:49:46,c3-dry,2613000,31.83,79.45,1004.62,32.39,64.63,1004.12,0,0,OFF,1,1,1,
2026-09-28 16:49:47,c3-dry,2614000,31.83,79.66,1004.64,32.38,64.48,1004.11,0,0,OFF,1,1,1,
2026-09-28 16:49:48,c3-dry,2615000,31.83,79.51,1004.60,32.39,64.62,1004.07,0,0,OFF,1,1,1,
2026-09-28 16:49:49,c3-dry,2616000,31.82,79.50,1004.54,32.38,64.58,1004.09,0,0,OFF,1,1,1,
2026-09-28 16:49:50,c3-dry,2617000,31.83,79.61,1004.53,32.38,64.39,1004.14,0,0,OFF,1,1,1,
2026-09-28 16:49:51,c3-dry,2618000,31.83,79.49,1004.65,32.39,64.56,1004.16,0,0,OFF,1,1,1,
2026-09-28 16:49:52,c3-dry,2619000,31.83,79.52,1004.57,32.39,64.52,1004.13,0,0,OFF,1,1,1,
2026-09-28 16:49:53,c3-dry,2620000,31.83,79.56,1004.64,32.39,64.24,1004.04,0,0,OFF,1,1,1,
2026-09-28 16:49:54,c3-dry,2621000,31.83,79.47,1004.56,32.39,64.24,1004.19,0,0,OFF,1,1,1,
2026-09-28 16:49:55,c3-dry,2622000,31.82,79.45,1004.61,32.39,64.37,1004.07,0,0,OFF,1,1,1,
2026-09-28 16:49:56,c3-dry,2623000,31.82,79.33,1004.61,32.39,64.10,1004.13,0,0,OFF,1,1,1,
2026-09-28 16:49:57,c3-dry,2624000,31.83,79.49,1004.59,32.39,64.47,1004.07,0,0,OFF,1,1,1,
2026-09-28 16:49:58,c3-dry,2625000,31.83,79.61,1004.56,32.39,64.42,1004.07,0,0,OFF,1,1,1,
2026-09-28 16:49:59,c3-dry,2626000,31.83,79.57,1004.56,32.39,64.30,1004.07,0,0,OFF,1,1,1,
2026-09-28 16:50:00,c3-dry,2627000,31.83,79.44,1004.53,32.39,64.29,1004.12,0,0,OFF,1,1,1,
2026-09-28 16:50:01,c3-dry,2628000,31.83,79.65,1004.51,32.39,64.59,1004.12,0,0,OFF,1,1,1,
2026-09-28 16:50:02,c3-dry,2629000,31.83,79.47,1004.53,32.40,64.23,1004.14,0,0,OFF,1,1,1,
2026-09-28 16:50:03,c3-dry,2630000,31.83,79.42,1004.59,32.39,64.47,1004.10,0,0,OFF,1,1,1,
2026-09-28 16:50:04,c3-dry,2631000,31.83,79.25,1004.60,32.39,64.63,1004.12,0,0,OFF,1,1,1,
2026-09-28 16:50:05,c3-dry,2632000,31.83,79.30,1004.59,32.39,64.49,1004.16,0,0,OFF,1,1,1,
2026-09-28 16:50:06,c3-dry,2633000,31.83,79.42,1004.59,32.39,64.24,1004.15,0,0,OFF,1,1,1,
2026-09-28 16:50:07,c3-dry,2634000,31.82,79.30,1004.58,32.39,64.46,1004.13,0,0,OFF,1,1,1,
2026-09-28 16:50:08,c3-dry,2635000,31.82,79.36,1004.52,32.39,64.39,1004.09,0,0,OFF,1,1,1,
2026-09-28 16:50:09,c3-dry,2636000,31.83,79.17,1004.62,32.39,64.56,1004.10,0,0,OFF,1,1,1,
2026-09-28 16:50:10,c3-dry,2637000,31.82,79.20,1004.55,32.39,64.18,1004.10,0,0,OFF,1,1,1,
2026-09-28 16:50:11,c3-dry,2638000,31.82,79.07,1004.58,32.38,64.47,1004.14,0,0,OFF,1,1,1,
2026-09-28 16:50:12,c3-dry,2639000,31.83,79.34,1004.56,32.39,64.23,1004.16,0,0,OFF,1,1,1,
2026-09-28 16:50:13,c3-dry,2640000,31.83,79.60,1004.56,32.40,64.47,1004.14,0,0,OFF,1,1,1,
2026-09-28 16:50:14,c3-dry,2641000,31.82,79.55,1004.52,32.39,64.60,1004.12,0,0,OFF,1,1,1,
2026-09-28 16:50:15,c3-dry,2642000,31.83,79.45,1004.56,32.38,64.56,1004.11,0,0,OFF,1,1,1,
2026-09-28 16:50:16,c3-dry,2643000,31.83,79.49,1004.62,32.38,64.57,1004.11,0,0,OFF,1,1,1,
2026-09-28 16:50:17,c3-dry,2644000,31.83,79.41,1004.56,32.39,64.44,1004.13,0,0,OFF,1,1,1,
2026-09-28 16:50:18,c3-dry,2645000,31.82,79.23,1004.55,32.38,64.64,1004.14,0,0,OFF,1,1,1,
2026-09-28 16:50:19,c3-dry,2646000,31.82,79.04,1004.52,32.38,64.43,1004.11,0,0,OFF,1,1,1,
2026-09-28 16:50:20,c3-dry,2647000,31.82,78.97,1004.61,32.39,64.48,1004.10,0,0,OFF,1,1,1,
2026-09-28 16:50:21,c3-dry,2648000,31.83,79.19,1004.56,32.39,64.22,1004.12,0,0,OFF,1,1,1,
2026-09-28 16:50:22,c3-dry,2649000,31.83,79.45,1004.68,32.38,64.37,1004.11,0,0,OFF,1,1,1,
2026-09-28 16:50:23,c3-dry,2650000,31.83,79.86,1004.62,32.39,64.46,1004.12,0,0,OFF,1,1,1,
2026-09-28 16:50:24,c3-dry,2651000,31.82,79.71,1004.52,32.39,64.14,1004.12,0,0,OFF,1,1,1,
2026-09-28 16:50:25,c3-dry,2652000,31.83,79.67,1004.62,32.38,64.23,1004.11,0,0,OFF,1,1,1,
2026-09-28 16:50:26,c3-dry,2653000,31.83,79.46,1004.57,32.38,64.59,1004.09,0,0,OFF,1,1,1,
2026-09-28 16:50:27,c3-dry,2654000,31.83,79.21,1004.54,32.39,64.24,1004.15,0,0,OFF,1,1,1,
2026-09-28 16:50:28,c3-dry,2655000,31.83,79.44,1004.59,32.38,64.30,1004.11,0,0,OFF,1,1,1,
2026-09-28 16:50:29,c3-dry,2656000,31.83,79.49,1004.60,32.38,64.42,1004.17,0,0,OFF,1,1,1,
2026-09-28 16:50:30,c3-dry,2657000,31.83,79.39,1004.51,32.38,64.42,1004.09,0,0,OFF,1,1,1,
2026-09-28 16:50:31,c3-dry,2658000,31.83,79.51,1004.53,32.39,64.58,1004.12,0,0,OFF,1,1,1,
2026-09-28 16:50:32,c3-dry,2659000,31.84,79.25,1004.58,32.38,64.52,1004.14,0,0,OFF,1,1,1,
2026-09-28 16:50:33,c3-dry,2660000,31.83,79.42,1004.56,32.38,64.51,1004.16,0,0,OFF,1,1,1,
2026-09-28 16:50:34,c3-dry,2661000,31.83,79.33,1004.56,32.39,64.63,1004.10,0,0,OFF,1,1,1,
2026-09-28 16:50:35,c3-dry,2662000,31.82,79.24,1004.61,32.39,64.55,1004.18,0,0,OFF,1,1,1,
2026-09-28 16:50:36,c3-dry,2663000,31.83,79.32,1004.57,32.39,64.65,1004.07,0,0,OFF,1,1,1,
2026-09-28 16:50:37,c3-dry,2664000,31.83,79.53,1004.54,32.38,64.56,1004.14,0,0,OFF,1,1,1,
2026-09-28 16:50:38,c3-dry,2665000,31.83,79.80,1004.57,32.38,64.50,1004.11,0,0,OFF,1,1,1,
2026-09-28 16:50:39,c3-dry,2666000,31.83,79.84,1004.59,32.39,64.62,1004.13,0,0,OFF,1,1,1,
2026-09-28 16:50:40,c3-dry,2667000,31.83,79.46,1004.54,32.38,64.34,1004.14,0,0,OFF,1,1,1,
2026-09-28 16:50:41,c3-dry,2668000,31.83,79.49,1004.60,32.39,64.54,1004.09,0,0,OFF,1,1,1,
2026-09-28 16:50:42,c3-dry,2669000,31.83,79.39,1004.62,32.38,64.25,1004.17,0,0,OFF,1,1,1,
2026-09-28 16:50:43,c3-dry,2670000,31.82,79.36,1004.60,32.38,64.43,1004.14,0,0,OFF,1,1,1,
2026-09-28 16:50:44,c3-dry,2671000,31.82,79.31,1004.58,32.38,64.23,1004.14,0,0,OFF,1,1,1,
2026-09-28 16:50:45,c3-dry,2672000,31.84,79.48,1004.58,32.38,64.47,1004.09,0,0,OFF,1,1,1,
2026-09-28 16:50:46,c3-dry,2673000,31.82,79.31,1004.58,32.39,64.23,1004.09,0,0,OFF,1,1,1,
2026-09-28 16:50:47,c3-dry,2674000,31.83,79.27,1004.56,32.38,64.59,1004.13,0,0,OFF,1,1,1,
2026-09-28 16:50:48,c3-dry,2675000,31.83,79.57,1004.57,32.38,64.22,1004.11,0,0,OFF,1,1,1,
2026-09-28 16:50:49,c3-dry,2676000,31.84,79.85,1004.52,32.38,64.41,1004.11,0,0,OFF,1,1,1,
2026-09-28 16:50:50,c3-dry,2677000,31.83,79.74,1004.54,32.38,64.45,1004.13,0,0,OFF,1,1,1,
2026-09-28 16:50:51,c3-dry,2678000,31.84,79.63,1004.58,32.38,64.22,1004.11,0,0,OFF,1,1,1,
2026-09-28 16:50:52,c3-dry,2679000,31.82,79.56,1004.55,32.38,64.14,1004.05,0,0,OFF,1,1,1,
2026-09-28 16:50:53,c3-dry,2680000,31.82,79.45,1004.55,32.38,64.21,1004.13,0,0,OFF,1,1,1,
2026-09-28 16:50:54,c3-dry,2681000,31.84,79.43,1004.66,32.38,64.15,1004.17,0,0,OFF,1,1,1,
2026-09-28 16:50:55,c3-dry,2682000,31.83,79.58,1004.57,32.38,64.45,1004.11,0,0,OFF,1,1,1,
2026-09-28 16:50:56,c3-dry,2683000,31.83,79.68,1004.57,32.37,64.27,1004.10,0,0,OFF,1,1,1,
2026-09-28 16:50:57,c3-dry,2684000,31.82,79.66,1004.61,32.37,64.14,1004.15,0,0,OFF,1,1,1,
2026-09-28 16:50:58,c3-dry,2685000,31.83,79.41,1004.57,32.37,64.21,1004.15,0,0,OFF,1,1,1,
2026-09-28 16:50:59,c3-dry,2686000,31.84,79.48,1004.63,32.38,64.17,1004.16,0,0,OFF,1,1,1,
2026-09-28 16:51:00,c3-dry,2687000,31.82,79.44,1004.55,32.38,64.27,1004.16,0,0,OFF,1,1,1,
2026-09-28 16:51:01,c3-dry,2688000,31.83,79.31,1004.59,32.38,64.06,1004.20,0,0,OFF,1,1,1,
2026-09-28 16:51:02,c3-dry,2689000,31.83,79.40,1004.60,32.37,64.48,1004.15,0,0,OFF,1,1,1,
2026-09-28 16:51:03,c3-dry,2690000,31.83,79.19,1004.57,32.38,64.45,1004.17,0,0,OFF,1,1,1,
2026-09-28 16:51:04,c3-dry,2691000,31.83,79.40,1004.62,32.38,64.22,1004.16,0,0,OFF,1,1,1,
2026-09-28 16:51:05,c3-dry,2692000,31.83,79.42,1004.62,32.38,64.24,1004.16,0,0,OFF,1,1,1,
2026-09-28 16:51:06,c3-dry,2693000,31.82,79.51,1004.61,32.37,64.52,1004.13,0,0,OFF,1,1,1,
2026-09-28 16:51:07,c3-dry,2694000,31.83,79.51,1004.68,32.38,64.10,1004.11,0,0,OFF,1,1,1,
2026-09-28 16:51:08,c3-dry,2695000,31.83,79.65,1004.62,32.37,64.47,1004.13,0,0,OFF,1,1,1,
2026-09-28 16:51:09,c3-dry,2696000,31.83,79.44,1004.53,32.39,64.11,1004.21,0,0,OFF,1,1,1,
2026-09-28 16:51:10,c3-dry,2697000,31.82,79.41,1004.61,32.39,64.13,1004.16,0,0,OFF,1,1,1,
2026-09-28 16:51:11,c3-dry,2698000,31.83,79.24,1004.56,32.39,64.14,1004.12,0,0,OFF,1,1,1,
2026-09-28 16:51:12,c3-dry,2699000,31.83,79.39,1004.54,32.39,64.22,1004.18,0,0,OFF,1,1,1,
2026-09-28 16:51:13,c3-dry,2700000,31.84,79.30,1004.58,32.38,64.16,1004.14,0,0,OFF,1,1,1,
2026-09-28 16:51:14,c3-dry,2701000,31.83,79.55,1004.60,32.38,64.47,1004.11,0,0,OFF,1,1,1,
2026-09-28 16:51:15,c3-dry,2702000,31.83,79.62,1004.60,32.38,64.42,1004.11,0,0,OFF,1,1,1,
2026-09-28 16:51:16,c3-dry,2703000,31.83,79.43,1004.56,32.38,64.17,1004.17,0,0,OFF,1,1,1,
2026-09-28 16:51:17,c3-dry,2704000,31.83,79.42,1004.59,32.38,64.06,1004.17,0,0,OFF,1,1,1,
2026-09-28 16:51:18,c3-dry,2705000,31.82,79.37,1004.64,32.38,64.22,1004.14,0,0,OFF,1,1,1,
2026-09-28 16:51:19,c3-dry,2706000,31.83,79.32,1004.64,32.37,64.31,1004.07,0,0,OFF,1,1,1,
2026-09-28 16:51:20,c3-dry,2707000,31.84,79.37,1004.55,32.38,64.15,1004.16,0,0,OFF,1,1,1,
2026-09-28 16:51:21,c3-dry,2708000,31.83,79.23,1004.62,32.39,64.07,1004.15,0,0,OFF,1,1,1,
2026-09-28 16:51:22,c3-dry,2709000,31.82,79.03,1004.58,32.38,64.08,1004.14,0,0,OFF,1,1,1,
2026-09-28 16:51:23,c3-dry,2710000,31.83,79.11,1004.62,32.38,64.10,1004.13,0,0,OFF,1,1,1,
2026-09-28 16:51:24,c3-dry,2711000,31.83,79.16,1004.56,32.38,64.16,1004.13,0,0,OFF,1,1,1,
2026-09-28 16:51:25,c3-dry,2712000,31.83,79.30,1004.60,32.37,64.21,1004.13,0,0,OFF,1,1,1,
2026-09-28 16:51:26,c3-dry,2713000,31.82,79.38,1004.50,32.38,64.08,1004.14,0,0,OFF,1,1,1,
2026-09-28 16:51:27,c3-dry,2714000,31.82,79.51,1004.58,32.37,64.02,1004.12,0,0,OFF,1,1,1,
2026-09-28 16:51:28,c3-dry,2715000,31.83,79.49,1004.54,32.38,64.24,1004.11,0,0,OFF,1,1,1,
2026-09-28 16:51:29,c3-dry,2716000,31.83,79.54,1004.53,32.37,64.18,1004.13,0,0,OFF,1,1,1,
2026-09-28 16:51:30,c3-dry,2717000,31.83,79.68,1004.51,32.39,64.08,1004.15,0,0,OFF,1,1,1,
2026-09-28 16:51:31,c3-dry,2718000,31.83,79.46,1004.59,32.38,64.09,1004.17,0,0,OFF,1,1,1,
2026-09-28 16:51:32,c3-dry,2719000,31.84,79.52,1004.60,32.38,64.16,1004.11,0,0,OFF,1,1,1,
2026-09-28 16:51:33,c3-dry,2720000,31.83,79.58,1004.60,32.38,64.15,1004.16,0,0,OFF,1,1,1,
2026-09-28 16:51:34,c3-dry,2721000,31.82,79.44,1004.55,32.38,64.20,1004.13,0,0,OFF,1,1,1,
2026-09-28 16:51:35,c3-dry,2722000,31.83,79.54,1004.57,32.37,64.16,1004.13,0,0,OFF,1,1,1,
2026-09-28 16:51:36,c3-dry,2723000,31.83,79.46,1004.57,32.38,64.10,1004.09,0,0,OFF,1,1,1,
2026-09-28 16:51:37,c3-dry,2724000,31.82,79.22,1004.55,32.38,64.18,1004.11,0,0,OFF,1,1,1,
2026-09-28 16:51:38,c3-dry,2725000,31.83,79.41,1004.56,32.38,64.08,1004.14,0,0,OFF,1,1,1,
2026-09-28 16:51:39,c3-dry,2726000,31.83,79.51,1004.54,32.38,64.24,1004.11,0,0,OFF,1,1,1,
2026-09-28 16:51:40,c3-dry,2727000,31.84,79.74,1004.52,32.37,64.10,1004.13,0,0,OFF,1,1,1,
2026-09-28 16:51:41,c3-dry,2728000,31.83,79.63,1004.54,32.38,64.22,1004.09,0,0,OFF,1,1,1,
2026-09-28 16:51:42,c3-dry,2729000,31.83,79.55,1004.53,32.38,64.38,1004.11,0,0,OFF,1,1,1,
2026-09-28 16:51:43,c3-dry,2730000,31.83,79.53,1004.57,32.38,64.16,1004.11,0,0,OFF,1,1,1,
2026-09-28 16:51:44,c3-dry,2731000,31.83,79.82,1004.50,32.38,64.37,1004.14,0,0,OFF,1,1,1,
2026-09-28 16:51:45,c3-dry,2732000,31.84,80.03,1004.58,32.38,64.22,1004.06,0,0,OFF,1,1,1,
2026-09-28 16:51:46,c3-dry,2733000,31.83,79.61,1004.57,32.39,64.09,1004.07,0,0,OFF,1,1,1,
2026-09-28 16:51:47,c3-dry,2734000,31.83,79.63,1004.54,32.38,64.17,1004.11,0,0,OFF,1,1,1,
2026-09-28 16:51:48,c3-dry,2735000,31.84,79.96,1004.55,32.39,64.10,1004.16,0,0,OFF,1,1,1,
2026-09-28 16:51:49,c3-dry,2736000,31.83,79.87,1004.62,32.38,64.15,1004.14,0,0,OFF,1,1,1,
2026-09-28 16:51:50,c3-dry,2737000,31.83,79.63,1004.56,32.38,64.23,1004.13,0,0,OFF,1,1,1,
2026-09-28 16:51:51,c3-dry,2738000,31.82,79.36,1004.61,32.38,64.57,1004.11,0,0,OFF,1,1,1,
2026-09-28 16:51:52,c3-dry,2739000,31.83,79.43,1004.57,32.38,64.63,1004.16,0,0,OFF,1,1,1,
2026-09-28 16:51:53,c3-dry,2740000,31.83,79.51,1004.62,32.37,64.17,1004.10,0,0,OFF,1,1,1,
2026-09-28 16:51:54,c3-dry,2741000,31.83,79.36,1004.53,32.37,64.49,1004.15,0,0,OFF,1,1,1,
2026-09-28 16:51:55,c3-dry,2742000,31.83,79.38,1004.54,32.38,64.12,1004.13,0,0,OFF,1,1,1,
2026-09-28 16:51:56,c3-dry,2743000,31.83,79.25,1004.57,32.38,64.54,1004.14,0,0,OFF,1,1,1,
2026-09-28 16:51:57,c3-dry,2744000,31.83,79.41,1004.57,32.37,64.09,1004.12,0,0,OFF,1,1,1,
2026-09-28 16:51:58,c3-dry,2745000,31.83,79.46,1004.56,32.37,64.12,1004.09,0,0,OFF,1,1,1,
2026-09-28 16:51:59,c3-dry,2746000,31.83,79.56,1004.54,32.37,64.42,1004.15,0,0,OFF,1,1,1,
2026-09-28 16:52:00,c3-dry,2747000,31.83,79.45,1004.56,32.37,64.26,1004.13,0,0,OFF,1,1,1,
2026-09-28 16:52:01,c3-dry,2748000,31.82,79.24,1004.58,32.38,64.43,1004.05,0,0,OFF,1,1,1,
2026-09-28 16:52:02,c3-dry,2749000,31.83,79.40,1004.54,32.38,64.48,1004.11,0,0,OFF,1,1,1,
2026-09-28 16:52:03,c3-dry,2750000,31.83,79.34,1004.59,32.37,64.35,1004.10,0,0,OFF,1,1,1,
2026-09-28 16:52:04,c3-dry,2751000,31.84,79.25,1004.63,32.37,64.49,1004.04,0,0,OFF,1,1,1,
2026-09-28 16:52:05,c3-dry,2752000,31.83,79.10,1004.62,32.38,64.43,1004.13,0,0,OFF,1,1,1,
2026-09-28 16:52:06,c3-dry,2753000,31.83,78.95,1004.53,32.38,64.40,1004.11,0,0,OFF,1,1,1,
2026-09-28 16:52:07,c3-dry,2754000,31.83,78.78,1004.60,32.37,64.05,1004.15,0,0,OFF,1,1,1,
2026-09-28 16:52:08,c3-dry,2755000,31.82,78.91,1004.55,32.37,64.55,1004.12,0,0,OFF,1,1,1,
2026-09-28 16:52:09,c3-dry,2756000,31.83,79.17,1004.56,32.37,64.20,1004.15,0,0,OFF,1,1,1,
2026-09-28 16:52:10,c3-dry,2757000,31.83,79.30,1004.64,32.38,64.09,1004.13,0,0,OFF,1,1,1,
2026-09-28 16:52:11,c3-dry,2758000,31.83,79.30,1004.56,32.37,64.10,1004.13,0,0,OFF,1,1,1,
2026-09-28 16:52:12,c3-dry,2759000,31.84,79.30,1004.55,32.37,64.12,1004.13,0,0,OFF,1,1,1,
2026-09-28 16:52:13,c3-dry,2760000,31.83,79.29,1004.50,32.37,64.05,1004.04,0,0,OFF,1,1,1,
2026-09-28 16:52:14,c3-dry,2761000,31.83,79.41,1004.60,32.37,64.08,1004.17,0,0,OFF,1,1,1,
2026-09-28 16:52:15,c3-dry,2762000,31.83,79.41,1004.62,32.37,64.16,1004.07,0,0,OFF,1,1,1,
2026-09-28 16:52:16,c3-dry,2763000,31.83,79.30,1004.60,32.37,64.08,1004.09,0,0,OFF,1,1,1,
2026-09-28 16:52:17,c3-dry,2764000,31.84,79.31,1004.58,32.37,64.12,1004.09,0,0,OFF,1,1,1,
2026-09-28 16:52:18,c3-dry,2765000,31.84,79.48,1004.63,32.37,64.14,1004.15,0,0,OFF,1,1,1,
2026-09-28 16:52:19,c3-dry,2766000,31.83,79.73,1004.56,32.38,64.03,1004.11,0,0,OFF,1,1,1,
2026-09-28 16:52:20,c3-dry,2767000,31.83,79.76,1004.53,32.38,64.13,1004.13,0,0,OFF,1,1,1,
2026-09-28 16:52:21,c3-dry,2768000,31.84,79.93,1004.55,32.37,64.06,1004.06,0,0,OFF,1,1,1,
2026-09-28 16:52:22,c3-dry,2769000,31.82,79.83,1004.64,32.37,64.18,1004.13,0,0,OFF,1,1,1,
2026-09-28 16:52:23,c3-dry,2770000,31.83,79.34,1004.57,32.37,64.09,1004.13,0,0,OFF,1,1,1,
2026-09-28 16:52:24,c3-dry,2771000,31.83,79.35,1004.57,32.37,64.18,1004.15,0,0,OFF,1,1,1,
2026-09-28 16:52:25,c3-dry,2772000,31.83,79.47,1004.60,32.37,64.24,1004.13,0,0,OFF,1,1,1,
2026-09-28 16:52:26,c3-dry,2773000,31.83,79.18,1004.57,32.36,64.16,1004.08,0,0,OFF,1,1,1,
2026-09-28 16:52:27,c3-dry,2774000,31.83,79.31,1004.65,32.37,64.10,1004.10,0,0,OFF,1,1,1,
2026-09-28 16:52:28,c3-dry,2775000,31.83,79.47,1004.57,32.36,64.18,1004.08,0,0,OFF,1,1,1,
2026-09-28 16:52:29,c3-dry,2776000,31.83,79.47,1004.60,32.37,64.07,1004.09,0,0,OFF,1,1,1,
2026-09-28 16:52:30,c3-dry,2777000,31.83,79.58,1004.62,32.37,64.51,1004.10,0,0,OFF,1,1,1,
2026-09-28 16:52:31,c3-dry,2778000,31.84,79.76,1004.58,32.38,64.16,1004.06,0,0,OFF,1,1,1,
2026-09-28 16:52:32,c3-dry,2779000,31.83,79.75,1004.62,32.37,64.30,1004.09,0,0,OFF,1,1,1,
2026-09-28 16:52:33,c3-dry,2780000,31.83,79.80,1004.57,32.37,64.12,1004.07,0,0,OFF,1,1,1,
2026-09-28 16:52:34,c3-dry,2781000,31.83,79.63,1004.53,32.38,64.12,1004.14,0,0,OFF,1,1,1,
2026-09-28 16:52:35,c3-dry,2782000,31.84,79.81,1004.60,32.38,64.15,1004.11,0,0,OFF,1,1,1,
2026-09-28 16:52:36,c3-dry,2783000,31.84,79.43,1004.55,32.37,63.98,1004.13,0,0,OFF,1,1,1,
2026-09-28 16:52:37,c3-dry,2784000,31.83,79.34,1004.62,32.38,64.48,1004.14,0,0,OFF,1,1,1,
2026-09-28 16:52:38,c3-dry,2785000,31.83,79.41,1004.54,32.38,64.13,1004.09,0,0,OFF,1,1,1,
2026-09-28 16:52:39,c3-dry,2786000,31.83,79.08,1004.56,32.39,64.41,1004.09,0,0,OFF,1,1,1,
2026-09-28 16:52:40,c3-dry,2787000,31.83,78.92,1004.59,32.38,64.42,1004.14,0,0,OFF,1,1,1,
2026-09-28 16:52:41,c3-dry,2788000,31.83,79.49,1004.57,32.38,64.07,1004.11,0,0,OFF,1,1,1,
2026-09-28 16:52:42,c3-dry,2789000,31.83,79.58,1004.60,32.37,64.07,1004.07,0,0,OFF,1,1,1,
2026-09-28 16:52:43,c3-dry,2790000,31.84,79.76,1004.55,32.39,64.14,1004.18,0,0,OFF,1,1,1,
2026-09-28 16:52:44,c3-dry,2791000,31.83,79.61,1004.54,32.38,64.27,1004.11,0,0,OFF,1,1,1,
2026-09-28 16:52:45,c3-dry,2792000,31.83,79.69,1004.62,32.38,64.08,1004.11,0,0,OFF,1,1,1,
2026-09-28 16:52:46,c3-dry,2793000,31.84,79.63,1004.52,32.37,64.12,1004.13,0,0,OFF,1,1,1,
2026-09-28 16:52:47,c3-dry,2794000,31.83,79.64,1004.60,32.37,64.12,1004.12,0,0,OFF,1,1,1,
2026-09-28 16:52:48,c3-dry,2795000,31.84,79.56,1004.60,32.37,64.03,1004.13,0,0,OFF,1,1,1,
2026-09-28 16:52:49,c3-dry,2796000,31.83,79.57,1004.53,32.38,64.06,1004.17,0,0,OFF,1,1,1,
2026-09-28 16:52:50,c3-dry,2797000,31.83,79.33,1004.64,32.38,64.41,1004.14,0,0,OFF,1,1,1,
2026-09-28 16:52:51,c3-dry,2798000,31.84,79.36,1004.58,32.38,64.14,1004.11,0,0,OFF,1,1,1,
2026-09-28 16:52:52,c3-dry,2799000,31.83,79.66,1004.59,32.38,64.26,1004.17,0,0,OFF,1,1,1,
2026-09-28 16:52:53,c3-dry,2800000,31.84,79.76,1004.58,32.38,64.52,1004.13,0,0,OFF,1,1,1,
2026-09-28 16:52:54,c3-dry,2801000,31.83,79.64,1004.57,32.38,64.03,1004.13,0,0,OFF,1,1,1,
2026-09-28 16:52:55,c3-dry,2802000,31.83,79.16,1004.59,32.38,64.08,1004.19,0,0,OFF,1,1,1,
2026-09-28 16:52:56,c3-dry,2803000,31.83,79.12,1004.56,32.38,64.29,1004.11,0,0,OFF,1,1,1,
2026-09-28 16:52:57,c3-dry,2804000,31.83,79.05,1004.62,32.39,64.05,1004.15,0,0,OFF,1,1,1,
2026-09-28 16:52:58,c3-dry,2805000,31.83,78.88,1004.62,32.38,63.98,1004.09,0,0,OFF,1,1,1,
2026-09-28 16:52:59,c3-dry,2806000,31.83,79.00,1004.60,32.39,64.00,1004.18,0,0,OFF,1,1,1,
2026-09-28 16:53:00,c3-dry,2807000,31.83,79.19,1004.57,32.39,64.01,1004.13,0,0,OFF,1,1,1,
2026-09-28 16:53:01,c3-dry,2808000,31.83,79.25,1004.65,32.39,64.03,1004.18,0,0,OFF,1,1,1,
2026-09-28 16:53:02,c3-dry,2809000,31.82,79.38,1004.55,32.38,64.13,1004.14,0,0,OFF,1,1,1,
2026-09-28 16:53:03,c3-dry,2810000,31.84,79.32,1004.61,32.38,64.00,1004.11,0,0,OFF,1,1,1,
2026-09-28 16:53:04,c3-dry,2811000,31.83,79.52,1004.60,32.38,64.05,1004.14,0,0,OFF,1,1,1,
2026-09-28 16:53:05,c3-dry,2812000,31.83,79.27,1004.62,32.38,64.03,1004.11,0,0,OFF,1,1,1,
2026-09-28 16:53:06,c3-dry,2813000,31.84,79.25,1004.60,32.39,64.07,1004.13,0,0,OFF,1,1,1,
2026-09-28 16:53:07,c3-dry,2814000,31.83,79.43,1004.62,32.38,63.99,1004.14,0,0,OFF,1,1,1,
2026-09-28 16:53:08,c3-dry,2815000,31.84,79.43,1004.58,32.40,64.09,1004.20,0,0,OFF,1,1,1,
2026-09-28 16:53:09,c3-dry,2816000,31.83,79.45,1004.60,32.39,64.39,1004.12,0,0,OFF,1,1,1,
2026-09-28 16:53:10,c3-dry,2817000,31.84,79.37,1004.58,32.39,64.43,1004.15,0,0,OFF,1,1,1,
2026-09-28 16:53:11,c3-dry,2818000,31.83,79.54,1004.57,32.40,63.95,1004.15,0,0,OFF,1,1,1,
2026-09-28 16:53:12,c3-dry,2819000,31.83,79.51,1004.60,32.40,63.97,1004.14,0,0,OFF,1,1,1,
2026-09-28 16:53:13,c3-dry,2820000,31.84,79.41,1004.60,32.40,63.96,1004.15,0,0,OFF,1,1,1,
2026-09-28 16:53:14,c3-dry,2821000,31.83,79.60,1004.62,32.40,64.08,1004.15,0,0,OFF,1,1,1,
2026-09-28 16:53:15,c3-dry,2822000,31.84,79.48,1004.58,32.40,64.10,1004.06,0,0,OFF,1,1,1,
2026-09-28 16:53:16,c3-dry,2823000,31.83,79.58,1004.57,32.39,64.01,1004.07,0,0,OFF,1,1,1,
2026-09-28 16:53:17,c3-dry,2824000,31.83,79.42,1004.60,32.39,64.08,1004.10,0,0,OFF,1,1,1,
2026-09-28 16:53:18,c3-dry,2825000,31.84,79.63,1004.63,32.40,63.98,1004.11,0,0,OFF,1,1,1,
2026-09-28 16:53:19,c3-dry,2826000,31.84,79.74,1004.60,32.40,64.05,1004.14,0,0,OFF,1,1,1,
2026-09-28 16:53:20,c3-dry,2827000,31.83,79.74,1004.57,32.39,64.07,1004.13,0,0,OFF,1,1,1,
2026-09-28 16:53:21,c3-dry,2828000,31.84,79.52,1004.60,32.40,64.25,1004.17,0,0,OFF,1,1,1,
2026-09-28 16:53:22,c3-dry,2829000,31.84,79.53,1004.63,32.40,64.09,1004.06,0,0,OFF,1,1,1,
2026-09-28 16:53:23,c3-dry,2830000,31.83,79.62,1004.51,32.40,64.15,1004.14,0,0,OFF,1,1,1,
2026-09-28 16:53:24,c3-dry,2831000,31.84,79.77,1004.55,32.39,64.24,1004.16,0,0,OFF,1,1,1,
2026-09-28 16:53:25,c3-dry,2832000,31.83,79.71,1004.60,32.40,64.42,1004.14,0,0,OFF,1,1,1,
2026-09-28 16:53:26,c3-dry,2833000,31.84,79.81,1004.63,32.40,64.28,1004.11,0,0,OFF,1,1,1,
2026-09-28 16:53:27,c3-dry,2834000,31.84,79.74,1004.58,32.40,64.06,1004.12,0,0,OFF,1,1,1,
2026-09-28 16:53:28,c3-dry,2835000,31.84,79.75,1004.58,32.40,64.00,1004.06,0,0,OFF,1,1,1,
2026-09-28 16:53:29,c3-dry,2836000,31.83,79.73,1004.65,32.40,64.03,1004.09,0,0,OFF,1,1,1,
2026-09-28 16:53:30,c3-dry,2837000,31.84,79.74,1004.58,32.39,64.32,1004.16,0,0,OFF,1,1,1,
2026-09-28 16:53:31,c3-dry,2838000,31.84,79.34,1004.55,32.39,64.37,1004.13,0,0,OFF,1,1,1,
2026-09-28 16:53:32,c3-dry,2839000,31.83,79.42,1004.60,32.41,64.39,1004.13,0,0,OFF,1,1,1,
2026-09-28 16:53:33,c3-dry,2840000,31.83,79.36,1004.62,32.41,64.15,1004.10,0,0,OFF,1,1,1,
2026-09-28 16:53:34,c3-dry,2841000,31.84,79.26,1004.58,32.39,63.98,1004.13,0,0,OFF,1,1,1,
2026-09-28 16:53:35,c3-dry,2842000,31.83,79.23,1004.54,32.40,64.41,1004.11,0,0,OFF,1,1,1,
2026-09-28 16:53:36,c3-dry,2843000,31.84,79.28,1004.58,32.40,63.99,1004.14,0,0,OFF,1,1,1,
2026-09-28 16:53:37,c3-dry,2844000,31.83,79.27,1004.60,32.40,64.06,1004.15,0,0,OFF,1,1,1,
2026-09-28 16:53:38,c3-dry,2845000,31.83,79.29,1004.57,32.40,63.97,1004.17,0,0,OFF,1,1,1,
2026-09-28 16:53:39,c3-dry,2846000,31.84,79.54,1004.61,32.40,64.09,1004.12,0,0,OFF,1,1,1,
2026-09-28 16:53:40,c3-dry,2847000,31.85,79.47,1004.59,32.41,64.02,1004.21,0,0,OFF,1,1,1,
2026-09-28 16:53:41,c3-dry,2848000,31.84,79.36,1004.55,32.40,64.37,1004.17,0,0,OFF,1,1,1,
2026-09-28 16:53:42,c3-dry,2849000,31.84,79.58,1004.58,32.40,64.04,1004.11,0,0,OFF,1,1,1,
2026-09-28 16:53:43,c3-dry,2850000,31.84,79.62,1004.56,32.39,63.93,1004.19,0,0,OFF,1,1,1,
2026-09-28 16:53:44,c3-dry,2851000,31.85,79.71,1004.56,32.39,64.06,1004.18,0,0,OFF,1,1,1,
2026-09-28 16:53:45,c3-dry,2852000,31.84,79.73,1004.58,32.38,64.08,1004.11,0,0,OFF,1,1,1,
2026-09-28 16:53:46,c3-dry,2853000,31.84,79.77,1004.56,32.39,63.98,1004.13,0,0,OFF,1,1,1,
2026-09-28 16:53:47,c3-dry,2854000,31.84,79.50,1004.61,32.39,63.98,1004.12,0,0,OFF,1,1,1,
2026-09-28 16:53:48,c3-dry,2855000,31.84,79.45,1004.61,32.39,64.08,1004.07,0,0,OFF,1,1,1,
2026-09-28 16:53:49,c3-dry,2856000,31.84,79.21,1004.61,32.38,64.05,1004.09,0,0,OFF,1,1,1,
2026-09-28 16:53:50,c3-dry,2857000,31.84,79.40,1004.58,32.39,64.10,1004.13,0,0,OFF,1,1,1,
2026-09-28 16:53:51,c3-dry,2858000,31.84,79.59,1004.60,32.39,64.04,1004.13,0,0,OFF,1,1,1,
2026-09-28 16:53:52,c3-dry,2859000,31.84,79.55,1004.61,32.39,64.09,1004.15,0,0,OFF,1,1,1,
2026-09-28 16:53:53,c3-dry,2860000,31.84,79.43,1004.58,32.38,64.16,1004.11,0,0,OFF,1,1,1,
2026-09-28 16:53:54,c3-dry,2861000,31.84,79.56,1004.52,32.39,64.31,1004.13,0,0,OFF,1,1,1,
2026-09-28 16:53:55,c3-dry,2862000,31.84,79.09,1004.58,32.39,64.36,1004.13,0,0,OFF,1,1,1,
2026-09-28 16:53:56,c3-dry,2863000,31.84,79.46,1004.58,32.39,63.99,1004.16,0,0,OFF,1,1,1,
2026-09-28 16:53:57,c3-dry,2864000,31.84,79.66,1004.58,32.38,64.17,1004.11,0,0,OFF,1,1,1,
2026-09-28 16:53:58,c3-dry,2865000,31.85,79.81,1004.56,32.39,64.06,1004.19,0,0,OFF,1,1,1,
2026-09-28 16:53:59,c3-dry,2866000,31.85,79.76,1004.59,32.39,64.03,1004.12,0,0,OFF,1,1,1,
2026-09-28 16:54:00,c3-dry,2867000,31.84,79.79,1004.58,32.37,64.06,1004.13,0,0,OFF,1,1,1,
2026-09-28 16:54:01,c3-dry,2868000,31.84,79.68,1004.63,32.39,64.02,1004.13,0,0,OFF,1,1,1,
2026-09-28 16:54:02,c3-dry,2869000,31.84,79.83,1004.61,32.39,64.05,1004.15,0,0,OFF,1,1,1,
2026-09-28 16:54:03,c3-dry,2870000,31.84,79.82,1004.56,32.39,63.99,1004.15,0,0,OFF,1,1,1,
2026-09-28 16:54:04,c3-dry,2871000,31.85,79.82,1004.62,32.38,64.00,1004.17,0,0,OFF,1,1,1,
2026-09-28 16:54:05,c3-dry,2872000,31.84,79.61,1004.61,32.39,64.08,1004.12,0,0,OFF,1,1,1,
2026-09-28 16:54:06,c3-dry,2873000,31.84,79.71,1004.58,32.38,64.04,1004.11,0,0,OFF,1,1,1,
2026-09-28 16:54:07,c3-dry,2874000,31.84,79.71,1004.56,32.38,64.12,1004.17,0,0,OFF,1,1,1,
2026-09-28 16:54:08,c3-dry,2875000,31.84,79.62,1004.56,32.38,64.12,1004.13,0,0,OFF,1,1,1,
2026-09-28 16:54:09,c3-dry,2876000,31.84,79.20,1004.61,32.38,64.17,1004.11,0,0,OFF,1,1,1,
2026-09-28 16:54:10,c3-dry,2877000,31.84,79.20,1004.60,32.38,64.09,1004.14,0,0,OFF,1,1,1,
2026-09-28 16:54:11,c3-dry,2878000,31.84,79.39,1004.64,32.37,64.06,1004.07,0,0,OFF,1,1,1,
2026-09-28 16:54:12,c3-dry,2879000,31.84,79.16,1004.58,32.38,64.09,1004.11,0,0,OFF,1,1,1,
2026-09-28 16:54:13,c3-dry,2880000,31.83,79.29,1004.51,32.38,64.09,1004.14,0,0,OFF,1,1,1,
2026-09-28 16:54:14,c3-dry,2881000,31.83,79.40,1004.57,32.38,64.16,1004.17,0,0,OFF,1,1,1,
2026-09-28 16:54:15,c3-dry,2882000,31.84,79.11,1004.60,32.37,64.08,1004.15,0,0,OFF,1,1,1,
2026-09-28 16:54:16,c3-dry,2883000,31.84,79.36,1004.56,32.37,64.10,1004.13,0,0,OFF,1,1,1,
2026-09-28 16:54:17,c3-dry,2884000,31.85,79.42,1004.60,32.38,64.01,1004.14,0,0,OFF,1,1,1,
2026-09-28 16:54:18,c3-dry,2885000,31.84,79.17,1004.61,32.37,64.06,1004.15,0,0,OFF,1,1,1,
2026-09-28 16:54:19,c3-dry,2886000,31.84,79.21,1004.61,32.37,64.27,1004.13,0,0,OFF,1,1,1,
2026-09-28 16:54:20,c3-dry,2887000,31.84,79.49,1004.52,32.37,64.52,1004.15,0,0,OFF,1,1,1,
2026-09-28 16:54:21,c3-dry,2888000,31.84,79.40,1004.58,32.37,64.06,1004.15,0,0,OFF,1,1,1,
2026-09-28 16:54:22,c3-dry,2889000,31.84,79.44,1004.55,32.37,64.22,1004.12,0,0,OFF,1,1,1,
2026-09-28 16:54:23,c3-dry,2890000,31.84,79.87,1004.58,32.37,64.06,1004.10,0,0,OFF,1,1,1,
2026-09-28 16:54:24,c3-dry,2891000,31.84,79.95,1004.60,32.37,64.32,1004.15,0,0,OFF,1,1,1,
2026-09-28 16:54:25,c3-dry,2892000,31.85,79.87,1004.59,32.37,64.19,1004.17,0,0,OFF,1,1,1,
2026-09-28 16:54:26,c3-dry,2893000,31.85,79.75,1004.59,32.37,64.12,1004.17,0,0,OFF,1,1,1,
2026-09-28 16:54:27,c3-dry,2894000,31.84,79.46,1004.58,32.37,64.07,1004.13,0,0,OFF,1,1,1,
2026-09-28 16:54:28,c3-dry,2895000,31.84,79.34,1004.58,32.37,64.09,1004.13,0,0,OFF,1,1,1,
2026-09-28 16:54:29,c3-dry,2896000,31.84,79.23,1004.52,32.37,64.13,1004.10,0,0,OFF,1,1,1,
2026-09-28 16:54:30,c3-dry,2897000,31.84,79.42,1004.52,32.37,64.16,1004.15,0,0,OFF,1,1,1,
2026-09-28 16:54:31,c3-dry,2898000,31.83,79.53,1004.50,32.37,64.09,1004.17,0,0,OFF,1,1,1,
2026-09-28 16:54:32,c3-dry,2899000,31.83,79.60,1004.56,32.37,64.07,1004.13,0,0,OFF,1,1,1,
2026-09-28 16:54:33,c3-dry,2900000,31.84,79.61,1004.64,32.37,64.10,1004.12,0,0,OFF,1,1,1,
2026-09-28 16:54:34,c3-dry,2901000,31.84,79.62,1004.58,32.37,64.09,1004.15,0,0,OFF,1,1,1,
2026-09-28 16:54:35,c3-dry,2902000,31.84,79.86,1004.58,32.36,64.26,1004.10,0,0,OFF,1,1,1,
2026-09-28 16:54:36,c3-dry,2903000,31.84,79.89,1004.58,32.37,64.13,1004.15,0,0,OFF,1,1,1,
2026-09-28 16:54:37,c3-dry,2904000,31.83,79.85,1004.57,32.36,64.00,1004.13,0,0,OFF,1,1,1,
2026-09-28 16:54:38,c3-dry,2905000,31.83,79.83,1004.60,32.37,64.10,1004.09,0,0,OFF,1,1,1,
2026-09-28 16:54:39,c3-dry,2906000,31.83,79.51,1004.62,32.37,64.09,1004.15,0,0,OFF,1,1,1,
2026-09-28 16:54:40,c3-dry,2907000,31.84,79.59,1004.61,32.37,64.14,1004.12,0,0,OFF,1,1,1,
2026-09-28 16:54:41,c3-dry,2908000,31.83,79.71,1004.56,32.37,64.16,1004.09,0,0,OFF,1,1,1,
2026-09-28 16:54:42,c3-dry,2909000,31.84,79.64,1004.61,32.37,64.06,1004.12,0,0,OFF,1,1,1,
2026-09-28 16:54:43,c3-dry,2910000,31.84,79.49,1004.55,32.37,64.00,1004.12,0,0,OFF,1,1,1,
2026-09-28 16:54:44,c3-dry,2911000,31.84,79.42,1004.58,32.37,64.21,1004.15,0,0,OFF,1,1,1,
2026-09-28 16:54:45,c3-dry,2912000,31.84,79.36,1004.58,32.36,64.17,1004.14,0,0,OFF,1,1,1,
2026-09-28 16:54:46,c3-dry,2913000,31.83,79.43,1004.60,32.36,64.09,1004.08,0,0,OFF,1,1,1,
2026-09-28 16:54:47,c3-dry,2914000,31.84,79.51,1004.58,32.36,64.16,1004.17,0,0,OFF,1,1,1,
2026-09-28 16:54:48,c3-dry,2915000,31.84,79.50,1004.58,32.37,64.08,1004.15,0,0,OFF,1,1,1,
2026-09-28 16:54:49,c3-dry,2916000,31.84,79.51,1004.60,32.38,64.31,1004.19,0,0,OFF,1,1,1,
2026-09-28 16:54:50,c3-dry,2917000,31.84,79.50,1004.63,32.37,64.18,1004.09,0,0,OFF,1,1,1,
2026-09-28 16:54:51,c3-dry,2918000,31.84,79.39,1004.58,32.37,64.05,1004.12,0,0,OFF,1,1,1,
2026-09-28 16:54:52,c3-dry,2919000,31.83,79.61,1004.60,32.37,64.02,1004.15,0,0,OFF,1,1,1,
2026-09-28 16:54:53,c3-dry,2920000,31.83,79.63,1004.56,32.37,64.06,1004.12,0,0,OFF,1,1,1,
2026-09-28 16:54:54,c3-dry,2921000,31.83,79.52,1004.54,32.38,64.13,1004.16,0,0,OFF,1,1,1,
2026-09-28 16:54:55,c3-dry,2922000,31.83,79.42,1004.54,32.37,64.13,1004.07,0,0,OFF,1,1,1,
2026-09-28 16:54:56,c3-dry,2923000,31.84,79.41,1004.52,32.37,64.16,1004.09,0,0,OFF,1,1,1,
2026-09-28 16:54:57,c3-dry,2924000,31.84,79.37,1004.49,32.37,64.20,1004.15,0,0,OFF,1,1,1,
2026-09-28 16:54:58,c3-dry,2925000,31.83,79.44,1004.57,32.38,64.12,1004.11,0,0,OFF,1,1,1,
2026-09-28 16:54:59,c3-dry,2926000,31.83,79.47,1004.54,32.38,64.38,1004.05,0,0,OFF,1,1,1,
2026-09-28 16:55:00,c3-dry,2927000,31.83,79.60,1004.54,32.37,64.04,1004.10,0,0,OFF,1,1,1,
2026-09-28 16:55:01,c3-dry,2928000,31.84,79.68,1004.60,32.38,64.13,1004.16,0,0,OFF,1,1,1,
2026-09-28 16:55:02,c3-dry,2929000,31.83,79.71,1004.57,32.38,63.95,1004.11,0,0,OFF,1,1,1,
2026-09-28 16:55:03,c3-dry,2930000,31.83,79.67,1004.57,32.38,64.01,1004.11,0,0,OFF,1,1,1,
2026-09-28 16:55:04,c3-dry,2931000,31.84,79.61,1004.53,32.38,64.16,1004.22,0,0,OFF,1,1,1,
2026-09-28 16:55:05,c3-dry,2932000,31.84,79.63,1004.60,32.38,64.15,1004.17,0,0,OFF,1,1,1,
2026-09-28 16:55:06,c3-dry,2933000,31.83,79.65,1004.62,32.38,64.08,1004.08,0,0,OFF,1,1,1,
2026-09-28 16:55:07,c3-dry,2934000,31.83,79.69,1004.54,32.38,63.99,1004.05,0,0,OFF,1,1,1,
2026-09-28 16:55:08,c3-dry,2935000,31.83,79.64,1004.65,32.39,64.14,1004.12,0,0,OFF,1,1,1,
2026-09-28 16:55:09,c3-dry,2936000,31.84,79.38,1004.66,32.37,64.08,1004.10,0,0,OFF,1,1,1,
2026-09-28 16:55:10,c3-dry,2937000,31.84,79.38,1004.58,32.38,64.25,1004.11,0,0,OFF,1,1,1,
2026-09-28 16:55:11,c3-dry,2938000,31.84,79.18,1004.56,32.39,64.13,1004.09,0,0,OFF,1,1,1,
2026-09-28 16:55:12,c3-dry,2939000,31.84,79.30,1004.58,32.39,64.11,1004.18,0,0,OFF,1,1,1,
2026-09-28 16:55:13,c3-dry,2940000,31.83,79.40,1004.51,32.39,63.98,1004.13,0,0,OFF,1,1,1,
2026-09-28 16:55:14,c3-dry,2941000,31.84,79.51,1004.58,32.38,63.98,1004.06,0,0,OFF,1,1,1,
2026-09-28 16:55:15,c3-dry,2942000,31.84,79.44,1004.55,32.38,64.03,1004.08,0,0,OFF,1,1,1,
2026-09-28 16:55:16,c3-dry,2943000,31.84,79.43,1004.56,32.38,64.10,1004.17,0,0,OFF,1,1,1,
2026-09-28 16:55:17,c3-dry,2944000,31.84,79.53,1004.60,32.38,64.06,1004.05,0,0,OFF,1,1,1,
2026-09-28 16:55:18,c3-dry,2945000,31.83,79.13,1004.51,32.38,64.10,1004.11,0,0,OFF,1,1,1,
2026-09-28 16:55:19,c3-dry,2946000,31.85,79.49,1004.56,32.39,64.15,1004.12,0,0,OFF,1,1,1,
2026-09-28 16:55:20,c3-dry,2947000,31.84,79.65,1004.61,32.38,64.08,1004.14,0,0,OFF,1,1,1,
2026-09-28 16:55:21,c3-dry,2948000,31.84,79.67,1004.58,32.38,64.16,1004.14,0,0,OFF,1,1,1,
2026-09-28 16:55:22,c3-dry,2949000,31.84,79.54,1004.56,32.38,64.13,1004.13,0,0,OFF,1,1,1,
2026-09-28 16:55:23,c3-dry,2950000,31.83,79.54,1004.60,32.38,64.08,1004.08,0,0,OFF,1,1,1,
2026-09-28 16:55:24,c3-dry,2951000,31.84,79.58,1004.61,32.37,64.13,1004.13,0,0,OFF,1,1,1,
2026-09-28 16:55:25,c3-dry,2952000,31.84,79.62,1004.56,32.38,64.08,1004.06,0,0,OFF,1,1,1,
2026-09-28 16:55:26,c3-dry,2953000,31.84,79.65,1004.63,32.38,64.26,1004.11,0,0,OFF,1,1,1,
2026-09-28 16:55:27,c3-dry,2954000,31.84,79.64,1004.61,32.38,64.12,1004.11,0,0,OFF,1,1,1,
2026-09-28 16:55:28,c3-dry,2955000,31.84,79.76,1004.58,32.38,64.03,1004.14,0,0,OFF,1,1,1,
2026-09-28 16:55:29,c3-dry,2956000,31.84,79.87,1004.61,32.39,64.28,1004.10,0,0,OFF,1,1,1,
2026-09-28 16:55:30,c3-dry,2957000,31.85,79.97,1004.60,32.38,64.14,1004.09,0,0,OFF,1,1,1,
2026-09-28 16:55:31,c3-dry,2958000,31.85,79.77,1004.57,32.38,64.06,1004.11,0,0,OFF,1,1,1,
2026-09-28 16:55:32,c3-dry,2959000,31.84,79.87,1004.56,32.39,64.07,1004.07,0,0,OFF,1,1,1,
2026-09-28 16:55:33,c3-dry,2960000,31.84,80.14,1004.53,32.37,64.08,1004.18,0,0,OFF,1,1,1,
2026-09-28 16:55:34,c3-dry,2961000,31.85,79.86,1004.59,32.38,64.13,1004.13,0,0,OFF,1,1,1,
2026-09-28 16:55:35,c3-dry,2962000,31.84,79.83,1004.58,32.38,64.05,1004.09,0,0,OFF,1,1,1,
2026-09-28 16:55:36,c3-dry,2963000,31.84,79.67,1004.58,32.38,64.00,1004.09,0,0,OFF,1,1,1,
2026-09-28 16:55:37,c3-dry,2964000,31.83,79.40,1004.57,32.38,64.06,1004.09,0,0,OFF,1,1,1,
2026-09-28 16:55:38,c3-dry,2965000,31.85,79.47,1004.59,32.38,64.06,1004.13,0,0,OFF,1,1,1,
2026-09-28 16:55:39,c3-dry,2966000,31.84,79.51,1004.58,32.38,64.06,1004.13,0,0,OFF,1,1,1,
2026-09-28 16:55:40,c3-dry,2967000,31.85,79.54,1004.59,32.38,64.12,1004.11,0,0,OFF,1,1,1,
2026-09-28 16:55:41,c3-dry,2968000,31.84,79.60,1004.58,32.38,64.05,1004.17,0,0,OFF,1,1,1,
2026-09-28 16:55:42,c3-dry,2969000,31.84,79.73,1004.58,32.38,64.05,1004.16,0,0,OFF,1,1,1,
2026-09-28 16:55:43,c3-dry,2970000,31.84,79.52,1004.58,32.39,63.88,1004.18,0,0,OFF,1,1,1,
2026-09-28 16:55:44,c3-dry,2971000,31.84,79.49,1004.58,32.38,64.06,1004.11,0,0,OFF,1,1,1,
2026-09-28 16:55:45,c3-dry,2972000,31.84,79.68,1004.58,32.38,64.52,1004.14,0,0,OFF,1,1,1,
2026-09-28 16:55:46,c3-dry,2973000,31.84,79.79,1004.61,32.38,64.13,1004.13,0,0,OFF,1,1,1,
2026-09-28 16:55:47,c3-dry,2974000,31.84,79.73,1004.56,32.38,64.03,1004.13,0,0,OFF,1,1,1,
2026-09-28 16:55:48,c3-dry,2975000,31.85,79.79,1004.59,32.37,64.23,1004.18,0,0,OFF,1,1,1,
2026-09-28 16:55:49,c3-dry,2976000,31.84,79.75,1004.58,32.38,64.08,1004.13,0,0,OFF,1,1,1,
2026-09-28 16:55:50,c3-dry,2977000,31.84,79.67,1004.60,32.37,64.07,1004.13,0,0,OFF,1,1,1,
2026-09-28 16:55:51,c3-dry,2978000,31.84,79.65,1004.60,32.37,64.17,1004.15,0,0,OFF,1,1,1,
2026-09-28 16:55:52,c3-dry,2979000,31.85,79.63,1004.59,32.37,63.87,1004.18,0,0,OFF,1,1,1,
2026-09-28 16:55:53,c3-dry,2980000,31.85,79.80,1004.59,32.38,64.10,1004.13,0,0,OFF,1,1,1,
2026-09-28 16:55:54,c3-dry,2981000,31.85,79.82,1004.57,32.37,64.08,1004.13,0,0,OFF,1,1,1,
2026-09-28 16:55:55,c3-dry,2982000,31.85,79.70,1004.62,32.38,64.51,1004.11,0,0,OFF,1,1,1,
2026-09-28 16:55:56,c3-dry,2983000,31.83,79.54,1004.57,32.37,64.26,1004.15,0,0,OFF,1,1,1,
2026-09-28 16:55:57,c3-dry,2984000,31.84,79.55,1004.58,32.37,64.16,1004.21,0,0,OFF,1,1,1,
2026-09-28 16:55:58,c3-dry,2985000,31.84,79.63,1004.58,32.37,64.30,1004.10,0,0,OFF,1,1,1,
2026-09-28 16:55:59,c3-dry,2986000,31.84,79.65,1004.58,32.37,64.18,1004.12,0,0,OFF,1,1,1,
2026-09-28 16:56:00,c3-dry,2987000,31.85,79.80,1004.54,32.38,64.52,1004.16,0,0,OFF,1,1,1,
2026-09-28 16:56:01,c3-dry,2988000,31.84,79.96,1004.56,32.37,64.29,1004.13,0,0,OFF,1,1,1,
2026-09-28 16:56:02,c3-dry,2989000,31.84,79.83,1004.58,32.37,64.16,1004.15,0,0,OFF,1,1,1,
2026-09-28 16:56:03,c3-dry,2990000,31.84,79.94,1004.56,32.37,64.32,1004.15,0,0,OFF,1,1,1,
2026-09-28 16:56:04,c3-dry,2991000,31.84,79.93,1004.56,32.38,64.23,1004.16,0,0,OFF,1,1,1,
2026-09-28 16:56:05,c3-dry,2992000,31.84,79.93,1004.58,32.37,64.25,1004.12,0,0,OFF,1,1,1,
2026-09-28 16:56:06,c3-dry,2993000,31.84,79.70,1004.61,32.37,64.07,1004.21,0,0,OFF,1,1,1,
2026-09-28 16:56:07,c3-dry,2994000,31.84,79.62,1004.58,32.37,64.17,1004.12,0,0,OFF,1,1,1,
2026-09-28 16:56:08,c3-dry,2995000,31.85,79.80,1004.59,32.37,64.14,1004.13,0,0,OFF,1,1,1,
2026-09-28 16:56:09,c3-dry,2996000,31.84,79.88,1004.61,32.38,64.10,1004.08,0,0,OFF,1,1,1,
2026-09-28 16:56:10,c3-dry,2997000,31.84,79.90,1004.64,32.36,64.26,1004.11,0,0,OFF,1,1,1,
2026-09-28 16:56:11,c3-dry,2998000,31.84,79.78,1004.61,32.37,64.17,1004.12,0,0,OFF,1,1,1,
2026-09-28 16:56:12,c3-dry,2999000,31.84,79.76,1004.63,32.36,64.20,1004.11,0,0,OFF,1,1,1,
2026-09-28 16:56:13,c3-dry,3000000,31.84,79.43,1004.58,32.37,64.03,1004.21,0,0,OFF,1,1,1,
2026-09-28 16:56:14,c3-dry,3001000,31.84,79.43,1004.60,32.37,64.13,1004.10,0,0,OFF,1,1,1,
2026-09-28 16:56:15,c3-dry,3002000,31.85,79.52,1004.63,32.37,64.08,1004.10,0,0,OFF,1,1,1,
2026-09-28 16:56:16,c3-dry,3003000,31.85,79.83,1004.62,32.37,64.16,1004.15,0,0,OFF,1,1,1,
2026-09-28 16:56:17,c3-dry,3004000,31.84,79.87,1004.58,32.37,64.13,1004.13,0,0,OFF,1,1,1,
2026-09-28 16:56:18,c3-dry,3005000,31.84,79.93,1004.58,32.37,64.14,1004.12,0,0,OFF,1,1,1,
2026-09-28 16:56:19,c3-dry,3006000,31.84,80.10,1004.60,32.37,64.20,1004.15,0,0,OFF,1,1,1,
2026-09-28 16:56:20,c3-dry,3007000,31.85,80.25,1004.59,32.38,64.48,1004.11,0,0,OFF,1,1,1,
2026-09-28 16:56:21,c3-dry,3008000,31.85,79.96,1004.60,32.37,64.05,1004.13,0,0,OFF,1,1,1,
2026-09-28 16:56:22,c3-dry,3009000,31.84,79.87,1004.58,32.38,64.09,1004.17,0,0,OFF,1,1,1,
2026-09-28 16:56:23,c3-dry,3010000,31.84,80.01,1004.64,32.38,64.13,1004.17,0,0,OFF,1,1,1,
2026-09-28 16:56:24,c3-dry,3011000,31.84,79.95,1004.58,32.38,64.20,1004.19,0,0,OFF,1,1,1,
2026-09-28 16:56:25,c3-dry,3012000,31.84,79.88,1004.64,32.39,64.17,1004.18,0,0,OFF,1,1,1,
2026-09-28 16:56:26,c3-dry,3013000,31.85,79.83,1004.60,32.39,64.13,1004.12,0,0,OFF,1,1,1,
2026-09-28 16:56:27,c3-dry,3014000,31.85,79.83,1004.54,32.38,64.23,1004.11,0,0,OFF,1,1,1,
2026-09-28 16:56:28,c3-dry,3015000,31.84,79.74,1004.56,32.38,64.26,1004.17,0,0,OFF,1,1,1,
2026-09-28 16:56:29,c3-dry,3016000,31.85,79.57,1004.62,32.38,64.14,1004.09,0,0,OFF,1,1,1,
2026-09-28 16:56:30,c3-dry,3017000,31.84,79.39,1004.58,32.39,64.19,1004.18,0,0,OFF,1,1,1,
2026-09-28 16:56:31,c3-dry,3018000,31.84,79.51,1004.58,32.39,64.03,1004.15,0,0,OFF,1,1,1,
2026-09-28 16:56:32,c3-dry,3019000,31.85,79.63,1004.56,32.39,64.13,1004.12,0,0,OFF,1,1,1,
2026-09-28 16:56:33,c3-dry,3020000,31.84,79.70,1004.58,32.39,63.97,1004.18,0,0,OFF,1,1,1,
2026-09-28 16:56:34,c3-dry,3021000,31.84,79.88,1004.56,32.39,64.15,1004.16,0,0,OFF,1,1,1,
2026-09-28 16:56:35,c3-dry,3022000,31.84,79.67,1004.64,32.39,64.29,1004.13,0,0,OFF,1,1,1,
2026-09-28 16:56:36,c3-dry,3023000,31.84,79.76,1004.58,32.39,64.20,1004.19,0,0,OFF,1,1,1,
2026-09-28 16:56:37,c3-dry,3024000,31.84,79.74,1004.58,32.40,64.07,1004.14,0,0,OFF,1,1,1,
2026-09-28 16:56:38,c3-dry,3025000,31.85,79.81,1004.56,32.40,64.13,1004.11,0,0,OFF,1,1,1,
2026-09-28 16:56:39,c3-dry,3026000,31.84,79.59,1004.63,32.40,64.38,1004.19,0,0,OFF,1,1,1,
2026-09-28 16:56:40,c3-dry,3027000,31.84,79.62,1004.58,32.40,64.13,1004.19,0,0,OFF,1,1,1,
2026-09-28 16:56:41,c3-dry,3028000,31.85,79.75,1004.54,32.39,64.11,1004.13,0,0,OFF,1,1,1,
2026-09-28 16:56:42,c3-dry,3029000,31.85,79.74,1004.59,32.40,64.31,1004.15,0,0,OFF,1,1,1,
2026-09-28 16:56:43,c3-dry,3030000,31.85,79.96,1004.62,32.40,64.25,1004.15,0,0,OFF,1,1,1,
2026-09-28 16:56:44,c3-dry,3031000,31.84,80.10,1004.58,32.40,64.11,1004.15,0,0,OFF,1,1,1,
2026-09-28 16:56:45,c3-dry,3032000,31.85,80.41,1004.62,32.40,64.08,1004.15,0,0,OFF,1,1,1,
2026-09-28 16:56:46,c3-dry,3033000,31.84,80.00,1004.58,32.41,64.06,1004.15,0,0,OFF,1,1,1,
2026-09-28 16:56:47,c3-dry,3034000,31.85,79.74,1004.60,32.41,64.02,1004.10,0,0,OFF,1,1,1,
2026-09-28 16:56:48,c3-dry,3035000,31.85,79.93,1004.59,32.40,64.04,1004.09,0,0,OFF,1,1,1,
2026-09-28 16:56:49,c3-dry,3036000,31.85,80.04,1004.60,32.41,64.06,1004.10,0,0,OFF,1,1,1,
2026-09-28 16:56:50,c3-dry,3037000,31.85,79.96,1004.56,32.42,64.26,1004.14,0,0,OFF,1,1,1,
2026-09-28 16:56:51,c3-dry,3038000,31.85,79.99,1004.60,32.42,64.04,1004.13,0,0,OFF,1,1,1,
2026-09-28 16:56:52,c3-dry,3039000,31.85,79.97,1004.57,32.42,64.02,1004.16,0,0,OFF,1,1,1,
2026-09-28 16:56:53,c3-dry,3040000,31.83,79.68,1004.60,32.42,63.99,1004.13,0,0,OFF,1,1,1,
2026-09-28 16:56:54,c3-dry,3041000,31.84,79.43,1004.64,32.41,64.14,1004.13,0,0,OFF,1,1,1,
2026-09-28 16:56:55,c3-dry,3042000,31.85,79.61,1004.66,32.40,64.15,1004.15,0,0,OFF,1,1,1,
2026-09-28 16:56:56,c3-dry,3043000,31.85,79.76,1004.59,32.41,64.31,1004.13,0,0,OFF,1,1,1,
2026-09-28 16:56:57,c3-dry,3044000,31.85,79.77,1004.65,32.41,64.14,1004.13,0,0,OFF,1,1,1,
2026-09-28 16:56:58,c3-dry,3045000,31.85,79.85,1004.66,32.40,64.32,1004.12,0,0,OFF,1,1,1,
2026-09-28 16:56:59,c3-dry,3046000,31.85,79.93,1004.57,32.40,64.02,1004.14,0,0,OFF,1,1,1,
2026-09-28 16:57:00,c3-dry,3047000,31.85,79.85,1004.54,32.41,64.29,1004.10,0,0,OFF,1,1,1,
2026-09-28 16:57:01,c3-dry,3048000,31.84,79.60,1004.58,32.40,64.13,1004.14,0,0,OFF,1,1,1,
2026-09-28 16:57:02,c3-dry,3049000,31.84,79.55,1004.56,32.40,64.11,1004.15,0,0,OFF,1,1,1,
2026-09-28 16:57:03,c3-dry,3050000,31.85,79.68,1004.63,32.41,64.11,1004.18,0,0,OFF,1,1,1,
2026-09-28 16:57:04,c3-dry,3051000,31.85,79.50,1004.56,32.40,64.11,1004.12,0,0,OFF,1,1,1,
2026-09-28 16:57:05,c3-dry,3052000,31.84,79.54,1004.53,32.41,64.13,1004.10,0,0,OFF,1,1,1,
2026-09-28 16:57:06,c3-dry,3053000,31.85,79.58,1004.56,32.40,64.40,1004.15,0,0,OFF,1,1,1,
2026-09-28 16:57:07,c3-dry,3054000,31.84,79.66,1004.53,32.40,64.13,1004.17,0,0,OFF,1,1,1,
2026-09-28 16:57:08,c3-dry,3055000,31.85,79.46,1004.59,32.41,64.20,1004.15,0,0,OFF,1,1,1,
2026-09-28 16:57:09,c3-dry,3056000,31.85,79.57,1004.59,32.40,64.04,1004.15,0,0,OFF,1,1,1,
2026-09-28 16:57:10,c3-dry,3057000,31.84,79.54,1004.53,32.40,63.96,1004.12,0,0,OFF,1,1,1,
2026-09-28 16:57:11,c3-dry,3058000,31.85,79.61,1004.59,32.40,64.02,1004.15,0,0,OFF,1,1,1,
2026-09-28 16:57:12,c3-dry,3059000,31.85,79.59,1004.60,32.41,64.12,1004.15,0,0,OFF,1,1,1,
2026-09-28 16:57:13,c3-dry,3060000,31.86,79.48,1004.58,32.41,64.08,1004.13,0,0,OFF,1,1,1,
2026-09-28 16:57:14,c3-dry,3061000,31.84,79.41,1004.58,32.41,64.04,1004.13,0,0,OFF,1,1,1,
2026-09-28 16:57:15,c3-dry,3062000,31.85,79.48,1004.59,32.40,64.27,1004.09,0,0,OFF,1,1,1,
2026-09-28 16:57:16,c3-dry,3063000,31.84,79.48,1004.64,32.41,64.08,1004.13,0,0,OFF,1,1,1,
2026-09-28 16:57:17,c3-dry,3064000,31.85,79.70,1004.54,32.40,64.12,1004.09,0,0,OFF,1,1,1,
2026-09-28 16:57:18,c3-dry,3065000,31.84,79.74,1004.56,32.40,63.99,1004.11,0,0,OFF,1,1,1,
2026-09-28 16:57:19,c3-dry,3066000,31.85,79.71,1004.57,32.41,63.98,1004.13,0,0,OFF,1,1,1,
2026-09-28 16:57:20,c3-dry,3067000,31.85,79.84,1004.54,32.40,64.05,1004.17,0,0,OFF,1,1,1,
2026-09-28 16:57:21,c3-dry,3068000,31.86,79.90,1004.58,32.39,64.12,1004.10,0,0,OFF,1,1,1,
2026-09-28 16:57:22,c3-dry,3069000,31.85,79.61,1004.65,32.39,64.04,1004.13,0,0,OFF,1,1,1,
2026-09-28 16:57:23,c3-dry,3070000,31.84,79.58,1004.56,32.41,64.05,1004.15,0,0,OFF,1,1,1,
2026-09-28 16:57:24,c3-dry,3071000,31.85,79.66,1004.59,32.40,64.21,1004.09,0,0,OFF,1,1,1,
2026-09-28 16:57:25,c3-dry,3072000,31.85,79.63,1004.59,32.41,64.36,1004.15,0,0,OFF,1,1,1,
2026-09-28 16:57:26,c3-dry,3073000,31.85,79.54,1004.56,32.41,64.11,1004.13,0,0,OFF,1,1,1,
2026-09-28 16:57:27,c3-dry,3074000,31.85,79.66,1004.59,32.40,64.47,1004.09,0,0,OFF,1,1,1,
2026-09-28 16:57:28,c3-dry,3075000,31.85,79.65,1004.59,32.40,64.40,1004.15,0,0,OFF,1,1,1,
2026-09-28 16:57:29,c3-dry,3076000,31.85,79.63,1004.66,32.40,64.14,1004.17,0,0,OFF,1,1,1,
2026-09-28 16:57:30,c3-dry,3077000,31.85,79.64,1004.60,32.40,64.39,1004.20,0,0,OFF,1,1,1,
2026-09-28 16:57:31,c3-dry,3078000,31.85,79.84,1004.60,32.42,64.26,1004.16,0,0,OFF,1,1,1,
2026-09-28 16:57:32,c3-dry,3079000,31.85,79.61,1004.60,32.42,64.10,1004.16,0,0,OFF,1,1,1,
2026-09-28 16:57:33,c3-dry,3080000,31.85,79.60,1004.56,32.41,64.15,1004.15,0,0,OFF,1,1,1,
2026-09-28 16:57:34,c3-dry,3081000,31.85,79.65,1004.59,32.41,64.13,1004.15,0,0,OFF,1,1,1,
2026-09-28 16:57:35,c3-dry,3082000,31.85,79.55,1004.62,32.40,64.35,1004.14,0,0,OFF,1,1,1,
2026-09-28 16:57:36,c3-dry,3083000,31.84,79.59,1004.58,32.40,64.04,1004.12,0,0,OFF,1,1,1,
2026-09-28 16:57:37,c3-dry,3084000,31.86,79.53,1004.64,32.40,64.13,1004.15,0,0,OFF,1,1,1,
2026-09-28 16:57:38,c3-dry,3085000,31.85,79.70,1004.60,32.40,64.43,1004.15,0,0,OFF,1,1,1,
2026-09-28 16:57:39,c3-dry,3086000,31.85,79.69,1004.57,32.40,64.48,1004.15,0,0,OFF,1,1,1,
2026-09-28 16:57:40,c3-dry,3087000,31.85,79.79,1004.63,32.40,64.36,1004.17,0,0,OFF,1,1,1,
2026-09-28 16:57:41,c3-dry,3088000,31.85,79.80,1004.63,32.41,64.40,1004.15,0,0,OFF,1,1,1,
2026-09-28 16:57:42,c3-dry,3089000,31.86,79.87,1004.64,32.40,64.13,1004.15,0,0,OFF,1,1,1,
2026-09-28 16:57:43,c3-dry,3090000,31.85,79.79,1004.60,32.40,64.06,1004.14,0,0,OFF,1,1,1,
2026-09-28 16:57:44,c3-dry,3091000,31.85,79.44,1004.68,32.40,64.16,1004.19,0,0,OFF,1,1,1,
2026-09-28 16:57:45,c3-dry,3092000,31.85,79.61,1004.63,32.39,64.12,1004.13,0,0,OFF,1,1,1,
2026-09-28 16:57:46,c3-dry,3093000,31.85,79.63,1004.62,32.39,64.04,1004.16,0,0,OFF,1,1,1,
2026-09-28 16:57:47,c3-dry,3094000,31.85,79.28,1004.59,32.39,64.25,1004.13,0,0,OFF,1,1,1,
2026-09-28 16:57:48,c3-dry,3095000,31.85,79.10,1004.59,32.40,64.14,1004.17,0,0,OFF,1,1,1,
2026-09-28 16:57:49,c3-dry,3096000,31.84,79.10,1004.61,32.39,64.32,1004.19,0,0,OFF,1,1,1,
2026-09-28 16:57:50,c3-dry,3097000,31.85,79.30,1004.68,32.39,64.12,1004.13,0,0,OFF,1,1,1,
2026-09-28 16:57:51,c3-dry,3098000,31.85,79.24,1004.60,32.39,64.08,1004.19,0,0,OFF,1,1,1,
2026-09-28 16:57:52,c3-dry,3099000,31.85,79.38,1004.60,32.39,64.22,1004.18,0,0,OFF,1,1,1,
2026-09-28 16:57:53,c3-dry,3100000,31.85,79.36,1004.66,32.39,64.12,1004.21,0,0,OFF,1,1,1,
2026-09-28 16:57:54,c3-dry,3101000,31.86,79.52,1004.61,32.39,64.28,1004.09,0,0,OFF,1,1,1,
2026-09-28 16:57:55,c3-dry,3102000,31.85,79.68,1004.62,32.39,64.19,1004.13,0,0,OFF,1,1,1,
2026-09-28 16:57:56,c3-dry,3103000,31.85,79.60,1004.60,32.39,64.11,1004.15,0,0,OFF,1,1,1,
2026-09-28 16:57:57,c3-dry,3104000,31.85,79.20,1004.65,32.38,64.27,1004.09,0,0,OFF,1,1,1,
2026-09-28 16:57:58,c3-dry,3105000,31.85,79.43,1004.65,32.39,64.21,1004.18,0,0,OFF,1,1,1,
2026-09-28 16:57:59,c3-dry,3106000,31.85,79.33,1004.54,32.38,64.16,1004.17,0,0,OFF,1,1,1,
2026-09-28 16:58:00,c3-dry,3107000,31.86,79.76,1004.61,32.39,64.09,1004.12,0,0,OFF,1,1,1,
2026-09-28 16:58:01,c3-dry,3108000,31.85,79.47,1004.63,32.37,64.32,1004.07,0,0,OFF,1,1,1,
2026-09-28 16:58:02,c3-dry,3109000,31.85,79.44,1004.60,32.39,64.22,1004.19,0,0,OFF,1,1,1,
2026-09-28 16:58:03,c3-dry,3110000,31.85,79.18,1004.59,32.38,64.20,1004.20,0,0,OFF,1,1,1,
2026-09-28 16:58:04,c3-dry,3111000,31.85,79.43,1004.62,32.39,64.15,1004.12,0,0,OFF,1,1,1,
2026-09-28 16:58:05,c3-dry,3112000,31.85,79.53,1004.60,32.38,64.12,1004.17,0,0,OFF,1,1,1,
2026-09-28 16:58:06,c3-dry,3113000,31.85,79.79,1004.54,32.38,64.22,1004.16,0,0,OFF,1,1,1,
2026-09-28 16:58:07,c3-dry,3114000,31.85,79.63,1004.59,32.38,64.15,1004.22,0,0,OFF,1,1,1,
2026-09-28 16:58:08,c3-dry,3115000,31.85,79.57,1004.66,32.37,64.21,1004.15,0,0,OFF,1,1,1,
2026-09-28 16:58:09,c3-dry,3116000,31.85,79.64,1004.54,32.38,64.12,1004.13,0,0,OFF,1,1,1,
2026-09-28 16:58:10,c3-dry,3117000,31.85,79.66,1004.59,32.38,64.45,1004.19,0,0,OFF,1,1,1,
2026-09-28 16:58:11,c3-dry,3118000,31.85,79.86,1004.60,32.37,64.18,1004.13,0,0,OFF,1,1,1,
2026-09-28 16:58:12,c3-dry,3119000,31.85,79.87,1004.63,32.37,64.27,1004.15,0,0,OFF,1,1,1,
2026-09-28 16:58:13,c3-dry,3120000,31.85,79.66,1004.56,32.38,64.56,1004.13,0,0,OFF,1,1,1,
2026-09-28 16:58:14,c3-dry,3121000,31.85,79.85,1004.59,32.37,64.44,1004.20,0,0,OFF,1,1,1,
2026-09-28 16:58:15,c3-dry,3122000,31.85,79.69,1004.56,32.38,64.15,1004.16,0,0,OFF,1,1,1,
2026-09-28 16:58:16,c3-dry,3123000,31.85,79.62,1004.60,32.37,64.19,1004.20,0,0,OFF,1,1,1,
2026-09-28 16:58:17,c3-dry,3124000,31.85,79.53,1004.60,32.36,64.23,1004.14,0,0,OFF,1,1,1,
2026-09-28 16:58:18,c3-dry,3125000,31.85,79.54,1004.62,32.37,64.54,1004.10,0,0,OFF,1,1,1,
2026-09-28 16:58:19,c3-dry,3126000,31.85,79.46,1004.60,32.37,64.51,1004.18,0,0,OFF,1,1,1,
2026-09-28 16:58:20,c3-dry,3127000,31.85,79.44,1004.63,32.38,64.30,1004.19,0,0,OFF,1,1,1,
2026-09-28 16:58:21,c3-dry,3128000,31.84,79.43,1004.58,32.37,64.59,1004.15,0,0,OFF,1,1,1,
2026-09-28 16:58:22,c3-dry,3129000,31.86,79.52,1004.61,32.37,64.10,1004.15,0,0,OFF,1,1,1,
2026-09-28 16:58:23,c3-dry,3130000,31.85,79.37,1004.65,32.37,64.48,1004.15,0,0,OFF,1,1,1,
2026-09-28 16:58:24,c3-dry,3131000,31.86,79.31,1004.58,32.36,64.50,1004.19,0,0,OFF,1,1,1,
2026-09-28 16:58:25,c3-dry,3132000,31.85,79.49,1004.65,32.37,64.17,1004.15,0,0,OFF,1,1,1,
2026-09-28 16:58:26,c3-dry,3133000,31.85,79.60,1004.62,32.37,64.67,1004.17,0,0,OFF,1,1,1,
2026-09-28 16:58:27,c3-dry,3134000,31.84,79.48,1004.58,32.37,64.55,1004.15,0,0,OFF,1,1,1,
2026-09-28 16:58:28,c3-dry,3135000,31.84,79.17,1004.61,32.36,64.17,1004.11,0,0,OFF,1,1,1,
2026-09-28 16:58:29,c3-dry,3136000,31.84,79.05,1004.61,32.36,64.66,1004.17,0,0,OFF,1,1,1,
2026-09-28 16:58:30,c3-dry,3137000,31.84,79.08,1004.64,32.36,64.14,1004.16,0,0,OFF,1,1,1,
2026-09-28 16:58:31,c3-dry,3138000,31.85,79.33,1004.68,32.36,64.53,1004.14,0,0,OFF,1,1,1,
2026-09-28 16:58:32,c3-dry,3139000,31.85,79.30,1004.62,32.36,64.35,1004.17,0,0,OFF,1,1,1,
2026-09-28 16:58:33,c3-dry,3140000,31.85,79.47,1004.62,32.36,64.66,1004.13,0,0,OFF,1,1,1,
2026-09-28 16:58:34,c3-dry,3141000,31.85,79.35,1004.71,32.37,64.39,1004.12,0,0,OFF,1,1,1,
2026-09-28 16:58:35,c3-dry,3142000,31.84,79.37,1004.64,32.37,64.29,1004.17,0,0,OFF,1,1,1,
2026-09-28 16:58:36,c3-dry,3143000,31.85,79.44,1004.59,32.37,64.29,1004.15,0,0,OFF,1,1,1,
2026-09-28 16:58:37,c3-dry,3144000,31.84,79.18,1004.64,32.38,64.42,1004.16,0,0,OFF,1,1,1,
2026-09-28 16:58:38,c3-dry,3145000,31.85,79.36,1004.60,32.37,64.22,1004.17,0,0,OFF,1,1,1,
2026-09-28 16:58:39,c3-dry,3146000,31.85,79.35,1004.63,32.36,64.24,1004.19,0,0,OFF,1,1,1,
2026-09-28 16:58:40,c3-dry,3147000,31.84,79.45,1004.58,32.37,64.48,1004.15,0,0,OFF,1,1,1,
2026-09-28 16:58:41,c3-dry,3148000,31.85,79.57,1004.63,32.37,64.39,1004.15,0,0,OFF,1,1,1,
2026-09-28 16:58:42,c3-dry,3149000,31.85,79.65,1004.66,32.36,64.62,1004.19,0,0,OFF,1,1,1,
2026-09-28 16:58:43,c3-dry,3150000,31.85,79.43,1004.59,32.36,64.25,1004.22,0,0,OFF,1,1,1,
2026-09-28 16:58:44,c3-dry,3151000,31.85,79.70,1004.65,32.37,64.27,1004.15,0,0,OFF,1,1,1,
2026-09-28 16:58:45,c3-dry,3152000,31.85,79.60,1004.62,32.36,64.19,1004.14,0,0,OFF,1,1,1,
2026-09-28 16:58:46,c3-dry,3153000,31.86,79.95,1004.64,32.36,64.31,1004.14,0,0,OFF,1,1,1,
2026-09-28 16:58:47,c3-dry,3154000,31.86,79.83,1004.58,32.36,64.10,1004.19,0,0,OFF,1,1,1,
2026-09-28 16:58:48,c3-dry,3155000,31.85,79.80,1004.62,32.36,64.53,1004.13,0,0,OFF,1,1,1,
2026-09-28 16:58:49,c3-dry,3156000,31.84,79.81,1004.64,32.37,64.68,1004.18,0,0,OFF,1,1,1,
2026-09-28 16:58:50,c3-dry,3157000,31.84,79.79,1004.61,32.37,64.24,1004.15,0,0,OFF,1,1,1,
2026-09-28 16:58:51,c3-dry,3158000,31.85,79.74,1004.63,32.37,64.22,1004.21,0,0,OFF,1,1,1,
2026-09-28 16:58:52,c3-dry,3159000,31.85,79.61,1004.57,32.37,64.25,1004.21,0,0,OFF,1,1,1,
2026-09-28 16:58:53,c3-dry,3160000,31.84,79.68,1004.56,32.37,64.25,1004.15,0,0,OFF,1,1,1,
2026-09-28 16:58:54,c3-dry,3161000,31.84,79.66,1004.64,32.37,64.30,1004.15,0,0,OFF,1,1,1,
2026-09-28 16:58:55,c3-dry,3162000,31.85,79.63,1004.60,32.37,64.21,1004.15,0,0,OFF,1,1,1,
2026-09-28 16:58:56,c3-dry,3163000,31.85,79.85,1004.63,32.38,64.25,1004.16,0,0,OFF,1,1,1,
2026-09-28 16:58:57,c3-dry,3164000,31.85,79.30,1004.62,32.38,64.20,1004.11,0,0,OFF,1,1,1,
2026-09-28 16:58:58,c3-dry,3165000,31.85,79.29,1004.60,32.37,64.27,1004.15,0,0,OFF,1,1,1,
2026-09-28 16:58:59,c3-dry,3166000,31.85,79.40,1004.63,32.37,64.27,1004.15,0,0,OFF,1,1,1,
2026-09-28 16:59:00,c3-dry,3167000,31.85,79.57,1004.63,32.37,64.21,1004.10,0,0,OFF,1,1,1,
2026-09-28 16:59:01,c3-dry,3168000,31.85,79.81,1004.68,32.37,64.25,1004.15,0,0,OFF,1,1,1,
2026-09-28 16:59:02,c3-dry,3169000,31.84,79.75,1004.58,32.38,64.31,1004.17,0,0,OFF,1,1,1,
2026-09-28 16:59:03,c3-dry,3170000,31.85,79.71,1004.59,32.38,64.26,1004.08,0,0,OFF,1,1,1,
2026-09-28 16:59:04,c3-dry,3171000,31.85,79.73,1004.62,32.38,64.16,1004.11,0,0,OFF,1,1,1,
2026-09-28 16:59:05,c3-dry,3172000,31.84,79.77,1004.56,32.38,64.24,1004.11,0,0,OFF,1,1,1,
2026-09-28 16:59:06,c3-dry,3173000,31.85,79.88,1004.60,32.38,64.25,1004.13,0,0,OFF,1,1,1,
2026-09-28 16:59:07,c3-dry,3174000,31.85,79.76,1004.59,32.37,64.27,1004.10,0,0,OFF,1,1,1,
2026-09-28 16:59:08,c3-dry,3175000,31.85,79.71,1004.62,32.37,64.31,1004.15,0,0,OFF,1,1,1,
2026-09-28 16:59:09,c3-dry,3176000,31.85,79.73,1004.66,32.38,64.23,1004.16,0,0,OFF,1,1,1,
2026-09-28 16:59:10,c3-dry,3177000,31.85,79.87,1004.59,32.38,64.27,1004.16,0,0,OFF,1,1,1,
2026-09-28 16:59:11,c3-dry,3178000,31.85,80.05,1004.63,32.38,64.30,1004.14,0,0,OFF,1,1,1,
2026-09-28 16:59:12,c3-dry,3179000,31.86,79.92,1004.61,32.38,64.24,1004.11,0,0,OFF,1,1,1,
2026-09-28 16:59:13,c3-dry,3180000,31.86,79.74,1004.58,32.38,64.25,1004.13,0,0,OFF,1,1,1,
2026-09-28 16:59:14,c3-dry,3181000,31.85,79.92,1004.60,32.38,64.17,1004.11,0,0,OFF,1,1,1,
2026-09-28 16:59:15,c3-dry,3182000,31.84,79.55,1004.67,32.38,64.21,1004.19,0,0,OFF,1,1,1,
2026-09-28 16:59:16,c3-dry,3183000,31.85,79.58,1004.68,32.38,64.35,1004.17,0,0,OFF,1,1,1,
2026-09-28 16:59:17,c3-dry,3184000,31.85,79.55,1004.68,32.39,64.34,1004.15,0,0,OFF,1,1,1,
2026-09-28 16:59:18,c3-dry,3185000,31.85,79.51,1004.57,32.38,64.49,1004.11,0,0,OFF,1,1,1,
2026-09-28 16:59:19,c3-dry,3186000,31.86,79.66,1004.61,32.38,64.16,1004.11,0,0,OFF,1,1,1,
2026-09-28 16:59:20,c3-dry,3187000,31.86,79.72,1004.61,32.39,64.23,1004.15,0,0,OFF,1,1,1,
2026-09-28 16:59:21,c3-dry,3188000,31.85,79.93,1004.63,32.38,64.18,1004.14,0,0,OFF,1,1,1,
2026-09-28 16:59:22,c3-dry,3189000,31.87,80.04,1004.62,32.37,64.31,1004.15,0,0,OFF,1,1,1,
2026-09-28 16:59:23,c3-dry,3190000,31.85,79.59,1004.66,32.39,64.30,1004.21,0,0,OFF,1,1,1,
2026-09-28 16:59:24,c3-dry,3191000,31.86,79.45,1004.62,32.38,64.48,1004.11,0,0,OFF,1,1,1,
2026-09-28 16:59:25,c3-dry,3192000,31.85,79.46,1004.62,32.38,64.17,1004.11,0,0,OFF,1,1,1,
2026-09-28 16:59:26,c3-dry,3193000,31.85,79.60,1004.57,32.38,64.30,1004.14,0,0,OFF,1,1,1,
2026-09-28 16:59:27,c3-dry,3194000,31.85,79.60,1004.63,32.38,64.24,1004.17,0,0,OFF,1,1,1,
2026-09-28 16:59:28,c3-dry,3195000,31.86,79.51,1004.64,32.38,64.51,1004.17,0,0,OFF,1,1,1,
2026-09-28 16:59:29,c3-dry,3196000,31.85,79.44,1004.66,32.38,64.30,1004.20,0,0,OFF,1,1,1,
2026-09-28 16:59:30,c3-dry,3197000,31.85,79.52,1004.63,32.38,64.32,1004.17,0,0,OFF,1,1,1,
2026-09-28 16:59:31,c3-dry,3198000,31.86,79.57,1004.67,32.39,64.31,1004.13,0,0,OFF,1,1,1,
2026-09-28 16:59:32,c3-dry,3199000,31.86,79.83,1004.64,32.38,64.31,1004.14,0,0,OFF,1,1,1,
2026-09-28 16:59:33,c3-dry,3200000,31.86,79.92,1004.66,32.38,64.32,1004.13,0,0,OFF,1,1,1,
2026-09-28 16:59:34,c3-dry,3201000,31.86,80.03,1004.66,32.39,64.26,1004.15,0,0,OFF,1,1,1,
2026-09-28 16:59:35,c3-dry,3202000,31.86,79.84,1004.66,32.38,64.24,1004.24,0,0,OFF,1,1,1,
2026-09-28 16:59:36,c3-dry,3203000,31.86,79.70,1004.61,32.38,64.62,1004.16,0,0,OFF,1,1,1,
2026-09-28 16:59:37,c3-dry,3204000,31.86,79.68,1004.61,32.39,64.23,1004.18,0,0,OFF,1,1,1,
2026-09-28 16:59:38,c3-dry,3205000,31.86,79.93,1004.62,32.38,64.47,1004.17,0,0,OFF,1,1,1,
2026-09-28 16:59:39,c3-dry,3206000,31.87,79.96,1004.71,32.38,64.30,1004.11,0,0,OFF,1,1,1,
2026-09-28 16:59:40,c3-dry,3207000,31.85,79.83,1004.66,32.38,64.24,1004.17,0,0,OFF,1,1,1,
2026-09-28 16:59:41,c3-dry,3208000,31.86,79.88,1004.64,32.39,64.22,1004.19,0,0,OFF,1,1,1,
2026-09-28 16:59:42,c3-dry,3209000,31.86,80.03,1004.66,32.38,64.23,1004.17,0,0,OFF,1,1,1,
2026-09-28 16:59:43,c3-dry,3210000,31.85,79.96,1004.60,32.38,64.32,1004.11,0,0,OFF,1,1,1,
2026-09-28 16:59:44,c3-dry,3211000,31.86,80.03,1004.56,32.39,64.20,1004.15,0,0,OFF,1,1,1,
2026-09-28 16:59:45,c3-dry,3212000,31.86,79.90,1004.66,32.38,64.16,1004.20,0,0,OFF,1,1,1,
2026-09-28 16:59:46,c3-dry,3213000,31.86,79.94,1004.62,32.38,64.23,1004.17,0,0,OFF,1,1,1,
2026-09-28 16:59:47,c3-dry,3214000,31.85,79.84,1004.60,32.39,64.34,1004.15,0,0,OFF,1,1,1,
2026-09-28 16:59:48,c3-dry,3215000,31.85,79.93,1004.62,32.39,64.59,1004.21,0,0,OFF,1,1,1,
2026-09-28 16:59:49,c3-dry,3216000,31.86,79.99,1004.66,32.38,64.22,1004.17,0,0,OFF,1,1,1,
2026-09-28 16:59:50,c3-dry,3217000,31.86,79.88,1004.62,32.39,64.46,1004.21,0,0,OFF,1,1,1,
2026-09-28 16:59:51,c3-dry,3218000,31.86,79.96,1004.61,32.39,64.38,1004.19,0,0,OFF,1,1,1,
2026-09-28 16:59:52,c3-dry,3219000,31.85,79.88,1004.60,32.39,64.20,1004.19,0,0,OFF,1,1,1,
2026-09-28 16:59:53,c3-dry,3220000,31.85,79.88,1004.62,32.39,64.23,1004.19,0,0,OFF,1,1,1,
2026-09-28 16:59:54,c3-dry,3221000,31.85,80.03,1004.65,32.39,64.24,1004.12,0,0,OFF,1,1,1,
2026-09-28 16:59:55,c3-dry,3222000,31.86,80.06,1004.61,32.39,64.28,1004.16,0,0,OFF,1,1,1,
2026-09-28 16:59:56,c3-dry,3223000,31.86,79.96,1004.64,32.39,64.42,1004.23,0,0,OFF,1,1,1,
2026-09-28 16:59:57,c3-dry,3224000,31.85,79.88,1004.66,32.39,64.26,1004.15,0,0,OFF,1,1,1,
2026-09-28 16:59:58,c3-dry,3225000,31.85,79.59,1004.65,32.38,64.23,1004.14,0,0,OFF,1,1,1,
2026-09-28 16:59:59,c3-dry,3226000,31.86,79.80,1004.66,32.39,64.19,1004.13,0,0,OFF,1,1,1,
2026-09-28 17:00:00,c3-dry,3227000,31.86,79.70,1004.67,32.39,64.41,1004.19,0,0,OFF,1,1,1,
2026-09-28 17:00:01,c3-dry,3228000,31.85,79.72,1004.68,32.39,64.45,1004.21,0,0,OFF,1,1,1,
2026-09-28 17:00:02,c3-dry,3229000,31.86,79.91,1004.62,32.39,64.23,1004.19,0,0,OFF,1,1,1,
2026-09-28 17:00:03,c3-dry,3230000,31.85,79.97,1004.60,32.38,64.16,1004.17,0,0,OFF,1,1,1,
2026-09-28 17:00:04,c3-dry,3231000,31.85,79.64,1004.63,32.38,64.23,1004.17,0,0,OFF,1,1,1,
2026-09-28 17:00:05,c3-dry,3232000,31.85,79.51,1004.66,32.39,64.38,1004.16,0,0,OFF,1,1,1,
2026-09-28 17:00:06,c3-dry,3233000,31.86,79.62,1004.67,32.40,64.32,1004.14,0,0,OFF,1,1,1,
2026-09-28 17:00:07,c3-dry,3234000,31.86,79.82,1004.64,32.39,64.27,1004.10,0,0,OFF,1,1,1,
2026-09-28 17:00:08,c3-dry,3235000,31.85,79.81,1004.68,32.39,64.21,1004.15,0,0,OFF,1,1,1,
2026-09-28 17:00:09,c3-dry,3236000,31.85,79.91,1004.65,32.39,64.24,1004.21,0,0,OFF,1,1,1,
2026-09-28 17:00:10,c3-dry,3237000,31.86,79.80,1004.66,32.39,64.23,1004.19,0,0,OFF,1,1,1,
2026-09-28 17:00:11,c3-dry,3238000,31.85,79.75,1004.66,32.39,64.31,1004.16,0,0,OFF,1,1,1,
2026-09-28 17:00:12,c3-dry,3239000,31.86,79.47,1004.66,32.39,64.17,1004.15,0,0,OFF,1,1,1,
2026-09-28 17:00:13,c3-dry,3240000,31.86,79.70,1004.64,32.40,64.21,1004.11,0,0,OFF,1,1,1,
2026-09-28 17:00:14,c3-dry,3241000,31.84,79.87,1004.61,32.40,64.28,1004.20,0,0,OFF,1,1,1,
2026-09-28 17:00:15,c3-dry,3242000,31.86,79.83,1004.61,32.39,64.24,1004.16,0,0,OFF,1,1,1,
2026-09-28 17:00:16,c3-dry,3243000,31.86,79.80,1004.61,32.39,64.28,1004.18,0,0,OFF,1,1,1,
2026-09-28 17:00:17,c3-dry,3244000,31.85,79.65,1004.63,32.40,64.33,1004.19,0,0,OFF,1,1,1,
2026-09-28 17:00:18,c3-dry,3245000,31.86,79.68,1004.64,32.40,64.25,1004.17,0,0,OFF,1,1,1,
2026-09-28 17:00:19,c3-dry,3246000,31.86,79.52,1004.61,32.40,64.47,1004.12,0,0,OFF,1,1,1,
2026-09-28 17:00:20,c3-dry,3247000,31.86,79.50,1004.66,32.40,64.18,1004.19,0,0,OFF,1,1,1,
2026-09-28 17:00:21,c3-dry,3248000,31.86,79.58,1004.67,32.40,64.28,1004.15,0,0,OFF,1,1,1,
2026-09-28 17:00:22,c3-dry,3249000,31.85,79.76,1004.63,32.42,64.23,1004.22,0,0,OFF,1,1,1,
2026-09-28 17:00:23,c3-dry,3250000,31.85,79.87,1004.66,32.40,64.45,1004.17,0,0,OFF,1,1,1,
2026-09-28 17:00:24,c3-dry,3251000,31.85,79.76,1004.59,32.40,64.29,1004.26,0,0,OFF,1,1,1,
2026-09-28 17:00:25,c3-dry,3252000,31.85,79.91,1004.68,32.40,64.28,1004.20,0,0,OFF,1,1,1,
2026-09-28 17:00:26,c3-dry,3253000,31.86,79.78,1004.55,32.41,64.12,1004.15,0,0,OFF,1,1,1,
2026-09-28 17:00:27,c3-dry,3254000,31.85,79.94,1004.63,32.40,64.27,1004.15,0,0,OFF,1,1,1,
2026-09-28 17:00:28,c3-dry,3255000,31.85,79.60,1004.63,32.40,64.45,1004.17,0,0,OFF,1,1,1,
2026-09-28 17:00:29,c3-dry,3256000,31.85,79.70,1004.63,32.40,64.38,1004.17,0,0,OFF,1,1,1,
2026-09-28 17:00:30,c3-dry,3257000,31.86,79.78,1004.66,32.41,64.26,1004.21,0,0,OFF,1,1,1,
2026-09-28 17:00:31,c3-dry,3258000,31.85,79.62,1004.60,32.40,64.38,1004.20,0,0,OFF,1,1,1,
2026-09-28 17:00:32,c3-dry,3259000,31.86,79.62,1004.67,32.40,64.37,1004.11,0,0,OFF,1,1,1,
2026-09-28 17:00:33,c3-dry,3260000,31.85,79.76,1004.66,32.41,64.27,1004.21,0,0,OFF,1,1,1,
2026-09-28 17:00:34,c3-dry,3261000,31.86,79.70,1004.70,32.40,64.23,1004.15,0,0,OFF,1,1,1,
2026-09-28 17:00:35,c3-dry,3262000,31.86,79.75,1004.61,32.41,64.29,1004.15,0,0,OFF,1,1,1,
2026-09-28 17:00:36,c3-dry,3263000,31.86,79.71,1004.62,32.41,64.29,1004.15,0,0,OFF,1,1,1,
2026-09-28 17:00:37,c3-dry,3264000,31.86,79.78,1004.64,32.41,64.25,1004.15,0,0,OFF,1,1,1,
2026-09-28 17:00:38,c3-dry,3265000,31.86,79.58,1004.66,32.40,64.20,1004.17,0,0,OFF,1,1,1,
2026-09-28 17:00:39,c3-dry,3266000,31.86,79.50,1004.64,32.40,64.31,1004.15,0,0,OFF,1,1,1,
2026-09-28 17:00:40,c3-dry,3267000,31.86,79.53,1004.64,32.40,64.31,1004.15,0,0,OFF,1,1,1,
2026-09-28 17:00:41,c3-dry,3268000,31.86,79.62,1004.64,32.41,64.22,1004.18,0,0,OFF,1,1,1,
2026-09-28 17:00:42,c3-dry,3269000,31.86,79.75,1004.70,32.41,64.35,1004.18,0,0,OFF,1,1,1,
2026-09-28 17:00:43,c3-dry,3270000,31.86,79.54,1004.67,32.41,64.20,1004.18,0,0,OFF,1,1,1,
2026-09-28 17:00:44,c3-dry,3271000,31.86,79.48,1004.66,32.42,64.47,1004.16,0,0,OFF,1,1,1,
2026-09-28 17:00:45,c3-dry,3272000,31.86,79.38,1004.66,32.42,64.44,1004.16,0,0,OFF,1,1,1,
2026-09-28 17:00:46,c3-dry,3273000,31.86,79.50,1004.70,32.40,64.26,1004.26,0,0,OFF,1,1,1,
2026-09-28 17:00:47,c3-dry,3274000,31.86,79.48,1004.66,32.41,64.22,1004.18,0,0,OFF,1,1,1,
2026-09-28 17:00:48,c3-dry,3275000,31.85,79.66,1004.66,32.40,64.35,1004.19,0,0,OFF,1,1,1,
2026-09-28 17:00:49,c3-dry,3276000,31.85,79.73,1004.66,32.42,64.31,1004.16,0,0,OFF,1,1,1,
2026-09-28 17:00:50,c3-dry,3277000,31.86,79.68,1004.64,32.42,64.21,1004.19,0,0,OFF,1,1,1,
2026-09-28 17:00:51,c3-dry,3278000,31.86,79.87,1004.76,32.42,64.33,1004.11,0,0,OFF,1,1,1,
2026-09-28 17:00:52,c3-dry,3279000,31.86,79.69,1004.66,32.42,64.33,1004.20,0,0,OFF,1,1,1,
2026-09-28 17:00:53,c3-dry,3280000,31.86,79.92,1004.66,32.42,64.19,1004.20,0,0,OFF,1,1,1,
2026-09-28 17:00:54,c3-dry,3281000,31.86,79.93,1004.70,32.42,64.28,1004.28,0,0,OFF,1,1,1,
2026-09-28 17:00:55,c3-dry,3282000,31.87,79.81,1004.65,32.41,64.25,1004.15,0,0,OFF,1,1,1,
2026-09-28 17:00:56,c3-dry,3283000,31.86,79.80,1004.67,32.42,64.26,1004.17,0,0,OFF,1,1,1,
2026-09-28 17:00:57,c3-dry,3284000,31.86,79.69,1004.61,32.42,64.53,1004.24,0,0,OFF,1,1,1,
2026-09-28 17:00:58,c3-dry,3285000,31.86,79.71,1004.62,32.43,64.28,1004.26,0,0,OFF,1,1,1,
2026-09-28 17:00:59,c3-dry,3286000,31.86,79.72,1004.69,32.42,64.65,1004.19,0,0,OFF,1,1,1,
2026-09-28 17:01:00,c3-dry,3287000,31.86,79.75,1004.66,32.42,64.78,1004.16,0,0,OFF,1,1,1,
2026-09-28 17:01:01,c3-dry,3288000,31.86,79.80,1004.67,32.42,64.35,1004.20,0,0,OFF,1,1,1,
2026-09-28 17:01:02,c3-dry,3289000,31.85,79.73,1004.63,32.42,64.46,1004.20,0,0,OFF,1,1,1,
2026-09-28 17:01:03,c3-dry,3290000,31.87,79.68,1004.69,32.42,64.46,1004.22,0,0,OFF,1,1,1,
2026-09-28 17:01:04,c3-dry,3291000,31.86,79.62,1004.69,32.41,64.81,1004.18,0,0,OFF,1,1,1,
2026-09-28 17:01:05,c3-dry,3292000,31.87,79.67,1004.68,32.41,64.54,1004.15,0,0,OFF,1,1,1,
2026-09-28 17:01:06,c3-dry,3293000,31.86,80.00,1004.64,32.42,64.35,1004.22,0,0,OFF,1,1,1,
2026-09-28 17:01:07,c3-dry,3294000,31.86,79.62,1004.67,32.42,64.47,1004.17,0,0,OFF,1,1,1,
2026-09-28 17:01:08,c3-dry,3295000,31.86,79.48,1004.64,32.42,64.25,1004.11,0,0,OFF,1,1,1,
2026-09-28 17:01:09,c3-dry,3296000,31.85,79.28,1004.65,32.41,64.42,1004.18,0,0,OFF,1,1,1,
2026-09-28 17:01:10,c3-dry,3297000,31.86,79.40,1004.73,32.42,64.27,1004.22,0,0,OFF,1,1,1,
2026-09-28 17:01:11,c3-dry,3298000,31.86,79.70,1004.64,32.43,64.34,1004.18,0,0,OFF,1,1,1,
2026-09-28 17:01:12,c3-dry,3299000,31.86,79.79,1004.61,32.41,64.29,1004.21,0,0,OFF,1,1,1,
2026-09-28 17:01:13,c3-dry,3300000,31.86,79.75,1004.70,32.42,64.34,1004.16,0,0,OFF,1,1,1,
2026-09-28 17:01:14,c3-dry,3301000,31.85,79.70,1004.66,32.41,64.39,1004.15,0,0,OFF,1,1,1,
2026-09-28 17:01:15,c3-dry,3302000,31.86,79.76,1004.67,32.43,64.26,1004.23,0,0,OFF,1,1,1,
2026-09-28 17:01:16,c3-dry,3303000,31.86,79.75,1004.73,32.42,64.39,1004.16,0,0,OFF,1,1,1,
2026-09-28 17:01:17,c3-dry,3304000,31.85,79.83,1004.66,32.43,64.35,1004.21,0,0,OFF,1,1,1,
2026-09-28 17:01:18,c3-dry,3305000,31.86,79.71,1004.67,32.42,64.67,1004.16,0,0,OFF,1,1,1,
2026-09-28 17:01:19,c3-dry,3306000,31.85,79.53,1004.71,32.43,64.36,1004.23,0,0,OFF,1,1,1,
2026-09-28 17:01:20,c3-dry,3307000,31.86,79.73,1004.73,32.42,64.78,1004.23,0,0,OFF,1,1,1,
2026-09-28 17:01:21,c3-dry,3308000,31.86,79.70,1004.73,32.43,64.30,1004.18,0,0,OFF,1,1,1,
2026-09-28 17:01:22,c3-dry,3309000,31.87,79.87,1004.68,32.40,64.52,1004.12,0,0,OFF,1,1,1,
2026-09-28 17:01:23,c3-dry,3310000,31.86,79.70,1004.66,32.41,64.28,1004.21,0,0,OFF,1,1,1,
2026-09-28 17:01:24,c3-dry,3311000,31.87,79.78,1004.60,32.42,64.45,1004.16,0,0,OFF,1,1,1,
2026-09-28 17:01:25,c3-dry,3312000,31.85,79.62,1004.66,32.42,64.71,1004.16,0,0,OFF,1,1,1,
2026-09-28 17:01:26,c3-dry,3313000,31.86,79.61,1004.69,32.42,64.34,1004.16,0,0,OFF,1,1,1,
2026-09-28 17:01:27,c3-dry,3314000,31.86,79.66,1004.67,32.42,64.47,1004.17,0,0,OFF,1,1,1,
2026-09-28 17:01:28,c3-dry,3315000,31.86,79.77,1004.70,32.42,64.26,1004.14,0,0,OFF,1,1,1,
2026-09-28 17:01:29,c3-dry,3316000,31.87,79.77,1004.68,32.42,64.36,1004.16,0,0,OFF,1,1,1,
2026-09-28 17:01:30,c3-dry,3317000,31.87,79.70,1004.62,32.43,64.60,1004.21,0,0,OFF,1,1,1,
2026-09-28 17:01:31,c3-dry,3318000,31.87,79.69,1004.66,32.43,64.59,1004.12,0,0,OFF,1,1,1,
2026-09-28 17:01:32,c3-dry,3319000,31.86,79.89,1004.67,32.43,64.50,1004.27,0,0,OFF,1,1,1,
2026-09-28 17:01:33,c3-dry,3320000,31.86,79.72,1004.70,32.43,64.70,1004.16,0,0,OFF,1,1,1,
2026-09-28 17:01:34,c3-dry,3321000,31.86,79.83,1004.70,32.42,64.92,1004.14,0,0,OFF,1,1,1,
2026-09-28 17:01:35,c3-dry,3322000,31.86,79.88,1004.76,32.42,64.59,1004.19,0,0,OFF,1,1,1,
2026-09-28 17:01:36,c3-dry,3323000,31.85,80.00,1004.60,32.42,64.65,1004.16,0,0,OFF,1,1,1,
2026-09-28 17:01:37,c3-dry,3324000,31.86,80.10,1004.70,32.42,64.79,1004.16,0,0,OFF,1,1,1,
2026-09-28 17:01:38,c3-dry,3325000,31.87,80.29,1004.68,32.42,64.76,1004.16,0,0,OFF,1,1,1,
2026-09-28 17:01:39,c3-dry,3326000,31.86,80.35,1004.64,32.41,64.61,1004.21,0,0,OFF,1,1,1,
2026-09-28 17:01:40,c3-dry,3327000,31.87,80.43,1004.66,32.41,64.38,1004.13,0,0,OFF,1,1,1,
2026-09-28 17:01:41,c3-dry,3328000,31.87,80.24,1004.63,32.42,64.55,1004.22,0,0,OFF,1,1,1,
2026-09-28 17:01:42,c3-dry,3329000,31.87,80.35,1004.65,32.41,64.40,1004.15,0,0,OFF,1,1,1,
2026-09-28 17:01:43,c3-dry,3330000,31.86,80.17,1004.70,32.42,64.45,1004.22,0,0,OFF,1,1,1,
2026-09-28 17:01:44,c3-dry,3331000,31.87,80.06,1004.63,32.42,64.64,1004.16,0,0,OFF,1,1,1,
2026-09-28 17:01:45,c3-dry,3332000,31.87,80.14,1004.62,32.42,64.82,1004.16,0,0,OFF,1,1,1,
2026-09-28 17:01:46,c3-dry,3333000,31.87,80.10,1004.66,32.42,64.51,1004.16,0,0,OFF,1,1,1,
2026-09-28 17:01:47,c3-dry,3334000,31.88,80.11,1004.67,32.42,64.61,1004.23,0,0,OFF,1,1,1,
2026-09-28 17:01:48,c3-dry,3335000,31.86,80.03,1004.62,32.42,64.45,1004.14,0,0,OFF,1,1,1,
2026-09-28 17:01:49,c3-dry,3336000,31.86,80.03,1004.62,32.42,64.44,1004.17,0,0,OFF,1,1,1,
2026-09-28 17:01:50,c3-dry,3337000,31.86,79.96,1004.62,32.43,64.53,1004.21,0,0,OFF,1,1,1,
2026-09-28 17:01:51,c3-dry,3338000,31.86,79.76,1004.62,32.43,64.42,1004.19,0,0,OFF,1,1,1,
2026-09-28 17:01:52,c3-dry,3339000,31.86,79.79,1004.66,32.42,64.52,1004.19,0,0,OFF,1,1,1,
2026-09-28 17:01:53,c3-dry,3340000,31.87,79.88,1004.65,32.42,64.36,1004.16,0,0,OFF,1,1,1,
2026-09-28 17:01:54,c3-dry,3341000,31.87,79.93,1004.68,32.40,64.32,1004.20,0,0,OFF,1,1,1,
2026-09-28 17:01:55,c3-dry,3342000,31.87,79.84,1004.65,32.41,64.45,1004.21,0,0,OFF,1,1,1,
2026-09-28 17:01:56,c3-dry,3343000,31.86,79.83,1004.64,32.40,64.39,1004.17,0,0,OFF,1,1,1,
2026-09-28 17:01:57,c3-dry,3344000,31.87,79.65,1004.63,32.41,64.35,1004.15,0,0,OFF,1,1,1,
2026-09-28 17:01:58,c3-dry,3345000,31.86,79.50,1004.64,32.41,64.45,1004.13,0,0,OFF,1,1,1,
2026-09-28 17:01:59,c3-dry,3346000,31.86,79.31,1004.64,32.40,64.37,1004.20,0,0,OFF,1,1,1,
2026-09-28 17:02:00,c3-dry,3347000,31.87,79.61,1004.66,32.41,64.35,1004.15,0,0,OFF,1,1,1,
2026-09-28 17:02:01,c3-dry,3348000,31.87,79.69,1004.63,32.42,64.56,1004.13,0,0,OFF,1,1,1,
2026-09-28 17:02:02,c3-dry,3349000,31.87,79.85,1004.68,32.40,64.35,1004.17,0,0,OFF,1,1,1,
2026-09-28 17:02:03,c3-dry,3350000,31.86,79.78,1004.67,32.42,64.35,1004.22,0,0,OFF,1,1,1,
2026-09-28 17:02:04,c3-dry,3351000,31.87,79.90,1004.62,32.42,64.35,1004.13,0,0,OFF,1,1,1,
2026-09-28 17:02:05,c3-dry,3352000,31.87,79.82,1004.63,32.42,64.36,1004.16,0,0,OFF,1,1,1,
2026-09-28 17:02:06,c3-dry,3353000,31.86,79.81,1004.67,32.40,64.30,1004.17,0,0,OFF,1,1,1,
2026-09-28 17:02:07,c3-dry,3354000,31.86,79.73,1004.58,32.40,64.44,1004.15,0,0,OFF,1,1,1,
2026-09-28 17:02:08,c3-dry,3355000,31.87,79.68,1004.66,32.42,64.41,1004.19,0,0,OFF,1,1,1,
2026-09-28 17:02:09,c3-dry,3356000,31.87,79.58,1004.69,32.41,64.42,1004.21,0,0,OFF,1,1,1,
2026-09-28 17:02:10,c3-dry,3357000,31.87,79.62,1004.68,32.40,64.46,1004.23,0,0,OFF,1,1,1,
2026-09-28 17:02:11,c3-dry,3358000,31.86,79.54,1004.64,32.41,64.36,1004.15,0,0,OFF,1,1,1,
2026-09-28 17:02:12,c3-dry,3359000,31.87,79.71,1004.63,32.41,64.31,1004.21,0,0,OFF,1,1,1,
2026-09-28 17:02:13,c3-dry,3360000,31.87,79.95,1004.71,32.41,64.47,1004.10,0,0,OFF,1,1,1,
2026-09-28 17:02:14,c3-dry,3361000,31.86,79.96,1004.64,32.41,64.36,1004.15,0,0,OFF,1,1,1,
2026-09-28 17:02:15,c3-dry,3362000,31.87,80.13,1004.68,32.40,64.40,1004.23,0,0,OFF,1,1,1,
2026-09-28 17:02:16,c3-dry,3363000,31.88,80.20,1004.61,32.40,64.73,1004.22,0,0,OFF,1,1,1,
2026-09-28 17:02:17,c3-dry,3364000,31.87,79.79,1004.62,32.41,64.66,1004.21,0,0,OFF,1,1,1,
2026-09-28 17:02:18,c3-dry,3365000,31.87,79.80,1004.68,32.41,64.42,1004.24,0,0,OFF,1,1,1,
2026-09-28 17:02:19,c3-dry,3366000,31.87,79.60,1004.69,32.40,64.73,1004.15,0,0,OFF,1,1,1,
2026-09-28 17:02:20,c3-dry,3367000,31.86,79.53,1004.67,32.41,64.66,1004.15,0,0,OFF,1,1,1,
2026-09-28 17:02:21,c3-dry,3368000,31.86,79.43,1004.70,32.41,64.45,1004.13,0,0,OFF,1,1,1,
2026-09-28 17:02:22,c3-dry,3369000,31.87,79.43,1004.69,32.40,64.80,1004.20,0,0,OFF,1,1,1,
2026-09-28 17:02:23,c3-dry,3370000,31.87,79.43,1004.69,32.40,64.57,1004.20,0,0,OFF,1,1,1,
2026-09-28 17:02:24,c3-dry,3371000,31.87,79.75,1004.66,32.40,64.69,1004.17,0,0,OFF,1,1,1,
2026-09-28 17:02:25,c3-dry,3372000,31.87,79.67,1004.69,32.40,64.39,1004.17,0,0,OFF,1,1,1,
2026-09-28 17:02:26,c3-dry,3373000,31.87,79.82,1004.62,32.40,64.80,1004.20,0,0,OFF,1,1,1,
2026-09-28 17:02:27,c3-dry,3374000,31.87,79.87,1004.69,32.40,64.46,1004.20,0,0,OFF,1,1,1,
2026-09-28 17:02:28,c3-dry,3375000,31.86,79.98,1004.62,32.40,64.56,1004.22,0,0,OFF,1,1,1,
2026-09-28 17:02:29,c3-dry,3376000,31.87,79.92,1004.69,32.39,64.40,1004.19,0,0,OFF,1,1,1,
2026-09-28 17:02:30,c3-dry,3377000,31.86,79.80,1004.67,32.40,64.71,1004.26,0,0,OFF,1,1,1,
2026-09-28 17:02:31,c3-dry,3378000,31.87,79.78,1004.68,32.40,64.63,1004.17,0,0,OFF,1,1,1,
2026-09-28 17:02:32,c3-dry,3379000,31.87,79.82,1004.65,32.39,64.49,1004.13,0,0,OFF,1,1,1,
2026-09-28 17:02:33,c3-dry,3380000,31.87,79.89,1004.63,32.40,64.73,1004.20,0,0,OFF,1,1,1,
2026-09-28 17:02:34,c3-dry,3381000,31.87,79.70,1004.68,32.40,64.58,1004.20,0,0,OFF,1,1,1,
2026-09-28 17:02:35,c3-dry,3382000,31.87,79.75,1004.68,32.40,64.43,1004.17,0,0,OFF,1,1,1,
2026-09-28 17:02:36,c3-dry,3383000,31.87,79.83,1004.66,32.39,64.72,1004.24,0,0,OFF,1,1,1,
2026-09-28 17:02:37,c3-dry,3384000,31.87,79.75,1004.63,32.39,64.83,1004.16,0,0,OFF,1,1,1,
2026-09-28 17:02:38,c3-dry,3385000,31.87,79.77,1004.63,32.39,64.45,1004.19,0,0,OFF,1,1,1,
2026-09-28 17:02:39,c3-dry,3386000,31.86,80.00,1004.67,32.39,64.47,1004.21,0,0,OFF,1,1,1,
2026-09-28 17:02:40,c3-dry,3387000,31.87,80.00,1004.63,32.39,64.44,1004.16,0,0,OFF,1,1,1,
2026-09-28 17:02:41,c3-dry,3388000,31.87,80.14,1004.60,32.39,64.49,1004.19,0,0,OFF,1,1,1,
2026-09-28 17:02:42,c3-dry,3389000,31.88,80.24,1004.64,32.40,64.71,1004.19,0,0,OFF,1,1,1,
2026-09-28 17:02:43,c3-dry,3390000,31.88,80.14,1004.70,32.39,64.45,1004.16,0,0,OFF,1,1,1,
2026-09-28 17:02:44,c3-dry,3391000,31.87,79.94,1004.60,32.39,64.50,1004.19,0,0,OFF,1,1,1,
2026-09-28 17:02:45,c3-dry,3392000,31.87,79.91,1004.66,32.39,64.48,1004.21,0,0,OFF,1,1,1,
2026-09-28 17:02:46,c3-dry,3393000,31.88,79.98,1004.61,32.39,64.39,1004.16,0,0,OFF,1,1,1,
2026-09-28 17:02:47,c3-dry,3394000,31.86,79.83,1004.56,32.39,64.62,1004.21,0,0,OFF,1,1,1,
2026-09-28 17:02:48,c3-dry,3395000,31.88,79.81,1004.67,32.39,64.55,1004.24,0,0,OFF,1,1,1,
2026-09-28 17:02:49,c3-dry,3396000,31.87,79.88,1004.66,32.39,64.37,1004.19,0,0,OFF,1,1,1,
2026-09-28 17:02:50,c3-dry,3397000,31.87,79.76,1004.63,32.39,64.50,1004.18,0,0,OFF,1,1,1,
2026-09-28 17:02:51,c3-dry,3398000,31.87,79.88,1004.69,32.39,64.48,1004.19,0,0,OFF,1,1,1,
2026-09-28 17:02:52,c3-dry,3399000,31.87,79.87,1004.62,32.39,64.62,1004.18,0,0,OFF,1,1,1,
2026-09-28 17:02:53,c3-dry,3400000,31.87,79.77,1004.69,32.39,64.83,1004.18,0,0,OFF,1,1,1,
2026-09-28 17:02:54,c3-dry,3401000,31.86,79.69,1004.67,32.39,64.55,1004.18,0,0,OFF,1,1,1,
2026-09-28 17:02:55,c3-dry,3402000,31.87,79.57,1004.63,32.39,64.54,1004.13,0,0,OFF,1,1,1,
2026-09-28 17:02:56,c3-dry,3403000,31.87,79.54,1004.65,32.38,64.40,1004.17,0,0,OFF,1,1,1,
2026-09-28 17:02:57,c3-dry,3404000,31.87,79.44,1004.62,32.39,64.83,1004.12,0,0,OFF,1,1,1,
2026-09-28 17:02:58,c3-dry,3405000,31.86,79.35,1004.67,32.39,64.67,1004.18,0,0,OFF,1,1,1,
2026-09-28 17:02:59,c3-dry,3406000,31.86,79.40,1004.62,32.39,64.45,1004.21,0,0,OFF,1,1,1,
2026-09-28 17:03:00,c3-dry,3407000,31.86,79.08,1004.61,32.39,64.42,1004.16,0,0,OFF,1,1,1,
2026-09-28 17:03:01,c3-dry,3408000,31.86,79.20,1004.62,32.39,64.43,1004.18,0,0,OFF,1,1,1,
2026-09-28 17:03:02,c3-dry,3409000,31.87,79.35,1004.62,32.39,64.61,1004.19,0,0,OFF,1,1,1,
2026-09-28 17:03:03,c3-dry,3410000,31.86,79.58,1004.61,32.39,64.53,1004.18,0,0,OFF,1,1,1,
2026-09-28 17:03:04,c3-dry,3411000,31.86,79.53,1004.67,32.39,64.48,1004.15,0,0,OFF,1,1,1,
2026-09-28 17:03:05,c3-dry,3412000,31.86,79.47,1004.67,32.38,64.64,1004.17,0,0,OFF,1,1,1,
2026-09-28 17:03:06,c3-dry,3413000,31.86,79.65,1004.59,32.38,64.57,1004.14,0,0,OFF,1,1,1,
2026-09-28 17:03:07,c3-dry,3414000,31.87,80.09,1004.63,32.38,64.77,1004.20,0,0,OFF,1,1,1,
2026-09-28 17:03:08,c3-dry,3415000,31.88,80.27,1004.67,32.38,64.88,1004.20,0,0,OFF,1,1,1,
2026-09-28 17:03:09,c3-dry,3416000,31.87,80.37,1004.66,32.38,64.52,1004.20,0,0,OFF,1,1,1,
2026-09-28 17:03:10,c3-dry,3417000,31.87,80.26,1004.60,32.38,64.59,1004.11,0,0,OFF,1,1,1,
2026-09-28 17:03:11,c3-dry,3418000,31.87,80.23,1004.60,32.39,64.50,1004.13,0,0,OFF,1,1,1,
2026-09-28 17:03:12,c3-dry,3419000,31.86,79.74,1004.66,32.38,64.49,1004.20,0,0,OFF,1,1,1,
2026-09-28 17:03:13,c3-dry,3420000,31.86,79.71,1004.62,32.38,64.79,1004.22,0,0,OFF,1,1,1,
2026-09-28 17:03:14,c3-dry,3421000,31.87,79.90,1004.68,32.38,64.54,1004.24,0,0,OFF,1,1,1,
2026-09-28 17:03:15,c3-dry,3422000,31.87,80.06,1004.65,32.38,64.76,1004.20,0,0,OFF,1,1,1,
2026-09-28 17:03:16,c3-dry,3423000,31.88,80.13,1004.67,32.39,64.48,1004.19,0,0,OFF,1,1,1,
2026-09-28 17:03:17,c3-dry,3424000,31.87,80.04,1004.69,32.39,64.51,1004.15,0,0,OFF,1,1,1,
2026-09-28 17:03:18,c3-dry,3425000,31.87,79.85,1004.65,32.39,64.49,1004.23,0,0,OFF,1,1,1,
2026-09-28 17:03:19,c3-dry,3426000,31.87,79.87,1004.66,32.39,64.59,1004.21,0,0,OFF,1,1,1,
2026-09-28 17:03:20,c3-dry,3427000,31.87,79.81,1004.63,32.39,64.57,1004.15,0,0,OFF,1,1,1,
2026-09-28 17:03:21,c3-dry,3428000,31.87,79.79,1004.62,32.38,64.56,1004.20,0,0,OFF,1,1,1,
2026-09-28 17:03:22,c3-dry,3429000,31.86,79.78,1004.67,32.39,64.49,1004.19,0,0,OFF,1,1,1,
2026-09-28 17:03:23,c3-dry,3430000,31.88,79.94,1004.64,32.39,64.63,1004.19,0,0,OFF,1,1,1,
2026-09-28 17:03:24,c3-dry,3431000,31.87,80.06,1004.74,32.39,64.54,1004.19,0,0,OFF,1,1,1,
2026-09-28 17:03:25,c3-dry,3432000,31.87,79.98,1004.66,32.39,64.57,1004.19,0,0,OFF,1,1,1,
2026-09-28 17:03:26,c3-dry,3433000,31.88,79.91,1004.67,32.40,64.56,1004.17,0,0,OFF,1,1,1,
2026-09-28 17:03:27,c3-dry,3434000,31.88,79.79,1004.64,32.39,64.64,1004.19,0,0,OFF,1,1,1,
2026-09-28 17:03:28,c3-dry,3435000,31.87,79.84,1004.69,32.40,64.75,1004.22,0,0,OFF,1,1,1,
2026-09-28 17:03:29,c3-dry,3436000,31.88,79.85,1004.67,32.39,64.65,1004.16,0,0,OFF,1,1,1,
2026-09-28 17:03:30,c3-dry,3437000,31.87,79.83,1004.66,32.39,64.63,1004.18,0,0,OFF,1,1,1,
2026-09-28 17:03:31,c3-dry,3438000,31.87,79.95,1004.62,32.40,64.37,1004.28,0,0,OFF,1,1,1,
2026-09-28 17:03:32,c3-dry,3439000,31.88,79.96,1004.72,32.40,64.63,1004.15,0,0,OFF,1,1,1,
2026-09-28 17:03:33,c3-dry,3440000,31.86,79.94,1004.64,32.39,64.53,1004.13,0,0,OFF,1,1,1,
2026-09-28 17:03:34,c3-dry,3441000,31.87,79.78,1004.60,32.40,64.49,1004.19,0,0,OFF,1,1,1,
2026-09-28 17:03:35,c3-dry,3442000,31.87,79.81,1004.68,32.40,64.57,1004.19,0,0,OFF,1,1,1,
2026-09-28 17:03:36,c3-dry,3443000,31.87,79.66,1004.65,32.40,64.58,1004.20,0,0,OFF,1,1,1,
2026-09-28 17:03:37,c3-dry,3444000,31.87,79.66,1004.63,32.39,64.58,1004.16,0,0,OFF,1,1,1,
2026-09-28 17:03:38,c3-dry,3445000,31.87,79.72,1004.62,32.40,64.50,1004.19,0,0,OFF,1,1,1,
2026-09-28 17:03:39,c3-dry,3446000,31.87,79.83,1004.65,32.40,64.57,1004.19,0,0,OFF,1,1,1,
2026-09-28 17:03:40,c3-dry,3447000,31.87,79.80,1004.63,32.41,64.94,1004.15,0,0,OFF,1,1,1,
2026-09-28 17:03:41,c3-dry,3448000,31.88,79.89,1004.68,32.39,64.48,1004.19,0,0,OFF,1,1,1,
2026-09-28 17:03:42,c3-dry,3449000,31.87,79.98,1004.65,32.40,64.47,1004.19,0,0,OFF,1,1,1,
2026-09-28 17:03:43,c3-dry,3450000,31.87,79.96,1004.66,32.40,64.73,1004.17,0,0,OFF,1,1,1,
2026-09-28 17:03:44,c3-dry,3451000,31.87,80.07,1004.66,32.40,64.56,1004.23,0,0,OFF,1,1,1,
2026-09-28 17:03:45,c3-dry,3452000,31.88,79.92,1004.64,32.41,64.54,1004.18,0,0,OFF,1,1,1,
2026-09-28 17:03:46,c3-dry,3453000,31.88,79.80,1004.67,32.40,64.57,1004.17,0,0,OFF,1,1,1,
2026-09-28 17:03:47,c3-dry,3454000,31.88,79.90,1004.64,32.40,64.46,1004.17,0,0,OFF,1,1,1,
2026-09-28 17:03:48,c3-dry,3455000,31.88,79.71,1004.70,32.43,64.55,1004.15,0,0,OFF,1,1,1,
2026-09-28 17:03:49,c3-dry,3456000,31.88,79.82,1004.64,32.42,64.54,1004.16,0,0,OFF,1,1,1,
2026-09-28 17:03:50,c3-dry,3457000,31.87,79.75,1004.62,32.42,64.56,1004.22,0,0,OFF,1,1,1,
2026-09-28 17:03:51,c3-dry,3458000,31.87,79.96,1004.66,32.42,64.47,1004.19,0,0,OFF,1,1,1,
2026-09-28 17:03:52,c3-dry,3459000,31.88,80.00,1004.64,32.40,64.63,1004.20,0,0,OFF,1,1,1,
2026-09-28 17:03:53,c3-dry,3460000,31.87,79.81,1004.58,32.41,64.60,1004.18,0,0,OFF,1,1,1,
2026-09-28 17:03:54,c3-dry,3461000,31.88,79.67,1004.64,32.41,64.61,1004.21,0,0,OFF,1,1,1,
2026-09-28 17:03:55,c3-dry,3462000,31.88,79.77,1004.67,32.41,64.55,1004.21,0,0,OFF,1,1,1,
2026-09-28 17:03:56,c3-dry,3463000,31.87,79.70,1004.66,32.41,64.42,1004.21,0,0,OFF,1,1,1,
2026-09-28 17:03:57,c3-dry,3464000,31.88,79.66,1004.58,32.41,64.47,1004.15,0,0,OFF,1,1,1,
2026-09-28 17:03:58,c3-dry,3465000,31.88,79.83,1004.70,32.42,64.86,1004.20,0,0,OFF,1,1,1,
2026-09-28 17:03:59,c3-dry,3466000,31.88,79.80,1004.64,32.42,64.54,1004.23,0,0,OFF,1,1,1,
2026-09-28 17:04:00,c3-dry,3467000,31.87,79.71,1004.60,32.42,64.81,1004.16,0,0,OFF,1,1,1,
2026-09-28 17:04:01,c3-dry,3468000,31.88,79.76,1004.70,32.42,64.85,1004.16,0,0,OFF,1,1,1,
2026-09-28 17:04:02,c3-dry,3469000,31.87,79.80,1004.63,32.43,64.47,1004.18,0,0,OFF,1,1,1,
2026-09-28 17:04:03,c3-dry,3470000,31.88,79.71,1004.67,32.43,64.56,1004.23,0,0,OFF,1,1,1,
2026-09-28 17:04:04,c3-dry,3471000,31.88,79.90,1004.65,32.43,64.80,1004.21,0,0,OFF,1,1,1,
2026-09-28 17:04:05,c3-dry,3472000,31.87,80.02,1004.60,32.43,64.98,1004.18,0,0,OFF,1,1,1,
2026-09-28 17:04:06,c3-dry,3473000,31.88,80.11,1004.70,32.43,64.54,1004.21,0,0,OFF,1,1,1,
2026-09-28 17:04:07,c3-dry,3474000,31.87,79.98,1004.60,32.43,64.59,1004.23,0,0,OFF,1,1,1,
2026-09-28 17:04:08,c3-dry,3475000,31.87,79.91,1004.63,32.43,64.46,1004.12,0,0,OFF,1,1,1,
2026-09-28 17:04:09,c3-dry,3476000,31.88,79.89,1004.67,32.42,64.80,1004.19,0,0,OFF,1,1,1,
2026-09-28 17:04:10,c3-dry,3477000,31.88,79.79,1004.67,32.42,64.77,1004.17,0,0,OFF,1,1,1,
2026-09-28 17:04:11,c3-dry,3478000,31.88,79.77,1004.68,32.43,64.84,1004.18,0,0,OFF,1,1,1,
2026-09-28 17:04:12,c3-dry,3479000,31.88,79.81,1004.64,32.43,64.77,1004.16,0,0,OFF,1,1,1,
2026-09-28 17:04:13,c3-dry,3480000,31.88,79.58,1004.70,32.43,64.60,1004.21,0,0,OFF,1,1,1,
2026-09-28 17:04:14,c3-dry,3481000,31.88,79.67,1004.61,32.42,64.56,1004.13,0,0,OFF,1,1,1,
2026-09-28 17:04:15,c3-dry,3482000,31.88,79.61,1004.65,32.43,64.45,1004.21,0,0,OFF,1,1,1,
2026-09-28 17:04:16,c3-dry,3483000,31.88,79.73,1004.70,32.43,64.44,1004.21,0,0,OFF,1,1,1,
2026-09-28 17:04:17,c3-dry,3484000,31.87,79.83,1004.69,32.43,64.54,1004.16,0,0,OFF,1,1,1,
2026-09-28 17:04:18,c3-dry,3485000,31.88,79.80,1004.65,32.43,64.51,1004.21,0,0,OFF,1,1,1,
2026-09-28 17:04:19,c3-dry,3486000,31.89,79.79,1004.63,32.42,64.46,1004.20,0,0,OFF,1,1,1,
2026-09-28 17:04:20,c3-dry,3487000,31.89,79.76,1004.63,32.43,64.54,1004.23,0,0,OFF,1,1,1,
2026-09-28 17:04:21,c3-dry,3488000,31.87,79.66,1004.72,32.43,64.47,1004.12,0,0,OFF,1,1,1,
2026-09-28 17:04:22,c3-dry,3489000,31.88,79.91,1004.67,32.43,64.51,1004.21,0,0,OFF,1,1,1,
2026-09-28 17:04:23,c3-dry,3490000,31.88,79.76,1004.62,32.43,64.61,1004.18,0,0,OFF,1,1,1,
2026-09-28 17:04:24,c3-dry,3491000,31.87,79.76,1004.63,32.43,64.59,1004.13,0,0,OFF,1,1,1,
2026-09-28 17:04:25,c3-dry,3492000,31.87,79.71,1004.60,32.45,64.65,1004.21,0,0,OFF,1,1,1,
2026-09-28 17:04:26,c3-dry,3493000,31.88,79.79,1004.62,32.43,64.64,1004.23,0,0,OFF,1,1,1,
2026-09-28 17:04:27,c3-dry,3494000,31.88,79.78,1004.61,32.43,64.55,1004.19,0,0,OFF,1,1,1,
2026-09-28 17:04:28,c3-dry,3495000,31.88,79.88,1004.70,32.43,64.46,1004.12,0,0,OFF,1,1,1,
2026-09-28 17:04:29,c3-dry,3496000,31.87,79.82,1004.69,32.43,64.62,1004.15,0,0,OFF,1,1,1,
2026-09-28 17:04:30,c3-dry,3497000,31.88,79.66,1004.67,32.43,64.52,1004.18,0,0,OFF,1,1,1,
2026-09-28 17:04:31,c3-dry,3498000,31.88,79.64,1004.67,32.43,64.54,1004.19,0,0,OFF,1,1,1,
2026-09-28 17:04:32,c3-dry,3499000,31.88,79.77,1004.64,32.44,64.50,1004.25,0,0,OFF,1,1,1,
2026-09-28 17:04:33,c3-dry,3500000,31.88,79.86,1004.70,32.42,64.42,1004.19,0,0,OFF,1,1,1,
2026-09-28 17:04:34,c3-dry,3501000,31.89,79.89,1004.68,32.42,64.59,1004.16,0,0,OFF,1,1,1,
2026-09-28 17:04:35,c3-dry,3502000,31.88,79.62,1004.65,32.42,64.64,1004.13,0,0,OFF,1,1,1,
2026-09-28 17:04:36,c3-dry,3503000,31.88,79.69,1004.68,32.42,64.80,1004.13,0,0,OFF,1,1,1,
2026-09-28 17:04:37,c3-dry,3504000,31.88,79.77,1004.65,32.43,64.42,1004.18,0,0,OFF,1,1,1,
2026-09-28 17:04:38,c3-dry,3505000,31.89,80.00,1004.66,32.43,64.46,1004.23,0,0,OFF,1,1,1,
2026-09-28 17:04:39,c3-dry,3506000,31.88,80.06,1004.68,32.43,64.47,1004.23,0,0,OFF,1,1,1,
2026-09-28 17:04:40,c3-dry,3507000,31.88,79.96,1004.62,32.43,64.50,1004.24,0,0,OFF,1,1,1,
2026-09-28 17:04:41,c3-dry,3508000,31.88,79.80,1004.64,32.44,64.52,1004.20,0,0,OFF,1,1,1,
2026-09-28 17:04:42,c3-dry,3509000,31.88,79.75,1004.65,32.43,64.59,1004.23,0,0,OFF,1,1,1,
2026-09-28 17:04:43,c3-dry,3510000,31.88,79.76,1004.68,32.45,64.53,1004.21,0,0,OFF,1,1,1,
2026-09-28 17:04:44,c3-dry,3511000,31.88,79.83,1004.68,32.44,64.54,1004.26,0,0,OFF,1,1,1,
2026-09-28 17:04:45,c3-dry,3512000,31.89,80.08,1004.66,32.42,64.46,1004.17,0,0,OFF,1,1,1,
2026-09-28 17:04:46,c3-dry,3513000,31.89,80.19,1004.66,32.43,64.52,1004.21,0,0,OFF,1,1,1,
2026-09-28 17:04:47,c3-dry,3514000,31.89,80.19,1004.64,32.42,64.56,1004.23,0,0,OFF,1,1,1,
2026-09-28 17:04:48,c3-dry,3515000,31.89,79.93,1004.71,32.44,64.47,1004.26,0,0,OFF,1,1,1,
2026-09-28 17:04:49,c3-dry,3516000,31.89,80.00,1004.68,32.43,64.51,1004.19,0,0,OFF,1,1,1,
2026-09-28 17:04:50,c3-dry,3517000,31.89,79.92,1004.66,32.43,64.56,1004.24,0,0,OFF,1,1,1,
2026-09-28 17:04:51,c3-dry,3518000,31.88,79.91,1004.65,32.43,64.55,1004.19,0,0,OFF,1,1,1,
2026-09-28 17:04:52,c3-dry,3519000,31.89,79.93,1004.60,32.44,64.58,1004.22,0,0,OFF,1,1,1,
2026-09-28 17:04:53,c3-dry,3520000,31.89,80.03,1004.68,32.43,64.56,1004.18,0,0,OFF,1,1,1,
2026-09-28 17:04:54,c3-dry,3521000,31.89,79.84,1004.66,32.42,64.56,1004.17,0,0,OFF,1,1,1,
2026-09-28 17:04:55,c3-dry,3522000,31.88,79.41,1004.67,32.43,64.45,1004.19,0,0,OFF,1,1,1,
2026-09-28 17:04:56,c3-dry,3523000,31.88,79.37,1004.70,32.43,64.46,1004.18,0,0,OFF,1,1,1,
2026-09-28 17:04:57,c3-dry,3524000,31.89,79.48,1004.68,32.43,64.63,1004.21,0,0,OFF,1,1,1,
2026-09-28 17:04:58,c3-dry,3525000,31.89,79.57,1004.66,32.43,64.68,1004.21,0,0,OFF,1,1,1,
2026-09-28 17:04:59,c3-dry,3526000,31.88,79.49,1004.70,32.42,64.53,1004.28,0,0,OFF,1,1,1,
2026-09-28 17:05:00,c3-dry,3527000,31.89,79.81,1004.66,32.43,64.50,1004.23,0,0,OFF,1,1,1,
2026-09-28 17:05:01,c3-dry,3528000,31.89,79.90,1004.68,32.42,64.53,1004.19,0,0,OFF,1,1,1,
2026-09-28 17:05:02,c3-dry,3529000,31.89,80.03,1004.66,32.43,64.53,1004.21,0,0,OFF,1,1,1,
2026-09-28 17:05:03,c3-dry,3530000,31.89,80.06,1004.71,32.44,64.43,1004.25,0,0,OFF,1,1,1,
2026-09-28 17:05:04,c3-dry,3531000,31.89,79.97,1004.72,32.43,64.62,1004.23,0,0,OFF,1,1,1,
2026-09-28 17:05:05,c3-dry,3532000,31.88,79.70,1004.65,32.43,64.53,1004.21,0,0,OFF,1,1,1,
2026-09-28 17:05:06,c3-dry,3533000,31.89,79.55,1004.71,32.43,64.46,1004.18,0,0,OFF,1,1,1,
2026-09-28 17:05:07,c3-dry,3534000,31.88,79.68,1004.70,32.43,64.54,1004.23,0,0,OFF,1,1,1,
2026-09-28 17:05:08,c3-dry,3535000,31.88,79.95,1004.68,32.43,64.53,1004.21,0,0,OFF,1,1,1,
2026-09-28 17:05:09,c3-dry,3536000,31.89,79.91,1004.68,32.42,64.49,1004.23,0,0,OFF,1,1,1,
2026-09-28 17:05:10,c3-dry,3537000,31.88,79.97,1004.65,32.42,64.54,1004.17,0,0,OFF,1,1,1,
2026-09-28 17:05:11,c3-dry,3538000,31.88,80.06,1004.65,32.42,64.60,1004.22,0,0,OFF,1,1,1,
2026-09-28 17:05:12,c3-dry,3539000,31.89,79.97,1004.60,32.42,64.67,1004.17,0,0,OFF,1,1,1,
2026-09-28 17:05:13,c3-dry,3540000,31.89,80.16,1004.68,32.43,64.49,1004.21,0,0,OFF,1,1,1,
2026-09-28 17:05:14,c3-dry,3541000,31.89,80.10,1004.63,32.42,64.55,1004.22,0,0,OFF,1,1,1,
2026-09-28 17:05:15,c3-dry,3542000,31.88,80.11,1004.65,32.42,64.82,1004.16,0,0,OFF,1,1,1,
2026-09-28 17:05:16,c3-dry,3543000,31.89,80.29,1004.63,32.42,64.60,1004.23,0,0,OFF,1,1,1,
2026-09-28 17:05:17,c3-dry,3544000,31.89,80.42,1004.69,32.41,64.53,1004.21,0,0,OFF,1,1,1,
2026-09-28 17:05:18,c3-dry,3545000,31.89,80.31,1004.63,32.42,64.51,1004.17,0,0,OFF,1,1,1,
2026-09-28 17:05:19,c3-dry,3546000,31.88,80.28,1004.59,32.42,64.70,1004.16,0,0,OFF,1,1,1,
2026-09-28 17:05:20,c3-dry,3547000,31.89,79.84,1004.71,32.42,64.77,1004.20,0,0,OFF,1,1,1,
2026-09-28 17:05:21,c3-dry,3548000,31.88,79.71,1004.62,32.42,64.60,1004.24,0,0,OFF,1,1,1,
2026-09-28 17:05:22,c3-dry,3549000,31.89,79.84,1004.61,32.43,64.56,1004.23,0,0,OFF,1,1,1,
2026-09-28 17:05:23,c3-dry,3550000,31.89,79.75,1004.66,32.42,64.87,1004.19,0,0,OFF,1,1,1,
2026-09-28 17:05:24,c3-dry,3551000,31.88,79.86,1004.61,32.43,64.55,1004.18,0,0,OFF,1,1,1,
2026-09-28 17:05:25,c3-dry,3552000,31.89,79.87,1004.63,32.43,64.54,1004.18,0,0,OFF,1,1,1,
2026-09-28 17:05:26,c3-dry,3553000,31.89,79.80,1004.64,32.42,64.84,1004.20,0,0,OFF,1,1,1,
2026-09-28 17:05:27,c3-dry,3554000,31.88,79.83,1004.65,32.43,64.61,1004.23,0,0,OFF,1,1,1,
2026-09-28 17:05:28,c3-dry,3555000,31.88,79.52,1004.68,32.42,64.52,1004.17,0,0,OFF,1,1,1,
2026-09-28 17:05:29,c3-dry,3556000,31.87,77.37,1004.68,32.42,64.59,1004.20,0,0,OFF,1,1,1,
2026-09-28 17:05:30,c3-dry,3557000,31.87,77.17,1004.66,32.42,64.80,1004.24,0,0,OFF,1,1,1,
2026-09-28 17:05:31,c3-dry,3558000,31.87,77.17,1004.66,32.42,64.68,1004.22,0,0,OFF,1,1,1,
2026-09-28 17:05:32,c3-dry,3559000,31.85,61.33,1004.65,32.42,64.88,1004.25,0,0,OFF,1,1,1,
2026-09-28 17:05:33,c3-dry,3560000,31.86,61.34,1004.66,32.42,64.63,1004.17,0,0,OFF,1,1,1,
2026-09-28 17:05:34,c3-dry,3561000,31.83,61.34,1004.73,32.43,64.49,1004.16,0,0,OFF,1,1,1,
2026-09-28 17:05:35,c3-dry,3562000,31.81,61.34,1004.67,32.43,64.61,1004.19,0,0,OFF,1,1,1,
2026-09-28 17:05:36,c3-dry,3563000,31.82,61.34,1004.66,32.43,64.61,1004.23,0,0,OFF,1,1,1,
2026-09-28 17:05:37,c3-dry,3564000,31.80,61.34,1004.57,32.43,64.56,1004.18,0,0,OFF,1,1,1,
2026-09-28 17:05:38,c3-dry,3565000,31.79,61.34,1004.64,32.43,64.88,1004.15,0,0,OFF,1,1,1,
2026-09-28 17:05:39,c3-dry,3566000,31.78,61.33,1004.70,32.42,64.59,1004.16,0,0,OFF,1,1,1,
2026-09-28 17:05:40,c3-dry,3567000,31.78,61.33,1004.68,32.43,64.52,1004.18,0,0,OFF,1,1,1,
2026-09-28 17:05:41,c3-dry,3568000,31.77,61.33,1004.64,32.43,64.52,1004.23,0,0,OFF,1,1,1,
2026-09-28 17:05:42,c3-dry,3569000,31.77,61.33,1004.69,32.42,64.47,1004.17,0,0,OFF,1,1,1,
2026-09-28 17:05:43,c3-dry,3570000,31.77,61.33,1004.60,32.43,64.67,1004.23,0,0,OFF,1,1,1,
2026-09-28 17:05:44,c3-dry,3571000,31.76,61.33,1004.62,32.42,64.83,1004.17,0,0,OFF,1,1,1,
2026-09-28 17:05:45,c3-dry,3572000,31.76,61.33,1004.62,32.42,64.60,1004.20,0,0,OFF,1,1,1,
2026-09-28 17:05:46,c3-dry,3573000,31.76,61.33,1004.62,32.42,64.68,1004.20,0,0,OFF,1,1,1,
2026-09-28 17:05:47,c3-dry,3574000,31.76,61.33,1004.62,32.43,64.68,1004.23,0,0,OFF,1,1,1,
2026-09-28 17:05:48,c3-close,3575000,31.75,61.33,1004.61,32.42,64.54,1004.22,0,0,OFF,1,1,1,
2026-09-28 17:05:49,c3-close,3576000,31.75,61.33,1004.64,32.42,64.66,1004.25,0,0,OFF,1,1,1,
2026-09-28 17:05:50,c3-close,3577000,31.76,61.33,1004.59,32.43,64.92,1004.19,0,0,OFF,1,1,1,
2026-09-28 17:05:51,c3-close,3578000,31.75,61.33,1004.63,32.43,64.79,1004.21,0,0,OFF,1,1,1,
2026-09-28 17:05:52,c3-close,3579000,31.75,61.33,1004.66,32.42,64.56,1004.23,0,0,OFF,1,1,1,
2026-09-28 17:05:53,c3-close,3580000,31.75,61.33,1004.60,32.42,64.86,1004.11,0,0,OFF,1,1,1,
2026-09-28 17:05:54,c3-close,3581000,31.75,61.33,1004.66,32.43,64.61,1004.18,0,0,OFF,1,1,1,
2026-09-28 17:05:55,c3-close,3582000,31.75,61.33,1004.69,32.43,64.66,1004.23,0,0,OFF,1,1,1,
2026-09-28 17:05:56,c3-close,3583000,31.73,61.33,1004.63,32.43,64.56,1004.23,0,0,OFF,1,1,1,
2026-09-28 17:05:57,c3-close,3584000,31.75,61.33,1004.57,32.42,64.64,1004.24,0,0,OFF,1,1,1,
2026-09-28 17:05:58,c3-close,3585000,31.74,61.33,1004.65,32.43,64.61,1004.23,0,0,OFF,1,1,1,
2026-09-28 17:05:59,c3-close,3586000,31.74,61.33,1004.65,32.43,64.58,1004.23,0,0,OFF,1,1,1,
2026-09-28 17:06:00,c3-close,3587000,31.75,61.33,1004.69,32.43,64.72,1004.18,0,0,OFF,1,1,1,
2026-09-28 17:06:01,c3-close,3588000,31.75,61.33,1004.66,32.43,64.62,1004.23,0,0,OFF,1,1,1,
2026-09-28 17:06:02,c3-close,3589000,31.75,61.33,1004.63,32.42,64.69,1004.20,0,0,OFF,1,1,1,
2026-09-28 17:06:03,c3-close,3590000,31.75,61.33,1004.63,32.42,64.74,1004.23,0,0,OFF,1,1,1,
2026-09-28 17:06:04,c3-close,3591000,31.75,61.33,1004.66,32.42,64.62,1004.17,0,0,OFF,1,1,1,
2026-09-28 17:06:05,c3-close,3592000,31.75,61.33,1004.61,32.42,64.62,1004.23,0,0,OFF,1,1,1,
2026-09-28 17:06:06,c3-close,3593000,31.74,61.33,1004.68,32.43,64.68,1004.29,0,0,OFF,1,1,1,
2026-09-28 17:06:07,c3-close,3594000,31.75,61.33,1004.69,32.42,64.63,1004.23,0,0,OFF,1,1,1,
2026-09-28 17:06:08,c3-close,3595000,31.74,61.33,1004.65,32.43,64.59,1004.24,0,0,OFF,1,1,1,
2026-09-28 17:06:09,c3-close,3596000,31.73,61.33,1004.63,32.42,64.64,1004.23,0,0,OFF,1,1,1,
2026-09-28 17:06:10,c3-close,3597000,31.75,61.33,1004.66,32.43,64.68,1004.24,0,0,OFF,1,1,1,
2026-09-28 17:06:11,c3-close,3598000,31.74,61.33,1004.64,32.43,64.78,1004.26,0,0,OFF,1,1,1,
2026-09-28 17:06:12,c3-close,3599000,31.74,61.33,1004.65,32.43,64.70,1004.23,0,0,OFF,1,1,1,
2026-09-28 17:06:13,c3-close,3600000,31.76,61.33,1004.64,32.43,64.83,1004.18,0,0,OFF,1,1,1,
2026-09-28 17:06:14,c3-close,3601000,31.75,61.33,1004.66,32.42,64.70,1004.25,0,0,OFF,1,1,1,
2026-09-28 17:06:15,c3-close,3602000,31.75,61.33,1004.61,32.43,64.69,1004.23,0,0,OFF,1,1,1,
2026-09-28 17:06:16,c3-close,3603000,31.75,61.33,1004.63,32.42,64.83,1004.20,0,0,OFF,1,1,1,
2026-09-28 17:06:17,c3-close,3604000,31.75,61.33,1004.72,32.42,64.62,1004.23,0,0,OFF,1,1,1,
2026-09-28 17:06:18,c3-close,3605000,31.76,61.33,1004.64,32.42,64.68,1004.23,0,0,OFF,1,1,1,
2026-09-28 17:06:19,c3-close,3606000,31.75,61.33,1004.63,32.43,64.62,1004.18,0,0,OFF,1,1,1,
2026-09-28 17:06:20,c3-close,3607000,31.75,61.33,1004.64,32.42,64.67,1004.23,0,0,OFF,1,1,1,
2026-09-28 17:06:21,c3-close,3608000,31.75,61.33,1004.68,32.43,64.61,1004.26,0,0,OFF,1,1,1,
2026-09-28 17:06:22,c3-close,3609000,31.74,61.33,1004.59,32.42,64.74,1004.23,0,0,OFF,1,1,1,
2026-09-28 17:06:23,c3-close,3610000,31.75,61.33,1004.63,32.42,64.68,1004.20,0,0,OFF,1,1,1,
2026-09-28 17:06:24,c3-close,3611000,31.74,61.33,1004.65,32.41,64.60,1004.26,0,0,OFF,1,1,1,
2026-09-28 17:06:25,c3-close,3612000,31.75,61.33,1004.66,32.42,64.71,1004.23,0,0,OFF,1,1,1,
2026-09-28 17:06:26,c3-close,3613000,31.75,61.33,1004.63,32.40,64.70,1004.20,0,0,OFF,1,1,1,
2026-09-28 17:06:27,c3-close,3614000,31.74,61.33,1004.65,32.42,65.05,1004.20,0,0,OFF,1,1,1,
2026-09-28 17:06:28,c3-close,3615000,31.74,61.33,1004.62,32.42,64.72,1004.22,0,0,OFF,1,1,1,
2026-09-28 17:06:29,c3-close,3616000,31.74,61.33,1004.68,32.42,64.74,1004.23,0,0,OFF,1,1,1,
2026-09-28 17:06:30,c3-close,3617000,31.75,61.33,1004.66,32.42,64.93,1004.22,0,0,OFF,1,1,1,
2026-09-28 17:06:31,c3-close,3618000,31.75,61.33,1004.66,32.42,64.73,1004.22,0,0,OFF,1,1,1,
2026-09-28 17:06:32,c3-close,3619000,31.75,61.33,1004.61,32.40,65.00,1004.28,0,0,OFF,1,1,1,
2026-09-28 17:06:33,c3-close,3620000,31.75,61.33,1004.71,32.42,64.69,1004.22,0,0,OFF,1,1,1,
2026-09-28 17:06:34,c3-close,3621000,31.75,61.33,1004.57,32.41,64.64,1004.24,0,0,OFF,1,1,1,
2026-09-28 17:06:35,c3-close,3622000,31.75,61.33,1004.66,32.41,64.62,1004.21,0,0,OFF,1,1,1,
2026-09-28 17:06:36,c3-close,3623000,31.74,61.33,1004.70,32.42,64.70,1004.24,0,0,OFF,1,1,1,
2026-09-28 17:06:37,c3-close,3624000,31.74,61.33,1004.65,32.42,64.68,1004.22,0,0,OFF,1,1,1,
2026-09-28 17:06:38,c3-close,3625000,31.74,61.33,1004.65,32.42,64.61,1004.22,0,0,OFF,1,1,1,
2026-09-28 17:06:39,c3-close,3626000,31.75,61.33,1004.64,32.42,64.67,1004.17,0,0,OFF,1,1,1,
2026-09-28 17:06:40,c3-close,3627000,31.76,61.33,1004.64,32.41,64.56,1004.21,0,0,OFF,1,1,1,
2026-09-28 17:06:41,c3-close,3628000,31.75,61.33,1004.63,32.42,64.62,1004.19,0,0,OFF,1,1,1,
2026-09-28 17:06:42,c3-close,3629000,31.74,61.33,1004.59,32.42,64.63,1004.22,0,0,OFF,1,1,1,
2026-09-28 17:06:43,c3-close,3630000,31.75,61.33,1004.63,32.42,64.84,1004.24,0,0,OFF,1,1,1,
2026-09-28 17:06:44,c3-close,3631000,31.75,61.33,1004.69,32.42,64.61,1004.22,0,0,OFF,1,1,1,
2026-09-28 17:06:45,c3-close,3632000,31.75,61.33,1004.66,32.40,64.65,1004.20,0,0,OFF,1,1,1,
2026-09-28 17:06:46,c3-close,3633000,31.75,61.33,1004.69,32.43,64.77,1004.26,0,0,OFF,1,1,1,
2026-09-28 17:06:47,c3-close,3634000,31.76,61.33,1004.64,32.42,64.70,1004.23,0,0,OFF,1,1,1,
2026-09-28 17:06:48,c3-close,3635000,31.75,61.33,1004.66,32.42,64.66,1004.23,0,0,OFF,1,1,1,
2026-09-28 17:06:49,c3-close,3636000,31.76,61.33,1004.64,32.42,64.71,1004.22,0,0,OFF,1,1,1,
2026-09-28 17:06:50,c3-close,3637000,31.76,61.33,1004.70,32.42,64.73,1004.27,0,0,OFF,1,1,1,
2026-09-28 17:06:51,c3-close,3638000,31.76,61.33,1004.62,32.42,64.91,1004.17,0,0,OFF,1,1,1,
2026-09-28 17:06:52,c3-close,3639000,31.76,61.33,1004.68,32.42,64.60,1004.24,0,0,OFF,1,1,1,
2026-09-28 17:06:53,c3-close,3640000,31.76,61.33,1004.70,32.42,64.62,1004.23,0,0,OFF,1,1,1,
2026-09-28 17:06:54,c3-close,3641000,31.75,61.33,1004.66,32.42,64.77,1004.27,0,0,OFF,1,1,1,
2026-09-28 17:06:55,c3-close,3642000,31.75,61.33,1004.69,32.42,64.68,1004.22,0,0,OFF,1,1,1,
2026-09-28 17:06:56,c3-close,3643000,31.77,61.33,1004.69,32.43,64.58,1004.29,0,0,OFF,1,1,1,
2026-09-28 17:06:57,c3-close,3644000,31.76,61.33,1004.71,32.42,64.67,1004.23,0,0,OFF,1,1,1,
2026-09-28 17:06:58,c3-close,3645000,31.77,61.33,1004.72,32.42,64.60,1004.22,0,0,OFF,1,1,1,
2026-09-28 17:06:59,c3-close,3646000,31.77,61.33,1004.69,32.43,64.69,1004.26,0,0,OFF,1,1,1,
2026-09-28 17:07:00,c3-close,3647000,31.76,61.33,1004.68,32.42,64.59,1004.19,0,0,OFF,1,1,1,
2026-09-28 17:07:01,c3-close,3648000,31.77,61.33,1004.66,32.42,64.77,1004.22,0,0,OFF,1,1,1,
2026-09-28 17:07:02,c3-close,3649000,31.76,61.33,1004.73,32.43,64.55,1004.30,0,0,OFF,1,1,1,
2026-09-28 17:07:03,c3-close,3650000,31.77,61.33,1004.74,32.43,64.58,1004.21,0,0,OFF,1,1,1,
2026-09-28 17:07:04,c3-close,3651000,31.76,61.33,1004.62,32.42,64.82,1004.22,0,0,OFF,1,1,1,
2026-09-28 17:07:05,c3-close,3652000,31.76,61.33,1004.67,32.43,64.79,1004.24,0,0,OFF,1,1,1,
2026-09-28 17:07:06,c3-close,3653000,31.76,61.33,1004.68,32.43,64.59,1004.26,0,0,OFF,1,1,1,
2026-09-28 17:07:07,c3-close,3654000,31.76,61.33,1004.71,32.42,64.59,1004.22,0,0,OFF,1,1,1,
2026-09-28 17:07:08,c3-close,3655000,31.76,61.33,1004.68,32.42,64.80,1004.28,0,0,OFF,1,1,1,
2026-09-28 17:07:09,c3-close,3656000,31.76,61.33,1004.70,32.42,64.80,1004.19,0,0,OFF,1,1,1,
2026-09-28 17:07:10,c3-close,3657000,31.76,61.33,1004.62,32.42,64.67,1004.28,0,0,OFF,1,1,1,
2026-09-28 17:07:11,c3-close,3658000,31.76,61.33,1004.68,32.43,64.61,1004.23,0,0,OFF,1,1,1,
2026-09-28 17:07:12,c3-close,3659000,31.76,61.33,1004.74,32.43,64.77,1004.23,0,0,OFF,1,1,1,
2026-09-28 17:07:13,c3-close,3660000,31.76,61.33,1004.68,32.42,64.89,1004.25,0,0,OFF,1,1,1,
2026-09-28 17:07:14,c3-close,3661000,31.76,61.33,1004.70,32.43,64.80,1004.23,0,0,OFF,1,1,1,
2026-09-28 17:07:15,c3-close,3662000,31.76,61.33,1004.74,32.42,64.70,1004.20,0,0,OFF,1,1,1,
2026-09-28 17:07:16,c3-close,3663000,31.76,61.33,1004.71,32.43,64.58,1004.24,0,0,OFF,1,1,1,
2026-09-28 17:07:17,c3-close,3664000,31.76,61.33,1004.68,32.43,64.59,1004.29,0,0,OFF,1,1,1,
2026-09-28 17:07:18,c3-close,3665000,31.76,61.33,1004.65,32.42,64.80,1004.27,0,0,OFF,1,1,1,
2026-09-28 17:07:19,c3-close,3666000,31.77,61.33,1004.69,32.44,64.70,1004.25,0,0,OFF,1,1,1,
2026-09-28 17:07:20,c3-close,3667000,31.76,61.33,1004.70,32.43,64.56,1004.24,0,0,OFF,1,1,1,
2026-09-28 17:07:21,c3-close,3668000,31.76,61.33,1004.67,32.43,64.68,1004.27,0,0,OFF,1,1,1,
2026-09-28 17:07:22,c3-close,3669000,31.76,61.33,1004.70,32.43,64.59,1004.24,0,0,OFF,1,1,1,
2026-09-28 17:07:23,c3-close,3670000,31.75,61.33,1004.72,32.43,64.92,1004.19,0,0,OFF,1,1,1,
2026-09-28 17:07:24,c3-close,3671000,31.76,61.33,1004.68,32.43,64.63,1004.27,0,0,OFF,1,1,1,
2026-09-28 17:07:25,c3-close,3672000,31.77,61.33,1004.66,32.43,64.60,1004.27,0,0,OFF,1,1,1,
2026-09-28 17:07:26,c3-close,3673000,31.75,61.33,1004.61,32.43,64.62,1004.23,0,0,OFF,1,1,1,
2026-09-28 17:07:27,c3-close,3674000,31.76,61.33,1004.68,32.43,64.61,1004.29,0,0,OFF,1,1,1,
2026-09-28 17:07:28,c3-close,3675000,31.77,61.33,1004.66,32.43,64.62,1004.24,0,0,OFF,1,1,1,
2026-09-28 17:07:29,c3-close,3676000,31.76,61.33,1004.65,32.43,64.64,1004.23,0,0,OFF,1,1,1,
2026-09-28 17:07:30,c3-close,3677000,31.76,61.33,1004.70,32.43,64.62,1004.24,0,0,OFF,1,1,1,
2026-09-28 17:07:31,c3-close,3678000,31.76,61.33,1004.70,32.43,64.72,1004.26,0,0,OFF,1,1,1,
2026-09-28 17:07:32,c3-close,3679000,31.76,61.33,1004.68,32.43,65.08,1004.26,0,0,OFF,1,1,1,
2026-09-28 17:07:33,c3-close,3680000,31.76,61.33,1004.77,32.43,64.83,1004.30,0,0,OFF,1,1,1,
2026-09-28 17:07:34,c3-close,3681000,31.75,61.33,1004.66,32.44,64.66,1004.28,0,0,OFF,1,1,1,
2026-09-28 17:07:35,c3-close,3682000,31.75,61.33,1004.69,32.44,64.59,1004.25,0,0,OFF,1,1,1,
2026-09-28 17:07:36,c3-close,3683000,31.75,61.33,1004.72,32.44,64.57,1004.28,0,0,OFF,1,1,1,
2026-09-28 17:07:37,c3-close,3684000,31.75,61.33,1004.66,32.44,64.77,1004.28,0,0,OFF,1,1,1,
2026-09-28 17:07:38,c3-close,3685000,31.76,61.33,1004.68,32.43,64.69,1004.30,0,0,OFF,1,1,1,
2026-09-28 17:07:39,c3-close,3686000,31.76,61.33,1004.68,32.45,64.61,1004.32,0,0,OFF,1,1,1,
2026-09-28 17:07:40,c3-close,3687000,31.76,61.33,1004.68,32.45,64.58,1004.26,0,0,OFF,1,1,1,
2026-09-28 17:07:41,c3-close,3688000,31.76,61.33,1004.70,32.45,64.57,1004.30,0,0,OFF,1,1,1,
2026-09-28 17:07:42,c3-close,3689000,31.76,61.33,1004.62,32.43,64.69,1004.24,0,0,OFF,1,1,1,
2026-09-28 17:07:43,c3-close,3690000,31.75,61.33,1004.69,32.43,64.87,1004.24,0,0,OFF,1,1,1,
2026-09-28 17:07:44,c3-close,3691000,31.76,61.33,1004.68,32.43,64.91,1004.27,0,0,OFF,1,1,1,
2026-09-28 17:07:45,c3-close,3692000,31.76,61.33,1004.64,32.43,65.11,1004.26,0,0,OFF,1,1,1,
2026-09-28 17:07:46,c3-close,3693000,31.76,61.33,1004.64,32.43,65.11,1004.26,0,0,OFF,1,1,1,
2026-09-28 17:07:47,c3-close,3694000,31.76,61.33,1004.64,32.43,64.95,1004.29,0,0,OFF,1,1,1,
2026-09-28 17:07:48,c3-close,,,,,,,,,,,,,,sensor IN rejected reading: forced=1 t=179.40 rh=60.79 p=720.68
2026-09-28 17:07:48,c3-close,,,,,,,,,,,,,,sensor IN LOST (bad readings)
2026-09-28 17:07:48,c3-close,3695000,nan,nan,nan,32.43,65.09,1004.24,0,0,OFF,0,1,1,
2026-09-28 17:07:49,c3-close,,,,,,,,,,,,,,sensor IN reading OK
2026-09-28 17:07:49,c3-close,3696000,31.78,68.69,1004.68,32.42,64.68,1004.23,0,0,OFF,1,1,1,
2026-09-28 17:07:50,c3-close,3697000,31.76,69.53,1004.73,32.43,64.71,1004.26,0,0,OFF,1,1,1,
2026-09-28 17:07:51,c3-close,3698000,31.70,69.22,1004.58,32.42,64.62,1004.27,0,0,OFF,1,1,1,
2026-09-28 17:07:52,c3-close,3699000,31.70,69.22,1004.58,32.43,64.72,1004.23,0,0,OFF,1,1,1,
2026-09-28 17:07:53,c3-close,3700000,31.78,61.33,1004.68,32.42,65.01,1004.28,0,0,OFF,1,1,1,
2026-09-28 17:07:54,c3-close,3701000,31.76,61.33,1004.71,32.42,64.62,1004.31,0,0,OFF,1,1,1,
2026-09-28 17:07:55,c3-close,3702000,31.76,61.33,1004.65,32.43,65.09,1004.29,0,0,OFF,1,1,1,
2026-09-28 17:07:56,c3-close,3703000,31.76,61.34,1004.75,32.43,64.86,1004.29,0,0,OFF,1,1,1,
2026-09-28 17:07:57,c3-close,3704000,31.74,61.33,1004.65,32.42,64.97,1004.30,0,0,OFF,1,1,1,
2026-09-28 17:07:58,c3-close,3705000,31.76,61.33,1004.70,32.42,64.72,1004.27,0,0,OFF,1,1,1,
2026-09-28 17:07:59,c3-close,3706000,31.78,61.33,1004.73,32.41,64.85,1004.26,0,0,OFF,1,1,1,
2026-09-28 17:08:00,c3-close,3707000,31.75,61.33,1004.60,32.42,65.12,1004.22,0,0,OFF,1,1,1,
2026-09-28 17:08:01,c3-close,3708000,31.74,61.33,1004.68,32.42,64.82,1004.27,0,0,OFF,1,1,1,
2026-09-28 17:08:02,c3-close,3709000,31.75,61.33,1004.66,32.42,64.65,1004.30,0,0,OFF,1,1,1,
2026-09-28 17:08:03,c3-close,3710000,31.78,61.33,1004.68,32.42,65.00,1004.25,0,0,OFF,1,1,1,
2026-09-28 17:08:04,c3-close,3711000,31.71,61.33,1004.60,32.42,64.58,1004.27,0,0,OFF,1,1,1,
2026-09-28 17:08:05,c3-close,3712000,31.75,61.33,1004.69,32.41,64.66,1004.29,0,0,OFF,1,1,1,
2026-09-28 17:08:06,c3-close,3713000,31.77,61.33,1004.75,32.42,64.63,1004.23,0,0,OFF,1,1,1,
2026-09-28 17:08:07,c3-close,3714000,31.71,61.33,1004.62,32.42,64.85,1004.24,0,0,OFF,1,1,1,
2026-09-28 17:08:08,c3-close,3715000,31.71,61.33,1004.62,32.42,64.62,1004.30,0,0,OFF,1,1,1,
2026-09-28 17:08:09,c3-close,3716000,31.77,61.33,1004.69,32.42,64.60,1004.33,0,0,OFF,1,1,1,
2026-09-28 17:08:10,c3-close,3717000,31.77,61.33,1004.78,32.41,64.98,1004.26,0,0,OFF,1,1,1,
2026-09-28 17:08:11,c3-close,3718000,31.70,61.34,1004.56,32.41,64.64,1004.26,0,0,OFF,1,1,1,
2026-09-28 17:08:12,c3-close,3719000,31.76,61.33,1004.68,32.40,64.82,1004.20,0,0,OFF,1,1,1,
2026-09-28 17:08:13,c3-close,3720000,31.78,61.33,1004.73,32.42,64.58,1004.30,0,0,OFF,1,1,1,
2026-09-28 17:08:14,c3-close,3721000,31.79,61.34,1004.69,32.41,64.63,1004.29,0,0,OFF,1,1,1,
2026-09-28 17:08:15,c3-close,3722000,31.70,61.34,1004.58,32.40,65.00,1004.26,0,0,OFF,1,1,1,
2026-09-28 17:08:16,c3-close,3723000,31.78,61.34,1004.74,32.40,64.78,1004.28,0,0,OFF,1,1,1,
2026-09-28 17:08:17,c3-close,3724000,31.78,61.33,1004.73,32.41,64.61,1004.29,0,0,OFF,1,1,1,
2026-09-28 17:08:18,c3-close,3725000,31.78,61.34,1004.74,32.41,64.57,1004.26,0,0,OFF,1,1,1,
2026-09-28 17:08:19,c3-close,3726000,31.77,61.33,1004.78,32.40,64.65,1004.20,0,0,OFF,1,1,1,
2026-09-28 17:08:20,c3-close,3727000,31.75,61.33,1004.66,32.41,64.71,1004.32,0,0,OFF,1,1,1,
2026-09-28 17:08:21,c3-close,3728000,31.77,61.33,1004.72,32.40,64.78,1004.28,0,0,OFF,1,1,1,
2026-09-28 17:08:22,c3-close,3729000,31.77,61.33,1004.69,32.40,64.54,1004.31,0,0,OFF,1,1,1,
2026-09-28 17:08:23,c3-close,3730000,31.77,61.33,1004.69,32.40,64.83,1004.26,0,0,OFF,1,1,1,
2026-09-28 17:08:24,c3-close,3731000,31.77,61.33,1004.69,32.40,64.63,1004.26,0,0,OFF,1,1,1,
2026-09-28 17:08:25,c3-close,3732000,31.70,61.33,1004.65,32.40,65.09,1004.31,0,0,OFF,1,1,1,
2026-09-28 17:08:26,c3-close,3733000,31.71,61.33,1004.62,32.40,64.62,1004.33,0,0,OFF,1,1,1,
2026-09-28 17:08:27,c3-close,3734000,31.71,61.33,1004.73,32.40,64.61,1004.28,0,0,OFF,1,1,1,
2026-09-28 17:08:28,c3-close,3735000,31.71,61.33,1004.73,32.41,64.69,1004.24,0,0,OFF,1,1,1,
2026-09-28 17:08:29,c3-close,3736000,31.71,61.33,1004.73,32.40,64.63,1004.34,0,0,OFF,1,1,1,
2026-09-28 17:08:30,c3-close,3737000,31.78,61.33,1004.73,32.41,64.77,1004.26,0,0,OFF,1,1,1,
2026-09-28 17:08:31,c3-close,3738000,31.77,61.33,1004.75,32.40,64.61,1004.34,0,0,OFF,1,1,1,
2026-09-28 17:08:32,c3-close,3739000,31.70,61.34,1004.64,32.40,64.57,1004.25,0,0,OFF,1,1,1,
2026-09-28 17:08:33,c3-close,3740000,31.71,61.33,1004.68,32.40,64.54,1004.33,0,0,OFF,1,1,1,
2026-09-28 17:08:34,c3-close,3741000,31.71,61.33,1004.68,32.40,64.75,1004.30,0,0,OFF,1,1,1,
2026-09-28 17:08:35,c3-close,3742000,31.77,61.33,1004.72,32.41,64.97,1004.32,0,0,OFF,1,1,1,
2026-09-28 17:08:36,c3-close,3743000,31.77,61.33,1004.78,32.40,64.75,1004.31,0,0,OFF,1,1,1,
2026-09-28 17:08:37,c3-close,3744000,31.79,61.34,1004.69,32.40,64.64,1004.34,0,0,OFF,1,1,1,
2026-09-28 17:08:38,c3-close,3745000,31.72,61.33,1004.69,32.40,64.54,1004.28,0,0,OFF,1,1,1,
2026-09-28 17:08:39,c3-close,3746000,31.78,61.34,1004.80,32.40,64.53,1004.28,0,0,OFF,1,1,1,
2026-09-28 17:08:40,c3-close,3747000,31.77,61.33,1004.75,32.39,64.91,1004.32,0,0,OFF,1,1,1,
2026-09-28 17:08:41,c3-close,3748000,31.78,61.33,1004.73,32.41,64.83,1004.29,0,0,OFF,1,1,1,
2026-09-28 17:08:42,c3-close,3749000,31.78,61.33,1004.76,32.40,65.04,1004.31,0,0,OFF,1,1,1,
2026-09-28 17:08:43,c3-close,3750000,31.78,61.33,1004.73,32.40,64.62,1004.31,0,0,OFF,1,1,1,
2026-09-28 17:08:44,c3-close,3751000,31.79,61.34,1004.72,32.40,65.06,1004.28,0,0,OFF,1,1,1,
2026-09-28 17:08:45,c3-close,3752000,31.79,61.34,1004.79,32.40,64.91,1004.28,0,0,OFF,1,1,1,
2026-09-28 17:08:46,c3-close,3753000,31.71,61.33,1004.60,32.40,64.45,1004.30,0,0,OFF,1,1,1,
2026-09-28 17:08:47,c3-close,3754000,31.79,61.34,1004.72,32.40,64.61,1004.33,0,0,OFF,1,1,1,
2026-09-28 17:08:48,c3-close,3755000,31.79,61.34,1004.76,32.40,64.63,1004.28,0,0,OFF,1,1,1,
2026-09-28 17:08:49,c3-close,3756000,31.72,61.33,1004.69,32.42,64.80,1004.30,0,0,OFF,1,1,1,
2026-09-28 17:08:50,c3-close,3757000,31.77,61.33,1004.75,32.42,64.90,1004.33,0,0,OFF,1,1,1,
2026-09-28 17:08:51,c3-close,3758000,31.79,61.34,1004.78,32.40,64.81,1004.31,0,0,OFF,1,1,1,
2026-09-28 17:08:52,c3-close,3759000,31.79,61.34,1004.73,32.42,64.95,1004.36,0,0,OFF,1,1,1,
2026-09-28 17:08:53,c3-close,3760000,31.79,61.34,1004.73,32.40,64.74,1004.31,0,0,OFF,1,1,1,
2026-09-28 17:08:54,c3-close,3761000,31.80,61.34,1004.79,32.41,64.97,1004.26,0,0,OFF,1,1,1,
2026-09-28 17:08:55,c3-close,3762000,31.77,61.33,1004.72,32.39,64.74,1004.30,0,0,OFF,1,1,1,
2026-09-28 17:08:56,c3-close,3763000,31.72,61.33,1004.61,32.40,64.59,1004.30,0,0,OFF,1,1,1,
2026-09-28 17:08:57,c3-close,3764000,31.75,61.33,1004.94,32.41,64.87,1004.29,0,0,OFF,1,1,1,
2026-09-28 17:08:58,c3-close,3765000,31.80,61.34,1004.77,32.39,64.81,1004.30,0,0,OFF,1,1,1,
2026-09-28 17:08:59,c3-close,3766000,31.79,61.34,1004.69,32.40,64.70,1004.30,0,0,OFF,1,1,1,
2026-09-28 17:09:00,c3-close,3767000,31.78,61.33,1004.85,32.40,64.89,1004.34,0,0,OFF,1,1,1,
2026-09-28 17:09:01,c3-close,3768000,31.78,61.33,1004.76,32.40,64.98,1004.30,0,0,OFF,1,1,1,
2026-09-28 17:09:02,c3-close,3769000,31.72,61.33,1004.61,32.40,64.71,1004.30,0,0,OFF,1,1,1,
2026-09-28 17:09:03,c3-close,3770000,31.77,61.33,1004.87,32.39,64.78,1004.35,0,0,OFF,1,1,1,
2026-09-28 17:09:04,c3-close,3771000,31.77,61.33,1004.75,32.40,64.90,1004.34,0,0,OFF,1,1,1,
2026-09-28 17:09:05,c3-close,3772000,31.77,61.33,1004.68,32.40,64.84,1004.30,0,0,OFF,1,1,1,
2026-09-28 17:09:06,c3-close,3773000,31.77,61.33,1004.72,32.39,64.70,1004.27,0,0,OFF,1,1,1,
2026-09-28 17:09:07,c3-close,3774000,31.76,61.33,1004.73,32.40,64.78,1004.28,0,0,OFF,1,1,1,
2026-09-28 17:09:08,c3-close,3775000,31.76,61.33,1004.73,32.40,64.92,1004.28,0,0,OFF,1,1,1,
2026-09-28 17:09:09,c3-close,3776000,31.76,61.33,1004.73,32.40,64.52,1004.25,0,0,OFF,1,1,1,
2026-09-28 17:09:10,c3-close,3777000,31.76,61.33,1004.77,32.39,64.79,1004.30,0,0,OFF,1,1,1,
2026-09-28 17:09:11,c3-close,3778000,31.77,61.33,1004.74,32.40,64.74,1004.31,0,0,OFF,1,1,1,
2026-09-28 17:09:12,c3-close,3779000,31.78,61.33,1004.70,32.41,64.92,1004.29,0,0,OFF,1,1,1,
2026-09-28 17:09:13,c3-close,3780000,31.79,61.34,1004.83,32.39,64.47,1004.29,0,0,OFF,1,1,1,
2026-09-28 17:09:14,c3-close,3781000,31.78,61.34,1004.80,32.40,64.56,1004.31,0,0,OFF,1,1,1,
2026-09-28 17:09:15,c3-close,3782000,31.76,61.33,1004.77,32.39,64.46,1004.30,0,0,OFF,1,1,1,
2026-09-28 17:09:16,c3-close,3783000,31.77,61.33,1004.74,32.40,64.95,1004.31,0,0,OFF,1,1,1,
2026-09-28 17:09:17,c3-close,3784000,31.76,61.33,1004.76,32.40,64.98,1004.28,0,0,OFF,1,1,1,
2026-09-28 17:09:18,c3-close,3785000,31.75,61.33,1004.95,32.41,64.87,1004.35,0,0,OFF,1,1,1,
2026-09-28 17:09:19,c3-close,3786000,31.76,61.33,1004.74,32.39,64.91,1004.32,0,0,OFF,1,1,1,
2026-09-28 17:09:20,c3-close,3787000,31.76,61.33,1004.74,32.40,64.73,1004.33,0,0,OFF,1,1,1,
2026-09-28 17:09:21,c3-close,3788000,31.76,61.33,1004.74,32.42,64.47,1004.30,0,0,OFF,1,1,1,
2026-09-28 17:09:22,c3-close,3789000,31.77,61.33,1004.74,32.40,64.56,1004.28,0,0,OFF,1,1,1,
2026-09-28 17:09:23,c3-close,3790000,31.76,61.33,1004.73,32.41,64.54,1004.35,0,0,OFF,1,1,1,
2026-09-28 17:09:24,c3-close,3791000,31.77,61.33,1004.72,32.41,64.94,1004.32,0,0,OFF,1,1,1,
2026-09-28 17:09:25,c3-close,3792000,31.76,61.33,1004.79,32.41,64.81,1004.26,0,0,OFF,1,1,1,
2026-09-28 17:09:26,c3-close,3793000,31.77,61.33,1004.75,32.40,64.81,1004.31,0,0,OFF,1,1,1,
2026-09-28 17:09:27,c3-close,3794000,31.77,61.33,1004.77,32.40,64.96,1004.30,0,0,OFF,1,1,1,
2026-09-28 17:09:28,c3-close,3795000,31.76,61.33,1004.79,32.39,64.87,1004.30,0,0,OFF,1,1,1,
2026-09-28 17:09:29,c3-close,3796000,31.75,61.33,1004.75,32.40,64.82,1004.34,0,0,OFF,1,1,1,
2026-09-28 17:09:30,c3-close,3797000,31.78,61.33,1004.79,32.40,64.55,1004.30,0,0,OFF,1,1,1,
2026-09-28 17:09:31,c3-close,3798000,31.78,61.33,1004.79,32.40,64.70,1004.31,0,0,OFF,1,1,1,
2026-09-28 17:09:32,c3-close,3799000,31.76,61.33,1004.70,32.40,64.50,1004.30,0,0,OFF,1,1,1,
2026-09-28 17:09:33,c3-close,3800000,31.78,61.34,1004.80,32.39,64.49,1004.27,0,0,OFF,1,1,1,
2026-09-28 17:09:34,c3-close,3801000,31.75,61.33,1004.66,32.39,64.93,1004.32,0,0,OFF,1,1,1,
2026-09-28 17:09:35,c3-close,3802000,31.75,61.33,1004.75,32.41,64.86,1004.29,0,0,OFF,1,1,1,
2026-09-28 17:09:36,c3-close,3803000,31.76,61.33,1004.74,32.39,64.88,1004.32,0,0,OFF,1,1,1,
2026-09-28 17:09:37,c3-close,3804000,31.74,61.33,1004.70,32.39,64.46,1004.35,0,0,OFF,1,1,1,
2026-09-28 17:09:38,c3-close,3805000,31.75,61.33,1004.72,32.39,64.57,1004.30,0,0,OFF,1,1,1,
2026-09-28 17:09:39,c3-close,3806000,31.71,61.33,1004.68,32.40,64.81,1004.31,0,0,OFF,1,1,1,
2026-09-28 17:09:40,c3-close,3807000,31.76,61.33,1004.79,32.39,64.49,1004.35,0,0,OFF,1,1,1,
2026-09-28 17:09:41,c3-close,3808000,31.76,61.33,1004.79,32.40,64.78,1004.30,0,0,OFF,1,1,1,
2026-09-28 17:09:42,c3-close,3809000,31.76,61.33,1004.71,32.40,64.79,1004.36,0,0,OFF,1,1,1,
2026-09-28 17:09:43,c3-close,3810000,31.75,61.33,1004.72,32.39,64.64,1004.29,0,0,OFF,1,1,1,
2026-09-28 17:09:44,c3-close,3811000,31.76,61.33,1004.79,32.39,65.02,1004.29,0,0,OFF,1,1,1,
2026-09-28 17:09:45,c3-close,3812000,31.76,61.33,1004.71,32.39,64.79,1004.32,0,0,OFF,1,1,1,
2026-09-28 17:09:46,c3-close,3813000,31.75,61.33,1004.78,32.40,64.60,1004.31,0,0,OFF,1,1,1,
2026-09-28 17:09:47,c3-close,3814000,31.75,61.33,1004.71,32.39,64.43,1004.29,0,0,OFF,1,1,1,
2026-09-28 17:09:48,c3-close,3815000,31.75,61.33,1004.69,32.40,64.57,1004.30,0,0,OFF,1,1,1,
2026-09-28 17:09:49,c3-close,3816000,31.75,61.33,1004.72,32.40,64.57,1004.28,0,0,OFF,1,1,1,
2026-09-28 17:09:50,c3-close,3817000,31.76,61.33,1004.73,32.39,64.44,1004.24,0,0,OFF,1,1,1,
2026-09-28 17:09:51,c3-close,3818000,31.75,61.33,1004.72,32.39,64.49,1004.32,0,0,OFF,1,1,1,
2026-09-28 17:09:52,c3-close,3819000,31.77,61.33,1004.69,32.40,64.47,1004.26,0,0,OFF,1,1,1,
2026-09-28 17:09:53,c3-close,3820000,31.77,61.33,1004.74,32.40,64.46,1004.28,0,0,OFF,1,1,1,
2026-09-28 17:09:54,c3-close,3821000,31.76,61.33,1004.79,32.40,64.56,1004.31,0,0,OFF,1,1,1,
2026-09-28 17:09:55,c3-close,3822000,31.77,61.33,1004.77,32.41,64.43,1004.38,0,0,OFF,1,1,1,
2026-09-28 17:09:56,c3-close,3823000,31.77,61.33,1004.81,32.40,64.62,1004.37,0,0,OFF,1,1,1,
2026-09-28 17:09:57,c3-close,3824000,31.77,61.33,1004.72,32.39,64.53,1004.27,0,0,OFF,1,1,1,
2026-09-28 17:09:58,c3-close,3825000,31.77,61.33,1004.81,32.40,64.79,1004.25,0,0,OFF,1,1,1,
2026-09-28 17:09:59,c3-close,3826000,31.77,61.33,1004.75,32.39,64.56,1004.30,0,0,OFF,1,1,1,
2026-09-28 17:10:00,c3-close,3827000,31.77,61.33,1004.77,32.40,64.79,1004.34,0,0,OFF,1,1,1,
2026-09-28 17:10:01,c3-close,3828000,31.77,61.33,1004.74,32.39,64.53,1004.30,0,0,OFF,1,1,1,
2026-09-28 17:10:02,c3-close,3829000,31.76,61.33,1004.79,32.40,64.44,1004.39,0,0,OFF,1,1,1,
2026-09-28 17:10:03,c3-close,3830000,31.76,61.33,1004.74,32.40,64.44,1004.40,0,0,OFF,1,1,1,
2026-09-28 17:10:04,c3-close,3831000,31.76,61.33,1004.74,32.39,64.41,1004.32,0,0,OFF,1,1,1,
2026-09-28 17:10:05,c3-close,3832000,31.76,61.33,1004.74,32.39,64.39,1004.30,0,0,OFF,1,1,1,
2026-09-28 17:10:06,c3-close,3833000,31.77,61.33,1004.70,32.39,64.45,1004.32,0,0,OFF,1,1,1,
2026-09-28 17:10:07,c3-close,3834000,31.76,61.33,1004.77,32.39,64.39,1004.38,0,0,OFF,1,1,1,
2026-09-28 17:10:08,c3-close,3835000,31.76,61.33,1004.77,32.39,64.44,1004.32,0,0,OFF,1,1,1,
2026-09-28 17:10:09,c3-close,3836000,31.76,61.33,1004.74,32.39,64.44,1004.35,0,0,OFF,1,1,1,
2026-09-28 17:10:10,c3-close,3837000,31.77,61.33,1004.72,32.39,64.38,1004.32,0,0,OFF,1,1,1,
2026-09-28 17:10:11,c3-close,3838000,31.76,61.33,1004.74,32.39,64.50,1004.35,0,0,OFF,1,1,1,
2026-09-28 17:10:12,c3-close,3839000,31.77,61.33,1004.75,32.39,64.55,1004.32,0,0,OFF,1,1,1,
2026-09-28 17:10:13,c3-close,3840000,31.75,61.33,1004.72,32.39,64.53,1004.29,0,0,OFF,1,1,1,
2026-09-28 17:10:14,c3-close,3841000,31.76,61.33,1004.76,32.38,64.39,1004.31,0,0,OFF,1,1,1,
2026-09-28 17:10:15,c3-close,3842000,31.77,61.33,1004.77,32.39,64.47,1004.35,0,0,OFF,1,1,1,
2026-09-28 17:10:16,c3-close,3843000,31.76,61.33,1004.67,32.39,64.47,1004.35,0,0,OFF,1,1,1,
2026-09-28 17:10:17,c3-close,3844000,31.77,61.33,1004.81,32.38,64.75,1004.33,0,0,OFF,1,1,1,
2026-09-28 17:10:18,c3-close,3845000,31.77,61.33,1004.77,32.38,64.46,1004.31,0,0,OFF,1,1,1,
2026-09-28 17:10:19,c3-close,3846000,31.77,61.33,1004.78,32.38,64.46,1004.31,0,0,OFF,1,1,1,
2026-09-28 17:10:20,c3-close,3847000,31.77,61.33,1004.72,32.38,64.45,1004.31,0,0,OFF,1,1,1,
2026-09-28 17:10:21,c3-close,3848000,31.77,61.33,1004.74,32.38,64.40,1004.34,0,0,OFF,1,1,1,
2026-09-28 17:10:22,c3-close,3849000,31.77,61.33,1004.74,32.38,64.46,1004.33,0,0,OFF,1,1,1,
2026-09-28 17:10:23,c3-close,3850000,31.77,61.33,1004.78,32.38,64.30,1004.34,0,0,OFF,1,1,1,
2026-09-28 17:10:24,c3-close,3851000,31.77,61.33,1004.75,32.38,64.51,1004.36,0,0,OFF,1,1,1,
2026-09-28 17:10:25,c3-close,3852000,31.78,61.33,1004.79,32.39,64.50,1004.34,0,0,OFF,1,1,1,
2026-09-28 17:10:26,c3-close,3853000,31.77,61.33,1004.72,32.37,64.65,1004.29,0,0,OFF,1,1,1,
2026-09-28 17:10:27,c3-close,3854000,31.78,61.33,1004.82,32.38,64.55,1004.27,0,0,OFF,1,1,1,
2026-09-28 17:10:28,c3-close,3855000,31.77,61.33,1004.74,32.38,64.41,1004.34,0,0,OFF,1,1,1,
2026-09-28 17:10:29,c3-close,3856000,31.77,61.33,1004.75,32.39,64.63,1004.37,0,0,OFF,1,1,1,
2026-09-28 17:10:30,c3-close,3857000,31.77,61.33,1004.72,32.38,64.41,1004.31,0,0,OFF,1,1,1,
2026-09-28 17:10:31,c3-close,3858000,31.78,61.33,1004.73,32.38,64.52,1004.31,0,0,OFF,1,1,1,
2026-09-28 17:10:32,c3-close,3859000,31.77,61.33,1004.75,32.38,64.32,1004.33,0,0,OFF,1,1,1,
2026-09-28 17:10:33,c3-close,3860000,31.78,61.34,1004.77,32.39,64.50,1004.34,0,0,OFF,1,1,1,
2026-09-28 17:10:34,c3-close,3861000,31.77,61.33,1004.74,32.38,64.52,1004.31,0,0,OFF,1,1,1,
2026-09-28 17:10:35,c3-close,3862000,31.76,61.33,1004.71,32.38,64.69,1004.36,0,0,OFF,1,1,1,
2026-09-28 17:10:36,c3-close,3863000,31.77,61.33,1004.74,32.38,64.43,1004.34,0,0,OFF,1,1,1,
2026-09-28 17:10:37,c3-close,3864000,31.76,61.33,1004.79,32.38,64.58,1004.34,0,0,OFF,1,1,1,
2026-09-28 17:10:38,c3-close,3865000,31.77,61.33,1004.72,32.38,64.46,1004.39,0,0,OFF,1,1,1,
2026-09-28 17:10:39,c3-close,3866000,31.76,61.33,1004.79,32.38,64.54,1004.27,0,0,OFF,1,1,1,
2026-09-28 17:10:40,c3-close,3867000,31.76,61.33,1004.79,32.38,64.42,1004.22,0,0,OFF,1,1,1,
2026-09-28 17:10:41,c3-close,3868000,31.75,61.33,1004.75,32.38,64.40,1004.34,0,0,OFF,1,1,1,
2026-09-28 17:10:42,c3-close,3869000,31.76,61.33,1004.79,32.39,64.44,1004.38,0,0,OFF,1,1,1,
2026-09-28 17:10:43,c3-close,3870000,31.77,61.33,1004.80,32.38,64.40,1004.34,0,0,OFF,1,1,1,
2026-09-28 17:10:44,c3-close,3871000,31.76,61.33,1004.79,32.39,64.47,1004.34,0,0,OFF,1,1,1,
2026-09-28 17:10:45,c3-close,3872000,31.76,61.33,1004.77,32.39,64.70,1004.34,0,0,OFF,1,1,1,
2026-09-28 17:10:46,c3-close,3873000,31.77,61.33,1004.77,32.38,64.42,1004.36,0,0,OFF,1,1,1,
2026-09-28 17:10:47,c3-close,3874000,31.77,61.33,1004.74,32.39,64.39,1004.32,0,0,OFF,1,1,1,
2026-09-28 17:10:48,c3-close,3875000,31.76,61.33,1004.79,32.38,64.62,1004.36,0,0,OFF,1,1,1,
2026-09-28 17:10:49,c3-close,3876000,31.76,61.33,1004.79,32.39,64.42,1004.37,0,0,OFF,1,1,1,
2026-09-28 17:10:50,c3-close,3877000,31.75,61.33,1004.75,32.38,64.30,1004.36,0,0,OFF,1,1,1,
2026-09-28 17:10:51,c3-close,3878000,31.76,61.33,1004.73,32.38,64.64,1004.36,0,0,OFF,1,1,1,
2026-09-28 17:10:52,c3-close,3879000,31.76,61.33,1004.81,32.38,64.39,1004.33,0,0,OFF,1,1,1,
2026-09-28 17:10:53,c3-close,3880000,31.76,61.33,1004.77,32.38,64.40,1004.39,0,0,OFF,1,1,1,
2026-09-28 17:10:54,c3-close,3881000,31.76,61.33,1004.73,32.38,64.79,1004.36,0,0,OFF,1,1,1,
2026-09-28 17:10:55,c3-close,3882000,31.76,61.33,1004.73,32.38,64.41,1004.34,0,0,OFF,1,1,1,
2026-09-28 17:10:56,c3-close,3883000,31.76,61.33,1004.74,32.39,64.36,1004.35,0,0,OFF,1,1,1,
2026-09-28 17:10:57,c3-close,3884000,31.77,61.33,1004.74,32.39,64.31,1004.35,0,0,OFF,1,1,1,
2026-09-28 17:10:58,c3-close,3885000,31.76,61.33,1004.77,32.39,64.34,1004.32,0,0,OFF,1,1,1,
2026-09-28 17:10:59,c3-close,3886000,31.76,61.33,1004.79,32.39,64.41,1004.32,0,0,OFF,1,1,1,
2026-09-28 17:11:00,c3-close,3887000,31.76,61.33,1004.77,32.39,64.38,1004.30,0,0,OFF,1,1,1,
2026-09-28 17:11:01,c3-close,3888000,31.77,61.33,1004.69,32.39,64.42,1004.32,0,0,OFF,1,1,1,
2026-09-28 17:11:02,c3-close,3889000,31.77,61.33,1004.81,32.39,64.36,1004.32,0,0,OFF,1,1,1,
2026-09-28 17:11:03,c3-close,3890000,31.76,61.33,1004.79,32.40,64.41,1004.30,0,0,OFF,1,1,1,
2026-09-28 17:11:04,c3-close,3891000,31.76,61.33,1004.79,32.39,64.48,1004.35,0,0,OFF,1,1,1,
2026-09-28 17:11:05,c3-close,3892000,31.77,61.33,1004.78,32.39,64.45,1004.30,0,0,OFF,1,1,1,
2026-09-28 17:11:06,c3-close,3893000,31.77,61.33,1004.74,32.39,64.65,1004.35,0,0,OFF,1,1,1,
2026-09-28 17:11:07,c3-close,3894000,31.76,61.33,1004.82,32.39,64.38,1004.35,0,0,OFF,1,1,1,
2026-09-28 17:11:08,c3-close,3895000,31.77,61.33,1004.77,32.40,64.40,1004.37,0,0,OFF,1,1,1,
2026-09-28 17:11:09,c3-close,3896000,31.77,61.33,1004.81,32.40,64.47,1004.36,0,0,OFF,1,1,1,
2026-09-28 17:11:10,c3-close,3897000,31.76,61.33,1004.77,32.39,64.42,1004.30,0,0,OFF,1,1,1,
2026-09-28 17:11:11,c3-close,3898000,31.77,61.33,1004.75,32.39,64.37,1004.32,0,0,OFF,1,1,1,
2026-09-28 17:11:12,c3-close,3899000,31.77,61.33,1004.77,32.39,64.25,1004.32,0,0,OFF,1,1,1,
2026-09-28 17:11:13,c3-close,3900000,31.77,61.33,1004.72,32.40,64.39,1004.33,0,0,OFF,1,1,1,
2026-09-28 17:11:14,c3-close,3901000,31.77,61.33,1004.75,32.39,64.23,1004.35,0,0,OFF,1,1,1,
2026-09-28 17:11:15,c3-close,3902000,31.78,61.33,1004.76,32.40,64.28,1004.30,0,0,OFF,1,1,1,
2026-09-28 17:11:16,c3-close,3903000,31.78,61.33,1004.82,32.39,64.37,1004.35,0,0,OFF,1,1,1,
2026-09-28 17:11:17,c3-close,3904000,31.78,61.33,1004.76,32.39,64.37,1004.30,0,0,OFF,1,1,1,
2026-09-28 17:11:18,c3-close,3905000,31.78,61.33,1004.79,32.39,64.38,1004.35,0,0,OFF,1,1,1,
2026-09-28 17:11:19,c3-close,3906000,31.78,61.33,1004.79,32.40,64.40,1004.36,0,0,OFF,1,1,1,
2026-09-28 17:11:20,c3-close,3907000,31.77,61.33,1004.84,32.40,64.43,1004.37,0,0,OFF,1,1,1,
2026-09-28 17:11:21,c3-close,3908000,31.77,61.33,1004.78,32.40,64.28,1004.30,0,0,OFF,1,1,1,
2026-09-28 17:11:22,c3-close,3909000,31.77,61.33,1004.75,32.40,64.64,1004.33,0,0,OFF,1,1,1,
2026-09-28 17:11:23,c3-close,3910000,31.77,61.33,1004.77,32.40,64.46,1004.42,0,0,OFF,1,1,1,
2026-09-28 17:11:24,c3-close,3911000,31.77,61.33,1004.72,32.39,64.42,1004.32,0,0,OFF,1,1,1,
2026-09-28 17:11:25,c3-close,3912000,31.77,61.33,1004.77,32.38,64.34,1004.31,0,0,OFF,1,1,1,
2026-09-28 17:11:26,c3-close,3913000,31.77,61.33,1004.77,32.39,64.52,1004.41,0,0,OFF,1,1,1,
2026-09-28 17:11:27,c3-close,3914000,31.77,61.33,1004.75,32.39,64.40,1004.35,0,0,OFF,1,1,1,
2026-09-28 17:11:28,c3-close,3915000,31.77,61.33,1004.84,32.39,64.31,1004.37,0,0,OFF,1,1,1,
2026-09-28 17:11:29,c3-close,3916000,31.77,61.33,1004.78,32.41,64.37,1004.35,0,0,OFF,1,1,1,
2026-09-28 17:11:30,c3-close,3917000,31.77,61.33,1004.84,32.38,64.32,1004.34,0,0,OFF,1,1,1,
2026-09-28 17:11:31,c3-close,3918000,31.76,61.33,1004.77,32.39,64.37,1004.41,0,0,OFF,1,1,1,
2026-09-28 17:11:32,c3-close,3919000,31.77,61.33,1004.75,32.39,64.36,1004.34,0,0,OFF,1,1,1,
2026-09-28 17:11:33,c3-close,3920000,31.77,61.33,1004.78,32.39,64.28,1004.35,0,0,OFF,1,1,1,
2026-09-28 17:11:34,c3-close,3921000,31.77,61.33,1004.80,32.40,64.32,1004.39,0,0,OFF,1,1,1,
2026-09-28 17:11:35,c3-close,3922000,31.77,61.33,1004.81,32.39,64.36,1004.35,0,0,OFF,1,1,1,
2026-09-28 17:11:36,c3-close,3923000,31.77,61.33,1004.75,32.40,64.32,1004.34,0,0,OFF,1,1,1,
2026-09-28 17:11:37,c3-close,3924000,31.77,61.33,1004.78,32.39,64.45,1004.32,0,0,OFF,1,1,1,
2026-09-28 17:11:38,c3-close,3925000,31.77,61.33,1004.74,32.40,64.24,1004.33,0,0,OFF,1,1,1,
2026-09-28 17:11:39,c3-close,3926000,31.77,61.33,1004.75,32.40,64.29,1004.33,0,0,OFF,1,1,1,
2026-09-28 17:11:40,c3-close,3927000,31.77,61.33,1004.77,32.39,64.32,1004.34,0,0,OFF,1,1,1,
2026-09-28 17:11:41,c3-close,3928000,31.76,61.33,1004.79,32.39,64.39,1004.35,0,0,OFF,1,1,1,
2026-09-28 17:11:42,c3-close,3929000,31.76,61.33,1004.79,32.39,64.56,1004.34,0,0,OFF,1,1,1,
2026-09-28 17:11:43,c3-close,3930000,31.76,61.33,1004.77,32.38,64.38,1004.34,0,0,OFF,1,1,1,
2026-09-28 17:11:44,c3-close,3931000,31.76,61.33,1004.79,32.39,64.45,1004.30,0,0,OFF,1,1,1,
2026-09-28 17:11:45,c3-close,3932000,31.76,61.33,1004.74,32.38,64.41,1004.34,0,0,OFF,1,1,1,
2026-09-28 17:11:46,c3-close,3933000,31.77,61.33,1004.80,32.38,64.42,1004.28,0,0,OFF,1,1,1,
2026-09-28 17:11:47,c3-close,3934000,31.76,61.33,1004.74,32.38,64.37,1004.34,0,0,OFF,1,1,1,
2026-09-28 17:11:48,c3-close,3935000,31.77,61.33,1004.75,32.38,64.29,1004.36,0,0,OFF,1,1,1,
2026-09-28 17:11:49,c3-close,3936000,31.76,61.33,1004.76,32.38,64.33,1004.34,0,0,OFF,1,1,1,
2026-09-28 17:11:50,c3-close,3937000,31.76,61.33,1004.74,32.38,64.34,1004.33,0,0,OFF,1,1,1,
2026-09-28 17:11:51,c3-close,3938000,31.76,61.33,1004.71,32.39,64.31,1004.35,0,0,OFF,1,1,1,
2026-09-28 17:11:52,c3-close,3939000,31.76,61.33,1004.70,32.39,64.35,1004.35,0,0,OFF,1,1,1,
2026-09-28 17:11:53,c3-close,3940000,31.76,61.33,1004.82,32.38,64.38,1004.31,0,0,OFF,1,1,1,
2026-09-28 17:11:54,c3-close,3941000,31.76,61.33,1004.74,32.38,64.31,1004.36,0,0,OFF,1,1,1,
2026-09-28 17:11:55,c3-close,3942000,31.75,61.33,1004.83,32.39,64.31,1004.40,0,0,OFF,1,1,1,
2026-09-28 17:11:56,c3-close,3943000,31.75,61.33,1004.75,32.38,64.31,1004.36,0,0,OFF,1,1,1,
2026-09-28 17:11:57,c3-close,3944000,31.75,61.33,1004.78,32.38,64.64,1004.36,0,0,OFF,1,1,1,
2026-09-28 17:11:58,c3-close,3945000,31.74,61.33,1004.76,32.40,64.53,1004.42,0,0,OFF,1,1,1,
2026-09-28 17:11:59,c3-close,3946000,31.75,61.33,1004.72,32.39,64.32,1004.37,0,0,OFF,1,1,1,
2026-09-28 17:12:00,c3-close,3947000,31.75,61.33,1004.75,32.39,64.32,1004.34,0,0,OFF,1,1,1,
2026-09-28 17:12:01,c3-close,3948000,31.75,61.33,1004.78,32.38,64.29,1004.28,0,0,OFF,1,1,1,
2026-09-28 17:12:02,c3-close,3949000,31.76,61.33,1004.76,32.38,64.59,1004.31,0,0,OFF,1,1,1,
2026-09-28 17:12:03,c3-close,3950000,31.76,61.33,1004.79,32.37,64.46,1004.35,0,0,OFF,1,1,1,
2026-09-28 17:12:04,c3-close,3951000,31.76,61.33,1004.76,32.39,64.59,1004.34,0,0,OFF,1,1,1,
2026-09-28 17:12:05,c3-close,3952000,31.76,61.33,1004.81,32.38,64.60,1004.30,0,0,OFF,1,1,1,
2026-09-28 17:12:06,c3-close,3953000,31.76,61.33,1004.74,32.38,64.39,1004.34,0,0,OFF,1,1,1,
2026-09-28 17:12:07,c3-close,3954000,31.76,61.33,1004.79,32.38,64.35,1004.31,0,0,OFF,1,1,1,
2026-09-28 17:12:08,c3-close,3955000,31.74,61.33,1004.76,32.39,64.66,1004.34,0,0,OFF,1,1,1,
2026-09-28 17:12:09,c3-close,3956000,31.75,61.33,1004.81,32.38,64.41,1004.34,0,0,OFF,1,1,1,
2026-09-28 17:12:10,c3-close,3957000,31.74,61.33,1004.73,32.38,64.77,1004.36,0,0,OFF,1,1,1,
2026-09-28 17:12:11,c3-close,3958000,31.75,61.33,1004.77,32.39,64.28,1004.35,0,0,OFF,1,1,1,
2026-09-28 17:12:12,c3-close,3959000,31.75,61.33,1004.83,32.39,64.60,1004.37,0,0,OFF,1,1,1,
2026-09-28 17:12:13,c3-close,3960000,31.75,61.33,1004.80,32.39,64.50,1004.40,0,0,OFF,1,1,1,
2026-09-28 17:12:14,c3-close,3961000,31.75,61.33,1004.83,32.39,64.27,1004.35,0,0,OFF,1,1,1,
2026-09-28 17:12:15,c3-close,3962000,31.74,61.33,1004.79,32.38,64.24,1004.36,0,0,OFF,1,1,1,
2026-09-28 17:12:16,c3-close,3963000,31.76,61.33,1004.76,32.38,64.37,1004.34,0,0,OFF,1,1,1,
2026-09-28 17:12:17,c3-close,3964000,31.74,61.33,1004.82,32.38,64.31,1004.41,0,0,OFF,1,1,1,
2026-09-28 17:12:18,c3-close,3965000,31.75,61.33,1004.83,32.38,64.35,1004.38,0,0,OFF,1,1,1,
2026-09-28 17:12:19,c3-close,3966000,31.74,61.33,1004.79,32.38,64.25,1004.34,0,0,OFF,1,1,1,
2026-09-28 17:12:20,c3-close,3967000,31.74,61.33,1004.82,32.38,64.24,1004.28,0,0,OFF,1,1,1,
2026-09-28 17:12:21,c3-close,3968000,31.74,61.33,1004.76,32.38,64.85,1004.36,0,0,OFF,1,1,1,
2026-09-28 17:12:22,c3-close,3969000,31.74,61.33,1004.73,32.38,64.26,1004.31,0,0,OFF,1,1,1,
2026-09-28 17:12:23,c3-close,3970000,31.75,61.33,1004.74,32.38,64.69,1004.34,0,0,OFF,1,1,1,
2026-09-28 17:12:24,c3-close,3971000,31.74,61.33,1004.79,32.38,64.57,1004.30,0,0,OFF,1,1,1,
2026-09-28 17:12:25,c3-close,3972000,31.74,61.33,1004.75,32.38,64.29,1004.30,0,0,OFF,1,1,1,
2026-09-28 17:12:26,c3-close,3973000,31.74,61.33,1004.81,32.39,64.29,1004.34,0,0,OFF,1,1,1,
2026-09-28 17:12:27,c3-close,3974000,31.74,61.33,1004.82,32.38,64.25,1004.30,0,0,OFF,1,1,1,
2026-09-28 17:12:28,c3-close,3975000,31.74,61.33,1004.78,32.39,64.21,1004.32,0,0,OFF,1,1,1,
2026-09-28 17:12:29,c3-close,3976000,31.73,61.33,1004.75,32.39,64.31,1004.37,0,0,OFF,1,1,1,
2026-09-28 17:12:30,c3-close,3977000,31.73,61.33,1004.75,32.38,64.43,1004.39,0,0,OFF,1,1,1,
2026-09-28 17:12:31,c3-close,3978000,31.74,61.33,1004.75,32.37,64.17,1004.35,0,0,OFF,1,1,1,
2026-09-28 17:12:32,c3-close,3979000,31.74,61.33,1004.75,32.38,64.29,1004.39,0,0,OFF,1,1,1,
2026-09-28 17:12:33,c3-close,3980000,31.74,61.33,1004.78,32.38,64.18,1004.33,0,0,OFF,1,1,1,
2026-09-28 17:12:34,c3-close,3981000,31.74,61.33,1004.73,32.38,64.26,1004.36,0,0,OFF,1,1,1,
2026-09-28 17:12:35,c3-close,3982000,31.73,61.33,1004.83,32.38,64.26,1004.34,0,0,OFF,1,1,1,
2026-09-28 17:12:36,c3-close,3983000,31.74,61.33,1004.73,32.37,64.42,1004.40,0,0,OFF,1,1,1,
2026-09-28 17:12:37,c3-close,3984000,31.74,61.33,1004.75,32.38,64.22,1004.38,0,0,OFF,1,1,1,
2026-09-28 17:12:38,c3-close,3985000,31.74,61.33,1004.75,32.37,64.37,1004.35,0,0,OFF,1,1,1,
2026-09-28 17:12:39,c3-close,3986000,31.73,61.33,1004.74,32.38,64.57,1004.27,0,0,OFF,1,1,1,
2026-09-28 17:12:40,c3-close,3987000,31.73,61.33,1004.75,32.37,64.23,1004.38,0,0,OFF,1,1,1,
2026-09-28 17:12:41,c3-close,3988000,31.73,61.33,1004.75,32.37,64.39,1004.38,0,0,OFF,1,1,1,
2026-09-28 17:12:42,c3-close,3989000,31.73,61.33,1004.77,32.39,64.34,1004.40,0,0,OFF,1,1,1,
2026-09-28 17:12:43,c3-close,3990000,31.73,61.33,1004.77,32.38,64.17,1004.34,0,0,OFF,1,1,1,
2026-09-28 17:12:44,c3-close,3991000,31.73,61.33,1004.79,32.37,64.37,1004.32,0,0,OFF,1,1,1,
2026-09-28 17:12:45,c3-close,3992000,31.72,61.33,1004.78,32.38,64.33,1004.33,0,0,OFF,1,1,1,
2026-09-28 17:12:46,c3-close,3993000,31.73,61.33,1004.74,32.38,64.38,1004.38,0,0,OFF,1,1,1,
2026-09-28 17:12:47,c3-close,3994000,31.72,61.33,1004.84,32.38,64.16,1004.34,0,0,OFF,1,1,1,
2026-09-28 17:12:48,c3-close,3995000,31.72,61.33,1004.78,32.38,64.18,1004.33,0,0,OFF,1,1,1,
2026-09-28 17:12:49,c3-close,3996000,31.72,61.33,1004.73,32.38,64.47,1004.36,0,0,OFF,1,1,1,
2026-09-28 17:12:50,c3-close,3997000,31.72,61.33,1004.76,32.38,64.43,1004.39,0,0,OFF,1,1,1,
2026-09-28 17:12:51,c3-close,3998000,31.71,61.33,1004.74,32.38,64.56,1004.39,0,0,OFF,1,1,1,
2026-09-28 17:12:52,c3-close,3999000,31.72,61.33,1004.78,32.38,64.16,1004.36,0,0,OFF,1,1,1,
2026-09-28 17:12:53,c3-close,4000000,31.71,61.33,1004.71,32.39,64.37,1004.32,0,0,OFF,1,1,1,
2026-09-28 17:12:54,c3-close,4001000,31.72,61.33,1004.83,32.39,64.12,1004.40,0,0,OFF,1,1,1,
2026-09-28 17:12:55,c3-close,4002000,31.71,61.33,1004.76,32.38,64.16,1004.31,0,0,OFF,1,1,1,
2026-09-28 17:12:56,c3-close,4003000,31.72,61.33,1004.81,32.39,64.19,1004.30,0,0,OFF,1,1,1,
2026-09-28 17:12:57,c3-close,4004000,31.72,61.33,1004.78,32.39,64.23,1004.38,0,0,OFF,1,1,1,
2026-09-28 17:12:58,c3-close,4005000,31.72,61.33,1004.83,32.38,64.18,1004.31,0,0,OFF,1,1,1,
2026-09-28 17:12:59,c3-close,4006000,31.72,61.33,1004.78,32.39,64.21,1004.34,0,0,OFF,1,1,1,
2026-09-28 17:13:00,c3-close,4007000,31.71,61.33,1004.77,32.38,64.26,1004.31,0,0,OFF,1,1,1,
2026-09-28 17:13:01,c3-close,4008000,31.71,61.33,1004.82,32.39,64.28,1004.41,0,0,OFF,1,1,1,
2026-09-28 17:13:02,c3-close,4009000,31.70,61.34,1004.84,32.38,64.17,1004.34,0,0,OFF,1,1,1,
2026-09-28 17:13:03,c3-close,4010000,31.71,61.33,1004.77,32.38,64.25,1004.31,0,0,OFF,1,1,1,
2026-09-28 17:13:04,c3-close,4011000,31.72,61.33,1004.69,32.38,64.16,1004.34,0,0,OFF,1,1,1,
2026-09-28 17:13:05,c3-close,4012000,31.72,61.33,1004.78,32.39,64.23,1004.34,0,0,OFF,1,1,1,
2026-09-28 17:13:06,c3-close,4013000,31.71,61.33,1004.85,32.38,64.27,1004.34,0,0,OFF,1,1,1,
2026-09-28 17:13:07,c3-close,4014000,31.72,61.33,1004.78,32.39,64.21,1004.29,0,0,OFF,1,1,1,
2026-09-28 17:13:08,c3-close,4015000,31.72,61.33,1004.81,32.38,64.40,1004.36,0,0,OFF,1,1,1,
2026-09-28 17:13:09,c3-close,4016000,31.71,61.33,1004.77,32.38,64.29,1004.36,0,0,OFF,1,1,1,
2026-09-28 17:13:10,c3-close,4017000,31.72,61.33,1004.78,32.37,64.27,1004.35,0,0,OFF,1,1,1,
2026-09-28 17:13:11,c3-close,4018000,31.72,61.33,1004.75,32.38,64.13,1004.34,0,0,OFF,1,1,1,
2026-09-28 17:13:12,c3-close,4019000,31.71,61.33,1004.87,32.39,64.13,1004.29,0,0,OFF,1,1,1,
2026-09-28 17:13:13,c3-close,4020000,31.71,61.33,1004.74,32.38,64.35,1004.36,0,0,OFF,1,1,1,
2026-09-28 17:13:14,c3-close,4021000,31.72,61.33,1004.81,32.39,64.22,1004.35,0,0,OFF,1,1,1,
2026-09-28 17:13:15,c3-close,4022000,31.71,61.33,1004.77,32.39,64.21,1004.37,0,0,OFF,1,1,1,
2026-09-28 17:13:16,c3-close,4023000,31.71,61.33,1004.83,32.38,64.22,1004.34,0,0,OFF,1,1,1,
2026-09-28 17:13:17,c3-close,4024000,31.72,61.33,1004.81,32.39,64.21,1004.34,0,0,OFF,1,1,1,
2026-09-28 17:13:18,c3-close,4025000,31.72,61.33,1004.78,32.38,64.18,1004.34,0,0,OFF,1,1,1,
2026-09-28 17:13:19,c3-close,4026000,31.72,61.33,1004.81,32.38,64.26,1004.33,0,0,OFF,1,1,1,
2026-09-28 17:13:20,c3-close,4027000,31.72,61.33,1004.75,32.38,64.56,1004.39,0,0,OFF,1,1,1,
2026-09-28 17:13:21,c3-close,4028000,31.72,61.33,1004.81,32.38,64.29,1004.38,0,0,OFF,1,1,1,
2026-09-28 17:13:22,c3-close,4029000,31.72,61.33,1004.78,32.39,64.24,1004.41,0,0,OFF,1,1,1,
2026-09-28 17:13:23,c3-close,4030000,31.72,61.33,1004.84,32.38,64.29,1004.33,0,0,OFF,1,1,1,
2026-09-28 17:13:24,c3-close,4031000,31.72,61.33,1004.78,32.38,64.21,1004.31,0,0,OFF,1,1,1,
2026-09-28 17:13:25,c3-close,4032000,31.72,61.33,1004.83,32.39,64.32,1004.30,0,0,OFF,1,1,1,
2026-09-28 17:13:26,c3-close,4033000,31.72,61.33,1004.81,32.39,64.19,1004.32,0,0,OFF,1,1,1,
2026-09-28 17:13:27,c3-close,4034000,31.72,61.33,1004.73,32.39,64.24,1004.32,0,0,OFF,1,1,1,
2026-09-28 17:13:28,c3-close,4035000,31.72,61.33,1004.83,32.39,64.21,1004.32,0,0,OFF,1,1,1,
2026-09-28 17:13:29,c3-close,4036000,31.73,61.33,1004.91,32.39,64.21,1004.32,0,0,OFF,1,1,1,
2026-09-28 17:13:30,c3-close,4037000,31.71,61.33,1004.80,32.39,64.22,1004.32,0,0,OFF,1,1,1,
2026-09-28 17:13:31,c3-close,4038000,31.71,61.33,1004.83,32.39,64.24,1004.34,0,0,OFF,1,1,1,
2026-09-28 17:13:32,c3-close,4039000,31.71,61.33,1004.85,32.39,64.19,1004.38,0,0,OFF,1,1,1,
2026-09-28 17:13:33,c3-close,4040000,31.72,61.33,1004.78,32.39,64.25,1004.41,0,0,OFF,1,1,1,
2026-09-28 17:13:34,c3-close,4041000,31.71,61.33,1004.85,32.40,64.30,1004.42,0,0,OFF,1,1,1,
2026-09-28 17:13:35,c3-close,4042000,31.72,61.33,1004.83,32.39,64.37,1004.34,0,0,OFF,1,1,1,
2026-09-28 17:13:36,c3-close,4043000,31.72,61.33,1004.86,32.39,64.29,1004.37,0,0,OFF,1,1,1,
2026-09-28 17:13:37,c3-close,4044000,31.72,61.33,1004.83,32.39,64.41,1004.38,0,0,OFF,1,1,1,
2026-09-28 17:13:38,c3-close,4045000,31.71,61.33,1004.83,32.40,64.35,1004.36,0,0,OFF,1,1,1,
2026-09-28 17:13:39,c3-close,4046000,31.72,61.33,1004.75,32.39,64.26,1004.34,0,0,OFF,1,1,1,
2026-09-28 17:13:40,c3-close,4047000,31.72,61.33,1004.79,32.40,64.29,1004.33,0,0,OFF,1,1,1,
2026-09-28 17:13:41,c3-close,4048000,31.73,61.33,1004.83,32.39,64.29,1004.32,0,0,OFF,1,1,1,
2026-09-28 17:13:42,c3-close,4049000,31.72,61.33,1004.87,32.39,64.29,1004.44,0,0,OFF,1,1,1,
2026-09-28 17:13:43,c3-close,4050000,31.73,61.33,1004.79,32.39,64.29,1004.32,0,0,OFF,1,1,1,
2026-09-28 17:13:44,c3-close,4051000,31.73,61.33,1004.77,32.40,64.28,1004.36,0,0,OFF,1,1,1,
2026-09-28 17:13:45,c3-close,4052000,31.73,61.33,1004.77,32.40,64.53,1004.40,0,0,OFF,1,1,1,
2026-09-28 17:13:46,c3-close,4053000,31.73,61.33,1004.79,32.40,64.20,1004.37,0,0,OFF,1,1,1,
2026-09-28 17:13:47,c3-rule,,,,,,,,,,,,,,MARK  cycle 3 lid set to 1 cm (confirmed)
2026-09-28 17:13:47,c3-rule,,,,,,,,,,,,,,"S,mode=OFF,lo=77.0,hi=88.0,max=300,cool=60,man=400,use=A,period=1,in=ok,out=ok,tank=ok,mistA=0,mistB=0"
2026-09-28 17:13:47,c3-rule,,,,,,,,,,,,,,mode RULES
2026-09-28 17:13:47,c3-rule,,,,,,,,,,,,,,mist A=1 B=0 (below lo)
2026-09-28 17:13:47,c3-rule,,,,,,,,,,,,,,"MARK  cycle 3 matched rule start (below 77 %, stop at 88 % or 300 s, rest 60 s)"
2026-09-28 17:13:47,c3-rule,4054000,31.72,61.33,1004.84,32.40,64.54,1004.42,1,0,RULES,1,1,1,
2026-09-28 17:13:48,c3-rule,4055000,31.73,61.33,1004.77,32.40,64.58,1004.33,1,0,RULES,1,1,1,
2026-09-28 17:13:49,c3-rule,4056000,31.73,61.33,1004.85,32.40,64.50,1004.36,1,0,RULES,1,1,1,
2026-09-28 17:13:50,c3-rule,4057000,31.72,61.33,1004.79,32.40,64.63,1004.40,1,0,RULES,1,1,1,
2026-09-28 17:13:51,c3-rule,4058000,31.73,61.33,1004.79,32.39,64.50,1004.35,1,0,RULES,1,1,1,
2026-09-28 17:13:52,c3-rule,4059000,31.73,61.33,1004.77,32.39,64.41,1004.32,1,0,RULES,1,1,1,
2026-09-28 17:13:53,c3-rule,4060000,31.73,61.33,1004.75,32.39,64.24,1004.35,1,0,RULES,1,1,1,
2026-09-28 17:13:54,c3-rule,4061000,31.74,61.33,1004.76,32.40,64.18,1004.42,1,0,RULES,1,1,1,
2026-09-28 17:13:55,c3-rule,4062000,31.74,61.33,1004.75,32.40,64.25,1004.36,1,0,RULES,1,1,1,
2026-09-28 17:13:56,c3-rule,4063000,31.74,61.33,1004.90,32.41,64.30,1004.38,1,0,RULES,1,1,1,
2026-09-28 17:13:57,c3-rule,4064000,31.74,61.33,1004.79,32.40,64.29,1004.34,1,0,RULES,1,1,1,
2026-09-28 17:13:58,c3-rule,4065000,31.74,61.33,1004.81,32.40,64.11,1004.31,1,0,RULES,1,1,1,
2026-09-28 17:13:59,c3-rule,4066000,31.73,61.33,1004.86,32.40,64.20,1004.37,1,0,RULES,1,1,1,
2026-09-28 17:14:00,c3-rule,4067000,31.74,61.33,1004.75,32.40,64.21,1004.33,1,0,RULES,1,1,1,
2026-09-28 17:14:01,c3-rule,4068000,31.74,61.33,1004.82,32.39,64.24,1004.35,1,0,RULES,1,1,1,
2026-09-28 17:14:02,c3-rule,4069000,31.74,61.33,1004.85,32.39,64.49,1004.35,1,0,RULES,1,1,1,
2026-09-28 17:14:03,c3-rule,4070000,31.74,61.33,1004.75,32.39,64.22,1004.44,1,0,RULES,1,1,1,
2026-09-28 17:14:04,c3-rule,4071000,31.73,61.33,1004.86,32.39,64.30,1004.44,1,0,RULES,1,1,1,
2026-09-28 17:14:05,c3-rule,4072000,31.73,61.33,1004.86,32.40,64.16,1004.33,1,0,RULES,1,1,1,
2026-09-28 17:14:06,c3-rule,4073000,31.73,61.33,1004.91,32.40,64.42,1004.39,1,0,RULES,1,1,1,
2026-09-28 17:14:07,c3-rule,4074000,31.73,61.33,1004.80,32.39,64.23,1004.32,1,0,RULES,1,1,1,
2026-09-28 17:14:08,c3-rule,4075000,31.73,61.33,1004.80,32.39,64.28,1004.35,1,0,RULES,1,1,1,
2026-09-28 17:14:09,c3-rule,4076000,31.72,61.33,1004.81,32.39,64.41,1004.30,1,0,RULES,1,1,1,
2026-09-28 17:14:10,c3-rule,4077000,31.72,61.33,1004.81,32.39,64.24,1004.32,1,0,RULES,1,1,1,
2026-09-28 17:14:11,c3-rule,4078000,31.72,61.33,1004.79,32.40,64.19,1004.36,1,0,RULES,1,1,1,
2026-09-28 17:14:12,c3-rule,4079000,31.72,61.33,1004.79,32.40,64.29,1004.34,1,0,RULES,1,1,1,
2026-09-28 17:14:13,c3-rule,4080000,31.73,61.33,1004.79,32.40,64.24,1004.39,1,0,RULES,1,1,1,
2026-09-28 17:14:14,c3-rule,4081000,31.72,61.33,1004.84,32.40,64.14,1004.31,1,0,RULES,1,1,1,
2026-09-28 17:14:15,c3-rule,4082000,31.72,61.33,1004.87,32.40,64.12,1004.30,1,0,RULES,1,1,1,
2026-09-28 17:14:16,c3-rule,4083000,31.71,61.33,1004.85,32.39,64.27,1004.30,1,0,RULES,1,1,1,
2026-09-28 17:14:17,c3-rule,4084000,31.72,61.33,1004.86,32.39,64.29,1004.35,1,0,RULES,1,1,1,
2026-09-28 17:14:18,c3-rule,4085000,31.71,61.33,1004.82,32.39,64.21,1004.32,1,0,RULES,1,1,1,
2026-09-28 17:14:19,c3-rule,4086000,31.71,61.33,1004.85,32.39,64.36,1004.34,1,0,RULES,1,1,1,
2026-09-28 17:14:20,c3-rule,4087000,31.71,61.33,1004.76,32.40,64.23,1004.42,1,0,RULES,1,1,1,
2026-09-28 17:14:21,c3-rule,4088000,31.70,61.34,1004.87,32.39,64.30,1004.35,1,0,RULES,1,1,1,
2026-09-28 17:14:22,c3-rule,4089000,31.69,61.34,1004.86,32.39,64.25,1004.38,1,0,RULES,1,1,1,
2026-09-28 17:14:23,c3-rule,4090000,31.68,61.33,1004.83,32.39,64.31,1004.32,1,0,RULES,1,1,1,
2026-09-28 17:14:24,c3-rule,4091000,31.69,61.33,1004.88,32.39,64.29,1004.34,1,0,RULES,1,1,1,
2026-09-28 17:14:25,c3-rule,4092000,31.66,61.33,1004.84,32.39,64.28,1004.35,1,0,RULES,1,1,1,
2026-09-28 17:14:26,c3-rule,4093000,31.66,61.33,1004.81,32.39,64.20,1004.35,1,0,RULES,1,1,1,
2026-09-28 17:14:27,c3-rule,4094000,31.65,61.33,1004.82,32.39,64.30,1004.38,1,0,RULES,1,1,1,
2026-09-28 17:14:28,c3-rule,4095000,31.64,61.33,1004.81,32.39,64.25,1004.37,1,0,RULES,1,1,1,
2026-09-28 17:14:29,c3-rule,4096000,31.63,61.33,1004.79,32.39,64.25,1004.35,1,0,RULES,1,1,1,
2026-09-28 17:14:30,c3-rule,4097000,31.64,61.33,1004.83,32.39,64.62,1004.35,1,0,RULES,1,1,1,
2026-09-28 17:14:31,c3-rule,4098000,31.62,61.33,1004.86,32.39,64.37,1004.35,1,0,RULES,1,1,1,
2026-09-28 17:14:32,c3-rule,4099000,31.63,61.33,1004.81,32.39,64.16,1004.30,1,0,RULES,1,1,1,
2026-09-28 17:14:33,c3-rule,4100000,31.61,61.32,1004.83,32.39,64.23,1004.34,1,0,RULES,1,1,1,
2026-09-28 17:14:34,c3-rule,4101000,31.60,61.32,1004.83,32.39,64.31,1004.35,1,0,RULES,1,1,1,
2026-09-28 17:14:35,c3-rule,4102000,31.60,61.32,1004.85,32.39,64.23,1004.34,1,0,RULES,1,1,1,
2026-09-28 17:14:36,c3-rule,4103000,31.59,61.32,1004.81,32.39,64.25,1004.38,1,0,RULES,1,1,1,
2026-09-28 17:14:37,c3-rule,4104000,31.59,61.32,1004.86,32.39,64.21,1004.34,1,0,RULES,1,1,1,
2026-09-28 17:14:38,c3-rule,4105000,31.58,61.32,1004.84,32.39,64.32,1004.41,1,0,RULES,1,1,1,
2026-09-28 17:14:39,c3-rule,4106000,31.57,61.33,1004.83,32.39,64.16,1004.34,1,0,RULES,1,1,1,
2026-09-28 17:14:40,c3-rule,4107000,31.56,61.33,1004.89,32.39,64.30,1004.30,1,0,RULES,1,1,1,
2026-09-28 17:14:41,c3-rule,4108000,31.56,61.33,1004.81,32.39,64.22,1004.34,1,0,RULES,1,1,1,
2026-09-28 17:14:42,c3-rule,4109000,31.54,61.33,1004.90,32.38,64.22,1004.39,1,0,RULES,1,1,1,
2026-09-28 17:14:43,c3-rule,4110000,31.53,61.33,1004.83,32.39,64.31,1004.40,1,0,RULES,1,1,1,
2026-09-28 17:14:44,c3-rule,4111000,31.53,61.33,1004.85,32.38,64.39,1004.39,1,0,RULES,1,1,1,
2026-09-28 17:14:45,c3-rule,4112000,31.50,61.32,1004.78,32.38,64.25,1004.33,1,0,RULES,1,1,1,
2026-09-28 17:14:46,c3-rule,4113000,31.50,61.32,1004.88,32.39,64.26,1004.34,1,0,RULES,1,1,1,
2026-09-28 17:14:47,c3-rule,4114000,31.49,61.32,1004.82,32.38,64.27,1004.36,1,0,RULES,1,1,1,
2026-09-28 17:14:48,c3-rule,4115000,31.49,61.32,1004.82,32.38,64.25,1004.34,1,0,RULES,1,1,1,
2026-09-28 17:14:49,c3-rule,4116000,31.48,61.32,1004.85,32.38,64.21,1004.36,1,0,RULES,1,1,1,
2026-09-28 17:14:50,c3-rule,4117000,31.47,61.32,1004.81,32.38,64.29,1004.36,1,0,RULES,1,1,1,
2026-09-28 17:14:51,c3-rule,4118000,31.46,61.32,1004.82,32.37,64.32,1004.35,1,0,RULES,1,1,1,
2026-09-28 17:14:52,c3-rule,4119000,31.46,61.32,1004.79,32.38,64.25,1004.36,1,0,RULES,1,1,1,
2026-09-28 17:14:53,c3-rule,4120000,31.45,61.33,1004.86,32.38,64.23,1004.34,1,0,RULES,1,1,1,
2026-09-28 17:14:54,c3-rule,4121000,31.45,61.33,1004.89,32.38,64.23,1004.42,1,0,RULES,1,1,1,
2026-09-28 17:14:55,c3-rule,4122000,31.44,61.32,1004.84,32.38,64.17,1004.31,1,0,RULES,1,1,1,
2026-09-28 17:14:56,c3-rule,4123000,31.44,61.32,1004.84,32.38,64.26,1004.38,1,0,RULES,1,1,1,
2026-09-28 17:14:57,c3-rule,4124000,31.43,61.32,1004.83,32.38,64.27,1004.34,1,0,RULES,1,1,1,
2026-09-28 17:14:58,c3-rule,4125000,31.43,61.32,1004.83,32.38,64.27,1004.44,1,0,RULES,1,1,1,
2026-09-28 17:14:59,c3-rule,4126000,31.42,61.32,1004.87,32.38,64.22,1004.34,1,0,RULES,1,1,1,
2026-09-28 17:15:00,c3-rule,4127000,31.40,61.32,1004.83,32.38,64.24,1004.33,1,0,RULES,1,1,1,
2026-09-28 17:15:01,c3-rule,4128000,31.38,61.32,1004.86,32.38,64.29,1004.39,1,0,RULES,1,1,1,
2026-09-28 17:15:02,c3-rule,4129000,31.37,61.31,1004.84,32.38,64.30,1004.36,1,0,RULES,1,1,1,
2026-09-28 17:15:03,c3-rule,4130000,31.38,61.32,1004.91,32.38,64.25,1004.30,1,0,RULES,1,1,1,
2026-09-28 17:15:04,c3-rule,4131000,31.36,61.31,1004.83,32.38,64.15,1004.36,1,0,RULES,1,1,1,
2026-09-28 17:15:05,c3-rule,4132000,31.34,61.31,1004.80,32.38,64.24,1004.36,1,0,RULES,1,1,1,
2026-09-28 17:15:06,c3-rule,4133000,31.32,61.31,1004.83,32.38,64.22,1004.38,1,0,RULES,1,1,1,
2026-09-28 17:15:07,c3-rule,4134000,31.32,61.31,1004.89,32.38,64.23,1004.36,1,0,RULES,1,1,1,
2026-09-28 17:15:08,c3-rule,4135000,31.33,61.31,1004.90,32.38,64.21,1004.34,1,0,RULES,1,1,1,
2026-09-28 17:15:09,c3-rule,4136000,31.29,61.32,1004.87,32.38,64.26,1004.39,1,0,RULES,1,1,1,
2026-09-28 17:15:10,c3-rule,4137000,31.30,61.32,1004.85,32.38,64.27,1004.33,1,0,RULES,1,1,1,
2026-09-28 17:15:11,c3-rule,4138000,31.29,61.32,1004.87,32.38,64.22,1004.39,1,0,RULES,1,1,1,
2026-09-28 17:15:12,c3-rule,4139000,31.29,61.32,1004.81,32.38,64.10,1004.33,1,0,RULES,1,1,1,
2026-09-28 17:15:13,c3-rule,4140000,31.27,61.31,1004.86,32.38,64.27,1004.39,1,0,RULES,1,1,1,
2026-09-28 17:15:14,c3-rule,4141000,31.25,61.31,1004.88,32.38,64.24,1004.33,1,0,RULES,1,1,1,
2026-09-28 17:15:15,c3-rule,4142000,31.24,61.31,1004.89,32.38,64.23,1004.38,1,0,RULES,1,1,1,
2026-09-28 17:15:16,c3-rule,4143000,31.23,61.31,1004.86,32.38,64.30,1004.34,1,0,RULES,1,1,1,
2026-09-28 17:15:17,c3-rule,4144000,31.22,61.31,1004.81,32.38,64.33,1004.36,1,0,RULES,1,1,1,
2026-09-28 17:15:18,c3-rule,4145000,31.22,61.30,1004.89,32.38,64.18,1004.39,1,0,RULES,1,1,1,
2026-09-28 17:15:19,c3-rule,4146000,31.19,61.31,1004.84,32.38,64.40,1004.39,1,0,RULES,1,1,1,
2026-09-28 17:15:20,c3-rule,4147000,31.17,61.31,1004.87,32.38,64.27,1004.34,1,0,RULES,1,1,1,
2026-09-28 17:15:21,c3-rule,4148000,31.17,61.31,1004.93,32.39,64.17,1004.40,1,0,RULES,1,1,1,
2026-09-28 17:15:22,c3-rule,4149000,31.17,61.31,1004.90,32.38,64.25,1004.39,1,0,RULES,1,1,1,
2026-09-28 17:15:23,c3-rule,4150000,31.15,61.31,1004.84,32.39,64.29,1004.35,1,0,RULES,1,1,1,
2026-09-28 17:15:24,c3-rule,4151000,31.11,61.30,1004.89,32.38,64.23,1004.39,1,0,RULES,1,1,1,
2026-09-28 17:15:25,c3-rule,4152000,31.09,61.30,1004.88,32.37,64.23,1004.35,1,0,RULES,1,1,1,
2026-09-28 17:15:26,c3-rule,4153000,31.07,61.30,1004.88,32.39,64.34,1004.34,1,0,RULES,1,1,1,
2026-09-28 17:15:27,c3-rule,4154000,31.02,61.30,1004.90,32.37,64.14,1004.38,1,0,RULES,1,1,1,
2026-09-28 17:15:28,c3-rule,4155000,30.96,61.29,1004.82,32.38,64.17,1004.42,1,0,RULES,1,1,1,
2026-09-28 17:15:29,c3-rule,4156000,30.99,61.30,1004.86,32.37,64.40,1004.38,1,0,RULES,1,1,1,
2026-09-28 17:15:30,c3-rule,4157000,30.96,61.29,1004.82,32.37,64.20,1004.38,1,0,RULES,1,1,1,
2026-09-28 17:15:31,c3-rule,4158000,30.94,61.29,1004.82,32.37,64.25,1004.42,1,0,RULES,1,1,1,
2026-09-28 17:15:32,c3-rule,4159000,30.92,61.30,1004.86,32.37,64.36,1004.45,1,0,RULES,1,1,1,
2026-09-28 17:15:33,c3-rule,4160000,30.91,61.30,1004.86,32.37,64.18,1004.35,1,0,RULES,1,1,1,
2026-09-28 17:15:34,c3-rule,4161000,30.88,61.29,1004.91,32.37,64.41,1004.38,1,0,RULES,1,1,1,
2026-09-28 17:15:35,c3-rule,4162000,30.87,61.29,1004.82,32.38,64.22,1004.38,1,0,RULES,1,1,1,
2026-09-28 17:15:36,c3-rule,4163000,30.85,61.29,1004.89,32.37,64.31,1004.32,1,0,RULES,1,1,1,
2026-09-28 17:15:37,c3-rule,4164000,30.80,61.29,1004.88,32.37,64.18,1004.32,1,0,RULES,1,1,1,
2026-09-28 17:15:38,c3-rule,4165000,30.75,61.29,1004.77,32.38,64.50,1004.38,1,0,RULES,1,1,1,
2026-09-28 17:15:39,c3-rule,4166000,30.74,61.28,1004.86,32.37,64.34,1004.38,1,0,RULES,1,1,1,
2026-09-28 17:15:40,c3-rule,4167000,30.72,61.28,1004.89,32.37,64.33,1004.32,1,0,RULES,1,1,1,
2026-09-28 17:15:41,c3-rule,4168000,30.69,61.28,1004.78,32.37,64.31,1004.37,1,0,RULES,1,1,1,
2026-09-28 17:15:42,c3-rule,4169000,30.70,61.28,1004.80,32.38,64.71,1004.39,1,0,RULES,1,1,1,
2026-09-28 17:15:43,c3-rule,4170000,30.69,61.28,1004.80,32.38,64.33,1004.36,1,0,RULES,1,1,1,
2026-09-28 17:15:44,c3-rule,4171000,30.67,61.29,1004.75,32.38,64.30,1004.38,1,0,RULES,1,1,1,
2026-09-28 17:15:45,c3-rule,4172000,30.65,61.28,1004.82,32.39,64.30,1004.40,1,0,RULES,1,1,1,
2026-09-28 17:15:46,c3-rule,4173000,30.61,61.28,1004.82,32.38,64.32,1004.33,1,0,RULES,1,1,1,
2026-09-28 17:15:47,c3-rule,4174000,30.60,61.28,1004.80,32.38,64.35,1004.39,1,0,RULES,1,1,1,
2026-09-28 17:15:48,c3-rule,4175000,30.55,61.27,1004.82,32.39,64.30,1004.41,1,0,RULES,1,1,1,
2026-09-28 17:15:49,c3-rule,4176000,30.54,61.28,1004.77,32.38,64.32,1004.38,1,0,RULES,1,1,1,
2026-09-28 17:15:50,c3-rule,4177000,30.52,61.28,1004.88,32.38,64.35,1004.36,1,0,RULES,1,1,1,
2026-09-28 17:15:51,c3-rule,4178000,30.50,61.27,1004.79,32.38,64.48,1004.34,1,0,RULES,1,1,1,
2026-09-28 17:15:52,c3-rule,4179000,30.49,61.27,1004.86,32.38,64.32,1004.44,1,0,RULES,1,1,1,
2026-09-28 17:15:53,c3-rule,4180000,30.45,61.27,1004.74,32.38,64.27,1004.33,1,0,RULES,1,1,1,
2026-09-28 17:15:54,c3-rule,4181000,30.43,61.27,1004.81,32.37,64.38,1004.35,1,0,RULES,1,1,1,
2026-09-28 17:15:55,c3-rule,4182000,30.39,61.27,1004.84,32.39,64.53,1004.37,1,0,RULES,1,1,1,
2026-09-28 17:15:56,c3-rule,4183000,30.39,61.27,1004.83,32.39,64.56,1004.38,1,0,RULES,1,1,1,
2026-09-28 17:15:57,c3-rule,4184000,30.38,61.27,1004.79,32.39,64.32,1004.40,1,0,RULES,1,1,1,
2026-09-28 17:15:58,c3-rule,4185000,30.36,61.27,1004.78,32.38,64.26,1004.39,1,0,RULES,1,1,1,
2026-09-28 17:15:59,c3-rule,4186000,30.35,61.27,1004.80,32.39,64.23,1004.34,1,0,RULES,1,1,1,
2026-09-28 17:16:00,c3-rule,4187000,30.35,61.27,1004.83,32.39,64.33,1004.35,1,0,RULES,1,1,1,
2026-09-28 17:16:01,c3-rule,4188000,30.34,61.26,1004.79,32.39,64.50,1004.38,1,0,RULES,1,1,1,
2026-09-28 17:16:02,c3-rule,4189000,30.34,61.26,1004.84,32.39,64.35,1004.35,1,0,RULES,1,1,1,
2026-09-28 17:16:03,c3-rule,4190000,30.36,61.27,1004.78,32.39,64.47,1004.32,1,0,RULES,1,1,1,
2026-09-28 17:16:04,c3-rule,4191000,30.38,61.27,1004.79,32.39,64.23,1004.41,1,0,RULES,1,1,1,
2026-09-28 17:16:05,c3-rule,4192000,30.39,61.27,1004.87,32.39,64.51,1004.34,1,0,RULES,1,1,1,
2026-09-28 17:16:06,c3-rule,4193000,30.40,61.27,1004.91,32.39,64.51,1004.37,1,0,RULES,1,1,1,
2026-09-28 17:16:07,c3-rule,4194000,30.37,61.27,1004.83,32.38,64.32,1004.36,1,0,RULES,1,1,1,
2026-09-28 17:16:08,c3-rule,4195000,30.40,61.27,1004.88,32.39,64.19,1004.37,1,0,RULES,1,1,1,
2026-09-28 17:16:09,c3-rule,4196000,30.36,61.27,1004.84,32.39,64.42,1004.41,1,0,RULES,1,1,1,
2026-09-28 17:16:10,c3-rule,4197000,30.35,61.27,1004.89,32.39,64.19,1004.41,1,0,RULES,1,1,1,
2026-09-28 17:16:11,c3-rule,4198000,30.36,61.27,1004.87,32.39,64.21,1004.41,1,0,RULES,1,1,1,
2026-09-28 17:16:12,c3-rule,4199000,30.35,61.27,1004.80,32.39,64.20,1004.35,1,0,RULES,1,1,1,
2026-09-28 17:16:13,c3-rule,4200000,30.35,61.27,1004.89,32.39,64.12,1004.38,1,0,RULES,1,1,1,
2026-09-28 17:16:14,c3-rule,4201000,30.33,61.26,1004.77,32.38,64.32,1004.39,1,0,RULES,1,1,1,
2026-09-28 17:16:15,c3-rule,4202000,30.35,61.26,1004.80,32.39,64.31,1004.35,1,0,RULES,1,1,1,
2026-09-28 17:16:16,c3-rule,4203000,30.34,61.26,1004.76,32.39,64.46,1004.40,1,0,RULES,1,1,1,
2026-09-28 17:16:17,c3-rule,4204000,30.34,61.26,1004.84,32.39,64.84,1004.44,1,0,RULES,1,1,1,
2026-09-28 17:16:18,c3-rule,4205000,30.32,61.26,1004.76,32.40,64.70,1004.47,1,0,RULES,1,1,1,
2026-09-28 17:16:19,c3-rule,4206000,30.33,61.26,1004.83,32.40,64.69,1004.42,1,0,RULES,1,1,1,
2026-09-28 17:16:20,c3-rule,4207000,30.32,61.26,1004.81,32.39,64.14,1004.46,1,0,RULES,1,1,1,
2026-09-28 17:16:21,c3-rule,4208000,30.31,61.26,1004.80,32.40,64.17,1004.40,1,0,RULES,1,1,1,
2026-09-28 17:16:22,c3-rule,4209000,30.31,61.26,1004.80,32.40,64.19,1004.42,1,0,RULES,1,1,1,
2026-09-28 17:16:23,c3-rule,4210000,30.32,61.26,1004.83,32.38,64.14,1004.36,1,0,RULES,1,1,1,
2026-09-28 17:16:24,c3-rule,4211000,30.32,61.26,1004.86,32.39,64.44,1004.44,1,0,RULES,1,1,1,
2026-09-28 17:16:25,c3-rule,4212000,30.30,61.26,1004.78,32.38,64.15,1004.34,1,0,RULES,1,1,1,
2026-09-28 17:16:26,c3-rule,4213000,30.32,61.26,1004.81,32.39,64.47,1004.37,1,0,RULES,1,1,1,
2026-09-28 17:16:27,c3-rule,4214000,30.32,61.26,1004.86,32.39,64.12,1004.37,1,0,RULES,1,1,1,
2026-09-28 17:16:28,c3-rule,4215000,30.32,61.26,1004.84,32.39,64.21,1004.46,1,0,RULES,1,1,1,
2026-09-28 17:16:29,c3-rule,4216000,30.34,61.26,1004.79,32.39,64.18,1004.35,1,0,RULES,1,1,1,
2026-09-28 17:16:30,c3-rule,4217000,30.36,61.27,1004.79,32.39,64.15,1004.44,1,0,RULES,1,1,1,
2026-09-28 17:16:31,c3-rule,4218000,30.36,61.27,1004.84,32.40,64.17,1004.42,1,0,RULES,1,1,1,
2026-09-28 17:16:32,c3-rule,4219000,30.35,61.27,1004.80,32.39,64.05,1004.43,1,0,RULES,1,1,1,
2026-09-28 17:16:33,c3-rule,4220000,30.38,61.27,1004.85,32.40,64.08,1004.42,1,0,RULES,1,1,1,
2026-09-28 17:16:34,c3-rule,4221000,30.37,61.27,1004.83,32.39,64.08,1004.41,1,0,RULES,1,1,1,
2026-09-28 17:16:35,c3-rule,4222000,30.39,61.27,1004.81,32.40,64.12,1004.39,1,0,RULES,1,1,1,
2026-09-28 17:16:35,c3-rule,,,,,,,,,,,,,,mist A=0 B=0 (mode change)
2026-09-28 17:16:35,c3-rule,,,,,,,,,,,,,,mode OFF
2026-09-28 17:16:36,c3-rule,4223000,30.39,61.27,1004.81,32.40,64.09,1004.40,0,0,OFF,1,1,1,
2026-09-28 17:16:37,end,,,,,,,,,,,,,,mode OFF
2026-09-28 17:16:37,end,,,,,,,,,,,,,,"S,mode=OFF,lo=75.0,hi=90.0,max=300,cool=180,man=600,use=A,period=1,in=ok,out=ok,tank=ok,mistA=0,mistB=0"
2026-09-28 17:16:37,end,,,,,,,,,,,,,,"S,mode=OFF,lo=75.0,hi=90.0,max=300,cool=180,man=600,use=A,period=1,in=ok,out=ok,tank=ok,mistA=0,mistB=0"
2026-09-28 17:16:37,end,4224000,30.39,61.27,1004.87,32.40,64.03,1004.44,0,0,OFF,1,1,1,
2026-09-28 17:16:38,end,4225000,30.38,61.27,1004.82,32.40,64.16,1004.39,0,0,OFF,1,1,1,
2026-09-28 17:16:39,end,4226000,30.40,61.27,1004.83,32.40,64.15,1004.48,0,0,OFF,1,1,1,
