solid OpenSCAD_Model
  facet normal 1 -0 0
    outer loop
      vertex 0 -3.32583 85.9048
      vertex 0 -3.3 25
      vertex 0 -3.3 86.2
    endloop
  endfacet
  facet normal 1 0 0
    outer loop
      vertex 0 -3.32583 85.9048
      vertex 0 -3.32583 25.2952
      vertex 0 -3.3 25
    endloop
  endfacet
  facet normal 1 -0 0
    outer loop
      vertex 0 -3.40252 85.6186
      vertex 0 -3.32583 25.2952
      vertex 0 -3.32583 85.9048
    endloop
  endfacet
  facet normal 1 0 0
    outer loop
      vertex 0 -3.40252 85.6186
      vertex 0 -3.40252 25.5814
      vertex 0 -3.32583 25.2952
    endloop
  endfacet
  facet normal 1 -0 0
    outer loop
      vertex 0 -3.52776 85.35
      vertex 0 -3.40252 25.5814
      vertex 0 -3.40252 85.6186
    endloop
  endfacet
  facet normal 1 0 0
    outer loop
      vertex 0 -3.52776 85.35
      vertex 0 -3.52776 25.85
      vertex 0 -3.40252 25.5814
    endloop
  endfacet
  facet normal 1 -0 0
    outer loop
      vertex 0 -3.69772 85.1073
      vertex 0 -3.52776 25.85
      vertex 0 -3.52776 85.35
    endloop
  endfacet
  facet normal 1 0 0
    outer loop
      vertex 0 -3.69772 85.1073
      vertex 0 -3.69772 26.0927
      vertex 0 -3.52776 25.85
    endloop
  endfacet
  facet normal 1 -0 0
    outer loop
      vertex 0 -3.90726 84.8977
      vertex 0 -3.69772 26.0927
      vertex 0 -3.69772 85.1073
    endloop
  endfacet
  facet normal 1 0 0
    outer loop
      vertex 0 -3.90726 84.8977
      vertex 0 -3.90726 26.3023
      vertex 0 -3.69772 26.0927
    endloop
  endfacet
  facet normal 1 -0 0
    outer loop
      vertex 0 -4.15 84.7278
      vertex 0 -3.90726 26.3023
      vertex 0 -3.90726 84.8977
    endloop
  endfacet
  facet normal 1 0 0
    outer loop
      vertex 0 -4.15 84.7278
      vertex 0 -4.15 26.4722
      vertex 0 -3.90726 26.3023
    endloop
  endfacet
  facet normal 1 -0 0
    outer loop
      vertex 0 -4.41857 84.6025
      vertex 0 -4.15 26.4722
      vertex 0 -4.15 84.7278
    endloop
  endfacet
  facet normal 1 0 0
    outer loop
      vertex 0 -4.41857 84.6025
      vertex 0 -4.41857 26.5975
      vertex 0 -4.15 26.4722
    endloop
  endfacet
  facet normal 1 -0 0
    outer loop
      vertex 0 -4.7048 84.5258
      vertex 0 -4.41857 26.5975
      vertex 0 -4.41857 84.6025
    endloop
  endfacet
  facet normal 1 0 0
    outer loop
      vertex 0 -4.7048 84.5258
      vertex 0 -4.7048 26.6742
      vertex 0 -4.41857 26.5975
    endloop
  endfacet
  facet normal 1 -0 0
    outer loop
      vertex 0 -5 84.5
      vertex 0 -4.7048 26.6742
      vertex 0 -4.7048 84.5258
    endloop
  endfacet
  facet normal 1 0 0
    outer loop
      vertex 0 -5 84.5
      vertex 0 -5 26.7
      vertex 0 -4.7048 26.6742
    endloop
  endfacet
  facet normal 1 0 0
    outer loop
      vertex 0 -5.2952 84.5258
      vertex 0 -5 26.7
      vertex 0 -5 84.5
    endloop
  endfacet
  facet normal 1 0 0
    outer loop
      vertex 0 -5.2952 84.5258
      vertex 0 -5.2952 26.6742
      vertex 0 -5 26.7
    endloop
  endfacet
  facet normal 1 0 0
    outer loop
      vertex 0 -5.58143 84.6025
      vertex 0 -5.2952 26.6742
      vertex 0 -5.2952 84.5258
    endloop
  endfacet
  facet normal 1 0 0
    outer loop
      vertex 0 -5.58143 84.6025
      vertex 0 -5.58143 26.5975
      vertex 0 -5.2952 26.6742
    endloop
  endfacet
  facet normal 1 0 0
    outer loop
      vertex 0 -5.85 84.7278
      vertex 0 -5.58143 26.5975
      vertex 0 -5.58143 84.6025
    endloop
  endfacet
  facet normal 1 0 0
    outer loop
      vertex 0 -5.85 84.7278
      vertex 0 -5.85 26.4722
      vertex 0 -5.58143 26.5975
    endloop
  endfacet
  facet normal 1 0 0
    outer loop
      vertex 0 -6.09274 84.8977
      vertex 0 -5.85 26.4722
      vertex 0 -5.85 84.7278
    endloop
  endfacet
  facet normal 1 0 0
    outer loop
      vertex 0 -6.09274 84.8977
      vertex 0 -6.09274 26.3023
      vertex 0 -5.85 26.4722
    endloop
  endfacet
  facet normal 1 0 0
    outer loop
      vertex 0 -6.30227 85.1073
      vertex 0 -6.09274 26.3023
      vertex 0 -6.09274 84.8977
    endloop
  endfacet
  facet normal 1 0 0
    outer loop
      vertex 0 -6.30227 85.1073
      vertex 0 -6.30227 26.0927
      vertex 0 -6.09274 26.3023
    endloop
  endfacet
  facet normal 1 0 0
    outer loop
      vertex 0 -6.47224 85.35
      vertex 0 -6.30227 26.0927
      vertex 0 -6.30227 85.1073
    endloop
  endfacet
  facet normal 1 0 0
    outer loop
      vertex 0 -6.47224 85.35
      vertex 0 -6.47224 25.85
      vertex 0 -6.30227 26.0927
    endloop
  endfacet
  facet normal 1 0 0
    outer loop
      vertex 0 -6.59748 85.6186
      vertex 0 -6.47224 25.85
      vertex 0 -6.47224 85.35
    endloop
  endfacet
  facet normal 1 0 0
    outer loop
      vertex 0 -6.59748 85.6186
      vertex 0 -6.59748 25.5814
      vertex 0 -6.47224 25.85
    endloop
  endfacet
  facet normal 1 0 0
    outer loop
      vertex 0 -6.67417 85.9048
      vertex 0 -6.59748 25.5814
      vertex 0 -6.59748 85.6186
    endloop
  endfacet
  facet normal 1 0 0
    outer loop
      vertex 0 -6.67417 85.9048
      vertex 0 -6.67417 25.2952
      vertex 0 -6.59748 25.5814
    endloop
  endfacet
  facet normal 1 0 0
    outer loop
      vertex 0 -6.7 86.2
      vertex 0 -6.67417 25.2952
      vertex 0 -6.67417 85.9048
    endloop
  endfacet
  facet normal 1 0 0
    outer loop
      vertex 0 -6.67417 25.2952
      vertex 0 -6.7 86.2
      vertex 0 -6.7 25
    endloop
  endfacet
  facet normal 1 0 0
    outer loop
      vertex 0 -3.32583 86.4952
      vertex 0 0 172.4
      vertex 0 -3.32583 157.105
    endloop
  endfacet
  facet normal 1 0 0
    outer loop
      vertex 0 0 172.4
      vertex 0 -3.32583 86.4952
      vertex 0 -3.3 86.2
    endloop
  endfacet
  facet normal 1 -0 0
    outer loop
      vertex 0 -3.40252 156.819
      vertex 0 -3.32583 86.4952
      vertex 0 -3.32583 157.105
    endloop
  endfacet
  facet normal 1 0 0
    outer loop
      vertex 0 -3.40252 156.819
      vertex 0 -3.40252 86.7814
      vertex 0 -3.32583 86.4952
    endloop
  endfacet
  facet normal 1 -0 0
    outer loop
      vertex 0 -3.52776 156.55
      vertex 0 -3.40252 86.7814
      vertex 0 -3.40252 156.819
    endloop
  endfacet
  facet normal 1 0 0
    outer loop
      vertex 0 -3.52776 156.55
      vertex 0 -3.52776 87.05
      vertex 0 -3.40252 86.7814
    endloop
  endfacet
  facet normal 1 -0 0
    outer loop
      vertex 0 -3.69772 156.307
      vertex 0 -3.52776 87.05
      vertex 0 -3.52776 156.55
    endloop
  endfacet
  facet normal 1 0 0
    outer loop
      vertex 0 -3.69772 156.307
      vertex 0 -3.69772 87.2927
      vertex 0 -3.52776 87.05
    endloop
  endfacet
  facet normal 1 -0 0
    outer loop
      vertex 0 -3.90726 156.098
      vertex 0 -3.69772 87.2927
      vertex 0 -3.69772 156.307
    endloop
  endfacet
  facet normal 1 0 0
    outer loop
      vertex 0 -3.90726 156.098
      vertex 0 -3.90726 87.5023
      vertex 0 -3.69772 87.2927
    endloop
  endfacet
  facet normal 1 -0 0
    outer loop
      vertex 0 -4.15 155.928
      vertex 0 -3.90726 87.5023
      vertex 0 -3.90726 156.098
    endloop
  endfacet
  facet normal 1 0 0
    outer loop
      vertex 0 -4.15 155.928
      vertex 0 -4.15 87.6722
      vertex 0 -3.90726 87.5023
    endloop
  endfacet
  facet normal 1 -0 0
    outer loop
      vertex 0 -4.41857 155.803
      vertex 0 -4.15 87.6722
      vertex 0 -4.15 155.928
    endloop
  endfacet
  facet normal 1 0 0
    outer loop
      vertex 0 -4.41857 155.803
      vertex 0 -4.41857 87.7975
      vertex 0 -4.15 87.6722
    endloop
  endfacet
  facet normal 1 -0 0
    outer loop
      vertex 0 -4.7048 155.726
      vertex 0 -4.41857 87.7975
      vertex 0 -4.41857 155.803
    endloop
  endfacet
  facet normal 1 0 0
    outer loop
      vertex 0 -4.7048 155.726
      vertex 0 -4.7048 87.8742
      vertex 0 -4.41857 87.7975
    endloop
  endfacet
  facet normal 1 -0 0
    outer loop
      vertex 0 -5 155.7
      vertex 0 -4.7048 87.8742
      vertex 0 -4.7048 155.726
    endloop
  endfacet
  facet normal 1 0 0
    outer loop
      vertex 0 -5 155.7
      vertex 0 -5 87.9
      vertex 0 -4.7048 87.8742
    endloop
  endfacet
  facet normal 1 0 0
    outer loop
      vertex 0 -5.2952 155.726
      vertex 0 -5 87.9
      vertex 0 -5 155.7
    endloop
  endfacet
  facet normal 1 0 0
    outer loop
      vertex 0 -5.2952 155.726
      vertex 0 -5.2952 87.8742
      vertex 0 -5 87.9
    endloop
  endfacet
  facet normal 1 0 0
    outer loop
      vertex 0 -5.58143 155.803
      vertex 0 -5.2952 87.8742
      vertex 0 -5.2952 155.726
    endloop
  endfacet
  facet normal 1 0 0
    outer loop
      vertex 0 -5.58143 155.803
      vertex 0 -5.58143 87.7975
      vertex 0 -5.2952 87.8742
    endloop
  endfacet
  facet normal 1 0 0
    outer loop
      vertex 0 -5.85 155.928
      vertex 0 -5.58143 87.7975
      vertex 0 -5.58143 155.803
    endloop
  endfacet
  facet normal 1 0 0
    outer loop
      vertex 0 -5.85 155.928
      vertex 0 -5.85 87.6722
      vertex 0 -5.58143 87.7975
    endloop
  endfacet
  facet normal 1 0 0
    outer loop
      vertex 0 -6.09274 156.098
      vertex 0 -5.85 87.6722
      vertex 0 -5.85 155.928
    endloop
  endfacet
  facet normal 1 0 0
    outer loop
      vertex 0 -6.09274 156.098
      vertex 0 -6.09274 87.5023
      vertex 0 -5.85 87.6722
    endloop
  endfacet
  facet normal 1 0 0
    outer loop
      vertex 0 -6.30227 156.307
      vertex 0 -6.09274 87.5023
      vertex 0 -6.09274 156.098
    endloop
  endfacet
  facet normal 1 0 0
    outer loop
      vertex 0 -6.30227 156.307
      vertex 0 -6.30227 87.2927
      vertex 0 -6.09274 87.5023
    endloop
  endfacet
  facet normal 1 0 0
    outer loop
      vertex 0 -6.47224 156.55
      vertex 0 -6.30227 87.2927
      vertex 0 -6.30227 156.307
    endloop
  endfacet
  facet normal 1 0 0
    outer loop
      vertex 0 -6.47224 156.55
      vertex 0 -6.47224 87.05
      vertex 0 -6.30227 87.2927
    endloop
  endfacet
  facet normal 1 0 0
    outer loop
      vertex 0 -6.59748 156.819
      vertex 0 -6.47224 87.05
      vertex 0 -6.47224 156.55
    endloop
  endfacet
  facet normal 1 0 0
    outer loop
      vertex 0 -6.59748 156.819
      vertex 0 -6.59748 86.7814
      vertex 0 -6.47224 87.05
    endloop
  endfacet
  facet normal 1 0 0
    outer loop
      vertex 0 -6.67417 157.105
      vertex 0 -6.59748 86.7814
      vertex 0 -6.59748 156.819
    endloop
  endfacet
  facet normal 1 0 0
    outer loop
      vertex 0 -6.67417 157.105
      vertex 0 -6.67417 86.4952
      vertex 0 -6.59748 86.7814
    endloop
  endfacet
  facet normal 1 0 0
    outer loop
      vertex 0 -10 172.4
      vertex 0 -6.67417 157.105
      vertex 0 -6.7 157.4
    endloop
  endfacet
  facet normal 1 0 0
    outer loop
      vertex 0 -6.67417 157.105
      vertex 0 -10 172.4
      vertex 0 -6.67417 86.4952
    endloop
  endfacet
  facet normal 1 0 0
    outer loop
      vertex 0 -3.32583 157.105
      vertex 0 0 172.4
      vertex 0 -3.3 157.4
    endloop
  endfacet
  facet normal 1 0 0
    outer loop
      vertex 0 0 172.4
      vertex 0 -3.32583 157.695
      vertex 0 -3.3 157.4
    endloop
  endfacet
  facet normal 1 0 0
    outer loop
      vertex 0 0 172.4
      vertex 0 -3.40252 157.981
      vertex 0 -3.32583 157.695
    endloop
  endfacet
  facet normal 1 0 0
    outer loop
      vertex 0 0 172.4
      vertex 0 -3.52776 158.25
      vertex 0 -3.40252 157.981
    endloop
  endfacet
  facet normal 1 0 0
    outer loop
      vertex 0 0 172.4
      vertex 0 -3.69772 158.493
      vertex 0 -3.52776 158.25
    endloop
  endfacet
  facet normal 1 0 0
    outer loop
      vertex 0 0 172.4
      vertex 0 -3.90726 158.702
      vertex 0 -3.69772 158.493
    endloop
  endfacet
  facet normal 1 0 0
    outer loop
      vertex 0 0 172.4
      vertex 0 -4.15 158.872
      vertex 0 -3.90726 158.702
    endloop
  endfacet
  facet normal 1 0 0
    outer loop
      vertex 0 0 172.4
      vertex 0 -4.41857 158.997
      vertex 0 -4.15 158.872
    endloop
  endfacet
  facet normal 1 0 0
    outer loop
      vertex 0 0 172.4
      vertex 0 -4.7048 159.074
      vertex 0 -4.41857 158.997
    endloop
  endfacet
  facet normal 1 0 0
    outer loop
      vertex 0 0 172.4
      vertex 0 -5 159.1
      vertex 0 -4.7048 159.074
    endloop
  endfacet
  facet normal 1 -0 0
    outer loop
      vertex 0 -10 172.4
      vertex 0 -5 159.1
      vertex 0 0 172.4
    endloop
  endfacet
  facet normal 1 0 0
    outer loop
      vertex 0 -5 159.1
      vertex 0 -10 172.4
      vertex 0 -5.2952 159.074
    endloop
  endfacet
  facet normal 1 0 0
    outer loop
      vertex 0 -5.2952 159.074
      vertex 0 -10 172.4
      vertex 0 -5.58143 158.997
    endloop
  endfacet
  facet normal 1 0 0
    outer loop
      vertex 0 -5.58143 158.997
      vertex 0 -10 172.4
      vertex 0 -5.85 158.872
    endloop
  endfacet
  facet normal 1 0 0
    outer loop
      vertex 0 -5.85 158.872
      vertex 0 -10 172.4
      vertex 0 -6.09274 158.702
    endloop
  endfacet
  facet normal 1 0 0
    outer loop
      vertex 0 -6.09274 158.702
      vertex 0 -10 172.4
      vertex 0 -6.30227 158.493
    endloop
  endfacet
  facet normal 1 0 0
    outer loop
      vertex 0 -6.30227 158.493
      vertex 0 -10 172.4
      vertex 0 -6.47224 158.25
    endloop
  endfacet
  facet normal 1 0 0
    outer loop
      vertex 0 -6.67417 86.4952
      vertex 0 -10 172.4
      vertex 0 -6.7 86.2
    endloop
  endfacet
  facet normal 1 0 0
    outer loop
      vertex 0 -10 0
      vertex 0 -6.7 86.2
      vertex 0 -10 172.4
    endloop
  endfacet
  facet normal 1 0 0
    outer loop
      vertex 0 -6.67417 157.695
      vertex 0 -10 172.4
      vertex 0 -6.7 157.4
    endloop
  endfacet
  facet normal 1 0 0
    outer loop
      vertex 0 -6.59748 157.981
      vertex 0 -10 172.4
      vertex 0 -6.67417 157.695
    endloop
  endfacet
  facet normal 1 0 0
    outer loop
      vertex 0 -6.47224 158.25
      vertex 0 -10 172.4
      vertex 0 -6.59748 157.981
    endloop
  endfacet
  facet normal 1 0 0
    outer loop
      vertex 0 0 172.4
      vertex 0 -3.3 86.2
      vertex 0 0 0
    endloop
  endfacet
  facet normal 1 -0 0
    outer loop
      vertex 0 -3.3 25
      vertex 0 0 0
      vertex 0 -3.3 86.2
    endloop
  endfacet
  facet normal 1 -0 0
    outer loop
      vertex 0 -3.32583 24.7048
      vertex 0 0 0
      vertex 0 -3.3 25
    endloop
  endfacet
  facet normal 1 -0 0
    outer loop
      vertex 0 -3.40252 24.4186
      vertex 0 0 0
      vertex 0 -3.32583 24.7048
    endloop
  endfacet
  facet normal 1 -0 0
    outer loop
      vertex 0 -3.52776 24.15
      vertex 0 0 0
      vertex 0 -3.40252 24.4186
    endloop
  endfacet
  facet normal 1 -0 0
    outer loop
      vertex 0 -3.69772 23.9073
      vertex 0 0 0
      vertex 0 -3.52776 24.15
    endloop
  endfacet
  facet normal 1 -0 0
    outer loop
      vertex 0 -3.90726 23.6977
      vertex 0 0 0
      vertex 0 -3.69772 23.9073
    endloop
  endfacet
  facet normal 1 -0 0
    outer loop
      vertex 0 -4.15 23.5278
      vertex 0 0 0
      vertex 0 -3.90726 23.6977
    endloop
  endfacet
  facet normal 1 -0 0
    outer loop
      vertex 0 -4.41857 23.4025
      vertex 0 0 0
      vertex 0 -4.15 23.5278
    endloop
  endfacet
  facet normal 1 -0 0
    outer loop
      vertex 0 -4.7048 23.3258
      vertex 0 0 0
      vertex 0 -4.41857 23.4025
    endloop
  endfacet
  facet normal 1 -0 0
    outer loop
      vertex 0 -5 23.3
      vertex 0 0 0
      vertex 0 -4.7048 23.3258
    endloop
  endfacet
  facet normal 1 0 0
    outer loop
      vertex 0 -10 0
      vertex 0 -5 23.3
      vertex 0 -5.2952 23.3258
    endloop
  endfacet
  facet normal 1 0 0
    outer loop
      vertex 0 -10 0
      vertex 0 -5.2952 23.3258
      vertex 0 -5.58143 23.4025
    endloop
  endfacet
  facet normal 1 0 0
    outer loop
      vertex 0 -10 0
      vertex 0 -5.58143 23.4025
      vertex 0 -5.85 23.5278
    endloop
  endfacet
  facet normal 1 0 0
    outer loop
      vertex 0 -10 0
      vertex 0 -5.85 23.5278
      vertex 0 -6.09274 23.6977
    endloop
  endfacet
  facet normal 1 0 0
    outer loop
      vertex 0 -10 0
      vertex 0 -6.09274 23.6977
      vertex 0 -6.30227 23.9073
    endloop
  endfacet
  facet normal 1 0 0
    outer loop
      vertex 0 -10 0
      vertex 0 -6.30227 23.9073
      vertex 0 -6.47224 24.15
    endloop
  endfacet
  facet normal 1 0 0
    outer loop
      vertex 0 -10 0
      vertex 0 -6.47224 24.15
      vertex 0 -6.59748 24.4186
    endloop
  endfacet
  facet normal 1 0 0
    outer loop
      vertex 0 -5 23.3
      vertex 0 -10 0
      vertex 0 0 0
    endloop
  endfacet
  facet normal 1 0 0
    outer loop
      vertex 0 -6.67417 24.7048
      vertex 0 -10 0
      vertex 0 -6.59748 24.4186
    endloop
  endfacet
  facet normal 1 0 0
    outer loop
      vertex 0 -6.7 25
      vertex 0 -10 0
      vertex 0 -6.67417 24.7048
    endloop
  endfacet
  facet normal 1 0 0
    outer loop
      vertex 0 -6.7 86.2
      vertex 0 -10 0
      vertex 0 -6.7 25
    endloop
  endfacet
  facet normal 1 -0 0
    outer loop
      vertex 0 161.474 85.9048
      vertex 0 161.5 25
      vertex 0 161.5 86.2
    endloop
  endfacet
  facet normal 1 0 0
    outer loop
      vertex 0 161.474 85.9048
      vertex 0 161.474 25.2952
      vertex 0 161.5 25
    endloop
  endfacet
  facet normal 1 -0 0
    outer loop
      vertex 0 161.397 85.6186
      vertex 0 161.474 25.2952
      vertex 0 161.474 85.9048
    endloop
  endfacet
  facet normal 1 0 0
    outer loop
      vertex 0 161.397 85.6186
      vertex 0 161.397 25.5814
      vertex 0 161.474 25.2952
    endloop
  endfacet
  facet normal 1 -0 0
    outer loop
      vertex 0 161.272 85.35
      vertex 0 161.397 25.5814
      vertex 0 161.397 85.6186
    endloop
  endfacet
  facet normal 1 0 0
    outer loop
      vertex 0 161.272 85.35
      vertex 0 161.272 25.85
      vertex 0 161.397 25.5814
    endloop
  endfacet
  facet normal 1 -0 0
    outer loop
      vertex 0 161.102 85.1073
      vertex 0 161.272 25.85
      vertex 0 161.272 85.35
    endloop
  endfacet
  facet normal 1 0 0
    outer loop
      vertex 0 161.102 85.1073
      vertex 0 161.102 26.0927
      vertex 0 161.272 25.85
    endloop
  endfacet
  facet normal 1 -0 0
    outer loop
      vertex 0 160.893 84.8977
      vertex 0 161.102 26.0927
      vertex 0 161.102 85.1073
    endloop
  endfacet
  facet normal 1 0 0
    outer loop
      vertex 0 160.893 84.8977
      vertex 0 160.893 26.3023
      vertex 0 161.102 26.0927
    endloop
  endfacet
  facet normal 1 -0 0
    outer loop
      vertex 0 160.65 84.7278
      vertex 0 160.893 26.3023
      vertex 0 160.893 84.8977
    endloop
  endfacet
  facet normal 1 0 0
    outer loop
      vertex 0 160.65 84.7278
      vertex 0 160.65 26.4722
      vertex 0 160.893 26.3023
    endloop
  endfacet
  facet normal 1 -0 0
    outer loop
      vertex 0 160.381 84.6025
      vertex 0 160.65 26.4722
      vertex 0 160.65 84.7278
    endloop
  endfacet
  facet normal 1 0 0
    outer loop
      vertex 0 160.381 84.6025
      vertex 0 160.381 26.5975
      vertex 0 160.65 26.4722
    endloop
  endfacet
  facet normal 1 -0 0
    outer loop
      vertex 0 160.095 84.5258
      vertex 0 160.381 26.5975
      vertex 0 160.381 84.6025
    endloop
  endfacet
  facet normal 1 0 0
    outer loop
      vertex 0 160.095 84.5258
      vertex 0 160.095 26.6742
      vertex 0 160.381 26.5975
    endloop
  endfacet
  facet normal 1 -0 0
    outer loop
      vertex 0 159.8 84.5
      vertex 0 160.095 26.6742
      vertex 0 160.095 84.5258
    endloop
  endfacet
  facet normal 1 0 0
    outer loop
      vertex 0 159.8 84.5
      vertex 0 159.8 26.7
      vertex 0 160.095 26.6742
    endloop
  endfacet
  facet normal 1 0 0
    outer loop
      vertex 0 159.505 84.5258
      vertex 0 159.8 26.7
      vertex 0 159.8 84.5
    endloop
  endfacet
  facet normal 1 0 0
    outer loop
      vertex 0 159.505 84.5258
      vertex 0 159.505 26.6742
      vertex 0 159.8 26.7
    endloop
  endfacet
  facet normal 1 0 0
    outer loop
      vertex 0 159.219 84.6025
      vertex 0 159.505 26.6742
      vertex 0 159.505 84.5258
    endloop
  endfacet
  facet normal 1 0 0
    outer loop
      vertex 0 159.219 84.6025
      vertex 0 159.219 26.5975
      vertex 0 159.505 26.6742
    endloop
  endfacet
  facet normal 1 0 0
    outer loop
      vertex 0 158.95 84.7278
      vertex 0 159.219 26.5975
      vertex 0 159.219 84.6025
    endloop
  endfacet
  facet normal 1 0 0
    outer loop
      vertex 0 158.95 84.7278
      vertex 0 158.95 26.4722
      vertex 0 159.219 26.5975
    endloop
  endfacet
  facet normal 1 0 0
    outer loop
      vertex 0 158.707 84.8977
      vertex 0 158.95 26.4722
      vertex 0 158.95 84.7278
    endloop
  endfacet
  facet normal 1 0 0
    outer loop
      vertex 0 158.707 84.8977
      vertex 0 158.707 26.3023
      vertex 0 158.95 26.4722
    endloop
  endfacet
  facet normal 1 0 0
    outer loop
      vertex 0 158.498 85.1073
      vertex 0 158.707 26.3023
      vertex 0 158.707 84.8977
    endloop
  endfacet
  facet normal 1 0 0
    outer loop
      vertex 0 158.498 85.1073
      vertex 0 158.498 26.0927
      vertex 0 158.707 26.3023
    endloop
  endfacet
  facet normal 1 0 0
    outer loop
      vertex 0 158.328 85.35
      vertex 0 158.498 26.0927
      vertex 0 158.498 85.1073
    endloop
  endfacet
  facet normal 1 0 0
    outer loop
      vertex 0 158.328 85.35
      vertex 0 158.328 25.85
      vertex 0 158.498 26.0927
    endloop
  endfacet
  facet normal 1 0 0
    outer loop
      vertex 0 158.203 85.6186
      vertex 0 158.328 25.85
      vertex 0 158.328 85.35
    endloop
  endfacet
  facet normal 1 0 0
    outer loop
      vertex 0 158.203 85.6186
      vertex 0 158.203 25.5814
      vertex 0 158.328 25.85
    endloop
  endfacet
  facet normal 1 0 0
    outer loop
      vertex 0 158.126 85.9048
      vertex 0 158.203 25.5814
      vertex 0 158.203 85.6186
    endloop
  endfacet
  facet normal 1 0 0
    outer loop
      vertex 0 158.126 85.9048
      vertex 0 158.126 25.2952
      vertex 0 158.203 25.5814
    endloop
  endfacet
  facet normal 1 0 0
    outer loop
      vertex 0 158.1 86.2
      vertex 0 158.126 25.2952
      vertex 0 158.126 85.9048
    endloop
  endfacet
  facet normal 1 0 0
    outer loop
      vertex 0 158.126 25.2952
      vertex 0 158.1 86.2
      vertex 0 158.1 25
    endloop
  endfacet
  facet normal 1 0 0
    outer loop
      vertex 0 161.474 86.4952
      vertex 0 164.8 172.4
      vertex 0 161.474 157.105
    endloop
  endfacet
  facet normal 1 0 0
    outer loop
      vertex 0 164.8 172.4
      vertex 0 161.474 86.4952
      vertex 0 161.5 86.2
    endloop
  endfacet
  facet normal 1 -0 0
    outer loop
      vertex 0 161.397 156.819
      vertex 0 161.474 86.4952
      vertex 0 161.474 157.105
    endloop
  endfacet
  facet normal 1 0 0
    outer loop
      vertex 0 161.397 156.819
      vertex 0 161.397 86.7814
      vertex 0 161.474 86.4952
    endloop
  endfacet
  facet normal 1 -0 0
    outer loop
      vertex 0 161.272 156.55
      vertex 0 161.397 86.7814
      vertex 0 161.397 156.819
    endloop
  endfacet
  facet normal 1 0 0
    outer loop
      vertex 0 161.272 156.55
      vertex 0 161.272 87.05
      vertex 0 161.397 86.7814
    endloop
  endfacet
  facet normal 1 -0 0
    outer loop
      vertex 0 161.102 156.307
      vertex 0 161.272 87.05
      vertex 0 161.272 156.55
    endloop
  endfacet
  facet normal 1 0 0
    outer loop
      vertex 0 161.102 156.307
      vertex 0 161.102 87.2927
      vertex 0 161.272 87.05
    endloop
  endfacet
  facet normal 1 -0 0
    outer loop
      vertex 0 160.893 156.098
      vertex 0 161.102 87.2927
      vertex 0 161.102 156.307
    endloop
  endfacet
  facet normal 1 0 0
    outer loop
      vertex 0 160.893 156.098
      vertex 0 160.893 87.5023
      vertex 0 161.102 87.2927
    endloop
  endfacet
  facet normal 1 -0 0
    outer loop
      vertex 0 160.65 155.928
      vertex 0 160.893 87.5023
      vertex 0 160.893 156.098
    endloop
  endfacet
  facet normal 1 0 0
    outer loop
      vertex 0 160.65 155.928
      vertex 0 160.65 87.6722
      vertex 0 160.893 87.5023
    endloop
  endfacet
  facet normal 1 -0 0
    outer loop
      vertex 0 160.381 155.803
      vertex 0 160.65 87.6722
      vertex 0 160.65 155.928
    endloop
  endfacet
  facet normal 1 0 0
    outer loop
      vertex 0 160.381 155.803
      vertex 0 160.381 87.7975
      vertex 0 160.65 87.6722
    endloop
  endfacet
  facet normal 1 -0 0
    outer loop
      vertex 0 160.095 155.726
      vertex 0 160.381 87.7975
      vertex 0 160.381 155.803
    endloop
  endfacet
  facet normal 1 0 0
    outer loop
      vertex 0 160.095 155.726
      vertex 0 160.095 87.8742
      vertex 0 160.381 87.7975
    endloop
  endfacet
  facet normal 1 -0 0
    outer loop
      vertex 0 159.8 155.7
      vertex 0 160.095 87.8742
      vertex 0 160.095 155.726
    endloop
  endfacet
  facet normal 1 0 0
    outer loop
      vertex 0 159.8 155.7
      vertex 0 159.8 87.9
      vertex 0 160.095 87.8742
    endloop
  endfacet
  facet normal 1 0 0
    outer loop
      vertex 0 159.505 155.726
      vertex 0 159.8 87.9
      vertex 0 159.8 155.7
    endloop
  endfacet
  facet normal 1 0 0
    outer loop
      vertex 0 159.505 155.726
      vertex 0 159.505 87.8742
      vertex 0 159.8 87.9
    endloop
  endfacet
  facet normal 1 0 0
    outer loop
      vertex 0 159.219 155.803
      vertex 0 159.505 87.8742
      vertex 0 159.505 155.726
    endloop
  endfacet
  facet normal 1 0 0
    outer loop
      vertex 0 159.219 155.803
      vertex 0 159.219 87.7975
      vertex 0 159.505 87.8742
    endloop
  endfacet
  facet normal 1 0 0
    outer loop
      vertex 0 158.95 155.928
      vertex 0 159.219 87.7975
      vertex 0 159.219 155.803
    endloop
  endfacet
  facet normal 1 0 0
    outer loop
      vertex 0 158.95 155.928
      vertex 0 158.95 87.6722
      vertex 0 159.219 87.7975
    endloop
  endfacet
  facet normal 1 0 0
    outer loop
      vertex 0 158.707 156.098
      vertex 0 158.95 87.6722
      vertex 0 158.95 155.928
    endloop
  endfacet
  facet normal 1 0 0
    outer loop
      vertex 0 158.707 156.098
      vertex 0 158.707 87.5023
      vertex 0 158.95 87.6722
    endloop
  endfacet
  facet normal 1 0 0
    outer loop
      vertex 0 158.498 156.307
      vertex 0 158.707 87.5023
      vertex 0 158.707 156.098
    endloop
  endfacet
  facet normal 1 0 0
    outer loop
      vertex 0 158.498 156.307
      vertex 0 158.498 87.2927
      vertex 0 158.707 87.5023
    endloop
  endfacet
  facet normal 1 0 0
    outer loop
      vertex 0 158.328 156.55
      vertex 0 158.498 87.2927
      vertex 0 158.498 156.307
    endloop
  endfacet
  facet normal 1 0 0
    outer loop
      vertex 0 158.328 156.55
      vertex 0 158.328 87.05
      vertex 0 158.498 87.2927
    endloop
  endfacet
  facet normal 1 0 0
    outer loop
      vertex 0 158.203 156.819
      vertex 0 158.328 87.05
      vertex 0 158.328 156.55
    endloop
  endfacet
  facet normal 1 0 0
    outer loop
      vertex 0 158.203 156.819
      vertex 0 158.203 86.7814
      vertex 0 158.328 87.05
    endloop
  endfacet
  facet normal 1 0 0
    outer loop
      vertex 0 158.126 157.105
      vertex 0 158.203 86.7814
      vertex 0 158.203 156.819
    endloop
  endfacet
  facet normal 1 0 0
    outer loop
      vertex 0 158.126 157.105
      vertex 0 158.126 86.4952
      vertex 0 158.203 86.7814
    endloop
  endfacet
  facet normal 1 0 0
    outer loop
      vertex 0 154.8 172.4
      vertex 0 158.126 157.105
      vertex 0 158.1 157.4
    endloop
  endfacet
  facet normal 1 0 0
    outer loop
      vertex 0 158.126 157.105
      vertex 0 154.8 172.4
      vertex 0 158.126 86.4952
    endloop
  endfacet
  facet normal 1 0 0
    outer loop
      vertex 0 161.474 157.105
      vertex 0 164.8 172.4
      vertex 0 161.5 157.4
    endloop
  endfacet
  facet normal 1 0 0
    outer loop
      vertex 0 164.8 172.4
      vertex 0 161.474 157.695
      vertex 0 161.5 157.4
    endloop
  endfacet
  facet normal 1 0 0
    outer loop
      vertex 0 164.8 172.4
      vertex 0 161.397 157.981
      vertex 0 161.474 157.695
    endloop
  endfacet
  facet normal 1 0 0
    outer loop
      vertex 0 164.8 172.4
      vertex 0 161.272 158.25
      vertex 0 161.397 157.981
    endloop
  endfacet
  facet normal 1 0 0
    outer loop
      vertex 0 164.8 172.4
      vertex 0 161.102 158.493
      vertex 0 161.272 158.25
    endloop
  endfacet
  facet normal 1 0 0
    outer loop
      vertex 0 164.8 172.4
      vertex 0 160.893 158.702
      vertex 0 161.102 158.493
    endloop
  endfacet
  facet normal 1 0 0
    outer loop
      vertex 0 164.8 172.4
      vertex 0 160.65 158.872
      vertex 0 160.893 158.702
    endloop
  endfacet
  facet normal 1 0 0
    outer loop
      vertex 0 164.8 172.4
      vertex 0 160.381 158.997
      vertex 0 160.65 158.872
    endloop
  endfacet
  facet normal 1 0 0
    outer loop
      vertex 0 164.8 172.4
      vertex 0 160.095 159.074
      vertex 0 160.381 158.997
    endloop
  endfacet
  facet normal 1 0 0
    outer loop
      vertex 0 164.8 172.4
      vertex 0 159.8 159.1
      vertex 0 160.095 159.074
    endloop
  endfacet
  facet normal 1 -0 0
    outer loop
      vertex 0 154.8 172.4
      vertex 0 159.8 159.1
      vertex 0 164.8 172.4
    endloop
  endfacet
  facet normal 1 0 0
    outer loop
      vertex 0 159.8 159.1
      vertex 0 154.8 172.4
      vertex 0 159.505 159.074
    endloop
  endfacet
  facet normal 1 0 0
    outer loop
      vertex 0 159.505 159.074
      vertex 0 154.8 172.4
      vertex 0 159.219 158.997
    endloop
  endfacet
  facet normal 1 0 0
    outer loop
      vertex 0 159.219 158.997
      vertex 0 154.8 172.4
      vertex 0 158.95 158.872
    endloop
  endfacet
  facet normal 1 0 0
    outer loop
      vertex 0 158.95 158.872
      vertex 0 154.8 172.4
      vertex 0 158.707 158.702
    endloop
  endfacet
  facet normal 1 0 0
    outer loop
      vertex 0 158.707 158.702
      vertex 0 154.8 172.4
      vertex 0 158.498 158.493
    endloop
  endfacet
  facet normal 1 0 0
    outer loop
      vertex 0 158.498 158.493
      vertex 0 154.8 172.4
      vertex 0 158.328 158.25
    endloop
  endfacet
  facet normal 1 0 0
    outer loop
      vertex 0 158.126 86.4952
      vertex 0 154.8 172.4
      vertex 0 158.1 86.2
    endloop
  endfacet
  facet normal 1 0 0
    outer loop
      vertex 0 154.8 0
      vertex 0 158.1 86.2
      vertex 0 154.8 172.4
    endloop
  endfacet
  facet normal 1 0 0
    outer loop
      vertex 0 158.126 157.695
      vertex 0 154.8 172.4
      vertex 0 158.1 157.4
    endloop
  endfacet
  facet normal 1 0 0
    outer loop
      vertex 0 158.203 157.981
      vertex 0 154.8 172.4
      vertex 0 158.126 157.695
    endloop
  endfacet
  facet normal 1 0 0
    outer loop
      vertex 0 158.328 158.25
      vertex 0 154.8 172.4
      vertex 0 158.203 157.981
    endloop
  endfacet
  facet normal 1 0 0
    outer loop
      vertex 0 164.8 172.4
      vertex 0 161.5 86.2
      vertex 0 164.8 0
    endloop
  endfacet
  facet normal 1 -0 0
    outer loop
      vertex 0 161.5 25
      vertex 0 164.8 0
      vertex 0 161.5 86.2
    endloop
  endfacet
  facet normal 1 -0 0
    outer loop
      vertex 0 161.474 24.7048
      vertex 0 164.8 0
      vertex 0 161.5 25
    endloop
  endfacet
  facet normal 1 -0 0
    outer loop
      vertex 0 161.397 24.4186
      vertex 0 164.8 0
      vertex 0 161.474 24.7048
    endloop
  endfacet
  facet normal 1 -0 0
    outer loop
      vertex 0 161.272 24.15
      vertex 0 164.8 0
      vertex 0 161.397 24.4186
    endloop
  endfacet
  facet normal 1 -0 0
    outer loop
      vertex 0 161.102 23.9073
      vertex 0 164.8 0
      vertex 0 161.272 24.15
    endloop
  endfacet
  facet normal 1 -0 0
    outer loop
      vertex 0 160.893 23.6977
      vertex 0 164.8 0
      vertex 0 161.102 23.9073
    endloop
  endfacet
  facet normal 1 -0 0
    outer loop
      vertex 0 160.65 23.5278
      vertex 0 164.8 0
      vertex 0 160.893 23.6977
    endloop
  endfacet
  facet normal 1 -0 0
    outer loop
      vertex 0 160.381 23.4025
      vertex 0 164.8 0
      vertex 0 160.65 23.5278
    endloop
  endfacet
  facet normal 1 -0 0
    outer loop
      vertex 0 160.095 23.3258
      vertex 0 164.8 0
      vertex 0 160.381 23.4025
    endloop
  endfacet
  facet normal 1 -0 0
    outer loop
      vertex 0 159.8 23.3
      vertex 0 164.8 0
      vertex 0 160.095 23.3258
    endloop
  endfacet
  facet normal 1 0 0
    outer loop
      vertex 0 154.8 0
      vertex 0 159.8 23.3
      vertex 0 159.505 23.3258
    endloop
  endfacet
  facet normal 1 0 0
    outer loop
      vertex 0 154.8 0
      vertex 0 159.505 23.3258
      vertex 0 159.219 23.4025
    endloop
  endfacet
  facet normal 1 0 0
    outer loop
      vertex 0 154.8 0
      vertex 0 159.219 23.4025
      vertex 0 158.95 23.5278
    endloop
  endfacet
  facet normal 1 0 0
    outer loop
      vertex 0 154.8 0
      vertex 0 158.95 23.5278
      vertex 0 158.707 23.6977
    endloop
  endfacet
  facet normal 1 0 0
    outer loop
      vertex 0 154.8 0
      vertex 0 158.707 23.6977
      vertex 0 158.498 23.9073
    endloop
  endfacet
  facet normal 1 0 0
    outer loop
      vertex 0 154.8 0
      vertex 0 158.498 23.9073
      vertex 0 158.328 24.15
    endloop
  endfacet
  facet normal 1 0 0
    outer loop
      vertex 0 154.8 0
      vertex 0 158.328 24.15
      vertex 0 158.203 24.4186
    endloop
  endfacet
  facet normal 1 0 0
    outer loop
      vertex 0 159.8 23.3
      vertex 0 154.8 0
      vertex 0 164.8 0
    endloop
  endfacet
  facet normal 1 0 0
    outer loop
      vertex 0 158.126 24.7048
      vertex 0 154.8 0
      vertex 0 158.203 24.4186
    endloop
  endfacet
  facet normal 1 0 0
    outer loop
      vertex 0 158.1 25
      vertex 0 154.8 0
      vertex 0 158.126 24.7048
    endloop
  endfacet
  facet normal 1 0 0
    outer loop
      vertex 0 158.1 86.2
      vertex 0 154.8 0
      vertex 0 158.1 25
    endloop
  endfacet
  facet normal -1 0 0
    outer loop
      vertex 0 15.4 125.4
      vertex 0 51.4 134.4
      vertex 0 51.4 125.4
    endloop
  endfacet
  facet normal -1 -0 0
    outer loop
      vertex 0 51.4 134.4
      vertex 0 15.4 125.4
      vertex 0 15.4 134.4
    endloop
  endfacet
  facet normal -1 0 0
    outer loop
      vertex 0 15.4 109.4
      vertex 0 51.4 118.4
      vertex 0 51.4 109.4
    endloop
  endfacet
  facet normal -1 -0 0
    outer loop
      vertex 0 51.4 118.4
      vertex 0 15.4 109.4
      vertex 0 15.4 118.4
    endloop
  endfacet
  facet normal -1 0 0
    outer loop
      vertex 0 15.4 93.4
      vertex 0 51.4 102.4
      vertex 0 51.4 93.4
    endloop
  endfacet
  facet normal -1 -0 0
    outer loop
      vertex 0 51.4 102.4
      vertex 0 15.4 93.4
      vertex 0 15.4 102.4
    endloop
  endfacet
  facet normal -1 0 0
    outer loop
      vertex 0 15.4 77.4
      vertex 0 51.4 86.4
      vertex 0 51.4 77.4
    endloop
  endfacet
  facet normal -1 -0 0
    outer loop
      vertex 0 51.4 86.4
      vertex 0 15.4 77.4
      vertex 0 15.4 86.4
    endloop
  endfacet
  facet normal -1 0 0
    outer loop
      vertex 0 15.4 61.4
      vertex 0 51.4 70.4
      vertex 0 51.4 61.4
    endloop
  endfacet
  facet normal -1 -0 0
    outer loop
      vertex 0 51.4 70.4
      vertex 0 15.4 61.4
      vertex 0 15.4 70.4
    endloop
  endfacet
  facet normal -1 0 0
    outer loop
      vertex 0 15.4 45.4
      vertex 0 51.4 54.4
      vertex 0 51.4 45.4
    endloop
  endfacet
  facet normal -1 -0 0
    outer loop
      vertex 0 51.4 54.4
      vertex 0 15.4 45.4
      vertex 0 15.4 54.4
    endloop
  endfacet
  facet normal -1 0 0
    outer loop
      vertex 0 15.4 29.4
      vertex 0 51.4 38.4
      vertex 0 51.4 29.4
    endloop
  endfacet
  facet normal -1 -0 0
    outer loop
      vertex 0 51.4 38.4
      vertex 0 15.4 29.4
      vertex 0 15.4 38.4
    endloop
  endfacet
  facet normal -1 0 0
    outer loop
      vertex 0 59.4 125.4
      vertex 0 95.4 134.4
      vertex 0 95.4 125.4
    endloop
  endfacet
  facet normal -1 -0 0
    outer loop
      vertex 0 95.4 134.4
      vertex 0 59.4 125.4
      vertex 0 59.4 134.4
    endloop
  endfacet
  facet normal -1 0 0
    outer loop
      vertex 0 59.4 109.4
      vertex 0 95.4 118.4
      vertex 0 95.4 109.4
    endloop
  endfacet
  facet normal -1 -0 0
    outer loop
      vertex 0 95.4 118.4
      vertex 0 59.4 109.4
      vertex 0 59.4 118.4
    endloop
  endfacet
  facet normal -1 0 0
    outer loop
      vertex 0 59.4 93.4
      vertex 0 95.4 102.4
      vertex 0 95.4 93.4
    endloop
  endfacet
  facet normal -1 -0 0
    outer loop
      vertex 0 95.4 102.4
      vertex 0 59.4 93.4
      vertex 0 59.4 102.4
    endloop
  endfacet
  facet normal -1 0 0
    outer loop
      vertex 0 59.4 77.4
      vertex 0 95.4 86.4
      vertex 0 95.4 77.4
    endloop
  endfacet
  facet normal -1 -0 0
    outer loop
      vertex 0 95.4 86.4
      vertex 0 59.4 77.4
      vertex 0 59.4 86.4
    endloop
  endfacet
  facet normal -1 0 0
    outer loop
      vertex 0 59.4 61.4
      vertex 0 95.4 70.4
      vertex 0 95.4 61.4
    endloop
  endfacet
  facet normal -1 -0 0
    outer loop
      vertex 0 95.4 70.4
      vertex 0 59.4 61.4
      vertex 0 59.4 70.4
    endloop
  endfacet
  facet normal -1 0 0
    outer loop
      vertex 0 59.4 45.4
      vertex 0 95.4 54.4
      vertex 0 95.4 45.4
    endloop
  endfacet
  facet normal -1 -0 0
    outer loop
      vertex 0 95.4 54.4
      vertex 0 59.4 45.4
      vertex 0 59.4 54.4
    endloop
  endfacet
  facet normal -1 0 0
    outer loop
      vertex 0 59.4 29.4
      vertex 0 95.4 38.4
      vertex 0 95.4 29.4
    endloop
  endfacet
  facet normal -1 -0 0
    outer loop
      vertex 0 95.4 38.4
      vertex 0 59.4 29.4
      vertex 0 59.4 38.4
    endloop
  endfacet
  facet normal -1 0 0
    outer loop
      vertex 0 103.4 125.4
      vertex 0 139.4 134.4
      vertex 0 139.4 125.4
    endloop
  endfacet
  facet normal -1 -0 0
    outer loop
      vertex 0 139.4 134.4
      vertex 0 103.4 125.4
      vertex 0 103.4 134.4
    endloop
  endfacet
  facet normal -1 0 0
    outer loop
      vertex 0 103.4 109.4
      vertex 0 139.4 118.4
      vertex 0 139.4 109.4
    endloop
  endfacet
  facet normal -1 -0 0
    outer loop
      vertex 0 139.4 118.4
      vertex 0 103.4 109.4
      vertex 0 103.4 118.4
    endloop
  endfacet
  facet normal -1 0 0
    outer loop
      vertex 0 103.4 93.4
      vertex 0 139.4 102.4
      vertex 0 139.4 93.4
    endloop
  endfacet
  facet normal -1 -0 0
    outer loop
      vertex 0 139.4 102.4
      vertex 0 103.4 93.4
      vertex 0 103.4 102.4
    endloop
  endfacet
  facet normal -1 0 0
    outer loop
      vertex 0 103.4 77.4
      vertex 0 139.4 86.4
      vertex 0 139.4 77.4
    endloop
  endfacet
  facet normal -1 -0 0
    outer loop
      vertex 0 139.4 86.4
      vertex 0 103.4 77.4
      vertex 0 103.4 86.4
    endloop
  endfacet
  facet normal -1 0 0
    outer loop
      vertex 0 103.4 61.4
      vertex 0 139.4 70.4
      vertex 0 139.4 61.4
    endloop
  endfacet
  facet normal -1 -0 0
    outer loop
      vertex 0 139.4 70.4
      vertex 0 103.4 61.4
      vertex 0 103.4 70.4
    endloop
  endfacet
  facet normal -1 0 0
    outer loop
      vertex 0 103.4 45.4
      vertex 0 139.4 54.4
      vertex 0 139.4 45.4
    endloop
  endfacet
  facet normal -1 -0 0
    outer loop
      vertex 0 139.4 54.4
      vertex 0 103.4 45.4
      vertex 0 103.4 54.4
    endloop
  endfacet
  facet normal -1 0 0
    outer loop
      vertex 0 103.4 29.4
      vertex 0 139.4 38.4
      vertex 0 139.4 29.4
    endloop
  endfacet
  facet normal -1 -0 0
    outer loop
      vertex 0 139.4 38.4
      vertex 0 103.4 29.4
      vertex 0 103.4 38.4
    endloop
  endfacet
  facet normal -1 0 0
    outer loop
      vertex 0 139.4 29.4
      vertex 0 152.4 10
      vertex 0 139.4 22.4
    endloop
  endfacet
  facet normal -1 0 0
    outer loop
      vertex 0 152.4 10
      vertex 0 103.4 22.4
      vertex 0 139.4 22.4
    endloop
  endfacet
  facet normal -1 0 0
    outer loop
      vertex 0 95.4 29.4
      vertex 0 103.4 29.4
      vertex 0 103.4 22.4
    endloop
  endfacet
  facet normal -1 0 0
    outer loop
      vertex 0 103.4 29.4
      vertex 0 95.4 29.4
      vertex 0 103.4 38.4
    endloop
  endfacet
  facet normal -1 0 0
    outer loop
      vertex 0 103.4 38.4
      vertex 0 95.4 38.4
      vertex 0 103.4 45.4
    endloop
  endfacet
  facet normal -1 0 0
    outer loop
      vertex 0 95.4 45.4
      vertex 0 103.4 45.4
      vertex 0 95.4 38.4
    endloop
  endfacet
  facet normal -1 0 0
    outer loop
      vertex 0 95.4 54.4
      vertex 0 103.4 54.4
      vertex 0 95.4 45.4
    endloop
  endfacet
  facet normal -1 0 0
    outer loop
      vertex 0 103.4 54.4
      vertex 0 95.4 54.4
      vertex 0 103.4 61.4
    endloop
  endfacet
  facet normal -1 0 0
    outer loop
      vertex 0 103.4 61.4
      vertex 0 95.4 61.4
      vertex 0 103.4 70.4
    endloop
  endfacet
  facet normal -1 0 0
    outer loop
      vertex 0 95.4 70.4
      vertex 0 103.4 70.4
      vertex 0 95.4 61.4
    endloop
  endfacet
  facet normal -1 0 0
    outer loop
      vertex 0 95.4 77.4
      vertex 0 103.4 77.4
      vertex 0 95.4 70.4
    endloop
  endfacet
  facet normal -1 0 0
    outer loop
      vertex 0 103.4 77.4
      vertex 0 95.4 77.4
      vertex 0 103.4 86.4
    endloop
  endfacet
  facet normal -1 0 0
    outer loop
      vertex 0 103.4 86.4
      vertex 0 95.4 86.4
      vertex 0 103.4 93.4
    endloop
  endfacet
  facet normal -1 0 0
    outer loop
      vertex 0 95.4 93.4
      vertex 0 103.4 93.4
      vertex 0 95.4 86.4
    endloop
  endfacet
  facet normal -1 0 0
    outer loop
      vertex 0 95.4 102.4
      vertex 0 103.4 102.4
      vertex 0 95.4 93.4
    endloop
  endfacet
  facet normal -1 0 0
    outer loop
      vertex 0 103.4 102.4
      vertex 0 95.4 102.4
      vertex 0 103.4 109.4
    endloop
  endfacet
  facet normal -1 0 0
    outer loop
      vertex 0 95.4 29.4
      vertex 0 103.4 22.4
      vertex 0 95.4 22.4
    endloop
  endfacet
  facet normal -1 0 0
    outer loop
      vertex 0 152.4 10
      vertex 0 95.4 22.4
      vertex 0 103.4 22.4
    endloop
  endfacet
  facet normal -1 0 0
    outer loop
      vertex 0 152.4 10
      vertex 0 59.4 22.4
      vertex 0 95.4 22.4
    endloop
  endfacet
  facet normal -1 0 0
    outer loop
      vertex 0 51.4 29.4
      vertex 0 59.4 29.4
      vertex 0 59.4 22.4
    endloop
  endfacet
  facet normal -1 0 0
    outer loop
      vertex 0 59.4 29.4
      vertex 0 51.4 29.4
      vertex 0 59.4 38.4
    endloop
  endfacet
  facet normal -1 0 0
    outer loop
      vertex 0 59.4 38.4
      vertex 0 51.4 38.4
      vertex 0 59.4 45.4
    endloop
  endfacet
  facet normal -1 0 0
    outer loop
      vertex 0 51.4 45.4
      vertex 0 59.4 45.4
      vertex 0 51.4 38.4
    endloop
  endfacet
  facet normal -1 0 0
    outer loop
      vertex 0 51.4 54.4
      vertex 0 59.4 54.4
      vertex 0 51.4 45.4
    endloop
  endfacet
  facet normal -1 0 0
    outer loop
      vertex 0 59.4 54.4
      vertex 0 51.4 54.4
      vertex 0 59.4 61.4
    endloop
  endfacet
  facet normal -1 0 0
    outer loop
      vertex 0 59.4 61.4
      vertex 0 51.4 61.4
      vertex 0 59.4 70.4
    endloop
  endfacet
  facet normal -1 0 0
    outer loop
      vertex 0 51.4 70.4
      vertex 0 59.4 70.4
      vertex 0 51.4 61.4
    endloop
  endfacet
  facet normal -1 0 0
    outer loop
      vertex 0 51.4 77.4
      vertex 0 59.4 77.4
      vertex 0 51.4 70.4
    endloop
  endfacet
  facet normal -1 0 0
    outer loop
      vertex 0 59.4 77.4
      vertex 0 51.4 77.4
      vertex 0 59.4 86.4
    endloop
  endfacet
  facet normal -1 0 0
    outer loop
      vertex 0 59.4 86.4
      vertex 0 51.4 86.4
      vertex 0 59.4 93.4
    endloop
  endfacet
  facet normal -1 0 0
    outer loop
      vertex 0 51.4 93.4
      vertex 0 59.4 93.4
      vertex 0 51.4 86.4
    endloop
  endfacet
  facet normal -1 0 0
    outer loop
      vertex 0 51.4 102.4
      vertex 0 59.4 102.4
      vertex 0 51.4 93.4
    endloop
  endfacet
  facet normal -1 0 0
    outer loop
      vertex 0 59.4 102.4
      vertex 0 51.4 102.4
      vertex 0 59.4 109.4
    endloop
  endfacet
  facet normal -1 0 0
    outer loop
      vertex 0 51.4 29.4
      vertex 0 59.4 22.4
      vertex 0 51.4 22.4
    endloop
  endfacet
  facet normal -1 0 0
    outer loop
      vertex 0 2.4 10
      vertex 0 59.4 22.4
      vertex 0 152.4 10
    endloop
  endfacet
  facet normal -1 -0 0
    outer loop
      vertex 0 59.4 22.4
      vertex 0 2.4 10
      vertex 0 51.4 22.4
    endloop
  endfacet
  facet normal -1 0 0
    outer loop
      vertex 0 2.4 10
      vertex 0 15.4 29.4
      vertex 0 15.4 22.4
    endloop
  endfacet
  facet normal -1 -0 0
    outer loop
      vertex 0 15.4 29.4
      vertex 0 2.4 10
      vertex 0 15.4 38.4
    endloop
  endfacet
  facet normal -1 -0 0
    outer loop
      vertex 0 15.4 38.4
      vertex 0 2.4 10
      vertex 0 15.4 45.4
    endloop
  endfacet
  facet normal -1 -0 0
    outer loop
      vertex 0 15.4 45.4
      vertex 0 2.4 10
      vertex 0 15.4 54.4
    endloop
  endfacet
  facet normal -1 -0 0
    outer loop
      vertex 0 15.4 54.4
      vertex 0 2.4 10
      vertex 0 15.4 61.4
    endloop
  endfacet
  facet normal -1 -0 0
    outer loop
      vertex 0 15.4 61.4
      vertex 0 2.4 10
      vertex 0 15.4 70.4
    endloop
  endfacet
  facet normal -1 -0 0
    outer loop
      vertex 0 15.4 70.4
      vertex 0 2.4 10
      vertex 0 15.4 77.4
    endloop
  endfacet
  facet normal -1 -0 0
    outer loop
      vertex 0 15.4 77.4
      vertex 0 2.4 10
      vertex 0 15.4 86.4
    endloop
  endfacet
  facet normal -1 -0 0
    outer loop
      vertex 0 15.4 86.4
      vertex 0 2.4 10
      vertex 0 15.4 93.4
    endloop
  endfacet
  facet normal -1 0 0
    outer loop
      vertex 0 2.4 172.4
      vertex 0 15.4 93.4
      vertex 0 2.4 10
    endloop
  endfacet
  facet normal -1 0 0
    outer loop
      vertex 0 15.4 93.4
      vertex 0 2.4 172.4
      vertex 0 15.4 102.4
    endloop
  endfacet
  facet normal -1 0 0
    outer loop
      vertex 0 15.4 102.4
      vertex 0 2.4 172.4
      vertex 0 15.4 109.4
    endloop
  endfacet
  facet normal -1 0 0
    outer loop
      vertex 0 15.4 109.4
      vertex 0 2.4 172.4
      vertex 0 15.4 118.4
    endloop
  endfacet
  facet normal -1 0 0
    outer loop
      vertex 0 15.4 118.4
      vertex 0 2.4 172.4
      vertex 0 15.4 125.4
    endloop
  endfacet
  facet normal -1 0 0
    outer loop
      vertex 0 15.4 125.4
      vertex 0 2.4 172.4
      vertex 0 15.4 134.4
    endloop
  endfacet
  facet normal -1 -0 0
    outer loop
      vertex 0 51.4 22.4
      vertex 0 2.4 10
      vertex 0 15.4 22.4
    endloop
  endfacet
  facet normal -1 0 0
    outer loop
      vertex 0 139.4 38.4
      vertex 0 152.4 10
      vertex 0 139.4 29.4
    endloop
  endfacet
  facet normal -1 0 0
    outer loop
      vertex 0 139.4 45.4
      vertex 0 152.4 10
      vertex 0 139.4 38.4
    endloop
  endfacet
  facet normal -1 0 0
    outer loop
      vertex 0 139.4 54.4
      vertex 0 152.4 10
      vertex 0 139.4 45.4
    endloop
  endfacet
  facet normal -1 0 0
    outer loop
      vertex 0 139.4 61.4
      vertex 0 152.4 10
      vertex 0 139.4 54.4
    endloop
  endfacet
  facet normal -1 0 0
    outer loop
      vertex 0 139.4 70.4
      vertex 0 152.4 10
      vertex 0 139.4 61.4
    endloop
  endfacet
  facet normal -1 0 0
    outer loop
      vertex 0 139.4 77.4
      vertex 0 152.4 10
      vertex 0 139.4 70.4
    endloop
  endfacet
  facet normal -1 0 0
    outer loop
      vertex 0 139.4 86.4
      vertex 0 152.4 10
      vertex 0 139.4 77.4
    endloop
  endfacet
  facet normal -1 0 0
    outer loop
      vertex 0 152.4 10
      vertex 0 139.4 86.4
      vertex 0 152.4 172.4
    endloop
  endfacet
  facet normal -1 0 0
    outer loop
      vertex 0 139.4 93.4
      vertex 0 152.4 172.4
      vertex 0 139.4 86.4
    endloop
  endfacet
  facet normal -1 0 0
    outer loop
      vertex 0 139.4 102.4
      vertex 0 152.4 172.4
      vertex 0 139.4 93.4
    endloop
  endfacet
  facet normal -1 0 0
    outer loop
      vertex 0 139.4 109.4
      vertex 0 152.4 172.4
      vertex 0 139.4 102.4
    endloop
  endfacet
  facet normal -1 0 0
    outer loop
      vertex 0 139.4 118.4
      vertex 0 152.4 172.4
      vertex 0 139.4 109.4
    endloop
  endfacet
  facet normal -1 0 0
    outer loop
      vertex 0 139.4 125.4
      vertex 0 152.4 172.4
      vertex 0 139.4 118.4
    endloop
  endfacet
  facet normal -1 0 0
    outer loop
      vertex 0 139.4 134.4
      vertex 0 152.4 172.4
      vertex 0 139.4 125.4
    endloop
  endfacet
  facet normal -1 0 0
    outer loop
      vertex 0 139.4 141.4
      vertex 0 152.4 172.4
      vertex 0 139.4 134.4
    endloop
  endfacet
  facet normal -1 0 0
    outer loop
      vertex 0 103.4 141.4
      vertex 0 152.4 172.4
      vertex 0 139.4 141.4
    endloop
  endfacet
  facet normal -1 -0 0
    outer loop
      vertex 0 103.4 38.4
      vertex 0 95.4 29.4
      vertex 0 95.4 38.4
    endloop
  endfacet
  facet normal -1 0 0
    outer loop
      vertex 0 103.4 45.4
      vertex 0 95.4 45.4
      vertex 0 103.4 54.4
    endloop
  endfacet
  facet normal -1 0 0
    outer loop
      vertex 0 95.4 61.4
      vertex 0 103.4 61.4
      vertex 0 95.4 54.4
    endloop
  endfacet
  facet normal -1 0 0
    outer loop
      vertex 0 103.4 70.4
      vertex 0 95.4 70.4
      vertex 0 103.4 77.4
    endloop
  endfacet
  facet normal -1 0 0
    outer loop
      vertex 0 95.4 86.4
      vertex 0 103.4 86.4
      vertex 0 95.4 77.4
    endloop
  endfacet
  facet normal -1 0 0
    outer loop
      vertex 0 103.4 93.4
      vertex 0 95.4 93.4
      vertex 0 103.4 102.4
    endloop
  endfacet
  facet normal -1 0 0
    outer loop
      vertex 0 95.4 109.4
      vertex 0 103.4 109.4
      vertex 0 95.4 102.4
    endloop
  endfacet
  facet normal -1 0 0
    outer loop
      vertex 0 103.4 109.4
      vertex 0 95.4 109.4
      vertex 0 103.4 118.4
    endloop
  endfacet
  facet normal -1 0 0
    outer loop
      vertex 0 95.4 118.4
      vertex 0 103.4 118.4
      vertex 0 95.4 109.4
    endloop
  endfacet
  facet normal -1 0 0
    outer loop
      vertex 0 103.4 118.4
      vertex 0 95.4 118.4
      vertex 0 103.4 125.4
    endloop
  endfacet
  facet normal -1 0 0
    outer loop
      vertex 0 95.4 125.4
      vertex 0 103.4 125.4
      vertex 0 95.4 118.4
    endloop
  endfacet
  facet normal -1 0 0
    outer loop
      vertex 0 103.4 125.4
      vertex 0 95.4 125.4
      vertex 0 103.4 134.4
    endloop
  endfacet
  facet normal -1 0 0
    outer loop
      vertex 0 95.4 134.4
      vertex 0 103.4 134.4
      vertex 0 95.4 125.4
    endloop
  endfacet
  facet normal -1 0 0
    outer loop
      vertex 0 103.4 134.4
      vertex 0 95.4 134.4
      vertex 0 103.4 141.4
    endloop
  endfacet
  facet normal -1 0 0
    outer loop
      vertex 0 95.4 141.4
      vertex 0 103.4 141.4
      vertex 0 95.4 134.4
    endloop
  endfacet
  facet normal -1 0 0
    outer loop
      vertex 0 95.4 141.4
      vertex 0 152.4 172.4
      vertex 0 103.4 141.4
    endloop
  endfacet
  facet normal -1 0 0
    outer loop
      vertex 0 59.4 141.4
      vertex 0 152.4 172.4
      vertex 0 95.4 141.4
    endloop
  endfacet
  facet normal -1 -0 0
    outer loop
      vertex 0 59.4 38.4
      vertex 0 51.4 29.4
      vertex 0 51.4 38.4
    endloop
  endfacet
  facet normal -1 0 0
    outer loop
      vertex 0 59.4 45.4
      vertex 0 51.4 45.4
      vertex 0 59.4 54.4
    endloop
  endfacet
  facet normal -1 0 0
    outer loop
      vertex 0 51.4 61.4
      vertex 0 59.4 61.4
      vertex 0 51.4 54.4
    endloop
  endfacet
  facet normal -1 0 0
    outer loop
      vertex 0 59.4 70.4
      vertex 0 51.4 70.4
      vertex 0 59.4 77.4
    endloop
  endfacet
  facet normal -1 0 0
    outer loop
      vertex 0 51.4 86.4
      vertex 0 59.4 86.4
      vertex 0 51.4 77.4
    endloop
  endfacet
  facet normal -1 0 0
    outer loop
      vertex 0 59.4 93.4
      vertex 0 51.4 93.4
      vertex 0 59.4 102.4
    endloop
  endfacet
  facet normal -1 0 0
    outer loop
      vertex 0 51.4 109.4
      vertex 0 59.4 109.4
      vertex 0 51.4 102.4
    endloop
  endfacet
  facet normal -1 0 0
    outer loop
      vertex 0 59.4 109.4
      vertex 0 51.4 109.4
      vertex 0 59.4 118.4
    endloop
  endfacet
  facet normal -1 0 0
    outer loop
      vertex 0 51.4 118.4
      vertex 0 59.4 118.4
      vertex 0 51.4 109.4
    endloop
  endfacet
  facet normal -1 0 0
    outer loop
      vertex 0 59.4 118.4
      vertex 0 51.4 118.4
      vertex 0 59.4 125.4
    endloop
  endfacet
  facet normal -1 0 0
    outer loop
      vertex 0 51.4 125.4
      vertex 0 59.4 125.4
      vertex 0 51.4 118.4
    endloop
  endfacet
  facet normal -1 0 0
    outer loop
      vertex 0 59.4 125.4
      vertex 0 51.4 125.4
      vertex 0 59.4 134.4
    endloop
  endfacet
  facet normal -1 0 0
    outer loop
      vertex 0 51.4 134.4
      vertex 0 59.4 134.4
      vertex 0 51.4 125.4
    endloop
  endfacet
  facet normal -1 0 0
    outer loop
      vertex 0 59.4 134.4
      vertex 0 51.4 134.4
      vertex 0 59.4 141.4
    endloop
  endfacet
  facet normal -1 0 0
    outer loop
      vertex 0 51.4 141.4
      vertex 0 59.4 141.4
      vertex 0 51.4 134.4
    endloop
  endfacet
  facet normal -1 0 0
    outer loop
      vertex 0 2.4 172.4
      vertex 0 59.4 141.4
      vertex 0 51.4 141.4
    endloop
  endfacet
  facet normal -1 0 0
    outer loop
      vertex 0 2.4 172.4
      vertex 0 51.4 141.4
      vertex 0 15.4 141.4
    endloop
  endfacet
  facet normal -1 0 0
    outer loop
      vertex 0 59.4 141.4
      vertex 0 2.4 172.4
      vertex 0 152.4 172.4
    endloop
  endfacet
  facet normal -1 0 0
    outer loop
      vertex 0 15.4 134.4
      vertex 0 2.4 172.4
      vertex 0 15.4 141.4
    endloop
  endfacet
  facet normal -1 0 0
    outer loop
      vertex 0 116.574 4.7048
      vertex 0 116.574 5.2952
      vertex 0 116.6 5
    endloop
  endfacet
  facet normal -1 0 0
    outer loop
      vertex 0 116.497 4.41857
      vertex 0 116.574 5.2952
      vertex 0 116.574 4.7048
    endloop
  endfacet
  facet normal -1 0 0
    outer loop
      vertex 0 116.497 4.41857
      vertex 0 116.497 5.58143
      vertex 0 116.574 5.2952
    endloop
  endfacet
  facet normal -1 0 0
    outer loop
      vertex 0 116.372 4.15
      vertex 0 116.497 5.58143
      vertex 0 116.497 4.41857
    endloop
  endfacet
  facet normal -1 0 0
    outer loop
      vertex 0 116.372 4.15
      vertex 0 116.372 5.85
      vertex 0 116.497 5.58143
    endloop
  endfacet
  facet normal -1 0 0
    outer loop
      vertex 0 116.202 3.90726
      vertex 0 116.372 5.85
      vertex 0 116.372 4.15
    endloop
  endfacet
  facet normal -1 0 0
    outer loop
      vertex 0 116.202 3.90726
      vertex 0 116.202 6.09274
      vertex 0 116.372 5.85
    endloop
  endfacet
  facet normal -1 0 0
    outer loop
      vertex 0 115.993 3.69772
      vertex 0 116.202 6.09274
      vertex 0 116.202 3.90726
    endloop
  endfacet
  facet normal -1 0 0
    outer loop
      vertex 0 115.993 3.69772
      vertex 0 115.993 6.30227
      vertex 0 116.202 6.09274
    endloop
  endfacet
  facet normal -1 0 0
    outer loop
      vertex 0 115.75 3.52776
      vertex 0 115.993 6.30227
      vertex 0 115.993 3.69772
    endloop
  endfacet
  facet normal -1 0 0
    outer loop
      vertex 0 115.75 3.52776
      vertex 0 115.75 6.47224
      vertex 0 115.993 6.30227
    endloop
  endfacet
  facet normal -1 0 0
    outer loop
      vertex 0 115.481 3.40252
      vertex 0 115.75 6.47224
      vertex 0 115.75 3.52776
    endloop
  endfacet
  facet normal -1 0 0
    outer loop
      vertex 0 115.481 3.40252
      vertex 0 115.481 6.59748
      vertex 0 115.75 6.47224
    endloop
  endfacet
  facet normal -1 0 0
    outer loop
      vertex 0 115.195 3.32583
      vertex 0 115.481 6.59748
      vertex 0 115.481 3.40252
    endloop
  endfacet
  facet normal -1 0 0
    outer loop
      vertex 0 115.195 3.32583
      vertex 0 115.195 6.67417
      vertex 0 115.481 6.59748
    endloop
  endfacet
  facet normal -1 0 0
    outer loop
      vertex 0 114.9 3.3
      vertex 0 115.195 6.67417
      vertex 0 115.195 3.32583
    endloop
  endfacet
  facet normal -1 0 0
    outer loop
      vertex 0 114.9 3.3
      vertex 0 114.9 6.7
      vertex 0 115.195 6.67417
    endloop
  endfacet
  facet normal -1 0 0
    outer loop
      vertex 0 114.605 3.32583
      vertex 0 114.9 6.7
      vertex 0 114.9 3.3
    endloop
  endfacet
  facet normal -1 0 0
    outer loop
      vertex 0 114.605 3.32583
      vertex 0 114.605 6.67417
      vertex 0 114.9 6.7
    endloop
  endfacet
  facet normal -1 0 0
    outer loop
      vertex 0 114.319 3.40252
      vertex 0 114.605 6.67417
      vertex 0 114.605 3.32583
    endloop
  endfacet
  facet normal -1 0 0
    outer loop
      vertex 0 114.319 3.40252
      vertex 0 114.319 6.59748
      vertex 0 114.605 6.67417
    endloop
  endfacet
  facet normal -1 0 0
    outer loop
      vertex 0 114.05 3.52776
      vertex 0 114.319 6.59748
      vertex 0 114.319 3.40252
    endloop
  endfacet
  facet normal -1 0 0
    outer loop
      vertex 0 114.05 3.52776
      vertex 0 114.05 6.47224
      vertex 0 114.319 6.59748
    endloop
  endfacet
  facet normal -1 0 0
    outer loop
      vertex 0 113.807 3.69772
      vertex 0 114.05 6.47224
      vertex 0 114.05 3.52776
    endloop
  endfacet
  facet normal -1 0 0
    outer loop
      vertex 0 113.807 3.69772
      vertex 0 113.807 6.30227
      vertex 0 114.05 6.47224
    endloop
  endfacet
  facet normal -1 0 0
    outer loop
      vertex 0 113.598 3.90726
      vertex 0 113.807 6.30227
      vertex 0 113.807 3.69772
    endloop
  endfacet
  facet normal -1 0 0
    outer loop
      vertex 0 113.598 3.90726
      vertex 0 113.598 6.09274
      vertex 0 113.807 6.30227
    endloop
  endfacet
  facet normal -1 0 0
    outer loop
      vertex 0 113.428 4.15
      vertex 0 113.598 6.09274
      vertex 0 113.598 3.90726
    endloop
  endfacet
  facet normal -1 0 0
    outer loop
      vertex 0 113.428 4.15
      vertex 0 113.428 5.85
      vertex 0 113.598 6.09274
    endloop
  endfacet
  facet normal -1 0 0
    outer loop
      vertex 0 113.303 4.41857
      vertex 0 113.428 5.85
      vertex 0 113.428 4.15
    endloop
  endfacet
  facet normal -1 0 0
    outer loop
      vertex 0 113.303 4.41857
      vertex 0 113.303 5.58143
      vertex 0 113.428 5.85
    endloop
  endfacet
  facet normal -1 0 0
    outer loop
      vertex 0 113.226 4.7048
      vertex 0 113.303 5.58143
      vertex 0 113.303 4.41857
    endloop
  endfacet
  facet normal -1 0 0
    outer loop
      vertex 0 113.226 4.7048
      vertex 0 113.226 5.2952
      vertex 0 113.303 5.58143
    endloop
  endfacet
  facet normal -1 0 -0
    outer loop
      vertex 0 113.226 5.2952
      vertex 0 113.226 4.7048
      vertex 0 113.2 5
    endloop
  endfacet
  facet normal -1 0 0
    outer loop
      vertex 0 41.5742 4.7048
      vertex 0 41.5742 5.2952
      vertex 0 41.6 5
    endloop
  endfacet
  facet normal -1 0 0
    outer loop
      vertex 0 41.4975 4.41857
      vertex 0 41.5742 5.2952
      vertex 0 41.5742 4.7048
    endloop
  endfacet
  facet normal -1 0 0
    outer loop
      vertex 0 41.4975 4.41857
      vertex 0 41.4975 5.58143
      vertex 0 41.5742 5.2952
    endloop
  endfacet
  facet normal -1 0 0
    outer loop
      vertex 0 41.3722 4.15
      vertex 0 41.4975 5.58143
      vertex 0 41.4975 4.41857
    endloop
  endfacet
  facet normal -1 0 0
    outer loop
      vertex 0 41.3722 4.15
      vertex 0 41.3722 5.85
      vertex 0 41.4975 5.58143
    endloop
  endfacet
  facet normal -1 0 0
    outer loop
      vertex 0 41.2023 3.90726
      vertex 0 41.3722 5.85
      vertex 0 41.3722 4.15
    endloop
  endfacet
  facet normal -1 0 0
    outer loop
      vertex 0 41.2023 3.90726
      vertex 0 41.2023 6.09274
      vertex 0 41.3722 5.85
    endloop
  endfacet
  facet normal -1 0 0
    outer loop
      vertex 0 40.9927 3.69772
      vertex 0 41.2023 6.09274
      vertex 0 41.2023 3.90726
    endloop
  endfacet
  facet normal -1 0 0
    outer loop
      vertex 0 40.9927 3.69772
      vertex 0 40.9927 6.30227
      vertex 0 41.2023 6.09274
    endloop
  endfacet
  facet normal -1 0 0
    outer loop
      vertex 0 40.75 3.52776
      vertex 0 40.9927 6.30227
      vertex 0 40.9927 3.69772
    endloop
  endfacet
  facet normal -1 0 0
    outer loop
      vertex 0 40.75 3.52776
      vertex 0 40.75 6.47224
      vertex 0 40.9927 6.30227
    endloop
  endfacet
  facet normal -1 0 0
    outer loop
      vertex 0 40.4814 3.40252
      vertex 0 40.75 6.47224
      vertex 0 40.75 3.52776
    endloop
  endfacet
  facet normal -1 0 0
    outer loop
      vertex 0 40.4814 3.40252
      vertex 0 40.4814 6.59748
      vertex 0 40.75 6.47224
    endloop
  endfacet
  facet normal -1 0 0
    outer loop
      vertex 0 40.1952 3.32583
      vertex 0 40.4814 6.59748
      vertex 0 40.4814 3.40252
    endloop
  endfacet
  facet normal -1 0 0
    outer loop
      vertex 0 40.1952 3.32583
      vertex 0 40.1952 6.67417
      vertex 0 40.4814 6.59748
    endloop
  endfacet
  facet normal -1 0 0
    outer loop
      vertex 0 39.9 3.3
      vertex 0 40.1952 6.67417
      vertex 0 40.1952 3.32583
    endloop
  endfacet
  facet normal -1 0 0
    outer loop
      vertex 0 39.9 3.3
      vertex 0 39.9 6.7
      vertex 0 40.1952 6.67417
    endloop
  endfacet
  facet normal -1 0 0
    outer loop
      vertex 0 39.6048 3.32583
      vertex 0 39.9 6.7
      vertex 0 39.9 3.3
    endloop
  endfacet
  facet normal -1 0 0
    outer loop
      vertex 0 39.6048 3.32583
      vertex 0 39.6048 6.67417
      vertex 0 39.9 6.7
    endloop
  endfacet
  facet normal -1 0 0
    outer loop
      vertex 0 39.3186 3.40252
      vertex 0 39.6048 6.67417
      vertex 0 39.6048 3.32583
    endloop
  endfacet
  facet normal -1 0 0
    outer loop
      vertex 0 39.3186 3.40252
      vertex 0 39.3186 6.59748
      vertex 0 39.6048 6.67417
    endloop
  endfacet
  facet normal -1 0 0
    outer loop
      vertex 0 39.05 3.52776
      vertex 0 39.3186 6.59748
      vertex 0 39.3186 3.40252
    endloop
  endfacet
  facet normal -1 0 0
    outer loop
      vertex 0 39.05 3.52776
      vertex 0 39.05 6.47224
      vertex 0 39.3186 6.59748
    endloop
  endfacet
  facet normal -1 0 0
    outer loop
      vertex 0 38.8073 3.69772
      vertex 0 39.05 6.47224
      vertex 0 39.05 3.52776
    endloop
  endfacet
  facet normal -1 0 0
    outer loop
      vertex 0 38.8073 3.69772
      vertex 0 38.8073 6.30227
      vertex 0 39.05 6.47224
    endloop
  endfacet
  facet normal -1 0 0
    outer loop
      vertex 0 38.5977 3.90726
      vertex 0 38.8073 6.30227
      vertex 0 38.8073 3.69772
    endloop
  endfacet
  facet normal -1 0 0
    outer loop
      vertex 0 38.5977 3.90726
      vertex 0 38.5977 6.09274
      vertex 0 38.8073 6.30227
    endloop
  endfacet
  facet normal -1 0 0
    outer loop
      vertex 0 38.4278 4.15
      vertex 0 38.5977 6.09274
      vertex 0 38.5977 3.90726
    endloop
  endfacet
  facet normal -1 0 0
    outer loop
      vertex 0 38.4278 4.15
      vertex 0 38.4278 5.85
      vertex 0 38.5977 6.09274
    endloop
  endfacet
  facet normal -1 0 0
    outer loop
      vertex 0 38.3025 4.41857
      vertex 0 38.4278 5.85
      vertex 0 38.4278 4.15
    endloop
  endfacet
  facet normal -1 0 0
    outer loop
      vertex 0 38.3025 4.41857
      vertex 0 38.3025 5.58143
      vertex 0 38.4278 5.85
    endloop
  endfacet
  facet normal -1 0 0
    outer loop
      vertex 0 38.2258 4.7048
      vertex 0 38.3025 5.58143
      vertex 0 38.3025 4.41857
    endloop
  endfacet
  facet normal -1 0 0
    outer loop
      vertex 0 38.2258 4.7048
      vertex 0 38.2258 5.2952
      vertex 0 38.3025 5.58143
    endloop
  endfacet
  facet normal -1 0 -0
    outer loop
      vertex 0 38.2258 5.2952
      vertex 0 38.2258 4.7048
      vertex 0 38.2 5
    endloop
  endfacet
  facet normal -0 0 1
    outer loop
      vertex -3 164.8 172.4
      vertex 0 154.8 172.4
      vertex 0 164.8 172.4
    endloop
  endfacet
  facet normal 0 0 1
    outer loop
      vertex -3 152.4 172.4
      vertex 0 154.8 172.4
      vertex -3 164.8 172.4
    endloop
  endfacet
  facet normal 0 0 1
    outer loop
      vertex 0 154.8 172.4
      vertex -3 152.4 172.4
      vertex 0 152.4 172.4
    endloop
  endfacet
  facet normal 0 0 1
    outer loop
      vertex 74.8 154.8 172.4
      vertex 72.4 152.4 172.4
      vertex 74.8 0 172.4
    endloop
  endfacet
  facet normal 0 0 1
    outer loop
      vertex 74.8 154.8 172.4
      vertex 2.4 152.4 172.4
      vertex 72.4 152.4 172.4
    endloop
  endfacet
  facet normal 0 0 1
    outer loop
      vertex 0 152.4 172.4
      vertex 2.4 152.4 172.4
      vertex 0 154.8 172.4
    endloop
  endfacet
  facet normal -0 0 1
    outer loop
      vertex 0 154.8 172.4
      vertex 2.4 152.4 172.4
      vertex 74.8 154.8 172.4
    endloop
  endfacet
  facet normal -0 0 1
    outer loop
      vertex 72.4 2.4 172.4
      vertex 74.8 0 172.4
      vertex 72.4 152.4 172.4
    endloop
  endfacet
  facet normal -0 0 1
    outer loop
      vertex 2.4 2.4 172.4
      vertex 74.8 0 172.4
      vertex 72.4 2.4 172.4
    endloop
  endfacet
  facet normal 0 0 1
    outer loop
      vertex 2.4 152.4 172.4
      vertex 0 152.4 172.4
      vertex 2.4 2.4 172.4
    endloop
  endfacet
  facet normal 0 0 1
    outer loop
      vertex 0 2.4 172.4
      vertex 2.4 2.4 172.4
      vertex 0 152.4 172.4
    endloop
  endfacet
  facet normal 0 0 1
    outer loop
      vertex 0 0 172.4
      vertex 2.4 2.4 172.4
      vertex 0 2.4 172.4
    endloop
  endfacet
  facet normal 0 0 1
    outer loop
      vertex 2.4 2.4 172.4
      vertex 0 0 172.4
      vertex 74.8 0 172.4
    endloop
  endfacet
  facet normal -0 0 1
    outer loop
      vertex -3 2.4 172.4
      vertex 0 0 172.4
      vertex 0 2.4 172.4
    endloop
  endfacet
  facet normal 0 0 1
    outer loop
      vertex -3 -10 172.4
      vertex 0 0 172.4
      vertex -3 2.4 172.4
    endloop
  endfacet
  facet normal 0 0 1
    outer loop
      vertex 0 0 172.4
      vertex -3 -10 172.4
      vertex 0 -10 172.4
    endloop
  endfacet
  facet normal 1 0 0
    outer loop
      vertex 74.8 65.187 72.8452
      vertex 74.8 64.8468 72.0078
      vertex 74.8 64.9 71.4
    endloop
  endfacet
  facet normal 1 0 0
    outer loop
      vertex 74.8 65.187 72.8452
      vertex 74.8 64.6889 72.5971
      vertex 74.8 64.8468 72.0078
    endloop
  endfacet
  facet normal 1 0 0
    outer loop
      vertex 74.8 65.187 72.8452
      vertex 74.8 64.4311 73.15
      vertex 74.8 64.6889 72.5971
    endloop
  endfacet
  facet normal 1 0 0
    outer loop
      vertex 74.8 65.187 72.8452
      vertex 74.8 64.0812 73.6498
      vertex 74.8 64.4311 73.15
    endloop
  endfacet
  facet normal 1 0 0
    outer loop
      vertex 74.8 65.187 72.8452
      vertex 74.8 63.6498 74.0812
      vertex 74.8 64.0812 73.6498
    endloop
  endfacet
  facet normal 1 0 0
    outer loop
      vertex 74.8 62.8452 75.187
      vertex 74.8 63.6498 74.0812
      vertex 74.8 65.187 72.8452
    endloop
  endfacet
  facet normal 1 0 0
    outer loop
      vertex 74.8 62.8452 75.187
      vertex 74.8 63.15 74.4311
      vertex 74.8 63.6498 74.0812
    endloop
  endfacet
  facet normal 1 0 0
    outer loop
      vertex 74.8 62.8452 75.187
      vertex 74.8 62.5971 74.6889
      vertex 74.8 63.15 74.4311
    endloop
  endfacet
  facet normal 1 0 0
    outer loop
      vertex 74.8 62.8452 75.187
      vertex 74.8 62.0078 74.8468
      vertex 74.8 62.5971 74.6889
    endloop
  endfacet
  facet normal 1 0 0
    outer loop
      vertex 74.8 62.8452 75.187
      vertex 74.8 61.4 74.9
      vertex 74.8 62.0078 74.8468
    endloop
  endfacet
  facet normal 1 0 0
    outer loop
      vertex 74.8 60.9455 77.9
      vertex 74.8 61.4 74.9
      vertex 74.8 62.8452 75.187
    endloop
  endfacet
  facet normal 1 0 0
    outer loop
      vertex 74.8 60.9455 77.9
      vertex 74.8 60.7922 74.8468
      vertex 74.8 61.4 74.9
    endloop
  endfacet
  facet normal 1 0 0
    outer loop
      vertex 74.8 60.9455 77.9
      vertex 74.8 60.2029 74.6889
      vertex 74.8 60.7922 74.8468
    endloop
  endfacet
  facet normal 1 0 0
    outer loop
      vertex 74.8 60.9455 77.9
      vertex 74.8 59.65 74.4311
      vertex 74.8 60.2029 74.6889
    endloop
  endfacet
  facet normal 1 0 0
    outer loop
      vertex 74.8 59.1502 74.0812
      vertex 74.8 60.9455 77.9
      vertex 74.8 59.5458 80.9016
    endloop
  endfacet
  facet normal 1 0 0
    outer loop
      vertex 74.8 60.9455 77.9
      vertex 74.8 59.1502 74.0812
      vertex 74.8 59.65 74.4311
    endloop
  endfacet
  facet normal 1 0 0
    outer loop
      vertex 74.8 59.5458 80.9016
      vertex 74.8 58.7188 73.6498
      vertex 74.8 59.1502 74.0812
    endloop
  endfacet
  facet normal 1 0 0
    outer loop
      vertex 74.8 58.3689 73.15
      vertex 74.8 59.5458 80.9016
      vertex 74.8 58.6887 84.1007
    endloop
  endfacet
  facet normal 1 0 0
    outer loop
      vertex 74.8 57.9532 72.0078
      vertex 74.8 58.6887 84.1007
      vertex 74.8 58.4 87.4
    endloop
  endfacet
  facet normal 1 0 0
    outer loop
      vertex 74.8 59.5458 80.9016
      vertex 74.8 58.3689 73.15
      vertex 74.8 58.7188 73.6498
    endloop
  endfacet
  facet normal 1 0 0
    outer loop
      vertex 74.8 57.9532 102.792
      vertex 74.8 58.6887 90.6993
      vertex 74.8 58.1111 102.203
    endloop
  endfacet
  facet normal 1 0 0
    outer loop
      vertex 74.8 58.6887 90.6993
      vertex 74.8 57.9532 102.792
      vertex 74.8 58.4 87.4
    endloop
  endfacet
  facet normal 1 0 0
    outer loop
      vertex 74.8 58.6887 84.1007
      vertex 74.8 58.1111 72.5971
      vertex 74.8 58.3689 73.15
    endloop
  endfacet
  facet normal 1 0 0
    outer loop
      vertex 74.8 0 172.4
      vertex 74.8 58.4 87.4
      vertex 74.8 57.9532 102.792
    endloop
  endfacet
  facet normal 1 0 0
    outer loop
      vertex 74.8 58.6887 84.1007
      vertex 74.8 57.9532 72.0078
      vertex 74.8 58.1111 72.5971
    endloop
  endfacet
  facet normal 1 0 0
    outer loop
      vertex 74.8 0 172.4
      vertex 74.8 57.9532 102.792
      vertex 74.8 57.9 103.4
    endloop
  endfacet
  facet normal 1 0 0
    outer loop
      vertex 74.8 0 0
      vertex 74.8 58.4 87.4
      vertex 74.8 0 172.4
    endloop
  endfacet
  facet normal 1 -0 0
    outer loop
      vertex 74.8 64.8468 102.792
      vertex 74.8 65.187 101.955
      vertex 74.8 64.9 103.4
    endloop
  endfacet
  facet normal 1 -0 0
    outer loop
      vertex 74.8 64.6889 102.203
      vertex 74.8 65.187 101.955
      vertex 74.8 64.8468 102.792
    endloop
  endfacet
  facet normal 1 0 0
    outer loop
      vertex 74.8 64.4311 101.65
      vertex 74.8 65.187 101.955
      vertex 74.8 64.6889 102.203
    endloop
  endfacet
  facet normal 1 0 0
    outer loop
      vertex 74.8 64.0812 101.15
      vertex 74.8 65.187 101.955
      vertex 74.8 64.4311 101.65
    endloop
  endfacet
  facet normal 1 0 0
    outer loop
      vertex 74.8 63.6498 100.719
      vertex 74.8 65.187 101.955
      vertex 74.8 64.0812 101.15
    endloop
  endfacet
  facet normal 1 -0 0
    outer loop
      vertex 74.8 63.6498 100.719
      vertex 74.8 62.8452 99.613
      vertex 74.8 65.187 101.955
    endloop
  endfacet
  facet normal 1 -0 0
    outer loop
      vertex 74.8 63.15 100.369
      vertex 74.8 62.8452 99.613
      vertex 74.8 63.6498 100.719
    endloop
  endfacet
  facet normal 1 -0 0
    outer loop
      vertex 74.8 62.5971 100.111
      vertex 74.8 62.8452 99.613
      vertex 74.8 63.15 100.369
    endloop
  endfacet
  facet normal 1 -0 0
    outer loop
      vertex 74.8 62.0078 99.9532
      vertex 74.8 62.8452 99.613
      vertex 74.8 62.5971 100.111
    endloop
  endfacet
  facet normal 1 -0 0
    outer loop
      vertex 74.8 61.4 99.9
      vertex 74.8 62.8452 99.613
      vertex 74.8 62.0078 99.9532
    endloop
  endfacet
  facet normal 1 0 0
    outer loop
      vertex 74.8 61.4 99.9
      vertex 74.8 60.9455 96.9
      vertex 74.8 62.8452 99.613
    endloop
  endfacet
  facet normal 1 0 0
    outer loop
      vertex 74.8 60.7922 99.9532
      vertex 74.8 60.9455 96.9
      vertex 74.8 61.4 99.9
    endloop
  endfacet
  facet normal 1 0 0
    outer loop
      vertex 74.8 60.2029 100.111
      vertex 74.8 60.9455 96.9
      vertex 74.8 60.7922 99.9532
    endloop
  endfacet
  facet normal 1 0 0
    outer loop
      vertex 74.8 59.65 100.369
      vertex 74.8 60.9455 96.9
      vertex 74.8 60.2029 100.111
    endloop
  endfacet
  facet normal 1 0 0
    outer loop
      vertex 74.8 59.1502 100.719
      vertex 74.8 60.9455 96.9
      vertex 74.8 59.65 100.369
    endloop
  endfacet
  facet normal 1 0 0
    outer loop
      vertex 74.8 60.9455 96.9
      vertex 74.8 59.1502 100.719
      vertex 74.8 59.5458 93.8984
    endloop
  endfacet
  facet normal 1 0 0
    outer loop
      vertex 74.8 58.7188 101.15
      vertex 74.8 59.5458 93.8984
      vertex 74.8 59.1502 100.719
    endloop
  endfacet
  facet normal 1 0 0
    outer loop
      vertex 74.8 58.3689 101.65
      vertex 74.8 59.5458 93.8984
      vertex 74.8 58.7188 101.15
    endloop
  endfacet
  facet normal 1 0 0
    outer loop
      vertex 74.8 59.5458 93.8984
      vertex 74.8 58.3689 101.65
      vertex 74.8 58.6887 90.6993
    endloop
  endfacet
  facet normal 1 0 0
    outer loop
      vertex 74.8 58.1111 102.203
      vertex 74.8 58.6887 90.6993
      vertex 74.8 58.3689 101.65
    endloop
  endfacet
  facet normal 1 0 0
    outer loop
      vertex 74.8 96.4 87.4
      vertex 74.8 154.8 172.4
      vertex 74.8 96.8468 102.792
    endloop
  endfacet
  facet normal 1 0 -0
    outer loop
      vertex 74.8 96.8468 72.0078
      vertex 74.8 154.8 172.4
      vertex 74.8 96.4 87.4
    endloop
  endfacet
  facet normal 1 0 0
    outer loop
      vertex 74.8 96.1113 90.6993
      vertex 74.8 96.8468 102.792
      vertex 74.8 96.6889 102.203
    endloop
  endfacet
  facet normal 1 0 0
    outer loop
      vertex 74.8 154.8 172.4
      vertex 74.8 96.8468 72.0078
      vertex 74.8 96.9 71.4
    endloop
  endfacet
  facet normal 1 0 0
    outer loop
      vertex 74.8 96.1113 90.6993
      vertex 74.8 96.6889 102.203
      vertex 74.8 96.4311 101.65
    endloop
  endfacet
  facet normal 1 -0 0
    outer loop
      vertex 74.8 96.1113 84.1007
      vertex 74.8 96.8468 72.0078
      vertex 74.8 96.4 87.4
    endloop
  endfacet
  facet normal 1 0 0
    outer loop
      vertex 74.8 96.8468 72.0078
      vertex 74.8 96.1113 84.1007
      vertex 74.8 96.6889 72.5971
    endloop
  endfacet
  facet normal 1 0 0
    outer loop
      vertex 74.8 96.8468 102.792
      vertex 74.8 96.1113 90.6993
      vertex 74.8 96.4 87.4
    endloop
  endfacet
  facet normal 1 0 0
    outer loop
      vertex 74.8 95.2542 93.8984
      vertex 74.8 96.4311 101.65
      vertex 74.8 96.0812 101.15
    endloop
  endfacet
  facet normal 1 0 0
    outer loop
      vertex 74.8 95.2542 93.8984
      vertex 74.8 96.0812 101.15
      vertex 74.8 95.6498 100.719
    endloop
  endfacet
  facet normal 1 0 0
    outer loop
      vertex 74.8 96.4311 101.65
      vertex 74.8 95.2542 93.8984
      vertex 74.8 96.1113 90.6993
    endloop
  endfacet
  facet normal 1 0 0
    outer loop
      vertex 74.8 93.8545 96.9
      vertex 74.8 95.6498 100.719
      vertex 74.8 95.15 100.369
    endloop
  endfacet
  facet normal 1 0 0
    outer loop
      vertex 74.8 93.8545 96.9
      vertex 74.8 95.15 100.369
      vertex 74.8 94.5971 100.111
    endloop
  endfacet
  facet normal 1 0 0
    outer loop
      vertex 74.8 93.8545 96.9
      vertex 74.8 94.5971 100.111
      vertex 74.8 94.0078 99.9532
    endloop
  endfacet
  facet normal 1 0 0
    outer loop
      vertex 74.8 95.6498 100.719
      vertex 74.8 93.8545 96.9
      vertex 74.8 95.2542 93.8984
    endloop
  endfacet
  facet normal 1 -0 0
    outer loop
      vertex 74.8 93.4 99.9
      vertex 74.8 93.8545 96.9
      vertex 74.8 94.0078 99.9532
    endloop
  endfacet
  facet normal 1 0 0
    outer loop
      vertex 74.8 91.9548 99.613
      vertex 74.8 93.4 99.9
      vertex 74.8 92.7922 99.9532
    endloop
  endfacet
  facet normal 1 0 0
    outer loop
      vertex 74.8 91.9548 99.613
      vertex 74.8 92.7922 99.9532
      vertex 74.8 92.2029 100.111
    endloop
  endfacet
  facet normal 1 0 0
    outer loop
      vertex 74.8 93.4 99.9
      vertex 74.8 91.9548 99.613
      vertex 74.8 93.8545 96.9
    endloop
  endfacet
  facet normal 1 0 0
    outer loop
      vertex 74.8 91.65 100.369
      vertex 74.8 91.9548 99.613
      vertex 74.8 92.2029 100.111
    endloop
  endfacet
  facet normal 1 0 0
    outer loop
      vertex 74.8 91.1502 100.719
      vertex 74.8 91.9548 99.613
      vertex 74.8 91.65 100.369
    endloop
  endfacet
  facet normal 1 0 0
    outer loop
      vertex 74.8 90.7188 101.15
      vertex 74.8 91.9548 99.613
      vertex 74.8 91.1502 100.719
    endloop
  endfacet
  facet normal 1 0 0
    outer loop
      vertex 74.8 90.7188 101.15
      vertex 74.8 89.613 101.955
      vertex 74.8 91.9548 99.613
    endloop
  endfacet
  facet normal 1 0 0
    outer loop
      vertex 74.8 90.3689 101.65
      vertex 74.8 89.613 101.955
      vertex 74.8 90.7188 101.15
    endloop
  endfacet
  facet normal 1 0 0
    outer loop
      vertex 74.8 90.1111 102.203
      vertex 74.8 89.613 101.955
      vertex 74.8 90.3689 101.65
    endloop
  endfacet
  facet normal 1 0 0
    outer loop
      vertex 74.8 89.9532 102.792
      vertex 74.8 89.613 101.955
      vertex 74.8 90.1111 102.203
    endloop
  endfacet
  facet normal 1 0 0
    outer loop
      vertex 74.8 89.613 101.955
      vertex 74.8 89.9532 102.792
      vertex 74.8 89.9 103.4
    endloop
  endfacet
  facet normal 1 -0 0
    outer loop
      vertex 74.8 96.9 71.4
      vertex 74.8 154.8 0
      vertex 74.8 154.8 172.4
    endloop
  endfacet
  facet normal 1 0 0
    outer loop
      vertex 74.8 154.8 0
      vertex 74.8 125.354 12.9209
      vertex 74.8 125.4 12.4
    endloop
  endfacet
  facet normal 1 0 0
    outer loop
      vertex 74.8 154.8 0
      vertex 74.8 125.219 13.4261
      vertex 74.8 125.354 12.9209
    endloop
  endfacet
  facet normal 1 0 0
    outer loop
      vertex 74.8 154.8 0
      vertex 74.8 124.998 13.9
      vertex 74.8 125.219 13.4261
    endloop
  endfacet
  facet normal 1 0 0
    outer loop
      vertex 74.8 154.8 0
      vertex 74.8 124.698 14.3284
      vertex 74.8 124.998 13.9
    endloop
  endfacet
  facet normal 1 0 0
    outer loop
      vertex 74.8 154.8 0
      vertex 74.8 124.328 14.6981
      vertex 74.8 124.698 14.3284
    endloop
  endfacet
  facet normal 1 0 0
    outer loop
      vertex 74.8 154.8 0
      vertex 74.8 96.9 71.4
      vertex 74.8 124.328 14.6981
    endloop
  endfacet
  facet normal 1 0 0
    outer loop
      vertex 74.8 124.328 14.6981
      vertex 74.8 96.9 71.4
      vertex 74.8 123.9 14.9981
    endloop
  endfacet
  facet normal 1 -0 0
    outer loop
      vertex 74.8 96.8468 70.7922
      vertex 74.8 123.9 14.9981
      vertex 74.8 96.9 71.4
    endloop
  endfacet
  facet normal 1 0 0
    outer loop
      vertex 74.8 123.9 14.9981
      vertex 74.8 96.8468 70.7922
      vertex 74.8 123.426 15.2191
    endloop
  endfacet
  facet normal 1 -0 0
    outer loop
      vertex 74.8 96.6889 70.2029
      vertex 74.8 123.426 15.2191
      vertex 74.8 96.8468 70.7922
    endloop
  endfacet
  facet normal 1 0 0
    outer loop
      vertex 74.8 123.426 15.2191
      vertex 74.8 96.6889 70.2029
      vertex 74.8 122.921 15.3544
    endloop
  endfacet
  facet normal 1 -0 0
    outer loop
      vertex 74.8 96.4311 69.65
      vertex 74.8 122.921 15.3544
      vertex 74.8 96.6889 70.2029
    endloop
  endfacet
  facet normal 1 0 0
    outer loop
      vertex 74.8 122.921 15.3544
      vertex 74.8 96.4311 69.65
      vertex 74.8 122.4 15.4
    endloop
  endfacet
  facet normal 1 -0 0
    outer loop
      vertex 74.8 96.0812 69.1502
      vertex 74.8 122.4 15.4
      vertex 74.8 96.4311 69.65
    endloop
  endfacet
  facet normal 1 0 0
    outer loop
      vertex 74.8 122.4 15.4
      vertex 74.8 96.0812 69.1502
      vertex 74.8 121.879 15.3544
    endloop
  endfacet
  facet normal 1 -0 0
    outer loop
      vertex 74.8 95.6498 68.7188
      vertex 74.8 121.879 15.3544
      vertex 74.8 96.0812 69.1502
    endloop
  endfacet
  facet normal 1 0 0
    outer loop
      vertex 74.8 121.879 15.3544
      vertex 74.8 95.6498 68.7188
      vertex 74.8 121.374 15.2191
    endloop
  endfacet
  facet normal 1 -0 0
    outer loop
      vertex 74.8 95.15 68.3689
      vertex 74.8 121.374 15.2191
      vertex 74.8 95.6498 68.7188
    endloop
  endfacet
  facet normal 1 0 0
    outer loop
      vertex 74.8 96.8468 102.792
      vertex 74.8 154.8 172.4
      vertex 74.8 96.9 103.4
    endloop
  endfacet
  facet normal 1 0 0
    outer loop
      vertex 74.8 154.8 172.4
      vertex 74.8 96.8468 104.008
      vertex 74.8 96.9 103.4
    endloop
  endfacet
  facet normal 1 0 0
    outer loop
      vertex 74.8 154.8 172.4
      vertex 74.8 96.6889 104.597
      vertex 74.8 96.8468 104.008
    endloop
  endfacet
  facet normal 1 0 0
    outer loop
      vertex 74.8 154.8 172.4
      vertex 74.8 96.4311 105.15
      vertex 74.8 96.6889 104.597
    endloop
  endfacet
  facet normal 1 0 0
    outer loop
      vertex 74.8 154.8 172.4
      vertex 74.8 96.0812 105.65
      vertex 74.8 96.4311 105.15
    endloop
  endfacet
  facet normal 1 0 0
    outer loop
      vertex 74.8 154.8 172.4
      vertex 74.8 95.6498 106.081
      vertex 74.8 96.0812 105.65
    endloop
  endfacet
  facet normal 1 0 0
    outer loop
      vertex 74.8 154.8 172.4
      vertex 74.8 95.15 106.431
      vertex 74.8 95.6498 106.081
    endloop
  endfacet
  facet normal 1 0 0
    outer loop
      vertex 74.8 154.8 172.4
      vertex 74.8 94.5971 106.689
      vertex 74.8 95.15 106.431
    endloop
  endfacet
  facet normal 1 0 0
    outer loop
      vertex 74.8 154.8 172.4
      vertex 74.8 94.0078 106.847
      vertex 74.8 94.5971 106.689
    endloop
  endfacet
  facet normal 1 0 0
    outer loop
      vertex 74.8 154.8 172.4
      vertex 74.8 93.4 106.9
      vertex 74.8 94.0078 106.847
    endloop
  endfacet
  facet normal 1 0 0
    outer loop
      vertex 74.8 154.8 172.4
      vertex 74.8 92.7922 106.847
      vertex 74.8 93.4 106.9
    endloop
  endfacet
  facet normal 1 0 0
    outer loop
      vertex 74.8 77.4 106.4
      vertex 74.8 92.7922 106.847
      vertex 74.8 154.8 172.4
    endloop
  endfacet
  facet normal 1 0 -0
    outer loop
      vertex 74.8 80.6993 106.111
      vertex 74.8 92.7922 106.847
      vertex 74.8 77.4 106.4
    endloop
  endfacet
  facet normal 1 0 0
    outer loop
      vertex 74.8 92.7922 106.847
      vertex 74.8 80.6993 106.111
      vertex 74.8 92.2029 106.689
    endloop
  endfacet
  facet normal 1 0 -0
    outer loop
      vertex 74.8 83.8984 105.254
      vertex 74.8 91.65 106.431
      vertex 74.8 80.6993 106.111
    endloop
  endfacet
  facet normal 1 -0 0
    outer loop
      vertex 74.8 86.9 103.854
      vertex 74.8 89.9 103.4
      vertex 74.8 89.9532 104.008
    endloop
  endfacet
  facet normal 1 0 0
    outer loop
      vertex 74.8 89.9 103.4
      vertex 74.8 86.9 103.854
      vertex 74.8 89.613 101.955
    endloop
  endfacet
  facet normal 1 0 0
    outer loop
      vertex 74.8 90.1111 104.597
      vertex 74.8 86.9 103.854
      vertex 74.8 89.9532 104.008
    endloop
  endfacet
  facet normal 1 0 0
    outer loop
      vertex 74.8 90.3689 105.15
      vertex 74.8 86.9 103.854
      vertex 74.8 90.1111 104.597
    endloop
  endfacet
  facet normal 1 0 0
    outer loop
      vertex 74.8 90.7188 105.65
      vertex 74.8 86.9 103.854
      vertex 74.8 90.3689 105.15
    endloop
  endfacet
  facet normal 1 0 0
    outer loop
      vertex 74.8 91.65 106.431
      vertex 74.8 83.8984 105.254
      vertex 74.8 91.1502 106.081
    endloop
  endfacet
  facet normal 1 0 0
    outer loop
      vertex 74.8 90.7188 105.65
      vertex 74.8 83.8984 105.254
      vertex 74.8 86.9 103.854
    endloop
  endfacet
  facet normal 1 0 0
    outer loop
      vertex 74.8 91.1502 106.081
      vertex 74.8 83.8984 105.254
      vertex 74.8 90.7188 105.65
    endloop
  endfacet
  facet normal 1 0 0
    outer loop
      vertex 74.8 92.2029 106.689
      vertex 74.8 80.6993 106.111
      vertex 74.8 91.65 106.431
    endloop
  endfacet
  facet normal 1 -0 0
    outer loop
      vertex 74.8 0 172.4
      vertex 74.8 77.4 106.4
      vertex 74.8 154.8 172.4
    endloop
  endfacet
  facet normal 1 -0 -0
    outer loop
      vertex 74.8 62.0078 106.847
      vertex 74.8 77.4 106.4
      vertex 74.8 0 172.4
    endloop
  endfacet
  facet normal 1 -0 -0
    outer loop
      vertex 74.8 62.5971 106.689
      vertex 74.8 74.1007 106.111
      vertex 74.8 62.0078 106.847
    endloop
  endfacet
  facet normal 1 -0 -0
    outer loop
      vertex 74.8 63.6498 106.081
      vertex 74.8 70.9016 105.254
      vertex 74.8 63.15 106.431
    endloop
  endfacet
  facet normal 1 0 -0
    outer loop
      vertex 74.8 64.9 103.4
      vertex 74.8 67.9 103.854
      vertex 74.8 64.8468 104.008
    endloop
  endfacet
  facet normal 1 0 0
    outer loop
      vertex 74.8 67.9 103.854
      vertex 74.8 64.9 103.4
      vertex 74.8 65.187 101.955
    endloop
  endfacet
  facet normal 1 0 0
    outer loop
      vertex 74.8 67.9 103.854
      vertex 74.8 64.6889 104.597
      vertex 74.8 64.8468 104.008
    endloop
  endfacet
  facet normal 1 0 0
    outer loop
      vertex 74.8 67.9 103.854
      vertex 74.8 64.4311 105.15
      vertex 74.8 64.6889 104.597
    endloop
  endfacet
  facet normal 1 0 0
    outer loop
      vertex 74.8 67.9 103.854
      vertex 74.8 64.0812 105.65
      vertex 74.8 64.4311 105.15
    endloop
  endfacet
  facet normal 1 0 0
    outer loop
      vertex 74.8 70.9016 105.254
      vertex 74.8 64.0812 105.65
      vertex 74.8 67.9 103.854
    endloop
  endfacet
  facet normal 1 -0 -0
    outer loop
      vertex 74.8 64.0812 105.65
      vertex 74.8 70.9016 105.254
      vertex 74.8 63.6498 106.081
    endloop
  endfacet
  facet normal 1 0 0
    outer loop
      vertex 74.8 74.1007 106.111
      vertex 74.8 63.15 106.431
      vertex 74.8 70.9016 105.254
    endloop
  endfacet
  facet normal 1 -0 -0
    outer loop
      vertex 74.8 63.15 106.431
      vertex 74.8 74.1007 106.111
      vertex 74.8 62.5971 106.689
    endloop
  endfacet
  facet normal 1 0 0
    outer loop
      vertex 74.8 77.4 106.4
      vertex 74.8 62.0078 106.847
      vertex 74.8 74.1007 106.111
    endloop
  endfacet
  facet normal 1 0 0
    outer loop
      vertex 74.8 62.0078 106.847
      vertex 74.8 0 172.4
      vertex 74.8 61.4 106.9
    endloop
  endfacet
  facet normal 1 0 0
    outer loop
      vertex 74.8 61.4 106.9
      vertex 74.8 0 172.4
      vertex 74.8 60.7922 106.847
    endloop
  endfacet
  facet normal 1 0 0
    outer loop
      vertex 74.8 60.7922 106.847
      vertex 74.8 0 172.4
      vertex 74.8 60.2029 106.689
    endloop
  endfacet
  facet normal 1 0 0
    outer loop
      vertex 74.8 58.4 87.4
      vertex 74.8 0 0
      vertex 74.8 57.9532 72.0078
    endloop
  endfacet
  facet normal 1 0 0
    outer loop
      vertex 74.8 57.9532 104.008
      vertex 74.8 0 172.4
      vertex 74.8 57.9 103.4
    endloop
  endfacet
  facet normal 1 0 0
    outer loop
      vertex 74.8 58.1111 104.597
      vertex 74.8 0 172.4
      vertex 74.8 57.9532 104.008
    endloop
  endfacet
  facet normal 1 0 0
    outer loop
      vertex 74.8 58.3689 105.15
      vertex 74.8 0 172.4
      vertex 74.8 58.1111 104.597
    endloop
  endfacet
  facet normal 1 0 0
    outer loop
      vertex 74.8 58.7188 105.65
      vertex 74.8 0 172.4
      vertex 74.8 58.3689 105.15
    endloop
  endfacet
  facet normal 1 0 0
    outer loop
      vertex 74.8 59.1502 106.081
      vertex 74.8 0 172.4
      vertex 74.8 58.7188 105.65
    endloop
  endfacet
  facet normal 1 0 0
    outer loop
      vertex 74.8 59.65 106.431
      vertex 74.8 0 172.4
      vertex 74.8 59.1502 106.081
    endloop
  endfacet
  facet normal 1 0 0
    outer loop
      vertex 74.8 60.2029 106.689
      vertex 74.8 0 172.4
      vertex 74.8 59.65 106.431
    endloop
  endfacet
  facet normal 1 -0 0
    outer loop
      vertex 74.8 125.354 11.8791
      vertex 74.8 154.8 0
      vertex 74.8 125.4 12.4
    endloop
  endfacet
  facet normal 1 -0 0
    outer loop
      vertex 74.8 125.219 11.3739
      vertex 74.8 154.8 0
      vertex 74.8 125.354 11.8791
    endloop
  endfacet
  facet normal 1 -0 0
    outer loop
      vertex 74.8 124.998 10.9
      vertex 74.8 154.8 0
      vertex 74.8 125.219 11.3739
    endloop
  endfacet
  facet normal 1 -0 0
    outer loop
      vertex 74.8 124.698 10.4716
      vertex 74.8 154.8 0
      vertex 74.8 124.998 10.9
    endloop
  endfacet
  facet normal 1 -0 0
    outer loop
      vertex 74.8 124.328 10.1019
      vertex 74.8 154.8 0
      vertex 74.8 124.698 10.4716
    endloop
  endfacet
  facet normal 1 -0 0
    outer loop
      vertex 74.8 123.9 9.80192
      vertex 74.8 154.8 0
      vertex 74.8 124.328 10.1019
    endloop
  endfacet
  facet normal 1 -0 0
    outer loop
      vertex 74.8 123.426 9.58092
      vertex 74.8 154.8 0
      vertex 74.8 123.9 9.80192
    endloop
  endfacet
  facet normal 1 -0 0
    outer loop
      vertex 74.8 122.921 9.44558
      vertex 74.8 154.8 0
      vertex 74.8 123.426 9.58092
    endloop
  endfacet
  facet normal 1 -0 0
    outer loop
      vertex 74.8 122.4 9.4
      vertex 74.8 154.8 0
      vertex 74.8 122.921 9.44558
    endloop
  endfacet
  facet normal 1 0 0
    outer loop
      vertex 74.8 121.879 9.44558
      vertex 74.8 154.8 0
      vertex 74.8 122.4 9.4
    endloop
  endfacet
  facet normal 1 0 0
    outer loop
      vertex 74.8 0 0
      vertex 74.8 121.879 9.44558
      vertex 74.8 121.374 9.58092
    endloop
  endfacet
  facet normal 1 0 0
    outer loop
      vertex 74.8 121.374 15.2191
      vertex 74.8 95.15 68.3689
      vertex 74.8 120.9 14.9981
    endloop
  endfacet
  facet normal 1 -0 0
    outer loop
      vertex 74.8 94.5971 68.1111
      vertex 74.8 120.9 14.9981
      vertex 74.8 95.15 68.3689
    endloop
  endfacet
  facet normal 1 0 0
    outer loop
      vertex 74.8 120.9 14.9981
      vertex 74.8 94.5971 68.1111
      vertex 74.8 120.472 14.6981
    endloop
  endfacet
  facet normal 1 -0 0
    outer loop
      vertex 74.8 94.0078 67.9532
      vertex 74.8 120.472 14.6981
      vertex 74.8 94.5971 68.1111
    endloop
  endfacet
  facet normal 1 0 0
    outer loop
      vertex 74.8 120.472 14.6981
      vertex 74.8 94.0078 67.9532
      vertex 74.8 120.102 14.3284
    endloop
  endfacet
  facet normal 1 -0 0
    outer loop
      vertex 74.8 93.4 67.9
      vertex 74.8 120.102 14.3284
      vertex 74.8 94.0078 67.9532
    endloop
  endfacet
  facet normal 1 0 0
    outer loop
      vertex 74.8 120.102 14.3284
      vertex 74.8 93.4 67.9
      vertex 74.8 119.802 13.9
    endloop
  endfacet
  facet normal 1 0 0
    outer loop
      vertex 74.8 92.7922 67.9532
      vertex 74.8 119.802 13.9
      vertex 74.8 93.4 67.9
    endloop
  endfacet
  facet normal 1 0 0
    outer loop
      vertex 74.8 119.802 13.9
      vertex 74.8 92.7922 67.9532
      vertex 74.8 119.581 13.4261
    endloop
  endfacet
  facet normal 1 0 0
    outer loop
      vertex 74.8 80.6993 68.6887
      vertex 74.8 119.581 13.4261
      vertex 74.8 92.7922 67.9532
    endloop
  endfacet
  facet normal 1 -0 0
    outer loop
      vertex 74.8 77.4 68.4
      vertex 74.8 119.581 13.4261
      vertex 74.8 80.6993 68.6887
    endloop
  endfacet
  facet normal 1 0 0
    outer loop
      vertex 74.8 119.581 13.4261
      vertex 74.8 77.4 68.4
      vertex 74.8 119.446 12.9209
    endloop
  endfacet
  facet normal 1 0 0
    outer loop
      vertex 74.8 74.1007 68.6887
      vertex 74.8 119.446 12.9209
      vertex 74.8 77.4 68.4
    endloop
  endfacet
  facet normal 1 -0 0
    outer loop
      vertex 74.8 62.0078 67.9532
      vertex 74.8 119.446 12.9209
      vertex 74.8 74.1007 68.6887
    endloop
  endfacet
  facet normal 1 0 0
    outer loop
      vertex 74.8 80.6993 68.6887
      vertex 74.8 92.7922 67.9532
      vertex 74.8 92.2029 68.1111
    endloop
  endfacet
  facet normal 1 0 0
    outer loop
      vertex 74.8 80.6993 68.6887
      vertex 74.8 92.2029 68.1111
      vertex 74.8 91.65 68.3689
    endloop
  endfacet
  facet normal 1 0 0
    outer loop
      vertex 74.8 83.8984 69.5458
      vertex 74.8 91.65 68.3689
      vertex 74.8 91.1502 68.7188
    endloop
  endfacet
  facet normal 1 0 0
    outer loop
      vertex 74.8 83.8984 69.5458
      vertex 74.8 91.1502 68.7188
      vertex 74.8 90.7188 69.1502
    endloop
  endfacet
  facet normal 1 0 0
    outer loop
      vertex 74.8 86.9 70.9455
      vertex 74.8 90.7188 69.1502
      vertex 74.8 90.3689 69.65
    endloop
  endfacet
  facet normal 1 0 0
    outer loop
      vertex 74.8 86.9 70.9455
      vertex 74.8 89.9 71.4
      vertex 74.8 89.613 72.8452
    endloop
  endfacet
  facet normal 1 0 0
    outer loop
      vertex 74.8 89.9 71.4
      vertex 74.8 86.9 70.9455
      vertex 74.8 89.9532 70.7922
    endloop
  endfacet
  facet normal 1 0 0
    outer loop
      vertex 74.8 86.9 70.9455
      vertex 74.8 90.1111 70.2029
      vertex 74.8 89.9532 70.7922
    endloop
  endfacet
  facet normal 1 0 0
    outer loop
      vertex 74.8 86.9 70.9455
      vertex 74.8 90.3689 69.65
      vertex 74.8 90.1111 70.2029
    endloop
  endfacet
  facet normal 1 0 0
    outer loop
      vertex 74.8 90.7188 69.1502
      vertex 74.8 86.9 70.9455
      vertex 74.8 83.8984 69.5458
    endloop
  endfacet
  facet normal 1 0 0
    outer loop
      vertex 74.8 91.65 68.3689
      vertex 74.8 83.8984 69.5458
      vertex 74.8 80.6993 68.6887
    endloop
  endfacet
  facet normal 1 0 0
    outer loop
      vertex 74.8 119.446 12.9209
      vertex 74.8 62.0078 67.9532
      vertex 74.8 119.4 12.4
    endloop
  endfacet
  facet normal 1 -0 0
    outer loop
      vertex 74.8 61.4 67.9
      vertex 74.8 119.4 12.4
      vertex 74.8 62.0078 67.9532
    endloop
  endfacet
  facet normal 1 0 0
    outer loop
      vertex 74.8 0 0
      vertex 74.8 119.4 12.4
      vertex 74.8 61.4 67.9
    endloop
  endfacet
  facet normal 1 0 0
    outer loop
      vertex 74.8 119.4 12.4
      vertex 74.8 0 0
      vertex 74.8 119.446 11.8791
    endloop
  endfacet
  facet normal 1 0 0
    outer loop
      vertex 74.8 63.15 68.3689
      vertex 74.8 74.1007 68.6887
      vertex 74.8 70.9016 69.5458
    endloop
  endfacet
  facet normal 1 0 0
    outer loop
      vertex 74.8 64.0812 69.1502
      vertex 74.8 70.9016 69.5458
      vertex 74.8 67.9 70.9455
    endloop
  endfacet
  facet normal 1 -0 0
    outer loop
      vertex 74.8 64.9 71.4
      vertex 74.8 67.9 70.9455
      vertex 74.8 65.187 72.8452
    endloop
  endfacet
  facet normal 1 0 0
    outer loop
      vertex 74.8 67.9 70.9455
      vertex 74.8 64.9 71.4
      vertex 74.8 64.8468 70.7922
    endloop
  endfacet
  facet normal 1 0 0
    outer loop
      vertex 74.8 64.6889 70.2029
      vertex 74.8 67.9 70.9455
      vertex 74.8 64.8468 70.7922
    endloop
  endfacet
  facet normal 1 0 0
    outer loop
      vertex 74.8 64.4311 69.65
      vertex 74.8 67.9 70.9455
      vertex 74.8 64.6889 70.2029
    endloop
  endfacet
  facet normal 1 0 0
    outer loop
      vertex 74.8 64.0812 69.1502
      vertex 74.8 67.9 70.9455
      vertex 74.8 64.4311 69.65
    endloop
  endfacet
  facet normal 1 0 0
    outer loop
      vertex 74.8 70.9016 69.5458
      vertex 74.8 64.0812 69.1502
      vertex 74.8 63.6498 68.7188
    endloop
  endfacet
  facet normal 1 0 0
    outer loop
      vertex 74.8 70.9016 69.5458
      vertex 74.8 63.6498 68.7188
      vertex 74.8 63.15 68.3689
    endloop
  endfacet
  facet normal 1 0 0
    outer loop
      vertex 74.8 74.1007 68.6887
      vertex 74.8 63.15 68.3689
      vertex 74.8 62.5971 68.1111
    endloop
  endfacet
  facet normal 1 0 0
    outer loop
      vertex 74.8 62.0078 67.9532
      vertex 74.8 74.1007 68.6887
      vertex 74.8 62.5971 68.1111
    endloop
  endfacet
  facet normal 1 0 0
    outer loop
      vertex 74.8 119.446 11.8791
      vertex 74.8 0 0
      vertex 74.8 119.581 11.3739
    endloop
  endfacet
  facet normal 1 0 0
    outer loop
      vertex 74.8 119.581 11.3739
      vertex 74.8 0 0
      vertex 74.8 119.802 10.9
    endloop
  endfacet
  facet normal 1 0 0
    outer loop
      vertex 74.8 119.802 10.9
      vertex 74.8 0 0
      vertex 74.8 120.102 10.4716
    endloop
  endfacet
  facet normal 1 0 0
    outer loop
      vertex 74.8 0 0
      vertex 74.8 61.4 67.9
      vertex 74.8 60.7922 67.9532
    endloop
  endfacet
  facet normal 1 0 0
    outer loop
      vertex 74.8 0 0
      vertex 74.8 60.7922 67.9532
      vertex 74.8 60.2029 68.1111
    endloop
  endfacet
  facet normal 1 0 0
    outer loop
      vertex 74.8 0 0
      vertex 74.8 60.2029 68.1111
      vertex 74.8 59.65 68.3689
    endloop
  endfacet
  facet normal 1 0 0
    outer loop
      vertex 74.8 0 0
      vertex 74.8 59.65 68.3689
      vertex 74.8 59.1502 68.7188
    endloop
  endfacet
  facet normal 1 0 0
    outer loop
      vertex 74.8 57.9532 72.0078
      vertex 74.8 0 0
      vertex 74.8 57.9 71.4
    endloop
  endfacet
  facet normal 1 0 0
    outer loop
      vertex 74.8 57.9 71.4
      vertex 74.8 0 0
      vertex 74.8 57.9532 70.7922
    endloop
  endfacet
  facet normal 1 0 0
    outer loop
      vertex 74.8 57.9532 70.7922
      vertex 74.8 0 0
      vertex 74.8 58.1111 70.2029
    endloop
  endfacet
  facet normal 1 0 0
    outer loop
      vertex 74.8 121.879 9.44558
      vertex 74.8 0 0
      vertex 74.8 154.8 0
    endloop
  endfacet
  facet normal 1 0 0
    outer loop
      vertex 74.8 120.9 9.80192
      vertex 74.8 0 0
      vertex 74.8 121.374 9.58092
    endloop
  endfacet
  facet normal 1 0 0
    outer loop
      vertex 74.8 120.472 10.1019
      vertex 74.8 0 0
      vertex 74.8 120.9 9.80192
    endloop
  endfacet
  facet normal 1 0 0
    outer loop
      vertex 74.8 120.102 10.4716
      vertex 74.8 0 0
      vertex 74.8 120.472 10.1019
    endloop
  endfacet
  facet normal 1 0 0
    outer loop
      vertex 74.8 58.7188 69.1502
      vertex 74.8 0 0
      vertex 74.8 59.1502 68.7188
    endloop
  endfacet
  facet normal 1 0 0
    outer loop
      vertex 74.8 58.3689 69.65
      vertex 74.8 0 0
      vertex 74.8 58.7188 69.1502
    endloop
  endfacet
  facet normal 1 0 0
    outer loop
      vertex 74.8 58.1111 70.2029
      vertex 74.8 0 0
      vertex 74.8 58.3689 69.65
    endloop
  endfacet
  facet normal 1 0 0
    outer loop
      vertex 74.8 96.6889 72.5971
      vertex 74.8 96.1113 84.1007
      vertex 74.8 96.4311 73.15
    endloop
  endfacet
  facet normal 1 -0 0
    outer loop
      vertex 74.8 95.2542 80.9016
      vertex 74.8 96.4311 73.15
      vertex 74.8 96.1113 84.1007
    endloop
  endfacet
  facet normal 1 0 0
    outer loop
      vertex 74.8 96.4311 73.15
      vertex 74.8 95.2542 80.9016
      vertex 74.8 96.0812 73.6498
    endloop
  endfacet
  facet normal 1 0 0
    outer loop
      vertex 74.8 96.0812 73.6498
      vertex 74.8 95.2542 80.9016
      vertex 74.8 95.6498 74.0812
    endloop
  endfacet
  facet normal 1 -0 0
    outer loop
      vertex 74.8 93.8545 77.9
      vertex 74.8 95.6498 74.0812
      vertex 74.8 95.2542 80.9016
    endloop
  endfacet
  facet normal 1 0 0
    outer loop
      vertex 74.8 95.6498 74.0812
      vertex 74.8 93.8545 77.9
      vertex 74.8 95.15 74.4311
    endloop
  endfacet
  facet normal 1 0 0
    outer loop
      vertex 74.8 95.15 74.4311
      vertex 74.8 93.8545 77.9
      vertex 74.8 94.5971 74.6889
    endloop
  endfacet
  facet normal 1 0 0
    outer loop
      vertex 74.8 94.5971 74.6889
      vertex 74.8 93.8545 77.9
      vertex 74.8 94.0078 74.8468
    endloop
  endfacet
  facet normal 1 0 0
    outer loop
      vertex 74.8 93.8545 77.9
      vertex 74.8 93.4 74.9
      vertex 74.8 94.0078 74.8468
    endloop
  endfacet
  facet normal 1 -0 0
    outer loop
      vertex 74.8 91.9548 75.187
      vertex 74.8 93.4 74.9
      vertex 74.8 93.8545 77.9
    endloop
  endfacet
  facet normal 1 0 0
    outer loop
      vertex 74.8 93.4 74.9
      vertex 74.8 91.9548 75.187
      vertex 74.8 92.7922 74.8468
    endloop
  endfacet
  facet normal 1 0 0
    outer loop
      vertex 74.8 92.7922 74.8468
      vertex 74.8 91.9548 75.187
      vertex 74.8 92.2029 74.6889
    endloop
  endfacet
  facet normal 1 0 0
    outer loop
      vertex 74.8 91.9548 75.187
      vertex 74.8 91.65 74.4311
      vertex 74.8 92.2029 74.6889
    endloop
  endfacet
  facet normal 1 0 0
    outer loop
      vertex 74.8 91.9548 75.187
      vertex 74.8 91.1502 74.0812
      vertex 74.8 91.65 74.4311
    endloop
  endfacet
  facet normal 1 0 0
    outer loop
      vertex 74.8 91.9548 75.187
      vertex 74.8 90.7188 73.6498
      vertex 74.8 91.1502 74.0812
    endloop
  endfacet
  facet normal 1 0 0
    outer loop
      vertex 74.8 89.9532 72.0078
      vertex 74.8 89.613 72.8452
      vertex 74.8 89.9 71.4
    endloop
  endfacet
  facet normal 1 0 0
    outer loop
      vertex 74.8 90.1111 72.5971
      vertex 74.8 89.613 72.8452
      vertex 74.8 89.9532 72.0078
    endloop
  endfacet
  facet normal 1 0 0
    outer loop
      vertex 74.8 90.3689 73.15
      vertex 74.8 89.613 72.8452
      vertex 74.8 90.1111 72.5971
    endloop
  endfacet
  facet normal 1 0 0
    outer loop
      vertex 74.8 90.7188 73.6498
      vertex 74.8 89.613 72.8452
      vertex 74.8 90.3689 73.15
    endloop
  endfacet
  facet normal 1 0 0
    outer loop
      vertex 74.8 89.613 72.8452
      vertex 74.8 90.7188 73.6498
      vertex 74.8 91.9548 75.187
    endloop
  endfacet
  facet normal 0 1 -0
    outer loop
      vertex 74.8 154.8 0
      vertex 0 154.8 172.4
      vertex 74.8 154.8 172.4
    endloop
  endfacet
  facet normal 0 1 0
    outer loop
      vertex 0 154.8 172.4
      vertex 74.8 154.8 0
      vertex 0 154.8 0
    endloop
  endfacet
  facet normal 0 0 -1
    outer loop
      vertex -3 -10 0
      vertex 0 0 0
      vertex 0 -10 0
    endloop
  endfacet
  facet normal -0 0 -1
    outer loop
      vertex 0 0 0
      vertex -3 -10 0
      vertex 0 154.8 0
    endloop
  endfacet
  facet normal 0 0 -1
    outer loop
      vertex -3 164.8 0
      vertex 0 154.8 0
      vertex -3 -10 0
    endloop
  endfacet
  facet normal 0 0 -1
    outer loop
      vertex 0 154.8 0
      vertex -3 164.8 0
      vertex 0 164.8 0
    endloop
  endfacet
  facet normal 0 0 -1
    outer loop
      vertex 74.8 0 0
      vertex 40.4 77.4 0
      vertex 74.8 154.8 0
    endloop
  endfacet
  facet normal 0 0 -1
    outer loop
      vertex 74.8 0 0
      vertex 40.3544 76.8791 0
      vertex 40.4 77.4 0
    endloop
  endfacet
  facet normal 0 0 -1
    outer loop
      vertex 74.8 0 0
      vertex 40.2191 76.3739 0
      vertex 40.3544 76.8791 0
    endloop
  endfacet
  facet normal 0 0 -1
    outer loop
      vertex 74.8 0 0
      vertex 39.9981 75.9 0
      vertex 40.2191 76.3739 0
    endloop
  endfacet
  facet normal 0 0 -1
    outer loop
      vertex 74.8 0 0
      vertex 39.6981 75.4716 0
      vertex 39.9981 75.9 0
    endloop
  endfacet
  facet normal 0 0 -1
    outer loop
      vertex 74.8 0 0
      vertex 39.3284 75.1019 0
      vertex 39.6981 75.4716 0
    endloop
  endfacet
  facet normal 0 0 -1
    outer loop
      vertex 74.8 0 0
      vertex 38.9 74.8019 0
      vertex 39.3284 75.1019 0
    endloop
  endfacet
  facet normal 0 0 -1
    outer loop
      vertex 74.8 0 0
      vertex 38.4261 74.5809 0
      vertex 38.9 74.8019 0
    endloop
  endfacet
  facet normal 0 0 -1
    outer loop
      vertex 74.8 0 0
      vertex 37.9209 74.4456 0
      vertex 38.4261 74.5809 0
    endloop
  endfacet
  facet normal 0 0 -1
    outer loop
      vertex 74.8 0 0
      vertex 37.4 74.4 0
      vertex 37.9209 74.4456 0
    endloop
  endfacet
  facet normal 0 0 -1
    outer loop
      vertex 0 0 0
      vertex 37.4 74.4 0
      vertex 74.8 0 0
    endloop
  endfacet
  facet normal -0 0 -1
    outer loop
      vertex 37.4 74.4 0
      vertex 0 0 0
      vertex 36.8791 74.4456 0
    endloop
  endfacet
  facet normal -0 0 -1
    outer loop
      vertex 36.8791 74.4456 0
      vertex 0 0 0
      vertex 36.3739 74.5809 0
    endloop
  endfacet
  facet normal -0 0 -1
    outer loop
      vertex 36.3739 74.5809 0
      vertex 0 0 0
      vertex 35.9 74.8019 0
    endloop
  endfacet
  facet normal -0 0 -1
    outer loop
      vertex 35.9 74.8019 0
      vertex 0 0 0
      vertex 35.4716 75.1019 0
    endloop
  endfacet
  facet normal -0 0 -1
    outer loop
      vertex 35.4716 75.1019 0
      vertex 0 0 0
      vertex 35.1019 75.4716 0
    endloop
  endfacet
  facet normal -0 0 -1
    outer loop
      vertex 34.4456 76.8791 0
      vertex 0 0 0
      vertex 34.4 77.4 0
    endloop
  endfacet
  facet normal -0 0 -1
    outer loop
      vertex 34.5809 76.3739 0
      vertex 0 0 0
      vertex 34.4456 76.8791 0
    endloop
  endfacet
  facet normal -0 0 -1
    outer loop
      vertex 34.8019 75.9 0
      vertex 0 0 0
      vertex 34.5809 76.3739 0
    endloop
  endfacet
  facet normal -0 0 -1
    outer loop
      vertex 35.1019 75.4716 0
      vertex 0 0 0
      vertex 34.8019 75.9 0
    endloop
  endfacet
  facet normal 0 0 -1
    outer loop
      vertex 40.3544 77.9209 0
      vertex 74.8 154.8 0
      vertex 40.4 77.4 0
    endloop
  endfacet
  facet normal 0 0 -1
    outer loop
      vertex 40.2191 78.4261 0
      vertex 74.8 154.8 0
      vertex 40.3544 77.9209 0
    endloop
  endfacet
  facet normal 0 0 -1
    outer loop
      vertex 39.9981 78.9 0
      vertex 74.8 154.8 0
      vertex 40.2191 78.4261 0
    endloop
  endfacet
  facet normal 0 0 -1
    outer loop
      vertex 39.6981 79.3284 0
      vertex 74.8 154.8 0
      vertex 39.9981 78.9 0
    endloop
  endfacet
  facet normal 0 0 -1
    outer loop
      vertex 39.3284 79.6981 0
      vertex 74.8 154.8 0
      vertex 39.6981 79.3284 0
    endloop
  endfacet
  facet normal 0 0 -1
    outer loop
      vertex 38.9 79.9981 0
      vertex 74.8 154.8 0
      vertex 39.3284 79.6981 0
    endloop
  endfacet
  facet normal 0 0 -1
    outer loop
      vertex 38.4261 80.2191 0
      vertex 74.8 154.8 0
      vertex 38.9 79.9981 0
    endloop
  endfacet
  facet normal 0 0 -1
    outer loop
      vertex 37.9209 80.3544 0
      vertex 74.8 154.8 0
      vertex 38.4261 80.2191 0
    endloop
  endfacet
  facet normal 0 0 -1
    outer loop
      vertex 37.4 80.4 0
      vertex 74.8 154.8 0
      vertex 37.9209 80.3544 0
    endloop
  endfacet
  facet normal 0 0 -1
    outer loop
      vertex 0 154.8 0
      vertex 37.4 80.4 0
      vertex 36.8791 80.3544 0
    endloop
  endfacet
  facet normal 0 0 -1
    outer loop
      vertex 0 154.8 0
      vertex 36.8791 80.3544 0
      vertex 36.3739 80.2191 0
    endloop
  endfacet
  facet normal 0 0 -1
    outer loop
      vertex 0 154.8 0
      vertex 36.3739 80.2191 0
      vertex 35.9 79.9981 0
    endloop
  endfacet
  facet normal 0 0 -1
    outer loop
      vertex 0 154.8 0
      vertex 35.9 79.9981 0
      vertex 35.4716 79.6981 0
    endloop
  endfacet
  facet normal 0 0 -1
    outer loop
      vertex 0 154.8 0
      vertex 35.4716 79.6981 0
      vertex 35.1019 79.3284 0
    endloop
  endfacet
  facet normal 0 0 -1
    outer loop
      vertex 0 154.8 0
      vertex 35.1019 79.3284 0
      vertex 34.8019 78.9 0
    endloop
  endfacet
  facet normal 0 0 -1
    outer loop
      vertex 0 154.8 0
      vertex 34.4 77.4 0
      vertex 0 0 0
    endloop
  endfacet
  facet normal 0 0 -1
    outer loop
      vertex 34.4 77.4 0
      vertex 0 154.8 0
      vertex 34.4456 77.9209 0
    endloop
  endfacet
  facet normal 0 0 -1
    outer loop
      vertex 37.4 80.4 0
      vertex 0 154.8 0
      vertex 74.8 154.8 0
    endloop
  endfacet
  facet normal 0 0 -1
    outer loop
      vertex 34.5809 78.4261 0
      vertex 0 154.8 0
      vertex 34.8019 78.9 0
    endloop
  endfacet
  facet normal 0 0 -1
    outer loop
      vertex 34.4456 77.9209 0
      vertex 0 154.8 0
      vertex 34.5809 78.4261 0
    endloop
  endfacet
  facet normal 0 -1 0
    outer loop
      vertex 0 0 0
      vertex 74.8 0 172.4
      vertex 0 0 172.4
    endloop
  endfacet
  facet normal 0 -1 -0
    outer loop
      vertex 74.8 0 172.4
      vertex 0 0 0
      vertex 74.8 0 0
    endloop
  endfacet
  facet normal 1 -0 0
    outer loop
      vertex 2.4 15.4 38.4
      vertex 2.4 51.4 29.4
      vertex 2.4 51.4 38.4
    endloop
  endfacet
  facet normal 1 0 0
    outer loop
      vertex 2.4 51.4 29.4
      vertex 2.4 15.4 38.4
      vertex 2.4 15.4 29.4
    endloop
  endfacet
  facet normal 1 -0 0
    outer loop
      vertex 2.4 15.4 54.4
      vertex 2.4 51.4 45.4
      vertex 2.4 51.4 54.4
    endloop
  endfacet
  facet normal 1 0 0
    outer loop
      vertex 2.4 51.4 45.4
      vertex 2.4 15.4 54.4
      vertex 2.4 15.4 45.4
    endloop
  endfacet
  facet normal 1 -0 0
    outer loop
      vertex 2.4 15.4 70.4
      vertex 2.4 51.4 61.4
      vertex 2.4 51.4 70.4
    endloop
  endfacet
  facet normal 1 0 0
    outer loop
      vertex 2.4 51.4 61.4
      vertex 2.4 15.4 70.4
      vertex 2.4 15.4 61.4
    endloop
  endfacet
  facet normal 1 -0 0
    outer loop
      vertex 2.4 15.4 86.4
      vertex 2.4 51.4 77.4
      vertex 2.4 51.4 86.4
    endloop
  endfacet
  facet normal 1 0 0
    outer loop
      vertex 2.4 51.4 77.4
      vertex 2.4 15.4 86.4
      vertex 2.4 15.4 77.4
    endloop
  endfacet
  facet normal 1 -0 0
    outer loop
      vertex 2.4 15.4 102.4
      vertex 2.4 51.4 93.4
      vertex 2.4 51.4 102.4
    endloop
  endfacet
  facet normal 1 0 0
    outer loop
      vertex 2.4 51.4 93.4
      vertex 2.4 15.4 102.4
      vertex 2.4 15.4 93.4
    endloop
  endfacet
  facet normal 1 -0 0
    outer loop
      vertex 2.4 15.4 118.4
      vertex 2.4 51.4 109.4
      vertex 2.4 51.4 118.4
    endloop
  endfacet
  facet normal 1 0 0
    outer loop
      vertex 2.4 51.4 109.4
      vertex 2.4 15.4 118.4
      vertex 2.4 15.4 109.4
    endloop
  endfacet
  facet normal 1 -0 0
    outer loop
      vertex 2.4 15.4 134.4
      vertex 2.4 51.4 125.4
      vertex 2.4 51.4 134.4
    endloop
  endfacet
  facet normal 1 0 0
    outer loop
      vertex 2.4 51.4 125.4
      vertex 2.4 15.4 134.4
      vertex 2.4 15.4 125.4
    endloop
  endfacet
  facet normal 1 -0 0
    outer loop
      vertex 2.4 59.4 38.4
      vertex 2.4 95.4 29.4
      vertex 2.4 95.4 38.4
    endloop
  endfacet
  facet normal 1 0 0
    outer loop
      vertex 2.4 95.4 29.4
      vertex 2.4 59.4 38.4
      vertex 2.4 59.4 29.4
    endloop
  endfacet
  facet normal 1 -0 0
    outer loop
      vertex 2.4 59.4 54.4
      vertex 2.4 95.4 45.4
      vertex 2.4 95.4 54.4
    endloop
  endfacet
  facet normal 1 0 0
    outer loop
      vertex 2.4 95.4 45.4
      vertex 2.4 59.4 54.4
      vertex 2.4 59.4 45.4
    endloop
  endfacet
  facet normal 1 -0 0
    outer loop
      vertex 2.4 59.4 70.4
      vertex 2.4 95.4 61.4
      vertex 2.4 95.4 70.4
    endloop
  endfacet
  facet normal 1 0 0
    outer loop
      vertex 2.4 95.4 61.4
      vertex 2.4 59.4 70.4
      vertex 2.4 59.4 61.4
    endloop
  endfacet
  facet normal 1 -0 0
    outer loop
      vertex 2.4 59.4 86.4
      vertex 2.4 95.4 77.4
      vertex 2.4 95.4 86.4
    endloop
  endfacet
  facet normal 1 0 0
    outer loop
      vertex 2.4 95.4 77.4
      vertex 2.4 59.4 86.4
      vertex 2.4 59.4 77.4
    endloop
  endfacet
  facet normal 1 -0 0
    outer loop
      vertex 2.4 59.4 102.4
      vertex 2.4 95.4 93.4
      vertex 2.4 95.4 102.4
    endloop
  endfacet
  facet normal 1 0 0
    outer loop
      vertex 2.4 95.4 93.4
      vertex 2.4 59.4 102.4
      vertex 2.4 59.4 93.4
    endloop
  endfacet
  facet normal 1 -0 0
    outer loop
      vertex 2.4 59.4 118.4
      vertex 2.4 95.4 109.4
      vertex 2.4 95.4 118.4
    endloop
  endfacet
  facet normal 1 0 0
    outer loop
      vertex 2.4 95.4 109.4
      vertex 2.4 59.4 118.4
      vertex 2.4 59.4 109.4
    endloop
  endfacet
  facet normal 1 -0 0
    outer loop
      vertex 2.4 59.4 134.4
      vertex 2.4 95.4 125.4
      vertex 2.4 95.4 134.4
    endloop
  endfacet
  facet normal 1 0 0
    outer loop
      vertex 2.4 95.4 125.4
      vertex 2.4 59.4 134.4
      vertex 2.4 59.4 125.4
    endloop
  endfacet
  facet normal 1 -0 0
    outer loop
      vertex 2.4 103.4 38.4
      vertex 2.4 139.4 29.4
      vertex 2.4 139.4 38.4
    endloop
  endfacet
  facet normal 1 0 0
    outer loop
      vertex 2.4 139.4 29.4
      vertex 2.4 103.4 38.4
      vertex 2.4 103.4 29.4
    endloop
  endfacet
  facet normal 1 -0 0
    outer loop
      vertex 2.4 103.4 54.4
      vertex 2.4 139.4 45.4
      vertex 2.4 139.4 54.4
    endloop
  endfacet
  facet normal 1 0 0
    outer loop
      vertex 2.4 139.4 45.4
      vertex 2.4 103.4 54.4
      vertex 2.4 103.4 45.4
    endloop
  endfacet
  facet normal 1 -0 0
    outer loop
      vertex 2.4 103.4 70.4
      vertex 2.4 139.4 61.4
      vertex 2.4 139.4 70.4
    endloop
  endfacet
  facet normal 1 0 0
    outer loop
      vertex 2.4 139.4 61.4
      vertex 2.4 103.4 70.4
      vertex 2.4 103.4 61.4
    endloop
  endfacet
  facet normal 1 -0 0
    outer loop
      vertex 2.4 103.4 86.4
      vertex 2.4 139.4 77.4
      vertex 2.4 139.4 86.4
    endloop
  endfacet
  facet normal 1 0 0
    outer loop
      vertex 2.4 139.4 77.4
      vertex 2.4 103.4 86.4
      vertex 2.4 103.4 77.4
    endloop
  endfacet
  facet normal 1 -0 0
    outer loop
      vertex 2.4 103.4 102.4
      vertex 2.4 139.4 93.4
      vertex 2.4 139.4 102.4
    endloop
  endfacet
  facet normal 1 0 0
    outer loop
      vertex 2.4 139.4 93.4
      vertex 2.4 103.4 102.4
      vertex 2.4 103.4 93.4
    endloop
  endfacet
  facet normal 1 -0 0
    outer loop
      vertex 2.4 103.4 118.4
      vertex 2.4 139.4 109.4
      vertex 2.4 139.4 118.4
    endloop
  endfacet
  facet normal 1 0 0
    outer loop
      vertex 2.4 139.4 109.4
      vertex 2.4 103.4 118.4
      vertex 2.4 103.4 109.4
    endloop
  endfacet
  facet normal 1 -0 0
    outer loop
      vertex 2.4 103.4 134.4
      vertex 2.4 139.4 125.4
      vertex 2.4 139.4 134.4
    endloop
  endfacet
  facet normal 1 0 0
    outer loop
      vertex 2.4 139.4 125.4
      vertex 2.4 103.4 134.4
      vertex 2.4 103.4 125.4
    endloop
  endfacet
  facet normal 1 0 0
    outer loop
      vertex 2.4 139.4 134.4
      vertex 2.4 152.4 172.4
      vertex 2.4 139.4 141.4
    endloop
  endfacet
  facet normal 1 0 0
    outer loop
      vertex 2.4 152.4 172.4
      vertex 2.4 103.4 141.4
      vertex 2.4 139.4 141.4
    endloop
  endfacet
  facet normal 1 0 0
    outer loop
      vertex 2.4 95.4 134.4
      vertex 2.4 103.4 134.4
      vertex 2.4 103.4 141.4
    endloop
  endfacet
  facet normal 1 0 0
    outer loop
      vertex 2.4 103.4 134.4
      vertex 2.4 95.4 134.4
      vertex 2.4 103.4 125.4
    endloop
  endfacet
  facet normal 1 0 0
    outer loop
      vertex 2.4 103.4 125.4
      vertex 2.4 95.4 125.4
      vertex 2.4 103.4 118.4
    endloop
  endfacet
  facet normal 1 0 0
    outer loop
      vertex 2.4 95.4 118.4
      vertex 2.4 103.4 118.4
      vertex 2.4 95.4 125.4
    endloop
  endfacet
  facet normal 1 0 0
    outer loop
      vertex 2.4 95.4 109.4
      vertex 2.4 103.4 109.4
      vertex 2.4 95.4 118.4
    endloop
  endfacet
  facet normal 1 0 0
    outer loop
      vertex 2.4 103.4 109.4
      vertex 2.4 95.4 109.4
      vertex 2.4 103.4 102.4
    endloop
  endfacet
  facet normal 1 0 0
    outer loop
      vertex 2.4 103.4 102.4
      vertex 2.4 95.4 102.4
      vertex 2.4 103.4 93.4
    endloop
  endfacet
  facet normal 1 0 0
    outer loop
      vertex 2.4 95.4 93.4
      vertex 2.4 103.4 93.4
      vertex 2.4 95.4 102.4
    endloop
  endfacet
  facet normal 1 0 0
    outer loop
      vertex 2.4 95.4 86.4
      vertex 2.4 103.4 86.4
      vertex 2.4 95.4 93.4
    endloop
  endfacet
  facet normal 1 0 0
    outer loop
      vertex 2.4 103.4 86.4
      vertex 2.4 95.4 86.4
      vertex 2.4 103.4 77.4
    endloop
  endfacet
  facet normal 1 0 0
    outer loop
      vertex 2.4 103.4 77.4
      vertex 2.4 95.4 77.4
      vertex 2.4 103.4 70.4
    endloop
  endfacet
  facet normal 1 0 0
    outer loop
      vertex 2.4 95.4 70.4
      vertex 2.4 103.4 70.4
      vertex 2.4 95.4 77.4
    endloop
  endfacet
  facet normal 1 0 0
    outer loop
      vertex 2.4 95.4 61.4
      vertex 2.4 103.4 61.4
      vertex 2.4 95.4 70.4
    endloop
  endfacet
  facet normal 1 0 0
    outer loop
      vertex 2.4 103.4 61.4
      vertex 2.4 95.4 61.4
      vertex 2.4 103.4 54.4
    endloop
  endfacet
  facet normal 1 0 0
    outer loop
      vertex 2.4 95.4 134.4
      vertex 2.4 103.4 141.4
      vertex 2.4 95.4 141.4
    endloop
  endfacet
  facet normal 1 0 0
    outer loop
      vertex 2.4 152.4 172.4
      vertex 2.4 95.4 141.4
      vertex 2.4 103.4 141.4
    endloop
  endfacet
  facet normal 1 0 0
    outer loop
      vertex 2.4 152.4 172.4
      vertex 2.4 59.4 141.4
      vertex 2.4 95.4 141.4
    endloop
  endfacet
  facet normal 1 0 0
    outer loop
      vertex 2.4 51.4 134.4
      vertex 2.4 59.4 134.4
      vertex 2.4 59.4 141.4
    endloop
  endfacet
  facet normal 1 0 0
    outer loop
      vertex 2.4 59.4 134.4
      vertex 2.4 51.4 134.4
      vertex 2.4 59.4 125.4
    endloop
  endfacet
  facet normal 1 0 0
    outer loop
      vertex 2.4 59.4 125.4
      vertex 2.4 51.4 125.4
      vertex 2.4 59.4 118.4
    endloop
  endfacet
  facet normal 1 0 0
    outer loop
      vertex 2.4 51.4 118.4
      vertex 2.4 59.4 118.4
      vertex 2.4 51.4 125.4
    endloop
  endfacet
  facet normal 1 0 0
    outer loop
      vertex 2.4 51.4 109.4
      vertex 2.4 59.4 109.4
      vertex 2.4 51.4 118.4
    endloop
  endfacet
  facet normal 1 0 0
    outer loop
      vertex 2.4 59.4 109.4
      vertex 2.4 51.4 109.4
      vertex 2.4 59.4 102.4
    endloop
  endfacet
  facet normal 1 0 0
    outer loop
      vertex 2.4 59.4 102.4
      vertex 2.4 51.4 102.4
      vertex 2.4 59.4 93.4
    endloop
  endfacet
  facet normal 1 0 0
    outer loop
      vertex 2.4 51.4 93.4
      vertex 2.4 59.4 93.4
      vertex 2.4 51.4 102.4
    endloop
  endfacet
  facet normal 1 0 0
    outer loop
      vertex 2.4 51.4 86.4
      vertex 2.4 59.4 86.4
      vertex 2.4 51.4 93.4
    endloop
  endfacet
  facet normal 1 0 0
    outer loop
      vertex 2.4 59.4 86.4
      vertex 2.4 51.4 86.4
      vertex 2.4 59.4 77.4
    endloop
  endfacet
  facet normal 1 0 0
    outer loop
      vertex 2.4 59.4 77.4
      vertex 2.4 51.4 77.4
      vertex 2.4 59.4 70.4
    endloop
  endfacet
  facet normal 1 0 0
    outer loop
      vertex 2.4 51.4 70.4
      vertex 2.4 59.4 70.4
      vertex 2.4 51.4 77.4
    endloop
  endfacet
  facet normal 1 0 0
    outer loop
      vertex 2.4 51.4 61.4
      vertex 2.4 59.4 61.4
      vertex 2.4 51.4 70.4
    endloop
  endfacet
  facet normal 1 0 0
    outer loop
      vertex 2.4 59.4 61.4
      vertex 2.4 51.4 61.4
      vertex 2.4 59.4 54.4
    endloop
  endfacet
  facet normal 1 0 0
    outer loop
      vertex 2.4 51.4 134.4
      vertex 2.4 59.4 141.4
      vertex 2.4 51.4 141.4
    endloop
  endfacet
  facet normal 1 -0 0
    outer loop
      vertex 2.4 2.4 172.4
      vertex 2.4 59.4 141.4
      vertex 2.4 152.4 172.4
    endloop
  endfacet
  facet normal 1 0 0
    outer loop
      vertex 2.4 59.4 141.4
      vertex 2.4 2.4 172.4
      vertex 2.4 51.4 141.4
    endloop
  endfacet
  facet normal 1 0 0
    outer loop
      vertex 2.4 2.4 172.4
      vertex 2.4 15.4 134.4
      vertex 2.4 15.4 141.4
    endloop
  endfacet
  facet normal 1 0 0
    outer loop
      vertex 2.4 15.4 134.4
      vertex 2.4 2.4 172.4
      vertex 2.4 15.4 125.4
    endloop
  endfacet
  facet normal 1 0 0
    outer loop
      vertex 2.4 15.4 125.4
      vertex 2.4 2.4 172.4
      vertex 2.4 15.4 118.4
    endloop
  endfacet
  facet normal 1 0 0
    outer loop
      vertex 2.4 15.4 118.4
      vertex 2.4 2.4 172.4
      vertex 2.4 15.4 109.4
    endloop
  endfacet
  facet normal 1 0 0
    outer loop
      vertex 2.4 15.4 109.4
      vertex 2.4 2.4 172.4
      vertex 2.4 15.4 102.4
    endloop
  endfacet
  facet normal 1 0 0
    outer loop
      vertex 2.4 15.4 102.4
      vertex 2.4 2.4 172.4
      vertex 2.4 15.4 93.4
    endloop
  endfacet
  facet normal 1 0 0
    outer loop
      vertex 2.4 15.4 93.4
      vertex 2.4 2.4 172.4
      vertex 2.4 15.4 86.4
    endloop
  endfacet
  facet normal 1 0 0
    outer loop
      vertex 2.4 2.4 2.4
      vertex 2.4 15.4 86.4
      vertex 2.4 2.4 172.4
    endloop
  endfacet
  facet normal 1 0 0
    outer loop
      vertex 2.4 15.4 86.4
      vertex 2.4 2.4 2.4
      vertex 2.4 15.4 77.4
    endloop
  endfacet
  facet normal 1 0 0
    outer loop
      vertex 2.4 15.4 77.4
      vertex 2.4 2.4 2.4
      vertex 2.4 15.4 70.4
    endloop
  endfacet
  facet normal 1 0 0
    outer loop
      vertex 2.4 15.4 70.4
      vertex 2.4 2.4 2.4
      vertex 2.4 15.4 61.4
    endloop
  endfacet
  facet normal 1 0 0
    outer loop
      vertex 2.4 15.4 61.4
      vertex 2.4 2.4 2.4
      vertex 2.4 15.4 54.4
    endloop
  endfacet
  facet normal 1 0 0
    outer loop
      vertex 2.4 15.4 54.4
      vertex 2.4 2.4 2.4
      vertex 2.4 15.4 45.4
    endloop
  endfacet
  facet normal 1 0 0
    outer loop
      vertex 2.4 15.4 38.4
      vertex 2.4 2.4 2.4
      vertex 2.4 15.4 29.4
    endloop
  endfacet
  facet normal 1 0 0
    outer loop
      vertex 2.4 15.4 45.4
      vertex 2.4 2.4 2.4
      vertex 2.4 15.4 38.4
    endloop
  endfacet
  facet normal 1 0 0
    outer loop
      vertex 2.4 51.4 141.4
      vertex 2.4 2.4 172.4
      vertex 2.4 15.4 141.4
    endloop
  endfacet
  facet normal 1 0 0
    outer loop
      vertex 2.4 139.4 125.4
      vertex 2.4 152.4 172.4
      vertex 2.4 139.4 134.4
    endloop
  endfacet
  facet normal 1 0 0
    outer loop
      vertex 2.4 139.4 118.4
      vertex 2.4 152.4 172.4
      vertex 2.4 139.4 125.4
    endloop
  endfacet
  facet normal 1 0 0
    outer loop
      vertex 2.4 139.4 109.4
      vertex 2.4 152.4 172.4
      vertex 2.4 139.4 118.4
    endloop
  endfacet
  facet normal 1 0 0
    outer loop
      vertex 2.4 139.4 102.4
      vertex 2.4 152.4 172.4
      vertex 2.4 139.4 109.4
    endloop
  endfacet
  facet normal 1 0 0
    outer loop
      vertex 2.4 139.4 93.4
      vertex 2.4 152.4 172.4
      vertex 2.4 139.4 102.4
    endloop
  endfacet
  facet normal 1 0 0
    outer loop
      vertex 2.4 152.4 172.4
      vertex 2.4 139.4 93.4
      vertex 2.4 152.4 2.4
    endloop
  endfacet
  facet normal 1 -0 0
    outer loop
      vertex 2.4 139.4 86.4
      vertex 2.4 152.4 2.4
      vertex 2.4 139.4 93.4
    endloop
  endfacet
  facet normal 1 -0 0
    outer loop
      vertex 2.4 139.4 77.4
      vertex 2.4 152.4 2.4
      vertex 2.4 139.4 86.4
    endloop
  endfacet
  facet normal 1 -0 0
    outer loop
      vertex 2.4 139.4 70.4
      vertex 2.4 152.4 2.4
      vertex 2.4 139.4 77.4
    endloop
  endfacet
  facet normal 1 -0 0
    outer loop
      vertex 2.4 139.4 61.4
      vertex 2.4 152.4 2.4
      vertex 2.4 139.4 70.4
    endloop
  endfacet
  facet normal 1 -0 0
    outer loop
      vertex 2.4 139.4 54.4
      vertex 2.4 152.4 2.4
      vertex 2.4 139.4 61.4
    endloop
  endfacet
  facet normal 1 -0 0
    outer loop
      vertex 2.4 139.4 45.4
      vertex 2.4 152.4 2.4
      vertex 2.4 139.4 54.4
    endloop
  endfacet
  facet normal 1 -0 0
    outer loop
      vertex 2.4 139.4 38.4
      vertex 2.4 152.4 2.4
      vertex 2.4 139.4 45.4
    endloop
  endfacet
  facet normal 1 -0 0
    outer loop
      vertex 2.4 139.4 29.4
      vertex 2.4 152.4 2.4
      vertex 2.4 139.4 38.4
    endloop
  endfacet
  facet normal 1 -0 0
    outer loop
      vertex 2.4 139.4 22.4
      vertex 2.4 152.4 2.4
      vertex 2.4 139.4 29.4
    endloop
  endfacet
  facet normal 1 -0 0
    outer loop
      vertex 2.4 103.4 22.4
      vertex 2.4 152.4 2.4
      vertex 2.4 139.4 22.4
    endloop
  endfacet
  facet normal 1 0 0
    outer loop
      vertex 2.4 103.4 125.4
      vertex 2.4 95.4 134.4
      vertex 2.4 95.4 125.4
    endloop
  endfacet
  facet normal 1 0 0
    outer loop
      vertex 2.4 103.4 118.4
      vertex 2.4 95.4 118.4
      vertex 2.4 103.4 109.4
    endloop
  endfacet
  facet normal 1 0 0
    outer loop
      vertex 2.4 95.4 102.4
      vertex 2.4 103.4 102.4
      vertex 2.4 95.4 109.4
    endloop
  endfacet
  facet normal 1 0 0
    outer loop
      vertex 2.4 103.4 93.4
      vertex 2.4 95.4 93.4
      vertex 2.4 103.4 86.4
    endloop
  endfacet
  facet normal 1 0 0
    outer loop
      vertex 2.4 95.4 77.4
      vertex 2.4 103.4 77.4
      vertex 2.4 95.4 86.4
    endloop
  endfacet
  facet normal 1 0 0
    outer loop
      vertex 2.4 103.4 70.4
      vertex 2.4 95.4 70.4
      vertex 2.4 103.4 61.4
    endloop
  endfacet
  facet normal 1 0 0
    outer loop
      vertex 2.4 95.4 54.4
      vertex 2.4 103.4 54.4
      vertex 2.4 95.4 61.4
    endloop
  endfacet
  facet normal 1 0 0
    outer loop
      vertex 2.4 103.4 54.4
      vertex 2.4 95.4 54.4
      vertex 2.4 103.4 45.4
    endloop
  endfacet
  facet normal 1 0 0
    outer loop
      vertex 2.4 95.4 45.4
      vertex 2.4 103.4 45.4
      vertex 2.4 95.4 54.4
    endloop
  endfacet
  facet normal 1 0 0
    outer loop
      vertex 2.4 103.4 45.4
      vertex 2.4 95.4 45.4
      vertex 2.4 103.4 38.4
    endloop
  endfacet
  facet normal 1 0 0
    outer loop
      vertex 2.4 95.4 38.4
      vertex 2.4 103.4 38.4
      vertex 2.4 95.4 45.4
    endloop
  endfacet
  facet normal 1 0 0
    outer loop
      vertex 2.4 103.4 38.4
      vertex 2.4 95.4 38.4
      vertex 2.4 103.4 29.4
    endloop
  endfacet
  facet normal 1 0 0
    outer loop
      vertex 2.4 95.4 29.4
      vertex 2.4 103.4 29.4
      vertex 2.4 95.4 38.4
    endloop
  endfacet
  facet normal 1 0 0
    outer loop
      vertex 2.4 103.4 29.4
      vertex 2.4 95.4 29.4
      vertex 2.4 103.4 22.4
    endloop
  endfacet
  facet normal 1 0 0
    outer loop
      vertex 2.4 95.4 22.4
      vertex 2.4 103.4 22.4
      vertex 2.4 95.4 29.4
    endloop
  endfacet
  facet normal 1 -0 0
    outer loop
      vertex 2.4 95.4 22.4
      vertex 2.4 152.4 2.4
      vertex 2.4 103.4 22.4
    endloop
  endfacet
  facet normal 1 -0 0
    outer loop
      vertex 2.4 59.4 22.4
      vertex 2.4 152.4 2.4
      vertex 2.4 95.4 22.4
    endloop
  endfacet
  facet normal 1 0 0
    outer loop
      vertex 2.4 59.4 125.4
      vertex 2.4 51.4 134.4
      vertex 2.4 51.4 125.4
    endloop
  endfacet
  facet normal 1 0 0
    outer loop
      vertex 2.4 59.4 118.4
      vertex 2.4 51.4 118.4
      vertex 2.4 59.4 109.4
    endloop
  endfacet
  facet normal 1 0 0
    outer loop
      vertex 2.4 51.4 102.4
      vertex 2.4 59.4 102.4
      vertex 2.4 51.4 109.4
    endloop
  endfacet
  facet normal 1 0 0
    outer loop
      vertex 2.4 59.4 93.4
      vertex 2.4 51.4 93.4
      vertex 2.4 59.4 86.4
    endloop
  endfacet
  facet normal 1 0 0
    outer loop
      vertex 2.4 51.4 77.4
      vertex 2.4 59.4 77.4
      vertex 2.4 51.4 86.4
    endloop
  endfacet
  facet normal 1 0 0
    outer loop
      vertex 2.4 59.4 70.4
      vertex 2.4 51.4 70.4
      vertex 2.4 59.4 61.4
    endloop
  endfacet
  facet normal 1 0 0
    outer loop
      vertex 2.4 51.4 54.4
      vertex 2.4 59.4 54.4
      vertex 2.4 51.4 61.4
    endloop
  endfacet
  facet normal 1 0 0
    outer loop
      vertex 2.4 59.4 54.4
      vertex 2.4 51.4 54.4
      vertex 2.4 59.4 45.4
    endloop
  endfacet
  facet normal 1 0 0
    outer loop
      vertex 2.4 51.4 45.4
      vertex 2.4 59.4 45.4
      vertex 2.4 51.4 54.4
    endloop
  endfacet
  facet normal 1 0 0
    outer loop
      vertex 2.4 59.4 45.4
      vertex 2.4 51.4 45.4
      vertex 2.4 59.4 38.4
    endloop
  endfacet
  facet normal 1 0 0
    outer loop
      vertex 2.4 51.4 38.4
      vertex 2.4 59.4 38.4
      vertex 2.4 51.4 45.4
    endloop
  endfacet
  facet normal 1 0 0
    outer loop
      vertex 2.4 59.4 38.4
      vertex 2.4 51.4 38.4
      vertex 2.4 59.4 29.4
    endloop
  endfacet
  facet normal 1 0 0
    outer loop
      vertex 2.4 51.4 29.4
      vertex 2.4 59.4 29.4
      vertex 2.4 51.4 38.4
    endloop
  endfacet
  facet normal 1 0 0
    outer loop
      vertex 2.4 59.4 29.4
      vertex 2.4 51.4 29.4
      vertex 2.4 59.4 22.4
    endloop
  endfacet
  facet normal 1 0 0
    outer loop
      vertex 2.4 51.4 22.4
      vertex 2.4 59.4 22.4
      vertex 2.4 51.4 29.4
    endloop
  endfacet
  facet normal 1 0 0
    outer loop
      vertex 2.4 2.4 2.4
      vertex 2.4 59.4 22.4
      vertex 2.4 51.4 22.4
    endloop
  endfacet
  facet normal 1 0 0
    outer loop
      vertex 2.4 2.4 2.4
      vertex 2.4 51.4 22.4
      vertex 2.4 15.4 22.4
    endloop
  endfacet
  facet normal 1 0 0
    outer loop
      vertex 2.4 59.4 22.4
      vertex 2.4 2.4 2.4
      vertex 2.4 152.4 2.4
    endloop
  endfacet
  facet normal 1 0 0
    outer loop
      vertex 2.4 15.4 29.4
      vertex 2.4 2.4 2.4
      vertex 2.4 15.4 22.4
    endloop
  endfacet
  facet normal -1 0 0
    outer loop
      vertex 72.4 65.187 101.955
      vertex 72.4 62.9757 103.122
      vertex 72.4 63 103.4
    endloop
  endfacet
  facet normal -1 0 0
    outer loop
      vertex 72.4 65.187 101.955
      vertex 72.4 62.9035 102.853
      vertex 72.4 62.9757 103.122
    endloop
  endfacet
  facet normal -1 0 0
    outer loop
      vertex 72.4 62.6257 102.372
      vertex 72.4 65.187 101.955
      vertex 72.4 62.8452 99.613
    endloop
  endfacet
  facet normal -1 0 0
    outer loop
      vertex 72.4 65.187 101.955
      vertex 72.4 62.7856 102.6
      vertex 72.4 62.9035 102.853
    endloop
  endfacet
  facet normal -1 0 0
    outer loop
      vertex 72.4 65.187 101.955
      vertex 72.4 62.6257 102.372
      vertex 72.4 62.7856 102.6
    endloop
  endfacet
  facet normal -1 0 0
    outer loop
      vertex 72.4 62.8452 99.613
      vertex 72.4 62.4285 102.174
      vertex 72.4 62.6257 102.372
    endloop
  endfacet
  facet normal -1 0 0
    outer loop
      vertex 72.4 62.8452 99.613
      vertex 72.4 62.2 102.014
      vertex 72.4 62.4285 102.174
    endloop
  endfacet
  facet normal -1 0 0
    outer loop
      vertex 72.4 62.8452 99.613
      vertex 72.4 61.9472 101.896
      vertex 72.4 62.2 102.014
    endloop
  endfacet
  facet normal -1 0 0
    outer loop
      vertex 72.4 62.8452 99.613
      vertex 72.4 61.6778 101.824
      vertex 72.4 61.9472 101.896
    endloop
  endfacet
  facet normal -1 0 0
    outer loop
      vertex 72.4 62.8452 99.613
      vertex 72.4 61.4 101.8
      vertex 72.4 61.6778 101.824
    endloop
  endfacet
  facet normal -1 0 0
    outer loop
      vertex 72.4 62.8452 99.613
      vertex 72.4 61.1222 101.824
      vertex 72.4 61.4 101.8
    endloop
  endfacet
  facet normal -1 0 0
    outer loop
      vertex 72.4 60.8528 101.896
      vertex 72.4 62.8452 99.613
      vertex 72.4 60.9455 96.9
    endloop
  endfacet
  facet normal -1 0 0
    outer loop
      vertex 72.4 62.8452 99.613
      vertex 72.4 60.8528 101.896
      vertex 72.4 61.1222 101.824
    endloop
  endfacet
  facet normal -1 0 0
    outer loop
      vertex 72.4 60.9455 96.9
      vertex 72.4 60.6 102.014
      vertex 72.4 60.8528 101.896
    endloop
  endfacet
  facet normal -1 0 0
    outer loop
      vertex 72.4 60.9455 96.9
      vertex 72.4 60.3715 102.174
      vertex 72.4 60.6 102.014
    endloop
  endfacet
  facet normal -1 0 0
    outer loop
      vertex 72.4 60.9455 96.9
      vertex 72.4 60.1743 102.372
      vertex 72.4 60.3715 102.174
    endloop
  endfacet
  facet normal -1 0 0
    outer loop
      vertex 72.4 60.9455 96.9
      vertex 72.4 60.0144 102.6
      vertex 72.4 60.1743 102.372
    endloop
  endfacet
  facet normal -1 0 0
    outer loop
      vertex 72.4 59.5458 93.8984
      vertex 72.4 60.0144 102.6
      vertex 72.4 60.9455 96.9
    endloop
  endfacet
  facet normal -1 -0 0
    outer loop
      vertex 72.4 60.0144 102.6
      vertex 72.4 59.5458 93.8984
      vertex 72.4 59.8965 102.853
    endloop
  endfacet
  facet normal -1 0 0
    outer loop
      vertex 72.4 58.6887 90.6993
      vertex 72.4 59.8243 103.122
      vertex 72.4 59.5458 93.8984
    endloop
  endfacet
  facet normal -1 -0 0
    outer loop
      vertex 72.4 59.8965 102.853
      vertex 72.4 59.5458 93.8984
      vertex 72.4 59.8243 103.122
    endloop
  endfacet
  facet normal -1 0 0
    outer loop
      vertex 72.4 62.9757 71.6778
      vertex 72.4 65.187 72.8452
      vertex 72.4 63 71.4
    endloop
  endfacet
  facet normal -1 0 0
    outer loop
      vertex 72.4 62.9035 71.9472
      vertex 72.4 65.187 72.8452
      vertex 72.4 62.9757 71.6778
    endloop
  endfacet
  facet normal -1 0 0
    outer loop
      vertex 72.4 62.7856 72.2
      vertex 72.4 65.187 72.8452
      vertex 72.4 62.9035 71.9472
    endloop
  endfacet
  facet normal -1 0 0
    outer loop
      vertex 72.4 62.6257 72.4285
      vertex 72.4 65.187 72.8452
      vertex 72.4 62.7856 72.2
    endloop
  endfacet
  facet normal -1 -0 0
    outer loop
      vertex 72.4 65.187 72.8452
      vertex 72.4 62.6257 72.4285
      vertex 72.4 62.8452 75.187
    endloop
  endfacet
  facet normal -1 0 0
    outer loop
      vertex 72.4 62.4285 72.6257
      vertex 72.4 62.8452 75.187
      vertex 72.4 62.6257 72.4285
    endloop
  endfacet
  facet normal -1 0 0
    outer loop
      vertex 72.4 62.2 72.7856
      vertex 72.4 62.8452 75.187
      vertex 72.4 62.4285 72.6257
    endloop
  endfacet
  facet normal -1 0 0
    outer loop
      vertex 72.4 61.9472 72.9035
      vertex 72.4 62.8452 75.187
      vertex 72.4 62.2 72.7856
    endloop
  endfacet
  facet normal -1 0 0
    outer loop
      vertex 72.4 61.6778 72.9757
      vertex 72.4 62.8452 75.187
      vertex 72.4 61.9472 72.9035
    endloop
  endfacet
  facet normal -1 0 0
    outer loop
      vertex 72.4 61.4 73
      vertex 72.4 62.8452 75.187
      vertex 72.4 61.6778 72.9757
    endloop
  endfacet
  facet normal -1 0 0
    outer loop
      vertex 72.4 61.1222 72.9757
      vertex 72.4 62.8452 75.187
      vertex 72.4 61.4 73
    endloop
  endfacet
  facet normal -1 0 0
    outer loop
      vertex 72.4 60.8528 72.9035
      vertex 72.4 62.8452 75.187
      vertex 72.4 61.1222 72.9757
    endloop
  endfacet
  facet normal -1 -0 0
    outer loop
      vertex 72.4 62.8452 75.187
      vertex 72.4 60.8528 72.9035
      vertex 72.4 60.9455 77.9
    endloop
  endfacet
  facet normal -1 0 0
    outer loop
      vertex 72.4 60.6 72.7856
      vertex 72.4 60.9455 77.9
      vertex 72.4 60.8528 72.9035
    endloop
  endfacet
  facet normal -1 0 0
    outer loop
      vertex 72.4 60.3715 72.6257
      vertex 72.4 60.9455 77.9
      vertex 72.4 60.6 72.7856
    endloop
  endfacet
  facet normal -1 0 0
    outer loop
      vertex 72.4 60.1743 72.4285
      vertex 72.4 60.9455 77.9
      vertex 72.4 60.3715 72.6257
    endloop
  endfacet
  facet normal -1 0 0
    outer loop
      vertex 72.4 60.0144 72.2
      vertex 72.4 60.9455 77.9
      vertex 72.4 60.1743 72.4285
    endloop
  endfacet
  facet normal -1 0 0
    outer loop
      vertex 72.4 59.5458 80.9016
      vertex 72.4 60.0144 72.2
      vertex 72.4 59.8965 71.9472
    endloop
  endfacet
  facet normal -1 0 0
    outer loop
      vertex 72.4 59.5458 80.9016
      vertex 72.4 59.8965 71.9472
      vertex 72.4 59.8243 71.6778
    endloop
  endfacet
  facet normal -1 0 0
    outer loop
      vertex 72.4 60.0144 72.2
      vertex 72.4 59.5458 80.9016
      vertex 72.4 60.9455 77.9
    endloop
  endfacet
  facet normal -1 0 0
    outer loop
      vertex 72.4 58.6887 84.1007
      vertex 72.4 59.8243 71.6778
      vertex 72.4 59.8 71.4
    endloop
  endfacet
  facet normal -1 0 0
    outer loop
      vertex 72.4 96.1113 90.6993
      vertex 72.4 94.9757 103.122
      vertex 72.4 95 103.4
    endloop
  endfacet
  facet normal -1 0 0
    outer loop
      vertex 72.4 95.2542 93.8984
      vertex 72.4 94.9035 102.853
      vertex 72.4 94.9757 103.122
    endloop
  endfacet
  facet normal -1 0 0
    outer loop
      vertex 72.4 95.2542 93.8984
      vertex 72.4 94.7856 102.6
      vertex 72.4 94.9035 102.853
    endloop
  endfacet
  facet normal -1 0 0
    outer loop
      vertex 72.4 93.8545 96.9
      vertex 72.4 94.7856 102.6
      vertex 72.4 95.2542 93.8984
    endloop
  endfacet
  facet normal -1 0 0
    outer loop
      vertex 72.4 94.7856 102.6
      vertex 72.4 93.8545 96.9
      vertex 72.4 94.6257 102.372
    endloop
  endfacet
  facet normal -1 0 0
    outer loop
      vertex 72.4 94.6257 102.372
      vertex 72.4 93.8545 96.9
      vertex 72.4 94.4285 102.174
    endloop
  endfacet
  facet normal -1 0 0
    outer loop
      vertex 72.4 94.4285 102.174
      vertex 72.4 93.8545 96.9
      vertex 72.4 94.2 102.014
    endloop
  endfacet
  facet normal -1 0 0
    outer loop
      vertex 72.4 94.2 102.014
      vertex 72.4 93.8545 96.9
      vertex 72.4 93.9472 101.896
    endloop
  endfacet
  facet normal -1 0 0
    outer loop
      vertex 72.4 91.9548 99.613
      vertex 72.4 93.9472 101.896
      vertex 72.4 93.8545 96.9
    endloop
  endfacet
  facet normal -1 0 0
    outer loop
      vertex 72.4 93.9472 101.896
      vertex 72.4 91.9548 99.613
      vertex 72.4 93.6778 101.824
    endloop
  endfacet
  facet normal -1 0 0
    outer loop
      vertex 72.4 93.6778 101.824
      vertex 72.4 91.9548 99.613
      vertex 72.4 93.4 101.8
    endloop
  endfacet
  facet normal -1 -0 0
    outer loop
      vertex 72.4 93.4 101.8
      vertex 72.4 91.9548 99.613
      vertex 72.4 93.1222 101.824
    endloop
  endfacet
  facet normal -1 -0 0
    outer loop
      vertex 72.4 93.1222 101.824
      vertex 72.4 91.9548 99.613
      vertex 72.4 92.8528 101.896
    endloop
  endfacet
  facet normal -1 -0 0
    outer loop
      vertex 72.4 92.8528 101.896
      vertex 72.4 91.9548 99.613
      vertex 72.4 92.6 102.014
    endloop
  endfacet
  facet normal -1 -0 0
    outer loop
      vertex 72.4 92.6 102.014
      vertex 72.4 91.9548 99.613
      vertex 72.4 92.3715 102.174
    endloop
  endfacet
  facet normal -1 -0 0
    outer loop
      vertex 72.4 92.3715 102.174
      vertex 72.4 91.9548 99.613
      vertex 72.4 92.1743 102.372
    endloop
  endfacet
  facet normal -1 0 0
    outer loop
      vertex 72.4 89.613 101.955
      vertex 72.4 92.1743 102.372
      vertex 72.4 91.9548 99.613
    endloop
  endfacet
  facet normal -1 -0 0
    outer loop
      vertex 72.4 92.1743 102.372
      vertex 72.4 89.613 101.955
      vertex 72.4 92.0144 102.6
    endloop
  endfacet
  facet normal -1 -0 0
    outer loop
      vertex 72.4 92.0144 102.6
      vertex 72.4 89.613 101.955
      vertex 72.4 91.8965 102.853
    endloop
  endfacet
  facet normal -1 -0 0
    outer loop
      vertex 72.4 91.8965 102.853
      vertex 72.4 89.613 101.955
      vertex 72.4 91.8243 103.122
    endloop
  endfacet
  facet normal -1 -0 0
    outer loop
      vertex 72.4 91.8243 103.122
      vertex 72.4 89.613 101.955
      vertex 72.4 91.8 103.4
    endloop
  endfacet
  facet normal -1 0 0
    outer loop
      vertex 72.4 125.354 12.9209
      vertex 72.4 152.4 2.4
      vertex 72.4 125.4 12.4
    endloop
  endfacet
  facet normal -1 0 0
    outer loop
      vertex 72.4 152.4 2.4
      vertex 72.4 125.354 11.8791
      vertex 72.4 125.4 12.4
    endloop
  endfacet
  facet normal -1 0 0
    outer loop
      vertex 72.4 152.4 2.4
      vertex 72.4 125.219 11.3739
      vertex 72.4 125.354 11.8791
    endloop
  endfacet
  facet normal -1 0 0
    outer loop
      vertex 72.4 152.4 2.4
      vertex 72.4 124.998 10.9
      vertex 72.4 125.219 11.3739
    endloop
  endfacet
  facet normal -1 0 0
    outer loop
      vertex 72.4 152.4 2.4
      vertex 72.4 124.698 10.4716
      vertex 72.4 124.998 10.9
    endloop
  endfacet
  facet normal -1 0 0
    outer loop
      vertex 72.4 152.4 2.4
      vertex 72.4 124.328 10.1019
      vertex 72.4 124.698 10.4716
    endloop
  endfacet
  facet normal -1 0 0
    outer loop
      vertex 72.4 152.4 2.4
      vertex 72.4 123.9 9.80192
      vertex 72.4 124.328 10.1019
    endloop
  endfacet
  facet normal -1 0 0
    outer loop
      vertex 72.4 152.4 2.4
      vertex 72.4 123.426 9.58092
      vertex 72.4 123.9 9.80192
    endloop
  endfacet
  facet normal -1 0 0
    outer loop
      vertex 72.4 152.4 2.4
      vertex 72.4 122.921 9.44558
      vertex 72.4 123.426 9.58092
    endloop
  endfacet
  facet normal -1 0 0
    outer loop
      vertex 72.4 152.4 2.4
      vertex 72.4 122.4 9.4
      vertex 72.4 122.921 9.44558
    endloop
  endfacet
  facet normal -1 0 0
    outer loop
      vertex 72.4 152.4 2.4
      vertex 72.4 121.879 9.44558
      vertex 72.4 122.4 9.4
    endloop
  endfacet
  facet normal -1 0 0
    outer loop
      vertex 72.4 2.4 2.4
      vertex 72.4 119.4 12.4
      vertex 72.4 119.446 11.8791
    endloop
  endfacet
  facet normal -1 0 0
    outer loop
      vertex 72.4 2.4 2.4
      vertex 72.4 119.446 11.8791
      vertex 72.4 119.581 11.3739
    endloop
  endfacet
  facet normal -1 0 0
    outer loop
      vertex 72.4 119.4 12.4
      vertex 72.4 96.1113 84.1007
      vertex 72.4 96.4 87.4
    endloop
  endfacet
  facet normal -1 0 0
    outer loop
      vertex 72.4 119.4 12.4
      vertex 72.4 95 71.4
      vertex 72.4 96.1113 84.1007
    endloop
  endfacet
  facet normal -1 0 0
    outer loop
      vertex 72.4 94.9757 71.6778
      vertex 72.4 96.1113 84.1007
      vertex 72.4 95 71.4
    endloop
  endfacet
  facet normal -1 0 0
    outer loop
      vertex 72.4 119.4 12.4
      vertex 72.4 94.9757 71.1222
      vertex 72.4 95 71.4
    endloop
  endfacet
  facet normal -1 0 0
    outer loop
      vertex 72.4 119.4 12.4
      vertex 72.4 94.9035 70.8528
      vertex 72.4 94.9757 71.1222
    endloop
  endfacet
  facet normal -1 0 0
    outer loop
      vertex 72.4 119.4 12.4
      vertex 72.4 94.7856 70.6
      vertex 72.4 94.9035 70.8528
    endloop
  endfacet
  facet normal -1 0 0
    outer loop
      vertex 72.4 119.4 12.4
      vertex 72.4 94.6257 70.3715
      vertex 72.4 94.7856 70.6
    endloop
  endfacet
  facet normal -1 0 0
    outer loop
      vertex 72.4 119.4 12.4
      vertex 72.4 94.4285 70.1743
      vertex 72.4 94.6257 70.3715
    endloop
  endfacet
  facet normal -1 0 0
    outer loop
      vertex 72.4 119.4 12.4
      vertex 72.4 94.2 70.0144
      vertex 72.4 94.4285 70.1743
    endloop
  endfacet
  facet normal -1 0 0
    outer loop
      vertex 72.4 119.4 12.4
      vertex 72.4 93.9472 69.8965
      vertex 72.4 94.2 70.0144
    endloop
  endfacet
  facet normal -1 0 0
    outer loop
      vertex 72.4 119.4 12.4
      vertex 72.4 93.6778 69.8243
      vertex 72.4 93.9472 69.8965
    endloop
  endfacet
  facet normal -1 0 0
    outer loop
      vertex 72.4 119.4 12.4
      vertex 72.4 93.4 69.8
      vertex 72.4 93.6778 69.8243
    endloop
  endfacet
  facet normal -1 0 0
    outer loop
      vertex 72.4 119.4 12.4
      vertex 72.4 93.1222 69.8243
      vertex 72.4 93.4 69.8
    endloop
  endfacet
  facet normal -1 0 0
    outer loop
      vertex 72.4 119.4 12.4
      vertex 72.4 80.6993 68.6887
      vertex 72.4 93.1222 69.8243
    endloop
  endfacet
  facet normal -1 0 -0
    outer loop
      vertex 72.4 83.8984 69.5458
      vertex 72.4 93.1222 69.8243
      vertex 72.4 80.6993 68.6887
    endloop
  endfacet
  facet normal -1 -0 0
    outer loop
      vertex 72.4 93.1222 69.8243
      vertex 72.4 83.8984 69.5458
      vertex 72.4 92.8528 69.8965
    endloop
  endfacet
  facet normal -1 -0 0
    outer loop
      vertex 72.4 92.8528 69.8965
      vertex 72.4 83.8984 69.5458
      vertex 72.4 92.6 70.0144
    endloop
  endfacet
  facet normal -1 0 0
    outer loop
      vertex 72.4 92.6 70.0144
      vertex 72.4 86.9 70.9455
      vertex 72.4 92.3715 70.1743
    endloop
  endfacet
  facet normal -1 0 0
    outer loop
      vertex 72.4 92.3715 70.1743
      vertex 72.4 86.9 70.9455
      vertex 72.4 92.1743 70.3715
    endloop
  endfacet
  facet normal -1 0 0
    outer loop
      vertex 72.4 91.8243 71.1222
      vertex 72.4 89.613 72.8452
      vertex 72.4 91.8 71.4
    endloop
  endfacet
  facet normal -1 0 0
    outer loop
      vertex 72.4 91.8965 70.8528
      vertex 72.4 89.613 72.8452
      vertex 72.4 91.8243 71.1222
    endloop
  endfacet
  facet normal -1 0 0
    outer loop
      vertex 72.4 92.1743 70.3715
      vertex 72.4 86.9 70.9455
      vertex 72.4 92.0144 70.6
    endloop
  endfacet
  facet normal -1 0 0
    outer loop
      vertex 72.4 2.4 2.4
      vertex 72.4 119.581 11.3739
      vertex 72.4 119.802 10.9
    endloop
  endfacet
  facet normal -1 0 0
    outer loop
      vertex 72.4 91.8965 70.8528
      vertex 72.4 86.9 70.9455
      vertex 72.4 89.613 72.8452
    endloop
  endfacet
  facet normal -1 0 0
    outer loop
      vertex 72.4 92.0144 70.6
      vertex 72.4 86.9 70.9455
      vertex 72.4 91.8965 70.8528
    endloop
  endfacet
  facet normal -1 0 -0
    outer loop
      vertex 72.4 86.9 70.9455
      vertex 72.4 92.6 70.0144
      vertex 72.4 83.8984 69.5458
    endloop
  endfacet
  facet normal -1 0 0
    outer loop
      vertex 72.4 119.4 12.4
      vertex 72.4 77.4 68.4
      vertex 72.4 80.6993 68.6887
    endloop
  endfacet
  facet normal -1 0 0
    outer loop
      vertex 72.4 2.4 2.4
      vertex 72.4 119.802 10.9
      vertex 72.4 120.102 10.4716
    endloop
  endfacet
  facet normal -1 0 0
    outer loop
      vertex 72.4 119.4 12.4
      vertex 72.4 74.1007 68.6887
      vertex 72.4 77.4 68.4
    endloop
  endfacet
  facet normal -1 0 0
    outer loop
      vertex 72.4 119.4 12.4
      vertex 72.4 61.4 69.8
      vertex 72.4 74.1007 68.6887
    endloop
  endfacet
  facet normal -1 0 -0
    outer loop
      vertex 72.4 61.6778 69.8243
      vertex 72.4 74.1007 68.6887
      vertex 72.4 61.4 69.8
    endloop
  endfacet
  facet normal -1 0 -0
    outer loop
      vertex 72.4 61.9472 69.8965
      vertex 72.4 70.9016 69.5458
      vertex 72.4 61.6778 69.8243
    endloop
  endfacet
  facet normal -1 0 -0
    outer loop
      vertex 72.4 62.7856 70.6
      vertex 72.4 67.9 70.9455
      vertex 72.4 62.6257 70.3715
    endloop
  endfacet
  facet normal -1 0 0
    outer loop
      vertex 72.4 65.187 72.8452
      vertex 72.4 62.9757 71.1222
      vertex 72.4 63 71.4
    endloop
  endfacet
  facet normal -1 0 0
    outer loop
      vertex 72.4 65.187 72.8452
      vertex 72.4 62.9035 70.8528
      vertex 72.4 62.9757 71.1222
    endloop
  endfacet
  facet normal -1 -0 0
    outer loop
      vertex 72.4 67.9 70.9455
      vertex 72.4 62.9035 70.8528
      vertex 72.4 65.187 72.8452
    endloop
  endfacet
  facet normal -1 0 -0
    outer loop
      vertex 72.4 62.9035 70.8528
      vertex 72.4 67.9 70.9455
      vertex 72.4 62.7856 70.6
    endloop
  endfacet
  facet normal -1 0 0
    outer loop
      vertex 72.4 67.9 70.9455
      vertex 72.4 62.4285 70.1743
      vertex 72.4 62.6257 70.3715
    endloop
  endfacet
  facet normal -1 0 0
    outer loop
      vertex 72.4 67.9 70.9455
      vertex 72.4 62.2 70.0144
      vertex 72.4 62.4285 70.1743
    endloop
  endfacet
  facet normal -1 0 0
    outer loop
      vertex 72.4 70.9016 69.5458
      vertex 72.4 62.2 70.0144
      vertex 72.4 67.9 70.9455
    endloop
  endfacet
  facet normal -1 0 -0
    outer loop
      vertex 72.4 62.2 70.0144
      vertex 72.4 70.9016 69.5458
      vertex 72.4 61.9472 69.8965
    endloop
  endfacet
  facet normal -1 0 0
    outer loop
      vertex 72.4 74.1007 68.6887
      vertex 72.4 61.6778 69.8243
      vertex 72.4 70.9016 69.5458
    endloop
  endfacet
  facet normal -1 -0 0
    outer loop
      vertex 72.4 119.4 12.4
      vertex 72.4 2.4 2.4
      vertex 72.4 61.4 69.8
    endloop
  endfacet
  facet normal -1 -0 0
    outer loop
      vertex 72.4 61.4 69.8
      vertex 72.4 2.4 2.4
      vertex 72.4 61.1222 69.8243
    endloop
  endfacet
  facet normal -1 -0 0
    outer loop
      vertex 72.4 61.1222 69.8243
      vertex 72.4 2.4 2.4
      vertex 72.4 60.8528 69.8965
    endloop
  endfacet
  facet normal -1 -0 0
    outer loop
      vertex 72.4 60.8528 69.8965
      vertex 72.4 2.4 2.4
      vertex 72.4 60.6 70.0144
    endloop
  endfacet
  facet normal -1 0 0
    outer loop
      vertex 72.4 2.4 2.4
      vertex 72.4 120.102 10.4716
      vertex 72.4 120.472 10.1019
    endloop
  endfacet
  facet normal -1 0 0
    outer loop
      vertex 72.4 59.8243 71.6778
      vertex 72.4 58.6887 84.1007
      vertex 72.4 59.5458 80.9016
    endloop
  endfacet
  facet normal -1 0 0
    outer loop
      vertex 72.4 2.4 2.4
      vertex 72.4 59.8 71.4
      vertex 72.4 59.8243 71.1222
    endloop
  endfacet
  facet normal -1 -0 0
    outer loop
      vertex 72.4 58.6887 84.1007
      vertex 72.4 2.4 2.4
      vertex 72.4 58.4 87.4
    endloop
  endfacet
  facet normal -1 -0 0
    outer loop
      vertex 72.4 59.8 71.4
      vertex 72.4 2.4 2.4
      vertex 72.4 58.6887 84.1007
    endloop
  endfacet
  facet normal -1 -0 0
    outer loop
      vertex 72.4 59.8965 70.8528
      vertex 72.4 2.4 2.4
      vertex 72.4 59.8243 71.1222
    endloop
  endfacet
  facet normal -1 -0 0
    outer loop
      vertex 72.4 60.0144 70.6
      vertex 72.4 2.4 2.4
      vertex 72.4 59.8965 70.8528
    endloop
  endfacet
  facet normal -1 -0 0
    outer loop
      vertex 72.4 60.1743 70.3715
      vertex 72.4 2.4 2.4
      vertex 72.4 60.0144 70.6
    endloop
  endfacet
  facet normal -1 -0 0
    outer loop
      vertex 72.4 60.3715 70.1743
      vertex 72.4 2.4 2.4
      vertex 72.4 60.1743 70.3715
    endloop
  endfacet
  facet normal -1 -0 0
    outer loop
      vertex 72.4 60.6 70.0144
      vertex 72.4 2.4 2.4
      vertex 72.4 60.3715 70.1743
    endloop
  endfacet
  facet normal -1 -0 0
    outer loop
      vertex 72.4 120.9 9.80192
      vertex 72.4 2.4 2.4
      vertex 72.4 120.472 10.1019
    endloop
  endfacet
  facet normal -1 -0 0
    outer loop
      vertex 72.4 121.374 9.58092
      vertex 72.4 2.4 2.4
      vertex 72.4 120.9 9.80192
    endloop
  endfacet
  facet normal -1 -0 0
    outer loop
      vertex 72.4 121.879 9.44558
      vertex 72.4 2.4 2.4
      vertex 72.4 121.374 9.58092
    endloop
  endfacet
  facet normal -1 0 0
    outer loop
      vertex 72.4 2.4 2.4
      vertex 72.4 121.879 9.44558
      vertex 72.4 152.4 2.4
    endloop
  endfacet
  facet normal -1 0 0
    outer loop
      vertex 72.4 125.219 13.4261
      vertex 72.4 152.4 2.4
      vertex 72.4 125.354 12.9209
    endloop
  endfacet
  facet normal -1 0 0
    outer loop
      vertex 72.4 124.998 13.9
      vertex 72.4 152.4 2.4
      vertex 72.4 125.219 13.4261
    endloop
  endfacet
  facet normal -1 0 0
    outer loop
      vertex 72.4 124.698 14.3284
      vertex 72.4 152.4 2.4
      vertex 72.4 124.998 13.9
    endloop
  endfacet
  facet normal -1 0 0
    outer loop
      vertex 72.4 124.328 14.6981
      vertex 72.4 152.4 2.4
      vertex 72.4 124.698 14.3284
    endloop
  endfacet
  facet normal -1 0 0
    outer loop
      vertex 72.4 96.4 87.4
      vertex 72.4 152.4 2.4
      vertex 72.4 124.328 14.6981
    endloop
  endfacet
  facet normal -1 0 0
    outer loop
      vertex 72.4 96.4 87.4
      vertex 72.4 124.328 14.6981
      vertex 72.4 123.9 14.9981
    endloop
  endfacet
  facet normal -1 0 0
    outer loop
      vertex 72.4 96.4 87.4
      vertex 72.4 123.9 14.9981
      vertex 72.4 123.426 15.2191
    endloop
  endfacet
  facet normal -1 0 0
    outer loop
      vertex 72.4 96.4 87.4
      vertex 72.4 123.426 15.2191
      vertex 72.4 122.921 15.3544
    endloop
  endfacet
  facet normal -1 0 0
    outer loop
      vertex 72.4 96.4 87.4
      vertex 72.4 122.921 15.3544
      vertex 72.4 122.4 15.4
    endloop
  endfacet
  facet normal -1 0 0
    outer loop
      vertex 72.4 96.4 87.4
      vertex 72.4 122.4 15.4
      vertex 72.4 121.879 15.3544
    endloop
  endfacet
  facet normal -1 0 0
    outer loop
      vertex 72.4 96.4 87.4
      vertex 72.4 121.879 15.3544
      vertex 72.4 121.374 15.2191
    endloop
  endfacet
  facet normal -1 0 0
    outer loop
      vertex 72.4 96.4 87.4
      vertex 72.4 121.374 15.2191
      vertex 72.4 120.9 14.9981
    endloop
  endfacet
  facet normal -1 0 0
    outer loop
      vertex 72.4 96.4 87.4
      vertex 72.4 120.9 14.9981
      vertex 72.4 120.472 14.6981
    endloop
  endfacet
  facet normal -1 0 0
    outer loop
      vertex 72.4 96.4 87.4
      vertex 72.4 120.472 14.6981
      vertex 72.4 120.102 14.3284
    endloop
  endfacet
  facet normal -1 0 0
    outer loop
      vertex 72.4 96.4 87.4
      vertex 72.4 120.102 14.3284
      vertex 72.4 119.802 13.9
    endloop
  endfacet
  facet normal -1 0 0
    outer loop
      vertex 72.4 96.4 87.4
      vertex 72.4 119.802 13.9
      vertex 72.4 119.581 13.4261
    endloop
  endfacet
  facet normal -1 0 0
    outer loop
      vertex 72.4 96.4 87.4
      vertex 72.4 119.581 13.4261
      vertex 72.4 119.446 12.9209
    endloop
  endfacet
  facet normal -1 0 0
    outer loop
      vertex 72.4 96.4 87.4
      vertex 72.4 119.446 12.9209
      vertex 72.4 119.4 12.4
    endloop
  endfacet
  facet normal -1 0 0
    outer loop
      vertex 72.4 152.4 2.4
      vertex 72.4 96.4 87.4
      vertex 72.4 152.4 172.4
    endloop
  endfacet
  facet normal -1 0 0
    outer loop
      vertex 72.4 96.1113 90.6993
      vertex 72.4 152.4 172.4
      vertex 72.4 96.4 87.4
    endloop
  endfacet
  facet normal -1 0 0
    outer loop
      vertex 72.4 94.9757 103.122
      vertex 72.4 96.1113 90.6993
      vertex 72.4 95.2542 93.8984
    endloop
  endfacet
  facet normal -1 0 0
    outer loop
      vertex 72.4 96.1113 90.6993
      vertex 72.4 95 103.4
      vertex 72.4 152.4 172.4
    endloop
  endfacet
  facet normal -1 0 0
    outer loop
      vertex 72.4 94.9757 103.678
      vertex 72.4 152.4 172.4
      vertex 72.4 95 103.4
    endloop
  endfacet
  facet normal -1 0 0
    outer loop
      vertex 72.4 94.9035 103.947
      vertex 72.4 152.4 172.4
      vertex 72.4 94.9757 103.678
    endloop
  endfacet
  facet normal -1 0 0
    outer loop
      vertex 72.4 94.7856 104.2
      vertex 72.4 152.4 172.4
      vertex 72.4 94.9035 103.947
    endloop
  endfacet
  facet normal -1 0 0
    outer loop
      vertex 72.4 94.6257 104.428
      vertex 72.4 152.4 172.4
      vertex 72.4 94.7856 104.2
    endloop
  endfacet
  facet normal -1 0 0
    outer loop
      vertex 72.4 94.4285 104.626
      vertex 72.4 152.4 172.4
      vertex 72.4 94.6257 104.428
    endloop
  endfacet
  facet normal -1 0 0
    outer loop
      vertex 72.4 94.2 104.786
      vertex 72.4 152.4 172.4
      vertex 72.4 94.4285 104.626
    endloop
  endfacet
  facet normal -1 0 0
    outer loop
      vertex 72.4 93.9472 104.904
      vertex 72.4 152.4 172.4
      vertex 72.4 94.2 104.786
    endloop
  endfacet
  facet normal -1 0 0
    outer loop
      vertex 72.4 93.6778 104.976
      vertex 72.4 152.4 172.4
      vertex 72.4 93.9472 104.904
    endloop
  endfacet
  facet normal -1 0 0
    outer loop
      vertex 72.4 93.4 105
      vertex 72.4 152.4 172.4
      vertex 72.4 93.6778 104.976
    endloop
  endfacet
  facet normal -1 0 0
    outer loop
      vertex 72.4 80.6993 106.111
      vertex 72.4 93.4 105
      vertex 72.4 93.1222 104.976
    endloop
  endfacet
  facet normal -1 0 0
    outer loop
      vertex 72.4 83.8984 105.254
      vertex 72.4 93.1222 104.976
      vertex 72.4 92.8528 104.904
    endloop
  endfacet
  facet normal -1 0 0
    outer loop
      vertex 72.4 83.8984 105.254
      vertex 72.4 92.8528 104.904
      vertex 72.4 92.6 104.786
    endloop
  endfacet
  facet normal -1 0 0
    outer loop
      vertex 72.4 86.9 103.854
      vertex 72.4 92.6 104.786
      vertex 72.4 92.3715 104.626
    endloop
  endfacet
  facet normal -1 0 0
    outer loop
      vertex 72.4 86.9 103.854
      vertex 72.4 92.3715 104.626
      vertex 72.4 92.1743 104.428
    endloop
  endfacet
  facet normal -1 0 0
    outer loop
      vertex 72.4 89.613 101.955
      vertex 72.4 91.8243 103.678
      vertex 72.4 91.8 103.4
    endloop
  endfacet
  facet normal -1 0 0
    outer loop
      vertex 72.4 89.613 101.955
      vertex 72.4 91.8965 103.947
      vertex 72.4 91.8243 103.678
    endloop
  endfacet
  facet normal -1 0 0
    outer loop
      vertex 72.4 86.9 103.854
      vertex 72.4 91.8965 103.947
      vertex 72.4 89.613 101.955
    endloop
  endfacet
  facet normal -1 -0 0
    outer loop
      vertex 72.4 91.8965 103.947
      vertex 72.4 86.9 103.854
      vertex 72.4 92.0144 104.2
    endloop
  endfacet
  facet normal -1 -0 0
    outer loop
      vertex 72.4 92.0144 104.2
      vertex 72.4 86.9 103.854
      vertex 72.4 92.1743 104.428
    endloop
  endfacet
  facet normal -1 -0 0
    outer loop
      vertex 72.4 92.6 104.786
      vertex 72.4 86.9 103.854
      vertex 72.4 83.8984 105.254
    endloop
  endfacet
  facet normal -1 0 0
    outer loop
      vertex 72.4 93.1222 104.976
      vertex 72.4 83.8984 105.254
      vertex 72.4 80.6993 106.111
    endloop
  endfacet
  facet normal -1 0 0
    outer loop
      vertex 72.4 93.4 105
      vertex 72.4 80.6993 106.111
      vertex 72.4 152.4 172.4
    endloop
  endfacet
  facet normal -1 0 0
    outer loop
      vertex 72.4 77.4 106.4
      vertex 72.4 152.4 172.4
      vertex 72.4 80.6993 106.111
    endloop
  endfacet
  facet normal -1 0 0
    outer loop
      vertex 72.4 2.4 172.4
      vertex 72.4 77.4 106.4
      vertex 72.4 74.1007 106.111
    endloop
  endfacet
  facet normal -1 0 0
    outer loop
      vertex 72.4 61.6778 104.976
      vertex 72.4 74.1007 106.111
      vertex 72.4 70.9016 105.254
    endloop
  endfacet
  facet normal -1 0 0
    outer loop
      vertex 72.4 62.2 104.786
      vertex 72.4 70.9016 105.254
      vertex 72.4 67.9 103.854
    endloop
  endfacet
  facet normal -1 0 0
    outer loop
      vertex 72.4 62.9035 103.947
      vertex 72.4 67.9 103.854
      vertex 72.4 65.187 101.955
    endloop
  endfacet
  facet normal -1 0 0
    outer loop
      vertex 72.4 62.9757 103.678
      vertex 72.4 65.187 101.955
      vertex 72.4 63 103.4
    endloop
  endfacet
  facet normal -1 0 0
    outer loop
      vertex 72.4 62.9035 103.947
      vertex 72.4 65.187 101.955
      vertex 72.4 62.9757 103.678
    endloop
  endfacet
  facet normal -1 0 0
    outer loop
      vertex 72.4 67.9 103.854
      vertex 72.4 62.9035 103.947
      vertex 72.4 62.7856 104.2
    endloop
  endfacet
  facet normal -1 0 0
    outer loop
      vertex 72.4 67.9 103.854
      vertex 72.4 62.7856 104.2
      vertex 72.4 62.6257 104.428
    endloop
  endfacet
  facet normal -1 0 0
    outer loop
      vertex 72.4 62.4285 104.626
      vertex 72.4 67.9 103.854
      vertex 72.4 62.6257 104.428
    endloop
  endfacet
  facet normal -1 0 0
    outer loop
      vertex 72.4 62.2 104.786
      vertex 72.4 67.9 103.854
      vertex 72.4 62.4285 104.626
    endloop
  endfacet
  facet normal -1 0 0
    outer loop
      vertex 72.4 70.9016 105.254
      vertex 72.4 62.2 104.786
      vertex 72.4 61.9472 104.904
    endloop
  endfacet
  facet normal -1 0 0
    outer loop
      vertex 72.4 70.9016 105.254
      vertex 72.4 61.9472 104.904
      vertex 72.4 61.6778 104.976
    endloop
  endfacet
  facet normal -1 0 0
    outer loop
      vertex 72.4 74.1007 106.111
      vertex 72.4 61.6778 104.976
      vertex 72.4 61.4 105
    endloop
  endfacet
  facet normal -1 -0 0
    outer loop
      vertex 72.4 74.1007 106.111
      vertex 72.4 61.4 105
      vertex 72.4 2.4 172.4
    endloop
  endfacet
  facet normal -1 0 0
    outer loop
      vertex 72.4 2.4 172.4
      vertex 72.4 61.4 105
      vertex 72.4 61.1222 104.976
    endloop
  endfacet
  facet normal -1 0 0
    outer loop
      vertex 72.4 2.4 172.4
      vertex 72.4 61.1222 104.976
      vertex 72.4 60.8528 104.904
    endloop
  endfacet
  facet normal -1 0 0
    outer loop
      vertex 72.4 2.4 172.4
      vertex 72.4 60.8528 104.904
      vertex 72.4 60.6 104.786
    endloop
  endfacet
  facet normal -1 0 0
    outer loop
      vertex 72.4 2.4 172.4
      vertex 72.4 60.6 104.786
      vertex 72.4 60.3715 104.626
    endloop
  endfacet
  facet normal -1 -0 0
    outer loop
      vertex 72.4 59.8243 103.122
      vertex 72.4 58.6887 90.6993
      vertex 72.4 59.8 103.4
    endloop
  endfacet
  facet normal -1 0 0
    outer loop
      vertex 72.4 2.4 172.4
      vertex 72.4 59.8 103.4
      vertex 72.4 58.6887 90.6993
    endloop
  endfacet
  facet normal -1 0 0
    outer loop
      vertex 72.4 2.4 172.4
      vertex 72.4 58.4 87.4
      vertex 72.4 2.4 2.4
    endloop
  endfacet
  facet normal -1 0 0
    outer loop
      vertex 72.4 58.4 87.4
      vertex 72.4 2.4 172.4
      vertex 72.4 58.6887 90.6993
    endloop
  endfacet
  facet normal -1 0 0
    outer loop
      vertex 72.4 59.8 103.4
      vertex 72.4 2.4 172.4
      vertex 72.4 59.8243 103.678
    endloop
  endfacet
  facet normal -1 0 0
    outer loop
      vertex 72.4 59.8243 103.678
      vertex 72.4 2.4 172.4
      vertex 72.4 59.8965 103.947
    endloop
  endfacet
  facet normal -1 0 0
    outer loop
      vertex 72.4 77.4 106.4
      vertex 72.4 2.4 172.4
      vertex 72.4 152.4 172.4
    endloop
  endfacet
  facet normal -1 0 0
    outer loop
      vertex 72.4 60.1743 104.428
      vertex 72.4 2.4 172.4
      vertex 72.4 60.3715 104.626
    endloop
  endfacet
  facet normal -1 0 0
    outer loop
      vertex 72.4 60.0144 104.2
      vertex 72.4 2.4 172.4
      vertex 72.4 60.1743 104.428
    endloop
  endfacet
  facet normal -1 0 0
    outer loop
      vertex 72.4 59.8965 103.947
      vertex 72.4 2.4 172.4
      vertex 72.4 60.0144 104.2
    endloop
  endfacet
  facet normal -1 0 0
    outer loop
      vertex 72.4 96.1113 84.1007
      vertex 72.4 94.9757 71.6778
      vertex 72.4 95.2542 80.9016
    endloop
  endfacet
  facet normal -1 0 0
    outer loop
      vertex 72.4 94.9035 71.9472
      vertex 72.4 95.2542 80.9016
      vertex 72.4 94.9757 71.6778
    endloop
  endfacet
  facet normal -1 0 0
    outer loop
      vertex 72.4 94.7856 72.2
      vertex 72.4 95.2542 80.9016
      vertex 72.4 94.9035 71.9472
    endloop
  endfacet
  facet normal -1 0 0
    outer loop
      vertex 72.4 93.8545 77.9
      vertex 72.4 94.7856 72.2
      vertex 72.4 94.6257 72.4285
    endloop
  endfacet
  facet normal -1 0 0
    outer loop
      vertex 72.4 93.8545 77.9
      vertex 72.4 94.6257 72.4285
      vertex 72.4 94.4285 72.6257
    endloop
  endfacet
  facet normal -1 0 0
    outer loop
      vertex 72.4 93.8545 77.9
      vertex 72.4 94.4285 72.6257
      vertex 72.4 94.2 72.7856
    endloop
  endfacet
  facet normal -1 0 0
    outer loop
      vertex 72.4 93.8545 77.9
      vertex 72.4 94.2 72.7856
      vertex 72.4 93.9472 72.9035
    endloop
  endfacet
  facet normal -1 0 0
    outer loop
      vertex 72.4 94.7856 72.2
      vertex 72.4 93.8545 77.9
      vertex 72.4 95.2542 80.9016
    endloop
  endfacet
  facet normal -1 0 0
    outer loop
      vertex 72.4 91.9548 75.187
      vertex 72.4 93.9472 72.9035
      vertex 72.4 93.6778 72.9757
    endloop
  endfacet
  facet normal -1 0 0
    outer loop
      vertex 72.4 91.9548 75.187
      vertex 72.4 93.6778 72.9757
      vertex 72.4 93.4 73
    endloop
  endfacet
  facet normal -1 0 0
    outer loop
      vertex 72.4 91.9548 75.187
      vertex 72.4 93.4 73
      vertex 72.4 93.1222 72.9757
    endloop
  endfacet
  facet normal -1 0 0
    outer loop
      vertex 72.4 91.9548 75.187
      vertex 72.4 93.1222 72.9757
      vertex 72.4 92.8528 72.9035
    endloop
  endfacet
  facet normal -1 0 0
    outer loop
      vertex 72.4 91.9548 75.187
      vertex 72.4 92.8528 72.9035
      vertex 72.4 92.6 72.7856
    endloop
  endfacet
  facet normal -1 0 0
    outer loop
      vertex 72.4 91.9548 75.187
      vertex 72.4 92.6 72.7856
      vertex 72.4 92.3715 72.6257
    endloop
  endfacet
  facet normal -1 0 0
    outer loop
      vertex 72.4 91.9548 75.187
      vertex 72.4 92.3715 72.6257
      vertex 72.4 92.1743 72.4285
    endloop
  endfacet
  facet normal -1 0 0
    outer loop
      vertex 72.4 89.613 72.8452
      vertex 72.4 92.1743 72.4285
      vertex 72.4 92.0144 72.2
    endloop
  endfacet
  facet normal -1 0 0
    outer loop
      vertex 72.4 93.9472 72.9035
      vertex 72.4 91.9548 75.187
      vertex 72.4 93.8545 77.9
    endloop
  endfacet
  facet normal -1 0 0
    outer loop
      vertex 72.4 89.613 72.8452
      vertex 72.4 92.0144 72.2
      vertex 72.4 91.8965 71.9472
    endloop
  endfacet
  facet normal -1 0 0
    outer loop
      vertex 72.4 89.613 72.8452
      vertex 72.4 91.8965 71.9472
      vertex 72.4 91.8243 71.6778
    endloop
  endfacet
  facet normal -1 0 0
    outer loop
      vertex 72.4 89.613 72.8452
      vertex 72.4 91.8243 71.6778
      vertex 72.4 91.8 71.4
    endloop
  endfacet
  facet normal -1 0 0
    outer loop
      vertex 72.4 92.1743 72.4285
      vertex 72.4 89.613 72.8452
      vertex 72.4 91.9548 75.187
    endloop
  endfacet
  facet normal 0 0 1
    outer loop
      vertex 72.4 152.4 2.4
      vertex 40.4 77.4 2.4
      vertex 72.4 2.4 2.4
    endloop
  endfacet
  facet normal 0 0 1
    outer loop
      vertex 72.4 152.4 2.4
      vertex 40.3544 77.9209 2.4
      vertex 40.4 77.4 2.4
    endloop
  endfacet
  facet normal 0 0 1
    outer loop
      vertex 72.4 152.4 2.4
      vertex 40.2191 78.4261 2.4
      vertex 40.3544 77.9209 2.4
    endloop
  endfacet
  facet normal 0 0 1
    outer loop
      vertex 72.4 152.4 2.4
      vertex 39.9981 78.9 2.4
      vertex 40.2191 78.4261 2.4
    endloop
  endfacet
  facet normal 0 0 1
    outer loop
      vertex 72.4 152.4 2.4
      vertex 39.6981 79.3284 2.4
      vertex 39.9981 78.9 2.4
    endloop
  endfacet
  facet normal 0 0 1
    outer loop
      vertex 72.4 152.4 2.4
      vertex 39.3284 79.6981 2.4
      vertex 39.6981 79.3284 2.4
    endloop
  endfacet
  facet normal 0 0 1
    outer loop
      vertex 72.4 152.4 2.4
      vertex 38.9 79.9981 2.4
      vertex 39.3284 79.6981 2.4
    endloop
  endfacet
  facet normal 0 0 1
    outer loop
      vertex 72.4 152.4 2.4
      vertex 38.4261 80.2191 2.4
      vertex 38.9 79.9981 2.4
    endloop
  endfacet
  facet normal 0 0 1
    outer loop
      vertex 72.4 152.4 2.4
      vertex 37.9209 80.3544 2.4
      vertex 38.4261 80.2191 2.4
    endloop
  endfacet
  facet normal 0 0 1
    outer loop
      vertex 72.4 152.4 2.4
      vertex 37.4 80.4 2.4
      vertex 37.9209 80.3544 2.4
    endloop
  endfacet
  facet normal -0 0 1
    outer loop
      vertex 2.4 152.4 2.4
      vertex 37.4 80.4 2.4
      vertex 72.4 152.4 2.4
    endloop
  endfacet
  facet normal 0 0 1
    outer loop
      vertex 37.4 80.4 2.4
      vertex 2.4 152.4 2.4
      vertex 36.8791 80.3544 2.4
    endloop
  endfacet
  facet normal 0 0 1
    outer loop
      vertex 36.8791 80.3544 2.4
      vertex 2.4 152.4 2.4
      vertex 36.3739 80.2191 2.4
    endloop
  endfacet
  facet normal 0 0 1
    outer loop
      vertex 36.3739 80.2191 2.4
      vertex 2.4 152.4 2.4
      vertex 35.9 79.9981 2.4
    endloop
  endfacet
  facet normal 0 0 1
    outer loop
      vertex 35.9 79.9981 2.4
      vertex 2.4 152.4 2.4
      vertex 35.4716 79.6981 2.4
    endloop
  endfacet
  facet normal 0 0 1
    outer loop
      vertex 35.4716 79.6981 2.4
      vertex 2.4 152.4 2.4
      vertex 35.1019 79.3284 2.4
    endloop
  endfacet
  facet normal 0 0 1
    outer loop
      vertex 34.4456 77.9209 2.4
      vertex 2.4 152.4 2.4
      vertex 34.4 77.4 2.4
    endloop
  endfacet
  facet normal 0 0 1
    outer loop
      vertex 34.5809 78.4261 2.4
      vertex 2.4 152.4 2.4
      vertex 34.4456 77.9209 2.4
    endloop
  endfacet
  facet normal 0 0 1
    outer loop
      vertex 34.8019 78.9 2.4
      vertex 2.4 152.4 2.4
      vertex 34.5809 78.4261 2.4
    endloop
  endfacet
  facet normal 0 0 1
    outer loop
      vertex 35.1019 79.3284 2.4
      vertex 2.4 152.4 2.4
      vertex 34.8019 78.9 2.4
    endloop
  endfacet
  facet normal -0 0 1
    outer loop
      vertex 40.3544 76.8791 2.4
      vertex 72.4 2.4 2.4
      vertex 40.4 77.4 2.4
    endloop
  endfacet
  facet normal -0 0 1
    outer loop
      vertex 40.2191 76.3739 2.4
      vertex 72.4 2.4 2.4
      vertex 40.3544 76.8791 2.4
    endloop
  endfacet
  facet normal -0 0 1
    outer loop
      vertex 39.9981 75.9 2.4
      vertex 72.4 2.4 2.4
      vertex 40.2191 76.3739 2.4
    endloop
  endfacet
  facet normal -0 0 1
    outer loop
      vertex 39.6981 75.4716 2.4
      vertex 72.4 2.4 2.4
      vertex 39.9981 75.9 2.4
    endloop
  endfacet
  facet normal -0 0 1
    outer loop
      vertex 39.3284 75.1019 2.4
      vertex 72.4 2.4 2.4
      vertex 39.6981 75.4716 2.4
    endloop
  endfacet
  facet normal -0 0 1
    outer loop
      vertex 38.9 74.8019 2.4
      vertex 72.4 2.4 2.4
      vertex 39.3284 75.1019 2.4
    endloop
  endfacet
  facet normal -0 0 1
    outer loop
      vertex 38.4261 74.5809 2.4
      vertex 72.4 2.4 2.4
      vertex 38.9 74.8019 2.4
    endloop
  endfacet
  facet normal -0 0 1
    outer loop
      vertex 37.9209 74.4456 2.4
      vertex 72.4 2.4 2.4
      vertex 38.4261 74.5809 2.4
    endloop
  endfacet
  facet normal -0 0 1
    outer loop
      vertex 37.4 74.4 2.4
      vertex 72.4 2.4 2.4
      vertex 37.9209 74.4456 2.4
    endloop
  endfacet
  facet normal 0 0 1
    outer loop
      vertex 2.4 2.4 2.4
      vertex 37.4 74.4 2.4
      vertex 36.8791 74.4456 2.4
    endloop
  endfacet
  facet normal 0 0 1
    outer loop
      vertex 2.4 2.4 2.4
      vertex 36.8791 74.4456 2.4
      vertex 36.3739 74.5809 2.4
    endloop
  endfacet
  facet normal 0 0 1
    outer loop
      vertex 2.4 2.4 2.4
      vertex 36.3739 74.5809 2.4
      vertex 35.9 74.8019 2.4
    endloop
  endfacet
  facet normal 0 0 1
    outer loop
      vertex 2.4 2.4 2.4
      vertex 35.9 74.8019 2.4
      vertex 35.4716 75.1019 2.4
    endloop
  endfacet
  facet normal 0 0 1
    outer loop
      vertex 2.4 2.4 2.4
      vertex 35.4716 75.1019 2.4
      vertex 35.1019 75.4716 2.4
    endloop
  endfacet
  facet normal 0 0 1
    outer loop
      vertex 2.4 2.4 2.4
      vertex 35.1019 75.4716 2.4
      vertex 34.8019 75.9 2.4
    endloop
  endfacet
  facet normal 0 0 1
    outer loop
      vertex 2.4 2.4 2.4
      vertex 34.4 77.4 2.4
      vertex 2.4 152.4 2.4
    endloop
  endfacet
  facet normal 0 0 1
    outer loop
      vertex 34.4 77.4 2.4
      vertex 2.4 2.4 2.4
      vertex 34.4456 76.8791 2.4
    endloop
  endfacet
  facet normal 0 0 1
    outer loop
      vertex 37.4 74.4 2.4
      vertex 2.4 2.4 2.4
      vertex 72.4 2.4 2.4
    endloop
  endfacet
  facet normal 0 0 1
    outer loop
      vertex 34.5809 76.3739 2.4
      vertex 2.4 2.4 2.4
      vertex 34.8019 75.9 2.4
    endloop
  endfacet
  facet normal 0 0 1
    outer loop
      vertex 34.4456 76.8791 2.4
      vertex 2.4 2.4 2.4
      vertex 34.5809 76.3739 2.4
    endloop
  endfacet
  facet normal 0 1 -0
    outer loop
      vertex 72.4 2.4 2.4
      vertex 2.4 2.4 172.4
      vertex 72.4 2.4 172.4
    endloop
  endfacet
  facet normal 0 1 0
    outer loop
      vertex 2.4 2.4 172.4
      vertex 72.4 2.4 2.4
      vertex 2.4 2.4 2.4
    endloop
  endfacet
  facet normal 0 -1 0
    outer loop
      vertex 2.4 152.4 2.4
      vertex 72.4 152.4 172.4
      vertex 2.4 152.4 172.4
    endloop
  endfacet
  facet normal 0 -1 -0
    outer loop
      vertex 72.4 152.4 172.4
      vertex 2.4 152.4 2.4
      vertex 72.4 152.4 2.4
    endloop
  endfacet
  facet normal 0 -0.819121 0.573621
    outer loop
      vertex -3 -3.69772 23.9073
      vertex 0 -3.52776 24.15
      vertex -3 -3.52776 24.15
    endloop
  endfacet
  facet normal 0 -0.819121 0.573621
    outer loop
      vertex 0 -3.52776 24.15
      vertex -3 -3.69772 23.9073
      vertex 0 -3.69772 23.9073
    endloop
  endfacet
  facet normal 0 -0.906321 -0.42259
    outer loop
      vertex -3 -3.40252 25.5814
      vertex 0 -3.52776 25.85
      vertex -3 -3.52776 25.85
    endloop
  endfacet
  facet normal 0 -0.906321 -0.42259
    outer loop
      vertex 0 -3.52776 25.85
      vertex -3 -3.40252 25.5814
      vertex 0 -3.40252 25.5814
    endloop
  endfacet
  facet normal 0 -0.422795 -0.906225
    outer loop
      vertex -3 -4.41857 26.5975
      vertex 0 -4.15 26.4722
      vertex 0 -4.41857 26.5975
    endloop
  endfacet
  facet normal -0 -0.422795 -0.906225
    outer loop
      vertex 0 -4.15 26.4722
      vertex -3 -4.41857 26.5975
      vertex -3 -4.15 26.4722
    endloop
  endfacet
  facet normal 0 0.258834 -0.965922
    outer loop
      vertex -3 -5.58143 26.5975
      vertex 0 -5.2952 26.6742
      vertex 0 -5.58143 26.5975
    endloop
  endfacet
  facet normal 0 0.258834 -0.965922
    outer loop
      vertex 0 -5.2952 26.6742
      vertex -3 -5.58143 26.5975
      vertex -3 -5.2952 26.6742
    endloop
  endfacet
  facet normal 0 0.819105 -0.573644
    outer loop
      vertex 0 -6.47224 25.85
      vertex -3 -6.30227 26.0927
      vertex 0 -6.30227 26.0927
    endloop
  endfacet
  facet normal 0 0.819105 -0.573644
    outer loop
      vertex -3 -6.30227 26.0927
      vertex 0 -6.47224 25.85
      vertex -3 -6.47224 25.85
    endloop
  endfacet
  facet normal 0 -0.422795 0.906225
    outer loop
      vertex -3 -4.15 23.5278
      vertex 0 -4.41857 23.4025
      vertex 0 -4.15 23.5278
    endloop
  endfacet
  facet normal 0 -0.422795 0.906225
    outer loop
      vertex 0 -4.41857 23.4025
      vertex -3 -4.15 23.5278
      vertex -3 -4.41857 23.4025
    endloop
  endfacet
  facet normal 0 -0.258834 0.965922
    outer loop
      vertex -3 -4.41857 23.4025
      vertex 0 -4.7048 23.3258
      vertex 0 -4.41857 23.4025
    endloop
  endfacet
  facet normal 0 -0.258834 0.965922
    outer loop
      vertex 0 -4.7048 23.3258
      vertex -3 -4.41857 23.4025
      vertex -3 -4.7048 23.3258
    endloop
  endfacet
  facet normal 0 -0.573422 0.81926
    outer loop
      vertex -3 -3.90726 23.6977
      vertex 0 -4.15 23.5278
      vertex 0 -3.90726 23.6977
    endloop
  endfacet
  facet normal 0 -0.573422 0.81926
    outer loop
      vertex 0 -4.15 23.5278
      vertex -3 -3.90726 23.6977
      vertex -3 -4.15 23.5278
    endloop
  endfacet
  facet normal 0 -0.965923 0.258828
    outer loop
      vertex -3 -3.40252 24.4186
      vertex 0 -3.32583 24.7048
      vertex -3 -3.32583 24.7048
    endloop
  endfacet
  facet normal 0 -0.965923 0.258828
    outer loop
      vertex 0 -3.32583 24.7048
      vertex -3 -3.40252 24.4186
      vertex 0 -3.40252 24.4186
    endloop
  endfacet
  facet normal 0 -0.996194 0.087167
    outer loop
      vertex -3 -3.32583 24.7048
      vertex 0 -3.3 25
      vertex -3 -3.3 25
    endloop
  endfacet
  facet normal 0 -0.996194 0.087167
    outer loop
      vertex 0 -3.3 25
      vertex -3 -3.32583 24.7048
      vertex 0 -3.32583 24.7048
    endloop
  endfacet
  facet normal 0 -0.0870665 -0.996203
    outer loop
      vertex -3 -5 26.7
      vertex 0 -4.7048 26.6742
      vertex 0 -5 26.7
    endloop
  endfacet
  facet normal -0 -0.0870665 -0.996203
    outer loop
      vertex 0 -4.7048 26.6742
      vertex -3 -5 26.7
      vertex -3 -4.7048 26.6742
    endloop
  endfacet
  facet normal 0 -0.573422 -0.81926
    outer loop
      vertex -3 -4.15 26.4722
      vertex 0 -3.90726 26.3023
      vertex 0 -4.15 26.4722
    endloop
  endfacet
  facet normal -0 -0.573422 -0.81926
    outer loop
      vertex 0 -3.90726 26.3023
      vertex -3 -4.15 26.4722
      vertex -3 -3.90726 26.3023
    endloop
  endfacet
  facet normal 0 -0.819121 -0.573621
    outer loop
      vertex -3 -3.52776 25.85
      vertex 0 -3.69772 26.0927
      vertex -3 -3.69772 26.0927
    endloop
  endfacet
  facet normal 0 -0.819121 -0.573621
    outer loop
      vertex 0 -3.69772 26.0927
      vertex -3 -3.52776 25.85
      vertex 0 -3.52776 25.85
    endloop
  endfacet
  facet normal 0 -0.965923 -0.258828
    outer loop
      vertex -3 -3.32583 25.2952
      vertex 0 -3.40252 25.5814
      vertex -3 -3.40252 25.5814
    endloop
  endfacet
  facet normal 0 -0.965923 -0.258828
    outer loop
      vertex 0 -3.40252 25.5814
      vertex -3 -3.32583 25.2952
      vertex 0 -3.32583 25.2952
    endloop
  endfacet
  facet normal 0 -0.707208 -0.707006
    outer loop
      vertex -3 -3.90726 26.3023
      vertex 0 -3.69772 26.0927
      vertex 0 -3.90726 26.3023
    endloop
  endfacet
  facet normal -0 -0.707208 -0.707006
    outer loop
      vertex 0 -3.69772 26.0927
      vertex -3 -3.90726 26.3023
      vertex -3 -3.69772 26.0927
    endloop
  endfacet
  facet normal 0 -0.0870665 0.996203
    outer loop
      vertex -3 -4.7048 23.3258
      vertex 0 -5 23.3
      vertex 0 -4.7048 23.3258
    endloop
  endfacet
  facet normal 0 -0.0870665 0.996203
    outer loop
      vertex 0 -5 23.3
      vertex -3 -4.7048 23.3258
      vertex -3 -5 23.3
    endloop
  endfacet
  facet normal 0 0.996194 0.087167
    outer loop
      vertex 0 -6.67417 24.7048
      vertex -3 -6.7 25
      vertex 0 -6.7 25
    endloop
  endfacet
  facet normal 0 0.996194 0.087167
    outer loop
      vertex -3 -6.7 25
      vertex 0 -6.67417 24.7048
      vertex -3 -6.67417 24.7048
    endloop
  endfacet
  facet normal 0 0.965923 0.258828
    outer loop
      vertex 0 -6.59748 24.4186
      vertex -3 -6.67417 24.7048
      vertex 0 -6.67417 24.7048
    endloop
  endfacet
  facet normal 0 0.965923 0.258828
    outer loop
      vertex -3 -6.67417 24.7048
      vertex 0 -6.59748 24.4186
      vertex -3 -6.59748 24.4186
    endloop
  endfacet
  facet normal 0 0.906321 0.42259
    outer loop
      vertex 0 -6.47224 24.15
      vertex -3 -6.59748 24.4186
      vertex 0 -6.59748 24.4186
    endloop
  endfacet
  facet normal 0 0.906321 0.42259
    outer loop
      vertex -3 -6.59748 24.4186
      vertex 0 -6.47224 24.15
      vertex -3 -6.47224 24.15
    endloop
  endfacet
  facet normal -0 0.573422 0.81926
    outer loop
      vertex -3 -5.85 23.5278
      vertex 0 -6.09274 23.6977
      vertex 0 -5.85 23.5278
    endloop
  endfacet
  facet normal 0 0.573422 0.81926
    outer loop
      vertex 0 -6.09274 23.6977
      vertex -3 -5.85 23.5278
      vertex -3 -6.09274 23.6977
    endloop
  endfacet
  facet normal 0 0.965923 -0.258828
    outer loop
      vertex 0 -6.67417 25.2952
      vertex -3 -6.59748 25.5814
      vertex 0 -6.59748 25.5814
    endloop
  endfacet
  facet normal 0 0.965923 -0.258828
    outer loop
      vertex -3 -6.59748 25.5814
      vertex 0 -6.67417 25.2952
      vertex -3 -6.67417 25.2952
    endloop
  endfacet
  facet normal 0 0.707225 -0.706989
    outer loop
      vertex -3 -6.30227 26.0927
      vertex 0 -6.09274 26.3023
      vertex 0 -6.30227 26.0927
    endloop
  endfacet
  facet normal 0 0.707225 -0.706989
    outer loop
      vertex 0 -6.09274 26.3023
      vertex -3 -6.30227 26.0927
      vertex -3 -6.09274 26.3023
    endloop
  endfacet
  facet normal 0 0.422795 -0.906225
    outer loop
      vertex -3 -5.85 26.4722
      vertex 0 -5.58143 26.5975
      vertex 0 -5.85 26.4722
    endloop
  endfacet
  facet normal 0 0.422795 -0.906225
    outer loop
      vertex 0 -5.58143 26.5975
      vertex -3 -5.85 26.4722
      vertex -3 -5.58143 26.5975
    endloop
  endfacet
  facet normal 0 0.0870665 -0.996203
    outer loop
      vertex -3 -5.2952 26.6742
      vertex 0 -5 26.7
      vertex 0 -5.2952 26.6742
    endloop
  endfacet
  facet normal 0 0.0870665 -0.996203
    outer loop
      vertex 0 -5 26.7
      vertex -3 -5.2952 26.6742
      vertex -3 -5 26.7
    endloop
  endfacet
  facet normal 0 0.573422 -0.81926
    outer loop
      vertex -3 -6.09274 26.3023
      vertex 0 -5.85 26.4722
      vertex 0 -6.09274 26.3023
    endloop
  endfacet
  facet normal 0 0.573422 -0.81926
    outer loop
      vertex 0 -5.85 26.4722
      vertex -3 -6.09274 26.3023
      vertex -3 -5.85 26.4722
    endloop
  endfacet
  facet normal 0 -0.707208 0.707006
    outer loop
      vertex -3 -3.90726 23.6977
      vertex 0 -3.69772 23.9073
      vertex -3 -3.69772 23.9073
    endloop
  endfacet
  facet normal 0 -0.707208 0.707006
    outer loop
      vertex 0 -3.69772 23.9073
      vertex -3 -3.90726 23.6977
      vertex 0 -3.90726 23.6977
    endloop
  endfacet
  facet normal 0 -0.906321 0.42259
    outer loop
      vertex -3 -3.52776 24.15
      vertex 0 -3.40252 24.4186
      vertex -3 -3.40252 24.4186
    endloop
  endfacet
  facet normal 0 -0.906321 0.42259
    outer loop
      vertex 0 -3.40252 24.4186
      vertex -3 -3.52776 24.15
      vertex 0 -3.52776 24.15
    endloop
  endfacet
  facet normal 0 -0.258834 -0.965922
    outer loop
      vertex -3 -4.7048 26.6742
      vertex 0 -4.41857 26.5975
      vertex 0 -4.7048 26.6742
    endloop
  endfacet
  facet normal -0 -0.258834 -0.965922
    outer loop
      vertex 0 -4.41857 26.5975
      vertex -3 -4.7048 26.6742
      vertex -3 -4.41857 26.5975
    endloop
  endfacet
  facet normal 0 -0.996194 -0.087167
    outer loop
      vertex -3 -3.3 25
      vertex 0 -3.32583 25.2952
      vertex -3 -3.32583 25.2952
    endloop
  endfacet
  facet normal 0 -0.996194 -0.087167
    outer loop
      vertex 0 -3.32583 25.2952
      vertex -3 -3.3 25
      vertex 0 -3.3 25
    endloop
  endfacet
  facet normal -0 0.258834 0.965922
    outer loop
      vertex -3 -5.2952 23.3258
      vertex 0 -5.58143 23.4025
      vertex 0 -5.2952 23.3258
    endloop
  endfacet
  facet normal 0 0.258834 0.965922
    outer loop
      vertex 0 -5.58143 23.4025
      vertex -3 -5.2952 23.3258
      vertex -3 -5.58143 23.4025
    endloop
  endfacet
  facet normal 0 0.707225 0.706989
    outer loop
      vertex 0 -6.09274 23.6977
      vertex -3 -6.30227 23.9073
      vertex 0 -6.30227 23.9073
    endloop
  endfacet
  facet normal 0 0.707225 0.706989
    outer loop
      vertex -3 -6.30227 23.9073
      vertex 0 -6.09274 23.6977
      vertex -3 -6.09274 23.6977
    endloop
  endfacet
  facet normal 0 0.819105 0.573644
    outer loop
      vertex 0 -6.30227 23.9073
      vertex -3 -6.47224 24.15
      vertex 0 -6.47224 24.15
    endloop
  endfacet
  facet normal 0 0.819105 0.573644
    outer loop
      vertex -3 -6.47224 24.15
      vertex 0 -6.30227 23.9073
      vertex -3 -6.30227 23.9073
    endloop
  endfacet
  facet normal -0 0.422795 0.906225
    outer loop
      vertex -3 -5.58143 23.4025
      vertex 0 -5.85 23.5278
      vertex 0 -5.58143 23.4025
    endloop
  endfacet
  facet normal 0 0.422795 0.906225
    outer loop
      vertex 0 -5.85 23.5278
      vertex -3 -5.58143 23.4025
      vertex -3 -5.85 23.5278
    endloop
  endfacet
  facet normal 0 0.996194 -0.087167
    outer loop
      vertex 0 -6.7 25
      vertex -3 -6.67417 25.2952
      vertex 0 -6.67417 25.2952
    endloop
  endfacet
  facet normal 0 0.996194 -0.087167
    outer loop
      vertex -3 -6.67417 25.2952
      vertex 0 -6.7 25
      vertex -3 -6.7 25
    endloop
  endfacet
  facet normal 0 0.906321 -0.42259
    outer loop
      vertex 0 -6.59748 25.5814
      vertex -3 -6.47224 25.85
      vertex 0 -6.47224 25.85
    endloop
  endfacet
  facet normal 0 0.906321 -0.42259
    outer loop
      vertex -3 -6.47224 25.85
      vertex 0 -6.59748 25.5814
      vertex -3 -6.59748 25.5814
    endloop
  endfacet
  facet normal -0 0.0870665 0.996203
    outer loop
      vertex -3 -5 23.3
      vertex 0 -5.2952 23.3258
      vertex 0 -5 23.3
    endloop
  endfacet
  facet normal 0 0.0870665 0.996203
    outer loop
      vertex 0 -5.2952 23.3258
      vertex -3 -5 23.3
      vertex -3 -5.2952 23.3258
    endloop
  endfacet
  facet normal 0 -0.819121 0.573621
    outer loop
      vertex -3 -3.69772 85.1073
      vertex 0 -3.52776 85.35
      vertex -3 -3.52776 85.35
    endloop
  endfacet
  facet normal 0 -0.819121 0.573621
    outer loop
      vertex 0 -3.52776 85.35
      vertex -3 -3.69772 85.1073
      vertex 0 -3.69772 85.1073
    endloop
  endfacet
  facet normal 0 -0.258834 -0.965922
    outer loop
      vertex -3 -4.7048 87.8742
      vertex 0 -4.41857 87.7975
      vertex 0 -4.7048 87.8742
    endloop
  endfacet
  facet normal -0 -0.258834 -0.965922
    outer loop
      vertex 0 -4.41857 87.7975
      vertex -3 -4.7048 87.8742
      vertex -3 -4.41857 87.7975
    endloop
  endfacet
  facet normal -0 0.258834 0.965922
    outer loop
      vertex -3 -5.2952 84.5258
      vertex 0 -5.58143 84.6025
      vertex 0 -5.2952 84.5258
    endloop
  endfacet
  facet normal 0 0.258834 0.965922
    outer loop
      vertex 0 -5.58143 84.6025
      vertex -3 -5.2952 84.5258
      vertex -3 -5.58143 84.6025
    endloop
  endfacet
  facet normal 0 0.965923 -0.258828
    outer loop
      vertex 0 -6.67417 86.4952
      vertex -3 -6.59748 86.7814
      vertex 0 -6.59748 86.7814
    endloop
  endfacet
  facet normal 0 0.965923 -0.258828
    outer loop
      vertex -3 -6.59748 86.7814
      vertex 0 -6.67417 86.4952
      vertex -3 -6.67417 86.4952
    endloop
  endfacet
  facet normal 0 -0.965923 -0.258828
    outer loop
      vertex -3 -3.32583 86.4952
      vertex 0 -3.40252 86.7814
      vertex -3 -3.40252 86.7814
    endloop
  endfacet
  facet normal 0 -0.965923 -0.258828
    outer loop
      vertex 0 -3.40252 86.7814
      vertex -3 -3.32583 86.4952
      vertex 0 -3.32583 86.4952
    endloop
  endfacet
  facet normal 0 -0.422795 -0.906225
    outer loop
      vertex -3 -4.41857 87.7975
      vertex 0 -4.15 87.6722
      vertex 0 -4.41857 87.7975
    endloop
  endfacet
  facet normal -0 -0.422795 -0.906225
    outer loop
      vertex 0 -4.15 87.6722
      vertex -3 -4.41857 87.7975
      vertex -3 -4.15 87.6722
    endloop
  endfacet
  facet normal 0 0.422795 -0.906225
    outer loop
      vertex -3 -5.85 87.6722
      vertex 0 -5.58143 87.7975
      vertex 0 -5.85 87.6722
    endloop
  endfacet
  facet normal 0 0.422795 -0.906225
    outer loop
      vertex 0 -5.58143 87.7975
      vertex -3 -5.85 87.6722
      vertex -3 -5.58143 87.7975
    endloop
  endfacet
  facet normal 0 -0.422795 0.906225
    outer loop
      vertex -3 -4.15 84.7278
      vertex 0 -4.41857 84.6025
      vertex 0 -4.15 84.7278
    endloop
  endfacet
  facet normal 0 -0.422795 0.906225
    outer loop
      vertex 0 -4.41857 84.6025
      vertex -3 -4.15 84.7278
      vertex -3 -4.41857 84.6025
    endloop
  endfacet
  facet normal 0 -0.258834 0.965922
    outer loop
      vertex -3 -4.41857 84.6025
      vertex 0 -4.7048 84.5258
      vertex 0 -4.41857 84.6025
    endloop
  endfacet
  facet normal 0 -0.258834 0.965922
    outer loop
      vertex 0 -4.7048 84.5258
      vertex -3 -4.41857 84.6025
      vertex -3 -4.7048 84.5258
    endloop
  endfacet
  facet normal 0 -0.573422 0.81926
    outer loop
      vertex -3 -3.90726 84.8977
      vertex 0 -4.15 84.7278
      vertex 0 -3.90726 84.8977
    endloop
  endfacet
  facet normal 0 -0.573422 0.81926
    outer loop
      vertex 0 -4.15 84.7278
      vertex -3 -3.90726 84.8977
      vertex -3 -4.15 84.7278
    endloop
  endfacet
  facet normal 0 -0.965923 0.258828
    outer loop
      vertex -3 -3.40252 85.6186
      vertex 0 -3.32583 85.9048
      vertex -3 -3.32583 85.9048
    endloop
  endfacet
  facet normal 0 -0.965923 0.258828
    outer loop
      vertex 0 -3.32583 85.9048
      vertex -3 -3.40252 85.6186
      vertex 0 -3.40252 85.6186
    endloop
  endfacet
  facet normal 0 -0.996194 0.087167
    outer loop
      vertex -3 -3.32583 85.9048
      vertex 0 -3.3 86.2
      vertex -3 -3.3 86.2
    endloop
  endfacet
  facet normal 0 -0.996194 0.087167
    outer loop
      vertex 0 -3.3 86.2
      vertex -3 -3.32583 85.9048
      vertex 0 -3.32583 85.9048
    endloop
  endfacet
  facet normal 0 -0.0870665 -0.996203
    outer loop
      vertex -3 -5 87.9
      vertex 0 -4.7048 87.8742
      vertex 0 -5 87.9
    endloop
  endfacet
  facet normal -0 -0.0870665 -0.996203
    outer loop
      vertex 0 -4.7048 87.8742
      vertex -3 -5 87.9
      vertex -3 -4.7048 87.8742
    endloop
  endfacet
  facet normal 0 -0.573422 -0.81926
    outer loop
      vertex -3 -4.15 87.6722
      vertex 0 -3.90726 87.5023
      vertex 0 -4.15 87.6722
    endloop
  endfacet
  facet normal -0 -0.573422 -0.81926
    outer loop
      vertex 0 -3.90726 87.5023
      vertex -3 -4.15 87.6722
      vertex -3 -3.90726 87.5023
    endloop
  endfacet
  facet normal 0 -0.996194 -0.087167
    outer loop
      vertex -3 -3.3 86.2
      vertex 0 -3.32583 86.4952
      vertex -3 -3.32583 86.4952
    endloop
  endfacet
  facet normal 0 -0.996194 -0.087167
    outer loop
      vertex 0 -3.32583 86.4952
      vertex -3 -3.3 86.2
      vertex 0 -3.3 86.2
    endloop
  endfacet
  facet normal 0 -0.707208 -0.707006
    outer loop
      vertex -3 -3.90726 87.5023
      vertex 0 -3.69772 87.2927
      vertex 0 -3.90726 87.5023
    endloop
  endfacet
  facet normal -0 -0.707208 -0.707006
    outer loop
      vertex 0 -3.69772 87.2927
      vertex -3 -3.90726 87.5023
      vertex -3 -3.69772 87.2927
    endloop
  endfacet
  facet normal -0 0.0870665 0.996203
    outer loop
      vertex -3 -5 84.5
      vertex 0 -5.2952 84.5258
      vertex 0 -5 84.5
    endloop
  endfacet
  facet normal 0 0.0870665 0.996203
    outer loop
      vertex 0 -5.2952 84.5258
      vertex -3 -5 84.5
      vertex -3 -5.2952 84.5258
    endloop
  endfacet
  facet normal 0 0.996194 0.087167
    outer loop
      vertex 0 -6.67417 85.9048
      vertex -3 -6.7 86.2
      vertex 0 -6.7 86.2
    endloop
  endfacet
  facet normal 0 0.996194 0.087167
    outer loop
      vertex -3 -6.7 86.2
      vertex 0 -6.67417 85.9048
      vertex -3 -6.67417 85.9048
    endloop
  endfacet
  facet normal 0 0.965923 0.258828
    outer loop
      vertex 0 -6.59748 85.6186
      vertex -3 -6.67417 85.9048
      vertex 0 -6.67417 85.9048
    endloop
  endfacet
  facet normal 0 0.965923 0.258828
    outer loop
      vertex -3 -6.67417 85.9048
      vertex 0 -6.59748 85.6186
      vertex -3 -6.59748 85.6186
    endloop
  endfacet
  facet normal 0 0.707225 0.706989
    outer loop
      vertex 0 -6.09274 84.8977
      vertex -3 -6.30227 85.1073
      vertex 0 -6.30227 85.1073
    endloop
  endfacet
  facet normal 0 0.707225 0.706989
    outer loop
      vertex -3 -6.30227 85.1073
      vertex 0 -6.09274 84.8977
      vertex -3 -6.09274 84.8977
    endloop
  endfacet
  facet normal 0 0.906321 0.42259
    outer loop
      vertex 0 -6.47224 85.35
      vertex -3 -6.59748 85.6186
      vertex 0 -6.59748 85.6186
    endloop
  endfacet
  facet normal 0 0.906321 0.42259
    outer loop
      vertex -3 -6.59748 85.6186
      vertex 0 -6.47224 85.35
      vertex -3 -6.47224 85.35
    endloop
  endfacet
  facet normal -0 0.573422 0.81926
    outer loop
      vertex -3 -5.85 84.7278
      vertex 0 -6.09274 84.8977
      vertex 0 -5.85 84.7278
    endloop
  endfacet
  facet normal 0 0.573422 0.81926
    outer loop
      vertex 0 -6.09274 84.8977
      vertex -3 -5.85 84.7278
      vertex -3 -6.09274 84.8977
    endloop
  endfacet
  facet normal 0 0.996194 -0.087167
    outer loop
      vertex 0 -6.7 86.2
      vertex -3 -6.67417 86.4952
      vertex 0 -6.67417 86.4952
    endloop
  endfacet
  facet normal 0 0.996194 -0.087167
    outer loop
      vertex -3 -6.67417 86.4952
      vertex 0 -6.7 86.2
      vertex -3 -6.7 86.2
    endloop
  endfacet
  facet normal 0 0.707225 -0.706989
    outer loop
      vertex -3 -6.30227 87.2927
      vertex 0 -6.09274 87.5023
      vertex 0 -6.30227 87.2927
    endloop
  endfacet
  facet normal 0 0.707225 -0.706989
    outer loop
      vertex 0 -6.09274 87.5023
      vertex -3 -6.30227 87.2927
      vertex -3 -6.09274 87.5023
    endloop
  endfacet
  facet normal 0 0.0870665 -0.996203
    outer loop
      vertex -3 -5.2952 87.8742
      vertex 0 -5 87.9
      vertex 0 -5.2952 87.8742
    endloop
  endfacet
  facet normal 0 0.0870665 -0.996203
    outer loop
      vertex 0 -5 87.9
      vertex -3 -5.2952 87.8742
      vertex -3 -5 87.9
    endloop
  endfacet
  facet normal 0 0.258834 -0.965922
    outer loop
      vertex -3 -5.58143 87.7975
      vertex 0 -5.2952 87.8742
      vertex 0 -5.58143 87.7975
    endloop
  endfacet
  facet normal 0 0.258834 -0.965922
    outer loop
      vertex 0 -5.2952 87.8742
      vertex -3 -5.58143 87.7975
      vertex -3 -5.2952 87.8742
    endloop
  endfacet
  facet normal 0 0.573422 -0.81926
    outer loop
      vertex -3 -6.09274 87.5023
      vertex 0 -5.85 87.6722
      vertex 0 -6.09274 87.5023
    endloop
  endfacet
  facet normal 0 0.573422 -0.81926
    outer loop
      vertex 0 -5.85 87.6722
      vertex -3 -6.09274 87.5023
      vertex -3 -5.85 87.6722
    endloop
  endfacet
  facet normal 0 -0.707208 0.707006
    outer loop
      vertex -3 -3.90726 84.8977
      vertex 0 -3.69772 85.1073
      vertex -3 -3.69772 85.1073
    endloop
  endfacet
  facet normal 0 -0.707208 0.707006
    outer loop
      vertex 0 -3.69772 85.1073
      vertex -3 -3.90726 84.8977
      vertex 0 -3.90726 84.8977
    endloop
  endfacet
  facet normal 0 -0.906321 0.42259
    outer loop
      vertex -3 -3.52776 85.35
      vertex 0 -3.40252 85.6186
      vertex -3 -3.40252 85.6186
    endloop
  endfacet
  facet normal 0 -0.906321 0.42259
    outer loop
      vertex 0 -3.40252 85.6186
      vertex -3 -3.52776 85.35
      vertex 0 -3.52776 85.35
    endloop
  endfacet
  facet normal 0 -0.906321 -0.42259
    outer loop
      vertex -3 -3.40252 86.7814
      vertex 0 -3.52776 87.05
      vertex -3 -3.52776 87.05
    endloop
  endfacet
  facet normal 0 -0.906321 -0.42259
    outer loop
      vertex 0 -3.52776 87.05
      vertex -3 -3.40252 86.7814
      vertex 0 -3.40252 86.7814
    endloop
  endfacet
  facet normal 0 -0.819121 -0.573621
    outer loop
      vertex -3 -3.52776 87.05
      vertex 0 -3.69772 87.2927
      vertex -3 -3.69772 87.2927
    endloop
  endfacet
  facet normal 0 -0.819121 -0.573621
    outer loop
      vertex 0 -3.69772 87.2927
      vertex -3 -3.52776 87.05
      vertex 0 -3.52776 87.05
    endloop
  endfacet
  facet normal 0 -0.0870665 0.996203
    outer loop
      vertex -3 -4.7048 84.5258
      vertex 0 -5 84.5
      vertex 0 -4.7048 84.5258
    endloop
  endfacet
  facet normal 0 -0.0870665 0.996203
    outer loop
      vertex 0 -5 84.5
      vertex -3 -4.7048 84.5258
      vertex -3 -5 84.5
    endloop
  endfacet
  facet normal 0 0.819105 0.573644
    outer loop
      vertex 0 -6.30227 85.1073
      vertex -3 -6.47224 85.35
      vertex 0 -6.47224 85.35
    endloop
  endfacet
  facet normal 0 0.819105 0.573644
    outer loop
      vertex -3 -6.47224 85.35
      vertex 0 -6.30227 85.1073
      vertex -3 -6.30227 85.1073
    endloop
  endfacet
  facet normal -0 0.422795 0.906225
    outer loop
      vertex -3 -5.58143 84.6025
      vertex 0 -5.85 84.7278
      vertex 0 -5.58143 84.6025
    endloop
  endfacet
  facet normal 0 0.422795 0.906225
    outer loop
      vertex 0 -5.85 84.7278
      vertex -3 -5.58143 84.6025
      vertex -3 -5.85 84.7278
    endloop
  endfacet
  facet normal 0 0.819105 -0.573644
    outer loop
      vertex 0 -6.47224 87.05
      vertex -3 -6.30227 87.2927
      vertex 0 -6.30227 87.2927
    endloop
  endfacet
  facet normal 0 0.819105 -0.573644
    outer loop
      vertex -3 -6.30227 87.2927
      vertex 0 -6.47224 87.05
      vertex -3 -6.47224 87.05
    endloop
  endfacet
  facet normal 0 0.906321 -0.42259
    outer loop
      vertex 0 -6.59748 86.7814
      vertex -3 -6.47224 87.05
      vertex 0 -6.47224 87.05
    endloop
  endfacet
  facet normal 0 0.906321 -0.42259
    outer loop
      vertex -3 -6.47224 87.05
      vertex 0 -6.59748 86.7814
      vertex -3 -6.59748 86.7814
    endloop
  endfacet
  facet normal 0 -0.819454 0.573145
    outer loop
      vertex -3 -3.69772 156.307
      vertex 0 -3.52776 156.55
      vertex -3 -3.52776 156.55
    endloop
  endfacet
  facet normal 0 -0.819454 0.573145
    outer loop
      vertex 0 -3.52776 156.55
      vertex -3 -3.69772 156.307
      vertex 0 -3.69772 156.307
    endloop
  endfacet
  facet normal -0 0.259779 0.965668
    outer loop
      vertex -3 -5.2952 155.726
      vertex 0 -5.58143 155.803
      vertex 0 -5.2952 155.726
    endloop
  endfacet
  facet normal 0 0.259779 0.965668
    outer loop
      vertex 0 -5.58143 155.803
      vertex -3 -5.2952 155.726
      vertex -3 -5.58143 155.803
    endloop
  endfacet
  facet normal 0 -0.965878 -0.258997
    outer loop
      vertex -3 -3.32583 157.695
      vertex 0 -3.40252 157.981
      vertex -3 -3.40252 157.981
    endloop
  endfacet
  facet normal 0 -0.965878 -0.258997
    outer loop
      vertex 0 -3.40252 157.981
      vertex -3 -3.32583 157.695
      vertex 0 -3.32583 157.695
    endloop
  endfacet
  facet normal 0 -0.421963 -0.906613
    outer loop
      vertex -3 -4.41857 158.997
      vertex 0 -4.15 158.872
      vertex 0 -4.41857 158.997
    endloop
  endfacet
  facet normal -0 -0.421963 -0.906613
    outer loop
      vertex 0 -4.15 158.872
      vertex -3 -4.41857 158.997
      vertex -3 -4.15 158.872
    endloop
  endfacet
  facet normal 0 0.259779 -0.965668
    outer loop
      vertex -3 -5.58143 158.997
      vertex 0 -5.2952 159.074
      vertex 0 -5.58143 158.997
    endloop
  endfacet
  facet normal 0 0.259779 -0.965668
    outer loop
      vertex 0 -5.2952 159.074
      vertex -3 -5.58143 158.997
      vertex -3 -5.2952 159.074
    endloop
  endfacet
  facet normal 0 0.906562 -0.422074
    outer loop
      vertex 0 -6.59748 157.981
      vertex -3 -6.47224 158.25
      vertex 0 -6.47224 158.25
    endloop
  endfacet
  facet normal 0 0.906562 -0.422074
    outer loop
      vertex -3 -6.47224 158.25
      vertex 0 -6.59748 157.981
      vertex -3 -6.59748 157.981
    endloop
  endfacet
  facet normal 0 -0.421963 0.906613
    outer loop
      vertex -3 -4.15 155.928
      vertex 0 -4.41857 155.803
      vertex 0 -4.15 155.928
    endloop
  endfacet
  facet normal 0 -0.421963 0.906613
    outer loop
      vertex 0 -4.41857 155.803
      vertex -3 -4.15 155.928
      vertex -3 -4.41857 155.803
    endloop
  endfacet
  facet normal 0 -0.259779 0.965668
    outer loop
      vertex -3 -4.41857 155.803
      vertex 0 -4.7048 155.726
      vertex 0 -4.41857 155.803
    endloop
  endfacet
  facet normal 0 -0.259779 0.965668
    outer loop
      vertex 0 -4.7048 155.726
      vertex -3 -4.41857 155.803
      vertex -3 -4.7048 155.726
    endloop
  endfacet
  facet normal 0 -0.573648 0.819102
    outer loop
      vertex -3 -3.90726 156.098
      vertex 0 -4.15 155.928
      vertex 0 -3.90726 156.098
    endloop
  endfacet
  facet normal 0 -0.573648 0.819102
    outer loop
      vertex 0 -4.15 155.928
      vertex -3 -3.90726 156.098
      vertex -3 -4.15 155.928
    endloop
  endfacet
  facet normal 0 -0.965878 0.258997
    outer loop
      vertex -3 -3.40252 156.819
      vertex 0 -3.32583 157.105
      vertex -3 -3.32583 157.105
    endloop
  endfacet
  facet normal 0 -0.965878 0.258997
    outer loop
      vertex 0 -3.32583 157.105
      vertex -3 -3.40252 156.819
      vertex 0 -3.40252 156.819
    endloop
  endfacet
  facet normal 0 -0.996189 0.0872256
    outer loop
      vertex -3 -3.32583 157.105
      vertex 0 -3.3 157.4
      vertex -3 -3.3 157.4
    endloop
  endfacet
  facet normal 0 -0.996189 0.0872256
    outer loop
      vertex 0 -3.3 157.4
      vertex -3 -3.32583 157.105
      vertex 0 -3.32583 157.105
    endloop
  endfacet
  facet normal 0 -0.0877362 -0.996144
    outer loop
      vertex -3 -5 159.1
      vertex 0 -4.7048 159.074
      vertex 0 -5 159.1
    endloop
  endfacet
  facet normal -0 -0.0877362 -0.996144
    outer loop
      vertex 0 -4.7048 159.074
      vertex -3 -5 159.1
      vertex -3 -4.7048 159.074
    endloop
  endfacet
  facet normal 0 -0.573648 -0.819102
    outer loop
      vertex -3 -4.15 158.872
      vertex 0 -3.90726 158.702
      vertex 0 -4.15 158.872
    endloop
  endfacet
  facet normal -0 -0.573648 -0.819102
    outer loop
      vertex 0 -3.90726 158.702
      vertex -3 -4.15 158.872
      vertex -3 -3.90726 158.702
    endloop
  endfacet
  facet normal 0 -0.906562 -0.422074
    outer loop
      vertex -3 -3.40252 157.981
      vertex 0 -3.52776 158.25
      vertex -3 -3.52776 158.25
    endloop
  endfacet
  facet normal 0 -0.906562 -0.422074
    outer loop
      vertex 0 -3.52776 158.25
      vertex -3 -3.40252 157.981
      vertex 0 -3.40252 157.981
    endloop
  endfacet
  facet normal 0 -0.996189 -0.0872256
    outer loop
      vertex -3 -3.3 157.4
      vertex 0 -3.32583 157.695
      vertex -3 -3.32583 157.695
    endloop
  endfacet
  facet normal 0 -0.996189 -0.0872256
    outer loop
      vertex 0 -3.32583 157.695
      vertex -3 -3.3 157.4
      vertex 0 -3.3 157.4
    endloop
  endfacet
  facet normal -0 0.0877362 0.996144
    outer loop
      vertex -3 -5 155.7
      vertex 0 -5.2952 155.726
      vertex 0 -5 155.7
    endloop
  endfacet
  facet normal 0 0.0877362 0.996144
    outer loop
      vertex 0 -5.2952 155.726
      vertex -3 -5 155.7
      vertex -3 -5.2952 155.726
    endloop
  endfacet
  facet normal 0 0.996189 0.0872256
    outer loop
      vertex 0 -6.67417 157.105
      vertex -3 -6.7 157.4
      vertex 0 -6.7 157.4
    endloop
  endfacet
  facet normal 0 0.996189 0.0872256
    outer loop
      vertex -3 -6.7 157.4
      vertex 0 -6.67417 157.105
      vertex -3 -6.67417 157.105
    endloop
  endfacet
  facet normal 0 0.965878 0.258997
    outer loop
      vertex 0 -6.59748 156.819
      vertex -3 -6.67417 157.105
      vertex 0 -6.67417 157.105
    endloop
  endfacet
  facet normal 0 0.965878 0.258997
    outer loop
      vertex -3 -6.67417 157.105
      vertex 0 -6.59748 156.819
      vertex -3 -6.59748 156.819
    endloop
  endfacet
  facet normal 0 0.906562 0.422074
    outer loop
      vertex 0 -6.47224 156.55
      vertex -3 -6.59748 156.819
      vertex 0 -6.59748 156.819
    endloop
  endfacet
  facet normal 0 0.906562 0.422074
    outer loop
      vertex -3 -6.59748 156.819
      vertex 0 -6.47224 156.55
      vertex -3 -6.47224 156.55
    endloop
  endfacet
  facet normal -0 0.573648 0.819102
    outer loop
      vertex -3 -5.85 155.928
      vertex 0 -6.09274 156.098
      vertex 0 -5.85 155.928
    endloop
  endfacet
  facet normal 0 0.573648 0.819102
    outer loop
      vertex 0 -6.09274 156.098
      vertex -3 -5.85 155.928
      vertex -3 -6.09274 156.098
    endloop
  endfacet
  facet normal 0 0.996189 -0.0872256
    outer loop
      vertex 0 -6.7 157.4
      vertex -3 -6.67417 157.695
      vertex 0 -6.67417 157.695
    endloop
  endfacet
  facet normal 0 0.996189 -0.0872256
    outer loop
      vertex -3 -6.67417 157.695
      vertex 0 -6.7 157.4
      vertex -3 -6.7 157.4
    endloop
  endfacet
  facet normal 0 0.706211 -0.708002
    outer loop
      vertex -3 -6.30227 158.493
      vertex 0 -6.09274 158.702
      vertex 0 -6.30227 158.493
    endloop
  endfacet
  facet normal 0 0.706211 -0.708002
    outer loop
      vertex 0 -6.09274 158.702
      vertex -3 -6.30227 158.493
      vertex -3 -6.09274 158.702
    endloop
  endfacet
  facet normal 0 0.421963 -0.906613
    outer loop
      vertex -3 -5.85 158.872
      vertex 0 -5.58143 158.997
      vertex 0 -5.85 158.872
    endloop
  endfacet
  facet normal 0 0.421963 -0.906613
    outer loop
      vertex 0 -5.58143 158.997
      vertex -3 -5.85 158.872
      vertex -3 -5.58143 158.997
    endloop
  endfacet
  facet normal 0 0.0877362 -0.996144
    outer loop
      vertex -3 -5.2952 159.074
      vertex 0 -5 159.1
      vertex 0 -5.2952 159.074
    endloop
  endfacet
  facet normal 0 0.0877362 -0.996144
    outer loop
      vertex 0 -5 159.1
      vertex -3 -5.2952 159.074
      vertex -3 -5 159.1
    endloop
  endfacet
  facet normal 0 0.573648 -0.819102
    outer loop
      vertex -3 -6.09274 158.702
      vertex 0 -5.85 158.872
      vertex 0 -6.09274 158.702
    endloop
  endfacet
  facet normal 0 0.573648 -0.819102
    outer loop
      vertex 0 -5.85 158.872
      vertex -3 -6.09274 158.702
      vertex -3 -5.85 158.872
    endloop
  endfacet
  facet normal 0 -0.706194 0.708019
    outer loop
      vertex -3 -3.90726 156.098
      vertex 0 -3.69772 156.307
      vertex -3 -3.69772 156.307
    endloop
  endfacet
  facet normal 0 -0.706194 0.708019
    outer loop
      vertex 0 -3.69772 156.307
      vertex -3 -3.90726 156.098
      vertex 0 -3.90726 156.098
    endloop
  endfacet
  facet normal 0 -0.906562 0.422074
    outer loop
      vertex -3 -3.52776 156.55
      vertex 0 -3.40252 156.819
      vertex -3 -3.40252 156.819
    endloop
  endfacet
  facet normal 0 -0.906562 0.422074
    outer loop
      vertex 0 -3.40252 156.819
      vertex -3 -3.52776 156.55
      vertex 0 -3.52776 156.55
    endloop
  endfacet
  facet normal 0 -0.259779 -0.965668
    outer loop
      vertex -3 -4.7048 159.074
      vertex 0 -4.41857 158.997
      vertex 0 -4.7048 159.074
    endloop
  endfacet
  facet normal -0 -0.259779 -0.965668
    outer loop
      vertex 0 -4.41857 158.997
      vertex -3 -4.7048 159.074
      vertex -3 -4.41857 158.997
    endloop
  endfacet
  facet normal 0 -0.819454 -0.573145
    outer loop
      vertex -3 -3.52776 158.25
      vertex 0 -3.69772 158.493
      vertex -3 -3.69772 158.493
    endloop
  endfacet
  facet normal 0 -0.819454 -0.573145
    outer loop
      vertex 0 -3.69772 158.493
      vertex -3 -3.52776 158.25
      vertex 0 -3.52776 158.25
    endloop
  endfacet
  facet normal 0 -0.706194 -0.708019
    outer loop
      vertex -3 -3.90726 158.702
      vertex 0 -3.69772 158.493
      vertex 0 -3.90726 158.702
    endloop
  endfacet
  facet normal -0 -0.706194 -0.708019
    outer loop
      vertex 0 -3.69772 158.493
      vertex -3 -3.90726 158.702
      vertex -3 -3.69772 158.493
    endloop
  endfacet
  facet normal 0 -0.0877362 0.996144
    outer loop
      vertex -3 -4.7048 155.726
      vertex 0 -5 155.7
      vertex 0 -4.7048 155.726
    endloop
  endfacet
  facet normal 0 -0.0877362 0.996144
    outer loop
      vertex 0 -5 155.7
      vertex -3 -4.7048 155.726
      vertex -3 -5 155.7
    endloop
  endfacet
  facet normal 0 0.706211 0.708002
    outer loop
      vertex 0 -6.09274 156.098
      vertex -3 -6.30227 156.307
      vertex 0 -6.30227 156.307
    endloop
  endfacet
  facet normal 0 0.706211 0.708002
    outer loop
      vertex -3 -6.30227 156.307
      vertex 0 -6.09274 156.098
      vertex -3 -6.09274 156.098
    endloop
  endfacet
  facet normal 0 0.819438 0.573168
    outer loop
      vertex 0 -6.30227 156.307
      vertex -3 -6.47224 156.55
      vertex 0 -6.47224 156.55
    endloop
  endfacet
  facet normal 0 0.819438 0.573168
    outer loop
      vertex -3 -6.47224 156.55
      vertex 0 -6.30227 156.307
      vertex -3 -6.30227 156.307
    endloop
  endfacet
  facet normal -0 0.421963 0.906613
    outer loop
      vertex -3 -5.58143 155.803
      vertex 0 -5.85 155.928
      vertex 0 -5.58143 155.803
    endloop
  endfacet
  facet normal 0 0.421963 0.906613
    outer loop
      vertex 0 -5.85 155.928
      vertex -3 -5.58143 155.803
      vertex -3 -5.85 155.928
    endloop
  endfacet
  facet normal 0 0.965878 -0.258997
    outer loop
      vertex 0 -6.67417 157.695
      vertex -3 -6.59748 157.981
      vertex 0 -6.59748 157.981
    endloop
  endfacet
  facet normal 0 0.965878 -0.258997
    outer loop
      vertex -3 -6.59748 157.981
      vertex 0 -6.67417 157.695
      vertex -3 -6.67417 157.695
    endloop
  endfacet
  facet normal 0 0.819438 -0.573168
    outer loop
      vertex 0 -6.47224 158.25
      vertex -3 -6.30227 158.493
      vertex 0 -6.30227 158.493
    endloop
  endfacet
  facet normal 0 0.819438 -0.573168
    outer loop
      vertex -3 -6.30227 158.493
      vertex 0 -6.47224 158.25
      vertex -3 -6.47224 158.25
    endloop
  endfacet
  facet normal -0 0.259029 0.96587
    outer loop
      vertex -3 159.505 23.3258
      vertex 0 159.219 23.4025
      vertex 0 159.505 23.3258
    endloop
  endfacet
  facet normal 0 0.259029 0.96587
    outer loop
      vertex 0 159.219 23.4025
      vertex -3 159.505 23.3258
      vertex -3 159.219 23.4025
    endloop
  endfacet
  facet normal 0 -0.57301 0.819549
    outer loop
      vertex -3 160.893 23.6977
      vertex 0 160.65 23.5278
      vertex 0 160.893 23.6977
    endloop
  endfacet
  facet normal 0 -0.57301 0.819549
    outer loop
      vertex 0 160.65 23.5278
      vertex -3 160.893 23.6977
      vertex -3 160.65 23.5278
    endloop
  endfacet
  facet normal 0 -0.965661 0.259804
    outer loop
      vertex -3 161.397 24.4186
      vertex 0 161.474 24.7048
      vertex -3 161.474 24.7048
    endloop
  endfacet
  facet normal 0 -0.965661 0.259804
    outer loop
      vertex 0 161.474 24.7048
      vertex -3 161.397 24.4186
      vertex 0 161.397 24.4186
    endloop
  endfacet
  facet normal 0 -0.906631 -0.421924
    outer loop
      vertex -3 161.397 25.5814
      vertex 0 161.272 25.85
      vertex -3 161.272 25.85
    endloop
  endfacet
  facet normal 0 -0.906631 -0.421924
    outer loop
      vertex 0 161.272 25.85
      vertex -3 161.397 25.5814
      vertex 0 161.397 25.5814
    endloop
  endfacet
  facet normal 0 -0.42224 -0.906484
    outer loop
      vertex -3 160.381 26.5975
      vertex 0 160.65 26.4722
      vertex 0 160.381 26.5975
    endloop
  endfacet
  facet normal -0 -0.42224 -0.906484
    outer loop
      vertex 0 160.65 26.4722
      vertex -3 160.381 26.5975
      vertex -3 160.65 26.4722
    endloop
  endfacet
  facet normal 0 0.965661 0.259804
    outer loop
      vertex 0 158.203 24.4186
      vertex -3 158.126 24.7048
      vertex 0 158.126 24.7048
    endloop
  endfacet
  facet normal 0 0.965661 0.259804
    outer loop
      vertex -3 158.126 24.7048
      vertex 0 158.203 24.4186
      vertex -3 158.203 24.4186
    endloop
  endfacet
  facet normal 0 -0.259029 0.96587
    outer loop
      vertex -3 160.381 23.4025
      vertex 0 160.095 23.3258
      vertex 0 160.381 23.4025
    endloop
  endfacet
  facet normal 0 -0.259029 0.96587
    outer loop
      vertex 0 160.095 23.3258
      vertex -3 160.381 23.4025
      vertex -3 160.095 23.3258
    endloop
  endfacet
  facet normal 0 -0.42224 0.906484
    outer loop
      vertex -3 160.65 23.5278
      vertex 0 160.381 23.4025
      vertex 0 160.65 23.5278
    endloop
  endfacet
  facet normal 0 -0.42224 0.906484
    outer loop
      vertex 0 160.381 23.4025
      vertex -3 160.65 23.5278
      vertex -3 160.381 23.4025
    endloop
  endfacet
  facet normal 0 -0.996144 0.0877362
    outer loop
      vertex -3 161.474 24.7048
      vertex 0 161.5 25
      vertex -3 161.5 25
    endloop
  endfacet
  facet normal 0 -0.996144 0.0877362
    outer loop
      vertex 0 161.5 25
      vertex -3 161.474 24.7048
      vertex 0 161.474 24.7048
    endloop
  endfacet
  facet normal 0 -0.819057 0.573711
    outer loop
      vertex -3 161.102 23.9073
      vertex 0 161.272 24.15
      vertex -3 161.272 24.15
    endloop
  endfacet
  facet normal 0 -0.819057 0.573711
    outer loop
      vertex 0 161.272 24.15
      vertex -3 161.102 23.9073
      vertex 0 161.102 23.9073
    endloop
  endfacet
  facet normal 0 -0.0871251 -0.996197
    outer loop
      vertex -3 159.8 26.7
      vertex 0 160.095 26.6742
      vertex 0 159.8 26.7
    endloop
  endfacet
  facet normal -0 -0.0871251 -0.996197
    outer loop
      vertex 0 160.095 26.6742
      vertex -3 159.8 26.7
      vertex -3 160.095 26.6742
    endloop
  endfacet
  facet normal 0 -0.57301 -0.819549
    outer loop
      vertex -3 160.65 26.4722
      vertex 0 160.893 26.3023
      vertex 0 160.65 26.4722
    endloop
  endfacet
  facet normal -0 -0.57301 -0.819549
    outer loop
      vertex 0 160.893 26.3023
      vertex -3 160.65 26.4722
      vertex -3 160.893 26.3023
    endloop
  endfacet
  facet normal 0 -0.819057 -0.573711
    outer loop
      vertex -3 161.272 25.85
      vertex 0 161.102 26.0927
      vertex -3 161.102 26.0927
    endloop
  endfacet
  facet normal 0 -0.819057 -0.573711
    outer loop
      vertex 0 161.102 26.0927
      vertex -3 161.272 25.85
      vertex 0 161.272 25.85
    endloop
  endfacet
  facet normal 0 -0.965661 -0.259804
    outer loop
      vertex -3 161.474 25.2952
      vertex 0 161.397 25.5814
      vertex -3 161.397 25.5814
    endloop
  endfacet
  facet normal 0 -0.965661 -0.259804
    outer loop
      vertex 0 161.397 25.5814
      vertex -3 161.474 25.2952
      vertex 0 161.474 25.2952
    endloop
  endfacet
  facet normal 0 -0.70812 -0.706093
    outer loop
      vertex -3 160.893 26.3023
      vertex 0 161.102 26.0927
      vertex 0 160.893 26.3023
    endloop
  endfacet
  facet normal -0 -0.70812 -0.706093
    outer loop
      vertex 0 161.102 26.0927
      vertex -3 160.893 26.3023
      vertex -3 161.102 26.0927
    endloop
  endfacet
  facet normal 0 -0.0871251 0.996197
    outer loop
      vertex -3 160.095 23.3258
      vertex 0 159.8 23.3
      vertex 0 160.095 23.3258
    endloop
  endfacet
  facet normal 0 -0.0871251 0.996197
    outer loop
      vertex 0 159.8 23.3
      vertex -3 160.095 23.3258
      vertex -3 159.8 23.3
    endloop
  endfacet
  facet normal -0 0.42224 0.906484
    outer loop
      vertex -3 159.219 23.4025
      vertex 0 158.95 23.5278
      vertex 0 159.219 23.4025
    endloop
  endfacet
  facet normal 0 0.42224 0.906484
    outer loop
      vertex 0 158.95 23.5278
      vertex -3 159.219 23.4025
      vertex -3 158.95 23.5278
    endloop
  endfacet
  facet normal 0 0.819057 0.573711
    outer loop
      vertex 0 158.498 23.9073
      vertex -3 158.328 24.15
      vertex 0 158.328 24.15
    endloop
  endfacet
  facet normal 0 0.819057 0.573711
    outer loop
      vertex -3 158.328 24.15
      vertex 0 158.498 23.9073
      vertex -3 158.498 23.9073
    endloop
  endfacet
  facet normal 0 -0.70812 0.706093
    outer loop
      vertex -3 161.102 23.9073
      vertex 0 160.893 23.6977
      vertex 0 161.102 23.9073
    endloop
  endfacet
  facet normal 0 -0.70812 0.706093
    outer loop
      vertex 0 160.893 23.6977
      vertex -3 161.102 23.9073
      vertex -3 160.893 23.6977
    endloop
  endfacet
  facet normal 0 -0.906631 0.421924
    outer loop
      vertex -3 161.272 24.15
      vertex 0 161.397 24.4186
      vertex -3 161.397 24.4186
    endloop
  endfacet
  facet normal 0 -0.906631 0.421924
    outer loop
      vertex 0 161.397 24.4186
      vertex -3 161.272 24.15
      vertex 0 161.272 24.15
    endloop
  endfacet
  facet normal 0 -0.259029 -0.96587
    outer loop
      vertex -3 160.095 26.6742
      vertex 0 160.381 26.5975
      vertex 0 160.095 26.6742
    endloop
  endfacet
  facet normal -0 -0.259029 -0.96587
    outer loop
      vertex 0 160.381 26.5975
      vertex -3 160.095 26.6742
      vertex -3 160.381 26.5975
    endloop
  endfacet
  facet normal 0 -0.996144 -0.0877362
    outer loop
      vertex -3 161.5 25
      vertex 0 161.474 25.2952
      vertex -3 161.474 25.2952
    endloop
  endfacet
  facet normal 0 -0.996144 -0.0877362
    outer loop
      vertex 0 161.474 25.2952
      vertex -3 161.5 25
      vertex 0 161.5 25
    endloop
  endfacet
  facet normal -0 0.0871251 0.996197
    outer loop
      vertex -3 159.8 23.3
      vertex 0 159.505 23.3258
      vertex 0 159.8 23.3
    endloop
  endfacet
  facet normal 0 0.0871251 0.996197
    outer loop
      vertex 0 159.505 23.3258
      vertex -3 159.8 23.3
      vertex -3 159.505 23.3258
    endloop
  endfacet
  facet normal 0 0.0871251 -0.996197
    outer loop
      vertex -3 159.505 26.6742
      vertex 0 159.8 26.7
      vertex 0 159.505 26.6742
    endloop
  endfacet
  facet normal 0 0.0871251 -0.996197
    outer loop
      vertex 0 159.8 26.7
      vertex -3 159.505 26.6742
      vertex -3 159.8 26.7
    endloop
  endfacet
  facet normal 0 0.42224 -0.906484
    outer loop
      vertex -3 158.95 26.4722
      vertex 0 159.219 26.5975
      vertex 0 158.95 26.4722
    endloop
  endfacet
  facet normal 0 0.42224 -0.906484
    outer loop
      vertex 0 159.219 26.5975
      vertex -3 158.95 26.4722
      vertex -3 159.219 26.5975
    endloop
  endfacet
  facet normal -0 0.57301 0.819549
    outer loop
      vertex -3 158.95 23.5278
      vertex 0 158.707 23.6977
      vertex 0 158.95 23.5278
    endloop
  endfacet
  facet normal 0 0.57301 0.819549
    outer loop
      vertex 0 158.707 23.6977
      vertex -3 158.95 23.5278
      vertex -3 158.707 23.6977
    endloop
  endfacet
  facet normal 0 0.906631 0.421924
    outer loop
      vertex 0 158.328 24.15
      vertex -3 158.203 24.4186
      vertex 0 158.203 24.4186
    endloop
  endfacet
  facet normal 0 0.906631 0.421924
    outer loop
      vertex -3 158.203 24.4186
      vertex 0 158.328 24.15
      vertex -3 158.328 24.15
    endloop
  endfacet
  facet normal 0 0.996144 0.0877362
    outer loop
      vertex 0 158.126 24.7048
      vertex -3 158.1 25
      vertex 0 158.1 25
    endloop
  endfacet
  facet normal 0 0.996144 0.0877362
    outer loop
      vertex -3 158.1 25
      vertex 0 158.126 24.7048
      vertex -3 158.126 24.7048
    endloop
  endfacet
  facet normal 0 0.996144 -0.0877362
    outer loop
      vertex 0 158.1 25
      vertex -3 158.126 25.2952
      vertex 0 158.126 25.2952
    endloop
  endfacet
  facet normal 0 0.996144 -0.0877362
    outer loop
      vertex -3 158.126 25.2952
      vertex 0 158.1 25
      vertex -3 158.1 25
    endloop
  endfacet
  facet normal 0 0.57301 -0.819549
    outer loop
      vertex -3 158.707 26.3023
      vertex 0 158.95 26.4722
      vertex 0 158.707 26.3023
    endloop
  endfacet
  facet normal 0 0.57301 -0.819549
    outer loop
      vertex 0 158.95 26.4722
      vertex -3 158.707 26.3023
      vertex -3 158.95 26.4722
    endloop
  endfacet
  facet normal 0 0.259029 -0.96587
    outer loop
      vertex -3 159.219 26.5975
      vertex 0 159.505 26.6742
      vertex 0 159.219 26.5975
    endloop
  endfacet
  facet normal 0 0.259029 -0.96587
    outer loop
      vertex 0 159.505 26.6742
      vertex -3 159.219 26.5975
      vertex -3 159.505 26.6742
    endloop
  endfacet
  facet normal 0 0.70812 0.706093
    outer loop
      vertex 0 158.707 23.6977
      vertex -3 158.498 23.9073
      vertex 0 158.498 23.9073
    endloop
  endfacet
  facet normal 0 0.70812 0.706093
    outer loop
      vertex -3 158.498 23.9073
      vertex 0 158.707 23.6977
      vertex -3 158.707 23.6977
    endloop
  endfacet
  facet normal 0 0.965661 -0.259804
    outer loop
      vertex 0 158.126 25.2952
      vertex -3 158.203 25.5814
      vertex 0 158.203 25.5814
    endloop
  endfacet
  facet normal 0 0.965661 -0.259804
    outer loop
      vertex -3 158.203 25.5814
      vertex 0 158.126 25.2952
      vertex -3 158.126 25.2952
    endloop
  endfacet
  facet normal 0 0.819057 -0.573711
    outer loop
      vertex 0 158.328 25.85
      vertex -3 158.498 26.0927
      vertex 0 158.498 26.0927
    endloop
  endfacet
  facet normal 0 0.819057 -0.573711
    outer loop
      vertex -3 158.498 26.0927
      vertex 0 158.328 25.85
      vertex -3 158.328 25.85
    endloop
  endfacet
  facet normal 0 0.70812 -0.706093
    outer loop
      vertex 0 158.498 26.0927
      vertex -3 158.707 26.3023
      vertex 0 158.707 26.3023
    endloop
  endfacet
  facet normal 0 0.70812 -0.706093
    outer loop
      vertex -3 158.707 26.3023
      vertex 0 158.498 26.0927
      vertex -3 158.498 26.0927
    endloop
  endfacet
  facet normal 0 0.906631 -0.421924
    outer loop
      vertex 0 158.203 25.5814
      vertex -3 158.328 25.85
      vertex 0 158.328 25.85
    endloop
  endfacet
  facet normal 0 0.906631 -0.421924
    outer loop
      vertex -3 158.328 25.85
      vertex 0 158.203 25.5814
      vertex -3 158.203 25.5814
    endloop
  endfacet
  facet normal 0 -0.0871251 0.996197
    outer loop
      vertex -3 160.095 84.5258
      vertex 0 159.8 84.5
      vertex 0 160.095 84.5258
    endloop
  endfacet
  facet normal 0 -0.0871251 0.996197
    outer loop
      vertex 0 159.8 84.5
      vertex -3 160.095 84.5258
      vertex -3 159.8 84.5
    endloop
  endfacet
  facet normal 0 -0.0871251 -0.996197
    outer loop
      vertex -3 159.8 87.9
      vertex 0 160.095 87.8742
      vertex 0 159.8 87.9
    endloop
  endfacet
  facet normal -0 -0.0871251 -0.996197
    outer loop
      vertex 0 160.095 87.8742
      vertex -3 159.8 87.9
      vertex -3 160.095 87.8742
    endloop
  endfacet
  facet normal 0 0.996144 0.0877362
    outer loop
      vertex 0 158.126 85.9048
      vertex -3 158.1 86.2
      vertex 0 158.1 86.2
    endloop
  endfacet
  facet normal 0 0.996144 0.0877362
    outer loop
      vertex -3 158.1 86.2
      vertex 0 158.126 85.9048
      vertex -3 158.126 85.9048
    endloop
  endfacet
  facet normal 0 -0.70812 -0.706093
    outer loop
      vertex -3 160.893 87.5023
      vertex 0 161.102 87.2927
      vertex 0 160.893 87.5023
    endloop
  endfacet
  facet normal -0 -0.70812 -0.706093
    outer loop
      vertex 0 161.102 87.2927
      vertex -3 160.893 87.5023
      vertex -3 161.102 87.2927
    endloop
  endfacet
  facet normal 0 -0.965661 -0.259804
    outer loop
      vertex -3 161.474 86.4952
      vertex 0 161.397 86.7814
      vertex -3 161.397 86.7814
    endloop
  endfacet
  facet normal 0 -0.965661 -0.259804
    outer loop
      vertex 0 161.397 86.7814
      vertex -3 161.474 86.4952
      vertex 0 161.474 86.4952
    endloop
  endfacet
  facet normal -0 0.57301 0.819549
    outer loop
      vertex -3 158.95 84.7278
      vertex 0 158.707 84.8977
      vertex 0 158.95 84.7278
    endloop
  endfacet
  facet normal 0 0.57301 0.819549
    outer loop
      vertex 0 158.707 84.8977
      vertex -3 158.95 84.7278
      vertex -3 158.707 84.8977
    endloop
  endfacet
  facet normal 0 -0.259029 0.96587
    outer loop
      vertex -3 160.381 84.6025
      vertex 0 160.095 84.5258
      vertex 0 160.381 84.6025
    endloop
  endfacet
  facet normal 0 -0.259029 0.96587
    outer loop
      vertex 0 160.095 84.5258
      vertex -3 160.381 84.6025
      vertex -3 160.095 84.5258
    endloop
  endfacet
  facet normal 0 -0.57301 0.819549
    outer loop
      vertex -3 160.893 84.8977
      vertex 0 160.65 84.7278
      vertex 0 160.893 84.8977
    endloop
  endfacet
  facet normal 0 -0.57301 0.819549
    outer loop
      vertex 0 160.65 84.7278
      vertex -3 160.893 84.8977
      vertex -3 160.65 84.7278
    endloop
  endfacet
  facet normal 0 -0.965661 0.259804
    outer loop
      vertex -3 161.397 85.6186
      vertex 0 161.474 85.9048
      vertex -3 161.474 85.9048
    endloop
  endfacet
  facet normal 0 -0.965661 0.259804
    outer loop
      vertex 0 161.474 85.9048
      vertex -3 161.397 85.6186
      vertex 0 161.397 85.6186
    endloop
  endfacet
  facet normal 0 -0.819057 0.573711
    outer loop
      vertex -3 161.102 85.1073
      vertex 0 161.272 85.35
      vertex -3 161.272 85.35
    endloop
  endfacet
  facet normal 0 -0.819057 0.573711
    outer loop
      vertex 0 161.272 85.35
      vertex -3 161.102 85.1073
      vertex 0 161.102 85.1073
    endloop
  endfacet
  facet normal 0 -0.42224 -0.906484
    outer loop
      vertex -3 160.381 87.7975
      vertex 0 160.65 87.6722
      vertex 0 160.381 87.7975
    endloop
  endfacet
  facet normal -0 -0.42224 -0.906484
    outer loop
      vertex 0 160.65 87.6722
      vertex -3 160.381 87.7975
      vertex -3 160.65 87.6722
    endloop
  endfacet
  facet normal 0 -0.57301 -0.819549
    outer loop
      vertex -3 160.65 87.6722
      vertex 0 160.893 87.5023
      vertex 0 160.65 87.6722
    endloop
  endfacet
  facet normal -0 -0.57301 -0.819549
    outer loop
      vertex 0 160.893 87.5023
      vertex -3 160.65 87.6722
      vertex -3 160.893 87.5023
    endloop
  endfacet
  facet normal 0 -0.259029 -0.96587
    outer loop
      vertex -3 160.095 87.8742
      vertex 0 160.381 87.7975
      vertex 0 160.095 87.8742
    endloop
  endfacet
  facet normal -0 -0.259029 -0.96587
    outer loop
      vertex 0 160.381 87.7975
      vertex -3 160.095 87.8742
      vertex -3 160.381 87.7975
    endloop
  endfacet
  facet normal 0 -0.819057 -0.573711
    outer loop
      vertex -3 161.272 87.05
      vertex 0 161.102 87.2927
      vertex -3 161.102 87.2927
    endloop
  endfacet
  facet normal 0 -0.819057 -0.573711
    outer loop
      vertex 0 161.102 87.2927
      vertex -3 161.272 87.05
      vertex 0 161.272 87.05
    endloop
  endfacet
  facet normal 0 -0.996144 -0.0877362
    outer loop
      vertex -3 161.5 86.2
      vertex 0 161.474 86.4952
      vertex -3 161.474 86.4952
    endloop
  endfacet
  facet normal 0 -0.996144 -0.0877362
    outer loop
      vertex 0 161.474 86.4952
      vertex -3 161.5 86.2
      vertex 0 161.5 86.2
    endloop
  endfacet
  facet normal 0 -0.42224 0.906484
    outer loop
      vertex -3 160.65 84.7278
      vertex 0 160.381 84.6025
      vertex 0 160.65 84.7278
    endloop
  endfacet
  facet normal 0 -0.42224 0.906484
    outer loop
      vertex 0 160.381 84.6025
      vertex -3 160.65 84.7278
      vertex -3 160.381 84.6025
    endloop
  endfacet
  facet normal 0 -0.70812 0.706093
    outer loop
      vertex -3 161.102 85.1073
      vertex 0 160.893 84.8977
      vertex 0 161.102 85.1073
    endloop
  endfacet
  facet normal 0 -0.70812 0.706093
    outer loop
      vertex 0 160.893 84.8977
      vertex -3 161.102 85.1073
      vertex -3 160.893 84.8977
    endloop
  endfacet
  facet normal 0 -0.996144 0.0877362
    outer loop
      vertex -3 161.474 85.9048
      vertex 0 161.5 86.2
      vertex -3 161.5 86.2
    endloop
  endfacet
  facet normal 0 -0.996144 0.0877362
    outer loop
      vertex 0 161.5 86.2
      vertex -3 161.474 85.9048
      vertex 0 161.474 85.9048
    endloop
  endfacet
  facet normal 0 -0.906631 0.421924
    outer loop
      vertex -3 161.272 85.35
      vertex 0 161.397 85.6186
      vertex -3 161.397 85.6186
    endloop
  endfacet
  facet normal 0 -0.906631 0.421924
    outer loop
      vertex 0 161.397 85.6186
      vertex -3 161.272 85.35
      vertex 0 161.272 85.35
    endloop
  endfacet
  facet normal 0 -0.906631 -0.421924
    outer loop
      vertex -3 161.397 86.7814
      vertex 0 161.272 87.05
      vertex -3 161.272 87.05
    endloop
  endfacet
  facet normal 0 -0.906631 -0.421924
    outer loop
      vertex 0 161.272 87.05
      vertex -3 161.397 86.7814
      vertex 0 161.397 86.7814
    endloop
  endfacet
  facet normal -0 0.0871251 0.996197
    outer loop
      vertex -3 159.8 84.5
      vertex 0 159.505 84.5258
      vertex 0 159.8 84.5
    endloop
  endfacet
  facet normal 0 0.0871251 0.996197
    outer loop
      vertex 0 159.505 84.5258
      vertex -3 159.8 84.5
      vertex -3 159.505 84.5258
    endloop
  endfacet
  facet normal 0 0.42224 -0.906484
    outer loop
      vertex -3 158.95 87.6722
      vertex 0 159.219 87.7975
      vertex 0 158.95 87.6722
    endloop
  endfacet
  facet normal 0 0.42224 -0.906484
    outer loop
      vertex 0 159.219 87.7975
      vertex -3 158.95 87.6722
      vertex -3 159.219 87.7975
    endloop
  endfacet
  facet normal 0 0.965661 0.259804
    outer loop
      vertex 0 158.203 85.6186
      vertex -3 158.126 85.9048
      vertex 0 158.126 85.9048
    endloop
  endfacet
  facet normal 0 0.965661 0.259804
    outer loop
      vertex -3 158.126 85.9048
      vertex 0 158.203 85.6186
      vertex -3 158.203 85.6186
    endloop
  endfacet
  facet normal 0 0.819057 0.573711
    outer loop
      vertex 0 158.498 85.1073
      vertex -3 158.328 85.35
      vertex 0 158.328 85.35
    endloop
  endfacet
  facet normal 0 0.819057 0.573711
    outer loop
      vertex -3 158.328 85.35
      vertex 0 158.498 85.1073
      vertex -3 158.498 85.1073
    endloop
  endfacet
  facet normal 0 0.70812 0.706093
    outer loop
      vertex 0 158.707 84.8977
      vertex -3 158.498 85.1073
      vertex 0 158.498 85.1073
    endloop
  endfacet
  facet normal 0 0.70812 0.706093
    outer loop
      vertex -3 158.498 85.1073
      vertex 0 158.707 84.8977
      vertex -3 158.707 84.8977
    endloop
  endfacet
  facet normal -0 0.42224 0.906484
    outer loop
      vertex -3 159.219 84.6025
      vertex 0 158.95 84.7278
      vertex 0 159.219 84.6025
    endloop
  endfacet
  facet normal 0 0.42224 0.906484
    outer loop
      vertex 0 158.95 84.7278
      vertex -3 159.219 84.6025
      vertex -3 158.95 84.7278
    endloop
  endfacet
  facet normal -0 0.259029 0.96587
    outer loop
      vertex -3 159.505 84.5258
      vertex 0 159.219 84.6025
      vertex 0 159.505 84.5258
    endloop
  endfacet
  facet normal 0 0.259029 0.96587
    outer loop
      vertex 0 159.219 84.6025
      vertex -3 159.505 84.5258
      vertex -3 159.219 84.6025
    endloop
  endfacet
  facet normal 0 0.996144 -0.0877362
    outer loop
      vertex 0 158.1 86.2
      vertex -3 158.126 86.4952
      vertex 0 158.126 86.4952
    endloop
  endfacet
  facet normal 0 0.996144 -0.0877362
    outer loop
      vertex -3 158.126 86.4952
      vertex 0 158.1 86.2
      vertex -3 158.1 86.2
    endloop
  endfacet
  facet normal 0 0.819057 -0.573711
    outer loop
      vertex 0 158.328 87.05
      vertex -3 158.498 87.2927
      vertex 0 158.498 87.2927
    endloop
  endfacet
  facet normal 0 0.819057 -0.573711
    outer loop
      vertex -3 158.498 87.2927
      vertex 0 158.328 87.05
      vertex -3 158.328 87.05
    endloop
  endfacet
  facet normal 0 0.965661 -0.259804
    outer loop
      vertex 0 158.126 86.4952
      vertex -3 158.203 86.7814
      vertex 0 158.203 86.7814
    endloop
  endfacet
  facet normal 0 0.965661 -0.259804
    outer loop
      vertex -3 158.203 86.7814
      vertex 0 158.126 86.4952
      vertex -3 158.126 86.4952
    endloop
  endfacet
  facet normal 0 0.70812 -0.706093
    outer loop
      vertex 0 158.498 87.2927
      vertex -3 158.707 87.5023
      vertex 0 158.707 87.5023
    endloop
  endfacet
  facet normal 0 0.70812 -0.706093
    outer loop
      vertex -3 158.707 87.5023
      vertex 0 158.498 87.2927
      vertex -3 158.498 87.2927
    endloop
  endfacet
  facet normal 0 0.57301 -0.819549
    outer loop
      vertex -3 158.707 87.5023
      vertex 0 158.95 87.6722
      vertex 0 158.707 87.5023
    endloop
  endfacet
  facet normal 0 0.57301 -0.819549
    outer loop
      vertex 0 158.95 87.6722
      vertex -3 158.707 87.5023
      vertex -3 158.95 87.6722
    endloop
  endfacet
  facet normal 0 0.0871251 -0.996197
    outer loop
      vertex -3 159.505 87.8742
      vertex 0 159.8 87.9
      vertex 0 159.505 87.8742
    endloop
  endfacet
  facet normal 0 0.0871251 -0.996197
    outer loop
      vertex 0 159.8 87.9
      vertex -3 159.505 87.8742
      vertex -3 159.8 87.9
    endloop
  endfacet
  facet normal 0 0.906631 0.421924
    outer loop
      vertex 0 158.328 85.35
      vertex -3 158.203 85.6186
      vertex 0 158.203 85.6186
    endloop
  endfacet
  facet normal 0 0.906631 0.421924
    outer loop
      vertex -3 158.203 85.6186
      vertex 0 158.328 85.35
      vertex -3 158.328 85.35
    endloop
  endfacet
  facet normal 0 0.906631 -0.421924
    outer loop
      vertex 0 158.203 86.7814
      vertex -3 158.328 87.05
      vertex 0 158.328 87.05
    endloop
  endfacet
  facet normal 0 0.906631 -0.421924
    outer loop
      vertex -3 158.328 87.05
      vertex 0 158.203 86.7814
      vertex -3 158.203 86.7814
    endloop
  endfacet
  facet normal 0 0.259029 -0.96587
    outer loop
      vertex -3 159.219 87.7975
      vertex 0 159.505 87.8742
      vertex 0 159.219 87.7975
    endloop
  endfacet
  facet normal 0 0.259029 -0.96587
    outer loop
      vertex 0 159.505 87.8742
      vertex -3 159.219 87.7975
      vertex -3 159.505 87.8742
    endloop
  endfacet
  facet normal 0 -0.0877953 0.996139
    outer loop
      vertex -3 160.095 155.726
      vertex 0 159.8 155.7
      vertex 0 160.095 155.726
    endloop
  endfacet
  facet normal 0 -0.0877953 0.996139
    outer loop
      vertex 0 159.8 155.7
      vertex -3 160.095 155.726
      vertex -3 159.8 155.7
    endloop
  endfacet
  facet normal 0 -0.0877953 -0.996139
    outer loop
      vertex -3 159.8 159.1
      vertex 0 160.095 159.074
      vertex 0 159.8 159.1
    endloop
  endfacet
  facet normal -0 -0.0877953 -0.996139
    outer loop
      vertex 0 160.095 159.074
      vertex -3 159.8 159.1
      vertex -3 160.095 159.074
    endloop
  endfacet
  facet normal 0 0.996139 0.0877953
    outer loop
      vertex 0 158.126 157.105
      vertex -3 158.1 157.4
      vertex 0 158.1 157.4
    endloop
  endfacet
  facet normal 0 0.996139 0.0877953
    outer loop
      vertex -3 158.1 157.4
      vertex 0 158.126 157.105
      vertex -3 158.126 157.105
    endloop
  endfacet
  facet normal 0 -0.707107 -0.707107
    outer loop
      vertex -3 160.893 158.702
      vertex 0 161.102 158.493
      vertex 0 160.893 158.702
    endloop
  endfacet
  facet normal -0 -0.707107 -0.707107
    outer loop
      vertex 0 161.102 158.493
      vertex -3 160.893 158.702
      vertex -3 161.102 158.493
    endloop
  endfacet
  facet normal 0 -0.965616 -0.259973
    outer loop
      vertex -3 161.474 157.695
      vertex 0 161.397 157.981
      vertex -3 161.397 157.981
    endloop
  endfacet
  facet normal 0 -0.965616 -0.259973
    outer loop
      vertex 0 161.397 157.981
      vertex -3 161.474 157.695
      vertex 0 161.474 157.695
    endloop
  endfacet
  facet normal 0 -0.259973 0.965616
    outer loop
      vertex -3 160.381 155.803
      vertex 0 160.095 155.726
      vertex 0 160.381 155.803
    endloop
  endfacet
  facet normal 0 -0.259973 0.965616
    outer loop
      vertex 0 160.095 155.726
      vertex -3 160.381 155.803
      vertex -3 160.095 155.726
    endloop
  endfacet
  facet normal 0 -0.573236 0.81939
    outer loop
      vertex -3 160.893 156.098
      vertex 0 160.65 155.928
      vertex 0 160.893 156.098
    endloop
  endfacet
  facet normal 0 -0.573236 0.81939
    outer loop
      vertex 0 160.65 155.928
      vertex -3 160.893 156.098
      vertex -3 160.65 155.928
    endloop
  endfacet
  facet normal 0 -0.965616 0.259973
    outer loop
      vertex -3 161.397 156.819
      vertex 0 161.474 157.105
      vertex -3 161.474 157.105
    endloop
  endfacet
  facet normal 0 -0.965616 0.259973
    outer loop
      vertex 0 161.474 157.105
      vertex -3 161.397 156.819
      vertex 0 161.397 156.819
    endloop
  endfacet
  facet normal 0 -0.81939 0.573236
    outer loop
      vertex -3 161.102 156.307
      vertex 0 161.272 156.55
      vertex -3 161.272 156.55
    endloop
  endfacet
  facet normal 0 -0.81939 0.573236
    outer loop
      vertex 0 161.272 156.55
      vertex -3 161.102 156.307
      vertex 0 161.102 156.307
    endloop
  endfacet
  facet normal 0 -0.421408 -0.906871
    outer loop
      vertex -3 160.381 158.997
      vertex 0 160.65 158.872
      vertex 0 160.381 158.997
    endloop
  endfacet
  facet normal -0 -0.421408 -0.906871
    outer loop
      vertex 0 160.65 158.872
      vertex -3 160.381 158.997
      vertex -3 160.65 158.872
    endloop
  endfacet
  facet normal 0 -0.573236 -0.81939
    outer loop
      vertex -3 160.65 158.872
      vertex 0 160.893 158.702
      vertex 0 160.65 158.872
    endloop
  endfacet
  facet normal -0 -0.573236 -0.81939
    outer loop
      vertex 0 160.893 158.702
      vertex -3 160.65 158.872
      vertex -3 160.893 158.702
    endloop
  endfacet
  facet normal 0 -0.259973 -0.965616
    outer loop
      vertex -3 160.095 159.074
      vertex 0 160.381 158.997
      vertex 0 160.095 159.074
    endloop
  endfacet
  facet normal -0 -0.259973 -0.965616
    outer loop
      vertex 0 160.381 158.997
      vertex -3 160.095 159.074
      vertex -3 160.381 158.997
    endloop
  endfacet
  facet normal 0 -0.906871 -0.421408
    outer loop
      vertex -3 161.397 157.981
      vertex 0 161.272 158.25
      vertex -3 161.272 158.25
    endloop
  endfacet
  facet normal 0 -0.906871 -0.421408
    outer loop
      vertex 0 161.272 158.25
      vertex -3 161.397 157.981
      vertex 0 161.397 157.981
    endloop
  endfacet
  facet normal 0 -0.996139 -0.0877953
    outer loop
      vertex -3 161.5 157.4
      vertex 0 161.474 157.695
      vertex -3 161.474 157.695
    endloop
  endfacet
  facet normal 0 -0.996139 -0.0877953
    outer loop
      vertex 0 161.474 157.695
      vertex -3 161.5 157.4
      vertex 0 161.5 157.4
    endloop
  endfacet
  facet normal 0 -0.421408 0.906871
    outer loop
      vertex -3 160.65 155.928
      vertex 0 160.381 155.803
      vertex 0 160.65 155.928
    endloop
  endfacet
  facet normal 0 -0.421408 0.906871
    outer loop
      vertex 0 160.381 155.803
      vertex -3 160.65 155.928
      vertex -3 160.381 155.803
    endloop
  endfacet
  facet normal 0 -0.707107 0.707107
    outer loop
      vertex -3 160.893 156.098
      vertex 0 161.102 156.307
      vertex -3 161.102 156.307
    endloop
  endfacet
  facet normal 0 -0.707107 0.707107
    outer loop
      vertex 0 161.102 156.307
      vertex -3 160.893 156.098
      vertex 0 160.893 156.098
    endloop
  endfacet
  facet normal 0 -0.996139 0.0877953
    outer loop
      vertex -3 161.474 157.105
      vertex 0 161.5 157.4
      vertex -3 161.5 157.4
    endloop
  endfacet
  facet normal 0 -0.996139 0.0877953
    outer loop
      vertex 0 161.5 157.4
      vertex -3 161.474 157.105
      vertex 0 161.474 157.105
    endloop
  endfacet
  facet normal 0 -0.906871 0.421408
    outer loop
      vertex -3 161.272 156.55
      vertex 0 161.397 156.819
      vertex -3 161.397 156.819
    endloop
  endfacet
  facet normal 0 -0.906871 0.421408
    outer loop
      vertex 0 161.397 156.819
      vertex -3 161.272 156.55
      vertex 0 161.272 156.55
    endloop
  endfacet
  facet normal 0 -0.81939 -0.573236
    outer loop
      vertex -3 161.272 158.25
      vertex 0 161.102 158.493
      vertex -3 161.102 158.493
    endloop
  endfacet
  facet normal 0 -0.81939 -0.573236
    outer loop
      vertex 0 161.102 158.493
      vertex -3 161.272 158.25
      vertex 0 161.272 158.25
    endloop
  endfacet
  facet normal -0 0.0877953 0.996139
    outer loop
      vertex -3 159.8 155.7
      vertex 0 159.505 155.726
      vertex 0 159.8 155.7
    endloop
  endfacet
  facet normal 0 0.0877953 0.996139
    outer loop
      vertex 0 159.505 155.726
      vertex -3 159.8 155.7
      vertex -3 159.505 155.726
    endloop
  endfacet
  facet normal 0 0.421408 -0.906871
    outer loop
      vertex -3 158.95 158.872
      vertex 0 159.219 158.997
      vertex 0 158.95 158.872
    endloop
  endfacet
  facet normal 0 0.421408 -0.906871
    outer loop
      vertex 0 159.219 158.997
      vertex -3 158.95 158.872
      vertex -3 159.219 158.997
    endloop
  endfacet
  facet normal 0 0.965616 0.259973
    outer loop
      vertex 0 158.203 156.819
      vertex -3 158.126 157.105
      vertex 0 158.126 157.105
    endloop
  endfacet
  facet normal 0 0.965616 0.259973
    outer loop
      vertex -3 158.126 157.105
      vertex 0 158.203 156.819
      vertex -3 158.203 156.819
    endloop
  endfacet
  facet normal 0 0.81939 0.573236
    outer loop
      vertex 0 158.498 156.307
      vertex -3 158.328 156.55
      vertex 0 158.328 156.55
    endloop
  endfacet
  facet normal 0 0.81939 0.573236
    outer loop
      vertex -3 158.328 156.55
      vertex 0 158.498 156.307
      vertex -3 158.498 156.307
    endloop
  endfacet
  facet normal 0 0.707107 0.707107
    outer loop
      vertex 0 158.707 156.098
      vertex -3 158.498 156.307
      vertex 0 158.498 156.307
    endloop
  endfacet
  facet normal 0 0.707107 0.707107
    outer loop
      vertex -3 158.498 156.307
      vertex 0 158.707 156.098
      vertex -3 158.707 156.098
    endloop
  endfacet
  facet normal -0 0.421408 0.906871
    outer loop
      vertex -3 159.219 155.803
      vertex 0 158.95 155.928
      vertex 0 159.219 155.803
    endloop
  endfacet
  facet normal 0 0.421408 0.906871
    outer loop
      vertex 0 158.95 155.928
      vertex -3 159.219 155.803
      vertex -3 158.95 155.928
    endloop
  endfacet
  facet normal -0 0.573236 0.81939
    outer loop
      vertex -3 158.95 155.928
      vertex 0 158.707 156.098
      vertex 0 158.95 155.928
    endloop
  endfacet
  facet normal 0 0.573236 0.81939
    outer loop
      vertex 0 158.707 156.098
      vertex -3 158.95 155.928
      vertex -3 158.707 156.098
    endloop
  endfacet
  facet normal -0 0.259973 0.965616
    outer loop
      vertex -3 159.505 155.726
      vertex 0 159.219 155.803
      vertex 0 159.505 155.726
    endloop
  endfacet
  facet normal 0 0.259973 0.965616
    outer loop
      vertex 0 159.219 155.803
      vertex -3 159.505 155.726
      vertex -3 159.219 155.803
    endloop
  endfacet
  facet normal 0 0.996139 -0.0877953
    outer loop
      vertex 0 158.1 157.4
      vertex -3 158.126 157.695
      vertex 0 158.126 157.695
    endloop
  endfacet
  facet normal 0 0.996139 -0.0877953
    outer loop
      vertex -3 158.126 157.695
      vertex 0 158.1 157.4
      vertex -3 158.1 157.4
    endloop
  endfacet
  facet normal 0 0.965616 -0.259973
    outer loop
      vertex 0 158.126 157.695
      vertex -3 158.203 157.981
      vertex 0 158.203 157.981
    endloop
  endfacet
  facet normal 0 0.965616 -0.259973
    outer loop
      vertex -3 158.203 157.981
      vertex 0 158.126 157.695
      vertex -3 158.126 157.695
    endloop
  endfacet
  facet normal 0 0.707107 -0.707107
    outer loop
      vertex 0 158.498 158.493
      vertex -3 158.707 158.702
      vertex 0 158.707 158.702
    endloop
  endfacet
  facet normal 0 0.707107 -0.707107
    outer loop
      vertex -3 158.707 158.702
      vertex 0 158.498 158.493
      vertex -3 158.498 158.493
    endloop
  endfacet
  facet normal 0 0.573236 -0.81939
    outer loop
      vertex -3 158.707 158.702
      vertex 0 158.95 158.872
      vertex 0 158.707 158.702
    endloop
  endfacet
  facet normal 0 0.573236 -0.81939
    outer loop
      vertex 0 158.95 158.872
      vertex -3 158.707 158.702
      vertex -3 158.95 158.872
    endloop
  endfacet
  facet normal 0 0.0877953 -0.996139
    outer loop
      vertex -3 159.505 159.074
      vertex 0 159.8 159.1
      vertex 0 159.505 159.074
    endloop
  endfacet
  facet normal 0 0.0877953 -0.996139
    outer loop
      vertex 0 159.8 159.1
      vertex -3 159.505 159.074
      vertex -3 159.8 159.1
    endloop
  endfacet
  facet normal 0 0.906871 0.421408
    outer loop
      vertex 0 158.328 156.55
      vertex -3 158.203 156.819
      vertex 0 158.203 156.819
    endloop
  endfacet
  facet normal 0 0.906871 0.421408
    outer loop
      vertex -3 158.203 156.819
      vertex 0 158.328 156.55
      vertex -3 158.328 156.55
    endloop
  endfacet
  facet normal 0 0.81939 -0.573236
    outer loop
      vertex 0 158.328 158.25
      vertex -3 158.498 158.493
      vertex 0 158.498 158.493
    endloop
  endfacet
  facet normal 0 0.81939 -0.573236
    outer loop
      vertex -3 158.498 158.493
      vertex 0 158.328 158.25
      vertex -3 158.328 158.25
    endloop
  endfacet
  facet normal 0 0.259973 -0.965616
    outer loop
      vertex -3 159.219 158.997
      vertex 0 159.505 159.074
      vertex 0 159.219 158.997
    endloop
  endfacet
  facet normal 0 0.259973 -0.965616
    outer loop
      vertex 0 159.505 159.074
      vertex -3 159.219 158.997
      vertex -3 159.505 159.074
    endloop
  endfacet
  facet normal 0 0.906871 -0.421408
    outer loop
      vertex 0 158.203 157.981
      vertex -3 158.328 158.25
      vertex 0 158.328 158.25
    endloop
  endfacet
  facet normal 0 0.906871 -0.421408
    outer loop
      vertex -3 158.328 158.25
      vertex 0 158.203 157.981
      vertex -3 158.203 157.981
    endloop
  endfacet
  facet normal 0 -0.087167 0.996194
    outer loop
      vertex -3 40.1952 3.32583
      vertex 0 39.9 3.3
      vertex 0 40.1952 3.32583
    endloop
  endfacet
  facet normal 0 -0.087167 0.996194
    outer loop
      vertex 0 39.9 3.3
      vertex -3 40.1952 3.32583
      vertex -3 39.9 3.3
    endloop
  endfacet
  facet normal 0 -0.087167 -0.996194
    outer loop
      vertex -3 39.9 6.7
      vertex 0 40.1952 6.67417
      vertex 0 39.9 6.7
    endloop
  endfacet
  facet normal -0 -0.087167 -0.996194
    outer loop
      vertex 0 40.1952 6.67417
      vertex -3 39.9 6.7
      vertex -3 40.1952 6.67417
    endloop
  endfacet
  facet normal 0 -0.996203 -0.0870665
    outer loop
      vertex -3 41.6 5
      vertex 0 41.5742 5.2952
      vertex -3 41.5742 5.2952
    endloop
  endfacet
  facet normal 0 -0.996203 -0.0870665
    outer loop
      vertex 0 41.5742 5.2952
      vertex -3 41.6 5
      vertex 0 41.6 5
    endloop
  endfacet
  facet normal 0 -0.81926 0.573422
    outer loop
      vertex -3 41.2023 3.90726
      vertex 0 41.3722 4.15
      vertex -3 41.3722 4.15
    endloop
  endfacet
  facet normal 0 -0.81926 0.573422
    outer loop
      vertex 0 41.3722 4.15
      vertex -3 41.2023 3.90726
      vertex 0 41.2023 3.90726
    endloop
  endfacet
  facet normal 0 -0.706989 -0.707225
    outer loop
      vertex -3 40.9927 6.30227
      vertex 0 41.2023 6.09274
      vertex 0 40.9927 6.30227
    endloop
  endfacet
  facet normal -0 -0.706989 -0.707225
    outer loop
      vertex 0 41.2023 6.09274
      vertex -3 40.9927 6.30227
      vertex -3 41.2023 6.09274
    endloop
  endfacet
  facet normal 0 -0.906225 -0.422795
    outer loop
      vertex -3 41.4975 5.58143
      vertex 0 41.3722 5.85
      vertex -3 41.3722 5.85
    endloop
  endfacet
  facet normal 0 -0.906225 -0.422795
    outer loop
      vertex 0 41.3722 5.85
      vertex -3 41.4975 5.58143
      vertex 0 41.4975 5.58143
    endloop
  endfacet
  facet normal 0 -0.258828 0.965923
    outer loop
      vertex -3 40.4814 3.40252
      vertex 0 40.1952 3.32583
      vertex 0 40.4814 3.40252
    endloop
  endfacet
  facet normal 0 -0.258828 0.965923
    outer loop
      vertex 0 40.1952 3.32583
      vertex -3 40.4814 3.40252
      vertex -3 40.1952 3.32583
    endloop
  endfacet
  facet normal 0 -0.573621 0.819121
    outer loop
      vertex -3 40.9927 3.69772
      vertex 0 40.75 3.52776
      vertex 0 40.9927 3.69772
    endloop
  endfacet
  facet normal 0 -0.573621 0.819121
    outer loop
      vertex 0 40.75 3.52776
      vertex -3 40.9927 3.69772
      vertex -3 40.75 3.52776
    endloop
  endfacet
  facet normal 0 -0.996203 0.0870665
    outer loop
      vertex -3 41.5742 4.7048
      vertex 0 41.6 5
      vertex -3 41.6 5
    endloop
  endfacet
  facet normal 0 -0.996203 0.0870665
    outer loop
      vertex 0 41.6 5
      vertex -3 41.5742 4.7048
      vertex 0 41.5742 4.7048
    endloop
  endfacet
  facet normal 0 -0.906225 0.422795
    outer loop
      vertex -3 41.3722 4.15
      vertex 0 41.4975 4.41857
      vertex -3 41.4975 4.41857
    endloop
  endfacet
  facet normal 0 -0.906225 0.422795
    outer loop
      vertex 0 41.4975 4.41857
      vertex -3 41.3722 4.15
      vertex 0 41.3722 4.15
    endloop
  endfacet
  facet normal 0 -0.42259 -0.906321
    outer loop
      vertex -3 40.4814 6.59748
      vertex 0 40.75 6.47224
      vertex 0 40.4814 6.59748
    endloop
  endfacet
  facet normal -0 -0.42259 -0.906321
    outer loop
      vertex 0 40.75 6.47224
      vertex -3 40.4814 6.59748
      vertex -3 40.75 6.47224
    endloop
  endfacet
  facet normal 0 -0.573644 -0.819105
    outer loop
      vertex -3 40.75 6.47224
      vertex 0 40.9927 6.30227
      vertex 0 40.75 6.47224
    endloop
  endfacet
  facet normal -0 -0.573644 -0.819105
    outer loop
      vertex 0 40.9927 6.30227
      vertex -3 40.75 6.47224
      vertex -3 40.9927 6.30227
    endloop
  endfacet
  facet normal 0 -0.258828 -0.965923
    outer loop
      vertex -3 40.1952 6.67417
      vertex 0 40.4814 6.59748
      vertex 0 40.1952 6.67417
    endloop
  endfacet
  facet normal -0 -0.258828 -0.965923
    outer loop
      vertex 0 40.4814 6.59748
      vertex -3 40.1952 6.67417
      vertex -3 40.4814 6.59748
    endloop
  endfacet
  facet normal 0 -0.81926 -0.573422
    outer loop
      vertex -3 41.3722 5.85
      vertex 0 41.2023 6.09274
      vertex -3 41.2023 6.09274
    endloop
  endfacet
  facet normal 0 -0.81926 -0.573422
    outer loop
      vertex 0 41.2023 6.09274
      vertex -3 41.3722 5.85
      vertex 0 41.3722 5.85
    endloop
  endfacet
  facet normal 0 -0.965922 -0.258834
    outer loop
      vertex -3 41.5742 5.2952
      vertex 0 41.4975 5.58143
      vertex -3 41.4975 5.58143
    endloop
  endfacet
  facet normal 0 -0.965922 -0.258834
    outer loop
      vertex 0 41.4975 5.58143
      vertex -3 41.5742 5.2952
      vertex 0 41.5742 5.2952
    endloop
  endfacet
  facet normal -0 0.42259 0.906321
    outer loop
      vertex -3 39.3186 3.40252
      vertex 0 39.05 3.52776
      vertex 0 39.3186 3.40252
    endloop
  endfacet
  facet normal 0 0.42259 0.906321
    outer loop
      vertex 0 39.05 3.52776
      vertex -3 39.3186 3.40252
      vertex -3 39.05 3.52776
    endloop
  endfacet
  facet normal -0 0.087167 0.996194
    outer loop
      vertex -3 39.9 3.3
      vertex 0 39.6048 3.32583
      vertex 0 39.9 3.3
    endloop
  endfacet
  facet normal 0 0.087167 0.996194
    outer loop
      vertex 0 39.6048 3.32583
      vertex -3 39.9 3.3
      vertex -3 39.6048 3.32583
    endloop
  endfacet
  facet normal 0 0.965922 -0.258834
    outer loop
      vertex 0 38.2258 5.2952
      vertex -3 38.3025 5.58143
      vertex 0 38.3025 5.58143
    endloop
  endfacet
  facet normal 0 0.965922 -0.258834
    outer loop
      vertex -3 38.3025 5.58143
      vertex 0 38.2258 5.2952
      vertex -3 38.2258 5.2952
    endloop
  endfacet
  facet normal 0 0.965922 0.258834
    outer loop
      vertex 0 38.3025 4.41857
      vertex -3 38.2258 4.7048
      vertex 0 38.2258 4.7048
    endloop
  endfacet
  facet normal 0 0.965922 0.258834
    outer loop
      vertex -3 38.2258 4.7048
      vertex 0 38.3025 4.41857
      vertex -3 38.3025 4.41857
    endloop
  endfacet
  facet normal 0 -0.42259 0.906321
    outer loop
      vertex -3 40.75 3.52776
      vertex 0 40.4814 3.40252
      vertex 0 40.75 3.52776
    endloop
  endfacet
  facet normal 0 -0.42259 0.906321
    outer loop
      vertex 0 40.4814 3.40252
      vertex -3 40.75 3.52776
      vertex -3 40.4814 3.40252
    endloop
  endfacet
  facet normal 0 -0.707006 0.707208
    outer loop
      vertex -3 41.2023 3.90726
      vertex 0 40.9927 3.69772
      vertex 0 41.2023 3.90726
    endloop
  endfacet
  facet normal 0 -0.707006 0.707208
    outer loop
      vertex 0 40.9927 3.69772
      vertex -3 41.2023 3.90726
      vertex -3 40.9927 3.69772
    endloop
  endfacet
  facet normal 0 -0.965922 0.258834
    outer loop
      vertex -3 41.4975 4.41857
      vertex 0 41.5742 4.7048
      vertex -3 41.5742 4.7048
    endloop
  endfacet
  facet normal 0 -0.965922 0.258834
    outer loop
      vertex 0 41.5742 4.7048
      vertex -3 41.4975 4.41857
      vertex 0 41.4975 4.41857
    endloop
  endfacet
  facet normal 0 0.81926 0.573422
    outer loop
      vertex 0 38.5977 3.90726
      vertex -3 38.4278 4.15
      vertex 0 38.4278 4.15
    endloop
  endfacet
  facet normal 0 0.81926 0.573422
    outer loop
      vertex -3 38.4278 4.15
      vertex 0 38.5977 3.90726
      vertex -3 38.5977 3.90726
    endloop
  endfacet
  facet normal 0 0.258828 -0.965923
    outer loop
      vertex -3 39.3186 6.59748
      vertex 0 39.6048 6.67417
      vertex 0 39.3186 6.59748
    endloop
  endfacet
  facet normal 0 0.258828 -0.965923
    outer loop
      vertex 0 39.6048 6.67417
      vertex -3 39.3186 6.59748
      vertex -3 39.6048 6.67417
    endloop
  endfacet
  facet normal 0 0.906225 0.422795
    outer loop
      vertex 0 38.4278 4.15
      vertex -3 38.3025 4.41857
      vertex 0 38.3025 4.41857
    endloop
  endfacet
  facet normal 0 0.906225 0.422795
    outer loop
      vertex -3 38.3025 4.41857
      vertex 0 38.4278 4.15
      vertex -3 38.4278 4.15
    endloop
  endfacet
  facet normal -0 0.258828 0.965923
    outer loop
      vertex -3 39.6048 3.32583
      vertex 0 39.3186 3.40252
      vertex 0 39.6048 3.32583
    endloop
  endfacet
  facet normal 0 0.258828 0.965923
    outer loop
      vertex 0 39.3186 3.40252
      vertex -3 39.6048 3.32583
      vertex -3 39.3186 3.40252
    endloop
  endfacet
  facet normal 0 0.087167 -0.996194
    outer loop
      vertex -3 39.6048 6.67417
      vertex 0 39.9 6.7
      vertex 0 39.6048 6.67417
    endloop
  endfacet
  facet normal 0 0.087167 -0.996194
    outer loop
      vertex 0 39.9 6.7
      vertex -3 39.6048 6.67417
      vertex -3 39.9 6.7
    endloop
  endfacet
  facet normal 0 0.707006 0.707208
    outer loop
      vertex 0 38.8073 3.69772
      vertex -3 38.5977 3.90726
      vertex 0 38.5977 3.90726
    endloop
  endfacet
  facet normal 0 0.707006 0.707208
    outer loop
      vertex -3 38.5977 3.90726
      vertex 0 38.8073 3.69772
      vertex -3 38.8073 3.69772
    endloop
  endfacet
  facet normal 0 0.996203 0.0870665
    outer loop
      vertex 0 38.2258 4.7048
      vertex -3 38.2 5
      vertex 0 38.2 5
    endloop
  endfacet
  facet normal 0 0.996203 0.0870665
    outer loop
      vertex -3 38.2 5
      vertex 0 38.2258 4.7048
      vertex -3 38.2258 4.7048
    endloop
  endfacet
  facet normal 0 0.996203 -0.0870665
    outer loop
      vertex 0 38.2 5
      vertex -3 38.2258 5.2952
      vertex 0 38.2258 5.2952
    endloop
  endfacet
  facet normal 0 0.996203 -0.0870665
    outer loop
      vertex -3 38.2258 5.2952
      vertex 0 38.2 5
      vertex -3 38.2 5
    endloop
  endfacet
  facet normal 0 0.906225 -0.422795
    outer loop
      vertex 0 38.3025 5.58143
      vertex -3 38.4278 5.85
      vertex 0 38.4278 5.85
    endloop
  endfacet
  facet normal 0 0.906225 -0.422795
    outer loop
      vertex -3 38.4278 5.85
      vertex 0 38.3025 5.58143
      vertex -3 38.3025 5.58143
    endloop
  endfacet
  facet normal 0 0.706989 -0.707225
    outer loop
      vertex 0 38.5977 6.09274
      vertex -3 38.8073 6.30227
      vertex 0 38.8073 6.30227
    endloop
  endfacet
  facet normal 0 0.706989 -0.707225
    outer loop
      vertex -3 38.8073 6.30227
      vertex 0 38.5977 6.09274
      vertex -3 38.5977 6.09274
    endloop
  endfacet
  facet normal 0 0.573644 -0.819105
    outer loop
      vertex -3 38.8073 6.30227
      vertex 0 39.05 6.47224
      vertex 0 38.8073 6.30227
    endloop
  endfacet
  facet normal 0 0.573644 -0.819105
    outer loop
      vertex 0 39.05 6.47224
      vertex -3 38.8073 6.30227
      vertex -3 39.05 6.47224
    endloop
  endfacet
  facet normal 0 0.42259 -0.906321
    outer loop
      vertex -3 39.05 6.47224
      vertex 0 39.3186 6.59748
      vertex 0 39.05 6.47224
    endloop
  endfacet
  facet normal 0 0.42259 -0.906321
    outer loop
      vertex 0 39.3186 6.59748
      vertex -3 39.05 6.47224
      vertex -3 39.3186 6.59748
    endloop
  endfacet
  facet normal -0 0.573621 0.819121
    outer loop
      vertex -3 39.05 3.52776
      vertex 0 38.8073 3.69772
      vertex 0 39.05 3.52776
    endloop
  endfacet
  facet normal 0 0.573621 0.819121
    outer loop
      vertex 0 38.8073 3.69772
      vertex -3 39.05 3.52776
      vertex -3 38.8073 3.69772
    endloop
  endfacet
  facet normal 0 0.81926 -0.573422
    outer loop
      vertex 0 38.4278 5.85
      vertex -3 38.5977 6.09274
      vertex 0 38.5977 6.09274
    endloop
  endfacet
  facet normal 0 0.81926 -0.573422
    outer loop
      vertex -3 38.5977 6.09274
      vertex 0 38.4278 5.85
      vertex -3 38.4278 5.85
    endloop
  endfacet
  facet normal 0 -0.0872256 0.996189
    outer loop
      vertex -3 115.195 3.32583
      vertex 0 114.9 3.3
      vertex 0 115.195 3.32583
    endloop
  endfacet
  facet normal 0 -0.0872256 0.996189
    outer loop
      vertex 0 114.9 3.3
      vertex -3 115.195 3.32583
      vertex -3 114.9 3.3
    endloop
  endfacet
  facet normal 0 -0.0872256 -0.996189
    outer loop
      vertex -3 114.9 6.7
      vertex 0 115.195 6.67417
      vertex 0 114.9 6.7
    endloop
  endfacet
  facet normal -0 -0.0872256 -0.996189
    outer loop
      vertex 0 115.195 6.67417
      vertex -3 114.9 6.7
      vertex -3 115.195 6.67417
    endloop
  endfacet
  facet normal 0 -0.996144 -0.0877362
    outer loop
      vertex -3 116.6 5
      vertex 0 116.574 5.2952
      vertex -3 116.574 5.2952
    endloop
  endfacet
  facet normal 0 -0.996144 -0.0877362
    outer loop
      vertex 0 116.574 5.2952
      vertex -3 116.6 5
      vertex 0 116.6 5
    endloop
  endfacet
  facet normal 0 0.996144 0.0877362
    outer loop
      vertex 0 113.226 4.7048
      vertex -3 113.2 5
      vertex 0 113.2 5
    endloop
  endfacet
  facet normal 0 0.996144 0.0877362
    outer loop
      vertex -3 113.2 5
      vertex 0 113.226 4.7048
      vertex -3 113.226 4.7048
    endloop
  endfacet
  facet normal -0 0.573145 0.819454
    outer loop
      vertex -3 114.05 3.52776
      vertex 0 113.807 3.69772
      vertex 0 114.05 3.52776
    endloop
  endfacet
  facet normal 0 0.573145 0.819454
    outer loop
      vertex 0 113.807 3.69772
      vertex -3 114.05 3.52776
      vertex -3 113.807 3.69772
    endloop
  endfacet
  facet normal 0 -0.819102 0.573648
    outer loop
      vertex -3 116.202 3.90726
      vertex 0 116.372 4.15
      vertex -3 116.372 4.15
    endloop
  endfacet
  facet normal 0 -0.819102 0.573648
    outer loop
      vertex 0 116.372 4.15
      vertex -3 116.202 3.90726
      vertex 0 116.202 3.90726
    endloop
  endfacet
  facet normal 0 -0.708002 -0.706211
    outer loop
      vertex -3 115.993 6.30227
      vertex 0 116.202 6.09274
      vertex 0 115.993 6.30227
    endloop
  endfacet
  facet normal -0 -0.708002 -0.706211
    outer loop
      vertex 0 116.202 6.09274
      vertex -3 115.993 6.30227
      vertex -3 116.202 6.09274
    endloop
  endfacet
  facet normal 0 -0.906613 -0.421963
    outer loop
      vertex -3 116.497 5.58143
      vertex 0 116.372 5.85
      vertex -3 116.372 5.85
    endloop
  endfacet
  facet normal 0 -0.906613 -0.421963
    outer loop
      vertex 0 116.372 5.85
      vertex -3 116.497 5.58143
      vertex 0 116.497 5.58143
    endloop
  endfacet
  facet normal 0 -0.258997 0.965878
    outer loop
      vertex -3 115.481 3.40252
      vertex 0 115.195 3.32583
      vertex 0 115.481 3.40252
    endloop
  endfacet
  facet normal 0 -0.258997 0.965878
    outer loop
      vertex 0 115.195 3.32583
      vertex -3 115.481 3.40252
      vertex -3 115.195 3.32583
    endloop
  endfacet
  facet normal 0 -0.573145 0.819454
    outer loop
      vertex -3 115.993 3.69772
      vertex 0 115.75 3.52776
      vertex 0 115.993 3.69772
    endloop
  endfacet
  facet normal 0 -0.573145 0.819454
    outer loop
      vertex 0 115.75 3.52776
      vertex -3 115.993 3.69772
      vertex -3 115.75 3.52776
    endloop
  endfacet
  facet normal 0 -0.996144 0.0877362
    outer loop
      vertex -3 116.574 4.7048
      vertex 0 116.6 5
      vertex -3 116.6 5
    endloop
  endfacet
  facet normal 0 -0.996144 0.0877362
    outer loop
      vertex 0 116.6 5
      vertex -3 116.574 4.7048
      vertex 0 116.574 4.7048
    endloop
  endfacet
  facet normal 0 -0.906613 0.421963
    outer loop
      vertex -3 116.372 4.15
      vertex 0 116.497 4.41857
      vertex -3 116.497 4.41857
    endloop
  endfacet
  facet normal 0 -0.906613 0.421963
    outer loop
      vertex 0 116.497 4.41857
      vertex -3 116.372 4.15
      vertex 0 116.372 4.15
    endloop
  endfacet
  facet normal 0 -0.422074 -0.906562
    outer loop
      vertex -3 115.481 6.59748
      vertex 0 115.75 6.47224
      vertex 0 115.481 6.59748
    endloop
  endfacet
  facet normal -0 -0.422074 -0.906562
    outer loop
      vertex 0 115.75 6.47224
      vertex -3 115.481 6.59748
      vertex -3 115.75 6.47224
    endloop
  endfacet
  facet normal 0 -0.573168 -0.819438
    outer loop
      vertex -3 115.75 6.47224
      vertex 0 115.993 6.30227
      vertex 0 115.75 6.47224
    endloop
  endfacet
  facet normal -0 -0.573168 -0.819438
    outer loop
      vertex 0 115.993 6.30227
      vertex -3 115.75 6.47224
      vertex -3 115.993 6.30227
    endloop
  endfacet
  facet normal 0 -0.258997 -0.965878
    outer loop
      vertex -3 115.195 6.67417
      vertex 0 115.481 6.59748
      vertex 0 115.195 6.67417
    endloop
  endfacet
  facet normal -0 -0.258997 -0.965878
    outer loop
      vertex 0 115.481 6.59748
      vertex -3 115.195 6.67417
      vertex -3 115.481 6.59748
    endloop
  endfacet
  facet normal 0 -0.819102 -0.573648
    outer loop
      vertex -3 116.372 5.85
      vertex 0 116.202 6.09274
      vertex -3 116.202 6.09274
    endloop
  endfacet
  facet normal 0 -0.819102 -0.573648
    outer loop
      vertex 0 116.202 6.09274
      vertex -3 116.372 5.85
      vertex 0 116.372 5.85
    endloop
  endfacet
  facet normal 0 -0.965668 -0.259779
    outer loop
      vertex -3 116.574 5.2952
      vertex 0 116.497 5.58143
      vertex -3 116.497 5.58143
    endloop
  endfacet
  facet normal 0 -0.965668 -0.259779
    outer loop
      vertex 0 116.497 5.58143
      vertex -3 116.574 5.2952
      vertex 0 116.574 5.2952
    endloop
  endfacet
  facet normal -0 0.0872256 0.996189
    outer loop
      vertex -3 114.9 3.3
      vertex 0 114.605 3.32583
      vertex 0 114.9 3.3
    endloop
  endfacet
  facet normal 0 0.0872256 0.996189
    outer loop
      vertex 0 114.605 3.32583
      vertex -3 114.9 3.3
      vertex -3 114.605 3.32583
    endloop
  endfacet
  facet normal 0 0.965668 0.259779
    outer loop
      vertex 0 113.303 4.41857
      vertex -3 113.226 4.7048
      vertex 0 113.226 4.7048
    endloop
  endfacet
  facet normal 0 0.965668 0.259779
    outer loop
      vertex -3 113.226 4.7048
      vertex 0 113.303 4.41857
      vertex -3 113.303 4.41857
    endloop
  endfacet
  facet normal 0 -0.422074 0.906562
    outer loop
      vertex -3 115.75 3.52776
      vertex 0 115.481 3.40252
      vertex 0 115.75 3.52776
    endloop
  endfacet
  facet normal 0 -0.422074 0.906562
    outer loop
      vertex 0 115.481 3.40252
      vertex -3 115.75 3.52776
      vertex -3 115.481 3.40252
    endloop
  endfacet
  facet normal 0 -0.708019 0.706194
    outer loop
      vertex -3 116.202 3.90726
      vertex 0 115.993 3.69772
      vertex 0 116.202 3.90726
    endloop
  endfacet
  facet normal 0 -0.708019 0.706194
    outer loop
      vertex 0 115.993 3.69772
      vertex -3 116.202 3.90726
      vertex -3 115.993 3.69772
    endloop
  endfacet
  facet normal 0 -0.965668 0.259779
    outer loop
      vertex -3 116.497 4.41857
      vertex 0 116.574 4.7048
      vertex -3 116.574 4.7048
    endloop
  endfacet
  facet normal 0 -0.965668 0.259779
    outer loop
      vertex 0 116.574 4.7048
      vertex -3 116.497 4.41857
      vertex 0 116.497 4.41857
    endloop
  endfacet
  facet normal -0 0.422074 0.906562
    outer loop
      vertex -3 114.319 3.40252
      vertex 0 114.05 3.52776
      vertex 0 114.319 3.40252
    endloop
  endfacet
  facet normal 0 0.422074 0.906562
    outer loop
      vertex 0 114.05 3.52776
      vertex -3 114.319 3.40252
      vertex -3 114.05 3.52776
    endloop
  endfacet
  facet normal 0 0.819102 0.573648
    outer loop
      vertex 0 113.598 3.90726
      vertex -3 113.428 4.15
      vertex 0 113.428 4.15
    endloop
  endfacet
  facet normal 0 0.819102 0.573648
    outer loop
      vertex -3 113.428 4.15
      vertex 0 113.598 3.90726
      vertex -3 113.598 3.90726
    endloop
  endfacet
  facet normal 0 0.906613 0.421963
    outer loop
      vertex 0 113.428 4.15
      vertex -3 113.303 4.41857
      vertex 0 113.303 4.41857
    endloop
  endfacet
  facet normal 0 0.906613 0.421963
    outer loop
      vertex -3 113.303 4.41857
      vertex 0 113.428 4.15
      vertex -3 113.428 4.15
    endloop
  endfacet
  facet normal -0 0.258997 0.965878
    outer loop
      vertex -3 114.605 3.32583
      vertex 0 114.319 3.40252
      vertex 0 114.605 3.32583
    endloop
  endfacet
  facet normal 0 0.258997 0.965878
    outer loop
      vertex 0 114.319 3.40252
      vertex -3 114.605 3.32583
      vertex -3 114.319 3.40252
    endloop
  endfacet
  facet normal 0 0.965668 -0.259779
    outer loop
      vertex 0 113.226 5.2952
      vertex -3 113.303 5.58143
      vertex 0 113.303 5.58143
    endloop
  endfacet
  facet normal 0 0.965668 -0.259779
    outer loop
      vertex -3 113.303 5.58143
      vertex 0 113.226 5.2952
      vertex -3 113.226 5.2952
    endloop
  endfacet
  facet normal 0 0.258997 -0.965878
    outer loop
      vertex -3 114.319 6.59748
      vertex 0 114.605 6.67417
      vertex 0 114.319 6.59748
    endloop
  endfacet
  facet normal 0 0.258997 -0.965878
    outer loop
      vertex 0 114.605 6.67417
      vertex -3 114.319 6.59748
      vertex -3 114.605 6.67417
    endloop
  endfacet
  facet normal 0 0.0872256 -0.996189
    outer loop
      vertex -3 114.605 6.67417
      vertex 0 114.9 6.7
      vertex 0 114.605 6.67417
    endloop
  endfacet
  facet normal 0 0.0872256 -0.996189
    outer loop
      vertex 0 114.9 6.7
      vertex -3 114.605 6.67417
      vertex -3 114.9 6.7
    endloop
  endfacet
  facet normal 0 0.708019 0.706194
    outer loop
      vertex 0 113.807 3.69772
      vertex -3 113.598 3.90726
      vertex 0 113.598 3.90726
    endloop
  endfacet
  facet normal 0 0.708019 0.706194
    outer loop
      vertex -3 113.598 3.90726
      vertex 0 113.807 3.69772
      vertex -3 113.807 3.69772
    endloop
  endfacet
  facet normal 0 0.996144 -0.0877362
    outer loop
      vertex 0 113.2 5
      vertex -3 113.226 5.2952
      vertex 0 113.226 5.2952
    endloop
  endfacet
  facet normal 0 0.996144 -0.0877362
    outer loop
      vertex -3 113.226 5.2952
      vertex 0 113.2 5
      vertex -3 113.2 5
    endloop
  endfacet
  facet normal 0 0.906613 -0.421963
    outer loop
      vertex 0 113.303 5.58143
      vertex -3 113.428 5.85
      vertex 0 113.428 5.85
    endloop
  endfacet
  facet normal 0 0.906613 -0.421963
    outer loop
      vertex -3 113.428 5.85
      vertex 0 113.303 5.58143
      vertex -3 113.303 5.58143
    endloop
  endfacet
  facet normal 0 0.708002 -0.706211
    outer loop
      vertex 0 113.598 6.09274
      vertex -3 113.807 6.30227
      vertex 0 113.807 6.30227
    endloop
  endfacet
  facet normal 0 0.708002 -0.706211
    outer loop
      vertex -3 113.807 6.30227
      vertex 0 113.598 6.09274
      vertex -3 113.598 6.09274
    endloop
  endfacet
  facet normal 0 0.573168 -0.819438
    outer loop
      vertex -3 113.807 6.30227
      vertex 0 114.05 6.47224
      vertex 0 113.807 6.30227
    endloop
  endfacet
  facet normal 0 0.573168 -0.819438
    outer loop
      vertex 0 114.05 6.47224
      vertex -3 113.807 6.30227
      vertex -3 114.05 6.47224
    endloop
  endfacet
  facet normal 0 0.422074 -0.906562
    outer loop
      vertex -3 114.05 6.47224
      vertex 0 114.319 6.59748
      vertex 0 114.05 6.47224
    endloop
  endfacet
  facet normal 0 0.422074 -0.906562
    outer loop
      vertex 0 114.319 6.59748
      vertex -3 114.05 6.47224
      vertex -3 114.319 6.59748
    endloop
  endfacet
  facet normal 0 0.819102 -0.573648
    outer loop
      vertex 0 113.428 5.85
      vertex -3 113.598 6.09274
      vertex 0 113.598 6.09274
    endloop
  endfacet
  facet normal 0 0.819102 -0.573648
    outer loop
      vertex -3 113.598 6.09274
      vertex 0 113.428 5.85
      vertex -3 113.428 5.85
    endloop
  endfacet
  facet normal -1 0 0
    outer loop
      vertex -3 -3.40252 86.7814
      vertex -3 2.4 172.4
      vertex -3 -3.32583 86.4952
    endloop
  endfacet
  facet normal -1 0 0
    outer loop
      vertex -3 2.4 172.4
      vertex -3 -3.32583 157.105
      vertex -3 -3.3 157.4
    endloop
  endfacet
  facet normal -1 0 0
    outer loop
      vertex -3 -3.40252 156.819
      vertex -3 2.4 172.4
      vertex -3 -3.40252 86.7814
    endloop
  endfacet
  facet normal -1 0 0
    outer loop
      vertex -3 2.4 172.4
      vertex -3 -3.40252 156.819
      vertex -3 -3.32583 157.105
    endloop
  endfacet
  facet normal -1 0 0
    outer loop
      vertex -3 -3.52776 87.05
      vertex -3 -3.40252 156.819
      vertex -3 -3.40252 86.7814
    endloop
  endfacet
  facet normal -1 0 0
    outer loop
      vertex -3 -3.52776 87.05
      vertex -3 -3.52776 156.55
      vertex -3 -3.40252 156.819
    endloop
  endfacet
  facet normal -1 0 0
    outer loop
      vertex -3 -3.69772 87.2927
      vertex -3 -3.52776 156.55
      vertex -3 -3.52776 87.05
    endloop
  endfacet
  facet normal -1 0 0
    outer loop
      vertex -3 -3.69772 87.2927
      vertex -3 -3.69772 156.307
      vertex -3 -3.52776 156.55
    endloop
  endfacet
  facet normal -1 0 0
    outer loop
      vertex -3 -3.90726 87.5023
      vertex -3 -3.69772 156.307
      vertex -3 -3.69772 87.2927
    endloop
  endfacet
  facet normal -1 0 0
    outer loop
      vertex -3 -3.90726 87.5023
      vertex -3 -3.90726 156.098
      vertex -3 -3.69772 156.307
    endloop
  endfacet
  facet normal -1 0 0
    outer loop
      vertex -3 -4.15 87.6722
      vertex -3 -3.90726 156.098
      vertex -3 -3.90726 87.5023
    endloop
  endfacet
  facet normal -1 0 0
    outer loop
      vertex -3 -4.15 87.6722
      vertex -3 -4.15 155.928
      vertex -3 -3.90726 156.098
    endloop
  endfacet
  facet normal -1 0 0
    outer loop
      vertex -3 -4.41857 87.7975
      vertex -3 -4.15 155.928
      vertex -3 -4.15 87.6722
    endloop
  endfacet
  facet normal -1 0 0
    outer loop
      vertex -3 -4.41857 87.7975
      vertex -3 -4.41857 155.803
      vertex -3 -4.15 155.928
    endloop
  endfacet
  facet normal -1 0 0
    outer loop
      vertex -3 -4.7048 87.8742
      vertex -3 -4.41857 155.803
      vertex -3 -4.41857 87.7975
    endloop
  endfacet
  facet normal -1 0 0
    outer loop
      vertex -3 -4.7048 87.8742
      vertex -3 -4.7048 155.726
      vertex -3 -4.41857 155.803
    endloop
  endfacet
  facet normal -1 0 0
    outer loop
      vertex -3 -5 87.9
      vertex -3 -4.7048 155.726
      vertex -3 -4.7048 87.8742
    endloop
  endfacet
  facet normal -1 0 0
    outer loop
      vertex -3 -5 87.9
      vertex -3 -5 155.7
      vertex -3 -4.7048 155.726
    endloop
  endfacet
  facet normal -1 0 0
    outer loop
      vertex -3 -5.2952 87.8742
      vertex -3 -5 155.7
      vertex -3 -5 87.9
    endloop
  endfacet
  facet normal -1 0 0
    outer loop
      vertex -3 -5.2952 87.8742
      vertex -3 -5.2952 155.726
      vertex -3 -5 155.7
    endloop
  endfacet
  facet normal -1 0 0
    outer loop
      vertex -3 -5.58143 87.7975
      vertex -3 -5.2952 155.726
      vertex -3 -5.2952 87.8742
    endloop
  endfacet
  facet normal -1 0 0
    outer loop
      vertex -3 -5.58143 87.7975
      vertex -3 -5.58143 155.803
      vertex -3 -5.2952 155.726
    endloop
  endfacet
  facet normal -1 0 0
    outer loop
      vertex -3 -5.85 87.6722
      vertex -3 -5.58143 155.803
      vertex -3 -5.58143 87.7975
    endloop
  endfacet
  facet normal -1 0 0
    outer loop
      vertex -3 -5.85 87.6722
      vertex -3 -5.85 155.928
      vertex -3 -5.58143 155.803
    endloop
  endfacet
  facet normal -1 0 0
    outer loop
      vertex -3 -6.09274 87.5023
      vertex -3 -5.85 155.928
      vertex -3 -5.85 87.6722
    endloop
  endfacet
  facet normal -1 0 0
    outer loop
      vertex -3 -6.09274 87.5023
      vertex -3 -6.09274 156.098
      vertex -3 -5.85 155.928
    endloop
  endfacet
  facet normal -1 0 0
    outer loop
      vertex -3 -6.30227 87.2927
      vertex -3 -6.09274 156.098
      vertex -3 -6.09274 87.5023
    endloop
  endfacet
  facet normal -1 0 0
    outer loop
      vertex -3 -6.30227 87.2927
      vertex -3 -6.30227 156.307
      vertex -3 -6.09274 156.098
    endloop
  endfacet
  facet normal -1 0 0
    outer loop
      vertex -3 -6.47224 87.05
      vertex -3 -6.30227 156.307
      vertex -3 -6.30227 87.2927
    endloop
  endfacet
  facet normal -1 0 0
    outer loop
      vertex -3 -6.47224 87.05
      vertex -3 -6.47224 156.55
      vertex -3 -6.30227 156.307
    endloop
  endfacet
  facet normal -1 0 0
    outer loop
      vertex -3 -6.59748 86.7814
      vertex -3 -6.47224 156.55
      vertex -3 -6.47224 87.05
    endloop
  endfacet
  facet normal -1 0 0
    outer loop
      vertex -3 -6.59748 86.7814
      vertex -3 -6.59748 156.819
      vertex -3 -6.47224 156.55
    endloop
  endfacet
  facet normal -1 0 0
    outer loop
      vertex -3 -6.67417 86.4952
      vertex -3 -6.59748 156.819
      vertex -3 -6.59748 86.7814
    endloop
  endfacet
  facet normal -1 0 0
    outer loop
      vertex -3 -6.67417 86.4952
      vertex -3 -6.67417 157.105
      vertex -3 -6.59748 156.819
    endloop
  endfacet
  facet normal -1 0 0
    outer loop
      vertex -3 -10 172.4
      vertex -3 -6.67417 86.4952
      vertex -3 -6.7 86.2
    endloop
  endfacet
  facet normal -1 0 0
    outer loop
      vertex -3 -6.67417 86.4952
      vertex -3 -10 172.4
      vertex -3 -6.67417 157.105
    endloop
  endfacet
  facet normal -1 0 0
    outer loop
      vertex -3 -3.40252 25.5814
      vertex -3 2.4 10
      vertex -3 -3.32583 25.2952
    endloop
  endfacet
  facet normal -1 0 0
    outer loop
      vertex -3 2.4 10
      vertex -3 -3.32583 85.9048
      vertex -3 -3.3 86.2
    endloop
  endfacet
  facet normal -1 0 0
    outer loop
      vertex -3 -3.40252 85.6186
      vertex -3 2.4 10
      vertex -3 -3.40252 25.5814
    endloop
  endfacet
  facet normal -1 0 0
    outer loop
      vertex -3 2.4 10
      vertex -3 -3.40252 85.6186
      vertex -3 -3.32583 85.9048
    endloop
  endfacet
  facet normal -1 0 0
    outer loop
      vertex -3 -3.52776 25.85
      vertex -3 -3.40252 85.6186
      vertex -3 -3.40252 25.5814
    endloop
  endfacet
  facet normal -1 0 0
    outer loop
      vertex -3 -3.52776 25.85
      vertex -3 -3.52776 85.35
      vertex -3 -3.40252 85.6186
    endloop
  endfacet
  facet normal -1 0 0
    outer loop
      vertex -3 -3.69772 26.0927
      vertex -3 -3.52776 85.35
      vertex -3 -3.52776 25.85
    endloop
  endfacet
  facet normal -1 0 0
    outer loop
      vertex -3 -3.69772 26.0927
      vertex -3 -3.69772 85.1073
      vertex -3 -3.52776 85.35
    endloop
  endfacet
  facet normal -1 0 0
    outer loop
      vertex -3 -3.90726 26.3023
      vertex -3 -3.69772 85.1073
      vertex -3 -3.69772 26.0927
    endloop
  endfacet
  facet normal -1 0 0
    outer loop
      vertex -3 -3.90726 26.3023
      vertex -3 -3.90726 84.8977
      vertex -3 -3.69772 85.1073
    endloop
  endfacet
  facet normal -1 0 0
    outer loop
      vertex -3 -4.15 26.4722
      vertex -3 -3.90726 84.8977
      vertex -3 -3.90726 26.3023
    endloop
  endfacet
  facet normal -1 0 0
    outer loop
      vertex -3 -4.15 26.4722
      vertex -3 -4.15 84.7278
      vertex -3 -3.90726 84.8977
    endloop
  endfacet
  facet normal -1 0 0
    outer loop
      vertex -3 -4.41857 26.5975
      vertex -3 -4.15 84.7278
      vertex -3 -4.15 26.4722
    endloop
  endfacet
  facet normal -1 0 0
    outer loop
      vertex -3 -4.41857 26.5975
      vertex -3 -4.41857 84.6025
      vertex -3 -4.15 84.7278
    endloop
  endfacet
  facet normal -1 0 0
    outer loop
      vertex -3 -4.7048 26.6742
      vertex -3 -4.41857 84.6025
      vertex -3 -4.41857 26.5975
    endloop
  endfacet
  facet normal -1 0 0
    outer loop
      vertex -3 -4.7048 26.6742
      vertex -3 -4.7048 84.5258
      vertex -3 -4.41857 84.6025
    endloop
  endfacet
  facet normal -1 0 0
    outer loop
      vertex -3 -5 26.7
      vertex -3 -4.7048 84.5258
      vertex -3 -4.7048 26.6742
    endloop
  endfacet
  facet normal -1 0 0
    outer loop
      vertex -3 -5 26.7
      vertex -3 -5 84.5
      vertex -3 -4.7048 84.5258
    endloop
  endfacet
  facet normal -1 0 0
    outer loop
      vertex -3 -5.2952 26.6742
      vertex -3 -5 84.5
      vertex -3 -5 26.7
    endloop
  endfacet
  facet normal -1 0 0
    outer loop
      vertex -3 -5.2952 26.6742
      vertex -3 -5.2952 84.5258
      vertex -3 -5 84.5
    endloop
  endfacet
  facet normal -1 0 0
    outer loop
      vertex -3 -5.58143 26.5975
      vertex -3 -5.2952 84.5258
      vertex -3 -5.2952 26.6742
    endloop
  endfacet
  facet normal -1 0 0
    outer loop
      vertex -3 -5.58143 26.5975
      vertex -3 -5.58143 84.6025
      vertex -3 -5.2952 84.5258
    endloop
  endfacet
  facet normal -1 0 0
    outer loop
      vertex -3 -5.85 26.4722
      vertex -3 -5.58143 84.6025
      vertex -3 -5.58143 26.5975
    endloop
  endfacet
  facet normal -1 0 0
    outer loop
      vertex -3 -5.85 26.4722
      vertex -3 -5.85 84.7278
      vertex -3 -5.58143 84.6025
    endloop
  endfacet
  facet normal -1 0 0
    outer loop
      vertex -3 -6.09274 26.3023
      vertex -3 -5.85 84.7278
      vertex -3 -5.85 26.4722
    endloop
  endfacet
  facet normal -1 0 0
    outer loop
      vertex -3 -6.09274 26.3023
      vertex -3 -6.09274 84.8977
      vertex -3 -5.85 84.7278
    endloop
  endfacet
  facet normal -1 0 0
    outer loop
      vertex -3 -6.30227 26.0927
      vertex -3 -6.09274 84.8977
      vertex -3 -6.09274 26.3023
    endloop
  endfacet
  facet normal -1 0 0
    outer loop
      vertex -3 -6.30227 26.0927
      vertex -3 -6.30227 85.1073
      vertex -3 -6.09274 84.8977
    endloop
  endfacet
  facet normal -1 0 0
    outer loop
      vertex -3 -6.47224 25.85
      vertex -3 -6.30227 85.1073
      vertex -3 -6.30227 26.0927
    endloop
  endfacet
  facet normal -1 0 0
    outer loop
      vertex -3 -6.47224 25.85
      vertex -3 -6.47224 85.35
      vertex -3 -6.30227 85.1073
    endloop
  endfacet
  facet normal -1 0 0
    outer loop
      vertex -3 -6.59748 25.5814
      vertex -3 -6.47224 85.35
      vertex -3 -6.47224 25.85
    endloop
  endfacet
  facet normal -1 0 0
    outer loop
      vertex -3 -6.59748 25.5814
      vertex -3 -6.59748 85.6186
      vertex -3 -6.47224 85.35
    endloop
  endfacet
  facet normal -1 0 0
    outer loop
      vertex -3 -6.67417 25.2952
      vertex -3 -6.59748 85.6186
      vertex -3 -6.59748 25.5814
    endloop
  endfacet
  facet normal -1 0 0
    outer loop
      vertex -3 -6.67417 25.2952
      vertex -3 -6.67417 85.9048
      vertex -3 -6.59748 85.6186
    endloop
  endfacet
  facet normal -1 0 0
    outer loop
      vertex -3 -6.7 25
      vertex -3 -6.67417 85.9048
      vertex -3 -6.67417 25.2952
    endloop
  endfacet
  facet normal -1 -0 0
    outer loop
      vertex -3 -6.67417 85.9048
      vertex -3 -6.7 25
      vertex -3 -6.7 86.2
    endloop
  endfacet
  facet normal -1 0 0
    outer loop
      vertex -3 161.474 157.105
      vertex -3 164.8 172.4
      vertex -3 161.474 86.4952
    endloop
  endfacet
  facet normal -1 0 0
    outer loop
      vertex -3 164.8 172.4
      vertex -3 161.474 157.105
      vertex -3 161.5 157.4
    endloop
  endfacet
  facet normal -1 0 0
    outer loop
      vertex -3 161.397 86.7814
      vertex -3 161.474 157.105
      vertex -3 161.474 86.4952
    endloop
  endfacet
  facet normal -1 0 0
    outer loop
      vertex -3 161.397 86.7814
      vertex -3 161.397 156.819
      vertex -3 161.474 157.105
    endloop
  endfacet
  facet normal -1 0 0
    outer loop
      vertex -3 161.272 87.05
      vertex -3 161.397 156.819
      vertex -3 161.397 86.7814
    endloop
  endfacet
  facet normal -1 0 0
    outer loop
      vertex -3 161.272 87.05
      vertex -3 161.272 156.55
      vertex -3 161.397 156.819
    endloop
  endfacet
  facet normal -1 0 0
    outer loop
      vertex -3 161.102 87.2927
      vertex -3 161.272 156.55
      vertex -3 161.272 87.05
    endloop
  endfacet
  facet normal -1 0 0
    outer loop
      vertex -3 161.102 87.2927
      vertex -3 161.102 156.307
      vertex -3 161.272 156.55
    endloop
  endfacet
  facet normal -1 0 0
    outer loop
      vertex -3 160.893 87.5023
      vertex -3 161.102 156.307
      vertex -3 161.102 87.2927
    endloop
  endfacet
  facet normal -1 0 0
    outer loop
      vertex -3 160.893 87.5023
      vertex -3 160.893 156.098
      vertex -3 161.102 156.307
    endloop
  endfacet
  facet normal -1 0 0
    outer loop
      vertex -3 160.65 87.6722
      vertex -3 160.893 156.098
      vertex -3 160.893 87.5023
    endloop
  endfacet
  facet normal -1 0 0
    outer loop
      vertex -3 160.65 87.6722
      vertex -3 160.65 155.928
      vertex -3 160.893 156.098
    endloop
  endfacet
  facet normal -1 0 0
    outer loop
      vertex -3 160.381 87.7975
      vertex -3 160.65 155.928
      vertex -3 160.65 87.6722
    endloop
  endfacet
  facet normal -1 0 0
    outer loop
      vertex -3 160.381 87.7975
      vertex -3 160.381 155.803
      vertex -3 160.65 155.928
    endloop
  endfacet
  facet normal -1 0 0
    outer loop
      vertex -3 160.095 87.8742
      vertex -3 160.381 155.803
      vertex -3 160.381 87.7975
    endloop
  endfacet
  facet normal -1 0 0
    outer loop
      vertex -3 160.095 87.8742
      vertex -3 160.095 155.726
      vertex -3 160.381 155.803
    endloop
  endfacet
  facet normal -1 0 0
    outer loop
      vertex -3 159.8 87.9
      vertex -3 160.095 155.726
      vertex -3 160.095 87.8742
    endloop
  endfacet
  facet normal -1 0 0
    outer loop
      vertex -3 159.8 87.9
      vertex -3 159.8 155.7
      vertex -3 160.095 155.726
    endloop
  endfacet
  facet normal -1 0 0
    outer loop
      vertex -3 159.505 87.8742
      vertex -3 159.8 155.7
      vertex -3 159.8 87.9
    endloop
  endfacet
  facet normal -1 0 0
    outer loop
      vertex -3 159.505 87.8742
      vertex -3 159.505 155.726
      vertex -3 159.8 155.7
    endloop
  endfacet
  facet normal -1 0 0
    outer loop
      vertex -3 159.219 87.7975
      vertex -3 159.505 155.726
      vertex -3 159.505 87.8742
    endloop
  endfacet
  facet normal -1 0 0
    outer loop
      vertex -3 159.219 87.7975
      vertex -3 159.219 155.803
      vertex -3 159.505 155.726
    endloop
  endfacet
  facet normal -1 0 0
    outer loop
      vertex -3 158.95 87.6722
      vertex -3 159.219 155.803
      vertex -3 159.219 87.7975
    endloop
  endfacet
  facet normal -1 0 0
    outer loop
      vertex -3 158.95 87.6722
      vertex -3 158.95 155.928
      vertex -3 159.219 155.803
    endloop
  endfacet
  facet normal -1 0 0
    outer loop
      vertex -3 158.707 87.5023
      vertex -3 158.95 155.928
      vertex -3 158.95 87.6722
    endloop
  endfacet
  facet normal -1 0 0
    outer loop
      vertex -3 158.707 87.5023
      vertex -3 158.707 156.098
      vertex -3 158.95 155.928
    endloop
  endfacet
  facet normal -1 0 0
    outer loop
      vertex -3 158.498 87.2927
      vertex -3 158.707 156.098
      vertex -3 158.707 87.5023
    endloop
  endfacet
  facet normal -1 0 0
    outer loop
      vertex -3 158.498 87.2927
      vertex -3 158.498 156.307
      vertex -3 158.707 156.098
    endloop
  endfacet
  facet normal -1 0 0
    outer loop
      vertex -3 158.328 87.05
      vertex -3 158.498 156.307
      vertex -3 158.498 87.2927
    endloop
  endfacet
  facet normal -1 0 0
    outer loop
      vertex -3 158.328 87.05
      vertex -3 158.328 156.55
      vertex -3 158.498 156.307
    endloop
  endfacet
  facet normal -1 0 0
    outer loop
      vertex -3 158.203 86.7814
      vertex -3 158.328 156.55
      vertex -3 158.328 87.05
    endloop
  endfacet
  facet normal -1 0 0
    outer loop
      vertex -3 158.203 86.7814
      vertex -3 158.203 156.819
      vertex -3 158.328 156.55
    endloop
  endfacet
  facet normal -1 0 0
    outer loop
      vertex -3 152.4 172.4
      vertex -3 158.203 86.7814
      vertex -3 158.126 86.4952
    endloop
  endfacet
  facet normal -1 0 0
    outer loop
      vertex -3 158.203 86.7814
      vertex -3 152.4 172.4
      vertex -3 158.203 156.819
    endloop
  endfacet
  facet normal -1 0 0
    outer loop
      vertex -3 152.4 172.4
      vertex -3 158.126 86.4952
      vertex -3 158.1 86.2
    endloop
  endfacet
  facet normal -1 0 0
    outer loop
      vertex -3 158.203 156.819
      vertex -3 152.4 172.4
      vertex -3 158.126 157.105
    endloop
  endfacet
  facet normal -1 0 0
    outer loop
      vertex -3 161.474 25.2952
      vertex -3 161.5 86.2
      vertex -3 161.5 25
    endloop
  endfacet
  facet normal -1 0 0
    outer loop
      vertex -3 161.474 25.2952
      vertex -3 161.474 85.9048
      vertex -3 161.5 86.2
    endloop
  endfacet
  facet normal -1 0 0
    outer loop
      vertex -3 161.397 25.5814
      vertex -3 161.474 85.9048
      vertex -3 161.474 25.2952
    endloop
  endfacet
  facet normal -1 0 0
    outer loop
      vertex -3 161.397 25.5814
      vertex -3 161.397 85.6186
      vertex -3 161.474 85.9048
    endloop
  endfacet
  facet normal -1 0 0
    outer loop
      vertex -3 161.272 25.85
      vertex -3 161.397 85.6186
      vertex -3 161.397 25.5814
    endloop
  endfacet
  facet normal -1 0 0
    outer loop
      vertex -3 161.272 25.85
      vertex -3 161.272 85.35
      vertex -3 161.397 85.6186
    endloop
  endfacet
  facet normal -1 0 0
    outer loop
      vertex -3 161.102 26.0927
      vertex -3 161.272 85.35
      vertex -3 161.272 25.85
    endloop
  endfacet
  facet normal -1 0 0
    outer loop
      vertex -3 161.102 26.0927
      vertex -3 161.102 85.1073
      vertex -3 161.272 85.35
    endloop
  endfacet
  facet normal -1 0 0
    outer loop
      vertex -3 160.893 26.3023
      vertex -3 161.102 85.1073
      vertex -3 161.102 26.0927
    endloop
  endfacet
  facet normal -1 0 0
    outer loop
      vertex -3 160.893 26.3023
      vertex -3 160.893 84.8977
      vertex -3 161.102 85.1073
    endloop
  endfacet
  facet normal -1 0 0
    outer loop
      vertex -3 160.65 26.4722
      vertex -3 160.893 84.8977
      vertex -3 160.893 26.3023
    endloop
  endfacet
  facet normal -1 0 0
    outer loop
      vertex -3 160.65 26.4722
      vertex -3 160.65 84.7278
      vertex -3 160.893 84.8977
    endloop
  endfacet
  facet normal -1 0 0
    outer loop
      vertex -3 160.381 26.5975
      vertex -3 160.65 84.7278
      vertex -3 160.65 26.4722
    endloop
  endfacet
  facet normal -1 0 0
    outer loop
      vertex -3 160.381 26.5975
      vertex -3 160.381 84.6025
      vertex -3 160.65 84.7278
    endloop
  endfacet
  facet normal -1 0 0
    outer loop
      vertex -3 160.095 26.6742
      vertex -3 160.381 84.6025
      vertex -3 160.381 26.5975
    endloop
  endfacet
  facet normal -1 0 0
    outer loop
      vertex -3 160.095 26.6742
      vertex -3 160.095 84.5258
      vertex -3 160.381 84.6025
    endloop
  endfacet
  facet normal -1 0 0
    outer loop
      vertex -3 159.8 26.7
      vertex -3 160.095 84.5258
      vertex -3 160.095 26.6742
    endloop
  endfacet
  facet normal -1 0 0
    outer loop
      vertex -3 159.8 26.7
      vertex -3 159.8 84.5
      vertex -3 160.095 84.5258
    endloop
  endfacet
  facet normal -1 0 0
    outer loop
      vertex -3 159.505 26.6742
      vertex -3 159.8 84.5
      vertex -3 159.8 26.7
    endloop
  endfacet
  facet normal -1 0 0
    outer loop
      vertex -3 159.505 26.6742
      vertex -3 159.505 84.5258
      vertex -3 159.8 84.5
    endloop
  endfacet
  facet normal -1 0 0
    outer loop
      vertex -3 159.219 26.5975
      vertex -3 159.505 84.5258
      vertex -3 159.505 26.6742
    endloop
  endfacet
  facet normal -1 0 0
    outer loop
      vertex -3 159.219 26.5975
      vertex -3 159.219 84.6025
      vertex -3 159.505 84.5258
    endloop
  endfacet
  facet normal -1 0 0
    outer loop
      vertex -3 158.95 26.4722
      vertex -3 159.219 84.6025
      vertex -3 159.219 26.5975
    endloop
  endfacet
  facet normal -1 0 0
    outer loop
      vertex -3 158.95 26.4722
      vertex -3 158.95 84.7278
      vertex -3 159.219 84.6025
    endloop
  endfacet
  facet normal -1 0 0
    outer loop
      vertex -3 158.707 26.3023
      vertex -3 158.95 84.7278
      vertex -3 158.95 26.4722
    endloop
  endfacet
  facet normal -1 0 0
    outer loop
      vertex -3 158.707 26.3023
      vertex -3 158.707 84.8977
      vertex -3 158.95 84.7278
    endloop
  endfacet
  facet normal -1 0 0
    outer loop
      vertex -3 158.498 26.0927
      vertex -3 158.707 84.8977
      vertex -3 158.707 26.3023
    endloop
  endfacet
  facet normal -1 0 0
    outer loop
      vertex -3 158.498 26.0927
      vertex -3 158.498 85.1073
      vertex -3 158.707 84.8977
    endloop
  endfacet
  facet normal -1 0 0
    outer loop
      vertex -3 158.328 25.85
      vertex -3 158.498 85.1073
      vertex -3 158.498 26.0927
    endloop
  endfacet
  facet normal -1 0 0
    outer loop
      vertex -3 158.328 25.85
      vertex -3 158.328 85.35
      vertex -3 158.498 85.1073
    endloop
  endfacet
  facet normal -1 0 0
    outer loop
      vertex -3 158.203 25.5814
      vertex -3 158.328 85.35
      vertex -3 158.328 25.85
    endloop
  endfacet
  facet normal -1 0 0
    outer loop
      vertex -3 158.203 25.5814
      vertex -3 158.203 85.6186
      vertex -3 158.328 85.35
    endloop
  endfacet
  facet normal -1 0 0
    outer loop
      vertex -3 152.4 10
      vertex -3 158.203 25.5814
      vertex -3 158.126 25.2952
    endloop
  endfacet
  facet normal -1 -0 0
    outer loop
      vertex -3 158.203 25.5814
      vertex -3 152.4 10
      vertex -3 158.203 85.6186
    endloop
  endfacet
  facet normal -1 0 0
    outer loop
      vertex -3 152.4 10
      vertex -3 158.126 25.2952
      vertex -3 158.1 25
    endloop
  endfacet
  facet normal -1 -0 0
    outer loop
      vertex -3 158.203 85.6186
      vertex -3 152.4 10
      vertex -3 158.126 85.9048
    endloop
  endfacet
  facet normal -1 0 0
    outer loop
      vertex -3 161.5 86.2
      vertex -3 164.8 0
      vertex -3 161.5 25
    endloop
  endfacet
  facet normal -1 0 0
    outer loop
      vertex -3 164.8 0
      vertex -3 161.474 24.7048
      vertex -3 161.5 25
    endloop
  endfacet
  facet normal -1 0 0
    outer loop
      vertex -3 164.8 0
      vertex -3 161.397 24.4186
      vertex -3 161.474 24.7048
    endloop
  endfacet
  facet normal -1 0 0
    outer loop
      vertex -3 164.8 0
      vertex -3 161.272 24.15
      vertex -3 161.397 24.4186
    endloop
  endfacet
  facet normal -1 0 0
    outer loop
      vertex -3 164.8 0
      vertex -3 161.102 23.9073
      vertex -3 161.272 24.15
    endloop
  endfacet
  facet normal -1 0 0
    outer loop
      vertex -3 164.8 0
      vertex -3 160.893 23.6977
      vertex -3 161.102 23.9073
    endloop
  endfacet
  facet normal -1 0 0
    outer loop
      vertex -3 164.8 0
      vertex -3 160.65 23.5278
      vertex -3 160.893 23.6977
    endloop
  endfacet
  facet normal -1 0 0
    outer loop
      vertex -3 164.8 0
      vertex -3 160.381 23.4025
      vertex -3 160.65 23.5278
    endloop
  endfacet
  facet normal -1 0 0
    outer loop
      vertex -3 152.4 10
      vertex -3 160.381 23.4025
      vertex -3 164.8 0
    endloop
  endfacet
  facet normal -1 0 0
    outer loop
      vertex -3 160.381 23.4025
      vertex -3 152.4 10
      vertex -3 160.095 23.3258
    endloop
  endfacet
  facet normal -1 0 0
    outer loop
      vertex -3 160.095 23.3258
      vertex -3 152.4 10
      vertex -3 159.8 23.3
    endloop
  endfacet
  facet normal -1 -0 0
    outer loop
      vertex -3 159.8 23.3
      vertex -3 152.4 10
      vertex -3 159.505 23.3258
    endloop
  endfacet
  facet normal -1 -0 0
    outer loop
      vertex -3 159.505 23.3258
      vertex -3 152.4 10
      vertex -3 159.219 23.4025
    endloop
  endfacet
  facet normal -1 -0 0
    outer loop
      vertex -3 159.219 23.4025
      vertex -3 152.4 10
      vertex -3 158.95 23.5278
    endloop
  endfacet
  facet normal -1 -0 0
    outer loop
      vertex -3 158.95 23.5278
      vertex -3 152.4 10
      vertex -3 158.707 23.6977
    endloop
  endfacet
  facet normal -1 -0 0
    outer loop
      vertex -3 158.707 23.6977
      vertex -3 152.4 10
      vertex -3 158.498 23.9073
    endloop
  endfacet
  facet normal -1 -0 0
    outer loop
      vertex -3 158.498 23.9073
      vertex -3 152.4 10
      vertex -3 158.328 24.15
    endloop
  endfacet
  facet normal -1 -0 0
    outer loop
      vertex -3 158.126 85.9048
      vertex -3 152.4 10
      vertex -3 158.1 86.2
    endloop
  endfacet
  facet normal -1 0 0
    outer loop
      vertex -3 152.4 172.4
      vertex -3 158.1 86.2
      vertex -3 152.4 10
    endloop
  endfacet
  facet normal -1 -0 0
    outer loop
      vertex -3 158.126 24.7048
      vertex -3 152.4 10
      vertex -3 158.1 25
    endloop
  endfacet
  facet normal -1 -0 0
    outer loop
      vertex -3 158.203 24.4186
      vertex -3 152.4 10
      vertex -3 158.126 24.7048
    endloop
  endfacet
  facet normal -1 -0 0
    outer loop
      vertex -3 158.328 24.15
      vertex -3 152.4 10
      vertex -3 158.203 24.4186
    endloop
  endfacet
  facet normal -1 0 0
    outer loop
      vertex -3 115.993 3.69772
      vertex -3 152.4 10
      vertex -3 164.8 0
    endloop
  endfacet
  facet normal -1 0 0
    outer loop
      vertex -3 152.4 10
      vertex -3 116.574 4.7048
      vertex -3 116.6 5
    endloop
  endfacet
  facet normal -1 0 0
    outer loop
      vertex -3 152.4 10
      vertex -3 116.497 4.41857
      vertex -3 116.574 4.7048
    endloop
  endfacet
  facet normal -1 0 0
    outer loop
      vertex -3 152.4 10
      vertex -3 116.372 4.15
      vertex -3 116.497 4.41857
    endloop
  endfacet
  facet normal -1 0 0
    outer loop
      vertex -3 152.4 10
      vertex -3 116.202 3.90726
      vertex -3 116.372 4.15
    endloop
  endfacet
  facet normal -1 0 0
    outer loop
      vertex -3 152.4 10
      vertex -3 115.993 3.69772
      vertex -3 116.202 3.90726
    endloop
  endfacet
  facet normal -1 0 0
    outer loop
      vertex -3 164.8 0
      vertex -3 115.75 3.52776
      vertex -3 115.993 3.69772
    endloop
  endfacet
  facet normal -1 0 0
    outer loop
      vertex -3 164.8 0
      vertex -3 115.481 3.40252
      vertex -3 115.75 3.52776
    endloop
  endfacet
  facet normal -1 0 0
    outer loop
      vertex -3 164.8 0
      vertex -3 115.195 3.32583
      vertex -3 115.481 3.40252
    endloop
  endfacet
  facet normal -1 0 0
    outer loop
      vertex -3 164.8 0
      vertex -3 114.9 3.3
      vertex -3 115.195 3.32583
    endloop
  endfacet
  facet normal -1 0 0
    outer loop
      vertex -3 113.226 4.7048
      vertex -3 41.6 5
      vertex -3 113.2 5
    endloop
  endfacet
  facet normal -1 0 0
    outer loop
      vertex -3 41.5742 4.7048
      vertex -3 113.226 4.7048
      vertex -3 113.303 4.41857
    endloop
  endfacet
  facet normal -1 0 0
    outer loop
      vertex -3 41.4975 4.41857
      vertex -3 113.303 4.41857
      vertex -3 113.428 4.15
    endloop
  endfacet
  facet normal -1 0 0
    outer loop
      vertex -3 41.3722 4.15
      vertex -3 113.428 4.15
      vertex -3 113.598 3.90726
    endloop
  endfacet
  facet normal -1 0 0
    outer loop
      vertex -3 41.2023 3.90726
      vertex -3 113.598 3.90726
      vertex -3 113.807 3.69772
    endloop
  endfacet
  facet normal -1 0 0
    outer loop
      vertex -3 40.9927 3.69772
      vertex -3 113.807 3.69772
      vertex -3 114.05 3.52776
    endloop
  endfacet
  facet normal -1 0 0
    outer loop
      vertex -3 40.75 3.52776
      vertex -3 114.05 3.52776
      vertex -3 114.319 3.40252
    endloop
  endfacet
  facet normal -1 0 0
    outer loop
      vertex -3 40.4814 3.40252
      vertex -3 114.319 3.40252
      vertex -3 114.605 3.32583
    endloop
  endfacet
  facet normal -1 0 0
    outer loop
      vertex -3 40.1952 3.32583
      vertex -3 114.605 3.32583
      vertex -3 114.9 3.3
    endloop
  endfacet
  facet normal -1 0 0
    outer loop
      vertex -3 39.9 3.3
      vertex -3 114.9 3.3
      vertex -3 164.8 0
    endloop
  endfacet
  facet normal -1 0 0
    outer loop
      vertex -3 113.226 4.7048
      vertex -3 41.5742 4.7048
      vertex -3 41.6 5
    endloop
  endfacet
  facet normal -1 0 0
    outer loop
      vertex -3 113.303 4.41857
      vertex -3 41.4975 4.41857
      vertex -3 41.5742 4.7048
    endloop
  endfacet
  facet normal -1 0 0
    outer loop
      vertex -3 113.428 4.15
      vertex -3 41.3722 4.15
      vertex -3 41.4975 4.41857
    endloop
  endfacet
  facet normal -1 0 0
    outer loop
      vertex -3 113.598 3.90726
      vertex -3 41.2023 3.90726
      vertex -3 41.3722 4.15
    endloop
  endfacet
  facet normal -1 0 0
    outer loop
      vertex -3 113.807 3.69772
      vertex -3 40.9927 3.69772
      vertex -3 41.2023 3.90726
    endloop
  endfacet
  facet normal -1 0 0
    outer loop
      vertex -3 114.05 3.52776
      vertex -3 40.75 3.52776
      vertex -3 40.9927 3.69772
    endloop
  endfacet
  facet normal -1 0 0
    outer loop
      vertex -3 114.319 3.40252
      vertex -3 40.4814 3.40252
      vertex -3 40.75 3.52776
    endloop
  endfacet
  facet normal -1 0 0
    outer loop
      vertex -3 114.605 3.32583
      vertex -3 40.1952 3.32583
      vertex -3 40.4814 3.40252
    endloop
  endfacet
  facet normal -1 0 0
    outer loop
      vertex -3 114.9 3.3
      vertex -3 39.9 3.3
      vertex -3 40.1952 3.32583
    endloop
  endfacet
  facet normal -1 0 0
    outer loop
      vertex -3 38.2258 4.7048
      vertex -3 2.4 10
      vertex -3 38.2 5
    endloop
  endfacet
  facet normal -1 0 0
    outer loop
      vertex -3 38.3025 4.41857
      vertex -3 2.4 10
      vertex -3 38.2258 4.7048
    endloop
  endfacet
  facet normal -1 0 0
    outer loop
      vertex -3 38.4278 4.15
      vertex -3 2.4 10
      vertex -3 38.3025 4.41857
    endloop
  endfacet
  facet normal -1 0 0
    outer loop
      vertex -3 38.5977 3.90726
      vertex -3 2.4 10
      vertex -3 38.4278 4.15
    endloop
  endfacet
  facet normal -1 0 0
    outer loop
      vertex -3 38.8073 3.69772
      vertex -3 2.4 10
      vertex -3 38.5977 3.90726
    endloop
  endfacet
  facet normal -1 0 0
    outer loop
      vertex -3 -10 0
      vertex -3 38.8073 3.69772
      vertex -3 39.05 3.52776
    endloop
  endfacet
  facet normal -1 0 0
    outer loop
      vertex -3 -10 0
      vertex -3 39.05 3.52776
      vertex -3 39.3186 3.40252
    endloop
  endfacet
  facet normal -1 0 0
    outer loop
      vertex -3 -10 0
      vertex -3 39.3186 3.40252
      vertex -3 39.6048 3.32583
    endloop
  endfacet
  facet normal -1 0 0
    outer loop
      vertex -3 -3.32583 25.2952
      vertex -3 2.4 10
      vertex -3 -3.3 25
    endloop
  endfacet
  facet normal -1 0 0
    outer loop
      vertex -3 2.4 10
      vertex -3 -3.32583 24.7048
      vertex -3 -3.3 25
    endloop
  endfacet
  facet normal -1 0 0
    outer loop
      vertex -3 2.4 10
      vertex -3 -3.40252 24.4186
      vertex -3 -3.32583 24.7048
    endloop
  endfacet
  facet normal -1 0 0
    outer loop
      vertex -3 2.4 10
      vertex -3 -3.52776 24.15
      vertex -3 -3.40252 24.4186
    endloop
  endfacet
  facet normal -1 0 0
    outer loop
      vertex -3 2.4 10
      vertex -3 -3.69772 23.9073
      vertex -3 -3.52776 24.15
    endloop
  endfacet
  facet normal -1 0 0
    outer loop
      vertex -3 2.4 10
      vertex -3 -3.90726 23.6977
      vertex -3 -3.69772 23.9073
    endloop
  endfacet
  facet normal -1 0 0
    outer loop
      vertex -3 2.4 10
      vertex -3 -4.15 23.5278
      vertex -3 -3.90726 23.6977
    endloop
  endfacet
  facet normal -1 0 0
    outer loop
      vertex -3 2.4 10
      vertex -3 -4.41857 23.4025
      vertex -3 -4.15 23.5278
    endloop
  endfacet
  facet normal -1 0 0
    outer loop
      vertex -3 2.4 10
      vertex -3 -4.7048 23.3258
      vertex -3 -4.41857 23.4025
    endloop
  endfacet
  facet normal -1 0 0
    outer loop
      vertex -3 2.4 10
      vertex -3 -5 23.3
      vertex -3 -4.7048 23.3258
    endloop
  endfacet
  facet normal -1 0 0
    outer loop
      vertex -3 2.4 10
      vertex -3 -5.2952 23.3258
      vertex -3 -5 23.3
    endloop
  endfacet
  facet normal -1 0 0
    outer loop
      vertex -3 2.4 10
      vertex -3 -5.58143 23.4025
      vertex -3 -5.2952 23.3258
    endloop
  endfacet
  facet normal -1 0 0
    outer loop
      vertex -3 -10 0
      vertex -3 -5.58143 23.4025
      vertex -3 2.4 10
    endloop
  endfacet
  facet normal -1 -0 0
    outer loop
      vertex -3 -5.58143 23.4025
      vertex -3 -10 0
      vertex -3 -5.85 23.5278
    endloop
  endfacet
  facet normal -1 -0 0
    outer loop
      vertex -3 -5.85 23.5278
      vertex -3 -10 0
      vertex -3 -6.09274 23.6977
    endloop
  endfacet
  facet normal -1 -0 0
    outer loop
      vertex -3 -6.09274 23.6977
      vertex -3 -10 0
      vertex -3 -6.30227 23.9073
    endloop
  endfacet
  facet normal -1 0 0
    outer loop
      vertex -3 -10 0
      vertex -3 -6.7 86.2
      vertex -3 -6.7 25
    endloop
  endfacet
  facet normal -1 -0 0
    outer loop
      vertex -3 -6.7 86.2
      vertex -3 -10 0
      vertex -3 -10 172.4
    endloop
  endfacet
  facet normal -1 -0 0
    outer loop
      vertex -3 -6.67417 24.7048
      vertex -3 -10 0
      vertex -3 -6.7 25
    endloop
  endfacet
  facet normal -1 -0 0
    outer loop
      vertex -3 -6.59748 24.4186
      vertex -3 -10 0
      vertex -3 -6.67417 24.7048
    endloop
  endfacet
  facet normal -1 -0 0
    outer loop
      vertex -3 -6.47224 24.15
      vertex -3 -10 0
      vertex -3 -6.59748 24.4186
    endloop
  endfacet
  facet normal -1 -0 0
    outer loop
      vertex -3 -6.30227 23.9073
      vertex -3 -10 0
      vertex -3 -6.47224 24.15
    endloop
  endfacet
  facet normal -1 -0 0
    outer loop
      vertex -3 38.8073 3.69772
      vertex -3 -10 0
      vertex -3 2.4 10
    endloop
  endfacet
  facet normal -1 -0 0
    outer loop
      vertex -3 39.9 3.3
      vertex -3 -10 0
      vertex -3 39.6048 3.32583
    endloop
  endfacet
  facet normal -1 0 0
    outer loop
      vertex -3 -10 0
      vertex -3 39.9 3.3
      vertex -3 164.8 0
    endloop
  endfacet
  facet normal -1 0 0
    outer loop
      vertex -3 164.8 0
      vertex -3 161.5 86.2
      vertex -3 164.8 172.4
    endloop
  endfacet
  facet normal -1 0 0
    outer loop
      vertex -3 161.474 86.4952
      vertex -3 164.8 172.4
      vertex -3 161.5 86.2
    endloop
  endfacet
  facet normal -1 0 0
    outer loop
      vertex -3 161.474 157.695
      vertex -3 164.8 172.4
      vertex -3 161.5 157.4
    endloop
  endfacet
  facet normal -1 0 0
    outer loop
      vertex -3 161.397 157.981
      vertex -3 164.8 172.4
      vertex -3 161.474 157.695
    endloop
  endfacet
  facet normal -1 0 0
    outer loop
      vertex -3 161.272 158.25
      vertex -3 164.8 172.4
      vertex -3 161.397 157.981
    endloop
  endfacet
  facet normal -1 0 0
    outer loop
      vertex -3 161.102 158.493
      vertex -3 164.8 172.4
      vertex -3 161.272 158.25
    endloop
  endfacet
  facet normal -1 0 0
    outer loop
      vertex -3 160.893 158.702
      vertex -3 164.8 172.4
      vertex -3 161.102 158.493
    endloop
  endfacet
  facet normal -1 0 0
    outer loop
      vertex -3 160.65 158.872
      vertex -3 164.8 172.4
      vertex -3 160.893 158.702
    endloop
  endfacet
  facet normal -1 0 0
    outer loop
      vertex -3 160.381 158.997
      vertex -3 164.8 172.4
      vertex -3 160.65 158.872
    endloop
  endfacet
  facet normal -1 0 0
    outer loop
      vertex -3 160.095 159.074
      vertex -3 164.8 172.4
      vertex -3 160.381 158.997
    endloop
  endfacet
  facet normal -1 0 0
    outer loop
      vertex -3 159.8 159.1
      vertex -3 164.8 172.4
      vertex -3 160.095 159.074
    endloop
  endfacet
  facet normal -1 0 0
    outer loop
      vertex -3 159.505 159.074
      vertex -3 164.8 172.4
      vertex -3 159.8 159.1
    endloop
  endfacet
  facet normal -1 0 0
    outer loop
      vertex -3 152.4 172.4
      vertex -3 159.505 159.074
      vertex -3 159.219 158.997
    endloop
  endfacet
  facet normal -1 0 0
    outer loop
      vertex -3 152.4 172.4
      vertex -3 159.219 158.997
      vertex -3 158.95 158.872
    endloop
  endfacet
  facet normal -1 0 0
    outer loop
      vertex -3 152.4 172.4
      vertex -3 158.95 158.872
      vertex -3 158.707 158.702
    endloop
  endfacet
  facet normal -1 0 0
    outer loop
      vertex -3 152.4 172.4
      vertex -3 158.707 158.702
      vertex -3 158.498 158.493
    endloop
  endfacet
  facet normal -1 0 0
    outer loop
      vertex -3 152.4 172.4
      vertex -3 158.498 158.493
      vertex -3 158.328 158.25
    endloop
  endfacet
  facet normal -1 0 0
    outer loop
      vertex -3 152.4 172.4
      vertex -3 158.328 158.25
      vertex -3 158.203 157.981
    endloop
  endfacet
  facet normal -1 0 0
    outer loop
      vertex -3 159.505 159.074
      vertex -3 152.4 172.4
      vertex -3 164.8 172.4
    endloop
  endfacet
  facet normal -1 0 0
    outer loop
      vertex -3 158.126 157.695
      vertex -3 152.4 172.4
      vertex -3 158.203 157.981
    endloop
  endfacet
  facet normal -1 0 0
    outer loop
      vertex -3 158.1 157.4
      vertex -3 152.4 172.4
      vertex -3 158.126 157.695
    endloop
  endfacet
  facet normal -1 0 0
    outer loop
      vertex -3 158.126 157.105
      vertex -3 152.4 172.4
      vertex -3 158.1 157.4
    endloop
  endfacet
  facet normal -1 0 0
    outer loop
      vertex -3 116.574 5.2952
      vertex -3 152.4 10
      vertex -3 116.6 5
    endloop
  endfacet
  facet normal -1 0 0
    outer loop
      vertex -3 116.497 5.58143
      vertex -3 152.4 10
      vertex -3 116.574 5.2952
    endloop
  endfacet
  facet normal -1 0 0
    outer loop
      vertex -3 116.372 5.85
      vertex -3 152.4 10
      vertex -3 116.497 5.58143
    endloop
  endfacet
  facet normal -1 0 0
    outer loop
      vertex -3 116.202 6.09274
      vertex -3 152.4 10
      vertex -3 116.372 5.85
    endloop
  endfacet
  facet normal -1 0 0
    outer loop
      vertex -3 115.993 6.30227
      vertex -3 152.4 10
      vertex -3 116.202 6.09274
    endloop
  endfacet
  facet normal -1 0 0
    outer loop
      vertex -3 115.75 6.47224
      vertex -3 152.4 10
      vertex -3 115.993 6.30227
    endloop
  endfacet
  facet normal -1 0 0
    outer loop
      vertex -3 115.481 6.59748
      vertex -3 152.4 10
      vertex -3 115.75 6.47224
    endloop
  endfacet
  facet normal -1 0 0
    outer loop
      vertex -3 115.195 6.67417
      vertex -3 152.4 10
      vertex -3 115.481 6.59748
    endloop
  endfacet
  facet normal -1 0 0
    outer loop
      vertex -3 114.9 6.7
      vertex -3 152.4 10
      vertex -3 115.195 6.67417
    endloop
  endfacet
  facet normal -1 0 0
    outer loop
      vertex -3 39.9 6.7
      vertex -3 114.9 6.7
      vertex -3 114.605 6.67417
    endloop
  endfacet
  facet normal -1 0 0
    outer loop
      vertex -3 41.6 5
      vertex -3 113.226 5.2952
      vertex -3 113.2 5
    endloop
  endfacet
  facet normal -1 0 0
    outer loop
      vertex -3 41.5742 5.2952
      vertex -3 113.226 5.2952
      vertex -3 41.6 5
    endloop
  endfacet
  facet normal -1 0 0
    outer loop
      vertex -3 113.226 5.2952
      vertex -3 41.5742 5.2952
      vertex -3 113.303 5.58143
    endloop
  endfacet
  facet normal -1 0 0
    outer loop
      vertex -3 41.4975 5.58143
      vertex -3 113.303 5.58143
      vertex -3 41.5742 5.2952
    endloop
  endfacet
  facet normal -1 0 0
    outer loop
      vertex -3 113.303 5.58143
      vertex -3 41.4975 5.58143
      vertex -3 113.428 5.85
    endloop
  endfacet
  facet normal -1 0 0
    outer loop
      vertex -3 41.3722 5.85
      vertex -3 113.428 5.85
      vertex -3 41.4975 5.58143
    endloop
  endfacet
  facet normal -1 0 0
    outer loop
      vertex -3 113.428 5.85
      vertex -3 41.3722 5.85
      vertex -3 113.598 6.09274
    endloop
  endfacet
  facet normal -1 0 0
    outer loop
      vertex -3 41.2023 6.09274
      vertex -3 113.598 6.09274
      vertex -3 41.3722 5.85
    endloop
  endfacet
  facet normal -1 0 0
    outer loop
      vertex -3 113.598 6.09274
      vertex -3 41.2023 6.09274
      vertex -3 113.807 6.30227
    endloop
  endfacet
  facet normal -1 0 0
    outer loop
      vertex -3 40.9927 6.30227
      vertex -3 113.807 6.30227
      vertex -3 41.2023 6.09274
    endloop
  endfacet
  facet normal -1 0 0
    outer loop
      vertex -3 113.807 6.30227
      vertex -3 40.9927 6.30227
      vertex -3 114.05 6.47224
    endloop
  endfacet
  facet normal -1 0 0
    outer loop
      vertex -3 40.75 6.47224
      vertex -3 114.05 6.47224
      vertex -3 40.9927 6.30227
    endloop
  endfacet
  facet normal -1 0 0
    outer loop
      vertex -3 114.05 6.47224
      vertex -3 40.75 6.47224
      vertex -3 114.319 6.59748
    endloop
  endfacet
  facet normal -1 0 0
    outer loop
      vertex -3 40.4814 6.59748
      vertex -3 114.319 6.59748
      vertex -3 40.75 6.47224
    endloop
  endfacet
  facet normal -1 0 0
    outer loop
      vertex -3 114.319 6.59748
      vertex -3 40.4814 6.59748
      vertex -3 114.605 6.67417
    endloop
  endfacet
  facet normal -1 0 0
    outer loop
      vertex -3 40.1952 6.67417
      vertex -3 114.605 6.67417
      vertex -3 40.4814 6.59748
    endloop
  endfacet
  facet normal -1 0 0
    outer loop
      vertex -3 39.9 6.7
      vertex -3 114.605 6.67417
      vertex -3 40.1952 6.67417
    endloop
  endfacet
  facet normal -1 0 0
    outer loop
      vertex -3 114.9 6.7
      vertex -3 39.9 6.7
      vertex -3 152.4 10
    endloop
  endfacet
  facet normal -1 0 0
    outer loop
      vertex -3 39.9 6.7
      vertex -3 2.4 10
      vertex -3 152.4 10
    endloop
  endfacet
  facet normal -1 0 0
    outer loop
      vertex -3 39.6048 6.67417
      vertex -3 2.4 10
      vertex -3 39.9 6.7
    endloop
  endfacet
  facet normal -1 0 0
    outer loop
      vertex -3 39.3186 6.59748
      vertex -3 2.4 10
      vertex -3 39.6048 6.67417
    endloop
  endfacet
  facet normal -1 0 0
    outer loop
      vertex -3 39.05 6.47224
      vertex -3 2.4 10
      vertex -3 39.3186 6.59748
    endloop
  endfacet
  facet normal -1 0 0
    outer loop
      vertex -3 38.8073 6.30227
      vertex -3 2.4 10
      vertex -3 39.05 6.47224
    endloop
  endfacet
  facet normal -1 0 0
    outer loop
      vertex -3 38.5977 6.09274
      vertex -3 2.4 10
      vertex -3 38.8073 6.30227
    endloop
  endfacet
  facet normal -1 0 0
    outer loop
      vertex -3 38.4278 5.85
      vertex -3 2.4 10
      vertex -3 38.5977 6.09274
    endloop
  endfacet
  facet normal -1 0 0
    outer loop
      vertex -3 38.3025 5.58143
      vertex -3 2.4 10
      vertex -3 38.4278 5.85
    endloop
  endfacet
  facet normal -1 0 0
    outer loop
      vertex -3 38.2258 5.2952
      vertex -3 2.4 10
      vertex -3 38.3025 5.58143
    endloop
  endfacet
  facet normal -1 0 0
    outer loop
      vertex -3 2.4 10
      vertex -3 38.2258 5.2952
      vertex -3 38.2 5
    endloop
  endfacet
  facet normal -1 0 0
    outer loop
      vertex -3 2.4 10
      vertex -3 -3.3 86.2
      vertex -3 2.4 172.4
    endloop
  endfacet
  facet normal -1 0 0
    outer loop
      vertex -3 -3.32583 86.4952
      vertex -3 2.4 172.4
      vertex -3 -3.3 86.2
    endloop
  endfacet
  facet normal -1 0 0
    outer loop
      vertex -3 -3.32583 157.695
      vertex -3 2.4 172.4
      vertex -3 -3.3 157.4
    endloop
  endfacet
  facet normal -1 0 0
    outer loop
      vertex -3 -3.40252 157.981
      vertex -3 2.4 172.4
      vertex -3 -3.32583 157.695
    endloop
  endfacet
  facet normal -1 0 0
    outer loop
      vertex -3 -3.52776 158.25
      vertex -3 2.4 172.4
      vertex -3 -3.40252 157.981
    endloop
  endfacet
  facet normal -1 0 0
    outer loop
      vertex -3 -3.69772 158.493
      vertex -3 2.4 172.4
      vertex -3 -3.52776 158.25
    endloop
  endfacet
  facet normal -1 0 0
    outer loop
      vertex -3 -3.90726 158.702
      vertex -3 2.4 172.4
      vertex -3 -3.69772 158.493
    endloop
  endfacet
  facet normal -1 0 0
    outer loop
      vertex -3 -4.15 158.872
      vertex -3 2.4 172.4
      vertex -3 -3.90726 158.702
    endloop
  endfacet
  facet normal -1 0 0
    outer loop
      vertex -3 -4.41857 158.997
      vertex -3 2.4 172.4
      vertex -3 -4.15 158.872
    endloop
  endfacet
  facet normal -1 0 0
    outer loop
      vertex -3 -4.7048 159.074
      vertex -3 2.4 172.4
      vertex -3 -4.41857 158.997
    endloop
  endfacet
  facet normal -1 0 0
    outer loop
      vertex -3 -10 172.4
      vertex -3 -4.7048 159.074
      vertex -3 -5 159.1
    endloop
  endfacet
  facet normal -1 0 0
    outer loop
      vertex -3 -10 172.4
      vertex -3 -5 159.1
      vertex -3 -5.2952 159.074
    endloop
  endfacet
  facet normal -1 0 0
    outer loop
      vertex -3 -10 172.4
      vertex -3 -5.2952 159.074
      vertex -3 -5.58143 158.997
    endloop
  endfacet
  facet normal -1 0 0
    outer loop
      vertex -3 -10 172.4
      vertex -3 -5.58143 158.997
      vertex -3 -5.85 158.872
    endloop
  endfacet
  facet normal -1 0 0
    outer loop
      vertex -3 -10 172.4
      vertex -3 -5.85 158.872
      vertex -3 -6.09274 158.702
    endloop
  endfacet
  facet normal -1 0 0
    outer loop
      vertex -3 -10 172.4
      vertex -3 -6.09274 158.702
      vertex -3 -6.30227 158.493
    endloop
  endfacet
  facet normal -1 0 0
    outer loop
      vertex -3 -10 172.4
      vertex -3 -6.30227 158.493
      vertex -3 -6.47224 158.25
    endloop
  endfacet
  facet normal -1 0 0
    outer loop
      vertex -3 -4.7048 159.074
      vertex -3 -10 172.4
      vertex -3 2.4 172.4
    endloop
  endfacet
  facet normal -1 0 0
    outer loop
      vertex -3 -6.59748 157.981
      vertex -3 -10 172.4
      vertex -3 -6.47224 158.25
    endloop
  endfacet
  facet normal -1 0 0
    outer loop
      vertex -3 -6.67417 157.695
      vertex -3 -10 172.4
      vertex -3 -6.59748 157.981
    endloop
  endfacet
  facet normal -1 0 0
    outer loop
      vertex -3 -6.7 157.4
      vertex -3 -10 172.4
      vertex -3 -6.67417 157.695
    endloop
  endfacet
  facet normal -1 0 0
    outer loop
      vertex -3 -6.67417 157.105
      vertex -3 -10 172.4
      vertex -3 -6.7 157.4
    endloop
  endfacet
  facet normal 0 -1 0
    outer loop
      vertex -3 -10 0
      vertex 0 -10 172.4
      vertex -3 -10 172.4
    endloop
  endfacet
  facet normal 0 -1 -0
    outer loop
      vertex 0 -10 172.4
      vertex -3 -10 0
      vertex 0 -10 0
    endloop
  endfacet
  facet normal 0 1 -0
    outer loop
      vertex 0 164.8 0
      vertex -3 164.8 172.4
      vertex 0 164.8 172.4
    endloop
  endfacet
  facet normal 0 1 0
    outer loop
      vertex -3 164.8 172.4
      vertex 0 164.8 0
      vertex -3 164.8 0
    endloop
  endfacet
  facet normal 0 -1 0
    outer loop
      vertex -3 152.4 10
      vertex 0 152.4 172.4
      vertex -3 152.4 172.4
    endloop
  endfacet
  facet normal 0 -1 -0
    outer loop
      vertex 0 152.4 172.4
      vertex -3 152.4 10
      vertex 0 152.4 10
    endloop
  endfacet
  facet normal -0 0 1
    outer loop
      vertex -3 152.4 10
      vertex 0 2.4 10
      vertex 0 152.4 10
    endloop
  endfacet
  facet normal 0 0 1
    outer loop
      vertex 0 2.4 10
      vertex -3 152.4 10
      vertex -3 2.4 10
    endloop
  endfacet
  facet normal 0 1 -0
    outer loop
      vertex 0 2.4 10
      vertex -3 2.4 172.4
      vertex 0 2.4 172.4
    endloop
  endfacet
  facet normal 0 1 0
    outer loop
      vertex -3 2.4 172.4
      vertex 0 2.4 10
      vertex -3 2.4 10
    endloop
  endfacet
  facet normal -0 0.0871954 0.996191
    outer loop
      vertex 74.8 62.0078 74.8468
      vertex 77.8 61.4 74.9
      vertex 77.8 62.0078 74.8468
    endloop
  endfacet
  facet normal 0 0.0871954 0.996191
    outer loop
      vertex 77.8 61.4 74.9
      vertex 74.8 62.0078 74.8468
      vertex 74.8 61.4 74.9
    endloop
  endfacet
  facet normal 0 0.573506 -0.819201
    outer loop
      vertex 74.8 63.15 68.3689
      vertex 77.8 63.6498 68.7188
      vertex 77.8 63.15 68.3689
    endloop
  endfacet
  facet normal 0 0.573506 -0.819201
    outer loop
      vertex 77.8 63.6498 68.7188
      vertex 74.8 63.15 68.3689
      vertex 74.8 63.6498 68.7188
    endloop
  endfacet
  facet normal 0 0.996191 -0.0871954
    outer loop
      vertex 77.8 64.8468 70.7922
      vertex 74.8 64.9 71.4
      vertex 77.8 64.9 71.4
    endloop
  endfacet
  facet normal 0 0.996191 -0.0871954
    outer loop
      vertex 74.8 64.9 71.4
      vertex 77.8 64.8468 70.7922
      vertex 74.8 64.8468 70.7922
    endloop
  endfacet
  facet normal 0 0.965927 -0.258815
    outer loop
      vertex 77.8 64.6889 70.2029
      vertex 74.8 64.8468 70.7922
      vertex 77.8 64.8468 70.7922
    endloop
  endfacet
  facet normal 0 0.965927 -0.258815
    outer loop
      vertex 74.8 64.8468 70.7922
      vertex 77.8 64.6889 70.2029
      vertex 74.8 64.6889 70.2029
    endloop
  endfacet
  facet normal 0 0.906321 0.422589
    outer loop
      vertex 77.8 64.6889 72.5971
      vertex 74.8 64.4311 73.15
      vertex 77.8 64.4311 73.15
    endloop
  endfacet
  facet normal 0 0.906321 0.422589
    outer loop
      vertex 74.8 64.4311 73.15
      vertex 77.8 64.6889 72.5971
      vertex 74.8 64.6889 72.5971
    endloop
  endfacet
  facet normal -0 0.258815 0.965927
    outer loop
      vertex 74.8 62.5971 74.6889
      vertex 77.8 62.0078 74.8468
      vertex 77.8 62.5971 74.6889
    endloop
  endfacet
  facet normal 0 0.258815 0.965927
    outer loop
      vertex 77.8 62.0078 74.8468
      vertex 74.8 62.5971 74.6889
      vertex 74.8 62.0078 74.8468
    endloop
  endfacet
  facet normal 0 -0.0871954 -0.996191
    outer loop
      vertex 74.8 60.7922 67.9532
      vertex 77.8 61.4 67.9
      vertex 77.8 60.7922 67.9532
    endloop
  endfacet
  facet normal -0 -0.0871954 -0.996191
    outer loop
      vertex 77.8 61.4 67.9
      vertex 74.8 60.7922 67.9532
      vertex 74.8 61.4 67.9
    endloop
  endfacet
  facet normal 0 0.258815 -0.965927
    outer loop
      vertex 74.8 62.0078 67.9532
      vertex 77.8 62.5971 68.1111
      vertex 77.8 62.0078 67.9532
    endloop
  endfacet
  facet normal 0 0.258815 -0.965927
    outer loop
      vertex 77.8 62.5971 68.1111
      vertex 74.8 62.0078 67.9532
      vertex 74.8 62.5971 68.1111
    endloop
  endfacet
  facet normal 0 0.422589 -0.906321
    outer loop
      vertex 74.8 62.5971 68.1111
      vertex 77.8 63.15 68.3689
      vertex 77.8 62.5971 68.1111
    endloop
  endfacet
  facet normal 0 0.422589 -0.906321
    outer loop
      vertex 77.8 63.15 68.3689
      vertex 74.8 62.5971 68.1111
      vertex 74.8 63.15 68.3689
    endloop
  endfacet
  facet normal 0 0.996191 0.0871954
    outer loop
      vertex 77.8 64.9 71.4
      vertex 74.8 64.8468 72.0078
      vertex 77.8 64.8468 72.0078
    endloop
  endfacet
  facet normal 0 0.996191 0.0871954
    outer loop
      vertex 74.8 64.8468 72.0078
      vertex 77.8 64.9 71.4
      vertex 74.8 64.9 71.4
    endloop
  endfacet
  facet normal 0 0.906321 -0.422589
    outer loop
      vertex 77.8 64.4311 69.65
      vertex 74.8 64.6889 70.2029
      vertex 77.8 64.6889 70.2029
    endloop
  endfacet
  facet normal 0 0.906321 -0.422589
    outer loop
      vertex 74.8 64.6889 70.2029
      vertex 77.8 64.4311 69.65
      vertex 74.8 64.4311 69.65
    endloop
  endfacet
  facet normal 0 -0.0871954 0.996191
    outer loop
      vertex 74.8 61.4 74.9
      vertex 77.8 60.7922 74.8468
      vertex 77.8 61.4 74.9
    endloop
  endfacet
  facet normal 0 -0.0871954 0.996191
    outer loop
      vertex 77.8 60.7922 74.8468
      vertex 74.8 61.4 74.9
      vertex 74.8 60.7922 74.8468
    endloop
  endfacet
  facet normal -0 0.422589 0.906321
    outer loop
      vertex 74.8 63.15 74.4311
      vertex 77.8 62.5971 74.6889
      vertex 77.8 63.15 74.4311
    endloop
  endfacet
  facet normal 0 0.422589 0.906321
    outer loop
      vertex 77.8 62.5971 74.6889
      vertex 74.8 63.15 74.4311
      vertex 74.8 62.5971 74.6889
    endloop
  endfacet
  facet normal 0 0.819201 0.573506
    outer loop
      vertex 77.8 64.4311 73.15
      vertex 74.8 64.0812 73.6498
      vertex 77.8 64.0812 73.6498
    endloop
  endfacet
  facet normal 0 0.819201 0.573506
    outer loop
      vertex 74.8 64.0812 73.6498
      vertex 77.8 64.4311 73.15
      vertex 74.8 64.4311 73.15
    endloop
  endfacet
  facet normal 0 0.965927 0.258815
    outer loop
      vertex 77.8 64.8468 72.0078
      vertex 74.8 64.6889 72.5971
      vertex 77.8 64.6889 72.5971
    endloop
  endfacet
  facet normal 0 0.965927 0.258815
    outer loop
      vertex 74.8 64.6889 72.5971
      vertex 77.8 64.8468 72.0078
      vertex 74.8 64.8468 72.0078
    endloop
  endfacet
  facet normal 0 0.0871954 -0.996191
    outer loop
      vertex 74.8 61.4 67.9
      vertex 77.8 62.0078 67.9532
      vertex 77.8 61.4 67.9
    endloop
  endfacet
  facet normal 0 0.0871954 -0.996191
    outer loop
      vertex 77.8 62.0078 67.9532
      vertex 74.8 61.4 67.9
      vertex 74.8 62.0078 67.9532
    endloop
  endfacet
  facet normal 0 -0.819201 -0.573506
    outer loop
      vertex 74.8 58.7188 69.1502
      vertex 77.8 58.3689 69.65
      vertex 74.8 58.3689 69.65
    endloop
  endfacet
  facet normal 0 -0.819201 -0.573506
    outer loop
      vertex 77.8 58.3689 69.65
      vertex 74.8 58.7188 69.1502
      vertex 77.8 58.7188 69.1502
    endloop
  endfacet
  facet normal 0 0.707107 -0.707107
    outer loop
      vertex 77.8 63.6498 68.7188
      vertex 74.8 64.0812 69.1502
      vertex 77.8 64.0812 69.1502
    endloop
  endfacet
  facet normal 0 0.707107 -0.707107
    outer loop
      vertex 74.8 64.0812 69.1502
      vertex 77.8 63.6498 68.7188
      vertex 74.8 63.6498 68.7188
    endloop
  endfacet
  facet normal 0 0.819201 -0.573506
    outer loop
      vertex 77.8 64.0812 69.1502
      vertex 74.8 64.4311 69.65
      vertex 77.8 64.4311 69.65
    endloop
  endfacet
  facet normal 0 0.819201 -0.573506
    outer loop
      vertex 74.8 64.4311 69.65
      vertex 77.8 64.0812 69.1502
      vertex 74.8 64.0812 69.1502
    endloop
  endfacet
  facet normal 0 0.707107 0.707107
    outer loop
      vertex 77.8 64.0812 73.6498
      vertex 74.8 63.6498 74.0812
      vertex 77.8 63.6498 74.0812
    endloop
  endfacet
  facet normal 0 0.707107 0.707107
    outer loop
      vertex 74.8 63.6498 74.0812
      vertex 77.8 64.0812 73.6498
      vertex 74.8 64.0812 73.6498
    endloop
  endfacet
  facet normal -0 0.573506 0.819201
    outer loop
      vertex 74.8 63.6498 74.0812
      vertex 77.8 63.15 74.4311
      vertex 77.8 63.6498 74.0812
    endloop
  endfacet
  facet normal 0 0.573506 0.819201
    outer loop
      vertex 77.8 63.15 74.4311
      vertex 74.8 63.6498 74.0812
      vertex 74.8 63.15 74.4311
    endloop
  endfacet
  facet normal 0 -0.422589 -0.906321
    outer loop
      vertex 74.8 59.65 68.3689
      vertex 77.8 60.2029 68.1111
      vertex 77.8 59.65 68.3689
    endloop
  endfacet
  facet normal -0 -0.422589 -0.906321
    outer loop
      vertex 77.8 60.2029 68.1111
      vertex 74.8 59.65 68.3689
      vertex 74.8 60.2029 68.1111
    endloop
  endfacet
  facet normal 0 -0.258815 0.965927
    outer loop
      vertex 74.8 60.7922 74.8468
      vertex 77.8 60.2029 74.6889
      vertex 77.8 60.7922 74.8468
    endloop
  endfacet
  facet normal 0 -0.258815 0.965927
    outer loop
      vertex 77.8 60.2029 74.6889
      vertex 74.8 60.7922 74.8468
      vertex 74.8 60.2029 74.6889
    endloop
  endfacet
  facet normal 0 -0.573506 0.819201
    outer loop
      vertex 74.8 59.65 74.4311
      vertex 77.8 59.1502 74.0812
      vertex 77.8 59.65 74.4311
    endloop
  endfacet
  facet normal 0 -0.573506 0.819201
    outer loop
      vertex 77.8 59.1502 74.0812
      vertex 74.8 59.65 74.4311
      vertex 74.8 59.1502 74.0812
    endloop
  endfacet
  facet normal 0 -0.965927 -0.258815
    outer loop
      vertex 74.8 58.1111 70.2029
      vertex 77.8 57.9532 70.7922
      vertex 74.8 57.9532 70.7922
    endloop
  endfacet
  facet normal 0 -0.965927 -0.258815
    outer loop
      vertex 77.8 57.9532 70.7922
      vertex 74.8 58.1111 70.2029
      vertex 77.8 58.1111 70.2029
    endloop
  endfacet
  facet normal 0 -0.906321 -0.422589
    outer loop
      vertex 74.8 58.3689 69.65
      vertex 77.8 58.1111 70.2029
      vertex 74.8 58.1111 70.2029
    endloop
  endfacet
  facet normal 0 -0.906321 -0.422589
    outer loop
      vertex 77.8 58.1111 70.2029
      vertex 74.8 58.3689 69.65
      vertex 77.8 58.3689 69.65
    endloop
  endfacet
  facet normal 0 -0.707107 -0.707107
    outer loop
      vertex 74.8 59.1502 68.7188
      vertex 77.8 58.7188 69.1502
      vertex 74.8 58.7188 69.1502
    endloop
  endfacet
  facet normal 0 -0.707107 -0.707107
    outer loop
      vertex 77.8 58.7188 69.1502
      vertex 74.8 59.1502 68.7188
      vertex 77.8 59.1502 68.7188
    endloop
  endfacet
  facet normal 0 -0.258815 -0.965927
    outer loop
      vertex 74.8 60.2029 68.1111
      vertex 77.8 60.7922 67.9532
      vertex 77.8 60.2029 68.1111
    endloop
  endfacet
  facet normal -0 -0.258815 -0.965927
    outer loop
      vertex 77.8 60.7922 67.9532
      vertex 74.8 60.2029 68.1111
      vertex 74.8 60.7922 67.9532
    endloop
  endfacet
  facet normal 0 -0.996191 -0.0871954
    outer loop
      vertex 74.8 57.9532 70.7922
      vertex 77.8 57.9 71.4
      vertex 74.8 57.9 71.4
    endloop
  endfacet
  facet normal 0 -0.996191 -0.0871954
    outer loop
      vertex 77.8 57.9 71.4
      vertex 74.8 57.9532 70.7922
      vertex 77.8 57.9532 70.7922
    endloop
  endfacet
  facet normal 0 -0.996191 0.0871954
    outer loop
      vertex 74.8 57.9 71.4
      vertex 77.8 57.9532 72.0078
      vertex 74.8 57.9532 72.0078
    endloop
  endfacet
  facet normal 0 -0.996191 0.0871954
    outer loop
      vertex 77.8 57.9532 72.0078
      vertex 74.8 57.9 71.4
      vertex 77.8 57.9 71.4
    endloop
  endfacet
  facet normal 0 -0.906321 0.422589
    outer loop
      vertex 74.8 58.1111 72.5971
      vertex 77.8 58.3689 73.15
      vertex 74.8 58.3689 73.15
    endloop
  endfacet
  facet normal 0 -0.906321 0.422589
    outer loop
      vertex 77.8 58.3689 73.15
      vertex 74.8 58.1111 72.5971
      vertex 77.8 58.1111 72.5971
    endloop
  endfacet
  facet normal 1 0 0
    outer loop
      vertex 77.8 63 71.4
      vertex 77.8 64.9 71.4
      vertex 77.8 64.8468 72.0078
    endloop
  endfacet
  facet normal 1 0 0
    outer loop
      vertex 77.8 62.9757 71.6778
      vertex 77.8 64.8468 72.0078
      vertex 77.8 64.6889 72.5971
    endloop
  endfacet
  facet normal 1 0 0
    outer loop
      vertex 77.8 64.9 71.4
      vertex 77.8 63 71.4
      vertex 77.8 64.8468 70.7922
    endloop
  endfacet
  facet normal 1 0 0
    outer loop
      vertex 77.8 62.9035 71.9472
      vertex 77.8 64.6889 72.5971
      vertex 77.8 64.4311 73.15
    endloop
  endfacet
  facet normal 1 -0 0
    outer loop
      vertex 77.8 62.9757 71.1222
      vertex 77.8 64.8468 70.7922
      vertex 77.8 63 71.4
    endloop
  endfacet
  facet normal 1 0 0
    outer loop
      vertex 77.8 62.7856 72.2
      vertex 77.8 64.4311 73.15
      vertex 77.8 64.0812 73.6498
    endloop
  endfacet
  facet normal 1 0 0
    outer loop
      vertex 77.8 64.8468 70.7922
      vertex 77.8 62.9757 71.1222
      vertex 77.8 64.6889 70.2029
    endloop
  endfacet
  facet normal 1 0 0
    outer loop
      vertex 77.8 62.6257 72.4285
      vertex 77.8 64.0812 73.6498
      vertex 77.8 63.6498 74.0812
    endloop
  endfacet
  facet normal 1 -0 0
    outer loop
      vertex 77.8 62.9035 70.8528
      vertex 77.8 64.6889 70.2029
      vertex 77.8 62.9757 71.1222
    endloop
  endfacet
  facet normal 1 0 0
    outer loop
      vertex 77.8 62.4285 72.6257
      vertex 77.8 63.6498 74.0812
      vertex 77.8 63.15 74.4311
    endloop
  endfacet
  facet normal 1 0 0
    outer loop
      vertex 77.8 64.6889 70.2029
      vertex 77.8 62.9035 70.8528
      vertex 77.8 64.4311 69.65
    endloop
  endfacet
  facet normal 1 -0 0
    outer loop
      vertex 77.8 62.7856 70.6
      vertex 77.8 64.4311 69.65
      vertex 77.8 62.9035 70.8528
    endloop
  endfacet
  facet normal 1 0 0
    outer loop
      vertex 77.8 64.8468 72.0078
      vertex 77.8 62.9757 71.6778
      vertex 77.8 63 71.4
    endloop
  endfacet
  facet normal 1 0 0
    outer loop
      vertex 77.8 64.6889 72.5971
      vertex 77.8 62.9035 71.9472
      vertex 77.8 62.9757 71.6778
    endloop
  endfacet
  facet normal 1 0 0
    outer loop
      vertex 77.8 64.4311 73.15
      vertex 77.8 62.7856 72.2
      vertex 77.8 62.9035 71.9472
    endloop
  endfacet
  facet normal 1 0 0
    outer loop
      vertex 77.8 64.0812 73.6498
      vertex 77.8 62.6257 72.4285
      vertex 77.8 62.7856 72.2
    endloop
  endfacet
  facet normal 1 0 0
    outer loop
      vertex 77.8 62.2 72.7856
      vertex 77.8 63.15 74.4311
      vertex 77.8 62.5971 74.6889
    endloop
  endfacet
  facet normal 1 0 0
    outer loop
      vertex 77.8 63.6498 74.0812
      vertex 77.8 62.4285 72.6257
      vertex 77.8 62.6257 72.4285
    endloop
  endfacet
  facet normal 1 0 0
    outer loop
      vertex 77.8 63.15 74.4311
      vertex 77.8 62.2 72.7856
      vertex 77.8 62.4285 72.6257
    endloop
  endfacet
  facet normal 1 0 0
    outer loop
      vertex 77.8 61.9472 72.9035
      vertex 77.8 62.5971 74.6889
      vertex 77.8 62.0078 74.8468
    endloop
  endfacet
  facet normal 1 0 0
    outer loop
      vertex 77.8 62.5971 74.6889
      vertex 77.8 61.9472 72.9035
      vertex 77.8 62.2 72.7856
    endloop
  endfacet
  facet normal 1 0 0
    outer loop
      vertex 77.8 62.0078 74.8468
      vertex 77.8 61.6778 72.9757
      vertex 77.8 61.9472 72.9035
    endloop
  endfacet
  facet normal 1 0 0
    outer loop
      vertex 77.8 61.4 74.9
      vertex 77.8 61.6778 72.9757
      vertex 77.8 62.0078 74.8468
    endloop
  endfacet
  facet normal 1 0 0
    outer loop
      vertex 77.8 61.4 74.9
      vertex 77.8 61.4 73
      vertex 77.8 61.6778 72.9757
    endloop
  endfacet
  facet normal 1 0 0
    outer loop
      vertex 77.8 61.4 74.9
      vertex 77.8 61.1222 72.9757
      vertex 77.8 61.4 73
    endloop
  endfacet
  facet normal 1 -0 0
    outer loop
      vertex 77.8 60.7922 74.8468
      vertex 77.8 61.1222 72.9757
      vertex 77.8 61.4 74.9
    endloop
  endfacet
  facet normal 1 0 0
    outer loop
      vertex 77.8 61.1222 72.9757
      vertex 77.8 60.7922 74.8468
      vertex 77.8 60.8528 72.9035
    endloop
  endfacet
  facet normal 1 -0 0
    outer loop
      vertex 77.8 60.2029 74.6889
      vertex 77.8 60.8528 72.9035
      vertex 77.8 60.7922 74.8468
    endloop
  endfacet
  facet normal 1 0 0
    outer loop
      vertex 77.8 60.8528 72.9035
      vertex 77.8 60.2029 74.6889
      vertex 77.8 60.6 72.7856
    endloop
  endfacet
  facet normal 1 -0 0
    outer loop
      vertex 77.8 59.65 74.4311
      vertex 77.8 60.6 72.7856
      vertex 77.8 60.2029 74.6889
    endloop
  endfacet
  facet normal 1 0 0
    outer loop
      vertex 77.8 60.6 72.7856
      vertex 77.8 59.65 74.4311
      vertex 77.8 60.3715 72.6257
    endloop
  endfacet
  facet normal 1 -0 0
    outer loop
      vertex 77.8 59.1502 74.0812
      vertex 77.8 60.3715 72.6257
      vertex 77.8 59.65 74.4311
    endloop
  endfacet
  facet normal 1 0 0
    outer loop
      vertex 77.8 60.3715 72.6257
      vertex 77.8 59.1502 74.0812
      vertex 77.8 60.1743 72.4285
    endloop
  endfacet
  facet normal 1 -0 0
    outer loop
      vertex 77.8 58.7188 73.6498
      vertex 77.8 60.1743 72.4285
      vertex 77.8 59.1502 74.0812
    endloop
  endfacet
  facet normal 1 -0 0
    outer loop
      vertex 77.8 58.3689 73.15
      vertex 77.8 60.0144 72.2
      vertex 77.8 58.7188 73.6498
    endloop
  endfacet
  facet normal 1 0 0
    outer loop
      vertex 77.8 60.1743 72.4285
      vertex 77.8 58.7188 73.6498
      vertex 77.8 60.0144 72.2
    endloop
  endfacet
  facet normal 1 0 0
    outer loop
      vertex 77.8 64.4311 69.65
      vertex 77.8 62.7856 70.6
      vertex 77.8 64.0812 69.1502
    endloop
  endfacet
  facet normal 1 -0 0
    outer loop
      vertex 77.8 62.6257 70.3715
      vertex 77.8 64.0812 69.1502
      vertex 77.8 62.7856 70.6
    endloop
  endfacet
  facet normal 1 0 0
    outer loop
      vertex 77.8 64.0812 69.1502
      vertex 77.8 62.6257 70.3715
      vertex 77.8 63.6498 68.7188
    endloop
  endfacet
  facet normal 1 -0 0
    outer loop
      vertex 77.8 62.4285 70.1743
      vertex 77.8 63.6498 68.7188
      vertex 77.8 62.6257 70.3715
    endloop
  endfacet
  facet normal 1 0 0
    outer loop
      vertex 77.8 63.6498 68.7188
      vertex 77.8 62.4285 70.1743
      vertex 77.8 63.15 68.3689
    endloop
  endfacet
  facet normal 1 -0 0
    outer loop
      vertex 77.8 62.2 70.0144
      vertex 77.8 63.15 68.3689
      vertex 77.8 62.4285 70.1743
    endloop
  endfacet
  facet normal 1 0 0
    outer loop
      vertex 77.8 63.15 68.3689
      vertex 77.8 62.2 70.0144
      vertex 77.8 62.5971 68.1111
    endloop
  endfacet
  facet normal 1 -0 0
    outer loop
      vertex 77.8 61.9472 69.8965
      vertex 77.8 62.5971 68.1111
      vertex 77.8 62.2 70.0144
    endloop
  endfacet
  facet normal 1 0 0
    outer loop
      vertex 77.8 62.5971 68.1111
      vertex 77.8 61.9472 69.8965
      vertex 77.8 62.0078 67.9532
    endloop
  endfacet
  facet normal 1 -0 0
    outer loop
      vertex 77.8 61.6778 69.8243
      vertex 77.8 62.0078 67.9532
      vertex 77.8 61.9472 69.8965
    endloop
  endfacet
  facet normal 1 -0 0
    outer loop
      vertex 77.8 61.4 69.8
      vertex 77.8 62.0078 67.9532
      vertex 77.8 61.6778 69.8243
    endloop
  endfacet
  facet normal 1 0 0
    outer loop
      vertex 77.8 61.4 69.8
      vertex 77.8 61.4 67.9
      vertex 77.8 62.0078 67.9532
    endloop
  endfacet
  facet normal 1 0 0
    outer loop
      vertex 77.8 61.1222 69.8243
      vertex 77.8 61.4 67.9
      vertex 77.8 61.4 69.8
    endloop
  endfacet
  facet normal 1 0 0
    outer loop
      vertex 77.8 60.7922 67.9532
      vertex 77.8 61.1222 69.8243
      vertex 77.8 60.8528 69.8965
    endloop
  endfacet
  facet normal 1 0 0
    outer loop
      vertex 77.8 61.1222 69.8243
      vertex 77.8 60.7922 67.9532
      vertex 77.8 61.4 67.9
    endloop
  endfacet
  facet normal 1 0 0
    outer loop
      vertex 77.8 60.2029 68.1111
      vertex 77.8 60.8528 69.8965
      vertex 77.8 60.6 70.0144
    endloop
  endfacet
  facet normal 1 0 0
    outer loop
      vertex 77.8 59.65 68.3689
      vertex 77.8 60.6 70.0144
      vertex 77.8 60.3715 70.1743
    endloop
  endfacet
  facet normal 1 0 0
    outer loop
      vertex 77.8 60.8528 69.8965
      vertex 77.8 60.2029 68.1111
      vertex 77.8 60.7922 67.9532
    endloop
  endfacet
  facet normal 1 0 0
    outer loop
      vertex 77.8 59.1502 68.7188
      vertex 77.8 60.3715 70.1743
      vertex 77.8 60.1743 70.3715
    endloop
  endfacet
  facet normal 1 0 0
    outer loop
      vertex 77.8 58.7188 69.1502
      vertex 77.8 60.1743 70.3715
      vertex 77.8 60.0144 70.6
    endloop
  endfacet
  facet normal 1 0 0
    outer loop
      vertex 77.8 58.3689 69.65
      vertex 77.8 60.0144 70.6
      vertex 77.8 59.8965 70.8528
    endloop
  endfacet
  facet normal 1 0 0
    outer loop
      vertex 77.8 58.1111 70.2029
      vertex 77.8 59.8965 70.8528
      vertex 77.8 59.8243 71.1222
    endloop
  endfacet
  facet normal 1 0 0
    outer loop
      vertex 77.8 60.6 70.0144
      vertex 77.8 59.65 68.3689
      vertex 77.8 60.2029 68.1111
    endloop
  endfacet
  facet normal 1 0 0
    outer loop
      vertex 77.8 57.9532 70.7922
      vertex 77.8 59.8243 71.1222
      vertex 77.8 59.8 71.4
    endloop
  endfacet
  facet normal 1 0 0
    outer loop
      vertex 77.8 60.0144 72.2
      vertex 77.8 58.3689 73.15
      vertex 77.8 59.8965 71.9472
    endloop
  endfacet
  facet normal 1 -0 0
    outer loop
      vertex 77.8 58.1111 72.5971
      vertex 77.8 59.8965 71.9472
      vertex 77.8 58.3689 73.15
    endloop
  endfacet
  facet normal 1 0 0
    outer loop
      vertex 77.8 60.3715 70.1743
      vertex 77.8 59.1502 68.7188
      vertex 77.8 59.65 68.3689
    endloop
  endfacet
  facet normal 1 0 0
    outer loop
      vertex 77.8 59.8965 71.9472
      vertex 77.8 58.1111 72.5971
      vertex 77.8 59.8243 71.6778
    endloop
  endfacet
  facet normal 1 0 0
    outer loop
      vertex 77.8 60.1743 70.3715
      vertex 77.8 58.7188 69.1502
      vertex 77.8 59.1502 68.7188
    endloop
  endfacet
  facet normal 1 -0 0
    outer loop
      vertex 77.8 57.9532 72.0078
      vertex 77.8 59.8243 71.6778
      vertex 77.8 58.1111 72.5971
    endloop
  endfacet
  facet normal 1 0 0
    outer loop
      vertex 77.8 60.0144 70.6
      vertex 77.8 58.3689 69.65
      vertex 77.8 58.7188 69.1502
    endloop
  endfacet
  facet normal 1 0 0
    outer loop
      vertex 77.8 59.8243 71.6778
      vertex 77.8 57.9532 72.0078
      vertex 77.8 59.8 71.4
    endloop
  endfacet
  facet normal 1 0 0
    outer loop
      vertex 77.8 59.8965 70.8528
      vertex 77.8 58.1111 70.2029
      vertex 77.8 58.3689 69.65
    endloop
  endfacet
  facet normal 1 0 0
    outer loop
      vertex 77.8 57.9 71.4
      vertex 77.8 59.8 71.4
      vertex 77.8 57.9532 72.0078
    endloop
  endfacet
  facet normal 1 0 0
    outer loop
      vertex 77.8 59.8243 71.1222
      vertex 77.8 57.9532 70.7922
      vertex 77.8 58.1111 70.2029
    endloop
  endfacet
  facet normal 1 0 0
    outer loop
      vertex 77.8 59.8 71.4
      vertex 77.8 57.9 71.4
      vertex 77.8 57.9532 70.7922
    endloop
  endfacet
  facet normal 0 -0.965927 0.258815
    outer loop
      vertex 74.8 57.9532 72.0078
      vertex 77.8 58.1111 72.5971
      vertex 74.8 58.1111 72.5971
    endloop
  endfacet
  facet normal 0 -0.965927 0.258815
    outer loop
      vertex 77.8 58.1111 72.5971
      vertex 74.8 57.9532 72.0078
      vertex 77.8 57.9532 72.0078
    endloop
  endfacet
  facet normal 0 -0.707107 0.707107
    outer loop
      vertex 74.8 58.7188 73.6498
      vertex 77.8 59.1502 74.0812
      vertex 74.8 59.1502 74.0812
    endloop
  endfacet
  facet normal 0 -0.707107 0.707107
    outer loop
      vertex 77.8 59.1502 74.0812
      vertex 74.8 58.7188 73.6498
      vertex 77.8 58.7188 73.6498
    endloop
  endfacet
  facet normal 0 -0.422589 0.906321
    outer loop
      vertex 74.8 60.2029 74.6889
      vertex 77.8 59.65 74.4311
      vertex 77.8 60.2029 74.6889
    endloop
  endfacet
  facet normal 0 -0.422589 0.906321
    outer loop
      vertex 77.8 59.65 74.4311
      vertex 74.8 60.2029 74.6889
      vertex 74.8 59.65 74.4311
    endloop
  endfacet
  facet normal 0 -0.573506 -0.819201
    outer loop
      vertex 74.8 59.1502 68.7188
      vertex 77.8 59.65 68.3689
      vertex 77.8 59.1502 68.7188
    endloop
  endfacet
  facet normal -0 -0.573506 -0.819201
    outer loop
      vertex 77.8 59.65 68.3689
      vertex 74.8 59.1502 68.7188
      vertex 74.8 59.65 68.3689
    endloop
  endfacet
  facet normal 0 -0.819201 0.573506
    outer loop
      vertex 74.8 58.3689 73.15
      vertex 77.8 58.7188 73.6498
      vertex 74.8 58.7188 73.6498
    endloop
  endfacet
  facet normal 0 -0.819201 0.573506
    outer loop
      vertex 77.8 58.7188 73.6498
      vertex 74.8 58.3689 73.15
      vertex 77.8 58.3689 73.15
    endloop
  endfacet
  facet normal 0 0.573506 -0.819201
    outer loop
      vertex 74.8 95.15 68.3689
      vertex 77.8 95.6498 68.7188
      vertex 77.8 95.15 68.3689
    endloop
  endfacet
  facet normal 0 0.573506 -0.819201
    outer loop
      vertex 77.8 95.6498 68.7188
      vertex 74.8 95.15 68.3689
      vertex 74.8 95.6498 68.7188
    endloop
  endfacet
  facet normal 0 0.996191 -0.0871954
    outer loop
      vertex 77.8 96.8468 70.7922
      vertex 74.8 96.9 71.4
      vertex 77.8 96.9 71.4
    endloop
  endfacet
  facet normal 0 0.996191 -0.0871954
    outer loop
      vertex 74.8 96.9 71.4
      vertex 77.8 96.8468 70.7922
      vertex 74.8 96.8468 70.7922
    endloop
  endfacet
  facet normal 0 0.965927 -0.258815
    outer loop
      vertex 77.8 96.6889 70.2029
      vertex 74.8 96.8468 70.7922
      vertex 77.8 96.8468 70.7922
    endloop
  endfacet
  facet normal 0 0.965927 -0.258815
    outer loop
      vertex 74.8 96.8468 70.7922
      vertex 77.8 96.6889 70.2029
      vertex 74.8 96.6889 70.2029
    endloop
  endfacet
  facet normal 0 0.906321 0.422589
    outer loop
      vertex 77.8 96.6889 72.5971
      vertex 74.8 96.4311 73.15
      vertex 77.8 96.4311 73.15
    endloop
  endfacet
  facet normal 0 0.906321 0.422589
    outer loop
      vertex 74.8 96.4311 73.15
      vertex 77.8 96.6889 72.5971
      vertex 74.8 96.6889 72.5971
    endloop
  endfacet
  facet normal -0 0.258815 0.965927
    outer loop
      vertex 74.8 94.5971 74.6889
      vertex 77.8 94.0078 74.8468
      vertex 77.8 94.5971 74.6889
    endloop
  endfacet
  facet normal 0 0.258815 0.965927
    outer loop
      vertex 77.8 94.0078 74.8468
      vertex 74.8 94.5971 74.6889
      vertex 74.8 94.0078 74.8468
    endloop
  endfacet
  facet normal 0 -0.0871954 -0.996191
    outer loop
      vertex 74.8 92.7922 67.9532
      vertex 77.8 93.4 67.9
      vertex 77.8 92.7922 67.9532
    endloop
  endfacet
  facet normal -0 -0.0871954 -0.996191
    outer loop
      vertex 77.8 93.4 67.9
      vertex 74.8 92.7922 67.9532
      vertex 74.8 93.4 67.9
    endloop
  endfacet
  facet normal 0 0.258815 -0.965927
    outer loop
      vertex 74.8 94.0078 67.9532
      vertex 77.8 94.5971 68.1111
      vertex 77.8 94.0078 67.9532
    endloop
  endfacet
  facet normal 0 0.258815 -0.965927
    outer loop
      vertex 77.8 94.5971 68.1111
      vertex 74.8 94.0078 67.9532
      vertex 74.8 94.5971 68.1111
    endloop
  endfacet
  facet normal 0 0.422589 -0.906321
    outer loop
      vertex 74.8 94.5971 68.1111
      vertex 77.8 95.15 68.3689
      vertex 77.8 94.5971 68.1111
    endloop
  endfacet
  facet normal 0 0.422589 -0.906321
    outer loop
      vertex 77.8 95.15 68.3689
      vertex 74.8 94.5971 68.1111
      vertex 74.8 95.15 68.3689
    endloop
  endfacet
  facet normal 0 0.996191 0.0871954
    outer loop
      vertex 77.8 96.9 71.4
      vertex 74.8 96.8468 72.0078
      vertex 77.8 96.8468 72.0078
    endloop
  endfacet
  facet normal 0 0.996191 0.0871954
    outer loop
      vertex 74.8 96.8468 72.0078
      vertex 77.8 96.9 71.4
      vertex 74.8 96.9 71.4
    endloop
  endfacet
  facet normal 0 0.906321 -0.422589
    outer loop
      vertex 77.8 96.4311 69.65
      vertex 74.8 96.6889 70.2029
      vertex 77.8 96.6889 70.2029
    endloop
  endfacet
  facet normal 0 0.906321 -0.422589
    outer loop
      vertex 74.8 96.6889 70.2029
      vertex 77.8 96.4311 69.65
      vertex 74.8 96.4311 69.65
    endloop
  endfacet
  facet normal 0 -0.0871954 0.996191
    outer loop
      vertex 74.8 93.4 74.9
      vertex 77.8 92.7922 74.8468
      vertex 77.8 93.4 74.9
    endloop
  endfacet
  facet normal 0 -0.0871954 0.996191
    outer loop
      vertex 77.8 92.7922 74.8468
      vertex 74.8 93.4 74.9
      vertex 74.8 92.7922 74.8468
    endloop
  endfacet
  facet normal -0 0.422589 0.906321
    outer loop
      vertex 74.8 95.15 74.4311
      vertex 77.8 94.5971 74.6889
      vertex 77.8 95.15 74.4311
    endloop
  endfacet
  facet normal 0 0.422589 0.906321
    outer loop
      vertex 77.8 94.5971 74.6889
      vertex 74.8 95.15 74.4311
      vertex 74.8 94.5971 74.6889
    endloop
  endfacet
  facet normal 0 0.819201 0.573506
    outer loop
      vertex 77.8 96.4311 73.15
      vertex 74.8 96.0812 73.6498
      vertex 77.8 96.0812 73.6498
    endloop
  endfacet
  facet normal 0 0.819201 0.573506
    outer loop
      vertex 74.8 96.0812 73.6498
      vertex 77.8 96.4311 73.15
      vertex 74.8 96.4311 73.15
    endloop
  endfacet
  facet normal 0 0.965927 0.258815
    outer loop
      vertex 77.8 96.8468 72.0078
      vertex 74.8 96.6889 72.5971
      vertex 77.8 96.6889 72.5971
    endloop
  endfacet
  facet normal 0 0.965927 0.258815
    outer loop
      vertex 74.8 96.6889 72.5971
      vertex 77.8 96.8468 72.0078
      vertex 74.8 96.8468 72.0078
    endloop
  endfacet
  facet normal 0 0.707107 0.707107
    outer loop
      vertex 77.8 96.0812 73.6498
      vertex 74.8 95.6498 74.0812
      vertex 77.8 95.6498 74.0812
    endloop
  endfacet
  facet normal 0 0.707107 0.707107
    outer loop
      vertex 74.8 95.6498 74.0812
      vertex 77.8 96.0812 73.6498
      vertex 74.8 96.0812 73.6498
    endloop
  endfacet
  facet normal 0 0.0871954 -0.996191
    outer loop
      vertex 74.8 93.4 67.9
      vertex 77.8 94.0078 67.9532
      vertex 77.8 93.4 67.9
    endloop
  endfacet
  facet normal 0 0.0871954 -0.996191
    outer loop
      vertex 77.8 94.0078 67.9532
      vertex 74.8 93.4 67.9
      vertex 74.8 94.0078 67.9532
    endloop
  endfacet
  facet normal 0 -0.819201 -0.573506
    outer loop
      vertex 74.8 90.7188 69.1502
      vertex 77.8 90.3689 69.65
      vertex 74.8 90.3689 69.65
    endloop
  endfacet
  facet normal 0 -0.819201 -0.573506
    outer loop
      vertex 77.8 90.3689 69.65
      vertex 74.8 90.7188 69.1502
      vertex 77.8 90.7188 69.1502
    endloop
  endfacet
  facet normal 0 -0.422589 -0.906321
    outer loop
      vertex 74.8 91.65 68.3689
      vertex 77.8 92.2029 68.1111
      vertex 77.8 91.65 68.3689
    endloop
  endfacet
  facet normal -0 -0.422589 -0.906321
    outer loop
      vertex 77.8 92.2029 68.1111
      vertex 74.8 91.65 68.3689
      vertex 74.8 92.2029 68.1111
    endloop
  endfacet
  facet normal 0 -0.258815 0.965927
    outer loop
      vertex 74.8 92.7922 74.8468
      vertex 77.8 92.2029 74.6889
      vertex 77.8 92.7922 74.8468
    endloop
  endfacet
  facet normal 0 -0.258815 0.965927
    outer loop
      vertex 77.8 92.2029 74.6889
      vertex 74.8 92.7922 74.8468
      vertex 74.8 92.2029 74.6889
    endloop
  endfacet
  facet normal 0 0.707107 -0.707107
    outer loop
      vertex 77.8 95.6498 68.7188
      vertex 74.8 96.0812 69.1502
      vertex 77.8 96.0812 69.1502
    endloop
  endfacet
  facet normal 0 0.707107 -0.707107
    outer loop
      vertex 74.8 96.0812 69.1502
      vertex 77.8 95.6498 68.7188
      vertex 74.8 95.6498 68.7188
    endloop
  endfacet
  facet normal 0 0.819201 -0.573506
    outer loop
      vertex 77.8 96.0812 69.1502
      vertex 74.8 96.4311 69.65
      vertex 77.8 96.4311 69.65
    endloop
  endfacet
  facet normal 0 0.819201 -0.573506
    outer loop
      vertex 74.8 96.4311 69.65
      vertex 77.8 96.0812 69.1502
      vertex 74.8 96.0812 69.1502
    endloop
  endfacet
  facet normal -0 0.0871954 0.996191
    outer loop
      vertex 74.8 94.0078 74.8468
      vertex 77.8 93.4 74.9
      vertex 77.8 94.0078 74.8468
    endloop
  endfacet
  facet normal 0 0.0871954 0.996191
    outer loop
      vertex 77.8 93.4 74.9
      vertex 74.8 94.0078 74.8468
      vertex 74.8 93.4 74.9
    endloop
  endfacet
  facet normal -0 0.573506 0.819201
    outer loop
      vertex 74.8 95.6498 74.0812
      vertex 77.8 95.15 74.4311
      vertex 77.8 95.6498 74.0812
    endloop
  endfacet
  facet normal 0 0.573506 0.819201
    outer loop
      vertex 77.8 95.15 74.4311
      vertex 74.8 95.6498 74.0812
      vertex 74.8 95.15 74.4311
    endloop
  endfacet
  facet normal 0 -0.965927 0.258815
    outer loop
      vertex 74.8 89.9532 72.0078
      vertex 77.8 90.1111 72.5971
      vertex 74.8 90.1111 72.5971
    endloop
  endfacet
  facet normal 0 -0.965927 0.258815
    outer loop
      vertex 77.8 90.1111 72.5971
      vertex 74.8 89.9532 72.0078
      vertex 77.8 89.9532 72.0078
    endloop
  endfacet
  facet normal 0 -0.422589 0.906321
    outer loop
      vertex 74.8 92.2029 74.6889
      vertex 77.8 91.65 74.4311
      vertex 77.8 92.2029 74.6889
    endloop
  endfacet
  facet normal 0 -0.422589 0.906321
    outer loop
      vertex 77.8 91.65 74.4311
      vertex 74.8 92.2029 74.6889
      vertex 74.8 91.65 74.4311
    endloop
  endfacet
  facet normal 0 -0.965927 -0.258815
    outer loop
      vertex 74.8 90.1111 70.2029
      vertex 77.8 89.9532 70.7922
      vertex 74.8 89.9532 70.7922
    endloop
  endfacet
  facet normal 0 -0.965927 -0.258815
    outer loop
      vertex 77.8 89.9532 70.7922
      vertex 74.8 90.1111 70.2029
      vertex 77.8 90.1111 70.2029
    endloop
  endfacet
  facet normal 0 -0.906321 -0.422589
    outer loop
      vertex 74.8 90.3689 69.65
      vertex 77.8 90.1111 70.2029
      vertex 74.8 90.1111 70.2029
    endloop
  endfacet
  facet normal 0 -0.906321 -0.422589
    outer loop
      vertex 77.8 90.1111 70.2029
      vertex 74.8 90.3689 69.65
      vertex 77.8 90.3689 69.65
    endloop
  endfacet
  facet normal 0 -0.258815 -0.965927
    outer loop
      vertex 74.8 92.2029 68.1111
      vertex 77.8 92.7922 67.9532
      vertex 77.8 92.2029 68.1111
    endloop
  endfacet
  facet normal -0 -0.258815 -0.965927
    outer loop
      vertex 77.8 92.7922 67.9532
      vertex 74.8 92.2029 68.1111
      vertex 74.8 92.7922 67.9532
    endloop
  endfacet
  facet normal 0 -0.996191 -0.0871954
    outer loop
      vertex 74.8 89.9532 70.7922
      vertex 77.8 89.9 71.4
      vertex 74.8 89.9 71.4
    endloop
  endfacet
  facet normal 0 -0.996191 -0.0871954
    outer loop
      vertex 77.8 89.9 71.4
      vertex 74.8 89.9532 70.7922
      vertex 77.8 89.9532 70.7922
    endloop
  endfacet
  facet normal 0 -0.996191 0.0871954
    outer loop
      vertex 74.8 89.9 71.4
      vertex 77.8 89.9532 72.0078
      vertex 74.8 89.9532 72.0078
    endloop
  endfacet
  facet normal 0 -0.996191 0.0871954
    outer loop
      vertex 77.8 89.9532 72.0078
      vertex 74.8 89.9 71.4
      vertex 77.8 89.9 71.4
    endloop
  endfacet
  facet normal 1 0 0
    outer loop
      vertex 77.8 95 71.4
      vertex 77.8 96.9 71.4
      vertex 77.8 96.8468 72.0078
    endloop
  endfacet
  facet normal 1 0 0
    outer loop
      vertex 77.8 94.9757 71.6778
      vertex 77.8 96.8468 72.0078
      vertex 77.8 96.6889 72.5971
    endloop
  endfacet
  facet normal 1 0 0
    outer loop
      vertex 77.8 96.9 71.4
      vertex 77.8 95 71.4
      vertex 77.8 96.8468 70.7922
    endloop
  endfacet
  facet normal 1 0 0
    outer loop
      vertex 77.8 94.9035 71.9472
      vertex 77.8 96.6889 72.5971
      vertex 77.8 96.4311 73.15
    endloop
  endfacet
  facet normal 1 -0 0
    outer loop
      vertex 77.8 94.9757 71.1222
      vertex 77.8 96.8468 70.7922
      vertex 77.8 95 71.4
    endloop
  endfacet
  facet normal 1 0 0
    outer loop
      vertex 77.8 94.7856 72.2
      vertex 77.8 96.4311 73.15
      vertex 77.8 96.0812 73.6498
    endloop
  endfacet
  facet normal 1 0 0
    outer loop
      vertex 77.8 96.8468 70.7922
      vertex 77.8 94.9757 71.1222
      vertex 77.8 96.6889 70.2029
    endloop
  endfacet
  facet normal 1 0 0
    outer loop
      vertex 77.8 94.6257 72.4285
      vertex 77.8 96.0812 73.6498
      vertex 77.8 95.6498 74.0812
    endloop
  endfacet
  facet normal 1 -0 0
    outer loop
      vertex 77.8 94.9035 70.8528
      vertex 77.8 96.6889 70.2029
      vertex 77.8 94.9757 71.1222
    endloop
  endfacet
  facet normal 1 0 0
    outer loop
      vertex 77.8 94.4285 72.6257
      vertex 77.8 95.6498 74.0812
      vertex 77.8 95.15 74.4311
    endloop
  endfacet
  facet normal 1 0 0
    outer loop
      vertex 77.8 96.6889 70.2029
      vertex 77.8 94.9035 70.8528
      vertex 77.8 96.4311 69.65
    endloop
  endfacet
  facet normal 1 -0 0
    outer loop
      vertex 77.8 94.7856 70.6
      vertex 77.8 96.4311 69.65
      vertex 77.8 94.9035 70.8528
    endloop
  endfacet
  facet normal 1 0 0
    outer loop
      vertex 77.8 96.8468 72.0078
      vertex 77.8 94.9757 71.6778
      vertex 77.8 95 71.4
    endloop
  endfacet
  facet normal 1 0 0
    outer loop
      vertex 77.8 96.6889 72.5971
      vertex 77.8 94.9035 71.9472
      vertex 77.8 94.9757 71.6778
    endloop
  endfacet
  facet normal 1 0 0
    outer loop
      vertex 77.8 96.4311 73.15
      vertex 77.8 94.7856 72.2
      vertex 77.8 94.9035 71.9472
    endloop
  endfacet
  facet normal 1 0 0
    outer loop
      vertex 77.8 96.0812 73.6498
      vertex 77.8 94.6257 72.4285
      vertex 77.8 94.7856 72.2
    endloop
  endfacet
  facet normal 1 0 0
    outer loop
      vertex 77.8 94.2 72.7856
      vertex 77.8 95.15 74.4311
      vertex 77.8 94.5971 74.6889
    endloop
  endfacet
  facet normal 1 0 0
    outer loop
      vertex 77.8 95.6498 74.0812
      vertex 77.8 94.4285 72.6257
      vertex 77.8 94.6257 72.4285
    endloop
  endfacet
  facet normal 1 0 0
    outer loop
      vertex 77.8 95.15 74.4311
      vertex 77.8 94.2 72.7856
      vertex 77.8 94.4285 72.6257
    endloop
  endfacet
  facet normal 1 0 0
    outer loop
      vertex 77.8 93.9472 72.9035
      vertex 77.8 94.5971 74.6889
      vertex 77.8 94.0078 74.8468
    endloop
  endfacet
  facet normal 1 0 0
    outer loop
      vertex 77.8 94.5971 74.6889
      vertex 77.8 93.9472 72.9035
      vertex 77.8 94.2 72.7856
    endloop
  endfacet
  facet normal 1 0 0
    outer loop
      vertex 77.8 94.0078 74.8468
      vertex 77.8 93.6778 72.9757
      vertex 77.8 93.9472 72.9035
    endloop
  endfacet
  facet normal 1 0 0
    outer loop
      vertex 77.8 93.4 74.9
      vertex 77.8 93.6778 72.9757
      vertex 77.8 94.0078 74.8468
    endloop
  endfacet
  facet normal 1 0 0
    outer loop
      vertex 77.8 93.4 74.9
      vertex 77.8 93.4 73
      vertex 77.8 93.6778 72.9757
    endloop
  endfacet
  facet normal 1 0 0
    outer loop
      vertex 77.8 93.4 74.9
      vertex 77.8 93.1222 72.9757
      vertex 77.8 93.4 73
    endloop
  endfacet
  facet normal 1 -0 0
    outer loop
      vertex 77.8 92.7922 74.8468
      vertex 77.8 93.1222 72.9757
      vertex 77.8 93.4 74.9
    endloop
  endfacet
  facet normal 1 0 0
    outer loop
      vertex 77.8 93.1222 72.9757
      vertex 77.8 92.7922 74.8468
      vertex 77.8 92.8528 72.9035
    endloop
  endfacet
  facet normal 1 -0 0
    outer loop
      vertex 77.8 92.2029 74.6889
      vertex 77.8 92.8528 72.9035
      vertex 77.8 92.7922 74.8468
    endloop
  endfacet
  facet normal 1 0 0
    outer loop
      vertex 77.8 92.8528 72.9035
      vertex 77.8 92.2029 74.6889
      vertex 77.8 92.6 72.7856
    endloop
  endfacet
  facet normal 1 -0 0
    outer loop
      vertex 77.8 91.65 74.4311
      vertex 77.8 92.6 72.7856
      vertex 77.8 92.2029 74.6889
    endloop
  endfacet
  facet normal 1 0 0
    outer loop
      vertex 77.8 92.6 72.7856
      vertex 77.8 91.65 74.4311
      vertex 77.8 92.3715 72.6257
    endloop
  endfacet
  facet normal 1 -0 0
    outer loop
      vertex 77.8 91.1502 74.0812
      vertex 77.8 92.3715 72.6257
      vertex 77.8 91.65 74.4311
    endloop
  endfacet
  facet normal 1 0 0
    outer loop
      vertex 77.8 92.3715 72.6257
      vertex 77.8 91.1502 74.0812
      vertex 77.8 92.1743 72.4285
    endloop
  endfacet
  facet normal 1 -0 0
    outer loop
      vertex 77.8 90.7188 73.6498
      vertex 77.8 92.1743 72.4285
      vertex 77.8 91.1502 74.0812
    endloop
  endfacet
  facet normal 1 -0 0
    outer loop
      vertex 77.8 90.3689 73.15
      vertex 77.8 92.0144 72.2
      vertex 77.8 90.7188 73.6498
    endloop
  endfacet
  facet normal 1 0 0
    outer loop
      vertex 77.8 92.1743 72.4285
      vertex 77.8 90.7188 73.6498
      vertex 77.8 92.0144 72.2
    endloop
  endfacet
  facet normal 1 0 0
    outer loop
      vertex 77.8 96.4311 69.65
      vertex 77.8 94.7856 70.6
      vertex 77.8 96.0812 69.1502
    endloop
  endfacet
  facet normal 1 -0 0
    outer loop
      vertex 77.8 94.6257 70.3715
      vertex 77.8 96.0812 69.1502
      vertex 77.8 94.7856 70.6
    endloop
  endfacet
  facet normal 1 0 0
    outer loop
      vertex 77.8 96.0812 69.1502
      vertex 77.8 94.6257 70.3715
      vertex 77.8 95.6498 68.7188
    endloop
  endfacet
  facet normal 1 -0 0
    outer loop
      vertex 77.8 94.4285 70.1743
      vertex 77.8 95.6498 68.7188
      vertex 77.8 94.6257 70.3715
    endloop
  endfacet
  facet normal 1 0 0
    outer loop
      vertex 77.8 95.6498 68.7188
      vertex 77.8 94.4285 70.1743
      vertex 77.8 95.15 68.3689
    endloop
  endfacet
  facet normal 1 -0 0
    outer loop
      vertex 77.8 94.2 70.0144
      vertex 77.8 95.15 68.3689
      vertex 77.8 94.4285 70.1743
    endloop
  endfacet
  facet normal 1 0 0
    outer loop
      vertex 77.8 95.15 68.3689
      vertex 77.8 94.2 70.0144
      vertex 77.8 94.5971 68.1111
    endloop
  endfacet
  facet normal 1 -0 0
    outer loop
      vertex 77.8 93.9472 69.8965
      vertex 77.8 94.5971 68.1111
      vertex 77.8 94.2 70.0144
    endloop
  endfacet
  facet normal 1 0 0
    outer loop
      vertex 77.8 94.5971 68.1111
      vertex 77.8 93.9472 69.8965
      vertex 77.8 94.0078 67.9532
    endloop
  endfacet
  facet normal 1 -0 0
    outer loop
      vertex 77.8 93.6778 69.8243
      vertex 77.8 94.0078 67.9532
      vertex 77.8 93.9472 69.8965
    endloop
  endfacet
  facet normal 1 -0 0
    outer loop
      vertex 77.8 93.4 69.8
      vertex 77.8 94.0078 67.9532
      vertex 77.8 93.6778 69.8243
    endloop
  endfacet
  facet normal 1 0 0
    outer loop
      vertex 77.8 93.4 69.8
      vertex 77.8 93.4 67.9
      vertex 77.8 94.0078 67.9532
    endloop
  endfacet
  facet normal 1 0 0
    outer loop
      vertex 77.8 93.1222 69.8243
      vertex 77.8 93.4 67.9
      vertex 77.8 93.4 69.8
    endloop
  endfacet
  facet normal 1 0 0
    outer loop
      vertex 77.8 92.7922 67.9532
      vertex 77.8 93.1222 69.8243
      vertex 77.8 92.8528 69.8965
    endloop
  endfacet
  facet normal 1 0 0
    outer loop
      vertex 77.8 93.1222 69.8243
      vertex 77.8 92.7922 67.9532
      vertex 77.8 93.4 67.9
    endloop
  endfacet
  facet normal 1 0 0
    outer loop
      vertex 77.8 92.2029 68.1111
      vertex 77.8 92.8528 69.8965
      vertex 77.8 92.6 70.0144
    endloop
  endfacet
  facet normal 1 0 0
    outer loop
      vertex 77.8 91.65 68.3689
      vertex 77.8 92.6 70.0144
      vertex 77.8 92.3715 70.1743
    endloop
  endfacet
  facet normal 1 0 0
    outer loop
      vertex 77.8 92.8528 69.8965
      vertex 77.8 92.2029 68.1111
      vertex 77.8 92.7922 67.9532
    endloop
  endfacet
  facet normal 1 0 0
    outer loop
      vertex 77.8 91.1502 68.7188
      vertex 77.8 92.3715 70.1743
      vertex 77.8 92.1743 70.3715
    endloop
  endfacet
  facet normal 1 0 0
    outer loop
      vertex 77.8 90.7188 69.1502
      vertex 77.8 92.1743 70.3715
      vertex 77.8 92.0144 70.6
    endloop
  endfacet
  facet normal 1 0 0
    outer loop
      vertex 77.8 90.3689 69.65
      vertex 77.8 92.0144 70.6
      vertex 77.8 91.8965 70.8528
    endloop
  endfacet
  facet normal 1 0 0
    outer loop
      vertex 77.8 90.1111 70.2029
      vertex 77.8 91.8965 70.8528
      vertex 77.8 91.8243 71.1222
    endloop
  endfacet
  facet normal 1 0 0
    outer loop
      vertex 77.8 92.6 70.0144
      vertex 77.8 91.65 68.3689
      vertex 77.8 92.2029 68.1111
    endloop
  endfacet
  facet normal 1 0 0
    outer loop
      vertex 77.8 89.9532 70.7922
      vertex 77.8 91.8243 71.1222
      vertex 77.8 91.8 71.4
    endloop
  endfacet
  facet normal 1 0 0
    outer loop
      vertex 77.8 92.0144 72.2
      vertex 77.8 90.3689 73.15
      vertex 77.8 91.8965 71.9472
    endloop
  endfacet
  facet normal 1 -0 0
    outer loop
      vertex 77.8 90.1111 72.5971
      vertex 77.8 91.8965 71.9472
      vertex 77.8 90.3689 73.15
    endloop
  endfacet
  facet normal 1 0 0
    outer loop
      vertex 77.8 92.3715 70.1743
      vertex 77.8 91.1502 68.7188
      vertex 77.8 91.65 68.3689
    endloop
  endfacet
  facet normal 1 0 0
    outer loop
      vertex 77.8 91.8965 71.9472
      vertex 77.8 90.1111 72.5971
      vertex 77.8 91.8243 71.6778
    endloop
  endfacet
  facet normal 1 0 0
    outer loop
      vertex 77.8 92.1743 70.3715
      vertex 77.8 90.7188 69.1502
      vertex 77.8 91.1502 68.7188
    endloop
  endfacet
  facet normal 1 -0 0
    outer loop
      vertex 77.8 89.9532 72.0078
      vertex 77.8 91.8243 71.6778
      vertex 77.8 90.1111 72.5971
    endloop
  endfacet
  facet normal 1 0 0
    outer loop
      vertex 77.8 92.0144 70.6
      vertex 77.8 90.3689 69.65
      vertex 77.8 90.7188 69.1502
    endloop
  endfacet
  facet normal 1 0 0
    outer loop
      vertex 77.8 91.8243 71.6778
      vertex 77.8 89.9532 72.0078
      vertex 77.8 91.8 71.4
    endloop
  endfacet
  facet normal 1 0 0
    outer loop
      vertex 77.8 91.8965 70.8528
      vertex 77.8 90.1111 70.2029
      vertex 77.8 90.3689 69.65
    endloop
  endfacet
  facet normal 1 0 0
    outer loop
      vertex 77.8 89.9 71.4
      vertex 77.8 91.8 71.4
      vertex 77.8 89.9532 72.0078
    endloop
  endfacet
  facet normal 1 0 0
    outer loop
      vertex 77.8 91.8243 71.1222
      vertex 77.8 89.9532 70.7922
      vertex 77.8 90.1111 70.2029
    endloop
  endfacet
  facet normal 1 0 0
    outer loop
      vertex 77.8 91.8 71.4
      vertex 77.8 89.9 71.4
      vertex 77.8 89.9532 70.7922
    endloop
  endfacet
  facet normal 0 -0.906321 0.422589
    outer loop
      vertex 74.8 90.1111 72.5971
      vertex 77.8 90.3689 73.15
      vertex 74.8 90.3689 73.15
    endloop
  endfacet
  facet normal 0 -0.906321 0.422589
    outer loop
      vertex 77.8 90.3689 73.15
      vertex 74.8 90.1111 72.5971
      vertex 77.8 90.1111 72.5971
    endloop
  endfacet
  facet normal 0 -0.573506 0.819201
    outer loop
      vertex 74.8 91.65 74.4311
      vertex 77.8 91.1502 74.0812
      vertex 77.8 91.65 74.4311
    endloop
  endfacet
  facet normal 0 -0.573506 0.819201
    outer loop
      vertex 77.8 91.1502 74.0812
      vertex 74.8 91.65 74.4311
      vertex 74.8 91.1502 74.0812
    endloop
  endfacet
  facet normal 0 -0.707107 -0.707107
    outer loop
      vertex 74.8 91.1502 68.7188
      vertex 77.8 90.7188 69.1502
      vertex 74.8 90.7188 69.1502
    endloop
  endfacet
  facet normal 0 -0.707107 -0.707107
    outer loop
      vertex 77.8 90.7188 69.1502
      vertex 74.8 91.1502 68.7188
      vertex 77.8 91.1502 68.7188
    endloop
  endfacet
  facet normal 0 -0.819201 0.573506
    outer loop
      vertex 74.8 90.3689 73.15
      vertex 77.8 90.7188 73.6498
      vertex 74.8 90.7188 73.6498
    endloop
  endfacet
  facet normal 0 -0.819201 0.573506
    outer loop
      vertex 77.8 90.7188 73.6498
      vertex 74.8 90.3689 73.15
      vertex 77.8 90.3689 73.15
    endloop
  endfacet
  facet normal 0 -0.707107 0.707107
    outer loop
      vertex 74.8 91.1502 74.0812
      vertex 77.8 90.7188 73.6498
      vertex 77.8 91.1502 74.0812
    endloop
  endfacet
  facet normal 0 -0.707107 0.707107
    outer loop
      vertex 77.8 90.7188 73.6498
      vertex 74.8 91.1502 74.0812
      vertex 74.8 90.7188 73.6498
    endloop
  endfacet
  facet normal 0 -0.573506 -0.819201
    outer loop
      vertex 74.8 91.1502 68.7188
      vertex 77.8 91.65 68.3689
      vertex 77.8 91.1502 68.7188
    endloop
  endfacet
  facet normal -0 -0.573506 -0.819201
    outer loop
      vertex 77.8 91.65 68.3689
      vertex 74.8 91.1502 68.7188
      vertex 74.8 91.65 68.3689
    endloop
  endfacet
  facet normal 0 0.573616 -0.819124
    outer loop
      vertex 74.8 63.15 100.369
      vertex 77.8 63.6498 100.719
      vertex 77.8 63.15 100.369
    endloop
  endfacet
  facet normal 0 0.573616 -0.819124
    outer loop
      vertex 77.8 63.6498 100.719
      vertex 74.8 63.15 100.369
      vertex 74.8 63.6498 100.719
    endloop
  endfacet
  facet normal 0 0.996194 -0.087167
    outer loop
      vertex 77.8 64.8468 102.792
      vertex 74.8 64.9 103.4
      vertex 77.8 64.9 103.4
    endloop
  endfacet
  facet normal 0 0.996194 -0.087167
    outer loop
      vertex 74.8 64.9 103.4
      vertex 77.8 64.8468 102.792
      vertex 74.8 64.8468 102.792
    endloop
  endfacet
  facet normal 0 0.906351 0.422527
    outer loop
      vertex 77.8 64.6889 104.597
      vertex 74.8 64.4311 105.15
      vertex 77.8 64.4311 105.15
    endloop
  endfacet
  facet normal 0 0.906351 0.422527
    outer loop
      vertex 74.8 64.4311 105.15
      vertex 77.8 64.6889 104.597
      vertex 74.8 64.6889 104.597
    endloop
  endfacet
  facet normal -0 0.258968 0.965886
    outer loop
      vertex 74.8 62.5971 106.689
      vertex 77.8 62.0078 106.847
      vertex 77.8 62.5971 106.689
    endloop
  endfacet
  facet normal 0 0.258968 0.965886
    outer loop
      vertex 77.8 62.0078 106.847
      vertex 74.8 62.5971 106.689
      vertex 74.8 62.0078 106.847
    endloop
  endfacet
  facet normal 0 -0.0871954 -0.996191
    outer loop
      vertex 74.8 60.7922 99.9532
      vertex 77.8 61.4 99.9
      vertex 77.8 60.7922 99.9532
    endloop
  endfacet
  facet normal -0 -0.0871954 -0.996191
    outer loop
      vertex 77.8 61.4 99.9
      vertex 74.8 60.7922 99.9532
      vertex 74.8 61.4 99.9
    endloop
  endfacet
  facet normal 0 0.258662 -0.965968
    outer loop
      vertex 74.8 62.0078 99.9532
      vertex 77.8 62.5971 100.111
      vertex 77.8 62.0078 99.9532
    endloop
  endfacet
  facet normal 0 0.258662 -0.965968
    outer loop
      vertex 77.8 62.5971 100.111
      vertex 74.8 62.0078 99.9532
      vertex 74.8 62.5971 100.111
    endloop
  endfacet
  facet normal 0 0.422859 -0.906196
    outer loop
      vertex 74.8 62.5971 100.111
      vertex 77.8 63.15 100.369
      vertex 77.8 62.5971 100.111
    endloop
  endfacet
  facet normal 0 0.422859 -0.906196
    outer loop
      vertex 77.8 63.15 100.369
      vertex 74.8 62.5971 100.111
      vertex 74.8 63.15 100.369
    endloop
  endfacet
  facet normal 0 0.996194 0.087167
    outer loop
      vertex 77.8 64.9 103.4
      vertex 74.8 64.8468 104.008
      vertex 77.8 64.8468 104.008
    endloop
  endfacet
  facet normal 0 0.996194 0.087167
    outer loop
      vertex 74.8 64.8468 104.008
      vertex 77.8 64.9 103.4
      vertex 74.8 64.9 103.4
    endloop
  endfacet
  facet normal 0 0.906351 -0.422527
    outer loop
      vertex 77.8 64.4311 101.65
      vertex 74.8 64.6889 102.203
      vertex 77.8 64.6889 102.203
    endloop
  endfacet
  facet normal 0 0.906351 -0.422527
    outer loop
      vertex 74.8 64.6889 102.203
      vertex 77.8 64.4311 101.65
      vertex 74.8 64.4311 101.65
    endloop
  endfacet
  facet normal 0 -0.0868701 0.99622
    outer loop
      vertex 74.8 61.4 106.9
      vertex 77.8 60.7922 106.847
      vertex 77.8 61.4 106.9
    endloop
  endfacet
  facet normal 0 -0.0868701 0.99622
    outer loop
      vertex 77.8 60.7922 106.847
      vertex 74.8 61.4 106.9
      vertex 74.8 60.7922 106.847
    endloop
  endfacet
  facet normal -0 0.422859 0.906196
    outer loop
      vertex 74.8 63.15 106.431
      vertex 77.8 62.5971 106.689
      vertex 77.8 63.15 106.431
    endloop
  endfacet
  facet normal 0 0.422859 0.906196
    outer loop
      vertex 77.8 62.5971 106.689
      vertex 74.8 63.15 106.431
      vertex 74.8 62.5971 106.689
    endloop
  endfacet
  facet normal 0 0.819309 0.573352
    outer loop
      vertex 77.8 64.4311 105.15
      vertex 74.8 64.0812 105.65
      vertex 77.8 64.0812 105.65
    endloop
  endfacet
  facet normal 0 0.819309 0.573352
    outer loop
      vertex 74.8 64.0812 105.65
      vertex 77.8 64.4311 105.15
      vertex 74.8 64.4311 105.15
    endloop
  endfacet
  facet normal 0 0.965894 0.258938
    outer loop
      vertex 77.8 64.8468 104.008
      vertex 74.8 64.6889 104.597
      vertex 77.8 64.6889 104.597
    endloop
  endfacet
  facet normal 0 0.965894 0.258938
    outer loop
      vertex 74.8 64.6889 104.597
      vertex 77.8 64.8468 104.008
      vertex 74.8 64.8468 104.008
    endloop
  endfacet
  facet normal 0 0.0871954 -0.996191
    outer loop
      vertex 74.8 61.4 99.9
      vertex 77.8 62.0078 99.9532
      vertex 77.8 61.4 99.9
    endloop
  endfacet
  facet normal 0 0.0871954 -0.996191
    outer loop
      vertex 77.8 62.0078 99.9532
      vertex 74.8 61.4 99.9
      vertex 74.8 62.0078 99.9532
    endloop
  endfacet
  facet normal 0 -0.258662 -0.965968
    outer loop
      vertex 74.8 60.2029 100.111
      vertex 77.8 60.7922 99.9532
      vertex 77.8 60.2029 100.111
    endloop
  endfacet
  facet normal -0 -0.258662 -0.965968
    outer loop
      vertex 77.8 60.7922 99.9532
      vertex 74.8 60.2029 100.111
      vertex 74.8 60.7922 99.9532
    endloop
  endfacet
  facet normal 0 -0.819309 0.573352
    outer loop
      vertex 74.8 58.3689 105.15
      vertex 77.8 58.7188 105.65
      vertex 74.8 58.7188 105.65
    endloop
  endfacet
  facet normal 0 -0.819309 0.573352
    outer loop
      vertex 77.8 58.7188 105.65
      vertex 74.8 58.3689 105.15
      vertex 77.8 58.3689 105.15
    endloop
  endfacet
  facet normal 0 -0.819309 -0.573352
    outer loop
      vertex 74.8 58.7188 101.15
      vertex 77.8 58.3689 101.65
      vertex 74.8 58.3689 101.65
    endloop
  endfacet
  facet normal 0 -0.819309 -0.573352
    outer loop
      vertex 77.8 58.3689 101.65
      vertex 74.8 58.7188 101.15
      vertex 77.8 58.7188 101.15
    endloop
  endfacet
  facet normal 0 0.706779 -0.707435
    outer loop
      vertex 77.8 63.6498 100.719
      vertex 74.8 64.0812 101.15
      vertex 77.8 64.0812 101.15
    endloop
  endfacet
  facet normal 0 0.706779 -0.707435
    outer loop
      vertex 74.8 64.0812 101.15
      vertex 77.8 63.6498 100.719
      vertex 74.8 63.6498 100.719
    endloop
  endfacet
  facet normal 0 0.819309 -0.573352
    outer loop
      vertex 77.8 64.0812 101.15
      vertex 74.8 64.4311 101.65
      vertex 77.8 64.4311 101.65
    endloop
  endfacet
  facet normal 0 0.819309 -0.573352
    outer loop
      vertex 74.8 64.4311 101.65
      vertex 77.8 64.0812 101.15
      vertex 74.8 64.0812 101.15
    endloop
  endfacet
  facet normal 0 0.965894 -0.258938
    outer loop
      vertex 77.8 64.6889 102.203
      vertex 74.8 64.8468 102.792
      vertex 77.8 64.8468 102.792
    endloop
  endfacet
  facet normal 0 0.965894 -0.258938
    outer loop
      vertex 74.8 64.8468 102.792
      vertex 77.8 64.6889 102.203
      vertex 74.8 64.6889 102.203
    endloop
  endfacet
  facet normal -0 0.0868701 0.99622
    outer loop
      vertex 74.8 62.0078 106.847
      vertex 77.8 61.4 106.9
      vertex 77.8 62.0078 106.847
    endloop
  endfacet
  facet normal 0 0.0868701 0.99622
    outer loop
      vertex 77.8 61.4 106.9
      vertex 74.8 62.0078 106.847
      vertex 74.8 61.4 106.9
    endloop
  endfacet
  facet normal 0 0.706779 0.707435
    outer loop
      vertex 77.8 64.0812 105.65
      vertex 74.8 63.6498 106.081
      vertex 77.8 63.6498 106.081
    endloop
  endfacet
  facet normal 0 0.706779 0.707435
    outer loop
      vertex 74.8 63.6498 106.081
      vertex 77.8 64.0812 105.65
      vertex 74.8 64.0812 105.65
    endloop
  endfacet
  facet normal -0 0.573616 0.819124
    outer loop
      vertex 74.8 63.6498 106.081
      vertex 77.8 63.15 106.431
      vertex 77.8 63.6498 106.081
    endloop
  endfacet
  facet normal 0 0.573616 0.819124
    outer loop
      vertex 77.8 63.15 106.431
      vertex 74.8 63.6498 106.081
      vertex 74.8 63.15 106.431
    endloop
  endfacet
  facet normal 0 -0.422859 -0.906196
    outer loop
      vertex 74.8 59.65 100.369
      vertex 77.8 60.2029 100.111
      vertex 77.8 59.65 100.369
    endloop
  endfacet
  facet normal -0 -0.422859 -0.906196
    outer loop
      vertex 77.8 60.2029 100.111
      vertex 74.8 59.65 100.369
      vertex 74.8 60.2029 100.111
    endloop
  endfacet
  facet normal 0 -0.258968 0.965886
    outer loop
      vertex 74.8 60.7922 106.847
      vertex 77.8 60.2029 106.689
      vertex 77.8 60.7922 106.847
    endloop
  endfacet
  facet normal 0 -0.258968 0.965886
    outer loop
      vertex 77.8 60.2029 106.689
      vertex 74.8 60.7922 106.847
      vertex 74.8 60.2029 106.689
    endloop
  endfacet
  facet normal 0 -0.573616 0.819124
    outer loop
      vertex 74.8 59.65 106.431
      vertex 77.8 59.1502 106.081
      vertex 77.8 59.65 106.431
    endloop
  endfacet
  facet normal 0 -0.573616 0.819124
    outer loop
      vertex 77.8 59.1502 106.081
      vertex 74.8 59.65 106.431
      vertex 74.8 59.1502 106.081
    endloop
  endfacet
  facet normal 0 -0.965894 -0.258938
    outer loop
      vertex 74.8 58.1111 102.203
      vertex 77.8 57.9532 102.792
      vertex 74.8 57.9532 102.792
    endloop
  endfacet
  facet normal 0 -0.965894 -0.258938
    outer loop
      vertex 77.8 57.9532 102.792
      vertex 74.8 58.1111 102.203
      vertex 77.8 58.1111 102.203
    endloop
  endfacet
  facet normal 0 -0.906351 -0.422527
    outer loop
      vertex 74.8 58.3689 101.65
      vertex 77.8 58.1111 102.203
      vertex 74.8 58.1111 102.203
    endloop
  endfacet
  facet normal 0 -0.906351 -0.422527
    outer loop
      vertex 77.8 58.1111 102.203
      vertex 74.8 58.3689 101.65
      vertex 77.8 58.3689 101.65
    endloop
  endfacet
  facet normal 0 -0.706779 -0.707435
    outer loop
      vertex 74.8 59.1502 100.719
      vertex 77.8 58.7188 101.15
      vertex 74.8 58.7188 101.15
    endloop
  endfacet
  facet normal 0 -0.706779 -0.707435
    outer loop
      vertex 77.8 58.7188 101.15
      vertex 74.8 59.1502 100.719
      vertex 77.8 59.1502 100.719
    endloop
  endfacet
  facet normal 0 -0.996194 -0.087167
    outer loop
      vertex 74.8 57.9532 102.792
      vertex 77.8 57.9 103.4
      vertex 74.8 57.9 103.4
    endloop
  endfacet
  facet normal 0 -0.996194 -0.087167
    outer loop
      vertex 77.8 57.9 103.4
      vertex 74.8 57.9532 102.792
      vertex 77.8 57.9532 102.792
    endloop
  endfacet
  facet normal 0 -0.996194 0.087167
    outer loop
      vertex 74.8 57.9 103.4
      vertex 77.8 57.9532 104.008
      vertex 74.8 57.9532 104.008
    endloop
  endfacet
  facet normal 0 -0.996194 0.087167
    outer loop
      vertex 77.8 57.9532 104.008
      vertex 74.8 57.9 103.4
      vertex 77.8 57.9 103.4
    endloop
  endfacet
  facet normal 0 -0.965894 0.258938
    outer loop
      vertex 74.8 57.9532 104.008
      vertex 77.8 58.1111 104.597
      vertex 74.8 58.1111 104.597
    endloop
  endfacet
  facet normal 0 -0.965894 0.258938
    outer loop
      vertex 77.8 58.1111 104.597
      vertex 74.8 57.9532 104.008
      vertex 77.8 57.9532 104.008
    endloop
  endfacet
  facet normal 0 -0.906351 0.422527
    outer loop
      vertex 74.8 58.1111 104.597
      vertex 77.8 58.3689 105.15
      vertex 74.8 58.3689 105.15
    endloop
  endfacet
  facet normal 0 -0.906351 0.422527
    outer loop
      vertex 77.8 58.3689 105.15
      vertex 74.8 58.1111 104.597
      vertex 77.8 58.1111 104.597
    endloop
  endfacet
  facet normal 1 0 0
    outer loop
      vertex 77.8 63 103.4
      vertex 77.8 64.9 103.4
      vertex 77.8 64.8468 104.008
    endloop
  endfacet
  facet normal 1 0 0
    outer loop
      vertex 77.8 62.9757 103.678
      vertex 77.8 64.8468 104.008
      vertex 77.8 64.6889 104.597
    endloop
  endfacet
  facet normal 1 0 0
    outer loop
      vertex 77.8 64.9 103.4
      vertex 77.8 63 103.4
      vertex 77.8 64.8468 102.792
    endloop
  endfacet
  facet normal 1 0 0
    outer loop
      vertex 77.8 62.9035 103.947
      vertex 77.8 64.6889 104.597
      vertex 77.8 64.4311 105.15
    endloop
  endfacet
  facet normal 1 -0 0
    outer loop
      vertex 77.8 62.9757 103.122
      vertex 77.8 64.8468 102.792
      vertex 77.8 63 103.4
    endloop
  endfacet
  facet normal 1 0 0
    outer loop
      vertex 77.8 62.7856 104.2
      vertex 77.8 64.4311 105.15
      vertex 77.8 64.0812 105.65
    endloop
  endfacet
  facet normal 1 0 0
    outer loop
      vertex 77.8 64.8468 102.792
      vertex 77.8 62.9757 103.122
      vertex 77.8 64.6889 102.203
    endloop
  endfacet
  facet normal 1 0 0
    outer loop
      vertex 77.8 62.6257 104.428
      vertex 77.8 64.0812 105.65
      vertex 77.8 63.6498 106.081
    endloop
  endfacet
  facet normal 1 -0 0
    outer loop
      vertex 77.8 62.9035 102.853
      vertex 77.8 64.6889 102.203
      vertex 77.8 62.9757 103.122
    endloop
  endfacet
  facet normal 1 0 0
    outer loop
      vertex 77.8 62.4285 104.626
      vertex 77.8 63.6498 106.081
      vertex 77.8 63.15 106.431
    endloop
  endfacet
  facet normal 1 0 0
    outer loop
      vertex 77.8 64.6889 102.203
      vertex 77.8 62.9035 102.853
      vertex 77.8 64.4311 101.65
    endloop
  endfacet
  facet normal 1 -0 0
    outer loop
      vertex 77.8 62.7856 102.6
      vertex 77.8 64.4311 101.65
      vertex 77.8 62.9035 102.853
    endloop
  endfacet
  facet normal 1 0 0
    outer loop
      vertex 77.8 64.8468 104.008
      vertex 77.8 62.9757 103.678
      vertex 77.8 63 103.4
    endloop
  endfacet
  facet normal 1 0 0
    outer loop
      vertex 77.8 64.6889 104.597
      vertex 77.8 62.9035 103.947
      vertex 77.8 62.9757 103.678
    endloop
  endfacet
  facet normal 1 0 0
    outer loop
      vertex 77.8 64.4311 105.15
      vertex 77.8 62.7856 104.2
      vertex 77.8 62.9035 103.947
    endloop
  endfacet
  facet normal 1 0 0
    outer loop
      vertex 77.8 64.0812 105.65
      vertex 77.8 62.6257 104.428
      vertex 77.8 62.7856 104.2
    endloop
  endfacet
  facet normal 1 0 0
    outer loop
      vertex 77.8 62.2 104.786
      vertex 77.8 63.15 106.431
      vertex 77.8 62.5971 106.689
    endloop
  endfacet
  facet normal 1 0 0
    outer loop
      vertex 77.8 63.6498 106.081
      vertex 77.8 62.4285 104.626
      vertex 77.8 62.6257 104.428
    endloop
  endfacet
  facet normal 1 0 0
    outer loop
      vertex 77.8 63.15 106.431
      vertex 77.8 62.2 104.786
      vertex 77.8 62.4285 104.626
    endloop
  endfacet
  facet normal 1 0 0
    outer loop
      vertex 77.8 61.9472 104.904
      vertex 77.8 62.5971 106.689
      vertex 77.8 62.0078 106.847
    endloop
  endfacet
  facet normal 1 0 0
    outer loop
      vertex 77.8 62.5971 106.689
      vertex 77.8 61.9472 104.904
      vertex 77.8 62.2 104.786
    endloop
  endfacet
  facet normal 1 0 0
    outer loop
      vertex 77.8 62.0078 106.847
      vertex 77.8 61.6778 104.976
      vertex 77.8 61.9472 104.904
    endloop
  endfacet
  facet normal 1 0 0
    outer loop
      vertex 77.8 61.4 106.9
      vertex 77.8 61.6778 104.976
      vertex 77.8 62.0078 106.847
    endloop
  endfacet
  facet normal 1 0 0
    outer loop
      vertex 77.8 61.4 106.9
      vertex 77.8 61.4 105
      vertex 77.8 61.6778 104.976
    endloop
  endfacet
  facet normal 1 0 0
    outer loop
      vertex 77.8 61.4 106.9
      vertex 77.8 61.1222 104.976
      vertex 77.8 61.4 105
    endloop
  endfacet
  facet normal 1 -0 0
    outer loop
      vertex 77.8 60.7922 106.847
      vertex 77.8 61.1222 104.976
      vertex 77.8 61.4 106.9
    endloop
  endfacet
  facet normal 1 0 0
    outer loop
      vertex 77.8 61.1222 104.976
      vertex 77.8 60.7922 106.847
      vertex 77.8 60.8528 104.904
    endloop
  endfacet
  facet normal 1 -0 0
    outer loop
      vertex 77.8 60.2029 106.689
      vertex 77.8 60.8528 104.904
      vertex 77.8 60.7922 106.847
    endloop
  endfacet
  facet normal 1 0 0
    outer loop
      vertex 77.8 60.8528 104.904
      vertex 77.8 60.2029 106.689
      vertex 77.8 60.6 104.786
    endloop
  endfacet
  facet normal 1 -0 0
    outer loop
      vertex 77.8 59.65 106.431
      vertex 77.8 60.6 104.786
      vertex 77.8 60.2029 106.689
    endloop
  endfacet
  facet normal 1 0 0
    outer loop
      vertex 77.8 60.6 104.786
      vertex 77.8 59.65 106.431
      vertex 77.8 60.3715 104.626
    endloop
  endfacet
  facet normal 1 -0 0
    outer loop
      vertex 77.8 59.1502 106.081
      vertex 77.8 60.3715 104.626
      vertex 77.8 59.65 106.431
    endloop
  endfacet
  facet normal 1 0 0
    outer loop
      vertex 77.8 60.3715 104.626
      vertex 77.8 59.1502 106.081
      vertex 77.8 60.1743 104.428
    endloop
  endfacet
  facet normal 1 -0 0
    outer loop
      vertex 77.8 58.7188 105.65
      vertex 77.8 60.1743 104.428
      vertex 77.8 59.1502 106.081
    endloop
  endfacet
  facet normal 1 -0 0
    outer loop
      vertex 77.8 58.3689 105.15
      vertex 77.8 60.0144 104.2
      vertex 77.8 58.7188 105.65
    endloop
  endfacet
  facet normal 1 0 0
    outer loop
      vertex 77.8 60.1743 104.428
      vertex 77.8 58.7188 105.65
      vertex 77.8 60.0144 104.2
    endloop
  endfacet
  facet normal 1 0 0
    outer loop
      vertex 77.8 64.4311 101.65
      vertex 77.8 62.7856 102.6
      vertex 77.8 64.0812 101.15
    endloop
  endfacet
  facet normal 1 -0 0
    outer loop
      vertex 77.8 62.6257 102.372
      vertex 77.8 64.0812 101.15
      vertex 77.8 62.7856 102.6
    endloop
  endfacet
  facet normal 1 0 0
    outer loop
      vertex 77.8 64.0812 101.15
      vertex 77.8 62.6257 102.372
      vertex 77.8 63.6498 100.719
    endloop
  endfacet
  facet normal 1 -0 0
    outer loop
      vertex 77.8 62.4285 102.174
      vertex 77.8 63.6498 100.719
      vertex 77.8 62.6257 102.372
    endloop
  endfacet
  facet normal 1 0 0
    outer loop
      vertex 77.8 63.6498 100.719
      vertex 77.8 62.4285 102.174
      vertex 77.8 63.15 100.369
    endloop
  endfacet
  facet normal 1 -0 0
    outer loop
      vertex 77.8 62.2 102.014
      vertex 77.8 63.15 100.369
      vertex 77.8 62.4285 102.174
    endloop
  endfacet
  facet normal 1 0 0
    outer loop
      vertex 77.8 63.15 100.369
      vertex 77.8 62.2 102.014
      vertex 77.8 62.5971 100.111
    endloop
  endfacet
  facet normal 1 -0 0
    outer loop
      vertex 77.8 61.9472 101.896
      vertex 77.8 62.5971 100.111
      vertex 77.8 62.2 102.014
    endloop
  endfacet
  facet normal 1 0 0
    outer loop
      vertex 77.8 62.5971 100.111
      vertex 77.8 61.9472 101.896
      vertex 77.8 62.0078 99.9532
    endloop
  endfacet
  facet normal 1 -0 0
    outer loop
      vertex 77.8 61.6778 101.824
      vertex 77.8 62.0078 99.9532
      vertex 77.8 61.9472 101.896
    endloop
  endfacet
  facet normal 1 -0 0
    outer loop
      vertex 77.8 61.4 101.8
      vertex 77.8 62.0078 99.9532
      vertex 77.8 61.6778 101.824
    endloop
  endfacet
  facet normal 1 0 0
    outer loop
      vertex 77.8 61.4 101.8
      vertex 77.8 61.4 99.9
      vertex 77.8 62.0078 99.9532
    endloop
  endfacet
  facet normal 1 0 0
    outer loop
      vertex 77.8 61.1222 101.824
      vertex 77.8 61.4 99.9
      vertex 77.8 61.4 101.8
    endloop
  endfacet
  facet normal 1 0 0
    outer loop
      vertex 77.8 60.7922 99.9532
      vertex 77.8 61.1222 101.824
      vertex 77.8 60.8528 101.896
    endloop
  endfacet
  facet normal 1 0 0
    outer loop
      vertex 77.8 61.1222 101.824
      vertex 77.8 60.7922 99.9532
      vertex 77.8 61.4 99.9
    endloop
  endfacet
  facet normal 1 0 0
    outer loop
      vertex 77.8 60.2029 100.111
      vertex 77.8 60.8528 101.896
      vertex 77.8 60.6 102.014
    endloop
  endfacet
  facet normal 1 0 0
    outer loop
      vertex 77.8 59.65 100.369
      vertex 77.8 60.6 102.014
      vertex 77.8 60.3715 102.174
    endloop
  endfacet
  facet normal 1 0 0
    outer loop
      vertex 77.8 60.8528 101.896
      vertex 77.8 60.2029 100.111
      vertex 77.8 60.7922 99.9532
    endloop
  endfacet
  facet normal 1 0 0
    outer loop
      vertex 77.8 59.1502 100.719
      vertex 77.8 60.3715 102.174
      vertex 77.8 60.1743 102.372
    endloop
  endfacet
  facet normal 1 0 0
    outer loop
      vertex 77.8 58.7188 101.15
      vertex 77.8 60.1743 102.372
      vertex 77.8 60.0144 102.6
    endloop
  endfacet
  facet normal 1 0 0
    outer loop
      vertex 77.8 58.3689 101.65
      vertex 77.8 60.0144 102.6
      vertex 77.8 59.8965 102.853
    endloop
  endfacet
  facet normal 1 0 0
    outer loop
      vertex 77.8 58.1111 102.203
      vertex 77.8 59.8965 102.853
      vertex 77.8 59.8243 103.122
    endloop
  endfacet
  facet normal 1 0 0
    outer loop
      vertex 77.8 60.6 102.014
      vertex 77.8 59.65 100.369
      vertex 77.8 60.2029 100.111
    endloop
  endfacet
  facet normal 1 0 0
    outer loop
      vertex 77.8 57.9532 102.792
      vertex 77.8 59.8243 103.122
      vertex 77.8 59.8 103.4
    endloop
  endfacet
  facet normal 1 0 0
    outer loop
      vertex 77.8 60.0144 104.2
      vertex 77.8 58.3689 105.15
      vertex 77.8 59.8965 103.947
    endloop
  endfacet
  facet normal 1 -0 0
    outer loop
      vertex 77.8 58.1111 104.597
      vertex 77.8 59.8965 103.947
      vertex 77.8 58.3689 105.15
    endloop
  endfacet
  facet normal 1 0 0
    outer loop
      vertex 77.8 60.3715 102.174
      vertex 77.8 59.1502 100.719
      vertex 77.8 59.65 100.369
    endloop
  endfacet
  facet normal 1 0 0
    outer loop
      vertex 77.8 59.8965 103.947
      vertex 77.8 58.1111 104.597
      vertex 77.8 59.8243 103.678
    endloop
  endfacet
  facet normal 1 0 0
    outer loop
      vertex 77.8 60.1743 102.372
      vertex 77.8 58.7188 101.15
      vertex 77.8 59.1502 100.719
    endloop
  endfacet
  facet normal 1 -0 0
    outer loop
      vertex 77.8 57.9532 104.008
      vertex 77.8 59.8243 103.678
      vertex 77.8 58.1111 104.597
    endloop
  endfacet
  facet normal 1 0 0
    outer loop
      vertex 77.8 60.0144 102.6
      vertex 77.8 58.3689 101.65
      vertex 77.8 58.7188 101.15
    endloop
  endfacet
  facet normal 1 0 0
    outer loop
      vertex 77.8 59.8243 103.678
      vertex 77.8 57.9532 104.008
      vertex 77.8 59.8 103.4
    endloop
  endfacet
  facet normal 1 0 0
    outer loop
      vertex 77.8 59.8965 102.853
      vertex 77.8 58.1111 102.203
      vertex 77.8 58.3689 101.65
    endloop
  endfacet
  facet normal 1 0 0
    outer loop
      vertex 77.8 57.9 103.4
      vertex 77.8 59.8 103.4
      vertex 77.8 57.9532 104.008
    endloop
  endfacet
  facet normal 1 0 0
    outer loop
      vertex 77.8 59.8243 103.122
      vertex 77.8 57.9532 102.792
      vertex 77.8 58.1111 102.203
    endloop
  endfacet
  facet normal 1 0 0
    outer loop
      vertex 77.8 59.8 103.4
      vertex 77.8 57.9 103.4
      vertex 77.8 57.9532 102.792
    endloop
  endfacet
  facet normal 0 -0.706779 0.707435
    outer loop
      vertex 74.8 58.7188 105.65
      vertex 77.8 59.1502 106.081
      vertex 74.8 59.1502 106.081
    endloop
  endfacet
  facet normal 0 -0.706779 0.707435
    outer loop
      vertex 77.8 59.1502 106.081
      vertex 74.8 58.7188 105.65
      vertex 77.8 58.7188 105.65
    endloop
  endfacet
  facet normal 0 -0.422859 0.906196
    outer loop
      vertex 74.8 60.2029 106.689
      vertex 77.8 59.65 106.431
      vertex 77.8 60.2029 106.689
    endloop
  endfacet
  facet normal 0 -0.422859 0.906196
    outer loop
      vertex 77.8 59.65 106.431
      vertex 74.8 60.2029 106.689
      vertex 74.8 59.65 106.431
    endloop
  endfacet
  facet normal 0 -0.573616 -0.819124
    outer loop
      vertex 74.8 59.1502 100.719
      vertex 77.8 59.65 100.369
      vertex 77.8 59.1502 100.719
    endloop
  endfacet
  facet normal -0 -0.573616 -0.819124
    outer loop
      vertex 77.8 59.65 100.369
      vertex 74.8 59.1502 100.719
      vertex 74.8 59.65 100.369
    endloop
  endfacet
  facet normal 0 0.573616 -0.819124
    outer loop
      vertex 74.8 95.15 100.369
      vertex 77.8 95.6498 100.719
      vertex 77.8 95.15 100.369
    endloop
  endfacet
  facet normal 0 0.573616 -0.819124
    outer loop
      vertex 77.8 95.6498 100.719
      vertex 74.8 95.15 100.369
      vertex 74.8 95.6498 100.719
    endloop
  endfacet
  facet normal 0 0.996194 -0.087167
    outer loop
      vertex 77.8 96.8468 102.792
      vertex 74.8 96.9 103.4
      vertex 77.8 96.9 103.4
    endloop
  endfacet
  facet normal 0 0.996194 -0.087167
    outer loop
      vertex 74.8 96.9 103.4
      vertex 77.8 96.8468 102.792
      vertex 74.8 96.8468 102.792
    endloop
  endfacet
  facet normal 0 0.906351 0.422527
    outer loop
      vertex 77.8 96.6889 104.597
      vertex 74.8 96.4311 105.15
      vertex 77.8 96.4311 105.15
    endloop
  endfacet
  facet normal 0 0.906351 0.422527
    outer loop
      vertex 74.8 96.4311 105.15
      vertex 77.8 96.6889 104.597
      vertex 74.8 96.6889 104.597
    endloop
  endfacet
  facet normal -0 0.258968 0.965886
    outer loop
      vertex 74.8 94.5971 106.689
      vertex 77.8 94.0078 106.847
      vertex 77.8 94.5971 106.689
    endloop
  endfacet
  facet normal 0 0.258968 0.965886
    outer loop
      vertex 77.8 94.0078 106.847
      vertex 74.8 94.5971 106.689
      vertex 74.8 94.0078 106.847
    endloop
  endfacet
  facet normal 0 -0.0871954 -0.996191
    outer loop
      vertex 74.8 92.7922 99.9532
      vertex 77.8 93.4 99.9
      vertex 77.8 92.7922 99.9532
    endloop
  endfacet
  facet normal -0 -0.0871954 -0.996191
    outer loop
      vertex 77.8 93.4 99.9
      vertex 74.8 92.7922 99.9532
      vertex 74.8 93.4 99.9
    endloop
  endfacet
  facet normal 0 0.258662 -0.965968
    outer loop
      vertex 74.8 94.0078 99.9532
      vertex 77.8 94.5971 100.111
      vertex 77.8 94.0078 99.9532
    endloop
  endfacet
  facet normal 0 0.258662 -0.965968
    outer loop
      vertex 77.8 94.5971 100.111
      vertex 74.8 94.0078 99.9532
      vertex 74.8 94.5971 100.111
    endloop
  endfacet
  facet normal 0 0.422859 -0.906196
    outer loop
      vertex 74.8 94.5971 100.111
      vertex 77.8 95.15 100.369
      vertex 77.8 94.5971 100.111
    endloop
  endfacet
  facet normal 0 0.422859 -0.906196
    outer loop
      vertex 77.8 95.15 100.369
      vertex 74.8 94.5971 100.111
      vertex 74.8 95.15 100.369
    endloop
  endfacet
  facet normal 0 0.996194 0.087167
    outer loop
      vertex 77.8 96.9 103.4
      vertex 74.8 96.8468 104.008
      vertex 77.8 96.8468 104.008
    endloop
  endfacet
  facet normal 0 0.996194 0.087167
    outer loop
      vertex 74.8 96.8468 104.008
      vertex 77.8 96.9 103.4
      vertex 74.8 96.9 103.4
    endloop
  endfacet
  facet normal 0 0.906351 -0.422527
    outer loop
      vertex 77.8 96.4311 101.65
      vertex 74.8 96.6889 102.203
      vertex 77.8 96.6889 102.203
    endloop
  endfacet
  facet normal 0 0.906351 -0.422527
    outer loop
      vertex 74.8 96.6889 102.203
      vertex 77.8 96.4311 101.65
      vertex 74.8 96.4311 101.65
    endloop
  endfacet
  facet normal 0 -0.0868701 0.99622
    outer loop
      vertex 74.8 93.4 106.9
      vertex 77.8 92.7922 106.847
      vertex 77.8 93.4 106.9
    endloop
  endfacet
  facet normal 0 -0.0868701 0.99622
    outer loop
      vertex 77.8 92.7922 106.847
      vertex 74.8 93.4 106.9
      vertex 74.8 92.7922 106.847
    endloop
  endfacet
  facet normal -0 0.422859 0.906196
    outer loop
      vertex 74.8 95.15 106.431
      vertex 77.8 94.5971 106.689
      vertex 77.8 95.15 106.431
    endloop
  endfacet
  facet normal 0 0.422859 0.906196
    outer loop
      vertex 77.8 94.5971 106.689
      vertex 74.8 95.15 106.431
      vertex 74.8 94.5971 106.689
    endloop
  endfacet
  facet normal 0 0.819309 0.573352
    outer loop
      vertex 77.8 96.4311 105.15
      vertex 74.8 96.0812 105.65
      vertex 77.8 96.0812 105.65
    endloop
  endfacet
  facet normal 0 0.819309 0.573352
    outer loop
      vertex 74.8 96.0812 105.65
      vertex 77.8 96.4311 105.15
      vertex 74.8 96.4311 105.15
    endloop
  endfacet
  facet normal 0 0.965894 0.258938
    outer loop
      vertex 77.8 96.8468 104.008
      vertex 74.8 96.6889 104.597
      vertex 77.8 96.6889 104.597
    endloop
  endfacet
  facet normal 0 0.965894 0.258938
    outer loop
      vertex 74.8 96.6889 104.597
      vertex 77.8 96.8468 104.008
      vertex 74.8 96.8468 104.008
    endloop
  endfacet
  facet normal 0 0.0871954 -0.996191
    outer loop
      vertex 74.8 93.4 99.9
      vertex 77.8 94.0078 99.9532
      vertex 77.8 93.4 99.9
    endloop
  endfacet
  facet normal 0 0.0871954 -0.996191
    outer loop
      vertex 77.8 94.0078 99.9532
      vertex 74.8 93.4 99.9
      vertex 74.8 94.0078 99.9532
    endloop
  endfacet
  facet normal 0 -0.258662 -0.965968
    outer loop
      vertex 74.8 92.2029 100.111
      vertex 77.8 92.7922 99.9532
      vertex 77.8 92.2029 100.111
    endloop
  endfacet
  facet normal -0 -0.258662 -0.965968
    outer loop
      vertex 77.8 92.7922 99.9532
      vertex 74.8 92.2029 100.111
      vertex 74.8 92.7922 99.9532
    endloop
  endfacet
  facet normal 0 -0.819309 -0.573352
    outer loop
      vertex 74.8 90.7188 101.15
      vertex 77.8 90.3689 101.65
      vertex 74.8 90.3689 101.65
    endloop
  endfacet
  facet normal 0 -0.819309 -0.573352
    outer loop
      vertex 77.8 90.3689 101.65
      vertex 74.8 90.7188 101.15
      vertex 77.8 90.7188 101.15
    endloop
  endfacet
  facet normal 0 0.706779 -0.707435
    outer loop
      vertex 77.8 95.6498 100.719
      vertex 74.8 96.0812 101.15
      vertex 77.8 96.0812 101.15
    endloop
  endfacet
  facet normal 0 0.706779 -0.707435
    outer loop
      vertex 74.8 96.0812 101.15
      vertex 77.8 95.6498 100.719
      vertex 74.8 95.6498 100.719
    endloop
  endfacet
  facet normal 0 0.819309 -0.573352
    outer loop
      vertex 77.8 96.0812 101.15
      vertex 74.8 96.4311 101.65
      vertex 77.8 96.4311 101.65
    endloop
  endfacet
  facet normal 0 0.819309 -0.573352
    outer loop
      vertex 74.8 96.4311 101.65
      vertex 77.8 96.0812 101.15
      vertex 74.8 96.0812 101.15
    endloop
  endfacet
  facet normal 0 0.965894 -0.258938
    outer loop
      vertex 77.8 96.6889 102.203
      vertex 74.8 96.8468 102.792
      vertex 77.8 96.8468 102.792
    endloop
  endfacet
  facet normal 0 0.965894 -0.258938
    outer loop
      vertex 74.8 96.8468 102.792
      vertex 77.8 96.6889 102.203
      vertex 74.8 96.6889 102.203
    endloop
  endfacet
  facet normal -0 0.0868701 0.99622
    outer loop
      vertex 74.8 94.0078 106.847
      vertex 77.8 93.4 106.9
      vertex 77.8 94.0078 106.847
    endloop
  endfacet
  facet normal 0 0.0868701 0.99622
    outer loop
      vertex 77.8 93.4 106.9
      vertex 74.8 94.0078 106.847
      vertex 74.8 93.4 106.9
    endloop
  endfacet
  facet normal 0 0.706779 0.707435
    outer loop
      vertex 77.8 96.0812 105.65
      vertex 74.8 95.6498 106.081
      vertex 77.8 95.6498 106.081
    endloop
  endfacet
  facet normal 0 0.706779 0.707435
    outer loop
      vertex 74.8 95.6498 106.081
      vertex 77.8 96.0812 105.65
      vertex 74.8 96.0812 105.65
    endloop
  endfacet
  facet normal -0 0.573616 0.819124
    outer loop
      vertex 74.8 95.6498 106.081
      vertex 77.8 95.15 106.431
      vertex 77.8 95.6498 106.081
    endloop
  endfacet
  facet normal 0 0.573616 0.819124
    outer loop
      vertex 77.8 95.15 106.431
      vertex 74.8 95.6498 106.081
      vertex 74.8 95.15 106.431
    endloop
  endfacet
  facet normal 0 -0.422859 -0.906196
    outer loop
      vertex 74.8 91.65 100.369
      vertex 77.8 92.2029 100.111
      vertex 77.8 91.65 100.369
    endloop
  endfacet
  facet normal -0 -0.422859 -0.906196
    outer loop
      vertex 77.8 92.2029 100.111
      vertex 74.8 91.65 100.369
      vertex 74.8 92.2029 100.111
    endloop
  endfacet
  facet normal 0 -0.258968 0.965886
    outer loop
      vertex 74.8 92.7922 106.847
      vertex 77.8 92.2029 106.689
      vertex 77.8 92.7922 106.847
    endloop
  endfacet
  facet normal 0 -0.258968 0.965886
    outer loop
      vertex 77.8 92.2029 106.689
      vertex 74.8 92.7922 106.847
      vertex 74.8 92.2029 106.689
    endloop
  endfacet
  facet normal 0 -0.573616 0.819124
    outer loop
      vertex 74.8 91.65 106.431
      vertex 77.8 91.1502 106.081
      vertex 77.8 91.65 106.431
    endloop
  endfacet
  facet normal 0 -0.573616 0.819124
    outer loop
      vertex 77.8 91.1502 106.081
      vertex 74.8 91.65 106.431
      vertex 74.8 91.1502 106.081
    endloop
  endfacet
  facet normal 0 -0.965894 -0.258938
    outer loop
      vertex 74.8 90.1111 102.203
      vertex 77.8 89.9532 102.792
      vertex 74.8 89.9532 102.792
    endloop
  endfacet
  facet normal 0 -0.965894 -0.258938
    outer loop
      vertex 77.8 89.9532 102.792
      vertex 74.8 90.1111 102.203
      vertex 77.8 90.1111 102.203
    endloop
  endfacet
  facet normal 0 -0.906351 -0.422527
    outer loop
      vertex 74.8 90.3689 101.65
      vertex 77.8 90.1111 102.203
      vertex 74.8 90.1111 102.203
    endloop
  endfacet
  facet normal 0 -0.906351 -0.422527
    outer loop
      vertex 77.8 90.1111 102.203
      vertex 74.8 90.3689 101.65
      vertex 77.8 90.3689 101.65
    endloop
  endfacet
  facet normal 0 -0.706779 -0.707435
    outer loop
      vertex 74.8 91.1502 100.719
      vertex 77.8 90.7188 101.15
      vertex 74.8 90.7188 101.15
    endloop
  endfacet
  facet normal 0 -0.706779 -0.707435
    outer loop
      vertex 77.8 90.7188 101.15
      vertex 74.8 91.1502 100.719
      vertex 77.8 91.1502 100.719
    endloop
  endfacet
  facet normal 0 -0.996194 -0.087167
    outer loop
      vertex 74.8 89.9532 102.792
      vertex 77.8 89.9 103.4
      vertex 74.8 89.9 103.4
    endloop
  endfacet
  facet normal 0 -0.996194 -0.087167
    outer loop
      vertex 77.8 89.9 103.4
      vertex 74.8 89.9532 102.792
      vertex 77.8 89.9532 102.792
    endloop
  endfacet
  facet normal 0 -0.996194 0.087167
    outer loop
      vertex 74.8 89.9 103.4
      vertex 77.8 89.9532 104.008
      vertex 74.8 89.9532 104.008
    endloop
  endfacet
  facet normal 0 -0.996194 0.087167
    outer loop
      vertex 77.8 89.9532 104.008
      vertex 74.8 89.9 103.4
      vertex 77.8 89.9 103.4
    endloop
  endfacet
  facet normal 0 -0.906351 0.422527
    outer loop
      vertex 74.8 90.1111 104.597
      vertex 77.8 90.3689 105.15
      vertex 74.8 90.3689 105.15
    endloop
  endfacet
  facet normal 0 -0.906351 0.422527
    outer loop
      vertex 77.8 90.3689 105.15
      vertex 74.8 90.1111 104.597
      vertex 77.8 90.1111 104.597
    endloop
  endfacet
  facet normal 1 0 0
    outer loop
      vertex 77.8 95 103.4
      vertex 77.8 96.9 103.4
      vertex 77.8 96.8468 104.008
    endloop
  endfacet
  facet normal 1 0 0
    outer loop
      vertex 77.8 94.9757 103.678
      vertex 77.8 96.8468 104.008
      vertex 77.8 96.6889 104.597
    endloop
  endfacet
  facet normal 1 0 0
    outer loop
      vertex 77.8 96.9 103.4
      vertex 77.8 95 103.4
      vertex 77.8 96.8468 102.792
    endloop
  endfacet
  facet normal 1 0 0
    outer loop
      vertex 77.8 94.9035 103.947
      vertex 77.8 96.6889 104.597
      vertex 77.8 96.4311 105.15
    endloop
  endfacet
  facet normal 1 -0 0
    outer loop
      vertex 77.8 94.9757 103.122
      vertex 77.8 96.8468 102.792
      vertex 77.8 95 103.4
    endloop
  endfacet
  facet normal 1 0 0
    outer loop
      vertex 77.8 94.7856 104.2
      vertex 77.8 96.4311 105.15
      vertex 77.8 96.0812 105.65
    endloop
  endfacet
  facet normal 1 0 0
    outer loop
      vertex 77.8 96.8468 102.792
      vertex 77.8 94.9757 103.122
      vertex 77.8 96.6889 102.203
    endloop
  endfacet
  facet normal 1 0 0
    outer loop
      vertex 77.8 94.6257 104.428
      vertex 77.8 96.0812 105.65
      vertex 77.8 95.6498 106.081
    endloop
  endfacet
  facet normal 1 -0 0
    outer loop
      vertex 77.8 94.9035 102.853
      vertex 77.8 96.6889 102.203
      vertex 77.8 94.9757 103.122
    endloop
  endfacet
  facet normal 1 0 0
    outer loop
      vertex 77.8 94.4285 104.626
      vertex 77.8 95.6498 106.081
      vertex 77.8 95.15 106.431
    endloop
  endfacet
  facet normal 1 0 0
    outer loop
      vertex 77.8 96.6889 102.203
      vertex 77.8 94.9035 102.853
      vertex 77.8 96.4311 101.65
    endloop
  endfacet
  facet normal 1 -0 0
    outer loop
      vertex 77.8 94.7856 102.6
      vertex 77.8 96.4311 101.65
      vertex 77.8 94.9035 102.853
    endloop
  endfacet
  facet normal 1 0 0
    outer loop
      vertex 77.8 96.8468 104.008
      vertex 77.8 94.9757 103.678
      vertex 77.8 95 103.4
    endloop
  endfacet
  facet normal 1 0 0
    outer loop
      vertex 77.8 96.6889 104.597
      vertex 77.8 94.9035 103.947
      vertex 77.8 94.9757 103.678
    endloop
  endfacet
  facet normal 1 0 0
    outer loop
      vertex 77.8 96.4311 105.15
      vertex 77.8 94.7856 104.2
      vertex 77.8 94.9035 103.947
    endloop
  endfacet
  facet normal 1 0 0
    outer loop
      vertex 77.8 96.0812 105.65
      vertex 77.8 94.6257 104.428
      vertex 77.8 94.7856 104.2
    endloop
  endfacet
  facet normal 1 0 0
    outer loop
      vertex 77.8 94.2 104.786
      vertex 77.8 95.15 106.431
      vertex 77.8 94.5971 106.689
    endloop
  endfacet
  facet normal 1 0 0
    outer loop
      vertex 77.8 95.6498 106.081
      vertex 77.8 94.4285 104.626
      vertex 77.8 94.6257 104.428
    endloop
  endfacet
  facet normal 1 0 0
    outer loop
      vertex 77.8 95.15 106.431
      vertex 77.8 94.2 104.786
      vertex 77.8 94.4285 104.626
    endloop
  endfacet
  facet normal 1 0 0
    outer loop
      vertex 77.8 93.9472 104.904
      vertex 77.8 94.5971 106.689
      vertex 77.8 94.0078 106.847
    endloop
  endfacet
  facet normal 1 0 0
    outer loop
      vertex 77.8 94.5971 106.689
      vertex 77.8 93.9472 104.904
      vertex 77.8 94.2 104.786
    endloop
  endfacet
  facet normal 1 0 0
    outer loop
      vertex 77.8 94.0078 106.847
      vertex 77.8 93.6778 104.976
      vertex 77.8 93.9472 104.904
    endloop
  endfacet
  facet normal 1 0 0
    outer loop
      vertex 77.8 93.4 106.9
      vertex 77.8 93.6778 104.976
      vertex 77.8 94.0078 106.847
    endloop
  endfacet
  facet normal 1 0 0
    outer loop
      vertex 77.8 93.4 106.9
      vertex 77.8 93.4 105
      vertex 77.8 93.6778 104.976
    endloop
  endfacet
  facet normal 1 0 0
    outer loop
      vertex 77.8 93.4 106.9
      vertex 77.8 93.1222 104.976
      vertex 77.8 93.4 105
    endloop
  endfacet
  facet normal 1 -0 0
    outer loop
      vertex 77.8 92.7922 106.847
      vertex 77.8 93.1222 104.976
      vertex 77.8 93.4 106.9
    endloop
  endfacet
  facet normal 1 0 0
    outer loop
      vertex 77.8 93.1222 104.976
      vertex 77.8 92.7922 106.847
      vertex 77.8 92.8528 104.904
    endloop
  endfacet
  facet normal 1 -0 0
    outer loop
      vertex 77.8 92.2029 106.689
      vertex 77.8 92.8528 104.904
      vertex 77.8 92.7922 106.847
    endloop
  endfacet
  facet normal 1 0 0
    outer loop
      vertex 77.8 92.8528 104.904
      vertex 77.8 92.2029 106.689
      vertex 77.8 92.6 104.786
    endloop
  endfacet
  facet normal 1 -0 0
    outer loop
      vertex 77.8 91.65 106.431
      vertex 77.8 92.6 104.786
      vertex 77.8 92.2029 106.689
    endloop
  endfacet
  facet normal 1 0 0
    outer loop
      vertex 77.8 92.6 104.786
      vertex 77.8 91.65 106.431
      vertex 77.8 92.3715 104.626
    endloop
  endfacet
  facet normal 1 -0 0
    outer loop
      vertex 77.8 91.1502 106.081
      vertex 77.8 92.3715 104.626
      vertex 77.8 91.65 106.431
    endloop
  endfacet
  facet normal 1 0 0
    outer loop
      vertex 77.8 92.3715 104.626
      vertex 77.8 91.1502 106.081
      vertex 77.8 92.1743 104.428
    endloop
  endfacet
  facet normal 1 -0 0
    outer loop
      vertex 77.8 90.7188 105.65
      vertex 77.8 92.1743 104.428
      vertex 77.8 91.1502 106.081
    endloop
  endfacet
  facet normal 1 -0 0
    outer loop
      vertex 77.8 90.3689 105.15
      vertex 77.8 92.0144 104.2
      vertex 77.8 90.7188 105.65
    endloop
  endfacet
  facet normal 1 0 0
    outer loop
      vertex 77.8 92.1743 104.428
      vertex 77.8 90.7188 105.65
      vertex 77.8 92.0144 104.2
    endloop
  endfacet
  facet normal 1 0 0
    outer loop
      vertex 77.8 96.4311 101.65
      vertex 77.8 94.7856 102.6
      vertex 77.8 96.0812 101.15
    endloop
  endfacet
  facet normal 1 -0 0
    outer loop
      vertex 77.8 94.6257 102.372
      vertex 77.8 96.0812 101.15
      vertex 77.8 94.7856 102.6
    endloop
  endfacet
  facet normal 1 0 0
    outer loop
      vertex 77.8 96.0812 101.15
      vertex 77.8 94.6257 102.372
      vertex 77.8 95.6498 100.719
    endloop
  endfacet
  facet normal 1 -0 0
    outer loop
      vertex 77.8 94.4285 102.174
      vertex 77.8 95.6498 100.719
      vertex 77.8 94.6257 102.372
    endloop
  endfacet
  facet normal 1 0 0
    outer loop
      vertex 77.8 95.6498 100.719
      vertex 77.8 94.4285 102.174
      vertex 77.8 95.15 100.369
    endloop
  endfacet
  facet normal 1 -0 0
    outer loop
      vertex 77.8 94.2 102.014
      vertex 77.8 95.15 100.369
      vertex 77.8 94.4285 102.174
    endloop
  endfacet
  facet normal 1 0 0
    outer loop
      vertex 77.8 95.15 100.369
      vertex 77.8 94.2 102.014
      vertex 77.8 94.5971 100.111
    endloop
  endfacet
  facet normal 1 -0 0
    outer loop
      vertex 77.8 93.9472 101.896
      vertex 77.8 94.5971 100.111
      vertex 77.8 94.2 102.014
    endloop
  endfacet
  facet normal 1 0 0
    outer loop
      vertex 77.8 94.5971 100.111
      vertex 77.8 93.9472 101.896
      vertex 77.8 94.0078 99.9532
    endloop
  endfacet
  facet normal 1 -0 0
    outer loop
      vertex 77.8 93.6778 101.824
      vertex 77.8 94.0078 99.9532
      vertex 77.8 93.9472 101.896
    endloop
  endfacet
  facet normal 1 -0 0
    outer loop
      vertex 77.8 93.4 101.8
      vertex 77.8 94.0078 99.9532
      vertex 77.8 93.6778 101.824
    endloop
  endfacet
  facet normal 1 0 0
    outer loop
      vertex 77.8 93.4 101.8
      vertex 77.8 93.4 99.9
      vertex 77.8 94.0078 99.9532
    endloop
  endfacet
  facet normal 1 0 0
    outer loop
      vertex 77.8 93.1222 101.824
      vertex 77.8 93.4 99.9
      vertex 77.8 93.4 101.8
    endloop
  endfacet
  facet normal 1 0 0
    outer loop
      vertex 77.8 92.7922 99.9532
      vertex 77.8 93.1222 101.824
      vertex 77.8 92.8528 101.896
    endloop
  endfacet
  facet normal 1 0 0
    outer loop
      vertex 77.8 93.1222 101.824
      vertex 77.8 92.7922 99.9532
      vertex 77.8 93.4 99.9
    endloop
  endfacet
  facet normal 1 0 0
    outer loop
      vertex 77.8 92.2029 100.111
      vertex 77.8 92.8528 101.896
      vertex 77.8 92.6 102.014
    endloop
  endfacet
  facet normal 1 0 0
    outer loop
      vertex 77.8 91.65 100.369
      vertex 77.8 92.6 102.014
      vertex 77.8 92.3715 102.174
    endloop
  endfacet
  facet normal 1 0 0
    outer loop
      vertex 77.8 92.8528 101.896
      vertex 77.8 92.2029 100.111
      vertex 77.8 92.7922 99.9532
    endloop
  endfacet
  facet normal 1 0 0
    outer loop
      vertex 77.8 91.1502 100.719
      vertex 77.8 92.3715 102.174
      vertex 77.8 92.1743 102.372
    endloop
  endfacet
  facet normal 1 0 0
    outer loop
      vertex 77.8 90.7188 101.15
      vertex 77.8 92.1743 102.372
      vertex 77.8 92.0144 102.6
    endloop
  endfacet
  facet normal 1 0 0
    outer loop
      vertex 77.8 90.3689 101.65
      vertex 77.8 92.0144 102.6
      vertex 77.8 91.8965 102.853
    endloop
  endfacet
  facet normal 1 0 0
    outer loop
      vertex 77.8 90.1111 102.203
      vertex 77.8 91.8965 102.853
      vertex 77.8 91.8243 103.122
    endloop
  endfacet
  facet normal 1 0 0
    outer loop
      vertex 77.8 92.6 102.014
      vertex 77.8 91.65 100.369
      vertex 77.8 92.2029 100.111
    endloop
  endfacet
  facet normal 1 0 0
    outer loop
      vertex 77.8 89.9532 102.792
      vertex 77.8 91.8243 103.122
      vertex 77.8 91.8 103.4
    endloop
  endfacet
  facet normal 1 0 0
    outer loop
      vertex 77.8 92.0144 104.2
      vertex 77.8 90.3689 105.15
      vertex 77.8 91.8965 103.947
    endloop
  endfacet
  facet normal 1 -0 0
    outer loop
      vertex 77.8 90.1111 104.597
      vertex 77.8 91.8965 103.947
      vertex 77.8 90.3689 105.15
    endloop
  endfacet
  facet normal 1 0 0
    outer loop
      vertex 77.8 92.3715 102.174
      vertex 77.8 91.1502 100.719
      vertex 77.8 91.65 100.369
    endloop
  endfacet
  facet normal 1 0 0
    outer loop
      vertex 77.8 91.8965 103.947
      vertex 77.8 90.1111 104.597
      vertex 77.8 91.8243 103.678
    endloop
  endfacet
  facet normal 1 0 0
    outer loop
      vertex 77.8 92.1743 102.372
      vertex 77.8 90.7188 101.15
      vertex 77.8 91.1502 100.719
    endloop
  endfacet
  facet normal 1 -0 0
    outer loop
      vertex 77.8 89.9532 104.008
      vertex 77.8 91.8243 103.678
      vertex 77.8 90.1111 104.597
    endloop
  endfacet
  facet normal 1 0 0
    outer loop
      vertex 77.8 92.0144 102.6
      vertex 77.8 90.3689 101.65
      vertex 77.8 90.7188 101.15
    endloop
  endfacet
  facet normal 1 0 0
    outer loop
      vertex 77.8 91.8243 103.678
      vertex 77.8 89.9532 104.008
      vertex 77.8 91.8 103.4
    endloop
  endfacet
  facet normal 1 0 0
    outer loop
      vertex 77.8 91.8965 102.853
      vertex 77.8 90.1111 102.203
      vertex 77.8 90.3689 101.65
    endloop
  endfacet
  facet normal 1 0 0
    outer loop
      vertex 77.8 89.9 103.4
      vertex 77.8 91.8 103.4
      vertex 77.8 89.9532 104.008
    endloop
  endfacet
  facet normal 1 0 0
    outer loop
      vertex 77.8 91.8243 103.122
      vertex 77.8 89.9532 102.792
      vertex 77.8 90.1111 102.203
    endloop
  endfacet
  facet normal 1 0 0
    outer loop
      vertex 77.8 91.8 103.4
      vertex 77.8 89.9 103.4
      vertex 77.8 89.9532 102.792
    endloop
  endfacet
  facet normal 0 -0.965894 0.258938
    outer loop
      vertex 74.8 89.9532 104.008
      vertex 77.8 90.1111 104.597
      vertex 74.8 90.1111 104.597
    endloop
  endfacet
  facet normal 0 -0.965894 0.258938
    outer loop
      vertex 77.8 90.1111 104.597
      vertex 74.8 89.9532 104.008
      vertex 77.8 89.9532 104.008
    endloop
  endfacet
  facet normal 0 -0.706779 0.707435
    outer loop
      vertex 74.8 91.1502 106.081
      vertex 77.8 90.7188 105.65
      vertex 77.8 91.1502 106.081
    endloop
  endfacet
  facet normal 0 -0.706779 0.707435
    outer loop
      vertex 77.8 90.7188 105.65
      vertex 74.8 91.1502 106.081
      vertex 74.8 90.7188 105.65
    endloop
  endfacet
  facet normal 0 -0.422859 0.906196
    outer loop
      vertex 74.8 92.2029 106.689
      vertex 77.8 91.65 106.431
      vertex 77.8 92.2029 106.689
    endloop
  endfacet
  facet normal 0 -0.422859 0.906196
    outer loop
      vertex 77.8 91.65 106.431
      vertex 74.8 92.2029 106.689
      vertex 74.8 91.65 106.431
    endloop
  endfacet
  facet normal 0 -0.819309 0.573352
    outer loop
      vertex 74.8 90.3689 105.15
      vertex 77.8 90.7188 105.65
      vertex 74.8 90.7188 105.65
    endloop
  endfacet
  facet normal 0 -0.819309 0.573352
    outer loop
      vertex 77.8 90.7188 105.65
      vertex 74.8 90.3689 105.15
      vertex 77.8 90.3689 105.15
    endloop
  endfacet
  facet normal 0 -0.573616 -0.819124
    outer loop
      vertex 74.8 91.1502 100.719
      vertex 77.8 91.65 100.369
      vertex 77.8 91.1502 100.719
    endloop
  endfacet
  facet normal -0 -0.573616 -0.819124
    outer loop
      vertex 77.8 91.65 100.369
      vertex 74.8 91.1502 100.719
      vertex 74.8 91.65 100.369
    endloop
  endfacet
  facet normal 0 0 -1
    outer loop
      vertex 0 15.4 29.4
      vertex 2.4 51.4 29.4
      vertex 2.4 15.4 29.4
    endloop
  endfacet
  facet normal -0 0 -1
    outer loop
      vertex 2.4 51.4 29.4
      vertex 0 15.4 29.4
      vertex 0 51.4 29.4
    endloop
  endfacet
  facet normal -0 0 1
    outer loop
      vertex 0 51.4 22.4
      vertex 2.4 15.4 22.4
      vertex 2.4 51.4 22.4
    endloop
  endfacet
  facet normal 0 0 1
    outer loop
      vertex 2.4 15.4 22.4
      vertex 0 51.4 22.4
      vertex 0 15.4 22.4
    endloop
  endfacet
  facet normal 0 1 -0
    outer loop
      vertex 2.4 15.4 22.4
      vertex 0 15.4 29.4
      vertex 2.4 15.4 29.4
    endloop
  endfacet
  facet normal 0 1 0
    outer loop
      vertex 0 15.4 29.4
      vertex 2.4 15.4 22.4
      vertex 0 15.4 22.4
    endloop
  endfacet
  facet normal 0 -1 0
    outer loop
      vertex 0 51.4 22.4
      vertex 2.4 51.4 29.4
      vertex 0 51.4 29.4
    endloop
  endfacet
  facet normal 0 -1 -0
    outer loop
      vertex 2.4 51.4 29.4
      vertex 0 51.4 22.4
      vertex 2.4 51.4 22.4
    endloop
  endfacet
  facet normal 0 0 -1
    outer loop
      vertex 0 59.4 29.4
      vertex 2.4 95.4 29.4
      vertex 2.4 59.4 29.4
    endloop
  endfacet
  facet normal -0 0 -1
    outer loop
      vertex 2.4 95.4 29.4
      vertex 0 59.4 29.4
      vertex 0 95.4 29.4
    endloop
  endfacet
  facet normal -0 0 1
    outer loop
      vertex 0 95.4 22.4
      vertex 2.4 59.4 22.4
      vertex 2.4 95.4 22.4
    endloop
  endfacet
  facet normal 0 0 1
    outer loop
      vertex 2.4 59.4 22.4
      vertex 0 95.4 22.4
      vertex 0 59.4 22.4
    endloop
  endfacet
  facet normal 0 1 -0
    outer loop
      vertex 2.4 59.4 22.4
      vertex 0 59.4 29.4
      vertex 2.4 59.4 29.4
    endloop
  endfacet
  facet normal 0 1 0
    outer loop
      vertex 0 59.4 29.4
      vertex 2.4 59.4 22.4
      vertex 0 59.4 22.4
    endloop
  endfacet
  facet normal 0 -1 0
    outer loop
      vertex 0 95.4 22.4
      vertex 2.4 95.4 29.4
      vertex 0 95.4 29.4
    endloop
  endfacet
  facet normal 0 -1 -0
    outer loop
      vertex 2.4 95.4 29.4
      vertex 0 95.4 22.4
      vertex 2.4 95.4 22.4
    endloop
  endfacet
  facet normal 0 0 -1
    outer loop
      vertex 0 103.4 29.4
      vertex 2.4 139.4 29.4
      vertex 2.4 103.4 29.4
    endloop
  endfacet
  facet normal -0 0 -1
    outer loop
      vertex 2.4 139.4 29.4
      vertex 0 103.4 29.4
      vertex 0 139.4 29.4
    endloop
  endfacet
  facet normal -0 0 1
    outer loop
      vertex 0 139.4 22.4
      vertex 2.4 103.4 22.4
      vertex 2.4 139.4 22.4
    endloop
  endfacet
  facet normal 0 0 1
    outer loop
      vertex 2.4 103.4 22.4
      vertex 0 139.4 22.4
      vertex 0 103.4 22.4
    endloop
  endfacet
  facet normal 0 1 -0
    outer loop
      vertex 2.4 103.4 22.4
      vertex 0 103.4 29.4
      vertex 2.4 103.4 29.4
    endloop
  endfacet
  facet normal 0 1 0
    outer loop
      vertex 0 103.4 29.4
      vertex 2.4 103.4 22.4
      vertex 0 103.4 22.4
    endloop
  endfacet
  facet normal 0 -1 0
    outer loop
      vertex 0 139.4 22.4
      vertex 2.4 139.4 29.4
      vertex 0 139.4 29.4
    endloop
  endfacet
  facet normal 0 -1 -0
    outer loop
      vertex 2.4 139.4 29.4
      vertex 0 139.4 22.4
      vertex 2.4 139.4 22.4
    endloop
  endfacet
  facet normal 0 0 -1
    outer loop
      vertex 0 15.4 45.4
      vertex 2.4 51.4 45.4
      vertex 2.4 15.4 45.4
    endloop
  endfacet
  facet normal -0 0 -1
    outer loop
      vertex 2.4 51.4 45.4
      vertex 0 15.4 45.4
      vertex 0 51.4 45.4
    endloop
  endfacet
  facet normal 0 -1 0
    outer loop
      vertex 0 51.4 38.4
      vertex 2.4 51.4 45.4
      vertex 0 51.4 45.4
    endloop
  endfacet
  facet normal 0 -1 -0
    outer loop
      vertex 2.4 51.4 45.4
      vertex 0 51.4 38.4
      vertex 2.4 51.4 38.4
    endloop
  endfacet
  facet normal -0 0 1
    outer loop
      vertex 0 51.4 38.4
      vertex 2.4 15.4 38.4
      vertex 2.4 51.4 38.4
    endloop
  endfacet
  facet normal 0 0 1
    outer loop
      vertex 2.4 15.4 38.4
      vertex 0 51.4 38.4
      vertex 0 15.4 38.4
    endloop
  endfacet
  facet normal 0 1 -0
    outer loop
      vertex 2.4 15.4 38.4
      vertex 0 15.4 45.4
      vertex 2.4 15.4 45.4
    endloop
  endfacet
  facet normal 0 1 0
    outer loop
      vertex 0 15.4 45.4
      vertex 2.4 15.4 38.4
      vertex 0 15.4 38.4
    endloop
  endfacet
  facet normal 0 0 -1
    outer loop
      vertex 0 59.4 45.4
      vertex 2.4 95.4 45.4
      vertex 2.4 59.4 45.4
    endloop
  endfacet
  facet normal -0 0 -1
    outer loop
      vertex 2.4 95.4 45.4
      vertex 0 59.4 45.4
      vertex 0 95.4 45.4
    endloop
  endfacet
  facet normal 0 -1 0
    outer loop
      vertex 0 95.4 38.4
      vertex 2.4 95.4 45.4
      vertex 0 95.4 45.4
    endloop
  endfacet
  facet normal 0 -1 -0
    outer loop
      vertex 2.4 95.4 45.4
      vertex 0 95.4 38.4
      vertex 2.4 95.4 38.4
    endloop
  endfacet
  facet normal -0 0 1
    outer loop
      vertex 0 95.4 38.4
      vertex 2.4 59.4 38.4
      vertex 2.4 95.4 38.4
    endloop
  endfacet
  facet normal 0 0 1
    outer loop
      vertex 2.4 59.4 38.4
      vertex 0 95.4 38.4
      vertex 0 59.4 38.4
    endloop
  endfacet
  facet normal 0 1 -0
    outer loop
      vertex 2.4 59.4 38.4
      vertex 0 59.4 45.4
      vertex 2.4 59.4 45.4
    endloop
  endfacet
  facet normal 0 1 0
    outer loop
      vertex 0 59.4 45.4
      vertex 2.4 59.4 38.4
      vertex 0 59.4 38.4
    endloop
  endfacet
  facet normal 0 0 -1
    outer loop
      vertex 0 103.4 45.4
      vertex 2.4 139.4 45.4
      vertex 2.4 103.4 45.4
    endloop
  endfacet
  facet normal -0 0 -1
    outer loop
      vertex 2.4 139.4 45.4
      vertex 0 103.4 45.4
      vertex 0 139.4 45.4
    endloop
  endfacet
  facet normal 0 -1 0
    outer loop
      vertex 0 139.4 38.4
      vertex 2.4 139.4 45.4
      vertex 0 139.4 45.4
    endloop
  endfacet
  facet normal 0 -1 -0
    outer loop
      vertex 2.4 139.4 45.4
      vertex 0 139.4 38.4
      vertex 2.4 139.4 38.4
    endloop
  endfacet
  facet normal -0 0 1
    outer loop
      vertex 0 139.4 38.4
      vertex 2.4 103.4 38.4
      vertex 2.4 139.4 38.4
    endloop
  endfacet
  facet normal 0 0 1
    outer loop
      vertex 2.4 103.4 38.4
      vertex 0 139.4 38.4
      vertex 0 103.4 38.4
    endloop
  endfacet
  facet normal 0 1 -0
    outer loop
      vertex 2.4 103.4 38.4
      vertex 0 103.4 45.4
      vertex 2.4 103.4 45.4
    endloop
  endfacet
  facet normal 0 1 0
    outer loop
      vertex 0 103.4 45.4
      vertex 2.4 103.4 38.4
      vertex 0 103.4 38.4
    endloop
  endfacet
  facet normal 0 0 -1
    outer loop
      vertex 0 15.4 61.4
      vertex 2.4 51.4 61.4
      vertex 2.4 15.4 61.4
    endloop
  endfacet
  facet normal -0 0 -1
    outer loop
      vertex 2.4 51.4 61.4
      vertex 0 15.4 61.4
      vertex 0 51.4 61.4
    endloop
  endfacet
  facet normal 0 -1 0
    outer loop
      vertex 0 51.4 54.4
      vertex 2.4 51.4 61.4
      vertex 0 51.4 61.4
    endloop
  endfacet
  facet normal 0 -1 -0
    outer loop
      vertex 2.4 51.4 61.4
      vertex 0 51.4 54.4
      vertex 2.4 51.4 54.4
    endloop
  endfacet
  facet normal -0 0 1
    outer loop
      vertex 0 51.4 54.4
      vertex 2.4 15.4 54.4
      vertex 2.4 51.4 54.4
    endloop
  endfacet
  facet normal 0 0 1
    outer loop
      vertex 2.4 15.4 54.4
      vertex 0 51.4 54.4
      vertex 0 15.4 54.4
    endloop
  endfacet
  facet normal 0 1 -0
    outer loop
      vertex 2.4 15.4 54.4
      vertex 0 15.4 61.4
      vertex 2.4 15.4 61.4
    endloop
  endfacet
  facet normal 0 1 0
    outer loop
      vertex 0 15.4 61.4
      vertex 2.4 15.4 54.4
      vertex 0 15.4 54.4
    endloop
  endfacet
  facet normal 0 0 -1
    outer loop
      vertex 0 59.4 61.4
      vertex 2.4 95.4 61.4
      vertex 2.4 59.4 61.4
    endloop
  endfacet
  facet normal -0 0 -1
    outer loop
      vertex 2.4 95.4 61.4
      vertex 0 59.4 61.4
      vertex 0 95.4 61.4
    endloop
  endfacet
  facet normal 0 -1 0
    outer loop
      vertex 0 95.4 54.4
      vertex 2.4 95.4 61.4
      vertex 0 95.4 61.4
    endloop
  endfacet
  facet normal 0 -1 -0
    outer loop
      vertex 2.4 95.4 61.4
      vertex 0 95.4 54.4
      vertex 2.4 95.4 54.4
    endloop
  endfacet
  facet normal -0 0 1
    outer loop
      vertex 0 95.4 54.4
      vertex 2.4 59.4 54.4
      vertex 2.4 95.4 54.4
    endloop
  endfacet
  facet normal 0 0 1
    outer loop
      vertex 2.4 59.4 54.4
      vertex 0 95.4 54.4
      vertex 0 59.4 54.4
    endloop
  endfacet
  facet normal 0 1 -0
    outer loop
      vertex 2.4 59.4 54.4
      vertex 0 59.4 61.4
      vertex 2.4 59.4 61.4
    endloop
  endfacet
  facet normal 0 1 0
    outer loop
      vertex 0 59.4 61.4
      vertex 2.4 59.4 54.4
      vertex 0 59.4 54.4
    endloop
  endfacet
  facet normal 0 0 -1
    outer loop
      vertex 0 103.4 61.4
      vertex 2.4 139.4 61.4
      vertex 2.4 103.4 61.4
    endloop
  endfacet
  facet normal -0 0 -1
    outer loop
      vertex 2.4 139.4 61.4
      vertex 0 103.4 61.4
      vertex 0 139.4 61.4
    endloop
  endfacet
  facet normal 0 -1 0
    outer loop
      vertex 0 139.4 54.4
      vertex 2.4 139.4 61.4
      vertex 0 139.4 61.4
    endloop
  endfacet
  facet normal 0 -1 -0
    outer loop
      vertex 2.4 139.4 61.4
      vertex 0 139.4 54.4
      vertex 2.4 139.4 54.4
    endloop
  endfacet
  facet normal -0 0 1
    outer loop
      vertex 0 139.4 54.4
      vertex 2.4 103.4 54.4
      vertex 2.4 139.4 54.4
    endloop
  endfacet
  facet normal 0 0 1
    outer loop
      vertex 2.4 103.4 54.4
      vertex 0 139.4 54.4
      vertex 0 103.4 54.4
    endloop
  endfacet
  facet normal 0 1 -0
    outer loop
      vertex 2.4 103.4 54.4
      vertex 0 103.4 61.4
      vertex 2.4 103.4 61.4
    endloop
  endfacet
  facet normal 0 1 0
    outer loop
      vertex 0 103.4 61.4
      vertex 2.4 103.4 54.4
      vertex 0 103.4 54.4
    endloop
  endfacet
  facet normal 0 0 -1
    outer loop
      vertex 0 15.4 77.4
      vertex 2.4 51.4 77.4
      vertex 2.4 15.4 77.4
    endloop
  endfacet
  facet normal -0 0 -1
    outer loop
      vertex 2.4 51.4 77.4
      vertex 0 15.4 77.4
      vertex 0 51.4 77.4
    endloop
  endfacet
  facet normal 0 -1 0
    outer loop
      vertex 0 51.4 70.4
      vertex 2.4 51.4 77.4
      vertex 0 51.4 77.4
    endloop
  endfacet
  facet normal 0 -1 -0
    outer loop
      vertex 2.4 51.4 77.4
      vertex 0 51.4 70.4
      vertex 2.4 51.4 70.4
    endloop
  endfacet
  facet normal -0 0 1
    outer loop
      vertex 0 51.4 70.4
      vertex 2.4 15.4 70.4
      vertex 2.4 51.4 70.4
    endloop
  endfacet
  facet normal 0 0 1
    outer loop
      vertex 2.4 15.4 70.4
      vertex 0 51.4 70.4
      vertex 0 15.4 70.4
    endloop
  endfacet
  facet normal 0 1 -0
    outer loop
      vertex 2.4 15.4 70.4
      vertex 0 15.4 77.4
      vertex 2.4 15.4 77.4
    endloop
  endfacet
  facet normal 0 1 0
    outer loop
      vertex 0 15.4 77.4
      vertex 2.4 15.4 70.4
      vertex 0 15.4 70.4
    endloop
  endfacet
  facet normal 0 0 -1
    outer loop
      vertex 0 59.4 77.4
      vertex 2.4 95.4 77.4
      vertex 2.4 59.4 77.4
    endloop
  endfacet
  facet normal -0 0 -1
    outer loop
      vertex 2.4 95.4 77.4
      vertex 0 59.4 77.4
      vertex 0 95.4 77.4
    endloop
  endfacet
  facet normal -0 0 1
    outer loop
      vertex 0 95.4 70.4
      vertex 2.4 59.4 70.4
      vertex 2.4 95.4 70.4
    endloop
  endfacet
  facet normal 0 0 1
    outer loop
      vertex 2.4 59.4 70.4
      vertex 0 95.4 70.4
      vertex 0 59.4 70.4
    endloop
  endfacet
  facet normal 0 1 -0
    outer loop
      vertex 2.4 59.4 70.4
      vertex 0 59.4 77.4
      vertex 2.4 59.4 77.4
    endloop
  endfacet
  facet normal 0 1 0
    outer loop
      vertex 0 59.4 77.4
      vertex 2.4 59.4 70.4
      vertex 0 59.4 70.4
    endloop
  endfacet
  facet normal 0 -1 0
    outer loop
      vertex 0 95.4 70.4
      vertex 2.4 95.4 77.4
      vertex 0 95.4 77.4
    endloop
  endfacet
  facet normal 0 -1 -0
    outer loop
      vertex 2.4 95.4 77.4
      vertex 0 95.4 70.4
      vertex 2.4 95.4 70.4
    endloop
  endfacet
  facet normal 0 0 -1
    outer loop
      vertex 0 103.4 77.4
      vertex 2.4 139.4 77.4
      vertex 2.4 103.4 77.4
    endloop
  endfacet
  facet normal -0 0 -1
    outer loop
      vertex 2.4 139.4 77.4
      vertex 0 103.4 77.4
      vertex 0 139.4 77.4
    endloop
  endfacet
  facet normal -0 0 1
    outer loop
      vertex 0 139.4 70.4
      vertex 2.4 103.4 70.4
      vertex 2.4 139.4 70.4
    endloop
  endfacet
  facet normal 0 0 1
    outer loop
      vertex 2.4 103.4 70.4
      vertex 0 139.4 70.4
      vertex 0 103.4 70.4
    endloop
  endfacet
  facet normal 0 1 -0
    outer loop
      vertex 2.4 103.4 70.4
      vertex 0 103.4 77.4
      vertex 2.4 103.4 77.4
    endloop
  endfacet
  facet normal 0 1 0
    outer loop
      vertex 0 103.4 77.4
      vertex 2.4 103.4 70.4
      vertex 0 103.4 70.4
    endloop
  endfacet
  facet normal 0 -1 0
    outer loop
      vertex 0 139.4 70.4
      vertex 2.4 139.4 77.4
      vertex 0 139.4 77.4
    endloop
  endfacet
  facet normal 0 -1 -0
    outer loop
      vertex 2.4 139.4 77.4
      vertex 0 139.4 70.4
      vertex 2.4 139.4 70.4
    endloop
  endfacet
  facet normal 0 0 -1
    outer loop
      vertex 0 15.4 93.4
      vertex 2.4 51.4 93.4
      vertex 2.4 15.4 93.4
    endloop
  endfacet
  facet normal -0 0 -1
    outer loop
      vertex 2.4 51.4 93.4
      vertex 0 15.4 93.4
      vertex 0 51.4 93.4
    endloop
  endfacet
  facet normal 0 -1 0
    outer loop
      vertex 0 51.4 86.4
      vertex 2.4 51.4 93.4
      vertex 0 51.4 93.4
    endloop
  endfacet
  facet normal 0 -1 -0
    outer loop
      vertex 2.4 51.4 93.4
      vertex 0 51.4 86.4
      vertex 2.4 51.4 86.4
    endloop
  endfacet
  facet normal -0 0 1
    outer loop
      vertex 0 51.4 86.4
      vertex 2.4 15.4 86.4
      vertex 2.4 51.4 86.4
    endloop
  endfacet
  facet normal 0 0 1
    outer loop
      vertex 2.4 15.4 86.4
      vertex 0 51.4 86.4
      vertex 0 15.4 86.4
    endloop
  endfacet
  facet normal 0 1 -0
    outer loop
      vertex 2.4 15.4 86.4
      vertex 0 15.4 93.4
      vertex 2.4 15.4 93.4
    endloop
  endfacet
  facet normal 0 1 0
    outer loop
      vertex 0 15.4 93.4
      vertex 2.4 15.4 86.4
      vertex 0 15.4 86.4
    endloop
  endfacet
  facet normal 0 0 -1
    outer loop
      vertex 0 59.4 93.4
      vertex 2.4 95.4 93.4
      vertex 2.4 59.4 93.4
    endloop
  endfacet
  facet normal -0 0 -1
    outer loop
      vertex 2.4 95.4 93.4
      vertex 0 59.4 93.4
      vertex 0 95.4 93.4
    endloop
  endfacet
  facet normal 0 -1 0
    outer loop
      vertex 0 95.4 86.4
      vertex 2.4 95.4 93.4
      vertex 0 95.4 93.4
    endloop
  endfacet
  facet normal 0 -1 -0
    outer loop
      vertex 2.4 95.4 93.4
      vertex 0 95.4 86.4
      vertex 2.4 95.4 86.4
    endloop
  endfacet
  facet normal -0 0 1
    outer loop
      vertex 0 95.4 86.4
      vertex 2.4 59.4 86.4
      vertex 2.4 95.4 86.4
    endloop
  endfacet
  facet normal 0 0 1
    outer loop
      vertex 2.4 59.4 86.4
      vertex 0 95.4 86.4
      vertex 0 59.4 86.4
    endloop
  endfacet
  facet normal 0 1 -0
    outer loop
      vertex 2.4 59.4 86.4
      vertex 0 59.4 93.4
      vertex 2.4 59.4 93.4
    endloop
  endfacet
  facet normal 0 1 0
    outer loop
      vertex 0 59.4 93.4
      vertex 2.4 59.4 86.4
      vertex 0 59.4 86.4
    endloop
  endfacet
  facet normal 0 0 -1
    outer loop
      vertex 0 103.4 93.4
      vertex 2.4 139.4 93.4
      vertex 2.4 103.4 93.4
    endloop
  endfacet
  facet normal -0 0 -1
    outer loop
      vertex 2.4 139.4 93.4
      vertex 0 103.4 93.4
      vertex 0 139.4 93.4
    endloop
  endfacet
  facet normal -0 0 1
    outer loop
      vertex 0 139.4 86.4
      vertex 2.4 103.4 86.4
      vertex 2.4 139.4 86.4
    endloop
  endfacet
  facet normal 0 0 1
    outer loop
      vertex 2.4 103.4 86.4
      vertex 0 139.4 86.4
      vertex 0 103.4 86.4
    endloop
  endfacet
  facet normal 0 1 -0
    outer loop
      vertex 2.4 103.4 86.4
      vertex 0 103.4 93.4
      vertex 2.4 103.4 93.4
    endloop
  endfacet
  facet normal 0 1 0
    outer loop
      vertex 0 103.4 93.4
      vertex 2.4 103.4 86.4
      vertex 0 103.4 86.4
    endloop
  endfacet
  facet normal 0 -1 0
    outer loop
      vertex 0 139.4 86.4
      vertex 2.4 139.4 93.4
      vertex 0 139.4 93.4
    endloop
  endfacet
  facet normal 0 -1 -0
    outer loop
      vertex 2.4 139.4 93.4
      vertex 0 139.4 86.4
      vertex 2.4 139.4 86.4
    endloop
  endfacet
  facet normal 0 0 -1
    outer loop
      vertex 0 15.4 109.4
      vertex 2.4 51.4 109.4
      vertex 2.4 15.4 109.4
    endloop
  endfacet
  facet normal -0 0 -1
    outer loop
      vertex 2.4 51.4 109.4
      vertex 0 15.4 109.4
      vertex 0 51.4 109.4
    endloop
  endfacet
  facet normal -0 0 1
    outer loop
      vertex 0 51.4 102.4
      vertex 2.4 15.4 102.4
      vertex 2.4 51.4 102.4
    endloop
  endfacet
  facet normal 0 0 1
    outer loop
      vertex 2.4 15.4 102.4
      vertex 0 51.4 102.4
      vertex 0 15.4 102.4
    endloop
  endfacet
  facet normal 0 1 -0
    outer loop
      vertex 2.4 15.4 102.4
      vertex 0 15.4 109.4
      vertex 2.4 15.4 109.4
    endloop
  endfacet
  facet normal 0 1 0
    outer loop
      vertex 0 15.4 109.4
      vertex 2.4 15.4 102.4
      vertex 0 15.4 102.4
    endloop
  endfacet
  facet normal 0 -1 0
    outer loop
      vertex 0 51.4 102.4
      vertex 2.4 51.4 109.4
      vertex 0 51.4 109.4
    endloop
  endfacet
  facet normal 0 -1 -0
    outer loop
      vertex 2.4 51.4 109.4
      vertex 0 51.4 102.4
      vertex 2.4 51.4 102.4
    endloop
  endfacet
  facet normal 0 0 -1
    outer loop
      vertex 0 59.4 109.4
      vertex 2.4 95.4 109.4
      vertex 2.4 59.4 109.4
    endloop
  endfacet
  facet normal -0 0 -1
    outer loop
      vertex 2.4 95.4 109.4
      vertex 0 59.4 109.4
      vertex 0 95.4 109.4
    endloop
  endfacet
  facet normal -0 0 1
    outer loop
      vertex 0 95.4 102.4
      vertex 2.4 59.4 102.4
      vertex 2.4 95.4 102.4
    endloop
  endfacet
  facet normal 0 0 1
    outer loop
      vertex 2.4 59.4 102.4
      vertex 0 95.4 102.4
      vertex 0 59.4 102.4
    endloop
  endfacet
  facet normal 0 1 -0
    outer loop
      vertex 2.4 59.4 102.4
      vertex 0 59.4 109.4
      vertex 2.4 59.4 109.4
    endloop
  endfacet
  facet normal 0 1 0
    outer loop
      vertex 0 59.4 109.4
      vertex 2.4 59.4 102.4
      vertex 0 59.4 102.4
    endloop
  endfacet
  facet normal 0 -1 0
    outer loop
      vertex 0 95.4 102.4
      vertex 2.4 95.4 109.4
      vertex 0 95.4 109.4
    endloop
  endfacet
  facet normal 0 -1 -0
    outer loop
      vertex 2.4 95.4 109.4
      vertex 0 95.4 102.4
      vertex 2.4 95.4 102.4
    endloop
  endfacet
  facet normal 0 0 -1
    outer loop
      vertex 0 103.4 109.4
      vertex 2.4 139.4 109.4
      vertex 2.4 103.4 109.4
    endloop
  endfacet
  facet normal -0 0 -1
    outer loop
      vertex 2.4 139.4 109.4
      vertex 0 103.4 109.4
      vertex 0 139.4 109.4
    endloop
  endfacet
  facet normal -0 0 1
    outer loop
      vertex 0 139.4 102.4
      vertex 2.4 103.4 102.4
      vertex 2.4 139.4 102.4
    endloop
  endfacet
  facet normal 0 0 1
    outer loop
      vertex 2.4 103.4 102.4
      vertex 0 139.4 102.4
      vertex 0 103.4 102.4
    endloop
  endfacet
  facet normal 0 1 -0
    outer loop
      vertex 2.4 103.4 102.4
      vertex 0 103.4 109.4
      vertex 2.4 103.4 109.4
    endloop
  endfacet
  facet normal 0 1 0
    outer loop
      vertex 0 103.4 109.4
      vertex 2.4 103.4 102.4
      vertex 0 103.4 102.4
    endloop
  endfacet
  facet normal 0 -1 0
    outer loop
      vertex 0 139.4 102.4
      vertex 2.4 139.4 109.4
      vertex 0 139.4 109.4
    endloop
  endfacet
  facet normal 0 -1 -0
    outer loop
      vertex 2.4 139.4 109.4
      vertex 0 139.4 102.4
      vertex 2.4 139.4 102.4
    endloop
  endfacet
  facet normal 0 0 -1
    outer loop
      vertex 0 15.4 125.4
      vertex 2.4 51.4 125.4
      vertex 2.4 15.4 125.4
    endloop
  endfacet
  facet normal -0 0 -1
    outer loop
      vertex 2.4 51.4 125.4
      vertex 0 15.4 125.4
      vertex 0 51.4 125.4
    endloop
  endfacet
  facet normal 0 -1 0
    outer loop
      vertex 0 51.4 118.4
      vertex 2.4 51.4 125.4
      vertex 0 51.4 125.4
    endloop
  endfacet
  facet normal 0 -1 -0
    outer loop
      vertex 2.4 51.4 125.4
      vertex 0 51.4 118.4
      vertex 2.4 51.4 118.4
    endloop
  endfacet
  facet normal -0 0 1
    outer loop
      vertex 0 51.4 118.4
      vertex 2.4 15.4 118.4
      vertex 2.4 51.4 118.4
    endloop
  endfacet
  facet normal 0 0 1
    outer loop
      vertex 2.4 15.4 118.4
      vertex 0 51.4 118.4
      vertex 0 15.4 118.4
    endloop
  endfacet
  facet normal 0 1 -0
    outer loop
      vertex 2.4 15.4 118.4
      vertex 0 15.4 125.4
      vertex 2.4 15.4 125.4
    endloop
  endfacet
  facet normal 0 1 0
    outer loop
      vertex 0 15.4 125.4
      vertex 2.4 15.4 118.4
      vertex 0 15.4 118.4
    endloop
  endfacet
  facet normal 0 0 -1
    outer loop
      vertex 0 59.4 125.4
      vertex 2.4 95.4 125.4
      vertex 2.4 59.4 125.4
    endloop
  endfacet
  facet normal -0 0 -1
    outer loop
      vertex 2.4 95.4 125.4
      vertex 0 59.4 125.4
      vertex 0 95.4 125.4
    endloop
  endfacet
  facet normal 0 -1 0
    outer loop
      vertex 0 95.4 118.4
      vertex 2.4 95.4 125.4
      vertex 0 95.4 125.4
    endloop
  endfacet
  facet normal 0 -1 -0
    outer loop
      vertex 2.4 95.4 125.4
      vertex 0 95.4 118.4
      vertex 2.4 95.4 118.4
    endloop
  endfacet
  facet normal -0 0 1
    outer loop
      vertex 0 95.4 118.4
      vertex 2.4 59.4 118.4
      vertex 2.4 95.4 118.4
    endloop
  endfacet
  facet normal 0 0 1
    outer loop
      vertex 2.4 59.4 118.4
      vertex 0 95.4 118.4
      vertex 0 59.4 118.4
    endloop
  endfacet
  facet normal 0 1 -0
    outer loop
      vertex 2.4 59.4 118.4
      vertex 0 59.4 125.4
      vertex 2.4 59.4 125.4
    endloop
  endfacet
  facet normal 0 1 0
    outer loop
      vertex 0 59.4 125.4
      vertex 2.4 59.4 118.4
      vertex 0 59.4 118.4
    endloop
  endfacet
  facet normal 0 0 -1
    outer loop
      vertex 0 103.4 125.4
      vertex 2.4 139.4 125.4
      vertex 2.4 103.4 125.4
    endloop
  endfacet
  facet normal -0 0 -1
    outer loop
      vertex 2.4 139.4 125.4
      vertex 0 103.4 125.4
      vertex 0 139.4 125.4
    endloop
  endfacet
  facet normal -0 0 1
    outer loop
      vertex 0 139.4 118.4
      vertex 2.4 103.4 118.4
      vertex 2.4 139.4 118.4
    endloop
  endfacet
  facet normal 0 0 1
    outer loop
      vertex 2.4 103.4 118.4
      vertex 0 139.4 118.4
      vertex 0 103.4 118.4
    endloop
  endfacet
  facet normal 0 1 -0
    outer loop
      vertex 2.4 103.4 118.4
      vertex 0 103.4 125.4
      vertex 2.4 103.4 125.4
    endloop
  endfacet
  facet normal 0 1 0
    outer loop
      vertex 0 103.4 125.4
      vertex 2.4 103.4 118.4
      vertex 0 103.4 118.4
    endloop
  endfacet
  facet normal 0 -1 0
    outer loop
      vertex 0 139.4 118.4
      vertex 2.4 139.4 125.4
      vertex 0 139.4 125.4
    endloop
  endfacet
  facet normal 0 -1 -0
    outer loop
      vertex 2.4 139.4 125.4
      vertex 0 139.4 118.4
      vertex 2.4 139.4 118.4
    endloop
  endfacet
  facet normal 0 0 -1
    outer loop
      vertex 0 15.4 141.4
      vertex 2.4 51.4 141.4
      vertex 2.4 15.4 141.4
    endloop
  endfacet
  facet normal -0 0 -1
    outer loop
      vertex 2.4 51.4 141.4
      vertex 0 15.4 141.4
      vertex 0 51.4 141.4
    endloop
  endfacet
  facet normal -0 0 1
    outer loop
      vertex 0 51.4 134.4
      vertex 2.4 15.4 134.4
      vertex 2.4 51.4 134.4
    endloop
  endfacet
  facet normal 0 0 1
    outer loop
      vertex 2.4 15.4 134.4
      vertex 0 51.4 134.4
      vertex 0 15.4 134.4
    endloop
  endfacet
  facet normal 0 1 -0
    outer loop
      vertex 2.4 15.4 134.4
      vertex 0 15.4 141.4
      vertex 2.4 15.4 141.4
    endloop
  endfacet
  facet normal 0 1 0
    outer loop
      vertex 0 15.4 141.4
      vertex 2.4 15.4 134.4
      vertex 0 15.4 134.4
    endloop
  endfacet
  facet normal 0 -1 0
    outer loop
      vertex 0 51.4 134.4
      vertex 2.4 51.4 141.4
      vertex 0 51.4 141.4
    endloop
  endfacet
  facet normal 0 -1 -0
    outer loop
      vertex 2.4 51.4 141.4
      vertex 0 51.4 134.4
      vertex 2.4 51.4 134.4
    endloop
  endfacet
  facet normal 0 0 -1
    outer loop
      vertex 0 59.4 141.4
      vertex 2.4 95.4 141.4
      vertex 2.4 59.4 141.4
    endloop
  endfacet
  facet normal -0 0 -1
    outer loop
      vertex 2.4 95.4 141.4
      vertex 0 59.4 141.4
      vertex 0 95.4 141.4
    endloop
  endfacet
  facet normal 0 -1 0
    outer loop
      vertex 0 95.4 134.4
      vertex 2.4 95.4 141.4
      vertex 0 95.4 141.4
    endloop
  endfacet
  facet normal 0 -1 -0
    outer loop
      vertex 2.4 95.4 141.4
      vertex 0 95.4 134.4
      vertex 2.4 95.4 134.4
    endloop
  endfacet
  facet normal -0 0 1
    outer loop
      vertex 0 95.4 134.4
      vertex 2.4 59.4 134.4
      vertex 2.4 95.4 134.4
    endloop
  endfacet
  facet normal 0 0 1
    outer loop
      vertex 2.4 59.4 134.4
      vertex 0 95.4 134.4
      vertex 0 59.4 134.4
    endloop
  endfacet
  facet normal 0 1 -0
    outer loop
      vertex 2.4 59.4 134.4
      vertex 0 59.4 141.4
      vertex 2.4 59.4 141.4
    endloop
  endfacet
  facet normal 0 1 0
    outer loop
      vertex 0 59.4 141.4
      vertex 2.4 59.4 134.4
      vertex 0 59.4 134.4
    endloop
  endfacet
  facet normal 0 0 -1
    outer loop
      vertex 0 103.4 141.4
      vertex 2.4 139.4 141.4
      vertex 2.4 103.4 141.4
    endloop
  endfacet
  facet normal -0 0 -1
    outer loop
      vertex 2.4 139.4 141.4
      vertex 0 103.4 141.4
      vertex 0 139.4 141.4
    endloop
  endfacet
  facet normal -0 0 1
    outer loop
      vertex 0 139.4 134.4
      vertex 2.4 103.4 134.4
      vertex 2.4 139.4 134.4
    endloop
  endfacet
  facet normal 0 0 1
    outer loop
      vertex 2.4 103.4 134.4
      vertex 0 139.4 134.4
      vertex 0 103.4 134.4
    endloop
  endfacet
  facet normal 0 1 -0
    outer loop
      vertex 2.4 103.4 134.4
      vertex 0 103.4 141.4
      vertex 2.4 103.4 141.4
    endloop
  endfacet
  facet normal 0 1 0
    outer loop
      vertex 0 103.4 141.4
      vertex 2.4 103.4 134.4
      vertex 0 103.4 134.4
    endloop
  endfacet
  facet normal 0 -1 0
    outer loop
      vertex 0 139.4 134.4
      vertex 2.4 139.4 141.4
      vertex 0 139.4 141.4
    endloop
  endfacet
  facet normal 0 -1 -0
    outer loop
      vertex 2.4 139.4 141.4
      vertex 0 139.4 134.4
      vertex 2.4 139.4 134.4
    endloop
  endfacet
  facet normal 0 -0.0871403 0.996196
    outer loop
      vertex 72.4 61.6778 69.8243
      vertex 77.8 61.4 69.8
      vertex 77.8 61.6778 69.8243
    endloop
  endfacet
  facet normal 0 -0.0871403 0.996196
    outer loop
      vertex 77.8 61.4 69.8
      vertex 72.4 61.6778 69.8243
      vertex 72.4 61.4 69.8
    endloop
  endfacet
  facet normal 0 -0.0871403 -0.996196
    outer loop
      vertex 72.4 61.4 73
      vertex 77.8 61.6778 72.9757
      vertex 77.8 61.4 73
    endloop
  endfacet
  facet normal -0 -0.0871403 -0.996196
    outer loop
      vertex 77.8 61.6778 72.9757
      vertex 72.4 61.4 73
      vertex 72.4 61.6778 72.9757
    endloop
  endfacet
  facet normal 0 0.996196 -0.0871403
    outer loop
      vertex 77.8 59.8 71.4
      vertex 72.4 59.8243 71.6778
      vertex 77.8 59.8243 71.6778
    endloop
  endfacet
  facet normal 0 0.996196 -0.0871403
    outer loop
      vertex 72.4 59.8243 71.6778
      vertex 77.8 59.8 71.4
      vertex 72.4 59.8 71.4
    endloop
  endfacet
  facet normal 0 0.573342 -0.819316
    outer loop
      vertex 72.4 60.3715 72.6257
      vertex 77.8 60.6 72.7856
      vertex 77.8 60.3715 72.6257
    endloop
  endfacet
  facet normal 0 0.573342 -0.819316
    outer loop
      vertex 77.8 60.6 72.7856
      vertex 72.4 60.3715 72.6257
      vertex 72.4 60.6 72.7856
    endloop
  endfacet
  facet normal 0 -0.819316 -0.573342
    outer loop
      vertex 72.4 62.7856 72.2
      vertex 77.8 62.6257 72.4285
      vertex 72.4 62.6257 72.4285
    endloop
  endfacet
  facet normal 0 -0.819316 -0.573342
    outer loop
      vertex 77.8 62.6257 72.4285
      vertex 72.4 62.7856 72.2
      vertex 77.8 62.7856 72.2
    endloop
  endfacet
  facet normal 0 -0.965913 -0.258868
    outer loop
      vertex 72.4 62.9757 71.6778
      vertex 77.8 62.9035 71.9472
      vertex 72.4 62.9035 71.9472
    endloop
  endfacet
  facet normal 0 -0.965913 -0.258868
    outer loop
      vertex 77.8 62.9035 71.9472
      vertex 72.4 62.9757 71.6778
      vertex 77.8 62.9757 71.6778
    endloop
  endfacet
  facet normal 0 0.258868 -0.965913
    outer loop
      vertex 72.4 60.8528 72.9035
      vertex 77.8 61.1222 72.9757
      vertex 77.8 60.8528 72.9035
    endloop
  endfacet
  facet normal 0 0.258868 -0.965913
    outer loop
      vertex 77.8 61.1222 72.9757
      vertex 72.4 60.8528 72.9035
      vertex 72.4 61.1222 72.9757
    endloop
  endfacet
  facet normal 0 -0.258868 0.965913
    outer loop
      vertex 72.4 61.9472 69.8965
      vertex 77.8 61.6778 69.8243
      vertex 77.8 61.9472 69.8965
    endloop
  endfacet
  facet normal 0 -0.258868 0.965913
    outer loop
      vertex 77.8 61.6778 69.8243
      vertex 72.4 61.9472 69.8965
      vertex 72.4 61.6778 69.8243
    endloop
  endfacet
  facet normal 0 -0.573342 0.819316
    outer loop
      vertex 72.4 62.4285 70.1743
      vertex 77.8 62.2 70.0144
      vertex 77.8 62.4285 70.1743
    endloop
  endfacet
  facet normal 0 -0.573342 0.819316
    outer loop
      vertex 77.8 62.2 70.0144
      vertex 72.4 62.4285 70.1743
      vertex 72.4 62.2 70.0144
    endloop
  endfacet
  facet normal 0 -0.965913 0.258868
    outer loop
      vertex 72.4 62.9035 70.8528
      vertex 77.8 62.9757 71.1222
      vertex 72.4 62.9757 71.1222
    endloop
  endfacet
  facet normal 0 -0.965913 0.258868
    outer loop
      vertex 77.8 62.9757 71.1222
      vertex 72.4 62.9035 70.8528
      vertex 77.8 62.9035 70.8528
    endloop
  endfacet
  facet normal 0 -0.819316 0.573342
    outer loop
      vertex 72.4 62.6257 70.3715
      vertex 77.8 62.7856 70.6
      vertex 72.4 62.7856 70.6
    endloop
  endfacet
  facet normal 0 -0.819316 0.573342
    outer loop
      vertex 77.8 62.7856 70.6
      vertex 72.4 62.6257 70.3715
      vertex 77.8 62.6257 70.3715
    endloop
  endfacet
  facet normal 0 -0.42267 -0.906284
    outer loop
      vertex 72.4 61.9472 72.9035
      vertex 77.8 62.2 72.7856
      vertex 77.8 61.9472 72.9035
    endloop
  endfacet
  facet normal -0 -0.42267 -0.906284
    outer loop
      vertex 77.8 62.2 72.7856
      vertex 72.4 61.9472 72.9035
      vertex 72.4 62.2 72.7856
    endloop
  endfacet
  facet normal 0 -0.707107 -0.707107
    outer loop
      vertex 72.4 62.6257 72.4285
      vertex 77.8 62.4285 72.6257
      vertex 72.4 62.4285 72.6257
    endloop
  endfacet
  facet normal 0 -0.707107 -0.707107
    outer loop
      vertex 77.8 62.4285 72.6257
      vertex 72.4 62.6257 72.4285
      vertex 77.8 62.6257 72.4285
    endloop
  endfacet
  facet normal 0 -0.258868 -0.965913
    outer loop
      vertex 72.4 61.6778 72.9757
      vertex 77.8 61.9472 72.9035
      vertex 77.8 61.6778 72.9757
    endloop
  endfacet
  facet normal -0 -0.258868 -0.965913
    outer loop
      vertex 77.8 61.9472 72.9035
      vertex 72.4 61.6778 72.9757
      vertex 72.4 61.9472 72.9035
    endloop
  endfacet
  facet normal 0 -0.906284 -0.42267
    outer loop
      vertex 72.4 62.9035 71.9472
      vertex 77.8 62.7856 72.2
      vertex 72.4 62.7856 72.2
    endloop
  endfacet
  facet normal 0 -0.906284 -0.42267
    outer loop
      vertex 77.8 62.7856 72.2
      vertex 72.4 62.9035 71.9472
      vertex 77.8 62.9035 71.9472
    endloop
  endfacet
  facet normal 0 -0.996196 -0.0871403
    outer loop
      vertex 72.4 63 71.4
      vertex 77.8 62.9757 71.6778
      vertex 72.4 62.9757 71.6778
    endloop
  endfacet
  facet normal 0 -0.996196 -0.0871403
    outer loop
      vertex 77.8 62.9757 71.6778
      vertex 72.4 63 71.4
      vertex 77.8 63 71.4
    endloop
  endfacet
  facet normal 0 0.819316 0.573342
    outer loop
      vertex 77.8 60.1743 70.3715
      vertex 72.4 60.0144 70.6
      vertex 77.8 60.0144 70.6
    endloop
  endfacet
  facet normal 0 0.819316 0.573342
    outer loop
      vertex 72.4 60.0144 70.6
      vertex 77.8 60.1743 70.3715
      vertex 72.4 60.1743 70.3715
    endloop
  endfacet
  facet normal -0 0.573342 0.819316
    outer loop
      vertex 72.4 60.6 70.0144
      vertex 77.8 60.3715 70.1743
      vertex 77.8 60.6 70.0144
    endloop
  endfacet
  facet normal 0 0.573342 0.819316
    outer loop
      vertex 77.8 60.3715 70.1743
      vertex 72.4 60.6 70.0144
      vertex 72.4 60.3715 70.1743
    endloop
  endfacet
  facet normal -0 0.258868 0.965913
    outer loop
      vertex 72.4 61.1222 69.8243
      vertex 77.8 60.8528 69.8965
      vertex 77.8 61.1222 69.8243
    endloop
  endfacet
  facet normal 0 0.258868 0.965913
    outer loop
      vertex 77.8 60.8528 69.8965
      vertex 72.4 61.1222 69.8243
      vertex 72.4 60.8528 69.8965
    endloop
  endfacet
  facet normal 0 0.819316 -0.573342
    outer loop
      vertex 77.8 60.0144 72.2
      vertex 72.4 60.1743 72.4285
      vertex 77.8 60.1743 72.4285
    endloop
  endfacet
  facet normal 0 0.819316 -0.573342
    outer loop
      vertex 72.4 60.1743 72.4285
      vertex 77.8 60.0144 72.2
      vertex 72.4 60.0144 72.2
    endloop
  endfacet
  facet normal 0 0.707107 -0.707107
    outer loop
      vertex 77.8 60.1743 72.4285
      vertex 72.4 60.3715 72.6257
      vertex 77.8 60.3715 72.6257
    endloop
  endfacet
  facet normal 0 0.707107 -0.707107
    outer loop
      vertex 72.4 60.3715 72.6257
      vertex 77.8 60.1743 72.4285
      vertex 72.4 60.1743 72.4285
    endloop
  endfacet
  facet normal 0 0.906284 -0.42267
    outer loop
      vertex 77.8 59.8965 71.9472
      vertex 72.4 60.0144 72.2
      vertex 77.8 60.0144 72.2
    endloop
  endfacet
  facet normal 0 0.906284 -0.42267
    outer loop
      vertex 72.4 60.0144 72.2
      vertex 77.8 59.8965 71.9472
      vertex 72.4 59.8965 71.9472
    endloop
  endfacet
  facet normal 0 0.42267 -0.906284
    outer loop
      vertex 72.4 60.6 72.7856
      vertex 77.8 60.8528 72.9035
      vertex 77.8 60.6 72.7856
    endloop
  endfacet
  facet normal 0 0.42267 -0.906284
    outer loop
      vertex 77.8 60.8528 72.9035
      vertex 72.4 60.6 72.7856
      vertex 72.4 60.8528 72.9035
    endloop
  endfacet
  facet normal 0 0.0871403 -0.996196
    outer loop
      vertex 72.4 61.1222 72.9757
      vertex 77.8 61.4 73
      vertex 77.8 61.1222 72.9757
    endloop
  endfacet
  facet normal 0 0.0871403 -0.996196
    outer loop
      vertex 77.8 61.4 73
      vertex 72.4 61.1222 72.9757
      vertex 72.4 61.4 73
    endloop
  endfacet
  facet normal 0 -0.42267 0.906284
    outer loop
      vertex 72.4 62.2 70.0144
      vertex 77.8 61.9472 69.8965
      vertex 77.8 62.2 70.0144
    endloop
  endfacet
  facet normal 0 -0.42267 0.906284
    outer loop
      vertex 77.8 61.9472 69.8965
      vertex 72.4 62.2 70.0144
      vertex 72.4 61.9472 69.8965
    endloop
  endfacet
  facet normal 0 -0.707107 0.707107
    outer loop
      vertex 72.4 62.6257 70.3715
      vertex 77.8 62.4285 70.1743
      vertex 77.8 62.6257 70.3715
    endloop
  endfacet
  facet normal 0 -0.707107 0.707107
    outer loop
      vertex 77.8 62.4285 70.1743
      vertex 72.4 62.6257 70.3715
      vertex 72.4 62.4285 70.1743
    endloop
  endfacet
  facet normal 0 -0.996196 0.0871403
    outer loop
      vertex 72.4 62.9757 71.1222
      vertex 77.8 63 71.4
      vertex 72.4 63 71.4
    endloop
  endfacet
  facet normal 0 -0.996196 0.0871403
    outer loop
      vertex 77.8 63 71.4
      vertex 72.4 62.9757 71.1222
      vertex 77.8 62.9757 71.1222
    endloop
  endfacet
  facet normal 0 -0.906284 0.42267
    outer loop
      vertex 72.4 62.7856 70.6
      vertex 77.8 62.9035 70.8528
      vertex 72.4 62.9035 70.8528
    endloop
  endfacet
  facet normal 0 -0.906284 0.42267
    outer loop
      vertex 77.8 62.9035 70.8528
      vertex 72.4 62.7856 70.6
      vertex 77.8 62.7856 70.6
    endloop
  endfacet
  facet normal 0 -0.573342 -0.819316
    outer loop
      vertex 72.4 62.2 72.7856
      vertex 77.8 62.4285 72.6257
      vertex 77.8 62.2 72.7856
    endloop
  endfacet
  facet normal -0 -0.573342 -0.819316
    outer loop
      vertex 77.8 62.4285 72.6257
      vertex 72.4 62.2 72.7856
      vertex 72.4 62.4285 72.6257
    endloop
  endfacet
  facet normal -0 0.0871403 0.996196
    outer loop
      vertex 72.4 61.4 69.8
      vertex 77.8 61.1222 69.8243
      vertex 77.8 61.4 69.8
    endloop
  endfacet
  facet normal 0 0.0871403 0.996196
    outer loop
      vertex 77.8 61.1222 69.8243
      vertex 72.4 61.4 69.8
      vertex 72.4 61.1222 69.8243
    endloop
  endfacet
  facet normal 0 0.996196 0.0871403
    outer loop
      vertex 77.8 59.8243 71.1222
      vertex 72.4 59.8 71.4
      vertex 77.8 59.8 71.4
    endloop
  endfacet
  facet normal 0 0.996196 0.0871403
    outer loop
      vertex 72.4 59.8 71.4
      vertex 77.8 59.8243 71.1222
      vertex 72.4 59.8243 71.1222
    endloop
  endfacet
  facet normal 0 0.906284 0.42267
    outer loop
      vertex 77.8 60.0144 70.6
      vertex 72.4 59.8965 70.8528
      vertex 77.8 59.8965 70.8528
    endloop
  endfacet
  facet normal 0 0.906284 0.42267
    outer loop
      vertex 72.4 59.8965 70.8528
      vertex 77.8 60.0144 70.6
      vertex 72.4 60.0144 70.6
    endloop
  endfacet
  facet normal -0 0.707107 0.707107
    outer loop
      vertex 72.4 60.3715 70.1743
      vertex 77.8 60.1743 70.3715
      vertex 77.8 60.3715 70.1743
    endloop
  endfacet
  facet normal 0 0.707107 0.707107
    outer loop
      vertex 77.8 60.1743 70.3715
      vertex 72.4 60.3715 70.1743
      vertex 72.4 60.1743 70.3715
    endloop
  endfacet
  facet normal -0 0.42267 0.906284
    outer loop
      vertex 72.4 60.8528 69.8965
      vertex 77.8 60.6 70.0144
      vertex 77.8 60.8528 69.8965
    endloop
  endfacet
  facet normal 0 0.42267 0.906284
    outer loop
      vertex 77.8 60.6 70.0144
      vertex 72.4 60.8528 69.8965
      vertex 72.4 60.6 70.0144
    endloop
  endfacet
  facet normal 0 0.965913 -0.258868
    outer loop
      vertex 77.8 59.8243 71.6778
      vertex 72.4 59.8965 71.9472
      vertex 77.8 59.8965 71.9472
    endloop
  endfacet
  facet normal 0 0.965913 -0.258868
    outer loop
      vertex 72.4 59.8965 71.9472
      vertex 77.8 59.8243 71.6778
      vertex 72.4 59.8243 71.6778
    endloop
  endfacet
  facet normal 0 0.965913 0.258868
    outer loop
      vertex 77.8 59.8965 70.8528
      vertex 72.4 59.8243 71.1222
      vertex 77.8 59.8243 71.1222
    endloop
  endfacet
  facet normal 0 0.965913 0.258868
    outer loop
      vertex 72.4 59.8243 71.1222
      vertex 77.8 59.8965 70.8528
      vertex 72.4 59.8965 70.8528
    endloop
  endfacet
  facet normal 0 -0.0871403 0.996196
    outer loop
      vertex 72.4 93.6778 69.8243
      vertex 77.8 93.4 69.8
      vertex 77.8 93.6778 69.8243
    endloop
  endfacet
  facet normal 0 -0.0871403 0.996196
    outer loop
      vertex 77.8 93.4 69.8
      vertex 72.4 93.6778 69.8243
      vertex 72.4 93.4 69.8
    endloop
  endfacet
  facet normal 0 -0.0871403 -0.996196
    outer loop
      vertex 72.4 93.4 73
      vertex 77.8 93.6778 72.9757
      vertex 77.8 93.4 73
    endloop
  endfacet
  facet normal -0 -0.0871403 -0.996196
    outer loop
      vertex 77.8 93.6778 72.9757
      vertex 72.4 93.4 73
      vertex 72.4 93.6778 72.9757
    endloop
  endfacet
  facet normal 0 0.996196 -0.0871403
    outer loop
      vertex 77.8 91.8 71.4
      vertex 72.4 91.8243 71.6778
      vertex 77.8 91.8243 71.6778
    endloop
  endfacet
  facet normal 0 0.996196 -0.0871403
    outer loop
      vertex 72.4 91.8243 71.6778
      vertex 77.8 91.8 71.4
      vertex 72.4 91.8 71.4
    endloop
  endfacet
  facet normal 0 0.573342 -0.819316
    outer loop
      vertex 72.4 92.3715 72.6257
      vertex 77.8 92.6 72.7856
      vertex 77.8 92.3715 72.6257
    endloop
  endfacet
  facet normal 0 0.573342 -0.819316
    outer loop
      vertex 77.8 92.6 72.7856
      vertex 72.4 92.3715 72.6257
      vertex 72.4 92.6 72.7856
    endloop
  endfacet
  facet normal 0 -0.819316 -0.573342
    outer loop
      vertex 72.4 94.7856 72.2
      vertex 77.8 94.6257 72.4285
      vertex 72.4 94.6257 72.4285
    endloop
  endfacet
  facet normal 0 -0.819316 -0.573342
    outer loop
      vertex 77.8 94.6257 72.4285
      vertex 72.4 94.7856 72.2
      vertex 77.8 94.7856 72.2
    endloop
  endfacet
  facet normal 0 -0.965913 -0.258868
    outer loop
      vertex 72.4 94.9757 71.6778
      vertex 77.8 94.9035 71.9472
      vertex 72.4 94.9035 71.9472
    endloop
  endfacet
  facet normal 0 -0.965913 -0.258868
    outer loop
      vertex 77.8 94.9035 71.9472
      vertex 72.4 94.9757 71.6778
      vertex 77.8 94.9757 71.6778
    endloop
  endfacet
  facet normal 0 0.258868 -0.965913
    outer loop
      vertex 72.4 92.8528 72.9035
      vertex 77.8 93.1222 72.9757
      vertex 77.8 92.8528 72.9035
    endloop
  endfacet
  facet normal 0 0.258868 -0.965913
    outer loop
      vertex 77.8 93.1222 72.9757
      vertex 72.4 92.8528 72.9035
      vertex 72.4 93.1222 72.9757
    endloop
  endfacet
  facet normal 0 -0.258868 0.965913
    outer loop
      vertex 72.4 93.9472 69.8965
      vertex 77.8 93.6778 69.8243
      vertex 77.8 93.9472 69.8965
    endloop
  endfacet
  facet normal 0 -0.258868 0.965913
    outer loop
      vertex 77.8 93.6778 69.8243
      vertex 72.4 93.9472 69.8965
      vertex 72.4 93.6778 69.8243
    endloop
  endfacet
  facet normal 0 -0.573342 0.819316
    outer loop
      vertex 72.4 94.4285 70.1743
      vertex 77.8 94.2 70.0144
      vertex 77.8 94.4285 70.1743
    endloop
  endfacet
  facet normal 0 -0.573342 0.819316
    outer loop
      vertex 77.8 94.2 70.0144
      vertex 72.4 94.4285 70.1743
      vertex 72.4 94.2 70.0144
    endloop
  endfacet
  facet normal 0 -0.965913 0.258868
    outer loop
      vertex 72.4 94.9035 70.8528
      vertex 77.8 94.9757 71.1222
      vertex 72.4 94.9757 71.1222
    endloop
  endfacet
  facet normal 0 -0.965913 0.258868
    outer loop
      vertex 77.8 94.9757 71.1222
      vertex 72.4 94.9035 70.8528
      vertex 77.8 94.9035 70.8528
    endloop
  endfacet
  facet normal 0 -0.819316 0.573342
    outer loop
      vertex 72.4 94.6257 70.3715
      vertex 77.8 94.7856 70.6
      vertex 72.4 94.7856 70.6
    endloop
  endfacet
  facet normal 0 -0.819316 0.573342
    outer loop
      vertex 77.8 94.7856 70.6
      vertex 72.4 94.6257 70.3715
      vertex 77.8 94.6257 70.3715
    endloop
  endfacet
  facet normal 0 -0.42267 -0.906284
    outer loop
      vertex 72.4 93.9472 72.9035
      vertex 77.8 94.2 72.7856
      vertex 77.8 93.9472 72.9035
    endloop
  endfacet
  facet normal -0 -0.42267 -0.906284
    outer loop
      vertex 77.8 94.2 72.7856
      vertex 72.4 93.9472 72.9035
      vertex 72.4 94.2 72.7856
    endloop
  endfacet
  facet normal 0 -0.707107 -0.707107
    outer loop
      vertex 72.4 94.6257 72.4285
      vertex 77.8 94.4285 72.6257
      vertex 72.4 94.4285 72.6257
    endloop
  endfacet
  facet normal 0 -0.707107 -0.707107
    outer loop
      vertex 77.8 94.4285 72.6257
      vertex 72.4 94.6257 72.4285
      vertex 77.8 94.6257 72.4285
    endloop
  endfacet
  facet normal 0 -0.258868 -0.965913
    outer loop
      vertex 72.4 93.6778 72.9757
      vertex 77.8 93.9472 72.9035
      vertex 77.8 93.6778 72.9757
    endloop
  endfacet
  facet normal -0 -0.258868 -0.965913
    outer loop
      vertex 77.8 93.9472 72.9035
      vertex 72.4 93.6778 72.9757
      vertex 72.4 93.9472 72.9035
    endloop
  endfacet
  facet normal 0 -0.906284 -0.42267
    outer loop
      vertex 72.4 94.9035 71.9472
      vertex 77.8 94.7856 72.2
      vertex 72.4 94.7856 72.2
    endloop
  endfacet
  facet normal 0 -0.906284 -0.42267
    outer loop
      vertex 77.8 94.7856 72.2
      vertex 72.4 94.9035 71.9472
      vertex 77.8 94.9035 71.9472
    endloop
  endfacet
  facet normal 0 -0.996196 -0.0871403
    outer loop
      vertex 72.4 95 71.4
      vertex 77.8 94.9757 71.6778
      vertex 72.4 94.9757 71.6778
    endloop
  endfacet
  facet normal 0 -0.996196 -0.0871403
    outer loop
      vertex 77.8 94.9757 71.6778
      vertex 72.4 95 71.4
      vertex 77.8 95 71.4
    endloop
  endfacet
  facet normal 0 0.819316 0.573342
    outer loop
      vertex 77.8 92.1743 70.3715
      vertex 72.4 92.0144 70.6
      vertex 77.8 92.0144 70.6
    endloop
  endfacet
  facet normal 0 0.819316 0.573342
    outer loop
      vertex 72.4 92.0144 70.6
      vertex 77.8 92.1743 70.3715
      vertex 72.4 92.1743 70.3715
    endloop
  endfacet
  facet normal -0 0.573342 0.819316
    outer loop
      vertex 72.4 92.6 70.0144
      vertex 77.8 92.3715 70.1743
      vertex 77.8 92.6 70.0144
    endloop
  endfacet
  facet normal 0 0.573342 0.819316
    outer loop
      vertex 77.8 92.3715 70.1743
      vertex 72.4 92.6 70.0144
      vertex 72.4 92.3715 70.1743
    endloop
  endfacet
  facet normal -0 0.258868 0.965913
    outer loop
      vertex 72.4 93.1222 69.8243
      vertex 77.8 92.8528 69.8965
      vertex 77.8 93.1222 69.8243
    endloop
  endfacet
  facet normal 0 0.258868 0.965913
    outer loop
      vertex 77.8 92.8528 69.8965
      vertex 72.4 93.1222 69.8243
      vertex 72.4 92.8528 69.8965
    endloop
  endfacet
  facet normal 0 0.819316 -0.573342
    outer loop
      vertex 77.8 92.0144 72.2
      vertex 72.4 92.1743 72.4285
      vertex 77.8 92.1743 72.4285
    endloop
  endfacet
  facet normal 0 0.819316 -0.573342
    outer loop
      vertex 72.4 92.1743 72.4285
      vertex 77.8 92.0144 72.2
      vertex 72.4 92.0144 72.2
    endloop
  endfacet
  facet normal 0 0.707107 -0.707107
    outer loop
      vertex 77.8 92.1743 72.4285
      vertex 72.4 92.3715 72.6257
      vertex 77.8 92.3715 72.6257
    endloop
  endfacet
  facet normal 0 0.707107 -0.707107
    outer loop
      vertex 72.4 92.3715 72.6257
      vertex 77.8 92.1743 72.4285
      vertex 72.4 92.1743 72.4285
    endloop
  endfacet
  facet normal 0 0.906284 -0.42267
    outer loop
      vertex 77.8 91.8965 71.9472
      vertex 72.4 92.0144 72.2
      vertex 77.8 92.0144 72.2
    endloop
  endfacet
  facet normal 0 0.906284 -0.42267
    outer loop
      vertex 72.4 92.0144 72.2
      vertex 77.8 91.8965 71.9472
      vertex 72.4 91.8965 71.9472
    endloop
  endfacet
  facet normal 0 0.42267 -0.906284
    outer loop
      vertex 72.4 92.6 72.7856
      vertex 77.8 92.8528 72.9035
      vertex 77.8 92.6 72.7856
    endloop
  endfacet
  facet normal 0 0.42267 -0.906284
    outer loop
      vertex 77.8 92.8528 72.9035
      vertex 72.4 92.6 72.7856
      vertex 72.4 92.8528 72.9035
    endloop
  endfacet
  facet normal 0 0.0871403 -0.996196
    outer loop
      vertex 72.4 93.1222 72.9757
      vertex 77.8 93.4 73
      vertex 77.8 93.1222 72.9757
    endloop
  endfacet
  facet normal 0 0.0871403 -0.996196
    outer loop
      vertex 77.8 93.4 73
      vertex 72.4 93.1222 72.9757
      vertex 72.4 93.4 73
    endloop
  endfacet
  facet normal 0 -0.42267 0.906284
    outer loop
      vertex 72.4 94.2 70.0144
      vertex 77.8 93.9472 69.8965
      vertex 77.8 94.2 70.0144
    endloop
  endfacet
  facet normal 0 -0.42267 0.906284
    outer loop
      vertex 77.8 93.9472 69.8965
      vertex 72.4 94.2 70.0144
      vertex 72.4 93.9472 69.8965
    endloop
  endfacet
  facet normal 0 -0.707107 0.707107
    outer loop
      vertex 72.4 94.6257 70.3715
      vertex 77.8 94.4285 70.1743
      vertex 77.8 94.6257 70.3715
    endloop
  endfacet
  facet normal 0 -0.707107 0.707107
    outer loop
      vertex 77.8 94.4285 70.1743
      vertex 72.4 94.6257 70.3715
      vertex 72.4 94.4285 70.1743
    endloop
  endfacet
  facet normal 0 -0.996196 0.0871403
    outer loop
      vertex 72.4 94.9757 71.1222
      vertex 77.8 95 71.4
      vertex 72.4 95 71.4
    endloop
  endfacet
  facet normal 0 -0.996196 0.0871403
    outer loop
      vertex 77.8 95 71.4
      vertex 72.4 94.9757 71.1222
      vertex 77.8 94.9757 71.1222
    endloop
  endfacet
  facet normal 0 -0.906284 0.42267
    outer loop
      vertex 72.4 94.7856 70.6
      vertex 77.8 94.9035 70.8528
      vertex 72.4 94.9035 70.8528
    endloop
  endfacet
  facet normal 0 -0.906284 0.42267
    outer loop
      vertex 77.8 94.9035 70.8528
      vertex 72.4 94.7856 70.6
      vertex 77.8 94.7856 70.6
    endloop
  endfacet
  facet normal 0 -0.573342 -0.819316
    outer loop
      vertex 72.4 94.2 72.7856
      vertex 77.8 94.4285 72.6257
      vertex 77.8 94.2 72.7856
    endloop
  endfacet
  facet normal -0 -0.573342 -0.819316
    outer loop
      vertex 77.8 94.4285 72.6257
      vertex 72.4 94.2 72.7856
      vertex 72.4 94.4285 72.6257
    endloop
  endfacet
  facet normal -0 0.0871403 0.996196
    outer loop
      vertex 72.4 93.4 69.8
      vertex 77.8 93.1222 69.8243
      vertex 77.8 93.4 69.8
    endloop
  endfacet
  facet normal 0 0.0871403 0.996196
    outer loop
      vertex 77.8 93.1222 69.8243
      vertex 72.4 93.4 69.8
      vertex 72.4 93.1222 69.8243
    endloop
  endfacet
  facet normal 0 0.996196 0.0871403
    outer loop
      vertex 77.8 91.8243 71.1222
      vertex 72.4 91.8 71.4
      vertex 77.8 91.8 71.4
    endloop
  endfacet
  facet normal 0 0.996196 0.0871403
    outer loop
      vertex 72.4 91.8 71.4
      vertex 77.8 91.8243 71.1222
      vertex 72.4 91.8243 71.1222
    endloop
  endfacet
  facet normal 0 0.906284 0.42267
    outer loop
      vertex 77.8 92.0144 70.6
      vertex 72.4 91.8965 70.8528
      vertex 77.8 91.8965 70.8528
    endloop
  endfacet
  facet normal 0 0.906284 0.42267
    outer loop
      vertex 72.4 91.8965 70.8528
      vertex 77.8 92.0144 70.6
      vertex 72.4 92.0144 70.6
    endloop
  endfacet
  facet normal 0 0.707107 0.707107
    outer loop
      vertex 77.8 92.3715 70.1743
      vertex 72.4 92.1743 70.3715
      vertex 77.8 92.1743 70.3715
    endloop
  endfacet
  facet normal 0 0.707107 0.707107
    outer loop
      vertex 72.4 92.1743 70.3715
      vertex 77.8 92.3715 70.1743
      vertex 72.4 92.3715 70.1743
    endloop
  endfacet
  facet normal -0 0.42267 0.906284
    outer loop
      vertex 72.4 92.8528 69.8965
      vertex 77.8 92.6 70.0144
      vertex 77.8 92.8528 69.8965
    endloop
  endfacet
  facet normal 0 0.42267 0.906284
    outer loop
      vertex 77.8 92.6 70.0144
      vertex 72.4 92.8528 69.8965
      vertex 72.4 92.6 70.0144
    endloop
  endfacet
  facet normal 0 0.965913 -0.258868
    outer loop
      vertex 77.8 91.8243 71.6778
      vertex 72.4 91.8965 71.9472
      vertex 77.8 91.8965 71.9472
    endloop
  endfacet
  facet normal 0 0.965913 -0.258868
    outer loop
      vertex 72.4 91.8965 71.9472
      vertex 77.8 91.8243 71.6778
      vertex 72.4 91.8243 71.6778
    endloop
  endfacet
  facet normal 0 0.965913 0.258868
    outer loop
      vertex 77.8 91.8965 70.8528
      vertex 72.4 91.8243 71.1222
      vertex 77.8 91.8243 71.1222
    endloop
  endfacet
  facet normal 0 0.965913 0.258868
    outer loop
      vertex 72.4 91.8243 71.1222
      vertex 77.8 91.8965 70.8528
      vertex 72.4 91.8965 70.8528
    endloop
  endfacet
  facet normal 0 -0.0860725 0.996289
    outer loop
      vertex 72.4 61.6778 101.824
      vertex 77.8 61.4 101.8
      vertex 77.8 61.6778 101.824
    endloop
  endfacet
  facet normal 0 -0.0860725 0.996289
    outer loop
      vertex 77.8 61.4 101.8
      vertex 72.4 61.6778 101.824
      vertex 72.4 61.4 101.8
    endloop
  endfacet
  facet normal 0 -0.0860725 -0.996289
    outer loop
      vertex 72.4 61.4 105
      vertex 77.8 61.6778 104.976
      vertex 77.8 61.4 105
    endloop
  endfacet
  facet normal -0 -0.0860725 -0.996289
    outer loop
      vertex 77.8 61.6778 104.976
      vertex 72.4 61.4 105
      vertex 72.4 61.6778 104.976
    endloop
  endfacet
  facet normal 0 0.996201 -0.087078
    outer loop
      vertex 77.8 59.8 103.4
      vertex 72.4 59.8243 103.678
      vertex 77.8 59.8243 103.678
    endloop
  endfacet
  facet normal 0 0.996201 -0.087078
    outer loop
      vertex 72.4 59.8243 103.678
      vertex 77.8 59.8 103.4
      vertex 72.4 59.8 103.4
    endloop
  endfacet
  facet normal 0 0.573583 -0.819148
    outer loop
      vertex 72.4 60.3715 104.626
      vertex 77.8 60.6 104.786
      vertex 77.8 60.3715 104.626
    endloop
  endfacet
  facet normal 0 0.573583 -0.819148
    outer loop
      vertex 77.8 60.6 104.786
      vertex 72.4 60.3715 104.626
      vertex 72.4 60.6 104.786
    endloop
  endfacet
  facet normal 0 -0.818726 -0.574185
    outer loop
      vertex 72.4 62.7856 104.2
      vertex 77.8 62.6257 104.428
      vertex 72.4 62.6257 104.428
    endloop
  endfacet
  facet normal 0 -0.818726 -0.574185
    outer loop
      vertex 77.8 62.6257 104.428
      vertex 72.4 62.7856 104.2
      vertex 77.8 62.7856 104.2
    endloop
  endfacet
  facet normal 0 -0.965817 -0.259227
    outer loop
      vertex 72.4 62.9757 103.678
      vertex 77.8 62.9035 103.947
      vertex 72.4 62.9035 103.947
    endloop
  endfacet
  facet normal 0 -0.965817 -0.259227
    outer loop
      vertex 77.8 62.9035 103.947
      vertex 72.4 62.9757 103.678
      vertex 77.8 62.9757 103.678
    endloop
  endfacet
  facet normal 0 0.258198 -0.966092
    outer loop
      vertex 72.4 60.8528 104.904
      vertex 77.8 61.1222 104.976
      vertex 77.8 60.8528 104.904
    endloop
  endfacet
  facet normal 0 0.258198 -0.966092
    outer loop
      vertex 77.8 61.1222 104.976
      vertex 72.4 60.8528 104.904
      vertex 72.4 61.1222 104.976
    endloop
  endfacet
  facet normal 0 -0.258198 0.966092
    outer loop
      vertex 72.4 61.9472 101.896
      vertex 77.8 61.6778 101.824
      vertex 77.8 61.9472 101.896
    endloop
  endfacet
  facet normal 0 -0.258198 0.966092
    outer loop
      vertex 77.8 61.6778 101.824
      vertex 72.4 61.9472 101.896
      vertex 72.4 61.6778 101.824
    endloop
  endfacet
  facet normal 0 -0.573583 0.819148
    outer loop
      vertex 72.4 62.4285 102.174
      vertex 77.8 62.2 102.014
      vertex 77.8 62.4285 102.174
    endloop
  endfacet
  facet normal 0 -0.573583 0.819148
    outer loop
      vertex 77.8 62.2 102.014
      vertex 72.4 62.4285 102.174
      vertex 72.4 62.2 102.014
    endloop
  endfacet
  facet normal 0 -0.965817 0.259227
    outer loop
      vertex 72.4 62.9035 102.853
      vertex 77.8 62.9757 103.122
      vertex 72.4 62.9757 103.122
    endloop
  endfacet
  facet normal 0 -0.965817 0.259227
    outer loop
      vertex 77.8 62.9757 103.122
      vertex 72.4 62.9035 102.853
      vertex 77.8 62.9035 102.853
    endloop
  endfacet
  facet normal 0 -0.818726 0.574185
    outer loop
      vertex 72.4 62.6257 102.372
      vertex 77.8 62.7856 102.6
      vertex 72.4 62.7856 102.6
    endloop
  endfacet
  facet normal 0 -0.818726 0.574185
    outer loop
      vertex 77.8 62.7856 102.6
      vertex 72.4 62.6257 102.372
      vertex 77.8 62.6257 102.372
    endloop
  endfacet
  facet normal 0 -0.422964 -0.906147
    outer loop
      vertex 72.4 61.9472 104.904
      vertex 77.8 62.2 104.786
      vertex 77.8 61.9472 104.904
    endloop
  endfacet
  facet normal -0 -0.422964 -0.906147
    outer loop
      vertex 77.8 62.2 104.786
      vertex 72.4 61.9472 104.904
      vertex 72.4 62.2 104.786
    endloop
  endfacet
  facet normal 0 -0.708537 -0.705674
    outer loop
      vertex 72.4 62.6257 104.428
      vertex 77.8 62.4285 104.626
      vertex 72.4 62.4285 104.626
    endloop
  endfacet
  facet normal 0 -0.708537 -0.705674
    outer loop
      vertex 77.8 62.4285 104.626
      vertex 72.4 62.6257 104.428
      vertex 77.8 62.6257 104.428
    endloop
  endfacet
  facet normal 0 -0.258198 -0.966092
    outer loop
      vertex 72.4 61.6778 104.976
      vertex 77.8 61.9472 104.904
      vertex 77.8 61.6778 104.976
    endloop
  endfacet
  facet normal -0 -0.258198 -0.966092
    outer loop
      vertex 77.8 61.9472 104.904
      vertex 72.4 61.6778 104.976
      vertex 72.4 61.9472 104.904
    endloop
  endfacet
  facet normal 0 -0.906412 -0.422395
    outer loop
      vertex 72.4 62.9035 103.947
      vertex 77.8 62.7856 104.2
      vertex 72.4 62.7856 104.2
    endloop
  endfacet
  facet normal 0 -0.906412 -0.422395
    outer loop
      vertex 77.8 62.7856 104.2
      vertex 72.4 62.9035 103.947
      vertex 77.8 62.9035 103.947
    endloop
  endfacet
  facet normal 0 -0.996201 -0.087078
    outer loop
      vertex 72.4 63 103.4
      vertex 77.8 62.9757 103.678
      vertex 72.4 62.9757 103.678
    endloop
  endfacet
  facet normal 0 -0.996201 -0.087078
    outer loop
      vertex 77.8 62.9757 103.678
      vertex 72.4 63 103.4
      vertex 77.8 63 103.4
    endloop
  endfacet
  facet normal 0 0.818726 0.574185
    outer loop
      vertex 77.8 60.1743 102.372
      vertex 72.4 60.0144 102.6
      vertex 77.8 60.0144 102.6
    endloop
  endfacet
  facet normal 0 0.818726 0.574185
    outer loop
      vertex 72.4 60.0144 102.6
      vertex 77.8 60.1743 102.372
      vertex 72.4 60.1743 102.372
    endloop
  endfacet
  facet normal -0 0.573583 0.819148
    outer loop
      vertex 72.4 60.6 102.014
      vertex 77.8 60.3715 102.174
      vertex 77.8 60.6 102.014
    endloop
  endfacet
  facet normal 0 0.573583 0.819148
    outer loop
      vertex 77.8 60.3715 102.174
      vertex 72.4 60.6 102.014
      vertex 72.4 60.3715 102.174
    endloop
  endfacet
  facet normal -0 0.258198 0.966092
    outer loop
      vertex 72.4 61.1222 101.824
      vertex 77.8 60.8528 101.896
      vertex 77.8 61.1222 101.824
    endloop
  endfacet
  facet normal 0 0.258198 0.966092
    outer loop
      vertex 77.8 60.8528 101.896
      vertex 72.4 61.1222 101.824
      vertex 72.4 60.8528 101.896
    endloop
  endfacet
  facet normal 0 0.818726 -0.574185
    outer loop
      vertex 77.8 60.0144 104.2
      vertex 72.4 60.1743 104.428
      vertex 77.8 60.1743 104.428
    endloop
  endfacet
  facet normal 0 0.818726 -0.574185
    outer loop
      vertex 72.4 60.1743 104.428
      vertex 77.8 60.0144 104.2
      vertex 72.4 60.0144 104.2
    endloop
  endfacet
  facet normal 0 0.708537 -0.705674
    outer loop
      vertex 77.8 60.1743 104.428
      vertex 72.4 60.3715 104.626
      vertex 77.8 60.3715 104.626
    endloop
  endfacet
  facet normal 0 0.708537 -0.705674
    outer loop
      vertex 72.4 60.3715 104.626
      vertex 77.8 60.1743 104.428
      vertex 72.4 60.1743 104.428
    endloop
  endfacet
  facet normal 0 0.906412 -0.422395
    outer loop
      vertex 77.8 59.8965 103.947
      vertex 72.4 60.0144 104.2
      vertex 77.8 60.0144 104.2
    endloop
  endfacet
  facet normal 0 0.906412 -0.422395
    outer loop
      vertex 72.4 60.0144 104.2
      vertex 77.8 59.8965 103.947
      vertex 72.4 59.8965 103.947
    endloop
  endfacet
  facet normal 0 0.422964 -0.906147
    outer loop
      vertex 72.4 60.6 104.786
      vertex 77.8 60.8528 104.904
      vertex 77.8 60.6 104.786
    endloop
  endfacet
  facet normal 0 0.422964 -0.906147
    outer loop
      vertex 77.8 60.8528 104.904
      vertex 72.4 60.6 104.786
      vertex 72.4 60.8528 104.904
    endloop
  endfacet
  facet normal 0 0.0860725 -0.996289
    outer loop
      vertex 72.4 61.1222 104.976
      vertex 77.8 61.4 105
      vertex 77.8 61.1222 104.976
    endloop
  endfacet
  facet normal 0 0.0860725 -0.996289
    outer loop
      vertex 77.8 61.4 105
      vertex 72.4 61.1222 104.976
      vertex 72.4 61.4 105
    endloop
  endfacet
  facet normal 0 -0.422964 0.906147
    outer loop
      vertex 72.4 62.2 102.014
      vertex 77.8 61.9472 101.896
      vertex 77.8 62.2 102.014
    endloop
  endfacet
  facet normal 0 -0.422964 0.906147
    outer loop
      vertex 77.8 61.9472 101.896
      vertex 72.4 62.2 102.014
      vertex 72.4 61.9472 101.896
    endloop
  endfacet
  facet normal 0 -0.708537 0.705674
    outer loop
      vertex 72.4 62.6257 102.372
      vertex 77.8 62.4285 102.174
      vertex 77.8 62.6257 102.372
    endloop
  endfacet
  facet normal 0 -0.708537 0.705674
    outer loop
      vertex 77.8 62.4285 102.174
      vertex 72.4 62.6257 102.372
      vertex 72.4 62.4285 102.174
    endloop
  endfacet
  facet normal 0 -0.996201 0.087078
    outer loop
      vertex 72.4 62.9757 103.122
      vertex 77.8 63 103.4
      vertex 72.4 63 103.4
    endloop
  endfacet
  facet normal 0 -0.996201 0.087078
    outer loop
      vertex 77.8 63 103.4
      vertex 72.4 62.9757 103.122
      vertex 77.8 62.9757 103.122
    endloop
  endfacet
  facet normal 0 -0.906412 0.422395
    outer loop
      vertex 72.4 62.7856 102.6
      vertex 77.8 62.9035 102.853
      vertex 72.4 62.9035 102.853
    endloop
  endfacet
  facet normal 0 -0.906412 0.422395
    outer loop
      vertex 77.8 62.9035 102.853
      vertex 72.4 62.7856 102.6
      vertex 77.8 62.7856 102.6
    endloop
  endfacet
  facet normal 0 -0.573583 -0.819148
    outer loop
      vertex 72.4 62.2 104.786
      vertex 77.8 62.4285 104.626
      vertex 77.8 62.2 104.786
    endloop
  endfacet
  facet normal -0 -0.573583 -0.819148
    outer loop
      vertex 77.8 62.4285 104.626
      vertex 72.4 62.2 104.786
      vertex 72.4 62.4285 104.626
    endloop
  endfacet
  facet normal 0 0.996201 0.087078
    outer loop
      vertex 77.8 59.8243 103.122
      vertex 72.4 59.8 103.4
      vertex 77.8 59.8 103.4
    endloop
  endfacet
  facet normal 0 0.996201 0.087078
    outer loop
      vertex 72.4 59.8 103.4
      vertex 77.8 59.8243 103.122
      vertex 72.4 59.8243 103.122
    endloop
  endfacet
  facet normal 0 0.906412 0.422395
    outer loop
      vertex 77.8 60.0144 102.6
      vertex 72.4 59.8965 102.853
      vertex 77.8 59.8965 102.853
    endloop
  endfacet
  facet normal 0 0.906412 0.422395
    outer loop
      vertex 72.4 59.8965 102.853
      vertex 77.8 60.0144 102.6
      vertex 72.4 60.0144 102.6
    endloop
  endfacet
  facet normal -0 0.708537 0.705674
    outer loop
      vertex 72.4 60.3715 102.174
      vertex 77.8 60.1743 102.372
      vertex 77.8 60.3715 102.174
    endloop
  endfacet
  facet normal 0 0.708537 0.705674
    outer loop
      vertex 77.8 60.1743 102.372
      vertex 72.4 60.3715 102.174
      vertex 72.4 60.1743 102.372
    endloop
  endfacet
  facet normal -0 0.422964 0.906147
    outer loop
      vertex 72.4 60.8528 101.896
      vertex 77.8 60.6 102.014
      vertex 77.8 60.8528 101.896
    endloop
  endfacet
  facet normal 0 0.422964 0.906147
    outer loop
      vertex 77.8 60.6 102.014
      vertex 72.4 60.8528 101.896
      vertex 72.4 60.6 102.014
    endloop
  endfacet
  facet normal 0 0.965817 -0.259227
    outer loop
      vertex 77.8 59.8243 103.678
      vertex 72.4 59.8965 103.947
      vertex 77.8 59.8965 103.947
    endloop
  endfacet
  facet normal 0 0.965817 -0.259227
    outer loop
      vertex 72.4 59.8965 103.947
      vertex 77.8 59.8243 103.678
      vertex 72.4 59.8243 103.678
    endloop
  endfacet
  facet normal -0 0.0860725 0.996289
    outer loop
      vertex 72.4 61.4 101.8
      vertex 77.8 61.1222 101.824
      vertex 77.8 61.4 101.8
    endloop
  endfacet
  facet normal 0 0.0860725 0.996289
    outer loop
      vertex 77.8 61.1222 101.824
      vertex 72.4 61.4 101.8
      vertex 72.4 61.1222 101.824
    endloop
  endfacet
  facet normal 0 0.965817 0.259227
    outer loop
      vertex 77.8 59.8965 102.853
      vertex 72.4 59.8243 103.122
      vertex 77.8 59.8243 103.122
    endloop
  endfacet
  facet normal 0 0.965817 0.259227
    outer loop
      vertex 72.4 59.8243 103.122
      vertex 77.8 59.8965 102.853
      vertex 72.4 59.8965 102.853
    endloop
  endfacet
  facet normal 0 -0.0860725 0.996289
    outer loop
      vertex 72.4 93.6778 101.824
      vertex 77.8 93.4 101.8
      vertex 77.8 93.6778 101.824
    endloop
  endfacet
  facet normal 0 -0.0860725 0.996289
    outer loop
      vertex 77.8 93.4 101.8
      vertex 72.4 93.6778 101.824
      vertex 72.4 93.4 101.8
    endloop
  endfacet
  facet normal 0 -0.0860725 -0.996289
    outer loop
      vertex 72.4 93.4 105
      vertex 77.8 93.6778 104.976
      vertex 77.8 93.4 105
    endloop
  endfacet
  facet normal -0 -0.0860725 -0.996289
    outer loop
      vertex 77.8 93.6778 104.976
      vertex 72.4 93.4 105
      vertex 72.4 93.6778 104.976
    endloop
  endfacet
  facet normal 0 0.996201 -0.087078
    outer loop
      vertex 77.8 91.8 103.4
      vertex 72.4 91.8243 103.678
      vertex 77.8 91.8243 103.678
    endloop
  endfacet
  facet normal 0 0.996201 -0.087078
    outer loop
      vertex 72.4 91.8243 103.678
      vertex 77.8 91.8 103.4
      vertex 72.4 91.8 103.4
    endloop
  endfacet
  facet normal 0 0.573583 -0.819148
    outer loop
      vertex 72.4 92.3715 104.626
      vertex 77.8 92.6 104.786
      vertex 77.8 92.3715 104.626
    endloop
  endfacet
  facet normal 0 0.573583 -0.819148
    outer loop
      vertex 77.8 92.6 104.786
      vertex 72.4 92.3715 104.626
      vertex 72.4 92.6 104.786
    endloop
  endfacet
  facet normal 0 -0.818726 -0.574185
    outer loop
      vertex 72.4 94.7856 104.2
      vertex 77.8 94.6257 104.428
      vertex 72.4 94.6257 104.428
    endloop
  endfacet
  facet normal 0 -0.818726 -0.574185
    outer loop
      vertex 77.8 94.6257 104.428
      vertex 72.4 94.7856 104.2
      vertex 77.8 94.7856 104.2
    endloop
  endfacet
  facet normal 0 -0.965817 -0.259227
    outer loop
      vertex 72.4 94.9757 103.678
      vertex 77.8 94.9035 103.947
      vertex 72.4 94.9035 103.947
    endloop
  endfacet
  facet normal 0 -0.965817 -0.259227
    outer loop
      vertex 77.8 94.9035 103.947
      vertex 72.4 94.9757 103.678
      vertex 77.8 94.9757 103.678
    endloop
  endfacet
  facet normal 0 0.258198 -0.966092
    outer loop
      vertex 72.4 92.8528 104.904
      vertex 77.8 93.1222 104.976
      vertex 77.8 92.8528 104.904
    endloop
  endfacet
  facet normal 0 0.258198 -0.966092
    outer loop
      vertex 77.8 93.1222 104.976
      vertex 72.4 92.8528 104.904
      vertex 72.4 93.1222 104.976
    endloop
  endfacet
  facet normal 0 -0.258198 0.966092
    outer loop
      vertex 72.4 93.9472 101.896
      vertex 77.8 93.6778 101.824
      vertex 77.8 93.9472 101.896
    endloop
  endfacet
  facet normal 0 -0.258198 0.966092
    outer loop
      vertex 77.8 93.6778 101.824
      vertex 72.4 93.9472 101.896
      vertex 72.4 93.6778 101.824
    endloop
  endfacet
  facet normal 0 -0.573583 0.819148
    outer loop
      vertex 72.4 94.4285 102.174
      vertex 77.8 94.2 102.014
      vertex 77.8 94.4285 102.174
    endloop
  endfacet
  facet normal 0 -0.573583 0.819148
    outer loop
      vertex 77.8 94.2 102.014
      vertex 72.4 94.4285 102.174
      vertex 72.4 94.2 102.014
    endloop
  endfacet
  facet normal 0 -0.965817 0.259227
    outer loop
      vertex 72.4 94.9035 102.853
      vertex 77.8 94.9757 103.122
      vertex 72.4 94.9757 103.122
    endloop
  endfacet
  facet normal 0 -0.965817 0.259227
    outer loop
      vertex 77.8 94.9757 103.122
      vertex 72.4 94.9035 102.853
      vertex 77.8 94.9035 102.853
    endloop
  endfacet
  facet normal 0 -0.818726 0.574185
    outer loop
      vertex 72.4 94.6257 102.372
      vertex 77.8 94.7856 102.6
      vertex 72.4 94.7856 102.6
    endloop
  endfacet
  facet normal 0 -0.818726 0.574185
    outer loop
      vertex 77.8 94.7856 102.6
      vertex 72.4 94.6257 102.372
      vertex 77.8 94.6257 102.372
    endloop
  endfacet
  facet normal 0 -0.573583 -0.819148
    outer loop
      vertex 72.4 94.2 104.786
      vertex 77.8 94.4285 104.626
      vertex 77.8 94.2 104.786
    endloop
  endfacet
  facet normal -0 -0.573583 -0.819148
    outer loop
      vertex 77.8 94.4285 104.626
      vertex 72.4 94.2 104.786
      vertex 72.4 94.4285 104.626
    endloop
  endfacet
  facet normal 0 -0.708537 -0.705674
    outer loop
      vertex 72.4 94.6257 104.428
      vertex 77.8 94.4285 104.626
      vertex 72.4 94.4285 104.626
    endloop
  endfacet
  facet normal 0 -0.708537 -0.705674
    outer loop
      vertex 77.8 94.4285 104.626
      vertex 72.4 94.6257 104.428
      vertex 77.8 94.6257 104.428
    endloop
  endfacet
  facet normal 0 -0.258198 -0.966092
    outer loop
      vertex 72.4 93.6778 104.976
      vertex 77.8 93.9472 104.904
      vertex 77.8 93.6778 104.976
    endloop
  endfacet
  facet normal -0 -0.258198 -0.966092
    outer loop
      vertex 77.8 93.9472 104.904
      vertex 72.4 93.6778 104.976
      vertex 72.4 93.9472 104.904
    endloop
  endfacet
  facet normal 0 -0.906412 -0.422395
    outer loop
      vertex 72.4 94.9035 103.947
      vertex 77.8 94.7856 104.2
      vertex 72.4 94.7856 104.2
    endloop
  endfacet
  facet normal 0 -0.906412 -0.422395
    outer loop
      vertex 77.8 94.7856 104.2
      vertex 72.4 94.9035 103.947
      vertex 77.8 94.9035 103.947
    endloop
  endfacet
  facet normal 0 -0.996201 -0.087078
    outer loop
      vertex 72.4 95 103.4
      vertex 77.8 94.9757 103.678
      vertex 72.4 94.9757 103.678
    endloop
  endfacet
  facet normal 0 -0.996201 -0.087078
    outer loop
      vertex 77.8 94.9757 103.678
      vertex 72.4 95 103.4
      vertex 77.8 95 103.4
    endloop
  endfacet
  facet normal 0 0.818726 0.574185
    outer loop
      vertex 77.8 92.1743 102.372
      vertex 72.4 92.0144 102.6
      vertex 77.8 92.0144 102.6
    endloop
  endfacet
  facet normal 0 0.818726 0.574185
    outer loop
      vertex 72.4 92.0144 102.6
      vertex 77.8 92.1743 102.372
      vertex 72.4 92.1743 102.372
    endloop
  endfacet
  facet normal -0 0.573583 0.819148
    outer loop
      vertex 72.4 92.6 102.014
      vertex 77.8 92.3715 102.174
      vertex 77.8 92.6 102.014
    endloop
  endfacet
  facet normal 0 0.573583 0.819148
    outer loop
      vertex 77.8 92.3715 102.174
      vertex 72.4 92.6 102.014
      vertex 72.4 92.3715 102.174
    endloop
  endfacet
  facet normal -0 0.258198 0.966092
    outer loop
      vertex 72.4 93.1222 101.824
      vertex 77.8 92.8528 101.896
      vertex 77.8 93.1222 101.824
    endloop
  endfacet
  facet normal 0 0.258198 0.966092
    outer loop
      vertex 77.8 92.8528 101.896
      vertex 72.4 93.1222 101.824
      vertex 72.4 92.8528 101.896
    endloop
  endfacet
  facet normal 0 0.818726 -0.574185
    outer loop
      vertex 77.8 92.0144 104.2
      vertex 72.4 92.1743 104.428
      vertex 77.8 92.1743 104.428
    endloop
  endfacet
  facet normal 0 0.818726 -0.574185
    outer loop
      vertex 72.4 92.1743 104.428
      vertex 77.8 92.0144 104.2
      vertex 72.4 92.0144 104.2
    endloop
  endfacet
  facet normal 0 0.708537 -0.705674
    outer loop
      vertex 77.8 92.1743 104.428
      vertex 72.4 92.3715 104.626
      vertex 77.8 92.3715 104.626
    endloop
  endfacet
  facet normal 0 0.708537 -0.705674
    outer loop
      vertex 72.4 92.3715 104.626
      vertex 77.8 92.1743 104.428
      vertex 72.4 92.1743 104.428
    endloop
  endfacet
  facet normal 0 0.906412 -0.422395
    outer loop
      vertex 77.8 91.8965 103.947
      vertex 72.4 92.0144 104.2
      vertex 77.8 92.0144 104.2
    endloop
  endfacet
  facet normal 0 0.906412 -0.422395
    outer loop
      vertex 72.4 92.0144 104.2
      vertex 77.8 91.8965 103.947
      vertex 72.4 91.8965 103.947
    endloop
  endfacet
  facet normal 0 0.422964 -0.906147
    outer loop
      vertex 72.4 92.6 104.786
      vertex 77.8 92.8528 104.904
      vertex 77.8 92.6 104.786
    endloop
  endfacet
  facet normal 0 0.422964 -0.906147
    outer loop
      vertex 77.8 92.8528 104.904
      vertex 72.4 92.6 104.786
      vertex 72.4 92.8528 104.904
    endloop
  endfacet
  facet normal 0 0.0860725 -0.996289
    outer loop
      vertex 72.4 93.1222 104.976
      vertex 77.8 93.4 105
      vertex 77.8 93.1222 104.976
    endloop
  endfacet
  facet normal 0 0.0860725 -0.996289
    outer loop
      vertex 77.8 93.4 105
      vertex 72.4 93.1222 104.976
      vertex 72.4 93.4 105
    endloop
  endfacet
  facet normal 0 -0.422964 0.906147
    outer loop
      vertex 72.4 94.2 102.014
      vertex 77.8 93.9472 101.896
      vertex 77.8 94.2 102.014
    endloop
  endfacet
  facet normal 0 -0.422964 0.906147
    outer loop
      vertex 77.8 93.9472 101.896
      vertex 72.4 94.2 102.014
      vertex 72.4 93.9472 101.896
    endloop
  endfacet
  facet normal 0 -0.708537 0.705674
    outer loop
      vertex 72.4 94.6257 102.372
      vertex 77.8 94.4285 102.174
      vertex 77.8 94.6257 102.372
    endloop
  endfacet
  facet normal 0 -0.708537 0.705674
    outer loop
      vertex 77.8 94.4285 102.174
      vertex 72.4 94.6257 102.372
      vertex 72.4 94.4285 102.174
    endloop
  endfacet
  facet normal 0 -0.996201 0.087078
    outer loop
      vertex 72.4 94.9757 103.122
      vertex 77.8 95 103.4
      vertex 72.4 95 103.4
    endloop
  endfacet
  facet normal 0 -0.996201 0.087078
    outer loop
      vertex 77.8 95 103.4
      vertex 72.4 94.9757 103.122
      vertex 77.8 94.9757 103.122
    endloop
  endfacet
  facet normal 0 -0.906412 0.422395
    outer loop
      vertex 72.4 94.7856 102.6
      vertex 77.8 94.9035 102.853
      vertex 72.4 94.9035 102.853
    endloop
  endfacet
  facet normal 0 -0.906412 0.422395
    outer loop
      vertex 77.8 94.9035 102.853
      vertex 72.4 94.7856 102.6
      vertex 77.8 94.7856 102.6
    endloop
  endfacet
  facet normal 0 -0.422964 -0.906147
    outer loop
      vertex 72.4 93.9472 104.904
      vertex 77.8 94.2 104.786
      vertex 77.8 93.9472 104.904
    endloop
  endfacet
  facet normal -0 -0.422964 -0.906147
    outer loop
      vertex 77.8 94.2 104.786
      vertex 72.4 93.9472 104.904
      vertex 72.4 94.2 104.786
    endloop
  endfacet
  facet normal 0 0.996201 0.087078
    outer loop
      vertex 77.8 91.8243 103.122
      vertex 72.4 91.8 103.4
      vertex 77.8 91.8 103.4
    endloop
  endfacet
  facet normal 0 0.996201 0.087078
    outer loop
      vertex 72.4 91.8 103.4
      vertex 77.8 91.8243 103.122
      vertex 72.4 91.8243 103.122
    endloop
  endfacet
  facet normal 0 0.906412 0.422395
    outer loop
      vertex 77.8 92.0144 102.6
      vertex 72.4 91.8965 102.853
      vertex 77.8 91.8965 102.853
    endloop
  endfacet
  facet normal 0 0.906412 0.422395
    outer loop
      vertex 72.4 91.8965 102.853
      vertex 77.8 92.0144 102.6
      vertex 72.4 92.0144 102.6
    endloop
  endfacet
  facet normal 0 0.708537 0.705674
    outer loop
      vertex 77.8 92.3715 102.174
      vertex 72.4 92.1743 102.372
      vertex 77.8 92.1743 102.372
    endloop
  endfacet
  facet normal 0 0.708537 0.705674
    outer loop
      vertex 72.4 92.1743 102.372
      vertex 77.8 92.3715 102.174
      vertex 72.4 92.3715 102.174
    endloop
  endfacet
  facet normal -0 0.422964 0.906147
    outer loop
      vertex 72.4 92.8528 101.896
      vertex 77.8 92.6 102.014
      vertex 77.8 92.8528 101.896
    endloop
  endfacet
  facet normal 0 0.422964 0.906147
    outer loop
      vertex 77.8 92.6 102.014
      vertex 72.4 92.8528 101.896
      vertex 72.4 92.6 102.014
    endloop
  endfacet
  facet normal 0 0.965817 -0.259227
    outer loop
      vertex 77.8 91.8243 103.678
      vertex 72.4 91.8965 103.947
      vertex 77.8 91.8965 103.947
    endloop
  endfacet
  facet normal 0 0.965817 -0.259227
    outer loop
      vertex 72.4 91.8965 103.947
      vertex 77.8 91.8243 103.678
      vertex 72.4 91.8243 103.678
    endloop
  endfacet
  facet normal -0 0.0860725 0.996289
    outer loop
      vertex 72.4 93.4 101.8
      vertex 77.8 93.1222 101.824
      vertex 77.8 93.4 101.8
    endloop
  endfacet
  facet normal 0 0.0860725 0.996289
    outer loop
      vertex 77.8 93.1222 101.824
      vertex 72.4 93.4 101.8
      vertex 72.4 93.1222 101.824
    endloop
  endfacet
  facet normal 0 0.965817 0.259227
    outer loop
      vertex 77.8 91.8965 102.853
      vertex 72.4 91.8243 103.122
      vertex 77.8 91.8243 103.122
    endloop
  endfacet
  facet normal 0 0.965817 0.259227
    outer loop
      vertex 72.4 91.8243 103.122
      vertex 77.8 91.8965 102.853
      vertex 72.4 91.8965 102.853
    endloop
  endfacet
  facet normal 0 -0.0871703 0.996193
    outer loop
      vertex 72.4 80.6993 68.6887
      vertex 74.8 77.4 68.4
      vertex 74.8 80.6993 68.6887
    endloop
  endfacet
  facet normal 0 -0.0871703 0.996193
    outer loop
      vertex 74.8 77.4 68.4
      vertex 72.4 80.6993 68.6887
      vertex 72.4 77.4 68.4
    endloop
  endfacet
  facet normal 0 -0.0872602 -0.996186
    outer loop
      vertex 72.4 77.4 106.4
      vertex 74.8 80.6993 106.111
      vertex 74.8 77.4 106.4
    endloop
  endfacet
  facet normal -0 -0.0872602 -0.996186
    outer loop
      vertex 74.8 80.6993 106.111
      vertex 72.4 77.4 106.4
      vertex 72.4 80.6993 106.111
    endloop
  endfacet
  facet normal 0 -0.996193 -0.0871703
    outer loop
      vertex 72.4 96.4 87.4
      vertex 74.8 96.1113 90.6993
      vertex 72.4 96.1113 90.6993
    endloop
  endfacet
  facet normal 0 -0.996193 -0.0871703
    outer loop
      vertex 74.8 96.1113 90.6993
      vertex 72.4 96.4 87.4
      vertex 74.8 96.4 87.4
    endloop
  endfacet
  facet normal 0 0.996193 0.0871703
    outer loop
      vertex 74.8 58.6887 84.1007
      vertex 72.4 58.4 87.4
      vertex 74.8 58.4 87.4
    endloop
  endfacet
  facet normal 0 0.996193 0.0871703
    outer loop
      vertex 72.4 58.4 87.4
      vertex 74.8 58.6887 84.1007
      vertex 72.4 58.6887 84.1007
    endloop
  endfacet
  facet normal 0 -0.819147 0.573584
    outer loop
      vertex 72.4 91.9548 75.187
      vertex 74.8 93.8545 77.9
      vertex 72.4 93.8545 77.9
    endloop
  endfacet
  facet normal 0 -0.819147 0.573584
    outer loop
      vertex 74.8 93.8545 77.9
      vertex 72.4 91.9548 75.187
      vertex 74.8 91.9548 75.187
    endloop
  endfacet
  facet normal 0 -0.707137 -0.707077
    outer loop
      vertex 72.4 91.9548 99.613
      vertex 74.8 89.613 101.955
      vertex 72.4 89.613 101.955
    endloop
  endfacet
  facet normal 0 -0.707137 -0.707077
    outer loop
      vertex 74.8 89.613 101.955
      vertex 72.4 91.9548 99.613
      vertex 74.8 91.9548 99.613
    endloop
  endfacet
  facet normal 0 -0.906304 -0.422626
    outer loop
      vertex 72.4 95.2542 93.8984
      vertex 74.8 93.8545 96.9
      vertex 72.4 93.8545 96.9
    endloop
  endfacet
  facet normal 0 -0.906304 -0.422626
    outer loop
      vertex 74.8 93.8545 96.9
      vertex 72.4 95.2542 93.8984
      vertex 74.8 95.2542 93.8984
    endloop
  endfacet
  facet normal -0 0.573584 0.819147
    outer loop
      vertex 72.4 67.9 70.9455
      vertex 74.8 65.187 72.8452
      vertex 74.8 67.9 70.9455
    endloop
  endfacet
  facet normal 0 0.573584 0.819147
    outer loop
      vertex 74.8 65.187 72.8452
      vertex 72.4 67.9 70.9455
      vertex 72.4 65.187 72.8452
    endloop
  endfacet
  facet normal 0 -0.258792 0.965933
    outer loop
      vertex 72.4 83.8984 69.5458
      vertex 74.8 80.6993 68.6887
      vertex 74.8 83.8984 69.5458
    endloop
  endfacet
  facet normal 0 -0.258792 0.965933
    outer loop
      vertex 74.8 80.6993 68.6887
      vertex 72.4 83.8984 69.5458
      vertex 72.4 80.6993 68.6887
    endloop
  endfacet
  facet normal 0 -0.573584 0.819147
    outer loop
      vertex 72.4 89.613 72.8452
      vertex 74.8 86.9 70.9455
      vertex 74.8 89.613 72.8452
    endloop
  endfacet
  facet normal 0 -0.573584 0.819147
    outer loop
      vertex 74.8 86.9 70.9455
      vertex 72.4 89.613 72.8452
      vertex 72.4 86.9 70.9455
    endloop
  endfacet
  facet normal 0 -0.996193 0.0871703
    outer loop
      vertex 72.4 96.1113 84.1007
      vertex 74.8 96.4 87.4
      vertex 72.4 96.4 87.4
    endloop
  endfacet
  facet normal 0 -0.996193 0.0871703
    outer loop
      vertex 74.8 96.4 87.4
      vertex 72.4 96.1113 84.1007
      vertex 74.8 96.1113 84.1007
    endloop
  endfacet
  facet normal 0 -0.906304 0.422626
    outer loop
      vertex 72.4 93.8545 77.9
      vertex 74.8 95.2542 80.9016
      vertex 72.4 95.2542 80.9016
    endloop
  endfacet
  facet normal 0 -0.906304 0.422626
    outer loop
      vertex 74.8 95.2542 80.9016
      vertex 72.4 93.8545 77.9
      vertex 74.8 93.8545 77.9
    endloop
  endfacet
  facet normal 0 -0.4227 -0.90627
    outer loop
      vertex 72.4 83.8984 105.254
      vertex 74.8 86.9 103.854
      vertex 74.8 83.8984 105.254
    endloop
  endfacet
  facet normal -0 -0.4227 -0.90627
    outer loop
      vertex 74.8 86.9 103.854
      vertex 72.4 83.8984 105.254
      vertex 72.4 86.9 103.854
    endloop
  endfacet
  facet normal 0 -0.573442 -0.819246
    outer loop
      vertex 72.4 86.9 103.854
      vertex 74.8 89.613 101.955
      vertex 74.8 86.9 103.854
    endloop
  endfacet
  facet normal -0 -0.573442 -0.819246
    outer loop
      vertex 74.8 89.613 101.955
      vertex 72.4 86.9 103.854
      vertex 72.4 89.613 101.955
    endloop
  endfacet
  facet normal 0 -0.258764 -0.965941
    outer loop
      vertex 72.4 80.6993 106.111
      vertex 74.8 83.8984 105.254
      vertex 74.8 80.6993 106.111
    endloop
  endfacet
  facet normal -0 -0.258764 -0.965941
    outer loop
      vertex 74.8 83.8984 105.254
      vertex 72.4 80.6993 106.111
      vertex 72.4 83.8984 105.254
    endloop
  endfacet
  facet normal 0 -0.819147 -0.573584
    outer loop
      vertex 72.4 93.8545 96.9
      vertex 74.8 91.9548 99.613
      vertex 72.4 91.9548 99.613
    endloop
  endfacet
  facet normal 0 -0.819147 -0.573584
    outer loop
      vertex 74.8 91.9548 99.613
      vertex 72.4 93.8545 96.9
      vertex 74.8 93.8545 96.9
    endloop
  endfacet
  facet normal 0 -0.965933 -0.258792
    outer loop
      vertex 72.4 96.1113 90.6993
      vertex 74.8 95.2542 93.8984
      vertex 72.4 95.2542 93.8984
    endloop
  endfacet
  facet normal 0 -0.965933 -0.258792
    outer loop
      vertex 74.8 95.2542 93.8984
      vertex 72.4 96.1113 90.6993
      vertex 74.8 96.1113 90.6993
    endloop
  endfacet
  facet normal -0 0.258792 0.965933
    outer loop
      vertex 72.4 74.1007 68.6887
      vertex 74.8 70.9016 69.5458
      vertex 74.8 74.1007 68.6887
    endloop
  endfacet
  facet normal 0 0.258792 0.965933
    outer loop
      vertex 74.8 70.9016 69.5458
      vertex 72.4 74.1007 68.6887
      vertex 72.4 70.9016 69.5458
    endloop
  endfacet
  facet normal 0 0.573442 -0.819246
    outer loop
      vertex 72.4 65.187 101.955
      vertex 74.8 67.9 103.854
      vertex 74.8 65.187 101.955
    endloop
  endfacet
  facet normal 0 0.573442 -0.819246
    outer loop
      vertex 74.8 67.9 103.854
      vertex 72.4 65.187 101.955
      vertex 72.4 67.9 103.854
    endloop
  endfacet
  facet normal 0 0.965933 0.258792
    outer loop
      vertex 74.8 59.5458 80.9016
      vertex 72.4 58.6887 84.1007
      vertex 74.8 58.6887 84.1007
    endloop
  endfacet
  facet normal 0 0.965933 0.258792
    outer loop
      vertex 72.4 58.6887 84.1007
      vertex 74.8 59.5458 80.9016
      vertex 72.4 59.5458 80.9016
    endloop
  endfacet
  facet normal 0 -0.422626 0.906304
    outer loop
      vertex 72.4 86.9 70.9455
      vertex 74.8 83.8984 69.5458
      vertex 74.8 86.9 70.9455
    endloop
  endfacet
  facet normal 0 -0.422626 0.906304
    outer loop
      vertex 74.8 83.8984 69.5458
      vertex 72.4 86.9 70.9455
      vertex 72.4 83.8984 69.5458
    endloop
  endfacet
  facet normal 0 -0.707107 0.707107
    outer loop
      vertex 72.4 89.613 72.8452
      vertex 74.8 91.9548 75.187
      vertex 72.4 91.9548 75.187
    endloop
  endfacet
  facet normal 0 -0.707107 0.707107
    outer loop
      vertex 74.8 91.9548 75.187
      vertex 72.4 89.613 72.8452
      vertex 74.8 89.613 72.8452
    endloop
  endfacet
  facet normal 0 -0.965933 0.258792
    outer loop
      vertex 72.4 95.2542 80.9016
      vertex 74.8 96.1113 84.1007
      vertex 72.4 96.1113 84.1007
    endloop
  endfacet
  facet normal 0 -0.965933 0.258792
    outer loop
      vertex 74.8 96.1113 84.1007
      vertex 72.4 95.2542 80.9016
      vertex 74.8 95.2542 80.9016
    endloop
  endfacet
  facet normal -0 0.0871703 0.996193
    outer loop
      vertex 72.4 77.4 68.4
      vertex 74.8 74.1007 68.6887
      vertex 74.8 77.4 68.4
    endloop
  endfacet
  facet normal 0 0.0871703 0.996193
    outer loop
      vertex 74.8 74.1007 68.6887
      vertex 72.4 77.4 68.4
      vertex 72.4 74.1007 68.6887
    endloop
  endfacet
  facet normal 0 0.819147 0.573584
    outer loop
      vertex 74.8 62.8452 75.187
      vertex 72.4 60.9455 77.9
      vertex 74.8 60.9455 77.9
    endloop
  endfacet
  facet normal 0 0.819147 0.573584
    outer loop
      vertex 72.4 60.9455 77.9
      vertex 74.8 62.8452 75.187
      vertex 72.4 62.8452 75.187
    endloop
  endfacet
  facet normal 0 0.707107 0.707107
    outer loop
      vertex 74.8 65.187 72.8452
      vertex 72.4 62.8452 75.187
      vertex 74.8 62.8452 75.187
    endloop
  endfacet
  facet normal 0 0.707107 0.707107
    outer loop
      vertex 72.4 62.8452 75.187
      vertex 74.8 65.187 72.8452
      vertex 72.4 65.187 72.8452
    endloop
  endfacet
  facet normal -0 0.422626 0.906304
    outer loop
      vertex 72.4 70.9016 69.5458
      vertex 74.8 67.9 70.9455
      vertex 74.8 70.9016 69.5458
    endloop
  endfacet
  facet normal 0 0.422626 0.906304
    outer loop
      vertex 74.8 67.9 70.9455
      vertex 72.4 70.9016 69.5458
      vertex 72.4 67.9 70.9455
    endloop
  endfacet
  facet normal 0 0.258764 -0.965941
    outer loop
      vertex 72.4 70.9016 105.254
      vertex 74.8 74.1007 106.111
      vertex 74.8 70.9016 105.254
    endloop
  endfacet
  facet normal 0 0.258764 -0.965941
    outer loop
      vertex 74.8 74.1007 106.111
      vertex 72.4 70.9016 105.254
      vertex 72.4 74.1007 106.111
    endloop
  endfacet
  facet normal 0 0.906304 0.422626
    outer loop
      vertex 74.8 60.9455 77.9
      vertex 72.4 59.5458 80.9016
      vertex 74.8 59.5458 80.9016
    endloop
  endfacet
  facet normal 0 0.906304 0.422626
    outer loop
      vertex 72.4 59.5458 80.9016
      vertex 74.8 60.9455 77.9
      vertex 72.4 60.9455 77.9
    endloop
  endfacet
  facet normal 0 0.965933 -0.258792
    outer loop
      vertex 74.8 58.6887 90.6993
      vertex 72.4 59.5458 93.8984
      vertex 74.8 59.5458 93.8984
    endloop
  endfacet
  facet normal 0 0.965933 -0.258792
    outer loop
      vertex 72.4 59.5458 93.8984
      vertex 74.8 58.6887 90.6993
      vertex 72.4 58.6887 90.6993
    endloop
  endfacet
  facet normal 0 0.707137 -0.707077
    outer loop
      vertex 74.8 62.8452 99.613
      vertex 72.4 65.187 101.955
      vertex 74.8 65.187 101.955
    endloop
  endfacet
  facet normal 0 0.707137 -0.707077
    outer loop
      vertex 72.4 65.187 101.955
      vertex 74.8 62.8452 99.613
      vertex 72.4 62.8452 99.613
    endloop
  endfacet
  facet normal 0 0.4227 -0.90627
    outer loop
      vertex 72.4 67.9 103.854
      vertex 74.8 70.9016 105.254
      vertex 74.8 67.9 103.854
    endloop
  endfacet
  facet normal 0 0.4227 -0.90627
    outer loop
      vertex 74.8 70.9016 105.254
      vertex 72.4 67.9 103.854
      vertex 72.4 70.9016 105.254
    endloop
  endfacet
  facet normal 0 0.0872602 -0.996186
    outer loop
      vertex 72.4 74.1007 106.111
      vertex 74.8 77.4 106.4
      vertex 74.8 74.1007 106.111
    endloop
  endfacet
  facet normal 0 0.0872602 -0.996186
    outer loop
      vertex 74.8 77.4 106.4
      vertex 72.4 74.1007 106.111
      vertex 72.4 77.4 106.4
    endloop
  endfacet
  facet normal 0 0.996193 -0.0871703
    outer loop
      vertex 74.8 58.4 87.4
      vertex 72.4 58.6887 90.6993
      vertex 74.8 58.6887 90.6993
    endloop
  endfacet
  facet normal 0 0.996193 -0.0871703
    outer loop
      vertex 72.4 58.6887 90.6993
      vertex 74.8 58.4 87.4
      vertex 72.4 58.4 87.4
    endloop
  endfacet
  facet normal 0 0.906304 -0.422626
    outer loop
      vertex 74.8 59.5458 93.8984
      vertex 72.4 60.9455 96.9
      vertex 74.8 60.9455 96.9
    endloop
  endfacet
  facet normal 0 0.906304 -0.422626
    outer loop
      vertex 72.4 60.9455 96.9
      vertex 74.8 59.5458 93.8984
      vertex 72.4 59.5458 93.8984
    endloop
  endfacet
  facet normal 0 0.819147 -0.573584
    outer loop
      vertex 74.8 60.9455 96.9
      vertex 72.4 62.8452 99.613
      vertex 74.8 62.8452 99.613
    endloop
  endfacet
  facet normal 0 0.819147 -0.573584
    outer loop
      vertex 72.4 62.8452 99.613
      vertex 74.8 60.9455 96.9
      vertex 72.4 60.9455 96.9
    endloop
  endfacet
  facet normal -0.573616 -0.819124 0
    outer loop
      vertex 38.9 79.9981 0
      vertex 39.3284 79.6981 2.4
      vertex 38.9 79.9981 2.4
    endloop
  endfacet
  facet normal -0.573616 -0.819124 -0
    outer loop
      vertex 39.3284 79.6981 2.4
      vertex 38.9 79.9981 0
      vertex 39.3284 79.6981 0
    endloop
  endfacet
  facet normal -0.99619 0.0872073 0
    outer loop
      vertex 40.3544 76.8791 0
      vertex 40.4 77.4 2.4
      vertex 40.4 77.4 0
    endloop
  endfacet
  facet normal -0.99619 0.0872073 0
    outer loop
      vertex 40.4 77.4 2.4
      vertex 40.3544 76.8791 0
      vertex 40.3544 76.8791 2.4
    endloop
  endfacet
  facet normal 0.422645 -0.906295 0
    outer loop
      vertex 35.9 79.9981 0
      vertex 36.3739 80.2191 2.4
      vertex 35.9 79.9981 2.4
    endloop
  endfacet
  facet normal 0.422645 -0.906295 0
    outer loop
      vertex 36.3739 80.2191 2.4
      vertex 35.9 79.9981 0
      vertex 36.3739 80.2191 0
    endloop
  endfacet
  facet normal 0.906295 -0.422645 0
    outer loop
      vertex 34.5809 78.4261 2.4
      vertex 34.8019 78.9 0
      vertex 34.8019 78.9 2.4
    endloop
  endfacet
  facet normal 0.906295 -0.422645 0
    outer loop
      vertex 34.8019 78.9 0
      vertex 34.5809 78.4261 2.4
      vertex 34.5809 78.4261 0
    endloop
  endfacet
  facet normal -0.906295 -0.422645 0
    outer loop
      vertex 40.2191 78.4261 0
      vertex 39.9981 78.9 2.4
      vertex 39.9981 78.9 0
    endloop
  endfacet
  facet normal -0.906295 -0.422645 0
    outer loop
      vertex 39.9981 78.9 2.4
      vertex 40.2191 78.4261 0
      vertex 40.2191 78.4261 2.4
    endloop
  endfacet
  facet normal -0.819124 -0.573616 0
    outer loop
      vertex 39.9981 78.9 0
      vertex 39.6981 79.3284 2.4
      vertex 39.6981 79.3284 0
    endloop
  endfacet
  facet normal -0.819124 -0.573616 0
    outer loop
      vertex 39.6981 79.3284 2.4
      vertex 39.9981 78.9 0
      vertex 39.9981 78.9 2.4
    endloop
  endfacet
  facet normal -0.707107 -0.707107 0
    outer loop
      vertex 39.6981 79.3284 0
      vertex 39.3284 79.6981 2.4
      vertex 39.3284 79.6981 0
    endloop
  endfacet
  facet normal -0.707107 -0.707107 0
    outer loop
      vertex 39.3284 79.6981 2.4
      vertex 39.6981 79.3284 0
      vertex 39.6981 79.3284 2.4
    endloop
  endfacet
  facet normal -0.422645 -0.906295 0
    outer loop
      vertex 38.4261 80.2191 0
      vertex 38.9 79.9981 2.4
      vertex 38.4261 80.2191 2.4
    endloop
  endfacet
  facet normal -0.422645 -0.906295 -0
    outer loop
      vertex 38.9 79.9981 2.4
      vertex 38.4261 80.2191 0
      vertex 38.9 79.9981 0
    endloop
  endfacet
  facet normal -0.0872073 -0.99619 0
    outer loop
      vertex 37.4 80.4 0
      vertex 37.9209 80.3544 2.4
      vertex 37.4 80.4 2.4
    endloop
  endfacet
  facet normal -0.0872073 -0.99619 -0
    outer loop
      vertex 37.9209 80.3544 2.4
      vertex 37.4 80.4 0
      vertex 37.9209 80.3544 0
    endloop
  endfacet
  facet normal -0.258698 -0.965958 0
    outer loop
      vertex 37.9209 80.3544 0
      vertex 38.4261 80.2191 2.4
      vertex 37.9209 80.3544 2.4
    endloop
  endfacet
  facet normal -0.258698 -0.965958 -0
    outer loop
      vertex 38.4261 80.2191 2.4
      vertex 37.9209 80.3544 0
      vertex 38.4261 80.2191 0
    endloop
  endfacet
  facet normal 0.99619 -0.0872073 0
    outer loop
      vertex 34.4 77.4 2.4
      vertex 34.4456 77.9209 0
      vertex 34.4456 77.9209 2.4
    endloop
  endfacet
  facet normal 0.99619 -0.0872073 0
    outer loop
      vertex 34.4456 77.9209 0
      vertex 34.4 77.4 2.4
      vertex 34.4 77.4 0
    endloop
  endfacet
  facet normal 0.819124 -0.573616 0
    outer loop
      vertex 34.8019 78.9 2.4
      vertex 35.1019 79.3284 0
      vertex 35.1019 79.3284 2.4
    endloop
  endfacet
  facet normal 0.819124 -0.573616 0
    outer loop
      vertex 35.1019 79.3284 0
      vertex 34.8019 78.9 2.4
      vertex 34.8019 78.9 0
    endloop
  endfacet
  facet normal 0.573616 -0.819124 0
    outer loop
      vertex 35.4716 79.6981 0
      vertex 35.9 79.9981 2.4
      vertex 35.4716 79.6981 2.4
    endloop
  endfacet
  facet normal 0.573616 -0.819124 0
    outer loop
      vertex 35.9 79.9981 2.4
      vertex 35.4716 79.6981 0
      vertex 35.9 79.9981 0
    endloop
  endfacet
  facet normal 0.0872073 -0.99619 0
    outer loop
      vertex 36.8791 80.3544 0
      vertex 37.4 80.4 2.4
      vertex 36.8791 80.3544 2.4
    endloop
  endfacet
  facet normal 0.0872073 -0.99619 0
    outer loop
      vertex 37.4 80.4 2.4
      vertex 36.8791 80.3544 0
      vertex 37.4 80.4 0
    endloop
  endfacet
  facet normal 0.707107 -0.707107 0
    outer loop
      vertex 35.1019 79.3284 2.4
      vertex 35.4716 79.6981 0
      vertex 35.4716 79.6981 2.4
    endloop
  endfacet
  facet normal 0.707107 -0.707107 0
    outer loop
      vertex 35.4716 79.6981 0
      vertex 35.1019 79.3284 2.4
      vertex 35.1019 79.3284 0
    endloop
  endfacet
  facet normal -0.99619 -0.0872073 0
    outer loop
      vertex 40.4 77.4 0
      vertex 40.3544 77.9209 2.4
      vertex 40.3544 77.9209 0
    endloop
  endfacet
  facet normal -0.99619 -0.0872073 0
    outer loop
      vertex 40.3544 77.9209 2.4
      vertex 40.4 77.4 0
      vertex 40.4 77.4 2.4
    endloop
  endfacet
  facet normal -0.0872073 0.99619 0
    outer loop
      vertex 37.9209 74.4456 0
      vertex 37.4 74.4 2.4
      vertex 37.9209 74.4456 2.4
    endloop
  endfacet
  facet normal -0.0872073 0.99619 0
    outer loop
      vertex 37.4 74.4 2.4
      vertex 37.9209 74.4456 0
      vertex 37.4 74.4 0
    endloop
  endfacet
  facet normal -0.965958 0.258698 0
    outer loop
      vertex 40.2191 76.3739 0
      vertex 40.3544 76.8791 2.4
      vertex 40.3544 76.8791 0
    endloop
  endfacet
  facet normal -0.965958 0.258698 0
    outer loop
      vertex 40.3544 76.8791 2.4
      vertex 40.2191 76.3739 0
      vertex 40.2191 76.3739 2.4
    endloop
  endfacet
  facet normal -0.422645 0.906295 0
    outer loop
      vertex 38.9 74.8019 0
      vertex 38.4261 74.5809 2.4
      vertex 38.9 74.8019 2.4
    endloop
  endfacet
  facet normal -0.422645 0.906295 0
    outer loop
      vertex 38.4261 74.5809 2.4
      vertex 38.9 74.8019 0
      vertex 38.4261 74.5809 0
    endloop
  endfacet
  facet normal -0.573616 0.819124 0
    outer loop
      vertex 39.3284 75.1019 0
      vertex 38.9 74.8019 2.4
      vertex 39.3284 75.1019 2.4
    endloop
  endfacet
  facet normal -0.573616 0.819124 0
    outer loop
      vertex 38.9 74.8019 2.4
      vertex 39.3284 75.1019 0
      vertex 38.9 74.8019 0
    endloop
  endfacet
  facet normal 0.0872073 0.99619 -0
    outer loop
      vertex 37.4 74.4 0
      vertex 36.8791 74.4456 2.4
      vertex 37.4 74.4 2.4
    endloop
  endfacet
  facet normal 0.0872073 0.99619 0
    outer loop
      vertex 36.8791 74.4456 2.4
      vertex 37.4 74.4 0
      vertex 36.8791 74.4456 0
    endloop
  endfacet
  facet normal 0.707107 0.707107 -0
    outer loop
      vertex 35.4716 75.1019 0
      vertex 35.1019 75.4716 2.4
      vertex 35.4716 75.1019 2.4
    endloop
  endfacet
  facet normal 0.707107 0.707107 0
    outer loop
      vertex 35.1019 75.4716 2.4
      vertex 35.4716 75.1019 0
      vertex 35.1019 75.4716 0
    endloop
  endfacet
  facet normal 0.906295 0.422645 0
    outer loop
      vertex 34.8019 75.9 2.4
      vertex 34.5809 76.3739 0
      vertex 34.5809 76.3739 2.4
    endloop
  endfacet
  facet normal 0.906295 0.422645 0
    outer loop
      vertex 34.5809 76.3739 0
      vertex 34.8019 75.9 2.4
      vertex 34.8019 75.9 0
    endloop
  endfacet
  facet normal 0.99619 0.0872073 0
    outer loop
      vertex 34.4456 76.8791 2.4
      vertex 34.4 77.4 0
      vertex 34.4 77.4 2.4
    endloop
  endfacet
  facet normal 0.99619 0.0872073 0
    outer loop
      vertex 34.4 77.4 0
      vertex 34.4456 76.8791 2.4
      vertex 34.4456 76.8791 0
    endloop
  endfacet
  facet normal 0.819124 0.573616 0
    outer loop
      vertex 35.1019 75.4716 2.4
      vertex 34.8019 75.9 0
      vertex 34.8019 75.9 2.4
    endloop
  endfacet
  facet normal 0.819124 0.573616 0
    outer loop
      vertex 34.8019 75.9 0
      vertex 35.1019 75.4716 2.4
      vertex 35.1019 75.4716 0
    endloop
  endfacet
  facet normal -0.965958 -0.258698 0
    outer loop
      vertex 40.3544 77.9209 0
      vertex 40.2191 78.4261 2.4
      vertex 40.2191 78.4261 0
    endloop
  endfacet
  facet normal -0.965958 -0.258698 0
    outer loop
      vertex 40.2191 78.4261 2.4
      vertex 40.3544 77.9209 0
      vertex 40.3544 77.9209 2.4
    endloop
  endfacet
  facet normal 0.965958 -0.258698 0
    outer loop
      vertex 34.4456 77.9209 2.4
      vertex 34.5809 78.4261 0
      vertex 34.5809 78.4261 2.4
    endloop
  endfacet
  facet normal 0.965958 -0.258698 0
    outer loop
      vertex 34.5809 78.4261 0
      vertex 34.4456 77.9209 2.4
      vertex 34.4456 77.9209 0
    endloop
  endfacet
  facet normal 0.258698 -0.965958 0
    outer loop
      vertex 36.3739 80.2191 0
      vertex 36.8791 80.3544 2.4
      vertex 36.3739 80.2191 2.4
    endloop
  endfacet
  facet normal 0.258698 -0.965958 0
    outer loop
      vertex 36.8791 80.3544 2.4
      vertex 36.3739 80.2191 0
      vertex 36.8791 80.3544 0
    endloop
  endfacet
  facet normal -0.819124 0.573616 0
    outer loop
      vertex 39.6981 75.4716 0
      vertex 39.9981 75.9 2.4
      vertex 39.9981 75.9 0
    endloop
  endfacet
  facet normal -0.819124 0.573616 0
    outer loop
      vertex 39.9981 75.9 2.4
      vertex 39.6981 75.4716 0
      vertex 39.6981 75.4716 2.4
    endloop
  endfacet
  facet normal -0.906295 0.422645 0
    outer loop
      vertex 39.9981 75.9 0
      vertex 40.2191 76.3739 2.4
      vertex 40.2191 76.3739 0
    endloop
  endfacet
  facet normal -0.906295 0.422645 0
    outer loop
      vertex 40.2191 76.3739 2.4
      vertex 39.9981 75.9 0
      vertex 39.9981 75.9 2.4
    endloop
  endfacet
  facet normal -0.258698 0.965958 0
    outer loop
      vertex 38.4261 74.5809 0
      vertex 37.9209 74.4456 2.4
      vertex 38.4261 74.5809 2.4
    endloop
  endfacet
  facet normal -0.258698 0.965958 0
    outer loop
      vertex 37.9209 74.4456 2.4
      vertex 38.4261 74.5809 0
      vertex 37.9209 74.4456 0
    endloop
  endfacet
  facet normal -0.707107 0.707107 0
    outer loop
      vertex 39.6981 75.4716 0
      vertex 39.3284 75.1019 2.4
      vertex 39.6981 75.4716 2.4
    endloop
  endfacet
  facet normal -0.707107 0.707107 0
    outer loop
      vertex 39.3284 75.1019 2.4
      vertex 39.6981 75.4716 0
      vertex 39.3284 75.1019 0
    endloop
  endfacet
  facet normal 0.422645 0.906295 -0
    outer loop
      vertex 36.3739 74.5809 0
      vertex 35.9 74.8019 2.4
      vertex 36.3739 74.5809 2.4
    endloop
  endfacet
  facet normal 0.422645 0.906295 0
    outer loop
      vertex 35.9 74.8019 2.4
      vertex 36.3739 74.5809 0
      vertex 35.9 74.8019 0
    endloop
  endfacet
  facet normal 0.573616 0.819124 -0
    outer loop
      vertex 35.9 74.8019 0
      vertex 35.4716 75.1019 2.4
      vertex 35.9 74.8019 2.4
    endloop
  endfacet
  facet normal 0.573616 0.819124 0
    outer loop
      vertex 35.4716 75.1019 2.4
      vertex 35.9 74.8019 0
      vertex 35.4716 75.1019 0
    endloop
  endfacet
  facet normal 0.965958 0.258698 0
    outer loop
      vertex 34.5809 76.3739 2.4
      vertex 34.4456 76.8791 0
      vertex 34.4456 76.8791 2.4
    endloop
  endfacet
  facet normal 0.965958 0.258698 0
    outer loop
      vertex 34.4456 76.8791 0
      vertex 34.5809 76.3739 2.4
      vertex 34.5809 76.3739 0
    endloop
  endfacet
  facet normal 0.258698 0.965958 -0
    outer loop
      vertex 36.8791 74.4456 0
      vertex 36.3739 74.5809 2.4
      vertex 36.8791 74.4456 2.4
    endloop
  endfacet
  facet normal 0.258698 0.965958 0
    outer loop
      vertex 36.3739 74.5809 2.4
      vertex 36.8791 74.4456 0
      vertex 36.3739 74.5809 0
    endloop
  endfacet
  facet normal 0 -0.0871527 0.996195
    outer loop
      vertex 72.4 122.921 9.44558
      vertex 74.8 122.4 9.4
      vertex 74.8 122.921 9.44558
    endloop
  endfacet
  facet normal 0 -0.0871527 0.996195
    outer loop
      vertex 74.8 122.4 9.4
      vertex 72.4 122.921 9.44558
      vertex 72.4 122.4 9.4
    endloop
  endfacet
  facet normal 0 -0.0871907 -0.996192
    outer loop
      vertex 72.4 122.4 15.4
      vertex 74.8 122.921 15.3544
      vertex 74.8 122.4 15.4
    endloop
  endfacet
  facet normal -0 -0.0871907 -0.996192
    outer loop
      vertex 74.8 122.921 15.3544
      vertex 72.4 122.4 15.4
      vertex 72.4 122.921 15.3544
    endloop
  endfacet
  facet normal 0 0.996123 -0.0879664
    outer loop
      vertex 74.8 119.4 12.4
      vertex 72.4 119.446 12.9209
      vertex 74.8 119.446 12.9209
    endloop
  endfacet
  facet normal 0 0.996123 -0.0879664
    outer loop
      vertex 72.4 119.446 12.9209
      vertex 74.8 119.4 12.4
      vertex 72.4 119.4 12.4
    endloop
  endfacet
  facet normal 0 0.70682 -0.707394
    outer loop
      vertex 74.8 120.102 14.3284
      vertex 72.4 120.472 14.6981
      vertex 74.8 120.472 14.6981
    endloop
  endfacet
  facet normal 0 0.70682 -0.707394
    outer loop
      vertex 72.4 120.472 14.6981
      vertex 74.8 120.102 14.3284
      vertex 72.4 120.102 14.3284
    endloop
  endfacet
  facet normal 0 -0.819124 -0.573616
    outer loop
      vertex 72.4 124.998 13.9
      vertex 74.8 124.698 14.3284
      vertex 72.4 124.698 14.3284
    endloop
  endfacet
  facet normal 0 -0.819124 -0.573616
    outer loop
      vertex 74.8 124.698 14.3284
      vertex 72.4 124.998 13.9
      vertex 74.8 124.998 13.9
    endloop
  endfacet
  facet normal 0 -0.966102 -0.258163
    outer loop
      vertex 72.4 125.354 12.9209
      vertex 74.8 125.219 13.4261
      vertex 72.4 125.219 13.4261
    endloop
  endfacet
  facet normal 0 -0.966102 -0.258163
    outer loop
      vertex 74.8 125.219 13.4261
      vertex 72.4 125.354 12.9209
      vertex 74.8 125.354 12.9209
    endloop
  endfacet
  facet normal 0 0.258793 -0.965933
    outer loop
      vertex 72.4 121.374 15.2191
      vertex 74.8 121.879 15.3544
      vertex 74.8 121.374 15.2191
    endloop
  endfacet
  facet normal 0 0.258793 -0.965933
    outer loop
      vertex 74.8 121.879 15.3544
      vertex 72.4 121.374 15.2191
      vertex 72.4 121.879 15.3544
    endloop
  endfacet
  facet normal 0 -0.258865 0.965914
    outer loop
      vertex 72.4 123.426 9.58092
      vertex 74.8 122.921 9.44558
      vertex 74.8 123.426 9.58092
    endloop
  endfacet
  facet normal 0 -0.258865 0.965914
    outer loop
      vertex 74.8 122.921 9.44558
      vertex 72.4 123.426 9.58092
      vertex 72.4 122.921 9.44558
    endloop
  endfacet
  facet normal 0 -0.57395 0.81889
    outer loop
      vertex 72.4 124.328 10.1019
      vertex 74.8 123.9 9.80192
      vertex 74.8 124.328 10.1019
    endloop
  endfacet
  facet normal 0 -0.57395 0.81889
    outer loop
      vertex 74.8 123.9 9.80192
      vertex 72.4 124.328 10.1019
      vertex 72.4 123.9 9.80192
    endloop
  endfacet
  facet normal 0 -0.966102 0.258163
    outer loop
      vertex 72.4 125.219 11.3739
      vertex 74.8 125.354 11.8791
      vertex 72.4 125.354 11.8791
    endloop
  endfacet
  facet normal 0 -0.966102 0.258163
    outer loop
      vertex 74.8 125.354 11.8791
      vertex 72.4 125.219 11.3739
      vertex 74.8 125.219 11.3739
    endloop
  endfacet
  facet normal 0 -0.819124 0.573616
    outer loop
      vertex 72.4 124.698 10.4716
      vertex 74.8 124.998 10.9
      vertex 72.4 124.998 10.9
    endloop
  endfacet
  facet normal 0 -0.819124 0.573616
    outer loop
      vertex 74.8 124.998 10.9
      vertex 72.4 124.698 10.4716
      vertex 74.8 124.698 10.4716
    endloop
  endfacet
  facet normal 0 -0.573976 -0.818872
    outer loop
      vertex 72.4 123.9 14.9981
      vertex 74.8 124.328 14.6981
      vertex 74.8 123.9 14.9981
    endloop
  endfacet
  facet normal -0 -0.573976 -0.818872
    outer loop
      vertex 74.8 124.328 14.6981
      vertex 72.4 123.9 14.9981
      vertex 72.4 124.328 14.6981
    endloop
  endfacet
  facet normal 0 -0.70682 -0.707394
    outer loop
      vertex 72.4 124.328 14.6981
      vertex 74.8 124.698 14.3284
      vertex 74.8 124.328 14.6981
    endloop
  endfacet
  facet normal -0 -0.70682 -0.707394
    outer loop
      vertex 74.8 124.698 14.3284
      vertex 72.4 124.328 14.6981
      vertex 72.4 124.698 14.3284
    endloop
  endfacet
  facet normal 0 -0.906295 -0.422645
    outer loop
      vertex 72.4 125.219 13.4261
      vertex 74.8 124.998 13.9
      vertex 72.4 124.998 13.9
    endloop
  endfacet
  facet normal 0 -0.906295 -0.422645
    outer loop
      vertex 74.8 124.998 13.9
      vertex 72.4 125.219 13.4261
      vertex 74.8 125.219 13.4261
    endloop
  endfacet
  facet normal 0 -0.996123 -0.0879664
    outer loop
      vertex 72.4 125.4 12.4
      vertex 74.8 125.354 12.9209
      vertex 72.4 125.354 12.9209
    endloop
  endfacet
  facet normal 0 -0.996123 -0.0879664
    outer loop
      vertex 74.8 125.354 12.9209
      vertex 72.4 125.4 12.4
      vertex 74.8 125.4 12.4
    endloop
  endfacet
  facet normal -0 0.0871527 0.996195
    outer loop
      vertex 72.4 122.4 9.4
      vertex 74.8 121.879 9.44558
      vertex 74.8 122.4 9.4
    endloop
  endfacet
  facet normal 0 0.0871527 0.996195
    outer loop
      vertex 74.8 121.879 9.44558
      vertex 72.4 122.4 9.4
      vertex 72.4 121.879 9.44558
    endloop
  endfacet
  facet normal 0 0.966102 0.258163
    outer loop
      vertex 74.8 119.581 11.3739
      vertex 72.4 119.446 11.8791
      vertex 74.8 119.446 11.8791
    endloop
  endfacet
  facet normal 0 0.966102 0.258163
    outer loop
      vertex 72.4 119.446 11.8791
      vertex 74.8 119.581 11.3739
      vertex 72.4 119.581 11.3739
    endloop
  endfacet
  facet normal 0 0.996123 0.0879664
    outer loop
      vertex 74.8 119.446 11.8791
      vertex 72.4 119.4 12.4
      vertex 74.8 119.4 12.4
    endloop
  endfacet
  facet normal 0 0.996123 0.0879664
    outer loop
      vertex 72.4 119.4 12.4
      vertex 74.8 119.446 11.8791
      vertex 72.4 119.446 11.8791
    endloop
  endfacet
  facet normal 0 0.819124 0.573616
    outer loop
      vertex 74.8 120.102 10.4716
      vertex 72.4 119.802 10.9
      vertex 74.8 119.802 10.9
    endloop
  endfacet
  facet normal 0 0.819124 0.573616
    outer loop
      vertex 72.4 119.802 10.9
      vertex 74.8 120.102 10.4716
      vertex 72.4 120.102 10.4716
    endloop
  endfacet
  facet normal -0 0.422571 0.90633
    outer loop
      vertex 72.4 121.374 9.58092
      vertex 74.8 120.9 9.80192
      vertex 74.8 121.374 9.58092
    endloop
  endfacet
  facet normal 0 0.422571 0.90633
    outer loop
      vertex 74.8 120.9 9.80192
      vertex 72.4 121.374 9.58092
      vertex 72.4 120.9 9.80192
    endloop
  endfacet
  facet normal 0 0.906295 -0.422645
    outer loop
      vertex 74.8 119.581 13.4261
      vertex 72.4 119.802 13.9
      vertex 74.8 119.802 13.9
    endloop
  endfacet
  facet normal 0 0.906295 -0.422645
    outer loop
      vertex 72.4 119.802 13.9
      vertex 74.8 119.581 13.4261
      vertex 72.4 119.581 13.4261
    endloop
  endfacet
  facet normal 0 0.819124 -0.573616
    outer loop
      vertex 74.8 119.802 13.9
      vertex 72.4 120.102 14.3284
      vertex 74.8 120.102 14.3284
    endloop
  endfacet
  facet normal 0 0.819124 -0.573616
    outer loop
      vertex 72.4 120.102 14.3284
      vertex 74.8 119.802 13.9
      vertex 72.4 119.802 13.9
    endloop
  endfacet
  facet normal 0 0.966102 -0.258163
    outer loop
      vertex 74.8 119.446 12.9209
      vertex 72.4 119.581 13.4261
      vertex 74.8 119.581 13.4261
    endloop
  endfacet
  facet normal 0 0.966102 -0.258163
    outer loop
      vertex 72.4 119.581 13.4261
      vertex 74.8 119.446 12.9209
      vertex 72.4 119.446 12.9209
    endloop
  endfacet
  facet normal 0 0.0871907 -0.996192
    outer loop
      vertex 72.4 121.879 15.3544
      vertex 74.8 122.4 15.4
      vertex 74.8 121.879 15.3544
    endloop
  endfacet
  facet normal 0 0.0871907 -0.996192
    outer loop
      vertex 74.8 122.4 15.4
      vertex 72.4 121.879 15.3544
      vertex 72.4 122.4 15.4
    endloop
  endfacet
  facet normal 0 -0.422571 0.90633
    outer loop
      vertex 72.4 123.9 9.80192
      vertex 74.8 123.426 9.58092
      vertex 74.8 123.9 9.80192
    endloop
  endfacet
  facet normal 0 -0.422571 0.90633
    outer loop
      vertex 74.8 123.426 9.58092
      vertex 72.4 123.9 9.80192
      vertex 72.4 123.426 9.58092
    endloop
  endfacet
  facet normal 0 -0.70682 0.707394
    outer loop
      vertex 72.4 124.698 10.4716
      vertex 74.8 124.328 10.1019
      vertex 74.8 124.698 10.4716
    endloop
  endfacet
  facet normal 0 -0.70682 0.707394
    outer loop
      vertex 74.8 124.328 10.1019
      vertex 72.4 124.698 10.4716
      vertex 72.4 124.328 10.1019
    endloop
  endfacet
  facet normal 0 -0.996123 0.0879664
    outer loop
      vertex 72.4 125.354 11.8791
      vertex 74.8 125.4 12.4
      vertex 72.4 125.4 12.4
    endloop
  endfacet
  facet normal 0 -0.996123 0.0879664
    outer loop
      vertex 74.8 125.4 12.4
      vertex 72.4 125.354 11.8791
      vertex 74.8 125.354 11.8791
    endloop
  endfacet
  facet normal 0 -0.906295 0.422645
    outer loop
      vertex 72.4 124.998 10.9
      vertex 74.8 125.219 11.3739
      vertex 72.4 125.219 11.3739
    endloop
  endfacet
  facet normal 0 -0.906295 0.422645
    outer loop
      vertex 74.8 125.219 11.3739
      vertex 72.4 124.998 10.9
      vertex 74.8 124.998 10.9
    endloop
  endfacet
  facet normal 0 -0.258793 -0.965933
    outer loop
      vertex 72.4 122.921 15.3544
      vertex 74.8 123.426 15.2191
      vertex 74.8 122.921 15.3544
    endloop
  endfacet
  facet normal -0 -0.258793 -0.965933
    outer loop
      vertex 74.8 123.426 15.2191
      vertex 72.4 122.921 15.3544
      vertex 72.4 123.426 15.2191
    endloop
  endfacet
  facet normal 0 0.70682 0.707394
    outer loop
      vertex 74.8 120.472 10.1019
      vertex 72.4 120.102 10.4716
      vertex 74.8 120.102 10.4716
    endloop
  endfacet
  facet normal 0 0.70682 0.707394
    outer loop
      vertex 72.4 120.102 10.4716
      vertex 74.8 120.472 10.1019
      vertex 72.4 120.472 10.1019
    endloop
  endfacet
  facet normal -0 0.258865 0.965914
    outer loop
      vertex 72.4 121.879 9.44558
      vertex 74.8 121.374 9.58092
      vertex 74.8 121.879 9.44558
    endloop
  endfacet
  facet normal 0 0.258865 0.965914
    outer loop
      vertex 74.8 121.374 9.58092
      vertex 72.4 121.879 9.44558
      vertex 72.4 121.374 9.58092
    endloop
  endfacet
  facet normal -0 0.57395 0.81889
    outer loop
      vertex 72.4 120.9 9.80192
      vertex 74.8 120.472 10.1019
      vertex 74.8 120.9 9.80192
    endloop
  endfacet
  facet normal 0 0.57395 0.81889
    outer loop
      vertex 74.8 120.472 10.1019
      vertex 72.4 120.9 9.80192
      vertex 72.4 120.472 10.1019
    endloop
  endfacet
  facet normal 0 0.573976 -0.818872
    outer loop
      vertex 72.4 120.472 14.6981
      vertex 74.8 120.9 14.9981
      vertex 74.8 120.472 14.6981
    endloop
  endfacet
  facet normal 0 0.573976 -0.818872
    outer loop
      vertex 74.8 120.9 14.9981
      vertex 72.4 120.472 14.6981
      vertex 72.4 120.9 14.9981
    endloop
  endfacet
  facet normal 0 0.422571 -0.90633
    outer loop
      vertex 72.4 120.9 14.9981
      vertex 74.8 121.374 15.2191
      vertex 74.8 120.9 14.9981
    endloop
  endfacet
  facet normal 0 0.422571 -0.90633
    outer loop
      vertex 74.8 121.374 15.2191
      vertex 72.4 120.9 14.9981
      vertex 72.4 121.374 15.2191
    endloop
  endfacet
  facet normal 0 -0.422571 -0.90633
    outer loop
      vertex 72.4 123.426 15.2191
      vertex 74.8 123.9 14.9981
      vertex 74.8 123.426 15.2191
    endloop
  endfacet
  facet normal -0 -0.422571 -0.90633
    outer loop
      vertex 74.8 123.9 14.9981
      vertex 72.4 123.426 15.2191
      vertex 72.4 123.9 14.9981
    endloop
  endfacet
  facet normal 0 0.906295 0.422645
    outer loop
      vertex 74.8 119.802 10.9
      vertex 72.4 119.581 11.3739
      vertex 74.8 119.581 11.3739
    endloop
  endfacet
  facet normal 0 0.906295 0.422645
    outer loop
      vertex 72.4 119.581 11.3739
      vertex 74.8 119.802 10.9
      vertex 72.4 119.802 10.9
    endloop
  endfacet
endsolid OpenSCAD_Model
